
                        S T E P       7


                                INCREMENT     6


 displacements (vx,vy,vz) for set ALLN and time  0.7000000E+01

         1  0.000000E+00  0.000000E+00  0.000000E+00
         2 -2.000000E-05  0.000000E+00  0.000000E+00
         3 -4.000000E-05  0.000000E+00  0.000000E+00
         4 -6.000000E-05  0.000000E+00  0.000000E+00
         5 -8.000000E-05  0.000000E+00  0.000000E+00
         6 -1.000000E-04  0.000000E+00  0.000000E+00
         7 -1.200000E-04  0.000000E+00  0.000000E+00
         8 -1.400000E-04  0.000000E+00  0.000000E+00
         9 -1.600000E-04  0.000000E+00  0.000000E+00
        10 -1.800000E-04  0.000000E+00  0.000000E+00
        11 -2.000000E-04  0.000000E+00  0.000000E+00
        12  0.000000E+00  5.961752E-06  0.000000E+00
        13 -2.000000E-05  5.961752E-06  0.000000E+00
        14 -4.000000E-05  5.961752E-06  0.000000E+00
        15 -6.000000E-05  5.961752E-06  0.000000E+00
        16 -8.000000E-05  5.961752E-06  0.000000E+00
        17 -1.000000E-04  5.961752E-06  0.000000E+00
        18 -1.200000E-04  5.961752E-06  0.000000E+00
        19 -1.400000E-04  5.961752E-06  0.000000E+00
        20 -1.600000E-04  5.961752E-06  0.000000E+00
        21 -1.800000E-04  5.961752E-06  0.000000E+00
        22 -2.000000E-04  5.961752E-06  0.000000E+00
        23  0.000000E+00  2.047702E-05  0.000000E+00
        24 -2.000000E-05  2.047702E-05  0.000000E+00
        25 -4.000000E-05  2.047702E-05  0.000000E+00
        26 -6.000000E-05  2.047702E-05  0.000000E+00
        27 -8.000000E-05  2.047702E-05  0.000000E+00
        28 -1.000000E-04  2.047702E-05  0.000000E+00
        29 -1.200000E-04  2.047702E-05  0.000000E+00
        30 -1.400000E-04  2.047702E-05  0.000000E+00
        31 -1.600000E-04  2.047702E-05  0.000000E+00
        32 -1.800000E-04  2.047702E-05  0.000000E+00
        33 -2.000000E-04  2.047702E-05  0.000000E+00
        34  0.000000E+00  0.000000E+00  2.636374E-05
        35 -2.000000E-05  0.000000E+00  2.636374E-05
        36 -4.000000E-05  0.000000E+00  2.636374E-05
        37 -6.000000E-05  0.000000E+00  2.636374E-05
        38 -8.000000E-05  0.000000E+00  2.636374E-05
        39 -1.000000E-04  0.000000E+00  2.636374E-05
        40 -1.200000E-04  0.000000E+00  2.636374E-05
        41 -1.400000E-04  0.000000E+00  2.636374E-05
        42 -1.600000E-04  0.000000E+00  2.636374E-05
        43 -1.800000E-04  0.000000E+00  2.636374E-05
        44 -2.000000E-04  0.000000E+00  2.636374E-05
        45  0.000000E+00 -2.704280E-05  9.978447E-06
        46 -2.000000E-05 -2.704280E-05  9.978447E-06
        47 -4.000000E-05 -2.704280E-05  9.978447E-06
        48 -6.000000E-05 -2.704280E-05  9.978447E-06
        49 -8.000000E-05 -2.704280E-05  9.978447E-06
        50 -1.000000E-04 -2.704280E-05  9.978447E-06
        51 -1.200000E-04 -2.704280E-05  9.978447E-06
        52 -1.400000E-04 -2.704280E-05  9.978447E-06
        53 -1.600000E-04 -2.704280E-05  9.978447E-06
        54 -1.800000E-04 -2.704280E-05  9.978447E-06
        55 -2.000000E-04 -2.704280E-05  9.978447E-06
        56  0.000000E+00 -2.525398E-05  1.085573E-04
        57 -2.000000E-05 -2.525398E-05  1.085573E-04
        58 -4.000000E-05 -2.525398E-05  1.085573E-04
        59 -6.000000E-05 -2.525398E-05  1.085573E-04
        60 -8.000000E-05 -2.525398E-05  1.085573E-04
        61 -1.000000E-04 -2.525398E-05  1.085573E-04
        62 -1.200000E-04 -2.525398E-05  1.085573E-04
        63 -1.400000E-04 -2.525398E-05  1.085573E-04
        64 -1.600000E-04 -2.525398E-05  1.085573E-04
        65 -1.800000E-04 -2.525398E-05  1.085573E-04
        66 -2.000000E-04 -2.525398E-05  1.085573E-04
        67  0.000000E+00  0.000000E+00  7.028724E-05
        68 -2.000000E-05  0.000000E+00  7.028724E-05
        69 -4.000000E-05  0.000000E+00  7.028724E-05
        70 -6.000000E-05  0.000000E+00  7.028724E-05
        71 -8.000000E-05  0.000000E+00  7.028724E-05
        72 -1.000000E-04  0.000000E+00  7.028724E-05
        73 -1.200000E-04  0.000000E+00  7.028724E-05
        74 -1.400000E-04  0.000000E+00  7.028724E-05
        75 -1.600000E-04  0.000000E+00  7.028724E-05
        76 -1.800000E-04  0.000000E+00  7.028724E-05
        77 -2.000000E-04  0.000000E+00  7.028724E-05
        78  0.000000E+00 -8.403571E-05  3.910946E-05
        79 -2.000000E-05 -8.403571E-05  3.910946E-05
        80 -4.000000E-05 -8.403571E-05  3.910946E-05
        81 -6.000000E-05 -8.403571E-05  3.910946E-05
        82 -8.000000E-05 -8.403571E-05  3.910946E-05
        83 -1.000000E-04 -8.403571E-05  3.910946E-05
        84 -1.200000E-04 -8.403571E-05  3.910946E-05
        85 -1.400000E-04 -8.403571E-05  3.910946E-05
        86 -1.600000E-04 -8.403571E-05  3.910946E-05
        87 -1.800000E-04 -8.403571E-05  3.910946E-05
        88 -2.000000E-04 -8.403571E-05  3.910946E-05
        89  0.000000E+00 -2.528433E-04  2.143948E-04
        90 -2.000000E-05 -2.528433E-04  2.143948E-04
        91 -4.000000E-05 -2.528433E-04  2.143948E-04
        92 -6.000000E-05 -2.528433E-04  2.143948E-04
        93 -8.000000E-05 -2.528433E-04  2.143948E-04
        94 -1.000000E-04 -2.528433E-04  2.143948E-04
        95 -1.200000E-04 -2.528433E-04  2.143948E-04
        96 -1.400000E-04 -2.528433E-04  2.143948E-04
        97 -1.600000E-04 -2.528433E-04  2.143948E-04
        98 -1.800000E-04 -2.528433E-04  2.143948E-04
        99 -2.000000E-04 -2.528433E-04  2.143948E-04
       100  0.000000E+00  0.000000E+00 -4.628844E-03
       101 -2.000000E-05  0.000000E+00 -4.628844E-03
       102 -4.000000E-05  0.000000E+00 -4.628844E-03
       103 -6.000000E-05  0.000000E+00 -4.628844E-03
       104 -8.000000E-05  0.000000E+00 -4.628844E-03
       105 -1.000000E-04  0.000000E+00 -4.628844E-03
       106 -1.200000E-04  0.000000E+00 -4.628844E-03
       107 -1.400000E-04  0.000000E+00 -4.628844E-03
       108 -1.600000E-04  0.000000E+00 -4.628844E-03
       109 -1.800000E-04  0.000000E+00 -4.628844E-03
       110 -2.000000E-04  0.000000E+00 -4.628844E-03
       111  0.000000E+00 -3.025667E-03 -4.622639E-03
       112 -2.000000E-05 -3.025667E-03 -4.622639E-03
       113 -4.000000E-05 -3.025667E-03 -4.622639E-03
       114 -6.000000E-05 -3.025667E-03 -4.622639E-03
       115 -8.000000E-05 -3.025667E-03 -4.622639E-03
       116 -1.000000E-04 -3.025667E-03 -4.622639E-03
       117 -1.200000E-04 -3.025667E-03 -4.622639E-03
       118 -1.400000E-04 -3.025667E-03 -4.622639E-03
       119 -1.600000E-04 -3.025667E-03 -4.622639E-03
       120 -1.800000E-04 -3.025667E-03 -4.622639E-03
       121 -2.000000E-04 -3.025667E-03 -4.622639E-03
       122  0.000000E+00 -6.269899E-03 -4.373776E-03
       123 -2.000000E-05 -6.269899E-03 -4.373776E-03
       124 -4.000000E-05 -6.269899E-03 -4.373776E-03
       125 -6.000000E-05 -6.269899E-03 -4.373776E-03
       126 -8.000000E-05 -6.269899E-03 -4.373776E-03
       127 -1.000000E-04 -6.269899E-03 -4.373776E-03
       128 -1.200000E-04 -6.269899E-03 -4.373776E-03
       129 -1.400000E-04 -6.269899E-03 -4.373776E-03
       130 -1.600000E-04 -6.269899E-03 -4.373776E-03
       131 -1.800000E-04 -6.269899E-03 -4.373776E-03
       132 -2.000000E-04 -6.269899E-03 -4.373776E-03
       133  0.000000E+00  0.000000E+00 -6.559534E-03
       134  7.300672E-17  0.000000E+00 -6.559534E-03
       135  2.519188E-17  0.000000E+00 -6.559534E-03
       136  9.642501E-18  0.000000E+00 -6.559534E-03
       137  1.007926E-16  0.000000E+00 -6.559534E-03
       138  7.288376E-17  0.000000E+00 -6.559534E-03
       139  2.934472E-17  0.000000E+00 -6.559534E-03
       140  6.160793E-17  0.000000E+00 -6.559534E-03
       141  9.750079E-18  0.000000E+00 -6.559534E-03
       142  5.143273E-17  0.000000E+00 -6.559534E-03
       143 -2.000000E-04  0.000000E+00 -6.559534E-03
       144  0.000000E+00 -3.288819E-03 -6.486741E-03
       145  2.418937E-17 -3.288819E-03 -6.486741E-03
       146  1.172621E-16 -3.288819E-03 -6.486741E-03
       147  5.967758E-17 -3.288819E-03 -6.486741E-03
       148  5.153469E-17 -3.288819E-03 -6.486741E-03
       149  6.760994E-17 -3.288819E-03 -6.486741E-03
       150  8.028410E-17 -3.288819E-03 -6.486741E-03
       151  3.740552E-17 -3.288819E-03 -6.486741E-03
       152  4.940037E-17 -3.288819E-03 -6.486741E-03
       153  4.531643E-18 -3.288819E-03 -6.486741E-03
       154 -2.000000E-04 -3.288819E-03 -6.486741E-03
       155  0.000000E+00 -6.676059E-03 -6.116487E-03
       156  1.142650E-16 -6.676059E-03 -6.116487E-03
       157  1.490269E-16 -6.676059E-03 -6.116487E-03
       158  9.507980E-17 -6.676059E-03 -6.116487E-03
       159  9.271074E-18 -6.676059E-03 -6.116487E-03
       160  2.248476E-17 -6.676059E-03 -6.116487E-03
       161  9.654924E-17 -6.676059E-03 -6.116487E-03
       162  1.121198E-16 -6.676059E-03 -6.116487E-03
       163 -2.306003E-18 -6.676059E-03 -6.116487E-03
       164 -4.863157E-17 -6.676059E-03 -6.116487E-03
       165 -2.000000E-04 -6.676059E-03 -6.116487E-03

 forces (fx,fy,fz) for set ALLN and time  0.7000000E+01

         1 -3.604452E+00  2.345095E+00  2.452737E+00
         2  8.851147E-13  4.690190E+00  4.905474E+00
         3  6.518772E-13  4.690190E+00  4.905474E+00
         4 -4.212226E-13  4.690190E+00  4.905474E+00
         5  1.520737E-12  4.690190E+00  4.905474E+00
         6 -1.289449E-12  4.690190E+00  4.905474E+00
         7 -1.955259E-13  4.690190E+00  4.905474E+00
         8  2.183586E-12  4.690190E+00  4.905474E+00
         9 -1.116374E-12  4.690190E+00  4.905474E+00
        10 -2.310212E-12  4.690190E+00  4.905474E+00
        11  3.604452E+00  2.345095E+00  2.452737E+00
        12 -7.718815E+00  3.339708E-12  2.143176E+00
        13 -3.383230E-12  4.929546E-12  4.286353E+00
        14  2.902802E-12  2.588537E-12  4.286353E+00
        15 -4.079198E-12  1.907532E-12  4.286353E+00
        16  9.665076E-13  1.545958E-12  4.286353E+00
        17  2.064280E-12 -5.561543E-13  4.286353E+00
        18  1.015596E-12  1.270157E-13  4.286353E+00
        19  2.224381E-12 -1.132202E-12  4.286353E+00
        20 -1.838976E-13 -2.403848E-12  4.286353E+00
        21 -6.871930E-13 -2.338225E-13  4.286353E+00
        22  7.718815E+00  1.933640E-12  2.143176E+00
        23 -4.924116E+00 -2.749683E-12 -4.595913E+00
        24  1.470137E-12 -3.580069E-12 -9.191827E+00
        25 -6.350551E-12 -2.371982E-12 -9.191827E+00
        26  3.000983E-12  6.704515E-13 -9.191827E+00
        27 -2.895677E-12 -3.102911E-14 -9.191827E+00
        28  6.158730E-12 -1.728468E-12 -9.191827E+00
        29 -1.864299E-12 -2.797412E-12 -9.191827E+00
        30  5.511380E-13 -2.921184E-12 -9.191827E+00
        31 -7.858637E-13 -2.340896E-12 -9.191827E+00
        32  6.747114E-13 -3.017794E-12 -9.191827E+00
        33  4.924116E+00 -2.275097E-12 -4.595913E+00
        34 -7.041680E+00  5.236935E+00  1.015571E-11
        35 -6.089199E-12  1.047387E+01  1.395380E-11
        36  7.053438E-12  1.047387E+01  6.318810E-12
        37 -2.576116E-12  1.047387E+01  2.306185E-12
        38 -5.785382E-13  1.047387E+01 -2.870657E-13
        39  2.264274E-12  1.047387E+01 -1.389840E-11
        40 -6.153767E-12  1.047387E+01  1.167674E-12
        41  9.023173E-12  1.047387E+01 -2.305196E-11
        42 -6.347131E-12  1.047387E+01 -1.264511E-11
        43  2.902157E-12  1.047387E+01 -3.682122E-12
        44  7.041680E+00  5.236935E+00  8.829162E-13
        45 -1.479716E+01  6.252124E-12 -1.066518E-11
        46 -4.574528E-12  4.859194E-12  5.991752E-14
        47  1.045932E-11  1.276626E-11 -6.988027E-12
        48 -6.818161E-12  4.701114E-12 -2.268235E-12
        49  3.834101E-12  1.023793E-11 -3.086359E-12
        50  4.418912E-12  1.371242E-11 -1.241700E-11
        51 -7.590313E-12  1.209850E-11 -1.167644E-11
        52 -7.979025E-13 -9.204537E-12 -2.321480E-11
        53  5.283741E-12 -3.105298E-12 -2.521499E-11
        54  2.055284E-12  1.570744E-11 -1.906169E-11
        55  1.479716E+01  7.921248E-12 -1.113530E-11
        56 -9.209634E+00 -5.650095E-12  9.264064E-13
        57 -7.846361E-13 -2.475627E-12  8.665869E-12
        58  1.707307E-13 -1.123518E-11  9.505153E-12
        59 -2.646916E-13 -4.659315E-12  1.168353E-11
        60 -4.529719E-13 -4.417911E-12  9.278121E-12
        61  2.858639E-12 -1.518688E-11  1.127217E-11
        62 -4.554100E-12 -1.052385E-11  7.338505E-12
        63 -9.345552E-13  7.915039E-12  5.621961E-12
        64  5.656446E-12  1.982233E-13  8.209143E-12
        65  1.399224E-12 -1.557172E-11  7.604110E-13
        66  9.209634E+00 -8.356041E-12 -4.411727E-13
        67 -1.517078E+01 -3.372922E+00 -5.122132E-12
        68 -3.947127E-12 -6.745843E+00 -1.045756E-12
        69 -6.283121E-13 -6.745843E+00  3.792612E-12
        70  7.395741E-12 -6.745843E+00  9.343959E-13
        71 -2.164005E-12 -6.745843E+00  1.193036E-11
        72  3.501601E-13 -6.745843E+00  1.132248E-11
        73 -4.964800E-12 -6.745843E+00  2.138810E-12
        74  6.573211E-12 -6.745843E+00  1.119414E-11
        75 -8.613897E-12 -6.745843E+00  2.661174E-12
        76  5.208376E-12 -6.745843E+00 -9.850866E-14
        77  1.517078E+01 -3.372922E+00 -5.280384E-12
        78 -3.020882E+01  2.993163E-13 -3.513437E-12
        79  5.150601E-12 -4.095843E-12 -3.257477E-12
        80 -9.516325E-13 -1.854301E-12  9.983881E-12
        81  1.940351E-12 -1.337012E-13  1.167653E-11
        82  1.800028E-13 -5.633896E-12  7.455103E-12
        83 -4.702209E-12 -2.690187E-12 -4.744274E-12
        84  5.229971E-12 -2.330235E-12 -1.763152E-11
        85 -1.329403E-12  9.152513E-13  6.302034E-12
        86 -3.616739E-12  2.785541E-12  2.260933E-12
        87  2.550961E-12  2.379713E-12 -4.230553E-12
        88  3.020882E+01 -7.541277E-15 -1.226816E-12
        89 -1.624552E+01  4.436486E-13 -6.141844E-12
        90  4.576062E-12 -5.000991E-14 -1.606009E-11
        91 -9.448999E-13 -2.249733E-12 -6.181003E-12
        92 -6.452386E-13 -2.993081E-12 -1.060273E-12
        93 -5.057439E-13  3.148727E-13 -9.082301E-13
        94  8.539234E-13 -1.365984E-12 -1.144282E-11
        95 -1.321978E-12  9.251796E-13 -1.101010E-11
        96 -4.093962E-13 -1.028489E-12 -6.177975E-12
        97  3.221411E-12 -3.443243E-12 -2.315660E-12
        98 -2.326574E-12 -2.407526E-12 -7.386326E-12
        99  1.624552E+01 -8.230638E-13 -3.966279E-12
       100 -9.803483E+00 -4.209108E+00 -3.031843E-13
       101 -2.172313E-12 -8.418216E+00 -2.864965E-12
       102 -1.037025E-12 -8.418216E+00 -2.895384E-12
       103 -2.840913E-13 -8.418216E+00 -9.176553E-13
       104  1.332754E-12 -8.418216E+00 -4.823001E-12
       105  1.920472E-13 -8.418216E+00 -9.518290E-12
       106 -3.197195E-12 -8.418216E+00  3.654015E-12
       107  5.246115E-12 -8.418216E+00  8.157185E-13
       108 -1.848554E-13 -8.418216E+00 -8.764552E-13
       109 -2.279431E-12 -8.418216E+00  4.405591E-13
       110  9.803483E+00 -4.209108E+00  4.974606E-12
       111 -1.879904E+01  1.689249E-12  3.795276E-12
       112 -1.727698E-12 -5.565241E-12 -5.560278E-12
       113  2.015847E-12 -2.131117E-12 -1.590920E-11
       114 -3.892936E-12  1.124136E-12 -1.530026E-11
       115  2.166922E-12  2.473946E-12 -7.041074E-12
       116 -7.053823E-12 -1.621574E-12 -2.409124E-12
       117  1.927103E-12 -2.836553E-12  1.246645E-11
       118  4.129519E-12  2.702910E-12 -8.195017E-13
       119  8.665422E-13 -5.329197E-13 -1.978735E-12
       120  8.361174E-13  2.697040E-14 -2.871319E-12
       121  1.879904E+01  3.030629E-12 -7.406862E-13
       122 -9.573947E+00 -9.766285E-13  2.390182E-12
       123  2.017529E-12  1.169257E-12  6.021200E-12
       124  8.813507E-13 -2.048431E-12 -1.202257E-12
       125  8.361471E-13 -2.574121E-12 -3.539738E-12
       126 -1.094093E-13 -3.527974E-12 -2.644508E-12
       127 -1.249394E-12 -1.966384E-12 -1.103201E-12
       128 -1.513510E-12  1.172553E-12  1.081077E-12
       129  2.873493E-12 -1.422387E-12  3.451053E-12
       130 -3.211380E-12 -1.095592E-12 -6.751693E-12
       131  3.501390E-12 -4.750433E-12 -2.907309E-12
       132  9.573947E+00 -1.205288E-12 -3.826453E-13
       133  0.000000E+00  0.000000E+00  0.000000E+00
       134  0.000000E+00  0.000000E+00  0.000000E+00
       135  0.000000E+00  0.000000E+00  0.000000E+00
       136  0.000000E+00  0.000000E+00  0.000000E+00
       137  0.000000E+00  0.000000E+00  0.000000E+00
       138  0.000000E+00  0.000000E+00  0.000000E+00
       139  0.000000E+00  0.000000E+00  0.000000E+00
       140  0.000000E+00  0.000000E+00  0.000000E+00
       141  0.000000E+00  0.000000E+00  0.000000E+00
       142  0.000000E+00  0.000000E+00  0.000000E+00
       143  0.000000E+00  0.000000E+00  0.000000E+00
       144  0.000000E+00  0.000000E+00  0.000000E+00
       145  0.000000E+00  0.000000E+00  0.000000E+00
       146  0.000000E+00  0.000000E+00  0.000000E+00
       147  0.000000E+00  0.000000E+00  0.000000E+00
       148  0.000000E+00  0.000000E+00  0.000000E+00
       149  0.000000E+00  0.000000E+00  0.000000E+00
       150  0.000000E+00  0.000000E+00  0.000000E+00
       151  0.000000E+00  0.000000E+00  0.000000E+00
       152  0.000000E+00  0.000000E+00  0.000000E+00
       153  0.000000E+00  0.000000E+00  0.000000E+00
       154  0.000000E+00  0.000000E+00  0.000000E+00
       155  0.000000E+00  0.000000E+00  0.000000E+00
       156  0.000000E+00  0.000000E+00  0.000000E+00
       157  0.000000E+00  0.000000E+00  0.000000E+00
       158  0.000000E+00  0.000000E+00  0.000000E+00
       159  0.000000E+00  0.000000E+00  0.000000E+00
       160  0.000000E+00  0.000000E+00  0.000000E+00
       161  0.000000E+00  0.000000E+00  0.000000E+00
       162  0.000000E+00  0.000000E+00  0.000000E+00
       163  0.000000E+00  0.000000E+00  0.000000E+00
       164  0.000000E+00  0.000000E+00  0.000000E+00
       165  0.000000E+00  0.000000E+00  0.000000E+00

 stresses (elem, integ.pnt.,sxx,syy,szz,sxy,sxz,syz) for set ALLE and time  0.7000000E+01

         1   1  2.951254E+01 -1.307576E+01 -6.859596E+00 -1.052959E-12 -1.907618E-12 -1.156008E+00
         1   2  2.951254E+01 -1.307576E+01 -6.859596E+00 -2.947785E-12 -5.143795E-12 -1.156008E+00
         1   3  2.791415E+01 -1.467532E+01 -1.097148E+01 -2.036299E-12 -2.487973E-13 -3.686288E+00
         1   4  2.791415E+01 -1.467532E+01 -1.097148E+01 -3.931216E-12 -5.092207E-13 -3.686288E+00
         1   5  2.790264E+01 -1.721717E+01 -8.470639E+00 -5.935003E-13 -3.875566E-12 -1.784092E+00
         1   6  2.790264E+01 -1.721717E+01 -8.470639E+00 -9.957594E-13 -7.111848E-12 -1.784092E+00
         1   7  2.630426E+01 -1.881681E+01 -1.258259E+01 -1.814548E-12 -6.736796E-13 -4.314472E+00
         1   8  2.630426E+01 -1.881681E+01 -1.258259E+01 -2.216851E-12 -9.312429E-13 -4.314472E+00
         2   1  2.951254E+01 -1.307576E+01 -6.859596E+00 -1.831247E-12 -3.604857E-12 -1.156008E+00
         2   2  2.951254E+01 -1.307576E+01 -6.859596E+00  5.120575E-13  2.052654E-12 -1.156008E+00
         2   3  2.791415E+01 -1.467532E+01 -1.097148E+01 -2.241101E-13 -7.001428E-13 -3.686288E+00
         2   4  2.791415E+01 -1.467532E+01 -1.097148E+01  2.121525E-12 -3.275073E-13 -3.686288E+00
         2   5  2.790264E+01 -1.721717E+01 -8.470639E+00 -2.285980E-13 -3.821762E-12 -1.784092E+00
         2   6  2.790264E+01 -1.721717E+01 -8.470639E+00 -5.286416E-13  1.843226E-12 -1.784092E+00
         2   7  2.630426E+01 -1.881681E+01 -1.258259E+01  1.374597E-12 -1.741319E-12 -4.314472E+00
         2   8  2.630426E+01 -1.881681E+01 -1.258259E+01  1.078397E-12 -1.384211E-12 -4.314472E+00
         3   1  2.951254E+01 -1.307576E+01 -6.859596E+00  8.145192E-13  3.693069E-12 -1.156008E+00
         3   2  2.951254E+01 -1.307576E+01 -6.859596E+00 -3.532554E-13  2.447961E-12 -1.156008E+00
         3   3  2.791415E+01 -1.467532E+01 -1.097148E+01  2.097478E-12  6.389396E-13 -3.686288E+00
         3   4  2.791415E+01 -1.467532E+01 -1.097148E+01  9.292496E-13  9.788407E-13 -3.686288E+00
         3   5  2.790264E+01 -1.721717E+01 -8.470639E+00 -9.928934E-13  3.555927E-12 -1.784092E+00
         3   6  2.790264E+01 -1.721717E+01 -8.470639E+00 -1.395692E-12  2.353486E-12 -1.784092E+00
         3   7  2.630426E+01 -1.881681E+01 -1.258259E+01  4.918084E-14  1.532647E-12 -4.314472E+00
         3   8  2.630426E+01 -1.881681E+01 -1.258259E+01 -3.517000E-13  1.876491E-12 -4.314472E+00
         4   1  2.951254E+01 -1.307576E+01 -6.859596E+00 -1.680423E-12  1.146509E-12 -1.156008E+00
         4   2  2.951254E+01 -1.307576E+01 -6.859596E+00 -2.749484E-12 -6.582987E-13 -1.156008E+00
         4   3  2.791415E+01 -1.467532E+01 -1.097148E+01 -1.834489E-12  1.210232E-12 -3.686288E+00
         4   4  2.791415E+01 -1.467532E+01 -1.097148E+01 -2.905779E-12  2.346438E-12 -3.686288E+00
         4   5  2.790264E+01 -1.721717E+01 -8.470639E+00 -1.660322E-12  3.792366E-13 -1.784092E+00
         4   6  2.790264E+01 -1.721717E+01 -8.470639E+00 -1.181955E-12 -1.425022E-12 -1.784092E+00
         4   7  2.630426E+01 -1.881681E+01 -1.258259E+01 -1.454926E-12  1.067803E-12 -4.314472E+00
         4   8  2.630426E+01 -1.881681E+01 -1.258259E+01 -9.821609E-13  2.201893E-12 -4.314472E+00
         5   1  2.951254E+01 -1.307576E+01 -6.859596E+00 -1.796575E-12 -8.686428E-13 -1.156008E+00
         5   2  2.951254E+01 -1.307576E+01 -6.859596E+00  1.843040E-12  7.958308E-13 -1.156008E+00
         5   3  2.791415E+01 -1.467532E+01 -1.097148E+01 -1.953521E-12  1.597355E-12 -3.686288E+00
         5   4  2.791415E+01 -1.467532E+01 -1.097148E+01  1.698944E-12 -2.496164E-13 -3.686288E+00
         5   5  2.790264E+01 -1.721717E+01 -8.470639E+00 -4.864588E-13 -1.868945E-12 -1.784092E+00
         5   6  2.790264E+01 -1.721717E+01 -8.470639E+00  1.405197E-12 -2.786498E-13 -1.784092E+00
         5   7  2.630426E+01 -1.881681E+01 -1.258259E+01 -7.120461E-13  1.004821E-13 -4.314472E+00
         5   8  2.630426E+01 -1.881681E+01 -1.258259E+01  1.176241E-12 -1.710771E-12 -4.314472E+00
         6   1  2.951254E+01 -1.307576E+01 -6.859596E+00  2.896127E-12  1.493813E-12 -1.156008E+00
         6   2  2.951254E+01 -1.307576E+01 -6.859596E+00  2.979881E-12 -8.020407E-13 -1.156008E+00
         6   3  2.791415E+01 -1.467532E+01 -1.097148E+01  1.976314E-12 -4.109556E-13 -3.686288E+00
         6   4  2.791415E+01 -1.467532E+01 -1.097148E+01  2.061441E-12 -2.010669E-12 -3.686288E+00
         6   5  2.790264E+01 -1.721717E+01 -8.470639E+00  2.134699E-12  3.131670E-12 -1.784092E+00
         6   6  2.790264E+01 -1.721717E+01 -8.470639E+00  2.576601E-12  8.600932E-13 -1.784092E+00
         6   7  2.630426E+01 -1.881681E+01 -1.258259E+01  1.826958E-12  1.316222E-12 -4.314472E+00
         6   8  2.630426E+01 -1.881681E+01 -1.258259E+01  2.256921E-12 -2.233395E-13 -4.314472E+00
         7   1  2.951254E+01 -1.307576E+01 -6.859596E+00  2.475782E-12 -2.775151E-12 -1.156008E+00
         7   2  2.951254E+01 -1.307576E+01 -6.859596E+00 -2.356809E-13 -2.589304E-12 -1.156008E+00
         7   3  2.791415E+01 -1.467532E+01 -1.097148E+01  2.950884E-12 -2.923423E-12 -3.686288E+00
         7   4  2.791415E+01 -1.467532E+01 -1.097148E+01  2.227552E-13 -1.990921E-12 -3.686288E+00
         7   5  2.790264E+01 -1.721717E+01 -8.470639E+00  1.348700E-12 -4.250248E-12 -1.784092E+00
         7   6  2.790264E+01 -1.721717E+01 -8.470639E+00 -9.030656E-13 -4.114343E-12 -1.784092E+00
         7   7  2.630426E+01 -1.881681E+01 -1.258259E+01 -3.356411E-13 -3.131172E-12 -4.314472E+00
         7   8  2.630426E+01 -1.881681E+01 -1.258259E+01 -2.578380E-12 -2.285134E-12 -4.314472E+00
         8   1  2.951254E+01 -1.307576E+01 -6.859596E+00 -1.000308E-12 -1.406757E-12 -1.156008E+00
         8   2  2.951254E+01 -1.307576E+01 -6.859596E+00  9.387243E-13  2.032692E-13 -1.156008E+00
         8   3  2.791415E+01 -1.467532E+01 -1.097148E+01 -1.730725E-12 -1.430573E-12 -3.686288E+00
         8   4  2.791415E+01 -1.467532E+01 -1.097148E+01  2.236496E-13  5.046563E-14 -3.686288E+00
         8   5  2.790264E+01 -1.721717E+01 -8.470639E+00 -2.674193E-13 -1.247754E-12 -1.784092E+00
         8   6  2.790264E+01 -1.721717E+01 -8.470639E+00  1.449552E-12  2.995535E-13 -1.784092E+00
         8   7  2.630426E+01 -1.881681E+01 -1.258259E+01  3.549369E-13 -2.305416E-12 -4.314472E+00
         8   8  2.630426E+01 -1.881681E+01 -1.258259E+01  2.080777E-12 -8.331628E-13 -4.314472E+00
         9   1  2.951254E+01 -1.307576E+01 -6.859596E+00  1.515243E-12  1.664175E-12 -1.156008E+00
         9   2  2.951254E+01 -1.307576E+01 -6.859596E+00  5.995116E-13  2.915355E-12 -1.156008E+00
         9   3  2.791415E+01 -1.467532E+01 -1.097148E+01  1.323056E-12  1.500703E-12 -3.686288E+00
         9   4  2.791415E+01 -1.467532E+01 -1.097148E+01  4.297679E-13  1.841888E-12 -3.686288E+00
         9   5  2.790264E+01 -1.721717E+01 -8.470639E+00  1.600632E-12  2.486463E-12 -1.784092E+00
         9   6  2.790264E+01 -1.721717E+01 -8.470639E+00  2.492203E-13  3.683429E-12 -1.784092E+00
         9   7  2.630426E+01 -1.881681E+01 -1.258259E+01  2.303547E-12  2.869435E-12 -4.314472E+00
         9   8  2.630426E+01 -1.881681E+01 -1.258259E+01  9.479389E-13  3.309695E-12 -4.314472E+00
        10   1  2.951254E+01 -1.307576E+01 -6.859596E+00  7.857897E-13  2.096951E-12 -1.156008E+00
        10   2  2.951254E+01 -1.307576E+01 -6.859596E+00  5.983737E-13  4.007803E-13 -1.156008E+00
        10   3  2.791415E+01 -1.467532E+01 -1.097148E+01  2.168537E-12  8.025061E-13 -3.686288E+00
        10   4  2.791415E+01 -1.467532E+01 -1.097148E+01  1.929762E-12  1.805297E-14 -3.686288E+00
        10   5  2.790264E+01 -1.721717E+01 -8.470639E+00 -2.749064E-13  1.178226E-12 -1.784092E+00
        10   6  2.790264E+01 -1.721717E+01 -8.470639E+00  5.754969E-14 -4.560030E-13 -1.784092E+00
        10   7  2.630426E+01 -1.881681E+01 -1.258259E+01  1.876196E-13  9.117827E-14 -4.314472E+00
        10   8  2.630426E+01 -1.881681E+01 -1.258259E+01  4.918591E-13 -7.159754E-13 -4.314472E+00
        11   1  3.193366E+01 -8.947634E+00 -2.336276E+00 -1.389651E-12 -6.966811E-14 -3.356466E+00
        11   2  3.193366E+01 -8.947634E+00 -2.336276E+00 -6.535487E-13 -1.192802E-13 -3.356466E+00
        11   3  4.154956E+01  6.761742E-01  2.239835E+01 -1.274526E-12 -1.232882E-12 -4.331912E+00
        11   4  4.154956E+01  6.761742E-01  2.239835E+01 -5.383548E-13 -3.693386E-12 -4.331912E+00
        11   5  3.131328E+01 -1.054409E+01 -2.956702E+00 -1.546801E-12 -2.104784E-13  4.218707E-01
        11   6  3.131328E+01 -1.054409E+01 -2.956702E+00 -2.012461E-12 -2.593403E-13  4.218707E-01
        11   7  4.092917E+01 -9.201130E-01  2.177809E+01  4.723278E-13 -2.136697E-12 -5.543041E-01
        11   8  4.092917E+01 -9.201130E-01  2.177809E+01  6.964573E-15 -4.600756E-12 -5.543041E-01
        12   1  3.193366E+01 -8.947634E+00 -2.336276E+00  1.738738E-12 -4.024731E-13 -3.356466E+00
        12   2  3.193366E+01 -8.947634E+00 -2.336276E+00 -2.772530E-12 -5.019484E-15 -3.356466E+00
        12   3  4.154956E+01  6.761742E-01  2.239835E+01 -1.102351E-13 -2.504965E-12 -4.331912E+00
        12   4  4.154956E+01  6.761742E-01  2.239835E+01 -4.622194E-12  3.274388E-12 -4.331912E+00
        12   5  3.131328E+01 -1.054409E+01 -2.956702E+00  5.301900E-13 -1.628263E-12  4.218707E-01
        12   6  3.131328E+01 -1.054409E+01 -2.956702E+00 -1.286450E-12 -1.257896E-12  4.218707E-01
        12   7  4.092917E+01 -9.201130E-01  2.177809E+01 -1.582342E-12 -3.484039E-12 -5.543041E-01
        12   8  4.092917E+01 -9.201130E-01  2.177809E+01 -3.397997E-12  2.306505E-12 -5.543041E-01
        13   1  3.193366E+01 -8.947634E+00 -2.336276E+00 -2.270115E-12  9.380005E-13 -3.356466E+00
        13   2  3.193366E+01 -8.947634E+00 -2.336276E+00  9.577703E-13  5.396068E-13 -3.356466E+00
        13   3  4.154956E+01  6.761742E-01  2.239835E+01  1.061252E-13  4.845360E-12 -4.331912E+00
        13   4  4.154956E+01  6.761742E-01  2.239835E+01  3.331534E-12  1.132904E-12 -4.331912E+00
        13   5  3.131328E+01 -1.054409E+01 -2.956702E+00 -8.206084E-13  2.215424E-12  4.218707E-01
        13   6  3.131328E+01 -1.054409E+01 -2.956702E+00  7.156929E-13  1.808975E-12  4.218707E-01
        13   7  4.092917E+01 -9.201130E-01  2.177809E+01  1.293348E-12  6.137012E-12 -5.543041E-01
        13   8  4.092917E+01 -9.201130E-01  2.177809E+01  2.832947E-12  2.431162E-12 -5.543041E-01
        14   1  3.193366E+01 -8.947634E+00 -2.336276E+00 -8.798578E-13  8.134452E-13 -3.356466E+00
        14   2  3.193366E+01 -8.947634E+00 -2.336276E+00 -5.435774E-14  3.257236E-12 -3.356466E+00
        14   3  4.154956E+01  6.761742E-01  2.239835E+01 -8.373469E-13 -7.733076E-14 -4.331912E+00
        14   4  4.154956E+01  6.761742E-01  2.239835E+01 -1.241010E-14  2.482780E-12 -4.331912E+00
        14   5  3.131328E+01 -1.054409E+01 -2.956702E+00 -6.554871E-13  6.580042E-13  4.218707E-01
        14   6  3.131328E+01 -1.054409E+01 -2.956702E+00  2.911541E-13  3.084466E-12  4.218707E-01
        14   7  4.092917E+01 -9.201130E-01  2.177809E+01 -8.532916E-13 -1.071042E-12 -5.543041E-01
        14   8  4.092917E+01 -9.201130E-01  2.177809E+01  9.968409E-14  1.539134E-12 -5.543041E-01
        15   1  3.193366E+01 -8.947634E+00 -2.336276E+00  2.455161E-13  2.130210E-12 -3.356466E+00
        15   2  3.193366E+01 -8.947634E+00 -2.336276E+00  2.475455E-12 -2.189362E-12 -3.356466E+00
        15   3  4.154956E+01  6.761742E-01  2.239835E+01 -1.945880E-12  1.195232E-12 -4.331912E+00
        15   4  4.154956E+01  6.761742E-01  2.239835E+01  2.769589E-13 -6.172477E-12 -4.331912E+00
        15   5  3.131328E+01 -1.054409E+01 -2.956702E+00 -5.163370E-13  9.300166E-13  4.218707E-01
        15   6  3.131328E+01 -1.054409E+01 -2.956702E+00  1.998676E-13 -3.365475E-12  4.218707E-01
        15   7  4.092917E+01 -9.201130E-01  2.177809E+01 -2.465805E-12  1.306413E-12 -5.543041E-01
        15   8  4.092917E+01 -9.201130E-01  2.177809E+01 -1.752052E-12 -6.071273E-12 -5.543041E-01
        16   1  3.193366E+01 -8.947634E+00 -2.336276E+00  2.104562E-12 -2.407791E-12 -3.356466E+00
        16   2  3.193366E+01 -8.947634E+00 -2.336276E+00 -2.317740E-12 -1.537648E-12 -3.356466E+00
        16   3  4.154956E+01  6.761742E-01  2.239835E+01  4.927555E-12 -6.060720E-12 -4.331912E+00
        16   4  4.154956E+01  6.761742E-01  2.239835E+01  4.866189E-13  1.124033E-12 -4.331912E+00
        16   5  3.131328E+01 -1.054409E+01 -2.956702E+00  6.764701E-13 -8.429055E-13  4.218707E-01
        16   6  3.131328E+01 -1.054409E+01 -2.956702E+00 -6.349998E-13  3.067047E-15  4.218707E-01
        16   7  4.092917E+01 -9.201130E-01  2.177809E+01  1.346550E-12 -5.122163E-12 -5.543041E-01
        16   8  4.092917E+01 -9.201130E-01  2.177809E+01  3.473940E-14  2.011863E-12 -5.543041E-01
        17   1  3.193366E+01 -8.947634E+00 -2.336276E+00 -1.542873E-12 -1.643381E-12 -3.356466E+00
        17   2  3.193366E+01 -8.947634E+00 -2.336276E+00  1.406291E-12 -1.399290E-12 -3.356466E+00
        17   3  4.154956E+01  6.761742E-01  2.239835E+01 -1.607492E-12  2.409291E-12 -4.331912E+00
        17   4  4.154956E+01  6.761742E-01  2.239835E+01  1.340759E-12 -6.850782E-13 -4.331912E+00
        17   5  3.131328E+01 -1.054409E+01 -2.956702E+00 -1.365375E-12 -1.328322E-12  4.218707E-01
        17   6  3.131328E+01 -1.054409E+01 -2.956702E+00 -2.285461E-14 -1.044889E-12  4.218707E-01
        17   7  4.092917E+01 -9.201130E-01  2.177809E+01  3.874905E-12  2.813612E-12 -5.543041E-01
        17   8  4.092917E+01 -9.201130E-01  2.177809E+01  5.243909E-12 -3.015275E-13 -5.543041E-01
        18   1  3.193366E+01 -8.947634E+00 -2.336276E+00  5.099808E-13 -1.031783E-12 -3.356466E+00
        18   2  3.193366E+01 -8.947634E+00 -2.336276E+00 -9.664622E-14  7.414768E-13 -3.356466E+00
        18   3  4.154956E+01  6.761742E-01  2.239835E+01  1.336770E-12 -2.447552E-13 -4.331912E+00
        18   4  4.154956E+01  6.761742E-01  2.239835E+01  7.226563E-13  3.346232E-12 -4.331912E+00
        18   5  3.131328E+01 -1.054409E+01 -2.956702E+00  1.591324E-12 -1.494689E-12  4.218707E-01
        18   6  3.131328E+01 -1.054409E+01 -2.956702E+00  1.801106E-12  1.787850E-13  4.218707E-01
        18   7  4.092917E+01 -9.201130E-01  2.177809E+01 -1.325653E-12  1.017974E-12 -5.543041E-01
        18   8  4.092917E+01 -9.201130E-01  2.177809E+01 -1.133952E-12  4.599876E-12 -5.543041E-01
        19   1  3.193366E+01 -8.947634E+00 -2.336276E+00  9.404474E-15  1.482585E-12 -3.356466E+00
        19   2  3.193366E+01 -8.947634E+00 -2.336276E+00 -4.557487E-13  4.533161E-13 -3.356466E+00
        19   3  4.154956E+01  6.761742E-01  2.239835E+01 -3.217560E-13  1.832750E-12 -4.331912E+00
        19   4  4.154956E+01  6.761742E-01  2.239835E+01 -8.407756E-13 -1.580333E-12 -4.331912E+00
        19   5  3.131328E+01 -1.054409E+01 -2.956702E+00  1.765553E-12  1.818861E-12  4.218707E-01
        19   6  3.131328E+01 -1.054409E+01 -2.956702E+00  9.130718E-14  9.432233E-13  4.218707E-01
        19   7  4.092917E+01 -9.201130E-01  2.177809E+01 -1.888637E-13 -1.303705E-12 -5.543041E-01
        19   8  4.092917E+01 -9.201130E-01  2.177809E+01 -1.856133E-12 -4.693400E-12 -5.543041E-01
        20   1  3.193366E+01 -8.947634E+00 -2.336276E+00  1.369097E-12 -1.408153E-13 -3.356466E+00
        20   2  3.193366E+01 -8.947634E+00 -2.336276E+00  1.469226E-12 -1.263443E-13 -3.356466E+00
        20   3  4.154956E+01  6.761742E-01  2.239835E+01 -9.794850E-13 -1.435247E-12 -4.331912E+00
        20   4  4.154956E+01  6.761742E-01  2.239835E+01 -8.558635E-13 -3.508084E-13 -4.331912E+00
        20   5  3.131328E+01 -1.054409E+01 -2.956702E+00 -7.799841E-14 -6.733393E-13  4.218707E-01
        20   6  3.131328E+01 -1.054409E+01 -2.956702E+00  5.419278E-13 -6.332926E-13  4.218707E-01
        20   7  4.092917E+01 -9.201130E-01  2.177809E+01 -2.254461E-13 -1.472972E-12 -5.543041E-01
        20   8  4.092917E+01 -9.201130E-01  2.177809E+01  3.397757E-13 -4.398393E-13 -5.543041E-01
        21   1  2.931922E+01 -1.832451E+01 -2.300218E+00 -1.961555E-13 -2.370529E-12 -2.894612E+00
        21   2  2.931922E+01 -1.832451E+01 -2.300218E+00  1.519227E-14 -1.658821E-12 -2.894612E+00
        21   3  2.787606E+01 -1.976853E+01 -6.012487E+00 -9.478655E-13 -6.434466E-13 -7.264139E+00
        21   4  2.787606E+01 -1.976853E+01 -6.012487E+00 -7.365944E-13  4.670931E-13 -7.264139E+00
        21   5  2.653900E+01 -2.547640E+01 -5.082141E+00  4.289026E-13 -2.528138E-13 -3.461713E+00
        21   6  2.653900E+01 -2.547640E+01 -5.082141E+00  8.345882E-13  4.589256E-13 -3.461713E+00
        21   7  2.509585E+01 -2.692054E+01 -8.794525E+00  1.197106E-12 -1.493162E-12 -7.831496E+00
        21   8  2.509585E+01 -2.692054E+01 -8.794525E+00  1.604362E-12 -3.819299E-13 -7.831496E+00
        22   1  2.931922E+01 -1.832451E+01 -2.300218E+00  2.806296E-13 -7.648854E-13 -2.894612E+00
        22   2  2.931922E+01 -1.832451E+01 -2.300218E+00 -1.108260E-12 -3.084829E-12 -2.894612E+00
        22   3  2.787606E+01 -1.976853E+01 -6.012487E+00  1.421466E-12 -9.172354E-13 -7.264139E+00
        22   4  2.787606E+01 -1.976853E+01 -6.012487E+00  3.135813E-14 -3.846713E-12 -7.264139E+00
        22   5  2.653900E+01 -2.547640E+01 -5.082141E+00  4.338572E-14 -2.986499E-12 -3.461713E+00
        22   6  2.653900E+01 -2.547640E+01 -5.082141E+00 -1.647669E-12 -5.301604E-12 -3.461713E+00
        22   7  2.509585E+01 -2.692054E+01 -8.794525E+00 -5.844524E-14 -8.126027E-13 -7.831496E+00
        22   8  2.509585E+01 -2.692054E+01 -8.794525E+00 -1.751322E-12 -3.737578E-12 -7.831496E+00
        23   1  2.931922E+01 -1.832451E+01 -2.300218E+00 -1.575281E-12 -2.332581E-12 -2.894612E+00
        23   2  2.931922E+01 -1.832451E+01 -2.300218E+00 -1.549188E-12  7.958660E-13 -2.894612E+00
        23   3  2.787606E+01 -1.976853E+01 -6.012487E+00 -3.422979E-13 -7.052292E-13 -7.264139E+00
        23   4  2.787606E+01 -1.976853E+01 -6.012487E+00 -3.237069E-13  3.207742E-12 -7.264139E+00
        23   5  2.653900E+01 -2.547640E+01 -5.082141E+00 -1.352125E-12 -3.665417E-12 -3.461713E+00
        23   6  2.653900E+01 -2.547640E+01 -5.082141E+00 -9.488226E-13 -5.816956E-13 -3.461713E+00
        23   7  2.509585E+01 -2.692054E+01 -8.794525E+00  6.431750E-13 -2.152029E-12 -7.831496E+00
        23   8  2.509585E+01 -2.692054E+01 -8.794525E+00  1.048626E-12  1.765978E-12 -7.831496E+00
        24   1  2.931922E+01 -1.832451E+01 -2.300218E+00 -1.567169E-12  1.866714E-12 -2.894612E+00
        24   2  2.931922E+01 -1.832451E+01 -2.300218E+00 -3.825687E-13 -1.219435E-12 -2.894612E+00
        24   3  2.787606E+01 -1.976853E+01 -6.012487E+00 -1.646838E-12  2.975760E-12 -7.264139E+00
        24   4  2.787606E+01 -1.976853E+01 -6.012487E+00 -4.507164E-13  7.246952E-13 -7.264139E+00
        24   5  2.653900E+01 -2.547640E+01 -5.082141E+00 -1.359882E-12  6.374913E-12 -3.461713E+00
        24   6  2.653900E+01 -2.547640E+01 -5.082141E+00  3.180235E-13  3.266515E-12 -3.461713E+00
        24   7  2.509585E+01 -2.692054E+01 -8.794525E+00 -2.569555E-12  3.813589E-12 -7.831496E+00
        24   8  2.509585E+01 -2.692054E+01 -8.794525E+00 -9.087116E-13  1.628028E-12 -7.831496E+00
        25   1  2.931922E+01 -1.832451E+01 -2.300218E+00  1.525348E-13 -2.809944E-12 -2.894612E+00
        25   2  2.931922E+01 -1.832451E+01 -2.300218E+00  3.114229E-13  2.832616E-12 -2.894612E+00
        25   3  2.787606E+01 -1.976853E+01 -6.012487E+00  1.688457E-13 -2.052372E-12 -7.264139E+00
        25   4  2.787606E+01 -1.976853E+01 -6.012487E+00  2.977734E-13 -2.322760E-12 -7.264139E+00
        25   5  2.653900E+01 -2.547640E+01 -5.082141E+00  6.052292E-13 -4.030902E-12 -3.461713E+00
        25   6  2.653900E+01 -2.547640E+01 -5.082141E+00 -2.186019E-12  1.615788E-12 -3.461713E+00
        25   7  2.509585E+01 -2.692054E+01 -8.794525E+00  1.334420E-12  1.862707E-14 -7.831496E+00
        25   8  2.509585E+01 -2.692054E+01 -8.794525E+00 -1.461725E-12 -2.733419E-13 -7.831496E+00
        26   1  2.931922E+01 -1.832451E+01 -2.300218E+00  7.709747E-13  7.453821E-12 -2.894612E+00
        26   2  2.931922E+01 -1.832451E+01 -2.300218E+00  2.353513E-12  6.251163E-13 -2.894612E+00
        26   3  2.787606E+01 -1.976853E+01 -6.012487E+00  3.946831E-13  1.280697E-12 -7.264139E+00
        26   4  2.787606E+01 -1.976853E+01 -6.012487E+00  1.996794E-12  2.168240E-13 -7.264139E+00
        26   5  2.653900E+01 -2.547640E+01 -5.082141E+00 -2.274621E-12  7.502056E-12 -3.461713E+00
        26   6  2.653900E+01 -2.547640E+01 -5.082141E+00  2.176377E-12  6.309113E-13 -3.461713E+00
        26   7  2.509585E+01 -2.692054E+01 -8.794525E+00 -3.283347E-12 -6.486407E-13 -7.831496E+00
        26   8  2.509585E+01 -2.692054E+01 -8.794525E+00  1.143938E-12 -1.779585E-12 -7.831496E+00
        27   1  2.931922E+01 -1.832451E+01 -2.300218E+00  1.496995E-12 -6.188532E-12 -2.894612E+00
        27   2  2.931922E+01 -1.832451E+01 -2.300218E+00 -6.879157E-13 -4.136402E-12 -2.894612E+00
        27   3  2.787606E+01 -1.976853E+01 -6.012487E+00 -4.195144E-13 -2.223689E-12 -7.264139E+00
        27   4  2.787606E+01 -1.976853E+01 -6.012487E+00 -2.607597E-12 -8.785408E-13 -7.264139E+00
        27   5  2.653900E+01 -2.547640E+01 -5.082141E+00  3.068128E-12 -4.802442E-12 -3.461713E+00
        27   6  2.653900E+01 -2.547640E+01 -5.082141E+00  5.632969E-13 -2.819031E-12 -3.461713E+00
        27   7  2.509585E+01 -2.692054E+01 -8.794525E+00  2.633048E-12 -1.316855E-12 -7.831496E+00
        27   8  2.509585E+01 -2.692054E+01 -8.794525E+00  1.862258E-13 -1.220533E-13 -7.831496E+00
        28   1  2.931922E+01 -1.832451E+01 -2.300218E+00 -3.863585E-14 -1.218707E-12 -2.894612E+00
        28   2  2.931922E+01 -1.832451E+01 -2.300218E+00  1.308877E-12 -2.994756E-14 -2.894612E+00
        28   3  2.787606E+01 -1.976853E+01 -6.012487E+00  6.350896E-13 -1.630743E-12 -7.264139E+00
        28   4  2.787606E+01 -1.976853E+01 -6.012487E+00  1.991695E-12 -1.835799E-12 -7.264139E+00
        28   5  2.653900E+01 -2.547640E+01 -5.082141E+00 -1.369774E-13 -2.476916E-12 -3.461713E+00
        28   6  2.653900E+01 -2.547640E+01 -5.082141E+00  4.867257E-13 -1.367542E-12 -3.461713E+00
        28   7  2.509585E+01 -2.692054E+01 -8.794525E+00 -6.797110E-13 -1.352681E-12 -7.831496E+00
        28   8  2.509585E+01 -2.692054E+01 -8.794525E+00 -5.390467E-14 -1.543432E-12 -7.831496E+00
        29   1  2.931922E+01 -1.832451E+01 -2.300218E+00  1.517733E-12  1.571467E-12 -2.894612E+00
        29   2  2.931922E+01 -1.832451E+01 -2.300218E+00  1.679310E-13  1.511062E-12 -2.894612E+00
        29   3  2.787606E+01 -1.976853E+01 -6.012487E+00  2.552194E-12  1.626903E-12 -7.264139E+00
        29   4  2.787606E+01 -1.976853E+01 -6.012487E+00  1.202990E-12  3.160391E-12 -7.264139E+00
        29   5  2.653900E+01 -2.547640E+01 -5.082141E+00  1.088190E-12 -1.890298E-13 -3.461713E+00
        29   6  2.653900E+01 -2.547640E+01 -5.082141E+00  5.192228E-13  3.849793E-14 -3.461713E+00
        29   7  2.509585E+01 -2.692054E+01 -8.794525E+00  2.129139E-12 -6.311688E-13 -7.831496E+00
        29   8  2.509585E+01 -2.692054E+01 -8.794525E+00  1.595416E-12  9.519289E-13 -7.831496E+00
        30   1  2.931922E+01 -1.832451E+01 -2.300218E+00 -5.002088E-13 -3.326169E-13 -2.894612E+00
        30   2  2.931922E+01 -1.832451E+01 -2.300218E+00 -9.152648E-14 -8.489604E-13 -2.894612E+00
        30   3  2.787606E+01 -1.976853E+01 -6.012487E+00 -3.947389E-13  8.141156E-13 -7.264139E+00
        30   4  2.787606E+01 -1.976853E+01 -6.012487E+00 -5.074410E-15 -3.254586E-13 -7.264139E+00
        30   5  2.653900E+01 -2.547640E+01 -5.082141E+00 -1.472806E-14  7.118343E-13 -3.461713E+00
        30   6  2.653900E+01 -2.547640E+01 -5.082141E+00 -4.313850E-16  2.626277E-13 -3.461713E+00
        30   7  2.509585E+01 -2.692054E+01 -8.794525E+00  3.136922E-14  1.950859E-12 -7.831496E+00
        30   8  2.509585E+01 -2.692054E+01 -8.794525E+00  2.077249E-14  7.568339E-13 -7.831496E+00
        31   1  3.049619E+01 -1.650364E+01  8.498269E-02 -9.238618E-13 -3.656967E-13 -4.734798E+00
        31   2  3.049619E+01 -1.650364E+01  8.498269E-02 -1.794036E-12  9.552217E-13 -4.734798E+00
        31   3  3.797834E+01 -9.007106E+00  1.933180E+01  9.798708E-13 -1.330306E-12 -1.781319E+01
        31   4  3.797834E+01 -9.007106E+00  1.933180E+01  1.094795E-13  2.122631E-13 -1.781319E+01
        31   5  2.217489E+01 -3.791130E+01 -8.240508E+00  9.385293E-13 -2.022367E-12 -1.796151E+00
        31   6  2.217489E+01 -3.791130E+01 -8.240508E+00  1.797032E-13 -7.011949E-13 -1.796151E+00
        31   7  2.965687E+01 -3.041300E+01  1.100808E+01  6.151406E-13 -2.229530E-12 -1.487713E+01
        31   8  2.965687E+01 -3.041300E+01  1.100808E+01 -1.453531E-13 -6.867650E-13 -1.487713E+01
        32   1  3.049619E+01 -1.650364E+01  8.498269E-02 -2.587256E-13 -3.715768E-13 -4.734798E+00
        32   2  3.049619E+01 -1.650364E+01  8.498269E-02 -9.224522E-13 -3.186207E-12 -4.734798E+00
        32   3  3.797834E+01 -9.007106E+00  1.933180E+01 -1.595235E-12  1.225067E-12 -1.781319E+01
        32   4  3.797834E+01 -9.007106E+00  1.933180E+01 -2.256982E-12 -6.644156E-13 -1.781319E+01
        32   5  2.217489E+01 -3.791130E+01 -8.240508E+00 -1.211026E-12  1.012488E-12 -1.796151E+00
        32   6  2.217489E+01 -3.791130E+01 -8.240508E+00 -1.408171E-12 -1.811966E-12 -1.796151E+00
        32   7  2.965687E+01 -3.041300E+01  1.100808E+01 -1.835576E-13  3.807371E-12 -1.487713E+01
        32   8  2.965687E+01 -3.041300E+01  1.100808E+01 -3.832829E-13  1.932102E-12 -1.487713E+01
        33   1  3.049619E+01 -1.650364E+01  8.498269E-02  2.839902E-14  1.541225E-13 -4.734798E+00
        33   2  3.049619E+01 -1.650364E+01  8.498269E-02  2.429402E-13  2.894237E-12 -4.734798E+00
        33   3  3.797834E+01 -9.007106E+00  1.933180E+01  1.313665E-12  8.833713E-13 -1.781319E+01
        33   4  3.797834E+01 -9.007106E+00  1.933180E+01  1.533087E-12 -2.049796E-13 -1.781319E+01
        33   5  2.217489E+01 -3.791130E+01 -8.240508E+00  9.035691E-13 -1.178928E-12 -1.796151E+00
        33   6  2.217489E+01 -3.791130E+01 -8.240508E+00 -8.150240E-13  1.566657E-12 -1.796151E+00
        33   7  2.965687E+01 -3.041300E+01  1.100808E+01  2.042003E-13 -8.456405E-14 -1.487713E+01
        33   8  2.965687E+01 -3.041300E+01  1.100808E+01 -1.510808E-12 -1.143944E-12 -1.487713E+01
        34   1  3.049619E+01 -1.650364E+01  8.498269E-02 -1.516700E-12  1.806570E-12 -4.734798E+00
        34   2  3.049619E+01 -1.650364E+01  8.498269E-02  1.422660E-13  1.424029E-12 -4.734798E+00
        34   3  3.797834E+01 -9.007106E+00  1.933180E+01 -7.637120E-13 -2.259151E-12 -1.781319E+01
        34   4  3.797834E+01 -9.007106E+00  1.933180E+01  8.900786E-13  1.064466E-12 -1.781319E+01
        34   5  2.217489E+01 -3.791130E+01 -8.240508E+00 -4.139024E-12  1.943806E-12 -1.796151E+00
        34   6  2.217489E+01 -3.791130E+01 -8.240508E+00 -5.511941E-13  1.524127E-12 -1.796151E+00
        34   7  2.965687E+01 -3.041300E+01  1.100808E+01 -5.634611E-13 -4.445682E-13 -1.487713E+01
        34   8  2.965687E+01 -3.041300E+01  1.100808E+01  3.028594E-12  2.907904E-12 -1.487713E+01
        35   1  3.049619E+01 -1.650364E+01  8.498269E-02 -1.483450E-13 -9.803150E-13 -4.734798E+00
        35   2  3.049619E+01 -1.650364E+01  8.498269E-02 -1.885173E-13 -3.790327E-12 -4.734798E+00
        35   3  3.797834E+01 -9.007106E+00  1.933180E+01 -2.316799E-12  1.270738E-12 -1.781319E+01
        35   4  3.797834E+01 -9.007106E+00  1.933180E+01 -2.364110E-12 -2.309437E-12 -1.781319E+01
        35   5  2.217489E+01 -3.791130E+01 -8.240508E+00  1.569038E-12  7.109816E-13 -1.796151E+00
        35   6  2.217489E+01 -3.791130E+01 -8.240508E+00  1.086597E-12 -2.027629E-12 -1.796151E+00
        35   7  2.965687E+01 -3.041300E+01  1.100808E+01 -1.424516E-12 -1.312206E-12 -1.487713E+01
        35   8  2.965687E+01 -3.041300E+01  1.100808E+01 -1.910432E-12 -4.904964E-12 -1.487713E+01
        36   1  3.049619E+01 -1.650364E+01  8.498269E-02 -7.337134E-14 -9.163500E-13 -4.734798E+00
        36   2  3.049619E+01 -1.650364E+01  8.498269E-02 -2.261578E-13  1.037633E-13 -4.734798E+00
        36   3  3.797834E+01 -9.007106E+00  1.933180E+01  9.174226E-14 -6.071200E-13 -1.781319E+01
        36   4  3.797834E+01 -9.007106E+00  1.933180E+01 -5.107149E-14  7.673524E-13 -1.781319E+01
        36   5  2.217489E+01 -3.791130E+01 -8.240508E+00 -7.260521E-13 -2.570939E-12 -1.796151E+00
        36   6  2.217489E+01 -3.791130E+01 -8.240508E+00 -7.461421E-13 -1.528213E-12 -1.796151E+00
        36   7  2.965687E+01 -3.041300E+01  1.100808E+01  2.055773E-13  3.575666E-13 -1.487713E+01
        36   8  2.965687E+01 -3.041300E+01  1.100808E+01  1.876652E-13  1.689542E-12 -1.487713E+01
        37   1  3.049619E+01 -1.650364E+01  8.498269E-02 -8.040679E-13 -3.166735E-13 -4.734798E+00
        37   2  3.049619E+01 -1.650364E+01  8.498269E-02 -1.773061E-14  9.736247E-13 -4.734798E+00
        37   3  3.797834E+01 -9.007106E+00  1.933180E+01  4.791303E-12  9.031564E-13 -1.781319E+01
        37   4  3.797834E+01 -9.007106E+00  1.933180E+01  5.545588E-12  1.953907E-12 -1.781319E+01
        37   5  2.217489E+01 -3.791130E+01 -8.240508E+00  5.781416E-13  4.765701E-13 -1.796151E+00
        37   6  2.217489E+01 -3.791130E+01 -8.240508E+00  1.355131E-12  1.768194E-12 -1.796151E+00
        37   7  2.965687E+01 -3.041300E+01  1.100808E+01  1.716319E-12  2.274782E-12 -1.487713E+01
        37   8  2.965687E+01 -3.041300E+01  1.100808E+01  2.478863E-12  3.355363E-12 -1.487713E+01
        38   1  3.049619E+01 -1.650364E+01  8.498269E-02  1.678154E-12 -6.348347E-13 -4.734798E+00
        38   2  3.049619E+01 -1.650364E+01  8.498269E-02  2.229612E-12 -1.472995E-12 -4.734798E+00
        38   3  3.797834E+01 -9.007106E+00  1.933180E+01 -1.665223E-12  2.457845E-12 -1.781319E+01
        38   4  3.797834E+01 -9.007106E+00  1.933180E+01 -1.107465E-12  2.106789E-12 -1.781319E+01
        38   5  2.217489E+01 -3.791130E+01 -8.240508E+00  9.436291E-13 -5.885781E-13 -1.796151E+00
        38   6  2.217489E+01 -3.791130E+01 -8.240508E+00  1.616243E-12 -1.332126E-12 -1.796151E+00
        38   7  2.965687E+01 -3.041300E+01  1.100808E+01  2.108499E-13  4.248601E-13 -1.487713E+01
        38   8  2.965687E+01 -3.041300E+01  1.100808E+01  8.898945E-13  1.588322E-13 -1.487713E+01
        39   1  3.049619E+01 -1.650364E+01  8.498269E-02  2.545257E-12 -1.117056E-13 -4.734798E+00
        39   2  3.049619E+01 -1.650364E+01  8.498269E-02 -5.961817E-14  8.426768E-13 -4.734798E+00
        39   3  3.797834E+01 -9.007106E+00  1.933180E+01  3.937045E-13 -4.729700E-12 -1.781319E+01
        39   4  3.797834E+01 -9.007106E+00  1.933180E+01 -2.189924E-12 -6.234418E-12 -1.781319E+01
        39   5  2.217489E+01 -3.791130E+01 -8.240508E+00  3.049728E-12 -1.413772E-12 -1.796151E+00
        39   6  2.217489E+01 -3.791130E+01 -8.240508E+00 -8.758804E-13 -3.654689E-13 -1.796151E+00
        39   7  2.965687E+01 -3.041300E+01  1.100808E+01  1.972147E-12 -2.907133E-12 -1.487713E+01
        39   8  2.965687E+01 -3.041300E+01  1.100808E+01 -1.927302E-12 -4.392468E-12 -1.487713E+01
        40   1  3.049619E+01 -1.650364E+01  8.498269E-02 -1.065957E-12  3.553928E-13 -4.734798E+00
        40   2  3.049619E+01 -1.650364E+01  8.498269E-02  8.364780E-14 -2.610431E-13 -4.734798E+00
        40   3  3.797834E+01 -9.007106E+00  1.933180E+01 -1.648787E-13 -2.250709E-12 -1.781319E+01
        40   4  3.797834E+01 -9.007106E+00  1.933180E+01  9.751959E-13 -1.020067E-12 -1.781319E+01
        40   5  2.217489E+01 -3.791130E+01 -8.240508E+00 -2.292049E-12  8.038279E-13 -1.796151E+00
        40   6  2.217489E+01 -3.791130E+01 -8.240508E+00 -1.575937E-13  7.374104E-14 -1.796151E+00
        40   7  2.965687E+01 -3.041300E+01  1.100808E+01 -7.405059E-13 -3.738419E-12 -1.487713E+01
        40   8  2.965687E+01 -3.041300E+01  1.100808E+01  1.387737E-12 -2.503030E-12 -1.487713E+01
        41   1  9.974315E+01  4.924562E+01  1.123614E+01 -1.771466E-13 -9.889302E-13 -1.640859E+00
        41   2  9.974315E+01  4.924562E+01  1.123614E+01  5.803398E-13 -4.928187E-12 -1.640859E+00
        41   3  1.078926E+02  5.706240E+01  1.940969E+01 -1.415606E-12 -6.275560E-13 -2.134116E+00
        41   4  1.078926E+02  5.706240E+01  1.940969E+01 -6.439087E-13 -3.998048E-12 -2.134116E+00
        41   5  7.174980E+01  2.080105E+01 -1.644192E+01 -2.089394E-13  1.919340E-12 -1.418065E+00
        41   6  7.174980E+01  2.080105E+01 -1.644192E+01  8.502526E-13 -2.053617E-12 -1.418065E+00
        41   7  7.951830E+01  2.865647E+01 -7.914772E+00 -1.802831E-12  1.059179E-13 -1.765917E+00
        41   8  7.951830E+01  2.865647E+01 -7.914772E+00 -7.332441E-13 -3.276447E-12 -1.765917E+00
        42   1  9.974315E+01  4.924562E+01  1.123614E+01  1.238070E-12 -7.036877E-12 -1.640859E+00
        42   2  9.974315E+01  4.924562E+01  1.123614E+01  1.439660E-14 -2.330336E-12 -1.640859E+00
        42   3  1.078926E+02  5.706240E+01  1.940969E+01  2.272653E-12 -4.387024E-12 -2.134116E+00
        42   4  1.078926E+02  5.706240E+01  1.940969E+01  1.038922E-12 -6.209326E-13 -2.134116E+00
        42   5  7.174980E+01  2.080105E+01 -1.644192E+01  1.655814E-12 -7.293499E-12 -1.418065E+00
        42   6  7.174980E+01  2.080105E+01 -1.644192E+01 -6.465297E-14 -2.532708E-12 -1.418065E+00
        42   7  7.951830E+01  2.865647E+01 -7.914772E+00  2.914959E-12 -5.134620E-12 -1.765917E+00
        42   8  7.951830E+01  2.865647E+01 -7.914772E+00  1.182112E-12 -1.360066E-12 -1.765917E+00
        43   1  9.974315E+01  4.924562E+01  1.123614E+01 -6.796059E-13 -1.710545E-12 -1.640859E+00
        43   2  9.974315E+01  4.924562E+01  1.123614E+01 -1.538646E-12 -4.076510E-12 -1.640859E+00
        43   3  1.078926E+02  5.706240E+01  1.940969E+01  5.186197E-13 -3.166019E-13 -2.134116E+00
        43   4  1.078926E+02  5.706240E+01  1.940969E+01 -3.386818E-13 -1.747094E-12 -2.134116E+00
        43   5  7.174980E+01  2.080105E+01 -1.644192E+01 -1.290931E-12 -1.274260E-12 -1.418065E+00
        43   6  7.174980E+01  2.080105E+01 -1.644192E+01 -1.671904E-12 -3.658239E-12 -1.418065E+00
        43   7  7.951830E+01  2.865647E+01 -7.914772E+00 -1.333076E-12  6.683111E-13 -1.765917E+00
        43   8  7.951830E+01  2.865647E+01 -7.914772E+00 -1.709960E-12 -7.575451E-13 -1.765917E+00
        44   1  9.974315E+01  4.924562E+01  1.123614E+01 -1.893647E-12  1.919161E-12 -1.640859E+00
        44   2  9.974315E+01  4.924562E+01  1.123614E+01  3.958365E-13  3.514019E-12 -1.640859E+00
        44   3  1.078926E+02  5.706240E+01  1.940969E+01 -3.071457E-12 -1.399848E-13 -2.134116E+00
        44   4  1.078926E+02  5.706240E+01  1.940969E+01 -7.927463E-13 -2.444503E-13 -2.134116E+00
        44   5  7.174980E+01  2.080105E+01 -1.644192E+01 -1.298479E-12 -3.759962E-13 -1.418065E+00
        44   6  7.174980E+01  2.080105E+01 -1.644192E+01  1.374601E-13  1.190155E-12 -1.418065E+00
        44   7  7.951830E+01  2.865647E+01 -7.914772E+00 -1.355376E-12 -5.918989E-13 -1.765917E+00
        44   8  7.951830E+01  2.865647E+01 -7.914772E+00  8.409270E-14 -6.980069E-13 -1.765917E+00
        45   1  9.974315E+01  4.924562E+01  1.123614E+01  6.724908E-13 -1.383164E-12 -1.640859E+00
        45   2  9.974315E+01  4.924562E+01  1.123614E+01 -2.530423E-12  3.121154E-13 -1.640859E+00
        45   3  1.078926E+02  5.706240E+01  1.940969E+01  1.114107E-12 -3.994281E-14 -2.134116E+00
        45   4  1.078926E+02  5.706240E+01  1.940969E+01 -2.081272E-12  3.702160E-12 -2.134116E+00
        45   5  7.174980E+01  2.080105E+01 -1.644192E+01 -1.573576E-13  8.708543E-14 -1.418065E+00
        45   6  7.174980E+01  2.080105E+01 -1.644192E+01 -2.323762E-12  1.813689E-12 -1.418065E+00
        45   7  7.951830E+01  2.865647E+01 -7.914772E+00 -3.012008E-13 -1.450144E-12 -1.765917E+00
        45   8  7.951830E+01  2.865647E+01 -7.914772E+00 -2.480453E-12  2.293160E-12 -1.765917E+00
        46   1  9.974315E+01  4.924562E+01  1.123614E+01 -2.936552E-12  3.277794E-12 -1.640859E+00
        46   2  9.974315E+01  4.924562E+01  1.123614E+01  1.274731E-12  9.926109E-13 -1.640859E+00
        46   3  1.078926E+02  5.706240E+01  1.940969E+01 -4.592252E-12  2.151696E-13 -2.134116E+00
        46   4  1.078926E+02  5.706240E+01  1.940969E+01 -3.872886E-13 -4.208873E-12 -2.134116E+00
        46   5  7.174980E+01  2.080105E+01 -1.644192E+01 -2.287220E-12  3.652390E-12 -1.418065E+00
        46   6  7.174980E+01  2.080105E+01 -1.644192E+01  8.237031E-13  1.353271E-12 -1.418065E+00
        46   7  7.951830E+01  2.865647E+01 -7.914772E+00 -3.256368E-12  3.331297E-12 -1.765917E+00
        46   8  7.951830E+01  2.865647E+01 -7.914772E+00 -1.291278E-13 -1.106533E-12 -1.765917E+00
        47   1  9.974315E+01  4.924562E+01  1.123614E+01  2.652241E-12 -2.613882E-12 -1.640859E+00
        47   2  9.974315E+01  4.924562E+01  1.123614E+01 -4.311206E-13  1.597232E-12 -1.640859E+00
        47   3  1.078926E+02  5.706240E+01  1.940969E+01  3.628042E-12 -1.985020E-12 -2.134116E+00
        47   4  1.078926E+02  5.706240E+01  1.940969E+01  5.482502E-13  2.726678E-12 -2.134116E+00
        47   5  7.174980E+01  2.080105E+01 -1.644192E+01  1.272170E-12 -2.964095E-12 -1.418065E+00
        47   6  7.174980E+01  2.080105E+01 -1.644192E+01 -1.541744E-12  1.265401E-12 -1.418065E+00
        47   7  7.951830E+01  2.865647E+01 -7.914772E+00  1.240084E-12 -5.310133E-12 -1.765917E+00
        47   8  7.951830E+01  2.865647E+01 -7.914772E+00 -1.587433E-12 -5.769233E-13 -1.765917E+00
        48   1  9.974315E+01  4.924562E+01  1.123614E+01 -1.528888E-12  4.581858E-12 -1.640859E+00
        48   2  9.974315E+01  4.924562E+01  1.123614E+01 -6.943143E-13  3.564681E-12 -1.640859E+00
        48   3  1.078926E+02  5.706240E+01  1.940969E+01 -1.314852E-12  3.199354E-12 -2.134116E+00
        48   4  1.078926E+02  5.706240E+01  1.940969E+01 -4.898923E-13  2.918412E-12 -2.134116E+00
        48   5  7.174980E+01  2.080105E+01 -1.644192E+01 -2.261183E-12  3.645491E-12 -1.418065E+00
        48   6  7.174980E+01  2.080105E+01 -1.644192E+01 -1.078481E-12  2.640200E-12 -1.418065E+00
        48   7  7.951830E+01  2.865647E+01 -7.914772E+00 -2.638427E-12  5.784177E-12 -1.765917E+00
        48   8  7.951830E+01  2.865647E+01 -7.914772E+00 -1.455267E-12  5.496612E-12 -1.765917E+00
        49   1  9.974315E+01  4.924562E+01  1.123614E+01  4.785350E-13  1.166625E-12 -1.640859E+00
        49   2  9.974315E+01  4.924562E+01  1.123614E+01  1.405873E-12 -2.671079E-12 -1.640859E+00
        49   3  1.078926E+02  5.706240E+01  1.940969E+01  2.132748E-12  7.355919E-13 -2.134116E+00
        49   4  1.078926E+02  5.706240E+01  1.940969E+01  3.082834E-12 -2.673813E-12 -2.134116E+00
        49   5  7.174980E+01  2.080105E+01 -1.644192E+01  7.970143E-13  3.169992E-12 -1.418065E+00
        49   6  7.174980E+01  2.080105E+01 -1.644192E+01  1.966677E-12 -6.945493E-13 -1.418065E+00
        49   7  7.951830E+01  2.865647E+01 -7.914772E+00  3.181197E-12  6.529297E-13 -1.765917E+00
        49   8  7.951830E+01  2.865647E+01 -7.914772E+00  4.365511E-12 -2.749951E-12 -1.765917E+00
        50   1  9.974315E+01  4.924562E+01  1.123614E+01  8.821074E-13 -2.097267E-12 -1.640859E+00
        50   2  9.974315E+01  4.924562E+01  1.123614E+01  2.249641E-13 -8.649367E-13 -1.640859E+00
        50   3  1.078926E+02  5.706240E+01  1.940969E+01  8.386977E-13 -7.008812E-13 -2.134116E+00
        50   4  1.078926E+02  5.706240E+01  1.940969E+01  1.707102E-13  9.913102E-14 -2.134116E+00
        50   5  7.174980E+01  2.080105E+01 -1.644192E+01  1.391155E-12 -2.167026E-12 -1.418065E+00
        50   6  7.174980E+01  2.080105E+01 -1.644192E+01  5.104828E-13 -9.424819E-13 -1.418065E+00
        50   7  7.951830E+01  2.865647E+01 -7.914772E+00  1.905655E-12 -1.837692E-12 -1.765917E+00
        50   8  7.951830E+01  2.865647E+01 -7.914772E+00  1.020246E-12 -1.044961E-12 -1.765917E+00
        51   1  9.726647E+01  4.274447E+01  9.993282E+00 -1.039631E-12 -2.035006E-13 -4.942300E+00
        51   2  9.726647E+01  4.274447E+01  9.993282E+00  1.288634E-13 -3.459956E-12 -4.942300E+00
        51   3  1.132157E+02  5.937467E+01  2.688696E+01  8.388582E-13  5.713056E-13 -8.960842E+00
        51   4  1.132157E+02  5.937467E+01  2.688696E+01  2.014237E-12 -2.877418E-12 -8.960842E+00
        51   5  5.620406E+01 -1.925977E+00 -3.009933E+01 -1.094315E-12 -6.860044E-13 -4.508813E+00
        51   6  5.620406E+01 -1.925977E+00 -3.009933E+01 -3.265557E-14 -3.939045E-12 -4.508813E+00
        51   7  7.215934E+01  1.472025E+01 -1.319466E+01  2.502143E-12 -1.057339E-12 -8.337742E+00
        51   8  7.215934E+01  1.472025E+01 -1.319466E+01  3.571863E-12 -4.530832E-12 -8.337742E+00
        52   1  9.726647E+01  4.274447E+01  9.993282E+00  1.938051E-12 -3.040395E-12 -4.942300E+00
        52   2  9.726647E+01  4.274447E+01  9.993282E+00 -2.445456E-12  3.609877E-13 -4.942300E+00
        52   3  1.132157E+02  5.937467E+01  2.688696E+01  1.301191E-12 -1.963156E-12 -8.960842E+00
        52   4  1.132157E+02  5.937467E+01  2.688696E+01 -3.092837E-12  1.322258E-12 -8.960842E+00
        52   5  5.620406E+01 -1.925977E+00 -3.009933E+01  1.558087E-12 -3.920294E-12 -4.508813E+00
        52   6  5.620406E+01 -1.925977E+00 -3.009933E+01 -2.874227E-12 -5.296889E-13 -4.508813E+00
        52   7  7.215934E+01  1.472025E+01 -1.319466E+01 -6.410843E-13 -2.728145E-12 -8.337742E+00
        52   8  7.215934E+01  1.472025E+01 -1.319466E+01 -5.082266E-12  5.998428E-13 -8.337742E+00
        53   1  9.726647E+01  4.274447E+01  9.993282E+00 -2.246497E-12  1.039872E-12 -4.942300E+00
        53   2  9.726647E+01  4.274447E+01  9.993282E+00  3.818286E-13  1.677982E-13 -4.942300E+00
        53   3  1.132157E+02  5.937467E+01  2.688696E+01 -1.458815E-12  3.417279E-12 -8.960842E+00
        53   4  1.132157E+02  5.937467E+01  2.688696E+01  1.172485E-12  3.105694E-12 -8.960842E+00
        53   5  5.620406E+01 -1.925977E+00 -3.009933E+01 -3.896073E-12  2.183948E-12 -4.508813E+00
        53   6  5.620406E+01 -1.925977E+00 -3.009933E+01 -9.839272E-13  1.304488E-12 -4.508813E+00
        53   7  7.215934E+01  1.472025E+01 -1.319466E+01 -1.271503E-12  4.348991E-12 -8.337742E+00
        53   8  7.215934E+01  1.472025E+01 -1.319466E+01  1.637052E-12  3.983788E-12 -8.337742E+00
        54   1  9.726647E+01  4.274447E+01  9.993282E+00 -1.916879E-12 -1.064678E-12 -4.942300E+00
        54   2  9.726647E+01  4.274447E+01  9.993282E+00 -4.449802E-13 -1.651185E-12 -4.942300E+00
        54   3  1.132157E+02  5.937467E+01  2.688696E+01 -2.346229E-13 -1.592504E-12 -8.960842E+00
        54   4  1.132157E+02  5.937467E+01  2.688696E+01  1.237943E-12 -1.757895E-12 -8.960842E+00
        54   5  5.620406E+01 -1.925977E+00 -3.009933E+01 -5.259665E-13 -8.608018E-13 -4.508813E+00
        54   6  5.620406E+01 -1.925977E+00 -3.009933E+01  1.149565E-12 -1.420451E-12 -4.508813E+00
        54   7  7.215934E+01  1.472025E+01 -1.319466E+01 -1.158586E-12 -1.304379E-12 -8.337742E+00
        54   8  7.215934E+01  1.472025E+01 -1.319466E+01  5.227941E-13 -1.416417E-12 -8.337742E+00
        55   1  9.726647E+01  4.274447E+01  9.993282E+00  1.118008E-12 -8.274483E-13 -4.942300E+00
        55   2  9.726647E+01  4.274447E+01  9.993282E+00  9.469622E-13  3.178709E-12 -4.942300E+00
        55   3  1.132157E+02  5.937467E+01  2.688696E+01 -1.979726E-12 -4.225040E-12 -8.960842E+00
        55   4  1.132157E+02  5.937467E+01  2.688696E+01 -2.150303E-12 -1.550401E-12 -8.960842E+00
        55   5  5.620406E+01 -1.925977E+00 -3.009933E+01  1.281791E-12 -2.040087E-12 -4.508813E+00
        55   6  5.620406E+01 -1.925977E+00 -3.009933E+01  4.568725E-13  1.941193E-12 -4.508813E+00
        55   7  7.215934E+01  1.472025E+01 -1.319466E+01  5.379972E-13 -1.981450E-12 -8.337742E+00
        55   8  7.215934E+01  1.472025E+01 -1.319466E+01 -2.876478E-13  6.558489E-13 -8.337742E+00
        56   1  9.726647E+01  4.274447E+01  9.993282E+00 -1.844394E-12  7.593407E-13 -4.942300E+00
        56   2  9.726647E+01  4.274447E+01  9.993282E+00 -4.523647E-12 -4.020103E-12 -4.942300E+00
        56   3  1.132157E+02  5.937467E+01  2.688696E+01  1.334814E-13  5.301633E-12 -8.960842E+00
        56   4  1.132157E+02  5.937467E+01  2.688696E+01 -2.543863E-12  1.671135E-12 -8.960842E+00
        56   5  5.620406E+01 -1.925977E+00 -3.009933E+01 -2.039224E-12  3.333187E-12 -4.508813E+00
        56   6  5.620406E+01 -1.925977E+00 -3.009933E+01 -4.129624E-12 -1.458250E-12 -4.508813E+00
        56   7  7.215934E+01  1.472025E+01 -1.319466E+01 -2.802831E-12  3.748908E-12 -8.337742E+00
        56   8  7.215934E+01  1.472025E+01 -1.319466E+01 -4.890916E-12  1.430228E-13 -8.337742E+00
        57   1  9.726647E+01  4.274447E+01  9.993282E+00 -1.194612E-12 -1.096716E-12 -4.942300E+00
        57   2  9.726647E+01  4.274447E+01  9.993282E+00  1.469477E-12  3.791731E-12 -4.942300E+00
        57   3  1.132157E+02  5.937467E+01  2.688696E+01 -2.421423E-12  6.548153E-13 -8.960842E+00
        57   4  1.132157E+02  5.937467E+01  2.688696E+01  2.199410E-13  5.642430E-12 -8.960842E+00
        57   5  5.620406E+01 -1.925977E+00 -3.009933E+01 -2.206749E-12 -4.538769E-12 -4.508813E+00
        57   6  5.620406E+01 -1.925977E+00 -3.009933E+01  4.681887E-13  4.171218E-13 -4.508813E+00
        57   7  7.215934E+01  1.472025E+01 -1.319466E+01 -2.800665E-12 -4.866186E-14 -8.337742E+00
        57   8  7.215934E+01  1.472025E+01 -1.319466E+01 -1.535712E-13  4.936148E-12 -8.337742E+00
        58   1  9.726647E+01  4.274447E+01  9.993282E+00  2.225981E-12  1.366658E-12 -4.942300E+00
        58   2  9.726647E+01  4.274447E+01  9.993282E+00  3.884308E-12 -6.657895E-13 -4.942300E+00
        58   3  1.132157E+02  5.937467E+01  2.688696E+01  2.236675E-12 -2.238031E-12 -8.960842E+00
        58   4  1.132157E+02  5.937467E+01  2.688696E+01  3.971922E-12 -9.792613E-12 -8.960842E+00
        58   5  5.620406E+01 -1.925977E+00 -3.009933E+01  1.997945E-12  4.089198E-12 -4.508813E+00
        58   6  5.620406E+01 -1.925977E+00 -3.009933E+01  9.126747E-13  2.034843E-12 -4.508813E+00
        58   7  7.215934E+01  1.472025E+01 -1.319466E+01  5.710081E-12 -2.807638E-12 -8.337742E+00
        58   8  7.215934E+01  1.472025E+01 -1.319466E+01  4.704691E-12 -1.036637E-11 -8.337742E+00
        59   1  9.726647E+01  4.274447E+01  9.993282E+00  5.081663E-12 -1.032441E-12 -4.942300E+00
        59   2  9.726647E+01  4.274447E+01  9.993282E+00  1.346402E-12 -7.013976E-13 -4.942300E+00
        59   3  1.132157E+02  5.937467E+01  2.688696E+01  3.732587E-12 -5.363457E-12 -8.960842E+00
        59   4  1.132157E+02  5.937467E+01  2.688696E+01 -1.021046E-13  4.713977E-12 -8.960842E+00
        59   5  5.620406E+01 -1.925977E+00 -3.009933E+01  2.625746E-12 -1.453840E-12 -4.508813E+00
        59   6  5.620406E+01 -1.925977E+00 -3.009933E+01  3.773246E-12 -1.118699E-12 -4.508813E+00
        59   7  7.215934E+01  1.472025E+01 -1.319466E+01 -2.157032E-12 -4.804370E-12 -8.337742E+00
        59   8  7.215934E+01  1.472025E+01 -1.319466E+01 -1.107130E-12  5.295627E-12 -8.337742E+00
        60   1  9.726647E+01  4.274447E+01  9.993282E+00 -1.452126E-12  1.203899E-12 -4.942300E+00
        60   2  9.726647E+01  4.274447E+01  9.993282E+00 -8.343363E-14  1.002665E-13 -4.942300E+00
        60   3  1.132157E+02  5.937467E+01  2.688696E+01 -9.284180E-14  4.963747E-12 -8.960842E+00
        60   4  1.132157E+02  5.937467E+01  2.688696E+01  1.323250E-12 -9.493887E-13 -8.960842E+00
        60   5  5.620406E+01 -1.925977E+00 -3.009933E+01  3.325951E-12  4.067496E-13 -4.508813E+00
        60   6  5.620406E+01 -1.925977E+00 -3.009933E+01  2.284751E-12 -7.141645E-13 -4.508813E+00
        60   7  7.215934E+01  1.472025E+01 -1.319466E+01  6.093845E-12  6.012301E-12 -8.337742E+00
        60   8  7.215934E+01  1.472025E+01 -1.319466E+01  5.100009E-12  7.271896E-14 -8.337742E+00

 equivalent plastic strain (elem, integ.pnt.,pe)for set ALLE and time  0.7000000E+01

         1   1  2.570000E-03
         1   2  2.570000E-03
         1   3  2.570000E-03
         1   4  2.570000E-03
         1   5  2.570000E-03
         1   6  2.570000E-03
         1   7  2.570000E-03
         1   8  2.570000E-03
         2   1  2.570000E-03
         2   2  2.570000E-03
         2   3  2.570000E-03
         2   4  2.570000E-03
         2   5  2.570000E-03
         2   6  2.570000E-03
         2   7  2.570000E-03
         2   8  2.570000E-03
         3   1  2.570000E-03
         3   2  2.570000E-03
         3   3  2.570000E-03
         3   4  2.570000E-03
         3   5  2.570000E-03
         3   6  2.570000E-03
         3   7  2.570000E-03
         3   8  2.570000E-03
         4   1  2.570000E-03
         4   2  2.570000E-03
         4   3  2.570000E-03
         4   4  2.570000E-03
         4   5  2.570000E-03
         4   6  2.570000E-03
         4   7  2.570000E-03
         4   8  2.570000E-03
         5   1  2.570000E-03
         5   2  2.570000E-03
         5   3  2.570000E-03
         5   4  2.570000E-03
         5   5  2.570000E-03
         5   6  2.570000E-03
         5   7  2.570000E-03
         5   8  2.570000E-03
         6   1  2.570000E-03
         6   2  2.570000E-03
         6   3  2.570000E-03
         6   4  2.570000E-03
         6   5  2.570000E-03
         6   6  2.570000E-03
         6   7  2.570000E-03
         6   8  2.570000E-03
         7   1  2.570000E-03
         7   2  2.570000E-03
         7   3  2.570000E-03
         7   4  2.570000E-03
         7   5  2.570000E-03
         7   6  2.570000E-03
         7   7  2.570000E-03
         7   8  2.570000E-03
         8   1  2.570000E-03
         8   2  2.570000E-03
         8   3  2.570000E-03
         8   4  2.570000E-03
         8   5  2.570000E-03
         8   6  2.570000E-03
         8   7  2.570000E-03
         8   8  2.570000E-03
         9   1  2.570000E-03
         9   2  2.570000E-03
         9   3  2.570000E-03
         9   4  2.570000E-03
         9   5  2.570000E-03
         9   6  2.570000E-03
         9   7  2.570000E-03
         9   8  2.570000E-03
        10   1  2.570000E-03
        10   2  2.570000E-03
        10   3  2.570000E-03
        10   4  2.570000E-03
        10   5  2.570000E-03
        10   6  2.570000E-03
        10   7  2.570000E-03
        10   8  2.570000E-03
        11   1  2.570000E-03
        11   2  2.570000E-03
        11   3  2.570000E-03
        11   4  2.570000E-03
        11   5  2.570000E-03
        11   6  2.570000E-03
        11   7  2.570000E-03
        11   8  2.570000E-03
        12   1  2.570000E-03
        12   2  2.570000E-03
        12   3  2.570000E-03
        12   4  2.570000E-03
        12   5  2.570000E-03
        12   6  2.570000E-03
        12   7  2.570000E-03
        12   8  2.570000E-03
        13   1  2.570000E-03
        13   2  2.570000E-03
        13   3  2.570000E-03
        13   4  2.570000E-03
        13   5  2.570000E-03
        13   6  2.570000E-03
        13   7  2.570000E-03
        13   8  2.570000E-03
        14   1  2.570000E-03
        14   2  2.570000E-03
        14   3  2.570000E-03
        14   4  2.570000E-03
        14   5  2.570000E-03
        14   6  2.570000E-03
        14   7  2.570000E-03
        14   8  2.570000E-03
        15   1  2.570000E-03
        15   2  2.570000E-03
        15   3  2.570000E-03
        15   4  2.570000E-03
        15   5  2.570000E-03
        15   6  2.570000E-03
        15   7  2.570000E-03
        15   8  2.570000E-03
        16   1  2.570000E-03
        16   2  2.570000E-03
        16   3  2.570000E-03
        16   4  2.570000E-03
        16   5  2.570000E-03
        16   6  2.570000E-03
        16   7  2.570000E-03
        16   8  2.570000E-03
        17   1  2.570000E-03
        17   2  2.570000E-03
        17   3  2.570000E-03
        17   4  2.570000E-03
        17   5  2.570000E-03
        17   6  2.570000E-03
        17   7  2.570000E-03
        17   8  2.570000E-03
        18   1  2.570000E-03
        18   2  2.570000E-03
        18   3  2.570000E-03
        18   4  2.570000E-03
        18   5  2.570000E-03
        18   6  2.570000E-03
        18   7  2.570000E-03
        18   8  2.570000E-03
        19   1  2.570000E-03
        19   2  2.570000E-03
        19   3  2.570000E-03
        19   4  2.570000E-03
        19   5  2.570000E-03
        19   6  2.570000E-03
        19   7  2.570000E-03
        19   8  2.570000E-03
        20   1  2.570000E-03
        20   2  2.570000E-03
        20   3  2.570000E-03
        20   4  2.570000E-03
        20   5  2.570000E-03
        20   6  2.570000E-03
        20   7  2.570000E-03
        20   8  2.570000E-03
        21   1  2.570000E-03
        21   2  2.570000E-03
        21   3  2.570000E-03
        21   4  2.570000E-03
        21   5  2.570000E-03
        21   6  2.570000E-03
        21   7  2.570000E-03
        21   8  2.570000E-03
        22   1  2.570000E-03
        22   2  2.570000E-03
        22   3  2.570000E-03
        22   4  2.570000E-03
        22   5  2.570000E-03
        22   6  2.570000E-03
        22   7  2.570000E-03
        22   8  2.570000E-03
        23   1  2.570000E-03
        23   2  2.570000E-03
        23   3  2.570000E-03
        23   4  2.570000E-03
        23   5  2.570000E-03
        23   6  2.570000E-03
        23   7  2.570000E-03
        23   8  2.570000E-03
        24   1  2.570000E-03
        24   2  2.570000E-03
        24   3  2.570000E-03
        24   4  2.570000E-03
        24   5  2.570000E-03
        24   6  2.570000E-03
        24   7  2.570000E-03
        24   8  2.570000E-03
        25   1  2.570000E-03
        25   2  2.570000E-03
        25   3  2.570000E-03
        25   4  2.570000E-03
        25   5  2.570000E-03
        25   6  2.570000E-03
        25   7  2.570000E-03
        25   8  2.570000E-03
        26   1  2.570000E-03
        26   2  2.570000E-03
        26   3  2.570000E-03
        26   4  2.570000E-03
        26   5  2.570000E-03
        26   6  2.570000E-03
        26   7  2.570000E-03
        26   8  2.570000E-03
        27   1  2.570000E-03
        27   2  2.570000E-03
        27   3  2.570000E-03
        27   4  2.570000E-03
        27   5  2.570000E-03
        27   6  2.570000E-03
        27   7  2.570000E-03
        27   8  2.570000E-03
        28   1  2.570000E-03
        28   2  2.570000E-03
        28   3  2.570000E-03
        28   4  2.570000E-03
        28   5  2.570000E-03
        28   6  2.570000E-03
        28   7  2.570000E-03
        28   8  2.570000E-03
        29   1  2.570000E-03
        29   2  2.570000E-03
        29   3  2.570000E-03
        29   4  2.570000E-03
        29   5  2.570000E-03
        29   6  2.570000E-03
        29   7  2.570000E-03
        29   8  2.570000E-03
        30   1  2.570000E-03
        30   2  2.570000E-03
        30   3  2.570000E-03
        30   4  2.570000E-03
        30   5  2.570000E-03
        30   6  2.570000E-03
        30   7  2.570000E-03
        30   8  2.570000E-03
        31   1  2.570000E-03
        31   2  2.570000E-03
        31   3  2.570000E-03
        31   4  2.570000E-03
        31   5  2.570000E-03
        31   6  2.570000E-03
        31   7  2.570000E-03
        31   8  2.570000E-03
        32   1  2.570000E-03
        32   2  2.570000E-03
        32   3  2.570000E-03
        32   4  2.570000E-03
        32   5  2.570000E-03
        32   6  2.570000E-03
        32   7  2.570000E-03
        32   8  2.570000E-03
        33   1  2.570000E-03
        33   2  2.570000E-03
        33   3  2.570000E-03
        33   4  2.570000E-03
        33   5  2.570000E-03
        33   6  2.570000E-03
        33   7  2.570000E-03
        33   8  2.570000E-03
        34   1  2.570000E-03
        34   2  2.570000E-03
        34   3  2.570000E-03
        34   4  2.570000E-03
        34   5  2.570000E-03
        34   6  2.570000E-03
        34   7  2.570000E-03
        34   8  2.570000E-03
        35   1  2.570000E-03
        35   2  2.570000E-03
        35   3  2.570000E-03
        35   4  2.570000E-03
        35   5  2.570000E-03
        35   6  2.570000E-03
        35   7  2.570000E-03
        35   8  2.570000E-03
        36   1  2.570000E-03
        36   2  2.570000E-03
        36   3  2.570000E-03
        36   4  2.570000E-03
        36   5  2.570000E-03
        36   6  2.570000E-03
        36   7  2.570000E-03
        36   8  2.570000E-03
        37   1  2.570000E-03
        37   2  2.570000E-03
        37   3  2.570000E-03
        37   4  2.570000E-03
        37   5  2.570000E-03
        37   6  2.570000E-03
        37   7  2.570000E-03
        37   8  2.570000E-03
        38   1  2.570000E-03
        38   2  2.570000E-03
        38   3  2.570000E-03
        38   4  2.570000E-03
        38   5  2.570000E-03
        38   6  2.570000E-03
        38   7  2.570000E-03
        38   8  2.570000E-03
        39   1  2.570000E-03
        39   2  2.570000E-03
        39   3  2.570000E-03
        39   4  2.570000E-03
        39   5  2.570000E-03
        39   6  2.570000E-03
        39   7  2.570000E-03
        39   8  2.570000E-03
        40   1  2.570000E-03
        40   2  2.570000E-03
        40   3  2.570000E-03
        40   4  2.570000E-03
        40   5  2.570000E-03
        40   6  2.570000E-03
        40   7  2.570000E-03
        40   8  2.570000E-03
        41   1  2.050995E-03
        41   2  2.050995E-03
        41   3  2.043561E-03
        41   4  2.043561E-03
        41   5  2.077859E-03
        41   6  2.077859E-03
        41   7  2.072895E-03
        41   8  2.072895E-03
        42   1  2.050995E-03
        42   2  2.050995E-03
        42   3  2.043561E-03
        42   4  2.043561E-03
        42   5  2.077859E-03
        42   6  2.077859E-03
        42   7  2.072895E-03
        42   8  2.072895E-03
        43   1  2.050995E-03
        43   2  2.050995E-03
        43   3  2.043561E-03
        43   4  2.043561E-03
        43   5  2.077859E-03
        43   6  2.077859E-03
        43   7  2.072895E-03
        43   8  2.072895E-03
        44   1  2.050995E-03
        44   2  2.050995E-03
        44   3  2.043561E-03
        44   4  2.043561E-03
        44   5  2.077859E-03
        44   6  2.077859E-03
        44   7  2.072895E-03
        44   8  2.072895E-03
        45   1  2.050995E-03
        45   2  2.050995E-03
        45   3  2.043561E-03
        45   4  2.043561E-03
        45   5  2.077859E-03
        45   6  2.077859E-03
        45   7  2.072895E-03
        45   8  2.072895E-03
        46   1  2.050995E-03
        46   2  2.050995E-03
        46   3  2.043561E-03
        46   4  2.043561E-03
        46   5  2.077859E-03
        46   6  2.077859E-03
        46   7  2.072895E-03
        46   8  2.072895E-03
        47   1  2.050995E-03
        47   2  2.050995E-03
        47   3  2.043561E-03
        47   4  2.043561E-03
        47   5  2.077859E-03
        47   6  2.077859E-03
        47   7  2.072895E-03
        47   8  2.072895E-03
        48   1  2.050995E-03
        48   2  2.050995E-03
        48   3  2.043561E-03
        48   4  2.043561E-03
        48   5  2.077859E-03
        48   6  2.077859E-03
        48   7  2.072895E-03
        48   8  2.072895E-03
        49   1  2.050995E-03
        49   2  2.050995E-03
        49   3  2.043561E-03
        49   4  2.043561E-03
        49   5  2.077859E-03
        49   6  2.077859E-03
        49   7  2.072895E-03
        49   8  2.072895E-03
        50   1  2.050995E-03
        50   2  2.050995E-03
        50   3  2.043561E-03
        50   4  2.043561E-03
        50   5  2.077859E-03
        50   6  2.077859E-03
        50   7  2.072895E-03
        50   8  2.072895E-03
        51   1  2.043539E-03
        51   2  2.043539E-03
        51   3  2.053147E-03
        51   4  2.053147E-03
        51   5  2.086276E-03
        51   6  2.086276E-03
        51   7  2.094839E-03
        51   8  2.094839E-03
        52   1  2.043539E-03
        52   2  2.043539E-03
        52   3  2.053147E-03
        52   4  2.053147E-03
        52   5  2.086276E-03
        52   6  2.086276E-03
        52   7  2.094839E-03
        52   8  2.094839E-03
        53   1  2.043539E-03
        53   2  2.043539E-03
        53   3  2.053147E-03
        53   4  2.053147E-03
        53   5  2.086276E-03
        53   6  2.086276E-03
        53   7  2.094839E-03
        53   8  2.094839E-03
        54   1  2.043539E-03
        54   2  2.043539E-03
        54   3  2.053147E-03
        54   4  2.053147E-03
        54   5  2.086276E-03
        54   6  2.086276E-03
        54   7  2.094839E-03
        54   8  2.094839E-03
        55   1  2.043539E-03
        55   2  2.043539E-03
        55   3  2.053147E-03
        55   4  2.053147E-03
        55   5  2.086276E-03
        55   6  2.086276E-03
        55   7  2.094839E-03
        55   8  2.094839E-03
        56   1  2.043539E-03
        56   2  2.043539E-03
        56   3  2.053147E-03
        56   4  2.053147E-03
        56   5  2.086276E-03
        56   6  2.086276E-03
        56   7  2.094839E-03
        56   8  2.094839E-03
        57   1  2.043539E-03
        57   2  2.043539E-03
        57   3  2.053147E-03
        57   4  2.053147E-03
        57   5  2.086276E-03
        57   6  2.086276E-03
        57   7  2.094839E-03
        57   8  2.094839E-03
        58   1  2.043539E-03
        58   2  2.043539E-03
        58   3  2.053147E-03
        58   4  2.053147E-03
        58   5  2.086276E-03
        58   6  2.086276E-03
        58   7  2.094839E-03
        58   8  2.094839E-03
        59   1  2.043539E-03
        59   2  2.043539E-03
        59   3  2.053147E-03
        59   4  2.053147E-03
        59   5  2.086276E-03
        59   6  2.086276E-03
        59   7  2.094839E-03
        59   8  2.094839E-03
        60   1  2.043539E-03
        60   2  2.043539E-03
        60   3  2.053147E-03
        60   4  2.053147E-03
        60   5  2.086276E-03
        60   6  2.086276E-03
        60   7  2.094839E-03
        60   8  2.094839E-03

 mechanical strains (elem, integ.pnt.,exx,eyy,ezz,exy,exz,eyz) for set ALLE and time  0.7000000E+01

         1   1 -1.999980E-05 -1.012924E-06  4.580338E-05 -6.406415E-18 -1.093901E-17 -8.706064E-06
         1   2 -1.999980E-05 -1.012924E-06  4.580338E-05 -2.145704E-17 -3.459172E-17 -8.706064E-06
         1   3 -1.999980E-05 -1.012924E-06  2.688385E-05 -8.858790E-18 -1.714963E-18 -2.776120E-05
         1   4 -1.999980E-05 -1.012924E-06  2.688385E-05 -2.390942E-17 -4.310220E-18 -2.776120E-05
         1   5 -1.999980E-05 -2.006783E-05  4.580338E-05 -3.036442E-18 -1.717167E-17 -1.343617E-05
         1   6 -1.999980E-05 -2.006783E-05  4.580338E-05 -7.557814E-18 -4.082438E-17 -1.343617E-05
         1   7 -1.999980E-05 -2.006783E-05  2.688385E-05 -6.809971E-18 -3.804661E-18 -3.249085E-05
         1   8 -1.999980E-05 -2.006783E-05  2.688385E-05 -1.133134E-17 -6.399918E-18 -3.249085E-05
         2   1 -1.999980E-05 -1.012924E-06  4.580338E-05 -1.484806E-17 -2.904821E-17 -8.706064E-06
         2   2 -1.999980E-05 -1.012924E-06  4.580338E-05 -1.193425E-18  1.010193E-17 -8.706064E-06
         2   3 -1.999980E-05 -1.012924E-06  2.688385E-05  2.152715E-18 -4.923206E-18 -2.776120E-05
         2   4 -1.999980E-05 -1.012924E-06  2.688385E-05  1.580831E-17 -6.580573E-19 -2.776120E-05
         2   5 -1.999980E-05 -2.006783E-05  4.580338E-05 -2.842046E-18 -3.564852E-17 -1.343617E-05
         2   6 -1.999980E-05 -2.006783E-05  4.580338E-05 -6.629902E-18  3.503529E-18 -1.343617E-05
         2   7 -1.999980E-05 -2.006783E-05  2.688385E-05  1.457809E-17 -1.035890E-17 -3.249085E-05
         2   8 -1.999980E-05 -2.006783E-05  2.688385E-05  1.078981E-17 -6.094173E-18 -3.249085E-05
         3   1 -1.999980E-05 -1.012924E-06  4.580338E-05 -5.173268E-19  2.386205E-17 -8.706064E-06
         3   2 -1.999980E-05 -1.012924E-06  4.580338E-05 -8.771286E-18  1.627745E-17 -8.706064E-06
         3   3 -1.999980E-05 -1.012924E-06  2.688385E-05  1.292199E-17  4.867375E-18 -2.776120E-05
         3   4 -1.999980E-05 -1.012924E-06  2.688385E-05  4.665705E-18  4.089814E-18 -2.776120E-05
         3   5 -1.999980E-05 -2.006783E-05  4.580338E-05 -1.131655E-17  2.326603E-17 -1.343617E-05
         3   6 -1.999980E-05 -2.006783E-05  4.580338E-05 -1.617080E-17  1.566618E-17 -1.343617E-05
         3   7 -1.999980E-05 -2.006783E-05  2.688385E-05  1.946333E-18  1.104073E-17 -3.249085E-05
         3   8 -1.999980E-05 -2.006783E-05  2.688385E-05 -2.910881E-18  1.025724E-17 -3.249085E-05
         4   1 -1.999980E-05 -1.012924E-06  4.580338E-05 -1.728886E-17  1.002530E-17 -8.706064E-06
         4   2 -1.999980E-05 -1.012924E-06  4.580338E-05 -2.034447E-17 -3.145803E-18 -8.706064E-06
         4   3 -1.999980E-05 -1.012924E-06  2.688385E-05 -1.581164E-17  8.252577E-18 -2.776120E-05
         4   4 -1.999980E-05 -1.012924E-06  2.688385E-05 -1.887043E-17  2.082060E-17 -2.776120E-05
         4   5 -1.999980E-05 -2.006783E-05  4.580338E-05 -1.836844E-17  1.312160E-17 -1.343617E-05
         4   6 -1.999980E-05 -2.006783E-05  4.580338E-05 -8.543905E-18 -6.262428E-20 -1.343617E-05
         4   7 -1.999980E-05 -2.006783E-05  2.688385E-05 -1.608494E-17  1.401493E-17 -3.249085E-05
         4   8 -1.999980E-05 -2.006783E-05  2.688385E-05 -6.260397E-18  2.657618E-17 -3.249085E-05
         5   1 -1.999980E-05 -1.012924E-06  4.580338E-05 -1.242203E-17 -9.641109E-18 -8.706064E-06
         5   2 -1.999980E-05 -1.012924E-06  4.580338E-05  1.796382E-17  3.123846E-18 -8.706064E-06
         5   3 -1.999980E-05 -1.012924E-06  2.688385E-05 -1.662151E-17  1.185945E-17 -2.776120E-05
         5   4 -1.999980E-05 -1.012924E-06  2.688385E-05  1.375820E-17 -5.772032E-18 -2.776120E-05
         5   5 -1.999980E-05 -2.006783E-05  4.580338E-05 -1.835657E-18 -2.380452E-17 -1.343617E-05
         5   6 -1.999980E-05 -2.006783E-05  4.580338E-05  1.334965E-17 -1.104168E-17 -1.343617E-05
         5   7 -1.999980E-05 -2.006783E-05  2.688385E-05 -6.221938E-18 -1.800472E-18 -3.249085E-05
         5   8 -1.999980E-05 -2.006783E-05  2.688385E-05  8.958283E-18 -1.944382E-17 -3.249085E-05
         6   1 -1.999980E-05 -1.012924E-06  4.580338E-05  2.452077E-17  1.117648E-17 -8.706064E-06
         6   2 -1.999980E-05 -1.012924E-06  4.580338E-05  2.585609E-17 -8.460670E-19 -8.706064E-06
         6   3 -1.999980E-05 -1.012924E-06  2.688385E-05  6.541872E-18 -6.153178E-18 -2.776120E-05
         6   4 -1.999980E-05 -1.012924E-06  2.688385E-05  7.872534E-18 -1.325117E-17 -2.776120E-05
         6   5 -1.999980E-05 -2.006783E-05  4.580338E-05  1.694528E-17  1.817459E-17 -1.343617E-05
         6   6 -1.999980E-05 -2.006783E-05  4.580338E-05  2.074838E-17  6.169834E-18 -1.343617E-05
         6   7 -1.999980E-05 -2.006783E-05  2.688385E-05  3.506469E-18  3.949121E-18 -3.249085E-05
         6   8 -1.999980E-05 -2.006783E-05  2.688385E-05  7.299407E-18 -3.128544E-18 -3.249085E-05
         7   1 -1.999980E-05 -1.012924E-06  4.580338E-05  2.292547E-17 -1.345003E-17 -8.706064E-06
         7   2 -1.999980E-05 -1.012924E-06  4.580338E-05 -6.345290E-18 -2.048619E-17 -8.706064E-06
         7   3 -1.999980E-05 -1.012924E-06  2.688385E-05  2.495230E-17 -1.844982E-17 -2.776120E-05
         7   4 -1.999980E-05 -1.012924E-06  2.688385E-05 -4.329464E-18 -1.088766E-17 -2.776120E-05
         7   5 -1.999980E-05 -2.006783E-05  4.580338E-05  1.342789E-17 -2.175882E-17 -1.343617E-05
         7   6 -1.999980E-05 -2.006783E-05  4.580338E-05 -8.519987E-18 -2.882039E-17 -1.343617E-05
         7   7 -1.999980E-05 -2.006783E-05  2.688385E-05 -1.790510E-18 -2.300332E-17 -3.249085E-05
         7   8 -1.999980E-05 -2.006783E-05  2.688385E-05 -2.374686E-17 -1.543099E-17 -3.249085E-05
         8   1 -1.999980E-05 -1.012924E-06  4.580338E-05 -1.016971E-17 -1.422163E-17 -8.706064E-06
         8   2 -1.999980E-05 -1.012924E-06  4.580338E-05  1.282254E-17  3.140500E-18 -8.706064E-06
         8   3 -1.999980E-05 -1.012924E-06  2.688385E-05 -1.227627E-17 -6.290214E-18 -2.776120E-05
         8   4 -1.999980E-05 -1.012924E-06  2.688385E-05  1.070242E-17  2.385851E-19 -2.776120E-05
         8   5 -1.999980E-05 -2.006783E-05  4.580338E-05  2.050030E-19 -1.565168E-17 -1.343617E-05
         8   6 -1.999980E-05 -2.006783E-05  4.580338E-05  1.774670E-17  1.685895E-18 -1.343617E-05
         8   7 -1.999980E-05 -2.006783E-05  2.688385E-05  1.322372E-17 -1.244314E-17 -3.249085E-05
         8   8 -1.999980E-05 -2.006783E-05  2.688385E-05  3.077050E-17 -5.931279E-18 -3.249085E-05
         9   1 -1.999980E-05 -1.012924E-06  4.580338E-05  1.860959E-17  1.464004E-17 -8.706064E-06
         9   2 -1.999980E-05 -1.012924E-06  4.580338E-05  6.332513E-18  1.858714E-17 -8.706064E-06
         9   3 -1.999980E-05 -1.012924E-06  2.688385E-05  2.162862E-17  7.372395E-18 -2.776120E-05
         9   4 -1.999980E-05 -1.012924E-06  2.688385E-05  9.356204E-18  3.787823E-18 -2.776120E-05
         9   5 -1.999980E-05 -2.006783E-05  4.580338E-05  1.542697E-17  2.328565E-17 -1.343617E-05
         9   6 -1.999980E-05 -2.006783E-05  4.580338E-05 -6.324505E-19  2.723613E-17 -1.343617E-05
         9   7 -1.999980E-05 -2.006783E-05  2.688385E-05  2.064159E-17  1.799898E-17 -3.249085E-05
         9   8 -1.999980E-05 -2.006783E-05  2.688385E-05  4.578780E-18  1.443134E-17 -3.249085E-05
        10   1 -1.999980E-05 -1.012924E-06  4.580338E-05  4.082579E-18  1.298892E-17 -8.706064E-06
        10   2 -1.999980E-05 -1.012924E-06  4.580338E-05  3.656530E-18  3.282118E-18 -8.706064E-06
        10   3 -1.999980E-05 -1.012924E-06  2.688385E-05  1.363043E-17 -1.606959E-18 -2.776120E-05
        10   4 -1.999980E-05 -1.012924E-06  2.688385E-05  1.319591E-17 -7.701072E-19 -2.776120E-05
        10   5 -1.999980E-05 -2.006783E-05  4.580338E-05 -5.165936E-18  1.218317E-17 -1.343617E-05
        10   6 -1.999980E-05 -2.006783E-05  4.580338E-05 -3.091464E-19  2.430629E-18 -1.343617E-05
        10   7 -1.999980E-05 -2.006783E-05  2.688385E-05 -1.136675E-18 -2.773915E-18 -3.249085E-05
        10   8 -1.999980E-05 -2.006783E-05  2.688385E-05  3.723503E-18 -1.909959E-18 -3.249085E-05
        11   1 -1.999980E-05  1.182614E-05  6.162569E-05 -5.679953E-18 -1.932377E-18 -2.527766E-05
        11   2 -1.999980E-05  1.182614E-05  6.162569E-05 -2.756742E-18 -4.719589E-18 -2.527766E-05
        11   3 -1.999980E-05  1.182614E-05  1.754694E-04 -1.251637E-17 -1.175343E-17 -3.262418E-05
        11   4 -1.999980E-05  1.182614E-05  1.754694E-04 -9.593159E-18 -3.611784E-17 -3.262418E-05
        11   5 -1.999980E-05  4.481263E-06  6.162569E-05 -6.146717E-18 -4.429727E-18  3.181633E-06
        11   6 -1.999980E-05  4.481263E-06  6.162569E-05 -1.401295E-17 -7.217468E-18  3.181633E-06
        11   7 -1.999980E-05  4.481263E-06  1.754694E-04  2.786846E-18 -1.949832E-17 -4.161597E-06
        11   8 -1.999980E-05  4.481263E-06  1.754694E-04 -5.079392E-18 -4.386104E-17 -4.161597E-06
        12   1 -1.999980E-05  1.182614E-05  6.162569E-05  1.810748E-17 -3.817890E-18 -2.527766E-05
        12   2 -1.999980E-05  1.182614E-05  6.162569E-05 -1.974387E-17  4.370108E-18 -2.527766E-05
        12   3 -1.999980E-05  1.182614E-05  1.754694E-04  1.115113E-17 -2.493495E-17 -3.262418E-05
        12   4 -1.999980E-05  1.182614E-05  1.754694E-04 -2.670165E-17  2.887767E-17 -3.262418E-05
        12   5 -1.999980E-05  4.481263E-06  6.162569E-05  7.371227E-18 -9.260384E-18  3.181633E-06
        12   6 -1.999980E-05  4.481263E-06  6.162569E-05 -7.673047E-18 -1.073656E-18  3.181633E-06
        12   7 -1.999980E-05  4.481263E-06  1.754694E-04 -2.656543E-18 -3.156300E-17 -4.161597E-06
        12   8 -1.999980E-05  4.481263E-06  1.754694E-04 -1.769976E-17  2.225258E-17 -4.161597E-06
        13   1 -1.999980E-05  1.182614E-05  6.162569E-05 -2.018753E-17  9.441969E-18 -2.527766E-05
        13   2 -1.999980E-05  1.182614E-05  6.162569E-05  1.048556E-17  1.593942E-18 -2.527766E-05
        13   3 -1.999980E-05  1.182614E-05  1.754694E-04 -4.314490E-18  4.092101E-17 -3.262418E-05
        13   4 -1.999980E-05  1.182614E-05  1.754694E-04  2.635977E-17  6.992940E-18 -3.262418E-05
        13   5 -1.999980E-05  4.481263E-06  6.162569E-05 -6.791990E-18  1.748566E-17  3.181633E-06
        13   6 -1.999980E-05  4.481263E-06  6.162569E-05  1.083950E-17  9.633394E-18  3.181633E-06
        13   7 -1.999980E-05  4.481263E-06  1.754694E-04  2.673047E-18  4.732310E-17 -4.161597E-06
        13   8 -1.999980E-05  4.481263E-06  1.754694E-04  2.030538E-17  1.339672E-17 -4.161597E-06
        14   1 -1.999980E-05  1.182614E-05  6.162569E-05 -3.507137E-18  4.936514E-18 -2.527766E-05
        14   2 -1.999980E-05  1.182614E-05  6.162569E-05  6.389186E-18  2.591287E-17 -2.527766E-05
        14   3 -1.999980E-05  1.182614E-05  1.754694E-04 -9.849320E-18 -2.262925E-18 -3.262418E-05
        14   4 -1.999980E-05  1.182614E-05  1.754694E-04  4.890879E-20  1.583442E-17 -3.262418E-05
        14   5 -1.999980E-05  4.481263E-06  6.162569E-05 -2.553657E-18  9.032786E-18  3.181633E-06
        14   6 -1.999980E-05  4.481263E-06  6.162569E-05  5.919044E-18  2.999940E-17  3.181633E-06
        14   7 -1.999980E-05  4.481263E-06  1.754694E-04 -3.842343E-18 -5.401599E-18 -4.161597E-06
        14   8 -1.999980E-05  4.481263E-06  1.754694E-04  4.630358E-18  1.268897E-17 -4.161597E-06
        15   1 -1.999980E-05  1.182614E-05  6.162569E-05  2.468037E-18  1.585761E-17 -2.527766E-05
        15   2 -1.999980E-05  1.182614E-05  6.162569E-05  1.770056E-17 -1.860154E-17 -2.527766E-05
        15   3 -1.999980E-05  1.182614E-05  1.754694E-04 -1.287131E-17  5.299668E-18 -3.262418E-05
        15   4 -1.999980E-05  1.182614E-05  1.754694E-04  2.365241E-18 -4.466750E-17 -3.262418E-05
        15   5 -1.999980E-05  4.481263E-06  6.162569E-05 -5.278289E-18  5.998435E-18  3.181633E-06
        15   6 -1.999980E-05  4.481263E-06  6.162569E-05  2.195780E-18 -2.848528E-17  3.181633E-06
        15   7 -1.999980E-05  4.481263E-06  1.754694E-04 -2.153865E-17  5.294721E-18 -4.161597E-06
        15   8 -1.999980E-05  4.481263E-06  1.754694E-04 -1.406289E-17 -4.465720E-17 -4.161597E-06
        16   1 -1.999980E-05  1.182614E-05  6.162569E-05  3.753331E-18 -2.041752E-17 -2.527766E-05
        16   2 -1.999980E-05  1.182614E-05  6.162569E-05 -2.285695E-17 -1.100463E-17 -2.527766E-05
        16   3 -1.999980E-05  1.182614E-05  1.754694E-04  2.694153E-17 -4.208605E-17 -3.262418E-05
        16   4 -1.999980E-05  1.182614E-05  1.754694E-04  3.316797E-19  7.593132E-18 -3.262418E-05
        16   5 -1.999980E-05  4.481263E-06  6.162569E-05 -3.905422E-18 -1.023447E-17  3.181633E-06
        16   6 -1.999980E-05  4.481263E-06  6.162569E-05 -1.039187E-17 -8.105707E-19  3.181633E-06
        16   7 -1.999980E-05  4.481263E-06  1.754694E-04  5.060585E-18 -3.473829E-17 -4.161597E-06
        16   8 -1.999980E-05  4.481263E-06  1.754694E-04 -1.429252E-18  1.494766E-17 -4.161597E-06
        17   1 -1.999980E-05  1.182614E-05  6.162569E-05 -1.462135E-18 -9.860086E-18 -2.527766E-05
        17   2 -1.999980E-05  1.182614E-05  6.162569E-05  8.974797E-18 -3.804768E-18 -2.527766E-05
        17   3 -1.999980E-05  1.182614E-05  1.754694E-04  1.729864E-18  1.864899E-17 -3.262418E-05
        17   4 -1.999980E-05  1.182614E-05  1.754694E-04  1.217992E-17  5.682867E-18 -3.262418E-05
        17   5 -1.999980E-05  4.481263E-06  6.162569E-05 -4.089477E-18 -1.193386E-17  3.181633E-06
        17   6 -1.999980E-05  4.481263E-06  6.162569E-05 -3.132349E-18 -5.892938E-18  3.181633E-06
        17   7 -1.999980E-05  4.481263E-06  1.754694E-04  3.610909E-17  1.958758E-17 -4.161597E-06
        17   8 -1.999980E-05  4.481263E-06  1.754694E-04  3.706452E-17  6.631620E-18 -4.161597E-06
        18   1 -1.999980E-05  1.182614E-05  6.162569E-05  4.558754E-18 -3.307309E-19 -2.527766E-05
        18   2 -1.999980E-05  1.182614E-05  6.162569E-05  5.663439E-19  5.082548E-18 -2.527766E-05
        18   3 -1.999980E-05  1.182614E-05  1.754694E-04  8.772237E-18  7.914789E-18 -3.262418E-05
        18   4 -1.999980E-05  1.182614E-05  1.754694E-04  4.780250E-18  2.145010E-17 -3.262418E-05
        18   5 -1.999980E-05  4.481263E-06  6.162569E-05  2.031891E-17 -4.404058E-18  3.181633E-06
        18   6 -1.999980E-05  4.481263E-06  6.162569E-05  2.036465E-17  1.051572E-18  3.181633E-06
        18   7 -1.999980E-05  4.481263E-06  1.754694E-04 -1.008606E-17  1.424675E-17 -4.161597E-06
        18   8 -1.999980E-05  4.481263E-06  1.754694E-04 -1.004201E-17  2.780578E-17 -4.161597E-06
        19   1 -1.999980E-05  1.182614E-05  6.162569E-05  2.092177E-18  6.222866E-18 -2.527766E-05
        19   2 -1.999980E-05  1.182614E-05  6.162569E-05 -6.159029E-18 -4.280133E-18 -2.527766E-05
        19   3 -1.999980E-05  1.182614E-05  1.754694E-04 -1.559474E-18  1.023415E-17 -3.262418E-05
        19   4 -1.999980E-05  1.182614E-05  1.754694E-04 -9.809409E-18 -1.130716E-17 -3.262418E-05
        19   5 -1.999980E-05  4.481263E-06  6.162569E-05  1.009658E-17  1.013708E-17  3.181633E-06
        19   6 -1.999980E-05  4.481263E-06  6.162569E-05 -3.658965E-18 -3.693031E-19  3.181633E-06
        19   7 -1.999980E-05  4.481263E-06  1.754694E-04  2.320743E-18 -6.116296E-18 -4.161597E-06
        19   8 -1.999980E-05  4.481263E-06  1.754694E-04 -1.144496E-17 -2.764067E-17 -4.161597E-06
        20   1 -1.999980E-05  1.182614E-05  6.162569E-05  8.613289E-19 -8.394373E-18 -2.527766E-05
        20   2 -1.999980E-05  1.182614E-05  6.162569E-05  8.398924E-18 -2.880299E-18 -2.527766E-05
        20   3 -1.999980E-05  1.182614E-05  1.754694E-04 -1.382345E-17 -1.239701E-17 -3.262418E-05
        20   4 -1.999980E-05  1.182614E-05  1.754694E-04 -6.284165E-18 -4.784027E-18 -3.262418E-05
        20   5 -1.999980E-05  4.481263E-06  6.162569E-05 -4.546011E-18 -1.076466E-17  3.181633E-06
        20   6 -1.999980E-05  4.481263E-06  6.162569E-05  4.057977E-18 -5.259055E-18  3.181633E-06
        20   7 -1.999980E-05  4.481263E-06  1.754694E-04 -3.933921E-18 -1.778944E-17 -4.161597E-06
        20   8 -1.999980E-05  4.481263E-06  1.754694E-04  4.673456E-18 -1.014936E-17 -4.161597E-06
        21   1 -1.999980E-05 -3.908586E-05  8.159857E-05 -2.111208E-19 -8.619587E-18 -2.180000E-05
        21   2 -1.999980E-05 -3.908586E-05  8.159857E-05 -8.139845E-19 -2.780576E-18 -2.180000E-05
        21   3 -1.999980E-05 -3.908586E-05  6.452019E-05 -1.866611E-19 -3.194562E-18 -5.470342E-05
        21   4 -1.999980E-05 -3.908586E-05  6.452019E-05 -7.895248E-19  2.999666E-18 -5.470342E-05
        21   5 -1.999980E-05 -7.198871E-05  8.159857E-05  4.136690E-18 -8.507449E-18 -2.607018E-05
        21   6 -1.999980E-05 -7.198871E-05  8.159857E-05  3.712547E-18 -2.668438E-18 -2.607018E-05
        21   7 -1.999980E-05 -7.198871E-05  6.452019E-05  1.586301E-17 -8.231088E-18 -5.897244E-05
        21   8 -1.999980E-05 -7.198871E-05  6.452019E-05  1.543887E-17 -2.035166E-18 -5.897244E-05
        22   1 -1.999980E-05 -3.908586E-05  8.159857E-05  1.793434E-19 -1.156058E-17 -2.180000E-05
        22   2 -1.999980E-05 -3.908586E-05  8.159857E-05 -1.042133E-17 -2.919513E-17 -2.180000E-05
        22   3 -1.999980E-05 -3.908586E-05  6.452019E-05  1.411475E-17 -8.184020E-18 -5.470342E-05
        22   4 -1.999980E-05 -3.908586E-05  6.452019E-05  3.516462E-18 -2.813718E-17 -5.470342E-05
        22   5 -1.999980E-05 -7.198871E-05  8.159857E-05 -3.575461E-18 -2.190689E-17 -2.607018E-05
        22   6 -1.999980E-05 -7.198871E-05  8.159857E-05 -1.533564E-17 -3.954346E-17 -2.607018E-05
        22   7 -1.999980E-05 -7.198871E-05  6.452019E-05  4.211765E-19 -1.416917E-17 -5.897244E-05
        22   8 -1.999980E-05 -7.198871E-05  6.452019E-05 -1.133964E-17 -3.411978E-17 -5.897244E-05
        23   1 -1.999980E-05 -3.908586E-05  8.159857E-05 -1.420826E-17 -1.892639E-17 -2.180000E-05
        23   2 -1.999980E-05 -3.908586E-05  8.159857E-05 -1.617768E-17  2.097180E-18 -2.180000E-05
        23   3 -1.999980E-05 -3.908586E-05  6.452019E-05  1.949245E-18 -4.392624E-18 -5.470342E-05
        23   4 -1.999980E-05 -3.908586E-05  6.452019E-05 -2.324391E-20  2.562393E-17 -5.470342E-05
        23   5 -1.999980E-05 -7.198871E-05  8.159857E-05 -1.131094E-17 -3.305411E-17 -2.607018E-05
        23   6 -1.999980E-05 -7.198871E-05  8.159857E-05 -8.791070E-18 -1.202546E-17 -2.607018E-05
        23   7 -1.999980E-05 -7.198871E-05  6.452019E-05  1.293215E-17 -1.050917E-17 -5.897244E-05
        23   8 -1.999980E-05 -7.198871E-05  6.452019E-05  1.545244E-17  1.950823E-17 -5.897244E-05
        24   1 -1.999980E-05 -3.908586E-05  8.159857E-05 -1.746433E-17  2.586345E-17 -2.180000E-05
        24   2 -1.999980E-05 -3.908586E-05  8.159857E-05 -2.275430E-18  3.820279E-18 -2.180000E-05
        24   3 -1.999980E-05 -3.908586E-05  6.452019E-05 -1.805097E-17  3.317402E-17 -5.470342E-05
        24   4 -1.999980E-05 -3.908586E-05  6.452019E-05 -2.862705E-18  1.467350E-17 -5.470342E-05
        24   5 -1.999980E-05 -7.198871E-05  8.159857E-05 -1.390506E-17  6.014903E-17 -2.607018E-05
        24   6 -1.999980E-05 -7.198871E-05  8.159857E-05  3.061521E-18  3.811983E-17 -2.607018E-05
        24   7 -1.999980E-05 -7.198871E-05  6.452019E-05 -2.313013E-17  3.809624E-17 -5.897244E-05
        24   8 -1.999980E-05 -7.198871E-05  6.452019E-05 -6.163548E-18  1.959572E-17 -5.897244E-05
        25   1 -1.999980E-05 -3.908586E-05  8.159857E-05  2.744686E-18 -3.437917E-17 -2.180000E-05
        25   2 -1.999980E-05 -3.908586E-05  8.159857E-05  3.707532E-18  8.567931E-18 -2.180000E-05
        25   3 -1.999980E-05 -3.908586E-05  6.452019E-05 -2.765395E-19 -2.369263E-17 -5.470342E-05
        25   4 -1.999980E-05 -3.908586E-05  6.452019E-05  6.799533E-19 -2.800394E-17 -5.470342E-05
        25   5 -1.999980E-05 -7.198871E-05  8.159857E-05  4.674016E-18 -4.370897E-17 -2.607018E-05
        25   6 -1.999980E-05 -7.198871E-05  8.159857E-05 -1.800653E-17 -7.508629E-19 -2.607018E-05
        25   7 -1.999980E-05 -7.198871E-05  6.452019E-05  5.573398E-18 -8.899152E-18 -5.897244E-05
        25   8 -1.999980E-05 -7.198871E-05  6.452019E-05 -1.711223E-17 -1.323757E-17 -5.897244E-05
        26   1 -1.999980E-05 -3.908586E-05  8.159857E-05  5.310626E-18  4.942926E-17 -2.180000E-05
        26   2 -1.999980E-05 -3.908586E-05  8.159857E-05  1.853720E-17  6.234835E-18 -2.180000E-05
        26   3 -1.999980E-05 -3.908586E-05  6.452019E-05 -7.477336E-18  8.096959E-19 -5.470342E-05
        26   4 -1.999980E-05 -3.908586E-05  6.452019E-05  5.749242E-18  4.282462E-18 -5.470342E-05
        26   5 -1.999980E-05 -7.198871E-05  8.159857E-05 -1.895974E-17  5.172981E-17 -2.607018E-05
        26   6 -1.999980E-05 -7.198871E-05  8.159857E-05  1.760594E-17  8.553165E-18 -2.607018E-05
        26   7 -1.999980E-05 -7.198871E-05  6.452019E-05 -3.449596E-17 -1.730663E-17 -5.897244E-05
        26   8 -1.999980E-05 -7.198871E-05  6.452019E-05  2.073107E-18 -1.379998E-17 -5.897244E-05
        27   1 -1.999980E-05 -3.908586E-05  8.159857E-05  1.427110E-17 -3.325928E-17 -2.180000E-05
        27   2 -1.999980E-05 -3.908586E-05  8.159857E-05 -5.365693E-18 -2.890477E-17 -2.180000E-05
        27   3 -1.999980E-05 -3.908586E-05  6.452019E-05 -3.734781E-18 -9.086664E-18 -5.470342E-05
        27   4 -1.999980E-05 -3.908586E-05  6.452019E-05 -2.335887E-17 -6.806497E-18 -5.470342E-05
        27   5 -1.999980E-05 -7.198871E-05  8.159857E-05  2.605879E-17 -2.748837E-17 -2.607018E-05
        27   6 -1.999980E-05 -7.198871E-05  8.159857E-05  5.433949E-18 -2.314234E-17 -2.607018E-05
        27   7 -1.999980E-05 -7.198871E-05  6.452019E-05  1.773021E-17 -1.849576E-19 -5.897244E-05
        27   8 -1.999980E-05 -7.198871E-05  6.452019E-05 -2.904793E-18  2.142642E-18 -5.897244E-05
        28   1 -1.999980E-05 -3.908586E-05  8.159857E-05  4.228728E-18 -1.475391E-17 -2.180000E-05
        28   2 -1.999980E-05 -3.908586E-05  8.159857E-05  1.686112E-17  9.099592E-19 -2.180000E-05
        28   3 -1.999980E-05 -3.908586E-05  6.452019E-05  1.944223E-17 -1.262166E-17 -5.470342E-05
        28   4 -1.999980E-05 -3.908586E-05  6.452019E-05  3.206827E-17 -1.293337E-17 -5.470342E-05
        28   5 -1.999980E-05 -7.198871E-05  8.159857E-05  4.857055E-18 -2.285054E-17 -2.607018E-05
        28   6 -1.999980E-05 -7.198871E-05  8.159857E-05  9.498702E-18 -7.157870E-18 -2.607018E-05
        28   7 -1.999980E-05 -7.198871E-05  6.452019E-05  1.093999E-17 -1.428422E-17 -5.897244E-05
        28   8 -1.999980E-05 -7.198871E-05  6.452019E-05  1.558164E-17 -1.456882E-17 -5.897244E-05
        29   1 -1.999980E-05 -3.908586E-05  8.159857E-05  1.263659E-17  1.998702E-17 -2.180000E-05
        29   2 -1.999980E-05 -3.908586E-05  8.159857E-05 -2.279784E-18  1.189971E-17 -2.180000E-05
        29   3 -1.999980E-05 -3.908586E-05  6.452019E-05  1.862882E-17  1.526333E-17 -5.470342E-05
        29   4 -1.999980E-05 -3.908586E-05  6.452019E-05  3.713719E-18  2.109757E-17 -5.470342E-05
        29   5 -1.999980E-05 -7.198871E-05  8.159857E-05  8.212575E-18  8.463257E-18 -2.607018E-05
        29   6 -1.999980E-05 -7.198871E-05  8.159857E-05  2.235200E-19  3.928888E-19 -2.607018E-05
        29   7 -1.999980E-05 -7.198871E-05  6.452019E-05  1.413443E-17  5.640844E-18 -5.897244E-05
        29   8 -1.999980E-05 -7.198871E-05  6.452019E-05  6.155544E-18  1.146493E-17 -5.897244E-05
        30   1 -1.999980E-05 -3.908586E-05  8.159857E-05 -7.226582E-18  6.871342E-19 -2.180000E-05
        30   2 -1.999980E-05 -3.908586E-05  8.159857E-05 -1.485508E-18  1.776397E-18 -2.180000E-05
        30   3 -1.999980E-05 -3.908586E-05  6.452019E-05 -5.564931E-18  6.138934E-18 -5.470342E-05
        30   4 -1.999980E-05 -3.908586E-05  6.452019E-05  1.710618E-19  1.310942E-18 -5.470342E-05
        30   5 -1.999980E-05 -7.198871E-05  8.159857E-05 -3.575603E-18  1.054486E-17 -2.607018E-05
        30   6 -1.999980E-05 -7.198871E-05  8.159857E-05 -7.652042E-19  1.157483E-17 -2.607018E-05
        30   7 -1.999980E-05 -7.198871E-05  6.452019E-05 -2.863077E-18  1.052358E-17 -5.897244E-05
        30   8 -1.999980E-05 -7.198871E-05  6.452019E-05 -4.928983E-20  5.749796E-18 -5.897244E-05
        31   1 -1.999980E-05 -3.425528E-05  9.070341E-05 -4.499228E-19 -4.732303E-18 -3.564135E-05
        31   2 -1.999980E-05 -3.425528E-05  9.070341E-05 -1.182863E-17  2.465427E-18 -3.564135E-05
        31   3 -1.999980E-05 -3.425528E-05  1.793444E-04  9.585024E-18 -1.434669E-17 -1.341268E-04
        31   4 -1.999980E-05 -3.425528E-05  1.793444E-04 -1.793683E-18 -4.763972E-18 -1.341268E-04
        31   5 -1.999980E-05 -1.327349E-04  9.070341E-05  1.558212E-17 -1.304059E-17 -1.348693E-05
        31   6 -1.999980E-05 -1.327349E-04  9.070341E-05  5.395903E-18 -5.843387E-18 -1.348693E-05
        31   7 -1.999980E-05 -1.327349E-04  1.793444E-04  1.285276E-17 -2.645574E-17 -1.119607E-04
        31   8 -1.999980E-05 -1.327349E-04  1.793444E-04  2.666548E-18 -1.687641E-17 -1.119607E-04
        32   1 -1.999980E-05 -3.425528E-05  9.070341E-05  1.394031E-18 -3.683089E-18 -3.564135E-05
        32   2 -1.999980E-05 -3.425528E-05  9.070341E-05 -3.877849E-18 -2.164068E-17 -3.564135E-05
        32   3 -1.999980E-05 -3.425528E-05  1.793444E-04 -1.633574E-18  5.221986E-18 -1.341268E-04
        32   4 -1.999980E-05 -3.425528E-05  1.793444E-04 -6.904555E-18 -4.939665E-18 -1.341268E-04
        32   5 -1.999980E-05 -1.327349E-04  9.070341E-05 -4.199277E-18 -4.084623E-18 -1.348693E-05
        32   6 -1.999980E-05 -1.327349E-04  9.070341E-05 -5.575043E-18 -2.204052E-17 -1.348693E-05
        32   7 -1.999980E-05 -1.327349E-04  1.793444E-04  1.497366E-17  1.571866E-17 -1.119607E-04
        32   8 -1.999980E-05 -1.327349E-04  1.793444E-04  1.359726E-17  5.559553E-18 -1.119607E-04
        33   1 -1.999980E-05 -3.425528E-05  9.070341E-05  1.811958E-18  2.268748E-18 -3.564135E-05
        33   2 -1.999980E-05 -3.425528E-05  9.070341E-05  9.503816E-18  2.524025E-17 -3.564135E-05
        33   3 -1.999980E-05 -3.425528E-05  1.793444E-04  1.379571E-18  5.947490E-18 -1.341268E-04
        33   4 -1.999980E-05 -3.425528E-05  1.793444E-04  9.072488E-18  7.086965E-19 -1.341268E-04
        33   5 -1.999980E-05 -1.327349E-04  9.070341E-05  1.190993E-17 -1.675749E-18 -1.348693E-05
        33   6 -1.999980E-05 -1.327349E-04  9.070341E-05  5.495899E-18  2.130337E-17 -1.348693E-05
        33   7 -1.999980E-05 -1.327349E-04  1.793444E-04 -9.135257E-18 -5.870878E-20 -1.119607E-04
        33   8 -1.999980E-05 -1.327349E-04  1.793444E-04 -1.554886E-17 -5.296656E-18 -1.119607E-04
        34   1 -1.999980E-05 -3.425528E-05  9.070341E-05 -8.448296E-18  2.442732E-17 -3.564135E-05
        34   2 -1.999980E-05 -3.425528E-05  9.070341E-05  3.915173E-18  1.607278E-17 -3.564135E-05
        34   3 -1.999980E-05 -3.425528E-05  1.793444E-04  1.240426E-18 -6.733860E-18 -1.341268E-04
        34   4 -1.999980E-05 -3.425528E-05  1.793444E-04  1.360665E-17  9.057906E-18 -1.341268E-04
        34   5 -1.999980E-05 -1.327349E-04  9.070341E-05 -2.549752E-17  2.234367E-17 -1.348693E-05
        34   6 -1.999980E-05 -1.327349E-04  9.070341E-05 -1.047559E-18  1.400141E-17 -1.348693E-05
        34   7 -1.999980E-05 -1.327349E-04  1.793444E-04  9.118052E-18  1.446020E-18 -1.119607E-04
        34   8 -1.999980E-05 -1.327349E-04  1.793444E-04  3.356463E-17  1.723779E-17 -1.119607E-04
        35   1 -1.999980E-05 -3.425528E-05  9.070341E-05 -4.771582E-18 -1.323534E-17 -3.564135E-05
        35   2 -1.999980E-05 -3.425528E-05  9.070341E-05 -3.217839E-19 -3.523235E-17 -3.564135E-05
        35   3 -1.999980E-05 -3.425528E-05  1.793444E-04 -2.413914E-17  4.673278E-18 -1.341268E-04
        35   4 -1.999980E-05 -3.425528E-05  1.793444E-04 -1.968384E-17 -1.832151E-17 -1.341268E-04
        35   5 -1.999980E-05 -1.327349E-04  9.070341E-05  4.358359E-18  9.962006E-19 -1.348693E-05
        35   6 -1.999980E-05 -1.327349E-04  9.070341E-05  8.317312E-18 -2.102325E-17 -1.348693E-05
        35   7 -1.999980E-05 -1.327349E-04  1.793444E-04 -2.257658E-17 -6.792856E-18 -1.119607E-04
        35   8 -1.999980E-05 -1.327349E-04  1.793444E-04 -1.861678E-17 -2.978765E-17 -1.119607E-04
        36   1 -1.999980E-05 -3.425528E-05  9.070341E-05 -7.369905E-18 -1.295076E-17 -3.564135E-05
        36   2 -1.999980E-05 -3.425528E-05  9.070341E-05 -7.997967E-18  4.608727E-18 -3.564135E-05
        36   3 -1.999980E-05 -3.425528E-05  1.793444E-04 -3.602679E-18 -1.887369E-18 -1.341268E-04
        36   4 -1.999980E-05 -3.425528E-05  1.793444E-04 -4.223542E-18  7.521284E-18 -1.341268E-04
        36   5 -1.999980E-05 -1.327349E-04  9.070341E-05 -9.179319E-18 -2.837744E-17 -1.348693E-05
        36   6 -1.999980E-05 -1.327349E-04  9.070341E-05 -1.390736E-17 -1.082049E-17 -1.348693E-05
        36   7 -1.999980E-05 -1.327349E-04  1.793444E-04 -5.352777E-18  1.039522E-17 -1.119607E-04
        36   8 -1.999980E-05 -1.327349E-04  1.793444E-04 -1.007743E-17  1.979709E-17 -1.119607E-04
        37   1 -1.999980E-05 -3.425528E-05  9.070341E-05 -3.802904E-18  3.307254E-19 -3.564135E-05
        37   2 -1.999980E-05 -3.425528E-05  9.070341E-05 -4.981950E-18  4.631026E-18 -3.564135E-05
        37   3 -1.999980E-05 -3.425528E-05  1.793444E-04  3.795320E-17  2.033917E-18 -1.341268E-04
        37   4 -1.999980E-05 -3.425528E-05  1.793444E-04  3.676822E-17  1.356011E-17 -1.341268E-04
        37   5 -1.999980E-05 -1.327349E-04  9.070341E-05 -3.869437E-19  9.567571E-18 -1.348693E-05
        37   6 -1.999980E-05 -1.327349E-04  9.070341E-05  2.069403E-18  1.384246E-17 -1.348693E-05
        37   7 -1.999980E-05 -1.327349E-04  1.793444E-04  8.634773E-18  8.893282E-18 -1.119607E-04
        37   8 -1.999980E-05 -1.327349E-04  1.793444E-04  1.108943E-17  2.045674E-17 -1.119607E-04
        38   1 -1.999980E-05 -3.425528E-05  9.070341E-05  2.483424E-17 -3.625275E-18 -3.564135E-05
        38   2 -1.999980E-05 -3.425528E-05  9.070341E-05  2.664855E-17 -9.146126E-18 -3.564135E-05
        38   3 -1.999980E-05 -3.425528E-05  1.793444E-04 -9.754868E-18  1.892828E-17 -1.341268E-04
        38   4 -1.999980E-05 -3.425528E-05  1.793444E-04 -7.950301E-18  1.498458E-17 -1.341268E-04
        38   5 -1.999980E-05 -1.327349E-04  9.070341E-05  2.143387E-17 -6.246566E-18 -1.348693E-05
        38   6 -1.999980E-05 -1.327349E-04  9.070341E-05  2.401557E-17 -1.186059E-17 -1.348693E-05
        38   7 -1.999980E-05 -1.327349E-04  1.793444E-04  1.002165E-17  7.156510E-18 -1.119607E-04
        38   8 -1.999980E-05 -1.327349E-04  1.793444E-04  1.260336E-17  3.185699E-18 -1.119607E-04
        39   1 -1.999980E-05 -3.425528E-05  9.070341E-05  1.449456E-17  2.822981E-18 -3.564135E-05
        39   2 -1.999980E-05 -3.425528E-05  9.070341E-05 -4.892793E-18  6.489714E-18 -3.564135E-05
        39   3 -1.999980E-05 -3.425528E-05  1.793444E-04  7.911347E-18 -2.645323E-17 -1.341268E-04
        39   4 -1.999980E-05 -3.425528E-05  1.793444E-04 -1.147134E-17 -4.234325E-17 -1.341268E-04
        39   5 -1.999980E-05 -1.327349E-04  9.070341E-05  1.849066E-17 -3.064912E-18 -1.348693E-05
        39   6 -1.999980E-05 -1.327349E-04  9.070341E-05 -1.070090E-17  6.492532E-19 -1.348693E-05
        39   7 -1.999980E-05 -1.327349E-04  1.793444E-04  1.930670E-17 -2.405105E-17 -1.119607E-04
        39   8 -1.999980E-05 -1.327349E-04  1.793444E-04 -9.867921E-18 -3.995123E-17 -1.119607E-04
        40   1 -1.999980E-05 -3.425528E-05  9.070341E-05 -9.853832E-18 -1.020451E-18 -3.564135E-05
        40   2 -1.999980E-05 -3.425528E-05  9.070341E-05  1.655422E-18 -2.888968E-18 -3.564135E-05
        40   3 -1.999980E-05 -3.425528E-05  1.793444E-04 -1.644523E-18 -2.604460E-17 -1.341268E-04
        40   4 -1.999980E-05 -3.425528E-05  1.793444E-04  9.869812E-18 -1.408812E-17 -1.341268E-04
        40   5 -1.999980E-05 -1.327349E-04  9.070341E-05 -1.896064E-17  4.898793E-19 -1.348693E-05
        40   6 -1.999980E-05 -1.327349E-04  9.070341E-05 -5.194071E-19 -1.388802E-18 -1.348693E-05
        40   7 -1.999980E-05 -1.327349E-04  1.793444E-04 -5.302885E-18 -2.714138E-17 -1.119607E-04
        40   8 -1.999980E-05 -1.327349E-04  1.793444E-04  1.314174E-17 -1.512730E-17 -1.119607E-04
        41   1  2.365431E-03 -4.236191E-04 -1.638199E-03  1.239766E-18  2.222506E-17 -6.847218E-05
        41   2  2.365431E-03 -4.236191E-04 -1.638199E-03  1.978657E-17  3.455171E-17 -6.847218E-05
        41   3  2.365431E-03 -4.236191E-04 -1.593682E-03 -1.395011E-17  1.407841E-17 -2.240426E-04
        41   4  2.365431E-03 -4.236191E-04 -1.593682E-03  4.596906E-18  2.094275E-17 -2.240426E-04
        41   5  2.365431E-03 -5.789360E-04 -1.638199E-03 -1.304631E-18  2.986397E-17 -5.759633E-05
        41   6  2.365431E-03 -5.789360E-04 -1.638199E-03  1.451213E-17  4.219061E-17 -5.759633E-05
        41   7  2.365431E-03 -5.789360E-04 -1.593682E-03 -2.058629E-17  3.600607E-17 -2.126597E-04
        41   8  2.365431E-03 -5.789360E-04 -1.593682E-03 -4.769532E-18  4.287040E-17 -2.126597E-04
        42   1  2.365431E-03 -4.236191E-04 -1.638199E-03  1.790939E-17 -2.166238E-17 -6.847218E-05
        42   2  2.365431E-03 -4.236191E-04 -1.638199E-03 -4.950213E-18 -4.298121E-17 -6.847218E-05
        42   3  2.365431E-03 -4.236191E-04 -1.593682E-03  1.862864E-18  1.801430E-18 -2.240426E-04
        42   4  2.365431E-03 -4.236191E-04 -1.593682E-03 -2.099610E-17  5.683681E-19 -2.240426E-04
        42   5  2.365431E-03 -5.789360E-04 -1.638199E-03  1.986144E-17 -2.364235E-17 -5.759633E-05
        42   6  2.365431E-03 -5.789360E-04 -1.638199E-03  7.042084E-18 -4.496012E-17 -5.759633E-05
        42   7  2.365431E-03 -5.789360E-04 -1.593682E-03  1.214219E-17 -7.207256E-18 -2.126597E-04
        42   8  2.365431E-03 -5.789360E-04 -1.593682E-03 -6.761122E-19 -8.440741E-18 -2.126597E-04
        43   1  2.365431E-03 -4.236191E-04 -1.638199E-03 -6.609730E-18 -3.673729E-17 -6.847218E-05
        43   2  2.365431E-03 -4.236191E-04 -1.638199E-03 -9.375357E-18 -6.755826E-17 -6.847218E-05
        43   3  2.365431E-03 -4.236191E-04 -1.593682E-03 -1.556211E-18 -1.767514E-17 -2.240426E-04
        43   4  2.365431E-03 -4.236191E-04 -1.593682E-03 -4.320780E-18 -5.128641E-17 -2.240426E-04
        43   5  2.365431E-03 -5.789360E-04 -1.638199E-03  2.370611E-18 -1.838351E-17 -5.759633E-05
        43   6  2.365431E-03 -5.789360E-04 -1.638199E-03 -1.792813E-18 -4.921273E-17 -5.759633E-05
        43   7  2.365431E-03 -5.789360E-04 -1.593682E-03 -1.265734E-18 -4.599330E-18 -2.126597E-04
        43   8  2.365431E-03 -5.789360E-04 -1.593682E-03 -5.428312E-18 -3.820975E-17 -2.126597E-04
        44   1  2.365431E-03 -4.236191E-04 -1.638199E-03 -1.117460E-17 -1.296350E-17 -6.847218E-05
        44   2  2.365431E-03 -4.236191E-04 -1.638199E-03  1.959862E-18  2.473396E-17 -6.847218E-05
        44   3  2.365431E-03 -4.236191E-04 -1.593682E-03 -2.145902E-17 -3.310466E-17 -2.240426E-04
        44   4  2.365431E-03 -4.236191E-04 -1.593682E-03 -8.323713E-18 -2.786968E-17 -2.240426E-04
        44   5  2.365431E-03 -5.789360E-04 -1.638199E-03 -2.298428E-18 -3.670403E-17 -5.759633E-05
        44   6  2.365431E-03 -5.789360E-04 -1.638199E-03 -5.381438E-18  9.802967E-19 -5.759633E-05
        44   7  2.365431E-03 -5.789360E-04 -1.593682E-03  2.462383E-20 -4.380419E-17 -2.126597E-04
        44   8  2.365431E-03 -5.789360E-04 -1.593682E-03 -3.058386E-18 -3.855565E-17 -2.126597E-04
        45   1  2.365431E-03 -4.236191E-04 -1.638199E-03  6.893530E-18 -5.173319E-18 -6.847218E-05
        45   2  2.365431E-03 -4.236191E-04 -1.638199E-03 -1.093437E-17  2.532059E-17 -6.847218E-05
        45   3  2.365431E-03 -4.236191E-04 -1.593682E-03  1.476324E-17 -2.958963E-18 -2.240426E-04
        45   4  2.365431E-03 -4.236191E-04 -1.593682E-03 -3.061907E-18  4.730455E-17 -2.240426E-04
        45   5  2.365431E-03 -5.789360E-04 -1.638199E-03 -8.646487E-18  1.377996E-17 -5.759633E-05
        45   6  2.365431E-03 -5.789360E-04 -1.638199E-03 -1.659551E-17  4.426793E-17 -5.759633E-05
        45   7  2.365431E-03 -5.789360E-04 -1.593682E-03 -4.288943E-18  4.370638E-18 -2.126597E-04
        45   8  2.365431E-03 -5.789360E-04 -1.593682E-03 -1.222950E-17  5.463416E-17 -2.126597E-04
        46   1  2.365431E-03 -4.236191E-04 -1.638199E-03 -1.275578E-17  5.179258E-17 -6.847218E-05
        46   2  2.365431E-03 -4.236191E-04 -1.638199E-03  1.430727E-17  2.934416E-17 -6.847218E-05
        46   3  2.365431E-03 -4.236191E-04 -1.593682E-03 -1.908344E-17  2.967452E-17 -2.240426E-04
        46   4  2.365431E-03 -4.236191E-04 -1.593682E-03  7.979601E-18  2.556947E-17 -2.240426E-04
        46   5  2.365431E-03 -5.789360E-04 -1.638199E-03 -1.111910E-17  5.747260E-17 -5.759633E-05
        46   6  2.365431E-03 -5.789360E-04 -1.638199E-03  2.510038E-17  3.504197E-17 -5.759633E-05
        46   7  2.365431E-03 -5.789360E-04 -1.593682E-03 -1.991130E-17  3.984733E-17 -2.126597E-04
        46   8  2.365431E-03 -5.789360E-04 -1.593682E-03  1.631834E-17  3.573550E-17 -2.126597E-04
        47   1  2.365431E-03 -4.236191E-04 -1.638199E-03  1.925010E-17 -4.213850E-19 -6.847218E-05
        47   2  2.365431E-03 -4.236191E-04 -1.638199E-03 -2.071533E-18  1.390721E-17 -6.847218E-05
        47   3  2.365431E-03 -4.236191E-04 -1.593682E-03  2.074635E-17  1.951248E-17 -2.240426E-04
        47   4  2.365431E-03 -4.236191E-04 -1.593682E-03 -5.642774E-19 -4.219131E-18 -2.240426E-04
        47   5  2.365431E-03 -5.789360E-04 -1.638199E-03  2.380868E-17 -1.477828E-17 -5.759633E-05
        47   6  2.365431E-03 -5.789360E-04 -1.638199E-03 -1.654008E-17 -4.607026E-19 -5.759633E-05
        47   7  2.365431E-03 -5.789360E-04 -1.593682E-03  1.549692E-17  7.828128E-19 -2.126597E-04
        47   8  2.365431E-03 -5.789360E-04 -1.593682E-03 -2.485354E-17 -2.299284E-17 -2.126597E-04
        48   1  2.365431E-03 -4.236191E-04 -1.638199E-03 -4.651639E-18  5.209617E-17 -6.847218E-05
        48   2  2.365431E-03 -4.236191E-04 -1.638199E-03  2.523030E-18  2.619374E-17 -6.847218E-05
        48   3  2.365431E-03 -4.236191E-04 -1.593682E-03  3.912072E-18  3.061978E-17 -2.240426E-04
        48   4  2.365431E-03 -4.236191E-04 -1.593682E-03  1.109140E-17  2.171443E-17 -2.240426E-04
        48   5  2.365431E-03 -5.789360E-04 -1.638199E-03 -1.936256E-17  5.695632E-17 -5.759633E-05
        48   6  2.365431E-03 -5.789360E-04 -1.638199E-03 -3.721538E-18  3.103864E-17 -5.759633E-05
        48   7  2.365431E-03 -5.789360E-04 -1.593682E-03 -1.063764E-17  3.541680E-17 -2.126597E-04
        48   8  2.365431E-03 -5.789360E-04 -1.593682E-03  5.015246E-18  2.651145E-17 -2.126597E-04
        49   1  2.365431E-03 -4.236191E-04 -1.638199E-03  2.666851E-18 -4.273214E-17 -6.847218E-05
        49   2  2.365431E-03 -4.236191E-04 -1.638199E-03 -3.082624E-18 -6.832189E-17 -6.847218E-05
        49   3  2.365431E-03 -4.236191E-04 -1.593682E-03  1.011689E-17 -4.136239E-17 -2.240426E-04
        49   4  2.365431E-03 -4.236191E-04 -1.593682E-03  4.371226E-18 -5.762941E-17 -2.240426E-04
        49   5  2.365431E-03 -5.789360E-04 -1.638199E-03  2.616643E-18 -4.501034E-17 -5.759633E-05
        49   6  2.365431E-03 -5.789360E-04 -1.638199E-03  1.542084E-18 -7.063735E-17 -5.759633E-05
        49   7  2.365431E-03 -5.789360E-04 -1.593682E-03  1.406796E-17 -4.652504E-17 -2.126597E-04
        49   8  2.365431E-03 -5.789360E-04 -1.593682E-03  1.301034E-17 -6.274802E-17 -2.126597E-04
        50   1  2.365431E-03 -4.236191E-04 -1.638199E-03 -4.059444E-18 -3.300580E-17 -6.847218E-05
        50   2  2.365431E-03 -4.236191E-04 -1.638199E-03  5.078542E-19 -1.805035E-18 -6.847218E-05
        50   3  2.365431E-03 -4.236191E-04 -1.593682E-03  1.882192E-18 -2.212752E-17 -2.240426E-04
        50   4  2.365431E-03 -4.236191E-04 -1.593682E-03  6.438479E-18  3.363431E-18 -2.240426E-04
        50   5  2.365431E-03 -5.789360E-04 -1.638199E-03  1.800603E-18 -2.046632E-17 -5.759633E-05
        50   6  2.365431E-03 -5.789360E-04 -1.638199E-03  3.535864E-18  1.072258E-17 -5.759633E-05
        50   7  2.365431E-03 -5.789360E-04 -1.593682E-03  1.314926E-17 -1.805236E-17 -2.126597E-04
        50   8  2.365431E-03 -5.789360E-04 -1.593682E-03  1.487435E-17  7.438593E-18 -2.126597E-04
        51   1  2.365431E-03 -5.365608E-04 -1.544248E-03 -7.417592E-18  5.725405E-18 -2.597150E-04
        51   2  2.365431E-03 -5.365608E-04 -1.544248E-03  2.032397E-17  3.838508E-18 -2.597150E-04
        51   3  2.365431E-03 -5.365608E-04 -1.452971E-03  1.634430E-17 -9.155061E-18 -4.922670E-04
        51   4  2.365431E-03 -5.365608E-04 -1.452971E-03  4.408587E-17 -2.949053E-17 -4.922670E-04
        51   5  2.365431E-03 -7.687244E-04 -1.544248E-03 -1.454574E-17  2.820601E-17 -2.372842E-04
        51   6  2.365431E-03 -7.687244E-04 -1.544248E-03  3.972753E-18  2.631975E-17 -2.372842E-04
        51   7  2.365431E-03 -7.687244E-04 -1.452971E-03  1.867846E-17  4.757127E-19 -4.690595E-04
        51   8  2.365431E-03 -7.687244E-04 -1.452971E-03  3.719696E-17 -1.985807E-17 -4.690595E-04
        52   1  2.365431E-03 -5.365608E-04 -1.544248E-03  5.307118E-18  2.267739E-18 -2.597150E-04
        52   2  2.365431E-03 -5.365608E-04 -1.544248E-03 -2.811383E-17  1.093965E-17 -2.597150E-04
        52   3  2.365431E-03 -5.365608E-04 -1.452971E-03 -2.959454E-18 -2.055235E-17 -4.922670E-04
        52   4  2.365431E-03 -5.365608E-04 -1.452971E-03 -3.638040E-17 -4.894831E-18 -4.922670E-04
        52   5  2.365431E-03 -7.687244E-04 -1.544248E-03  9.116611E-19 -1.038470E-17 -2.372842E-04
        52   6  2.365431E-03 -7.687244E-04 -1.544248E-03 -2.901627E-17 -1.710251E-18 -2.372842E-04
        52   7  2.365431E-03 -7.687244E-04 -1.452971E-03 -1.773008E-17 -3.521154E-17 -4.690595E-04
        52   8  2.365431E-03 -7.687244E-04 -1.452971E-03 -4.765695E-17 -1.955445E-17 -4.690595E-04
        53   1  2.365431E-03 -5.365608E-04 -1.544248E-03 -4.745759E-18 -8.161703E-18 -2.597150E-04
        53   2  2.365431E-03 -5.365608E-04 -1.544248E-03 -1.374973E-17 -3.888580E-17 -2.597150E-04
        53   3  2.365431E-03 -5.365608E-04 -1.452971E-03 -5.744411E-18 -1.329116E-18 -4.922670E-04
        53   4  2.365431E-03 -5.365608E-04 -1.452971E-03 -1.474743E-17 -2.134048E-17 -4.922670E-04
        53   5  2.365431E-03 -7.687244E-04 -1.544248E-03 -1.647306E-17  3.356844E-18 -2.372842E-04
        53   6  2.365431E-03 -7.687244E-04 -1.544248E-03 -2.012152E-17 -2.735878E-17 -2.372842E-04
        53   7  2.365431E-03 -7.687244E-04 -1.452971E-03  1.362877E-17  1.079580E-17 -4.690595E-04
        53   8  2.365431E-03 -7.687244E-04 -1.452971E-03  9.980746E-18 -9.221499E-18 -4.690595E-04
        54   1  2.365431E-03 -5.365608E-04 -1.544248E-03 -2.979782E-17 -3.269955E-17 -2.597150E-04
        54   2  2.365431E-03 -5.365608E-04 -1.544248E-03 -1.147995E-17 -3.437809E-17 -2.597150E-04
        54   3  2.365431E-03 -5.365608E-04 -1.452971E-03 -1.142320E-17 -1.169372E-17 -4.922670E-04
        54   4  2.365431E-03 -5.365608E-04 -1.452971E-03  6.903136E-18  2.043058E-19 -4.922670E-04
        54   5  2.365431E-03 -7.687244E-04 -1.544248E-03 -1.988796E-17 -4.004576E-17 -2.372842E-04
        54   6  2.365431E-03 -7.687244E-04 -1.544248E-03  5.233867E-18 -4.172049E-17 -2.372842E-04
        54   7  2.365431E-03 -7.687244E-04 -1.452971E-03 -3.887332E-17 -2.230356E-17 -4.690595E-04
        54   8  2.365431E-03 -7.687244E-04 -1.452971E-03 -1.375150E-17 -1.039876E-17 -4.690595E-04
        55   1  2.365431E-03 -5.365608E-04 -1.544248E-03  1.319622E-17 -9.657647E-18 -2.597150E-04
        55   2  2.365431E-03 -5.365608E-04 -1.544248E-03  1.167219E-17  4.417372E-17 -2.597150E-04
        55   3  2.365431E-03 -5.365608E-04 -1.452971E-03 -4.129891E-18 -2.976391E-17 -4.922670E-04
        55   4  2.365431E-03 -5.365608E-04 -1.452971E-03 -5.657944E-18  1.411527E-17 -4.922670E-04
        55   5  2.365431E-03 -7.687244E-04 -1.544248E-03  1.769503E-17 -3.215306E-19 -2.372842E-04
        55   6  2.365431E-03 -7.687244E-04 -1.544248E-03  1.119428E-17  5.349543E-17 -2.372842E-04
        55   7  2.365431E-03 -7.687244E-04 -1.452971E-03  3.912888E-18 -3.081703E-18 -4.690595E-04
        55   8  2.365431E-03 -7.687244E-04 -1.452971E-03 -2.579395E-18  4.079748E-17 -4.690595E-04
        56   1  2.365431E-03 -5.365608E-04 -1.544248E-03 -1.034416E-17  2.956168E-17 -2.597150E-04
        56   2  2.365431E-03 -5.365608E-04 -1.544248E-03 -1.435154E-17  2.145940E-17 -2.597150E-04
        56   3  2.365431E-03 -5.365608E-04 -1.452971E-03 -1.446530E-17  5.171940E-17 -4.922670E-04
        56   4  2.365431E-03 -5.365608E-04 -1.452971E-03 -1.847099E-17  1.437982E-17 -4.922670E-04
        56   5  2.365431E-03 -7.687244E-04 -1.544248E-03 -1.440914E-17  3.401080E-17 -2.372842E-04
        56   6  2.365431E-03 -7.687244E-04 -1.544248E-03 -3.303136E-17  2.592293E-17 -2.372842E-04
        56   7  2.365431E-03 -7.687244E-04 -1.452971E-03 -1.015189E-17  3.614902E-17 -4.690595E-04
        56   8  2.365431E-03 -7.687244E-04 -1.452971E-03 -2.878427E-17 -1.197330E-18 -4.690595E-04
        57   1  2.365431E-03 -5.365608E-04 -1.544248E-03  6.195210E-18  2.192136E-17 -2.597150E-04
        57   2  2.365431E-03 -5.365608E-04 -1.544248E-03  1.533288E-17 -9.142389E-21 -2.597150E-04
        57   3  2.365431E-03 -5.365608E-04 -1.452971E-03  1.606528E-17  8.554394E-18 -4.922670E-04
        57   4  2.365431E-03 -5.365608E-04 -1.452971E-03  2.520887E-17  2.965162E-17 -4.922670E-04
        57   5  2.365431E-03 -7.687244E-04 -1.544248E-03 -2.394207E-17  4.535280E-18 -2.372842E-04
        57   6  2.365431E-03 -7.687244E-04 -1.544248E-03  6.702692E-18 -1.737913E-17 -2.372842E-04
        57   7  2.365431E-03 -7.687244E-04 -1.452971E-03 -9.808396E-18 -1.218819E-18 -4.690595E-04
        57   8  2.365431E-03 -7.687244E-04 -1.452971E-03  2.084653E-17  1.984453E-17 -4.690595E-04
        58   1  2.365431E-03 -5.365608E-04 -1.544248E-03  2.809823E-17  8.493768E-18 -2.597150E-04
        58   2  2.365431E-03 -5.365608E-04 -1.544248E-03  2.654640E-17 -8.162431E-18 -2.597150E-04
        58   3  2.365431E-03 -5.365608E-04 -1.452971E-03  3.126056E-17 -3.013450E-17 -4.922670E-04
        58   4  2.365431E-03 -5.365608E-04 -1.452971E-03  2.971170E-17 -8.483702E-17 -4.922670E-04
        58   5  2.365431E-03 -7.687244E-04 -1.544248E-03  4.000930E-17  1.283039E-17 -2.372842E-04
        58   6  2.365431E-03 -7.687244E-04 -1.544248E-03  1.944279E-17 -3.820726E-18 -2.372842E-04
        58   7  2.365431E-03 -7.687244E-04 -1.452971E-03  5.459704E-17 -2.788467E-17 -4.690595E-04
        58   8  2.365431E-03 -7.687244E-04 -1.452971E-03  3.403052E-17 -8.257702E-17 -4.690595E-04
        59   1  2.365431E-03 -5.365608E-04 -1.544248E-03  1.336096E-17 -3.863168E-17 -2.597150E-04
        59   2  2.365431E-03 -5.365608E-04 -1.544248E-03 -1.654935E-17 -2.789251E-17 -2.597150E-04
        59   3  2.365431E-03 -5.365608E-04 -1.452971E-03  1.757048E-17 -3.205227E-17 -4.922670E-04
        59   4  2.365431E-03 -5.365608E-04 -1.452971E-03 -1.233093E-17  4.311559E-17 -4.922670E-04
        59   5  2.365431E-03 -7.687244E-04 -1.544248E-03  7.169704E-18 -4.166091E-17 -2.372842E-04
        59   6  2.365431E-03 -7.687244E-04 -1.544248E-03  9.462309E-18 -3.090820E-17 -2.372842E-04
        59   7  2.365431E-03 -7.687244E-04 -1.452971E-03 -5.993876E-18 -2.724223E-17 -4.690595E-04
        59   8  2.365431E-03 -7.687244E-04 -1.452971E-03 -3.684330E-18  4.794257E-17 -4.690595E-04
        60   1  2.365431E-03 -5.365608E-04 -1.544248E-03 -2.195347E-17  2.038704E-18 -2.597150E-04
        60   2  2.365431E-03 -5.365608E-04 -1.544248E-03  2.209024E-18  9.752233E-18 -2.597150E-04
        60   3  2.365431E-03 -5.365608E-04 -1.452971E-03 -1.990548E-17  5.708625E-17 -4.922670E-04
        60   4  2.365431E-03 -5.365608E-04 -1.452971E-03  4.261253E-18  2.178299E-17 -4.922670E-04
        60   5  2.365431E-03 -7.687244E-04 -1.544248E-03  1.585248E-17  2.658463E-18 -2.372842E-04
        60   6  2.365431E-03 -7.687244E-04 -1.544248E-03  1.852606E-17  1.037030E-17 -2.372842E-04
        60   7  2.365431E-03 -7.687244E-04 -1.452971E-03  1.500366E-17  5.599720E-17 -4.690595E-04
        60   8  2.365431E-03 -7.687244E-04 -1.452971E-03  1.768063E-17  2.066683E-17 -4.690595E-04

                        S T E P       8


                                INCREMENT     6


 displacements (vx,vy,vz) for set ALLN and time  0.8000000E+01

         1  0.000000E+00  0.000000E+00  0.000000E+00
         2 -3.373044E-18  0.000000E+00  0.000000E+00
         3  1.144647E-17  0.000000E+00  0.000000E+00
         4  3.812150E-17  0.000000E+00  0.000000E+00
         5  7.210897E-18  0.000000E+00  0.000000E+00
         6 -5.900986E-17  0.000000E+00  0.000000E+00
         7 -8.454965E-17  0.000000E+00  0.000000E+00
         8 -2.664433E-17  0.000000E+00  0.000000E+00
         9 -2.705919E-17  0.000000E+00  0.000000E+00
        10  1.510008E-17  0.000000E+00  0.000000E+00
        11  0.000000E+00  0.000000E+00  0.000000E+00
        12  0.000000E+00  2.872830E-07  0.000000E+00
        13 -4.364045E-18  2.872830E-07  0.000000E+00
        14 -1.577529E-17  2.872830E-07  0.000000E+00
        15  2.528975E-17  2.872830E-07  0.000000E+00
        16 -1.176195E-18  2.872830E-07  0.000000E+00
        17 -4.209367E-17  2.872830E-07  0.000000E+00
        18 -4.546098E-17  2.872830E-07  0.000000E+00
        19 -3.998632E-17  2.872830E-07  0.000000E+00
        20 -1.293353E-17  2.872830E-07  0.000000E+00
        21  3.214347E-17  2.872830E-07  0.000000E+00
        22  0.000000E+00  2.872830E-07  0.000000E+00
        23  0.000000E+00  9.131413E-06  0.000000E+00
        24 -4.872539E-17  9.131413E-06  0.000000E+00
        25 -5.705365E-17  9.131413E-06  0.000000E+00
        26 -1.827187E-17  9.131413E-06  0.000000E+00
        27 -1.465422E-17  9.131413E-06  0.000000E+00
        28 -1.598363E-17  9.131413E-06  0.000000E+00
        29  1.613367E-17  9.131413E-06  0.000000E+00
        30 -8.019809E-17  9.131413E-06  0.000000E+00
        31  4.092396E-17  9.131413E-06  0.000000E+00
        32  1.164534E-17  9.131413E-06  0.000000E+00
        33  0.000000E+00  9.131413E-06  0.000000E+00
        34  0.000000E+00  0.000000E+00  2.354807E-05
        35 -3.951288E-17  0.000000E+00  2.354807E-05
        36 -9.324567E-20  0.000000E+00  2.354807E-05
        37  4.313760E-17  0.000000E+00  2.354807E-05
        38  1.221441E-17  0.000000E+00  2.354807E-05
        39 -6.989606E-17  0.000000E+00  2.354807E-05
        40 -7.578074E-17  0.000000E+00  2.354807E-05
        41 -3.255628E-17  0.000000E+00  2.354807E-05
        42 -1.583354E-17  0.000000E+00  2.354807E-05
        43  4.679889E-18  0.000000E+00  2.354807E-05
        44  0.000000E+00  0.000000E+00  2.354807E-05
        45  0.000000E+00 -3.276932E-05  7.159804E-06
        46 -4.480331E-17 -3.276932E-05  7.159804E-06
        47  1.687416E-17 -3.276932E-05  7.159804E-06
        48  2.138292E-17 -3.276932E-05  7.159804E-06
        49 -1.534849E-18 -3.276932E-05  7.159804E-06
        50 -6.098884E-17 -3.276932E-05  7.159804E-06
        51 -5.659483E-17 -3.276932E-05  7.159804E-06
        52 -2.131050E-17 -3.276932E-05  7.159804E-06
        53 -7.128022E-18 -3.276932E-05  7.159804E-06
        54  9.918918E-19 -3.276932E-05  7.159804E-06
        55  0.000000E+00 -3.276932E-05  7.159804E-06
        56  0.000000E+00 -3.667076E-05  1.058815E-04
        57 -6.621785E-17 -3.667076E-05  1.058815E-04
        58 -5.994217E-17 -3.667076E-05  1.058815E-04
        59 -1.832513E-17 -3.667076E-05  1.058815E-04
        60  1.262666E-17 -3.667076E-05  1.058815E-04
        61 -3.845391E-17 -3.667076E-05  1.058815E-04
        62 -3.752641E-18 -3.667076E-05  1.058815E-04
        63  5.460047E-18 -3.667076E-05  1.058815E-04
        64 -2.693570E-17 -3.667076E-05  1.058815E-04
        65 -2.675186E-18 -3.667076E-05  1.058815E-04
        66  0.000000E+00 -3.667076E-05  1.058815E-04
        67  0.000000E+00  0.000000E+00  6.468343E-05
        68 -3.538115E-17  0.000000E+00  6.468343E-05
        69  1.385964E-17  0.000000E+00  6.468343E-05
        70  3.662653E-17  0.000000E+00  6.468343E-05
        71 -1.171799E-18  0.000000E+00  6.468343E-05
        72 -5.484918E-17  0.000000E+00  6.468343E-05
        73 -8.645160E-17  0.000000E+00  6.468343E-05
        74 -5.189324E-17  0.000000E+00  6.468343E-05
        75  2.672123E-17  0.000000E+00  6.468343E-05
        76 -3.764728E-17  0.000000E+00  6.468343E-05
        77  0.000000E+00  0.000000E+00  6.468343E-05
        78  0.000000E+00 -8.987545E-05  3.350452E-05
        79 -4.551241E-17 -8.987545E-05  3.350452E-05
        80 -1.086308E-18 -8.987545E-05  3.350452E-05
        81  2.549815E-17 -8.987545E-05  3.350452E-05
        82 -1.081145E-17 -8.987545E-05  3.350452E-05
        83 -6.194572E-17 -8.987545E-05  3.350452E-05
        84 -6.057513E-17 -8.987545E-05  3.350452E-05
        85 -3.239827E-17 -8.987545E-05  3.350452E-05
        86  1.966861E-17 -8.987545E-05  3.350452E-05
        87 -2.204614E-17 -8.987545E-05  3.350452E-05
        88  0.000000E+00 -8.987545E-05  3.350452E-05
        89  0.000000E+00 -2.645777E-04  2.090285E-04
        90 -9.762673E-17 -2.645777E-04  2.090285E-04
        91 -9.377630E-18 -2.645777E-04  2.090285E-04
        92 -5.079482E-17 -2.645777E-04  2.090285E-04
        93  4.387116E-17 -2.645777E-04  2.090285E-04
        94 -5.565156E-17 -2.645777E-04  2.090285E-04
        95 -2.998573E-17 -2.645777E-04  2.090285E-04
        96  3.685982E-17 -2.645777E-04  2.090285E-04
        97 -3.622885E-17 -2.645777E-04  2.090285E-04
        98 -4.831227E-17 -2.645777E-04  2.090285E-04
        99  0.000000E+00 -2.645777E-04  2.090285E-04
       100  0.000000E+00  0.000000E+00 -4.637629E-03
       101  7.668408E-18  0.000000E+00 -4.637629E-03
       102  2.902460E-17  0.000000E+00 -4.637629E-03
       103  3.438045E-17  0.000000E+00 -4.637629E-03
       104  6.685001E-18  0.000000E+00 -4.637629E-03
       105  4.987663E-17  0.000000E+00 -4.637629E-03
       106 -2.299175E-17  0.000000E+00 -4.637629E-03
       107  3.696562E-17  0.000000E+00 -4.637629E-03
       108  1.348614E-17  0.000000E+00 -4.637629E-03
       109  6.198324E-17  0.000000E+00 -4.637629E-03
       110  0.000000E+00  0.000000E+00 -4.637629E-03
       111  0.000000E+00 -3.031615E-03 -4.631405E-03
       112  9.227789E-17 -3.031615E-03 -4.631405E-03
       113  5.317701E-17 -3.031615E-03 -4.631405E-03
       114  5.549566E-17 -3.031615E-03 -4.631405E-03
       115  5.823254E-18 -3.031615E-03 -4.631405E-03
       116 -3.568296E-18 -3.031615E-03 -4.631405E-03
       117  7.718006E-17 -3.031615E-03 -4.631405E-03
       118 -6.373672E-18 -3.031615E-03 -4.631405E-03
       119  2.699093E-17 -3.031615E-03 -4.631405E-03
       120 -9.285705E-18 -3.031615E-03 -4.631405E-03
       121  0.000000E+00 -3.031615E-03 -4.631405E-03
       122  0.000000E+00 -6.281951E-03 -4.382271E-03
       123  1.067651E-16 -6.281951E-03 -4.382271E-03
       124  2.649520E-17 -6.281951E-03 -4.382271E-03
       125  2.711144E-17 -6.281951E-03 -4.382271E-03
       126  1.485509E-17 -6.281951E-03 -4.382271E-03
       127  1.891982E-17 -6.281951E-03 -4.382271E-03
       128  3.610980E-17 -6.281951E-03 -4.382271E-03
       129  7.526321E-17 -6.281951E-03 -4.382271E-03
       130 -4.216443E-18 -6.281951E-03 -4.382271E-03
       131 -3.840267E-17 -6.281951E-03 -4.382271E-03
       132  0.000000E+00 -6.281951E-03 -4.382271E-03
       133  0.000000E+00  0.000000E+00 -6.559534E-03
       134  7.300672E-17  0.000000E+00 -6.559534E-03
       135  2.519188E-17  0.000000E+00 -6.559534E-03
       136  9.642501E-18  0.000000E+00 -6.559534E-03
       137  1.007926E-16  0.000000E+00 -6.559534E-03
       138  7.288376E-17  0.000000E+00 -6.559534E-03
       139  2.934472E-17  0.000000E+00 -6.559534E-03
       140  6.160793E-17  0.000000E+00 -6.559534E-03
       141  9.750079E-18  0.000000E+00 -6.559534E-03
       142  5.143273E-17  0.000000E+00 -6.559534E-03
       143  0.000000E+00  0.000000E+00 -6.559534E-03
       144  0.000000E+00 -3.288819E-03 -6.486741E-03
       145  2.418937E-17 -3.288819E-03 -6.486741E-03
       146  1.172621E-16 -3.288819E-03 -6.486741E-03
       147  5.967758E-17 -3.288819E-03 -6.486741E-03
       148  5.153469E-17 -3.288819E-03 -6.486741E-03
       149  6.760994E-17 -3.288819E-03 -6.486741E-03
       150  8.028410E-17 -3.288819E-03 -6.486741E-03
       151  3.740552E-17 -3.288819E-03 -6.486741E-03
       152  4.940037E-17 -3.288819E-03 -6.486741E-03
       153  4.531643E-18 -3.288819E-03 -6.486741E-03
       154  0.000000E+00 -3.288819E-03 -6.486741E-03
       155  0.000000E+00 -6.676059E-03 -6.116487E-03
       156  1.142650E-16 -6.676059E-03 -6.116487E-03
       157  1.490269E-16 -6.676059E-03 -6.116487E-03
       158  9.507980E-17 -6.676059E-03 -6.116487E-03
       159  9.271074E-18 -6.676059E-03 -6.116487E-03
       160  2.248476E-17 -6.676059E-03 -6.116487E-03
       161  9.654924E-17 -6.676059E-03 -6.116487E-03
       162  1.121198E-16 -6.676059E-03 -6.116487E-03
       163 -2.306003E-18 -6.676059E-03 -6.116487E-03
       164 -4.863157E-17 -6.676059E-03 -6.116487E-03
       165  0.000000E+00 -6.676059E-03 -6.116487E-03

 forces (fx,fy,fz) for set ALLN and time  0.8000000E+01

         1 -4.028133E+00  2.348578E+00  2.457176E+00
         2  2.468702E-12  4.697156E+00  4.914352E+00
         3  2.092314E-13  4.697156E+00  4.914352E+00
         4 -4.148339E-13  4.697156E+00  4.914352E+00
         5  1.670694E-13  4.697156E+00  4.914352E+00
         6  1.202253E-12  4.697156E+00  4.914352E+00
         7 -2.863884E-12  4.697156E+00  4.914352E+00
         8 -2.475778E-13  4.697156E+00  4.914352E+00
         9  6.364442E-13  4.697156E+00  4.914352E+00
        10  8.532399E-14  4.697156E+00  4.914352E+00
        11  4.028133E+00  2.348578E+00  2.457176E+00
        12 -8.567273E+00  1.634950E-12  2.146040E+00
        13  5.023665E-12  1.341801E-12  4.292081E+00
        14 -2.167695E-12 -2.331385E-12  4.292081E+00
        15 -3.970444E-13 -2.285839E-13  4.292081E+00
        16  5.274648E-12  4.061343E-12  4.292081E+00
        17 -1.228174E-12  9.949607E-12  4.292081E+00
        18 -4.170216E-12  9.260030E-12  4.292081E+00
        19 -9.857102E-13  3.871645E-12  4.292081E+00
        20  2.426477E-12  6.717102E-12  4.292081E+00
        21  9.585115E-13  1.338903E-11  4.292081E+00
        22  8.567273E+00  7.403150E-12  2.146040E+00
        23 -5.349923E+00  1.855377E-12 -4.603217E+00
        24  1.963472E-12  1.475840E-12 -9.206433E+00
        25 -2.135741E-12  4.414777E-12 -9.206433E+00
        26  7.299997E-13  3.008062E-12 -9.206433E+00
        27  2.859375E-13 -9.508683E-14 -9.206433E+00
        28  1.530483E-12 -7.493606E-12 -9.206433E+00
        29  2.508597E-12 -5.145685E-12 -9.206433E+00
        30 -5.320761E-12  2.312214E-12 -9.206433E+00
        31  2.181411E-12 -1.105203E-12 -9.206433E+00
        32  1.995258E-12 -9.715402E-12 -9.206433E+00
        33  5.349923E+00 -4.989387E-12 -4.603217E+00
        34 -7.888709E+00  5.245200E+00  5.643610E-12
        35  8.988192E-13  1.049040E+01  1.389656E-11
        36 -2.181270E-12  1.049040E+01 -1.987194E-12
        37 -1.651465E-12  1.049040E+01  2.214030E-12
        38  1.186048E-12  1.049040E+01  4.744165E-12
        39 -8.521407E-13  1.049040E+01  6.940482E-14
        40  2.932665E-13  1.049040E+01 -7.045587E-13
        41  6.289030E-13  1.049040E+01  2.463190E-12
        42 -3.654530E-14  1.049040E+01  2.283674E-12
        43  5.378664E-13  1.049040E+01  3.351231E-12
        44  7.888709E+00  5.245200E+00  1.832640E-12
        45 -1.649320E+01 -1.500647E-12 -4.934466E-12
        46  3.734221E-12 -6.422092E-13 -1.263808E-11
        47  2.789806E-12  2.986999E-12  3.111879E-12
        48 -8.308280E-13 -4.530190E-13  3.319610E-11
        49  9.572394E-12 -1.060782E-12  3.161710E-12
        50 -1.229748E-11  4.875622E-12 -2.072293E-11
        51 -1.598091E-12  5.362682E-12 -2.692797E-12
        52  2.939305E-12  6.949852E-12 -9.619441E-12
        53  2.436188E-12  8.193694E-12  7.722868E-13
        54  1.412511E-12  9.481689E-12  1.312043E-11
        55  1.649320E+01  2.015804E-12  7.795721E-12
        56 -1.006035E+01  4.027878E-13 -5.553553E-12
        57  1.771024E-13 -1.226552E-12 -4.091288E-12
        58 -1.537727E-12 -2.739397E-12 -3.717111E-12
        59  1.040246E-12 -1.972820E-12  3.237589E-12
        60  4.546830E-13 -3.491994E-12 -5.110221E-12
        61 -2.558225E-12 -7.524461E-12 -3.827460E-12
        62  1.822148E-12 -3.598966E-12 -1.669367E-11
        63 -4.558345E-13 -2.077492E-12 -1.812255E-11
        64 -1.647478E-12 -6.784128E-12 -9.032096E-12
        65  2.204081E-12 -9.507311E-12 -1.675326E-11
        66  1.006035E+01 -2.747528E-12 -1.521113E-11
        67 -1.610402E+01 -3.376339E+00 -3.901640E-12
        68  1.904140E-13 -6.752678E+00 -1.283296E-11
        69 -1.834489E-12 -6.752678E+00  2.853007E-12
        70 -6.591619E-13 -6.752678E+00  3.711110E-12
        71  3.353032E-12 -6.752678E+00  3.959363E-12
        72 -4.974324E-12 -6.752678E+00  8.673065E-12
        73  1.341246E-12 -6.752678E+00  8.429004E-12
        74  1.066777E-12 -6.752678E+00  7.390666E-13
        75  2.152318E-12 -6.752678E+00  5.537007E-12
        76 -5.053508E-12 -6.752678E+00  1.448001E-14
        77  1.610402E+01 -3.376339E+00 -6.597408E-12
        78 -3.207536E+01  3.546376E-12  8.371666E-12
        79 -1.223842E-12  5.917461E-12  1.334211E-11
        80  2.357154E-12  7.511992E-14  2.104500E-11
        81 -8.700547E-12 -6.858227E-12 -1.284606E-11
        82  2.760089E-12 -1.014162E-11 -7.426558E-12
        83 -1.992421E-12 -4.490732E-12  1.360529E-11
        84  4.535572E-12  9.581546E-13  1.691989E-11
        85 -4.813724E-12 -1.761854E-12  2.350685E-11
        86  6.830179E-12 -3.476965E-12  9.664462E-12
        87 -4.682859E-12 -1.531480E-11 -1.330470E-11
        88  3.207536E+01 -4.208714E-12 -1.655308E-11
        89 -1.717965E+01 -4.879642E-12  5.609626E-12
        90 -3.271053E-12 -5.904456E-12 -2.981418E-12
        91 -5.885081E-13 -2.635079E-12  5.779454E-12
        92 -5.454654E-12  3.172314E-12 -1.159141E-11
        93  7.383377E-12  8.303204E-12 -1.618373E-11
        94 -6.352656E-12  1.832535E-12 -1.193257E-11
        95  9.354476E-13  1.866484E-12 -8.213823E-12
        96 -6.499714E-13  5.958405E-12 -1.323369E-11
        97  1.341015E-12  2.232104E-12 -5.053530E-12
        98 -3.580475E-12  8.085124E-12 -5.768807E-12
        99  1.717965E+01  6.444680E-12  1.310670E-13
       100 -1.031310E+01 -4.217440E+00 -6.511564E-13
       101 -1.255356E-12 -8.434879E+00 -1.065652E-12
       102  4.327893E-13 -8.434879E+00 -8.407616E-13
       103 -5.253246E-13 -8.434879E+00 -1.265562E-12
       104 -6.958549E-13 -8.434879E+00 -2.592221E-12
       105  6.294597E-13 -8.434879E+00 -3.449172E-12
       106  4.814760E-13 -8.434879E+00 -2.313158E-12
       107  6.824646E-13 -8.434879E+00  3.102122E-12
       108 -1.252724E-12 -8.434879E+00  1.244806E-12
       109 -1.590945E-12 -8.434879E+00 -1.719315E-12
       110  1.031310E+01 -4.217440E+00  8.619833E-12
       111 -1.981735E+01  9.563408E-13 -1.032836E-12
       112  1.056922E-12  7.398654E-13 -3.722123E-12
       113  1.491781E-12  1.831101E-12 -1.232720E-11
       114 -3.636292E-12 -2.878338E-12  8.422980E-13
       115  2.137702E-13 -4.025930E-12  7.020406E-12
       116  7.816168E-13 -5.518744E-12 -2.405747E-12
       117  4.194866E-12  1.956352E-13 -4.553954E-12
       118 -1.681619E-12 -2.445258E-12  1.517799E-12
       119 -7.485959E-13 -1.537331E-12 -2.678064E-12
       120 -3.887411E-12 -1.553267E-12  3.266417E-13
       121  1.981735E+01  2.315018E-12  1.089592E-11
       122 -1.008281E+01 -4.233194E-13 -3.052148E-12
       123 -1.217976E-12  5.077180E-13  1.851520E-12
       124 -5.878183E-13 -3.179516E-12 -8.151199E-12
       125 -1.757389E-12  1.891846E-12  1.129167E-11
       126 -3.762752E-13  3.581564E-12  1.521411E-11
       127  1.075655E-12  4.827349E-12  8.224625E-12
       128  2.107006E-12 -2.198576E-12  5.813535E-12
       129 -2.406819E-12  1.397109E-12  1.732621E-11
       130  2.106509E-12 -1.291045E-12  2.777428E-12
       131 -9.170481E-13 -1.010812E-12  6.403003E-12
       132  1.008281E+01  1.292929E-12  6.491929E-12
       133  0.000000E+00  0.000000E+00  0.000000E+00
       134  0.000000E+00  0.000000E+00  0.000000E+00
       135  0.000000E+00  0.000000E+00  0.000000E+00
       136  0.000000E+00  0.000000E+00  0.000000E+00
       137  0.000000E+00  0.000000E+00  0.000000E+00
       138  0.000000E+00  0.000000E+00  0.000000E+00
       139  0.000000E+00  0.000000E+00  0.000000E+00
       140  0.000000E+00  0.000000E+00  0.000000E+00
       141  0.000000E+00  0.000000E+00  0.000000E+00
       142  0.000000E+00  0.000000E+00  0.000000E+00
       143  0.000000E+00  0.000000E+00  0.000000E+00
       144  0.000000E+00  0.000000E+00  0.000000E+00
       145  0.000000E+00  0.000000E+00  0.000000E+00
       146  0.000000E+00  0.000000E+00  0.000000E+00
       147  0.000000E+00  0.000000E+00  0.000000E+00
       148  0.000000E+00  0.000000E+00  0.000000E+00
       149  0.000000E+00  0.000000E+00  0.000000E+00
       150  0.000000E+00  0.000000E+00  0.000000E+00
       151  0.000000E+00  0.000000E+00  0.000000E+00
       152  0.000000E+00  0.000000E+00  0.000000E+00
       153  0.000000E+00  0.000000E+00  0.000000E+00
       154  0.000000E+00  0.000000E+00  0.000000E+00
       155  0.000000E+00  0.000000E+00  0.000000E+00
       156  0.000000E+00  0.000000E+00  0.000000E+00
       157  0.000000E+00  0.000000E+00  0.000000E+00
       158  0.000000E+00  0.000000E+00  0.000000E+00
       159  0.000000E+00  0.000000E+00  0.000000E+00
       160  0.000000E+00  0.000000E+00  0.000000E+00
       161  0.000000E+00  0.000000E+00  0.000000E+00
       162  0.000000E+00  0.000000E+00  0.000000E+00
       163  0.000000E+00  0.000000E+00  0.000000E+00
       164  0.000000E+00  0.000000E+00  0.000000E+00
       165  0.000000E+00  0.000000E+00  0.000000E+00

 stresses (elem, integ.pnt.,sxx,syy,szz,sxy,sxz,syz) for set ALLE and time  0.8000000E+01

         1   1  3.290281E+01 -1.309707E+01 -6.874011E+00 -2.495503E-13 -7.540992E-13 -1.157487E+00
         1   2  3.290281E+01 -1.309707E+01 -6.874011E+00 -2.187559E-13 -3.689700E-12 -1.157487E+00
         1   3  3.130417E+01 -1.469698E+01 -1.098665E+01 -9.633936E-13 -1.083263E-12 -3.691706E+00
         1   4  3.130417E+01 -1.469698E+01 -1.098665E+01 -9.324856E-13 -4.029592E-12 -3.691706E+00
         1   5  3.129041E+01 -1.724503E+01 -8.487662E+00 -2.813578E-14  1.287576E-13 -1.785672E+00
         1   6  3.129041E+01 -1.724503E+01 -8.487662E+00  2.005609E-15 -2.806936E-12 -1.785672E+00
         1   7  2.969178E+01 -1.884502E+01 -1.260038E+01 -1.370145E-13 -1.102123E-12 -4.319992E+00
         1   8  2.969178E+01 -1.884502E+01 -1.260038E+01 -1.067597E-13 -4.045676E-12 -4.319992E+00
         2   1  3.290281E+01 -1.309707E+01 -6.874011E+00 -3.653463E-13 -4.707263E-12 -1.157487E+00
         2   2  3.290281E+01 -1.309707E+01 -6.874011E+00 -4.477259E-13 -1.576949E-12 -1.157487E+00
         2   3  3.130417E+01 -1.469698E+01 -1.098665E+01 -1.439723E-12 -3.622713E-12 -3.691706E+00
         2   4  3.130417E+01 -1.469698E+01 -1.098665E+01 -1.520231E-12  1.001180E-12 -3.691706E+00
         2   5  3.129041E+01 -1.724503E+01 -8.487662E+00  1.751738E-13 -6.829313E-12 -1.785672E+00
         2   6  3.129041E+01 -1.724503E+01 -8.487662E+00  8.385003E-13 -3.691876E-12 -1.785672E+00
         2   7  2.969178E+01 -1.884502E+01 -1.260038E+01 -1.279807E-13 -4.189357E-12 -4.319992E+00
         2   8  2.969178E+01 -1.884502E+01 -1.260038E+01  5.390195E-13  4.191799E-13 -4.319992E+00
         3   1  3.290281E+01 -1.309707E+01 -6.874011E+00  9.730540E-13  1.061061E-12 -1.157487E+00
         3   2  3.290281E+01 -1.309707E+01 -6.874011E+00  1.022579E-12  1.231836E-12 -1.157487E+00
         3   3  3.130417E+01 -1.469698E+01 -1.098665E+01  3.838987E-12  3.175796E-12 -3.691706E+00
         3   4  3.130417E+01 -1.469698E+01 -1.098665E+01  3.888522E-12  1.676902E-12 -3.691706E+00
         3   5  3.129041E+01 -1.724503E+01 -8.487662E+00  1.454734E-12  2.858819E-12 -1.785672E+00
         3   6  3.129041E+01 -1.724503E+01 -8.487662E+00  6.424844E-13  3.074341E-12 -1.785672E+00
         3   7  2.969178E+01 -1.884502E+01 -1.260038E+01  2.987233E-12  5.432222E-12 -4.319992E+00
         3   8  2.969178E+01 -1.884502E+01 -1.260038E+01  2.177398E-12  3.938010E-12 -4.319992E+00
         4   1  3.290281E+01 -1.309707E+01 -6.874011E+00 -5.509678E-14  1.982521E-13 -1.157487E+00
         4   2  3.290281E+01 -1.309707E+01 -6.874011E+00 -5.192549E-13  1.991134E-13 -1.157487E+00
         4   3  3.130417E+01 -1.469698E+01 -1.098665E+01  2.336733E-13 -7.433247E-13 -3.691706E+00
         4   4  3.130417E+01 -1.469698E+01 -1.098665E+01 -2.321729E-13 -1.061686E-12 -3.691706E+00
         4   5  3.129041E+01 -1.724503E+01 -8.487662E+00 -4.673523E-13 -1.126159E-12 -1.785672E+00
         4   6  3.129041E+01 -1.724503E+01 -8.487662E+00 -1.015535E-12 -1.122933E-12 -1.785672E+00
         4   7  2.969178E+01 -1.884502E+01 -1.260038E+01 -6.435871E-13 -3.475487E-12 -4.319992E+00
         4   8  2.969178E+01 -1.884502E+01 -1.260038E+01 -1.197303E-12 -3.795095E-12 -4.319992E+00
         5   1  3.290281E+01 -1.309707E+01 -6.874011E+00 -1.752491E-13  3.162724E-13 -1.157487E+00
         5   2  3.290281E+01 -1.309707E+01 -6.874011E+00  3.781618E-13 -9.752713E-13 -1.157487E+00
         5   3  3.130417E+01 -1.469698E+01 -1.098665E+01  9.272325E-13 -5.041853E-13 -3.691706E+00
         5   4  3.130417E+01 -1.469698E+01 -1.098665E+01  1.494120E-12 -1.388061E-12 -3.691706E+00
         5   5  3.129041E+01 -1.724503E+01 -8.487662E+00 -5.324072E-13  7.933369E-13 -1.785672E+00
         5   6  3.129041E+01 -1.724503E+01 -8.487662E+00  2.327983E-13 -5.721936E-13 -1.785672E+00
         5   7  2.969178E+01 -1.884502E+01 -1.260038E+01  4.313444E-13 -5.291471E-13 -4.319992E+00
         5   8  2.969178E+01 -1.884502E+01 -1.260038E+01  1.193729E-12 -1.375695E-12 -4.319992E+00
         6   1  3.290281E+01 -1.309707E+01 -6.874011E+00  6.370878E-15 -1.233745E-12 -1.157487E+00
         6   2  3.290281E+01 -1.309707E+01 -6.874011E+00  6.662888E-13 -6.190594E-13 -1.157487E+00
         6   3  3.130417E+01 -1.469698E+01 -1.098665E+01 -1.040804E-12 -8.527297E-13 -3.691706E+00
         6   4  3.130417E+01 -1.469698E+01 -1.098665E+01 -3.789255E-13 -7.222231E-13 -3.691706E+00
         6   5  3.129041E+01 -1.724503E+01 -8.487662E+00  3.640673E-14 -6.734305E-13 -1.785672E+00
         6   6  3.129041E+01 -1.724503E+01 -8.487662E+00  4.635979E-13 -3.673498E-14 -1.785672E+00
         6   7  2.969178E+01 -1.884502E+01 -1.260038E+01 -4.851384E-13  1.546124E-12 -4.319992E+00
         6   8  2.969178E+01 -1.884502E+01 -1.260038E+01 -6.858511E-14  1.734140E-12 -4.319992E+00
         7   1  3.290281E+01 -1.309707E+01 -6.874011E+00  1.295925E-13  3.563242E-13 -1.157487E+00
         7   2  3.290281E+01 -1.309707E+01 -6.874011E+00 -3.445316E-13  1.071785E-12 -1.157487E+00
         7   3  3.130417E+01 -1.469698E+01 -1.098665E+01 -2.435650E-12 -7.950951E-13 -3.691706E+00
         7   4  3.130417E+01 -1.469698E+01 -1.098665E+01 -2.924929E-12  6.977359E-13 -3.691706E+00
         7   5  3.129041E+01 -1.724503E+01 -8.487662E+00  5.645009E-13  2.409986E-12 -1.785672E+00
         7   6  3.129041E+01 -1.724503E+01 -8.487662E+00  5.623068E-13  3.078875E-12 -1.785672E+00
         7   7  2.969178E+01 -1.884502E+01 -1.260038E+01  5.163504E-14 -3.277950E-13 -4.319992E+00
         7   8  2.969178E+01 -1.884502E+01 -1.260038E+01  5.964180E-14  1.077220E-12 -4.319992E+00
         8   1  3.290281E+01 -1.309707E+01 -6.874011E+00  7.498576E-13 -3.466504E-13 -1.157487E+00
         8   2  3.290281E+01 -1.309707E+01 -6.874011E+00  4.457302E-13 -2.144293E-13 -1.157487E+00
         8   3  3.130417E+01 -1.469698E+01 -1.098665E+01  2.059304E-12  6.262344E-13 -3.691706E+00
         8   4  3.130417E+01 -1.469698E+01 -1.098665E+01  1.772299E-12  7.398095E-13 -3.691706E+00
         8   5  3.129041E+01 -1.724503E+01 -8.487662E+00  3.091049E-13 -2.828956E-12 -1.785672E+00
         8   6  3.129041E+01 -1.724503E+01 -8.487662E+00 -1.574362E-13 -2.756218E-12 -1.785672E+00
         8   7  2.969178E+01 -1.884502E+01 -1.260038E+01 -3.908249E-13 -4.840113E-13 -4.319992E+00
         8   8  2.969178E+01 -1.884502E+01 -1.260038E+01 -8.491904E-13 -3.769952E-13 -4.319992E+00
         9   1  3.290281E+01 -1.309707E+01 -6.874011E+00  1.085829E-13  7.443108E-13 -1.157487E+00
         9   2  3.290281E+01 -1.309707E+01 -6.874011E+00  8.108581E-13 -4.360902E-13 -1.157487E+00
         9   3  3.130417E+01 -1.469698E+01 -1.098665E+01  8.114823E-14  6.800790E-13 -3.691706E+00
         9   4  3.130417E+01 -1.469698E+01 -1.098665E+01  8.053749E-13 -1.087919E-12 -3.691706E+00
         9   5  3.129041E+01 -1.724503E+01 -8.487662E+00  1.683539E-13  1.467355E-12 -1.785672E+00
         9   6  3.129041E+01 -1.724503E+01 -8.487662E+00  5.983688E-13  2.321963E-13 -1.785672E+00
         9   7  2.969178E+01 -1.884502E+01 -1.260038E+01  4.265016E-13  1.133932E-12 -4.319992E+00
         9   8  2.969178E+01 -1.884502E+01 -1.260038E+01  8.529022E-13 -5.373247E-13 -4.319992E+00
        10   1  3.290281E+01 -1.309707E+01 -6.874011E+00  8.625237E-13 -1.050146E-12 -1.157487E+00
        10   2  3.290281E+01 -1.309707E+01 -6.874011E+00  2.463110E-13 -3.226928E-13 -1.157487E+00
        10   3  3.130417E+01 -1.469698E+01 -1.098665E+01  8.567818E-13 -1.567162E-12 -3.691706E+00
        10   4  3.130417E+01 -1.469698E+01 -1.098665E+01  1.902535E-13 -4.104435E-13 -3.691706E+00
        10   5  3.129041E+01 -1.724503E+01 -8.487662E+00  3.563050E-13 -1.513148E-12 -1.785672E+00
        10   6  3.129041E+01 -1.724503E+01 -8.487662E+00  1.726641E-14 -7.175951E-13 -1.785672E+00
        10   7  2.969178E+01 -1.884502E+01 -1.260038E+01  3.481373E-14 -1.521062E-12 -4.319992E+00
        10   8  2.969178E+01 -1.884502E+01 -1.260038E+01 -3.329795E-13 -3.905744E-13 -4.319992E+00
        11   1  3.532944E+01 -8.961932E+00 -2.337662E+00 -1.924153E-12 -8.640947E-13 -3.361843E+00
        11   2  3.532944E+01 -8.961932E+00 -2.337662E+00 -3.090419E-12 -3.271951E-12 -3.361843E+00
        11   3  4.495903E+01  6.762202E-01  2.243289E+01 -2.641290E-12  7.033528E-14 -4.338734E+00
        11   4  4.495903E+01  6.762202E-01  2.243289E+01 -3.807426E-12 -8.678452E-13 -4.338734E+00
        11   5  3.470815E+01 -1.056079E+01 -2.959045E+00 -5.060179E-13 -8.162447E-13  4.218920E-01
        11   6  3.470815E+01 -1.056079E+01 -2.959045E+00 -9.336888E-13 -3.223267E-12  4.218920E-01
        11   7  4.433772E+01 -9.224699E-01  2.181168E+01 -9.444466E-13  1.202876E-12 -5.557300E-01
        11   8  4.433772E+01 -9.224699E-01  2.181168E+01 -1.372127E-12  2.609782E-13 -5.557300E-01
        12   1  3.532944E+01 -8.961932E+00 -2.337662E+00 -2.389564E-12 -2.717343E-12 -3.361843E+00
        12   2  3.532944E+01 -8.961932E+00 -2.337662E+00 -2.230873E-12  1.248443E-12 -3.361843E+00
        12   3  4.495903E+01  6.762202E-01  2.243289E+01  1.502702E-12 -1.338258E-12 -4.338734E+00
        12   4  4.495903E+01  6.762202E-01  2.243289E+01  1.660698E-12 -6.368306E-13 -4.338734E+00
        12   5  3.470815E+01 -1.056079E+01 -2.959045E+00 -1.329220E-12 -2.674024E-12  4.218920E-01
        12   6  3.470815E+01 -1.056079E+01 -2.959045E+00 -2.798310E-12  1.264819E-12  4.218920E-01
        12   7  4.433772E+01 -9.224699E-01  2.181168E+01 -2.847106E-14 -1.256240E-12 -5.557300E-01
        12   8  4.433772E+01 -9.224699E-01  2.181168E+01 -1.496089E-12 -5.441476E-13 -5.557300E-01
        13   1  3.532944E+01 -8.961932E+00 -2.337662E+00  1.807029E-12  2.938345E-12 -3.361843E+00
        13   2  3.532944E+01 -8.961932E+00 -2.337662E+00  1.193885E-12  1.417725E-12 -3.361843E+00
        13   3  4.495903E+01  6.762202E-01  2.243289E+01 -1.425125E-12  2.134896E-13 -4.338734E+00
        13   4  4.495903E+01  6.762202E-01  2.243289E+01 -2.040604E-12  5.849108E-13 -4.338734E+00
        13   5  3.470815E+01 -1.056079E+01 -2.959045E+00 -4.664490E-13  5.083301E-12  4.218920E-01
        13   6  3.470815E+01 -1.056079E+01 -2.959045E+00 -1.678960E-13  3.555159E-12  4.218920E-01
        13   7  4.433772E+01 -9.224699E-01  2.181168E+01 -2.926106E-13  1.589874E-12 -5.557300E-01
        13   8  4.433772E+01 -9.224699E-01  2.181168E+01  8.930195E-15  1.967710E-12 -5.557300E-01
        14   1  3.532944E+01 -8.961932E+00 -2.337662E+00 -1.954762E-12 -7.771055E-13 -3.361843E+00
        14   2  3.532944E+01 -8.961932E+00 -2.337662E+00 -1.097417E-12 -4.612790E-13 -3.361843E+00
        14   3  4.495903E+01  6.762202E-01  2.243289E+01 -1.894896E-12  3.171347E-13 -4.338734E+00
        14   4  4.495903E+01  6.762202E-01  2.243289E+01 -1.038466E-12  2.184361E-12 -4.338734E+00
        14   5  3.470815E+01 -1.056079E+01 -2.959045E+00 -2.109817E-12 -3.566801E-12  4.218920E-01
        14   6  3.470815E+01 -1.056079E+01 -2.959045E+00 -4.159577E-13 -3.266978E-12  4.218920E-01
        14   7  4.433772E+01 -9.224699E-01  2.181168E+01 -1.187961E-12 -1.399438E-12 -5.557300E-01
        14   8  4.433772E+01 -9.224699E-01  2.181168E+01  5.119983E-13  5.188025E-13 -5.557300E-01
        15   1  3.532944E+01 -8.961932E+00 -2.337662E+00  6.641164E-16  6.175519E-14 -3.361843E+00
        15   2  3.532944E+01 -8.961932E+00 -2.337662E+00  1.472390E-12 -1.608922E-12 -3.361843E+00
        15   3  4.495903E+01  6.762202E-01  2.243289E+01 -3.127285E-12  2.500918E-12 -4.338734E+00
        15   4  4.495903E+01  6.762202E-01  2.243289E+01 -1.663147E-12 -1.540484E-12 -4.338734E+00
        15   5  3.470815E+01 -1.056079E+01 -2.959045E+00  7.790779E-13  2.101498E-13  4.218920E-01
        15   6  3.470815E+01 -1.056079E+01 -2.959045E+00  1.076473E-12 -1.433169E-12  4.218920E-01
        15   7  4.433772E+01 -9.224699E-01  2.181168E+01 -2.341368E-12  3.631985E-12 -5.557300E-01
        15   8  4.433772E+01 -9.224699E-01  2.181168E+01 -2.046666E-12 -4.213935E-13 -5.557300E-01
        16   1  3.532944E+01 -8.961932E+00 -2.337662E+00 -6.920700E-14 -1.449317E-12 -3.361843E+00
        16   2  3.532944E+01 -8.961932E+00 -2.337662E+00  3.598573E-13 -1.317840E-12 -3.361843E+00
        16   3  4.495903E+01  6.762202E-01  2.243289E+01  1.080216E-12 -3.558839E-12 -4.338734E+00
        16   4  4.495903E+01  6.762202E-01  2.243289E+01  1.490161E-12 -2.688084E-12 -4.338734E+00
        16   5  3.470815E+01 -1.056079E+01 -2.959045E+00  2.277561E-13  5.922023E-13  4.218920E-01
        16   6  3.470815E+01 -1.056079E+01 -2.959045E+00  9.811335E-13  6.980979E-13  4.218920E-01
        16   7  4.433772E+01 -9.224699E-01  2.181168E+01  1.092422E-12 -4.433103E-12 -5.557300E-01
        16   8  4.433772E+01 -9.224699E-01  2.181168E+01  1.846007E-12 -3.613992E-12 -5.557300E-01
        17   1  3.532944E+01 -8.961932E+00 -2.337662E+00 -8.046428E-13 -9.764217E-13 -3.361843E+00
        17   2  3.532944E+01 -8.961932E+00 -2.337662E+00 -2.530025E-12  1.975612E-12 -3.361843E+00
        17   3  4.495903E+01  6.762202E-01  2.243289E+01  5.756935E-12  8.177919E-14 -4.338734E+00
        17   4  4.495903E+01  6.762202E-01  2.243289E+01  4.029239E-12  5.572372E-12 -4.338734E+00
        17   5  3.470815E+01 -1.056079E+01 -2.959045E+00  1.200838E-12 -9.428421E-13  4.218920E-01
        17   6  3.470815E+01 -1.056079E+01 -2.959045E+00  8.033883E-13  2.050441E-12  4.218920E-01
        17   7  4.433772E+01 -9.224699E-01  2.181168E+01  2.344340E-12  4.454260E-13 -5.557300E-01
        17   8  4.433772E+01 -9.224699E-01  2.181168E+01  1.973384E-12  5.913967E-12 -5.557300E-01
        18   1  3.532944E+01 -8.961932E+00 -2.337662E+00 -1.311972E-13  1.964448E-12 -3.361843E+00
        18   2  3.532944E+01 -8.961932E+00 -2.337662E+00  2.258821E-12 -2.461292E-13 -3.361843E+00
        18   3  4.495903E+01  6.762202E-01  2.243289E+01 -6.028971E-12  4.335539E-12 -4.338734E+00
        18   4  4.495903E+01  6.762202E-01  2.243289E+01 -3.646377E-12 -3.359852E-12 -4.338734E+00
        18   5  3.470815E+01 -1.056079E+01 -2.959045E+00 -6.261107E-13  1.463978E-12  4.218920E-01
        18   6  3.470815E+01 -1.056079E+01 -2.959045E+00 -1.068168E-12 -8.521704E-13  4.218920E-01
        18   7  4.433772E+01 -9.224699E-01  2.181168E+01 -1.758692E-12  3.696109E-12 -5.557300E-01
        18   8  4.433772E+01 -9.224699E-01  2.181168E+01 -2.217793E-12 -4.011768E-12 -5.557300E-01
        19   1  3.532944E+01 -8.961932E+00 -2.337662E+00  1.956303E-12 -1.070996E-12 -3.361843E+00
        19   2  3.532944E+01 -8.961932E+00 -2.337662E+00  4.698192E-13 -2.072729E-12 -3.361843E+00
        19   3  4.495903E+01  6.762202E-01  2.243289E+01  6.835144E-13 -5.539159E-12 -4.338734E+00
        19   4  4.495903E+01  6.762202E-01  2.243289E+01 -8.572825E-13 -3.454144E-12 -4.338734E+00
        19   5  3.470815E+01 -1.056079E+01 -2.959045E+00  5.828116E-13 -1.065606E-12  4.218920E-01
        19   6  3.470815E+01 -1.056079E+01 -2.959045E+00  6.206284E-13 -1.913104E-12  4.218920E-01
        19   7  4.433772E+01 -9.224699E-01  2.181168E+01 -1.962948E-13 -6.603037E-12 -5.557300E-01
        19   8  4.433772E+01 -9.224699E-01  2.181168E+01 -1.509485E-13 -4.496661E-12 -5.557300E-01
        20   1  3.532944E+01 -8.961932E+00 -2.337662E+00  4.425901E-13 -1.788055E-12 -3.361843E+00
        20   2  3.532944E+01 -8.961932E+00 -2.337662E+00  1.911284E-13 -3.903776E-13 -3.361843E+00
        20   3  4.495903E+01  6.762202E-01  2.243289E+01  8.186441E-13 -1.879360E-12 -4.338734E+00
        20   4  4.495903E+01  6.762202E-01  2.243289E+01  5.905843E-13 -4.353679E-13 -4.338734E+00
        20   5  3.470815E+01 -1.056079E+01 -2.959045E+00  1.352370E-13 -1.656487E-12  4.218920E-01
        20   6  3.470815E+01 -1.056079E+01 -2.959045E+00 -1.104688E-13 -2.321514E-13  4.218920E-01
        20   7  4.433772E+01 -9.224699E-01  2.181168E+01  1.050322E-12 -1.796396E-12 -5.557300E-01
        20   8  4.433772E+01 -9.224699E-01  2.181168E+01  7.496940E-13 -4.073643E-13 -5.557300E-01
        21   1  3.270882E+01 -1.835502E+01 -2.307821E+00  1.647541E-13  1.533638E-12 -2.897902E+00
        21   2  3.270882E+01 -1.835502E+01 -2.307821E+00  2.141824E-13  1.708304E-12 -2.897902E+00
        21   3  3.126588E+01 -1.979892E+01 -6.019642E+00  5.614384E-13 -6.257382E-13 -7.276022E+00
        21   4  3.126588E+01 -1.979892E+01 -6.019642E+00  6.108441E-13 -3.136853E-13 -7.276022E+00
        21   5  2.992316E+01 -2.552115E+01 -5.095387E+00  4.696275E-13  1.364253E-12 -3.464922E+00
        21   6  2.992316E+01 -2.552115E+01 -5.095387E+00  5.825372E-13  1.538926E-12 -3.464922E+00
        21   7  2.848022E+01 -2.696516E+01 -8.807322E+00  1.641474E-12 -2.549708E-12 -7.843298E+00
        21   8  2.848022E+01 -2.696516E+01 -8.807322E+00  1.756005E-12 -2.237227E-12 -7.843298E+00
        22   1  3.270882E+01 -1.835502E+01 -2.307821E+00  2.280966E-13 -2.488046E-12 -2.897902E+00
        22   2  3.270882E+01 -1.835502E+01 -2.307821E+00  8.804728E-13 -2.151970E-12 -2.897902E+00
        22   3  3.126588E+01 -1.979892E+01 -6.019642E+00 -4.876014E-14 -4.373701E-13 -7.276022E+00
        22   4  3.126588E+01 -1.979892E+01 -6.019642E+00  6.020456E-13 -1.601207E-12 -7.276022E+00
        22   5  2.992316E+01 -2.552115E+01 -5.095387E+00 -1.934064E-13 -5.179557E-13 -3.464922E+00
        22   6  2.992316E+01 -2.552115E+01 -5.095387E+00 -2.882778E-13 -1.766327E-13 -3.464922E+00
        22   7  2.848022E+01 -2.696516E+01 -8.807322E+00 -1.152483E-12  7.448652E-13 -7.843298E+00
        22   8  2.848022E+01 -2.696516E+01 -8.807322E+00 -1.249142E-12 -4.147153E-13 -7.843298E+00
        23   1  3.270882E+01 -1.835502E+01 -2.307821E+00  1.282064E-12  3.270343E-12 -2.897902E+00
        23   2  3.270882E+01 -1.835502E+01 -2.307821E+00  4.301646E-13  2.727372E-12 -2.897902E+00
        23   3  3.126588E+01 -1.979892E+01 -6.019642E+00  2.307384E-12  1.726379E-12 -7.276022E+00
        23   4  3.126588E+01 -1.979892E+01 -6.019642E+00  1.448545E-12  2.656603E-12 -7.276022E+00
        23   5  2.992316E+01 -2.552115E+01 -5.095387E+00  3.363836E-13  1.737846E-12 -3.464922E+00
        23   6  2.992316E+01 -2.552115E+01 -5.095387E+00  2.069486E-13  1.149271E-12 -3.464922E+00
        23   7  2.848022E+01 -2.696516E+01 -8.807322E+00  1.308317E-12 -1.119540E-12 -7.843298E+00
        23   8  2.848022E+01 -2.696516E+01 -8.807322E+00  1.181140E-12 -1.845589E-13 -7.843298E+00
        24   1  3.270882E+01 -1.835502E+01 -2.307821E+00 -6.416448E-13 -1.716345E-12 -2.897902E+00
        24   2  3.270882E+01 -1.835502E+01 -2.307821E+00 -1.219777E-12 -2.507956E-12 -2.897902E+00
        24   3  3.126588E+01 -1.979892E+01 -6.019642E+00 -1.165316E-12 -3.768971E-12 -7.276022E+00
        24   4  3.126588E+01 -1.979892E+01 -6.019642E+00 -1.731975E-12 -4.484361E-12 -7.276022E+00
        24   5  2.992316E+01 -2.552115E+01 -5.095387E+00 -7.337929E-13  7.033301E-13 -3.464922E+00
        24   6  2.992316E+01 -2.552115E+01 -5.095387E+00 -1.198904E-12 -1.122350E-13 -3.464922E+00
        24   7  2.848022E+01 -2.696516E+01 -8.807322E+00 -1.736478E-12 -1.100505E-12 -7.843298E+00
        24   8  2.848022E+01 -2.696516E+01 -8.807322E+00 -2.218795E-12 -1.750281E-12 -7.843298E+00
        25   1  3.270882E+01 -1.835502E+01 -2.307821E+00 -6.173841E-13 -3.375450E-13 -2.897902E+00
        25   2  3.270882E+01 -1.835502E+01 -2.307821E+00  1.192131E-13  1.455915E-12 -2.897902E+00
        25   3  3.126588E+01 -1.979892E+01 -6.019642E+00  3.226726E-13 -2.427877E-13 -7.276022E+00
        25   4  3.126588E+01 -1.979892E+01 -6.019642E+00  1.029938E-12  1.023026E-12 -7.276022E+00
        25   5  2.992316E+01 -2.552115E+01 -5.095387E+00 -4.758678E-13 -1.440946E-12 -3.464922E+00
        25   6  2.992316E+01 -2.552115E+01 -5.095387E+00  4.865765E-15  3.548913E-13 -3.464922E+00
        25   7  2.848022E+01 -2.696516E+01 -8.807322E+00  5.214128E-13  5.470403E-13 -7.843298E+00
        25   8  2.848022E+01 -2.696516E+01 -8.807322E+00  9.977867E-13  1.794876E-12 -7.843298E+00
        26   1  3.270882E+01 -1.835502E+01 -2.307821E+00  1.535496E-13  2.154829E-12 -2.897902E+00
        26   2  3.270882E+01 -1.835502E+01 -2.307821E+00  5.575864E-13 -5.419364E-13 -2.897902E+00
        26   3  3.126588E+01 -1.979892E+01 -6.019642E+00  1.348475E-13  4.203261E-12 -7.276022E+00
        26   4  3.126588E+01 -1.979892E+01 -6.019642E+00  5.586192E-13  2.078781E-12 -7.276022E+00
        26   5  2.992316E+01 -2.552115E+01 -5.095387E+00  3.701090E-13  3.426464E-12 -3.464922E+00
        26   6  2.992316E+01 -2.552115E+01 -5.095387E+00  1.045838E-12  6.852068E-13 -3.464922E+00
        26   7  2.848022E+01 -2.696516E+01 -8.807322E+00  1.365101E-12  3.150218E-12 -7.843298E+00
        26   8  2.848022E+01 -2.696516E+01 -8.807322E+00  2.016754E-12  9.541920E-13 -7.843298E+00
        27   1  3.270882E+01 -1.835502E+01 -2.307821E+00  6.929018E-13 -2.769634E-13 -2.897902E+00
        27   2  3.270882E+01 -1.835502E+01 -2.307821E+00  8.236157E-13  5.577461E-13 -2.897902E+00
        27   3  3.126588E+01 -1.979892E+01 -6.019642E+00  7.027813E-13 -1.580045E-12 -7.276022E+00
        27   4  3.126588E+01 -1.979892E+01 -6.019642E+00  8.287513E-13 -1.107882E-12 -7.276022E+00
        27   5  2.992316E+01 -2.552115E+01 -5.095387E+00  6.491981E-13 -3.051371E-12 -3.464922E+00
        27   6  2.992316E+01 -2.552115E+01 -5.095387E+00  6.257252E-13 -2.284347E-12 -3.464922E+00
        27   7  2.848022E+01 -2.696516E+01 -8.807322E+00 -1.527527E-14 -1.199034E-12 -7.843298E+00
        27   8  2.848022E+01 -2.696516E+01 -8.807322E+00  2.073026E-14 -8.835902E-13 -7.843298E+00
        28   1  3.270882E+01 -1.835502E+01 -2.307821E+00  8.820853E-14 -3.401565E-12 -2.897902E+00
        28   2  3.270882E+01 -1.835502E+01 -2.307821E+00 -5.334256E-13  6.314872E-14 -2.897902E+00
        28   3  3.126588E+01 -1.979892E+01 -6.019642E+00 -1.441491E-12 -2.329901E-12 -7.276022E+00
        28   4  3.126588E+01 -1.979892E+01 -6.019642E+00 -2.053490E-12  7.998470E-13 -7.276022E+00
        28   5  2.992316E+01 -2.552115E+01 -5.095387E+00 -6.615406E-14  5.226149E-13 -3.464922E+00
        28   6  2.992316E+01 -2.552115E+01 -5.095387E+00 -8.818944E-13  3.904246E-12 -3.464922E+00
        28   7  2.848022E+01 -2.696516E+01 -8.807322E+00 -1.857831E-12 -1.978378E-12 -7.843298E+00
        28   8  2.848022E+01 -2.696516E+01 -8.807322E+00 -2.671754E-12  1.162261E-12 -7.843298E+00
        29   1  3.270882E+01 -1.835502E+01 -2.307821E+00  1.085493E-13  2.535243E-12 -2.897902E+00
        29   2  3.270882E+01 -1.835502E+01 -2.307821E+00  5.482582E-13 -2.390894E-12 -2.897902E+00
        29   3  3.126588E+01 -1.979892E+01 -6.019642E+00  2.975594E-13  2.595107E-12 -7.276022E+00
        29   4  3.126588E+01 -1.979892E+01 -6.019642E+00  7.380957E-13 -1.034598E-12 -7.276022E+00
        29   5  2.992316E+01 -2.552115E+01 -5.095387E+00 -2.346267E-13 -1.064397E-12 -3.464922E+00
        29   6  2.992316E+01 -2.552115E+01 -5.095387E+00  8.417117E-13 -5.705129E-12 -3.464922E+00
        29   7  2.848022E+01 -2.696516E+01 -8.807322E+00 -5.243573E-13  9.078343E-13 -7.843298E+00
        29   8  2.848022E+01 -2.696516E+01 -8.807322E+00  5.862709E-13 -2.671205E-12 -7.843298E+00
        30   1  3.270882E+01 -1.835502E+01 -2.307821E+00  4.898513E-13 -2.935559E-12 -2.897902E+00
        30   2  3.270882E+01 -1.835502E+01 -2.307821E+00  1.213069E-13 -6.640462E-13 -2.897902E+00
        30   3  3.126588E+01 -1.979892E+01 -6.019642E+00  4.026606E-13 -1.960266E-12 -7.276022E+00
        30   4  3.126588E+01 -1.979892E+01 -6.019642E+00  1.557364E-14 -3.799695E-13 -7.276022E+00
        30   5  2.992316E+01 -2.552115E+01 -5.095387E+00  1.397180E-12 -7.684333E-13 -3.464922E+00
        30   6  2.992316E+01 -2.552115E+01 -5.095387E+00  5.965169E-13  1.578251E-12 -3.464922E+00
        30   7  2.848022E+01 -2.696516E+01 -8.807322E+00  2.260463E-12 -1.851398E-12 -7.843298E+00
        30   8  2.848022E+01 -2.696516E+01 -8.807322E+00  1.434256E-12 -3.325939E-13 -7.843298E+00
        31   1  3.389088E+01 -1.652673E+01  8.828162E-02  4.626880E-13 -1.000792E-12 -4.744646E+00
        31   2  3.389088E+01 -1.652673E+01  8.828162E-02  3.418267E-14 -1.187338E-12 -4.744646E+00
        31   3  4.138218E+01 -9.020515E+00  1.935921E+01  2.794812E-13  1.337529E-13 -1.783844E+01
        31   4  4.138218E+01 -9.020515E+00  1.935921E+01 -1.483665E-13 -1.506480E-12 -1.783844E+01
        31   5  2.555982E+01 -3.796012E+01 -8.247524E+00  1.694081E-12 -3.778656E-12 -1.802391E+00
        31   6  2.555982E+01 -3.796012E+01 -8.247524E+00  5.392402E-13 -3.965239E-12 -1.802391E+00
        31   7  3.305096E+01 -3.045213E+01  1.102517E+01  1.923728E-12 -3.223648E-12 -1.489877E+01
        31   8  3.305096E+01 -3.045213E+01  1.102517E+01  7.682174E-13 -4.863872E-12 -1.489877E+01
        32   1  3.389088E+01 -1.652673E+01  8.828162E-02 -1.422438E-12 -9.146442E-14 -4.744646E+00
        32   2  3.389088E+01 -1.652673E+01  8.828162E-02 -2.706410E-12 -2.365922E-13 -4.744646E+00
        32   3  4.138218E+01 -9.020515E+00  1.935921E+01 -6.975379E-13 -1.240862E-12 -1.783844E+01
        32   4  4.138218E+01 -9.020515E+00  1.935921E+01 -1.981371E-12  2.895430E-12 -1.783844E+01
        32   5  2.555982E+01 -3.796012E+01 -8.247524E+00 -2.742599E-12  5.164448E-13 -1.802391E+00
        32   6  2.555982E+01 -3.796012E+01 -8.247524E+00 -1.881570E-12  3.619464E-13 -1.802391E+00
        32   7  3.305096E+01 -3.045213E+01  1.102517E+01 -1.023370E-12 -1.386633E-12 -1.489877E+01
        32   8  3.305096E+01 -3.045213E+01  1.102517E+01 -1.668063E-13  2.764767E-12 -1.489877E+01
        33   1  3.389088E+01 -1.652673E+01  8.828162E-02 -8.290119E-13  2.107734E-12 -4.744646E+00
        33   2  3.389088E+01 -1.652673E+01  8.828162E-02 -1.064262E-12  1.786930E-12 -4.744646E+00
        33   3  4.138218E+01 -9.020515E+00  1.935921E+01  3.934385E-13  4.700792E-12 -1.783844E+01
        33   4  4.138218E+01 -9.020515E+00  1.935921E+01  1.639471E-13 -3.545298E-13 -1.783844E+01
        33   5  2.555982E+01 -3.796012E+01 -8.247524E+00  4.608735E-13 -4.258138E-13 -1.802391E+00
        33   6  2.555982E+01 -3.796012E+01 -8.247524E+00 -2.160558E-12 -7.427562E-13 -1.802391E+00
        33   7  3.305096E+01 -3.045213E+01  1.102517E+01  1.159959E-12  4.273416E-12 -1.489877E+01
        33   8  3.305096E+01 -3.045213E+01  1.102517E+01 -1.456857E-12 -7.537923E-13 -1.489877E+01
        34   1  3.389088E+01 -1.652673E+01  8.828162E-02 -2.606343E-12 -4.628838E-12 -4.744646E+00
        34   2  3.389088E+01 -1.652673E+01  8.828162E-02  1.000009E-13 -3.679334E-12 -4.744646E+00
        34   3  4.138218E+01 -9.020515E+00  1.935921E+01 -7.972570E-13 -4.695247E-12 -1.783844E+01
        34   4  4.138218E+01 -9.020515E+00  1.935921E+01  1.903047E-12  1.667690E-13 -1.783844E+01
        34   5  2.555982E+01 -3.796012E+01 -8.247524E+00 -3.855910E-12 -1.953933E-12 -1.802391E+00
        34   6  2.555982E+01 -3.796012E+01 -8.247524E+00  8.808121E-13 -1.042916E-12 -1.802391E+00
        34   7  3.305096E+01 -3.045213E+01  1.102517E+01 -5.004843E-13 -2.333573E-12 -1.489877E+01
        34   8  3.305096E+01 -3.045213E+01  1.102517E+01  4.240397E-12  2.557615E-12 -1.489877E+01
        35   1  3.389088E+01 -1.652673E+01  8.828162E-02  1.509068E-12  8.419569E-13 -4.744646E+00
        35   2  3.389088E+01 -1.652673E+01  8.828162E-02  7.387770E-13  6.710752E-13 -4.744646E+00
        35   3  4.138218E+01 -9.020515E+00  1.935921E+01 -1.746600E-12  3.787770E-12 -1.783844E+01
        35   4  4.138218E+01 -9.020515E+00  1.935921E+01 -2.524259E-12  4.668307E-13 -1.783844E+01
        35   5  2.555982E+01 -3.796012E+01 -8.247524E+00  2.675899E-12  1.174731E-12 -1.802391E+00
        35   6  2.555982E+01 -3.796012E+01 -8.247524E+00  2.723531E-13  1.078443E-12 -1.802391E+00
        35   7  3.305096E+01 -3.045213E+01  1.102517E+01 -9.398361E-13  1.039656E-12 -1.489877E+01
        35   8  3.305096E+01 -3.045213E+01  1.102517E+01 -3.346291E-12 -2.294046E-12 -1.489877E+01
        36   1  3.389088E+01 -1.652673E+01  8.828162E-02  5.220092E-13  2.731066E-12 -4.744646E+00
        36   2  3.389088E+01 -1.652673E+01  8.828162E-02  1.565999E-12  1.090402E-12 -4.744646E+00
        36   3  4.138218E+01 -9.020515E+00  1.935921E+01  9.065305E-13 -3.205348E-12 -1.783844E+01
        36   4  4.138218E+01 -9.020515E+00  1.935921E+01  1.959571E-12 -3.675295E-12 -1.783844E+01
        36   5  2.555982E+01 -3.796012E+01 -8.247524E+00  9.990325E-13  1.659044E-12 -1.802391E+00
        36   6  2.555982E+01 -3.796012E+01 -8.247524E+00  2.587159E-12  4.101117E-14 -1.802391E+00
        36   7  3.305096E+01 -3.045213E+01  1.102517E+01  3.407154E-13 -2.107553E-12 -1.489877E+01
        36   8  3.305096E+01 -3.045213E+01  1.102517E+01  1.930544E-12 -2.619281E-12 -1.489877E+01
        37   1  3.389088E+01 -1.652673E+01  8.828162E-02  1.770655E-12 -1.697752E-12 -4.744646E+00
        37   2  3.389088E+01 -1.652673E+01  8.828162E-02  2.238664E-12 -4.745615E-13 -4.744646E+00
        37   3  4.138218E+01 -9.020515E+00  1.935921E+01  1.419020E-12 -7.632874E-13 -1.783844E+01
        37   4  4.138218E+01 -9.020515E+00  1.935921E+01  1.855094E-12  2.126234E-12 -1.783844E+01
        37   5  2.555982E+01 -3.796012E+01 -8.247524E+00  1.346910E-12 -5.039802E-13 -1.802391E+00
        37   6  2.555982E+01 -3.796012E+01 -8.247524E+00  2.755506E-12  7.240381E-13 -1.802391E+00
        37   7  3.305096E+01 -3.045213E+01  1.102517E+01  2.203497E-12 -7.119527E-14 -1.489877E+01
        37   8  3.305096E+01 -3.045213E+01  1.102517E+01  3.597065E-12  2.843646E-12 -1.489877E+01
        38   1  3.389088E+01 -1.652673E+01  8.828162E-02 -6.132686E-13 -1.214061E-12 -4.744646E+00
        38   2  3.389088E+01 -1.652673E+01  8.828162E-02 -2.724776E-12  3.119141E-13 -4.744646E+00
        38   3  4.138218E+01 -9.020515E+00  1.935921E+01  1.905236E-13  7.093796E-13 -1.783844E+01
        38   4  4.138218E+01 -9.020515E+00  1.935921E+01 -1.912048E-12 -9.648541E-13 -1.783844E+01
        38   5  2.555982E+01 -3.796012E+01 -8.247524E+00  2.316371E-14 -1.846891E-12 -1.802391E+00
        38   6  2.555982E+01 -3.796012E+01 -8.247524E+00 -3.808139E-12 -2.139511E-13 -1.802391E+00
        38   7  3.305096E+01 -3.045213E+01  1.102517E+01  1.382583E-12  1.063415E-12 -1.489877E+01
        38   8  3.305096E+01 -3.045213E+01  1.102517E+01 -2.440675E-12 -5.228205E-13 -1.489877E+01
        39   1  3.389088E+01 -1.652673E+01  8.828162E-02 -6.239118E-13  1.057007E-12 -4.744646E+00
        39   2  3.389088E+01 -1.652673E+01  8.828162E-02  7.399160E-14 -2.077073E-12 -4.744646E+00
        39   3  4.138218E+01 -9.020515E+00  1.935921E+01 -8.171610E-13 -3.015543E-12 -1.783844E+01
        39   4  4.138218E+01 -9.020515E+00  1.935921E+01 -9.953473E-14 -5.414601E-12 -1.783844E+01
        39   5  2.555982E+01 -3.796012E+01 -8.247524E+00 -2.413378E-12  5.083682E-13 -1.802391E+00
        39   6  2.555982E+01 -3.796012E+01 -8.247524E+00 -1.435619E-12 -2.538362E-12 -1.802391E+00
        39   7  3.305096E+01 -3.045213E+01  1.102517E+01 -1.513983E-12 -2.349064E-12 -1.489877E+01
        39   8  3.305096E+01 -3.045213E+01  1.102517E+01 -5.134577E-13 -4.727136E-12 -1.489877E+01
        40   1  3.389088E+01 -1.652673E+01  8.828162E-02  2.044744E-13 -2.072741E-12 -4.744646E+00
        40   2  3.389088E+01 -1.652673E+01  8.828162E-02  1.490964E-13 -3.088946E-13 -4.744646E+00
        40   3  4.138218E+01 -9.020515E+00  1.935921E+01  9.871986E-13 -3.558980E-12 -1.783844E+01
        40   4  4.138218E+01 -9.020515E+00  1.935921E+01  9.216444E-13 -7.837009E-13 -1.783844E+01
        40   5  2.555982E+01 -3.796012E+01 -8.247524E+00  7.282358E-13 -2.523545E-12 -1.802391E+00
        40   6  2.555982E+01 -3.796012E+01 -8.247524E+00  1.237291E-12 -8.717283E-13 -1.802391E+00
        40   7  3.305096E+01 -3.045213E+01  1.102517E+01  5.977184E-13 -3.414435E-12 -1.489877E+01
        40   8  3.305096E+01 -3.045213E+01  1.102517E+01  1.100204E-12 -6.419249E-13 -1.489877E+01
        41   1  1.038676E+02  4.931490E+01  1.123510E+01 -1.501377E-13 -1.708864E-14 -1.643702E+00
        41   2  1.038676E+02  4.931490E+01  1.123510E+01  6.051702E-13 -1.065354E-12 -1.643702E+00
        41   3  1.120200E+02  5.713490E+01  1.941540E+01 -1.312600E-12 -6.564893E-13 -2.145476E+00
        41   4  1.120200E+02  5.713490E+01  1.941540E+01 -5.614878E-13  1.060449E-12 -2.145476E+00
        41   5  7.587411E+01  2.085453E+01 -1.645006E+01  1.394010E-13 -4.547615E-13 -1.419993E+00
        41   6  7.587411E+01  2.085453E+01 -1.645006E+01  2.302417E-12 -1.531700E-12 -1.419993E+00
        41   7  8.364554E+01  2.871315E+01 -7.916152E+00 -1.629701E-12 -1.394252E-12 -1.776312E+00
        41   8  8.364554E+01  2.871315E+01 -7.916152E+00  5.252060E-13  3.199393E-13 -1.776312E+00
        42   1  1.038676E+02  4.931490E+01  1.123510E+01  1.329813E-12  8.737334E-13 -1.643702E+00
        42   2  1.038676E+02  4.931490E+01  1.123510E+01  1.174592E-12  1.956380E-12 -1.643702E+00
        42   3  1.120200E+02  5.713490E+01  1.941540E+01  1.565162E-12  5.209779E-12 -2.145476E+00
        42   4  1.120200E+02  5.713490E+01  1.941540E+01  1.425724E-12  1.903361E-12 -2.145476E+00
        42   5  7.587411E+01  2.085453E+01 -1.645006E+01  3.029867E-12 -4.507961E-13 -1.419993E+00
        42   6  7.587411E+01  2.085453E+01 -1.645006E+01  6.416517E-13  6.796018E-13 -1.419993E+00
        42   7  8.364554E+01  2.871315E+01 -7.916152E+00  3.435440E-12  5.110533E-12 -1.776312E+00
        42   8  8.364554E+01  2.871315E+01 -7.916152E+00  1.060819E-12  1.799879E-12 -1.776312E+00
        43   1  1.038676E+02  4.931490E+01  1.123510E+01  6.420997E-13  1.302531E-12 -1.643702E+00
        43   2  1.038676E+02  4.931490E+01  1.123510E+01 -4.728454E-13  8.420495E-13 -1.643702E+00
        43   3  1.120200E+02  5.713490E+01  1.941540E+01  6.850115E-13 -2.596828E-12 -2.145476E+00
        43   4  1.120200E+02  5.713490E+01  1.941540E+01 -4.395621E-13 -8.848644E-13 -2.145476E+00
        43   5  7.587411E+01  2.085453E+01 -1.645006E+01 -4.317824E-13  1.955983E-12 -1.419993E+00
        43   6  7.587411E+01  2.085453E+01 -1.645006E+01 -4.453123E-13  1.482083E-12 -1.419993E+00
        43   7  8.364554E+01  2.871315E+01 -7.916152E+00 -5.382733E-13 -1.353147E-12 -1.776312E+00
        43   8  8.364554E+01  2.871315E+01 -7.916152E+00 -5.591213E-13  3.689333E-13 -1.776312E+00
        44   1  1.038676E+02  4.931490E+01  1.123510E+01 -1.124292E-12 -2.190088E-12 -1.643702E+00
        44   2  1.038676E+02  4.931490E+01  1.123510E+01 -8.727529E-13 -4.370574E-12 -1.643702E+00
        44   3  1.120200E+02  5.713490E+01  1.941540E+01 -2.005461E-12 -4.338795E-13 -2.145476E+00
        44   4  1.120200E+02  5.713490E+01  1.941540E+01 -1.768221E-12 -7.279849E-13 -2.145476E+00
        44   5  7.587411E+01  2.085453E+01 -1.645006E+01 -1.100576E-13 -2.892754E-12 -1.419993E+00
        44   6  7.587411E+01  2.085453E+01 -1.645006E+01  1.091108E-12 -5.106154E-12 -1.419993E+00
        44   7  8.364554E+01  2.871315E+01 -7.916152E+00 -4.836887E-13 -2.790881E-12 -1.776312E+00
        44   8  8.364554E+01  2.871315E+01 -7.916152E+00  7.174627E-13 -3.088359E-12 -1.776312E+00
        45   1  1.038676E+02  4.931490E+01  1.123510E+01 -1.770950E-13 -1.494486E-12 -1.643702E+00
        45   2  1.038676E+02  4.931490E+01  1.123510E+01  2.356493E-13  5.161989E-12 -1.643702E+00
        45   3  1.120200E+02  5.713490E+01  1.941540E+01  1.606909E-13  1.314592E-12 -2.145476E+00
        45   4  1.120200E+02  5.713490E+01  1.941540E+01  5.978806E-13  2.269389E-12 -2.145476E+00
        45   5  7.587411E+01  2.085453E+01 -1.645006E+01  5.509137E-13 -1.760028E-12 -1.419993E+00
        45   6  7.587411E+01  2.085453E+01 -1.645006E+01 -1.900328E-12  4.936788E-12 -1.419993E+00
        45   7  8.364554E+01  2.871315E+01 -7.916152E+00 -6.447286E-14  7.595777E-13 -1.776312E+00
        45   8  8.364554E+01  2.871315E+01 -7.916152E+00 -2.512178E-12  1.709270E-12 -1.776312E+00
        46   1  1.038676E+02  4.931490E+01  1.123510E+01  8.420627E-13  5.968698E-12 -1.643702E+00
        46   2  1.038676E+02  4.931490E+01  1.123510E+01  8.007749E-13 -3.216272E-13 -1.643702E+00
        46   3  1.120200E+02  5.713490E+01  1.941540E+01  2.477493E-12  6.528758E-13 -2.145476E+00
        46   4  1.120200E+02  5.713490E+01  1.941540E+01  2.411598E-12 -4.997212E-13 -2.145476E+00
        46   5  7.587411E+01  2.085453E+01 -1.645006E+01 -6.048462E-13  5.784022E-12 -1.419993E+00
        46   6  7.587411E+01  2.085453E+01 -1.645006E+01  1.919607E-12 -5.295078E-13 -1.419993E+00
        46   7  8.364554E+01  2.871315E+01 -7.916152E+00  2.277368E-12  1.793988E-12 -1.776312E+00
        46   8  8.364554E+01  2.871315E+01 -7.916152E+00  4.797888E-12  6.357028E-13 -1.776312E+00
        47   1  1.038676E+02  4.931490E+01  1.123510E+01 -1.285468E-14 -6.118974E-12 -1.643702E+00
        47   2  1.038676E+02  4.931490E+01  1.123510E+01 -5.208541E-13 -3.671637E-12 -1.643702E+00
        47   3  1.120200E+02  5.713490E+01  1.941540E+01 -6.807801E-14  5.525270E-13 -2.145476E+00
        47   4  1.120200E+02  5.713490E+01  1.941540E+01 -5.586676E-13  1.107311E-12 -2.145476E+00
        47   5  7.587411E+01  2.085453E+01 -1.645006E+01  1.059129E-12 -2.948484E-12 -1.419993E+00
        47   6  7.587411E+01  2.085453E+01 -1.645006E+01 -3.847009E-13 -4.841522E-13 -1.419993E+00
        47   7  8.364554E+01  2.871315E+01 -7.916152E+00  5.077713E-13  6.109206E-13 -1.776312E+00
        47   8  8.364554E+01  2.871315E+01 -7.916152E+00 -9.337151E-13  1.186539E-12 -1.776312E+00
        48   1  1.038676E+02  4.931490E+01  1.123510E+01 -1.002045E-12  2.884432E-12 -1.643702E+00
        48   2  1.038676E+02  4.931490E+01  1.123510E+01 -1.407745E-12  1.350640E-12 -1.643702E+00
        48   3  1.120200E+02  5.713490E+01  1.941540E+01 -1.416307E-12 -1.946167E-12 -2.145476E+00
        48   4  1.120200E+02  5.713490E+01  1.941540E+01 -1.836051E-12 -1.483150E-12 -2.145476E+00
        48   5  7.587411E+01  2.085453E+01 -1.645006E+01 -4.552048E-13 -3.358148E-14 -1.419993E+00
        48   6  7.587411E+01  2.085453E+01 -1.645006E+01  1.269023E-13 -1.553923E-12 -1.419993E+00
        48   7  8.364554E+01  2.871315E+01 -7.916152E+00 -3.074205E-13 -5.123903E-13 -1.776312E+00
        48   8  8.364554E+01  2.871315E+01 -7.916152E+00  2.695204E-13 -5.447393E-14 -1.776312E+00
        49   1  1.038676E+02  4.931490E+01  1.123510E+01 -9.473235E-13 -5.872504E-12 -1.643702E+00
        49   2  1.038676E+02  4.931490E+01  1.123510E+01  6.214860E-13  8.500271E-13 -1.643702E+00
        49   3  1.120200E+02  5.713490E+01  1.941540E+01 -1.295734E-12 -2.105756E-12 -2.145476E+00
        49   4  1.120200E+02  5.713490E+01  1.941540E+01  2.907365E-13 -1.646431E-12 -2.145476E+00
        49   5  7.587411E+01  2.085453E+01 -1.645006E+01 -3.541785E-13 -4.305938E-12 -1.419993E+00
        49   6  7.587411E+01  2.085453E+01 -1.645006E+01 -1.914653E-12  2.413257E-12 -1.419993E+00
        49   7  8.364554E+01  2.871315E+01 -7.916152E+00 -6.130148E-13 -2.719732E-12 -1.776312E+00
        49   8  8.364554E+01  2.871315E+01 -7.916152E+00 -2.165672E-12 -2.255517E-12 -1.776312E+00
        50   1  1.038676E+02  4.931490E+01  1.123510E+01  1.426130E-12  1.018727E-11 -1.643702E+00
        50   2  1.038676E+02  4.931490E+01  1.123510E+01  6.628842E-13  4.791636E-12 -1.643702E+00
        50   3  1.120200E+02  5.713490E+01  1.941540E+01  2.498851E-12  2.292787E-12 -2.145476E+00
        50   4  1.120200E+02  5.713490E+01  1.941540E+01  1.727080E-12  1.185082E-12 -2.145476E+00
        50   5  7.587411E+01  2.085453E+01 -1.645006E+01 -1.607549E-12  1.017624E-11 -1.419993E+00
        50   6  7.587411E+01  2.085453E+01 -1.645006E+01 -2.209987E-13  4.763610E-12 -1.419993E+00
        50   7  8.364554E+01  2.871315E+01 -7.916152E+00 -7.956932E-13  3.706269E-12 -1.776312E+00
        50   8  8.364554E+01  2.871315E+01 -7.916152E+00  5.881057E-13  2.588973E-12 -1.776312E+00
        51   1  1.013872E+02  4.279787E+01  9.995846E+00 -7.870926E-13 -1.840101E-13 -4.944193E+00
        51   2  1.013872E+02  4.279787E+01  9.995846E+00 -6.775929E-13  2.076276E-12 -4.944193E+00
        51   3  1.173416E+02  5.943401E+01  2.690155E+01  2.432025E-12  1.735014E-12 -8.980553E+00
        51   4  1.173416E+02  5.943401E+01  2.690155E+01  2.541225E-12  2.779574E-12 -8.980553E+00
        51   5  6.031730E+01 -1.905391E+00 -3.011154E+01 -1.894274E-12 -9.512204E-13 -4.508999E+00
        51   6  6.031730E+01 -1.905391E+00 -3.011154E+01 -2.407439E-12  1.321963E-12 -4.508999E+00
        51   7  7.627777E+01  1.474676E+01 -1.319482E+01  1.917965E-12  1.128839E-12 -8.355649E+00
        51   8  7.627777E+01  1.474676E+01 -1.319482E+01  1.405753E-12  2.155890E-12 -8.355649E+00
        52   1  1.013872E+02  4.279787E+01  9.995846E+00 -1.449971E-13  4.898874E-12 -4.944193E+00
        52   2  1.013872E+02  4.279787E+01  9.995846E+00 -2.352309E-12  2.415632E-13 -4.944193E+00
        52   3  1.173416E+02  5.943401E+01  2.690155E+01  1.537908E-13 -2.399460E-13 -8.980553E+00
        52   4  1.173416E+02  5.943401E+01  2.690155E+01 -2.046227E-12 -4.259508E-12 -8.980553E+00
        52   5  6.031730E+01 -1.905391E+00 -3.011154E+01 -6.745730E-13  4.921833E-12 -4.508999E+00
        52   6  6.031730E+01 -1.905391E+00 -3.011154E+01 -2.550808E-12  2.391077E-13 -4.508999E+00
        52   7  7.627777E+01  1.474676E+01 -1.319482E+01 -1.228821E-13 -1.067710E-12 -8.355649E+00
        52   8  7.627777E+01  1.474676E+01 -1.319482E+01 -1.990366E-12 -5.057356E-12 -8.355649E+00
        53   1  1.013872E+02  4.279787E+01  9.995846E+00 -2.303661E-12 -2.304146E-12 -4.944193E+00
        53   2  1.013872E+02  4.279787E+01  9.995846E+00 -6.624297E-13  1.030952E-12 -4.944193E+00
        53   3  1.173416E+02  5.943401E+01  2.690155E+01 -4.748326E-13  2.422680E-12 -8.980553E+00
        53   4  1.173416E+02  5.943401E+01  2.690155E+01  1.139414E-12  7.984142E-12 -8.980553E+00
        53   5  6.031730E+01 -1.905391E+00 -3.011154E+01 -3.205310E-12 -6.774805E-13 -4.508999E+00
        53   6  6.031730E+01 -1.905391E+00 -3.011154E+01 -4.409738E-13  2.657011E-12 -4.508999E+00
        53   7  7.627777E+01  1.474676E+01 -1.319482E+01 -3.021397E-12  4.650309E-12 -8.355649E+00
        53   8  7.627777E+01  1.474676E+01 -1.319482E+01 -2.907576E-13  1.017053E-11 -8.355649E+00
        54   1  1.013872E+02  4.279787E+01  9.995846E+00 -1.219610E-12  5.265447E-13 -4.944193E+00
        54   2  1.013872E+02  4.279787E+01  9.995846E+00  8.085916E-13 -6.358992E-13 -4.944193E+00
        54   3  1.173416E+02  5.943401E+01  2.690155E+01 -2.626128E-13  1.345719E-12 -8.980553E+00
        54   4  1.173416E+02  5.943401E+01  2.690155E+01  1.812921E-12 -4.039499E-12 -8.980553E+00
        54   5  6.031730E+01 -1.905391E+00 -3.011154E+01 -3.961545E-13 -1.667072E-12 -4.508999E+00
        54   6  6.031730E+01 -1.905391E+00 -3.011154E+01 -5.061354E-13 -2.805804E-12 -4.508999E+00
        54   7  7.627777E+01  1.474676E+01 -1.319482E+01 -1.537787E-12  1.426512E-12 -8.355649E+00
        54   8  7.627777E+01  1.474676E+01 -1.319482E+01 -1.593406E-12 -3.918275E-12 -8.355649E+00
        55   1  1.013872E+02  4.279787E+01  9.995846E+00  1.592411E-12 -3.792158E-14 -4.944193E+00
        55   2  1.013872E+02  4.279787E+01  9.995846E+00 -3.491987E-13  3.234720E-13 -4.944193E+00
        55   3  1.173416E+02  5.943401E+01  2.690155E+01 -1.145341E-12 -6.437958E-12 -8.980553E+00
        55   4  1.173416E+02  5.943401E+01  2.690155E+01 -3.127934E-12 -2.005850E-12 -8.980553E+00
        55   5  6.031730E+01 -1.905391E+00 -3.011154E+01  1.094464E-13 -5.184348E-13 -4.508999E+00
        55   6  6.031730E+01 -1.905391E+00 -3.011154E+01  2.350203E-13 -1.844562E-13 -4.508999E+00
        55   7  7.627777E+01  1.474676E+01 -1.319482E+01  2.009620E-12 -6.462654E-12 -8.355649E+00
        55   8  7.627777E+01  1.474676E+01 -1.319482E+01  2.090501E-12 -2.061842E-12 -8.355649E+00
        56   1  1.013872E+02  4.279787E+01  9.995846E+00  1.521123E-12 -1.331961E-13 -4.944193E+00
        56   2  1.013872E+02  4.279787E+01  9.995846E+00  6.351784E-13  5.246345E-13 -4.944193E+00
        56   3  1.173416E+02  5.943401E+01  2.690155E+01  4.989565E-13  3.019409E-12 -8.980553E+00
        56   4  1.173416E+02  5.943401E+01  2.690155E+01 -3.890399E-13  3.453247E-12 -8.980553E+00
        56   5  6.031730E+01 -1.905391E+00 -3.011154E+01  3.574159E-12  8.955645E-13 -4.508999E+00
        56   6  6.031730E+01 -1.905391E+00 -3.011154E+01  2.585418E-12  1.548474E-12 -4.508999E+00
        56   7  7.627777E+01  1.474676E+01 -1.319482E+01 -1.181138E-12  2.374577E-12 -8.355649E+00
        56   8  7.627777E+01  1.474676E+01 -1.319482E+01 -2.169570E-12  2.840659E-12 -8.355649E+00
        57   1  1.013872E+02  4.279787E+01  9.995846E+00 -4.767358E-13  3.088640E-12 -4.944193E+00
        57   2  1.013872E+02  4.279787E+01  9.995846E+00  3.038011E-12  2.253780E-12 -4.944193E+00
        57   3  1.173416E+02  5.943401E+01  2.690155E+01  9.160720E-13  3.316185E-12 -8.980553E+00
        57   4  1.173416E+02  5.943401E+01  2.690155E+01  4.444000E-12  6.913032E-13 -8.980553E+00
        57   5  6.031730E+01 -1.905391E+00 -3.011154E+01  1.812975E-13  2.501300E-12 -4.508999E+00
        57   6  6.031730E+01 -1.905391E+00 -3.011154E+01  2.756256E-12  1.720462E-12 -4.508999E+00
        57   7  7.627777E+01  1.474676E+01 -1.319482E+01  3.477582E-12  4.147873E-12 -8.355649E+00
        57   8  7.627777E+01  1.474676E+01 -1.319482E+01  6.060111E-12  1.510801E-12 -8.355649E+00
        58   1  1.013872E+02  4.279787E+01  9.995846E+00  2.013816E-12 -4.062859E-12 -4.944193E+00
        58   2  1.013872E+02  4.279787E+01  9.995846E+00 -1.360455E-12 -2.641166E-12 -4.944193E+00
        58   3  1.173416E+02  5.943401E+01  2.690155E+01  2.122701E-12 -5.001140E-12 -8.980553E+00
        58   4  1.173416E+02  5.943401E+01  2.690155E+01 -1.246599E-12 -2.974279E-12 -8.980553E+00
        58   5  6.031730E+01 -1.905391E+00 -3.011154E+01  2.473161E-12 -2.274375E-12 -4.508999E+00
        58   6  6.031730E+01 -1.905391E+00 -3.011154E+01 -5.602855E-13 -8.671823E-13 -4.508999E+00
        58   7  7.627777E+01  1.474676E+01 -1.319482E+01  2.245784E-12 -6.678357E-12 -8.355649E+00
        58   8  7.627777E+01  1.474676E+01 -1.319482E+01 -7.799469E-13 -4.636746E-12 -8.355649E+00
        59   1  1.013872E+02  4.279787E+01  9.995846E+00 -1.584815E-12 -9.118879E-14 -4.944193E+00
        59   2  1.013872E+02  4.279787E+01  9.995846E+00 -6.215251E-13 -1.961981E-12 -4.944193E+00
        59   3  1.173416E+02  5.943401E+01  2.690155E+01  7.844918E-14  1.694867E-12 -8.980553E+00
        59   4  1.173416E+02  5.943401E+01  2.690155E+01  1.045938E-12 -3.226606E-13 -8.980553E+00
        59   5  6.031730E+01 -1.905391E+00 -3.011154E+01 -1.814467E-12 -1.054228E-12 -4.508999E+00
        59   6  6.031730E+01 -1.905391E+00 -3.011154E+01 -9.494965E-13 -2.930222E-12 -4.508999E+00
        59   7  7.627777E+01  1.474676E+01 -1.319482E+01 -1.617973E-12  1.891940E-12 -8.355649E+00
        59   8  7.627777E+01  1.474676E+01 -1.319482E+01 -7.471332E-13 -1.326961E-13 -8.355649E+00
        60   1  1.013872E+02  4.279787E+01  9.995846E+00  1.084252E-12 -4.883375E-13 -4.944193E+00
        60   2  1.013872E+02  4.279787E+01  9.995846E+00  1.236422E-12  7.676696E-16 -4.944193E+00
        60   3  1.173416E+02  5.943401E+01  2.690155E+01 -3.682611E-13 -2.401901E-13 -8.980553E+00
        60   4  1.173416E+02  5.943401E+01  2.690155E+01 -2.227514E-13  3.081696E-13 -8.980553E+00
        60   5  6.031730E+01 -1.905391E+00 -3.011154E+01  8.894956E-13  1.299277E-12 -4.508999E+00
        60   6  6.031730E+01 -1.905391E+00 -3.011154E+01  1.081224E-12  1.775813E-12 -4.508999E+00
        60   7  7.627777E+01  1.474676E+01 -1.319482E+01  4.599655E-13  1.041930E-12 -8.355649E+00
        60   8  7.627777E+01  1.474676E+01 -1.319482E+01  6.445521E-13  1.582296E-12 -8.355649E+00

 equivalent plastic strain (elem, integ.pnt.,pe)for set ALLE and time  0.8000000E+01

         1   1  2.570000E-03
         1   2  2.570000E-03
         1   3  2.570000E-03
         1   4  2.570000E-03
         1   5  2.570000E-03
         1   6  2.570000E-03
         1   7  2.570000E-03
         1   8  2.570000E-03
         2   1  2.570000E-03
         2   2  2.570000E-03
         2   3  2.570000E-03
         2   4  2.570000E-03
         2   5  2.570000E-03
         2   6  2.570000E-03
         2   7  2.570000E-03
         2   8  2.570000E-03
         3   1  2.570000E-03
         3   2  2.570000E-03
         3   3  2.570000E-03
         3   4  2.570000E-03
         3   5  2.570000E-03
         3   6  2.570000E-03
         3   7  2.570000E-03
         3   8  2.570000E-03
         4   1  2.570000E-03
         4   2  2.570000E-03
         4   3  2.570000E-03
         4   4  2.570000E-03
         4   5  2.570000E-03
         4   6  2.570000E-03
         4   7  2.570000E-03
         4   8  2.570000E-03
         5   1  2.570000E-03
         5   2  2.570000E-03
         5   3  2.570000E-03
         5   4  2.570000E-03
         5   5  2.570000E-03
         5   6  2.570000E-03
         5   7  2.570000E-03
         5   8  2.570000E-03
         6   1  2.570000E-03
         6   2  2.570000E-03
         6   3  2.570000E-03
         6   4  2.570000E-03
         6   5  2.570000E-03
         6   6  2.570000E-03
         6   7  2.570000E-03
         6   8  2.570000E-03
         7   1  2.570000E-03
         7   2  2.570000E-03
         7   3  2.570000E-03
         7   4  2.570000E-03
         7   5  2.570000E-03
         7   6  2.570000E-03
         7   7  2.570000E-03
         7   8  2.570000E-03
         8   1  2.570000E-03
         8   2  2.570000E-03
         8   3  2.570000E-03
         8   4  2.570000E-03
         8   5  2.570000E-03
         8   6  2.570000E-03
         8   7  2.570000E-03
         8   8  2.570000E-03
         9   1  2.570000E-03
         9   2  2.570000E-03
         9   3  2.570000E-03
         9   4  2.570000E-03
         9   5  2.570000E-03
         9   6  2.570000E-03
         9   7  2.570000E-03
         9   8  2.570000E-03
        10   1  2.570000E-03
        10   2  2.570000E-03
        10   3  2.570000E-03
        10   4  2.570000E-03
        10   5  2.570000E-03
        10   6  2.570000E-03
        10   7  2.570000E-03
        10   8  2.570000E-03
        11   1  2.570000E-03
        11   2  2.570000E-03
        11   3  2.570000E-03
        11   4  2.570000E-03
        11   5  2.570000E-03
        11   6  2.570000E-03
        11   7  2.570000E-03
        11   8  2.570000E-03
        12   1  2.570000E-03
        12   2  2.570000E-03
        12   3  2.570000E-03
        12   4  2.570000E-03
        12   5  2.570000E-03
        12   6  2.570000E-03
        12   7  2.570000E-03
        12   8  2.570000E-03
        13   1  2.570000E-03
        13   2  2.570000E-03
        13   3  2.570000E-03
        13   4  2.570000E-03
        13   5  2.570000E-03
        13   6  2.570000E-03
        13   7  2.570000E-03
        13   8  2.570000E-03
        14   1  2.570000E-03
        14   2  2.570000E-03
        14   3  2.570000E-03
        14   4  2.570000E-03
        14   5  2.570000E-03
        14   6  2.570000E-03
        14   7  2.570000E-03
        14   8  2.570000E-03
        15   1  2.570000E-03
        15   2  2.570000E-03
        15   3  2.570000E-03
        15   4  2.570000E-03
        15   5  2.570000E-03
        15   6  2.570000E-03
        15   7  2.570000E-03
        15   8  2.570000E-03
        16   1  2.570000E-03
        16   2  2.570000E-03
        16   3  2.570000E-03
        16   4  2.570000E-03
        16   5  2.570000E-03
        16   6  2.570000E-03
        16   7  2.570000E-03
        16   8  2.570000E-03
        17   1  2.570000E-03
        17   2  2.570000E-03
        17   3  2.570000E-03
        17   4  2.570000E-03
        17   5  2.570000E-03
        17   6  2.570000E-03
        17   7  2.570000E-03
        17   8  2.570000E-03
        18   1  2.570000E-03
        18   2  2.570000E-03
        18   3  2.570000E-03
        18   4  2.570000E-03
        18   5  2.570000E-03
        18   6  2.570000E-03
        18   7  2.570000E-03
        18   8  2.570000E-03
        19   1  2.570000E-03
        19   2  2.570000E-03
        19   3  2.570000E-03
        19   4  2.570000E-03
        19   5  2.570000E-03
        19   6  2.570000E-03
        19   7  2.570000E-03
        19   8  2.570000E-03
        20   1  2.570000E-03
        20   2  2.570000E-03
        20   3  2.570000E-03
        20   4  2.570000E-03
        20   5  2.570000E-03
        20   6  2.570000E-03
        20   7  2.570000E-03
        20   8  2.570000E-03
        21   1  2.570000E-03
        21   2  2.570000E-03
        21   3  2.570000E-03
        21   4  2.570000E-03
        21   5  2.570000E-03
        21   6  2.570000E-03
        21   7  2.570000E-03
        21   8  2.570000E-03
        22   1  2.570000E-03
        22   2  2.570000E-03
        22   3  2.570000E-03
        22   4  2.570000E-03
        22   5  2.570000E-03
        22   6  2.570000E-03
        22   7  2.570000E-03
        22   8  2.570000E-03
        23   1  2.570000E-03
        23   2  2.570000E-03
        23   3  2.570000E-03
        23   4  2.570000E-03
        23   5  2.570000E-03
        23   6  2.570000E-03
        23   7  2.570000E-03
        23   8  2.570000E-03
        24   1  2.570000E-03
        24   2  2.570000E-03
        24   3  2.570000E-03
        24   4  2.570000E-03
        24   5  2.570000E-03
        24   6  2.570000E-03
        24   7  2.570000E-03
        24   8  2.570000E-03
        25   1  2.570000E-03
        25   2  2.570000E-03
        25   3  2.570000E-03
        25   4  2.570000E-03
        25   5  2.570000E-03
        25   6  2.570000E-03
        25   7  2.570000E-03
        25   8  2.570000E-03
        26   1  2.570000E-03
        26   2  2.570000E-03
        26   3  2.570000E-03
        26   4  2.570000E-03
        26   5  2.570000E-03
        26   6  2.570000E-03
        26   7  2.570000E-03
        26   8  2.570000E-03
        27   1  2.570000E-03
        27   2  2.570000E-03
        27   3  2.570000E-03
        27   4  2.570000E-03
        27   5  2.570000E-03
        27   6  2.570000E-03
        27   7  2.570000E-03
        27   8  2.570000E-03
        28   1  2.570000E-03
        28   2  2.570000E-03
        28   3  2.570000E-03
        28   4  2.570000E-03
        28   5  2.570000E-03
        28   6  2.570000E-03
        28   7  2.570000E-03
        28   8  2.570000E-03
        29   1  2.570000E-03
        29   2  2.570000E-03
        29   3  2.570000E-03
        29   4  2.570000E-03
        29   5  2.570000E-03
        29   6  2.570000E-03
        29   7  2.570000E-03
        29   8  2.570000E-03
        30   1  2.570000E-03
        30   2  2.570000E-03
        30   3  2.570000E-03
        30   4  2.570000E-03
        30   5  2.570000E-03
        30   6  2.570000E-03
        30   7  2.570000E-03
        30   8  2.570000E-03
        31   1  2.570000E-03
        31   2  2.570000E-03
        31   3  2.570000E-03
        31   4  2.570000E-03
        31   5  2.570000E-03
        31   6  2.570000E-03
        31   7  2.570000E-03
        31   8  2.570000E-03
        32   1  2.570000E-03
        32   2  2.570000E-03
        32   3  2.570000E-03
        32   4  2.570000E-03
        32   5  2.570000E-03
        32   6  2.570000E-03
        32   7  2.570000E-03
        32   8  2.570000E-03
        33   1  2.570000E-03
        33   2  2.570000E-03
        33   3  2.570000E-03
        33   4  2.570000E-03
        33   5  2.570000E-03
        33   6  2.570000E-03
        33   7  2.570000E-03
        33   8  2.570000E-03
        34   1  2.570000E-03
        34   2  2.570000E-03
        34   3  2.570000E-03
        34   4  2.570000E-03
        34   5  2.570000E-03
        34   6  2.570000E-03
        34   7  2.570000E-03
        34   8  2.570000E-03
        35   1  2.570000E-03
        35   2  2.570000E-03
        35   3  2.570000E-03
        35   4  2.570000E-03
        35   5  2.570000E-03
        35   6  2.570000E-03
        35   7  2.570000E-03
        35   8  2.570000E-03
        36   1  2.570000E-03
        36   2  2.570000E-03
        36   3  2.570000E-03
        36   4  2.570000E-03
        36   5  2.570000E-03
        36   6  2.570000E-03
        36   7  2.570000E-03
        36   8  2.570000E-03
        37   1  2.570000E-03
        37   2  2.570000E-03
        37   3  2.570000E-03
        37   4  2.570000E-03
        37   5  2.570000E-03
        37   6  2.570000E-03
        37   7  2.570000E-03
        37   8  2.570000E-03
        38   1  2.570000E-03
        38   2  2.570000E-03
        38   3  2.570000E-03
        38   4  2.570000E-03
        38   5  2.570000E-03
        38   6  2.570000E-03
        38   7  2.570000E-03
        38   8  2.570000E-03
        39   1  2.570000E-03
        39   2  2.570000E-03
        39   3  2.570000E-03
        39   4  2.570000E-03
        39   5  2.570000E-03
        39   6  2.570000E-03
        39   7  2.570000E-03
        39   8  2.570000E-03
        40   1  2.570000E-03
        40   2  2.570000E-03
        40   3  2.570000E-03
        40   4  2.570000E-03
        40   5  2.570000E-03
        40   6  2.570000E-03
        40   7  2.570000E-03
        40   8  2.570000E-03
        41   1  2.050995E-03
        41   2  2.050995E-03
        41   3  2.043561E-03
        41   4  2.043561E-03
        41   5  2.077859E-03
        41   6  2.077859E-03
        41   7  2.072895E-03
        41   8  2.072895E-03
        42   1  2.050995E-03
        42   2  2.050995E-03
        42   3  2.043561E-03
        42   4  2.043561E-03
        42   5  2.077859E-03
        42   6  2.077859E-03
        42   7  2.072895E-03
        42   8  2.072895E-03
        43   1  2.050995E-03
        43   2  2.050995E-03
        43   3  2.043561E-03
        43   4  2.043561E-03
        43   5  2.077859E-03
        43   6  2.077859E-03
        43   7  2.072895E-03
        43   8  2.072895E-03
        44   1  2.050995E-03
        44   2  2.050995E-03
        44   3  2.043561E-03
        44   4  2.043561E-03
        44   5  2.077859E-03
        44   6  2.077859E-03
        44   7  2.072895E-03
        44   8  2.072895E-03
        45   1  2.050995E-03
        45   2  2.050995E-03
        45   3  2.043561E-03
        45   4  2.043561E-03
        45   5  2.077859E-03
        45   6  2.077859E-03
        45   7  2.072895E-03
        45   8  2.072895E-03
        46   1  2.050995E-03
        46   2  2.050995E-03
        46   3  2.043561E-03
        46   4  2.043561E-03
        46   5  2.077859E-03
        46   6  2.077859E-03
        46   7  2.072895E-03
        46   8  2.072895E-03
        47   1  2.050995E-03
        47   2  2.050995E-03
        47   3  2.043561E-03
        47   4  2.043561E-03
        47   5  2.077859E-03
        47   6  2.077859E-03
        47   7  2.072895E-03
        47   8  2.072895E-03
        48   1  2.050995E-03
        48   2  2.050995E-03
        48   3  2.043561E-03
        48   4  2.043561E-03
        48   5  2.077859E-03
        48   6  2.077859E-03
        48   7  2.072895E-03
        48   8  2.072895E-03
        49   1  2.050995E-03
        49   2  2.050995E-03
        49   3  2.043561E-03
        49   4  2.043561E-03
        49   5  2.077859E-03
        49   6  2.077859E-03
        49   7  2.072895E-03
        49   8  2.072895E-03
        50   1  2.050995E-03
        50   2  2.050995E-03
        50   3  2.043561E-03
        50   4  2.043561E-03
        50   5  2.077859E-03
        50   6  2.077859E-03
        50   7  2.072895E-03
        50   8  2.072895E-03
        51   1  2.043539E-03
        51   2  2.043539E-03
        51   3  2.053147E-03
        51   4  2.053147E-03
        51   5  2.086276E-03
        51   6  2.086276E-03
        51   7  2.094839E-03
        51   8  2.094839E-03
        52   1  2.043539E-03
        52   2  2.043539E-03
        52   3  2.053147E-03
        52   4  2.053147E-03
        52   5  2.086276E-03
        52   6  2.086276E-03
        52   7  2.094839E-03
        52   8  2.094839E-03
        53   1  2.043539E-03
        53   2  2.043539E-03
        53   3  2.053147E-03
        53   4  2.053147E-03
        53   5  2.086276E-03
        53   6  2.086276E-03
        53   7  2.094839E-03
        53   8  2.094839E-03
        54   1  2.043539E-03
        54   2  2.043539E-03
        54   3  2.053147E-03
        54   4  2.053147E-03
        54   5  2.086276E-03
        54   6  2.086276E-03
        54   7  2.094839E-03
        54   8  2.094839E-03
        55   1  2.043539E-03
        55   2  2.043539E-03
        55   3  2.053147E-03
        55   4  2.053147E-03
        55   5  2.086276E-03
        55   6  2.086276E-03
        55   7  2.094839E-03
        55   8  2.094839E-03
        56   1  2.043539E-03
        56   2  2.043539E-03
        56   3  2.053147E-03
        56   4  2.053147E-03
        56   5  2.086276E-03
        56   6  2.086276E-03
        56   7  2.094839E-03
        56   8  2.094839E-03
        57   1  2.043539E-03
        57   2  2.043539E-03
        57   3  2.053147E-03
        57   4  2.053147E-03
        57   5  2.086276E-03
        57   6  2.086276E-03
        57   7  2.094839E-03
        57   8  2.094839E-03
        58   1  2.043539E-03
        58   2  2.043539E-03
        58   3  2.053147E-03
        58   4  2.053147E-03
        58   5  2.086276E-03
        58   6  2.086276E-03
        58   7  2.094839E-03
        58   8  2.094839E-03
        59   1  2.043539E-03
        59   2  2.043539E-03
        59   3  2.053147E-03
        59   4  2.053147E-03
        59   5  2.086276E-03
        59   6  2.086276E-03
        59   7  2.094839E-03
        59   8  2.094839E-03
        60   1  2.043539E-03
        60   2  2.043539E-03
        60   3  2.053147E-03
        60   4  2.053147E-03
        60   5  2.086276E-03
        60   6  2.086276E-03
        60   7  2.094839E-03
        60   8  2.094839E-03

 mechanical strains (elem, integ.pnt.,exx,eyy,ezz,exy,exz,eyz) for set ALLE and time  0.8000000E+01

         1   1  6.215030E-35 -6.698370E-06  4.017054E-05 -3.562686E-19 -2.256687E-18 -8.717328E-06
         1   2  6.215030E-35 -6.698370E-06  4.017054E-05 -9.046292E-19 -2.364660E-17 -8.717328E-06
         1   3  9.232723E-37 -6.698370E-06  2.124769E-05 -7.809288E-19 -8.000250E-18 -2.780241E-05
         1   4  9.232723E-37 -6.698370E-06  2.124769E-05 -1.329289E-18 -3.082330E-17 -2.780241E-05
         1   5  8.705394E-34 -2.578322E-05  4.017054E-05  1.218898E-18  1.296675E-17 -1.344827E-05
         1   6  8.705394E-34 -2.578322E-05  4.017054E-05 -4.603395E-20 -8.423163E-18 -1.344827E-05
         1   7  8.231489E-35 -2.578322E-05  2.124769E-05  5.815032E-18 -7.034440E-18 -3.253289E-05
         1   8  8.231489E-35 -2.578322E-05  2.124769E-05  4.550100E-18 -2.985749E-17 -3.253289E-05
         2   1  1.201769E-34 -6.698370E-06  4.017054E-05 -3.803430E-18 -3.734834E-17 -8.717328E-06
         2   2  1.201769E-34 -6.698370E-06  4.017054E-05 -8.417588E-18 -1.722943E-17 -8.717328E-06
         2   3  3.872338E-35 -6.698370E-06  2.124769E-05 -6.985629E-18 -2.693271E-17 -2.780241E-05
         2   4  3.872338E-35 -6.698370E-06  2.124769E-05 -1.159979E-17  9.349060E-18 -2.780241E-05
         2   5  1.638636E-33 -2.578322E-05  4.017054E-05  2.025371E-19 -5.828720E-17 -1.344827E-05
         2   6  1.638636E-33 -2.578322E-05  4.017054E-05  3.669811E-18 -3.816829E-17 -1.344827E-05
         2   7  4.817797E-35 -2.578322E-05  2.124769E-05  3.274310E-18 -2.879667E-17 -3.253289E-05
         2   8  4.817797E-35 -2.578322E-05  2.124769E-05  6.741583E-18  7.485103E-18 -3.253289E-05
         3   1  2.245187E-34 -6.698370E-06  4.017054E-05  6.730167E-19  4.037665E-18 -8.717328E-06
         3   2  2.245187E-34 -6.698370E-06  4.017054E-05  1.586991E-18  7.116043E-18 -8.717328E-06
         3   3  2.471393E-33 -6.698370E-06  2.124769E-05  2.602687E-17  2.396944E-17 -2.780241E-05
         3   4  2.471393E-33 -6.698370E-06  2.124769E-05  2.694084E-17  9.343790E-18 -2.780241E-05
         3   5  8.050929E-34 -2.578322E-05  4.017054E-05  7.115270E-18  1.800542E-17 -1.344827E-05
         3   6  8.050929E-34 -2.578322E-05  4.017054E-05 -8.227719E-19  2.108380E-17 -1.344827E-05
         3   7  2.080150E-33 -2.578322E-05  2.124769E-05  2.406942E-17  4.039881E-17 -3.253289E-05
         3   8  2.080150E-33 -2.578322E-05  2.124769E-05  1.613138E-17  2.577315E-17 -3.253289E-05
         4   1  6.519584E-36 -6.698370E-06  4.017054E-05 -5.049324E-18  2.885103E-18 -8.717328E-06
         4   2  6.519584E-36 -6.698370E-06  4.017054E-05 -3.549038E-18  3.312280E-18 -8.717328E-06
         4   3  1.368079E-34 -6.698370E-06  2.124769E-05 -2.399928E-19 -6.455228E-18 -2.780241E-05
         4   4  1.368079E-34 -6.698370E-06  2.124769E-05  1.260293E-18 -4.841131E-18 -2.780241E-05
         4   5  4.582719E-36 -2.578322E-05  4.017054E-05 -9.383705E-18  1.788470E-18 -1.344827E-05
         4   6  4.582719E-36 -2.578322E-05  4.017054E-05 -7.289960E-18  2.215647E-18 -1.344827E-05
         4   7  7.045412E-34 -2.578322E-05  2.124769E-05 -9.972578E-18 -2.018236E-17 -3.253289E-05
         4   8  7.045412E-34 -2.578322E-05  2.124769E-05 -7.878833E-18 -1.856827E-17 -3.253289E-05
         5   1 -1.110223E-16 -6.698370E-06  4.017054E-05 -2.137591E-19 -7.198948E-19 -8.717328E-06
         5   2 -1.110223E-16 -6.698370E-06  4.017054E-05  6.929203E-18 -1.021676E-17 -8.717328E-06
         5   3  1.057403E-34 -6.698370E-06  2.124769E-05  5.063856E-18 -3.969886E-18 -2.780241E-05
         5   4  1.057403E-34 -6.698370E-06  2.124769E-05  1.220682E-17 -1.434902E-17 -2.780241E-05
         5   5 -1.110223E-16 -2.578322E-05  4.017054E-05 -2.184229E-18 -3.764223E-18 -1.344827E-05
         5   6 -1.110223E-16 -2.578322E-05  4.017054E-05  4.517601E-18 -1.326109E-17 -1.344827E-05
         5   7 -1.110223E-16 -2.578322E-05  2.124769E-05  2.379036E-18 -6.551541E-18 -3.253289E-05
         5   8 -1.110223E-16 -2.578322E-05  2.124769E-05  9.080865E-18 -1.693067E-17 -3.253289E-05
         6   1  9.641636E-35 -6.698370E-06  4.017054E-05  2.757845E-18 -9.363183E-18 -8.717328E-06
         6   2  9.641636E-35 -6.698370E-06  4.017054E-05  8.432918E-18  5.335565E-19 -8.717328E-06
         6   3  1.399865E-33 -6.698370E-06  2.124769E-05 -1.617874E-17 -9.481828E-18 -2.780241E-05
         6   4  1.399865E-33 -6.698370E-06  2.124769E-05 -1.050367E-17 -3.549686E-18 -2.780241E-05
         6   5  6.529290E-35 -2.578322E-05  4.017054E-05  1.143413E-18 -1.047463E-17 -1.344827E-05
         6   6  6.529290E-35 -2.578322E-05  4.017054E-05  4.836187E-18 -5.778946E-19 -1.344827E-05
         6   7  1.702500E-33 -2.578322E-05  2.124769E-05 -1.390403E-17  5.675448E-18 -3.253289E-05
         6   8  1.702500E-33 -2.578322E-05  2.124769E-05 -1.021125E-17  1.160759E-17 -3.253289E-05
         7   1  2.057608E-34 -6.698370E-06  4.017054E-05  5.261940E-18  1.012750E-17 -8.717328E-06
         7   2  2.057608E-34 -6.698370E-06  4.017054E-05 -7.159377E-18  7.079727E-18 -8.717328E-06
         7   3  1.623091E-33 -6.698370E-06  2.124769E-05 -1.559195E-17 -2.421480E-18 -2.780241E-05
         7   4  1.623091E-33 -6.698370E-06  2.124769E-05 -2.801327E-17  9.360921E-18 -2.780241E-05
         7   5  1.253821E-33 -2.578322E-05  4.017054E-05  7.519944E-18  2.837672E-17 -1.344827E-05
         7   6  1.253821E-33 -2.578322E-05  4.017054E-05  2.513715E-18  2.532894E-17 -1.344827E-05
         7   7  1.539714E-34 -2.578322E-05  2.124769E-05  1.118970E-18 -1.897338E-18 -3.253289E-05
         7   8  1.539714E-34 -2.578322E-05  2.124769E-05 -3.887259E-18  9.885063E-18 -3.253289E-05
         8   1  1.686698E-34 -6.698370E-06  4.017054E-05  3.007670E-18 -6.234034E-18 -8.717328E-06
         8   2  1.686698E-34 -6.698370E-06  4.017054E-05  9.106288E-18 -8.573536E-22 -8.717328E-06
         8   3  6.716302E-34 -6.698370E-06  2.124769E-05  1.625347E-17  9.198955E-18 -2.780241E-05
         8   4  6.716302E-34 -6.698370E-06  2.124769E-05  2.235208E-17  5.429494E-18 -2.780241E-05
         8   5  1.697083E-33 -2.578322E-05  4.017054E-05  4.550038E-18 -2.754370E-17 -1.344827E-05
         8   6  1.697083E-33 -2.578322E-05  4.017054E-05  5.647338E-18 -2.131052E-17 -1.344827E-05
         8   7  2.694407E-34 -2.578322E-05  2.124769E-05  7.617676E-18  1.275836E-18 -3.253289E-05
         8   8  2.694407E-34 -2.578322E-05  2.124769E-05  8.714976E-18 -2.493625E-18 -3.253289E-05
         9   1  2.157352E-35 -6.698370E-06  4.017054E-05  8.015584E-18  7.712942E-18 -8.717328E-06
         9   2  2.157352E-35 -6.698370E-06  4.017054E-05  7.923809E-18 -6.652393E-18 -8.717328E-06
         9   3  7.145467E-35 -6.698370E-06  2.124769E-05  1.227476E-17  1.193798E-18 -2.780241E-05
         9   4  7.145467E-35 -6.698370E-06  2.124769E-05  1.218298E-17 -1.827528E-17 -2.780241E-05
         9   5  2.337431E-34 -2.578322E-05  4.017054E-05  4.641221E-18  1.561167E-17 -1.344827E-05
         9   6  2.337431E-34 -2.578322E-05  4.017054E-05  1.997572E-18  1.246334E-18 -1.344827E-05
         9   7  6.525381E-35 -2.578322E-05  2.124769E-05  6.508953E-18  4.935286E-18 -3.253289E-05
         9   8  6.525381E-35 -2.578322E-05  2.124769E-05  3.865304E-18 -1.453380E-17 -3.253289E-05
        10   1  2.064666E-36 -6.698370E-06  4.017054E-05  4.662784E-18 -1.071253E-17 -8.717328E-06
        10   2  2.064666E-36 -6.698370E-06  4.017054E-05  1.007483E-18 -2.167029E-18 -8.717328E-06
        10   3  8.549464E-36 -6.698370E-06  2.124769E-05  3.759956E-18 -1.945370E-17 -2.780241E-05
        10   4  8.549464E-36 -6.698370E-06  2.124769E-05  1.046555E-19 -3.997734E-18 -2.780241E-05
        10   5  2.665133E-35 -2.578322E-05  4.017054E-05 -4.111315E-19 -8.087522E-18 -1.344827E-05
        10   6  2.665133E-35 -2.578322E-05  4.017054E-05 -6.112008E-19  4.579837E-19 -1.344827E-05
        10   7  8.977832E-35 -2.578322E-05  2.124769E-05 -2.283060E-18 -1.491990E-17 -3.253289E-05
        10   8  8.977832E-35 -2.578322E-05  2.124769E-05 -2.483129E-18  5.360691E-19 -3.253289E-05
        11   1  6.151536E-35  6.150911E-06  5.604845E-05 -9.706855E-18 -7.915827E-18 -2.531851E-05
        11   2  6.151536E-35  6.150911E-06  5.604845E-05 -2.111302E-17 -2.846374E-17 -2.531851E-05
        11   3  7.098676E-34  6.150911E-06  1.700565E-04 -2.280846E-17 -1.939314E-18 -3.267603E-05
        11   4  7.098676E-34  6.150911E-06  1.700565E-04 -3.421462E-17 -1.483830E-17 -3.267603E-05
        11   5  4.414877E-35 -1.204953E-06  5.604845E-05  1.686532E-18 -8.993604E-18  3.181854E-06
        11   6  4.414877E-35 -1.204953E-06  5.604845E-05 -5.895165E-18 -2.954152E-17  3.181854E-06
        11   7 -1.110223E-16 -1.204953E-06  1.700565E-04 -7.876807E-18  5.648531E-18 -4.172358E-06
        11   8 -1.110223E-16 -1.204953E-06  1.700565E-04 -1.545850E-17 -7.250452E-18 -4.172358E-06
        12   1  1.249871E-34  6.150911E-06  5.604845E-05 -1.297530E-17 -2.125254E-17 -2.531851E-05
        12   2  1.249871E-34  6.150911E-06  5.604845E-05 -1.565314E-17  1.380962E-17 -2.531851E-05
        12   3  3.876290E-33  6.150911E-06  1.700565E-04  2.328564E-17 -1.615104E-17 -3.267603E-05
        12   4  3.876290E-33  6.150911E-06  1.700565E-04  2.060780E-17 -5.838102E-19 -3.267603E-05
        12   5  3.074653E-34 -1.204953E-06  5.604845E-05 -6.624386E-18 -1.714274E-17  3.181854E-06
        12   6  3.074653E-34 -1.204953E-06  5.604845E-05 -1.904968E-17  1.791942E-17  3.181854E-06
        12   7  1.435046E-33 -1.204953E-06  1.700565E-04  9.042447E-18 -1.478898E-17 -4.172358E-06
        12   8  1.435046E-33 -1.204953E-06  1.700565E-04 -3.382851E-18  7.782475E-19 -4.172358E-06
        13   1  2.405962E-33  6.150911E-06  5.604845E-05  1.051581E-17  2.450534E-17 -2.531851E-05
        13   2  2.405962E-33  6.150911E-06  5.604845E-05  1.225974E-17  8.205662E-18 -2.531851E-05
        13   3  1.388981E-34  6.150911E-06  1.700565E-04 -1.583052E-17  6.037976E-18 -3.267603E-05
        13   4  1.388981E-34  6.150911E-06  1.700565E-04 -1.408659E-17  2.868811E-18 -3.267603E-05
        13   5  2.303420E-33 -1.204953E-06  5.604845E-05 -4.125295E-18  3.907942E-17  3.181854E-06
        13   6  2.303420E-33 -1.204953E-06  5.604845E-05  4.183890E-18  2.277974E-17  3.181854E-06
        13   7  1.183187E-33 -1.204953E-06  1.700565E-04 -9.269698E-18  1.307677E-17 -4.172358E-06
        13   8  1.183187E-33 -1.204953E-06  1.700565E-04 -9.605129E-19  9.907609E-18 -4.172358E-06
        14   1  1.396498E-34  6.150911E-06  5.604845E-05 -1.160761E-17 -7.038456E-18 -2.531851E-05
        14   2  1.396498E-34  6.150911E-06  5.604845E-05 -1.472176E-18 -2.087828E-18 -2.531851E-05
        14   3  1.973526E-35  6.150911E-06  1.700565E-04 -1.781973E-17  7.086016E-19 -3.267603E-05
        14   4  1.973526E-35  6.150911E-06  1.700565E-04 -7.684299E-18  1.358788E-17 -3.267603E-05
        14   5  9.285051E-34 -1.204953E-06  5.604845E-05 -1.350874E-17 -2.276927E-17  3.181854E-06
        14   6  9.285051E-34 -1.204953E-06  5.604845E-05  5.910168E-19 -1.781864E-17  3.181854E-06
        14   7  4.270642E-34 -1.204953E-06  1.700565E-04 -6.368347E-18 -7.872373E-18 -4.172358E-06
        14   8  4.270642E-34 -1.204953E-06  1.700565E-04  7.731410E-18  5.006908E-18 -4.172358E-06
        15   1  1.814950E-36  6.150911E-06  5.604845E-05  6.140962E-19  2.772914E-19 -2.531851E-05
        15   2  1.814950E-36  6.150911E-06  5.604845E-05  1.013796E-17 -1.423322E-17 -2.531851E-05
        15   3  9.352619E-34  6.150911E-06  1.700565E-04 -2.177402E-17  1.513307E-17 -3.267603E-05
        15   4  9.352619E-34  6.150911E-06  1.700565E-04 -1.225015E-17 -9.782319E-18 -3.267603E-05
        15   5  3.552028E-36 -1.204953E-06  5.604845E-05  4.470256E-18  5.692692E-19  3.181854E-06
        15   6  3.552028E-36 -1.204953E-06  5.604845E-05  8.791681E-18 -1.394124E-17  3.181854E-06
        15   7  1.607838E-33 -1.204953E-06  1.700565E-04 -2.060153E-17  2.280722E-17 -4.172358E-06
        15   8  1.607838E-33 -1.204953E-06  1.700565E-04 -1.628010E-17 -2.108167E-18 -4.172358E-06
        16   1  1.723994E-33  6.150911E-06  5.604845E-05 -1.261308E-17 -1.319996E-17 -2.531851E-05
        16   2  1.723994E-33  6.150911E-06  5.604845E-05 -2.685395E-18 -9.350640E-18 -2.531851E-05
        16   3  6.830757E-34  6.150911E-06  1.700565E-04 -2.025680E-18 -2.324024E-17 -3.267603E-05
        16   4  6.830757E-34  6.150911E-06  1.700565E-04  7.902005E-18 -2.111671E-17 -3.267603E-05
        16   5  1.697384E-33 -1.204953E-06  5.604845E-05 -7.281818E-18  5.701284E-19  3.181854E-06
        16   6  1.697384E-33 -1.204953E-06  5.604845E-05  1.782976E-18  4.419446E-18  3.181854E-06
        16   7  4.272823E-34 -1.204953E-06  1.700565E-04  3.148093E-18 -2.954380E-17 -4.172358E-06
        16   8  4.272823E-34 -1.204953E-06  1.700565E-04  1.221289E-17 -2.742027E-17 -4.172358E-06
        17   1  5.620906E-34  6.150911E-06  5.604845E-05  4.112401E-18 -4.835901E-18 -2.531851E-05
        17   2  5.620906E-34  6.150911E-06  5.604845E-05 -2.065644E-17  2.161500E-17 -2.531851E-05
        17   3 -1.110223E-16  6.150911E-06  1.700565E-04  5.718679E-17  1.115970E-18 -3.267603E-05
        17   4 -1.110223E-16  6.150911E-06  1.700565E-04  3.241795E-17  5.281180E-17 -3.267603E-05
        17   5  1.830969E-34 -1.204953E-06  5.604845E-05  1.523648E-17 -9.030866E-18  3.181854E-06
        17   6  1.830969E-34 -1.204953E-06  5.604845E-05  3.090098E-18  1.742004E-17  3.181854E-06
        17   7  7.255836E-36 -1.204953E-06  1.700565E-04  2.459585E-17  1.752649E-18 -4.172358E-06
        17   8  7.255836E-36 -1.204953E-06  1.700565E-04  1.244947E-17  5.344848E-17 -4.172358E-06
        18   1  7.601828E-35  6.150911E-06  5.604845E-05 -2.739285E-19  2.223491E-17 -2.531851E-05
        18   2  7.601828E-35  6.150911E-06  5.604845E-05  1.830143E-17 -2.355951E-18 -2.531851E-05
        18   3  3.290150E-33  6.150911E-06  1.700565E-04 -4.668349E-17  4.241938E-17 -3.267603E-05
        18   4  3.290150E-33  6.150911E-06  1.700565E-04 -2.810813E-17 -2.905398E-17 -3.267603E-05
        18   5  7.240832E-35 -1.204953E-06  5.604845E-05  3.627982E-18  1.788014E-17  3.181854E-06
        18   6  7.240832E-35 -1.204953E-06  5.604845E-05 -1.237903E-18 -6.710725E-18  3.181854E-06
        18   7  8.771876E-34 -1.204953E-06  1.700565E-04 -1.334650E-17  3.442516E-17 -4.172358E-06
        18   8  8.771876E-34 -1.204953E-06  1.700565E-04 -1.821239E-17 -3.704819E-17 -4.172358E-06
        19   1  2.428623E-35  6.150911E-06  5.604845E-05  1.675465E-17 -1.300877E-17 -2.531851E-05
        19   2  2.428623E-35  6.150911E-06  5.604845E-05  8.106833E-19 -2.330465E-17 -2.531851E-05
        19   3  1.066096E-34  6.150911E-06  1.700565E-04  6.013235E-18 -4.529179E-17 -3.267603E-05
        19   4  1.066096E-34  6.150911E-06  1.700565E-04 -9.930730E-18 -2.542226E-17 -3.267603E-05
        19   5  3.384478E-35 -1.204953E-06  5.604845E-05  1.188734E-18 -1.158400E-17  3.181854E-06
        19   6  3.384478E-35 -1.204953E-06  5.604845E-05  3.274717E-19 -2.187988E-17  3.181854E-06
        19   7  4.610658E-35 -1.204953E-06  1.700565E-04  2.257034E-18 -4.603664E-17 -4.172358E-06
        19   8  4.610658E-35 -1.204953E-06  1.700565E-04  1.395772E-18 -2.616711E-17 -4.172358E-06
        20   1  2.499762E-36  6.150911E-06  5.604845E-05 -6.111367E-18 -2.080106E-17 -2.531851E-05
        20   2  2.499762E-36  6.150911E-06  5.604845E-05 -1.220831E-18 -4.869216E-18 -2.531851E-05
        20   3  8.720591E-35  6.150911E-06  1.700565E-04 -2.850696E-19 -1.574349E-17 -3.267603E-05
        20   4  8.720591E-35  6.150911E-06  1.700565E-04  4.605467E-18 -5.422002E-18 -3.267603E-05
        20   5  2.578763E-35 -1.204953E-06  5.604845E-05 -2.936043E-18 -1.817337E-17  3.181854E-06
        20   6  2.578763E-35 -1.204953E-06  5.604845E-05 -8.506831E-19 -2.241526E-18  3.181854E-06
        20   7  2.203850E-34 -1.204953E-06  1.700565E-04  5.675397E-18 -2.022694E-17 -4.172358E-06
        20   8  2.203850E-34 -1.204953E-06  1.700565E-04  7.760758E-18 -9.905446E-18 -4.172358E-06
        21   1  8.287515E-34 -4.483607E-05  7.602264E-05  2.504089E-18  2.076602E-17 -2.182509E-05
        21   2  8.287515E-34 -4.483607E-05  7.602264E-05  6.815632E-19  2.256085E-17 -2.182509E-05
        21   3  2.998981E-34 -4.483607E-05  5.894649E-05  1.117142E-17 -3.063435E-18 -5.479369E-05
        21   4  2.998981E-34 -4.483607E-05  5.894649E-05  9.348893E-18 -2.882211E-18 -5.479369E-05
        21   5  7.649468E-35 -7.780409E-05  7.602264E-05  4.442011E-18  3.662749E-18 -2.609471E-05
        21   6  7.649468E-35 -7.780409E-05  7.602264E-05  1.812680E-18  5.457581E-18 -2.609471E-05
        21   7  1.341602E-33 -7.780409E-05  5.894649E-05  1.920603E-17 -1.618423E-17 -5.906215E-05
        21   8  1.341602E-33 -7.780409E-05  5.894649E-05  1.657670E-17 -1.600300E-17 -5.906215E-05
        22   1  1.627698E-33 -4.483607E-05  7.602264E-05 -2.133067E-19 -2.452999E-17 -2.182509E-05
        22   2  1.627698E-33 -4.483607E-05  7.602264E-05  4.560438E-18 -2.216282E-17 -2.182509E-05
        22   3  5.181637E-35 -4.483607E-05  5.894649E-05  3.051774E-18 -4.573757E-18 -5.479369E-05
        22   4  5.181637E-35 -4.483607E-05  5.894649E-05  7.825518E-18 -1.123076E-17 -5.479369E-05
        22   5  1.082400E-34 -7.780409E-05  7.602264E-05 -5.357635E-18 -3.326772E-18 -2.609471E-05
        22   6  1.082400E-34 -7.780409E-05  7.602264E-05 -5.095979E-18 -9.596009E-19 -2.609471E-05
        22   7  2.271579E-35 -7.780409E-05  5.894649E-05 -7.812342E-18 -2.449416E-18 -5.906215E-05
        22   8  2.271579E-35 -7.780409E-05  5.894649E-05 -7.550685E-18 -9.106421E-18 -5.906215E-05
        23   1  7.393838E-34 -4.483607E-05  7.602264E-05  7.312122E-18  2.325547E-17 -2.182509E-05
        23   2  7.393838E-34 -4.483607E-05  7.602264E-05 -1.270883E-18  1.663079E-17 -2.182509E-05
        23   3  1.795207E-33 -4.483607E-05  5.894649E-05  2.190619E-17  1.391148E-17 -5.479369E-05
        23   4  1.795207E-33 -4.483607E-05  5.894649E-05  1.332319E-17  2.146670E-17 -5.479369E-05
        23   5  8.945459E-35 -7.780409E-05  7.602264E-05  1.407458E-18  7.622903E-18 -2.609471E-05
        23   6  8.945459E-35 -7.780409E-05  7.602264E-05 -8.560414E-20  9.982309E-19 -2.609471E-05
        23   7  1.086794E-33 -7.780409E-05  5.894649E-05  1.794949E-17 -2.735207E-18 -5.906215E-05
        23   8  1.086794E-33 -7.780409E-05  5.894649E-05  1.645643E-17  4.820007E-18 -5.906215E-05
        24   1  5.208492E-35 -4.483607E-05  7.602264E-05 -1.049332E-17 -1.112911E-18 -2.182509E-05
        24   2  5.208492E-35 -4.483607E-05  7.602264E-05 -8.579900E-18 -5.877368E-18 -2.182509E-05
        24   3  6.310290E-34 -4.483607E-05  5.894649E-05 -1.442295E-17 -1.760165E-17 -5.479369E-05
        24   4  6.310290E-34 -4.483607E-05  5.894649E-05 -1.250953E-17 -2.453834E-17 -5.479369E-05
        24   5  1.116668E-33 -7.780409E-05  7.602264E-05 -9.189989E-18  1.745444E-17 -2.609471E-05
        24   6  1.116668E-33 -7.780409E-05  7.602264E-05 -8.362683E-18  1.268998E-17 -2.609471E-05
        24   7  2.257534E-34 -7.780409E-05  5.894649E-05 -1.685951E-17  1.100282E-18 -5.906215E-05
        24   8  2.257534E-34 -7.780409E-05  5.894649E-05 -1.603221E-17 -5.836405E-18 -5.906215E-05
        25   1 -1.110223E-16 -4.483607E-05  7.602264E-05 -3.056366E-18 -1.577036E-17 -2.182509E-05
        25   2 -1.110223E-16 -4.483607E-05  7.602264E-05  2.256997E-18 -1.808507E-18 -2.182509E-05
        25   3 -1.110223E-16 -4.483607E-05  5.894649E-05  8.744248E-19 -1.007487E-17 -5.479369E-05
        25   4 -1.110223E-16 -4.483607E-05  5.894649E-05  6.187788E-18 -2.817480E-18 -5.479369E-05
        25   5 -1.110223E-16 -7.780409E-05  7.602264E-05 -3.469428E-18 -2.421633E-17 -2.609471E-05
        25   6 -1.110223E-16 -7.780409E-05  7.602264E-05 -1.508294E-18 -1.025448E-17 -2.609471E-05
        25   7  4.490813E-35 -7.780409E-05  5.894649E-05 -5.521696E-19 -4.924062E-18 -5.906215E-05
        25   8  4.490813E-35 -7.780409E-05  5.894649E-05  1.408964E-18  2.333332E-18 -5.906215E-05
        26   1  3.777511E-35 -4.483607E-05  7.602264E-05  6.595227E-19  9.530089E-18 -2.182509E-05
        26   2  3.777511E-35 -4.483607E-05  7.602264E-05  5.011175E-18 -2.549156E-18 -2.182509E-05
        26   3  1.351612E-33 -4.483607E-05  5.894649E-05 -9.435772E-18  2.281165E-17 -5.479369E-05
        26   4  1.351612E-33 -4.483607E-05  5.894649E-05 -5.084120E-18  1.829718E-17 -5.479369E-05
        26   5  3.807404E-34 -7.780409E-05  7.602264E-05  9.536005E-19  2.104110E-17 -2.609471E-05
        26   6  3.807404E-34 -7.780409E-05  7.602264E-05  9.087640E-18  8.961858E-18 -2.609471E-05
        26   7  2.219106E-34 -7.780409E-05  5.894649E-05  4.963303E-19  1.128845E-17 -5.906215E-05
        26   8  2.219106E-34 -7.780409E-05  5.894649E-05  8.630370E-18  6.773977E-18 -5.906215E-05
        27   1  9.941079E-34 -4.483607E-05  7.602264E-05  8.211247E-18  1.124068E-17 -2.182509E-05
        27   2  9.941079E-34 -4.483607E-05  7.602264E-05  6.014211E-18  6.427474E-18 -2.182509E-05
        27   3  6.072662E-35 -4.483607E-05  5.894649E-05  4.703375E-18 -4.245777E-18 -5.479369E-05
        27   4  6.072662E-35 -4.483607E-05  5.894649E-05  2.506339E-18 -8.539447E-18 -5.479369E-05
        27   5  4.868651E-35 -7.780409E-05  7.602264E-05  7.842229E-18 -1.430496E-17 -2.609471E-05
        27   6  4.868651E-35 -7.780409E-05  7.602264E-05  5.904963E-18 -1.911817E-17 -2.609471E-05
        27   7  4.947996E-34 -7.780409E-05  5.894649E-05 -2.212424E-18  6.998745E-19 -5.906215E-05
        27   8  4.947996E-34 -7.780409E-05  5.894649E-05 -4.149690E-18 -3.593795E-18 -5.906215E-05
        28   1  1.310571E-33 -4.483607E-05  7.602264E-05  5.189125E-18 -3.118213E-17 -2.182509E-05
        28   2  1.310571E-33 -4.483607E-05  7.602264E-05  2.991266E-18  1.621983E-18 -2.182509E-05
        28   3  4.062794E-34 -4.483607E-05  5.894649E-05  3.819310E-18 -1.788301E-17 -5.479369E-05
        28   4  4.062794E-34 -4.483607E-05  5.894649E-05  1.621452E-18  6.918659E-18 -5.479369E-05
        28   5  5.941185E-35 -7.780409E-05  7.602264E-05  5.392981E-18 -2.726934E-19 -2.609471E-05
        28   6  5.941185E-35 -7.780409E-05  7.602264E-05 -8.060985E-19  3.253142E-17 -2.609471E-05
        28   7  5.055446E-34 -7.780409E-05  5.894649E-05  2.077682E-18 -1.899330E-17 -5.906215E-05
        28   8  5.055446E-34 -7.780409E-05  5.894649E-05 -4.121398E-18  5.808373E-18 -5.906215E-05
        29   1  3.868791E-35 -4.483607E-05  7.602264E-05  2.025579E-18  2.724861E-17 -2.182509E-05
        29   2  3.868791E-35 -4.483607E-05  7.602264E-05  5.859116E-19 -1.748194E-17 -2.182509E-05
        29   3  4.155625E-35 -4.483607E-05  5.894649E-05  1.656710E-18  2.256094E-17 -5.479369E-05
        29   4  4.155625E-35 -4.483607E-05  5.894649E-05  2.170426E-19 -1.048718E-17 -5.479369E-05
        29   5  8.838195E-34 -7.780409E-05  7.602264E-05 -1.746192E-18  1.882311E-18 -2.609471E-05
        29   6  8.838195E-34 -7.780409E-05  7.602264E-05  2.655352E-18 -4.284823E-17 -2.609471E-05
        29   7  6.369770E-35 -7.780409E-05  5.894649E-05 -5.836762E-18  1.723451E-17 -5.906215E-05
        29   8  6.369770E-35 -7.780409E-05  5.894649E-05 -1.435218E-18 -1.581361E-17 -5.906215E-05
        30   1  2.529879E-34 -4.483607E-05  7.602264E-05  2.295455E-19 -1.891998E-17 -2.182509E-05
        30   2  2.529879E-34 -4.483607E-05  7.602264E-05  1.174598E-19  3.164180E-18 -2.182509E-05
        30   3  8.798066E-35 -4.483607E-05  5.894649E-05  4.392669E-19 -1.475767E-17 -5.479369E-05
        30   4  8.798066E-35 -4.483607E-05  5.894649E-05  3.271812E-19  8.967767E-19 -5.479369E-05
        30   5  1.759472E-33 -7.780409E-05  7.602264E-05  7.055115E-18 -6.115144E-19 -2.609471E-05
        30   6  1.759472E-33 -7.780409E-05  7.602264E-05  3.728173E-18  2.147265E-17 -2.609471E-05
        30   7  1.971213E-34 -7.780409E-05  5.894649E-05  1.391544E-17 -1.810871E-17 -5.906215E-05
        30   8  1.971213E-34 -7.780409E-05  5.894649E-05  1.058850E-17 -2.454254E-18 -5.906215E-05
        31   1  4.623939E-34 -3.998848E-05  8.517089E-05  9.985393E-18 -9.516542E-18 -3.571599E-05
        31   2  4.623939E-34 -3.998848E-05  8.517089E-05  1.930731E-18 -1.367157E-17 -3.571599E-05
        31   3 -1.110223E-16 -3.998848E-05  1.739222E-04  4.312489E-18 -3.324140E-18 -1.343188E-04
        31   4 -1.110223E-16 -3.998848E-05  1.739222E-04 -3.742173E-18 -1.771243E-17 -1.343188E-04
        31   5  2.585064E-33 -1.385855E-04  8.517089E-05  2.126342E-17 -2.626118E-17 -1.353401E-05
        31   6  2.585064E-33 -1.385855E-04  8.517089E-05  8.092127E-18 -3.041621E-17 -1.353401E-05
        31   7 -1.110223E-16 -1.385855E-04  1.739222E-04  2.269577E-17 -3.394562E-17 -1.121251E-04
        31   8 -1.110223E-16 -1.385855E-04  1.739222E-04  9.524482E-18 -4.833391E-17 -1.121251E-04
        32   1  2.558870E-34 -3.998848E-05  8.517089E-05 -7.362996E-18 -1.578646E-18 -3.571599E-05
        32   2  2.558870E-34 -3.998848E-05  8.517089E-05 -1.730298E-17  5.675357E-19 -3.571599E-05
        32   3  1.034696E-33 -3.998848E-05  1.739222E-04  5.116829E-18 -1.335297E-17 -1.343188E-04
        32   4  1.034696E-33 -3.998848E-05  1.739222E-04 -4.823156E-18  2.186814E-17 -1.343188E-04
        32   5  4.763271E-35 -1.385855E-04  8.517089E-05 -1.572714E-17 -7.821623E-18 -1.353401E-05
        32   6  4.763271E-35 -1.385855E-04  8.517089E-05 -9.129663E-18 -5.675441E-18 -1.353401E-05
        32   7  1.944348E-33 -1.385855E-04  1.739222E-04  8.638730E-18 -2.338601E-17 -1.121251E-04
        32   8  1.944348E-33 -1.385855E-04  1.739222E-04  1.523621E-17  1.183510E-17 -1.121251E-04
        33   1  2.084529E-33 -3.998848E-05  8.517089E-05 -4.642990E-18  1.697767E-17 -3.571599E-05
        33   2  2.084529E-33 -3.998848E-05  8.517089E-05 -3.429051E-19  1.689878E-17 -3.571599E-05
        33   3  1.420410E-33 -3.998848E-05  1.739222E-04 -5.540998E-18  3.469869E-17 -1.343188E-04
        33   4  1.420410E-33 -3.998848E-05  1.739222E-04 -1.240913E-18 -4.168400E-19 -1.343188E-04
        33   5  1.343943E-33 -1.385855E-04  8.517089E-05  8.584656E-18  3.995810E-18 -1.353401E-05
        33   6  1.343943E-33 -1.385855E-04  8.517089E-05 -4.633580E-18  3.916921E-18 -1.353401E-05
        33   7  5.904045E-34 -1.385855E-04  1.739222E-04 -1.926938E-18  3.275392E-17 -1.121251E-04
        33   8  5.904045E-34 -1.385855E-04  1.739222E-04 -1.514517E-17 -2.361612E-18 -1.121251E-04
        34   1  8.837129E-34 -3.998848E-05  8.517089E-05 -1.666075E-17 -2.402183E-17 -3.571599E-05
        34   2  8.837129E-34 -3.998848E-05  8.517089E-05  3.593846E-18 -2.234602E-17 -3.571599E-05
        34   3  8.120448E-34 -3.998848E-05  1.739222E-04  9.783857E-19 -2.507997E-17 -1.343188E-04
        34   4  8.120448E-34 -3.998848E-05  1.739222E-04  2.123298E-17  2.297851E-18 -1.343188E-04
        34   5  3.489402E-35 -1.385855E-04  8.517089E-05 -2.337338E-17 -7.000790E-18 -1.353401E-05
        34   6  3.489402E-35 -1.385855E-04  8.517089E-05  9.732223E-18 -5.324980E-18 -1.353401E-05
        34   7  2.024196E-33 -1.385855E-04  1.739222E-04  9.586135E-18 -1.277769E-17 -1.121251E-04
        34   8  2.024196E-33 -1.385855E-04  1.739222E-04  4.269174E-17  1.460013E-17 -1.121251E-04
        35   1 -1.110223E-16 -3.998848E-05  8.517089E-05  7.707047E-18  4.790828E-19 -3.571599E-05
        35   2 -1.110223E-16 -3.998848E-05  8.517089E-05  6.661532E-18 -1.642954E-18 -3.571599E-05
        35   3 -1.110223E-16 -3.998848E-05  1.739222E-04 -1.983998E-17  2.362553E-17 -1.343188E-04
        35   4 -1.110223E-16 -3.998848E-05  1.739222E-04 -2.088550E-17  2.582862E-18 -1.343188E-04
        35   5 -1.110223E-16 -1.385855E-04  8.517089E-05  1.269405E-17  4.484801E-18 -1.353401E-05
        35   6 -1.110223E-16 -1.385855E-04  8.517089E-05  2.188219E-18  2.362764E-18 -1.353401E-05
        35   7 -1.110223E-16 -1.385855E-04  1.739222E-04 -1.891783E-17  1.091385E-17 -1.121251E-04
        35   8 -1.110223E-16 -1.385855E-04  1.739222E-04 -2.942366E-17 -1.012881E-17 -1.121251E-04
        36   1  1.265279E-33 -3.998848E-05  8.517089E-05 -2.884214E-18  1.451184E-17 -3.571599E-05
        36   2  1.265279E-33 -3.998848E-05  8.517089E-05  5.497980E-18  1.203275E-17 -3.571599E-05
        36   3  2.767625E-34 -3.998848E-05  1.739222E-04  2.529373E-18 -2.145149E-17 -1.343188E-04
        36   4  2.767625E-34 -3.998848E-05  1.739222E-04  1.091157E-17 -2.593459E-17 -1.343188E-04
        36   5  1.818060E-34 -1.385855E-04  8.517089E-05  3.798769E-18  3.463403E-18 -1.353401E-05
        36   6  1.818060E-34 -1.385855E-04  8.517089E-05  1.117896E-17  9.843156E-19 -1.353401E-05
        36   7  3.885732E-34 -1.385855E-04  1.739222E-04 -4.345413E-18 -8.163622E-18 -1.121251E-04
        36   8  3.885732E-34 -1.385855E-04  1.739222E-04  3.034778E-18 -1.264672E-17 -1.121251E-04
        37   1  1.185117E-34 -3.998848E-05  8.517089E-05  1.558197E-17 -1.007168E-17 -3.571599E-05
        37   2  1.185117E-34 -3.998848E-05  8.517089E-05  1.200517E-17 -6.276310E-18 -3.571599E-05
        37   3  2.136138E-34 -3.998848E-05  1.739222E-04  1.257311E-17 -1.050352E-17 -1.343188E-04
        37   4  2.136138E-34 -3.998848E-05  1.739222E-04  8.996306E-18  1.487196E-17 -1.343188E-04
        37   5  6.225543E-34 -1.385855E-04  8.517089E-05  5.405726E-18  2.183135E-18 -1.353401E-05
        37   6  6.225543E-34 -1.385855E-04  8.517089E-05  1.261898E-17  5.978501E-18 -1.353401E-05
        37   7  1.515128E-34 -1.385855E-04  1.739222E-04  1.230544E-17 -8.769338E-18 -1.121251E-04
        37   8  1.515128E-34 -1.385855E-04  1.739222E-04  1.951869E-17  1.660614E-17 -1.121251E-04
        38   1  2.411359E-34 -3.998848E-05  8.517089E-05  7.588226E-18 -7.982736E-18 -3.571599E-05
        38   2  2.411359E-34 -3.998848E-05  8.517089E-05 -1.065130E-17  4.302737E-18 -3.571599E-05
        38   3  3.652744E-34 -3.998848E-05  1.739222E-04  4.214491E-18  5.760993E-18 -1.343188E-04
        38   4  3.652744E-34 -3.998848E-05  1.739222E-04 -1.402503E-17 -8.145975E-18 -1.343188E-04
        38   5  6.899871E-34 -1.385855E-04  8.517089E-05  1.451048E-17 -1.571586E-17 -1.353401E-05
        38   6  6.899871E-34 -1.385855E-04  8.517089E-05 -1.682526E-17 -3.430383E-18 -1.353401E-05
        38   7  5.766718E-35 -1.385855E-04  1.739222E-04  1.884533E-17  1.196299E-17 -1.121251E-04
        38   8  5.766718E-35 -1.385855E-04  1.739222E-04 -1.249041E-17 -1.943973E-18 -1.121251E-04
        39   1  2.236547E-35 -3.998848E-05  8.517089E-05 -9.369103E-18  1.162869E-17 -3.571599E-05
        39   2  2.236547E-35 -3.998848E-05  8.517089E-05 -3.886721E-18 -1.549739E-17 -3.571599E-05
        39   3  2.461020E-34 -3.998848E-05  1.739222E-04 -1.218272E-18 -1.355217E-17 -1.343188E-04
        39   4  2.461020E-34 -3.998848E-05  1.739222E-04  4.264110E-18 -3.618134E-17 -1.343188E-04
        39   5  1.299741E-35 -1.385855E-04  8.517089E-05 -2.264011E-17  1.141336E-17 -1.353401E-05
        39   6  1.299741E-35 -1.385855E-04  8.517089E-05 -1.490927E-17 -1.571271E-17 -1.353401E-05
        39   7  6.077236E-34 -1.385855E-04  1.739222E-04 -6.957152E-18 -1.984990E-17 -1.121251E-04
        39   8  6.077236E-34 -1.385855E-04  1.739222E-04  7.736849E-19 -4.247906E-17 -1.121251E-04
        40   1  3.229349E-35 -3.998848E-05  8.517089E-05 -2.874453E-19 -1.931057E-17 -3.571599E-05
        40   2  3.229349E-35 -3.998848E-05  8.517089E-05  2.149787E-18 -3.252283E-18 -3.571599E-05
        40   3  2.416250E-34 -3.998848E-05  1.739222E-04  7.030750E-18 -3.590028E-17 -1.343188E-04
        40   4  2.416250E-34 -3.998848E-05  1.739222E-04  9.467982E-18 -1.230898E-17 -1.343188E-04
        40   5  3.140230E-34 -1.385855E-04  8.517089E-05  3.774901E-18 -2.456773E-17 -1.353401E-05
        40   6  3.140230E-34 -1.385855E-04  8.517089E-05  9.978641E-18 -8.509440E-18 -1.353401E-05
        40   7  4.645072E-34 -1.385855E-04  1.739222E-04  4.779266E-18 -2.470845E-17 -1.121251E-04
        40   8  4.645072E-34 -1.385855E-04  1.739222E-04  1.098301E-17 -1.117142E-18 -1.121251E-04
        41   1  2.385431E-03 -4.294775E-04 -1.644493E-03  1.418230E-18  2.844511E-17 -6.848974E-05
        41   2  2.385431E-03 -4.294775E-04 -1.644493E-03  1.997284E-17  5.927048E-17 -6.848974E-05
        41   3  2.385431E-03 -4.294775E-04 -1.599953E-03 -1.329743E-17  1.390806E-17 -2.241124E-04
        41   4  2.385431E-03 -4.294775E-04 -1.599953E-03  5.257188E-18  5.332775E-17 -2.241124E-04
        41   5  2.385431E-03 -5.848466E-04 -1.644493E-03  8.919673E-19  1.472493E-17 -5.760822E-05
        41   6  2.385431E-03 -5.848466E-04 -1.644493E-03  2.374375E-17  4.555030E-17 -5.760822E-05
        41   7  2.385431E-03 -5.848466E-04 -1.599953E-03 -1.952529E-17  2.644747E-17 -2.127237E-04
        41   8  2.385431E-03 -5.848466E-04 -1.599953E-03  3.326494E-18  6.586717E-17 -2.127237E-04
        42   1  2.385431E-03 -4.294775E-04 -1.644493E-03  1.855106E-17  2.892266E-17 -6.848974E-05
        42   2  2.385431E-03 -4.294775E-04 -1.644493E-03  2.454797E-18 -1.558542E-17 -6.848974E-05
        42   3  2.385431E-03 -4.294775E-04 -1.599953E-03 -2.369915E-18  6.318981E-17 -2.241124E-04
        42   4  2.385431E-03 -4.294775E-04 -1.599953E-03 -1.846618E-17  1.669614E-17 -2.241124E-04
        42   5  2.385431E-03 -5.848466E-04 -1.644493E-03  2.864350E-17  2.004298E-17 -5.760822E-05
        42   6  2.385431E-03 -5.848466E-04 -1.644493E-03  1.155443E-17 -2.446510E-17 -5.760822E-05
        42   7  2.385431E-03 -5.848466E-04 -1.599953E-03  1.573263E-17  5.821040E-17 -2.127237E-04
        42   8  2.385431E-03 -5.848466E-04 -1.599953E-03 -1.356437E-18  1.171673E-17 -2.127237E-04
        43   1  2.385431E-03 -4.294775E-04 -1.644493E-03  1.812771E-18 -1.748662E-17 -6.848974E-05
        43   2  2.385431E-03 -4.294775E-04 -1.644493E-03 -2.565566E-18 -3.611629E-17 -6.848974E-05
        43   3  2.385431E-03 -4.294775E-04 -1.599953E-03 -5.547903E-19 -3.226745E-17 -2.241124E-04
        43   4  2.385431E-03 -4.294775E-04 -1.599953E-03 -4.933127E-18 -4.577045E-17 -2.241124E-04
        43   5  2.385431E-03 -5.848466E-04 -1.644493E-03  7.852663E-18  2.219799E-18 -5.760822E-05
        43   6  2.385431E-03 -5.848466E-04 -1.644493E-03  6.037657E-18 -1.640986E-17 -5.760822E-05
        43   7  2.385431E-03 -5.848466E-04 -1.599953E-03  3.729639E-18 -1.751715E-17 -2.127237E-04
        43   8  2.385431E-03 -5.848466E-04 -1.599953E-03  1.914633E-18 -3.102016E-17 -2.127237E-04
        44   1  2.385431E-03 -4.294775E-04 -1.644493E-03 -6.314825E-18 -3.922424E-17 -6.848974E-05
        44   2  2.385431E-03 -4.294775E-04 -1.644493E-03 -6.159127E-18 -2.568089E-17 -6.848974E-05
        44   3  2.385431E-03 -4.294775E-04 -1.599953E-03 -1.469342E-17 -3.497315E-17 -2.241124E-04
        44   4  2.385431E-03 -4.294775E-04 -1.599953E-03 -1.453772E-17 -3.094631E-17 -2.241124E-04
        44   5  2.385431E-03 -5.848466E-04 -1.644493E-03  5.234438E-18 -5.275956E-17 -5.760822E-05
        44   6  2.385431E-03 -5.848466E-04 -1.644493E-03  6.318794E-19 -3.921620E-17 -5.760822E-05
        44   7  2.385431E-03 -5.848466E-04 -1.599953E-03  5.505852E-18 -5.782459E-17 -2.127237E-04
        44   8  2.385431E-03 -5.848466E-04 -1.599953E-03  9.032928E-19 -5.379775E-17 -2.127237E-04
        45   1  2.385431E-03 -4.294775E-04 -1.644493E-03  1.493289E-18 -5.903515E-18 -6.848974E-05
        45   2  2.385431E-03 -4.294775E-04 -1.644493E-03  6.679571E-18  5.633402E-17 -6.848974E-05
        45   3  2.385431E-03 -4.294775E-04 -1.599953E-03  8.741141E-18  5.705441E-18 -2.241124E-04
        45   4  2.385431E-03 -4.294775E-04 -1.599953E-03  1.392742E-17  3.812546E-17 -2.241124E-04
        45   5  2.385431E-03 -5.848466E-04 -1.644493E-03 -4.159845E-18  1.974746E-18 -5.760822E-05
        45   6  2.385431E-03 -5.848466E-04 -1.644493E-03 -1.388232E-17  6.421228E-17 -5.760822E-05
        45   7  2.385431E-03 -5.848466E-04 -1.599953E-03 -2.722617E-18  1.847359E-17 -2.127237E-04
        45   8  2.385431E-03 -5.848466E-04 -1.599953E-03 -1.244509E-17  5.089361E-17 -2.127237E-04
        46   1  2.385431E-03 -4.294775E-04 -1.644493E-03  1.127281E-17  6.900870E-17 -6.848974E-05
        46   2  2.385431E-03 -4.294775E-04 -1.644493E-03  1.128110E-17  2.093473E-17 -6.848974E-05
        46   3  2.385431E-03 -4.294775E-04 -1.599953E-03  2.584156E-17  3.244016E-17 -2.241124E-04
        46   4  2.385431E-03 -4.294775E-04 -1.599953E-03  2.584984E-17  4.928013E-17 -2.241124E-04
        46   5  2.385431E-03 -5.848466E-04 -1.644493E-03 -4.209309E-19  7.109265E-17 -5.760822E-05
        46   6  2.385431E-03 -5.848466E-04 -1.644493E-03  3.204433E-17  2.301868E-17 -5.760822E-05
        46   7  2.385431E-03 -5.848466E-04 -1.599953E-03  1.518353E-17  3.001038E-17 -2.127237E-04
        46   8  2.385431E-03 -5.848466E-04 -1.599953E-03  4.764879E-17  4.685035E-17 -2.127237E-04
        47   1  2.385431E-03 -4.294775E-04 -1.644493E-03  2.289485E-18 -2.284676E-17 -6.848974E-05
        47   2  2.385431E-03 -4.294775E-04 -1.644493E-03 -2.678244E-18 -1.980478E-17 -6.848974E-05
        47   3  2.385431E-03 -4.294775E-04 -1.599953E-03 -2.669336E-18  3.574933E-17 -2.241124E-04
        47   4  2.385431E-03 -4.294775E-04 -1.599953E-03 -7.637066E-18 -1.459036E-17 -2.241124E-04
        47   5  2.385431E-03 -5.848466E-04 -1.644493E-03  2.245678E-17 -1.470423E-17 -5.760822E-05
        47   6  2.385431E-03 -5.848466E-04 -1.644493E-03 -9.201783E-18 -1.166225E-17 -5.760822E-05
        47   7  2.385431E-03 -5.848466E-04 -1.599953E-03  1.100846E-17  3.857420E-17 -2.127237E-04
        47   8  2.385431E-03 -5.848466E-04 -1.599953E-03 -2.065011E-17 -1.176549E-17 -2.127237E-04
        48   1  2.385431E-03 -4.294775E-04 -1.644493E-03 -1.315442E-18  4.120342E-17 -6.848974E-05
        48   2  2.385431E-03 -4.294775E-04 -1.644493E-03 -2.026677E-18  1.199510E-17 -6.848974E-05
        48   3  2.385431E-03 -4.294775E-04 -1.599953E-03  3.131982E-18 -2.299552E-18 -2.241124E-04
        48   4  2.385431E-03 -4.294775E-04 -1.599953E-03  2.420748E-18 -6.441422E-18 -2.241124E-04
        48   5  2.385431E-03 -5.848466E-04 -1.644493E-03 -7.917407E-18  3.343693E-17 -5.760822E-05
        48   6  2.385431E-03 -5.848466E-04 -1.644493E-03  3.904586E-18  4.228609E-18 -5.760822E-05
        48   7  2.385431E-03 -5.848466E-04 -1.599953E-03  3.998209E-18 -4.798988E-18 -2.127237E-04
        48   8  2.385431E-03 -5.848466E-04 -1.599953E-03  1.582020E-17 -8.940858E-18 -2.127237E-04
        49   1  2.385431E-03 -4.294775E-04 -1.644493E-03 -6.442155E-18 -8.774149E-17 -6.848974E-05
        49   2  2.385431E-03 -4.294775E-04 -1.644493E-03 -8.038690E-18 -4.576222E-17 -6.848974E-05
        49   3  2.385431E-03 -4.294775E-04 -1.599953E-03 -1.173819E-17 -5.953001E-17 -2.241124E-04
        49   4  2.385431E-03 -4.294775E-04 -1.599953E-03 -1.333472E-17 -5.104284E-17 -2.241124E-04
        49   5  2.385431E-03 -5.848466E-04 -1.644493E-03 -4.747656E-18 -9.272975E-17 -5.760822E-05
        49   6  2.385431E-03 -5.848466E-04 -1.644493E-03 -2.309025E-17 -5.075047E-17 -5.760822E-05
        49   7  2.385431E-03 -5.848466E-04 -1.599953E-03 -1.011515E-17 -6.805023E-17 -2.127237E-04
        49   8  2.385431E-03 -5.848466E-04 -1.599953E-03 -2.845774E-17 -5.956306E-17 -2.127237E-04
        50   1  2.385431E-03 -4.294775E-04 -1.644493E-03 -5.155887E-19  4.557035E-17 -6.848974E-05
        50   2  2.385431E-03 -4.294775E-04 -1.644493E-03  3.329639E-18  3.436289E-17 -6.848974E-05
        50   3  2.385431E-03 -4.294775E-04 -1.599953E-03  1.250769E-17 -2.979454E-18 -2.241124E-04
        50   4  2.385431E-03 -4.294775E-04 -1.599953E-03  1.635292E-17  1.030508E-17 -2.241124E-04
        50   5  2.385431E-03 -5.848466E-04 -1.644493E-03 -1.716177E-17  5.835344E-17 -5.760822E-05
        50   6  2.385431E-03 -5.848466E-04 -1.644493E-03 -1.070541E-18  4.714597E-17 -5.760822E-05
        50   7  2.385431E-03 -5.848466E-04 -1.599953E-03 -3.866312E-18  1.734681E-17 -2.127237E-04
        50   8  2.385431E-03 -5.848466E-04 -1.599953E-03  1.222491E-17  3.063134E-17 -2.127237E-04
        51   1  2.385431E-03 -5.424948E-04 -1.550495E-03 -5.815042E-18  5.864479E-18 -2.597247E-04
        51   2  2.385431E-03 -5.424948E-04 -1.550495E-03  1.543595E-17  3.928273E-17 -2.597247E-04
        51   3  2.385431E-03 -5.424948E-04 -1.459177E-03  2.653394E-17 -1.715265E-18 -4.923873E-04
        51   4  2.385431E-03 -5.424948E-04 -1.459177E-03  4.778494E-17  6.712386E-18 -4.923873E-04
        51   5  2.385431E-03 -7.747687E-04 -1.550495E-03 -1.963641E-17  2.653219E-17 -2.372839E-04
        51   6  2.385431E-03 -7.747687E-04 -1.550495E-03 -1.088071E-17  5.995044E-17 -2.372839E-04
        51   7  2.385431E-03 -7.747687E-04 -1.459177E-03  1.510582E-17  1.444192E-17 -4.691693E-04
        51   8  2.385431E-03 -7.747687E-04 -1.459177E-03  2.386151E-17  2.286957E-17 -4.691693E-04
        52   1  2.385431E-03 -5.424948E-04 -1.550495E-03 -7.583451E-18  5.306966E-17 -2.597247E-04
        52   2  2.385431E-03 -5.424948E-04 -1.550495E-03 -2.752411E-17  1.016650E-17 -2.597247E-04
        52   3  2.385431E-03 -5.424948E-04 -1.459177E-03 -1.014042E-17 -9.491742E-18 -4.923873E-04
        52   4  2.385431E-03 -5.424948E-04 -1.459177E-03 -3.008108E-17 -4.059982E-17 -4.923873E-04
        52   5  2.385431E-03 -7.747687E-04 -1.550495E-03 -1.288476E-17  4.608647E-17 -2.372839E-04
        52   6  2.385431E-03 -7.747687E-04 -1.550495E-03 -2.692788E-17  3.183319E-18 -2.372839E-04
        52   7  2.385431E-03 -7.747687E-04 -1.459177E-03 -1.434095E-17 -2.458467E-17 -4.691693E-04
        52   8  2.385431E-03 -7.747687E-04 -1.459177E-03 -2.838407E-17 -5.569275E-17 -4.691693E-04
        53   1  2.385431E-03 -5.424948E-04 -1.550495E-03 -5.247053E-18 -2.955570E-17 -2.597247E-04
        53   2  2.385431E-03 -5.424948E-04 -1.550495E-03 -2.034267E-17 -3.335586E-17 -2.597247E-04
        53   3  2.385431E-03 -5.424948E-04 -1.459177E-03  4.465323E-19 -7.714060E-18 -4.923873E-04
        53   4  2.385431E-03 -5.424948E-04 -1.459177E-03 -1.464909E-17  9.867778E-18 -4.923873E-04
        53   5  2.385431E-03 -7.747687E-04 -1.550495E-03 -1.220584E-17 -1.492291E-17 -2.372839E-04
        53   6  2.385431E-03 -7.747687E-04 -1.550495E-03 -1.661046E-17 -1.872307E-17 -2.372839E-04
        53   7  2.385431E-03 -7.747687E-04 -1.459177E-03  2.544709E-18  1.271191E-17 -4.691693E-04
        53   8  2.385431E-03 -7.747687E-04 -1.459177E-03 -1.859911E-18  3.029375E-17 -4.691693E-04
        54   1  2.385431E-03 -5.424948E-04 -1.550495E-03 -2.529987E-17 -2.251384E-17 -2.597247E-04
        54   2  2.385431E-03 -5.424948E-04 -1.550495E-03 -3.470945E-18 -2.788009E-17 -2.597247E-04
        54   3  2.385431E-03 -5.424948E-04 -1.459177E-03 -1.141445E-17  7.113639E-18 -4.923873E-04
        54   4  2.385431E-03 -5.424948E-04 -1.459177E-03  1.041447E-17 -1.439848E-17 -4.923873E-04
        54   5  2.385431E-03 -7.747687E-04 -1.550495E-03 -1.909421E-17 -4.517166E-17 -2.372839E-04
        54   6  2.385431E-03 -7.747687E-04 -1.550495E-03 -5.338228E-18 -5.053790E-17 -2.372839E-04
        54   7  2.385431E-03 -7.747687E-04 -1.459177E-03 -4.110311E-17 -4.850559E-18 -4.691693E-04
        54   8  2.385431E-03 -7.747687E-04 -1.459177E-03 -2.734713E-17 -2.636268E-17 -4.691693E-04
        55   1  2.385431E-03 -5.424948E-04 -1.550495E-03  1.624598E-17 -4.610350E-18 -2.597247E-04
        55   2  2.385431E-03 -5.424948E-04 -1.550495E-03  3.313055E-18  2.590813E-17 -2.597247E-04
        55   3  2.385431E-03 -5.424948E-04 -1.459177E-03  1.032416E-18 -4.393942E-17 -4.923873E-04
        55   4  2.385431E-03 -5.424948E-04 -1.459177E-03 -1.190050E-17  1.120147E-17 -4.923873E-04
        55   5  2.385431E-03 -7.747687E-04 -1.550495E-03  1.031389E-17  9.394115E-18 -2.372839E-04
        55   6  2.385431E-03 -7.747687E-04 -1.550495E-03  9.692176E-18  3.991260E-17 -2.372839E-04
        55   7  2.385431E-03 -7.747687E-04 -1.459177E-03  1.296537E-17 -3.171196E-17 -4.691693E-04
        55   8  2.385431E-03 -7.747687E-04 -1.459177E-03  1.234365E-17  2.342892E-17 -4.691693E-04
        56   1  2.385431E-03 -5.424948E-04 -1.550495E-03  1.098290E-17  2.382452E-17 -2.597247E-04
        56   2  2.385431E-03 -5.424948E-04 -1.550495E-03  1.860608E-17  5.050687E-17 -2.597247E-04
        56   3  2.385431E-03 -5.424948E-04 -1.459177E-03 -1.229144E-17  3.713327E-17 -4.923873E-04
        56   4  2.385431E-03 -5.424948E-04 -1.459177E-03 -4.668251E-18  2.579157E-17 -4.923873E-04
        56   5  2.385431E-03 -7.747687E-04 -1.550495E-03  2.111571E-17  1.841734E-17 -2.372839E-04
        56   6  2.385431E-03 -7.747687E-04 -1.550495E-03  9.726874E-18  4.509970E-17 -2.372839E-04
        56   7  2.385431E-03 -7.747687E-04 -1.459177E-03  5.849604E-20  2.737468E-17 -4.691693E-04
        56   8  2.385431E-03 -7.747687E-04 -1.459177E-03 -1.133034E-17  1.603298E-17 -4.691693E-04
        57   1  2.385431E-03 -5.424948E-04 -1.550495E-03  1.094181E-17  4.869120E-17 -2.597247E-04
        57   2  2.385431E-03 -5.424948E-04 -1.550495E-03  2.523865E-17 -9.866341E-18 -2.597247E-04
        57   3  2.385431E-03 -5.424948E-04 -1.459177E-03  3.743798E-17  2.556942E-17 -4.923873E-04
        57   4  2.385431E-03 -5.424948E-04 -1.459177E-03  5.173482E-17 -2.058015E-18 -4.923873E-04
        57   5  2.385431E-03 -7.747687E-04 -1.550495E-03 -8.472187E-18  4.946324E-17 -2.372839E-04
        57   6  2.385431E-03 -7.747687E-04 -1.550495E-03  2.128971E-17 -9.094293E-18 -2.372839E-04
        57   7  2.385431E-03 -7.747687E-04 -1.459177E-03  3.031851E-17  2.553994E-17 -4.691693E-04
        57   8  2.385431E-03 -7.747687E-04 -1.459177E-03  6.008040E-17 -2.087498E-18 -4.691693E-04
        58   1  2.385431E-03 -5.424948E-04 -1.550495E-03  2.652233E-17 -2.623367E-17 -2.597247E-04
        58   2  2.385431E-03 -5.424948E-04 -1.550495E-03 -6.861718E-18 -2.076719E-17 -2.597247E-04
        58   3  2.385431E-03 -5.424948E-04 -1.459177E-03  3.036630E-17 -4.782140E-17 -4.923873E-04
        58   4  2.385431E-03 -5.424948E-04 -1.459177E-03 -3.017748E-18 -4.117086E-17 -4.923873E-04
        58   5  2.385431E-03 -7.747687E-04 -1.550495E-03  4.275629E-17 -2.779816E-17 -2.372839E-04
        58   6  2.385431E-03 -7.747687E-04 -1.550495E-03  9.964265E-18 -2.233168E-17 -2.372839E-04
        58   7  2.385431E-03 -7.747687E-04 -1.459177E-03  3.236719E-17 -5.258150E-17 -4.691693E-04
        58   8  2.385431E-03 -7.747687E-04 -1.459177E-03 -4.248358E-19 -4.593097E-17 -4.691693E-04
        59   1  2.385431E-03 -5.424948E-04 -1.550495E-03 -2.895188E-17 -3.258660E-17 -2.597247E-04
        59   2  2.385431E-03 -5.424948E-04 -1.550495E-03 -2.909998E-17 -3.595564E-17 -2.597247E-04
        59   3  2.385431E-03 -5.424948E-04 -1.459177E-03 -5.211021E-18  1.313136E-17 -4.923873E-04
        59   4  2.385431E-03 -5.424948E-04 -1.459177E-03 -5.359122E-18  1.086267E-17 -4.923873E-04
        59   5  2.385431E-03 -7.747687E-04 -1.550495E-03 -2.100446E-17 -3.909105E-17 -2.372839E-04
        59   6  2.385431E-03 -7.747687E-04 -1.550495E-03 -2.060239E-17 -4.246009E-17 -2.372839E-04
        59   7  2.385431E-03 -7.747687E-04 -1.459177E-03 -2.157126E-18  1.551998E-17 -4.691693E-04
        59   8  2.385431E-03 -7.747687E-04 -1.459177E-03 -1.755054E-18  1.325128E-17 -4.691693E-04
        60   1  2.385431E-03 -5.424948E-04 -1.550495E-03 -5.914030E-18 -8.804217E-18 -2.597247E-04
        60   2  2.385431E-03 -5.424948E-04 -1.550495E-03  1.058737E-17  9.106346E-18 -2.597247E-04
        60   3  2.385431E-03 -5.424948E-04 -1.459177E-03 -2.198060E-17  2.376041E-17 -4.923873E-04
        60   4  2.385431E-03 -5.424948E-04 -1.459177E-03 -5.479200E-18  2.981752E-17 -4.923873E-04
        60   5  2.385431E-03 -7.747687E-04 -1.550495E-03  4.166985E-19  8.346396E-18 -2.372839E-04
        60   6  2.385431E-03 -7.747687E-04 -1.550495E-03  1.099137E-17  2.625696E-17 -2.372839E-04
        60   7  2.385431E-03 -7.747687E-04 -1.459177E-03 -2.108540E-17  2.425881E-17 -4.691693E-04
        60   8  2.385431E-03 -7.747687E-04 -1.459177E-03 -1.051072E-17  3.031593E-17 -4.691693E-04
