
                        S T E P       3


                                INCREMENT     6


 displacements (vx,vy,vz) for set ALLN and time  0.3000000E+01

         1  0.000000E+00  0.000000E+00  0.000000E+00
         2  1.015508E-16  0.000000E+00  0.000000E+00
         3  1.886083E-16  0.000000E+00  0.000000E+00
         4  3.313782E-16  0.000000E+00  0.000000E+00
         5  4.026517E-16  0.000000E+00  0.000000E+00
         6  4.948872E-16  0.000000E+00  0.000000E+00
         7  3.317207E-16  0.000000E+00  0.000000E+00
         8  2.861662E-16  0.000000E+00  0.000000E+00
         9  1.396353E-16  0.000000E+00  0.000000E+00
        10  5.510185E-17  0.000000E+00  0.000000E+00
        11  0.000000E+00  0.000000E+00  0.000000E+00
        12  0.000000E+00 -2.578002E-04  0.000000E+00
        13  5.263801E-17 -2.578002E-04  0.000000E+00
        14  2.785631E-16 -2.578002E-04  0.000000E+00
        15  2.967604E-16 -2.578002E-04  0.000000E+00
        16  3.926356E-16 -2.578002E-04  0.000000E+00
        17  4.760303E-16 -2.578002E-04  0.000000E+00
        18  3.593520E-16 -2.578002E-04  0.000000E+00
        19  2.447711E-16 -2.578002E-04  0.000000E+00
        20  1.212380E-16 -2.578002E-04  0.000000E+00
        21  4.444710E-17 -2.578002E-04  0.000000E+00
        22  0.000000E+00 -2.578002E-04  0.000000E+00
        23  0.000000E+00 -5.156004E-04  0.000000E+00
        24  4.034201E-17 -5.156004E-04  0.000000E+00
        25  2.299451E-16 -5.156004E-04  0.000000E+00
        26  2.863222E-16 -5.156004E-04  0.000000E+00
        27  3.777433E-16 -5.156004E-04  0.000000E+00
        28  4.106609E-16 -5.156004E-04  0.000000E+00
        29  3.414088E-16 -5.156004E-04  0.000000E+00
        30  2.374265E-16 -5.156004E-04  0.000000E+00
        31  9.329812E-17 -5.156004E-04  0.000000E+00
        32  2.949106E-17 -5.156004E-04  0.000000E+00
        33  0.000000E+00 -5.156004E-04  0.000000E+00
        34  0.000000E+00  0.000000E+00 -1.289001E-04
        35  1.046439E-16  0.000000E+00 -1.289001E-04
        36  1.781790E-16  0.000000E+00 -1.289001E-04
        37  3.258964E-16  0.000000E+00 -1.289001E-04
        38  4.048887E-16  0.000000E+00 -1.289001E-04
        39  4.796744E-16  0.000000E+00 -1.289001E-04
        40  3.306681E-16  0.000000E+00 -1.289001E-04
        41  2.936827E-16  0.000000E+00 -1.289001E-04
        42  1.383940E-16  0.000000E+00 -1.289001E-04
        43  4.272579E-17  0.000000E+00 -1.289001E-04
        44  0.000000E+00  0.000000E+00 -1.289001E-04
        45  0.000000E+00 -2.578002E-04 -1.289001E-04
        46  5.594479E-17 -2.578002E-04 -1.289001E-04
        47  2.710802E-16 -2.578002E-04 -1.289001E-04
        48  2.940953E-16 -2.578002E-04 -1.289001E-04
        49  3.902740E-16 -2.578002E-04 -1.289001E-04
        50  4.655285E-16 -2.578002E-04 -1.289001E-04
        51  3.734012E-16 -2.578002E-04 -1.289001E-04
        52  2.345178E-16 -2.578002E-04 -1.289001E-04
        53  1.241911E-16 -2.578002E-04 -1.289001E-04
        54  3.963281E-17 -2.578002E-04 -1.289001E-04
        55  0.000000E+00 -2.578002E-04 -1.289001E-04
        56  0.000000E+00 -5.156004E-04 -1.289001E-04
        57  2.996172E-17 -5.156004E-04 -1.289001E-04
        58  2.402431E-16 -5.156004E-04 -1.289001E-04
        59  2.750782E-16 -5.156004E-04 -1.289001E-04
        60  3.871528E-16 -5.156004E-04 -1.289001E-04
        61  3.726754E-16 -5.156004E-04 -1.289001E-04
        62  3.597093E-16 -5.156004E-04 -1.289001E-04
        63  2.429571E-16 -5.156004E-04 -1.289001E-04
        64  8.510279E-17 -5.156004E-04 -1.289001E-04
        65  4.738821E-17 -5.156004E-04 -1.289001E-04
        66  0.000000E+00 -5.156004E-04 -1.289001E-04
        67  0.000000E+00  0.000000E+00 -2.578002E-04
        68  9.186489E-17  0.000000E+00 -2.578002E-04
        69  1.639675E-16  0.000000E+00 -2.578002E-04
        70  3.520621E-16  0.000000E+00 -2.578002E-04
        71  3.714431E-16  0.000000E+00 -2.578002E-04
        72  5.040722E-16  0.000000E+00 -2.578002E-04
        73  3.553031E-16  0.000000E+00 -2.578002E-04
        74  2.456855E-16  0.000000E+00 -2.578002E-04
        75  1.077428E-16  0.000000E+00 -2.578002E-04
        76  3.917583E-17  0.000000E+00 -2.578002E-04
        77  0.000000E+00  0.000000E+00 -2.578002E-04
        78  0.000000E+00 -2.578002E-04 -2.578002E-04
        79  1.180115E-16 -2.578002E-04 -2.578002E-04
        80  2.121970E-16 -2.578002E-04 -2.578002E-04
        81  2.785702E-16 -2.578002E-04 -2.578002E-04
        82  3.834492E-16 -2.578002E-04 -2.578002E-04
        83  4.072405E-16 -2.578002E-04 -2.578002E-04
        84  4.092764E-16 -2.578002E-04 -2.578002E-04
        85  2.275466E-16 -2.578002E-04 -2.578002E-04
        86  1.161021E-16 -2.578002E-04 -2.578002E-04
        87  2.580236E-17 -2.578002E-04 -2.578002E-04
        88  0.000000E+00 -2.578002E-04 -2.578002E-04
        89  0.000000E+00 -5.156004E-04 -2.578002E-04
        90  7.639888E-17 -5.156004E-04 -2.578002E-04
        91  2.417867E-16 -5.156004E-04 -2.578002E-04
        92  2.526573E-16 -5.156004E-04 -2.578002E-04
        93  3.300109E-16 -5.156004E-04 -2.578002E-04
        94  3.498205E-16 -5.156004E-04 -2.578002E-04
        95  3.670893E-16 -5.156004E-04 -2.578002E-04
        96  2.455830E-16 -5.156004E-04 -2.578002E-04
        97  1.265057E-16 -5.156004E-04 -2.578002E-04
        98  2.869534E-17 -5.156004E-04 -2.578002E-04
        99  0.000000E+00 -5.156004E-04 -2.578002E-04
       100  0.000000E+00  0.000000E+00  0.000000E+00
       101  0.000000E+00  0.000000E+00  0.000000E+00
       102  0.000000E+00  0.000000E+00  0.000000E+00
       103  0.000000E+00  0.000000E+00  0.000000E+00
       104  0.000000E+00  0.000000E+00  0.000000E+00
       105  0.000000E+00  0.000000E+00  0.000000E+00
       106  0.000000E+00  0.000000E+00  0.000000E+00
       107  0.000000E+00  0.000000E+00  0.000000E+00
       108  0.000000E+00  0.000000E+00  0.000000E+00
       109  0.000000E+00  0.000000E+00  0.000000E+00
       110  0.000000E+00  0.000000E+00  0.000000E+00
       111  0.000000E+00  0.000000E+00  0.000000E+00
       112  0.000000E+00  0.000000E+00  0.000000E+00
       113  0.000000E+00  0.000000E+00  0.000000E+00
       114  0.000000E+00  0.000000E+00  0.000000E+00
       115  0.000000E+00  0.000000E+00  0.000000E+00
       116  0.000000E+00  0.000000E+00  0.000000E+00
       117  0.000000E+00  0.000000E+00  0.000000E+00
       118  0.000000E+00  0.000000E+00  0.000000E+00
       119  0.000000E+00  0.000000E+00  0.000000E+00
       120  0.000000E+00  0.000000E+00  0.000000E+00
       121  0.000000E+00  0.000000E+00  0.000000E+00
       122  0.000000E+00  0.000000E+00  0.000000E+00
       123  0.000000E+00  0.000000E+00  0.000000E+00
       124  0.000000E+00  0.000000E+00  0.000000E+00
       125  0.000000E+00  0.000000E+00  0.000000E+00
       126  0.000000E+00  0.000000E+00  0.000000E+00
       127  0.000000E+00  0.000000E+00  0.000000E+00
       128  0.000000E+00  0.000000E+00  0.000000E+00
       129  0.000000E+00  0.000000E+00  0.000000E+00
       130  0.000000E+00  0.000000E+00  0.000000E+00
       131  0.000000E+00  0.000000E+00  0.000000E+00
       132  0.000000E+00  0.000000E+00  0.000000E+00
       133  0.000000E+00  0.000000E+00  0.000000E+00
       134  0.000000E+00  0.000000E+00  0.000000E+00
       135  0.000000E+00  0.000000E+00  0.000000E+00
       136  0.000000E+00  0.000000E+00  0.000000E+00
       137  0.000000E+00  0.000000E+00  0.000000E+00
       138  0.000000E+00  0.000000E+00  0.000000E+00
       139  0.000000E+00  0.000000E+00  0.000000E+00
       140  0.000000E+00  0.000000E+00  0.000000E+00
       141  0.000000E+00  0.000000E+00  0.000000E+00
       142  0.000000E+00  0.000000E+00  0.000000E+00
       143  0.000000E+00  0.000000E+00  0.000000E+00
       144  0.000000E+00  0.000000E+00  0.000000E+00
       145  0.000000E+00  0.000000E+00  0.000000E+00
       146  0.000000E+00  0.000000E+00  0.000000E+00
       147  0.000000E+00  0.000000E+00  0.000000E+00
       148  0.000000E+00  0.000000E+00  0.000000E+00
       149  0.000000E+00  0.000000E+00  0.000000E+00
       150  0.000000E+00  0.000000E+00  0.000000E+00
       151  0.000000E+00  0.000000E+00  0.000000E+00
       152  0.000000E+00  0.000000E+00  0.000000E+00
       153  0.000000E+00  0.000000E+00  0.000000E+00
       154  0.000000E+00  0.000000E+00  0.000000E+00
       155  0.000000E+00  0.000000E+00  0.000000E+00
       156  0.000000E+00  0.000000E+00  0.000000E+00
       157  0.000000E+00  0.000000E+00  0.000000E+00
       158  0.000000E+00  0.000000E+00  0.000000E+00
       159  0.000000E+00  0.000000E+00  0.000000E+00
       160  0.000000E+00  0.000000E+00  0.000000E+00
       161  0.000000E+00  0.000000E+00  0.000000E+00
       162  0.000000E+00  0.000000E+00  0.000000E+00
       163  0.000000E+00  0.000000E+00  0.000000E+00
       164  0.000000E+00  0.000000E+00  0.000000E+00
       165  0.000000E+00  0.000000E+00  0.000000E+00

 forces (fx,fy,fz) for set ALLN and time  0.3000000E+01

         1  2.489153E+01  2.876474E-12  5.425800E-12
         2 -4.298868E-12  3.599117E-12  8.845760E-12
         3 -1.446535E-12  2.238174E-12  4.324887E-12
         4  8.506320E-13  1.834695E-12 -9.016621E-13
         5  5.638095E-13  1.285569E-13  1.725884E-13
         6 -5.697722E-14  2.400412E-13  8.616012E-13
         7 -1.656090E-12  2.371977E-12 -2.159762E-12
         8  6.819323E-13  1.988272E-12 -3.101588E-12
         9  6.700174E-13 -1.251449E-12  1.009205E-12
        10 -8.308670E-13 -2.795054E-12  1.248892E-12
        11 -2.489153E+01  4.865727E-14  1.085972E-12
        12  4.978306E+01 -2.402322E-12  9.498114E-12
        13 -1.190305E-11 -3.205280E-12  1.191451E-11
        14  9.383847E-12 -5.397171E-12  3.970122E-12
        15 -4.508939E-12 -1.080992E-12  1.730144E-12
        16  2.113222E-13  3.685740E-13  5.666082E-13
        17 -3.736271E-14 -1.981688E-13 -6.625395E-13
        18 -2.193651E-12  4.745592E-13 -5.204901E-12
        19  1.398666E-12  9.936768E-13 -4.993973E-12
        20  2.234222E-12  4.785940E-12  8.506133E-12
        21 -3.974915E-12  4.028563E-12  3.396713E-12
        22 -4.978306E+01  3.414904E-13  2.819101E-12
        23  2.489153E+01 -3.518914E-13 -1.721376E-13
        24 -5.904362E-12 -4.270362E-13 -3.719431E-12
        25  5.979981E-12  2.151402E-12  6.715632E-13
        26 -2.632502E-12 -3.991784E-13  1.499494E-12
        27  4.999659E-13 -3.866941E-14  5.046967E-13
        28  8.584973E-13 -7.658034E-13 -5.353266E-13
        29 -2.007935E-12 -2.080495E-12 -3.627548E-12
        30  3.251433E-13 -2.226006E-12 -2.980735E-12
        31  5.464903E-13 -3.396183E-12 -1.138419E-12
        32 -2.600030E-12 -1.130374E-12 -4.379260E-12
        33 -2.489153E+01 -1.188255E-12  7.592053E-13
        34  2.489153E+01  2.788171E-12 -5.465952E-12
        35 -1.882930E-12  4.170407E-12 -8.672723E-12
        36 -3.872342E-12  3.241562E-12 -5.053833E-12
        37  9.014032E-13  1.796887E-12  1.452280E-12
        38  3.891649E-13  1.767399E-13 -5.384087E-13
        39  1.213440E-13  9.177962E-13 -1.447886E-12
        40 -1.206046E-12  2.479943E-12  2.450350E-12
        41  2.156953E-13  1.544762E-12  3.372353E-12
        42  3.191834E-13 -1.483969E-12 -9.402038E-13
        43 -2.024677E-12 -2.788977E-12 -9.474655E-13
        44 -2.489153E+01  2.034782E-13 -1.486138E-12
        45  4.978306E+01 -2.331959E-12 -9.443443E-12
        46 -1.115925E-11 -2.882206E-12 -1.188932E-11
        47  9.132491E-12 -5.814618E-12 -3.779235E-12
        48 -4.700216E-12 -9.541350E-13 -1.153117E-12
        49 -6.564024E-14  4.259645E-13 -7.152172E-13
        50  8.819830E-14 -6.266072E-13  7.090203E-13
        51 -3.003650E-13 -4.851333E-13  6.206411E-12
        52 -2.447910E-13  2.084621E-13  4.832754E-12
        53  1.548839E-12  4.610123E-12 -9.112814E-12
        54 -3.809237E-12  3.758240E-12 -3.221929E-12
        55 -4.978306E+01  1.787270E-13 -2.973361E-12
        56  2.489153E+01 -4.256699E-13  3.152360E-13
        57 -6.500595E-12 -1.418318E-12  3.552736E-12
        58  6.393972E-12  2.058771E-12 -9.551950E-13
        59 -2.602922E-12 -6.098989E-13 -1.522237E-12
        60  2.542355E-13 -9.105578E-14  6.275572E-15
        61 -6.551477E-13 -3.597707E-13 -4.684039E-13
        62 -3.521939E-13 -1.653988E-12  3.613920E-12
        63  3.412611E-13 -2.058398E-12  3.138668E-12
        64 -7.626033E-13 -3.170497E-12  1.158123E-12
        65 -1.294011E-12 -4.822228E-13  4.570085E-12
        66 -2.489153E+01 -1.058454E-12 -8.251643E-13
        67  0.000000E+00  0.000000E+00  0.000000E+00
        68  0.000000E+00  0.000000E+00  0.000000E+00
        69  0.000000E+00  0.000000E+00  0.000000E+00
        70  0.000000E+00  0.000000E+00  0.000000E+00
        71  0.000000E+00  0.000000E+00  0.000000E+00
        72  0.000000E+00  0.000000E+00  0.000000E+00
        73  0.000000E+00  0.000000E+00  0.000000E+00
        74  0.000000E+00  0.000000E+00  0.000000E+00
        75  0.000000E+00  0.000000E+00  0.000000E+00
        76  0.000000E+00  0.000000E+00  0.000000E+00
        77  0.000000E+00  0.000000E+00  0.000000E+00
        78  0.000000E+00  0.000000E+00  0.000000E+00
        79  0.000000E+00  0.000000E+00  0.000000E+00
        80  0.000000E+00  0.000000E+00  0.000000E+00
        81  0.000000E+00  0.000000E+00  0.000000E+00
        82  0.000000E+00  0.000000E+00  0.000000E+00
        83  0.000000E+00  0.000000E+00  0.000000E+00
        84  0.000000E+00  0.000000E+00  0.000000E+00
        85  0.000000E+00  0.000000E+00  0.000000E+00
        86  0.000000E+00  0.000000E+00  0.000000E+00
        87  0.000000E+00  0.000000E+00  0.000000E+00
        88  0.000000E+00  0.000000E+00  0.000000E+00
        89  0.000000E+00  0.000000E+00  0.000000E+00
        90  0.000000E+00  0.000000E+00  0.000000E+00
        91  0.000000E+00  0.000000E+00  0.000000E+00
        92  0.000000E+00  0.000000E+00  0.000000E+00
        93  0.000000E+00  0.000000E+00  0.000000E+00
        94  0.000000E+00  0.000000E+00  0.000000E+00
        95  0.000000E+00  0.000000E+00  0.000000E+00
        96  0.000000E+00  0.000000E+00  0.000000E+00
        97  0.000000E+00  0.000000E+00  0.000000E+00
        98  0.000000E+00  0.000000E+00  0.000000E+00
        99  0.000000E+00  0.000000E+00  0.000000E+00
       100  0.000000E+00  0.000000E+00  0.000000E+00
       101  0.000000E+00  0.000000E+00  0.000000E+00
       102  0.000000E+00  0.000000E+00  0.000000E+00
       103  0.000000E+00  0.000000E+00  0.000000E+00
       104  0.000000E+00  0.000000E+00  0.000000E+00
       105  0.000000E+00  0.000000E+00  0.000000E+00
       106  0.000000E+00  0.000000E+00  0.000000E+00
       107  0.000000E+00  0.000000E+00  0.000000E+00
       108  0.000000E+00  0.000000E+00  0.000000E+00
       109  0.000000E+00  0.000000E+00  0.000000E+00
       110  0.000000E+00  0.000000E+00  0.000000E+00
       111  0.000000E+00  0.000000E+00  0.000000E+00
       112  0.000000E+00  0.000000E+00  0.000000E+00
       113  0.000000E+00  0.000000E+00  0.000000E+00
       114  0.000000E+00  0.000000E+00  0.000000E+00
       115  0.000000E+00  0.000000E+00  0.000000E+00
       116  0.000000E+00  0.000000E+00  0.000000E+00
       117  0.000000E+00  0.000000E+00  0.000000E+00
       118  0.000000E+00  0.000000E+00  0.000000E+00
       119  0.000000E+00  0.000000E+00  0.000000E+00
       120  0.000000E+00  0.000000E+00  0.000000E+00
       121  0.000000E+00  0.000000E+00  0.000000E+00
       122  0.000000E+00  0.000000E+00  0.000000E+00
       123  0.000000E+00  0.000000E+00  0.000000E+00
       124  0.000000E+00  0.000000E+00  0.000000E+00
       125  0.000000E+00  0.000000E+00  0.000000E+00
       126  0.000000E+00  0.000000E+00  0.000000E+00
       127  0.000000E+00  0.000000E+00  0.000000E+00
       128  0.000000E+00  0.000000E+00  0.000000E+00
       129  0.000000E+00  0.000000E+00  0.000000E+00
       130  0.000000E+00  0.000000E+00  0.000000E+00
       131  0.000000E+00  0.000000E+00  0.000000E+00
       132  0.000000E+00  0.000000E+00  0.000000E+00
       133  0.000000E+00  0.000000E+00  0.000000E+00
       134  0.000000E+00  0.000000E+00  0.000000E+00
       135  0.000000E+00  0.000000E+00  0.000000E+00
       136  0.000000E+00  0.000000E+00  0.000000E+00
       137  0.000000E+00  0.000000E+00  0.000000E+00
       138  0.000000E+00  0.000000E+00  0.000000E+00
       139  0.000000E+00  0.000000E+00  0.000000E+00
       140  0.000000E+00  0.000000E+00  0.000000E+00
       141  0.000000E+00  0.000000E+00  0.000000E+00
       142  0.000000E+00  0.000000E+00  0.000000E+00
       143  0.000000E+00  0.000000E+00  0.000000E+00
       144  0.000000E+00  0.000000E+00  0.000000E+00
       145  0.000000E+00  0.000000E+00  0.000000E+00
       146  0.000000E+00  0.000000E+00  0.000000E+00
       147  0.000000E+00  0.000000E+00  0.000000E+00
       148  0.000000E+00  0.000000E+00  0.000000E+00
       149  0.000000E+00  0.000000E+00  0.000000E+00
       150  0.000000E+00  0.000000E+00  0.000000E+00
       151  0.000000E+00  0.000000E+00  0.000000E+00
       152  0.000000E+00  0.000000E+00  0.000000E+00
       153  0.000000E+00  0.000000E+00  0.000000E+00
       154  0.000000E+00  0.000000E+00  0.000000E+00
       155  0.000000E+00  0.000000E+00  0.000000E+00
       156  0.000000E+00  0.000000E+00  0.000000E+00
       157  0.000000E+00  0.000000E+00  0.000000E+00
       158  0.000000E+00  0.000000E+00  0.000000E+00
       159  0.000000E+00  0.000000E+00  0.000000E+00
       160  0.000000E+00  0.000000E+00  0.000000E+00
       161  0.000000E+00  0.000000E+00  0.000000E+00
       162  0.000000E+00  0.000000E+00  0.000000E+00
       163  0.000000E+00  0.000000E+00  0.000000E+00
       164  0.000000E+00  0.000000E+00  0.000000E+00
       165  0.000000E+00  0.000000E+00  0.000000E+00

 stresses (elem, integ.pnt.,sxx,syy,szz,sxy,sxz,syz) for set ALLE and time  0.3000000E+01

         1   1 -1.992350E+02 -2.179945E-11 -2.179945E-11 -3.013592E-13  1.729131E-13 -8.522408E-14
         1   2 -1.992350E+02 -2.179945E-11 -2.179945E-11 -2.106383E-12  4.610358E-13  2.400886E-14
         1   3 -1.992350E+02 -2.179945E-11 -2.179945E-11  6.817638E-13 -3.723658E-14 -2.993730E-13
         1   4 -1.992350E+02 -2.179945E-11 -2.179945E-11 -1.123260E-12  2.450547E-13  6.972542E-13
         1   5 -1.992350E+02 -2.179945E-11 -2.179945E-11 -1.364297E-13  3.683755E-13 -1.012724E-13
         1   6 -1.992350E+02 -2.179945E-11 -2.179945E-11 -1.933996E-12  6.564983E-13 -5.890044E-13
         1   7 -1.992350E+02 -2.179945E-11 -2.179945E-11  1.287618E-12 -4.355179E-13 -3.154213E-13
         1   8 -1.992350E+02 -2.179945E-11 -2.179945E-11 -5.099492E-13 -1.468834E-13  8.424095E-14
         2   1 -1.992350E+02 -7.943868E-12 -7.943868E-12 -1.256294E-12 -1.265420E-13  1.155817E-13
         2   2 -1.992350E+02 -7.943868E-12 -7.943868E-12  4.089113E-12 -1.094963E-12  2.622597E-13
         2   3 -1.992350E+02 -7.943868E-12 -7.943868E-12 -1.518273E-12  3.896547E-13  7.749465E-13
         2   4 -1.992350E+02 -7.943868E-12 -7.943868E-12  3.831712E-12 -4.128021E-13 -1.003238E-14
         2   5 -1.992350E+02 -2.179945E-11 -2.179945E-11 -1.409205E-12 -9.135852E-13 -2.270586E-13
         2   6 -1.992350E+02 -2.179945E-11 -2.179945E-11  4.016912E-12 -1.866459E-12  1.259537E-12
         2   7 -1.992350E+02 -7.943868E-12 -7.943868E-12 -2.134937E-12  9.500464E-13  4.337498E-13
         2   8 -1.992350E+02 -7.943868E-12 -7.943868E-12  3.299689E-12  1.133409E-13  9.870474E-13
         3   1 -1.992350E+02 -7.943868E-12 -7.943868E-12  4.651466E-12 -1.118904E-13  2.379288E-13
         3   2 -1.992350E+02  6.380674E-12  2.114575E-11 -1.191555E-13  1.260393E-13  1.846519E-14
         3   3 -1.992350E+02 -2.179945E-11 -2.179945E-11  5.404540E-12 -3.153723E-13 -1.195146E-13
         3   4 -1.992350E+02 -7.489120E-12  7.275958E-12  6.337588E-13 -1.844813E-14  3.737741E-13
         3   5 -1.992350E+02 -7.943868E-12 -7.943868E-12  4.912232E-12  2.544934E-12  1.243380E-12
         3   6 -1.992350E+02  6.380674E-12  2.114575E-11  1.114707E-13  2.881737E-12 -2.915326E-13
         3   7 -1.992350E+02 -2.179945E-11 -2.179945E-11  6.021002E-12  1.030912E-12  8.859370E-13
         3   8 -1.992350E+02 -7.489120E-12  7.275958E-12  1.225455E-12  1.338267E-12  6.736052E-14
         4   1 -1.992350E+02 -7.929657E-12 -7.929657E-12 -1.144774E-12 -8.401251E-13 -6.088619E-14
         4   2 -1.992350E+02 -7.929657E-12 -7.929657E-12 -2.983889E-13 -2.442454E-13 -5.497389E-14
         4   3 -1.992350E+02 -7.929657E-12 -7.929657E-12  6.252381E-13 -4.893339E-13  3.758172E-13
         4   4 -1.992350E+02 -7.929657E-12 -7.929657E-12  1.467887E-12 -4.789171E-13 -1.073097E-13
         4   5 -1.992350E+02 -7.929657E-12 -7.929657E-12 -1.201619E-12 -1.935702E-12 -6.692873E-13
         4   6 -1.992350E+02 -7.929657E-12 -7.929657E-12 -4.808788E-13 -1.334607E-12 -1.580480E-13
         4   7 -1.992350E+02 -7.929657E-12 -7.929657E-12  3.116126E-13 -1.163457E-12 -2.283427E-13
         4   8 -1.992350E+02 -7.929657E-12 -7.929657E-12  1.020123E-12 -1.155785E-12 -2.102054E-13
         5   1 -1.992350E+02  6.821210E-12  6.821210E-12 -5.960130E-13  2.139105E-13  6.968837E-14
         5   2 -1.992350E+02  6.821210E-12  6.821210E-12 -8.085423E-13 -9.026787E-13  4.100550E-13
         5   3 -1.992350E+02  6.821210E-12  6.821210E-12 -3.537548E-13  7.622391E-14  5.565073E-14
         5   4 -1.992350E+02  6.821210E-12  6.821210E-12 -5.365954E-13 -5.551537E-13  1.008329E-12
         5   5 -1.992350E+02  6.821210E-12  6.821210E-12 -5.871578E-13  1.312478E-12  2.702554E-13
         5   6 -1.992350E+02  6.821210E-12  6.821210E-12 -5.394995E-13  3.245476E-14  9.364603E-13
         5   7 -1.992350E+02  6.821210E-12  6.821210E-12 -4.255114E-14  1.497600E-12  2.562178E-13
         5   8 -1.992350E+02  6.821210E-12  6.821210E-12 -1.236053E-15  9.488105E-13  1.530158E-12
         6   1 -1.992350E+02 -2.222578E-11 -2.222578E-11  1.674546E-13 -6.953397E-13  4.258652E-13
         6   2 -1.992350E+02 -7.929657E-12  6.835421E-12  2.175837E-12  6.545022E-13  1.316136E-13
         6   3 -1.992350E+02 -7.929657E-12  6.835421E-12  1.445771E-12 -3.461908E-13  1.090198E-12
         6   4 -1.992350E+02 -7.929657E-12  6.835421E-12  3.458437E-12  1.503394E-12  3.658473E-13
         6   5 -1.992350E+02 -2.222578E-11 -2.222578E-11  3.194157E-13  9.888655E-13  9.309144E-13
         6   6 -1.992350E+02 -7.929657E-12  6.835421E-12  2.598332E-12  2.387322E-12  2.596618E-13
         6   7 -1.992350E+02 -7.929657E-12  6.835421E-12  1.419191E-12  8.854929E-13  1.591268E-12
         6   8 -1.992350E+02 -7.929657E-12  6.835421E-12  3.674565E-12  2.862194E-12  4.889157E-13
         7   1 -1.992350E+02 -7.929657E-12  6.835421E-12  1.138390E-12  7.341187E-14 -5.390374E-14
         7   2 -1.992350E+02 -7.929657E-12  6.835421E-12 -1.877052E-12  2.043609E-13 -2.588186E-13
         7   3 -1.992350E+02 -7.929657E-12  6.835421E-12  8.858838E-13  7.507804E-13 -8.403048E-14
         7   4 -1.992350E+02 -7.929657E-12  6.835421E-12 -2.162876E-12 -8.562971E-13 -5.693730E-13
         7   5 -1.992350E+02 -7.929657E-12  6.835421E-12  1.399832E-12 -9.648259E-13 -1.646226E-13
         7   6 -1.992350E+02 -7.929657E-12  6.835421E-12 -2.300543E-12 -9.368673E-13 -6.485095E-13
         7   7 -1.992350E+02 -7.929657E-12  6.835421E-12  1.014324E-12 -5.585421E-13 -1.886003E-13
         7   8 -1.992350E+02 -7.929657E-12  6.835421E-12 -2.663360E-12 -2.359829E-12 -9.554971E-13
         8   1 -1.992350E+02 -7.929657E-12  6.835421E-12 -2.353633E-12  1.143328E-13 -2.722987E-13
         8   2 -1.992350E+02  6.409095E-12  6.409095E-12 -1.388500E-12 -3.532710E-13 -1.068510E-13
         8   3 -1.992350E+02 -7.929657E-12  6.835421E-12 -1.612458E-12 -9.975393E-13 -6.145412E-13
         8   4 -1.992350E+02  6.835421E-12 -7.929657E-12 -6.094465E-13 -1.746916E-13 -2.585685E-13
         8   5 -1.992350E+02 -7.929657E-12  6.835421E-12 -2.764698E-12 -4.174830E-13 -6.712015E-13
         8   6 -1.992350E+02  6.409095E-12  6.409095E-12 -1.492749E-12 -1.016591E-12 -2.482217E-13
         8   7 -1.992350E+02 -7.929657E-12  6.835421E-12 -1.924245E-12 -1.404925E-12 -1.013444E-12
         8   8 -1.992350E+02  6.835421E-12 -7.929657E-12 -6.341812E-13 -5.965938E-13 -3.938640E-13
         9   1 -1.992350E+02  6.835421E-12 -7.929657E-12 -1.371975E-12 -1.756589E-13 -4.623902E-14
         9   2 -1.992350E+02  6.835421E-12 -7.929657E-12 -1.532541E-12 -1.129604E-12 -4.187544E-14
         9   3 -1.992350E+02  6.835421E-12 -7.929657E-12 -1.422983E-12  2.416490E-13 -9.896336E-14
         9   4 -1.992350E+02  6.835421E-12 -7.929657E-12 -1.535242E-12  1.980758E-13 -1.989748E-14
         9   5 -1.992350E+02  6.835421E-12 -7.929657E-12 -1.244737E-12  1.728955E-13 -1.170708E-13
         9   6 -1.992350E+02  6.835421E-12 -7.929657E-12 -9.025742E-13 -9.019984E-13 -1.837274E-13
         9   7 -1.992350E+02  6.835421E-12 -7.929657E-12 -1.258483E-12  3.451393E-13 -1.716167E-13
         9   8 -1.992350E+02  6.835421E-12 -7.929657E-12 -9.244943E-13  5.155328E-13 -1.540596E-13
        10   1 -1.992350E+02  2.115996E-11  6.394885E-12 -1.270420E-12 -1.692564E-12 -9.736105E-15
        10   2 -1.992350E+02 -7.929657E-12 -7.929657E-12 -3.501320E-13 -6.025451E-13  7.880488E-14
        10   3 -1.992350E+02  2.115996E-11  6.394885E-12 -1.450968E-12 -2.392589E-13 -1.290552E-13
        10   4 -1.992350E+02 -7.929657E-12 -7.929657E-12 -6.417500E-13 -1.912258E-13 -5.261186E-13
        10   5 -1.992350E+02  2.115996E-11  6.394885E-12 -8.622190E-13 -2.931929E-12  8.719778E-14
        10   6 -1.992350E+02 -7.929657E-12 -7.929657E-12 -3.246187E-13 -1.691438E-12  8.891407E-13
        10   7 -1.992350E+02  2.115996E-11  6.394885E-12 -1.274386E-12 -6.899179E-13 -2.799234E-14
        10   8 -1.992350E+02 -7.929657E-12 -7.929657E-12 -8.002184E-13 -6.999521E-13  2.955060E-13
        11   1 -1.992350E+02 -7.474910E-12 -2.223999E-11  1.188207E-12 -1.545824E-13 -1.740870E-13
        11   2 -1.992350E+02 -2.179945E-11 -2.179945E-11  7.428549E-13 -8.415123E-14  5.983396E-13
        11   3 -1.992350E+02  6.821210E-12  6.821210E-12  2.232231E-13 -2.469371E-13 -7.348660E-13
        11   4 -1.992350E+02 -7.489120E-12  7.275958E-12 -2.221286E-13 -7.758598E-13 -2.388654E-12
        11   5 -1.992350E+02 -7.474910E-12 -2.223999E-11  1.397631E-12 -6.469129E-13  9.092852E-13
        11   6 -1.992350E+02 -2.179945E-11 -2.179945E-11  6.610724E-13 -5.745527E-13  2.033495E-12
        11   7 -1.992350E+02  6.821210E-12  6.821210E-12 -7.792011E-13 -3.936702E-13  3.560233E-13
        11   8 -1.992350E+02 -7.489120E-12  7.275958E-12 -1.515759E-12 -9.307665E-13 -9.534987E-13
        12   1 -1.992350E+02 -7.943868E-12 -7.943868E-12 -1.294803E-12  2.378401E-13  5.328741E-13
        12   2 -1.992350E+02  2.114575E-11  6.380674E-12 -2.361208E-12 -2.485015E-14 -3.806059E-13
        12   3 -1.992350E+02  6.380674E-12  2.114575E-11 -4.398303E-13 -7.175373E-13 -2.206178E-12
        12   4 -1.992350E+02  2.114575E-11  6.380674E-12 -1.508199E-12  3.872632E-13 -3.348915E-14
        12   5 -1.992350E+02 -7.943868E-12 -7.943868E-12 -1.797915E-12  9.005845E-13  1.665165E-12
        12   6 -1.992350E+02  2.114575E-11  6.380674E-12 -2.171079E-12  5.784855E-13 -4.298330E-13
        12   7 -1.992350E+02  6.380674E-12  2.114575E-11  5.968271E-13 -1.278593E-12 -1.077977E-12
        12   8 -1.992350E+02  2.114575E-11  6.380674E-12  2.258133E-13 -1.499737E-13 -8.544205E-14
        13   1 -1.992350E+02  6.821210E-12  6.821210E-12 -7.124887E-13 -1.030886E-13 -4.554930E-13
        13   2 -1.992350E+02  6.821210E-12  6.821210E-12  5.310906E-13 -3.736995E-13  2.745055E-13
        13   3 -1.992350E+02 -7.474910E-12 -2.223999E-11 -3.326218E-13  7.608346E-13  5.545574E-13
        13   4 -1.992350E+02  6.821210E-12  6.821210E-12  9.058490E-13 -4.959808E-13 -4.278694E-14
        13   5 -1.992350E+02  6.821210E-12  6.821210E-12  1.244678E-13  7.255983E-13 -9.806394E-13
        13   6 -1.992350E+02  6.821210E-12  6.821210E-12  7.991357E-13  4.383206E-13 -3.837195E-13
        13   7 -1.992350E+02 -7.474910E-12 -2.223999E-11 -1.534763E-13  1.470155E-12  2.622970E-14
        13   8 -1.992350E+02  6.821210E-12  6.821210E-12  5.282369E-13  2.274303E-13 -7.015843E-13
        14   1 -1.992350E+02 -7.929657E-12 -7.929657E-12  2.328646E-12 -5.401176E-13  3.860622E-13
        14   2 -1.992350E+02 -7.929657E-12 -7.929657E-12  2.354593E-12 -9.706847E-14  5.624943E-15
        14   3 -1.992350E+02 -7.929657E-12 -7.929657E-12  1.465574E-12 -4.868628E-13 -2.220758E-13
        14   4 -1.992350E+02 -7.929657E-12 -7.929657E-12  1.490164E-12  6.178627E-13 -5.209412E-14
        14   5 -1.992350E+02 -7.929657E-12 -7.929657E-12  1.843262E-12 -6.518809E-13 -1.337017E-14
        14   6 -1.992350E+02 -7.929657E-12 -7.929657E-12  2.334396E-12 -2.444688E-13  3.601402E-13
        14   7 -1.992350E+02 -7.929657E-12 -7.929657E-12  1.253297E-12  1.328483E-13 -6.319845E-13
        14   8 -1.992350E+02 -7.929657E-12 -7.929657E-12  1.758948E-12  1.350048E-12  2.808889E-13
        15   1 -1.992350E+02  6.821210E-12  6.821210E-12  1.522784E-13 -1.326405E-13 -1.088227E-14
        15   2 -1.992350E+02  6.821210E-12  6.821210E-12 -1.910604E-12 -1.348901E-12  3.336843E-13
        15   3 -1.992350E+02  6.821210E-12  6.821210E-12  2.539456E-12 -4.029838E-13  3.974601E-14
        15   4 -1.992350E+02  6.821210E-12  6.821210E-12  4.599072E-13 -3.290308E-12  1.532083E-13
        15   5 -1.992350E+02  6.821210E-12  6.821210E-12  7.530365E-13  7.704237E-13 -2.213463E-14
        15   6 -1.992350E+02  6.821210E-12  6.821210E-12 -2.120781E-12 -3.852997E-13 -1.389775E-12
        15   7 -1.992350E+02  6.821210E-12  6.821210E-12  3.035265E-12 -1.213366E-12  3.347813E-14
        15   8 -1.992350E+02  6.821210E-12  6.821210E-12  1.551036E-13 -4.127040E-12 -1.577721E-12
        16   1 -1.992350E+02 -2.222578E-11 -2.222578E-11 -1.115718E-12 -6.547775E-13  3.509702E-13
        16   2 -1.992350E+02 -7.929657E-12  6.835421E-12  9.982868E-13  1.739026E-12  7.774189E-14
        16   3 -1.992350E+02 -2.222578E-11 -2.222578E-11 -1.105155E-12 -2.064292E-12  2.957082E-13
        16   4 -1.992350E+02 -7.929657E-12  6.835421E-12  9.669006E-13  1.874858E-12  5.166179E-13
        16   5 -1.992350E+02 -2.222578E-11 -2.222578E-11 -2.184022E-12  7.810864E-13 -1.723042E-12
        16   6 -1.992350E+02 -7.929657E-12  6.835421E-12  6.024113E-13  3.118227E-12 -1.254622E-12
        16   7 -1.992350E+02  6.821210E-12  6.821210E-12 -1.961999E-12  1.718054E-13 -1.789511E-12
        16   8 -1.992350E+02  6.394885E-12  2.115996E-11  8.253499E-13  3.996652E-12 -8.114484E-13
        17   1 -1.992350E+02 -7.929657E-12  6.835421E-12 -6.420408E-13  9.610705E-13 -1.066756E-13
        17   2 -1.992350E+02 -7.929657E-12  6.835421E-12 -3.256768E-13 -6.542558E-13 -3.255880E-13
        17   3 -1.992350E+02 -7.929657E-12  6.835421E-12 -1.730752E-14  1.748097E-12  5.509706E-13
        17   4 -1.992350E+02 -7.929657E-12  6.835421E-12  2.937945E-13  3.658651E-13  4.280967E-13
        17   5 -1.992350E+02 -7.929657E-12  6.835421E-12 -6.650228E-13 -1.906333E-13 -9.315715E-13
        17   6 -1.992350E+02 -7.929657E-12  6.835421E-12 -1.027604E-13 -1.714866E-12 -5.094365E-13
        17   7 -1.992350E+02 -7.929657E-12  6.835421E-12 -1.536375E-14  1.150221E-12 -2.617776E-13
        17   8 -1.992350E+02 -7.929657E-12  6.835421E-12  6.058810E-13 -2.809269E-13  2.328985E-13
        18   1 -1.992350E+02 -7.929657E-12  6.835421E-12  7.262458E-13 -8.498755E-13 -3.233225E-13
        18   2 -1.992350E+02 -2.222578E-11 -2.222578E-11 -3.918044E-13 -4.353662E-13 -8.331687E-14
        18   3 -1.992350E+02 -7.929657E-12  6.835421E-12  3.349481E-13 -2.795672E-14  2.095507E-13
        18   4 -1.992350E+02 -7.929657E-12  6.835421E-12 -7.996311E-13 -1.498547E-13 -1.843430E-13
        18   5 -1.992350E+02 -7.929657E-12  6.835421E-12  1.228545E-12 -8.065253E-13 -1.328200E-13
        18   6 -1.992350E+02 -2.222578E-11 -2.222578E-11 -3.556044E-13 -6.251379E-13  4.913198E-13
        18   7 -1.992350E+02 -7.929657E-12  6.835421E-12  5.052020E-13  1.727378E-13  4.054811E-13
        18   8 -1.992350E+02 -7.929657E-12  6.835421E-12 -1.117922E-12  2.363641E-14  3.630417E-13
        19   1 -1.992350E+02 -2.222578E-11 -2.222578E-11 -1.415848E-12  1.191191E-13  2.794747E-14
        19   2 -1.992350E+02 -7.474910E-12 -7.474910E-12 -3.775285E-13  2.305144E-13  1.499274E-13
        19   3 -1.992350E+02 -7.929657E-12  6.835421E-12 -7.028785E-13 -8.197021E-14 -2.498934E-13
        19   4 -1.992350E+02 -7.929657E-12  6.835421E-12  2.152820E-13  4.399556E-13 -7.325494E-15
        19   5 -1.992350E+02 -2.222578E-11 -2.222578E-11 -1.419091E-12  1.482182E-13  6.797956E-13
        19   6 -1.992350E+02 -7.474910E-12 -7.474910E-12 -2.176527E-13  6.005087E-13  5.840876E-13
        19   7 -1.992350E+02 -8.341772E-12  6.409095E-12 -6.310271E-13 -2.722990E-13  3.894899E-13
        19   8 -1.992350E+02  6.394885E-12  2.115996E-11  5.876106E-13  2.967125E-13  4.264817E-13
        20   1 -1.992350E+02 -7.929657E-12 -7.929657E-12 -1.209828E-12  2.516786E-13 -3.767198E-14
        20   2 -1.992350E+02 -7.929657E-12 -7.929657E-12 -1.113640E-12  7.580506E-14 -6.514894E-13
        20   3 -1.992350E+02  6.394885E-12  2.115996E-11 -3.131439E-12  1.286211E-13  2.036643E-13
        20   4 -1.992350E+02 -7.929657E-12 -7.929657E-12 -2.983558E-12 -2.111778E-14  5.171102E-13
        20   5 -1.992350E+02 -7.929657E-12 -7.929657E-12 -1.314514E-12 -1.598257E-13  2.068131E-13
        20   6 -1.992350E+02 -7.929657E-12 -7.929657E-12 -1.243838E-12 -2.767794E-13 -7.379359E-13
        20   7 -1.992350E+02  6.394885E-12  2.115996E-11 -2.789749E-12 -4.598003E-13  4.501577E-13
        20   8 -1.992350E+02 -7.929657E-12 -7.929657E-12 -2.840574E-12 -7.310395E-13  4.256239E-13

 equivalent plastic strain (elem, integ.pnt.,pe)for set ALLE and time  0.3000000E+01

         1   1  1.174115E-03
         1   2  1.174115E-03
         1   3  1.174115E-03
         1   4  1.174115E-03
         1   5  1.174115E-03
         1   6  1.174115E-03
         1   7  1.174115E-03
         1   8  1.174115E-03
         2   1  1.174115E-03
         2   2  1.174115E-03
         2   3  1.174115E-03
         2   4  1.174115E-03
         2   5  1.174115E-03
         2   6  1.174115E-03
         2   7  1.174115E-03
         2   8  1.174115E-03
         3   1  1.174115E-03
         3   2  1.174115E-03
         3   3  1.174115E-03
         3   4  1.174115E-03
         3   5  1.174115E-03
         3   6  1.174115E-03
         3   7  1.174115E-03
         3   8  1.174115E-03
         4   1  1.174115E-03
         4   2  1.174115E-03
         4   3  1.174115E-03
         4   4  1.174115E-03
         4   5  1.174115E-03
         4   6  1.174115E-03
         4   7  1.174115E-03
         4   8  1.174115E-03
         5   1  1.174115E-03
         5   2  1.174115E-03
         5   3  1.174115E-03
         5   4  1.174115E-03
         5   5  1.174115E-03
         5   6  1.174115E-03
         5   7  1.174115E-03
         5   8  1.174115E-03
         6   1  1.174115E-03
         6   2  1.174115E-03
         6   3  1.174115E-03
         6   4  1.174115E-03
         6   5  1.174115E-03
         6   6  1.174115E-03
         6   7  1.174115E-03
         6   8  1.174115E-03
         7   1  1.174115E-03
         7   2  1.174115E-03
         7   3  1.174115E-03
         7   4  1.174115E-03
         7   5  1.174115E-03
         7   6  1.174115E-03
         7   7  1.174115E-03
         7   8  1.174115E-03
         8   1  1.174115E-03
         8   2  1.174115E-03
         8   3  1.174115E-03
         8   4  1.174115E-03
         8   5  1.174115E-03
         8   6  1.174115E-03
         8   7  1.174115E-03
         8   8  1.174115E-03
         9   1  1.174115E-03
         9   2  1.174115E-03
         9   3  1.174115E-03
         9   4  1.174115E-03
         9   5  1.174115E-03
         9   6  1.174115E-03
         9   7  1.174115E-03
         9   8  1.174115E-03
        10   1  1.174115E-03
        10   2  1.174115E-03
        10   3  1.174115E-03
        10   4  1.174115E-03
        10   5  1.174115E-03
        10   6  1.174115E-03
        10   7  1.174115E-03
        10   8  1.174115E-03
        11   1  1.174115E-03
        11   2  1.174115E-03
        11   3  1.174115E-03
        11   4  1.174115E-03
        11   5  1.174115E-03
        11   6  1.174115E-03
        11   7  1.174115E-03
        11   8  1.174115E-03
        12   1  1.174115E-03
        12   2  1.174115E-03
        12   3  1.174115E-03
        12   4  1.174115E-03
        12   5  1.174115E-03
        12   6  1.174115E-03
        12   7  1.174115E-03
        12   8  1.174115E-03
        13   1  1.174115E-03
        13   2  1.174115E-03
        13   3  1.174115E-03
        13   4  1.174115E-03
        13   5  1.174115E-03
        13   6  1.174115E-03
        13   7  1.174115E-03
        13   8  1.174115E-03
        14   1  1.174115E-03
        14   2  1.174115E-03
        14   3  1.174115E-03
        14   4  1.174115E-03
        14   5  1.174115E-03
        14   6  1.174115E-03
        14   7  1.174115E-03
        14   8  1.174115E-03
        15   1  1.174115E-03
        15   2  1.174115E-03
        15   3  1.174115E-03
        15   4  1.174115E-03
        15   5  1.174115E-03
        15   6  1.174115E-03
        15   7  1.174115E-03
        15   8  1.174115E-03
        16   1  1.174115E-03
        16   2  1.174115E-03
        16   3  1.174115E-03
        16   4  1.174115E-03
        16   5  1.174115E-03
        16   6  1.174115E-03
        16   7  1.174115E-03
        16   8  1.174115E-03
        17   1  1.174115E-03
        17   2  1.174115E-03
        17   3  1.174115E-03
        17   4  1.174115E-03
        17   5  1.174115E-03
        17   6  1.174115E-03
        17   7  1.174115E-03
        17   8  1.174115E-03
        18   1  1.174115E-03
        18   2  1.174115E-03
        18   3  1.174115E-03
        18   4  1.174115E-03
        18   5  1.174115E-03
        18   6  1.174115E-03
        18   7  1.174115E-03
        18   8  1.174115E-03
        19   1  1.174115E-03
        19   2  1.174115E-03
        19   3  1.174115E-03
        19   4  1.174115E-03
        19   5  1.174115E-03
        19   6  1.174115E-03
        19   7  1.174115E-03
        19   8  1.174115E-03
        20   1  1.174115E-03
        20   2  1.174115E-03
        20   3  1.174115E-03
        20   4  1.174115E-03
        20   5  1.174115E-03
        20   6  1.174115E-03
        20   7  1.174115E-03
        20   8  1.174115E-03

 mechanical strains (elem, integ.pnt.,exx,eyy,ezz,exy,exz,eyz) for set ALLE and time  0.3000000E+01

         1   1  1.691131E-35 -2.577670E-04 -2.577670E-04 -2.321562E-18  1.275432E-18 -6.215619E-19
         1   2  1.691131E-35 -2.577670E-04 -2.577670E-04 -1.642843E-17  3.087287E-18  1.977312E-19
         1   3  2.269990E-34 -2.577670E-04 -2.577670E-04  5.438647E-18 -3.286107E-19 -2.301642E-18
         1   4  2.269990E-34 -2.577670E-04 -2.577670E-04 -8.668219E-18  1.554484E-18  5.187163E-18
         1   5  4.349044E-35 -2.577670E-04 -2.577670E-04 -1.085724E-18  2.946197E-18 -6.164810E-19
         1   6  4.349044E-35 -2.577670E-04 -2.577670E-04 -1.515697E-17  4.758052E-18 -4.251009E-18
         1   7  4.880521E-34 -2.577670E-04 -2.577670E-04  9.997386E-18 -3.111243E-18 -2.296561E-18
         1   8  4.880521E-34 -2.577670E-04 -2.577670E-04 -4.073861E-18 -1.228149E-18  7.384223E-19
         2   1  2.220446E-16 -2.577670E-04 -2.577670E-04 -1.020948E-17 -1.434521E-18  9.043980E-19
         2   2  2.220446E-16 -2.577670E-04 -2.577670E-04  3.004485E-17 -8.908269E-18  1.998906E-18
         2   3  2.220446E-16 -2.577670E-04 -2.577670E-04 -1.160334E-17  2.663161E-18  5.802374E-18
         2   4  2.220446E-16 -2.577670E-04 -2.577670E-04  2.865099E-17 -3.899688E-18 -5.123228E-20
         2   5  1.003808E-34 -2.577670E-04 -2.577670E-04 -1.124961E-17 -6.453167E-18 -1.544590E-18
         2   6  1.003808E-34 -2.577670E-04 -2.577670E-04  2.946017E-17 -1.392692E-17  9.511421E-18
         2   7  2.220446E-16 -2.577670E-04 -2.577670E-04 -1.611033E-17  7.593315E-18  3.360160E-18
         2   8  2.220446E-16 -2.577670E-04 -2.577670E-04  2.459945E-17  1.030466E-18  7.448581E-18
         3   1  2.220446E-16 -2.577670E-04 -2.577670E-04  3.441129E-17 -1.469095E-18  1.812183E-18
         3   2  2.220446E-16 -2.577670E-04 -2.577670E-04 -1.557652E-18  1.371536E-18  1.549671E-19
         3   3  1.732820E-34 -2.577670E-04 -2.577670E-04  4.066586E-17 -3.391234E-18 -8.163293E-19
         3   4  1.732820E-34 -2.577670E-04 -2.577670E-04  4.696920E-18 -5.938323E-19  2.933366E-18
         3   5  2.220446E-16 -2.577670E-04 -2.577670E-04  3.624132E-17  1.846661E-17  9.355608E-18
         3   6  2.220446E-16 -2.577670E-04 -2.577670E-04  2.507645E-19  2.130725E-17 -2.152603E-18
         3   7  6.777729E-34 -2.577670E-04 -2.577670E-04  4.517352E-17  6.690940E-18  6.727095E-18
         3   8  6.777729E-34 -2.577670E-04 -2.577670E-04  9.182965E-18  9.488342E-18  6.384982E-19
         4   1  8.338778E-35 -2.577670E-04 -2.577670E-04 -8.653077E-18 -6.150712E-18 -4.352627E-19
         4   2  8.338778E-35 -2.577670E-04 -2.577670E-04 -2.003544E-18 -2.599014E-18 -4.318754E-19
         4   3  9.814199E-34 -2.577670E-04 -2.577670E-04  7.538018E-18 -4.033638E-18  2.924898E-18
         4   4  9.814199E-34 -2.577670E-04 -2.577670E-04  1.418755E-17 -2.953670E-18 -9.022809E-19
         4   5  2.378229E-34 -2.577670E-04 -2.577670E-04 -8.990091E-18 -1.315387E-17 -4.952172E-18
         4   6  2.378229E-34 -2.577670E-04 -2.577670E-04 -3.576423E-18 -9.602171E-18 -1.131344E-18
         4   7  7.996896E-34 -2.577670E-04 -2.577670E-04  5.293977E-18 -7.221048E-18 -1.619109E-18
         4   8  7.996896E-34 -2.577670E-04 -2.577670E-04  1.070765E-17 -6.141081E-18 -1.603867E-18
         5   1  2.276383E-35 -2.577670E-04 -2.577670E-04 -5.093112E-18  1.172278E-18  5.114760E-19
         5   2  2.276383E-35 -2.577670E-04 -2.577670E-04 -7.077296E-18 -7.766489E-18  3.098918E-18
         5   3  6.883386E-35 -2.577670E-04 -2.577670E-04 -2.016635E-18  5.643633E-19  2.879170E-19
         5   4  6.883386E-35 -2.577670E-04 -2.577670E-04 -4.000818E-18 -5.271244E-18  7.504894E-18
         5   5  2.896128E-34 -2.577670E-04 -2.577670E-04 -5.015156E-18  9.862289E-18  2.106875E-18
         5   6  2.896128E-34 -2.577670E-04 -2.577670E-04 -5.447760E-18  9.235218E-19  7.184375E-18
         5   7  5.740697E-34 -2.577670E-04 -2.577670E-04  3.638100E-19  1.173723E-17  1.883316E-18
         5   8  5.740697E-34 -2.577670E-04 -2.577670E-04 -6.879336E-20  5.901628E-18  1.157596E-17
         6   1 -1.110223E-16 -2.577670E-04 -2.577670E-04  3.187566E-19 -5.709149E-18  3.236525E-18
         6   2 -1.110223E-16 -2.577670E-04 -2.577670E-04  1.437261E-17  3.733981E-18  9.797645E-19
         6   3 -1.110223E-16 -2.577670E-04 -2.577670E-04  1.153736E-17 -2.810047E-18  8.153131E-18
         6   4 -1.110223E-16 -2.577670E-04 -2.577670E-04  2.559121E-17  1.009671E-17  2.748760E-18
         6   5 -1.110223E-16 -2.577670E-04 -2.577670E-04  1.736764E-18  8.085884E-18  7.140341E-18
         6   6 -1.110223E-16 -2.577670E-04 -2.577670E-04  1.752243E-17  1.752901E-17  1.918882E-18
         6   7 -1.110223E-16 -2.577670E-04 -2.577670E-04  1.136335E-17  8.022406E-18  1.205864E-17
         6   8 -1.110223E-16 -2.577670E-04 -2.577670E-04  2.714902E-17  2.092916E-17  3.665014E-18
         7   1 -1.110223E-16 -2.577670E-04 -2.577670E-04  7.247502E-18 -1.075167E-19 -4.217137E-19
         7   2 -1.110223E-16 -2.577670E-04 -2.577670E-04 -1.468398E-17  8.292603E-19 -2.026004E-18
         7   3 -1.110223E-16 -2.577670E-04 -2.577670E-04  6.862202E-18  3.818050E-18 -6.384982E-19
         7   4 -1.110223E-16 -2.577670E-04 -2.577670E-04 -1.506928E-17 -6.202429E-18 -4.497856E-18
         7   5 -1.110223E-16 -2.577670E-04 -2.577670E-04  9.192714E-18 -7.178842E-18 -1.348129E-18
         7   6 -1.110223E-16 -2.577670E-04 -2.577670E-04 -1.821739E-17 -6.242065E-18 -5.091049E-18
         7   7 -1.110223E-16 -2.577670E-04 -2.577670E-04  7.719257E-18 -5.396986E-18 -1.544590E-18
         7   8 -1.110223E-16 -2.577670E-04 -2.577670E-04 -1.969085E-17 -1.541747E-17 -7.545118E-18
         8   1 -1.110223E-16 -2.577670E-04 -2.577670E-04 -1.754019E-17  1.271477E-18 -2.113649E-18
         8   2 -1.110223E-16 -2.577670E-04 -2.577670E-04 -9.561407E-18 -1.104989E-18 -7.968525E-19
         8   3 -1.110223E-16 -2.577670E-04 -2.577670E-04 -1.177592E-17 -5.651855E-18 -4.694740E-18
         8   4 -1.110223E-16 -2.577670E-04 -2.577670E-04 -3.797140E-18 -7.068881E-19 -1.573805E-18
         8   5 -1.110223E-16 -2.577670E-04 -2.577670E-04 -2.099550E-17 -3.146355E-18 -5.317996E-18
         8   6 -1.110223E-16 -2.577670E-04 -2.577670E-04 -9.356005E-18 -5.522821E-18 -2.211880E-18
         8   7 -1.110223E-16 -2.577670E-04 -2.577670E-04 -1.429889E-17 -8.285449E-18 -7.899086E-18
         8   8 -1.110223E-16 -2.577670E-04 -2.577670E-04 -2.659396E-18 -3.340481E-18 -2.992643E-18
         9   1 -1.110223E-16 -2.577670E-04 -2.577670E-04 -7.815603E-18 -2.242121E-18 -8.485082E-19
         9   2 -1.110223E-16 -2.577670E-04 -2.577670E-04 -5.375094E-18 -8.259956E-18 -2.308417E-18
         9   3 -1.110223E-16 -2.577670E-04 -2.577670E-04 -7.682654E-18 -8.835060E-19 -9.230279E-19
         9   4 -1.110223E-16 -2.577670E-04 -2.577670E-04 -5.242145E-18 -5.778888E-18 -2.345253E-18
         9   5 -1.110223E-16 -2.577670E-04 -2.577670E-04 -6.391734E-18 -1.383875E-18 -3.082405E-18
         9   6 -1.110223E-16 -2.577670E-04 -2.577670E-04 -3.389999E-18 -7.401710E-18 -8.562989E-18
         9   7 -1.110223E-16 -2.577670E-04 -2.577670E-04 -6.242695E-18 -4.047205E-18 -3.156925E-18
         9   8 -1.110223E-16 -2.577670E-04 -2.577670E-04 -3.240959E-18 -8.942587E-18 -8.593474E-18
        10   1  2.179980E-35 -2.577670E-04 -2.577670E-04 -5.013547E-18 -1.146933E-17 -2.421890E-18
        10   2  2.179980E-35 -2.577670E-04 -2.577670E-04 -2.399085E-18 -5.246607E-18 -1.295203E-18
        10   3  5.916620E-35 -2.577670E-04 -2.577670E-04 -8.967324E-18 -5.729576E-18 -3.587107E-18
        10   4  5.916620E-35 -2.577670E-04 -2.577670E-04 -6.352862E-18 -2.027445E-18 -5.701603E-18
        10   5  2.534820E-34 -2.577670E-04 -2.577670E-04 -3.875405E-18 -1.957165E-17 -7.851665E-18
        10   6  2.534820E-34 -2.577670E-04 -2.577670E-04 -2.521239E-18 -1.334893E-17 -4.623608E-19
        10   7  1.269493E-34 -2.577670E-04 -2.577670E-04 -9.410185E-18 -7.563777E-18 -9.043980E-18
        10   8  1.269493E-34 -2.577670E-04 -2.577670E-04 -8.056020E-18 -3.861645E-18 -4.808213E-18
        11   1  2.373733E-34 -2.577670E-04 -2.577670E-04  9.212364E-18 -1.182657E-18 -1.331193E-18
        11   2  2.373733E-34 -2.577670E-04 -2.577670E-04  4.827846E-18 -9.434271E-19  4.471181E-18
        11   3  2.679725E-35 -2.577670E-04 -2.577670E-04  2.039845E-18 -1.910939E-18 -5.544942E-18
        11   4  2.679725E-35 -2.577670E-04 -2.577670E-04 -2.344673E-18 -6.234068E-18 -1.777294E-17
        11   5  3.967476E-34 -2.577670E-04 -2.577670E-04  1.081791E-17 -4.656291E-18  7.065821E-18
        11   6  3.967476E-34 -2.577670E-04 -2.577670E-04  4.152216E-18 -4.417061E-18  1.543912E-17
        11   7  2.114604E-35 -2.577670E-04 -2.577670E-04 -5.447700E-18 -2.815337E-18  2.852072E-18
        11   8  2.114604E-35 -2.577670E-04 -2.577670E-04 -1.211340E-17 -7.138466E-18 -6.805002E-18
        12   1  2.220446E-16 -2.577670E-04 -2.577670E-04 -1.057869E-17  1.488475E-18  4.134149E-18
        12   2  2.220446E-16 -2.577670E-04 -2.577670E-04 -1.914427E-17 -9.015992E-19 -2.678051E-18
        12   3  2.220446E-16 -2.577670E-04 -2.577670E-04 -3.541664E-18 -5.813890E-18 -1.639264E-17
        12   4  2.220446E-16 -2.577670E-04 -2.577670E-04 -1.210724E-17  2.285369E-18 -1.774077E-19
        12   5  2.220446E-16 -2.577670E-04 -2.577670E-04 -1.437997E-17  6.813669E-18  1.281739E-17
        12   6  2.220446E-16 -2.577670E-04 -2.577670E-04 -1.770088E-17  4.423594E-18 -2.823280E-18
        12   7  2.220446E-16 -2.577670E-04 -2.577670E-04  4.202526E-18 -9.340026E-18 -7.722949E-18
        12   8  2.220446E-16 -2.577670E-04 -2.577670E-04  8.816175E-19 -1.240767E-18 -3.268704E-19
        13   1  3.124642E-34 -2.577670E-04 -2.577670E-04 -6.693973E-18 -1.628089E-18 -3.143376E-18
        13   2  3.124642E-34 -2.577670E-04 -2.577670E-04  2.719524E-18 -2.062639E-18  2.218231E-18
        13   3  5.360961E-34 -2.577670E-04 -2.577670E-04 -2.732575E-18  5.109551E-18  4.213749E-18
        13   4  5.360961E-34 -2.577670E-04 -2.577670E-04  6.680922E-18 -4.111624E-18 -1.621650E-19
        13   5  6.004473E-34 -2.577670E-04 -2.577670E-04 -3.255239E-19  4.543072E-18 -6.882909E-18
        13   6  6.004473E-34 -2.577670E-04 -2.577670E-04  4.694660E-18  4.108523E-18 -2.408341E-18
        13   7  5.103336E-34 -2.577670E-04 -2.577670E-04 -1.233309E-18  1.042077E-17  4.742162E-19
        13   8  5.103336E-34 -2.577670E-04 -2.577670E-04  3.786875E-18  1.199597E-18 -4.794664E-18
        14   1  1.382363E-33 -2.577670E-04 -2.577670E-04  2.014164E-17 -3.426338E-18  3.060388E-18
        14   2  1.382363E-33 -2.577670E-04 -2.577670E-04  2.009730E-17 -7.682138E-19 -1.054284E-19
        14   3  9.333334E-34 -2.577670E-04 -2.577670E-04  1.535375E-17 -3.885344E-18 -1.492087E-18
        14   4  9.333334E-34 -2.577670E-04 -2.577670E-04  1.530941E-17  5.556111E-18 -6.198683E-19
        14   5  1.123235E-33 -2.577670E-04 -2.577670E-04  1.631360E-17 -3.207013E-18  2.100100E-19
        14   6  1.123235E-33 -2.577670E-04 -2.577670E-04  1.966092E-17 -5.488888E-19  2.477779E-18
        14   7  9.951163E-34 -2.577670E-04 -2.577670E-04  1.351572E-17  1.822186E-18 -4.328916E-18
        14   8  9.951163E-34 -2.577670E-04 -2.577670E-04  1.686304E-17  1.126364E-17  1.918882E-18
        15   1  3.307257E-34 -2.577670E-04 -2.577670E-04  1.576906E-19 -6.510519E-19 -2.421890E-19
        15   2  3.307257E-34 -2.577670E-04 -2.577670E-04 -1.680851E-17 -1.014024E-17  2.388017E-18
        15   3  2.102103E-33 -2.577670E-04 -2.577670E-04  1.993589E-17 -3.364598E-18  1.524266E-20
        15   4  2.102103E-33 -2.577670E-04 -2.577670E-04  2.969693E-18 -2.593870E-17  1.011943E-18
        15   5  7.306773E-34 -2.577670E-04 -2.577670E-04  4.836165E-18  6.714541E-18 -3.725984E-19
        15   6  7.306773E-34 -2.577670E-04 -2.577670E-04 -1.867249E-17 -2.774644E-18 -1.060212E-17
        15   7  2.593380E-33 -2.577670E-04 -2.577670E-04  2.379126E-17 -8.887523E-18 -1.016177E-19
        15   8  2.593380E-33 -2.577670E-04 -2.577670E-04  2.826040E-19 -3.146163E-17 -1.203832E-17
        16   1 -1.110223E-16 -2.577670E-04 -2.577670E-04 -9.939972E-18 -5.394870E-18  2.577704E-18
        16   2 -1.110223E-16 -2.577670E-04 -2.577670E-04  5.686749E-18  1.265160E-17  4.737928E-19
        16   3 -1.110223E-16 -2.577670E-04 -2.577670E-04 -8.576601E-18 -1.535577E-17  2.008644E-18
        16   4 -1.110223E-16 -2.577670E-04 -2.577670E-04  7.050120E-18  1.326906E-17  3.677292E-18
        16   5 -1.110223E-16 -2.577670E-04 -2.577670E-04 -1.799563E-17  6.380087E-18 -1.310192E-17
        16   6 -1.110223E-16 -2.577670E-04 -2.577670E-04  2.920268E-18  2.442656E-17 -9.646912E-18
        16   7  2.011158E-33 -2.577670E-04 -2.577670E-04 -1.478451E-17  1.976836E-18 -1.369130E-17
        16   8  2.011158E-33 -2.577670E-04 -2.577670E-04  6.131389E-18  3.060166E-17 -6.559426E-18
        17   1 -1.110223E-16 -2.577670E-04 -2.577670E-04 -5.929000E-18  7.305483E-18 -8.739126E-19
        17   2 -1.110223E-16 -2.577670E-04 -2.577670E-04 -2.165921E-18 -5.318541E-18 -2.647566E-18
        17   3 -1.110223E-16 -2.577670E-04 -2.577670E-04 -8.108530E-19  1.290813E-17  3.910590E-18
        17   4 -1.110223E-16 -2.577670E-04 -2.577670E-04  2.952227E-18  4.128343E-18  3.091297E-18
        17   5 -1.110223E-16 -2.577670E-04 -2.577670E-04 -5.735868E-18 -9.509591E-19 -7.241958E-18
        17   6 -1.110223E-16 -2.577670E-04 -2.577670E-04 -5.066741E-20 -1.357498E-17 -4.318754E-18
        17   7 -1.110223E-16 -2.577670E-04 -2.577670E-04 -1.468919E-19  9.412475E-18 -2.398179E-18
        17   8 -1.110223E-16 -2.577670E-04 -2.577670E-04  5.538309E-18  6.326928E-19  1.424342E-18
        18   1 -1.110223E-16 -2.577670E-04 -2.577670E-04  4.861447E-18 -5.692145E-18 -2.469311E-18
        18   2 -1.110223E-16 -2.577670E-04 -2.577670E-04 -2.726864E-18 -1.353345E-18 -3.302577E-19
        18   3 -1.110223E-16 -2.577670E-04 -2.577670E-04  3.889303E-18  1.120472E-18  1.663144E-18
        18   4 -1.110223E-16 -2.577670E-04 -2.577670E-04 -3.699007E-18 -3.518241E-18 -1.308752E-18
        18   5 -1.110223E-16 -2.577670E-04 -2.577670E-04  8.401552E-18 -6.687999E-18 -1.368452E-18
        18   6 -1.110223E-16 -2.577670E-04 -2.577670E-04 -3.675515E-18 -2.349199E-18  3.500731E-18
        18   7 -1.110223E-16 -2.577670E-04 -2.577670E-04  4.770411E-18  2.827651E-18  2.791101E-18
        18   8 -1.110223E-16 -2.577670E-04 -2.577670E-04 -7.306656E-18 -1.811063E-18  2.410034E-18
        19   1 -1.110223E-16 -2.577670E-04 -2.577670E-04 -1.286582E-17 -9.530831E-19  1.241430E-18
        19   2 -1.110223E-16 -2.577670E-04 -2.577670E-04 -7.052118E-18 -1.306420E-18  3.220859E-18
        19   3 -1.110223E-16 -2.577670E-04 -2.577670E-04 -1.306736E-17 -2.499724E-18 -5.605913E-19
        19   4 -1.110223E-16 -2.577670E-04 -2.577670E-04 -7.253660E-18  8.433583E-18  4.549088E-18
        19   5 -1.110223E-16 -2.577670E-04 -2.577670E-04 -1.340711E-17 -4.833187E-18  6.855811E-18
        19   6 -1.110223E-16 -2.577670E-04 -2.577670E-04 -1.950089E-18 -5.186525E-18  1.083245E-17
        19   7  2.157179E-35 -2.577670E-04 -2.577670E-04 -1.200479E-17 -4.303439E-18  5.013142E-18
        19   8  2.157179E-35 -2.577670E-04 -2.577670E-04 -5.477641E-19  6.629868E-18  1.214671E-17
        20   1  1.772605E-34 -2.577670E-04 -2.577670E-04 -1.341661E-17 -1.027015E-19  2.291480E-18
        20   2  1.772605E-34 -2.577670E-04 -2.577670E-04 -1.048466E-17 -9.415926E-20 -2.379549E-18
        20   3  5.435744E-34 -2.577670E-04 -2.577670E-04 -2.046719E-17  9.525325E-18  6.505230E-18
        20   4  5.435744E-34 -2.577670E-04 -2.577670E-04 -1.753524E-17  1.963387E-18  6.439601E-18
        20   5  2.569634E-34 -2.577670E-04 -2.577670E-04 -1.016137E-17 -3.503948E-19  9.978863E-18
        20   6  2.569634E-34 -2.577670E-04 -2.577670E-04 -1.101466E-17 -3.418525E-19  3.446535E-18
        20   7  5.364685E-34 -2.577670E-04 -2.577670E-04 -1.493063E-17  7.328688E-18  1.420616E-17
        20   8  5.364685E-34 -2.577670E-04 -2.577670E-04 -1.578392E-17 -2.332496E-19  1.229405E-17

                        S T E P       4


                                INCREMENT     6


 displacements (vx,vy,vz) for set ALLN and time  0.4000000E+01

         1  0.000000E+00  0.000000E+00  0.000000E+00
         2  1.420750E-16  0.000000E+00  0.000000E+00
         3  3.623917E-16  0.000000E+00  0.000000E+00
         4  4.859425E-16  0.000000E+00  0.000000E+00
         5  6.245007E-16  0.000000E+00  0.000000E+00
         6  6.200584E-16  0.000000E+00  0.000000E+00
         7  5.235307E-16  0.000000E+00  0.000000E+00
         8  3.559828E-16  0.000000E+00  0.000000E+00
         9  2.007241E-16  0.000000E+00  0.000000E+00
        10  4.473486E-17  0.000000E+00  0.000000E+00
        11  0.000000E+00  0.000000E+00  0.000000E+00
        12  0.000000E+00 -3.699016E-04  0.000000E+00
        13  2.040437E-16 -3.699016E-04  0.000000E+00
        14  3.769221E-16 -3.699016E-04  0.000000E+00
        15  5.410595E-16 -3.699016E-04  0.000000E+00
        16  5.932433E-16 -3.699016E-04  0.000000E+00
        17  6.088522E-16 -3.699016E-04  0.000000E+00
        18  4.993739E-16 -3.699016E-04  0.000000E+00
        19  3.734051E-16 -3.699016E-04  0.000000E+00
        20  1.637452E-16 -3.699016E-04  0.000000E+00
        21  4.178872E-17 -3.699016E-04  0.000000E+00
        22  0.000000E+00 -3.699016E-04  0.000000E+00
        23  0.000000E+00 -6.846949E-04  0.000000E+00
        24  2.329412E-16 -6.846949E-04  0.000000E+00
        25  3.839958E-16 -6.846949E-04  0.000000E+00
        26  4.915080E-16 -6.846949E-04  0.000000E+00
        27  5.059675E-16 -6.846949E-04  0.000000E+00
        28  5.160411E-16 -6.846949E-04  0.000000E+00
        29  4.819047E-16 -6.846949E-04  0.000000E+00
        30  3.772650E-16 -6.846949E-04  0.000000E+00
        31  1.809271E-16 -6.846949E-04  0.000000E+00
        32  6.525411E-17 -6.846949E-04  0.000000E+00
        33  0.000000E+00 -6.846949E-04  0.000000E+00
        34  0.000000E+00  0.000000E+00 -1.071535E-04
        35  1.802099E-16  0.000000E+00 -1.071535E-04
        36  2.724120E-16  0.000000E+00 -1.071535E-04
        37  5.338292E-16  0.000000E+00 -1.071535E-04
        38  6.098561E-16  0.000000E+00 -1.071535E-04
        39  6.496456E-16  0.000000E+00 -1.071535E-04
        40  5.112674E-16  0.000000E+00 -1.071535E-04
        41  3.588548E-16  0.000000E+00 -1.071535E-04
        42  1.921204E-16  0.000000E+00 -1.071535E-04
        43  5.722852E-17  0.000000E+00 -1.071535E-04
        44  0.000000E+00  0.000000E+00 -1.071535E-04
        45  0.000000E+00 -3.806126E-04 -1.224340E-04
        46  1.615552E-16 -3.806126E-04 -1.224340E-04
        47  4.536982E-16 -3.806126E-04 -1.224340E-04
        48  5.074986E-16 -3.806126E-04 -1.224340E-04
        49  5.845878E-16 -3.806126E-04 -1.224340E-04
        50  6.121649E-16 -3.806126E-04 -1.224340E-04
        51  5.011710E-16 -3.806126E-04 -1.224340E-04
        52  3.669554E-16 -3.806126E-04 -1.224340E-04
        53  1.932205E-16 -3.806126E-04 -1.224340E-04
        54  4.086200E-17 -3.806126E-04 -1.224340E-04
        55  0.000000E+00 -3.806126E-04 -1.224340E-04
        56  0.000000E+00 -7.690094E-04 -8.160672E-05
        57  1.623865E-16 -7.690094E-04 -8.160672E-05
        58  3.897449E-16 -7.690094E-04 -8.160672E-05
        59  5.357608E-16 -7.690094E-04 -8.160672E-05
        60  4.788404E-16 -7.690094E-04 -8.160672E-05
        61  5.367539E-16 -7.690094E-04 -8.160672E-05
        62  5.062545E-16 -7.690094E-04 -8.160672E-05
        63  3.469424E-16 -7.690094E-04 -8.160672E-05
        64  1.936651E-16 -7.690094E-04 -8.160672E-05
        65  5.291176E-17 -7.690094E-04 -8.160672E-05
        66  0.000000E+00 -7.690094E-04 -8.160672E-05
        67  0.000000E+00  0.000000E+00 -3.930156E-04
        68  1.915477E-16  0.000000E+00 -3.930156E-04
        69  1.929408E-16  0.000000E+00 -3.930156E-04
        70  6.261278E-16  0.000000E+00 -3.930156E-04
        71  5.828971E-16  0.000000E+00 -3.930156E-04
        72  6.776098E-16  0.000000E+00 -3.930156E-04
        73  4.951417E-16  0.000000E+00 -3.930156E-04
        74  3.106529E-16  0.000000E+00 -3.930156E-04
        75  1.908691E-16  0.000000E+00 -3.930156E-04
        76  3.332900E-17  0.000000E+00 -3.930156E-04
        77  0.000000E+00  0.000000E+00 -3.930156E-04
        78  0.000000E+00 -3.967505E-04 -4.047917E-04
        79  1.558848E-16 -3.967505E-04 -4.047917E-04
        80  4.598235E-16 -3.967505E-04 -4.047917E-04
        81  4.715795E-16 -3.967505E-04 -4.047917E-04
        82  5.726064E-16 -3.967505E-04 -4.047917E-04
        83  5.157900E-16 -3.967505E-04 -4.047917E-04
        84  5.786888E-16 -3.967505E-04 -4.047917E-04
        85  3.455223E-16 -3.967505E-04 -4.047917E-04
        86  2.077208E-16 -3.967505E-04 -4.047917E-04
        87  2.441151E-17 -3.967505E-04 -4.047917E-04
        88  0.000000E+00 -3.967505E-04 -4.047917E-04
        89  0.000000E+00 -8.708380E-04 -3.443981E-04
        90  1.359268E-16 -8.708380E-04 -3.443981E-04
        91  4.518270E-16 -8.708380E-04 -3.443981E-04
        92  5.225388E-16 -8.708380E-04 -3.443981E-04
        93  4.494383E-16 -8.708380E-04 -3.443981E-04
        94  4.987328E-16 -8.708380E-04 -3.443981E-04
        95  5.017016E-16 -8.708380E-04 -3.443981E-04
        96  3.547154E-16 -8.708380E-04 -3.443981E-04
        97  2.191652E-16 -8.708380E-04 -3.443981E-04
        98  3.360749E-17 -8.708380E-04 -3.443981E-04
        99  0.000000E+00 -8.708380E-04 -3.443981E-04
       100  0.000000E+00  0.000000E+00  0.000000E+00
       101  0.000000E+00  0.000000E+00  0.000000E+00
       102  0.000000E+00  0.000000E+00  0.000000E+00
       103  0.000000E+00  0.000000E+00  0.000000E+00
       104  0.000000E+00  0.000000E+00  0.000000E+00
       105  0.000000E+00  0.000000E+00  0.000000E+00
       106  0.000000E+00  0.000000E+00  0.000000E+00
       107  0.000000E+00  0.000000E+00  0.000000E+00
       108  0.000000E+00  0.000000E+00  0.000000E+00
       109  0.000000E+00  0.000000E+00  0.000000E+00
       110  0.000000E+00  0.000000E+00  0.000000E+00
       111  0.000000E+00  0.000000E+00  0.000000E+00
       112  0.000000E+00  0.000000E+00  0.000000E+00
       113  0.000000E+00  0.000000E+00  0.000000E+00
       114  0.000000E+00  0.000000E+00  0.000000E+00
       115  0.000000E+00  0.000000E+00  0.000000E+00
       116  0.000000E+00  0.000000E+00  0.000000E+00
       117  0.000000E+00  0.000000E+00  0.000000E+00
       118  0.000000E+00  0.000000E+00  0.000000E+00
       119  0.000000E+00  0.000000E+00  0.000000E+00
       120  0.000000E+00  0.000000E+00  0.000000E+00
       121  0.000000E+00  0.000000E+00  0.000000E+00
       122  0.000000E+00  0.000000E+00  0.000000E+00
       123  0.000000E+00  0.000000E+00  0.000000E+00
       124  0.000000E+00  0.000000E+00  0.000000E+00
       125  0.000000E+00  0.000000E+00  0.000000E+00
       126  0.000000E+00  0.000000E+00  0.000000E+00
       127  0.000000E+00  0.000000E+00  0.000000E+00
       128  0.000000E+00  0.000000E+00  0.000000E+00
       129  0.000000E+00  0.000000E+00  0.000000E+00
       130  0.000000E+00  0.000000E+00  0.000000E+00
       131  0.000000E+00  0.000000E+00  0.000000E+00
       132  0.000000E+00  0.000000E+00  0.000000E+00
       133  0.000000E+00  0.000000E+00  0.000000E+00
       134  0.000000E+00  0.000000E+00  0.000000E+00
       135  0.000000E+00  0.000000E+00  0.000000E+00
       136  0.000000E+00  0.000000E+00  0.000000E+00
       137  0.000000E+00  0.000000E+00  0.000000E+00
       138  0.000000E+00  0.000000E+00  0.000000E+00
       139  0.000000E+00  0.000000E+00  0.000000E+00
       140  0.000000E+00  0.000000E+00  0.000000E+00
       141  0.000000E+00  0.000000E+00  0.000000E+00
       142  0.000000E+00  0.000000E+00  0.000000E+00
       143  0.000000E+00  0.000000E+00  0.000000E+00
       144  0.000000E+00  0.000000E+00  0.000000E+00
       145  0.000000E+00  0.000000E+00  0.000000E+00
       146  0.000000E+00  0.000000E+00  0.000000E+00
       147  0.000000E+00  0.000000E+00  0.000000E+00
       148  0.000000E+00  0.000000E+00  0.000000E+00
       149  0.000000E+00  0.000000E+00  0.000000E+00
       150  0.000000E+00  0.000000E+00  0.000000E+00
       151  0.000000E+00  0.000000E+00  0.000000E+00
       152  0.000000E+00  0.000000E+00  0.000000E+00
       153  0.000000E+00  0.000000E+00  0.000000E+00
       154  0.000000E+00  0.000000E+00  0.000000E+00
       155  0.000000E+00  0.000000E+00  0.000000E+00
       156  0.000000E+00  0.000000E+00  0.000000E+00
       157  0.000000E+00  0.000000E+00  0.000000E+00
       158  0.000000E+00  0.000000E+00  0.000000E+00
       159  0.000000E+00  0.000000E+00  0.000000E+00
       160  0.000000E+00  0.000000E+00  0.000000E+00
       161  0.000000E+00  0.000000E+00  0.000000E+00
       162  0.000000E+00  0.000000E+00  0.000000E+00
       163  0.000000E+00  0.000000E+00  0.000000E+00
       164  0.000000E+00  0.000000E+00  0.000000E+00
       165  0.000000E+00  0.000000E+00  0.000000E+00

 forces (fx,fy,fz) for set ALLN and time  0.4000000E+01

         1  2.576103E+01  3.091412E+00  7.981097E-01
         2 -4.014881E-13  6.182824E+00  1.596219E+00
         3 -5.337765E-13  6.182824E+00  1.596219E+00
         4  1.696725E-12  6.182824E+00  1.596219E+00
         5  1.428074E-13  6.182824E+00  1.596219E+00
         6 -1.215462E-12  6.182824E+00  1.596219E+00
         7 -5.830965E-14  6.182824E+00  1.596219E+00
         8  2.620497E-12  6.182824E+00  1.596219E+00
         9 -2.749371E-12  6.182824E+00  1.596219E+00
        10 -3.347800E-12  6.182824E+00  1.596219E+00
        11 -2.576103E+01  3.091412E+00  7.981097E-01
        12  5.119689E+01 -3.581775E-12  1.561598E+00
        13  2.414048E-12  6.224370E-13  3.123196E+00
        14  3.236538E-13 -1.603661E-12  3.123196E+00
        15  3.690826E-12 -5.649610E-13  3.123196E+00
        16  2.814952E-12 -1.785954E-12  3.123196E+00
        17 -6.345109E-12 -1.568378E-12  3.123196E+00
        18 -4.739152E-13 -2.009688E-12  3.123196E+00
        19  7.000419E-12 -1.109589E-12  3.123196E+00
        20 -7.399037E-12 -2.219690E-12  3.123196E+00
        21 -3.624214E-12 -1.433256E-12  3.123196E+00
        22 -5.119689E+01  3.736449E-13  1.561598E+00
        23  2.504112E+01  2.697904E-12 -2.359708E+00
        24  2.723429E-12  1.003615E-12 -4.719415E+00
        25  6.128634E-13  3.626878E-12 -4.719415E+00
        26  2.123143E-12  1.237971E-12 -4.719415E+00
        27  6.331785E-13 -1.051103E-12 -4.719415E+00
        28 -4.740951E-12  1.539458E-12 -4.719415E+00
        29  1.071912E-12  2.915302E-12 -4.719415E+00
        30  3.153996E-12 -1.607213E-13 -4.719415E+00
        31 -2.069579E-12  8.062291E-13 -4.719415E+00
        32 -6.335215E-13  4.253449E-12 -4.719415E+00
        33 -2.504112E+01  1.854645E-12 -2.359708E+00
        34  4.988876E+01  1.332406E-01  2.029878E-12
        35  2.259182E-12  2.664812E-01  8.279242E-12
        36  1.583260E-12  2.664812E-01  1.096506E-12
        37 -1.585518E-12  2.664812E-01  7.415784E-12
        38  1.792220E-12  2.664812E-01 -2.305300E-13
        39 -2.373189E-12  2.664812E-01  7.188623E-12
        40 -5.090838E-14  2.664812E-01  1.585364E-12
        41  9.070537E-13  2.664812E-01 -7.996875E-13
        42 -3.818580E-12  2.664812E-01 -3.715190E-12
        43 -3.964883E-13  2.664812E-01  5.160508E-12
        44 -4.988876E+01  1.332406E-01  2.145237E-12
        45  9.978874E+01 -2.486444E-12  1.756623E-12
        46  1.251510E-11 -2.367258E-12  1.062833E-11
        47  1.350364E-11 -2.810273E-12  8.088574E-12
        48 -8.068124E-12 -1.287199E-12  2.181416E-12
        49  4.964369E-12 -1.845285E-12 -6.269646E-12
        50 -7.077129E-12 -3.185454E-12  1.042498E-11
        51 -4.942790E-12 -4.513908E-12 -4.935393E-13
        52  5.917591E-12 -2.466604E-12 -5.825468E-12
        53 -2.933457E-12  1.637050E-13 -5.081929E-12
        54 -3.445184E-12 -5.955958E-13  1.458101E-11
        55 -9.978874E+01  1.066164E-12  8.245981E-12
        56  4.939220E+01  4.143188E-12  2.490267E-12
        57  5.112775E-12  5.368214E-12  7.127479E-12
        58 -7.174432E-13  2.988902E-12  2.551755E-12
        59  4.640463E-12 -1.305670E-12 -3.979937E-12
        60 -1.817230E-12  1.598721E-13  3.463710E-12
        61 -8.816068E-13  1.993899E-12  7.568185E-13
        62 -1.522748E-12  3.859128E-12  5.838548E-13
        63  5.088700E-13  2.151252E-12  5.624599E-14
        64  1.585292E-12  2.983378E-12 -1.734738E-12
        65 -3.286488E-12  3.106018E-12  1.630322E-15
        66 -4.939220E+01  1.169088E-12  1.714831E-12
        67  2.414682E+01 -3.224653E+00 -5.047613E-13
        68  3.704284E-12 -6.449305E+00 -3.324977E-12
        69 -1.429126E-12 -6.449305E+00 -1.570779E-12
        70 -1.121328E-12 -6.449305E+00 -4.833277E-12
        71  2.163796E-12 -6.449305E+00 -1.995481E-12
        72 -3.212888E-12 -6.449305E+00 -2.614749E-12
        73  6.843743E-13 -6.449305E+00 -5.672507E-13
        74 -2.080658E-12 -6.449305E+00  7.115696E-13
        75  1.844291E-12 -6.449305E+00  3.533393E-12
        76 -3.240227E-13 -6.449305E+00  1.234785E-12
        77 -2.414682E+01 -3.224653E+00  1.804418E-12
        78  4.865340E+01 -2.699006E-12  6.259480E-12
        79  5.041749E-12  9.828068E-14  3.781444E-12
        80  5.481121E-12 -4.813449E-12 -1.320362E-12
        81 -5.216748E-12 -4.269776E-12 -4.038553E-12
        82  3.146015E-12  3.453481E-13 -1.226724E-12
        83 -4.427649E-12 -7.291489E-13 -7.171814E-12
        84 -7.367254E-13 -2.580229E-12  6.582820E-12
        85 -2.547963E-12 -1.614226E-12  4.761298E-12
        86  7.417718E-12 -1.014043E-12  6.193083E-12
        87 -3.640995E-12 -1.533883E-12  1.222123E-12
        88 -4.865340E+01 -2.255392E-14  2.100615E-12
        89  2.439354E+01  2.477245E-12  3.684229E-12
        90  4.778070E-12 -1.088802E-12  1.865723E-12
        91  2.697443E-13  8.766643E-13  9.223185E-13
        92  3.764625E-14  9.681137E-13 -1.039721E-12
        93  4.907021E-13 -9.232020E-13 -4.129193E-12
        94  1.153399E-12 -3.572702E-13  4.550177E-12
        95 -2.641300E-12  2.010968E-12  6.562960E-12
        96 -5.537665E-13  1.022770E-12  3.765499E-12
        97  2.287605E-12  1.860721E-12  4.858456E-12
        98 -1.991989E-12  7.602037E-13  5.135333E-12
        99 -2.439354E+01  1.740733E-13  2.571181E-12
       100  0.000000E+00  0.000000E+00  0.000000E+00
       101  0.000000E+00  0.000000E+00  0.000000E+00
       102  0.000000E+00  0.000000E+00  0.000000E+00
       103  0.000000E+00  0.000000E+00  0.000000E+00
       104  0.000000E+00  0.000000E+00  0.000000E+00
       105  0.000000E+00  0.000000E+00  0.000000E+00
       106  0.000000E+00  0.000000E+00  0.000000E+00
       107  0.000000E+00  0.000000E+00  0.000000E+00
       108  0.000000E+00  0.000000E+00  0.000000E+00
       109  0.000000E+00  0.000000E+00  0.000000E+00
       110  0.000000E+00  0.000000E+00  0.000000E+00
       111  0.000000E+00  0.000000E+00  0.000000E+00
       112  0.000000E+00  0.000000E+00  0.000000E+00
       113  0.000000E+00  0.000000E+00  0.000000E+00
       114  0.000000E+00  0.000000E+00  0.000000E+00
       115  0.000000E+00  0.000000E+00  0.000000E+00
       116  0.000000E+00  0.000000E+00  0.000000E+00
       117  0.000000E+00  0.000000E+00  0.000000E+00
       118  0.000000E+00  0.000000E+00  0.000000E+00
       119  0.000000E+00  0.000000E+00  0.000000E+00
       120  0.000000E+00  0.000000E+00  0.000000E+00
       121  0.000000E+00  0.000000E+00  0.000000E+00
       122  0.000000E+00  0.000000E+00  0.000000E+00
       123  0.000000E+00  0.000000E+00  0.000000E+00
       124  0.000000E+00  0.000000E+00  0.000000E+00
       125  0.000000E+00  0.000000E+00  0.000000E+00
       126  0.000000E+00  0.000000E+00  0.000000E+00
       127  0.000000E+00  0.000000E+00  0.000000E+00
       128  0.000000E+00  0.000000E+00  0.000000E+00
       129  0.000000E+00  0.000000E+00  0.000000E+00
       130  0.000000E+00  0.000000E+00  0.000000E+00
       131  0.000000E+00  0.000000E+00  0.000000E+00
       132  0.000000E+00  0.000000E+00  0.000000E+00
       133  0.000000E+00  0.000000E+00  0.000000E+00
       134  0.000000E+00  0.000000E+00  0.000000E+00
       135  0.000000E+00  0.000000E+00  0.000000E+00
       136  0.000000E+00  0.000000E+00  0.000000E+00
       137  0.000000E+00  0.000000E+00  0.000000E+00
       138  0.000000E+00  0.000000E+00  0.000000E+00
       139  0.000000E+00  0.000000E+00  0.000000E+00
       140  0.000000E+00  0.000000E+00  0.000000E+00
       141  0.000000E+00  0.000000E+00  0.000000E+00
       142  0.000000E+00  0.000000E+00  0.000000E+00
       143  0.000000E+00  0.000000E+00  0.000000E+00
       144  0.000000E+00  0.000000E+00  0.000000E+00
       145  0.000000E+00  0.000000E+00  0.000000E+00
       146  0.000000E+00  0.000000E+00  0.000000E+00
       147  0.000000E+00  0.000000E+00  0.000000E+00
       148  0.000000E+00  0.000000E+00  0.000000E+00
       149  0.000000E+00  0.000000E+00  0.000000E+00
       150  0.000000E+00  0.000000E+00  0.000000E+00
       151  0.000000E+00  0.000000E+00  0.000000E+00
       152  0.000000E+00  0.000000E+00  0.000000E+00
       153  0.000000E+00  0.000000E+00  0.000000E+00
       154  0.000000E+00  0.000000E+00  0.000000E+00
       155  0.000000E+00  0.000000E+00  0.000000E+00
       156  0.000000E+00  0.000000E+00  0.000000E+00
       157  0.000000E+00  0.000000E+00  0.000000E+00
       158  0.000000E+00  0.000000E+00  0.000000E+00
       159  0.000000E+00  0.000000E+00  0.000000E+00
       160  0.000000E+00  0.000000E+00  0.000000E+00
       161  0.000000E+00  0.000000E+00  0.000000E+00
       162  0.000000E+00  0.000000E+00  0.000000E+00
       163  0.000000E+00  0.000000E+00  0.000000E+00
       164  0.000000E+00  0.000000E+00  0.000000E+00
       165  0.000000E+00  0.000000E+00  0.000000E+00

 stresses (elem, integ.pnt.,sxx,syy,szz,sxy,sxz,syz) for set ALLE and time  0.4000000E+01

         1   1 -2.057851E+02 -2.174164E+01 -1.596266E+00  1.054640E-12  6.583608E-13 -5.160276E-01
         1   2 -2.057851E+02 -2.174164E+01 -1.596266E+00  2.852239E-12  2.326288E-12 -5.160276E-01
         1   3 -2.072791E+02 -2.323027E+01 -5.432320E+00  2.139981E-12 -6.312173E-13 -1.338960E+00
         1   4 -2.072791E+02 -2.323027E+01 -5.432320E+00  3.937674E-12 -2.554838E-12 -1.338960E+00
         1   5 -2.063089E+02 -2.308634E+01 -2.117955E+00  3.751764E-13  8.006628E-13 -1.102934E+00
         1   6 -2.063089E+02 -2.308634E+01 -2.117955E+00  3.876588E-13  2.468613E-12 -1.102934E+00
         1   7 -2.078029E+02 -2.457499E+01 -5.954032E+00  1.389646E-12 -4.467030E-13 -1.925893E+00
         1   8 -2.078029E+02 -2.457499E+01 -5.954032E+00  1.402169E-12 -2.363993E-12 -1.925893E+00
         2   1 -2.057851E+02 -2.174164E+01 -1.596266E+00  3.125686E-12  1.566550E-14 -5.160276E-01
         2   2 -2.057851E+02 -2.174164E+01 -1.596266E+00  3.301190E-12 -5.784844E-12 -5.160276E-01
         2   3 -2.072791E+02 -2.323027E+01 -5.432320E+00  2.957942E-12 -1.724028E-12 -1.338960E+00
         2   4 -2.072791E+02 -2.323027E+01 -5.432320E+00  3.137915E-12  3.493294E-12 -1.338960E+00
         2   5 -2.063089E+02 -2.308634E+01 -2.117955E+00  1.812524E-12 -2.080167E-12 -1.102934E+00
         2   6 -2.063089E+02 -2.308634E+01 -2.117955E+00  7.493830E-12 -7.865254E-12 -1.102934E+00
         2   7 -2.078029E+02 -2.457499E+01 -5.954032E+00  1.068336E-12 -2.519629E-12 -1.925893E+00
         2   8 -2.078029E+02 -2.457499E+01 -5.954032E+00  6.758205E-12  2.663424E-12 -1.925893E+00
         3   1 -2.057851E+02 -2.174164E+01 -1.596266E+00  3.640155E-12 -3.702575E-12 -5.160276E-01
         3   2 -2.057851E+02 -2.174164E+01 -1.596266E+00  3.199417E-12  2.719691E-12 -5.160276E-01
         3   3 -2.072791E+02 -2.323027E+01 -5.432320E+00  4.718060E-12  4.322428E-12 -1.338960E+00
         3   4 -2.072791E+02 -2.323027E+01 -5.432320E+00  4.277254E-12 -2.001550E-13 -1.338960E+00
         3   5 -2.063089E+02 -2.308634E+01 -2.117955E+00  8.170795E-12 -7.039115E-13 -1.102934E+00
         3   6 -2.063089E+02 -2.308634E+01 -2.117955E+00  2.198824E-12  5.817381E-12 -1.102934E+00
         3   7 -2.078029E+02 -2.457499E+01 -5.954032E+00  9.585051E-12  5.111652E-12 -1.925893E+00
         3   8 -2.078029E+02 -2.457499E+01 -5.954032E+00  3.618226E-12  5.995249E-13 -1.925893E+00
         4   1 -2.057851E+02 -2.174164E+01 -1.596266E+00  2.620114E-12  2.532221E-12 -5.160276E-01
         4   2 -2.057851E+02 -2.174164E+01 -1.596266E+00 -2.601522E-14 -7.290082E-13 -5.160276E-01
         4   3 -2.072791E+02 -2.323027E+01 -5.432320E+00  5.099039E-12 -2.151316E-12 -1.338960E+00
         4   4 -2.072791E+02 -2.323027E+01 -5.432320E+00  2.449075E-12 -1.790753E-12 -1.338960E+00
         4   5 -2.063089E+02 -2.308634E+01 -2.117955E+00  1.094880E-13  1.578532E-12 -1.102934E+00
         4   6 -2.063089E+02 -2.308634E+01 -2.117955E+00 -5.589357E-13 -1.677515E-12 -1.102934E+00
         4   7 -2.078029E+02 -2.457499E+01 -5.954032E+00  2.360532E-12 -2.958807E-12 -1.925893E+00
         4   8 -2.078029E+02 -2.457499E+01 -5.954032E+00  1.679839E-12 -2.600987E-12 -1.925893E+00
         5   1 -2.057851E+02 -2.174164E+01 -1.596266E+00 -1.041579E-12 -2.224975E-13 -5.160276E-01
         5   2 -2.057851E+02 -2.174164E+01 -1.596266E+00 -4.818639E-13  2.724651E-12 -5.160276E-01
         5   3 -2.072791E+02 -2.323027E+01 -5.432320E+00  6.685425E-13 -6.743544E-14 -1.338960E+00
         5   4 -2.072791E+02 -2.323027E+01 -5.432320E+00  1.257951E-12  1.520972E-12 -1.338960E+00
         5   5 -2.063089E+02 -2.308634E+01 -2.117955E+00 -9.638282E-13  9.438099E-13 -1.102934E+00
         5   6 -2.063089E+02 -2.308634E+01 -2.117955E+00 -1.065808E-12  3.727530E-12 -1.102934E+00
         5   7 -2.078029E+02 -2.457499E+01 -5.954032E+00  1.042311E-12  1.844712E-12 -1.925893E+00
         5   8 -2.078029E+02 -2.457499E+01 -5.954032E+00  9.339691E-13  3.515743E-12 -1.925893E+00
         6   1 -2.057851E+02 -2.174164E+01 -1.596266E+00 -7.035197E-13  2.158955E-12 -5.160276E-01
         6   2 -2.057851E+02 -2.174164E+01 -1.596266E+00 -7.349988E-13 -3.080244E-13 -5.160276E-01
         6   3 -2.072791E+02 -2.323027E+01 -5.432320E+00  3.392911E-14  7.913911E-13 -1.338960E+00
         6   4 -2.072791E+02 -2.323027E+01 -5.432320E+00  6.733091E-15  1.524537E-13 -1.338960E+00
         6   5 -2.063089E+02 -2.308634E+01 -2.117955E+00 -1.470764E-12  1.552586E-12 -1.102934E+00
         6   6 -2.063089E+02 -2.308634E+01 -2.117955E+00 -5.676903E-13 -8.658064E-13 -1.102934E+00
         6   7 -2.078029E+02 -2.457499E+01 -5.954032E+00 -8.337060E-13  2.162828E-13 -1.925893E+00
         6   8 -2.078029E+02 -2.457499E+01 -5.954032E+00  4.584786E-14 -2.955317E-13 -1.925893E+00
         7   1 -2.057851E+02 -2.174164E+01 -1.596266E+00 -4.029685E-13 -4.005430E-13 -5.160276E-01
         7   2 -2.057851E+02 -2.174164E+01 -1.596266E+00  9.067447E-13  3.889610E-13 -5.160276E-01
         7   3 -2.072791E+02 -2.323027E+01 -5.432320E+00  2.602411E-13  3.416859E-13 -1.338960E+00
         7   4 -2.072791E+02 -2.323027E+01 -5.432320E+00  1.536686E-12 -1.861991E-13 -1.338960E+00
         7   5 -2.063089E+02 -2.308634E+01 -2.117955E+00 -2.488684E-13  7.633840E-13 -1.102934E+00
         7   6 -2.063089E+02 -2.308634E+01 -2.117955E+00  5.863403E-13  1.449882E-12 -1.102934E+00
         7   7 -2.078029E+02 -2.457499E+01 -5.954032E+00 -1.117797E-13  1.209474E-12 -1.925893E+00
         7   8 -2.078029E+02 -2.457499E+01 -5.954032E+00  7.461603E-13  4.873313E-13 -1.925893E+00
         8   1 -2.057851E+02 -2.174164E+01 -1.596266E+00  2.593098E-13  3.520946E-14 -5.160276E-01
         8   2 -2.057851E+02 -2.174164E+01 -1.596266E+00 -1.541853E-12 -2.283052E-13 -5.160276E-01
         8   3 -2.072791E+02 -2.323027E+01 -5.432320E+00 -1.103944E-13 -1.027761E-13 -1.338960E+00
         8   4 -2.072791E+02 -2.323027E+01 -5.432320E+00 -1.873768E-12  2.052680E-12 -1.338960E+00
         8   5 -2.063089E+02 -2.308634E+01 -2.117955E+00  6.239860E-13  1.211074E-13 -1.102934E+00
         8   6 -2.063089E+02 -2.308634E+01 -2.117955E+00 -3.063052E-13 -2.739318E-13 -1.102934E+00
         8   7 -2.078029E+02 -2.457499E+01 -5.954032E+00  1.018358E-12 -1.311701E-13 -1.925893E+00
         8   8 -2.078029E+02 -2.457499E+01 -5.954032E+00  1.061168E-13  2.009794E-12 -1.925893E+00
         9   1 -2.057851E+02 -2.174164E+01 -1.596266E+00 -1.922372E-12  4.732457E-13 -5.160276E-01
         9   2 -2.057851E+02 -2.174164E+01 -1.596266E+00 -1.518513E-12  1.104691E-12 -5.160276E-01
         9   3 -2.072791E+02 -2.323027E+01 -5.432320E+00 -1.965054E-12  2.428624E-12 -1.338960E+00
         9   4 -2.072791E+02 -2.323027E+01 -5.432320E+00 -1.512856E-12  1.536860E-12 -1.338960E+00
         9   5 -2.063089E+02 -2.308634E+01 -2.117955E+00 -1.067654E-12  1.082116E-12 -1.102934E+00
         9   6 -2.063089E+02 -2.308634E+01 -2.117955E+00 -1.377736E-12  1.592603E-12 -1.102934E+00
         9   7 -2.078029E+02 -2.457499E+01 -5.954032E+00 -1.424820E-12  2.316462E-12 -1.925893E+00
         9   8 -2.078029E+02 -2.457499E+01 -5.954032E+00 -1.743072E-12  1.638701E-12 -1.925893E+00
        10   1 -2.057851E+02 -2.174164E+01 -1.596266E+00 -1.374015E-12  5.223866E-13 -5.160276E-01
        10   2 -2.057851E+02 -2.174164E+01 -1.596266E+00 -5.794820E-13  4.254155E-14 -5.160276E-01
        10   3 -2.072791E+02 -2.323027E+01 -5.432320E+00 -2.307074E-12  7.596688E-13 -1.338960E+00
        10   4 -2.072791E+02 -2.323027E+01 -5.432320E+00 -1.623585E-12  1.683632E-13 -1.338960E+00
        10   5 -2.063089E+02 -2.308634E+01 -2.117955E+00 -1.429411E-12 -5.254231E-13 -1.102934E+00
        10   6 -2.063089E+02 -2.308634E+01 -2.117955E+00 -5.522871E-13 -8.547833E-13 -1.102934E+00
        10   7 -2.078029E+02 -2.457499E+01 -5.954032E+00 -2.124854E-12  6.516095E-13 -1.925893E+00
        10   8 -2.078029E+02 -2.457499E+01 -5.954032E+00 -1.311130E-12  2.211851E-15 -1.925893E+00
        11   1 -2.028229E+02 -1.322637E+01  4.429136E-01  1.311141E-12 -1.286159E-12 -2.920958E+00
        11   2 -2.028229E+02 -1.322637E+01  4.429136E-01  2.331430E-12 -4.967308E-12 -2.920958E+00
        11   3 -1.988310E+02 -9.248321E+00  1.069146E+01 -1.267481E-12 -1.767699E-12 -8.575195E+00
        11   4 -1.988310E+02 -9.248321E+00  1.069146E+01 -2.467898E-13 -6.685882E-12 -8.575195E+00
        11   5 -2.064221E+02 -2.246629E+01 -3.141800E+00  1.263097E-12 -1.118366E-12 -1.353057E+00
        11   6 -2.064221E+02 -2.246629E+01 -3.141800E+00  1.673337E-12 -4.797842E-12 -1.353057E+00
        11   7 -2.024303E+02 -1.848784E+01  7.107156E+00 -4.887054E-13 -1.678662E-12 -7.007817E+00
        11   8 -2.024303E+02 -1.848784E+01  7.107156E+00 -7.801288E-14 -6.605363E-12 -7.007817E+00
        12   1 -2.028229E+02 -1.322637E+01  4.429136E-01  1.763953E-12 -3.367568E-12 -2.920958E+00
        12   2 -2.028229E+02 -1.322637E+01  4.429136E-01  6.498376E-13  5.152603E-12 -2.920958E+00
        12   3 -1.988310E+02 -9.248321E+00  1.069146E+01  3.640979E-12 -6.143499E-12 -8.575195E+00
        12   4 -1.988310E+02 -9.248321E+00  1.069146E+01  2.524530E-12  4.428776E-13 -8.575195E+00
        12   5 -2.064221E+02 -2.246629E+01 -3.141800E+00 -3.046950E-13 -3.584937E-12 -1.353057E+00
        12   6 -2.064221E+02 -2.246629E+01 -3.141800E+00 -2.376064E-12  4.876361E-12 -1.353057E+00
        12   7 -2.024303E+02 -1.848784E+01  7.107156E+00  2.526780E-12 -6.240200E-12 -7.007817E+00
        12   8 -2.024303E+02 -1.848784E+01  7.107156E+00  4.572593E-13  3.704084E-13 -7.007817E+00
        13   1 -2.028229E+02 -1.322637E+01  4.429136E-01  1.918381E-12  6.022846E-12 -2.920958E+00
        13   2 -2.028229E+02 -1.322637E+01  4.429136E-01  9.430552E-13 -2.500678E-13 -2.920958E+00
        13   3 -1.988310E+02 -9.248321E+00  1.069146E+01  3.466906E-12  2.725392E-12 -8.575195E+00
        13   4 -1.988310E+02 -9.248321E+00  1.069146E+01  2.486149E-12  3.237019E-12 -8.575195E+00
        13   5 -2.064221E+02 -2.246629E+01 -3.141800E+00  7.034785E-13  5.781156E-12 -1.353057E+00
        13   6 -2.064221E+02 -2.246629E+01 -3.141800E+00  3.044341E-12 -5.087873E-13 -1.353057E+00
        13   7 -2.024303E+02 -1.848784E+01  7.107156E+00  1.518199E-12  1.864407E-12 -7.007817E+00
        13   8 -2.024303E+02 -1.848784E+01  7.107156E+00  3.865520E-12  2.390246E-12 -7.007817E+00
        14   1 -2.028229E+02 -1.322637E+01  4.429136E-01  1.110734E-12 -2.245137E-12 -2.920958E+00
        14   2 -2.028229E+02 -1.322637E+01  4.429136E-01 -1.087850E-12 -1.805601E-12 -2.920958E+00
        14   3 -1.988310E+02 -9.248321E+00  1.069146E+01 -4.153527E-13  2.724318E-12 -8.575195E+00
        14   4 -1.988310E+02 -9.248321E+00  1.069146E+01 -2.614538E-12 -1.347530E-12 -8.575195E+00
        14   5 -2.064221E+02 -2.246629E+01 -3.141800E+00  3.409386E-12 -2.417894E-12 -1.353057E+00
        14   6 -2.064221E+02 -2.246629E+01 -3.141800E+00 -9.104952E-13 -2.014090E-12 -1.353057E+00
        14   7 -2.024303E+02 -1.848784E+01  7.107156E+00  3.130568E-12  3.757190E-12 -7.007817E+00
        14   8 -2.024303E+02 -1.848784E+01  7.107156E+00 -1.173892E-12 -2.025770E-13 -7.007817E+00
        15   1 -2.028229E+02 -1.322637E+01  4.429136E-01 -1.747599E-12 -4.891427E-13 -2.920958E+00
        15   2 -2.028229E+02 -1.322637E+01  4.429136E-01 -1.474677E-12  1.058938E-12 -2.920958E+00
        15   3 -1.988310E+02 -9.248321E+00  1.069146E+01  4.956854E-13 -1.633529E-12 -8.575195E+00
        15   4 -1.988310E+02 -9.248321E+00  1.069146E+01  7.515606E-13  1.575386E-12 -8.575195E+00
        15   5 -2.064221E+02 -2.246629E+01 -3.141800E+00 -1.928077E-12  1.287575E-12 -1.353057E+00
        15   6 -2.064221E+02 -2.246629E+01 -3.141800E+00 -8.001475E-13  2.896346E-12 -1.353057E+00
        15   7 -2.024303E+02 -1.848784E+01  7.107156E+00 -3.948326E-13 -9.448775E-13 -7.007817E+00
        15   8 -2.024303E+02 -1.848784E+01  7.107156E+00  7.263122E-13  2.237945E-12 -7.007817E+00
        16   1 -2.028229E+02 -1.322637E+01  4.429136E-01 -1.761420E-12  1.071149E-12 -2.920958E+00
        16   2 -2.028229E+02 -1.322637E+01  4.429136E-01  1.209010E-12  1.031132E-12 -2.920958E+00
        16   3 -1.988310E+02 -9.248321E+00  1.069146E+01  1.445693E-12  2.985544E-12 -8.575195E+00
        16   4 -1.988310E+02 -9.248321E+00  1.069146E+01  4.373897E-12  3.311975E-12 -8.575195E+00
        16   5 -2.064221E+02 -2.246629E+01 -3.141800E+00 -1.576554E-12  1.186490E-12 -1.353057E+00
        16   6 -2.064221E+02 -2.246629E+01 -3.141800E+00  1.476931E-12  1.089869E-12 -1.353057E+00
        16   7 -2.024303E+02 -1.848784E+01  7.107156E+00  7.896587E-13  4.742442E-12 -7.007817E+00
        16   8 -2.024303E+02 -1.848784E+01  7.107156E+00  3.843785E-12  4.954649E-12 -7.007817E+00
        17   1 -2.028229E+02 -1.322637E+01  4.429136E-01  3.062101E-13  5.708581E-13 -2.920958E+00
        17   2 -2.028229E+02 -1.322637E+01  4.429136E-01  5.643598E-13 -7.521031E-13 -2.920958E+00
        17   3 -1.988310E+02 -9.248321E+00  1.069146E+01 -1.539149E-12  1.344871E-12 -8.575195E+00
        17   4 -1.988310E+02 -9.248321E+00  1.069146E+01 -1.285847E-12 -2.315541E-12 -8.575195E+00
        17   5 -2.064221E+02 -2.246629E+01 -3.141800E+00  5.368711E-13  1.108969E-12 -1.353057E+00
        17   6 -2.064221E+02 -2.246629E+01 -3.141800E+00 -2.443178E-13 -1.230035E-13 -1.353057E+00
        17   7 -2.024303E+02 -1.848784E+01  7.107156E+00  6.246981E-13  1.129437E-12 -7.007817E+00
        17   8 -2.024303E+02 -1.848784E+01  7.107156E+00 -9.700446E-14 -2.580182E-12 -7.007817E+00
        18   1 -2.028229E+02 -1.322637E+01  4.429136E-01 -1.860672E-13 -6.245401E-13 -2.920958E+00
        18   2 -2.028229E+02 -1.322637E+01  4.429136E-01  2.749382E-13  2.088409E-12 -2.920958E+00
        18   3 -1.988310E+02 -9.248321E+00  1.069146E+01  9.110269E-14 -2.605549E-12 -8.575195E+00
        18   4 -1.988310E+02 -9.248321E+00  1.069146E+01  5.351796E-13  1.081885E-12 -8.575195E+00
        18   5 -2.064221E+02 -2.246629E+01 -3.141800E+00 -2.621962E-13 -5.996691E-13 -1.353057E+00
        18   6 -2.064221E+02 -2.246629E+01 -3.141800E+00  4.881980E-13  1.880330E-12 -1.353057E+00
        18   7 -2.024303E+02 -1.848784E+01  7.107156E+00 -1.643074E-12 -3.270389E-12 -7.007817E+00
        18   8 -2.024303E+02 -1.848784E+01  7.107156E+00 -9.320848E-13  3.901173E-13 -7.007817E+00
        19   1 -2.028229E+02 -1.322637E+01  4.429136E-01  7.293855E-13  2.551068E-12 -2.920958E+00
        19   2 -2.028229E+02 -1.322637E+01  4.429136E-01  1.278839E-12  4.603045E-13 -2.920958E+00
        19   3 -1.988310E+02 -9.248321E+00  1.069146E+01 -2.317728E-13  1.481252E-12 -8.575195E+00
        19   4 -1.988310E+02 -9.248321E+00  1.069146E+01  1.977840E-13 -1.464641E-12 -8.575195E+00
        19   5 -2.064221E+02 -2.246629E+01 -3.141800E+00 -1.270932E-13  2.214414E-12 -1.353057E+00
        19   6 -2.064221E+02 -2.246629E+01 -3.141800E+00 -4.736823E-14  4.644547E-13 -1.353057E+00
        19   7 -2.024303E+02 -1.848784E+01  7.107156E+00 -4.507867E-13  9.898704E-13 -7.007817E+00
        19   8 -2.024303E+02 -1.848784E+01  7.107156E+00 -3.535625E-13 -1.909139E-12 -7.007817E+00
        20   1 -2.028229E+02 -1.322637E+01  4.429136E-01  3.742810E-13  2.029648E-13 -2.920958E+00
        20   2 -2.028229E+02 -1.322637E+01  4.429136E-01 -7.282251E-13  2.824511E-13 -2.920958E+00
        20   3 -1.988310E+02 -9.248321E+00  1.069146E+01  1.879740E-12 -1.565474E-12 -8.575195E+00
        20   4 -1.988310E+02 -9.248321E+00  1.069146E+01  8.287908E-13  5.377415E-14 -8.575195E+00
        20   5 -2.064221E+02 -2.246629E+01 -3.141800E+00 -5.725820E-13  6.109246E-13 -1.353057E+00
        20   6 -2.064221E+02 -2.246629E+01 -3.141800E+00 -9.438545E-13  7.493442E-13 -1.353057E+00
        20   7 -2.024303E+02 -1.848784E+01  7.107156E+00 -3.345331E-13 -1.804211E-13 -7.007817E+00
        20   8 -2.024303E+02 -1.848784E+01  7.107156E+00 -8.274690E-13  1.317418E-12 -7.007817E+00
        21   1 -1.928103E+02  2.400797E+01 -7.597625E-01  8.088441E-14  2.040348E-13 -1.420555E+00
        21   2 -1.928103E+02  2.400797E+01 -7.597625E-01  5.584973E-13  6.440175E-13 -1.420555E+00
        21   3 -1.924675E+02  2.434920E+01  1.197340E-01 -1.785719E-13 -1.413815E-13 -2.659640E+00
        21   4 -1.924675E+02  2.434920E+01  1.197340E-01  2.989888E-13 -3.741105E-12 -2.659640E+00
        21   5 -1.935995E+02  2.198320E+01 -1.545574E+00 -2.764583E-13  6.864589E-13 -1.286008E+00
        21   6 -1.935995E+02  2.198320E+01 -1.545574E+00 -1.830026E-12  1.126437E-12 -1.286008E+00
        21   7 -1.932567E+02  2.232444E+01 -6.660701E-01  5.262041E-13  4.665564E-13 -2.525113E+00
        21   8 -1.932567E+02  2.232444E+01 -6.660701E-01 -1.023757E-12 -3.132389E-12 -2.525113E+00
        22   1 -1.928103E+02  2.400797E+01 -7.597625E-01  2.158002E-12 -2.314826E-12 -1.420555E+00
        22   2 -1.928103E+02  2.400797E+01 -7.597625E-01  6.200687E-12 -5.557789E-12 -1.420555E+00
        22   3 -1.924675E+02  2.434920E+01  1.197340E-01  1.724787E-12 -6.116460E-12 -2.659640E+00
        22   4 -1.924675E+02  2.434920E+01  1.197340E-01  5.763764E-12  4.926758E-13 -2.659640E+00
        22   5 -1.935995E+02  2.198320E+01 -1.545574E+00  1.410331E-13 -9.812580E-13 -1.286008E+00
        22   6 -1.935995E+02  2.198320E+01 -1.545574E+00  9.115574E-12 -4.212719E-12 -1.286008E+00
        22   7 -1.932567E+02  2.232444E+01 -6.660701E-01 -1.095615E-12 -5.528031E-12 -2.525113E+00
        22   8 -1.932567E+02  2.232444E+01 -6.660701E-01  7.874729E-12  1.090866E-12 -2.525113E+00
        23   1 -1.928103E+02  2.400797E+01 -7.597625E-01  6.058623E-12 -2.047829E-12 -1.420555E+00
        23   2 -1.928103E+02  2.400797E+01 -7.597625E-01  1.109252E-12  4.431374E-12 -1.420555E+00
        23   3 -1.924675E+02  2.434920E+01  1.197340E-01  6.157773E-12  3.183563E-12 -2.659640E+00
        23   4 -1.924675E+02  2.434920E+01  1.197340E-01  1.193392E-12  8.362569E-14 -2.659640E+00
        23   5 -1.935995E+02  2.198320E+01 -1.545574E+00  9.188913E-12 -2.679788E-12 -1.286008E+00
        23   6 -1.935995E+02  2.198320E+01 -1.545574E+00 -5.819176E-13  3.698806E-12 -1.286008E+00
        23   7 -1.932567E+02  2.232444E+01 -6.660701E-01  8.970776E-12  3.387939E-12 -2.525113E+00
        23   8 -1.932567E+02  2.232444E+01 -6.660701E-01 -7.947380E-13  2.983837E-13 -2.525113E+00
        24   1 -1.928103E+02  2.400797E+01 -7.597625E-01 -3.675155E-13  6.020124E-12 -1.420555E+00
        24   2 -1.928103E+02  2.400797E+01 -7.597625E-01 -4.230419E-13  2.670896E-12 -1.420555E+00
        24   3 -1.924675E+02  2.434920E+01  1.197340E-01  5.699153E-13 -1.131144E-13 -2.659640E+00
        24   4 -1.924675E+02  2.434920E+01  1.197340E-01  5.396254E-13 -3.052395E-13 -2.659640E+00
        24   5 -1.935995E+02  2.198320E+01 -1.545574E+00 -2.527041E-12  8.296097E-12 -1.286008E+00
        24   6 -1.935995E+02  2.198320E+01 -1.545574E+00 -8.375571E-13  4.893953E-12 -1.286008E+00
        24   7 -1.932567E+02  2.232444E+01 -6.660701E-01  2.550788E-14  1.351356E-12 -2.525113E+00
        24   8 -1.932567E+02  2.232444E+01 -6.660701E-01  1.676821E-12  1.304276E-12 -2.525113E+00
        25   1 -1.928103E+02  2.400797E+01 -7.597625E-01 -6.821553E-13 -3.081941E-13 -1.420555E+00
        25   2 -1.928103E+02  2.400797E+01 -7.597625E-01 -1.312999E-12 -7.693770E-13 -1.420555E+00
        25   3 -1.924675E+02  2.434920E+01  1.197340E-01  1.903892E-13 -5.742039E-13 -2.659640E+00
        25   4 -1.924675E+02  2.434920E+01  1.197340E-01 -5.050140E-13 -2.386262E-12 -2.659640E+00
        25   5 -1.935995E+02  2.198320E+01 -1.545574E+00 -1.752097E-12 -2.333375E-12 -1.286008E+00
        25   6 -1.935995E+02  2.198320E+01 -1.545574E+00 -3.041782E-12 -2.789511E-12 -1.286008E+00
        25   7 -1.932567E+02  2.232444E+01 -6.660701E-01 -2.015091E-12 -1.906965E-12 -2.525113E+00
        25   8 -1.932567E+02  2.232444E+01 -6.660701E-01 -3.314123E-12 -3.758823E-12 -2.525113E+00
        26   1 -1.928103E+02  2.400797E+01 -7.597625E-01 -2.080027E-12 -3.873366E-12 -1.420555E+00
        26   2 -1.928103E+02  2.400797E+01 -7.597625E-01 -2.089735E-12 -5.323218E-12 -1.420555E+00
        26   3 -1.924675E+02  2.434920E+01  1.197340E-01 -2.466173E-12 -4.229250E-12 -2.659640E+00
        26   4 -1.924675E+02  2.434920E+01  1.197340E-01 -2.432843E-12 -8.753110E-14 -2.659640E+00
        26   5 -1.935995E+02  2.198320E+01 -1.545574E+00 -2.326183E-12 -9.619170E-13 -1.286008E+00
        26   6 -1.935995E+02  2.198320E+01 -1.545574E+00  4.291159E-13 -2.509876E-12 -1.286008E+00
        26   7 -1.932567E+02  2.232444E+01 -6.660701E-01 -1.753653E-12 -1.220677E-12 -2.525113E+00
        26   8 -1.932567E+02  2.232444E+01 -6.660701E-01  9.477860E-13  2.763063E-12 -2.525113E+00
        27   1 -1.928103E+02  2.400797E+01 -7.597625E-01 -7.932106E-13  8.896867E-13 -1.420555E+00
        27   2 -1.928103E+02  2.400797E+01 -7.597625E-01  3.001082E-12  2.713730E-12 -1.420555E+00
        27   3 -1.924675E+02  2.434920E+01  1.197340E-01 -9.873783E-13  5.042441E-12 -2.659640E+00
        27   4 -1.924675E+02  2.434920E+01  1.197340E-01  2.796546E-12  2.280001E-12 -2.659640E+00
        27   5 -1.935995E+02  2.198320E+01 -1.545574E+00  1.245425E-12 -1.689117E-13 -1.286008E+00
        27   6 -1.935995E+02  2.198320E+01 -1.545574E+00  2.806224E-12  1.505510E-12 -1.286008E+00
        27   7 -1.932567E+02  2.232444E+01 -6.660701E-01 -8.859522E-14  2.661027E-12 -2.525113E+00
        27   8 -1.932567E+02  2.232444E+01 -6.660701E-01  1.603852E-12 -4.478892E-13 -2.525113E+00
        28   1 -1.928103E+02  2.400797E+01 -7.597625E-01  3.589971E-12  1.673372E-12 -1.420555E+00
        28   2 -1.928103E+02  2.400797E+01 -7.597625E-01  1.272848E-12  3.637303E-12 -1.420555E+00
        28   3 -1.924675E+02  2.434920E+01  1.197340E-01  3.474155E-12  8.412501E-13 -2.659640E+00
        28   4 -1.924675E+02  2.434920E+01  1.197340E-01  1.178799E-12  3.336078E-12 -2.659640E+00
        28   5 -1.935995E+02  2.198320E+01 -1.545574E+00  3.257807E-12  1.526978E-12 -1.286008E+00
        28   6 -1.935995E+02  2.198320E+01 -1.545574E+00  1.147159E-12  3.306834E-12 -1.286008E+00
        28   7 -1.932567E+02  2.232444E+01 -6.660701E-01  3.531240E-12  2.000531E-12 -2.525113E+00
        28   8 -1.932567E+02  2.232444E+01 -6.660701E-01  1.425087E-12  4.519077E-12 -2.525113E+00
        29   1 -1.928103E+02  2.400797E+01 -7.597625E-01  6.093788E-14  3.145094E-12 -1.420555E+00
        29   2 -1.928103E+02  2.400797E+01 -7.597625E-01 -9.923538E-13 -5.626729E-13 -1.420555E+00
        29   3 -1.924675E+02  2.434920E+01  1.197340E-01 -4.687739E-13  2.821500E-12 -2.659640E+00
        29   4 -1.924675E+02  2.434920E+01  1.197340E-01 -1.520649E-12  3.593704E-13 -2.659640E+00
        29   5 -1.935995E+02  2.198320E+01 -1.545574E+00 -1.089246E-13  2.980791E-12 -1.286008E+00
        29   6 -1.935995E+02  2.198320E+01 -1.545574E+00 -5.650719E-13 -9.551986E-14 -1.286008E+00
        29   7 -1.932567E+02  2.232444E+01 -6.660701E-01 -7.203091E-13  2.423940E-12 -2.525113E+00
        29   8 -1.932567E+02  2.232444E+01 -6.660701E-01 -1.101104E-12  7.427266E-14 -2.525113E+00
        30   1 -1.928103E+02  2.400797E+01 -7.597625E-01 -7.422232E-13 -9.942846E-13 -1.420555E+00
        30   2 -1.928103E+02  2.400797E+01 -7.597625E-01 -5.720176E-14  3.275159E-13 -1.420555E+00
        30   3 -1.924675E+02  2.434920E+01  1.197340E-01 -3.231937E-13 -5.070641E-13 -2.659640E+00
        30   4 -1.924675E+02  2.434920E+01  1.197340E-01  3.210020E-13  3.014141E-13 -2.659640E+00
        30   5 -1.935995E+02  2.198320E+01 -1.545574E+00  1.353058E-14  4.449385E-15 -1.286008E+00
        30   6 -1.935995E+02  2.198320E+01 -1.545574E+00  2.505864E-13  1.492124E-12 -1.286008E+00
        30   7 -1.932567E+02  2.232444E+01 -6.660701E-01  1.009265E-12  5.548382E-15 -2.525113E+00
        30   8 -1.932567E+02  2.232444E+01 -6.660701E-01  1.190037E-12  6.778731E-13 -2.525113E+00
        31   1 -1.935453E+02  2.028629E+01  3.434549E-01 -5.389140E-15 -2.264078E-13 -1.564274E+00
        31   2 -1.935453E+02  2.028629E+01  3.434549E-01  1.125200E-12 -5.428224E-12 -1.564274E+00
        31   3 -1.916309E+02  2.219322E+01  5.254274E+00  7.512646E-14 -1.007151E-13 -8.143907E+00
        31   4 -1.916309E+02  2.219322E+01  5.254274E+00  1.205834E-12 -5.538136E-12 -8.143907E+00
        31   5 -1.977360E+02  9.534352E+00 -3.828993E+00  7.169277E-13  1.371720E-12 -8.132219E-01
        31   6 -1.977360E+02  9.534352E+00 -3.828993E+00  1.730875E-12 -3.830528E-12 -8.132219E-01
        31   7 -1.958216E+02  1.144151E+01  1.082053E+00 -2.141665E-12  4.066273E-12 -7.393425E+00
        31   8 -1.958216E+02  1.144151E+01  1.082053E+00 -1.130786E-12 -1.370889E-12 -7.393425E+00
        32   1 -1.935453E+02  2.028629E+01  3.434549E-01  5.957258E-13 -6.990733E-12 -1.564274E+00
        32   2 -1.935453E+02  2.028629E+01  3.434549E-01 -1.636718E-12  3.245873E-12 -1.564274E+00
        32   3 -1.916309E+02  2.219322E+01  5.254274E+00  1.131990E-12 -5.693551E-12 -8.143907E+00
        32   4 -1.916309E+02  2.219322E+01  5.254274E+00 -1.097541E-12  4.595934E-12 -8.143907E+00
        32   5 -1.977360E+02  9.534352E+00 -3.828993E+00 -6.156600E-13 -7.266124E-12 -8.132219E-01
        32   6 -1.977360E+02  9.534352E+00 -3.828993E+00 -2.811706E-12  2.950503E-12 -8.132219E-01
        32   7 -1.958216E+02  1.144151E+01  1.082053E+00  1.013359E-12 -7.546610E-12 -7.393425E+00
        32   8 -1.958216E+02  1.144151E+01  1.082053E+00 -1.189159E-12  2.775076E-12 -7.393425E+00
        33   1 -1.935453E+02  2.028629E+01  3.434549E-01 -4.138448E-14  4.894323E-12 -1.564274E+00
        33   2 -1.935453E+02  2.028629E+01  3.434549E-01  3.346280E-12 -1.261478E-12 -1.564274E+00
        33   3 -1.916309E+02  2.219322E+01  5.254274E+00  1.237803E-12  4.348888E-12 -8.143907E+00
        33   4 -1.916309E+02  2.219322E+01  5.254274E+00  4.634330E-12 -2.306425E-13 -8.143907E+00
        33   5 -1.977360E+02  9.534352E+00 -3.828993E+00 -1.133674E-13  5.545205E-12 -8.132219E-01
        33   6 -1.977360E+02  9.534352E+00 -3.828993E+00  4.020724E-12 -6.016292E-13 -8.132219E-01
        33   7 -1.958216E+02  1.144151E+01  1.082053E+00  2.173910E-12  5.267320E-12 -7.393425E+00
        33   8 -1.958216E+02  1.144151E+01  1.082053E+00  6.313463E-12  7.525520E-13 -7.393425E+00
        34   1 -1.935453E+02  2.028629E+01  3.434549E-01  3.419074E-12 -1.629767E-12 -1.564274E+00
        34   2 -1.935453E+02  2.028629E+01  3.434549E-01 -2.326183E-12 -2.466281E-13 -1.564274E+00
        34   3 -1.916309E+02  2.219322E+01  5.254274E+00  3.100482E-12  8.771659E-13 -8.143907E+00
        34   4 -1.916309E+02  2.219322E+01  5.254274E+00 -2.653173E-12  2.172115E-12 -8.143907E+00
        34   5 -1.977360E+02  9.534352E+00 -3.828993E+00  6.508800E-12 -1.224655E-12 -8.132219E-01
        34   6 -1.977360E+02  9.534352E+00 -3.828993E+00  8.826054E-13  7.215683E-14 -8.132219E-01
        34   7 -1.958216E+02  1.144151E+01  1.082053E+00  4.072828E-12 -9.948977E-13 -7.393425E+00
        34   8 -1.958216E+02  1.144151E+01  1.082053E+00 -1.538575E-12  3.620722E-13 -7.393425E+00
        35   1 -1.935453E+02  2.028629E+01  3.434549E-01 -3.044094E-12  8.511761E-13 -1.564274E+00
        35   2 -1.935453E+02  2.028629E+01  3.434549E-01  1.659225E-12 -1.753201E-12 -1.564274E+00
        35   3 -1.916309E+02  2.219322E+01  5.254274E+00 -4.074703E-12  5.182435E-12 -8.143907E+00
        35   4 -1.916309E+02  2.219322E+01  5.254274E+00  6.091561E-13  2.310203E-12 -8.143907E+00
        35   5 -1.977360E+02  9.534352E+00 -3.828993E+00 -3.653611E-12  6.796294E-13 -8.132219E-01
        35   6 -1.977360E+02  9.534352E+00 -3.828993E+00  7.877763E-13 -1.759216E-12 -8.132219E-01
        35   7 -1.958216E+02  1.144151E+01  1.082053E+00 -4.164760E-12  7.705168E-12 -7.393425E+00
        35   8 -1.958216E+02  1.144151E+01  1.082053E+00  2.665785E-13  4.806062E-12 -7.393425E+00
        36   1 -1.935453E+02  2.028629E+01  3.434549E-01  1.801660E-12 -4.004406E-12 -1.564274E+00
        36   2 -1.935453E+02  2.028629E+01  3.434549E-01  1.187679E-12  7.163456E-13 -1.564274E+00
        36   3 -1.916309E+02  2.219322E+01  5.254274E+00  2.963848E-12 -2.730186E-12 -8.143907E+00
        36   4 -1.916309E+02  2.219322E+01  5.254274E+00  2.370381E-12 -1.087600E-12 -8.143907E+00
        36   5 -1.977360E+02  9.534352E+00 -3.828993E+00  3.150488E-12 -1.537832E-12 -8.132219E-01
        36   6 -1.977360E+02  9.534352E+00 -3.828993E+00  9.054155E-13  3.233197E-12 -8.132219E-01
        36   7 -1.958216E+02  1.144151E+01  1.082053E+00  3.270589E-12 -2.098208E-12 -7.393425E+00
        36   8 -1.958216E+02  1.144151E+01  1.082053E+00  1.029916E-12 -5.480935E-13 -7.393425E+00
        37   1 -1.935453E+02  2.028629E+01  3.434549E-01  4.444179E-13  4.869566E-12 -1.564274E+00
        37   2 -1.935453E+02  2.028629E+01  3.434549E-01 -8.883513E-13  2.061228E-12 -1.564274E+00
        37   3 -1.916309E+02  2.219322E+01  5.254274E+00  1.398223E-12  1.507631E-13 -8.143907E+00
        37   4 -1.916309E+02  2.219322E+01  5.254274E+00 -3.125738E-15  1.511477E-13 -8.143907E+00
        37   5 -1.977360E+02  9.534352E+00 -3.828993E+00 -2.026637E-12  2.079087E-12 -8.132219E-01
        37   6 -1.977360E+02  9.534352E+00 -3.828993E+00 -1.717459E-12 -7.193846E-13 -8.132219E-01
        37   7 -1.958216E+02  1.144151E+01  1.082053E+00  1.183687E-12 -1.454650E-12 -7.393425E+00
        37   8 -1.958216E+02  1.144151E+01  1.082053E+00  1.461978E-12 -1.399664E-12 -7.393425E+00
        38   1 -1.935453E+02  2.028629E+01  3.434549E-01 -1.313506E-12  1.838884E-13 -1.564274E+00
        38   2 -1.935453E+02  2.028629E+01  3.434549E-01  9.225225E-13  1.504413E-12 -1.564274E+00
        38   3 -1.916309E+02  2.219322E+01  5.254274E+00 -2.746235E-12 -9.198513E-13 -8.143907E+00
        38   4 -1.916309E+02  2.219322E+01  5.254274E+00 -4.934018E-13 -1.470026E-12 -8.143907E+00
        38   5 -1.977360E+02  9.534352E+00 -3.828993E+00 -3.418823E-13  1.680081E-12 -8.132219E-01
        38   6 -1.977360E+02  9.534352E+00 -3.828993E+00  6.944799E-13  3.237310E-12 -8.132219E-01
        38   7 -1.958216E+02  1.144151E+01  1.082053E+00 -1.918445E-12  4.843820E-13 -7.393425E+00
        38   8 -1.958216E+02  1.144151E+01  1.082053E+00 -8.677058E-13  1.298064E-13 -7.393425E+00
        39   1 -1.935453E+02  2.028629E+01  3.434549E-01  8.709320E-13  1.520512E-12 -1.564274E+00
        39   2 -1.935453E+02  2.028629E+01  3.434549E-01 -7.750371E-13 -3.983580E-13 -1.564274E+00
        39   3 -1.916309E+02  2.219322E+01  5.254274E+00  6.452815E-13 -1.285875E-12 -8.143907E+00
        39   4 -1.916309E+02  2.219322E+01  5.254274E+00 -9.571593E-13 -1.467770E-12 -8.143907E+00
        39   5 -1.977360E+02  9.534352E+00 -3.828993E+00 -1.719638E-13  9.691441E-13 -8.132219E-01
        39   6 -1.977360E+02  9.534352E+00 -3.828993E+00 -1.143234E-12 -7.556940E-13 -8.132219E-01
        39   7 -1.958216E+02  1.144151E+01  1.082053E+00 -4.948779E-14 -2.005903E-12 -7.393425E+00
        39   8 -1.958216E+02  1.144151E+01  1.082053E+00 -9.705079E-13 -2.140315E-12 -7.393425E+00
        40   1 -1.935453E+02  2.028629E+01  3.434549E-01  3.536633E-13  3.559675E-13 -1.564274E+00
        40   2 -1.935453E+02  2.028629E+01  3.434549E-01  5.357543E-13  1.084405E-12 -1.564274E+00
        40   3 -1.916309E+02  2.219322E+01  5.254274E+00  6.645275E-14  1.791812E-12 -8.143907E+00
        40   4 -1.916309E+02  2.219322E+01  5.254274E+00  2.274399E-13  2.414198E-12 -8.143907E+00
        40   5 -1.977360E+02  9.534352E+00 -3.828993E+00  6.262946E-13  3.134477E-13 -8.132219E-01
        40   6 -1.977360E+02  9.534352E+00 -3.828993E+00  8.850645E-13  7.934009E-13 -8.132219E-01
        40   7 -1.958216E+02  1.144151E+01  1.082053E+00 -1.296867E-12  8.598345E-13 -7.393425E+00
        40   8 -1.958216E+02  1.144151E+01  1.082053E+00 -1.051008E-12  1.474856E-12 -7.393425E+00

 equivalent plastic strain (elem, integ.pnt.,pe)for set ALLE and time  0.4000000E+01

         1   1  1.174115E-03
         1   2  1.174115E-03
         1   3  1.174115E-03
         1   4  1.174115E-03
         1   5  1.174115E-03
         1   6  1.174115E-03
         1   7  1.174115E-03
         1   8  1.174115E-03
         2   1  1.174115E-03
         2   2  1.174115E-03
         2   3  1.174115E-03
         2   4  1.174115E-03
         2   5  1.174115E-03
         2   6  1.174115E-03
         2   7  1.174115E-03
         2   8  1.174115E-03
         3   1  1.174115E-03
         3   2  1.174115E-03
         3   3  1.174115E-03
         3   4  1.174115E-03
         3   5  1.174115E-03
         3   6  1.174115E-03
         3   7  1.174115E-03
         3   8  1.174115E-03
         4   1  1.174115E-03
         4   2  1.174115E-03
         4   3  1.174115E-03
         4   4  1.174115E-03
         4   5  1.174115E-03
         4   6  1.174115E-03
         4   7  1.174115E-03
         4   8  1.174115E-03
         5   1  1.174115E-03
         5   2  1.174115E-03
         5   3  1.174115E-03
         5   4  1.174115E-03
         5   5  1.174115E-03
         5   6  1.174115E-03
         5   7  1.174115E-03
         5   8  1.174115E-03
         6   1  1.174115E-03
         6   2  1.174115E-03
         6   3  1.174115E-03
         6   4  1.174115E-03
         6   5  1.174115E-03
         6   6  1.174115E-03
         6   7  1.174115E-03
         6   8  1.174115E-03
         7   1  1.174115E-03
         7   2  1.174115E-03
         7   3  1.174115E-03
         7   4  1.174115E-03
         7   5  1.174115E-03
         7   6  1.174115E-03
         7   7  1.174115E-03
         7   8  1.174115E-03
         8   1  1.174115E-03
         8   2  1.174115E-03
         8   3  1.174115E-03
         8   4  1.174115E-03
         8   5  1.174115E-03
         8   6  1.174115E-03
         8   7  1.174115E-03
         8   8  1.174115E-03
         9   1  1.174115E-03
         9   2  1.174115E-03
         9   3  1.174115E-03
         9   4  1.174115E-03
         9   5  1.174115E-03
         9   6  1.174115E-03
         9   7  1.174115E-03
         9   8  1.174115E-03
        10   1  1.174115E-03
        10   2  1.174115E-03
        10   3  1.174115E-03
        10   4  1.174115E-03
        10   5  1.174115E-03
        10   6  1.174115E-03
        10   7  1.174115E-03
        10   8  1.174115E-03
        11   1  1.174115E-03
        11   2  1.174115E-03
        11   3  1.174115E-03
        11   4  1.174115E-03
        11   5  1.174115E-03
        11   6  1.174115E-03
        11   7  1.174115E-03
        11   8  1.174115E-03
        12   1  1.174115E-03
        12   2  1.174115E-03
        12   3  1.174115E-03
        12   4  1.174115E-03
        12   5  1.174115E-03
        12   6  1.174115E-03
        12   7  1.174115E-03
        12   8  1.174115E-03
        13   1  1.174115E-03
        13   2  1.174115E-03
        13   3  1.174115E-03
        13   4  1.174115E-03
        13   5  1.174115E-03
        13   6  1.174115E-03
        13   7  1.174115E-03
        13   8  1.174115E-03
        14   1  1.174115E-03
        14   2  1.174115E-03
        14   3  1.174115E-03
        14   4  1.174115E-03
        14   5  1.174115E-03
        14   6  1.174115E-03
        14   7  1.174115E-03
        14   8  1.174115E-03
        15   1  1.174115E-03
        15   2  1.174115E-03
        15   3  1.174115E-03
        15   4  1.174115E-03
        15   5  1.174115E-03
        15   6  1.174115E-03
        15   7  1.174115E-03
        15   8  1.174115E-03
        16   1  1.174115E-03
        16   2  1.174115E-03
        16   3  1.174115E-03
        16   4  1.174115E-03
        16   5  1.174115E-03
        16   6  1.174115E-03
        16   7  1.174115E-03
        16   8  1.174115E-03
        17   1  1.174115E-03
        17   2  1.174115E-03
        17   3  1.174115E-03
        17   4  1.174115E-03
        17   5  1.174115E-03
        17   6  1.174115E-03
        17   7  1.174115E-03
        17   8  1.174115E-03
        18   1  1.174115E-03
        18   2  1.174115E-03
        18   3  1.174115E-03
        18   4  1.174115E-03
        18   5  1.174115E-03
        18   6  1.174115E-03
        18   7  1.174115E-03
        18   8  1.174115E-03
        19   1  1.174115E-03
        19   2  1.174115E-03
        19   3  1.174115E-03
        19   4  1.174115E-03
        19   5  1.174115E-03
        19   6  1.174115E-03
        19   7  1.174115E-03
        19   8  1.174115E-03
        20   1  1.174115E-03
        20   2  1.174115E-03
        20   3  1.174115E-03
        20   4  1.174115E-03
        20   5  1.174115E-03
        20   6  1.174115E-03
        20   7  1.174115E-03
        20   8  1.174115E-03
        21   1  1.174115E-03
        21   2  1.174115E-03
        21   3  1.174115E-03
        21   4  1.174115E-03
        21   5  1.174115E-03
        21   6  1.174115E-03
        21   7  1.174115E-03
        21   8  1.174115E-03
        22   1  1.174115E-03
        22   2  1.174115E-03
        22   3  1.174115E-03
        22   4  1.174115E-03
        22   5  1.174115E-03
        22   6  1.174115E-03
        22   7  1.174115E-03
        22   8  1.174115E-03
        23   1  1.174115E-03
        23   2  1.174115E-03
        23   3  1.174115E-03
        23   4  1.174115E-03
        23   5  1.174115E-03
        23   6  1.174115E-03
        23   7  1.174115E-03
        23   8  1.174115E-03
        24   1  1.174115E-03
        24   2  1.174115E-03
        24   3  1.174115E-03
        24   4  1.174115E-03
        24   5  1.174115E-03
        24   6  1.174115E-03
        24   7  1.174115E-03
        24   8  1.174115E-03
        25   1  1.174115E-03
        25   2  1.174115E-03
        25   3  1.174115E-03
        25   4  1.174115E-03
        25   5  1.174115E-03
        25   6  1.174115E-03
        25   7  1.174115E-03
        25   8  1.174115E-03
        26   1  1.174115E-03
        26   2  1.174115E-03
        26   3  1.174115E-03
        26   4  1.174115E-03
        26   5  1.174115E-03
        26   6  1.174115E-03
        26   7  1.174115E-03
        26   8  1.174115E-03
        27   1  1.174115E-03
        27   2  1.174115E-03
        27   3  1.174115E-03
        27   4  1.174115E-03
        27   5  1.174115E-03
        27   6  1.174115E-03
        27   7  1.174115E-03
        27   8  1.174115E-03
        28   1  1.174115E-03
        28   2  1.174115E-03
        28   3  1.174115E-03
        28   4  1.174115E-03
        28   5  1.174115E-03
        28   6  1.174115E-03
        28   7  1.174115E-03
        28   8  1.174115E-03
        29   1  1.174115E-03
        29   2  1.174115E-03
        29   3  1.174115E-03
        29   4  1.174115E-03
        29   5  1.174115E-03
        29   6  1.174115E-03
        29   7  1.174115E-03
        29   8  1.174115E-03
        30   1  1.174115E-03
        30   2  1.174115E-03
        30   3  1.174115E-03
        30   4  1.174115E-03
        30   5  1.174115E-03
        30   6  1.174115E-03
        30   7  1.174115E-03
        30   8  1.174115E-03
        31   1  1.174115E-03
        31   2  1.174115E-03
        31   3  1.174115E-03
        31   4  1.174115E-03
        31   5  1.174115E-03
        31   6  1.174115E-03
        31   7  1.174115E-03
        31   8  1.174115E-03
        32   1  1.174115E-03
        32   2  1.174115E-03
        32   3  1.174115E-03
        32   4  1.174115E-03
        32   5  1.174115E-03
        32   6  1.174115E-03
        32   7  1.174115E-03
        32   8  1.174115E-03
        33   1  1.174115E-03
        33   2  1.174115E-03
        33   3  1.174115E-03
        33   4  1.174115E-03
        33   5  1.174115E-03
        33   6  1.174115E-03
        33   7  1.174115E-03
        33   8  1.174115E-03
        34   1  1.174115E-03
        34   2  1.174115E-03
        34   3  1.174115E-03
        34   4  1.174115E-03
        34   5  1.174115E-03
        34   6  1.174115E-03
        34   7  1.174115E-03
        34   8  1.174115E-03
        35   1  1.174115E-03
        35   2  1.174115E-03
        35   3  1.174115E-03
        35   4  1.174115E-03
        35   5  1.174115E-03
        35   6  1.174115E-03
        35   7  1.174115E-03
        35   8  1.174115E-03
        36   1  1.174115E-03
        36   2  1.174115E-03
        36   3  1.174115E-03
        36   4  1.174115E-03
        36   5  1.174115E-03
        36   6  1.174115E-03
        36   7  1.174115E-03
        36   8  1.174115E-03
        37   1  1.174115E-03
        37   2  1.174115E-03
        37   3  1.174115E-03
        37   4  1.174115E-03
        37   5  1.174115E-03
        37   6  1.174115E-03
        37   7  1.174115E-03
        37   8  1.174115E-03
        38   1  1.174115E-03
        38   2  1.174115E-03
        38   3  1.174115E-03
        38   4  1.174115E-03
        38   5  1.174115E-03
        38   6  1.174115E-03
        38   7  1.174115E-03
        38   8  1.174115E-03
        39   1  1.174115E-03
        39   2  1.174115E-03
        39   3  1.174115E-03
        39   4  1.174115E-03
        39   5  1.174115E-03
        39   6  1.174115E-03
        39   7  1.174115E-03
        39   8  1.174115E-03
        40   1  1.174115E-03
        40   2  1.174115E-03
        40   3  1.174115E-03
        40   4  1.174115E-03
        40   5  1.174115E-03
        40   6  1.174115E-03
        40   7  1.174115E-03
        40   8  1.174115E-03

 mechanical strains (elem, integ.pnt.,exx,eyy,ezz,exy,exz,eyz) for set ALLE and time  0.4000000E+01

         1   1  2.220446E-16 -3.720959E-04 -2.207410E-04  7.870207E-18  4.922847E-18 -3.876884E-06
         1   2  2.220446E-16 -3.720959E-04 -2.207410E-04  2.084066E-17  1.710333E-17 -3.876884E-06
         1   3  2.220446E-16 -3.720959E-04 -2.383812E-04  1.639835E-17 -4.787488E-18 -1.005858E-05
         1   4  2.220446E-16 -3.720959E-04 -2.383812E-04  2.936880E-17 -1.948149E-17 -1.005858E-05
         1   5  2.220446E-16 -3.782775E-04 -2.207410E-04  2.755358E-18  6.192693E-18 -8.286995E-06
         1   6  2.220446E-16 -3.782775E-04 -2.207410E-04  2.288563E-18  1.837318E-17 -8.286995E-06
         1   7  2.220446E-16 -3.782775E-04 -2.383812E-04  1.074832E-17 -3.176803E-18 -1.446857E-05
         1   8  2.220446E-16 -3.782775E-04 -2.383812E-04  1.028152E-17 -1.787081E-17 -1.446857E-05
         2   1  2.220446E-16 -3.720959E-04 -2.207410E-04  2.272618E-17 -3.768443E-19 -3.876884E-06
         2   2  2.220446E-16 -3.720959E-04 -2.207410E-04  2.412311E-17 -4.416151E-17 -3.876884E-06
         2   3  2.220446E-16 -3.720959E-04 -2.383812E-04  2.204202E-17 -1.323224E-17 -1.005858E-05
         2   4  2.220446E-16 -3.720959E-04 -2.383812E-04  2.343895E-17  2.544282E-17 -1.005858E-05
         2   5  2.220446E-16 -3.782775E-04 -2.207410E-04  1.296532E-17 -1.526015E-17 -8.286995E-06
         2   6  2.220446E-16 -3.782775E-04 -2.207410E-04  5.559212E-17 -5.904482E-17 -8.286995E-06
         2   7  2.220446E-16 -3.782775E-04 -2.383812E-04  7.966174E-18 -1.852314E-17 -1.446857E-05
         2   8  2.220446E-16 -3.782775E-04 -2.383812E-04  5.059297E-17  2.015192E-17 -1.446857E-05
         3   1  2.220446E-16 -3.720959E-04 -2.207410E-04  2.681160E-17 -2.844869E-17 -3.876884E-06
         3   2  2.220446E-16 -3.720959E-04 -2.207410E-04  2.338649E-17  2.086562E-17 -3.876884E-06
         3   3  2.220446E-16 -3.720959E-04 -2.383812E-04  3.551249E-17  3.145623E-17 -1.005858E-05
         3   4  2.220446E-16 -3.720959E-04 -2.383812E-04  3.208738E-17 -1.963939E-18 -1.005858E-05
         3   5  2.220446E-16 -3.782775E-04 -2.207410E-04  6.073261E-17 -5.937415E-18 -8.286995E-06
         3   6  2.220446E-16 -3.782775E-04 -2.207410E-04  1.594027E-17  4.337690E-17 -8.286995E-06
         3   7  5.998963E-34 -3.782775E-04 -2.383812E-04  7.196368E-17  3.733826E-17 -1.446857E-05
         3   8  5.998963E-34 -3.782775E-04 -2.383812E-04  2.717133E-17  3.918091E-18 -1.446857E-05
         4   1  1.333803E-34 -3.720959E-04 -2.207410E-04  1.964781E-17  1.919383E-17 -3.876884E-06
         4   2  1.333803E-34 -3.720959E-04 -2.207410E-04  4.765270E-20 -6.240645E-18 -3.876884E-06
         4   3  1.734478E-33 -3.720959E-04 -2.383812E-04  4.117645E-17 -1.652390E-17 -1.005858E-05
         4   4  1.734478E-33 -3.720959E-04 -2.383812E-04  2.157630E-17 -1.281277E-17 -1.005858E-05
         4   5  2.371508E-34 -3.782775E-04 -2.207410E-04  8.687756E-19  1.326083E-17 -8.286995E-06
         4   6  2.371508E-34 -3.782775E-04 -2.207410E-04 -4.158578E-18 -1.217364E-17 -8.286995E-06
         4   7  1.536411E-33 -3.782775E-04 -2.383812E-04  2.070891E-17 -2.071568E-17 -1.446857E-05
         4   8  1.536411E-33 -3.782775E-04 -2.383812E-04  1.568156E-17 -1.700455E-17 -1.446857E-05
         5   1  7.609583E-35 -3.720959E-04 -2.207410E-04 -8.431000E-18 -2.106760E-18 -3.876884E-06
         5   2  7.609583E-35 -3.720959E-04 -2.207410E-04 -4.610927E-18  1.949402E-17 -3.876884E-06
         5   3  8.051502E-34 -3.720959E-04 -2.383812E-04  5.707486E-18 -5.114134E-19 -1.005858E-05
         5   4  8.051502E-34 -3.720959E-04 -2.383812E-04  9.527559E-18  1.033486E-17 -1.005858E-05
         5   5  3.880136E-34 -3.782775E-04 -2.207410E-04 -7.835615E-18  7.092947E-18 -8.286995E-06
         5   6  3.880136E-34 -3.782775E-04 -2.207410E-04 -9.392794E-18  2.869372E-17 -8.286995E-06
         5   7  1.829146E-33 -3.782775E-04 -2.383812E-04  8.556645E-18  1.435889E-17 -1.446857E-05
         5   8  1.829146E-33 -3.782775E-04 -2.383812E-04  6.999466E-18  2.520516E-17 -1.446857E-05
         6   1 -1.110223E-16 -3.720959E-04 -2.207410E-04 -6.232420E-18  1.572207E-17 -3.876884E-06
         6   2 -1.110223E-16 -3.720959E-04 -2.207410E-04 -7.510323E-18 -3.519089E-18 -3.876884E-06
         6   3 -1.110223E-16 -3.720959E-04 -2.383812E-04  9.071029E-19  5.723843E-18 -1.005858E-05
         6   4 -1.110223E-16 -3.720959E-04 -2.383812E-04 -3.708004E-19 -7.237822E-20 -1.005858E-05
         6   5 -1.110223E-16 -3.782775E-04 -2.207410E-04 -1.172233E-17  1.224958E-17 -8.286995E-06
         6   6 -1.110223E-16 -3.782775E-04 -2.207410E-04 -6.277765E-18 -6.991579E-18 -8.286995E-06
         6   7 -1.110223E-16 -3.782775E-04 -2.383812E-04 -5.585371E-18  2.936098E-18 -1.446857E-05
         6   8 -1.110223E-16 -3.782775E-04 -2.383812E-04 -1.408040E-19 -2.860123E-18 -1.446857E-05
         7   1 -1.110223E-16 -3.720959E-04 -2.207410E-04 -4.330375E-18 -3.650849E-18 -3.876884E-06
         7   2 -1.110223E-16 -3.720959E-04 -2.207410E-04  6.246056E-18  2.234699E-18 -3.876884E-06
         7   3 -1.110223E-16 -3.720959E-04 -2.383812E-04  2.185967E-18  7.607442E-19 -1.005858E-05
         7   4 -1.110223E-16 -3.720959E-04 -2.383812E-04  1.276240E-17 -1.147748E-18 -1.005858E-05
         7   5 -1.110223E-16 -3.782775E-04 -2.207410E-04 -3.195035E-18  5.878292E-18 -8.286995E-06
         7   6 -1.110223E-16 -3.782775E-04 -2.207410E-04  3.484376E-18  1.176384E-17 -8.286995E-06
         7   7 -1.110223E-16 -3.782775E-04 -2.383812E-04 -7.293696E-19  7.957208E-18 -1.446857E-05
         7   8 -1.110223E-16 -3.782775E-04 -2.383812E-04  5.950041E-18  6.048715E-18 -1.446857E-05
         8   1 -2.220446E-16 -3.720959E-04 -2.207410E-04  2.089805E-18  6.818762E-19 -3.876884E-06
         8   2 -2.220446E-16 -3.720959E-04 -2.207410E-04 -1.072281E-17 -1.603638E-19 -3.876884E-06
         8   3 -2.220446E-16 -3.720959E-04 -2.383812E-04 -5.197790E-19  1.076558E-18 -1.005858E-05
         8   4 -2.220446E-16 -3.720959E-04 -2.383812E-04 -1.333240E-17  1.603454E-17 -1.005858E-05
         8   5 -2.220446E-16 -3.782775E-04 -2.207410E-04  4.469946E-18  9.206769E-19 -8.286995E-06
         8   6 -2.220446E-16 -3.782775E-04 -2.207410E-04 -4.425599E-19  7.843685E-20 -8.286995E-06
         8   7 -2.220446E-16 -3.782775E-04 -2.383812E-04  7.802607E-18  1.299984E-18 -1.446857E-05
         8   8 -2.220446E-16 -3.782775E-04 -2.383812E-04  2.890101E-18  1.625797E-17 -1.446857E-05
         9   1 -1.110223E-16 -3.720959E-04 -2.207410E-04 -1.195214E-17  2.636663E-18 -3.876884E-06
         9   2 -1.110223E-16 -3.720959E-04 -2.207410E-04 -5.269414E-18  8.533902E-18 -3.876884E-06
         9   3 -1.110223E-16 -3.720959E-04 -2.383812E-04 -1.175569E-17  1.554873E-17 -1.005858E-05
         9   4 -1.110223E-16 -3.720959E-04 -2.383812E-04 -5.072966E-18  4.279516E-18 -1.005858E-05
         9   5 -1.110223E-16 -3.782775E-04 -2.207410E-04 -5.063276E-18  5.456665E-18 -8.286995E-06
         9   6 -1.110223E-16 -3.782775E-04 -2.207410E-04 -6.963773E-18  1.135390E-17 -8.286995E-06
         9   7 -1.110223E-16 -3.782775E-04 -2.383812E-04 -7.501683E-18  1.075911E-17 -1.446857E-05
         9   8 -1.110223E-16 -3.782775E-04 -2.383812E-04 -9.402180E-18 -5.100990E-19 -1.446857E-05
        10   1  3.665022E-35 -3.720959E-04 -2.207410E-04 -5.797396E-18  5.179075E-18 -3.876884E-06
        10   2  3.665022E-35 -3.720959E-04 -2.207410E-04 -4.128219E-18 -3.967401E-19 -3.876884E-06
        10   3  3.457827E-34 -3.720959E-04 -2.383812E-04 -1.542120E-17  1.780442E-18 -1.005858E-05
        10   4  3.457827E-34 -3.720959E-04 -2.383812E-04 -1.375202E-17  6.780857E-19 -1.005858E-05
        10   5  1.812559E-34 -3.782775E-04 -2.207410E-04 -8.139770E-18 -1.478407E-18 -8.286995E-06
        10   6  1.812559E-34 -3.782775E-04 -2.207410E-04 -4.233863E-18 -7.054223E-18 -8.286995E-06
        10   7  2.215914E-34 -3.782775E-04 -2.383812E-04 -1.580772E-17  2.528995E-18 -1.446857E-05
        10   8  2.215914E-34 -3.782775E-04 -2.383812E-04 -1.190181E-17  1.426639E-18 -1.446857E-05
        11   1  2.220446E-16 -3.302929E-04 -2.275851E-04  1.012538E-17 -9.681588E-18 -2.194368E-05
        11   2  2.220446E-16 -3.302929E-04 -2.275851E-04  1.675523E-17 -3.763665E-17 -2.194368E-05
        11   3  2.220446E-16 -3.302929E-04 -1.804434E-04 -9.211078E-18 -1.333655E-17 -6.442443E-05
        11   4  2.220446E-16 -3.302929E-04 -1.804434E-04 -2.581228E-18 -5.064702E-17 -6.442443E-05
        11   5  2.220446E-16 -3.727725E-04 -2.275851E-04  9.791410E-18 -8.178307E-18 -1.015941E-05
        11   6  2.220446E-16 -3.727725E-04 -2.275851E-04  1.174356E-17 -3.613337E-17 -1.015941E-05
        11   7  2.220446E-16 -3.727725E-04 -1.804434E-04 -3.268383E-18 -1.246363E-17 -5.263780E-05
        11   8  2.220446E-16 -3.727725E-04 -1.804434E-04 -1.316234E-18 -4.977410E-17 -5.263780E-05
        12   1  2.220446E-16 -3.302929E-04 -2.275851E-04  1.242127E-17 -2.561496E-17 -2.194368E-05
        12   2  2.220446E-16 -3.302929E-04 -2.275851E-04  3.500458E-18  3.800090E-17 -2.194368E-05
        12   3  2.220446E-16 -3.302929E-04 -1.804434E-04  2.715817E-17 -4.659125E-17 -6.442443E-05
        12   4  2.220446E-16 -3.302929E-04 -1.804434E-04  1.823735E-17  2.704372E-18 -6.442443E-05
        12   5  2.220446E-16 -3.727725E-04 -2.275851E-04 -3.155144E-18 -2.692222E-17 -1.015941E-05
        12   6  2.220446E-16 -3.727725E-04 -2.275851E-04 -1.923607E-17  3.669363E-17 -1.015941E-05
        12   7  2.220446E-16 -3.727725E-04 -1.804434E-04  1.871054E-17 -4.661359E-17 -5.263780E-05
        12   8  2.220446E-16 -3.727725E-04 -1.804434E-04  2.629609E-18  2.682040E-18 -5.263780E-05
        13   1  2.220446E-16 -3.302929E-04 -2.275851E-04  1.310160E-17  4.440022E-17 -2.194368E-05
        13   2  2.220446E-16 -3.302929E-04 -2.275851E-04  5.835239E-18 -1.143040E-18 -2.194368E-05
        13   3  2.220446E-16 -3.302929E-04 -1.804434E-04  2.587401E-17  1.985606E-17 -6.442443E-05
        13   4  2.220446E-16 -3.302929E-04 -1.804434E-04  1.860765E-17  2.392635E-17 -6.442443E-05
        13   5  9.906689E-34 -3.727725E-04 -2.275851E-04  4.044321E-18  4.249958E-17 -1.015941E-05
        13   6  9.906689E-34 -3.727725E-04 -2.275851E-04  2.158474E-17 -3.043686E-18 -1.015941E-05
        13   7  2.220446E-16 -3.727725E-04 -1.804434E-04  1.137330E-17  1.332873E-17 -5.263780E-05
        13   8  2.220446E-16 -3.727725E-04 -1.804434E-04  2.891372E-17  1.739902E-17 -5.263780E-05
        14   1  2.272087E-33 -3.302929E-04 -2.275851E-04  1.100423E-17 -1.624168E-17 -2.194368E-05
        14   2  2.272087E-33 -3.302929E-04 -2.275851E-04 -5.759632E-18 -1.361015E-17 -2.194368E-05
        14   3  1.165204E-33 -3.302929E-04 -1.804434E-04  1.222562E-18  2.024944E-17 -6.442443E-05
        14   4  1.165204E-33 -3.302929E-04 -1.804434E-04 -1.554130E-17 -9.214161E-18 -6.442443E-05
        14   5  2.342246E-33 -3.727725E-04 -2.275851E-04  2.810667E-17 -1.648073E-17 -1.015941E-05
        14   6  2.342246E-33 -3.727725E-04 -2.275851E-04 -4.704753E-18 -1.384920E-17 -1.015941E-05
        14   7  2.571699E-33 -3.727725E-04 -1.804434E-04  2.766000E-17  2.906919E-17 -5.263780E-05
        14   8  2.571699E-33 -3.727725E-04 -1.804434E-04 -5.151421E-18 -3.944128E-19 -5.263780E-05
        15   1  2.013180E-33 -3.302929E-04 -2.275851E-04 -1.407071E-17 -3.323902E-18 -2.194368E-05
        15   2  2.013180E-33 -3.302929E-04 -2.275851E-04 -1.348030E-17  7.962609E-18 -2.194368E-05
        15   3  5.010726E-33 -3.302929E-04 -1.804434E-04  4.618797E-18 -1.260632E-17 -6.442443E-05
        15   4  5.010726E-33 -3.302929E-04 -1.804434E-04  5.209204E-18  1.063745E-17 -6.442443E-05
        15   5  2.938867E-33 -3.727725E-04 -2.275851E-04 -1.527138E-17  1.062769E-17 -1.015941E-05
        15   6  2.938867E-33 -3.727725E-04 -2.275851E-04 -8.702346E-18  2.191420E-17 -1.015941E-05
        15   7  4.461623E-33 -3.727725E-04 -1.804434E-04 -1.968120E-18 -6.825891E-18 -5.263780E-05
        15   8  4.461623E-33 -3.727725E-04 -1.804434E-04  4.600914E-18  1.641788E-17 -5.263780E-05
        16   1 -1.110223E-16 -3.302929E-04 -2.275851E-04 -1.479056E-17  7.564735E-18 -2.194368E-05
        16   2 -1.110223E-16 -3.302929E-04 -2.275851E-04  7.273114E-18  7.318355E-18 -2.194368E-05
        16   3  4.501641E-33 -3.302929E-04 -1.804434E-04  1.066965E-17  2.258807E-17 -6.442443E-05
        16   4  4.501641E-33 -3.302929E-04 -1.804434E-04  3.273332E-17  2.405919E-17 -6.442443E-05
        16   5 -1.110223E-16 -3.727725E-04 -2.275851E-04 -1.343366E-17  9.385015E-18 -1.015941E-05
        16   6 -1.110223E-16 -3.727725E-04 -2.275851E-04  9.488761E-18  9.138636E-18 -1.015941E-05
        16   7  3.456443E-33 -3.727725E-04 -1.804434E-04  5.939749E-18  3.630891E-17 -5.263780E-05
        16   8  3.456443E-33 -3.727725E-04 -1.804434E-04  2.886217E-17  3.778004E-17 -5.263780E-05
        17   1 -1.110223E-16 -3.302929E-04 -2.275851E-04  1.212700E-18  4.385962E-18 -2.194368E-05
        17   2 -1.110223E-16 -3.302929E-04 -2.275851E-04  4.537720E-18 -6.039649E-18 -2.194368E-05
        17   3 -1.110223E-16 -3.302929E-04 -1.804434E-04 -1.228795E-17  9.880914E-18 -6.442443E-05
        17   4 -1.110223E-16 -3.302929E-04 -1.804434E-04 -8.962928E-18 -1.601986E-17 -6.442443E-05
        17   5 -1.110223E-16 -3.727725E-04 -2.275851E-04  3.312573E-18  8.867735E-18 -1.015941E-05
        17   6 -1.110223E-16 -3.727725E-04 -2.275851E-04 -1.099987E-18 -1.557876E-18 -1.015941E-05
        17   7 -1.110223E-16 -3.727725E-04 -1.804434E-04  4.667096E-18  9.265946E-18 -5.263780E-05
        17   8 -1.110223E-16 -3.727725E-04 -1.804434E-04  2.545361E-19 -1.663482E-17 -5.263780E-05
        18   1 -2.220446E-16 -3.302929E-04 -2.275851E-04 -2.033227E-18 -3.998078E-18 -2.194368E-05
        18   2 -2.220446E-16 -3.302929E-04 -2.275851E-04  2.247781E-18  1.761379E-17 -2.194368E-05
        18   3 -2.220446E-16 -3.302929E-04 -1.804434E-04  2.031176E-18 -1.825901E-17 -6.442443E-05
        18   4 -2.220446E-16 -3.302929E-04 -1.804434E-04  6.312185E-18  5.731404E-18 -6.442443E-05
        18   5 -2.220446E-16 -3.727725E-04 -2.275851E-04 -2.826488E-18 -5.133142E-18 -1.015941E-05
        18   6 -2.220446E-16 -3.727725E-04 -2.275851E-04  2.643791E-18  1.647873E-17 -1.015941E-05
        18   7 -1.110223E-16 -3.727725E-04 -1.804434E-04 -1.141575E-17 -2.307425E-17 -5.263780E-05
        18   8 -1.110223E-16 -3.727725E-04 -1.804434E-04 -5.945469E-18  9.161584E-19 -5.263780E-05
        19   1 -1.110223E-16 -3.302929E-04 -2.275851E-04  3.246069E-18  1.732057E-17 -2.194368E-05
        19   2 -1.110223E-16 -3.302929E-04 -2.275851E-04  5.384621E-18  4.172789E-19 -2.194368E-05
        19   3 -1.110223E-16 -3.302929E-04 -1.804434E-04 -9.573766E-18  9.248255E-18 -6.442443E-05
        19   4 -1.110223E-16 -3.302929E-04 -1.804434E-04 -7.435213E-18 -5.881184E-18 -6.442443E-05
        19   5 -1.110223E-16 -3.727725E-04 -2.275851E-04 -3.716472E-18  1.068190E-17 -1.015941E-05
        19   6 -1.110223E-16 -3.727725E-04 -2.275851E-04 -6.909921E-19 -6.221395E-18 -1.015941E-05
        19   7 -1.110223E-16 -3.727725E-04 -1.804434E-04 -1.069331E-17  5.173449E-18 -5.263780E-05
        19   8 -1.110223E-16 -3.727725E-04 -1.804434E-04 -7.667828E-18 -9.955990E-18 -5.263780E-05
        20   1  2.021182E-34 -3.302929E-04 -2.275851E-04 -1.510174E-18 -4.616752E-19 -2.194368E-05
        20   2  2.021182E-34 -3.302929E-04 -2.275851E-04 -7.587647E-18  1.466173E-18 -2.194368E-05
        20   3 -1.110223E-16 -3.302929E-04 -1.804434E-04  1.727083E-17 -3.190989E-18 -6.442443E-05
        20   4 -1.110223E-16 -3.302929E-04 -1.804434E-04  1.119336E-17  2.542071E-18 -6.442443E-05
        20   5  3.429268E-34 -3.727725E-04 -2.275851E-04 -4.579297E-18  5.467924E-18 -1.015941E-05
        20   6  3.429268E-34 -3.727725E-04 -2.275851E-04 -8.754165E-18  7.395772E-18 -1.015941E-05
        20   7  6.096137E-34 -3.727725E-04 -1.804434E-04  3.563032E-18  9.492569E-18 -5.263780E-05
        20   8  6.096137E-34 -3.727725E-04 -1.804434E-04 -6.118356E-19  1.522563E-17 -5.263780E-05
        21   1  2.220446E-16 -1.261821E-04 -3.123134E-04  5.438614E-19  1.725897E-18 -1.067485E-05
        21   2  2.220446E-16 -1.261821E-04 -3.123134E-04  3.613434E-18  4.442780E-18 -1.067485E-05
        21   3  2.220446E-16 -1.261821E-04 -3.082689E-04 -1.025554E-18 -8.444312E-19 -1.998850E-05
        21   4  2.220446E-16 -1.261821E-04 -3.082689E-04  2.044019E-18 -2.874547E-17 -1.998850E-05
        21   5  2.220446E-16 -1.354957E-04 -3.123134E-04 -2.112903E-18  5.643178E-18 -9.663776E-06
        21   6  2.220446E-16 -1.354957E-04 -3.123134E-04 -1.435229E-17  8.360061E-18 -9.663776E-06
        21   7  2.220446E-16 -1.354957E-04 -3.082689E-04  4.324713E-18  3.945244E-18 -1.897733E-05
        21   8  2.220446E-16 -1.354957E-04 -3.082689E-04 -7.914674E-18 -2.395579E-17 -1.897733E-05
        22   1  2.220446E-16 -1.261821E-04 -3.123134E-04  1.547621E-17 -1.747120E-17 -1.067485E-05
        22   2  2.220446E-16 -1.261821E-04 -3.123134E-04  4.586808E-17 -4.197201E-17 -1.067485E-05
        22   3  0.000000E+00 -1.261821E-04 -3.082689E-04  1.284858E-17 -4.611666E-17 -1.998850E-05
        22   4  0.000000E+00 -1.261821E-04 -3.082689E-04  4.324045E-17  3.423198E-18 -1.998850E-05
        22   5  1.881749E-34 -1.354957E-04 -3.123134E-04  3.226700E-19 -6.902869E-18 -9.663776E-06
        22   6  1.881749E-34 -1.354957E-04 -3.123134E-04  6.773487E-17 -3.140368E-17 -9.663776E-06
        22   7  2.220446E-16 -1.354957E-04 -3.082689E-04 -8.296077E-18 -4.128552E-17 -1.897733E-05
        22   8  2.220446E-16 -1.354957E-04 -3.082689E-04  5.911613E-17  8.254343E-18 -1.897733E-05
        23   1  0.000000E+00 -1.261821E-04 -3.123134E-04  4.484267E-17 -1.665384E-17 -1.067485E-05
        23   2  0.000000E+00 -1.261821E-04 -3.123134E-04  7.681903E-18  3.275493E-17 -1.067485E-05
        23   3 -3.931186E-34 -1.261821E-04 -3.082689E-04  4.619568E-17  2.266229E-17 -1.998850E-05
        23   4 -3.931186E-34 -1.261821E-04 -3.082689E-04  9.034916E-18 -1.939774E-19 -1.998850E-05
        23   5  0.000000E+00 -1.354957E-04 -3.123134E-04  6.834789E-17 -2.063758E-17 -9.663776E-06
        23   6  0.000000E+00 -1.354957E-04 -3.123134E-04 -4.945396E-18  2.877119E-17 -9.663776E-06
        23   7 -6.360615E-34 -1.354957E-04 -3.082689E-04  6.732399E-17  2.490324E-17 -1.897733E-05
        23   8 -6.360615E-34 -1.354957E-04 -3.082689E-04 -5.969288E-18  2.046969E-18 -1.897733E-05
        24   1 -5.024696E-35 -1.261821E-04 -3.123134E-04 -2.785307E-18  4.683257E-17 -1.067485E-05
        24   2 -5.024696E-35 -1.261821E-04 -3.123134E-04 -2.871731E-18  2.153215E-17 -1.067485E-05
        24   3  1.401925E-33 -1.261821E-04 -3.082689E-04  7.187133E-18  1.414517E-19 -1.998850E-05
        24   4  1.401925E-33 -1.261821E-04 -3.082689E-04  7.100710E-18 -1.977193E-19 -1.998850E-05
        24   5  1.679753E-33 -1.354957E-04 -3.123134E-04 -1.887757E-17  6.426774E-17 -9.663776E-06
        24   6  1.679753E-33 -1.354957E-04 -3.123134E-04 -6.483373E-18  3.896733E-17 -9.663776E-06
        24   7  4.667727E-33 -1.354957E-04 -3.082689E-04  2.911096E-18  1.137893E-17 -1.897733E-05
        24   8  4.667727E-33 -1.354957E-04 -3.082689E-04  1.530530E-17  1.103976E-17 -1.897733E-05
        25   1 -1.344992E-34 -1.261821E-04 -3.123134E-04 -5.682740E-18 -2.279591E-18 -1.067485E-05
        25   2 -1.344992E-34 -1.261821E-04 -3.123134E-04 -1.117419E-17 -7.627004E-18 -1.067485E-05
        25   3  7.948419E-34 -1.261821E-04 -3.082689E-04  2.184841E-18 -5.232976E-18 -1.998850E-05
        25   4  7.948419E-34 -1.261821E-04 -3.082689E-04 -3.306612E-18 -2.058379E-17 -1.998850E-05
        25   5  3.799527E-34 -1.354957E-04 -3.123134E-04 -1.400614E-17 -1.658717E-17 -9.663776E-06
        25   6  3.799527E-34 -1.354957E-04 -3.123134E-04 -2.449929E-17 -2.193458E-17 -9.663776E-06
        25   7 -3.596065E-34 -1.354957E-04 -3.082689E-04 -1.466726E-17 -1.426661E-17 -1.897733E-05
        25   8 -3.596065E-34 -1.354957E-04 -3.082689E-04 -2.516041E-17 -2.961742E-17 -1.897733E-05
        26   1  0.000000E+00 -1.261821E-04 -3.123134E-04 -1.667818E-17 -3.010495E-17 -1.067485E-05
        26   2  0.000000E+00 -1.261821E-04 -3.123134E-04 -1.762459E-17 -4.056126E-17 -1.067485E-05
        26   3  0.000000E+00 -1.261821E-04 -3.082689E-04 -1.739268E-17 -3.283435E-17 -1.998850E-05
        26   4  0.000000E+00 -1.261821E-04 -3.082689E-04 -1.833909E-17 -1.938445E-18 -1.998850E-05
        26   5  0.000000E+00 -1.354957E-04 -3.123134E-04 -1.856661E-17 -5.877058E-18 -9.663776E-06
        26   6  0.000000E+00 -1.354957E-04 -3.123134E-04  1.163092E-18 -1.633337E-17 -9.663776E-06
        26   7  2.221982E-33 -1.354957E-04 -3.082689E-04 -1.231413E-17 -9.030884E-18 -1.897733E-05
        26   8  2.221982E-33 -1.354957E-04 -3.082689E-04  7.415564E-18  2.186502E-17 -1.897733E-05
        27   1  0.000000E+00 -1.261821E-04 -3.123134E-04 -7.195252E-18  7.033737E-18 -1.067485E-05
        27   2  0.000000E+00 -1.261821E-04 -3.123134E-04  2.157648E-17  1.865532E-17 -1.067485E-05
        27   3  0.000000E+00 -1.261821E-04 -3.082689E-04 -7.257321E-18  3.824976E-17 -1.998850E-05
        27   4  0.000000E+00 -1.261821E-04 -3.082689E-04  2.151441E-17  1.765122E-17 -1.998850E-05
        27   5 -1.110223E-16 -1.354957E-04 -3.123134E-04  7.778570E-18 -1.328496E-19 -9.663776E-06
        27   6 -1.110223E-16 -1.354957E-04 -3.123134E-04  2.044024E-17  1.148873E-17 -9.663776E-06
        27   7 -1.110223E-16 -1.354957E-04 -3.082689E-04 -2.568335E-19  1.949440E-17 -1.897733E-05
        27   8 -1.110223E-16 -1.354957E-04 -3.082689E-04  1.240484E-17 -1.104149E-18 -1.897733E-05
        28   1  0.000000E+00 -1.261821E-04 -3.123134E-04  2.667904E-17  1.142260E-17 -1.067485E-05
        28   2  0.000000E+00 -1.261821E-04 -3.123134E-04  1.213303E-17  2.942346E-17 -1.067485E-05
        28   3  0.000000E+00 -1.261821E-04 -3.082689E-04  2.634731E-17  4.301475E-18 -1.998850E-05
        28   4  0.000000E+00 -1.261821E-04 -3.082689E-04  1.180130E-17  2.478449E-17 -1.998850E-05
        28   5  0.000000E+00 -1.354957E-04 -3.123134E-04  2.418711E-17  1.131477E-17 -9.663776E-06
        28   6  0.000000E+00 -1.354957E-04 -3.123134E-04  1.088218E-17  2.931563E-17 -9.663776E-06
        28   7  0.000000E+00 -1.354957E-04 -3.082689E-04  2.706921E-17  1.342660E-17 -1.897733E-05
        28   8  0.000000E+00 -1.354957E-04 -3.082689E-04  1.376428E-17  3.390961E-17 -1.897733E-05
        29   1  0.000000E+00 -1.261821E-04 -3.123134E-04  3.054764E-18  2.217020E-17 -1.067485E-05
        29   2  0.000000E+00 -1.261821E-04 -3.123134E-04 -3.697518E-18 -3.558619E-18 -1.067485E-05
        29   3  0.000000E+00 -1.261821E-04 -3.082689E-04 -8.027321E-19  1.533510E-17 -1.998850E-05
        29   4  0.000000E+00 -1.261821E-04 -3.082689E-04 -7.555014E-18 -2.213676E-18 -1.998850E-05
        29   5  0.000000E+00 -1.354957E-04 -3.123134E-04  2.294543E-18  2.277142E-17 -9.663776E-06
        29   6  0.000000E+00 -1.354957E-04 -3.123134E-04 -3.677184E-19 -2.957394E-18 -9.663776E-06
        29   7 -1.110223E-16 -1.354957E-04 -3.082689E-04 -2.308216E-18  1.676772E-17 -1.897733E-05
        29   8 -1.110223E-16 -1.354957E-04 -3.082689E-04 -4.970478E-18 -7.810536E-19 -1.897733E-05
        30   1 -1.785471E-34 -1.261821E-04 -3.123134E-04 -3.472080E-18 -7.328495E-18 -1.067485E-05
        30   2 -1.785471E-34 -1.261821E-04 -3.123134E-04 -7.219142E-19  2.257176E-18 -1.067485E-05
        30   3 -3.668748E-35 -1.261821E-04 -3.082689E-04 -2.675841E-18 -7.535546E-19 -1.998850E-05
        30   4 -3.668748E-35 -1.261821E-04 -3.082689E-04  7.432558E-20  2.922278E-18 -1.998850E-05
        30   5  3.831892E-34 -1.354957E-04 -3.123134E-04  2.179306E-18  1.527660E-18 -9.663776E-06
        30   6  3.831892E-34 -1.354957E-04 -3.123134E-04  1.974553E-18  1.111333E-17 -9.663776E-06
        30   7  2.438853E-34 -1.354957E-04 -3.082689E-04  7.350523E-18 -1.295687E-18 -1.897733E-05
        30   8  2.438853E-34 -1.354957E-04 -3.082689E-04  7.145771E-18  2.380146E-18 -1.897733E-05
        31   1  2.220446E-16 -1.486547E-04 -2.985216E-04  2.779408E-19 -1.460110E-18 -1.176395E-05
        31   2  2.220446E-16 -1.486547E-04 -2.985216E-04  7.703823E-18 -4.119763E-17 -1.176395E-05
        31   3  2.220446E-16 -1.486547E-04 -2.759289E-04  1.018819E-18 -5.497059E-19 -6.121692E-05
        31   4  2.220446E-16 -1.486547E-04 -2.759289E-04  8.444702E-18 -4.200720E-17 -6.121692E-05
        31   5  2.220446E-16 -1.981064E-04 -2.985216E-04  5.754972E-18  1.075154E-17 -6.117090E-06
        31   6  2.220446E-16 -1.981064E-04 -2.985216E-04  1.232087E-17 -2.898598E-17 -6.117090E-06
        31   7  2.220446E-16 -1.981064E-04 -2.759289E-04 -1.561214E-17  3.100956E-17 -5.556748E-05
        31   8  2.220446E-16 -1.981064E-04 -2.759289E-04 -9.046241E-18 -1.044793E-17 -5.556748E-05
        32   1  0.000000E+00 -1.486547E-04 -2.985216E-04  3.674990E-18 -5.285440E-17 -1.176395E-05
        32   2  0.000000E+00 -1.486547E-04 -2.985216E-04 -1.358340E-17  2.387042E-17 -1.176395E-05
        32   3  0.000000E+00 -1.486547E-04 -2.759289E-04  8.330739E-18 -4.259809E-17 -6.121692E-05
        32   4  0.000000E+00 -1.486547E-04 -2.759289E-04 -8.927651E-18  3.435674E-17 -6.121692E-05
        32   5  0.000000E+00 -1.981064E-04 -2.985216E-04 -5.122649E-18 -5.451926E-17 -6.117090E-06
        32   6  0.000000E+00 -1.981064E-04 -2.985216E-04 -2.226603E-17  2.220556E-17 -6.117090E-06
        32   7  0.000000E+00 -1.981064E-04 -2.759289E-04  7.697360E-18 -5.634659E-17 -5.556748E-05
        32   8  0.000000E+00 -1.981064E-04 -2.759289E-04 -9.446024E-18  2.060824E-17 -5.556748E-05
        33   1 -1.291724E-35 -1.486547E-04 -2.985216E-04 -1.498283E-18  3.553924E-17 -1.176395E-05
        33   2 -1.291724E-35 -1.486547E-04 -2.985216E-04  2.378789E-17 -9.611929E-18 -1.176395E-05
        33   3  2.220446E-16 -1.486547E-04 -2.759289E-04  9.311769E-18  3.142940E-17 -6.121692E-05
        33   4  2.220446E-16 -1.486547E-04 -2.759289E-04  3.459794E-17 -2.367544E-18 -6.121692E-05
        33   5 -3.789031E-34 -1.981064E-04 -2.985216E-04 -2.092662E-18  4.088871E-17 -6.117090E-06
        33   6 -3.789031E-34 -1.981064E-04 -2.985216E-04  2.887063E-17 -4.262460E-18 -6.117090E-06
        33   7  2.818511E-33 -1.981064E-04 -2.759289E-04  1.628051E-17  3.912577E-17 -5.556748E-05
        33   8  2.818511E-33 -1.981064E-04 -2.759289E-04  4.724380E-17  5.328825E-18 -5.556748E-05
        34   1  2.283038E-33 -1.486547E-04 -2.985216E-04  2.798519E-17 -1.048705E-17 -1.176395E-05
        34   2  2.283038E-33 -1.486547E-04 -2.985216E-04 -1.508728E-17 -1.286702E-18 -1.176395E-05
        34   3  2.238589E-33 -1.486547E-04 -2.759289E-04  2.719295E-17  7.152985E-18 -6.121692E-05
        34   4  2.238589E-33 -1.486547E-04 -2.759289E-04 -1.587952E-17  1.745454E-17 -6.121692E-05
        34   5  5.994059E-33 -1.981064E-04 -2.985216E-04  5.132249E-17 -7.533247E-18 -6.117090E-06
        34   6  5.994059E-33 -1.981064E-04 -2.985216E-04  8.800623E-18  1.667101E-18 -6.117090E-06
        34   7  2.726375E-33 -1.981064E-04 -2.759289E-04  3.461071E-17 -6.326817E-18 -5.556748E-05
        34   8  2.726375E-33 -1.981064E-04 -2.759289E-04 -7.911152E-18  3.974735E-18 -5.556748E-05
        35   1  1.828655E-33 -1.486547E-04 -2.985216E-04 -2.391032E-17  5.830610E-18 -1.176395E-05
        35   2  1.828655E-33 -1.486547E-04 -2.985216E-04  1.014184E-17 -1.439883E-17 -1.176395E-05
        35   3  1.037682E-33 -1.486547E-04 -2.759289E-04 -2.988426E-17  3.904349E-17 -6.121692E-05
        35   4  1.037682E-33 -1.486547E-04 -2.759289E-04  4.167899E-18  1.548877E-17 -6.121692E-05
        35   5  7.476120E-34 -1.981064E-04 -2.985216E-04 -2.846402E-17  5.930198E-18 -6.117090E-06
        35   6  7.476120E-34 -1.981064E-04 -2.985216E-04  3.925504E-18 -1.429924E-17 -6.117090E-06
        35   7  9.366912E-34 -1.981064E-04 -2.759289E-04 -3.063442E-17  5.897932E-17 -5.556748E-05
        35   8  9.366912E-34 -1.981064E-04 -2.759289E-04  1.755104E-18  3.542460E-17 -5.556748E-05
        36   1  0.000000E+00 -1.486547E-04 -2.985216E-04  1.209943E-17 -3.019272E-17 -1.176395E-05
        36   2  0.000000E+00 -1.486547E-04 -2.985216E-04  7.817722E-18  6.505976E-18 -1.176395E-05
        36   3  8.916315E-34 -1.486547E-04 -2.759289E-04  2.238930E-17 -2.027527E-17 -6.121692E-05
        36   4  8.916315E-34 -1.486547E-04 -2.759289E-04  1.810760E-17 -9.075271E-18 -6.121692E-05
        36   5  2.597092E-33 -1.981064E-04 -2.985216E-04  2.321100E-17 -1.147534E-17 -6.117090E-06
        36   6  2.597092E-33 -1.981064E-04 -2.985216E-04  6.179948E-18  2.522335E-17 -6.117090E-06
        36   7  1.418089E-33 -1.981064E-04 -2.759289E-04  2.544942E-17 -1.506902E-17 -5.556748E-05
        36   8  1.418089E-33 -1.981064E-04 -2.759289E-04  8.418366E-18 -3.869020E-18 -5.556748E-05
        37   1  0.000000E+00 -1.486547E-04 -2.985216E-04  3.014774E-18  3.655207E-17 -1.176395E-05
        37   2  0.000000E+00 -1.486547E-04 -2.985216E-04 -6.154126E-18  1.308925E-17 -1.176395E-05
        37   3  0.000000E+00 -1.486547E-04 -2.759289E-04  1.052291E-17  6.920964E-19 -6.121692E-05
        37   4  0.000000E+00 -1.486547E-04 -2.759289E-04  1.354009E-18  1.624068E-18 -6.121692E-05
        37   5 -1.110223E-16 -1.981064E-04 -2.985216E-04 -1.532294E-17  1.675435E-17 -6.117090E-06
        37   6 -1.110223E-16 -1.981064E-04 -2.985216E-04 -1.229444E-17 -6.708466E-18 -6.117090E-06
        37   7  0.000000E+00 -1.981064E-04 -2.759289E-04  9.820495E-18 -1.031811E-17 -5.556748E-05
        37   8  0.000000E+00 -1.981064E-04 -2.759289E-04  1.284899E-17 -9.386136E-18 -5.556748E-05
        38   1  0.000000E+00 -1.486547E-04 -2.985216E-04 -1.021965E-17 -8.190300E-19 -1.176395E-05
        38   2  0.000000E+00 -1.486547E-04 -2.985216E-04  5.861582E-18  1.348369E-17 -1.176395E-05
        38   3  0.000000E+00 -1.486547E-04 -2.759289E-04 -1.949050E-17 -7.766482E-18 -6.121692E-05
        38   4  0.000000E+00 -1.486547E-04 -2.759289E-04 -3.409259E-18 -1.283079E-17 -6.121692E-05
        38   5  0.000000E+00 -1.981064E-04 -2.985216E-04 -3.195517E-18  1.150107E-17 -6.117090E-06
        38   6  0.000000E+00 -1.981064E-04 -2.985216E-04  3.202204E-18  2.580379E-17 -6.117090E-06
        38   7  0.000000E+00 -1.981064E-04 -2.759289E-04 -1.420130E-17  4.195094E-18 -5.556748E-05
        38   8  0.000000E+00 -1.981064E-04 -2.759289E-04 -7.803584E-18 -8.692175E-19 -5.556748E-05
        39   1  0.000000E+00 -1.486547E-04 -2.985216E-04  4.201184E-18  5.794358E-18 -1.176395E-05
        39   2  0.000000E+00 -1.486547E-04 -2.985216E-04 -3.500599E-18 -3.818869E-18 -1.176395E-05
        39   3  0.000000E+00 -1.486547E-04 -2.759289E-04 -1.269716E-18 -1.341592E-17 -6.121692E-05
        39   4  0.000000E+00 -1.486547E-04 -2.759289E-04 -8.971499E-18 -9.528871E-18 -6.121692E-05
        39   5 -1.110223E-16 -1.981064E-04 -2.985216E-04 -4.349209E-18  4.803111E-18 -6.117090E-06
        39   6 -1.110223E-16 -1.981064E-04 -2.985216E-04 -5.300852E-18 -4.810117E-18 -6.117090E-06
        39   7 -1.110223E-16 -1.981064E-04 -2.759289E-04 -5.999479E-18 -2.195738E-17 -5.556748E-05
        39   8 -1.110223E-16 -1.981064E-04 -2.759289E-04 -6.951122E-18 -1.807033E-17 -5.556748E-05
        40   1  1.024510E-34 -1.486547E-04 -2.985216E-04  4.095829E-18  7.678449E-18 -1.176395E-05
        40   2  1.024510E-34 -1.486547E-04 -2.985216E-04  2.733618E-18  8.946058E-18 -1.176395E-05
        40   3  1.039803E-33 -1.486547E-04 -2.759289E-04  6.550775E-18  2.413461E-17 -6.121692E-05
        40   4  1.039803E-33 -1.486547E-04 -2.759289E-04  5.188564E-18  2.473267E-17 -6.121692E-05
        40   5  1.854984E-34 -1.981064E-04 -2.985216E-04  6.374245E-18  4.160046E-18 -6.117090E-06
        40   6  1.854984E-34 -1.981064E-04 -2.985216E-04  4.677258E-18  5.427655E-18 -6.117090E-06
        40   7  1.849133E-33 -1.981064E-04 -2.759289E-04 -7.027829E-18  2.193772E-17 -5.556748E-05
        40   8  1.849133E-33 -1.981064E-04 -2.759289E-04 -8.724815E-18  2.253578E-17 -5.556748E-05
