t_s,iterations,residual_N,mandrel_reaction_N,released,max_u_mm
2.500000000000000000e+00,5.000000000000000000e+00,2.067968330775315881e-03,5.687494644342058336e+02,0.000000000000000000e+00,5.342099098001230201e-02
5.000000000000000000e+00,5.000000000000000000e+00,4.427316642444369880e-04,1.904070154370943442e+02,0.000000000000000000e+00,6.481173372695051005e-02
7.500000000000000000e+00,5.000000000000000000e+00,4.817158720687393972e-04,1.051166673784104205e+03,0.000000000000000000e+00,7.230831027130131539e-02
1.000000000000000000e+01,5.000000000000000000e+00,4.161537918764355161e-04,1.709875382930412570e+03,0.000000000000000000e+00,7.819293684412134682e-02
1.265909090909091006e+01,5.000000000000000000e+00,4.975427602562421982e-04,2.346610772605772127e+03,0.000000000000000000e+00,7.562193111667193934e-02
1.515909090909091006e+01,4.000000000000000000e+00,5.852327138064801829e-03,2.246939261856462053e+03,0.000000000000000000e+00,7.266534591387573128e-02
1.765909090909091006e+01,4.000000000000000000e+00,4.926776952886945246e-04,2.068821675642598166e+03,0.000000000000000000e+00,6.853341682406106916e-02
2.015909090909091006e+01,4.000000000000000000e+00,2.904226520441558629e-02,1.898249169327181107e+03,0.000000000000000000e+00,6.462978970094047926e-02
2.265909090909091006e+01,4.000000000000000000e+00,1.006166677519051023e-03,1.743250621411706788e+03,0.000000000000000000e+00,6.108200975973575308e-02
2.515909090909091006e+01,4.000000000000000000e+00,5.910866405992640411e-03,1.603633991379637109e+03,0.000000000000000000e+00,5.786368490164395251e-02
2.765909090909091006e+01,4.000000000000000000e+00,8.925499658616497427e-04,1.478080340531500042e+03,0.000000000000000000e+00,5.656749477355598604e-02
3.015909090909091006e+01,5.000000000000000000e+00,4.925060144252883061e-04,1.392941967504691092e+03,0.000000000000000000e+00,5.694347009267137355e-02
3.265909090909090651e+01,5.000000000000000000e+00,4.286016427500960457e-02,1.219884359873485209e+03,0.000000000000000000e+00,5.931778744807942455e-02
3.515909090909090651e+01,5.000000000000000000e+00,4.709043601813414745e-04,1.017500841200405262e+03,0.000000000000000000e+00,6.373722147199277488e-02
3.765909090909090651e+01,5.000000000000000000e+00,3.811289737221940218e-04,8.417904692273099272e+02,0.000000000000000000e+00,7.032186758989464326e-02
4.031818181818182012e+01,5.000000000000000000e+00,4.272773756378823399e-04,6.954250870377051115e+02,0.000000000000000000e+00,7.426944394150168660e-02
4.281818181818182012e+01,5.000000000000000000e+00,4.917418078844489754e-04,6.272322684143013021e+02,0.000000000000000000e+00,7.602157047057160610e-02
4.531818181818182012e+01,4.000000000000000000e+00,6.097302369154538942e-04,5.919136071607456415e+02,0.000000000000000000e+00,7.200595330452237708e-02
4.781818181818182012e+01,4.000000000000000000e+00,4.075781591954911196e-04,5.541603583357376692e+02,0.000000000000000000e+00,6.790183068705758773e-02
5.031818181818182012e+01,4.000000000000000000e+00,4.104938132401603277e-04,5.163063118460380565e+02,0.000000000000000000e+00,6.409927700219238134e-02
5.281818181818182012e+01,4.000000000000000000e+00,3.858943837227118241e-04,4.794993170232678494e+02,0.000000000000000000e+00,6.062847825328079171e-02
5.531818181818182012e+01,4.000000000000000000e+00,3.972087245913732533e-04,4.491475234807713264e+02,0.000000000000000000e+00,5.745326969130327283e-02
5.781818181818182012e+01,4.000000000000000000e+00,4.232082303507679784e-04,4.219109818568109063e+02,0.000000000000000000e+00,5.761595591225816132e-02
6.031818181818182012e+01,5.000000000000000000e+00,8.206775745455611006e-04,6.517326337377608070e+02,0.000000000000000000e+00,5.835751320351543342e-02
6.281818181818182012e+01,5.000000000000000000e+00,5.387668305932212477e-04,2.962528194442609220e+02,0.000000000000000000e+00,6.219538112212239650e-02
6.531818181818181301e+01,5.000000000000000000e+00,4.916603169973036156e-04,3.876281583409626137e+02,0.000000000000000000e+00,7.027472442664460528e-02
6.781818181818181301e+01,5.000000000000000000e+00,3.900922300183012588e-04,7.700453712453004300e+02,0.000000000000000000e+00,7.731774303722281638e-02
7.047727272727273373e+01,5.000000000000000000e+00,7.077386141368764098e-04,1.403619810945882818e+03,0.000000000000000000e+00,6.670348397372362348e-02
7.297727272727273373e+01,4.000000000000000000e+00,2.024860994181839485e-02,1.388609238584694822e+03,0.000000000000000000e+00,5.941662252475812811e-02
7.547727272727273373e+01,4.000000000000000000e+00,7.167422297269213267e-04,1.281945693180507760e+03,0.000000000000000000e+00,5.952521228900723577e-02
7.797727272727273373e+01,4.000000000000000000e+00,3.363798647412744036e-02,1.175235081770033275e+03,0.000000000000000000e+00,5.964536893921908861e-02
8.047727272727273373e+01,4.000000000000000000e+00,4.576445794512900623e-04,1.079935892616890442e+03,0.000000000000000000e+00,5.976089526639781491e-02
8.297727272727273373e+01,4.000000000000000000e+00,4.743382276922451421e-04,9.979567529774126342e+02,0.000000000000000000e+00,5.986562730207682648e-02
8.547727272727273373e+01,4.000000000000000000e+00,4.237363138201014935e-04,9.292195233590575754e+02,0.000000000000000000e+00,5.995588159579992582e-02
8.797727272727273373e+01,5.000000000000000000e+00,2.093543611503154763e-03,1.037918920320890720e+03,0.000000000000000000e+00,5.990929677748548648e-02
9.047727272727273373e+01,5.000000000000000000e+00,4.583811024022089466e-04,7.676681547112204953e+02,0.000000000000000000e+00,6.490614869296762457e-02
9.297727272727273373e+01,5.000000000000000000e+00,4.358596927206102325e-04,3.435428710903925094e+02,0.000000000000000000e+00,7.128999740172571598e-02
9.547727272727273373e+01,5.000000000000000000e+00,4.122312398888248867e-04,2.142519958032439149e+02,0.000000000000000000e+00,7.876750033197729706e-02
9.813636363636364024e+01,5.000000000000000000e+00,4.970466871696351159e-04,3.406353669770953729e+02,0.000000000000000000e+00,8.051676377186287037e-02
1.006363636363636402e+02,4.000000000000000000e+00,4.779095664552318601e-02,3.223393771327857280e+02,0.000000000000000000e+00,6.412689921995363973e-02
1.031363636363636402e+02,4.000000000000000000e+00,4.855942917047080770e-04,2.659898073412416011e+02,0.000000000000000000e+00,5.941553440029815475e-02
1.056363636363636402e+02,4.000000000000000000e+00,3.630265072473133430e-04,2.202427464854519030e+02,0.000000000000000000e+00,5.959427351924381083e-02
1.081363636363636402e+02,4.000000000000000000e+00,4.320428177668643650e-04,1.847992327935462527e+02,0.000000000000000000e+00,5.974807935716697910e-02
1.106363636363636402e+02,4.000000000000000000e+00,4.317893968962465225e-04,1.564380282563418803e+02,0.000000000000000000e+00,5.988318439323588732e-02
1.131363636363636402e+02,3.000000000000000000e+00,4.551517014366573965e-02,1.328281677748536538e+02,0.000000000000000000e+00,5.999852713800588738e-02
1.156363636363636402e+02,3.000000000000000000e+00,3.146294369459834428e-02,1.140760426635032587e+02,0.000000000000000000e+00,6.009347262373695292e-02
1.181363636363636402e+02,5.000000000000000000e+00,1.604894574801841913e-03,1.523696917903959047e+02,0.000000000000000000e+00,6.017919571070425022e-02
1.206363636363636402e+02,5.000000000000000000e+00,4.820874185871101445e-04,3.759979149343206473e+01,0.000000000000000000e+00,6.754567514715249799e-02
1.231363636363636402e+02,5.000000000000000000e+00,4.690829997396321225e-04,1.015004504406107522e+01,0.000000000000000000e+00,7.848817370968821927e-02
1.256363636363636402e+02,5.000000000000000000e+00,3.864935169297993816e-04,7.037941749426710203e+01,0.000000000000000000e+00,8.542051734996455870e-02
1.282954545454545610e+02,5.000000000000000000e+00,7.452258870496637246e-04,1.573547681515279351e+02,0.000000000000000000e+00,7.274149247972253041e-02
1.307954545454545610e+02,5.000000000000000000e+00,4.248151514714178104e-04,1.660223741368536992e+02,0.000000000000000000e+00,6.838035108030583731e-02
1.332954545454545610e+02,4.000000000000000000e+00,1.754979556811082095e-03,1.556017505365638556e+02,0.000000000000000000e+00,6.499720225657330819e-02
1.357954545454545610e+02,4.000000000000000000e+00,6.178799720074403543e-04,1.451471225565523753e+02,0.000000000000000000e+00,6.174489073184977889e-02
1.382954545454545610e+02,4.000000000000000000e+00,4.440897364647998936e-04,1.342109416150930485e+02,0.000000000000000000e+00,6.125313817848366399e-02
1.407954545454545610e+02,4.000000000000000000e+00,3.691814576390702496e-04,1.236896992519725131e+02,0.000000000000000000e+00,6.119666174644253220e-02
1.432954545454545610e+02,3.000000000000000000e+00,4.983558793277788335e-02,1.132784132098487078e+02,0.000000000000000000e+00,6.121431901637658379e-02
1.457954545454545610e+02,5.000000000000000000e+00,1.234600570581155217e-03,1.966585510557570728e+02,0.000000000000000000e+00,6.115171709837440017e-02
1.482954545454545610e+02,5.000000000000000000e+00,2.194133359491431436e-03,9.696084256936666179e+01,0.000000000000000000e+00,6.368545099485721506e-02
1.507954545454545610e+02,5.000000000000000000e+00,3.744663531111926320e-04,1.909359108922071613e+01,0.000000000000000000e+00,7.411529188239483756e-02
1.532954545454545610e+02,5.000000000000000000e+00,4.410967957701669175e-04,1.469884395553582408e+02,0.000000000000000000e+00,8.480963749046840916e-02
1.559545454545454675e+02,5.000000000000000000e+00,4.107798002826585065e-04,3.593445851533543305e+02,0.000000000000000000e+00,8.542619762330652677e-02
1.584545454545454675e+02,5.000000000000000000e+00,3.701454404478396053e-04,4.938769924399273918e+02,0.000000000000000000e+00,6.963382276867530196e-02
1.609545454545454675e+02,4.000000000000000000e+00,8.469815613415977848e-04,4.506239614738863111e+02,0.000000000000000000e+00,6.277591028026155429e-02
1.634545454545454675e+02,4.000000000000000000e+00,4.668624606377554413e-04,4.004343623088498134e+02,0.000000000000000000e+00,6.168822559884083040e-02
1.659545454545454675e+02,4.000000000000000000e+00,5.057685104400700673e-04,3.552860099830028844e+02,0.000000000000000000e+00,6.164996996195801215e-02
1.684545454545454675e+02,4.000000000000000000e+00,3.490835553659212952e-03,3.159720965449218966e+02,0.000000000000000000e+00,6.161643379750576799e-02
1.709545454545454675e+02,3.000000000000000000e+00,4.462341216317960990e-02,2.834152688640936049e+02,0.000000000000000000e+00,6.158309142413987552e-02
1.734545454545454675e+02,3.000000000000000000e+00,6.067988258416418326e-03,2.544689579527733940e+02,0.000000000000000000e+00,6.155099257820454556e-02
1.759545454545454675e+02,5.000000000000000000e+00,5.802774098361357597e-04,1.949432579279217634e+02,0.000000000000000000e+00,6.126887891704674988e-02
1.784545454545454675e+02,5.000000000000000000e+00,4.095346324758959559e-04,9.357090644162697401e+01,0.000000000000000000e+00,7.526529689175842641e-02
1.809545454545454675e+02,5.000000000000000000e+00,4.644560323625470766e-04,2.655785799678228614e+02,0.000000000000000000e+00,8.586270064118280143e-02
1.834545454545454675e+02,5.000000000000000000e+00,3.461238860391637980e-04,4.642812501057569534e+02,0.000000000000000000e+00,9.301292883628141384e-02
1.861136363636363740e+02,5.000000000000000000e+00,3.909630483613276146e-04,5.796349685254411952e+02,0.000000000000000000e+00,8.194896796259881766e-02
1.886136363636363740e+02,4.000000000000000000e+00,2.803638256202150431e-02,5.195978524612448837e+02,0.000000000000000000e+00,7.115283923056531235e-02
1.911136363636363740e+02,4.000000000000000000e+00,2.517162347825101232e-02,4.585792399629524425e+02,0.000000000000000000e+00,6.538737471287908720e-02
1.936136363636363740e+02,4.000000000000000000e+00,4.095337688030408797e-04,4.062460101678448154e+02,0.000000000000000000e+00,6.339761309691328839e-02
1.961136363636363740e+02,4.000000000000000000e+00,4.120583851686989959e-04,3.624564410022423999e+02,0.000000000000000000e+00,6.291465275051479067e-02
1.986136363636363740e+02,4.000000000000000000e+00,3.598363727164387554e-04,3.264210165943075026e+02,0.000000000000000000e+00,6.241095820987056092e-02
2.011136363636363740e+02,3.000000000000000000e+00,4.775411738769011483e-02,2.953287180311118618e+02,0.000000000000000000e+00,6.190559768938771329e-02
2.036136363636363740e+02,5.000000000000000000e+00,3.913953344528995682e-04,3.047672271491742322e+02,0.000000000000000000e+00,6.123531753314323534e-02
2.061136363636363740e+02,6.000000000000000000e+00,4.222395559572482632e-04,2.694529334810453634e+02,0.000000000000000000e+00,7.072259525140488223e-02
2.086136363636363740e+02,5.000000000000000000e+00,2.152058074956718445e-03,2.219757694536810391e+02,0.000000000000000000e+00,7.961490596835509026e-02
2.111136363636363740e+02,5.000000000000000000e+00,4.992960478904515716e-04,2.132332358904932335e+02,0.000000000000000000e+00,8.566226810032044614e-02
2.137727272727272805e+02,5.000000000000000000e+00,4.382218692605402074e-04,2.262501881046013352e+02,0.000000000000000000e+00,8.698773763107581214e-02
2.162727272727272805e+02,4.000000000000000000e+00,4.258212627536413913e-02,1.642046333479254372e+02,0.000000000000000000e+00,7.245878758649376694e-02
2.187727272727272805e+02,4.000000000000000000e+00,4.671617977161551306e-04,1.430999145067119969e+02,0.000000000000000000e+00,6.511445752146784172e-02
2.212727272727272805e+02,4.000000000000000000e+00,4.463175212842002701e-04,1.293287598631262370e+02,0.000000000000000000e+00,6.076737117626267171e-02
2.237727272727272805e+02,4.000000000000000000e+00,6.698072786147647208e-03,1.194106545112992137e+02,0.000000000000000000e+00,6.018503513727944260e-02
2.262727272727272805e+02,3.000000000000000000e+00,4.689092916911985487e-02,1.114598708186845499e+02,0.000000000000000000e+00,5.998806181168223756e-02
2.287727272727272805e+02,4.000000000000000000e+00,3.969911907163776077e-04,1.049695414977140757e+02,0.000000000000000000e+00,5.981771748996676796e-02
2.312727272727272805e+02,3.000000000000000000e+00,2.884142641553153613e-02,9.984940237314938827e+01,0.000000000000000000e+00,5.966833539255011337e-02
2.337727272727272805e+02,9.000000000000000000e+00,4.309333555177643051e-04,4.542458793279025997e+01,0.000000000000000000e+00,6.168909073840716378e-02
2.362727272727272805e+02,7.000000000000000000e+00,4.761429043679384944e-03,8.685827717307122953e+01,0.000000000000000000e+00,7.963194918608805517e-02
2.387727272727272805e+02,5.000000000000000000e+00,4.553986531951530561e-04,2.370021785130497278e+02,0.000000000000000000e+00,8.833409365413061320e-02
2.412727272727272805e+02,1.300000000000000000e+01,4.379716904932904188e-04,4.273652513267614381e+02,0.000000000000000000e+00,9.722203839490010935e-02
2.439318181818181870e+02,5.000000000000000000e+00,5.182118289161648499e-04,6.445414626718091995e+02,0.000000000000000000e+00,8.865164012687042072e-02
2.464318181818181870e+02,4.000000000000000000e+00,3.411629940124320803e-02,6.059651288970378573e+02,0.000000000000000000e+00,8.600874751070747282e-02
2.489318181818181870e+02,4.000000000000000000e+00,4.558891749715380300e-04,5.376560119752674609e+02,0.000000000000000000e+00,8.588097971395471097e-02
2.514318181818181870e+02,4.000000000000000000e+00,3.565915545046795471e-04,4.731838776195481842e+02,0.000000000000000000e+00,8.576298457072817349e-02
2.539318181818181870e+02,4.000000000000000000e+00,2.814782390849928165e-02,4.160007241801305327e+02,0.000000000000000000e+00,8.564065370872744887e-02
2.564318181818181870e+02,4.000000000000000000e+00,1.416467900285213379e-03,3.682384152319210671e+02,0.000000000000000000e+00,8.552117024517696953e-02
2.589318181818181870e+02,4.000000000000000000e+00,9.590785353471309189e-04,3.256907881125507060e+02,0.000000000000000000e+00,8.540422708110231853e-02
2.614318181818181870e+02,6.000000000000000000e+00,4.158272227814825131e-04,3.170517097414789873e+02,0.000000000000000000e+00,8.532782060478766306e-02
2.639318181818181870e+02,6.000000000000000000e+00,3.624830967638169896e-04,2.752199818163588816e+02,0.000000000000000000e+00,8.523485330289463924e-02
2.664318181818181870e+02,5.000000000000000000e+00,3.198481985636639994e-03,2.199806543239234315e+02,0.000000000000000000e+00,8.516924725377582328e-02
2.689318181818181870e+02,8.000000000000000000e+00,3.917569649366500002e-04,1.781825995164212202e+02,0.000000000000000000e+00,8.514035436007165447e-02
2.715909090909091219e+02,7.000000000000000000e+00,1.799804474381149497e-03,2.527404745955080330e+02,0.000000000000000000e+00,8.640401556752817791e-02
2.740909090909091219e+02,4.000000000000000000e+00,3.171686565805394153e-02,3.589764329441508153e+02,0.000000000000000000e+00,8.505616938362003943e-02
2.765909090909091219e+02,4.000000000000000000e+00,4.352023695574178553e-04,3.430360074132052546e+02,0.000000000000000000e+00,8.499772213988888991e-02
2.790909090909091219e+02,4.000000000000000000e+00,4.782360448803053572e-04,3.137484566062940416e+02,0.000000000000000000e+00,8.494855378349594477e-02
2.815909090909091219e+02,4.000000000000000000e+00,4.473347419176690884e-04,2.833194106177251683e+02,0.000000000000000000e+00,8.490400954689190927e-02
2.840909090909091219e+02,4.000000000000000000e+00,4.422426745536626818e-04,2.557099647384882530e+02,0.000000000000000000e+00,8.486372064712605079e-02
2.865909090909091219e+02,4.000000000000000000e+00,4.977506235974628757e-04,2.336945634935300689e+02,0.000000000000000000e+00,8.482681111470925794e-02
2.890909090909091219e+02,4.000000000000000000e+00,4.749749185497657866e-04,2.139735958733442089e+02,0.000000000000000000e+00,8.479224554268903480e-02
2.915909090909091219e+02,7.000000000000000000e+00,6.721633411345025177e-04,1.829083962849434215e+02,0.000000000000000000e+00,8.523175927416441755e-02
2.940909090909091219e+02,5.000000000000000000e+00,6.475252849750339455e-04,1.156357281371850831e+02,0.000000000000000000e+00,8.544221132655617501e-02
2.965909090909091219e+02,5.000000000000000000e+00,1.480485457821602985e-02,9.429291297184099108e+01,0.000000000000000000e+00,8.558075933811479241e-02
2.990909090909091219e+02,9.000000000000000000e+00,3.295150061061283037e-04,9.508154496205675343e+01,0.000000000000000000e+00,8.921033731371291742e-02
3.017500000000000568e+02,5.000000000000000000e+00,4.350081464422350945e-04,2.276669594835796886e+02,0.000000000000000000e+00,8.527121509467090743e-02
3.042500000000000568e+02,4.000000000000000000e+00,2.703662744747624153e-03,2.459030780172547566e+02,0.000000000000000000e+00,8.521106824915436473e-02
3.067500000000000568e+02,4.000000000000000000e+00,4.426038010961950400e-04,2.295389444582518195e+02,0.000000000000000000e+00,8.522684105365294083e-02
3.092500000000000568e+02,4.000000000000000000e+00,4.696281466230387263e-04,2.106727432040060535e+02,0.000000000000000000e+00,8.525157621323355139e-02
3.117500000000000568e+02,4.000000000000000000e+00,6.452339426884228131e-04,1.956217257286577649e+02,0.000000000000000000e+00,8.527066185157521072e-02
3.142500000000000568e+02,4.000000000000000000e+00,8.469254475748042585e-04,1.824643721726384911e+02,0.000000000000000000e+00,8.528384204396941004e-02
3.167500000000000568e+02,4.000000000000000000e+00,4.614309495275040196e-04,1.717238063853218648e+02,0.000000000000000000e+00,8.529022065803447405e-02
3.192500000000000000e+02,6.000000000000000000e+00,1.579289939480130840e-03,1.431240594564201558e+02,0.000000000000000000e+00,8.504846695825700464e-02
3.217500000000000000e+02,5.000000000000000000e+00,8.002117215649194679e-04,1.574927963338111283e+02,0.000000000000000000e+00,8.474745273624789688e-02
3.242500000000000000e+02,6.000000000000000000e+00,4.164666906972615311e-04,2.142816390262206028e+02,0.000000000000000000e+00,8.449762297958689217e-02
3.267500000000000000e+02,8.000000000000000000e+00,2.270671341508137021e-03,3.016783332593072942e+02,0.000000000000000000e+00,9.484962552365933108e-02
3.294090909090909349e+02,7.000000000000000000e+00,4.504286143942903137e-02,4.233843381251294886e+02,0.000000000000000000e+00,9.865045277538936341e-02
3.319090909090909349e+02,4.000000000000000000e+00,2.567327696237221152e-02,4.408725772802042115e+02,0.000000000000000000e+00,8.384810725163825695e-02
3.344090909090909349e+02,4.000000000000000000e+00,9.808836381357741423e-04,4.184963457030006566e+02,0.000000000000000000e+00,8.388059397278749274e-02
3.369090909090909349e+02,4.000000000000000000e+00,5.690999673070476061e-04,3.952252538419443795e+02,0.000000000000000000e+00,8.391413359395323568e-02
3.394090909090909349e+02,4.000000000000000000e+00,4.468784986920051709e-04,3.745130196491173251e+02,0.000000000000000000e+00,8.394431977288156765e-02
3.419090909090909349e+02,4.000000000000000000e+00,3.985428535680005623e-04,3.567698703474618469e+02,0.000000000000000000e+00,8.397000846789336170e-02
3.444090909090909349e+02,4.000000000000000000e+00,5.797360643823657247e-04,3.418419915129976516e+02,0.000000000000000000e+00,8.398980528687521874e-02
3.469090909090909349e+02,3.000000000000000000e+00,4.164797303015036617e-02,3.292730919986107665e+02,0.000000000000000000e+00,8.400528120155707767e-02
3.494090909090909349e+02,6.000000000000000000e+00,4.020448505433573717e-04,3.842071608864823702e+02,0.000000000000000000e+00,8.403835805605042175e-02
3.519090909090909349e+02,5.000000000000000000e+00,2.772162812284656441e-02,3.063381644999161608e+02,0.000000000000000000e+00,8.530777372844471074e-02
3.544090909090909349e+02,5.000000000000000000e+00,4.481082344502030257e-04,2.330591795548482992e+02,0.000000000000000000e+00,8.668703868245544730e-02
3.569090909090909349e+02,6.000000000000000000e+00,3.979400378652372602e-04,1.889461214666187630e+02,0.000000000000000000e+00,9.211722269094782534e-02
3.595681818181818699e+02,5.000000000000000000e+00,4.720375038350026566e-04,1.587100642940094417e+02,0.000000000000000000e+00,9.066697364049279562e-02
3.620681818181818699e+02,4.000000000000000000e+00,1.973295274385397993e-03,1.648618661380154720e+02,0.000000000000000000e+00,9.042842991377263162e-02
3.645681818181818699e+02,4.000000000000000000e+00,8.909702508459539693e-04,1.670105092188845219e+02,0.000000000000000000e+00,8.994488705480109536e-02
3.670681818181818699e+02,4.000000000000000000e+00,4.079366767167864677e-04,1.672138738759356045e+02,0.000000000000000000e+00,8.946170213884122036e-02
3.695681818181818699e+02,4.000000000000000000e+00,6.173688761700281066e-04,1.663383926086321765e+02,0.000000000000000000e+00,8.897789788069332406e-02
3.720681818181818699e+02,4.000000000000000000e+00,8.761277998185942580e-04,1.650627966403525306e+02,0.000000000000000000e+00,8.849908190903552074e-02
3.745681818181818699e+02,3.000000000000000000e+00,2.401902958791979001e-02,1.643796264205941213e+02,0.000000000000000000e+00,8.823340533820721310e-02
3.770681818181818130e+02,6.000000000000000000e+00,3.237005158643675609e-04,1.596471224350829914e+02,0.000000000000000000e+00,8.816066285059258323e-02
3.795681818181818130e+02,5.000000000000000000e+00,9.666655905980600996e-03,1.816119532589155767e+02,0.000000000000000000e+00,8.801395629713561208e-02
3.820681818181818130e+02,5.000000000000000000e+00,3.746501585800076587e-04,2.169594856783236594e+02,0.000000000000000000e+00,8.782322885317266070e-02
3.845681818181818130e+02,7.000000000000000000e+00,5.632715934682478061e-04,2.529312700865989143e+02,0.000000000000000000e+00,1.013514028520540733e-01
3.872272727272727479e+02,6.000000000000000000e+00,4.585879581929112924e-04,3.686941192958426541e+02,0.000000000000000000e+00,1.022227696316526518e-01
3.897272727272727479e+02,4.000000000000000000e+00,4.644351857728821337e-02,4.538646970082956500e+02,0.000000000000000000e+00,8.819487246936862090e-02
3.922272727272727479e+02,4.000000000000000000e+00,4.862615808952179259e-04,4.438300191658156564e+02,0.000000000000000000e+00,8.716566234769707044e-02
3.947272727272727479e+02,4.000000000000000000e+00,3.839435382648749258e-04,4.245970441826970614e+02,0.000000000000000000e+00,8.712299308528903552e-02
3.972272727272727479e+02,4.000000000000000000e+00,4.889922826148880314e-04,4.057375456238740981e+02,0.000000000000000000e+00,8.707873609549821037e-02
3.997272727272727479e+02,3.000000000000000000e+00,1.837760735383022967e-02,3.891669965771176294e+02,0.000000000000000000e+00,8.703190917298740670e-02
4.022272727272727479e+02,4.000000000000000000e+00,4.042238277079472078e-04,3.750855198859213715e+02,0.000000000000000000e+00,8.698292989644239304e-02
4.047272727272727479e+02,4.000000000000000000e+00,3.622530813481723822e-04,3.640087191444046084e+02,0.000000000000000000e+00,8.693301753271484578e-02
4.072272727272727479e+02,5.000000000000000000e+00,2.797104457221361376e-03,3.398328409187540160e+02,0.000000000000000000e+00,8.661402915985351447e-02
4.097272727272727479e+02,6.000000000000000000e+00,4.806246806481593876e-04,2.352098024598035124e+02,0.000000000000000000e+00,8.638850283851687295e-02
4.122272727272727479e+02,5.000000000000000000e+00,8.856150696451440055e-03,1.924604843279562090e+02,0.000000000000000000e+00,9.452308517091789763e-02
4.147272727272727479e+02,7.000000000000000000e+00,4.173691224546868805e-02,2.262515787460670253e+02,0.000000000000000000e+00,1.048813775288490180e-01
4.173863636363636829e+02,5.000000000000000000e+00,4.473452290892334575e-04,2.840702459415733756e+02,0.000000000000000000e+00,9.531103245129812773e-02
4.198863636363636829e+02,4.000000000000000000e+00,2.357247572178092915e-02,2.722896395426747631e+02,0.000000000000000000e+00,8.912857291502787604e-02
4.223863636363636829e+02,4.000000000000000000e+00,1.391852525726096400e-03,2.591413990628495867e+02,0.000000000000000000e+00,8.870256438461807114e-02
4.248863636363636829e+02,4.000000000000000000e+00,9.709413540762460923e-04,2.485190015471043523e+02,0.000000000000000000e+00,8.815381638411368126e-02
4.273863636363636829e+02,4.000000000000000000e+00,2.245174783930669465e-03,2.402305655378186771e+02,0.000000000000000000e+00,8.756226951249902746e-02
4.298863636363636829e+02,4.000000000000000000e+00,4.683417599847544298e-04,2.345054540658672693e+02,0.000000000000000000e+00,8.695346505506834633e-02
4.323863636363636829e+02,4.000000000000000000e+00,4.853452897808850338e-04,2.296406283744661323e+02,0.000000000000000000e+00,8.635073881469247647e-02
4.348863636363636260e+02,5.000000000000000000e+00,4.732139763637183659e-03,1.976654733498923804e+02,0.000000000000000000e+00,8.591189544019772750e-02
4.373863636363636260e+02,5.000000000000000000e+00,2.924839044934477404e-03,2.466990486294859011e+02,0.000000000000000000e+00,8.691142236487964245e-02
4.398863636363636260e+02,5.000000000000000000e+00,1.663528076200706824e-03,3.559668300649830144e+02,0.000000000000000000e+00,8.798409303866609743e-02
4.423863636363636260e+02,8.000000000000000000e+00,1.860184475341259596e-03,4.627550073936150170e+02,0.000000000000000000e+00,9.232853945155541919e-02
4.450454545454545610e+02,6.000000000000000000e+00,1.079057533799182220e-02,4.737150497031478267e+02,0.000000000000000000e+00,9.643685434998740258e-02
4.475454545454545610e+02,5.000000000000000000e+00,3.951731709471857884e-04,3.899270593669477876e+02,0.000000000000000000e+00,8.885194490048296811e-02
4.500454545454545610e+02,4.000000000000000000e+00,4.745020371276145320e-04,3.647552083692394831e+02,0.000000000000000000e+00,8.857268242721641482e-02
4.525454545454545610e+02,4.000000000000000000e+00,4.771355336698466544e-04,3.496923097379312821e+02,0.000000000000000000e+00,8.836790011833567382e-02
4.550454545454545610e+02,4.000000000000000000e+00,3.895929596773199991e-04,3.384114041155323775e+02,0.000000000000000000e+00,8.818704917651024044e-02
4.575454545454545610e+02,4.000000000000000000e+00,4.617813949309861098e-04,3.291845809430217287e+02,0.000000000000000000e+00,8.801834358064089536e-02
4.600454545454545610e+02,4.000000000000000000e+00,4.679179660230324946e-04,3.213803875434575161e+02,0.000000000000000000e+00,8.785860404784821831e-02
4.625454545454545610e+02,4.000000000000000000e+00,4.257155605175579993e-04,3.149512095039509632e+02,0.000000000000000000e+00,8.770604950311622350e-02
4.650454545454545610e+02,3.000000000000000000e+00,1.203715650682362324e-02,3.096121676940030056e+02,0.000000000000000000e+00,8.756073892911142575e-02
4.675454545454545610e+02,3.000000000000000000e+00,1.145777453607605550e-02,3.052161780534948434e+02,0.000000000000000000e+00,8.742242173254055615e-02
4.700454545454545610e+02,3.000000000000000000e+00,1.162009204643442255e-02,3.017028607458480565e+02,0.000000000000000000e+00,8.729056997487932845e-02
4.725454545454545610e+02,3.000000000000000000e+00,5.916761539291899748e-03,2.990063877999765509e+02,0.000000000000000000e+00,8.716464079699039191e-02
4.750454545454545610e+02,3.000000000000000000e+00,3.464159388699272063e-03,2.970612356795342635e+02,0.000000000000000000e+00,8.704414302845037144e-02
4.775454545454545610e+02,4.000000000000000000e+00,4.314018538157083867e-04,2.958015073253180276e+02,0.000000000000000000e+00,8.692867807369106248e-02
4.800454545454545610e+02,4.000000000000000000e+00,4.698061977859297454e-04,2.951641310541809844e+02,0.000000000000000000e+00,8.681782454080654021e-02
4.825454545454545610e+02,3.000000000000000000e+00,4.009720451329820690e-02,2.950841973252391881e+02,0.000000000000000000e+00,8.671119479558919707e-02
4.850454545454545610e+02,3.000000000000000000e+00,3.542290101800056601e-02,2.955014113958781650e+02,0.000000000000000000e+00,8.660847454539559453e-02
4.875454545454545610e+02,3.000000000000000000e+00,2.531138246839589184e-02,2.963570731248685206e+02,0.000000000000000000e+00,8.650937990673190914e-02
4.900454545454545610e+02,3.000000000000000000e+00,1.633246127802552572e-02,2.975967748976652842e+02,0.000000000000000000e+00,8.641366300655747845e-02
4.925454545454545610e+02,3.000000000000000000e+00,1.789289314306327996e-02,2.991693532501629988e+02,0.000000000000000000e+00,8.632109959254746778e-02
4.950454545454545610e+02,3.000000000000000000e+00,7.339060635246310096e-03,3.010283047692423679e+02,0.000000000000000000e+00,8.623148773217223506e-02
4.975454545454545610e+02,3.000000000000000000e+00,1.114481149907957554e-02,3.031307697691499925e+02,0.000000000000000000e+00,8.614465990735480083e-02
5.000454545454545610e+02,3.000000000000000000e+00,8.807387067855904778e-03,3.054381045593299291e+02,0.000000000000000000e+00,8.606045114369198501e-02
5.025454545454545610e+02,3.000000000000000000e+00,7.980656751879131039e-03,3.079145078284668671e+02,0.000000000000000000e+00,8.597869649411528370e-02
5.050454545454545610e+02,3.000000000000000000e+00,6.429225100955794289e-03,3.105279288024552216e+02,0.000000000000000000e+00,8.589924910650834078e-02
5.075454545454545610e+02,3.000000000000000000e+00,4.852700806536127537e-03,3.132494306129522101e+02,0.000000000000000000e+00,8.582197702186369903e-02
5.100454545454545610e+02,3.000000000000000000e+00,4.043615517992299631e-03,3.160531227329381636e+02,0.000000000000000000e+00,8.574675887302268817e-02
5.125454545454545041e+02,3.000000000000000000e+00,6.615882099138326901e-03,3.189159397241675720e+02,0.000000000000000000e+00,8.567348077713625443e-02
5.150454545454545041e+02,3.000000000000000000e+00,6.940314469766671254e-03,3.218176680917723615e+02,0.000000000000000000e+00,8.560203587805990944e-02
5.175454545454545041e+02,3.000000000000000000e+00,6.988790730889772249e-03,3.247402105878677503e+02,0.000000000000000000e+00,8.553232864188525797e-02
5.200454545454545041e+02,3.000000000000000000e+00,6.278034295192525850e-03,3.276675398147214651e+02,0.000000000000000000e+00,8.546426778936813684e-02
5.225454545454545041e+02,3.000000000000000000e+00,5.858335192739205777e-03,3.305857468849119414e+02,0.000000000000000000e+00,8.539776743163764172e-02
5.250454545454545041e+02,3.000000000000000000e+00,4.604480350057579482e-03,3.335174257533745390e+02,0.000000000000000000e+00,8.533247716622974210e-02
5.275454545454545041e+02,3.000000000000000000e+00,3.287147781447112994e-03,3.364741495908059505e+02,0.000000000000000000e+00,8.526814442169350361e-02
5.300454545454545041e+02,3.000000000000000000e+00,2.802111096379460327e-03,3.393885090101376818e+02,0.000000000000000000e+00,8.520514358296919777e-02
5.325454545454545041e+02,3.000000000000000000e+00,3.445685117428286693e-03,3.423521667487310651e+02,0.000000000000000000e+00,8.514307335362027163e-02
5.350454545454545041e+02,3.000000000000000000e+00,3.165967311956412959e-03,3.452675666032346840e+02,0.000000000000000000e+00,8.508217201716469780e-02
5.375454545454545041e+02,3.000000000000000000e+00,2.963049990670684527e-03,3.481193335977881702e+02,0.000000000000000000e+00,8.502241089343830216e-02
5.400454545454545041e+02,3.000000000000000000e+00,2.208158394469186912e-03,3.509023359917015341e+02,0.000000000000000000e+00,8.496373547664300141e-02
5.425454545454545041e+02,3.000000000000000000e+00,2.303595955869852750e-03,3.536428160814187436e+02,0.000000000000000000e+00,8.490586254298630731e-02
5.450454545454545041e+02,3.000000000000000000e+00,2.052345850040183765e-03,3.563275277842033688e+02,0.000000000000000000e+00,8.484881246006863165e-02
5.475454545454545041e+02,3.000000000000000000e+00,1.705195776540761659e-03,3.589319908119896922e+02,0.000000000000000000e+00,8.479270276537803630e-02
5.500454545454545041e+02,3.000000000000000000e+00,2.143815189458870337e-03,3.614540746714219495e+02,0.000000000000000000e+00,8.473748860264473937e-02
5.525454545454545041e+02,3.000000000000000000e+00,2.157264106127982153e-03,3.638921219221475667e+02,0.000000000000000000e+00,8.468312728380408827e-02
5.550454545454545041e+02,3.000000000000000000e+00,1.938265018417302402e-03,3.662449827898644230e+02,0.000000000000000000e+00,8.462957894592487706e-02
5.575454545454545041e+02,3.000000000000000000e+00,1.827650561997674634e-03,3.685119113111275055e+02,0.000000000000000000e+00,8.457680518214012733e-02
5.600454545454545041e+02,3.000000000000000000e+00,1.456876411308975555e-03,3.706925846153441171e+02,0.000000000000000000e+00,8.452477147889202180e-02
5.625454545454545041e+02,3.000000000000000000e+00,1.555311298004071700e-03,3.727869219925140101e+02,0.000000000000000000e+00,8.447344277111218380e-02
5.657954545454545041e+02,4.000000000000000000e+00,6.829828462577199229e-03,0.000000000000000000e+00,1.000000000000000000e+00,8.622147841052242578e-02
5.682954545454545041e+02,3.000000000000000000e+00,1.040462510236527536e-03,0.000000000000000000e+00,1.000000000000000000e+00,8.617846439514381673e-02
5.707954545454545041e+02,3.000000000000000000e+00,1.301390187982719377e-03,0.000000000000000000e+00,1.000000000000000000e+00,8.613578252100641264e-02
5.732954545454545041e+02,3.000000000000000000e+00,1.144422116164360223e-03,0.000000000000000000e+00,1.000000000000000000e+00,8.609339862097840912e-02
5.757954545454545041e+02,3.000000000000000000e+00,3.445050531052769750e-03,0.000000000000000000e+00,1.000000000000000000e+00,8.605128426537014819e-02
5.782954545454545041e+02,3.000000000000000000e+00,2.593387152228791154e-03,0.000000000000000000e+00,1.000000000000000000e+00,8.600940913202111127e-02
5.807954545454545041e+02,3.000000000000000000e+00,1.327289150582446195e-03,0.000000000000000000e+00,1.000000000000000000e+00,8.596774902564215115e-02
5.832954545454545041e+02,3.000000000000000000e+00,4.156643304607395527e-03,0.000000000000000000e+00,1.000000000000000000e+00,8.592628034925675617e-02
5.857954545454545041e+02,3.000000000000000000e+00,3.400627530264723006e-03,0.000000000000000000e+00,1.000000000000000000e+00,8.588498140648495593e-02
5.882954545454545041e+02,3.000000000000000000e+00,2.823388368802442604e-03,0.000000000000000000e+00,1.000000000000000000e+00,8.584383325646804952e-02
5.907954545454545041e+02,3.000000000000000000e+00,1.977252399725591692e-03,0.000000000000000000e+00,1.000000000000000000e+00,8.580281802772875277e-02
5.932954545454545041e+02,3.000000000000000000e+00,5.974187819265966643e-04,0.000000000000000000e+00,1.000000000000000000e+00,8.576191903720520315e-02
5.957954545454545041e+02,3.000000000000000000e+00,4.747280931713485433e-03,0.000000000000000000e+00,1.000000000000000000e+00,8.572112143969196074e-02
5.982954545454545041e+02,3.000000000000000000e+00,5.452718311708201412e-03,0.000000000000000000e+00,1.000000000000000000e+00,8.568041139192959788e-02
6.007954545454545041e+02,3.000000000000000000e+00,4.834177531641148905e-03,0.000000000000000000e+00,1.000000000000000000e+00,8.563977742206904664e-02
6.032954545454545041e+02,3.000000000000000000e+00,4.910670333226980523e-03,0.000000000000000000e+00,1.000000000000000000e+00,8.559920821025207571e-02
6.057954545454545041e+02,3.000000000000000000e+00,5.048834643832603858e-03,0.000000000000000000e+00,1.000000000000000000e+00,8.555869325401015135e-02
6.082954545454545041e+02,3.000000000000000000e+00,4.941953701191630598e-03,0.000000000000000000e+00,1.000000000000000000e+00,8.551822324294573729e-02
6.107954545454545041e+02,3.000000000000000000e+00,4.203586977103202643e-03,0.000000000000000000e+00,1.000000000000000000e+00,8.547779036385408369e-02
6.132954545454545041e+02,3.000000000000000000e+00,5.646346887117211291e-03,0.000000000000000000e+00,1.000000000000000000e+00,8.543738725431029857e-02
6.157954545454545041e+02,3.000000000000000000e+00,5.944709373476593679e-03,0.000000000000000000e+00,1.000000000000000000e+00,8.539700715702251699e-02
6.182954545454545041e+02,3.000000000000000000e+00,8.089917074369049402e-03,0.000000000000000000e+00,1.000000000000000000e+00,8.535664465610127982e-02
6.207954545454545041e+02,3.000000000000000000e+00,8.636475612476997299e-03,0.000000000000000000e+00,1.000000000000000000e+00,8.531629068170358543e-02
6.232954545454545041e+02,3.000000000000000000e+00,9.928003667426785195e-03,0.000000000000000000e+00,1.000000000000000000e+00,8.527594463058386920e-02
6.257954545454545041e+02,3.000000000000000000e+00,9.553377839835251739e-03,0.000000000000000000e+00,1.000000000000000000e+00,8.523560225287127312e-02
6.282954545454545041e+02,3.000000000000000000e+00,7.193739531340032078e-03,0.000000000000000000e+00,1.000000000000000000e+00,8.519525973354662163e-02
6.307954545454545041e+02,3.000000000000000000e+00,5.917305165822283296e-03,0.000000000000000000e+00,1.000000000000000000e+00,8.515491590896029361e-02
6.332954545454545041e+02,3.000000000000000000e+00,8.353905279138294088e-03,0.000000000000000000e+00,1.000000000000000000e+00,8.511456789338446571e-02
6.357954545454545041e+02,3.000000000000000000e+00,7.734585421212754330e-03,0.000000000000000000e+00,1.000000000000000000e+00,8.507421391268392419e-02
6.382954545454545041e+02,3.000000000000000000e+00,5.659258255684649144e-03,0.000000000000000000e+00,1.000000000000000000e+00,8.503385287715201080e-02
6.407954545454545041e+02,3.000000000000000000e+00,3.955918431863006401e-03,0.000000000000000000e+00,1.000000000000000000e+00,8.499348348162003020e-02
6.432954545454545041e+02,3.000000000000000000e+00,4.668361920573490045e-03,0.000000000000000000e+00,1.000000000000000000e+00,8.495310402204744871e-02
6.457954545454545041e+02,3.000000000000000000e+00,4.918708288804292915e-03,0.000000000000000000e+00,1.000000000000000000e+00,8.491271344346308647e-02
6.482954545454545041e+02,3.000000000000000000e+00,4.682359969951759189e-03,0.000000000000000000e+00,1.000000000000000000e+00,8.487231371123739321e-02
6.507954545454545041e+02,3.000000000000000000e+00,4.346241051437091385e-03,0.000000000000000000e+00,1.000000000000000000e+00,8.483190402498042015e-02
6.532954545454545041e+02,3.000000000000000000e+00,5.046663832955851706e-03,0.000000000000000000e+00,1.000000000000000000e+00,8.479148522231007290e-02
6.557954545454545041e+02,3.000000000000000000e+00,4.381506225228254739e-03,0.000000000000000000e+00,1.000000000000000000e+00,8.475105795856546775e-02
6.582954545454545041e+02,3.000000000000000000e+00,3.884662123379636466e-03,0.000000000000000000e+00,1.000000000000000000e+00,8.471062319829691933e-02
6.607954545454545041e+02,3.000000000000000000e+00,3.673321390075762281e-03,0.000000000000000000e+00,1.000000000000000000e+00,8.467018007077875552e-02
6.632954545454545041e+02,3.000000000000000000e+00,3.235469933231175862e-03,0.000000000000000000e+00,1.000000000000000000e+00,8.462973231004740360e-02
6.657954545454545041e+02,3.000000000000000000e+00,2.452048630533739011e-03,0.000000000000000000e+00,1.000000000000000000e+00,8.458928086409291114e-02
6.682954545454545041e+02,3.000000000000000000e+00,2.474154787463822124e-03,0.000000000000000000e+00,1.000000000000000000e+00,8.454882708231530042e-02
6.707954545454545041e+02,3.000000000000000000e+00,2.755531368523539675e-03,0.000000000000000000e+00,1.000000000000000000e+00,8.450837205153140241e-02
6.732954545454545041e+02,3.000000000000000000e+00,2.430496461039812102e-03,0.000000000000000000e+00,1.000000000000000000e+00,8.446791745762739778e-02
6.757954545454545041e+02,3.000000000000000000e+00,2.357841322268626558e-03,0.000000000000000000e+00,1.000000000000000000e+00,8.442746539355644453e-02
6.782954545454545041e+02,3.000000000000000000e+00,2.613646059048108702e-03,0.000000000000000000e+00,1.000000000000000000e+00,8.438701789421862443e-02
6.807954545454545041e+02,3.000000000000000000e+00,2.429551577297310496e-03,0.000000000000000000e+00,1.000000000000000000e+00,8.434657738037042163e-02
6.832954545454545041e+02,3.000000000000000000e+00,1.954183614194080539e-03,0.000000000000000000e+00,1.000000000000000000e+00,8.430614578111850221e-02
6.857954545454545041e+02,3.000000000000000000e+00,1.469424273857810768e-03,0.000000000000000000e+00,1.000000000000000000e+00,8.426572490065650789e-02
6.882954545454545041e+02,3.000000000000000000e+00,1.383644454569394342e-03,0.000000000000000000e+00,1.000000000000000000e+00,8.422531676933173173e-02
6.907954545454545041e+02,3.000000000000000000e+00,1.169128381771648547e-03,0.000000000000000000e+00,1.000000000000000000e+00,8.418492347027654865e-02
6.932954545454545041e+02,3.000000000000000000e+00,1.175986728330351066e-03,0.000000000000000000e+00,1.000000000000000000e+00,8.414454791845604742e-02
6.957954545454545041e+02,3.000000000000000000e+00,1.267365714322094645e-03,0.000000000000000000e+00,1.000000000000000000e+00,8.410419195737722786e-02
6.982954545454545041e+02,3.000000000000000000e+00,1.242632778769028890e-03,0.000000000000000000e+00,1.000000000000000000e+00,8.406385795560954166e-02
7.007954545454545041e+02,3.000000000000000000e+00,1.172870637734040608e-03,0.000000000000000000e+00,1.000000000000000000e+00,8.402354849692615646e-02
7.032954545454545041e+02,3.000000000000000000e+00,1.278434043560866887e-03,0.000000000000000000e+00,1.000000000000000000e+00,8.398326587761122120e-02
7.057954545454545041e+02,3.000000000000000000e+00,1.466846048138235751e-03,0.000000000000000000e+00,1.000000000000000000e+00,8.394301271398922626e-02
7.082954545454545041e+02,3.000000000000000000e+00,1.318217143037451458e-03,0.000000000000000000e+00,1.000000000000000000e+00,8.390279109751618003e-02
7.107954545454545041e+02,3.000000000000000000e+00,1.246860952312675141e-03,0.000000000000000000e+00,1.000000000000000000e+00,8.386260303125195326e-02
7.132954545454545041e+02,2.000000000000000000e+00,4.962701664172523147e-02,0.000000000000000000e+00,1.000000000000000000e+00,8.382245083474434977e-02
7.157954545454545041e+02,2.000000000000000000e+00,4.756574312943114696e-02,0.000000000000000000e+00,1.000000000000000000e+00,8.378233717024148597e-02
7.182954545454545041e+02,3.000000000000000000e+00,1.143038536110065713e-03,0.000000000000000000e+00,1.000000000000000000e+00,8.374226416276021878e-02
7.207954545454545041e+02,2.000000000000000000e+00,4.996883333604472399e-02,0.000000000000000000e+00,1.000000000000000000e+00,8.370223404364554587e-02
7.232954545454545041e+02,2.000000000000000000e+00,4.952153705255817745e-02,0.000000000000000000e+00,1.000000000000000000e+00,8.366224926586317279e-02
7.257954545454545041e+02,3.000000000000000000e+00,8.155166650793429063e-04,0.000000000000000000e+00,1.000000000000000000e+00,8.362231209757832462e-02
7.282954545454545041e+02,2.000000000000000000e+00,4.719194605170134310e-02,0.000000000000000000e+00,1.000000000000000000e+00,8.358242447008684683e-02
7.307954545454545041e+02,2.000000000000000000e+00,4.581612372220945917e-02,0.000000000000000000e+00,1.000000000000000000e+00,8.354258877869319422e-02
7.332954545454545041e+02,3.000000000000000000e+00,7.438974853191315448e-04,0.000000000000000000e+00,1.000000000000000000e+00,8.350280725450112684e-02
7.357954545454545041e+02,2.000000000000000000e+00,4.467771278049210287e-02,0.000000000000000000e+00,1.000000000000000000e+00,8.346308197750601510e-02
7.382954545454545041e+02,2.000000000000000000e+00,4.569242661032725528e-02,0.000000000000000000e+00,1.000000000000000000e+00,8.342341533231971418e-02
7.407954545454545041e+02,2.000000000000000000e+00,4.898726211563514399e-02,0.000000000000000000e+00,1.000000000000000000e+00,8.338380926728405917e-02
7.432954545454545041e+02,2.000000000000000000e+00,4.562477286799134640e-02,0.000000000000000000e+00,1.000000000000000000e+00,8.334426598308267153e-02
7.457954545454545041e+02,2.000000000000000000e+00,4.735857477385745778e-02,0.000000000000000000e+00,1.000000000000000000e+00,8.330478732531426678e-02
7.482954545454545041e+02,2.000000000000000000e+00,4.497300154130806638e-02,0.000000000000000000e+00,1.000000000000000000e+00,8.326537542923637125e-02
7.507954545454545041e+02,2.000000000000000000e+00,4.438243897340329175e-02,0.000000000000000000e+00,1.000000000000000000e+00,8.322603221715858812e-02
7.532954545454545041e+02,2.000000000000000000e+00,4.333797779799468397e-02,0.000000000000000000e+00,1.000000000000000000e+00,8.318675964211337537e-02
7.557954545454545041e+02,2.000000000000000000e+00,4.330027252621462819e-02,0.000000000000000000e+00,1.000000000000000000e+00,8.314755961938795348e-02
7.582954545454545041e+02,2.000000000000000000e+00,4.203555849106426628e-02,0.000000000000000000e+00,1.000000000000000000e+00,8.310843416026214570e-02
7.607954545454545041e+02,2.000000000000000000e+00,4.078483398345341543e-02,0.000000000000000000e+00,1.000000000000000000e+00,8.306938485818443629e-02
7.632954545454545041e+02,2.000000000000000000e+00,3.983190444201883257e-02,0.000000000000000000e+00,1.000000000000000000e+00,8.303041359329493831e-02
7.657954545454545041e+02,2.000000000000000000e+00,3.977170877843021202e-02,0.000000000000000000e+00,1.000000000000000000e+00,8.299152211124613543e-02
7.682954545454545041e+02,2.000000000000000000e+00,3.809635173953809101e-02,0.000000000000000000e+00,1.000000000000000000e+00,8.295271212414609407e-02
7.707954545454545041e+02,2.000000000000000000e+00,3.814857632941777432e-02,0.000000000000000000e+00,1.000000000000000000e+00,8.291398545197234404e-02
7.732954545454545041e+02,2.000000000000000000e+00,3.696016957680755416e-02,0.000000000000000000e+00,1.000000000000000000e+00,8.287534360682145829e-02
7.757954545454545041e+02,2.000000000000000000e+00,3.668033257911519629e-02,0.000000000000000000e+00,1.000000000000000000e+00,8.283678913829929658e-02
7.782954545454545041e+02,2.000000000000000000e+00,3.548006755288671266e-02,0.000000000000000000e+00,1.000000000000000000e+00,8.279832298299380500e-02
7.807954545454545041e+02,2.000000000000000000e+00,3.556685259051189929e-02,0.000000000000000000e+00,1.000000000000000000e+00,8.275994648486703631e-02
7.832954545454545041e+02,2.000000000000000000e+00,3.401748125660823685e-02,0.000000000000000000e+00,1.000000000000000000e+00,8.272166112229377422e-02
7.857954545454545041e+02,2.000000000000000000e+00,3.427460680347781813e-02,0.000000000000000000e+00,1.000000000000000000e+00,8.268346836085169183e-02
7.882954545454545041e+02,2.000000000000000000e+00,3.251922408091573874e-02,0.000000000000000000e+00,1.000000000000000000e+00,8.264536964742379144e-02
7.907954545454545041e+02,2.000000000000000000e+00,3.290302628312197220e-02,0.000000000000000000e+00,1.000000000000000000e+00,8.260736641914592782e-02
7.932954545454545041e+02,2.000000000000000000e+00,3.107317943578638900e-02,0.000000000000000000e+00,1.000000000000000000e+00,8.256946004739576517e-02
7.957954545454545041e+02,2.000000000000000000e+00,3.236514196990786241e-02,0.000000000000000000e+00,1.000000000000000000e+00,8.253165189245464939e-02
7.982954545454545041e+02,2.000000000000000000e+00,3.041981771918237862e-02,0.000000000000000000e+00,1.000000000000000000e+00,8.249394319729146108e-02
8.007954545454545041e+02,2.000000000000000000e+00,3.120602749896133829e-02,0.000000000000000000e+00,1.000000000000000000e+00,8.245633518773179405e-02
8.032954545454545041e+02,2.000000000000000000e+00,2.964209054102206337e-02,0.000000000000000000e+00,1.000000000000000000e+00,8.241882911551895452e-02
8.057954545454545041e+02,2.000000000000000000e+00,3.133641859874572444e-02,0.000000000000000000e+00,1.000000000000000000e+00,8.238142622269271909e-02
8.082954545454545041e+02,2.000000000000000000e+00,2.966773724193360121e-02,0.000000000000000000e+00,1.000000000000000000e+00,8.234412767665785782e-02
8.107954545454545041e+02,2.000000000000000000e+00,3.139836703240203586e-02,0.000000000000000000e+00,1.000000000000000000e+00,8.230693468405204938e-02
8.132954545454545041e+02,2.000000000000000000e+00,2.964175839115706576e-02,0.000000000000000000e+00,1.000000000000000000e+00,8.226984808217882583e-02
8.157954545454545041e+02,2.000000000000000000e+00,3.036850060143811425e-02,0.000000000000000000e+00,1.000000000000000000e+00,8.223286920480604723e-02
8.182954545454545041e+02,2.000000000000000000e+00,2.870671847545486211e-02,0.000000000000000000e+00,1.000000000000000000e+00,8.219599888827927581e-02
8.207954545454545041e+02,2.000000000000000000e+00,2.971869854305852002e-02,0.000000000000000000e+00,1.000000000000000000e+00,8.215923826761269144e-02
8.232954545454545041e+02,2.000000000000000000e+00,2.792052299982328983e-02,0.000000000000000000e+00,1.000000000000000000e+00,8.212258819595615045e-02
8.257954545454545041e+02,2.000000000000000000e+00,2.892678575089674409e-02,0.000000000000000000e+00,1.000000000000000000e+00,8.208604976640881956e-02
8.282954545454545041e+02,2.000000000000000000e+00,2.732124994976752388e-02,0.000000000000000000e+00,1.000000000000000000e+00,8.204962381165867291e-02
8.307954545454545041e+02,2.000000000000000000e+00,2.772894331383414512e-02,0.000000000000000000e+00,1.000000000000000000e+00,8.201331118032363643e-02
8.332954545454545041e+02,2.000000000000000000e+00,2.716794207546510340e-02,0.000000000000000000e+00,1.000000000000000000e+00,8.197711265353989363e-02
8.357954545454545041e+02,2.000000000000000000e+00,2.694213036835454295e-02,0.000000000000000000e+00,1.000000000000000000e+00,8.194102924498929130e-02
8.382954545454545041e+02,2.000000000000000000e+00,2.644755824267891464e-02,0.000000000000000000e+00,1.000000000000000000e+00,8.190506136089392708e-02
8.407954545454545041e+02,2.000000000000000000e+00,2.661557028643152592e-02,0.000000000000000000e+00,1.000000000000000000e+00,8.186921029705998554e-02
8.432954545454545041e+02,2.000000000000000000e+00,2.622011098575985355e-02,0.000000000000000000e+00,1.000000000000000000e+00,8.183347651206930584e-02
8.457954545454545041e+02,2.000000000000000000e+00,2.621467199378915702e-02,0.000000000000000000e+00,1.000000000000000000e+00,8.179786084706429372e-02
8.482954545454545041e+02,2.000000000000000000e+00,2.536368712023669841e-02,0.000000000000000000e+00,1.000000000000000000e+00,8.176236386102575526e-02
8.507954545454545041e+02,2.000000000000000000e+00,2.507600282508305398e-02,0.000000000000000000e+00,1.000000000000000000e+00,8.172698643710654687e-02
8.532954545454545041e+02,2.000000000000000000e+00,2.456944593822256440e-02,0.000000000000000000e+00,1.000000000000000000e+00,8.169172894472789825e-02
8.557954545454545041e+02,2.000000000000000000e+00,2.461959339210435804e-02,0.000000000000000000e+00,1.000000000000000000e+00,8.165659244964439123e-02
8.582954545454545041e+02,2.000000000000000000e+00,2.466107320341012765e-02,0.000000000000000000e+00,1.000000000000000000e+00,8.162157704635648880e-02
8.607954545454545041e+02,2.000000000000000000e+00,2.408925560891356926e-02,0.000000000000000000e+00,1.000000000000000000e+00,8.158668349634334849e-02
8.632954545454545041e+02,2.000000000000000000e+00,2.333936604039778609e-02,0.000000000000000000e+00,1.000000000000000000e+00,8.155191217928148273e-02
8.657954545454545041e+02,2.000000000000000000e+00,2.346228103818635488e-02,0.000000000000000000e+00,1.000000000000000000e+00,8.151726380982850240e-02
8.682954545454545041e+02,2.000000000000000000e+00,2.321646823454530731e-02,0.000000000000000000e+00,1.000000000000000000e+00,8.148273871539317426e-02
8.707954545454545041e+02,2.000000000000000000e+00,2.288603018964733074e-02,0.000000000000000000e+00,1.000000000000000000e+00,8.144833752776403646e-02
8.732954545454545041e+02,2.000000000000000000e+00,2.274765673538529584e-02,0.000000000000000000e+00,1.000000000000000000e+00,8.141406054732544528e-02
8.757954545454545041e+02,2.000000000000000000e+00,2.264099529199064750e-02,0.000000000000000000e+00,1.000000000000000000e+00,8.137990836197490918e-02
8.782954545454545041e+02,2.000000000000000000e+00,2.240716040042807500e-02,0.000000000000000000e+00,1.000000000000000000e+00,8.134588123817973471e-02
8.807954545454545041e+02,2.000000000000000000e+00,2.224098819717970285e-02,0.000000000000000000e+00,1.000000000000000000e+00,8.131197968920331198e-02
8.832954545454545041e+02,2.000000000000000000e+00,2.181482129822327753e-02,0.000000000000000000e+00,1.000000000000000000e+00,8.127820398180035655e-02
8.857954545454545041e+02,2.000000000000000000e+00,2.181177359140366173e-02,0.000000000000000000e+00,1.000000000000000000e+00,8.124455457154224070e-02
8.882954545454545041e+02,2.000000000000000000e+00,2.138805260130284547e-02,0.000000000000000000e+00,1.000000000000000000e+00,8.121103164592766155e-02
8.907954545454545041e+02,2.000000000000000000e+00,2.088722313645099277e-02,0.000000000000000000e+00,1.000000000000000000e+00,8.117763570388969452e-02
8.932954545454545041e+02,2.000000000000000000e+00,2.079345349331760892e-02,0.000000000000000000e+00,1.000000000000000000e+00,8.114436684038932313e-02
8.957954545454545041e+02,2.000000000000000000e+00,2.104742929772922266e-02,0.000000000000000000e+00,1.000000000000000000e+00,8.111122548183266612e-02
8.982954545454545041e+02,2.000000000000000000e+00,2.042417419211759941e-02,0.000000000000000000e+00,1.000000000000000000e+00,8.107821177754979958e-02
9.007954545454545041e+02,2.000000000000000000e+00,2.036583053061736745e-02,0.000000000000000000e+00,1.000000000000000000e+00,8.104532606747784362e-02
9.032954545454545041e+02,2.000000000000000000e+00,1.991114381857143553e-02,0.000000000000000000e+00,1.000000000000000000e+00,8.101256845409758600e-02
9.057954545454545041e+02,2.000000000000000000e+00,2.037341587855378416e-02,0.000000000000000000e+00,1.000000000000000000e+00,8.097993925520094449e-02
9.082954545454545041e+02,2.000000000000000000e+00,1.953393171222654601e-02,0.000000000000000000e+00,1.000000000000000000e+00,8.094743831264152034e-02
9.107954545454545041e+02,2.000000000000000000e+00,1.961478486373889607e-02,0.000000000000000000e+00,1.000000000000000000e+00,8.091506574916865202e-02
9.132954545454545041e+02,2.000000000000000000e+00,1.934412631652777589e-02,0.000000000000000000e+00,1.000000000000000000e+00,8.088282202702601342e-02
9.157954545454545041e+02,2.000000000000000000e+00,1.925532331168770470e-02,0.000000000000000000e+00,1.000000000000000000e+00,8.085070736162384974e-02
9.182954545454545041e+02,2.000000000000000000e+00,1.853777505350586927e-02,0.000000000000000000e+00,1.000000000000000000e+00,8.081872183053569192e-02
9.207954545454545041e+02,2.000000000000000000e+00,1.910302118207698324e-02,0.000000000000000000e+00,1.000000000000000000e+00,8.078686565469127279e-02
9.232954545454545041e+02,2.000000000000000000e+00,1.860551391010719161e-02,0.000000000000000000e+00,1.000000000000000000e+00,8.075513880582696480e-02
9.257954545454545041e+02,2.000000000000000000e+00,1.849771698283309701e-02,0.000000000000000000e+00,1.000000000000000000e+00,8.072354152103261571e-02
9.282954545454545041e+02,2.000000000000000000e+00,1.800762577420707278e-02,0.000000000000000000e+00,1.000000000000000000e+00,8.069207372105711984e-02
9.307954545454545041e+02,2.000000000000000000e+00,1.841077696637443903e-02,0.000000000000000000e+00,1.000000000000000000e+00,8.066073559028033579e-02
9.332954545454545041e+02,2.000000000000000000e+00,1.770417533212373731e-02,0.000000000000000000e+00,1.000000000000000000e+00,8.062952713166032792e-02
9.357954545454545041e+02,2.000000000000000000e+00,1.806609631490530346e-02,0.000000000000000000e+00,1.000000000000000000e+00,8.059844845580352302e-02
9.382954545454545041e+02,2.000000000000000000e+00,1.717462577144041047e-02,0.000000000000000000e+00,1.000000000000000000e+00,8.056749941987531582e-02
9.407954545454545041e+02,2.000000000000000000e+00,1.770102430925377113e-02,0.000000000000000000e+00,1.000000000000000000e+00,8.053668018252103933e-02
9.432954545454545041e+02,2.000000000000000000e+00,1.695659615384718585e-02,0.000000000000000000e+00,1.000000000000000000e+00,8.050599056739100867e-02
9.457954545454545041e+02,2.000000000000000000e+00,1.721112603073223640e-02,0.000000000000000000e+00,1.000000000000000000e+00,8.047543073755562826e-02
9.482954545454545041e+02,2.000000000000000000e+00,1.657006404972900804e-02,0.000000000000000000e+00,1.000000000000000000e+00,8.044500065485589435e-02
9.507954545454545041e+02,2.000000000000000000e+00,1.690986458398839945e-02,0.000000000000000000e+00,1.000000000000000000e+00,8.041470013550139351e-02
9.532954545454545041e+02,2.000000000000000000e+00,1.628437977549519744e-02,0.000000000000000000e+00,1.000000000000000000e+00,8.038452916276671301e-02
9.557954545454545041e+02,2.000000000000000000e+00,1.639298743552439555e-02,0.000000000000000000e+00,1.000000000000000000e+00,8.035448779119566676e-02
9.582954545454545041e+02,2.000000000000000000e+00,1.594087693410162210e-02,0.000000000000000000e+00,1.000000000000000000e+00,8.032457583775411136e-02
9.607954545454545041e+02,2.000000000000000000e+00,1.631060290891610254e-02,0.000000000000000000e+00,1.000000000000000000e+00,8.029479333227151905e-02
9.632954545454545041e+02,2.000000000000000000e+00,1.585846364043182188e-02,0.000000000000000000e+00,1.000000000000000000e+00,8.026514008852063398e-02
9.657954545454545041e+02,2.000000000000000000e+00,1.570979695913432908e-02,0.000000000000000000e+00,1.000000000000000000e+00,8.023561610301679914e-02
9.682954545454545041e+02,2.000000000000000000e+00,1.552202584886061207e-02,0.000000000000000000e+00,1.000000000000000000e+00,8.020622116452093275e-02
9.707954545454545041e+02,2.000000000000000000e+00,1.570587953169225170e-02,0.000000000000000000e+00,1.000000000000000000e+00,8.017695525889516339e-02
9.732954545454545041e+02,2.000000000000000000e+00,1.530789102264902210e-02,0.000000000000000000e+00,1.000000000000000000e+00,8.014781816836068218e-02
9.757954545454545041e+02,2.000000000000000000e+00,1.530839830865443965e-02,0.000000000000000000e+00,1.000000000000000000e+00,8.011880984506383752e-02
9.782954545454545041e+02,2.000000000000000000e+00,1.505991924520581546e-02,0.000000000000000000e+00,1.000000000000000000e+00,8.008993005066218640e-02
9.807954545454545041e+02,2.000000000000000000e+00,1.497316121466570234e-02,0.000000000000000000e+00,1.000000000000000000e+00,8.006117872898738108e-02
9.832954545454545041e+02,2.000000000000000000e+00,1.471940483893162399e-02,0.000000000000000000e+00,1.000000000000000000e+00,8.003255562122224553e-02
9.857954545454545041e+02,2.000000000000000000e+00,1.465956927235901458e-02,0.000000000000000000e+00,1.000000000000000000e+00,8.000406067708938640e-02
9.882954545454545041e+02,2.000000000000000000e+00,1.434429067847281872e-02,0.000000000000000000e+00,1.000000000000000000e+00,7.997569361137196742e-02
9.907954545454545041e+02,2.000000000000000000e+00,1.420398333336088219e-02,0.000000000000000000e+00,1.000000000000000000e+00,7.994745432911980199e-02
9.932954545454545041e+02,2.000000000000000000e+00,1.404244600648257846e-02,0.000000000000000000e+00,1.000000000000000000e+00,7.991934258290731008e-02
9.957954545454545041e+02,2.000000000000000000e+00,1.410133751078392408e-02,0.000000000000000000e+00,1.000000000000000000e+00,7.989135822719820035e-02
9.982954545454545041e+02,2.000000000000000000e+00,1.368459514959934759e-02,0.000000000000000000e+00,1.000000000000000000e+00,7.986350096952185562e-02
1.000795454545454504e+03,2.000000000000000000e+00,1.373678049659367816e-02,0.000000000000000000e+00,1.000000000000000000e+00,7.983577070191495706e-02
1.003295454545454504e+03,2.000000000000000000e+00,1.358077400444370614e-02,0.000000000000000000e+00,1.000000000000000000e+00,7.980816708620581956e-02
1.005795454545454504e+03,2.000000000000000000e+00,1.342541498433705641e-02,0.000000000000000000e+00,1.000000000000000000e+00,7.978069000237873742e-02
1.008295454545454504e+03,2.000000000000000000e+00,1.341231872679699705e-02,0.000000000000000000e+00,1.000000000000000000e+00,7.975333915322607714e-02
1.010795454545454504e+03,2.000000000000000000e+00,1.314983142715821576e-02,0.000000000000000000e+00,1.000000000000000000e+00,7.972611436955909237e-02
1.013295454545454504e+03,2.000000000000000000e+00,1.312765715620634564e-02,0.000000000000000000e+00,1.000000000000000000e+00,7.969901533643866665e-02
1.015795454545454504e+03,2.000000000000000000e+00,1.298850922599134768e-02,0.000000000000000000e+00,1.000000000000000000e+00,7.967204187308531138e-02
1.018295454545454504e+03,2.000000000000000000e+00,1.270465205865889402e-02,0.000000000000000000e+00,1.000000000000000000e+00,7.964519366036755532e-02
1.020795454545454504e+03,2.000000000000000000e+00,1.286616230531284662e-02,0.000000000000000000e+00,1.000000000000000000e+00,7.961847049711105739e-02
1.023295454545454504e+03,2.000000000000000000e+00,1.251977447393309677e-02,0.000000000000000000e+00,1.000000000000000000e+00,7.959187206264491110e-02
1.025795454545454504e+03,2.000000000000000000e+00,1.250305996073981275e-02,0.000000000000000000e+00,1.000000000000000000e+00,7.956539814608971917e-02
1.028295454545454504e+03,2.000000000000000000e+00,1.236912081818915266e-02,0.000000000000000000e+00,1.000000000000000000e+00,7.953904840571662804e-02
1.030795454545454504e+03,2.000000000000000000e+00,1.226223704496946093e-02,0.000000000000000000e+00,1.000000000000000000e+00,7.951282262092611297e-02
1.033295454545454504e+03,2.000000000000000000e+00,1.256410223415864967e-02,0.000000000000000000e+00,1.000000000000000000e+00,7.948672045665362840e-02
1.035795454545454504e+03,2.000000000000000000e+00,1.213287194380109797e-02,0.000000000000000000e+00,1.000000000000000000e+00,7.946074166635611058e-02
1.038295454545454504e+03,2.000000000000000000e+00,1.181704254084881174e-02,0.000000000000000000e+00,1.000000000000000000e+00,7.943488590153589823e-02
1.040795454545454504e+03,2.000000000000000000e+00,1.185139307022269224e-02,0.000000000000000000e+00,1.000000000000000000e+00,7.940915292891033428e-02
1.043295454545454504e+03,2.000000000000000000e+00,1.163291356526187717e-02,0.000000000000000000e+00,1.000000000000000000e+00,7.938354237377374945e-02
1.045795454545454504e+03,2.000000000000000000e+00,1.166606320088808824e-02,0.000000000000000000e+00,1.000000000000000000e+00,7.935805399996838372e-02
1.048295454545454504e+03,2.000000000000000000e+00,1.135839251872103849e-02,0.000000000000000000e+00,1.000000000000000000e+00,7.933268742066917900e-02
1.050795454545454504e+03,2.000000000000000000e+00,1.142039907938343160e-02,0.000000000000000000e+00,1.000000000000000000e+00,7.930744237198775193e-02
1.053295454545454504e+03,2.000000000000000000e+00,1.118954808263910444e-02,0.000000000000000000e+00,1.000000000000000000e+00,7.928231849220887528e-02
1.055795454545454504e+03,2.000000000000000000e+00,1.108695829220735819e-02,0.000000000000000000e+00,1.000000000000000000e+00,7.925731558723168868e-02
1.058295454545454504e+03,2.000000000000000000e+00,1.093505344914820487e-02,0.000000000000000000e+00,1.000000000000000000e+00,7.923243304776629581e-02
1.060795454545454504e+03,2.000000000000000000e+00,1.104165085305746849e-02,0.000000000000000000e+00,1.000000000000000000e+00,7.920767087740529511e-02
1.063295454545454504e+03,2.000000000000000000e+00,1.076231411698782073e-02,0.000000000000000000e+00,1.000000000000000000e+00,7.918302841329447062e-02
1.065795454545454504e+03,2.000000000000000000e+00,1.059623542187040045e-02,0.000000000000000000e+00,1.000000000000000000e+00,7.915850572025902310e-02
1.068295454545454504e+03,2.000000000000000000e+00,1.047889977066393183e-02,0.000000000000000000e+00,1.000000000000000000e+00,7.913410205856884205e-02
1.070795454545454504e+03,2.000000000000000000e+00,1.039516305243625045e-02,0.000000000000000000e+00,1.000000000000000000e+00,7.910981742307997278e-02
1.073295454545454504e+03,2.000000000000000000e+00,1.021586716850107941e-02,0.000000000000000000e+00,1.000000000000000000e+00,7.908565112449933432e-02
1.075795454545454504e+03,2.000000000000000000e+00,1.023192808998885442e-02,0.000000000000000000e+00,1.000000000000000000e+00,7.906160321368353727e-02
1.078295454545454504e+03,2.000000000000000000e+00,9.980207355134990480e-03,0.000000000000000000e+00,1.000000000000000000e+00,7.903767288162991123e-02
1.080795454545454504e+03,2.000000000000000000e+00,1.004751410551745286e-02,0.000000000000000000e+00,1.000000000000000000e+00,7.901386014879255293e-02
1.083295454545454504e+03,2.000000000000000000e+00,9.813723774945892070e-03,0.000000000000000000e+00,1.000000000000000000e+00,7.899016435349981435e-02
1.085795454545454504e+03,2.000000000000000000e+00,9.931796652446185300e-03,0.000000000000000000e+00,1.000000000000000000e+00,7.896658543944108655e-02
1.088295454545454504e+03,2.000000000000000000e+00,9.624279864486886063e-03,0.000000000000000000e+00,1.000000000000000000e+00,7.894312273591740092e-02
1.090795454545454504e+03,2.000000000000000000e+00,9.668302481768042272e-03,0.000000000000000000e+00,1.000000000000000000e+00,7.891977617430778746e-02
1.093295454545454504e+03,2.000000000000000000e+00,9.406331161821671061e-03,0.000000000000000000e+00,1.000000000000000000e+00,7.889654510314085545e-02
1.095795454545454504e+03,2.000000000000000000e+00,9.484076857891413428e-03,0.000000000000000000e+00,1.000000000000000000e+00,7.887342943061816103e-02
1.098295454545454504e+03,2.000000000000000000e+00,9.167440163720752891e-03,0.000000000000000000e+00,1.000000000000000000e+00,7.885042850239941392e-02
1.100795454545454504e+03,2.000000000000000000e+00,9.347561740538147187e-03,0.000000000000000000e+00,1.000000000000000000e+00,7.882754222466036020e-02
1.103295454545454504e+03,2.000000000000000000e+00,8.947964964880011918e-03,0.000000000000000000e+00,1.000000000000000000e+00,7.880476994337065610e-02
1.105795454545454504e+03,2.000000000000000000e+00,9.096080793683658169e-03,0.000000000000000000e+00,1.000000000000000000e+00,7.878211155358791351e-02
1.108295454545454504e+03,2.000000000000000000e+00,8.819926699232545630e-03,0.000000000000000000e+00,1.000000000000000000e+00,7.875956640324960345e-02
1.110795454545454504e+03,2.000000000000000000e+00,8.919348137240174640e-03,0.000000000000000000e+00,1.000000000000000000e+00,7.873713436832444068e-02
1.113295454545454504e+03,2.000000000000000000e+00,8.781774065145145358e-03,0.000000000000000000e+00,1.000000000000000000e+00,7.871481483171138827e-02
1.115795454545454504e+03,2.000000000000000000e+00,8.840113352087496448e-03,0.000000000000000000e+00,1.000000000000000000e+00,7.869260762455322633e-02
1.118295454545454504e+03,2.000000000000000000e+00,8.481807987647254840e-03,0.000000000000000000e+00,1.000000000000000000e+00,7.867051213171677437e-02
1.120795454545454504e+03,2.000000000000000000e+00,8.592410725995801649e-03,0.000000000000000000e+00,1.000000000000000000e+00,7.864852820787888998e-02
1.123295454545454504e+03,2.000000000000000000e+00,8.471520826783046285e-03,0.000000000000000000e+00,1.000000000000000000e+00,7.862665522839165644e-02
1.125795454545454504e+03,2.000000000000000000e+00,8.510579145064997228e-03,0.000000000000000000e+00,1.000000000000000000e+00,7.860489300409974345e-02
1.128295454545454504e+03,2.000000000000000000e+00,8.244368087840930892e-03,0.000000000000000000e+00,1.000000000000000000e+00,7.858324096428670469e-02
1.130795454545454504e+03,2.000000000000000000e+00,8.342421347955307834e-03,0.000000000000000000e+00,1.000000000000000000e+00,7.856169889897222924e-02
1.133295454545454504e+03,2.000000000000000000e+00,8.022796123348408318e-03,0.000000000000000000e+00,1.000000000000000000e+00,7.854026620170238837e-02
1.135795454545454504e+03,2.000000000000000000e+00,8.227577961727232381e-03,0.000000000000000000e+00,1.000000000000000000e+00,7.851894270134376907e-02
1.138295454545454504e+03,2.000000000000000000e+00,8.334389102280702344e-03,0.000000000000000000e+00,1.000000000000000000e+00,7.849772778497031422e-02
1.140795454545454504e+03,2.000000000000000000e+00,7.854868712900789710e-03,0.000000000000000000e+00,1.000000000000000000e+00,7.847662125114668319e-02
1.143295454545454504e+03,2.000000000000000000e+00,8.068345092002573299e-03,0.000000000000000000e+00,1.000000000000000000e+00,7.845562256665154777e-02
1.145795454545454504e+03,2.000000000000000000e+00,7.995172733407000104e-03,0.000000000000000000e+00,1.000000000000000000e+00,7.843473131484324234e-02
1.148295454545454504e+03,2.000000000000000000e+00,7.850198549772292866e-03,0.000000000000000000e+00,1.000000000000000000e+00,7.841394722971933851e-02
1.150795454545454504e+03,2.000000000000000000e+00,7.598442124405632020e-03,0.000000000000000000e+00,1.000000000000000000e+00,7.839326981288533003e-02
1.153295454545454504e+03,2.000000000000000000e+00,8.002688744051128858e-03,0.000000000000000000e+00,1.000000000000000000e+00,7.837269859962710250e-02
1.155795454545454504e+03,2.000000000000000000e+00,7.406077013800441318e-03,0.000000000000000000e+00,1.000000000000000000e+00,7.835223334541996376e-02
1.158295454545454504e+03,2.000000000000000000e+00,7.581780525954717916e-03,0.000000000000000000e+00,1.000000000000000000e+00,7.833187352873084708e-02
1.160795454545454504e+03,2.000000000000000000e+00,7.590928543456390391e-03,0.000000000000000000e+00,1.000000000000000000e+00,7.831161877896825052e-02
1.163295454545454504e+03,2.000000000000000000e+00,7.436598517181884985e-03,0.000000000000000000e+00,1.000000000000000000e+00,7.829146867192315895e-02
1.165795454545454504e+03,2.000000000000000000e+00,7.238545370529050026e-03,0.000000000000000000e+00,1.000000000000000000e+00,7.827142284731263000e-02
1.168295454545454504e+03,2.000000000000000000e+00,7.464958854909544902e-03,0.000000000000000000e+00,1.000000000000000000e+00,7.825148085390819241e-02
1.170795454545454504e+03,2.000000000000000000e+00,7.160757738385957645e-03,0.000000000000000000e+00,1.000000000000000000e+00,7.823164229492517163e-02
1.173295454545454504e+03,2.000000000000000000e+00,7.249585249207806531e-03,0.000000000000000000e+00,1.000000000000000000e+00,7.821190677231588950e-02
1.175795454545454504e+03,2.000000000000000000e+00,7.118564132392997575e-03,0.000000000000000000e+00,1.000000000000000000e+00,7.819227388017115088e-02
1.178295454545454504e+03,2.000000000000000000e+00,7.079323064471648719e-03,0.000000000000000000e+00,1.000000000000000000e+00,7.817274321053981068e-02
1.180795454545454504e+03,2.000000000000000000e+00,6.952707858534853264e-03,0.000000000000000000e+00,1.000000000000000000e+00,7.815331434750932837e-02
1.183295454545454504e+03,2.000000000000000000e+00,7.178380052170026809e-03,0.000000000000000000e+00,1.000000000000000000e+00,7.813398689059165847e-02
1.185795454545454504e+03,2.000000000000000000e+00,6.739883066174461208e-03,0.000000000000000000e+00,1.000000000000000000e+00,7.811476040467479898e-02
1.188295454545454504e+03,2.000000000000000000e+00,6.909014594392149863e-03,0.000000000000000000e+00,1.000000000000000000e+00,7.809563451947645896e-02
1.190795454545454504e+03,2.000000000000000000e+00,6.793747677742481214e-03,0.000000000000000000e+00,1.000000000000000000e+00,7.807660880143083015e-02
1.193295454545454504e+03,2.000000000000000000e+00,6.858988108567670369e-03,0.000000000000000000e+00,1.000000000000000000e+00,7.805768275843899540e-02
1.195795454545454504e+03,2.000000000000000000e+00,6.474658523011114775e-03,0.000000000000000000e+00,1.000000000000000000e+00,7.803885615530750663e-02
1.198295454545454504e+03,2.000000000000000000e+00,6.684277010498390972e-03,0.000000000000000000e+00,1.000000000000000000e+00,7.802012850952497192e-02
1.200795454545454504e+03,2.000000000000000000e+00,6.528948517366879936e-03,0.000000000000000000e+00,1.000000000000000000e+00,7.800149939940481669e-02
1.203295454545454504e+03,2.000000000000000000e+00,6.640130009705324382e-03,0.000000000000000000e+00,1.000000000000000000e+00,7.798296841558932657e-02
1.205795454545454504e+03,2.000000000000000000e+00,6.350242747646033491e-03,0.000000000000000000e+00,1.000000000000000000e+00,7.796453514607069868e-02
1.208295454545454504e+03,2.000000000000000000e+00,6.494343359785936798e-03,0.000000000000000000e+00,1.000000000000000000e+00,7.794619919077552805e-02
1.210795454545454504e+03,2.000000000000000000e+00,6.282706263471164038e-03,0.000000000000000000e+00,1.000000000000000000e+00,7.792796013358140039e-02
1.213295454545454504e+03,2.000000000000000000e+00,6.386196571676723555e-03,0.000000000000000000e+00,1.000000000000000000e+00,7.790981757104649408e-02
1.215795454545454504e+03,2.000000000000000000e+00,6.161955020229780734e-03,0.000000000000000000e+00,1.000000000000000000e+00,7.789177108741973665e-02
1.218295454545454504e+03,2.000000000000000000e+00,6.279210968273595331e-03,0.000000000000000000e+00,1.000000000000000000e+00,7.787382028207114060e-02
1.220795454545454504e+03,2.000000000000000000e+00,6.048892100793235027e-03,0.000000000000000000e+00,1.000000000000000000e+00,7.785596474233551223e-02
1.223295454545454504e+03,2.000000000000000000e+00,6.151934910178830269e-03,0.000000000000000000e+00,1.000000000000000000e+00,7.783820406606814513e-02
1.225795454545454504e+03,2.000000000000000000e+00,5.979045020895031905e-03,0.000000000000000000e+00,1.000000000000000000e+00,7.782053784279448216e-02
1.228295454545454504e+03,2.000000000000000000e+00,6.002169918028623513e-03,0.000000000000000000e+00,1.000000000000000000e+00,7.780296565820325749e-02
1.230795454545454504e+03,2.000000000000000000e+00,5.856837974983396256e-03,0.000000000000000000e+00,1.000000000000000000e+00,7.778548712048735658e-02
1.233295454545454504e+03,2.000000000000000000e+00,5.968906895513427686e-03,0.000000000000000000e+00,1.000000000000000000e+00,7.776810180529755701e-02
1.235795454545454504e+03,2.000000000000000000e+00,5.717547963544328433e-03,0.000000000000000000e+00,1.000000000000000000e+00,7.775080932117042765e-02
1.238295454545454504e+03,2.000000000000000000e+00,5.839045460822228639e-03,0.000000000000000000e+00,1.000000000000000000e+00,7.773360925621569661e-02
1.240795454545454504e+03,2.000000000000000000e+00,5.654782875279458845e-03,0.000000000000000000e+00,1.000000000000000000e+00,7.771650121046087822e-02
1.243295454545454504e+03,2.000000000000000000e+00,5.752969752233803163e-03,0.000000000000000000e+00,1.000000000000000000e+00,7.769948477193903968e-02
1.245795454545454504e+03,2.000000000000000000e+00,5.562513693012488374e-03,0.000000000000000000e+00,1.000000000000000000e+00,7.768255954523936579e-02
1.248295454545454504e+03,2.000000000000000000e+00,5.643849724434272380e-03,0.000000000000000000e+00,1.000000000000000000e+00,7.766572511815308943e-02
1.250795454545454504e+03,2.000000000000000000e+00,5.432462353176706511e-03,0.000000000000000000e+00,1.000000000000000000e+00,7.764898109622732358e-02
1.253295454545454504e+03,2.000000000000000000e+00,5.531250859996466110e-03,0.000000000000000000e+00,1.000000000000000000e+00,7.763232707160200308e-02
1.255795454545454504e+03,2.000000000000000000e+00,5.320276004963552657e-03,0.000000000000000000e+00,1.000000000000000000e+00,7.761576264466595043e-02
1.258295454545454504e+03,2.000000000000000000e+00,5.448532555660512249e-03,0.000000000000000000e+00,1.000000000000000000e+00,7.759928741356782178e-02
1.260795454545454504e+03,2.000000000000000000e+00,5.275637889082483538e-03,0.000000000000000000e+00,1.000000000000000000e+00,7.758290097916219208e-02
1.263295454545454504e+03,2.000000000000000000e+00,5.367293528890551557e-03,0.000000000000000000e+00,1.000000000000000000e+00,7.756660294104533726e-02
1.265795454545454504e+03,2.000000000000000000e+00,5.143609134561240130e-03,0.000000000000000000e+00,1.000000000000000000e+00,7.755039289956275339e-02
1.268295454545454504e+03,2.000000000000000000e+00,5.266317972820658624e-03,0.000000000000000000e+00,1.000000000000000000e+00,7.753427046317501459e-02
1.270795454545454504e+03,2.000000000000000000e+00,5.136718395442946804e-03,0.000000000000000000e+00,1.000000000000000000e+00,7.751823522551058721e-02
1.273295454545454504e+03,2.000000000000000000e+00,5.116344338257051809e-03,0.000000000000000000e+00,1.000000000000000000e+00,7.750228679087037276e-02
1.275795454545454504e+03,2.000000000000000000e+00,5.033149679147973753e-03,0.000000000000000000e+00,1.000000000000000000e+00,7.748642476746110674e-02
1.278295454545454504e+03,2.000000000000000000e+00,5.111944148116987635e-03,0.000000000000000000e+00,1.000000000000000000e+00,7.747064875562693909e-02
1.280795454545454504e+03,2.000000000000000000e+00,4.879954921373543149e-03,0.000000000000000000e+00,1.000000000000000000e+00,7.745495836532888256e-02
1.283295454545454504e+03,2.000000000000000000e+00,4.993708437074390917e-03,0.000000000000000000e+00,1.000000000000000000e+00,7.743935319743086576e-02
1.285795454545454504e+03,2.000000000000000000e+00,4.871030289063713221e-03,0.000000000000000000e+00,1.000000000000000000e+00,7.742383286396027631e-02
1.288295454545454504e+03,2.000000000000000000e+00,4.872119194806324993e-03,0.000000000000000000e+00,1.000000000000000000e+00,7.740839696929066593e-02
1.290795454545454504e+03,2.000000000000000000e+00,4.783586367018023006e-03,0.000000000000000000e+00,1.000000000000000000e+00,7.739304512578766559e-02
1.293295454545454504e+03,2.000000000000000000e+00,4.863646001548602507e-03,0.000000000000000000e+00,1.000000000000000000e+00,7.737777693788439048e-02
1.295795454545454504e+03,2.000000000000000000e+00,4.688083302419920710e-03,0.000000000000000000e+00,1.000000000000000000e+00,7.736259201956179055e-02
1.298295454545454504e+03,2.000000000000000000e+00,4.770464189238762982e-03,0.000000000000000000e+00,1.000000000000000000e+00,7.734748998269261322e-02
1.300795454545454504e+03,2.000000000000000000e+00,4.586157950539802679e-03,0.000000000000000000e+00,1.000000000000000000e+00,7.733247044014912586e-02
1.303295454545454504e+03,2.000000000000000000e+00,4.698954856524489333e-03,0.000000000000000000e+00,1.000000000000000000e+00,7.731753300240491733e-02
1.305795454545454504e+03,2.000000000000000000e+00,4.536002323393888841e-03,0.000000000000000000e+00,1.000000000000000000e+00,7.730267728782012904e-02
1.308295454545454504e+03,2.000000000000000000e+00,4.587431887354967604e-03,0.000000000000000000e+00,1.000000000000000000e+00,7.728790290578151090e-02
1.310795454545454504e+03,2.000000000000000000e+00,4.456532906750841107e-03,0.000000000000000000e+00,1.000000000000000000e+00,7.727320933595666075e-02
1.313295454545454504e+03,2.000000000000000000e+00,4.548093428858111797e-03,0.000000000000000000e+00,1.000000000000000000e+00,7.725859648186322870e-02
1.315795454545454504e+03,2.000000000000000000e+00,4.390045316600485817e-03,0.000000000000000000e+00,1.000000000000000000e+00,7.724406381337686756e-02
1.318295454545454504e+03,2.000000000000000000e+00,4.508800434821285189e-03,0.000000000000000000e+00,1.000000000000000000e+00,7.722961094956622141e-02
1.320795454545454504e+03,2.000000000000000000e+00,4.297176665730869510e-03,0.000000000000000000e+00,1.000000000000000000e+00,7.721523751113237855e-02
1.323295454545454504e+03,2.000000000000000000e+00,4.418157176763029374e-03,0.000000000000000000e+00,1.000000000000000000e+00,7.720094312793021607e-02
1.325795454545454504e+03,2.000000000000000000e+00,4.242381241653350038e-03,0.000000000000000000e+00,1.000000000000000000e+00,7.718672740704056456e-02
1.328295454545454504e+03,2.000000000000000000e+00,4.341955044925610747e-03,0.000000000000000000e+00,1.000000000000000000e+00,7.717258998072701326e-02
1.330795454545454504e+03,2.000000000000000000e+00,4.144772211571601077e-03,0.000000000000000000e+00,1.000000000000000000e+00,7.715853047044461677e-02
1.333295454545454504e+03,2.000000000000000000e+00,4.254152698470224127e-03,0.000000000000000000e+00,1.000000000000000000e+00,7.714454850371094130e-02
1.335795454545454504e+03,2.000000000000000000e+00,4.102430793866768989e-03,0.000000000000000000e+00,1.000000000000000000e+00,7.713064370193205288e-02
1.338295454545454504e+03,2.000000000000000000e+00,4.173472741244062777e-03,0.000000000000000000e+00,1.000000000000000000e+00,7.711681569760511779e-02
1.340795454545454504e+03,2.000000000000000000e+00,4.036790107608930617e-03,0.000000000000000000e+00,1.000000000000000000e+00,7.710306411556400175e-02
1.343295454545454504e+03,2.000000000000000000e+00,4.092459976989727514e-03,0.000000000000000000e+00,1.000000000000000000e+00,7.708938858820262030e-02
1.345795454545454504e+03,2.000000000000000000e+00,3.957199170057761062e-03,0.000000000000000000e+00,1.000000000000000000e+00,7.707578874276720116e-02
1.348295454545454504e+03,2.000000000000000000e+00,4.009595903045474682e-03,0.000000000000000000e+00,1.000000000000000000e+00,7.706226421501977120e-02
1.350795454545454504e+03,2.000000000000000000e+00,3.886552144870389271e-03,0.000000000000000000e+00,1.000000000000000000e+00,7.704881463432659838e-02
1.353295454545454504e+03,2.000000000000000000e+00,3.926376516387228635e-03,0.000000000000000000e+00,1.000000000000000000e+00,7.703543963792619520e-02
1.355795454545454504e+03,2.000000000000000000e+00,3.807715423727728830e-03,0.000000000000000000e+00,1.000000000000000000e+00,7.702213885722328235e-02
1.358295454545454504e+03,2.000000000000000000e+00,3.852593204734247427e-03,0.000000000000000000e+00,1.000000000000000000e+00,7.700891193056647044e-02
1.360795454545454504e+03,2.000000000000000000e+00,3.733987804686661732e-03,0.000000000000000000e+00,1.000000000000000000e+00,7.699575849452865162e-02
1.363295454545454504e+03,2.000000000000000000e+00,3.771260220660818847e-03,0.000000000000000000e+00,1.000000000000000000e+00,7.698267818843954058e-02
1.365795454545454504e+03,2.000000000000000000e+00,3.673804771897652699e-03,0.000000000000000000e+00,1.000000000000000000e+00,7.696967065073292980e-02
1.368295454545454504e+03,2.000000000000000000e+00,3.700134492319498425e-03,0.000000000000000000e+00,1.000000000000000000e+00,7.695673552379797555e-02
1.370795454545454504e+03,2.000000000000000000e+00,3.670806947962451140e-03,0.000000000000000000e+00,1.000000000000000000e+00,7.694387244529263259e-02
1.373295454545454504e+03,2.000000000000000000e+00,3.577454403776885936e-03,0.000000000000000000e+00,1.000000000000000000e+00,7.693108106975563021e-02
1.375795454545454504e+03,2.000000000000000000e+00,3.585785838387020585e-03,0.000000000000000000e+00,1.000000000000000000e+00,7.691836100219565098e-02
1.378295454545454504e+03,2.000000000000000000e+00,3.579384727046200278e-03,0.000000000000000000e+00,1.000000000000000000e+00,7.690571194764830865e-02
1.380795454545454504e+03,2.000000000000000000e+00,3.461853076246253214e-03,0.000000000000000000e+00,1.000000000000000000e+00,7.689313352257230727e-02
1.383295454545454504e+03,2.000000000000000000e+00,3.492079621121029105e-03,0.000000000000000000e+00,1.000000000000000000e+00,7.688062537572731836e-02
1.385795454545454504e+03,2.000000000000000000e+00,3.478615856069719459e-03,0.000000000000000000e+00,1.000000000000000000e+00,7.686818715646534517e-02
1.388295454545454504e+03,2.000000000000000000e+00,3.380739802675737735e-03,0.000000000000000000e+00,1.000000000000000000e+00,7.685581852125955571e-02
1.390795454545454504e+03,2.000000000000000000e+00,3.397718448653623026e-03,0.000000000000000000e+00,1.000000000000000000e+00,7.684351910826944798e-02
1.393295454545454504e+03,2.000000000000000000e+00,3.399718849328936098e-03,0.000000000000000000e+00,1.000000000000000000e+00,7.683128858413362794e-02
1.395795454545454504e+03,2.000000000000000000e+00,3.297046028134728579e-03,0.000000000000000000e+00,1.000000000000000000e+00,7.681912659453950243e-02
1.398295454545454504e+03,2.000000000000000000e+00,3.303541973110649035e-03,0.000000000000000000e+00,1.000000000000000000e+00,7.680703279656996008e-02
1.400795454545454504e+03,2.000000000000000000e+00,3.319675521440315635e-03,0.000000000000000000e+00,1.000000000000000000e+00,7.679500684496999574e-02
1.403295454545454504e+03,2.000000000000000000e+00,3.278105281116240870e-03,0.000000000000000000e+00,1.000000000000000000e+00,7.678304840211329363e-02
1.405795454545454504e+03,2.000000000000000000e+00,3.211467403658712760e-03,0.000000000000000000e+00,1.000000000000000000e+00,7.677115712243162693e-02
1.408295454545454504e+03,2.000000000000000000e+00,3.292818486210898673e-03,0.000000000000000000e+00,1.000000000000000000e+00,7.675933266569251456e-02
1.410795454545454504e+03,2.000000000000000000e+00,3.223890019640102567e-03,0.000000000000000000e+00,1.000000000000000000e+00,7.674757469404155930e-02
1.413295454545454504e+03,2.000000000000000000e+00,3.257205775514542771e-03,0.000000000000000000e+00,1.000000000000000000e+00,7.673588287409992270e-02
1.415795454545454504e+03,2.000000000000000000e+00,3.193624769664703874e-03,0.000000000000000000e+00,1.000000000000000000e+00,7.672425686061702665e-02
1.418295454545454504e+03,2.000000000000000000e+00,3.195898396835264270e-03,0.000000000000000000e+00,1.000000000000000000e+00,7.671269632825418461e-02
1.420795454545454504e+03,1.000000000000000000e+00,4.964528346169470863e-02,0.000000000000000000e+00,1.000000000000000000e+00,7.670120193455728930e-02
1.423295454545454504e+03,2.000000000000000000e+00,4.224913155039997613e-03,0.000000000000000000e+00,1.000000000000000000e+00,7.668977047939971869e-02
1.425795454545454504e+03,1.000000000000000000e+00,4.884615873377904510e-02,0.000000000000000000e+00,1.000000000000000000e+00,7.667840524927196921e-02
1.428295454545454504e+03,2.000000000000000000e+00,4.692304081536742208e-03,0.000000000000000000e+00,1.000000000000000000e+00,7.666710247163473213e-02
1.430795454545454504e+03,1.000000000000000000e+00,4.810271320933750400e-02,0.000000000000000000e+00,1.000000000000000000e+00,7.665586514814057284e-02
1.433295454545454504e+03,2.000000000000000000e+00,4.372068995213978723e-03,0.000000000000000000e+00,1.000000000000000000e+00,7.664468964777086668e-02
1.435795454545454504e+03,1.000000000000000000e+00,4.731304558459719506e-02,0.000000000000000000e+00,1.000000000000000000e+00,7.663357901866939270e-02
1.438295454545454504e+03,2.000000000000000000e+00,4.715628947670651508e-03,0.000000000000000000e+00,1.000000000000000000e+00,7.662252958255465207e-02
1.440795454545454504e+03,1.000000000000000000e+00,4.660353711977907598e-02,0.000000000000000000e+00,1.000000000000000000e+00,7.661154425481996044e-02
1.443295454545454504e+03,2.000000000000000000e+00,4.069538019240211135e-03,0.000000000000000000e+00,1.000000000000000000e+00,7.660061951106587885e-02
1.445795454545454504e+03,1.000000000000000000e+00,4.587117778605516449e-02,0.000000000000000000e+00,1.000000000000000000e+00,7.658975826953151600e-02
1.448295454545454504e+03,2.000000000000000000e+00,4.361539846101255245e-03,0.000000000000000000e+00,1.000000000000000000e+00,7.657895686222009057e-02
1.450795454545454504e+03,1.000000000000000000e+00,4.518605519639372348e-02,0.000000000000000000e+00,1.000000000000000000e+00,7.656821849859353490e-02
1.453295454545454504e+03,2.000000000000000000e+00,3.927135510499251379e-03,0.000000000000000000e+00,1.000000000000000000e+00,7.655753922345003015e-02
1.455795454545454504e+03,1.000000000000000000e+00,4.444088413666486687e-02,0.000000000000000000e+00,1.000000000000000000e+00,7.654692240140666126e-02
1.458295454545454504e+03,2.000000000000000000e+00,4.218434130318906780e-03,0.000000000000000000e+00,1.000000000000000000e+00,7.653636406253376545e-02
1.460795454545454504e+03,1.000000000000000000e+00,4.378393116918766897e-02,0.000000000000000000e+00,1.000000000000000000e+00,7.652586744884337655e-02
1.463295454545454504e+03,2.000000000000000000e+00,3.845682279796357531e-03,0.000000000000000000e+00,1.000000000000000000e+00,7.651542872164403264e-02
1.465795454545454504e+03,1.000000000000000000e+00,4.306591884912684687e-02,0.000000000000000000e+00,1.000000000000000000e+00,7.650505113757236075e-02
1.468295454545454504e+03,2.000000000000000000e+00,4.120217790699006073e-03,0.000000000000000000e+00,1.000000000000000000e+00,7.649473084342460483e-02
1.470795454545454504e+03,1.000000000000000000e+00,4.243194868491409477e-02,0.000000000000000000e+00,1.000000000000000000e+00,7.648447098040729586e-02
1.473295454545454504e+03,2.000000000000000000e+00,3.762556256613604731e-03,0.000000000000000000e+00,1.000000000000000000e+00,7.647426782040908644e-02
1.475795454545454504e+03,1.000000000000000000e+00,4.173812111632869276e-02,0.000000000000000000e+00,1.000000000000000000e+00,7.646412451661303844e-02
1.478295454545454504e+03,2.000000000000000000e+00,3.990797914623485376e-03,0.000000000000000000e+00,1.000000000000000000e+00,7.645403728974453639e-02
1.480795454545454504e+03,1.000000000000000000e+00,4.112188351835194960e-02,0.000000000000000000e+00,1.000000000000000000e+00,7.644400929747478812e-02
1.483295454545454504e+03,2.000000000000000000e+00,3.611749780198253261e-03,0.000000000000000000e+00,1.000000000000000000e+00,7.643403683681930516e-02
1.485795454545454504e+03,1.000000000000000000e+00,4.045942914556162340e-02,0.000000000000000000e+00,1.000000000000000000e+00,7.642412290600540670e-02
1.488295454545454504e+03,2.000000000000000000e+00,3.785585408463167101e-03,0.000000000000000000e+00,1.000000000000000000e+00,7.641426392817068924e-02
1.490795454545454504e+03,1.000000000000000000e+00,3.986034777464841222e-02,0.000000000000000000e+00,1.000000000000000000e+00,7.640446292922715987e-02
1.493295454545454504e+03,2.000000000000000000e+00,3.514362432488052357e-03,0.000000000000000000e+00,1.000000000000000000e+00,7.639471628064592457e-02
1.495795454545454504e+03,1.000000000000000000e+00,3.921973310517167660e-02,0.000000000000000000e+00,1.000000000000000000e+00,7.638502699389085326e-02
1.498295454545454504e+03,2.000000000000000000e+00,3.676545396823800629e-03,0.000000000000000000e+00,1.000000000000000000e+00,7.637539148997909977e-02
1.500795454545454504e+03,1.000000000000000000e+00,3.868913628542686861e-02,0.000000000000000000e+00,1.000000000000000000e+00,7.636581273667952807e-02
1.503295454545454504e+03,2.000000000000000000e+00,3.427295615964785595e-03,0.000000000000000000e+00,1.000000000000000000e+00,7.635628721385306905e-02
1.505795454545454504e+03,1.000000000000000000e+00,3.806907260648747376e-02,0.000000000000000000e+00,1.000000000000000000e+00,7.634681782111996107e-02
1.508295454545454504e+03,2.000000000000000000e+00,3.566867330794287836e-03,0.000000000000000000e+00,1.000000000000000000e+00,7.633740109826302189e-02
1.510795454545454504e+03,1.000000000000000000e+00,3.750732105207287004e-02,0.000000000000000000e+00,1.000000000000000000e+00,7.632803990945659367e-02
1.513295454545454504e+03,2.000000000000000000e+00,3.355371836692330658e-03,0.000000000000000000e+00,1.000000000000000000e+00,7.631873083968612748e-02
1.515795454545454504e+03,1.000000000000000000e+00,3.691092836588152903e-02,0.000000000000000000e+00,1.000000000000000000e+00,7.630947670323724730e-02
1.518295454545454504e+03,2.000000000000000000e+00,3.522175086381402250e-03,0.000000000000000000e+00,1.000000000000000000e+00,7.630027413410458981e-02
1.520795454545454504e+03,1.000000000000000000e+00,3.636799160088301230e-02,0.000000000000000000e+00,1.000000000000000000e+00,7.629112591478547090e-02
1.523295454545454504e+03,2.000000000000000000e+00,3.254302954812505252e-03,0.000000000000000000e+00,1.000000000000000000e+00,7.628202872395115075e-02
1.525795454545454504e+03,1.000000000000000000e+00,3.579175808173783863e-02,0.000000000000000000e+00,1.000000000000000000e+00,7.627298528759536567e-02
1.528295454545454504e+03,2.000000000000000000e+00,3.438884021023316893e-03,0.000000000000000000e+00,1.000000000000000000e+00,7.626399233825627288e-02
1.530795454545454504e+03,1.000000000000000000e+00,3.526881629275460672e-02,0.000000000000000000e+00,1.000000000000000000e+00,7.625505257027657968e-02
1.533295454545454504e+03,2.000000000000000000e+00,3.179457274035225618e-03,0.000000000000000000e+00,1.000000000000000000e+00,7.624616275868227599e-02
1.535795454545454504e+03,1.000000000000000000e+00,3.470895917227313776e-02,0.000000000000000000e+00,1.000000000000000000e+00,7.623732554647308368e-02
1.538295454545454504e+03,2.000000000000000000e+00,3.258480280165785767e-03,0.000000000000000000e+00,1.000000000000000000e+00,7.622853775737381543e-02
1.540795454545454504e+03,1.000000000000000000e+00,3.420298523057858225e-02,0.000000000000000000e+00,1.000000000000000000e+00,7.621980200649490500e-02
1.543295454545454504e+03,2.000000000000000000e+00,3.012773108571481506e-03,0.000000000000000000e+00,1.000000000000000000e+00,7.621111515607065234e-02
1.545795454545454504e+03,1.000000000000000000e+00,3.366543451323651681e-02,0.000000000000000000e+00,1.000000000000000000e+00,7.620247977267582962e-02
1.548295454545454504e+03,2.000000000000000000e+00,3.161700351176555644e-03,0.000000000000000000e+00,1.000000000000000000e+00,7.619389276648370901e-02
1.550795454545454504e+03,1.000000000000000000e+00,3.317468294412325575e-02,0.000000000000000000e+00,1.000000000000000000e+00,7.618535667442104253e-02
1.553295454545454504e+03,2.000000000000000000e+00,2.923237863611857345e-03,0.000000000000000000e+00,1.000000000000000000e+00,7.617686844754954778e-02
1.555795454545454504e+03,1.000000000000000000e+00,3.265985186901266407e-02,0.000000000000000000e+00,1.000000000000000000e+00,7.616843035204777512e-02
1.558295454545454504e+03,2.000000000000000000e+00,3.065628346728394623e-03,0.000000000000000000e+00,1.000000000000000000e+00,7.616004002673214257e-02
1.560795454545454504e+03,1.000000000000000000e+00,3.218447269908718267e-02,0.000000000000000000e+00,1.000000000000000000e+00,7.615169911894170696e-02
1.563295454545454504e+03,1.000000000000000000e+00,4.937953508360146126e-02,0.000000000000000000e+00,1.000000000000000000e+00,7.614340600717528496e-02
1.565795454545454504e+03,2.000000000000000000e+00,3.136135612656862706e-03,0.000000000000000000e+00,1.000000000000000000e+00,7.613516020250110650e-02
1.568295454545454504e+03,1.000000000000000000e+00,3.140758813691107293e-02,0.000000000000000000e+00,1.000000000000000000e+00,7.612696305125679630e-02
1.570795454545454504e+03,1.000000000000000000e+00,4.824861416151632332e-02,0.000000000000000000e+00,1.000000000000000000e+00,7.611881294331786230e-02
1.573295454545454504e+03,2.000000000000000000e+00,3.324736331321509735e-03,0.000000000000000000e+00,1.000000000000000000e+00,7.611070938105782280e-02
1.575795454545454504e+03,1.000000000000000000e+00,3.071073615345387350e-02,0.000000000000000000e+00,1.000000000000000000e+00,7.610265367492788369e-02
1.578295454545454504e+03,1.000000000000000000e+00,4.717679114876874996e-02,0.000000000000000000e+00,1.000000000000000000e+00,7.609464425308332114e-02
1.580795454545454504e+03,2.000000000000000000e+00,3.227355415980312156e-03,0.000000000000000000e+00,1.000000000000000000e+00,7.608668062277416932e-02
1.583295454545454504e+03,1.000000000000000000e+00,3.001415323447370609e-02,0.000000000000000000e+00,1.000000000000000000e+00,7.607876406544220038e-02
1.585795454545454504e+03,1.000000000000000000e+00,4.611789788112979904e-02,0.000000000000000000e+00,1.000000000000000000e+00,7.607089304019355736e-02
1.588295454545454504e+03,2.000000000000000000e+00,3.305579354428474313e-03,0.000000000000000000e+00,1.000000000000000000e+00,7.606306706516186011e-02
1.590795454545454504e+03,1.000000000000000000e+00,2.935002201010416048e-02,0.000000000000000000e+00,1.000000000000000000e+00,7.605528738842159964e-02
1.593295454545454504e+03,1.000000000000000000e+00,4.509487486639987552e-02,0.000000000000000000e+00,1.000000000000000000e+00,7.604755250399625188e-02
1.595795454545454504e+03,2.000000000000000000e+00,2.978213253638986070e-03,0.000000000000000000e+00,1.000000000000000000e+00,7.603986194096487572e-02
1.598295454545454504e+03,1.000000000000000000e+00,2.869666850175060444e-02,0.000000000000000000e+00,1.000000000000000000e+00,7.603221690204568783e-02
1.600795454545454504e+03,1.000000000000000000e+00,4.409453929826353397e-02,0.000000000000000000e+00,1.000000000000000000e+00,7.602461593257690831e-02
1.603295454545454504e+03,2.000000000000000000e+00,3.041400859560858348e-03,0.000000000000000000e+00,1.000000000000000000e+00,7.601705856466244027e-02
1.605795454545454504e+03,1.000000000000000000e+00,2.806613076135032817e-02,0.000000000000000000e+00,1.000000000000000000e+00,7.600954596792537654e-02
1.608295454545454504e+03,1.000000000000000000e+00,4.312200573923365837e-02,0.000000000000000000e+00,1.000000000000000000e+00,7.600207672191526542e-02
1.610795454545454504e+03,2.000000000000000000e+00,3.024638859769435834e-03,0.000000000000000000e+00,1.000000000000000000e+00,7.599465036438179943e-02
1.613295454545454504e+03,1.000000000000000000e+00,2.743609588745045749e-02,0.000000000000000000e+00,1.000000000000000000e+00,7.598726803868244284e-02
1.615795454545454504e+03,1.000000000000000000e+00,4.216567485428167339e-02,0.000000000000000000e+00,1.000000000000000000e+00,7.597992835429408232e-02
1.618295454545454504e+03,2.000000000000000000e+00,2.555923306659324545e-03,0.000000000000000000e+00,1.000000000000000000e+00,7.597263085282561501e-02
1.620795454545454504e+03,1.000000000000000000e+00,2.684418725643909764e-02,0.000000000000000000e+00,1.000000000000000000e+00,7.596537666156728819e-02
1.623295454545454504e+03,1.000000000000000000e+00,4.124292729447042588e-02,0.000000000000000000e+00,1.000000000000000000e+00,7.595816440840209849e-02
1.625795454545454504e+03,1.000000000000000000e+00,4.943708860871220273e-02,0.000000000000000000e+00,1.000000000000000000e+00,7.595099403218708023e-02
1.628295454545454504e+03,2.000000000000000000e+00,3.359538076213470885e-03,0.000000000000000000e+00,1.000000000000000000e+00,7.594386510285815184e-02
1.630795454545454504e+03,1.000000000000000000e+00,2.599475231959844437e-02,0.000000000000000000e+00,1.000000000000000000e+00,7.593677848395673224e-02
1.633295454545454504e+03,1.000000000000000000e+00,4.001039786420851341e-02,0.000000000000000000e+00,1.000000000000000000e+00,7.592973287441304175e-02
1.635795454545454504e+03,1.000000000000000000e+00,4.798394038612151941e-02,0.000000000000000000e+00,1.000000000000000000e+00,7.592272822560119927e-02
1.638295454545454504e+03,2.000000000000000000e+00,2.829496403062875098e-03,0.000000000000000000e+00,1.000000000000000000e+00,7.591576411464674712e-02
1.640795454545454504e+03,1.000000000000000000e+00,2.526230170631157609e-02,0.000000000000000000e+00,1.000000000000000000e+00,7.590884138208763010e-02
1.643295454545454504e+03,1.000000000000000000e+00,3.886264718042856808e-02,0.000000000000000000e+00,1.000000000000000000e+00,7.590195875817933036e-02
1.645795454545454504e+03,1.000000000000000000e+00,4.660170834487032537e-02,0.000000000000000000e+00,1.000000000000000000e+00,7.589511619448253976e-02
1.648295454545454504e+03,2.000000000000000000e+00,2.624622605067256781e-03,0.000000000000000000e+00,1.000000000000000000e+00,7.588831327652423298e-02
1.650795454545454504e+03,1.000000000000000000e+00,2.451076986093187263e-02,0.000000000000000000e+00,1.000000000000000000e+00,7.588155082292519227e-02
1.653295454545454504e+03,1.000000000000000000e+00,3.772325885083118585e-02,0.000000000000000000e+00,1.000000000000000000e+00,7.587482759486023631e-02
1.655795454545454504e+03,1.000000000000000000e+00,4.524316655928834613e-02,0.000000000000000000e+00,1.000000000000000000e+00,7.586814354372284352e-02
1.658295454545454504e+03,1.000000000000000000e+00,4.961004161777563676e-02,0.000000000000000000e+00,1.000000000000000000e+00,7.586149855756729732e-02
1.660795454545454504e+03,2.000000000000000000e+00,2.961617286499754632e-03,0.000000000000000000e+00,1.000000000000000000e+00,7.585489220281141365e-02
1.663295454545454504e+03,1.000000000000000000e+00,2.359596936025742595e-02,0.000000000000000000e+00,1.000000000000000000e+00,7.584832513730829784e-02
1.665795454545454504e+03,1.000000000000000000e+00,3.635042741550007644e-02,0.000000000000000000e+00,1.000000000000000000e+00,7.584179621056481857e-02
1.668295454545454504e+03,1.000000000000000000e+00,4.361497225284963891e-02,0.000000000000000000e+00,1.000000000000000000e+00,7.583530538236041285e-02
1.670795454545454504e+03,1.000000000000000000e+00,4.783066859774424973e-02,0.000000000000000000e+00,1.000000000000000000e+00,7.582885254176768841e-02
1.673295454545454504e+03,2.000000000000000000e+00,3.039014367587915006e-03,0.000000000000000000e+00,1.000000000000000000e+00,7.582243726910495307e-02
1.675795454545454504e+03,1.000000000000000000e+00,2.275348392070796963e-02,0.000000000000000000e+00,1.000000000000000000e+00,7.581606019368616889e-02
1.678295454545454504e+03,1.000000000000000000e+00,3.505066823222444811e-02,0.000000000000000000e+00,1.000000000000000000e+00,7.580972020556737967e-02
1.680795454545454504e+03,1.000000000000000000e+00,4.205614549131479057e-02,0.000000000000000000e+00,1.000000000000000000e+00,7.580341726319114737e-02
1.683295454545454504e+03,1.000000000000000000e+00,4.612184886732590555e-02,0.000000000000000000e+00,1.000000000000000000e+00,7.579715125705527301e-02
1.685795454545454504e+03,1.000000000000000000e+00,4.848464325679562037e-02,0.000000000000000000e+00,1.000000000000000000e+00,7.579092200689610537e-02
1.688295454545454504e+03,1.000000000000000000e+00,4.982353019595836541e-02,0.000000000000000000e+00,1.000000000000000000e+00,7.578472930469344615e-02
1.690795454545454504e+03,2.000000000000000000e+00,3.300141339308491819e-03,0.000000000000000000e+00,1.000000000000000000e+00,7.577857277534227887e-02
1.693295454545454504e+03,1.000000000000000000e+00,2.158487303588437628e-02,0.000000000000000000e+00,1.000000000000000000e+00,7.577245288884811025e-02
1.695795454545454504e+03,1.000000000000000000e+00,3.332355705834721959e-02,0.000000000000000000e+00,1.000000000000000000e+00,7.576636865304328672e-02
1.698295454545454504e+03,1.000000000000000000e+00,4.004243684544621373e-02,0.000000000000000000e+00,1.000000000000000000e+00,7.576032003538799020e-02
1.700795454545454504e+03,1.000000000000000000e+00,4.394036005792702204e-02,0.000000000000000000e+00,1.000000000000000000e+00,7.575430692664381072e-02
1.703295454545454504e+03,1.000000000000000000e+00,4.620381447382701512e-02,0.000000000000000000e+00,1.000000000000000000e+00,7.574832915252309451e-02
1.705795454545454504e+03,1.000000000000000000e+00,4.748874232098373310e-02,0.000000000000000000e+00,1.000000000000000000e+00,7.574238651194713234e-02
1.708295454545454504e+03,1.000000000000000000e+00,4.816505616654292998e-02,0.000000000000000000e+00,1.000000000000000000e+00,7.573647880421657819e-02
1.710795454545454504e+03,1.000000000000000000e+00,4.846769583101216000e-02,0.000000000000000000e+00,1.000000000000000000e+00,7.573060582985018108e-02
1.713295454545454504e+03,1.000000000000000000e+00,4.853940179909422420e-02,0.000000000000000000e+00,1.000000000000000000e+00,7.572476739085291786e-02
1.715795454545454504e+03,1.000000000000000000e+00,4.846393617559963812e-02,0.000000000000000000e+00,1.000000000000000000e+00,7.571896329089379540e-02
1.718295454545454504e+03,1.000000000000000000e+00,4.828902129267092364e-02,0.000000000000000000e+00,1.000000000000000000e+00,7.571319333490245107e-02
1.720795454545454504e+03,1.000000000000000000e+00,4.805942093195559456e-02,0.000000000000000000e+00,1.000000000000000000e+00,7.570745732903952363e-02
1.723295454545454504e+03,1.000000000000000000e+00,4.779209976114897479e-02,0.000000000000000000e+00,1.000000000000000000e+00,7.570175508112012008e-02
1.725795454545454504e+03,1.000000000000000000e+00,4.750098682530829591e-02,0.000000000000000000e+00,1.000000000000000000e+00,7.569808677415047760e-02
1.728295454545454504e+03,1.000000000000000000e+00,4.719536266771286875e-02,0.000000000000000000e+00,1.000000000000000000e+00,7.569696264317553325e-02
1.730795454545454504e+03,1.000000000000000000e+00,4.688077189733852457e-02,0.000000000000000000e+00,1.000000000000000000e+00,7.569584437712699454e-02
1.733295454545454504e+03,1.000000000000000000e+00,4.656133039524913003e-02,0.000000000000000000e+00,1.000000000000000000e+00,7.569473195204441673e-02
1.735795454545454504e+03,1.000000000000000000e+00,4.623944837780367967e-02,0.000000000000000000e+00,1.000000000000000000e+00,7.569362534399058651e-02
1.738295454545454504e+03,1.000000000000000000e+00,4.591659870682082006e-02,0.000000000000000000e+00,1.000000000000000000e+00,7.569252452908317719e-02
1.740795454545454504e+03,1.000000000000000000e+00,4.559491111447929595e-02,0.000000000000000000e+00,1.000000000000000000e+00,7.569142918247193097e-02
1.743295454545454504e+03,1.000000000000000000e+00,4.527299234070456674e-02,0.000000000000000000e+00,1.000000000000000000e+00,7.569033988438769733e-02
1.745795454545454504e+03,1.000000000000000000e+00,4.495298669613614212e-02,0.000000000000000000e+00,1.000000000000000000e+00,7.568925630756878631e-02
1.748295454545454504e+03,1.000000000000000000e+00,4.463491988996633186e-02,0.000000000000000000e+00,1.000000000000000000e+00,7.568817842840336318e-02
1.750795454545454504e+03,1.000000000000000000e+00,4.431895412785678834e-02,0.000000000000000000e+00,1.000000000000000000e+00,7.568710622308230662e-02
1.753295454545454504e+03,1.000000000000000000e+00,4.400515503370459186e-02,0.000000000000000000e+00,1.000000000000000000e+00,7.568603966778880698e-02
1.755795454545454504e+03,1.000000000000000000e+00,4.369362750607949653e-02,0.000000000000000000e+00,1.000000000000000000e+00,7.568497873872079285e-02
1.758295454545454504e+03,1.000000000000000000e+00,4.338433524033558780e-02,0.000000000000000000e+00,1.000000000000000000e+00,7.568392341209202734e-02
1.760795454545454504e+03,1.000000000000000000e+00,4.307727033053987409e-02,0.000000000000000000e+00,1.000000000000000000e+00,7.568287366413554984e-02
1.763295454545454504e+03,1.000000000000000000e+00,4.277245637433153835e-02,0.000000000000000000e+00,1.000000000000000000e+00,7.568182947110838055e-02
1.765795454545454504e+03,1.000000000000000000e+00,4.246991647014906890e-02,0.000000000000000000e+00,1.000000000000000000e+00,7.568079080928900859e-02
1.768295454545454504e+03,1.000000000000000000e+00,4.217072871128956651e-02,0.000000000000000000e+00,1.000000000000000000e+00,7.567975765497904350e-02
1.770795454545454504e+03,1.000000000000000000e+00,4.187535590297006977e-02,0.000000000000000000e+00,1.000000000000000000e+00,7.567872998475921875e-02
1.773295454545454504e+03,1.000000000000000000e+00,4.158015319200358828e-02,0.000000000000000000e+00,1.000000000000000000e+00,7.567770777519641778e-02
1.775795454545454504e+03,1.000000000000000000e+00,4.129084524096439390e-02,0.000000000000000000e+00,1.000000000000000000e+00,7.567669100229382217e-02
1.778295454545454504e+03,1.000000000000000000e+00,4.100488435535006027e-02,0.000000000000000000e+00,1.000000000000000000e+00,7.567567964233780364e-02
1.780795454545454504e+03,1.000000000000000000e+00,4.071864484798112110e-02,0.000000000000000000e+00,1.000000000000000000e+00,7.567467367173670578e-02
1.783295454545454504e+03,1.000000000000000000e+00,4.043342710653499705e-02,0.000000000000000000e+00,1.000000000000000000e+00,7.567367306697250773e-02
1.785795454545454504e+03,1.000000000000000000e+00,4.014977821400114028e-02,0.000000000000000000e+00,1.000000000000000000e+00,7.567267780454937920e-02
1.788295454545454504e+03,1.000000000000000000e+00,3.986794470916046884e-02,0.000000000000000000e+00,1.000000000000000000e+00,7.567168786099275068e-02
1.790795454545454504e+03,1.000000000000000000e+00,3.958804879372808394e-02,0.000000000000000000e+00,1.000000000000000000e+00,7.567070321286044343e-02
1.793295454545454504e+03,1.000000000000000000e+00,3.931015539112385493e-02,0.000000000000000000e+00,1.000000000000000000e+00,7.566972383674490377e-02
1.795795454545454504e+03,1.000000000000000000e+00,3.903429867103141993e-02,0.000000000000000000e+00,1.000000000000000000e+00,7.566874970927506272e-02
1.798295454545454504e+03,1.000000000000000000e+00,3.876049471415756592e-02,0.000000000000000000e+00,1.000000000000000000e+00,7.566778080711825116e-02
1.800795454545454504e+03,1.000000000000000000e+00,3.848874750026195363e-02,0.000000000000000000e+00,1.000000000000000000e+00,7.566681710697746588e-02
1.803295454545454504e+03,1.000000000000000000e+00,3.821905346442856788e-02,0.000000000000000000e+00,1.000000000000000000e+00,7.566585858559649047e-02
1.805795454545454504e+03,1.000000000000000000e+00,3.795140395981735915e-02,0.000000000000000000e+00,1.000000000000000000e+00,7.566490521975975658e-02
1.808295454545454504e+03,1.000000000000000000e+00,3.768578735539393487e-02,0.000000000000000000e+00,1.000000000000000000e+00,7.566395698629109490e-02
1.810795454545454504e+03,1.000000000000000000e+00,3.742219022414039475e-02,0.000000000000000000e+00,1.000000000000000000e+00,7.566301386205687152e-02
1.813295454545454504e+03,1.000000000000000000e+00,3.716059846401784800e-02,0.000000000000000000e+00,1.000000000000000000e+00,7.566207582396704268e-02
1.815795454545454504e+03,1.000000000000000000e+00,3.690099668197428101e-02,0.000000000000000000e+00,1.000000000000000000e+00,7.566114284897407227e-02
1.818295454545454504e+03,1.000000000000000000e+00,3.664336810823749097e-02,0.000000000000000000e+00,1.000000000000000000e+00,7.566021491407746991e-02
1.820795454545454504e+03,1.000000000000000000e+00,3.638769654474455911e-02,0.000000000000000000e+00,1.000000000000000000e+00,7.565929199632071001e-02
1.823295454545454504e+03,1.000000000000000000e+00,3.613396574658713639e-02,0.000000000000000000e+00,1.000000000000000000e+00,7.565837407279443760e-02
1.825795454545454504e+03,1.000000000000000000e+00,3.588215928521099052e-02,0.000000000000000000e+00,1.000000000000000000e+00,7.565746112063730100e-02
1.828295454545454504e+03,1.000000000000000000e+00,3.563226090180784955e-02,0.000000000000000000e+00,1.000000000000000000e+00,7.565655311703499419e-02
1.830795454545454504e+03,1.000000000000000000e+00,3.538425487303130390e-02,0.000000000000000000e+00,1.000000000000000000e+00,7.565565003922267162e-02
1.833295454545454504e+03,1.000000000000000000e+00,3.513812502259412024e-02,0.000000000000000000e+00,1.000000000000000000e+00,7.565475186448610001e-02
1.835795454545454504e+03,1.000000000000000000e+00,3.489385573614619401e-02,0.000000000000000000e+00,1.000000000000000000e+00,7.565385857016151960e-02
1.838295454545454504e+03,1.000000000000000000e+00,3.465143085748128432e-02,0.000000000000000000e+00,1.000000000000000000e+00,7.565297013363471434e-02
1.840795454545454504e+03,1.000000000000000000e+00,3.441083487359355986e-02,0.000000000000000000e+00,1.000000000000000000e+00,7.565208653234505032e-02
1.843295454545454504e+03,1.000000000000000000e+00,3.417205254404807879e-02,0.000000000000000000e+00,1.000000000000000000e+00,7.565120774378494839e-02
1.845795454545454504e+03,1.000000000000000000e+00,3.393506878384393993e-02,0.000000000000000000e+00,1.000000000000000000e+00,7.565033374550006462e-02
1.848295454545454504e+03,1.000000000000000000e+00,3.369986857430576355e-02,0.000000000000000000e+00,1.000000000000000000e+00,7.564946451509148295e-02
1.850795454545454504e+03,1.000000000000000000e+00,3.346643706180897626e-02,0.000000000000000000e+00,1.000000000000000000e+00,7.564860003021316170e-02
1.853295454545454504e+03,1.000000000000000000e+00,3.323475937745012931e-02,0.000000000000000000e+00,1.000000000000000000e+00,7.564774026857698508e-02
1.855795454545454504e+03,1.000000000000000000e+00,3.300482107760115830e-02,0.000000000000000000e+00,1.000000000000000000e+00,7.564688520794909943e-02
1.858295454545454504e+03,1.000000000000000000e+00,3.277660795228164864e-02,0.000000000000000000e+00,1.000000000000000000e+00,7.564603482615391006e-02
1.860795454545454504e+03,1.000000000000000000e+00,3.255010551794793733e-02,0.000000000000000000e+00,1.000000000000000000e+00,7.564518910107179139e-02
1.863295454545454504e+03,1.000000000000000000e+00,3.232529947622279215e-02,0.000000000000000000e+00,1.000000000000000000e+00,7.564434801064157110e-02
1.865795454545454504e+03,1.000000000000000000e+00,3.210217590815363925e-02,0.000000000000000000e+00,1.000000000000000000e+00,7.564351153286144602e-02
1.868295454545454504e+03,1.000000000000000000e+00,3.188072052698600473e-02,0.000000000000000000e+00,1.000000000000000000e+00,7.564267964578817727e-02
1.870795454545454504e+03,1.000000000000000000e+00,3.166091936523228456e-02,0.000000000000000000e+00,1.000000000000000000e+00,7.564185232753889432e-02
1.873295454545454504e+03,1.000000000000000000e+00,3.144275872438433150e-02,0.000000000000000000e+00,1.000000000000000000e+00,7.564102955629067870e-02
1.875795454545454504e+03,1.000000000000000000e+00,3.122622524558467394e-02,0.000000000000000000e+00,1.000000000000000000e+00,7.564021131028131339e-02
1.878295454545454504e+03,1.000000000000000000e+00,3.101130543772653500e-02,0.000000000000000000e+00,1.000000000000000000e+00,7.563939756780936607e-02
1.880795454545454504e+03,1.000000000000000000e+00,3.079798513750628061e-02,0.000000000000000000e+00,1.000000000000000000e+00,7.563858830723452220e-02
1.883295454545454504e+03,1.000000000000000000e+00,3.058625135798584416e-02,0.000000000000000000e+00,1.000000000000000000e+00,7.563778350697983321e-02
1.885795454545454504e+03,1.000000000000000000e+00,3.037609123681902015e-02,0.000000000000000000e+00,1.000000000000000000e+00,7.563698314553041202e-02
1.888295454545454504e+03,1.000000000000000000e+00,3.016749190116493201e-02,0.000000000000000000e+00,1.000000000000000000e+00,7.563618720143527874e-02
1.890795454545454504e+03,1.000000000000000000e+00,2.996044064111227229e-02,0.000000000000000000e+00,1.000000000000000000e+00,7.563539565330587577e-02
1.893295454545454504e+03,1.000000000000000000e+00,2.975492470738097875e-02,0.000000000000000000e+00,1.000000000000000000e+00,7.563460847981910706e-02
1.895795454545454504e+03,1.000000000000000000e+00,2.955093159245827591e-02,0.000000000000000000e+00,1.000000000000000000e+00,7.563382565971482618e-02
1.898295454545454504e+03,1.000000000000000000e+00,2.934844893371982288e-02,0.000000000000000000e+00,1.000000000000000000e+00,7.563304717179941683e-02
1.900795454545454504e+03,1.000000000000000000e+00,2.914746470676963380e-02,0.000000000000000000e+00,1.000000000000000000e+00,7.563227299494261480e-02
1.903295454545454504e+03,1.000000000000000000e+00,2.894796665294211216e-02,0.000000000000000000e+00,1.000000000000000000e+00,7.563150310808111620e-02
1.905795454545454504e+03,1.000000000000000000e+00,2.874994275615408781e-02,0.000000000000000000e+00,1.000000000000000000e+00,7.563073749021714809e-02
1.908295454545454504e+03,1.000000000000000000e+00,2.855338081351737473e-02,0.000000000000000000e+00,1.000000000000000000e+00,7.562997612041905127e-02
1.910795454545454504e+03,1.000000000000000000e+00,2.835826885333989425e-02,0.000000000000000000e+00,1.000000000000000000e+00,7.562921897782111380e-02
1.913295454545454504e+03,1.000000000000000000e+00,2.816459573383427520e-02,0.000000000000000000e+00,1.000000000000000000e+00,7.562846604162580533e-02
1.915795454545454504e+03,1.000000000000000000e+00,2.797234923207428045e-02,0.000000000000000000e+00,1.000000000000000000e+00,7.562771729110248642e-02
1.918295454545454504e+03,1.000000000000000000e+00,2.778151761834543598e-02,0.000000000000000000e+00,1.000000000000000000e+00,7.562697270558702001e-02
1.920795454545454504e+03,1.000000000000000000e+00,2.759208922698583311e-02,0.000000000000000000e+00,1.000000000000000000e+00,7.562623226448440816e-02
1.923295454545454504e+03,1.000000000000000000e+00,2.740405254768030208e-02,0.000000000000000000e+00,1.000000000000000000e+00,7.562549594726733493e-02
1.925795454545454504e+03,1.000000000000000000e+00,2.721739622986554460e-02,0.000000000000000000e+00,1.000000000000000000e+00,7.562476373347688796e-02
1.928295454545454504e+03,1.000000000000000000e+00,2.703210905900337718e-02,0.000000000000000000e+00,1.000000000000000000e+00,7.562403560272290548e-02
1.930795454545454504e+03,1.000000000000000000e+00,2.684817992119558142e-02,0.000000000000000000e+00,1.000000000000000000e+00,7.562331153468371259e-02
1.933295454545454504e+03,1.000000000000000000e+00,2.666559781188854172e-02,0.000000000000000000e+00,1.000000000000000000e+00,7.562259150910777272e-02
1.935795454545454504e+03,1.000000000000000000e+00,2.648435186456416998e-02,0.000000000000000000e+00,1.000000000000000000e+00,7.562187550581235540e-02
1.938295454545454504e+03,1.000000000000000000e+00,2.630443097764739724e-02,0.000000000000000000e+00,1.000000000000000000e+00,7.562116350468392478e-02
1.940795454545454504e+03,1.000000000000000000e+00,2.612753374027251829e-02,0.000000000000000000e+00,1.000000000000000000e+00,7.562045524365396121e-02
1.943295454545454504e+03,1.000000000000000000e+00,2.595072340896556473e-02,0.000000000000000000e+00,1.000000000000000000e+00,7.561975118903042914e-02
1.945795454545454504e+03,1.000000000000000000e+00,2.577506068546923240e-02,0.000000000000000000e+00,1.000000000000000000e+00,7.561905107606715915e-02
1.948295454545454504e+03,1.000000000000000000e+00,2.560056895580975489e-02,0.000000000000000000e+00,1.000000000000000000e+00,7.561835488546066186e-02
1.950795454545454504e+03,1.000000000000000000e+00,2.542727182380258300e-02,0.000000000000000000e+00,1.000000000000000000e+00,7.561766259747253194e-02
1.953295454545454504e+03,1.000000000000000000e+00,2.525518321420408899e-02,0.000000000000000000e+00,1.000000000000000000e+00,7.561697419242195684e-02
1.955795454545454504e+03,1.000000000000000000e+00,2.508430963044841824e-02,0.000000000000000000e+00,1.000000000000000000e+00,7.561628965069618069e-02
1.958295454545454504e+03,1.000000000000000000e+00,2.491465261056046224e-02,0.000000000000000000e+00,1.000000000000000000e+00,7.561560895274886673e-02
1.960795454545454504e+03,1.000000000000000000e+00,2.474621041740780389e-02,0.000000000000000000e+00,1.000000000000000000e+00,7.561493207910617576e-02
1.963295454545454504e+03,1.000000000000000000e+00,2.457897897645055021e-02,0.000000000000000000e+00,1.000000000000000000e+00,7.561425901036257502e-02
1.965795454545454504e+03,1.000000000000000000e+00,2.441295220234870195e-02,0.000000000000000000e+00,1.000000000000000000e+00,7.561358972718551508e-02
1.968295454545454504e+03,1.000000000000000000e+00,2.424812292799138555e-02,0.000000000000000000e+00,1.000000000000000000e+00,7.561292421031128030e-02
1.970795454545454504e+03,1.000000000000000000e+00,2.408448342765465502e-02,0.000000000000000000e+00,1.000000000000000000e+00,7.561226244055135881e-02
1.973295454545454504e+03,1.000000000000000000e+00,2.392202555663585153e-02,0.000000000000000000e+00,1.000000000000000000e+00,7.561160439878464312e-02
1.975795454545454504e+03,1.000000000000000000e+00,2.376074061462192175e-02,0.000000000000000000e+00,1.000000000000000000e+00,7.561095006596581236e-02
1.978295454545454504e+03,1.000000000000000000e+00,2.360061776417375287e-02,0.000000000000000000e+00,1.000000000000000000e+00,7.561029942311968399e-02
1.980795454545454504e+03,1.000000000000000000e+00,2.344164690434513698e-02,0.000000000000000000e+00,1.000000000000000000e+00,7.560965245134368407e-02
1.983295454545454504e+03,1.000000000000000000e+00,2.328391221950415479e-02,0.000000000000000000e+00,1.000000000000000000e+00,7.560900913180768068e-02
1.985795454545454504e+03,1.000000000000000000e+00,2.312748593478507891e-02,0.000000000000000000e+00,1.000000000000000000e+00,7.560836944575061169e-02
1.988295454545454504e+03,1.000000000000000000e+00,2.297211824267946303e-02,0.000000000000000000e+00,1.000000000000000000e+00,7.560773337448221942e-02
1.990795454545454504e+03,1.000000000000000000e+00,2.281778264596972042e-02,0.000000000000000000e+00,1.000000000000000000e+00,7.560710089938912914e-02
1.993295454545454504e+03,1.000000000000000000e+00,2.266450614630994426e-02,0.000000000000000000e+00,1.000000000000000000e+00,7.560647200193412742e-02
1.995795454545454504e+03,1.000000000000000000e+00,2.251230222096949757e-02,0.000000000000000000e+00,1.000000000000000000e+00,7.560584666365091633e-02
1.998295454545454504e+03,1.000000000000000000e+00,2.236117489126091332e-02,0.000000000000000000e+00,1.000000000000000000e+00,7.560522486614534854e-02
2.000795454545454504e+03,1.000000000000000000e+00,2.221112235713642788e-02,0.000000000000000000e+00,1.000000000000000000e+00,7.560460659109473347e-02
2.003295454545454504e+03,1.000000000000000000e+00,2.206214131617486793e-02,0.000000000000000000e+00,1.000000000000000000e+00,7.560399182024973852e-02
2.005795454545454504e+03,1.000000000000000000e+00,2.191422548919848279e-02,0.000000000000000000e+00,1.000000000000000000e+00,7.560338053543284864e-02
2.008295454545454504e+03,1.000000000000000000e+00,2.176736769496623314e-02,0.000000000000000000e+00,1.000000000000000000e+00,7.560277271854091985e-02
2.010795454545454504e+03,1.000000000000000000e+00,2.162156032317770135e-02,0.000000000000000000e+00,1.000000000000000000e+00,7.560216835154109916e-02
2.013295454545454504e+03,1.000000000000000000e+00,2.147679551499383568e-02,0.000000000000000000e+00,1.000000000000000000e+00,7.560156741647487688e-02
2.015795454545454504e+03,1.000000000000000000e+00,2.133306532308863745e-02,0.000000000000000000e+00,1.000000000000000000e+00,7.560096989545703194e-02
2.018295454545454504e+03,1.000000000000000000e+00,2.119036176542460695e-02,0.000000000000000000e+00,1.000000000000000000e+00,7.560037577067305059e-02
2.020795454545454504e+03,1.000000000000000000e+00,2.104867692760564735e-02,0.000000000000000000e+00,1.000000000000000000e+00,7.559978502438258197e-02
2.023295454545454504e+03,1.000000000000000000e+00,2.090800290373966835e-02,0.000000000000000000e+00,1.000000000000000000e+00,7.559919763891863320e-02
2.025795454545454504e+03,1.000000000000000000e+00,2.076833180078400259e-02,0.000000000000000000e+00,1.000000000000000000e+00,7.559861359668466896e-02
2.028295454545454504e+03,1.000000000000000000e+00,2.062965582145308979e-02,0.000000000000000000e+00,1.000000000000000000e+00,7.559803288015909395e-02
2.030795454545454504e+03,1.000000000000000000e+00,2.049196712641309856e-02,0.000000000000000000e+00,1.000000000000000000e+00,7.559745547189140880e-02
2.033295454545454504e+03,1.000000000000000000e+00,2.035525810117267895e-02,0.000000000000000000e+00,1.000000000000000000e+00,7.559688135450463864e-02
2.035795454545454504e+03,1.000000000000000000e+00,2.021952116573714001e-02,0.000000000000000000e+00,1.000000000000000000e+00,7.559631051069444496e-02
2.038295454545454504e+03,1.000000000000000000e+00,2.008474869102695390e-02,0.000000000000000000e+00,1.000000000000000000e+00,7.559574292322809863e-02
2.040795454545454504e+03,1.000000000000000000e+00,1.995093338120279905e-02,0.000000000000000000e+00,1.000000000000000000e+00,7.559517857494635340e-02
2.043295454545454504e+03,1.000000000000000000e+00,1.981806768985910905e-02,0.000000000000000000e+00,1.000000000000000000e+00,7.559461744876233569e-02
2.045795454545454504e+03,1.000000000000000000e+00,1.968614418713756156e-02,0.000000000000000000e+00,1.000000000000000000e+00,7.559405952766075354e-02
2.048295454545454504e+03,1.000000000000000000e+00,1.955525738278364456e-02,0.000000000000000000e+00,1.000000000000000000e+00,7.559350479469977013e-02
2.050795454545454504e+03,1.000000000000000000e+00,1.942561160091078182e-02,0.000000000000000000e+00,1.000000000000000000e+00,7.559295323301150338e-02
2.053295454545454504e+03,1.000000000000000000e+00,1.929682945364377677e-02,0.000000000000000000e+00,1.000000000000000000e+00,7.559240482579822340e-02
2.055795454545454504e+03,1.000000000000000000e+00,1.916885175784166853e-02,0.000000000000000000e+00,1.000000000000000000e+00,7.559185955632397036e-02
2.058295454545454504e+03,1.000000000000000000e+00,1.904169655765628605e-02,0.000000000000000000e+00,1.000000000000000000e+00,7.559131740793621768e-02
2.060795454545454504e+03,1.000000000000000000e+00,1.891538223435243818e-02,0.000000000000000000e+00,1.000000000000000000e+00,7.559077836405682371e-02
2.063295454545454504e+03,1.000000000000000000e+00,1.878992067501890004e-02,0.000000000000000000e+00,1.000000000000000000e+00,7.559024240817599494e-02
2.065795454545454504e+03,1.000000000000000000e+00,1.866531806728369616e-02,0.000000000000000000e+00,1.000000000000000000e+00,7.558970952385636599e-02
2.068295454545454504e+03,1.000000000000000000e+00,1.854157644635098801e-02,0.000000000000000000e+00,1.000000000000000000e+00,7.558917969473173681e-02
2.070795454545454504e+03,1.000000000000000000e+00,1.841869497822973961e-02,0.000000000000000000e+00,1.000000000000000000e+00,7.558865290450834939e-02
2.073295454545454504e+03,1.000000000000000000e+00,1.829667080991044872e-02,0.000000000000000000e+00,1.000000000000000000e+00,7.558812913696205671e-02
2.075795454545454504e+03,1.000000000000000000e+00,1.817550007665373613e-02,0.000000000000000000e+00,1.000000000000000000e+00,7.558760837594143134e-02
2.078295454545454504e+03,1.000000000000000000e+00,1.805517786331925847e-02,0.000000000000000000e+00,1.000000000000000000e+00,7.558709060536565605e-02
2.080795454545454504e+03,1.000000000000000000e+00,1.793569852009523763e-02,0.000000000000000000e+00,1.000000000000000000e+00,7.558657580922546748e-02
2.083295454545454504e+03,1.000000000000000000e+00,1.781705628857243109e-02,0.000000000000000000e+00,1.000000000000000000e+00,7.558606397158301737e-02
2.085795454545454504e+03,1.000000000000000000e+00,1.769924538917647810e-02,0.000000000000000000e+00,1.000000000000000000e+00,7.558555507657094275e-02
2.088295454545454504e+03,1.000000000000000000e+00,1.758225961017759187e-02,0.000000000000000000e+00,1.000000000000000000e+00,7.558504910839249080e-02
2.090795454545454504e+03,1.000000000000000000e+00,1.746609315201701901e-02,0.000000000000000000e+00,1.000000000000000000e+00,7.558454605132168547e-02
2.093295454545454504e+03,1.000000000000000000e+00,1.735074003776512080e-02,0.000000000000000000e+00,1.000000000000000000e+00,7.558404588970241145e-02
2.095795454545454504e+03,1.000000000000000000e+00,1.723619410700576171e-02,0.000000000000000000e+00,1.000000000000000000e+00,7.558354860795046815e-02
2.098295454545454504e+03,1.000000000000000000e+00,1.712244926987905799e-02,0.000000000000000000e+00,1.000000000000000000e+00,7.558305419055047492e-02
2.100795454545454504e+03,1.000000000000000000e+00,1.700949947060462555e-02,0.000000000000000000e+00,1.000000000000000000e+00,7.558256262205786946e-02
2.103295454545454504e+03,1.000000000000000000e+00,1.689733894311801210e-02,0.000000000000000000e+00,1.000000000000000000e+00,7.558207388709842212e-02
2.105795454545454504e+03,1.000000000000000000e+00,1.678596150009965121e-02,0.000000000000000000e+00,1.000000000000000000e+00,7.558158797036768073e-02
2.108295454545454504e+03,1.000000000000000000e+00,1.667536113834573383e-02,0.000000000000000000e+00,1.000000000000000000e+00,7.558110485663012412e-02
2.110795454545454504e+03,1.000000000000000000e+00,1.656958057849211227e-02,0.000000000000000000e+00,1.000000000000000000e+00,7.558062435699046400e-02
2.113295454545454504e+03,1.000000000000000000e+00,1.646091401179126251e-02,0.000000000000000000e+00,1.000000000000000000e+00,7.558014680619151715e-02
2.115795454545454504e+03,1.000000000000000000e+00,1.635284091344873375e-02,0.000000000000000000e+00,1.000000000000000000e+00,7.557967201198748097e-02
2.118295454545454504e+03,1.000000000000000000e+00,1.624543340897502408e-02,0.000000000000000000e+00,1.000000000000000000e+00,7.557919996044050459e-02
2.120795454545454504e+03,1.000000000000000000e+00,1.613871726156048889e-02,0.000000000000000000e+00,1.000000000000000000e+00,7.557873063670698943e-02
2.123295454545454504e+03,1.000000000000000000e+00,1.603270526787527184e-02,0.000000000000000000e+00,1.000000000000000000e+00,7.557826402598648297e-02
