case,theta_deg,z_mm,x_mm,y_mm,ux_um,uy_um,uz_um,evidence_kind
radial,-180.0,100.0,-20.0,-2.4492935982947065e-15,9.892619092219592,0.002695780875114104,0.6199989709305749,simulation_virtual_sample
radial,-180.0,101.5,-20.0,-2.4492935982947065e-15,9.921478268626096,0.003483751870544158,0.613747378186229,simulation_virtual_sample
radial,-180.0,103.0,-20.0,-2.4492935982947065e-15,9.950337445032599,0.0042717228659742675,0.6074957854418835,simulation_virtual_sample
radial,-180.0,104.5,-20.0,-2.4492935982947065e-15,9.980731543632396,0.004347460769496713,0.6022786682199671,simulation_virtual_sample
radial,-180.0,106.0,-20.0,-2.4492935982947065e-15,10.013250053340828,0.0034374315123124792,0.5984933182244714,simulation_virtual_sample
radial,-180.0,107.5,-20.0,-2.4492935982947065e-15,10.045580693731726,0.0026289772089401545,0.5942619732698176,simulation_virtual_sample
radial,-180.0,109.0,-20.0,-2.4492935982947065e-15,10.075959707503635,0.0028393345570747637,0.5874016929043034,simulation_virtual_sample
radial,-180.0,110.5,-20.0,-2.4492935982947065e-15,10.105984864794122,0.0027735791071115826,0.5797816443944634,simulation_virtual_sample
radial,-180.0,112.0,-20.0,-2.4492935982947065e-15,10.137231669100355,0.0028044238295147654,0.5734498293960931,simulation_virtual_sample
radial,-180.0,113.5,-20.0,-2.4492935982947065e-15,10.169705324477253,0.002932280228258287,0.5684117356137833,simulation_virtual_sample
radial,-180.0,115.0,-20.0,-2.4492935982947065e-15,10.20217897985415,0.003060136627001771,0.5633736418314736,simulation_virtual_sample
radial,-177.1875,100.0,-19.97590912410345,-0.9813534865483593,9.891360343318306,0.009100541322252945,0.6166028720075648,simulation_virtual_sample
radial,-177.1875,101.5,-19.97590912410345,-0.9813534865483593,9.921288893943284,0.008310436172690954,0.613317693864006,simulation_virtual_sample
radial,-177.1875,103.0,-19.97590912410345,-0.9813534865483593,9.95028077991515,0.008892821448760925,0.6074340288175462,simulation_virtual_sample
radial,-177.1875,104.5,-19.97590912410345,-0.9813534865483593,9.980676024153839,0.008966317360053034,0.6022176924825026,simulation_virtual_sample
radial,-177.1875,106.0,-19.97590912410345,-0.9813534865483593,10.013194394872345,0.008067851153358795,0.5984321898376406,simulation_virtual_sample
radial,-177.1875,107.5,-19.97590912410345,-0.9813534865483593,10.044094573034572,0.006862046673747483,0.5921801587224943,simulation_virtual_sample
radial,-177.1875,109.0,-19.97590912410345,-0.9813534865483593,10.076079194284706,0.00542810531340159,0.5873480262098565,simulation_virtual_sample
radial,-177.1875,110.5,-19.97590912410345,-0.9813534865483593,10.106176783399064,0.005307709891758464,0.579831266714644,simulation_virtual_sample
radial,-177.1875,112.0,-19.97590912410345,-0.9813534865483593,10.137332254015517,0.00533076525901951,0.573403174237364,simulation_virtual_sample
radial,-177.1875,113.5,-19.97590912410345,-0.9813534865483593,10.169771067756534,0.005431352637052138,0.5681991460998731,simulation_virtual_sample
radial,-177.1875,115.0,-19.97590912410345,-0.9813534865483593,10.201619080310902,0.0049653474361950525,0.5602037887607226,simulation_virtual_sample
radial,-174.375,100.0,-19.903694533443936,-1.9603428065912165,9.890109386136471,0.015465655977842632,0.6132277951088905,simulation_virtual_sample
radial,-174.375,101.5,-19.903694533443936,-1.9603428065912165,9.92003486859348,0.01469116226661558,0.6099343390618326,simulation_virtual_sample
radial,-174.375,103.0,-19.903694533443936,-1.9603428065912165,9.94996035105049,0.013916668555388529,0.6066408830147747,simulation_virtual_sample
radial,-174.375,104.5,-19.903694533443936,-1.9603428065912165,9.98050122611663,0.013583333939743002,0.6019750128465243,simulation_virtual_sample
radial,-174.375,106.0,-19.903694533443936,-1.9603428065912165,10.011138741973124,0.012317072836714241,0.5953225649629088,simulation_virtual_sample
radial,-174.375,107.5,-19.903694533443936,-1.9603428065912165,10.041776257829616,0.011050811733685472,0.5886701170792933,simulation_virtual_sample
radial,-174.375,109.0,-19.903694533443936,-1.9603428065912165,10.073755740018978,0.00962487102055549,0.5838303280746511,simulation_virtual_sample
radial,-174.375,110.5,-19.903694533443936,-1.9603428065912165,10.105866320685504,0.008183330993787426,0.5791676201284734,simulation_virtual_sample
radial,-174.375,112.0,-19.903694533443936,-1.9603428065912165,10.13736370384356,0.007800703299436009,0.573027753897814,simulation_virtual_sample
radial,-174.375,113.5,-19.903694533443936,-1.9603428065912165,10.169213175208874,0.00732973409671119,0.5650406555694186,simulation_virtual_sample
radial,-174.375,115.0,-19.903694533443936,-1.9603428065912165,10.201062646574185,0.006858764893986372,0.557053557241023,simulation_virtual_sample
radial,-171.5625,100.0,-19.78353019929562,-2.934609489107236,9.888860151705757,0.02182200493900182,0.609857366185056,simulation_virtual_sample
radial,-171.5625,101.5,-19.78353019929562,-2.934609489107236,9.918782570220113,0.021063101166874345,0.6065556436343837,simulation_virtual_sample
radial,-171.5625,103.0,-19.78353019929562,-2.934609489107236,9.948663280442178,0.019993540650762077,0.6026202004111354,simulation_virtual_sample
radial,-171.5625,104.5,-19.78353019929562,-2.934609489107236,9.978452950207535,0.017972437018072253,0.597435350485527,simulation_virtual_sample
radial,-171.5625,106.0,-19.78353019929562,-2.934609489107236,10.008819537256803,0.01650744507849988,0.5918111765563699,simulation_virtual_sample
radial,-171.5625,107.5,-19.78353019929562,-2.934609489107236,10.039462336700202,0.015231637515107662,0.5851667282795457,simulation_virtual_sample
radial,-171.5625,109.0,-19.78353019929562,-2.934609489107236,10.071436700506561,0.01381366252930524,0.5803193138538724,simulation_virtual_sample
radial,-171.5625,110.5,-19.78353019929562,-2.934609489107236,10.103698145545264,0.01216210672399827,0.5751278688355366,simulation_virtual_sample
radial,-171.5625,112.0,-19.78353019929562,-2.934609489107236,10.13651835062612,0.01004483376148327,0.5688024584480911,simulation_virtual_sample
radial,-171.5625,113.5,-19.78353019929562,-2.934609489107236,10.168656050960898,0.009225501207267625,0.561886514742677,simulation_virtual_sample
radial,-171.5625,115.0,-19.78353019929562,-2.934609489107236,10.200506979128159,0.008749574838832137,0.55390766405117,simulation_virtual_sample
radial,-168.75,100.0,-19.61570560806461,-3.9018064403225723,9.887606604450712,0.028200298393332917,0.606475301280416,simulation_virtual_sample
radial,-168.75,101.5,-19.61570560806461,-3.9018064403225723,9.917461325285599,0.026948702637687613,0.6021564771327356,simulation_virtual_sample
radial,-168.75,103.0,-19.61570560806461,-3.9018064403225723,9.94719694137851,0.024760210594007886,0.5959783560035782,simulation_virtual_sample
radial,-168.75,104.5,-19.61570560806461,-3.9018064403225723,9.976987013821088,0.022736989274153175,0.5907935659630305,simulation_virtual_sample
radial,-168.75,106.0,-19.61570560806461,-3.9018064403225723,10.006852760812567,0.02094343423837414,0.5869891453835577,simulation_virtual_sample
radial,-168.75,107.5,-19.61570560806461,-3.9018064403225723,10.037141632922735,0.01942471828200487,0.581653070221738,simulation_virtual_sample
radial,-168.75,109.0,-19.61570560806461,-3.9018064403225723,10.069342883101092,0.017687195769487896,0.5760399265315618,simulation_virtual_sample
radial,-168.75,110.5,-19.61570560806461,-3.9018064403225723,10.102257392088282,0.015114980395779302,0.5686995115849328,simulation_virtual_sample
radial,-168.75,112.0,-19.61570560806461,-3.9018064403225723,10.135078176253717,0.01299652057954651,0.562376684958444,simulation_virtual_sample
radial,-168.75,113.5,-19.61570560806461,-3.9018064403225723,10.16776603688855,0.01152159136276593,0.5574970345330317,simulation_virtual_sample
radial,-168.75,115.0,-19.61570560806461,-3.9018064403225723,10.199949393310352,0.010646912566557289,0.5507509100618162,simulation_virtual_sample
radial,-165.9375,100.0,-19.400625063890878,-4.859603598065282,9.885081390096031,0.03413977484106318,0.5999959639848246,simulation_virtual_sample
radial,-165.9375,101.5,-19.400625063890878,-4.859603598065282,9.915995488111536,0.03171374107417357,0.5955169060552343,simulation_virtual_sample
radial,-165.9375,103.0,-19.400625063890878,-4.859603598065282,9.945734666945524,0.02951366752712548,0.5893549225114969,simulation_virtual_sample
radial,-165.9375,104.5,-19.400625063890878,-4.859603598065282,9.975525155227498,0.027488287982987046,0.5841702568817175,simulation_virtual_sample
radial,-165.9375,106.0,-19.400625063890878,-4.859603598065282,10.005387234257402,0.02570665447038578,0.580349217702244,simulation_virtual_sample
radial,-165.9375,107.5,-19.400625063890878,-4.859603598065282,10.035317748914794,0.023425310616548862,0.5754957715733222,simulation_virtual_sample
radial,-165.9375,109.0,-19.400625063890878,-4.859603598065282,10.0679024591951,0.020639394015206498,0.569613039672349,simulation_virtual_sample
radial,-165.9375,110.5,-19.400625063890878,-4.859603598065282,10.100820604936684,0.018059724988517815,0.5622888512052462,simulation_virtual_sample
radial,-165.9375,112.0,-19.400625063890878,-4.859603598065282,10.133641966592508,0.015940081585902294,0.5559686012267793,simulation_virtual_sample
radial,-165.9375,113.5,-19.400625063890878,-4.859603598065282,10.166326065971981,0.014472861191106154,0.5510721688231298,simulation_virtual_sample
radial,-165.9375,115.0,-19.400625063890878,-4.859603598065282,10.199327422238435,0.012439383805356702,0.5449220629960911,simulation_virtual_sample
radial,-163.125,100.0,-19.138806714644176,-5.805693545089248,9.880894759329506,0.03941288778234376,0.5894745748850916,simulation_virtual_sample
radial,-163.125,101.5,-19.138806714644176,-5.805693545089248,9.91304579107577,0.036759906572964005,0.5867561926661752,simulation_virtual_sample
radial,-163.125,103.0,-19.138806714644176,-5.805693545089248,9.944269394343557,0.034276870693112194,0.5827179086870145,simulation_virtual_sample
radial,-163.125,104.5,-19.138806714644176,-5.805693545089248,9.974060313619775,0.032249282014787786,0.5775334325228799,simulation_virtual_sample
radial,-163.125,106.0,-19.138806714644176,-5.805693545089248,10.00400753137181,0.029844598797418114,0.572421349656587,simulation_virtual_sample
radial,-163.125,107.5,-19.138806714644176,-5.805693545089248,10.034052738510455,0.026739319875507275,0.5659032207525498,simulation_virtual_sample
radial,-163.125,109.0,-19.138806714644176,-5.805693545089248,10.066566426966647,0.023809328889823584,0.5612955967112201,simulation_virtual_sample
radial,-163.125,110.5,-19.138806714644176,-5.805693545089248,10.099380844423814,0.02101056358725478,0.5558649242750735,simulation_virtual_sample
radial,-163.125,112.0,-19.138806714644176,-5.805693545089248,10.13220278476512,0.018889734148881968,0.5495472562768767,simulation_virtual_sample
radial,-163.125,113.5,-19.138806714644176,-5.805693545089248,10.165241833071535,0.016788966526727143,0.5432486983804192,simulation_virtual_sample
radial,-163.125,115.0,-19.138806714644176,-5.805693545089248,10.198628083670195,0.014067513212039369,0.5356093033049578,simulation_virtual_sample
radial,-160.3125,100.0,-18.830881303660412,-6.737797067844406,9.876725410633453,0.04466423374331103,0.5789966172217704,simulation_virtual_sample
radial,-160.3125,101.5,-18.830881303660412,-6.737797067844406,9.908866234056502,0.04202411004257303,0.5762525805454625,simulation_virtual_sample
radial,-160.3125,103.0,-18.830881303660412,-6.737797067844406,9.94100705747955,0.039383986341835035,0.5735085438691545,simulation_virtual_sample
radial,-160.3125,104.5,-18.830881303660412,-6.737797067844406,9.972696121062386,0.03626701172651512,0.5693378830137104,simulation_virtual_sample
radial,-160.3125,106.0,-18.830881303660412,-6.737797067844406,10.002744209235557,0.03315418521839138,0.562841600941913,simulation_virtual_sample
radial,-160.3125,107.5,-18.830881303660412,-6.737797067844406,10.032792297408724,0.030041358710267644,0.5563453188701156,simulation_virtual_sample
radial,-160.3125,109.0,-18.830881303660412,-6.737797067844406,10.06530500897562,0.02711769065114416,0.551720762917285,simulation_virtual_sample
radial,-160.3125,110.5,-18.830881303660412,-6.737797067844406,10.09805871176972,0.024212518532162008,0.5472792246115137,simulation_virtual_sample
radial,-160.3125,112.0,-18.830881303660412,-6.737797067844406,10.13115547892053,0.021140330206823526,0.5415651468345398,simulation_virtual_sample
radial,-160.3125,113.5,-18.830881303660412,-6.737797067844406,10.16454355541754,0.018414626020046752,0.5339500663805575,simulation_virtual_sample
radial,-160.3125,115.0,-18.830881303660412,-6.737797067844406,10.19793163191455,0.015688921833269982,0.5263349859265752,simulation_virtual_sample
radial,-157.5,100.0,-18.477590650225736,-7.653668647301798,9.872553188208798,0.04991919920079768,0.5685114376135282,simulation_virtual_sample
radial,-157.5,101.5,-18.477590650225736,-7.653668647301798,9.904683796272531,0.04729194187075474,0.5657417287974629,simulation_virtual_sample
radial,-157.5,103.0,-18.477590650225736,-7.653668647301798,9.93663954752935,0.04307294464187719,0.5611422873221008,simulation_virtual_sample
radial,-157.5,104.5,-18.477590650225736,-7.653668647301798,9.968876069981912,0.039158204982581185,0.5566762106422538,simulation_virtual_sample
radial,-157.5,106.0,-18.477590650225736,-7.653668647301798,10.001479362474425,0.03646776577328005,0.5532502910246068,simulation_virtual_sample
radial,-157.5,107.5,-18.477590650225736,-7.653668647301798,10.03153033515906,0.03334738257023126,0.5467758821506316,simulation_virtual_sample
radial,-157.5,109.0,-18.477590650225736,-7.653668647301798,10.064042062699508,0.030430060695180543,0.5421343286263149,simulation_virtual_sample
radial,-157.5,110.5,-18.477590650225736,-7.653668647301798,10.096176392026033,0.026926021950761072,0.5357935637298512,simulation_virtual_sample
radial,-157.5,112.0,-18.477590650225736,-7.653668647301798,10.129401937740075,0.02335393557931092,0.5299377685418808,simulation_virtual_sample
radial,-157.5,113.5,-18.477590650225736,-7.653668647301798,10.16384479647483,0.02004140600112732,0.5246450252874064,simulation_virtual_sample
radial,-157.5,115.0,-18.477590650225736,-7.653668647301798,10.197234700128694,0.01731144801234285,0.5170542762137853,simulation_virtual_sample
radial,-154.6875,100.0,-18.079785862468867,-8.55110186860564,9.868357880566068,0.055203240774372365,0.5579682427239373,simulation_virtual_sample
radial,-154.6875,101.5,-18.079785862468867,-8.55110186860564,9.900288171302627,0.05068799910114616,0.5530529073861983,simulation_virtual_sample
radial,-154.6875,103.0,-18.079785862468867,-8.55110186860564,9.932181777013058,0.04580581693354097,0.5477283784962397,simulation_virtual_sample
radial,-154.6875,104.5,-18.079785862468867,-8.55110186860564,9.964434122182693,0.04193118093057024,0.5433025800604108,simulation_virtual_sample
radial,-154.6875,106.0,-18.079785862468867,-8.55110186860564,9.997115615983411,0.03926184043165228,0.5399519043472325,simulation_virtual_sample
radial,-154.6875,107.5,-18.079785862468867,-8.55110186860564,10.029797109784129,0.03659249993273432,0.5366012286340542,simulation_virtual_sample
radial,-154.6875,109.0,-18.079785862468867,-8.55110186860564,10.062002399127408,0.03298370613833137,0.530175928223231,simulation_virtual_sample
radial,-154.6875,110.5,-18.079785862468867,-8.55110186860564,10.093981320534642,0.02931502379464597,0.5233767506829791,simulation_virtual_sample
radial,-154.6875,112.0,-18.079785862468867,-8.55110186860564,10.127309361088278,0.025750180368381288,0.5176014561579336,simulation_virtual_sample
radial,-154.6875,113.5,-18.079785862468867,-8.55110186860564,10.162021387681257,0.02229185949235511,0.5128765060763284,simulation_virtual_sample
radial,-154.6875,115.0,-18.079785862468867,-8.55110186860564,10.196533912167252,0.018942951749864052,0.5077222156414758,simulation_virtual_sample
radial,-151.875,100.0,-17.6384252869671,-9.427934736519957,9.862480590993892,0.0580306912095282,0.5422603736204574,simulation_virtual_sample
radial,-151.875,101.5,-17.6384252869671,-9.427934736519957,9.895770280504838,0.053416212975429055,0.5395179075023753,simulation_virtual_sample
radial,-151.875,103.0,-17.6384252869671,-9.427934736519957,9.927725128907412,0.04853800112227711,0.5343178471241887,simulation_virtual_sample
radial,-151.875,104.5,-17.6384252869671,-9.427934736519957,9.959992554155884,0.044703919797935365,0.5299300928814471,simulation_virtual_sample
radial,-151.875,106.0,-17.6384252869671,-9.427934736519957,9.992717681250703,0.0419599161763993,0.5263096483616341,simulation_virtual_sample
radial,-151.875,107.5,-17.6384252869671,-9.427934736519957,10.025817859147821,0.03865012986167565,0.521013126481324,simulation_virtual_sample
radial,-151.875,109.0,-17.6384252869671,-9.427934736519957,10.059642294153553,0.03534476546129992,0.5174553304558562,simulation_virtual_sample
radial,-151.875,110.5,-17.6384252869671,-9.427934736519957,10.091788184133796,0.03170191958645281,0.5109708838205926,simulation_virtual_sample
radial,-151.875,112.0,-17.6384252869671,-9.427934736519957,10.125217831324884,0.028145226347897893,0.5052713154678017,simulation_virtual_sample
radial,-151.875,113.5,-17.6384252869671,-9.427934736519957,10.159924568623039,0.024692962332511306,0.5005151835448183,simulation_virtual_sample
radial,-151.875,115.0,-17.6384252869671,-9.427934736519957,10.194754738181562,0.01987414430536081,0.49340618478986054,simulation_virtual_sample
radial,-149.0625,100.0,-17.15457220000544,-10.282054883864436,9.856364558442325,0.060429282964644136,0.5258029922887626,simulation_virtual_sample
radial,-149.0625,101.5,-17.15457220000544,-10.282054883864436,9.889638929010122,0.05582081252897077,0.5230193050543956,simulation_virtual_sample
radial,-149.0625,103.0,-17.15457220000544,-10.282054883864436,9.92291329957792,0.0512123420932974,0.5202356178200289,simulation_virtual_sample
radial,-149.0625,104.5,-17.15457220000544,-10.282054883864436,9.95564472442202,0.04732166806441836,0.5160238139697277,simulation_virtual_sample
radial,-149.0625,106.0,-17.15457220000544,-10.282054883864436,9.98875602203903,0.04400613834368294,0.5107709067581316,simulation_virtual_sample
radial,-149.0625,107.5,-17.15457220000544,-10.282054883864436,10.021884126189295,0.04069098073851659,0.5055575623745502,simulation_virtual_sample
radial,-149.0625,109.0,-17.15457220000544,-10.282054883864436,10.055720184804384,0.037391498042298375,0.502010753278516,simulation_virtual_sample
radial,-149.0625,110.5,-17.15457220000544,-10.282054883864436,10.089556243419475,0.03409201534608016,0.49846394418248174,simulation_virtual_sample
radial,-149.0625,112.0,-17.15457220000544,-10.282054883864436,10.12313087450821,0.030409925107540293,0.4926535689190907,simulation_virtual_sample
radial,-149.0625,113.5,-17.15457220000544,-10.282054883864436,10.157969699063502,0.025546063046808787,0.48550725902037467,simulation_virtual_sample
radial,-149.0625,115.0,-17.15457220000544,-10.282054883864436,10.192808523618796,0.02068220098607728,0.4783609491216587,simulation_virtual_sample
radial,-146.25,100.0,-16.629392246050905,-11.111404660392044,9.850261156584645,0.06282292120161447,0.5093795983735931,simulation_virtual_sample
radial,-146.25,101.5,-16.629392246050905,-11.111404660392044,9.883520239845634,0.058220446157195696,0.5065547751518708,simulation_virtual_sample
radial,-146.25,103.0,-16.629392246050905,-11.111404660392044,9.916788040332879,0.05328959214761994,0.5030743004159498,simulation_virtual_sample
radial,-146.25,104.5,-16.629392246050905,-11.111404660392044,9.951135332305551,0.04916708568201244,0.49964222281806553,simulation_virtual_sample
radial,-146.25,106.0,-16.629392246050905,-11.111404660392044,9.984801675824649,0.04604858330137626,0.49526084878671234,simulation_virtual_sample
radial,-146.25,107.5,-16.629392246050905,-11.111404660392044,10.01797789312317,0.042729428362907315,0.490175503209053,simulation_virtual_sample
radial,-146.25,109.0,-16.629392246050905,-11.111404660392044,10.051802959223778,0.03943568205380406,0.4865854075232912,simulation_virtual_sample
radial,-146.25,110.5,-16.629392246050905,-11.111404660392044,10.085798016210454,0.03582362643879125,0.4823649025239734,simulation_virtual_sample
radial,-146.25,112.0,-16.629392246050905,-11.111404660392044,10.121116064091495,0.03120274534728979,0.47737496288352865,simulation_virtual_sample
radial,-146.25,113.5,-16.629392246050905,-11.111404660392044,10.156022748466807,0.026354425324423614,0.4704563334328084,simulation_virtual_sample
radial,-146.25,115.0,-16.629392246050905,-11.111404660392044,10.190866328334897,0.021488588886176094,0.46334678453828343,simulation_virtual_sample
radial,-143.4375,100.0,-16.064150629612897,-11.91398608984867,9.844140906054845,0.06522316716764745,0.4929108670571386,simulation_virtual_sample
radial,-143.4375,101.5,-16.064150629612897,-11.91398608984867,9.877402964983593,0.060295726117218604,0.4894173693561592,simulation_virtual_sample
radial,-143.4375,103.0,-16.064150629612897,-11.91398608984867,9.910711054675028,0.05453599765433852,0.4843461294559803,simulation_virtual_sample
radial,-143.4375,104.5,-16.064150629612897,-11.91398608984867,9.94505779310888,0.05041360472097634,0.4809123459515524,simulation_virtual_sample
radial,-143.4375,106.0,-16.064150629612897,-11.91398608984867,9.980458774235577,0.04795312976548654,0.4791406031058782,simulation_virtual_sample
radial,-143.4375,107.5,-16.064150629612897,-11.91398608984867,10.014057655761219,0.04477518405700845,0.47473829758831926,simulation_virtual_sample
radial,-143.4375,109.0,-16.064150629612897,-11.91398608984867,10.048143853883479,0.04098760231049986,0.4701522629974797,simulation_virtual_sample
radial,-143.4375,110.5,-16.064150629612897,-11.91398608984867,10.082712531326939,0.036314366893855254,0.4638776867198218,simulation_virtual_sample
radial,-143.4375,112.0,-16.064150629612897,-11.91398608984867,10.118028385459585,0.03169362343254175,0.45887855079072576,simulation_virtual_sample
radial,-143.4375,113.5,-16.064150629612897,-11.91398608984867,10.153878189913414,0.02711039197717536,0.454790875020403,simulation_virtual_sample
radial,-143.4375,115.0,-16.064150629612897,-11.91398608984867,10.188918771547316,0.022297202850632074,0.44829117278459774,simulation_virtual_sample
radial,-140.625,100.0,-15.46020906725474,-12.68786568327291,9.837652660361826,0.06701693256378166,0.4748375360657067,simulation_virtual_sample
radial,-140.625,101.5,-15.46020906725474,-12.68786568327291,9.871328564616245,0.06154160137415533,0.47069716579404874,simulation_virtual_sample
radial,-140.625,103.0,-15.46020906725474,-12.68786568327291,9.904654976862078,0.05577811490788602,0.46568239269344863,simulation_virtual_sample
radial,-140.625,104.5,-15.46020906725474,-12.68786568327291,9.939001163661564,0.051655835116161924,0.4622469091516418,simulation_virtual_sample
radial,-140.625,106.0,-15.46020906725474,-12.68786568327291,9.974382435593899,0.04919940256751061,0.46041442613276323,simulation_virtual_sample
radial,-140.625,107.5,-15.46020906725474,-12.68786568327291,10.010225198554362,0.046099978430652465,0.4574382664611362,simulation_virtual_sample
radial,-140.625,109.0,-15.46020906725474,-12.68786568327291,10.045061462105178,0.04147785081310963,0.4516835800676671,simulation_virtual_sample
radial,-140.625,110.5,-15.46020906725474,-12.68786568327291,10.079637659223351,0.03680341940661894,0.44545405922034104,simulation_virtual_sample
radial,-140.625,112.0,-15.46020906725474,-12.68786568327291,10.114951348769296,0.03218280966558107,0.440445888123015,simulation_virtual_sample
radial,-140.625,113.5,-15.46020906725474,-12.68786568327291,10.150793621745054,0.027600775562003535,0.4363130958303372,simulation_virtual_sample
radial,-140.625,115.0,-15.46020906725474,-12.68786568327291,10.186900198047574,0.023032672414471676,0.43159133835372315,simulation_virtual_sample
radial,-137.8125,100.0,-14.819022507099177,-13.43117909694037,9.830378123481827,0.06725640124763295,0.45312419764221584,simulation_virtual_sample
radial,-137.8125,101.5,-14.819022507099177,-13.43117909694037,9.864906346755676,0.0624994276315143,0.4511074666615402,simulation_virtual_sample
radial,-137.8125,103.0,-14.819022507099177,-13.43117909694037,9.898590547442272,0.057021945097642336,0.4469929177887239,simulation_virtual_sample
radial,-137.8125,104.5,-14.819022507099177,-13.43117909694037,9.932936181846658,0.05289977860358381,0.44355573186510905,simulation_virtual_sample
radial,-137.8125,106.0,-14.819022507099177,-13.43117909694037,9.968736082884806,0.049990104194964524,0.4404762832008262,simulation_virtual_sample
radial,-137.8125,107.5,-14.819022507099177,-13.43117909694037,10.005259905671926,0.04620869948099476,0.43556464014878415,simulation_virtual_sample
radial,-137.8125,109.0,-14.819022507099177,-13.43117909694037,10.041500857656327,0.04187187827273087,0.432342279699508,simulation_virtual_sample
radial,-137.8125,110.5,-14.819022507099177,-13.43117909694037,10.076558543911759,0.03729314679348046,0.42700500780693906,simulation_virtual_sample
radial,-137.8125,112.0,-14.819022507099177,-13.43117909694037,10.111870087507283,0.03267266751957731,0.42198791860547175,simulation_virtual_sample
radial,-137.8125,113.5,-14.819022507099177,-13.43117909694037,10.148079729233885,0.0281101536673799,0.41703040172607386,simulation_virtual_sample
radial,-137.8125,115.0,-14.819022507099177,-13.43117909694037,10.18474574701457,0.023569942153587254,0.41112394872014596,simulation_virtual_sample
radial,-135.0,100.0,-14.14213562373095,-14.142135623730951,9.823138615485236,0.06749471682431804,0.43151541487809353,simulation_virtual_sample
radial,-135.0,101.5,-14.14213562373095,-14.142135623730951,9.857648705825605,0.06273834012176059,0.4294445599679095,simulation_virtual_sample
radial,-135.0,103.0,-14.14213562373095,-14.142135623730951,9.892158796165972,0.05798196341920316,0.4273737050577254,simulation_virtual_sample
radial,-135.0,104.5,-14.14213562373095,-14.142135623730951,9.9271975233886,0.05378044757460274,0.423823684293665,simulation_virtual_sample
radial,-135.0,106.0,-14.14213562373095,-14.142135623730951,9.96377293746189,0.05007494070613532,0.41873671061206313,simulation_virtual_sample
radial,-135.0,107.5,-14.14213562373095,-14.142135623730951,10.000319454995294,0.046316876581408574,0.41380045131363097,simulation_virtual_sample
radial,-135.0,109.0,-14.14213562373095,-14.142135623730951,10.036547916088008,0.04198032887621824,0.41052306468490607,simulation_virtual_sample
radial,-135.0,110.5,-14.14213562373095,-14.142135623730951,10.07277637718072,0.037643781171027894,0.40724567805618117,simulation_virtual_sample
radial,-135.0,112.0,-14.14213562373095,-14.142135623730951,10.109259122121266,0.033187669408808886,0.4024681512518761,simulation_virtual_sample
radial,-135.0,113.5,-14.14213562373095,-14.142135623730951,10.145930396186714,0.028646147100433554,0.3966116332069188,simulation_virtual_sample
radial,-135.0,115.0,-14.14213562373095,-14.142135623730951,10.182601670252161,0.024104624792058226,0.3907551151619614,simulation_virtual_sample
radial,-132.1875,100.0,-13.431179096940369,-14.81902250709918,9.815899107488645,0.06773303240100313,0.40990663211397116,simulation_virtual_sample
radial,-132.1875,101.5,-13.431179096940369,-14.81902250709918,9.850391064895533,0.0629772526120069,0.4077816532742787,simulation_virtual_sample
radial,-132.1875,103.0,-13.431179096940369,-14.81902250709918,9.886137402026627,0.057665634968119356,0.4048017239195842,simulation_virtual_sample
radial,-132.1875,104.5,-13.431179096940369,-14.81902250709918,9.922645514102094,0.05333530733370262,0.4011817203976953,simulation_virtual_sample
radial,-132.1875,106.0,-13.431179096940369,-14.81902250709918,9.95880883443493,0.05015979358591503,0.39699294352547515,simulation_virtual_sample
radial,-132.1875,107.5,-13.431179096940369,-14.81902250709918,9.995379934767081,0.04642503330853693,0.39204036138693943,simulation_virtual_sample
radial,-132.1875,109.0,-13.431179096940369,-14.81902250709918,10.031595907320545,0.04208875905491055,0.3887079589419947,simulation_virtual_sample
radial,-132.1875,110.5,-13.431179096940369,-14.81902250709918,10.06889157243865,0.03715353389468853,0.3845904394182542,simulation_virtual_sample
radial,-132.1875,112.0,-13.431179096940369,-14.81902250709918,10.106609433220425,0.03303573431324695,0.380692166836922,simulation_virtual_sample
radial,-132.1875,113.5,-13.431179096940369,-14.81902250709918,10.143781063139544,0.02918214053348722,0.37619286468776353,simulation_virtual_sample
radial,-132.1875,115.0,-13.431179096940369,-14.81902250709918,10.180457593489752,0.024639307430529202,0.37038628160377673,simulation_virtual_sample
radial,-129.375,100.0,-12.687865683272907,-15.460209067254741,9.808624570608645,0.06797250108485443,0.3881932936904803,simulation_virtual_sample
radial,-129.375,101.5,-12.687865683272907,-15.460209067254741,9.84495915155007,0.06240201583673212,0.3848284654126859,simulation_virtual_sample
radial,-129.375,103.0,-12.687865683272907,-15.460209067254741,9.882278047125803,0.05640026562975724,0.38083657271322385,simulation_virtual_sample
radial,-129.375,104.5,-12.687865683272907,-15.460209067254741,9.918817466961812,0.052005806304608555,0.3772033503349404,simulation_virtual_sample
radial,-129.375,106.0,-12.687865683272907,-15.460209067254741,9.954453634176527,0.049473867681783704,0.37398575334597367,simulation_virtual_sample
radial,-129.375,107.5,-12.687865683272907,-15.460209067254741,9.990417451259951,0.046533692844233164,0.37017911122783703,simulation_virtual_sample
radial,-129.375,109.0,-12.687865683272907,-15.460209067254741,10.027811986266192,0.041546372431372915,0.36601620488092734,simulation_virtual_sample
radial,-129.375,110.5,-12.687865683272907,-15.460209067254741,10.065728707785532,0.03627351058941712,0.3615134338811368,simulation_virtual_sample
radial,-129.375,112.0,-12.687865683272907,-15.460209067254741,10.103445441549345,0.03215594166317685,0.3576078625017751,simulation_virtual_sample
radial,-129.375,113.5,-12.687865683272907,-15.460209067254741,10.141018297645312,0.028869527874208968,0.35413193586942454,simulation_virtual_sample
radial,-129.375,115.0,-12.687865683272907,-15.460209067254741,10.17830314245675,0.025176577169644776,0.34991889197019965,simulation_virtual_sample
radial,-126.5625,100.0,-11.913986089848667,-16.0641506296129,9.802446749827755,0.0656759363069916,0.3631152416000617,simulation_virtual_sample
radial,-126.5625,101.5,-11.913986089848667,-16.0641506296129,9.841098127458537,0.061136099219667034,0.3608529491560031,simulation_virtual_sample
radial,-126.5625,103.0,-11.913986089848667,-16.0641506296129,9.878425692125997,0.05513719135374308,0.3569148882754418,simulation_virtual_sample
radial,-126.5625,104.5,-11.913986089848667,-16.0641506296129,9.914997009229578,0.05067894111709052,0.35327251929874753,simulation_virtual_sample
radial,-126.5625,106.0,-11.913986089848667,-16.0641506296129,9.950624291290692,0.04814391663340234,0.34999926690815003,simulation_virtual_sample
radial,-126.5625,107.5,-11.913986089848667,-16.0641506296129,9.986505293541061,0.04507762113754884,0.34568571848464824,simulation_virtual_sample
radial,-126.5625,109.0,-11.913986089848667,-16.0641506296129,10.02464523233152,0.04066526698735098,0.3429108222294898,simulation_virtual_sample
radial,-126.5625,110.5,-11.913986089848667,-16.0641506296129,10.06257021327815,0.03539470321670084,0.3384683139567519,simulation_virtual_sample
radial,-126.5625,112.0,-11.913986089848667,-16.0641506296129,10.100285813227941,0.031277362304219965,0.3345553929191722,simulation_virtual_sample
radial,-126.5625,113.5,-11.913986089848667,-16.0641506296129,10.13785093898497,0.02798879898513712,0.33102306617101307,simulation_virtual_sample
radial,-126.5625,115.0,-11.913986089848667,-16.0641506296129,10.176211558309097,0.02472575567367328,0.3266651806161111,simulation_virtual_sample
radial,-123.74999999999999,100.0,-11.11140466039204,-16.62939224605091,9.796758446501073,0.06238460724321527,0.33689964536027645,simulation_virtual_sample
radial,-123.74999999999999,101.5,-11.11140466039204,-16.62939224605091,9.835710372536482,0.058183318266645905,0.33497124994044286,simulation_virtual_sample
radial,-123.74999999999999,103.0,-11.11140466039204,-16.62939224605091,9.874561728818973,0.0538703110540791,0.3329211205893166,simulation_virtual_sample
radial,-123.74999999999999,104.5,-11.11140466039204,-16.62939224605091,9.911165687767843,0.049348302898828286,0.3292736393288101,simulation_virtual_sample
radial,-123.74999999999999,106.0,-11.11140466039204,-16.62939224605091,9.94707149605141,0.04624571129908875,0.324924805134821,simulation_virtual_sample
radial,-123.74999999999999,107.5,-11.11140466039204,-16.62939224605091,9.983044407856386,0.043011340775965266,0.3203379009683915,simulation_virtual_sample
radial,-123.74999999999999,109.0,-11.11140466039204,-16.62939224605091,10.02124598229496,0.03886787464513057,0.31803313595060456,simulation_virtual_sample
radial,-123.74999999999999,110.5,-11.11140466039204,-16.62939224605091,10.059400828949697,0.0345128659020217,0.3153437393326616,simulation_virtual_sample
radial,-123.74999999999999,112.0,-11.11140466039204,-16.62939224605091,10.09711528278557,0.03039575145627752,0.31142338207838083,simulation_virtual_sample
radial,-123.74999999999999,113.5,-11.11140466039204,-16.62939224605091,10.135606891823338,0.02713856875741576,0.3069857404187548,simulation_virtual_sample
radial,-123.74999999999999,115.0,-11.11140466039204,-16.62939224605091,10.174162409336319,0.02388368025930366,0.30249004044837613,simulation_virtual_sample
radial,-120.9375,100.0,-10.282054883864433,-17.154572200005443,9.791085802722513,0.059102339005294824,0.31075621903958284,simulation_virtual_sample
radial,-120.9375,101.5,-10.282054883864433,-17.154572200005443,9.830023839734624,0.054893013652423585,0.3087638134912332,simulation_virtual_sample
radial,-120.9375,103.0,-10.282054883864433,-17.154572200005443,9.868961876746734,0.050683688299552346,0.30677140794288366,simulation_virtual_sample
radial,-120.9375,104.5,-10.282054883864433,-17.154572200005443,9.907602388067264,0.04735794417263722,0.3040124113417601,simulation_virtual_sample
radial,-120.9375,106.0,-10.282054883864433,-17.154572200005443,9.94361110684015,0.04417972735101269,0.2995806238315573,simulation_virtual_sample
radial,-120.9375,107.5,-10.282054883864433,-17.154572200005443,9.979593052418187,0.0409507503339368,0.29505988377799897,simulation_virtual_sample
radial,-120.9375,109.0,-10.282054883864433,-17.154572200005443,10.017785945602029,0.03680177267518029,0.29268947720422905,simulation_virtual_sample
radial,-120.9375,110.5,-10.282054883864433,-17.154572200005443,10.056020141601884,0.03266147025957345,0.2902779302216322,simulation_virtual_sample
radial,-120.9375,112.0,-10.282054883864433,-17.154572200005443,10.094997851684449,0.029549584536119937,0.2872547013972507,simulation_virtual_sample
radial,-120.9375,113.5,-10.282054883864433,-17.154572200005443,10.133558376614344,0.026296753781359188,0.28281807717365104,simulation_virtual_sample
radial,-120.9375,115.0,-10.282054883864433,-17.154572200005443,10.172118901544241,0.02304392302659844,0.2783814529500513,simulation_virtual_sample
radial,-118.125,100.0,-9.427934736519955,-17.638425286967102,9.785401419683001,0.05581327827257539,0.2845586901671053,simulation_virtual_sample
radial,-118.125,101.5,-9.427934736519955,-17.638425286967102,9.82436649990174,0.05159145846645785,0.28246286861267705,simulation_virtual_sample
radial,-118.125,103.0,-9.427934736519955,-17.638425286967102,9.864631351171226,0.04722870296863877,0.2791208255849572,simulation_virtual_sample
radial,-118.125,104.5,-9.427934736519955,-17.638425286967102,9.9034039892277,0.04388807342567906,0.27623061784255903,simulation_virtual_sample
radial,-118.125,106.0,-9.427934736519955,-17.638425286967102,9.940078774883638,0.04198441640738593,0.2739756301408959,simulation_virtual_sample
radial,-118.125,107.5,-9.427934736519955,-17.638425286967102,9.97613455721369,0.03888589717992285,0.26972957433939976,simulation_virtual_sample
radial,-118.125,109.0,-9.427934736519955,-17.638425286967102,10.01441709216388,0.034758876236092806,0.26718982116134105,simulation_virtual_sample
radial,-118.125,110.5,-9.427934736519955,-17.638425286967102,10.05367326057062,0.030901491269705417,0.2636319655151162,simulation_virtual_sample
radial,-118.125,112.0,-9.427934736519955,-17.638425286967102,10.092676081466157,0.02786943810594023,0.26081751339950193,simulation_virtual_sample
radial,-118.125,113.5,-9.427934736519955,-17.638425286967102,10.131497627554422,0.02542792503765805,0.2585349801928094,simulation_virtual_sample
radial,-118.125,115.0,-9.427934736519955,-17.638425286967102,10.170071164811977,0.02220242795706146,0.2542229739001155,simulation_virtual_sample
radial,-115.31250000000001,100.0,-8.551101868605645,-18.079785862468864,9.779910377813163,0.052323751883935135,0.25764923599152506,simulation_virtual_sample
radial,-115.31250000000001,101.5,-8.551101868605645,-18.079785862468864,9.820173774817578,0.04812627693523506,0.2547186196886875,simulation_virtual_sample
radial,-115.31250000000001,103.0,-8.551101868605645,-18.079785862468864,9.860448851977718,0.04377197287811913,0.25144424378677965,simulation_virtual_sample
radial,-115.31250000000001,104.5,-8.551101868605645,-18.079785862468864,9.899222921036253,0.04043252602227147,0.24856350532191862,simulation_virtual_sample
radial,-115.31250000000001,106.0,-8.551101868605645,-18.079785862468864,9.935886773255998,0.03851983279473096,0.24623616849902483,simulation_virtual_sample
radial,-115.31250000000001,107.5,-8.551101868605645,-18.079785862468864,9.972717035772177,0.03651722341942473,0.24382756958461896,simulation_virtual_sample
radial,-115.31250000000001,109.0,-8.551101868605645,-18.079785862468864,10.01207379014617,0.033001581229167326,0.24058449177784424,simulation_virtual_sample
radial,-115.31250000000001,110.5,-8.551101868605645,-18.079785862468864,10.051336074284777,0.029148782587972124,0.23709607278961764,simulation_virtual_sample
radial,-115.31250000000001,112.0,-8.551101868605645,-18.079785862468864,10.090337909347182,0.026116784474726918,0.23427325977744276,simulation_virtual_sample
radial,-115.31250000000001,113.5,-8.551101868605645,-18.079785862468864,10.129153737093596,0.023670985035682376,0.23192580871669852,simulation_virtual_sample
radial,-115.31250000000001,115.0,-8.551101868605645,-18.079785862468864,10.168146433417093,0.021206553117923736,0.22956498341024575,simulation_virtual_sample
radial,-112.5,100.0,-7.653668647301794,-18.477590650225736,9.77581231844018,0.047777391129805294,0.22759913415197366,simulation_virtual_sample
radial,-112.5,101.5,-7.653668647301794,-18.477590650225736,9.816005173045149,0.04438123227381754,0.2263757766502835,simulation_virtual_sample
radial,-112.5,103.0,-7.653668647301794,-18.477590650225736,9.85626346999161,0.04031286023222714,0.22374858587131052,simulation_virtual_sample
radial,-112.5,104.5,-7.653668647301794,-18.477590650225736,9.89503897103853,0.03697459687866003,0.2208773232106976,simulation_virtual_sample
radial,-112.5,106.0,-7.653668647301794,-18.477590650225736,9.931925727078537,0.03493270225852979,0.21839559571191972,simulation_virtual_sample
radial,-112.5,107.5,-7.653668647301794,-18.477590650225736,9.969707790318179,0.032430762424029966,0.21559995167139578,simulation_virtual_sample
radial,-112.5,109.0,-7.653668647301794,-18.477590650225736,10.009598463138774,0.03078375356250319,0.21365354596704927,simulation_virtual_sample
radial,-112.5,110.5,-7.653668647301794,-18.477590650225736,10.048997284095039,0.027394871102552086,0.21054196969639866,simulation_virtual_sample
radial,-112.5,112.0,-7.653668647301794,-18.477590650225736,10.087998121842313,0.02436291997801259,0.20771066738017513,simulation_virtual_sample
radial,-112.5,113.5,-7.653668647301794,-18.477590650225736,10.127130074301137,0.021881784069806225,0.20531212468108273,simulation_virtual_sample
radial,-112.5,115.0,-7.653668647301794,-18.477590650225736,10.167041736628052,0.0193254330476964,0.20294718616896978,simulation_virtual_sample
radial,-109.6875,100.0,-6.737797067844399,-18.830881303660416,9.7717368091642,0.04325604730849563,0.19771438684973575,simulation_virtual_sample
radial,-109.6875,101.5,-6.737797067844399,-18.830881303660416,9.811919685204412,0.03984881829683978,0.19641785888859545,simulation_virtual_sample
radial,-109.6875,103.0,-6.737797067844399,-18.830881303660416,9.852102561244624,0.03644158928518394,0.19512133092745518,simulation_virtual_sample
radial,-109.6875,104.5,-6.737797067844399,-18.830881303660416,9.891135308503163,0.03334938985033435,0.19297197141343442,simulation_virtual_sample
radial,-109.6875,106.0,-6.737797067844399,-18.830881303660416,9.928925206063095,0.03085808877720775,0.19024981562875137,simulation_virtual_sample
radial,-109.6875,107.5,-6.737797067844399,-18.830881303660416,9.966715103623025,0.02836678770408115,0.18752765984406833,simulation_virtual_sample
radial,-109.6875,109.0,-6.737797067844399,-18.830881303660416,10.006597955494064,0.02670915823821888,0.18550789130534562,simulation_virtual_sample
radial,-109.6875,110.5,-6.737797067844399,-18.830881303660416,10.046483857594284,0.025052743748456202,0.18348914641155595,simulation_virtual_sample
radial,-109.6875,112.0,-6.737797067844399,-18.830881303660416,10.086114414160619,0.022558205263884756,0.18107610784624834,simulation_virtual_sample
radial,-109.6875,113.5,-6.737797067844399,-18.830881303660416,10.126028766367657,0.02000643467283484,0.1787759823076186,simulation_virtual_sample
radial,-109.6875,115.0,-6.737797067844399,-18.830881303660416,10.165943118574695,0.01745466408178492,0.17647585676898886,simulation_virtual_sample
radial,-106.875,100.0,-5.805693545089243,-19.13880671464418,9.767664107003082,0.038737817682389875,0.1678502234580335,simulation_virtual_sample
radial,-106.875,101.5,-5.805693545089243,-19.13880671464418,9.807837011351538,0.03531952613992861,0.16648057543553332,simulation_virtual_sample
radial,-106.875,103.0,-5.805693545089243,-19.13880671464418,9.848759533458615,0.031908421926965115,0.16511002744330777,simulation_virtual_sample
radial,-106.875,104.5,-5.805693545089243,-19.13880671464418,9.888645500427506,0.029063211713933015,0.16392468312418662,simulation_virtual_sample
radial,-106.875,106.0,-5.805693545089243,-19.13880671464418,9.925926751735904,0.026786281793746248,0.16212342169642865,simulation_virtual_sample
radial,-106.875,107.5,-5.805693545089243,-19.13880671464418,9.963724478220032,0.024305612154264446,0.1594747035506056,simulation_virtual_sample
radial,-106.875,109.0,-5.805693545089243,-19.13880671464418,10.003599514528396,0.02263736939928899,0.1573816227081004,simulation_virtual_sample
radial,-106.875,110.5,-5.805693545089243,-19.13880671464418,10.044060685382346,0.021748458073381743,0.1552142455058882,simulation_virtual_sample
radial,-106.875,112.0,-5.805693545089243,-19.13880671464418,10.08479071478858,0.02049987709479767,0.15389014282100397,simulation_virtual_sample
radial,-106.875,113.5,-5.805693545089243,-19.13880671464418,10.124928216989163,0.018132376972387433,0.1522581174044323,simulation_virtual_sample
radial,-106.875,115.0,-5.805693545089243,-19.13880671464418,10.164845257223595,0.015585183657504326,0.15002276019763514,simulation_virtual_sample
radial,-104.0625,100.0,-4.859603598065277,-19.400625063890878,9.76357452337416,0.03420085986430182,0.13786227224860745,simulation_virtual_sample
radial,-104.0625,101.5,-4.859603598065277,-19.400625063890878,9.80474726421206,0.030792461012626043,0.1364934661606271,simulation_virtual_sample
radial,-104.0625,103.0,-4.859603598065277,-19.400625063890878,9.846871341191815,0.027403846378728995,0.13519462203658464,simulation_virtual_sample
radial,-104.0625,104.5,-4.859603598065277,-19.400625063890878,9.886757954187614,0.024560177363102148,0.1340195129870679,simulation_virtual_sample
radial,-104.0625,106.0,-4.859603598065277,-19.400625063890878,9.923498991773078,0.02248262907571711,0.1330183589198953,simulation_virtual_sample
radial,-104.0625,107.5,-4.859603598065277,-19.400625063890878,9.960721456588573,0.020227602914780606,0.13130546694502704,simulation_virtual_sample
radial,-104.0625,109.0,-4.859603598065277,-19.400625063890878,10.00124450216074,0.019424135409773474,0.12913577352853534,simulation_virtual_sample
radial,-104.0625,110.5,-4.859603598065277,-19.400625063890878,10.042317219169634,0.01935150706837742,0.12696417759454018,simulation_virtual_sample
radial,-104.0625,112.0,-4.859603598065277,-19.400625063890878,10.083046654146806,0.018102108857244326,0.1256304431420644,simulation_virtual_sample
radial,-104.0625,113.5,-4.859603598065277,-19.400625063890878,10.12353191084747,0.016015668179322463,0.12489268387501277,simulation_virtual_sample
radial,-104.0625,115.0,-4.859603598065277,-19.400625063890878,10.163742845205565,0.013707954183000434,0.12346001477880983,simulation_virtual_sample
radial,-101.25,100.0,-3.901806440322564,-19.61570560806461,9.761085045039758,0.028285551503464974,0.10687474505244857,simulation_virtual_sample
radial,-101.25,101.5,-3.901806440322564,-19.61570560806461,9.802858364445951,0.02628619761505093,0.10656685155190462,simulation_virtual_sample
radial,-101.25,103.0,-3.901806440322564,-19.61570560806461,9.84498704837753,0.022908573579353213,0.10534099725726437,simulation_virtual_sample
radial,-101.25,104.5,-3.901806440322564,-19.61570560806461,9.884874306066079,0.02006644257828512,0.10417610233970172,simulation_virtual_sample
radial,-101.25,106.0,-3.901806440322564,-19.61570560806461,9.921610417937439,0.017977143235834898,0.1030969081614315,simulation_virtual_sample
radial,-101.25,107.5,-3.901806440322564,-19.61570560806461,9.95932787160688,0.016046730670221034,0.10219859286909608,simulation_virtual_sample
radial,-101.25,109.0,-3.901806440322564,-19.61570560806461,9.999500081311526,0.017025871952079316,0.10087023726696198,simulation_virtual_sample
radial,-101.25,110.5,-3.901806440322564,-19.61570560806461,10.040577353524421,0.016959506193078167,0.09877245109277719,simulation_virtual_sample
radial,-101.25,112.0,-3.901806440322564,-19.61570560806461,10.081306195300131,0.01570929243712646,0.0974291047640212,simulation_virtual_sample
radial,-101.25,113.5,-3.901806440322564,-19.61570560806461,10.121787196712026,0.013617001506058251,0.09662239538145286,simulation_virtual_sample
radial,-101.25,115.0,-3.901806440322564,-19.61570560806461,10.16320666678516,0.011808038063698815,0.09574077179355744,simulation_virtual_sample
radial,-98.4375,100.0,-2.934609489107233,-19.78353019929562,9.759820894160391,0.02139730210783606,0.07545515840140357,simulation_virtual_sample
radial,-98.4375,101.5,-2.934609489107233,-19.78353019929562,9.801396890034813,0.02013439146370537,0.07557205799240091,simulation_virtual_sample
radial,-98.4375,103.0,-2.934609489107233,-19.78353019929562,9.843097553901522,0.018400891409061586,0.07540496041540577,simulation_virtual_sample
radial,-98.4375,104.5,-2.934609489107233,-19.78353019929562,9.88298545806252,0.015560302668299735,0.0742503078262956,simulation_virtual_sample
radial,-98.4375,106.0,-2.934609489107233,-19.78353019929562,9.920793593792908,0.013648067649083209,0.07339332079563722,simulation_virtual_sample
radial,-98.4375,107.5,-2.934609489107233,-19.78353019929562,9.959156785080113,0.011833162820313648,0.07269118909430045,simulation_virtual_sample
radial,-98.4375,109.0,-2.934609489107233,-19.78353019929562,9.99873998252632,0.01348584230360093,0.07178702381265462,simulation_virtual_sample
radial,-98.4375,110.5,-2.934609489107233,-19.78353019929562,10.03883268491416,0.014560902108715228,0.07050290026165051,simulation_virtual_sample
radial,-98.4375,112.0,-2.934609489107233,-19.78353019929562,10.079560931850857,0.013309870556602528,0.06914991552266557,simulation_virtual_sample
radial,-98.4375,113.5,-2.934609489107233,-19.78353019929562,10.121167905955792,0.011560036875687936,0.06829159259631531,simulation_virtual_sample
radial,-98.4375,115.0,-2.934609489107233,-19.78353019929562,10.163100566091366,0.009910574952278138,0.06743832016498326,simulation_virtual_sample
radial,-95.625,100.0,-1.960342806591213,-19.90369453344394,9.758561092587081,0.014532751706759661,0.04414367071282614,simulation_virtual_sample
radial,-95.625,101.5,-1.960342806591213,-19.90369453344394,9.800134003936174,0.013253033749463985,0.04418390658245856,simulation_virtual_sample
radial,-95.625,103.0,-1.960342806591213,-19.90369453344394,9.84170691528527,0.01197331579216831,0.04422414245209099,simulation_virtual_sample
radial,-95.625,104.5,-1.960342806591213,-19.90369453344394,9.88225901193521,0.011241916552157947,0.044535610103974756,simulation_virtual_sample
radial,-95.625,106.0,-1.960342806591213,-19.90369453344394,9.920622649555533,0.00943800414296708,0.04391045776419678,simulation_virtual_sample
radial,-95.625,107.5,-1.960342806591213,-19.90369453344394,9.958986287175858,0.007634091733776213,0.043285305424418816,simulation_virtual_sample
radial,-95.625,109.0,-1.960342806591213,-19.90369453344394,9.998569039050697,0.009275797558106454,0.04230429216090437,simulation_virtual_sample
radial,-95.625,110.5,-1.960342806591213,-19.90369453344394,10.038153567637936,0.010922524956597929,0.041322760272893964,simulation_virtual_sample
radial,-95.625,112.0,-1.960342806591213,-19.90369453344394,10.079128992394523,0.011309304290417243,0.04080167203321528,simulation_virtual_sample
radial,-95.625,113.5,-1.960342806591213,-19.90369453344394,10.121061911415554,0.009664472172768092,0.04001745752074431,simulation_virtual_sample
radial,-95.625,115.0,-1.960342806591213,-19.90369453344394,10.162994830436585,0.008019640055118939,0.03923324300827333,simulation_virtual_sample
radial,-92.8125,100.0,-0.9813534865483602,-19.97590912410345,9.757299553690078,0.007658734778344047,0.012789003058057642,simulation_virtual_sample
radial,-92.8125,101.5,-0.9813534865483602,-19.97590912410345,9.798869376260146,0.0063621863298338,0.012752469483565197,simulation_virtual_sample
radial,-92.8125,103.0,-0.9813534865483602,-19.97590912410345,9.841027692937134,0.006465727845723194,0.013231802743006843,simulation_virtual_sample
radial,-92.8125,104.5,-0.9813534865483602,-19.97590912410345,9.881791151828798,0.00624379816109956,0.013820352527366759,simulation_virtual_sample
radial,-92.8125,106.0,-0.9813534865483602,-19.97590912410345,9.920451469578278,0.005222134767718688,0.014386936523169648,simulation_virtual_sample
radial,-92.8125,107.5,-0.9813534865483602,-19.97590912410345,9.958815554147234,0.003429229937153267,0.013838869702992607,simulation_virtual_sample
radial,-92.8125,109.0,-0.9813534865483602,-19.97590912410345,9.998397859836244,0.005059946969351455,0.012780902480745971,simulation_virtual_sample
radial,-92.8125,110.5,-0.9813534865483602,-19.97590912410345,10.038005185289494,0.0069167322504880375,0.011916690361181948,simulation_virtual_sample
radial,-92.8125,112.0,-0.9813534865483602,-19.97590912410345,10.078992467294674,0.007809412170014516,0.011657090699676836,simulation_virtual_sample
radial,-92.8125,113.5,-0.9813534865483602,-19.97590912410345,10.120955770704022,0.007766293399874976,0.01170433112643467,simulation_virtual_sample
radial,-92.8125,115.0,-0.9813534865483602,-19.97590912410345,10.162888948967524,0.006126097472699271,0.010989269766837022,simulation_virtual_sample
radial,-90.0,100.0,1.2246467991473533e-15,-20.0,9.756030157164293,0.0007419023066121365,-0.018760960468850972,simulation_virtual_sample
radial,-90.0,101.5,1.2246467991473533e-15,-20.0,9.798278273286469,0.001068567262586697,-0.018128855525345745,simulation_virtual_sample
radial,-90.0,103.0,1.2246467991473533e-15,-20.0,9.840526389408645,0.0013952322185611483,-0.01749675058184058,simulation_virtual_sample
radial,-90.0,104.5,1.2246467991473533e-15,-20.0,9.881290019816515,0.0011750373554806801,-0.016897687317099636,simulation_virtual_sample
radial,-90.0,106.0,1.2246467991473533e-15,-20.0,9.919966661654549,0.00018603065361443098,-0.016345076237950267,simulation_virtual_sample
radial,-90.0,107.5,1.2246467991473533e-15,-20.0,9.95864330349258,-0.0008029760482518158,-0.015792465158800877,simulation_virtual_sample
radial,-90.0,109.0,1.2246467991473533e-15,-20.0,9.998251078007065,0.001073574836907669,-0.01656620500472335,simulation_virtual_sample
radial,-90.0,110.5,1.2246467991473533e-15,-20.0,10.037860209535436,0.0029543019276016724,-0.017341877847595187,simulation_virtual_sample
radial,-90.0,112.0,1.2246467991473533e-15,-20.0,10.07884744211161,0.0038456308695628103,-0.017611453121546074,simulation_virtual_sample
radial,-90.0,113.5,1.2246467991473533e-15,-20.0,10.120814925058058,0.0040331958145441524,-0.017521038589146783,simulation_virtual_sample
radial,-90.0,115.0,1.2246467991473533e-15,-20.0,10.162782408004507,0.0042207607595256165,-0.01743062405674744,simulation_virtual_sample
radial,-87.1875,100.0,0.9813534865483625,-19.97590912410345,9.757686383407512,-0.006306149937291929,-0.05018379143341909,simulation_virtual_sample
radial,-87.1875,101.5,0.9813534865483625,-19.97590912410345,9.798025623032366,-0.004240232055930186,-0.04899547311471985,simulation_virtual_sample
radial,-87.1875,103.0,0.9813534865483625,-19.97590912410345,9.840025085880155,-0.0036752634086008994,-0.04822530390668801,simulation_virtual_sample
radial,-87.1875,104.5,0.9813534865483625,-19.97590912410345,9.88078888780423,-0.0038937234501382036,-0.047615727161566056,simulation_virtual_sample
radial,-87.1875,106.0,0.9813534865483625,-19.97590912410345,9.91952833363901,-0.0047866869653722405,-0.047116529441178834,simulation_virtual_sample
radial,-87.1875,107.5,0.9813534865483625,-19.97590912410345,9.959344803621033,-0.0038436134204095185,-0.046165219668773495,simulation_virtual_sample
radial,-87.1875,109.0,0.9813534865483625,-19.97590912410345,9.998152187978686,-0.0028474853464510474,-0.04595395099121914,simulation_virtual_sample
radial,-87.1875,110.5,0.9813534865483625,-19.97590912410345,10.037715233781377,-0.0010081283952846957,-0.046600446056372355,simulation_virtual_sample
radial,-87.1875,112.0,0.9813534865483625,-19.97590912410345,10.078702416928547,-0.00011815043088889543,-0.04687999694276899,simulation_virtual_sample
radial,-87.1875,113.5,0.9813534865483625,-19.97590912410345,10.120615477541712,0.00028016116793977484,-0.04675470108683638,simulation_virtual_sample
radial,-87.1875,115.0,0.9813534865483625,-19.97590912410345,10.162169305987653,0.00214308588200514,-0.04592220160674669,simulation_virtual_sample
radial,-84.375,100.0,1.9603428065912154,-19.903694533443936,9.759332357526402,-0.013310574380844072,-0.0814121134828469,simulation_virtual_sample
radial,-84.375,101.5,1.9603428065912154,-19.903694533443936,9.799675627189766,-0.01126180628326785,-0.08030025526096907,simulation_virtual_sample
radial,-84.375,103.0,1.9603428065912154,-19.903694533443936,9.840018896853131,-0.009213038185691625,-0.07918839703909124,simulation_virtual_sample
radial,-84.375,104.5,1.9603428065912154,-19.903694533443936,9.880414331318098,-0.008764599991941478,-0.07841015735656919,simulation_virtual_sample
radial,-84.375,106.0,1.9603428065912154,-19.903694533443936,9.92022897194287,-0.00781362315701457,-0.0773798305093159,simulation_virtual_sample
radial,-84.375,107.5,1.9603428065912154,-19.903694533443936,9.96004361256764,-0.006862646322087661,-0.07634950366206263,simulation_virtual_sample
radial,-84.375,109.0,1.9603428065912154,-19.903694533443936,9.998852823160405,-0.005874408049649643,-0.07621711720192684,simulation_virtual_sample
radial,-84.375,110.5,1.9603428065912154,-19.903694533443936,10.037660568459822,-0.004886115473147988,-0.07608603938190749,simulation_virtual_sample
radial,-84.375,112.0,1.9603428065912154,-19.903694533443936,10.078449358531234,-0.003657688580961897,-0.07604106896573244,simulation_virtual_sample
radial,-84.375,113.5,1.9603428065912154,-19.903694533443936,10.120004678817287,-0.0017897083318787683,-0.0751392419072166,simulation_virtual_sample
radial,-84.375,115.0,1.9603428065912154,-19.903694533443936,10.16155999910334,7.827191720436066e-05,-0.07423741484870076,simulation_virtual_sample
radial,-81.5625,100.0,2.9346094891072347,-19.78353019929562,9.760976064898038,-0.0203053527068232,-0.11259742956247312,simulation_virtual_sample
radial,-81.5625,101.5,2.9346094891072347,-19.78353019929562,9.801323359049961,-0.018273710775270315,-0.11156192614067328,simulation_virtual_sample
radial,-81.5625,103.0,2.9346094891072347,-19.78353019929562,9.841718272862847,-0.015854789149800538,-0.11029856949572657,simulation_virtual_sample
radial,-81.5625,104.5,2.9346094891072347,-19.78353019929562,9.881499235075415,-0.01245324126383025,-0.1086776236792116,simulation_virtual_sample
radial,-81.5625,106.0,2.9346094891072347,-19.78353019929562,9.920928645365244,-0.010836390814521667,-0.10760145458277574,simulation_virtual_sample
radial,-81.5625,107.5,2.9346094891072347,-19.78353019929562,9.960741459152057,-0.00987752157361752,-0.10649221947875094,simulation_virtual_sample
radial,-81.5625,109.0,2.9346094891072347,-19.78353019929562,9.999552493464941,-0.008897162237288569,-0.10643860660367575,simulation_virtual_sample
radial,-81.5625,110.5,2.9346094891072347,-19.78353019929562,10.038532881169933,-0.007726768974163653,-0.10585267368208522,simulation_virtual_sample
radial,-81.5625,112.0,2.9346094891072347,-19.78353019929562,10.07820311579531,-0.005802336894032488,-0.10449828661913044,simulation_virtual_sample
radial,-81.5625,113.5,2.9346094891072347,-19.78353019929562,10.119394721252096,-0.003856727318465719,-0.10348469306074189,simulation_virtual_sample
radial,-81.5625,115.0,2.9346094891072347,-19.78353019929562,10.160951531323775,-0.001983698496576435,-0.10251363389802161,simulation_virtual_sample
radial,-78.75,100.0,3.9018064403225665,-19.61570560806461,9.762625446962083,-0.02732427962284218,-0.14389040901299893,simulation_virtual_sample
radial,-78.75,101.5,3.9018064403225665,-19.61570560806461,9.803048953709254,-0.024687541858433356,-0.14251847523828978,simulation_virtual_sample
radial,-78.75,103.0,3.9018064403225665,-19.61570560806461,9.843604512002104,-0.020912264699443944,-0.14039081826314065,simulation_virtual_sample
radial,-78.75,104.5,3.9018064403225665,-19.61570560806461,9.883384828856004,-0.017508986446625387,-0.13875957667175817,simulation_virtual_sample
radial,-78.75,106.0,3.9018064403225665,-19.61570560806461,9.922075259827976,-0.014628688952520784,-0.137826228783107,simulation_virtual_sample
radial,-78.75,107.5,3.9018064403225665,-19.61570560806461,9.961441714963797,-0.01290280530173913,-0.13673899922041616,simulation_virtual_sample
radial,-78.75,109.0,3.9018064403225665,-19.61570560806461,10.000451261822004,-0.011703719227083504,-0.13608274941695903,simulation_virtual_sample
radial,-78.75,110.5,3.9018064403225665,-19.61570560806461,10.03976120681928,-0.01015680670340317,-0.13438207636882032,simulation_virtual_sample
radial,-78.75,112.0,3.9018064403225665,-19.61570560806461,10.079431860238241,-0.00823320313663064,-0.1330374163117286,simulation_virtual_sample
radial,-78.75,113.5,3.9018064403225665,-19.61570560806461,10.119359087414603,-0.0060416572915623565,-0.13194599012805458,simulation_virtual_sample
radial,-78.75,115.0,3.9018064403225665,-19.61570560806461,10.160340962885938,-0.004052787603170091,-0.13088747302761905,simulation_virtual_sample
radial,-75.9375,100.0,4.85960359806528,-19.400625063890878,9.765092461869362,-0.033185916707206164,-0.17448794753566818,simulation_virtual_sample
radial,-75.9375,101.5,4.85960359806528,-19.400625063890878,9.804934599163213,-0.029743425590363522,-0.17260125260556575,simulation_virtual_sample
radial,-75.9375,103.0,4.85960359806528,-19.400625063890878,9.845485558441379,-0.025955817330917345,-0.1704002249262227,simulation_virtual_sample
radial,-75.9375,104.5,4.85960359806528,-19.400625063890878,9.885265231713245,-0.02255081347484369,-0.16875871590360572,simulation_virtual_sample
radial,-75.9375,106.0,4.85960359806528,-19.400625063890878,9.923960579912999,-0.01968370028953229,-0.1679038153541729,simulation_virtual_sample
radial,-75.9375,107.5,4.85960359806528,-19.400625063890878,9.963016911042802,-0.016325183432518275,-0.1664149284149749,simulation_virtual_sample
radial,-75.9375,109.0,4.85960359806528,-19.400625063890878,10.001679413036364,-0.014133411865750494,-0.16460810063248094,simulation_virtual_sample
radial,-75.9375,110.5,4.85960359806528,-19.400625063890878,10.040986150963896,-0.012580154688693926,-0.16283293937006457,simulation_virtual_sample
radial,-75.9375,112.0,4.85960359806528,-19.400625063890878,10.080657222023527,-0.010657377354433869,-0.16149797954098885,simulation_virtual_sample
radial,-75.9375,113.5,4.85960359806528,-19.400625063890878,10.12058744511574,-0.008471758429929055,-0.16047613725776746,simulation_virtual_sample
radial,-75.9375,115.0,4.85960359806528,-19.400625063890878,10.16069146520893,-0.005862637537308731,-0.15870636103658908,simulation_virtual_sample
radial,-73.125,100.0,5.805693545089246,-19.13880671464418,9.768616180247351,-0.03742408573277844,-0.2037399881927531,simulation_virtual_sample
radial,-73.125,101.5,5.805693545089246,-19.13880671464418,9.807714525933704,-0.03435831553622717,-0.20225858085124282,simulation_virtual_sample
radial,-73.125,103.0,5.805693545089246,-19.13880671464418,9.847370497614955,-0.03100980734975043,-0.20047173459975462,simulation_virtual_sample
radial,-73.125,104.5,5.805693545089246,-19.13880671464418,9.887149525972927,-0.02760307431936951,-0.1988199368979526,simulation_virtual_sample
radial,-73.125,106.0,5.805693545089246,-19.13880671464418,9.92624991534694,-0.024184241119464323,-0.19725218129324912,simulation_virtual_sample
radial,-73.125,107.5,5.805693545089246,-19.13880671464418,9.965736363743074,-0.0202203205966638,-0.19492076263793554,simulation_virtual_sample
radial,-73.125,109.0,5.805693545089246,-19.13880671464418,10.003630248671861,-0.017274422589518286,-0.19315116074380603,simulation_virtual_sample
radial,-73.125,110.5,5.805693545089246,-19.13880671464418,10.042213630070961,-0.01500851767501232,-0.1913426800513013,simulation_virtual_sample
radial,-73.125,112.0,5.805693545089246,-19.13880671464418,10.081885119635551,-0.01308656828311282,-0.19001744052439268,simulation_virtual_sample
radial,-73.125,113.5,5.805693545089246,-19.13880671464418,10.122034357513352,-0.010364229302795937,-0.18803415746518537,simulation_virtual_sample
radial,-73.125,115.0,5.805693545089246,-19.13880671464418,10.162318879659043,-0.00730203406171167,-0.1854050747885762,simulation_virtual_sample
radial,-70.3125,100.0,6.737797067844401,-18.830881303660416,9.77212535300316,-0.04164475994214412,-0.23287127881087652,simulation_virtual_sample
radial,-70.3125,101.5,6.737797067844401,-18.830881303660416,9.811232290623728,-0.03858932373530223,-0.23146119714923044,simulation_virtual_sample
radial,-70.3125,103.0,6.737797067844401,-18.830881303660416,9.850339228244295,-0.03553388752846033,-0.23005111548758436,simulation_virtual_sample
radial,-70.3125,104.5,6.737797067844401,-18.830881303660416,9.889485873283192,-0.03204752936434946,-0.2281203947200741,simulation_virtual_sample
radial,-70.3125,106.0,6.737797067844401,-18.830881303660416,9.928965232023755,-0.028073454158254685,-0.22571466091066597,simulation_virtual_sample
radial,-70.3125,107.5,6.737797067844401,-18.830881303660416,9.968444590764316,-0.0240993789521599,-0.22330892710125785,simulation_virtual_sample
radial,-70.3125,109.0,6.737797067844401,-18.830881303660416,10.006345553248849,-0.021163618297440765,-0.22161351352850142,simulation_virtual_sample
radial,-70.3125,110.5,6.737797067844401,-18.830881303660416,10.044244215410677,-0.018229370861299287,-0.21991913516205772,simulation_virtual_sample
radial,-70.3125,112.0,6.737797067844401,-18.830881303660416,10.083378468280658,-0.014866898760105104,-0.2173819435109439,simulation_virtual_sample
radial,-70.3125,113.5,6.737797067844401,-18.830881303660416,10.123659022277822,-0.011801193817359312,-0.21468776096892073,simulation_virtual_sample
radial,-70.3125,115.0,6.737797067844401,-18.830881303660416,10.163939576274986,-0.00873548887461352,-0.21199357842689756,simulation_virtual_sample
radial,-67.5,100.0,7.653668647301797,-18.477590650225736,9.77563694446051,-0.045868343256284874,-0.2620226482060951,simulation_virtual_sample
radial,-67.5,101.5,7.653668647301797,-18.477590650225736,9.814752479937292,-0.04282324816186719,-0.2606839413856239,simulation_virtual_sample
radial,-67.5,103.0,7.653668647301797,-18.477590650225736,9.85456919229031,-0.03901766696590114,-0.2583988409895839,simulation_virtual_sample
radial,-67.5,104.5,7.653668647301797,-18.477590650225736,9.893653880360109,-0.03529696128690662,-0.2561047526476674,simulation_virtual_sample
radial,-67.5,106.0,7.653668647301797,-18.477590650225736,9.931682420235854,-0.031965347841809634,-0.25419675832639127,simulation_virtual_sample
radial,-67.5,107.5,7.653668647301797,-18.477590650225736,9.971154684434287,-0.027981110953292913,-0.25171665814107924,simulation_virtual_sample
radial,-67.5,109.0,7.653668647301797,-18.477590650225736,10.009062729352785,-0.02505549463818252,-0.25009548402408566,simulation_virtual_sample
radial,-67.5,110.5,7.653668647301797,-18.477590650225736,10.04650577233557,-0.020812800882340218,-0.24690221400867965,simulation_virtual_sample
radial,-67.5,112.0,7.653668647301797,-18.477590650225736,10.085307139840985,-0.016748251846351987,-0.24393891522228262,simulation_virtual_sample
radial,-67.5,113.5,7.653668647301797,-18.477590650225736,10.125284806844435,-0.013239148761442606,-0.24135973550092765,simulation_virtual_sample
radial,-67.5,115.0,7.653668647301797,-18.477590650225736,10.16556138995802,-0.010169931697969193,-0.23860040822332995,simulation_virtual_sample
radial,-64.68750000000001,100.0,8.55110186860564,-18.079785862468867,9.779167965815486,-0.05011529597213583,-0.2913353143039307,simulation_virtual_sample
radial,-64.68750000000001,101.5,8.55110186860564,-18.079785862468867,9.81910573221823,-0.046165130657127136,-0.2888307460061258,simulation_virtual_sample
radial,-64.68750000000001,103.0,8.55110186860564,-18.079785862468867,9.859200547400226,-0.04203824978007333,-0.2860872741435282,simulation_virtual_sample
radial,-64.68750000000001,104.5,8.55110186860564,-18.079785862468867,9.898282655874942,-0.03831691614426897,-0.28378418806606726,simulation_virtual_sample
radial,-64.68750000000001,106.0,8.55110186860564,-18.079785862468867,9.935946209659141,-0.03516365511741054,-0.2820979748864088,simulation_virtual_sample
radial,-64.68750000000001,107.5,8.55110186860564,-18.079785862468867,9.973879773254808,-0.031884320867306706,-0.2802815712769948,simulation_virtual_sample
radial,-64.68750000000001,109.0,8.55110186860564,-18.079785862468867,10.011288797366735,-0.027543660305766576,-0.2769285715628487,simulation_virtual_sample
radial,-64.68750000000001,110.5,8.55110186860564,-18.079785862468867,10.048604414596854,-0.022947908986857588,-0.2732517245718874,simulation_virtual_sample
radial,-64.68750000000001,112.0,8.55110186860564,-18.079785862468867,10.087406497627436,-0.018884087908944004,-0.2702974095643149,simulation_virtual_sample
radial,-64.68750000000001,113.5,8.55110186860564,-18.079785862468867,10.127265911434764,-0.015198631550023328,-0.2678570352763878,simulation_virtual_sample
radial,-64.68750000000001,115.0,8.55110186860564,-18.079785862468867,10.16719217725721,-0.011612311400528146,-0.26535445559486404,simulation_virtual_sample
radial,-61.87499999999999,100.0,9.427934736519957,-17.6384252869671,9.784957564039168,-0.053893764620481115,-0.3183673531999526,simulation_virtual_sample
radial,-61.87499999999999,101.5,9.427934736519957,-17.6384252869671,9.823745207638142,-0.04919100956029258,-0.31656772621707485,simulation_virtual_sample
radial,-61.87499999999999,103.0,9.427934736519957,-17.6384252869671,9.863828703153029,-0.045056745964548325,-0.3137565800262,simulation_virtual_sample
radial,-61.87499999999999,104.5,9.427934736519957,-17.6384252869671,9.902908253097113,-0.04133479738619368,-0.31144461773527565,simulation_virtual_sample
radial,-61.87499999999999,106.0,9.427934736519957,-17.6384252869671,9.940583898039243,-0.03818942500094274,-0.3098307080025979,simulation_virtual_sample
radial,-61.87499999999999,107.5,9.427934736519957,-17.6384252869671,9.976623209566355,-0.03374735165692119,-0.30664071103574386,simulation_virtual_sample
radial,-61.87499999999999,109.0,9.427934736519957,-17.6384252869671,10.013391484877921,-0.029682883950127626,-0.30332887227591104,simulation_virtual_sample
radial,-61.87499999999999,110.5,9.427934736519957,-17.6384252869671,10.050701611362745,-0.02508154647916725,-0.2995830862124156,simulation_virtual_sample
radial,-61.87499999999999,112.0,9.427934736519957,-17.6384252869671,10.089504409425658,-0.02101845285792793,-0.29663774879585236,simulation_virtual_sample
radial,-61.87499999999999,113.5,9.427934736519957,-17.6384252869671,10.129368952466885,-0.017338214858072867,-0.2942617746228567,simulation_virtual_sample
radial,-61.87499999999999,115.0,9.427934736519957,-17.6384252869671,10.169119917055847,-0.012378844077397732,-0.2903087007861143,simulation_virtual_sample
radial,-59.0625,100.0,10.282054883864433,-17.154572200005443,9.791082518029029,-0.057567691646108254,-0.34482978961432376,simulation_virtual_sample
radial,-59.0625,101.5,10.282054883864433,-17.154572200005443,9.829843351619587,-0.052855593132321535,-0.34312764313194805,simulation_virtual_sample
radial,-59.0625,103.0,10.282054883864433,-17.154572200005443,9.868604185210147,-0.048143494618534816,-0.3414254966495724,simulation_virtual_sample
radial,-59.0625,104.5,10.282054883864433,-17.154572200005443,9.907553033510245,-0.04436519432919862,-0.3392197602250818,simulation_virtual_sample
radial,-59.0625,106.0,10.282054883864433,-17.154572200005443,9.94348202806372,-0.03983726978595919,-0.3358673004855105,simulation_virtual_sample
radial,-59.0625,107.5,10.282054883864433,-17.154572200005443,9.979344372639293,-0.035256652800772205,-0.3324462065076253,simulation_virtual_sample
radial,-59.0625,109.0,10.282054883864433,-17.154572200005443,10.016064375757972,-0.0312512133032333,-0.32924627495698977,simulation_virtual_sample
radial,-59.0625,110.5,10.282054883864433,-17.154572200005443,10.052807501069658,-0.027224027960358246,-0.32602359210561965,simulation_virtual_sample
radial,-59.0625,112.0,10.282054883864433,-17.154572200005443,10.091598398675622,-0.023030009587882316,-0.3229134126567496,simulation_virtual_sample
radial,-59.0625,113.5,10.282054883864433,-17.154572200005443,10.131340976144244,-0.018028740117590102,-0.3188507024910903,simulation_virtual_sample
radial,-59.0625,115.0,10.282054883864433,-17.154572200005443,10.171083553612867,-0.013027470647297888,-0.3147879923254311,simulation_virtual_sample
radial,-56.25000000000001,100.0,11.111404660392042,-16.629392246050905,9.797194822900645,-0.06123403135966022,-0.3712375763957695,simulation_virtual_sample
radial,-56.25000000000001,101.5,11.111404660392042,-16.629392246050905,9.835970632926122,-0.056530916150742475,-0.3696001345556548,simulation_virtual_sample
radial,-56.25000000000001,103.0,11.111404660392042,-16.629392246050905,9.874690581912283,-0.05167957842562399,-0.3678386681813701,simulation_virtual_sample
radial,-56.25000000000001,104.5,11.111404660392042,-16.629392246050905,9.910779368410072,-0.04585062679803261,-0.36490186936443936,simulation_virtual_sample
radial,-56.25000000000001,106.0,11.111404660392042,-16.629392246050905,9.946204674714213,-0.04134739380048795,-0.3616868651082935,simulation_virtual_sample
radial,-56.25000000000001,107.5,11.111404660392042,-16.629392246050905,9.982059916027001,-0.03676283696959516,-0.3581984090463503,simulation_virtual_sample
radial,-56.25000000000001,109.0,11.111404660392042,-16.629392246050905,10.018787015829774,-0.032761333668872177,-0.35506577719234805,simulation_virtual_sample
radial,-56.25000000000001,110.5,11.111404660392042,-16.629392246050905,10.055687329944679,-0.028657752688454427,-0.3515556989586363,simulation_virtual_sample
radial,-56.25000000000001,112.0,11.111404660392042,-16.629392246050905,10.093662480083145,-0.023696271461559632,-0.3474182961510065,simulation_virtual_sample
radial,-56.25000000000001,113.5,11.111404660392042,-16.629392246050905,10.133305355323971,-0.018677611989921003,-0.3433392517913378,simulation_virtual_sample
radial,-56.25000000000001,115.0,11.111404660392042,-16.629392246050905,10.173043134911504,-0.013674757688086077,-0.33921672977834594,simulation_virtual_sample
radial,-53.43749999999999,100.0,11.91398608984867,-16.064150629612897,9.80332400102149,-0.06491049214293133,-0.3977182628733769,simulation_virtual_sample
radial,-53.43749999999999,101.5,11.91398608984867,-16.064150629612897,9.841940555693617,-0.05976582910946133,-0.3957466450397545,simulation_virtual_sample
radial,-53.43749999999999,103.0,11.91398608984867,-16.064150629612897,9.879826265666862,-0.05273168139627764,-0.3921015027839726,simulation_virtual_sample
radial,-53.43749999999999,104.5,11.91398608984867,-16.064150629612897,9.915913391212099,-0.04690233947414678,-0.38915656454934483,simulation_virtual_sample
radial,-53.43749999999999,106.0,11.91398608984867,-16.064150629612897,9.949491288990163,-0.042753837271234225,-0.3871884897553248,simulation_virtual_sample
radial,-53.43749999999999,107.5,11.91398608984867,-16.064150629612897,9.984782955775136,-0.03827317901689462,-0.3840217015160907,simulation_virtual_sample
radial,-53.43749999999999,109.0,11.91398608984867,-16.064150629612897,10.021735531573892,-0.034140904538921005,-0.3804359853313549,simulation_virtual_sample
radial,-53.43749999999999,110.5,11.91398608984867,-16.064150629612897,10.059367056035065,-0.02959140688611662,-0.3752354488228263,simulation_virtual_sample
radial,-53.43749999999999,112.0,11.91398608984867,-16.064150629612897,10.097343034284377,-0.024630750770962006,-0.37110478964498816,simulation_virtual_sample
radial,-53.43749999999999,113.5,11.91398608984867,-16.064150629612897,10.135565167779605,-0.019376270590300382,-0.367738691422798,simulation_virtual_sample
radial,-53.43749999999999,115.0,11.91398608984867,-16.064150629612897,10.175008125708576,-0.014323831589280004,-0.36371290368675285,simulation_virtual_sample
radial,-50.625,100.0,12.68786568327291,-15.46020906725474,9.809641116714019,-0.06757206843556954,-0.4232830487073437,simulation_virtual_sample
radial,-50.625,101.5,12.68786568327291,-15.46020906725474,9.847071089914834,-0.06081687713989562,-0.4199851513771856,simulation_virtual_sample
radial,-50.625,103.0,12.68786568327291,-15.46020906725474,9.884944275607696,-0.05378016368605742,-0.4162808398738395,simulation_virtual_sample
radial,-50.625,104.5,12.68786568327291,-15.46020906725474,9.921029745229896,-0.047950432671917606,-0.4133277869893269,simulation_virtual_sample
radial,-50.625,106.0,12.68786568327291,-15.46020906725474,9.954621014119448,-0.043804669562302556,-0.4114228814187296,simulation_virtual_sample
radial,-50.625,107.5,12.68786568327291,-15.46020906725474,9.988036419723965,-0.03938751136400221,-0.40869031202852585,simulation_virtual_sample
radial,-50.625,109.0,12.68786568327291,-15.46020906725474,10.02541220553163,-0.03507378432120818,-0.4040960941309865,simulation_virtual_sample
radial,-50.625,110.5,12.68786568327291,-15.46020906725474,10.063034135486335,-0.030521852261326272,-0.3988338151156415,simulation_virtual_sample
radial,-50.625,112.0,12.68786568327291,-15.46020906725474,10.101010912331098,-0.025562011650893036,-0.39470970475840356,simulation_virtual_sample
radial,-50.625,113.5,12.68786568327291,-15.46020906725474,10.139242019387865,-0.020309809824829925,-0.391401356591064,simulation_virtual_sample
radial,-50.625,115.0,12.68786568327291,-15.46020906725474,10.176710781394865,-0.014992329214580767,-0.3872338534308201,simulation_virtual_sample
radial,-47.8125,100.0,13.43117909694037,-14.81902250709918,9.816297633396411,-0.06763972402501638,-0.4460275104211066,simulation_virtual_sample
radial,-47.8125,101.5,13.43117909694037,-14.81902250709918,9.852815827209652,-0.06147420711095714,-0.4436363735381694,simulation_virtual_sample
radial,-47.8125,103.0,13.43117909694037,-14.81902250709918,9.890069339001279,-0.05483009095550229,-0.4404935000353031,simulation_virtual_sample
radial,-47.8125,104.5,13.43117909694037,-14.81902250709918,9.926153149731634,-0.04899997017245397,-0.4375323180735121,simulation_virtual_sample
radial,-47.8125,106.0,13.43117909694037,-14.81902250709918,9.959539519907066,-0.04453265749522517,-0.4346631714673314,simulation_virtual_sample
radial,-47.8125,107.5,13.43117909694037,-14.81902250709918,9.992535807804861,-0.03948583249407724,-0.4299578816531006,simulation_virtual_sample
radial,-47.8125,109.0,13.43117909694037,-14.81902250709918,10.029372799485351,-0.03572207432619222,-0.4269514696704405,simulation_virtual_sample
radial,-47.8125,110.5,13.43117909694037,-14.81902250709918,10.066706285455512,-0.03145358417531938,-0.4224648111729445,simulation_virtual_sample
radial,-47.8125,112.0,13.43117909694037,-14.81902250709918,10.104683835321604,-0.026494553423680144,-0.4183470870008358,simulation_virtual_sample
radial,-47.8125,113.5,13.43117909694037,-14.81902250709918,10.141852985242307,-0.021151563656791893,-0.413846539761122,simulation_virtual_sample
radial,-47.8125,115.0,13.43117909694037,-14.81902250709918,10.177721940238422,-0.015695581513194445,-0.4078283760591772,simulation_virtual_sample
radial,-45.0,100.0,14.142135623730951,-14.14213562373095,9.822922097131567,-0.06770705383430786,-0.4686624513350237,simulation_virtual_sample
radial,-45.0,101.5,14.142135623730951,-14.14213562373095,9.859456521895142,-0.06154170188858937,-0.46632677352266155,simulation_virtual_sample
radial,-45.0,103.0,14.142135623730951,-14.14213562373095,9.895990946658719,-0.055376349942870884,-0.4639910957102993,simulation_virtual_sample
radial,-45.0,104.5,14.142135623730951,-14.14213562373095,9.931044437731227,-0.049677843345743204,-0.4606446224761544,simulation_virtual_sample
radial,-45.0,106.0,14.142135623730951,-14.14213562373095,9.96402952244391,-0.04463077353134494,-0.4558863777900421,simulation_virtual_sample
radial,-45.0,107.5,14.142135623730951,-14.14213562373095,9.997014607156592,-0.03958370371694668,-0.45112813310392974,simulation_virtual_sample
radial,-45.0,109.0,14.142135623730951,-14.14213562373095,10.03386467294685,-0.03582081884488482,-0.44817545607013104,simulation_virtual_sample
radial,-45.0,110.5,14.142135623730951,-14.14213562373095,10.07071603510235,-0.03205836470526235,-0.44522338464735733,simulation_virtual_sample
radial,-45.0,112.0,14.142135623730951,-14.14213562373095,10.106995253999768,-0.027310843243363338,-0.44046054812983315,simulation_virtual_sample
radial,-45.0,113.5,14.142135623730951,-14.14213562373095,10.14286174203777,-0.021853145351567606,-0.434392139280928,simulation_virtual_sample
radial,-45.0,115.0,14.142135623730951,-14.14213562373095,10.17872823007577,-0.016395447459771884,-0.4283237304320228,simulation_virtual_sample
radial,-42.18750000000001,100.0,14.81902250709918,-13.43117909694037,9.82954656086672,-0.06777438364359938,-0.4912973922489409,simulation_virtual_sample
radial,-42.18750000000001,101.5,14.81902250709918,-13.43117909694037,9.866097216580632,-0.06160919666622161,-0.4890171735071536,simulation_virtual_sample
radial,-42.18750000000001,103.0,14.81902250709918,-13.43117909694037,9.901525886469292,-0.05514722160993328,-0.48528617546559866,simulation_virtual_sample
radial,-42.18750000000001,104.5,14.81902250709918,-13.43117909694037,9.93544825219474,-0.04937620761343776,-0.48097952973235514,simulation_virtual_sample
radial,-42.18750000000001,106.0,14.81902250709918,-13.43117909694037,9.968520602511585,-0.044728913113788585,-0.47711467735244667,simulation_virtual_sample
radial,-42.18750000000001,107.5,14.81902250709918,-13.43117909694037,10.00149507713878,-0.039681795319266494,-0.472303758038971,simulation_virtual_sample
radial,-42.18750000000001,109.0,14.81902250709918,-13.43117909694037,10.038357646342774,-0.035919587543353754,-0.46940463963165485,simulation_virtual_sample
radial,-42.18750000000001,110.5,14.81902250709918,-13.43117909694037,10.073724961751656,-0.03171336196414128,-0.46477345469233317,simulation_virtual_sample
radial,-42.18750000000001,112.0,14.81902250709918,-13.43117909694037,10.108536186777876,-0.02737363799489415,-0.46003395236826455,simulation_virtual_sample
radial,-42.18750000000001,113.5,14.81902250709918,-13.43117909694037,10.143870498833229,-0.02255472704634333,-0.454937738800734,simulation_virtual_sample
radial,-42.18750000000001,115.0,14.81902250709918,-13.43117909694037,10.179734519913117,-0.01709531340634932,-0.4488190848048685,simulation_virtual_sample
radial,-39.37499999999999,100.0,15.46020906725474,-12.687865683272907,9.836203077549113,-0.0678420392330462,-0.5140418539627037,simulation_virtual_sample
radial,-39.37499999999999,101.5,15.46020906725474,-12.687865683272907,9.871364480395993,-0.06131082221719055,-0.5099531132828394,simulation_virtual_sample
radial,-39.37499999999999,103.0,15.46020906725474,-12.687865683272907,9.90585431685132,-0.05460463978977794,-0.5049736492507996,simulation_virtual_sample
radial,-39.37499999999999,104.5,15.46020906725474,-12.687865683272907,9.939774751309457,-0.04883459772341001,-0.5006609678618019,simulation_virtual_sample
radial,-39.37499999999999,106.0,15.46020906725474,-12.687865683272907,9.97290298236855,-0.0443669985351237,-0.49727597460676065,simulation_virtual_sample
radial,-39.37499999999999,107.5,15.46020906725474,-12.687865683272907,10.005999634410601,-0.039780818665213775,-0.49358767511571916,simulation_virtual_sample
radial,-39.37499999999999,109.0,15.46020906725474,-12.687865683272907,10.041132679720432,-0.03550695180689127,-0.4886601408176703,simulation_virtual_sample
radial,-39.37499999999999,110.5,15.46020906725474,-12.687865683272907,10.075817845146233,-0.03110137866283341,-0.4831970307315731,simulation_virtual_sample
radial,-39.37499999999999,112.0,15.46020906725474,-12.687865683272907,10.110629922982458,-0.026761532072133505,-0.4784645592073008,simulation_virtual_sample
radial,-39.37499999999999,113.5,15.46020906725474,-12.687865683272907,10.145532963048243,-0.022468793828164007,-0.4742557599729415,simulation_virtual_sample
radial,-39.37499999999999,115.0,15.46020906725474,-12.687865683272907,10.180745678756674,-0.017798565704962993,-0.46941360743322547,simulation_virtual_sample
radial,-36.5625,100.0,16.0641506296129,-11.913986089848667,9.842777760925994,-0.06566110977027867,-0.5325322674908928,simulation_virtual_sample
radial,-36.5625,101.5,16.0641506296129,-11.913986089848667,9.875697503541454,-0.06076766468026896,-0.5296614768367773,simulation_virtual_sample
radial,-36.5625,103.0,16.0641506296129,-11.913986089848667,9.910176753353692,-0.05406280932053892,-0.5246338604169475,simulation_virtual_sample
radial,-36.5625,104.5,16.0641506296129,-11.913986089848667,9.944095274643944,-0.04829373590742272,-0.520315221899498,simulation_virtual_sample
radial,-36.5625,106.0,16.0641506296129,-11.913986089848667,9.977234787765402,-0.04382472438172547,-0.5169815512511579,simulation_virtual_sample
radial,-36.5625,107.5,16.0641506296129,-11.913986089848667,10.010149022920034,-0.03869615088582291,-0.5112676469485068,simulation_virtual_sample
radial,-36.5625,109.0,16.0641506296129,-11.913986089848667,10.043228125271256,-0.034894219301474266,-0.5071062714247294,simulation_virtual_sample
radial,-36.5625,110.5,16.0641506296129,-11.913986089848667,10.07790783832345,-0.030490240494496935,-0.5015951642930061,simulation_virtual_sample
radial,-36.5625,112.0,16.0641506296129,-11.913986089848667,10.112720782956089,-0.026150267018436056,-0.4968698473448987,simulation_virtual_sample
radial,-36.5625,113.5,16.0641506296129,-11.913986089848667,10.147628938197723,-0.021856033347570167,-0.492706075652602,simulation_virtual_sample
radial,-36.5625,115.0,16.0641506296129,-11.913986089848667,10.182095821839333,-0.017274066953086774,-0.48647817209762156,simulation_virtual_sample
radial,-33.74999999999999,100.0,16.629392246050905,-11.111404660392042,9.84926533696055,-0.06259936516015888,-0.5491691714242185,simulation_virtual_sample
radial,-33.74999999999999,101.5,16.629392246050905,-11.111404660392042,9.881826205632677,-0.058133730206826134,-0.5468574957574258,simulation_virtual_sample
radial,-33.74999999999999,103.0,16.629392246050905,-11.111404660392042,9.91451407937759,-0.05351911240481077,-0.5443617952239568,simulation_virtual_sample
radial,-33.74999999999999,104.5,16.629392246050905,-11.111404660392042,9.948430696403854,-0.04775100904204081,-0.5400372495413036,simulation_virtual_sample
radial,-33.74999999999999,106.0,16.629392246050905,-11.111404660392042,9.981336867886876,-0.0426151259871653,-0.5342702682591913,simulation_virtual_sample
radial,-33.74999999999999,107.5,16.629392246050905,-11.111404660392042,10.014195692419236,-0.0373504646378765,-0.5280224280944521,simulation_virtual_sample
radial,-33.74999999999999,109.0,16.629392246050905,-11.111404660392042,10.046942889006667,-0.03367172999331246,-0.5241780298263674,simulation_virtual_sample
radial,-33.74999999999999,110.5,16.629392246050905,-11.111404660392042,10.08000503889197,-0.02987699480161514,-0.5200567442567058,simulation_virtual_sample
radial,-33.74999999999999,112.0,16.629392246050905,-11.111404660392042,10.114818868542473,-0.025536889549452883,-0.5153387406432448,simulation_virtual_sample
radial,-33.74999999999999,113.5,16.629392246050905,-11.111404660392042,10.14921185354753,-0.020910964173079475,-0.5087466996175194,simulation_virtual_sample
radial,-33.74999999999999,115.0,16.629392246050905,-11.111404660392042,10.183570301639207,-0.016263121222085977,-0.5019904746462299,simulation_virtual_sample
radial,-30.937499999999996,100.0,17.154572200005443,-10.282054883864433,9.85573505309853,-0.05954604934405812,-0.5657602749874203,simulation_virtual_sample
radial,-30.937499999999996,101.5,17.154572200005443,-10.282054883864433,9.888311783480592,-0.05507292862028708,-0.5634892754904287,simulation_virtual_sample
radial,-30.937499999999996,103.0,17.154572200005443,-10.282054883864433,9.92088851386265,-0.05059980789651605,-0.561218275993437,simulation_virtual_sample
radial,-30.937499999999996,104.5,17.154572200005443,-10.282054883864433,9.952511872573792,-0.04624096608051873,-0.5567873688352607,simulation_virtual_sample
radial,-30.937499999999996,106.0,17.154572200005443,-10.282054883864433,9.985387477983709,-0.04126812932628748,-0.5510413650076111,simulation_virtual_sample
radial,-30.937499999999996,107.5,17.154572200005443,-10.282054883864433,10.018238292424991,-0.03600613166609089,-0.5447603599592675,simulation_virtual_sample
radial,-30.937499999999996,109.0,17.154572200005443,-10.282054883864433,10.05099363353981,-0.03232256199036661,-0.5409457484570116,simulation_virtual_sample
radial,-30.937499999999996,110.5,17.154572200005443,-10.282054883864433,10.083518126314202,-0.028579499898690748,-0.5366320525498602,simulation_virtual_sample
radial,-30.937499999999996,112.0,17.154572200005443,-10.282054883864433,10.116331026523024,-0.024545707649926318,-0.5310482749205633,simulation_virtual_sample
radial,-30.937499999999996,113.5,17.154572200005443,-10.282054883864433,10.150685874405092,-0.019900333106119605,-0.524254173851754,simulation_virtual_sample
radial,-30.937499999999996,115.0,17.154572200005443,-10.282054883864433,10.18504072228716,-0.015254958562312891,-0.5174600727829447,simulation_virtual_sample
radial,-28.12500000000001,100.0,17.6384252869671,-9.427934736519955,9.862218158000022,-0.05648641483908212,-0.5823857130341236,simulation_virtual_sample
radial,-28.12500000000001,101.5,17.6384252869671,-9.427934736519955,9.894738218513394,-0.05199666434784432,-0.5800518441348105,simulation_virtual_sample
radial,-28.12500000000001,103.0,17.6384252869671,-9.427934736519955,9.924987801690461,-0.047221290823664754,-0.5744754901366655,simulation_virtual_sample
radial,-28.12500000000001,104.5,17.6384252869671,-9.427934736519955,9.956379528423046,-0.04283260122687743,-0.5697157714018717,simulation_virtual_sample
radial,-28.12500000000001,106.0,17.6384252869671,-9.427934736519955,9.98936140574543,-0.038982272742611596,-0.5660930139880894,simulation_virtual_sample
radial,-28.12500000000001,107.5,17.6384252869671,-9.427934736519955,10.022296359956716,-0.034656655097333046,-0.5615623333803551,simulation_virtual_sample
radial,-28.12500000000001,109.0,17.6384252869671,-9.427934736519955,10.054317542179431,-0.030767528255867142,-0.5561242947899817,simulation_virtual_sample
radial,-28.12500000000001,110.5,17.6384252869671,-9.427934736519955,10.08594791462994,-0.026779916827402328,-0.5498281109910652,simulation_virtual_sample
radial,-28.12500000000001,112.0,17.6384252869671,-9.427934736519955,10.11863520413773,-0.02281419134380693,-0.5444163271433361,simulation_virtual_sample
radial,-28.12500000000001,113.5,17.6384252869671,-9.427934736519955,10.152187358703214,-0.018866374918298713,-0.5397282392654461,simulation_virtual_sample
radial,-28.12500000000001,115.0,17.6384252869671,-9.427934736519955,10.18651418589927,-0.014244709558851045,-0.532961684502118,simulation_virtual_sample
radial,-25.31249999999999,100.0,18.079785862468867,-8.551101868605638,9.868379139606859,-0.05308196720997986,-0.5981696800582101,simulation_virtual_sample
radial,-25.31249999999999,101.5,18.079785862468867,-8.551101868605638,9.8986029652836,-0.04859337469150724,-0.5929651121247027,simulation_virtual_sample
radial,-25.31249999999999,103.0,18.079785862468867,-8.551101868605638,9.928843124715332,-0.04382629970198641,-0.5873572705916158,simulation_virtual_sample
radial,-25.31249999999999,104.5,18.079785862468867,-8.551101868605638,9.960231185727416,-0.039438335062526045,-0.5825906956765073,simulation_virtual_sample
radial,-25.31249999999999,106.0,18.079785862468867,-8.551101868605638,9.993222354172719,-0.03557981879267603,-0.5789989956737438,simulation_virtual_sample
radial,-25.31249999999999,107.5,18.079785862468867,-8.551101868605638,10.02545943033551,-0.03168696708674406,-0.574273264429639,simulation_virtual_sample
radial,-25.31249999999999,109.0,18.079785862468867,-8.551101868605638,10.056744395747465,-0.028970118757582496,-0.5693044147636371,simulation_virtual_sample
radial,-25.31249999999999,110.5,18.079785862468867,-8.551101868605638,10.088369538452035,-0.024986380655117657,-0.562979828476904,simulation_virtual_sample
radial,-25.31249999999999,112.0,18.079785862468867,-8.551101868605638,10.121011073583311,-0.021019465486158462,-0.5575312203059175,simulation_virtual_sample
radial,-25.31249999999999,113.5,18.079785862468867,-8.551101868605638,10.15456844419661,-0.017067708871131165,-0.5528719252179473,simulation_virtual_sample
radial,-25.31249999999999,115.0,18.079785862468867,-8.551101868605638,10.187908862282976,-0.013189542660596673,-0.5476821561901888,simulation_virtual_sample
radial,-22.5,100.0,18.477590650225736,-7.653668647301796,9.872345353121592,-0.047750086500436474,-0.6082334204833593,simulation_virtual_sample
radial,-22.5,101.5,18.477590650225736,-7.653668647301796,9.902494273336465,-0.04469110761755662,-0.6051426370652305,simulation_virtual_sample
radial,-22.5,103.0,18.477590650225736,-7.653668647301796,9.932701100026376,-0.04042897298145968,-0.6002479131232306,simulation_virtual_sample
radial,-22.5,104.5,18.477590650225736,-7.653668647301796,9.96408546464916,-0.036041758602516946,-0.5954743832243233,simulation_virtual_sample
radial,-22.5,106.0,18.477590650225736,-7.653668647301796,9.996526990757326,-0.03215584887586755,-0.5910608077856233,simulation_virtual_sample
radial,-22.5,107.5,18.477590650225736,-7.653668647301796,10.028323282633073,-0.028247774756924315,-0.5856625911991261,simulation_virtual_sample
radial,-22.5,109.0,18.477590650225736,-7.653668647301796,10.059490960510013,-0.025978612389496357,-0.5811955726875251,simulation_virtual_sample
radial,-22.5,110.5,18.477590650225736,-7.653668647301796,10.090794697077426,-0.023190226488445764,-0.5761507433021064,simulation_virtual_sample
radial,-22.5,112.0,18.477590650225736,-7.653668647301796,10.123389913954302,-0.01922249539885894,-0.570662513094091,simulation_virtual_sample
radial,-22.5,113.5,18.477590650225736,-7.653668647301796,10.156444694762008,-0.015440957100526157,-0.5647762518195422,simulation_virtual_sample
radial,-22.5,115.0,18.477590650225736,-7.653668647301796,10.18877146175088,-0.011909104300568112,-0.5570896482472697,simulation_virtual_sample
radial,-19.687500000000014,100.0,18.830881303660412,-6.737797067844404,9.876289742038056,-0.04244754514795896,-0.618241783886809,simulation_virtual_sample
radial,-19.687500000000014,101.5,18.830881303660412,-6.737797067844404,9.906448319779772,-0.03937558340853727,-0.615175505161364,simulation_virtual_sample
radial,-19.687500000000014,103.0,18.830881303660412,-6.737797067844404,9.936606897521488,-0.03630362166911559,-0.6121092264359189,simulation_virtual_sample
radial,-19.687500000000014,104.5,18.830881303660412,-6.737797067844404,9.967600170663111,-0.0326179822421828,-0.6078706994097971,simulation_virtual_sample
radial,-19.687500000000014,106.0,18.830881303660412,-6.737797067844404,9.999392576401824,-0.02871457497449192,-0.6024570279464565,simulation_virtual_sample
radial,-19.687500000000014,107.5,18.830881303660412,-6.737797067844404,10.031184982140537,-0.024811167706801047,-0.597043356483116,simulation_virtual_sample
radial,-19.687500000000014,109.0,18.830881303660412,-6.737797067844404,10.062358407295838,-0.022533089188762664,-0.5925913764364674,simulation_virtual_sample
radial,-19.687500000000014,110.5,18.830881303660412,-6.737797067844404,10.0935249053871,-0.020273199862164967,-0.5881501587597633,simulation_virtual_sample
radial,-19.687500000000014,112.0,18.830881303660412,-6.737797067844404,10.12498009225297,-0.01769301723458514,-0.5818656034779366,simulation_virtual_sample
radial,-19.687500000000014,113.5,18.830881303660412,-6.737797067844404,10.157304703453805,-0.01416436447566621,-0.5741554889256768,simulation_virtual_sample
radial,-19.687500000000014,115.0,18.830881303660412,-6.737797067844404,10.18962931465464,-0.010635711716747277,-0.566445374373417,simulation_virtual_sample
radial,-16.874999999999993,100.0,19.13880671464418,-5.8056935450892455,9.880231414152274,-0.03714865606115752,-0.6282432537651161,simulation_virtual_sample
radial,-16.874999999999993,101.5,19.13880671464418,-5.8056935450892455,9.910399642768954,-0.03406372040748,-0.6252014628540994,simulation_virtual_sample
radial,-16.874999999999993,103.0,19.13880671464418,-5.8056935450892455,9.94001986992864,-0.030868927990263997,-0.62116182942395,simulation_virtual_sample
radial,-16.874999999999993,104.5,19.13880671464418,-5.8056935450892455,9.97011712706146,-0.027940520891695384,-0.6164324015520132,simulation_virtual_sample
radial,-16.874999999999993,106.0,19.13880671464418,-5.8056935450892455,10.00210732512079,-0.024715976312223453,-0.6126072035382082,simulation_virtual_sample
radial,-16.874999999999993,107.5,19.13880671464418,-5.8056935450892455,10.034058362196323,-0.021360533518397947,-0.6084705744356946,simulation_virtual_sample
radial,-16.874999999999993,109.0,19.13880671464418,-5.8056935450892455,10.06457289727591,-0.01943625991610874,-0.6022373932465738,simulation_virtual_sample
radial,-16.874999999999993,110.5,19.13880671464418,-5.8056935450892455,10.094934303103118,-0.01761283913298795,-0.5956260346135199,simulation_virtual_sample
radial,-16.874999999999993,112.0,19.13880671464418,-5.8056935450892455,10.12628135201662,-0.015754027785733545,-0.5897086964586931,simulation_virtual_sample
radial,-16.874999999999993,113.5,19.13880671464418,-5.8056935450892455,10.158164119791856,-0.012888651137758724,-0.5835282658340546,simulation_virtual_sample
radial,-16.874999999999993,115.0,19.13880671464418,-5.8056935450892455,10.190486576689512,-0.009363196215765953,-0.5757946564956171,simulation_virtual_sample
radial,-14.062500000000005,100.0,19.400625063890878,-4.859603598065279,9.884189424610973,-0.03182780292641635,-0.6382861800242375,simulation_virtual_sample
radial,-14.062500000000005,101.5,19.400625063890878,-4.859603598065279,9.913627374797487,-0.028595042727512746,-0.6339153047832743,simulation_virtual_sample
radial,-14.062500000000005,103.0,19.400625063890878,-4.859603598065279,9.9423682314696,-0.02523529616385137,-0.6282691913541508,simulation_virtual_sample
radial,-14.062500000000005,104.5,19.400625063890878,-4.859603598065279,9.972696260277674,-0.022592651936743778,-0.6237761009063628,simulation_virtual_sample
radial,-14.062500000000005,106.0,19.400625063890878,-4.859603598065279,10.004462078064833,-0.019519682372589667,-0.6198993948535094,simulation_virtual_sample
radial,-14.062500000000005,107.5,19.400625063890878,-4.859603598065279,10.035589861157783,-0.01778494008498261,-0.6153210795530236,simulation_virtual_sample
radial,-14.062500000000005,109.0,19.400625063890878,-4.859603598065279,10.065782954382698,-0.01688907829491504,-0.609166035442196,simulation_virtual_sample
radial,-14.062500000000005,110.5,19.400625063890878,-4.859603598065279,10.096349992150397,-0.015120402047688343,-0.6026387731411234,simulation_virtual_sample
radial,-14.062500000000005,112.0,19.400625063890878,-4.859603598065279,10.12782811191992,-0.013446439880241272,-0.59664670553323,simulation_virtual_sample
radial,-14.062500000000005,113.5,19.400625063890878,-4.859603598065279,10.159440654702664,-0.010986764829883667,-0.5914460439458764,simulation_virtual_sample
radial,-14.062500000000005,115.0,19.400625063890878,-4.859603598065279,10.191347392100218,-0.008085406101368537,-0.5851826916615911,simulation_virtual_sample
radial,-11.25000000000001,100.0,19.61570560806461,-3.901806440322569,9.886534747142127,-0.025623015609174796,-0.6447508783068544,simulation_virtual_sample
radial,-11.25000000000001,101.5,19.61570560806461,-3.901806440322569,9.915978346852054,-0.02295514837623371,-0.6410305674837409,simulation_virtual_sample
radial,-11.25000000000001,103.0,19.61570560806461,-3.901806440322569,9.944714847537366,-0.019605851662575294,-0.6353712705757577,simulation_virtual_sample
radial,-11.25000000000001,104.5,19.61570560806461,-3.901806440322569,9.975430907748848,-0.017136351362443018,-0.6311618241249692,simulation_virtual_sample
radial,-11.25000000000001,106.0,19.61570560806461,-3.901806440322569,10.006815633440949,-0.014326031136929917,-0.6271878775443192,simulation_virtual_sample
radial,-11.25000000000001,107.5,19.61570560806461,-3.901806440322569,10.036974790143049,-0.014266193331489969,-0.621756157745569,simulation_virtual_sample
radial,-11.25000000000001,109.0,19.61570560806461,-3.901806440322569,10.066992850709664,-0.014342235116768277,-0.6160937570317818,simulation_virtual_sample
radial,-11.25000000000001,110.5,19.61570560806461,-3.901806440322569,10.097922787295785,-0.012663878765322325,-0.6097290186033426,simulation_virtual_sample
radial,-11.25000000000001,112.0,19.61570560806461,-3.901806440322569,10.129380011082903,-0.011110512821387017,-0.6036144240932114,simulation_virtual_sample
radial,-11.25000000000001,113.5,19.61570560806461,-3.901806440322569,10.160990843134202,-0.008674061954522406,-0.5983994317226861,simulation_virtual_sample
radial,-11.25000000000001,115.0,19.61570560806461,-3.901806440322569,10.192079187016514,-0.0062954520688308846,-0.5909209122181045,simulation_virtual_sample
radial,-8.437499999999996,100.0,19.78353019929562,-2.934609489107234,9.887646784110652,-0.018818986139307794,-0.6484662478778292,simulation_virtual_sample
radial,-8.437499999999996,101.5,19.78353019929562,-2.934609489107234,9.917336756042396,-0.016365691118640356,-0.645423464417485,simulation_virtual_sample
radial,-8.437499999999996,103.0,19.78353019929562,-2.934609489107234,9.94699676041397,-0.014123020765124745,-0.6421033618512597,simulation_virtual_sample
radial,-8.437499999999996,104.5,19.78353019929562,-2.934609489107234,9.977550460548093,-0.011737543008568895,-0.6375081684597623,simulation_virtual_sample
radial,-8.437499999999996,106.0,19.78353019929562,-2.934609489107234,10.007867400594277,-0.010373107578723765,-0.6325243966963484,simulation_virtual_sample
radial,-8.437499999999996,107.5,19.78353019929562,-2.934609489107234,10.037857029193407,-0.010605973560023067,-0.6269421171929175,simulation_virtual_sample
radial,-8.437499999999996,109.0,19.78353019929562,-2.934609489107234,10.067846657792538,-0.010838839541322367,-0.6213598376894868,simulation_virtual_sample
radial,-8.437499999999996,110.5,19.78353019929562,-2.934609489107234,10.098961188683022,-0.009977555594109786,-0.6154586777726376,simulation_virtual_sample
radial,-8.437499999999996,112.0,19.78353019929562,-2.934609489107234,10.13051533683713,-0.008463356051003842,-0.6095933315787725,simulation_virtual_sample
radial,-8.437499999999996,113.5,19.78353019929562,-2.934609489107234,10.161771341980879,-0.006487649069566217,-0.6020074437700674,simulation_virtual_sample
radial,-8.437499999999996,115.0,19.78353019929562,-2.934609489107234,10.192706740060219,-0.0041397948115979195,-0.5938635681935147,simulation_virtual_sample
radial,-5.625000000000006,100.0,19.90369453344394,-1.9603428065912143,9.888754995120426,-0.01203836590567491,-0.6521688347346245,simulation_virtual_sample
radial,-5.625000000000006,101.5,19.90369453344394,-1.9603428065912143,9.918448183190563,-0.00956539285178112,-0.6491367965490014,simulation_virtual_sample
radial,-5.625000000000006,103.0,19.90369453344394,-1.9603428065912143,9.947281367596467,-0.008777339330353125,-0.644936839540852,simulation_virtual_sample
radial,-5.625000000000006,104.5,19.90369453344394,-1.9603428065912143,9.97762303770153,-0.0066162213833756145,-0.6403497575706718,simulation_virtual_sample
radial,-5.625000000000006,106.0,19.90369453344394,-1.9603428065912143,10.007663196071748,-0.006368606843759368,-0.6349369625156862,simulation_virtual_sample
radial,-5.625000000000006,107.5,19.90369453344394,-1.9603428065912143,10.037622057859318,-0.006663061248571587,-0.6293276543818533,simulation_virtual_sample
radial,-5.625000000000006,109.0,19.90369453344394,-1.9603428065912143,10.067753211228597,-0.006906311675100096,-0.6235998465052975,simulation_virtual_sample
radial,-5.625000000000006,110.5,19.90369453344394,-1.9603428065912143,10.098571147383852,-0.006725676510833348,-0.6175034970107327,simulation_virtual_sample
radial,-5.625000000000006,112.0,19.90369453344394,-1.9603428065912143,10.130202612243444,-0.005283231320734339,-0.6115910670685019,simulation_virtual_sample
radial,-5.625000000000006,113.5,19.90369453344394,-1.9603428065912143,10.162398527620995,-0.004333253851017832,-0.6049483769550553,simulation_virtual_sample
radial,-5.625000000000006,115.0,19.90369453344394,-1.9603428065912143,10.193332134010182,-0.001991554084554577,-0.5967960999727864,simulation_virtual_sample
radial,-2.8124999999999902,100.0,19.97590912410345,-0.981353486548357,9.889864734403604,-0.005248394888222492,-0.6558765276271623,simulation_virtual_sample
radial,-2.8124999999999902,101.5,19.97590912410345,-0.981353486548357,9.919130763239817,-0.0036041942479293097,-0.6522682608075806,simulation_virtual_sample
radial,-2.8124999999999902,103.0,19.97590912410345,-0.981353486548357,9.94773473220756,-0.003265219707162523,-0.6477570202133554,simulation_virtual_sample
radial,-2.8124999999999902,104.5,19.97590912410345,-0.981353486548357,9.97761146463514,-0.0018541205274989576,-0.6430523350865881,simulation_virtual_sample
radial,-2.8124999999999902,106.0,19.97590912410345,-0.981353486548357,10.007475802029278,-0.0023377821814262625,-0.6373599931292154,simulation_virtual_sample
radial,-2.8124999999999902,107.5,19.97590912410345,-0.981353486548357,10.03738747642931,-0.002726691682482903,-0.6317092330849928,simulation_virtual_sample
radial,-2.8124999999999902,109.0,19.97590912410345,-0.981353486548357,10.067735929886524,-0.0029858832834469638,-0.6257579797178348,simulation_virtual_sample
radial,-2.8124999999999902,110.5,19.97590912410345,-0.981353486548357,10.098302371944637,-0.003261064401922463,-0.6195825740585796,simulation_virtual_sample
radial,-2.8124999999999902,112.0,19.97590912410345,-0.981353486548357,10.129987779612962,-0.0022000464896761397,-0.613525380130868,simulation_virtual_sample
radial,-2.8124999999999902,113.5,19.97590912410345,-0.981353486548357,10.162395895869901,-0.0014840249673186957,-0.6071364596285298,simulation_virtual_sample
radial,-2.8124999999999902,115.0,19.97590912410345,-0.981353486548357,10.193958390406861,0.00015964916419603705,-0.5997326758468116,simulation_virtual_sample
radial,0.0,100.0,20.0,0.0,9.890981385815577,0.0015838681836780279,-0.6596073142780218,simulation_virtual_sample
radial,0.0,101.5,20.0,0.0,9.919585354783322,0.0019228427244448029,-0.6550960736837965,simulation_virtual_sample
radial,0.0,103.0,20.0,0.0,9.948189323751064,0.002261817265211589,-0.6505848330895715,simulation_virtual_sample
radial,0.0,104.5,20.0,0.0,9.977423476932007,0.002189473708631332,-0.6454830418137726,simulation_virtual_sample
radial,0.0,106.0,20.0,0.0,10.007287814326144,0.0017058120547040272,-0.6397906998563999,simulation_virtual_sample
radial,0.0,107.5,20.0,0.0,10.037152151720282,0.0012221504007767221,-0.6340983578990274,simulation_virtual_sample
radial,0.0,109.0,20.0,0.0,10.067718593778395,0.0009469692823012165,-0.6279229522397723,simulation_virtual_sample
radial,0.0,110.5,20.0,0.0,10.098285035836508,0.0006717881638257174,-0.6217475465805172,simulation_virtual_sample
radial,0.0,112.0,20.0,0.0,10.129772314994032,0.0008922083657666953,-0.6154653834997206,simulation_virtual_sample
radial,0.0,113.5,20.0,0.0,10.162180431250968,0.0016082298881241399,-0.6090764629973824,simulation_virtual_sample
radial,0.0,115.0,20.0,0.0,10.194588547507907,0.002324251410481577,-0.6026875424950441,simulation_virtual_sample
radial,2.8124999999999902,100.0,19.97590912410345,0.981353486548357,9.888972907523824,0.009333232990618083,-0.6559004518392634,simulation_virtual_sample
radial,2.8124999999999902,101.5,19.97590912410345,0.981353486548357,9.918651784408208,0.008673380366408983,-0.6524236113254139,simulation_virtual_sample
radial,2.8124999999999902,103.0,19.97590912410345,0.981353486548357,9.947255753375952,0.00901235490717577,-0.6479123707311888,simulation_virtual_sample
radial,2.8124999999999902,104.5,19.97590912410345,0.981353486548357,9.976506507852928,0.008180553490818107,-0.6426058961146462,simulation_virtual_sample
radial,2.8124999999999902,106.0,19.97590912410345,0.981353486548357,10.006370845247066,0.007696891836890803,-0.6369135541572736,simulation_virtual_sample
radial,2.8124999999999902,107.5,19.97590912410345,0.981353486548357,10.036969601867725,0.006374080600204368,-0.6314022716037999,simulation_virtual_sample
radial,2.8124999999999902,109.0,19.97590912410345,0.981353486548357,10.068005124502623,0.005180961156191306,-0.6255904842701691,simulation_virtual_sample
radial,2.8124999999999902,110.5,19.97590912410345,0.981353486548357,10.098571566560734,0.004905780037715807,-0.619415078610914,simulation_virtual_sample
radial,2.8124999999999902,112.0,19.97590912410345,0.981353486548357,10.130564771320177,0.004293316930874539,-0.6138310398776338,simulation_virtual_sample
radial,2.8124999999999902,113.5,19.97590912410345,0.981353486548357,10.162972887577114,0.005009338453231983,-0.6074421193752954,simulation_virtual_sample
radial,2.8124999999999902,115.0,19.97590912410345,0.981353486548357,10.194477933176277,0.004272357752155571,-0.5996217996354797,simulation_virtual_sample
radial,5.625000000000006,100.0,19.90369453344394,1.9603428065912143,9.886976861814421,0.01703462883692179,-0.6522165350667419,simulation_virtual_sample
radial,5.625000000000006,101.5,19.90369453344394,1.9603428065912143,9.917356186759449,0.01574171630308688,-0.6494083751681852,simulation_virtual_sample
radial,5.625000000000006,103.0,19.90369453344394,1.9603428065912143,9.946324555275043,0.015745738913234733,-0.6452466993054247,simulation_virtual_sample
radial,5.625000000000006,104.5,19.90369453344394,1.9603428065912143,9.97570183194134,0.014403222435077639,-0.6397159732942314,simulation_virtual_sample
radial,5.625000000000006,106.0,19.90369453344394,1.9603428065912143,10.005456772941587,0.013669045351950342,-0.6340454975756429,simulation_virtual_sample
radial,5.625000000000006,107.5,19.90369453344394,1.9603428065912143,10.036787628703744,0.011509735468519768,-0.6287147024459293,simulation_virtual_sample
radial,5.625000000000006,109.0,19.90369453344394,1.9603428065912143,10.068290750054956,0.009401577534489126,-0.6232653847405573,simulation_virtual_sample
radial,5.625000000000006,110.5,19.90369453344394,1.9603428065912143,10.09924551981482,0.0088663527855749,-0.6173661876823471,simulation_virtual_sample
radial,5.625000000000006,112.0,19.90369453344394,1.9603428065912143,10.13135508000244,0.0076852081173516655,-0.6122011255066833,simulation_virtual_sample
radial,5.625000000000006,113.5,19.90369453344394,1.9603428065912143,10.163519033258694,0.008007380017196957,-0.6054265598193989,simulation_virtual_sample
radial,5.625000000000006,115.0,19.90369453344394,1.9603428065912143,10.19436800355296,0.006208405216909033,-0.5965750338794864,simulation_virtual_sample
radial,8.437499999999996,100.0,19.78353019929562,2.934609489107234,9.884983564952085,0.024725418734027418,-0.6485376915867666,simulation_virtual_sample
radial,8.437499999999996,101.5,19.78353019929562,2.934609489107234,9.915356817493073,0.02345593551698158,-0.6457183244142543,simulation_virtual_sample
radial,8.437499999999996,103.0,19.78353019929562,2.934609489107234,9.945512977440927,0.02222940402087863,-0.6424147402849315,simulation_virtual_sample
radial,8.437499999999996,104.5,19.78353019929562,2.934609489107234,9.9749481037273,0.020758632334451722,-0.6368097877678458,simulation_virtual_sample
radial,8.437499999999996,106.0,19.78353019929562,2.934609489107234,10.004797691036938,0.019358033877388568,-0.6312359137743192,simulation_virtual_sample
radial,8.437499999999996,107.5,19.78353019929562,2.934609489107234,10.036605353177649,0.016653923614046957,-0.6260226676895639,simulation_virtual_sample
radial,8.437499999999996,109.0,19.78353019929562,2.934609489107234,10.068413015318363,0.013949813350705342,-0.6208094216048087,simulation_virtual_sample
radial,8.437499999999996,110.5,19.78353019929562,2.934609489107234,10.100107278576065,0.01270954295384721,-0.6154460755132315,simulation_virtual_sample
radial,8.437499999999996,112.0,19.78353019929562,2.934609489107234,10.13219902745208,0.01141460268277638,-0.6103546329566736,simulation_virtual_sample
radial,8.437499999999996,113.5,19.78353019929562,2.934609489107234,10.163408922670213,0.009946614585993921,-0.6023747785048321,simulation_virtual_sample
radial,8.437499999999996,115.0,19.78353019929562,2.934609489107234,10.194258225318823,0.00814178646095835,-0.5935324639658405,simulation_virtual_sample
radial,11.25000000000001,100.0,19.61570560806461,3.901806440322569,9.88298338648371,0.03244276011334631,-0.6448461473636252,simulation_virtual_sample
radial,11.25000000000001,101.5,19.61570560806461,3.901806440322569,9.913293826489625,0.030467561419597992,-0.6411078366530505,simulation_virtual_sample
radial,11.25000000000001,103.0,19.61570560806461,3.901806440322569,9.943475624134324,0.026838436573296667,-0.6353108151835615,simulation_virtual_sample
radial,11.25000000000001,104.5,19.61570560806461,3.901806440322569,9.973110025648916,0.025570141426850254,-0.6302970132834552,simulation_virtual_sample
radial,11.25000000000001,106.0,19.61570560806461,3.901806440322569,10.003899373552828,0.02337633455906536,-0.6257922127558069,simulation_virtual_sample
radial,11.25000000000001,107.5,19.61570560806461,3.901806440322569,10.035727355233803,0.02062807513492343,-0.6206742680977891,simulation_virtual_sample
radial,11.25000000000001,109.0,19.61570560806461,3.901806440322569,10.067522463794488,0.01784241795639635,-0.6153129856664709,simulation_virtual_sample
radial,11.25000000000001,110.5,19.61570560806461,3.901806440322569,10.099296032283299,0.01532386455703157,-0.6090205598330127,simulation_virtual_sample
radial,11.25000000000001,112.0,19.61570560806461,3.901806440322569,10.131176130478206,0.013871920220677066,-0.6033611773147559,simulation_virtual_sample
radial,11.25000000000001,113.5,19.61570560806461,3.901806440322569,10.1630160877489,0.011935060546687661,-0.5982438367932948,simulation_virtual_sample
radial,11.25000000000001,115.0,19.61570560806461,3.901806440322569,10.194148068089175,0.010081842459928768,-0.5904793899632745,simulation_virtual_sample
radial,14.062500000000005,100.0,19.400625063890878,4.859603598065279,9.880232054117489,0.038953177784912196,-0.6382117021546909,simulation_virtual_sample
radial,14.062500000000005,101.5,19.400625063890878,4.859603598065279,9.911061559227077,0.03532581150459901,-0.6338078157835552,simulation_virtual_sample
radial,14.062500000000005,103.0,19.400625063890878,4.859603598065279,9.94124772320621,0.031687183878326655,-0.6280250732192054,simulation_virtual_sample
radial,14.062500000000005,104.5,19.400625063890878,4.859603598065279,9.970991725536278,0.029946072575714345,-0.6228541765796479,simulation_virtual_sample
radial,14.062500000000005,106.0,19.400625063890878,4.859603598065279,10.002584703460798,0.027075314432713125,-0.6186760477370573,simulation_virtual_sample
radial,14.062500000000005,107.5,19.400625063890878,4.859603598065279,10.034537190040078,0.024057190838627285,-0.6141413115507633,simulation_virtual_sample
radial,14.062500000000005,109.0,19.400625063890878,4.859603598065279,10.066261078900297,0.020797544093092448,-0.6079325493792501,simulation_virtual_sample
radial,14.062500000000005,110.5,19.400625063890878,4.859603598065279,10.097962904169172,0.017536680350870013,-0.6012136184193482,simulation_virtual_sample
radial,14.062500000000005,112.0,19.400625063890878,4.859603598065279,10.129838004921197,0.016022040234796277,-0.5956249946933453,simulation_virtual_sample
radial,14.062500000000005,113.5,19.400625063890878,4.859603598065279,10.16167315657376,0.014067143323727858,-0.5905161649234246,simulation_virtual_sample
radial,14.062500000000005,115.0,19.400625063890878,4.859603598065279,10.193596308210967,0.011741942046877023,-0.5845907222478335,simulation_virtual_sample
radial,16.874999999999993,100.0,19.13880671464418,5.8056935450892455,9.876516560325772,0.04376507067721194,-0.6277431967699341,simulation_virtual_sample
radial,16.874999999999993,101.5,19.13880671464418,5.8056935450892455,9.908019879142708,0.04016143993129734,-0.6247773439192519,simulation_virtual_sample
radial,16.874999999999993,103.0,19.13880671464418,5.8056935450892455,9.939017645433156,0.03654066881369739,-0.6207322124775626,simulation_virtual_sample
radial,16.874999999999993,104.5,19.13880671464418,5.8056935450892455,9.969200317861151,0.034045842051105814,-0.6155462475700638,simulation_virtual_sample
radial,16.874999999999993,106.0,19.13880671464418,5.8056935450892455,10.001269351010823,0.03077621420119057,-0.6115561891895801,simulation_virtual_sample
radial,16.874999999999993,107.5,19.13880671464418,5.8056935450892455,10.033192176869747,0.027475566954635055,-0.6071963577979834,simulation_virtual_sample
radial,16.874999999999993,109.0,19.13880671464418,5.8056935450892455,10.064999545658692,0.023753017772656447,-0.6005512451026864,simulation_virtual_sample
radial,16.874999999999993,110.5,19.13880671464418,5.8056935450892455,10.096661889413689,0.02006492997327404,-0.5935974627185335,simulation_virtual_sample
radial,16.874999999999993,112.0,19.13880671464418,5.8056935450892455,10.128497854949776,0.018149707479113302,-0.5879133267931066,simulation_virtual_sample
radial,16.874999999999993,113.5,19.13880671464418,5.8056935450892455,10.16041345489009,0.01585492874627334,-0.5820501872304612,simulation_virtual_sample
radial,16.874999999999993,115.0,19.13880671464418,5.8056935450892455,10.192463157780734,0.013006005344344714,-0.5750009118829856,simulation_virtual_sample
radial,19.687500000000014,100.0,18.830881303660412,6.737797067844404,9.872816403789509,0.04855710046795809,-0.6173179045219251,simulation_virtual_sample
radial,19.687500000000014,101.5,18.830881303660412,6.737797067844404,9.904310663063427,0.044965202631073675,-0.6143265261609894,simulation_virtual_sample
radial,19.687500000000014,103.0,18.830881303660412,6.737797067844404,9.935804922337345,0.04137330479418927,-0.6113351478000536,simulation_virtual_sample
radial,19.687500000000014,104.5,18.830881303660412,6.737797067844404,9.967301160099563,0.03766814859186132,-0.6070601655525413,simulation_virtual_sample
radial,19.687500000000014,106.0,18.830881303660412,6.737797067844404,9.99862839935046,0.034284587646675975,-0.6013488232128106,simulation_virtual_sample
radial,19.687500000000014,107.5,18.830881303660412,6.737797067844404,10.029970357080321,0.0308949763270874,-0.5956461165405579,simulation_virtual_sample
radial,19.687500000000014,109.0,18.830881303660412,6.737797067844404,10.062570799833821,0.02698803535737964,-0.5906817917496888,simulation_virtual_sample
radial,19.687500000000014,110.5,18.830881303660412,6.737797067844404,10.09517124258732,0.023081094387671877,-0.5857174669588198,simulation_virtual_sample
radial,19.687500000000014,112.0,18.830881303660412,6.737797067844404,10.127229607407417,0.01996902446297675,-0.5795012386584137,simulation_virtual_sample
radial,19.687500000000014,113.5,18.830881303660412,6.737797067844404,10.159282146155254,0.017116937577277117,-0.5724759630659481,simulation_virtual_sample
radial,19.687500000000014,115.0,18.830881303660412,6.737797067844404,10.191334684903092,0.014264850691577482,-0.5654506874734826,simulation_virtual_sample
radial,22.5,100.0,18.477590650225736,7.653668647301796,9.869113696915901,0.053352433171000864,-0.6068854266286958,simulation_virtual_sample
radial,22.5,101.5,18.477590650225736,7.653668647301796,9.9005988904025,0.04977227633006832,-0.6038685051640179,simulation_virtual_sample
radial,22.5,103.0,18.477590650225736,7.653668647301796,9.932085143579206,0.04504340256017769,-0.5990801842208502,simulation_virtual_sample
radial,22.5,104.5,18.477590650225736,7.653668647301796,9.963762058870987,0.04080959988151242,-0.5943852669228149,simulation_virtual_sample
radial,22.5,106.0,18.477590650225736,7.653668647301796,9.995417664293615,0.03769369961344835,-0.5898315559094477,simulation_virtual_sample
radial,22.5,107.5,18.477590650225736,7.653668647301796,10.026761684174424,0.03430043253651218,-0.5841430069312382,simulation_virtual_sample
radial,22.5,109.0,18.477590650225736,7.653668647301796,10.059357216436986,0.03039870321110342,-0.5791610780039688,simulation_virtual_sample
radial,22.5,110.5,18.477590650225736,7.653668647301796,10.0922696677335,0.026235130503918448,-0.5737045528734573,simulation_virtual_sample
radial,22.5,112.0,18.477590650225736,7.653668647301796,10.125558397629009,0.02188538430999841,-0.5683051719736244,simulation_virtual_sample
radial,22.5,113.5,18.477590650225736,7.653668647301796,10.158150057664512,0.01837981624938548,-0.5628951398559147,simulation_virtual_sample
radial,22.5,115.0,18.477590650225736,7.653668647301796,10.190205434224161,0.015524563699479844,-0.555893880560319,simulation_virtual_sample
radial,25.31249999999999,100.0,18.079785862468867,8.551101868605638,9.865390502688808,0.058174298807795996,-0.5963952250566408,simulation_virtual_sample
radial,25.31249999999999,101.5,18.079785862468867,8.551101868605638,9.896883074061588,0.05322965213989726,-0.5913036643922995,simulation_virtual_sample
radial,25.31249999999999,103.0,18.079785862468867,8.551101868605638,9.928378829287436,0.04801933508585289,-0.5858165880193417,simulation_virtual_sample
radial,25.31249999999999,104.5,18.079785862468867,8.551101868605638,9.96005746366398,0.04378514620089133,-0.5811279501783677,simulation_virtual_sample
radial,25.31249999999999,106.0,18.079785862468867,8.551101868605638,9.991992365153266,0.04091879802716395,-0.5775581579603939,simulation_virtual_sample
radial,25.31249999999999,107.5,18.079785862468867,8.551101868605638,10.023550647308175,0.03770839768458572,-0.5726314225113485,simulation_virtual_sample
radial,25.31249999999999,109.0,18.079785862468867,8.551101868605638,10.056415726656896,0.033584379752922916,-0.5672368597130953,simulation_virtual_sample
radial,25.31249999999999,110.5,18.079785862468867,8.551101868605638,10.090034898288723,0.02883528591983103,-0.5607569737446177,simulation_virtual_sample
radial,25.31249999999999,112.0,18.079785862468867,8.551101868605638,10.1233077491416,0.024504726452154152,-0.5554088069204102,simulation_virtual_sample
radial,25.31249999999999,113.5,18.079785862468867,8.551101868605638,10.156268542516296,0.020551293586590923,-0.5510803924288512,simulation_virtual_sample
radial,25.31249999999999,115.0,18.079785862468867,8.551101868605638,10.189069935316942,0.01679124679347538,-0.5462841951212193,simulation_virtual_sample
radial,28.12500000000001,100.0,17.6384252869671,9.427934736519955,9.859595764149706,0.061081265945967377,-0.5804129144140799,simulation_virtual_sample
radial,28.12500000000001,101.5,17.6384252869671,9.427934736519955,9.893170260901979,0.05621080283938534,-0.5780168110269386,simulation_virtual_sample
radial,28.12500000000001,103.0,17.6384252869671,9.427934736519955,9.924675074500456,0.05099321249343427,-0.572562151385904,simulation_virtual_sample
radial,28.12500000000001,104.5,17.6384252869671,9.427934736519955,9.95635541348522,0.04675864834296548,-0.5678797411079749,simulation_virtual_sample
radial,28.12500000000001,106.0,17.6384252869671,9.427934736519955,9.988281342650234,0.043899506777510346,-0.5642778404036046,simulation_virtual_sample
radial,28.12500000000001,107.5,17.6384252869671,9.427934736519955,10.020168000460604,0.04052591211963699,-0.5598981391100917,simulation_virtual_sample
radial,28.12500000000001,109.0,17.6384252869671,9.427934736519955,10.054179423227675,0.03618631996053536,-0.5542803931417509,simulation_virtual_sample
radial,28.12500000000001,110.5,17.6384252869671,9.427934736519955,10.087803384737104,0.03143165310235076,-0.5478282582772778,simulation_virtual_sample
radial,28.12500000000001,112.0,17.6384252869671,9.427934736519955,10.12105991148121,0.027120797307078507,-0.5425285480923624,simulation_virtual_sample
radial,28.12500000000001,113.5,17.6384252869671,9.427934736519955,10.154015769892522,0.02317310783397812,-0.5381718559334256,simulation_virtual_sample
radial,28.12500000000001,115.0,17.6384252869671,9.427934736519955,10.18763810237954,0.017510722112385503,-0.531579796283831,simulation_virtual_sample
radial,30.937499999999996,100.0,17.154572200005443,10.282054883864433,9.853496844828983,0.06364900168531631,-0.5636285052057548,simulation_virtual_sample
radial,30.937499999999996,101.5,17.154572200005443,10.282054883864433,9.88712301932223,0.058796003133321284,-0.5612897303231139,simulation_virtual_sample
radial,30.937499999999996,103.0,17.154572200005443,10.282054883864433,9.920749193815476,0.05394300458132626,-0.558950955440473,simulation_virtual_sample
radial,30.937499999999996,104.5,17.154572200005443,10.282054883864433,9.952638011553194,0.04974448107728493,-0.5545765940364569,simulation_virtual_sample
radial,30.937499999999996,106.0,17.154572200005443,10.282054883864433,9.984430239312612,0.04566483502365112,-0.5491385338451049,simulation_virtual_sample
radial,30.937499999999996,107.5,17.154572200005443,10.282054883864433,10.016206145680322,0.04127006720216587,-0.5432408175594979,simulation_virtual_sample
radial,30.937499999999996,109.0,17.154572200005443,10.282054883864433,10.051009418178593,0.03778862135052852,-0.5393122353417158,simulation_virtual_sample
radial,30.937499999999996,110.5,17.154572200005443,10.282054883864433,10.08556434623432,0.03403677556948418,-0.534855945515854,simulation_virtual_sample
radial,30.937499999999996,112.0,17.154572200005443,10.282054883864433,10.118873116565489,0.029569936504974935,-0.5293798405781535,simulation_virtual_sample
radial,30.937499999999996,113.5,17.154572200005443,10.282054883864433,10.152520054208942,0.02385198771970162,-0.522755162009196,simulation_virtual_sample
radial,30.937499999999996,115.0,17.154572200005443,10.282054883864433,10.186166991852396,0.018134038934428307,-0.5161304834402387,simulation_virtual_sample
radial,33.74999999999999,100.0,16.629392246050905,11.111404660392042,9.847410520860286,0.06621143459413946,-0.5468787587846251,simulation_virtual_sample
radial,33.74999999999999,101.5,16.629392246050905,11.111404660392042,9.881021783723202,0.06136471406028557,-0.5444989466472998,simulation_virtual_sample
radial,33.74999999999999,103.0,16.629392246050905,11.111404660392042,9.914715115385064,0.05641992839997497,-0.5419472605575868,simulation_virtual_sample
radial,33.74999999999999,104.5,16.629392246050905,11.111404660392042,9.94859992188831,0.05082345711865565,-0.5378728104120305,simulation_virtual_sample
radial,33.74999999999999,106.0,16.629392246050905,11.111404660392042,9.980479094459929,0.04640858756278538,-0.5325145590543251,simulation_virtual_sample
radial,33.74999999999999,107.5,16.629392246050905,11.111404660392042,10.012259477046184,0.042011369871250454,-0.5266473450224393,simulation_virtual_sample
radial,33.74999999999999,109.0,16.629392246050905,11.111404660392042,10.047054945920646,0.038531389774075164,-0.5226859530530851,simulation_virtual_sample
radial,33.74999999999999,110.5,16.629392246050905,11.111404660392042,10.081774341527767,0.034966488462171534,-0.5183708048737942,simulation_virtual_sample
radial,33.74999999999999,112.0,16.629392246050905,11.111404660392042,10.117235085857754,0.03017254484780026,-0.5137028224628191,simulation_virtual_sample
radial,33.74999999999999,113.5,16.629392246050905,11.111404660392042,10.151048387326254,0.024475540272346077,-0.5073000064293212,simulation_virtual_sample
radial,33.74999999999999,115.0,16.629392246050905,11.111404660392042,10.184698919429872,0.018756068496485388,-0.5007130761726347,simulation_virtual_sample
radial,36.5625,100.0,16.0641506296129,11.913986089848667,9.841307395363627,0.06878094119611358,-0.5300827740537503,simulation_virtual_sample
radial,36.5625,101.5,16.0641506296129,11.913986089848667,9.875157487973006,0.0636417165844811,-0.5271581822004002,simulation_virtual_sample
radial,36.5625,103.0,16.0641506296129,11.913986089848667,9.910072274438145,0.05724893878324568,-0.5221207149388355,simulation_virtual_sample
radial,36.5625,104.5,16.0641506296129,11.913986089848667,9.943959552454283,0.05165148353050228,-0.5180520680970548,simulation_virtual_sample
radial,36.5625,106.0,16.0641506296129,11.913986089848667,9.976408858271618,0.04716706215589811,-0.5153392610351185,simulation_virtual_sample
radial,36.5625,107.5,16.0641506296129,11.913986089848667,10.008308920790967,0.04275340275210416,-0.5100375272738461,simulation_virtual_sample
radial,36.5625,109.0,16.0641506296129,11.913986089848667,10.043018650148895,0.03918377934641311,-0.5056795033638812,simulation_virtual_sample
radial,36.5625,110.5,16.0641506296129,11.913986089848667,10.077359612539441,0.03518300851567249,-0.4995999758503748,simulation_virtual_sample
radial,36.5625,112.0,16.0641506296129,11.913986089848667,10.112818834477757,0.030389139566887054,-0.49492552043644805,simulation_virtual_sample
radial,36.5625,113.5,16.0641506296129,11.913986089848667,10.149073480189614,0.025031135843575,-0.49125050004078163,simulation_virtual_sample
radial,36.5625,115.0,16.0641506296129,11.913986089848667,10.18322679433779,0.01937981519472101,-0.48525310856800924,simulation_virtual_sample
radial,39.37499999999999,100.0,15.46020906725474,12.687865683272907,9.835267400138916,0.07070519984204678,-0.5114856525506568,simulation_virtual_sample
radial,39.37499999999999,101.5,15.46020906725474,12.687865683272907,9.870519296281826,0.06446989681196497,-0.5073514905206479,simulation_virtual_sample
radial,39.37499999999999,103.0,15.46020906725474,12.687865683272907,9.905445398817252,0.058075098450500205,-0.5023623468149407,simulation_virtual_sample
radial,39.37499999999999,104.5,15.46020906725474,12.687865683272907,9.939335157113886,0.05247665952890225,-0.49829955707230017,simulation_virtual_sample
radial,39.37499999999999,106.0,15.46020906725474,12.687865683272907,9.971772380299115,0.047994394176280764,-0.49553514059847464,simulation_virtual_sample
radial,39.37499999999999,107.5,15.46020906725474,12.687865683272907,10.004357176206382,0.043397679152843815,-0.49244248717962924,simulation_virtual_sample
radial,39.37499999999999,109.0,15.46020906725474,12.687865683272907,10.038607632615923,0.03940011737186344,-0.48692445494535624,simulation_virtual_sample
radial,39.37499999999999,110.5,15.46020906725474,12.687865683272907,10.072960072408579,0.035398783632793585,-0.4808937277892901,simulation_virtual_sample
radial,39.37499999999999,112.0,15.46020906725474,12.687865683272907,10.108417777193006,0.030604989092707313,-0.4762128216427528,simulation_virtual_sample
radial,39.37499999999999,113.5,15.46020906725474,12.687865683272907,10.144661662656393,0.025247513104977887,-0.47249205012966916,simulation_virtual_sample
radial,39.37499999999999,115.0,15.46020906725474,12.687865683272907,10.18138929513158,0.019823157697594098,-0.46829908933553444,simulation_virtual_sample
radial,42.18750000000001,100.0,14.81902250709918,13.43117909694037,9.829510339695549,0.07097548050926919,-0.48876770720782886,simulation_virtual_sample
radial,42.18750000000001,101.5,14.81902250709918,13.43117909694037,9.865429471141345,0.06507439126002582,-0.4863659422113641,simulation_virtual_sample
radial,42.18750000000001,103.0,14.81902250709918,13.43117909694037,9.900812134171751,0.058902398920939646,-0.4825766953338716,simulation_virtual_sample
radial,42.18750000000001,104.5,14.81902250709918,13.43117909694037,9.934704393446054,0.05330297189012681,-0.47851984455445296,simulation_virtual_sample
radial,42.18750000000001,106.0,14.81902250709918,13.43117909694037,9.967357571425326,0.04864493663051976,-0.47523584455860596,simulation_virtual_sample
radial,42.18750000000001,107.5,14.81902250709918,13.43117909694037,10.000520287382818,0.04359263982865866,-0.4709109004340008,simulation_virtual_sample
radial,42.18750000000001,109.0,14.81902250709918,13.43117909694037,10.034353749875525,0.03961063353607094,-0.46738720303428827,simulation_virtual_sample
radial,42.18750000000001,110.5,14.81902250709918,13.43117909694037,10.068554465111697,0.03561485631361892,-0.4621616829609975,simulation_virtual_sample
radial,42.18750000000001,112.0,14.81902250709918,13.43117909694037,10.104010650650011,0.030821136284844813,-0.4574743171859957,simulation_virtual_sample
radial,42.18750000000001,113.5,14.81902250709918,13.43117909694037,10.140929871695546,0.025370203525001186,-0.4530890896377492,simulation_virtual_sample
radial,42.18750000000001,115.0,14.81902250709918,13.43117909694037,10.178675806342182,0.019806025372074935,-0.4479584435534304,simulation_virtual_sample
radial,45.0,100.0,14.142135623730951,14.14213562373095,9.823781001071783,0.0712444597012037,-0.466159154981273,simulation_virtual_sample
radial,45.0,101.5,14.142135623730951,14.14213562373095,9.859686104681398,0.06534402902641159,-0.4637020347182173,simulation_virtual_sample
radial,45.0,103.0,14.142135623730951,14.14213562373095,9.895591208291014,0.0594435983516195,-0.4612449144551616,simulation_virtual_sample
radial,45.0,104.5,14.142135623730951,14.14213562373095,9.93035983295144,0.053894576806000086,-0.45803302845551797,simulation_virtual_sample
radial,45.0,106.0,14.142135623730951,14.14213562373095,9.963530720056056,0.04883958954366786,-0.4537600426756756,simulation_virtual_sample
radial,45.0,107.5,14.142135623730951,14.14213562373095,9.99670283044855,0.043786613127866206,-0.44948836021778954,simulation_virtual_sample
radial,45.0,109.0,14.142135623730951,14.14213562373095,10.03052675470331,0.03980509149391757,-0.44591113679552985,simulation_virtual_sample
radial,45.0,110.5,14.142135623730951,14.14213562373095,10.064350678958071,0.035823569859968936,-0.44233391337327016,simulation_virtual_sample
radial,45.0,112.0,14.142135623730951,14.14213562373095,10.100470290903903,0.03091724835890226,-0.4378779103829968,simulation_virtual_sample
radial,45.0,113.5,14.142135623730951,14.14213562373095,10.13822283732344,0.02535311195114407,-0.4327968269617142,simulation_virtual_sample
radial,45.0,115.0,14.142135623730951,14.14213562373095,10.175975383742978,0.019788975543385885,-0.42771574354043157,simulation_virtual_sample
radial,47.8125,100.0,13.43117909694037,14.81902250709918,9.818051662448017,0.07151343889313821,-0.4435506027547171,simulation_virtual_sample
radial,47.8125,101.5,13.43117909694037,14.81902250709918,9.853942738221452,0.0656136667927974,-0.44103812722507035,simulation_virtual_sample
radial,47.8125,103.0,13.43117909694037,14.81902250709918,9.890027639246345,0.05930905380610708,-0.4379512738277707,simulation_virtual_sample
radial,47.8125,104.5,13.43117909694037,14.81902250709918,9.925599374506609,0.05362727779287289,-0.43505703189351563,simulation_virtual_sample
radial,47.8125,106.0,13.43117909694037,14.81902250709918,9.959704817612698,0.04903419418967019,-0.4322895660439468,simulation_virtual_sample
radial,47.8125,107.5,13.43117909694037,14.81902250709918,9.992886327069382,0.04398053797486273,-0.42807117109599824,simulation_virtual_sample
radial,47.8125,109.0,13.43117909694037,14.81902250709918,10.026700715468737,0.03999950087849125,-0.42444043502135165,simulation_virtual_sample
radial,47.8125,110.5,13.43117909694037,14.81902250709918,10.061246190402194,0.035520986475274186,-0.42027872722059423,simulation_virtual_sample
radial,47.8125,112.0,13.43117909694037,14.81902250709918,10.097795970802133,0.03060667931123901,-0.41654499635808,simulation_virtual_sample
radial,47.8125,113.5,13.43117909694037,14.81902250709918,10.135515802951337,0.02533602037728696,-0.412504564285679,simulation_virtual_sample
radial,47.8125,115.0,13.43117909694037,14.81902250709918,10.173274961143772,0.019771925714696832,-0.40747304352743263,simulation_virtual_sample
radial,50.62499999999998,100.0,12.687865683272916,15.460209067254736,9.812294602004652,0.07178371956036063,-0.42083265741188935,simulation_virtual_sample
radial,50.62499999999998,101.5,12.687865683272916,15.460209067254736,9.84842989751945,0.0653839161677424,-0.4176305374413864,simulation_virtual_sample
radial,50.62499999999998,103.0,12.687865683272916,15.460209067254736,9.884688712324216,0.058744695233905755,-0.41412524604115875,simulation_virtual_sample
radial,50.62499999999998,104.5,12.687865683272916,15.460209067254736,9.920262267253614,0.05306311157128631,-0.41123912474388424,simulation_virtual_sample
radial,50.62499999999998,106.0,12.687865683272916,15.460209067254736,9.954872438356906,0.04872783796056762,-0.4092234738830648,simulation_virtual_sample
radial,50.62499999999998,107.5,12.687865683272916,15.460209067254736,9.989052317389005,0.044175352355142875,-0.4065557413265515,simulation_virtual_sample
radial,50.62499999999998,109.0,12.687865683272916,15.460209067254736,10.023664507383856,0.03965401893941332,-0.4023715309557436,simulation_virtual_sample
radial,50.62499999999998,110.5,12.687865683272916,15.460209067254736,10.05862453220441,0.034899706120522,-0.3979720335649345,simulation_virtual_sample
radial,50.62499999999998,112.0,12.687865683272916,15.460209067254736,10.095172412158503,0.02998528837883097,-0.3942302743394338,simulation_virtual_sample
radial,50.62499999999998,113.5,12.687865683272916,15.460209067254736,10.132853190094075,0.024956639470811275,-0.3909577961107206,simulation_virtual_sample
radial,50.62499999999998,115.0,12.687865683272916,15.460209067254736,10.170561472354374,0.019754793389177665,-0.38713239774532887,simulation_virtual_sample
radial,53.43750000000003,100.0,11.91398608984866,16.064150629612904,9.806179905582226,0.06980908315979112,-0.39545609617077376,simulation_virtual_sample
radial,53.43750000000003,101.5,11.91398608984866,16.064150629612904,9.84308528778931,0.0648189568865481,-0.3937791489889437,simulation_virtual_sample
radial,53.43750000000003,103.0,11.91398608984866,16.064150629612904,9.879357137885822,0.05818111386605356,-0.39033203018180457,simulation_virtual_sample
radial,53.43750000000003,104.5,11.91398608984866,16.064150629612904,9.914932509978408,0.052499722289153915,-0.3874540183382049,simulation_virtual_sample
radial,53.43750000000003,106.0,11.91398608984866,16.064150629612904,9.949528727054998,0.04816297364895836,-0.38537609484606017,simulation_virtual_sample
radial,53.43750000000003,107.5,11.91398608984866,16.064150629612904,9.985146815712886,0.04302589361840612,-0.3825284364470142,simulation_virtual_sample
radial,53.43750000000003,109.0,11.91398608984866,16.064150629612904,10.021039610794679,0.039031971150922065,-0.3800372830579654,simulation_virtual_sample
radial,53.43750000000003,110.5,11.91398608984866,16.064150629612904,10.056006479399104,0.03427928017139671,-0.3756960168241834,simulation_virtual_sample
radial,53.43750000000003,112.0,11.91398608984866,16.064150629612904,10.09255247131419,0.029364754323663554,-0.3719463235735232,simulation_virtual_sample
radial,53.43750000000003,113.5,11.91398608984866,16.064150629612904,10.13022684156901,0.024334587753849907,-0.36861934470876223,simulation_virtual_sample
radial,53.43750000000003,115.0,11.91398608984866,16.064150629612904,10.169453766020004,0.019359960774275837,-0.363992063473481,simulation_virtual_sample
radial,56.25000000000001,100.0,11.111404660392042,16.629392246050905,9.799972835549669,0.06695339112337816,-0.3692267189538064,simulation_virtual_sample
radial,56.25000000000001,101.5,11.111404660392042,16.629392246050905,9.837013517699663,0.06234769300379167,-0.3679060608172831,simulation_virtual_sample
radial,56.25000000000001,103.0,11.111404660392042,16.629392246050905,9.874007156859061,0.05761558680460366,-0.3664566712453238,simulation_virtual_sample
radial,56.25000000000001,104.5,11.111404660392042,16.629392246050905,9.909584352388359,0.051934387976575534,-0.36358679685226525,simulation_virtual_sample
radial,56.25000000000001,106.0,11.111404660392042,16.629392246050905,9.94528262658823,0.0467404637350895,-0.36072269587623274,simulation_virtual_sample
radial,56.25000000000001,107.5,11.111404660392042,16.629392246050905,9.981239955951768,0.0413481198180884,-0.3576907504284159,simulation_virtual_sample
radial,56.25000000000001,109.0,11.111404660392042,16.629392246050905,10.01742327205907,0.037596259633559864,-0.3557355061539597,simulation_virtual_sample
radial,56.25000000000001,110.5,11.111404660392042,16.629392246050905,10.053379383059568,0.0336567110862369,-0.3533430520862536,simulation_virtual_sample
radial,56.25000000000001,112.0,11.111404660392042,16.629392246050905,10.089923490251058,0.028742079088989788,-0.3495854810749132,simulation_virtual_sample
radial,56.25000000000001,113.5,11.111404660392042,16.629392246050905,10.12939900516449,0.02377747016695221,-0.3448022824453355,simulation_virtual_sample
radial,56.25000000000001,115.0,11.111404660392042,16.629392246050905,10.168997126404546,0.018817411264625248,-0.3399240190860909,simulation_virtual_sample
radial,59.0625,100.0,10.282054883864433,17.154572200005443,9.793782853197968,0.06410556063096107,-0.3430695495941103,simulation_virtual_sample
radial,59.0625,101.5,10.282054883864433,17.154572200005443,9.830808379661752,0.059492889821812965,-0.341684847680318,simulation_virtual_sample
radial,59.0625,103.0,10.282054883864433,17.154572200005443,9.867833906125533,0.054880219012664856,-0.3403001457665258,simulation_virtual_sample
radial,59.0625,104.5,10.282054883864433,17.154572200005443,9.905380881960037,0.05038049956835326,-0.33876562028941737,simulation_virtual_sample
radial,59.0625,106.0,10.282054883864433,17.154572200005443,9.941376497174101,0.0450642109735876,-0.33588937138607344,simulation_virtual_sample
radial,59.0625,107.5,10.282054883864433,17.154572200005443,9.977344005105623,0.0396760640692229,-0.3329221763372056,simulation_virtual_sample
radial,59.0625,109.0,10.282054883864433,17.154572200005443,10.01351698385009,0.035918731282339876,-0.3309014537524927,simulation_virtual_sample
radial,59.0625,110.5,10.282054883864433,17.154572200005443,10.049767551095368,0.032159352668765843,-0.32881170839225393,simulation_virtual_sample
radial,59.0625,112.0,10.282054883864433,17.154572200005443,10.089343270012108,0.028193821963418176,-0.32556114927977364,simulation_virtual_sample
radial,59.0625,113.5,10.282054883864433,17.154572200005443,10.128942506950944,0.023235088661860304,-0.3207416909099039,simulation_virtual_sample
radial,59.0625,115.0,10.282054883864433,17.154572200005443,10.168541743889778,0.018276355360302428,-0.3159222325400342,simulation_virtual_sample
radial,61.87499999999999,100.0,9.427934736519957,17.6384252869671,9.78758006097825,0.061251836691572,-0.31685824924207817,simulation_virtual_sample
radial,61.87499999999999,101.5,9.427934736519957,17.6384252869671,9.82463335099489,0.05660982809851035,-0.3153820157212831,simulation_virtual_sample
radial,61.87499999999999,103.0,9.427934736519957,17.6384252869671,9.863049546892492,0.051258589594136345,-0.3130377456940125,simulation_virtual_sample
radial,61.87499999999999,104.5,9.427934736519957,17.6384252869671,9.900701994759979,0.04672108654378589,-0.3114429769519488,simulation_virtual_sample
radial,61.87499999999999,106.0,9.427934736519957,17.6384252869671,9.93739427079073,0.04320659872188833,-0.3107904692662526,simulation_virtual_sample
radial,61.87499999999999,107.5,9.427934736519957,17.6384252869671,9.973440000889951,0.038000723302539084,-0.3081023628543186,simulation_virtual_sample
radial,61.87499999999999,109.0,9.427934736519957,17.6384252869671,10.009801672522855,0.0342305541852459,-0.30585070008943777,simulation_virtual_sample
radial,61.87499999999999,110.5,9.427934736519957,17.6384252869671,10.048131192253853,0.030391725304505013,-0.3019651254384987,simulation_virtual_sample
radial,61.87499999999999,112.0,9.427934736519957,17.6384252869671,10.087807254386059,0.02653221272887924,-0.29894854650651076,simulation_virtual_sample
radial,61.87499999999999,113.5,9.427934736519957,17.6384252869671,10.128452481622329,0.02265781319886748,-0.2965574215710968,simulation_virtual_sample
radial,61.87499999999999,115.0,9.427934736519957,17.6384252869671,10.168085418982997,0.01773417976704816,-0.2918707754617535,simulation_virtual_sample
radial,64.68749999999999,100.0,8.551101868605647,18.079785862468864,9.781620475952286,0.05807786363498738,-0.29005640146462114,simulation_virtual_sample
radial,64.68749999999999,101.5,8.551101868605647,18.079785862468864,9.819993643958185,0.05292013522520524,-0.28806324879502704,simulation_virtual_sample
radial,64.68749999999999,103.0,8.551101868605647,18.079785862468864,9.858421038352429,0.047577802242866195,-0.2857849159308711,simulation_virtual_sample
radial,64.68749999999999,104.5,8.551101868605647,18.079785862468864,9.896041278481455,0.043075885211891526,-0.2842264438041525,simulation_virtual_sample
radial,64.68749999999999,106.0,8.551101868605647,18.079785862468864,9.932721913649715,0.03955229293374349,-0.2835059586015039,simulation_virtual_sample
radial,64.68749999999999,107.5,8.551101868605647,18.079785862468864,9.96975889426765,0.03615484394041293,-0.2824535514230767,simulation_virtual_sample
radial,64.68749999999999,109.0,8.551101868605647,18.079785862468864,10.008167791238789,0.032465603127815316,-0.27904476466964856,simulation_virtual_sample
radial,64.68749999999999,110.5,8.551101868605647,18.079785862468864,10.046501564397452,0.02863136888422706,-0.2752289730000971,simulation_virtual_sample
radial,64.68749999999999,112.0,8.551101868605647,18.079785862468864,10.086175200160206,0.024771313417035527,-0.2722024820340155,simulation_virtual_sample
radial,64.68749999999999,113.5,8.551101868605647,18.079785862468864,10.126816439111511,0.020892610740634227,-0.269745997182793,simulation_virtual_sample
radial,64.68749999999999,115.0,8.551101868605647,18.079785862468864,10.167469726751786,0.016965035882411102,-0.26729044996718715,simulation_virtual_sample
radial,67.49999999999997,100.0,7.653668647301805,18.47759065022573,9.777373159224714,0.053114273753812356,-0.2608384096989473,simulation_virtual_sample
radial,67.49999999999997,101.5,7.653668647301805,18.47759065022573,9.815452460995818,0.04890780229242422,-0.26026022914283764,simulation_virtual_sample
radial,67.49999999999997,103.0,7.653668647301805,18.47759065022573,9.853789074708759,0.04389426724588431,-0.2585117423897045,simulation_virtual_sample
radial,67.49999999999997,104.5,7.653668647301805,18.47759065022573,9.891376207419755,0.039427277952563726,-0.25698448063797014,simulation_virtual_sample
radial,67.49999999999997,106.0,7.653668647301805,18.47759065022573,9.928688904856354,0.036126095034466434,-0.2556331249135632,simulation_virtual_sample
radial,67.49999999999997,107.5,7.653668647301805,18.47759065022573,9.9676137657671,0.033399113398107555,-0.25293004914944767,simulation_virtual_sample
radial,67.49999999999997,109.0,7.653668647301805,18.47759065022573,10.006430400330814,0.03050032796413933,-0.2516850747574287,simulation_virtual_sample
radial,67.49999999999997,110.5,7.653668647301805,18.47759065022573,10.044870789571428,0.02686977348455178,-0.2484740030417584,simulation_virtual_sample
radial,67.49999999999997,112.0,7.653668647301805,18.47759065022573,10.084542010781043,0.023009189335418456,-0.24543781469700549,simulation_virtual_sample
radial,67.49999999999997,113.5,7.653668647301805,18.47759065022573,10.12520327082974,0.019040760785253043,-0.242955840248469,simulation_virtual_sample
radial,67.49999999999997,115.0,7.653668647301805,18.47759065022573,10.165922789994497,0.014865083950289692,-0.24057071082915962,simulation_virtual_sample
radial,70.31250000000001,100.0,6.737797067844396,18.830881303660416,9.773149213901874,0.048177996662211044,-0.23178119367824154,simulation_virtual_sample
radial,70.31250000000001,101.5,6.737797067844396,18.830881303660416,9.811217824495676,0.04395903104913033,-0.23112946675145826,simulation_virtual_sample
radial,70.31250000000001,103.0,6.737797067844396,18.830881303660416,9.849286435089475,0.0397400654360496,-0.23047773982467495,simulation_virtual_sample
radial,70.31250000000001,104.5,6.737797067844396,18.830881303660416,9.887619658465793,0.03609818883883976,-0.22883298127159737,simulation_virtual_sample
radial,70.31250000000001,106.0,6.737797067844396,18.830881303660416,9.926554673666516,0.0333856394688288,-0.22614485124538294,simulation_virtual_sample
radial,70.31250000000001,107.5,6.737797067844396,18.830881303660416,9.96548003836265,0.030658029227208648,-0.2235634606861062,simulation_virtual_sample
radial,70.31250000000001,109.0,6.737797067844396,18.830881303660416,10.004291282648229,0.02775231919451459,-0.22224429964808257,simulation_virtual_sample
radial,70.31250000000001,110.5,6.737797067844396,18.830881303660416,10.04310252693381,0.02484660916182053,-0.220925138610059,simulation_virtual_sample
radial,70.31250000000001,112.0,6.737797067844396,18.830881303660416,10.082937777832967,0.021117792849992524,-0.21863786282708073,simulation_virtual_sample
radial,70.31250000000001,113.5,6.737797067844396,18.830881303660416,10.123661071643987,0.016947240061423716,-0.21631793165393076,simulation_virtual_sample
radial,70.31250000000001,115.0,6.737797067844396,18.830881303660416,10.164384365455005,0.012776687272854902,-0.21399800048078071,simulation_virtual_sample
radial,73.125,100.0,5.805693545089246,19.13880671464418,9.768928177933152,0.043245119562083906,-0.20274399158400314,simulation_virtual_sample
radial,73.125,101.5,5.805693545089246,19.13880671464418,9.80698610471348,0.03901366840298821,-0.2020187689435552,simulation_virtual_sample
radial,73.125,103.0,5.805693545089246,19.13880671464418,9.846161589617266,0.034370014435125454,-0.20104326820441978,simulation_virtual_sample
radial,73.125,104.5,5.805693545089246,19.13880671464418,9.885621428043379,0.032097956611612556,-0.19920317749044178,simulation_virtual_sample
radial,73.125,106.0,5.805693545089246,19.13880671464418,9.924422327352852,0.03064760417491647,-0.19668262055920988,simulation_virtual_sample
radial,73.125,107.5,5.805693545089246,19.13880671464418,9.96334737928347,0.027918317475997306,-0.19421157563267516,simulation_virtual_sample
radial,73.125,109.0,5.805693545089246,19.13880671464418,10.002153235989748,0.025005686311620024,-0.1928182650927867,simulation_virtual_sample
radial,73.125,110.5,5.805693545089246,19.13880671464418,10.041221209204265,0.02189219143853121,-0.1918864386288094,simulation_virtual_sample
radial,73.125,112.0,5.805693545089246,19.13880671464418,10.081371286450597,0.018649790010054287,-0.19130457342332263,simulation_virtual_sample
radial,73.125,113.5,5.805693545089246,19.13880671464418,10.122119934688733,0.01485516130539318,-0.18969837062384853,simulation_virtual_sample
radial,73.125,115.0,5.805693545089246,19.13880671464418,10.162847000546128,0.010689729033896363,-0.1874435927898406,simulation_virtual_sample
radial,75.9375,100.0,4.85960359806528,19.400625063890878,9.76468964564872,0.03829179554424752,-0.17358642945044558,simulation_virtual_sample
radial,75.9375,101.5,4.85960359806528,19.400625063890878,9.804009933339296,0.03359653926847727,-0.1725868487264403,simulation_virtual_sample
radial,75.9375,103.0,4.85960359806528,19.400625063890878,9.844399716954902,0.028522182168693996,-0.17141878357483173,simulation_virtual_sample
radial,75.9375,104.5,4.85960359806528,19.400625063890878,9.883826592551001,0.02634778381121164,-0.16955062653867886,simulation_virtual_sample
radial,75.9375,106.0,4.85960359806528,19.400625063890878,9.922423119168787,0.026674120446099136,-0.16707875599170377,simulation_virtual_sample
radial,75.9375,107.5,4.85960359806528,19.400625063890878,9.961205476461243,0.025166730788137616,-0.16473246851824994,simulation_virtual_sample
radial,75.9375,109.0,4.85960359806528,19.400625063890878,10.000336019909456,0.022009075789647954,-0.16393297350367592,simulation_virtual_sample
radial,75.9375,110.5,4.85960359806528,19.400625063890878,10.039619418276882,0.018741178923801557,-0.16344293497704385,simulation_virtual_sample
radial,75.9375,112.0,4.85960359806528,19.400625063890878,10.079769627082527,0.015497564124575175,-0.16284983470183845,simulation_virtual_sample
radial,75.9375,113.5,4.85960359806528,19.400625063890878,10.120547900971502,0.012271543389197987,-0.1621820589464449,simulation_virtual_sample
radial,75.9375,115.0,4.85960359806528,19.400625063890878,10.161303263215407,0.008594120292906559,-0.16077911631391886,simulation_virtual_sample
radial,78.74999999999999,100.0,3.9018064403225705,19.61570560806461,9.761831631574111,0.03214475169910554,-0.14323343183193213,simulation_virtual_sample
radial,78.74999999999999,101.5,3.9018064403225705,19.61570560806461,9.80224695608477,0.02774504074975685,-0.14294379126000709,simulation_virtual_sample
radial,78.74999999999999,103.0,3.9018064403225705,19.61570560806461,9.842641389213037,0.022686115849329343,-0.14185390395820452,simulation_virtual_sample
radial,78.74999999999999,104.5,3.9018064403225705,19.61570560806461,9.882035017355337,0.02060805612936549,-0.13995193908300438,simulation_virtual_sample
radial,78.74999999999999,106.0,3.9018064403225705,19.61570560806461,9.920626650031634,0.02091871388484695,-0.1373992155275038,simulation_virtual_sample
radial,78.74999999999999,107.5,3.9018064403225705,19.61570560806461,9.959631429850381,0.0216266965645856,-0.13555252398121714,simulation_virtual_sample
radial,78.74999999999999,109.0,3.9018064403225705,19.61570560806461,9.998733599972486,0.0188568258992789,-0.1354783003315249,simulation_virtual_sample
radial,78.74999999999999,110.5,3.9018064403225705,19.61570560806461,10.038020897976258,0.015596600323558758,-0.135057508869987,simulation_virtual_sample
radial,78.74999999999999,112.0,3.9018064403225705,19.61570560806461,10.078171230149529,0.012351759037732486,-0.13445305570602753,simulation_virtual_sample
radial,78.74999999999999,113.5,3.9018064403225705,19.61570560806461,10.118945593318834,0.009118041614767102,-0.13371580293905563,simulation_virtual_sample
radial,78.74999999999999,115.0,3.9018064403225705,19.61570560806461,10.160529085929342,0.006765988056473798,-0.1330366989854421,simulation_virtual_sample
radial,81.56249999999997,100.0,2.9346094891072436,19.78353019929562,9.76003806534822,0.02516558442936277,-0.11229501078994511,simulation_virtual_sample
radial,81.56249999999997,101.5,2.9346094891072436,19.78353019929562,9.800462392868196,0.021180035675884983,-0.11244923882953024,simulation_virtual_sample
radial,81.56249999999997,103.0,2.9346094891072436,19.78353019929562,9.840878113582738,0.016833626991455217,-0.11220582954092519,simulation_virtual_sample
radial,81.56249999999997,104.5,2.9346094891072436,19.78353019929562,9.880238048536805,0.014851048722634867,-0.11026414336217769,simulation_virtual_sample
radial,81.56249999999997,106.0,2.9346094891072436,19.78353019929562,9.919322406011629,0.01624712502106642,-0.10810190196086467,simulation_virtual_sample
radial,81.56249999999997,107.5,2.9346094891072436,19.78353019929562,9.958468436581631,0.017329391557747282,-0.10635547024841469,simulation_virtual_sample
radial,81.56249999999997,109.0,2.9346094891072436,19.78353019929562,9.99736768571384,0.015079438966700952,-0.1065864234883381,simulation_virtual_sample
radial,81.56249999999997,110.5,2.9346094891072436,19.78353019929562,10.036417927426294,0.01244326727782519,-0.10659305829028148,simulation_virtual_sample
radial,81.56249999999997,112.0,2.9346094891072436,19.78353019929562,10.076568375362536,0.009197180448213525,-0.10597707942696494,simulation_virtual_sample
radial,81.56249999999997,113.5,2.9346094891072436,19.78353019929562,10.118315700779883,0.0070255649134421646,-0.1053483904893309,simulation_virtual_sample
radial,81.56249999999997,115.0,2.9346094891072436,19.78353019929562,10.160339886956724,0.005157149377087814,-0.1047702154055069,simulation_virtual_sample
radial,84.37500000000001,100.0,1.9603428065912065,19.90369453344394,9.758250669879772,0.01821042895675536,-0.08146303326206748,simulation_virtual_sample
radial,84.37500000000001,101.5,1.9603428065912065,19.90369453344394,9.798670311357371,0.014206645764477863,-0.08153642862874971,simulation_virtual_sample
radial,84.37500000000001,103.0,1.9603428065912065,19.90369453344394,9.83908995283497,0.010202862572200364,-0.08160982399543192,simulation_virtual_sample
radial,84.37500000000001,104.5,1.9603428065912065,19.90369453344394,9.87896691238064,0.010251816743553653,-0.0809840140662494,simulation_virtual_sample
radial,84.37500000000001,106.0,1.9603428065912065,19.90369453344394,9.918155692986506,0.011883335883940367,-0.0789895499706464,simulation_virtual_sample
radial,84.37500000000001,107.5,1.9603428065912065,19.90369453344394,9.957309278757476,0.013046258666696042,-0.07725470570743938,simulation_virtual_sample
radial,84.37500000000001,109.0,1.9603428065912065,19.90369453344394,9.996205767994455,0.010786108156276066,-0.07741637152200169,simulation_virtual_sample
radial,84.37500000000001,110.5,1.9603428065912065,19.90369453344394,10.035102257231436,0.008525957645856092,-0.07757803733656399,simulation_virtual_sample
radial,84.37500000000001,112.0,1.9603428065912065,19.90369453344394,10.076102042170046,0.007282816421469998,-0.07761922678599015,simulation_virtual_sample
radial,84.37500000000001,113.5,1.9603428065912065,19.90369453344394,10.118126690546232,0.005418331161113421,-0.07711010466774883,simulation_virtual_sample
radial,84.37500000000001,115.0,1.9603428065912065,19.90369453344394,10.160151338922416,0.0035538459007568445,-0.07660098254950751,simulation_virtual_sample
radial,87.18750000000001,100.0,0.9813534865483581,19.97590912410345,9.756460809511646,0.011245682008292736,-0.05058853703432874,simulation_virtual_sample
radial,87.18750000000001,101.5,0.9813534865483581,19.97590912410345,9.796875758484601,0.007223639231094756,-0.05058098825617423,simulation_virtual_sample
radial,87.18750000000001,103.0,0.9813534865483581,19.97590912410345,9.838361614551316,0.006286082764646214,-0.05064939740296807,simulation_virtual_sample
radial,87.18750000000001,104.5,0.9813534865483581,19.97590912410345,9.878321135263302,0.006461157624940467,-0.05044455789018916,simulation_virtual_sample
radial,87.18750000000001,106.0,0.9813534865483581,19.97590912410345,9.9169869919138,0.007512110967618292,-0.04982759131647767,simulation_virtual_sample
radial,87.18750000000001,107.5,0.9813534865483581,19.97590912410345,9.956148356480398,0.008756606054009639,-0.04810964441242821,simulation_virtual_sample
radial,87.18750000000001,109.0,0.9813534865483581,19.97590912410345,9.995099737301691,0.006518660268175468,-0.048221967838203456,simulation_virtual_sample
radial,87.18750000000001,110.5,0.9813534865483581,19.97590912410345,10.035058960256054,0.004847395758394234,-0.04868478133506888,simulation_virtual_sample
radial,87.18750000000001,112.0,0.9813534865483581,19.97590912410345,10.076096008719704,0.004105726112053891,-0.04888263407484359,simulation_virtual_sample
radial,87.18750000000001,113.5,0.9813534865483581,19.97590912410345,10.117937419658869,0.003808880960311329,-0.04883287696518118,simulation_virtual_sample
radial,87.18750000000001,115.0,0.9813534865483581,19.97590912410345,10.159962530871793,0.0019483313959819545,-0.04839290303970396,simulation_virtual_sample
radial,90.0,100.0,1.2246467991473533e-15,20.0,9.754659800808431,0.004237554394963509,-0.019521735733097498,simulation_virtual_sample
radial,90.0,101.5,1.2246467991473533e-15,20.0,9.796210790066011,0.0034921795508404043,-0.019672613098757792,simulation_virtual_sample
radial,90.0,103.0,1.2246467991473533e-15,20.0,9.837761779323593,0.002746804706717144,-0.019823490464418086,simulation_virtual_sample
radial,90.0,104.5,1.2246467991473533e-15,20.0,9.877831412811533,0.002857341010304227,-0.019636524674015672,simulation_virtual_sample
radial,90.0,106.0,1.2246467991473533e-15,20.0,9.916425974142381,0.003820157859060386,-0.019113148790111136,simulation_virtual_sample
radial,90.0,107.5,1.2246467991473533e-15,20.0,9.955206730379079,0.00453389178474424,-0.01887014391977284,simulation_virtual_sample
radial,90.0,109.0,1.2246467991473533e-15,20.0,9.995146989393177,0.002897789371662257,-0.01941376437658363,simulation_virtual_sample
radial,90.0,110.5,1.2246467991473533e-15,20.0,10.035106093690931,0.0012356173746604488,-0.019948919297822755,simulation_virtual_sample
radial,90.0,112.0,1.2246467991473533e-15,20.0,10.076142600644317,0.0004921501135036163,-0.020136440926865576,simulation_virtual_sample
radial,90.0,113.5,1.2246467991473533e-15,20.0,10.11795757372726,0.00041248344368945416,-0.020072783721265638,simulation_virtual_sample
radial,90.0,115.0,1.2246467991473533e-15,20.0,10.159772546810204,0.00033281677387538206,-0.02000912651566571,simulation_virtual_sample
radial,92.81249999999999,100.0,-0.9813534865483557,19.97590912410345,9.756111363122976,-0.0017982721933014905,0.011926282904074808,simulation_virtual_sample
radial,92.81249999999999,101.5,-0.9813534865483557,19.97590912410345,9.795847005975615,-0.00034338472524375255,0.011290335332887388,simulation_virtual_sample
radial,92.81249999999999,103.0,-0.9813534865483557,19.97590912410345,9.83716183095923,-0.0007931409045726338,0.011008230636635346,simulation_virtual_sample
radial,92.81249999999999,104.5,-0.9813534865483557,19.97590912410345,9.877341785551137,-0.0007457751009329775,0.011165520132010102,simulation_virtual_sample
radial,92.81249999999999,106.0,-0.9813534865483557,19.97590912410345,9.91620350540413,-4.6277900919696685e-05,0.011494911734648354,simulation_virtual_sample
radial,92.81249999999999,107.5,-0.9813534865483557,19.97590912410345,9.956407731433131,-0.0006723202962058739,0.010369746012605728,simulation_virtual_sample
radial,92.81249999999999,109.0,-0.9813534865483557,19.97590912410345,9.995273715220955,-0.0008318209902987497,0.009420420998638468,simulation_virtual_sample
radial,92.81249999999999,110.5,-0.9813534865483557,19.97590912410345,10.035153228971094,-0.0023763024105538087,0.008788067751260483,simulation_virtual_sample
radial,92.81249999999999,112.0,-0.9813534865483557,19.97590912410345,10.076189194253788,-0.0031215565591934764,0.008610791741041013,simulation_virtual_sample
radial,92.81249999999999,113.5,-0.9813534865483557,19.97590912410345,10.118020978524768,-0.003076793962010626,0.008685871177148757,simulation_virtual_sample
radial,92.81249999999999,115.0,-0.9813534865483557,19.97590912410345,10.159961241915402,-0.002166218814218208,0.008378405293901544,simulation_virtual_sample
radial,95.62499999999999,100.0,-1.960342806591204,19.90369453344394,9.757553940193278,-0.00779673670928914,0.04317963671313768,simulation_virtual_sample
radial,95.62499999999999,101.5,-1.960342806591204,19.90369453344394,9.797293115082711,-0.006356536011047154,0.042620210527071496,simulation_virtual_sample
radial,95.62499999999999,103.0,-1.960342806591204,19.90369453344394,9.837032289972143,-0.004916335312805173,0.04206078434100534,simulation_virtual_sample
radial,95.62499999999999,104.5,-1.960342806591204,19.90369453344394,9.877080713071614,-0.0045809989319654226,0.04185256072395431,simulation_virtual_sample
radial,95.62499999999999,106.0,-1.960342806591204,19.90369453344394,9.917374750478007,-0.005225130237922128,0.04063440831553889,simulation_virtual_sample
radial,95.62499999999999,107.5,-1.960342806591204,19.90369453344394,9.957601462396472,-0.0058470173056444025,0.03943263638986022,simulation_virtual_sample
radial,95.62499999999999,109.0,-1.960342806591204,19.90369453344394,9.99647064356108,-0.006020378288693457,0.03856115555842109,simulation_virtual_sample
radial,95.62499999999999,110.5,-1.960342806591204,19.90369453344394,10.035339824725687,-0.006193739271742513,0.03768967472698197,simulation_virtual_sample
radial,95.62499999999999,112.0,-1.960342806591204,19.90369453344394,10.076269162083953,-0.00648311818379728,0.03734353605886546,simulation_virtual_sample
radial,95.62499999999999,113.5,-1.960342806591204,19.90369453344394,10.118208965536148,-0.0055664517146251395,0.03696687645134596,simulation_virtual_sample
radial,95.62499999999999,115.0,-1.960342806591204,19.90369453344394,10.160148768988341,-0.004649785245453002,0.03659021684382648,simulation_virtual_sample
radial,98.43750000000003,100.0,-2.934609489107242,19.78353019929562,9.758994530623829,-0.013786940461748816,0.07438995008000328,simulation_virtual_sample
radial,98.43750000000003,101.5,-2.934609489107242,19.78353019929562,9.798737232685925,-0.01236140630749111,0.07390693989791197,simulation_virtual_sample
radial,98.43750000000003,103.0,-2.934609489107242,19.78353019929562,9.838624274467781,-0.010803886030414624,0.07309794196719742,simulation_virtual_sample
radial,98.43750000000003,104.5,-2.934609489107242,19.78353019929562,9.878576552240693,-0.009822287885199867,0.07121390670704814,simulation_virtual_sample
radial,98.43750000000003,106.0,-2.934609489107242,19.78353019929562,9.91854476958143,-0.010398561745346261,0.06974340388294545,simulation_virtual_sample
radial,98.43750000000003,107.5,-2.934609489107242,19.78353019929562,9.958793712770262,-0.01101529611655699,0.06845947994160229,simulation_virtual_sample
radial,98.43750000000003,109.0,-2.934609489107242,19.78353019929562,9.997666087345936,-0.011202500197587376,0.06766574674222339,simulation_virtual_sample
radial,98.43750000000003,110.5,-2.934609489107242,19.78353019929562,10.036666777756604,-0.01046681073955908,0.06678799279426559,simulation_virtual_sample
radial,98.43750000000003,112.0,-2.934609489107242,19.78353019929562,10.07674995888497,-0.008948954329845913,0.06578076684785501,simulation_virtual_sample
radial,98.43750000000003,113.5,-2.934609489107242,19.78353019929562,10.1183966936619,-0.008052680844147009,0.06520893464228865,simulation_virtual_sample
radial,98.43750000000003,115.0,-2.934609489107242,19.78353019929562,10.160336037809058,-0.007129931442236165,0.06476317660038186,simulation_virtual_sample
radial,101.25000000000001,100.0,-3.9018064403225683,19.61570560806461,9.760440094511164,-0.01979782463722276,0.10570801311774936,simulation_virtual_sample
radial,101.25000000000001,101.5,-3.9018064403225683,19.61570560806461,9.800411243348353,-0.01816867958622178,0.10473398113867247,simulation_virtual_sample
radial,101.25000000000001,103.0,-3.9018064403225683,19.61570560806461,9.84079388781612,-0.016140076630170183,0.10272126964609044,simulation_virtual_sample
radial,101.25000000000001,104.5,-3.9018064403225683,19.61570560806461,9.88074542611863,-0.015156659748441383,0.10082713785233556,simulation_virtual_sample
radial,101.25000000000001,106.0,-3.9018064403225683,19.61570560806461,9.920090886753556,-0.015642634838245857,0.0990997132715106,simulation_virtual_sample
radial,101.25000000000001,107.5,-3.9018064403225683,19.61570560806461,9.959990243358327,-0.016202129202001782,0.0975905307243717,simulation_virtual_sample
radial,101.25000000000001,109.0,-3.9018064403225683,19.61570560806461,9.99901149309106,-0.01532644045460349,0.09671638516960437,simulation_virtual_sample
radial,101.25000000000001,110.5,-3.9018064403225683,19.61570560806461,10.038253086463172,-0.01282198528629754,0.09560258161205729,simulation_virtual_sample
radial,101.25000000000001,112.0,-3.9018064403225683,19.61570560806461,10.078338210304915,-0.01130656847537899,0.09460496434762622,simulation_virtual_sample
radial,101.25000000000001,113.5,-3.9018064403225683,19.61570560806461,10.11903030039619,-0.010502818787388745,0.09369094946760022,simulation_virtual_sample
radial,101.25000000000001,115.0,-3.9018064403225683,19.61570560806461,10.16052395315176,-0.009618640030985651,0.09303339994752717,simulation_virtual_sample
radial,104.0625,100.0,-4.859603598065277,19.400625063890878,9.762711315426527,-0.025504869373353115,0.13635691643386202,simulation_virtual_sample
radial,104.0625,101.5,-4.859603598065277,19.400625063890878,9.802580173820637,-0.023503190643953956,0.13434798500823392,simulation_virtual_sample
radial,104.0625,103.0,-4.859603598065277,19.400625063890878,9.842957528352768,-0.021461577026417964,0.13226304613147838,simulation_virtual_sample
radial,104.0625,104.5,-4.859603598065277,19.400625063890878,9.882908329220587,-0.02047634641504454,0.1303588455992521,simulation_virtual_sample
radial,104.0625,106.0,-4.859603598065277,19.400625063890878,9.922259452628895,-0.02097624916533139,0.12870873903069766,simulation_virtual_sample
radial,104.0625,107.5,-4.859603598065277,19.400625063890878,9.961504804850543,-0.02028833326321775,0.12687223641584802,simulation_virtual_sample
radial,104.0625,109.0,-4.859603598065277,19.400625063890878,10.000597611253069,-0.017681332101994785,0.12552751283060978,simulation_virtual_sample
radial,104.0625,110.5,-4.859603598065277,19.400625063890878,10.039835055014969,-0.015170716054466907,0.12433833345780443,simulation_virtual_sample
radial,104.0625,112.0,-4.859603598065277,19.400625063890878,10.079922132035028,-0.013657755591876089,0.12335058497143969,simulation_virtual_sample
radial,104.0625,113.5,-4.859603598065277,19.400625063890878,10.120618113678324,-0.012859782557365003,0.12250719547389474,simulation_virtual_sample
radial,104.0625,115.0,-4.859603598065277,19.400625063890878,10.161432359954832,-0.011360184048312343,0.12092054203668239,simulation_virtual_sample
radial,106.875,100.0,-5.805693545089243,19.13880671464418,9.766052616085394,-0.030728734719882352,0.1656946691824845,simulation_virtual_sample
radial,106.875,101.5,-5.805693545089243,19.13880671464418,9.805389883427836,-0.02878223735899698,0.16383825134774013,simulation_virtual_sample
radial,106.875,103.0,-5.805693545089243,19.13880671464418,9.845125646438483,-0.026794090009433214,0.16186595788936203,simulation_virtual_sample
radial,106.875,104.5,-5.805693545089243,19.13880671464418,9.88507570834553,-0.025807041914989694,0.15995166778189868,simulation_virtual_sample
radial,106.875,106.0,-5.805693545089243,19.13880671464418,9.924308703384257,-0.02497867348252873,0.15809068043151048,simulation_virtual_sample
radial,106.875,107.5,-5.805693545089243,19.13880671464418,9.963422503726774,-0.022860053065928292,0.1559536061551376,simulation_virtual_sample
radial,106.875,109.0,-5.805693545089243,19.13880671464418,10.002345140130789,-0.020143039013009397,0.15449661284214566,simulation_virtual_sample
radial,106.875,110.5,-5.805693545089243,19.13880671464418,10.041420324276102,-0.017524347348354733,0.1531340412137256,simulation_virtual_sample
radial,106.875,112.0,-5.805693545089243,19.13880671464418,10.081509374357896,-0.016013871824977436,0.15215646898940074,simulation_virtual_sample
radial,106.875,113.5,-5.805693545089243,19.13880671464418,10.122353976998687,-0.014327646583188778,0.15035751470708714,simulation_virtual_sample
radial,106.875,115.0,-5.805693545089243,19.13880671464418,10.163289215588689,-0.012081501970282963,0.14791578601705868,simulation_virtual_sample
radial,109.68749999999999,100.0,-6.737797067844395,18.83088130366042,9.769380124127556,-0.03593103637615431,0.19491131807961956,simulation_virtual_sample
radial,109.68749999999999,101.5,-6.737797067844395,18.83088130366042,9.808725538612409,-0.03399727644277796,0.19312643491778964,simulation_virtual_sample
radial,109.68749999999999,103.0,-6.737797067844395,18.83088130366042,9.848070953097263,-0.03206351650940159,0.19134155175595974,simulation_virtual_sample
radial,109.68749999999999,104.5,-6.737797067844395,18.83088130366042,9.88711440917018,-0.029670948125098302,0.18934164970576997,simulation_virtual_sample
radial,109.68749999999999,106.0,-6.737797067844395,18.83088130366042,9.926223465913896,-0.02754643404072986,0.1871277459805768,simulation_virtual_sample
radial,109.68749999999999,107.5,-6.737797067844395,18.83088130366042,9.965332286288977,-0.02542115673813181,0.18491492719543992,simulation_virtual_sample
radial,109.68749999999999,109.0,-6.737797067844395,18.83088130366042,10.004259922263104,-0.022710847331923828,0.18353375097176147,simulation_virtual_sample
radial,109.68749999999999,110.5,-6.737797067844395,18.83088130366042,10.04318755823723,-0.020000537925715847,0.18215257474808302,simulation_virtual_sample
radial,109.68749999999999,112.0,-6.737797067844395,18.83088130366042,10.08327698429054,-0.017295649176633066,0.179814699010059,simulation_virtual_sample
radial,109.68749999999999,113.5,-6.737797067844395,18.83088130366042,10.124207695282209,-0.015047745763656311,0.1773071474206105,simulation_virtual_sample
radial,109.68749999999999,115.0,-6.737797067844395,18.83088130366042,10.165138406273876,-0.012799842350679557,0.17479959583116206,simulation_virtual_sample
radial,112.50000000000003,100.0,-7.653668647301802,18.477590650225732,9.772709925658635,-0.041136923725099805,0.22414810458714662,simulation_virtual_sample
radial,112.50000000000003,101.5,-7.653668647301802,18.477590650225732,9.81206349290133,-0.03921590999851969,0.22243480540359048,simulation_virtual_sample
radial,112.50000000000003,103.0,-7.653668647301802,18.477590650225732,9.852018448477011,-0.036192965875772594,0.2197601386572363,simulation_virtual_sample
radial,112.50000000000003,104.5,-7.653668647301802,18.477590650225732,9.890825133620343,-0.032921058269186794,0.2175165874418319,simulation_virtual_sample
radial,112.50000000000003,106.0,-7.653668647301802,18.477590650225732,9.928139549241903,-0.03011596583369664,0.21618484122432347,simulation_virtual_sample
radial,112.50000000000003,107.5,-7.653668647301802,18.477590650225732,9.967243384961916,-0.027984025373583236,0.21389620668873335,simulation_virtual_sample
radial,112.50000000000003,109.0,-7.653668647301802,18.477590650225732,10.006176023951566,-0.02528042523453756,0.21259089980308352,simulation_virtual_sample
radial,112.50000000000003,110.5,-7.653668647301802,18.477590650225732,10.045558752383197,-0.022158615133506584,0.20950790276555342,simulation_virtual_sample
radial,112.50000000000003,112.0,-7.653668647301802,18.477590650225732,10.085550509092952,-0.01883036541301764,0.20667392248355876,simulation_virtual_sample
radial,112.50000000000003,113.5,-7.653668647301802,18.477590650225732,10.126062691243284,-0.015768341273350066,0.20427535520089476,simulation_virtual_sample
radial,112.50000000000003,115.0,-7.653668647301802,18.477590650225732,10.166988871515967,-0.013518677848047308,0.2017019353435137,simulation_virtual_sample
radial,115.31250000000001,100.0,-8.551101868605645,18.079785862468864,9.77605815123011,-0.046371615637295645,0.25354666041654805,simulation_virtual_sample
radial,115.31250000000001,101.5,-8.551101868605645,18.079785862468864,9.81611641005773,-0.04314068677444926,0.2506496960884717,simulation_virtual_sample
radial,115.31250000000001,103.0,-8.551101868605645,18.079785862468864,9.856309115097126,-0.039654427124620695,0.24751035090813137,simulation_virtual_sample
radial,115.31250000000001,104.5,-8.551101868605645,18.079785862468864,9.895114337295759,-0.0363813392990072,0.24525733798676908,simulation_virtual_sample
radial,115.31250000000001,106.0,-8.551101868605645,18.079785862468864,9.931968944004053,-0.03340794257601549,0.24425038979727504,simulation_virtual_sample
radial,115.31250000000001,107.5,-8.551101868605645,18.079785862468864,9.969165057675447,-0.03056107426950934,0.24303783856467318,simulation_virtual_sample
radial,115.31250000000001,109.0,-8.551101868605645,18.079785862468864,10.008575399983577,-0.027405665302042713,0.23977891768090426,simulation_virtual_sample
radial,115.31250000000001,110.5,-8.551101868605645,18.079785862468864,10.048069190011034,-0.02416930096426909,0.23616162870471327,simulation_virtual_sample
radial,115.31250000000001,112.0,-8.551101868605645,18.079785862468864,10.088061805612938,-0.020841739156617523,0.23333676742080223,simulation_virtual_sample
radial,115.31250000000001,113.5,-8.551101868605645,18.079785862468864,10.12840923841408,-0.017449308119123604,0.23107556403411986,simulation_virtual_sample
radial,115.31250000000001,115.0,-8.551101868605645,18.079785862468864,10.168849575520357,-0.014241490715873278,0.22875312750828064,simulation_virtual_sample
radial,118.125,100.0,-9.427934736519955,17.638425286967102,9.782478303873107,-0.05005992809528237,0.2803775679578415,simulation_virtual_sample
radial,118.125,101.5,-9.427934736519955,17.638425286967102,9.820414604493898,-0.04660822102916529,0.2784485950614532,simulation_virtual_sample
radial,118.125,103.0,-9.427934736519955,17.638425286967102,9.860596826407063,-0.04311350420043403,0.2752414494659929,simulation_virtual_sample
radial,118.125,104.5,-9.427934736519955,17.638425286967102,9.89940058666864,-0.039839236968699905,0.272978981355673,simulation_virtual_sample
radial,118.125,106.0,-9.427934736519955,17.638425286967102,9.93626641402652,-0.03687489241572443,0.2720446035696077,simulation_virtual_sample
radial,118.125,107.5,-9.427934736519955,17.638425286967102,9.972870773777926,-0.03233142655748098,0.2691970829325822,simulation_virtual_sample
radial,118.125,109.0,-9.427934736519955,17.638425286967102,10.011090669497431,-0.029420221137238033,0.26648394454234525,simulation_virtual_sample
radial,118.125,110.5,-9.427934736519955,17.638425286967102,10.050577898508525,-0.026178601881957458,0.2627969961848026,simulation_virtual_sample
radial,118.125,112.0,-9.427934736519955,17.638425286967102,10.09057137241099,-0.022851727513325107,0.2599812476180241,simulation_virtual_sample
radial,118.125,113.5,-9.427934736519955,17.638425286967102,10.130924940911024,-0.019464210743640912,0.2577851879476737,simulation_virtual_sample
radial,118.125,115.0,-9.427934736519955,17.638425286967102,10.170704779964383,-0.014773266887501683,0.2536798025354254,simulation_virtual_sample
radial,120.9375,100.0,-10.282054883864433,17.154572200005443,9.789364796473972,-0.05346487450524117,0.30659250011826084,simulation_virtual_sample
radial,120.9375,101.5,-10.282054883864433,17.154572200005443,9.827247180189342,-0.05002285959255842,0.3047679927491631,simulation_virtual_sample
radial,120.9375,103.0,-10.282054883864433,17.154572200005443,9.865129563904711,-0.04658084467987566,0.3029434853800654,simulation_virtual_sample
radial,120.9375,104.5,-10.282054883864433,17.154572200005443,9.903704602668668,-0.04331146772386467,0.30081553173507486,simulation_virtual_sample
radial,120.9375,106.0,-10.282054883864433,17.154572200005443,9.940281693571135,-0.03866558365353825,0.29778891191193374,simulation_virtual_sample
radial,120.9375,107.5,-10.282054883864433,17.154572200005443,9.976848426900943,-0.03395538563127498,0.29467836316171403,simulation_virtual_sample
radial,120.9375,109.0,-10.282054883864433,17.154572200005443,10.014946468926075,-0.031082916671546643,0.29213357638023474,simulation_virtual_sample
radial,120.9375,110.5,-10.282054883864433,17.154572200005443,10.053097005675019,-0.028196231409842905,0.28954276803053225,simulation_virtual_sample
radial,120.9375,112.0,-10.282054883864433,17.154572200005443,10.09303153502131,-0.024735971829207653,0.286528240340587,simulation_virtual_sample
radial,120.9375,113.5,-10.282054883864433,17.154572200005443,10.132788785399901,-0.020002736792062773,0.2823029482244134,simulation_virtual_sample
radial,120.9375,115.0,-10.282054883864433,17.154572200005443,10.17254603577849,-0.01526950175491789,0.2780776561082398,simulation_virtual_sample
radial,123.74999999999999,100.0,-11.11140466039204,16.62939224605091,9.796237067244054,-0.05686278909588743,0.3327532937860144,simulation_virtual_sample
radial,123.74999999999999,101.5,-11.11140466039204,16.62939224605091,9.834136277175308,-0.053429093710529264,0.33099283906801963,simulation_virtual_sample
radial,123.74999999999999,103.0,-11.11140466039204,16.62939224605091,9.871922807093371,-0.049869679999229574,0.3291416935814458,simulation_virtual_sample
radial,123.74999999999999,104.5,-11.11140466039204,16.62939224605091,9.907862464934523,-0.04491817670568525,0.32629922293268254,simulation_virtual_sample
radial,123.74999999999999,106.0,-11.11140466039204,16.62939224605091,9.944261759582789,-0.04029071934705603,0.3232841893811938,simulation_virtual_sample
radial,123.74999999999999,107.5,-11.11140466039204,16.62939224605091,9.980817865853762,-0.03557599110036388,0.32010702251963824,simulation_virtual_sample
radial,123.74999999999999,109.0,-11.11140466039204,16.62939224605091,10.018926301044104,-0.03270776536507697,0.3176288154893436,simulation_virtual_sample
radial,123.74999999999999,110.5,-11.11140466039204,16.62939224605091,10.056943817624333,-0.0296810721806848,0.31472308553259304,simulation_virtual_sample
radial,123.74999999999999,112.0,-11.11140466039204,16.62939224605091,10.094967992008788,-0.0252471170095576,0.3109230483300001,simulation_virtual_sample
radial,123.74999999999999,113.5,-11.11140466039204,16.62939224605091,10.134630737553854,-0.020499159329279818,0.30671002875934117,simulation_virtual_sample
radial,123.74999999999999,115.0,-11.11140466039204,16.62939224605091,10.174383489072193,-0.015764711809164042,0.3024251237785225,simulation_virtual_sample
radial,126.56249999999997,100.0,-11.913986089848658,16.064150629612904,9.80312830917803,-0.06027008375852878,0.3589863053160792,simulation_virtual_sample
radial,126.56249999999997,101.5,-11.913986089848658,16.064150629612904,9.840691399647495,-0.056454913905127496,0.35698654861947465,simulation_virtual_sample
radial,126.56249999999997,103.0,-11.913986089848658,16.064150629612904,9.876768539211717,-0.050998775818322385,0.3537090500200542,simulation_virtual_sample
radial,126.56249999999997,104.5,-11.913986089848658,16.064150629612904,9.912706420701857,-0.04604733560336938,0.35085857960156996,simulation_virtual_sample
radial,126.56249999999997,106.0,-11.913986089848658,16.064150629612904,9.948448991970057,-0.041803736955320255,0.34860701857732745,simulation_virtual_sample
radial,126.56249999999997,107.5,-11.913986089848658,16.064150629612904,9.984798262984679,-0.037201070472079996,0.345605881163001,simulation_virtual_sample
radial,126.56249999999997,109.0,-11.913986089848658,16.064150629612904,10.0227943307227,-0.034129896443305704,0.3426083523434358,simulation_virtual_sample
radial,126.56249999999997,110.5,-11.913986089848658,16.064150629612904,10.060412455842288,-0.030420955719043075,0.3378068665635206,simulation_virtual_sample
radial,126.56249999999997,112.0,-11.913986089848658,16.064150629612904,10.098437557282459,-0.025987712024970803,0.33401407546344536,simulation_virtual_sample
radial,126.56249999999997,113.5,-11.913986089848658,16.064150629612904,10.136752836767249,-0.02103803332262522,0.3309404934057758,simulation_virtual_sample
radial,126.56249999999997,115.0,-11.913986089848658,16.064150629612904,10.176226014725346,-0.016261288909531452,0.32683980355598236,simulation_virtual_sample
radial,129.37500000000003,100.0,-12.687865683272914,15.460209067254736,9.810106985886408,-0.06271369459409026,0.38435302057964277,simulation_virtual_sample
radial,129.37500000000003,101.5,-12.687865683272914,15.460209067254736,9.84553226189847,-0.05758287500468648,0.3815292153384204,simulation_virtual_sample
radial,129.37500000000003,103.0,-12.687865683272914,15.460209067254736,9.881597590950268,-0.052123984970420055,0.3781918386728172,simulation_virtual_sample
radial,129.37500000000003,104.5,-12.687865683272914,15.460209067254736,9.91753372023891,-0.04717261182096176,0.3753334874604629,simulation_virtual_sample
radial,129.37500000000003,106.0,-12.687865683272914,15.460209067254736,9.953288920289483,-0.04293195702761865,0.373145955668824,simulation_virtual_sample
radial,129.37500000000003,107.5,-12.687865683272914,15.460209067254736,9.989110061459757,-0.03843547857600629,0.3701706923649953,simulation_virtual_sample
radial,129.37500000000003,109.0,-12.687865683272914,15.460209067254736,10.026260081601508,-0.0348691640930732,0.36567291813759717,simulation_virtual_sample
radial,129.37500000000003,110.5,-12.687865683272914,15.460209067254736,10.063869166851763,-0.031158295104723253,0.3608112720437218,simulation_virtual_sample
radial,129.37500000000003,112.0,-12.687865683272914,15.460209067254736,10.101895179244583,-0.026725757684398194,0.357025616174465,simulation_virtual_sample
radial,129.37500000000003,113.5,-12.687865683272914,15.460209067254736,10.140218915146145,-0.021777884043959393,0.3540083141789071,simulation_virtual_sample
radial,129.37500000000003,115.0,-12.687865683272914,15.460209067254736,10.178260577359067,-0.016667189336201146,0.3502611719646303,simulation_virtual_sample
radial,132.1875,100.0,-13.431179096940369,14.81902250709918,9.817159953666206,-0.06269597946469391,0.4070276014325688,simulation_virtual_sample
radial,132.1875,101.5,-13.431179096940369,14.81902250709918,9.851262679830223,-0.058251869794248914,0.4053344138992911,simulation_virtual_sample
radial,132.1875,103.0,-13.431179096940369,14.81902250709918,9.886433293510152,-0.053250743819113176,0.4027083462960945,simulation_virtual_sample
radial,132.1875,104.5,-13.431179096940369,14.81902250709918,9.922367686225114,-0.04829944203300279,0.39984219490593664,simulation_virtual_sample
radial,132.1875,106.0,-13.431179096940369,14.81902250709918,9.958204431556883,-0.043755958278815565,0.3967397322121842,simulation_virtual_sample
radial,132.1875,107.5,-13.431179096940369,14.81902250709918,9.994163727317384,-0.03866904299338116,0.3918964388211701,simulation_virtual_sample
radial,132.1875,109.0,-13.431179096940369,14.81902250709918,10.030268290803175,-0.03543670882496511,0.3882946971118449,simulation_virtual_sample
radial,132.1875,110.5,-13.431179096940369,14.81902250709918,10.067330651452755,-0.03189665272913619,0.3838474457667961,simulation_virtual_sample
radial,132.1875,112.0,-13.431179096940369,14.81902250709918,10.105357563136506,-0.0274648198001234,0.3800688489971846,simulation_virtual_sample
radial,132.1875,113.5,-13.431179096940369,14.81902250709918,10.143288299004178,-0.022289802391451286,0.37603796927925576,simulation_virtual_sample
radial,132.1875,115.0,-13.431179096940369,14.81902250709918,10.180733430877497,-0.016837852209210833,0.37071292731856054,simulation_virtual_sample
radial,135.0,100.0,-14.14213562373095,14.142135623730951,9.82417895947837,-0.06267834963848763,0.4295929979810944,simulation_virtual_sample
radial,135.0,101.5,-14.14213562373095,14.142135623730951,9.858298882363597,-0.05823419677457417,0.42795509617399474,simulation_virtual_sample
radial,135.0,103.0,-14.14213562373095,14.142135623730951,9.892418805248823,-0.05379004391066072,0.426317194366895,simulation_virtual_sample
radial,135.0,104.5,-14.14213562373095,14.142135623730951,9.927300854283706,-0.049077247908245754,0.42331783510434884,simulation_virtual_sample
radial,135.0,106.0,-14.14213562373095,14.142135623730951,9.963246957114649,-0.04398938744265556,0.41841771320014814,simulation_virtual_sample
radial,135.0,107.5,-14.14213562373095,14.142135623730951,9.99919305994559,-0.038901526977065386,0.4135175912959475,simulation_virtual_sample
radial,135.0,109.0,-14.14213562373095,14.142135623730951,10.03531078614892,-0.035669756976687915,0.40997242145580387,simulation_virtual_sample
radial,135.0,110.5,-14.14213562373095,14.142135623730951,10.071428516454052,-0.03243803133692704,0.4064272839990544,simulation_virtual_sample
radial,135.0,112.0,-14.14213562373095,14.142135623730951,10.108316171929424,-0.02791242588723203,0.40181601775749987,simulation_virtual_sample
radial,135.0,113.5,-14.14213562373095,14.142135623730951,10.145755274429881,-0.022460059590536048,0.396441109818964,simulation_virtual_sample
radial,135.0,115.0,-14.14213562373095,14.142135623730951,10.18319437693034,-0.01700769329384007,0.3910662018804281,simulation_virtual_sample
radial,137.8125,100.0,-14.819022507099177,13.43117909694037,9.831197965290537,-0.06266071981228136,0.45215839452962014,simulation_virtual_sample
radial,137.8125,101.5,-14.819022507099177,13.43117909694037,9.86533508489697,-0.058216523754899434,0.45057577844869856,simulation_virtual_sample
radial,137.8125,103.0,-14.819022507099177,13.43117909694037,9.899004062014626,-0.053190323168484335,0.44723767483285487,simulation_virtual_sample
radial,137.8125,104.5,-14.819022507099177,13.43117909694037,9.932983380957026,-0.04843076297256525,0.44343275830667733,simulation_virtual_sample
radial,137.8125,106.0,-14.819022507099177,13.43117909694037,9.968289490940773,-0.044222816989255356,0.4400957297340536,simulation_virtual_sample
radial,137.8125,107.5,-14.819022507099177,13.43117909694037,10.004222427113204,-0.039134347011219164,0.43513900393769506,simulation_virtual_sample
radial,137.8125,109.0,-14.819022507099177,13.43117909694037,10.04035327894535,-0.03590280501058954,0.4316501348402449,simulation_virtual_sample
radial,137.8125,110.5,-14.819022507099177,13.43117909694037,10.075716967472683,-0.03214218046057433,0.4263390872866253,simulation_virtual_sample
radial,137.8125,112.0,-14.819022507099177,13.43117909694037,10.111427499015383,-0.02768977733415579,0.42142911618155054,simulation_virtual_sample
radial,137.8125,113.5,-14.819022507099177,13.43117909694037,10.148222249855586,-0.022630316789620818,0.4168442503586723,simulation_virtual_sample
radial,137.8125,115.0,-14.819022507099177,13.43117909694037,10.185655322983179,-0.01717753437846931,0.4114194764422958,simulation_virtual_sample
radial,140.62499999999997,100.0,-15.460209067254734,12.687865683272916,9.838250933070332,-0.06264300468288499,0.47483297538254604,simulation_virtual_sample
radial,140.62499999999997,101.5,-15.460209067254734,12.687865683272916,9.87180487953418,-0.05748133050336073,0.4710667543120343,simulation_virtual_sample
radial,140.62499999999997,103.0,-15.460209067254734,12.687865683272916,9.905071984162985,-0.051976931302807505,0.46623086721212226,simulation_virtual_sample
radial,140.62499999999997,104.5,-15.460209067254734,12.687865683272916,9.939048636762394,-0.04721711942613103,0.4624186648068586,simulation_virtual_sample
radial,140.62499999999997,106.0,-15.460209067254734,12.687865683272916,9.974018928759483,-0.043500015485590064,0.46004001374068154,simulation_virtual_sample
radial,140.62499999999997,107.5,-15.460209067254734,12.687865683272916,10.009276137544605,-0.039368293946495395,0.45686506906033136,simulation_virtual_sample
radial,140.62499999999997,109.0,-15.460209067254734,12.687865683272916,10.0445688153018,-0.03556124910680605,0.4513749321219293,simulation_virtual_sample
radial,140.62499999999997,110.5,-15.460209067254734,12.687865683272916,10.079491368844515,-0.03150464764778108,0.4449906238506733,simulation_virtual_sample
radial,140.62499999999997,112.0,-15.460209067254734,12.687865683272916,10.115203666366105,-0.02705177997695284,0.44008784828037123,simulation_virtual_sample
radial,140.62499999999997,113.5,-15.460209067254734,12.687865683272916,10.151479912181006,-0.022315942559193645,0.43624302042544755,simulation_virtual_sample
radial,140.62499999999997,115.0,-15.460209067254734,12.687865683272916,10.18812817650161,-0.017348197251478997,0.43187123179622605,simulation_virtual_sample
radial,143.43750000000003,100.0,-16.0641506296129,11.913986089848663,9.844687126992522,-0.06054446478249994,0.4932285978331883,simulation_virtual_sample
radial,143.43750000000003,101.5,-16.0641506296129,11.913986089848663,9.877879276371662,-0.05626664390533223,0.4900802131042642,simulation_virtual_sample
radial,143.43750000000003,103.0,-16.0641506296129,11.913986089848663,9.911131560899571,-0.050765208254645956,0.48519793763276264,simulation_virtual_sample
radial,143.43750000000003,104.5,-16.0641506296129,11.913986089848663,9.945105528222342,-0.046005149565715296,0.4813783886223866,simulation_virtual_sample
radial,143.43750000000003,106.0,-16.0641506296129,11.913986089848663,9.980091659676521,-0.042284876186737694,0.47904931938111445,simulation_virtual_sample
radial,143.43750000000003,107.5,-16.0641506296129,11.913986089848663,10.013547840118392,-0.038090552823776526,0.4743436104443533,simulation_virtual_sample
radial,143.43750000000003,109.0,-16.0641506296129,11.913986089848663,10.048347872307978,-0.034922929912446714,0.4700494749128554,simulation_virtual_sample
radial,143.43750000000003,110.5,-16.0641506296129,11.913986089848663,10.083260564996536,-0.030867994046841266,0.46361643836292604,simulation_virtual_sample
radial,143.43750000000003,112.0,-16.0641506296129,11.913986089848663,10.118974640135528,-0.02641466009440519,0.45872091794606157,simulation_virtual_sample
radial,143.43750000000003,113.5,-16.0641506296129,11.913986089848663,10.155260108699526,-0.021677264459278082,0.4549216613777447,simulation_virtual_sample
radial,143.43750000000003,115.0,-16.0641506296129,11.913986089848663,10.189457130473812,-0.016778588827532723,0.4486565389688656,simulation_virtual_sample
radial,146.25,100.0,-16.629392246050905,11.111404660392044,9.850823519965987,-0.057631489293188884,0.5097615372182864,simulation_virtual_sample
radial,146.25,101.5,-16.629392246050905,11.111404660392044,9.884016408535672,-0.053637209610428095,0.5070655230790554,simulation_virtual_sample
radial,146.25,103.0,-16.629392246050905,11.111404660392044,9.917212068615195,-0.049549299674916614,0.5042305240738457,simulation_virtual_sample
radial,146.25,104.5,-16.629392246050905,11.111404660392044,9.951183318683617,-0.04478899786385688,0.5004035320175457,simulation_virtual_sample
radial,146.25,106.0,-16.629392246050905,11.111404660392044,9.98452026353276,-0.040562753559804245,0.4954970667246716,simulation_virtual_sample
radial,146.25,107.5,-16.629392246050905,11.111404660392044,10.017469482452817,-0.036219430887366864,0.4899788510460981,simulation_virtual_sample
radial,146.25,109.0,-16.629392246050905,11.111404660392044,10.052243377427297,-0.03333395562790997,0.486417506852029,simulation_virtual_sample
radial,146.25,110.5,-16.629392246050905,11.111404660392044,10.087042766473358,-0.030229143721047902,0.4823065198322752,simulation_virtual_sample
radial,146.25,112.0,-16.629392246050905,11.111404660392044,10.122758639500471,-0.02577533948960529,0.4774183494566167,simulation_virtual_sample
radial,146.25,113.5,-16.629392246050905,11.111404660392044,10.156619024679832,-0.020852654384142674,0.47072539853363365,simulation_virtual_sample
radial,146.25,115.0,-16.629392246050905,11.111404660392044,10.190317822272998,-0.015917773839892214,0.46383733326019566,simulation_virtual_sample
radial,149.0625,100.0,-17.15457220000544,10.282054883864436,9.856943019828178,-0.05472653304568549,0.5262489624412477,simulation_virtual_sample
radial,149.0625,101.5,-17.15457220000544,10.282054883864436,9.890150891513228,-0.05072514080543299,0.5235933164693134,simulation_virtual_sample
radial,149.0625,103.0,-17.15457220000544,10.282054883864436,9.923358763198282,-0.046723748565180495,0.5209376704973789,simulation_virtual_sample
radial,149.0625,104.5,-17.15457220000544,10.282054883864436,9.955498553601897,-0.04298216270741815,0.5166143668201533,simulation_virtual_sample
radial,149.0625,106.0,-17.15457220000544,10.282054883864436,9.98844135281419,-0.038691895499980734,0.5111301023531151,simulation_virtual_sample
radial,149.0625,107.5,-17.15457220000544,10.282054883864436,10.02138033160841,-0.03435345866935395,0.50557106019992,simulation_virtual_sample
radial,149.0625,109.0,-17.15457220000544,10.282054883864436,10.056164133406362,-0.03146284697096352,0.5020501491760139,simulation_virtual_sample
radial,149.0625,110.5,-17.15457220000544,10.282054883864436,10.090865773196724,-0.028561797024804943,0.4984221178151641,simulation_virtual_sample
radial,149.0625,112.0,-17.15457220000544,10.282054883864436,10.123782752524404,-0.024924886039760088,0.49282659962836806,simulation_virtual_sample
radial,149.0625,113.5,-17.15457220000544,10.282054883864436,10.157479448582583,-0.01999210733128263,0.4859014676948902,simulation_virtual_sample
radial,149.0625,115.0,-17.15457220000544,10.282054883864436,10.191176144640762,-0.015059328622805174,0.47897633576141235,simulation_virtual_sample
radial,151.875,100.0,-17.6384252869671,9.427934736519957,9.863075183698296,-0.051815565132232795,0.5427705075904181,simulation_virtual_sample
radial,151.875,101.5,-17.6384252869671,9.427934736519957,9.896234432192568,-0.0477994905033614,0.540072504247864,simulation_virtual_sample
radial,151.875,103.0,-17.6384252869671,9.427934736519957,9.927374345404255,-0.04354367752630142,0.534746808363558,simulation_virtual_sample
radial,151.875,104.5,-17.6384252869671,9.427934736519957,9.959309668867274,-0.039777888987785275,0.5301582151412096,simulation_virtual_sample
radial,151.875,106.0,-17.6384252869671,9.427934736519957,9.99235913301969,-0.03669848356397973,0.5266020904677344,simulation_virtual_sample
radial,151.875,107.5,-17.6384252869671,9.427934736519957,10.025299276942008,-0.03248362354519864,0.5211955480982657,simulation_virtual_sample
radial,151.875,109.0,-17.6384252869671,9.427934736519957,10.059883539112704,-0.029559494506812986,0.517437798329902,simulation_virtual_sample
radial,151.875,110.5,-17.6384252869671,9.427934736519957,10.092427362604296,-0.02636032554929137,0.5109780854603028,simulation_virtual_sample
radial,151.875,112.0,-17.6384252869671,9.427934736519957,10.125283027419336,-0.022840881693837075,0.5056165572170161,simulation_virtual_sample
radial,151.875,113.5,-17.6384252869671,9.427934736519957,10.158360506573219,-0.0190936246545901,0.5010361733522849,simulation_virtual_sample
radial,151.875,115.0,-17.6384252869671,9.427934736519957,10.192036243265003,-0.014199106895009809,0.49414666769346693,simulation_virtual_sample
radial,154.68749999999997,100.0,-18.079785862468864,8.551101868605649,9.868926849778685,-0.04852491695015389,0.5584943219360617,simulation_virtual_sample
radial,154.68749999999997,101.5,-18.079785862468864,8.551101868605649,9.90003919588113,-0.04459882264795109,0.5535969080156081,simulation_virtual_sample
radial,154.68749999999997,103.0,-18.079785862468864,8.551101868605649,9.931169820478353,-0.04035082349907155,0.5482381948448926,simulation_virtual_sample
radial,154.68749999999997,104.5,-18.079785862468864,8.551101868605649,9.963105055925212,-0.03658683908276832,0.5436461689429288,simulation_virtual_sample
radial,154.68749999999997,106.0,-18.079785862468864,8.551101868605649,9.996164443815282,-0.03349909007196967,0.5401253110058737,simulation_virtual_sample
radial,154.68749999999997,107.5,-18.079785862468864,8.551101868605649,10.029014240366164,-0.030367228807095147,0.5360800395496419,simulation_virtual_sample
radial,154.68749999999997,109.0,-18.079785862468864,8.551101868605649,10.0614427537182,-0.027361370940171027,0.5299746713667577,simulation_virtual_sample
radial,154.68749999999997,110.5,-18.079785862468864,8.551101868605649,10.093982505898108,-0.024167941568546344,0.5234822230946697,simulation_virtual_sample
radial,154.68749999999997,112.0,-18.079785862468864,8.551101868605649,10.126838701044091,-0.020647750071977562,0.5181249589800571,simulation_virtual_sample
radial,154.68749999999997,113.5,-18.079785862468864,8.551101868605649,10.159919983701009,-0.016895130993644234,0.513575157201003,simulation_virtual_sample
radial,154.68749999999997,115.0,-18.079785862468864,8.551101868605649,10.193051943731428,-0.013176251427747797,0.5085626013339917,simulation_virtual_sample
radial,157.49999999999997,100.0,-18.47759065022573,7.653668647301806,9.872846818998108,-0.04309260780099768,0.5687631691539682,simulation_virtual_sample
radial,157.49999999999997,101.5,-18.47759065022573,7.653668647301806,9.90387391140101,-0.04082382527785947,0.5662849838572599,simulation_virtual_sample
radial,157.49999999999997,103.0,-18.47759065022573,7.653668647301806,9.9349678914322,-0.037155785749133516,0.5617388086340753,simulation_virtual_sample
radial,157.49999999999997,104.5,-18.47759065022573,7.653668647301806,9.966903062720013,-0.03339358657998302,0.5571434327015047,simulation_virtual_sample
radial,157.49999999999997,106.0,-18.47759065022573,7.653668647301806,9.999678568541434,-0.030239897256250266,0.5529184751301935,simulation_virtual_sample
radial,157.49999999999997,107.5,-18.47759065022573,7.653668647301806,10.031335967616887,-0.02686704498224281,0.5458797594470379,simulation_virtual_sample
radial,157.49999999999997,109.0,-18.47759065022573,7.653668647301806,10.06315271416852,-0.024904554286580276,0.5419708550914122,simulation_virtual_sample
radial,157.49999999999997,110.5,-18.47759065022573,7.653668647301806,10.095538721076306,-0.021974046484505797,0.53599497922094,simulation_virtual_sample
radial,157.49999999999997,112.0,-18.47759065022573,7.653668647301806,10.128395446918764,-0.018453106831509986,0.5306419821740572,simulation_virtual_sample
radial,157.49999999999997,113.5,-18.47759065022573,7.653668647301806,10.161569571049082,-0.01475901535676048,0.5252715763383645,simulation_virtual_sample
radial,157.49999999999997,115.0,-18.47759065022573,7.653668647301806,10.194959393132162,-0.011219712541662052,0.5178390271242875,simulation_virtual_sample
radial,160.31250000000003,100.0,-18.830881303660416,6.737797067844397,9.876745218084423,-0.03769019062926954,0.5789755107237566,simulation_virtual_sample
radial,160.31250000000003,101.5,-18.830881303660416,6.737797067844397,9.907781865948202,-0.03540816610992639,0.5765223571460015,simulation_virtual_sample
radial,160.31250000000003,103.0,-18.830881303660416,6.737797067844397,9.938818513811977,-0.03312614159058324,0.5740692035682464,simulation_virtual_sample
radial,160.31250000000003,104.5,-18.830881303660416,6.737797067844397,9.970342226560465,-0.030113576017891133,0.5697540820652044,simulation_virtual_sample
radial,160.31250000000003,106.0,-18.830881303660416,6.737797067844397,10.00199385282421,-0.026749426705078457,0.5626910000669478,simulation_virtual_sample
radial,160.31250000000003,107.5,-18.830881303660416,6.737797067844397,10.033645479087953,-0.02338527739226579,0.5556279180686913,simulation_virtual_sample
radial,160.31250000000003,109.0,-18.830881303660416,6.737797067844397,10.06546728504831,-0.02140837707061397,0.5517302722528185,simulation_virtual_sample
radial,160.31250000000003,110.5,-18.830881303660416,6.737797067844397,10.097290819786926,-0.019445569181505785,0.5478647826656798,simulation_virtual_sample
radial,160.31250000000003,112.0,-18.830881303660416,6.737797067844397,10.130085991465167,-0.01634301724776038,0.5419746818644526,simulation_virtual_sample
radial,160.31250000000003,113.5,-18.830881303660416,6.737797067844397,10.163471169006614,-0.012808478504677123,0.5345195450285181,simulation_virtual_sample
radial,160.31250000000003,115.0,-18.830881303660416,6.737797067844397,10.196856346548063,-0.009273939761593871,0.5270644081925834,simulation_virtual_sample
radial,163.125,100.0,-19.138806714644176,5.805693545089248,9.880640932045209,-0.032291494515331115,0.5891808182730426,simulation_virtual_sample
radial,163.125,101.5,-19.138806714644176,5.805693545089248,9.91168712878828,-0.029996237120558333,0.5867526791729818,simulation_virtual_sample
radial,163.125,103.0,-19.138806714644176,5.805693545089248,9.942129749084874,-0.027668531329405464,0.5830553897883698,simulation_virtual_sample
radial,163.125,104.5,-19.138806714644176,5.805693545089248,9.972581542863207,-0.025643438019333803,0.5779884548032218,simulation_virtual_sample
radial,163.125,106.0,-19.138806714644176,5.805693545089248,10.004308101691802,-0.023260517122565483,0.5724591546459177,simulation_virtual_sample
radial,163.125,107.5,-19.138806714644176,5.805693545089248,10.035953957725486,-0.01990506687890799,0.5653717172293877,simulation_virtual_sample
radial,163.125,109.0,-19.138806714644176,5.805693545089248,10.067780726138198,-0.017913906411031418,0.5614849256409289,simulation_virtual_sample
radial,163.125,110.5,-19.138806714644176,5.805693545089248,10.099254711861375,-0.016035878332165413,0.5559978374031789,simulation_virtual_sample
radial,163.125,112.0,-19.138806714644176,5.805693545089248,10.131878067859626,-0.013928028220427028,0.5502373689252594,simulation_virtual_sample
radial,163.125,113.5,-19.138806714644176,5.805693545089248,10.165371457188234,-0.010859285136467169,0.5437611439355096,simulation_virtual_sample
radial,163.125,115.0,-19.138806714644176,5.805693545089248,10.1987519933871,-0.007329507184018419,0.5362834350355399,simulation_virtual_sample
radial,165.9375,100.0,-19.400625063890878,4.859603598065282,9.884552793852603,-0.02687042065044972,0.5994284271161621,simulation_virtual_sample
radial,165.9375,101.5,-19.400625063890878,4.859603598065282,9.914795695433497,-0.02453238937859426,0.5953110381126758,simulation_virtual_sample
radial,165.9375,103.0,-19.400625063890878,4.859603598065282,9.944273845530374,-0.022166617877840928,0.5895807915142925,simulation_virtual_sample
radial,165.9375,104.5,-19.400625063890878,4.859603598065282,9.974725034877451,-0.02014344757574931,0.5845117156452311,simulation_virtual_sample
radial,165.9375,106.0,-19.400625063890878,4.859603598065282,10.006527678046261,-0.018596115940151474,0.5803609395351726,simulation_virtual_sample
radial,165.9375,107.5,-19.400625063890878,4.859603598065282,10.038272566461051,-0.016409584457424044,0.575158274264934,simulation_virtual_sample
radial,165.9375,109.0,-19.400625063890878,4.859603598065282,10.069680305950955,-0.014524987965037654,0.569321352775614,simulation_virtual_sample
radial,165.9375,110.5,-19.400625063890878,4.859603598065282,10.10082304909308,-0.01274177355690032,0.562302415619638,simulation_virtual_sample
radial,165.9375,112.0,-19.400625063890878,4.859603598065282,10.133446929657142,-0.010632821657420046,0.5565440558502968,simulation_virtual_sample
radial,165.9375,113.5,-19.400625063890878,4.859603598065282,10.167124350894868,-0.008292171003330913,0.5516823512659856,simulation_virtual_sample
radial,165.9375,115.0,-19.400625063890878,4.859603598065282,10.200655497736905,-0.005377014877384675,0.5455406750103848,simulation_virtual_sample
radial,168.75,100.0,-19.61570560806461,3.9018064403225723,9.887040897281231,-0.021111204541703052,0.6058759205782671,simulation_virtual_sample
radial,168.75,101.5,-19.61570560806461,3.9018064403225723,9.916940574400748,-0.019028467917110832,0.6018388213866738,simulation_virtual_sample
radial,168.75,103.0,-19.61570560806461,3.9018064403225723,9.946413473906857,-0.016676169828911364,0.5960925949968402,simulation_virtual_sample
radial,168.75,104.5,-19.61570560806461,3.9018064403225723,9.976864061265593,-0.014654915491110006,0.5910213863064959,simulation_virtual_sample
radial,168.75,106.0,-19.61570560806461,3.9018064403225723,10.0086722539188,-0.013093344422398871,0.5868874988687715,simulation_virtual_sample
radial,168.75,107.5,-19.61570560806461,3.9018064403225723,10.040000543634115,-0.012613274662099244,0.5807330801078132,simulation_virtual_sample
radial,168.75,109.0,-19.61570560806461,3.9018064403225723,10.071249526270067,-0.01122902837029834,0.5756294809260463,simulation_virtual_sample
radial,168.75,110.5,-19.61570560806461,3.9018064403225723,10.102388147429746,-0.009454471693278262,0.5685939737619103,simulation_virtual_sample
radial,168.75,112.0,-19.61570560806461,3.9018064403225723,10.135012551476297,-0.007344420281443543,0.5628377183462893,simulation_virtual_sample
radial,168.75,113.5,-19.61570560806461,3.9018064403225723,10.168693800539634,-0.00499572973748466,0.5579914012854462,simulation_virtual_sample
radial,168.75,115.0,-19.61570560806461,3.9018064403225723,10.201564349211035,-0.0035807156598787675,0.5512708447041897,simulation_virtual_sample
radial,171.56249999999997,100.0,-19.78353019929562,2.934609489107245,9.888435919329263,-0.015157438149417108,0.6094078815162839,simulation_virtual_sample
radial,171.56249999999997,101.5,-19.78353019929562,2.934609489107245,9.918575008102342,-0.013209164163159766,0.6063245234624016,simulation_virtual_sample
radial,171.56249999999997,103.0,-19.78353019929562,2.934609489107245,9.948558968556117,-0.011170668480876753,0.6026222520542986,simulation_virtual_sample
radial,171.56249999999997,104.5,-19.78353019929562,2.934609489107245,9.979008953462996,-0.009151332314746255,0.5975489083073737,simulation_virtual_sample
radial,171.56249999999997,106.0,-19.78353019929562,2.934609489107245,10.010320422362396,-0.008709939870742719,0.5913265469397109,simulation_virtual_sample
radial,171.56249999999997,107.5,-19.78353019929562,2.934609489107245,10.041396510938517,-0.008800171988297752,0.5841175576198028,simulation_virtual_sample
radial,171.56249999999997,109.0,-19.78353019929562,2.934609489107245,10.072699108962054,-0.007583158455245205,0.5798945489088433,simulation_virtual_sample
radial,171.56249999999997,110.5,-19.78353019929562,2.934609489107245,10.103957566279684,-0.006158095108285857,0.5749028999888599,simulation_virtual_sample
radial,171.56249999999997,112.0,-19.78353019929562,2.934609489107245,10.136582495253814,-0.0040469411488511745,0.5691487547361072,simulation_virtual_sample
radial,171.56249999999997,113.5,-19.78353019929562,2.934609489107245,10.169290983840622,-0.0028205758472250432,0.562049924252397,simulation_virtual_sample
radial,171.56249999999997,115.0,-19.78353019929562,2.934609489107245,10.201718059023621,-0.0019199391075549659,0.55429757091616,simulation_virtual_sample
radial,174.37500000000003,100.0,-19.90369453344394,1.9603428065912079,9.889826141809506,-0.009224155666640371,0.6129276907567907,simulation_virtual_sample
radial,174.37500000000003,101.5,-19.90369453344394,1.9603428065912079,9.919968638493435,-0.0072613371754259816,0.6098529609593742,simulation_virtual_sample
radial,174.37500000000003,103.0,-19.90369453344394,1.9603428065912079,9.950111135177366,-0.005298518684211594,0.6067782311619582,simulation_virtual_sample
radial,174.37500000000003,104.5,-19.90369453344394,1.9603428065912079,9.98064330731866,-0.0047983935289290704,0.6019273022739747,simulation_virtual_sample
radial,174.37500000000003,106.0,-19.90369453344394,1.9603428065912079,10.011715339953119,-0.004899704503373121,0.5947084794548909,simulation_virtual_sample
radial,174.37500000000003,107.5,-19.90369453344394,1.9603428065912079,10.042787372587577,-0.005001015477817171,0.5874896566358072,simulation_virtual_sample
radial,174.37500000000003,109.0,-19.90369453344394,1.9603428065912079,10.074090424037687,-0.003792844713390098,0.5832320680195672,simulation_virtual_sample
radial,174.37500000000003,110.5,-19.90369453344394,1.9603428065912079,10.10540743017482,-0.0025055747302254816,0.5791533526972346,simulation_virtual_sample
radial,174.37500000000003,112.0,-19.90369453344394,1.9603428065912079,10.137017839735412,-0.0020580453475023868,0.5728333607715683,simulation_virtual_sample
radial,174.37500000000003,113.5,-19.90369453344394,1.9603428065912079,10.169444539866811,-0.0011614608989165558,0.5650736222301236,simulation_virtual_sample
radial,174.37500000000003,115.0,-19.90369453344394,1.9603428065912079,10.20187123999821,-0.00026487645033072496,0.557313883688679,simulation_virtual_sample
radial,177.1875,100.0,-19.97590912410345,0.9813534865483593,9.891218281469806,-0.0032826909173564386,0.6164523539743908,simulation_virtual_sample
radial,177.1875,101.5,-19.97590912410345,0.9813534865483593,9.92136419076425,-0.0013053078636509011,0.6133862643321987,simulation_virtual_sample
radial,177.1875,103.0,-19.97590912410345,0.9813534865483593,9.950394112506798,-0.00034956791210046824,0.6075575446347297,simulation_virtual_sample
radial,177.1875,104.5,-19.97590912410345,0.9813534865483593,9.980787065250922,-0.0002715738522067301,0.6023396463077061,simulation_virtual_sample
radial,177.1875,106.0,-19.97590912410345,0.9813534865483593,10.013111877475247,-0.0010850442725006835,0.5980943394412933,simulation_virtual_sample
radial,177.1875,107.5,-19.97590912410345,0.9813534865483593,10.044179849457842,-0.0011974469698183335,0.5908656717032955,simulation_virtual_sample
radial,177.1875,109.0,-19.97590912410345,0.9813534865483593,10.075483122474887,1.2376747318755199e-06,0.5865729055703448,simulation_virtual_sample
radial,177.1875,110.5,-19.97590912410345,0.9813534865483593,10.10579298321138,0.00023993717087911952,0.5797320316467142,simulation_virtual_sample
radial,177.1875,112.0,-19.97590912410345,0.9813534865483593,10.137131065213582,0.000277605899524897,0.5734964933545851,simulation_virtual_sample
radial,177.1875,113.5,-19.97590912410345,0.9813534865483593,10.169598307653747,0.0004999420443951242,0.5681014900249394,simulation_virtual_sample
radial,177.1875,115.0,-19.97590912410345,0.9813534865483593,10.202024632216332,0.0013924686136029243,0.5603343560937528,simulation_virtual_sample
axial,-180.0,100.0,-20.0,-2.4492935982947065e-15,4.027016116342987,-0.035575659410011846,27.98139419690614,simulation_virtual_sample
axial,-180.0,101.5,-20.0,-2.4492935982947065e-15,3.238519347614327,-0.01599937965552885,28.041685356966326,simulation_virtual_sample
axial,-180.0,103.0,-20.0,-2.4492935982947065e-15,2.450022578885667,0.003576900098957782,28.101976517026507,simulation_virtual_sample
axial,-180.0,104.5,-20.0,-2.4492935982947065e-15,1.6709187256671012,0.00235186204210362,28.148276208874094,simulation_virtual_sample
axial,-180.0,106.0,-20.0,-2.4492935982947065e-15,0.904815149686908,-0.027663267672694645,28.175210990482643,simulation_virtual_sample
axial,-180.0,107.5,-20.0,-2.4492935982947065e-15,0.13703664210723834,-0.04642803079120465,28.20081141984619,simulation_virtual_sample
axial,-180.0,109.0,-20.0,-2.4492935982947065e-15,-0.6273669700635393,-0.018794482807291176,28.195309862802667,simulation_virtual_sample
axial,-180.0,110.5,-20.0,-2.4492935982947065e-15,-1.3924172071781777,-0.014791371253964049,28.18813700101432,simulation_virtual_sample
axial,-180.0,112.0,-20.0,-2.4492935982947065e-15,-2.1693205775788713,-0.008389202997367123,28.15743413948521,simulation_virtual_sample
axial,-180.0,113.5,-20.0,-2.4492935982947065e-15,-2.958127574047689,0.0004222416271544196,28.103101043524614,simulation_virtual_sample
axial,-180.0,115.0,-20.0,-2.4492935982947065e-15,-3.7469345705165087,0.009233686251671867,28.04876794756402,simulation_virtual_sample
axial,-177.1875,100.0,-19.97590912410345,-0.9813534865483593,4.006767198930325,0.15934194195311932,27.988816979562454,simulation_virtual_sample
axial,-177.1875,101.5,-19.97590912410345,-0.9813534865483593,3.2281651812672574,0.08956280371464671,28.034152649810704,simulation_virtual_sample
axial,-177.1875,103.0,-19.97590912410345,-0.9813534865483593,2.440914789842622,0.09785771977482544,28.092609651891802,simulation_virtual_sample
axial,-177.1875,104.5,-19.97590912410345,-0.9813534865483593,1.6618212085813786,0.09658234625694744,28.13890257979893,simulation_virtual_sample
axial,-177.1875,106.0,-19.97590912410345,-0.9813534865483593,0.8956948574733307,0.06680311731657475,28.165813895048622,simulation_virtual_sample
axial,-177.1875,107.5,-19.97590912410345,-0.9813534865483593,0.1368565479850448,-0.018505157146366105,28.19651825309663,simulation_virtual_sample
axial,-177.1875,109.0,-19.97590912410345,-0.9813534865483593,-0.631991403646818,-0.09673976774692855,28.198047457896635,simulation_virtual_sample
axial,-177.1875,110.5,-19.97590912410345,-0.9813534865483593,-1.3972001076906266,-0.09534835772425053,28.19106985441638,simulation_virtual_sample
axial,-177.1875,112.0,-19.97590912410345,-0.9813534865483593,-2.1732166475034913,-0.08910732349230996,28.16212466744879,simulation_virtual_sample
axial,-177.1875,113.5,-19.97590912410345,-0.9813534865483593,-2.9606083915743198,-0.08617663412826904,28.107612549683818,simulation_virtual_sample
axial,-177.1875,115.0,-19.97590912410345,-0.9813534865483593,-3.724010116782632,-0.17880546476037937,28.049887122191933,simulation_virtual_sample
axial,-174.375,100.0,-19.903694533443936,-1.9603428065912165,3.986643623341993,0.3530529934918372,27.996193814818184,simulation_virtual_sample
axial,-174.375,101.5,-19.903694533443936,-1.9603428065912165,3.207992249465193,0.2837489618774436,28.041547577907636,simulation_virtual_sample
axial,-174.375,103.0,-19.903694533443936,-1.9603428065912165,2.429340875588393,0.21444493026305006,28.086901340997084,simulation_virtual_sample
axial,-174.375,104.5,-19.903694533443936,-1.9603428065912165,1.6532188727034527,0.1871519644981828,28.129765809855016,simulation_virtual_sample
axial,-174.375,106.0,-19.903694533443936,-1.9603428065912165,0.8955848885738537,0.09261080849545508,28.16110754754696,simulation_virtual_sample
axial,-174.375,107.5,-19.903694533443936,-1.9603428065912165,0.1379509044442546,-0.0019303475072726553,28.192449285238887,simulation_virtual_sample
axial,-174.375,109.0,-19.903694533443936,-1.9603428065912165,-0.6308886249601325,-0.08014291954001662,28.19398771024005,simulation_virtual_sample
axial,-174.375,110.5,-19.903694533443936,-1.9603428065912165,-1.4008228389965542,-0.1567603304720288,28.19261460995742,simulation_virtual_sample
axial,-174.375,112.0,-19.903694533443936,-1.9603428065912165,-2.1743046574325033,-0.18140284974150597,28.166456056045714,simulation_virtual_sample
axial,-174.375,113.5,-19.903694533443936,-1.9603428065912165,-2.937766112005464,-0.27354174682278465,28.108727712558967,simulation_virtual_sample
axial,-174.375,115.0,-19.903694533443936,-1.9603428065912165,-3.701227566578424,-0.3656806439040633,28.05099936907222,simulation_virtual_sample
axial,-171.5625,100.0,-19.78353019929562,-2.934609489107236,3.96654776086238,0.5464972765625107,28.00356049109215,simulation_virtual_sample
axial,-171.5625,101.5,-19.78353019929562,-2.934609489107236,3.187847098742577,0.4776676972808417,28.048932322106317,simulation_virtual_sample
axial,-171.5625,103.0,-19.78353019929562,-2.934609489107236,2.409668617897204,0.39013530122851403,28.096003049220325,simulation_virtual_sample
axial,-171.5625,104.5,-19.78353019929562,-2.934609489107236,1.6482783770541094,0.23006459217731623,28.132266709425313,simulation_virtual_sample
axial,-171.5625,106.0,-19.78353019929562,-2.934609489107236,0.8966796649252777,0.10919197770181932,28.157037018472195,simulation_virtual_sample
axial,-171.5625,107.5,-19.78353019929562,-2.934609489107236,0.13904318668812865,0.01461304666015118,28.188388029599096,simulation_virtual_sample
axial,-171.5625,109.0,-19.78353019929562,-2.934609489107236,-0.6297879416432285,-0.06357760670336848,28.189935676436363,simulation_virtual_sample
axial,-171.5625,110.5,-19.78353019929562,-2.934609489107236,-1.3957169646116203,-0.1578054126585397,28.188094265112355,simulation_virtual_sample
axial,-171.5625,112.0,-19.78353019929562,-2.934609489107236,-2.151187627652353,-0.33510125302868743,28.165063399990512,simulation_virtual_sample
axial,-171.5625,113.5,-19.78353019929562,-2.934609489107236,-2.914955289598597,-0.4606488303357874,28.109841339691634,simulation_virtual_sample
axial,-171.5625,115.0,-19.78353019929562,-2.934609489107236,-3.6784763912801277,-0.5522984685764368,28.052110084225763,simulation_virtual_sample
axial,-168.75,100.0,-19.61570560806461,-3.9018064403225723,3.9463825199519,0.7406094016247,28.010952599886917,simulation_virtual_sample
axial,-168.75,101.5,-19.61570560806461,-3.9018064403225723,3.168503084975802,0.6419782697528437,28.05904987536561,simulation_virtual_sample
axial,-168.75,103.0,-19.61570560806461,-3.9018064403225723,2.3922283808616704,0.4875434460566656,28.112136909315605,simulation_virtual_sample
axial,-168.75,104.5,-19.61570560806461,-3.9018064403225723,1.6308093619449524,0.3274508077385427,28.14843438986736,simulation_virtual_sample
axial,-168.75,106.0,-19.61570560806461,-3.9018064403225723,0.8900343502530115,0.1594958618674686,28.161400488725967,simulation_virtual_sample
axial,-168.75,107.5,-19.61570560806461,-3.9018064403225723,0.14013867066862915,0.031204933413927254,28.18431486946209,simulation_virtual_sample
axial,-168.75,109.0,-19.61570560806461,-3.9018064403225723,-0.6228208911905088,-0.07284464099487058,28.18520477955104,simulation_virtual_sample
axial,-168.75,110.5,-19.61570560806461,-3.9018064403225723,-1.3721651153257723,-0.2402512013501528,28.181471311712453,simulation_virtual_sample
axial,-168.75,112.0,-19.61570560806461,-3.9018064403225723,-2.1276452446027867,-0.41751390413918377,28.158443108565944,simulation_virtual_sample
axial,-168.75,113.5,-19.61570560806461,-3.9018064403225723,-2.891827510193059,-0.6087549023874719,28.108050496599713,simulation_virtual_sample
axial,-168.75,115.0,-19.61570560806461,-3.9018064403225723,-3.655646670418326,-0.7395605677536092,28.05322463398331,simulation_virtual_sample
axial,-165.9375,100.0,-19.400625063890878,-4.859603598065282,3.9038123670462057,0.9396467394522263,28.01294417103169,simulation_virtual_sample
axial,-165.9375,101.5,-19.400625063890878,-4.859603598065282,3.151068817278392,0.7393530743143847,28.07517821326151,simulation_virtual_sample
axial,-165.9375,103.0,-19.400625063890878,-4.859603598065282,2.374836487435267,0.5846815795730399,28.128226047024107,simulation_virtual_sample
axial,-165.9375,104.5,-19.400625063890878,-4.859603598065282,1.6133889403666588,0.4245661242226302,28.164557096699067,simulation_virtual_sample
axial,-165.9375,106.0,-19.400625063890878,-4.859603598065282,0.8725702189497905,0.2568548512013034,28.177563649175717,simulation_virtual_sample
axial,-165.9375,107.5,-19.400625063890878,-4.859603598065282,0.1371652375072343,0.05478935003409731,28.18848698457096,simulation_virtual_sample
axial,-165.9375,109.0,-19.400625063890878,-4.859603598065282,-0.5992744290409201,-0.15527157143496004,28.178583341053514,simulation_virtual_sample
axial,-165.9375,110.5,-19.400625063890878,-4.859603598065282,-1.3486781028279906,-0.3224700218719449,28.17486659089467,simulation_virtual_sample
axial,-165.9375,112.0,-19.400625063890878,-4.859603598065282,-2.1041676722813225,-0.4996996783055755,28.151841042395226,simulation_virtual_sample
axial,-165.9375,113.5,-19.400625063890878,-4.859603598065282,-2.8682884530152393,-0.6911559109252029,28.101431140434762,simulation_virtual_sample
axial,-165.9375,115.0,-19.400625063890878,-4.859603598065282,-3.6167342607681277,-0.9181763376726993,28.053477475162953,simulation_virtual_sample
axial,-163.125,100.0,-19.138806714644176,-5.805693545089248,3.831944251795251,1.142533036864636,28.007706279502063,simulation_virtual_sample
axial,-163.125,101.5,-19.138806714644176,-5.805693545089248,3.10395823170413,0.8943078917288568,28.079678717317037,simulation_virtual_sample
axial,-163.125,103.0,-19.138806714644176,-5.805693545089248,2.3574089346044023,0.6820188799027551,28.1443481730367,simulation_virtual_sample
axial,-163.125,104.5,-19.138806714644176,-5.805693545089248,1.595932971325709,0.521879610600055,28.180712702925103,simulation_virtual_sample
axial,-163.125,106.0,-19.138806714644176,-5.805693545089248,0.8618721237785105,0.3112814571068282,28.19112099972961,simulation_virtual_sample
axial,-163.125,107.5,-19.138806714644176,-5.805693545089248,0.13531561654370508,0.0530964685065499,28.19861789626707,simulation_virtual_sample
axial,-163.125,109.0,-19.138806714644176,-5.805693545089248,-0.5908480031763454,-0.18963152966655802,28.18193377403582,simulation_virtual_sample
axial,-163.125,110.5,-19.138806714644176,-5.805693545089248,-1.3251424850978903,-0.40485899025195216,28.16824820192774,simulation_virtual_sample
axial,-163.125,112.0,-19.138806714644176,-5.805693545089248,-2.0806415142635277,-0.5820555319423545,28.145225313569032,simulation_virtual_sample
axial,-163.125,113.5,-19.138806714644176,-5.805693545089248,-2.827228884918962,-0.8132913001488833,28.09756328019409,simulation_virtual_sample
axial,-163.125,115.0,-19.138806714644176,-5.805693545089248,-3.5569053425917687,-1.082820833161241,28.052577672065105,simulation_virtual_sample
axial,-160.3125,100.0,-18.830881303660412,-6.737797067844406,3.7603728022647616,1.3445818361823159,28.002490009561637,simulation_virtual_sample
axial,-160.3125,101.5,-18.830881303660412,-6.737797067844406,3.032211545093913,1.0968513916818776,28.07444967574885,simulation_virtual_sample
axial,-160.3125,103.0,-18.830881303660412,-6.737797067844406,2.3040502879230647,0.8491209471814393,28.146409341936064,simulation_virtual_sample
axial,-160.3125,104.5,-18.830881303660412,-6.737797067844406,1.5865772660595376,0.5677719679774543,28.19376456722981,simulation_virtual_sample
axial,-160.3125,106.0,-18.830881303660412,-6.737797067844406,0.8600249712974788,0.3095908348791614,28.20123839082949,simulation_virtual_sample
axial,-160.3125,107.5,-18.830881303660412,-6.737797067844406,0.1334726765354193,0.051409701780868455,28.20871221442917,simulation_virtual_sample
axial,-160.3125,109.0,-18.830881303660412,-6.737797067844406,-0.5926941940831175,-0.19131271690443935,28.192033415604524,simulation_virtual_sample
axial,-160.3125,110.5,-18.830881303660412,-6.737797067844406,-1.3188233778738903,-0.43252358028806376,28.172992969911984,simulation_virtual_sample
axial,-160.3125,112.0,-18.830881303660412,-6.737797067844406,-2.037658064128226,-0.7085863619769465,28.141648100959383,simulation_virtual_sample
axial,-160.3125,113.5,-18.830881303660412,-6.737797067844406,-2.767490728720057,-0.9776860257862745,28.09666484212023,simulation_virtual_sample
axial,-160.3125,115.0,-18.830881303660412,-6.737797067844406,-3.497323393311888,-1.246785689595603,28.05168158328108,simulation_virtual_sample
axial,-157.5,100.0,-18.477590650225736,-7.653668647301798,3.6887520220266046,1.5467698978779294,27.997270144300877,simulation_virtual_sample
axial,-157.5,101.5,-18.477590650225736,-7.653668647301798,2.9604154069936595,1.29953449498584,28.06921703005747,simulation_virtual_sample
axial,-157.5,103.0,-18.477590650225736,-7.653668647301798,2.2493453392854006,0.9803458997876139,28.13707876663367,simulation_virtual_sample
axial,-157.5,104.5,-18.477590650225736,-7.653668647301798,1.5508407901765557,0.6383983141964605,28.18579166109917,simulation_virtual_sample
axial,-157.5,106.0,-18.477590650225736,-7.653668647301798,0.8581755896030563,0.30789817234472594,28.211367991979145,simulation_virtual_sample
axial,-157.5,107.5,-18.477590650225736,-7.653668647301798,0.13162751239751455,0.04972089940138395,28.21881871479575,simulation_virtual_sample
axial,-157.5,109.0,-18.477590650225736,-7.653668647301798,-0.5945426217631432,-0.1929959410035329,28.20214529350699,simulation_virtual_sample
axial,-157.5,110.5,-18.477590650225736,-7.653668647301798,-1.2915683394248045,-0.48367273664056376,28.180374161617635,simulation_virtual_sample
axial,-157.5,112.0,-18.477590650225736,-7.653668647301798,-1.991548286325878,-0.808653787413154,28.145109614774086,simulation_virtual_sample
axial,-157.5,113.5,-18.477590650225736,-7.653668647301798,-2.7077113979251446,-1.1421940606860297,28.095765784796846,simulation_virtual_sample
axial,-157.5,115.0,-18.477590650225736,-7.653668647301798,-3.437700377101807,-1.4108635590044631,28.05078487686679,simulation_virtual_sample
axial,-154.6875,100.0,-18.079785862468867,-8.55110186860564,3.616734958665872,1.750076681209496,27.99202139713604,simulation_virtual_sample
axial,-154.6875,101.5,-18.079785862468867,-8.55110186860564,2.9089002280155865,1.4175493461025201,28.059150728157196,simulation_virtual_sample
axial,-154.6875,103.0,-18.079785862468867,-8.55110186860564,2.2050570729815937,1.0684617727240544,28.125352593243843,simulation_virtual_sample
axial,-154.6875,104.5,-18.079785862468867,-8.55110186860564,1.506791415802714,0.7267900324565794,28.17332934998595,simulation_virtual_sample
axial,-154.6875,106.0,-18.079785862468867,-8.55110186860564,0.8151979423158536,0.39398961801140686,28.199503987957126,simulation_virtual_sample
axial,-154.6875,107.5,-18.079785862468867,-8.55110186860564,0.12360446882899323,0.06118920356623438,28.225678625928307,simulation_virtual_sample
axial,-154.6875,109.0,-18.079785862468867,-8.55110186860564,-0.559789971213214,-0.2568802518697437,28.208806076025425,simulation_virtual_sample
axial,-154.6875,110.5,-18.079785862468867,-8.55110186860564,-1.2493191813703266,-0.5602832392024721,28.186300044003765,simulation_virtual_sample
axial,-154.6875,112.0,-18.079785862468867,-8.55110186860564,-1.9501648794779025,-0.8870070905624104,28.14999103627789,simulation_virtual_sample
axial,-154.6875,113.5,-18.079785862468867,-8.55110186860564,-2.6626195310122784,-1.2376545148143736,28.09952232610697,simulation_virtual_sample
axial,-154.6875,115.0,-18.079785862468867,-8.55110186860564,-3.3777474622929877,-1.5758492835109457,28.049883208908977,simulation_virtual_sample
axial,-151.875,100.0,-17.6384252869671,-9.427934736519957,3.522801709923181,1.9153462494975817,27.99736216032561,simulation_virtual_sample
axial,-151.875,101.5,-17.6384252869671,-9.427934736519957,2.8629034245438687,1.5079870433638376,28.047977993614392,simulation_virtual_sample
axial,-151.875,103.0,-17.6384252869671,-9.427934736519957,2.1607799579071356,1.1565554591901193,28.113629372357234,simulation_virtual_sample
axial,-151.875,104.5,-17.6384252869671,-9.427934736519957,1.4627458075102802,0.8151741935059222,28.160868104360688,simulation_virtual_sample
axial,-151.875,106.0,-17.6384252869671,-9.427934736519957,0.7760652883182275,0.4751267478154286,28.189063146433504,simulation_virtual_sample
axial,-151.875,107.5,-17.6384252869671,-9.427934736519957,0.12443564672035747,0.08300770579837102,28.231583551501892,simulation_virtual_sample
axial,-151.875,109.0,-17.6384252869671,-9.427934736519957,-0.5212879870691192,-0.3245428446148508,28.21443794909177,simulation_virtual_sample
axial,-151.875,110.5,-17.6384252869671,-9.427934736519957,-1.2071072685475106,-0.6368262048938945,28.192220702360057,simulation_virtual_sample
axial,-151.875,112.0,-17.6384252869671,-9.427934736519957,-1.9088021762006635,-0.9653211945911033,28.154870015671122,simulation_virtual_sample
axial,-151.875,113.5,-17.6384252869671,-9.427934736519957,-2.6211522250962727,-1.3161666683244846,28.104413644009988,simulation_virtual_sample
axial,-151.875,115.0,-17.6384252869671,-9.427934736519957,-3.2899672455246143,-1.7283265083399901,28.055603575958322,simulation_virtual_sample
axial,-149.0625,100.0,-17.15457220000544,-10.282054883864436,3.425879547532343,2.07312200114527,28.00442844162459,simulation_virtual_sample
axial,-149.0625,101.5,-17.15457220000544,-10.282054883864436,2.7657384993679957,1.6661579789399092,28.055061973962644,simulation_virtual_sample
axial,-149.0625,103.0,-17.15457220000544,-10.282054883864436,2.1055974512036486,1.259193956734549,28.10569550630069,simulation_virtual_sample
axial,-149.0625,104.5,-17.15457220000544,-10.282054883864436,1.4287437330598747,0.8887170390428796,28.152530829392045,simulation_virtual_sample
axial,-149.0625,106.0,-17.15457220000544,-10.282054883864436,0.7771111558853265,0.4965378994767209,28.195034473935202,simulation_virtual_sample
axial,-149.0625,107.5,-17.15457220000544,-10.282054883864436,0.12561997016921275,0.10399246812824699,28.23611185042902,simulation_virtual_sample
axial,-149.0625,109.0,-17.15457220000544,-10.282054883864436,-0.5199152749161932,-0.30398255234210847,28.21710944615378,simulation_virtual_sample
axial,-149.0625,110.5,-17.15457220000544,-10.282054883864436,-1.1654505200015997,-0.7119575728124645,28.198107041878544,simulation_virtual_sample
axial,-149.0625,112.0,-17.15457220000544,-10.282054883864436,-1.8628351242579642,-1.0501970489240517,28.15993583976113,simulation_virtual_sample
axial,-149.0625,113.5,-17.15457220000544,-10.282054883864436,-2.530502938721914,-1.4639235423547605,28.11116104645281,simulation_virtual_sample
axial,-149.0625,115.0,-17.15457220000544,-10.282054883864436,-3.1981707531858627,-1.877650035785469,28.062386253144485,simulation_virtual_sample
axial,-146.25,100.0,-16.629392246050905,-11.111404660392044,3.329157546627548,2.2305719178329,28.011480129797178,simulation_virtual_sample
axial,-146.25,101.5,-16.629392246050905,-11.111404660392044,2.668774237026449,1.8240022634308968,28.062131324632826,simulation_virtual_sample
axial,-146.25,103.0,-16.629392246050905,-11.111404660392044,2.0174771326464715,1.394732511965717,28.111852610538605,simulation_virtual_sample
axial,-146.25,104.5,-16.629392246050905,-11.111404660392044,1.4129099479667893,0.924666320248275,28.157958553066006,simulation_virtual_sample
axial,-146.25,106.0,-16.629392246050905,-11.111404660392044,0.7781550928404578,0.5179095273713917,28.200994778706402,simulation_virtual_sample
axial,-146.25,107.5,-16.629392246050905,-11.111404660392044,0.12698712572880222,0.12446953451652201,28.238772533554005,simulation_virtual_sample
axial,-146.25,109.0,-16.629392246050905,-11.111404660392044,-0.5185442720497402,-0.2834478615251378,28.21977761669626,simulation_virtual_sample
axial,-146.25,110.5,-16.629392246050905,-11.111404660392044,-1.1548853480611971,-0.7093706688192254,28.20154153295366,simulation_virtual_sample
axial,-146.25,112.0,-16.629392246050905,-11.111404660392044,-1.7732974279469533,-1.195410862646322,28.16671615552656,simulation_virtual_sample
axial,-146.25,113.5,-16.629392246050905,-11.111404660392044,-2.4386717301014853,-1.61330354208483,28.117946288762383,simulation_virtual_sample
axial,-146.25,115.0,-16.629392246050905,-11.111404660392044,-3.1065638369137902,-2.0266651836156213,28.069154922897145,simulation_virtual_sample
axial,-143.4375,100.0,-16.064150629612897,-11.91398608984867,3.2321685409738707,2.3884564809822812,28.0185512844222,simulation_virtual_sample
axial,-143.4375,101.5,-16.064150629612897,-11.91398608984867,2.580748473361532,1.9594151589912276,28.068282490945343,simulation_virtual_sample
axial,-143.4375,103.0,-16.064150629612897,-11.91398608984867,1.9524785318780886,1.4728714576359616,28.115655729052648,simulation_virtual_sample
axial,-143.4375,104.5,-16.064150629612897,-11.91398608984867,1.347905426623529,1.002812383417548,28.161762017997475,simulation_virtual_sample
axial,-143.4375,106.0,-16.064150629612897,-11.91398608984867,0.767384934555149,0.549485431420489,28.206582336197638,simulation_virtual_sample
axial,-143.4375,107.5,-16.064150629612897,-11.91398608984867,0.12835918269866856,0.14502001354824187,28.2414427555347,simulation_virtual_sample
axial,-143.4375,109.0,-16.064150629612897,-11.91398608984867,-0.5028585354502202,-0.29091898187723536,28.2236320495553,simulation_virtual_sample
axial,-143.4375,110.5,-16.064150629612897,-11.91398608984867,-1.1087084866950265,-0.7766358583970792,28.207907335473717,simulation_virtual_sample
axial,-143.4375,112.0,-16.064150629612897,-11.91398608984867,-1.727086076026203,-1.2627033574561115,28.173108105576784,simulation_virtual_sample
axial,-143.4375,113.5,-16.064150629612897,-11.91398608984867,-2.3544162149706462,-1.7490214197622602,28.124677770757383,simulation_virtual_sample
axial,-143.4375,115.0,-16.064150629612897,-11.91398608984867,-3.0147040362778057,-2.1760916934084493,28.075942277819156,simulation_virtual_sample
axial,-140.625,100.0,-15.46020906725474,-12.68786568327291,3.1215269525639284,2.5417619339992616,28.022400532423056,simulation_virtual_sample
axial,-140.625,101.5,-15.46020906725474,-12.68786568327291,2.5157775245039367,2.037520862543501,28.072083991524647,simulation_virtual_sample
axial,-140.625,103.0,-15.46020906725474,-12.68786568327291,1.887703558536219,1.5507415665755047,28.11944576295262,simulation_virtual_sample
axial,-140.625,104.5,-15.46020906725474,-12.68786568327291,1.2831245530764972,1.080689585368392,28.165552397123026,simulation_virtual_sample
axial,-140.625,106.0,-15.46020906725474,-12.68786568327291,0.702393254182551,0.627616057643471,28.210385049793956,simulation_virtual_sample
axial,-140.625,107.5,-15.46020906725474,-12.68786568327291,0.14076735572970842,0.13690333353584608,28.244382882436234,simulation_virtual_sample
axial,-140.625,109.0,-15.46020906725474,-12.68786568327291,-0.4567279649900534,-0.3581167401382783,28.22999147055099,simulation_virtual_sample
axial,-140.625,110.5,-15.46020906725474,-12.68786568327291,-1.0626904544549072,-0.8436696838033922,28.214251242290583,simulation_virtual_sample
axial,-140.625,112.0,-15.46020906725474,-12.68786568327291,-1.6810339953794111,-1.329763923076844,28.179478025238684,simulation_virtual_sample
axial,-140.625,113.5,-15.46020906725474,-12.68786568327291,-2.308251415409422,-1.8162461255054758,28.13106328168941,simulation_virtual_sample
axial,-140.625,115.0,-15.46020906725474,-12.68786568327291,-2.909452029710578,-2.321708856024933,28.078598623215186,simulation_virtual_sample
axial,-137.8125,100.0,-14.819022507099177,-13.43117909694037,2.9790219847519617,2.6804393657168073,28.01811019277395,simulation_virtual_sample
axial,-137.8125,101.5,-14.819022507099177,-13.43117909694037,2.428523177443274,2.133050603024418,28.07356593148319,simulation_virtual_sample
axial,-137.8125,103.0,-14.819022507099177,-13.43117909694037,1.8228392575588583,1.628719061938355,28.123241023481786,simulation_virtual_sample
axial,-137.8125,104.5,-14.819022507099177,-13.43117909694037,1.218254343757322,1.158674183524129,28.169348003353853,simulation_virtual_sample
axial,-137.8125,106.0,-14.819022507099177,-13.43117909694037,0.6564603025500637,0.6756390749892819,28.210713512020305,simulation_virtual_sample
axial,-137.8125,107.5,-14.819022507099177,-13.43117909694037,0.12521970886100192,0.13870791975286917,28.2409195236513,simulation_virtual_sample
axial,-137.8125,109.0,-14.819022507099177,-13.43117909694037,-0.42617275561887435,-0.40789908437963907,28.23386978265645,simulation_virtual_sample
axial,-137.8125,110.5,-14.819022507099177,-13.43117909694037,-1.0166089190588248,-0.9107960133708425,28.220603903460564,simulation_virtual_sample
axial,-137.8125,112.0,-14.819022507099177,-13.43117909694037,-1.6349186882139977,-1.3969165585029235,28.185856690386963,simulation_virtual_sample
axial,-137.8125,113.5,-14.819022507099177,-13.43117909694037,-2.225889963167474,-1.90985015133239,28.13180293947749,simulation_virtual_sample
axial,-137.8125,115.0,-14.819022507099177,-13.43117909694037,-2.7728764556609815,-2.4547827585833892,28.070865858537196,simulation_virtual_sample
axial,-135.0,100.0,-14.14213562373095,-14.142135623730951,2.8372032173105812,2.8184490276962326,28.01384051228292,simulation_virtual_sample
axial,-135.0,101.5,-14.14213562373095,-14.142135623730951,2.2863491938355898,2.2714059404311913,28.069285556642164,simulation_virtual_sample
axial,-135.0,103.0,-14.14213562373095,-14.142135623730951,1.7354951703605983,1.7243628531661501,28.124730601001414,simulation_virtual_sample
axial,-135.0,104.5,-14.14213562373095,-14.142135623730951,1.1685382377438411,1.2126365431204496,28.170353969525898,simulation_virtual_sample
axial,-135.0,106.0,-14.14213562373095,-14.142135623730951,0.6401016302249153,0.6770278262384112,28.20567870739138,simulation_virtual_sample
axial,-135.0,107.5,-14.14213562373095,-14.142135623730951,0.10974984951711605,0.1405034773177539,28.237473492640127,simulation_virtual_sample
axial,-135.0,109.0,-14.14213562373095,-14.142135623730951,-0.44168172725234506,-0.4060989871246456,28.23041503907978,simulation_virtual_sample
axial,-135.0,110.5,-14.14213562373095,-14.142135623730951,-0.9931133040218061,-0.9527014515670452,28.223356585519422,simulation_virtual_sample
axial,-135.0,112.0,-14.14213562373095,-14.142135623730951,-1.5423191295392749,-1.4979999889449827,28.185006759356703,simulation_virtual_sample
axial,-135.0,113.5,-14.14213562373095,-14.142135623730951,-2.089638829934806,-2.0426079314366046,28.12408854429571,simulation_virtual_sample
axial,-135.0,115.0,-14.14213562373095,-14.142135623730951,-2.636958530330338,-2.587215873928227,28.063170329234715,simulation_virtual_sample
axial,-132.1875,100.0,-13.431179096940369,-14.81902250709918,2.6953844498692003,2.9564586896756584,28.00957083179189,simulation_virtual_sample
axial,-132.1875,101.5,-13.431179096940369,-14.81902250709918,2.1441752102279055,2.409761277837965,28.065005181801137,simulation_virtual_sample
axial,-132.1875,103.0,-13.431179096940369,-14.81902250709918,1.6188140687683785,1.8363831225059928,28.125937272668786,simulation_virtual_sample
axial,-132.1875,104.5,-13.431179096940369,-14.81902250709918,1.1311406253688647,1.238157831269766,28.171485305444957,simulation_virtual_sample
axial,-132.1875,106.0,-13.431179096940369,-14.81902250709918,0.6237398016088505,0.678416845437339,28.20064293133226,simulation_virtual_sample
axial,-132.1875,107.5,-13.431179096940369,-14.81902250709918,0.09428290365361965,0.14229869672043324,28.234028110629286,simulation_virtual_sample
axial,-132.1875,109.0,-13.431179096940369,-14.81902250709918,-0.45718777803930344,-0.40429922888682984,28.226960946144292,simulation_virtual_sample
axial,-132.1875,110.5,-13.431179096940369,-14.81902250709918,-0.9576642125082264,-0.9866606233921841,28.223657822859135,simulation_virtual_sample
axial,-132.1875,112.0,-13.431179096940369,-14.81902250709918,-1.4385811930416672,-1.5943628710190734,28.182363635481167,simulation_virtual_sample
axial,-132.1875,113.5,-13.431179096940369,-14.81902250709918,-1.9533876967021382,-2.17536571154082,28.11637414911393,simulation_virtual_sample
axial,-132.1875,115.0,-13.431179096940369,-14.81902250709918,-2.5010406049996936,-2.7196489892730646,28.05547479993223,simulation_virtual_sample
axial,-129.375,100.0,-12.687865683272907,-15.460209067254741,2.552879482057234,3.095136121393203,28.00528049214278,simulation_virtual_sample
axial,-129.375,101.5,-12.687865683272907,-15.460209067254741,2.0396354107760843,2.509255628408996,28.068774173711265,simulation_virtual_sample
axial,-129.375,103.0,-12.687865683272907,-15.460209067254741,1.5466622503802572,1.9024650668673937,28.136536614325696,simulation_virtual_sample
axial,-129.375,104.5,-12.687865683272907,-15.460209067254741,1.0587884813088353,1.3039079119967922,28.182937279165394,simulation_virtual_sample
axial,-129.375,106.0,-12.687865683272907,-15.460209067254741,0.57682386161314,0.7148915879420579,28.204584024183415,simulation_virtual_sample
axial,-129.375,107.5,-12.687865683272907,-15.460209067254741,0.0787440536829479,0.14410226189799757,28.230566711421538,simulation_virtual_sample
axial,-129.375,109.0,-12.687865683272907,-15.460209067254741,-0.4172904846527092,-0.4413648742456904,28.227593866842664,simulation_virtual_sample
axial,-129.375,110.5,-12.687865683272907,-15.460209067254741,-0.8890043939097362,-1.0438744118860208,28.22641982356535,simulation_virtual_sample
axial,-129.375,112.0,-12.687865683272907,-15.460209067254741,-1.3699029880320925,-1.651597763777707,28.185108502945788,simulation_virtual_sample
axial,-129.375,113.5,-12.687865683272907,-15.460209067254741,-1.857409341888973,-2.263072102489142,28.114921125176274,simulation_virtual_sample
axial,-129.375,115.0,-12.687865683272907,-15.460209067254741,-2.3644650309500976,-2.8527228918315206,28.047742035254245,simulation_virtual_sample
axial,-126.5625,100.0,-11.913986089848667,-16.0641506296129,2.388247525530616,3.216847984048065,28.01234569835609,simulation_virtual_sample
axial,-126.5625,101.5,-11.913986089848667,-16.0641506296129,1.9674523863579232,2.5753661535489116,28.07937809963759,simulation_virtual_sample
axial,-126.5625,103.0,-11.913986089848667,-16.0641506296129,1.4746412972792096,1.9684271551695518,28.147116731437475,simulation_virtual_sample
axial,-126.5625,104.5,-11.913986089848667,-16.0641506296129,0.9865797811313248,1.3695276379571704,28.194366548436722,simulation_virtual_sample
axial,-126.5625,106.0,-11.913986089848667,-16.0641506296129,0.5044472272672114,0.7806639242400248,28.216039874252147,simulation_virtual_sample
axial,-126.5625,107.5,-11.913986089848667,-16.0641506296129,0.07007111232480161,0.14570011057712634,28.234154435580685,simulation_virtual_sample
axial,-126.5625,109.0,-11.913986089848667,-16.0641506296129,-0.3485462370966387,-0.49864901685085977,28.230359263899828,simulation_virtual_sample
axial,-126.5625,110.5,-11.913986089848667,-16.0641506296129,-0.8204394429223225,-1.1010091478052102,28.229178008001515,simulation_virtual_sample
axial,-126.5625,112.0,-11.913986089848667,-16.0641506296129,-1.301319494720557,-1.7087537259079189,28.18784958506018,simulation_virtual_sample
axial,-126.5625,113.5,-11.913986089848667,-16.0641506296129,-1.7886580523701174,-2.3203679022567814,28.11766891361548,simulation_virtual_sample
axial,-126.5625,115.0,-11.913986089848667,-16.0641506296129,-2.2119670147686485,-2.967616060225908,28.052511155550924,simulation_virtual_sample
axial,-123.74999999999999,100.0,-11.11140466039204,-16.62939224605091,2.2161324987609428,3.3307709885071,28.023891764951603,simulation_virtual_sample
axial,-123.74999999999999,101.5,-11.11140466039204,-16.62939224605091,1.8120235559303506,2.681362335412573,28.09078466867804,simulation_virtual_sample
axial,-123.74999999999999,103.0,-11.11140466039204,-16.62939224605091,1.4024033233299102,2.034588007133386,28.157728729632353,simulation_virtual_sample
axial,-123.74999999999999,104.5,-11.11140466039204,-16.62939224605091,0.9141657506396803,1.4353339580386408,28.205828317606866,simulation_virtual_sample
axial,-123.74999999999999,106.0,-11.11140466039204,-16.62939224605091,0.48337354613517214,0.7969173869313577,28.223665662930244,simulation_virtual_sample
axial,-123.74999999999999,107.5,-11.11140466039204,-16.62939224605091,0.06460631948845051,0.1468967245031516,28.24060125635892,simulation_virtual_sample
axial,-123.74999999999999,109.0,-11.11140466039204,-16.62939224605091,-0.33694050304318707,-0.5109099196602768,28.235968147882065,simulation_virtual_sample
axial,-123.74999999999999,110.5,-11.11140466039204,-16.62939224605091,-0.7516380944846507,-1.1583408722104693,28.231945702074295,simulation_virtual_sample
axial,-123.74999999999999,112.0,-11.11140466039204,-16.62939224605091,-1.2324993578976005,-1.7661069014917488,28.190600125125254,simulation_virtual_sample
axial,-123.74999999999999,113.5,-11.11140466039204,-16.62939224605091,-1.6459538936018836,-2.418798766160901,28.126221045823605,simulation_virtual_sample
axial,-123.74999999999999,115.0,-11.11140466039204,-16.62939224605091,-2.0543657709875793,-3.0742910289714733,28.06223837506984,simulation_virtual_sample
axial,-120.9375,100.0,-10.282054883864433,-17.154572200005443,2.0444912940414266,3.4443803699632753,28.03540604593811,simulation_virtual_sample
axial,-120.9375,101.5,-10.282054883864433,-17.154572200005443,1.6399621011855328,2.795249880527116,28.102327141478302,simulation_virtual_sample
axial,-120.9375,103.0,-10.282054883864433,-17.154572200005443,1.2354329083296391,2.146119391090957,28.16924823701849,simulation_virtual_sample
axial,-120.9375,104.5,-10.282054883864433,-17.154572200005443,0.893586381004894,1.4495197784362115,28.212789698292546,simulation_virtual_sample
axial,-120.9375,106.0,-10.282054883864433,-17.154572200005443,0.4779095372381366,0.7981138291998782,28.2301115588946,simulation_virtual_sample
axial,-120.9375,107.5,-10.282054883864433,-17.154572200005443,0.05915657506092251,0.14809004331148412,28.24703032451641,simulation_virtual_sample
axial,-120.9375,109.0,-10.282054883864433,-17.154572200005443,-0.3424019457791699,-0.509714628205355,28.242410832656503,simulation_virtual_sample
axial,-120.9375,110.5,-10.282054883864433,-17.154572200005443,-0.7415454670371959,-1.1687362383885862,28.23753533890752,simulation_virtual_sample
axial,-120.9375,112.0,-10.282054883864433,-17.154572200005443,-1.0796043922194551,-1.8702091565235783,28.199951697634212,simulation_virtual_sample
axial,-120.9375,113.5,-10.282054883864433,-17.154572200005443,-1.4884013929634876,-2.525440742316456,28.135945256893873,simulation_virtual_sample
axial,-120.9375,115.0,-10.282054883864433,-17.154572200005443,-1.89719839370752,-3.1806723281093343,28.071938816153533,simulation_virtual_sample
axial,-118.125,100.0,-9.427934736519955,-17.638425286967102,1.8724948861801076,3.5582248605198403,28.046944155170216,simulation_virtual_sample
axial,-118.125,101.5,-9.427934736519955,-17.638425286967102,1.4697674924981055,2.907346530465881,28.113452080690294,simulation_virtual_sample
axial,-118.125,103.0,-9.427934736519955,-17.638425286967102,1.137577623539955,2.192160891555912,28.165952888481822,simulation_virtual_sample
axial,-118.125,104.5,-9.427934736519955,-17.638425286967102,0.802921035484123,1.489000243439618,28.208063358652037,simulation_virtual_sample
axial,-118.125,106.0,-9.427934736519955,-17.638425286967102,0.4647965699591904,0.8027451257011878,28.23556640239612,simulation_virtual_sample
axial,-118.125,107.5,-9.427934736519955,-17.638425286967102,0.053695556830306204,0.1492858307202154,28.253472692389032,simulation_virtual_sample
axial,-118.125,109.0,-9.427934736519955,-17.638425286967102,-0.34171868341118833,-0.5116221236854832,28.248299492958097,simulation_virtual_sample
axial,-118.125,110.5,-9.427934736519955,-17.638425286967102,-0.6763783401677327,-1.203174959503488,28.237495351117143,simulation_virtual_sample
axial,-118.125,112.0,-9.427934736519955,-17.638425286967102,-1.0063983610813607,-1.910935412891415,28.200740587411577,simulation_virtual_sample
axial,-118.125,113.5,-9.427934736519955,-17.638425286967102,-1.3330986371542137,-2.630292714961151,28.14541767612576,simulation_virtual_sample
axial,-118.125,115.0,-9.427934736519955,-17.638425286967102,-1.7397057661689928,-3.2872737781820747,28.081659331829194,simulation_virtual_sample
axial,-115.31250000000001,100.0,-8.551101868605645,-18.079785862468864,1.698563862477796,3.6647580355134632,28.055190397247593,simulation_virtual_sample
axial,-115.31250000000001,101.5,-8.551101868605645,-18.079785862468864,1.3792246729720679,2.9467736412001413,28.108732128269317,simulation_virtual_sample
axial,-115.31250000000001,103.0,-8.551101868605645,-18.079785862468864,1.0472556343696797,2.2314918411264744,28.161244447838122,simulation_virtual_sample
axial,-115.31250000000001,104.5,-8.551101868605645,-18.079785862468864,0.7126299491178647,1.5283177363022677,28.203356528956235,simulation_virtual_sample
axial,-115.31250000000001,106.0,-8.551101868605645,-18.079785862468864,0.37426937363571544,0.8421654332704855,28.23084726440497,simulation_virtual_sample
axial,-115.31250000000001,107.5,-8.551101868605645,-18.079785862468864,0.046443536738261224,0.149561742316883,28.25900229939602,simulation_virtual_sample
axial,-115.31250000000001,109.0,-8.551101868605645,-18.079785862468864,-0.27665093696497994,-0.5460083254575019,28.24825956614944,simulation_virtual_sample
axial,-115.31250000000001,110.5,-8.551101868605645,-18.079785862468864,-0.6114804125871952,-1.2374714174915495,28.237455528512573,simulation_virtual_sample
axial,-115.31250000000001,112.0,-8.551101868605645,-18.079785862468864,-0.9414749332473887,-1.945256108878861,28.20068044863148,simulation_virtual_sample
axial,-115.31250000000001,113.5,-8.551101868605645,-18.079785862468864,-1.268016429583103,-2.664697347229676,28.145357390267478,simulation_virtual_sample
axial,-115.31250000000001,115.0,-8.551101868605645,-18.079785862468864,-1.5794207085484964,-3.388650102183389,28.089951218862588,simulation_virtual_sample
axial,-112.5,100.0,-7.653668647301794,-18.477590650225736,1.5203518879405726,3.7228812846366885,28.043316410159594,simulation_virtual_sample
axial,-112.5,101.5,-7.653668647301794,-18.477590650225736,1.2660048349453836,2.9910385092345098,28.10216189730073,simulation_virtual_sample
axial,-112.5,103.0,-7.653668647301794,-18.477590650225736,0.9568713906597375,2.270849899601333,28.15653276189605,simulation_virtual_sample
axial,-112.5,104.5,-7.653668647301794,-18.477590650225736,0.6222766295117338,1.5676623287941607,28.198646455072403,simulation_virtual_sample
axial,-112.5,106.0,-7.653668647301794,-18.477590650225736,0.2982944953904054,0.872680295546832,28.22704537888067,simulation_virtual_sample
axial,-112.5,107.5,-7.653668647301794,-18.477590650225736,0.030266819714562295,0.143498504649101,28.258968584198204,simulation_virtual_sample
axial,-112.5,109.0,-7.653668647301794,-18.477590650225736,-0.2276230438827377,-0.5748050449465898,28.24822085900104,simulation_virtual_sample
axial,-112.5,110.5,-7.653668647301794,-18.477590650225736,-0.5465379485315609,-1.2717914115678042,28.23741567857958,simulation_virtual_sample
axial,-112.5,112.0,-7.653668647301794,-18.477590650225736,-0.8765066514060014,-1.9796005161952326,28.200620268302973,simulation_virtual_sample
axial,-112.5,113.5,-7.653668647301794,-18.477590650225736,-1.1757230977601543,-2.707200981193365,28.145147479375762,simulation_virtual_sample
axial,-112.5,115.0,-7.653668647301794,-18.477590650225736,-1.4091265238494186,-3.454364587295865,28.089312308203684,simulation_virtual_sample
axial,-109.6875,100.0,-6.737797067844399,-18.830881303660416,1.3431205476371588,3.7806847031311444,28.031507761207607,simulation_virtual_sample
axial,-109.6875,101.5,-6.737797067844399,-18.830881303660416,1.088339557608211,3.0489834548647394,28.090324335798112,simulation_virtual_sample
axial,-109.6875,103.0,-6.737797067844399,-18.830881303660416,0.8335585675792635,2.317282206598335,28.149140910388613,simulation_virtual_sample
axial,-109.6875,104.5,-6.737797067844399,-18.830881303660416,0.5501502390265232,1.5958006422491544,28.195088468338096,simulation_virtual_sample
axial,-109.6875,106.0,-6.737797067844399,-18.830881303660416,0.2821646780882028,0.8666346364864753,28.22701176143034,simulation_virtual_sample
axial,-109.6875,107.5,-6.737797067844399,-18.830881303660416,0.01417911714988225,0.13746863072379623,28.258935054522585,simulation_virtual_sample
axial,-109.6875,109.0,-6.737797067844399,-18.830881303660416,-0.24375278930825747,-0.5808506770666588,28.24818724170051,simulation_virtual_sample
axial,-109.6875,110.5,-6.737797067844399,-18.830881303660416,-0.5016700437741733,-1.2991541770993822,28.237377240873748,simulation_virtual_sample
axial,-109.6875,112.0,-6.737797067844399,-18.830881303660416,-0.7721332373103352,-2.025710280638958,28.20034414414726,simulation_virtual_sample
axial,-109.6875,113.5,-6.737797067844399,-18.830881303660416,-1.0059513210204838,-2.7727138753347123,28.14451052868992,simulation_virtual_sample
axial,-109.6875,115.0,-6.737797067844399,-18.830881303660416,-1.2397694047306327,-3.519717470030466,28.08867691323258,simulation_virtual_sample
axial,-106.875,100.0,-5.805693545089243,-19.13880671464418,1.1660112801093998,3.838448307991477,28.019707245775074,simulation_virtual_sample
axial,-106.875,101.5,-5.805693545089243,-19.13880671464418,0.9107966519323085,3.1068884893802866,28.078494927729235,simulation_virtual_sample
axial,-106.875,103.0,-5.805693545089243,-19.13880671464418,0.6812851522146601,2.365053092264329,28.14505075038353,simulation_virtual_sample
axial,-106.875,104.5,-5.805693545089243,-19.13880671464418,0.49379964525492626,1.605535603029669,28.200148306026243,simulation_virtual_sample
axial,-106.875,106.0,-5.805693545089243,-19.13880671464418,0.2660459706245051,0.8605931415337797,28.226978167134913,simulation_virtual_sample
axial,-106.875,107.5,-5.805693545089243,-19.13880671464418,-0.0018975045839327402,0.13144291003372308,28.258901547941417,simulation_virtual_sample
axial,-106.875,109.0,-5.805693545089243,-19.13880671464418,-0.25987142494477866,-0.5868921450976217,28.248153647554794,simulation_virtual_sample
axial,-106.875,110.5,-5.805693545089243,-19.13880671464418,-0.46890190020004235,-1.3084492949858748,28.238058668569238,simulation_virtual_sample
axial,-106.875,112.0,-5.805693545089243,-19.13880671464418,-0.6296421356540396,-2.0734010163194125,28.200437223258806,simulation_virtual_sample
axial,-106.875,113.5,-5.805693545089243,-19.13880671464418,-0.8362964790846634,-2.8381816457365714,28.143874016720712,simulation_virtual_sample
axial,-106.875,115.0,-5.805693545089243,-19.13880671464418,-1.0705289348092868,-3.58502533923767,28.088041955906576,simulation_virtual_sample
axial,-104.0625,100.0,-4.859603598065277,-19.400625063890878,0.9881678895647538,3.8964513446582774,28.007857816866068,simulation_virtual_sample
axial,-104.0625,101.5,-4.859603598065277,-19.400625063890878,0.7672385296099679,3.151185877466742,28.07700452788867,simulation_virtual_sample
axial,-104.0625,103.0,-4.859603598065277,-19.400625063890878,0.579018063351987,2.392875116395468,28.155937369568218,simulation_virtual_sample
axial,-104.0625,104.5,-4.859603598065277,-19.400625063890878,0.3915675460977891,1.6333481081215684,28.211031200458386,simulation_virtual_sample
axial,-104.0625,106.0,-4.859603598065277,-19.400625063890878,0.2051994742688057,0.87211121878549,28.23261056734663,simulation_virtual_sample
axial,-104.0625,107.5,-4.859603598065277,-19.400625063890878,-0.018040764378043573,0.1253922125577743,28.258867902474506,simulation_virtual_sample
axial,-104.0625,109.0,-4.859603598065277,-19.400625063890878,-0.22169638550031057,-0.5965356315334245,28.24891383053496,simulation_virtual_sample
axial,-104.0625,110.5,-4.859603598065277,-19.400625063890878,-0.38002731295267256,-1.3214292237525622,28.239559311369742,simulation_virtual_sample
axial,-104.0625,112.0,-4.859603598065277,-19.400625063890878,-0.540737246908923,-2.086385370550055,28.201938377698532,simulation_virtual_sample
axial,-104.0625,113.5,-4.859603598065277,-19.400625063890878,-0.703139380439391,-2.879838218675921,28.144211397863298,simulation_virtual_sample
axial,-104.0625,115.0,-4.859603598065277,-19.400625063890878,-0.900586958263854,-3.650603911444429,28.08740436666416,simulation_virtual_sample
axial,-101.25,100.0,-3.901806440322564,-19.61570560806461,0.795763402952329,3.940735002033838,28.010388969293018,simulation_virtual_sample
axial,-101.25,101.5,-3.901806440322564,-19.61570560806461,0.6649331216123419,3.1790183264169416,28.087895226253025,simulation_virtual_sample
axial,-101.25,103.0,-3.901806440322564,-19.61570560806461,0.47696217419818293,2.4206396831034804,28.16680150595,simulation_virtual_sample
axial,-101.25,104.5,-3.901806440322564,-19.61570560806461,0.28954657438956216,1.661103175448849,28.221891619779907,simulation_virtual_sample
axial,-101.25,106.0,-3.901806440322564,-19.61570560806461,0.10291171911345617,0.8999388652346187,28.24349938651629,simulation_virtual_sample
axial,-101.25,107.5,-3.901806440322564,-19.61570560806461,-0.027057108054473682,0.13059767280479243,28.260337622146398,simulation_virtual_sample
axial,-101.25,109.0,-3.901806440322564,-19.61570560806461,-0.13277313489234333,-0.6095226674718432,28.250415295013788,simulation_virtual_sample
axial,-101.25,110.5,-3.901806440322564,-19.61570560806461,-0.2913362675188153,-1.3343823466601301,28.241056855076238,simulation_virtual_sample
axial,-101.25,112.0,-3.901806440322564,-19.61570560806461,-0.4520159625552955,-2.099342909782208,28.203436431987626,simulation_virtual_sample
axial,-101.25,113.5,-3.901806440322564,-19.61570560806461,-0.614201179330857,-2.8928274381005137,28.145713114780552,simulation_virtual_sample
axial,-101.25,115.0,-3.901806440322564,-19.61570560806461,-0.7248148660533745,-3.684461923772447,28.091468481297596,simulation_virtual_sample
axial,-98.4375,100.0,-2.934609489107233,-19.78353019929562,0.5944115785608285,3.9742776390673415,28.023677326962243,simulation_virtual_sample
axial,-98.4375,101.5,-2.934609489107233,-19.78353019929562,0.4943191573826452,3.210818652000691,28.10045092172586,simulation_virtual_sample
axial,-98.4375,103.0,-2.934609489107233,-19.78353019929562,0.3746245558948529,2.4484808949500585,28.177695633191984,simulation_virtual_sample
axial,-98.4375,104.5,-2.934609489107233,-19.78353019929562,0.187243969922741,1.688934861691294,28.232782019700522,simulation_virtual_sample
axial,-98.4375,106.0,-2.934609489107233,-19.78353019929562,0.06250580428789096,0.9188280110172354,28.249178097922076,simulation_virtual_sample
axial,-98.4375,107.5,-2.934609489107233,-19.78353019929562,-0.030193577769921372,0.14407475871629652,28.262873448988984,simulation_virtual_sample
axial,-98.4375,109.0,-2.934609489107233,-19.78353019929562,-0.10146309121948287,-0.6059305345260257,28.25256752447828,simulation_virtual_sample
axial,-98.4375,110.5,-2.934609489107233,-19.78353019929562,-0.2024003870929961,-1.3473712271543565,28.24255853280889,simulation_virtual_sample
axial,-98.4375,112.0,-2.934609489107233,-19.78353019929562,-0.36304975973402187,-2.112336218792451,28.204938621712348,simulation_virtual_sample
axial,-98.4375,113.5,-2.934609489107233,-19.78353019929562,-0.4636085155482816,-2.903588206102343,28.151378287413998,simulation_virtual_sample
axial,-98.4375,115.0,-2.934609489107233,-19.78353019929562,-0.5464718788142593,-3.6941877179423495,28.0990164857676,simulation_virtual_sample
axial,-95.625,100.0,-1.960342806591213,-19.90369453344394,0.39375250431748904,4.00770487279201,28.036919966089943,simulation_virtual_sample
axial,-95.625,101.5,-1.960342806591213,-19.90369453344394,0.2931687851367921,3.2443277296849238,28.11372598441664,simulation_virtual_sample
axial,-95.625,103.0,-1.960342806591213,-19.90369453344394,0.19258506595609517,2.480950586577838,28.190532002743335,simulation_virtual_sample
axial,-95.625,104.5,-1.960342806591213,-19.90369453344394,0.15206314270246554,1.7070822998207915,28.238023080202524,simulation_virtual_sample
axial,-95.625,106.0,-1.960342806591213,-19.90369453344394,0.05937194311431689,0.9322938882941523,28.25171181576598,simulation_virtual_sample
axial,-95.625,107.5,-1.960342806591213,-19.90369453344394,-0.03331925647383173,0.15750547676751317,28.26540055132944,simulation_virtual_sample
axial,-95.625,109.0,-1.960342806591213,-19.90369453344394,-0.10459693842814093,-0.5924647172549091,28.25510123103159,simulation_virtual_sample
axial,-95.625,110.5,-1.960342806591213,-19.90369453344394,-0.1758434127559623,-1.3423987417102752,28.244766951027426,simulation_virtual_sample
axial,-95.625,112.0,-1.960342806591213,-19.90369453344394,-0.20214544039662236,-2.1227284887083893,28.211298958879294,simulation_virtual_sample
axial,-95.625,113.5,-1.960342806591213,-19.90369453344394,-0.28544396015377027,-2.9133042696323095,28.15891874011882,simulation_virtual_sample
axial,-95.625,115.0,-1.960342806591213,-19.90369453344394,-0.3687424799109182,-3.703880050556229,28.106538521358353,simulation_virtual_sample
axial,-92.8125,100.0,-0.9813534865483602,-19.97590912410345,0.19281671208080692,4.041178204192918,28.050180867419538,simulation_virtual_sample
axial,-92.8125,101.5,-0.9813534865483602,-19.97590912410345,0.09174101737529673,3.2778830179119405,28.127019354022888,simulation_virtual_sample
axial,-92.8125,103.0,-0.9813534865483602,-19.97590912410345,0.07470283911138945,2.4879844690907778,28.18966872058716,simulation_virtual_sample
axial,-92.8125,104.5,-0.9813534865483602,-19.97590912410345,0.06886726029988766,1.7076958375079754,28.233728485782876,simulation_virtual_sample
axial,-92.8125,106.0,-0.9813534865483602,-19.97590912410345,0.05623376020359417,0.9457783356285296,28.254249027722075,simulation_virtual_sample
axial,-92.8125,107.5,-0.9813534865483602,-19.97590912410345,-0.036449245630892725,0.17095471639001827,28.267931138659005,simulation_virtual_sample
axial,-92.8125,109.0,-0.9813534865483602,-19.97590912410345,-0.10773510735468939,-0.5789803300090828,28.257638431681514,simulation_virtual_sample
axial,-92.8125,110.5,-0.9813534865483602,-19.97590912410345,-0.10352257934813325,-1.350998798156984,28.243482570819396,simulation_virtual_sample
axial,-92.8125,112.0,-0.9813534865483602,-19.97590912410345,-0.09833218317769915,-2.133635730311702,28.21170066651913,simulation_virtual_sample
axial,-92.8125,113.5,-0.9813534865483602,-19.97590912410345,-0.10703370773090624,-2.9230337320559627,28.16646959145102,simulation_virtual_sample
axial,-92.8125,115.0,-0.9813534865483602,-19.97590912410345,-0.1907679840798252,-3.713585749337783,28.114070930178436,simulation_virtual_sample
axial,-90.0,100.0,1.2246467991473533e-15,-20.0,-0.009370630043793068,4.074860027787762,28.06352436567917,simulation_virtual_sample
axial,-90.0,101.5,1.2246467991473533e-15,-20.0,-0.01353447244669702,3.2809596891312744,28.124050588006728,simulation_virtual_sample
axial,-90.0,103.0,1.2246467991473533e-15,-20.0,-0.017698314849607516,2.487059350474791,28.184576810334292,simulation_virtual_sample
axial,-90.0,104.5,1.2246467991473533e-15,-20.0,-0.023502279490761502,1.7067710354124674,28.228638317678353,simulation_virtual_sample
axial,-90.0,106.0,1.2246467991473533e-15,-20.0,-0.031612036859559385,0.9456194067995309,28.249552635632245,simulation_virtual_sample
axial,-90.0,107.5,1.2246467991473533e-15,-20.0,-0.03972179422835722,0.18446777818659388,28.27046695358613,simulation_virtual_sample
axial,-90.0,109.0,1.2246467991473533e-15,-20.0,-0.03111437109400744,-0.5888610851389684,28.256132073284995,simulation_virtual_sample
axial,-90.0,110.5,1.2246467991473533e-15,-20.0,-0.022482584679696858,-1.3622076953195348,28.241745821516925,simulation_virtual_sample
axial,-90.0,112.0,1.2246467991473533e-15,-20.0,-0.01726455819004644,-2.1448484491108157,28.2099633250777,simulation_virtual_sample
axial,-90.0,113.5,1.2246467991473533e-15,-20.0,-0.014474756710100354,-2.934100175102072,28.165806790241625,simulation_virtual_sample
axial,-90.0,115.0,1.2246467991473533e-15,-20.0,-0.011684955230148404,-3.723351901093329,28.121650255405545,simulation_virtual_sample
axial,-87.1875,100.0,0.9813534865483625,-19.97590912410345,-0.21354805218256823,4.057809969552827,28.05900613781454,simulation_virtual_sample
axial,-87.1875,101.5,0.9813534865483625,-19.97590912410345,-0.11904018606929023,3.2781674070609754,28.11901547569088,simulation_virtual_sample
axial,-87.1875,103.0,0.9813534865483625,-19.97590912410345,-0.11009946881060452,2.4861342318588036,28.179484900081416,simulation_virtual_sample
axial,-87.1875,104.5,0.9813534865483625,-19.97590912410345,-0.11587181928141074,1.7058462333169597,28.223548149573833,simulation_virtual_sample
axial,-87.1875,106.0,0.9813534865483625,-19.97590912410345,-0.11927004251071244,0.944353357004008,28.244652543616354,simulation_virtual_sample
axial,-87.1875,107.5,0.9813534865483625,-19.97590912410345,-0.03946415312282435,0.17716866867865655,28.269173523214835,simulation_virtual_sample
axial,-87.1875,109.0,0.9813534865483625,-19.97590912410345,0.04569986100700907,-0.5998825915923419,28.254415827290583,simulation_virtual_sample
axial,-87.1875,110.5,0.9813534865483625,-19.97590912410345,0.058557409988739616,-1.3734165924820854,28.240009072214445,simulation_virtual_sample
axial,-87.1875,112.0,0.9813534865483625,-19.97590912410345,0.06380306679760626,-2.156061167909929,28.208225983636275,simulation_virtual_sample
axial,-87.1875,113.5,0.9813534865483625,-19.97590912410345,0.0786068666409396,-2.9427918885114495,28.163551748270898,simulation_virtual_sample
axial,-87.1875,115.0,0.9813534865483625,-19.97590912410345,0.1719161110930012,-3.712590627026438,28.11546607525752,simulation_virtual_sample
axial,-84.375,100.0,1.9603428065912154,-19.903694533443936,-0.4164616057373464,4.040865452041904,28.054515878009223,simulation_virtual_sample
axial,-84.375,101.5,1.9603428065912154,-19.903694533443936,-0.3224505575423228,3.2611814022281447,28.11451422183667,simulation_virtual_sample
axial,-84.375,103.0,1.9603428065912154,-19.903694533443936,-0.22843950934729926,2.481497352414387,28.174512565664116,simulation_virtual_sample
axial,-84.375,104.5,1.9603428065912154,-19.903694533443936,-0.1986907297991605,1.704237339887415,28.2188446485687,simulation_virtual_sample
axial,-84.375,106.0,1.9603428065912154,-19.903694533443936,-0.11888584354962789,0.9370716639653227,28.24336897953585,simulation_virtual_sample
axial,-84.375,107.5,1.9603428065912154,-19.903694533443936,-0.03908095730009528,0.16990598804323032,28.267893310502995,simulation_virtual_sample
axial,-84.375,109.0,1.9603428065912154,-19.903694533443936,0.04608405825605021,-0.6071642521828021,28.253132268929807,simulation_virtual_sample
axial,-84.375,110.5,1.9603428065912154,-19.903694533443936,0.13125688555598244,-1.3842489271200578,28.238313973651106,simulation_virtual_sample
axial,-84.375,112.0,1.9603428065912154,-19.903694533443936,0.1686556889674426,-2.1622461186828934,28.20546142601769,simulation_virtual_sample
axial,-84.375,113.5,1.9603428065912154,-19.903694533443936,0.26151818324211207,-2.9320710422369705,28.157390800757753,simulation_virtual_sample
axial,-84.375,115.0,1.9603428065912154,-19.903694533443936,0.35438067751678154,-3.7018959657910475,28.109320175497817,simulation_virtual_sample
axial,-81.5625,100.0,2.9346094891072347,-19.78353019929562,-0.6190957176319966,4.023944269611462,28.05003180194882,simulation_virtual_sample
axial,-81.5625,101.5,2.9346094891072347,-19.78353019929562,-0.5255808031642435,3.2442187896099113,28.11001916686779,simulation_virtual_sample
axial,-81.5625,103.0,2.9346094891072347,-19.78353019929562,-0.41247726455128486,2.462744718243366,28.169351846547965,simulation_virtual_sample
axial,-81.5625,104.5,2.9346094891072347,-19.78353019929562,-0.23214079149486921,1.6909763775954103,28.215458218959498,simulation_virtual_sample
axial,-81.5625,106.0,2.9346094891072347,-19.78353019929562,-0.1185021736867412,0.929799998883645,28.24208718311093,simulation_virtual_sample
axial,-81.5625,107.5,2.9346094891072347,-19.78353019929562,-0.038698289194095736,0.1626533091819498,28.266614860831417,simulation_virtual_sample
axial,-81.5625,109.0,2.9346094891072347,-19.78353019929562,0.04646772640925124,-0.6144358848609407,28.25185047821675,simulation_virtual_sample
axial,-81.5625,110.5,2.9346094891072347,-19.78353019929562,0.15741671465664778,-1.3828447345825041,28.23889116963108,simulation_virtual_sample
axial,-81.5625,112.0,2.9346094891072347,-19.78353019929562,0.33145431755755655,-2.149726006999325,28.201408269325917,simulation_virtual_sample
axial,-81.5625,113.5,2.9346094891072347,-19.78353019929562,0.4441776041908169,-2.9213649601368328,28.151238337771005,simulation_virtual_sample
axial,-81.5625,115.0,2.9346094891072347,-19.78353019929562,0.5365939635284714,-3.691216032669367,28.103182739541555,simulation_virtual_sample
axial,-78.75,100.0,3.9018064403225665,-19.61570560806461,-0.8224293982432219,4.006964668932657,28.045532245181317,simulation_virtual_sample
axial,-78.75,101.5,3.9018064403225665,-19.61570560806461,-0.6981994092392568,3.224472073488654,28.10448492073068,simulation_virtual_sample
axial,-78.75,103.0,3.9018064403225665,-19.61570560806461,-0.5168615651541342,2.436992765339067,28.161564662186805,simulation_virtual_sample
axial,-78.75,104.5,3.9018064403225665,-19.61570560806461,-0.3364893780084521,1.6652332354752948,28.207673698908923,simulation_virtual_sample
axial,-78.75,106.0,3.9018064403225665,-19.61570560806461,-0.15747477549667213,0.9155736135369368,28.238359390588254,simulation_virtual_sample
axial,-78.75,107.5,3.9018064403225665,-19.61570560806461,-0.03831429997471954,0.15537559136155582,28.26533199747358,simulation_virtual_sample
axial,-78.75,109.0,3.9018064403225665,-19.61570560806461,0.07674883376224156,-0.6116323547264365,28.252727058195,simulation_virtual_sample
axial,-78.75,110.5,3.9018064403225665,-19.61570560806461,0.23770197485181793,-1.3631537558648563,28.243384133613972,simulation_virtual_sample
axial,-78.75,112.0,3.9018064403225665,-19.61570560806461,0.4117669507477104,-2.1300283147073498,28.20590276517007,simulation_virtual_sample
axial,-78.75,113.5,3.9018064403225665,-19.61570560806461,0.5951584422458919,-2.9078236536684643,28.148406376739434,simulation_virtual_sample
axial,-78.75,115.0,3.9018064403225665,-19.61570560806461,0.7194363179307018,-3.6804992284254596,28.097024114861657,simulation_virtual_sample
axial,-75.9375,100.0,4.85960359806528,-19.400625063890878,-1.0146239073452188,3.9671597325976746,28.04374468810322,simulation_virtual_sample
axial,-75.9375,101.5,4.85960359806528,-19.400625063890878,-0.8025508553523408,3.1987282258958643,28.096700187350823,simulation_virtual_sample
axial,-75.9375,103.0,4.85960359806528,-19.400625063890878,-0.6209585022173557,2.41131170597236,28.15379891546376,simulation_virtual_sample
axial,-75.9375,104.5,4.85960359806528,-19.400625063890878,-0.4405506993010915,1.6395609626372274,28.199910609161787,simulation_virtual_sample
axial,-75.9375,106.0,4.85960359806528,-19.400625063890878,-0.2618082157227203,0.8898342080561533,28.230576000467494,simulation_virtual_sample
axial,-75.9375,107.5,4.85960359806528,-19.400625063890878,-0.04475040178845371,0.1530602432230191,28.264680418589712,simulation_virtual_sample
axial,-75.9375,109.0,4.85960359806528,-19.400625063890878,0.15702269261739418,-0.5919441723320874,28.25721938413038,simulation_virtual_sample
axial,-75.9375,110.5,4.85960359806528,-19.400625063890878,0.3177662146788255,-1.343516985196794,28.247864728744208,simulation_virtual_sample
axial,-75.9375,112.0,4.85960359806528,-19.400625063890878,0.4918584882135352,-2.1103848489470165,28.21038488794446,simulation_virtual_sample
axial,-75.9375,113.5,4.85960359806528,-19.400625063890878,0.6754457973954786,-2.8881321611366646,28.15289945796121,simulation_virtual_sample
axial,-75.9375,115.0,4.85960359806528,-19.400625063890878,0.9013235768855241,-3.6437510086189944,28.094398987502156,simulation_virtual_sample
axial,-73.125,100.0,5.805693545089246,-19.13880671464418,-1.1893371210668542,3.8974583691212863,28.045598324601613,simulation_virtual_sample
axial,-73.125,101.5,5.805693545089246,-19.13880671464418,-0.9453363802012549,3.1490089193531263,28.094160297892063,simulation_virtual_sample
axial,-73.125,103.0,5.805693545089246,-19.13880671464418,-0.7252708628390241,2.3855775008998386,28.146017097904817,simulation_virtual_sample
axial,-73.125,104.5,5.805693545089246,-19.13880671464418,-0.5448273704470691,1.6138355622766385,28.192131454077234,simulation_virtual_sample
axial,-73.125,106.0,5.805693545089246,-19.13880671464418,-0.32307955362241914,0.8786466633199294,28.226656757045546,simulation_virtual_sample
axial,-73.125,107.5,5.805693545089246,-19.13880671464418,-0.0595739431308831,0.15754985900800583,28.264926012842537,simulation_virtual_sample
axial,-73.125,109.0,5.805693545089246,-19.13880671464418,0.1913633218378061,-0.5795905586491225,28.25966134958417,simulation_virtual_sample
axial,-73.125,110.5,5.805693545089246,-19.13880671464418,0.3979961435638827,-1.3238395771849918,28.252354596248583,simulation_virtual_sample
axial,-73.125,112.0,5.805693545089246,-19.13880671464418,0.5721157712285485,-2.0907007319877753,28.214876286254366,simulation_virtual_sample
axial,-73.125,113.5,5.805693545089246,-19.13880671464418,0.8091187734593919,-2.840485830708436,28.15610520167448,simulation_virtual_sample
axial,-73.125,115.0,5.805693545089246,-19.13880671464418,1.079452029233371,-3.5727889138219497,28.096522060956836,simulation_virtual_sample
axial,-70.3125,100.0,6.737797067844401,-18.830881303660416,-1.3633291328863284,3.828044727190691,28.047444309439673,simulation_virtual_sample
axial,-70.3125,101.5,6.737797067844401,-18.830881303660416,-1.1197543978128053,3.0794253235654407,28.09601080247919,simulation_virtual_sample
axial,-70.3125,103.0,6.737797067844401,-18.830881303660416,-0.876179662739282,2.3308059199401905,28.144577295518708,simulation_virtual_sample
axial,-70.3125,104.5,6.737797067844401,-18.830881303660416,-0.6014248054928838,1.604237959645558,28.18863336224442,simulation_virtual_sample
axial,-70.3125,106.0,6.737797067844401,-18.830881303660416,-0.3378805497980369,0.8831294508353107,28.226901977773363,simulation_virtual_sample
axial,-70.3125,107.5,6.737797067844401,-18.830881303660416,-0.07433629410319002,0.16202094202506315,28.265170593302305,simulation_virtual_sample
axial,-70.3125,109.0,6.737797067844401,-18.830881303660416,0.1765623916174618,-0.5751077911096588,28.25990656921925,simulation_virtual_sample
axial,-70.3125,110.5,6.737797067844401,-18.830881303660416,0.4274426479407939,-1.3122598717945366,28.25457910154975,simulation_virtual_sample
axial,-70.3125,112.0,6.737797067844401,-18.830881303660416,0.7170473367415289,-2.0371675227062487,28.21781300541498,simulation_virtual_sample
axial,-70.3125,113.5,6.737797067844401,-18.830881303660416,0.986946259296988,-2.7696436337365262,28.158224687976183,simulation_virtual_sample
axial,-70.3125,115.0,6.737797067844401,-18.830881303660416,1.256845181852447,-3.502119744766804,28.098636370537385,simulation_virtual_sample
axial,-67.5,100.0,7.653668647301797,-18.477590650225736,-1.537441068909212,3.75858324182391,28.049291566624998,simulation_virtual_sample
axial,-67.5,101.5,7.653668647301797,-18.477590650225736,-1.2942926332527693,3.0097937672006694,28.097862582528826,simulation_virtual_sample
axial,-67.5,103.0,7.653668647301797,-18.477590650225736,-0.9989948952092602,2.277632584772733,28.149521669406163,simulation_virtual_sample
axial,-67.5,104.5,7.653668647301797,-18.477590650225736,-0.6740203263422447,1.5728870865110978,28.193780498508527,simulation_virtual_sample
axial,-67.5,106.0,7.653668647301797,-18.477590650225736,-0.3526917475780699,0.8876153281173785,28.22714736751986,simulation_virtual_sample
axial,-67.5,107.5,7.653668647301797,-18.477590650225736,-0.08910882004365946,0.1664951067414674,28.265415342339455,simulation_virtual_sample
axial,-67.5,109.0,7.653668647301797,-18.477590650225736,0.16175125983816147,-0.5706219338172757,28.260151957872257,simulation_virtual_sample
axial,-67.5,110.5,7.653668647301797,-18.477590650225736,0.482074907162025,-1.2809481378743797,28.24736479383285,simulation_virtual_sample
axial,-67.5,112.0,7.653668647301797,-18.477590650225736,0.8323592317214177,-1.9854281868257364,28.212527765792338,simulation_virtual_sample
axial,-67.5,113.5,7.653668647301797,-18.477590650225736,1.164896312943073,-2.698752608695151,28.160345635136363,simulation_virtual_sample
axial,-67.5,115.0,7.653668647301797,-18.477590650225736,1.4343606029153189,-3.4314018669018926,28.100752137408353,simulation_virtual_sample
axial,-64.68750000000001,100.0,8.55110186860564,-18.079785862468867,-1.7125163792691984,3.688737420874239,28.051149044822207,simulation_virtual_sample
axial,-64.68750000000001,101.5,8.55110186860564,-18.079785862468867,-1.4074951204518213,2.9596997470962516,28.103363802669254,simulation_virtual_sample
axial,-64.68750000000001,103.0,8.55110186860564,-18.079785862468867,-1.0904476251520139,2.234507831938138,28.156281044748827,simulation_virtual_sample
axial,-64.68750000000001,104.5,8.55110186860564,-18.079785862468867,-0.7654340190871789,1.5297972850904262,28.20052899579904,simulation_virtual_sample
axial,-64.68750000000001,106.0,8.55110186860564,-18.079785862468867,-0.42926183797816625,0.8537761316042057,28.232633388043144,simulation_virtual_sample
axial,-64.68750000000001,107.5,8.55110186860564,-18.079785862468867,-0.10396308347272568,0.17099402734518307,28.26566144559129,simulation_virtual_sample
axial,-64.68750000000001,109.0,8.55110186860564,-18.079785862468867,0.2211133693249115,-0.537500427368072,28.252431852459768,simulation_virtual_sample
axial,-64.68750000000001,110.5,8.55110186860564,-18.079785862468867,0.5595433158650127,-1.240865817651891,28.237704119414293,simulation_virtual_sample
axial,-64.68750000000001,112.0,8.55110186860564,-18.079785862468867,0.9098540530231523,-1.9453322006682094,28.202863797598667,simulation_virtual_sample
axial,-64.68750000000001,113.5,8.55110186860564,-18.079785862468867,1.268615657714591,-2.650581725483472,28.153717287843804,simulation_virtual_sample
axial,-64.68750000000001,115.0,8.55110186860564,-18.079785862468867,1.6128582300520438,-3.3602927017406263,28.102879610975332,simulation_virtual_sample
axial,-61.87499999999999,100.0,9.427934736519957,-17.6384252869671,-1.8900454558053557,3.5854365728239617,28.046627846051045,simulation_virtual_sample
axial,-61.87499999999999,101.5,9.427934736519957,-17.6384252869671,-1.4991081975283067,2.9164993821884653,28.11013502945105,simulation_virtual_sample
axial,-61.87499999999999,103.0,9.427934736519957,-17.6384252869671,-1.1818371792131817,2.1914128698411206,28.163035750690195,simulation_virtual_sample
axial,-61.87499999999999,104.5,9.427934736519957,-17.6384252869671,-0.8567849437268136,1.4867370707601748,28.20727285931559,simulation_virtual_sample
axial,-61.87499999999999,106.0,9.427934736519957,-17.6384252869671,-0.5208515509090641,0.810603359299945,28.239394879795558,simulation_virtual_sample
axial,-61.87499999999999,107.5,9.427934736519957,-17.6384252869671,-0.10881564246941319,0.17194811457001072,28.264129138330663,simulation_virtual_sample
axial,-61.87499999999999,109.0,9.427934736519957,-17.6384252869671,0.2987311027023588,-0.4973408462398925,28.242752556552958,simulation_virtual_sample
axial,-61.87499999999999,110.5,9.427934736519957,-17.6384252869671,0.636958366151483,-1.2008111051881416,28.228050099040896,simulation_virtual_sample
axial,-61.87499999999999,112.0,9.427934736519957,-17.6384252869671,0.9872954977159937,-1.9052638316821968,28.19320648571882,simulation_virtual_sample
axial,-61.87499999999999,113.5,9.427934736519957,-17.6384252869671,1.3462464408170416,-2.610415392399687,28.144036364574998,simulation_virtual_sample
axial,-61.87499999999999,115.0,9.427934736519957,-17.6384252869671,1.7628038024843529,-3.2723045931570036,28.102521987891535,simulation_virtual_sample
axial,-59.0625,100.0,10.282054883864433,-17.154572200005443,-2.066735896446055,3.4772915286985557,28.04107642930474,simulation_virtual_sample
axial,-59.0625,101.5,10.282054883864433,-17.154572200005443,-1.6738543406463235,2.809901311311248,28.10491228351252,simulation_virtual_sample
axial,-59.0625,103.0,10.282054883864433,-17.154572200005443,-1.280972784846591,2.1425110939239405,28.168748137720296,simulation_virtual_sample
axial,-59.0625,104.5,10.282054883864433,-17.154572200005443,-0.9485147172258098,1.443498277908171,28.21404469085777,simulation_virtual_sample
axial,-59.0625,106.0,10.282054883864433,-17.154572200005443,-0.531648002531229,0.8072174076506737,28.23831513701266,simulation_virtual_sample
axial,-59.0625,107.5,10.282054883864433,-17.154572200005443,-0.11170520703596992,0.17245105676353345,28.262287374430173,simulation_virtual_sample
axial,-59.0625,109.0,10.282054883864433,-17.154572200005443,0.302934573129752,-0.49333954768477434,28.24021538145737,simulation_virtual_sample
axial,-59.0625,110.5,10.282054883864433,-17.154572200005443,0.714694304051922,-1.1605903647871483,28.21835606247489,simulation_virtual_sample
axial,-59.0625,112.0,10.282054883864433,-17.154572200005443,1.0709026708190512,-1.860631190995913,28.18429559806219,simulation_virtual_sample
axial,-59.0625,113.5,10.282054883864433,-17.154572200005443,1.488922528599905,-2.5213778211541986,28.143024366911288,simulation_virtual_sample
axial,-59.0625,115.0,10.282054883864433,-17.154572200005443,1.9069423863807589,-3.1821244513124842,28.101753135760386,simulation_virtual_sample
axial,-56.25000000000001,100.0,11.111404660392042,-16.629392246050905,-2.243061439933249,3.3693698233040057,28.03553647722037,simulation_virtual_sample
axial,-56.25000000000001,101.5,11.111404660392042,-16.629392246050905,-1.850611918870363,2.7017151749972297,28.099358757378162,simulation_virtual_sample
axial,-56.25000000000001,103.0,11.111404660392042,-16.629392246050905,-1.4524909888645063,2.036855281543685,28.163515758278848,simulation_virtual_sample
axial,-56.25000000000001,104.5,11.111404660392042,-16.629392246050905,-0.9675684765369169,1.4319495359824954,28.212888812003005,simulation_virtual_sample
axial,-56.25000000000001,106.0,11.111404660392042,-16.629392246050905,-0.5345391424878018,0.8077206240481783,28.236472368982866,simulation_virtual_sample
axial,-56.25000000000001,107.5,11.111404660392042,-16.629392246050905,-0.11458880413829159,0.172952960292066,28.260449414099376,simulation_virtual_sample
axial,-56.25000000000001,109.0,11.111404660392042,-16.629392246050905,0.3000434401589972,-0.4928363325031838,28.23837261788023,simulation_virtual_sample
axial,-56.25000000000001,110.5,11.111404660392042,-16.629392246050905,0.7265482173715626,-1.1486244568973472,28.21782274162034,simulation_virtual_sample
axial,-56.25000000000001,112.0,11.111404660392042,-16.629392246050905,1.210991928809844,-1.7720490604798254,28.183958733974013,simulation_virtual_sample
axial,-56.25000000000001,113.5,11.111404660392042,-16.629392246050905,1.6331156239003057,-2.4311635743114786,28.14225522400991,simulation_virtual_sample
axial,-56.25000000000001,115.0,11.111404660392042,-16.629392246050905,2.0507832984915066,-3.0921305474836855,28.100985871445502,simulation_virtual_sample
axial,-53.43749999999999,100.0,11.91398608984867,-16.064150629612897,-2.4198737367652847,3.2611501959519056,28.029981231888325,simulation_virtual_sample
axial,-53.43749999999999,101.5,11.91398608984867,-16.064150629612897,-2.0105838479761937,2.6017623400842713,28.09480477098943,simulation_virtual_sample
axial,-53.43749999999999,103.0,11.91398608984867,-16.064150629612897,-1.528854132551981,1.9781547150322059,28.16388434596879,simulation_virtual_sample
axial,-53.43749999999999,104.5,11.91398608984867,-16.064150629612897,-1.0439061752112495,1.3732680124717451,28.213257903029703,simulation_virtual_sample
axial,-53.43749999999999,106.0,11.91398608984867,-16.064150629612897,-0.554468408077512,0.7944991044454548,28.235139346530975,simulation_virtual_sample
axial,-53.43749999999999,107.5,11.91398608984867,-16.064150629612897,-0.11748036151969123,0.17345624934430925,28.25860638000943,simulation_virtual_sample
axial,-53.43749999999999,109.0,11.91398608984867,-16.064150629612897,0.31247535592475395,-0.47937103981800666,28.238583665311292,simulation_virtual_sample
axial,-53.43749999999999,110.5,11.91398608984867,-16.064150629612897,0.7900015993311134,-1.0920213516349422,28.22488340015641,simulation_virtual_sample
axial,-53.43749999999999,112.0,11.91398608984867,-16.064150629612897,1.2744583686151205,-1.7154134303057709,28.19104663622782,simulation_virtual_sample
axial,-53.43749999999999,113.5,11.91398608984867,-16.064150629612897,1.7638678641006786,-2.346481842791301,28.142819829343658,simulation_virtual_sample
axial,-53.43749999999999,115.0,11.91398608984867,-16.064150629612897,2.195021288891143,-3.0018882120729513,28.10021648906839,simulation_virtual_sample
axial,-50.625,100.0,12.68786568327291,-15.46020906725474,-2.588001912792164,3.142563097797026,28.026308995734816,simulation_virtual_sample
axial,-50.625,101.5,12.68786568327291,-15.46020906725474,-2.086870422588399,2.5431206324394995,28.095172989097694,simulation_virtual_sample
axial,-50.625,103.0,12.68786568327291,-15.46020906725474,-1.6049544820248887,1.9196561591835437,28.164251665210255,simulation_virtual_sample
axial,-50.625,104.5,12.68786568327291,-15.46020906725474,-1.119981157030107,1.3147884419357234,28.21362572382642,simulation_virtual_sample
axial,-50.625,106.0,12.68786568327291,-15.46020906725474,-0.6307422047281523,0.7358667030351971,28.235508128592855,simulation_virtual_sample
axial,-50.625,107.5,12.68786568327291,-15.46020906725474,-0.12138042558622845,0.1690399698380052,28.255646599931033,simulation_virtual_sample
axial,-50.625,109.0,12.68786568327291,-15.46020906725474,0.37587610675523236,-0.4228148837527441,28.245638467415144,simulation_virtual_sample
axial,-50.625,110.5,12.68786568327291,-15.46020906725474,0.8532369020090297,-1.0356127823318935,28.23191979232095,simulation_virtual_sample
axial,-50.625,112.0,12.68786568327291,-15.46020906725474,1.3377062243830022,-1.658972858256007,28.198110127118774,simulation_virtual_sample
axial,-50.625,113.5,12.68786568327291,-15.46020906725474,1.82727045743581,-2.289903187375593,28.149900601253602,simulation_virtual_sample
axial,-50.625,115.0,12.68786568327291,-15.46020906725474,2.3360035042541547,-2.900266359445607,28.096258687432236,simulation_virtual_sample
axial,-47.8125,100.0,13.43117909694037,-14.81902250709918,-2.7309261920226384,3.0004951015214223,28.027423298140597,simulation_virtual_sample
axial,-47.8125,101.5,13.43117909694037,-14.81902250709918,-2.189907444247456,2.4510067361108847,28.09584047510992,simulation_virtual_sample
axial,-47.8125,103.0,13.43117909694037,-14.81902250709918,-1.6811597101958593,1.861076982780331,28.164619490677577,simulation_virtual_sample
axial,-47.8125,104.5,13.43117909694037,-14.81902250709918,-1.1961609723760425,1.2562282848587034,28.213994051490843,simulation_virtual_sample
axial,-47.8125,106.0,13.43117909694037,-14.81902250709918,-0.6830791674018155,0.6916275483050122,28.233805268304828,simulation_virtual_sample
axial,-47.8125,107.5,13.43117909694037,-14.81902250709918,-0.1270342838813685,0.1528920058081633,28.24991354097043,simulation_virtual_sample
axial,-47.8125,109.0,13.43117909694037,-14.81902250709918,0.4157012055255633,-0.39108444418365385,28.248322299324702,simulation_virtual_sample
axial,-47.8125,110.5,13.43117909694037,-14.81902250709918,0.9165596409530032,-0.9791262161747997,28.238965913795415,simulation_virtual_sample
axial,-47.8125,112.0,13.43117909694037,-14.81902250709918,1.4010410737402865,-1.602454655622709,28.205183333413018,simulation_virtual_sample
axial,-47.8125,113.5,13.43117909694037,-14.81902250709918,1.9173445831422753,-2.2046978157989106,28.149401895096464,simulation_virtual_sample
axial,-47.8125,115.0,13.43117909694037,-14.81902250709918,2.4659232037093215,-2.772280748645939,28.08440665047468,simulation_virtual_sample
axial,-45.0,100.0,14.142135623730951,-14.14213562373095,-2.8731622517834374,2.859111201479021,28.02853223487573,simulation_virtual_sample
axial,-45.0,101.5,14.142135623730951,-14.14213562373095,-2.332492004130547,2.3092764238679644,28.096952128909827,simulation_virtual_sample
axial,-45.0,103.0,14.142135623730951,-14.14213562373095,-1.7918217564776573,1.7594416462569076,28.165372022943924,simulation_virtual_sample
axial,-45.0,104.5,14.142135623730951,-14.14213562373095,-1.2447801932357585,1.214208603395533,28.21196162066516,simulation_virtual_sample
axial,-45.0,106.0,14.142135623730951,-14.14213562373095,-0.6887212319740869,0.6755132682839871,28.228084168276524,simulation_virtual_sample
axial,-45.0,107.5,14.142135623730951,-14.14213562373095,-0.132662270712415,0.13681793317244095,28.244206715887877,simulation_virtual_sample
axial,-45.0,109.0,14.142135623730951,-14.14213562373095,0.41005263305196943,-0.4072012525516511,28.242592540355766,simulation_virtual_sample
axial,-45.0,110.5,14.142135623730951,-14.14213562373095,0.9527630610447984,-0.9512222239649272,28.240972415694536,simulation_virtual_sample
axial,-45.0,112.0,14.142135623730951,-14.14213562373095,1.4986940020553574,-1.5091210562835409,28.202544341934697,simulation_virtual_sample
axial,-45.0,113.5,14.142135623730951,-14.14213562373095,2.0469556531781508,-2.07701623991392,28.13757801312463,simulation_virtual_sample
axial,-45.0,115.0,14.142135623730951,-14.14213562373095,2.5952173043009448,-2.6449114235442988,28.072611684314566,simulation_virtual_sample
axial,-42.18750000000001,100.0,14.81902250709918,-13.43117909694037,-3.0153983115442355,2.7177273014366197,28.02964117161086,simulation_virtual_sample
axial,-42.18750000000001,101.5,14.81902250709918,-13.43117909694037,-2.4750765640136376,2.1675461116250436,28.09806378270973,simulation_virtual_sample
axial,-42.18750000000001,103.0,14.81902250709918,-13.43117909694037,-1.893634362253018,1.651670295555498,28.16582570102505,simulation_virtual_sample
axial,-42.18750000000001,104.5,14.81902250709918,-13.43117909694037,-1.2831379356056327,1.1636688906034438,28.209631164327682,simulation_virtual_sample
axial,-42.18750000000001,106.0,14.81902250709918,-13.43117909694037,-0.694364650554174,0.6593951210861841,28.222361695273122,simulation_virtual_sample
axial,-42.18750000000001,107.5,14.81902250709918,-13.43117909694037,-0.13829365762491821,0.12073917474327445,28.23849579851441,simulation_virtual_sample
axial,-42.18750000000001,109.0,14.81902250709918,-13.43117909694037,0.4044026774006479,-0.42332200747614085,28.236861378328793,simulation_virtual_sample
axial,-42.18750000000001,110.5,14.81902250709918,-13.43117909694037,0.9824759315587822,-0.9175725899839778,28.231310776365287,simulation_virtual_sample
axial,-42.18750000000001,112.0,14.81902250709918,-13.43117909694037,1.590338482768339,-1.4123222322860687,28.190583381462904,simulation_virtual_sample
axial,-42.18750000000001,113.5,14.81902250709918,-13.43117909694037,2.1765667232140276,-1.949334664028929,28.125754131152807,simulation_virtual_sample
axial,-42.18750000000001,115.0,14.81902250709918,-13.43117909694037,2.724511404892568,-2.5175420984426586,28.060816718154456,simulation_virtual_sample
axial,-39.37499999999999,100.0,15.46020906725474,-12.687865683272907,-3.1583225907747092,2.575659305161017,28.030755474016644,simulation_virtual_sample
axial,-39.37499999999999,101.5,15.46020906725474,-12.687865683272907,-2.56717199123314,2.067902498186854,28.09836242130832,simulation_virtual_sample
axial,-39.37499999999999,103.0,15.46020906725474,-12.687865683272907,-1.9515684586169433,1.58058203406603,28.165578346517474,simulation_virtual_sample
axial,-39.37499999999999,104.5,15.46020906725474,-12.687865683272907,-1.3410569124368128,1.0926038998190541,28.20936411824127,simulation_virtual_sample
axial,-39.37499999999999,106.0,15.46020906725474,-12.687865683272907,-0.7376297969093046,0.6037107555932546,28.220551747838904,simulation_virtual_sample
axial,-39.37499999999999,107.5,15.46020906725474,-12.687865683272907,-0.14395818010744968,0.10457685695874736,28.23274986028829,simulation_virtual_sample
axial,-39.37499999999999,109.0,15.46020906725474,-12.687865683272907,0.4395009033834339,-0.3820777662590067,28.226612961171124,simulation_virtual_sample
axial,-39.37499999999999,110.5,15.46020906725474,-12.687865683272907,1.0334513044896432,-0.8539521030962315,28.21932133523967,simulation_virtual_sample
axial,-39.37499999999999,112.0,15.46020906725474,-12.687865683272907,1.6413480065057022,-1.34870877949606,28.178548684565598,simulation_virtual_sample
axial,-39.37499999999999,113.5,15.46020906725474,-12.687865683272907,2.2592404734797933,-1.859865968794339,28.113779100507934,simulation_virtual_sample
axial,-39.37499999999999,115.0,15.46020906725474,-12.687865683272907,2.854431104347735,-2.389556487642991,28.0489646811969,simulation_virtual_sample
axial,-36.5625,100.0,16.0641506296129,-11.913986089848667,-3.2774988323076637,2.4094896443635236,28.033003118731767,simulation_virtual_sample
axial,-36.5625,101.5,16.0641506296129,-11.913986089848667,-2.625167559672572,1.996738807144635,28.09811480434054,simulation_virtual_sample
axial,-36.5625,103.0,16.0641506296129,-11.913986089848667,-2.00942232959408,1.5095922134539081,28.16533133453895,simulation_virtual_sample
axial,-36.5625,104.5,16.0641506296129,-11.913986089848667,-1.3988958913140872,1.0216370643227601,28.209097441000125,simulation_virtual_sample
axial,-36.5625,106.0,16.0641506296129,-11.913986089848667,-0.7956198091027866,0.5325586063740381,28.220284374230904,simulation_virtual_sample
axial,-36.5625,107.5,16.0641506296129,-11.913986089848667,-0.15086135778733487,0.10599853453444819,28.232329462787884,simulation_virtual_sample
axial,-36.5625,109.0,16.0641506296129,-11.913986089848667,0.4905386815446058,-0.3183793937000346,28.214608842294435,simulation_virtual_sample
axial,-36.5625,110.5,16.0641506296129,-11.913986089848667,1.0843562817605232,-0.7904194744409077,28.207348451219424,simulation_virtual_sample
axial,-36.5625,112.0,16.0641506296129,-11.913986089848667,1.6922874568638606,-1.2851827144970622,28.16653052010807,simulation_virtual_sample
axial,-36.5625,113.5,16.0641506296129,-11.913986089848667,2.3103045444484254,-1.7961844907128393,28.10173153426101,simulation_virtual_sample
axial,-36.5625,115.0,16.0641506296129,-11.913986089848667,2.9577180368178264,-2.2404559948871032,28.047828532045408,simulation_virtual_sample
axial,-33.74999999999999,100.0,16.629392246050905,-11.111404660392042,-3.386195941324863,2.2350602701521862,28.035685214811803,simulation_virtual_sample
axial,-33.74999999999999,101.5,16.629392246050905,-11.111404660392042,-2.72533883326827,1.8397605117232652,28.10029764161944,simulation_virtual_sample
axial,-33.74999999999999,103.0,16.629392246050905,-11.111404660392042,-2.0674754901285555,1.4383578538042696,28.165083471676866,simulation_virtual_sample
axial,-33.74999999999999,104.5,16.629392246050905,-11.111404660392042,-1.4569343158711112,0.9504255144656668,28.208829844178023,simulation_virtual_sample
axial,-33.74999999999999,106.0,16.629392246050905,-11.111404660392042,-0.811602634413213,0.5247093407097517,28.220885642284138,simulation_virtual_sample
axial,-33.74999999999999,107.5,16.629392246050905,-11.111404660392042,-0.15810305164872945,0.1112909810925209,28.233109717790004,simulation_virtual_sample
axial,-33.74999999999999,109.0,16.629392246050905,-11.111404660392042,0.49339533006530245,-0.3029482834992613,28.213209611749463,simulation_virtual_sample
axial,-33.74999999999999,110.5,16.629392246050905,-11.111404660392042,1.1354368060592859,-0.7266677520008115,28.195334278423147,simulation_virtual_sample
axial,-33.74999999999999,112.0,16.629392246050905,-11.111404660392042,1.7434029442340027,-1.2214371155496817,28.15447082316941,simulation_virtual_sample
axial,-33.74999999999999,113.5,16.629392246050905,-11.111404660392042,2.3953321754297505,-1.6553462847283629,28.102307754448592,simulation_virtual_sample
axial,-33.74999999999999,115.0,16.629392246050905,-11.111404660392042,3.049504141494678,-2.0841485177616934,28.05098539672938,simulation_virtual_sample
axial,-30.937499999999996,100.0,17.154572200005443,-10.282054883864433,-3.494593813906945,2.0611110892467295,28.038359927246802,simulation_virtual_sample
axial,-30.937499999999996,101.5,17.154572200005443,-10.282054883864433,-2.834002463354332,1.665384862114728,28.102978911608417,simulation_virtual_sample
axial,-30.937499999999996,103.0,17.154572200005443,-10.282054883864433,-2.1734111128017197,1.2696586349827264,28.167597895970033,simulation_virtual_sample
axial,-30.937499999999996,104.5,17.154572200005443,-10.282054883864433,-1.4765447222680723,0.9295539875233239,28.20785657864788,simulation_virtual_sample
axial,-30.937499999999996,106.0,17.154572200005443,-10.282054883864433,-0.8188513801481746,0.5300069409880317,28.221666657089106,simulation_virtual_sample
axial,-30.937499999999996,107.5,17.154572200005443,-10.282054883864433,-0.1653374629718047,0.11657810535368353,28.23388918813633,simulation_virtual_sample
axial,-30.937499999999996,109.0,17.154572200005443,-10.282054883864433,0.4861493658536282,-0.29764958068887704,28.214034732038566,simulation_virtual_sample
axial,-30.937499999999996,110.5,17.154572200005443,-10.282054883864433,1.1435428089473083,-0.7012771668730224,28.19385854530367,simulation_virtual_sample
axial,-30.937499999999996,112.0,17.154572200005443,-10.282054883864433,1.8331418573708271,-1.0699035733538482,28.156793702312374,simulation_virtual_sample
axial,-30.937499999999996,113.5,17.154572200005443,-10.282054883864433,2.4870897110294368,-1.4990874594156776,28.105463636536005,simulation_virtual_sample
axial,-30.937499999999996,115.0,17.154572200005443,-10.282054883864433,3.1410375646880464,-1.9282713454775073,28.05413357075964,simulation_virtual_sample
axial,-28.12500000000001,100.0,17.6384252869671,-9.427934736519955,-3.6032160106247657,1.886801928954782,28.04104017486936,simulation_virtual_sample
axial,-28.12500000000001,101.5,17.6384252869671,-9.427934736519955,-2.940914413872425,1.4928807879402597,28.105301845650907,simulation_virtual_sample
axial,-28.12500000000001,103.0,17.6384252869671,-9.427934736519955,-2.216768164658584,1.1688106787453063,28.15817787921707,simulation_virtual_sample
axial,-28.12500000000001,104.5,17.6384252869671,-9.427934736519955,-1.5136059808606699,0.835786657286007,28.197308080783518,simulation_virtual_sample
axial,-28.12500000000001,106.0,17.6384252869671,-9.427934736519955,-0.8396588846375771,0.49029654187612554,28.21730063300983,simulation_virtual_sample
axial,-28.12500000000001,107.5,17.6384252869671,-9.427934736519955,-0.17259955411599437,0.1218854588563453,28.234671640840013,simulation_virtual_sample
axial,-28.12500000000001,109.0,17.6384252869671,-9.427934736519955,0.4976506635534527,-0.2587149150863234,28.214159016396586,simulation_virtual_sample
axial,-28.12500000000001,110.5,17.6384252869671,-9.427934736519955,1.1777673840276202,-0.6216366022252181,28.193131425975686,simulation_virtual_sample
axial,-28.12500000000001,112.0,17.6384252869671,-9.427934736519955,1.8718827750694498,-0.9835357420774518,28.157010375776526,simulation_virtual_sample
axial,-28.12500000000001,113.5,17.6384252869671,-9.427934736519955,2.57745314353334,-1.3445981413245638,28.10853849267899,simulation_virtual_sample
axial,-28.12500000000001,115.0,17.6384252869671,-9.427934736519955,3.2327604118577336,-1.7720715929514674,28.057288259783242,simulation_virtual_sample
axial,-25.31249999999999,100.0,18.079785862468867,-8.551101868605638,-3.7057940516471635,1.7109439234433133,28.041287419579493,simulation_virtual_sample
axial,-25.31249999999999,101.5,18.079785862468867,-8.551101868605638,-2.977965895536149,1.3992177618781054,28.094742117292615,simulation_virtual_sample
axial,-25.31249999999999,103.0,18.079785862468867,-8.551101868605638,-2.253729300499357,1.0753760393168232,28.147643899555078,simulation_virtual_sample
axial,-25.31249999999999,104.5,18.079785862468867,-8.551101868605638,-1.5505139356867907,0.742407195282089,28.186803216743662,simulation_virtual_sample
axial,-25.31249999999999,106.0,18.079785862468867,-8.551101868605638,-0.876655870319216,0.3966918261720456,28.20677042871374,simulation_virtual_sample
axial,-25.31249999999999,107.5,18.079785862468867,-8.551101868605638,-0.17727656134017342,0.11351998987686023,28.226471973835096,simulation_virtual_sample
axial,-25.31249999999999,109.0,18.079785862468867,-8.551101868605638,0.5318339014964869,-0.1791705419309184,28.213432775298095,simulation_virtual_sample
axial,-25.31249999999999,110.5,18.079785862468867,-8.551101868605638,1.2118769588324467,-0.5422636431460092,28.192406749889805,simulation_virtual_sample
axial,-25.31249999999999,112.0,18.079785862468867,-8.551101868605638,1.905386609087273,-0.9041969288264213,28.156943550228252,simulation_virtual_sample
axial,-25.31249999999999,113.5,18.079785862468867,-8.551101868605638,2.6110305327713563,-1.2650851455045928,28.108471520420103,simulation_virtual_sample
axial,-25.31249999999999,115.0,18.079785862468867,-8.551101868605638,3.3203611394181567,-1.612538098743877,28.059586047700734,simulation_virtual_sample
axial,-22.5,100.0,18.477590650225736,-7.653668647301796,-3.7677401263090387,1.5332033703009977,28.02691064074688,simulation_virtual_sample
axial,-22.5,101.5,18.477590650225736,-7.653668647301796,-3.0214576885969193,1.2838062486576443,28.083194496455995,simulation_virtual_sample
axial,-22.5,103.0,18.477590650225736,-7.653668647301796,-2.2907158639136367,0.9818771211234105,28.137102672996143,simulation_virtual_sample
axial,-22.5,104.5,18.477590650225736,-7.653668647301796,-1.587447011786153,0.6489641748666789,28.17629120260402,simulation_virtual_sample
axial,-22.5,106.0,18.477590650225736,-7.653668647301796,-0.8949250723255817,0.3489854099312128,28.196056909797118,simulation_virtual_sample
axial,-22.5,107.5,18.477590650225736,-7.653668647301796,-0.18075490585359522,0.10206470931672496,28.21561927442323,simulation_virtual_sample
axial,-22.5,109.0,18.477590650225736,-7.653668647301796,0.5387387457047699,-0.16548465181369046,28.2054154689519,simulation_virtual_sample
axial,-22.5,110.5,18.477590650225736,-7.653668647301796,1.2460363228061617,-0.46277482470216774,28.191681016006516,simulation_virtual_sample
axial,-22.5,112.0,18.477590650225736,-7.653668647301796,1.9389323382488066,-0.8247589057064191,28.156876641117424,simulation_virtual_sample
axial,-22.5,113.5,18.477590650225736,-7.653668647301796,2.653136245053786,-1.1544635033122326,28.107445624179206,simulation_virtual_sample
axial,-22.5,115.0,18.477590650225736,-7.653668647301796,3.3795063969464514,-1.4397124302905726,28.056639987450183,simulation_virtual_sample
axial,-19.687500000000014,100.0,18.830881303660412,-6.737797067844404,-3.829345334754593,1.3564408573358366,28.012612971982666,simulation_virtual_sample
axial,-19.687500000000014,101.5,18.830881303660412,-6.737797067844404,-3.083213732562711,1.1066109465456853,28.0688618209714,simulation_virtual_sample
axial,-19.687500000000014,103.0,18.830881303660412,-6.737797067844404,-2.3370821303708285,0.8567810357555334,28.12511066996013,simulation_virtual_sample
axial,-19.687500000000014,104.5,18.830881303660412,-6.737797067844404,-1.6125804085586632,0.5844283523020878,28.16562055046733,simulation_virtual_sample
axial,-19.687500000000014,106.0,18.830881303660412,-6.737797067844404,-0.8984055221074227,0.3375231960611918,28.185197641787674,simulation_virtual_sample
axial,-19.687500000000014,107.5,18.830881303660412,-6.737797067844404,-0.1842306356561819,0.09061803982029563,28.204774733108014,simulation_virtual_sample
axial,-19.687500000000014,109.0,18.830881303660412,-6.737797067844404,0.5352456452901182,-0.1769015775665648,28.19462239952523,simulation_virtual_sample
axial,-19.687500000000014,110.5,18.830881303660412,-6.737797067844404,1.2547812545903863,-0.44465189313083125,28.184137361435074,simulation_virtual_sample
axial,-19.687500000000014,112.0,18.830881303660412,-6.737797067844404,1.9858815251649966,-0.6964760596897112,28.15530668628469,simulation_virtual_sample
axial,-19.687500000000014,113.5,18.830881303660412,-6.737797067844404,2.71210386263936,-0.9821569084605617,28.104508412279245,simulation_virtual_sample
axial,-19.687500000000014,115.0,18.830881303660412,-6.737797067844404,3.438326200113723,-1.2678377572314121,28.0537101382738,simulation_virtual_sample
axial,-16.874999999999993,100.0,19.13880671464418,-5.8056935450892455,-3.8909081109825907,1.1798000942290934,27.99832515111617,simulation_virtual_sample
axial,-16.874999999999993,101.5,19.13880671464418,-5.8056935450892455,-3.1449272404189896,0.929537692387121,28.05453901749632,simulation_virtual_sample
axial,-16.874999999999993,103.0,19.13880671464418,-5.8056935450892455,-2.3844282422864533,0.700550344745002,28.114440227494462,simulation_virtual_sample
axial,-16.874999999999993,104.5,19.13880671464418,-5.8056935450892455,-1.6229917659890767,0.5408806566417366,28.163694103152544,simulation_virtual_sample
axial,-16.874999999999993,106.0,19.13880671464418,-5.8056935450892455,-0.9049845793838647,0.31172417989234763,28.1783066187952,simulation_virtual_sample
axial,-16.874999999999993,107.5,19.13880671464418,-5.8056935450892455,-0.18772055228369636,0.07912464865521827,28.193885927820116,simulation_virtual_sample
axial,-16.874999999999993,109.0,19.13880671464418,-5.8056935450892455,0.5402001692076832,-0.16581383005541805,28.19117883004135,simulation_virtual_sample
axial,-16.874999999999993,110.5,19.13880671464418,-5.8056935450892455,1.2700370064311317,-0.406114225228889,28.18968239602963,simulation_virtual_sample
axial,-16.874999999999993,112.0,19.13880671464418,-5.8056935450892455,2.0256309577538065,-0.5734352775043433,28.155784193662406,simulation_virtual_sample
axial,-16.874999999999993,113.5,19.13880671464418,-5.8056935450892455,2.771030864717879,-0.8099689943357926,28.10157322346171,simulation_virtual_sample
axial,-16.874999999999993,115.0,19.13880671464418,-5.8056935450892455,3.4971054895850324,-1.0960814674015886,28.050782307108573,simulation_virtual_sample
axial,-14.062500000000005,100.0,19.400625063890878,-4.859603598065279,-3.952726066691839,1.0024271500697877,27.98397810682051,simulation_virtual_sample
axial,-14.062500000000005,101.5,19.400625063890878,-4.859603598065279,-3.187387983882699,0.7805108050592585,28.04510867333511,simulation_virtual_sample
axial,-14.062500000000005,103.0,19.400625063890878,-4.859603598065279,-2.4036717108750767,0.585707190982051,28.11090414549944,simulation_virtual_sample
axial,-14.062500000000005,104.5,19.400625063890878,-4.859603598065279,-1.6432172471796935,0.4593645574930953,28.159967614036308,simulation_virtual_sample
axial,-14.062500000000005,106.0,19.400625063890878,-4.859603598065279,-0.9183703379478598,0.2543877379203505,28.180277226554505,simulation_virtual_sample
axial,-14.062500000000005,107.5,19.400625063890878,-4.859603598065279,-0.1838174378845533,0.06900283840709849,28.194038162100288,simulation_virtual_sample
axial,-14.062500000000005,109.0,19.400625063890878,-4.859603598065279,0.5579168026804439,-0.12071289578850411,28.198892098832573,simulation_virtual_sample
axial,-14.062500000000005,110.5,19.400625063890878,-4.859603598065279,1.293648873704921,-0.33997294002438766,28.19193713799558,simulation_virtual_sample
axial,-14.062500000000005,112.0,19.400625063890878,-4.859603598065279,2.054295030064595,-0.4788979618513158,28.15820064348731,simulation_virtual_sample
axial,-14.062500000000005,113.5,19.400625063890878,-4.859603598065279,2.8117683944246927,-0.6844146891900665,28.101868222743335,simulation_virtual_sample
axial,-14.062500000000005,115.0,19.400625063890878,-4.859603598065279,3.5561284209047868,-0.9236132428016695,28.047842339998805,simulation_virtual_sample
axial,-11.25000000000001,100.0,19.61570560806461,-3.901806440322569,-3.9921846692132266,0.8091638681924659,27.976917689939977,simulation_virtual_sample
axial,-11.25000000000001,101.5,19.61570560806461,-3.901806440322569,-3.206652844124925,0.6655399879827761,28.041568660518532,simulation_virtual_sample
axial,-11.25000000000001,103.0,19.61570560806461,-3.901806440322569,-2.4229008763174855,0.4709493970081899,28.107370691777877,simulation_virtual_sample
axial,-11.25000000000001,104.5,19.61570560806461,-3.901806440322569,-1.6681285277533815,0.36127392786536533,28.15235041275795,simulation_virtual_sample
axial,-11.25000000000001,106.0,19.61570560806461,-3.901806440322569,-0.9317492888528274,0.1970804558159087,28.182246832112433,simulation_virtual_sample
axial,-11.25000000000001,107.5,19.61570560806461,-3.901806440322569,-0.17865873382465075,0.06076835965033134,28.19505182086492,simulation_virtual_sample
axial,-11.25000000000001,109.0,19.61570560806461,-3.901806440322569,0.5756310821508979,-0.07561795406546176,28.206604342764724,simulation_virtual_sample
axial,-11.25000000000001,110.5,19.61570560806461,-3.901806440322569,1.321729820580732,-0.25791866716747774,28.1901035518276,simulation_virtual_sample
axial,-11.25000000000001,112.0,19.61570560806461,-3.901806440322569,2.0828542566762698,-0.38668922549885804,28.15981946892002,simulation_virtual_sample
axial,-11.25000000000001,113.5,19.61570560806461,-3.901806440322569,2.840496003151947,-0.5896678233309953,28.104290028840047,simulation_virtual_sample
axial,-11.25000000000001,115.0,19.61570560806461,-3.901806440322569,3.602149579768566,-0.7394009851585893,28.04595559676058,simulation_virtual_sample
axial,-8.437499999999996,100.0,19.78353019929562,-2.934609489107234,-4.014473084496103,0.6059653280780612,27.975393411422882,simulation_virtual_sample
axial,-8.437499999999996,101.5,19.78353019929562,-2.934609489107234,-3.2283939160710977,0.47927729632590493,28.039644151559713,simulation_virtual_sample
axial,-8.437499999999996,103.0,19.78353019929562,-2.934609489107234,-2.446082005542445,0.3666660521585713,28.100512052861163,simulation_virtual_sample
axial,-8.437499999999996,104.5,19.78353019929562,-2.934609489107234,-1.6927871571021222,0.26096858799136574,28.14402200682458,simulation_virtual_sample
axial,-8.437499999999996,106.0,19.78353019929562,-2.934609489107234,-0.9317607657075277,0.17835414879762745,28.180796123588653,simulation_virtual_sample
axial,-8.437499999999996,107.5,19.78353019929562,-2.934609489107234,-0.17543694586811928,0.05060605681097236,28.193432599460596,simulation_virtual_sample
axial,-8.437499999999996,109.0,19.78353019929562,-2.934609489107234,0.5808868739712892,-0.07714203517568276,28.20606907533254,simulation_virtual_sample
axial,-8.437499999999996,110.5,19.78353019929562,-2.934609489107234,1.3454140789454576,-0.1741626695524416,28.18670971729006,simulation_virtual_sample
axial,-8.437499999999996,112.0,19.78353019929562,-2.934609489107234,2.1073480988483975,-0.30317203746118554,28.156703466379504,simulation_virtual_sample
axial,-8.437499999999996,113.5,19.78353019929562,-2.934609489107234,2.8752175652576915,-0.41392272197972946,28.10378450407682,simulation_virtual_sample
axial,-8.437499999999996,115.0,19.78353019929562,-2.934609489107234,3.6379500082209364,-0.5482698083608818,28.044877932423894,simulation_virtual_sample
axial,-5.625000000000006,100.0,19.90369453344394,-1.9603428065912143,-4.03668481657516,0.4034658917298929,27.973874377179943,simulation_virtual_sample
axial,-5.625000000000006,101.5,19.90369453344394,-1.9603428065912143,-3.2506701088022485,0.2761901865054763,28.03812070892856,simulation_virtual_sample
axial,-5.625000000000006,103.0,19.90369453344394,-1.9603428065912143,-2.472053140251825,0.24926681217159782,28.089507790407577,simulation_virtual_sample
axial,-5.625000000000006,104.5,19.90369453344394,-1.9603428065912143,-1.7162108995118466,0.15508106219700757,28.133505354936734,simulation_virtual_sample
axial,-5.625000000000006,106.0,19.90369453344394,-1.9603428065912143,-0.939738089216034,0.13152785245983692,28.168576731412173,simulation_virtual_sample
axial,-5.625000000000006,107.5,19.90369453344394,-1.9603428065912143,-0.17651844323933405,0.03626918722042938,28.186012547670337,simulation_virtual_sample
axial,-5.625000000000006,109.0,19.90369453344394,-1.9603428065912143,0.5846475924240928,-0.05870593861386535,28.193403368413723,simulation_virtual_sample
axial,-5.625000000000006,110.5,19.90369453344394,-1.9603428065912143,1.357110544841407,-0.08721139325698478,28.179245206206968,simulation_virtual_sample
axial,-5.625000000000006,112.0,19.90369453344394,-1.9603428065912143,2.1219102228958935,-0.20441664210881338,28.14805402988822,simulation_virtual_sample
axial,-5.625000000000006,113.5,19.90369453344394,-1.9603428065912143,2.910997034197375,-0.22290344374017107,28.10270747066329,simulation_virtual_sample
axial,-5.625000000000006,115.0,19.90369453344394,-1.9603428065912143,3.6736272654421067,-0.35779621761408387,28.043803975787053,simulation_virtual_sample
axial,-2.8124999999999902,100.0,19.97590912410345,-0.981353486548357,-4.058927179643383,0.20068719944530192,27.97235324811967,simulation_virtual_sample
axial,-2.8124999999999902,101.5,19.97590912410345,-0.981353486548357,-3.2766427982327135,0.12312706921708855,28.03018059925951,simulation_virtual_sample
axial,-2.8124999999999902,103.0,19.97590912410345,-0.981353486548357,-2.499997537603777,0.12295044545197306,28.078140324777678,simulation_virtual_sample
axial,-2.8124999999999902,104.5,19.97590912410345,-0.981353486548357,-1.7357994128889203,0.06282811071853289,28.121627574110384,simulation_virtual_sample
axial,-2.8124999999999902,106.0,19.97590912410345,-0.981353486548357,-0.9513939488064391,0.0673856138057367,28.153808229824666,simulation_virtual_sample
axial,-2.8124999999999902,107.5,19.97590912410345,-0.981353486548357,-0.17759814600763724,0.021956107782854676,28.178604808481925,simulation_virtual_sample
axial,-2.8124999999999902,109.0,19.97590912410345,-0.981353486548357,0.5910027348489372,-0.022698687445472245,28.1779413271423,simulation_virtual_sample
axial,-2.8124999999999902,110.5,19.97590912410345,-0.981353486548357,1.367062021964451,-0.016873690532465818,28.169198014850277,simulation_virtual_sample
axial,-2.8124999999999902,112.0,19.97590912410345,-0.981353486548357,2.1400454864290963,-0.09102460726043878,28.137932669263073,simulation_virtual_sample
axial,-2.8124999999999902,113.5,19.97590912410345,-0.981353486548357,2.9335797900683285,-0.08994294356080305,28.094865103290612,simulation_virtual_sample
axial,-2.8124999999999902,115.0,19.97590912410345,-0.981353486548357,3.7093537232242957,-0.16705995511912208,28.04272853811515,simulation_virtual_sample
axial,0.0,100.0,20.0,0.0,-4.081308081628418,-0.0033545214255629773,27.970822644545745,simulation_virtual_sample
axial,0.0,101.5,20.0,0.0,-3.304662820999482,-0.0035311451906780787,28.01878237006392,simulation_virtual_sample
axial,0.0,103.0,20.0,0.0,-2.5280175603705457,-0.0037077689557935703,28.06674209558209,simulation_virtual_sample
axial,0.0,104.5,20.0,0.0,-1.7474921980148368,-0.0015173292947491042,28.106812286198316,simulation_virtual_sample
axial,0.0,106.0,20.0,0.0,-0.9630867339323558,0.0030401737924546967,28.138992941912598,simulation_virtual_sample
axial,0.0,107.5,20.0,0.0,-0.17868126984987437,0.007597676879658501,28.17117359762688,simulation_virtual_sample
axial,0.0,109.0,20.0,0.0,0.5973780172656389,0.01342267379266547,28.162430285334857,simulation_virtual_sample
axial,0.0,110.5,20.0,0.0,1.3734373043811523,0.019247670705671894,28.153686973042834,simulation_virtual_sample
axial,0.0,112.0,20.0,0.0,2.158234099758525,0.02270100101199324,28.127781533910596,simulation_virtual_sample
axial,0.0,113.5,20.0,0.0,2.951768403397758,0.023782664711628973,28.084713967938132,simulation_virtual_sample
axial,0.0,115.0,20.0,0.0,3.74530270703699,0.02486432841126513,28.04164640196567,simulation_virtual_sample
axial,2.8124999999999902,100.0,19.97590912410345,0.981353486548357,-4.051538426100415,-0.2058324828499913,27.963951197880636,simulation_virtual_sample
axial,2.8124999999999902,101.5,19.97590912410345,0.981353486548357,-3.2773106900319107,-0.12477808626705654,28.018187337241844,simulation_virtual_sample
axial,2.8124999999999902,103.0,19.97590912410345,0.981353486548357,-2.500665429402974,-0.12495471003217204,28.066147062760017,simulation_virtual_sample
axial,2.8124999999999902,104.5,19.97590912410345,0.981353486548357,-1.727642040412372,-0.06595950182016673,28.10536878607783,simulation_virtual_sample
axial,2.8124999999999902,106.0,19.97590912410345,0.981353486548357,-0.943236576329891,-0.061401998732962926,28.13754944179211,simulation_virtual_sample
axial,2.8124999999999902,107.5,19.97590912410345,0.981353486548357,-0.17622316265665094,-0.0031065646099504634,28.164937040222263,simulation_virtual_sample
axial,2.8124999999999902,109.0,19.97590912410345,0.981353486548357,0.5855982523943655,0.05597735341697717,28.166866613218154,simulation_virtual_sample
axial,2.8124999999999902,110.5,19.97590912410345,0.981353486548357,1.3616575395098791,0.0618023503299836,28.158123300926132,simulation_virtual_sample
axial,2.8124999999999902,112.0,19.97590912410345,0.981353486548357,2.124476571248791,0.12933425138120297,28.13132434222039,simulation_virtual_sample
axial,2.8124999999999902,113.5,19.97590912410345,0.981353486548357,2.9180108748880236,0.1304159150808387,28.088256776247924,simulation_virtual_sample
axial,2.8124999999999902,115.0,19.97590912410345,0.981353486548357,3.711382994415334,0.21584692409024436,28.03396521574952,simulation_virtual_sample
axial,5.625000000000006,100.0,19.90369453344394,1.9603428065912143,-4.021953046247871,-0.407057095438319,27.9571222858184,simulation_virtual_sample
axial,5.625000000000006,101.5,19.90369453344394,1.9603428065912143,-3.2492242015128348,-0.27322317706024296,28.015463060817755,simulation_virtual_sample
axial,5.625000000000006,103.0,19.90369453344394,1.9603428065912143,-2.4733828023061655,-0.2458935532958791,28.065553541962153,simulation_virtual_sample
axial,5.625000000000006,104.5,19.90369453344394,1.9603428065912143,-1.7039150078764747,-0.15414104711500165,28.1028334188356,simulation_virtual_sample
axial,5.625000000000006,106.0,19.90369453344394,1.9603428065912143,-0.9234491268533332,-0.12564059363701388,28.13611050179599,simulation_virtual_sample
axial,5.625000000000006,107.5,19.90369453344394,1.9603428065912143,-0.17377282080708092,-0.013776990603658508,28.15872018456687,simulation_virtual_sample
axial,5.625000000000006,109.0,19.90369453344394,1.9603428065912143,0.5738557006774407,0.0983975996397381,28.17128892641134,simulation_virtual_sample
axial,5.625000000000006,110.5,19.90369453344394,1.9603428065912143,1.3422239690853954,0.13099802558568183,28.15893469101367,simulation_virtual_sample
axial,5.625000000000006,112.0,19.90369453344394,1.9603428065912143,2.0908105293575976,0.23567851390293254,28.134857549129638,simulation_virtual_sample
axial,5.625000000000006,113.5,19.90369453344394,1.9603428065912143,2.884316956051469,0.2594805721405412,28.088758325815594,simulation_virtual_sample
axial,5.625000000000006,115.0,19.90369453344394,1.9603428065912143,3.677673246532734,0.4056473278292919,28.02633157646508,simulation_virtual_sample
axial,8.437499999999996,100.0,19.78353019929562,2.934609489107234,-3.992408409793276,-0.6080045922854089,27.9503027781675,simulation_virtual_sample
axial,8.437499999999996,101.5,19.78353019929562,2.934609489107234,-3.2195895599149225,-0.4747828428294578,28.008622778135006,simulation_virtual_sample
axial,8.437499999999996,103.0,19.78353019929562,2.934609489107234,-2.447169321285405,-0.3526347856561606,28.063278319136835,simulation_virtual_sample
axial,8.437499999999996,104.5,19.78353019929562,2.934609489107234,-1.678248221746958,-0.2539998796254569,28.09976630435556,simulation_virtual_sample
axial,8.437499999999996,106.0,19.78353019929562,2.934609489107234,-0.9097032872739332,-0.1712169812490656,28.13299510892803,simulation_virtual_sample
axial,8.437499999999996,107.5,19.78353019929562,2.934609489107234,-0.17131840753004865,-0.02446514631349948,28.15249299913775,simulation_virtual_sample
axial,8.437499999999996,109.0,19.78353019929562,2.934609489107234,0.5670664722138361,0.12228668862206667,28.171990889347473,simulation_virtual_sample
axial,8.437499999999996,110.5,19.78353019929562,2.934609489107234,1.319059258425175,0.2131861772519724,28.15801319027856,simulation_virtual_sample
axial,8.437499999999996,112.0,19.78353019929562,2.934609489107234,2.064906810121276,0.3241905621203308,28.135089252081098,simulation_virtual_sample
axial,8.437499999999996,113.5,19.78353019929562,2.934609489107234,2.8505517154830047,0.44959342360890725,28.081112120102347,simulation_virtual_sample
axial,8.437499999999996,115.0,19.78353019929562,2.934609489107234,3.6440099219064717,0.5951863486346477,28.01870844981913,simulation_virtual_sample
axial,11.25000000000001,100.0,19.61570560806461,3.901806440322569,-3.962761774207275,-0.8096458350233268,27.943459727026468,simulation_virtual_sample
axial,11.25000000000001,101.5,19.61570560806461,3.901806440322569,-3.1909748010120556,-0.6575951849759258,28.00514828110538,simulation_virtual_sample
axial,11.25000000000001,103.0,19.61570560806461,3.901806440322569,-2.421733025647767,-0.4614462679036744,28.074524193002745,simulation_virtual_sample
axial,11.25000000000001,104.5,19.61570560806461,3.901806440322569,-1.6527578437351709,-0.3593602387537167,28.109727234539598,simulation_virtual_sample
axial,11.25000000000001,106.0,19.61570560806461,3.901806440322569,-0.9099356374295673,-0.19619441069608,28.135395723454362,simulation_virtual_sample
axial,11.25000000000001,107.5,19.61570560806461,3.901806440322569,-0.1734091444273783,-0.04283144526715673,28.154643662422103,simulation_virtual_sample
axial,11.25000000000001,109.0,19.61570560806461,3.901806440322569,0.5631569305838741,0.11437996720853823,28.17166782771463,simulation_virtual_sample
axial,11.25000000000001,110.5,19.61570560806461,3.901806440322569,1.29496814274384,0.3028208316320355,28.154771366783663,simulation_virtual_sample
axial,11.25000000000001,112.0,19.61570560806461,3.901806440322569,2.0407098428099277,0.41472598011210976,28.131554902132745,simulation_virtual_sample
axial,11.25000000000001,113.5,19.61570560806461,3.901806440322569,2.8202292840978385,0.6214648193412994,28.07286064844168,simulation_virtual_sample
axial,11.25000000000001,115.0,19.61570560806461,3.901806440322569,3.6102303788973096,0.7853797290060511,28.01105900528981,simulation_virtual_sample
axial,14.062500000000005,100.0,19.400625063890878,4.859603598065279,-3.9176238567626793,-1.0052828206125017,27.942232769532644,simulation_virtual_sample
axial,14.062500000000005,101.5,19.400625063890878,4.859603598065279,-3.1656616244294002,-0.7829897103162207,28.01170250017977,simulation_virtual_sample
axial,14.062500000000005,103.0,19.400625063890878,4.859603598065279,-2.396469361861535,-0.5865955204475856,28.081065591966873,simulation_virtual_sample
axial,14.062500000000005,104.5,19.400625063890878,4.859603598065279,-1.6274401055424375,-0.465669208485774,28.12311464760548,simulation_virtual_sample
axial,14.062500000000005,106.0,19.400625063890878,4.859603598065279,-0.9026046627578687,-0.25876571092298334,28.14287473720928,simulation_virtual_sample
axial,14.062500000000005,107.5,19.400625063890878,4.859603598065279,-0.1775526739844478,-0.06461098001967683,28.16058439950096,simulation_virtual_sample
axial,14.062500000000005,109.0,19.400625063890878,4.859603598065279,0.5485236571740721,0.15297121919254977,28.16332986927309,simulation_virtual_sample
axial,14.062500000000005,110.5,19.400625063890878,4.859603598065279,1.2707218504071645,0.39429149006369524,28.15081771546181,simulation_virtual_sample
axial,14.062500000000005,112.0,19.400625063890878,4.859603598065279,2.020814262241877,0.5183913561981277,28.12303530025365,simulation_virtual_sample
axial,14.062500000000005,113.5,19.400625063890878,4.859603598065279,2.8018738841185136,0.7298029139353406,28.062659076655308,simulation_virtual_sample
axial,14.062500000000005,115.0,19.400625063890878,4.859603598065279,3.567373405762901,0.9647196101296042,28.011039833960798,simulation_virtual_sample
axial,16.874999999999993,100.0,19.13880671464418,5.8056935450892455,-3.8524431988809225,-1.1902394897211588,27.948512297297196,simulation_virtual_sample
axial,16.874999999999993,101.5,19.13880671464418,5.8056935450892455,-3.1186111661968114,-0.9409073585108771,28.0181106007203,simulation_virtual_sample
axial,16.874999999999993,103.0,19.13880671464418,5.8056935450892455,-2.371181013369638,-0.711867054244504,28.087613382423125,simulation_virtual_sample
axial,16.874999999999993,104.5,19.13880671464418,5.8056935450892455,-1.6094320338687216,-0.5541897805650053,28.13409937574661,simulation_virtual_sample
axial,16.874999999999993,106.0,19.13880671464418,5.8056935450892455,-0.8952698830640163,-0.3213694877569232,28.150357632823606,simulation_virtual_sample
axial,16.874999999999993,107.5,19.13880671464418,5.8056935450892455,-0.18097122692546608,-0.08325625088042425,28.166001943015036,simulation_virtual_sample
axial,16.874999999999993,109.0,19.13880671464418,5.8056935450892455,0.5338886627921117,0.1915670097694235,28.154990930231115,simulation_virtual_sample
axial,16.874999999999993,110.5,19.13880671464418,5.8056935450892455,1.250616111818038,0.463029816680448,28.144991429361202,simulation_virtual_sample
axial,16.874999999999993,112.0,19.13880671464418,5.8056935450892455,2.002496876203723,0.6265050831423774,28.11285485587121,simulation_virtual_sample
axial,16.874999999999993,113.5,19.13880671464418,5.8056935450892455,2.769233180032204,0.8595845322999308,28.060531665488952,simulation_virtual_sample
axial,16.874999999999993,115.0,19.13880671464418,5.8056935450892455,3.5129961542484787,1.1271348026119892,28.021196791675454,simulation_virtual_sample
axial,19.687500000000014,100.0,18.830881303660412,6.737797067844404,-3.7875316014408282,-1.3744326727789522,27.954765903683096,simulation_virtual_sample
axial,19.687500000000014,101.5,18.830881303660412,6.737797067844404,-3.053540637802398,-1.1255515241282894,28.024379518570868,simulation_virtual_sample
axial,19.687500000000014,103.0,18.830881303660412,6.737797067844404,-2.319549674163968,-0.8766703754776263,28.093993133458643,simulation_virtual_sample
axial,19.687500000000014,104.5,18.830881303660412,6.737797067844404,-1.6010823587387786,-0.599894267329526,28.140928066777548,simulation_virtual_sample
axial,19.687500000000014,106.0,18.830881303660412,6.737797067844404,-0.8856489799123252,-0.3452361122196364,28.15632257971921,simulation_virtual_sample
axial,19.687500000000014,107.5,18.830881303660412,6.737797067844404,-0.17034083869013866,-0.09013120671004649,28.171347591657767,simulation_virtual_sample
axial,19.687500000000014,109.0,18.830881303660412,6.737797067844404,0.5342590187666104,0.20317252957673945,28.15477888527202,simulation_virtual_sample
axial,19.687500000000014,110.5,18.830881303660412,6.737797067844404,1.2388588762233597,0.49647626586352545,28.13821017888628,simulation_virtual_sample
axial,19.687500000000014,112.0,18.830881303660412,6.737797067844404,1.9710452467910038,0.7545919483309358,28.110032408154638,simulation_virtual_sample
axial,19.687500000000014,113.5,18.830881303660412,6.737797067844404,2.714944307193011,1.0217357533760947,28.07067211522569,simulation_virtual_sample
axial,19.687500000000014,115.0,18.830881303660412,6.737797067844404,3.458843367595019,1.2888795584212533,28.03131182229674,simulation_virtual_sample
axial,22.5,100.0,18.477590650225736,7.653668647301796,-3.7225752636041296,-1.5587528112096969,27.96102382037472,simulation_virtual_sample
axial,22.5,101.5,18.477590650225736,7.653668647301796,-2.9884252594680287,-1.310322955958924,28.030652757280606,simulation_virtual_sample
axial,22.5,103.0,18.477590650225736,7.653668647301796,-2.272407329842722,-0.9967177546954984,28.098587837646022,simulation_virtual_sample
axial,22.5,104.5,18.477590650225736,7.653668647301796,-1.5739843826969664,-0.6544064314059256,28.145113103393264,simulation_virtual_sample
axial,22.5,106.0,18.477590650225736,7.653668647301796,-0.8750669193677467,-0.3520237451956777,28.16159693798081,simulation_virtual_sample
axial,22.5,107.5,18.477590650225736,7.653668647301796,-0.15975382857188677,-0.09697810875345834,28.176671426969925,simulation_virtual_sample
axial,22.5,109.0,18.477590650225736,7.653668647301796,0.5448622310403245,0.19631514916690426,28.160110868078746,simulation_virtual_sample
axial,22.5,110.5,18.477590650225736,7.653668647301796,1.2348723000204431,0.51452211181674,28.144405681149614,simulation_virtual_sample
axial,22.5,112.0,18.477590650225736,7.653668647301796,1.9270100050756258,0.8725073120467255,28.118882534281802,simulation_virtual_sample
axial,22.5,113.5,18.477590650225736,7.653668647301796,2.6606180156829207,1.1839987373764043,28.080819554279604,simulation_virtual_sample
axial,22.5,115.0,18.477590650225736,7.653668647301796,3.404653256068229,1.4507357969979895,28.04143382471505,simulation_virtual_sample
axial,25.31249999999999,100.0,18.079785862468867,8.551101868605638,-3.6572595175020726,-1.744092806723372,27.96731636258647,simulation_virtual_sample
axial,25.31249999999999,101.5,18.079785862468867,8.551101868605638,-2.9446297197013993,-1.4183903858863423,28.034934617382024,simulation_virtual_sample
axial,25.31249999999999,103.0,18.079785862468867,8.551101868605638,-2.2361848999544716,-1.0776842200561554,28.102161770332106,simulation_virtual_sample
axial,25.31249999999999,104.5,18.079785862468867,8.551101868605638,-1.5377860647096853,-0.7353374267124938,28.148667190581605,simulation_virtual_sample
axial,25.31249999999999,106.0,18.079785862468867,8.551101868605638,-0.8534645883832143,-0.39069163496269976,28.166135410089513,simulation_virtual_sample
axial,25.31249999999999,107.5,18.079785862468867,8.551101868605638,-0.14915901857097,-0.10383005518919448,28.181999184568955,simulation_virtual_sample
axial,25.31249999999999,109.0,18.079785862468867,8.551101868605638,0.5429587149296891,0.21078799826743727,28.16617383873454,simulation_virtual_sample
axial,25.31249999999999,110.5,18.079785862468867,8.551101868605638,1.20069228640262,0.5840255270119701,28.15234611592856,simulation_virtual_sample
axial,25.31249999999999,112.0,18.079785862468867,8.551101868605638,1.8944739129189687,0.9412838313420729,28.126264001757637,simulation_virtual_sample
axial,25.31249999999999,113.5,18.079785862468867,8.551101868605638,2.620737174480627,1.2841438183396194,28.089139886359767,simulation_virtual_sample
axial,25.31249999999999,115.0,18.079785862468867,8.551101868605638,3.350163306609806,1.6134875982231387,28.051611832928213,simulation_virtual_sample
axial,28.12500000000001,100.0,17.6384252869671,9.427934736519955,-3.5594367237893123,-1.91592087000274,27.967924585750055,simulation_virtual_sample
axial,28.12500000000001,101.5,17.6384252869671,9.427934736519955,-2.908343775290073,-1.4994988225738433,28.038514816810306,simulation_virtual_sample
axial,28.12500000000001,103.0,17.6384252869671,9.427934736519955,-2.199987484534938,-1.158594771632975,28.105733234933425,simulation_virtual_sample
axial,28.12500000000001,104.5,17.6384252869671,9.427934736519955,-1.5016126146868576,-0.8162128230513098,28.152218836139532,simulation_virtual_sample
axial,28.12500000000001,106.0,17.6384252869671,9.427934736519955,-0.817203468040436,-0.4717630416867206,28.169695663449637,simulation_virtual_sample
axial,28.12500000000001,107.5,17.6384252869671,9.427934736519955,-0.1386136494585274,-0.10875921566314509,28.18528151274573,simulation_virtual_sample
axial,28.12500000000001,109.0,17.6384252869671,9.427934736519955,0.5087552395586827,0.28033912181032744,28.17411972396541,simulation_virtual_sample
axial,28.12500000000001,110.5,17.6384252869671,9.427934736519955,1.1665620705269482,0.6534276808915308,28.160274982083575,simulation_virtual_sample
axial,28.12500000000001,112.0,17.6384252869671,9.427934736519955,1.8619784549739022,1.0099744558832493,28.133636250544587,simulation_virtual_sample
axial,28.12500000000001,113.5,17.6384252869671,9.427934736519955,2.588170375131376,1.3529852481292535,28.096528320380393,simulation_virtual_sample
axial,28.12500000000001,115.0,17.6384252869671,9.427934736519955,3.2566489085529993,1.766674704616842,28.053067880936418,simulation_virtual_sample
axial,30.937499999999996,100.0,17.154572200005443,10.282054883864433,-3.4568890782806334,-2.0842922336139944,27.9675821591833,simulation_virtual_sample
axial,30.937499999999996,101.5,17.154572200005443,10.282054883864433,-2.8073881133148206,-1.6658518802367543,28.03828008527274,simulation_virtual_sample
axial,30.937499999999996,103.0,17.154572200005443,10.282054883864433,-2.1578871483490083,-1.2474115268595147,28.108978011362183,simulation_virtual_sample
axial,30.937499999999996,104.5,17.154572200005443,10.282054883864433,-1.465289159706567,-0.897423595484469,28.155785209749133,simulation_virtual_sample
axial,30.937499999999996,106.0,17.154572200005443,10.282054883864433,-0.7939025366205964,-0.5098259956120239,28.169101208202996,simulation_virtual_sample
axial,30.937499999999996,107.5,17.154572200005443,10.282054883864433,-0.12615698855388513,-0.11080734855593737,28.18123551248946,simulation_virtual_sample
axial,30.937499999999996,109.0,17.154572200005443,10.282054883864433,0.49969360586526407,0.31132960729207826,28.17560308507535,simulation_virtual_sample
axial,30.937499999999996,110.5,17.154572200005443,10.282054883864433,1.1323167631665552,0.723063867774632,28.16823058539669,simulation_virtual_sample
axial,30.937499999999996,112.0,17.154572200005443,10.282054883864433,1.823488283381939,1.086096657069369,28.140382823064932,simulation_virtual_sample
axial,30.937499999999996,113.5,17.154572200005443,10.282054883864433,2.490391299606839,1.501644947491301,28.096722206108595,simulation_virtual_sample
axial,30.937499999999996,115.0,17.154572200005443,10.282054883864433,3.1572943158317393,1.917193237913233,28.053061589152268,simulation_virtual_sample
axial,33.74999999999999,100.0,16.629392246050905,11.111404660392042,-3.3545532118801464,-2.2523158804439047,27.967240439788252,simulation_virtual_sample
axial,33.74999999999999,101.5,16.629392246050905,11.111404660392042,-2.7048015217446957,-1.8342871887727352,28.037937528657498,simulation_virtual_sample
axial,33.74999999999999,103.0,16.629392246050905,11.111404660392042,-2.0571580524908883,-1.4108008550184645,28.108451974359806,simulation_virtual_sample
axial,33.74999999999999,104.5,16.629392246050905,11.111404660392042,-1.4410281305711978,-0.9218550257559591,28.152884561282438,simulation_virtual_sample
axial,33.74999999999999,106.0,16.629392246050905,11.111404660392042,-0.781514703653179,-0.5118451893463842,28.16504349731687,simulation_virtual_sample
axial,33.74999999999999,107.5,16.629392246050905,11.111404660392042,-0.11374807515224258,-0.11284763077091228,28.177205020916535,simulation_virtual_sample
axial,33.74999999999999,109.0,16.629392246050905,11.111404660392042,0.5121270550212569,0.3092852908912234,28.171564624138153,simulation_virtual_sample
axial,33.74999999999999,110.5,16.629392246050905,11.111404660392042,1.1294791844864531,0.7422428101601141,28.16603846440258,simulation_virtual_sample
axial,33.74999999999999,112.0,16.629392246050905,11.111404660392042,1.7271183478751768,1.2323069138483502,28.140193156472595,simulation_virtual_sample
axial,33.74999999999999,113.5,16.629392246050905,11.111404660392042,2.390999132225164,1.6522204050085039,28.096715911944976,simulation_virtual_sample
axial,33.74999999999999,115.0,16.629392246050905,11.111404660392042,3.058144907997337,2.067400923694894,28.05305531036177,simulation_virtual_sample
axial,36.5625,100.0,16.0641506296129,11.913986089848667,-3.251934843442334,-2.420803362918326,27.96689777706386,simulation_virtual_sample
axial,36.5625,101.5,16.0641506296129,11.913986089848667,-2.608400003290022,-1.9865343075521975,28.037042352351097,simulation_virtual_sample
axial,36.5625,103.0,16.0641506296129,11.913986089848667,-1.9920014839232163,-1.4824002449535123,28.104872489576607,simulation_virtual_sample
axial,36.5625,104.5,16.0641506296129,11.913986089848667,-1.37589319999357,-0.9934169177139214,28.149327011685397,simulation_virtual_sample
axial,36.5625,106.0,16.0641506296129,11.913986089848667,-0.760191093249277,-0.5256366630709366,28.161067949102566,simulation_virtual_sample
axial,36.5625,107.5,16.0641506296129,11.913986089848667,-0.10132693849148358,-0.11488992274269483,28.173170559153693,simulation_virtual_sample
axial,36.5625,109.0,16.0641506296129,11.913986089848667,0.5154781759902608,0.318778506064168,28.16764717533388,simulation_virtual_sample
axial,36.5625,110.5,16.0641506296129,11.913986089848667,1.0892465102384945,0.8070536473002574,28.162715262170146,simulation_virtual_sample
axial,36.5625,112.0,16.0641506296129,11.913986089848667,1.686871799641214,1.2971401006002012,28.136868808254665,simulation_virtual_sample
axial,36.5625,113.5,16.0641506296129,11.913986089848667,2.301466664069714,1.7885149494964658,28.0961457338267,simulation_virtual_sample
axial,36.5625,115.0,16.0641506296129,11.913986089848667,2.958721794465234,2.2180232634854367,28.053049014238436,simulation_virtual_sample
axial,39.37499999999999,100.0,15.46020906725474,12.687865683272907,-3.139479307657665,-2.5807198510898126,27.967860824453517,simulation_virtual_sample
axial,39.37499999999999,101.5,15.46020906725474,12.687865683272907,-2.5433086813146004,-2.0580619991718923,28.033466451998287,simulation_virtual_sample
axial,39.37499999999999,103.0,15.46020906725474,12.687865683272907,-1.9270689690915714,-1.553753426238154,28.101305313559145,simulation_virtual_sample
axial,39.37499999999999,104.5,15.46020906725474,12.687865683272907,-1.3109824911065904,-1.0647324636904185,28.145781708662938,simulation_virtual_sample
axial,39.37499999999999,106.0,15.46020906725474,12.687865683272907,-0.695110785494246,-0.5971385424903967,28.1575133829032,simulation_virtual_sample
axial,39.37499999999999,107.5,15.46020906725474,12.687865683272907,-0.09293609097336616,-0.11749148484525752,28.170594227674027,simulation_virtual_sample
axial,39.37499999999999,109.0,15.46020906725474,12.687865683272907,0.47527932528495775,0.3835348568407895,28.16432676691206,simulation_virtual_sample
axial,39.37499999999999,110.5,15.46020906725474,12.687865683272907,1.0491522563457047,0.8716415030139005,28.159403493401722,simulation_virtual_sample
axial,39.37499999999999,112.0,15.46020906725474,12.687865683272907,1.6467637194958136,1.361750229031802,28.133555897443504,simulation_virtual_sample
axial,39.37499999999999,113.5,15.46020906725474,12.687865683272907,2.2612605227357947,1.853283044750747,28.092824723201975,simulation_virtual_sample
axial,39.37499999999999,115.0,15.46020906725474,12.687865683272907,2.850055842495461,2.363944342016959,28.050664715794355,simulation_virtual_sample
axial,42.18750000000001,100.0,14.81902250709918,13.43117909694037,-3.0047425775008945,-2.7158853947246846,27.972070304022942,simulation_virtual_sample
axial,42.18750000000001,101.5,14.81902250709918,13.43117909694037,-2.450212466837912,-2.155184703093447,28.033015883785144,simulation_virtual_sample
axial,42.18750000000001,103.0,14.81902250709918,13.43117909694037,-1.8620467921490038,-1.6252051356157182,28.09773321180405,simulation_virtual_sample
axial,42.18750000000001,104.5,14.81902250709918,13.43117909694037,-1.245982392663153,-1.1361462194251006,28.142231523348016,simulation_virtual_sample
axial,42.18750000000001,106.0,14.81902250709918,13.43117909694037,-0.6507361897094164,-0.6504962845983008,28.15610140275364,simulation_virtual_sample
axial,42.18750000000001,107.5,14.81902250709918,13.43117909694037,-0.1018335473095039,-0.12414356612196112,28.174694113132485,simulation_virtual_sample
axial,42.18750000000001,109.0,14.81902250709918,13.43117909694037,0.44375878098643323,0.42847824947103136,28.16306708554047,simulation_virtual_sample
axial,42.18750000000001,110.5,14.81902250709918,13.43117909694037,1.009002710652514,0.9363184283193117,28.156087157553483,simulation_virtual_sample
axial,42.18750000000001,112.0,14.81902250709918,13.43117909694037,1.6066003284829806,1.426449457770262,28.130238417977594,simulation_virtual_sample
axial,42.18750000000001,113.5,14.81902250709918,13.43117909694037,2.1851539729633407,1.944741122389464,28.08750879347698,simulation_virtual_sample
axial,42.18750000000001,115.0,14.81902250709918,13.43117909694037,2.720517037242103,2.4950846583738633,28.042380954485544,simulation_virtual_sample
axial,45.0,100.0,14.142135623730951,14.14213562373095,-2.8706546415271257,-2.850400079322452,27.97625951379768,simulation_virtual_sample
axial,45.0,101.5,14.142135623730951,14.14213562373095,-2.315796227071486,-2.2900287363444005,28.03721535051139,simulation_virtual_sample
axial,45.0,103.0,14.142135623730951,14.14213562373095,-1.7609378126158464,-1.7296573933663488,28.098171187225095,simulation_virtual_sample
axial,45.0,104.5,14.142135623730951,14.14213562373095,-1.2085428762961334,-1.183441525893056,28.141540397085432,simulation_virtual_sample
axial,45.0,106.0,14.142135623730951,14.14213562373095,-0.6596112610863198,-0.6571263656439843,28.16018515936697,simulation_virtual_sample
axial,45.0,107.5,14.142135623730951,14.14213562373095,-0.11068594255722496,-0.13076195799225004,28.17877323475754,simulation_virtual_sample
axial,45.0,109.0,14.142135623730951,14.14213562373095,0.43488426728297164,0.42184332099075617,28.167156399194752,simulation_virtual_sample
axial,45.0,110.5,14.142135623730951,14.14213562373095,0.9804544771231684,0.9744485999737623,28.155539563631958,simulation_virtual_sample
axial,45.0,112.0,14.142135623730951,14.14213562373095,1.5202445914573186,1.5255455076077291,28.124352390783102,simulation_virtual_sample
axial,45.0,113.5,14.142135623730951,14.14213562373095,2.055923294099958,2.0755695029354713,28.079244736267363,simulation_virtual_sample
axial,45.0,115.0,14.142135623730951,14.14213562373095,2.5916019967425985,2.6255934982632128,28.03413708175162,simulation_virtual_sample
axial,47.8125,100.0,13.43117909694037,14.81902250709918,-2.736566705553356,-2.9849147639202203,27.98044872357241,simulation_virtual_sample
axial,47.8125,101.5,13.43117909694037,14.81902250709918,-2.1813799873050597,-2.4248727695953547,28.04141481723763,simulation_virtual_sample
axial,47.8125,103.0,13.43117909694037,14.81902250709918,-1.6571727077421825,-1.8305657591008035,28.10027082652984,simulation_virtual_sample
axial,47.8125,104.5,13.43117909694037,14.81902250709918,-1.1690767726381288,-1.225149183735255,28.143056871782253,simulation_virtual_sample
axial,47.8125,106.0,13.43117909694037,14.81902250709918,-0.6684841317544997,-0.6637548026603884,28.164267903350837,simulation_virtual_sample
axial,47.8125,107.5,13.43117909694037,14.81902250709918,-0.11953612658245162,-0.13737869666737879,28.18285133746678,simulation_virtual_sample
axial,47.8125,109.0,13.43117909694037,14.81902250709918,0.42601197032692995,0.41521004983628823,28.171244691387372,simulation_virtual_sample
axial,47.8125,110.5,13.43117909694037,14.81902250709918,0.9323550008846258,0.9995200206698448,28.155079675397584,simulation_virtual_sample
axial,47.8125,112.0,13.43117909694037,14.81902250709918,1.417875582285015,1.6152588680762947,28.11843632974777,simulation_virtual_sample
axial,47.8125,113.5,13.43117909694037,14.81902250709918,1.926692615236576,2.2063978834814786,28.070980679057744,simulation_virtual_sample
axial,47.8125,115.0,13.43117909694037,14.81902250709918,2.4626869562430937,2.7561023381525627,28.025893209017696,simulation_virtual_sample
axial,50.62499999999998,100.0,12.687865683272916,15.460209067254736,-2.6018299753965874,-3.120080307555091,27.98465820314184,simulation_virtual_sample
axial,50.62499999999998,101.5,12.687865683272916,15.460209067254736,-2.0850045953542056,-2.5176203698735264,28.043015668489733,simulation_virtual_sample
axial,50.62499999999998,103.0,12.687865683272916,15.460209067254736,-1.5866802894070675,-1.8947190999028805,28.100120831754083,simulation_virtual_sample
axial,50.62499999999998,104.5,12.687865683272916,15.460209067254736,-1.0986083802692517,-1.289280659122064,28.14290692812929,simulation_virtual_sample
axial,50.62499999999998,106.0,12.687865683272916,15.460209067254736,-0.6249499712063866,-0.708392622945916,28.165562329651536,simulation_virtual_sample
axial,50.62499999999998,107.5,12.687865683272916,15.460209067254736,-0.1284269064022787,-0.1440257863231667,28.186948146433362,simulation_virtual_sample
axial,50.62499999999998,109.0,12.687865683272916,15.460209067254736,0.37456754512854745,0.4430083355426137,28.17038831228887,simulation_virtual_sample
axial,50.62499999999998,110.5,12.687865683272916,15.460209067254736,0.8592386655694784,1.0448893205829546,28.151690142697163,simulation_virtual_sample
axial,50.62499999999998,112.0,12.687865683272916,15.460209067254736,1.3447337755344035,1.6606348665598978,28.115057001701107,simulation_virtual_sample
axial,50.62499999999998,113.5,12.687865683272916,15.460209067254736,1.8308167830025568,2.2862724566959343,28.06562767264435,simulation_virtual_sample
axial,50.62499999999998,115.0,12.687865683272916,15.460209067254736,2.333148150989737,2.8872426545094654,28.017609447708885,simulation_virtual_sample
axial,53.43750000000003,100.0,11.91398608984866,16.064150629612904,-2.4413950208102637,-3.236279691604764,27.97905392215655,simulation_virtual_sample
axial,53.43750000000003,101.5,11.91398608984866,16.064150629612904,-2.0144371441734563,-2.5818419961427646,28.042865514058015,simulation_virtual_sample
axial,53.43750000000003,103.0,11.91398608984866,16.064150629612904,-1.5162849494487325,-1.9587840921656798,28.09997104354308,simulation_virtual_sample
axial,53.43750000000003,104.5,11.91398608984866,16.064150629612904,-1.0282370331898822,-1.3533238160814722,28.142757190970674,simulation_virtual_sample
axial,53.43750000000003,106.0,11.91398608984866,16.064150629612904,-0.5543943824054208,-0.7726034535677505,28.165412200460757,simulation_virtual_sample
axial,53.43750000000003,107.5,11.91398608984866,16.064150629612904,-0.1309861208365423,-0.14737771374020378,28.185259904415638,simulation_virtual_sample
axial,53.43750000000003,109.0,11.91398608984866,16.064150629612904,0.3013608931919777,0.4884336776775714,28.166994592683558,simulation_virtual_sample
axial,53.43750000000003,110.5,11.91398608984866,16.064150629612904,0.7862228822963105,1.0901962271098282,28.148305271396044,simulation_virtual_sample
axial,53.43750000000003,112.0,11.91398608984866,16.064150629612904,1.271692828880511,1.7059482930645036,28.111682333634405,simulation_virtual_sample
axial,53.43750000000003,113.5,11.91398608984866,16.064150629612904,1.7575971975564677,2.331696707829078,28.062244751034186,simulation_virtual_sample
axial,53.43750000000003,115.0,11.91398608984866,16.064150629612904,2.1836386332855486,2.9903802410815667,28.01266058951701,simulation_virtual_sample
axial,56.25000000000001,100.0,11.111404660392042,16.629392246050905,-2.2720146917531703,-3.3439360999089125,27.9695730137157,simulation_virtual_sample
axial,56.25000000000001,101.5,11.111404660392042,16.629392246050905,-1.8615545260304867,-2.682307628441816,28.034954437744766,simulation_virtual_sample
axial,56.25000000000001,103.0,11.111404660392042,16.629392246050905,-1.445646578456941,-2.0230702607348534,28.09982073820717,simulation_virtual_sample
axial,56.25000000000001,104.5,11.111404660392042,16.629392246050905,-0.9576227379094455,-1.417588073963624,28.14260693686341,simulation_virtual_sample
axial,56.25000000000001,106.0,11.111404660392042,16.629392246050905,-0.5378775414378245,-0.7891405833571881,28.16229327566715,simulation_virtual_sample
axial,56.25000000000001,107.5,11.111404660392042,16.629392246050905,-0.1307300204398801,-0.1495760768257917,28.181286583941684,simulation_virtual_sample
axial,56.25000000000001,109.0,11.111404660392042,16.629392246050905,0.2845603445632323,0.4972889186643801,28.16314859227446,simulation_virtual_sample
axial,56.25000000000001,110.5,11.111404660392042,16.629392246050905,0.7129548807585091,1.1356596371874124,28.144908707741195,simulation_virtual_sample
axial,56.25000000000001,112.0,11.111404660392042,16.629392246050905,1.1983998512916538,1.7514180755005624,28.108296021130073,simulation_virtual_sample
axial,56.25000000000001,113.5,11.111404660392042,16.629392246050905,1.6152279843185373,2.415159588956349,28.058696126128975,simulation_virtual_sample
axial,56.25000000000001,115.0,11.111404660392042,16.629392246050905,2.027382890363239,3.0814706007712553,28.00908578337075,simulation_virtual_sample
axial,59.0625,100.0,10.282054883864433,17.154572200005443,-2.103100656292144,-3.451296136762803,27.96011820563087,simulation_virtual_sample
axial,59.0625,101.5,10.282054883864433,17.154572200005443,-1.6922269178041545,-2.7899305279240476,28.025476480304025,simulation_virtual_sample
axial,59.0625,103.0,10.282054883864433,17.154572200005443,-1.2813531793161652,-2.1285649190852927,28.09083475497718,simulation_virtual_sample
axial,59.0625,104.5,10.282054883864433,17.154572200005443,-0.9416324131865561,-1.432872179601445,28.139036849311722,simulation_virtual_sample
axial,59.0625,106.0,10.282054883864433,17.154572200005443,-0.5376151073555369,-0.791332923940882,28.158291471151774,simulation_virtual_sample
axial,59.0625,107.5,10.282054883864433,17.154572200005443,-0.13046917377847497,-0.1517634991656916,28.177299345558282,simulation_virtual_sample
axial,59.0625,109.0,10.282054883864433,17.154572200005443,0.2848164074938122,0.4950908771872448,28.159175853075485,simulation_virtual_sample
axial,59.0625,110.5,10.282054883864433,17.154572200005443,0.697533225326789,1.143426186152652,28.14110223642264,simulation_virtual_sample
axial,59.0625,112.0,10.282054883864433,17.154572200005443,1.0464839444763276,1.840133289334094,28.10472403545169,simulation_virtual_sample
axial,59.0625,113.5,10.282054883864433,17.154572200005443,1.4590206271687043,2.506221741827291,28.055122426948476,simulation_virtual_sample
axial,59.0625,115.0,10.282054883864433,17.154572200005443,1.8715573098610814,3.1723101943204886,28.005520818445262,simulation_virtual_sample
axial,61.87499999999999,100.0,9.427934736519957,17.6384252869671,-1.933837061433722,-3.558878350001768,27.95064383127964,simulation_virtual_sample
axial,61.87499999999999,101.5,9.427934736519957,17.6384252869671,-1.5247991702579642,-2.8963743710034784,28.01596441061179,simulation_virtual_sample
axial,61.87499999999999,103.0,9.427934736519957,17.6384252869671,-1.1871668963459734,-2.1893892981890257,28.080824937809002,simulation_virtual_sample
axial,61.87499999999999,104.5,9.427934736519957,17.6384252869671,-0.8549594148550356,-1.4894680641554532,28.128223665429662,simulation_virtual_sample
axial,61.87499999999999,106.0,9.427934736519957,17.6384252869671,-0.5295718958353082,-0.798427375523269,28.153669697251367,simulation_virtual_sample
axial,61.87499999999999,107.5,9.427934736519957,17.6384252869671,-0.1302068824780689,-0.15395464696790434,28.17329971829509,simulation_virtual_sample
axial,61.87499999999999,109.0,9.427934736519957,17.6384252869671,0.2785195820768894,0.496647003352955,28.155387105243015,simulation_virtual_sample
axial,61.87499999999999,110.5,9.427934736519957,17.6384252869671,0.6224766135652156,1.18441445443252,28.139320425638136,simulation_virtual_sample
axial,61.87499999999999,112.0,9.427934736519957,17.6384252869671,0.9643602796077151,1.8854653859526165,28.10281248648362,simulation_virtual_sample
axial,61.87499999999999,113.5,9.427934736519957,17.6384252869671,1.3047516544039306,2.596077015815353,28.051592084193214,simulation_virtual_sample
axial,61.87499999999999,115.0,9.427934736519957,17.6384252869671,1.715409255883759,3.26333777599927,28.001948475997903,simulation_virtual_sample
axial,64.68749999999999,100.0,8.551101868605647,18.079785862468864,-1.7623540730879557,-3.659583769062849,27.941602154760403,simulation_virtual_sample
axial,64.68749999999999,101.5,8.551101868605647,18.079785862468864,-1.43800690470876,-2.952590214555034,28.005919481861152,simulation_virtual_sample
axial,64.68749999999999,103.0,8.551101868605647,18.079785862468864,-1.1005841144746396,-2.2454694579721344,28.070804253714325,simulation_virtual_sample
axial,64.68749999999999,104.5,8.551101868605647,18.079785862468864,-0.7686230196910351,-1.5458441529901927,28.117452475617444,simulation_virtual_sample
axial,64.68749999999999,106.0,8.551101868605647,18.079785862468864,-0.4430198621205052,-0.8549442723923624,28.14287160472035,simulation_virtual_sample
axial,64.68749999999999,107.5,8.551101868605647,18.079785862468864,-0.1276868101767725,-0.15612060273221143,28.169227035861905,simulation_virtual_sample
axial,64.68749999999999,109.0,8.551101868605647,18.079785862468864,0.20357661107850747,0.5375732126352221,28.153607992239994,simulation_virtual_sample
axial,64.68749999999999,110.5,8.551101868605647,18.079785862468864,0.5477287390582792,1.2252341219039573,28.13754594413958,simulation_virtual_sample
axial,64.68749999999999,112.0,8.551101868605647,18.079785862468864,0.8895910364454463,1.926279605855047,28.101066223173206,simulation_virtual_sample
axial,64.68749999999999,113.5,8.551101868605647,18.079785862468864,1.2297996960820847,2.636990974278549,28.049841553502716,simulation_virtual_sample
axial,64.68749999999999,115.0,8.551101868605647,18.079785862468864,1.555866203500613,3.350493300953095,27.999055086504036,simulation_virtual_sample
axial,67.49999999999997,100.0,7.653668647301805,18.47759065022573,-1.5847763488226891,-3.714735077673563,27.9355409540445,simulation_virtual_sample
axial,67.49999999999997,101.5,7.653668647301805,18.47759065022573,-1.3282475201495336,-3.0085452378481077,27.99688031140483,simulation_virtual_sample
axial,67.49999999999997,103.0,7.653668647301805,18.47759065022573,-1.0139367000161401,-2.301591480649195,28.06077608934789,simulation_virtual_sample
axial,67.49999999999997,104.5,7.653668647301805,18.47759065022573,-0.6822059553211343,-1.6022729173427073,28.106671221644838,simulation_virtual_sample
axial,67.49999999999997,106.0,7.653668647301805,18.47759065022573,-0.3748485707716037,-0.8971998978716688,28.134014993504444,simulation_virtual_sample
axial,67.49999999999997,107.5,7.653668647301805,18.47759065022573,-0.11388290336179827,-0.1567517788750302,28.16441023461051,simulation_virtual_sample
axial,67.49999999999997,109.0,7.653668647301805,18.47759065022573,0.14653167110088985,0.5701194744093876,28.151215404016448,simulation_virtual_sample
axial,67.49999999999997,110.5,7.653668647301805,18.47759065022573,0.4729282552754932,1.2660825191976173,28.135770213720072,simulation_virtual_sample
axial,67.49999999999997,112.0,7.653668647301805,18.47759065022573,0.8147697885442433,1.9671222135378146,28.099318745272896,simulation_virtual_sample
axial,67.49999999999997,113.5,7.653668647301805,18.47759065022573,1.1294562385722449,2.6828968762213816,28.048880767408793,simulation_virtual_sample
axial,67.49999999999997,115.0,7.653668647301805,18.47759065022573,1.382663447740692,3.4107141194101143,28.000361849011135,simulation_virtual_sample
axial,70.31250000000001,100.0,6.737797067844396,18.830881303660416,-1.4081757687478063,-3.769582909139134,27.929513105862487,simulation_virtual_sample
axial,70.31250000000001,101.5,6.737797067844396,18.830881303660416,-1.1511999484662974,-3.0635318940015197,27.990837206208642,simulation_virtual_sample
axial,70.31250000000001,103.0,6.737797067844396,18.830881303660416,-0.894224128184788,-2.3574808788639054,28.052161306554797,simulation_virtual_sample
axial,70.31250000000001,104.5,6.737797067844396,18.830881303660416,-0.622019368998929,-1.6383251869701214,28.09865672912084,simulation_virtual_sample
axial,70.31250000000001,106.0,6.737797067844396,18.830881303660416,-0.3610662216232092,-0.8973005575452006,28.130910170182332,simulation_virtual_sample
axial,70.31250000000001,107.5,6.737797067844396,18.830881303660416,-0.10015236262633348,-0.15737960039370644,28.159619034069724,simulation_virtual_sample
axial,70.31250000000001,109.0,6.737797067844396,18.830881303660416,0.16029689828848584,0.569490066871524,28.14641209981919,simulation_virtual_sample
axial,70.31250000000001,110.5,6.737797067844396,18.830881303660416,0.4207461592033054,1.296359734136755,28.13320516556866,simulation_virtual_sample
axial,70.31250000000001,112.0,6.737797067844396,18.830881303660416,0.7031540875606698,2.0152629656986267,28.098705634890102,simulation_virtual_sample
axial,70.31250000000001,113.5,6.737797067844396,18.830881303660416,0.9567839249534116,2.742933265396429,28.050183527890063,simulation_virtual_sample
axial,70.31250000000001,115.0,6.737797067844396,18.830881303660416,1.2104137623461533,3.4706035650942315,28.00166142089003,simulation_virtual_sample
axial,73.125,100.0,5.805693545089246,19.13880671464418,-1.231696826995782,-3.8243929627093594,27.92348940952042,simulation_virtual_sample
axial,73.125,101.5,5.805693545089246,19.13880671464418,-0.9742743229832181,-3.1184806766404094,27.984798263361075,simulation_virtual_sample
axial,73.125,103.0,5.805693545089246,19.13880671464418,-0.743934057058133,-2.3917784148020242,28.053051494187283,simulation_virtual_sample
axial,73.125,104.5,5.805693545089246,19.13880671464418,-0.5655621684500172,-1.6421393927855077,28.10028413356825,simulation_virtual_sample
axial,73.125,106.0,5.805693545089246,19.13880671464418,-0.3472960445495495,-0.8974011283197316,28.127808088928433,simulation_virtual_sample
axial,73.125,107.5,5.805693545089246,19.13880671464418,-0.08642869656645347,-0.15800710757157405,28.15483023241111,simulation_virtual_sample
axial,73.125,109.0,5.805693545089246,19.13880671464418,0.17405523343351142,0.5688609744685655,28.141611200564224,simulation_virtual_sample
axial,73.125,110.5,5.805693545089246,19.13880671464418,0.38818630813137656,1.3020806623178272,28.131131916671322,simulation_virtual_sample
axial,73.125,112.0,5.805693545089246,19.13880671464418,0.5622506514914547,2.0587710049068493,28.09982119155952,simulation_virtual_sample
axial,73.125,113.5,5.805693545089246,19.13880671464418,0.7842305439599626,2.8029283029197054,28.05148539106058,simulation_virtual_sample
axial,73.125,115.0,5.805693545089246,19.13880671464418,1.0382827184806256,3.5304517603377956,28.002960097654405,simulation_virtual_sample
axial,75.9375,100.0,4.85960359806528,19.400625063890878,-1.0544863749453715,-3.879430205530857,27.917440744783462,simulation_virtual_sample
axial,75.9375,101.5,4.85960359806528,19.400625063890878,-0.8276758316530276,-3.150040775256182,27.98658813714855,simulation_virtual_sample
axial,75.9375,103.0,4.85960359806528,19.400625063890878,-0.6269585729993119,-2.4008116518694984,28.062333386080688,simulation_virtual_sample
axial,75.9375,104.5,4.85960359806528,19.400625063890878,-0.4493548807830849,-1.6511595696484889,28.10856484741263,simulation_virtual_sample
axial,75.9375,106.0,4.85960359806528,19.400625063890878,-0.29168281847095534,-0.9011427553566734,28.129345546175923,simulation_virtual_sample
axial,75.9375,107.5,4.85960359806528,19.400625063890878,-0.0726455469988753,-0.1586373346005286,28.15002067429288,simulation_virtual_sample
axial,75.9375,109.0,4.85960359806528,19.400625063890878,0.13073532524468692,0.5760543390376318,28.14018024067077,simulation_virtual_sample
axial,75.9375,110.5,4.85960359806528,19.400625063890878,0.3076579510248782,1.3143695396472093,28.131909925814114,simulation_virtual_sample
axial,75.9375,112.0,4.85960359806528,19.400625063890878,0.4816882083429838,2.0710808090919923,28.100579308679524,simulation_virtual_sample
axial,75.9375,113.5,4.85960359806528,19.400625063890878,0.6536227414299651,2.8411213233134167,28.05253988182915,simulation_virtual_sample
axial,75.9375,115.0,4.85960359806528,19.400625063890878,0.8654381864787255,3.590548028075029,28.00426415747139,simulation_virtual_sample
axial,78.74999999999999,100.0,3.9018064403225705,19.61570560806461,-0.8570622112350181,-3.9160521549254037,27.91978487954982,simulation_virtual_sample
axial,78.74999999999999,101.5,3.9018064403225705,19.61570560806461,-0.7106270107376341,-3.159079675640345,27.995875848250826,simulation_virtual_sample
axial,78.74999999999999,103.0,3.9018064403225705,19.61570560806461,-0.5102184457857017,-2.4098267138963183,28.071596602635314,simulation_virtual_sample
axial,78.74999999999999,104.5,3.9018064403225705,19.61570560806461,-0.3333586822327309,-1.6601633614705353,28.1168305194416,simulation_virtual_sample
axial,78.74999999999999,106.0,3.9018064403225705,19.61570560806461,-0.17536975986914258,-0.9101711423117994,28.137633797059177,simulation_virtual_sample
axial,78.74999999999999,107.5,3.9018064403225705,19.61570560806461,-0.08712400531134606,-0.15521722837620475,28.150952483755027,simulation_virtual_sample
axial,78.74999999999999,109.0,3.9018064403225705,19.61570560806461,0.050175345341738425,0.5883480421039384,28.140958555331085,simulation_virtual_sample
axial,78.74999999999999,110.5,3.9018064403225705,19.61570560806461,0.2272940212448242,1.32663332485604,28.132686346374097,simulation_virtual_sample
axial,78.74999999999999,112.0,3.9018064403225705,19.61570560806461,0.4012898635947886,2.083365539320891,28.101335881583612,simulation_virtual_sample
axial,78.74999999999999,113.5,3.9018064403225705,19.61570560806461,0.5730276899802886,2.8534361099914793,28.0532983058032,simulation_virtual_sample
axial,78.74999999999999,115.0,3.9018064403225705,19.61570560806461,0.6897542633045257,3.6276631141085396,28.006718987414676,simulation_virtual_sample
axial,81.56249999999997,100.0,2.9346094891072436,19.78353019929562,-0.6465035777719165,-3.9384903923403773,27.928398256606,simulation_virtual_sample
axial,81.56249999999997,101.5,2.9346094891072436,19.78353019929562,-0.5349241268865345,-3.176512557819806,28.004754676278537,simulation_virtual_sample
axial,81.56249999999997,103.0,2.9346094891072436,19.78353019929562,-0.393149814896867,-2.4188671440727103,28.08088588563988,simulation_virtual_sample
axial,81.56249999999997,104.5,2.9346094891072436,19.78353019929562,-0.21701327157516587,-1.6691942596387752,28.125121075671807,simulation_virtual_sample
axial,81.56249999999997,106.0,2.9346094891072436,19.78353019929562,-0.13949650136527225,-0.9123598952973441,28.14277983773421,simulation_virtual_sample
axial,81.56249999999997,107.5,2.9346094891072436,19.78353019929562,-0.07384108442275858,-0.15537107619336632,28.15577753272007,simulation_virtual_sample
axial,81.56249999999997,109.0,2.9346094891072436,19.78353019929562,0.02043902361962593,0.5939023139070547,28.143933646621296,simulation_virtual_sample
axial,81.56249999999997,110.5,2.9346094891072436,19.78353019929562,0.14670635985169217,1.3389312522036982,28.133464928473778,simulation_virtual_sample
axial,81.56249999999997,112.0,2.9346094891072436,19.78353019929562,0.320667291638186,2.0956845310855696,28.102094564534003,simulation_virtual_sample
axial,81.56249999999997,113.5,2.9346094891072436,19.78353019929562,0.42651349089600593,2.8707251285752777,28.055805545041665,simulation_virtual_sample
axial,81.56249999999997,115.0,2.9346094891072436,19.78353019929562,0.5137411069719636,3.647165749932762,28.01001156156805,simulation_virtual_sample
axial,84.37500000000001,100.0,1.9603428065912065,19.90369453344394,-0.43666937044683507,-3.9608514310890834,27.936981999372794,simulation_virtual_sample
axial,84.37500000000001,101.5,1.9603428065912065,19.90369453344394,-0.3245397939709288,-3.1989322208500495,28.01336092317666,simulation_virtual_sample
axial,84.37500000000001,103.0,1.9603428065912065,19.90369453344394,-0.21241021749502256,-2.437013010611016,28.089739846980528,simulation_virtual_sample
axial,84.37500000000001,104.5,1.9603428065912065,19.90369453344394,-0.18660395337376623,-1.6709181651515068,28.1300548077637,simulation_virtual_sample
axial,84.37500000000001,106.0,1.9603428065912065,19.90369453344394,-0.1256087804335386,-0.9126816430738838,28.147056711382618,simulation_virtual_sample
axial,84.37500000000001,107.5,1.9603428065912065,19.90369453344394,-0.06060196938284236,-0.1555244166346085,28.160586669118388,simulation_virtual_sample
axial,84.37500000000001,109.0,1.9603428065912065,19.90369453344394,0.03370966031231125,0.5937486083700997,28.14875423332632,simulation_virtual_sample
axial,84.37500000000001,110.5,1.9603428065912065,19.90369453344394,0.12802129000746487,1.343021633374808,28.136921797534256,simulation_virtual_sample
axial,84.37500000000001,112.0,1.9603428065912065,19.90369453344394,0.16301831634521885,2.113815331345873,28.10489686161927,simulation_virtual_sample
axial,84.37500000000001,113.5,1.9603428065912065,19.90369453344394,0.2506759197732275,2.8902083091810726,28.05909483462623,simulation_virtual_sample
axial,84.37500000000001,115.0,1.9603428065912065,19.90369453344394,0.3383335232012362,3.6666012870162716,28.01329280763319,simulation_virtual_sample
axial,87.18750000000001,100.0,0.9813534865483581,19.97590912410345,-0.2265457922024285,-3.9832433067276476,27.945577579511422,simulation_virtual_sample
axial,87.18750000000001,101.5,0.9813534865483581,19.97590912410345,-0.11386533148777812,-3.221382801615703,28.02197903848084,simulation_virtual_sample
axial,87.18750000000001,103.0,0.9813534865483581,19.97590912410345,-0.10884818301391941,-2.4368429854606664,28.089286807942877,simulation_virtual_sample
axial,87.18750000000001,104.5,0.9813534865483581,19.97590912410345,-0.11303727231222352,-1.6678863370321082,28.131188096017866,simulation_virtual_sample
axial,87.18750000000001,106.0,0.9813534865483581,19.97590912410345,-0.11169739519925978,-0.9130039390999724,28.151340872708563,simulation_virtual_sample
axial,87.18750000000001,107.5,0.9813534865483581,19.97590912410345,-0.04734270195752232,-0.1556779904884059,28.165403125913112,simulation_virtual_sample
axial,87.18750000000001,109.0,0.9813534865483581,19.97590912410345,0.04266244403715192,0.5937500689514743,28.153225567762686,simulation_virtual_sample
axial,87.18750000000001,110.5,0.9813534865483581,19.97590912410345,0.05683685002451647,1.3458945780650013,28.13481468589286,simulation_virtual_sample
axial,87.18750000000001,112.0,0.9813534865483581,19.97590912410345,0.06305509619076231,2.120592360322479,28.103567860640517,simulation_virtual_sample
axial,87.18750000000001,113.5,0.9813534865483581,19.97590912410345,0.07459586063928862,2.9097183579794037,28.062388660290793,simulation_virtual_sample
axial,87.18750000000001,115.0,0.9813534865483581,19.97590912410345,0.1626840443914711,3.6860636265897337,28.01657857868595,simulation_virtual_sample
axial,90.0,100.0,1.2246467991473533e-15,20.0,-0.015113436970739674,-4.00577465253792,27.95422669813237,simulation_virtual_sample
axial,90.0,101.5,1.2246467991473533e-15,20.0,-0.016720846416346184,-3.2198947447097237,28.020998102374964,simulation_virtual_sample
axial,90.0,103.0,1.2246467991473533e-15,20.0,-0.018328255861947234,-2.4340148368815284,28.087769506617562,simulation_virtual_sample
axial,90.0,104.5,1.2246467991473533e-15,20.0,-0.022318633772551742,-1.6638852568174278,28.131393268260307,simulation_virtual_sample
axial,90.0,106.0,1.2246467991473533e-15,20.0,-0.02868187207632551,-0.9094391948022325,28.151967574936656,simulation_virtual_sample
axial,90.0,107.5,1.2246467991473533e-15,20.0,-0.04804574296227451,-0.1553843620919787,28.16902074848743,simulation_virtual_sample
axial,90.0,109.0,1.2246467991473533e-15,20.0,-0.03519689606395783,0.596861526534124,28.150562831231383,simulation_virtual_sample
axial,90.0,110.5,1.2246467991473533e-15,20.0,-0.02082697439401296,1.3489982223428847,28.132158635865064,simulation_virtual_sample
axial,90.0,112.0,1.2246467991473533e-15,20.0,-0.014632897092314547,2.123685444973703,28.100917496409092,simulation_virtual_sample
axial,90.0,113.5,1.2246467991473533e-15,20.0,-0.014346191457070048,2.9146663171912977,28.060401155960605,simulation_virtual_sample
axial,90.0,115.0,1.2246467991473533e-15,20.0,-0.014059485821830071,3.705647189408894,28.019884815512114,simulation_virtual_sample
axial,92.81249999999999,100.0,-0.9813534865483557,19.97590912410345,0.18425489691251828,-3.9868387590112944,27.957087941384255,simulation_virtual_sample
axial,92.81249999999999,101.5,-0.9813534865483557,19.97590912410345,0.08658236830624094,-3.215197190281081,28.019984133093452,simulation_virtual_sample
axial,92.81249999999999,103.0,-0.9813534865483557,19.97590912410345,0.07220874451247095,-2.431186154877194,28.086251919109706,simulation_virtual_sample
axial,92.81249999999999,104.5,-0.9813534865483557,19.97590912410345,0.06838237104114328,-1.6598849543255312,28.131598400621737,simulation_virtual_sample
axial,92.81249999999999,106.0,-0.9813534865483557,19.97590912410345,0.050107833143387154,-0.906619159360373,28.152122004888543,simulation_virtual_sample
axial,92.81249999999999,107.5,-0.9813534865483557,19.97590912410345,-0.032535925727183904,-0.15896810748679285,28.169655396816065,simulation_virtual_sample
axial,92.81249999999999,109.0,-0.9813534865483557,19.97590912410345,-0.10661403414642853,0.5995113567277607,28.148127593393816,simulation_virtual_sample
axial,92.81249999999999,110.5,-0.9813534865483557,19.97590912410345,-0.09849383935893956,1.3521019881287486,28.129502481852644,simulation_virtual_sample
axial,92.81249999999999,112.0,-0.9813534865483557,19.97590912410345,-0.09232369972885299,2.1267786414770637,28.098267036335187,simulation_virtual_sample
axial,92.81249999999999,113.5,-0.9813534865483557,19.97590912410345,-0.10405922732109717,2.915337055690708,28.057220178172987,simulation_virtual_sample
axial,92.81249999999999,115.0,-0.9813534865483557,19.97590912410345,-0.19266675903867153,3.688108025958398,28.012768748849005,simulation_virtual_sample
axial,95.62499999999999,100.0,-1.960342806591204,19.90369453344394,0.38238913071164715,-3.968020079624644,27.959931473395496,simulation_virtual_sample
axial,95.62499999999999,101.5,-1.960342806591204,19.90369453344394,0.28520171823411783,-3.1963324348341904,28.02283462726976,simulation_virtual_sample
axial,95.62499999999999,103.0,-1.960342806591204,19.90369453344394,0.18801430575658865,-2.424644790043738,28.085737781144026,simulation_virtual_sample
axial,95.62499999999999,104.5,-1.960342806591204,19.90369453344394,0.14900847933895056,-1.65689129882442,28.13176034471825,simulation_virtual_sample
axial,95.62499999999999,106.0,-1.960342806591204,19.90369453344394,0.06572580547052209,-0.9099838977746608,28.15201024755485,simulation_virtual_sample
axial,95.62499999999999,107.5,-1.960342806591204,19.90369453344394,-0.017119994986092242,-0.16253015918364752,28.170286203390432,simulation_virtual_sample
axial,95.62499999999999,109.0,-1.960342806591204,19.90369453344394,-0.09115681224293444,0.5959397641697297,28.148760089566895,simulation_virtual_sample
axial,95.62499999999999,110.5,-1.960342806591204,19.90369453344394,-0.16519362949977667,1.354409687523107,28.127233975743355,simulation_virtual_sample
axial,95.62499999999999,112.0,-1.960342806591204,19.90369453344394,-0.19382408007989807,2.125049987953755,28.09456489926538,simulation_virtual_sample
axial,95.62499999999999,113.5,-1.960342806591204,19.90369453344394,-0.2819962621341451,2.897863709385861,28.050130815132164,simulation_virtual_sample
axial,95.62499999999999,115.0,-1.960342806591204,19.90369453344394,-0.3701684441883921,3.670677430817966,28.00569673099894,simulation_virtual_sample
axial,98.43750000000003,100.0,-2.934609489107242,19.78353019929562,0.5802505046734212,-3.949227316313667,27.962771089447006,simulation_virtual_sample
axial,98.43750000000003,101.5,-2.934609489107242,19.78353019929562,0.483547540248733,-3.1774936589164517,28.025681195898414,simulation_virtual_sample
axial,98.43750000000003,103.0,-2.934609489107242,19.78353019929562,0.3669836890410426,-2.4077041978769507,28.08688833936128,simulation_virtual_sample
axial,98.43750000000003,104.5,-2.934609489107242,19.78353019929562,0.19130293044024763,-1.6562637285979616,28.1298374432816,simulation_virtual_sample
axial,98.43750000000003,106.0,-2.934609489107242,19.78353019929562,0.08132743008954818,-0.9133451142361422,28.151898607200255,simulation_virtual_sample
axial,98.43750000000003,107.5,-2.934609489107242,19.78353019929562,-0.0017231846889179847,-0.16608779285275907,28.170916227572746,simulation_virtual_sample
axial,98.43750000000003,109.0,-2.934609489107242,19.78353019929562,-0.07571876199696068,0.5923726014730125,28.1493918012523,simulation_virtual_sample
axial,98.43750000000003,110.5,-2.934609489107242,19.78353019929562,-0.18185666590611177,1.3471785176546962,28.13026541837417,simulation_virtual_sample
axial,98.43750000000003,112.0,-2.934609489107242,19.78353019929562,-0.35216826017649444,2.1081261431591205,28.090600664166967,simulation_virtual_sample
axial,98.43750000000003,113.5,-2.934609489107242,19.78353019929562,-0.4596882516087498,2.8804144264361407,28.04305121518179,simulation_virtual_sample
axial,98.43750000000003,115.0,-2.934609489107242,19.78353019929562,-0.5474256835398702,3.6532708401580525,27.99863445235247,simulation_virtual_sample
axial,101.25000000000001,100.0,-3.9018064403225683,19.61570560806461,0.7787949700759553,-3.930369673357366,27.96562050891482,simulation_virtual_sample
axial,101.25000000000001,101.5,-3.9018064403225683,19.61570560806461,0.6509445342739578,-3.1616854806321064,28.025849675159254,simulation_virtual_sample
axial,101.25000000000001,103.0,-3.9018064403225683,19.61570560806461,0.4652165746905355,-2.3986651326651467,28.081160969031583,simulation_virtual_sample
axial,101.25000000000001,104.5,-3.9018064403225683,19.61570560806461,0.28950233532613767,-1.6472277441752792,28.124112025014398,simulation_virtual_sample
axial,101.25000000000001,106.0,-3.9018064403225683,19.61570560806461,0.12786604864069123,-0.9120744490926674,28.149686237995496,simulation_virtual_sample
axial,101.25000000000001,107.5,-3.9018064403225683,19.61570560806461,0.013728900614815683,-0.16965819853247546,28.171548513560595,simulation_virtual_sample
axial,101.25000000000001,109.0,-3.9018064403225683,19.61570560806461,-0.09737913365638219,0.5845795899987783,28.152793956003624,simulation_virtual_sample
axial,101.25000000000001,110.5,-3.9018064403225683,19.61570560806461,-0.26468678070363016,1.3324446502010632,28.138226592924305,simulation_virtual_sample
axial,101.25000000000001,112.0,-3.9018064403225683,19.61570560806461,-0.43503055931065526,2.0934095855720067,28.098521988069873,simulation_virtual_sample
axial,101.25000000000001,113.5,-3.9018064403225683,19.61570560806461,-0.6075590004192304,2.863800596688512,28.04072976467281,simulation_virtual_sample
axial,101.25000000000001,115.0,-3.9018064403225683,19.61570560806461,-0.7252948811558105,3.6358041554390788,27.99154779207961,simulation_virtual_sample
axial,104.0625,100.0,-4.859603598065277,19.400625063890878,0.9708212764623724,-3.886843788725654,27.961312993993186,simulation_virtual_sample
axial,104.0625,101.5,-4.859603598065277,19.400625063890878,0.7491465015639125,-3.152649260425478,28.02012410749364,simulation_virtual_sample
axial,104.0625,103.0,-4.859603598065277,19.400625063890878,0.563179031266259,-2.38965095144221,28.075449365799052,simulation_virtual_sample
axial,104.0625,104.5,-4.859603598065277,19.400625063890878,0.3874314033087354,-1.638216635260242,28.118402368470456,simulation_virtual_sample
axial,104.0625,106.0,-4.859603598065277,19.400625063890878,0.22605150819213446,-0.9030397478735339,28.143961632797094,simulation_virtual_sample
axial,104.0625,107.5,-4.859603598065277,19.400625063890878,0.024228451254237345,-0.17292222174480237,28.166758726207565,simulation_virtual_sample
axial,104.0625,109.0,-4.859603598065277,19.400625063890878,-0.1801992990489046,0.5698474923509077,28.160754174271737,simulation_virtual_sample
axial,104.0625,110.5,-4.859603598065277,19.400625063890878,-0.3472902715681807,1.3177510947402162,28.146165985629857,simulation_virtual_sample
axial,104.0625,112.0,-4.859603598065277,19.400625063890878,-0.5176669697413862,2.078733146399988,28.106421717862972,simulation_virtual_sample
axial,104.0625,113.5,-4.859603598065277,19.400625063890878,-0.6903984410147959,2.8490880988366833,28.048648903385466,simulation_virtual_sample
axial,104.0625,115.0,-4.859603598065277,19.400625063890878,-0.9040338638333543,3.59707031227726,27.991821151063544,simulation_virtual_sample
axial,106.875,100.0,-5.805693545089243,19.13880671464418,1.1515312494552,-3.811014583204347,27.947519717323516,simulation_virtual_sample
axial,106.875,101.5,-5.805693545089243,19.13880671464418,0.8923953922223806,-3.107209793943461,28.00999731707386,simulation_virtual_sample
axial,106.875,103.0,-5.805693545089243,19.13880671464418,0.6613442163908247,-2.3806181158087756,28.069725942680872,simulation_virtual_sample
axial,106.875,104.5,-5.805693545089243,19.13880671464418,0.4855631307441022,-1.6291868782926997,28.112680896069445,simulation_virtual_sample
axial,106.875,106.0,-5.805693545089243,19.13880671464418,0.2789276570916072,-0.899691116997819,28.1351742037441,simulation_virtual_sample
axial,106.875,107.5,-5.805693545089243,19.13880671464418,0.02857080617298297,-0.17565863037988855,28.154715782133557,simulation_virtual_sample
axial,106.875,109.0,-5.805693545089243,19.13880671464418,-0.2210693073200571,0.5608855586080284,28.15907653182549,simulation_virtual_sample
axial,106.875,110.5,-5.805693545089243,19.13880671464418,-0.4300661110632776,1.303026881807935,28.15412194353678,simulation_virtual_sample
axial,106.875,112.0,-5.805693545089243,19.13880671464418,-0.6004766222335044,2.064025938991996,28.11433800894506,simulation_virtual_sample
axial,106.875,113.5,-5.805693545089243,19.13880671464418,-0.8248700021110844,2.8061070315703414,28.05775548210141,simulation_virtual_sample
axial,106.875,115.0,-5.805693545089243,19.13880671464418,-1.0814907467961357,3.530503420582668,28.00190622689927,simulation_virtual_sample
axial,109.68749999999999,100.0,-6.737797067844395,18.83088130366042,1.3314952664125015,-3.735498394461201,27.9337833781754,simulation_virtual_sample
axial,109.68749999999999,101.5,-6.737797067844395,18.83088130366042,1.0728000369578619,-3.031508709736072,27.99622734557689,simulation_virtual_sample
axial,109.68749999999999,103.0,-6.737797067844395,18.83088130366042,0.8141048075032222,-2.327519025010942,28.05867131297838,simulation_virtual_sample
axial,109.68749999999999,104.5,-6.737797067844395,18.83088130366042,0.5336325993698975,-1.6264450867612246,28.103554903118585,simulation_virtual_sample
axial,109.68749999999999,106.0,-6.737797067844395,18.83088130366042,0.2832634352443651,-0.9024225673421794,28.123148671206653,simulation_virtual_sample
axial,109.68749999999999,107.5,-6.737797067844395,18.83088130366042,0.03289523573046745,-0.17838374304440968,28.142722551665916,simulation_virtual_sample
axial,109.68749999999999,109.0,-6.737797067844395,18.83088130366042,-0.21673355695087565,0.5581533119419194,28.147051904591656,simulation_virtual_sample
axial,109.68749999999999,110.5,-6.737797067844395,18.83088130366042,-0.4663623496322187,1.2946903669282483,28.15138125751739,simulation_virtual_sample
axial,109.68749999999999,112.0,-6.737797067844395,18.83088130366042,-0.7458390042857866,2.0150939115081257,28.123697363945176,simulation_virtual_sample
axial,109.68749999999999,113.5,-6.737797067844395,18.83088130366042,-1.002027053249801,2.7396526115490136,28.06782351815467,simulation_virtual_sample
axial,109.68749999999999,115.0,-6.737797067844395,18.83088130366042,-1.2582151022138155,3.4642113115899016,28.011949672364164,simulation_virtual_sample
axial,112.50000000000003,100.0,-7.653668647301802,18.477590650225732,1.511583323784938,-3.659930156094138,27.920037571239,simulation_virtual_sample
axial,112.50000000000003,101.5,-7.653668647301802,18.477590650225732,1.2533290258117047,-2.955755448465344,27.982447883110503,simulation_virtual_sample
axial,112.50000000000003,103.0,-7.653668647301802,18.477590650225732,0.9376275482984783,-2.2671655693213446,28.05201949711492,simulation_virtual_sample
axial,112.50000000000003,104.5,-7.653668647301802,18.477590650225732,0.6017428163024455,-1.588805754640179,28.09874746918142,simulation_virtual_sample
axial,112.50000000000003,106.0,-7.653668647301802,18.477590650225732,0.2876022042059723,-0.9051559018341074,28.111114843487147,simulation_virtual_sample
axial,112.50000000000003,107.5,-7.653668647301802,18.477590650225732,0.037222645432535645,-0.18111073369760855,28.13072105616347,simulation_virtual_sample
axial,112.50000000000003,109.0,-7.653668647301802,18.477590650225732,-0.21239481863546755,0.5554191823707954,28.13501899068619,simulation_virtual_sample
axial,112.50000000000003,110.5,-7.653668647301802,18.477590650225732,-0.5145547511212601,1.2672280143025771,28.145670340285932,simulation_virtual_sample
axial,112.50000000000003,112.0,-7.653668647301802,18.477590650225732,-0.8533009843148371,1.9678584969091817,28.1252113766626,simulation_virtual_sample
axial,112.50000000000003,113.5,-7.653668647301802,18.477590650225732,-1.1793062100990868,2.6731523877387593,28.07789849361388,simulation_virtual_sample
axial,112.50000000000003,115.0,-7.653668647301802,18.477590650225732,-1.4350612651060186,3.39787351068128,28.02200004028592,simulation_virtual_sample
axial,115.31250000000001,100.0,-8.551101868605645,18.079785862468864,1.692667821819939,-3.5839437930240505,27.906215707726886,simulation_virtual_sample
axial,115.31250000000001,101.5,-8.551101868605645,18.079785862468864,1.3662744522033212,-2.898298693987149,27.977105765886435,simulation_virtual_sample
axial,115.31250000000001,103.0,-8.551101868605645,18.079785862468864,1.0266424138022636,-2.216266332417605,28.04963922675272,simulation_virtual_sample
axial,115.31250000000001,104.5,-8.551101868605645,18.079785862468864,0.6907273313182539,-1.537923872328495,28.09636801039565,simulation_virtual_sample
axial,115.31250000000001,106.0,-8.551101868605645,18.079785862468864,0.3600377922252544,-0.8647689207073016,28.106818865666284,simulation_virtual_sample
axial,115.31250000000001,107.5,-8.551101868605645,18.079785862468864,0.0415739985376749,-0.18385281269253592,28.118653156815757,simulation_virtual_sample
axial,115.31250000000001,109.0,-8.551101868605645,18.079785862468864,-0.26422576928599006,0.5262522045780491,28.129765642262697,simulation_virtual_sample
axial,115.31250000000001,110.5,-8.551101868605645,18.079785862468864,-0.5799462210663437,1.2316933204177178,28.142086776163758,simulation_virtual_sample
axial,115.31250000000001,112.0,-8.551101868605645,18.079785862468864,-0.9187148265425231,1.9323116455943945,28.12162658650117,simulation_virtual_sample
axial,115.31250000000001,113.5,-8.551101868605645,18.079785862468864,-1.2738777024029309,2.629499494942981,28.077848872617412,simulation_virtual_sample
axial,115.31250000000001,115.0,-8.551101868605645,18.079785862468864,-1.612885931016663,3.3311686577690174,28.032106017643518,simulation_virtual_sample
axial,118.125,100.0,-9.427934736519955,17.638425286967102,1.8706675246878124,-3.4890499017187464,27.905637500469822,simulation_virtual_sample
axial,118.125,101.5,-9.427934736519955,17.638425286967102,1.4554454909997345,-2.8473101562528735,27.97472131942783,simulation_virtual_sample
axial,118.125,103.0,-9.427934736519955,17.638425286967102,1.1155959679618592,-2.1654021537102146,28.04726059586472,simulation_virtual_sample
axial,118.125,104.5,-9.427934736519955,17.638425286967102,0.7796505558945739,-1.4870770362597254,28.093990190525087,simulation_virtual_sample
axial,118.125,106.0,-9.427934736519955,17.638425286967102,0.449193802217497,-0.8137889765338835,28.10443482108007,simulation_virtual_sample
axial,118.125,107.5,-9.427934736519955,17.638425286967102,0.04768842804648606,-0.17273826105058804,28.12500410833013,simulation_virtual_sample
axial,118.125,109.0,-9.427934736519955,17.638425286967102,-0.3297430994100658,0.4906491164066489,28.126175180787968,simulation_virtual_sample
axial,118.125,110.5,-9.427934736519955,17.638425286967102,-0.6452926509060675,1.1961831019936164,28.138505680316197,simulation_virtual_sample
axial,118.125,112.0,-9.427934736519955,17.638425286967102,-0.9840836132553478,1.8967892781141156,28.118044265458817,simulation_virtual_sample
axial,118.125,113.5,-9.427934736519955,17.638425286967102,-1.3394063107999115,2.5938902779909374,28.074257793074086,simulation_virtual_sample
axial,118.125,115.0,-9.427934736519955,17.638425286967102,-1.7652847670428404,3.2395952941608965,28.028440620219904,simulation_virtual_sample
axial,120.9375,100.0,-10.282054883864433,17.154572200005443,2.046903175624905,-3.3916747538636813,27.907268278972392,simulation_virtual_sample
axial,120.9375,101.5,-10.282054883864433,17.154572200005443,1.6297373525163688,-2.7509624550600686,27.97624719550937,simulation_virtual_sample
axial,120.9375,103.0,-10.282054883864433,17.154572200005443,1.212571529407832,-2.1102501562564564,28.045226112046343,simulation_virtual_sample
axial,120.9375,104.5,-10.282054883864433,17.154572200005443,0.868942369798876,-1.4360194385904195,28.091602514522652,simulation_virtual_sample
axial,120.9375,106.0,-10.282054883864433,17.154572200005443,0.46305306047570577,-0.7969941679183703,28.112791351427127,simulation_virtual_sample
axial,120.9375,107.5,-10.282054883864433,17.154572200005443,0.0542351339275624,-0.15929145282320123,28.134380509132487,simulation_virtual_sample
axial,120.9375,109.0,-10.282054883864433,17.154572200005443,-0.32963771746048853,0.49973239758121135,28.134411450633564,simulation_virtual_sample
axial,120.9375,110.5,-10.282054883864433,17.154572200005443,-0.7109099435802799,1.1605256926910035,28.13490974072317,simulation_virtual_sample
axial,120.9375,112.0,-10.282054883864433,17.154572200005443,-1.0568962643941755,1.85588871659366,28.114241475940503,simulation_virtual_sample
axial,120.9375,113.5,-10.282054883864433,17.154572200005443,-1.4846380633468068,2.5002068126009567,28.06837483270229,simulation_virtual_sample
axial,120.9375,115.0,-10.282054883864433,17.154572200005443,-1.9123798622994386,3.1445249086082536,28.022508189464073,simulation_virtual_sample
axial,123.74999999999999,100.0,-11.11140466039204,16.62939224605091,2.2227748686300335,-3.294500702990128,27.90889568962761,simulation_virtual_sample
axial,123.74999999999999,101.5,-11.11140466039204,16.62939224605091,1.8060396535655037,-2.6535504811458037,27.977878590751907,simulation_virtual_sample
axial,123.74999999999999,103.0,-11.11140466039204,16.62939224605091,1.3840986462444802,-2.0142393801425156,28.04644295443077,simulation_virtual_sample
axial,123.74999999999999,104.5,-11.11140466039204,16.62939224605091,0.8919866139936222,-1.41146532936413,28.097839393856198,simulation_virtual_sample
axial,123.74999999999999,106.0,-11.11140466039204,16.62939224605091,0.469607279413635,-0.7835366528670886,28.12216946504885,simulation_virtual_sample
axial,123.74999999999999,107.5,-11.11140466039204,16.62939224605091,0.060768320340074594,-0.14587241332475862,28.143737546921106,simulation_virtual_sample
axial,123.74999999999999,109.0,-11.11140466039204,16.62939224605091,-0.3230874252336398,0.5131865720939833,28.143792987914622,simulation_virtual_sample
axial,123.74999999999999,110.5,-11.11140466039204,16.62939224605091,-0.7209678526879788,1.160486416399779,28.14224618926515,simulation_virtual_sample
axial,123.74999999999999,112.0,-11.11140466039204,16.62939224605091,-1.2002379411101152,1.7629225422142198,28.10864535687901,simulation_virtual_sample
axial,123.74999999999999,113.5,-11.11140466039204,16.62939224605091,-1.6317887881229014,2.4051004726212986,28.062440158375576,simulation_virtual_sample
axial,123.74999999999999,115.0,-11.11140466039204,16.62939224605091,-2.0591711800491193,3.0496508602934664,28.016588010231807,simulation_virtual_sample
axial,126.56249999999997,100.0,-11.913986089848658,16.064150629612904,2.3991320621085492,-3.1970583994666226,27.910527592811608,simulation_virtual_sample
axial,126.56249999999997,101.5,-11.913986089848658,16.064150629612904,1.9666538390266255,-2.5610018321254118,27.978225842566825,simulation_virtual_sample
axial,126.56249999999997,103.0,-11.913986089848658,16.064150629612904,1.4660863755670217,-1.9465498493558386,28.040499421447112,simulation_virtual_sample
axial,126.56249999999997,104.5,-11.913986089848658,16.064150629612904,0.9739538706957045,-1.3438092845216445,28.091888222351322,simulation_virtual_sample
axial,126.56249999999997,106.0,-11.913986089848658,16.064150629612904,0.49365144206780803,-0.7574940483531396,28.12801106172152,simulation_virtual_sample
axial,126.56249999999997,107.5,-11.913986089848658,16.064150629612904,0.06731954250552873,-0.13241632873594167,28.153120416089877,simulation_virtual_sample
axial,126.56249999999997,109.0,-11.913986089848658,16.064150629612904,-0.33468089013885766,0.5114396910570552,28.15111446400913,simulation_virtual_sample
axial,126.56249999999997,110.5,-11.913986089848658,16.064150629612904,-0.7925830413123874,1.1083928953850584,28.14268797528007,simulation_virtual_sample
axial,126.56249999999997,112.0,-11.913986089848658,16.064150629612904,-1.271864051505964,1.7108077678385964,28.10910322812514,simulation_virtual_sample
axial,126.56249999999997,113.5,-11.913986089848658,16.064150629612904,-1.7663883945244696,2.317116862380356,28.05758039989107,simulation_virtual_sample
axial,126.56249999999997,115.0,-11.913986089848658,16.064150629612904,-2.206367720794262,2.954514908572953,28.010651488120413,simulation_virtual_sample
axial,129.37500000000003,100.0,-12.687865683272914,15.460209067254736,2.563691194255177,-3.090489246752731,27.916208496295056,simulation_virtual_sample
axial,129.37500000000003,101.5,-12.687865683272914,15.460209067254736,2.048559172261587,-2.493380328012399,27.97228828271925,simulation_virtual_sample
axial,129.37500000000003,103.0,-12.687865683272914,15.460209067254736,1.5477918799479982,-1.8790933250693875,28.034576347784178,simulation_virtual_sample
axial,129.37500000000003,104.5,-12.687865683272914,15.460209067254736,1.055639278105872,-1.276385879017107,28.08595751430396,simulation_virtual_sample
axial,129.37500000000003,106.0,-12.687865683272914,15.460209067254736,0.5755505480945974,-0.6898942553034936,28.122064838245567,simulation_virtual_sample
axial,129.37500000000003,107.5,-12.687865683272914,15.460209067254736,0.07692178433130824,-0.12223306091631422,28.1609956174013,simulation_virtual_sample
axial,129.37500000000003,109.0,-12.687865683272914,15.460209067254736,-0.40623646535748925,0.4593895333604556,28.151555882275673,simulation_virtual_sample
axial,129.37500000000003,110.5,-12.687865683272914,15.460209067254736,-0.8639519750000584,1.0564785023872898,28.143128242176083,simulation_virtual_sample
axial,129.37500000000003,112.0,-12.687865683272914,15.460209067254736,-1.3432436027845103,1.6588723885564298,28.109559523237515,simulation_virtual_sample
axial,129.37500000000003,113.5,-12.687865683272914,15.460209067254736,-1.8379425210576625,2.265054463077735,28.058037810979016,simulation_virtual_sample
axial,129.37500000000003,115.0,-12.687865683272914,15.460209067254736,-2.349055561668996,2.8508704185776645,28.00788355217221,simulation_virtual_sample
axial,132.1875,100.0,-13.431179096940369,14.81902250709918,2.6953304642511045,-2.96329400255469,27.931900801860287,simulation_virtual_sample
axial,132.1875,101.5,-13.431179096940369,14.81902250709918,2.150451121311306,-2.4018325174096216,27.975023179645017,simulation_virtual_sample
axial,132.1875,103.0,-13.431179096940369,14.81902250709918,1.629609913401221,-1.8115438961475345,28.028645116555982,simulation_virtual_sample
axial,132.1875,104.5,-13.431179096940369,14.81902250709918,1.1374374921920065,-1.2088693625090443,28.080018616012065,simulation_virtual_sample
axial,132.1875,106.0,-13.431179096940369,14.81902250709918,0.6354640488507345,-0.6446268247682605,28.11948980081508,simulation_virtual_sample
axial,132.1875,107.5,-13.431179096940369,14.81902250709918,0.09419207968419627,-0.12026033755795587,28.164960255681535,simulation_virtual_sample
axial,132.1875,109.0,-13.431179096940369,14.81902250709918,-0.4475965176880727,0.4256991630960991,28.153196825778103,simulation_virtual_sample
axial,132.1875,110.5,-13.431179096940369,14.81902250709918,-0.9354194665757363,1.0044924175109031,28.143569117064573,simulation_virtual_sample
axial,132.1875,112.0,-13.431179096940369,14.81902250709918,-1.414721459897534,1.6068654824755122,28.110016446771766,simulation_virtual_sample
axial,132.1875,113.5,-13.431179096940369,14.81902250709918,-1.9323528618819654,2.1846021907873143,28.060403951690652,simulation_virtual_sample
axial,132.1875,115.0,-13.431179096940369,14.81902250709918,-2.4775112693164982,2.7280860726005893,28.013099437805657,simulation_virtual_sample
axial,135.0,100.0,-14.14213562373095,14.142135623730951,2.8263358551813282,-2.83671123822346,27.94751754468508,simulation_virtual_sample
axial,135.0,101.5,-14.14213562373095,14.142135623730951,2.281777478379007,-2.2749396224749856,27.990678183838973,simulation_virtual_sample
axial,135.0,103.0,-14.14213562373095,14.142135623730951,1.7372191015766856,-1.7131680067265123,28.033838822992863,simulation_virtual_sample
axial,135.0,104.5,-14.14213562373095,14.142135623730951,1.1940129359649954,-1.1670114535617482,28.077963402902945,simulation_virtual_sample
axial,135.0,106.0,-14.14213562373095,14.142135623730951,0.6526960654503069,-0.6426540257788912,28.123433918217387,simulation_virtual_sample
axial,135.0,107.5,-14.14213562373095,14.142135623730951,0.1113791949356194,-0.11829659799603534,28.168904433531832,simulation_virtual_sample
axial,135.0,109.0,-14.14213562373095,14.142135623730951,-0.4303643962162575,0.42766752599012653,28.15715270070907,simulation_virtual_sample
axial,135.0,110.5,-14.14213562373095,14.142135623730951,-0.9721079975667702,0.9736321663769618,28.145399600272892,simulation_virtual_sample
axial,135.0,112.0,-14.14213562373095,14.142135623730951,-1.5156580205454804,1.5183264514995902,28.112924670297897,simulation_virtual_sample
axial,135.0,113.5,-14.14213562373095,14.142135623730951,-2.060503224083321,2.0621097091546803,28.065607438911016,simulation_virtual_sample
axial,135.0,115.0,-14.14213562373095,14.142135623730951,-2.6053484276211614,2.60589296680977,28.01829020752413,simulation_virtual_sample
axial,137.8125,100.0,-14.819022507099177,13.43117909694037,2.957341246111552,-2.7101284738922287,27.96313428750987,simulation_virtual_sample
axial,137.8125,101.5,-14.819022507099177,13.43117909694037,2.4131038354467083,-2.14804672754035,28.006333188032926,simulation_virtual_sample
axial,137.8125,103.0,-14.819022507099177,13.43117909694037,1.8335789204276698,-1.6153575226318446,28.052204005218886,simulation_virtual_sample
axial,137.8125,104.5,-14.819022507099177,13.43117909694037,1.2365292449921312,-1.125830041098638,28.092380975020994,simulation_virtual_sample
axial,137.8125,106.0,-14.819022507099177,13.43117909694037,0.6699281103056591,-0.640681223554673,28.127378042086963,simulation_virtual_sample
axial,137.8125,107.5,-14.819022507099177,13.43117909694037,0.12856624486225499,-0.11632894699421628,28.172838258822576,simulation_virtual_sample
axial,137.8125,109.0,-14.819022507099177,13.43117909694037,-0.413132283456415,0.4296358878890166,28.161108573640078,simulation_virtual_sample
axial,137.8125,110.5,-14.819022507099177,13.43117909694037,-0.9919315956998882,0.9331044295187365,28.148780326550494,simulation_virtual_sample
axial,137.8125,112.0,-14.819022507099177,13.43117909694037,-1.6031185296981911,1.422050063503002,28.117059493932786,simulation_virtual_sample
axial,137.8125,113.5,-14.819022507099177,13.43117909694037,-2.1886535862846768,1.9396172275220465,28.070810926131383,simulation_virtual_sample
axial,137.8125,115.0,-14.819022507099177,13.43117909694037,-2.733185585925825,2.483699861018951,28.023480977242606,simulation_virtual_sample
axial,140.62499999999997,100.0,-15.460209067254734,12.687865683272916,3.0889805161074793,-2.5829332296941883,27.978826593075105,simulation_virtual_sample
axial,140.62499999999997,101.5,-15.460209067254734,12.687865683272916,2.501127890284698,-2.0571955959812636,28.025305966247146,simulation_virtual_sample
axial,140.62499999999997,103.0,-15.460209067254734,12.687865683272916,1.8922858134311287,-1.548968740923129,28.07333408448234,simulation_virtual_sample
axial,140.62499999999997,104.5,-15.460209067254734,12.687865683272916,1.295206005170334,-1.0594469973061673,28.113510908366056,simulation_virtual_sample
axial,140.62499999999997,106.0,-15.460209067254734,12.687865683272916,0.7145978858778477,-0.596119586470028,28.14269290777895,simulation_virtual_sample
axial,140.62499999999997,107.5,-15.460209067254734,12.687865683272916,0.1458364839608376,-0.11435177212074897,28.176791124708995,simulation_virtual_sample
axial,140.62499999999997,109.0,-15.460209067254734,12.687865683272916,-0.4361595554571183,0.3854634164637228,28.16443350354584,simulation_virtual_sample
axial,140.62499999999997,110.5,-15.460209067254734,12.687865683272916,-1.0356992789593549,0.8652189159046795,28.151768333612385,simulation_virtual_sample
axial,140.62499999999997,112.0,-15.460209067254734,12.687865683272916,-1.646908279503621,1.3541475724571583,28.12003644481244,simulation_virtual_sample
axial,140.62499999999997,113.5,-15.460209067254734,12.687865683272916,-2.266450194318886,1.849626688950678,28.074689202364485,simulation_virtual_sample
axial,140.62499999999997,115.0,-15.460209067254734,12.687865683272916,-2.861641293573327,2.3609155150418757,28.02869686287605,simulation_virtual_sample
axial,143.43750000000003,100.0,-16.0641506296129,11.913986089848663,3.209381657300986,-2.4211682104941574,27.986080929163926,simulation_virtual_sample
axial,143.43750000000003,101.5,-16.0641506296129,11.913986089848663,2.559897425634613,-1.9907359750771496,28.046458592058,simulation_virtual_sample
axial,143.43750000000003,103.0,-16.0641506296129,11.913986089848663,1.9509119649247069,-1.4826712658770564,28.09443510285675,simulation_virtual_sample
axial,143.43750000000003,104.5,-16.0641506296129,11.913986089848663,1.353801846636111,-0.9931554996456617,28.134611702287007,simulation_virtual_sample
axial,143.43750000000003,106.0,-16.0641506296129,11.913986089848663,0.7733469621048468,-0.5296547290358431,28.1638488826656,simulation_virtual_sample
axial,143.43750000000003,107.5,-16.0641506296129,11.913986089848663,0.14975547203456097,-0.11034204567574533,28.1852960548889,simulation_virtual_sample
axial,143.43750000000003,109.0,-16.0641506296129,11.913986089848663,-0.4799812251132309,0.31749416768272265,28.1674251962434,simulation_virtual_sample
axial,143.43750000000003,110.5,-16.0641506296129,11.913986089848663,-1.0794066028692375,0.7974270221750397,28.154752219958958,simulation_virtual_sample
axial,143.43750000000003,112.0,-16.0641506296129,11.913986089848663,-1.6906378027341564,1.2863384716334705,28.123009301319414,simulation_virtual_sample
axial,143.43750000000003,113.5,-16.0641506296129,11.913986089848663,-2.3102866677552694,1.781651745996647,28.077669329648547,simulation_virtual_sample
axial,143.43750000000003,115.0,-16.0641506296129,11.913986089848663,-2.9687829628573836,2.218842205281137,28.030909615778327,simulation_virtual_sample
axial,146.25,100.0,-16.629392246050905,11.111404660392044,3.324294295454096,-2.2469224700651633,27.98990221788574,simulation_virtual_sample
axial,146.25,101.5,-16.629392246050905,11.111404660392044,2.6654708129673583,-1.8345054363213282,28.053235168053597,simulation_virtual_sample
axial,146.25,103.0,-16.629392246050905,11.111404660392044,2.0097406227650505,-1.4161447862122378,28.11560900833078,simulation_virtual_sample
axial,146.25,104.5,-16.629392246050905,11.111404660392044,1.4125998701249027,-0.9266352664849844,28.155785303443004,simulation_virtual_sample
axial,146.25,106.0,-16.629392246050905,11.111404660392044,0.7858290184936114,-0.5105896375681452,28.176641207702765,simulation_virtual_sample
axial,146.25,107.5,-16.629392246050905,11.111404660392044,0.14823735841684707,-0.10563478445407802,28.1955325783794,simulation_virtual_sample
axial,146.25,109.0,-16.629392246050905,11.111404660392044,-0.49130774989703874,0.30536289493090507,28.17600627561248,simulation_virtual_sample
axial,146.25,110.5,-16.629392246050905,11.111404660392044,-1.1232647355777723,0.7294012176694208,28.15774640197855,simulation_virtual_sample
axial,146.25,112.0,-16.629392246050905,11.111404660392044,-1.7345183753001303,1.2182951464492267,28.125992426586865,simulation_virtual_sample
axial,146.25,113.5,-16.629392246050905,11.111404660392044,-2.399032720708403,1.6464866074043294,28.079002988357967,simulation_virtual_sample
axial,146.25,115.0,-16.629392246050905,11.111404660392044,-3.0665180435187023,2.070233672693552,28.0319035768032,simulation_virtual_sample
axial,149.0625,100.0,-17.15457220000544,10.282054883864436,3.438890586203842,-2.073156417409576,27.993712986835455,simulation_virtual_sample
axial,149.0625,101.5,-17.15457220000544,10.282054883864436,2.7803476837454593,-1.6603139311169517,28.05705526737215,simulation_virtual_sample
axial,149.0625,103.0,-17.15457220000544,10.282054883864436,2.1218047812870764,-1.2474714448243278,28.120397547908848,simulation_virtual_sample
axial,149.0625,104.5,-17.15457220000544,10.282054883864436,1.423646105703965,-0.9077029553345287,28.167862221663828,simulation_virtual_sample
axial,149.0625,106.0,-17.15457220000544,10.282054883864436,0.7843111189691822,-0.5058830401920557,28.186876287578695,simulation_virtual_sample
axial,149.0625,107.5,-17.15457220000544,10.282054883864436,0.14672342296490398,-0.10094047859851546,28.205740928819104,simulation_virtual_sample
axial,149.0625,109.0,-17.15457220000544,10.282054883864436,-0.4928253010052586,0.3100684144761925,28.186248081876233,simulation_virtual_sample
axial,149.0625,110.5,-17.15457220000544,10.282054883864436,-1.1337529280416172,0.7181456715949754,28.166368928153805,simulation_virtual_sample
axial,149.0625,112.0,-17.15457220000544,10.282054883864436,-1.8294906957303627,1.07381441032871,28.127098478496126,simulation_virtual_sample
axial,149.0625,113.5,-17.15457220000544,10.282054883864436,-2.496737380631518,1.4979243302782845,28.079996640005408,simulation_virtual_sample
axial,149.0625,115.0,-17.15457220000544,10.282054883864436,-3.1639840655326723,1.9220342502278591,28.032894801514693,simulation_virtual_sample
axial,151.875,100.0,-17.6384252869671,9.427934736519957,3.553724028414856,-1.899030764342522,27.997531641986537,simulation_virtual_sample
axial,151.875,101.5,-17.6384252869671,9.427934736519957,2.8936094720045253,-1.4880261795232412,28.060944682335112,simulation_virtual_sample
axial,151.875,103.0,-17.6384252869671,9.427934736519957,2.1747015163502574,-1.1488701431545534,28.126306385270126,simulation_virtual_sample
axial,151.875,104.5,-17.6384252869671,9.427934736519957,1.4705680542627897,-0.8164354446600978,28.173944351090718,simulation_virtual_sample
axial,151.875,106.0,-17.6384252869671,9.427934736519957,0.7871294027092341,-0.4934154048280695,28.196756465529166,simulation_virtual_sample
axial,151.875,107.5,-17.6384252869671,9.427934736519957,0.14520635338775742,-0.09623645466529383,28.215970412424273,simulation_virtual_sample
axial,151.875,109.0,-17.6384252869671,9.427934736519957,-0.4977494016416941,0.30751933687981603,28.195643262246982,simulation_virtual_sample
axial,151.875,110.5,-17.6384252869671,9.427934736519957,-1.1738963214387785,0.6404428465745716,28.16680955535137,simulation_virtual_sample
axial,151.875,112.0,-17.6384252869671,9.427934736519957,-1.8747122101425324,0.9898527915297646,28.127587908698523,simulation_virtual_sample
axial,151.875,113.5,-17.6384252869671,9.427934736519957,-2.5930752634345415,1.3509896227639493,28.080977267015406,simulation_virtual_sample
axial,151.875,115.0,-17.6384252869671,9.427934736519957,-3.261651788748256,1.7735281362508877,28.03388807751761,simulation_virtual_sample
axial,154.68749999999997,100.0,-18.079785862468864,8.551101868605649,3.6619334364979843,-1.7209546331773915,28.000139562349975,simulation_virtual_sample
axial,154.68749999999997,101.5,-18.079785862468864,8.551101868605649,2.940445764939691,-1.396872205126553,28.067045102438097,simulation_virtual_sample
axial,154.68749999999997,103.0,-18.079785862468864,8.551101868605649,2.221423467291147,-1.0579387040305257,28.132391912345575,simulation_virtual_sample
axial,154.68749999999997,104.5,-18.079785862468864,8.551101868605649,1.5172963592057906,-0.7255445886497864,28.1800013799928,simulation_virtual_sample
axial,154.68749999999997,106.0,-18.079785862468864,8.551101868605649,0.8339798874015139,-0.4022868979546967,28.202829331647543,simulation_virtual_sample
axial,154.68749999999997,107.5,-18.079785862468864,8.551101868605649,0.14318694501188212,-0.09164906970941697,28.223889842602837,simulation_virtual_sample
axial,154.68749999999997,109.0,-18.079785862468864,8.551101868605649,-0.5378317465881326,0.22993467917619492,28.196083219356513,simulation_virtual_sample
axial,154.68749999999997,110.5,-18.079785862468864,8.551101868605649,-1.2138740061808218,0.5630607724808676,28.167248363675792,simulation_virtual_sample
axial,154.68749999999997,112.0,-18.079785862468864,8.551101868605649,-1.914703527971224,0.9124443288013026,28.12802686666423,simulation_virtual_sample
axial,154.68749999999997,113.5,-18.079785862468864,8.551101868605649,-2.633164356976817,1.2733919022642586,28.08141729819976,simulation_virtual_sample
axial,154.68749999999997,115.0,-18.079785862468864,8.551101868605649,-3.3544039953666362,1.6204036621730837,28.035413016688118,simulation_virtual_sample
axial,157.49999999999997,100.0,-18.47759065022573,7.653668647301806,3.7257902768495885,-1.526664379671291,27.99536528136886,simulation_virtual_sample
axial,157.49999999999997,101.5,-18.47759065022573,7.653668647301806,2.991664288461341,-1.2791800641163775,28.07034864251518,simulation_virtual_sample
axial,157.49999999999997,103.0,-18.47759065022573,7.653668647301806,2.268177373274256,-0.966945073197511,28.138481601560454,simulation_virtual_sample
axial,157.49999999999997,104.5,-18.47759065022573,7.653668647301806,1.564056918003557,-0.6345909959219147,28.18606258971271,simulation_virtual_sample
axial,157.49999999999997,106.0,-18.47759065022573,7.653668647301806,0.8704763029914637,-0.32863995355583625,28.20645634994109,simulation_virtual_sample
axial,157.49999999999997,107.5,-18.47759065022573,7.653668647301806,0.13737012018052777,-0.08945452623178603,28.217526462194925,simulation_virtual_sample
axial,157.49999999999997,109.0,-18.47759065022573,7.653668647301806,-0.571175029036713,0.16807493949836544,28.19520692343023,simulation_virtual_sample
axial,157.49999999999997,110.5,-18.47759065022573,7.653668647301806,-1.253879245590155,0.4856253626995264,28.167687474449384,simulation_virtual_sample
axial,157.49999999999997,112.0,-18.47759065022573,7.653668647301806,-1.9547224098638263,0.8349825121968052,28.128466127182236,simulation_virtual_sample
axial,157.49999999999997,113.5,-18.47759065022573,7.653668647301806,-2.678227967672554,1.1707558520128443,28.082947001565156,simulation_virtual_sample
axial,157.49999999999997,115.0,-18.47759065022573,7.653668647301806,-3.413717901708877,1.4460006480289096,28.040066992235555,simulation_virtual_sample
axial,160.31250000000003,100.0,-18.830881303660416,6.737797067844397,3.7892957367517357,-1.3334432331899995,27.990617271480826,simulation_virtual_sample
axial,160.31250000000003,101.5,-18.830881303660416,6.737797067844397,3.0553254081417482,-1.085485308580641,28.065588994664562,simulation_virtual_sample
axial,160.31250000000003,103.0,-18.830881303660416,6.737797067844397,2.3213550795317603,-0.8375273839712827,28.140560717848295,simulation_virtual_sample
axial,160.31250000000003,104.5,-18.830881303660416,6.737797067844397,1.5977673399716494,-0.5656314708474651,28.18902469404077,simulation_virtual_sample
axial,160.31250000000003,106.0,-18.830881303660416,6.737797067844397,0.8646756202870284,-0.3264515001016068,28.200110628392974,simulation_virtual_sample
axial,160.31250000000003,107.5,-18.830881303660416,6.737797067844397,0.13158390060240732,-0.08727152935574836,28.211196562745176,simulation_virtual_sample
axial,160.31250000000003,109.0,-18.830881303660416,6.737797067844397,-0.5770764845858373,0.17018796297205468,28.188998558688585,simulation_virtual_sample
axial,160.31250000000003,110.5,-18.830881303660416,6.737797067844397,-1.2854886829413394,0.42783314865877503,28.166462438216126,simulation_virtual_sample
axial,160.31250000000003,112.0,-18.830881303660416,6.737797067844397,-2.0020144102560193,0.7212183919731683,28.13047804172954,simulation_virtual_sample
axial,160.31250000000003,113.5,-18.830881303660416,6.737797067844397,-2.737359917967199,0.9968878503994494,28.08758670020776,simulation_virtual_sample
axial,160.31250000000003,115.0,-18.830881303660416,6.737797067844397,-3.4727054256783787,1.2725573088257307,28.044695358685974,simulation_virtual_sample
axial,163.125,100.0,-19.138806714644176,5.805693545089248,3.8527574555878483,-1.1403551728865058,27.985872531910246,simulation_virtual_sample
axial,163.125,101.5,-19.138806714644176,5.805693545089248,3.1189426795413286,-0.8919239654334713,28.060832625147356,simulation_virtual_sample
axial,163.125,103.0,-19.138806714644176,5.805693545089248,2.3714444175501894,-0.6750244926251059,28.135546987409203,simulation_virtual_sample
axial,163.125,104.5,-19.138806714644176,5.805693545089248,1.6061805472009054,-0.5155207289724364,28.183082603878766,simulation_virtual_sample
axial,163.125,106.0,-19.138806714644176,5.805693545089248,0.8588775316981335,-0.3242640253427145,28.19376774470649,simulation_virtual_sample
axial,163.125,107.5,-19.138806714644176,5.805693545089248,0.1258002686717919,-0.08508950873481883,28.204869494081276,simulation_virtual_sample
axial,163.125,109.0,-19.138806714644176,5.805693545089248,-0.5829750595124937,0.17229995503529905,28.18279322437813,simulation_virtual_sample
axial,163.125,110.5,-19.138806714644176,5.805693545089248,-1.3010067060872363,0.3908396195171879,28.165538143203364,simulation_virtual_sample
axial,163.125,112.0,-19.138806714644176,5.805693545089248,-2.049927180105168,0.5792225217345961,28.135203931963527,simulation_virtual_sample
axial,163.125,113.5,-19.138806714644176,5.805693545089248,-2.796451139566285,0.8231396049731875,28.09222320313514,simulation_virtual_sample
axial,163.125,115.0,-19.138806714644176,5.805693545089248,-3.531652320429776,1.0992334333122118,28.049320537226524,simulation_virtual_sample
axial,165.9375,100.0,-19.400625063890878,4.859603598065282,3.916482225077036,-0.9464667570096764,27.981108125257443,simulation_virtual_sample
axial,165.9375,101.5,-19.400625063890878,4.859603598065282,3.1644580284395274,-0.7400001228857518,28.05574164152196,simulation_virtual_sample
axial,165.9375,103.0,-19.400625063890878,4.859603598065282,2.3951556714542073,-0.5734603772872727,28.130078904629134,simulation_virtual_sample
axial,165.9375,104.5,-19.400625063890878,4.859603598065282,1.6298842351426048,-0.41399220983262003,28.177612876273578,simulation_virtual_sample
axial,165.9375,106.0,-19.400625063890878,4.859603598065282,0.870211342927219,-0.2643457544067319,28.18791976722744,simulation_virtual_sample
axial,165.9375,107.5,-19.400625063890878,4.859603598065282,0.1199912569271856,-0.08289791294068533,28.198514660886758,simulation_virtual_sample
axial,165.9375,109.0,-19.400625063890878,4.859603598065282,-0.6001402293281756,0.128564331291414,28.18278986373092,simulation_virtual_sample
axial,165.9375,110.5,-19.400625063890878,4.859603598065282,-1.3269442958070645,0.3113131215852097,28.17039740368367,simulation_virtual_sample
axial,165.9375,112.0,-19.400625063890878,4.859603598065282,-2.075873445237697,0.49966942436921935,28.140064817733254,simulation_virtual_sample
axial,165.9375,113.5,-19.400625063890878,4.859603598065282,-2.840540280079984,0.6920143796570585,28.096971327865536,simulation_virtual_sample
axial,165.9375,115.0,-19.400625063890878,4.859603598065282,-3.5908435517583333,0.9251911253407704,28.053964887265387,simulation_virtual_sample
axial,168.75,100.0,-19.61570560806461,3.9018064403225723,3.954390951873719,-0.7589062672963602,27.979348545424294,simulation_virtual_sample
axial,168.75,101.5,-19.61570560806461,3.9018064403225723,3.1881779361388927,-0.6383989401253215,28.050271563079008,simulation_virtual_sample
axial,168.75,103.0,-19.61570560806461,3.9018064403225723,2.4188175136262187,-0.4721079107668673,28.124622216752183,simulation_virtual_sample
axial,168.75,104.5,-19.61570560806461,3.9018064403225723,1.6535385402049074,-0.31267520928131953,28.172154543979513,simulation_virtual_sample
axial,168.75,106.0,-19.61570560806461,3.9018064403225723,0.8939270166559663,-0.16276589729736773,28.182447273850507,simulation_virtual_sample
axial,168.75,107.5,-19.61570560806461,3.9018064403225723,0.12151733554798237,-0.07398567988131836,28.196907254841737,simulation_virtual_sample
axial,168.75,109.0,-19.61570560806461,3.9018064403225723,-0.6260924237888387,0.0489930541835613,28.187651860326678,simulation_virtual_sample
axial,168.75,110.5,-19.61570560806461,3.9018064403225723,-1.3528283197956434,0.23195086000138102,28.175246628927713,simulation_virtual_sample
axial,168.75,112.0,-19.61570560806461,3.9018064403225723,-2.1017661267227092,0.4202806182845483,28.144915664910204,simulation_virtual_sample
axial,168.75,113.5,-19.61570560806461,3.9018064403225723,-2.866496267190974,0.6124314740131079,28.101834034992844,simulation_virtual_sample
axial,168.75,115.0,-19.61570560806461,3.9018064403225723,-3.6327698684890946,0.744473138747206,28.055061970162487,simulation_virtual_sample
axial,171.56249999999997,100.0,-19.78353019929562,2.934609489107245,3.9725534052831257,-0.5780122402557345,27.979860131869604,simulation_virtual_sample
axial,171.56249999999997,101.5,-19.78353019929562,2.934609489107245,3.2081253095692293,-0.48237814621277497,28.04888904972685,simulation_virtual_sample
axial,171.56249999999997,103.0,-19.78353019929562,2.934609489107245,2.4425442300643034,-0.37047756364728857,28.119150568137226,simulation_virtual_sample
axial,171.56249999999997,104.5,-19.78353019929562,2.934609489107245,1.6772577119947207,-0.21108036914649703,28.166681243409997,simulation_virtual_sample
axial,171.56249999999997,106.0,-19.78353019929562,2.934609489107245,0.9044379446942731,-0.12424543759066865,28.181272167036905,simulation_virtual_sample
axial,171.56249999999997,107.5,-19.78353019929562,2.934609489107245,0.1253997480574542,-0.0670916758773004,28.19788394661559,simulation_virtual_sample
axial,171.56249999999997,109.0,-19.78353019929562,2.934609489107245,-0.6316656963513121,0.028729627427510503,28.190080917937184,simulation_virtual_sample
axial,171.56249999999997,110.5,-19.78353019929562,2.934609489107245,-1.3787837976133461,0.15236951588693243,28.180109240641812,simulation_virtual_sample
axial,171.56249999999997,112.0,-19.78353019929562,2.934609489107245,-2.1277302859361913,0.3406726563921569,28.149779903034617,simulation_virtual_sample
axial,171.56249999999997,113.5,-19.78353019929562,2.934609489107245,-2.8942734388415685,0.46096236255339335,28.102273188833998,simulation_virtual_sample
axial,171.56249999999997,115.0,-19.78353019929562,2.934609489107245,-3.661320730944616,0.5606008900811307,28.053487930460992,simulation_virtual_sample
axial,174.37500000000003,100.0,-19.90369453344394,1.9603428065912079,3.990653370844071,-0.39774057839313415,27.980369958203795,simulation_virtual_sample
axial,174.37500000000003,101.5,-19.90369453344394,1.9603428065912079,3.226269644337199,-0.3016645768416098,28.049400125819773,simulation_virtual_sample
axial,174.37500000000003,103.0,-19.90369453344394,1.9603428065912079,2.4618859178303287,-0.2055885752900854,28.11843029343576,simulation_virtual_sample
axial,174.37500000000003,104.5,-19.90369453344394,1.9603428065912079,1.6873669146503671,-0.1744903490011979,28.165639182546478,simulation_virtual_sample
axial,174.37500000000003,106.0,-19.90369453344394,1.9603428065912079,0.9083174377789844,-0.11735661761228892,28.182248124376137,simulation_virtual_sample
axial,174.37500000000003,107.5,-19.90369453344394,1.9603428065912079,0.12926796090760184,-0.06022288622337996,28.1988570662058,simulation_virtual_sample
axial,174.37500000000003,109.0,-19.90369453344394,1.9603428065912079,-0.628108718068091,0.0350508747874027,28.191414150435442,simulation_virtual_sample
axial,174.37500000000003,110.5,-19.90369453344394,1.9603428065912079,-1.3841762521122298,0.13262848353898538,28.182518382678786,simulation_virtual_sample
axial,174.37500000000003,112.0,-19.90369453344394,1.9603428065912079,-2.1558181081471703,0.17718690234377726,28.149482141676096,simulation_virtual_sample
axial,174.37500000000003,113.5,-19.90369453344394,1.9603428065912079,-2.9227957362094927,0.27727407774823665,28.100700723956447,simulation_virtual_sample
axial,174.37500000000003,115.0,-19.90369453344394,1.9603428065912079,-3.689773364271815,0.37736125315269614,28.0519193062368,simulation_virtual_sample
axial,177.1875,100.0,-19.97590912410345,0.9813534865483593,4.008778297081069,-0.21722031370649234,27.980880487611692,simulation_virtual_sample
axial,177.1875,101.5,-19.97590912410345,0.9813534865483593,3.244439000968379,-0.12070179523584214,28.049911906709887,simulation_virtual_sample
axial,177.1875,103.0,-19.97590912410345,0.9813534865483593,2.4591307467291434,-0.09070784079368839,28.111343771736838,simulation_virtual_sample
axial,177.1875,104.5,-19.97590912410345,0.9813534865483593,1.68001659341134,-0.09188225423207558,28.15765019925034,simulation_virtual_sample
axial,177.1875,106.0,-19.97590912410345,0.9813534865483593,0.9122014361568617,-0.1104597975800645,28.183225215104148,simulation_virtual_sample
axial,177.1875,107.5,-19.97590912410345,0.9813534865483593,0.13314066595106866,-0.05334611977702603,28.199831315889288,simulation_virtual_sample
axial,177.1875,109.0,-19.97590912410345,0.9813534865483593,-0.6245482031401903,0.041378407259,28.192748708544723,simulation_virtual_sample
axial,177.1875,110.5,-19.97590912410345,0.9813534865483593,-1.3876352293147673,0.06575007530995891,28.185204713376553,simulation_virtual_sample
axial,177.1875,112.0,-19.97590912410345,0.9813534865483593,-2.1654237728053545,0.07234414197322454,28.152742726827725,simulation_virtual_sample
axial,177.1875,113.5,-19.97590912410345,0.9813534865483593,-2.951357367123248,0.09333247844054493,28.099126090578284,simulation_virtual_sample
axial,177.1875,115.0,-19.97590912410345,0.9813534865483593,-3.7182652350749636,0.1938689204275619,28.050348518808438,simulation_virtual_sample
overturning,-180.0,100.0,-20.0,-2.4492935982947065e-15,3.870792185452023,-0.05464986174967238,18.15896927099191,simulation_virtual_sample
overturning,-180.0,101.5,-20.0,-2.4492935982947065e-15,3.3688329464676134,-0.020306864782267238,18.183896439001185,simulation_virtual_sample
overturning,-180.0,103.0,-20.0,-2.4492935982947065e-15,2.8668737074832067,0.014036132185144183,18.208823607010462,simulation_virtual_sample
overturning,-180.0,104.5,-20.0,-2.4492935982947065e-15,2.39323331023915,0.01559958866165527,18.24751899633485,simulation_virtual_sample
overturning,-180.0,106.0,-20.0,-2.4492935982947065e-15,1.9587876436725393,-0.028205521593879606,18.305270310732055,simulation_virtual_sample
overturning,-180.0,107.5,-20.0,-2.4492935982947065e-15,1.5212409457914857,-0.05769975483375031,18.347643527821777,simulation_virtual_sample
overturning,-180.0,109.0,-20.0,-2.4492935982947065e-15,1.0924819581953513,-0.02046499140904459,18.332457089081974,simulation_virtual_sample
overturning,-180.0,110.5,-20.0,-2.4492935982947065e-15,0.6612732471796224,-0.012932899620414044,18.30011261169854,simulation_virtual_sample
overturning,-180.0,112.0,-20.0,-2.4492935982947065e-15,0.19326231911226227,-0.0023407490645402504,18.271446193752872,simulation_virtual_sample
overturning,-180.0,113.5,-20.0,-2.4492935982947065e-15,-0.31170759859001573,0.01132449570470964,18.24647350329232,simulation_virtual_sample
overturning,-180.0,115.0,-20.0,-2.4492935982947065e-15,-0.8166775162922958,0.02498974047395248,18.221500812831774,simulation_virtual_sample
overturning,-177.1875,100.0,-19.97590912410345,-0.9813534865483593,3.8247327309144636,0.22976284460025528,18.072392914786818,simulation_virtual_sample
overturning,-177.1875,101.5,-19.97590912410345,-0.9813534865483593,3.3544002763350886,0.1105288172851181,18.162220427630746,simulation_virtual_sample
overturning,-177.1875,103.0,-19.97590912410345,-0.9813534865483593,2.8563848575118462,0.1255907424592814,18.195223567162127,simulation_virtual_sample
overturning,-177.1875,104.5,-19.97590912410345,-0.9813534865483593,2.382769112211181,0.12708865766294447,18.233934106187117,simulation_virtual_sample
overturning,-177.1875,106.0,-19.97590912410345,-0.9813534865483593,1.9482972491070156,0.08356265408861295,18.291651411567674,simulation_virtual_sample
overturning,-177.1875,107.5,-19.97590912410345,-0.9813534865483593,1.5241490201062797,-0.023593155678694563,18.284258014434045,simulation_virtual_sample
overturning,-177.1875,109.0,-19.97590912410345,-0.9813534865483593,1.084051977711851,-0.12932145241482956,18.343844648846925,simulation_virtual_sample
overturning,-177.1875,110.5,-19.97590912410345,-0.9813534865483593,0.6524954406619821,-0.12541778268614073,18.31493234476898,simulation_virtual_sample
overturning,-177.1875,112.0,-19.97590912410345,-0.9813534865483593,0.18723662227235155,-0.1150289710410813,18.285987737752823,simulation_virtual_sample
overturning,-177.1875,113.5,-19.97590912410345,-0.9813534865483593,-0.3143076308560879,-0.1113327810593271,18.255878603697727,simulation_virtual_sample
overturning,-177.1875,115.0,-19.97590912410345,-0.9813534865483593,-0.7579282109212797,-0.2706569545614756,18.138684254374027,simulation_virtual_sample
overturning,-174.375,100.0,-19.903694533443936,-1.9603428065912165,3.778958386733265,0.5124150218932504,17.98635247061147,simulation_virtual_sample
overturning,-174.375,101.5,-19.903694533443936,-1.9603428065912165,3.3085136634218757,0.393874243211454,18.075968955820983,simulation_virtual_sample
overturning,-174.375,103.0,-19.903694533443936,-1.9603428065912165,2.8380689401104866,0.2753334645296578,18.16558544103049,simulation_virtual_sample
overturning,-174.375,104.5,-19.903694533443936,-1.9603428065912165,2.373017238902563,0.23439859141125496,18.215498807409244,simulation_virtual_sample
overturning,-174.375,106.0,-19.903694533443936,-1.9603428065912165,1.950569425794322,0.11665495828663584,18.197562666965712,simulation_virtual_sample
overturning,-174.375,107.5,-19.903694533443936,-1.9603428065912165,1.5281216126860808,-0.0010886748379833216,18.17962652652218,simulation_virtual_sample
overturning,-174.375,109.0,-19.903694533443936,-1.9603428065912165,1.0880420726379525,-0.10678130920270361,18.238971741468724,simulation_virtual_sample
overturning,-174.375,110.5,-19.903694533443936,-1.9603428065912165,0.6462400657179304,-0.21129666545916326,18.305866674881774,simulation_virtual_sample
overturning,-174.375,112.0,-19.903694533443936,-1.9603428065912165,0.18800473449931773,-0.24736584177807236,18.290337478333164,simulation_virtual_sample
overturning,-174.375,113.5,-19.903694533443936,-1.9603428065912165,-0.25576891611333424,-0.405919711679557,18.17335890647036,simulation_virtual_sample
overturning,-174.375,115.0,-19.903694533443936,-1.9603428065912165,-0.699542566725986,-0.5644735815810417,18.056380334607546,simulation_virtual_sample
overturning,-171.5625,100.0,-19.78353019929562,-2.934609489107236,3.733247080523188,0.7946779457712908,17.900430516719982,simulation_virtual_sample
overturning,-171.5625,101.5,-19.78353019929562,-2.934609489107236,3.2626902430902596,0.6768294610180086,17.989836264911013,simulation_virtual_sample
overturning,-171.5625,103.0,-19.78353019929562,-2.934609489107236,2.7923684549912275,0.5272148798962211,18.062663648938166,simulation_virtual_sample
overturning,-171.5625,104.5,-19.78353019929562,-2.934609489107236,2.361185049515253,0.28835052748809586,18.0888017047861,simulation_virtual_sample
overturning,-171.5625,106.0,-19.78353019929562,-2.934609489107236,1.9545435426130318,0.13916807384249116,18.092891033133593,simulation_virtual_sample
overturning,-171.5625,107.5,-19.78353019929562,-2.934609489107236,1.5320866757151745,0.021373151583420246,18.075193354465274,simulation_virtual_sample
overturning,-171.5625,109.0,-19.78353019929562,-2.934609489107236,1.0920245860570525,-0.08428399410788835,18.134298101199768,simulation_virtual_sample
overturning,-171.5625,110.5,-19.78353019929562,-2.934609489107236,0.6598816583886205,-0.21251426138568133,18.179595807930465,simulation_virtual_sample
overturning,-171.5625,112.0,-19.78353019929562,-2.934609489107236,0.24651810413279254,-0.482925540629802,18.161644036871937,simulation_virtual_sample
overturning,-171.5625,113.5,-19.78353019929562,-2.934609489107236,-0.19731081774806236,-0.7001009529828208,18.090952850943026,simulation_virtual_sample
overturning,-171.5625,115.0,-19.78353019929562,-2.934609489107236,-0.641237328107628,-0.8578855801044356,17.974189759383957,simulation_virtual_sample
overturning,-168.75,100.0,-19.61570560806461,-3.9018064403225723,3.687377961793199,1.0779153467970737,17.81421192811853,simulation_virtual_sample
overturning,-168.75,101.5,-19.61570560806461,-3.9018064403225723,3.217163760943174,0.9094158219945377,17.877011585198698,simulation_virtual_sample
overturning,-168.75,103.0,-19.61570560806461,-3.9018064403225723,2.7477884089960436,0.6462827430180589,17.891164205580154,simulation_virtual_sample
overturning,-168.75,104.5,-19.61570560806461,-3.9018064403225723,2.316531100687777,0.40731814609339007,17.917336008807155,simulation_virtual_sample
overturning,-168.75,106.0,-19.61570560806461,-3.9018064403225723,1.9382440295525591,0.201938961854793,17.96021011113394,simulation_virtual_sample
overturning,-168.75,107.5,-19.61570560806461,-3.9018064403225723,1.536063361278277,0.04390081891064675,17.970454064173932,simulation_virtual_sample
overturning,-168.75,109.0,-19.61570560806461,-3.9018064403225723,1.1101522730078164,-0.09657396418401741,17.998169075002174,simulation_virtual_sample
overturning,-168.75,110.5,-19.61570560806461,-3.9018064403225723,0.7179899543407695,-0.32335215140060103,17.955222745755957,simulation_virtual_sample
overturning,-168.75,112.0,-19.61570560806461,-3.9018064403225723,0.30460304451516085,-0.5937188813762972,17.937361157357657,simulation_virtual_sample
overturning,-168.75,113.5,-19.61570560806461,-3.9018064403225723,-0.13888525723031697,-0.9259042724986751,17.95507554824821,simulation_virtual_sample
overturning,-168.75,115.0,-19.61570560806461,-3.9018064403225723,-0.5827307980059727,-1.1523105465497445,17.891715431564684,simulation_virtual_sample
overturning,-165.9375,100.0,-19.400625063890878,-4.859603598065282,3.570945705242413,1.3468691050834782,17.62889604501849,simulation_virtual_sample
overturning,-165.9375,101.5,-19.400625063890878,-4.859603598065282,3.1725989735346474,1.028442931293292,17.70557084162575,simulation_virtual_sample
overturning,-165.9375,103.0,-19.400625063890878,-4.859603598065282,2.7033319370276465,0.765020554993057,17.72014015152097,simulation_virtual_sample
overturning,-165.9375,104.5,-19.400625063890878,-4.859603598065282,2.2720013656769926,0.5259548326678637,17.746347278675323,simulation_virtual_sample
overturning,-165.9375,106.0,-19.400625063890878,-4.859603598065282,1.8936025646126409,0.32087332072802216,17.788792351754665,simulation_virtual_sample
overturning,-165.9375,107.5,-19.400625063890878,-4.859603598065282,1.5328508229903628,0.06988219391976253,17.797148353943204,simulation_virtual_sample
overturning,-165.9375,109.0,-19.400625063890878,-4.859603598065282,1.1682472775489903,-0.20738650167527983,17.773847334838273,simulation_virtual_sample
overturning,-165.9375,110.5,-19.400625063890878,-4.859603598065282,0.7759382817391213,-0.43388491154239156,17.73146736877905,simulation_virtual_sample
overturning,-165.9375,112.0,-19.400625063890878,-4.859603598065282,0.362528080640174,-0.704207214891051,17.71369571477367,simulation_virtual_sample
overturning,-165.9375,113.5,-19.400625063890878,-4.859603598065282,-0.0808085226044181,-1.0366819612850144,17.730824353550634,simulation_virtual_sample
overturning,-165.9375,115.0,-19.400625063890878,-4.859603598065282,-0.47086178356036557,-1.4145972057547294,17.71301975570211,simulation_virtual_sample
overturning,-163.125,100.0,-19.138806714644176,-5.805693545089248,3.3619999829233524,1.5930993055902112,17.313954178424815,simulation_virtual_sample
overturning,-163.125,101.5,-19.138806714644176,-5.805693545089248,3.038424029715715,1.2168891176517793,17.455783243444802,simulation_virtual_sample
overturning,-163.125,103.0,-19.138806714644176,-5.805693545089248,2.6587843138961196,0.8840018206023598,17.54876543892411,simulation_virtual_sample
overturning,-163.125,104.5,-19.138806714644176,-5.805693545089248,2.2273807649494817,0.6448336048409382,17.575009635317034,simulation_virtual_sample
overturning,-163.125,106.0,-19.138806714644176,-5.805693545089248,1.8710133145272503,0.3824371960812243,17.57483677920838,simulation_virtual_sample
overturning,-163.125,107.5,-19.138806714644176,-5.805693545089248,1.5390767546084958,0.05647570609022079,17.528117536245407,simulation_virtual_sample
overturning,-163.125,109.0,-19.138806714644176,-5.805693545089248,1.195463721190562,-0.26021698796763837,17.52273789835102,simulation_virtual_sample
overturning,-163.125,110.5,-19.138806714644176,-5.805693545089248,0.8340065303882452,-0.5446464138660984,17.50724894091044,simulation_virtual_sample
overturning,-163.125,112.0,-19.138806714644176,-5.805693545089248,0.4205729898157999,-0.8149241986489736,17.489567407412853,simulation_virtual_sample
overturning,-163.125,113.5,-19.138806714644176,-5.805693545089248,0.03683793454761621,-1.1982251769155983,17.467628073168445,simulation_virtual_sample
overturning,-163.125,115.0,-19.138806714644176,-5.805693545089248,-0.2893560523401491,-1.6304401019390184,17.408443059306624,simulation_virtual_sample
overturning,-160.3125,100.0,-18.830881303660412,-6.737797067844406,3.1539167715110215,1.8383130879039988,17.000312366179738,simulation_virtual_sample
overturning,-160.3125,101.5,-18.830881303660412,-6.737797067844406,2.8298313428834003,1.4627032866756813,17.141373503826188,simulation_virtual_sample
overturning,-160.3125,103.0,-18.830881303660412,-6.737797067844406,2.505745914255779,1.087093485447364,17.28243464147263,simulation_virtual_sample
overturning,-160.3125,104.5,-18.830881303660412,-6.737797067844406,2.209181676436628,0.694979557391133,17.35227153784044,simulation_virtual_sample
overturning,-160.3125,106.0,-18.830881303660412,-6.737797067844406,1.8772309370898848,0.36904860039349174,17.30616500689239,simulation_virtual_sample
overturning,-160.3125,107.5,-18.830881303660412,-6.737797067844406,1.545280197743141,0.04311764339585029,17.260058475944334,simulation_virtual_sample
overturning,-160.3125,109.0,-18.830881303660412,-6.737797067844406,1.2016722399760962,-0.2735949754649184,17.254197032025658,simulation_virtual_sample
overturning,-160.3125,110.5,-18.830881303660412,-6.737797067844406,0.8569244377281103,-0.5894062239069545,17.252270758460792,simulation_virtual_sample
overturning,-160.3125,112.0,-18.830881303660412,-6.737797067844406,0.54473619597439,-0.9820892517226609,17.22190322392031,simulation_virtual_sample
overturning,-160.3125,113.5,-18.830881303660412,-6.737797067844406,0.21806831699692303,-1.4137406339839194,17.163513427301265,simulation_virtual_sample
overturning,-160.3125,115.0,-18.830881303660412,-6.737797067844406,-0.10859956198054371,-1.8453920162451778,17.105123630682222,simulation_virtual_sample
overturning,-157.5,100.0,-18.477590650225736,-7.653668647301798,2.9456901384949625,2.083695884112165,16.68645437593836,simulation_virtual_sample
overturning,-157.5,101.5,-18.477590650225736,-7.653668647301798,2.621094883290812,1.708686883411224,16.8267470569164,simulation_virtual_sample
overturning,-157.5,103.0,-18.477590650225736,-7.653668647301798,2.364484923106863,1.2249367381088154,16.89858888046523,simulation_virtual_sample
overturning,-157.5,104.5,-18.477590650225736,-7.653668647301798,2.1295628143352725,0.7527059889030391,16.9591034339119,simulation_virtual_sample
overturning,-157.5,106.0,-18.477590650225736,-7.653668647301798,1.8834560633143045,0.3556438468427177,17.03716899133225,simulation_virtual_sample
overturning,-157.5,107.5,-18.477590650225736,-7.653668647301798,1.5514911274273022,0.029743459686808336,16.991675911843117,simulation_virtual_sample
overturning,-157.5,109.0,-18.477590650225736,-7.653668647301798,1.2078882807620448,-0.2869891712126638,16.985330812008456,simulation_virtual_sample
overturning,-157.5,110.5,-18.477590650225736,-7.653668647301798,0.9264985947928625,-0.6470124822156684,16.92443023677416,simulation_virtual_sample
overturning,-157.5,112.0,-18.477590650225736,-7.653668647301798,0.6673151805266505,-1.1014644495117467,16.878673821742986,simulation_virtual_sample
overturning,-157.5,113.5,-18.477590650225736,-7.653668647301798,0.3994236127052995,-1.6294046353402258,16.85918917004866,simulation_virtual_sample
overturning,-157.5,115.0,-18.477590650225736,-7.653668647301798,0.07228151500743832,-2.0604920864167964,16.801595138776836,simulation_virtual_sample
overturning,-154.6875,100.0,-18.079785862468867,-8.55110186860564,2.7363113719771373,2.330436401646241,16.37085978601174,simulation_virtual_sample
overturning,-154.6875,101.5,-18.079785862468867,-8.55110186860564,2.4923302119615065,1.8266174792069194,16.430767015576677,simulation_virtual_sample
overturning,-154.6875,103.0,-18.079785862468867,-8.55110186860564,2.264009183482065,1.2978173862601001,16.475306365409505,simulation_virtual_sample
overturning,-154.6875,104.5,-18.079785862468867,-8.55110186860564,2.0288376817439486,0.8279573728239795,16.53662191913925,simulation_virtual_sample
overturning,-154.6875,106.0,-18.079785862468867,-8.55110186860564,1.7854711762341593,0.4286055061471013,16.618006313227642,simulation_virtual_sample
overturning,-154.6875,107.5,-18.079785862468867,-8.55110186860564,1.5421046707243702,0.0292536394702231,16.699390707316038,simulation_virtual_sample
overturning,-154.6875,109.0,-18.079785862468867,-8.55110186860564,1.2937672602060648,-0.3559577029691621,16.642761820889746,simulation_virtual_sample
overturning,-154.6875,110.5,-18.079785862468867,-8.55110186860564,1.0286649544098034,-0.7273178164877921,16.567535344390787,simulation_virtual_sample
overturning,-154.6875,112.0,-18.079785862468867,-8.55110186860564,0.7699374273251611,-1.188539525933575,16.52428520284572,simulation_virtual_sample
overturning,-154.6875,113.5,-18.079785862468867,-8.55110186860564,0.5177494299509111,-1.7419452315575699,16.513837798763422,simulation_virtual_sample
overturning,-154.6875,115.0,-18.079785862468867,-8.55110186860564,0.2541634204947087,-2.27678232133097,16.49638720107146,simulation_virtual_sample
overturning,-151.875,100.0,-17.6384252869671,-9.427934736519957,2.5232844342891396,2.472836568899211,15.964707182587912,simulation_virtual_sample
overturning,-151.875,101.5,-17.6384252869671,-9.427934736519957,2.3882164427321526,1.9012197313529657,16.006765643293658,simulation_virtual_sample
overturning,-151.875,103.0,-17.6384252869671,-9.427934736519957,2.163558742386877,1.370679683979309,16.052130427576113,simulation_virtual_sample
overturning,-151.875,104.5,-17.6384252869671,-9.427934736519957,1.928121160831099,0.9032023229909365,16.114176525192384,simulation_virtual_sample
overturning,-151.875,106.0,-17.6384252869671,-9.427934736519957,1.6944724636019795,0.49806847257259407,16.191564907443848,simulation_virtual_sample
overturning,-151.875,107.5,-17.6384252869671,-9.427934736519957,1.530368273783187,0.05131530494635498,16.24765754602653,simulation_virtual_sample
overturning,-151.875,109.0,-17.6384252869671,-9.427934736519957,1.3856102384579705,-0.4270310246804073,16.276408274013917,simulation_virtual_sample
overturning,-151.875,110.5,-17.6384252869671,-9.427934736519957,1.1307412480962682,-0.807552356668,16.21095507680842,simulation_virtual_sample
overturning,-151.875,112.0,-17.6384252869671,-9.427934736519957,0.8725083335718,-1.2755710398471032,16.17007387988417,simulation_virtual_sample
overturning,-151.875,113.5,-17.6384252869671,-9.427934736519957,0.6205797289984087,-1.829196840515425,16.158730706518742,simulation_virtual_sample
overturning,-151.875,115.0,-17.6384252869671,-9.427934736519957,0.4857220202804098,-2.4160332013198533,16.043526962877312,simulation_virtual_sample
overturning,-149.0625,100.0,-17.15457220000544,-10.282054883864436,2.311146653481791,2.596864833336307,15.546330927524021,simulation_virtual_sample
overturning,-149.0625,101.5,-17.15457220000544,-10.282054883864436,2.1755473163872123,2.025558651744853,15.587341473259999,simulation_virtual_sample
overturning,-149.0625,103.0,-17.15457220000544,-10.282054883864436,2.0399479792926343,1.4542524701533983,15.628352018995972,simulation_virtual_sample
overturning,-149.0625,104.5,-17.15457220000544,-10.282054883864436,1.8472859526589036,0.9666009540494462,15.684075643083235,simulation_virtual_sample
overturning,-149.0625,106.0,-17.15457220000544,-10.282054883864436,1.6832133652604813,0.5197868266080281,15.741431730784134,simulation_virtual_sample
overturning,-149.0625,107.5,-17.15457220000544,-10.282054883864436,1.519602018603781,0.07221990546483112,15.798075282258159,simulation_virtual_sample
overturning,-149.0625,109.0,-17.15457220000544,-10.282054883864436,1.3754198687640569,-0.40705752099893905,15.824704124841917,simulation_virtual_sample
overturning,-149.0625,110.5,-17.15457220000544,-10.282054883864436,1.2312377189243324,-0.8863349474627099,15.851332967425677,simulation_virtual_sample
overturning,-149.0625,112.0,-17.15457220000544,-10.282054883864436,0.9874276369814263,-1.366327994710915,15.803896851459255,simulation_virtual_sample
overturning,-149.0625,113.5,-17.15457220000544,-10.282054883864436,0.8556760792285486,-1.9539038070788988,15.686581238470641,simulation_virtual_sample
overturning,-149.0625,115.0,-17.15457220000544,-10.282054883864436,0.723924521475671,-2.541479619446883,15.569265625482025,simulation_virtual_sample
overturning,-146.25,100.0,-16.629392246050905,-11.111404660392044,2.0994469748835214,2.7206369573705422,15.128818693762103,simulation_virtual_sample
overturning,-146.25,101.5,-16.629392246050905,-11.111404660392044,1.9633173895742948,2.1496407901741352,15.168783488658908,simulation_virtual_sample
overturning,-146.25,103.0,-16.629392246050905,-11.111404660392044,1.8508390551998695,1.550408915867063,15.1921081939913,simulation_virtual_sample
overturning,-146.25,104.5,-16.629392246050905,-11.111404660392044,1.8058864179541363,0.9892151909851619,15.226529297351098,simulation_virtual_sample
overturning,-146.25,106.0,-16.629392246050905,-11.111404660392044,1.6719750505733264,0.541465089798753,15.292129474333867,simulation_virtual_sample
overturning,-146.25,107.5,-16.629392246050905,-11.111404660392044,1.5094528984465754,0.09211255851987112,15.348199583617587,simulation_virtual_sample
overturning,-146.25,109.0,-16.629392246050905,-11.111404660392044,1.3652421880093644,-0.3871088881103719,15.373562432839467,simulation_virtual_sample
overturning,-146.25,110.5,-16.629392246050905,-11.111404660392044,1.2455696786970336,-0.8791813427539196,15.375711924351517,simulation_virtual_sample
overturning,-146.25,112.0,-16.629392246050905,-11.111404660392044,1.219193055296739,-1.4875545814274904,15.323318895916803,simulation_virtual_sample
overturning,-146.25,113.5,-16.629392246050905,-11.111404660392044,1.093968665621152,-2.07939766746735,15.212140541387877,simulation_virtual_sample
overturning,-146.25,115.0,-16.629392246050905,-11.111404660392044,0.9616350921831855,-2.6666669684317093,15.095983722013141,simulation_virtual_sample
overturning,-143.4375,100.0,-16.064150629612897,-11.91398608984867,1.8871628912998943,2.8447507590436514,14.710153901656808,simulation_virtual_sample
overturning,-143.4375,101.5,-16.064150629612897,-11.91398608984867,1.7744019718946449,2.245735586131572,14.733147440606912,simulation_virtual_sample
overturning,-143.4375,103.0,-16.064150629612897,-11.91398608984867,1.7217416839780835,1.5754812286118822,14.716101469822462,simulation_virtual_sample
overturning,-143.4375,104.5,-16.064150629612897,-11.91398608984867,1.6767772875461067,1.0142897875099524,14.750479214811206,simulation_virtual_sample
overturning,-143.4375,106.0,-16.064150629612897,-11.91398608984867,1.6396243263290928,0.5637986996625792,14.837052735309463,simulation_virtual_sample
overturning,-143.4375,107.5,-16.064150629612897,-11.91398608984867,1.4992673925236917,0.11207652902918956,14.89671102873909,simulation_virtual_sample
overturning,-143.4375,109.0,-16.064150629612897,-11.91398608984867,1.393261551288138,-0.38713991777472456,14.885508167023355,simulation_virtual_sample
overturning,-143.4375,110.5,-16.064150629612897,-11.91398608984867,1.3550343007142618,-0.9219021457586069,14.811735687958466,simulation_virtual_sample
overturning,-143.4375,112.0,-16.064150629612897,-11.91398608984867,1.328688164698641,-1.5302023145730506,14.759084051060855,simulation_virtual_sample
overturning,-143.4375,113.5,-16.064150629612897,-11.91398608984867,1.3108325571298325,-2.191054453615572,14.721525872808268,simulation_virtual_sample
overturning,-143.4375,115.0,-16.064150629612897,-11.91398608984867,1.200001871929437,-2.792199901837518,14.621395305914202,simulation_virtual_sample
overturning,-140.625,100.0,-15.46020906725474,-12.68786568327291,1.6486369273959947,2.934959681589146,14.23225717834962,simulation_virtual_sample
overturning,-140.625,101.5,-15.46020906725474,-12.68786568327291,1.6453595216857695,2.2707972325336225,14.257343220727638,simulation_virtual_sample
overturning,-140.625,103.0,-15.46020906725474,-12.68786568327291,1.5930884717467182,1.6004672801647741,14.241732444888237,simulation_virtual_sample
overturning,-140.625,104.5,-15.46020906725474,-12.68786568327291,1.548112356585932,1.03927811498548,14.276066980680232,simulation_virtual_sample
overturning,-140.625,106.0,-15.46020906725474,-12.68786568327291,1.5105407000940294,0.5888683429602442,14.361096691538226,simulation_virtual_sample
overturning,-140.625,107.5,-15.46020906725474,-12.68786568327291,1.5252942679674257,0.10862491376149852,14.383884491403633,simulation_virtual_sample
overturning,-140.625,109.0,-15.46020906725474,-12.68786568327291,1.502616438334676,-0.42981789446731933,14.322097299738878,simulation_virtual_sample
overturning,-140.625,110.5,-15.46020906725474,-12.68786568327291,1.4641224101289838,-0.964476007035236,14.249699294380402,simulation_virtual_sample
overturning,-140.625,112.0,-15.46020906725474,-12.68786568327291,1.4378058900846729,-1.5727030587536224,14.196793888600391,simulation_virtual_sample
overturning,-140.625,113.5,-15.46020906725474,-12.68786568327291,1.4202173634246538,-2.2336592243174067,14.157859426457518,simulation_virtual_sample
overturning,-140.625,115.0,-15.46020906725474,-12.68786568327291,1.4620837641512414,-2.8778185929017197,14.095590584179941,simulation_virtual_sample
overturning,-137.8125,100.0,-14.819022507099177,-13.43117909694037,1.349400987856062,2.938485137640092,13.616076766428023,simulation_virtual_sample
overturning,-137.8125,101.5,-14.819022507099177,-13.43117909694037,1.4674109532303365,2.2896939772100304,13.740989995424876,simulation_virtual_sample
overturning,-137.8125,103.0,-14.819022507099177,-13.43117909694037,1.464257840881982,1.6254877886196193,13.7667092434849,simulation_virtual_sample
overturning,-137.8125,104.5,-14.819022507099177,-13.43117909694037,1.4192699908317246,1.0643009025015617,13.80100051049269,simulation_virtual_sample
overturning,-137.8125,106.0,-14.819022507099177,-13.43117909694037,1.4293366235085008,0.5972666134954595,13.822171765889077,simulation_virtual_sample
overturning,-137.8125,107.5,-14.819022507099177,-13.43117909694037,1.5193782924990786,0.09357266997080388,13.744771653932252,simulation_virtual_sample
overturning,-137.8125,109.0,-14.819022507099177,-13.43117909694037,1.5828764944708613,-0.465533040811243,13.739192641387756,simulation_virtual_sample
overturning,-137.8125,110.5,-14.819022507099177,-13.43117909694037,1.5733610570371326,-1.007108618641268,13.686887311690407,simulation_virtual_sample
overturning,-137.8125,112.0,-14.819022507099177,-13.43117909694037,1.5470734270275144,-1.6152621536982774,13.63373173823128,simulation_virtual_sample
overturning,-137.8125,113.5,-14.819022507099177,-13.43117909694037,1.6123173681102507,-2.2528347235245882,13.56216274392451,simulation_virtual_sample
overturning,-137.8125,115.0,-14.819022507099177,-13.43117909694037,1.778067139656702,-2.861815798661305,13.452545599380947,simulation_virtual_sample
overturning,-135.0,100.0,-14.14213562373095,-14.142135623730951,1.0516059511545213,2.941993617656547,13.002863431609079,simulation_virtual_sample
overturning,-135.0,101.5,-14.14213562373095,-14.142135623730951,1.1688700236318965,2.293211244983166,13.12624073349381,simulation_virtual_sample
overturning,-135.0,103.0,-14.14213562373095,-14.142135623730951,1.2861340961092724,1.644428872309785,13.249618035378543,simulation_virtual_sample
overturning,-135.0,104.5,-14.14213562373095,-14.142135623730951,1.3286134014269508,1.0759605005608244,13.273533097073715,simulation_virtual_sample
overturning,-135.0,106.0,-14.14213562373095,-14.142135623730951,1.422310875917038,0.5799053276974468,13.18792920438835,simulation_virtual_sample
overturning,-135.0,107.5,-14.14213562373095,-14.142135623730951,1.513491915663404,0.07859573511897074,13.1088564068183,simulation_virtual_sample
overturning,-135.0,109.0,-14.14213562373095,-14.142135623730951,1.5769752351679136,-0.48054784169663195,13.10166961615871,simulation_virtual_sample
overturning,-135.0,110.5,-14.14213562373095,-14.142135623730951,1.6404585546724229,-1.0396914185122348,13.094482825499119,simulation_virtual_sample
overturning,-135.0,112.0,-14.14213562373095,-14.142135623730951,1.7625712557338964,-1.6278498268930608,13.028693625203726,simulation_virtual_sample
overturning,-135.0,113.5,-14.14213562373095,-14.142135623730951,1.9275501122879766,-2.2368699445711138,12.920645338574783,simulation_virtual_sample
overturning,-135.0,115.0,-14.14213562373095,-14.142135623730951,2.0925289688420574,-2.8458900622491674,12.81259705194584,simulation_virtual_sample
overturning,-132.1875,100.0,-13.431179096940369,-14.81902250709918,0.7538109144529791,2.945502097673002,12.38965009679013,simulation_virtual_sample
overturning,-132.1875,101.5,-13.431179096940369,-14.81902250709918,0.8703290940334559,2.2967285127563017,12.511491471562742,simulation_virtual_sample
overturning,-132.1875,103.0,-13.431179096940369,-14.81902250709918,1.0577547505140192,1.6386297874299378,12.593810506306976,simulation_virtual_sample
overturning,-132.1875,104.5,-13.431179096940369,-14.81902250709918,1.2849796695687281,1.0556669696564271,12.60513145787134,simulation_virtual_sample
overturning,-132.1875,106.0,-13.431179096940369,-14.81902250709918,1.4152837727569283,0.5625406921612911,12.55356427024052,simulation_virtual_sample
overturning,-132.1875,107.5,-13.431179096940369,-14.81902250709918,1.507606647424976,0.06362162091372621,12.473060923340242,simulation_virtual_sample
overturning,-132.1875,109.0,-13.431179096940369,-14.81902250709918,1.5710750872650676,-0.49555981480402006,12.464266657362753,simulation_virtual_sample
overturning,-132.1875,110.5,-13.431179096940369,-14.81902250709918,1.7179068301360167,-1.0277908211302391,12.41567654346095,simulation_virtual_sample
overturning,-132.1875,112.0,-13.431179096940369,-14.81902250709918,1.989356123396042,-1.6052654550027585,12.355712019632982,simulation_virtual_sample
overturning,-132.1875,113.5,-13.431179096940369,-14.81902250709918,2.2427828564657037,-2.2209051656176397,12.279127933225054,simulation_virtual_sample
overturning,-132.1875,115.0,-13.431179096940369,-14.81902250709918,2.4069907980274134,-2.8299643258370297,12.17264850451073,simulation_virtual_sample
overturning,-129.375,100.0,-12.687865683272907,-15.460209067254741,0.4545749749130478,2.949027553723948,11.773469684868536,simulation_virtual_sample
overturning,-129.375,101.5,-12.687865683272907,-15.460209067254741,0.6751855220775966,2.286586172817282,11.83776278726193,simulation_virtual_sample
overturning,-129.375,103.0,-12.687865683272907,-15.460209067254741,0.9512533644673538,1.6169103854286502,11.872431455831775,simulation_virtual_sample
overturning,-129.375,104.5,-12.687865683272907,-15.460209067254741,1.180358726496348,1.030618484005258,11.884681024879177,simulation_virtual_sample
overturning,-129.375,106.0,-12.687865683272907,-15.460209067254741,1.35504419919889,0.5409514160868066,11.870951452589965,simulation_virtual_sample
overturning,-129.375,107.5,-12.687865683272907,-15.460209067254741,1.5016940192305548,0.048577893720748236,11.834309697533406,simulation_virtual_sample
overturning,-129.375,109.0,-12.687865683272907,-15.460209067254741,1.6557669074739605,-0.48129846318632535,11.78293054511358,simulation_virtual_sample
overturning,-129.375,110.5,-12.687865683272907,-15.460209067254741,1.8495676670408865,-0.9983106929708371,11.713590023709477,simulation_virtual_sample
overturning,-129.375,112.0,-12.687865683272907,-15.460209067254741,2.1210950660542522,-1.5758028415349405,11.653399390413128,simulation_virtual_sample
overturning,-129.375,113.5,-12.687865683272907,-15.460209067254741,2.4485415266320327,-2.196806202287463,11.599791482937022,simulation_virtual_sample
overturning,-129.375,115.0,-12.687865683272907,-15.460209067254741,2.7229741735328727,-2.8139615315966156,11.529603519711738,simulation_virtual_sample
overturning,-126.5625,100.0,-11.913986089848667,-16.0641506296129,0.16010506759709675,2.850404812750374,11.074609747228736,simulation_virtual_sample
overturning,-126.5625,101.5,-11.913986089848667,-16.0641506296129,0.568638073637405,2.264857377063675,11.116071736662244,simulation_virtual_sample
overturning,-126.5625,103.0,-11.913986089848667,-16.0641506296129,0.8449451452010976,1.595230376970609,11.152360805874233,simulation_virtual_sample
overturning,-126.5625,104.5,-11.913986089848667,-16.0641506296129,1.0759452027680951,1.0056196589699513,11.165658942195268,simulation_virtual_sample
overturning,-126.5625,106.0,-11.913986089848667,-16.0641506296129,1.2503878432601723,0.5158944518399725,11.150257156236057,simulation_virtual_sample
overturning,-126.5625,107.5,-11.913986089848667,-16.0641506296129,1.5060380200218777,0.03662080734805905,11.094874126437057,simulation_virtual_sample
overturning,-126.5625,109.0,-11.913986089848667,-16.0641506296129,1.7875896438338672,-0.45178208418122295,11.079980690238251,simulation_virtual_sample
overturning,-126.5625,110.5,-11.913986089848667,-16.0641506296129,1.9810465875159653,-0.9688712976503762,11.012473580376168,simulation_virtual_sample
overturning,-126.5625,112.0,-11.913986089848667,-16.0641506296129,2.2526523321681298,-1.546380858921552,10.952055295849338,simulation_virtual_sample
overturning,-126.5625,113.5,-11.913986089848667,-16.0641506296129,2.5804206604320465,-2.167312235923233,10.896731481623489,simulation_virtual_sample
overturning,-126.5625,115.0,-11.913986089848667,-16.0641506296129,3.0008328098964614,-2.72482612545663,10.810568921551239,simulation_virtual_sample
overturning,-123.74999999999999,100.0,-11.11140466039204,-16.62939224605091,-0.13002338009613676,2.711764867120911,10.34848109286681,simulation_virtual_sample
overturning,-123.74999999999999,101.5,-11.11140466039204,-16.62939224605091,0.30920993943121866,2.145851336959138,10.3893940560792,simulation_virtual_sample
overturning,-123.74999999999999,103.0,-11.11140466039204,-16.62939224605091,0.738316587214957,1.5734850401098868,10.43012036592467,simulation_virtual_sample
overturning,-123.74999999999999,104.5,-11.11140466039204,-16.62939224605091,0.9712347721356286,0.9805497480878578,10.444592271674383,simulation_virtual_sample
overturning,-123.74999999999999,106.0,-11.11140466039204,-16.62939224605091,1.2329483937290056,0.5020758738470799,10.387516433092015,simulation_virtual_sample
overturning,-123.74999999999999,107.5,-11.11140466039204,-16.62939224605091,1.5150927138876231,0.026242291020772506,10.321103075253076,simulation_virtual_sample
overturning,-123.74999999999999,109.0,-11.11140466039204,-16.62939224605091,1.824917928932053,-0.45299845492480956,10.321105609608379,simulation_virtual_sample
overturning,-123.74999999999999,110.5,-11.11140466039204,-16.62939224605091,2.112978819502471,-0.9393304015209647,10.308939835824804,simulation_virtual_sample
overturning,-123.74999999999999,112.0,-11.11140466039204,-16.62939224605091,2.3846635292776885,-1.5168573574011728,10.248291252676365,simulation_virtual_sample
overturning,-123.74999999999999,113.5,-11.11140466039204,-16.62939224605091,2.8192649847640574,-2.0645288651729983,10.158808474825033,simulation_virtual_sample
overturning,-123.74999999999999,115.0,-11.11140466039204,-16.62939224605091,3.261152468552085,-2.6071938341264818,10.067106773284594,simulation_virtual_sample
overturning,-120.9375,100.0,-10.282054883864433,-17.154572200005443,-0.41935312207218184,2.573506588708453,9.624351425892247,simulation_virtual_sample
overturning,-120.9375,101.5,-10.282054883864433,-17.154572200005443,0.019171796278517703,2.0072545439977056,9.663491414419653,simulation_virtual_sample
overturning,-120.9375,103.0,-10.282054883864433,-17.154572200005443,0.457696714629217,1.4410024992869583,9.702631402947057,simulation_virtual_sample
overturning,-120.9375,104.5,-10.282054883864433,-17.154572200005443,0.9563929962865807,0.9649250683461016,9.676710013193597,simulation_virtual_sample
overturning,-120.9375,106.0,-10.282054883864433,-17.154572200005443,1.2420017886744215,0.49169884634603606,9.613856381458515,simulation_virtual_sample
overturning,-120.9375,107.5,-10.282054883864433,-17.154572200005443,1.5241224738283066,0.015892354030589327,9.549462758657283,simulation_virtual_sample
overturning,-120.9375,109.0,-10.282054883864433,-17.154572200005443,1.8339753166483728,-0.4633759052329333,9.547461033097944,simulation_virtual_sample
overturning,-120.9375,110.5,-10.282054883864433,-17.154572200005443,2.1462408551221124,-0.9401315173547883,9.543304758595195,simulation_virtual_sample
overturning,-120.9375,112.0,-10.282054883864433,-17.154572200005443,2.6382527795038024,-1.4039805334220525,9.505461200788508,simulation_virtual_sample
overturning,-120.9375,113.5,-10.282054883864433,-17.154572200005443,3.0795041313757534,-1.9469329553295807,9.41557626561658,simulation_virtual_sample
overturning,-120.9375,115.0,-10.282054883864433,-17.154572200005443,3.520755483247704,-2.489885377237109,9.32569133044465,simulation_virtual_sample
overturning,-118.125,100.0,-9.427934736519955,-17.638425286967102,-0.709281617905349,2.4349621914997965,8.89872320772071,simulation_virtual_sample
overturning,-118.125,101.5,-9.427934736519955,-17.638425286967102,-0.2659547020938854,1.869923340503961,8.933754646738807,simulation_virtual_sample
overturning,-118.125,103.0,-9.427934736519955,-17.638425286967102,0.35227436182422595,1.3541454297178595,8.894790196947206,simulation_virtual_sample
overturning,-118.125,104.5,-9.427934736519955,-17.638425286967102,0.8688180780492641,0.8830865643315253,8.861196722332025,simulation_virtual_sample
overturning,-118.125,106.0,-9.427934736519955,-17.638425286967102,1.242405781757998,0.47489670179487037,8.835154121190396,simulation_virtual_sample
overturning,-118.125,107.5,-9.427934736519955,-17.638425286967102,1.5331709134955098,0.005521006283781598,8.776226161520265,simulation_virtual_sample
overturning,-118.125,109.0,-9.427934736519955,-17.638425286967102,1.849147481405039,-0.4672723228766455,8.766750549116209,simulation_virtual_sample
overturning,-118.125,110.5,-9.427934736519955,-17.638425286967102,2.2253037087057983,-0.8759256565825654,8.703463589925214,simulation_virtual_sample
overturning,-118.125,112.0,-9.427934736519955,-17.638425286967102,2.733156061196167,-1.3351603120985776,8.673813134773988,simulation_virtual_sample
overturning,-118.125,113.5,-9.427934736519955,-17.638425286967102,3.3352394152026794,-1.830586834348049,8.668230217362428,simulation_virtual_sample
overturning,-118.125,115.0,-9.427934736519955,-17.638425286967102,3.780895733781256,-2.372334156190287,8.582741564333622,simulation_virtual_sample
overturning,-115.31250000000001,100.0,-8.551101868605645,-18.079785862468864,-0.9829524254474044,2.2869878875904526,8.143262118869732,simulation_virtual_sample
overturning,-115.31250000000001,101.5,-8.551101868605645,-18.079785862468864,-0.35341127076876205,1.788195433808066,8.119343448155247,simulation_virtual_sample
overturning,-115.31250000000001,103.0,-8.551101868605645,-18.079785862468864,0.26503109626134946,1.2726168541539724,8.08236531506619,simulation_virtual_sample
overturning,-115.31250000000001,104.5,-8.551101868605645,-18.079785862468864,0.7816046619345919,0.8015858829893623,8.04904980384767,simulation_virtual_sample
overturning,-115.31250000000001,106.0,-8.551101868605645,-18.079785862468864,1.1549643037517674,0.3931828972845269,8.020883449610425,simulation_virtual_sample
overturning,-115.31250000000001,107.5,-8.551101868605645,-18.079785862468864,1.5405362982258268,-0.0066690277489136465,7.989951593635502,simulation_virtual_sample
overturning,-115.31250000000001,109.0,-8.551101868605645,-18.079785862468864,1.928089763463934,-0.40316437658869575,7.928190145378163,simulation_virtual_sample
overturning,-115.31250000000001,110.5,-8.551101868605645,-18.079785862468864,2.3040399610568136,-0.8119850241991798,7.8670917263524105,simulation_virtual_sample
overturning,-115.31250000000001,112.0,-8.551101868605645,-18.079785862468864,2.81202188131631,-1.2712377047927395,7.8371857325889165,simulation_virtual_sample
overturning,-115.31250000000001,113.5,-8.551101868605645,-18.079785862468864,3.4142981132192256,-1.766507894958033,7.829556720517324,simulation_virtual_sample
overturning,-115.31250000000001,115.0,-8.551101868605645,-18.079785862468864,4.031871180716119,-2.2383250904871326,7.823585731061929,simulation_virtual_sample
overturning,-112.5,100.0,-7.653668647301794,-18.477590650225736,-1.1474253297047856,2.0886176511285655,7.240489998093451,simulation_virtual_sample
overturning,-112.5,101.5,-7.653668647301794,-18.477590650225736,-0.4607900077062441,1.676299418817841,7.282015031193205,simulation_virtual_sample
overturning,-112.5,103.0,-7.653668647301794,-18.477590650225736,0.177727698172754,1.191032084921323,7.269380468358217,simulation_virtual_sample
overturning,-112.5,104.5,-7.653668647301794,-18.477590650225736,0.6943311338679694,0.7200290272045617,7.236343112122966,simulation_virtual_sample
overturning,-112.5,106.0,-7.653668647301794,-18.477590650225736,1.0843856840898178,0.3232844532801238,7.203120939633128,simulation_virtual_sample
overturning,-112.5,107.5,-7.653668647301794,-18.477590650225736,1.539232773536444,-0.028007741225796863,7.158678553648638,simulation_virtual_sample
overturning,-112.5,109.0,-7.653668647301794,-18.477590650225736,1.9911921583901493,-0.35592673741223085,7.0909093233083835,simulation_virtual_sample
overturning,-112.5,110.5,-7.653668647301794,-18.477590650225736,2.3828302464913604,-0.7480005122885433,7.0301458990790335,simulation_virtual_sample
overturning,-112.5,112.0,-7.653668647301794,-18.477590650225736,2.8909421879014867,-1.207270934921896,6.999980325006509,simulation_virtual_sample
overturning,-112.5,113.5,-7.653668647301794,-18.477590650225736,3.520845094807972,-1.660242100609568,6.994485843636265,simulation_virtual_sample
overturning,-112.5,115.0,-7.653668647301794,-18.477590650225736,4.217209078240839,-2.0111182074291745,6.999122812907297,simulation_virtual_sample
overturning,-109.6875,100.0,-6.737797067844399,-18.830881303660416,-1.310993200723701,1.891338972320695,6.342685496632657,simulation_virtual_sample
overturning,-109.6875,101.5,-6.737797067844399,-18.830881303660416,-0.6247583618262106,1.4785377186405042,6.38201232583917,simulation_virtual_sample
overturning,-109.6875,103.0,-6.737797067844399,-18.830881303660416,0.06147647707127992,1.0657364649603132,6.421339155045684,simulation_virtual_sample
overturning,-109.6875,104.5,-6.737797067844399,-18.830881303660416,0.6282354555292464,0.6532442461833108,6.416536171626543,simulation_virtual_sample
overturning,-109.6875,106.0,-6.737797067844399,-18.830881303660416,1.0830859385940006,0.3020076052434093,6.374257935873363,simulation_virtual_sample
overturning,-109.6875,107.5,-6.737797067844399,-18.830881303660416,1.537936421658755,-0.04922903569649229,6.331979700120182,simulation_virtual_sample
overturning,-109.6875,109.0,-6.737797067844399,-18.830881303660416,1.9898924186861764,-0.3772034906363861,6.262050013076092,simulation_virtual_sample
overturning,-109.6875,110.5,-6.737797067844399,-18.830881303660416,2.441844197348327,-0.7051440437379929,6.192080027367465,simulation_virtual_sample
overturning,-109.6875,112.0,-6.737797067844399,-18.830881303660416,3.0097017399441364,-1.0823028714752578,6.165907619112292,simulation_virtual_sample
overturning,-109.6875,113.5,-6.737797067844399,-18.830881303660416,3.7056144350856104,-1.4337322154223906,6.172552113377517,simulation_virtual_sample
overturning,-109.6875,115.0,-6.737797067844399,-18.830881303660416,4.401527130227083,-1.7851615593695234,6.179196607642743,simulation_virtual_sample
overturning,-106.875,100.0,-5.805693545089243,-19.13880671464418,-1.4744484100430033,1.6941961744233809,5.44549938178058,simulation_virtual_sample
overturning,-106.875,101.5,-5.805693545089243,-19.13880671464418,-0.7886137784032307,1.2809122320674742,5.482629521164956,simulation_virtual_sample
overturning,-106.875,103.0,-5.805693545089243,-19.13880671464418,-0.07121444313946194,0.8996932227160181,5.52219775602836,simulation_virtual_sample
overturning,-106.875,104.5,-5.805693545089243,-19.13880671464418,0.5942084462080482,0.5934475425416803,5.556206957644807,simulation_virtual_sample
overturning,-106.875,106.0,-5.805693545089243,-19.13880671464418,1.0817870883322893,0.28074541219882226,5.54596583344139,simulation_virtual_sample
overturning,-106.875,107.5,-5.805693545089243,-19.13880671464418,1.5366409626777275,-0.07043571343904882,5.505850257303777,simulation_virtual_sample
overturning,-106.875,109.0,-5.805693545089243,-19.13880671464418,1.98859357421232,-0.3984655889337177,5.433761601627581,simulation_virtual_sample
overturning,-106.875,110.5,-5.805693545089243,-19.13880671464418,2.469112718075664,-0.6584967909913797,5.340547909063439,simulation_virtual_sample
overturning,-106.875,112.0,-5.805693545089243,-19.13880671464418,3.1522112639630553,-0.8901371868000327,5.324739595123445,simulation_virtual_sample
overturning,-106.875,113.5,-5.805693545089243,-19.13880671464418,3.8902565105906346,-1.2073783449127002,5.351184511726074,simulation_virtual_sample
overturning,-106.875,115.0,-5.805693545089243,-19.13880671464418,4.585718228277466,-1.5593605449306474,5.3598351482495294,simulation_virtual_sample
overturning,-104.0625,100.0,-4.859603598065277,-19.400625063890878,-1.6385811459145097,1.4962362139485792,4.5445944046321465,simulation_virtual_sample
overturning,-104.0625,101.5,-4.859603598065277,-19.400625063890878,-0.9106462169478512,1.1257218899888641,4.585036903585765,simulation_virtual_sample
overturning,-104.0625,103.0,-4.859603598065277,-19.400625063890878,-0.14267181315298696,0.7959556039828102,4.630677820681143,simulation_virtual_sample
overturning,-104.0625,104.5,-4.859603598065277,-19.400625063890878,0.5227755246496715,0.48974541664172716,4.664992047309685,simulation_virtual_sample
overturning,-104.0625,106.0,-4.859603598065277,-19.400625063890878,1.0440835064707552,0.2166519566559893,4.683382460518887,simulation_virtual_sample
overturning,-104.0625,107.5,-4.859603598065277,-19.400625063890878,1.5353401339818973,-0.09173029347186765,4.676296484143935,simulation_virtual_sample
overturning,-104.0625,109.0,-4.859603598065277,-19.400625063890878,2.019008545590179,-0.34430935891883924,4.581008411031408,simulation_virtual_sample
overturning,-104.0625,110.5,-4.859603598065277,-19.400625063890878,2.5291111510501962,-0.5339190712835924,4.468137343845608,simulation_virtual_sample
overturning,-104.0625,112.0,-4.859603598065277,-19.400625063890878,3.212230153205664,-0.7655169927291023,4.4520315843973455,simulation_virtual_sample
overturning,-104.0625,113.5,-4.859603598065277,-19.400625063890878,4.018416609082754,-1.0269813434645225,4.504755486526241,simulation_virtual_sample
overturning,-104.0625,115.0,-4.859603598065277,-19.400625063890878,4.770672803736299,-1.3326235787810008,4.537077411999171,simulation_virtual_sample
overturning,-101.25,100.0,-3.901806440322564,-19.61570560806461,-1.7569200351184906,1.2399522581357307,3.639001341891351,simulation_virtual_sample
overturning,-101.25,101.5,-3.901806440322564,-19.61570560806461,-0.9821303617980842,1.0219454011180966,3.693182918711025,simulation_virtual_sample
overturning,-101.25,103.0,-3.901806440322564,-19.61570560806461,-0.213981611001202,0.6924322218639312,3.7409990324017675,simulation_virtual_sample
overturning,-101.25,104.5,-3.901806440322564,-19.61570560806461,0.4514901247662008,0.3862574540570961,3.7756176541115583,simulation_virtual_sample
overturning,-101.25,106.0,-3.901806440322564,-19.61570560806461,0.9726116962405491,0.11289337446313708,3.7916823654339122,simulation_virtual_sample
overturning,-101.25,107.5,-3.901806440322564,-19.61570560806461,1.5345922564274483,-0.09309187358395449,3.8185267842286565,simulation_virtual_sample
overturning,-101.25,109.0,-3.901806440322564,-19.61570560806461,2.0790398307609306,-0.2196634265679972,3.7081201566198594,simulation_virtual_sample
overturning,-101.25,110.5,-3.901806440322564,-19.61570560806461,2.588985676600378,-0.40959862670142433,3.5975284614510334,simulation_virtual_sample
overturning,-101.25,112.0,-3.901806440322564,-19.61570560806461,3.2721250927780945,-0.6411541615008974,3.5811258707723232,simulation_virtual_sample
overturning,-101.25,113.5,-3.901806440322564,-19.61570560806461,4.078457987201718,-0.9023144546251421,3.6317204750376333,simulation_virtual_sample
overturning,-101.25,115.0,-3.901806440322564,-19.61570560806461,4.892272771476172,-1.0805067172674705,3.6587676269354845,simulation_virtual_sample
overturning,-98.4375,100.0,-2.934609489107233,-19.78353019929562,-1.839708497131604,0.9425602236858774,2.7391706335855823,simulation_virtual_sample
overturning,-98.4375,101.5,-2.934609489107233,-19.78353019929562,-1.0614918562245015,0.7847702222824207,2.7946281588083624,simulation_virtual_sample
overturning,-98.4375,103.0,-2.934609489107233,-19.78353019929562,-0.285488262248738,0.588623059525584,2.8488642521120187,simulation_virtual_sample
overturning,-98.4375,104.5,-2.934609489107233,-19.78353019929562,0.3800079388349155,0.2824838090299633,2.8837881091972157,simulation_virtual_sample
overturning,-98.4375,106.0,-2.934609489107233,-19.78353019929562,0.9457581629458738,0.0827032168755355,2.9123535362790904,simulation_virtual_sample
overturning,-98.4375,107.5,-2.934609489107233,-19.78353019929562,1.5346058671203582,-0.07901335574574224,2.9485636528796264,simulation_virtual_sample
overturning,-98.4375,109.0,-2.934609489107233,-19.78353019929562,2.1015134271790643,-0.16418874470879224,2.8358670096867358,simulation_virtual_sample
overturning,-98.4375,110.5,-2.934609489107233,-19.78353019929562,2.64902548804735,-0.2849349908207313,2.7245162302439563,simulation_virtual_sample
overturning,-98.4375,112.0,-2.934609489107233,-19.78353019929562,3.332185374600997,-0.5164480219642246,2.7078159889209363,simulation_virtual_sample
overturning,-98.4375,113.5,-2.934609489107233,-19.78353019929562,4.1473954106822895,-0.6784391525160546,2.731393378225284,simulation_virtual_sample
overturning,-98.4375,115.0,-2.934609489107233,-19.78353019929562,4.965121139948368,-0.8119418930233087,2.747800843893364,simulation_virtual_sample
overturning,-95.625,100.0,-1.960342806591213,-19.90369453344394,-1.9222121257715956,0.6461913653435646,1.8424357892402352,simulation_virtual_sample
overturning,-95.625,101.5,-1.960342806591213,-19.90369453344394,-1.1441974885271924,0.4876757280392151,1.895697729541313,simulation_virtual_sample
overturning,-95.625,103.0,-1.960342806591213,-19.90369453344394,-0.36618285128278916,0.32916009073486563,1.9489596698423906,simulation_virtual_sample
overturning,-95.625,104.5,-1.960342806591213,-19.90369453344394,0.3569240936523279,0.25852332675142103,2.0046342470429304,simulation_virtual_sample
overturning,-95.625,106.0,-1.960342806591213,-19.90369453344394,0.945771762319031,0.09677002587973016,2.0431139366273197,simulation_virtual_sample
overturning,-95.625,107.5,-1.960342806591213,-19.90369453344394,1.5346194309857342,-0.06498327499196066,2.08159362621171,simulation_virtual_sample
overturning,-95.625,109.0,-1.960342806591213,-19.90369453344394,2.1015270264916213,-0.15012199838823254,1.9666312834861035,simulation_virtual_sample
overturning,-95.625,110.5,-1.960342806591213,-19.90369453344394,2.6684026469796702,-0.23514906525248291,1.8514453174533057,simulation_virtual_sample
overturning,-95.625,112.0,-1.960342806591213,-19.90369453344394,3.402622915080688,-0.27598498882597816,1.8027077932577378,simulation_virtual_sample
overturning,-95.625,113.5,-1.960342806591213,-19.90369453344394,4.220170894490143,-0.4101430269055059,1.8213380158450434,simulation_virtual_sample
overturning,-95.625,115.0,-1.960342806591213,-19.90369453344394,5.037718873899598,-0.5443010649850336,1.839968238432349,simulation_virtual_sample
overturning,-92.8125,100.0,-0.9813534865483602,-19.97590912410345,-2.0048295306693857,0.349413800860854,0.9444643067432194,simulation_virtual_sample
overturning,-92.8125,101.5,-0.9813534865483602,-19.97590912410345,-1.2270171756599237,0.19017152697068812,0.995527634311089,simulation_virtual_sample
overturning,-92.8125,103.0,-0.9813534865483602,-19.97590912410345,-0.39275543002985847,0.1730150148490532,1.0334430037073004,simulation_virtual_sample
overturning,-92.8125,104.5,-0.9813534865483602,-19.97590912410345,0.3482781362335134,0.15850503906390692,1.0898916683134372,simulation_virtual_sample
overturning,-92.8125,106.0,-0.9813534865483602,-19.97590912410345,0.9457853804463426,0.11085623365357954,1.1726756160173442,simulation_virtual_sample
overturning,-92.8125,107.5,-0.9813534865483602,-19.97590912410345,1.5346330135562973,-0.050933846118452815,1.2134280084299973,simulation_virtual_sample
overturning,-92.8125,109.0,-0.9813534865483602,-19.97590912410345,2.1015406445582485,-0.13603585338446167,1.0961968416689285,simulation_virtual_sample
overturning,-92.8125,110.5,-0.9813534865483602,-19.97590912410345,2.679769846162563,-0.12299503109863448,0.9719005561514561,simulation_virtual_sample
overturning,-92.8125,112.0,-0.9813534865483602,-19.97590912410345,3.429245866758607,-0.11859832385209321,0.9149313365517531,simulation_virtual_sample
overturning,-92.8125,113.5,-0.9813534865483602,-19.97590912410345,4.2930467390014435,-0.14147690873030194,0.9100276457126816,simulation_virtual_sample
overturning,-92.8125,115.0,-0.9813534865483602,-19.97590912410345,5.110416723429133,-0.2762911480672714,0.9308836905021399,simulation_virtual_sample
overturning,-90.0,100.0,1.2246467991473533e-15,-20.0,-2.087961526833814,0.050787725849330556,0.04089971365220468,simulation_virtual_sample
overturning,-90.0,101.5,1.2246467991473533e-15,-20.0,-1.2451800499952035,0.055293237799441286,0.07907620916575989,simulation_virtual_sample
overturning,-90.0,103.0,1.2246467991473533e-15,-20.0,-0.402398573156598,0.05979874974954098,0.11725270467931581,simulation_virtual_sample
overturning,-90.0,104.5,1.2246467991473533e-15,-20.0,0.3386382924158888,0.04532750982577265,0.17401483502633172,simulation_virtual_sample
overturning,-90.0,106.0,1.2246467991473533e-15,-20.0,0.9366358288066617,0.004177492281180846,0.2569058846931226,simulation_virtual_sample
overturning,-90.0,107.5,1.2246467991473533e-15,-20.0,1.5346333651974349,-0.0369725252634109,0.3397969343599139,simulation_virtual_sample
overturning,-90.0,109.0,1.2246467991473533e-15,-20.0,2.113553947914555,-0.018325756803054507,0.21767515105962226,simulation_virtual_sample
overturning,-90.0,110.5,1.2246467991473533e-15,-20.0,2.6924467282661335,0.000408158280977454,0.0952545862127443,simulation_virtual_sample
overturning,-90.0,112.0,1.2246467991473533e-15,-20.0,3.4419270710033683,0.004846939438417031,0.03798647705748013,simulation_virtual_sample
overturning,-90.0,113.5,1.2246467991473533e-15,-20.0,4.312747225113125,-0.0008824817627435859,0.027061645064501736,simulation_virtual_sample
overturning,-90.0,115.0,1.2246467991473533e-15,-20.0,5.183567379222888,-0.006611902963895458,0.016136813071520942,simulation_virtual_sample
overturning,-87.1875,100.0,0.9813534865483625,-19.97590912410345,-2.0159079767609787,-0.2579990312973945,-0.875844215931689,simulation_virtual_sample
overturning,-87.1875,101.5,0.9813534865483625,-19.97590912410345,-1.2453901756989856,-0.08076049700268935,-0.8388998767545148,simulation_virtual_sample
overturning,-87.1875,103.0,0.9813534865483625,-19.97590912410345,-0.4120417162833373,-0.05341751534997131,-0.7989375943486692,simulation_virtual_sample
overturning,-87.1875,104.5,0.9813534865483625,-19.97590912410345,0.32899844859826416,-0.0678500194123617,-0.7418619982607745,simulation_virtual_sample
overturning,-87.1875,106.0,0.9813534865483625,-19.97590912410345,0.9274034029179488,-0.1023934694818664,-0.6651237718857568,simulation_virtual_sample
overturning,-87.1875,107.5,0.9813534865483625,-19.97590912410345,1.5330758084259009,-0.020985113528802876,-0.6515111060875538,simulation_virtual_sample
overturning,-87.1875,109.0,0.9813534865483625,-19.97590912410345,2.125481859599918,0.09949539334496114,-0.6672966188410311,simulation_virtual_sample
overturning,-87.1875,110.5,0.9813534865483625,-19.97590912410345,2.705123610369704,0.12381134766058949,-0.7813913837259683,simulation_virtual_sample
overturning,-87.1875,112.0,0.9813534865483625,-19.97590912410345,3.454608275248129,0.12829220272892725,-0.8389583824367925,simulation_virtual_sample
overturning,-87.1875,113.5,0.9813534865483625,-19.97590912410345,4.314062261787747,0.14063878127042106,-0.8517415939461723,simulation_virtual_sample
overturning,-87.1875,115.0,0.9813534865483625,-19.97590912410345,5.09779217512343,0.27107901567557957,-0.8626266920169582,simulation_virtual_sample
overturning,-84.375,100.0,1.9603428065912154,-19.903694533443936,-1.9443004418123937,-0.5648743827782821,-1.7869134541612002,simulation_virtual_sample
overturning,-84.375,101.5,1.9603428065912154,-19.903694533443936,-1.173607315318357,-0.388387208708734,-1.7521997965446867,simulation_virtual_sample
overturning,-84.375,103.0,1.9603428065912154,-19.903694533443936,-0.40291418882432073,-0.21190003463918583,-1.7174861389281735,simulation_virtual_sample
overturning,-84.375,104.5,1.9603428065912154,-19.903694533443936,0.32018612967479637,-0.16765195065391114,-1.66917073109177,simulation_virtual_sample
overturning,-84.375,106.0,1.9603428065912154,-19.903694533443936,0.9258625583074447,-0.08628565199714067,-1.652978789039018,simulation_virtual_sample
overturning,-84.375,107.5,1.9603428065912154,-19.903694533443936,1.531538986940093,-0.004919353340370171,-1.6367868469862654,simulation_virtual_sample
overturning,-84.375,109.0,1.9603428065912154,-19.903694533443936,2.1239410218556287,0.11560313905103792,-1.655147233976551,simulation_virtual_sample
overturning,-84.375,110.5,1.9603428065912154,-19.903694533443936,2.71632371093887,0.2361826968853904,-1.6735579768307118,simulation_virtual_sample
overturning,-84.375,112.0,1.9603428065912154,-19.903694533443936,3.4446706694859395,0.28752193622990185,-1.7184569405535413,simulation_virtual_sample
overturning,-84.375,113.5,1.9603428065912154,-19.903694533443936,4.228609296683772,0.4172864748471938,-1.7272037735279084,simulation_virtual_sample
overturning,-84.375,115.0,1.9603428065912154,-19.903694533443936,5.012547923881606,0.5470510134644857,-1.7359506065022758,simulation_virtual_sample
overturning,-81.5625,100.0,2.9346094891072347,-19.78353019929562,-1.8727915209193666,-0.8713271219882399,-2.6967280167125103,simulation_virtual_sample
overturning,-81.5625,101.5,2.9346094891072347,-19.78353019929562,-1.1019233104420658,-0.6955902734108557,-2.6642419686816834,simulation_virtual_sample
overturning,-81.5625,103.0,2.9346094891072347,-19.78353019929562,-0.3312996352484151,-0.4863090422127079,-2.632850866054732,simulation_virtual_sample
overturning,-81.5625,104.5,2.9346094891072347,-19.78353019929562,0.34187605804394444,-0.2013254796764723,-2.636048859520069,simulation_virtual_sample
overturning,-81.5625,106.0,2.9346094891072347,-19.78353019929562,0.9243238356654753,-0.07020001733450897,-2.6394733852587176,simulation_virtual_sample
overturning,-81.5625,107.5,2.9346094891072347,-19.78353019929562,1.5300042818823882,0.01112428194502069,-2.6207057189923018,simulation_virtual_sample
overturning,-81.5625,109.0,2.9346094891072347,-19.78353019929562,2.1224023060704194,0.1316887020338704,-2.641637434240733,simulation_virtual_sample
overturning,-81.5625,110.5,2.9346094891072347,-19.78353019929562,2.697283011098391,0.2821066198929317,-2.6348763521040466,simulation_virtual_sample
overturning,-81.5625,112.0,2.9346094891072347,-19.78353019929562,3.3649826924987187,0.5311671016767207,-2.6000005757555753,simulation_virtual_sample
overturning,-81.5625,113.5,2.9346094891072347,-19.78353019929562,4.143274012818993,0.6935531840618611,-2.6014603135623813,simulation_virtual_sample
overturning,-81.5625,115.0,2.9346094891072347,-19.78353019929562,4.927421066449443,0.8226429574232758,-2.6080718261443074,simulation_virtual_sample
overturning,-78.75,100.0,3.9018064403225665,-19.61570560806461,-1.8010357244951416,-1.1788378506327288,-3.6096835993018312,simulation_virtual_sample
overturning,-78.75,101.5,3.9018064403225665,-19.61570560806461,-1.0305010700259138,-0.9504739007220675,-3.5795804791981616,simulation_virtual_sample
overturning,-78.75,103.0,3.9018064403225665,-19.61570560806461,-0.26089814052942883,-0.6244446833359526,-3.549747462203337,simulation_virtual_sample
overturning,-78.75,104.5,3.9018064403225665,-19.61570560806461,0.41225346556540804,-0.3394138590123652,-3.5526317482749974,simulation_virtual_sample
overturning,-78.75,106.0,3.9018064403225665,-19.61570560806461,0.9498073979714132,-0.1120212974745436,-3.60151219104752,simulation_virtual_sample
overturning,-78.75,107.5,3.9018064403225665,-19.61570560806461,1.528464278449018,0.027223305857927704,-3.608021446819243,simulation_virtual_sample
overturning,-78.75,109.0,3.9018064403225665,-19.61570560806461,2.1005653673300544,0.1823576458335308,-3.597306442246222,simulation_virtual_sample
overturning,-78.75,110.5,3.9018064403225665,-19.61570560806461,2.641503134202954,0.39053990286532586,-3.5341280468164107,simulation_virtual_sample
overturning,-78.75,112.0,3.9018064403225665,-19.61570560806461,3.3091837976380054,0.6396373546197377,-3.499558867370892,simulation_virtual_sample
overturning,-78.75,113.5,3.9018064403225665,-19.61570560806461,4.067017335916841,0.9178379950268434,-3.4853395705457832,simulation_virtual_sample
overturning,-78.75,115.0,3.9018064403225665,-19.61570560806461,4.842000319277576,1.0991863478129313,-3.4832039343115655,simulation_virtual_sample
overturning,-75.9375,100.0,4.85960359806528,-19.400625063890878,-1.6870979810073876,-1.4394532951192256,-4.496968691573487,simulation_virtual_sample
overturning,-75.9375,101.5,4.85960359806528,-19.400625063890878,-0.9601217338611772,-1.0885660642727146,-4.496188486261435,simulation_virtual_sample
overturning,-75.9375,103.0,4.85960359806528,-19.400625063890878,-0.19069045678202265,-0.7622000455613872,-4.464119898590174,simulation_virtual_sample
overturning,-75.9375,104.5,4.85960359806528,-19.400625063890878,0.48243712842586023,-0.4771220895592327,-4.466691340885257,simulation_virtual_sample
overturning,-75.9375,106.0,4.85960359806528,-19.400625063890878,1.0201745901513386,-0.2500896331628079,-4.517962037003821,simulation_virtual_sample
overturning,-75.9375,107.5,4.85960359806528,-19.400625063890878,1.5280718983373334,0.027956497437196977,-4.529494862676387,simulation_virtual_sample
overturning,-75.9375,109.0,4.85960359806528,-19.400625063890878,2.0447934117559283,0.29077553015459884,-4.496430433886967,simulation_virtual_sample
overturning,-75.9375,110.5,4.85960359806528,-19.400625063890878,2.5858768158673007,0.4986746756994285,-4.430904157092069,simulation_virtual_sample
overturning,-75.9375,112.0,4.85960359806528,-19.400625063890878,3.253538513692362,0.7478089956484149,-4.396640730507142,simulation_virtual_sample
overturning,-75.9375,113.5,4.85960359806528,-19.400625063890878,4.011236003507661,1.0262741074449484,-4.3846147302292415,simulation_virtual_sample
overturning,-75.9375,115.0,4.85960359806528,-19.400625063890878,4.713010530602659,1.366581876024656,-4.345353922445051,simulation_virtual_sample
overturning,-73.125,100.0,5.805693545089246,-19.13880671464418,-1.5184623472036256,-1.6339676448560438,-5.337896437951507,simulation_virtual_sample
overturning,-73.125,101.5,5.805693545089246,-19.13880671464418,-0.8361394998770417,-1.2575272406573532,-5.372388000030743,simulation_virtual_sample
overturning,-73.125,103.0,5.805693545089246,-19.13880671464418,-0.12033748164094187,-0.9002404858223813,-5.380384584351002,simulation_virtual_sample
overturning,-73.125,104.5,5.805693545089246,-19.13880671464418,0.5527660329699274,-0.6151153006049386,-5.3826425354544964,simulation_virtual_sample
overturning,-73.125,106.0,5.805693545089246,-19.13880671464418,1.057011231513549,-0.33082485902623715,-5.3892751597896345,simulation_virtual_sample
overturning,-73.125,107.5,5.805693545089246,-19.13880671464418,1.5287631966135555,0.009060448175612704,-5.350526644570012,simulation_virtual_sample
overturning,-73.125,109.0,5.805693545089246,-19.13880671464418,2.0162861921181374,0.33770010125640254,-5.358627991062805,simulation_virtual_sample
overturning,-73.125,110.5,5.805693545089246,-19.13880671464418,2.530135381565922,0.6070332281971115,-5.329536101998943,simulation_virtual_sample
overturning,-73.125,112.0,5.805693545089246,-19.13880671464418,3.197778074532583,0.8562044926376117,-5.295579061015316,simulation_virtual_sample
overturning,-73.125,113.5,5.805693545089246,-19.13880671464418,3.884812941520006,1.2127860339215952,-5.248621822612849,simulation_virtual_sample
overturning,-73.125,115.0,5.805693545089246,-19.13880671464418,4.527678649826154,1.6181243037843571,-5.178411413263006,simulation_virtual_sample
overturning,-70.3125,100.0,6.737797067844401,-18.830881303660416,-1.3505228275476189,-1.8276790552155846,-6.175352903151937,simulation_virtual_sample
overturning,-70.3125,101.5,6.737797067844401,-18.830881303660416,-0.6677887934812313,-1.4517129382094003,-6.211894911691655,simulation_virtual_sample
overturning,-70.3125,103.0,6.737797067844401,-18.830881303660416,0.014945240585156143,-1.075746821203216,-6.24843692023137,simulation_virtual_sample
overturning,-70.3125,104.5,6.737797067844401,-18.830881303660416,0.5859513155176012,-0.6896267387287388,-6.24994718994764,simulation_virtual_sample
overturning,-70.3125,106.0,6.737797067844401,-18.830881303660416,1.0577014783922274,-0.3496921692319613,-6.2090582320765,simulation_virtual_sample
overturning,-70.3125,107.5,6.737797067844401,-18.830881303660416,1.529451641266854,-0.009757599735183748,-6.1681692742053595,simulation_virtual_sample
overturning,-70.3125,109.0,6.737797067844401,-18.830881303660416,2.0169764359209807,0.31883287512600605,-6.178407410283618,simulation_virtual_sample
overturning,-70.3125,110.5,6.737797067844401,-18.830881303660416,2.5045242202036677,0.6474068173336501,-6.188720057952109,simulation_virtual_sample
overturning,-70.3125,112.0,6.737797067844401,-18.830881303660416,3.0564765924439286,1.0591785243680976,-6.152513441978142,simulation_virtual_sample
overturning,-70.3125,113.5,6.737797067844401,-18.830881303660416,3.6997941981938087,1.463903454639103,-6.080271776327409,simulation_virtual_sample
overturning,-70.3125,115.0,6.737797067844401,-18.830881303660416,4.34311180394369,1.8686283849101086,-6.0080301106766765,simulation_virtual_sample
overturning,-67.5,100.0,7.653668647301797,-18.477590650225736,-1.1824675553757058,-2.0215239813976957,-7.013386586228229,simulation_virtual_sample
overturning,-67.5,101.5,7.653668647301797,-18.477590650225736,-0.4993220511585599,-1.6460324784870348,-7.051980454501113,simulation_virtual_sample
overturning,-67.5,103.0,7.653668647301797,-18.477590650225736,0.13396416636261496,-1.1995740259155239,-7.0523650702427165,simulation_virtual_sample
overturning,-67.5,104.5,7.653668647301797,-18.477590650225736,0.6531242903775915,-0.7556192431782509,-7.041638247061303,simulation_virtual_sample
overturning,-67.5,106.0,7.653668647301797,-18.477590650225736,1.0583922010243973,-0.3685724837539367,-7.029406340831902,simulation_virtual_sample
overturning,-67.5,107.5,7.653668647301797,-18.477590650225736,1.5301405604314577,-0.0285886180081354,-6.98637546500657,simulation_virtual_sample
overturning,-67.5,109.0,7.653668647301797,-18.477590650225736,2.0176671554751957,0.2999526447373068,-6.998751863455087,simulation_virtual_sample
overturning,-67.5,110.5,7.653668647301797,-18.477590650225736,2.4278116702189436,0.691831577765016,-6.99671824244379,simulation_virtual_sample
overturning,-67.5,112.0,7.653668647301797,-18.477590650225736,2.922982177821674,1.1942496922988666,-6.967111918585741,simulation_virtual_sample
overturning,-67.5,113.5,7.653668647301797,-18.477590650225736,3.5146479304762495,1.7151939583408624,-6.912494945772804,simulation_virtual_sample
overturning,-67.5,115.0,7.653668647301797,-18.477590650225736,4.158417745140719,2.1193051262750604,-6.838220623775333,simulation_virtual_sample
overturning,-64.68750000000001,100.0,8.55110186860564,-18.079785862468867,-1.0134824208398252,-2.2164414660242597,-7.8560571722208,simulation_virtual_sample
overturning,-64.68750000000001,101.5,8.55110186860564,-18.079785862468867,-0.38949536759824016,-1.756822146427286,-7.84814187918333,simulation_virtual_sample
overturning,-64.68750000000001,103.0,8.55110186860564,-18.079785862468867,0.2229922907084756,-1.2808712661717045,-7.83085051922962,simulation_virtual_sample
overturning,-64.68750000000001,104.5,8.55110186860564,-18.079785862468867,0.7420296475772448,-0.8369204383817345,-7.819864706217382,simulation_virtual_sample
overturning,-64.68750000000001,106.0,8.55110186860564,-18.079785862468867,1.1301659622367612,-0.4377938664159249,-7.817711424011761,simulation_virtual_sample
overturning,-64.68750000000001,107.5,8.55110186860564,-18.079785862468867,1.5308332914372171,-0.04752382971067071,-7.809108851729449,simulation_virtual_sample
overturning,-64.68750000000001,109.0,8.55110186860564,-18.079785862468867,1.93570950554582,0.34869831145422125,-7.8045183093187545,simulation_virtual_sample
overturning,-64.68750000000001,110.5,8.55110186860564,-18.079785862468867,2.325724408260511,0.7571007656756441,-7.796572122621856,simulation_virtual_sample
overturning,-64.68750000000001,112.0,8.55110186860564,-18.079785862468867,2.8208601095475787,1.2595411335240998,-7.767238506309335,simulation_virtual_sample
overturning,-64.68750000000001,113.5,8.55110186860564,-18.079785862468867,3.390768776059781,1.828871153477293,-7.722691901200854,simulation_virtual_sample
overturning,-64.68750000000001,115.0,8.55110186860564,-18.079785862468867,3.972701760325492,2.371368880759594,-7.673004642945397,simulation_virtual_sample
overturning,-61.87499999999999,100.0,9.427934736519957,-17.6384252869671,-0.7527007603085876,-2.3555440465502926,-8.594096277429228,simulation_virtual_sample
overturning,-61.87499999999999,101.5,9.427934736519957,-17.6384252869671,-0.30031114726082886,-1.838261927857071,-8.627992272775773,simulation_virtual_sample
overturning,-61.87499999999999,103.0,9.427934736519957,-17.6384252869671,0.31195891409919807,-1.3621123459958573,-8.608798187610386,simulation_virtual_sample
overturning,-61.87499999999999,104.5,9.427934736519957,-17.6384252869671,0.83087395898983,-0.9181658091039144,-8.597556805597932,simulation_virtual_sample
overturning,-61.87499999999999,106.0,9.427934736519957,-17.6384252869671,1.2192425097366584,-0.5192516098461463,-8.59743638478121,simulation_virtual_sample
overturning,-61.87499999999999,107.5,9.427934736519957,-17.6384252869671,1.5235808466561298,-0.046941037566077405,-8.62821116887184,simulation_virtual_sample
overturning,-61.87499999999999,109.0,9.427934736519957,-17.6384252869671,1.8334254647014696,0.4140933093614682,-8.605913952420218,simulation_virtual_sample
overturning,-61.87499999999999,110.5,9.427934736519957,-17.6384252869671,2.223707461605257,0.8223249977058998,-8.595875082273658,simulation_virtual_sample
overturning,-61.87499999999999,112.0,9.427934736519957,-17.6384252869671,2.718808380550432,1.3247876035414021,-8.566813985672125,simulation_virtual_sample
overturning,-61.87499999999999,113.5,9.427934736519957,-17.6384252869671,3.288467538390077,1.894277146123785,-8.524222281459746,simulation_virtual_sample
overturning,-61.87499999999999,115.0,9.427934736519957,-17.6384252869671,3.7460859369845454,2.509063285884448,-8.46205434556191,simulation_virtual_sample
overturning,-59.0625,100.0,10.282054883864433,-17.154572200005443,-0.4784680026534244,-2.4843768457566213,-9.309530581351293,simulation_virtual_sample
overturning,-59.0625,101.5,10.282054883864433,-17.154572200005443,-0.03056584002856864,-1.9660830382412786,-9.346892770483317,simulation_virtual_sample
overturning,-59.0625,103.0,10.282054883864433,-17.154572200005443,0.4173363225962865,-1.4477892307259357,-9.384254959615339,simulation_virtual_sample
overturning,-59.0625,104.5,10.282054883864433,-17.154572200005443,0.9200867238819196,-0.9997481191197901,-9.378474135220513,simulation_virtual_sample
overturning,-59.0625,106.0,10.282054883864433,-17.154572200005443,1.2191201446605333,-0.5227951295355673,-9.409236520739771,simulation_virtual_sample
overturning,-59.0625,107.5,10.282054883864433,-17.154572200005443,1.514759344740931,-0.042876753535027005,-9.441091864737857,simulation_virtual_sample
overturning,-59.0625,109.0,10.282054883864433,-17.154572200005443,1.8163414636648598,0.42357552505709084,-9.419654608497508,simulation_virtual_sample
overturning,-59.0625,110.5,10.282054883864433,-17.154572200005443,2.1212676517667406,0.8878195860572029,-9.398491175723239,simulation_virtual_sample
overturning,-59.0625,112.0,10.282054883864433,-17.154572200005443,2.6049423939639382,1.394898184639204,-9.367315769914086,simulation_virtual_sample
overturning,-59.0625,113.5,10.282054883864433,-17.154572200005443,3.059597566531277,2.0108236563816044,-9.302631197455232,simulation_virtual_sample
overturning,-59.0625,115.0,10.282054883864433,-17.154572200005443,3.5142527390986165,2.6267491281240045,-9.237946624996379,simulation_virtual_sample
overturning,-56.25000000000001,100.0,11.111404660392042,-16.629392246050905,-0.2048015843672931,-2.6129435823421425,-10.023487386320529,simulation_virtual_sample
overturning,-56.25000000000001,101.5,11.111404660392042,-16.629392246050905,0.24377111864932613,-2.0949647904230053,-10.06259892006964,simulation_virtual_sample
overturning,-56.25000000000001,103.0,11.111404660392042,-16.629392246050905,0.6849823028354576,-1.5705938070227237,-10.101746231168866,simulation_virtual_sample
overturning,-56.25000000000001,104.5,11.111404660392042,-16.629392246050905,0.9418343462718796,-1.0021669903831365,-10.175598065749664,simulation_virtual_sample
overturning,-56.25000000000001,106.0,11.111404660392042,-16.629392246050905,1.2102938332642783,-0.5187286296576868,-10.222560398996434,simulation_virtual_sample
overturning,-56.25000000000001,107.5,11.111404660392042,-16.629392246050905,1.5059560607945532,-0.03882086297262486,-10.252293817537836,simulation_virtual_sample
overturning,-56.25000000000001,109.0,11.111404660392042,-16.629392246050905,1.807515173595488,0.4276420151091492,-10.232976521531947,simulation_virtual_sample
overturning,-56.25000000000001,110.5,11.111404660392042,-16.629392246050905,2.0894262134290096,0.8978319995056975,-10.19675511706765,simulation_virtual_sample
overturning,-56.25000000000001,112.0,11.111404660392042,-16.629392246050905,2.378701750632308,1.5077869871400076,-10.14224089774617,simulation_virtual_sample
overturning,-56.25000000000001,113.5,11.111404660392042,-16.629392246050905,2.827676692238603,2.128554005930151,-10.078816909615052,simulation_virtual_sample
overturning,-56.25000000000001,115.0,11.111404660392042,-16.629392246050905,3.282898317957428,2.7441919281894327,-10.012236549016677,simulation_virtual_sample
overturning,-53.43749999999999,100.0,11.91398608984867,-16.064150629612897,0.06962030043739983,-2.7418652322761816,-10.739415096106043,simulation_virtual_sample
overturning,-53.43749999999999,101.5,11.91398608984867,-16.064150629612897,0.4964018414116272,-2.204799735317703,-10.779713961550177,simulation_virtual_sample
overturning,-53.43749999999999,103.0,11.91398608984867,-16.064150629612897,0.8289785622733474,-1.5863661001816904,-10.817635676211909,simulation_virtual_sample
overturning,-53.43749999999999,104.5,11.91398608984867,-16.064150629612897,1.0857848411298225,-1.0179324169182995,-10.891246874468848,simulation_virtual_sample
overturning,-53.43749999999999,106.0,11.91398608984867,-16.064150629612897,1.2368828229222109,-0.5192542956638402,-11.014648920371695,simulation_virtual_sample
overturning,-53.43749999999999,107.5,11.91398608984867,-16.064150629612897,1.4971284750492313,-0.034753775970622895,-11.06573512406989,simulation_virtual_sample
overturning,-53.43749999999999,109.0,11.91398608984867,-16.064150629612897,1.773315739304003,0.4365483470354517,-11.025789467498834,simulation_virtual_sample
overturning,-53.43749999999999,110.5,11.91398608984867,-16.064150629612897,1.9708441619784451,0.922816028034875,-10.91516325281326,simulation_virtual_sample
overturning,-53.43749999999999,112.0,11.91398608984867,-16.064150629612897,2.2599663341272396,1.5326271258380133,-10.860824231132908,simulation_virtual_sample
overturning,-53.43749999999999,113.5,11.91398608984867,-16.064150629612897,2.6145436782108384,2.230725422655368,-10.846709437819962,simulation_virtual_sample
overturning,-53.43749999999999,115.0,11.91398608984867,-16.064150629612897,3.050905234169255,2.8619589335550626,-10.788663929714785,simulation_virtual_sample
overturning,-50.625,100.0,12.68786568327291,-15.46020906725474,0.35060350162811843,-2.8413782019109233,-11.445306291078134,simulation_virtual_sample
overturning,-50.625,101.5,12.68786568327291,-15.46020906725474,0.6402537162695342,-2.220556213649729,-11.494885586580118,simulation_virtual_sample
overturning,-50.625,103.0,12.68786568327291,-15.46020906725474,0.9724792765821042,-1.6020841149650893,-11.531061477207018,simulation_virtual_sample
overturning,-50.625,104.5,12.68786568327291,-15.46020906725474,1.2292399291047988,-1.0336435866006037,-11.604432771574036,simulation_virtual_sample
overturning,-50.625,106.0,12.68786568327291,-15.46020906725474,1.3807128173184862,-0.5350065250149453,-11.729698661946804,simulation_virtual_sample
overturning,-50.625,107.5,12.68786568327291,-15.46020906725474,1.4954903885760824,-0.0306370232847347,-11.817860664884003,simulation_virtual_sample
overturning,-50.625,109.0,12.68786568327291,-15.46020906725474,1.6548320452153773,0.4615116526718587,-11.743601722770444,simulation_virtual_sample
overturning,-50.625,110.5,12.68786568327291,-15.46020906725474,1.8526696583653093,0.9477141903922942,-11.631102332925813,simulation_virtual_sample
overturning,-50.625,112.0,12.68786568327291,-15.46020906725474,2.1416398529082996,1.5573817128992375,-11.57693269990304,simulation_virtual_sample
overturning,-50.625,113.5,12.68786568327291,-15.46020906725474,2.495927708097411,2.255540572474548,-11.564569885072192,simulation_virtual_sample
overturning,-50.625,115.0,12.68786568327291,-15.46020906725474,2.7956479556747227,2.944112739724335,-11.533713702207164,simulation_virtual_sample
overturning,-47.8125,100.0,13.43117909694037,-14.81902250709918,0.6421850588053463,-2.8652628316645807,-12.111480508464945,simulation_virtual_sample
overturning,-47.8125,101.5,13.43117909694037,-14.81902250709918,0.8433967351878836,-2.2395786854806947,-12.190758820485046,simulation_virtual_sample
overturning,-47.8125,103.0,13.43117909694037,-14.81902250709918,1.1161777582886732,-1.6178237917374019,-12.245470495358044,simulation_virtual_sample
overturning,-47.8125,104.5,13.43117909694037,-14.81902250709918,1.3728927023435777,-1.0493764067295193,-12.318601459489923,simulation_virtual_sample
overturning,-47.8125,106.0,13.43117909694037,-14.81902250709918,1.480890249406613,-0.5439425179818255,-12.400351544425332,simulation_virtual_sample
overturning,-47.8125,107.5,13.43117909694037,-14.81902250709918,1.510526245318224,-0.02628918763036731,-12.401003361444639,simulation_virtual_sample
overturning,-47.8125,109.0,13.43117909694037,-14.81902250709918,1.5819376516206023,0.4794386788542281,-12.4157684719606,simulation_virtual_sample
overturning,-47.8125,110.5,13.43117909694037,-14.81902250709918,1.734331753346605,0.9726467797589318,-12.348031351209588,simulation_virtual_sample
overturning,-47.8125,112.0,13.43117909694037,-14.81902250709918,2.0231506207913634,1.5821703483935108,-12.294026132437454,simulation_virtual_sample
overturning,-47.8125,113.5,13.43117909694037,-14.81902250709918,2.3013347638171786,2.2669697480170763,-12.256050462609183,simulation_virtual_sample
overturning,-47.8125,115.0,13.43117909694037,-14.81902250709918,2.4874759625384835,2.9354762608418237,-12.184849168822497,simulation_virtual_sample
overturning,-45.0,100.0,14.142135623730951,-14.14213562373095,0.932362571087415,-2.8890324503976412,-12.774446914911092,simulation_virtual_sample
overturning,-45.0,101.5,14.142135623730951,-14.14213562373095,1.1342852268002772,-2.263406543418702,-12.855349596124988,simulation_virtual_sample
overturning,-45.0,103.0,14.142135623730951,-14.14213562373095,1.3362078825131398,-1.637780636439763,-12.936252277338884,simulation_virtual_sample
overturning,-45.0,104.5,14.142135623730951,-14.14213562373095,1.4662961843499003,-1.057246256261276,-12.98307799913562,simulation_virtual_sample
overturning,-45.0,106.0,14.142135623730951,-14.14213562373095,1.4958947419513773,-0.539603751739196,-12.982277828582763,simulation_virtual_sample
overturning,-45.0,107.5,14.142135623730951,-14.14213562373095,1.525493299552854,-0.021961247217115783,-12.981477658029902,simulation_virtual_sample
overturning,-45.0,109.0,14.142135623730951,-14.14213562373095,1.596962577787762,0.48377159070142184,-12.99770023503565,simulation_virtual_sample
overturning,-45.0,110.5,14.142135623730951,-14.14213562373095,1.66844590001045,0.9895004339618857,-13.013928521693751,simulation_virtual_sample
overturning,-45.0,112.0,14.142135623730951,-14.14213562373095,1.8070017892621224,1.589826201902367,-12.978429021799744,simulation_virtual_sample
overturning,-45.0,113.5,14.142135623730951,-14.14213562373095,1.9938948455216483,2.258353785434044,-12.90563913099619,simulation_virtual_sample
overturning,-45.0,115.0,14.142135623730951,-14.14213562373095,2.1807879017811738,2.9268813689657214,-12.832849240192642,simulation_virtual_sample
overturning,-42.18750000000001,100.0,14.81902250709918,-13.43117909694037,1.2225400833694846,-2.9128020691307013,-13.437413321357242,simulation_virtual_sample
overturning,-42.18750000000001,101.5,14.81902250709918,-13.43117909694037,1.4251737184126714,-2.287234401356709,-13.51994037176493,simulation_virtual_sample
overturning,-42.18750000000001,103.0,14.81902250709918,-13.43117909694037,1.5341025364984444,-1.6423342818680193,-13.574584216765665,simulation_virtual_sample
overturning,-42.18750000000001,104.5,14.81902250709918,-13.43117909694037,1.5332368746345773,-1.045679813945038,-13.582420218519315,simulation_virtual_sample
overturning,-42.18750000000001,106.0,14.81902250709918,-13.43117909694037,1.510902835341172,-0.5352639442600958,-13.56434376600485,simulation_virtual_sample
overturning,-42.18750000000001,107.5,14.81902250709918,-13.43117909694037,1.5404703743144734,-0.017634090148171834,-13.562094313322895,simulation_virtual_sample
overturning,-42.18750000000001,109.0,14.81902250709918,-13.43117909694037,1.6119911831399414,0.4881055635577799,-13.579774496955721,simulation_virtual_sample
overturning,-42.18750000000001,110.5,14.81902250709918,-13.43117909694037,1.6029413150980405,0.9773913912153338,-13.594355932477571,simulation_virtual_sample
overturning,-42.18750000000001,112.0,14.81902250709918,-13.43117909694037,1.593064495314756,1.5747199050279985,-13.594182668537115,simulation_virtual_sample
overturning,-42.18750000000001,113.5,14.81902250709918,-13.43117909694037,1.6864549272261162,2.249737822851011,-13.555227799383205,simulation_virtual_sample
overturning,-42.18750000000001,115.0,14.81902250709918,-13.43117909694037,1.8740998410238632,2.918286477089619,-13.480849311562787,simulation_virtual_sample
overturning,-39.37499999999999,100.0,15.46020906725474,-12.687865683272907,1.5141216405467108,-2.9366866988843587,-14.103587538744048,simulation_virtual_sample
overturning,-39.37499999999999,101.5,15.46020906725474,-12.687865683272907,1.6009564009207407,-2.2872594884469004,-14.15115885318066,simulation_virtual_sample
overturning,-39.37499999999999,103.0,15.46020906725474,-12.687865683272907,1.632122046088281,-1.6264044194841243,-14.181248732193728,simulation_virtual_sample
overturning,-39.37499999999999,104.5,15.46020906725474,-12.687865683272907,1.6311964480210543,-1.029809524602849,-14.188862436449341,simulation_virtual_sample
overturning,-39.37499999999999,106.0,15.46020906725474,-12.687865683272907,1.5856226188346558,-0.5226191779704457,-14.16520525980126,simulation_virtual_sample
overturning,-39.37499999999999,107.5,15.46020906725474,-12.687865683272907,1.5555377267243276,-0.013288943354360231,-14.145669291009263,simulation_virtual_sample
overturning,-39.37499999999999,109.0,15.46020906725474,-12.687865683272907,1.534218303424931,0.47348927259768936,-14.15887250325239,simulation_virtual_sample
overturning,-39.37499999999999,110.5,15.46020906725474,-12.687865683272907,1.4890027199590286,0.95538618578898,-14.170548402695974,simulation_virtual_sample
overturning,-39.37499999999999,112.0,15.46020906725474,-12.687865683272907,1.4791315513086754,1.5528498171514677,-14.170552475286796,simulation_virtual_sample
overturning,-39.37499999999999,113.5,15.46020906725474,-12.687865683272907,1.4945928679789227,2.23314385345629,-14.162190972044622,simulation_virtual_sample
overturning,-39.37499999999999,115.0,15.46020906725474,-12.687865683272907,1.565927847887625,2.9096499982071076,-14.131984778178118,simulation_virtual_sample
overturning,-36.5625,100.0,16.0641506296129,-11.913986089848667,1.8046530139161652,-2.8537868882934716,-14.64894757429336,simulation_virtual_sample
overturning,-36.5625,101.5,16.0641506296129,-11.913986089848667,1.6990799159766616,-2.271312723379359,-14.758467081538408,simulation_virtual_sample
overturning,-36.5625,103.0,16.0641506296129,-11.913986089848667,1.7300058212218408,-1.6104966162925107,-14.787073156924661,simulation_virtual_sample
overturning,-36.5625,104.5,16.0641506296129,-11.913986089848667,1.7290207191997717,-1.0139611553763925,-14.794467033633095,simulation_virtual_sample
overturning,-36.5625,106.0,16.0641506296129,-11.913986089848667,1.6837023358108014,-0.5067294243383994,-14.772391255419063,simulation_virtual_sample
overturning,-36.5625,107.5,16.0641506296129,-11.913986089848667,1.554882828511075,-0.02086566753831293,-14.686638546598841,simulation_virtual_sample
overturning,-36.5625,109.0,16.0641506296129,-11.913986089848667,1.420140222023002,0.4514571278899984,-14.735770361616872,simulation_virtual_sample
overturning,-36.5625,110.5,16.0641506296129,-11.913986089848667,1.3752214710470465,0.933411368977166,-14.745945166146875,simulation_virtual_sample
overturning,-36.5625,112.0,16.0641506296129,-11.913986089848667,1.3653551205535404,1.5310097728991228,-14.746130504794271,simulation_virtual_sample
overturning,-36.5625,113.5,16.0641506296129,-11.913986089848667,1.380538089339025,2.2112503787168016,-14.739177122073773,simulation_virtual_sample
overturning,-36.5625,115.0,16.0641506296129,-11.913986089848667,1.2938207605134813,2.818100840630233,-14.6781427188767,simulation_virtual_sample
overturning,-33.74999999999999,100.0,16.629392246050905,-11.111404660392042,2.092360901571749,-2.7288864796439656,-15.141500862061438,simulation_virtual_sample
overturning,-33.74999999999999,101.5,16.629392246050905,-11.111404660392042,1.954689848833581,-2.1649331669554748,-15.271673002081531,simulation_virtual_sample
overturning,-33.74999999999999,103.0,16.629392246050905,-11.111404660392042,1.8282267771505243,-1.5945340154010597,-15.394984468485992,simulation_virtual_sample
overturning,-33.74999999999999,104.5,16.629392246050905,-11.111404660392042,1.8271823170159922,-0.9980581363474215,-15.402159932216524,simulation_virtual_sample
overturning,-33.74999999999999,106.0,16.629392246050905,-11.111404660392042,1.697231922827368,-0.5124724244293577,-15.314888672656185,simulation_virtual_sample
overturning,-33.74999999999999,107.5,16.629392246050905,-11.111404660392042,1.550853991906114,-0.03108367257740348,-15.214693738774526,simulation_virtual_sample
overturning,-33.74999999999999,109.0,16.629392246050905,-11.111404660392042,1.3970275511597197,0.43918672996392977,-15.272947644588303,simulation_virtual_sample
overturning,-33.74999999999999,110.5,16.629392246050905,-11.111404660392042,1.2610478447852234,0.911360771485615,-15.32332619905614,simulation_virtual_sample
overturning,-33.74999999999999,112.0,16.629392246050905,-11.111404660392042,1.2511855001828223,1.5090942536248688,-15.32369762204741,simulation_virtual_sample
overturning,-33.74999999999999,113.5,16.629392246050905,-11.111404660392042,1.1486802893547319,2.1044453846985576,-15.252922850344847,simulation_virtual_sample
overturning,-33.74999999999999,115.0,16.629392246050905,-11.111404660392042,1.0383816595587856,2.694165242781463,-15.177817921800242,simulation_virtual_sample
overturning,-30.937499999999996,100.0,17.154572200005443,-10.282054883864433,2.3792767471625953,-2.6043299141138103,-15.632698181016092,simulation_virtual_sample
overturning,-30.937499999999996,101.5,17.154572200005443,-10.282054883864433,2.2423091218733253,-2.0400712278864197,-15.764074582432993,simulation_virtual_sample
overturning,-30.937499999999996,103.0,17.154572200005443,-10.282054883864433,2.105341496584056,-1.4758125416590295,-15.895450983849896,simulation_virtual_sample
overturning,-30.937499999999996,104.5,17.154572200005443,-10.282054883864433,1.8529095009594874,-0.9907998065103848,-15.922250488031802,simulation_virtual_sample
overturning,-30.937499999999996,106.0,17.154572200005443,-10.282054883864433,1.6931991629902319,-0.5227003796377072,-15.843458078567341,simulation_virtual_sample
overturning,-30.937499999999996,107.5,17.154572200005443,-10.282054883864433,1.5468292068611218,-0.041291401980065784,-15.742217897431624,simulation_virtual_sample
overturning,-30.937499999999996,109.0,17.154572200005443,-10.282054883864433,1.3930050374878566,0.4289740887208618,-15.80129702915584,simulation_virtual_sample
overturning,-30.937499999999996,110.5,17.154572200005443,-10.282054883864433,1.2264607131883605,0.8893832481198634,-15.842669203829475,simulation_virtual_sample
overturning,-30.937499999999996,112.0,17.154572200005443,-10.282054883864433,1.00299562458005,1.3905258933827773,-15.828767501905865,simulation_virtual_sample
overturning,-30.937499999999996,113.5,17.154572200005443,-10.282054883864433,0.8933206956349476,1.9805483626851055,-15.75244252581159,simulation_virtual_sample
overturning,-30.937499999999996,115.0,17.154572200005443,-10.282054883864433,0.7836457666898451,2.570570831987433,-15.676117549717317,simulation_virtual_sample
overturning,-28.12500000000001,100.0,17.6384252869671,-9.427934736519955,2.6667863511691614,-2.4795155848171944,-16.124912008979887,simulation_virtual_sample
overturning,-28.12500000000001,101.5,17.6384252869671,-9.427934736519955,2.5251011606427176,-1.9160688248544409,-16.254009844365473,simulation_virtual_sample
overturning,-28.12500000000001,103.0,17.6384252869671,-9.427934736519955,2.21375225667422,-1.3876011813039792,-16.27405504875118,simulation_virtual_sample
overturning,-28.12500000000001,104.5,17.6384252869671,-9.427934736519955,1.9440764334766283,-0.9060388159000381,-16.28984840799582,simulation_virtual_sample
overturning,-28.12500000000001,106.0,17.6384252869671,-9.427934736519955,1.73242000166497,-0.489780374288289,-16.299722131283893,simulation_virtual_sample
overturning,-28.12500000000001,107.5,17.6384252869671,-9.427934736519955,1.542789022452575,-0.0515381875147659,-16.2717604337691,simulation_virtual_sample
overturning,-28.12500000000001,109.0,17.6384252869671,-9.427934736519955,1.3487054150799458,0.3875979151775353,-16.272467882592338,simulation_virtual_sample
overturning,-28.12500000000001,110.5,17.6384252869671,-9.427934736519955,1.1334100539364393,0.8103117618364741,-16.242771130364662,simulation_virtual_sample
overturning,-28.12500000000001,112.0,17.6384252869671,-9.427934736519955,0.8964918014635014,1.304628806605042,-16.236790512739578,simulation_virtual_sample
overturning,-28.12500000000001,113.5,17.6384252869671,-9.427934736519955,0.641879745083892,1.8575380593785527,-16.250216579849166,simulation_virtual_sample
overturning,-28.12500000000001,115.0,17.6384252869671,-9.427934736519955,0.5283827102553468,2.446720648559467,-16.17544838452719,simulation_virtual_sample
overturning,-25.31249999999999,100.0,18.079785862468867,-8.551101868605638,2.939350306297933,-2.340890125161813,-16.588793117945922,simulation_virtual_sample
overturning,-25.31249999999999,101.5,18.079785862468867,-8.551101868605638,2.6162261135494065,-1.8315012694767145,-16.621127913312343,simulation_virtual_sample
overturning,-25.31249999999999,103.0,18.079785862468867,-8.551101868605638,2.3046550117498885,-1.3032398342893878,-16.640277942051355,simulation_virtual_sample
overturning,-25.31249999999999,104.5,18.079785862468867,-8.551101868605638,2.034866254296441,-0.8216284388307397,-16.655925760450273,simulation_virtual_sample
overturning,-25.31249999999999,106.0,18.079785862468867,-8.551101868605638,1.8234288293481526,-0.4051663791068396,-16.66668255027585,simulation_virtual_sample
overturning,-25.31249999999999,107.5,18.079785862468867,-8.551101868605638,1.5466792004551089,-0.04955778733730554,-16.648957665738955,simulation_virtual_sample
overturning,-25.31249999999999,109.0,18.079785862468867,-8.551101868605638,1.2557671443052005,0.30862193304213226,-16.672086557889973,simulation_virtual_sample
overturning,-25.31249999999999,110.5,18.079785862468867,-8.551101868605638,1.0406720604056545,0.731505968923544,-16.641528647753326,simulation_virtual_sample
overturning,-25.31249999999999,112.0,18.079785862468867,-8.551101868605638,0.804684196586429,1.222691372716982,-16.63456660062166,simulation_virtual_sample
overturning,-25.31249999999999,113.5,18.079785862468867,-8.551101868605638,0.5498705833166867,1.775420737839768,-16.64886595607539,simulation_virtual_sample
overturning,-25.31249999999999,115.0,18.079785862468867,-8.551101868605638,0.2821346467628821,2.3086009851717795,-16.646755174998496,simulation_virtual_sample
overturning,-22.5,100.0,18.477590650225736,-7.653668647301796,3.110643697188139,-2.125158866916094,-16.86292280651011,simulation_virtual_sample
overturning,-22.5,101.5,18.477590650225736,-7.653668647301796,2.7280885347975894,-1.7130105228591483,-16.96423199157947,simulation_virtual_sample
overturning,-22.5,103.0,18.477590650225736,-7.653668647301796,2.3956203037696784,-1.218820450520686,-17.006752779977358,simulation_virtual_sample
overturning,-22.5,104.5,18.477590650225736,-7.653668647301796,2.1257178708973288,-0.7371606081269392,-17.022252282202835,simulation_virtual_sample
overturning,-22.5,106.0,18.477590650225736,-7.653668647301796,1.8665147198305754,-0.3652035224266978,-17.012395649628644,simulation_virtual_sample
overturning,-22.5,107.5,18.477590650225736,-7.653668647301796,1.5519183235148766,-0.04485772720519791,-16.977723001523685,simulation_virtual_sample
overturning,-22.5,109.0,18.477590650225736,-7.653668647301796,1.2339187013075104,0.29020652466333713,-17.02054255387209,simulation_virtual_sample
overturning,-22.5,110.5,18.477590650225736,-7.653668647301796,0.9477986987957095,0.6525851445288327,-17.040868224739402,simulation_virtual_sample
overturning,-22.5,112.0,18.477590650225736,-7.653668647301796,0.712761790137752,1.1406514794934874,-17.032840090871403,simulation_virtual_sample
overturning,-22.5,113.5,18.477590650225736,-7.653668647301796,0.4279510249887604,1.6480156231667251,-17.009181331756306,simulation_virtual_sample
overturning,-22.5,115.0,18.477590650225736,-7.653668647301796,0.10042483493796918,2.090601149347605,-16.929851237580444,simulation_virtual_sample
overturning,-19.687500000000014,100.0,18.830881303660412,-6.737797067844404,3.2809945242379057,-1.9106146975721598,-17.135544061323944,simulation_virtual_sample
overturning,-19.687500000000014,101.5,18.830881303660412,-6.737797067844404,2.898856452484157,-1.497941058946568,-17.237520738149847,simulation_virtual_sample
overturning,-19.687500000000014,103.0,18.830881303660412,-6.737797067844404,2.5167183807304094,-1.0852674203209765,-17.339497414975746,simulation_virtual_sample
overturning,-19.687500000000014,104.5,18.830881303660412,-6.737797067844404,2.186360519473663,-0.680840035003955,-17.376478740647514,simulation_virtual_sample
overturning,-19.687500000000014,106.0,18.830881303660412,-6.737797067844404,1.8717570138701813,-0.3605006175826508,-17.34135997067093,simulation_virtual_sample
overturning,-19.687500000000014,107.5,18.830881303660412,-6.737797067844404,1.5571535082666998,-0.04016120016134651,-17.30624120069435,simulation_virtual_sample
overturning,-19.687500000000014,109.0,18.830881303660412,-6.737797067844404,1.2391695342282765,0.2948765965794086,-17.34937953259637,simulation_virtual_sample
overturning,-19.687500000000014,110.5,18.830881303660412,-6.737797067844404,0.9211477290818169,0.6300788841257109,-17.39339364634127,simulation_virtual_sample
overturning,-19.687500000000014,112.0,18.830881303660412,-6.737797067844404,0.5738590350826236,0.9875401932119893,-17.371464730009365,simulation_virtual_sample
overturning,-19.687500000000014,113.5,18.830881303660412,-6.737797067844404,0.2467869698637655,1.4306705393880628,-17.29142712889951,simulation_virtual_sample
overturning,-19.687500000000014,115.0,18.830881303660412,-6.737797067844404,-0.0802850953550926,1.8738008855641362,-17.21138952778966,simulation_virtual_sample
overturning,-16.874999999999993,100.0,19.13880671464418,-5.8056935450892455,3.4512280176476,-1.6962183012022796,-17.407977541034228,simulation_virtual_sample
overturning,-16.874999999999993,101.5,19.13880671464418,-5.8056935450892455,3.0695067492484394,-1.283019729818576,-17.510621249864062,simulation_virtual_sample
overturning,-16.874999999999993,103.0,19.13880671464418,-5.8056935450892455,2.646529379164048,-0.8932088929273533,-17.587059618742366,simulation_virtual_sample
overturning,-16.874999999999993,104.5,19.13880671464418,-5.8056935450892455,2.212298655564047,-0.6386657224526678,-17.62662781616008,simulation_virtual_sample
overturning,-16.874999999999993,106.0,19.13880671464418,-5.8056935450892455,1.886243306033103,-0.33906865979083967,-17.63569734991691,simulation_virtual_sample
overturning,-16.874999999999993,107.5,19.13880671464418,-5.8056935450892455,1.5624100613796321,-0.035445503386036845,-17.636100306794432,simulation_virtual_sample
overturning,-16.874999999999993,109.0,19.13880671464418,-5.8056935450892455,1.2258526435319173,0.27197431400528765,-17.64146637170777,simulation_virtual_sample
overturning,-16.874999999999993,110.5,19.13880671464418,-5.8056935450892455,0.8851972079607292,0.5735772011044542,-17.639596474113926,simulation_virtual_sample
overturning,-16.874999999999993,112.0,19.13880671464418,-5.8056935450892455,0.4628513537921896,0.8248283423903106,-17.61363453231206,simulation_virtual_sample
overturning,-16.874999999999993,113.5,19.13880671464418,-5.8056935450892455,0.06574769627582776,1.2134751577873908,-17.573478521780952,simulation_virtual_sample
overturning,-16.874999999999993,115.0,19.13880671464418,-5.8056935450892455,-0.2608705569015927,1.6571499486994687,-17.492733901051228,simulation_virtual_sample
overturning,-14.062500000000005,100.0,19.400625063890878,-4.859603598065279,3.6221671337923516,-1.4809332255921217,-17.681540265367442,simulation_virtual_sample
overturning,-14.062500000000005,101.5,19.400625063890878,-4.859603598065279,3.185437453577153,-1.0988908266449844,-17.749281852818186,simulation_virtual_sample
overturning,-14.062500000000005,103.0,19.400625063890878,-4.859603598065279,2.6964924153205536,-0.7466958950075284,-17.78351265376842,simulation_virtual_sample
overturning,-14.062500000000005,104.5,19.400625063890878,-4.859603598065279,2.2643215038626936,-0.5506590484039888,-17.832498388634015,simulation_virtual_sample
overturning,-14.062500000000005,106.0,19.400625063890878,-4.859603598065279,1.9210843930861952,-0.2807550460455683,-17.850496976321956,simulation_virtual_sample
overturning,-14.062500000000005,107.5,19.400625063890878,-4.859603598065279,1.5575723399205672,-0.0360774173725362,-17.866256535800023,simulation_virtual_sample
overturning,-14.062500000000005,109.0,19.400625063890878,-4.859603598065279,1.184501677902756,0.20746416790250002,-17.87586136393905,simulation_virtual_sample
overturning,-14.062500000000005,110.5,19.400625063890878,-4.859603598065279,0.8263996186707084,0.48697620516885504,-17.866829778266275,simulation_virtual_sample
overturning,-14.062500000000005,112.0,19.400625063890878,-4.859603598065279,0.39217207009817384,0.6938323800860646,-17.832038863526886,simulation_virtual_sample
overturning,-14.062500000000005,113.5,19.400625063890878,-4.859603598065279,-0.0488984436300302,1.0480001200163205,-17.817562190725376,simulation_virtual_sample
overturning,-14.062500000000005,115.0,19.400625063890878,-4.859603598065279,-0.44220455038934575,1.4396009874592133,-17.775244454846238,simulation_virtual_sample
overturning,-11.25000000000001,100.0,19.61570560806461,-3.901806440322569,3.734838892513278,-1.212505968817286,-17.858312492653493,simulation_virtual_sample
overturning,-11.25000000000001,101.5,19.61570560806461,-3.901806440322569,3.2354560302386073,-0.9522149602025093,-17.94595327130536,simulation_virtual_sample
overturning,-11.25000000000001,103.0,19.61570560806461,-3.901806440322569,2.746418315312745,-0.6002917962096068,-17.97981967060282,simulation_virtual_sample
overturning,-11.25000000000001,104.5,19.61570560806461,-3.901806440322569,2.3281164776129244,-0.4423098797187583,-18.032469369086545,simulation_virtual_sample
overturning,-11.25000000000001,106.0,19.61570560806461,-3.901806440322569,1.955907760841595,-0.22247108913275798,-18.065187361057284,simulation_virtual_sample
overturning,-11.25000000000001,107.5,19.61570560806461,-3.901806440322569,1.550423052639114,-0.03934463808886337,-18.088125389685324,simulation_virtual_sample
overturning,-11.25000000000001,109.0,19.61570560806461,-3.901806440322569,1.143156206560568,0.14296259323813076,-18.110225212197435,simulation_virtual_sample
overturning,-11.25000000000001,110.5,19.61570560806461,-3.901806440322569,0.7543988613626561,0.3836323700235072,-18.089161211336997,simulation_virtual_sample
overturning,-11.25000000000001,112.0,19.61570560806461,-3.901806440322569,0.32123320151355383,0.5680073396168017,-18.051215974040204,simulation_virtual_sample
overturning,-11.25000000000001,113.5,19.61570560806461,-3.901806440322569,-0.11973439412126613,0.916713793735669,-18.036450634190388,simulation_virtual_sample
overturning,-11.25000000000001,115.0,19.61570560806461,-3.901806440322569,-0.5737704584603286,1.1727825036355908,-17.950650789882577,simulation_virtual_sample
overturning,-8.437499999999996,100.0,19.78353019929562,-2.934609489107234,3.802665144431305,-0.9069805718065891,-17.960696318352195,simulation_virtual_sample
overturning,-8.437499999999996,101.5,19.78353019929562,-2.934609489107234,3.2999218103705212,-0.6773117785507239,-18.067125228334437,simulation_virtual_sample
overturning,-8.437499999999996,103.0,19.78353019929562,-2.934609489107234,2.803712119841054,-0.47684783912841916,-18.16053144727605,simulation_virtual_sample
overturning,-8.437499999999996,104.5,19.78353019929562,-2.934609489107234,2.3872362184996034,-0.3268590705794866,-18.19947465349327,simulation_virtual_sample
overturning,-8.437499999999996,106.0,19.78353019929562,-2.934609489107234,1.9575958405146703,-0.21067669310271656,-18.23206719307296,simulation_virtual_sample
overturning,-8.437499999999996,107.5,19.78353019929562,-2.934609489107234,1.5447881135408408,-0.03828891917975612,-18.256195592328673,simulation_virtual_sample
overturning,-8.437499999999996,109.0,19.78353019929562,-2.934609489107234,1.1319803865670113,0.13409885474320432,-18.28032399158438,simulation_virtual_sample
overturning,-8.437499999999996,110.5,19.78353019929562,-2.934609489107234,0.6954078147379923,0.2722152985611402,-18.26512515207443,simulation_virtual_sample
overturning,-8.437499999999996,112.0,19.78353019929562,-2.934609489107234,0.2598555089893709,0.4579525759284894,-18.23565858208512,simulation_virtual_sample
overturning,-8.437499999999996,113.5,19.78353019929562,-2.934609489107234,-0.20922546467122027,0.6428630461357153,-18.150586222447213,simulation_virtual_sample
overturning,-8.437499999999996,115.0,19.78353019929562,-2.934609489107234,-0.6666703868825937,0.8717532726249253,-18.043949074591247,simulation_virtual_sample
overturning,-5.625000000000006,100.0,19.90369453344394,-1.9603428065912143,3.870258040400323,-0.6025063337048624,-18.062727892907226,simulation_virtual_sample
overturning,-5.625000000000006,101.5,19.90369453344394,-1.9603428065912143,3.367710867635544,-0.37195392597605914,-18.169452908650452,simulation_virtual_sample
overturning,-5.625000000000006,103.0,19.90369453344394,-1.9603428065912143,2.857052022056832,-0.3236887649597569,-18.217654783192604,simulation_virtual_sample
overturning,-5.625000000000006,104.5,19.90369453344394,-1.9603428065912143,2.430084714378717,-0.1900927339896839,-18.25588847905755,simulation_virtual_sample
overturning,-5.625000000000006,106.0,19.90369453344394,-1.9603428065912143,1.97047024277221,-0.1562885190877985,-18.280919993101097,simulation_virtual_sample
overturning,-5.625000000000006,107.5,19.90369453344394,-1.9603428065912143,1.5425429256361427,-0.02769577574873125,-18.304102373221756,simulation_virtual_sample
overturning,-5.625000000000006,109.0,19.90369453344394,-1.9603428065912143,1.1199729543268633,0.10029258988858211,-18.32255922285246,simulation_virtual_sample
overturning,-5.625000000000006,110.5,19.90369453344394,-1.9603428065912143,0.6717159933251711,0.1411942818421756,-18.315813231113037,simulation_virtual_sample
overturning,-5.625000000000006,112.0,19.90369453344394,-1.9603428065912143,0.22662902748763625,0.30996877816313784,-18.286172330359904,simulation_virtual_sample
overturning,-5.625000000000006,113.5,19.90369453344394,-1.9603428065912143,-0.3020710044363509,0.3420100539651765,-18.24382988527937,simulation_virtual_sample
overturning,-5.625000000000006,115.0,19.90369453344394,-1.9603428065912143,-0.7592506934719142,0.5717597314820527,-18.136926366923756,simulation_virtual_sample
overturning,-2.8124999999999902,100.0,19.97590912410345,-0.981353486548357,3.937944150048351,-0.29761221177525443,-18.16490017364599,simulation_virtual_sample
overturning,-2.8124999999999902,101.5,19.97590912410345,-0.981353486548357,3.4314685882308806,-0.15747836837689885,-18.242603936984,simulation_virtual_sample
overturning,-2.8124999999999902,103.0,19.97590912410345,-0.981353486548357,2.9186477511216844,-0.1577979435238651,-18.275207729784402,simulation_virtual_sample
overturning,-2.8124999999999902,104.5,19.97590912410345,-0.981353486548357,2.465796505054325,-0.07258706940167878,-18.309922088058265,simulation_virtual_sample
overturning,-2.8124999999999902,106.0,19.97590912410345,-0.981353486548357,1.9914177617879665,-0.07854433875119067,-18.330198152077298,simulation_virtual_sample
overturning,-2.8124999999999902,107.5,19.97590912410345,-0.981353486548357,1.540301463326028,-0.017120210248582176,-18.35192965910106,simulation_virtual_sample
overturning,-2.8124999999999902,109.0,19.97590912410345,-0.981353486548357,1.1027423225680968,0.04269632321571513,-18.361678325531738,simulation_virtual_sample
overturning,-2.8124999999999902,110.5,19.97590912410345,-0.981353486548357,0.6501465091578962,0.034124987964873,-18.362691238219423,simulation_virtual_sample
overturning,-2.8124999999999902,112.0,19.97590912410345,-0.981353486548357,0.18148185690056026,0.14096459749251194,-18.33636038280842,simulation_virtual_sample
overturning,-2.8124999999999902,113.5,19.97590912410345,-0.981353486548357,-0.3592411264520415,0.13977003556157408,-18.304870998784608,simulation_virtual_sample
overturning,-2.8124999999999902,115.0,19.97590912410345,-0.981353486548357,-0.8519586725164136,0.27135248559627606,-18.23003187917285,simulation_virtual_sample
overturning,0.0,100.0,20.0,0.0,4.006051849807331,0.009180975521850345,-18.26770884526904,simulation_virtual_sample
overturning,0.0,101.5,20.0,0.0,3.493231012698135,0.008861400374883425,-18.300312638069446,simulation_virtual_sample
overturning,0.0,103.0,20.0,0.0,2.9804101755889385,0.008541825227917174,-18.332916430869844,simulation_virtual_sample
overturning,0.0,104.5,20.0,0.0,2.4868103854011614,0.005403402979677678,-18.359356359279563,simulation_virtual_sample
overturning,0.0,106.0,20.0,0.0,2.012431642134802,-0.000553866369834205,-18.379632423298595,simulation_virtual_sample
overturning,0.0,107.5,20.0,0.0,1.5380528988684434,-0.0065111357193460935,-18.399908487317628,simulation_virtual_sample
overturning,0.0,109.0,20.0,0.0,1.0854570854582433,-0.01508247097018896,-18.400921400005313,simulation_virtual_sample
overturning,0.0,110.5,20.0,0.0,0.6328612720480427,-0.023653806221031082,-18.401934312693,simulation_virtual_sample
overturning,0.0,112.0,20.0,0.0,0.1362018736666409,-0.028536754811921486,-18.386696077024936,simulation_virtual_sample
overturning,0.0,113.5,20.0,0.0,-0.40452110968596083,-0.02973131674285934,-18.355206693001122,simulation_virtual_sample
overturning,0.0,115.0,20.0,0.0,-0.9452440930385624,-0.030925878673797914,-18.323717308977308,simulation_virtual_sample
overturning,2.8124999999999902,100.0,19.97590912410345,0.981353486548357,3.9248948142340585,0.3065848579223342,-18.156757349731052,simulation_virtual_sample
overturning,2.8124999999999902,101.5,19.97590912410345,0.981353486548357,3.437768742729362,0.16977662413681105,-18.229807649783968,simulation_virtual_sample
overturning,2.8124999999999902,103.0,19.97590912410345,0.981353486548357,2.924947905620166,0.1694570489898448,-18.262411442584366,simulation_virtual_sample
overturning,2.8124999999999902,104.5,19.97590912410345,0.981353486548357,2.44408264708976,0.08574321014214778,-18.286878268325818,simulation_virtual_sample
overturning,2.8124999999999902,106.0,19.97590912410345,0.981353486548357,1.9697039038234012,0.0797859407926359,-18.30715433234485,simulation_virtual_sample
overturning,2.8124999999999902,107.5,19.97590912410345,0.981353486548357,1.5326361938212139,0.001234476528272136,-18.327776972377148,simulation_virtual_sample
overturning,2.8124999999999902,109.0,19.97590912410345,0.981353486548357,1.109119231933847,-0.0789431486253705,-18.336416370792655,simulation_virtual_sample
overturning,2.8124999999999902,110.5,19.97590912410345,0.981353486548357,0.6565234185236463,-0.08751448387621262,-18.337429283480343,simulation_virtual_sample
overturning,2.8124999999999902,112.0,19.97590912410345,0.981353486548357,0.20867487584510025,-0.18829115306966998,-18.313671079491353,simulation_virtual_sample
overturning,2.8124999999999902,113.5,19.97590912410345,0.981353486548357,-0.3320481075075016,-0.18948571500060785,-18.282181695467536,simulation_virtual_sample
overturning,2.8124999999999902,115.0,19.97590912410345,0.981353486548357,-0.848531247919578,-0.33268059538779143,-18.20481735563757,simulation_virtual_sample
overturning,5.625000000000006,100.0,19.90369453344394,1.9603428065912143,3.8442401448213377,0.602147795228171,-18.046492649569792,simulation_virtual_sample
overturning,5.625000000000006,101.5,19.90369453344394,1.9603428065912143,3.3737573409175377,0.3765270056146962,-18.145792221007756,simulation_virtual_sample
overturning,5.625000000000006,103.0,19.90369453344394,1.9603428065912143,2.869626569549696,0.32996337477854154,-18.192085612902645,simulation_virtual_sample
overturning,5.625000000000006,104.5,19.90369453344394,1.9603428065912143,2.399578000301055,0.1998896345488758,-18.21432522251747,simulation_virtual_sample
overturning,5.625000000000006,106.0,19.90369453344394,1.9603428065912143,1.9271111456188297,0.15987194852218434,-18.234905205077144,simulation_virtual_sample
overturning,5.625000000000006,107.5,19.90369453344394,1.9603428065912143,1.527236600548555,0.008955619810064756,-18.255873326263277,simulation_virtual_sample
overturning,5.625000000000006,109.0,19.90369453344394,1.9603428065912143,1.1327066279268527,-0.14260208564477905,-18.272115117770316,simulation_virtual_sample
overturning,5.625000000000006,110.5,19.90369453344394,1.9603428065912143,0.6925482905335231,-0.19121671610601984,-18.266442666049137,simulation_virtual_sample
overturning,5.625000000000006,112.0,19.90369453344394,1.9603428065912143,0.2809514682092899,-0.3476125993211902,-18.240843987740217,simulation_virtual_sample
overturning,5.625000000000006,113.5,19.90369453344394,1.9603428065912143,-0.25326196418144453,-0.38706577002013215,-18.197004777767027,simulation_virtual_sample
overturning,5.625000000000006,115.0,19.90369453344394,1.9603428065912143,-0.752417060210087,-0.6325674351223808,-18.086653399030922,simulation_virtual_sample
overturning,8.437499999999996,100.0,19.78353019929562,2.934609489107234,3.7636965486924017,0.8973036991129942,-17.936379800038157,simulation_virtual_sample
overturning,8.437499999999996,101.5,19.78353019929562,2.934609489107234,3.2929683757882415,0.6725820760697679,-18.03534392233907,simulation_virtual_sample
overturning,8.437499999999996,103.0,19.78353019929562,2.934609489107234,2.8209131096999203,0.4704078767194094,-18.11997394949182,simulation_virtual_sample
overturning,8.437499999999996,104.5,19.78353019929562,2.934609489107234,2.3540662479500467,0.33062525292030387,-18.141481606060427,simulation_virtual_sample
overturning,8.437499999999996,106.0,19.78353019929562,2.934609489107234,1.8974791696780424,0.21473618935254246,-18.162657078387387,simulation_virtual_sample
overturning,8.437499999999996,107.5,19.78353019929562,2.934609489107234,1.521828035445154,0.016689592352721765,-18.183850206827973,simulation_virtual_sample
overturning,8.437499999999996,109.0,19.78353019929562,2.934609489107234,1.1461769012122656,-0.18135700464709897,-18.20504333526856,simulation_virtual_sample
overturning,8.437499999999996,110.5,19.78353019929562,2.934609489107234,0.7346156843095262,-0.31434992287232333,-18.19211001699479,simulation_virtual_sample
overturning,8.437499999999996,112.0,19.78353019929562,2.934609489107234,0.33087829586604645,-0.480219633464453,-18.166841205333284,simulation_virtual_sample
overturning,8.437499999999996,113.5,19.78353019929562,2.934609489107234,-0.15698955415464816,-0.6874462807916724,-18.078646300710464,simulation_virtual_sample
overturning,8.437499999999996,115.0,19.78353019929562,2.934609489107234,-0.6564352358036133,-0.932041286789499,-17.9686521714861,simulation_virtual_sample
overturning,11.25000000000001,100.0,19.61570560806461,3.901806440322569,3.6828748859554032,1.1934785915330646,-17.825886799780143,simulation_virtual_sample
overturning,11.25000000000001,101.5,19.61570560806461,3.901806440322569,3.2156853778627505,0.9332942859179357,-17.90175752170376,simulation_virtual_sample
overturning,11.25000000000001,103.0,19.61570560806461,3.901806440322569,2.7570801992898826,0.5906321560907274,-17.9260145164247,simulation_virtual_sample
overturning,11.25000000000001,104.5,19.61570560806461,3.901806440322569,2.293003405857835,0.44777232984381,-17.96477417227331,simulation_virtual_sample
overturning,11.25000000000001,106.0,19.61570560806461,3.901806440322569,1.8933330301815432,0.24238492379395624,-17.980074539884313,simulation_virtual_sample
overturning,11.25000000000001,107.5,19.61570560806461,3.901806440322569,1.5212690995884077,0.03805720309378479,-17.998809883369788,simulation_virtual_sample
overturning,11.25000000000001,109.0,19.61570560806461,3.901806440322569,1.152635781361233,-0.17317855880025046,-18.014406333111616,simulation_virtual_sample
overturning,11.25000000000001,110.5,19.61570560806461,3.901806440322569,0.8043111752032394,-0.4293541033512879,-17.96966884903693,simulation_virtual_sample
overturning,11.25000000000001,112.0,19.61570560806461,3.901806440322569,0.40404197655407087,-0.5941383270618242,-17.925735227056638,simulation_virtual_sample
overturning,11.25000000000001,113.5,19.61570560806461,3.901806440322569,-0.06748937883275685,-0.9532853877124243,-17.92745960295494,simulation_virtual_sample
overturning,11.25000000000001,115.0,19.61570560806461,3.901806440322569,-0.560122046252906,-1.232549034162034,-17.85024355958463,simulation_virtual_sample
overturning,14.062500000000005,100.0,19.400625063890878,4.859603598065279,3.555531014576501,1.452807056204788,-17.634206695507807,simulation_virtual_sample
overturning,14.062500000000005,101.5,19.400625063890878,4.859603598065279,3.1495509800427044,1.0865612402208955,-17.70072978310018,simulation_virtual_sample
overturning,14.062500000000005,103.0,19.400625063890878,4.859603598065279,2.6910751609346653,0.7435993188806757,-17.72537998984903,simulation_virtual_sample
overturning,14.062500000000005,104.5,19.400625063890878,4.859603598065279,2.2280927497447442,0.5607171987530984,-17.761229028251005,simulation_virtual_sample
overturning,14.062500000000005,106.0,19.400625063890878,4.859603598065279,1.8728305999075183,0.30860489437855754,-17.75983362639911,simulation_virtual_sample
overturning,14.062500000000005,107.5,19.400625063890878,4.859603598065279,1.5229107324941427,0.06552685402122385,-17.76321527528743,simulation_virtual_sample
overturning,14.062500000000005,109.0,19.400625063890878,4.859603598065279,1.1947664419606887,-0.22183438485628,-17.746760223447307,simulation_virtual_sample
overturning,14.062500000000005,110.5,19.400625063890878,4.859603598065279,0.882306412048542,-0.5411492811056784,-17.70187879693316,simulation_virtual_sample
overturning,14.062500000000005,112.0,19.400625063890878,4.859603598065279,0.4728549479129663,-0.7309363369139154,-17.66385594341923,simulation_virtual_sample
overturning,14.062500000000005,113.5,19.400625063890878,4.859603598065279,-0.0018671449737255605,-1.0994948732319296,-17.667148795283115,simulation_virtual_sample
overturning,14.062500000000005,115.0,19.400625063890878,4.859603598065279,-0.4308391860134152,-1.493020233931898,-17.657902493028978,simulation_virtual_sample
overturning,16.874999999999993,100.0,19.13880671464418,5.8056935450892455,3.3678841675337354,1.6594533421678515,-17.336872906677467,simulation_virtual_sample
overturning,16.874999999999993,101.5,19.13880671464418,5.8056935450892455,3.0171693118395755,1.268997477506391,-17.447116331700546,simulation_virtual_sample
overturning,16.874999999999993,103.0,19.13880671464418,5.8056935450892455,2.6250056301543574,0.8967159433410272,-17.524549426614673,simulation_virtual_sample
overturning,16.874999999999993,104.5,19.13880671464418,5.8056935450892455,2.1812299561138087,0.6546589369071814,-17.550968808117364,simulation_virtual_sample
overturning,16.874999999999993,106.0,19.13880671464418,5.8056935450892455,1.852317528183358,0.374859235352696,-17.539478400480338,simulation_virtual_sample
overturning,16.874999999999993,107.5,19.13880671464418,5.8056935450892455,1.5249494473897778,0.08802182107810674,-17.52020277861986,simulation_virtual_sample
overturning,16.874999999999993,109.0,19.13880671464418,5.8056935450892455,1.2369020574114549,-0.27049593316731513,-17.479082636786007,simulation_virtual_sample
overturning,16.874999999999993,110.5,19.13880671464418,5.8056935450892455,0.9448670402189879,-0.6257987680591831,-17.434432025320408,simulation_virtual_sample
overturning,16.874999999999993,112.0,19.13880671464418,5.8056935450892455,0.5383412784552533,-0.8768430233232262,-17.40408423812272,simulation_virtual_sample
overturning,16.874999999999993,113.5,19.13880671464418,5.8056935450892455,0.10573731826214273,-1.2684288750153758,-17.39574005989206,simulation_virtual_sample
overturning,16.874999999999993,115.0,19.13880671464418,5.8056935450892455,-0.2593537459581181,-1.696539241941071,-17.369591700980454,simulation_virtual_sample
overturning,19.687500000000014,100.0,18.830881303660412,6.737797067844404,3.1810119113770194,1.8652466091099953,-17.040766487486273,simulation_virtual_sample
overturning,19.687500000000014,101.5,18.830881303660412,6.737797067844404,2.829839513622919,1.4752946131191182,-17.15028491917013,simulation_virtual_sample
overturning,19.687500000000014,103.0,18.830881303660412,6.737797067844404,2.4786671158688187,1.085342617128241,-17.259803350853993,simulation_virtual_sample
overturning,19.687500000000014,104.5,18.830881303660412,6.737797067844404,2.163360172338891,0.6992210836762314,-17.301222300649727,simulation_virtual_sample
overturning,19.687500000000014,106.0,18.830881303660412,6.737797067844404,1.8379023954461777,0.39144113789549395,-17.252946054941876,simulation_virtual_sample
overturning,19.687500000000014,107.5,18.830881303660412,6.737797067844404,1.5131305349775457,0.08287006006750647,-17.20497153253549,simulation_virtual_sample
overturning,19.687500000000014,109.0,18.830881303660412,6.737797067844404,1.2470070952564656,-0.29334576797356365,-17.182795481359754,simulation_virtual_sample
overturning,19.687500000000014,110.5,18.830881303660412,6.737797067844404,0.9808836555353854,-0.669561596014634,-17.16061943018402,simulation_virtual_sample
overturning,19.687500000000014,112.0,18.830881303660412,6.737797067844404,0.6424642741181846,-1.0440160721115603,-17.133324679249387,simulation_virtual_sample
overturning,19.687500000000014,113.5,18.830881303660412,6.737797067844404,0.2769440451498723,-1.4716171060946583,-17.10789785581269,simulation_virtual_sample
overturning,19.687500000000014,115.0,18.830881303660412,6.737797067844404,-0.08857618381844018,-1.8992181400777561,-17.082471032375995,simulation_virtual_sample
overturning,22.5,100.0,18.477590650225736,7.653668647301796,2.994010853292997,2.0711817193088864,-16.744455976589524,simulation_virtual_sample
overturning,22.5,101.5,18.477590650225736,7.653668647301796,2.6423805981175414,1.6817339392806796,-16.853248915231635,simulation_virtual_sample
overturning,22.5,103.0,18.477590650225736,7.653668647301796,2.35800688136352,1.2018247451108668,-16.916732512004216,simulation_virtual_sample
overturning,22.5,104.5,18.477590650225736,7.653668647301796,2.1074903083202585,0.7374959827083877,-16.950924233914556,simulation_virtual_sample
overturning,22.5,106.0,18.477590650225736,7.653668647301796,1.8262210160246417,0.3861822183291721,-16.93862486296727,simulation_virtual_sample
overturning,22.5,107.5,18.477590650225736,7.653668647301796,1.501359850546737,0.07773932121407631,-16.891026611804094,simulation_virtual_sample
overturning,22.5,109.0,18.477590650225736,7.653668647301796,1.2352183971979263,-0.2984843588104727,-16.86837010539543,simulation_virtual_sample
overturning,22.5,110.5,18.477590650225736,7.653668647301796,1.0026525883530826,-0.695295514368923,-16.823149578146417,simulation_virtual_sample
overturning,22.5,112.0,18.477590650225736,7.653668647301796,0.774231231381191,-1.184233720120195,-16.800712825018024,simulation_virtual_sample
overturning,22.5,113.5,18.477590650225736,7.653668647301796,0.44826877648001934,-1.6749453849065863,-16.819857256147976,simulation_virtual_sample
overturning,22.5,115.0,18.477590650225736,7.653668647301796,0.08231908696133651,-2.1020367348887437,-16.79515246550538,simulation_virtual_sample
overturning,25.31249999999999,100.0,18.079785862468867,8.551101868605638,2.805975104397508,2.2782562838427647,-16.446505957520433,simulation_virtual_sample
overturning,25.31249999999999,101.5,18.079785862468867,8.551101868605638,2.534079595413511,1.7816390707800116,-16.50228195923472,simulation_virtual_sample
overturning,25.31249999999999,103.0,18.079785862468867,8.551101868605638,2.27766438740252,1.2642367609618097,-16.547964766035992,simulation_virtual_sample
overturning,25.31249999999999,104.5,18.079785862468867,8.551101868605638,2.0271868261935566,0.7999287782233637,-16.58230137979248,simulation_virtual_sample
overturning,25.31249999999999,106.0,18.079785862468867,8.551101868605638,1.7850296426583323,0.41002145762697456,-16.60073866264576,simulation_virtual_sample
overturning,25.31249999999999,107.5,18.079785862468867,8.551101868605638,1.4895804941720614,0.07260480233582395,-16.57685039502989,simulation_virtual_sample
overturning,25.31249999999999,109.0,18.079785862468867,8.551101868605638,1.2521765921871362,-0.32124659280066514,-16.534704036793315,simulation_virtual_sample
overturning,25.31249999999999,110.5,18.079785862468867,8.551101868605638,1.0937797049301758,-0.7635091976133243,-16.44032963094722,simulation_virtual_sample
overturning,25.31249999999999,112.0,18.079785862468867,8.551101868605638,0.862013145732978,-1.2546816964132885,-16.421319360402588,simulation_virtual_sample
overturning,25.31249999999999,113.5,18.079785862468867,8.551101868605638,0.56413575463413,-1.7899251811426435,-16.470217062574342,simulation_virtual_sample
overturning,25.31249999999999,115.0,18.079785862468867,8.551101868605638,0.25415993402934656,-2.305977540122471,-16.506244143559847,simulation_virtual_sample
overturning,28.12500000000001,100.0,17.6384252869671,9.427934736519955,2.5424570129645105,2.4112396155147198,-15.982109003371788,simulation_virtual_sample
overturning,28.12500000000001,101.5,17.6384252869671,9.427934736519955,2.453596224233546,1.8441605235028986,-16.132867594373614,simulation_virtual_sample
overturning,28.12500000000001,103.0,17.6384252869671,9.427934736519955,2.19737737632348,1.3266056763519936,-16.179451683525567,simulation_virtual_sample
overturning,28.12500000000001,104.5,17.6384252869671,9.427934736519955,1.9469385119379063,0.8623186828907557,-16.21393176671979,simulation_virtual_sample
overturning,28.12500000000001,106.0,17.6384252869671,9.427934736519955,1.7045868378196205,0.4725625710648994,-16.23147626545052,simulation_virtual_sample
overturning,28.12500000000001,107.5,17.6384252869671,9.427934736519955,1.4795009316453913,0.06385048267391559,-16.21659594503286,simulation_virtual_sample
overturning,28.12500000000001,109.0,17.6384252869671,9.427934736519955,1.3433662599949383,-0.3895070990983835,-16.151621315353733,simulation_virtual_sample
overturning,28.12500000000001,110.5,17.6384252869671,9.427934736519955,1.184774056064135,-0.8316234985857527,-16.05806742398869,simulation_virtual_sample
overturning,28.12500000000001,112.0,17.6384252869671,9.427934736519955,0.9496854295592431,-1.3250416904754183,-16.042399718956908,simulation_virtual_sample
overturning,28.12500000000001,113.5,17.6384252869671,9.427934736519955,0.6520005165552372,-1.8604396454320697,-16.090465530735244,simulation_virtual_sample
overturning,28.12500000000001,115.0,17.6384252869671,9.427934736519955,0.5029755690463458,-2.4475543271614235,-16.059298169566922,simulation_virtual_sample
overturning,30.937499999999996,100.0,17.154572200005443,10.282054883864433,2.268223181090227,2.530953345585555,-15.493262895790354,simulation_virtual_sample
overturning,30.937499999999996,101.5,17.154572200005443,10.282054883864433,2.184077537125996,1.962573438144293,-15.646177035587517,simulation_virtual_sample
overturning,30.937499999999996,103.0,17.154572200005443,10.282054883864433,2.0999318931617643,1.3941935307030309,-15.799091175384673,simulation_virtual_sample
overturning,30.937499999999996,104.5,17.154572200005443,10.282054883864433,1.866357421987409,0.9249673075583087,-15.844034589422378,simulation_virtual_sample
overturning,30.937499999999996,106.0,17.154572200005443,10.282054883864433,1.6629383129659918,0.49126370459494667,-15.785008606443142,simulation_virtual_sample
overturning,30.937499999999996,107.5,17.154572200005443,10.282054883864433,1.4702673714760146,0.04589900518908875,-15.706640103553035,simulation_virtual_sample
overturning,30.937499999999996,109.0,17.154572200005443,10.282054883864433,1.3804646647508354,-0.4306948083002366,-15.699642046754409,simulation_virtual_sample
overturning,30.937499999999996,110.5,17.154572200005443,10.282054883864433,1.2760752518723681,-0.8999674897558124,-15.674516179623774,simulation_virtual_sample
overturning,30.937499999999996,112.0,17.154572200005443,10.282054883864433,1.052811471165853,-1.4009021965613173,-15.65420703746762,simulation_virtual_sample
overturning,30.937499999999996,113.5,17.154572200005443,10.282054883864433,0.9078350889260002,-1.9893278960334575,-15.62169376907107,simulation_virtual_sample
overturning,30.937499999999996,115.0,17.154572200005443,10.282054883864433,0.7628587066861475,-2.5777535955055977,-15.589180500674518,simulation_virtual_sample
overturning,33.74999999999999,100.0,16.629392246050905,11.111404660392042,1.9945556908034299,2.6504198455335826,-15.005426342277111,simulation_virtual_sample
overturning,33.74999999999999,101.5,16.629392246050905,11.111404660392042,1.9097395553454537,2.082332633698652,-15.157145271568536,simulation_virtual_sample
overturning,33.74999999999999,103.0,16.629392246050905,11.111404660392042,1.833942845518899,1.508819872016946,-15.3004339262027,simulation_virtual_sample
overturning,33.74999999999999,104.5,16.629392246050905,11.111404660392042,1.8302408006516306,0.9250820205112196,-15.333021771241615,simulation_virtual_sample
overturning,33.74999999999999,106.0,16.629392246050905,11.111404660392042,1.6538337467512791,0.4733119519394511,-15.276085697441241,simulation_virtual_sample
overturning,33.74999999999999,107.5,16.629392246050905,11.111404660392042,1.461069204374271,0.028016337334034896,-15.198638968736343,simulation_virtual_sample
overturning,33.74999999999999,109.0,16.629392246050905,11.111404660392042,1.371248310402459,-0.44861283499223437,-15.190636457264691,simulation_virtual_sample
overturning,33.74999999999999,110.5,16.629392246050905,11.111404660392042,1.2991034906479089,-0.927043699791736,-15.179506859068049,simulation_virtual_sample
overturning,33.74999999999999,112.0,16.629392246050905,11.111404660392042,1.3045963956789,-1.525878917218778,-15.179598322964813,simulation_virtual_sample
overturning,33.74999999999999,113.5,16.629392246050905,11.111404660392042,1.1678165111078334,-2.119576404107374,-15.151398307574619,simulation_virtual_sample
overturning,33.74999999999999,115.0,16.629392246050905,11.111404660392042,1.0222051394718261,-2.707683979227406,-15.120033708296818,simulation_virtual_sample
overturning,36.5625,100.0,16.0641506296129,11.913986089848667,1.7201327310387724,2.7702161372820275,-14.516243097470806,simulation_virtual_sample
overturning,36.5625,101.5,16.0641506296129,11.913986089848667,1.6621618642331202,2.1859121209250922,-14.641745720438175,simulation_virtual_sample
overturning,36.5625,103.0,16.0641506296129,11.913986089848667,1.7196356269838793,1.5323424113709123,-14.662291185953368,simulation_virtual_sample
overturning,36.5625,104.5,16.0641506296129,11.913986089848667,1.7160261702465511,0.9485347818230522,-14.695082613164272,simulation_virtual_sample
overturning,36.5625,106.0,16.0641506296129,11.913986089848667,1.626932286084191,0.4623574264371901,-14.745011955380305,simulation_virtual_sample
overturning,36.5625,107.5,16.0641506296129,11.913986089848667,1.4518619767225625,0.010116054360250626,-14.69013743317534,simulation_virtual_sample
overturning,36.5625,109.0,16.0641506296129,11.913986089848667,1.3808711231222912,-0.4684546216915016,-14.678202823730047,simulation_virtual_sample
overturning,36.5625,110.5,16.0641506296129,11.913986089848667,1.3990727547092354,-0.956045272195359,-14.65241888640754,simulation_virtual_sample
overturning,36.5625,112.0,16.0641506296129,11.913986089848667,1.4046001335154943,-1.5548904906331995,-14.652328587314585,simulation_virtual_sample
overturning,36.5625,113.5,16.0641506296129,11.913986089848667,1.401112251067128,-2.232871656021989,-14.670514305374633,simulation_virtual_sample
overturning,36.5625,115.0,16.0641506296129,11.913986089848667,1.2822675079134218,-2.8379730406973294,-14.64959181841994,simulation_virtual_sample
overturning,39.37499999999999,100.0,15.46020906725474,12.687865683272907,1.447172617894344,2.8576855893034216,-13.973439406838525,simulation_virtual_sample
overturning,39.37499999999999,101.5,15.46020906725474,12.687865683272907,1.5479691108493963,2.2094111052397474,-14.004242004620084,simulation_virtual_sample
overturning,39.37499999999999,103.0,15.46020906725474,12.687865683272907,1.605721476407019,1.5557840638252318,-14.026342825614064,simulation_virtual_sample
overturning,39.37499999999999,104.5,15.46020906725474,12.687865683272907,1.602204714399256,0.9719068089152414,-14.059339508652753,simulation_virtual_sample
overturning,39.37499999999999,106.0,15.46020906725474,12.687865683272907,1.5128134372426945,0.4857905200222102,-14.107607779641167,simulation_virtual_sample
overturning,39.37499999999999,107.5,15.46020906725474,12.687865683272907,1.4494186684048063,-0.0005646000486663306,-14.15670900606197,simulation_virtual_sample
overturning,39.37499999999999,109.0,15.46020906725474,12.687865683272907,1.4807563431887705,-0.49743181252120244,-14.151557973055823,simulation_virtual_sample
overturning,39.37499999999999,110.5,15.46020906725474,12.687865683272907,1.498698074916568,-0.9849470648048816,-14.127144357813194,simulation_virtual_sample
overturning,39.37499999999999,112.0,15.46020906725474,12.687865683272907,1.5042598088912076,-1.5838022498450832,-14.126872921085365,simulation_virtual_sample
overturning,39.37499999999999,113.5,15.46020906725474,12.687865683272907,1.5010155867272368,-2.2618541022739955,-14.143773940227945,simulation_virtual_sample
overturning,39.37499999999999,115.0,15.46020906725474,12.687865683272907,1.5536076148499904,-2.9284264502932347,-14.137945555668459,simulation_virtual_sample
overturning,42.18750000000001,100.0,14.81902250709918,13.43117909694037,1.1835213413639354,2.86247589587498,-13.307733079574504,simulation_virtual_sample
overturning,42.18750000000001,101.5,14.81902250709918,13.43117909694037,1.3736903355391312,2.225406924671109,-13.355103742513382,simulation_virtual_sample
overturning,42.18750000000001,103.0,14.81902250709918,13.43117909694037,1.4916500273914461,1.579258085702606,-13.38951631551306,simulation_virtual_sample
overturning,42.18750000000001,104.5,14.81902250709918,13.43117909694037,1.4882265132378512,0.9953110219929346,-13.422720912329362,simulation_virtual_sample
overturning,42.18750000000001,106.0,14.81902250709918,13.43117909694037,1.4378515450090306,0.5090184346496603,-13.471526325358301,simulation_virtual_sample
overturning,42.18750000000001,107.5,14.81902250709918,13.43117909694037,1.4751754002467676,0.022099429925406873,-13.52526889944881,simulation_virtual_sample
overturning,42.18750000000001,109.0,14.81902250709918,13.43117909694037,1.5600920570237453,-0.5120707234691935,-13.595491061732014,simulation_virtual_sample
overturning,42.18750000000001,110.5,14.81902250709918,13.43117909694037,1.5984607829734052,-1.0138887143014406,-13.601145451743996,simulation_virtual_sample
overturning,42.18750000000001,112.0,14.81902250709918,13.43117909694037,1.6040569194937662,-1.6127538796884011,-13.600692627584252,simulation_virtual_sample
overturning,42.18750000000001,113.5,14.81902250709918,13.43117909694037,1.6789017594844904,-2.274762504625296,-13.585694976478969,simulation_virtual_sample
overturning,42.18750000000001,115.0,14.81902250709918,13.43117909694037,1.847544258628821,-2.917354913648748,-13.53381184471574,simulation_virtual_sample
overturning,45.0,100.0,14.142135623730951,14.14213562373095,0.9211396177932484,2.867243135811072,-12.645232310232313,simulation_virtual_sample
overturning,45.0,101.5,14.142135623730951,14.14213562373095,1.110666190900907,2.2301858368202168,-12.690980892007563,simulation_virtual_sample
overturning,45.0,103.0,14.142135623730951,14.14213562373095,1.300192764008566,1.5931285378293614,-12.736729473782814,simulation_virtual_sample
overturning,45.0,104.5,14.142135623730951,14.14213562373095,1.4263887632483565,1.0184933312696072,-12.786440118029438,simulation_virtual_sample
overturning,45.0,106.0,14.142135623730951,14.14213562373095,1.4635504373280703,0.5316152463534685,-12.841720892733386,simulation_virtual_sample
overturning,45.0,107.5,14.142135623730951,14.14213562373095,1.5008016873495806,0.04464867812141245,-12.897026715635043,simulation_virtual_sample
overturning,45.0,109.0,14.142135623730951,14.14213562373095,1.585782373565057,-0.4894651340757774,-12.965679161864202,simulation_virtual_sample
overturning,45.0,110.5,14.142135623730951,14.14213562373095,1.6707630597805332,-1.0235789462729672,-13.034331608093357,simulation_virtual_sample
overturning,45.0,112.0,14.142135623730951,14.14213562373095,1.804212949547134,-1.6210979169173587,-13.033409363488905,simulation_virtual_sample
overturning,45.0,113.5,14.142135623730951,14.14213562373095,1.9721392333369647,-2.2637173031983613,-12.982998283098354,simulation_virtual_sample
overturning,45.0,115.0,14.142135623730951,14.14213562373095,2.140065517126795,-2.906336689479364,-12.932587202707808,simulation_virtual_sample
overturning,47.8125,100.0,13.43117909694037,14.81902250709918,0.6587578942225601,2.8720103757471636,-11.982731540890121,simulation_virtual_sample
overturning,47.8125,101.5,13.43117909694037,14.81902250709918,0.8476420462626818,2.2349647489693245,-12.02685804150174,simulation_virtual_sample
overturning,47.8125,103.0,13.43117909694037,14.81902250709918,1.1038725394349966,1.5885794236902535,-12.066319632839306,simulation_virtual_sample
overturning,47.8125,104.5,13.43117909694037,14.81902250709918,1.360884539103423,1.0185778393086717,-12.128245806592071,simulation_virtual_sample
overturning,47.8125,106.0,13.43117909694037,14.81902250709918,1.4892429572165045,0.554206454834665,-12.212071629929516,simulation_virtual_sample
overturning,47.8125,107.5,13.43117909694037,14.81902250709918,1.526421573312261,0.06719229378481567,-12.268941459207582,simulation_virtual_sample
overturning,47.8125,109.0,13.43117909694037,14.81902250709918,1.611466272972448,-0.4668651912883209,-12.336024581478991,simulation_virtual_sample
overturning,47.8125,110.5,13.43117909694037,14.81902250709918,1.751949618282373,-0.9911270658312465,-12.367415202328289,simulation_virtual_sample
overturning,47.8125,112.0,13.43117909694037,14.81902250709918,2.0124752975259357,-1.5965988015996684,-12.387848061157378,simulation_virtual_sample
overturning,47.8125,113.5,13.43117909694037,14.81902250709918,2.2653767071894406,-2.2526721017714264,-12.380301589717739,simulation_virtual_sample
overturning,47.8125,115.0,13.43117909694037,14.81902250709918,2.432586775624771,-2.8953184653099795,-12.331362560699871,simulation_virtual_sample
overturning,50.62499999999998,100.0,12.687865683272916,15.460209067254736,0.3951066176921545,2.876800682318722,-11.317025213626106,simulation_virtual_sample
overturning,50.62499999999998,101.5,12.687865683272916,15.460209067254736,0.6673595988338468,2.228220547608405,-11.355962810256154,simulation_virtual_sample
overturning,50.62499999999998,103.0,12.687865683272916,15.460209067254736,0.9797859177595092,1.5741193225528374,-11.393198604032758,simulation_virtual_sample
overturning,50.62499999999998,104.5,12.687865683272916,15.460209067254736,1.2368402099333333,1.0041226666147667,-11.455354197962814,simulation_virtual_sample
overturning,50.62499999999998,106.0,12.687865683272916,15.460209067254736,1.4160488308381571,0.5523657975113762,-11.5525437013347,simulation_virtual_sample
overturning,50.62499999999998,107.5,12.687865683272916,15.460209067254736,1.5521589776932319,0.08983931701448115,-11.637975175675056,simulation_virtual_sample
overturning,50.62499999999998,109.0,12.687865683272916,15.460209067254736,1.697363383044009,-0.4336077093231155,-11.666982426283859,simulation_virtual_sample
overturning,50.62499999999998,110.5,12.687865683272916,15.460209067254736,1.868458003220071,-0.952507930885513,-11.68026507877135,simulation_virtual_sample
overturning,50.62499999999998,112.0,12.687865683272916,15.460209067254736,2.1289667974017803,-1.5579116912791509,-11.70045908345751,simulation_virtual_sample
overturning,50.62499999999998,113.5,12.687865683272916,15.460209067254736,2.453270540573014,-2.2250337296586022,-11.725584178385976,simulation_virtual_sample
overturning,50.62499999999998,115.0,12.687865683272916,15.460209067254736,2.7265234194035974,-2.884246928665493,-11.727228849747158,simulation_virtual_sample
overturning,53.43750000000003,100.0,11.91398608984866,16.064150629612904,0.12945603373318698,2.788022047987033,-10.58552163706019,simulation_virtual_sample
overturning,53.43750000000003,101.5,11.91398608984866,16.064150629612904,0.5431408980986621,2.213745054992556,-10.682125304593784,simulation_virtual_sample
overturning,53.43750000000003,103.0,11.91398608984866,16.064150629612904,0.85587018152244,1.5596791350909578,-10.72100456139573,simulation_virtual_sample
overturning,53.43750000000003,104.5,11.91398608984866,16.064150629612904,1.112966707958692,0.9896874008092098,-10.783389259557916,simulation_virtual_sample
overturning,53.43750000000003,106.0,11.91398608984866,16.064150629612904,1.291851011251146,0.5378927382240387,-10.878819467673388,simulation_virtual_sample
overturning,53.43750000000003,107.5,11.91398608984866,16.064150629612904,1.5488282471283585,0.10307376636975848,-10.93714587419407,simulation_virtual_sample
overturning,53.43750000000003,109.0,11.91398608984866,16.064150629612904,1.8140156844355277,-0.3949408702661801,-10.978983503654836,simulation_virtual_sample
overturning,53.43750000000003,110.5,11.91398608984866,16.064150629612904,1.9848061619106148,-0.9139419062722591,-10.994059947161455,simulation_virtual_sample
overturning,53.43750000000003,112.0,11.91398608984866,16.064150629612904,2.245297659408991,-1.5192779291853458,-11.014017992087702,simulation_virtual_sample
overturning,53.43750000000003,113.5,11.91398608984866,16.064150629612904,2.5698859170291204,-2.1863054796246124,-11.037464234083757,simulation_virtual_sample
overturning,53.43750000000003,115.0,11.91398608984866,16.064150629612904,3.014794025938281,-2.80548762566136,-10.981801058733856,simulation_virtual_sample
overturning,56.25000000000001,100.0,11.111404660392042,16.629392246050905,-0.1347959295539356,2.6625742727122423,-9.833768009614538,simulation_virtual_sample
overturning,56.25000000000001,101.5,11.111404660392042,16.629392246050905,0.3022242378807536,2.1069442313356013,-9.942243675536222,simulation_virtual_sample
overturning,56.25000000000001,103.0,11.111404660392042,16.629392246050905,0.7315266418333666,1.5451890947029574,-10.04648985359874,simulation_virtual_sample
overturning,56.25000000000001,104.5,11.111404660392042,16.629392246050905,0.9886655483405111,0.9752022990689304,-10.109104446946523,simulation_virtual_sample
overturning,56.25000000000001,106.0,11.111404660392042,16.629392246050905,1.2513138218481703,0.5416577682754123,-10.165916782910415,simulation_virtual_sample
overturning,56.25000000000001,107.5,11.111404660392042,16.629392246050905,1.533480212623562,0.11235092436157847,-10.214175933684203,simulation_virtual_sample
overturning,56.25000000000001,109.0,11.111404660392042,16.629392246050905,1.8292884211508662,-0.378822860649471,-10.262813136118067,simulation_virtual_sample
overturning,56.25000000000001,110.5,11.111404660392042,16.629392246050905,2.101556221797896,-0.875242663122331,-10.30548445862709,simulation_virtual_sample
overturning,56.25000000000001,112.0,11.111404660392042,16.629392246050905,2.3620299260701647,-1.4805108596300713,-10.325208306142093,simulation_virtual_sample
overturning,56.25000000000001,113.5,11.111404660392042,16.629392246050905,2.825521152157274,-2.092287108642845,-10.258629674972697,simulation_virtual_sample
overturning,56.25000000000001,115.0,11.111404660392042,16.629392246050905,3.298414690325608,-2.700322137304667,-10.186058996967603,simulation_virtual_sample
overturning,59.0625,100.0,10.282054883864433,17.154572200005443,-0.39832042348900915,2.5374718474233515,-9.084083913526214,simulation_virtual_sample
overturning,59.0625,101.5,10.282054883864433,17.154572200005443,0.038054524894550676,1.9815355025720933,-9.190724036747858,simulation_virtual_sample
overturning,59.0625,103.0,10.282054883864433,17.154572200005443,0.4744294732781106,1.4255991577208358,-9.297364159969499,simulation_virtual_sample
overturning,59.0625,104.5,10.282054883864433,17.154572200005443,0.9506633585891531,0.9770922199980394,-9.390292233362484,simulation_virtual_sample
overturning,59.0625,106.0,10.282054883864433,17.154572200005443,1.235978633706017,0.5508852146051505,-9.443049575649539,simulation_virtual_sample
overturning,59.0625,107.5,10.282054883864433,17.154572200005443,1.5181835721373715,0.12156111903686546,-9.493196959511039,simulation_virtual_sample
overturning,59.0625,109.0,10.282054883864433,17.154572200005443,1.8139426319792729,-0.36954705985494324,-9.539948962142137,simulation_virtual_sample
overturning,59.0625,110.5,10.282054883864433,17.154572200005443,2.114182937974688,-0.8589648700034511,-9.581930613095253,simulation_virtual_sample
overturning,59.0625,112.0,10.282054883864433,17.154572200005443,2.6368534180002983,-1.3788622081005746,-9.533760477502787,simulation_virtual_sample
overturning,59.0625,113.5,10.282054883864433,17.154572200005443,3.1090539912609985,-1.9871541855749335,-9.463134020753653,simulation_virtual_sample
overturning,59.0625,115.0,10.282054883864433,17.154572200005443,3.581254564521699,-2.595446163049292,-9.39250756400452,simulation_virtual_sample
overturning,61.87499999999999,100.0,9.427934736519957,17.6384252869671,-0.6623902685729539,2.412110528737725,-8.332848382590273,simulation_virtual_sample
overturning,61.87499999999999,101.5,9.427934736519957,17.6384252869671,-0.22210737116997045,1.8571087369276882,-8.436562632323412,simulation_virtual_sample
overturning,61.87499999999999,103.0,9.427934736519957,17.6384252869671,0.3626987441224881,1.3415018416413005,-8.505799108736369,simulation_virtual_sample
overturning,61.87499999999999,104.5,9.427934736519957,17.6384252869671,0.8494364862928702,0.9002191421839111,-8.595996208210295,simulation_virtual_sample
overturning,61.87499999999999,106.0,9.427934736519957,17.6384252869671,1.2128842345992537,0.5523756357709215,-8.712544668538913,simulation_virtual_sample
overturning,61.87499999999999,107.5,9.427934736519957,17.6384252869671,1.5028567273742366,0.13078354501201875,-8.770723040877225,simulation_virtual_sample
overturning,61.87499999999999,109.0,9.427934736519957,17.6384252869671,1.8099575049954242,-0.355847948521483,-8.803800424603445,simulation_virtual_sample
overturning,61.87499999999999,110.5,9.427934736519957,17.6384252869671,2.229692555962871,-0.7990335531387781,-8.72030816022164,simulation_virtual_sample
overturning,61.87499999999999,112.0,9.427934736519957,17.6384252869671,2.7668390083031067,-1.3148944455717892,-8.677607576700181,simulation_virtual_sample
overturning,61.87499999999999,113.5,9.427934736519957,17.6384252869671,3.3884915504092987,-1.8830629020412946,-8.664266539220975,simulation_virtual_sample
overturning,61.87499999999999,115.0,9.427934736519957,17.6384252869671,3.8646797621085534,-2.4903531530558167,-8.597313914869451,simulation_virtual_sample
overturning,64.68749999999999,100.0,8.551101868605647,18.079785862468864,-0.9160380114316873,2.273887455640923,-7.568223250527531,simulation_virtual_sample
overturning,64.68749999999999,101.5,8.551101868605647,18.079785862468864,-0.31896588469232046,1.7771286586878183,-7.642415052121322,simulation_virtual_sample
overturning,64.68749999999999,103.0,8.551101868605647,18.079785862468864,0.2660740103905073,1.261714805037572,-7.713568300205349,simulation_virtual_sample
overturning,64.68749999999999,104.5,8.551101868605647,18.079785862468864,0.7486027385741256,0.823644608576022,-7.8047849102875935,simulation_virtual_sample
overturning,64.68749999999999,106.0,8.551101868605647,18.079785862468864,1.1117986389409609,0.4756098453770126,-7.919357197562676,simulation_virtual_sample
overturning,64.68749999999999,107.5,8.551101868605647,18.079785862468864,1.4870027352233939,0.13591309453367975,-8.009687872967136,simulation_virtual_sample
overturning,64.68749999999999,109.0,8.551101868605647,18.079785862468864,1.9252922336455989,-0.29600737170525776,-7.9434825261298965,simulation_virtual_sample
overturning,64.68749999999999,110.5,8.551101868605647,18.079785862468864,2.3447270376305505,-0.7393487572640794,-7.8622298981180405,simulation_virtual_sample
overturning,64.68749999999999,112.0,8.551101868605647,18.079785862468864,2.881745477562714,-1.2550878802739303,-7.819193020383357,simulation_virtual_sample
overturning,64.68749999999999,113.5,8.551101868605647,18.079785862468864,3.5036788190053616,-1.8231101861919528,-7.803754257342046,simulation_virtual_sample
overturning,64.68749999999999,115.0,8.551101868605647,18.079785862468864,4.130522221264365,-2.36394943194003,-7.793619903009311,simulation_virtual_sample
overturning,67.49999999999997,100.0,7.653668647301805,18.47759065022573,-1.0963836060848935,2.0642439375554145,-6.755438638178252,simulation_virtual_sample
overturning,67.49999999999997,101.5,7.653668647301805,18.47759065022573,-0.43694768422008723,1.664352540954785,-6.843437494284805,simulation_virtual_sample
overturning,67.49999999999997,103.0,7.653668647301805,18.47759065022573,0.16937714792356987,1.1818682087559664,-6.920746104730166,simulation_virtual_sample
overturning,67.49999999999997,104.5,7.653668647301805,18.47759065022573,0.6476747759146135,0.7469985268474747,-7.0128343368023485,simulation_virtual_sample
overturning,67.49999999999997,106.0,7.653668647301805,18.47759065022573,1.0315962837245158,0.4142093387987772,-7.082968034661504,simulation_virtual_sample
overturning,67.49999999999997,107.5,7.653668647301805,18.47759065022573,1.4724943990353871,0.11713255412392964,-7.048518952798918,simulation_virtual_sample
overturning,67.49999999999997,109.0,7.653668647301805,18.47759065022573,2.0144419676326892,-0.25202399344565574,-7.062640655770412,simulation_virtual_sample
overturning,67.49999999999997,110.5,7.653668647301805,18.47759065022573,2.459842483216177,-0.6796219538552414,-7.003547700768263,simulation_virtual_sample
overturning,67.49999999999997,112.0,7.653668647301805,18.47759065022573,2.9967318684676796,-1.1952397173259774,-6.960181405396274,simulation_virtual_sample
overturning,67.49999999999997,113.5,7.653668647301805,18.47759065022573,3.6276167298857116,-1.7142902699318416,-6.953414727346504,simulation_virtual_sample
overturning,67.49999999999997,115.0,7.653668647301805,18.47759065022573,4.279538316793096,-2.1148787196933494,-6.972781672464567,simulation_virtual_sample
overturning,70.31250000000001,100.0,6.737797067844396,18.830881303660416,-1.27573682598611,1.8557540098011054,-5.947126477344366,simulation_virtual_sample
overturning,70.31250000000001,101.5,6.737797067844396,18.830881303660416,-0.6167548629032797,1.4553349068470036,-6.0330794242434305,simulation_virtual_sample
overturning,70.31250000000001,103.0,6.737797067844396,18.830881303660416,0.04222710017955044,1.0549158038929018,-6.119032371142494,simulation_virtual_sample
overturning,70.31250000000001,104.5,6.737797067844396,18.830881303660416,0.576542113032255,0.692269400885872,-6.156912282122857,simulation_virtual_sample
overturning,70.31250000000001,106.0,6.737797067844396,18.830881303660416,1.0131992812469053,0.39829339485929544,-6.122903166757408,simulation_virtual_sample
overturning,70.31250000000001,107.5,6.737797067844396,18.830881303660416,1.4580631728830078,0.09845182999368651,-6.09245852809969,simulation_virtual_sample
overturning,70.31250000000001,109.0,6.737797067844396,18.830881303660416,1.9999742849383007,-0.2707519093111556,-6.104165006150704,simulation_virtual_sample
overturning,70.31250000000001,110.5,6.737797067844396,18.830881303660416,2.541885396993594,-0.6399556486159979,-6.115871484201717,simulation_virtual_sample
overturning,70.31250000000001,112.0,6.737797067844396,18.830881303660416,3.1246184801161556,-1.0647861475414002,-6.113720500740483,simulation_virtual_sample
overturning,70.31250000000001,113.5,6.737797067844396,18.830881303660416,3.776176456135432,-1.4659823492545367,-6.13509035512108,simulation_virtual_sample
overturning,70.31250000000001,115.0,6.737797067844396,18.830881303660416,4.4277344321547085,-1.8671785509676728,-6.156460209501677,simulation_virtual_sample
overturning,73.125,100.0,5.805693545089246,19.13880671464418,-1.4549665116109454,1.6474076850017478,-5.139371062901394,simulation_virtual_sample
overturning,73.125,101.5,5.805693545089246,19.13880671464418,-0.7964381946339668,1.2464612391658896,-5.223279509767077,simulation_virtual_sample
overturning,73.125,103.0,5.805693545089246,19.13880671464418,-0.0885485203252725,0.8738099787878397,-5.300222084877583,simulation_virtual_sample
overturning,73.125,104.5,5.805693545089246,19.13880671464418,0.534332192412314,0.6233986071372072,-5.249223942148183,simulation_virtual_sample
overturning,73.125,106.0,5.805693545089246,19.13880671464418,0.9948185263397662,0.38239150730867894,-5.1636861935914675,simulation_virtual_sample
overturning,73.125,107.5,5.805693545089246,19.13880671464418,1.4436391722288815,0.07978045902152786,-5.136876788500065,simulation_virtual_sample
overturning,73.125,109.0,5.805693545089246,19.13880671464418,1.9855138459954087,-0.28947044839037783,-5.14616925089745,simulation_virtual_sample
overturning,73.125,110.5,5.805693545089246,19.13880671464418,2.549870176502039,-0.5918353101546094,-5.200750235255316,simulation_virtual_sample
overturning,73.125,112.0,5.805693545089246,19.13880671464418,3.232600488312521,-0.8616357184572667,-5.27728951683923,simulation_virtual_sample
overturning,73.125,113.5,5.805693545089246,19.13880671464418,3.9246338579424034,-1.2178454572285016,-5.317329625462117,simulation_virtual_sample
overturning,73.125,115.0,5.805693545089246,19.13880671464418,4.575828473520193,-1.6196489922880275,-5.340701009548494,simulation_virtual_sample
overturning,75.9375,100.0,4.85960359806528,19.400625063890878,-1.6349391094467758,1.4381977586830892,-4.3282674789919895,simulation_virtual_sample
overturning,75.9375,101.5,4.85960359806528,19.400625063890878,-0.9206556569523997,1.069240981265167,-4.40453972942876,simulation_virtual_sample
overturning,75.9375,103.0,4.85960359806528,19.400625063890878,-0.1591507819547262,0.7276029133859657,-4.476121629847659,simulation_virtual_sample
overturning,75.9375,104.5,4.85960359806528,19.400625063890878,0.45884501774158737,0.48037738430892696,-4.420689882506391,simulation_virtual_sample
overturning,75.9375,106.0,4.85960359806528,19.400625063890878,0.9530879649942136,0.314567061612967,-4.255729861942045,simulation_virtual_sample
overturning,75.9375,107.5,4.85960359806528,19.400625063890878,1.4291526525546767,0.06102815933585259,-4.177153199811734,simulation_virtual_sample
overturning,75.9375,109.0,4.85960359806528,19.400625063890878,1.9987296801128072,-0.22582540113626828,-4.243053569618407,simulation_virtual_sample
overturning,75.9375,110.5,4.85960359806528,19.400625063890878,2.5811514966851012,-0.4745021370881849,-4.3362894566917385,simulation_virtual_sample
overturning,75.9375,112.0,4.85960359806528,19.400625063890878,3.26398200599143,-0.7442750482373891,-4.412475089979458,simulation_virtual_sample
overturning,75.9375,113.5,4.85960359806528,19.400625063890878,4.01956567006923,-1.0293336209904131,-4.476306616080033,simulation_virtual_sample
overturning,75.9375,115.0,4.85960359806528,19.400625063890878,4.724536368954118,-1.3710934164556747,-4.521560464207327,simulation_virtual_sample
overturning,78.74999999999999,100.0,3.9018064403225705,19.61570560806461,-1.7439802249743723,1.1743326614465626,-3.4906922714699076,simulation_virtual_sample
overturning,78.74999999999999,101.5,3.9018064403225705,19.61570560806461,-0.9913021821125955,0.9229422524974902,-3.5799226111222704,simulation_virtual_sample
overturning,78.74999999999999,103.0,3.9018064403225705,19.61570560806461,-0.22961099052326983,0.5816900193135579,-3.6536792802301097,simulation_virtual_sample
overturning,78.74999999999999,104.5,3.9018064403225705,19.61570560806461,0.3834949646002773,0.3376159577824526,-3.5936608448491576,simulation_virtual_sample
overturning,78.74999999999999,106.0,3.9018064403225705,19.61570560806461,0.8775320825066476,0.17141566202254038,-3.426441677289437,simulation_virtual_sample
overturning,78.74999999999999,107.5,3.9018064403225705,19.61570560806461,1.444881015320786,0.09000224183379374,-3.304940842032275,simulation_virtual_sample
overturning,78.74999999999999,109.0,3.9018064403225705,19.61570560806461,2.0300232842025125,-0.10844615233724407,-3.3782533247075475,simulation_virtual_sample
overturning,78.74999999999999,110.5,3.9018064403225705,19.61570560806461,2.6123689449101333,-0.3574085414904156,-3.4735937827415237,simulation_virtual_sample
overturning,78.74999999999999,112.0,3.9018064403225705,19.61570560806461,3.2952996023610037,-0.6271534310735722,-3.5494222117822747,simulation_virtual_sample
overturning,78.74999999999999,113.5,3.9018064403225705,19.61570560806461,4.050959889671526,-0.9119254480889555,-3.6111421485783,simulation_virtual_sample
overturning,78.74999999999999,115.0,3.9018064403225705,19.61570560806461,4.8100330762398595,-1.1090658805641602,-3.672834832526722,simulation_virtual_sample
overturning,81.56249999999997,100.0,2.9346094891072436,19.78353019929562,-1.7987169604547808,0.872188184928279,-2.6418484150631656,simulation_virtual_sample
overturning,81.56249999999997,101.5,2.9346094891072436,19.78353019929562,-1.0520952556049874,0.6789570725898465,-2.7390044131170574,simulation_virtual_sample
overturning,81.56249999999997,103.0,2.9346094891072436,19.78353019929562,-0.3002694722822273,0.4353665301603538,-2.828922599277153,simulation_virtual_sample
overturning,81.56249999999997,104.5,2.9346094891072436,19.78353019929562,0.3079180665177985,0.19442474114898514,-2.764141996693181,simulation_virtual_sample
overturning,81.56249999999997,106.0,2.9346094891072436,19.78353019929562,0.8807085472833939,0.13776793628964043,-2.6136974381278746,simulation_virtual_sample
overturning,81.56249999999997,107.5,2.9346094891072436,19.78353019929562,1.4695184026499455,0.08829554119979961,-2.494146881272641,simulation_virtual_sample
overturning,81.56249999999997,109.0,2.9346094891072436,19.78353019929562,2.0577428992151137,-0.055543450716546476,-2.5417132461779555,simulation_virtual_sample
overturning,81.56249999999997,110.5,2.9346094891072436,19.78353019929562,2.6436733019021545,-0.23998895960631234,-2.608496380861171,simulation_virtual_sample
overturning,81.56249999999997,112.0,2.9346094891072436,19.78353019929562,3.3267045420363375,-0.5097051672189181,-2.683962319632353,simulation_virtual_sample
overturning,81.56249999999997,113.5,2.9346094891072436,19.78353019929562,4.086416773498962,-0.6894984670321687,-2.7468287314064086,simulation_virtual_sample
overturning,81.56249999999997,115.0,2.9346094891072436,19.78353019929562,4.847255598646797,-0.8396209627429247,-2.8106201872338183,simulation_virtual_sample
overturning,84.37500000000001,100.0,1.9603428065912065,19.90369453344394,-1.8532653744152414,0.5710832352754972,-1.7959250025563729,simulation_virtual_sample
overturning,84.37500000000001,101.5,1.9603428065912065,19.90369453344394,-1.1067866799869839,0.3770627114280972,-1.8908632301009856,simulation_virtual_sample
overturning,84.37500000000001,103.0,1.9603428065912065,19.90369453344394,-0.36030798555872656,0.18304218758069707,-1.9858014576455982,simulation_virtual_sample
overturning,84.37500000000001,104.5,1.9603428065912065,19.90369453344394,0.3164540314929234,0.16821972085002754,-1.9522787820850236,simulation_virtual_sample
overturning,84.37500000000001,106.0,1.9603428065912065,19.90369453344394,0.9052980640123465,0.13400741957387785,-1.8077005793081475,simulation_virtual_sample
overturning,84.37500000000001,107.5,1.9603428065912065,19.90369453344394,1.4940745381467668,0.08659446910717276,-1.686026844256626,simulation_virtual_sample
overturning,84.37500000000001,109.0,1.9603428065912065,19.90369453344394,2.082357501609016,-0.057248572974435696,-1.7316691168698382,simulation_virtual_sample
overturning,84.37500000000001,110.5,1.9603428065912065,19.90369453344394,2.6706404650712656,-0.20109161505604417,-1.7773113894830503,simulation_virtual_sample
overturning,84.37500000000001,112.0,1.9603428065912065,19.90369453344394,3.362854270653696,-0.2695416089510026,-1.8195764208695542,simulation_virtual_sample
overturning,84.37500000000001,113.5,1.9603428065912065,19.90369453344394,4.123602163883828,-0.4203223390185057,-1.885474204428106,simulation_virtual_sample
overturning,84.37500000000001,115.0,1.9603428065912065,19.90369453344394,4.88435005711396,-0.5711030690860087,-1.9513719879866582,simulation_virtual_sample
overturning,87.18750000000001,100.0,0.9813534865483581,19.97590912410345,-1.907889013120498,0.26956304819691584,-0.9488350231743494,simulation_virtual_sample
overturning,87.18750000000001,101.5,0.9813534865483581,19.97590912410345,-1.1615535263316543,0.07475202420615938,-1.0415524218032424,simulation_virtual_sample
overturning,87.18750000000001,103.0,0.9813534865483581,19.97590912410345,-0.3666263682512251,0.06699357823646987,-1.038368883538908,simulation_virtual_sample
overturning,87.18750000000001,104.5,0.9813534865483581,19.97590912410345,0.3271829407035205,0.0934408937955607,-1.02775927139946,simulation_virtual_sample
overturning,87.18750000000001,106.0,0.9813534865483581,19.97590912410345,0.92992948061574,0.13024049503888235,-1.0003303235422023,simulation_virtual_sample
overturning,87.18750000000001,107.5,0.9813534865483581,19.97590912410345,1.5186680526304064,0.08489080766772725,-0.8766766988542578,simulation_virtual_sample
overturning,87.18750000000001,109.0,0.9813534865483581,19.97590912410345,2.1056039195011014,-0.053711906965378746,-0.9200869813807127,simulation_virtual_sample
overturning,87.18750000000001,110.5,0.9813534865483581,19.97590912410345,2.667968472932261,-0.10064089789820702,-0.9581662961039175,simulation_virtual_sample
overturning,87.18750000000001,112.0,0.9813534865483581,19.97590912410345,3.367341197673738,-0.12483950130817495,-0.9901868465580133,simulation_virtual_sample
overturning,87.18750000000001,113.5,0.9813534865483581,19.97590912410345,4.160838834613965,-0.15077500487683973,-1.022931830365603,simulation_virtual_sample
overturning,87.18750000000001,115.0,0.9813534865483581,19.97590912410345,4.9214956705271415,-0.30221487703621713,-1.0909388463770755,simulation_virtual_sample
overturning,90.0,100.0,1.2246467991473533e-15,20.0,-1.9628528809513783,-0.03383518933819478,-0.09646885403563407,simulation_virtual_sample
overturning,90.0,101.5,1.2246467991473533e-15,20.0,-1.1650376714353075,-0.03024511817422314,-0.09000309299589788,simulation_virtual_sample
overturning,90.0,103.0,1.2246467991473533e-15,20.0,-0.3672224619192394,-0.026655047010261015,-0.0835373319561667,simulation_virtual_sample
overturning,90.0,104.5,1.2246467991473533e-15,20.0,0.33379142960079,-0.0018116618771491324,-0.07300514854149275,simulation_virtual_sample
overturning,90.0,106.0,1.2246467991473533e-15,20.0,0.9384146148010688,0.04419488495181505,-0.05842379169582099,simulation_virtual_sample
overturning,90.0,107.5,1.2246467991473533e-15,20.0,1.5382996384525986,0.09969248571577323,-0.061434186226542224,simulation_virtual_sample
overturning,90.0,109.0,1.2246467991473533e-15,20.0,2.1007312439958605,0.054781570032625945,-0.10198269516056538,simulation_virtual_sample
overturning,90.0,110.5,1.2246467991473533e-15,20.0,2.663108033396092,0.007580136818842945,-0.14211638406334168,simulation_virtual_sample
overturning,90.0,112.0,1.2246467991473533e-15,20.0,3.3624079705580403,-0.01659082384525372,-0.1738427887161399,simulation_virtual_sample
overturning,90.0,113.5,1.2246467991473533e-15,20.0,4.160640309945096,-0.024121355108143266,-0.19949459721309232,simulation_virtual_sample
overturning,90.0,115.0,1.2246467991473533e-15,20.0,4.958872649332155,-0.03165188637102542,-0.22514640571004224,simulation_virtual_sample
overturning,92.81249999999999,100.0,-0.9813534865483557,19.97590912410345,-1.9084360966547171,-0.3162816460363208,0.8320720031361811,simulation_virtual_sample
overturning,92.81249999999999,101.5,-0.9813534865483557,19.97590912410345,-1.159270820102968,-0.14593264073592352,0.8638026064791064,simulation_virtual_sample
overturning,92.81249999999999,103.0,-0.9813534865483557,19.97590912410345,-0.3678186680181858,-0.12032133559213705,0.8714743131373799,simulation_virtual_sample
overturning,92.81249999999999,104.5,-0.9813534865483557,19.97590912410345,0.34039863395186054,-0.09704570252921539,0.8815633909253581,simulation_virtual_sample
overturning,92.81249999999999,106.0,-0.9813534865483557,19.97590912410345,0.9425802339010458,-0.04111796460829008,0.8797506310675116,simulation_virtual_sample
overturning,92.81249999999999,107.5,-0.9813534865483557,19.97590912410345,1.5300852439792996,0.06761190652185874,0.7796085300284744,simulation_virtual_sample
overturning,92.81249999999999,109.0,-0.9813534865483557,19.97590912410345,2.0956289982256116,0.15357698163258993,0.7175951106855402,simulation_virtual_sample
overturning,92.81249999999999,110.5,-0.9813534865483557,19.97590912410345,2.6582474035732355,0.11580540840009153,0.673965476411895,simulation_virtual_sample
overturning,92.81249999999999,112.0,-0.9813534865483557,19.97590912410345,3.3574745650469673,0.09166176810668816,0.642530789762164,simulation_virtual_sample
overturning,92.81249999999999,113.5,-0.9813534865483557,19.97590912410345,4.151712728119502,0.10175180914392401,0.6250842510987319,simulation_virtual_sample
overturning,92.81249999999999,115.0,-0.9813534865483557,19.97590912410345,4.920079792448792,0.2245997260309703,0.6479749115105035,simulation_virtual_sample
overturning,95.62499999999999,100.0,-1.960342806591204,19.90369453344394,-1.8543561550088998,-0.596979744862443,1.7548651453743638,simulation_virtual_sample
overturning,95.62499999999999,101.5,-1.960342806591204,19.90369453344394,-1.1050584679623505,-0.427318006837561,1.7888551353372288,simulation_virtual_sample
overturning,95.62499999999999,103.0,-1.960342806591204,19.90369453344394,-0.35576078091580127,-0.2576562688126794,1.822845125300095,simulation_virtual_sample
overturning,95.62499999999999,104.5,-1.960342806591204,19.90369453344394,0.3449206245386803,-0.18392107860624876,1.8236538373829336,simulation_virtual_sample
overturning,95.62499999999999,106.0,-1.960342806591204,19.90369453344394,0.9339766007686083,-0.07351841333343725,1.7185357118150149,simulation_virtual_sample
overturning,95.62499999999999,107.5,-1.960342806591204,19.90369453344394,1.5219205741859063,0.03572552259538799,1.6155601126656234,simulation_virtual_sample
overturning,95.62499999999999,109.0,-1.960342806591204,19.90369453344394,2.08744245958031,0.1216051908708625,1.5557857675076305,simulation_virtual_sample
overturning,95.62499999999999,110.5,-1.960342806591204,19.90369453344394,2.652964344974714,0.20748485914633696,1.4960114223496375,simulation_virtual_sample
overturning,95.62499999999999,112.0,-1.960342806591204,19.90369453344394,3.344603823895851,0.23481850484136702,1.4741666547441141,simulation_virtual_sample
overturning,95.62499999999999,113.5,-1.960342806591204,19.90369453344394,4.113065444605066,0.35704181640760496,1.4949291091503303,simulation_virtual_sample
overturning,95.62499999999999,115.0,-1.960342806591204,19.90369453344394,4.88152706531428,0.4792651279738431,1.5156915635565469,simulation_virtual_sample
overturning,98.43750000000003,100.0,-2.934609489107242,19.78353019929562,-1.800350689357456,-0.8772912813256514,2.6763874664027267,simulation_virtual_sample
overturning,98.43750000000003,101.5,-2.934609489107242,19.78353019929562,-1.0509207741647368,-0.7083158641086637,2.712633731479491,simulation_virtual_sample
overturning,98.43750000000003,103.0,-2.934609489107242,19.78353019929562,-0.3016049255107561,-0.5072336848662998,2.732293353116735,simulation_virtual_sample
overturning,98.43750000000003,104.5,-2.934609489107242,19.78353019929562,0.35633230332303845,-0.24438071118063054,2.664604278973628,simulation_virtual_sample
overturning,98.43750000000003,106.0,-2.934609489107242,19.78353019929562,0.9253819732663631,-0.10588494772788513,2.556442815999436,simulation_virtual_sample
overturning,98.43750000000003,107.5,-2.934609489107242,19.78353019929562,1.513766031066894,0.0038786874853873306,2.4504748610290648,simulation_virtual_sample
overturning,98.43750000000003,109.0,-2.934609489107242,19.78353019929562,2.079266074733419,0.0896730548560631,2.3929368129228576,simulation_virtual_sample
overturning,98.43750000000003,110.5,-2.934609489107242,19.78353019929562,2.6305751261483366,0.22575896008990706,2.3602204562153117,simulation_virtual_sample
overturning,98.43750000000003,112.0,-2.934609489107242,19.78353019929562,3.303252556786175,0.46262417591865124,2.3542034014417577,simulation_virtual_sample
overturning,98.43750000000003,113.5,-2.934609489107242,19.78353019929562,4.0744713840561495,0.611980251968988,2.3635760635285403,simulation_virtual_sample
overturning,98.43750000000003,115.0,-2.934609489107242,19.78353019929562,4.843027430927316,0.733579818387357,2.3822132427803395,simulation_virtual_sample
overturning,101.25000000000001,100.0,-3.9018064403225683,19.61570560806461,-1.7461587766466287,-1.1585705580176389,3.6010912270287214,simulation_virtual_sample
overturning,101.25000000000001,101.5,-3.9018064403225683,19.61570560806461,-0.9968695220302286,-0.9392140879694773,3.611871799257554,simulation_virtual_sample
overturning,101.25000000000001,103.0,-3.9018064403225683,19.61570560806461,-0.24808038591791656,-0.6264192794531794,3.5719173901092294,simulation_virtual_sample
overturning,101.25000000000001,104.5,-3.9018064403225683,19.61570560806461,0.4098386001202516,-0.3635256836816276,3.5039421464851848,simulation_virtual_sample
overturning,101.25000000000001,106.0,-3.9018064403225683,19.61570560806461,0.9400062964586546,-0.17078652564922464,3.396573353496296,simulation_virtual_sample
overturning,101.25000000000001,107.5,-3.9018064403225683,19.61570560806461,1.5055822128957315,-0.028082478709144838,3.288386978152762,simulation_virtual_sample
overturning,101.25000000000001,109.0,-3.9018064403225683,19.61570560806461,2.054688364695338,0.11577550627466154,3.259993729825613,simulation_virtual_sample
overturning,101.25000000000001,110.5,-3.9018064403225683,19.61570560806461,2.579029960571017,0.3475911149534466,3.2722906508106737,simulation_virtual_sample
overturning,101.25000000000001,112.0,-3.9018064403225683,19.61570560806461,3.2519414551974353,0.5845047374448405,3.2665410530210632,simulation_virtual_sample
overturning,101.25000000000001,113.5,-3.9018064403225683,19.61570560806461,4.031757107390588,0.8250866593460294,3.247805999208123,simulation_virtual_sample
overturning,101.25000000000001,115.0,-3.9018064403225683,19.61570560806461,4.804394881407925,0.988772498197197,3.2517264788222158,simulation_virtual_sample
overturning,104.0625,100.0,-4.859603598065277,19.400625063890878,-1.65035096235385,-1.4131686470841487,4.4977250134398465,simulation_virtual_sample
overturning,104.0625,101.5,-4.859603598065277,19.400625063890878,-0.9433618290458151,-1.058362169425791,4.45123156835564,simulation_virtual_sample
overturning,104.0625,103.0,-4.859603598065277,19.400625063890878,-0.19470319608040765,-0.7452767634512507,4.409229993928028,simulation_virtual_sample
overturning,104.0625,104.5,-4.859603598065277,19.400625063890878,0.46319759738342364,-0.48234265742391313,4.340969368629972,simulation_virtual_sample
overturning,104.0625,106.0,-4.859603598065277,19.400625063890878,0.9935049948065215,-0.2899145783278346,4.235792026321388,simulation_virtual_sample
overturning,104.0625,107.5,-4.859603598065277,19.400625063890878,1.4971395770239613,-0.03981687538624208,4.167337633036634,simulation_virtual_sample
overturning,104.0625,109.0,-4.859603598065277,19.400625063890878,2.003149390630963,0.23759302687802603,4.1719543681832105,simulation_virtual_sample
overturning,104.0625,110.5,-4.859603598065277,19.400625063890878,2.5276258230265234,0.4690899359544819,4.181865413217547,simulation_virtual_sample
overturning,104.0625,112.0,-4.859603598065277,19.400625063890878,3.200770231434084,0.7060530436232523,4.176391605263768,simulation_virtual_sample
overturning,104.0625,113.5,-4.859603598065277,19.400625063890878,3.9804601605719716,0.9469335986875971,4.159891971729057,simulation_virtual_sample
overturning,104.0625,115.0,-4.859603598065277,19.400625063890878,4.700777060935414,1.2498387074252453,4.125323581465324,simulation_virtual_sample
overturning,106.875,100.0,-5.805693545089243,19.13880671464418,-1.500352441875097,-1.628705731006587,5.344673731272689,simulation_virtual_sample
overturning,106.875,101.5,-5.805693545089243,19.13880671464418,-0.8372284943900843,-1.230139789514454,5.295485823710777,simulation_virtual_sample
overturning,106.875,103.0,-5.805693545089243,19.13880671464418,-0.14121554473942824,-0.864380217243182,5.248275375537756,simulation_virtual_sample
overturning,106.875,104.5,-5.805693545089243,19.13880671464418,0.5166670185014166,-0.6014055171260506,5.179728777982167,simulation_virtual_sample
overturning,106.875,106.0,-5.805693545089243,19.13880671464418,1.0171097959825774,-0.34447023466379423,5.115560228616767,simulation_virtual_sample
overturning,106.875,107.5,-5.805693545089243,19.13880671464418,1.4887445224610156,-0.02524663173805993,5.088715408612377,simulation_virtual_sample
overturning,106.875,109.0,-5.805693545089243,19.13880671464418,1.9723648850626372,0.30781298408958085,5.089331524385221,simulation_virtual_sample
overturning,106.875,110.5,-5.805693545089243,19.13880671464418,2.476114432960164,0.5908422590193325,5.093337964241337,simulation_virtual_sample
overturning,106.875,112.0,-5.805693545089243,19.13880671464418,3.1494917304034553,0.8278561682165823,5.08814960223215,simulation_virtual_sample
overturning,106.875,113.5,-5.805693545089243,19.13880671464418,3.854154965468287,1.1470761539124879,5.048302827777906,simulation_virtual_sample
overturning,106.875,115.0,-5.805693545089243,19.13880671464418,4.511909436434525,1.5151710850569184,4.992431289295681,simulation_virtual_sample
overturning,109.68749999999999,100.0,-6.737797067844395,18.83088130366042,-1.3509731030597467,-1.8433530954189796,6.188126313848659,simulation_virtual_sample
overturning,109.68749999999999,101.5,-6.737797067844395,18.83088130366042,-0.6874834119817589,-1.4453127011605225,6.141003533770252,simulation_virtual_sample
overturning,109.68749999999999,103.0,-6.737797067844395,18.83088130366042,-0.02399372090377097,-1.0472723069020657,6.093880753691846,simulation_virtual_sample
overturning,109.68749999999999,104.5,-6.737797067844395,18.83088130366042,0.5370880485461953,-0.6490879970953188,6.064821772280078,simulation_virtual_sample
overturning,109.68749999999999,106.0,-6.737797067844395,18.83088130366042,1.0087282956905779,-0.32992134091900377,6.035534696879424,simulation_virtual_sample
overturning,109.68749999999999,107.5,-6.737797067844395,18.83088130366042,1.4803841229156038,-0.010736534458826698,6.0062897112353255,simulation_virtual_sample
overturning,109.68749999999999,109.0,-6.737797067844395,18.83088130366042,1.963982599044638,0.3223610669751968,6.009307920916691,simulation_virtual_sample
overturning,109.68749999999999,110.5,-6.737797067844395,18.83088130366042,2.447581075173672,0.6554586684092204,6.012326130598058,simulation_virtual_sample
overturning,109.68749999999999,112.0,-6.737797067844395,18.83088130366042,3.0073914627579796,1.0445122576346397,5.971931287055541,simulation_virtual_sample
overturning,109.68749999999999,113.5,-6.737797067844395,18.83088130366042,3.6656064524237446,1.4119602249502408,5.913945467128762,simulation_virtual_sample
overturning,109.68749999999999,115.0,-6.737797067844395,18.83088130366042,4.32382144208951,1.779408192265842,5.855959647201986,simulation_virtual_sample
overturning,112.50000000000003,100.0,-7.653668647301802,18.477590650225732,-1.201490804355455,-2.058148405785455,7.032160247131612,simulation_virtual_sample
overturning,112.50000000000003,101.5,-7.653668647301802,18.477590650225732,-0.5376351175952809,-1.6606339209947376,6.9871040179283135,simulation_virtual_sample
overturning,112.50000000000003,103.0,-7.653668647301802,18.477590650225732,0.08046731578014658,-1.1790565687669505,6.922318371084526,simulation_virtual_sample
overturning,112.50000000000003,104.5,-7.653668647301802,18.477590650225732,0.5929304051208992,-0.7067729265720593,6.9082932934953325,simulation_virtual_sample
overturning,112.50000000000003,106.0,-7.653668647301802,18.477590650225732,1.0003410138607873,-0.31536241138395216,6.956143761213157,simulation_virtual_sample
overturning,112.50000000000003,107.5,-7.653668647301802,18.477590650225732,1.4720179618705327,0.0037835623329993033,6.924496352540589,simulation_virtual_sample
overturning,112.50000000000003,109.0,-7.653668647301802,18.477590650225732,1.9555945364440999,0.33691917555086975,6.929918311513474,simulation_virtual_sample
overturning,112.50000000000003,110.5,-7.653668647301802,18.477590650225732,2.382537029577943,0.7057204474504891,6.874638188030409,simulation_virtual_sample
overturning,112.50000000000003,112.0,-7.653668647301802,18.477590650225732,2.8842532061861546,1.1825942444621624,6.823666974995876,simulation_virtual_sample
overturning,112.50000000000003,113.5,-7.653668647301802,18.477590650225732,3.4769279820898142,1.6770268676525402,6.780184751709924,simulation_virtual_sample
overturning,112.50000000000003,115.0,-7.653668647301802,18.477590650225732,4.135603807868171,2.043827425218715,6.720083193067568,simulation_virtual_sample
overturning,115.31250000000001,100.0,-8.551101868605645,18.079785862468864,-1.0511814089356137,-2.274132194635735,7.880864283163065,simulation_virtual_sample
overturning,115.31250000000001,101.5,-8.551101868605645,18.079785862468864,-0.44160444115504643,-1.7769899140209107,7.811112986357961,simulation_virtual_sample
overturning,115.31250000000001,103.0,-8.551101868605645,18.079785862468864,0.15742390721593677,-1.260514110126623,7.736193609144954,simulation_virtual_sample
overturning,115.31250000000001,104.5,-8.551101868605645,18.079785862468864,0.6698607574550504,-0.7882026941872499,7.721891032842621,simulation_virtual_sample
overturning,115.31250000000001,106.0,-8.551101868605645,18.079785862468864,1.0605615309477787,-0.3779805068387595,7.792807579514058,simulation_virtual_sample
overturning,115.31250000000001,107.5,-8.551101868605645,18.079785862468864,1.4636055111556938,0.018383998300925214,7.847783398343836,simulation_virtual_sample
overturning,115.31250000000001,109.0,-8.551101868605645,18.079785862468864,1.886648575453617,0.38962402658041645,7.786626765125877,simulation_virtual_sample
overturning,115.31250000000001,110.5,-8.551101868605645,18.079785862468864,2.299008673573611,0.7675844292623217,7.713289335618789,simulation_virtual_sample
overturning,115.31250000000001,112.0,-8.551101868605645,18.079785862468864,2.8006962727544087,1.2444793917025307,7.662605049005921,simulation_virtual_sample
overturning,115.31250000000001,113.5,-8.551101868605645,18.079785862468864,3.365922983330642,1.7917470158503868,7.628034059560439,simulation_virtual_sample
overturning,115.31250000000001,115.0,-8.551101868605645,18.079785862468864,3.946344751428804,2.309709709522813,7.588987999007484,simulation_virtual_sample
overturning,118.125,100.0,-9.427934736519955,17.638425286967102,-0.7760783869358749,-2.436107705234909,8.598031822485323,simulation_virtual_sample
overturning,118.125,101.5,-9.427934736519955,17.638425286967102,-0.36451283222295466,-1.858590369627226,8.626416138452713,simulation_virtual_sample
overturning,118.125,103.0,-9.427934736519955,17.638425286967102,0.2343274927628955,-1.341915545449097,8.549508269097824,simulation_virtual_sample
overturning,118.125,104.5,-9.427934736519955,17.638425286967102,0.746738121973246,-0.8695763748951434,8.534928385216935,simulation_virtual_sample
overturning,118.125,106.0,-9.427934736519955,17.638425286967102,1.1376401469316026,-0.4595672095799744,8.607973321171764,simulation_virtual_sample
overturning,118.125,107.5,-9.427934736519955,17.638425286967102,1.473592238192901,0.023743150320587155,8.65605244988229,simulation_virtual_sample
overturning,118.125,109.0,-9.427934736519955,17.638425286967102,1.8029594508682087,0.45160707914919224,8.626892080183438,simulation_virtual_sample
overturning,118.125,110.5,-9.427934736519955,17.638425286967102,2.215537849934864,0.8294058006195926,8.551362840036287,simulation_virtual_sample
overturning,118.125,112.0,-9.427934736519955,17.638425286967102,2.7171968913717066,1.306321913910089,8.500965282216919,simulation_virtual_sample
overturning,118.125,113.5,-9.427934736519955,17.638425286967102,3.28221945234643,1.853740738295072,8.468444019424464,simulation_virtual_sample
overturning,118.125,115.0,-9.427934736519955,17.638425286967102,3.7205854438055663,2.459459726065987,8.409859555714284,simulation_virtual_sample
overturning,120.9375,100.0,-10.282054883864433,17.154572200005443,-0.4821312209024176,-2.587953533115956,9.288261794917965,simulation_virtual_sample
overturning,120.9375,101.5,-10.282054883864433,17.154572200005443,-0.07574773494928619,-2.008890589777182,9.32165426175873,simulation_virtual_sample
overturning,120.9375,103.0,-10.282054883864433,17.154572200005443,0.3306357510038446,-1.429827646438407,9.3550467285995,simulation_virtual_sample
overturning,120.9375,104.5,-10.282054883864433,17.154572200005443,0.8239341453824096,-0.951287351854162,9.351335800842598,simulation_virtual_sample
overturning,120.9375,106.0,-10.282054883864433,17.154572200005443,1.1565076296109709,-0.46344411526762336,9.396067837880466,simulation_virtual_sample
overturning,120.9375,107.5,-10.282054883864433,17.154572200005443,1.4867904580045868,0.027391901652718997,9.439554973761794,simulation_virtual_sample
overturning,120.9375,109.0,-10.282054883864433,17.154572200005443,1.8075076866927722,0.4604905629167183,9.41728544700667,simulation_virtual_sample
overturning,120.9375,110.5,-10.282054883864433,17.154572200005443,2.1317210373271203,0.8914834233423763,9.392910183276705,simulation_virtual_sample
overturning,120.9375,112.0,-10.282054883864433,17.154572200005443,2.6204586534141794,1.3743439355533629,9.339731308913786,simulation_virtual_sample
overturning,120.9375,113.5,-10.282054883864433,17.154572200005443,3.0553969405331323,1.9815834583390992,9.278349349517988,simulation_virtual_sample
overturning,120.9375,115.0,-10.282054883864433,17.154572200005443,3.490335227652085,2.5888229811248356,9.216967390122194,simulation_virtual_sample
overturning,123.74999999999999,100.0,-11.11140466039204,16.62939224605091,-0.18879110799406576,-2.7394857723831256,9.977066319820487,simulation_virtual_sample
overturning,123.74999999999999,101.5,-11.11140466039204,16.62939224605091,0.2183105982143539,-2.1607938438451977,10.012145270506968,simulation_virtual_sample
overturning,123.74999999999999,103.0,-11.11140466039204,16.62939224605091,0.617145158759244,-1.575070267660638,10.050080350004137,simulation_virtual_sample
overturning,123.74999999999999,104.5,-11.11140466039204,16.62939224605091,0.8629438988845852,-0.9557457418053996,10.131043774984096,simulation_virtual_sample
overturning,123.74999999999999,106.0,-11.11140466039204,16.62939224605091,1.1697115423290632,-0.45980249142818963,10.179987618048827,simulation_virtual_sample
overturning,123.74999999999999,107.5,-11.11140466039204,16.62939224605091,1.4999614224421856,0.031033118023021774,10.22143950258653,simulation_virtual_sample
overturning,123.74999999999999,109.0,-11.11140466039204,16.62939224605091,1.8207131366108191,0.4641413130684334,10.20121718078435,simulation_virtual_sample
overturning,123.74999999999999,110.5,-11.11140466039204,16.62939224605091,2.1179415499882372,0.9030841203312197,10.16731124143993,simulation_virtual_sample
overturning,123.74999999999999,112.0,-11.11140466039204,16.62939224605091,2.3957589777186588,1.4989196908324496,10.143594356534235,simulation_virtual_sample
overturning,123.74999999999999,113.5,-11.11140466039204,16.62939224605091,2.825059646636738,2.1109956369579534,10.085762421982489,simulation_virtual_sample
overturning,123.74999999999999,115.0,-11.11140466039204,16.62939224605091,3.260560519104812,2.71791907807729,10.022408403448663,simulation_virtual_sample
overturning,126.56249999999997,100.0,-11.913986089848658,16.064150629612904,0.1053587814124076,-2.891436322139269,10.667772315716991,simulation_virtual_sample
overturning,126.56249999999997,101.5,-11.913986089848658,16.064150629612904,0.48748079668928324,-2.2913495522893004,10.712677185418015,simulation_virtual_sample
overturning,126.56249999999997,103.0,-11.913986089848658,16.064150629612904,0.761416884807394,-1.5996332161547682,10.791826113649615,simulation_virtual_sample
overturning,126.56249999999997,104.5,-11.913986089848658,16.064150629612904,1.0071413676993337,-0.9803646460913985,10.872537945884167,simulation_virtual_sample
overturning,126.56249999999997,106.0,-11.913986089848658,16.064150629612904,1.213298917655962,-0.4627044701080552,10.955441759658717,simulation_virtual_sample
overturning,126.56249999999997,107.5,-11.913986089848658,16.064150629612904,1.5131687471250896,0.03468438646817803,11.005482530388596,simulation_virtual_sample
overturning,126.56249999999997,109.0,-11.913986089848658,16.064150629612904,1.803489727576034,0.4753497349432582,10.968595540165841,simulation_virtual_sample
overturning,126.56249999999997,110.5,-11.913986089848658,16.064150629612904,2.0000391837557943,0.9392463989315115,10.87409644644567,simulation_virtual_sample
overturning,126.56249999999997,112.0,-11.913986089848658,16.064150629612904,2.2777649242134435,1.5350108015391102,10.850576030380594,simulation_virtual_sample
overturning,126.56249999999997,113.5,-11.913986089848658,16.064150629612904,2.6133701388553097,2.2247981745381784,10.877664096552822,simulation_virtual_sample
overturning,126.56249999999997,115.0,-11.913986089848658,16.064150629612904,3.0301515087670357,2.847371549697617,10.83007286721547,simulation_virtual_sample
overturning,129.37500000000003,100.0,-12.687865683272914,15.460209067254736,0.3924291603612748,-2.9990591933126645,11.361350221728081,simulation_virtual_sample
overturning,129.37500000000003,101.5,-12.687865683272914,15.460209067254736,0.6316075324337228,-2.315887815493668,11.45367750886885,simulation_virtual_sample
overturning,129.37500000000003,103.0,-12.687865683272914,15.460209067254736,0.9051919867900898,-1.6241116120364443,11.531018578691373,simulation_virtual_sample
overturning,129.37500000000003,104.5,-12.687865683272914,15.460209067254736,1.1508430049330765,-1.0048988968093766,11.61148244493434,simulation_virtual_sample
overturning,129.37500000000003,106.0,-12.687865683272914,15.460209067254736,1.3573764952449867,-0.4873029053065236,11.69631942427926,simulation_virtual_sample
overturning,129.37500000000003,107.5,-12.687865683272914,15.460209067254736,1.525575675654432,0.03250184114818238,11.747413900830818,simulation_virtual_sample
overturning,129.37500000000003,109.0,-12.687865683272914,15.460209067254736,1.6856855047924222,0.5114819115968902,11.674792408059966,simulation_virtual_sample
overturning,129.37500000000003,110.5,-12.687865683272914,15.460209067254736,1.8825422348698033,0.9752843304512463,11.5784513102167,simulation_virtual_sample
overturning,129.37500000000003,112.0,-12.687865683272914,15.460209067254736,2.160177042556991,1.5709776755344766,11.555124055708427,simulation_virtual_sample
overturning,129.37500000000003,113.5,-12.687865683272914,15.460209067254736,2.4954946687506814,2.2608530138691916,11.583935257550884,simulation_virtual_sample
overturning,129.37500000000003,115.0,-12.687865683272914,15.460209067254736,2.7796706499866226,2.9394936695648464,11.587532507329103,simulation_virtual_sample
overturning,132.1875,100.0,-13.431179096940369,14.81902250709918,0.6558480215383227,-2.993564513728722,12.047757707556674,simulation_virtual_sample
overturning,132.1875,101.5,-13.431179096940369,14.81902250709918,0.8236491608871765,-2.328392246060075,12.173137515115691,simulation_virtual_sample
overturning,132.1875,103.0,-13.431179096940369,14.81902250709918,1.0491651033246898,-1.6486237208386827,12.271229098060466,simulation_virtual_sample
overturning,132.1875,104.5,-13.431179096940369,14.81902250709918,1.294743092594396,-1.0294670290657906,12.351447418452405,simulation_virtual_sample
overturning,132.1875,106.0,-13.431179096940369,14.81902250709918,1.4560097313468208,-0.5092696675083422,12.3968840877011,simulation_virtual_sample
overturning,132.1875,107.5,-13.431179096940369,14.81902250709918,1.5361073955416749,0.015666053226112354,12.36881425716881,simulation_virtual_sample
overturning,132.1875,109.0,-13.431179096940369,14.81902250709918,1.6114997952772436,0.5296044578538274,12.352521295593556,simulation_virtual_sample
overturning,132.1875,110.5,-13.431179096940369,14.81902250709918,1.7648830269933653,1.0113720290367785,12.283778862301727,simulation_virtual_sample
overturning,132.1875,112.0,-13.431179096940369,14.81902250709918,2.0424272157128245,1.6069940840743782,12.260642403493028,simulation_virtual_sample
overturning,132.1875,113.5,-13.431179096940369,14.81902250709918,2.306318273195443,2.281192979619961,12.25441625696517,simulation_virtual_sample
overturning,132.1875,115.0,-13.431179096940369,14.81902250709918,2.4841621929682263,2.9363235645326973,12.203722840371972,simulation_virtual_sample
overturning,135.0,100.0,-14.14213562373095,14.142135623730951,0.9179984488991048,-2.9880962925288252,12.730859953726753,simulation_virtual_sample
overturning,135.0,101.5,-14.14213562373095,14.142135623730951,1.0864418626575105,-2.3229106275959515,12.857913377065229,simulation_virtual_sample
overturning,135.0,103.0,-14.14213562373095,14.142135623730951,1.2548852764159164,-1.6577249626630772,12.984966800403704,simulation_virtual_sample
overturning,135.0,104.5,-14.14213562373095,14.142135623730951,1.3864461267488883,-1.0510520826077836,13.046604311771334,simulation_virtual_sample
overturning,135.0,106.0,-14.14213562373095,14.142135623730951,1.4665172062970748,-0.5260705024331667,13.016913379105612,simulation_virtual_sample
overturning,135.0,107.5,-14.14213562373095,14.142135623730951,1.5465882858452613,-0.001088922258550795,12.987222446439889,simulation_virtual_sample
overturning,135.0,109.0,-14.14213562373095,14.142135623730951,1.6220082360824408,0.5128058833871598,12.972548122248543,simulation_virtual_sample
overturning,135.0,110.5,-14.14213562373095,14.142135623730951,1.6974280751574937,1.0267004240586342,12.957874156954581,simulation_virtual_sample
overturning,135.0,112.0,-14.14213562373095,14.142135623730951,1.8329478182772743,1.6228920957396402,12.92133770287295,simulation_virtual_sample
overturning,135.0,113.5,-14.14213562373095,14.142135623730951,2.0115122541091632,2.278030410081198,12.86914187570612,simulation_virtual_sample
overturning,135.0,115.0,-14.14213562373095,14.142135623730951,2.190076689941052,2.933168724422756,12.816946048539288,simulation_virtual_sample
overturning,137.8125,100.0,-14.819022507099177,13.43117909694037,1.1801488762598868,-2.982628071328928,13.413962199896831,simulation_virtual_sample
overturning,137.8125,101.5,-14.819022507099177,13.43117909694037,1.3492345644278454,-2.317429009131828,13.542689239014766,simulation_virtual_sample
overturning,137.8125,103.0,-14.819022507099177,13.43117909694037,1.4422377486982028,-1.6447766840934883,13.600120212974456,simulation_virtual_sample
overturning,137.8125,104.5,-14.819022507099177,13.43117909694037,1.4552418707873283,-1.0449946960791257,13.618541333761407,simulation_virtual_sample
overturning,137.8125,106.0,-14.819022507099177,13.43117909694037,1.477024698476705,-0.5428713649067515,13.636943687188056,simulation_virtual_sample
overturning,137.8125,107.5,-14.819022507099177,13.43117909694037,1.55706834170694,-0.01784591567215324,13.605633781281014,simulation_virtual_sample
overturning,137.8125,109.0,-14.819022507099177,13.43117909694037,1.6325166715749293,0.49600731741327864,13.592574635439112,simulation_virtual_sample
overturning,137.8125,110.5,-14.819022507099177,13.43117909694037,1.63650345289773,0.9988317410865211,13.535397573715302,simulation_virtual_sample
overturning,137.8125,112.0,-14.819022507099177,13.43117909694037,1.6287135846811087,1.6043025238272162,13.504802269039565,simulation_virtual_sample
overturning,137.8125,113.5,-14.819022507099177,13.43117909694037,1.7167062350228839,2.2748678405424356,13.483867494447068,simulation_virtual_sample
overturning,137.8125,115.0,-14.819022507099177,13.43117909694037,1.895991186913878,2.9300138843128147,13.430169256706604,simulation_virtual_sample
overturning,140.62499999999997,100.0,-15.460209067254734,12.687865683272916,1.4435677374369351,-2.9771333917449856,14.100369685725424,simulation_virtual_sample
overturning,140.62499999999997,101.5,-15.460209067254734,12.687865683272916,1.5186332525660158,-2.3027506832565448,14.140614505437776,simulation_virtual_sample
overturning,140.62499999999997,103.0,-15.460209067254734,12.687865683272916,1.5484761802094145,-1.6239872952612862,14.137787203019984,simulation_virtual_sample
overturning,140.62499999999997,104.5,-15.460209067254734,12.687865683272916,1.5614595454682905,-1.0241424173984728,14.156009092958413,simulation_virtual_sample
overturning,140.62499999999997,106.0,-15.460209067254734,12.687865683272916,1.5508330547245353,-0.5348137331160822,14.203707928333944,simulation_virtual_sample
overturning,140.62499999999997,107.5,-15.460209067254734,12.687865683272916,1.567599123386767,-0.03468401668783686,14.227038365521388,simulation_virtual_sample
overturning,140.62499999999997,109.0,-15.460209067254734,12.687865683272916,1.5654536459237824,0.4672176883259331,14.165435294412315,simulation_virtual_sample
overturning,140.62499999999997,110.5,-15.460209067254734,12.687865683272916,1.5295511169691347,0.963935369389007,14.082026408862951,simulation_virtual_sample
overturning,140.62499999999997,112.0,-15.460209067254734,12.687865683272916,1.5217431293170773,1.5694632600102056,14.051648065169395,simulation_virtual_sample
overturning,140.62499999999997,113.5,-15.460209067254734,12.687865683272916,1.5339971732128477,2.25269143530128,14.059138302146051,simulation_virtual_sample
overturning,140.62499999999997,115.0,-15.460209067254734,12.687865683272916,1.6004827298954825,2.9268437792806656,14.046359589749473,simulation_virtual_sample
overturning,143.43750000000003,100.0,-16.0641506296129,11.913986089848663,1.7239280135629818,-2.8775126511482036,14.617529755192274,simulation_virtual_sample
overturning,143.43750000000003,101.5,-16.0641506296129,11.913986089848663,1.624985044268737,-2.2819391114057694,14.678855205317808,simulation_virtual_sample
overturning,143.43750000000003,103.0,-16.0641506296129,11.913986089848663,1.6545684985313789,-1.603226498755435,14.674714722070403,simulation_virtual_sample
overturning,143.43750000000003,104.5,-16.0641506296129,11.913986089848663,1.667530739712263,-1.0033188952397694,14.692735652421277,simulation_virtual_sample
overturning,143.43750000000003,106.0,-16.0641506296129,11.913986089848663,1.6571816371536752,-0.5139357550887372,14.74183808853235,simulation_virtual_sample
overturning,143.43750000000003,107.5,-16.0641506296129,11.913986089848663,1.5629372211171533,-0.04246538123890669,14.738068374083905,simulation_virtual_sample
overturning,143.43750000000003,109.0,-16.0641506296129,11.913986089848663,1.4583693868318024,0.4322782727836541,14.712738383231038,simulation_virtual_sample
overturning,143.43750000000003,110.5,-16.0641506296129,11.913986089848663,1.4227462773883566,0.9290871227495647,14.627901396456958,simulation_virtual_sample
overturning,143.43750000000003,112.0,-16.0641506296129,11.913986089848663,1.414919796605495,1.5346719126471797,14.597741752656397,simulation_virtual_sample
overturning,143.43750000000003,113.5,-16.0641506296129,11.913986089848663,1.42691258045133,2.217814998015307,14.60656758233963,simulation_virtual_sample
overturning,143.43750000000003,115.0,-16.0641506296129,11.913986089848663,1.3302597969016834,2.83579402371245,14.574815120402238,simulation_virtual_sample
overturning,146.25,100.0,-16.629392246050905,11.111404660392044,2.0087409907767397,-2.741089765102704,15.062755481630015,simulation_virtual_sample
overturning,146.25,101.5,-16.629392246050905,11.111404660392044,1.8799635234793475,-2.16493214258468,15.140722662287228,simulation_virtual_sample
overturning,146.25,103.0,-16.629392246050905,11.111404660392044,1.761027280747968,-1.5823939903437327,15.213496895188852,simulation_virtual_sample
overturning,146.25,104.5,-16.629392246050905,11.111404660392044,1.7739679273117264,-0.9824235225583834,15.231314160057998,simulation_virtual_sample
overturning,146.25,106.0,-16.629392246050905,11.111404660392044,1.6735528837777063,-0.5122676929099665,15.22289135191001,simulation_virtual_sample
overturning,146.25,107.5,-16.629392246050905,11.111404660392044,1.5521005283525615,-0.046601803937862535,15.200745413860835,simulation_virtual_sample
overturning,146.25,109.0,-16.629392246050905,11.111404660392044,1.4252035954864801,0.4209939457307162,15.195874146106984,simulation_virtual_sample
overturning,146.25,110.5,-16.629392246050905,11.111404660392044,1.3155729158275864,0.8941186348841514,15.175659884199892,simulation_virtual_sample
overturning,146.25,112.0,-16.629392246050905,11.111404660392044,1.3077274776296366,1.499760389953851,15.145721742176624,simulation_virtual_sample
overturning,146.25,113.5,-16.629392246050905,11.111404660392044,1.1942107351553304,2.107561976139674,15.106416316139446,simulation_virtual_sample
overturning,146.25,115.0,-16.629392246050905,11.111404660392044,1.0723802666181335,2.7103681779247286,15.063827051075965,simulation_virtual_sample
overturning,149.0625,100.0,-17.15457220000544,10.282054883864436,2.2927698954356077,-2.605042442845953,15.506755529110828,simulation_virtual_sample
overturning,149.0625,101.5,-17.15457220000544,10.282054883864436,2.1646878506305263,-2.0285517191316624,15.585809809054558,simulation_virtual_sample
overturning,149.0625,103.0,-17.15457220000544,10.282054883864436,2.036605805825445,-1.4520609954173724,15.664864088998291,simulation_virtual_sample
overturning,149.0625,104.5,-17.15457220000544,10.282054883864436,1.7886358311932924,-0.9789324882620385,15.707005496860354,simulation_virtual_sample
overturning,149.0625,106.0,-17.15457220000544,10.282054883864436,1.6627177192670652,-0.516403532266342,15.685503142258042,simulation_virtual_sample
overturning,149.0625,107.5,-17.15457220000544,10.282054883864436,1.5412936604299552,-0.05072684233756281,15.66214906978334,simulation_virtual_sample
overturning,149.0625,109.0,-17.15457220000544,10.282054883864436,1.4143694227900112,0.41685777984621036,15.65848144602916,simulation_virtual_sample
overturning,149.0625,110.5,-17.15457220000544,10.282054883864436,1.2843050913726748,0.8820597607694678,15.652900279055606,simulation_virtual_sample
overturning,149.0625,112.0,-17.15457220000544,10.282054883864436,1.0576122806435955,1.3790627183226727,15.639059314677375,simulation_virtual_sample
overturning,149.0625,113.5,-17.15457220000544,10.282054883864436,0.9364114717076577,1.982175170037528,15.595276038375621,simulation_virtual_sample
overturning,149.0625,115.0,-17.15457220000544,10.282054883864436,0.8152106627717198,2.5852876217523835,15.551492762073865,simulation_virtual_sample
overturning,151.875,100.0,-17.6384252869671,9.427934736519957,2.577386584126067,-2.46871357725945,15.951674413138393,simulation_virtual_sample
overturning,151.875,101.5,-17.6384252869671,9.427934736519957,2.445341358820071,-1.893343868347698,16.03083504368562,simulation_virtual_sample
overturning,151.875,103.0,-17.6384252869671,9.427934736519957,2.1654239644293876,-1.3641379524387607,16.078803230315945,simulation_virtual_sample
overturning,151.875,104.5,-17.6384252869671,9.427934736519957,1.9023957321550387,-0.8958027746804326,16.117804541755902,simulation_virtual_sample
overturning,151.875,106.0,-17.6384252869671,9.427934736519957,1.663024352042409,-0.5127299707145284,16.14424584345293,simulation_virtual_sample
overturning,151.875,107.5,-17.6384252869671,9.427934736519957,1.5304644203004776,-0.054860420326447334,16.124507916249076,simulation_virtual_sample
overturning,151.875,109.0,-17.6384252869671,9.427934736519957,1.3957685350298288,0.4068202278246554,16.11704247801633,simulation_virtual_sample
overturning,151.875,110.5,-17.6384252869671,9.427934736519957,1.1855464279327974,0.8110381554811741,16.060813909164615,simulation_virtual_sample
overturning,151.875,112.0,-17.6384252869671,9.427934736519957,0.9448260926865643,1.3032361839181061,16.05420718929272,simulation_virtual_sample
overturning,151.875,113.5,-17.6384252869671,9.427934736519957,0.6824122107416888,1.8580149109941193,16.08289674607173,simulation_virtual_sample
overturning,151.875,115.0,-17.6384252869671,9.427934736519957,0.55750885891301,2.459948217440377,16.040167673589664,simulation_virtual_sample
overturning,154.68749999999997,100.0,-18.079785862468864,8.551101868605649,2.8492521765268055,-2.3165315760088134,16.377026118801574,simulation_virtual_sample
overturning,154.68749999999997,101.5,-18.079785862468864,8.551101868605649,2.5589219259409464,-1.8102356250070557,16.441091197741457,simulation_virtual_sample
overturning,154.68749999999997,103.0,-18.079785862468864,8.551101868605649,2.278727245972312,-1.2812326022326699,16.488057821184793,simulation_virtual_sample
overturning,154.68749999999997,104.5,-18.079785862468864,8.551101868605649,2.0156861539234736,-0.8130161316407536,16.526908247585755,simulation_virtual_sample
overturning,154.68749999999997,106.0,-18.079785862468864,8.551101868605649,1.7766109924591398,-0.4297268667674277,16.554419226179217,simulation_virtual_sample
overturning,154.68749999999997,107.5,-18.079785862468864,8.551101868605649,1.5193380980645783,-0.05841214333486638,16.56618845579621,simulation_virtual_sample
overturning,154.68749999999997,109.0,-18.079785862468864,8.551101868605649,1.2971600597750617,0.33590662932412435,16.524335769558025,simulation_virtual_sample
overturning,154.68749999999997,110.5,-18.079785862468864,8.551101868605649,1.0871954322039676,0.7403097215892352,16.467043705065063,simulation_virtual_sample
overturning,154.68749999999997,112.0,-18.079785862468864,8.551101868605649,0.846441557555557,1.2324836303985813,16.460575516627443,simulation_virtual_sample
overturning,154.68749999999997,113.5,-18.079785862468864,8.551101868605649,0.583787132946663,1.787089372892343,16.490258612888038,simulation_virtual_sample
overturning,154.68749999999997,115.0,-18.079785862468864,8.551101868605649,0.30800326756417135,2.320398265498861,16.503110071826733,simulation_virtual_sample
overturning,157.49999999999997,100.0,-18.47759065022573,7.653668647301806,3.0330580351922163,-2.075550700337871,16.666901527357403,simulation_virtual_sample
overturning,157.49999999999997,101.5,-18.47759065022573,7.653668647301806,2.690576565268399,-1.6865096081432651,16.820414971275508,simulation_virtual_sample
overturning,157.49999999999997,103.0,-18.47759065022573,7.653668647301806,2.392108020237016,-1.198270549686188,16.89759231791087,simulation_virtual_sample
overturning,157.49999999999997,104.5,-18.47759065022573,7.653668647301806,2.129054773538256,-0.7301723457544769,16.93629433411672,simulation_virtual_sample
overturning,157.49999999999997,106.0,-18.47759065022573,7.653668647301806,1.8649959900187398,-0.3633101122328703,16.94267633568016,simulation_virtual_sample
overturning,157.49999999999997,107.5,-18.47759065022573,7.653668647301806,1.5047337637492535,-0.059785409083237435,16.864578347251527,simulation_virtual_sample
overturning,157.49999999999997,109.0,-18.47759065022573,7.653668647301806,1.2150643210472656,0.27868376349957696,16.910099937871262,simulation_virtual_sample
overturning,157.49999999999997,110.5,-18.47759065022573,7.653668647301806,0.9887766479330442,0.6695325380391709,16.87355349534091,simulation_virtual_sample
overturning,157.49999999999997,112.0,-18.47759065022573,7.653668647301806,0.7479892107653825,1.1616823105964484,16.867223933820533,simulation_virtual_sample
overturning,157.49999999999997,113.5,-18.47759065022573,7.653668647301806,0.46159133160612736,1.6778648859956236,16.867009986850835,simulation_virtual_sample
overturning,157.49999999999997,115.0,-18.47759065022573,7.653668647301806,0.11825545776275916,2.10138246423579,16.7919585371318,simulation_virtual_sample
overturning,160.31250000000003,100.0,-18.830881303660416,6.737797067844397,3.215852478559361,-1.8358958528251876,16.95518185932028,simulation_virtual_sample
overturning,160.31250000000003,101.5,-18.830881303660416,6.737797067844397,2.8738190605442373,-1.4462673368015102,17.109401914175763,simulation_virtual_sample
overturning,160.31250000000003,103.0,-18.830881303660416,6.737797067844397,2.531785642529113,-1.056638820777833,17.263621969031245,simulation_virtual_sample
overturning,160.31250000000003,104.5,-18.830881303660416,6.737797067844397,2.2106580974490146,-0.6682076847438271,17.319078086649736,simulation_virtual_sample
overturning,160.31250000000003,106.0,-18.830881303660416,6.737797067844397,1.8504321838308577,-0.3646795670653819,17.240238172717703,simulation_virtual_sample
overturning,160.31250000000003,107.5,-18.830881303660416,6.737797067844397,1.4902062702127017,-0.06115144938693674,17.161398258785667,simulation_virtual_sample
overturning,160.31250000000003,109.0,-18.830881303660416,6.737797067844397,1.2002108223489165,0.27717075865734014,17.207146291331448,simulation_virtual_sample
overturning,160.31250000000003,110.5,-18.830881303660416,6.737797067844397,0.9109288138946808,0.6158464240654511,17.254159956249406,simulation_virtual_sample
overturning,160.31250000000003,112.0,-18.830881303660416,6.737797067844397,0.6152994548901265,1.0354700844876876,17.230727138617507,simulation_virtual_sample
overturning,160.31250000000003,113.5,-18.830881303660416,6.737797067844397,0.2724256072487642,1.4595209549905828,17.154972357674147,simulation_virtual_sample
overturning,160.31250000000003,115.0,-18.830881303660416,6.737797067844397,-0.07044824039259781,1.883571825493478,17.07921757673079,simulation_virtual_sample
overturning,163.125,100.0,-19.138806714644176,5.805693545089248,3.3985210174163965,-1.5964060739306498,17.243263630575836,simulation_virtual_sample
overturning,163.125,101.5,-19.138806714644176,5.805693545089248,3.056935342702358,-1.2061905386816083,17.39818980967171,simulation_virtual_sample
overturning,163.125,103.0,-19.138806714644176,5.805693545089248,2.670496023453795,-0.8552437323888602,17.51847912053619,simulation_virtual_sample
overturning,163.125,104.5,-19.138806714644176,5.805693545089248,2.2283079405206996,-0.6084068645783892,17.56448737589059,simulation_virtual_sample
overturning,163.125,106.0,-19.138806714644176,5.805693545089248,1.8358748907032294,-0.3660484094658324,17.537666937524758,simulation_virtual_sample
overturning,163.125,107.5,-19.138806714644176,5.805693545089248,1.4756852734970707,-0.06251687878558182,17.458085429884836,simulation_virtual_sample
overturning,163.125,109.0,-19.138806714644176,5.805693545089248,1.1853645739503835,0.2756584923440488,17.50404765032498,simulation_virtual_sample
overturning,163.125,110.5,-19.138806714644176,5.805693545089248,0.8731558379413277,0.5617987226589215,17.507834204433472,simulation_virtual_sample
overturning,163.125,112.0,-19.138806714644176,5.805693545089248,0.4689969622992481,0.8532878831969978,17.490875736402288,simulation_virtual_sample
overturning,163.125,113.5,-19.138806714644176,5.805693545089248,0.08339017578989383,1.241327414145998,17.442736386794287,simulation_virtual_sample
overturning,163.125,115.0,-19.138806714644176,5.805693545089248,-0.25902196388223536,1.665911209592464,17.366278759064603,simulation_virtual_sample
overturning,165.9375,100.0,-19.400625063890878,4.859603598065282,3.5819467226301573,-1.3559236030022608,17.53253950907364,simulation_virtual_sample
overturning,165.9375,101.5,-19.400625063890878,4.859603598065282,3.1806735218004767,-1.017969486770023,17.641363018048615,simulation_virtual_sample
overturning,165.9375,103.0,-19.400625063890878,4.859603598065282,2.7228240109052,-0.729736857463136,17.706146602555226,simulation_virtual_sample
overturning,165.9375,104.5,-19.400625063890878,4.859603598065282,2.280620115042809,-0.4829482619261517,17.75208832761188,simulation_virtual_sample
overturning,165.9375,106.0,-19.400625063890878,4.859603598065282,1.860146407582572,-0.29372126815888455,17.771860601686015,simulation_virtual_sample
overturning,165.9375,107.5,-19.400625063890878,4.859603598065282,1.4611005555419085,-0.06388829998048447,17.756074527750165,simulation_virtual_sample
overturning,165.9375,109.0,-19.400625063890878,4.859603598065282,1.143667223539712,0.21256094728371538,17.74974963313133,simulation_virtual_sample
overturning,165.9375,110.5,-19.400625063890878,4.859603598065282,0.810554430827597,0.4506401924801546,17.712519615452322,simulation_virtual_sample
overturning,165.9375,112.0,-19.400625063890878,4.859603598065282,0.40637461673100944,0.7420921735372141,17.695629609079834,simulation_virtual_sample
overturning,165.9375,113.5,-19.400625063890878,4.859603598065282,-0.04835553555556362,1.071508456394442,17.69320755746754,simulation_virtual_sample
overturning,165.9375,115.0,-19.400625063890878,4.859603598065282,-0.4483773308890449,1.4473483841671626,17.654529818270177,simulation_virtual_sample
overturning,168.75,100.0,-19.61570560806461,3.9018064403225723,3.6873786580780736,-1.1017358819566363,17.720293936370798,simulation_virtual_sample
overturning,168.75,101.5,-19.61570560806461,3.9018064403225723,3.233020607174589,-0.892416806134711,17.829098992269262,simulation_virtual_sample
overturning,168.75,103.0,-19.61570560806461,3.9018064403225723,2.775042952394598,-0.6044915255200758,17.893423005495723,simulation_virtual_sample
overturning,168.75,104.5,-19.61570560806461,3.9018064403225723,2.3328233054350314,-0.3577510324011397,17.939298442464395,simulation_virtual_sample
overturning,168.75,106.0,-19.61570560806461,3.9018064403225723,1.912485033793776,-0.16819922727296593,17.959556413964993,simulation_virtual_sample
overturning,168.75,107.5,-19.61570560806461,3.9018064403225723,1.4671243586129827,-0.0594272949017087,17.92685072373224,simulation_virtual_sample
overturning,168.75,109.0,-19.61570560806461,3.9018064403225723,1.0810305673015759,0.10133982680483117,17.95455029685535,simulation_virtual_sample
overturning,168.75,110.5,-19.61570560806461,3.9018064403225723,0.7480823067423,0.3397112244163676,17.916782314729815,simulation_virtual_sample
overturning,168.75,112.0,-19.61570560806461,3.9018064403225723,0.3438815974328329,0.6311261027746449,17.899960628630524,simulation_virtual_sample
overturning,168.75,113.5,-19.61570560806461,3.9018064403225723,-0.11100134550650421,0.9602710820754615,17.898038150733946,simulation_virtual_sample
overturning,168.75,115.0,-19.61570560806461,3.9018064403225723,-0.5660306886017633,1.186202122084857,17.834424596374774,simulation_virtual_sample
overturning,171.56249999999997,100.0,-19.78353019929562,2.934609489107245,3.7332476026777646,-0.839875530980115,17.829999991911414,simulation_virtual_sample
overturning,171.56249999999997,101.5,-19.78353019929562,2.934609489107245,3.281003497127971,-0.6733808222489391,17.963670319401533,simulation_virtual_sample
overturning,171.56249999999997,103.0,-19.78353019929562,2.934609489107245,2.8274050638654216,-0.47890280530952845,18.081212868846677,simulation_virtual_sample
overturning,171.56249999999997,104.5,-19.78353019929562,2.934609489107245,2.3851696515918164,-0.23221047701847247,18.12702193986928,simulation_virtual_sample
overturning,171.56249999999997,106.0,-19.78353019929562,2.934609489107245,1.939000327752252,-0.1259991509536745,18.09251617980619,simulation_virtual_sample
overturning,171.56249999999997,107.5,-19.78353019929562,2.934609489107245,1.4806625224626062,-0.05899512203722879,18.032119038412098,simulation_virtual_sample
overturning,171.56249999999997,109.0,-19.78353019929562,2.934609489107245,1.0705122515262482,0.06660185383600618,18.08961650799549,simulation_virtual_sample
overturning,171.56249999999997,110.5,-19.78353019929562,2.934609489107245,0.6854377259910177,0.22847603273246878,18.121608888929412,simulation_virtual_sample
overturning,171.56249999999997,112.0,-19.78353019929562,2.934609489107245,0.28121606378664415,0.5198537059685577,18.104855711704026,simulation_virtual_sample
overturning,171.56249999999997,113.5,-19.78353019929562,2.934609489107245,-0.17375777771798337,0.7255711357874082,18.028794991108533,simulation_virtual_sample
overturning,171.56249999999997,115.0,-19.78353019929562,2.934609489107245,-0.6287136630695357,0.895800497061909,17.931226494155876,simulation_virtual_sample
overturning,174.37500000000003,100.0,-19.90369453344394,1.9603428065912079,3.7789587353566385,-0.5789161094959572,17.939328604205816,simulation_virtual_sample
overturning,174.37500000000003,101.5,-19.90369453344394,1.9603428065912079,3.3268266834294,-0.411781699956606,18.07326693352259,simulation_virtual_sample
overturning,174.37500000000003,103.0,-19.90369453344394,1.9603428065912079,2.874694631502162,-0.24464729041725494,18.207205262839373,simulation_virtual_sample
overturning,174.37500000000003,104.5,-19.90369453344394,1.9603428065912079,2.4109054514475505,-0.19257007631754025,18.258408332130283,simulation_virtual_sample
overturning,174.37500000000003,106.0,-19.90369453344394,1.9603428065912079,1.9525283114237888,-0.12556730306655292,18.197705336765534,simulation_virtual_sample
overturning,174.37500000000003,107.5,-19.90369453344394,1.9603428065912079,1.494151171400027,-0.05856452981556563,18.137002341400787,simulation_virtual_sample
overturning,174.37500000000003,109.0,-19.90369453344394,1.9603428065912079,1.0833319119844367,0.06617571047727211,18.1930579140657,simulation_virtual_sample
overturning,174.37500000000003,110.5,-19.90369453344394,1.9603428065912079,0.6753853854136451,0.19440358133365807,18.256166285741024,simulation_virtual_sample
overturning,174.37500000000003,112.0,-19.90369453344394,1.9603428065912079,0.21842490105341958,0.26452211648680307,18.223304732128792,simulation_virtual_sample
overturning,174.37500000000003,113.5,-19.90369453344394,1.9603428065912079,-0.23637803798021034,0.4354600570787832,18.12550003876141,simulation_virtual_sample
overturning,174.37500000000003,115.0,-19.90369453344394,1.9603428065912079,-0.6911809770138403,0.6063979976707633,18.02769534539403,simulation_virtual_sample
overturning,177.1875,100.0,-19.97590912410345,0.9813534865483593,3.824732905767326,-0.31759681309595894,18.048807985631004,simulation_virtual_sample
overturning,177.1875,101.5,-19.97590912410345,0.9813534865483593,3.3727130619896872,-0.14982182057191204,18.18301468636115,simulation_virtual_sample
overturning,177.1875,103.0,-19.97590912410345,0.9813534865483593,2.877362993694458,-0.0975231177369196,18.222424212495635,simulation_virtual_sample
overturning,177.1875,104.5,-19.97590912410345,0.9813534865483593,2.4036979116035595,-0.09589377762110533,18.26110441010429,simulation_virtual_sample
overturning,177.1875,106.0,-19.97590912410345,0.9813534865483593,1.9660720052747351,-0.12513495367026717,18.30301665091902,simulation_virtual_sample
overturning,177.1875,107.5,-19.97590912410345,0.9813534865483593,1.5076554848370478,-0.05813343754295484,18.242007446392424,simulation_virtual_sample
overturning,177.1875,109.0,-19.97590912410345,0.9813534865483593,1.0961643188189985,0.06574914341124428,18.29660217021518,simulation_virtual_sample
overturning,177.1875,110.5,-19.97590912410345,0.9813534865483593,0.6700493604078617,0.09953028446392388,18.28529573743991,simulation_virtual_sample
overturning,177.1875,112.0,-19.97590912410345,0.9813534865483593,0.19928915247609397,0.11036872735995958,18.2569019070307,simulation_virtual_sample
overturning,177.1875,113.5,-19.97590912410345,0.9813534865483593,-0.29908465443055116,0.14494890199260968,18.222338447075067,simulation_virtual_sample
overturning,177.1875,115.0,-19.97590912410345,0.9813534865483593,-0.7537344362263272,0.31659639906518827,18.12429723156736,simulation_virtual_sample
combined,-180.0,100.0,-20.0,-2.4492935982947065e-15,17.79042739381456,-0.08752974053303647,46.76036243911242,simulation_virtual_sample
combined,-180.0,101.5,-20.0,-2.4492935982947065e-15,16.528830562496807,-0.03282249281494234,46.83932917446391,simulation_virtual_sample
combined,-180.0,103.0,-20.0,-2.4492935982947065e-15,15.267233731179052,0.021884754903161753,46.9182959098154,simulation_virtual_sample
combined,-180.0,104.5,-20.0,-2.4492935982947065e-15,14.044883579290817,0.022298911218801645,46.99807387378801,simulation_virtual_sample
combined,-180.0,106.0,-20.0,-2.4492935982947065e-15,12.87685284640735,-0.0524313580277642,47.07897461981554,simulation_virtual_sample
combined,-180.0,107.5,-20.0,-2.4492935982947065e-15,11.703858281295172,-0.10149880870854652,47.142716921332614,simulation_virtual_sample
combined,-180.0,109.0,-20.0,-2.4492935982947065e-15,10.541074695279278,-0.03642013995477511,47.11516864518846,simulation_virtual_sample
combined,-180.0,110.5,-20.0,-2.4492935982947065e-15,9.374840904421063,-0.024950692067041234,47.06803125750797,simulation_virtual_sample
combined,-180.0,112.0,-20.0,-2.4492935982947065e-15,8.161173410241084,-0.00792552853484296,47.002330163018755,simulation_virtual_sample
combined,-180.0,113.5,-20.0,-2.4492935982947065e-15,6.899870151428894,0.014679017256588139,46.91798628278197,simulation_virtual_sample
combined,-180.0,115.0,-20.0,-2.4492935982947065e-15,5.638566892616704,0.03728356304800804,46.83364240254519,simulation_virtual_sample
combined,-177.1875,100.0,-19.97590912410345,-0.9813534865483593,17.722860272977734,0.39820532763702665,46.6778127666769,simulation_virtual_sample
combined,-177.1875,101.5,-19.97590912410345,-0.9813534865483593,16.503854351341037,0.2084020569292835,46.809690771628034,simulation_virtual_sample
combined,-177.1875,103.0,-19.97590912410345,-0.9813534865483593,15.247580427052826,0.2323412834398002,46.89526724821744,simulation_virtual_sample
combined,-177.1875,104.5,-19.97590912410345,-0.9813534865483593,14.025266344704182,0.2326373210293303,46.975054378837065,simulation_virtual_sample
combined,-177.1875,106.0,-19.97590912410345,-0.9813534865483593,12.857186501165398,0.15843362228889302,47.055897496839755,simulation_virtual_sample
combined,-177.1875,107.5,-19.97590912410345,-0.9813534865483593,11.705100140783182,-0.03523626644795374,47.07295642665977,simulation_virtual_sample
combined,-177.1875,109.0,-19.97590912410345,-0.9813534865483593,10.528139767987401,-0.22063311515202544,47.129240133347565,simulation_virtual_sample
combined,-177.1875,110.5,-19.97590912410345,-0.9813534865483593,9.361472115989848,-0.21545843082656646,47.085833466294694,simulation_virtual_sample
combined,-177.1875,112.0,-19.97590912410345,-0.9813534865483593,8.151352228385633,-0.19880552958509762,47.021515579818896,simulation_virtual_sample
combined,-177.1875,113.5,-19.97590912410345,-0.9813534865483593,6.894855044908922,-0.19207806286282492,46.93169029982957,simulation_virtual_sample
combined,-177.1875,115.0,-19.97590912410345,-0.9813534865483593,5.719680752163636,-0.4444970722070747,46.74877516566959,simulation_virtual_sample
combined,-174.375,100.0,-19.903694533443936,-1.9603428065912165,17.655711396040953,0.8809336711341337,46.59577408089464,simulation_virtual_sample
combined,-174.375,101.5,-19.903694533443936,-1.9603428065912165,16.43654078129058,0.6923143671221692,46.72745087314915,simulation_virtual_sample
combined,-174.375,103.0,-19.903694533443936,-1.9603428065912165,15.217370166540205,0.5036950631102053,46.85912766540366,simulation_virtual_sample
combined,-174.375,104.5,-19.903694533443936,-1.9603428065912165,14.006737337485308,0.4351338896018382,46.94723963048902,simulation_virtual_sample
combined,-174.375,106.0,-19.903694533443936,-1.9603428065912165,12.857293056046846,0.22158283934317594,46.953992779875136,simulation_virtual_sample
combined,-174.375,107.5,-19.903694533443936,-1.9603428065912165,11.707848774608383,0.008031789084513621,46.96074592926125,simulation_virtual_sample
combined,-174.375,109.0,-19.903694533443936,-1.9603428065912165,10.530909187325571,-0.17729935803313476,47.016789780191914,simulation_virtual_sample
combined,-174.375,110.5,-19.903694533443936,-1.9603428065912165,9.351283547019651,-0.35987366525335457,47.07764890536045,simulation_virtual_sample
combined,-174.375,112.0,-19.903694533443936,-1.9603428065912165,8.151063780504618,-0.4209679885400696,47.02982128865504,simulation_virtual_sample
combined,-174.375,113.5,-19.903694533443936,-1.9603428065912165,6.9756781466582085,-0.6721317247346479,46.8471272749718,simulation_virtual_sample
combined,-174.375,115.0,-19.903694533443936,-1.9603428065912165,5.800292512811799,-0.9232954609292262,46.66443326128854,simulation_virtual_sample
combined,-171.5625,100.0,-19.78353019929562,-2.934609489107236,17.588654992935123,1.3629972270537976,46.513848374389276,simulation_virtual_sample
combined,-171.5625,101.5,-19.78353019929562,-2.934609489107236,16.369319911877586,1.1755602592421956,46.64532423104648,simulation_virtual_sample
combined,-171.5625,103.0,-19.78353019929562,-2.934609489107236,15.150700353132036,0.9373437215448479,46.76128689895895,simulation_virtual_sample
combined,-171.5625,104.5,-19.78353019929562,-2.934609489107236,13.987916376531532,0.5363875564300529,46.81850376508291,simulation_virtual_sample
combined,-171.5625,106.0,-19.78353019929562,-2.934609489107236,12.860042744491803,0.264867496339903,46.84173922857602,simulation_virtual_sample
combined,-171.5625,107.5,-19.78353019929562,-2.934609489107236,11.7105921987431,0.05121783544750168,46.84874811277906,simulation_virtual_sample
combined,-171.5625,109.0,-19.78353019929562,-2.934609489107236,10.533673344540285,-0.13404793860020883,46.904553091912796,simulation_virtual_sample
combined,-171.5625,110.5,-19.78353019929562,-2.934609489107236,9.367862838925577,-0.3581575676420956,46.94281794228015,simulation_virtual_sample
combined,-171.5625,112.0,-19.78353019929562,-2.934609489107236,8.231848826686965,-0.8079819602281227,46.895509895700705,simulation_virtual_sample
combined,-171.5625,113.5,-19.78353019929562,-2.934609489107236,7.0563899431677335,-1.1515242824570717,46.76268070577527,simulation_virtual_sample
combined,-171.5625,115.0,-19.78353019929562,-2.934609489107236,5.880793259267826,-1.4014344741968177,46.58020750805347,simulation_virtual_sample
combined,-168.75,100.0,-19.61570560806461,-3.9018064403225723,17.521367086054227,1.8467250466059255,46.43163982971406,simulation_virtual_sample
combined,-168.75,101.5,-19.61570560806461,-3.9018064403225723,16.30312817103736,1.578342794167214,46.538217938114904,simulation_virtual_sample
combined,-168.75,103.0,-19.61570560806461,-3.9018064403225723,15.087213731031389,1.1585863994345085,46.59927947128272,simulation_virtual_sample
combined,-168.75,104.5,-19.61570560806461,-3.9018064403225723,13.924327476202214,0.7575059428490963,46.65656396501752,simulation_virtual_sample
combined,-168.75,106.0,-19.61570560806461,-3.9018064403225723,12.835131140307052,0.38237825767199096,46.70859974566318,simulation_virtual_sample
combined,-168.75,107.5,-19.61570560806461,-3.9018064403225723,11.713343664500378,0.09453047028811863,46.736422004307215,simulation_virtual_sample
combined,-168.75,109.0,-19.61570560806461,-3.9018064403225723,10.55667426452858,-0.15173140973293253,46.759413781514084,simulation_virtual_sample
combined,-168.75,110.5,-19.61570560806461,-3.9018064403225723,9.448082230694546,-0.5484883726763812,46.705393569439494,simulation_virtual_sample
combined,-168.75,112.0,-19.61570560806461,-3.9018064403225723,8.312035975734451,-0.9982362652665849,46.65818095125657,simulation_virtual_sample
combined,-168.75,113.5,-19.61570560806461,-3.9018064403225723,7.137053269004978,-1.5231375838794001,46.62062307978859,simulation_virtual_sample
combined,-168.75,115.0,-19.61570560806461,-3.9018064403225723,5.961571924398823,-1.8812242021083014,46.49569097602728,simulation_virtual_sample
combined,-165.9375,100.0,-19.400625063890878,-4.859603598065282,17.35983946223729,2.3206556191724665,46.24183618046222,simulation_virtual_sample
combined,-165.9375,101.5,-19.400625063890878,-4.859603598065282,16.239663278751102,1.7995097464604215,46.37626596135443,simulation_virtual_sample
combined,-165.9375,103.0,-19.400625063890878,-4.859603598065282,15.023903091197358,1.379215801855434,46.43772112143404,simulation_virtual_sample
combined,-165.9375,104.5,-19.400625063890878,-4.859603598065282,13.860915461013326,0.9780092446129431,46.49507463263008,simulation_virtual_sample
combined,-165.9375,106.0,-19.400625063890878,-4.859603598065282,12.77156001750251,0.6034348261075094,46.54670521904634,simulation_virtual_sample
combined,-165.9375,107.5,-19.400625063890878,-4.859603598065282,11.705333809037054,0.1480968542485591,46.561131110529715,simulation_virtual_sample
combined,-165.9375,109.0,-19.400625063890878,-4.859603598065282,10.636875307301306,-0.3420186794180998,46.5220437159778,simulation_virtual_sample
combined,-165.9375,110.5,-19.400625063890878,-4.859603598065282,9.528080783427066,-0.7382952087467607,46.46862281124951,simulation_virtual_sample
combined,-165.9375,112.0,-19.400625063890878,-4.859603598065282,8.392002374507712,-1.1879668119409104,46.42150535875461,simulation_virtual_sample
combined,-165.9375,113.5,-19.400625063890878,-4.859603598065282,7.217229089880089,-1.7133650113746648,46.38332766320052,simulation_virtual_sample
combined,-165.9375,115.0,-19.400625063890878,-4.859603598065282,6.111731377411765,-2.320334160006287,46.31141929427878,simulation_virtual_sample
combined,-163.125,100.0,-19.138806714644176,-5.805693545089248,17.074838993867836,2.775045230031107,45.91113503318877,simulation_virtual_sample
combined,-163.125,101.5,-19.138806714644176,-5.805693545089248,16.055428052301355,2.1479569157295715,46.12221815380977,simulation_virtual_sample
combined,-163.125,103.0,-19.138806714644176,-5.805693545089248,14.96046264262674,1.6002975709568665,46.27583152101936,simulation_virtual_sample
combined,-163.125,104.5,-19.138806714644176,-5.805693545089248,13.79737404963091,1.198962497191688,46.333255771133004,simulation_virtual_sample
combined,-163.125,106.0,-19.138806714644176,-5.805693545089248,12.736892969355866,0.7235632516922308,46.33837912898828,simulation_virtual_sample
combined,-163.125,107.5,-19.138806714644176,-5.805693545089248,11.708445109285364,0.13631149415267974,46.29263865366901,simulation_virtual_sample
combined,-163.125,109.0,-19.138806714644176,-5.805693545089248,10.671182144572967,-0.4260391890659005,46.265967269482594,simulation_virtual_sample
combined,-163.125,110.5,-19.138806714644176,-5.805693545089248,9.608244889281382,-0.9284948408512719,46.231362067468176,simulation_virtual_sample
combined,-163.125,112.0,-19.138806714644176,-5.805693545089248,8.472134259861711,-1.3780899967721663,46.18433997760207,simulation_virtual_sample
combined,-163.125,113.5,-19.138806714644176,-5.805693545089248,7.374850882218884,-1.9947275108965272,46.108440052111014,simulation_virtual_sample
combined,-163.125,115.0,-19.138806714644176,-5.805693545089248,6.352366688234243,-2.699193422279614,45.99663003506149,simulation_virtual_sample
combined,-160.3125,100.0,-18.830881303660412,-6.737797067844406,16.79101498419619,3.227559157621767,45.581798993289745,simulation_virtual_sample
combined,-160.3125,101.5,-18.830881303660412,-6.737797067844406,15.770909121806703,2.6015787881743244,45.79207576045192,simulation_virtual_sample
combined,-160.3125,103.0,-18.830881303660412,-6.737797067844406,14.750803259417214,1.9755984187268802,46.00235252761411,simulation_virtual_sample
combined,-160.3125,104.5,-18.830881303660412,-6.737797067844406,13.768455063290476,1.299018536830475,46.1153739884291,simulation_virtual_sample
combined,-160.3125,106.0,-18.830881303660412,-6.737797067844406,12.74000011729926,0.7117936202000532,46.0702449990193,simulation_virtual_sample
combined,-160.3125,107.5,-18.830881303660412,-6.737797067844406,11.711545171308043,0.12456870356963137,46.025116009609505,simulation_virtual_sample
combined,-160.3125,109.0,-18.830881303660412,-6.737797067844406,10.674283054458764,-0.43779000203748,45.99795121089382,simulation_virtual_sample
combined,-160.3125,110.5,-18.830881303660412,-6.737797067844406,9.636159771185959,-0.9977172859816431,45.97254295330818,simulation_virtual_sample
combined,-160.3125,112.0,-18.830881303660412,-6.737797067844406,8.63823361030225,-1.6695352838261226,45.90511647203268,simulation_virtual_sample
combined,-160.3125,113.5,-18.830881303660412,-6.737797067844406,7.61512114320725,-2.373012034116088,45.794128336137334,simulation_virtual_sample
combined,-160.3125,115.0,-18.830881303660412,-6.737797067844406,6.59200867611225,-3.0764887844060542,45.68314020024199,simulation_virtual_sample
combined,-157.5,100.0,-18.477590650225736,-7.653668647301798,16.506995348484526,3.6803849809812577,45.25223595812911,simulation_virtual_sample
combined,-157.5,101.5,-18.477590650225736,-7.653668647301798,15.486194086297017,3.0555133200402307,45.461705816052394,simulation_virtual_sample
combined,-157.5,103.0,-18.477590650225736,-7.653668647301798,14.55046980965616,2.248355582294115,45.59680993472047,simulation_virtual_sample
combined,-157.5,104.5,-18.477590650225736,-7.653668647301798,13.64927967420941,1.4302625078180735,45.70157130596755,simulation_virtual_sample
combined,-157.5,106.0,-18.477590650225736,-7.653668647301798,12.74311101506617,0.7000097846719835,45.801787274653286,simulation_virtual_sample
combined,-157.5,107.5,-18.477590650225736,-7.653668647301798,11.714648974602682,0.1128117413433145,45.75727050911723,simulation_virtual_sample
combined,-157.5,109.0,-18.477590650225736,-7.653668647301798,10.677387721286635,-0.44955505183801847,45.729610434449874,simulation_virtual_sample
combined,-157.5,110.5,-18.477590650225736,-7.653668647301798,9.73110664695455,-1.103759197231058,45.64059796242626,simulation_virtual_sample
combined,-157.5,112.0,-18.477590650225736,-7.653668647301798,8.80516883147395,-1.8867643016898539,45.55372120536202,simulation_virtual_sample
combined,-157.5,113.5,-18.477590650225736,-7.653668647301798,7.855557010761975,-2.751557290398242,45.479599980435395,simulation_virtual_sample
combined,-157.5,115.0,-18.477590650225736,-7.653668647301798,6.8318158375186195,-3.454044197814614,45.369434292176805,simulation_virtual_sample
combined,-154.6875,100.0,-18.079785862468867,-8.55110186860564,16.221404210930263,4.135716323418689,44.92084942609755,simulation_virtual_sample
combined,-154.6875,101.5,-18.079785862468867,-8.55110186860564,15.301518610997062,3.2948548241828095,45.04297065136686,simulation_virtual_sample
combined,-154.6875,103.0,-18.079785862468867,-8.55110186860564,14.401248033192223,2.412084975673874,45.14838733742049,simulation_virtual_sample
combined,-154.6875,104.5,-18.079785862468867,-8.55110186860564,13.500063219425268,1.5966785859473318,45.25325384947088,simulation_virtual_sample
combined,-154.6875,106.0,-18.079785862468867,-8.55110186860564,12.597784734188501,0.8618569643016872,45.35746220582,simulation_virtual_sample
combined,-154.6875,107.5,-18.079785862468867,-8.55110186860564,11.69550624895173,0.1270353426560427,45.461670562169125,simulation_virtual_sample
combined,-154.6875,109.0,-18.079785862468867,-8.55110186860564,10.795979687707026,-0.5798542490267149,45.38174382543218,simulation_virtual_sample
combined,-154.6875,110.5,-18.079785862468867,-8.55110186860564,9.873327093133227,-1.2582860322326834,45.277212139372814,simulation_virtual_sample
combined,-154.6875,112.0,-18.079785862468867,-8.55110186860564,8.947081908467311,-2.049796436483977,45.19187769557504,simulation_virtual_sample
combined,-154.6875,113.5,-18.079785862468867,-8.55110186860564,8.01715128612466,-2.9573078872638687,45.12623663123504,simulation_virtual_sample
combined,-154.6875,115.0,-18.079785862468867,-8.55110186860564,7.072949869847395,-3.8336886535049435,45.05399262590841,simulation_virtual_sample
combined,-151.875,100.0,-17.6384252869671,-9.427934736519957,15.908566734893943,4.446213509390482,44.50432971673481,simulation_virtual_sample
combined,-151.875,101.5,-17.6384252869671,-9.427934736519957,15.146890147478683,3.462622987464667,44.59426154462883,simulation_virtual_sample
combined,-151.875,103.0,-17.6384252869671,-9.427934736519957,14.25206382889789,2.5757731440482527,44.70007764729988,simulation_virtual_sample
combined,-151.875,104.5,-17.6384252869671,-9.427934736519957,13.350859522173417,1.7630804360312067,44.80497472269085,simulation_virtual_sample
combined,-151.875,106.0,-17.6384252869671,-9.427934736519957,12.463255432808102,1.015155136276345,44.90693770249868,simulation_virtual_sample
combined,-151.875,107.5,-17.6384252869671,-9.427934736519957,11.680621779263024,0.17297314029513197,45.00025422427769,simulation_virtual_sample
combined,-151.875,109.0,-17.6384252869671,-9.427934736519957,10.923964545127706,-0.7162291041703585,45.008301553844774,simulation_virtual_sample
combined,-151.875,110.5,-17.6384252869671,-9.427934736519957,10.015422163240308,-1.4126766423239752,44.914146663275034,simulation_virtual_sample
combined,-151.875,112.0,-17.6384252869671,-9.427934736519957,9.088923988226467,-2.212747008458784,44.83021521130702,simulation_virtual_sample
combined,-151.875,113.5,-17.6384252869671,-9.427934736519957,8.159352072028616,-3.1206705469038125,44.76365953435227,simulation_virtual_sample
combined,-151.875,115.0,-17.6384252869671,-9.427934736519957,7.390509512425562,-4.124485565774602,44.59253672388518,simulation_virtual_sample
combined,-149.0625,100.0,-17.15457220000544,-10.282054883864436,15.593390759110893,4.730416117225558,44.076562361617626,simulation_virtual_sample
combined,-149.0625,101.5,-17.15457220000544,-10.282054883864436,14.83092474442977,3.7475374429813306,44.16542275247481,simulation_virtual_sample
combined,-149.0625,103.0,-17.15457220000544,-10.282054883864436,14.068458729748649,2.764658768737103,44.254283143332,simulation_virtual_sample
combined,-149.0625,104.5,-17.15457220000544,-10.282054883864436,13.231674409801034,1.902639660893745,44.35263028667371,simulation_virtual_sample
combined,-149.0625,106.0,-17.15457220000544,-10.282054883864436,12.449080542819544,1.0603308641422349,44.447237111714486,simulation_virtual_sample
combined,-149.0625,107.5,-17.15457220000544,-10.282054883864436,11.66710611457145,0.2169033540221539,44.53974469530722,simulation_virtual_sample
combined,-149.0625,109.0,-17.15457220000544,-10.282054883864436,10.911224778235018,-0.6736485756333762,44.54382432453516,simulation_virtual_sample
combined,-149.0625,110.5,-17.15457220000544,-10.282054883864436,10.155343441898584,-1.564200505288907,44.54790395376309,simulation_virtual_sample
combined,-149.0625,112.0,-17.15457220000544,-10.282054883864436,9.247723386761988,-2.386115118907619,44.45648626041238,simulation_virtual_sample
combined,-149.0625,113.5,-17.15457220000544,-10.282054883864436,8.48314283908556,-3.392281286790598,44.283249544197325,simulation_virtual_sample
combined,-149.0625,115.0,-17.15457220000544,-10.282054883864436,7.718562291409127,-4.398447454673577,44.11001282798225,simulation_virtual_sample
combined,-146.25,100.0,-16.629392246050905,-11.111404660392044,15.27886567771692,5.014031796179578,43.64967842209259,simulation_virtual_sample
combined,-146.25,101.5,-16.629392246050905,-11.111404660392044,14.515611866077505,4.031863499524998,43.7374695886208,simulation_virtual_sample
combined,-146.25,103.0,-16.629392246050905,-11.111404660392044,13.785104227828564,2.998431019731609,43.8070351051429,simulation_virtual_sample
combined,-146.25,104.5,-16.629392246050905,-11.111404660392044,13.16993169788377,1.9630485966527909,43.88413007344383,simulation_virtual_sample
combined,-146.25,106.0,-16.629392246050905,-11.111404660392044,12.434931818870659,1.1054232001872009,43.988385102041356,simulation_virtual_sample
combined,-146.25,107.5,-16.629392246050905,-11.111404660392044,11.654417916905185,0.2593115210916258,44.07714762060394,simulation_virtual_sample
combined,-146.25,109.0,-16.629392246050905,-11.111404660392044,10.898500874763643,-0.6311210679145614,44.07992545729769,simulation_virtual_sample
combined,-146.25,110.5,-16.629392246050905,-11.111404660392044,10.17648234640233,-1.5527283854925182,44.059618360082766,simulation_virtual_sample
combined,-146.25,112.0,-16.629392246050905,-11.111404660392044,9.567011690983724,-2.6517626991134584,43.96741001457419,simulation_virtual_sample
combined,-146.25,113.5,-16.629392246050905,-11.111404660392044,8.811319683514219,-3.6663467846386895,43.80054316381095,simulation_virtual_sample
combined,-146.25,115.0,-16.629392246050905,-11.111404660392044,8.04593758311711,-4.671843563595625,43.628485429657104,simulation_virtual_sample
combined,-143.4375,100.0,-16.064150629612897,-11.91398608984867,14.963472337916494,5.298430406963273,43.22161605327528,simulation_virtual_sample
combined,-143.4375,101.5,-16.064150629612897,-11.91398608984867,14.232553409845806,4.265446470998144,43.29084730106737,simulation_virtual_sample
combined,-143.4375,103.0,-16.064150629612897,-11.91398608984867,13.584931270176302,3.1028886836492338,43.316103328515915,simulation_virtual_sample
combined,-143.4375,104.5,-16.064150629612897,-11.91398608984867,12.96974050693157,2.067515775381661,43.393153578956664,simulation_virtual_sample
combined,-143.4375,106.0,-16.064150629612897,-11.91398608984867,12.387468034749244,1.1612372605650363,43.52277567480653,simulation_virtual_sample
combined,-143.4375,107.5,-16.064150629612897,-11.91398608984867,11.641684230587687,0.3018717263285377,43.61289208206312,simulation_virtual_sample
combined,-143.4375,109.0,-16.064150629612897,-11.91398608984867,10.938546869302526,-0.63707129767274,43.57929247979183,simulation_virtual_sample
combined,-143.4375,110.5,-16.064150629612897,-11.91398608984867,10.329038344910401,-1.6622236376188457,43.483520710381235,simulation_virtual_sample
combined,-143.4375,112.0,-16.064150629612897,-11.91398608984867,9.71963047368265,-2.761212048982402,43.39107070765129,simulation_virtual_sample
combined,-143.4375,113.5,-16.064150629612897,-11.91398608984867,9.110294531611986,-3.9129654818173734,43.30099451878848,simulation_virtual_sample
combined,-143.4375,115.0,-16.064150629612897,-11.91398608984867,8.374216606724092,-4.945994392836994,43.14562875670087,simulation_virtual_sample
combined,-140.625,100.0,-15.46020906725474,-12.68786568327291,14.607816539888516,5.543738547924133,42.72949524696006,simulation_virtual_sample
combined,-140.625,101.5,-15.46020906725474,-12.68786568327291,14.03246561040775,4.369859696205249,42.800124378193075,simulation_virtual_sample
combined,-140.625,103.0,-15.46020906725474,-12.68786568327291,13.38544700678589,3.2069869613910735,42.82686060070695,simulation_virtual_sample
combined,-140.625,104.5,-15.46020906725474,-12.68786568327291,12.770238072972816,2.171623535199075,42.903866287139145,simulation_virtual_sample
combined,-140.625,106.0,-15.46020906725474,-12.68786568327291,12.187316389495663,1.2656838028835506,43.03189616764628,simulation_virtual_sample
combined,-140.625,107.5,-15.46020906725474,-12.68786568327291,11.676286821856321,0.29162822542411887,43.085705640480725,simulation_virtual_sample
combined,-140.625,109.0,-15.46020906725474,-12.68786568327291,11.09094993503911,-0.7464567841226197,43.003772350548864,simulation_virtual_sample
combined,-140.625,110.5,-15.46020906725474,-12.68786568327291,10.481069614469813,-1.7713422717878788,42.90940459609626,simulation_virtual_sample
combined,-140.625,112.0,-15.46020906725474,-12.68786568327291,9.87172324303334,-2.870284172549518,42.81671780216073,simulation_virtual_sample
combined,-140.625,113.5,-15.46020906725474,-12.68786568327291,9.26275956930785,-4.0223045746764425,42.72523580415535,simulation_virtual_sample
combined,-140.625,115.0,-15.46020906725474,-12.68786568327291,8.739531932029989,-5.176494776959718,42.60578054590425,simulation_virtual_sample
combined,-137.8125,100.0,-14.819022507099177,-13.43117909694037,14.158801095666469,5.686180904396385,42.087311156956645,simulation_virtual_sample
combined,-137.8125,101.5,-14.819022507099177,-13.43117909694037,13.760840477030888,4.485244007622681,42.26566339370499,simulation_virtual_sample
combined,-137.8125,103.0,-14.819022507099177,-13.43117909694037,13.185687645519753,3.3112287953943773,42.33694318491585,simulation_virtual_sample
combined,-137.8125,104.5,-14.819022507099177,-13.43117909694037,12.5704605160803,2.275874864354167,42.41390424588371,simulation_virtual_sample
combined,-137.8125,106.0,-14.819022507099177,-13.43117909694037,12.05453300856535,1.3228957923911149,42.47336156128028,simulation_virtual_sample
combined,-137.8125,107.5,-14.819022507099177,-13.43117909694037,11.649857906634749,0.2784892889056847,42.42125581790224,simulation_virtual_sample
combined,-137.8125,109.0,-14.819022507099177,-13.43117909694037,11.19820459610321,-0.8315602472461863,42.40540470391434,simulation_virtual_sample
combined,-137.8125,110.5,-14.819022507099177,-13.43117909694037,10.63331068147062,-1.8806114855733527,42.334496223138515,simulation_virtual_sample
combined,-137.8125,112.0,-14.819022507099177,-13.43117909694037,10.024024825887752,-2.979506045065105,42.24157634739804,simulation_virtual_sample
combined,-137.8125,113.5,-14.819022507099177,-13.43117909694037,9.534507133739924,-4.134574721605462,42.11099608527887,simulation_virtual_sample
combined,-137.8125,115.0,-14.819022507099177,-13.43117909694037,9.189936430579003,-5.293028615541126,41.93453540676202,simulation_virtual_sample
combined,-135.0,100.0,-14.14213562373095,-14.142135623730951,13.711947783536763,5.827937361988764,41.44821935887337,simulation_virtual_sample
combined,-135.0,101.5,-14.14213562373095,-14.142135623730951,13.312867922904521,4.6273555253127,41.624970850230056,simulation_virtual_sample
combined,-135.0,103.0,-14.14213562373095,-14.142135623730951,12.913788062272278,3.426773688636635,41.801722341586746,simulation_virtual_sample
combined,-135.0,104.5,-14.14213562373095,-14.142135623730951,12.424349162200574,2.3423774909792208,41.86771075105387,simulation_virtual_sample
combined,-135.0,106.0,-14.14213562373095,-14.142135623730951,12.026185443224236,1.3070080943574915,41.812344622552125,simulation_virtual_sample
combined,-135.0,107.5,-14.14213562373095,-14.142135623730951,11.623561219776489,0.2654160887240205,41.76013035093221,simulation_virtual_sample
combined,-135.0,109.0,-14.14213562373095,-14.142135623730951,11.171841423596398,-0.8446665002682116,41.742607720084244,simulation_virtual_sample
combined,-135.0,110.5,-14.14213562373095,-14.142135623730951,10.720121627416304,-1.954749089260444,41.72508508923627,simulation_virtual_sample
combined,-135.0,112.0,-14.14213562373095,-14.142135623730951,10.329511247900664,-3.0926621468134265,41.616168535958494,simulation_virtual_sample
combined,-135.0,113.5,-14.14213562373095,-14.142135623730951,9.983841678130045,-4.250831729325625,41.44134551619661,simulation_virtual_sample
combined,-135.0,115.0,-14.14213562373095,-14.142135623730951,9.638172108359425,-5.409001311837824,41.266522496434725,simulation_virtual_sample
combined,-132.1875,100.0,-13.431179096940369,-14.81902250709918,13.265094471407055,5.969693819581144,40.80912756079009,simulation_virtual_sample
combined,-132.1875,101.5,-13.431179096940369,-14.81902250709918,12.864895368778155,4.769467043002718,40.98427830675513,simulation_virtual_sample
combined,-132.1875,103.0,-13.431179096940369,-14.81902250709918,12.562706220949174,3.5326785446585385,41.12454950303359,simulation_virtual_sample
combined,-132.1875,104.5,-13.431179096940369,-14.81902250709918,12.338765808677518,2.34716010798591,41.1777984838635,simulation_virtual_sample
combined,-132.1875,106.0,-13.431179096940369,-14.81902250709918,11.99783240841951,1.291117330904133,41.15120014524883,simulation_virtual_sample
combined,-132.1875,107.5,-13.431179096940369,-14.81902250709918,11.597269485444286,0.25234535065345326,41.09912939550686,simulation_virtual_sample
combined,-132.1875,109.0,-13.431179096940369,-14.81902250709918,11.145483216137059,-0.8577702849542097,41.0799355626001,simulation_virtual_sample
combined,-132.1875,110.5,-13.431179096940369,-14.81902250709918,10.829134189654745,-1.9772979109808708,41.023924805877606,simulation_virtual_sample
combined,-132.1875,112.0,-13.431179096940369,-14.81902250709918,10.657384363176801,-3.166592592096371,40.918767822066165,simulation_virtual_sample
combined,-132.1875,113.5,-13.431179096940369,-14.81902250709918,10.433176222520167,-4.367088737045787,40.77169494711435,simulation_virtual_sample
combined,-132.1875,115.0,-13.431179096940369,-14.81902250709918,10.08640778613985,-5.524974008134522,40.59850958610743,simulation_virtual_sample
combined,-129.375,100.0,-12.687865683272907,-15.460209067254741,12.816079027185012,6.1121361760533945,40.16694347078668,simulation_virtual_sample
combined,-129.375,101.5,-12.687865683272907,-15.460209067254741,12.559780084025858,4.858243816869209,40.29136542649129,simulation_virtual_sample
combined,-129.375,103.0,-12.687865683272907,-15.460209067254741,12.380193661606768,3.5757757176814122,40.38980464299541,simulation_virtual_sample
combined,-129.375,104.5,-12.687865683272907,-15.460209067254741,12.157964674398555,2.3865322020329462,40.4448216545158,simulation_virtual_sample
combined,-129.375,106.0,-12.687865683272907,-15.460209067254741,11.886321694603211,1.3053168714322543,40.44952123025827,simulation_virtual_sample
combined,-129.375,107.5,-12.687865683272907,-15.460209067254741,11.570855523769984,0.23921384817862806,40.43505552032336,simulation_virtual_sample
combined,-129.375,109.0,-12.687865683272907,-15.460209067254741,11.266288408682001,-0.8811169653203711,40.376540616964874,simulation_virtual_sample
combined,-129.375,110.5,-12.687865683272907,-15.460209067254741,11.02629198051185,-2.005911594625336,40.30152328126487,simulation_virtual_sample
combined,-129.375,112.0,-12.687865683272907,-15.460209067254741,10.854637519180377,-3.1952446640420162,40.19611575594542,simulation_virtual_sample
combined,-129.375,113.5,-12.687865683272907,-15.460209067254741,10.732150482020366,-4.4310087773270626,40.06884454403939,simulation_virtual_sample
combined,-129.375,115.0,-12.687865683272907,-15.460209067254741,10.536812284688864,-5.641507846715929,39.9272644469652,simulation_virtual_sample
combined,-126.5625,100.0,-11.913986089848667,-16.0641506296129,12.350799342558933,6.132928732961056,39.4500706872651,simulation_virtual_sample
combined,-126.5625,101.5,-11.913986089848667,-16.0641506296129,12.377188587069174,4.901359629639575,39.556302785547715,simulation_virtual_sample
combined,-126.5625,103.0,-11.913986089848667,-16.0641506296129,12.198012134232874,3.6187947232506357,39.65639242569837,simulation_virtual_sample
combined,-126.5625,104.5,-11.913986089848667,-16.0641506296129,11.977521992754296,2.425826237770773,39.71329801005384,simulation_virtual_sample
combined,-126.5625,106.0,-11.913986089848667,-16.0641506296129,11.705459361426456,1.3447022924352792,39.71629629752206,simulation_virtual_sample
combined,-126.5625,107.5,-11.913986089848667,-16.0641506296129,11.562614425479987,0.22739853876605656,39.67471428062227,simulation_virtual_sample
combined,-126.5625,109.0,-11.913986089848667,-16.0641506296129,11.463688638670181,-0.9097658343692251,39.65325077646488,simulation_virtual_sample
combined,-126.5625,110.5,-11.913986089848667,-16.0641506296129,11.22317735747382,-2.0344857426015333,39.58011990241304,simulation_virtual_sample
combined,-126.5625,112.0,-11.913986089848667,-16.0641506296129,11.051618650291251,-3.2238572229225486,39.47446027388309,simulation_virtual_sample
combined,-126.5625,113.5,-11.913986089848667,-16.0641506296129,10.929613546685776,-4.459691339624307,39.34542346143626,simulation_virtual_sample
combined,-126.5625,115.0,-11.913986089848667,-16.0641506296129,10.965077353085864,-5.667716430469237,39.189745257728816,simulation_virtual_sample
combined,-123.74999999999999,100.0,-11.11140466039204,-16.62939224605091,11.882867564761764,6.10492046272479,38.70927250325609,simulation_virtual_sample
combined,-123.74999999999999,101.5,-11.11140466039204,-16.62939224605091,11.956943867505899,4.885396990444154,38.81514997478492,simulation_virtual_sample
combined,-123.74999999999999,103.0,-11.11140466039204,-16.62939224605091,12.015281638983605,3.6619433580552077,38.92077021624401,simulation_virtual_sample
combined,-123.74999999999999,104.5,-11.11140466039204,-16.62939224605091,11.796566210162169,2.4652320087521615,38.979694228719936,simulation_virtual_sample
combined,-123.74999999999999,106.0,-11.11140466039204,-16.62939224605091,11.663393435518541,1.3452389717847968,38.93610690126056,simulation_virtual_sample
combined,-123.74999999999999,107.5,-11.11140466039204,-16.62939224605091,11.56274344081955,0.21615035598412138,38.88204223267537,simulation_virtual_sample
combined,-123.74999999999999,109.0,-11.11140466039204,-16.62939224605091,11.509223407782866,-0.9250405002802774,38.875106893512154,simulation_virtual_sample
combined,-123.74999999999999,110.5,-11.11140466039204,-16.62939224605091,11.42074155357642,-2.063158408196829,38.856229277279944,simulation_virtual_sample
combined,-123.74999999999999,112.0,-11.11140466039204,-16.62939224605091,11.249279453788283,-3.2525685078387108,38.75031475990397,simulation_virtual_sample
combined,-123.74999999999999,113.5,-11.11140466039204,-16.62939224605091,11.308917982616158,-4.456189063009296,38.592015261077634,simulation_virtual_sample
combined,-123.74999999999999,115.0,-11.11140466039204,-16.62939224605091,11.380949106538457,-5.657601183302113,38.43183518880029,simulation_virtual_sample
combined,-120.9375,100.0,-10.282054883864433,-17.154572200005443,11.416223974280081,6.076989297528528,37.97051369094453,simulation_virtual_sample
combined,-120.9375,101.5,-10.282054883864433,-17.154572200005443,11.48915773679894,4.85739743798098,38.07458236947362,simulation_virtual_sample
combined,-120.9375,103.0,-10.282054883864433,-17.154572200005443,11.562091499317802,3.6378055784334324,38.17865104800269,simulation_virtual_sample
combined,-120.9375,104.5,-10.282054883864433,-17.154572200005443,11.757581764972047,2.461802790666304,38.19351212291479,simulation_virtual_sample
combined,-120.9375,106.0,-10.282054883864433,-17.154572200005443,11.663522432350508,1.33399240258511,38.14354856426325,simulation_virtual_sample
combined,-120.9375,107.5,-10.282054883864433,-17.154572200005443,11.56287210088937,0.2049331473412045,38.09155296702184,simulation_virtual_sample
combined,-120.9375,109.0,-10.282054883864433,-17.154572200005443,11.509359316065122,-0.9362887611225172,38.08256134300488,simulation_virtual_sample
combined,-120.9375,110.5,-10.282054883864433,-17.154572200005443,11.460715529292479,-2.076206285867422,38.071118027747055,simulation_virtual_sample
combined,-120.9375,112.0,-10.282054883864433,-17.154572200005443,11.653646238581114,-3.24464010581477,37.99266759982987,simulation_virtual_sample
combined,-120.9375,113.5,-10.282054883864433,-17.154572200005443,11.724661114645942,-4.446076944300579,37.834339599681286,simulation_virtual_sample
combined,-120.9375,115.0,-10.282054883864433,-17.154572200005443,11.795675990710771,-5.647513782786387,37.67601159953271,simulation_virtual_sample
combined,-118.125,100.0,-9.427934736519955,-17.638425286967102,10.948614687538507,6.049000330141656,37.23022605312982,simulation_virtual_sample
combined,-118.125,101.5,-9.427934736519955,-17.638425286967102,11.028179289898445,4.828861329237644,37.329669596122706,simulation_virtual_sample
combined,-118.125,103.0,-9.427934736519955,-17.638425286967102,11.354483336133667,3.5935350239853934,37.3398639110825,simulation_virtual_sample
combined,-118.125,104.5,-9.427934736519955,-17.638425286967102,11.575143102359831,2.415974880894144,37.34549069888556,simulation_virtual_sample
combined,-118.125,106.0,-9.427934736519955,-17.638425286967102,11.647281126192622,1.319626243572961,37.344696153780774,simulation_virtual_sample
combined,-118.125,107.5,-9.427934736519955,-17.638425286967102,11.563001027116309,0.19369273383003693,37.29942842829397,simulation_virtual_sample
combined,-118.125,109.0,-9.427934736519955,-17.638425286967102,11.521845889745956,-0.9441355707035457,37.28223986325815,simulation_virtual_sample
combined,-118.125,110.5,-9.427934736519955,-17.638425286967102,11.602598628703362,-2.04819912520736,37.20459090656951,simulation_virtual_sample
combined,-118.125,112.0,-9.427934736519955,-17.638425286967102,11.819433781182248,-3.2182262872963365,37.13537123558409,simulation_virtual_sample
combined,-118.125,113.5,-9.427934736519955,-17.638425286967102,12.133638405210892,-4.435451624710656,37.07218287366517,simulation_virtual_sample
combined,-118.125,115.0,-9.427934736519955,-17.638425286967102,12.211261132039276,-5.637405506884931,36.91862387003435,simulation_virtual_sample
combined,-115.31250000000001,100.0,-8.551101868605645,-18.079785862468864,10.495521814417978,6.004069674832623,36.4561017521756,simulation_virtual_sample
combined,-115.31250000000001,101.5,-8.551101868605645,-18.079785862468864,10.845987176598827,4.783095351730774,36.48279419616627,simulation_virtual_sample
combined,-115.31250000000001,103.0,-8.551101868605645,-18.079785862468864,11.172735582192502,3.5478806678875707,36.49505400673177,simulation_virtual_sample
combined,-115.31250000000001,104.5,-8.551101868605645,-18.079785862468864,11.393457531672954,2.3703361449972498,36.50096983815693,simulation_virtual_sample
combined,-115.31250000000001,106.0,-8.551101868605645,-18.079785862468864,11.465120450220738,1.2738681630052502,36.497966882539885,simulation_virtual_sample
combined,-115.31250000000001,107.5,-8.551101868605645,-18.079785862468864,11.559696870308025,0.17940993761661148,36.492781462638575,simulation_virtual_sample
combined,-115.31250000000001,109.0,-8.551101868605645,-18.079785862468864,11.663512616222366,-0.9161711212019195,36.41703420331729,simulation_virtual_sample
combined,-115.31250000000001,110.5,-8.551101868605645,-18.079785862468864,11.743895622338119,-2.0203076595011296,36.341643327656016,simulation_virtual_sample
combined,-115.31250000000001,112.0,-8.551101868605645,-18.079785862468864,11.96088485700643,-3.190377029616526,36.27213944098623,simulation_virtual_sample
combined,-115.31250000000001,113.5,-8.551101868605645,-18.079785862468864,12.275435420326739,-4.407534257598528,36.20683991947502,simulation_virtual_sample
combined,-115.31250000000001,115.0,-8.551101868605645,-18.079785862468864,12.62059690518664,-5.605768640025072,36.14310193329694,simulation_virtual_sample
combined,-112.5,100.0,-7.653668647301794,-18.477590650225736,10.148738876251846,5.859276326719682,35.511405542453566,simulation_virtual_sample
combined,-112.5,101.5,-7.653668647301794,-18.477590650225736,10.621219999851826,4.7117191600979,35.61055270517183,simulation_virtual_sample
combined,-112.5,103.0,-7.653668647301794,-18.477590650225736,10.990862558393339,3.5021948444698996,35.649661816138384,simulation_virtual_sample
combined,-112.5,104.5,-7.653668647301794,-18.477590650225736,11.211646733987964,2.3246659525467477,35.655866890409314,simulation_virtual_sample
combined,-112.5,106.0,-7.653668647301794,-18.477590650225736,11.314605906123541,1.2308974507291264,35.648561914226896,simulation_virtual_sample
combined,-112.5,107.5,-7.653668647301794,-18.477590650225736,11.539207383136944,0.1479215254734978,35.63324708953133,simulation_virtual_sample
combined,-112.5,109.0,-7.653668647301794,-18.477590650225736,11.773167577213817,-0.899948029187733,35.55278372827793,simulation_virtual_sample
combined,-112.5,110.5,-7.653668647301794,-18.477590650225736,11.8852895816276,-1.9923970531595327,35.47810354734579,simulation_virtual_sample
combined,-112.5,112.0,-7.653668647301794,-18.477590650225736,12.102433657917159,-3.1625085315661425,35.4083112606674,simulation_virtual_sample
combined,-112.5,113.5,-7.653668647301794,-18.477590650225736,12.472252070931779,-4.345561298185432,35.34494544766234,simulation_virtual_sample
combined,-112.5,115.0,-7.653668647301794,-18.477590650225736,12.975124290598012,-5.446157362151078,35.29138230725611,simulation_virtual_sample
combined,-109.6875,100.0,-6.737797067844399,-18.830881303660416,9.803864155654988,5.715279722564919,34.57190764472044,simulation_virtual_sample
combined,-109.6875,101.5,-6.737797067844399,-18.830881303660416,10.275500880555402,4.567369991553728,34.668754520535344,simulation_virtual_sample
combined,-109.6875,103.0,-6.737797067844399,-18.830881303660416,10.747137605455817,3.419460260542536,34.76560139635024,simulation_virtual_sample
combined,-109.6875,104.5,-6.737797067844399,-18.830881303660416,11.069521002616732,2.2823942779408655,34.804596611358,simulation_virtual_sample
combined,-109.6875,106.0,-6.737797067844399,-18.830881303660416,11.294175822306087,1.1995003301476885,34.791519512924324,simulation_virtual_sample
combined,-109.6875,107.5,-6.737797067844399,-18.830881303660416,11.518830641995441,0.11660638235451189,34.778442414490634,simulation_virtual_sample
combined,-109.6875,109.0,-6.737797067844399,-18.830881303660416,11.752737584435625,-0.9313450098592865,34.69574514607409,simulation_virtual_sample
combined,-109.6875,110.5,-6.737797067844399,-18.830881303660416,11.98665801073194,-1.9792454775009665,34.6129464146332,simulation_virtual_sample
combined,-109.6875,112.0,-6.737797067844399,-18.830881303660416,12.323682916358164,-3.0854549472824657,34.54732787108207,simulation_virtual_sample
combined,-109.6875,113.5,-6.737797067844399,-18.830881303660416,12.825691879992299,-4.1864396565378295,34.49583862435822,simulation_virtual_sample
combined,-109.6875,115.0,-6.737797067844399,-18.830881303660416,13.327700843626433,-5.287424365793194,34.44434937763437,simulation_virtual_sample
combined,-106.875,100.0,-5.805693545089243,-19.13880671464418,9.45922697664826,5.571382299881807,33.63305685102603,simulation_virtual_sample
combined,-106.875,101.5,-5.805693545089243,-19.13880671464418,9.93001988445106,4.42312024731926,33.72760502432106,simulation_virtual_sample
combined,-106.875,103.0,-5.805693545089243,-19.13880671464418,10.458830242096447,3.296654736593287,33.83235853383457,simulation_virtual_sample
combined,-106.875,104.5,-5.805693545089243,-19.13880671464418,10.976653591447535,2.2280463569424396,33.92027994677408,simulation_virtual_sample
combined,-106.875,106.0,-5.805693545089243,-19.13880671464418,11.2737598102495,1.1681248351639018,33.935067422255294,simulation_virtual_sample
combined,-106.875,107.5,-5.805693545089243,-19.13880671464418,11.498467935873627,0.08531280836903071,33.924226508790326,simulation_virtual_sample
combined,-106.875,109.0,-5.805693545089243,-19.13880671464418,11.732321663355593,-0.9627203650295533,33.8392968718733,simulation_virtual_sample
combined,-106.875,110.5,-5.805693545089243,-19.13880671464418,12.044271502813682,-1.945197628319605,33.73382082311802,simulation_virtual_sample
combined,-106.875,112.0,-5.805693545089243,-19.13880671464418,12.607359842641802,-2.9430383264591176,33.67906696119168,simulation_virtual_sample
combined,-106.875,113.5,-5.805693545089243,-19.13880671464418,13.178888248031354,-4.0274276141317005,33.647316645848306,simulation_virtual_sample
combined,-106.875,115.0,-5.805693545089243,-19.13880671464418,13.680034550223825,-5.128800700987053,33.59789986435769,simulation_virtual_sample
combined,-104.0625,100.0,-4.859603598065277,-19.400625063890878,9.113161266604642,5.4268884182356105,32.690314493741006,simulation_virtual_sample
combined,-104.0625,101.5,-4.859603598065277,-19.400625063890878,9.661339576446776,4.307700228189555,32.79853489762031,simulation_virtual_sample
combined,-104.0625,103.0,-4.859603598065277,-19.400625063890878,10.283217590956435,3.2162345664445353,32.92180981227369,simulation_virtual_sample
combined,-104.0625,104.5,-4.859603598065277,-19.400625063890878,10.801101024495113,2.1476537017851083,33.01004276074235,simulation_virtual_sample
combined,-104.0625,106.0,-4.859603598065277,-19.400625063890878,11.172781972069062,1.111245804154087,33.04901138676782,simulation_virtual_sample
combined,-104.0625,107.5,-4.859603598065277,-19.400625063890878,11.478020825748233,0.05388952161773189,33.06646985354866,simulation_virtual_sample
combined,-104.0625,109.0,-4.859603598065277,-19.400625063890878,11.79855666180206,-0.9214208554437436,32.959058015077694,simulation_virtual_sample
combined,-104.0625,110.5,-4.859603598065277,-19.400625063890878,12.191401056810749,-1.8359967883879087,32.834660832798,simulation_virtual_sample
combined,-104.0625,112.0,-4.859603598065277,-19.400625063890878,12.754539559975628,-2.8338002548607832,32.779600405235016,simulation_virtual_sample
combined,-104.0625,113.5,-4.859603598065277,-19.400625063890878,13.438809139008807,-3.8908038944186303,32.77385956827319,simulation_virtual_sample
combined,-104.0625,115.0,-4.859603598065277,-19.400625063890878,14.033828690186725,-4.969519536519928,32.74794179346004,simulation_virtual_sample
combined,-101.25,100.0,-3.901806440322564,-19.61570560806461,8.799928412455637,5.208972811422356,31.756265056225633,simulation_virtual_sample
combined,-101.25,101.5,-3.901806440322564,-19.61570560806461,9.485661123835799,4.227249924872967,31.887644996509582,simulation_virtual_sample
combined,-101.25,103.0,-3.901806440322564,-19.61570560806461,10.10796761114311,3.135980478235844,32.013141535605136,simulation_virtual_sample
combined,-101.25,104.5,-3.901806440322564,-19.61570560806461,10.625911004784859,2.067427071744491,32.101685376226726,simulation_virtual_sample
combined,-101.25,106.0,-3.901806440322564,-19.61570560806461,10.997133832850857,1.0308093825720352,32.138278660102415,simulation_virtual_sample
combined,-101.25,107.5,-3.901806440322564,-19.61570560806461,11.466863019532285,0.05355252950319365,32.181062999233006,simulation_virtual_sample
combined,-101.25,109.0,-3.901806440322564,-19.61570560806461,11.945766776719434,-0.8121602224934164,32.05940568889205,simulation_virtual_sample
combined,-101.25,110.5,-3.901806440322564,-19.61570560806461,12.338226762137477,-1.7270214675929978,31.93735776761678,simulation_virtual_sample
combined,-101.25,112.0,-3.901806440322564,-19.61570560806461,12.90141532504291,-2.7247877792892408,31.881991407529668,simulation_virtual_sample
combined,-101.25,113.5,-3.901806440322564,-19.61570560806461,13.58604400408873,-3.781524891681509,31.874055985216927,simulation_virtual_sample
combined,-101.25,115.0,-3.901806440322564,-19.61570560806461,14.330664571698085,-4.7531606034524305,31.845976880051897,simulation_virtual_sample
combined,-98.4375,100.0,-2.934609489107233,-19.78353019929562,8.514523975173706,4.938235164599136,30.83830311894233,simulation_virtual_sample
combined,-98.4375,101.5,-2.934609489107233,-19.78353019929562,9.23422419077089,4.015723265462444,30.970651138525817,simulation_virtual_sample
combined,-98.4375,103.0,-2.934609489107233,-19.78353019929562,9.932233847119226,3.0555048455753377,31.10196484572388,simulation_virtual_sample
combined,-98.4375,104.5,-2.934609489107233,-19.78353019929562,10.450237366386183,1.986978973051373,31.19082043672797,simulation_virtual_sample
combined,-98.4375,106.0,-2.934609489107233,-19.78353019929562,10.929057560585388,1.0151792951769505,31.234924954999066,simulation_virtual_sample
combined,-98.4375,107.5,-2.934609489107233,-19.78353019929562,11.463569073980068,0.0768945653967164,31.284128290965093,simulation_virtual_sample
combined,-98.4375,109.0,-2.934609489107233,-19.78353019929562,11.998790318018862,-0.7566334373424617,31.1602215579807,simulation_virtual_sample
combined,-98.4375,110.5,-2.934609489107233,-19.78353019929562,12.485457785387878,-1.6177453162952962,31.03757766331988,simulation_virtual_sample
combined,-98.4375,112.0,-2.934609489107233,-19.78353019929562,13.048696546225676,-2.615474370647738,30.981904526170304,simulation_virtual_sample
combined,-98.4375,113.5,-2.934609489107233,-19.78353019929562,13.804954800581632,-3.5704673222038106,30.951063258257204,simulation_virtual_sample
combined,-98.4375,115.0,-2.934609489107233,-19.78353019929562,14.581749826700765,-4.496219036486411,30.914255649853548,simulation_virtual_sample
combined,-95.625,100.0,-1.960342806591213,-19.90369453344394,8.230101470719102,4.668428989569212,29.923499426040383,simulation_virtual_sample
combined,-95.625,101.5,-1.960342806591213,-19.90369453344394,8.949105300125753,3.745256491177999,30.05360762054389,simulation_virtual_sample
combined,-95.625,103.0,-1.960342806591213,-19.90369453344394,9.668109129532402,2.822083992786786,30.1837158150474,simulation_virtual_sample
combined,-95.625,104.5,-1.960342806591213,-19.90369453344394,10.391246247854998,1.9768475427824175,30.287192937365116,simulation_virtual_sample
combined,-95.625,106.0,-1.960342806591213,-19.90369453344394,10.925766354544688,1.0385019179456652,30.33873621017307,simulation_virtual_sample
combined,-95.625,107.5,-1.960342806591213,-19.90369453344394,11.46028646123438,0.10015629310891257,30.390279482981033,simulation_virtual_sample
combined,-95.625,109.0,-1.960342806591213,-19.90369453344394,11.995499126644228,-0.7333109185025607,30.26403680669494,simulation_virtual_sample
combined,-95.625,110.5,-1.960342806591213,-19.90369453344394,12.530712801375115,-1.5666252824407774,30.137535028770856,simulation_virtual_sample
combined,-95.625,112.0,-1.960342806591213,-19.90369453344394,13.279606466572105,-2.3874041736899354,30.054808424188206,simulation_virtual_sample
combined,-95.625,113.5,-1.960342806591213,-19.90369453344394,14.055788845228935,-3.3137828248229697,30.020274213508557,simulation_virtual_sample
combined,-95.625,115.0,-1.960342806591213,-19.90369453344394,14.831971223885764,-4.240161475956005,29.985740002828912,simulation_virtual_sample
combined,-92.8125,100.0,-0.9813534865483602,-19.97590912410345,7.945286734689669,4.398250739547776,29.00743417722247,simulation_virtual_sample
combined,-92.8125,101.5,-0.9813534865483602,-19.97590912410345,8.663593217557544,3.4744167309056126,29.13529945782531,simulation_virtual_sample
combined,-92.8125,103.0,-0.9813534865483602,-19.97590912410345,9.522975101586796,2.667465211457448,29.23634352705835,simulation_virtual_sample
combined,-92.8125,104.5,-0.9813534865483602,-19.97590912410345,10.29893654791972,1.8724446743817362,29.337440506652765,simulation_virtual_sample
combined,-92.8125,106.0,-0.9813534865483602,-19.97590912410345,10.92247060978111,1.0618567036723536,29.441311580291497,simulation_virtual_sample
combined,-92.8125,107.5,-0.9813534865483602,-19.97590912410345,11.456999321616356,0.12345009980202934,29.49519801682076,simulation_virtual_sample
combined,-92.8125,109.0,-0.9813534865483602,-19.97590912410345,11.992203396566943,-0.7099562368480082,29.36661617586087,simulation_virtual_sample
combined,-92.8125,110.5,-0.9813534865483602,-19.97590912410345,12.614252451612206,-1.4670770974352596,29.227299817365264,simulation_virtual_sample
combined,-92.8125,112.0,-0.9813534865483602,-19.97590912410345,13.409906150361467,-2.244424642434581,29.138289093801607,simulation_virtual_sample
combined,-92.8125,113.5,-0.9813534865483602,-19.97590912410345,14.306968801436724,-3.0567443478411307,29.088201568316425,simulation_virtual_sample
combined,-92.8125,115.0,-0.9813534865483602,-19.97590912410345,15.082537687762526,-3.983750800399042,29.055943890479682,simulation_virtual_sample
combined,-90.0,100.0,1.2246467991473533e-15,-20.0,7.65869799987691,4.126389655648073,28.085663118868485,simulation_virtual_sample
combined,-90.0,101.5,1.2246467991473533e-15,-20.0,8.539563750419752,3.3373214938766282,28.184997941667234,simulation_virtual_sample
combined,-90.0,103.0,1.2246467991473533e-15,-20.0,9.420429500962586,2.5482533321051744,28.28433276446599,simulation_virtual_sample
combined,-90.0,104.5,1.2246467991473533e-15,-20.0,10.196426032291177,1.7532735822328667,28.38575546543001,simulation_virtual_sample
combined,-90.0,106.0,1.2246467991473533e-15,-20.0,10.824990453146812,0.9499829293473958,28.490113444129697,simulation_virtual_sample
combined,-90.0,107.5,1.2246467991473533e-15,-20.0,11.453554874002446,0.1466922764619249,28.594471422829383,simulation_virtual_sample
combined,-90.0,109.0,1.2246467991473533e-15,-20.0,12.08069065434944,-0.6061132675238176,28.457241019385698,simulation_virtual_sample
combined,-90.0,110.5,1.2246467991473533e-15,-20.0,12.707824352624716,-1.3588452355353247,28.31965852993155,simulation_virtual_sample
combined,-90.0,112.0,1.2246467991473533e-15,-20.0,13.503509954405375,-2.136155879237873,28.230338349060936,simulation_virtual_sample
combined,-90.0,113.5,1.2246467991473533e-15,-20.0,14.419087392916701,-2.930949461499537,28.17534739675794,simulation_virtual_sample
combined,-90.0,115.0,1.2246467991473533e-15,-20.0,15.334664831428041,-3.725743043761192,28.12035644445494,simulation_virtual_sample
combined,-87.1875,100.0,0.9813534865483625,-19.97590912410345,7.528230354042783,3.793504788021185,27.132978130462963,simulation_virtual_sample
combined,-87.1875,101.5,0.9813534865483625,-19.97590912410345,8.433595260830876,3.1931666776770107,27.23112012585444,simulation_virtual_sample
combined,-87.1875,103.0,0.9813534865483625,-19.97590912410345,9.317883900338375,2.429041452752901,27.33232200187362,simulation_virtual_sample
combined,-87.1875,104.5,0.9813534865483625,-19.97590912410345,10.093915516662637,1.6341024900839969,27.434070424207256,simulation_virtual_sample
combined,-87.1875,106.0,0.9813534865483625,-19.97590912410345,10.727661693583283,0.8371732001611079,27.532412242345092,simulation_virtual_sample
combined,-87.1875,107.5,0.9813534865483625,-19.97590912410345,11.452956458454613,0.15233994132374362,27.57149719751439,simulation_virtual_sample
combined,-87.1875,109.0,0.9813534865483625,-19.97590912410345,12.16933390810172,-0.5032346840066745,27.541165257520284,simulation_virtual_sample
combined,-87.1875,110.5,0.9813534865483625,-19.97590912410345,12.801396253637222,-1.2506133736353888,27.412017242497832,simulation_virtual_sample
combined,-87.1875,112.0,0.9813534865483625,-19.97590912410345,13.597113758449282,-2.027887116041166,27.322387604320266,simulation_virtual_sample
combined,-87.1875,113.5,0.9813534865483625,-19.97590912410345,14.513284605420782,-2.801872946516931,27.265055453295506,simulation_virtual_sample
combined,-87.1875,115.0,0.9813534865483625,-19.97590912410345,15.431877591631304,-3.439368525929608,27.206917181687892,simulation_virtual_sample
combined,-84.375,100.0,1.9603428065912154,-19.903694533443936,7.398570309544145,3.4626804945845047,26.186190310386234,simulation_virtual_sample
combined,-84.375,101.5,1.9603428065912154,-19.903694533443936,8.303617753884511,2.861532386909477,26.28201417007135,simulation_virtual_sample
combined,-84.375,103.0,1.9603428065912154,-19.903694533443936,9.208665198224876,2.26038427923445,26.377838029756465,simulation_virtual_sample
combined,-84.375,104.5,1.9603428065912154,-19.903694533443936,10.001909730727032,1.5278207888632613,26.47126376018955,simulation_virtual_sample
combined,-84.375,106.0,1.9603428065912154,-19.903694533443936,10.727205686227476,0.8429723884228086,26.51301036005688,simulation_virtual_sample
combined,-84.375,107.5,1.9603428065912154,-19.903694533443936,11.452501641727917,0.15812398798235575,26.5547569599242,simulation_virtual_sample
combined,-84.375,109.0,1.9603428065912154,-19.903694533443936,12.16887790277794,-0.4974355215869538,26.521767917826974,simulation_virtual_sample
combined,-84.375,110.5,1.9603428065912154,-19.903694533443936,12.885241164446098,-1.1529523461204743,26.488669957520248,simulation_virtual_sample
combined,-84.375,112.0,1.9603428065912154,-19.903694533443936,13.691775716454591,-1.8783818714581484,26.410963416578994,simulation_virtual_sample
combined,-84.375,113.5,1.9603428065912154,-19.903694533443936,14.610132158189995,-2.51657427616277,26.355047785399623,simulation_virtual_sample
combined,-84.375,115.0,1.9603428065912154,-19.903694533443936,15.528488599925394,-3.154766680867391,26.299132154220253,simulation_virtual_sample
combined,-81.5625,100.0,2.9346094891072347,-19.78353019929562,7.26908882590284,3.1323117946168115,25.240706355702404,simulation_virtual_sample
combined,-81.5625,101.5,2.9346094891072347,-19.78353019929562,8.17381924498773,2.530354805095801,25.334215272093296,simulation_virtual_sample
combined,-81.5625,103.0,2.9346094891072347,-19.78353019929562,9.097941372595935,1.9605808865270848,25.42620241106463,simulation_virtual_sample
combined,-81.5625,104.5,2.9346094891072347,-19.78353019929562,9.991234501148455,1.4771976562855806,25.47073173584106,simulation_virtual_sample
combined,-81.5625,106.0,2.9346094891072347,-19.78353019929562,10.72675030686053,0.8487635903535483,25.49501234335247,simulation_virtual_sample
combined,-81.5625,107.5,2.9346094891072347,-19.78353019929562,11.452047451350419,0.1639000691622099,25.53941692244354,simulation_virtual_sample
combined,-81.5625,109.0,2.9346094891072347,-19.78353019929562,12.16842252544023,-0.49164434546260605,25.50377443746166,simulation_virtual_sample
combined,-81.5625,110.5,2.9346094891072347,-19.78353019929562,12.893232606407807,-1.1084648840688438,25.498162143941137,simulation_virtual_sample
combined,-81.5625,112.0,2.9346094891072347,-19.78353019929562,13.774640125317706,-1.6243612426370464,25.496909407050506,simulation_virtual_sample
combined,-81.5625,113.5,2.9346094891072347,-19.78353019929562,14.706846337705175,-2.2316685038318282,25.44629333124423,simulation_virtual_sample
combined,-81.5625,115.0,2.9346094891072347,-19.78353019929562,15.62496656072181,-2.8705567741979836,25.392597279591943,simulation_virtual_sample
combined,-78.75,100.0,3.9018064403225665,-19.61570560806461,7.139160323768526,2.800802538376178,24.291958236902598,simulation_virtual_sample
combined,-78.75,101.5,3.9018064403225665,-19.61570560806461,8.074348473978047,2.2493106305829573,24.382385966349574,simulation_virtual_sample
combined,-78.75,103.0,3.9018064403225665,-19.61570560806461,9.065844805843982,1.7916358169617104,24.47142638179475,simulation_virtual_sample
combined,-78.75,104.5,3.9018064403225665,-19.61570560806461,9.959148915929582,1.3083103896585857,24.516282374050316,simulation_virtual_sample
combined,-78.75,106.0,3.9018064403225665,-19.61570560806461,10.7144078818101,0.7889236267378096,24.49902097085197,simulation_virtual_sample
combined,-78.75,107.5,3.9018064403225665,-19.61570560806461,11.45159169293792,0.16969609153390014,24.520571551530782,simulation_virtual_sample
combined,-78.75,109.0,3.9018064403225665,-19.61570560806461,12.177765462401613,-0.4409784285106557,24.519337866635663,simulation_virtual_sample
combined,-78.75,110.5,3.9018064403225665,-19.61570560806461,12.918966315351863,-0.9827706601000148,24.57487401054082,simulation_virtual_sample
combined,-78.75,112.0,3.9018064403225665,-19.61570560806461,13.80038260808505,-1.498624163636624,24.573306481602646,simulation_virtual_sample
combined,-78.75,113.5,3.9018064403225665,-19.61570560806461,14.78153486501658,-1.9960273163671833,24.531120816180255,simulation_virtual_sample
combined,-78.75,115.0,3.9018064403225665,-19.61570560806461,15.721777599510776,-2.5853656686682878,24.482932707634568,simulation_virtual_sample
combined,-75.9375,100.0,4.85960359806528,-19.400625063890878,7.063370573053597,2.4945205204798553,23.37228804904675,simulation_virtual_sample
combined,-75.9375,101.5,4.85960359806528,-19.400625063890878,8.042262009476316,2.0804187357193995,23.427910448546463,simulation_virtual_sample
combined,-75.9375,103.0,4.85960359806528,-19.400625063890878,9.033836598960116,1.6231558427498762,23.519278792029073,simulation_virtual_sample
combined,-75.9375,104.5,4.85960359806528,-19.400625063890878,9.927151660347313,1.1398880592572087,23.564460552468354,simulation_virtual_sample
combined,-75.9375,106.0,4.85960359806528,-19.400625063890878,10.682326953841658,0.6200608742435574,23.54471014821114,simulation_virtual_sample
combined,-75.9375,107.5,4.85960359806528,-19.400625063890878,11.44633840708182,0.16469155685088374,23.56877062760747,simulation_virtual_sample
combined,-75.9375,109.0,4.85960359806528,-19.400625063890878,12.203495516891975,-0.31530205442588055,23.596180849730665,simulation_virtual_sample
combined,-75.9375,110.5,4.85960359806528,-19.400625063890878,12.944629180982824,-0.8574224645751367,23.654127632410002,simulation_virtual_sample
combined,-75.9375,112.0,4.85960359806528,-19.400625063890878,13.826054223385503,-1.37323323105741,23.652246178027372,simulation_virtual_sample
combined,-75.9375,113.5,4.85960359806528,-19.400625063890878,14.807269245453098,-1.8703298125476195,23.607808590604755,simulation_virtual_sample
combined,-75.9375,115.0,4.85960359806528,-19.400625063890878,15.775025572110808,-2.2830317705790204,23.590338704147836,simulation_virtual_sample
combined,-73.125,100.0,5.805693545089246,-19.13880671464418,7.060816711510385,2.226066638264923,22.503961898538464,simulation_virtual_sample
combined,-73.125,101.5,5.805693545089246,-19.13880671464418,8.026238645376864,1.857123362864538,22.519513717091538,simulation_virtual_sample
combined,-73.125,103.0,5.805693545089246,-19.13880671464418,9.001762152645766,1.4543272074093319,22.56516077904307,simulation_virtual_sample
combined,-73.125,104.5,5.805693545089246,-19.13880671464418,9.895088187997745,0.9711171870181889,22.610668981827516,simulation_virtual_sample
combined,-73.125,106.0,5.805693545089246,-19.13880671464418,10.66018159273005,0.5236375628232532,22.640129416073027,simulation_virtual_sample
combined,-73.125,107.5,5.805693545089246,-19.13880671464418,11.434925616707067,0.14638998621668564,22.719478605753945,simulation_virtual_sample
combined,-73.125,109.0,5.805693545089246,-19.13880671464418,12.211279762103226,-0.25916488035756324,22.707882197910465,simulation_virtual_sample
combined,-73.125,110.5,5.805693545089246,-19.13880671464418,12.970345154668545,-0.7318148670439494,22.731475814342144,simulation_virtual_sample
combined,-73.125,112.0,5.805693545089246,-19.13880671464418,13.851778964847739,-1.247582808029627,22.729279784861582,simulation_virtual_sample
combined,-73.125,113.5,5.805693545089246,-19.13880671464418,14.815966071923636,-1.6380640265073387,22.719449221739414,simulation_virtual_sample
combined,-73.125,115.0,5.805693545089246,-19.13880671464418,15.769449558130356,-1.9619666445382136,22.732705573042058,simulation_virtual_sample
combined,-70.3125,100.0,6.737797067844401,-18.830881303660416,7.05827339209941,1.9587209117891695,21.639220127586267,simulation_virtual_sample
combined,-70.3125,101.5,6.737797067844401,-18.830881303660416,8.023689098847825,1.5891230613495368,21.652654693748133,simulation_virtual_sample
combined,-70.3125,103.0,6.737797067844401,-18.830881303660416,8.989104805596238,1.2195252109099044,21.66608925991,simulation_virtual_sample
combined,-70.3125,104.5,6.737797067844401,-18.830881303660416,9.874012382801721,0.8825636912273416,21.71056577768832,simulation_virtual_sample
combined,-70.3125,106.0,6.737797067844401,-18.830881303660416,10.64878616010112,0.505363827100655,21.79212908490678,simulation_virtual_sample
combined,-70.3125,107.5,6.737797067844401,-18.830881303660416,11.423559937400517,0.12816396297396843,21.873692392125243,simulation_virtual_sample
combined,-70.3125,109.0,6.737797067844401,-18.830881303660416,12.199884380253911,-0.2774385346498835,21.859885645550253,simulation_virtual_sample
combined,-70.3125,110.5,6.737797067844401,-18.830881303660416,12.976211083015848,-0.6830824256959939,21.845939908592282,simulation_virtual_sample
combined,-70.3125,112.0,6.737797067844401,-18.830881303660416,13.856902396914196,-0.9928558974862803,21.84791762008451,simulation_virtual_sample
combined,-70.3125,113.5,6.737797067844401,-18.830881303660416,14.810399479197603,-1.3175413733240346,21.863265150832284,simulation_virtual_sample
combined,-70.3125,115.0,6.737797067844401,-18.830881303660416,15.76389656148101,-1.642226849161789,21.87861268158006,simulation_virtual_sample
combined,-67.5,100.0,7.653668647301797,-18.477590650225736,7.055728319702472,1.6911909169499013,20.773882332328398,simulation_virtual_sample
combined,-67.5,101.5,7.653668647301797,-18.477590650225736,8.02113779504077,1.3209380403043887,20.7851981867803,simulation_virtual_sample
combined,-67.5,103.0,7.653668647301797,-18.477590650225736,8.989538462944838,1.039040891602567,20.838757758303533,simulation_virtual_sample
combined,-67.5,104.5,7.653668647301797,-18.477590650225736,9.872757843882686,0.7819708817236042,20.896037498924283,simulation_virtual_sample
combined,-67.5,106.0,7.653668647301797,-18.477590650225736,10.637382873156543,0.487077496183732,20.943544268492378,simulation_virtual_sample
combined,-67.5,107.5,7.653668647301797,-18.477590650225736,11.412186424285833,0.10992537742281051,21.027323219331553,simulation_virtual_sample
combined,-67.5,109.0,7.653668647301797,-18.477590650225736,12.188481144123948,-0.29572478408040204,21.011304610546436,simulation_virtual_sample
combined,-67.5,110.5,7.653668647301797,-18.477590650225736,12.956392349172848,-0.6099293613591679,21.00374433754171,simulation_virtual_sample
combined,-67.5,112.0,7.653668647301797,-18.477590650225736,13.840648548829618,-0.8079267467541517,21.001476932148204,simulation_virtual_sample
combined,-67.5,113.5,7.653668647301797,-18.477590650225736,14.804829049690838,-0.9967977995165275,21.00649095402454,simulation_virtual_sample
combined,-67.5,115.0,7.653668647301797,-18.477590650225736,15.758339737422046,-1.3222666727468462,21.02393110556539,simulation_virtual_sample
combined,-64.68750000000001,100.0,8.55110186860564,-18.079785862468867,7.053169165230007,1.4221806586817116,19.903756558463677,simulation_virtual_sample
combined,-64.68750000000001,101.5,8.55110186860564,-18.079785862468867,8.022115243677801,1.1567124697717688,19.966391177635774,simulation_virtual_sample
combined,-64.68750000000001,103.0,8.55110186860564,-18.079785862468867,8.991745212452052,0.9115983156991407,20.039343251519348,simulation_virtual_sample
combined,-64.68750000000001,104.5,8.55110186860564,-18.079785862468867,9.874878283846439,0.6545599302436208,20.096880101654314,simulation_virtual_sample
combined,-64.68750000000001,106.0,8.55110186860564,-18.079785862468867,10.63685033338569,0.38081860973549164,20.132823989289072,simulation_virtual_sample
combined,-64.68750000000001,107.5,8.55110186860564,-18.079785862468867,11.400749980674208,0.09158587641653565,20.176271022734852,simulation_virtual_sample
combined,-64.68750000000001,109.0,8.55110186860564,-18.079785862468867,12.168111671691191,-0.216345776575548,20.17098497173575,simulation_virtual_sample
combined,-64.68750000000001,110.5,8.55110186860564,-18.079785862468867,12.933872138175781,-0.506712961324321,20.167880272384636,simulation_virtual_sample
combined,-64.68750000000001,112.0,8.55110186860564,-18.079785862468867,13.8181206596408,-0.7046751554277337,20.16532788189166,simulation_virtual_sample
combined,-64.68750000000001,113.5,8.55110186860564,-18.079785862468867,14.78665034463356,-0.8369092039501626,20.163168351532967,simulation_virtual_sample
combined,-64.68750000000001,115.0,8.55110186860564,-18.079785862468867,15.752752167040825,-1.000536132795123,20.164520512600276,simulation_virtual_sample
combined,-61.87499999999999,100.0,9.427934736519957,-17.6384252869671,7.142211347450897,1.175998761451729,19.13416421560925,simulation_virtual_sample
combined,-61.87499999999999,101.5,9.427934736519957,-17.6384252869671,8.024325862352823,1.029046444532556,19.165575030628197,simulation_virtual_sample
combined,-61.87499999999999,103.0,9.427934736519957,-17.6384252869671,8.993950437528609,0.7842437775950158,19.240480983211267,simulation_virtual_sample
combined,-61.87499999999999,104.5,9.427934736519957,-17.6384252869671,9.87699726783576,0.5272364639507982,19.2982714361351,simulation_virtual_sample
combined,-61.87499999999999,106.0,9.427934736519957,-17.6384252869671,10.638974856328975,0.25316232411901457,19.332127787169878,simulation_virtual_sample
combined,-61.87499999999999,107.5,9.427934736519957,-17.6384252869671,11.391388413214797,0.09125972500615132,19.329277258585186,simulation_virtual_sample
combined,-61.87499999999999,109.0,9.427934736519957,-17.6384252869671,12.14554805173256,-0.11293042117822293,19.333509732017173,simulation_virtual_sample
combined,-61.87499999999999,110.5,9.427934736519957,-17.6384252869671,12.911367438569986,-0.4035676543163824,19.332591930721655,simulation_virtual_sample
combined,-61.87499999999999,112.0,9.427934736519957,-17.6384252869671,13.795608287131811,-0.6014946813671574,19.32975475142024,simulation_virtual_sample
combined,-61.87499999999999,113.5,9.427934736519957,-17.6384252869671,14.764082931095517,-0.7334764615216746,19.32555230866156,simulation_virtual_sample
combined,-61.87499999999999,115.0,9.427934736519957,-17.6384252869671,15.67800965593236,-0.7756201517507351,19.35015894170617,simulation_virtual_sample
combined,-59.0625,100.0,10.282054883864433,-17.154572200005443,7.245878618458244,0.9353469910842122,18.38671605854633,simulation_virtual_sample
combined,-59.0625,101.5,10.282054883864433,-17.154572200005443,8.125423170451295,0.7909626796892477,18.414891870086965,simulation_virtual_sample
combined,-59.0625,103.0,10.282054883864433,-17.154572200005443,9.004967722444349,0.6465783682942838,18.443067681627593,simulation_virtual_sample
combined,-59.0625,104.5,10.282054883864433,-17.154572200005443,9.87912503963616,0.3993849641414535,18.49635079557894,simulation_virtual_sample
combined,-59.0625,106.0,10.282054883864433,-17.154572200005443,10.630954169663223,0.2445850080048525,18.493211315958003,simulation_virtual_sample
combined,-59.0625,107.5,10.282054883864433,-17.154572200005443,11.382398509815369,0.09431765009717716,18.488749303359118,simulation_virtual_sample
combined,-59.0625,109.0,10.282054883864433,-17.154572200005443,12.135340412011725,-0.10101523627061723,18.49131449817472,simulation_virtual_sample
combined,-59.0625,110.5,10.282054883864433,-17.154572200005443,12.888769456335904,-0.29999480703900827,18.493841294815628,simulation_virtual_sample
combined,-59.0625,112.0,10.282054883864433,-17.154572200005443,13.767443462895864,-0.48876301630612684,18.49406641566287,simulation_virtual_sample
combined,-59.0625,113.5,10.282054883864433,-17.154572200005443,14.67986107069891,-0.5285829052646388,18.521542467129787,simulation_virtual_sample
combined,-59.0625,115.0,10.282054883864433,-17.154572200005443,15.592278678501955,-0.5684027942231513,18.549018518596707,simulation_virtual_sample
combined,-56.25000000000001,100.0,11.111404660392042,-16.629392246050905,7.349331798131813,0.6951922093804557,17.64081151473106,simulation_virtual_sample
combined,-56.25000000000001,101.5,11.111404660392042,-16.629392246050905,8.22912983221471,0.5502194681649235,17.667159702962405,simulation_virtual_sample
combined,-56.25000000000001,103.0,11.111404660392042,-16.629392246050905,9.10718189537113,0.41458189580099464,17.693930859120712,simulation_virtual_sample
combined,-56.25000000000001,104.5,11.111404660392042,-16.629392246050905,9.885045237623734,0.38393191849322356,17.67238887706946,simulation_virtual_sample
combined,-56.25000000000001,106.0,11.111404660392042,-16.629392246050905,10.621959364970285,0.24764460027601823,17.652225105061085,simulation_virtual_sample
combined,-56.25000000000001,107.5,11.111404660392042,-16.629392246050905,11.37342717216375,0.0973692600295713,17.649957187701904,simulation_virtual_sample
combined,-56.25000000000001,109.0,11.111404660392042,-16.629392246050905,12.126345629052796,-0.09795565139229785,17.650330319340103,simulation_virtual_sample
combined,-56.25000000000001,110.5,11.111404660392042,-16.629392246050905,12.871661760201413,-0.27945021041812407,17.669511925776177,simulation_virtual_sample
combined,-56.25000000000001,112.0,11.111404660392042,-16.629392246050905,13.683356158964932,-0.2879583451494867,17.694299540244902,simulation_virtual_sample
combined,-56.25000000000001,113.5,11.111404660392042,-16.629392246050905,14.594097670888464,-0.32128718073229084,17.720099062763815,simulation_virtual_sample
combined,-56.25000000000001,115.0,11.111404660392042,-16.629392246050905,15.50672475077225,-0.36161337735633364,17.749532592804087,simulation_virtual_sample
combined,-53.43749999999999,100.0,11.91398608984867,-16.064150629612897,7.453070564228341,0.4543744713008825,16.89284787315573,simulation_virtual_sample
combined,-53.43749999999999,101.5,11.91398608984867,-16.064150629612897,8.32775854864279,0.33719677539147014,16.919344164628942,simulation_virtual_sample
combined,-53.43749999999999,103.0,11.91398608984867,-16.064150629612897,9.17995069488551,0.33905693316791113,16.95414716718504,simulation_virtual_sample
combined,-53.43749999999999,104.5,11.91398608984867,-16.064150629612897,9.957792056618755,0.30843325577920866,16.932854464212095,simulation_virtual_sample
combined,-53.43749999999999,106.0,11.91398608984867,-16.064150629612897,10.631905703323865,0.23249097120618956,16.83330193660104,simulation_virtual_sample
combined,-53.43749999999999,107.5,11.91398608984867,-16.064150629612897,11.364431068794563,0.10042929404682786,16.80884955462249,simulation_virtual_sample
combined,-53.43749999999999,109.0,11.91398608984867,-16.064150629612897,12.107526626280075,-0.07696359763990823,16.832358212678272,simulation_virtual_sample
combined,-53.43749999999999,110.5,11.91398608984867,-16.064150629612897,12.820212816807901,-0.19879673081116025,16.934484698717608,simulation_virtual_sample
combined,-53.43749999999999,112.0,11.91398608984867,-16.064150629612897,13.631767736473495,-0.20741705557377685,16.959117615633172,simulation_virtual_sample
combined,-53.43749999999999,113.5,11.91398608984867,-16.064150629612897,14.513976709519667,-0.13513269107389858,16.928371700259998,simulation_virtual_sample
combined,-53.43749999999999,115.0,11.91398608984867,-16.064150629612897,15.420934648182886,-0.15425311046774726,16.94783965581593,simulation_virtual_sample
combined,-50.625,100.0,12.68786568327291,-15.46020906725474,7.572242705087415,0.23361282721166476,16.15771965621474,simulation_virtual_sample
combined,-50.625,101.5,12.68786568327291,-15.46020906725474,8.400454383119085,0.2617475413922452,16.180302251389847,simulation_virtual_sample
combined,-50.625,103.0,12.68786568327291,-15.46020906725474,9.252469069671548,0.2637918802540583,16.2169093483615,simulation_virtual_sample
combined,-50.625,104.5,12.68786568327291,-15.46020906725474,10.030288516802024,0.2331944223710969,16.195865165483607,simulation_virtual_sample
combined,-50.625,106.0,12.68786568327291,-15.46020906725474,10.704591626208162,0.15705550816176456,16.094386585444415,simulation_virtual_sample
combined,-50.625,107.5,12.68786568327291,-15.46020906725474,11.362146382212424,0.0990154348868232,16.02909562322989,simulation_virtual_sample
combined,-50.625,109.0,12.68786568327291,-15.46020906725474,12.056120356986776,0.00362298429250694,16.09794065072603,simulation_virtual_sample
combined,-50.625,110.5,12.68786568327291,-15.46020906725474,12.768940695331043,-0.11842044451290339,16.201983644491886,simulation_virtual_sample
combined,-50.625,112.0,12.68786568327291,-15.46020906725474,13.580356989076257,-0.12715315732971247,16.226467722655705,simulation_virtual_sample
combined,-50.625,113.5,12.68786568327291,-15.46020906725474,14.462440184356744,-0.0546724250605012,16.19392935976461,simulation_virtual_sample
combined,-50.625,115.0,12.68786568327291,-15.46020906725474,15.308362240746574,0.028854050713651862,16.17531113194833,simulation_virtual_sample
combined,-47.8125,100.0,13.43117909694037,-14.81902250709918,7.727556499718409,0.06759254559415513,15.469915279534986,simulation_virtual_sample
combined,-47.8125,101.5,13.43117909694037,-14.81902250709918,8.50630511767956,0.1499538432668859,15.461445281354193,simulation_virtual_sample
combined,-47.8125,103.0,13.43117909694037,-14.81902250709918,9.325087386610095,0.18842309981708713,15.478655495536325,simulation_virtual_sample
combined,-47.8125,104.5,13.43117909694037,-14.81902250709918,10.102884879205968,0.15785190767262108,15.457860274167945,simulation_virtual_sample
combined,-47.8125,106.0,13.43117909694037,-14.81902250709918,10.75735060141876,0.1031523725371887,15.398790552646581,simulation_virtual_sample
combined,-47.8125,107.5,13.43117909694037,-14.81902250709918,11.376027768747162,0.08711698538162695,15.418952298096132,simulation_virtual_sample
combined,-47.8125,109.0,13.43117909694037,-14.81902250709918,12.027011656123072,0.05263216004769053,15.40560235792008,simulation_virtual_sample
combined,-47.8125,110.5,13.43117909694037,-14.81902250709918,12.717597679232593,-0.03793302089014822,15.468469751640395,simulation_virtual_sample
combined,-47.8125,112.0,13.43117909694037,-14.81902250709918,13.528875529314217,-0.04677886096190293,15.492810114188252,simulation_virtual_sample
combined,-47.8125,113.5,13.43117909694037,-14.81902250709918,14.360532331652019,0.04112036823518522,15.479504892921048,simulation_virtual_sample
combined,-47.8125,115.0,13.43117909694037,-14.81902250709918,15.131121105934847,0.14749993033372807,15.491729105775862,simulation_virtual_sample
combined,-45.0,100.0,14.142135623730951,-14.14213562373095,7.882122415976673,-0.09762830298940489,14.785422868925016,simulation_virtual_sample
combined,-45.0,101.5,14.142135623730951,-14.14213562373095,8.661249744096196,-0.015671821690478618,14.775275759544664,simulation_virtual_sample
combined,-45.0,103.0,14.142135623730951,-14.14213562373095,9.44037707221572,0.06628465960844732,14.765128650164312,simulation_virtual_sample
combined,-45.0,104.5,14.142135623730951,-14.14213562373095,10.152560428360557,0.10728450350941336,14.768238999310842,simulation_virtual_sample
combined,-45.0,106.0,14.142135623730951,-14.14213562373095,10.77120303193492,0.09127874272302587,14.789919962150167,simulation_virtual_sample
combined,-45.0,107.5,14.142135623730951,-14.14213562373095,11.389845635509282,0.07527298193663834,14.811600924989492,simulation_virtual_sample
combined,-45.0,109.0,14.142135623730951,-14.14213562373095,12.040879883284951,0.04074951900855506,14.796716849488437,simulation_virtual_sample
combined,-45.0,110.5,14.142135623730951,-14.14213562373095,12.691924995642085,0.00621984500078043,14.781820509594898,simulation_virtual_sample
combined,-45.0,112.0,14.142135623730951,-14.14213562373095,13.41269104479493,0.053394302073580334,14.783654772240821,simulation_virtual_sample
combined,-45.0,113.5,14.142135623730951,-14.14213562373095,14.18371224021355,0.15948439984389726,14.797546743071107,simulation_virtual_sample
combined,-45.0,115.0,14.142135623730951,-14.14213562373095,14.954733435632171,0.26557449761421437,14.811438713901394,simulation_virtual_sample
combined,-42.18750000000001,100.0,14.81902250709918,-13.43117909694037,8.03668833223494,-0.26284915157296523,14.100930458315045,simulation_virtual_sample
combined,-42.18750000000001,101.5,14.81902250709918,-13.43117909694037,8.816194370512834,-0.18129748664784345,14.089106237735134,simulation_virtual_sample
combined,-42.18750000000001,103.0,14.81902250709918,-13.43117909694037,9.541994060240588,-0.045811208186561835,14.10595530907891,simulation_virtual_sample
combined,-42.18750000000001,104.5,14.81902250709918,-13.43117909694037,10.185547190745824,0.06861286876741679,14.146231416348048,simulation_virtual_sample
combined,-42.18750000000001,106.0,14.81902250709918,-13.43117909694037,10.785058786819127,0.07940226342223215,14.180903252174309,simulation_virtual_sample
combined,-42.18750000000001,107.5,14.81902250709918,-13.43117909694037,11.403671793347389,0.06342328897445029,14.204097727399995,simulation_virtual_sample
combined,-42.18750000000001,109.0,14.81902250709918,-13.43117909694037,12.054751506388552,0.028863968242315317,14.187682241991915,simulation_virtual_sample
combined,-42.18750000000001,110.5,14.81902250709918,-13.43117909694037,12.65914220790583,0.028105438974176496,14.17218138944673,simulation_virtual_sample
combined,-42.18750000000001,112.0,14.81902250709918,-13.43117909694037,13.291939164359938,0.13502403444417038,14.136366760812166,simulation_virtual_sample
combined,-42.18750000000001,113.5,14.81902250709918,-13.43117909694037,14.006892148775082,0.2778484314526098,14.115588593221165,simulation_virtual_sample
combined,-42.18750000000001,115.0,14.81902250709918,-13.43117909694037,14.778345765329494,0.3836490648947008,14.131148322026926,simulation_virtual_sample
combined,-39.37499999999999,100.0,15.46020906725474,-12.687865683272907,8.192002126865933,-0.42886943319047405,13.413126081635294,simulation_virtual_sample
combined,-39.37499999999999,101.5,15.46020906725474,-12.687865683272907,8.905148889621696,-0.28066781272535385,13.437250455157972,simulation_virtual_sample
combined,-39.37499999999999,103.0,15.46020906725474,-12.687865683272907,9.586407903855514,-0.10042702546971516,13.479355965374122,simulation_virtual_sample
combined,-39.37499999999999,104.5,15.46020906725474,-12.687865683272907,10.229914286422824,0.013959777217507689,13.519840714218207,simulation_virtual_sample
combined,-39.37499999999999,106.0,15.46020906725474,-12.687865683272907,10.820895803821399,0.036724578799345875,13.558070513704317,simulation_virtual_sample
combined,-39.37499999999999,107.5,15.46020906725474,-12.687865683272907,11.417579180553368,0.051507094638149294,13.593492894422834,simulation_virtual_sample
combined,-39.37499999999999,109.0,15.46020906725474,-12.687865683272907,12.014851886047756,0.05590455423332105,13.579080317361093,simulation_virtual_sample
combined,-39.37499999999999,110.5,15.46020906725474,-12.687865683272907,12.598271869108714,0.07033270373326178,13.565575902071984,simulation_virtual_sample
combined,-39.37499999999999,112.0,15.46020906725474,-12.687865683272907,13.231109480312275,0.17737950527677854,13.529531650334667,simulation_virtual_sample
combined,-39.37499999999999,113.5,15.46020906725474,-12.687865683272907,13.899366304028886,0.35080909050909137,13.477332368759315,simulation_virtual_sample
combined,-39.37499999999999,115.0,15.46020906725474,-12.687865683272907,14.601104630517767,0.5022949445147766,13.447566295854456,simulation_virtual_sample
combined,-36.5625,100.0,16.0641506296129,-11.913986089848667,8.369931942086184,-0.5099583539335831,12.851523277283784,simulation_virtual_sample
combined,-36.5625,101.5,16.0641506296129,-11.913986089848667,8.94960985939064,-0.3353415811608434,12.809986246294573,simulation_virtual_sample
combined,-36.5625,103.0,16.0641506296129,-11.913986089848667,9.630760244521287,-0.1549672124187236,12.853624317514546,simulation_virtual_sample
combined,-36.5625,104.5,16.0641506296129,-11.913986089848667,10.274220102065732,-0.0406178272340818,12.894315185771635,simulation_virtual_sample
combined,-36.5625,106.0,16.0641506296129,-11.913986089848667,10.86531731400791,-0.017995542632159453,12.930911567850178,simulation_virtual_sample
combined,-36.5625,107.5,16.0641506296129,-11.913986089848667,11.41417049317793,0.04643671582317844,13.034423269511837,simulation_virtual_sample
combined,-36.5625,109.0,16.0641506296129,-11.913986089848667,11.953907028374303,0.09818351458639962,12.971732209521388,simulation_virtual_sample
combined,-36.5625,110.5,16.0641506296129,-11.913986089848667,12.537485590661264,0.11250165374149797,12.959808121047908,simulation_virtual_sample
combined,-36.5625,112.0,16.0641506296129,-11.913986089848667,13.170363359905377,0.219676791073503,12.923530168240577,simulation_virtual_sample
combined,-36.5625,113.5,16.0641506296129,-11.913986089848667,13.838471571523591,0.39320985432806166,12.86984833681211,simulation_virtual_sample
combined,-36.5625,115.0,16.0641506296129,-11.913986089848667,14.43363461871202,0.5603707784504268,12.88320764135785,simulation_virtual_sample
combined,-33.74999999999999,100.0,16.629392246050905,-11.111404660392042,8.555430296767941,-0.5564255748847599,12.345015181671526,simulation_virtual_sample
combined,-33.74999999999999,101.5,16.629392246050905,-11.111404660392042,9.111177220751605,-0.38330638568405173,12.281767144120023,simulation_virtual_sample
combined,-33.74999999999999,103.0,16.629392246050905,-11.111404660392042,9.675265365946391,-0.2096952742589138,12.225737208300202,simulation_virtual_sample
combined,-33.74999999999999,104.5,16.629392246050905,-11.111404660392042,10.318678697091837,-0.0953836311945538,12.266632662740378,simulation_virtual_sample
combined,-33.74999999999999,106.0,16.629392246050905,-11.111404660392042,10.866966155843802,-0.03037820997844865,12.371726701670681,simulation_virtual_sample
combined,-33.74999999999999,107.5,16.629392246050905,-11.111404660392042,11.406946632219306,0.04285684360699013,12.490393551203969,simulation_virtual_sample
combined,-33.74999999999999,109.0,16.629392246050905,-11.111404660392042,11.937365769777044,0.10256671618264253,12.416083937614449,simulation_virtual_sample
combined,-33.74999999999999,110.5,16.629392246050905,-11.111404660392042,12.476489689283218,0.15481602437930225,12.35195133538721,simulation_virtual_sample
combined,-33.74999999999999,112.0,16.629392246050905,-11.111404660392042,13.109407312507694,0.26212024821197405,12.315434460758976,simulation_virtual_sample
combined,-33.74999999999999,113.5,16.629392246050905,-11.111404660392042,13.693224317882772,0.42818813547316664,12.340638204776264,simulation_virtual_sample
combined,-33.74999999999999,115.0,16.629392246050905,-11.111404660392042,14.271456102245512,0.5937536034640788,12.371177000583028,simulation_virtual_sample
combined,-30.937499999999996,100.0,17.154572200005443,-10.282054883864433,8.740417985923479,-0.6027648744434274,11.839901471597752,simulation_virtual_sample
combined,-30.937499999999996,101.5,17.154572200005443,-10.282054883864433,9.296618441562016,-0.42975929463646034,11.77541505403364,simulation_virtual_sample
combined,-30.937499999999996,103.0,17.154572200005443,-10.282054883864433,9.852818897200551,-0.25675371482949333,11.710928636469527,simulation_virtual_sample
combined,-30.937499999999996,104.5,17.154572200005443,-10.282054883864433,10.328876650817959,-0.10748678532508656,11.728818722112415,simulation_virtual_sample
combined,-30.937499999999996,106.0,17.154572200005443,-10.282054883864433,10.859735260377075,-0.0339615682307409,11.82716721382773,simulation_virtual_sample
combined,-30.937499999999996,107.5,17.154572200005443,-10.282054883864433,11.399730035865517,0.0392805714541422,11.946910931040026,simulation_virtual_sample
combined,-30.937499999999996,109.0,17.154572200005443,-10.282054883864433,11.930148036435185,0.09900194576983148,11.871791954717017,simulation_virtual_sample
combined,-30.937499999999996,110.5,17.154572200005443,-10.282054883864433,12.45352164800719,0.159526581056025,11.814557289212997,simulation_virtual_sample
combined,-30.937499999999996,112.0,17.154572200005443,-10.282054883864433,12.952468508034062,0.29607661207073394,11.796977925779283,simulation_virtual_sample
combined,-30.937499999999996,113.5,17.154572200005443,-10.282054883864433,13.531096280631694,0.4615605698453684,11.82876693717605,simulation_virtual_sample
combined,-30.937499999999996,115.0,17.154572200005443,-10.282054883864433,14.109724053229325,0.627044527620003,11.860555948572818,simulation_virtual_sample
combined,-28.12500000000001,100.0,17.6384252869671,-9.427934736519955,8.925788498122529,-0.6492000709332485,11.33374245321891,simulation_virtual_sample
combined,-28.12500000000001,101.5,17.6384252869671,-9.427934736519955,9.478924964855208,-0.4751847015057839,11.271240157508267,simulation_virtual_sample
combined,-28.12500000000001,103.0,17.6384252869671,-9.427934736519955,9.921971893278947,-0.2660117936322509,11.309647340677104,simulation_virtual_sample
combined,-28.12500000000001,104.5,17.6384252869671,-9.427934736519955,10.386849980609853,-0.11308476009107209,11.337743901722098,simulation_virtual_sample
combined,-28.12500000000001,106.0,17.6384252869671,-9.427934736519955,10.882122522337028,-0.038466105396969034,11.351485488059932,simulation_virtual_sample
combined,-28.12500000000001,107.5,17.6384252869671,-9.427934736519955,11.392485827853058,0.03569061600779236,11.401348873996824,simulation_virtual_sample
combined,-28.12500000000001,109.0,17.6384252869671,-9.427934736519955,11.900673620377605,0.09811547157455841,11.385566839319111,simulation_virtual_sample
combined,-28.12500000000001,110.5,17.6384252869671,-9.427934736519955,12.397125352165018,0.16189524249549478,11.400532184924433,simulation_virtual_sample
combined,-28.12500000000001,112.0,17.6384252869671,-9.427934736519955,12.887009780244489,0.2982788728790328,11.375803536202364,simulation_virtual_sample
combined,-28.12500000000001,113.5,17.6384252869671,-9.427934736519955,13.37152024689421,0.4940735428236976,11.318593673881196,simulation_virtual_sample
combined,-28.12500000000001,115.0,17.6384252869671,-9.427934736519955,13.947657307588079,0.6604043457275452,11.348878191080724,simulation_virtual_sample
combined,-25.31249999999999,100.0,18.079785862468867,-8.551101868605638,9.101935393844824,-0.6830281691586763,10.854324621946125,simulation_virtual_sample
combined,-25.31249999999999,101.5,18.079785862468867,-8.551101868605638,9.53686318288644,-0.48087688252653066,10.88064909221787,simulation_virtual_sample
combined,-25.31249999999999,103.0,18.079785862468867,-8.551101868605638,9.979768835556733,-0.27169009491713786,10.920008687264634,simulation_virtual_sample
combined,-25.31249999999999,104.5,18.079785862468867,-8.551101868605638,10.44458350392593,-0.11865957885402763,10.948286760957801,simulation_virtual_sample
combined,-25.31249999999999,106.0,18.079785862468867,-8.551101868605638,10.939995312783921,-0.04405437196233357,10.961088883090884,simulation_virtual_sample
combined,-25.31249999999999,107.5,18.079785862468867,-8.551101868605638,11.394862069030337,0.032275235228255095,11.003241043980958,simulation_virtual_sample
combined,-25.31249999999999,109.0,18.079785862468867,-8.551101868605638,11.84434544112761,0.10048127209660675,10.972041802965126,simulation_virtual_sample
combined,-25.31249999999999,110.5,18.079785862468867,-8.551101868605638,12.340918557274808,0.16425594483781192,10.987898273979813,simulation_virtual_sample
combined,-25.31249999999999,112.0,18.079785862468867,-8.551101868605638,12.831081878844623,0.2974749781029186,10.96484572962499,simulation_virtual_sample
combined,-25.31249999999999,113.5,18.079785862468867,-8.551101868605638,13.31546955987225,0.4932678831553254,10.906733639459182,simulation_virtual_sample
combined,-25.31249999999999,115.0,18.079785862468867,-8.551101868605638,13.790404648050572,0.6828733434505999,10.86514871685025,simulation_virtual_sample
combined,-22.5,100.0,18.477590650225736,-7.653668647301796,9.215248923598232,-0.639705583338096,10.555754414119647,simulation_virtual_sample
combined,-22.5,101.5,18.477590650225736,-7.653668647301796,9.609125119142789,-0.4738953820480552,10.513819868175888,simulation_virtual_sample
combined,-22.5,103.0,18.477590650225736,-7.653668647301796,10.037605539491322,-0.27737230261399065,10.53010198025273,simulation_virtual_sample
combined,-22.5,104.5,18.477590650225736,-7.653668647301796,10.502356323367232,-0.12423819209831041,10.558564537522434,simulation_virtual_sample
combined,-22.5,106.0,18.477590650225736,-7.653668647301796,10.968116637865721,-0.04837396159719422,10.59260045271563,simulation_virtual_sample
combined,-22.5,107.5,18.477590650225736,-7.653668647301796,11.399486699897802,0.028959207140399536,10.652233682022,simulation_virtual_sample
combined,-22.5,109.0,18.477590650225736,-7.653668647301796,11.832148407121602,0.09874326021174291,10.603677342722419,simulation_virtual_sample
combined,-22.5,110.5,18.477590650225736,-7.653668647301796,12.28462971827764,0.1666200930573729,10.574662048301027,simulation_virtual_sample
combined,-22.5,112.0,18.477590650225736,-7.653668647301796,12.775084041942293,0.2966700780899963,10.55337403749182,simulation_virtual_sample
combined,-22.5,113.5,18.477590650225736,-7.653668647301796,13.237531964403589,0.4781111624467757,10.533488040945972,simulation_virtual_sample
combined,-22.5,115.0,18.477590650225736,-7.653668647301796,13.668702693228463,0.6389796144377861,10.569699101960031,simulation_virtual_sample
combined,-19.687500000000014,100.0,18.830881303660412,-6.737797067844404,9.327938931129193,-0.5966213855992544,10.258827127133648,simulation_virtual_sample
combined,-19.687500000000014,101.5,18.830881303660412,-6.737797067844404,9.722091039317181,-0.4307056960308049,10.216165578020268,simulation_virtual_sample
combined,-19.687500000000014,103.0,18.830881303660412,-6.737797067844404,10.116243147505172,-0.26479000646235556,10.173504028906887,simulation_virtual_sample
combined,-19.687500000000014,104.5,18.830881303660412,-6.737797067844404,10.541380281205072,-0.1290296651711573,10.181271110761147,simulation_virtual_sample
combined,-19.687500000000014,106.0,18.830881303660412,-6.737797067844404,10.972744067791554,-0.05169199671143391,10.2413806435102,simulation_virtual_sample
combined,-19.687500000000014,107.5,18.830881303660412,-6.737797067844404,11.40410785437804,0.025645671748289505,10.301490176259252,simulation_virtual_sample
combined,-19.687500000000014,109.0,18.830881303660412,-6.737797067844404,11.836773586437126,0.09544192958613841,10.252651490829615,simulation_virtual_sample
combined,-19.687500000000014,110.5,18.830881303660412,-6.737797067844404,12.269453888678063,0.1651537908601763,10.20259355667999,simulation_virtual_sample
combined,-19.687500000000014,112.0,18.830881303660412,-6.737797067844404,12.684720652112096,0.27337111599001773,10.201976353144405,simulation_virtual_sample
combined,-19.687500000000014,113.5,18.830881303660412,-6.737797067844404,13.11619553556255,0.43434926614267766,10.238925794796025,simulation_virtual_sample
combined,-19.687500000000014,115.0,18.830881303660412,-6.737797067844404,13.547670419013002,0.5953274162953375,10.275875236447646,simulation_virtual_sample
combined,-16.874999999999993,100.0,19.13880671464418,-5.8056935450892455,9.440551320435386,-0.5535668632417294,9.962104356674057,simulation_virtual_sample
combined,-16.874999999999993,101.5,19.13880671464418,-5.8056935450892455,9.834979151224674,-0.38754575805271463,9.918716305133728,simulation_virtual_sample
combined,-16.874999999999993,103.0,19.13880671464418,-5.8056935450892455,10.202121006443319,-0.2235274763977906,9.906218779682591,simulation_virtual_sample
combined,-16.874999999999993,104.5,19.13880671464418,-5.8056935450892455,10.559424016287847,-0.12572558692228156,9.92063388577882,simulation_virtual_sample
combined,-16.874999999999993,106.0,19.13880671464418,-5.8056935450892455,10.983366051421005,-0.05206045641711952,9.93000206567826,simulation_virtual_sample
combined,-16.874999999999993,107.5,19.13880671464418,-5.8056935450892455,11.408747870942875,0.022318611557311713,9.949315046925834,simulation_virtual_sample
combined,-16.874999999999993,109.0,19.13880671464418,-5.8056935450892455,11.830625709657243,0.08672422380362672,9.947475065431068,simulation_virtual_sample
combined,-16.874999999999993,110.5,19.13880671464418,-5.8056935450892455,12.250168517126712,0.1498501364745766,9.954459887654671,simulation_virtual_sample
combined,-16.874999999999993,112.0,19.13880671464418,-5.8056935450892455,12.614763663182863,0.2356390368089157,9.952440965247195,simulation_virtual_sample
combined,-16.874999999999993,113.5,19.13880671464418,-5.8056935450892455,12.994942680397765,0.390617512002717,9.944566436188028,simulation_virtual_sample
combined,-16.874999999999993,115.0,19.13880671464418,-5.8056935450892455,13.426721508979249,0.5517052847595145,9.982253749898009,simulation_virtual_sample
combined,-14.062500000000005,100.0,19.400625063890878,-4.859603598065279,9.553630491339911,-0.5103338786485185,9.664151661781549,simulation_virtual_sample
combined,-14.062500000000005,101.5,19.400625063890878,-4.859603598065279,9.911676844132073,-0.34697506452607246,9.661911516085425,simulation_virtual_sample
combined,-14.062500000000005,103.0,19.400625063890878,-4.859603598065279,10.23518893557022,-0.18622400042153092,9.69912230072839,simulation_virtual_sample
combined,-14.062500000000005,104.5,19.400625063890878,-4.859603598065279,10.593800516633184,-0.1138871430638431,9.703693124819953,simulation_virtual_sample
combined,-14.062500000000005,106.0,19.400625063890878,-4.859603598065279,11.007176132878882,-0.045886990698054894,9.709880855695854,simulation_virtual_sample
combined,-14.062500000000005,107.5,19.400625063890878,-4.859603598065279,11.409344762861089,0.015140480750567217,9.712460547078235,simulation_virtual_sample
combined,-14.062500000000005,109.0,19.400625063890878,-4.859603598065279,11.808201434619145,0.0698621935926778,9.713864699801833,simulation_virtual_sample
combined,-14.062500000000005,110.5,19.400625063890878,-4.859603598065279,12.216398484168696,0.1318828628361166,9.72246858694811,simulation_virtual_sample
combined,-14.062500000000005,112.0,19.400625063890878,-4.859603598065279,12.574295211712867,0.201487978074252,9.729515074796431,simulation_virtual_sample
combined,-14.062500000000005,113.5,19.400625063890878,-4.859603598065279,12.922310605118145,0.3525986656911555,9.692859988421436,simulation_virtual_sample
combined,-14.062500000000005,115.0,19.400625063890878,-4.859603598065279,13.305271262228548,0.507902338231607,9.687415193826613,simulation_virtual_sample
combined,-11.25000000000001,100.0,19.61570560806461,-3.901806440322569,9.629188970072383,-0.4289651164382198,9.473854319329035,simulation_virtual_sample
combined,-11.25000000000001,101.5,19.61570560806461,-3.901806440322569,9.944781532623946,-0.30963012081583546,9.45458482207828,simulation_virtual_sample
combined,-11.25000000000001,103.0,19.61570560806461,-3.901806440322569,10.268232286205816,-0.14894825110321586,9.492179750947901,simulation_virtual_sample
combined,-11.25000000000001,104.5,19.61570560806461,-3.901806440322569,10.635418857299529,-0.09817230343043677,9.488719219860885,simulation_virtual_sample
combined,-11.25000000000001,106.0,19.61570560806461,-3.901806440322569,11.030974105130158,-0.03971666464787338,9.48987159380629,simulation_virtual_sample
combined,-11.25000000000001,107.5,19.61570560806461,-3.901806440322569,11.408739108640553,0.007157528023661751,9.485170273759774,simulation_virtual_sample
combined,-11.25000000000001,109.0,19.61570560806461,-3.901806440322569,11.78578013908589,0.053002403833228254,9.480285373892455,simulation_virtual_sample
combined,-11.25000000000001,110.5,19.61570560806461,-3.901806440322569,12.174051468892364,0.11304982384010297,9.491213322255403,simulation_virtual_sample
combined,-11.25000000000001,112.0,19.61570560806461,-3.901806440322569,12.533467468912947,0.17020760102717675,9.504989071168511,simulation_virtual_sample
combined,-11.25000000000001,113.5,19.61570560806461,-3.901806440322569,12.881752451795656,0.31837190815602323,9.469439963290053,simulation_virtual_sample
combined,-11.25000000000001,115.0,19.61570560806461,-3.901806440322569,13.220458307948594,0.42708606609334077,9.504383895000842,simulation_virtual_sample
combined,-8.437499999999996,100.0,19.78353019929562,-2.934609489107234,9.675838843671407,-0.319834230085525,9.366230845539885,simulation_virtual_sample
combined,-8.437499999999996,101.5,19.78353019929562,-2.934609489107234,9.988864649999849,-0.21440017357555527,9.32709545915414,simulation_virtual_sample
combined,-8.437499999999996,103.0,19.78353019929562,-2.934609489107234,10.304626874400212,-0.12430480797496818,9.297877244076767,simulation_virtual_sample
combined,-8.437499999999996,104.5,19.78353019929562,-2.934609489107234,10.671999521648136,-0.07762802580951629,9.30703918517998,simulation_virtual_sample
combined,-8.437499999999996,106.0,19.78353019929562,-2.934609489107234,11.033702475112252,-0.042695652082246,9.316204534109124,simulation_virtual_sample
combined,-8.437499999999996,107.5,19.78353019929562,-2.934609489107234,11.407208196557988,0.0017111638581908373,9.310294890261886,simulation_virtual_sample
combined,-8.437499999999996,109.0,19.78353019929562,-2.934609489107234,11.780713918003727,0.046117979798627695,9.304385246414649,simulation_virtual_sample
combined,-8.437499999999996,110.5,19.78353019929562,-2.934609489107234,12.139783082028918,0.08807507317218981,9.306125887815142,simulation_virtual_sample
combined,-8.437499999999996,112.0,19.78353019929562,-2.934609489107234,12.497718944324607,0.146317182155465,9.311451553102287,simulation_virtual_sample
combined,-8.437499999999996,113.5,19.78353019929562,-2.934609489107234,12.827763442211582,0.22245267480954747,9.351190838233016,simulation_virtual_sample
combined,-8.437499999999996,115.0,19.78353019929562,-2.934609489107234,13.163986361036512,0.3193436691560331,9.407065289989786,simulation_virtual_sample
combined,-5.625000000000006,100.0,19.90369453344394,-1.9603428065912143,9.72232821856651,-0.2110788081117519,9.258977649882748,simulation_virtual_sample
combined,-5.625000000000006,101.5,19.90369453344394,-1.9603428065912143,10.035488941677242,-0.10532913256791702,9.219531004073078,simulation_virtual_sample
combined,-5.625000000000006,103.0,19.90369453344394,-1.9603428065912143,10.33228024907637,-0.08319929235493093,9.22691616801885,simulation_virtual_sample
combined,-5.625000000000006,104.5,19.90369453344394,-1.9603428065912143,10.691496852258627,-0.04162789338658015,9.237267118622634,simulation_virtual_sample
combined,-5.625000000000006,106.0,19.90369453344394,-1.9603428065912143,11.038395349326152,-0.031129273678087314,9.252719776096948,simulation_virtual_sample
combined,-5.625000000000006,107.5,19.90369453344394,-1.9603428065912143,11.403646539941423,0.001910350004856334,9.252582520392009,simulation_virtual_sample
combined,-5.625000000000006,109.0,19.90369453344394,-1.9603428065912143,11.772373757650646,0.03468033936904942,9.247244299408957,simulation_virtual_sample
combined,-5.625000000000006,110.5,19.90369453344394,-1.9603428065912143,12.127397685218622,0.047257211835139014,9.24592847844818,simulation_virtual_sample
combined,-5.625000000000006,112.0,19.90369453344394,-1.9603428065912143,12.478741862283837,0.10026890447763911,9.25029063283879,simulation_virtual_sample
combined,-5.625000000000006,113.5,19.90369453344394,-1.9603428065912143,12.77132455704035,0.11477335611552175,9.253929208812046,simulation_virtual_sample
combined,-5.625000000000006,115.0,19.90369453344394,-1.9603428065912143,13.107708705632389,0.21197195950535547,9.310081509250844,simulation_virtual_sample
combined,-2.8124999999999902,100.0,19.97590912410345,-0.981353486548357,9.768881704424853,-0.10217340746271923,9.151576547188794,simulation_virtual_sample
combined,-2.8124999999999902,101.5,19.97590912410345,-0.981353486548357,10.073956552881256,-0.037955493654987474,9.13530840181024,simulation_virtual_sample
combined,-2.8124999999999902,103.0,19.97590912410345,-0.981353486548357,10.366384945387335,-0.038112718010883444,9.155175575123375,simulation_virtual_sample
combined,-2.8124999999999902,104.5,19.97590912410345,-0.981353486548357,10.707608556477327,-0.011613079422642976,9.168653151288916,simulation_virtual_sample
combined,-2.8124999999999902,106.0,19.97590912410345,-0.981353486548357,11.047499614693217,-0.01349650734259356,9.186250084936484,simulation_virtual_sample
combined,-2.8124999999999902,107.5,19.97590912410345,-0.981353486548357,11.400090793426447,0.002109205628260268,9.194965916623559,simulation_virtual_sample
combined,-2.8124999999999902,109.0,19.97590912410345,-0.981353486548357,11.761480986975418,0.017011752254458275,9.190505022239844,simulation_virtual_sample
combined,-2.8124999999999902,110.5,19.97590912410345,-0.981353486548357,12.1155109027393,0.013990232792838527,9.186924202930513,simulation_virtual_sample
combined,-2.8124999999999902,112.0,19.97590912410345,-0.981353486548357,12.45151512260839,0.04773994349346198,9.188046906694428,simulation_virtual_sample
combined,-2.8124999999999902,113.5,19.97590912410345,-0.981353486548357,12.736734559154735,0.04834306678487345,9.182857645256867,simulation_virtual_sample
combined,-2.8124999999999902,115.0,19.97590912410345,-0.981353486548357,13.051353440780835,0.10445217938167041,9.212963983465512,simulation_virtual_sample
combined,0.0,100.0,20.0,0.0,9.815725153606104,0.007410322021900828,9.043506485338572,simulation_virtual_sample
combined,0.0,101.5,20.0,0.0,10.108153546112183,0.007253097666004564,9.063373658651706,simulation_virtual_sample
combined,0.0,103.0,20.0,0.0,10.40058193861826,0.007095873310108591,9.08324083196484,simulation_virtual_sample
combined,0.0,104.5,20.0,0.0,10.716741663979244,0.006075547172185196,9.101972885445193,simulation_virtual_sample
combined,0.0,106.0,20.0,0.0,11.056632722195134,0.004192119252234611,9.119569819092758,simulation_virtual_sample
combined,0.0,107.5,20.0,0.0,11.396523780411023,0.0023086913322840244,9.137166752740324,simulation_virtual_sample
combined,0.0,109.0,20.0,0.0,11.750553696174904,-0.0007128281293359305,9.133585933430993,simulation_virtual_sample
combined,0.0,110.5,20.0,0.0,12.104583611938788,-0.0037343475909556805,9.130005114121664,simulation_virtual_sample
combined,0.0,112.0,20.0,0.0,12.424208288093904,-0.00494354567605995,9.125620073748218,simulation_virtual_sample
combined,0.0,113.5,20.0,0.0,12.70942772464025,-0.004340422384648479,9.120430812310657,simulation_virtual_sample
combined,0.0,115.0,20.0,0.0,12.994647161186595,-0.0037372990932373045,9.115241550873094,simulation_virtual_sample
combined,2.8124999999999902,100.0,19.97590912410345,0.981353486548357,9.762329295269762,0.11008560780895382,9.151293396640375,simulation_virtual_sample
combined,2.8124999999999902,101.5,19.97590912410345,0.981353486548357,10.07910983673563,0.05367191798852939,9.135956076464055,simulation_virtual_sample
combined,2.8124999999999902,103.0,19.97590912410345,0.981353486548357,10.37153822924171,0.05351469363263342,9.155823249777189,simulation_virtual_sample
combined,2.8124999999999902,104.5,19.97590912410345,0.981353486548357,10.692947114190783,0.02796426158092204,9.17588462197135,simulation_virtual_sample
combined,2.8124999999999902,106.0,19.97590912410345,0.981353486548357,11.032838172406674,0.026080833660971452,9.193481555618916,simulation_virtual_sample
combined,2.8124999999999902,107.5,19.97590912410345,0.981353486548357,11.393382632710267,0.004501992284953295,9.20575779656834,simulation_virtual_sample
combined,2.8124999999999902,109.0,19.97590912410345,0.981353486548357,11.762722608517482,-0.017784834284746382,9.204859758490514,simulation_virtual_sample
combined,2.8124999999999902,110.5,19.97590912410345,0.981353486548357,12.116752524281367,-0.020806353746366132,9.201278939181185,simulation_virtual_sample
combined,2.8124999999999902,112.0,19.97590912410345,0.981353486548357,12.463716218101633,-0.05466358500232214,9.203822223202355,simulation_virtual_sample
combined,2.8124999999999902,113.5,19.97590912410345,0.981353486548357,12.748935654647978,-0.054060461710910675,9.19863296176479,simulation_virtual_sample
combined,2.8124999999999902,115.0,19.97590912410345,0.981353486548357,13.05732967936253,-0.11256131378491739,9.229526060845522,simulation_virtual_sample
combined,5.625000000000006,100.0,19.90369453344394,1.9603428065912143,9.709263960000857,0.21212532837679884,9.258413101502144,simulation_virtual_sample
combined,5.625000000000006,101.5,19.90369453344394,1.9603428065912143,10.041889325794195,0.1190455446080048,9.220262464963868,simulation_virtual_sample
combined,5.625000000000006,103.0,19.90369453344394,1.9603428065912143,10.3425683221669,0.09981556015870621,9.2282212300774,simulation_virtual_sample
combined,5.625000000000006,104.5,19.90369453344394,1.9603428065912143,10.671364824024831,0.060151809627199015,9.248792223349728,simulation_virtual_sample
combined,5.625000000000006,106.0,19.90369453344394,1.9603428065912143,11.009118791372735,0.047900399991059224,9.267159799465928,simulation_virtual_sample
combined,5.625000000000006,107.5,19.90369453344394,1.9603428065912143,11.39025140812899,0.006688364436600688,9.274132156181622,simulation_virtual_sample
combined,5.625000000000006,109.0,19.90369453344394,1.9603428065912143,11.774853078359872,-0.034802908701531854,9.275908424229627,simulation_virtual_sample
combined,5.625000000000006,110.5,19.90369453344394,1.9603428065912143,12.134017779134545,-0.05135233797238737,9.275125837620003,simulation_virtual_sample
combined,5.625000000000006,112.0,19.90369453344394,1.9603428065912143,12.503117077269712,-0.10424887754845921,9.281812436222395,simulation_virtual_sample
combined,5.625000000000006,113.5,19.90369453344394,1.9603428065912143,12.79457402483117,-0.11957781810837724,9.286326988577745,simulation_virtual_sample
combined,5.625000000000006,115.0,19.90369453344394,1.9603428065912143,13.11962418957628,-0.22071170231405565,9.343103143913066,simulation_virtual_sample
combined,8.437499999999996,100.0,19.78353019929562,2.934609489107234,9.656271703464856,0.3140245253156646,9.365385286853096,simulation_virtual_sample
combined,8.437499999999996,101.5,19.78353019929562,2.934609489107234,9.988735632997113,0.22125516851179533,9.327560531693939,simulation_virtual_sample
combined,8.437499999999996,103.0,19.78353019929562,2.934609489107234,10.31925676550227,0.1400024948388059,9.300889629674185,simulation_virtual_sample
combined,8.437499999999996,104.5,19.78353019929562,2.934609489107234,10.65076612958721,0.09738400537793579,9.321474910844003,simulation_virtual_sample
combined,8.437499999999996,106.0,19.78353019929562,2.934609489107234,10.992573573108437,0.06287724172632021,9.339102117083932,simulation_virtual_sample
combined,8.437499999999996,107.5,19.78353019929562,2.934609489107234,11.387114980782327,0.008878369410183436,9.342620124941101,simulation_virtual_sample
combined,8.437499999999996,109.0,19.78353019929562,2.934609489107234,11.781656388456216,-0.04512050290595334,9.346138132798272,simulation_virtual_sample
combined,8.437499999999996,110.5,19.78353019929562,2.934609489107234,12.153782221025171,-0.08845420290454041,9.350457098098662,simulation_virtual_sample
combined,8.437499999999996,112.0,19.78353019929562,2.934609489107234,12.527984133153199,-0.14461446890993646,9.357893414120683,simulation_virtual_sample
combined,8.437499999999996,113.5,19.78353019929562,2.934609489107234,12.856971083711214,-0.22790624284110178,9.400091041224952,simulation_virtual_sample
combined,8.437499999999996,115.0,19.78353019929562,2.934609489107234,13.181832911132513,-0.32871315193012124,9.456523814714947,simulation_virtual_sample
combined,11.25000000000001,100.0,19.61570560806461,3.901806440322569,9.603096497846163,0.41627551638117627,9.472726780183416,simulation_virtual_sample
combined,11.25000000000001,101.5,19.61570560806461,3.901806440322569,9.93800440297665,0.30616666211737303,9.46228292305049,simulation_virtual_sample
combined,11.25000000000001,103.0,19.61570560806461,3.901806440322569,10.278822797445962,0.1560243245074563,9.51319886169643,simulation_virtual_sample
combined,11.25000000000001,104.5,19.61570560806461,3.901806440322569,10.6133555874481,0.11398223225765389,9.514656049287767,simulation_virtual_sample
combined,11.25000000000001,106.0,19.61570560806461,3.901806440322569,10.987296765977577,0.06956684740747626,9.529528971114587,simulation_virtual_sample
combined,11.25000000000001,107.5,19.61570560806461,3.901806440322569,11.383587310086957,0.015853832724779023,9.535159511256898,simulation_virtual_sample
combined,11.25000000000001,109.0,19.61570560806461,3.901806440322569,11.78331517545253,-0.04095617386139594,9.541948509243179,simulation_virtual_sample
combined,11.25000000000001,110.5,19.61570560806461,3.901806440322569,12.19857534994492,-0.11120940739213087,9.576081958228027,simulation_virtual_sample
combined,11.25000000000001,112.0,19.61570560806461,3.901806440322569,12.575927949554433,-0.16554042696842308,9.60245849807656,simulation_virtual_sample
combined,11.25000000000001,113.5,19.61570560806461,3.901806440322569,12.915755992733976,-0.31988550806467,9.547157209020062,simulation_virtual_sample
combined,11.25000000000001,115.0,19.61570560806461,3.901806440322569,13.24425640045461,-0.4370874629306289,9.57033605607898,simulation_virtual_sample
combined,14.062500000000005,100.0,19.400625063890878,4.859603598065279,9.518139211558928,0.48647741312990306,9.669814372161936,simulation_virtual_sample
combined,14.062500000000005,101.5,19.400625063890878,4.859603598065279,9.894950914496919,0.3388973411580398,9.677164901586078,simulation_virtual_sample
combined,14.062500000000005,103.0,19.400625063890878,4.859603598065279,10.23585352196903,0.1886909820515381,9.727660529188736,simulation_virtual_sample
combined,14.062500000000005,104.5,19.400625063890878,4.859603598065279,10.571644369440516,0.12499406257631045,9.739031443067324,simulation_virtual_sample
combined,14.062500000000005,106.0,19.400625063890878,4.859603598065279,10.972810640301761,0.07691449764250993,9.76436506335572,simulation_virtual_sample
combined,14.062500000000005,107.5,19.400625063890878,4.859603598065279,11.379895248242967,0.02497306461471211,9.783227812939685,simulation_virtual_sample
combined,14.062500000000005,109.0,19.400625063890878,4.859603598065279,11.809551177741174,-0.048065621789844436,9.808637096733417,simulation_virtual_sample
combined,14.062500000000005,110.5,19.400625063890878,4.859603598065279,12.25099116633532,-0.12932111091025553,9.847725300408571,simulation_virtual_sample
combined,14.062500000000005,112.0,19.400625063890878,4.859603598065279,12.623507214785468,-0.19652294070850007,9.863554362442597,simulation_virtual_sample
combined,14.062500000000005,113.5,19.400625063890878,4.859603598065279,12.961679895436209,-0.35562481620078634,9.80499411676216,simulation_virtual_sample
combined,14.062500000000005,115.0,19.400625063890878,4.859603598065279,13.330130527681941,-0.5165586819908297,9.768546619004345,simulation_virtual_sample
combined,16.874999999999993,100.0,19.13880671464418,5.8056935450892455,9.391957528636137,0.5129789228587209,9.983896194133946,simulation_virtual_sample
combined,16.874999999999993,101.5,19.13880671464418,5.8056935450892455,9.80657802446753,0.3682515586626408,9.946216925380973,simulation_virtual_sample
combined,16.874999999999993,103.0,19.13880671464418,5.8056935450892455,10.192842261927753,0.22138955764334978,9.942331743609131,simulation_virtual_sample
combined,16.874999999999993,104.5,19.13880671464418,5.8056935450892455,10.540998239830786,0.13451499812363396,9.967584320337092,simulation_virtual_sample
combined,16.874999999999993,106.0,19.13880671464418,5.8056935450892455,10.958316995840025,0.0842659615548759,9.999323043418556,simulation_virtual_sample
combined,16.874999999999993,107.5,19.13880671464418,5.8056935450892455,11.37717039702872,0.03224113693707384,10.03860280685012,simulation_virtual_sample
combined,16.874999999999993,109.0,19.13880671464418,5.8056935450892455,11.835790265561556,-0.055175905837567714,10.075357048609558,simulation_virtual_sample
combined,16.874999999999993,110.5,19.13880671464418,5.8056935450892455,12.292145041155898,-0.14270402161551402,10.116961941604485,simulation_virtual_sample
combined,16.874999999999993,112.0,19.13880671464418,5.8056935450892455,12.669336009315849,-0.23218823291696222,10.120857291243711,simulation_virtual_sample
combined,16.874999999999993,113.5,19.13880671464418,5.8056935450892455,13.035383952895714,-0.39298941419131606,10.082741418662113,simulation_virtual_sample
combined,16.874999999999993,115.0,19.13880671464418,5.8056935450892455,13.446105565780039,-0.5563984342242996,10.076604179107834,simulation_virtual_sample
combined,19.687500000000014,100.0,18.830881303660412,6.737797067844404,9.266296713413064,0.5393710365160034,10.296681511951437,simulation_virtual_sample
combined,19.687500000000014,101.5,18.830881303660412,6.737797067844404,9.68060953859589,0.39470829133987456,10.259768073512587,simulation_virtual_sample
combined,19.687500000000014,103.0,18.830881303660412,6.737797067844404,10.094922363778716,0.2500455461637458,10.22285463507374,simulation_virtual_sample
combined,19.687500000000014,104.5,18.830881303660412,6.737797067844404,10.52957897344024,0.1369949646709691,10.232645600838463,simulation_virtual_sample
combined,19.687500000000014,106.0,18.830881303660412,6.737797067844404,10.950881814606873,0.08048961308038656,10.302027701818574,simulation_virtual_sample
combined,19.687500000000014,107.5,18.830881303660412,6.737797067844404,11.372760053072472,0.023633829467630544,10.370729942826863,simulation_virtual_sample
combined,19.687500000000014,109.0,18.830881303660412,6.737797067844404,11.843836913559418,-0.06318520324997695,10.381301612417053,simulation_virtual_sample
combined,19.687500000000014,110.5,18.830881303660412,6.737797067844404,12.31491377404636,-0.15000423596758447,10.391873282007245,simulation_virtual_sample
combined,19.687500000000014,112.0,18.830881303660412,6.737797067844404,12.74073912801766,-0.2694550995265274,10.397206490517817,simulation_virtual_sample
combined,19.687500000000014,113.5,18.830881303660412,6.737797067844404,13.151170498196892,-0.4327644153675737,10.390298296618232,simulation_virtual_sample
combined,19.687500000000014,115.0,18.830881303660412,6.737797067844404,13.561601868376126,-0.59607373120862,10.383390102718645,simulation_virtual_sample
combined,22.5,100.0,18.477590650225736,7.653668647301796,9.140549286321967,0.5657813409693658,10.60968241742542,simulation_virtual_sample
combined,22.5,101.5,18.477590650225736,7.653668647301796,9.55455422879386,0.4211832593519255,10.573535337150156,simulation_virtual_sample
combined,22.5,103.0,18.477590650225736,7.653668647301796,10.017684694851189,0.25015039268892963,10.582775141677603,simulation_virtual_sample
combined,22.5,104.5,18.477590650225736,7.653668647301796,10.497267984242024,0.12389915091691711,10.599803602806436,simulation_virtual_sample
combined,22.5,106.0,18.477590650225736,7.653668647301796,10.94657176068316,0.07185217250309346,10.633140519350412,simulation_virtual_sample
combined,22.5,107.5,18.477590650225736,7.653668647301796,11.368367705864063,0.015061644778546976,10.701501808471981,simulation_virtual_sample
combined,22.5,109.0,18.477590650225736,7.653668647301796,11.839437844387819,-0.07177050664466622,10.712579684926054,simulation_virtual_sample
combined,22.5,110.5,18.477590650225736,7.653668647301796,12.329794555813823,-0.1545382722540616,10.747551550382704,simulation_virtual_sample
combined,22.5,112.0,18.477590650225736,7.653668647301796,12.826799633779906,-0.28984102397557926,10.749864537540024,simulation_virtual_sample
combined,22.5,113.5,18.477590650225736,7.653668647301796,13.267036849513676,-0.4725668315112294,10.698067158522377,simulation_virtual_sample
combined,22.5,115.0,18.477590650225736,7.653668647301796,13.677177776937683,-0.6357763744391042,10.690387478896277,simulation_virtual_sample
combined,25.31249999999999,100.0,18.079785862468867,8.551101868605638,9.014106089331438,0.592337775608439,10.924415180270653,simulation_virtual_sample
combined,25.31249999999999,101.5,18.079785862468867,8.551101868605638,9.486332949527412,0.4164783367303641,10.941348994006843,simulation_virtual_sample
combined,25.31249999999999,103.0,18.079785862468867,8.551101868605638,9.969858316492195,0.23457187570668264,10.968380416518086,simulation_virtual_sample
combined,25.31249999999999,104.5,18.079785862468867,8.551101868605638,10.449458224901113,0.1083764974464957,10.98523786084597,simulation_virtual_sample
combined,25.31249999999999,106.0,18.079785862468867,8.551101868605638,10.923557419169162,0.0602486204473881,10.987838589718676,simulation_virtual_sample
combined,25.31249999999999,107.5,18.079785862468867,8.551101868605638,11.363972122634108,0.006483144610964429,11.032517367257343,simulation_virtual_sample
combined,25.31249999999999,109.0,18.079785862468867,8.551101868605638,11.8515510334933,-0.07687421499415577,11.06423294246445,simulation_virtual_sample
combined,25.31249999999999,110.5,18.079785862468867,8.551101868605638,12.384506889327408,-0.15064838488891774,11.151259511472551,simulation_virtual_sample
combined,25.31249999999999,112.0,18.079785862468867,8.551101868605638,12.879794807486766,-0.2888931388333777,11.149535834667255,simulation_virtual_sample
combined,25.31249999999999,113.5,18.079785862468867,8.551101868605638,13.341141471312515,-0.48523006944972574,11.067842431583518,simulation_virtual_sample
combined,25.31249999999999,115.0,18.079785862468867,8.551101868605638,13.793393175627484,-0.6756986953578453,10.99908349446948,simulation_virtual_sample
combined,28.12500000000001,100.0,17.6384252869671,9.427934736519955,8.84261605308741,0.5564000111419679,11.405402668215713,simulation_virtual_sample
combined,28.12500000000001,101.5,17.6384252869671,9.427934736519955,9.4384227096047,0.40087250346703307,11.327630411646236,simulation_virtual_sample
combined,28.12500000000001,103.0,17.6384252869671,9.427934736519955,9.922064966051234,0.21900411692941835,11.353719400247947,simulation_virtual_sample
combined,28.12500000000001,104.5,17.6384252869671,9.427934736519955,10.40168131049505,0.09286450791893652,11.370407328531678,simulation_virtual_sample
combined,28.12500000000001,106.0,17.6384252869671,9.427934736519955,10.875664712175727,0.044699035913433494,11.373941557815483,simulation_virtual_sample
combined,28.12500000000001,107.5,17.6384252869671,9.427934736519955,11.361055282381027,-0.004382821090296613,11.408787428821025,simulation_virtual_sample
combined,28.12500000000001,109.0,17.6384252869671,9.427934736519955,11.906300922499966,-0.07298165754297002,11.468218015689102,simulation_virtual_sample
combined,28.12500000000001,110.5,17.6384252869671,9.427934736519955,12.439139511033172,-0.1467641648008608,11.554379300036327,simulation_virtual_sample
combined,28.12500000000001,112.0,17.6384252869671,9.427934736519955,12.932723795706712,-0.2879464375016118,11.548707983710697,simulation_virtual_sample
combined,28.12500000000001,113.5,17.6384252869671,9.427934736519955,13.394186661259733,-0.4842812897043409,11.467890933921398,simulation_virtual_sample
combined,28.12500000000001,115.0,17.6384252869671,9.427934736519955,13.947262579649358,-0.6633689006811877,11.462189915289036,simulation_virtual_sample
combined,30.937499999999996,100.0,17.154572200005443,10.282054883864433,8.664830947413833,0.510310113347094,11.91069075842871,simulation_virtual_sample
combined,30.937499999999996,101.5,17.154572200005443,10.282054883864433,9.26381244290524,0.35551756074554103,11.83081331958841,simulation_virtual_sample
combined,30.937499999999996,103.0,17.154572200005443,10.282054883864433,9.862793938396646,0.20072500814398794,11.750935880748111,simulation_virtual_sample
combined,30.937499999999996,104.5,17.154572200005443,10.282054883864433,10.353706273598355,0.07728819288944777,11.757174026494827,simulation_virtual_sample
combined,30.937499999999996,106.0,17.154572200005443,10.282054883864433,10.85346601540927,0.0271025437671885,11.834954068115053,simulation_virtual_sample
combined,30.937499999999996,107.5,17.154572200005443,10.282054883864433,11.360316528340476,-0.023638276381603616,11.931354591571951,simulation_virtual_sample
combined,30.937499999999996,109.0,17.154572200005443,10.282054883864433,11.931167688515352,-0.08157657987177518,11.93664880317795,simulation_virtual_sample
combined,30.937499999999996,110.5,17.154572200005443,10.282054883864433,12.493956360977316,-0.1428668466222864,11.958858460458616,simulation_virtual_sample
combined,30.937499999999996,112.0,17.154572200005443,10.282054883864433,12.99517287080494,-0.2852356032051461,11.956795945217184,simulation_virtual_sample
combined,30.937499999999996,113.5,17.154572200005443,10.282054883864433,13.550746442423362,-0.46383096105395394,11.95227327522009,simulation_virtual_sample
combined,30.937499999999996,115.0,17.154572200005443,10.282054883864433,14.106320014041785,-0.6424263189027618,11.947750605222996,simulation_virtual_sample
combined,33.74999999999999,100.0,16.629392246050905,11.111404660392042,8.487412999571553,0.4643153993802176,12.414935338958045,simulation_virtual_sample
combined,33.74999999999999,101.5,16.629392246050905,11.111404660392042,9.085959817108552,0.3094101586970817,12.33629331065795,simulation_virtual_sample
combined,33.74999999999999,103.0,16.629392246050905,11.111404660392042,9.691499908193721,0.15443894512390566,12.26607078780038,simulation_virtual_sample
combined,33.74999999999999,104.5,16.629392246050905,11.111404660392042,10.337812591737439,0.05405045161636865,12.281989979812797,simulation_virtual_sample
combined,33.74999999999999,106.0,16.629392246050905,11.111404660392042,10.85279813731374,0.007875349920221613,12.356443240998425,simulation_virtual_sample
combined,33.74999999999999,107.5,16.629392246050905,11.111404660392042,11.359580606010685,-0.04281992377877908,12.451918707329623,simulation_virtual_sample
combined,33.74999999999999,109.0,16.629392246050905,11.111404660392042,11.930430311069477,-0.10079615453730499,12.458242213995906,simulation_virtual_sample
combined,33.74999999999999,110.5,16.629392246050905,11.111404660392042,12.510357016369596,-0.14983440137804718,12.46816080064208,simulation_virtual_sample
combined,33.74999999999999,112.0,16.629392246050905,11.111404660392042,13.148949829104614,-0.26339945873698956,12.446892011225497,simulation_virtual_sample
combined,33.74999999999999,113.5,16.629392246050905,11.111404660392042,13.709864030341866,-0.4428804590538555,12.438017598114895,simulation_virtual_sample
combined,33.74999999999999,115.0,16.629392246050905,11.111404660392042,14.265048966571566,-0.6215269872766944,12.432308526059948,simulation_virtual_sample
combined,36.5625,100.0,16.0641506296129,11.913986089848667,8.309505282760812,0.41819371526241655,12.92057190576082,simulation_virtual_sample
combined,36.5625,101.5,16.0641506296129,11.913986089848667,8.928919348711807,0.2630195296747372,12.868138449918243,simulation_virtual_sample
combined,36.5625,103.0,16.0641506296129,11.913986089848667,9.637706417282395,0.10719110493388465,12.920460588872109,simulation_virtual_sample
combined,36.5625,104.5,16.0641506296129,11.913986089848667,10.2840925224789,0.006769347389871871,12.93619233059492,simulation_virtual_sample
combined,36.5625,106.0,16.0641506296129,11.913986089848667,10.843150050866443,-0.0161121747090396,12.900716732842762,simulation_virtual_sample
combined,36.5625,107.5,16.0641506296129,11.913986089848667,11.358843958768967,-0.062020465839719735,12.972995598853204,simulation_virtual_sample
combined,36.5625,109.0,16.0641506296129,11.913986089848667,11.939367948990709,-0.11049233648858987,12.983764848394573,simulation_virtual_sample
combined,36.5625,110.5,16.0641506296129,11.913986089848667,12.56567887719729,-0.11380861659049947,13.010696400083711,simulation_virtual_sample
combined,36.5625,112.0,16.0641506296129,11.913986089848667,13.2042907673299,-0.22736125068294788,12.989614700674302,simulation_virtual_sample
combined,36.5625,113.5,16.0641506296129,11.913986089848667,13.85165239501038,-0.41932557090623224,12.93438092856858,simulation_virtual_sample
combined,36.5625,115.0,16.0641506296129,11.913986089848667,14.424216096390008,-0.6005699622536705,12.918204087400213,simulation_virtual_sample
combined,39.37499999999999,100.0,15.46020906725474,12.687865683272907,8.142960710184896,0.34767093776345037,13.48293576527646,simulation_virtual_sample
combined,39.37499999999999,101.5,15.46020906725474,12.687865683272907,8.875179725615261,0.2158190026049641,13.521872957050128,simulation_virtual_sample
combined,39.37499999999999,103.0,15.46020906725474,12.687865683272907,9.58409790591922,0.06010573577858028,13.572600141304733,simulation_virtual_sample
combined,39.37499999999999,104.5,15.46020906725474,12.687865683272907,10.23055738018112,-0.04034899548827679,13.588142643095626,simulation_virtual_sample
combined,39.37499999999999,106.0,15.46020906725474,12.687865683272907,10.789475031810413,-0.06335362851531723,13.554370462806036,simulation_virtual_sample
combined,39.37499999999999,107.5,15.46020906725474,12.687865683272907,11.36083975338808,-0.07465840594705689,13.521442734561743,simulation_virtual_sample
combined,39.37499999999999,109.0,15.46020906725474,12.687865683272907,11.994643300821561,-0.07449683851869049,13.525844339055652,simulation_virtual_sample
combined,39.37499999999999,110.5,15.46020906725474,12.687865683272907,12.620810403383611,-0.07790677837172304,13.5513654079609,simulation_virtual_sample
combined,39.37499999999999,112.0,15.46020906725474,12.687865683272907,13.259441305278104,-0.1914470319398763,13.53047015487623,simulation_virtual_sample
combined,39.37499999999999,113.5,15.46020906725474,12.687865683272907,13.906937771805994,-0.3833235446450269,13.476558732991805,simulation_virtual_sample
combined,39.37499999999999,115.0,15.46020906725474,12.687865683272907,14.585052752156102,-0.5446589508078985,13.444420070931693,simulation_virtual_sample
combined,42.18750000000001,100.0,14.81902250709918,13.43117909694037,8.008289103365748,0.2175659813699263,14.175569517445092,simulation_virtual_sample
combined,42.18750000000001,101.5,14.81902250709918,13.43117909694037,8.788907339642101,0.13529661256852302,14.191546199242028,simulation_virtual_sample
combined,42.18750000000001,103.0,14.81902250709918,13.43117909694037,9.53041536920365,0.012955348756603181,14.225640201118582,simulation_virtual_sample
combined,42.18750000000001,104.5,14.81902250709918,13.43117909694037,10.176948513798251,-0.0875322257762709,14.240990766608817,simulation_virtual_sample
combined,42.18750000000001,106.0,14.81902250709918,13.43117909694037,10.754472926489404,-0.09283291353543194,14.209339232969203,simulation_virtual_sample
combined,42.18750000000001,107.5,14.81902250709918,13.43117909694037,11.373862140068546,-0.058451496572094225,14.17851431337705,simulation_virtual_sample
combined,42.18750000000001,109.0,14.81902250709918,13.43117909694037,12.038204587619028,-0.04398184067352393,14.10018882091128,simulation_virtual_sample
combined,42.18750000000001,110.5,14.81902250709918,13.43117909694037,12.676017958453022,-0.041955429884514076,14.092780023000316,simulation_virtual_sample
combined,42.18750000000001,112.0,14.81902250709918,13.43117909694037,13.31466789832748,-0.15548328585506596,14.072071473358355,simulation_virtual_sample
combined,42.18750000000001,113.5,14.81902250709918,13.43117909694037,14.004985603838195,-0.3046511789330752,14.048724727508066,simulation_virtual_sample
combined,42.18750000000001,115.0,14.81902250709918,13.43117909694037,14.746737101908769,-0.4024642301171079,14.060610666373291,simulation_virtual_sample
combined,45.0,100.0,14.142135623730951,14.14213562373095,7.874265977142931,0.08808751590274055,14.864868048780961,simulation_virtual_sample
combined,45.0,101.5,14.142135623730951,14.14213562373095,8.654556068308217,0.005501129235624206,14.882532423959612,simulation_virtual_sample
combined,45.0,103.0,14.142135623730951,14.14213562373095,9.434846159473507,-0.077085257431492,14.900196799138262,simulation_virtual_sample
combined,45.0,104.5,14.142135623730951,14.14213562373095,10.148205719682334,-0.11105361804614035,14.89706725073613,simulation_virtual_sample
combined,45.0,106.0,14.142135623730951,14.14213562373095,10.767469896060481,-0.07667152996238921,14.86470422408844,simulation_virtual_sample
combined,45.0,107.5,14.142135623730951,14.14213562373095,11.386818574987583,-0.04232666694540085,14.832258159030143,simulation_virtual_sample
combined,45.0,109.0,14.142135623730951,14.14213562373095,12.051193395282874,-0.02781672180076276,14.755566100670196,simulation_virtual_sample
combined,45.0,110.5,14.142135623730951,14.14213562373095,12.715568215578166,-0.013306776656124678,14.678874042310248,simulation_virtual_sample
combined,45.0,112.0,14.142135623730951,14.14213562373095,13.424927831618927,-0.06463516116599838,14.653065117065474,simulation_virtual_sample
combined,45.0,113.5,14.142135623730951,14.14213562373095,14.166285364471737,-0.16279468851910717,14.663449626370639,simulation_virtual_sample
combined,45.0,115.0,14.142135623730951,14.14213562373095,14.907642897324545,-0.2609542158722162,14.673834135675804,simulation_virtual_sample
combined,47.8125,100.0,13.43117909694037,14.81902250709918,7.7402428509201116,-0.041390949564445716,15.554166580116835,simulation_virtual_sample
combined,47.8125,101.5,13.43117909694037,14.81902250709918,8.520204796974333,-0.1242943540972751,15.573518648677195,simulation_virtual_sample
combined,47.8125,103.0,13.43117909694037,14.81902250709918,9.336727470727173,-0.18267728184416102,15.595999920005962,simulation_virtual_sample
combined,47.8125,104.5,13.43117909694037,14.81902250709918,10.117407140749048,-0.15294406685532785,15.57975403342654,simulation_virtual_sample
combined,47.8125,106.0,13.43117909694037,14.81902250709918,10.780463642835588,-0.060514153849824955,15.519906707505962,simulation_virtual_sample
combined,47.8125,107.5,13.43117909694037,14.81902250709918,11.399771773544085,-0.026205865108361048,15.4858387072867,simulation_virtual_sample
combined,47.8125,109.0,13.43117909694037,14.81902250709918,12.064178958497862,-0.01165564078142713,15.410779675020265,simulation_virtual_sample
combined,47.8125,110.5,13.43117909694037,14.81902250709918,12.745550809287753,0.04391394109883668,15.36738574599167,simulation_virtual_sample
combined,47.8125,112.0,13.43117909694037,14.81902250709918,13.528146850334497,0.049266745581208554,15.314043272393677,simulation_virtual_sample
combined,47.8125,113.5,13.43117909694037,14.81902250709918,14.327585125105276,-0.020938198105138545,15.278174525233217,simulation_virtual_sample
combined,47.8125,115.0,13.43117909694037,14.81902250709918,15.068548692740324,-0.11944420162732368,15.287057604978322,simulation_virtual_sample
combined,50.62499999999998,100.0,12.687865683272916,15.460209067254736,7.6055712441009655,-0.17149590595796846,16.24680033228546,simulation_virtual_sample
combined,50.62499999999998,101.5,12.687865683272916,15.460209067254736,8.430784900792682,-0.22401590635411672,16.26942232095057,simulation_virtual_sample
combined,50.62499999999998,103.0,12.687865683272916,15.460209067254736,9.277794340463327,-0.2618550823453912,16.292796981815137,simulation_virtual_sample
combined,50.62499999999998,104.5,12.687865683272916,15.460209067254736,10.058494096693499,-0.23209488114716773,16.27631360554424,simulation_virtual_sample
combined,50.62499999999998,106.0,12.687865683272916,15.460209067254736,10.745971297748063,-0.10729898768022818,16.20379515455627,simulation_virtual_sample
combined,50.62499999999998,107.5,12.687865683272916,15.460209067254736,11.412784388423063,-0.010011117152426434,16.142417229553313,simulation_virtual_sample
combined,50.62499999999998,109.0,12.687865683272916,15.460209067254736,12.095595435288669,0.04905464495288224,16.101034355180563,simulation_virtual_sample
combined,50.62499999999998,110.5,12.687865683272916,15.460209067254736,12.786321200717222,0.127281095604821,16.073453030501902,simulation_virtual_sample
combined,50.62499999999998,112.0,12.687865683272916,15.460209067254736,13.568872984820795,0.13270846345480528,16.020367644063576,simulation_virtual_sample
combined,50.62499999999998,113.5,12.687865683272916,15.460209067254736,14.416940513407049,0.08619536632278726,15.949085698331631,simulation_virtual_sample
combined,50.62499999999998,115.0,12.687865683272916,15.460209067254736,15.230233042492985,0.022750519063465025,15.903248200419911,simulation_virtual_sample
combined,53.43750000000003,100.0,11.91398608984866,16.064150629612904,7.494240918304584,-0.3784485607369444,16.998076189092206,simulation_virtual_sample
combined,53.43750000000003,101.5,11.91398608984866,16.064150629612904,8.371789041506762,-0.30327798450992327,16.966961060625422,simulation_virtual_sample
combined,53.43750000000003,103.0,11.91398608984866,16.064150629612904,9.218942369744857,-0.3409238434274727,16.988634452092302,simulation_virtual_sample
combined,53.43750000000003,104.5,11.91398608984866,16.064150629612904,9.999662184521679,-0.3111366931838188,16.971913913188,simulation_virtual_sample
combined,53.43750000000003,106.0,11.91398608984866,16.064150629612904,10.686985355658766,-0.1865477418905358,16.901216638055573,simulation_virtual_sample
combined,53.43750000000003,107.5,11.91398608984866,16.064150629612904,11.402988941751557,-0.0012780539463245603,16.865585593888827,simulation_virtual_sample
combined,53.43750000000003,109.0,11.91398608984866,16.064150629612904,12.136416188159151,0.13252477835817988,16.807973806100104,simulation_virtual_sample
combined,53.43750000000003,110.5,11.91398608984866,16.064150629612904,12.827035523333988,0.2105336007977144,16.778549307549486,simulation_virtual_sample
combined,53.43750000000003,112.0,11.91398608984866,16.064150629612904,13.60954295933449,0.21603511799993028,16.725718018130646,simulation_virtual_sample
combined,53.43750000000003,113.5,11.91398608984866,16.064150629612904,14.457709955896703,0.16972581577484588,16.656161172423698,simulation_virtual_sample
combined,53.43750000000003,115.0,11.91398608984866,16.064150629612904,15.367886424992147,0.20425257602008468,16.666867467503113,simulation_virtual_sample
combined,56.25000000000001,100.0,11.111404660392042,16.629392246050905,7.3931622140410305,-0.6144084363492104,17.766578285296163,simulation_virtual_sample
combined,56.25000000000001,101.5,11.111404660392042,16.629392246050905,8.277683229341145,-0.513015704344337,17.72480470152519,simulation_virtual_sample
combined,56.25000000000001,103.0,11.111404660392042,16.629392246050905,9.159887220019467,-0.42026557943561116,17.686874213481623,simulation_virtual_sample
combined,56.25000000000001,104.5,11.111404660392042,16.629392246050905,9.940627162592538,-0.3904513871083461,17.669915693169823,simulation_virtual_sample
combined,56.25000000000001,106.0,11.111404660392042,16.629392246050905,10.658718906760871,-0.20074235153566478,17.63565379698565,simulation_virtual_sample
combined,56.25000000000001,107.5,11.111404660392042,16.629392246050905,11.383990147888227,0.0041229671652852524,17.609419899933968,simulation_virtual_sample
combined,56.25000000000001,109.0,11.111404660392042,16.629392246050905,12.131272037515783,0.156062317449159,17.544599950124116,simulation_virtual_sample
combined,56.25000000000001,110.5,11.111404660392042,16.629392246050905,12.867890485348642,0.29407368494196406,17.486081197164985,simulation_virtual_sample
combined,56.25000000000001,112.0,11.111404660392042,16.629392246050905,13.65035326734838,0.2996492947584781,17.43350223406857,simulation_virtual_sample
combined,56.25000000000001,113.5,11.111404660392042,16.629392246050905,14.570148141381209,0.34664995028690143,17.455264168875814,simulation_virtual_sample
combined,56.25000000000001,115.0,11.111404660392042,16.629392246050905,15.494794706839299,0.39996587454429405,17.48310276749025,simulation_virtual_sample
combined,59.0625,100.0,10.282054883864433,17.154572200005443,7.292361773214319,-0.8497187289813312,18.532964742641585,simulation_virtual_sample
combined,59.0625,101.5,10.282054883864433,17.154572200005443,8.176635986542394,-0.7489021357689697,18.49306759599197,simulation_virtual_sample
combined,59.0625,103.0,10.282054883864433,17.154572200005443,9.060910199870468,-0.6480855425566084,18.453170449342352,simulation_virtual_sample
combined,59.0625,104.5,10.282054883864433,17.154572200005443,9.91441182714,-0.40539946021913553,18.409978995755875,simulation_virtual_sample
combined,59.0625,106.0,10.282054883864433,17.154572200005443,10.639740023292795,-0.19538349854543632,18.379352524211956,simulation_virtual_sample
combined,59.0625,107.5,10.282054883864433,17.154572200005443,11.3650584032232,0.009473683757479178,18.351180209805616,simulation_virtual_sample
combined,59.0625,109.0,10.282054883864433,17.154572200005443,12.112276023071711,0.16146254842102625,18.288325437293167,simulation_virtual_sample
combined,59.0625,110.5,10.282054883864433,17.154572200005443,12.861483714135202,0.3166206686134639,18.23035991506433,simulation_virtual_sample
combined,59.0625,112.0,10.282054883864433,17.154572200005443,13.772680632222228,0.4894649029841989,18.245402408805383,simulation_virtual_sample
combined,59.0625,113.5,10.282054883864433,17.154572200005443,14.697017125119144,0.5423026447081453,18.27124671542955,simulation_virtual_sample
combined,59.0625,115.0,10.282054883864433,17.154572200005443,15.621353618016059,0.5951403864320916,18.297091022053717,simulation_virtual_sample
combined,61.87499999999999,100.0,9.427934736519957,17.6384252869671,7.191352730768112,-1.085515984842228,19.300937199560533,simulation_virtual_sample
combined,61.87499999999999,101.5,9.427934736519957,17.6384252869671,8.077726809356127,-0.9826558062132499,19.26401976266563,simulation_virtual_sample
combined,61.87499999999999,103.0,9.427934736519957,17.6384252869671,9.038581394447462,-0.7966288671631704,19.26198808347053,simulation_virtual_sample
combined,61.87499999999999,104.5,9.427934736519957,17.6384252869671,9.895179065970517,-0.5425278356176498,19.220784480355118,simulation_virtual_sample
combined,61.87499999999999,106.0,9.427934736519957,17.6384252869671,10.620706609327867,-0.20284514120909136,19.130334559532713,simulation_virtual_sample
combined,61.87499999999999,107.5,9.427934736519957,17.6384252869671,11.346089845550717,0.014829621169418786,19.094474314649773,simulation_virtual_sample
combined,61.87499999999999,109.0,9.427934736519957,17.6384252869671,12.098278759349546,0.17502960882834198,19.045735980653408,simulation_virtual_sample
combined,61.87499999999999,110.5,9.427934736519957,17.6384252869671,12.900300361525192,0.41577262639409607,19.117047140101814,simulation_virtual_sample
combined,61.87499999999999,112.0,9.427934736519957,17.6384252869671,13.819006542034625,0.5971031528961939,19.126256363406533,simulation_virtual_sample
combined,61.87499999999999,113.5,9.427934736519957,17.6384252869671,14.821695686171845,0.7356719267546669,19.09076812352591,simulation_virtual_sample
combined,61.87499999999999,115.0,9.427934736519957,17.6384252869671,15.748174436716406,0.7907188024985821,19.112763785799483,simulation_virtual_sample
combined,64.68749999999999,100.0,8.551101868605647,18.079785862468864,7.10322839122773,-1.3276184500544708,20.083322502864284,simulation_virtual_sample
combined,64.68749999999999,101.5,8.551101868605647,18.079785862468864,8.063020854341406,-1.122541420883494,20.075441181034883,simulation_virtual_sample
combined,64.68749999999999,103.0,8.551101868605647,18.079785862468864,9.023910934041892,-0.936176850906777,20.071451037661586,simulation_virtual_sample
combined,64.68749999999999,104.5,8.551101868605647,18.079785862468864,9.876020997132605,-0.6791236593979606,20.02844112160507,simulation_virtual_sample
combined,64.68749999999999,106.0,8.551101868605647,18.079785862468864,10.601500690238709,-0.3397821342660404,19.94000844863434,simulation_virtual_sample
combined,64.68749999999999,107.5,8.551101868605647,18.079785862468864,11.329074819084417,0.01594733556762032,19.877085611550058,simulation_virtual_sample
combined,64.68749999999999,109.0,8.551101868605647,18.079785862468864,12.13703663572216,0.27403144386975536,19.931080701538352,simulation_virtual_sample
combined,64.68749999999999,110.5,8.551101868605647,18.079785862468864,12.938957340834405,0.5145167333203049,20.000087073139902,simulation_virtual_sample
combined,64.68749999999999,112.0,8.551101868605647,18.079785862468864,13.857511713910977,0.6959630387849811,20.0096707208801,simulation_virtual_sample
combined,64.68749999999999,113.5,8.551101868605647,18.079785862468864,14.860294953940121,0.8347733986093137,19.976341299097292,simulation_virtual_sample
combined,64.68749999999999,115.0,8.551101868605647,18.079785862468864,15.853858151256725,1.0035089046740728,19.93814473364327,simulation_virtual_sample
combined,67.49999999999997,100.0,7.653668647301805,18.47759065022573,7.0962132041079204,-1.5973768666348998,20.91926390625042,simulation_virtual_sample
combined,67.49999999999997,101.5,7.653668647301805,18.47759065022573,8.050257256405773,-1.2952848948472677,20.89318258805769,simulation_virtual_sample
combined,67.49999999999997,103.0,7.653668647301805,18.47759065022573,9.009229522384924,-1.0758290048679289,20.881518242303063,simulation_virtual_sample
combined,67.49999999999997,104.5,7.653668647301805,18.47759065022573,9.856845027776645,-0.8158471127441431,20.83685240427556,simulation_virtual_sample
combined,67.49999999999997,106.0,7.653668647301805,18.47759065022573,10.58543661757527,-0.44686446423053316,20.795413834001664,simulation_virtual_sample
combined,67.49999999999997,107.5,7.653668647301805,18.47759065022573,11.326225261213926,-0.0062201115407243,20.862961232742148,simulation_virtual_sample
combined,67.49999999999997,109.0,7.653668647301805,18.47759065022573,12.16740403882818,0.3485958087374087,20.83688967358255,simulation_virtual_sample
combined,67.49999999999997,110.5,7.653668647301805,18.47759065022573,12.977641527816097,0.6133303386234785,20.883748510023146,simulation_virtual_sample
combined,67.49999999999997,112.0,7.653668647301805,18.47759065022573,13.896043667540447,0.7948916853344263,20.89369952529854,simulation_virtual_sample
combined,67.49999999999997,113.5,7.653668647301805,18.47759065022573,14.882276239034168,0.9876473668594852,20.85251019992999,simulation_virtual_sample
combined,67.49999999999997,115.0,7.653668647301805,18.47759065022573,15.828124554274778,1.3107004834547658,20.78700946583593,simulation_virtual_sample
combined,70.31250000000001,100.0,6.737797067844396,18.830881303660416,7.089236618954473,-1.8656509029493957,21.75060543491016,simulation_virtual_sample
combined,70.31250000000001,101.5,6.737797067844396,18.830881303660416,8.043263012901388,-1.564237956354778,21.726628315281378,simulation_virtual_sample
combined,70.31250000000001,103.0,6.737797067844396,18.830881303660416,8.997289406848303,-1.2628250097601603,21.7026511956526,simulation_virtual_sample
combined,70.31250000000001,104.5,6.737797067844396,18.830881303660416,9.842142402260924,-0.9099575974553822,21.712911465792615,simulation_virtual_sample
combined,70.31250000000001,106.0,6.737797067844396,18.830881303660416,10.578687733059947,-0.46562152342233604,21.781862152253215,simulation_virtual_sample
combined,70.31250000000001,107.5,6.737797067844396,18.830881303660416,11.323390848395633,-0.028269741373941337,21.84359704536556,simulation_virtual_sample
combined,70.31250000000001,109.0,6.737797067844396,18.830881303660416,12.164562465641884,0.32649047655098795,21.820002794115982,simulation_virtual_sample
combined,70.31250000000001,110.5,6.737797067844396,18.830881303660416,13.005734082888138,0.6812506944759174,21.79640854286641,simulation_virtual_sample
combined,70.31250000000001,112.0,6.737797067844396,18.830881303660416,13.910710345262773,0.9715946107980009,21.766347271439138,simulation_virtual_sample
combined,70.31250000000001,113.5,6.737797067844396,18.830881303660416,14.856621452485816,1.293898155997095,21.698775241234003,simulation_virtual_sample
combined,70.31250000000001,115.0,6.737797067844396,18.830881303660416,15.80253255970886,1.6162017011961891,21.63120321102887,simulation_virtual_sample
combined,73.125,100.0,5.805693545089246,19.13880671464418,7.082264839108668,-2.133740158422119,22.58137435509247,simulation_virtual_sample
combined,73.125,101.5,5.805693545089246,19.13880671464418,8.036273586867305,-1.8330057693239445,22.559499984705198,simulation_virtual_sample
combined,73.125,103.0,5.805693545089246,19.13880671464418,9.01367901199652,-1.4835984218123104,22.551786141162122,simulation_virtual_sample
combined,73.125,104.5,5.805693545089246,19.13880671464418,9.854391451770649,-0.986642829260292,22.651857013995727,simulation_virtual_sample
combined,73.125,106.0,5.805693545089246,19.13880671464418,10.57194480891653,-0.48436201705453596,22.767439274852816,simulation_virtual_sample
combined,73.125,107.5,5.805693545089246,19.13880671464418,11.320557854725283,-0.05030833128857101,22.823741868361623,simulation_virtual_sample
combined,73.125,109.0,5.805693545089246,19.13880671464418,12.16172231518862,0.3043962121724865,22.802623684671197,simulation_virtual_sample
combined,73.125,110.5,5.805693545089246,19.13880671464418,12.979277693600663,0.7321375433877378,22.73849524289628,simulation_virtual_sample
combined,73.125,112.0,5.805693545089246,19.13880671464418,13.876222426014634,1.2157850762560107,22.631227101414478,simulation_virtual_sample
combined,73.125,113.5,5.805693545089246,19.13880671464418,14.830984336350596,1.5999380067994569,22.54445739509634,simulation_virtual_sample
combined,73.125,115.0,5.805693545089246,19.13880671464418,15.776958192306436,1.9214924968894989,22.47481549544014,simulation_virtual_sample
combined,75.9375,100.0,4.85960359806528,19.400625063890878,7.075264161034529,-2.402940651583136,23.415586836385582,simulation_virtual_sample
combined,75.9375,101.5,4.85960359806528,19.400625063890878,8.055678444503847,-2.0472032549836365,23.409461559040604,simulation_virtual_sample
combined,75.9375,103.0,4.85960359806528,19.400625063890878,9.058290361765609,-1.6446865565621693,23.4147929727127,simulation_virtual_sample
combined,75.9375,104.5,4.85960359806528,19.400625063890878,9.893316729276828,-1.1444344017661814,23.518324338431395,simulation_virtual_sample
combined,75.9375,106.0,4.85960359806528,19.400625063890878,10.583828265468682,-0.5599015735296192,23.706536928317135,simulation_virtual_sample
combined,75.9375,107.5,4.85960359806528,19.400625063890878,11.317712581799515,-0.07244244470451064,23.808135006047785,simulation_virtual_sample
combined,75.9375,109.0,4.85960359806528,19.400625063890878,12.129801025043017,0.37223801346777624,23.733193697644964,simulation_virtual_sample
combined,75.9375,110.5,4.85960359806528,19.400625063890878,12.928428865757928,0.8586085812678329,23.632177534251817,simulation_virtual_sample
combined,75.9375,112.0,4.85960359806528,19.400625063890878,13.82543984118509,1.3423033247745717,23.525254384113136,simulation_virtual_sample
combined,75.9375,113.5,4.85960359806528,19.400625063890878,14.793736312237444,1.8240592455195341,23.41405120692471,simulation_virtual_sample
combined,75.9375,115.0,4.85960359806528,19.400625063890878,15.75127781841426,2.228048731727191,23.321924577076995,simulation_virtual_sample
combined,78.74999999999999,100.0,3.9018064403225705,19.61570560806461,7.160789195136352,-2.709574742060647,24.285859176292686,simulation_virtual_sample
combined,78.74999999999999,101.5,3.9018064403225705,19.61570560806461,8.100317763006608,-2.208392382668286,24.273009445913466,simulation_virtual_sample
combined,78.74999999999999,103.0,3.9018064403225705,19.61570560806461,9.102811952670894,-1.8054505789948132,24.27606341849917,simulation_virtual_sample
combined,78.74999999999999,104.5,3.9018064403225705,19.61570560806461,9.932171299492556,-1.301939347810749,24.383217735571012,simulation_virtual_sample
combined,78.74999999999999,106.0,3.9018064403225705,19.61570560806461,10.62278897244813,-0.7178367666506635,24.573792904314928,simulation_virtual_sample
combined,78.74999999999999,107.5,3.9018064403225705,19.61570560806461,11.317388439644041,-0.04358829021101579,24.710459117828,simulation_virtual_sample
combined,78.74999999999999,109.0,3.9018064403225705,19.61570560806461,12.078932229300895,0.4987587154417557,24.627226930385696,simulation_virtual_sample
combined,78.74999999999999,110.5,3.9018064403225705,19.61570560806461,12.87768386391035,0.9848213834732106,24.52403505486648,simulation_virtual_sample
combined,78.74999999999999,112.0,3.9018064403225705,19.61570560806461,13.774760695881543,1.4685638670794658,24.417460614207624,simulation_virtual_sample
combined,78.74999999999999,113.5,3.9018064403225705,19.61570560806461,14.742933172745488,1.9506287033236438,24.30844035440528,simulation_virtual_sample
combined,78.74999999999999,115.0,3.9018064403225705,19.61570560806461,15.660316425250326,2.525363221414784,24.200847456023528,simulation_virtual_sample
combined,81.56249999999997,100.0,2.9346094891072436,19.78353019929562,7.314817526885365,-3.041136623263631,25.174254830807516,simulation_virtual_sample
combined,81.56249999999997,101.5,2.9346094891072436,19.78353019929562,8.213443010144653,-2.476375449834548,25.153301024382195,simulation_virtual_sample
combined,81.56249999999997,103.0,2.9346094891072436,19.78353019929562,9.14745882617256,-1.9666669871963742,25.139757456871635,simulation_virtual_sample
combined,81.56249999999997,104.5,2.9346094891072436,19.78353019929562,9.971142843251464,-1.4599184700334307,25.25071493567575,simulation_virtual_sample
combined,81.56249999999997,106.0,2.9346094891072436,19.78353019929562,10.660534451706441,-0.7583448342381599,25.420980497720983,simulation_virtual_sample
combined,81.56249999999997,107.5,2.9346094891072436,19.78353019929562,11.354145754589439,-0.04974614367170181,25.55527518128992,simulation_virtual_sample
combined,81.56249999999997,109.0,2.9346094891072436,19.78353019929562,12.075549608334494,0.5534383019310805,25.495633977049906,simulation_virtual_sample
combined,81.56249999999997,110.5,2.9346094891072436,19.78353019929562,12.826797588967366,1.1113855596582556,25.41837548942362,simulation_virtual_sample
combined,81.56249999999997,112.0,2.9346094891072436,19.78353019929562,13.72394020882138,1.5951765441082986,25.3121551655844,simulation_virtual_sample
combined,81.56249999999997,113.5,2.9346094891072436,19.78353019929562,14.631245964961543,2.188252226256694,25.203628423256117,simulation_virtual_sample
combined,81.56249999999997,115.0,2.9346094891072436,19.78353019929562,15.521336592365616,2.8127019363722954,25.094621159037505,simulation_virtual_sample
combined,84.37500000000001,100.0,1.9603428065912065,19.90369453344394,7.468315924773777,-3.3715577671377104,26.05959396361887,simulation_virtual_sample
combined,84.37500000000001,101.5,1.9603428065912065,19.90369453344394,8.367343837159655,-2.8076628639379315,26.04096126450709,simulation_virtual_sample
combined,84.37500000000001,103.0,1.9603428065912065,19.90369453344394,9.266371749545536,-2.2437679607381535,26.022328565395302,simulation_virtual_sample
combined,84.37500000000001,104.5,1.9603428065912065,19.90369453344394,10.008816990269205,-1.4924466278288635,26.09679201167489,simulation_virtual_sample
combined,84.37500000000001,106.0,1.9603428065912065,19.90369453344394,10.697844976338441,-0.7667908878704047,26.260366582183522,simulation_virtual_sample
combined,84.37500000000001,107.5,1.9603428065912065,19.90369453344394,11.390781847298435,-0.05588368909930521,26.397305119249665,simulation_virtual_sample
combined,84.37500000000001,109.0,1.9603428065912065,19.90369453344394,12.112272929698104,0.5472861433231219,26.33966874503383,simulation_virtual_sample
combined,84.37500000000001,110.5,1.9603428065912065,19.90369453344394,12.833764012097772,1.1504559757455488,26.28203237081799,simulation_virtual_sample
combined,84.37500000000001,112.0,1.9603428065912065,19.90369453344394,13.601974628965772,1.8515565386026833,26.207701214063068,simulation_virtual_sample
combined,84.37500000000001,113.5,1.9603428065912065,19.90369453344394,14.492404774003502,2.4753043011152718,26.096510525628343,simulation_virtual_sample
combined,84.37500000000001,115.0,1.9603428065912065,19.90369453344394,15.38283491904123,3.0990520636278602,25.985319837193618,simulation_virtual_sample
combined,87.18750000000001,100.0,0.9813534865483581,19.97590912410345,7.622026003937029,-3.7024345768033022,26.94615401937717,simulation_virtual_sample
combined,87.18750000000001,101.5,0.9813534865483581,19.97590912410345,8.521456900417576,-3.1394071384588895,26.92984562849151,simulation_virtual_sample
combined,87.18750000000001,103.0,0.9813534865483581,19.97590912410345,9.362887063047472,-2.363563324738035,27.000268527073867,simulation_virtual_sample
combined,87.18750000000001,104.5,0.9813534865483581,19.97590912410345,10.092466803421498,-1.5679842858821642,27.052984266805417,simulation_virtual_sample
combined,87.18750000000001,106.0,0.9813534865483581,19.97590912410345,10.735219077099842,-0.775251333350632,27.101182957933787,simulation_virtual_sample
combined,87.18750000000001,107.5,0.9813534865483581,19.97590912410345,11.427473706926728,-0.06203057700792172,27.240616782746212,simulation_virtual_sample
combined,87.18750000000001,109.0,0.9813534865483581,19.97590912410345,12.143366100618447,0.5465568220226025,27.184916618647673,simulation_virtual_sample
combined,87.18750000000001,110.5,0.9813534865483581,19.97590912410345,12.759864282992577,1.250101075700366,27.127963608563746,simulation_virtual_sample
combined,87.18750000000001,112.0,0.9813534865483581,19.97590912410345,13.506492302377671,1.999858584906129,27.064498380109463,simulation_virtual_sample
combined,87.18750000000001,113.5,0.9813534865483581,19.97590912410345,14.353372114725875,2.7627522338459043,26.990623953045738,simulation_virtual_sample
combined,87.18750000000001,115.0,0.9813534865483581,19.97590912410345,15.244142245607524,3.3857970807377966,26.877246829353556,simulation_virtual_sample
combined,90.0,100.0,1.2246467991473533e-15,20.0,7.776693482626803,-4.035372287761999,27.838236108448026,simulation_virtual_sample
combined,90.0,101.5,1.2246467991473533e-15,20.0,8.614452271964035,-3.24664768361191,27.911322396367854,simulation_virtual_sample
combined,90.0,103.0,1.2246467991473533e-15,20.0,9.45221106130127,-2.4579230794618323,27.98440868428768,simulation_virtual_sample
combined,90.0,104.5,1.2246467991473533e-15,20.0,10.189304208404481,-1.662839577953513,28.038751595139754,simulation_virtual_sample
combined,90.0,106.0,1.2246467991473533e-15,20.0,10.826158716634346,-0.8614241522476245,28.074430634551028,simulation_virtual_sample
combined,90.0,107.5,1.2246467991473533e-15,20.0,11.44546062563858,-0.05115798483599119,28.088716418445827,simulation_virtual_sample
combined,90.0,109.0,1.2246467991473533e-15,20.0,12.060681337095398,0.6545408857007574,28.02916637180481,simulation_virtual_sample
combined,90.0,110.5,1.2246467991473533e-15,20.0,12.677387152464592,1.3578139763055947,27.970093332620426,simulation_virtual_sample
combined,90.0,112.0,1.2246467991473533e-15,20.0,13.423917673895337,2.1075867710157516,27.90693826687455,simulation_virtual_sample
combined,90.0,113.5,1.2246467991473533e-15,20.0,14.264251692023288,2.890957445303594,27.84083377511653,simulation_virtual_sample
combined,90.0,115.0,1.2246467991473533e-15,20.0,15.104585710151238,3.674328119591446,27.774729283358507,simulation_virtual_sample
combined,92.81249999999999,100.0,-0.9813534865483557,19.97590912410345,8.031930163120936,-4.3049186775214725,28.801086227519235,simulation_virtual_sample
combined,92.81249999999999,101.5,-0.9813534865483557,19.97590912410345,8.723158553926368,-3.361473216019491,28.895077075009997,simulation_virtual_sample
combined,92.81249999999999,103.0,-0.9813534865483557,19.97590912410345,9.541551907209941,-2.55230063164894,28.968734462992263,simulation_virtual_sample
combined,92.81249999999999,104.5,-0.9813534865483557,19.97590912410345,10.28612279030666,-1.7576764322236036,29.024327311791815,simulation_virtual_sample
combined,92.81249999999999,106.0,-0.9813534865483557,19.97590912410345,10.908891572213813,-0.947783402125832,29.04336754780782,simulation_virtual_sample
combined,92.81249999999999,107.5,-0.9813534865483557,19.97590912410345,11.453957049453768,-0.0920285215124855,28.959633672973517,simulation_virtual_sample
combined,92.81249999999999,109.0,-0.9813534865483557,19.97590912410345,11.984288679062788,0.7522565171263542,28.875143125195585,simulation_virtual_sample
combined,92.81249999999999,110.5,-0.9813534865483557,19.97590912410345,12.594906792948803,1.465531093881521,28.812256026138986,simulation_virtual_sample
combined,92.81249999999999,112.0,-0.9813534865483557,19.97590912410345,13.34134005934902,2.215318852792384,28.749408617953527,simulation_virtual_sample
combined,92.81249999999999,113.5,-0.9813534865483557,19.97590912410345,14.165674479122641,3.0140120706447173,28.690990300547003,simulation_virtual_sample
combined,92.81249999999999,115.0,-0.9813534865483557,19.97590912410345,14.88737427514514,3.910541532960175,28.669122065742137,simulation_virtual_sample
combined,95.62499999999999,100.0,-1.960342806591204,19.90369453344394,8.285586915635857,-4.572796561476642,29.757976255587998,simulation_virtual_sample
combined,95.62499999999999,101.5,-1.960342806591204,19.90369453344394,8.977436365101626,-3.6300069779597504,29.854309973248906,simulation_virtual_sample
combined,95.62499999999999,103.0,-1.960342806591204,19.90369453344394,9.669285814567397,-2.6872173944428592,29.950643690909825,simulation_virtual_sample
combined,95.62499999999999,104.5,-1.960342806591204,19.90369453344394,10.371009816709757,-1.8453933766303543,29.99726674295482,simulation_virtual_sample
combined,95.62499999999999,106.0,-1.960342806591204,19.90369453344394,10.917077156481557,-0.9887274416090087,29.91118036781418,simulation_virtual_sample
combined,95.62499999999999,107.5,-1.960342806591204,19.90369453344394,11.462402041364154,-0.13265165415202373,29.82527895257388,simulation_virtual_sample
combined,95.62499999999999,109.0,-1.960342806591204,19.90369453344394,11.99275629066045,0.7115245765014088,29.74310701276216,simulation_virtual_sample
combined,95.62499999999999,110.5,-1.960342806591204,19.90369453344394,12.523110539956752,1.555700807154841,29.660935072950444,simulation_virtual_sample
combined,95.62499999999999,112.0,-1.960342806591204,19.90369453344394,13.227048905668145,2.3533853743758066,29.60607509019251,simulation_virtual_sample
combined,95.62499999999999,113.5,-1.960342806591204,19.90369453344394,13.949278147795484,3.2493390738562393,29.58202680084854,simulation_virtual_sample
combined,95.62499999999999,115.0,-1.960342806591204,19.90369453344394,14.671507389922821,4.145292773336671,29.557978511504565,simulation_virtual_sample
combined,98.43750000000003,100.0,-2.934609489107242,19.78353019929562,8.538894345679296,-4.8403055383810445,30.71354850604499,simulation_virtual_sample
combined,98.43750000000003,101.5,-2.934609489107242,19.78353019929562,9.23136399851674,-3.8981709296092686,30.81222186740095,simulation_virtual_sample
combined,98.43750000000003,103.0,-2.934609489107242,19.78353019929562,9.904003037751744,-2.9257417690475442,30.892279634577804,simulation_virtual_sample
combined,98.43750000000003,104.5,-2.934609489107242,19.78353019929562,10.426211785763071,-1.9104667279368648,30.86565562909928,simulation_virtual_sample
combined,98.43750000000003,106.0,-2.934609489107242,19.78353019929562,10.925254172700933,-1.029628623979094,30.77808482722305,simulation_virtual_sample
combined,98.43750000000003,107.5,-2.934609489107242,19.78353019929562,11.470836558915455,-0.17322440174881443,30.689850568682946,simulation_virtual_sample
combined,98.43750000000003,109.0,-2.934609489107242,19.78353019929562,12.001213399843737,0.6708431558742142,30.609994361058202,simulation_virtual_sample
combined,98.43750000000003,110.5,-2.934609489107242,19.78353019929562,12.48538523775438,1.5624706667580306,30.5572738675246,simulation_virtual_sample
combined,98.43750000000003,112.0,-2.934609489107242,19.78353019929562,13.02783425525405,2.561801364516887,30.510584832595484,simulation_virtual_sample
combined,98.43750000000003,113.5,-2.934609489107242,19.78353019929562,13.733179825886678,3.4843419973436753,30.47183621348386,simulation_virtual_sample
combined,98.43750000000003,115.0,-2.934609489107242,19.78353019929562,14.455937784994084,4.3797207268987695,30.445610871854942,simulation_virtual_sample
combined,101.25000000000001,100.0,-3.9018064403225683,19.61570560806461,8.793076287679666,-5.108738056291916,31.672419749186837,simulation_virtual_sample
combined,101.25000000000001,101.5,-3.9018064403225683,19.61570560806461,9.454486255337844,-4.119068248465018,31.742455455687114,simulation_virtual_sample
combined,101.25000000000001,103.0,-3.9018064403225683,19.61570560806461,10.057930076339762,-3.0412244890247697,31.755799628917636,simulation_virtual_sample
combined,101.25000000000001,104.5,-3.9018064403225683,19.61570560806461,10.58008636132146,-2.025910087880814,31.72888130948706,simulation_virtual_sample
combined,101.25000000000001,106.0,-3.9018064403225683,19.61570560806461,10.987963231614982,-1.0985036098549805,31.645359304910333,simulation_virtual_sample
combined,101.25000000000001,107.5,-3.9018064403225683,19.61570560806461,11.479301356635437,-0.21394280671529797,31.557526022588878,simulation_virtual_sample
combined,101.25000000000001,109.0,-3.9018064403225683,19.61570560806461,11.9563207238908,0.6850286555578274,31.509504071149838,simulation_virtual_sample
combined,101.25000000000001,110.5,-3.9018064403225683,19.61570560806461,12.352596266085708,1.6672137796225188,31.506119825495663,simulation_virtual_sample
combined,101.25000000000001,112.0,-3.9018064403225683,19.61570560806461,12.895249105950706,2.6666077543117512,31.459668005585236,simulation_virtual_sample
combined,101.25000000000001,113.5,-3.9018064403225683,19.61570560806461,13.543228407137255,3.6783844370338876,31.382226713493562,simulation_virtual_sample
combined,101.25000000000001,115.0,-3.9018064403225683,19.61570560806461,14.239623953190408,4.614958013406186,31.33630767098766,simulation_virtual_sample
combined,104.0625,100.0,-4.859603598065277,19.400625063890878,9.083181629272813,-5.32551730546701,32.59539492400036,simulation_virtual_sample
combined,104.0625,101.5,-4.859603598065277,19.400625063890878,9.608364846081843,-4.234514620774828,32.60570366098729,simulation_virtual_sample
combined,104.0625,103.0,-4.859603598065277,19.400625063890878,10.211433363286995,-3.156389292198539,32.61694240598744,simulation_virtual_sample
combined,104.0625,104.5,-4.859603598065277,19.400625063890878,10.733537329666541,-2.141035639377052,32.58973058283297,simulation_virtual_sample
combined,104.0625,106.0,-4.859603598065277,19.400625063890878,11.141815955386983,-1.213930575643935,32.50846239829435,simulation_virtual_sample
combined,104.0625,107.5,-4.859603598065277,19.400625063890878,11.482872832893047,-0.233027430671448,32.46096859581621,simulation_virtual_sample
combined,104.0625,109.0,-4.859603598065277,19.400625063890878,11.823547702595507,0.7897591868672498,32.458236055444324,simulation_virtual_sample
combined,104.0625,110.5,-4.859603598065277,19.400625063890878,12.220170606228054,1.7716703143958539,32.45236973246158,simulation_virtual_sample
combined,104.0625,112.0,-4.859603598065277,19.400625063890878,12.763025393486348,2.771128434202965,32.40616390825261,simulation_virtual_sample
combined,104.0625,113.5,-4.859603598065277,19.400625063890878,13.410679833004819,3.7831619147549715,32.33104807074121,simulation_virtual_sample
combined,104.0625,115.0,-4.859603598065277,19.400625063890878,13.958175556835396,4.835548835457626,32.23806527471736,simulation_virtual_sample
combined,106.875,100.0,-5.805693545089243,19.13880671464418,9.417231423400434,-5.470449049224724,33.457888117916795,simulation_virtual_sample
combined,106.875,101.5,-5.805693545089243,19.13880671464418,9.860556781000493,-4.366131821103086,33.46932139226383,simulation_virtual_sample
combined,106.875,103.0,-5.805693545089243,19.13880671464418,10.365254317835603,-3.2717924233424434,33.479867276235005,simulation_virtual_sample
combined,106.875,104.5,-5.805693545089243,19.13880671464418,10.887305857342193,-2.2563994376139833,33.452361341964945,simulation_virtual_sample
combined,106.875,106.0,-5.805693545089243,19.13880671464418,11.220346156214385,-1.2691400254244372,33.40882511293469,simulation_virtual_sample
combined,106.875,107.5,-5.805693545089243,19.13880671464418,11.480737832120704,-0.22376531546483122,33.39938479705333,simulation_virtual_sample
combined,106.875,109.0,-5.805693545089243,19.13880671464418,11.753640717631425,0.8485555034237781,33.402904669213775,simulation_virtual_sample
combined,106.875,110.5,-5.805693545089243,19.13880671464418,12.087468645927325,1.8763447932358548,33.40059394915599,simulation_virtual_sample
combined,106.875,112.0,-5.805693545089243,19.13880671464418,12.630524482286079,2.8758682351565232,33.35464408032881,simulation_virtual_sample
combined,106.875,113.5,-5.805693545089243,19.13880671464418,13.151638940122913,3.9388555386876534,33.25641582474778,simulation_virtual_sample
combined,106.875,115.0,-5.805693545089243,19.13880671464418,13.5937079050017,5.03359300347155,33.14225330237305,simulation_virtual_sample
combined,109.68749999999999,100.0,-6.737797067844395,18.83088130366042,9.74990228721243,-5.614782526560255,34.3168210102464,simulation_virtual_sample
combined,109.68749999999999,101.5,-6.737797067844395,18.83088130366042,10.19404216332605,-4.510818687635583,34.33035731440101,simulation_virtual_sample
combined,109.68749999999999,103.0,-6.737797067844395,18.83088130366042,10.638182039439668,-3.40685484871091,34.343893618555626,simulation_virtual_sample
combined,109.68749999999999,104.5,-6.737797067844395,18.83088130366042,10.957835056833837,-2.3052040322650202,34.357718325232895,simulation_virtual_sample
combined,109.68749999999999,106.0,-6.737797067844395,18.83088130366042,11.21821519660041,-1.2598903425859695,34.34581111420507,simulation_virtual_sample
combined,109.68749999999999,107.5,-6.737797067844395,18.83088130366042,11.478611644690623,-0.21454143452607574,34.333927190245056,simulation_virtual_sample
combined,109.68749999999999,109.0,-6.737797067844395,18.83088130366042,11.751508964110556,0.8578035313206078,34.33989357663713,simulation_virtual_sample
combined,109.68749999999999,110.5,-6.737797067844395,18.83088130366042,12.02440628353049,1.9301484971672915,34.345859963029206,simulation_virtual_sample
combined,109.68749999999999,112.0,-6.737797067844395,18.83088130366042,12.34482944251827,3.042310519738724,34.27544335018172,simulation_virtual_sample
combined,109.68749999999999,113.5,-6.737797067844395,18.83088130366042,12.787787094219295,4.136565090522426,34.15907613287463,simulation_virtual_sample
combined,109.68749999999999,115.0,-6.737797067844395,18.83088130366042,13.230744745920319,5.230819661306129,34.042708915567545,simulation_virtual_sample
combined,112.50000000000003,100.0,-7.653668647301802,18.477590650225732,10.08280244481742,-5.7592154859186335,35.1763459231051,simulation_virtual_sample
combined,112.50000000000003,101.5,-7.653668647301802,18.477590650225732,10.527757400852465,-4.655605279764855,35.19198670658312,simulation_virtual_sample
combined,112.50000000000003,103.0,-7.653668647301802,18.477590650225732,10.870113312296436,-3.482415104254334,35.19409800698936,simulation_virtual_sample
combined,112.50000000000003,104.5,-7.653668647301802,18.477590650225732,11.085498354788845,-2.328499739763361,35.22455735024787,simulation_virtual_sample
combined,112.50000000000003,106.0,-7.653668647301802,18.477590650225732,11.216082767055862,-1.250634279339577,35.283443446059145,simulation_virtual_sample
combined,112.50000000000003,107.5,-7.653668647301802,18.477590650225732,11.476483992016197,-0.2053111970266558,35.26911361553728,simulation_virtual_sample
combined,112.50000000000003,109.0,-7.653668647301802,18.477590650225732,11.749375741509517,0.8670579324187776,35.27752820215587,simulation_virtual_sample
combined,112.50000000000003,110.5,-7.653668647301802,18.477590650225732,11.913541030600252,1.950789846379711,35.22981643125738,simulation_virtual_sample
combined,112.50000000000003,112.0,-7.653668647301802,18.477590650225732,12.116502730726419,3.1316223757351134,35.15555227432543,simulation_virtual_sample
combined,112.50000000000003,113.5,-7.653668647301802,18.477590650225732,12.423684462993274,4.334410913903593,35.06235860070451,simulation_virtual_sample
combined,112.50000000000003,115.0,-7.653668647301802,18.477590650225732,12.867531414044997,5.428182257851831,34.94378516887644,simulation_virtual_sample
combined,115.31250000000001,100.0,-8.551101868605645,18.079785862468864,10.417544563840904,-5.9044476036210956,36.040626651458496,simulation_virtual_sample
combined,115.31250000000001,101.5,-8.551101868605645,18.079785862468864,10.740786420838688,-4.718429295089015,36.038868448476556,simulation_virtual_sample
combined,115.31250000000001,103.0,-8.551101868605645,18.079785862468864,11.040375435854386,-3.5164348699559467,36.033343186940854,simulation_virtual_sample
combined,115.31250000000001,104.5,-8.551101868605645,18.079785862468864,11.25570242581248,-2.362507906093521,36.06351638135671,simulation_virtual_sample
combined,115.31250000000001,106.0,-8.551101868605645,18.079785862468864,11.352568266922022,-1.276157370408095,36.14387683511328,simulation_virtual_sample
combined,115.31250000000001,107.5,-8.551101868605645,18.079785862468864,11.474344567115642,-0.19602988895335982,36.20947439386484,simulation_virtual_sample
combined,115.31250000000001,109.0,-8.551101868605645,18.079785862468864,11.63099820590999,0.8884705655932713,36.15617132523336,simulation_virtual_sample
combined,115.31250000000001,110.5,-8.551101868605645,18.079785862468864,11.767131642291492,1.9751084484832937,36.09153774067705,simulation_virtual_sample
combined,115.31250000000001,112.0,-8.551101868605645,18.079785862468864,11.970043251599796,3.1559492979244683,36.017568403125594,simulation_virtual_sample
combined,115.31250000000001,113.5,-8.551101868605645,18.079785862468864,12.220454519109568,4.403797202465057,35.93695849640481,simulation_virtual_sample
combined,115.31250000000001,115.0,-8.551101868605645,18.079785862468864,12.502308395695477,5.6266368763746515,35.849847144347976,simulation_virtual_sample
combined,118.125,100.0,-9.427934736519955,17.638425286967102,10.877067441349096,-5.975217535369187,36.78404689107194,simulation_virtual_sample
combined,118.125,101.5,-9.427934736519955,17.638425286967102,10.91134726300162,-4.752508747212598,36.87958605308807,simulation_virtual_sample
combined,118.125,103.0,-9.427934736519955,17.638425286967102,11.21052028686914,-3.5504312036436776,36.872010314565976,simulation_virtual_sample
combined,118.125,104.5,-9.427934736519955,17.638425286967102,11.425789264278137,-2.3964926483991733,36.90189755723175,simulation_virtual_sample
combined,118.125,106.0,-9.427934736519955,17.638425286967102,11.52310036291881,-1.3102310788124278,36.984452745959494,simulation_virtual_sample
combined,118.125,107.5,-9.427934736519955,17.638425286967102,11.494151439773052,-0.1813265375625799,37.05025364130191,simulation_virtual_sample
combined,118.125,109.0,-9.427934736519955,17.638425286967102,11.4843070207272,0.9128359741628373,37.019551205691975,simulation_virtual_sample
combined,118.125,110.5,-9.427934736519955,17.638425286967102,11.620823097323319,1.999410300506141,36.95266551674138,simulation_virtual_sample
combined,118.125,112.0,-9.427934736519955,17.638425286967102,11.823684650315133,3.180259464302409,36.878990795505764,simulation_virtual_sample
combined,118.125,113.5,-9.427934736519955,17.638425286967102,12.073738082238165,4.428166805340569,36.8004870006534,simulation_virtual_sample
combined,118.125,115.0,-9.427934736519955,17.638425286967102,12.126005456487391,5.684281753137668,36.691979978670425,simulation_virtual_sample
combined,120.9375,100.0,-10.282054883864433,17.154572200005443,11.354136750918185,-6.0330931617990835,37.50212257417487,simulation_virtual_sample
combined,120.9375,101.5,-10.282054883864433,17.154572200005443,11.381236797485048,-4.809875904727162,37.60266945017052,simulation_virtual_sample
combined,120.9375,103.0,-10.282054883864433,17.154572200005443,11.408336844051911,-3.58665864765524,37.70321632616617,simulation_virtual_sample
combined,120.9375,104.5,-10.282054883864433,17.154572200005443,11.596581117589883,-2.4306182584408726,37.743753847236775,simulation_virtual_sample
combined,120.9375,106.0,-10.282054883864433,17.154572200005443,11.559842383410937,-1.299103867103355,37.80664810137568,simulation_virtual_sample
combined,120.9375,107.5,-10.282054883864433,17.154572200005443,11.517874018599867,-0.16585493705635118,37.868613846232456,simulation_virtual_sample
combined,120.9375,109.0,-10.282054883864433,17.154572200005443,11.492816437941206,0.9291400435899934,37.84383047421782,simulation_virtual_sample
combined,120.9375,110.5,-10.282054883864433,17.154572200005443,11.473908099220719,2.0238128844058236,37.81736269224885,simulation_virtual_sample
combined,120.9375,112.0,-10.282054883864433,17.154572200005443,11.656593923840616,3.205496680116068,37.74050102542108,simulation_virtual_sample
combined,120.9375,113.5,-10.282054883864433,17.154572200005443,11.703547662364773,4.461787533946124,37.629027130664454,simulation_virtual_sample
combined,120.9375,115.0,-10.282054883864433,17.154572200005443,11.750501400888933,5.71807838777618,37.51755323590783,simulation_virtual_sample
combined,123.74999999999999,100.0,-11.11140466039204,16.62939224605091,11.830220827599424,-6.090849264777315,38.21871530340764,simulation_virtual_sample
combined,123.74999999999999,101.5,-11.11140466039204,16.62939224605091,11.858486528681459,-4.867773418992837,38.32101670048745,simulation_virtual_sample
combined,123.74999999999999,103.0,-11.11140466039204,16.62939224605091,11.87316661183116,-3.6391793280780664,38.42566499816469,simulation_virtual_sample
combined,123.74999999999999,104.5,-11.11140466039204,16.62939224605091,11.662792977563727,-2.4121292481343075,38.5551823919287,simulation_virtual_sample
combined,123.74999999999999,106.0,-11.11140466039204,16.62939224605091,11.583580581089656,-1.2836298638856407,38.62544127265459,simulation_virtual_sample
combined,123.74999999999999,107.5,-11.11140466039204,16.62939224605091,11.541547608413811,-0.15041528663623294,38.68528407222326,simulation_virtual_sample
combined,123.74999999999999,109.0,-11.11140466039204,16.62939224605091,11.516552012215175,0.9446201195814653,38.66263898440525,simulation_virtual_sample
combined,123.74999999999999,110.5,-11.11140466039204,16.62939224605091,11.453917514732321,2.033889464347231,38.62428051647049,simulation_virtual_sample
combined,123.74999999999999,112.0,-11.11140466039204,16.62939224605091,11.290489028414191,3.236595115834552,38.563162761980834,simulation_virtual_sample
combined,123.74999999999999,113.5,-11.11140466039204,16.62939224605091,11.327901595843754,4.495596950047829,38.454912609349684,simulation_virtual_sample
combined,123.74999999999999,115.0,-11.11140466039204,16.62939224605091,11.375772827883203,5.751805226359328,38.341421537684795,simulation_virtual_sample
combined,126.56249999999997,100.0,-11.913986089848658,16.064150629612904,12.307619152416056,-6.148764805666548,38.9372862140255,simulation_virtual_sample
combined,126.56249999999997,101.5,-11.913986089848658,16.064150629612904,12.294826035090063,-4.908806298608913,39.04788957677452,simulation_virtual_sample
combined,126.56249999999997,103.0,-11.913986089848658,16.064150629612904,12.10427179933374,-3.597181841621058,39.1860345852862,simulation_virtual_sample
combined,126.56249999999997,104.5,-11.913986089848658,16.064150629612904,11.893801658861424,-2.3702212664919284,39.31528474801387,simulation_virtual_sample
combined,126.56249999999997,106.0,-11.913986089848658,16.064150629612904,11.655399351469635,-1.2620022556478303,39.43205984015324,simulation_virtual_sample
combined,126.56249999999997,107.5,-11.913986089848658,16.064150629612904,11.56528655240413,-0.13493301295345764,39.504208827857035,simulation_virtual_sample
combined,126.56249999999997,109.0,-11.913986089848658,16.064150629612904,11.491603167961898,0.9526595293546035,39.46231835674838,simulation_virtual_sample
combined,126.56249999999997,110.5,-11.913986089848658,16.064150629612904,11.267868598091832,2.017218338384474,39.35459128851342,simulation_virtual_sample
combined,126.56249999999997,112.0,-11.913986089848658,16.064150629612904,11.104338429785212,3.2198308571401957,39.293693334198096,simulation_virtual_sample
combined,126.56249999999997,113.5,-11.913986089848658,16.064150629612904,10.983734580871817,4.520877003391839,39.266184990090885,simulation_virtual_sample
combined,126.56249999999997,115.0,-11.913986089848658,16.064150629612904,11.000009802450952,5.785625169158498,39.16756415913018,simulation_virtual_sample
combined,129.37500000000003,100.0,-12.687865683272914,15.460209067254736,12.766227340223036,-6.152262134959535,39.66191173879218,simulation_virtual_sample
combined,129.37500000000003,101.5,-12.687865683272914,15.460209067254736,12.52569896633396,-4.866851018816255,39.807495007117794,simulation_virtual_sample
combined,129.37500000000003,103.0,-12.687865683272914,15.460209067254736,12.334581457449453,-3.55532892238477,39.94378676533879,simulation_virtual_sample
combined,129.37500000000003,104.5,-12.687865683272914,15.460209067254736,12.124016003055873,-2.3284573879393275,40.07277344689658,simulation_virtual_sample
combined,129.37500000000003,106.0,-12.687865683272914,15.460209067254736,11.886215963418394,-1.2201291178853606,40.1915302184104,simulation_virtual_sample
combined,129.37500000000003,107.5,-12.687865683272914,15.460209067254736,11.591607521239915,-0.12816669854815757,40.27858021082753,simulation_virtual_sample
combined,129.37500000000003,109.0,-12.687865683272914,15.460209067254736,11.305709120836871,0.9360022806519067,40.19202120869457,simulation_virtual_sample
combined,129.37500000000003,110.5,-12.687865683272914,15.460209067254736,11.082459426526059,2.000604537510824,40.08239082465203,simulation_virtual_sample
combined,129.37500000000003,112.0,-12.687865683272914,15.460209067254736,10.91882861881076,3.203124306184022,40.021709195340684,simulation_virtual_sample
combined,129.37500000000003,113.5,-12.687865683272914,15.460209067254736,10.797771062611307,4.504129592688926,39.995981382941366,simulation_virtual_sample
combined,129.37500000000003,115.0,-12.687865683272914,15.460209067254736,10.60887566543064,5.773696898603852,39.94567723170993,simulation_virtual_sample
combined,132.1875,100.0,-13.431179096940369,14.81902250709918,13.168338439192452,-6.019554496056049,40.386686111050494,simulation_virtual_sample
combined,132.1875,101.5,-13.431179096940369,14.81902250709918,12.825362961783672,-4.788476633582461,40.553495108868525,simulation_virtual_sample
combined,132.1875,103.0,-13.431179096940369,14.81902250709918,12.565208310010673,-3.513418361130261,40.70258256112401,simulation_virtual_sample
combined,132.1875,104.5,-13.431179096940369,14.81902250709918,12.354548270803031,-2.286635833916109,40.83130822958927,simulation_virtual_sample
combined,132.1875,106.0,-13.431179096940369,14.81902250709918,12.0496782115499,-1.1976524508200586,40.913113620959955,simulation_virtual_sample
combined,132.1875,107.5,-13.431179096940369,14.81902250709918,11.624463202329505,-0.14326332754710205,40.925670951904735,simulation_virtual_sample
combined,132.1875,109.0,-13.431179096940369,14.81902250709918,11.194171568188946,0.9198669118999402,40.89401281870009,simulation_virtual_sample
combined,132.1875,110.5,-13.431179096940369,14.81902250709918,10.896794211673347,1.983967793585607,40.81119542533999,simulation_virtual_sample
combined,132.1875,112.0,-13.431179096940369,14.81902250709918,10.733063318743914,3.1863947465173204,40.750727699473615,simulation_virtual_sample
combined,132.1875,113.5,-13.431179096940369,14.81902250709918,10.517253710092898,4.4435053677962,40.69085817815779,simulation_virtual_sample
combined,132.1875,115.0,-13.431179096940369,14.81902250709918,10.187384354293261,5.647571784722597,40.587535205728564,simulation_virtual_sample
combined,135.0,100.0,-14.14213562373095,14.142135623730951,13.568513263312187,-5.887485880706571,41.107970496605404,simulation_virtual_sample
combined,135.0,101.5,-14.14213562373095,14.142135623730951,13.226518223171684,-4.656084447171902,41.27654665729826,simulation_virtual_sample
combined,135.0,103.0,-14.14213562373095,14.142135623730951,12.88452318303118,-3.4246830136372335,41.44512281799113,simulation_virtual_sample
combined,135.0,104.5,-14.14213562373095,14.142135623730951,12.507759916794102,-2.2671407844030638,41.547885550011394,simulation_virtual_sample
combined,135.0,106.0,-14.14213562373095,14.142135623730951,12.08246022864935,-1.2127139159371816,41.55876501075754,simulation_virtual_sample
combined,135.0,107.5,-14.14213562373095,14.142135623730951,11.657160540504597,-0.1582870474713019,41.56964447150368,simulation_virtual_sample
combined,135.0,109.0,-14.14213562373095,14.142135623730951,11.226954625803552,0.9048036521577589,41.539673244632795,simulation_virtual_sample
combined,135.0,110.5,-14.14213562373095,14.142135623730951,10.796748593843553,1.967894558852639,41.50970104142927,simulation_virtual_sample
combined,135.0,112.0,-14.14213562373095,14.142135623730951,10.42560596945776,3.1133061211152087,41.43607839112979,simulation_virtual_sample
combined,135.0,113.5,-14.14213562373095,14.142135623730951,10.096764304241033,4.317680059426696,41.33119042464723,simulation_virtual_sample
combined,135.0,115.0,-14.14213562373095,14.142135623730951,9.767922639024304,5.522053997738182,41.226302458164675,simulation_virtual_sample
combined,137.8125,100.0,-14.819022507099177,13.43117909694037,13.968688087431921,-5.755417265357091,41.829254882160306,simulation_virtual_sample
combined,137.8125,101.5,-14.819022507099177,13.43117909694037,13.627673484559695,-4.523692260761343,41.999598205728,simulation_virtual_sample
combined,137.8125,103.0,-14.819022507099177,13.43117909694037,13.174820730934755,-3.3133245302333094,42.09956189326666,simulation_virtual_sample
combined,137.8125,104.5,-14.819022507099177,13.43117909694037,12.624754496524702,-2.219255500480714,42.154355067331515,simulation_virtual_sample
combined,137.8125,106.0,-14.819022507099177,13.43117909694037,12.115242299502313,-1.227775405750976,42.20441745924626,simulation_virtual_sample
combined,137.8125,107.5,-14.819022507099177,13.43117909694037,11.689857013452404,-0.17330920993502044,42.21361104428009,simulation_virtual_sample
combined,137.8125,109.0,-14.819022507099177,13.43117909694037,11.259737666844169,0.8897404000310476,42.18533334414161,simulation_virtual_sample
combined,137.8125,110.5,-14.819022507099177,13.43117909694037,10.720288824458812,1.8997939898911929,42.110516987772,simulation_virtual_sample
combined,137.8125,112.0,-14.819022507099177,13.43117909694037,10.137022553794218,2.9986628097594403,42.04329087936195,simulation_virtual_sample
combined,137.8125,113.5,-14.819022507099177,13.43117909694037,9.676274898389167,4.191854751057192,41.971522671136675,simulation_virtual_sample
combined,137.8125,115.0,-14.819022507099177,13.43117909694037,9.348460923755347,5.396536210753768,41.86506971060078,simulation_virtual_sample
combined,140.62499999999997,100.0,-15.460209067254734,12.687865683272916,14.370799186401337,-5.622709626453606,42.55402925441863,simulation_virtual_sample
combined,140.62499999999997,101.5,-15.460209067254734,12.687865683272916,13.891566022174729,-4.417427610076682,42.636987226241644,simulation_virtual_sample
combined,140.62499999999997,103.0,-15.460209067254734,12.687865683272916,13.34583397758943,-3.2249329678235172,42.67735215496898,simulation_virtual_sample
combined,140.62499999999997,104.5,-15.460209067254734,12.687865683272916,12.795714187180884,-2.130806534457969,42.731938666387826,simulation_virtual_sample
combined,140.62499999999997,106.0,-15.460209067254734,12.687865683272916,12.239449869132745,-1.174433335375968,42.80644085010102,simulation_virtual_sample
combined,140.62499999999997,107.5,-15.460209067254734,12.687865683272916,11.722711744654053,-0.18840408303038042,42.86069455953233,simulation_virtual_sample
combined,140.62499999999997,109.0,-15.460209067254734,12.687865683272916,11.173862905538089,0.817119855415648,42.7812437303203,simulation_virtual_sample
combined,140.62499999999997,110.5,-15.460209067254734,12.687865683272916,10.573343206630629,1.7976496373917217,42.678785366571454,simulation_virtual_sample
combined,140.62499999999997,112.0,-15.460209067254734,12.687865683272916,9.990038515963523,2.896559052253098,42.611772358496104,simulation_virtual_sample
combined,140.62499999999997,113.5,-15.460209067254734,12.687865683272916,9.419026890867213,4.0800021814750735,42.5700705251464,simulation_virtual_sample
combined,140.62499999999997,115.0,-15.460209067254734,12.687865683272916,8.92696961261797,5.270411096872515,42.50692768461942,simulation_virtual_sample
combined,143.43750000000003,100.0,-16.0641506296129,11.913986089848663,14.777996797647432,-5.359225326749179,43.096839282441074,simulation_virtual_sample
combined,143.43750000000003,101.5,-16.0641506296129,11.913986089848663,14.062761746056482,-4.3289417307205635,43.21539401073884,simulation_virtual_sample
combined,143.43750000000003,103.0,-16.0641506296129,11.913986089848663,13.516612024133215,-3.136662973220239,43.25434776282849,simulation_virtual_sample
combined,143.43750000000003,104.5,-16.0641506296129,11.913986089848663,12.96643811434224,-2.042479544775161,43.30872574360122,simulation_virtual_sample
combined,143.43750000000003,106.0,-16.0641506296129,11.913986089848663,12.410620258697563,-1.0858753606123943,43.38473629084059,simulation_virtual_sample
combined,143.43750000000003,107.5,-16.0641506296129,11.913986089848663,11.726240533026761,-0.19089798002204764,43.397708039677504,simulation_virtual_sample
combined,143.43750000000003,109.0,-16.0641506296129,11.913986089848663,11.02673603378421,0.7148495102860339,43.350213054653395,simulation_virtual_sample
combined,143.43750000000003,110.5,-16.0641506296129,11.913986089848663,10.426600239280056,1.6956461506228866,43.2462700550501,simulation_virtual_sample
combined,143.43750000000003,112.0,-16.0641506296129,11.913986089848663,9.843256633778891,2.7945957239482415,43.179471972181595,simulation_virtual_sample
combined,143.43750000000003,113.5,-16.0641506296129,11.913986089848663,9.271886021175865,3.9777894793342936,43.13915857360221,simulation_virtual_sample
combined,143.43750000000003,115.0,-16.0641506296129,11.913986089848663,8.550933964304576,5.037857639962815,43.05438127536072,simulation_virtual_sample
combined,146.25,100.0,-16.629392246050905,11.111404660392044,15.183858805987171,-5.0456437247721615,43.562419237003546,simulation_virtual_sample
combined,146.25,101.5,-16.629392246050905,11.111404660392044,14.429450744761931,-4.053074788837214,43.70102335369587,simulation_virtual_sample
combined,146.25,103.0,-16.629392246050905,11.111404660392044,13.687979971897398,-3.0480880765607847,43.83333642787615,simulation_virtual_sample
combined,146.25,104.5,-16.629392246050905,11.111404660392044,13.137751115883406,-1.9538477872280453,43.88750299580319,simulation_virtual_sample
combined,146.25,106.0,-16.629392246050905,11.111404660392044,12.443902165561612,-1.0634200843416768,43.89502962662144,simulation_virtual_sample
combined,146.25,107.5,-16.629392246050905,11.111404660392044,11.717807368974931,-0.1884560195673786,43.88625684357162,simulation_virtual_sample
combined,146.25,109.0,-16.629392246050905,11.111404660392044,10.986139222768584,0.6930228847622258,43.858297928862804,simulation_virtual_sample
combined,146.25,110.5,-16.629392246050905,11.111404660392044,10.279350946475594,1.593290708576953,43.81571280630788,simulation_virtual_sample
combined,146.25,112.0,-16.629392246050905,11.111404660392044,9.695967741590021,2.6922801966747767,43.74913251850574,simulation_virtual_sample
combined,146.25,113.5,-16.629392246050905,11.111404660392044,8.95179703889269,3.7331959289356047,43.65614470329136,simulation_virtual_sample
combined,146.25,115.0,-16.629392246050905,11.111404660392044,8.19618004514409,4.764684076568229,43.55956796137422,simulation_virtual_sample
combined,149.0625,100.0,-17.15457220000544,10.282054883864436,15.588603501257383,-4.732925393599142,44.02671747867481,simulation_virtual_sample
combined,149.0625,101.5,-17.15457220000544,10.282054883864436,14.835186425668173,-3.739590791361616,44.16645839318983,simulation_virtual_sample
combined,149.0625,103.0,-17.15457220000544,10.282054883864436,14.081769350078963,-2.7462561891240895,44.306199307704844,simulation_virtual_sample
combined,149.0625,104.5,-17.15457220000544,10.282054883864436,13.167780490257794,-1.929617606627353,44.391482085651546,simulation_virtual_sample
combined,149.0625,106.0,-17.15457220000544,10.282054883864436,12.435470190804024,-1.0609784682665901,44.38350953249879,simulation_virtual_sample
combined,149.0625,107.5,-17.15457220000544,10.282054883864436,11.709397414752036,-0.1860207798979433,44.37346105911253,simulation_virtual_sample
combined,149.0625,109.0,-17.15457220000544,10.282054883864436,10.977708254939008,0.6954633470755023,44.346779677397656,simulation_virtual_sample
combined,149.0625,110.5,-17.15457220000544,10.282054883864436,10.241417936274694,1.5716436350804117,44.31769132534645,simulation_virtual_sample
combined,149.0625,112.0,-17.15457220000544,10.282054883864436,9.351904337182999,2.4279522423663358,44.25898439311127,simulation_virtual_sample
combined,149.0625,113.5,-17.15457220000544,10.282054883864436,8.597153539409854,3.4601073927533563,44.161174146359805,simulation_virtual_sample
combined,149.0625,115.0,-17.15457220000544,10.282054883864436,7.842402741636707,4.492262543140376,44.06336389960835,simulation_virtual_sample
combined,151.875,100.0,-17.6384252869671,9.427934736519957,15.994185796028379,-4.419559907018931,44.49197656302044,simulation_virtual_sample
combined,151.875,101.5,-17.6384252869671,9.427934736519957,15.235185262795614,-3.429169538668704,44.63185223058006,simulation_virtual_sample
combined,151.875,103.0,-17.6384252869671,9.427934736519957,14.267499825954332,-2.5565517734259298,44.73985642426148,simulation_virtual_sample
combined,151.875,104.5,-17.6384252869671,9.427934736519957,13.332273455046286,-1.7520161086410069,44.82190710830597,simulation_virtual_sample
combined,151.875,106.0,-17.6384252869671,9.427934736519957,12.442512887521545,-1.0428438594178935,44.8676043997825,simulation_virtual_sample
combined,151.875,107.5,-17.6384252869671,9.427934736519957,11.700970050375062,-0.1835804988338999,44.86167387710671,simulation_virtual_sample
combined,151.875,109.0,-17.6384252869671,9.427934736519957,10.95790267224451,0.6847800699175983,44.830123538933286,simulation_virtual_sample
combined,151.875,110.5,-17.6384252869671,9.427934736519957,10.10407746883827,1.4251206762465887,44.7386015503099,simulation_virtual_sample
combined,151.875,112.0,-17.6384252869671,9.427934736519957,9.19539690970108,2.2702480935075546,44.687411655530425,simulation_virtual_sample
combined,151.875,113.5,-17.6384252869671,9.427934736519957,8.247697453616883,3.189910908865544,44.6649101867466,simulation_virtual_sample
combined,151.875,115.0,-17.6384252869671,9.427934736519957,7.487893313171863,4.21927724657228,44.56820241908269,simulation_virtual_sample
combined,154.68749999999997,100.0,-18.079785862468864,8.551101868605649,16.38011246259215,-4.0860111264095496,44.93566000340673,simulation_virtual_sample
combined,154.68749999999997,101.5,-18.079785862468864,8.551101868605649,15.399406886542758,-3.25170665306531,45.06173320851754,simulation_virtual_sample
combined,154.68749999999997,103.0,-18.079785862468864,8.551101868605649,14.431320533514782,-2.3795221300579543,45.16868792869799,simulation_virtual_sample
combined,154.68749999999997,104.5,-18.079785862468864,8.551101868605649,13.496087568818195,-1.5751475596753675,45.25055579685049,simulation_virtual_sample
combined,154.68749999999997,106.0,-18.079785862468864,8.551101868605649,12.606755323428688,-0.8655128550947501,45.29737386917621,simulation_virtual_sample
combined,154.68749999999997,107.5,-18.079785862468864,8.551101868605649,11.691539283183912,-0.18042844215243295,45.32615833830648,simulation_virtual_sample
combined,154.68749999999997,109.0,-18.079785862468864,8.551101868605649,10.820771066641852,0.53847993727945,45.25039366063308,simulation_virtual_sample
combined,154.68749999999997,110.5,-18.079785862468864,8.551101868605649,9.967303931654278,1.2792025522410544,45.157774292180825,simulation_virtual_sample
combined,154.68749999999997,112.0,-18.079785862468864,8.551101868605649,9.058576730359205,2.1242802088807906,45.10672734260559,simulation_virtual_sample
combined,154.68749999999997,113.5,-18.079785862468864,8.551101868605649,8.110542759400422,3.0435861439243843,45.085251068607704,simulation_virtual_sample
combined,154.68749999999997,115.0,-18.079785862468864,8.551101868605649,7.146651215653156,3.9276256760137453,45.04708569015427,simulation_virtual_sample
combined,157.49999999999997,100.0,-18.47759065022573,7.653668647301806,16.631695130828803,-3.6453076880823243,45.23102997819005,simulation_virtual_sample
combined,157.49999999999997,101.5,-18.47759065022573,7.653668647301806,15.586114764913688,-3.0065134978130743,45.457048597976026,simulation_virtual_sample
combined,157.49999999999997,103.0,-18.47759065022573,7.653668647301806,14.595253284718984,-2.202371408917885,45.59781272843902,simulation_virtual_sample
combined,157.49999999999997,104.5,-18.47759065022573,7.653668647301806,13.660014754028085,-1.3981569285477942,45.67950035687085,simulation_virtual_sample
combined,157.49999999999997,106.0,-18.47759065022573,7.653668647301806,12.735150861306245,-0.7221899633374476,45.702051161105445,simulation_virtual_sample
combined,157.49999999999997,107.5,-18.47759065022573,7.653668647301806,11.673439851287002,-0.17610698060034963,45.62798456925971,simulation_virtual_sample
combined,157.49999999999997,109.0,-18.47759065022573,7.653668647301806,10.707042005910024,0.42185414842972485,45.647277716755774,simulation_virtual_sample
combined,157.49999999999997,110.5,-18.47759065022573,7.653668647301806,9.830436123145285,1.1331838539930523,45.57723594936822,simulation_virtual_sample
combined,157.49999999999997,112.0,-18.47759065022573,7.653668647301806,8.921662247544162,1.978211715713991,45.52633204352237,simulation_virtual_sample
combined,157.49999999999997,113.5,-18.47759065022573,7.653668647301806,7.944932934697785,2.83386172241174,45.475228565087626,simulation_virtual_sample
combined,157.49999999999997,115.0,-18.47759065022573,7.653668647301806,6.89949694887434,3.536163399489025,45.34986455681904,simulation_virtual_sample
combined,160.31250000000003,100.0,-18.830881303660416,6.737797067844397,16.88189343318462,-3.207029276915601,45.524774641825445,simulation_virtual_sample
combined,160.31250000000003,101.5,-18.830881303660416,6.737797067844397,15.836926334417331,-2.5671608117666267,45.75151326630514,simulation_virtual_sample
combined,160.31250000000003,103.0,-18.830881303660416,6.737797067844397,14.791959235650046,-1.9272923466176535,45.97825189078484,simulation_virtual_sample
combined,160.31250000000003,104.5,-18.830881303660416,6.737797067844397,13.778767663749058,-1.2639527318931099,46.07785686310592,simulation_virtual_sample
combined,160.31250000000003,106.0,-18.830881303660416,6.737797067844397,12.717101656695753,-0.7178804941665813,46.003039801540034,simulation_virtual_sample
combined,160.31250000000003,107.5,-18.830881303660416,6.737797067844397,11.655435649642445,-0.17180825644005251,45.92822273997413,simulation_virtual_sample
combined,160.31250000000003,109.0,-18.830881303660416,6.737797067844397,10.68860162254137,0.4259503442749887,45.947875122644184,simulation_virtual_sample
combined,160.31250000000003,110.5,-18.830881303660416,6.737797067844397,9.72273095046089,1.0242340032805615,45.96848717749913,simulation_virtual_sample
combined,160.31250000000003,112.0,-18.830881303660416,6.737797067844397,8.743371035805367,1.7403454589636136,45.90317986257261,simulation_virtual_sample
combined,160.31250000000003,113.5,-18.830881303660416,6.737797067844397,7.698536857967525,2.443600326641837,45.77707860326561,simulation_virtual_sample
combined,160.31250000000003,115.0,-18.830881303660416,6.737797067844397,6.653702680129683,3.1468551943200604,45.65097734395861,simulation_virtual_sample
combined,163.125,100.0,-19.138806714644176,5.805693545089248,17.131919404838758,-2.769052741602611,45.818316981050465,simulation_virtual_sample
combined,163.125,101.5,-19.138806714644176,5.805693545089248,16.087565150815323,-2.1281107415091647,46.0457751143016,simulation_virtual_sample
combined,163.125,103.0,-19.138806714644176,5.805693545089248,14.984070189865024,-1.5579367566188123,46.23708149806351,simulation_virtual_sample
combined,163.125,104.5,-19.138806714644176,5.805693545089248,13.807070030350609,-1.149571031852556,46.32555843492548,simulation_virtual_sample
combined,163.125,106.0,-19.138806714644176,5.805693545089248,12.699060523845871,-0.7135729522276488,46.30389383724797,simulation_virtual_sample
combined,163.125,107.5,-19.138806714644176,5.805693545089248,11.637439499632787,-0.1675114547064276,46.22832664157847,simulation_virtual_sample
combined,163.125,109.0,-19.138806714644176,5.805693545089248,10.670170240305099,0.43004454068237036,46.24832580072383,simulation_virtual_sample
combined,163.125,110.5,-19.138806714644176,5.805693545089248,9.6714038434267,0.9366024635775794,46.22937018541729,simulation_virtual_sample
combined,163.125,112.0,-19.138806714644176,5.805693545089248,8.55094784972983,1.418582376457143,46.17631703767017,simulation_virtual_sample
combined,163.125,113.5,-19.138806714644176,5.805693545089248,7.452310493055426,2.053607733735652,46.07872073424202,simulation_virtual_sample
combined,163.125,115.0,-19.138806714644176,5.805693545089248,6.408077708692013,2.757815135479564,45.951882731697765,simulation_virtual_sample
combined,165.9375,100.0,-19.400625063890878,4.859603598065282,17.382981741349315,-2.3292607809314876,46.11307606172931,simulation_virtual_sample
combined,165.9375,101.5,-19.400625063890878,4.859603598065282,16.25992724545542,-1.7825019993048914,46.292415697986165,simulation_virtual_sample
combined,165.9375,103.0,-19.400625063890878,4.859603598065282,15.062253527662554,-1.325363852898332,46.42580629902491,simulation_virtual_sample
combined,165.9375,104.5,-19.400625063890878,4.859603598065282,13.885229384825266,-0.9170839196115621,46.51421291988011,simulation_virtual_sample
combined,165.9375,106.0,-19.400625063890878,4.859603598065282,12.736885428306387,-0.5766631388000435,46.540141308820935,simulation_virtual_sample
combined,165.9375,107.5,-19.400625063890878,4.859603598065282,11.61936437866763,-0.16319579768773898,46.52974746329325,simulation_virtual_sample
combined,165.9375,109.0,-19.400625063890878,4.859603598065282,10.613207299880662,0.3266002903195901,46.501860850027164,simulation_virtual_sample
combined,165.9375,110.5,-19.400625063890878,4.859603598065282,9.584433183806308,0.7492115402356772,46.44521943514318,simulation_virtual_sample
combined,165.9375,112.0,-19.400625063890878,4.859603598065282,8.463948100808032,1.2311287759885652,46.39223848305275,simulation_virtual_sample
combined,165.9375,113.5,-19.400625063890878,4.859603598065282,7.278228534874924,1.7552306647962364,46.341861236992784,simulation_virtual_sample
combined,165.9375,115.0,-19.400625063890878,4.859603598065282,6.161434614670628,2.367162494385901,46.25403538093898,simulation_virtual_sample
combined,168.75,100.0,-19.61570560806461,3.9018064403225723,17.52881050702393,-1.8817533540608207,46.30551840265215,simulation_virtual_sample
combined,168.75,101.5,-19.61570560806461,3.9018064403225723,16.33813911749275,-1.5498442144423052,46.48120937703437,simulation_virtual_sample
combined,168.75,103.0,-19.61570560806461,3.9018064403225723,15.140273939697057,-1.0932756063805895,46.614137817567524,simulation_virtual_sample
combined,168.75,104.5,-19.61570560806461,3.9018064403225723,13.963225906664544,-0.6850811574452658,46.70247437309634,simulation_virtual_sample
combined,168.75,106.0,-19.61570560806461,3.9018064403225723,12.81508430411548,-0.34405846928164957,46.728891187053094,simulation_virtual_sample
combined,168.75,107.5,-19.61570560806461,3.9018064403225723,11.628642237522042,-0.14602624975234269,46.70449105907588,simulation_virtual_sample
combined,168.75,109.0,-19.61570560806461,3.9018064403225723,10.526187669482425,0.13910385232116665,46.717831638507654,simulation_virtual_sample
combined,168.75,110.5,-19.61570560806461,3.9018064403225723,9.497642134050599,0.5622076124452744,46.66062291781725,simulation_virtual_sample
combined,168.75,112.0,-19.61570560806461,3.9018064403225723,8.377128021825493,1.0440623005108902,46.60771401228665,simulation_virtual_sample
combined,168.75,113.5,-19.61570560806461,3.9018064403225723,7.191196187439208,1.5677068260927245,46.55786358741624,simulation_virtual_sample
combined,168.75,115.0,-19.61570560806461,3.9018064403225723,6.0027637916865535,1.9270945449186596,46.44075741163331,simulation_virtual_sample
combined,171.56249999999997,100.0,-19.78353019929562,2.934609489107245,17.594236927083326,-1.4330452096469726,46.419268005577344,simulation_virtual_sample
combined,171.56249999999997,101.5,-19.78353019929562,2.934609489107245,16.40770381457854,-1.168968132885315,46.61888389288996,simulation_virtual_sample
combined,171.56249999999997,103.0,-19.78353019929562,2.934609489107245,15.21850826225183,-0.8605510376970668,46.8029856893575,simulation_virtual_sample
combined,171.56249999999997,104.5,-19.78353019929562,2.934609489107245,14.041436316805152,-0.45244217874605297,46.8912520919291,simulation_virtual_sample
combined,171.56249999999997,106.0,-19.78353019929562,2.934609489107245,12.85375869454433,-0.2589545286997608,46.865114894150594,simulation_virtual_sample
combined,171.56249999999997,107.5,-19.78353019929562,2.934609489107245,11.647458781169966,-0.13488697020636972,46.81412054304177,simulation_virtual_sample
combined,171.56249999999997,109.0,-19.78353019929562,2.934609489107245,10.511545663820137,0.08774832251163454,46.8595919752446,simulation_virtual_sample
combined,171.56249999999997,110.5,-19.78353019929562,2.934609489107245,9.410611494312999,0.3746874532254927,46.876621029968184,simulation_virtual_sample
combined,171.56249999999997,112.0,-19.78353019929562,2.934609489107245,8.290068272724783,0.8564794209385754,46.82378436988466,simulation_virtual_sample
combined,171.56249999999997,113.5,-19.78353019929562,2.934609489107245,7.101259766873171,1.1837129222244096,46.69311810458942,simulation_virtual_sample
combined,171.56249999999997,115.0,-19.78353019929562,2.934609489107245,5.91168366457709,1.4544814477691825,46.53901199590639,simulation_virtual_sample
combined,174.37500000000003,100.0,-19.90369453344394,1.9603428065912079,17.659438247805642,-0.9858808438130376,46.532626253447695,simulation_virtual_sample
combined,174.37500000000003,101.5,-19.90369453344394,1.9603428065912079,16.473064966041292,-0.720707614229672,46.73252002060217,simulation_virtual_sample
combined,174.37500000000003,103.0,-19.90369453344394,1.9603428065912079,15.286691684276946,-0.45553438464630663,46.93241378775666,simulation_virtual_sample
combined,174.37500000000003,104.5,-19.90369453344394,1.9603428065912079,14.078915673160402,-0.37185881910979285,47.025974817292216,simulation_virtual_sample
combined,174.37500000000003,106.0,-19.90369453344394,1.9603428065912079,12.872561088875743,-0.24782362546321912,46.97466194096454,simulation_virtual_sample
combined,174.37500000000003,107.5,-19.90369453344394,1.9603428065912079,11.666206504591086,-0.12378843181664538,46.92334906463685,simulation_virtual_sample
combined,174.37500000000003,109.0,-19.90369453344394,1.9603428065912079,10.529313617621687,0.09743374025794051,46.96770413292423,simulation_virtual_sample
combined,174.37500000000003,110.5,-19.90369453344394,1.9603428065912079,9.396616563115407,0.3245264898571475,47.017838021528576,simulation_virtual_sample
combined,174.37500000000003,112.0,-19.90369453344394,1.9603428065912079,8.199624632259491,0.4396509731982506,46.94562023497357,simulation_virtual_sample
combined,174.37500000000003,113.5,-19.90369453344394,1.9603428065912079,7.0102707652704535,0.7115726736461717,46.79127438532401,simulation_virtual_sample
combined,174.37500000000003,115.0,-19.90369453344394,1.9603428065912079,5.820916898281418,0.9834943740940927,46.63692853567445,simulation_virtual_sample
combined,177.1875,100.0,-19.97590912410345,0.9813534865483593,17.724729484115887,-0.5380998179727076,46.64614082749963,simulation_virtual_sample
combined,177.1875,101.5,-19.97590912410345,0.9813534865483593,16.538516253505836,-0.2718289239230185,46.84631285770492,simulation_virtual_sample
combined,177.1875,103.0,-19.97590912410345,0.9813534865483593,15.286887852702348,-0.18858052669347,46.941325529194316,simulation_virtual_sample
combined,177.1875,104.5,-19.97590912410345,0.9813534865483593,14.064501570012373,-0.18804760596368114,47.02109425601201,simulation_virtual_sample
combined,177.1875,106.0,-19.97590912410345,0.9813534865483593,12.89138531861112,-0.23667979580016135,47.08433620583263,simulation_virtual_sample
combined,177.1875,107.5,-19.97590912410345,0.9813534865483593,11.684975999926309,-0.11267700458601736,47.03270443437965,simulation_virtual_sample
combined,177.1875,109.0,-19.97590912410345,0.9813534865483593,10.547099237805844,0.10712878805492797,47.07592378473423,simulation_virtual_sample
combined,177.1875,110.5,-19.97590912410345,0.9813534865483593,9.38820711393604,0.16552029665314455,47.050232482869774,simulation_virtual_sample
combined,177.1875,112.0,-19.97590912410345,0.9813534865483593,8.170996444497739,0.18299047493853576,46.983141127602245,simulation_virtual_sample
combined,177.1875,113.5,-19.97590912410345,0.9813534865483593,6.91915628569454,0.2387813221828355,46.889566028035816,simulation_virtual_sample
combined,177.1875,115.0,-19.97590912410345,0.9813534865483593,5.7300249604851485,0.5118577878145657,46.734980106806034,simulation_virtual_sample
