s_index,n_index,z_index,s_mm,n_mm,z_mm,material,tmax_c,t800_down_s,t500_down_s,t8_5_s,valid
0,0,0,-34.56,-35.21153846153846,-11.2,QT450-10,170.2349480861753,,,,False
0,0,1,-34.56,-35.21153846153846,-9.6,QT450-10,170.3621211045567,,,,False
0,0,2,-34.56,-35.21153846153846,-8.0,QT450-10,170.46974543793573,,,,False
0,0,3,-34.56,-35.21153846153846,-6.3999999999999995,QT450-10,170.5578150776105,,,,False
0,0,4,-34.56,-35.21153846153846,-4.8,QT450-10,170.62632308674847,,,,False
0,0,5,-34.56,-35.21153846153846,-3.1999999999999993,QT450-10,170.67526287775357,,,,False
0,0,6,-34.56,-35.21153846153846,-1.5999999999999996,QT450-10,170.70462908886148,,,,False
0,0,7,-34.56,-35.21153846153846,0.0,QT450-10,170.7144182294165,,,,False
0,0,8,-34.56,-35.21153846153846,1.6000000000000014,QT450-10,170.70462908886148,,,,False
0,0,9,-34.56,-35.21153846153846,3.200000000000001,QT450-10,170.67526287775357,,,,False
0,0,10,-34.56,-35.21153846153846,4.800000000000001,QT450-10,170.62632308674847,,,,False
0,0,11,-34.56,-35.21153846153846,6.400000000000002,QT450-10,170.5578150776105,,,,False
0,0,12,-34.56,-35.21153846153846,8.0,QT450-10,170.46974543793573,,,,False
0,0,13,-34.56,-35.21153846153846,9.600000000000001,QT450-10,170.3621211045567,,,,False
0,0,14,-34.56,-35.21153846153846,11.200000000000003,QT450-10,170.2349480861753,,,,False
0,1,0,-34.56,-33.63461538461539,-11.2,QT450-10,170.53513584463983,,,,False
0,1,1,-34.56,-33.63461538461539,-9.6,QT450-10,170.6626397119447,,,,False
0,1,2,-34.56,-33.63461538461539,-8.0,QT450-10,170.77054746335844,,,,False
0,1,3,-34.56,-33.63461538461539,-6.3999999999999995,QT450-10,170.85885064437176,,,,False
0,1,4,-34.56,-33.63461538461539,-4.8,QT450-10,170.92754120427657,,,,False
0,1,5,-34.56,-33.63461538461539,-3.1999999999999993,QT450-10,170.97661186501549,,,,False
0,1,6,-34.56,-33.63461538461539,-1.5999999999999996,QT450-10,171.0060567909507,,,,False
0,1,7,-34.56,-33.63461538461539,0.0,QT450-10,171.01587220244124,,,,False
0,1,8,-34.56,-33.63461538461539,1.6000000000000014,QT450-10,171.0060567909507,,,,False
0,1,9,-34.56,-33.63461538461539,3.200000000000001,QT450-10,170.97661186501549,,,,False
0,1,10,-34.56,-33.63461538461539,4.800000000000001,QT450-10,170.92754120427657,,,,False
0,1,11,-34.56,-33.63461538461539,6.400000000000002,QT450-10,170.85885064437176,,,,False
0,1,12,-34.56,-33.63461538461539,8.0,QT450-10,170.77054746335844,,,,False
0,1,13,-34.56,-33.63461538461539,9.600000000000001,QT450-10,170.6626397119447,,,,False
0,1,14,-34.56,-33.63461538461539,11.200000000000003,QT450-10,170.53513584463983,,,,False
0,2,0,-34.56,-32.05769230769231,-11.2,QT450-10,170.98891486631464,,,,False
0,2,1,-34.56,-32.05769230769231,-9.6,QT450-10,171.11692509695936,,,,False
0,2,2,-34.56,-32.05769230769231,-8.0,QT450-10,171.22526426868563,,,,False
0,2,3,-34.56,-32.05769230769231,-6.3999999999999995,QT450-10,171.3139227827453,,,,False
0,2,4,-34.56,-32.05769230769231,-4.8,QT450-10,171.3828912944443,,,,False
0,2,5,-34.56,-32.05769230769231,-3.1999999999999993,QT450-10,171.4321613905857,,,,False
0,2,6,-34.56,-32.05769230769231,-1.5999999999999996,QT450-10,171.46172635346485,,,,False
0,2,7,-34.56,-32.05769230769231,0.0,QT450-10,171.47158184166383,,,,False
0,2,8,-34.56,-32.05769230769231,1.6000000000000014,QT450-10,171.46172635346485,,,,False
0,2,9,-34.56,-32.05769230769231,3.200000000000001,QT450-10,171.4321613905857,,,,False
0,2,10,-34.56,-32.05769230769231,4.800000000000001,QT450-10,171.3828912944443,,,,False
0,2,11,-34.56,-32.05769230769231,6.400000000000002,QT450-10,171.3139227827453,,,,False
0,2,12,-34.56,-32.05769230769231,8.0,QT450-10,171.22526426868563,,,,False
0,2,13,-34.56,-32.05769230769231,9.600000000000001,QT450-10,171.11692509695936,,,,False
0,2,14,-34.56,-32.05769230769231,11.200000000000003,QT450-10,170.98891486631464,,,,False
0,3,0,-34.56,-30.48076923076923,-11.2,QT450-10,171.59207831836824,,,,False
0,3,1,-34.56,-30.48076923076923,-9.6,QT450-10,171.72076495456346,,,,False
0,3,2,-34.56,-30.48076923076923,-8.0,QT450-10,171.82968059749172,,,,False
0,3,3,-34.56,-30.48076923076923,-6.3999999999999995,QT450-10,171.91881410170876,,,,False
0,3,4,-34.56,-30.48076923076923,-4.8,QT450-10,171.98815438325957,,,,False
0,3,5,-34.56,-30.48076923076923,-3.1999999999999993,QT450-10,172.03769139069868,,,,False
0,3,6,-34.56,-30.48076923076923,-1.5999999999999996,QT450-10,172.0674170782241,,,,False
0,3,7,-34.56,-30.48076923076923,0.0,QT450-10,172.07732624107194,,,,False
0,3,8,-34.56,-30.48076923076923,1.6000000000000014,QT450-10,172.0674170782241,,,,False
0,3,9,-34.56,-30.48076923076923,3.200000000000001,QT450-10,172.03769139069868,,,,False
0,3,10,-34.56,-30.48076923076923,4.800000000000001,QT450-10,171.98815438325957,,,,False
0,3,11,-34.56,-30.48076923076923,6.400000000000002,QT450-10,171.91881410170876,,,,False
0,3,12,-34.56,-30.48076923076923,8.0,QT450-10,171.82968059749172,,,,False
0,3,13,-34.56,-30.48076923076923,9.600000000000001,QT450-10,171.72076495456346,,,,False
0,3,14,-34.56,-30.48076923076923,11.200000000000003,QT450-10,171.59207831836824,,,,False
0,4,0,-34.56,-28.903846153846153,-11.2,QT450-10,172.33823195411975,,,,False
0,4,1,-34.56,-28.903846153846153,-9.6,QT450-10,172.46775877789045,,,,False
0,4,2,-34.56,-28.903846153846153,-8.0,QT450-10,172.57739119830697,,,,False
0,4,3,-34.56,-28.903846153846153,-6.3999999999999995,QT450-10,172.6671158252819,,,,False
0,4,4,-34.56,-28.903846153846153,-4.8,QT450-10,172.73691915795743,,,,False
0,4,5,-34.56,-28.903846153846153,-3.1999999999999993,QT450-10,172.78678885087095,,,,False
0,4,6,-34.56,-28.903846153846153,-1.5999999999999996,QT450-10,172.81671497577221,,,,False
0,4,7,-34.56,-28.903846153846153,0.0,QT450-10,172.82669109418512,,,,False
0,4,8,-34.56,-28.903846153846153,1.6000000000000014,QT450-10,172.81671497577221,,,,False
0,4,9,-34.56,-28.903846153846153,3.200000000000001,QT450-10,172.78678885087095,,,,False
0,4,10,-34.56,-28.903846153846153,4.800000000000001,QT450-10,172.73691915795743,,,,False
0,4,11,-34.56,-28.903846153846153,6.400000000000002,QT450-10,172.6671158252819,,,,False
0,4,12,-34.56,-28.903846153846153,8.0,QT450-10,172.57739119830697,,,,False
0,4,13,-34.56,-28.903846153846153,9.600000000000001,QT450-10,172.46775877789045,,,,False
0,4,14,-34.56,-28.903846153846153,11.200000000000003,QT450-10,172.33823195411975,,,,False
0,5,0,-34.56,-27.326923076923077,-11.2,QT450-10,173.21883421876475,,,,False
0,5,1,-34.56,-27.326923076923077,-9.6,QT450-10,173.34935708118252,,,,False
0,5,2,-34.56,-27.326923076923077,-8.0,QT450-10,173.45984033888539,,,,False
0,5,3,-34.56,-27.326923076923077,-6.3999999999999995,QT450-10,173.5502675346018,,,,False
0,5,4,-34.56,-27.326923076923077,-4.8,QT450-10,173.62062185776404,,,,False
0,5,5,-34.56,-27.326923076923077,-3.1999999999999993,QT450-10,173.67088780136686,,,,False
0,5,6,-34.56,-27.326923076923077,-1.5999999999999996,QT450-10,173.7010528269978,,,,False
0,5,7,-34.56,-27.326923076923077,0.0,QT450-10,173.7111087786037,,,,False
0,5,8,-34.56,-27.326923076923077,1.6000000000000014,QT450-10,173.7010528269978,,,,False
0,5,9,-34.56,-27.326923076923077,3.200000000000001,QT450-10,173.67088780136686,,,,False
0,5,10,-34.56,-27.326923076923077,4.800000000000001,QT450-10,173.62062185776404,,,,False
0,5,11,-34.56,-27.326923076923077,6.400000000000002,QT450-10,173.5502675346018,,,,False
0,5,12,-34.56,-27.326923076923077,8.0,QT450-10,173.45984033888539,,,,False
0,5,13,-34.56,-27.326923076923077,9.600000000000001,QT450-10,173.34935708118252,,,,False
0,5,14,-34.56,-27.326923076923077,11.200000000000003,QT450-10,173.21883421876475,,,,False
0,6,0,-34.56,-25.75,-11.2,QT450-10,174.22325346495452,,,,False
0,6,1,-34.56,-25.75,-9.6,QT450-10,174.35491842969404,,,,False
0,6,2,-34.56,-25.75,-8.0,QT450-10,174.46637897008034,,,,False
0,6,3,-34.56,-25.75,-6.3999999999999995,QT450-10,174.5576145491927,,,,False
0,6,4,-34.56,-25.75,-4.8,QT450-10,174.6286038656664,,,,False
0,6,5,-34.56,-25.75,-3.1999999999999993,QT450-10,174.6793270797151,,,,False
0,6,6,-34.56,-25.75,-1.5999999999999996,QT450-10,174.7097680568238,,,,False
0,6,7,-34.56,-25.75,0.0,QT450-10,174.71991626830007,,,,False
0,6,8,-34.56,-25.75,1.6000000000000014,QT450-10,174.7097680568238,,,,False
0,6,9,-34.56,-25.75,3.200000000000001,QT450-10,174.6793270797151,,,,False
0,6,10,-34.56,-25.75,4.800000000000001,QT450-10,174.6286038656664,,,,False
0,6,11,-34.56,-25.75,6.400000000000002,QT450-10,174.5576145491927,,,,False
0,6,12,-34.56,-25.75,8.0,QT450-10,174.46637897008034,,,,False
0,6,13,-34.56,-25.75,9.600000000000001,QT450-10,174.35491842969404,,,,False
0,6,14,-34.56,-25.75,11.200000000000003,QT450-10,174.22325346495452,,,,False
0,7,0,-34.56,-24.173076923076923,-11.2,QT450-10,175.3388449704955,,,,False
0,7,1,-34.56,-24.173076923076923,-9.6,QT450-10,175.4717865053328,,,,False
0,7,2,-34.56,-24.173076923076923,-8.0,QT450-10,175.58434200173207,,,,False
0,7,3,-34.56,-24.173076923076923,-6.3999999999999995,QT450-10,175.6764855010157,,,,False
0,7,4,-34.56,-24.173076923076923,-4.8,QT450-10,175.74818958933386,,,,False
0,7,5,-34.56,-24.173076923076923,-3.1999999999999993,QT450-10,175.7994284695303,,,,False
0,7,6,-34.56,-24.173076923076923,-1.5999999999999996,QT450-10,175.83018104294376,,,,False
0,7,7,-34.56,-24.173076923076923,0.0,QT450-10,175.84043350149466,,,,False
0,7,8,-34.56,-24.173076923076923,1.6000000000000014,QT450-10,175.83018104294376,,,,False
0,7,9,-34.56,-24.173076923076923,3.200000000000001,QT450-10,175.7994284695303,,,,False
0,7,10,-34.56,-24.173076923076923,4.800000000000001,QT450-10,175.74818958933386,,,,False
0,7,11,-34.56,-24.173076923076923,6.400000000000002,QT450-10,175.6764855010157,,,,False
0,7,12,-34.56,-24.173076923076923,8.0,QT450-10,175.58434200173207,,,,False
0,7,13,-34.56,-24.173076923076923,9.600000000000001,QT450-10,175.4717865053328,,,,False
0,7,14,-34.56,-24.173076923076923,11.200000000000003,QT450-10,175.3388449704955,,,,False
0,8,0,-34.56,-22.596153846153847,-11.2,QT450-10,176.55105050762901,,,,False
0,8,1,-34.56,-22.596153846153847,-9.6,QT450-10,176.68538986576434,,,,False
0,8,2,-34.56,-22.596153846153847,-8.0,QT450-10,176.7991484252729,,,,False
0,8,3,-34.56,-22.596153846153847,-6.3999999999999995,QT450-10,176.8922929167599,,,,False
0,8,4,-34.56,-22.596153846153847,-4.8,QT450-10,176.9647875055983,,,,False
0,8,5,-34.56,-22.596153846153847,-3.1999999999999993,QT450-10,177.01659812998506,,,,False
0,8,6,-34.56,-22.596153846153847,-1.5999999999999996,QT450-10,177.0476967972977,,,,False
0,8,7,-34.56,-22.596153846153847,0.0,QT450-10,177.05806514950015,,,,False
0,8,8,-34.56,-22.596153846153847,1.6000000000000014,QT450-10,177.0476967972977,,,,False
0,8,9,-34.56,-22.596153846153847,3.200000000000001,QT450-10,177.01659812998506,,,,False
0,8,10,-34.56,-22.596153846153847,4.800000000000001,QT450-10,176.9647875055983,,,,False
0,8,11,-34.56,-22.596153846153847,6.400000000000002,QT450-10,176.8922929167599,,,,False
0,8,12,-34.56,-22.596153846153847,8.0,QT450-10,176.7991484252729,,,,False
0,8,13,-34.56,-22.596153846153847,9.600000000000001,QT450-10,176.68538986576434,,,,False
0,8,14,-34.56,-22.596153846153847,11.200000000000003,QT450-10,176.55105050762901,,,,False
0,9,0,-34.56,-21.01923076923077,-11.2,QT450-10,177.84352314716716,,,,False
0,9,1,-34.56,-21.01923076923077,-9.6,QT450-10,177.97936709856575,,,,False
0,9,2,-34.56,-21.01923076923077,-8.0,QT450-10,178.0944270649156,,,,False
0,9,3,-34.56,-21.01923076923077,-6.3999999999999995,QT450-10,178.18865968517093,,,,False
0,9,4,-34.56,-21.01923076923077,-4.8,QT450-10,178.26201732565275,,,,False
0,9,5,-34.56,-21.01923076923077,-3.1999999999999993,QT450-10,178.31445432933137,,,,False
0,9,6,-34.56,-21.01923076923077,-1.5999999999999996,QT450-10,178.34593306562965,,,,False
0,9,7,-34.56,-21.01923076923077,0.0,QT450-10,178.35642884208383,,,,False
0,9,8,-34.56,-21.01923076923077,1.6000000000000014,QT450-10,178.34593306562965,,,,False
0,9,9,-34.56,-21.01923076923077,3.200000000000001,QT450-10,178.31445432933137,,,,False
0,9,10,-34.56,-21.01923076923077,4.800000000000001,QT450-10,178.26201732565275,,,,False
0,9,11,-34.56,-21.01923076923077,6.400000000000002,QT450-10,178.18865968517093,,,,False
0,9,12,-34.56,-21.01923076923077,8.0,QT450-10,178.0944270649156,,,,False
0,9,13,-34.56,-21.01923076923077,9.600000000000001,QT450-10,177.97936709856575,,,,False
0,9,14,-34.56,-21.01923076923077,11.200000000000003,QT450-10,177.84352314716716,,,,False
0,10,0,-34.56,-19.442307692307693,-11.2,QT450-10,179.19827965885722,,,,False
0,10,1,-34.56,-19.442307692307693,-9.6,QT450-10,179.33571980813488,,,,False
0,10,2,-34.56,-19.442307692307693,-8.0,QT450-10,179.45217052422936,,,,False
0,10,3,-34.56,-19.442307692307693,-6.3999999999999995,QT450-10,179.54757411332355,,,,False
0,10,4,-34.56,-19.442307692307693,-4.8,QT450-10,179.62186609561948,,,,False
0,10,5,-34.56,-19.442307692307693,-3.1999999999999993,QT450-10,179.67498436957476,,,,False
0,10,6,-34.56,-19.442307692307693,-1.5999999999999996,QT450-10,179.70687777012992,,,,False
0,10,7,-34.56,-19.442307692307693,0.0,QT450-10,179.71751278574723,,,,False
0,10,8,-34.56,-19.442307692307693,1.6000000000000014,QT450-10,179.70687777012992,,,,False
0,10,9,-34.56,-19.442307692307693,3.200000000000001,QT450-10,179.67498436957476,,,,False
0,10,10,-34.56,-19.442307692307693,4.800000000000001,QT450-10,179.62186609561948,,,,False
0,10,11,-34.56,-19.442307692307693,6.400000000000002,QT450-10,179.54757411332355,,,,False
0,10,12,-34.56,-19.442307692307693,8.0,QT450-10,179.45217052422936,,,,False
0,10,13,-34.56,-19.442307692307693,9.600000000000001,QT450-10,179.33571980813488,,,,False
0,10,14,-34.56,-19.442307692307693,11.200000000000003,QT450-10,179.19827965885722,,,,False
0,11,0,-34.56,-17.865384615384617,-11.2,QT450-10,180.59588222038175,,,,False
0,11,1,-34.56,-17.865384615384617,-9.6,QT450-10,180.73499529473685,,,,False
0,11,2,-34.56,-17.865384615384617,-8.0,QT450-10,180.85291940831368,,,,False
0,11,3,-34.56,-17.865384615384617,-6.3999999999999995,QT450-10,180.94957586416746,,,,False
0,11,4,-34.56,-17.865384615384617,-4.8,QT450-10,181.02487567709161,,,,False
0,11,5,-34.56,-17.865384615384617,-3.1999999999999993,QT450-10,181.07873323162937,,,,False
0,11,6,-34.56,-17.865384615384617,-1.5999999999999996,QT450-10,181.11107836034662,,,,False
0,11,7,-34.56,-17.865384615384617,0.0,QT450-10,181.12186534902054,,,,False
0,11,8,-34.56,-17.865384615384617,1.6000000000000014,QT450-10,181.11107836034662,,,,False
0,11,9,-34.56,-17.865384615384617,3.200000000000001,QT450-10,181.07873323162937,,,,False
0,11,10,-34.56,-17.865384615384617,4.800000000000001,QT450-10,181.02487567709161,,,,False
0,11,11,-34.56,-17.865384615384617,6.400000000000002,QT450-10,180.94957586416746,,,,False
0,11,12,-34.56,-17.865384615384617,8.0,QT450-10,180.85291940831368,,,,False
0,11,13,-34.56,-17.865384615384617,9.600000000000001,QT450-10,180.73499529473685,,,,False
0,11,14,-34.56,-17.865384615384617,11.200000000000003,QT450-10,180.59588222038175,,,,False
0,12,0,-34.56,-16.28846153846154,-11.2,QT450-10,182.0156501000071,,,,False
0,12,1,-34.56,-16.28846153846154,-9.6,QT450-10,182.15649986900246,,,,False
0,12,2,-34.56,-16.28846153846154,-8.0,QT450-10,182.27597815686286,,,,False
0,12,3,-34.56,-16.28846153846154,-6.3999999999999995,QT450-10,182.37397444673246,,,,False
0,12,4,-34.56,-16.28846153846154,-4.8,QT450-10,182.45036347978106,,,,False
0,12,5,-34.56,-16.28846153846154,-3.1999999999999993,QT450-10,182.5050258915573,,,,False
0,12,6,-34.56,-16.28846153846154,-1.5999999999999996,QT450-10,182.5378650352731,,,,False
0,12,7,-34.56,-16.28846153846154,0.0,QT450-10,182.54881857519217,,,,False
0,12,8,-34.56,-16.28846153846154,1.6000000000000014,QT450-10,182.5378650352731,,,,False
0,12,9,-34.56,-16.28846153846154,3.200000000000001,QT450-10,182.5050258915573,,,,False
0,12,10,-34.56,-16.28846153846154,4.800000000000001,QT450-10,182.45036347978106,,,,False
0,12,11,-34.56,-16.28846153846154,6.400000000000002,QT450-10,182.37397444673246,,,,False
0,12,12,-34.56,-16.28846153846154,8.0,QT450-10,182.27597815686286,,,,False
0,12,13,-34.56,-16.28846153846154,9.600000000000001,QT450-10,182.15649986900246,,,,False
0,12,14,-34.56,-16.28846153846154,11.200000000000003,QT450-10,182.0156501000071,,,,False
0,13,0,-34.56,-14.711538461538463,-11.2,QT450-10,183.43590041570377,,,,False
0,13,1,-34.56,-14.711538461538463,-9.6,QT450-10,183.5785424645486,,,,False
0,13,2,-34.56,-14.711538461538463,-8.0,QT450-10,183.69966287754528,,,,False
0,13,3,-34.56,-14.711538461538463,-6.3999999999999995,QT450-10,183.79910118472307,,,,False
0,13,4,-34.56,-14.711538461538463,-4.8,QT450-10,183.87667760781943,,,,False
0,13,5,-34.56,-14.711538461538463,-3.1999999999999993,QT450-10,183.93222448674868,,,,False
0,13,6,-34.56,-14.711538461538463,-1.5999999999999996,QT450-10,183.96560895411662,,,,False
0,13,7,-34.56,-14.711538461538463,0.0,QT450-10,183.97674670683824,,,,False
0,13,8,-34.56,-14.711538461538463,1.6000000000000014,QT450-10,183.96560895411662,,,,False
0,13,9,-34.56,-14.711538461538463,3.200000000000001,QT450-10,183.93222448674868,,,,False
0,13,10,-34.56,-14.711538461538463,4.800000000000001,QT450-10,183.87667760781943,,,,False
0,13,11,-34.56,-14.711538461538463,6.400000000000002,QT450-10,183.79910118472307,,,,False
0,13,12,-34.56,-14.711538461538463,8.0,QT450-10,183.69966287754528,,,,False
0,13,13,-34.56,-14.711538461538463,9.600000000000001,QT450-10,183.5785424645486,,,,False
0,13,14,-34.56,-14.711538461538463,11.200000000000003,QT450-10,183.43590041570377,,,,False
0,14,0,-34.56,-13.134615384615387,-11.2,QT450-10,184.8342147494223,,,,False
0,14,1,-34.56,-13.134615384615387,-9.6,QT450-10,184.97870654235203,,,,False
0,14,2,-34.56,-13.134615384615387,-8.0,QT450-10,185.10158058037362,,,,False
0,14,3,-34.56,-13.134615384615387,-6.3999999999999995,QT450-10,185.2025949062478,,,,False
0,14,4,-34.56,-13.134615384615387,-4.8,QT450-10,185.28148685291765,,,,False
0,14,5,-34.56,-13.134615384615387,-3.1999999999999993,QT450-10,185.33802058519103,,,,False
0,14,6,-34.56,-13.134615384615387,-1.5999999999999996,QT450-10,185.3720154499858,,,,False
0,14,7,-34.56,-13.134615384615387,0.0,QT450-10,185.38335963560056,,,,False
0,14,8,-34.56,-13.134615384615387,1.6000000000000014,QT450-10,185.3720154499858,,,,False
0,14,9,-34.56,-13.134615384615387,3.200000000000001,QT450-10,185.33802058519103,,,,False
0,14,10,-34.56,-13.134615384615387,4.800000000000001,QT450-10,185.28148685291765,,,,False
0,14,11,-34.56,-13.134615384615387,6.400000000000002,QT450-10,185.2025949062478,,,,False
0,14,12,-34.56,-13.134615384615387,8.0,QT450-10,185.10158058037362,,,,False
0,14,13,-34.56,-13.134615384615387,9.600000000000001,QT450-10,184.97870654235203,,,,False
0,14,14,-34.56,-13.134615384615387,11.200000000000003,QT450-10,184.8342147494223,,,,False
0,15,0,-34.56,-11.55769230769231,-11.2,QT450-10,186.18772471473568,,,,False
0,15,1,-34.56,-11.55769230769231,-9.6,QT450-10,186.3341462432435,,,,False
0,15,2,-34.56,-11.55769230769231,-8.0,QT450-10,186.45893858947417,,,,False
0,15,3,-34.56,-11.55769230769231,-6.3999999999999995,QT450-10,186.56172136118298,,,,False
0,15,4,-34.56,-11.55769230769231,-4.8,QT450-10,186.64210541211608,,,,False
0,15,5,-34.56,-11.55769230769231,-3.1999999999999993,QT450-10,186.6997617553399,,,,False
0,15,6,-34.56,-11.55769230769231,-1.5999999999999996,QT450-10,186.73445083638845,,,,False
0,15,7,-34.56,-11.55769230769231,0.0,QT450-10,186.7460296371386,,,,False
0,15,8,-34.56,-11.55769230769231,1.6000000000000014,QT450-10,186.73445083638845,,,,False
0,15,9,-34.56,-11.55769230769231,3.200000000000001,QT450-10,186.6997617553399,,,,False
0,15,10,-34.56,-11.55769230769231,4.800000000000001,QT450-10,186.64210541211608,,,,False
0,15,11,-34.56,-11.55769230769231,6.400000000000002,QT450-10,186.56172136118298,,,,False
0,15,12,-34.56,-11.55769230769231,8.0,QT450-10,186.45893858947417,,,,False
0,15,13,-34.56,-11.55769230769231,9.600000000000001,QT450-10,186.3341462432435,,,,False
0,15,14,-34.56,-11.55769230769231,11.200000000000003,QT450-10,186.18772471473568,,,,False
0,16,0,-34.56,-9.98076923076923,-11.2,QT450-10,187.47340300030245,,,,False
0,16,1,-34.56,-9.98076923076923,-9.6,QT450-10,187.62190062401802,,,,False
0,16,2,-34.56,-9.98076923076923,-8.0,QT450-10,187.74888370325903,,,,False
0,16,3,-34.56,-9.98076923076923,-6.3999999999999995,QT450-10,187.85372732806434,,,,False
0,16,4,-34.56,-9.98076923076923,-4.8,QT450-10,187.93585205930535,,,,False
0,16,5,-34.56,-9.98076923076923,-3.1999999999999993,QT450-10,187.99481037996068,,,,False
0,16,6,-34.56,-9.98076923076923,-1.5999999999999996,QT450-10,188.0302994781341,,,,False
0,16,7,-34.56,-9.98076923076923,0.0,QT450-10,188.0421476241344,,,,False
0,16,8,-34.56,-9.98076923076923,1.6000000000000014,QT450-10,188.0302994781341,,,,False
0,16,9,-34.56,-9.98076923076923,3.200000000000001,QT450-10,187.99481037996068,,,,False
0,16,10,-34.56,-9.98076923076923,4.800000000000001,QT450-10,187.93585205930535,,,,False
0,16,11,-34.56,-9.98076923076923,6.400000000000002,QT450-10,187.85372732806434,,,,False
0,16,12,-34.56,-9.98076923076923,8.0,QT450-10,187.74888370325903,,,,False
0,16,13,-34.56,-9.98076923076923,9.600000000000001,QT450-10,187.62190062401802,,,,False
0,16,14,-34.56,-9.98076923076923,11.200000000000003,QT450-10,187.47340300030245,,,,False
0,17,0,-34.56,-8.403846153846153,-11.2,QT450-10,188.6683326841811,,,,False
0,17,1,-34.56,-8.403846153846153,-9.6,QT450-10,188.81921917904705,,,,False
0,17,2,-34.56,-8.403846153846153,-8.0,QT450-10,188.94887563381056,,,,False
0,17,3,-34.56,-8.403846153846153,-6.3999999999999995,QT450-10,189.05623381767523,,,,False
0,17,4,-34.56,-8.403846153846153,-4.8,QT450-10,189.14044383100034,,,,False
0,17,5,-34.56,-8.403846153846153,-3.1999999999999993,QT450-10,189.20093084920038,,,,False
0,17,6,-34.56,-8.403846153846153,-1.5999999999999996,QT450-10,189.237345018289,,,,False
0,17,7,-34.56,-8.403846153846153,0.0,QT450-10,189.24950211923138,,,,False
0,17,8,-34.56,-8.403846153846153,1.6000000000000014,QT450-10,189.237345018289,,,,False
0,17,9,-34.56,-8.403846153846153,3.200000000000001,QT450-10,189.20093084920038,,,,False
0,17,10,-34.56,-8.403846153846153,4.800000000000001,QT450-10,189.14044383100034,,,,False
0,17,11,-34.56,-8.403846153846153,6.400000000000002,QT450-10,189.05623381767523,,,,False
0,17,12,-34.56,-8.403846153846153,8.0,QT450-10,188.94887563381056,,,,False
0,17,13,-34.56,-8.403846153846153,9.600000000000001,QT450-10,188.81921917904705,,,,False
0,17,14,-34.56,-8.403846153846153,11.200000000000003,QT450-10,188.6683326841811,,,,False
0,18,0,-34.56,-6.826923076923077,-11.2,QT450-10,189.74989409843275,,,,False
0,18,1,-34.56,-6.826923076923077,-9.6,QT450-10,189.90390007377061,,,,False
0,18,2,-34.56,-6.826923076923077,-8.0,QT450-10,190.0371153602752,,,,False
0,18,3,-34.56,-6.826923076923077,-6.3999999999999995,QT450-10,190.14768034482353,,,,False
0,18,4,-34.56,-6.826923076923077,-4.8,QT450-10,190.23442423196346,,,,False
0,18,5,-34.56,-6.826923076923077,-3.1999999999999993,QT450-10,190.2966978567586,,,,False
0,18,6,-34.56,-6.826923076923077,-1.5999999999999996,QT450-10,190.3341653981463,,,,False
0,18,7,-34.56,-6.826923076923077,0.0,QT450-10,190.34666981482673,,,,False
0,18,8,-34.56,-6.826923076923077,1.6000000000000014,QT450-10,190.3341653981463,,,,False
0,18,9,-34.56,-6.826923076923077,3.200000000000001,QT450-10,190.2966978567586,,,,False
0,18,10,-34.56,-6.826923076923077,4.800000000000001,QT450-10,190.23442423196346,,,,False
0,18,11,-34.56,-6.826923076923077,6.400000000000002,QT450-10,190.14768034482353,,,,False
0,18,12,-34.56,-6.826923076923077,8.0,QT450-10,190.0371153602752,,,,False
0,18,13,-34.56,-6.826923076923077,9.600000000000001,QT450-10,189.90390007377061,,,,False
0,18,14,-34.56,-6.826923076923077,11.200000000000003,QT450-10,189.74989409843275,,,,False
0,19,0,-34.56,-5.25,-11.2,QT450-10,190.69571476699312,,,,False
0,19,1,-34.56,-5.25,-9.6,QT450-10,190.85469257096338,,,,False
0,19,2,-34.56,-5.25,-8.0,QT450-10,190.99309228925173,,,,False
0,19,3,-34.56,-5.25,-6.3999999999999995,QT450-10,191.1078431010854,,,,False
0,19,4,-34.56,-5.25,-4.8,QT450-10,191.19762147033003,,,,False
0,19,5,-34.56,-5.25,-3.1999999999999993,QT450-10,191.26191116038814,,,,False
0,19,6,-34.56,-5.25,-1.5999999999999996,QT450-10,191.30052493250025,,,,False
0,19,7,-34.56,-5.25,0.0,QT450-10,191.31340088817376,,,,False
0,19,8,-34.56,-5.25,1.6000000000000014,QT450-10,191.30052493250025,,,,False
0,19,9,-34.56,-5.25,3.200000000000001,QT450-10,191.26191116038814,,,,False
0,19,10,-34.56,-5.25,4.800000000000001,QT450-10,191.19762147033003,,,,False
0,19,11,-34.56,-5.25,6.400000000000002,QT450-10,191.1078431010854,,,,False
0,19,12,-34.56,-5.25,8.0,QT450-10,190.99309228925173,,,,False
0,19,13,-34.56,-5.25,9.600000000000001,QT450-10,190.85469257096338,,,,False
0,19,14,-34.56,-5.25,11.200000000000003,QT450-10,190.69571476699312,,,,False
0,20,0,-34.56,-3.673076923076927,-11.2,QT450-10,191.48293435909682,,,,False
0,20,1,-34.56,-3.673076923076927,-9.6,QT450-10,191.65205333469896,,,,False
0,20,2,-34.56,-3.673076923076927,-8.0,QT450-10,191.79840940372173,,,,False
0,20,3,-34.56,-3.673076923076927,-6.3999999999999995,QT450-10,191.9184475273355,,,,False
0,20,4,-34.56,-3.673076923076927,-4.8,QT450-10,192.01161125287805,,,,False
0,20,5,-34.56,-3.673076923076927,-3.1999999999999993,QT450-10,192.07798720958348,,,,False
0,20,6,-34.56,-3.673076923076927,-1.5999999999999996,QT450-10,192.11773861044801,,,,False
0,20,7,-34.56,-3.673076923076927,0.0,QT450-10,192.1309765910008,,,,False
0,20,8,-34.56,-3.673076923076927,1.6000000000000014,QT450-10,192.11773861044801,,,,False
0,20,9,-34.56,-3.673076923076927,3.200000000000001,QT450-10,192.07798720958348,,,,False
0,20,10,-34.56,-3.673076923076927,4.800000000000001,QT450-10,192.01161125287805,,,,False
0,20,11,-34.56,-3.673076923076927,6.400000000000002,QT450-10,191.9184475273355,,,,False
0,20,12,-34.56,-3.673076923076927,8.0,QT450-10,191.79840940372173,,,,False
0,20,13,-34.56,-3.673076923076927,9.600000000000001,QT450-10,191.65205333469896,,,,False
0,20,14,-34.56,-3.673076923076927,11.200000000000003,QT450-10,191.48293435909682,,,,False
0,21,0,-34.56,-2.0961538461538467,-11.2,ERNiFe-CI,192.25022577091556,,,,False
0,21,1,-34.56,-2.0961538461538467,-9.6,ERNiFe-CI,192.45267863804943,,,,False
0,21,2,-34.56,-2.0961538461538467,-8.0,ERNiFe-CI,192.6132431156919,,,,False
0,21,3,-34.56,-2.0961538461538467,-6.3999999999999995,ERNiFe-CI,192.7404250380694,,,,False
0,21,4,-34.56,-2.0961538461538467,-4.8,ERNiFe-CI,192.8375675871862,,,,False
0,21,5,-34.56,-2.0961538461538467,-3.1999999999999993,ERNiFe-CI,192.906232430902,,,,False
0,21,6,-34.56,-2.0961538461538467,-1.5999999999999996,ERNiFe-CI,192.94719327661514,,,,False
0,21,7,-34.56,-2.0961538461538467,0.0,ERNiFe-CI,192.96081162543618,,,,False
0,21,8,-34.56,-2.0961538461538467,1.6000000000000014,ERNiFe-CI,192.94719327661514,,,,False
0,21,9,-34.56,-2.0961538461538467,3.200000000000001,ERNiFe-CI,192.906232430902,,,,False
0,21,10,-34.56,-2.0961538461538467,4.800000000000001,ERNiFe-CI,192.8375675871862,,,,False
0,21,11,-34.56,-2.0961538461538467,6.400000000000002,ERNiFe-CI,192.7404250380694,,,,False
0,21,12,-34.56,-2.0961538461538467,8.0,ERNiFe-CI,192.6132431156919,,,,False
0,21,13,-34.56,-2.0961538461538467,9.600000000000001,ERNiFe-CI,192.45267863804943,,,,False
0,21,14,-34.56,-2.0961538461538467,11.200000000000003,ERNiFe-CI,192.25022577091556,,,,False
0,22,0,-34.56,-0.5192307692307736,-11.2,ERNiFe-CI,193.05286116702484,,,,False
0,22,1,-34.56,-0.5192307692307736,-9.6,ERNiFe-CI,193.26801244281353,,,,False
0,22,2,-34.56,-0.5192307692307736,-8.0,ERNiFe-CI,193.43727987799963,,,,False
0,22,3,-34.56,-0.5192307692307736,-6.3999999999999995,ERNiFe-CI,193.56964260866454,,,,False
0,22,4,-34.56,-0.5192307692307736,-4.8,ERNiFe-CI,193.66989962275548,,,,False
0,22,5,-34.56,-0.5192307692307736,-3.1999999999999993,ERNiFe-CI,193.74044413086887,,,,False
0,22,6,-34.56,-0.5192307692307736,-1.5999999999999996,ERNiFe-CI,193.78243119975235,,,,False
0,22,7,-34.56,-0.5192307692307736,0.0,ERNiFe-CI,193.7963778246608,,,,False
0,22,8,-34.56,-0.5192307692307736,1.6000000000000014,ERNiFe-CI,193.78243119975235,,,,False
0,22,9,-34.56,-0.5192307692307736,3.200000000000001,ERNiFe-CI,193.74044413086887,,,,False
0,22,10,-34.56,-0.5192307692307736,4.800000000000001,ERNiFe-CI,193.66989962275548,,,,False
0,22,11,-34.56,-0.5192307692307736,6.400000000000002,ERNiFe-CI,193.56964260866454,,,,False
0,22,12,-34.56,-0.5192307692307736,8.0,ERNiFe-CI,193.43727987799963,,,,False
0,22,13,-34.56,-0.5192307692307736,9.600000000000001,ERNiFe-CI,193.26801244281353,,,,False
0,22,14,-34.56,-0.5192307692307736,11.200000000000003,ERNiFe-CI,193.05286116702484,,,,False
0,23,0,-34.56,1.0576923076923066,-11.2,ERNiFe-CI,193.6892526587236,,,,False
0,23,1,-34.56,1.0576923076923066,-9.6,ERNiFe-CI,193.90381402241775,,,,False
0,23,2,-34.56,1.0576923076923066,-8.0,ERNiFe-CI,194.0727285441183,,,,False
0,23,3,-34.56,1.0576923076923066,-6.3999999999999995,ERNiFe-CI,194.20533214296907,,,,False
0,23,4,-34.56,1.0576923076923066,-4.8,ERNiFe-CI,194.30615581047417,,,,False
0,23,5,-34.56,1.0576923076923066,-3.1999999999999993,ERNiFe-CI,194.37729372271056,,,,False
0,23,6,-34.56,1.0576923076923066,-1.5999999999999996,ERNiFe-CI,194.41970393394348,,,,False
0,23,7,-34.56,1.0576923076923066,0.0,ERNiFe-CI,194.43380180095969,,,,False
0,23,8,-34.56,1.0576923076923066,1.6000000000000014,ERNiFe-CI,194.41970393394348,,,,False
0,23,9,-34.56,1.0576923076923066,3.200000000000001,ERNiFe-CI,194.37729372271056,,,,False
0,23,10,-34.56,1.0576923076923066,4.800000000000001,ERNiFe-CI,194.30615581047417,,,,False
0,23,11,-34.56,1.0576923076923066,6.400000000000002,ERNiFe-CI,194.20533214296907,,,,False
0,23,12,-34.56,1.0576923076923066,8.0,ERNiFe-CI,194.0727285441183,,,,False
0,23,13,-34.56,1.0576923076923066,9.600000000000001,ERNiFe-CI,193.90381402241775,,,,False
0,23,14,-34.56,1.0576923076923066,11.200000000000003,ERNiFe-CI,193.6892526587236,,,,False
0,24,0,-34.56,2.634615384615387,-11.2,ERNiFe-CI,194.15715267626896,,,,False
0,24,1,-34.56,2.634615384615387,-9.6,ERNiFe-CI,194.35575748184573,,,,False
0,24,2,-34.56,2.634615384615387,-8.0,ERNiFe-CI,194.5150026970775,,,,False
0,24,3,-34.56,2.634615384615387,-6.3999999999999995,ERNiFe-CI,194.6432832826773,,,,False
0,24,4,-34.56,2.634615384615387,-4.8,ERNiFe-CI,194.74254035128044,,,,False
0,24,5,-34.56,2.634615384615387,-3.1999999999999993,ERNiFe-CI,194.8132864881096,,,,False
0,24,6,-34.56,2.634615384615387,-1.5999999999999996,ERNiFe-CI,194.8556906502189,,,,False
0,24,7,-34.56,2.634615384615387,0.0,ERNiFe-CI,194.86981908571224,,,,False
0,24,8,-34.56,2.634615384615387,1.6000000000000014,ERNiFe-CI,194.8556906502189,,,,False
0,24,9,-34.56,2.634615384615387,3.200000000000001,ERNiFe-CI,194.8132864881096,,,,False
0,24,10,-34.56,2.634615384615387,4.800000000000001,ERNiFe-CI,194.74254035128044,,,,False
0,24,11,-34.56,2.634615384615387,6.400000000000002,ERNiFe-CI,194.6432832826773,,,,False
0,24,12,-34.56,2.634615384615387,8.0,ERNiFe-CI,194.5150026970775,,,,False
0,24,13,-34.56,2.634615384615387,9.600000000000001,ERNiFe-CI,194.35575748184573,,,,False
0,24,14,-34.56,2.634615384615387,11.200000000000003,ERNiFe-CI,194.15715267626896,,,,False
0,25,0,-34.56,4.21153846153846,-11.2,Q235B,194.39122269097035,,,,False
0,25,1,-34.56,4.21153846153846,-9.6,Q235B,194.5490932954093,,,,False
0,25,2,-34.56,4.21153846153846,-8.0,Q235B,194.69463174689008,,,,False
0,25,3,-34.56,4.21153846153846,-6.3999999999999995,Q235B,194.8180153703332,,,,False
0,25,4,-34.56,4.21153846153846,-4.8,Q235B,194.91554454560517,,,,False
0,25,5,-34.56,4.21153846153846,-3.1999999999999993,Q235B,194.9857458930769,,,,False
0,25,6,-34.56,4.21153846153846,-1.5999999999999996,Q235B,195.02801972600955,,,,False
0,25,7,-34.56,4.21153846153846,0.0,Q235B,195.04213170670593,,,,False
0,25,8,-34.56,4.21153846153846,1.6000000000000014,Q235B,195.02801972600955,,,,False
0,25,9,-34.56,4.21153846153846,3.200000000000001,Q235B,194.9857458930769,,,,False
0,25,10,-34.56,4.21153846153846,4.800000000000001,Q235B,194.91554454560517,,,,False
0,25,11,-34.56,4.21153846153846,6.400000000000002,Q235B,194.8180153703332,,,,False
0,25,12,-34.56,4.21153846153846,8.0,Q235B,194.69463174689008,,,,False
0,25,13,-34.56,4.21153846153846,9.600000000000001,Q235B,194.5490932954093,,,,False
0,25,14,-34.56,4.21153846153846,11.200000000000003,Q235B,194.39122269097035,,,,False
1,0,0,-31.68,-35.21153846153846,-11.2,QT450-10,170.41970921304932,,,,False
1,0,1,-31.68,-35.21153846153846,-9.6,QT450-10,170.54708859370942,,,,False
1,0,2,-31.68,-35.21153846153846,-8.0,QT450-10,170.65488870614013,,,,False
1,0,3,-31.68,-35.21153846153846,-6.3999999999999995,QT450-10,170.74310313869523,,,,False
1,0,4,-31.68,-35.21153846153846,-4.8,QT450-10,170.81172447355297,,,,False
1,0,5,-31.68,-35.21153846153846,-3.1999999999999993,QT450-10,170.8607456387139,,,,False
1,0,6,-31.68,-35.21153846153846,-1.5999999999999996,QT450-10,170.89016085974419,,,,False
1,0,7,-31.68,-35.21153846153846,0.0,QT450-10,170.89996636936993,,,,False
1,0,8,-31.68,-35.21153846153846,1.6000000000000014,QT450-10,170.89016085974419,,,,False
1,0,9,-31.68,-35.21153846153846,3.200000000000001,QT450-10,170.8607456387139,,,,False
1,0,10,-31.68,-35.21153846153846,4.800000000000001,QT450-10,170.81172447355297,,,,False
1,0,11,-31.68,-35.21153846153846,6.400000000000002,QT450-10,170.74310313869523,,,,False
1,0,12,-31.68,-35.21153846153846,8.0,QT450-10,170.65488870614013,,,,False
1,0,13,-31.68,-35.21153846153846,9.600000000000001,QT450-10,170.54708859370942,,,,False
1,0,14,-31.68,-35.21153846153846,11.200000000000003,QT450-10,170.41970921304932,,,,False
1,1,0,-31.68,-33.63461538461539,-11.2,QT450-10,170.7236802740753,,,,False
1,1,1,-31.68,-33.63461538461539,-9.6,QT450-10,170.8513950459924,,,,False
1,1,2,-31.68,-33.63461538461539,-8.0,QT450-10,170.95948251057624,,,,False
1,1,3,-31.68,-33.63461538461539,-6.3999999999999995,QT450-10,171.04793377235407,,,,False
1,1,4,-31.68,-33.63461538461539,-4.8,QT450-10,171.11674026312775,,,,False
1,1,5,-31.68,-33.63461538461539,-3.1999999999999993,QT450-10,171.16589418690185,,,,False
1,1,6,-31.68,-33.63461538461539,-1.5999999999999996,QT450-10,171.19538926806263,,,,False
1,1,7,-31.68,-33.63461538461539,0.0,QT450-10,171.2052214324672,,,,False
1,1,8,-31.68,-33.63461538461539,1.6000000000000014,QT450-10,171.19538926806263,,,,False
1,1,9,-31.68,-33.63461538461539,3.200000000000001,QT450-10,171.16589418690185,,,,False
1,1,10,-31.68,-33.63461538461539,4.800000000000001,QT450-10,171.11674026312775,,,,False
1,1,11,-31.68,-33.63461538461539,6.400000000000002,QT450-10,171.04793377235407,,,,False
1,1,12,-31.68,-33.63461538461539,8.0,QT450-10,170.95948251057624,,,,False
1,1,13,-31.68,-33.63461538461539,9.600000000000001,QT450-10,170.8513950459924,,,,False
1,1,14,-31.68,-33.63461538461539,11.200000000000003,QT450-10,170.7236802740753,,,,False
1,2,0,-31.68,-32.05769230769231,-11.2,QT450-10,171.18477495729897,,,,False
1,2,1,-31.68,-32.05769230769231,-9.6,QT450-10,171.3130048137521,,,,False
1,2,2,-31.68,-32.05769230769231,-8.0,QT450-10,171.4215312499055,,,,False
1,2,3,-31.68,-32.05769230769231,-6.3999999999999995,QT450-10,171.5103441588547,,,,False
1,2,4,-31.68,-32.05769230769231,-4.8,QT450-10,171.5794336076743,,,,False
1,2,5,-31.68,-32.05769230769231,-3.1999999999999993,QT450-10,171.62879059875502,,,,False
1,2,6,-31.68,-32.05769230769231,-1.5999999999999996,QT450-10,171.6584079199436,,,,False
1,2,7,-31.68,-32.05769230769231,0.0,QT450-10,171.6682808995701,,,,False
1,2,8,-31.68,-32.05769230769231,1.6000000000000014,QT450-10,171.6584079199436,,,,False
1,2,9,-31.68,-32.05769230769231,3.200000000000001,QT450-10,171.62879059875502,,,,False
1,2,10,-31.68,-32.05769230769231,4.800000000000001,QT450-10,171.5794336076743,,,,False
1,2,11,-31.68,-32.05769230769231,6.400000000000002,QT450-10,171.5103441588547,,,,False
1,2,12,-31.68,-32.05769230769231,8.0,QT450-10,171.4215312499055,,,,False
1,2,13,-31.68,-32.05769230769231,9.600000000000001,QT450-10,171.3130048137521,,,,False
1,2,14,-31.68,-32.05769230769231,11.200000000000003,QT450-10,171.18477495729897,,,,False
1,3,0,-31.68,-30.48076923076923,-11.2,QT450-10,171.7987453662705,,,,False
1,3,1,-31.68,-30.48076923076923,-9.6,QT450-10,171.92766451450387,,,,False
1,3,2,-31.68,-30.48076923076923,-8.0,QT450-10,172.0367785846655,,,,False
1,3,3,-31.68,-30.48076923076923,-6.3999999999999995,QT450-10,172.12607582248538,,,,False
1,3,4,-31.68,-30.48076923076923,-4.8,QT450-10,172.19554444919663,,,,False
1,3,5,-31.68,-30.48076923076923,-3.1999999999999993,QT450-10,172.24517372821288,,,,False
1,3,6,-31.68,-30.48076923076923,-1.5999999999999996,QT450-10,172.27495503648157,,,,False
1,3,7,-31.68,-30.48076923076923,0.0,QT450-10,172.2848827845601,,,,False
1,3,8,-31.68,-30.48076923076923,1.6000000000000014,QT450-10,172.27495503648157,,,,False
1,3,9,-31.68,-30.48076923076923,3.200000000000001,QT450-10,172.24517372821288,,,,False
1,3,10,-31.68,-30.48076923076923,4.800000000000001,QT450-10,172.19554444919663,,,,False
1,3,11,-31.68,-30.48076923076923,6.400000000000002,QT450-10,172.12607582248538,,,,False
1,3,12,-31.68,-30.48076923076923,8.0,QT450-10,172.0367785846655,,,,False
1,3,13,-31.68,-30.48076923076923,9.600000000000001,QT450-10,171.92766451450387,,,,False
1,3,14,-31.68,-30.48076923076923,11.200000000000003,QT450-10,171.7987453662705,,,,False
1,4,0,-31.68,-28.903846153846153,-11.2,QT450-10,172.5591310584462,,,,False
1,4,1,-31.68,-28.903846153846153,-9.6,QT450-10,172.68890741990188,,,,False
1,4,2,-31.68,-28.903846153846153,-8.0,QT450-10,172.79875302551622,,,,False
1,4,3,-31.68,-28.903846153846153,-6.3999999999999995,QT450-10,172.88865374041364,,,,False
1,4,4,-31.68,-28.903846153846153,-4.8,QT450-10,172.95859522431752,,,,False
1,4,5,-31.68,-28.903846153846153,-3.1999999999999993,QT450-10,173.0085643094576,,,,False
1,4,6,-31.68,-28.903846153846153,-1.5999999999999996,QT450-10,173.03855037731418,,,,False
1,4,7,-31.68,-28.903846153846153,0.0,QT450-10,173.04854653034528,,,,False
1,4,8,-31.68,-28.903846153846153,1.6000000000000014,QT450-10,173.03855037731418,,,,False
1,4,9,-31.68,-28.903846153846153,3.200000000000001,QT450-10,173.0085643094576,,,,False
1,4,10,-31.68,-28.903846153846153,4.800000000000001,QT450-10,172.95859522431752,,,,False
1,4,11,-31.68,-28.903846153846153,6.400000000000002,QT450-10,172.88865374041364,,,,False
1,4,12,-31.68,-28.903846153846153,8.0,QT450-10,172.79875302551622,,,,False
1,4,13,-31.68,-28.903846153846153,9.600000000000001,QT450-10,172.68890741990188,,,,False
1,4,14,-31.68,-28.903846153846153,11.200000000000003,QT450-10,172.5591310584462,,,,False
1,5,0,-31.68,-27.326923076923077,-11.2,QT450-10,173.4572967119395,,,,False
1,5,1,-31.68,-27.326923076923077,-9.6,QT450-10,173.58809023281145,,,,False
1,5,2,-31.68,-27.326923076923077,-8.0,QT450-10,173.6988049981243,,,,False
1,5,3,-31.68,-27.326923076923077,-6.3999999999999995,QT450-10,173.78942363256172,,,,False
1,5,4,-31.68,-27.326923076923077,-4.8,QT450-10,173.85992830065987,,,,False
1,5,5,-31.68,-27.326923076923077,-3.1999999999999993,QT450-10,173.9103024964771,,,,False
1,5,6,-31.68,-27.326923076923077,-1.5999999999999996,QT450-10,173.94053284545316,,,,False
1,5,7,-31.68,-27.326923076923077,0.0,QT450-10,173.95061063632704,,,,False
1,5,8,-31.68,-27.326923076923077,1.6000000000000014,QT450-10,173.94053284545316,,,,False
1,5,9,-31.68,-27.326923076923077,3.200000000000001,QT450-10,173.9103024964771,,,,False
1,5,10,-31.68,-27.326923076923077,4.800000000000001,QT450-10,173.85992830065987,,,,False
1,5,11,-31.68,-27.326923076923077,6.400000000000002,QT450-10,173.78942363256172,,,,False
1,5,12,-31.68,-27.326923076923077,8.0,QT450-10,173.6988049981243,,,,False
1,5,13,-31.68,-27.326923076923077,9.600000000000001,QT450-10,173.58809023281145,,,,False
1,5,14,-31.68,-27.326923076923077,11.200000000000003,QT450-10,173.4572967119395,,,,False
1,6,0,-31.68,-25.75,-11.2,QT450-10,174.4824863855044,,,,False
1,6,1,-31.68,-25.75,-9.6,QT450-10,174.6144471551699,,,,False
1,6,2,-31.68,-25.75,-8.0,QT450-10,174.72616104029245,,,,False
1,6,3,-31.68,-25.75,-6.3999999999999995,QT450-10,174.8176063726478,,,,False
1,6,4,-31.68,-25.75,-4.8,QT450-10,174.88876059587264,,,,False
1,6,5,-31.68,-25.75,-3.1999999999999993,QT450-10,174.93960265114572,,,,False
1,6,6,-31.68,-25.75,-1.5999999999999996,QT450-10,174.97011538556717,,,,False
1,6,7,-31.68,-25.75,0.0,QT450-10,174.9802875949692,,,,False
1,6,8,-31.68,-25.75,1.6000000000000014,QT450-10,174.97011538556717,,,,False
1,6,9,-31.68,-25.75,3.200000000000001,QT450-10,174.93960265114572,,,,False
1,6,10,-31.68,-25.75,4.800000000000001,QT450-10,174.88876059587264,,,,False
1,6,11,-31.68,-25.75,6.400000000000002,QT450-10,174.8176063726478,,,,False
1,6,12,-31.68,-25.75,8.0,QT450-10,174.72616104029245,,,,False
1,6,13,-31.68,-25.75,9.600000000000001,QT450-10,174.6144471551699,,,,False
1,6,14,-31.68,-25.75,11.200000000000003,QT450-10,174.4824863855044,,,,False
1,7,0,-31.68,-24.173076923076923,-11.2,QT450-10,175.62189729547836,,,,False
1,7,1,-31.68,-24.173076923076923,-9.6,QT450-10,175.7551637061029,,,,False
1,7,2,-31.68,-24.173076923076923,-8.0,QT450-10,175.86799782525335,,,,False
1,7,3,-31.68,-24.173076923076923,-6.3999999999999995,QT450-10,175.96037230601954,,,,False
1,7,4,-31.68,-24.173076923076923,-4.8,QT450-10,176.03225819985636,,,,False
1,7,5,-31.68,-24.173076923076923,-3.1999999999999993,QT450-10,176.0836282217608,,,,False
1,7,6,-31.68,-24.173076923076923,-1.5999999999999996,QT450-10,176.11446003155083,,,,False
1,7,7,-31.68,-24.173076923076923,0.0,QT450-10,176.12473899822422,,,,False
1,7,8,-31.68,-24.173076923076923,1.6000000000000014,QT450-10,176.11446003155083,,,,False
1,7,9,-31.68,-24.173076923076923,3.200000000000001,QT450-10,176.0836282217608,,,,False
1,7,10,-31.68,-24.173076923076923,4.800000000000001,QT450-10,176.03225819985636,,,,False
1,7,11,-31.68,-24.173076923076923,6.400000000000002,QT450-10,175.96037230601954,,,,False
1,7,12,-31.68,-24.173076923076923,8.0,QT450-10,175.86799782525335,,,,False
1,7,13,-31.68,-24.173076923076923,9.600000000000001,QT450-10,175.7551637061029,,,,False
1,7,14,-31.68,-24.173076923076923,11.200000000000003,QT450-10,175.62189729547836,,,,False
1,8,0,-31.68,-22.596153846153847,-11.2,QT450-10,176.86077613270527,,,,False
1,8,1,-31.68,-22.596153846153847,-9.6,QT450-10,176.99547322181346,,,,False
1,8,2,-31.68,-22.596153846153847,-8.0,QT450-10,177.10953902026688,,,,False
1,8,3,-31.68,-22.596153846153847,-6.3999999999999995,QT450-10,177.20293856481604,,,,False
1,8,4,-31.68,-22.596153846153847,-4.8,QT450-10,177.27563415020492,,,,False
1,8,5,-31.68,-22.596153846153847,-3.1999999999999993,QT450-10,177.32758990238233,,,,False
1,8,6,-31.68,-22.596153846153847,-1.5999999999999996,QT450-10,177.35877631731478,,,,False
1,8,7,-31.68,-22.596153846153847,0.0,QT450-10,177.36917403552317,,,,False
1,8,8,-31.68,-22.596153846153847,1.6000000000000014,QT450-10,177.35877631731478,,,,False
1,8,9,-31.68,-22.596153846153847,3.200000000000001,QT450-10,177.32758990238233,,,,False
1,8,10,-31.68,-22.596153846153847,4.800000000000001,QT450-10,177.27563415020492,,,,False
1,8,11,-31.68,-22.596153846153847,6.400000000000002,QT450-10,177.20293856481604,,,,False
1,8,12,-31.68,-22.596153846153847,8.0,QT450-10,177.10953902026688,,,,False
1,8,13,-31.68,-22.596153846153847,9.600000000000001,QT450-10,176.99547322181346,,,,False
1,8,14,-31.68,-22.596153846153847,11.200000000000003,QT450-10,176.86077613270527,,,,False
1,9,0,-31.68,-21.01923076923077,-11.2,QT450-10,178.18254090739495,,,,False
1,9,1,-31.68,-21.01923076923077,-9.6,QT450-10,178.31877904416226,,,,False
1,9,2,-31.68,-21.01923076923077,-8.0,QT450-10,178.43417806856644,,,,False
1,9,3,-31.68,-21.01923076923077,-6.3999999999999995,QT450-10,178.52869256429426,,,,False
1,9,4,-31.68,-21.01923076923077,-4.8,QT450-10,178.60227262578812,,,,False
1,9,5,-31.68,-21.01923076923077,-3.1999999999999993,QT450-10,178.65487039466575,,,,False
1,9,6,-31.68,-21.01923076923077,-1.5999999999999996,QT450-10,178.68644640473738,,,,False
1,9,7,-31.68,-21.01923076923077,0.0,QT450-10,178.69697474757905,,,,False
1,9,8,-31.68,-21.01923076923077,1.6000000000000014,QT450-10,178.68644640473738,,,,False
1,9,9,-31.68,-21.01923076923077,3.200000000000001,QT450-10,178.65487039466575,,,,False
1,9,10,-31.68,-21.01923076923077,4.800000000000001,QT450-10,178.60227262578812,,,,False
1,9,11,-31.68,-21.01923076923077,6.400000000000002,QT450-10,178.52869256429426,,,,False
1,9,12,-31.68,-21.01923076923077,8.0,QT450-10,178.43417806856644,,,,False
1,9,13,-31.68,-21.01923076923077,9.600000000000001,QT450-10,178.31877904416226,,,,False
1,9,14,-31.68,-21.01923076923077,11.200000000000003,QT450-10,178.18254090739495,,,,False
1,10,0,-31.68,-19.442307692307693,-11.2,QT450-10,179.56893100522805,,,,False
1,10,1,-31.68,-19.442307692307693,-9.6,QT450-10,179.70680515857435,,,,False
1,10,2,-31.68,-19.442307692307693,-8.0,QT450-10,179.82362978562253,,,,False
1,10,3,-31.68,-19.442307692307693,-6.3999999999999995,QT450-10,179.91934470959006,,,,False
1,10,4,-31.68,-19.442307692307693,-4.8,QT450-10,179.99388269945715,,,,False
1,10,5,-31.68,-19.442307692307693,-3.1999999999999993,QT450-10,180.0471789862799,,,,False
1,10,6,-31.68,-19.442307692307693,-1.5999999999999996,QT450-10,180.07918018113716,,,,False
1,10,7,-31.68,-19.442307692307693,0.0,QT450-10,180.0898512998724,,,,False
1,10,8,-31.68,-19.442307692307693,1.6000000000000014,QT450-10,180.07918018113716,,,,False
1,10,9,-31.68,-19.442307692307693,3.200000000000001,QT450-10,180.0471789862799,,,,False
1,10,10,-31.68,-19.442307692307693,4.800000000000001,QT450-10,179.99388269945715,,,,False
1,10,11,-31.68,-19.442307692307693,6.400000000000002,QT450-10,179.91934470959006,,,,False
1,10,12,-31.68,-19.442307692307693,8.0,QT450-10,179.82362978562253,,,,False
1,10,13,-31.68,-19.442307692307693,9.600000000000001,QT450-10,179.70680515857435,,,,False
1,10,14,-31.68,-19.442307692307693,11.200000000000003,QT450-10,179.56893100522805,,,,False
1,11,0,-31.68,-17.865384615384617,-11.2,QT450-10,181.00018748974358,,,,False
1,11,1,-31.68,-17.865384615384617,-9.6,QT450-10,181.13977746475908,,,,False
1,11,2,-31.68,-17.865384615384617,-8.0,QT450-10,181.25811317588506,,,,False
1,11,3,-31.68,-17.865384615384617,-6.3999999999999995,QT450-10,181.3551129329097,,,,False
1,11,4,-31.68,-17.865384615384617,-4.8,QT450-10,181.43068442341126,,,,False
1,11,5,-31.68,-17.865384615384617,-3.1999999999999993,QT450-10,181.48473880493614,,,,False
1,11,6,-31.68,-17.865384615384617,-1.5999999999999996,QT450-10,181.51720322151525,,,,False
1,11,7,-31.68,-17.865384615384617,0.0,QT450-10,181.5280301800878,,,,False
1,11,8,-31.68,-17.865384615384617,1.6000000000000014,QT450-10,181.51720322151525,,,,False
1,11,9,-31.68,-17.865384615384617,3.200000000000001,QT450-10,181.48473880493614,,,,False
1,11,10,-31.68,-17.865384615384617,4.800000000000001,QT450-10,181.43068442341126,,,,False
1,11,11,-31.68,-17.865384615384617,6.400000000000002,QT450-10,181.3551129329097,,,,False
1,11,12,-31.68,-17.865384615384617,8.0,QT450-10,181.25811317588506,,,,False
1,11,13,-31.68,-17.865384615384617,9.600000000000001,QT450-10,181.13977746475908,,,,False
1,11,14,-31.68,-17.865384615384617,11.200000000000003,QT450-10,181.00018748974358,,,,False
1,12,0,-31.68,-16.28846153846154,-11.2,QT450-10,182.45526462038814,,,,False
1,12,1,-31.68,-16.28846153846154,-9.6,QT450-10,182.59663693023475,,,,False
1,12,2,-31.68,-16.28846153846154,-8.0,QT450-10,182.71656711489697,,,,False
1,12,3,-31.68,-16.28846153846154,-6.3999999999999995,QT450-10,182.8149410446353,,,,False
1,12,4,-31.68,-16.28846153846154,-4.8,QT450-10,182.89162943303558,,,,False
1,12,5,-31.68,-16.28846153846154,-3.1999999999999993,QT450-10,182.94650901304894,,,,False
1,12,6,-31.68,-16.28846153846154,-1.5999999999999996,QT450-10,182.97947989312397,,,,False
1,12,7,-31.68,-16.28846153846154,0.0,QT450-10,182.9904775946072,,,,False
1,12,8,-31.68,-16.28846153846154,1.6000000000000014,QT450-10,182.97947989312397,,,,False
1,12,9,-31.68,-16.28846153846154,3.200000000000001,QT450-10,182.94650901304894,,,,False
1,12,10,-31.68,-16.28846153846154,4.800000000000001,QT450-10,182.89162943303558,,,,False
1,12,11,-31.68,-16.28846153846154,6.400000000000002,QT450-10,182.8149410446353,,,,False
1,12,12,-31.68,-16.28846153846154,8.0,QT450-10,182.71656711489697,,,,False
1,12,13,-31.68,-16.28846153846154,9.600000000000001,QT450-10,182.59663693023475,,,,False
1,12,14,-31.68,-16.28846153846154,11.200000000000003,QT450-10,182.45526462038814,,,,False
1,13,0,-31.68,-14.711538461538463,-11.2,QT450-10,183.9120719541084,,,,False
1,13,1,-31.68,-14.711538461538463,-9.6,QT450-10,184.0552845584069,,,,False
1,13,2,-31.68,-14.711538461538463,-8.0,QT450-10,184.17689956022906,,,,False
1,13,3,-31.68,-14.711538461538463,-6.3999999999999995,QT450-10,184.27675210180666,,,,False
1,13,4,-31.68,-14.711538461538463,-4.8,QT450-10,184.35465751027766,,,,False
1,13,5,-31.68,-14.711538461538463,-3.1999999999999993,QT450-10,184.4104434017586,,,,False
1,13,6,-31.68,-14.711538461538463,-1.5999999999999996,QT450-10,184.44397299951618,,,,False
1,13,7,-31.68,-14.711538461538463,0.0,QT450-10,184.4551594279207,,,,False
1,13,8,-31.68,-14.711538461538463,1.6000000000000014,QT450-10,184.44397299951618,,,,False
1,13,9,-31.68,-14.711538461538463,3.200000000000001,QT450-10,184.4104434017586,,,,False
1,13,10,-31.68,-14.711538461538463,4.800000000000001,QT450-10,184.35465751027766,,,,False
1,13,11,-31.68,-14.711538461538463,6.400000000000002,QT450-10,184.27675210180666,,,,False
1,13,12,-31.68,-14.711538461538463,8.0,QT450-10,184.17689956022906,,,,False
1,13,13,-31.68,-14.711538461538463,9.600000000000001,QT450-10,184.0552845584069,,,,False
1,13,14,-31.68,-14.711538461538463,11.200000000000003,QT450-10,183.9120719541084,,,,False
1,14,0,-31.68,-13.134615384615387,-11.2,QT450-10,185.34774401199158,,,,False
1,14,1,-31.68,-13.134615384615387,-9.6,QT450-10,185.49285637557267,,,,False
1,14,2,-31.68,-13.134615384615387,-8.0,QT450-10,185.6162699116502,,,,False
1,14,3,-31.68,-13.134615384615387,-6.3999999999999995,QT450-10,185.71773726197148,,,,False
1,14,4,-31.68,-13.134615384615387,-4.8,QT450-10,185.79698976648234,,,,False
1,14,5,-31.68,-13.134615384615387,-3.1999999999999993,QT450-10,185.85378586329546,,,,False
1,14,6,-31.68,-13.134615384615387,-1.5999999999999996,QT450-10,185.88794020280415,,,,False
1,14,7,-31.68,-13.134615384615387,0.0,QT450-10,185.89933790231825,,,,False
1,14,8,-31.68,-13.134615384615387,1.6000000000000014,QT450-10,185.88794020280415,,,,False
1,14,9,-31.68,-13.134615384615387,3.200000000000001,QT450-10,185.85378586329546,,,,False
1,14,10,-31.68,-13.134615384615387,4.800000000000001,QT450-10,185.79698976648234,,,,False
1,14,11,-31.68,-13.134615384615387,6.400000000000002,QT450-10,185.71773726197148,,,,False
1,14,12,-31.68,-13.134615384615387,8.0,QT450-10,185.6162699116502,,,,False
1,14,13,-31.68,-13.134615384615387,9.600000000000001,QT450-10,185.49285637557267,,,,False
1,14,14,-31.68,-13.134615384615387,11.200000000000003,QT450-10,185.34774401199158,,,,False
1,15,0,-31.68,-11.55769230769231,-11.2,QT450-10,186.7389307242569,,,,False
1,15,1,-31.68,-11.55769230769231,-9.6,QT450-10,186.88602452595273,,,,False
1,15,2,-31.68,-11.55769230769231,-8.0,QT450-10,187.01140344705368,,,,False
1,15,3,-31.68,-11.55769230769231,-6.3999999999999995,QT450-10,187.11468028676748,,,,False
1,15,4,-31.68,-11.55769230769231,-4.8,QT450-10,187.19545847972506,,,,False
1,15,5,-31.68,-11.55769230769231,-3.1999999999999993,QT450-10,187.25340209250092,,,,False
1,15,6,-31.68,-11.55769230769231,-1.5999999999999996,QT450-10,187.28826596368214,,,,False
1,15,7,-31.68,-11.55769230769231,0.0,QT450-10,187.2999034460636,,,,False
1,15,8,-31.68,-11.55769230769231,1.6000000000000014,QT450-10,187.28826596368214,,,,False
1,15,9,-31.68,-11.55769230769231,3.200000000000001,QT450-10,187.25340209250092,,,,False
1,15,10,-31.68,-11.55769230769231,4.800000000000001,QT450-10,187.19545847972506,,,,False
1,15,11,-31.68,-11.55769230769231,6.400000000000002,QT450-10,187.11468028676748,,,,False
1,15,12,-31.68,-11.55769230769231,8.0,QT450-10,187.01140344705368,,,,False
1,15,13,-31.68,-11.55769230769231,9.600000000000001,QT450-10,186.88602452595273,,,,False
1,15,14,-31.68,-11.55769230769231,11.200000000000003,QT450-10,186.7389307242569,,,,False
1,16,0,-31.68,-9.98076923076923,-11.2,QT450-10,188.06209517164422,,,,False
1,16,1,-31.68,-9.98076923076923,-9.6,QT450-10,188.21131834981853,,,,False
1,16,2,-31.68,-9.98076923076923,-8.0,QT450-10,188.33893747936662,,,,False
1,16,3,-31.68,-9.98076923076923,-6.3999999999999995,QT450-10,188.44431873992818,,,,False
1,16,4,-31.68,-9.98076923076923,-4.8,QT450-10,188.52687339125163,,,,False
1,16,5,-31.68,-9.98076923076923,-3.1999999999999993,QT450-10,188.58614552544648,,,,False
1,16,6,-31.68,-9.98076923076923,-1.5999999999999996,QT450-10,188.6218257275838,,,,False
1,16,7,-31.68,-9.98076923076923,0.0,QT450-10,188.63373805700454,,,,False
1,16,8,-31.68,-9.98076923076923,1.6000000000000014,QT450-10,188.6218257275838,,,,False
1,16,9,-31.68,-9.98076923076923,3.200000000000001,QT450-10,188.58614552544648,,,,False
1,16,10,-31.68,-9.98076923076923,4.800000000000001,QT450-10,188.52687339125163,,,,False
1,16,11,-31.68,-9.98076923076923,6.400000000000002,QT450-10,188.44431873992818,,,,False
1,16,12,-31.68,-9.98076923076923,8.0,QT450-10,188.33893747936662,,,,False
1,16,13,-31.68,-9.98076923076923,9.600000000000001,QT450-10,188.21131834981853,,,,False
1,16,14,-31.68,-9.98076923076923,11.200000000000003,QT450-10,188.06209517164422,,,,False
1,17,0,-31.68,-8.403846153846153,-11.2,QT450-10,189.29379124271912,,,,False
1,17,1,-31.68,-8.403846153846153,-9.6,QT450-10,189.4454585924302,,,,False
1,17,2,-31.68,-8.403846153846153,-8.0,QT450-10,189.57580377888883,,,,False
1,17,3,-31.68,-8.403846153846153,-6.3999999999999995,QT450-10,189.68374629982637,,,,False
1,17,4,-31.68,-8.403846153846153,-4.8,QT450-10,189.76842450805896,,,,False
1,17,5,-31.68,-8.403846153846153,-3.1999999999999993,QT450-10,189.82925361286942,,,,False
1,17,6,-31.68,-8.403846153846153,-1.5999999999999996,QT450-10,189.86587619716414,,,,False
1,17,7,-31.68,-8.403846153846153,0.0,QT450-10,189.8781033077338,,,,False
1,17,8,-31.68,-8.403846153846153,1.6000000000000014,QT450-10,189.86587619716414,,,,False
1,17,9,-31.68,-8.403846153846153,3.200000000000001,QT450-10,189.82925361286942,,,,False
1,17,10,-31.68,-8.403846153846153,4.800000000000001,QT450-10,189.76842450805896,,,,False
1,17,11,-31.68,-8.403846153846153,6.400000000000002,QT450-10,189.68374629982637,,,,False
1,17,12,-31.68,-8.403846153846153,8.0,QT450-10,189.57580377888883,,,,False
1,17,13,-31.68,-8.403846153846153,9.600000000000001,QT450-10,189.4454585924302,,,,False
1,17,14,-31.68,-8.403846153846153,11.200000000000003,QT450-10,189.29379124271912,,,,False
1,18,0,-31.68,-6.826923076923077,-11.2,QT450-10,190.41086002215894,,,,False
1,18,1,-31.68,-6.826923076923077,-9.6,QT450-10,190.56570607345077,,,,False
1,18,2,-31.68,-6.826923076923077,-8.0,QT450-10,190.69966791385286,,,,False
1,18,3,-31.68,-6.826923076923077,-6.3999999999999995,QT450-10,190.81086812416092,,,,False
1,18,4,-31.68,-6.826923076923077,-4.8,QT450-10,190.89812131066205,,,,False
1,18,5,-31.68,-6.826923076923077,-3.1999999999999993,QT450-10,190.96076700081628,,,,False
1,18,6,-31.68,-6.826923076923077,-1.5999999999999996,QT450-10,190.99846115714817,,,,False
1,18,7,-31.68,-6.826923076923077,0.0,QT450-10,191.01104168335226,,,,False
1,18,8,-31.68,-6.826923076923077,1.6000000000000014,QT450-10,190.99846115714817,,,,False
1,18,9,-31.68,-6.826923076923077,3.200000000000001,QT450-10,190.96076700081628,,,,False
1,18,10,-31.68,-6.826923076923077,4.800000000000001,QT450-10,190.89812131066205,,,,False
1,18,11,-31.68,-6.826923076923077,6.400000000000002,QT450-10,190.81086812416092,,,,False
1,18,12,-31.68,-6.826923076923077,8.0,QT450-10,190.69966791385286,,,,False
1,18,13,-31.68,-6.826923076923077,9.600000000000001,QT450-10,190.56570607345077,,,,False
1,18,14,-31.68,-6.826923076923077,11.200000000000003,QT450-10,190.41086002215894,,,,False
1,19,0,-31.68,-5.25,-11.2,QT450-10,191.39038933485782,,,,False
1,19,1,-31.68,-5.25,-9.6,QT450-10,191.5502764147353,,,,False
1,19,2,-31.68,-5.25,-8.0,QT450-10,191.68948959548928,,,,False
1,19,3,-31.68,-5.25,-6.3999999999999995,QT450-10,191.80493204813763,,,,False
1,19,4,-31.68,-5.25,-4.8,QT450-10,191.89526365866104,,,,False
1,19,5,-31.68,-5.25,-3.1999999999999993,QT450-10,191.95995669950818,,,,False
1,19,6,-31.68,-5.25,-1.5999999999999996,QT450-10,191.99881581954008,,,,False
1,19,7,-31.68,-5.25,0.0,QT450-10,192.0117741249554,,,,False
1,19,8,-31.68,-5.25,1.6000000000000014,QT450-10,191.99881581954008,,,,False
1,19,9,-31.68,-5.25,3.200000000000001,QT450-10,191.95995669950818,,,,False
1,19,10,-31.68,-5.25,4.800000000000001,QT450-10,191.89526365866104,,,,False
1,19,11,-31.68,-5.25,6.400000000000002,QT450-10,191.80493204813763,,,,False
1,19,12,-31.68,-5.25,8.0,QT450-10,191.68948959548928,,,,False
1,19,13,-31.68,-5.25,9.600000000000001,QT450-10,191.5502764147353,,,,False
1,19,14,-31.68,-5.25,11.200000000000003,QT450-10,191.39038933485782,,,,False
1,20,0,-31.68,-3.673076923076927,-11.2,QT450-10,192.2089854997747,,,,False
1,20,1,-31.68,-3.673076923076927,-9.6,QT450-10,192.37911196783006,,,,False
1,20,2,-31.68,-3.673076923076927,-8.0,QT450-10,192.52636390781126,,,,False
1,20,3,-31.68,-3.673076923076927,-6.3999999999999995,QT450-10,192.64715598968323,,,,False
1,20,4,-31.68,-3.673076923076927,-4.8,QT450-10,192.7409185206371,,,,False
1,20,5,-31.68,-3.673076923076927,-3.1999999999999993,QT450-10,192.80772921107783,,,,False
1,20,6,-31.68,-3.673076923076927,-1.5999999999999996,QT450-10,192.84774445428567,,,,False
1,20,7,-31.68,-3.673076923076927,0.0,QT450-10,192.86107090664174,,,,False
1,20,8,-31.68,-3.673076923076927,1.6000000000000014,QT450-10,192.84774445428567,,,,False
1,20,9,-31.68,-3.673076923076927,3.200000000000001,QT450-10,192.80772921107783,,,,False
1,20,10,-31.68,-3.673076923076927,4.800000000000001,QT450-10,192.7409185206371,,,,False
1,20,11,-31.68,-3.673076923076927,6.400000000000002,QT450-10,192.64715598968323,,,,False
1,20,12,-31.68,-3.673076923076927,8.0,QT450-10,192.52636390781126,,,,False
1,20,13,-31.68,-3.673076923076927,9.600000000000001,QT450-10,192.37911196783006,,,,False
1,20,14,-31.68,-3.673076923076927,11.200000000000003,QT450-10,192.2089854997747,,,,False
1,21,0,-31.68,-2.0961538461538467,-11.2,ERNiFe-CI,193.0125348774776,,,,False
1,21,1,-31.68,-2.0961538461538467,-9.6,ERNiFe-CI,193.2162350236843,,,,False
1,21,2,-31.68,-2.0961538461538467,-8.0,ERNiFe-CI,193.37782145702724,,,,False
1,21,3,-31.68,-2.0961538461538467,-6.3999999999999995,ERNiFe-CI,193.50583690729854,,,,False
1,21,4,-31.68,-2.0961538461538467,-4.8,ERNiFe-CI,193.60363258535034,,,,False
1,21,5,-31.68,-2.0961538461538467,-3.1999999999999993,ERNiFe-CI,193.67276870460623,,,,False
1,21,6,-31.68,-2.0961538461538467,-1.5999999999999996,ERNiFe-CI,193.71401478165967,,,,False
1,21,7,-31.68,-2.0961538461538467,0.0,ERNiFe-CI,193.7277286728423,,,,False
1,21,8,-31.68,-2.0961538461538467,1.6000000000000014,ERNiFe-CI,193.71401478165967,,,,False
1,21,9,-31.68,-2.0961538461538467,3.200000000000001,ERNiFe-CI,193.67276870460623,,,,False
1,21,10,-31.68,-2.0961538461538467,4.800000000000001,ERNiFe-CI,193.60363258535034,,,,False
1,21,11,-31.68,-2.0961538461538467,6.400000000000002,ERNiFe-CI,193.50583690729854,,,,False
1,21,12,-31.68,-2.0961538461538467,8.0,ERNiFe-CI,193.37782145702724,,,,False
1,21,13,-31.68,-2.0961538461538467,9.600000000000001,ERNiFe-CI,193.2162350236843,,,,False
1,21,14,-31.68,-2.0961538461538467,11.200000000000003,ERNiFe-CI,193.0125348774776,,,,False
1,22,0,-31.68,-0.5192307692307736,-11.2,ERNiFe-CI,193.85077113892189,,,,False
1,22,1,-31.68,-0.5192307692307736,-9.6,ERNiFe-CI,194.06729581207503,,,,False
1,22,2,-31.68,-0.5192307692307736,-8.0,ERNiFe-CI,194.23767934454963,,,,False
1,22,3,-31.68,-0.5192307692307736,-6.3999999999999995,ERNiFe-CI,194.37094240470523,,,,False
1,22,4,-31.68,-0.5192307692307736,-4.8,ERNiFe-CI,194.47190033366863,,,,False
1,22,5,-31.68,-0.5192307692307736,-3.1999999999999993,ERNiFe-CI,194.5429490213079,,,,False
1,22,6,-31.68,-0.5192307692307736,-1.5999999999999996,ERNiFe-CI,194.5852408248154,,,,False
1,22,7,-31.68,-0.5192307692307736,0.0,ERNiFe-CI,194.5992894755729,,,,False
1,22,8,-31.68,-0.5192307692307736,1.6000000000000014,ERNiFe-CI,194.5852408248154,,,,False
1,22,9,-31.68,-0.5192307692307736,3.200000000000001,ERNiFe-CI,194.5429490213079,,,,False
1,22,10,-31.68,-0.5192307692307736,4.800000000000001,ERNiFe-CI,194.47190033366863,,,,False
1,22,11,-31.68,-0.5192307692307736,6.400000000000002,ERNiFe-CI,194.37094240470523,,,,False
1,22,12,-31.68,-0.5192307692307736,8.0,ERNiFe-CI,194.23767934454963,,,,False
1,22,13,-31.68,-0.5192307692307736,9.600000000000001,ERNiFe-CI,194.06729581207503,,,,False
1,22,14,-31.68,-0.5192307692307736,11.200000000000003,ERNiFe-CI,193.85077113892189,,,,False
1,23,0,-31.68,1.0576923076923066,-11.2,ERNiFe-CI,194.5586382782397,,,,False
1,23,1,-31.68,1.0576923076923066,-9.6,ERNiFe-CI,194.774816980667,,,,False
1,23,2,-31.68,1.0576923076923066,-8.0,ERNiFe-CI,194.945184387053,,,,False
1,23,3,-31.68,1.0576923076923066,-6.3999999999999995,ERNiFe-CI,195.07908418758166,,,,False
1,23,4,-31.68,1.0576923076923066,-4.8,ERNiFe-CI,195.18100808524127,,,,False
1,23,5,-31.68,1.0576923076923066,-3.1999999999999993,ERNiFe-CI,195.2529920249038,,,,False
1,23,6,-31.68,1.0576923076923066,-1.5999999999999996,ERNiFe-CI,195.29593720716747,,,,False
1,23,7,-31.68,1.0576923076923066,0.0,ERNiFe-CI,195.31021829271683,,,,False
1,23,8,-31.68,1.0576923076923066,1.6000000000000014,ERNiFe-CI,195.29593720716747,,,,False
1,23,9,-31.68,1.0576923076923066,3.200000000000001,ERNiFe-CI,195.2529920249038,,,,False
1,23,10,-31.68,1.0576923076923066,4.800000000000001,ERNiFe-CI,195.18100808524127,,,,False
1,23,11,-31.68,1.0576923076923066,6.400000000000002,ERNiFe-CI,195.07908418758166,,,,False
1,23,12,-31.68,1.0576923076923066,8.0,ERNiFe-CI,194.945184387053,,,,False
1,23,13,-31.68,1.0576923076923066,9.600000000000001,ERNiFe-CI,194.774816980667,,,,False
1,23,14,-31.68,1.0576923076923066,11.200000000000003,ERNiFe-CI,194.5586382782397,,,,False
1,24,0,-31.68,2.634615384615387,-11.2,ERNiFe-CI,195.13519674093902,,,,False
1,24,1,-31.68,2.634615384615387,-9.6,ERNiFe-CI,195.3356169973011,,,,False
1,24,2,-31.68,2.634615384615387,-8.0,ERNiFe-CI,195.4966448777681,,,,False
1,24,3,-31.68,2.634615384615387,-6.3999999999999995,ERNiFe-CI,195.62664114732846,,,,False
1,24,4,-31.68,2.634615384615387,-4.8,ERNiFe-CI,195.72743370867988,,,,False
1,24,5,-31.68,2.634615384615387,-3.1999999999999993,ERNiFe-CI,195.79940231622163,,,,False
1,24,6,-31.68,2.634615384615387,-1.5999999999999996,ERNiFe-CI,195.842595974022,,,,False
1,24,7,-31.68,2.634615384615387,0.0,ERNiFe-CI,195.85699741942244,,,,False
1,24,8,-31.68,2.634615384615387,1.6000000000000014,ERNiFe-CI,195.842595974022,,,,False
1,24,9,-31.68,2.634615384615387,3.200000000000001,ERNiFe-CI,195.79940231622163,,,,False
1,24,10,-31.68,2.634615384615387,4.800000000000001,ERNiFe-CI,195.72743370867988,,,,False
1,24,11,-31.68,2.634615384615387,6.400000000000002,ERNiFe-CI,195.62664114732846,,,,False
1,24,12,-31.68,2.634615384615387,8.0,ERNiFe-CI,195.4966448777681,,,,False
1,24,13,-31.68,2.634615384615387,9.600000000000001,ERNiFe-CI,195.3356169973011,,,,False
1,24,14,-31.68,2.634615384615387,11.200000000000003,ERNiFe-CI,195.13519674093902,,,,False
1,25,0,-31.68,4.21153846153846,-11.2,Q235B,195.42700990974876,,,,False
1,25,1,-31.68,4.21153846153846,-9.6,Q235B,195.58656774161793,,,,False
1,25,2,-31.68,4.21153846153846,-8.0,Q235B,195.73402924787825,,,,False
1,25,3,-31.68,4.21153846153846,-6.3999999999999995,Q235B,195.8593738904545,,,,False
1,25,4,-31.68,4.21153846153846,-4.8,Q235B,195.9587086602597,,,,False
1,25,5,-31.68,4.21153846153846,-3.1999999999999993,Q235B,196.03037136215022,,,,False
1,25,6,-31.68,4.21153846153846,-1.5999999999999996,Q235B,196.07359773900953,,,,False
1,25,7,-31.68,4.21153846153846,0.0,Q235B,196.0880405471028,,,,False
1,25,8,-31.68,4.21153846153846,1.6000000000000014,Q235B,196.07359773900953,,,,False
1,25,9,-31.68,4.21153846153846,3.200000000000001,Q235B,196.03037136215022,,,,False
1,25,10,-31.68,4.21153846153846,4.800000000000001,Q235B,195.9587086602597,,,,False
1,25,11,-31.68,4.21153846153846,6.400000000000002,Q235B,195.8593738904545,,,,False
1,25,12,-31.68,4.21153846153846,8.0,Q235B,195.73402924787825,,,,False
1,25,13,-31.68,4.21153846153846,9.600000000000001,Q235B,195.58656774161793,,,,False
1,25,14,-31.68,4.21153846153846,11.200000000000003,Q235B,195.42700990974876,,,,False
2,0,0,-28.8,-35.21153846153846,-11.2,QT450-10,170.77869018200326,,,,False
2,0,1,-28.8,-35.21153846153846,-9.6,QT450-10,170.90647113280022,,,,False
2,0,2,-28.8,-35.21153846153846,-8.0,QT450-10,171.01461349010853,,,,False
2,0,3,-28.8,-35.21153846153846,-6.3999999999999995,QT450-10,171.103110004198,,,,False
2,0,4,-28.8,-35.21153846153846,-4.8,QT450-10,171.1719522434881,,,,False
2,0,5,-28.8,-35.21153846153846,-3.1999999999999993,QT450-10,171.2211321080995,,,,False
2,0,6,-28.8,-35.21153846153846,-1.5999999999999996,QT450-10,171.25064294462163,,,,False
2,0,7,-28.8,-35.21153846153846,0.0,QT450-10,171.26048039536175,,,,False
2,0,8,-28.8,-35.21153846153846,1.6000000000000014,QT450-10,171.25064294462163,,,,False
2,0,9,-28.8,-35.21153846153846,3.200000000000001,QT450-10,171.2211321080995,,,,False
2,0,10,-28.8,-35.21153846153846,4.800000000000001,QT450-10,171.1719522434881,,,,False
2,0,11,-28.8,-35.21153846153846,6.400000000000002,QT450-10,171.103110004198,,,,False
2,0,12,-28.8,-35.21153846153846,8.0,QT450-10,171.01461349010853,,,,False
2,0,13,-28.8,-35.21153846153846,9.600000000000001,QT450-10,170.90647113280022,,,,False
2,0,14,-28.8,-35.21153846153846,11.200000000000003,QT450-10,170.77869018200326,,,,False
2,1,0,-28.8,-33.63461538461539,-11.2,QT450-10,171.09016204475193,,,,False
2,1,1,-28.8,-33.63461538461539,-9.6,QT450-10,171.2182874154097,,,,False
2,1,2,-28.8,-33.63461538461539,-8.0,QT450-10,171.3267249571008,,,,False
2,1,3,-28.8,-33.63461538461539,-6.3999999999999995,QT450-10,171.41546485674286,,,,False
2,1,4,-28.8,-33.63461538461539,-4.8,QT450-10,171.4844974546293,,,,False
2,1,5,-28.8,-33.63461538461539,-3.1999999999999993,QT450-10,171.5338138547695,,,,False
2,1,6,-28.8,-33.63461538461539,-1.5999999999999996,QT450-10,171.56340684354043,,,,False
2,1,7,-28.8,-33.63461538461539,0.0,QT450-10,171.57327171760508,,,,False
2,1,8,-28.8,-33.63461538461539,1.6000000000000014,QT450-10,171.56340684354043,,,,False
2,1,9,-28.8,-33.63461538461539,3.200000000000001,QT450-10,171.5338138547695,,,,False
2,1,10,-28.8,-33.63461538461539,4.800000000000001,QT450-10,171.4844974546293,,,,False
2,1,11,-28.8,-33.63461538461539,6.400000000000002,QT450-10,171.41546485674286,,,,False
2,1,12,-28.8,-33.63461538461539,8.0,QT450-10,171.3267249571008,,,,False
2,1,13,-28.8,-33.63461538461539,9.600000000000001,QT450-10,171.2182874154097,,,,False
2,1,14,-28.8,-33.63461538461539,11.200000000000003,QT450-10,171.09016204475193,,,,False
2,2,0,-28.8,-32.05769230769231,-11.2,QT450-10,171.56577108846608,,,,False
2,2,1,-28.8,-32.05769230769231,-9.6,QT450-10,171.6944288959488,,,,False
2,2,2,-28.8,-32.05769230769231,-8.0,QT450-10,171.80332045912766,,,,False
2,2,3,-28.8,-32.05769230769231,-6.3999999999999995,QT450-10,171.89243461157434,,,,False
2,2,4,-28.8,-32.05769230769231,-4.8,QT450-10,171.96176017763503,,,,False
2,2,5,-28.8,-32.05769230769231,-3.1999999999999993,QT450-10,172.01128691650865,,,,False
2,2,6,-28.8,-32.05769230769231,-1.5999999999999996,QT450-10,172.04100656013134,,,,False
2,2,7,-28.8,-32.05769230769231,0.0,QT450-10,172.05091373004876,,,,False
2,2,8,-28.8,-32.05769230769231,1.6000000000000014,QT450-10,172.04100656013134,,,,False
2,2,9,-28.8,-32.05769230769231,3.200000000000001,QT450-10,172.01128691650865,,,,False
2,2,10,-28.8,-32.05769230769231,4.800000000000001,QT450-10,171.96176017763503,,,,False
2,2,11,-28.8,-32.05769230769231,6.400000000000002,QT450-10,171.89243461157434,,,,False
2,2,12,-28.8,-32.05769230769231,8.0,QT450-10,171.80332045912766,,,,False
2,2,13,-28.8,-32.05769230769231,9.600000000000001,QT450-10,171.6944288959488,,,,False
2,2,14,-28.8,-32.05769230769231,11.200000000000003,QT450-10,171.56577108846608,,,,False
2,3,0,-28.8,-30.48076923076923,-11.2,QT450-10,172.2011909116751,,,,False
2,3,1,-28.8,-30.48076923076923,-9.6,QT450-10,172.33056366608244,,,,False
2,3,2,-28.8,-30.48076923076923,-8.0,QT450-10,172.44006512621723,,,,False
2,3,3,-28.8,-30.48076923076923,-6.3999999999999995,QT450-10,172.52968226526608,,,,False
2,3,4,-28.8,-30.48076923076923,-4.8,QT450-10,172.59940183349215,,,,False
2,3,5,-28.8,-30.48076923076923,-3.1999999999999993,QT450-10,172.64921163381598,,,,False
2,3,6,-28.8,-30.48076923076923,-1.5999999999999996,QT450-10,172.67910180783724,,,,False
2,3,7,-28.8,-30.48076923076923,0.0,QT450-10,172.68906594107284,,,,False
2,3,8,-28.8,-30.48076923076923,1.6000000000000014,QT450-10,172.67910180783724,,,,False
2,3,9,-28.8,-30.48076923076923,3.200000000000001,QT450-10,172.64921163381598,,,,False
2,3,10,-28.8,-30.48076923076923,4.800000000000001,QT450-10,172.59940183349215,,,,False
2,3,11,-28.8,-30.48076923076923,6.400000000000002,QT450-10,172.52968226526608,,,,False
2,3,12,-28.8,-30.48076923076923,8.0,QT450-10,172.44006512621723,,,,False
2,3,13,-28.8,-30.48076923076923,9.600000000000001,QT450-10,172.33056366608244,,,,False
2,3,14,-28.8,-30.48076923076923,11.200000000000003,QT450-10,172.2011909116751,,,,False
2,4,0,-28.8,-28.903846153846153,-11.2,QT450-10,172.98983394083186,,,,False
2,4,1,-28.8,-28.903846153846153,-9.6,QT450-10,173.12009782499317,,,,False
2,4,2,-28.8,-28.903846153846153,-8.0,QT450-10,173.2303602733391,,,,False
2,4,3,-28.8,-28.903846153846153,-6.3999999999999995,QT450-10,173.32060559028167,,,,False
2,4,4,-28.8,-28.903846153846153,-4.8,QT450-10,173.39081765440073,,,,False
2,4,5,-28.8,-28.903846153846153,-3.1999999999999993,QT450-10,173.44098154109398,,,,False
2,4,6,-28.8,-28.903846153846153,-1.5999999999999996,QT450-10,173.47108515125012,,,,False
2,4,7,-28.8,-28.903846153846153,0.0,QT450-10,173.48112060046063,,,,False
2,4,8,-28.8,-28.903846153846153,1.6000000000000014,QT450-10,173.47108515125012,,,,False
2,4,9,-28.8,-28.903846153846153,3.200000000000001,QT450-10,173.44098154109398,,,,False
2,4,10,-28.8,-28.903846153846153,4.800000000000001,QT450-10,173.39081765440073,,,,False
2,4,11,-28.8,-28.903846153846153,6.400000000000002,QT450-10,173.32060559028167,,,,False
2,4,12,-28.8,-28.903846153846153,8.0,QT450-10,173.2303602733391,,,,False
2,4,13,-28.8,-28.903846153846153,9.600000000000001,QT450-10,173.12009782499317,,,,False
2,4,14,-28.8,-28.903846153846153,11.200000000000003,QT450-10,172.98983394083186,,,,False
2,5,0,-28.8,-27.326923076923077,-11.2,QT450-10,173.92288399496,,,,False
2,5,1,-28.8,-27.326923076923077,-9.6,QT450-10,174.05420714037007,,,,False
2,5,2,-28.8,-27.326923076923077,-8.0,QT450-10,174.16537534184826,,,,False
2,5,3,-28.8,-27.326923076923077,-6.3999999999999995,QT450-10,174.25636929548773,,,,False
2,5,4,-28.8,-27.326923076923077,-4.8,QT450-10,174.32716898618793,,,,False
2,5,5,-28.8,-27.326923076923077,-3.1999999999999993,QT450-10,174.3777557690186,,,,False
2,5,6,-28.8,-27.326923076923077,-1.5999999999999996,QT450-10,174.40811447185706,,,,False
2,5,7,-28.8,-27.326923076923077,0.0,QT450-10,174.41823518715884,,,,False
2,5,8,-28.8,-27.326923076923077,1.6000000000000014,QT450-10,174.40811447185706,,,,False
2,5,9,-28.8,-27.326923076923077,3.200000000000001,QT450-10,174.3777557690186,,,,False
2,5,10,-28.8,-27.326923076923077,4.800000000000001,QT450-10,174.32716898618793,,,,False
2,5,11,-28.8,-27.326923076923077,6.400000000000002,QT450-10,174.25636929548773,,,,False
2,5,12,-28.8,-27.326923076923077,8.0,QT450-10,174.16537534184826,,,,False
2,5,13,-28.8,-27.326923076923077,9.600000000000001,QT450-10,174.05420714037007,,,,False
2,5,14,-28.8,-27.326923076923077,11.200000000000003,QT450-10,173.92288399496,,,,False
2,6,0,-28.8,-25.75,-11.2,QT450-10,174.98934434200848,,,,False
2,6,1,-28.8,-25.75,-9.6,QT450-10,175.1218848993427,,,,False
2,6,2,-28.8,-25.75,-8.0,QT450-10,175.23409586986128,,,,False
2,6,3,-28.8,-25.75,-6.3999999999999995,QT450-10,175.32595320308587,,,,False
2,6,4,-28.8,-25.75,-4.8,QT450-10,175.39743166785627,,,,False
2,6,5,-28.8,-25.75,-3.1999999999999993,QT450-10,175.44850758950113,,,,False
2,6,6,-28.8,-25.75,-1.5999999999999996,QT450-10,175.4791616210993,,,,False
2,6,7,-28.8,-25.75,0.0,QT450-10,175.48938109993452,,,,False
2,6,8,-28.8,-25.75,1.6000000000000014,QT450-10,175.4791616210993,,,,False
2,6,9,-28.8,-25.75,3.200000000000001,QT450-10,175.44850758950113,,,,False
2,6,10,-28.8,-25.75,4.800000000000001,QT450-10,175.39743166785627,,,,False
2,6,11,-28.8,-25.75,6.400000000000002,QT450-10,175.32595320308587,,,,False
2,6,12,-28.8,-25.75,8.0,QT450-10,175.23409586986128,,,,False
2,6,13,-28.8,-25.75,9.600000000000001,QT450-10,175.1218848993427,,,,False
2,6,14,-28.8,-25.75,11.200000000000003,QT450-10,174.98934434200848,,,,False
2,7,0,-28.8,-24.173076923076923,-11.2,QT450-10,176.1761046415633,,,,False
2,7,1,-28.8,-24.173076923076923,-9.6,QT450-10,176.31000887827068,,,,False
2,7,2,-28.8,-24.173076923076923,-8.0,QT450-10,176.4233906565387,,,,False
2,7,3,-28.8,-24.173076923076923,-6.3999999999999995,QT450-10,176.5162196996794,,,,False
2,7,4,-28.8,-24.173076923076923,-4.8,QT450-10,176.58846378164512,,,,False
2,7,5,-28.8,-24.173076923076923,-3.1999999999999993,QT450-10,176.64009241854177,,,,False
2,7,6,-28.8,-24.173076923076923,-1.5999999999999996,QT450-10,176.67108059028035,,,,False
2,7,7,-28.8,-24.173076923076923,0.0,QT450-10,176.68141188550294,,,,False
2,7,8,-28.8,-24.173076923076923,1.6000000000000014,QT450-10,176.67108059028035,,,,False
2,7,9,-28.8,-24.173076923076923,3.200000000000001,QT450-10,176.64009241854177,,,,False
2,7,10,-28.8,-24.173076923076923,4.800000000000001,QT450-10,176.58846378164512,,,,False
2,7,11,-28.8,-24.173076923076923,6.400000000000002,QT450-10,176.5162196996794,,,,False
2,7,12,-28.8,-24.173076923076923,8.0,QT450-10,176.4233906565387,,,,False
2,7,13,-28.8,-24.173076923076923,9.600000000000001,QT450-10,176.31000887827068,,,,False
2,7,14,-28.8,-24.173076923076923,11.200000000000003,QT450-10,176.1761046415633,,,,False
2,8,0,-28.8,-22.596153846153847,-11.2,QT450-10,177.46803035511488,,,,False
2,8,1,-28.8,-22.596153846153847,-9.6,QT450-10,177.60343092155685,,,,False
2,8,2,-28.8,-22.596153846153847,-8.0,QT450-10,177.71810168933496,,,,False
2,8,3,-28.8,-22.596153846153847,-6.3999999999999995,QT450-10,177.81200411321268,,,,False
2,8,4,-28.8,-22.596153846153847,-4.8,QT450-10,177.88509648588465,,,,False
2,8,5,-28.8,-22.596153846153847,-3.1999999999999993,QT450-10,177.9373390303742,,,,False
2,8,6,-28.8,-22.596153846153847,-1.5999999999999996,QT450-10,177.968698974787,,,,False
2,8,7,-28.8,-22.596153846153847,0.0,QT450-10,177.97915478952063,,,,False
2,8,8,-28.8,-22.596153846153847,1.6000000000000014,QT450-10,177.968698974787,,,,False
2,8,9,-28.8,-22.596153846153847,3.200000000000001,QT450-10,177.9373390303742,,,,False
2,8,10,-28.8,-22.596153846153847,4.800000000000001,QT450-10,177.88509648588465,,,,False
2,8,11,-28.8,-22.596153846153847,6.400000000000002,QT450-10,177.81200411321268,,,,False
2,8,12,-28.8,-22.596153846153847,8.0,QT450-10,177.71810168933496,,,,False
2,8,13,-28.8,-22.596153846153847,9.600000000000001,QT450-10,177.60343092155685,,,,False
2,8,14,-28.8,-22.596153846153847,11.200000000000003,QT450-10,177.46803035511488,,,,False
2,9,0,-28.8,-21.01923076923077,-11.2,QT450-10,178.84807823560917,,,,False
2,9,1,-28.8,-21.01923076923077,-9.6,QT450-10,178.98509276147828,,,,False
2,9,2,-28.8,-21.01923076923077,-8.0,QT450-10,179.1011605490421,,,,False
2,9,3,-28.8,-21.01923076923077,-6.3999999999999995,QT450-10,179.1962318281184,,,,False
2,9,4,-28.8,-21.01923076923077,-4.8,QT450-10,179.2702518255221,,,,False
2,9,5,-28.8,-21.01923076923077,-3.1999999999999993,QT450-10,179.3231679355959,,,,False
2,9,6,-28.8,-21.01923076923077,-1.5999999999999996,QT450-10,179.3549367181901,,,,False
2,9,7,-28.8,-21.01923076923077,0.0,QT450-10,179.3655296265227,,,,False
2,9,8,-28.8,-21.01923076923077,1.6000000000000014,QT450-10,179.3549367181901,,,,False
2,9,9,-28.8,-21.01923076923077,3.200000000000001,QT450-10,179.3231679355959,,,,False
2,9,10,-28.8,-21.01923076923077,4.800000000000001,QT450-10,179.2702518255221,,,,False
2,9,11,-28.8,-21.01923076923077,6.400000000000002,QT450-10,179.1962318281184,,,,False
2,9,12,-28.8,-21.01923076923077,8.0,QT450-10,179.1011605490421,,,,False
2,9,13,-28.8,-21.01923076923077,9.600000000000001,QT450-10,178.98509276147828,,,,False
2,9,14,-28.8,-21.01923076923077,11.200000000000003,QT450-10,178.84807823560917,,,,False
2,10,0,-28.8,-19.442307692307693,-11.2,QT450-10,180.2974412412767,,,,False
2,10,1,-28.8,-19.442307692307693,-9.6,QT450-10,180.4361715033641,,,,False
2,10,2,-28.8,-19.442307692307693,-8.0,QT450-10,180.55373484976562,,,,False
2,10,3,-28.8,-19.442307692307693,-6.3999999999999995,QT450-10,180.65006583653084,,,,False
2,10,4,-28.8,-19.442307692307693,-4.8,QT450-10,180.72509133184099,,,,False
2,10,5,-28.8,-19.442307692307693,-3.1999999999999993,QT450-10,180.7787408092466,,,,False
2,10,6,-28.8,-19.442307692307693,-1.5999999999999996,QT450-10,180.81095606119263,,,,False
2,10,7,-28.8,-19.442307692307693,0.0,QT450-10,180.82169890551532,,,,False
2,10,8,-28.8,-19.442307692307693,1.6000000000000014,QT450-10,180.81095606119263,,,,False
2,10,9,-28.8,-19.442307692307693,3.200000000000001,QT450-10,180.7787408092466,,,,False
2,10,10,-28.8,-19.442307692307693,4.800000000000001,QT450-10,180.72509133184099,,,,False
2,10,11,-28.8,-19.442307692307693,6.400000000000002,QT450-10,180.65006583653084,,,,False
2,10,12,-28.8,-19.442307692307693,8.0,QT450-10,180.55373484976562,,,,False
2,10,13,-28.8,-19.442307692307693,9.600000000000001,QT450-10,180.4361715033641,,,,False
2,10,14,-28.8,-19.442307692307693,11.200000000000003,QT450-10,180.2974412412767,,,,False
2,11,0,-28.8,-17.865384615384617,-11.2,QT450-10,181.795725574988,,,,False
2,11,1,-28.8,-17.865384615384617,-9.6,QT450-10,181.93625762878668,,,,False
2,11,2,-28.8,-17.865384615384617,-8.0,QT450-10,182.05540779289655,,,,False
2,11,3,-28.8,-17.865384615384617,-6.3999999999999995,QT450-10,182.15308802191637,,,,False
2,11,4,-28.8,-17.865384615384617,-4.8,QT450-10,182.22919886382203,,,,False
2,11,5,-28.8,-17.865384615384617,-3.1999999999999993,QT450-10,182.28364450832106,,,,False
2,11,6,-28.8,-17.865384615384617,-1.5999999999999996,QT450-10,182.31634627188836,,,,False
2,11,7,-28.8,-17.865384615384617,0.0,QT450-10,182.3272527969201,,,,False
2,11,8,-28.8,-17.865384615384617,1.6000000000000014,QT450-10,182.31634627188836,,,,False
2,11,9,-28.8,-17.865384615384617,3.200000000000001,QT450-10,182.28364450832106,,,,False
2,11,10,-28.8,-17.865384615384617,4.800000000000001,QT450-10,182.22919886382203,,,,False
2,11,11,-28.8,-17.865384615384617,6.400000000000002,QT450-10,182.15308802191637,,,,False
2,11,12,-28.8,-17.865384615384617,8.0,QT450-10,182.05540779289655,,,,False
2,11,13,-28.8,-17.865384615384617,9.600000000000001,QT450-10,181.93625762878668,,,,False
2,11,14,-28.8,-17.865384615384617,11.200000000000003,QT450-10,181.795725574988,,,,False
2,12,0,-28.8,-16.28846153846154,-11.2,QT450-10,183.3211614505389,,,,False
2,12,1,-28.8,-16.28846153846154,-9.6,QT450-10,183.46356740343998,,,,False
2,12,2,-28.8,-16.28846153846154,-8.0,QT450-10,183.58439312252744,,,,False
2,12,3,-28.8,-16.28846153846154,-6.3999999999999995,QT450-10,183.68351680619068,,,,False
2,12,4,-28.8,-16.28846153846154,-4.8,QT450-10,183.76080052774344,,,,False
2,12,5,-28.8,-16.28846153846154,-3.1999999999999993,QT450-10,183.81611259603318,,,,False
2,12,6,-28.8,-16.28846153846154,-1.5999999999999996,QT450-10,183.84934608767335,,,,False
2,12,7,-28.8,-16.28846153846154,0.0,QT450-10,183.8604318688469,,,,False
2,12,8,-28.8,-16.28846153846154,1.6000000000000014,QT450-10,183.84934608767335,,,,False
2,12,9,-28.8,-16.28846153846154,3.200000000000001,QT450-10,183.81611259603318,,,,False
2,12,10,-28.8,-16.28846153846154,4.800000000000001,QT450-10,183.76080052774344,,,,False
2,12,11,-28.8,-16.28846153846154,6.400000000000002,QT450-10,183.68351680619068,,,,False
2,12,12,-28.8,-16.28846153846154,8.0,QT450-10,183.58439312252744,,,,False
2,12,13,-28.8,-16.28846153846154,9.600000000000001,QT450-10,183.46356740343998,,,,False
2,12,14,-28.8,-16.28846153846154,11.200000000000003,QT450-10,183.3211614505389,,,,False
2,13,0,-28.8,-14.711538461538463,-11.2,QT450-10,184.8508475081008,,,,False
2,13,1,-28.8,-14.711538461538463,-9.6,QT450-10,184.99519018388088,,,,False
2,13,2,-28.8,-14.711538461538463,-8.0,QT450-10,185.11778671810896,,,,False
2,13,3,-28.8,-14.711538461538463,-6.3999999999999995,QT450-10,185.2184629435814,,,,False
2,13,4,-28.8,-14.711538461538463,-4.8,QT450-10,185.29702369951323,,,,False
2,13,5,-28.8,-14.711538461538463,-3.1999999999999993,QT450-10,185.35328641575555,,,,False
2,13,6,-28.8,-14.711538461538463,-1.5999999999999996,QT450-10,185.3871058497447,,,,False
2,13,7,-28.8,-14.711538461538463,0.0,QT450-10,185.39838954004227,,,,False
2,13,8,-28.8,-14.711538461538463,1.6000000000000014,QT450-10,185.3871058497447,,,,False
2,13,9,-28.8,-14.711538461538463,3.200000000000001,QT450-10,185.35328641575555,,,,False
2,13,10,-28.8,-14.711538461538463,4.800000000000001,QT450-10,185.29702369951323,,,,False
2,13,11,-28.8,-14.711538461538463,6.400000000000002,QT450-10,185.2184629435814,,,,False
2,13,12,-28.8,-14.711538461538463,8.0,QT450-10,185.11778671810896,,,,False
2,13,13,-28.8,-14.711538461538463,9.600000000000001,QT450-10,184.99519018388088,,,,False
2,13,14,-28.8,-14.711538461538463,11.200000000000003,QT450-10,184.8508475081008,,,,False
2,14,0,-28.8,-13.134615384615387,-11.2,QT450-10,186.36102628890293,,,,False
2,14,1,-28.8,-13.134615384615387,-9.6,QT450-10,186.5073692719173,,,,False
2,14,2,-28.8,-13.134615384615387,-8.0,QT450-10,186.631854907178,,,,False
2,14,3,-28.8,-13.134615384615387,-6.3999999999999995,QT450-10,186.7342244027184,,,,False
2,14,4,-28.8,-13.134615384615387,-4.8,QT450-10,186.81419628616683,,,,False
2,14,5,-28.8,-13.134615384615387,-3.1999999999999993,QT450-10,186.87151666845457,,,,False
2,14,6,-28.8,-13.134615384615387,-1.5999999999999996,QT450-10,186.90599004115484,,,,False
2,14,7,-28.8,-13.134615384615387,0.0,QT450-10,186.91749485799036,,,,False
2,14,8,-28.8,-13.134615384615387,1.6000000000000014,QT450-10,186.90599004115484,,,,False
2,14,9,-28.8,-13.134615384615387,3.200000000000001,QT450-10,186.87151666845457,,,,False
2,14,10,-28.8,-13.134615384615387,4.800000000000001,QT450-10,186.81419628616683,,,,False
2,14,11,-28.8,-13.134615384615387,6.400000000000002,QT450-10,186.7342244027184,,,,False
2,14,12,-28.8,-13.134615384615387,8.0,QT450-10,186.631854907178,,,,False
2,14,13,-28.8,-13.134615384615387,9.600000000000001,QT450-10,186.5073692719173,,,,False
2,14,14,-28.8,-13.134615384615387,11.200000000000003,QT450-10,186.36102628890293,,,,False
2,15,0,-28.8,-11.55769230769231,-11.2,QT450-10,187.8273842307399,,,,False
2,15,1,-28.8,-11.55769230769231,-9.6,QT450-10,187.9758126892639,,,,False
2,15,2,-28.8,-11.55769230769231,-8.0,QT450-10,188.1023587429472,,,,False
2,15,3,-28.8,-11.55769230769231,-6.3999999999999995,QT450-10,188.20662083521503,,,,False
2,15,4,-28.8,-11.55769230769231,-4.8,QT450-10,188.28818659457346,,,,False
2,15,5,-28.8,-11.55769230769231,-3.1999999999999993,QT450-10,188.34670516963948,,,,False
2,15,6,-28.8,-11.55769230769231,-1.5999999999999996,QT450-10,188.38191928603794,,,,False
2,15,7,-28.8,-11.55769230769231,0.0,QT450-10,188.39367442570529,,,,False
2,15,8,-28.8,-11.55769230769231,1.6000000000000014,QT450-10,188.38191928603794,,,,False
2,15,9,-28.8,-11.55769230769231,3.200000000000001,QT450-10,188.34670516963948,,,,False
2,15,10,-28.8,-11.55769230769231,4.800000000000001,QT450-10,188.28818659457346,,,,False
2,15,11,-28.8,-11.55769230769231,6.400000000000002,QT450-10,188.20662083521503,,,,False
2,15,12,-28.8,-11.55769230769231,8.0,QT450-10,188.1023587429472,,,,False
2,15,13,-28.8,-11.55769230769231,9.600000000000001,QT450-10,187.9758126892639,,,,False
2,15,14,-28.8,-11.55769230769231,11.200000000000003,QT450-10,187.8273842307399,,,,False
2,16,0,-28.8,-9.98076923076923,-11.2,QT450-10,189.2253627015354,,,,False
2,16,1,-28.8,-9.98076923076923,-9.6,QT450-10,189.3760278344529,,,,False
2,16,2,-28.8,-9.98076923076923,-8.0,QT450-10,189.50491404822913,,,,False
2,16,3,-28.8,-9.98076923076923,-6.3999999999999995,QT450-10,189.61136884919088,,,,False
2,16,4,-28.8,-9.98076923076923,-4.8,QT450-10,189.69478377147195,,,,False
2,16,5,-28.8,-9.98076923076923,-3.1999999999999993,QT450-10,189.75468493200208,,,,False
2,16,6,-28.8,-9.98076923076923,-1.5999999999999996,QT450-10,189.79074866130662,,,,False
2,16,7,-28.8,-9.98076923076923,0.0,QT450-10,189.80278988179208,,,,False
2,16,8,-28.8,-9.98076923076923,1.6000000000000014,QT450-10,189.79074866130662,,,,False
2,16,9,-28.8,-9.98076923076923,3.200000000000001,QT450-10,189.75468493200208,,,,False
2,16,10,-28.8,-9.98076923076923,4.800000000000001,QT450-10,189.69478377147195,,,,False
2,16,11,-28.8,-9.98076923076923,6.400000000000002,QT450-10,189.61136884919088,,,,False
2,16,12,-28.8,-9.98076923076923,8.0,QT450-10,189.50491404822913,,,,False
2,16,13,-28.8,-9.98076923076923,9.600000000000001,QT450-10,189.3760278344529,,,,False
2,16,14,-28.8,-9.98076923076923,11.200000000000003,QT450-10,189.2253627015354,,,,False
2,17,0,-28.8,-8.403846153846153,-11.2,QT450-10,190.53045233026657,,,,False
2,17,1,-28.8,-8.403846153846153,-9.6,QT450-10,190.683673051385,,,,False
2,17,2,-28.8,-8.403846153846153,-8.0,QT450-10,190.8153917875183,,,,False
2,17,3,-28.8,-8.403846153846153,-6.3999999999999995,QT450-10,190.9245025246888,,,,False
2,17,4,-28.8,-8.403846153846153,-4.8,QT450-10,191.0101188268811,,,,False
2,17,5,-28.8,-8.403846153846153,-3.1999999999999993,QT450-10,191.0716345890152,,,,False
2,17,6,-28.8,-8.403846153846153,-1.5999999999999996,QT450-10,191.10867605113734,,,,False
2,17,7,-28.8,-8.403846153846153,0.0,QT450-10,191.12104396152856,,,,False
2,17,8,-28.8,-8.403846153846153,1.6000000000000014,QT450-10,191.10867605113734,,,,False
2,17,9,-28.8,-8.403846153846153,3.200000000000001,QT450-10,191.0716345890152,,,,False
2,17,10,-28.8,-8.403846153846153,4.800000000000001,QT450-10,191.0101188268811,,,,False
2,17,11,-28.8,-8.403846153846153,6.400000000000002,QT450-10,190.9245025246888,,,,False
2,17,12,-28.8,-8.403846153846153,8.0,QT450-10,190.8153917875183,,,,False
2,17,13,-28.8,-8.403846153846153,9.600000000000001,QT450-10,190.683673051385,,,,False
2,17,14,-28.8,-8.403846153846153,11.200000000000003,QT450-10,190.53045233026657,,,,False
2,18,0,-28.8,-6.826923076923077,-11.2,QT450-10,191.71840848985644,,,,False
2,18,1,-28.8,-6.826923076923077,-9.6,QT450-10,191.87492721073633,,,,False
2,18,2,-28.8,-6.826923076923077,-8.0,QT450-10,192.01037942063402,,,,False
2,18,3,-28.8,-6.826923076923077,-6.3999999999999995,QT450-10,192.12285100660245,,,,False
2,18,4,-28.8,-6.826923076923077,-4.8,QT450-10,192.2111258936293,,,,False
2,18,5,-28.8,-6.826923076923077,-3.1999999999999993,QT450-10,192.27451939622293,,,,False
2,18,6,-28.8,-6.826923076923077,-1.5999999999999996,QT450-10,192.31266963590122,,,,False
2,18,7,-28.8,-6.826923076923077,0.0,QT450-10,192.32540344577123,,,,False
2,18,8,-28.8,-6.826923076923077,1.6000000000000014,QT450-10,192.31266963590122,,,,False
2,18,9,-28.8,-6.826923076923077,3.200000000000001,QT450-10,192.27451939622293,,,,False
2,18,10,-28.8,-6.826923076923077,4.800000000000001,QT450-10,192.2111258936293,,,,False
2,18,11,-28.8,-6.826923076923077,6.400000000000002,QT450-10,192.12285100660245,,,,False
2,18,12,-28.8,-6.826923076923077,8.0,QT450-10,192.01037942063402,,,,False
2,18,13,-28.8,-6.826923076923077,9.600000000000001,QT450-10,191.87492721073633,,,,False
2,18,14,-28.8,-6.826923076923077,11.200000000000003,QT450-10,191.71840848985644,,,,False
2,19,0,-28.8,-5.25,-11.2,QT450-10,192.76523011751047,,,,False
2,19,1,-28.8,-5.25,-9.6,QT450-10,192.92692907839145,,,,False
2,19,2,-28.8,-5.25,-8.0,QT450-10,193.06776765001555,,,,False
2,19,3,-28.8,-5.25,-6.3999999999999995,QT450-10,193.18459579240505,,,,False
2,19,4,-28.8,-5.25,-4.8,QT450-10,193.27603851893662,,,,False
2,19,5,-28.8,-5.25,-3.1999999999999993,QT450-10,193.34154326625784,,,,False
2,19,6,-28.8,-5.25,-1.5999999999999996,QT450-10,193.38089682886664,,,,False
2,19,7,-28.8,-5.25,0.0,QT450-10,193.39402121349062,,,,False
2,19,8,-28.8,-5.25,1.6000000000000014,QT450-10,193.38089682886664,,,,False
2,19,9,-28.8,-5.25,3.200000000000001,QT450-10,193.34154326625784,,,,False
2,19,10,-28.8,-5.25,4.800000000000001,QT450-10,193.27603851893662,,,,False
2,19,11,-28.8,-5.25,6.400000000000002,QT450-10,193.18459579240505,,,,False
2,19,12,-28.8,-5.25,8.0,QT450-10,193.06776765001555,,,,False
2,19,13,-28.8,-5.25,9.600000000000001,QT450-10,192.92692907839145,,,,False
2,19,14,-28.8,-5.25,11.200000000000003,QT450-10,192.76523011751047,,,,False
2,20,0,-28.8,-3.673076923076927,-11.2,QT450-10,193.64644514043758,,,,False
2,20,1,-28.8,-3.673076923076927,-9.6,QT450-10,193.81858047097097,,,,False
2,20,2,-28.8,-3.673076923076927,-8.0,QT450-10,193.9676237948802,,,,False
2,20,3,-28.8,-3.673076923076927,-6.3999999999999995,QT450-10,194.0899278008593,,,,False
2,20,4,-28.8,-3.673076923076927,-4.8,QT450-10,194.18489427017917,,,,False
2,20,5,-28.8,-3.673076923076927,-3.1999999999999993,QT450-10,194.2525809058405,,,,False
2,20,6,-28.8,-3.673076923076927,-1.5999999999999996,QT450-10,194.29312857587948,,,,False
2,20,7,-28.8,-3.673076923076927,0.0,QT450-10,194.3066337026871,,,,False
2,20,8,-28.8,-3.673076923076927,1.6000000000000014,QT450-10,194.29312857587948,,,,False
2,20,9,-28.8,-3.673076923076927,3.200000000000001,QT450-10,194.2525809058405,,,,False
2,20,10,-28.8,-3.673076923076927,4.800000000000001,QT450-10,194.18489427017917,,,,False
2,20,11,-28.8,-3.673076923076927,6.400000000000002,QT450-10,194.0899278008593,,,,False
2,20,12,-28.8,-3.673076923076927,8.0,QT450-10,193.9676237948802,,,,False
2,20,13,-28.8,-3.673076923076927,9.600000000000001,QT450-10,193.81858047097097,,,,False
2,20,14,-28.8,-3.673076923076927,11.200000000000003,QT450-10,193.64644514043758,,,,False
2,21,0,-28.8,-2.0961538461538467,-11.2,ERNiFe-CI,194.5482732738401,,,,False
2,21,1,-28.8,-2.0961538461538467,-9.6,ERNiFe-CI,194.75467413940024,,,,False
2,21,2,-28.8,-2.0961538461538467,-8.0,ERNiFe-CI,194.91863159308195,,,,False
2,21,3,-28.8,-2.0961538461538467,-6.3999999999999995,ERNiFe-CI,195.04871118555508,,,,False
2,21,4,-28.8,-2.0961538461538467,-4.8,ERNiFe-CI,195.14821930427132,,,,False
2,21,5,-28.8,-2.0961538461538467,-3.1999999999999993,ERNiFe-CI,195.21864875918666,,,,False
2,21,6,-28.8,-2.0961538461538467,-1.5999999999999996,ERNiFe-CI,195.26070286856697,,,,False
2,21,7,-28.8,-2.0961538461538467,0.0,ERNiFe-CI,195.274691801836,,,,False
2,21,8,-28.8,-2.0961538461538467,1.6000000000000014,ERNiFe-CI,195.26070286856697,,,,False
2,21,9,-28.8,-2.0961538461538467,3.200000000000001,ERNiFe-CI,195.21864875918666,,,,False
2,21,10,-28.8,-2.0961538461538467,4.800000000000001,ERNiFe-CI,195.14821930427132,,,,False
2,21,11,-28.8,-2.0961538461538467,6.400000000000002,ERNiFe-CI,195.04871118555508,,,,False
2,21,12,-28.8,-2.0961538461538467,8.0,ERNiFe-CI,194.91863159308195,,,,False
2,21,13,-28.8,-2.0961538461538467,9.600000000000001,ERNiFe-CI,194.75467413940024,,,,False
2,21,14,-28.8,-2.0961538461538467,11.200000000000003,ERNiFe-CI,194.5482732738401,,,,False
2,22,0,-28.8,-0.5192307692307736,-11.2,ERNiFe-CI,195.67381537542866,,,,False
2,22,1,-28.8,-0.5192307692307736,-9.6,ERNiFe-CI,195.89436672521282,,,,False
2,22,2,-28.8,-0.5192307692307736,-8.0,ERNiFe-CI,196.06889709516085,,,,False
2,22,3,-28.8,-0.5192307692307736,-6.3999999999999995,ERNiFe-CI,196.20626151186755,,,,False
2,22,4,-28.8,-0.5192307692307736,-4.8,ERNiFe-CI,196.31097597976435,,,,False
2,22,5,-28.8,-0.5192307692307736,-3.1999999999999993,ERNiFe-CI,196.3850729764287,,,,False
2,22,6,-28.8,-0.5192307692307736,-1.5999999999999996,ERNiFe-CI,196.42935994803915,,,,False
2,22,7,-28.8,-0.5192307692307736,0.0,ERNiFe-CI,196.44410362307636,,,,False
2,22,8,-28.8,-0.5192307692307736,1.6000000000000014,ERNiFe-CI,196.42935994803915,,,,False
2,22,9,-28.8,-0.5192307692307736,3.200000000000001,ERNiFe-CI,196.3850729764287,,,,False
2,22,10,-28.8,-0.5192307692307736,4.800000000000001,ERNiFe-CI,196.31097597976435,,,,False
2,22,11,-28.8,-0.5192307692307736,6.400000000000002,ERNiFe-CI,196.20626151186755,,,,False
2,22,12,-28.8,-0.5192307692307736,8.0,ERNiFe-CI,196.06889709516085,,,,False
2,22,13,-28.8,-0.5192307692307736,9.600000000000001,ERNiFe-CI,195.89436672521282,,,,False
2,22,14,-28.8,-0.5192307692307736,11.200000000000003,ERNiFe-CI,195.67381537542866,,,,False
2,23,0,-28.8,1.0576923076923066,-11.2,ERNiFe-CI,196.7246851191698,,,,False
2,23,1,-28.8,1.0576923076923066,-9.6,ERNiFe-CI,196.94657295673167,,,,False
2,23,2,-28.8,1.0576923076923066,-8.0,ERNiFe-CI,197.12365553526266,,,,False
2,23,3,-28.8,1.0576923076923066,-6.3999999999999995,ERNiFe-CI,197.26483569565244,,,,False
2,23,4,-28.8,1.0576923076923066,-4.8,ERNiFe-CI,197.37385938492596,,,,False
2,23,5,-28.8,1.0576923076923066,-3.1999999999999993,ERNiFe-CI,197.4518567547253,,,,False
2,23,6,-28.8,1.0576923076923066,-1.5999999999999996,ERNiFe-CI,197.49884717780262,,,,False
2,23,7,-28.8,1.0576923076923066,0.0,ERNiFe-CI,197.5145567193957,,,,False
2,23,8,-28.8,1.0576923076923066,1.6000000000000014,ERNiFe-CI,197.49884717780262,,,,False
2,23,9,-28.8,1.0576923076923066,3.200000000000001,ERNiFe-CI,197.4518567547253,,,,False
2,23,10,-28.8,1.0576923076923066,4.800000000000001,ERNiFe-CI,197.37385938492596,,,,False
2,23,11,-28.8,1.0576923076923066,6.400000000000002,ERNiFe-CI,197.26483569565244,,,,False
2,23,12,-28.8,1.0576923076923066,8.0,ERNiFe-CI,197.12365553526266,,,,False
2,23,13,-28.8,1.0576923076923066,9.600000000000001,ERNiFe-CI,196.94657295673167,,,,False
2,23,14,-28.8,1.0576923076923066,11.200000000000003,ERNiFe-CI,196.7246851191698,,,,False
2,24,0,-28.8,2.634615384615387,-11.2,ERNiFe-CI,197.5856785880487,,,,False
2,24,1,-28.8,2.634615384615387,-9.6,ERNiFe-CI,197.79353687105794,,,,False
2,24,2,-28.8,2.634615384615387,-8.0,ERNiFe-CI,197.96441932911287,,,,False
2,24,3,-28.8,2.634615384615387,-6.3999999999999995,ERNiFe-CI,198.10587336420764,,,,False
2,24,4,-28.8,2.634615384615387,-4.8,ERNiFe-CI,198.21835293422052,,,,False
2,24,5,-28.8,2.634615384615387,-3.1999999999999993,ERNiFe-CI,198.30053712544213,,,,False
2,24,6,-28.8,2.634615384615387,-1.5999999999999996,ERNiFe-CI,198.35075194861093,,,,False
2,24,7,-28.8,2.634615384615387,0.0,ERNiFe-CI,198.3676602422684,,,,False
2,24,8,-28.8,2.634615384615387,1.6000000000000014,ERNiFe-CI,198.35075194861093,,,,False
2,24,9,-28.8,2.634615384615387,3.200000000000001,ERNiFe-CI,198.30053712544213,,,,False
2,24,10,-28.8,2.634615384615387,4.800000000000001,ERNiFe-CI,198.21835293422052,,,,False
2,24,11,-28.8,2.634615384615387,6.400000000000002,ERNiFe-CI,198.10587336420764,,,,False
2,24,12,-28.8,2.634615384615387,8.0,ERNiFe-CI,197.96441932911287,,,,False
2,24,13,-28.8,2.634615384615387,9.600000000000001,ERNiFe-CI,197.79353687105794,,,,False
2,24,14,-28.8,2.634615384615387,11.200000000000003,ERNiFe-CI,197.5856785880487,,,,False
2,25,0,-28.8,4.21153846153846,-11.2,Q235B,198.03032329572227,,,,False
2,25,1,-28.8,4.21153846153846,-9.6,Q235B,198.19789825791713,,,,False
2,25,2,-28.8,4.21153846153846,-8.0,Q235B,198.3572916270026,,,,False
2,25,3,-28.8,4.21153846153846,-6.3999999999999995,Q235B,198.49708434212678,,,,False
2,25,4,-28.8,4.21153846153846,-4.8,Q235B,198.61150011962,,,,False
2,25,5,-28.8,4.21153846153846,-3.1999999999999993,Q235B,198.69656647623097,,,,False
2,25,6,-28.8,4.21153846153846,-1.5999999999999996,Q235B,198.74911726132768,,,,False
2,25,7,-28.8,4.21153846153846,0.0,Q235B,198.76691119641566,,,,False
2,25,8,-28.8,4.21153846153846,1.6000000000000014,Q235B,198.74911726132768,,,,False
2,25,9,-28.8,4.21153846153846,3.200000000000001,Q235B,198.69656647623097,,,,False
2,25,10,-28.8,4.21153846153846,4.800000000000001,Q235B,198.61150011962,,,,False
2,25,11,-28.8,4.21153846153846,6.400000000000002,Q235B,198.49708434212678,,,,False
2,25,12,-28.8,4.21153846153846,8.0,Q235B,198.3572916270026,,,,False
2,25,13,-28.8,4.21153846153846,9.600000000000001,Q235B,198.19789825791713,,,,False
2,25,14,-28.8,4.21153846153846,11.200000000000003,Q235B,198.03032329572227,,,,False
3,0,0,-25.92,-35.21153846153846,-11.2,QT450-10,171.29127612572978,,,,False
3,0,1,-25.92,-35.21153846153846,-9.6,QT450-10,171.41963197618387,,,,False
3,0,2,-25.92,-35.21153846153846,-8.0,QT450-10,171.52826481167452,,,,False
3,0,3,-25.92,-35.21153846153846,-6.3999999999999995,QT450-10,171.6171660341308,,,,False
3,0,4,-25.92,-35.21153846153846,-4.8,QT450-10,171.68632554969227,,,,False
3,0,5,-25.92,-35.21153846153846,-3.1999999999999993,QT450-10,171.73573355693856,,,,False
3,0,6,-25.92,-35.21153846153846,-1.5999999999999996,QT450-10,171.76538193973317,,,,False
3,0,7,-25.92,-35.21153846153846,0.0,QT450-10,171.77526535501102,,,,False
3,0,8,-25.92,-35.21153846153846,1.6000000000000014,QT450-10,171.76538193973317,,,,False
3,0,9,-25.92,-35.21153846153846,3.200000000000001,QT450-10,171.73573355693856,,,,False
3,0,10,-25.92,-35.21153846153846,4.800000000000001,QT450-10,171.68632554969227,,,,False
3,0,11,-25.92,-35.21153846153846,6.400000000000002,QT450-10,171.6171660341308,,,,False
3,0,12,-25.92,-35.21153846153846,8.0,QT450-10,171.52826481167452,,,,False
3,0,13,-25.92,-35.21153846153846,9.600000000000001,QT450-10,171.41963197618387,,,,False
3,0,14,-25.92,-35.21153846153846,11.200000000000003,QT450-10,171.29127612572978,,,,False
3,1,0,-25.92,-33.63461538461539,-11.2,QT450-10,171.61383484796738,,,,False
3,1,1,-25.92,-33.63461538461539,-9.6,QT450-10,171.74254852103658,,,,False
3,1,2,-25.92,-33.63461538461539,-8.0,QT450-10,171.85148820186072,,,,False
3,1,3,-25.92,-33.63461538461539,-6.3999999999999995,QT450-10,171.94064260016984,,,,False
3,1,4,-25.92,-33.63461538461539,-4.8,QT450-10,172.01000026440317,,,,False
3,1,5,-25.92,-33.63461538461539,-3.1999999999999993,QT450-10,172.0595504751121,,,,False
3,1,6,-25.92,-33.63461538461539,-1.5999999999999996,QT450-10,172.08928445536287,,,,False
3,1,7,-25.92,-33.63461538461539,0.0,QT450-10,172.09919645009379,,,,False
3,1,8,-25.92,-33.63461538461539,1.6000000000000014,QT450-10,172.08928445536287,,,,False
3,1,9,-25.92,-33.63461538461539,3.200000000000001,QT450-10,172.0595504751121,,,,False
3,1,10,-25.92,-33.63461538461539,4.800000000000001,QT450-10,172.01000026440317,,,,False
3,1,11,-25.92,-33.63461538461539,6.400000000000002,QT450-10,171.94064260016984,,,,False
3,1,12,-25.92,-33.63461538461539,8.0,QT450-10,171.85148820186072,,,,False
3,1,13,-25.92,-33.63461538461539,9.600000000000001,QT450-10,171.74254852103658,,,,False
3,1,14,-25.92,-33.63461538461539,11.200000000000003,QT450-10,171.61383484796738,,,,False
3,2,0,-25.92,-32.05769230769231,-11.2,QT450-10,172.11092294955813,,,,False
3,2,1,-25.92,-32.05769230769231,-9.6,QT450-10,172.24019486235596,,,,False
3,2,2,-25.92,-32.05769230769231,-8.0,QT450-10,172.34961101318038,,,,False
3,2,3,-25.92,-32.05769230769231,-6.3999999999999995,QT450-10,172.43915852501124,,,,False
3,2,4,-25.92,-32.05769230769231,-4.8,QT450-10,172.5088241769603,,,,False
3,2,5,-25.92,-32.05769230769231,-3.1999999999999993,QT450-10,172.55859566203682,,,,False
3,2,6,-25.92,-32.05769230769231,-1.5999999999999996,QT450-10,172.58846294760505,,,,False
3,2,7,-25.92,-32.05769230769231,0.0,QT450-10,172.5984194705033,,,,False
3,2,8,-25.92,-32.05769230769231,1.6000000000000014,QT450-10,172.58846294760505,,,,False
3,2,9,-25.92,-32.05769230769231,3.200000000000001,QT450-10,172.55859566203682,,,,False
3,2,10,-25.92,-32.05769230769231,4.800000000000001,QT450-10,172.5088241769603,,,,False
3,2,11,-25.92,-32.05769230769231,6.400000000000002,QT450-10,172.43915852501124,,,,False
3,2,12,-25.92,-32.05769230769231,8.0,QT450-10,172.34961101318038,,,,False
3,2,13,-25.92,-32.05769230769231,9.600000000000001,QT450-10,172.24019486235596,,,,False
3,2,14,-25.92,-32.05769230769231,11.200000000000003,QT450-10,172.11092294955813,,,,False
3,3,0,-25.92,-30.48076923076923,-11.2,QT450-10,172.77810542596623,,,,False
3,3,1,-25.92,-30.48076923076923,-9.6,QT450-10,172.90813047491554,,,,False
3,3,2,-25.92,-30.48076923076923,-8.0,QT450-10,173.0181897687063,,,,False
3,3,3,-25.92,-30.48076923076923,-6.3999999999999995,QT450-10,173.1082682185082,,,,False
3,3,4,-25.92,-30.48076923076923,-4.8,QT450-10,173.17835014581422,,,,False
3,3,5,-25.92,-30.48076923076923,-3.1999999999999993,QT450-10,173.22842091815315,,,,False
3,3,6,-25.92,-30.48076923076923,-1.5999999999999996,QT450-10,173.2584686056374,,,,False
3,3,7,-25.92,-30.48076923076923,0.0,QT450-10,173.26848540602757,,,,False
3,3,8,-25.92,-30.48076923076923,1.6000000000000014,QT450-10,173.2584686056374,,,,False
3,3,9,-25.92,-30.48076923076923,3.200000000000001,QT450-10,173.22842091815315,,,,False
3,3,10,-25.92,-30.48076923076923,4.800000000000001,QT450-10,173.17835014581422,,,,False
3,3,11,-25.92,-30.48076923076923,6.400000000000002,QT450-10,173.1082682185082,,,,False
3,3,12,-25.92,-30.48076923076923,8.0,QT450-10,173.0181897687063,,,,False
3,3,13,-25.92,-30.48076923076923,9.600000000000001,QT450-10,172.90813047491554,,,,False
3,3,14,-25.92,-30.48076923076923,11.200000000000003,QT450-10,172.77810542596623,,,,False
3,4,0,-25.92,-28.903846153846153,-11.2,QT450-10,173.60861731146574,,,,False
3,4,1,-25.92,-28.903846153846153,-9.6,QT450-10,173.7395840284858,,,,False
3,4,2,-25.92,-28.903846153846153,-8.0,QT450-10,173.85044834403152,,,,False
3,4,3,-25.92,-28.903846153846153,-6.3999999999999995,QT450-10,173.9411920237993,,,,False
3,4,4,-25.92,-28.903846153846153,-4.8,QT450-10,174.0117959950048,,,,False
3,4,5,-25.92,-28.903846153846153,-3.1999999999999993,QT450-10,174.0622423929567,,,,False
3,4,6,-25.92,-28.903846153846153,-1.5999999999999996,QT450-10,174.09251662666478,,,,False
3,4,7,-25.92,-28.903846153846153,0.0,QT450-10,174.1026091455305,,,,False
3,4,8,-25.92,-28.903846153846153,1.6000000000000014,QT450-10,174.09251662666478,,,,False
3,4,9,-25.92,-28.903846153846153,3.200000000000001,QT450-10,174.0622423929567,,,,False
3,4,10,-25.92,-28.903846153846153,4.800000000000001,QT450-10,174.0117959950048,,,,False
3,4,11,-25.92,-28.903846153846153,6.400000000000002,QT450-10,173.9411920237993,,,,False
3,4,12,-25.92,-28.903846153846153,8.0,QT450-10,173.85044834403152,,,,False
3,4,13,-25.92,-28.903846153846153,9.600000000000001,QT450-10,173.7395840284858,,,,False
3,4,14,-25.92,-28.903846153846153,11.200000000000003,QT450-10,173.60861731146574,,,,False
3,5,0,-25.92,-27.326923076923077,-11.2,QT450-10,174.59338802931276,,,,False
3,5,1,-25.92,-27.326923076923077,-9.6,QT450-10,174.72547681289217,,,,False
3,5,2,-25.92,-27.326923076923077,-8.0,QT450-10,174.8373016609508,,,,False
3,5,3,-25.92,-27.326923076923077,-6.3999999999999995,QT450-10,174.9288401204553,,,,False
3,5,4,-25.92,-27.326923076923077,-4.8,QT450-10,175.00006855169357,,,,False
3,5,5,-25.92,-27.326923076923077,-3.1999999999999993,QT450-10,175.05096471718574,,,,False
3,5,6,-25.92,-27.326923076923077,-1.5999999999999996,QT450-10,175.08151040835094,,,,False
3,5,7,-25.92,-27.326923076923077,0.0,QT450-10,175.09169369036448,,,,False
3,5,8,-25.92,-27.326923076923077,1.6000000000000014,QT450-10,175.08151040835094,,,,False
3,5,9,-25.92,-27.326923076923077,3.200000000000001,QT450-10,175.05096471718574,,,,False
3,5,10,-25.92,-27.326923076923077,4.800000000000001,QT450-10,175.00006855169357,,,,False
3,5,11,-25.92,-27.326923076923077,6.400000000000002,QT450-10,174.9288401204553,,,,False
3,5,12,-25.92,-27.326923076923077,8.0,QT450-10,174.8373016609508,,,,False
3,5,13,-25.92,-27.326923076923077,9.600000000000001,QT450-10,174.72547681289217,,,,False
3,5,14,-25.92,-27.326923076923077,11.200000000000003,QT450-10,174.59338802931276,,,,False
3,6,0,-25.92,-25.75,-11.2,QT450-10,175.72107940885277,,,,False
3,6,1,-25.92,-25.75,-9.6,QT450-10,175.85446052876043,,,,False
3,6,2,-25.92,-25.75,-8.0,QT450-10,175.96739358186167,,,,False
3,6,3,-25.92,-25.75,-6.3999999999999995,QT450-10,176.0598506134104,,,,False
3,6,4,-25.92,-25.75,-4.8,QT450-10,176.13180192880392,,,,False
3,6,5,-25.92,-25.75,-3.1999999999999993,QT450-10,176.1832194447484,,,,False
3,6,6,-25.92,-25.75,-1.5999999999999996,QT450-10,176.21408009526687,,,,False
3,6,7,-25.92,-25.75,0.0,QT450-10,176.22436873724087,,,,False
3,6,8,-25.92,-25.75,1.6000000000000014,QT450-10,176.21408009526687,,,,False
3,6,9,-25.92,-25.75,3.200000000000001,QT450-10,176.1832194447484,,,,False
3,6,10,-25.92,-25.75,4.800000000000001,QT450-10,176.13180192880392,,,,False
3,6,11,-25.92,-25.75,6.400000000000002,QT450-10,176.0598506134104,,,,False
3,6,12,-25.92,-25.75,8.0,QT450-10,175.96739358186167,,,,False
3,6,13,-25.92,-25.75,9.600000000000001,QT450-10,175.85446052876043,,,,False
3,6,14,-25.92,-25.75,11.200000000000003,QT450-10,175.72107940885277,,,,False
3,7,0,-25.92,-24.173076923076923,-11.2,QT450-10,176.97814148965742,,,,False
3,7,1,-25.92,-24.173076923076923,-9.6,QT450-10,177.11297309619542,,,,False
3,7,2,-25.92,-24.173076923076923,-8.0,QT450-10,177.22715289552156,,,,False
3,7,3,-25.92,-24.173076923076923,-6.3999999999999995,QT450-10,177.3206457925686,,,,False
3,7,4,-25.92,-24.173076923076923,-4.8,QT450-10,177.3934140743927,,,,False
3,7,5,-25.92,-24.173076923076923,-3.1999999999999993,QT450-10,177.44542184873177,,,,False
3,7,6,-25.92,-24.173076923076923,-1.5999999999999996,QT450-10,177.4766395384295,,,,False
3,7,7,-25.92,-24.173076923076923,0.0,QT450-10,177.48704769484144,,,,False
3,7,8,-25.92,-24.173076923076923,1.6000000000000014,QT450-10,177.4766395384295,,,,False
3,7,9,-25.92,-24.173076923076923,3.200000000000001,QT450-10,177.44542184873177,,,,False
3,7,10,-25.92,-24.173076923076923,4.800000000000001,QT450-10,177.3934140743927,,,,False
3,7,11,-25.92,-24.173076923076923,6.400000000000002,QT450-10,177.3206457925686,,,,False
3,7,12,-25.92,-24.173076923076923,8.0,QT450-10,177.22715289552156,,,,False
3,7,13,-25.92,-24.173076923076923,9.600000000000001,QT450-10,177.11297309619542,,,,False
3,7,14,-25.92,-24.173076923076923,11.200000000000003,QT450-10,176.97814148965742,,,,False
3,8,0,-25.92,-22.596153846153847,-11.2,QT450-10,178.3488905579479,,,,False
3,8,1,-25.92,-22.596153846153847,-9.6,QT450-10,178.48531683634585,,,,False
3,8,2,-25.92,-22.596153846153847,-8.0,QT450-10,178.60087182989278,,,,False
3,8,3,-25.92,-22.596153846153847,-6.3999999999999995,QT450-10,178.6955110833846,,,,False
3,8,4,-25.92,-22.596153846153847,-4.8,QT450-10,178.76918617017475,,,,False
3,8,5,-25.92,-22.596153846153847,-3.1999999999999993,QT450-10,178.82185069619993,,,,False
3,8,6,-25.92,-22.596153846153847,-1.5999999999999996,QT450-10,178.85346631741513,,,,False
3,8,7,-25.92,-22.596153846153847,0.0,QT450-10,178.8640077918211,,,,False
3,8,8,-25.92,-22.596153846153847,1.6000000000000014,QT450-10,178.85346631741513,,,,False
3,8,9,-25.92,-22.596153846153847,3.200000000000001,QT450-10,178.82185069619993,,,,False
3,8,10,-25.92,-22.596153846153847,4.800000000000001,QT450-10,178.76918617017475,,,,False
3,8,11,-25.92,-22.596153846153847,6.400000000000002,QT450-10,178.6955110833846,,,,False
3,8,12,-25.92,-22.596153846153847,8.0,QT450-10,178.60087182989278,,,,False
3,8,13,-25.92,-22.596153846153847,9.600000000000001,QT450-10,178.48531683634585,,,,False
3,8,14,-25.92,-22.596153846153847,11.200000000000003,QT450-10,178.3488905579479,,,,False
3,9,0,-25.92,-21.01923076923077,-11.2,QT450-10,179.81561399816377,,,,False
3,9,1,-25.92,-21.01923076923077,-9.6,QT450-10,179.95376363095045,,,,False
3,9,2,-25.92,-21.01923076923077,-8.0,QT450-10,180.07081178255982,,,,False
3,9,3,-25.92,-21.01923076923077,-6.3999999999999995,QT450-10,180.16670147899703,,,,False
3,9,4,-25.92,-21.01923076923077,-4.8,QT450-10,180.24136975450875,,,,False
3,9,5,-25.92,-21.01923076923077,-3.1999999999999993,QT450-10,180.2947559364876,,,,False
3,9,6,-25.92,-21.01923076923077,-1.5999999999999996,QT450-10,180.32680979355948,,,,False
3,9,7,-25.92,-21.01923076923077,0.0,QT450-10,180.33749825553502,,,,False
3,9,8,-25.92,-21.01923076923077,1.6000000000000014,QT450-10,180.32680979355948,,,,False
3,9,9,-25.92,-21.01923076923077,3.200000000000001,QT450-10,180.2947559364876,,,,False
3,9,10,-25.92,-21.01923076923077,4.800000000000001,QT450-10,180.24136975450875,,,,False
3,9,11,-25.92,-21.01923076923077,6.400000000000002,QT450-10,180.16670147899703,,,,False
3,9,12,-25.92,-21.01923076923077,8.0,QT450-10,180.07081178255982,,,,False
3,9,13,-25.92,-21.01923076923077,9.600000000000001,QT450-10,179.95376363095045,,,,False
3,9,14,-25.92,-21.01923076923077,11.200000000000003,QT450-10,179.81561399816377,,,,False
3,10,0,-25.92,-19.442307692307693,-11.2,QT450-10,181.35870634175606,,,,False
3,10,1,-25.92,-19.442307692307693,-9.6,QT450-10,181.49869152432183,,,,False
3,10,2,-25.92,-19.442307692307693,-8.0,QT450-10,181.61734086973559,,,,False
3,10,3,-25.92,-19.442307692307693,-6.3999999999999995,QT450-10,181.71458019930895,,,,False
3,10,4,-25.92,-19.442307692307693,-4.8,QT450-10,181.79032643186068,,,,False
3,10,5,-25.92,-19.442307692307693,-3.1999999999999993,QT450-10,181.84449924147532,,,,False
3,10,6,-25.92,-19.442307692307693,-1.5999999999999996,QT450-10,181.87703217286466,,,,False
3,10,7,-25.92,-19.442307692307693,0.0,QT450-10,181.88788155220678,,,,False
3,10,8,-25.92,-19.442307692307693,1.6000000000000014,QT450-10,181.87703217286466,,,,False
3,10,9,-25.92,-19.442307692307693,3.200000000000001,QT450-10,181.84449924147532,,,,False
3,10,10,-25.92,-19.442307692307693,4.800000000000001,QT450-10,181.79032643186068,,,,False
3,10,11,-25.92,-19.442307692307693,6.400000000000002,QT450-10,181.71458019930895,,,,False
3,10,12,-25.92,-19.442307692307693,8.0,QT450-10,181.61734086973559,,,,False
3,10,13,-25.92,-19.442307692307693,9.600000000000001,QT450-10,181.49869152432183,,,,False
3,10,14,-25.92,-19.442307692307693,11.200000000000003,QT450-10,181.35870634175606,,,,False
3,11,0,-25.92,-17.865384615384617,-11.2,QT450-10,182.9568402669508,,,,False
3,11,1,-25.92,-17.865384615384617,-9.6,QT450-10,183.09875667745473,,,,False
3,11,2,-25.92,-17.865384615384617,-8.0,QT450-10,183.21910743558934,,,,False
3,11,3,-25.92,-17.865384615384617,-6.3999999999999995,QT450-10,183.31779394128534,,,,False
3,11,4,-25.92,-17.865384615384617,-4.8,QT450-10,183.39470469301466,,,,False
3,11,5,-25.92,-17.865384615384617,-3.1999999999999993,QT450-10,183.44973201153195,,,,False
3,11,6,-25.92,-17.865384615384617,-1.5999999999999996,QT450-10,183.48278723044618,,,,False
3,11,7,-25.92,-17.865384615384617,0.0,QT450-10,183.4938123499442,,,,False
3,11,8,-25.92,-17.865384615384617,1.6000000000000014,QT450-10,183.48278723044618,,,,False
3,11,9,-25.92,-17.865384615384617,3.200000000000001,QT450-10,183.44973201153195,,,,False
3,11,10,-25.92,-17.865384615384617,4.800000000000001,QT450-10,183.39470469301466,,,,False
3,11,11,-25.92,-17.865384615384617,6.400000000000002,QT450-10,183.31779394128534,,,,False
3,11,12,-25.92,-17.865384615384617,8.0,QT450-10,183.21910743558934,,,,False
3,11,13,-25.92,-17.865384615384617,9.600000000000001,QT450-10,183.09875667745473,,,,False
3,11,14,-25.92,-17.865384615384617,11.200000000000003,QT450-10,182.9568402669508,,,,False
3,12,0,-25.92,-16.28846153846154,-11.2,QT450-10,184.58717515925065,,,,False
3,12,1,-25.92,-16.28846153846154,-9.6,QT450-10,184.73110357636637,,,,False
3,12,2,-25.92,-16.28846153846154,-8.0,QT450-10,184.8532528336682,,,,False
3,12,3,-25.92,-16.28846153846154,-6.3999999999999995,QT450-10,184.9534883834889,,,,False
3,12,4,-25.92,-16.28846153846154,-4.8,QT450-10,185.03165771947218,,,,False
3,12,5,-25.92,-16.28846153846154,-3.1999999999999993,QT450-10,185.08761480363563,,,,False
3,12,6,-25.92,-16.28846153846154,-1.5999999999999996,QT450-10,185.12124066684632,,,,False
3,12,7,-25.92,-16.28846153846154,0.0,QT450-10,185.1324581727074,,,,False
3,12,8,-25.92,-16.28846153846154,1.6000000000000014,QT450-10,185.12124066684632,,,,False
3,12,9,-25.92,-16.28846153846154,3.200000000000001,QT450-10,185.08761480363563,,,,False
3,12,10,-25.92,-16.28846153846154,4.800000000000001,QT450-10,185.03165771947218,,,,False
3,12,11,-25.92,-16.28846153846154,6.400000000000002,QT450-10,184.9534883834889,,,,False
3,12,12,-25.92,-16.28846153846154,8.0,QT450-10,184.8532528336682,,,,False
3,12,13,-25.92,-16.28846153846154,9.600000000000001,QT450-10,184.73110357636637,,,,False
3,12,14,-25.92,-16.28846153846154,11.200000000000003,QT450-10,184.58717515925065,,,,False
3,13,0,-25.92,-14.711538461538463,-11.2,QT450-10,186.22560405122752,,,,False
3,13,1,-25.92,-14.711538461538463,-9.6,QT450-10,186.3716148973432,,,,False
3,13,2,-25.92,-14.711538461538463,-8.0,QT450-10,186.49566563961858,,,,False
3,13,3,-25.92,-14.711538461538463,-6.3999999999999995,QT450-10,186.5975666627531,,,,False
3,13,4,-25.92,-14.711538461538463,-4.8,QT450-10,186.67710513669323,,,,False
3,13,5,-25.92,-14.711538461538463,-3.1999999999999993,QT450-10,186.7340811659996,,,,False
3,13,6,-25.92,-14.711538461538463,-1.5999999999999996,QT450-10,186.76833501800678,,,,False
3,13,7,-25.92,-14.711538461538463,0.0,QT450-10,186.77976463302477,,,,False
3,13,8,-25.92,-14.711538461538463,1.6000000000000014,QT450-10,186.76833501800678,,,,False
3,13,9,-25.92,-14.711538461538463,3.200000000000001,QT450-10,186.7340811659996,,,,False
3,13,10,-25.92,-14.711538461538463,4.800000000000001,QT450-10,186.67710513669323,,,,False
3,13,11,-25.92,-14.711538461538463,6.400000000000002,QT450-10,186.5975666627531,,,,False
3,13,12,-25.92,-14.711538461538463,8.0,QT450-10,186.49566563961858,,,,False
3,13,13,-25.92,-14.711538461538463,9.600000000000001,QT450-10,186.3716148973432,,,,False
3,13,14,-25.92,-14.711538461538463,11.200000000000003,QT450-10,186.22560405122752,,,,False
3,14,0,-25.92,-13.134615384615387,-11.2,QT450-10,187.84703705970838,,,,False
3,14,1,-25.92,-13.134615384615387,-9.6,QT450-10,187.9952004096162,,,,False
3,14,2,-25.92,-13.134615384615387,-8.0,QT450-10,188.121278136644,,,,False
3,14,3,-25.92,-13.134615384615387,-6.3999999999999995,QT450-10,188.22499253962584,,,,False
3,14,4,-25.92,-13.134615384615387,-4.8,QT450-10,188.3060406323625,,,,False
3,14,5,-25.92,-13.134615384615387,-3.1999999999999993,QT450-10,188.36414761037958,,,,False
3,14,6,-25.92,-13.134615384615387,-1.5999999999999996,QT450-10,188.39910060342203,,,,False
3,14,7,-25.92,-13.134615384615387,0.0,QT450-10,188.41076662383463,,,,False
3,14,8,-25.92,-13.134615384615387,1.6000000000000014,QT450-10,188.39910060342203,,,,False
3,14,9,-25.92,-13.134615384615387,3.200000000000001,QT450-10,188.36414761037958,,,,False
3,14,10,-25.92,-13.134615384615387,4.800000000000001,QT450-10,188.3060406323625,,,,False
3,14,11,-25.92,-13.134615384615387,6.400000000000002,QT450-10,188.22499253962584,,,,False
3,14,12,-25.92,-13.134615384615387,8.0,QT450-10,188.121278136644,,,,False
3,14,13,-25.92,-13.134615384615387,9.600000000000001,QT450-10,187.9952004096162,,,,False
3,14,14,-25.92,-13.134615384615387,11.200000000000003,QT450-10,187.84703705970838,,,,False
3,15,0,-25.92,-11.55769230769231,-11.2,QT450-10,189.42571521352616,,,,False
3,15,1,-25.92,-11.55769230769231,-9.6,QT450-10,189.57612177207187,,,,False
3,15,2,-25.92,-11.55769230769231,-8.0,QT450-10,189.70440485414628,,,,False
3,15,3,-25.92,-11.55769230769231,-6.3999999999999995,QT450-10,189.8101393098527,,,,False
3,15,4,-25.92,-11.55769230769231,-4.8,QT450-10,189.8928863655813,,,,False
3,15,5,-25.92,-11.55769230769231,-3.1999999999999993,QT450-10,189.95226994454362,,,,False
3,15,6,-25.92,-11.55769230769231,-1.5999999999999996,QT450-10,189.98801210608426,,,,False
3,15,7,-25.92,-11.55769230769231,0.0,QT450-10,189.99994482499181,,,,False
3,15,8,-25.92,-11.55769230769231,1.6000000000000014,QT450-10,189.98801210608426,,,,False
3,15,9,-25.92,-11.55769230769231,3.200000000000001,QT450-10,189.95226994454362,,,,False
3,15,10,-25.92,-11.55769230769231,4.800000000000001,QT450-10,189.8928863655813,,,,False
3,15,11,-25.92,-11.55769230769231,6.400000000000002,QT450-10,189.8101393098527,,,,False
3,15,12,-25.92,-11.55769230769231,8.0,QT450-10,189.70440485414628,,,,False
3,15,13,-25.92,-11.55769230769231,9.600000000000001,QT450-10,189.57612177207187,,,,False
3,15,14,-25.92,-11.55769230769231,11.200000000000003,QT450-10,189.42571521352616,,,,False
3,16,0,-25.92,-9.98076923076923,-11.2,QT450-10,190.93554122861178,,,,False
3,16,1,-25.92,-9.98076923076923,-9.6,QT450-10,191.08834735610142,,,,False
3,16,2,-25.92,-9.98076923076923,-8.0,QT450-10,191.21912323475175,,,,False
3,16,3,-25.92,-9.98076923076923,-6.3999999999999995,QT450-10,191.32718598105473,,,,False
3,16,4,-25.92,-9.98076923076923,-4.8,QT450-10,191.41189441166625,,,,False
3,16,5,-25.92,-9.98076923076923,-3.1999999999999993,QT450-10,191.47274436087605,,,,False
3,16,6,-25.92,-9.98076923076923,-1.5999999999999996,QT450-10,191.5093878631115,,,,False
3,16,7,-25.92,-9.98076923076923,0.0,QT450-10,191.52162414890935,,,,False
3,16,8,-25.92,-9.98076923076923,1.6000000000000014,QT450-10,191.5093878631115,,,,False
3,16,9,-25.92,-9.98076923076923,3.200000000000001,QT450-10,191.47274436087605,,,,False
3,16,10,-25.92,-9.98076923076923,4.800000000000001,QT450-10,191.41189441166625,,,,False
3,16,11,-25.92,-9.98076923076923,6.400000000000002,QT450-10,191.32718598105473,,,,False
3,16,12,-25.92,-9.98076923076923,8.0,QT450-10,191.21912323475175,,,,False
3,16,13,-25.92,-9.98076923076923,9.600000000000001,QT450-10,191.08834735610142,,,,False
3,16,14,-25.92,-9.98076923076923,11.200000000000003,QT450-10,190.93554122861178,,,,False
3,17,0,-25.92,-8.403846153846153,-11.2,QT450-10,192.3503989444623,,,,False
3,17,1,-25.92,-8.403846153846153,-9.6,QT450-10,192.50592994041523,,,,False
3,17,2,-25.92,-8.403846153846153,-8.0,QT450-10,192.63970101377788,,,,False
3,17,3,-25.92,-8.403846153846153,-6.3999999999999995,QT450-10,192.750565177593,,,,False
3,17,4,-25.92,-8.403846153846153,-4.8,QT450-10,192.83759520764357,,,,False
3,17,5,-25.92,-8.403846153846153,-3.1999999999999993,QT450-10,192.90014918186026,,,,False
3,17,6,-25.92,-8.403846153846153,-1.5999999999999996,QT450-10,192.93782544388745,,,,False
3,17,7,-25.92,-8.403846153846153,0.0,QT450-10,192.95040698757765,,,,False
3,17,8,-25.92,-8.403846153846153,1.6000000000000014,QT450-10,192.93782544388745,,,,False
3,17,9,-25.92,-8.403846153846153,3.200000000000001,QT450-10,192.90014918186026,,,,False
3,17,10,-25.92,-8.403846153846153,4.800000000000001,QT450-10,192.83759520764357,,,,False
3,17,11,-25.92,-8.403846153846153,6.400000000000002,QT450-10,192.750565177593,,,,False
3,17,12,-25.92,-8.403846153846153,8.0,QT450-10,192.63970101377788,,,,False
3,17,13,-25.92,-8.403846153846153,9.600000000000001,QT450-10,192.50592994041523,,,,False
3,17,14,-25.92,-8.403846153846153,11.200000000000003,QT450-10,192.3503989444623,,,,False
3,18,0,-25.92,-6.826923076923077,-11.2,QT450-10,193.64439773130835,,,,False
3,18,1,-25.92,-6.826923076923077,-9.6,QT450-10,193.80340793250818,,,,False
3,18,2,-25.92,-6.826923076923077,-8.0,QT450-10,193.94109087283962,,,,False
3,18,3,-25.92,-6.826923076923077,-6.3999999999999995,QT450-10,194.0554743779071,,,,False
3,18,4,-25.92,-6.826923076923077,-4.8,QT450-10,194.14529221517012,,,,False
3,18,5,-25.92,-6.826923076923077,-3.1999999999999993,QT450-10,194.2098189371003,,,,False
3,18,6,-25.92,-6.826923076923077,-1.5999999999999996,QT450-10,194.2486619916891,,,,False
3,18,7,-25.92,-6.826923076923077,0.0,QT450-10,194.26162893872382,,,,False
3,18,8,-25.92,-6.826923076923077,1.6000000000000014,QT450-10,194.2486619916891,,,,False
3,18,9,-25.92,-6.826923076923077,3.200000000000001,QT450-10,194.2098189371003,,,,False
3,18,10,-25.92,-6.826923076923077,4.800000000000001,QT450-10,194.14529221517012,,,,False
3,18,11,-25.92,-6.826923076923077,6.400000000000002,QT450-10,194.0554743779071,,,,False
3,18,12,-25.92,-6.826923076923077,8.0,QT450-10,193.94109087283962,,,,False
3,18,13,-25.92,-6.826923076923077,9.600000000000001,QT450-10,193.80340793250818,,,,False
3,18,14,-25.92,-6.826923076923077,11.200000000000003,QT450-10,193.64439773130835,,,,False
3,19,0,-25.92,-5.25,-11.2,QT450-10,194.8228436963021,,,,False
3,19,1,-25.92,-5.25,-9.6,QT450-10,194.98755551428957,,,,False
3,19,2,-25.92,-5.25,-8.0,QT450-10,195.13134971744316,,,,False
3,19,3,-25.92,-5.25,-6.3999999999999995,QT450-10,195.25090961872758,,,,False
3,19,4,-25.92,-5.25,-4.8,QT450-10,195.34470128033814,,,,False
3,19,5,-25.92,-5.25,-3.1999999999999993,QT450-10,195.41202047781792,,,,False
3,19,6,-25.92,-5.25,-1.5999999999999996,QT450-10,195.45252317159105,,,,False
3,19,7,-25.92,-5.25,0.0,QT450-10,195.46604131451446,,,,False
3,19,8,-25.92,-5.25,1.6000000000000014,QT450-10,195.45252317159105,,,,False
3,19,9,-25.92,-5.25,3.200000000000001,QT450-10,195.41202047781792,,,,False
3,19,10,-25.92,-5.25,4.800000000000001,QT450-10,195.34470128033814,,,,False
3,19,11,-25.92,-5.25,6.400000000000002,QT450-10,195.25090961872758,,,,False
3,19,12,-25.92,-5.25,8.0,QT450-10,195.13134971744316,,,,False
3,19,13,-25.92,-5.25,9.600000000000001,QT450-10,194.98755551428957,,,,False
3,19,14,-25.92,-5.25,11.200000000000003,QT450-10,194.8228436963021,,,,False
3,20,0,-25.92,-3.673076923076927,-11.2,QT450-10,196.0743370837022,,,,False
3,20,1,-25.92,-3.673076923076927,-9.6,QT450-10,196.2517046276226,,,,False
3,20,2,-25.92,-3.673076923076927,-8.0,QT450-10,196.4070854226606,,,,False
3,20,3,-25.92,-3.673076923076927,-6.3999999999999995,QT450-10,196.53622129585474,,,,False
3,20,4,-25.92,-3.673076923076927,-4.8,QT450-10,196.63778913579782,,,,False
3,20,5,-25.92,-3.673076923076927,-3.1999999999999993,QT450-10,196.71103006143915,,,,False
3,20,6,-25.92,-3.673076923076927,-1.5999999999999996,QT450-10,196.7553009070989,,,,False
3,20,7,-25.92,-3.673076923076927,0.0,QT450-10,196.77011865820978,,,,False
3,20,8,-25.92,-3.673076923076927,1.6000000000000014,QT450-10,196.7553009070989,,,,False
3,20,9,-25.92,-3.673076923076927,3.200000000000001,QT450-10,196.71103006143915,,,,False
3,20,10,-25.92,-3.673076923076927,4.800000000000001,QT450-10,196.63778913579782,,,,False
3,20,11,-25.92,-3.673076923076927,6.400000000000002,QT450-10,196.53622129585474,,,,False
3,20,12,-25.92,-3.673076923076927,8.0,QT450-10,196.4070854226606,,,,False
3,20,13,-25.92,-3.673076923076927,9.600000000000001,QT450-10,196.2517046276226,,,,False
3,20,14,-25.92,-3.673076923076927,11.200000000000003,QT450-10,196.0743370837022,,,,False
3,21,0,-25.92,-2.0961538461538467,-11.2,ERNiFe-CI,197.6464379009231,,,,False
3,21,1,-25.92,-2.0961538461538467,-9.6,ERNiFe-CI,197.86453899539615,,,,False
3,21,2,-25.92,-2.0961538461538467,-8.0,ERNiFe-CI,198.0450134914975,,,,False
3,21,3,-25.92,-2.0961538461538467,-6.3999999999999995,ERNiFe-CI,198.19513250639972,,,,False
3,21,4,-25.92,-2.0961538461538467,-4.8,ERNiFe-CI,198.31596198454002,,,,False
3,21,5,-25.92,-2.0961538461538467,-3.1999999999999993,ERNiFe-CI,198.40584169159806,,,,False
3,21,6,-25.92,-2.0961538461538467,-1.5999999999999996,ERNiFe-CI,200.613277343458,,,,False
3,21,7,-25.92,-2.0961538461538467,0.0,ERNiFe-CI,207.31266791187613,,,,False
3,21,8,-25.92,-2.0961538461538467,1.6000000000000014,ERNiFe-CI,200.61327734345798,,,,False
3,21,9,-25.92,-2.0961538461538467,3.200000000000001,ERNiFe-CI,198.40584169159806,,,,False
3,21,10,-25.92,-2.0961538461538467,4.800000000000001,ERNiFe-CI,198.31596198454002,,,,False
3,21,11,-25.92,-2.0961538461538467,6.400000000000002,ERNiFe-CI,198.19513250639972,,,,False
3,21,12,-25.92,-2.0961538461538467,8.0,ERNiFe-CI,198.0450134914975,,,,False
3,21,13,-25.92,-2.0961538461538467,9.600000000000001,ERNiFe-CI,197.86453899539615,,,,False
3,21,14,-25.92,-2.0961538461538467,11.200000000000003,ERNiFe-CI,197.6464379009231,,,,False
3,22,0,-25.92,-0.5192307692307736,-11.2,ERNiFe-CI,199.6133421702887,,,,False
3,22,1,-25.92,-0.5192307692307736,-9.6,ERNiFe-CI,199.86019304628107,,,,False
3,22,2,-25.92,-0.5192307692307736,-8.0,ERNiFe-CI,200.07858711202007,,,,False
3,22,3,-25.92,-0.5192307692307736,-6.3999999999999995,ERNiFe-CI,200.27622999433038,,,,False
3,22,4,-25.92,-0.5192307692307736,-4.8,ERNiFe-CI,200.45461979072874,,,,False
3,22,5,-25.92,-0.5192307692307736,-3.1999999999999993,ERNiFe-CI,200.60890473384444,,,,False
3,22,6,-25.92,-0.5192307692307736,-1.5999999999999996,ERNiFe-CI,216.1350301122105,,,,False
3,22,7,-25.92,-0.5192307692307736,0.0,ERNiFe-CI,237.41113290622638,,,,False
3,22,8,-25.92,-0.5192307692307736,1.6000000000000014,ERNiFe-CI,216.13503011221047,,,,False
3,22,9,-25.92,-0.5192307692307736,3.200000000000001,ERNiFe-CI,200.60890473384444,,,,False
3,22,10,-25.92,-0.5192307692307736,4.800000000000001,ERNiFe-CI,200.45461979072874,,,,False
3,22,11,-25.92,-0.5192307692307736,6.400000000000002,ERNiFe-CI,200.27622999433038,,,,False
3,22,12,-25.92,-0.5192307692307736,8.0,ERNiFe-CI,200.07858711202007,,,,False
3,22,13,-25.92,-0.5192307692307736,9.600000000000001,ERNiFe-CI,199.86019304628107,,,,False
3,22,14,-25.92,-0.5192307692307736,11.200000000000003,ERNiFe-CI,199.6133421702887,,,,False
3,23,0,-25.92,1.0576923076923066,-11.2,ERNiFe-CI,201.46520835473763,,,,False
3,23,1,-25.92,1.0576923076923066,-9.6,ERNiFe-CI,201.73686892950593,,,,False
3,23,2,-25.92,1.0576923076923066,-8.0,ERNiFe-CI,202.00649942031066,,,,False
3,23,3,-25.92,1.0576923076923066,-6.3999999999999995,ERNiFe-CI,202.29049120607039,,,,False
3,23,4,-25.92,1.0576923076923066,-4.8,ERNiFe-CI,202.61299733834363,,,,False
3,23,5,-25.92,1.0576923076923066,-3.1999999999999993,ERNiFe-CI,204.29685511108354,,,,False
3,23,6,-25.92,1.0576923076923066,-1.5999999999999996,ERNiFe-CI,215.8483143179312,,,,False
3,23,7,-25.92,1.0576923076923066,0.0,ERNiFe-CI,228.97781285356908,,,,False
3,23,8,-25.92,1.0576923076923066,1.6000000000000014,ERNiFe-CI,215.84831431793117,,,,False
3,23,9,-25.92,1.0576923076923066,3.200000000000001,ERNiFe-CI,204.29685511108354,,,,False
3,23,10,-25.92,1.0576923076923066,4.800000000000001,ERNiFe-CI,202.61299733834363,,,,False
3,23,11,-25.92,1.0576923076923066,6.400000000000002,ERNiFe-CI,202.29049120607039,,,,False
3,23,12,-25.92,1.0576923076923066,8.0,ERNiFe-CI,202.00649942031066,,,,False
3,23,13,-25.92,1.0576923076923066,9.600000000000001,ERNiFe-CI,201.73686892950593,,,,False
3,23,14,-25.92,1.0576923076923066,11.200000000000003,ERNiFe-CI,201.46520835473763,,,,False
3,24,0,-25.92,2.634615384615387,-11.2,ERNiFe-CI,203.00732352164553,,,,False
3,24,1,-25.92,2.634615384615387,-9.6,ERNiFe-CI,203.29212931736487,,,,False
3,24,2,-25.92,2.634615384615387,-8.0,ERNiFe-CI,203.61634401025597,,,,False
3,24,3,-25.92,2.634615384615387,-6.3999999999999995,ERNiFe-CI,204.01662862398976,,,,False
3,24,4,-25.92,2.634615384615387,-4.8,ERNiFe-CI,204.60542823113724,,,,False
3,24,5,-25.92,2.634615384615387,-3.1999999999999993,ERNiFe-CI,206.93377282141049,,,,False
3,24,6,-25.92,2.634615384615387,-1.5999999999999996,ERNiFe-CI,212.2509794364955,,,,False
3,24,7,-25.92,2.634615384615387,0.0,ERNiFe-CI,215.25611046023093,,,,False
3,24,8,-25.92,2.634615384615387,1.6000000000000014,ERNiFe-CI,212.2509794364955,,,,False
3,24,9,-25.92,2.634615384615387,3.200000000000001,ERNiFe-CI,206.93377282141049,,,,False
3,24,10,-25.92,2.634615384615387,4.800000000000001,ERNiFe-CI,204.60542823113724,,,,False
3,24,11,-25.92,2.634615384615387,6.400000000000002,ERNiFe-CI,204.01662862398976,,,,False
3,24,12,-25.92,2.634615384615387,8.0,ERNiFe-CI,203.61634401025597,,,,False
3,24,13,-25.92,2.634615384615387,9.600000000000001,ERNiFe-CI,203.29212931736484,,,,False
3,24,14,-25.92,2.634615384615387,11.200000000000003,ERNiFe-CI,203.00732352164553,,,,False
3,25,0,-25.92,4.21153846153846,-11.2,Q235B,203.8160601967861,,,,False
3,25,1,-25.92,4.21153846153846,-9.6,Q235B,204.07624913386863,,,,False
3,25,2,-25.92,4.21153846153846,-8.0,Q235B,204.42774858302295,,,,False
3,25,3,-25.92,4.21153846153846,-6.3999999999999995,Q235B,204.90490414964506,,,,False
3,25,4,-25.92,4.21153846153846,-4.8,Q235B,205.69256384669072,,,,False
3,25,5,-25.92,4.21153846153846,-3.1999999999999993,Q235B,208.16410426321818,,,,False
3,25,6,-25.92,4.21153846153846,-1.5999999999999996,Q235B,212.27849656732184,,,,False
3,25,7,-25.92,4.21153846153846,0.0,Q235B,214.2598732593134,,,,False
3,25,8,-25.92,4.21153846153846,1.6000000000000014,Q235B,212.27849656732184,,,,False
3,25,9,-25.92,4.21153846153846,3.200000000000001,Q235B,208.16410426321818,,,,False
3,25,10,-25.92,4.21153846153846,4.800000000000001,Q235B,205.69256384669072,,,,False
3,25,11,-25.92,4.21153846153846,6.400000000000002,Q235B,204.90490414964506,,,,False
3,25,12,-25.92,4.21153846153846,8.0,Q235B,204.42774858302295,,,,False
3,25,13,-25.92,4.21153846153846,9.600000000000001,Q235B,204.07624913386863,,,,False
3,25,14,-25.92,4.21153846153846,11.200000000000003,Q235B,203.8160601967861,,,,False
4,0,0,-23.04,-35.21153846153846,-11.2,QT450-10,171.9276943913605,,,,False
4,0,1,-23.04,-35.21153846153846,-9.6,QT450-10,172.05676673334114,,,,False
4,0,2,-23.04,-35.21153846153846,-8.0,QT450-10,172.16601192000553,,,,False
4,0,3,-23.04,-35.21153846153846,-6.3999999999999995,QT450-10,172.25541935516867,,,,False
4,0,4,-23.04,-35.21153846153846,-4.8,QT450-10,172.32497642981286,,,,False
4,0,5,-23.04,-35.21153846153846,-3.1999999999999993,QT450-10,172.37467074158093,,,,False
4,0,6,-23.04,-35.21153846153846,-1.5999999999999996,QT450-10,172.40449192591896,,,,False
4,0,7,-23.04,-35.21153846153846,0.0,QT450-10,172.41443312047068,,,,False
4,0,8,-23.04,-35.21153846153846,1.6000000000000014,QT450-10,172.40449192591896,,,,False
4,0,9,-23.04,-35.21153846153846,3.200000000000001,QT450-10,172.37467074158093,,,,False
4,0,10,-23.04,-35.21153846153846,4.800000000000001,QT450-10,172.32497642981286,,,,False
4,0,11,-23.04,-35.21153846153846,6.400000000000002,QT450-10,172.25541935516867,,,,False
4,0,12,-23.04,-35.21153846153846,8.0,QT450-10,172.16601192000553,,,,False
4,0,13,-23.04,-35.21153846153846,9.600000000000001,QT450-10,172.05676673334114,,,,False
4,0,14,-23.04,-35.21153846153846,11.200000000000003,QT450-10,171.9276943913605,,,,False
4,1,0,-23.04,-33.63461538461539,-11.2,QT450-10,172.26472921428268,,,,False
4,1,1,-23.04,-33.63461538461539,-9.6,QT450-10,172.39417698835743,,,,False
4,1,2,-23.04,-33.63461538461539,-8.0,QT450-10,172.50374441356237,,,,False
4,1,3,-23.04,-33.63461538461539,-6.3999999999999995,QT450-10,172.59341800938188,,,,False
4,1,4,-23.04,-33.63461538461539,-4.8,QT450-10,172.66318360895963,,,,False
4,1,5,-23.04,-33.63461538461539,-3.1999999999999993,QT450-10,172.71302770034464,,,,False
4,1,6,-23.04,-33.63461538461539,-1.5999999999999996,QT450-10,172.74293909868155,,,,False
4,1,7,-23.04,-33.63461538461539,0.0,QT450-10,172.75291042387389,,,,False
4,1,8,-23.04,-33.63461538461539,1.6000000000000014,QT450-10,172.74293909868155,,,,False
4,1,9,-23.04,-33.63461538461539,3.200000000000001,QT450-10,172.71302770034464,,,,False
4,1,10,-23.04,-33.63461538461539,4.800000000000001,QT450-10,172.66318360895963,,,,False
4,1,11,-23.04,-33.63461538461539,6.400000000000002,QT450-10,172.59341800938188,,,,False
4,1,12,-23.04,-33.63461538461539,8.0,QT450-10,172.50374441356237,,,,False
4,1,13,-23.04,-33.63461538461539,9.600000000000001,QT450-10,172.39417698835743,,,,False
4,1,14,-23.04,-33.63461538461539,11.200000000000003,QT450-10,172.26472921428268,,,,False
4,2,0,-23.04,-32.05769230769231,-11.2,QT450-10,172.7899097373035,,,,False
4,2,1,-23.04,-32.05769230769231,-9.6,QT450-10,172.9199497346888,,,,False
4,2,2,-23.04,-32.05769230769231,-8.0,QT450-10,173.0300233418682,,,,False
4,2,3,-23.04,-32.05769230769231,-6.3999999999999995,QT450-10,173.1201151369542,,,,False
4,2,4,-23.04,-32.05769230769231,-4.8,QT450-10,173.19020878980157,,,,False
4,2,5,-23.04,-32.05769230769231,-3.1999999999999993,QT450-10,173.24028881824486,,,,False
4,2,6,-23.04,-32.05769230769231,-1.5999999999999996,QT450-10,173.27034246181103,,,,False
4,2,7,-23.04,-32.05769230769231,0.0,QT450-10,173.28036131993503,,,,False
4,2,8,-23.04,-32.05769230769231,1.6000000000000014,QT450-10,173.27034246181103,,,,False
4,2,9,-23.04,-32.05769230769231,3.200000000000001,QT450-10,173.24028881824486,,,,False
4,2,10,-23.04,-32.05769230769231,4.800000000000001,QT450-10,173.19020878980157,,,,False
4,2,11,-23.04,-32.05769230769231,6.400000000000002,QT450-10,173.1201151369542,,,,False
4,2,12,-23.04,-32.05769230769231,8.0,QT450-10,173.0300233418682,,,,False
4,2,13,-23.04,-32.05769230769231,9.600000000000001,QT450-10,172.9199497346888,,,,False
4,2,14,-23.04,-32.05769230769231,11.200000000000003,QT450-10,172.7899097373035,,,,False
4,3,0,-23.04,-30.48076923076923,-11.2,QT450-10,173.4986735149992,,,,False
4,3,1,-23.04,-30.48076923076923,-9.6,QT450-10,173.62951702136215,,,,False
4,3,2,-23.04,-30.48076923076923,-8.0,QT450-10,173.7402778490222,,,,False
4,3,3,-23.04,-30.48076923076923,-6.3999999999999995,QT450-10,173.83093782814663,,,,False
4,3,4,-23.04,-30.48076923076923,-4.8,QT450-10,173.9014775723913,,,,False
4,3,5,-23.04,-30.48076923076923,-3.1999999999999993,QT450-10,173.9518786902588,,,,False
4,3,6,-23.04,-30.48076923076923,-1.5999999999999996,QT450-10,173.98212603485845,,,,False
4,3,7,-23.04,-30.48076923076923,0.0,QT450-10,173.99220964148114,,,,False
4,3,8,-23.04,-30.48076923076923,1.6000000000000014,QT450-10,173.98212603485845,,,,False
4,3,9,-23.04,-30.48076923076923,3.200000000000001,QT450-10,173.9518786902588,,,,False
4,3,10,-23.04,-30.48076923076923,4.800000000000001,QT450-10,173.9014775723913,,,,False
4,3,11,-23.04,-30.48076923076923,6.400000000000002,QT450-10,173.83093782814663,,,,False
4,3,12,-23.04,-30.48076923076923,8.0,QT450-10,173.7402778490222,,,,False
4,3,13,-23.04,-30.48076923076923,9.600000000000001,QT450-10,173.62951702136215,,,,False
4,3,14,-23.04,-30.48076923076923,11.200000000000003,QT450-10,173.4986735149992,,,,False
4,4,0,-23.04,-28.903846153846153,-11.2,QT450-10,174.38404431816286,,,,False
4,4,1,-23.04,-28.903846153846153,-9.6,QT450-10,174.51589625332602,,,,False
4,4,2,-23.04,-28.903846153846153,-8.0,QT450-10,174.62752058187436,,,,False
4,4,3,-23.04,-28.903846153846153,-6.3999999999999995,QT450-10,174.7188952584748,,,,False
4,4,4,-23.04,-28.903846153846153,-4.8,QT450-10,174.78999668393922,,,,False
4,4,5,-23.04,-28.903846153846153,-3.1999999999999993,QT450-10,174.84080243380504,,,,False
4,4,6,-23.04,-28.903846153846153,-1.5999999999999996,QT450-10,174.87129402802137,,,,False
4,4,7,-23.04,-28.903846153846153,0.0,QT450-10,174.8814593064861,,,,False
4,4,8,-23.04,-28.903846153846153,1.6000000000000014,QT450-10,174.87129402802137,,,,False
4,4,9,-23.04,-28.903846153846153,3.200000000000001,QT450-10,174.84080243380504,,,,False
4,4,10,-23.04,-28.903846153846153,4.800000000000001,QT450-10,174.78999668393922,,,,False
4,4,11,-23.04,-28.903846153846153,6.400000000000002,QT450-10,174.7188952584748,,,,False
4,4,12,-23.04,-28.903846153846153,8.0,QT450-10,174.62752058187436,,,,False
4,4,13,-23.04,-28.903846153846153,9.600000000000001,QT450-10,174.51589625332602,,,,False
4,4,14,-23.04,-28.903846153846153,11.200000000000003,QT450-10,174.38404431816286,,,,False
4,5,0,-23.04,-27.326923076923077,-11.2,QT450-10,175.4366444822456,,,,False
4,5,1,-23.04,-27.326923076923077,-9.6,QT450-10,175.56970158530441,,,,False
4,5,2,-23.04,-27.326923076923077,-8.0,QT450-10,175.68235933526853,,,,False
4,5,3,-23.04,-27.326923076923077,-6.3999999999999995,QT450-10,175.7745905292709,,,,False
4,5,4,-23.04,-27.326923076923077,-4.8,QT450-10,175.84636594260502,,,,False
4,5,5,-23.04,-27.326923076923077,-3.1999999999999993,QT450-10,175.8976577392446,,,,False
4,5,6,-23.04,-27.326923076923077,-1.5999999999999996,QT450-10,175.92844294815905,,,,False
4,5,7,-23.04,-27.326923076923077,0.0,QT450-10,175.93870644349823,,,,False
4,5,8,-23.04,-27.326923076923077,1.6000000000000014,QT450-10,175.92844294815905,,,,False
4,5,9,-23.04,-27.326923076923077,3.200000000000001,QT450-10,175.8976577392446,,,,False
4,5,10,-23.04,-27.326923076923077,4.800000000000001,QT450-10,175.84636594260502,,,,False
4,5,11,-23.04,-27.326923076923077,6.400000000000002,QT450-10,175.7745905292709,,,,False
4,5,12,-23.04,-27.326923076923077,8.0,QT450-10,175.68235933526853,,,,False
4,5,13,-23.04,-27.326923076923077,9.600000000000001,QT450-10,175.56970158530441,,,,False
4,5,14,-23.04,-27.326923076923077,11.200000000000003,QT450-10,175.4366444822456,,,,False
4,6,0,-23.04,-25.75,-11.2,QT450-10,176.6447181628867,,,,False
4,6,1,-23.04,-25.75,-9.6,QT450-10,176.77916692122378,,,,False
4,6,2,-23.04,-25.75,-8.0,QT450-10,176.89302013211943,,,,False
4,6,3,-23.04,-25.75,-6.3999999999999995,QT450-10,176.986243924382,,,,False
4,6,4,-23.04,-25.75,-4.8,QT450-10,177.05880169438882,,,,False
4,6,5,-23.04,-25.75,-3.1999999999999993,QT450-10,177.11065845661614,,,,False
4,6,6,-23.04,-25.75,-1.5999999999999996,QT450-10,177.14178528446794,,,,False
4,6,7,-23.04,-25.75,0.0,QT450-10,177.15216311189218,,,,False
4,6,8,-23.04,-25.75,1.6000000000000014,QT450-10,177.14178528446794,,,,False
4,6,9,-23.04,-25.75,3.200000000000001,QT450-10,177.11065845661614,,,,False
4,6,10,-23.04,-25.75,4.800000000000001,QT450-10,177.05880169438882,,,,False
4,6,11,-23.04,-25.75,6.400000000000002,QT450-10,176.986243924382,,,,False
4,6,12,-23.04,-25.75,8.0,QT450-10,176.89302013211943,,,,False
4,6,13,-23.04,-25.75,9.600000000000001,QT450-10,176.77916692122378,,,,False
4,6,14,-23.04,-25.75,11.200000000000003,QT450-10,176.6447181628867,,,,False
4,7,0,-23.04,-24.173076923076923,-11.2,QT450-10,177.99417061850016,,,,False
4,7,1,-23.04,-24.173076923076923,-9.6,QT450-10,178.1301851687047,,,,False
4,7,2,-23.04,-24.173076923076923,-8.0,QT450-10,178.24538662912738,,,,False
4,7,3,-23.04,-24.173076923076923,-6.3999999999999995,QT450-10,178.3397325699682,,,,False
4,7,4,-23.04,-24.173076923076923,-4.8,QT450-10,178.41317674817623,,,,False
4,7,5,-23.04,-24.173076923076923,-3.1999999999999993,QT450-10,178.4656747673815,,,,False
4,7,6,-23.04,-24.173076923076923,-1.5999999999999996,QT450-10,178.49718983795745,,,,False
4,7,7,-23.04,-24.173076923076923,0.0,QT450-10,178.50769768650898,,,,False
4,7,8,-23.04,-24.173076923076923,1.6000000000000014,QT450-10,178.49718983795745,,,,False
4,7,9,-23.04,-24.173076923076923,3.200000000000001,QT450-10,178.4656747673815,,,,False
4,7,10,-23.04,-24.173076923076923,4.800000000000001,QT450-10,178.41317674817623,,,,False
4,7,11,-23.04,-24.173076923076923,6.400000000000002,QT450-10,178.3397325699682,,,,False
4,7,12,-23.04,-24.173076923076923,8.0,QT450-10,178.24538662912738,,,,False
4,7,13,-23.04,-24.173076923076923,9.600000000000001,QT450-10,178.1301851687047,,,,False
4,7,14,-23.04,-24.173076923076923,11.200000000000003,QT450-10,177.99417061850016,,,,False
4,8,0,-23.04,-22.596153846153847,-11.2,QT450-10,179.4686291645631,,,,False
4,8,1,-23.04,-22.596153846153847,-9.6,QT450-10,179.60636930393716,,,,False
4,8,2,-23.04,-22.596153846153847,-8.0,QT450-10,179.7230614866667,,,,False
4,8,3,-23.04,-22.596153846153847,-6.3999999999999995,QT450-10,179.81865222295494,,,,False
4,8,4,-23.04,-22.596153846153847,-4.8,QT450-10,179.8930825986647,,,,False
4,8,5,-23.04,-22.596153846153847,-3.1999999999999993,QT450-10,179.94629577471204,,,,False
4,8,6,-23.04,-22.596153846153847,-1.5999999999999996,QT450-10,179.97824455395065,,,,False
4,8,7,-23.04,-22.596153846153847,0.0,QT450-10,179.9888977743833,,,,False
4,8,8,-23.04,-22.596153846153847,1.6000000000000014,QT450-10,179.97824455395065,,,,False
4,8,9,-23.04,-22.596153846153847,3.200000000000001,QT450-10,179.94629577471204,,,,False
4,8,10,-23.04,-22.596153846153847,4.800000000000001,QT450-10,179.8930825986647,,,,False
4,8,11,-23.04,-22.596153846153847,6.400000000000002,QT450-10,179.81865222295494,,,,False
4,8,12,-23.04,-22.596153846153847,8.0,QT450-10,179.7230614866667,,,,False
4,8,13,-23.04,-22.596153846153847,9.600000000000001,QT450-10,179.60636930393716,,,,False
4,8,14,-23.04,-22.596153846153847,11.200000000000003,QT450-10,179.4686291645631,,,,False
4,9,0,-23.04,-21.01923076923077,-11.2,QT450-10,181.0495317416005,,,,False
4,9,1,-23.04,-21.01923076923077,-9.6,QT450-10,181.18914121379555,,,,False
4,9,2,-23.04,-21.01923076923077,-8.0,QT450-10,181.30745575848647,,,,False
4,9,3,-23.04,-21.01923076923077,-6.3999999999999995,QT450-10,181.40440734730117,,,,False
4,9,4,-23.04,-21.01923076923077,-4.8,QT450-10,181.47992018396658,,,,False
4,9,5,-23.04,-21.01923076923077,-3.1999999999999993,QT450-10,181.53392082061552,,,,False
4,9,6,-23.04,-21.01923076923077,-1.5999999999999996,QT450-10,181.5663482009639,,,,False
4,9,7,-23.04,-21.01923076923077,0.0,QT450-10,181.57716201813938,,,,False
4,9,8,-23.04,-21.01923076923077,1.6000000000000014,QT450-10,181.5663482009639,,,,False
4,9,9,-23.04,-21.01923076923077,3.200000000000001,QT450-10,181.53392082061552,,,,False
4,9,10,-23.04,-21.01923076923077,4.800000000000001,QT450-10,181.47992018396658,,,,False
4,9,11,-23.04,-21.01923076923077,6.400000000000002,QT450-10,181.40440734730117,,,,False
4,9,12,-23.04,-21.01923076923077,8.0,QT450-10,181.30745575848647,,,,False
4,9,13,-23.04,-21.01923076923077,9.600000000000001,QT450-10,181.18914121379555,,,,False
4,9,14,-23.04,-21.01923076923077,11.200000000000003,QT450-10,181.0495317416005,,,,False
4,10,0,-23.04,-19.442307692307693,-11.2,QT450-10,182.71624894419995,,,,False
4,10,1,-23.04,-19.442307692307693,-9.6,QT450-10,182.85785424901567,,,,False
4,10,2,-23.04,-19.442307692307693,-8.0,QT450-10,182.97791237667013,,,,False
4,10,3,-23.04,-19.442307692307693,-6.3999999999999995,QT450-10,183.0763357028569,,,,False
4,10,4,-23.04,-19.442307692307693,-4.8,QT450-10,183.15302552330223,,,,False
4,10,5,-23.04,-19.442307692307693,-3.1999999999999993,QT450-10,183.2078859545477,,,,False
4,10,6,-23.04,-19.442307692307693,-1.5999999999999996,QT450-10,183.24083736228573,,,,False
4,10,7,-23.04,-19.442307692307693,0.0,QT450-10,183.25182726496354,,,,False
4,10,8,-23.04,-19.442307692307693,1.6000000000000014,QT450-10,183.24083736228573,,,,False
4,10,9,-23.04,-19.442307692307693,3.200000000000001,QT450-10,183.2078859545477,,,,False
4,10,10,-23.04,-19.442307692307693,4.800000000000001,QT450-10,183.15302552330223,,,,False
4,10,11,-23.04,-19.442307692307693,6.400000000000002,QT450-10,183.0763357028569,,,,False
4,10,12,-23.04,-19.442307692307693,8.0,QT450-10,182.97791237667013,,,,False
4,10,13,-23.04,-19.442307692307693,9.600000000000001,QT450-10,182.85785424901567,,,,False
4,10,14,-23.04,-19.442307692307693,11.200000000000003,QT450-10,182.71624894419995,,,,False
4,11,0,-23.04,-17.865384615384617,-11.2,QT450-10,184.4462447683418,,,,False
4,11,1,-23.04,-17.865384615384617,-9.6,QT450-10,184.58995490782866,,,,False
4,11,2,-23.04,-17.865384615384617,-8.0,QT450-10,184.71186939100068,,,,False
4,11,3,-23.04,-17.865384615384617,-6.3999999999999995,QT450-10,184.81187333568715,,,,False
4,11,4,-23.04,-17.865384615384617,-4.8,QT450-10,184.88983628904674,,,,False
4,11,5,-23.04,-17.865384615384617,-3.1999999999999993,QT450-10,184.94563170051114,,,,False
4,11,6,-23.04,-17.865384615384617,-1.5999999999999996,QT450-10,184.97915492706304,,,,False
4,11,7,-23.04,-17.865384615384617,0.0,QT450-10,184.9903372980156,,,,False
4,11,8,-23.04,-17.865384615384617,1.6000000000000014,QT450-10,184.97915492706304,,,,False
4,11,9,-23.04,-17.865384615384617,3.200000000000001,QT450-10,184.94563170051114,,,,False
4,11,10,-23.04,-17.865384615384617,4.800000000000001,QT450-10,184.88983628904674,,,,False
4,11,11,-23.04,-17.865384615384617,6.400000000000002,QT450-10,184.81187333568715,,,,False
4,11,12,-23.04,-17.865384615384617,8.0,QT450-10,184.71186939100068,,,,False
4,11,13,-23.04,-17.865384615384617,9.600000000000001,QT450-10,184.58995490782866,,,,False
4,11,14,-23.04,-17.865384615384617,11.200000000000003,QT450-10,184.4462447683418,,,,False
4,12,0,-23.04,-16.28846153846154,-11.2,QT450-10,186.21528014687198,,,,False
4,12,1,-23.04,-16.28846153846154,-9.6,QT450-10,186.36118802190333,,,,False
4,12,2,-23.04,-16.28846153846154,-8.0,QT450-10,186.4850677564064,,,,False
4,12,3,-23.04,-16.28846153846154,-6.3999999999999995,QT450-10,186.5867651252727,,,,False
4,12,4,-23.04,-16.28846153846154,-4.8,QT450-10,186.6661046857676,,,,False
4,12,5,-23.04,-16.28846153846154,-3.1999999999999993,QT450-10,186.72291758171573,,,,False
4,12,6,-23.04,-16.28846153846154,-1.5999999999999996,QT450-10,186.75706555499093,,,,False
4,12,7,-23.04,-16.28846153846154,0.0,QT450-10,186.76845860240303,,,,False
4,12,8,-23.04,-16.28846153846154,1.6000000000000014,QT450-10,186.75706555499093,,,,False
4,12,9,-23.04,-16.28846153846154,3.200000000000001,QT450-10,186.72291758171573,,,,False
4,12,10,-23.04,-16.28846153846154,4.800000000000001,QT450-10,186.6661046857676,,,,False
4,12,11,-23.04,-16.28846153846154,6.400000000000002,QT450-10,186.5867651252727,,,,False
4,12,12,-23.04,-16.28846153846154,8.0,QT450-10,186.4850677564064,,,,False
4,12,13,-23.04,-16.28846153846154,9.600000000000001,QT450-10,186.36118802190333,,,,False
4,12,14,-23.04,-16.28846153846154,11.200000000000003,QT450-10,186.21528014687198,,,,False
4,13,0,-23.04,-14.711538461538463,-11.2,QT450-10,187.9976614140039,,,,False
4,13,1,-23.04,-14.711538461538463,-9.6,QT450-10,188.14584818614526,,,,False
4,13,2,-23.04,-14.711538461538463,-8.0,QT450-10,188.27180718673807,,,,False
4,13,3,-23.04,-14.711538461538463,-6.3999999999999995,QT450-10,188.37532498076,,,,False
4,13,4,-23.04,-14.711538461538463,-4.8,QT450-10,188.45616098278137,,,,False
4,13,5,-23.04,-14.711538461538463,-3.1999999999999993,QT450-10,188.51408777086317,,,,False
4,13,6,-23.04,-14.711538461538463,-1.5999999999999996,QT450-10,188.54892241955608,,,,False
4,13,7,-23.04,-14.711538461538463,0.0,QT450-10,188.56054743617705,,,,False
4,13,8,-23.04,-14.711538461538463,1.6000000000000014,QT450-10,188.54892241955608,,,,False
4,13,9,-23.04,-14.711538461538463,3.200000000000001,QT450-10,188.51408777086317,,,,False
4,13,10,-23.04,-14.711538461538463,4.800000000000001,QT450-10,188.45616098278137,,,,False
4,13,11,-23.04,-14.711538461538463,6.400000000000002,QT450-10,188.37532498076,,,,False
4,13,12,-23.04,-14.711538461538463,8.0,QT450-10,188.27180718673807,,,,False
4,13,13,-23.04,-14.711538461538463,9.600000000000001,QT450-10,188.14584818614526,,,,False
4,13,14,-23.04,-14.711538461538463,11.200000000000003,QT450-10,187.9976614140039,,,,False
4,14,0,-23.04,-13.134615384615387,-11.2,QT450-10,189.7665328968883,,,,False
4,14,1,-23.04,-13.134615384615387,-9.6,QT450-10,189.91707792430316,,,,False
4,14,2,-23.04,-13.134615384615387,-8.0,QT450-10,190.04525206309637,,,,False
4,14,3,-23.04,-13.134615384615387,-6.3999999999999995,QT450-10,190.15074857121277,,,,False
4,14,4,-23.04,-13.134615384615387,-4.8,QT450-10,190.2332307904916,,,,False
4,14,5,-23.04,-13.134615384615387,-3.1999999999999993,QT450-10,190.29239076794707,,,,False
4,14,6,-23.04,-13.134615384615387,-1.5999999999999996,QT450-10,190.3279878799456,,,,False
4,14,7,-23.04,-13.134615384615387,0.0,QT450-10,190.33987075010597,,,,False
4,14,8,-23.04,-13.134615384615387,1.6000000000000014,QT450-10,190.3279878799456,,,,False
4,14,9,-23.04,-13.134615384615387,3.200000000000001,QT450-10,190.29239076794707,,,,False
4,14,10,-23.04,-13.134615384615387,4.800000000000001,QT450-10,190.2332307904916,,,,False
4,14,11,-23.04,-13.134615384615387,6.400000000000002,QT450-10,190.15074857121277,,,,False
4,14,12,-23.04,-13.134615384615387,8.0,QT450-10,190.04525206309637,,,,False
4,14,13,-23.04,-13.134615384615387,9.600000000000001,QT450-10,189.91707792430316,,,,False
4,14,14,-23.04,-13.134615384615387,11.200000000000003,QT450-10,189.7665328968883,,,,False
4,15,0,-23.04,-11.55769230769231,-11.2,QT450-10,191.49420824922112,,,,False
4,15,1,-23.04,-11.55769230769231,-9.6,QT450-10,191.6472102362673,,,,False
4,15,2,-23.04,-11.55769230769231,-8.0,QT450-10,191.77778803180635,,,,False
4,15,3,-23.04,-11.55769230769231,-6.3999999999999995,QT450-10,191.88548052982364,,,,False
4,15,4,-23.04,-11.55769230769231,-4.8,QT450-10,191.9698078854656,,,,False
4,15,5,-23.04,-11.55769230769231,-3.1999999999999993,QT450-10,192.03035419067763,,,,False
4,15,6,-23.04,-11.55769230769231,-1.5999999999999996,QT450-10,192.06680852327636,,,,False
4,15,7,-23.04,-11.55769230769231,0.0,QT450-10,192.07898115429342,,,,False
4,15,8,-23.04,-11.55769230769231,1.6000000000000014,QT450-10,192.06680852327636,,,,False
4,15,9,-23.04,-11.55769230769231,3.200000000000001,QT450-10,192.03035419067763,,,,False
4,15,10,-23.04,-11.55769230769231,4.800000000000001,QT450-10,191.9698078854656,,,,False
4,15,11,-23.04,-11.55769230769231,6.400000000000002,QT450-10,191.88548052982364,,,,False
4,15,12,-23.04,-11.55769230769231,8.0,QT450-10,191.77778803180635,,,,False
4,15,13,-23.04,-11.55769230769231,9.600000000000001,QT450-10,191.6472102362673,,,,False
4,15,14,-23.04,-11.55769230769231,11.200000000000003,QT450-10,191.49420824922112,,,,False
4,16,0,-23.04,-9.98076923076923,-11.2,QT450-10,193.15252730167649,,,,False
4,16,1,-23.04,-9.98076923076923,-9.6,QT450-10,193.30815004138228,,,,False
4,16,2,-23.04,-9.98076923076923,-8.0,QT450-10,193.4414298769332,,,,False
4,16,3,-23.04,-9.98076923076923,-6.3999999999999995,QT450-10,193.55163818949518,,,,False
4,16,4,-23.04,-9.98076923076923,-4.8,QT450-10,193.63808333600605,,,,False
4,16,5,-23.04,-9.98076923076923,-3.1999999999999993,QT450-10,193.70021353714012,,,,False
4,16,6,-23.04,-9.98076923076923,-1.5999999999999996,QT450-10,193.73764208880146,,,,False
4,16,7,-23.04,-9.98076923076923,0.0,QT450-10,193.75014297820817,,,,False
4,16,8,-23.04,-9.98076923076923,1.6000000000000014,QT450-10,193.73764208880146,,,,False
4,16,9,-23.04,-9.98076923076923,3.200000000000001,QT450-10,193.70021353714012,,,,False
4,16,10,-23.04,-9.98076923076923,4.800000000000001,QT450-10,193.63808333600605,,,,False
4,16,11,-23.04,-9.98076923076923,6.400000000000002,QT450-10,193.55163818949518,,,,False
4,16,12,-23.04,-9.98076923076923,8.0,QT450-10,193.4414298769332,,,,False
4,16,13,-23.04,-9.98076923076923,9.600000000000001,QT450-10,193.30815004138228,,,,False
4,16,14,-23.04,-9.98076923076923,11.200000000000003,QT450-10,193.15252730167649,,,,False
4,17,0,-23.04,-8.403846153846153,-11.2,QT450-10,194.71320958359559,,,,False
4,17,1,-23.04,-8.403846153846153,-9.6,QT450-10,194.87178726394006,,,,False
4,17,2,-23.04,-8.403846153846153,-8.0,QT450-10,195.00828541280228,,,,False
4,17,3,-23.04,-8.403846153846153,-6.3999999999999995,QT450-10,195.12149647641925,,,,False
4,17,4,-23.04,-8.403846153846153,-4.8,QT450-10,195.21043096090847,,,,False
4,17,5,-23.04,-8.403846153846153,-3.1999999999999993,QT450-10,195.27439080067793,,,,False
4,17,6,-23.04,-8.403846153846153,-1.5999999999999996,QT450-10,195.31292977928425,,,,False
4,17,7,-23.04,-8.403846153846153,0.0,QT450-10,195.32580219903562,,,,False
4,17,8,-23.04,-8.403846153846153,1.6000000000000014,QT450-10,195.31292977928425,,,,False
4,17,9,-23.04,-8.403846153846153,3.200000000000001,QT450-10,195.27439080067793,,,,False
4,17,10,-23.04,-8.403846153846153,4.800000000000001,QT450-10,195.21043096090847,,,,False
4,17,11,-23.04,-8.403846153846153,6.400000000000002,QT450-10,195.12149647641925,,,,False
4,17,12,-23.04,-8.403846153846153,8.0,QT450-10,195.00828541280228,,,,False
4,17,13,-23.04,-8.403846153846153,9.600000000000001,QT450-10,194.87178726394006,,,,False
4,17,14,-23.04,-8.403846153846153,11.200000000000003,QT450-10,194.71320958359559,,,,False
4,18,0,-23.04,-6.826923076923077,-11.2,QT450-10,196.49804062715836,,,,False
4,18,1,-23.04,-6.826923076923077,-9.6,QT450-10,196.66385914636788,,,,False
4,18,2,-23.04,-6.826923076923077,-8.0,QT450-10,196.81063663373192,,,,False
4,18,3,-23.04,-6.826923076923077,-6.3999999999999995,QT450-10,196.9355371473398,,,,False
4,18,4,-23.04,-6.826923076923077,-4.8,QT450-10,197.03607182074575,,,,False
4,18,5,-23.04,-6.826923076923077,-3.1999999999999993,QT450-10,197.11000133089607,,,,False
4,18,6,-23.04,-6.826923076923077,-1.5999999999999996,QT450-10,197.15534279409735,,,,False
4,18,7,-23.04,-6.826923076923077,0.0,QT450-10,197.17063920106088,,,,False
4,18,8,-23.04,-6.826923076923077,1.6000000000000014,QT450-10,197.15534279409735,,,,False
4,18,9,-23.04,-6.826923076923077,3.200000000000001,QT450-10,197.11000133089607,,,,False
4,18,10,-23.04,-6.826923076923077,4.800000000000001,QT450-10,197.03607182074575,,,,False
4,18,11,-23.04,-6.826923076923077,6.400000000000002,QT450-10,196.9355371473398,,,,False
4,18,12,-23.04,-6.826923076923077,8.0,QT450-10,196.81063663373192,,,,False
4,18,13,-23.04,-6.826923076923077,9.600000000000001,QT450-10,196.66385914636788,,,,False
4,18,14,-23.04,-6.826923076923077,11.200000000000003,QT450-10,196.49804062715836,,,,False
4,19,0,-23.04,-5.25,-11.2,QT450-10,198.6570482358203,,,,False
4,19,1,-23.04,-5.25,-9.6,QT450-10,198.8418147818103,,,,False
4,19,2,-23.04,-5.25,-8.0,QT450-10,199.01934666811124,,,,False
4,19,3,-23.04,-5.25,-6.3999999999999995,QT450-10,199.184622215561,,,,False
4,19,4,-23.04,-5.25,-4.8,QT450-10,199.33281923525843,,,,False
4,19,5,-23.04,-5.25,-3.1999999999999993,QT450-10,199.4568145328042,,,,False
4,19,6,-23.04,-5.25,-1.5999999999999996,QT450-10,202.3462594193583,,,,False
4,19,7,-23.04,-5.25,0.0,QT450-10,204.60067661229198,,,,False
4,19,8,-23.04,-5.25,1.6000000000000014,QT450-10,202.3462594193583,,,,False
4,19,9,-23.04,-5.25,3.200000000000001,QT450-10,199.4568145328042,,,,False
4,19,10,-23.04,-5.25,4.800000000000001,QT450-10,199.33281923525843,,,,False
4,19,11,-23.04,-5.25,6.400000000000002,QT450-10,199.184622215561,,,,False
4,19,12,-23.04,-5.25,8.0,QT450-10,199.01934666811124,,,,False
4,19,13,-23.04,-5.25,9.600000000000001,QT450-10,198.8418147818103,,,,False
4,19,14,-23.04,-5.25,11.200000000000003,QT450-10,198.6570482358203,,,,False
4,20,0,-23.04,-3.673076923076927,-11.2,QT450-10,200.96913235267328,,,,False
4,20,1,-23.04,-3.673076923076927,-9.6,QT450-10,201.19705374271086,,,,False
4,20,2,-23.04,-3.673076923076927,-8.0,QT450-10,201.44965347303432,,,,False
4,20,3,-23.04,-3.673076923076927,-6.3999999999999995,QT450-10,201.73399640905146,,,,False
4,20,4,-23.04,-3.673076923076927,-4.8,QT450-10,202.0909596391519,,,,False
4,20,5,-23.04,-3.673076923076927,-3.1999999999999993,QT450-10,208.51569486298334,,,,False
4,20,6,-23.04,-3.673076923076927,-1.5999999999999996,QT450-10,220.30162955431,,,,False
4,20,7,-23.04,-3.673076923076927,0.0,QT450-10,227.63876813354375,,,,False
4,20,8,-23.04,-3.673076923076927,1.6000000000000014,QT450-10,220.30162955431,,,,False
4,20,9,-23.04,-3.673076923076927,3.200000000000001,QT450-10,208.51569486298334,,,,False
4,20,10,-23.04,-3.673076923076927,4.800000000000001,QT450-10,202.0909596391519,,,,False
4,20,11,-23.04,-3.673076923076927,6.400000000000002,QT450-10,201.73399640905146,,,,False
4,20,12,-23.04,-3.673076923076927,8.0,QT450-10,201.44965347303432,,,,False
4,20,13,-23.04,-3.673076923076927,9.600000000000001,QT450-10,201.19705374271086,,,,False
4,20,14,-23.04,-3.673076923076927,11.200000000000003,QT450-10,200.96913235267328,,,,False
4,21,0,-23.04,-2.0961538461538467,-11.2,ERNiFe-CI,203.88227636364925,,,,False
4,21,1,-23.04,-2.0961538461538467,-9.6,ERNiFe-CI,204.22165681963932,,,,False
4,21,2,-23.04,-2.0961538461538467,-8.0,ERNiFe-CI,204.6638222929008,,,,False
4,21,3,-23.04,-2.0961538461538467,-6.3999999999999995,ERNiFe-CI,205.34603820824435,,,,False
4,21,4,-23.04,-2.0961538461538467,-4.8,ERNiFe-CI,208.89309560383435,,,,False
4,21,5,-23.04,-2.0961538461538467,-3.1999999999999993,ERNiFe-CI,227.01623517116988,,,,False
4,21,6,-23.04,-2.0961538461538467,-1.5999999999999996,ERNiFe-CI,259.6446671720839,,,,False
4,21,7,-23.04,-2.0961538461538467,0.0,ERNiFe-CI,284.46680460463773,,,,False
4,21,8,-23.04,-2.0961538461538467,1.6000000000000014,ERNiFe-CI,259.64466717208387,,,,False
4,21,9,-23.04,-2.0961538461538467,3.200000000000001,ERNiFe-CI,227.01623517116985,,,,False
4,21,10,-23.04,-2.0961538461538467,4.800000000000001,ERNiFe-CI,208.89309560383435,,,,False
4,21,11,-23.04,-2.0961538461538467,6.400000000000002,ERNiFe-CI,205.34603820824435,,,,False
4,21,12,-23.04,-2.0961538461538467,8.0,ERNiFe-CI,204.6638222929008,,,,False
4,21,13,-23.04,-2.0961538461538467,9.600000000000001,ERNiFe-CI,204.22165681963932,,,,False
4,21,14,-23.04,-2.0961538461538467,11.200000000000003,ERNiFe-CI,203.88227636364925,,,,False
4,22,0,-23.04,-0.5192307692307736,-11.2,ERNiFe-CI,207.4200970057516,,,,False
4,22,1,-23.04,-0.5192307692307736,-9.6,ERNiFe-CI,207.90663180209015,,,,False
4,22,2,-23.04,-0.5192307692307736,-8.0,ERNiFe-CI,208.69151754594353,,,,False
4,22,3,-23.04,-0.5192307692307736,-6.3999999999999995,ERNiFe-CI,210.29306030322203,,,,False
4,22,4,-23.04,-0.5192307692307736,-4.8,ERNiFe-CI,218.4129177828895,,,,False
4,22,5,-23.04,-0.5192307692307736,-3.1999999999999993,ERNiFe-CI,248.2297832964575,,,,False
4,22,6,-23.04,-0.5192307692307736,-1.5999999999999996,ERNiFe-CI,313.57071929933176,,,,False
4,22,7,-23.04,-0.5192307692307736,0.0,ERNiFe-CI,397.2579997612359,,,,False
4,22,8,-23.04,-0.5192307692307736,1.6000000000000014,ERNiFe-CI,313.57071929933164,,,,False
4,22,9,-23.04,-0.5192307692307736,3.200000000000001,ERNiFe-CI,248.2297832964574,,,,False
4,22,10,-23.04,-0.5192307692307736,4.800000000000001,ERNiFe-CI,218.41291778288948,,,,False
4,22,11,-23.04,-0.5192307692307736,6.400000000000002,ERNiFe-CI,210.29306030322203,,,,False
4,22,12,-23.04,-0.5192307692307736,8.0,ERNiFe-CI,208.69151754594353,,,,False
4,22,13,-23.04,-0.5192307692307736,9.600000000000001,ERNiFe-CI,207.90663180209015,,,,False
4,22,14,-23.04,-0.5192307692307736,11.200000000000003,ERNiFe-CI,207.4200970057516,,,,False
4,23,0,-23.04,1.0576923076923066,-11.2,ERNiFe-CI,210.62810625769993,,,,False
4,23,1,-23.04,1.0576923076923066,-9.6,ERNiFe-CI,211.25885480976058,,,,False
4,23,2,-23.04,1.0576923076923066,-8.0,ERNiFe-CI,212.4087446661228,,,,False
4,23,3,-23.04,1.0576923076923066,-6.3999999999999995,ERNiFe-CI,214.94038617895754,,,,False
4,23,4,-23.04,1.0576923076923066,-4.8,ERNiFe-CI,223.83118917727927,,,,False
4,23,5,-23.04,1.0576923076923066,-3.1999999999999993,ERNiFe-CI,249.19970716894338,,,,False
4,23,6,-23.04,1.0576923076923066,-1.5999999999999996,ERNiFe-CI,302.54284377226946,,,,False
4,23,7,-23.04,1.0576923076923066,0.0,ERNiFe-CI,359.4018980901687,,,,False
4,23,8,-23.04,1.0576923076923066,1.6000000000000014,ERNiFe-CI,302.54284377226946,,,,False
4,23,9,-23.04,1.0576923076923066,3.200000000000001,ERNiFe-CI,249.19970716894335,,,,False
4,23,10,-23.04,1.0576923076923066,4.800000000000001,ERNiFe-CI,223.83118917727924,,,,False
4,23,11,-23.04,1.0576923076923066,6.400000000000002,ERNiFe-CI,214.94038617895754,,,,False
4,23,12,-23.04,1.0576923076923066,8.0,ERNiFe-CI,212.4087446661228,,,,False
4,23,13,-23.04,1.0576923076923066,9.600000000000001,ERNiFe-CI,211.25885480976058,,,,False
4,23,14,-23.04,1.0576923076923066,11.200000000000003,ERNiFe-CI,210.62810625769993,,,,False
4,24,0,-23.04,2.634615384615387,-11.2,ERNiFe-CI,213.20608311311605,,,,False
4,24,1,-23.04,2.634615384615387,-9.6,ERNiFe-CI,213.9408383033239,,,,False
4,24,2,-23.04,2.634615384615387,-8.0,ERNiFe-CI,215.37629073164717,,,,False
4,24,3,-23.04,2.634615384615387,-6.3999999999999995,ERNiFe-CI,218.4695694514338,,,,False
4,24,4,-23.04,2.634615384615387,-4.8,ERNiFe-CI,226.35442694781344,,,,False
4,24,5,-23.04,2.634615384615387,-3.1999999999999993,ERNiFe-CI,242.04286721019747,,,,False
4,24,6,-23.04,2.634615384615387,-1.5999999999999996,ERNiFe-CI,264.2812552739961,,,,False
4,24,7,-23.04,2.634615384615387,0.0,ERNiFe-CI,280.3600682841436,,,,False
4,24,8,-23.04,2.634615384615387,1.6000000000000014,ERNiFe-CI,264.28125527399607,,,,False
4,24,9,-23.04,2.634615384615387,3.200000000000001,ERNiFe-CI,242.04286721019741,,,,False
4,24,10,-23.04,2.634615384615387,4.800000000000001,ERNiFe-CI,226.35442694781344,,,,False
4,24,11,-23.04,2.634615384615387,6.400000000000002,ERNiFe-CI,218.4695694514338,,,,False
4,24,12,-23.04,2.634615384615387,8.0,ERNiFe-CI,215.37629073164717,,,,False
4,24,13,-23.04,2.634615384615387,9.600000000000001,ERNiFe-CI,213.9408383033239,,,,False
4,24,14,-23.04,2.634615384615387,11.200000000000003,ERNiFe-CI,213.20608311311605,,,,False
4,25,0,-23.04,4.21153846153846,-11.2,Q235B,214.52711639244518,,,,False
4,25,1,-23.04,4.21153846153846,-9.6,Q235B,215.27684183757782,,,,False
4,25,2,-23.04,4.21153846153846,-8.0,Q235B,216.8373437370694,,,,False
4,25,3,-23.04,4.21153846153846,-6.3999999999999995,Q235B,220.1204953832005,,,,False
4,25,4,-23.04,4.21153846153846,-4.8,Q235B,227.4195752327884,,,,False
4,25,5,-23.04,4.21153846153846,-3.1999999999999993,Q235B,239.73297795962782,,,,False
4,25,6,-23.04,4.21153846153846,-1.5999999999999996,Q235B,252.13650560682925,,,,False
4,25,7,-23.04,4.21153846153846,0.0,Q235B,258.113016159568,,,,False
4,25,8,-23.04,4.21153846153846,1.6000000000000014,Q235B,252.13650560682925,,,,False
4,25,9,-23.04,4.21153846153846,3.200000000000001,Q235B,239.7329779596278,,,,False
4,25,10,-23.04,4.21153846153846,4.800000000000001,Q235B,227.41957523278836,,,,False
4,25,11,-23.04,4.21153846153846,6.400000000000002,Q235B,220.1204953832005,,,,False
4,25,12,-23.04,4.21153846153846,8.0,Q235B,216.83734373706938,,,,False
4,25,13,-23.04,4.21153846153846,9.600000000000001,Q235B,215.27684183757782,,,,False
4,25,14,-23.04,4.21153846153846,11.200000000000003,Q235B,214.52711639244518,,,,False
5,0,0,-20.16,-35.21153846153846,-11.2,QT450-10,172.65034074955898,,,,False
5,0,1,-20.16,-35.21153846153846,-9.6,QT450-10,172.7802308809889,,,,False
5,0,2,-20.16,-35.21153846153846,-8.0,QT450-10,172.8901769972929,,,,False
5,0,3,-20.16,-35.21153846153846,-6.3999999999999995,QT450-10,172.98016561829917,,,,False
5,0,4,-20.16,-35.21153846153846,-4.8,QT450-10,173.0501804365613,,,,False
5,0,5,-20.16,-35.21153846153846,-3.1999999999999993,QT450-10,173.10020519069155,,,,False
5,0,6,-20.16,-35.21153846153846,-1.5999999999999996,QT450-10,173.13022616377003,,,,False
5,0,7,-20.16,-35.21153846153846,0.0,QT450-10,173.14023422213018,,,,False
5,0,8,-20.16,-35.21153846153846,1.6000000000000014,QT450-10,173.13022616377003,,,,False
5,0,9,-20.16,-35.21153846153846,3.200000000000001,QT450-10,173.10020519069155,,,,False
5,0,10,-20.16,-35.21153846153846,4.800000000000001,QT450-10,173.0501804365613,,,,False
5,0,11,-20.16,-35.21153846153846,6.400000000000002,QT450-10,172.98016561829917,,,,False
5,0,12,-20.16,-35.21153846153846,8.0,QT450-10,172.8901769972929,,,,False
5,0,13,-20.16,-35.21153846153846,9.600000000000001,QT450-10,172.7802308809889,,,,False
5,0,14,-20.16,-35.21153846153846,11.200000000000003,QT450-10,172.65034074955898,,,,False
5,1,0,-20.16,-33.63461538461539,-11.2,QT450-10,173.0049789561207,,,,False
5,1,1,-20.16,-33.63461538461539,-9.6,QT450-10,173.13526611609745,,,,False
5,1,2,-20.16,-33.63461538461539,-8.0,QT450-10,173.24555348500812,,,,False
5,1,3,-20.16,-33.63461538461539,-6.3999999999999995,QT450-10,173.33582441973206,,,,False
5,1,4,-20.16,-33.63461538461539,-4.8,QT450-10,173.40606075341617,,,,False
5,1,5,-20.16,-33.63461538461539,-3.1999999999999993,QT450-10,173.4562448212413,,,,False
5,1,6,-20.16,-33.63461538461539,-1.5999999999999996,QT450-10,173.48636183903318,,,,False
5,1,7,-20.16,-33.63461538461539,0.0,QT450-10,173.49640199084882,,,,False
5,1,8,-20.16,-33.63461538461539,1.6000000000000014,QT450-10,173.48636183903318,,,,False
5,1,9,-20.16,-33.63461538461539,3.200000000000001,QT450-10,173.4562448212413,,,,False
5,1,10,-20.16,-33.63461538461539,4.800000000000001,QT450-10,173.40606075341617,,,,False
5,1,11,-20.16,-33.63461538461539,6.400000000000002,QT450-10,173.33582441973206,,,,False
5,1,12,-20.16,-33.63461538461539,8.0,QT450-10,173.24555348500812,,,,False
5,1,13,-20.16,-33.63461538461539,9.600000000000001,QT450-10,173.13526611609745,,,,False
5,1,14,-20.16,-33.63461538461539,11.200000000000003,QT450-10,173.0049789561207,,,,False
5,2,0,-20.16,-32.05769230769231,-11.2,QT450-10,173.56439582670882,,,,False
5,2,1,-20.16,-32.05769230769231,-9.6,QT450-10,173.69531701992162,,,,False
5,2,2,-20.16,-32.05769230769231,-8.0,QT450-10,173.8061474001291,,,,False
5,2,3,-20.16,-32.05769230769231,-6.3999999999999995,QT450-10,173.896867857977,,,,False
5,2,4,-20.16,-32.05769230769231,-4.8,QT450-10,173.9674574654579,,,,False
5,2,5,-20.16,-32.05769230769231,-3.1999999999999993,QT450-10,174.01789599836417,,,,False
5,2,6,-20.16,-32.05769230769231,-1.5999999999999996,QT450-10,174.04816660021052,,,,False
5,2,7,-20.16,-32.05769230769231,0.0,QT450-10,174.05825810332234,,,,False
5,2,8,-20.16,-32.05769230769231,1.6000000000000014,QT450-10,174.04816660021052,,,,False
5,2,9,-20.16,-32.05769230769231,3.200000000000001,QT450-10,174.01789599836417,,,,False
5,2,10,-20.16,-32.05769230769231,4.800000000000001,QT450-10,173.9674574654579,,,,False
5,2,11,-20.16,-32.05769230769231,6.400000000000002,QT450-10,173.896867857977,,,,False
5,2,12,-20.16,-32.05769230769231,8.0,QT450-10,173.8061474001291,,,,False
5,2,13,-20.16,-32.05769230769231,9.600000000000001,QT450-10,173.69531701992162,,,,False
5,2,14,-20.16,-32.05769230769231,11.200000000000003,QT450-10,173.56439582670882,,,,False
5,3,0,-20.16,-30.48076923076923,-11.2,QT450-10,174.32389810042818,,,,False
5,3,1,-20.16,-30.48076923076923,-9.6,QT450-10,174.45568490148284,,,,False
5,3,2,-20.16,-30.48076923076923,-8.0,QT450-10,174.5672572638344,,,,False
5,3,3,-20.16,-30.48076923076923,-6.3999999999999995,QT450-10,174.65859253272433,,,,False
5,3,4,-20.16,-30.48076923076923,-4.8,QT450-10,174.72966581149691,,,,False
5,3,5,-20.16,-30.48076923076923,-3.1999999999999993,QT450-10,174.7804530643596,,,,False
5,3,6,-20.16,-30.48076923076923,-1.5999999999999996,QT450-10,174.8109342864446,,,,False
5,3,7,-20.16,-30.48076923076923,0.0,QT450-10,174.8210962373165,,,,False
5,3,8,-20.16,-30.48076923076923,1.6000000000000014,QT450-10,174.8109342864446,,,,False
5,3,9,-20.16,-30.48076923076923,3.200000000000001,QT450-10,174.7804530643596,,,,False
5,3,10,-20.16,-30.48076923076923,4.800000000000001,QT450-10,174.72966581149691,,,,False
5,3,11,-20.16,-30.48076923076923,6.400000000000002,QT450-10,174.65859253272433,,,,False
5,3,12,-20.16,-30.48076923076923,8.0,QT450-10,174.5672572638344,,,,False
5,3,13,-20.16,-30.48076923076923,9.600000000000001,QT450-10,174.45568490148284,,,,False
5,3,14,-20.16,-30.48076923076923,11.200000000000003,QT450-10,174.32389810042818,,,,False
5,4,0,-20.16,-28.903846153846153,-11.2,QT450-10,175.27628696430017,,,,False
5,4,1,-20.16,-28.903846153846153,-9.6,QT450-10,175.40916466200832,,,,False
5,4,2,-20.16,-28.903846153846153,-8.0,QT450-10,175.52167335093708,,,,False
5,4,3,-20.16,-28.903846153846153,-6.3999999999999995,QT450-10,175.61378540971188,,,,False
5,4,4,-20.16,-28.903846153846153,-4.8,QT450-10,175.6854704754148,,,,False
5,4,5,-20.16,-28.903846153846153,-3.1999999999999993,QT450-10,175.73669923677173,,,,False
5,4,6,-20.16,-28.903846153846153,-1.5999999999999996,QT450-10,175.76744730489463,,,,False
5,4,7,-20.16,-28.903846153846153,0.0,QT450-10,175.77769854193903,,,,False
5,4,8,-20.16,-28.903846153846153,1.6000000000000014,QT450-10,175.76744730489463,,,,False
5,4,9,-20.16,-28.903846153846153,3.200000000000001,QT450-10,175.73669923677173,,,,False
5,4,10,-20.16,-28.903846153846153,4.800000000000001,QT450-10,175.6854704754148,,,,False
5,4,11,-20.16,-28.903846153846153,6.400000000000002,QT450-10,175.61378540971188,,,,False
5,4,12,-20.16,-28.903846153846153,8.0,QT450-10,175.52167335093708,,,,False
5,4,13,-20.16,-28.903846153846153,9.600000000000001,QT450-10,175.40916466200832,,,,False
5,4,14,-20.16,-28.903846153846153,11.200000000000003,QT450-10,175.27628696430017,,,,False
5,5,0,-20.16,-27.326923076923077,-11.2,QT450-10,176.41185371502993,,,,False
5,5,1,-20.16,-27.326923076923077,-9.6,QT450-10,176.54603946398376,,,,False
5,5,2,-20.16,-27.326923076923077,-8.0,QT450-10,176.6596725865178,,,,False
5,5,3,-20.16,-27.326923076923077,-6.3999999999999995,QT450-10,176.7527188928876,,,,False
5,5,4,-20.16,-27.326923076923077,-4.8,QT450-10,176.82514076580537,,,,False
5,5,5,-20.16,-27.326923076923077,-3.1999999999999993,QT450-10,176.87690186340689,,,,False
5,5,6,-20.16,-27.326923076923077,-1.5999999999999996,QT450-10,176.90797193446411,,,,False
5,5,7,-20.16,-27.326923076923077,0.0,QT450-10,176.9183309585119,,,,False
5,5,8,-20.16,-27.326923076923077,1.6000000000000014,QT450-10,176.90797193446411,,,,False
5,5,9,-20.16,-27.326923076923077,3.200000000000001,QT450-10,176.87690186340689,,,,False
5,5,10,-20.16,-27.326923076923077,4.800000000000001,QT450-10,176.82514076580537,,,,False
5,5,11,-20.16,-27.326923076923077,6.400000000000002,QT450-10,176.7527188928876,,,,False
5,5,12,-20.16,-27.326923076923077,8.0,QT450-10,176.6596725865178,,,,False
5,5,13,-20.16,-27.326923076923077,9.600000000000001,QT450-10,176.54603946398376,,,,False
5,5,14,-20.16,-27.326923076923077,11.200000000000003,QT450-10,176.41185371502993,,,,False
5,6,0,-20.16,-25.75,-11.2,QT450-10,177.71838234282882,,,,False
5,6,1,-20.16,-25.75,-9.6,QT450-10,177.85408301886966,,,,False
5,6,2,-20.16,-25.75,-8.0,QT450-10,177.96902088241282,,,,False
5,6,3,-20.16,-25.75,-6.3999999999999995,QT450-10,178.06315331208617,,,,False
5,6,4,-20.16,-25.75,-4.8,QT450-10,178.13643326425796,,,,False
5,6,5,-20.16,-25.75,-3.1999999999999993,QT450-10,178.18881520654546,,,,False
5,6,6,-20.16,-25.75,-1.5999999999999996,QT450-10,178.22026120062893,,,,False
5,6,7,-20.16,-25.75,0.0,QT450-10,178.23074612720535,,,,False
5,6,8,-20.16,-25.75,1.6000000000000014,QT450-10,178.22026120062893,,,,False
5,6,9,-20.16,-25.75,3.200000000000001,QT450-10,178.18881520654546,,,,False
5,6,10,-20.16,-25.75,4.800000000000001,QT450-10,178.13643326425796,,,,False
5,6,11,-20.16,-25.75,6.400000000000002,QT450-10,178.06315331208617,,,,False
5,6,12,-20.16,-25.75,8.0,QT450-10,177.96902088241282,,,,False
5,6,13,-20.16,-25.75,9.600000000000001,QT450-10,177.85408301886966,,,,False
5,6,14,-20.16,-25.75,11.200000000000003,QT450-10,177.71838234282882,,,,False
5,7,0,-20.16,-24.173076923076923,-11.2,QT450-10,179.1811654524241,,,,False
5,7,1,-20.16,-24.173076923076923,-9.6,QT450-10,179.318575435087,,,,False
5,7,2,-20.16,-24.173076923076923,-8.0,QT450-10,179.43498909976543,,,,False
5,7,3,-20.16,-24.173076923076923,-6.3999999999999995,QT450-10,179.53035311072836,,,,False
5,7,4,-20.16,-24.173076923076923,-4.8,QT450-10,179.60460826639303,,,,False
5,7,5,-20.16,-24.173076923076923,-3.1999999999999993,QT450-10,179.65769710529082,,,,False
5,7,6,-20.16,-24.173076923076923,-1.5999999999999996,QT450-10,179.68957168636598,,,,False
5,7,7,-20.16,-24.173076923076923,0.0,QT450-10,179.7002002500915,,,,False
5,7,8,-20.16,-24.173076923076923,1.6000000000000014,QT450-10,179.68957168636598,,,,False
5,7,9,-20.16,-24.173076923076923,3.200000000000001,QT450-10,179.65769710529082,,,,False
5,7,10,-20.16,-24.173076923076923,4.800000000000001,QT450-10,179.60460826639303,,,,False
5,7,11,-20.16,-24.173076923076923,6.400000000000002,QT450-10,179.53035311072836,,,,False
5,7,12,-20.16,-24.173076923076923,8.0,QT450-10,179.43498909976543,,,,False
5,7,13,-20.16,-24.173076923076923,9.600000000000001,QT450-10,179.318575435087,,,,False
5,7,14,-20.16,-24.173076923076923,11.200000000000003,QT450-10,179.1811654524241,,,,False
5,8,0,-20.16,-22.596153846153847,-11.2,QT450-10,180.78304073463426,,,,False
5,8,1,-20.16,-22.596153846153847,-9.6,QT450-10,180.9223397514949,,,,False
5,8,2,-20.16,-22.596153846153847,-8.0,QT450-10,181.04038984891807,,,,False
5,8,3,-20.16,-22.596153846153847,-6.3999999999999995,QT450-10,181.13712403469313,,,,False
5,8,4,-20.16,-22.596153846153847,-4.8,QT450-10,181.21246738336225,,,,False
5,8,5,-20.16,-22.596153846153847,-3.1999999999999993,QT450-10,181.26634692933155,,,,False
5,8,6,-20.16,-22.596153846153847,-1.5999999999999996,QT450-10,181.29870171921957,,,,False
5,8,7,-20.16,-22.596153846153847,0.0,QT450-10,181.30949135948433,,,,False
5,8,8,-20.16,-22.596153846153847,1.6000000000000014,QT450-10,181.29870171921957,,,,False
5,8,9,-20.16,-22.596153846153847,3.200000000000001,QT450-10,181.26634692933155,,,,False
5,8,10,-20.16,-22.596153846153847,4.800000000000001,QT450-10,181.21246738336225,,,,False
5,8,11,-20.16,-22.596153846153847,6.400000000000002,QT450-10,181.13712403469313,,,,False
5,8,12,-20.16,-22.596153846153847,8.0,QT450-10,181.04038984891807,,,,False
5,8,13,-20.16,-22.596153846153847,9.600000000000001,QT450-10,180.9223397514949,,,,False
5,8,14,-20.16,-22.596153846153847,11.200000000000003,QT450-10,180.78304073463426,,,,False
5,9,0,-20.16,-21.01923076923077,-11.2,QT450-10,182.50445572797824,,,,False
5,9,1,-20.16,-21.01923076923077,-9.6,QT450-10,182.64580692387946,,,,False
5,9,2,-20.16,-21.01923076923077,-8.0,QT450-10,182.76564298705892,,,,False
5,9,3,-20.16,-21.01923076923077,-6.3999999999999995,QT450-10,182.8638792904587,,,,False
5,9,4,-20.16,-21.01923076923077,-4.8,QT450-10,182.9404203630706,,,,False
5,9,5,-20.16,-21.01923076923077,-3.1999999999999993,QT450-10,182.99517294743927,,,,False
5,9,6,-20.16,-21.01923076923077,-1.5999999999999996,QT450-10,183.0280590943906,,,,False
5,9,7,-20.16,-21.01923076923077,0.0,QT450-10,183.03902716317373,,,,False
5,9,8,-20.16,-21.01923076923077,1.6000000000000014,QT450-10,183.0280590943906,,,,False
5,9,9,-20.16,-21.01923076923077,3.200000000000001,QT450-10,182.99517294743927,,,,False
5,9,10,-20.16,-21.01923076923077,4.800000000000001,QT450-10,182.9404203630706,,,,False
5,9,11,-20.16,-21.01923076923077,6.400000000000002,QT450-10,182.8638792904587,,,,False
5,9,12,-20.16,-21.01923076923077,8.0,QT450-10,182.76564298705892,,,,False
5,9,13,-20.16,-21.01923076923077,9.600000000000001,QT450-10,182.64580692387946,,,,False
5,9,14,-20.16,-21.01923076923077,11.200000000000003,QT450-10,182.50445572797824,,,,False
5,10,0,-20.16,-19.442307692307693,-11.2,QT450-10,184.323568679682,,,,False
5,10,1,-20.16,-19.442307692307693,-9.6,QT450-10,184.46711716542833,,,,False
5,10,2,-20.16,-19.442307692307693,-8.0,QT450-10,184.58887786254937,,,,False
5,10,3,-20.16,-19.442307692307693,-6.3999999999999995,QT450-10,184.68874287699967,,,,False
5,10,4,-20.16,-19.442307692307693,-4.8,QT450-10,184.76658946134032,,,,False
5,10,5,-20.16,-19.442307692307693,-3.1999999999999993,QT450-10,184.82229752366416,,,,False
5,10,6,-20.16,-19.442307692307693,-1.5999999999999996,QT450-10,184.85576679045946,,,,False
5,10,7,-20.16,-19.442307692307693,0.0,QT450-10,184.86693093637655,,,,False
5,10,8,-20.16,-19.442307692307693,1.6000000000000014,QT450-10,184.85576679045946,,,,False
5,10,9,-20.16,-19.442307692307693,3.200000000000001,QT450-10,184.82229752366416,,,,False
5,10,10,-20.16,-19.442307692307693,4.800000000000001,QT450-10,184.76658946134032,,,,False
5,10,11,-20.16,-19.442307692307693,6.400000000000002,QT450-10,184.68874287699967,,,,False
5,10,12,-20.16,-19.442307692307693,8.0,QT450-10,184.58887786254937,,,,False
5,10,13,-20.16,-19.442307692307693,9.600000000000001,QT450-10,184.46711716542833,,,,False
5,10,14,-20.16,-19.442307692307693,11.200000000000003,QT450-10,184.323568679682,,,,False
5,11,0,-20.16,-17.865384615384617,-11.2,QT450-10,186.21639280441002,,,,False
5,11,1,-20.16,-17.865384615384617,-9.6,QT450-10,186.3622651095205,,,,False
5,11,2,-20.16,-17.865384615384617,-8.0,QT450-10,186.48608002398745,,,,False
5,11,3,-20.16,-17.865384615384617,-6.3999999999999995,QT450-10,186.58769804865676,,,,False
5,11,4,-20.16,-17.865384615384617,-4.8,QT450-10,186.6669594927741,,,,False
5,11,5,-20.16,-17.865384615384617,-3.1999999999999993,QT450-10,186.72370836821776,,,,False
5,11,6,-20.16,-17.865384615384617,-1.5999999999999996,QT450-10,186.75781494682153,,,,False
5,11,7,-20.16,-17.865384615384617,0.0,QT450-10,186.76919374021443,,,,False
5,11,8,-20.16,-17.865384615384617,1.6000000000000014,QT450-10,186.75781494682153,,,,False
5,11,9,-20.16,-17.865384615384617,3.200000000000001,QT450-10,186.72370836821776,,,,False
5,11,10,-20.16,-17.865384615384617,4.800000000000001,QT450-10,186.6669594927741,,,,False
5,11,11,-20.16,-17.865384615384617,6.400000000000002,QT450-10,186.58769804865676,,,,False
5,11,12,-20.16,-17.865384615384617,8.0,QT450-10,186.48608002398745,,,,False
5,11,13,-20.16,-17.865384615384617,9.600000000000001,QT450-10,186.3622651095205,,,,False
5,11,14,-20.16,-17.865384615384617,11.200000000000003,QT450-10,186.21639280441002,,,,False
5,12,0,-20.16,-16.28846153846154,-11.2,QT450-10,188.15699002254638,,,,False
5,12,1,-20.16,-16.28846153846154,-9.6,QT450-10,188.3052951914977,,,,False
5,12,2,-20.16,-16.28846153846154,-8.0,QT450-10,188.4312892288693,,,,False
5,12,3,-20.16,-16.28846153846154,-6.3999999999999995,QT450-10,188.5347881199774,,,,False
5,12,4,-20.16,-16.28846153846154,-4.8,QT450-10,188.61558099919074,,,,False
5,12,5,-20.16,-16.28846153846154,-3.1999999999999993,QT450-10,188.67346337241278,,,,False
5,12,6,-20.16,-16.28846153846154,-1.5999999999999996,QT450-10,188.70826664926395,,,,False
5,12,7,-20.16,-16.28846153846154,0.0,QT450-10,188.71988051166383,,,,False
5,12,8,-20.16,-16.28846153846154,1.6000000000000014,QT450-10,188.70826664926395,,,,False
5,12,9,-20.16,-16.28846153846154,3.200000000000001,QT450-10,188.67346337241278,,,,False
5,12,10,-20.16,-16.28846153846154,4.800000000000001,QT450-10,188.61558099919074,,,,False
5,12,11,-20.16,-16.28846153846154,6.400000000000002,QT450-10,188.5347881199774,,,,False
5,12,12,-20.16,-16.28846153846154,8.0,QT450-10,188.4312892288693,,,,False
5,12,13,-20.16,-16.28846153846154,9.600000000000001,QT450-10,188.3052951914977,,,,False
5,12,14,-20.16,-16.28846153846154,11.200000000000003,QT450-10,188.15699002254638,,,,False
5,13,0,-20.16,-14.711538461538463,-11.2,QT450-10,190.1177181723952,,,,False
5,13,1,-20.16,-14.711538461538463,-9.6,QT450-10,190.26855186724345,,,,False
5,13,2,-20.16,-14.711538461538463,-8.0,QT450-10,190.39685417461033,,,,False
5,13,3,-20.16,-14.711538461538463,-6.3999999999999995,QT450-10,190.50237563108612,,,,False
5,13,4,-20.16,-14.711538461538463,-4.8,QT450-10,190.5848328202891,,,,False
5,13,5,-20.16,-14.711538461538463,-3.1999999999999993,QT450-10,190.64395533779702,,,,False
5,13,6,-20.16,-14.711538461538463,-1.5999999999999996,QT450-10,190.67952377097717,,,,False
5,13,7,-20.16,-14.711538461538463,0.0,QT450-10,190.6913962374995,,,,False
5,13,8,-20.16,-14.711538461538463,1.6000000000000014,QT450-10,190.67952377097717,,,,False
5,13,9,-20.16,-14.711538461538463,3.200000000000001,QT450-10,190.64395533779702,,,,False
5,13,10,-20.16,-14.711538461538463,4.800000000000001,QT450-10,190.5848328202891,,,,False
5,13,11,-20.16,-14.711538461538463,6.400000000000002,QT450-10,190.50237563108612,,,,False
5,13,12,-20.16,-14.711538461538463,8.0,QT450-10,190.39685417461033,,,,False
5,13,13,-20.16,-14.711538461538463,9.600000000000001,QT450-10,190.26855186724345,,,,False
5,13,14,-20.16,-14.711538461538463,11.200000000000003,QT450-10,190.1177181723952,,,,False
5,14,0,-20.16,-13.134615384615387,-11.2,QT450-10,192.06953244536047,,,,False
5,14,1,-20.16,-13.134615384615387,-9.6,QT450-10,192.22298675587936,,,,False
5,14,2,-20.16,-13.134615384615387,-8.0,QT450-10,192.35374758518316,,,,False
5,14,3,-20.16,-13.134615384615387,-6.3999999999999995,QT450-10,192.46146443450615,,,,False
5,14,4,-20.16,-13.134615384615387,-4.8,QT450-10,192.5457488427357,,,,False
5,14,5,-20.16,-13.134615384615387,-3.1999999999999993,QT450-10,192.60624118505345,,,,False
5,14,6,-20.16,-13.134615384615387,-1.5999999999999996,QT450-10,192.64265719761357,,,,False
5,14,7,-20.16,-13.134615384615387,0.0,QT450-10,192.65481643214744,,,,False
5,14,8,-20.16,-13.134615384615387,1.6000000000000014,QT450-10,192.64265719761357,,,,False
5,14,9,-20.16,-13.134615384615387,3.200000000000001,QT450-10,192.60624118505345,,,,False
5,14,10,-20.16,-13.134615384615387,4.800000000000001,QT450-10,192.5457488427357,,,,False
5,14,11,-20.16,-13.134615384615387,6.400000000000002,QT450-10,192.46146443450615,,,,False
5,14,12,-20.16,-13.134615384615387,8.0,QT450-10,192.35374758518316,,,,False
5,14,13,-20.16,-13.134615384615387,9.600000000000001,QT450-10,192.22298675587936,,,,False
5,14,14,-20.16,-13.134615384615387,11.200000000000003,QT450-10,192.06953244536047,,,,False
5,15,0,-20.16,-11.55769230769231,-11.2,QT450-10,193.98233677492416,,,,False
5,15,1,-20.16,-11.55769230769231,-9.6,QT450-10,194.1385215579115,,,,False
5,15,2,-20.16,-11.55769230769231,-8.0,QT450-10,194.27194357646476,,,,False
5,15,3,-20.16,-11.55769230769231,-6.3999999999999995,QT450-10,194.38208796387707,,,,False
5,15,4,-20.16,-11.55769230769231,-4.8,QT450-10,194.46841204594398,,,,False
5,15,5,-20.16,-11.55769230769231,-3.1999999999999993,QT450-10,194.5304380189268,,,,False
5,15,6,-20.16,-11.55769230769231,-1.5999999999999996,QT450-10,194.56780315019972,,,,False
5,15,7,-20.16,-11.55769230769231,0.0,QT450-10,194.58028338255042,,,,False
5,15,8,-20.16,-11.55769230769231,1.6000000000000014,QT450-10,194.56780315019972,,,,False
5,15,9,-20.16,-11.55769230769231,3.200000000000001,QT450-10,194.5304380189268,,,,False
5,15,10,-20.16,-11.55769230769231,4.800000000000001,QT450-10,194.46841204594398,,,,False
5,15,11,-20.16,-11.55769230769231,6.400000000000002,QT450-10,194.38208796387707,,,,False
5,15,12,-20.16,-11.55769230769231,8.0,QT450-10,194.27194357646476,,,,False
5,15,13,-20.16,-11.55769230769231,9.600000000000001,QT450-10,194.1385215579115,,,,False
5,15,14,-20.16,-11.55769230769231,11.200000000000003,QT450-10,193.98233677492416,,,,False
5,16,0,-20.16,-9.98076923076923,-11.2,QT450-10,195.8630719337572,,,,False
5,16,1,-20.16,-9.98076923076923,-9.6,QT450-10,196.02286089741753,,,,False
5,16,2,-20.16,-9.98076923076923,-8.0,QT450-10,196.1605101958611,,,,False
5,16,3,-20.16,-9.98076923076923,-6.3999999999999995,QT450-10,196.27505031754657,,,,False
5,16,4,-20.16,-9.98076923076923,-4.8,QT450-10,196.36546294606978,,,,False
5,16,5,-20.16,-9.98076923076923,-3.1999999999999993,QT450-10,196.43081899793754,,,,False
5,16,6,-20.16,-9.98076923076923,-1.5999999999999996,QT450-10,196.47036586468292,,,,False
5,16,7,-20.16,-9.98076923076923,0.0,QT450-10,196.48360628788691,,,,False
5,16,8,-20.16,-9.98076923076923,1.6000000000000014,QT450-10,196.47036586468292,,,,False
5,16,9,-20.16,-9.98076923076923,3.200000000000001,QT450-10,196.43081899793754,,,,False
5,16,10,-20.16,-9.98076923076923,4.800000000000001,QT450-10,196.36546294606978,,,,False
5,16,11,-20.16,-9.98076923076923,6.400000000000002,QT450-10,196.27505031754657,,,,False
5,16,12,-20.16,-9.98076923076923,8.0,QT450-10,196.1605101958611,,,,False
5,16,13,-20.16,-9.98076923076923,9.600000000000001,QT450-10,196.02286089741753,,,,False
5,16,14,-20.16,-9.98076923076923,11.200000000000003,QT450-10,195.8630719337572,,,,False
5,17,0,-20.16,-8.403846153846153,-11.2,QT450-10,198.41775772545574,,,,False
5,17,1,-20.16,-8.403846153846153,-9.6,QT450-10,198.59276538078777,,,,False
5,17,2,-20.16,-8.403846153846153,-8.0,QT450-10,198.75605325523694,,,,False
5,17,3,-20.16,-8.403846153846153,-6.3999999999999995,QT450-10,198.9046442181182,,,,False
5,17,4,-20.16,-8.403846153846153,-4.8,QT450-10,199.0342441477332,,,,False
5,17,5,-20.16,-8.403846153846153,-3.1999999999999993,QT450-10,199.1384404021302,,,,False
5,17,6,-20.16,-8.403846153846153,-1.5999999999999996,QT450-10,199.20805452402257,,,,False
5,17,7,-20.16,-8.403846153846153,0.0,QT450-10,199.23290033097092,,,,False
5,17,8,-20.16,-8.403846153846153,1.6000000000000014,QT450-10,199.20805452402257,,,,False
5,17,9,-20.16,-8.403846153846153,3.200000000000001,QT450-10,199.1384404021302,,,,False
5,17,10,-20.16,-8.403846153846153,4.800000000000001,QT450-10,199.0342441477332,,,,False
5,17,11,-20.16,-8.403846153846153,6.400000000000002,QT450-10,198.9046442181182,,,,False
5,17,12,-20.16,-8.403846153846153,8.0,QT450-10,198.75605325523694,,,,False
5,17,13,-20.16,-8.403846153846153,9.600000000000001,QT450-10,198.59276538078777,,,,False
5,17,14,-20.16,-8.403846153846153,11.200000000000003,QT450-10,198.41775772545574,,,,False
5,18,0,-20.16,-6.826923076923077,-11.2,QT450-10,201.60743744295223,,,,False
5,18,1,-20.16,-6.826923076923077,-9.6,QT450-10,201.82757556628783,,,,False
5,18,2,-20.16,-6.826923076923077,-8.0,QT450-10,202.07994081331935,,,,False
5,18,3,-20.16,-6.826923076923077,-6.3999999999999995,QT450-10,202.37355498035785,,,,False
5,18,4,-20.16,-6.826923076923077,-4.8,QT450-10,202.7418854613209,,,,False
5,18,5,-20.16,-6.826923076923077,-3.1999999999999993,QT450-10,203.86434514796844,,,,False
5,18,6,-20.16,-6.826923076923077,-1.5999999999999996,QT450-10,207.27177189716147,,,,False
5,18,7,-20.16,-6.826923076923077,0.0,QT450-10,208.87160121607127,,,,False
5,18,8,-20.16,-6.826923076923077,1.6000000000000014,QT450-10,207.27177189716147,,,,False
5,18,9,-20.16,-6.826923076923077,3.200000000000001,QT450-10,203.86434514796844,,,,False
5,18,10,-20.16,-6.826923076923077,4.800000000000001,QT450-10,202.7418854613209,,,,False
5,18,11,-20.16,-6.826923076923077,6.400000000000002,QT450-10,202.37355498035785,,,,False
5,18,12,-20.16,-6.826923076923077,8.0,QT450-10,202.07994081331935,,,,False
5,18,13,-20.16,-6.826923076923077,9.600000000000001,QT450-10,201.82757556628783,,,,False
5,18,14,-20.16,-6.826923076923077,11.200000000000003,QT450-10,201.60743744295223,,,,False
5,19,0,-20.16,-5.25,-11.2,QT450-10,205.19073487046546,,,,False
5,19,1,-20.16,-5.25,-9.6,QT450-10,205.50888805011766,,,,False
5,19,2,-20.16,-5.25,-8.0,QT450-10,205.98105675165027,,,,False
5,19,3,-20.16,-5.25,-6.3999999999999995,QT450-10,206.75167708837571,,,,False
5,19,4,-20.16,-5.25,-4.8,QT450-10,209.17630088471134,,,,False
5,19,5,-20.16,-5.25,-3.1999999999999993,QT450-10,217.1582842017587,,,,False
5,19,6,-20.16,-5.25,-1.5999999999999996,QT450-10,227.3196136879068,,,,False
5,19,7,-20.16,-5.25,0.0,QT450-10,231.9440561470897,,,,False
5,19,8,-20.16,-5.25,1.6000000000000014,QT450-10,227.3196136879068,,,,False
5,19,9,-20.16,-5.25,3.200000000000001,QT450-10,217.15828420175868,,,,False
5,19,10,-20.16,-5.25,4.800000000000001,QT450-10,209.17630088471134,,,,False
5,19,11,-20.16,-5.25,6.400000000000002,QT450-10,206.75167708837571,,,,False
5,19,12,-20.16,-5.25,8.0,QT450-10,205.98105675165027,,,,False
5,19,13,-20.16,-5.25,9.600000000000001,QT450-10,205.50888805011766,,,,False
5,19,14,-20.16,-5.25,11.200000000000003,QT450-10,205.19073487046546,,,,False
5,20,0,-20.16,-3.673076923076927,-11.2,QT450-10,208.9122029473629,,,,False
5,20,1,-20.16,-3.673076923076927,-9.6,QT450-10,209.3934336259739,,,,False
5,20,2,-20.16,-3.673076923076927,-8.0,QT450-10,210.26449614906608,,,,False
5,20,3,-20.16,-3.673076923076927,-6.3999999999999995,QT450-10,212.20494470608298,,,,False
5,20,4,-20.16,-3.673076923076927,-4.8,QT450-10,220.03167592568673,,,,False
5,20,5,-20.16,-3.673076923076927,-3.1999999999999993,QT450-10,238.4457030486993,,,,False
5,20,6,-20.16,-3.673076923076927,-1.5999999999999996,QT450-10,261.8505808727689,,,,False
5,20,7,-20.16,-3.673076923076927,0.0,QT450-10,277.76372971159424,,,,False
5,20,8,-20.16,-3.673076923076927,1.6000000000000014,QT450-10,261.8505808727689,,,,False
5,20,9,-20.16,-3.673076923076927,3.200000000000001,QT450-10,238.4457030486993,,,,False
5,20,10,-20.16,-3.673076923076927,4.800000000000001,QT450-10,220.0316759256867,,,,False
5,20,11,-20.16,-3.673076923076927,6.400000000000002,QT450-10,212.20494470608298,,,,False
5,20,12,-20.16,-3.673076923076927,8.0,QT450-10,210.26449614906605,,,,False
5,20,13,-20.16,-3.673076923076927,9.600000000000001,QT450-10,209.3934336259739,,,,False
5,20,14,-20.16,-3.673076923076927,11.200000000000003,QT450-10,208.9122029473629,,,,False
5,21,0,-20.16,-2.0961538461538467,-11.2,ERNiFe-CI,213.457425697114,,,,False
5,21,1,-20.16,-2.0961538461538467,-9.6,ERNiFe-CI,214.22740159237733,,,,False
5,21,2,-20.16,-2.0961538461538467,-8.0,ERNiFe-CI,215.80195331886358,,,,False
5,21,3,-20.16,-2.0961538461538467,-6.3999999999999995,ERNiFe-CI,220.10851428948473,,,,False
5,21,4,-20.16,-2.0961538461538467,-4.8,ERNiFe-CI,237.0006284122769,,,,False
5,21,5,-20.16,-2.0961538461538467,-3.1999999999999993,ERNiFe-CI,274.8553275392308,,,,False
5,21,6,-20.16,-2.0961538461538467,-1.5999999999999996,ERNiFe-CI,345.799682212125,,,,False
5,21,7,-20.16,-2.0961538461538467,0.0,ERNiFe-CI,401.9398145312426,,,,False
5,21,8,-20.16,-2.0961538461538467,1.6000000000000014,ERNiFe-CI,345.79968221212494,,,,False
5,21,9,-20.16,-2.0961538461538467,3.200000000000001,ERNiFe-CI,274.85532753923076,,,,False
5,21,10,-20.16,-2.0961538461538467,4.800000000000001,ERNiFe-CI,237.00062841227688,,,,False
5,21,11,-20.16,-2.0961538461538467,6.400000000000002,ERNiFe-CI,220.1085142894847,,,,False
5,21,12,-20.16,-2.0961538461538467,8.0,ERNiFe-CI,215.80195331886358,,,,False
5,21,13,-20.16,-2.0961538461538467,9.600000000000001,ERNiFe-CI,214.22740159237733,,,,False
5,21,14,-20.16,-2.0961538461538467,11.200000000000003,ERNiFe-CI,213.457425697114,,,,False
5,22,0,-20.16,-0.5192307692307736,-11.2,ERNiFe-CI,218.71009326505313,,,,False
5,22,1,-20.16,-0.5192307692307736,-9.6,ERNiFe-CI,219.82412059020925,,,,False
5,22,2,-20.16,-0.5192307692307736,-8.0,ERNiFe-CI,222.31785029644882,,,,False
5,22,3,-20.16,-0.5192307692307736,-6.3999999999999995,ERNiFe-CI,229.3784067009407,,,,False
5,22,4,-20.16,-0.5192307692307736,-4.8,ERNiFe-CI,253.9984692028349,,,,False
5,22,5,-20.16,-0.5192307692307736,-3.1999999999999993,ERNiFe-CI,318.4704792622058,,,,False
5,22,6,-20.16,-0.5192307692307736,-1.5999999999999996,ERNiFe-CI,462.57484324880824,,,,False
5,22,7,-20.16,-0.5192307692307736,0.0,ERNiFe-CI,623.3510383456044,,,,False
5,22,8,-20.16,-0.5192307692307736,1.6000000000000014,ERNiFe-CI,462.57484324880807,,,,False
5,22,9,-20.16,-0.5192307692307736,3.200000000000001,ERNiFe-CI,318.4704792622057,,,,False
5,22,10,-20.16,-0.5192307692307736,4.800000000000001,ERNiFe-CI,253.99846920283488,,,,False
5,22,11,-20.16,-0.5192307692307736,6.400000000000002,ERNiFe-CI,229.37840670094067,,,,False
5,22,12,-20.16,-0.5192307692307736,8.0,ERNiFe-CI,222.3178502964488,,,,False
5,22,13,-20.16,-0.5192307692307736,9.600000000000001,ERNiFe-CI,219.82412059020925,,,,False
5,22,14,-20.16,-0.5192307692307736,11.200000000000003,ERNiFe-CI,218.71009326505313,,,,False
5,23,0,-20.16,1.0576923076923066,-11.2,ERNiFe-CI,223.28823225087268,,,,False
5,23,1,-20.16,1.0576923076923066,-9.6,ERNiFe-CI,224.69177281790306,,,,False
5,23,2,-20.16,1.0576923076923066,-8.0,ERNiFe-CI,227.90667370923882,,,,False
5,23,3,-20.16,1.0576923076923066,-6.3999999999999995,ERNiFe-CI,236.2072712894647,,,,False
5,23,4,-20.16,1.0576923076923066,-4.8,ERNiFe-CI,260.033374027286,,,,False
5,23,5,-20.16,1.0576923076923066,-3.1999999999999993,ERNiFe-CI,315.22994547537076,,,,False
5,23,6,-20.16,1.0576923076923066,-1.5999999999999996,ERNiFe-CI,436.4902389933596,,,,False
5,23,7,-20.16,1.0576923076923066,0.0,ERNiFe-CI,558.2780241403711,,,,False
5,23,8,-20.16,1.0576923076923066,1.6000000000000014,ERNiFe-CI,436.4902389933594,,,,False
5,23,9,-20.16,1.0576923076923066,3.200000000000001,ERNiFe-CI,315.22994547537064,,,,False
5,23,10,-20.16,1.0576923076923066,4.800000000000001,ERNiFe-CI,260.03337402728596,,,,False
5,23,11,-20.16,1.0576923076923066,6.400000000000002,ERNiFe-CI,236.20727128946467,,,,False
5,23,12,-20.16,1.0576923076923066,8.0,ERNiFe-CI,227.90667370923882,,,,False
5,23,13,-20.16,1.0576923076923066,9.600000000000001,ERNiFe-CI,224.69177281790303,,,,False
5,23,14,-20.16,1.0576923076923066,11.200000000000003,ERNiFe-CI,223.28823225087265,,,,False
5,24,0,-20.16,2.634615384615387,-11.2,ERNiFe-CI,226.86346461619493,,,,False
5,24,1,-20.16,2.634615384615387,-9.6,ERNiFe-CI,228.45288325731119,,,,False
5,24,2,-20.16,2.634615384615387,-8.0,ERNiFe-CI,232.08435735153512,,,,False
5,24,3,-20.16,2.634615384615387,-6.3999999999999995,ERNiFe-CI,240.38482308746075,,,,False
5,24,4,-20.16,2.634615384615387,-4.8,ERNiFe-CI,258.7472079343983,,,,False
5,24,5,-20.16,2.634615384615387,-3.1999999999999993,ERNiFe-CI,291.0255887695036,,,,False
5,24,6,-20.16,2.634615384615387,-1.5999999999999996,ERNiFe-CI,338.90082549616585,,,,False
5,24,7,-20.16,2.634615384615387,0.0,ERNiFe-CI,377.2963658234664,,,,False
5,24,8,-20.16,2.634615384615387,1.6000000000000014,ERNiFe-CI,338.9008254961658,,,,False
5,24,9,-20.16,2.634615384615387,3.200000000000001,ERNiFe-CI,291.02558876950354,,,,False
5,24,10,-20.16,2.634615384615387,4.800000000000001,ERNiFe-CI,258.74720793439826,,,,False
5,24,11,-20.16,2.634615384615387,6.400000000000002,ERNiFe-CI,240.38482308746072,,,,False
5,24,12,-20.16,2.634615384615387,8.0,ERNiFe-CI,232.08435735153512,,,,False
5,24,13,-20.16,2.634615384615387,9.600000000000001,ERNiFe-CI,228.45288325731119,,,,False
5,24,14,-20.16,2.634615384615387,11.200000000000003,ERNiFe-CI,226.86346461619493,,,,False
5,25,0,-20.16,4.21153846153846,-11.2,Q235B,228.6668967541269,,,,False
5,25,1,-20.16,4.21153846153846,-9.6,Q235B,230.29497884256054,,,,False
5,25,2,-20.16,4.21153846153846,-8.0,Q235B,234.06000991015944,,,,False
5,25,3,-20.16,4.21153846153846,-6.3999999999999995,Q235B,242.10687375392348,,,,False
5,25,4,-20.16,4.21153846153846,-4.8,Q235B,257.5432935411374,,,,False
5,25,5,-20.16,4.21153846153846,-3.1999999999999993,Q235B,281.2199921949053,,,,False
5,25,6,-20.16,4.21153846153846,-1.5999999999999996,Q235B,304.93456314827426,,,,False
5,25,7,-20.16,4.21153846153846,0.0,Q235B,316.32997267939317,,,,False
5,25,8,-20.16,4.21153846153846,1.6000000000000014,Q235B,304.9345631482742,,,,False
5,25,9,-20.16,4.21153846153846,3.200000000000001,Q235B,281.2199921949053,,,,False
5,25,10,-20.16,4.21153846153846,4.800000000000001,Q235B,257.5432935411374,,,,False
5,25,11,-20.16,4.21153846153846,6.400000000000002,Q235B,242.10687375392348,,,,False
5,25,12,-20.16,4.21153846153846,8.0,Q235B,234.0600099101594,,,,False
5,25,13,-20.16,4.21153846153846,9.600000000000001,Q235B,230.2949788425605,,,,False
5,25,14,-20.16,4.21153846153846,11.200000000000003,Q235B,228.66689675412687,,,,False
6,0,0,-17.28,-35.21153846153846,-11.2,QT450-10,173.415463282473,,,,False
6,0,1,-17.28,-35.21153846153846,-9.6,QT450-10,173.54622539214068,,,,False
6,0,2,-17.28,-35.21153846153846,-8.0,QT450-10,173.65692238350363,,,,False
6,0,3,-17.28,-35.21153846153846,-6.3999999999999995,QT450-10,173.74753663129817,,,,False
6,0,4,-17.28,-35.21153846153846,-4.8,QT450-10,173.8180464395763,,,,False
6,0,5,-17.28,-35.21153846153846,-3.1999999999999993,QT450-10,173.86842988736703,,,,False
6,0,6,-17.28,-35.21153846153846,-1.5999999999999996,QT450-10,173.89866832345584,,,,False
6,0,7,-17.28,-35.21153846153846,0.0,QT450-10,173.9087492644384,,,,False
6,0,8,-17.28,-35.21153846153846,1.6000000000000014,QT450-10,173.89866832345584,,,,False
6,0,9,-17.28,-35.21153846153846,3.200000000000001,QT450-10,173.86842988736703,,,,False
6,0,10,-17.28,-35.21153846153846,4.800000000000001,QT450-10,173.8180464395763,,,,False
6,0,11,-17.28,-35.21153846153846,6.400000000000002,QT450-10,173.74753663129817,,,,False
6,0,12,-17.28,-35.21153846153846,8.0,QT450-10,173.65692238350363,,,,False
6,0,13,-17.28,-35.21153846153846,9.600000000000001,QT450-10,173.54622539214068,,,,False
6,0,14,-17.28,-35.21153846153846,11.200000000000003,QT450-10,173.415463282473,,,,False
6,1,0,-17.28,-33.63461538461539,-11.2,QT450-10,173.79050509882666,,,,False
6,1,1,-17.28,-33.63461538461539,-9.6,QT450-10,173.92168955582818,,,,False
6,1,2,-17.28,-33.63461538461539,-8.0,QT450-10,174.03275032961935,,,,False
6,1,3,-17.28,-33.63461538461539,-6.3999999999999995,QT450-10,174.12366622964564,,,,False
6,1,4,-17.28,-33.63461538461539,-4.8,QT450-10,174.1944132484121,,,,False
6,1,5,-17.28,-33.63461538461539,-3.1999999999999993,QT450-10,174.24496761356062,,,,False
6,1,6,-17.28,-33.63461538461539,-1.5999999999999996,QT450-10,174.27530922690994,,,,False
6,1,7,-17.28,-33.63461538461539,0.0,QT450-10,174.2854246686454,,,,False
6,1,8,-17.28,-33.63461538461539,1.6000000000000014,QT450-10,174.27530922690994,,,,False
6,1,9,-17.28,-33.63461538461539,3.200000000000001,QT450-10,174.24496761356062,,,,False
6,1,10,-17.28,-33.63461538461539,4.800000000000001,QT450-10,174.1944132484121,,,,False
6,1,11,-17.28,-33.63461538461539,6.400000000000002,QT450-10,174.12366622964564,,,,False
6,1,12,-17.28,-33.63461538461539,8.0,QT450-10,174.03275032961935,,,,False
6,1,13,-17.28,-33.63461538461539,9.600000000000001,QT450-10,173.92168955582818,,,,False
6,1,14,-17.28,-33.63461538461539,11.200000000000003,QT450-10,173.79050509882666,,,,False
6,2,0,-17.28,-32.05769230769231,-11.2,QT450-10,174.38971312308172,,,,False
6,2,1,-17.28,-32.05769230769231,-9.6,QT450-10,174.52158082456813,,,,False
6,2,2,-17.28,-32.05769230769231,-8.0,QT450-10,174.63322844175266,,,,False
6,2,3,-17.28,-32.05769230769231,-6.3999999999999995,QT450-10,174.72463154453246,,,,False
6,2,4,-17.28,-32.05769230769231,-4.8,QT450-10,174.79576246151768,,,,False
6,2,5,-17.28,-32.05769230769231,-3.1999999999999993,QT450-10,174.8465939592071,,,,False
6,2,6,-17.28,-32.05769230769231,-1.5999999999999996,QT450-10,174.8771031010308,,,,False
6,2,7,-17.28,-32.05769230769231,0.0,QT450-10,174.88727460234605,,,,False
6,2,8,-17.28,-32.05769230769231,1.6000000000000014,QT450-10,174.8771031010308,,,,False
6,2,9,-17.28,-32.05769230769231,3.200000000000001,QT450-10,174.8465939592071,,,,False
6,2,10,-17.28,-32.05769230769231,4.800000000000001,QT450-10,174.79576246151768,,,,False
6,2,11,-17.28,-32.05769230769231,6.400000000000002,QT450-10,174.72463154453246,,,,False
6,2,12,-17.28,-32.05769230769231,8.0,QT450-10,174.63322844175266,,,,False
6,2,13,-17.28,-32.05769230769231,9.600000000000001,QT450-10,174.52158082456813,,,,False
6,2,14,-17.28,-32.05769230769231,11.200000000000003,QT450-10,174.38971312308172,,,,False
6,3,0,-17.28,-30.48076923076923,-11.2,QT450-10,175.20827993214328,,,,False
6,3,1,-17.28,-30.48076923076923,-9.6,QT450-10,175.34108652418794,,,,False
6,3,2,-17.28,-30.48076923076923,-8.0,QT450-10,175.45354149463435,,,,False
6,3,3,-17.28,-30.48076923076923,-6.3999999999999995,QT450-10,175.5456156864256,,,,False
6,3,4,-17.28,-30.48076923076923,-4.8,QT450-10,175.6172760749232,,,,False
6,3,5,-17.28,-30.48076923076923,-3.1999999999999993,QT450-10,175.66849022825917,,,,False
6,3,6,-17.28,-30.48076923076923,-1.5999999999999996,QT450-10,175.69923088175707,,,,False
6,3,7,-17.28,-30.48076923076923,0.0,QT450-10,175.7094798873491,,,,False
6,3,8,-17.28,-30.48076923076923,1.6000000000000014,QT450-10,175.69923088175707,,,,False
6,3,9,-17.28,-30.48076923076923,3.200000000000001,QT450-10,175.66849022825917,,,,False
6,3,10,-17.28,-30.48076923076923,4.800000000000001,QT450-10,175.6172760749232,,,,False
6,3,11,-17.28,-30.48076923076923,6.400000000000002,QT450-10,175.5456156864256,,,,False
6,3,12,-17.28,-30.48076923076923,8.0,QT450-10,175.45354149463435,,,,False
6,3,13,-17.28,-30.48076923076923,9.600000000000001,QT450-10,175.34108652418794,,,,False
6,3,14,-17.28,-30.48076923076923,11.200000000000003,QT450-10,175.20827993214328,,,,False
6,4,0,-17.28,-28.903846153846153,-11.2,QT450-10,176.23880209017076,,,,False
6,4,1,-17.28,-28.903846153846153,-9.6,QT450-10,176.37279715773423,,,,False
6,4,2,-17.28,-28.903846153846153,-8.0,QT450-10,176.4862756656449,,,,False
6,4,3,-17.28,-28.903846153846153,-6.3999999999999995,QT450-10,176.57920186427987,,,,False
6,4,4,-17.28,-28.903846153846153,-4.8,QT450-10,176.6515353506593,,,,False
6,4,5,-17.28,-28.903846153846153,-3.1999999999999993,QT450-10,176.70323649836942,,,,False
6,4,6,-17.28,-28.903846153846153,-1.5999999999999996,QT450-10,176.73427202424944,,,,False
6,4,7,-17.28,-28.903846153846153,0.0,QT450-10,176.7446197866857,,,,False
6,4,8,-17.28,-28.903846153846153,1.6000000000000014,QT450-10,176.73427202424944,,,,False
6,4,9,-17.28,-28.903846153846153,3.200000000000001,QT450-10,176.70323649836942,,,,False
6,4,10,-17.28,-28.903846153846153,4.800000000000001,QT450-10,176.6515353506593,,,,False
6,4,11,-17.28,-28.903846153846153,6.400000000000002,QT450-10,176.57920186427987,,,,False
6,4,12,-17.28,-28.903846153846153,8.0,QT450-10,176.4862756656449,,,,False
6,4,13,-17.28,-28.903846153846153,9.600000000000001,QT450-10,176.37279715773423,,,,False
6,4,14,-17.28,-28.903846153846153,11.200000000000003,QT450-10,176.23880209017076,,,,False
6,5,0,-17.28,-27.326923076923077,-11.2,QT450-10,177.4712533297068,,,,False
6,5,1,-17.28,-27.326923076923077,-9.6,QT450-10,177.60667854649589,,,,False
6,5,2,-17.28,-27.326923076923077,-8.0,QT450-10,177.72139087176748,,,,False
6,5,3,-17.28,-27.326923076923077,-6.3999999999999995,QT450-10,177.8153458713768,,,,False
6,5,4,-17.28,-27.326923076923077,-4.8,QT450-10,177.88849338867956,,,,False
6,5,5,-17.28,-27.326923076923077,-3.1999999999999993,QT450-10,177.94078425264775,,,,False
6,5,6,-17.28,-27.326923076923077,-1.5999999999999996,QT450-10,177.97217717395228,,,,False
6,5,7,-17.28,-27.326923076923077,0.0,QT450-10,177.98264468967005,,,,False
6,5,8,-17.28,-27.326923076923077,1.6000000000000014,QT450-10,177.97217717395228,,,,False
6,5,9,-17.28,-27.326923076923077,3.200000000000001,QT450-10,177.94078425264775,,,,False
6,5,10,-17.28,-27.326923076923077,4.800000000000001,QT450-10,177.88849338867956,,,,False
6,5,11,-17.28,-27.326923076923077,6.400000000000002,QT450-10,177.8153458713768,,,,False
6,5,12,-17.28,-27.326923076923077,8.0,QT450-10,177.72139087176748,,,,False
6,5,13,-17.28,-27.326923076923077,9.600000000000001,QT450-10,177.60667854649589,,,,False
6,5,14,-17.28,-27.326923076923077,11.200000000000003,QT450-10,177.4712533297068,,,,False
6,6,0,-17.28,-25.75,-11.2,QT450-10,178.89295907058363,,,,False
6,6,1,-17.28,-25.75,-9.6,QT450-10,179.03004600089727,,,,False
6,6,2,-17.28,-25.75,-8.0,QT450-10,179.14619494656577,,,,False
6,6,3,-17.28,-25.75,-6.3999999999999995,QT450-10,179.24135037857658,,,,False
6,6,4,-17.28,-25.75,-4.8,QT450-10,179.31544955328937,,,,False
6,6,5,-17.28,-25.75,-3.1999999999999993,QT450-10,179.368430922217,,,,False
6,6,6,-17.28,-25.75,-1.5999999999999996,QT450-10,179.40024278778756,,,,False
6,6,7,-17.28,-25.75,0.0,QT450-10,179.41085076088748,,,,False
6,6,8,-17.28,-25.75,1.6000000000000014,QT450-10,179.40024278778756,,,,False
6,6,9,-17.28,-25.75,3.200000000000001,QT450-10,179.368430922217,,,,False
6,6,10,-17.28,-25.75,4.800000000000001,QT450-10,179.31544955328937,,,,False
6,6,11,-17.28,-25.75,6.400000000000002,QT450-10,179.24135037857658,,,,False
6,6,12,-17.28,-25.75,8.0,QT450-10,179.14619494656577,,,,False
6,6,13,-17.28,-25.75,9.600000000000001,QT450-10,179.03004600089727,,,,False
6,6,14,-17.28,-25.75,11.200000000000003,QT450-10,178.89295907058363,,,,False
6,7,0,-17.28,-24.173076923076923,-11.2,QT450-10,180.48858029745352,,,,False
6,7,1,-17.28,-24.173076923076923,-9.6,QT450-10,180.62754806514542,,,,False
6,7,2,-17.28,-24.173076923076923,-8.0,QT450-10,180.7453274489535,,,,False
6,7,3,-17.28,-24.173076923076923,-6.3999999999999995,QT450-10,180.84184892709607,,,,False
6,7,4,-17.28,-24.173076923076923,-4.8,QT450-10,180.91703368718254,,,,False
6,7,5,-17.28,-24.173076923076923,-3.1999999999999993,QT450-10,180.97080429849882,,,,False
6,7,6,-17.28,-24.173076923076923,-1.5999999999999996,QT450-10,181.0030956810774,,,,False
6,7,7,-17.28,-24.173076923076923,0.0,QT450-10,181.0138645345724,,,,False
6,7,8,-17.28,-24.173076923076923,1.6000000000000014,QT450-10,181.0030956810774,,,,False
6,7,9,-17.28,-24.173076923076923,3.200000000000001,QT450-10,180.97080429849882,,,,False
6,7,10,-17.28,-24.173076923076923,4.800000000000001,QT450-10,180.91703368718254,,,,False
6,7,11,-17.28,-24.173076923076923,6.400000000000002,QT450-10,180.84184892709607,,,,False
6,7,12,-17.28,-24.173076923076923,8.0,QT450-10,180.7453274489535,,,,False
6,7,13,-17.28,-24.173076923076923,9.600000000000001,QT450-10,180.62754806514542,,,,False
6,7,14,-17.28,-24.173076923076923,11.200000000000003,QT450-10,180.48858029745352,,,,False
6,8,0,-17.28,-22.596153846153847,-11.2,QT450-10,182.24011597993632,,,,False
6,8,1,-17.28,-22.596153846153847,-9.6,QT450-10,182.38116893262128,,,,False
6,8,2,-17.28,-22.596153846153847,-8.0,QT450-10,182.50076228968894,,,,False
6,8,3,-17.28,-22.596153846153847,-6.3999999999999995,QT450-10,182.5988088995164,,,,False
6,8,4,-17.28,-22.596153846153847,-4.8,QT450-10,182.6752094607584,,,,False
6,8,5,-17.28,-22.596153846153847,-3.1999999999999993,QT450-10,182.7298662102151,,,,False
6,8,6,-17.28,-22.596153846153847,-1.5999999999999996,QT450-10,182.76269692298965,,,,False
6,8,7,-17.28,-22.596153846153847,0.0,QT450-10,182.7736468863438,,,,False
6,8,8,-17.28,-22.596153846153847,1.6000000000000014,QT450-10,182.76269692298965,,,,False
6,8,9,-17.28,-22.596153846153847,3.200000000000001,QT450-10,182.7298662102151,,,,False
6,8,10,-17.28,-22.596153846153847,4.800000000000001,QT450-10,182.6752094607584,,,,False
6,8,11,-17.28,-22.596153846153847,6.400000000000002,QT450-10,182.5988088995164,,,,False
6,8,12,-17.28,-22.596153846153847,8.0,QT450-10,182.50076228968894,,,,False
6,8,13,-17.28,-22.596153846153847,9.600000000000001,QT450-10,182.38116893262128,,,,False
6,8,14,-17.28,-22.596153846153847,11.200000000000003,QT450-10,182.24011597993632,,,,False
6,9,0,-17.28,-21.01923076923077,-11.2,QT450-10,184.12693406680654,,,,False
6,9,1,-17.28,-21.01923076923077,-9.6,QT450-10,184.27025959489885,,,,False
6,9,2,-17.28,-21.01923076923077,-8.0,QT450-10,184.3918393357365,,,,False
6,9,3,-17.28,-21.01923076923077,-6.3999999999999995,QT450-10,184.4915637412973,,,,False
6,9,4,-17.28,-21.01923076923077,-4.8,QT450-10,184.5693072239339,,,,False
6,9,5,-17.28,-21.01923076923077,-3.1999999999999993,QT450-10,184.62494589910514,,,,False
6,9,6,-17.28,-21.01923076923077,-1.5999999999999996,QT450-10,184.6583755526548,,,,False
6,9,7,-17.28,-21.01923076923077,0.0,QT450-10,184.66952686668574,,,,False
6,9,8,-17.28,-21.01923076923077,1.6000000000000014,QT450-10,184.6583755526548,,,,False
6,9,9,-17.28,-21.01923076923077,3.200000000000001,QT450-10,184.62494589910514,,,,False
6,9,10,-17.28,-21.01923076923077,4.800000000000001,QT450-10,184.5693072239339,,,,False
6,9,11,-17.28,-21.01923076923077,6.400000000000002,QT450-10,184.4915637412973,,,,False
6,9,12,-17.28,-21.01923076923077,8.0,QT450-10,184.3918393357365,,,,False
6,9,13,-17.28,-21.01923076923077,9.600000000000001,QT450-10,184.27025959489885,,,,False
6,9,14,-17.28,-21.01923076923077,11.200000000000003,QT450-10,184.12693406680654,,,,False
6,10,0,-17.28,-19.442307692307693,-11.2,QT450-10,186.12584140737275,,,,False
6,10,1,-17.28,-19.442307692307693,-9.6,QT450-10,186.27160817466387,,,,False
6,10,2,-17.28,-19.442307692307693,-8.0,QT450-10,186.3953355976082,,,,False
6,10,3,-17.28,-19.442307692307693,-6.3999999999999995,QT450-10,186.49688520038873,,,,False
6,10,4,-17.28,-19.442307692307693,-4.8,QT450-10,186.576097259466,,,,False
6,10,5,-17.28,-19.442307692307693,-3.1999999999999993,QT450-10,186.63281408002982,,,,False
6,10,6,-17.28,-19.442307692307693,-1.5999999999999996,QT450-10,186.6669031474542,,,,False
6,10,7,-17.28,-19.442307692307693,0.0,QT450-10,186.67827644157023,,,,False
6,10,8,-17.28,-19.442307692307693,1.6000000000000014,QT450-10,186.6669031474542,,,,False
6,10,9,-17.28,-19.442307692307693,3.200000000000001,QT450-10,186.63281408002982,,,,False
6,10,10,-17.28,-19.442307692307693,4.800000000000001,QT450-10,186.576097259466,,,,False
6,10,11,-17.28,-19.442307692307693,6.400000000000002,QT450-10,186.49688520038873,,,,False
6,10,12,-17.28,-19.442307692307693,8.0,QT450-10,186.3953355976082,,,,False
6,10,13,-17.28,-19.442307692307693,9.600000000000001,QT450-10,186.27160817466387,,,,False
6,10,14,-17.28,-19.442307692307693,11.200000000000003,QT450-10,186.12584140737275,,,,False
6,11,0,-17.28,-17.865384615384617,-11.2,QT450-10,188.21120259301787,,,,False
6,11,1,-17.28,-17.865384615384617,-9.6,QT450-10,188.35955961393313,,,,False
6,11,2,-17.28,-17.865384615384617,-8.0,QT450-10,188.485586431924,,,,False
6,11,3,-17.28,-17.865384615384617,-6.3999999999999995,QT450-10,188.5891062672554,,,,False
6,11,4,-17.28,-17.865384615384617,-4.8,QT450-10,188.6699143010511,,,,False
6,11,5,-17.28,-17.865384615384617,-3.1999999999999993,QT450-10,188.72780865125526,,,,False
6,11,6,-17.28,-17.865384615384617,-1.5999999999999996,QT450-10,188.7626202540465,,,,False
6,11,7,-17.28,-17.865384615384617,0.0,QT450-10,188.7742371623148,,,,False
6,11,8,-17.28,-17.865384615384617,1.6000000000000014,QT450-10,188.7626202540465,,,,False
6,11,9,-17.28,-17.865384615384617,3.200000000000001,QT450-10,188.72780865125526,,,,False
6,11,10,-17.28,-17.865384615384617,4.800000000000001,QT450-10,188.6699143010511,,,,False
6,11,11,-17.28,-17.865384615384617,6.400000000000002,QT450-10,188.5891062672554,,,,False
6,11,12,-17.28,-17.865384615384617,8.0,QT450-10,188.485586431924,,,,False
6,11,13,-17.28,-17.865384615384617,9.600000000000001,QT450-10,188.35955961393313,,,,False
6,11,14,-17.28,-17.865384615384617,11.200000000000003,QT450-10,188.21120259301787,,,,False
6,12,0,-17.28,-16.28846153846154,-11.2,QT450-10,190.35511650661655,,,,False
6,12,1,-17.28,-16.28846153846154,-9.6,QT450-10,190.5061938341852,,,,False
6,12,2,-17.28,-16.28846153846154,-8.0,QT450-10,190.6346663337348,,,,False
6,12,3,-17.28,-16.28846153846154,-6.3999999999999995,QT450-10,190.74030478430953,,,,False
6,12,4,-17.28,-16.28846153846154,-4.8,QT450-10,190.82284352472442,,,,False
6,12,5,-17.28,-16.28846153846154,-3.1999999999999993,QT450-10,190.8820223618213,,,,False
6,12,6,-17.28,-16.28846153846154,-1.5999999999999996,QT450-10,190.9176250090437,,,,False
6,12,7,-17.28,-16.28846153846154,0.0,QT450-10,190.92950909085877,,,,False
6,12,8,-17.28,-16.28846153846154,1.6000000000000014,QT450-10,190.9176250090437,,,,False
6,12,9,-17.28,-16.28846153846154,3.200000000000001,QT450-10,190.8820223618213,,,,False
6,12,10,-17.28,-16.28846153846154,4.800000000000001,QT450-10,190.82284352472442,,,,False
6,12,11,-17.28,-16.28846153846154,6.400000000000002,QT450-10,190.74030478430953,,,,False
6,12,12,-17.28,-16.28846153846154,8.0,QT450-10,190.6346663337348,,,,False
6,12,13,-17.28,-16.28846153846154,9.600000000000001,QT450-10,190.5061938341852,,,,False
6,12,14,-17.28,-16.28846153846154,11.200000000000003,QT450-10,190.35511650661655,,,,False
6,13,0,-17.28,-14.711538461538463,-11.2,QT450-10,192.52765709947553,,,,False
6,13,1,-17.28,-14.711538461538463,-9.6,QT450-10,192.68156954089528,,,,False
6,13,2,-17.28,-14.711538461538463,-8.0,QT450-10,192.81263733707297,,,,False
6,13,3,-17.28,-14.711538461538463,-6.3999999999999995,QT450-10,192.92055637314544,,,,False
6,13,4,-17.28,-14.711538461538463,-4.8,QT450-10,193.00497694842173,,,,False
6,13,5,-17.28,-14.711538461538463,-3.1999999999999993,QT450-10,193.065561405523,,,,False
6,13,6,-17.28,-14.711538461538463,-1.5999999999999996,QT450-10,193.10203285902654,,,,False
6,13,7,-17.28,-14.711538461538463,0.0,QT450-10,193.11421085594438,,,,False
6,13,8,-17.28,-14.711538461538463,1.6000000000000014,QT450-10,193.10203285902654,,,,False
6,13,9,-17.28,-14.711538461538463,3.200000000000001,QT450-10,193.065561405523,,,,False
6,13,10,-17.28,-14.711538461538463,4.800000000000001,QT450-10,193.00497694842173,,,,False
6,13,11,-17.28,-14.711538461538463,6.400000000000002,QT450-10,192.92055637314544,,,,False
6,13,12,-17.28,-14.711538461538463,8.0,QT450-10,192.81263733707297,,,,False
6,13,13,-17.28,-14.711538461538463,9.600000000000001,QT450-10,192.68156954089528,,,,False
6,13,14,-17.28,-14.711538461538463,11.200000000000003,QT450-10,192.52765709947553,,,,False
6,14,0,-17.28,-13.134615384615387,-11.2,QT450-10,194.69718121048462,,,,False
6,14,1,-17.28,-13.134615384615387,-9.6,QT450-10,194.85403790537217,,,,False
6,14,2,-17.28,-13.134615384615387,-8.0,QT450-10,194.98787089996782,,,,False
6,14,3,-17.28,-13.134615384615387,-6.3999999999999995,QT450-10,195.0982635528747,,,,False
6,14,4,-17.28,-13.134615384615387,-4.8,QT450-10,195.1847473640719,,,,False
6,14,5,-17.28,-13.134615384615387,-3.1999999999999993,QT450-10,195.2468818892649,,,,False
6,14,6,-17.28,-13.134615384615387,-1.5999999999999996,QT450-10,195.2843140745931,,,,False
6,14,7,-17.28,-13.134615384615387,0.0,QT450-10,195.29681742678832,,,,False
6,14,8,-17.28,-13.134615384615387,1.6000000000000014,QT450-10,195.2843140745931,,,,False
6,14,9,-17.28,-13.134615384615387,3.200000000000001,QT450-10,195.2468818892649,,,,False
6,14,10,-17.28,-13.134615384615387,4.800000000000001,QT450-10,195.1847473640719,,,,False
6,14,11,-17.28,-13.134615384615387,6.400000000000002,QT450-10,195.0982635528747,,,,False
6,14,12,-17.28,-13.134615384615387,8.0,QT450-10,194.98787089996782,,,,False
6,14,13,-17.28,-13.134615384615387,9.600000000000001,QT450-10,194.85403790537217,,,,False
6,14,14,-17.28,-13.134615384615387,11.200000000000003,QT450-10,194.69718121048462,,,,False
6,15,0,-17.28,-11.55769230769231,-11.2,QT450-10,196.87443256467597,,,,False
6,15,1,-17.28,-11.55769230769231,-9.6,QT450-10,197.03537224892878,,,,False
6,15,2,-17.28,-11.55769230769231,-8.0,QT450-10,197.17403655599753,,,,False
6,15,3,-17.28,-11.55769230769231,-6.3999999999999995,QT450-10,197.28959092933118,,,,False
6,15,4,-17.28,-11.55769230769231,-4.8,QT450-10,197.381034131366,,,,False
6,15,5,-17.28,-11.55769230769231,-3.1999999999999993,QT450-10,197.44732981505814,,,,False
6,15,6,-17.28,-11.55769230769231,-1.5999999999999996,QT450-10,197.48754840131343,,,,False
6,15,7,-17.28,-11.55769230769231,0.0,QT450-10,197.5010341424481,,,,False
6,15,8,-17.28,-11.55769230769231,1.6000000000000014,QT450-10,197.48754840131343,,,,False
6,15,9,-17.28,-11.55769230769231,3.200000000000001,QT450-10,197.44732981505814,,,,False
6,15,10,-17.28,-11.55769230769231,4.800000000000001,QT450-10,197.381034131366,,,,False
6,15,11,-17.28,-11.55769230769231,6.400000000000002,QT450-10,197.28959092933118,,,,False
6,15,12,-17.28,-11.55769230769231,8.0,QT450-10,197.17403655599753,,,,False
6,15,13,-17.28,-11.55769230769231,9.600000000000001,QT450-10,197.03537224892878,,,,False
6,15,14,-17.28,-11.55769230769231,11.200000000000003,QT450-10,196.87443256467597,,,,False
6,16,0,-17.28,-9.98076923076923,-11.2,QT450-10,199.94646434238464,,,,False
6,16,1,-17.28,-9.98076923076923,-9.6,QT450-10,200.12813455449484,,,,False
6,16,2,-17.28,-9.98076923076923,-8.0,QT450-10,200.30294429577637,,,,False
6,16,3,-17.28,-9.98076923076923,-6.3999999999999995,QT450-10,200.46804493270923,,,,False
6,16,4,-17.28,-9.98076923076923,-4.8,QT450-10,200.6184060066129,,,,False
6,16,5,-17.28,-9.98076923076923,-3.1999999999999993,QT450-10,200.74516926495838,,,,False
6,16,6,-17.28,-9.98076923076923,-1.5999999999999996,QT450-10,200.8338402053648,,,,False
6,16,7,-17.28,-9.98076923076923,0.0,QT450-10,200.8664836580553,,,,False
6,16,8,-17.28,-9.98076923076923,1.6000000000000014,QT450-10,200.8338402053648,,,,False
6,16,9,-17.28,-9.98076923076923,3.200000000000001,QT450-10,200.74516926495838,,,,False
6,16,10,-17.28,-9.98076923076923,4.800000000000001,QT450-10,200.6184060066129,,,,False
6,16,11,-17.28,-9.98076923076923,6.400000000000002,QT450-10,200.46804493270923,,,,False
6,16,12,-17.28,-9.98076923076923,8.0,QT450-10,200.30294429577637,,,,False
6,16,13,-17.28,-9.98076923076923,9.600000000000001,QT450-10,200.12813455449484,,,,False
6,16,14,-17.28,-9.98076923076923,11.200000000000003,QT450-10,199.94646434238464,,,,False
6,17,0,-17.28,-8.403846153846153,-11.2,QT450-10,203.89215476142442,,,,False
6,17,1,-17.28,-8.403846153846153,-9.6,QT450-10,204.13475301668558,,,,False
6,17,2,-17.28,-8.403846153846153,-8.0,QT450-10,204.43237183416278,,,,False
6,17,3,-17.28,-8.403846153846153,-6.3999999999999995,QT450-10,204.80057056665007,,,,False
6,17,4,-17.28,-8.403846153846153,-4.8,QT450-10,205.28296430577345,,,,False
6,17,5,-17.28,-8.403846153846153,-3.1999999999999993,QT450-10,206.06094121755763,,,,False
6,17,6,-17.28,-8.403846153846153,-1.5999999999999996,QT450-10,207.4411316172875,,,,False
6,17,7,-17.28,-8.403846153846153,0.0,QT450-10,208.21502624272793,,,,False
6,17,8,-17.28,-8.403846153846153,1.6000000000000014,QT450-10,207.4411316172875,,,,False
6,17,9,-17.28,-8.403846153846153,3.200000000000001,QT450-10,206.06094121755763,,,,False
6,17,10,-17.28,-8.403846153846153,4.800000000000001,QT450-10,205.28296430577345,,,,False
6,17,11,-17.28,-8.403846153846153,6.400000000000002,QT450-10,204.80057056665007,,,,False
6,17,12,-17.28,-8.403846153846153,8.0,QT450-10,204.43237183416278,,,,False
6,17,13,-17.28,-8.403846153846153,9.600000000000001,QT450-10,204.13475301668555,,,,False
6,17,14,-17.28,-8.403846153846153,11.200000000000003,QT450-10,203.8921547614244,,,,False
6,18,0,-17.28,-6.826923076923077,-11.2,QT450-10,208.4697387934685,,,,False
6,18,1,-17.28,-6.826923076923077,-9.6,QT450-10,208.8439473932956,,,,False
6,18,2,-17.28,-6.826923076923077,-8.0,QT450-10,209.44085799071047,,,,False
6,18,3,-17.28,-6.826923076923077,-6.3999999999999995,QT450-10,210.43954440455704,,,,False
6,18,4,-17.28,-6.826923076923077,-4.8,QT450-10,212.6488662281153,,,,False
6,18,5,-17.28,-6.826923076923077,-3.1999999999999993,QT450-10,217.47801297449766,,,,False
6,18,6,-17.28,-6.826923076923077,-1.5999999999999996,QT450-10,223.22915263681108,,,,False
6,18,7,-17.28,-6.826923076923077,0.0,QT450-10,225.7829784743785,,,,False
6,18,8,-17.28,-6.826923076923077,1.6000000000000014,QT450-10,223.22915263681108,,,,False
6,18,9,-17.28,-6.826923076923077,3.200000000000001,QT450-10,217.47801297449766,,,,False
6,18,10,-17.28,-6.826923076923077,4.800000000000001,QT450-10,212.6488662281153,,,,False
6,18,11,-17.28,-6.826923076923077,6.400000000000002,QT450-10,210.43954440455704,,,,False
6,18,12,-17.28,-6.826923076923077,8.0,QT450-10,209.44085799071047,,,,False
6,18,13,-17.28,-6.826923076923077,9.600000000000001,QT450-10,208.8439473932956,,,,False
6,18,14,-17.28,-6.826923076923077,11.200000000000003,QT450-10,208.4697387934685,,,,False
6,19,0,-17.28,-5.25,-11.2,QT450-10,213.4396875721986,,,,False
6,19,1,-17.28,-5.25,-9.6,QT450-10,214.0396410295154,,,,False
6,19,2,-17.28,-5.25,-8.0,QT450-10,215.20610384552492,,,,False
6,19,3,-17.28,-5.25,-6.3999999999999995,QT450-10,217.73652736441505,,,,False
6,19,4,-17.28,-5.25,-4.8,QT450-10,224.46327796474048,,,,False
6,19,5,-17.28,-5.25,-3.1999999999999993,QT450-10,237.07477881368345,,,,False
6,19,6,-17.28,-5.25,-1.5999999999999996,QT450-10,250.6786164102836,,,,False
6,19,7,-17.28,-5.25,0.0,QT450-10,257.94784916650605,,,,False
6,19,8,-17.28,-5.25,1.6000000000000014,QT450-10,250.67861641028358,,,,False
6,19,9,-17.28,-5.25,3.200000000000001,QT450-10,237.07477881368342,,,,False
6,19,10,-17.28,-5.25,4.800000000000001,QT450-10,224.46327796474048,,,,False
6,19,11,-17.28,-5.25,6.400000000000002,QT450-10,217.73652736441505,,,,False
6,19,12,-17.28,-5.25,8.0,QT450-10,215.20610384552492,,,,False
6,19,13,-17.28,-5.25,9.600000000000001,QT450-10,214.0396410295154,,,,False
6,19,14,-17.28,-5.25,11.200000000000003,QT450-10,213.4396875721986,,,,False
6,20,0,-17.28,-3.673076923076927,-11.2,QT450-10,218.48440707166483,,,,False
6,20,1,-17.28,-3.673076923076927,-9.6,QT450-10,219.4013543732239,,,,False
6,20,2,-17.28,-3.673076923076927,-8.0,QT450-10,221.43005275055626,,,,False
6,20,3,-17.28,-3.673076923076927,-6.3999999999999995,QT450-10,226.65132959467905,,,,False
6,20,4,-17.28,-3.673076923076927,-4.8,QT450-10,241.0415774068951,,,,False
6,20,5,-17.28,-3.673076923076927,-3.1999999999999993,QT450-10,267.12945988272855,,,,False
6,20,6,-17.28,-3.673076923076927,-1.5999999999999996,QT450-10,300.63169216070423,,,,False
6,20,7,-17.28,-3.673076923076927,0.0,QT450-10,319.36867981265823,,,,False
6,20,8,-17.28,-3.673076923076927,1.6000000000000014,QT450-10,300.6316921607042,,,,False
6,20,9,-17.28,-3.673076923076927,3.200000000000001,QT450-10,267.1294598827285,,,,False
6,20,10,-17.28,-3.673076923076927,4.800000000000001,QT450-10,241.04157740689504,,,,False
6,20,11,-17.28,-3.673076923076927,6.400000000000002,QT450-10,226.65132959467905,,,,False
6,20,12,-17.28,-3.673076923076927,8.0,QT450-10,221.43005275055623,,,,False
6,20,13,-17.28,-3.673076923076927,9.600000000000001,QT450-10,219.4013543732239,,,,False
6,20,14,-17.28,-3.673076923076927,11.200000000000003,QT450-10,218.48440707166483,,,,False
6,21,0,-17.28,-2.0961538461538467,-11.2,ERNiFe-CI,224.5128205310805,,,,False
6,21,1,-17.28,-2.0961538461538467,-9.6,ERNiFe-CI,225.91423882753827,,,,False
6,21,2,-17.28,-2.0961538461538467,-8.0,ERNiFe-CI,229.25135126617627,,,,False
6,21,3,-17.28,-2.0961538461538467,-6.3999999999999995,ERNiFe-CI,238.5496107198977,,,,False
6,21,4,-17.28,-2.0961538461538467,-4.8,ERNiFe-CI,264.12062984099384,,,,False
6,21,5,-17.28,-2.0961538461538467,-3.1999999999999993,ERNiFe-CI,318.6294709491266,,,,False
6,21,6,-17.28,-2.0961538461538467,-1.5999999999999996,ERNiFe-CI,402.1369815095545,,,,False
6,21,7,-17.28,-2.0961538461538467,0.0,ERNiFe-CI,491.31215197773724,,,,False
6,21,8,-17.28,-2.0961538461538467,1.6000000000000014,ERNiFe-CI,402.13698150955446,,,,False
6,21,9,-17.28,-2.0961538461538467,3.200000000000001,ERNiFe-CI,318.6294709491265,,,,False
6,21,10,-17.28,-2.0961538461538467,4.800000000000001,ERNiFe-CI,264.1206298409938,,,,False
6,21,11,-17.28,-2.0961538461538467,6.400000000000002,ERNiFe-CI,238.54961071989766,,,,False
6,21,12,-17.28,-2.0961538461538467,8.0,ERNiFe-CI,229.25135126617624,,,,False
6,21,13,-17.28,-2.0961538461538467,9.600000000000001,ERNiFe-CI,225.91423882753827,,,,False
6,21,14,-17.28,-2.0961538461538467,11.200000000000003,ERNiFe-CI,224.5128205310805,,,,False
6,22,0,-17.28,-0.5192307692307736,-11.2,ERNiFe-CI,231.2978400131789,,,,False
6,22,1,-17.28,-0.5192307692307736,-9.6,ERNiFe-CI,233.23718914914986,,,,False
6,22,2,-17.28,-0.5192307692307736,-8.0,ERNiFe-CI,238.04400606705929,,,,False
6,22,3,-17.28,-0.5192307692307736,-6.3999999999999995,ERNiFe-CI,251.48026902360107,,,,False
6,22,4,-17.28,-0.5192307692307736,-4.8,ERNiFe-CI,288.7737393756487,,,,False
6,22,5,-17.28,-0.5192307692307736,-3.1999999999999993,ERNiFe-CI,372.80861082604173,,,,False
6,22,6,-17.28,-0.5192307692307736,-1.5999999999999996,ERNiFe-CI,582.2634223539097,,,,False
6,22,7,-17.28,-0.5192307692307736,0.0,ERNiFe-CI,822.8902234126937,2.4522949001988974,5.6110535214798425,3.158758621280945,True
6,22,8,-17.28,-0.5192307692307736,1.6000000000000014,ERNiFe-CI,582.2634223539095,,,,False
6,22,9,-17.28,-0.5192307692307736,3.200000000000001,ERNiFe-CI,372.8086108260416,,,,False
6,22,10,-17.28,-0.5192307692307736,4.800000000000001,ERNiFe-CI,288.77373937564863,,,,False
6,22,11,-17.28,-0.5192307692307736,6.400000000000002,ERNiFe-CI,251.48026902360104,,,,False
6,22,12,-17.28,-0.5192307692307736,8.0,ERNiFe-CI,238.04400606705929,,,,False
6,22,13,-17.28,-0.5192307692307736,9.600000000000001,ERNiFe-CI,233.23718914914983,,,,False
6,22,14,-17.28,-0.5192307692307736,11.200000000000003,ERNiFe-CI,231.2978400131789,,,,False
6,23,0,-17.28,1.0576923076923066,-11.2,ERNiFe-CI,237.08405058873313,,,,False
6,23,1,-17.28,1.0576923076923066,-9.6,ERNiFe-CI,239.43568874003347,,,,False
6,23,2,-17.28,1.0576923076923066,-8.0,ERNiFe-CI,245.1880220957191,,,,False
6,23,3,-17.28,1.0576923076923066,-6.3999999999999995,ERNiFe-CI,259.68081167857883,,,,False
6,23,4,-17.28,1.0576923076923066,-4.8,ERNiFe-CI,294.9729202363873,,,,False
6,23,5,-17.28,1.0576923076923066,-3.1999999999999993,ERNiFe-CI,372.89738025178525,,,,False
6,23,6,-17.28,1.0576923076923066,-1.5999999999999996,ERNiFe-CI,538.0517880413558,,,,False
6,23,7,-17.28,1.0576923076923066,0.0,ERNiFe-CI,728.3035947050662,,,,False
6,23,8,-17.28,1.0576923076923066,1.6000000000000014,ERNiFe-CI,538.0517880413557,,,,False
6,23,9,-17.28,1.0576923076923066,3.200000000000001,ERNiFe-CI,372.8973802517852,,,,False
6,23,10,-17.28,1.0576923076923066,4.800000000000001,ERNiFe-CI,294.97292023638727,,,,False
6,23,11,-17.28,1.0576923076923066,6.400000000000002,ERNiFe-CI,259.6808116785788,,,,False
6,23,12,-17.28,1.0576923076923066,8.0,ERNiFe-CI,245.18802209571908,,,,False
6,23,13,-17.28,1.0576923076923066,9.600000000000001,ERNiFe-CI,239.43568874003347,,,,False
6,23,14,-17.28,1.0576923076923066,11.200000000000003,ERNiFe-CI,237.0840505887331,,,,False
6,24,0,-17.28,2.634615384615387,-11.2,ERNiFe-CI,241.5209328448819,,,,False
6,24,1,-17.28,2.634615384615387,-9.6,ERNiFe-CI,244.10570877713442,,,,False
6,24,2,-17.28,2.634615384615387,-8.0,ERNiFe-CI,250.23410326751414,,,,False
6,24,3,-17.28,2.634615384615387,-6.3999999999999995,ERNiFe-CI,263.73228641028885,,,,False
6,24,4,-17.28,2.634615384615387,-4.8,ERNiFe-CI,290.9998210430465,,,,False
6,24,5,-17.28,2.634615384615387,-3.1999999999999993,ERNiFe-CI,338.64096382027276,,,,False
6,24,6,-17.28,2.634615384615387,-1.5999999999999996,ERNiFe-CI,404.3633003306493,,,,False
6,24,7,-17.28,2.634615384615387,0.0,ERNiFe-CI,448.87339768423533,,,,False
6,24,8,-17.28,2.634615384615387,1.6000000000000014,ERNiFe-CI,404.3633003306492,,,,False
6,24,9,-17.28,2.634615384615387,3.200000000000001,ERNiFe-CI,338.6409638202727,,,,False
6,24,10,-17.28,2.634615384615387,4.800000000000001,ERNiFe-CI,290.99982104304644,,,,False
6,24,11,-17.28,2.634615384615387,6.400000000000002,ERNiFe-CI,263.73228641028885,,,,False
6,24,12,-17.28,2.634615384615387,8.0,ERNiFe-CI,250.23410326751414,,,,False
6,24,13,-17.28,2.634615384615387,9.600000000000001,ERNiFe-CI,244.1057087771344,,,,False
6,24,14,-17.28,2.634615384615387,11.200000000000003,ERNiFe-CI,241.52093284488188,,,,False
6,25,0,-17.28,4.21153846153846,-11.2,Q235B,243.7369255202013,,,,False
6,25,1,-17.28,4.21153846153846,-9.6,Q235B,246.36148021500426,,,,False
6,25,2,-17.28,4.21153846153846,-8.0,Q235B,252.53086178375477,,,,False
6,25,3,-17.28,4.21153846153846,-6.3999999999999995,Q235B,265.1968484513712,,,,False
6,25,4,-17.28,4.21153846153846,-4.8,Q235B,288.0570762179811,,,,False
6,25,5,-17.28,4.21153846153846,-3.1999999999999993,Q235B,319.2424777015249,,,,False
6,25,6,-17.28,4.21153846153846,-1.5999999999999996,Q235B,355.1126877631064,,,,False
6,25,7,-17.28,4.21153846153846,0.0,Q235B,373.1976089836499,,,,False
6,25,8,-17.28,4.21153846153846,1.6000000000000014,Q235B,355.1126877631064,,,,False
6,25,9,-17.28,4.21153846153846,3.200000000000001,Q235B,319.2424777015248,,,,False
6,25,10,-17.28,4.21153846153846,4.800000000000001,Q235B,288.05707621798103,,,,False
6,25,11,-17.28,4.21153846153846,6.400000000000002,Q235B,265.1968484513712,,,,False
6,25,12,-17.28,4.21153846153846,8.0,Q235B,252.53086178375474,,,,False
6,25,13,-17.28,4.21153846153846,9.600000000000001,Q235B,246.36148021500424,,,,False
6,25,14,-17.28,4.21153846153846,11.200000000000003,Q235B,243.73692552020128,,,,False
7,0,0,-14.400000000000002,-35.21153846153846,-11.2,QT450-10,174.17514055586713,,,,False
7,0,1,-14.400000000000002,-35.21153846153846,-9.6,QT450-10,174.30677707538288,,,,False
7,0,2,-14.400000000000002,-35.21153846153846,-8.0,QT450-10,174.41823290150091,,,,False
7,0,3,-14.400000000000002,-35.21153846153846,-6.3999999999999995,QT450-10,174.5094844365511,,,,False
7,0,4,-14.400000000000002,-35.21153846153846,-4.8,QT450-10,174.58050216020825,,,,False
7,0,5,-14.400000000000002,-35.21153846153846,-3.1999999999999993,QT450-10,174.6312559014009,,,,False
7,0,6,-14.400000000000002,-35.21153846153846,-1.5999999999999996,QT450-10,174.66171980022608,,,,False
7,0,7,-14.400000000000002,-35.21153846153846,0.0,QT450-10,174.67187647348973,,,,False
7,0,8,-14.400000000000002,-35.21153846153846,1.6000000000000014,QT450-10,174.66171980022608,,,,False
7,0,9,-14.400000000000002,-35.21153846153846,3.200000000000001,QT450-10,174.6312559014009,,,,False
7,0,10,-14.400000000000002,-35.21153846153846,4.800000000000001,QT450-10,174.58050216020825,,,,False
7,0,11,-14.400000000000002,-35.21153846153846,6.400000000000002,QT450-10,174.5094844365511,,,,False
7,0,12,-14.400000000000002,-35.21153846153846,8.0,QT450-10,174.41823290150091,,,,False
7,0,13,-14.400000000000002,-35.21153846153846,9.600000000000001,QT450-10,174.30677707538288,,,,False
7,0,14,-14.400000000000002,-35.21153846153846,11.200000000000003,QT450-10,174.17514055586713,,,,False
7,1,0,-14.400000000000002,-33.63461538461539,-11.2,QT450-10,174.57299376077623,,,,False
7,1,1,-14.400000000000002,-33.63461538461539,-9.6,QT450-10,174.70508137404795,,,,False
7,1,2,-14.400000000000002,-33.63461538461539,-8.0,QT450-10,174.81692696397616,,,,False
7,1,3,-14.400000000000002,-33.63461538461539,-6.3999999999999995,QT450-10,174.90850278317373,,,,False
7,1,4,-14.400000000000002,-33.63461538461539,-4.8,QT450-10,174.979776320546,,,,False
7,1,5,-14.400000000000002,-33.63461538461539,-3.1999999999999993,QT450-10,175.03071487096943,,,,False
7,1,6,-14.400000000000002,-33.63461538461539,-1.5999999999999996,QT450-10,175.06129054470713,,,,False
7,1,7,-14.400000000000002,-33.63461538461539,0.0,QT450-10,175.07148463057283,,,,False
7,1,8,-14.400000000000002,-33.63461538461539,1.6000000000000014,QT450-10,175.06129054470713,,,,False
7,1,9,-14.400000000000002,-33.63461538461539,3.200000000000001,QT450-10,175.03071487096943,,,,False
7,1,10,-14.400000000000002,-33.63461538461539,4.800000000000001,QT450-10,174.979776320546,,,,False
7,1,11,-14.400000000000002,-33.63461538461539,6.400000000000002,QT450-10,174.90850278317373,,,,False
7,1,12,-14.400000000000002,-33.63461538461539,8.0,QT450-10,174.81692696397616,,,,False
7,1,13,-14.400000000000002,-33.63461538461539,9.600000000000001,QT450-10,174.70508137404795,,,,False
7,1,14,-14.400000000000002,-33.63461538461539,11.200000000000003,QT450-10,174.57299376077623,,,,False
7,2,0,-14.400000000000002,-32.05769230769231,-11.2,QT450-10,175.2168362609918,,,,False
7,2,1,-14.400000000000002,-32.05769230769231,-9.6,QT450-10,175.34966326403267,,,,False
7,2,2,-14.400000000000002,-32.05769230769231,-8.0,QT450-10,175.46214651926212,,,,False
7,2,3,-14.400000000000002,-32.05769230769231,-6.3999999999999995,QT450-10,175.55425389583303,,,,False
7,2,4,-14.400000000000002,-32.05769230769231,-4.8,QT450-10,175.6259478535509,,,,False
7,2,5,-14.400000000000002,-32.05769230769231,-3.1999999999999993,QT450-10,175.6771908463261,,,,False
7,2,6,-14.400000000000002,-32.05769230769231,-1.5999999999999996,QT450-10,175.70795096613753,,,,False
7,2,7,-14.400000000000002,-32.05769230769231,0.0,QT450-10,175.7182068438929,,,,False
7,2,8,-14.400000000000002,-32.05769230769231,1.6000000000000014,QT450-10,175.70795096613753,,,,False
7,2,9,-14.400000000000002,-32.05769230769231,3.200000000000001,QT450-10,175.6771908463261,,,,False
7,2,10,-14.400000000000002,-32.05769230769231,4.800000000000001,QT450-10,175.6259478535509,,,,False
7,2,11,-14.400000000000002,-32.05769230769231,6.400000000000002,QT450-10,175.55425389583303,,,,False
7,2,12,-14.400000000000002,-32.05769230769231,8.0,QT450-10,175.46214651926212,,,,False
7,2,13,-14.400000000000002,-32.05769230769231,9.600000000000001,QT450-10,175.34966326403267,,,,False
7,2,14,-14.400000000000002,-32.05769230769231,11.200000000000003,QT450-10,175.2168362609918,,,,False
7,3,0,-14.400000000000002,-30.48076923076923,-11.2,QT450-10,176.101788123498,,,,False
7,3,1,-14.400000000000002,-30.48076923076923,-9.6,QT450-10,176.23563790302396,,,,False
7,3,2,-14.400000000000002,-30.48076923076923,-8.0,QT450-10,176.34900460347524,,,,False
7,3,3,-14.400000000000002,-30.48076923076923,-6.3999999999999995,QT450-10,176.44184960866733,,,,False
7,3,4,-14.400000000000002,-30.48076923076923,-4.8,QT450-10,176.51412792001696,,,,False
7,3,5,-14.400000000000002,-30.48076923076923,-3.1999999999999993,QT450-10,176.56579466112942,,,,False
7,3,6,-14.400000000000002,-30.48076923076923,-1.5999999999999996,QT450-10,176.5968117710132,,,,False
7,3,7,-14.400000000000002,-30.48076923076923,0.0,QT450-10,176.60715378995127,,,,False
7,3,8,-14.400000000000002,-30.48076923076923,1.6000000000000014,QT450-10,176.5968117710132,,,,False
7,3,9,-14.400000000000002,-30.48076923076923,3.200000000000001,QT450-10,176.56579466112942,,,,False
7,3,10,-14.400000000000002,-30.48076923076923,4.800000000000001,QT450-10,176.51412792001696,,,,False
7,3,11,-14.400000000000002,-30.48076923076923,6.400000000000002,QT450-10,176.44184960866733,,,,False
7,3,12,-14.400000000000002,-30.48076923076923,8.0,QT450-10,176.34900460347524,,,,False
7,3,13,-14.400000000000002,-30.48076923076923,9.600000000000001,QT450-10,176.23563790302396,,,,False
7,3,14,-14.400000000000002,-30.48076923076923,11.200000000000003,QT450-10,176.101788123498,,,,False
7,4,0,-14.400000000000002,-28.903846153846153,-11.2,QT450-10,177.22029591559837,,,,False
7,4,1,-14.400000000000002,-28.903846153846153,-9.6,QT450-10,177.35544625406945,,,,False
7,4,2,-14.400000000000002,-28.903846153846153,-8.0,QT450-10,177.46993843334792,,,,False
7,4,3,-14.400000000000002,-28.903846153846153,-6.3999999999999995,QT450-10,177.5637248091118,,,,False
7,4,4,-14.400000000000002,-28.903846153846153,-4.8,QT450-10,177.63675007990113,,,,False
7,4,5,-14.400000000000002,-28.903846153846153,-3.1999999999999993,QT450-10,177.68895920812042,,,,False
7,4,6,-14.400000000000002,-28.903846153846153,-1.5999999999999996,QT450-10,177.72030557260095,,,,False
7,4,7,-14.400000000000002,-28.903846153846153,0.0,QT450-10,177.7307580099774,,,,False
7,4,8,-14.400000000000002,-28.903846153846153,1.6000000000000014,QT450-10,177.72030557260095,,,,False
7,4,9,-14.400000000000002,-28.903846153846153,3.200000000000001,QT450-10,177.68895920812042,,,,False
7,4,10,-14.400000000000002,-28.903846153846153,4.800000000000001,QT450-10,177.63675007990113,,,,False
7,4,11,-14.400000000000002,-28.903846153846153,6.400000000000002,QT450-10,177.5637248091118,,,,False
7,4,12,-14.400000000000002,-28.903846153846153,8.0,QT450-10,177.46993843334792,,,,False
7,4,13,-14.400000000000002,-28.903846153846153,9.600000000000001,QT450-10,177.35544625406945,,,,False
7,4,14,-14.400000000000002,-28.903846153846153,11.200000000000003,QT450-10,177.22029591559837,,,,False
7,5,0,-14.400000000000002,-27.326923076923077,-11.2,QT450-10,178.56207631979464,,,,False
7,5,1,-14.400000000000002,-27.326923076923077,-9.6,QT450-10,178.6987976033616,,,,False
7,5,2,-14.400000000000002,-27.326923076923077,-8.0,QT450-10,178.81465207942387,,,,False
7,5,3,-14.400000000000002,-27.326923076923077,-6.3999999999999995,QT450-10,178.90958022554062,,,,False
7,5,4,-14.400000000000002,-27.326923076923077,-4.8,QT450-10,178.98351313822207,,,,False
7,5,5,-14.400000000000002,-27.326923076923077,-3.1999999999999993,QT450-10,179.03638232450115,,,,False
7,5,6,-14.400000000000002,-27.326923076923077,-1.5999999999999996,QT450-10,179.06812980323352,,,,False
7,5,7,-14.400000000000002,-27.326923076923077,0.0,QT450-10,179.07871683206434,,,,False
7,5,8,-14.400000000000002,-27.326923076923077,1.6000000000000014,QT450-10,179.06812980323352,,,,False
7,5,9,-14.400000000000002,-27.326923076923077,3.200000000000001,QT450-10,179.03638232450115,,,,False
7,5,10,-14.400000000000002,-27.326923076923077,4.800000000000001,QT450-10,178.98351313822207,,,,False
7,5,11,-14.400000000000002,-27.326923076923077,6.400000000000002,QT450-10,178.90958022554062,,,,False
7,5,12,-14.400000000000002,-27.326923076923077,8.0,QT450-10,178.81465207942387,,,,False
7,5,13,-14.400000000000002,-27.326923076923077,9.600000000000001,QT450-10,178.6987976033616,,,,False
7,5,14,-14.400000000000002,-27.326923076923077,11.200000000000003,QT450-10,178.56207631979464,,,,False
7,6,0,-14.400000000000002,-25.75,-11.2,QT450-10,180.11405343917806,,,,False
7,6,1,-14.400000000000002,-25.75,-9.6,QT450-10,180.25260645227206,,,,False
7,6,2,-14.400000000000002,-25.75,-8.0,QT450-10,180.37005330881672,,,,False
7,6,3,-14.400000000000002,-25.75,-6.3999999999999995,QT450-10,180.46631934000092,,,,False
7,6,4,-14.400000000000002,-25.75,-4.8,QT450-10,180.54131815396866,,,,False
7,6,5,-14.400000000000002,-25.75,-3.1999999999999993,QT450-10,180.5949638899017,,,,False
7,6,6,-14.400000000000002,-25.75,-1.5999999999999996,QT450-10,180.62718387438656,,,,False
7,6,7,-14.400000000000002,-25.75,0.0,QT450-10,180.6379295534798,,,,False
7,6,8,-14.400000000000002,-25.75,1.6000000000000014,QT450-10,180.62718387438656,,,,False
7,6,9,-14.400000000000002,-25.75,3.200000000000001,QT450-10,180.5949638899017,,,,False
7,6,10,-14.400000000000002,-25.75,4.800000000000001,QT450-10,180.54131815396866,,,,False
7,6,11,-14.400000000000002,-25.75,6.400000000000002,QT450-10,180.46631934000092,,,,False
7,6,12,-14.400000000000002,-25.75,8.0,QT450-10,180.37005330881672,,,,False
7,6,13,-14.400000000000002,-25.75,9.600000000000001,QT450-10,180.25260645227206,,,,False
7,6,14,-14.400000000000002,-25.75,11.200000000000003,QT450-10,180.11405343917806,,,,False
7,7,0,-14.400000000000002,-24.173076923076923,-11.2,QT450-10,181.86029972876003,,,,False
7,7,1,-14.400000000000002,-24.173076923076923,-9.6,QT450-10,182.00093323821073,,,,False
7,7,2,-14.400000000000002,-24.173076923076923,-8.0,QT450-10,182.12019430270524,,,,False
7,7,3,-14.400000000000002,-24.173076923076923,-6.3999999999999995,QT450-10,182.2179892329999,,,,False
7,7,4,-14.400000000000002,-24.173076923076923,-4.8,QT450-10,182.2942094607723,,,,False
7,7,5,-14.400000000000002,-24.173076923076923,-3.1999999999999993,QT450-10,182.34874701201224,,,,False
7,7,6,-14.400000000000002,-24.173076923076923,-1.5999999999999996,QT450-10,182.3815104765479,,,,False
7,7,7,-14.400000000000002,-24.173076923076923,0.0,QT450-10,182.39243878111034,,,,False
7,7,8,-14.400000000000002,-24.173076923076923,1.6000000000000014,QT450-10,182.3815104765479,,,,False
7,7,9,-14.400000000000002,-24.173076923076923,3.200000000000001,QT450-10,182.34874701201224,,,,False
7,7,10,-14.400000000000002,-24.173076923076923,4.800000000000001,QT450-10,182.2942094607723,,,,False
7,7,11,-14.400000000000002,-24.173076923076923,6.400000000000002,QT450-10,182.2179892329999,,,,False
7,7,12,-14.400000000000002,-24.173076923076923,8.0,QT450-10,182.12019430270524,,,,False
7,7,13,-14.400000000000002,-24.173076923076923,9.600000000000001,QT450-10,182.00093323821073,,,,False
7,7,14,-14.400000000000002,-24.173076923076923,11.200000000000003,QT450-10,181.86029972876003,,,,False
7,8,0,-14.400000000000002,-22.596153846153847,-11.2,QT450-10,183.78199212852033,,,,False
7,8,1,-14.400000000000002,-22.596153846153847,-9.6,QT450-10,183.92494037389835,,,,False
7,8,2,-14.400000000000002,-22.596153846153847,-8.0,QT450-10,184.04622782954982,,,,False
7,8,3,-14.400000000000002,-22.596153846153847,-6.3999999999999995,QT450-10,184.1457370365528,,,,False
7,8,4,-14.400000000000002,-22.596153846153847,-4.8,QT450-10,184.22333144647914,,,,False
7,8,5,-14.400000000000002,-22.596153846153847,-3.1999999999999993,QT450-10,184.27887509568032,,,,False
7,8,6,-14.400000000000002,-22.596153846153847,-1.5999999999999996,QT450-10,184.31225284324347,,,,False
7,8,7,-14.400000000000002,-22.596153846153847,0.0,QT450-10,184.3233877638179,,,,False
7,8,8,-14.400000000000002,-22.596153846153847,1.6000000000000014,QT450-10,184.31225284324347,,,,False
7,8,9,-14.400000000000002,-22.596153846153847,3.200000000000001,QT450-10,184.27887509568032,,,,False
7,8,10,-14.400000000000002,-22.596153846153847,4.800000000000001,QT450-10,184.22333144647914,,,,False
7,8,11,-14.400000000000002,-22.596153846153847,6.400000000000002,QT450-10,184.1457370365528,,,,False
7,8,12,-14.400000000000002,-22.596153846153847,8.0,QT450-10,184.04622782954982,,,,False
7,8,13,-14.400000000000002,-22.596153846153847,9.600000000000001,QT450-10,183.92494037389835,,,,False
7,8,14,-14.400000000000002,-22.596153846153847,11.200000000000003,QT450-10,183.78199212852033,,,,False
7,9,0,-14.400000000000002,-21.01923076923077,-11.2,QT450-10,185.85739626779946,,,,False
7,9,1,-14.400000000000002,-21.01923076923077,-9.6,QT450-10,186.00287650923062,,,,False
7,9,2,-14.400000000000002,-21.01923076923077,-8.0,QT450-10,186.12639187951743,,,,False
7,9,3,-14.400000000000002,-21.01923076923077,-6.3999999999999995,QT450-10,186.22779511733094,,,,False
7,9,4,-14.400000000000002,-21.01923076923077,-4.8,QT450-10,186.30691431193836,,,,False
7,9,5,-14.400000000000002,-21.01923076923077,-3.1999999999999993,QT450-10,186.36357808503345,,,,False
7,9,6,-14.400000000000002,-21.01923076923077,-1.5999999999999996,QT450-10,186.39764130830932,,,,False
7,9,7,-14.400000000000002,-21.01923076923077,0.0,QT450-10,186.4090070584718,,,,False
7,9,8,-14.400000000000002,-21.01923076923077,1.6000000000000014,QT450-10,186.39764130830932,,,,False
7,9,9,-14.400000000000002,-21.01923076923077,3.200000000000001,QT450-10,186.36357808503345,,,,False
7,9,10,-14.400000000000002,-21.01923076923077,4.800000000000001,QT450-10,186.30691431193836,,,,False
7,9,11,-14.400000000000002,-21.01923076923077,6.400000000000002,QT450-10,186.22779511733094,,,,False
7,9,12,-14.400000000000002,-21.01923076923077,8.0,QT450-10,186.12639187951743,,,,False
7,9,13,-14.400000000000002,-21.01923076923077,9.600000000000001,QT450-10,186.00287650923062,,,,False
7,9,14,-14.400000000000002,-21.01923076923077,11.200000000000003,QT450-10,185.85739626779946,,,,False
7,10,0,-14.400000000000002,-19.442307692307693,-11.2,QT450-10,188.0618923168953,,,,False
7,10,1,-14.400000000000002,-19.442307692307693,-9.6,QT450-10,188.2101026932567,,,,False
7,10,2,-14.400000000000002,-19.442307692307693,-8.0,QT450-10,188.33603659858264,,,,False
7,10,3,-14.400000000000002,-19.442307692307693,-6.3999999999999995,QT450-10,188.43950899734125,,,,False
7,10,4,-14.400000000000002,-19.442307692307693,-4.8,QT450-10,188.52030295317638,,,,False
7,10,5,-14.400000000000002,-19.442307692307693,-3.1999999999999993,QT450-10,188.57820211296993,,,,False
7,10,6,-14.400000000000002,-19.442307692307693,-1.5999999999999996,QT450-10,188.61302343843766,,,,False
7,10,7,-14.400000000000002,-19.442307692307693,0.0,QT450-10,188.6246448261458,,,,False
7,10,8,-14.400000000000002,-19.442307692307693,1.6000000000000014,QT450-10,188.61302343843766,,,,False
7,10,9,-14.400000000000002,-19.442307692307693,3.200000000000001,QT450-10,188.57820211296993,,,,False
7,10,10,-14.400000000000002,-19.442307692307693,4.800000000000001,QT450-10,188.52030295317638,,,,False
7,10,11,-14.400000000000002,-19.442307692307693,6.400000000000002,QT450-10,188.43950899734125,,,,False
7,10,12,-14.400000000000002,-19.442307692307693,8.0,QT450-10,188.33603659858264,,,,False
7,10,13,-14.400000000000002,-19.442307692307693,9.600000000000001,QT450-10,188.2101026932567,,,,False
7,10,14,-14.400000000000002,-19.442307692307693,11.200000000000003,QT450-10,188.0618923168953,,,,False
7,11,0,-14.400000000000002,-17.865384615384617,-11.2,QT450-10,190.3680559877243,,,,False
7,11,1,-14.400000000000002,-17.865384615384617,-9.6,QT450-10,190.5191741204604,,,,False
7,11,2,-14.400000000000002,-17.865384615384617,-8.0,QT450-10,190.64770747468935,,,,False
7,11,3,-14.400000000000002,-17.865384615384617,-6.3999999999999995,QT450-10,190.75342222290342,,,,False
7,11,4,-14.400000000000002,-17.865384615384617,-4.8,QT450-10,190.83604336491294,,,,False
7,11,5,-14.400000000000002,-17.865384615384617,-3.1999999999999993,QT450-10,190.8952970619762,,,,False
7,11,6,-14.400000000000002,-17.865384615384617,-1.5999999999999996,QT450-10,190.9309522911894,,,,False
7,11,7,-14.400000000000002,-17.865384615384617,0.0,QT450-10,190.9428553205567,,,,False
7,11,8,-14.400000000000002,-17.865384615384617,1.6000000000000014,QT450-10,190.9309522911894,,,,False
7,11,9,-14.400000000000002,-17.865384615384617,3.200000000000001,QT450-10,190.8952970619762,,,,False
7,11,10,-14.400000000000002,-17.865384615384617,4.800000000000001,QT450-10,190.83604336491294,,,,False
7,11,11,-14.400000000000002,-17.865384615384617,6.400000000000002,QT450-10,190.75342222290342,,,,False
7,11,12,-14.400000000000002,-17.865384615384617,8.0,QT450-10,190.64770747468935,,,,False
7,11,13,-14.400000000000002,-17.865384615384617,9.600000000000001,QT450-10,190.5191741204604,,,,False
7,11,14,-14.400000000000002,-17.865384615384617,11.200000000000003,QT450-10,190.3680559877243,,,,False
7,12,0,-14.400000000000002,-16.28846153846154,-11.2,QT450-10,192.74580713271547,,,,False
7,12,1,-14.400000000000002,-16.28846153846154,-9.6,QT450-10,192.89999023493488,,,,False
7,12,2,-14.400000000000002,-16.28846153846154,-8.0,QT450-10,193.03129801248892,,,,False
7,12,3,-14.400000000000002,-16.28846153846154,-6.3999999999999995,QT450-10,193.13943182034788,,,,False
7,12,4,-14.400000000000002,-16.28846153846154,-4.8,QT450-10,193.22404044709455,,,,False
7,12,5,-14.400000000000002,-16.28846153846154,-3.1999999999999993,QT450-10,193.284776016284,,,,False
7,12,6,-14.400000000000002,-16.28846153846154,-1.5999999999999996,QT450-10,193.3213467970402,,,,False
7,12,7,-14.400000000000002,-16.28846153846154,0.0,QT450-10,193.33355956583875,,,,False
7,12,8,-14.400000000000002,-16.28846153846154,1.6000000000000014,QT450-10,193.3213467970402,,,,False
7,12,9,-14.400000000000002,-16.28846153846154,3.200000000000001,QT450-10,193.284776016284,,,,False
7,12,10,-14.400000000000002,-16.28846153846154,4.800000000000001,QT450-10,193.22404044709455,,,,False
7,12,11,-14.400000000000002,-16.28846153846154,6.400000000000002,QT450-10,193.13943182034788,,,,False
7,12,12,-14.400000000000002,-16.28846153846154,8.0,QT450-10,193.03129801248892,,,,False
7,12,13,-14.400000000000002,-16.28846153846154,9.600000000000001,QT450-10,192.89999023493488,,,,False
7,12,14,-14.400000000000002,-16.28846153846154,11.200000000000003,QT450-10,192.74580713271547,,,,False
7,13,0,-14.400000000000002,-14.711538461538463,-11.2,QT450-10,195.16263612373442,,,,False
7,13,1,-14.400000000000002,-14.711538461538463,-9.6,QT450-10,195.32002398983187,,,,False
7,13,2,-14.400000000000002,-14.711538461538463,-8.0,QT450-10,195.45428353436725,,,,False
7,13,3,-14.400000000000002,-14.711538461538463,-6.3999999999999995,QT450-10,195.5650266068018,,,,False
7,13,4,-14.400000000000002,-14.711538461538463,-4.8,QT450-10,195.65179976246225,,,,False
7,13,5,-14.400000000000002,-14.711538461538463,-3.1999999999999993,QT450-10,195.71415917671257,,,,False
7,13,6,-14.400000000000002,-14.711538461538463,-1.5999999999999996,QT450-10,195.75173676728386,,,,False
7,13,7,-14.400000000000002,-14.711538461538463,0.0,QT450-10,195.76429068755687,,,,False
7,13,8,-14.400000000000002,-14.711538461538463,1.6000000000000014,QT450-10,195.75173676728386,,,,False
7,13,9,-14.400000000000002,-14.711538461538463,3.200000000000001,QT450-10,195.71415917671257,,,,False
7,13,10,-14.400000000000002,-14.711538461538463,4.800000000000001,QT450-10,195.65179976246225,,,,False
7,13,11,-14.400000000000002,-14.711538461538463,6.400000000000002,QT450-10,195.5650266068018,,,,False
7,13,12,-14.400000000000002,-14.711538461538463,8.0,QT450-10,195.45428353436725,,,,False
7,13,13,-14.400000000000002,-14.711538461538463,9.600000000000001,QT450-10,195.32002398983187,,,,False
7,13,14,-14.400000000000002,-14.711538461538463,11.200000000000003,QT450-10,195.16263612373442,,,,False
7,14,0,-14.400000000000002,-13.134615384615387,-11.2,QT450-10,197.58391437327592,,,,False
7,14,1,-14.400000000000002,-13.134615384615387,-9.6,QT450-10,197.744637913384,,,,False
7,14,2,-14.400000000000002,-13.134615384615387,-8.0,QT450-10,197.88204537823805,,,,False
7,14,3,-14.400000000000002,-13.134615384615387,-6.3999999999999995,QT450-10,197.99561861512845,,,,False
7,14,4,-14.400000000000002,-13.134615384615387,-4.8,QT450-10,198.0847637267555,,,,False
7,14,5,-14.400000000000002,-13.134615384615387,-3.1999999999999993,QT450-10,198.14891250904512,,,,False
7,14,6,-14.400000000000002,-13.134615384615387,-1.5999999999999996,QT450-10,198.1876025200086,,,,False
7,14,7,-14.400000000000002,-13.134615384615387,0.0,QT450-10,198.20053377177226,,,,False
7,14,8,-14.400000000000002,-13.134615384615387,1.6000000000000014,QT450-10,198.1876025200086,,,,False
7,14,9,-14.400000000000002,-13.134615384615387,3.200000000000001,QT450-10,198.14891250904512,,,,False
7,14,10,-14.400000000000002,-13.134615384615387,4.800000000000001,QT450-10,198.0847637267555,,,,False
7,14,11,-14.400000000000002,-13.134615384615387,6.400000000000002,QT450-10,197.99561861512845,,,,False
7,14,12,-14.400000000000002,-13.134615384615387,8.0,QT450-10,197.88204537823805,,,,False
7,14,13,-14.400000000000002,-13.134615384615387,9.600000000000001,QT450-10,197.744637913384,,,,False
7,14,14,-14.400000000000002,-13.134615384615387,11.200000000000003,QT450-10,197.58391437327592,,,,False
7,15,0,-14.400000000000002,-11.55769230769231,-11.2,QT450-10,200.73320429555724,,,,False
7,15,1,-14.400000000000002,-11.55769230769231,-9.6,QT450-10,200.91123946762883,,,,False
7,15,2,-14.400000000000002,-11.55769230769231,-8.0,QT450-10,201.07766195052696,,,,False
7,15,3,-14.400000000000002,-11.55769230769231,-6.3999999999999995,QT450-10,201.2296412087432,,,,False
7,15,4,-14.400000000000002,-11.55769230769231,-4.8,QT450-10,201.36244180308864,,,,False
7,15,5,-14.400000000000002,-11.55769230769231,-3.1999999999999993,QT450-10,201.4688310257218,,,,False
7,15,6,-14.400000000000002,-11.55769230769231,-1.5999999999999996,QT450-10,201.53919353398226,,,,False
7,15,7,-14.400000000000002,-11.55769230769231,0.0,QT450-10,201.56404448641263,,,,False
7,15,8,-14.400000000000002,-11.55769230769231,1.6000000000000014,QT450-10,201.53919353398226,,,,False
7,15,9,-14.400000000000002,-11.55769230769231,3.200000000000001,QT450-10,201.4688310257218,,,,False
7,15,10,-14.400000000000002,-11.55769230769231,4.800000000000001,QT450-10,201.36244180308864,,,,False
7,15,11,-14.400000000000002,-11.55769230769231,6.400000000000002,QT450-10,201.2296412087432,,,,False
7,15,12,-14.400000000000002,-11.55769230769231,8.0,QT450-10,201.07766195052696,,,,False
7,15,13,-14.400000000000002,-11.55769230769231,9.600000000000001,QT450-10,200.91123946762883,,,,False
7,15,14,-14.400000000000002,-11.55769230769231,11.200000000000003,QT450-10,200.73320429555724,,,,False
7,16,0,-14.400000000000002,-9.98076923076923,-11.2,QT450-10,204.99640815740437,,,,False
7,16,1,-14.400000000000002,-9.98076923076923,-9.6,QT450-10,205.2280186735378,,,,False
7,16,2,-14.400000000000002,-9.98076923076923,-8.0,QT450-10,205.49798530444627,,,,False
7,16,3,-14.400000000000002,-9.98076923076923,-6.3999999999999995,QT450-10,205.8090615302689,,,,False
7,16,4,-14.400000000000002,-9.98076923076923,-4.8,QT450-10,206.16408147534304,,,,False
7,16,5,-14.400000000000002,-9.98076923076923,-3.1999999999999993,QT450-10,206.55825343276624,,,,False
7,16,6,-14.400000000000002,-9.98076923076923,-1.5999999999999996,QT450-10,206.94089048673803,,,,False
7,16,7,-14.400000000000002,-9.98076923076923,0.0,QT450-10,207.12189203903625,,,,False
7,16,8,-14.400000000000002,-9.98076923076923,1.6000000000000014,QT450-10,206.94089048673803,,,,False
7,16,9,-14.400000000000002,-9.98076923076923,3.200000000000001,QT450-10,206.55825343276624,,,,False
7,16,10,-14.400000000000002,-9.98076923076923,4.800000000000001,QT450-10,206.16408147534304,,,,False
7,16,11,-14.400000000000002,-9.98076923076923,6.400000000000002,QT450-10,205.8090615302689,,,,False
7,16,12,-14.400000000000002,-9.98076923076923,8.0,QT450-10,205.49798530444627,,,,False
7,16,13,-14.400000000000002,-9.98076923076923,9.600000000000001,QT450-10,205.2280186735378,,,,False
7,16,14,-14.400000000000002,-9.98076923076923,11.200000000000003,QT450-10,204.99640815740437,,,,False
7,17,0,-14.400000000000002,-8.403846153846153,-11.2,QT450-10,210.10095541493928,,,,False
7,17,1,-14.400000000000002,-8.403846153846153,-9.6,QT450-10,210.4533442644922,,,,False
7,17,2,-14.400000000000002,-8.403846153846153,-8.0,QT450-10,210.98365043493166,,,,False
7,17,3,-14.400000000000002,-8.403846153846153,-6.3999999999999995,QT450-10,211.77358361624772,,,,False
7,17,4,-14.400000000000002,-8.403846153846153,-4.8,QT450-10,213.04381570038493,,,,False
7,17,5,-14.400000000000002,-8.403846153846153,-3.1999999999999993,QT450-10,215.1576131767939,,,,False
7,17,6,-14.400000000000002,-8.403846153846153,-1.5999999999999996,QT450-10,217.62325382268781,,,,False
7,17,7,-14.400000000000002,-8.403846153846153,0.0,QT450-10,218.67971007277436,,,,False
7,17,8,-14.400000000000002,-8.403846153846153,1.6000000000000014,QT450-10,217.62325382268781,,,,False
7,17,9,-14.400000000000002,-8.403846153846153,3.200000000000001,QT450-10,215.1576131767939,,,,False
7,17,10,-14.400000000000002,-8.403846153846153,4.800000000000001,QT450-10,213.04381570038493,,,,False
7,17,11,-14.400000000000002,-8.403846153846153,6.400000000000002,QT450-10,211.77358361624772,,,,False
7,17,12,-14.400000000000002,-8.403846153846153,8.0,QT450-10,210.98365043493163,,,,False
7,17,13,-14.400000000000002,-8.403846153846153,9.600000000000001,QT450-10,210.45334426449216,,,,False
7,17,14,-14.400000000000002,-8.403846153846153,11.200000000000003,QT450-10,210.10095541493925,,,,False
7,18,0,-14.400000000000002,-6.826923076923077,-11.2,QT450-10,215.8542924772832,,,,False
7,18,1,-14.400000000000002,-6.826923076923077,-9.6,QT450-10,216.4292411217854,,,,False
7,18,2,-14.400000000000002,-6.826923076923077,-8.0,QT450-10,217.48983123160497,,,,False
7,18,3,-14.400000000000002,-6.826923076923077,-6.3999999999999995,QT450-10,219.4552312906459,,,,False
7,18,4,-14.400000000000002,-6.826923076923077,-4.8,QT450-10,223.502914995748,,,,False
7,18,5,-14.400000000000002,-6.826923076923077,-3.1999999999999993,QT450-10,230.148130551885,,,,False
7,18,6,-14.400000000000002,-6.826923076923077,-1.5999999999999996,QT450-10,236.89358205033412,,,,False
7,18,7,-14.400000000000002,-6.826923076923077,0.0,QT450-10,239.69903573771822,,,,False
7,18,8,-14.400000000000002,-6.826923076923077,1.6000000000000014,QT450-10,236.8935820503341,,,,False
7,18,9,-14.400000000000002,-6.826923076923077,3.200000000000001,QT450-10,230.148130551885,,,,False
7,18,10,-14.400000000000002,-6.826923076923077,4.800000000000001,QT450-10,223.502914995748,,,,False
7,18,11,-14.400000000000002,-6.826923076923077,6.400000000000002,QT450-10,219.4552312906459,,,,False
7,18,12,-14.400000000000002,-6.826923076923077,8.0,QT450-10,217.48983123160497,,,,False
7,18,13,-14.400000000000002,-6.826923076923077,9.600000000000001,QT450-10,216.4292411217854,,,,False
7,18,14,-14.400000000000002,-6.826923076923077,11.200000000000003,QT450-10,215.8542924772832,,,,False
7,19,0,-14.400000000000002,-5.25,-11.2,QT450-10,221.9933060437236,,,,False
7,19,1,-14.400000000000002,-5.25,-9.6,QT450-10,222.9153326795669,,,,False
7,19,2,-14.400000000000002,-5.25,-8.0,QT450-10,224.87559734112514,,,,False
7,19,3,-14.400000000000002,-5.25,-6.3999999999999995,QT450-10,229.17590667276042,,,,False
7,19,4,-14.400000000000002,-5.25,-4.8,QT450-10,238.6938075409487,,,,False
7,19,5,-14.400000000000002,-5.25,-3.1999999999999993,QT450-10,253.12466007596547,,,,False
7,19,6,-14.400000000000002,-5.25,-1.5999999999999996,QT450-10,269.85263013780394,,,,False
7,19,7,-14.400000000000002,-5.25,0.0,QT450-10,277.7457131213189,,,,False
7,19,8,-14.400000000000002,-5.25,1.6000000000000014,QT450-10,269.8526301378039,,,,False
7,19,9,-14.400000000000002,-5.25,3.200000000000001,QT450-10,253.12466007596544,,,,False
7,19,10,-14.400000000000002,-5.25,4.800000000000001,QT450-10,238.6938075409487,,,,False
7,19,11,-14.400000000000002,-5.25,6.400000000000002,QT450-10,229.17590667276042,,,,False
7,19,12,-14.400000000000002,-5.25,8.0,QT450-10,224.87559734112514,,,,False
7,19,13,-14.400000000000002,-5.25,9.600000000000001,QT450-10,222.9153326795669,,,,False
7,19,14,-14.400000000000002,-5.25,11.200000000000003,QT450-10,221.9933060437236,,,,False
7,20,0,-14.400000000000002,-3.673076923076927,-11.2,QT450-10,228.14979592349962,,,,False
7,20,1,-14.400000000000002,-3.673076923076927,-9.6,QT450-10,229.52563125998725,,,,False
7,20,2,-14.400000000000002,-3.673076923076927,-8.0,QT450-10,232.7603757250792,,,,False
7,20,3,-14.400000000000002,-3.673076923076927,-6.3999999999999995,QT450-10,240.5817176081538,,,,False
7,20,4,-14.400000000000002,-3.673076923076927,-4.8,QT450-10,258.1247897750639,,,,False
7,20,5,-14.400000000000002,-3.673076923076927,-3.1999999999999993,QT450-10,288.90004707521456,,,,False
7,20,6,-14.400000000000002,-3.673076923076927,-1.5999999999999996,QT450-10,324.2964560597473,,,,False
7,20,7,-14.400000000000002,-3.673076923076927,0.0,QT450-10,344.59715582362503,,,,False
7,20,8,-14.400000000000002,-3.673076923076927,1.6000000000000014,QT450-10,324.29645605974724,,,,False
7,20,9,-14.400000000000002,-3.673076923076927,3.200000000000001,QT450-10,288.90004707521445,,,,False
7,20,10,-14.400000000000002,-3.673076923076927,4.800000000000001,QT450-10,258.1247897750639,,,,False
7,20,11,-14.400000000000002,-3.673076923076927,6.400000000000002,QT450-10,240.5817176081538,,,,False
7,20,12,-14.400000000000002,-3.673076923076927,8.0,QT450-10,232.7603757250792,,,,False
7,20,13,-14.400000000000002,-3.673076923076927,9.600000000000001,QT450-10,229.52563125998725,,,,False
7,20,14,-14.400000000000002,-3.673076923076927,11.200000000000003,QT450-10,228.1497959234996,,,,False
7,21,0,-14.400000000000002,-2.0961538461538467,-11.2,ERNiFe-CI,235.40545618441905,,,,False
7,21,1,-14.400000000000002,-2.0961538461538467,-9.6,ERNiFe-CI,237.4385455476631,,,,False
7,21,2,-14.400000000000002,-2.0961538461538467,-8.0,ERNiFe-CI,242.45519089332927,,,,False
7,21,3,-14.400000000000002,-2.0961538461538467,-6.3999999999999995,ERNiFe-CI,255.67327552569225,,,,False
7,21,4,-14.400000000000002,-2.0961538461538467,-4.8,ERNiFe-CI,287.0618755164166,,,,False
7,21,5,-14.400000000000002,-2.0961538461538467,-3.1999999999999993,ERNiFe-CI,345.18388379920765,,,,False
7,21,6,-14.400000000000002,-2.0961538461538467,-1.5999999999999996,ERNiFe-CI,445.62401493183415,,,,False
7,21,7,-14.400000000000002,-2.0961538461538467,0.0,ERNiFe-CI,536.6804549285506,,,,False
7,21,8,-14.400000000000002,-2.0961538461538467,1.6000000000000014,ERNiFe-CI,445.6240149318341,,,,False
7,21,9,-14.400000000000002,-2.0961538461538467,3.200000000000001,ERNiFe-CI,345.18388379920754,,,,False
7,21,10,-14.400000000000002,-2.0961538461538467,4.800000000000001,ERNiFe-CI,287.06187551641653,,,,False
7,21,11,-14.400000000000002,-2.0961538461538467,6.400000000000002,ERNiFe-CI,255.67327552569222,,,,False
7,21,12,-14.400000000000002,-2.0961538461538467,8.0,ERNiFe-CI,242.45519089332925,,,,False
7,21,13,-14.400000000000002,-2.0961538461538467,9.600000000000001,ERNiFe-CI,237.4385455476631,,,,False
7,21,14,-14.400000000000002,-2.0961538461538467,11.200000000000003,ERNiFe-CI,235.40545618441902,,,,False
7,22,0,-14.400000000000002,-0.5192307692307736,-11.2,ERNiFe-CI,243.4547697751417,,,,False
7,22,1,-14.400000000000002,-0.5192307692307736,-9.6,ERNiFe-CI,246.18147951846635,,,,False
7,22,2,-14.400000000000002,-0.5192307692307736,-8.0,ERNiFe-CI,253.11589075575586,,,,False
7,22,3,-14.400000000000002,-0.5192307692307736,-6.3999999999999995,ERNiFe-CI,271.1984099599257,,,,False
7,22,4,-14.400000000000002,-0.5192307692307736,-4.8,ERNiFe-CI,315.7071763583832,,,,False
7,22,5,-14.400000000000002,-0.5192307692307736,-3.1999999999999993,ERNiFe-CI,405.84351215085564,,,,False
7,22,6,-14.400000000000002,-0.5192307692307736,-1.5999999999999996,ERNiFe-CI,633.4390876373047,,,,False
7,22,7,-14.400000000000002,-0.5192307692307736,0.0,ERNiFe-CI,875.8898820388476,4.670145005830204,7.863283557238116,3.1931385514079125,True
7,22,8,-14.400000000000002,-0.5192307692307736,1.6000000000000014,ERNiFe-CI,633.4390876373044,,,,False
7,22,9,-14.400000000000002,-0.5192307692307736,3.200000000000001,ERNiFe-CI,405.8435121508555,,,,False
7,22,10,-14.400000000000002,-0.5192307692307736,4.800000000000001,ERNiFe-CI,315.7071763583831,,,,False
7,22,11,-14.400000000000002,-0.5192307692307736,6.400000000000002,ERNiFe-CI,271.19840995992564,,,,False
7,22,12,-14.400000000000002,-0.5192307692307736,8.0,ERNiFe-CI,253.11589075575586,,,,False
7,22,13,-14.400000000000002,-0.5192307692307736,9.600000000000001,ERNiFe-CI,246.18147951846632,,,,False
7,22,14,-14.400000000000002,-0.5192307692307736,11.200000000000003,ERNiFe-CI,243.4547697751417,,,,False
7,23,0,-14.400000000000002,1.0576923076923066,-11.2,ERNiFe-CI,250.22568040233162,,,,False
7,23,1,-14.400000000000002,1.0576923076923066,-9.6,ERNiFe-CI,253.4364264460496,,,,False
7,23,2,-14.400000000000002,1.0576923076923066,-8.0,ERNiFe-CI,261.4437138167978,,,,False
7,23,3,-14.400000000000002,1.0576923076923066,-6.3999999999999995,ERNiFe-CI,280.55975444708696,,,,False
7,23,4,-14.400000000000002,1.0576923076923066,-4.8,ERNiFe-CI,323.58489996104646,,,,False
7,23,5,-14.400000000000002,1.0576923076923066,-3.1999999999999993,ERNiFe-CI,406.9597410504659,,,,False
7,23,6,-14.400000000000002,1.0576923076923066,-1.5999999999999996,ERNiFe-CI,593.808883755037,,,,False
7,23,7,-14.400000000000002,1.0576923076923066,0.0,ERNiFe-CI,785.9548343909953,,,,False
7,23,8,-14.400000000000002,1.0576923076923066,1.6000000000000014,ERNiFe-CI,593.8088837550366,,,,False
7,23,9,-14.400000000000002,1.0576923076923066,3.200000000000001,ERNiFe-CI,406.9597410504657,,,,False
7,23,10,-14.400000000000002,1.0576923076923066,4.800000000000001,ERNiFe-CI,323.58489996104635,,,,False
7,23,11,-14.400000000000002,1.0576923076923066,6.400000000000002,ERNiFe-CI,280.5597544470869,,,,False
7,23,12,-14.400000000000002,1.0576923076923066,8.0,ERNiFe-CI,261.44371381679775,,,,False
7,23,13,-14.400000000000002,1.0576923076923066,9.600000000000001,ERNiFe-CI,253.4364264460496,,,,False
7,23,14,-14.400000000000002,1.0576923076923066,11.200000000000003,ERNiFe-CI,250.22568040233162,,,,False
7,24,0,-14.400000000000002,2.634615384615387,-11.2,ERNiFe-CI,255.34863583918772,,,,False
7,24,1,-14.400000000000002,2.634615384615387,-9.6,ERNiFe-CI,258.80029538778666,,,,False
7,24,2,-14.400000000000002,2.634615384615387,-8.0,ERNiFe-CI,267.083887185541,,,,False
7,24,3,-14.400000000000002,2.634615384615387,-6.3999999999999995,ERNiFe-CI,284.57381816679805,,,,False
7,24,4,-14.400000000000002,2.634615384615387,-4.8,ERNiFe-CI,316.9048272119092,,,,False
7,24,5,-14.400000000000002,2.634615384615387,-3.1999999999999993,ERNiFe-CI,371.94602271855314,,,,False
7,24,6,-14.400000000000002,2.634615384615387,-1.5999999999999996,ERNiFe-CI,442.4591627950312,,,,False
7,24,7,-14.400000000000002,2.634615384615387,0.0,ERNiFe-CI,498.71479907966415,,,,False
7,24,8,-14.400000000000002,2.634615384615387,1.6000000000000014,ERNiFe-CI,442.45916279503115,,,,False
7,24,9,-14.400000000000002,2.634615384615387,3.200000000000001,ERNiFe-CI,371.946022718553,,,,False
7,24,10,-14.400000000000002,2.634615384615387,4.800000000000001,ERNiFe-CI,316.90482721190915,,,,False
7,24,11,-14.400000000000002,2.634615384615387,6.400000000000002,ERNiFe-CI,284.57381816679805,,,,False
7,24,12,-14.400000000000002,2.634615384615387,8.0,ERNiFe-CI,267.083887185541,,,,False
7,24,13,-14.400000000000002,2.634615384615387,9.600000000000001,ERNiFe-CI,258.8002953877866,,,,False
7,24,14,-14.400000000000002,2.634615384615387,11.200000000000003,ERNiFe-CI,255.34863583918772,,,,False
7,25,0,-14.400000000000002,4.21153846153846,-11.2,Q235B,257.88907597293905,,,,False
7,25,1,-14.400000000000002,4.21153846153846,-9.6,Q235B,261.36292599721975,,,,False
7,25,2,-14.400000000000002,4.21153846153846,-8.0,Q235B,269.5797541608503,,,,False
7,25,3,-14.400000000000002,4.21153846153846,-6.3999999999999995,Q235B,285.67519495191306,,,,False
7,25,4,-14.400000000000002,4.21153846153846,-4.8,Q235B,312.24239089482063,,,,False
7,25,5,-14.400000000000002,4.21153846153846,-3.1999999999999993,Q235B,350.3106802636709,,,,False
7,25,6,-14.400000000000002,4.21153846153846,-1.5999999999999996,Q235B,390.14083426114274,,,,False
7,25,7,-14.400000000000002,4.21153846153846,0.0,Q235B,409.75376062564254,,,,False
7,25,8,-14.400000000000002,4.21153846153846,1.6000000000000014,Q235B,390.1408342611427,,,,False
7,25,9,-14.400000000000002,4.21153846153846,3.200000000000001,Q235B,350.31068026367086,,,,False
7,25,10,-14.400000000000002,4.21153846153846,4.800000000000001,Q235B,312.2423908948206,,,,False
7,25,11,-14.400000000000002,4.21153846153846,6.400000000000002,Q235B,285.675194951913,,,,False
7,25,12,-14.400000000000002,4.21153846153846,8.0,Q235B,269.5797541608503,,,,False
7,25,13,-14.400000000000002,4.21153846153846,9.600000000000001,Q235B,261.3629259972197,,,,False
7,25,14,-14.400000000000002,4.21153846153846,11.200000000000003,Q235B,257.88907597293905,,,,False
8,0,0,-11.52,-35.21153846153846,-11.2,QT450-10,174.8794854782967,,,,False
8,0,1,-11.52,-35.21153846153846,-9.6,QT450-10,175.01194499552568,,,,False
8,0,2,-11.52,-35.21153846153846,-8.0,QT450-10,175.12412462051392,,,,False
8,0,3,-11.52,-35.21153846153846,-6.3999999999999995,QT450-10,175.21599214009626,,,,False
8,0,4,-11.52,-35.21153846153846,-4.8,QT450-10,175.28750671668064,,,,False
8,0,5,-11.52,-35.21153846153846,-3.1999999999999993,QT450-10,175.3386262268335,,,,False
8,0,6,-11.52,-35.21153846153846,-1.5999999999999996,QT450-10,175.36931435647,,,,False
8,0,7,-11.52,-35.21153846153846,0.0,QT450-10,175.37954661235574,,,,False
8,0,8,-11.52,-35.21153846153846,1.6000000000000014,QT450-10,175.36931435647,,,,False
8,0,9,-11.52,-35.21153846153846,3.200000000000001,QT450-10,175.3386262268335,,,,False
8,0,10,-11.52,-35.21153846153846,4.800000000000001,QT450-10,175.28750671668064,,,,False
8,0,11,-11.52,-35.21153846153846,6.400000000000002,QT450-10,175.21599214009626,,,,False
8,0,12,-11.52,-35.21153846153846,8.0,QT450-10,175.12412462051392,,,,False
8,0,13,-11.52,-35.21153846153846,9.600000000000001,QT450-10,175.01194499552568,,,,False
8,0,14,-11.52,-35.21153846153846,11.200000000000003,QT450-10,174.8794854782967,,,,False
8,1,0,-11.52,-33.63461538461539,-11.2,QT450-10,175.3020993491779,,,,False
8,1,1,-11.52,-33.63461538461539,-9.6,QT450-10,175.4350418351785,,,,False
8,1,2,-11.52,-33.63461538461539,-8.0,QT450-10,175.54764068673506,,,,False
8,1,3,-11.52,-33.63461538461539,-6.3999999999999995,QT450-10,175.63985868490502,,,,False
8,1,4,-11.52,-33.63461538461539,-4.8,QT450-10,175.71165097823388,,,,False
8,1,5,-11.52,-33.63461538461539,-3.1999999999999993,QT450-10,175.76297186899868,,,,False
8,1,6,-11.52,-33.63461538461539,-1.5999999999999996,QT450-10,175.7937821199858,,,,False
8,1,7,-11.52,-33.63461538461539,0.0,QT450-10,175.80405530803571,,,,False
8,1,8,-11.52,-33.63461538461539,1.6000000000000014,QT450-10,175.7937821199858,,,,False
8,1,9,-11.52,-33.63461538461539,3.200000000000001,QT450-10,175.76297186899868,,,,False
8,1,10,-11.52,-33.63461538461539,4.800000000000001,QT450-10,175.71165097823388,,,,False
8,1,11,-11.52,-33.63461538461539,6.400000000000002,QT450-10,175.63985868490502,,,,False
8,1,12,-11.52,-33.63461538461539,8.0,QT450-10,175.54764068673506,,,,False
8,1,13,-11.52,-33.63461538461539,9.600000000000001,QT450-10,175.4350418351785,,,,False
8,1,14,-11.52,-33.63461538461539,11.200000000000003,QT450-10,175.3020993491779,,,,False
8,2,0,-11.52,-32.05769230769231,-11.2,QT450-10,175.99458194318396,,,,False
8,2,1,-11.52,-32.05769230769231,-9.6,QT450-10,176.12832643927925,,,,False
8,2,2,-11.52,-32.05769230769231,-8.0,QT450-10,176.24162096525168,,,,False
8,2,3,-11.52,-32.05769230769231,-6.3999999999999995,QT450-10,176.33442221698562,,,,False
8,2,4,-11.52,-32.05769230769231,-4.8,QT450-10,176.4066782448588,,,,False
8,2,5,-11.52,-32.05769230769231,-3.1999999999999993,QT450-10,176.45833639889267,,,,False
8,2,6,-11.52,-32.05769230769231,-1.5999999999999996,QT450-10,176.4893516087631,,,,False
8,2,7,-11.52,-32.05769230769231,0.0,QT450-10,176.49969357010522,,,,False
8,2,8,-11.52,-32.05769230769231,1.6000000000000014,QT450-10,176.4893516087631,,,,False
8,2,9,-11.52,-32.05769230769231,3.200000000000001,QT450-10,176.45833639889267,,,,False
8,2,10,-11.52,-32.05769230769231,4.800000000000001,QT450-10,176.4066782448588,,,,False
8,2,11,-11.52,-32.05769230769231,6.400000000000002,QT450-10,176.33442221698562,,,,False
8,2,12,-11.52,-32.05769230769231,8.0,QT450-10,176.24162096525168,,,,False
8,2,13,-11.52,-32.05769230769231,9.600000000000001,QT450-10,176.12832643927925,,,,False
8,2,14,-11.52,-32.05769230769231,11.200000000000003,QT450-10,175.99458194318396,,,,False
8,3,0,-11.52,-30.48076923076923,-11.2,QT450-10,176.95205283569598,,,,False
8,3,1,-11.52,-30.48076923076923,-9.6,QT450-10,177.0869140606434,,,,False
8,3,2,-11.52,-30.48076923076923,-8.0,QT450-10,177.20117931970353,,,,False
8,3,3,-11.52,-30.48076923076923,-6.3999999999999995,QT450-10,177.29479619089454,,,,False
8,3,4,-11.52,-30.48076923076923,-4.8,QT450-10,177.36770205754434,,,,False
8,3,5,-11.52,-30.48076923076923,-3.1999999999999993,QT450-10,177.41983366052264,,,,False
8,3,6,-11.52,-30.48076923076923,-1.5999999999999996,QT450-10,177.4511369560779,,,,False
8,3,7,-11.52,-30.48076923076923,0.0,QT450-10,177.46157564739948,,,,False
8,3,8,-11.52,-30.48076923076923,1.6000000000000014,QT450-10,177.4511369560779,,,,False
8,3,9,-11.52,-30.48076923076923,3.200000000000001,QT450-10,177.41983366052264,,,,False
8,3,10,-11.52,-30.48076923076923,4.800000000000001,QT450-10,177.36770205754434,,,,False
8,3,11,-11.52,-30.48076923076923,6.400000000000002,QT450-10,177.29479619089454,,,,False
8,3,12,-11.52,-30.48076923076923,8.0,QT450-10,177.20117931970353,,,,False
8,3,13,-11.52,-30.48076923076923,9.600000000000001,QT450-10,177.0869140606434,,,,False
8,3,14,-11.52,-30.48076923076923,11.200000000000003,QT450-10,176.95205283569598,,,,False
8,4,0,-11.52,-28.903846153846153,-11.2,QT450-10,178.16690793819504,,,,False
8,4,1,-11.52,-28.903846153846153,-9.6,QT450-10,178.3031958183163,,,,False
8,4,2,-11.52,-28.903846153846153,-8.0,QT450-10,178.41870414689112,,,,False
8,4,3,-11.52,-28.903846153846153,-6.3999999999999995,QT450-10,178.51336780109668,,,,False
8,4,4,-11.52,-28.903846153846153,-4.8,QT450-10,178.58710937419718,,,,False
8,4,5,-11.52,-28.903846153846153,-3.1999999999999993,QT450-10,178.63985085471927,,,,False
8,4,6,-11.52,-28.903846153846153,-1.5999999999999996,QT450-10,178.67152568670403,,,,False
8,4,7,-11.52,-28.903846153846153,0.0,QT450-10,178.68208920387298,,,,False
8,4,8,-11.52,-28.903846153846153,1.6000000000000014,QT450-10,178.67152568670403,,,,False
8,4,9,-11.52,-28.903846153846153,3.200000000000001,QT450-10,178.63985085471927,,,,False
8,4,10,-11.52,-28.903846153846153,4.800000000000001,QT450-10,178.58710937419718,,,,False
8,4,11,-11.52,-28.903846153846153,6.400000000000002,QT450-10,178.51336780109668,,,,False
8,4,12,-11.52,-28.903846153846153,8.0,QT450-10,178.41870414689112,,,,False
8,4,13,-11.52,-28.903846153846153,9.600000000000001,QT450-10,178.3031958183163,,,,False
8,4,14,-11.52,-28.903846153846153,11.200000000000003,QT450-10,178.16690793819504,,,,False
8,5,0,-11.52,-27.326923076923077,-11.2,QT450-10,179.62872504715858,,,,False
8,5,1,-11.52,-27.326923076923077,-9.6,QT450-10,179.7667430831895,,,,False
8,5,2,-11.52,-27.326923076923077,-8.0,QT450-10,179.88376286832053,,,,False
8,5,3,-11.52,-27.326923076923077,-6.3999999999999995,QT450-10,179.97970254585212,,,,False
8,5,4,-11.52,-27.326923076923077,-4.8,QT450-10,180.05446515780105,,,,False
8,5,5,-11.52,-27.326923076923077,-3.1999999999999993,QT450-10,180.10795314190543,,,,False
8,5,6,-11.52,-27.326923076923077,-1.5999999999999996,QT450-10,180.14008333144878,,,,False
8,5,7,-11.52,-27.326923076923077,0.0,QT450-10,180.1507999378875,,,,False
8,5,8,-11.52,-27.326923076923077,1.6000000000000014,QT450-10,180.14008333144878,,,,False
8,5,9,-11.52,-27.326923076923077,3.200000000000001,QT450-10,180.10795314190543,,,,False
8,5,10,-11.52,-27.326923076923077,4.800000000000001,QT450-10,180.05446515780105,,,,False
8,5,11,-11.52,-27.326923076923077,6.400000000000002,QT450-10,179.97970254585212,,,,False
8,5,12,-11.52,-27.326923076923077,8.0,QT450-10,179.88376286832053,,,,False
8,5,13,-11.52,-27.326923076923077,9.600000000000001,QT450-10,179.7667430831895,,,,False
8,5,14,-11.52,-27.326923076923077,11.200000000000003,QT450-10,179.62872504715858,,,,False
8,6,0,-11.52,-25.75,-11.2,QT450-10,181.32415281675108,,,,False
8,6,1,-11.52,-25.75,-9.6,QT450-10,181.4641959575962,,,,False
8,6,2,-11.52,-25.75,-8.0,QT450-10,181.58299029133195,,,,False
8,6,3,-11.52,-25.75,-6.3999999999999995,QT450-10,181.68043259951995,,,,False
8,6,4,-11.52,-25.75,-4.8,QT450-10,181.75640079736317,,,,False
8,6,5,-11.52,-25.75,-3.1999999999999993,QT450-10,181.81077211702615,,,,False
8,6,6,-11.52,-25.75,-1.5999999999999996,QT450-10,181.843441942648,,,,False
8,6,7,-11.52,-25.75,0.0,QT450-10,181.85434011267103,,,,False
8,6,8,-11.52,-25.75,1.6000000000000014,QT450-10,181.843441942648,,,,False
8,6,9,-11.52,-25.75,3.200000000000001,QT450-10,181.81077211702615,,,,False
8,6,10,-11.52,-25.75,4.800000000000001,QT450-10,181.75640079736317,,,,False
8,6,11,-11.52,-25.75,6.400000000000002,QT450-10,181.68043259951995,,,,False
8,6,12,-11.52,-25.75,8.0,QT450-10,181.58299029133195,,,,False
8,6,13,-11.52,-25.75,9.600000000000001,QT450-10,181.4641959575962,,,,False
8,6,14,-11.52,-25.75,11.200000000000003,QT450-10,181.32415281675108,,,,False
8,7,0,-11.52,-24.173076923076923,-11.2,QT450-10,183.23679527750477,,,,False
8,7,1,-11.52,-24.173076923076923,-9.6,QT450-10,183.37914748560613,,,,False
8,7,2,-11.52,-24.173076923076923,-8.0,QT450-10,183.49997272839772,,,,False
8,7,3,-11.52,-24.173076923076923,-6.3999999999999995,QT450-10,183.59914098360852,,,,False
8,7,4,-11.52,-24.173076923076923,-4.8,QT450-10,183.67649839312668,,,,False
8,7,5,-11.52,-24.173076923076923,-3.1999999999999993,QT450-10,183.73189021369268,,,,False
8,7,6,-11.52,-24.173076923076923,-1.5999999999999996,QT450-10,183.76518458402657,,,,False
8,7,7,-11.52,-24.173076923076923,0.0,QT450-10,183.7762930770802,,,,False
8,7,8,-11.52,-24.173076923076923,1.6000000000000014,QT450-10,183.76518458402657,,,,False
8,7,9,-11.52,-24.173076923076923,3.200000000000001,QT450-10,183.73189021369268,,,,False
8,7,10,-11.52,-24.173076923076923,4.800000000000001,QT450-10,183.67649839312668,,,,False
8,7,11,-11.52,-24.173076923076923,6.400000000000002,QT450-10,183.59914098360852,,,,False
8,7,12,-11.52,-24.173076923076923,8.0,QT450-10,183.49997272839772,,,,False
8,7,13,-11.52,-24.173076923076923,9.600000000000001,QT450-10,183.37914748560613,,,,False
8,7,14,-11.52,-24.173076923076923,11.200000000000003,QT450-10,183.23679527750477,,,,False
8,8,0,-11.52,-22.596153846153847,-11.2,QT450-10,185.34710627427796,,,,False
8,8,1,-11.52,-22.596153846153847,-9.6,QT450-10,185.49203788127068,,,,False
8,8,2,-11.52,-22.596153846153847,-8.0,QT450-10,185.6151422549037,,,,False
8,8,3,-11.52,-22.596153846153847,-6.3999999999999995,QT450-10,185.71625601372898,,,,False
8,8,4,-11.52,-22.596153846153847,-4.8,QT450-10,185.7951854551908,,,,False
8,8,5,-11.52,-22.596153846153847,-3.1999999999999993,QT450-10,185.85173563582086,,,,False
8,8,6,-11.52,-22.596153846153847,-1.5999999999999996,QT450-10,185.8857404218866,,,,False
8,8,7,-11.52,-22.596153846153847,0.0,QT450-10,185.8970884130512,,,,False
8,8,8,-11.52,-22.596153846153847,1.6000000000000014,QT450-10,185.8857404218866,,,,False
8,8,9,-11.52,-22.596153846153847,3.200000000000001,QT450-10,185.85173563582086,,,,False
8,8,10,-11.52,-22.596153846153847,4.800000000000001,QT450-10,185.7951854551908,,,,False
8,8,11,-11.52,-22.596153846153847,6.400000000000002,QT450-10,185.71625601372898,,,,False
8,8,12,-11.52,-22.596153846153847,8.0,QT450-10,185.6151422549037,,,,False
8,8,13,-11.52,-22.596153846153847,9.600000000000001,QT450-10,185.49203788127068,,,,False
8,8,14,-11.52,-22.596153846153847,11.200000000000003,QT450-10,185.34710627427796,,,,False
8,9,0,-11.52,-21.01923076923077,-11.2,QT450-10,187.63231009668056,,,,False
8,9,1,-11.52,-21.01923076923077,-9.6,QT450-10,187.78007508595272,,,,False
8,9,2,-11.52,-21.01923076923077,-8.0,QT450-10,187.9056975230796,,,,False
8,9,3,-11.52,-21.01923076923077,-6.3999999999999995,QT450-10,188.0089725619675,,,,False
8,9,4,-11.52,-21.01923076923077,-4.8,QT450-10,188.089656657898,,,,False
8,9,5,-11.52,-21.01923076923077,-3.1999999999999993,QT450-10,188.1475045311736,,,,False
8,9,6,-11.52,-21.01923076923077,-1.5999999999999996,QT450-10,188.1823071730088,,,,False
8,9,7,-11.52,-21.01923076923077,0.0,QT450-10,188.193924478227,,,,False
8,9,8,-11.52,-21.01923076923077,1.6000000000000014,QT450-10,188.1823071730088,,,,False
8,9,9,-11.52,-21.01923076923077,3.200000000000001,QT450-10,188.1475045311736,,,,False
8,9,10,-11.52,-21.01923076923077,4.800000000000001,QT450-10,188.089656657898,,,,False
8,9,11,-11.52,-21.01923076923077,6.400000000000002,QT450-10,188.0089725619675,,,,False
8,9,12,-11.52,-21.01923076923077,8.0,QT450-10,187.9056975230796,,,,False
8,9,13,-11.52,-21.01923076923077,9.600000000000001,QT450-10,187.78007508595272,,,,False
8,9,14,-11.52,-21.01923076923077,11.200000000000003,QT450-10,187.63231009668056,,,,False
8,10,0,-11.52,-19.442307692307693,-11.2,QT450-10,190.06636583991371,,,,False
8,10,1,-11.52,-19.442307692307693,-9.6,QT450-10,190.2171993019511,,,,False
8,10,2,-11.52,-19.442307692307693,-8.0,QT450-10,190.3455689527775,,,,False
8,10,3,-11.52,-19.442307692307693,-6.3999999999999995,QT450-10,190.45121813724887,,,,False
8,10,4,-11.52,-19.442307692307693,-4.8,QT450-10,190.5338407993556,,,,False
8,10,5,-11.52,-19.442307692307693,-3.1999999999999993,QT450-10,190.59312865285116,,,,False
8,10,6,-11.52,-19.442307692307693,-1.5999999999999996,QT450-10,190.62881920645754,,,,False
8,10,7,-11.52,-19.442307692307693,0.0,QT450-10,190.64073665648107,,,,False
8,10,8,-11.52,-19.442307692307693,1.6000000000000014,QT450-10,190.62881920645754,,,,False
8,10,9,-11.52,-19.442307692307693,3.200000000000001,QT450-10,190.59312865285116,,,,False
8,10,10,-11.52,-19.442307692307693,4.800000000000001,QT450-10,190.5338407993556,,,,False
8,10,11,-11.52,-19.442307692307693,6.400000000000002,QT450-10,190.45121813724887,,,,False
8,10,12,-11.52,-19.442307692307693,8.0,QT450-10,190.3455689527775,,,,False
8,10,13,-11.52,-19.442307692307693,9.600000000000001,QT450-10,190.2171993019511,,,,False
8,10,14,-11.52,-19.442307692307693,11.200000000000003,QT450-10,190.06636583991371,,,,False
8,11,0,-11.52,-17.865384615384617,-11.2,QT450-10,192.6199934130462,,,,False
8,11,1,-11.52,-17.865384615384617,-9.6,QT450-10,192.77410961511418,,,,False
8,11,2,-11.52,-17.865384615384617,-8.0,QT450-10,192.90544670621318,,,,False
8,11,3,-11.52,-17.865384615384617,-6.3999999999999995,QT450-10,193.01368247412236,,,,False
8,11,4,-11.52,-17.865384615384617,-4.8,QT450-10,193.09843186155416,,,,False
8,11,5,-11.52,-17.865384615384617,-3.1999999999999993,QT450-10,193.15930752111416,,,,False
8,11,6,-11.52,-17.865384615384617,-1.5999999999999996,QT450-10,193.19598036355856,,,,False
8,11,7,-11.52,-17.865384615384617,0.0,QT450-10,193.20823039421035,,,,False
8,11,8,-11.52,-17.865384615384617,1.6000000000000014,QT450-10,193.19598036355856,,,,False
8,11,9,-11.52,-17.865384615384617,3.200000000000001,QT450-10,193.15930752111416,,,,False
8,11,10,-11.52,-17.865384615384617,4.800000000000001,QT450-10,193.09843186155416,,,,False
8,11,11,-11.52,-17.865384615384617,6.400000000000002,QT450-10,193.01368247412236,,,,False
8,11,12,-11.52,-17.865384615384617,8.0,QT450-10,192.90544670621318,,,,False
8,11,13,-11.52,-17.865384615384617,9.600000000000001,QT450-10,192.77410961511418,,,,False
8,11,14,-11.52,-17.865384615384617,11.200000000000003,QT450-10,192.6199934130462,,,,False
8,12,0,-11.52,-16.28846153846154,-11.2,QT450-10,195.2607783387613,,,,False
8,12,1,-11.52,-16.28846153846154,-9.6,QT450-10,195.4183701880835,,,,False
8,12,2,-11.52,-16.28846153846154,-8.0,QT450-10,195.5528894378933,,,,False
8,12,3,-11.52,-16.28846153846154,-6.3999999999999995,QT450-10,195.66392905991262,,,,False
8,12,4,-11.52,-16.28846153846154,-4.8,QT450-10,195.75100286580343,,,,False
8,12,5,-11.52,-16.28846153846154,-3.1999999999999993,QT450-10,195.8136238896747,,,,False
8,12,6,-11.52,-16.28846153846154,-1.5999999999999996,QT450-10,195.8513803237004,,,,False
8,12,7,-11.52,-16.28846153846154,0.0,QT450-10,195.86399784995473,,,,False
8,12,8,-11.52,-16.28846153846154,1.6000000000000014,QT450-10,195.8513803237004,,,,False
8,12,9,-11.52,-16.28846153846154,3.200000000000001,QT450-10,195.8136238896747,,,,False
8,12,10,-11.52,-16.28846153846154,4.800000000000001,QT450-10,195.75100286580343,,,,False
8,12,11,-11.52,-16.28846153846154,6.400000000000002,QT450-10,195.66392905991262,,,,False
8,12,12,-11.52,-16.28846153846154,8.0,QT450-10,195.5528894378933,,,,False
8,12,13,-11.52,-16.28846153846154,9.600000000000001,QT450-10,195.4183701880835,,,,False
8,12,14,-11.52,-16.28846153846154,11.200000000000003,QT450-10,195.2607783387613,,,,False
8,13,0,-11.52,-14.711538461538463,-11.2,QT450-10,197.9533702732432,,,,False
8,13,1,-11.52,-14.711538461538463,-9.6,QT450-10,198.11461150662433,,,,False
8,13,2,-11.52,-14.711538461538463,-8.0,QT450-10,198.25253019375995,,,,False
8,13,3,-11.52,-14.711538461538463,-6.3999999999999995,QT450-10,198.366605618664,,,,False
8,13,4,-11.52,-14.711538461538463,-4.8,QT450-10,198.45621981271393,,,,False
8,13,5,-11.52,-14.711538461538463,-3.1999999999999993,QT450-10,198.52075981492044,,,,False
8,13,6,-11.52,-14.711538461538463,-1.5999999999999996,QT450-10,198.5597117338246,,,,False
8,13,7,-11.52,-14.711538461538463,0.0,QT450-10,198.57273533317903,,,,False
8,13,8,-11.52,-14.711538461538463,1.6000000000000014,QT450-10,198.5597117338246,,,,False
8,13,9,-11.52,-14.711538461538463,3.200000000000001,QT450-10,198.52075981492044,,,,False
8,13,10,-11.52,-14.711538461538463,4.800000000000001,QT450-10,198.45621981271393,,,,False
8,13,11,-11.52,-14.711538461538463,6.400000000000002,QT450-10,198.366605618664,,,,False
8,13,12,-11.52,-14.711538461538463,8.0,QT450-10,198.25253019375995,,,,False
8,13,13,-11.52,-14.711538461538463,9.600000000000001,QT450-10,198.11461150662433,,,,False
8,13,14,-11.52,-14.711538461538463,11.200000000000003,QT450-10,197.9533702732432,,,,False
8,14,0,-11.52,-13.134615384615387,-11.2,QT450-10,200.8940314226193,,,,False
8,14,1,-11.52,-13.134615384615387,-9.6,QT450-10,201.06429826760507,,,,False
8,14,2,-11.52,-13.134615384615387,-8.0,QT450-10,201.2154040497187,,,,False
8,14,3,-11.52,-13.134615384615387,-6.3999999999999995,QT450-10,201.3456020195374,,,,False
8,14,4,-11.52,-13.134615384615387,-4.8,QT450-10,201.45234458745114,,,,False
8,14,5,-11.52,-13.134615384615387,-3.1999999999999993,QT450-10,201.53241105710273,,,,False
8,14,6,-11.52,-13.134615384615387,-1.5999999999999996,QT450-10,201.5823491851731,,,,False
8,14,7,-11.52,-13.134615384615387,0.0,QT450-10,201.59936102992793,,,,False
8,14,8,-11.52,-13.134615384615387,1.6000000000000014,QT450-10,201.5823491851731,,,,False
8,14,9,-11.52,-13.134615384615387,3.200000000000001,QT450-10,201.53241105710273,,,,False
8,14,10,-11.52,-13.134615384615387,4.800000000000001,QT450-10,201.45234458745114,,,,False
8,14,11,-11.52,-13.134615384615387,6.400000000000002,QT450-10,201.3456020195374,,,,False
8,14,12,-11.52,-13.134615384615387,8.0,QT450-10,201.2154040497187,,,,False
8,14,13,-11.52,-13.134615384615387,9.600000000000001,QT450-10,201.06429826760507,,,,False
8,14,14,-11.52,-13.134615384615387,11.200000000000003,QT450-10,200.8940314226193,,,,False
8,15,0,-11.52,-11.55769230769231,-11.2,QT450-10,205.04582678663803,,,,False
8,15,1,-11.52,-11.55769230769231,-9.6,QT450-10,205.2517066150384,,,,False
8,15,2,-11.52,-11.55769230769231,-8.0,QT450-10,205.46715789200212,,,,False
8,15,3,-11.52,-11.55769230769231,-6.3999999999999995,QT450-10,205.688186214496,,,,False
8,15,4,-11.52,-11.55769230769231,-4.8,QT450-10,205.90622402585262,,,,False
8,15,5,-11.52,-11.55769230769231,-3.1999999999999993,QT450-10,206.10387192325393,,,,False
8,15,6,-11.52,-11.55769230769231,-1.5999999999999996,QT450-10,206.25011335076175,,,,False
8,15,7,-11.52,-11.55769230769231,0.0,QT450-10,206.30560019190818,,,,False
8,15,8,-11.52,-11.55769230769231,1.6000000000000014,QT450-10,206.25011335076175,,,,False
8,15,9,-11.52,-11.55769230769231,3.200000000000001,QT450-10,206.10387192325393,,,,False
8,15,10,-11.52,-11.55769230769231,4.800000000000001,QT450-10,205.90622402585262,,,,False
8,15,11,-11.52,-11.55769230769231,6.400000000000002,QT450-10,205.688186214496,,,,False
8,15,12,-11.52,-11.55769230769231,8.0,QT450-10,205.46715789200212,,,,False
8,15,13,-11.52,-11.55769230769231,9.600000000000001,QT450-10,205.2517066150384,,,,False
8,15,14,-11.52,-11.55769230769231,11.200000000000003,QT450-10,205.04582678663803,,,,False
8,16,0,-11.52,-9.98076923076923,-11.2,QT450-10,210.21737813442058,,,,False
8,16,1,-11.52,-9.98076923076923,-9.6,QT450-10,210.50997020711392,,,,False
8,16,2,-11.52,-9.98076923076923,-8.0,QT450-10,210.8997652129367,,,,False
8,16,3,-11.52,-9.98076923076923,-6.3999999999999995,QT450-10,211.40225328497732,,,,False
8,16,4,-11.52,-9.98076923076923,-4.8,QT450-10,212.04218181064945,,,,False
8,16,5,-11.52,-9.98076923076923,-3.1999999999999993,QT450-10,212.8264643642898,,,,False
8,16,6,-11.52,-9.98076923076923,-1.5999999999999996,QT450-10,213.60473551618293,,,,False
8,16,7,-11.52,-9.98076923076923,0.0,QT450-10,213.96203087302175,,,,False
8,16,8,-11.52,-9.98076923076923,1.6000000000000014,QT450-10,213.60473551618293,,,,False
8,16,9,-11.52,-9.98076923076923,3.200000000000001,QT450-10,212.8264643642898,,,,False
8,16,10,-11.52,-9.98076923076923,4.800000000000001,QT450-10,212.04218181064945,,,,False
8,16,11,-11.52,-9.98076923076923,6.400000000000002,QT450-10,211.40225328497732,,,,False
8,16,12,-11.52,-9.98076923076923,8.0,QT450-10,210.8997652129367,,,,False
8,16,13,-11.52,-9.98076923076923,9.600000000000001,QT450-10,210.50997020711392,,,,False
8,16,14,-11.52,-9.98076923076923,11.200000000000003,QT450-10,210.21737813442058,,,,False
8,17,0,-11.52,-8.403846153846153,-11.2,QT450-10,216.24001606915255,,,,False
8,17,1,-11.52,-8.403846153846153,-9.6,QT450-10,216.7053903979703,,,,False
8,17,2,-11.52,-8.403846153846153,-8.0,QT450-10,217.47556459807646,,,,False
8,17,3,-11.52,-8.403846153846153,-6.3999999999999995,QT450-10,218.69449477635808,,,,False
8,17,4,-11.52,-8.403846153846153,-4.8,QT450-10,220.6693420942042,,,,False
8,17,5,-11.52,-8.403846153846153,-3.1999999999999993,QT450-10,223.59254507700425,,,,False
8,17,6,-11.52,-8.403846153846153,-1.5999999999999996,QT450-10,226.45383620646376,,,,False
8,17,7,-11.52,-8.403846153846153,0.0,QT450-10,227.70267467106973,,,,False
8,17,8,-11.52,-8.403846153846153,1.6000000000000014,QT450-10,226.45383620646376,,,,False
8,17,9,-11.52,-8.403846153846153,3.200000000000001,QT450-10,223.59254507700425,,,,False
8,17,10,-11.52,-8.403846153846153,4.800000000000001,QT450-10,220.6693420942042,,,,False
8,17,11,-11.52,-8.403846153846153,6.400000000000002,QT450-10,218.69449477635808,,,,False
8,17,12,-11.52,-8.403846153846153,8.0,QT450-10,217.47556459807646,,,,False
8,17,13,-11.52,-8.403846153846153,9.600000000000001,QT450-10,216.70539039797026,,,,False
8,17,14,-11.52,-8.403846153846153,11.200000000000003,QT450-10,216.24001606915252,,,,False
8,18,0,-11.52,-6.826923076923077,-11.2,QT450-10,222.925719490576,,,,False
8,18,1,-11.52,-6.826923076923077,-9.6,QT450-10,223.68692934335434,,,,False
8,18,2,-11.52,-6.826923076923077,-8.0,QT450-10,225.1672275918493,,,,False
8,18,3,-11.52,-6.826923076923077,-6.3999999999999995,QT450-10,227.93022736051537,,,,False
8,18,4,-11.52,-6.826923076923077,-4.8,QT450-10,233.0524151692207,,,,False
8,18,5,-11.52,-6.826923076923077,-3.1999999999999993,QT450-10,240.68551605160462,,,,False
8,18,6,-11.52,-6.826923076923077,-1.5999999999999996,QT450-10,247.77144656696103,,,,False
8,18,7,-11.52,-6.826923076923077,0.0,QT450-10,250.80947725528836,,,,False
8,18,8,-11.52,-6.826923076923077,1.6000000000000014,QT450-10,247.77144656696103,,,,False
8,18,9,-11.52,-6.826923076923077,3.200000000000001,QT450-10,240.68551605160462,,,,False
8,18,10,-11.52,-6.826923076923077,4.800000000000001,QT450-10,233.0524151692207,,,,False
8,18,11,-11.52,-6.826923076923077,6.400000000000002,QT450-10,227.93022736051537,,,,False
8,18,12,-11.52,-6.826923076923077,8.0,QT450-10,225.1672275918493,,,,False
8,18,13,-11.52,-6.826923076923077,9.600000000000001,QT450-10,223.68692934335434,,,,False
8,18,14,-11.52,-6.826923076923077,11.200000000000003,QT450-10,222.92571949057597,,,,False
8,19,0,-11.52,-5.25,-11.2,QT450-10,229.98881755477245,,,,False
8,19,1,-11.52,-5.25,-9.6,QT450-10,231.18630010691322,,,,False
8,19,2,-11.52,-5.25,-8.0,QT450-10,233.81465095749385,,,,False
8,19,3,-11.52,-5.25,-6.3999999999999995,QT450-10,239.36376892736882,,,,False
8,19,4,-11.52,-5.25,-4.8,QT450-10,250.30726526400312,,,,False
8,19,5,-11.52,-5.25,-3.1999999999999993,QT450-10,266.14565302390076,,,,False
8,19,6,-11.52,-5.25,-1.5999999999999996,QT450-10,283.56248430261167,,,,False
8,19,7,-11.52,-5.25,0.0,QT450-10,291.6568393629621,,,,False
8,19,8,-11.52,-5.25,1.6000000000000014,QT450-10,283.56248430261167,,,,False
8,19,9,-11.52,-5.25,3.200000000000001,QT450-10,266.1456530239007,,,,False
8,19,10,-11.52,-5.25,4.800000000000001,QT450-10,250.30726526400312,,,,False
8,19,11,-11.52,-5.25,6.400000000000002,QT450-10,239.36376892736882,,,,False
8,19,12,-11.52,-5.25,8.0,QT450-10,233.81465095749385,,,,False
8,19,13,-11.52,-5.25,9.600000000000001,QT450-10,231.1863001069132,,,,False
8,19,14,-11.52,-5.25,11.200000000000003,QT450-10,229.98881755477245,,,,False
8,20,0,-11.52,-3.673076923076927,-11.2,QT450-10,237.01235045031058,,,,False
8,20,1,-11.52,-3.673076923076927,-9.6,QT450-10,238.77535292359335,,,,False
8,20,2,-11.52,-3.673076923076927,-8.0,QT450-10,242.92922655325916,,,,False
8,20,3,-11.52,-3.673076923076927,-6.3999999999999995,QT450-10,252.50894682152173,,,,False
8,20,4,-11.52,-3.673076923076927,-4.8,QT450-10,271.8362859747562,,,,False
8,20,5,-11.52,-3.673076923076927,-3.1999999999999993,QT450-10,304.14142925534117,,,,False
8,20,6,-11.52,-3.673076923076927,-1.5999999999999996,QT450-10,340.4503907182902,,,,False
8,20,7,-11.52,-3.673076923076927,0.0,QT450-10,361.530634699917,,,,False
8,20,8,-11.52,-3.673076923076927,1.6000000000000014,QT450-10,340.4503907182901,,,,False
8,20,9,-11.52,-3.673076923076927,3.200000000000001,QT450-10,304.1414292553411,,,,False
8,20,10,-11.52,-3.673076923076927,4.800000000000001,QT450-10,271.8362859747562,,,,False
8,20,11,-11.52,-3.673076923076927,6.400000000000002,QT450-10,252.50894682152173,,,,False
8,20,12,-11.52,-3.673076923076927,8.0,QT450-10,242.92922655325913,,,,False
8,20,13,-11.52,-3.673076923076927,9.600000000000001,QT450-10,238.77535292359335,,,,False
8,20,14,-11.52,-3.673076923076927,11.200000000000003,QT450-10,237.01235045031055,,,,False
8,21,0,-11.52,-2.0961538461538467,-11.2,ERNiFe-CI,245.22165883187623,,,,False
8,21,1,-11.52,-2.0961538461538467,-9.6,ERNiFe-CI,247.75180322008964,,,,False
8,21,2,-11.52,-2.0961538461538467,-8.0,ERNiFe-CI,254.0516663408662,,,,False
8,21,3,-11.52,-2.0961538461538467,-6.3999999999999995,ERNiFe-CI,269.45475730343975,,,,False
8,21,4,-11.52,-2.0961538461538467,-4.8,ERNiFe-CI,303.46764429953737,,,,False
8,21,5,-11.52,-2.0961538461538467,-3.1999999999999993,ERNiFe-CI,363.110456279118,,,,False
8,21,6,-11.52,-2.0961538461538467,-1.5999999999999996,ERNiFe-CI,468.0400952160714,,,,False
8,21,7,-11.52,-2.0961538461538467,0.0,ERNiFe-CI,559.5096660108818,,,,False
8,21,8,-11.52,-2.0961538461538467,1.6000000000000014,ERNiFe-CI,468.0400952160713,,,,False
8,21,9,-11.52,-2.0961538461538467,3.200000000000001,ERNiFe-CI,363.1104562791179,,,,False
8,21,10,-11.52,-2.0961538461538467,4.800000000000001,ERNiFe-CI,303.4676442995373,,,,False
8,21,11,-11.52,-2.0961538461538467,6.400000000000002,ERNiFe-CI,269.45475730343975,,,,False
8,21,12,-11.52,-2.0961538461538467,8.0,ERNiFe-CI,254.0516663408662,,,,False
8,21,13,-11.52,-2.0961538461538467,9.600000000000001,ERNiFe-CI,247.7518032200896,,,,False
8,21,14,-11.52,-2.0961538461538467,11.200000000000003,ERNiFe-CI,245.2216588318762,,,,False
8,22,0,-11.52,-0.5192307692307736,-11.2,ERNiFe-CI,254.22662213665677,,,,False
8,22,1,-11.52,-0.5192307692307736,-9.6,ERNiFe-CI,257.5587665137474,,,,False
8,22,2,-11.52,-0.5192307692307736,-8.0,ERNiFe-CI,265.98307357666266,,,,False
8,22,3,-11.52,-0.5192307692307736,-6.3999999999999995,ERNiFe-CI,286.530311733884,,,,False
8,22,4,-11.52,-0.5192307692307736,-4.8,ERNiFe-CI,334.1844043124286,,,,False
8,22,5,-11.52,-0.5192307692307736,-3.1999999999999993,ERNiFe-CI,429.6149566032892,,,,False
8,22,6,-11.52,-0.5192307692307736,-1.5999999999999996,ERNiFe-CI,658.8351345598054,,,,False
8,22,7,-11.52,-0.5192307692307736,0.0,ERNiFe-CI,902.0409108010457,6.9414735024939285,10.016776668862008,3.075303166368079,True
8,22,8,-11.52,-0.5192307692307736,1.6000000000000014,ERNiFe-CI,658.835134559805,,,,False
8,22,9,-11.52,-0.5192307692307736,3.200000000000001,ERNiFe-CI,429.61495660328904,,,,False
8,22,10,-11.52,-0.5192307692307736,4.800000000000001,ERNiFe-CI,334.18440431242857,,,,False
8,22,11,-11.52,-0.5192307692307736,6.400000000000002,ERNiFe-CI,286.530311733884,,,,False
8,22,12,-11.52,-0.5192307692307736,8.0,ERNiFe-CI,265.98307357666266,,,,False
8,22,13,-11.52,-0.5192307692307736,9.600000000000001,ERNiFe-CI,257.5587665137474,,,,False
8,22,14,-11.52,-0.5192307692307736,11.200000000000003,ERNiFe-CI,254.22662213665674,,,,False
8,23,0,-11.52,1.0576923076923066,-11.2,ERNiFe-CI,261.73313639415073,,,,False
8,23,1,-11.52,1.0576923076923066,-9.6,ERNiFe-CI,265.61140979140066,,,,False
8,23,2,-11.52,1.0576923076923066,-8.0,ERNiFe-CI,275.12828506519685,,,,False
8,23,3,-11.52,1.0576923076923066,-6.3999999999999995,ERNiFe-CI,296.7742052598818,,,,False
8,23,4,-11.52,1.0576923076923066,-4.8,ERNiFe-CI,343.29685314445805,,,,False
8,23,5,-11.52,1.0576923076923066,-3.1999999999999993,ERNiFe-CI,429.2340903007322,,,,False
8,23,6,-11.52,1.0576923076923066,-1.5999999999999996,ERNiFe-CI,621.4861862015573,,,,False
8,23,7,-11.52,1.0576923076923066,0.0,ERNiFe-CI,814.120046160466,6.284804306285754,9.952006020020479,3.667201713734724,True
8,23,8,-11.52,1.0576923076923066,1.6000000000000014,ERNiFe-CI,621.486186201557,,,,False
8,23,9,-11.52,1.0576923076923066,3.200000000000001,ERNiFe-CI,429.2340903007321,,,,False
8,23,10,-11.52,1.0576923076923066,4.800000000000001,ERNiFe-CI,343.29685314445805,,,,False
8,23,11,-11.52,1.0576923076923066,6.400000000000002,ERNiFe-CI,296.77420525988174,,,,False
8,23,12,-11.52,1.0576923076923066,8.0,ERNiFe-CI,275.1282850651968,,,,False
8,23,13,-11.52,1.0576923076923066,9.600000000000001,ERNiFe-CI,265.61140979140066,,,,False
8,23,14,-11.52,1.0576923076923066,11.200000000000003,ERNiFe-CI,261.73313639415073,,,,False
8,24,0,-11.52,2.634615384615387,-11.2,ERNiFe-CI,267.3668312878899,,,,False
8,24,1,-11.52,2.634615384615387,-9.6,ERNiFe-CI,271.49207949581677,,,,False
8,24,2,-11.52,2.634615384615387,-8.0,ERNiFe-CI,281.17312987399265,,,,False
8,24,3,-11.52,2.634615384615387,-6.3999999999999995,ERNiFe-CI,301.0108739631604,,,,False
8,24,4,-11.52,2.634615384615387,-4.8,ERNiFe-CI,336.5999961668219,,,,False
8,24,5,-11.52,2.634615384615387,-3.1999999999999993,ERNiFe-CI,393.7113541479031,,,,False
8,24,6,-11.52,2.634615384615387,-1.5999999999999996,ERNiFe-CI,466.923466181136,,,,False
8,24,7,-11.52,2.634615384615387,0.0,ERNiFe-CI,528.4785844033123,,,,False
8,24,8,-11.52,2.634615384615387,1.6000000000000014,ERNiFe-CI,466.92346618113595,,,,False
8,24,9,-11.52,2.634615384615387,3.200000000000001,ERNiFe-CI,393.7113541479031,,,,False
8,24,10,-11.52,2.634615384615387,4.800000000000001,ERNiFe-CI,336.5999961668218,,,,False
8,24,11,-11.52,2.634615384615387,6.400000000000002,ERNiFe-CI,301.0108739631604,,,,False
8,24,12,-11.52,2.634615384615387,8.0,ERNiFe-CI,281.1731298739926,,,,False
8,24,13,-11.52,2.634615384615387,9.600000000000001,ERNiFe-CI,271.4920794958167,,,,False
8,24,14,-11.52,2.634615384615387,11.200000000000003,ERNiFe-CI,267.3668312878899,,,,False
8,25,0,-11.52,4.21153846153846,-11.2,Q235B,270.14907589554986,,,,False
8,25,1,-11.52,4.21153846153846,-9.6,Q235B,274.2812506555102,,,,False
8,25,2,-11.52,4.21153846153846,-8.0,Q235B,283.7984592668041,,,,False
8,25,3,-11.52,4.21153846153846,-6.3999999999999995,Q235B,302.0619578401981,,,,False
8,25,4,-11.52,4.21153846153846,-4.8,Q235B,330.9141824519654,,,,False
8,25,5,-11.52,4.21153846153846,-3.1999999999999993,Q235B,371.6282995182372,,,,False
8,25,6,-11.52,4.21153846153846,-1.5999999999999996,Q235B,412.8376665457771,,,,False
8,25,7,-11.52,4.21153846153846,0.0,Q235B,433.0949826211479,,,,False
8,25,8,-11.52,4.21153846153846,1.6000000000000014,Q235B,412.83766654577704,,,,False
8,25,9,-11.52,4.21153846153846,3.200000000000001,Q235B,371.6282995182372,,,,False
8,25,10,-11.52,4.21153846153846,4.800000000000001,Q235B,330.91418245196536,,,,False
8,25,11,-11.52,4.21153846153846,6.400000000000002,Q235B,302.0619578401981,,,,False
8,25,12,-11.52,4.21153846153846,8.0,Q235B,283.79845926680406,,,,False
8,25,13,-11.52,4.21153846153846,9.600000000000001,Q235B,274.2812506555101,,,,False
8,25,14,-11.52,4.21153846153846,11.200000000000003,Q235B,270.14907589554986,,,,False
9,0,0,-8.64,-35.21153846153846,-11.2,QT450-10,175.4790069963989,,,,False
9,0,1,-8.64,-35.21153846153846,-9.6,QT450-10,175.61218506545472,,,,False
9,0,2,-8.64,-35.21153846153846,-8.0,QT450-10,175.72501208288068,,,,False
9,0,3,-8.64,-35.21153846153846,-6.3999999999999995,QT450-10,175.81744345144918,,,,False
9,0,4,-8.64,-35.21153846153846,-4.8,QT450-10,175.8894220794301,,,,False
9,0,5,-8.64,-35.21153846153846,-3.1999999999999993,QT450-10,175.94088867652846,,,,False
9,0,6,-8.64,-35.21153846153846,-1.5999999999999996,QT450-10,175.97179191090544,,,,False
9,0,7,-8.64,-35.21153846153846,0.0,QT450-10,175.98209707393812,,,,False
9,0,8,-8.64,-35.21153846153846,1.6000000000000014,QT450-10,175.97179191090544,,,,False
9,0,9,-8.64,-35.21153846153846,3.200000000000001,QT450-10,175.94088867652846,,,,False
9,0,10,-8.64,-35.21153846153846,4.800000000000001,QT450-10,175.8894220794301,,,,False
9,0,11,-8.64,-35.21153846153846,6.400000000000002,QT450-10,175.81744345144918,,,,False
9,0,12,-8.64,-35.21153846153846,8.0,QT450-10,175.72501208288068,,,,False
9,0,13,-8.64,-35.21153846153846,9.600000000000001,QT450-10,175.61218506545472,,,,False
9,0,14,-8.64,-35.21153846153846,11.200000000000003,QT450-10,175.4790069963989,,,,False
9,1,0,-8.64,-33.63461538461539,-11.2,QT450-10,175.92780544211078,,,,False
9,1,1,-8.64,-33.63461538461539,-9.6,QT450-10,176.0615012204888,,,,False
9,1,2,-8.64,-33.63461538461539,-8.0,QT450-10,176.1747806092486,,,,False
9,1,3,-8.64,-33.63461538461539,-6.3999999999999995,QT450-10,176.26759274323888,,,,False
9,1,4,-8.64,-33.63461538461539,-4.8,QT450-10,176.33987497525737,,,,False
9,1,5,-8.64,-33.63461538461539,-3.1999999999999993,QT450-10,176.39156285935522,,,,False
9,1,6,-8.64,-33.63461538461539,-1.5999999999999996,QT450-10,176.42260077663147,,,,False
9,1,7,-8.64,-33.63461538461539,0.0,QT450-10,176.43295116738753,,,,False
9,1,8,-8.64,-33.63461538461539,1.6000000000000014,QT450-10,176.42260077663147,,,,False
9,1,9,-8.64,-33.63461538461539,3.200000000000001,QT450-10,176.39156285935522,,,,False
9,1,10,-8.64,-33.63461538461539,4.800000000000001,QT450-10,176.33987497525737,,,,False
9,1,11,-8.64,-33.63461538461539,6.400000000000002,QT450-10,176.26759274323888,,,,False
9,1,12,-8.64,-33.63461538461539,8.0,QT450-10,176.1747806092486,,,,False
9,1,13,-8.64,-33.63461538461539,9.600000000000001,QT450-10,176.0615012204888,,,,False
9,1,14,-8.64,-33.63461538461539,11.200000000000003,QT450-10,175.92780544211078,,,,False
9,2,0,-8.64,-32.05769230769231,-11.2,QT450-10,176.67196523356168,,,,False
9,2,1,-8.64,-32.05769230769231,-9.6,QT450-10,176.80653174765635,,,,False
9,2,2,-8.64,-32.05769230769231,-8.0,QT450-10,176.92057257431654,,,,False
9,2,3,-8.64,-32.05769230769231,-6.3999999999999995,QT450-10,177.01402822230762,,,,False
9,2,4,-8.64,-32.05769230769231,-4.8,QT450-10,177.08682581065068,,,,False
9,2,5,-8.64,-32.05769230769231,-3.1999999999999993,QT450-10,177.1388907178037,,,,False
9,2,6,-8.64,-32.05769230769231,-1.5999999999999996,QT450-10,177.17015870996124,,,,False
9,2,7,-8.64,-32.05769230769231,0.0,QT450-10,177.18058646710847,,,,False
9,2,8,-8.64,-32.05769230769231,1.6000000000000014,QT450-10,177.17015870996124,,,,False
9,2,9,-8.64,-32.05769230769231,3.200000000000001,QT450-10,177.1388907178037,,,,False
9,2,10,-8.64,-32.05769230769231,4.800000000000001,QT450-10,177.08682581065068,,,,False
9,2,11,-8.64,-32.05769230769231,6.400000000000002,QT450-10,177.01402822230762,,,,False
9,2,12,-8.64,-32.05769230769231,8.0,QT450-10,176.92057257431654,,,,False
9,2,13,-8.64,-32.05769230769231,9.600000000000001,QT450-10,176.80653174765635,,,,False
9,2,14,-8.64,-32.05769230769231,11.200000000000003,QT450-10,176.67196523356168,,,,False
9,3,0,-8.64,-30.48076923076923,-11.2,QT450-10,177.70671349774275,,,,False
9,3,1,-8.64,-30.48076923076923,-9.6,QT450-10,177.84250039959696,,,,False
9,3,2,-8.64,-30.48076923076923,-8.0,QT450-10,177.9576115456339,,,,False
9,3,3,-8.64,-30.48076923076923,-6.3999999999999995,QT450-10,178.05197436970664,,,,False
9,3,4,-8.64,-30.48076923076923,-4.8,QT450-10,178.12550043169705,,,,False
9,3,5,-8.64,-30.48076923076923,-3.1999999999999993,QT450-10,178.1780994669589,,,,False
9,3,6,-8.64,-30.48076923076923,-1.5999999999999996,QT450-10,178.20969392173538,,,,False
9,3,7,-8.64,-30.48076923076923,0.0,QT450-10,178.22023154675878,,,,False
9,3,8,-8.64,-30.48076923076923,1.6000000000000014,QT450-10,178.20969392173538,,,,False
9,3,9,-8.64,-30.48076923076923,3.200000000000001,QT450-10,178.1780994669589,,,,False
9,3,10,-8.64,-30.48076923076923,4.800000000000001,QT450-10,178.12550043169705,,,,False
9,3,11,-8.64,-30.48076923076923,6.400000000000002,QT450-10,178.05197436970664,,,,False
9,3,12,-8.64,-30.48076923076923,8.0,QT450-10,177.9576115456339,,,,False
9,3,13,-8.64,-30.48076923076923,9.600000000000001,QT450-10,177.84250039959696,,,,False
9,3,14,-8.64,-30.48076923076923,11.200000000000003,QT450-10,177.70671349774275,,,,False
9,4,0,-8.64,-28.903846153846153,-11.2,QT450-10,179.0245481509523,,,,False
9,4,1,-8.64,-28.903846153846153,-9.6,QT450-10,179.1619016431742,,,,False
9,4,2,-8.64,-28.903846153846153,-8.0,QT450-10,179.2783909935228,,,,False
9,4,3,-8.64,-28.903846153846153,-6.3999999999999995,QT450-10,179.37392537101016,,,,False
9,4,4,-8.64,-28.903846153846153,-4.8,QT450-10,179.44839465405704,,,,False
9,4,5,-8.64,-28.903846153846153,-3.1999999999999993,QT450-10,179.5016867278237,,,,False
9,4,6,-8.64,-28.903846153846153,-1.5999999999999996,QT450-10,179.5337053946776,,,,False
9,4,7,-8.64,-28.903846153846153,0.0,QT450-10,179.54438589180432,,,,False
9,4,8,-8.64,-28.903846153846153,1.6000000000000014,QT450-10,179.5337053946776,,,,False
9,4,9,-8.64,-28.903846153846153,3.200000000000001,QT450-10,179.5016867278237,,,,False
9,4,10,-8.64,-28.903846153846153,4.800000000000001,QT450-10,179.44839465405704,,,,False
9,4,11,-8.64,-28.903846153846153,6.400000000000002,QT450-10,179.37392537101016,,,,False
9,4,12,-8.64,-28.903846153846153,8.0,QT450-10,179.2783909935228,,,,False
9,4,13,-8.64,-28.903846153846153,9.600000000000001,QT450-10,179.1619016431742,,,,False
9,4,14,-8.64,-28.903846153846153,11.200000000000003,QT450-10,179.0245481509523,,,,False
9,5,0,-8.64,-27.326923076923077,-11.2,QT450-10,180.61509545775812,,,,False
9,5,1,-8.64,-27.326923076923077,-9.6,QT450-10,180.75435698190043,,,,False
9,5,2,-8.64,-27.326923076923077,-8.0,QT450-10,180.87253066342308,,,,False
9,5,3,-8.64,-27.326923076923077,-6.3999999999999995,QT450-10,180.96950151437633,,,,False
9,5,4,-8.64,-27.326923076923077,-4.8,QT450-10,181.0451306484894,,,,False
9,5,5,-8.64,-27.326923076923077,-3.1999999999999993,QT450-10,181.09927690097956,,,,False
9,5,6,-8.64,-27.326923076923077,-1.5999999999999996,QT450-10,181.13181925289194,,,,False
9,5,7,-8.64,-27.326923076923077,0.0,QT450-10,181.14267626845162,,,,False
9,5,8,-8.64,-27.326923076923077,1.6000000000000014,QT450-10,181.13181925289194,,,,False
9,5,9,-8.64,-27.326923076923077,3.200000000000001,QT450-10,181.09927690097956,,,,False
9,5,10,-8.64,-27.326923076923077,4.800000000000001,QT450-10,181.0451306484894,,,,False
9,5,11,-8.64,-27.326923076923077,6.400000000000002,QT450-10,180.96950151437633,,,,False
9,5,12,-8.64,-27.326923076923077,8.0,QT450-10,180.87253066342308,,,,False
9,5,13,-8.64,-27.326923076923077,9.600000000000001,QT450-10,180.75435698190043,,,,False
9,5,14,-8.64,-27.326923076923077,11.200000000000003,QT450-10,180.61509545775812,,,,False
9,6,0,-8.64,-25.75,-11.2,QT450-10,182.46493748427645,,,,False
9,6,1,-8.64,-25.75,-9.6,QT450-10,182.60644182245312,,,,False
9,6,2,-8.64,-25.75,-8.0,QT450-10,182.72660324176576,,,,False
9,6,3,-8.64,-25.75,-6.3999999999999995,QT450-10,182.82527579757837,,,,False
9,6,4,-8.64,-25.75,-4.8,QT450-10,182.9022835399626,,,,False
9,6,5,-8.64,-25.75,-3.1999999999999993,QT450-10,182.9574477779959,,,,False
9,6,6,-8.64,-25.75,-1.5999999999999996,QT450-10,182.99061538825543,,,,False
9,6,7,-8.64,-25.75,0.0,QT450-10,183.0016833563758,,,,False
9,6,8,-8.64,-25.75,1.6000000000000014,QT450-10,182.99061538825543,,,,False
9,6,9,-8.64,-25.75,3.200000000000001,QT450-10,182.9574477779959,,,,False
9,6,10,-8.64,-25.75,4.800000000000001,QT450-10,182.9022835399626,,,,False
9,6,11,-8.64,-25.75,6.400000000000002,QT450-10,182.82527579757837,,,,False
9,6,12,-8.64,-25.75,8.0,QT450-10,182.72660324176576,,,,False
9,6,13,-8.64,-25.75,9.600000000000001,QT450-10,182.60644182245312,,,,False
9,6,14,-8.64,-25.75,11.200000000000003,QT450-10,182.46493748427645,,,,False
9,7,0,-8.64,-24.173076923076923,-11.2,QT450-10,184.55742393384145,,,,False
9,7,1,-8.64,-24.173076923076923,-9.6,QT450-10,184.70149688099787,,,,False
9,7,2,-8.64,-24.173076923076923,-8.0,QT450-10,184.8239455599987,,,,False
9,7,3,-8.64,-24.173076923076923,-6.3999999999999995,QT450-10,184.92458508585597,,,,False
9,7,4,-8.64,-24.173076923076923,-4.8,QT450-10,185.00319259843343,,,,False
9,7,5,-8.64,-24.173076923076923,-3.1999999999999993,QT450-10,185.05954178989862,,,,False
9,7,6,-8.64,-24.173076923076923,-1.5999999999999996,QT450-10,185.09343875639095,,,,False
9,7,7,-8.64,-24.173076923076923,0.0,QT450-10,185.10475306259255,,,,False
9,7,8,-8.64,-24.173076923076923,1.6000000000000014,QT450-10,185.09343875639095,,,,False
9,7,9,-8.64,-24.173076923076923,3.200000000000001,QT450-10,185.05954178989862,,,,False
9,7,10,-8.64,-24.173076923076923,4.800000000000001,QT450-10,185.00319259843343,,,,False
9,7,11,-8.64,-24.173076923076923,6.400000000000002,QT450-10,184.92458508585597,,,,False
9,7,12,-8.64,-24.173076923076923,8.0,QT450-10,184.8239455599987,,,,False
9,7,13,-8.64,-24.173076923076923,9.600000000000001,QT450-10,184.70149688099787,,,,False
9,7,14,-8.64,-24.173076923076923,11.200000000000003,QT450-10,184.55742393384145,,,,False
9,8,0,-8.64,-22.596153846153847,-11.2,QT450-10,186.8724858747715,,,,False
9,8,1,-8.64,-22.596153846153847,-9.6,QT450-10,187.01944154926414,,,,False
9,8,2,-8.64,-22.596153846153847,-8.0,QT450-10,187.14447184632618,,,,False
9,8,3,-8.64,-22.596153846153847,-6.3999999999999995,QT450-10,187.2473434233086,,,,False
9,8,4,-8.64,-22.596153846153847,-4.8,QT450-10,187.32777469203114,,,,False
9,8,5,-8.64,-22.596153846153847,-3.1999999999999993,QT450-10,187.385479608852,,,,False
9,8,6,-8.64,-22.596153846153847,-1.5999999999999996,QT450-10,187.42021308436674,,,,False
9,8,7,-8.64,-22.596153846153847,0.0,QT450-10,187.43181026706128,,,,False
9,8,8,-8.64,-22.596153846153847,1.6000000000000014,QT450-10,187.42021308436674,,,,False
9,8,9,-8.64,-22.596153846153847,3.200000000000001,QT450-10,187.385479608852,,,,False
9,8,10,-8.64,-22.596153846153847,4.800000000000001,QT450-10,187.32777469203114,,,,False
9,8,11,-8.64,-22.596153846153847,6.400000000000002,QT450-10,187.2473434233086,,,,False
9,8,12,-8.64,-22.596153846153847,8.0,QT450-10,187.14447184632618,,,,False
9,8,13,-8.64,-22.596153846153847,9.600000000000001,QT450-10,187.01944154926414,,,,False
9,8,14,-8.64,-22.596153846153847,11.200000000000003,QT450-10,186.8724858747715,,,,False
9,9,0,-8.64,-21.01923076923077,-11.2,QT450-10,189.3864715894877,,,,False
9,9,1,-8.64,-21.01923076923077,-9.6,QT450-10,189.5366094848247,,,,False
9,9,2,-8.64,-21.01923076923077,-8.0,QT450-10,189.66450939570754,,,,False
9,9,3,-8.64,-21.01923076923077,-6.3999999999999995,QT450-10,189.76987799077594,,,,False
9,9,4,-8.64,-21.01923076923077,-4.8,QT450-10,189.85236059816268,,,,False
9,9,5,-8.64,-21.01923076923077,-3.1999999999999993,QT450-10,189.91159676942735,,,,False
9,9,6,-8.64,-21.01923076923077,-1.5999999999999996,QT450-10,189.9472776961944,,,,False
9,9,7,-8.64,-21.01923076923077,0.0,QT450-10,189.95919571865875,,,,False
9,9,8,-8.64,-21.01923076923077,1.6000000000000014,QT450-10,189.9472776961944,,,,False
9,9,9,-8.64,-21.01923076923077,3.200000000000001,QT450-10,189.91159676942735,,,,False
9,9,10,-8.64,-21.01923076923077,4.800000000000001,QT450-10,189.85236059816268,,,,False
9,9,11,-8.64,-21.01923076923077,6.400000000000002,QT450-10,189.76987799077594,,,,False
9,9,12,-8.64,-21.01923076923077,8.0,QT450-10,189.66450939570754,,,,False
9,9,13,-8.64,-21.01923076923077,9.600000000000001,QT450-10,189.5366094848247,,,,False
9,9,14,-8.64,-21.01923076923077,11.200000000000003,QT450-10,189.3864715894877,,,,False
9,10,0,-8.64,-19.442307692307693,-11.2,QT450-10,192.07202685163105,,,,False
9,10,1,-8.64,-19.442307692307693,-9.6,QT450-10,192.22562884021795,,,,False
9,10,2,-8.64,-19.442307692307693,-8.0,QT450-10,192.3566792583384,,,,False
9,10,3,-8.64,-19.442307692307693,-6.3999999999999995,QT450-10,192.46481050682127,,,,False
9,10,4,-8.64,-19.442307692307693,-4.8,QT450-10,192.54957712653135,,,,False
9,10,5,-8.64,-19.442307692307693,-3.1999999999999993,QT450-10,192.6105263662208,,,,False
9,10,6,-8.64,-19.442307692307693,-1.5999999999999996,QT450-10,192.64727056690506,,,,False
9,10,7,-8.64,-19.442307692307693,0.0,QT450-10,192.65954920864462,,,,False
9,10,8,-8.64,-19.442307692307693,1.6000000000000014,QT450-10,192.64727056690506,,,,False
9,10,9,-8.64,-19.442307692307693,3.200000000000001,QT450-10,192.6105263662208,,,,False
9,10,10,-8.64,-19.442307692307693,4.800000000000001,QT450-10,192.54957712653135,,,,False
9,10,11,-8.64,-19.442307692307693,6.400000000000002,QT450-10,192.46481050682127,,,,False
9,10,12,-8.64,-19.442307692307693,8.0,QT450-10,192.3566792583384,,,,False
9,10,13,-8.64,-19.442307692307693,9.600000000000001,QT450-10,192.22562884021795,,,,False
9,10,14,-8.64,-19.442307692307693,11.200000000000003,QT450-10,192.07202685163105,,,,False
9,11,0,-8.64,-17.865384615384617,-11.2,QT450-10,194.8980430344706,,,,False
9,11,1,-8.64,-17.865384615384617,-9.6,QT450-10,195.05537074469078,,,,False
9,11,2,-8.64,-17.865384615384617,-8.0,QT450-10,195.18984591875054,,,,False
9,11,3,-8.64,-17.865384615384617,-6.3999999999999995,QT450-10,195.30100838664652,,,,False
9,11,4,-8.64,-17.865384615384617,-4.8,QT450-10,195.38829961627496,,,,False
9,11,5,-8.64,-17.865384615384617,-3.1999999999999993,QT450-10,195.45115253426584,,,,False
9,11,6,-8.64,-17.865384615384617,-1.5999999999999996,QT450-10,195.48908237877052,,,,False
9,11,7,-8.64,-17.865384615384617,0.0,QT450-10,195.50176381368348,,,,False
9,11,8,-8.64,-17.865384615384617,1.6000000000000014,QT450-10,195.48908237877052,,,,False
9,11,9,-8.64,-17.865384615384617,3.200000000000001,QT450-10,195.45115253426584,,,,False
9,11,10,-8.64,-17.865384615384617,4.800000000000001,QT450-10,195.38829961627496,,,,False
9,11,11,-8.64,-17.865384615384617,6.400000000000002,QT450-10,195.30100838664652,,,,False
9,11,12,-8.64,-17.865384615384617,8.0,QT450-10,195.18984591875054,,,,False
9,11,13,-8.64,-17.865384615384617,9.600000000000001,QT450-10,195.05537074469078,,,,False
9,11,14,-8.64,-17.865384615384617,11.200000000000003,QT450-10,194.8980430344706,,,,False
9,12,0,-8.64,-16.28846153846154,-11.2,QT450-10,197.82969616120076,,,,False
9,12,1,-8.64,-16.28846153846154,-9.6,QT450-10,197.99098963770405,,,,False
9,12,2,-8.64,-16.28846153846154,-8.0,QT450-10,198.12916034318076,,,,False
9,12,3,-8.64,-16.28846153846154,-6.3999999999999995,QT450-10,198.2436306725563,,,,False
9,12,4,-8.64,-16.28846153846154,-4.8,QT450-10,198.3337002220796,,,,False
9,12,5,-8.64,-16.28846153846154,-3.1999999999999993,QT450-10,198.39866032887184,,,,False
9,12,6,-8.64,-16.28846153846154,-1.5999999999999996,QT450-10,198.43790727406653,,,,False
9,12,7,-8.64,-16.28846153846154,0.0,QT450-10,198.45103692066752,,,,False
9,12,8,-8.64,-16.28846153846154,1.6000000000000014,QT450-10,198.43790727406653,,,,False
9,12,9,-8.64,-16.28846153846154,3.200000000000001,QT450-10,198.39866032887184,,,,False
9,12,10,-8.64,-16.28846153846154,4.800000000000001,QT450-10,198.3337002220796,,,,False
9,12,11,-8.64,-16.28846153846154,6.400000000000002,QT450-10,198.2436306725563,,,,False
9,12,12,-8.64,-16.28846153846154,8.0,QT450-10,198.12916034318076,,,,False
9,12,13,-8.64,-16.28846153846154,9.600000000000001,QT450-10,197.99098963770405,,,,False
9,12,14,-8.64,-16.28846153846154,11.200000000000003,QT450-10,197.82969616120076,,,,False
9,13,0,-8.64,-14.711538461538463,-11.2,QT450-10,200.82875498096604,,,,False
9,13,1,-8.64,-14.711538461538463,-9.6,QT450-10,200.99426569082556,,,,False
9,13,2,-8.64,-14.711538461538463,-8.0,QT450-10,201.13643476819462,,,,False
9,13,3,-8.64,-14.711538461538463,-6.3999999999999995,QT450-10,201.254530248817,,,,False
9,13,4,-8.64,-14.711538461538463,-4.8,QT450-10,201.34767153582638,,,,False
9,13,5,-8.64,-14.711538461538463,-3.1999999999999993,QT450-10,201.4149744291032,,,,False
9,13,6,-8.64,-14.711538461538463,-1.5999999999999996,QT450-10,201.45569044868455,,,,False
9,13,7,-8.64,-14.711538461538463,0.0,QT450-10,201.46932074975567,,,,False
9,13,8,-8.64,-14.711538461538463,1.6000000000000014,QT450-10,201.45569044868455,,,,False
9,13,9,-8.64,-14.711538461538463,3.200000000000001,QT450-10,201.4149744291032,,,,False
9,13,10,-8.64,-14.711538461538463,4.800000000000001,QT450-10,201.34767153582638,,,,False
9,13,11,-8.64,-14.711538461538463,6.400000000000002,QT450-10,201.254530248817,,,,False
9,13,12,-8.64,-14.711538461538463,8.0,QT450-10,201.13643476819462,,,,False
9,13,13,-8.64,-14.711538461538463,9.600000000000001,QT450-10,200.99426569082556,,,,False
9,13,14,-8.64,-14.711538461538463,11.200000000000003,QT450-10,200.82875498096604,,,,False
9,14,0,-8.64,-13.134615384615387,-11.2,QT450-10,204.44784554868284,,,,False
9,14,1,-8.64,-13.134615384615387,-9.6,QT450-10,204.631502447273,,,,False
9,14,2,-8.64,-13.134615384615387,-8.0,QT450-10,204.80342231725663,,,,False
9,14,3,-8.64,-13.134615384615387,-6.3999999999999995,QT450-10,204.96027903108688,,,,False
9,14,4,-8.64,-13.134615384615387,-4.8,QT450-10,205.0966654673627,,,,False
9,14,5,-8.64,-13.134615384615387,-3.1999999999999993,QT450-10,205.20485470647506,,,,False
9,14,6,-8.64,-13.134615384615387,-1.5999999999999996,QT450-10,205.2754957547291,,,,False
9,14,7,-8.64,-13.134615384615387,0.0,QT450-10,205.30020405831746,,,,False
9,14,8,-8.64,-13.134615384615387,1.6000000000000014,QT450-10,205.2754957547291,,,,False
9,14,9,-8.64,-13.134615384615387,3.200000000000001,QT450-10,205.20485470647506,,,,False
9,14,10,-8.64,-13.134615384615387,4.800000000000001,QT450-10,205.0966654673627,,,,False
9,14,11,-8.64,-13.134615384615387,6.400000000000002,QT450-10,204.96027903108688,,,,False
9,14,12,-8.64,-13.134615384615387,8.0,QT450-10,204.80342231725663,,,,False
9,14,13,-8.64,-13.134615384615387,9.600000000000001,QT450-10,204.631502447273,,,,False
9,14,14,-8.64,-13.134615384615387,11.200000000000003,QT450-10,204.44784554868284,,,,False
9,15,0,-8.64,-11.55769230769231,-11.2,QT450-10,209.30600733896028,,,,False
9,15,1,-8.64,-11.55769230769231,-9.6,QT450-10,209.5415953185351,,,,False
9,15,2,-8.64,-11.55769230769231,-8.0,QT450-10,209.81028379664124,,,,False
9,15,3,-8.64,-11.55769230769231,-6.3999999999999995,QT450-10,210.10794461036056,,,,False
9,15,4,-8.64,-11.55769230769231,-4.8,QT450-10,210.42346924343565,,,,False
9,15,5,-8.64,-11.55769230769231,-3.1999999999999993,QT450-10,210.72943341710908,,,,False
9,15,6,-8.64,-11.55769230769231,-1.5999999999999996,QT450-10,210.96881021501986,,,,False
9,15,7,-8.64,-11.55769230769231,0.0,QT450-10,211.0627690074558,,,,False
9,15,8,-8.64,-11.55769230769231,1.6000000000000014,QT450-10,210.96881021501986,,,,False
9,15,9,-8.64,-11.55769230769231,3.200000000000001,QT450-10,210.72943341710908,,,,False
9,15,10,-8.64,-11.55769230769231,4.800000000000001,QT450-10,210.42346924343565,,,,False
9,15,11,-8.64,-11.55769230769231,6.400000000000002,QT450-10,210.10794461036056,,,,False
9,15,12,-8.64,-11.55769230769231,8.0,QT450-10,209.81028379664124,,,,False
9,15,13,-8.64,-11.55769230769231,9.600000000000001,QT450-10,209.5415953185351,,,,False
9,15,14,-8.64,-11.55769230769231,11.200000000000003,QT450-10,209.30600733896028,,,,False
9,16,0,-8.64,-9.98076923076923,-11.2,QT450-10,215.16808949523772,,,,False
9,16,1,-8.64,-9.98076923076923,-9.6,QT450-10,215.5165505470502,,,,False
9,16,2,-8.64,-9.98076923076923,-8.0,QT450-10,216.01559913501015,,,,False
9,16,3,-8.64,-9.98076923076923,-6.3999999999999995,QT450-10,216.6917146816279,,,,False
9,16,4,-8.64,-9.98076923076923,-4.8,QT450-10,217.57920778749934,,,,False
9,16,5,-8.64,-9.98076923076923,-3.1999999999999993,QT450-10,218.66414693534395,,,,False
9,16,6,-8.64,-9.98076923076923,-1.5999999999999996,QT450-10,219.70323897271945,,,,False
9,16,7,-8.64,-9.98076923076923,0.0,QT450-10,220.14264512913644,,,,False
9,16,8,-8.64,-9.98076923076923,1.6000000000000014,QT450-10,219.70323897271945,,,,False
9,16,9,-8.64,-9.98076923076923,3.200000000000001,QT450-10,218.66414693534395,,,,False
9,16,10,-8.64,-9.98076923076923,4.800000000000001,QT450-10,217.57920778749934,,,,False
9,16,11,-8.64,-9.98076923076923,6.400000000000002,QT450-10,216.69171468162787,,,,False
9,16,12,-8.64,-9.98076923076923,8.0,QT450-10,216.01559913501015,,,,False
9,16,13,-8.64,-9.98076923076923,9.600000000000001,QT450-10,215.5165505470502,,,,False
9,16,14,-8.64,-9.98076923076923,11.200000000000003,QT450-10,215.16808949523772,,,,False
9,17,0,-8.64,-8.403846153846153,-11.2,QT450-10,221.89317779001473,,,,False
9,17,1,-8.64,-8.403846153846153,-9.6,QT450-10,222.45220474100975,,,,False
9,17,2,-8.64,-8.403846153846153,-8.0,QT450-10,223.4185035534639,,,,False
9,17,3,-8.64,-8.403846153846153,-6.3999999999999995,QT450-10,224.96398825183988,,,,False
9,17,4,-8.64,-8.403846153846153,-4.8,QT450-10,227.39814920601077,,,,False
9,17,5,-8.64,-8.403846153846153,-3.1999999999999993,QT450-10,230.76679955068852,,,,False
9,17,6,-8.64,-8.403846153846153,-1.5999999999999996,QT450-10,233.87899689931808,,,,False
9,17,7,-8.64,-8.403846153846153,0.0,QT450-10,235.26048364299115,,,,False
9,17,8,-8.64,-8.403846153846153,1.6000000000000014,QT450-10,233.87899689931808,,,,False
9,17,9,-8.64,-8.403846153846153,3.200000000000001,QT450-10,230.7667995506885,,,,False
9,17,10,-8.64,-8.403846153846153,4.800000000000001,QT450-10,227.39814920601074,,,,False
9,17,11,-8.64,-8.403846153846153,6.400000000000002,QT450-10,224.96398825183988,,,,False
9,17,12,-8.64,-8.403846153846153,8.0,QT450-10,223.4185035534639,,,,False
9,17,13,-8.64,-8.403846153846153,9.600000000000001,QT450-10,222.45220474100975,,,,False
9,17,14,-8.64,-8.403846153846153,11.200000000000003,QT450-10,221.8931777900147,,,,False
9,18,0,-8.64,-6.826923076923077,-11.2,QT450-10,229.28874727494642,,,,False
9,18,1,-8.64,-6.826923076923077,-9.6,QT450-10,230.19413971735497,,,,False
9,18,2,-8.64,-6.826923076923077,-8.0,QT450-10,231.9886824442141,,,,False
9,18,3,-8.64,-6.826923076923077,-6.3999999999999995,QT450-10,235.27370964449653,,,,False
9,18,4,-8.64,-6.826923076923077,-4.8,QT450-10,240.99546674860312,,,,False
9,18,5,-8.64,-6.826923076923077,-3.1999999999999993,QT450-10,249.1412362592374,,,,False
9,18,6,-8.64,-6.826923076923077,-1.5999999999999996,QT450-10,256.42989530454025,,,,False
9,18,7,-8.64,-6.826923076923077,0.0,QT450-10,259.6889002236819,,,,False
9,18,8,-8.64,-6.826923076923077,1.6000000000000014,QT450-10,256.42989530454025,,,,False
9,18,9,-8.64,-6.826923076923077,3.200000000000001,QT450-10,249.1412362592374,,,,False
9,18,10,-8.64,-6.826923076923077,4.800000000000001,QT450-10,240.99546674860312,,,,False
9,18,11,-8.64,-6.826923076923077,6.400000000000002,QT450-10,235.27370964449653,,,,False
9,18,12,-8.64,-6.826923076923077,8.0,QT450-10,231.9886824442141,,,,False
9,18,13,-8.64,-6.826923076923077,9.600000000000001,QT450-10,230.19413971735494,,,,False
9,18,14,-8.64,-6.826923076923077,11.200000000000003,QT450-10,229.2887472749464,,,,False
9,19,0,-8.64,-5.25,-11.2,QT450-10,237.04264725345286,,,,False
9,19,1,-8.64,-5.25,-9.6,QT450-10,238.45120902423233,,,,False
9,19,2,-8.64,-5.25,-8.0,QT450-10,241.5331978542184,,,,False
9,19,3,-8.64,-5.25,-6.3999999999999995,QT450-10,247.81431659124223,,,,False
9,19,4,-8.64,-5.25,-4.8,QT450-10,259.5163164939032,,,,False
9,19,5,-8.64,-5.25,-3.1999999999999993,QT450-10,276.0843788838026,,,,False
9,19,6,-8.64,-5.25,-1.5999999999999996,QT450-10,293.7444456426445,,,,False
9,19,7,-8.64,-5.25,0.0,QT450-10,301.9202483355204,,,,False
9,19,8,-8.64,-5.25,1.6000000000000014,QT450-10,293.7444456426445,,,,False
9,19,9,-8.64,-5.25,3.200000000000001,QT450-10,276.0843788838026,,,,False
9,19,10,-8.64,-5.25,4.800000000000001,QT450-10,259.5163164939032,,,,False
9,19,11,-8.64,-5.25,6.400000000000002,QT450-10,247.8143165912422,,,,False
9,19,12,-8.64,-5.25,8.0,QT450-10,241.53319785421837,,,,False
9,19,13,-8.64,-5.25,9.600000000000001,QT450-10,238.45120902423233,,,,False
9,19,14,-8.64,-5.25,11.200000000000003,QT450-10,237.04264725345286,,,,False
9,20,0,-8.64,-3.673076923076927,-11.2,QT450-10,244.71711616263815,,,,False
9,20,1,-8.64,-3.673076923076927,-9.6,QT450-10,246.7524803032794,,,,False
9,20,2,-8.64,-3.673076923076927,-8.0,QT450-10,251.55654245482162,,,,False
9,20,3,-8.64,-3.673076923076927,-6.3999999999999995,QT450-10,262.16307278956623,,,,False
9,20,4,-8.64,-3.673076923076927,-4.8,QT450-10,282.48841425255586,,,,False
9,20,5,-8.64,-3.673076923076927,-3.1999999999999993,QT450-10,315.28804714644764,,,,False
9,20,6,-8.64,-3.673076923076927,-1.5999999999999996,QT450-10,352.0387614240912,,,,False
9,20,7,-8.64,-3.673076923076927,0.0,QT450-10,373.43582743349083,,,,False
9,20,8,-8.64,-3.673076923076927,1.6000000000000014,QT450-10,352.0387614240912,,,,False
9,20,9,-8.64,-3.673076923076927,3.200000000000001,QT450-10,315.2880471464476,,,,False
9,20,10,-8.64,-3.673076923076927,4.800000000000001,QT450-10,282.48841425255586,,,,False
9,20,11,-8.64,-3.673076923076927,6.400000000000002,QT450-10,262.16307278956623,,,,False
9,20,12,-8.64,-3.673076923076927,8.0,QT450-10,251.5565424548216,,,,False
9,20,13,-8.64,-3.673076923076927,9.600000000000001,QT450-10,246.7524803032794,,,,False
9,20,14,-8.64,-3.673076923076927,11.200000000000003,QT450-10,244.71711616263812,,,,False
9,21,0,-8.64,-2.0961538461538467,-11.2,ERNiFe-CI,253.61431987396858,,,,False
9,21,1,-8.64,-2.0961538461538467,-9.6,ERNiFe-CI,256.4954579885251,,,,False
9,21,2,-8.64,-2.0961538461538467,-8.0,ERNiFe-CI,263.59588400672686,,,,False
9,21,3,-8.64,-2.0961538461538467,-6.3999999999999995,ERNiFe-CI,280.1673778540844,,,,False
9,21,4,-8.64,-2.0961538461538467,-4.8,ERNiFe-CI,315.4310426313517,,,,False
9,21,5,-8.64,-2.0961538461538467,-3.1999999999999993,ERNiFe-CI,375.7680814604337,,,,False
9,21,6,-8.64,-2.0961538461538467,-1.5999999999999996,ERNiFe-CI,482.1292830899659,,,,False
9,21,7,-8.64,-2.0961538461538467,0.0,ERNiFe-CI,573.7520346193719,,,,False
9,21,8,-8.64,-2.0961538461538467,1.6000000000000014,ERNiFe-CI,482.1292830899657,,,,False
9,21,9,-8.64,-2.0961538461538467,3.200000000000001,ERNiFe-CI,375.7680814604336,,,,False
9,21,10,-8.64,-2.0961538461538467,4.800000000000001,ERNiFe-CI,315.43104263135166,,,,False
9,21,11,-8.64,-2.0961538461538467,6.400000000000002,ERNiFe-CI,280.1673778540844,,,,False
9,21,12,-8.64,-2.0961538461538467,8.0,ERNiFe-CI,263.59588400672686,,,,False
9,21,13,-8.64,-2.0961538461538467,9.600000000000001,ERNiFe-CI,256.49545798852506,,,,False
9,21,14,-8.64,-2.0961538461538467,11.200000000000003,ERNiFe-CI,253.61431987396855,,,,False
9,22,0,-8.64,-0.5192307692307736,-11.2,ERNiFe-CI,263.3129089649596,,,,False
9,22,1,-8.64,-0.5192307692307736,-9.6,ERNiFe-CI,267.0753646337825,,,,False
9,22,2,-8.64,-0.5192307692307736,-8.0,ERNiFe-CI,276.41406488053696,,,,False
9,22,3,-8.64,-0.5192307692307736,-6.3999999999999995,ERNiFe-CI,298.2643319616775,,,,False
9,22,4,-8.64,-0.5192307692307736,-4.8,ERNiFe-CI,347.33658564116195,,,,False
9,22,5,-8.64,-0.5192307692307736,-3.1999999999999993,ERNiFe-CI,444.7378190762397,,,,False
9,22,6,-8.64,-0.5192307692307736,-1.5999999999999996,ERNiFe-CI,674.4001546975368,,,,False
9,22,7,-8.64,-0.5192307692307736,0.0,ERNiFe-CI,917.883060577496,9.097593733105198,12.05831241268941,2.960718679584213,True
9,22,8,-8.64,-0.5192307692307736,1.6000000000000014,ERNiFe-CI,674.4001546975367,,,,False
9,22,9,-8.64,-0.5192307692307736,3.200000000000001,ERNiFe-CI,444.7378190762396,,,,False
9,22,10,-8.64,-0.5192307692307736,4.800000000000001,ERNiFe-CI,347.3365856411619,,,,False
9,22,11,-8.64,-0.5192307692307736,6.400000000000002,ERNiFe-CI,298.26433196167744,,,,False
9,22,12,-8.64,-0.5192307692307736,8.0,ERNiFe-CI,276.41406488053696,,,,False
9,22,13,-8.64,-0.5192307692307736,9.600000000000001,ERNiFe-CI,267.0753646337825,,,,False
9,22,14,-8.64,-0.5192307692307736,11.200000000000003,ERNiFe-CI,263.31290896495955,,,,False
9,23,0,-8.64,1.0576923076923066,-11.2,ERNiFe-CI,271.3571011803729,,,,False
9,23,1,-8.64,1.0576923076923066,-9.6,ERNiFe-CI,275.68894143971755,,,,False
9,23,2,-8.64,1.0576923076923066,-8.0,ERNiFe-CI,286.15303413468973,,,,False
9,23,3,-8.64,1.0576923076923066,-6.3999999999999995,ERNiFe-CI,309.10774632572367,,,,False
9,23,4,-8.64,1.0576923076923066,-4.8,ERNiFe-CI,357.2374828284409,,,,False
9,23,5,-8.64,1.0576923076923066,-3.1999999999999993,ERNiFe-CI,444.33235601291074,,,,False
9,23,6,-8.64,1.0576923076923066,-1.5999999999999996,ERNiFe-CI,638.2610833974575,,,,False
9,23,7,-8.64,1.0576923076923066,0.0,ERNiFe-CI,831.0682328603056,8.280856894588627,12.048913631082359,3.7680567364937314,True
9,23,8,-8.64,1.0576923076923066,1.6000000000000014,ERNiFe-CI,638.261083397457,,,,False
9,23,9,-8.64,1.0576923076923066,3.200000000000001,ERNiFe-CI,444.3323560129105,,,,False
9,23,10,-8.64,1.0576923076923066,4.800000000000001,ERNiFe-CI,357.2374828284408,,,,False
9,23,11,-8.64,1.0576923076923066,6.400000000000002,ERNiFe-CI,309.10774632572367,,,,False
9,23,12,-8.64,1.0576923076923066,8.0,ERNiFe-CI,286.1530341346897,,,,False
9,23,13,-8.64,1.0576923076923066,9.600000000000001,ERNiFe-CI,275.68894143971755,,,,False
9,23,14,-8.64,1.0576923076923066,11.200000000000003,ERNiFe-CI,271.3571011803729,,,,False
9,24,0,-8.64,2.634615384615387,-11.2,ERNiFe-CI,277.36112078411986,,,,False
9,24,1,-8.64,2.634615384615387,-9.6,ERNiFe-CI,281.92721922188286,,,,False
9,24,2,-8.64,2.634615384615387,-8.0,ERNiFe-CI,292.48953327132307,,,,False
9,24,3,-8.64,2.634615384615387,-6.3999999999999995,ERNiFe-CI,313.55278711068604,,,,False
9,24,4,-8.64,2.634615384615387,-4.8,ERNiFe-CI,350.7832662760642,,,,False
9,24,5,-8.64,2.634615384615387,-3.1999999999999993,ERNiFe-CI,408.7278573110152,,,,False
9,24,6,-8.64,2.634615384615387,-1.5999999999999996,ERNiFe-CI,483.2981478337393,,,,False
9,24,7,-8.64,2.634615384615387,0.0,ERNiFe-CI,546.4268466958067,,,,False
9,24,8,-8.64,2.634615384615387,1.6000000000000014,ERNiFe-CI,483.29814783373916,,,,False
9,24,9,-8.64,2.634615384615387,3.200000000000001,ERNiFe-CI,408.7278573110151,,,,False
9,24,10,-8.64,2.634615384615387,4.800000000000001,ERNiFe-CI,350.7832662760641,,,,False
9,24,11,-8.64,2.634615384615387,6.400000000000002,ERNiFe-CI,313.552787110686,,,,False
9,24,12,-8.64,2.634615384615387,8.0,ERNiFe-CI,292.489533271323,,,,False
9,24,13,-8.64,2.634615384615387,9.600000000000001,ERNiFe-CI,281.92721922188286,,,,False
9,24,14,-8.64,2.634615384615387,11.200000000000003,ERNiFe-CI,277.36112078411986,,,,False
9,25,0,-8.64,4.21153846153846,-11.2,Q235B,280.31797554232975,,,,False
9,25,1,-8.64,4.21153846153846,-9.6,Q235B,284.8717792027954,,,,False
9,25,2,-8.64,4.21153846153846,-8.0,Q235B,295.20566418027437,,,,False
9,25,3,-8.64,4.21153846153846,-6.3999999999999995,Q235B,314.6198881545305,,,,False
9,25,4,-8.64,4.21153846153846,-4.8,Q235B,344.8619358135877,,,,False
9,25,5,-8.64,4.21153846153846,-3.1999999999999993,Q235B,386.5521300906175,,,,False
9,25,6,-8.64,4.21153846153846,-1.5999999999999996,Q235B,428.41546167581413,,,,False
9,25,7,-8.64,4.21153846153846,0.0,Q235B,449.0825856556121,,,,False
9,25,8,-8.64,4.21153846153846,1.6000000000000014,Q235B,428.4154616758141,,,,False
9,25,9,-8.64,4.21153846153846,3.200000000000001,Q235B,386.55213009061737,,,,False
9,25,10,-8.64,4.21153846153846,4.800000000000001,Q235B,344.86193581358765,,,,False
9,25,11,-8.64,4.21153846153846,6.400000000000002,Q235B,314.6198881545305,,,,False
9,25,12,-8.64,4.21153846153846,8.0,Q235B,295.20566418027437,,,,False
9,25,13,-8.64,4.21153846153846,9.600000000000001,Q235B,284.8717792027953,,,,False
9,25,14,-8.64,4.21153846153846,11.200000000000003,Q235B,280.31797554232975,,,,False
10,0,0,-5.760000000000002,-35.21153846153846,-11.2,QT450-10,175.9270679656901,,,,False
10,0,1,-5.760000000000002,-35.21153846153846,-9.6,QT450-10,176.06081105455658,,,,False
10,0,2,-5.760000000000002,-35.21153846153846,-8.0,QT450-10,176.17417213160084,,,,False
10,0,3,-5.760000000000002,-35.21153846153846,-6.3999999999999995,QT450-10,176.267088959462,,,,False
10,0,4,-5.760000000000002,-35.21153846153846,-4.8,QT450-10,176.33948135680896,,,,False
10,0,5,-5.760000000000002,-35.21153846153846,-3.1999999999999993,QT450-10,176.39126566812465,,,,False
10,0,6,-5.760000000000002,-35.21153846153846,-1.5999999999999996,QT450-10,176.4223692530353,,,,False
10,0,7,-5.760000000000002,-35.21153846153846,0.0,QT450-10,176.43274290991496,,,,False
10,0,8,-5.760000000000002,-35.21153846153846,1.6000000000000014,QT450-10,176.4223692530353,,,,False
10,0,9,-5.760000000000002,-35.21153846153846,3.200000000000001,QT450-10,176.39126566812465,,,,False
10,0,10,-5.760000000000002,-35.21153846153846,4.800000000000001,QT450-10,176.33948135680896,,,,False
10,0,11,-5.760000000000002,-35.21153846153846,6.400000000000002,QT450-10,176.267088959462,,,,False
10,0,12,-5.760000000000002,-35.21153846153846,8.0,QT450-10,176.17417213160084,,,,False
10,0,13,-5.760000000000002,-35.21153846153846,9.600000000000001,QT450-10,176.06081105455658,,,,False
10,0,14,-5.760000000000002,-35.21153846153846,11.200000000000003,QT450-10,175.9270679656901,,,,False
10,1,0,-5.760000000000002,-33.63461538461539,-11.2,QT450-10,176.40288239105453,,,,False
10,1,1,-5.760000000000002,-33.63461538461539,-9.6,QT450-10,176.53718062632117,,,,False
10,1,2,-5.760000000000002,-33.63461538461539,-8.0,QT450-10,176.65103137719098,,,,False
10,1,3,-5.760000000000002,-33.63461538461539,-6.3999999999999995,QT450-10,176.74436427309448,,,,False
10,1,4,-5.760000000000002,-33.63461538461539,-4.8,QT450-10,176.8170912618849,,,,False
10,1,5,-5.760000000000002,-33.63461538461539,-3.1999999999999993,QT450-10,176.86912114185333,,,,False
10,1,6,-5.760000000000002,-33.63461538461539,-1.5999999999999996,QT450-10,176.9003749170857,,,,False
10,1,7,-5.760000000000002,-33.63461538461539,0.0,QT450-10,176.9107991355811,,,,False
10,1,8,-5.760000000000002,-33.63461538461539,1.6000000000000014,QT450-10,176.9003749170857,,,,False
10,1,9,-5.760000000000002,-33.63461538461539,3.200000000000001,QT450-10,176.86912114185333,,,,False
10,1,10,-5.760000000000002,-33.63461538461539,4.800000000000001,QT450-10,176.8170912618849,,,,False
10,1,11,-5.760000000000002,-33.63461538461539,6.400000000000002,QT450-10,176.74436427309448,,,,False
10,1,12,-5.760000000000002,-33.63461538461539,8.0,QT450-10,176.65103137719098,,,,False
10,1,13,-5.760000000000002,-33.63461538461539,9.600000000000001,QT450-10,176.53718062632117,,,,False
10,1,14,-5.760000000000002,-33.63461538461539,11.200000000000003,QT450-10,176.40288239105453,,,,False
10,2,0,-5.760000000000002,-32.05769230769231,-11.2,QT450-10,177.20065322654838,,,,False
10,2,1,-5.760000000000002,-32.05769230769231,-9.6,QT450-10,177.33589686684508,,,,False
10,2,2,-5.760000000000002,-32.05769230769231,-8.0,QT450-10,177.45058373029914,,,,False
10,2,3,-5.760000000000002,-32.05769230769231,-6.3999999999999995,QT450-10,177.54463102633892,,,,False
10,2,4,-5.760000000000002,-32.05769230769231,-4.8,QT450-10,177.61793573377116,,,,False
10,2,5,-5.760000000000002,-32.05769230769231,-3.1999999999999993,QT450-10,177.67039158060288,,,,False
10,2,6,-5.760000000000002,-32.05769230769231,-1.5999999999999996,QT450-10,177.7019067193438,,,,False
10,2,7,-5.760000000000002,-32.05769230769231,0.0,QT450-10,177.7124190712739,,,,False
10,2,8,-5.760000000000002,-32.05769230769231,1.6000000000000014,QT450-10,177.7019067193438,,,,False
10,2,9,-5.760000000000002,-32.05769230769231,3.200000000000001,QT450-10,177.67039158060288,,,,False
10,2,10,-5.760000000000002,-32.05769230769231,4.800000000000001,QT450-10,177.61793573377116,,,,False
10,2,11,-5.760000000000002,-32.05769230769231,6.400000000000002,QT450-10,177.54463102633892,,,,False
10,2,12,-5.760000000000002,-32.05769230769231,8.0,QT450-10,177.45058373029914,,,,False
10,2,13,-5.760000000000002,-32.05769230769231,9.600000000000001,QT450-10,177.33589686684508,,,,False
10,2,14,-5.760000000000002,-32.05769230769231,11.200000000000003,QT450-10,177.20065322654838,,,,False
10,3,0,-5.760000000000002,-30.48076923076923,-11.2,QT450-10,178.3158649213293,,,,False
10,3,1,-5.760000000000002,-30.48076923076923,-9.6,QT450-10,178.4524423299254,,,,False
10,3,2,-5.760000000000002,-30.48076923076923,-8.0,QT450-10,178.56831349799043,,,,False
10,3,3,-5.760000000000002,-30.48076923076923,-6.3999999999999995,QT450-10,178.66337660998192,,,,False
10,3,4,-5.760000000000002,-30.48076923076923,-4.8,QT450-10,178.73750564959676,,,,False
10,3,5,-5.760000000000002,-30.48076923076923,-3.1999999999999993,QT450-10,178.79057101040993,,,,False
10,3,6,-5.760000000000002,-30.48076923076923,-1.5999999999999996,QT450-10,178.82246086547968,,,,False
10,3,7,-5.760000000000002,-30.48076923076923,0.0,QT450-10,178.83309970048694,,,,False
10,3,8,-5.760000000000002,-30.48076923076923,1.6000000000000014,QT450-10,178.82246086547968,,,,False
10,3,9,-5.760000000000002,-30.48076923076923,3.200000000000001,QT450-10,178.79057101040993,,,,False
10,3,10,-5.760000000000002,-30.48076923076923,4.800000000000001,QT450-10,178.73750564959676,,,,False
10,3,11,-5.760000000000002,-30.48076923076923,6.400000000000002,QT450-10,178.66337660998192,,,,False
10,3,12,-5.760000000000002,-30.48076923076923,8.0,QT450-10,178.56831349799043,,,,False
10,3,13,-5.760000000000002,-30.48076923076923,9.600000000000001,QT450-10,178.4524423299254,,,,False
10,3,14,-5.760000000000002,-30.48076923076923,11.200000000000003,QT450-10,178.3158649213293,,,,False
10,4,0,-5.760000000000002,-28.903846153846153,-11.2,QT450-10,179.741332229607,,,,False
10,4,1,-5.760000000000002,-28.903846153846153,-9.6,QT450-10,179.87963045409143,,,,False
10,4,2,-5.760000000000002,-28.903846153846153,-8.0,QT450-10,179.9970359535865,,,,False
10,4,3,-5.760000000000002,-28.903846153846153,-6.3999999999999995,QT450-10,180.09342020964647,,,,False
10,4,4,-5.760000000000002,-28.903846153846153,-4.8,QT450-10,180.168624965139,,,,False
10,4,5,-5.760000000000002,-28.903846153846153,-3.1999999999999993,QT450-10,180.22248783432605,,,,False
10,4,6,-5.760000000000002,-28.903846153846153,-1.5999999999999996,QT450-10,180.2548688801572,,,,False
10,4,7,-5.760000000000002,-28.903846153846153,0.0,QT450-10,180.26567366796996,,,,False
10,4,8,-5.760000000000002,-28.903846153846153,1.6000000000000014,QT450-10,180.2548688801572,,,,False
10,4,9,-5.760000000000002,-28.903846153846153,3.200000000000001,QT450-10,180.22248783432605,,,,False
10,4,10,-5.760000000000002,-28.903846153846153,4.800000000000001,QT450-10,180.168624965139,,,,False
10,4,11,-5.760000000000002,-28.903846153846153,6.400000000000002,QT450-10,180.09342020964647,,,,False
10,4,12,-5.760000000000002,-28.903846153846153,8.0,QT450-10,179.9970359535865,,,,False
10,4,13,-5.760000000000002,-28.903846153846153,9.600000000000001,QT450-10,179.87963045409143,,,,False
10,4,14,-5.760000000000002,-28.903846153846153,11.200000000000003,QT450-10,179.741332229607,,,,False
10,5,0,-5.760000000000002,-27.326923076923077,-11.2,QT450-10,181.4669986091098,,,,False
10,5,1,-5.760000000000002,-27.326923076923077,-9.6,QT450-10,181.60740265087477,,,,False
10,5,2,-5.760000000000002,-27.326923076923077,-8.0,QT450-10,181.72669442203983,,,,False
10,5,3,-5.760000000000002,-27.326923076923077,-6.3999999999999995,QT450-10,181.82470987763725,,,,False
10,5,4,-5.760000000000002,-27.326923076923077,-4.8,QT450-10,181.90124774664866,,,,False
10,5,5,-5.760000000000002,-27.326923076923077,-3.1999999999999993,QT450-10,181.95610183472974,,,,False
10,5,6,-5.760000000000002,-27.326923076923077,-1.5999999999999996,QT450-10,181.98909459548304,,,,False
10,5,7,-5.760000000000002,-27.326923076923077,0.0,QT450-10,182.0001062645389,,,,False
10,5,8,-5.760000000000002,-27.326923076923077,1.6000000000000014,QT450-10,181.98909459548304,,,,False
10,5,9,-5.760000000000002,-27.326923076923077,3.200000000000001,QT450-10,181.95610183472974,,,,False
10,5,10,-5.760000000000002,-27.326923076923077,4.800000000000001,QT450-10,181.90124774664866,,,,False
10,5,11,-5.760000000000002,-27.326923076923077,6.400000000000002,QT450-10,181.82470987763725,,,,False
10,5,12,-5.760000000000002,-27.326923076923077,8.0,QT450-10,181.72669442203983,,,,False
10,5,13,-5.760000000000002,-27.326923076923077,9.600000000000001,QT450-10,181.60740265087477,,,,False
10,5,14,-5.760000000000002,-27.326923076923077,11.200000000000003,QT450-10,181.4669986091098,,,,False
10,6,0,-5.760000000000002,-25.75,-11.2,QT450-10,183.47968700366962,,,,False
10,6,1,-5.760000000000002,-25.75,-9.6,QT450-10,183.62257839918956,,,,False
10,6,2,-5.760000000000002,-25.75,-8.0,QT450-10,183.7441100882941,,,,False
10,6,3,-5.760000000000002,-25.75,-6.3999999999999995,QT450-10,183.84407221302703,,,,False
10,6,4,-5.760000000000002,-25.75,-4.8,QT450-10,183.92220778933546,,,,False
10,6,5,-5.760000000000002,-25.75,-3.1999999999999993,QT450-10,183.9782537659546,,,,False
10,6,6,-5.760000000000002,-25.75,-1.5999999999999996,QT450-10,184.01198373580152,,,,False
10,6,7,-5.760000000000002,-25.75,0.0,QT450-10,184.02324501061165,,,,False
10,6,8,-5.760000000000002,-25.75,1.6000000000000014,QT450-10,184.01198373580152,,,,False
10,6,9,-5.760000000000002,-25.75,3.200000000000001,QT450-10,183.9782537659546,,,,False
10,6,10,-5.760000000000002,-25.75,4.800000000000001,QT450-10,183.92220778933546,,,,False
10,6,11,-5.760000000000002,-25.75,6.400000000000002,QT450-10,183.84407221302703,,,,False
10,6,12,-5.760000000000002,-25.75,8.0,QT450-10,183.7441100882941,,,,False
10,6,13,-5.760000000000002,-25.75,9.600000000000001,QT450-10,183.62257839918956,,,,False
10,6,14,-5.760000000000002,-25.75,11.200000000000003,QT450-10,183.47968700366962,,,,False
10,7,0,-5.760000000000002,-24.173076923076923,-11.2,QT450-10,185.7628198539795,,,,False
10,7,1,-5.760000000000002,-24.173076923076923,-9.6,QT450-10,185.90857468649762,,,,False
10,7,2,-5.760000000000002,-24.173076923076923,-8.0,QT450-10,186.0327011075444,,,,False
10,7,3,-5.760000000000002,-24.173076923076923,-6.3999999999999995,QT450-10,186.13493131295544,,,,False
10,7,4,-5.760000000000002,-24.173076923076923,-4.8,QT450-10,186.2149375082277,,,,False
10,7,5,-5.760000000000002,-24.173076923076923,-3.1999999999999993,QT450-10,186.2723842325583,,,,False
10,7,6,-5.760000000000002,-24.173076923076923,-1.5999999999999996,QT450-10,186.30698279966504,,,,False
10,7,7,-5.760000000000002,-24.173076923076923,0.0,QT450-10,186.31853854118293,,,,False
10,7,8,-5.760000000000002,-24.173076923076923,1.6000000000000014,QT450-10,186.30698279966504,,,,False
10,7,9,-5.760000000000002,-24.173076923076923,3.200000000000001,QT450-10,186.2723842325583,,,,False
10,7,10,-5.760000000000002,-24.173076923076923,4.800000000000001,QT450-10,186.2149375082277,,,,False
10,7,11,-5.760000000000002,-24.173076923076923,6.400000000000002,QT450-10,186.13493131295544,,,,False
10,7,12,-5.760000000000002,-24.173076923076923,8.0,QT450-10,186.0327011075444,,,,False
10,7,13,-5.760000000000002,-24.173076923076923,9.600000000000001,QT450-10,185.90857468649762,,,,False
10,7,14,-5.760000000000002,-24.173076923076923,11.200000000000003,QT450-10,185.7628198539795,,,,False
10,8,0,-5.760000000000002,-22.596153846153847,-11.2,QT450-10,188.29612916347025,,,,False
10,8,1,-5.760000000000002,-22.596153846153847,-9.6,QT450-10,188.44511552087292,,,,False
10,8,2,-5.760000000000002,-22.596153846153847,-8.0,QT450-10,188.57219181494912,,,,False
10,8,3,-5.760000000000002,-22.596153846153847,-6.3999999999999995,QT450-10,188.67701786841033,,,,False
10,8,4,-5.760000000000002,-22.596153846153847,-4.8,QT450-10,188.75917702555356,,,,False
10,8,5,-5.760000000000002,-22.596153846153847,-3.1999999999999993,QT450-10,188.81824280813498,,,,False
10,8,6,-5.760000000000002,-22.596153846153847,-1.5999999999999996,QT450-10,188.85384820996507,,,,False
10,8,7,-5.760000000000002,-22.596153846153847,0.0,QT450-10,188.86574576815727,,,,False
10,8,8,-5.760000000000002,-22.596153846153847,1.6000000000000014,QT450-10,188.85384820996507,,,,False
10,8,9,-5.760000000000002,-22.596153846153847,3.200000000000001,QT450-10,188.81824280813498,,,,False
10,8,10,-5.760000000000002,-22.596153846153847,4.800000000000001,QT450-10,188.75917702555356,,,,False
10,8,11,-5.760000000000002,-22.596153846153847,6.400000000000002,QT450-10,188.67701786841033,,,,False
10,8,12,-5.760000000000002,-22.596153846153847,8.0,QT450-10,188.57219181494912,,,,False
10,8,13,-5.760000000000002,-22.596153846153847,9.600000000000001,QT450-10,188.44511552087292,,,,False
10,8,14,-5.760000000000002,-22.596153846153847,11.200000000000003,QT450-10,188.29612916347025,,,,False
10,9,0,-5.760000000000002,-21.01923076923077,-11.2,QT450-10,191.0553812855972,,,,False
10,9,1,-5.760000000000002,-21.01923076923077,-9.6,QT450-10,191.2079561841966,,,,False
10,9,2,-5.760000000000002,-21.01923076923077,-8.0,QT450-10,191.33833677993402,,,,False
10,9,3,-5.760000000000002,-21.01923076923077,-6.3999999999999995,QT450-10,191.44609324340868,,,,False
10,9,4,-5.760000000000002,-21.01923076923077,-4.8,QT450-10,191.5306983699551,,,,False
10,9,5,-5.760000000000002,-21.01923076923077,-3.1999999999999993,QT450-10,191.59161235919916,,,,False
10,9,6,-5.760000000000002,-21.01923076923077,-1.5999999999999996,QT450-10,191.62837072207287,,,,False
10,9,7,-5.760000000000002,-21.01923076923077,0.0,QT450-10,191.6406603174144,,,,False
10,9,8,-5.760000000000002,-21.01923076923077,1.6000000000000014,QT450-10,191.62837072207287,,,,False
10,9,9,-5.760000000000002,-21.01923076923077,3.200000000000001,QT450-10,191.59161235919916,,,,False
10,9,10,-5.760000000000002,-21.01923076923077,4.800000000000001,QT450-10,191.5306983699551,,,,False
10,9,11,-5.760000000000002,-21.01923076923077,6.400000000000002,QT450-10,191.44609324340868,,,,False
10,9,12,-5.760000000000002,-21.01923076923077,8.0,QT450-10,191.33833677993402,,,,False
10,9,13,-5.760000000000002,-21.01923076923077,9.600000000000001,QT450-10,191.2079561841966,,,,False
10,9,14,-5.760000000000002,-21.01923076923077,11.200000000000003,QT450-10,191.0553812855972,,,,False
10,10,0,-5.760000000000002,-19.442307692307693,-11.2,QT450-10,194.01214440226133,,,,False
10,10,1,-5.760000000000002,-19.442307692307693,-9.6,QT450-10,194.16865018677794,,,,False
10,10,2,-5.760000000000002,-19.442307692307693,-8.0,QT450-10,194.30268776795106,,,,False
10,10,3,-5.760000000000002,-19.442307692307693,-6.3999999999999995,QT450-10,194.41371673169908,,,,False
10,10,4,-5.760000000000002,-19.442307692307693,-4.8,QT450-10,194.5010730837889,,,,False
10,10,5,-5.760000000000002,-19.442307692307693,-3.1999999999999993,QT450-10,194.5640769298646,,,,False
10,10,6,-5.760000000000002,-19.442307692307693,-1.5999999999999996,QT450-10,194.60214347201736,,,,False
10,10,7,-5.760000000000002,-19.442307692307693,0.0,QT450-10,194.61487862943434,,,,False
10,10,8,-5.760000000000002,-19.442307692307693,1.6000000000000014,QT450-10,194.60214347201736,,,,False
10,10,9,-5.760000000000002,-19.442307692307693,3.200000000000001,QT450-10,194.5640769298646,,,,False
10,10,10,-5.760000000000002,-19.442307692307693,4.800000000000001,QT450-10,194.5010730837889,,,,False
10,10,11,-5.760000000000002,-19.442307692307693,6.400000000000002,QT450-10,194.41371673169908,,,,False
10,10,12,-5.760000000000002,-19.442307692307693,8.0,QT450-10,194.30268776795106,,,,False
10,10,13,-5.760000000000002,-19.442307692307693,9.600000000000001,QT450-10,194.16865018677794,,,,False
10,10,14,-5.760000000000002,-19.442307692307693,11.200000000000003,QT450-10,194.01214440226133,,,,False
10,11,0,-5.760000000000002,-17.865384615384617,-11.2,QT450-10,197.1336290360696,,,,False
10,11,1,-5.760000000000002,-17.865384615384617,-9.6,QT450-10,197.29438896000028,,,,False
10,11,2,-5.760000000000002,-17.865384615384617,-8.0,QT450-10,197.43243376643338,,,,False
10,11,3,-5.760000000000002,-17.865384615384617,-6.3999999999999995,QT450-10,197.5470863125056,,,,False
10,11,4,-5.760000000000002,-17.865384615384617,-4.8,QT450-10,197.63751365954386,,,,False
10,11,5,-5.760000000000002,-17.865384615384617,-3.1999999999999993,QT450-10,197.70286364108415,,,,False
10,11,6,-5.760000000000002,-17.865384615384617,-1.5999999999999996,QT450-10,197.74240411646133,,,,False
10,11,7,-5.760000000000002,-17.865384615384617,0.0,QT450-10,197.7556421703371,,,,False
10,11,8,-5.760000000000002,-17.865384615384617,1.6000000000000014,QT450-10,197.74240411646133,,,,False
10,11,9,-5.760000000000002,-17.865384615384617,3.200000000000001,QT450-10,197.70286364108415,,,,False
10,11,10,-5.760000000000002,-17.865384615384617,4.800000000000001,QT450-10,197.63751365954386,,,,False
10,11,11,-5.760000000000002,-17.865384615384617,6.400000000000002,QT450-10,197.5470863125056,,,,False
10,11,12,-5.760000000000002,-17.865384615384617,8.0,QT450-10,197.43243376643338,,,,False
10,11,13,-5.760000000000002,-17.865384615384617,9.600000000000001,QT450-10,197.29438896000028,,,,False
10,11,14,-5.760000000000002,-17.865384615384617,11.200000000000003,QT450-10,197.1336290360696,,,,False
10,12,0,-5.760000000000002,-16.28846153846154,-11.2,QT450-10,200.38271449101117,,,,False
10,12,1,-5.760000000000002,-16.28846153846154,-9.6,QT450-10,200.54806056325077,,,,False
10,12,2,-5.760000000000002,-16.28846153846154,-8.0,QT450-10,200.6904911039426,,,,False
10,12,3,-5.760000000000002,-16.28846153846154,-6.3999999999999995,QT450-10,200.8091555665697,,,,False
10,12,4,-5.760000000000002,-16.28846153846154,-4.8,QT450-10,200.90301166208948,,,,False
10,12,5,-5.760000000000002,-16.28846153846154,-3.1999999999999993,QT450-10,200.97099602953756,,,,False
10,12,6,-5.760000000000002,-16.28846153846154,-1.5999999999999996,QT450-10,201.01219728827633,,,,False
10,12,7,-5.760000000000002,-16.28846153846154,0.0,QT450-10,201.0260029197151,,,,False
10,12,8,-5.760000000000002,-16.28846153846154,1.6000000000000014,QT450-10,201.01219728827633,,,,False
10,12,9,-5.760000000000002,-16.28846153846154,3.200000000000001,QT450-10,200.97099602953756,,,,False
10,12,10,-5.760000000000002,-16.28846153846154,4.800000000000001,QT450-10,200.90301166208948,,,,False
10,12,11,-5.760000000000002,-16.28846153846154,6.400000000000002,QT450-10,200.8091555665697,,,,False
10,12,12,-5.760000000000002,-16.28846153846154,8.0,QT450-10,200.6904911039426,,,,False
10,12,13,-5.760000000000002,-16.28846153846154,9.600000000000001,QT450-10,200.54806056325077,,,,False
10,12,14,-5.760000000000002,-16.28846153846154,11.200000000000003,QT450-10,200.38271449101117,,,,False
10,13,0,-5.760000000000002,-14.711538461538463,-11.2,QT450-10,203.71858459560778,,,,False
10,13,1,-5.760000000000002,-14.711538461538463,-9.6,QT450-10,203.88885347878445,,,,False
10,13,2,-5.760000000000002,-14.711538461538463,-8.0,QT450-10,204.03615951084558,,,,False
10,13,3,-5.760000000000002,-14.711538461538463,-6.3999999999999995,QT450-10,204.1596949399677,,,,False
10,13,4,-5.760000000000002,-14.711538461538463,-4.8,QT450-10,204.25823630360267,,,,False
10,13,5,-5.760000000000002,-14.711538461538463,-3.1999999999999993,QT450-10,204.33028244232864,,,,False
10,13,6,-5.760000000000002,-14.711538461538463,-1.5999999999999996,QT450-10,204.37430433225828,,,,False
10,13,7,-5.760000000000002,-14.711538461538463,0.0,QT450-10,204.3891266758128,,,,False
10,13,8,-5.760000000000002,-14.711538461538463,1.6000000000000014,QT450-10,204.37430433225828,,,,False
10,13,9,-5.760000000000002,-14.711538461538463,3.200000000000001,QT450-10,204.33028244232864,,,,False
10,13,10,-5.760000000000002,-14.711538461538463,4.800000000000001,QT450-10,204.25823630360267,,,,False
10,13,11,-5.760000000000002,-14.711538461538463,6.400000000000002,QT450-10,204.1596949399677,,,,False
10,13,12,-5.760000000000002,-14.711538461538463,8.0,QT450-10,204.03615951084558,,,,False
10,13,13,-5.760000000000002,-14.711538461538463,9.600000000000001,QT450-10,203.88885347878445,,,,False
10,13,14,-5.760000000000002,-14.711538461538463,11.200000000000003,QT450-10,203.71858459560778,,,,False
10,14,0,-5.760000000000002,-13.134615384615387,-11.2,QT450-10,207.89901376108992,,,,False
10,14,1,-5.760000000000002,-13.134615384615387,-9.6,QT450-10,208.09617572505937,,,,False
10,14,2,-5.760000000000002,-13.134615384615387,-8.0,QT450-10,208.2893542818129,,,,False
10,14,3,-5.760000000000002,-13.134615384615387,-6.3999999999999995,QT450-10,208.47386691226362,,,,False
10,14,4,-5.760000000000002,-13.134615384615387,-4.8,QT450-10,208.64161823923698,,,,False
10,14,5,-5.760000000000002,-13.134615384615387,-3.1999999999999993,QT450-10,208.78023955455538,,,,False
10,14,6,-5.760000000000002,-13.134615384615387,-1.5999999999999996,QT450-10,208.8737623285216,,,,False
10,14,7,-5.760000000000002,-13.134615384615387,0.0,QT450-10,208.90709164313893,,,,False
10,14,8,-5.760000000000002,-13.134615384615387,1.6000000000000014,QT450-10,208.8737623285216,,,,False
10,14,9,-5.760000000000002,-13.134615384615387,3.200000000000001,QT450-10,208.78023955455538,,,,False
10,14,10,-5.760000000000002,-13.134615384615387,4.800000000000001,QT450-10,208.64161823923698,,,,False
10,14,11,-5.760000000000002,-13.134615384615387,6.400000000000002,QT450-10,208.47386691226362,,,,False
10,14,12,-5.760000000000002,-13.134615384615387,8.0,QT450-10,208.2893542818129,,,,False
10,14,13,-5.760000000000002,-13.134615384615387,9.600000000000001,QT450-10,208.09617572505937,,,,False
10,14,14,-5.760000000000002,-13.134615384615387,11.200000000000003,QT450-10,207.89901376108992,,,,False
10,15,0,-5.760000000000002,-11.55769230769231,-11.2,QT450-10,213.27327594984897,,,,False
10,15,1,-5.760000000000002,-11.55769230769231,-9.6,QT450-10,213.53479427672946,,,,False
10,15,2,-5.760000000000002,-11.55769230769231,-8.0,QT450-10,213.84949705893098,,,,False
10,15,3,-5.760000000000002,-11.55769230769231,-6.3999999999999995,QT450-10,214.2131540459863,,,,False
10,15,4,-5.760000000000002,-11.55769230769231,-4.8,QT450-10,214.61201855035074,,,,False
10,15,5,-5.760000000000002,-11.55769230769231,-3.1999999999999993,QT450-10,215.0092862380866,,,,False
10,15,6,-5.760000000000002,-11.55769230769231,-1.5999999999999996,QT450-10,215.326221012126,,,,False
10,15,7,-5.760000000000002,-11.55769230769231,0.0,QT450-10,215.45116048319724,,,,False
10,15,8,-5.760000000000002,-11.55769230769231,1.6000000000000014,QT450-10,215.326221012126,,,,False
10,15,9,-5.760000000000002,-11.55769230769231,3.200000000000001,QT450-10,215.0092862380866,,,,False
10,15,10,-5.760000000000002,-11.55769230769231,4.800000000000001,QT450-10,214.61201855035074,,,,False
10,15,11,-5.760000000000002,-11.55769230769231,6.400000000000002,QT450-10,214.2131540459863,,,,False
10,15,12,-5.760000000000002,-11.55769230769231,8.0,QT450-10,213.84949705893098,,,,False
10,15,13,-5.760000000000002,-11.55769230769231,9.600000000000001,QT450-10,213.53479427672946,,,,False
10,15,14,-5.760000000000002,-11.55769230769231,11.200000000000003,QT450-10,213.27327594984897,,,,False
10,16,0,-5.760000000000002,-9.98076923076923,-11.2,QT450-10,219.6508690013444,,,,False
10,16,1,-5.760000000000002,-9.98076923076923,-9.6,QT450-10,220.04393116067067,,,,False
10,16,2,-5.760000000000002,-9.98076923076923,-8.0,QT450-10,220.62819566893418,,,,False
10,16,3,-5.760000000000002,-9.98076923076923,-6.3999999999999995,QT450-10,221.43431507149822,,,,False
10,16,4,-5.760000000000002,-9.98076923076923,-4.8,QT450-10,222.50100819656578,,,,False
10,16,5,-5.760000000000002,-9.98076923076923,-3.1999999999999993,QT450-10,223.78099513367602,,,,False
10,16,6,-5.760000000000002,-9.98076923076923,-1.5999999999999996,QT450-10,224.95409094444017,,,,False
10,16,7,-5.760000000000002,-9.98076923076923,0.0,QT450-10,225.43684970335087,,,,False
10,16,8,-5.760000000000002,-9.98076923076923,1.6000000000000014,QT450-10,224.95409094444017,,,,False
10,16,9,-5.760000000000002,-9.98076923076923,3.200000000000001,QT450-10,223.78099513367602,,,,False
10,16,10,-5.760000000000002,-9.98076923076923,4.800000000000001,QT450-10,222.50100819656578,,,,False
10,16,11,-5.760000000000002,-9.98076923076923,6.400000000000002,QT450-10,221.43431507149822,,,,False
10,16,12,-5.760000000000002,-9.98076923076923,8.0,QT450-10,220.62819566893418,,,,False
10,16,13,-5.760000000000002,-9.98076923076923,9.600000000000001,QT450-10,220.04393116067067,,,,False
10,16,14,-5.760000000000002,-9.98076923076923,11.200000000000003,QT450-10,219.6508690013444,,,,False
10,17,0,-5.760000000000002,-8.403846153846153,-11.2,QT450-10,226.89843483068498,,,,False
10,17,1,-5.760000000000002,-8.403846153846153,-9.6,QT450-10,227.52808053016278,,,,False
10,17,2,-5.760000000000002,-8.403846153846153,-8.0,QT450-10,228.6358455674799,,,,False
10,17,3,-5.760000000000002,-8.403846153846153,-6.3999999999999995,QT450-10,230.40606636088305,,,,False
10,17,4,-5.760000000000002,-8.403846153846153,-4.8,QT450-10,233.11550937125466,,,,False
10,17,5,-5.760000000000002,-8.403846153846153,-3.1999999999999993,QT450-10,236.71926147794866,,,,False
10,17,6,-5.760000000000002,-8.403846153846153,-1.5999999999999996,QT450-10,240.00022244625563,,,,False
10,17,7,-5.760000000000002,-8.403846153846153,0.0,QT450-10,241.42710648763986,,,,False
10,17,8,-5.760000000000002,-8.403846153846153,1.6000000000000014,QT450-10,240.00022244625563,,,,False
10,17,9,-5.760000000000002,-8.403846153846153,3.200000000000001,QT450-10,236.71926147794866,,,,False
10,17,10,-5.760000000000002,-8.403846153846153,4.800000000000001,QT450-10,233.11550937125466,,,,False
10,17,11,-5.760000000000002,-8.403846153846153,6.400000000000002,QT450-10,230.40606636088305,,,,False
10,17,12,-5.760000000000002,-8.403846153846153,8.0,QT450-10,228.6358455674799,,,,False
10,17,13,-5.760000000000002,-8.403846153846153,9.600000000000001,QT450-10,227.52808053016275,,,,False
10,17,14,-5.760000000000002,-8.403846153846153,11.200000000000003,QT450-10,226.89843483068495,,,,False
10,18,0,-5.760000000000002,-6.826923076923077,-11.2,QT450-10,234.8157188457712,,,,False
10,18,1,-5.760000000000002,-6.826923076923077,-9.6,QT450-10,235.82324649525864,,,,False
10,18,2,-5.760000000000002,-6.826923076923077,-8.0,QT450-10,237.83700598493343,,,,False
10,18,3,-5.760000000000002,-6.826923076923077,-6.3999999999999995,QT450-10,241.46087299568592,,,,False
10,18,4,-5.760000000000002,-6.826923076923077,-4.8,QT450-10,247.52885387853212,,,,False
10,18,5,-5.760000000000002,-6.826923076923077,-3.1999999999999993,QT450-10,255.90529644592908,,,,False
10,18,6,-5.760000000000002,-6.826923076923077,-1.5999999999999996,QT450-10,263.3254486829661,,,,False
10,18,7,-5.760000000000002,-6.826923076923077,0.0,QT450-10,266.68328927557206,,,,False
10,18,8,-5.760000000000002,-6.826923076923077,1.6000000000000014,QT450-10,263.3254486829661,,,,False
10,18,9,-5.760000000000002,-6.826923076923077,3.200000000000001,QT450-10,255.90529644592905,,,,False
10,18,10,-5.760000000000002,-6.826923076923077,4.800000000000001,QT450-10,247.5288538785321,,,,False
10,18,11,-5.760000000000002,-6.826923076923077,6.400000000000002,QT450-10,241.46087299568592,,,,False
10,18,12,-5.760000000000002,-6.826923076923077,8.0,QT450-10,237.83700598493343,,,,False
10,18,13,-5.760000000000002,-6.826923076923077,9.600000000000001,QT450-10,235.82324649525862,,,,False
10,18,14,-5.760000000000002,-6.826923076923077,11.200000000000003,QT450-10,234.8157188457712,,,,False
10,19,0,-5.760000000000002,-5.25,-11.2,QT450-10,243.0757679842828,,,,False
10,19,1,-5.760000000000002,-5.25,-9.6,QT450-10,244.62783549257009,,,,False
10,19,2,-5.760000000000002,-5.25,-8.0,QT450-10,248.004052683195,,,,False
10,19,3,-5.760000000000002,-5.25,-6.3999999999999995,QT450-10,254.70591903353667,,,,False
10,19,4,-5.760000000000002,-5.25,-4.8,QT450-10,266.80471990326436,,,,False
10,19,5,-5.760000000000002,-5.25,-3.1999999999999993,QT450-10,283.72989968570664,,,,False
10,19,6,-5.760000000000002,-5.25,-1.5999999999999996,QT450-10,301.4963510722692,,,,False
10,19,7,-5.760000000000002,-5.25,0.0,QT450-10,309.70936681103404,,,,False
10,19,8,-5.760000000000002,-5.25,1.6000000000000014,QT450-10,301.4963510722692,,,,False
10,19,9,-5.760000000000002,-5.25,3.200000000000001,QT450-10,283.72989968570664,,,,False
10,19,10,-5.760000000000002,-5.25,4.800000000000001,QT450-10,266.80471990326436,,,,False
10,19,11,-5.760000000000002,-5.25,6.400000000000002,QT450-10,254.70591903353667,,,,False
10,19,12,-5.760000000000002,-5.25,8.0,QT450-10,248.004052683195,,,,False
10,19,13,-5.760000000000002,-5.25,9.600000000000001,QT450-10,244.62783549257009,,,,False
10,19,14,-5.760000000000002,-5.25,11.200000000000003,QT450-10,243.0757679842828,,,,False
10,20,0,-5.760000000000002,-3.673076923076927,-11.2,QT450-10,251.21423160460571,,,,False
10,20,1,-5.760000000000002,-3.673076923076927,-9.6,QT450-10,253.42921551021294,,,,False
10,20,2,-5.760000000000002,-3.673076923076927,-8.0,QT450-10,258.6379798173627,,,,False
10,20,3,-5.760000000000002,-3.673076923076927,-6.3999999999999995,QT450-10,269.8090133139797,,,,False
10,20,4,-5.760000000000002,-3.673076923076927,-4.8,QT450-10,290.6451300622795,,,,False
10,20,5,-5.760000000000002,-3.673076923076927,-3.1999999999999993,QT450-10,323.6640217543466,,,,False
10,20,6,-5.760000000000002,-3.673076923076927,-1.5999999999999996,QT450-10,360.6250159669805,,,,False
10,20,7,-5.760000000000002,-3.673076923076927,0.0,QT450-10,382.1554466353829,,,,False
10,20,8,-5.760000000000002,-3.673076923076927,1.6000000000000014,QT450-10,360.62501596698047,,,,False
10,20,9,-5.760000000000002,-3.673076923076927,3.200000000000001,QT450-10,323.6640217543466,,,,False
10,20,10,-5.760000000000002,-3.673076923076927,4.800000000000001,QT450-10,290.6451300622795,,,,False
10,20,11,-5.760000000000002,-3.673076923076927,6.400000000000002,QT450-10,269.8090133139797,,,,False
10,20,12,-5.760000000000002,-3.673076923076927,8.0,QT450-10,258.6379798173627,,,,False
10,20,13,-5.760000000000002,-3.673076923076927,9.600000000000001,QT450-10,253.42921551021294,,,,False
10,20,14,-5.760000000000002,-3.673076923076927,11.200000000000003,QT450-10,251.2142316046057,,,,False
10,21,0,-5.760000000000002,-2.0961538461538467,-11.2,ERNiFe-CI,260.5986001160799,,,,False
10,21,1,-5.760000000000002,-2.0961538461538467,-9.6,ERNiFe-CI,263.7159746885087,,,,False
10,21,2,-5.760000000000002,-2.0961538461538467,-8.0,ERNiFe-CI,271.2856632456019,,,,False
10,21,3,-5.760000000000002,-2.0961538461538467,-6.3999999999999995,ERNiFe-CI,288.4815500791364,,,,False
10,21,4,-5.760000000000002,-2.0961538461538467,-4.8,ERNiFe-CI,324.3506478206569,,,,False
10,21,5,-5.760000000000002,-2.0961538461538467,-3.1999999999999993,ERNiFe-CI,385.00859023613896,,,,False
10,21,6,-5.760000000000002,-2.0961538461538467,-1.5999999999999996,ERNiFe-CI,491.87140135991535,,,,False
10,21,7,-5.760000000000002,-2.0961538461538467,0.0,ERNiFe-CI,583.5680723213524,,,,False
10,21,8,-5.760000000000002,-2.0961538461538467,1.6000000000000014,ERNiFe-CI,491.87140135991524,,,,False
10,21,9,-5.760000000000002,-2.0961538461538467,3.200000000000001,ERNiFe-CI,385.00859023613884,,,,False
10,21,10,-5.760000000000002,-2.0961538461538467,4.800000000000001,ERNiFe-CI,324.35064782065683,,,,False
10,21,11,-5.760000000000002,-2.0961538461538467,6.400000000000002,ERNiFe-CI,288.4815500791364,,,,False
10,21,12,-5.760000000000002,-2.0961538461538467,8.0,ERNiFe-CI,271.2856632456018,,,,False
10,21,13,-5.760000000000002,-2.0961538461538467,9.600000000000001,ERNiFe-CI,263.71597468850865,,,,False
10,21,14,-5.760000000000002,-2.0961538461538467,11.200000000000003,ERNiFe-CI,260.5986001160799,,,,False
10,22,0,-5.760000000000002,-0.5192307692307736,-11.2,ERNiFe-CI,270.7895478619519,,,,False
10,22,1,-5.760000000000002,-0.5192307692307736,-9.6,ERNiFe-CI,274.8244005777696,,,,False
10,22,2,-5.760000000000002,-0.5192307692307736,-8.0,ERNiFe-CI,284.7248026920791,,,,False
10,22,3,-5.760000000000002,-0.5192307692307736,-6.3999999999999995,ERNiFe-CI,307.2730761874284,,,,False
10,22,4,-5.760000000000002,-0.5192307692307736,-4.8,ERNiFe-CI,356.9703729101662,,,,False
10,22,5,-5.760000000000002,-0.5192307692307736,-3.1999999999999993,ERNiFe-CI,455.1245668753276,,,,False
10,22,6,-5.760000000000002,-0.5192307692307736,-1.5999999999999996,ERNiFe-CI,684.9545959680839,,,,False
10,22,7,-5.760000000000002,-0.5192307692307736,0.0,ERNiFe-CI,928.5405372805096,11.171588251605659,14.058155848635746,2.886567597030087,True
10,22,8,-5.760000000000002,-0.5192307692307736,1.6000000000000014,ERNiFe-CI,684.9545959680836,,,,False
10,22,9,-5.760000000000002,-0.5192307692307736,3.200000000000001,ERNiFe-CI,455.1245668753275,,,,False
10,22,10,-5.760000000000002,-0.5192307692307736,4.800000000000001,ERNiFe-CI,356.97037291016613,,,,False
10,22,11,-5.760000000000002,-0.5192307692307736,6.400000000000002,ERNiFe-CI,307.27307618742833,,,,False
10,22,12,-5.760000000000002,-0.5192307692307736,8.0,ERNiFe-CI,284.7248026920791,,,,False
10,22,13,-5.760000000000002,-0.5192307692307736,9.600000000000001,ERNiFe-CI,274.82440057776955,,,,False
10,22,14,-5.760000000000002,-0.5192307692307736,11.200000000000003,ERNiFe-CI,270.7895478619519,,,,False
10,23,0,-5.760000000000002,1.0576923076923066,-11.2,ERNiFe-CI,279.21054571678803,,,,False
10,23,1,-5.760000000000002,1.0576923076923066,-9.6,ERNiFe-CI,283.8206476530587,,,,False
10,23,2,-5.760000000000002,1.0576923076923066,-8.0,ERNiFe-CI,294.87031446990034,,,,False
10,23,3,-5.760000000000002,1.0576923076923066,-6.3999999999999995,ERNiFe-CI,318.50769150778365,,,,False
10,23,4,-5.760000000000002,1.0576923076923066,-4.8,ERNiFe-CI,367.3769571455434,,,,False
10,23,5,-5.760000000000002,1.0576923076923066,-3.1999999999999993,ERNiFe-CI,454.9916045888655,,,,False
10,23,6,-5.760000000000002,1.0576923076923066,-1.5999999999999996,ERNiFe-CI,649.5077654310319,,,,False
10,23,7,-5.760000000000002,1.0576923076923066,0.0,ERNiFe-CI,842.3920724999533,10.276612678200122,14.0708582904769,3.7942456122767787,True
10,23,8,-5.760000000000002,1.0576923076923066,1.6000000000000014,ERNiFe-CI,649.5077654310318,,,,False
10,23,9,-5.760000000000002,1.0576923076923066,3.200000000000001,ERNiFe-CI,454.9916045888654,,,,False
10,23,10,-5.760000000000002,1.0576923076923066,4.800000000000001,ERNiFe-CI,367.3769571455433,,,,False
10,23,11,-5.760000000000002,1.0576923076923066,6.400000000000002,ERNiFe-CI,318.5076915077836,,,,False
10,23,12,-5.760000000000002,1.0576923076923066,8.0,ERNiFe-CI,294.87031446990034,,,,False
10,23,13,-5.760000000000002,1.0576923076923066,9.600000000000001,ERNiFe-CI,283.82064765305864,,,,False
10,23,14,-5.760000000000002,1.0576923076923066,11.200000000000003,ERNiFe-CI,279.21054571678803,,,,False
10,24,0,-5.760000000000002,2.634615384615387,-11.2,ERNiFe-CI,285.4715529672701,,,,False
10,24,1,-5.760000000000002,2.634615384615387,-9.6,ERNiFe-CI,290.3052896143884,,,,False
10,24,2,-5.760000000000002,2.634615384615387,-8.0,ERNiFe-CI,301.4183475051072,,,,False
10,24,3,-5.760000000000002,2.634615384615387,-6.3999999999999995,ERNiFe-CI,323.1092540996552,,,,False
10,24,4,-5.760000000000002,2.634615384615387,-4.8,ERNiFe-CI,361.15456772306504,,,,False
10,24,5,-5.760000000000002,2.634615384615387,-3.1999999999999993,ERNiFe-CI,419.49556664771586,,,,False
10,24,6,-5.760000000000002,2.634615384615387,-1.5999999999999996,ERNiFe-CI,495.05236916352254,,,,False
10,24,7,-5.760000000000002,2.634615384615387,0.0,ERNiFe-CI,558.3725483577152,,,,False
10,24,8,-5.760000000000002,2.634615384615387,1.6000000000000014,ERNiFe-CI,495.0523691635224,,,,False
10,24,9,-5.760000000000002,2.634615384615387,3.200000000000001,ERNiFe-CI,419.4955666477158,,,,False
10,24,10,-5.760000000000002,2.634615384615387,4.800000000000001,ERNiFe-CI,361.154567723065,,,,False
10,24,11,-5.760000000000002,2.634615384615387,6.400000000000002,ERNiFe-CI,323.1092540996552,,,,False
10,24,12,-5.760000000000002,2.634615384615387,8.0,ERNiFe-CI,301.41834750510714,,,,False
10,24,13,-5.760000000000002,2.634615384615387,9.600000000000001,ERNiFe-CI,290.30528961438836,,,,False
10,24,14,-5.760000000000002,2.634615384615387,11.200000000000003,ERNiFe-CI,285.4715529672701,,,,False
10,25,0,-5.760000000000002,4.21153846153846,-11.2,Q235B,288.5489766457501,,,,False
10,25,1,-5.760000000000002,4.21153846153846,-9.6,Q235B,293.35725362095627,,,,False
10,25,2,-5.760000000000002,4.21153846153846,-8.0,Q235B,304.20716363743367,,,,False
10,25,3,-5.760000000000002,4.21153846153846,-6.3999999999999995,Q235B,324.2099734105617,,,,False
10,25,4,-5.760000000000002,4.21153846153846,-4.8,Q235B,355.1994783991662,,,,False
10,25,5,-5.760000000000002,4.21153846153846,-3.1999999999999993,Q235B,397.33327641657917,,,,False
10,25,6,-5.760000000000002,4.21153846153846,-1.5999999999999996,Q235B,439.55407051883526,,,,False
10,25,7,-5.760000000000002,4.21153846153846,0.0,Q235B,460.4661590036284,,,,False
10,25,8,-5.760000000000002,4.21153846153846,1.6000000000000014,Q235B,439.5540705188352,,,,False
10,25,9,-5.760000000000002,4.21153846153846,3.200000000000001,Q235B,397.3332764165791,,,,False
10,25,10,-5.760000000000002,4.21153846153846,4.800000000000001,Q235B,355.1994783991662,,,,False
10,25,11,-5.760000000000002,4.21153846153846,6.400000000000002,Q235B,324.2099734105617,,,,False
10,25,12,-5.760000000000002,4.21153846153846,8.0,Q235B,304.20716363743367,,,,False
10,25,13,-5.760000000000002,4.21153846153846,9.600000000000001,Q235B,293.3572536209562,,,,False
10,25,14,-5.760000000000002,4.21153846153846,11.200000000000003,Q235B,288.5489766457501,,,,False
11,0,0,-2.8800000000000026,-35.21153846153846,-11.2,QT450-10,176.18238714256083,,,,False
11,0,1,-2.8800000000000026,-35.21153846153846,-9.6,QT450-10,176.3164998246597,,,,False
11,0,2,-2.8800000000000026,-35.21153846153846,-8.0,QT450-10,176.4302519881941,,,,False
11,0,3,-2.8800000000000026,-35.21153846153846,-6.3999999999999995,QT450-10,176.5235566209081,,,,False
11,0,4,-2.8800000000000026,-35.21153846153846,-4.8,QT450-10,176.5963012232156,,,,False
11,0,5,-2.8800000000000026,-35.21153846153846,-3.1999999999999993,QT450-10,176.64836807739098,,,,False
11,0,6,-2.8800000000000026,-35.21153846153846,-1.5999999999999996,QT450-10,176.67965476919957,,,,False
11,0,7,-2.8800000000000026,-35.21153846153846,0.0,QT450-10,176.69009185079116,,,,False
11,0,8,-2.8800000000000026,-35.21153846153846,1.6000000000000014,QT450-10,176.67965476919957,,,,False
11,0,9,-2.8800000000000026,-35.21153846153846,3.200000000000001,QT450-10,176.64836807739098,,,,False
11,0,10,-2.8800000000000026,-35.21153846153846,4.800000000000001,QT450-10,176.5963012232156,,,,False
11,0,11,-2.8800000000000026,-35.21153846153846,6.400000000000002,QT450-10,176.5235566209081,,,,False
11,0,12,-2.8800000000000026,-35.21153846153846,8.0,QT450-10,176.4302519881941,,,,False
11,0,13,-2.8800000000000026,-35.21153846153846,9.600000000000001,QT450-10,176.3164998246597,,,,False
11,0,14,-2.8800000000000026,-35.21153846153846,11.200000000000003,QT450-10,176.18238714256083,,,,False
11,1,0,-2.8800000000000026,-33.63461538461539,-11.2,QT450-10,176.68539102849863,,,,False
11,1,1,-2.8800000000000026,-33.63461538461539,-9.6,QT450-10,176.82009899254624,,,,False
11,1,2,-2.8800000000000026,-33.63461538461539,-8.0,QT450-10,176.9343831722059,,,,False
11,1,3,-2.8800000000000026,-33.63461538461539,-6.3999999999999995,QT450-10,177.02814567270644,,,,False
11,1,4,-2.8800000000000026,-33.63461538461539,-4.8,QT450-10,177.10126267152398,,,,False
11,1,5,-2.8800000000000026,-33.63461538461539,-3.1999999999999993,QT450-10,177.15360532389852,,,,False
11,1,6,-2.8800000000000026,-33.63461538461539,-1.5999999999999996,QT450-10,177.18506175447322,,,,False
11,1,7,-2.8800000000000026,-33.63461538461539,0.0,QT450-10,177.19555616161142,,,,False
11,1,8,-2.8800000000000026,-33.63461538461539,1.6000000000000014,QT450-10,177.18506175447322,,,,False
11,1,9,-2.8800000000000026,-33.63461538461539,3.200000000000001,QT450-10,177.15360532389852,,,,False
11,1,10,-2.8800000000000026,-33.63461538461539,4.800000000000001,QT450-10,177.10126267152398,,,,False
11,1,11,-2.8800000000000026,-33.63461538461539,6.400000000000002,QT450-10,177.02814567270644,,,,False
11,1,12,-2.8800000000000026,-33.63461538461539,8.0,QT450-10,176.9343831722059,,,,False
11,1,13,-2.8800000000000026,-33.63461538461539,9.600000000000001,QT450-10,176.82009899254624,,,,False
11,1,14,-2.8800000000000026,-33.63461538461539,11.200000000000003,QT450-10,176.68539102849863,,,,False
11,2,0,-2.8800000000000026,-32.05769230769231,-11.2,QT450-10,177.53746834758894,,,,False
11,2,1,-2.8800000000000026,-32.05769230769231,-9.6,QT450-10,177.67320253679932,,,,False
11,2,2,-2.8800000000000026,-32.05769230769231,-8.0,QT450-10,177.78840844364709,,,,False
11,2,3,-2.8800000000000026,-32.05769230769231,-6.3999999999999995,QT450-10,177.8829701133892,,,,False
11,2,4,-2.8800000000000026,-32.05769230769231,-4.8,QT450-10,177.95674165568795,,,,False
11,2,5,-2.8800000000000026,-32.05769230769231,-3.1999999999999993,QT450-10,178.00957178816483,,,,False
11,2,6,-2.8800000000000026,-32.05769230769231,-1.5999999999999996,QT450-10,178.04132939331797,,,,False
11,2,7,-2.8800000000000026,-32.05769230769231,0.0,QT450-10,178.05192571417354,,,,False
11,2,8,-2.8800000000000026,-32.05769230769231,1.6000000000000014,QT450-10,178.04132939331797,,,,False
11,2,9,-2.8800000000000026,-32.05769230769231,3.200000000000001,QT450-10,178.00957178816483,,,,False
11,2,10,-2.8800000000000026,-32.05769230769231,4.800000000000001,QT450-10,177.95674165568795,,,,False
11,2,11,-2.8800000000000026,-32.05769230769231,6.400000000000002,QT450-10,177.8829701133892,,,,False
11,2,12,-2.8800000000000026,-32.05769230769231,8.0,QT450-10,177.78840844364709,,,,False
11,2,13,-2.8800000000000026,-32.05769230769231,9.600000000000001,QT450-10,177.67320253679932,,,,False
11,2,14,-2.8800000000000026,-32.05769230769231,11.200000000000003,QT450-10,177.53746834758894,,,,False
11,3,0,-2.8800000000000026,-30.48076923076923,-11.2,QT450-10,178.73455766665214,,,,False
11,3,1,-2.8800000000000026,-30.48076923076923,-9.6,QT450-10,178.8717493888809,,,,False
11,3,2,-2.8800000000000026,-30.48076923076923,-8.0,QT450-10,178.9882715697665,,,,False
11,3,3,-2.8800000000000026,-30.48076923076923,-6.3999999999999995,QT450-10,179.0839803179707,,,,False
11,3,4,-2.8800000000000026,-30.48076923076923,-4.8,QT450-10,179.1586955217047,,,,False
11,3,5,-2.8800000000000026,-30.48076923076923,-3.1999999999999993,QT450-10,179.21223090835352,,,,False
11,3,6,-2.8800000000000026,-30.48076923076923,-1.5999999999999996,QT450-10,179.24442526841838,,,,False
11,3,7,-2.8800000000000026,-30.48076923076923,0.0,QT450-10,179.25516955891786,,,,False
11,3,8,-2.8800000000000026,-30.48076923076923,1.6000000000000014,QT450-10,179.24442526841838,,,,False
11,3,9,-2.8800000000000026,-30.48076923076923,3.200000000000001,QT450-10,179.21223090835352,,,,False
11,3,10,-2.8800000000000026,-30.48076923076923,4.800000000000001,QT450-10,179.1586955217047,,,,False
11,3,11,-2.8800000000000026,-30.48076923076923,6.400000000000002,QT450-10,179.0839803179707,,,,False
11,3,12,-2.8800000000000026,-30.48076923076923,8.0,QT450-10,178.9882715697665,,,,False
11,3,13,-2.8800000000000026,-30.48076923076923,9.600000000000001,QT450-10,178.8717493888809,,,,False
11,3,14,-2.8800000000000026,-30.48076923076923,11.200000000000003,QT450-10,178.73455766665214,,,,False
11,4,0,-2.8800000000000026,-28.903846153846153,-11.2,QT450-10,180.2700761131269,,,,False
11,4,1,-2.8800000000000026,-28.903846153846153,-9.6,QT450-10,180.40915867407935,,,,False
11,4,2,-2.8800000000000026,-28.903846153846153,-8.0,QT450-10,180.52739808552556,,,,False
11,4,3,-2.8800000000000026,-28.903846153846153,-6.3999999999999995,QT450-10,180.62461099740656,,,,False
11,4,4,-2.8800000000000026,-28.903846153846153,-4.8,QT450-10,180.70056897343596,,,,False
11,4,5,-2.8800000000000026,-28.903846153846153,-3.1999999999999993,QT450-10,180.75503625545718,,,,False
11,4,6,-2.8800000000000026,-28.903846153846153,-1.5999999999999996,QT450-10,180.7878090261626,,,,False
11,4,7,-2.8800000000000026,-28.903846153846153,0.0,QT450-10,180.7987494999764,,,,False
11,4,8,-2.8800000000000026,-28.903846153846153,1.6000000000000014,QT450-10,180.7878090261626,,,,False
11,4,9,-2.8800000000000026,-28.903846153846153,3.200000000000001,QT450-10,180.75503625545718,,,,False
11,4,10,-2.8800000000000026,-28.903846153846153,4.800000000000001,QT450-10,180.70056897343596,,,,False
11,4,11,-2.8800000000000026,-28.903846153846153,6.400000000000002,QT450-10,180.62461099740656,,,,False
11,4,12,-2.8800000000000026,-28.903846153846153,8.0,QT450-10,180.52739808552556,,,,False
11,4,13,-2.8800000000000026,-28.903846153846153,9.600000000000001,QT450-10,180.40915867407935,,,,False
11,4,14,-2.8800000000000026,-28.903846153846153,11.200000000000003,QT450-10,180.2700761131269,,,,False
11,5,0,-2.8800000000000026,-27.326923076923077,-11.2,QT450-10,182.13464667912527,,,,False
11,5,1,-2.8800000000000026,-27.326923076923077,-9.6,QT450-10,182.27605564707585,,,,False
11,5,2,-2.8800000000000026,-27.326923076923077,-8.0,QT450-10,182.39642120147394,,,,False
11,5,3,-2.8800000000000026,-27.326923076923077,-6.3999999999999995,QT450-10,182.49550709149057,,,,False
11,5,4,-2.8800000000000026,-27.326923076923077,-4.8,QT450-10,182.5730199384167,,,,False
11,5,5,-2.8800000000000026,-27.326923076923077,-3.1999999999999993,QT450-10,182.62865738750054,,,,False
11,5,6,-2.8800000000000026,-27.326923076923077,-1.5999999999999996,QT450-10,182.6621582315486,,,,False
11,5,7,-2.8800000000000026,-27.326923076923077,0.0,QT450-10,182.67334595196922,,,,False
11,5,8,-2.8800000000000026,-27.326923076923077,1.6000000000000014,QT450-10,182.6621582315486,,,,False
11,5,9,-2.8800000000000026,-27.326923076923077,3.200000000000001,QT450-10,182.62865738750054,,,,False
11,5,10,-2.8800000000000026,-27.326923076923077,4.800000000000001,QT450-10,182.5730199384167,,,,False
11,5,11,-2.8800000000000026,-27.326923076923077,6.400000000000002,QT450-10,182.49550709149057,,,,False
11,5,12,-2.8800000000000026,-27.326923076923077,8.0,QT450-10,182.39642120147394,,,,False
11,5,13,-2.8800000000000026,-27.326923076923077,9.600000000000001,QT450-10,182.27605564707585,,,,False
11,5,14,-2.8800000000000026,-27.326923076923077,11.200000000000003,QT450-10,182.13464667912527,,,,False
11,6,0,-2.8800000000000026,-25.75,-11.2,QT450-10,184.31575564974366,,,,False
11,6,1,-2.8800000000000026,-25.75,-9.6,QT450-10,184.45992834210173,,,,False
11,6,2,-2.8800000000000026,-25.75,-8.0,QT450-10,184.5828381099758,,,,False
11,6,3,-2.8800000000000026,-25.75,-6.3999999999999995,QT450-10,184.6841799144465,,,,False
11,6,4,-2.8800000000000026,-25.75,-4.8,QT450-10,184.76357563760416,,,,False
11,6,5,-2.8800000000000026,-25.75,-3.1999999999999993,QT450-10,184.82063588990675,,,,False
11,6,6,-2.8800000000000026,-25.75,-1.5999999999999996,QT450-10,184.85502440151828,,,,False
11,6,7,-2.8800000000000026,-25.75,0.0,QT450-10,184.86651397286036,,,,False
11,6,8,-2.8800000000000026,-25.75,1.6000000000000014,QT450-10,184.85502440151828,,,,False
11,6,9,-2.8800000000000026,-25.75,3.200000000000001,QT450-10,184.82063588990675,,,,False
11,6,10,-2.8800000000000026,-25.75,4.800000000000001,QT450-10,184.76357563760416,,,,False
11,6,11,-2.8800000000000026,-25.75,6.400000000000002,QT450-10,184.6841799144465,,,,False
11,6,12,-2.8800000000000026,-25.75,8.0,QT450-10,184.5828381099758,,,,False
11,6,13,-2.8800000000000026,-25.75,9.600000000000001,QT450-10,184.45992834210173,,,,False
11,6,14,-2.8800000000000026,-25.75,11.200000000000003,QT450-10,184.31575564974366,,,,False
11,7,0,-2.8800000000000026,-24.173076923076923,-11.2,QT450-10,186.79735898271974,,,,False
11,7,1,-2.8800000000000026,-24.173076923076923,-9.6,QT450-10,186.94473325162403,,,,False
11,7,2,-2.8800000000000026,-24.173076923076923,-8.0,QT450-10,187.0706152287535,,,,False
11,7,3,-2.8800000000000026,-24.173076923076923,-6.3999999999999995,QT450-10,187.17461215739831,,,,False
11,7,4,-2.8800000000000026,-24.173076923076923,-4.8,QT450-10,187.25623746485755,,,,False
11,7,5,-2.8800000000000026,-24.173076923076923,-3.1999999999999993,QT450-10,187.31499019825887,,,,False
11,7,6,-2.8800000000000026,-24.173076923076923,-1.5999999999999996,QT450-10,187.35043780514806,,,,False
11,7,7,-2.8800000000000026,-24.173076923076923,0.0,QT450-10,187.36228805843004,,,,False
11,7,8,-2.8800000000000026,-24.173076923076923,1.6000000000000014,QT450-10,187.35043780514806,,,,False
11,7,9,-2.8800000000000026,-24.173076923076923,3.200000000000001,QT450-10,187.31499019825887,,,,False
11,7,10,-2.8800000000000026,-24.173076923076923,4.800000000000001,QT450-10,187.25623746485755,,,,False
11,7,11,-2.8800000000000026,-24.173076923076923,6.400000000000002,QT450-10,187.17461215739831,,,,False
11,7,12,-2.8800000000000026,-24.173076923076923,8.0,QT450-10,187.0706152287535,,,,False
11,7,13,-2.8800000000000026,-24.173076923076923,9.600000000000001,QT450-10,186.94473325162403,,,,False
11,7,14,-2.8800000000000026,-24.173076923076923,11.200000000000003,QT450-10,186.79735898271974,,,,False
11,8,0,-2.8800000000000026,-22.596153846153847,-11.2,QT450-10,189.5594616086385,,,,False
11,8,1,-2.8800000000000026,-22.596153846153847,-9.6,QT450-10,189.7104739068805,,,,False
11,8,2,-2.8800000000000026,-22.596153846153847,-8.0,QT450-10,189.83976633061798,,,,False
11,8,3,-2.8800000000000026,-22.596153846153847,-6.3999999999999995,QT450-10,189.94683576467506,,,,False
11,8,4,-2.8800000000000026,-22.596153846153847,-4.8,QT450-10,190.03105872976843,,,,False
11,8,5,-2.8800000000000026,-22.596153846153847,-3.1999999999999993,QT450-10,190.09179327240363,,,,False
11,8,6,-2.8800000000000026,-22.596153846153847,-1.5999999999999996,QT450-10,190.12848510412002,,,,False
11,8,7,-2.8800000000000026,-22.596153846153847,0.0,QT450-10,190.1407597724335,,,,False
11,8,8,-2.8800000000000026,-22.596153846153847,1.6000000000000014,QT450-10,190.12848510412002,,,,False
11,8,9,-2.8800000000000026,-22.596153846153847,3.200000000000001,QT450-10,190.09179327240363,,,,False
11,8,10,-2.8800000000000026,-22.596153846153847,4.800000000000001,QT450-10,190.03105872976843,,,,False
11,8,11,-2.8800000000000026,-22.596153846153847,6.400000000000002,QT450-10,189.94683576467506,,,,False
11,8,12,-2.8800000000000026,-22.596153846153847,8.0,QT450-10,189.83976633061798,,,,False
11,8,13,-2.8800000000000026,-22.596153846153847,9.600000000000001,QT450-10,189.7104739068805,,,,False
11,8,14,-2.8800000000000026,-22.596153846153847,11.200000000000003,QT450-10,189.5594616086385,,,,False
11,9,0,-2.8800000000000026,-21.01923076923077,-11.2,QT450-10,192.57769897586437,,,,False
11,9,1,-2.8800000000000026,-21.01923076923077,-9.6,QT450-10,192.73278175872886,,,,False
11,9,2,-2.8800000000000026,-21.01923076923077,-8.0,QT450-10,192.86593309150732,,,,False
11,9,3,-2.8800000000000026,-21.01923076923077,-6.3999999999999995,QT450-10,192.97651234220126,,,,False
11,9,4,-2.8800000000000026,-21.01923076923077,-4.8,QT450-10,193.06372501142386,,,,False
11,9,5,-2.8800000000000026,-21.01923076923077,-3.1999999999999993,QT450-10,193.1267529208955,,,,False
11,9,6,-2.8800000000000026,-21.01923076923077,-1.5999999999999996,QT450-10,193.1648896561333,,,,False
11,9,7,-2.8800000000000026,-21.01923076923077,0.0,QT450-10,193.17765804156502,,,,False
11,9,8,-2.8800000000000026,-21.01923076923077,1.6000000000000014,QT450-10,193.1648896561333,,,,False
11,9,9,-2.8800000000000026,-21.01923076923077,3.200000000000001,QT450-10,193.1267529208955,,,,False
11,9,10,-2.8800000000000026,-21.01923076923077,4.800000000000001,QT450-10,193.06372501142386,,,,False
11,9,11,-2.8800000000000026,-21.01923076923077,6.400000000000002,QT450-10,192.97651234220126,,,,False
11,9,12,-2.8800000000000026,-21.01923076923077,8.0,QT450-10,192.86593309150732,,,,False
11,9,13,-2.8800000000000026,-21.01923076923077,9.600000000000001,QT450-10,192.73278175872886,,,,False
11,9,14,-2.8800000000000026,-21.01923076923077,11.200000000000003,QT450-10,192.57769897586437,,,,False
11,10,0,-2.8800000000000026,-19.442307692307693,-11.2,QT450-10,195.82295531527478,,,,False
11,10,1,-2.8800000000000026,-19.442307692307693,-9.6,QT450-10,195.98253414663273,,,,False
11,10,2,-2.8800000000000026,-19.442307692307693,-8.0,QT450-10,196.12000317399162,,,,False
11,10,3,-2.8800000000000026,-19.442307692307693,-6.3999999999999995,QT450-10,196.2345514871851,,,,False
11,10,4,-2.8800000000000026,-19.442307692307693,-4.8,QT450-10,196.32517270474366,,,,False
11,10,5,-2.8800000000000026,-19.442307692307693,-3.1999999999999993,QT450-10,196.39083047373637,,,,False
11,10,6,-2.8800000000000026,-19.442307692307693,-1.5999999999999996,QT450-10,196.4306302368992,,,,False
11,10,7,-2.8800000000000026,-19.442307692307693,0.0,QT450-10,196.4439678876844,,,,False
11,10,8,-2.8800000000000026,-19.442307692307693,1.6000000000000014,QT450-10,196.4306302368992,,,,False
11,10,9,-2.8800000000000026,-19.442307692307693,3.200000000000001,QT450-10,196.39083047373637,,,,False
11,10,10,-2.8800000000000026,-19.442307692307693,4.800000000000001,QT450-10,196.32517270474366,,,,False
11,10,11,-2.8800000000000026,-19.442307692307693,6.400000000000002,QT450-10,196.2345514871851,,,,False
11,10,12,-2.8800000000000026,-19.442307692307693,8.0,QT450-10,196.12000317399162,,,,False
11,10,13,-2.8800000000000026,-19.442307692307693,9.600000000000001,QT450-10,195.98253414663273,,,,False
11,10,14,-2.8800000000000026,-19.442307692307693,11.200000000000003,QT450-10,195.82295531527478,,,,False
11,11,0,-2.8800000000000026,-17.865384615384617,-11.2,QT450-10,199.26105746203157,,,,False
11,11,1,-2.8800000000000026,-17.865384615384617,-9.6,QT450-10,199.42554927303047,,,,False
11,11,2,-2.8800000000000026,-17.865384615384617,-8.0,QT450-10,199.567806542304,,,,False
11,11,3,-2.8800000000000026,-17.865384615384617,-6.3999999999999995,QT450-10,199.68680831733644,,,,False
11,11,4,-2.8800000000000026,-17.865384615384617,-4.8,QT450-10,199.78128745193283,,,,False
11,11,5,-2.8800000000000026,-17.865384615384617,-3.1999999999999993,QT450-10,199.84993975677563,,,,False
11,11,6,-2.8800000000000026,-17.865384615384617,-1.5999999999999996,QT450-10,199.891640270634,,,,False
11,11,7,-2.8800000000000026,-17.865384615384617,0.0,QT450-10,199.90562972876367,,,,False
11,11,8,-2.8800000000000026,-17.865384615384617,1.6000000000000014,QT450-10,199.891640270634,,,,False
11,11,9,-2.8800000000000026,-17.865384615384617,3.200000000000001,QT450-10,199.84993975677563,,,,False
11,11,10,-2.8800000000000026,-17.865384615384617,4.800000000000001,QT450-10,199.78128745193283,,,,False
11,11,11,-2.8800000000000026,-17.865384615384617,6.400000000000002,QT450-10,199.68680831733644,,,,False
11,11,12,-2.8800000000000026,-17.865384615384617,8.0,QT450-10,199.567806542304,,,,False
11,11,13,-2.8800000000000026,-17.865384615384617,9.600000000000001,QT450-10,199.42554927303047,,,,False
11,11,14,-2.8800000000000026,-17.865384615384617,11.200000000000003,QT450-10,199.26105746203157,,,,False
11,12,0,-2.8800000000000026,-16.28846153846154,-11.2,QT450-10,202.8532126070293,,,,False
11,12,1,-2.8800000000000026,-16.28846153846154,-9.6,QT450-10,203.0230658152749,,,,False
11,12,2,-2.8800000000000026,-16.28846153846154,-8.0,QT450-10,203.17062987108022,,,,False
11,12,3,-2.8800000000000026,-16.28846153846154,-6.3999999999999995,QT450-10,203.2946272417415,,,,False
11,12,4,-2.8800000000000026,-16.28846153846154,-4.8,QT450-10,203.3934712642334,,,,False
11,12,5,-2.8800000000000026,-16.28846153846154,-3.1999999999999993,QT450-10,203.46553105865357,,,,False
11,12,6,-2.8800000000000026,-16.28846153846154,-1.5999999999999996,QT450-10,203.50940192965427,,,,False
11,12,7,-2.8800000000000026,-16.28846153846154,0.0,QT450-10,203.52413685585555,,,,False
11,12,8,-2.8800000000000026,-16.28846153846154,1.6000000000000014,QT450-10,203.50940192965427,,,,False
11,12,9,-2.8800000000000026,-16.28846153846154,3.200000000000001,QT450-10,203.46553105865357,,,,False
11,12,10,-2.8800000000000026,-16.28846153846154,4.800000000000001,QT450-10,203.3934712642334,,,,False
11,12,11,-2.8800000000000026,-16.28846153846154,6.400000000000002,QT450-10,203.2946272417415,,,,False
11,12,12,-2.8800000000000026,-16.28846153846154,8.0,QT450-10,203.17062987108022,,,,False
11,12,13,-2.8800000000000026,-16.28846153846154,9.600000000000001,QT450-10,203.0230658152749,,,,False
11,12,14,-2.8800000000000026,-16.28846153846154,11.200000000000003,QT450-10,202.8532126070293,,,,False
11,13,0,-2.8800000000000026,-14.711538461538463,-11.2,QT450-10,206.55570355937954,,,,False
11,13,1,-2.8800000000000026,-14.711538461538463,-9.6,QT450-10,206.73134037595386,,,,False
11,13,2,-2.8800000000000026,-14.711538461538463,-8.0,QT450-10,206.88473967413836,,,,False
11,13,3,-2.8800000000000026,-14.711538461538463,-6.3999999999999995,QT450-10,207.01452287786384,,,,False
11,13,4,-2.8800000000000026,-14.711538461538463,-4.8,QT450-10,207.11944352809368,,,,False
11,13,5,-2.8800000000000026,-14.711538461538463,-3.1999999999999993,QT450-10,207.1972119819205,,,,False
11,13,6,-2.8800000000000026,-14.711538461538463,-1.5999999999999996,QT450-10,207.24526850775433,,,,False
11,13,7,-2.8800000000000026,-14.711538461538463,0.0,QT450-10,207.2615534696093,,,,False
11,13,8,-2.8800000000000026,-14.711538461538463,1.6000000000000014,QT450-10,207.24526850775433,,,,False
11,13,9,-2.8800000000000026,-14.711538461538463,3.200000000000001,QT450-10,207.1972119819205,,,,False
11,13,10,-2.8800000000000026,-14.711538461538463,4.800000000000001,QT450-10,207.11944352809368,,,,False
11,13,11,-2.8800000000000026,-14.711538461538463,6.400000000000002,QT450-10,207.01452287786384,,,,False
11,13,12,-2.8800000000000026,-14.711538461538463,8.0,QT450-10,206.88473967413836,,,,False
11,13,13,-2.8800000000000026,-14.711538461538463,9.600000000000001,QT450-10,206.73134037595386,,,,False
11,13,14,-2.8800000000000026,-14.711538461538463,11.200000000000003,QT450-10,206.55570355937954,,,,False
11,14,0,-2.8800000000000026,-13.134615384615387,-11.2,QT450-10,211.1053621984028,,,,False
11,14,1,-2.8800000000000026,-13.134615384615387,-9.6,QT450-10,211.31400082158405,,,,False
11,14,2,-2.8800000000000026,-13.134615384615387,-8.0,QT450-10,211.52484473648173,,,,False
11,14,3,-2.8800000000000026,-13.134615384615387,-6.3999999999999995,QT450-10,211.73221330572238,,,,False
11,14,4,-2.8800000000000026,-13.134615384615387,-4.8,QT450-10,211.9259281176993,,,,False
11,14,5,-2.8800000000000026,-13.134615384615387,-3.1999999999999993,QT450-10,212.08987111004714,,,,False
11,14,6,-2.8800000000000026,-13.134615384615387,-1.5999999999999996,QT450-10,212.20253857581235,,,,False
11,14,7,-2.8800000000000026,-13.134615384615387,0.0,QT450-10,212.24310395093258,,,,False
11,14,8,-2.8800000000000026,-13.134615384615387,1.6000000000000014,QT450-10,212.20253857581235,,,,False
11,14,9,-2.8800000000000026,-13.134615384615387,3.200000000000001,QT450-10,212.08987111004714,,,,False
11,14,10,-2.8800000000000026,-13.134615384615387,4.800000000000001,QT450-10,211.9259281176993,,,,False
11,14,11,-2.8800000000000026,-13.134615384615387,6.400000000000002,QT450-10,211.73221330572238,,,,False
11,14,12,-2.8800000000000026,-13.134615384615387,8.0,QT450-10,211.52484473648173,,,,False
11,14,13,-2.8800000000000026,-13.134615384615387,9.600000000000001,QT450-10,211.31400082158405,,,,False
11,14,14,-2.8800000000000026,-13.134615384615387,11.200000000000003,QT450-10,211.1053621984028,,,,False
11,15,0,-2.8800000000000026,-11.55769230769231,-11.2,QT450-10,216.85170984968448,,,,False
11,15,1,-2.8800000000000026,-11.55769230769231,-9.6,QT450-10,217.1334404125516,,,,False
11,15,2,-2.8800000000000026,-11.55769230769231,-8.0,QT450-10,217.48300319226882,,,,False
11,15,3,-2.8800000000000026,-11.55769230769231,-6.3999999999999995,QT450-10,217.89563643921204,,,,False
11,15,4,-2.8800000000000026,-11.55769230769231,-4.8,QT450-10,218.35520545220638,,,,False
11,15,5,-2.8800000000000026,-11.55769230769231,-3.1999999999999993,QT450-10,218.81755308578155,,,,False
11,15,6,-2.8800000000000026,-11.55769230769231,-1.5999999999999996,QT450-10,219.18590322657283,,,,False
11,15,7,-2.8800000000000026,-11.55769230769231,0.0,QT450-10,219.33100863850328,,,,False
11,15,8,-2.8800000000000026,-11.55769230769231,1.6000000000000014,QT450-10,219.18590322657283,,,,False
11,15,9,-2.8800000000000026,-11.55769230769231,3.200000000000001,QT450-10,218.81755308578155,,,,False
11,15,10,-2.8800000000000026,-11.55769230769231,4.800000000000001,QT450-10,218.35520545220638,,,,False
11,15,11,-2.8800000000000026,-11.55769230769231,6.400000000000002,QT450-10,217.89563643921204,,,,False
11,15,12,-2.8800000000000026,-11.55769230769231,8.0,QT450-10,217.48300319226882,,,,False
11,15,13,-2.8800000000000026,-11.55769230769231,9.600000000000001,QT450-10,217.1334404125516,,,,False
11,15,14,-2.8800000000000026,-11.55769230769231,11.200000000000003,QT450-10,216.85170984968448,,,,False
11,16,0,-2.8800000000000026,-9.98076923076923,-11.2,QT450-10,223.60604100490056,,,,False
11,16,1,-2.8800000000000026,-9.98076923076923,-9.6,QT450-10,224.03150952712036,,,,False
11,16,2,-2.8800000000000026,-9.98076923076923,-8.0,QT450-10,224.6754078646109,,,,False
11,16,3,-2.8800000000000026,-9.98076923076923,-6.3999999999999995,QT450-10,225.5708819818608,,,,False
11,16,4,-2.8800000000000026,-9.98076923076923,-4.8,QT450-10,226.75002454594522,,,,False
11,16,5,-2.8800000000000026,-9.98076923076923,-3.1999999999999993,QT450-10,228.14899041394818,,,,False
11,16,6,-2.8800000000000026,-9.98076923076923,-1.5999999999999996,QT450-10,229.39107323050374,,,,False
11,16,7,-2.8800000000000026,-9.98076923076923,0.0,QT450-10,229.90285548572473,,,,False
11,16,8,-2.8800000000000026,-9.98076923076923,1.6000000000000014,QT450-10,229.39107323050374,,,,False
11,16,9,-2.8800000000000026,-9.98076923076923,3.200000000000001,QT450-10,228.14899041394818,,,,False
11,16,10,-2.8800000000000026,-9.98076923076923,4.800000000000001,QT450-10,226.75002454594522,,,,False
11,16,11,-2.8800000000000026,-9.98076923076923,6.400000000000002,QT450-10,225.57088198186077,,,,False
11,16,12,-2.8800000000000026,-9.98076923076923,8.0,QT450-10,224.6754078646109,,,,False
11,16,13,-2.8800000000000026,-9.98076923076923,9.600000000000001,QT450-10,224.03150952712036,,,,False
11,16,14,-2.8800000000000026,-9.98076923076923,11.200000000000003,QT450-10,223.60604100490056,,,,False
11,17,0,-2.8800000000000026,-8.403846153846153,-11.2,QT450-10,231.23362478021593,,,,False
11,17,1,-2.8800000000000026,-8.403846153846153,-9.6,QT450-10,231.91213422561972,,,,False
11,17,2,-2.8800000000000026,-8.403846153846153,-8.0,QT450-10,233.11262846746743,,,,False
11,17,3,-2.8800000000000026,-8.403846153846153,-6.3999999999999995,QT450-10,235.027682127923,,,,False
11,17,4,-2.8800000000000026,-8.403846153846153,-4.8,QT450-10,237.90161698785096,,,,False
11,17,5,-2.8800000000000026,-8.403846153846153,-3.1999999999999993,QT450-10,241.62043961735736,,,,False
11,17,6,-2.8800000000000026,-8.403846153846153,-1.5999999999999996,QT450-10,244.98982349939513,,,,False
11,17,7,-2.8800000000000026,-8.403846153846153,0.0,QT450-10,246.43571790779518,,,,False
11,17,8,-2.8800000000000026,-8.403846153846153,1.6000000000000014,QT450-10,244.98982349939513,,,,False
11,17,9,-2.8800000000000026,-8.403846153846153,3.200000000000001,QT450-10,241.62043961735736,,,,False
11,17,10,-2.8800000000000026,-8.403846153846153,4.800000000000001,QT450-10,237.90161698785096,,,,False
11,17,11,-2.8800000000000026,-8.403846153846153,6.400000000000002,QT450-10,235.02768212792296,,,,False
11,17,12,-2.8800000000000026,-8.403846153846153,8.0,QT450-10,233.11262846746743,,,,False
11,17,13,-2.8800000000000026,-8.403846153846153,9.600000000000001,QT450-10,231.91213422561972,,,,False
11,17,14,-2.8800000000000026,-8.403846153846153,11.200000000000003,QT450-10,231.23362478021593,,,,False
11,18,0,-2.8800000000000026,-6.826923076923077,-11.2,QT450-10,239.52554235480858,,,,False
11,18,1,-2.8800000000000026,-6.826923076923077,-9.6,QT450-10,240.6023189118007,,,,False
11,18,2,-2.8800000000000026,-6.826923076923077,-8.0,QT450-10,242.75341595616348,,,,False
11,18,3,-2.8800000000000026,-6.826923076923077,-6.3999999999999995,QT450-10,246.58098717120603,,,,False
11,18,4,-2.8800000000000026,-6.826923076923077,-4.8,QT450-10,252.84085007337262,,,,False
11,18,5,-2.8800000000000026,-6.826923076923077,-3.1999999999999993,QT450-10,261.32071921317737,,,,False
11,18,6,-2.8800000000000026,-6.826923076923077,-1.5999999999999996,QT450-10,268.80888114659325,,,,False
11,18,7,-2.8800000000000026,-6.826923076923077,0.0,QT450-10,272.2020282618479,,,,False
11,18,8,-2.8800000000000026,-6.826923076923077,1.6000000000000014,QT450-10,268.80888114659325,,,,False
11,18,9,-2.8800000000000026,-6.826923076923077,3.200000000000001,QT450-10,261.32071921317737,,,,False
11,18,10,-2.8800000000000026,-6.826923076923077,4.800000000000001,QT450-10,252.84085007337262,,,,False
11,18,11,-2.8800000000000026,-6.826923076923077,6.400000000000002,QT450-10,246.58098717120603,,,,False
11,18,12,-2.8800000000000026,-6.826923076923077,8.0,QT450-10,242.75341595616348,,,,False
11,18,13,-2.8800000000000026,-6.826923076923077,9.600000000000001,QT450-10,240.6023189118007,,,,False
11,18,14,-2.8800000000000026,-6.826923076923077,11.200000000000003,QT450-10,239.52554235480858,,,,False
11,19,0,-2.8800000000000026,-5.25,-11.2,QT450-10,248.14699476355236,,,,False
11,19,1,-2.8800000000000026,-5.25,-9.6,QT450-10,249.78974808585394,,,,False
11,19,2,-2.8800000000000026,-5.25,-8.0,QT450-10,253.3519628649067,,,,False
11,19,3,-2.8800000000000026,-5.25,-6.3999999999999995,QT450-10,260.29164284521767,,,,False
11,19,4,-2.8800000000000026,-5.25,-4.8,QT450-10,272.58526119121274,,,,False
11,19,5,-2.8800000000000026,-5.25,-3.1999999999999993,QT450-10,289.67147637111,,,,False
11,19,6,-2.8800000000000026,-5.25,-1.5999999999999996,QT450-10,307.48675551101627,,,,False
11,19,7,-2.8800000000000026,-5.25,0.0,QT450-10,315.71822269233155,,,,False
11,19,8,-2.8800000000000026,-5.25,1.6000000000000014,QT450-10,307.4867555110162,,,,False
11,19,9,-2.8800000000000026,-5.25,3.200000000000001,QT450-10,289.6714763711099,,,,False
11,19,10,-2.8800000000000026,-5.25,4.800000000000001,QT450-10,272.58526119121274,,,,False
11,19,11,-2.8800000000000026,-5.25,6.400000000000002,QT450-10,260.29164284521767,,,,False
11,19,12,-2.8800000000000026,-5.25,8.0,QT450-10,253.3519628649067,,,,False
11,19,13,-2.8800000000000026,-5.25,9.600000000000001,QT450-10,249.78974808585394,,,,False
11,19,14,-2.8800000000000026,-5.25,11.200000000000003,QT450-10,248.14699476355233,,,,False
11,20,0,-2.8800000000000026,-3.673076923076927,-11.2,QT450-10,256.61058706189044,,,,False
11,20,1,-2.8800000000000026,-3.673076923076927,-9.6,QT450-10,258.94060621960455,,,,False
11,20,2,-2.8800000000000026,-3.673076923076927,-8.0,QT450-10,264.3846943326027,,,,False
11,20,3,-2.8800000000000026,-3.673076923076927,-6.3999999999999995,QT450-10,275.85834133673626,,,,False
11,20,4,-2.8800000000000026,-3.673076923076927,-4.8,QT450-10,296.94149161377516,,,,False
11,20,5,-2.8800000000000026,-3.673076923076927,-3.1999999999999993,QT450-10,330.06603449429576,,,,False
11,20,6,-2.8800000000000026,-3.673076923076927,-1.5999999999999996,QT450-10,367.1270934379829,,,,False
11,20,7,-2.8800000000000026,-3.673076923076927,0.0,QT450-10,388.7124209774736,,,,False
11,20,8,-2.8800000000000026,-3.673076923076927,1.6000000000000014,QT450-10,367.12709343798286,,,,False
11,20,9,-2.8800000000000026,-3.673076923076927,3.200000000000001,QT450-10,330.0660344942957,,,,False
11,20,10,-2.8800000000000026,-3.673076923076927,4.800000000000001,QT450-10,296.9414916137751,,,,False
11,20,11,-2.8800000000000026,-3.673076923076927,6.400000000000002,QT450-10,275.8583413367362,,,,False
11,20,12,-2.8800000000000026,-3.673076923076927,8.0,QT450-10,264.3846943326027,,,,False
11,20,13,-2.8800000000000026,-3.673076923076927,9.600000000000001,QT450-10,258.94060621960455,,,,False
11,20,14,-2.8800000000000026,-3.673076923076927,11.200000000000003,QT450-10,256.61058706189044,,,,False
11,21,0,-2.8800000000000026,-2.0961538461538467,-11.2,ERNiFe-CI,266.33587089101917,,,,False
11,21,1,-2.8800000000000026,-2.0961538461538467,-9.6,ERNiFe-CI,269.6006871178359,,,,False
11,21,2,-2.8800000000000026,-2.0961538461538467,-8.0,ERNiFe-CI,277.44027243143586,,,,False
11,21,3,-2.8800000000000026,-2.0961538461538467,-6.3999999999999995,ERNiFe-CI,294.95999289707,,,,False
11,21,4,-2.8800000000000026,-2.0961538461538467,-4.8,ERNiFe-CI,331.1121750064423,,,,False
11,21,5,-2.8800000000000026,-2.0961538461538467,-3.1999999999999993,ERNiFe-CI,391.91763563155547,,,,False
11,21,6,-2.8800000000000026,-2.0961538461538467,-1.5999999999999996,ERNiFe-CI,498.94359403936204,,,,False
11,21,7,-2.8800000000000026,-2.0961538461538467,0.0,ERNiFe-CI,590.6844371541567,,,,False
11,21,8,-2.8800000000000026,-2.0961538461538467,1.6000000000000014,ERNiFe-CI,498.9435940393619,,,,False
11,21,9,-2.8800000000000026,-2.0961538461538467,3.200000000000001,ERNiFe-CI,391.91763563155536,,,,False
11,21,10,-2.8800000000000026,-2.0961538461538467,4.800000000000001,ERNiFe-CI,331.11217500644227,,,,False
11,21,11,-2.8800000000000026,-2.0961538461538467,6.400000000000002,ERNiFe-CI,294.9599928970699,,,,False
11,21,12,-2.8800000000000026,-2.0961538461538467,8.0,ERNiFe-CI,277.4402724314358,,,,False
11,21,13,-2.8800000000000026,-2.0961538461538467,9.600000000000001,ERNiFe-CI,269.6006871178359,,,,False
11,21,14,-2.8800000000000026,-2.0961538461538467,11.200000000000003,ERNiFe-CI,266.33587089101917,,,,False
11,22,0,-2.8800000000000026,-0.5192307692307736,-11.2,ERNiFe-CI,276.86743316771765,,,,False
11,22,1,-2.8800000000000026,-0.5192307692307736,-9.6,ERNiFe-CI,281.0653940819986,,,,False
11,22,2,-2.8800000000000026,-0.5192307692307736,-8.0,ERNiFe-CI,291.292188554696,,,,False
11,22,3,-2.8800000000000026,-0.5192307692307736,-6.3999999999999995,ERNiFe-CI,314.20341195682175,,,,False
11,22,4,-2.8800000000000026,-0.5192307692307736,-4.8,ERNiFe-CI,364.17390352454845,,,,False
11,22,5,-2.8800000000000026,-0.5192307692307736,-3.1999999999999993,ERNiFe-CI,462.59365968730475,,,,False
11,22,6,-2.8800000000000026,-0.5192307692307736,-1.5999999999999996,ERNiFe-CI,692.5024747378093,,,,False
11,22,7,-2.8800000000000026,-0.5192307692307736,0.0,ERNiFe-CI,936.1279952900642,13.198587184601578,16.047142054596346,2.848554869994768,True
11,22,8,-2.8800000000000026,-0.5192307692307736,1.6000000000000014,ERNiFe-CI,692.5024747378089,,,,False
11,22,9,-2.8800000000000026,-0.5192307692307736,3.200000000000001,ERNiFe-CI,462.5936596873046,,,,False
11,22,10,-2.8800000000000026,-0.5192307692307736,4.800000000000001,ERNiFe-CI,364.1739035245484,,,,False
11,22,11,-2.8800000000000026,-0.5192307692307736,6.400000000000002,ERNiFe-CI,314.2034119568217,,,,False
11,22,12,-2.8800000000000026,-0.5192307692307736,8.0,ERNiFe-CI,291.29218855469594,,,,False
11,22,13,-2.8800000000000026,-0.5192307692307736,9.600000000000001,ERNiFe-CI,281.0653940819986,,,,False
11,22,14,-2.8800000000000026,-0.5192307692307736,11.200000000000003,ERNiFe-CI,276.8674331677176,,,,False
11,23,0,-2.8800000000000026,1.0576923076923066,-11.2,ERNiFe-CI,285.54750836024397,,,,False
11,23,1,-2.8800000000000026,1.0576923076923066,-9.6,ERNiFe-CI,290.3236108870414,,,,False
11,23,2,-2.8800000000000026,1.0576923076923066,-8.0,ERNiFe-CI,301.71021269948216,,,,False
11,23,3,-2.8800000000000026,1.0576923076923066,-6.3999999999999995,ERNiFe-CI,325.7084598466726,,,,False
11,23,4,-2.8800000000000026,1.0576923076923066,-4.8,ERNiFe-CI,374.9099845119655,,,,False
11,23,5,-2.8800000000000026,1.0576923076923066,-3.1999999999999993,ERNiFe-CI,462.75257806286993,,,,False
11,23,6,-2.8800000000000026,1.0576923076923066,-1.5999999999999996,ERNiFe-CI,657.4713822996131,,,,False
11,23,7,-2.8800000000000026,1.0576923076923066,0.0,ERNiFe-CI,850.3988905256268,12.271359857492248,16.077076281558547,3.805716424066299,True
11,23,8,-2.8800000000000026,1.0576923076923066,1.6000000000000014,ERNiFe-CI,657.4713822996129,,,,False
11,23,9,-2.8800000000000026,1.0576923076923066,3.200000000000001,ERNiFe-CI,462.7525780628698,,,,False
11,23,10,-2.8800000000000026,1.0576923076923066,4.800000000000001,ERNiFe-CI,374.90998451196543,,,,False
11,23,11,-2.8800000000000026,1.0576923076923066,6.400000000000002,ERNiFe-CI,325.70845984667255,,,,False
11,23,12,-2.8800000000000026,1.0576923076923066,8.0,ERNiFe-CI,301.71021269948216,,,,False
11,23,13,-2.8800000000000026,1.0576923076923066,9.600000000000001,ERNiFe-CI,290.32361088704135,,,,False
11,23,14,-2.8800000000000026,1.0576923076923066,11.200000000000003,ERNiFe-CI,285.5475083602439,,,,False
11,24,0,-2.8800000000000026,2.634615384615387,-11.2,ERNiFe-CI,291.9854229687277,,,,False
11,24,1,-2.8800000000000026,2.634615384615387,-9.6,ERNiFe-CI,296.9791949676706,,,,False
11,24,2,-2.8800000000000026,2.634615384615387,-8.0,ERNiFe-CI,308.41205995448126,,,,False
11,24,3,-2.8800000000000026,2.634615384615387,-6.3999999999999995,ERNiFe-CI,330.4314590408165,,,,False
11,24,4,-2.8800000000000026,2.634615384615387,-4.8,ERNiFe-CI,368.8706678735846,,,,False
11,24,5,-2.8800000000000026,2.634615384615387,-3.1999999999999993,ERNiFe-CI,427.4217655514431,,,,False
11,24,6,-2.8800000000000026,2.634615384615387,-1.5999999999999996,ERNiFe-CI,503.35486875683904,,,,False
11,24,7,-2.8800000000000026,2.634615384615387,0.0,ERNiFe-CI,566.7758660914678,,,,False
11,24,8,-2.8800000000000026,2.634615384615387,1.6000000000000014,ERNiFe-CI,503.35486875683887,,,,False
11,24,9,-2.8800000000000026,2.634615384615387,3.200000000000001,ERNiFe-CI,427.42176555144306,,,,False
11,24,10,-2.8800000000000026,2.634615384615387,4.800000000000001,ERNiFe-CI,368.8706678735845,,,,False
11,24,11,-2.8800000000000026,2.634615384615387,6.400000000000002,ERNiFe-CI,330.43145904081643,,,,False
11,24,12,-2.8800000000000026,2.634615384615387,8.0,ERNiFe-CI,308.4120599544812,,,,False
11,24,13,-2.8800000000000026,2.634615384615387,9.600000000000001,ERNiFe-CI,296.97919496767054,,,,False
11,24,14,-2.8800000000000026,2.634615384615387,11.200000000000003,ERNiFe-CI,291.9854229687276,,,,False
11,25,0,-2.8800000000000026,4.21153846153846,-11.2,Q235B,295.14596883990095,,,,False
11,25,1,-2.8800000000000026,4.21153846153846,-9.6,Q235B,300.1061711969341,,,,False
11,25,2,-2.8800000000000026,4.21153846153846,-8.0,Q235B,311.25857171490117,,,,False
11,25,3,-2.8800000000000026,4.21153846153846,-6.3999999999999995,Q235B,331.5706113854961,,,,False
11,25,4,-2.8800000000000026,4.21153846153846,-4.8,Q235B,362.93885160876147,,,,False
11,25,5,-2.8800000000000026,4.21153846153846,-3.1999999999999993,Q235B,405.3017012383429,,,,False
11,25,6,-2.8800000000000026,4.21153846153846,-1.5999999999999996,Q235B,447.74216110805565,,,,False
11,25,7,-2.8800000000000026,4.21153846153846,0.0,Q235B,468.7872081133883,,,,False
11,25,8,-2.8800000000000026,4.21153846153846,1.6000000000000014,Q235B,447.74216110805565,,,,False
11,25,9,-2.8800000000000026,4.21153846153846,3.200000000000001,Q235B,405.30170123834284,,,,False
11,25,10,-2.8800000000000026,4.21153846153846,4.800000000000001,Q235B,362.9388516087614,,,,False
11,25,11,-2.8800000000000026,4.21153846153846,6.400000000000002,Q235B,331.570611385496,,,,False
11,25,12,-2.8800000000000026,4.21153846153846,8.0,Q235B,311.2585717149011,,,,False
11,25,13,-2.8800000000000026,4.21153846153846,9.600000000000001,Q235B,300.1061711969341,,,,False
11,25,14,-2.8800000000000026,4.21153846153846,11.200000000000003,Q235B,295.1459688399009,,,,False
12,0,0,0.0,-35.21153846153846,-11.2,QT450-10,176.21154215320396,,,,False
12,0,1,0.0,-35.21153846153846,-9.6,QT450-10,176.34579746958866,,,,False
12,0,2,0.0,-35.21153846153846,-8.0,QT450-10,176.45977803426112,,,,False
12,0,3,0.0,-35.21153846153846,-6.3999999999999995,QT450-10,176.55336267193354,,,,False
12,0,4,0.0,-35.21153846153846,-4.8,QT450-10,176.62639446513927,,,,False
12,0,5,0.0,-35.21153846153846,-3.1999999999999993,QT450-10,176.6787089390526,,,,False
12,0,6,0.0,-35.21153846153846,-1.5999999999999996,QT450-10,176.71016283085413,,,,False
12,0,7,0.0,-35.21153846153846,0.0,QT450-10,176.72065892239365,,,,False
12,0,8,0.0,-35.21153846153846,1.6000000000000014,QT450-10,176.71016283085413,,,,False
12,0,9,0.0,-35.21153846153846,3.200000000000001,QT450-10,176.6787089390526,,,,False
12,0,10,0.0,-35.21153846153846,4.800000000000001,QT450-10,176.62639446513927,,,,False
12,0,11,0.0,-35.21153846153846,6.400000000000002,QT450-10,176.55336267193354,,,,False
12,0,12,0.0,-35.21153846153846,8.0,QT450-10,176.45977803426112,,,,False
12,0,13,0.0,-35.21153846153846,9.600000000000001,QT450-10,176.34579746958866,,,,False
12,0,14,0.0,-35.21153846153846,11.200000000000003,QT450-10,176.21154215320396,,,,False
12,1,0,0.0,-33.63461538461539,-11.2,QT450-10,176.74119178720082,,,,False
12,1,1,0.0,-33.63461538461539,-9.6,QT450-10,176.87608548523798,,,,False
12,1,2,0.0,-33.63461538461539,-8.0,QT450-10,176.9906468863951,,,,False
12,1,3,0.0,-33.63461538461539,-6.3999999999999995,QT450-10,177.08473991199804,,,,False
12,1,4,0.0,-33.63461538461539,-4.8,QT450-10,177.15819123253107,,,,False
12,1,5,0.0,-33.63461538461539,-3.1999999999999993,QT450-10,177.21081994996553,,,,False
12,1,6,0.0,-33.63461538461539,-1.5999999999999996,QT450-10,177.24246873954732,,,,False
12,1,7,0.0,-33.63461538461539,0.0,QT450-10,177.25303091051086,,,,False
12,1,8,0.0,-33.63461538461539,1.6000000000000014,QT450-10,177.24246873954732,,,,False
12,1,9,0.0,-33.63461538461539,3.200000000000001,QT450-10,177.21081994996553,,,,False
12,1,10,0.0,-33.63461538461539,4.800000000000001,QT450-10,177.15819123253107,,,,False
12,1,11,0.0,-33.63461538461539,6.400000000000002,QT450-10,177.08473991199804,,,,False
12,1,12,0.0,-33.63461538461539,8.0,QT450-10,176.9906468863951,,,,False
12,1,13,0.0,-33.63461538461539,9.600000000000001,QT450-10,176.87608548523798,,,,False
12,1,14,0.0,-33.63461538461539,11.200000000000003,QT450-10,176.74119178720082,,,,False
12,2,0,0.0,-32.05769230769231,-11.2,QT450-10,177.64690547166728,,,,False
12,2,1,0.0,-32.05769230769231,-9.6,QT450-10,177.7829131403256,,,,False
12,2,2,0.0,-32.05769230769231,-8.0,QT450-10,177.8984960552291,,,,False
12,2,3,0.0,-32.05769230769231,-6.3999999999999995,QT450-10,177.99349176726884,,,,False
12,2,4,0.0,-32.05769230769231,-4.8,QT450-10,178.06769435505456,,,,False
12,2,5,0.0,-32.05769230769231,-3.1999999999999993,QT450-10,178.12088952902403,,,,False
12,2,6,0.0,-32.05769230769231,-1.5999999999999996,QT450-10,178.15289120593062,,,,False
12,2,7,0.0,-32.05769230769231,0.0,QT450-10,178.1635732884512,,,,False
12,2,8,0.0,-32.05769230769231,1.6000000000000014,QT450-10,178.15289120593062,,,,False
12,2,9,0.0,-32.05769230769231,3.200000000000001,QT450-10,178.12088952902403,,,,False
12,2,10,0.0,-32.05769230769231,4.800000000000001,QT450-10,178.06769435505456,,,,False
12,2,11,0.0,-32.05769230769231,6.400000000000002,QT450-10,177.99349176726884,,,,False
12,2,12,0.0,-32.05769230769231,8.0,QT450-10,177.8984960552291,,,,False
12,2,13,0.0,-32.05769230769231,9.600000000000001,QT450-10,177.7829131403256,,,,False
12,2,14,0.0,-32.05769230769231,11.200000000000003,QT450-10,177.64690547166728,,,,False
12,3,0,0.0,-30.48076923076923,-11.2,QT450-10,178.92532388414637,,,,False
12,3,1,0.0,-30.48076923076923,-9.6,QT450-10,179.0629248913324,,,,False
12,3,2,0.0,-30.48076923076923,-8.0,QT450-10,179.17997969677015,,,,False
12,3,3,0.0,-30.48076923076923,-6.3999999999999995,QT450-10,179.2762846773781,,,,False
12,3,4,0.0,-30.48076923076923,-4.8,QT450-10,179.35158291775974,,,,False
12,3,5,0.0,-30.48076923076923,-3.1999999999999993,QT450-10,179.40560767621247,,,,False
12,3,6,0.0,-30.48076923076923,-1.5999999999999996,QT450-10,179.43812760525452,,,,False
12,3,7,0.0,-30.48076923076923,0.0,QT450-10,179.44898603539568,,,,False
12,3,8,0.0,-30.48076923076923,1.6000000000000014,QT450-10,179.43812760525452,,,,False
12,3,9,0.0,-30.48076923076923,3.200000000000001,QT450-10,179.40560767621247,,,,False
12,3,10,0.0,-30.48076923076923,4.800000000000001,QT450-10,179.35158291775974,,,,False
12,3,11,0.0,-30.48076923076923,6.400000000000002,QT450-10,179.2762846773781,,,,False
12,3,12,0.0,-30.48076923076923,8.0,QT450-10,179.17997969677015,,,,False
12,3,13,0.0,-30.48076923076923,9.600000000000001,QT450-10,179.0629248913324,,,,False
12,3,14,0.0,-30.48076923076923,11.200000000000003,QT450-10,178.92532388414637,,,,False
12,4,0,0.0,-28.903846153846153,-11.2,QT450-10,180.5708300455503,,,,False
12,4,1,0.0,-28.903846153846153,-9.6,QT450-10,180.71051083813293,,,,False
12,4,2,0.0,-28.903846153846153,-8.0,QT450-10,180.82950164175708,,,,False
12,4,3,0.0,-28.903846153846153,-6.3999999999999995,QT450-10,180.9275402348995,,,,False
12,4,4,0.0,-28.903846153846153,-4.8,QT450-10,181.00429711173723,,,,False
12,4,5,0.0,-28.903846153846153,-3.1999999999999993,QT450-10,181.05943077423527,,,,False
12,4,6,0.0,-28.903846153846153,-1.5999999999999996,QT450-10,181.09264530614078,,,,False
12,4,7,0.0,-28.903846153846153,0.0,QT450-10,181.10374040523874,,,,False
12,4,8,0.0,-28.903846153846153,1.6000000000000014,QT450-10,181.09264530614078,,,,False
12,4,9,0.0,-28.903846153846153,3.200000000000001,QT450-10,181.05943077423527,,,,False
12,4,10,0.0,-28.903846153846153,4.800000000000001,QT450-10,181.00429711173723,,,,False
12,4,11,0.0,-28.903846153846153,6.400000000000002,QT450-10,180.9275402348995,,,,False
12,4,12,0.0,-28.903846153846153,8.0,QT450-10,180.82950164175708,,,,False
12,4,13,0.0,-28.903846153846153,9.600000000000001,QT450-10,180.71051083813293,,,,False
12,4,14,0.0,-28.903846153846153,11.200000000000003,QT450-10,180.5708300455503,,,,False
12,5,0,0.0,-27.326923076923077,-11.2,QT450-10,182.5751938241991,,,,False
12,5,1,0.0,-27.326923076923077,-9.6,QT450-10,182.7174498450675,,,,False
12,5,2,0.0,-27.326923076923077,-8.0,QT450-10,182.8388585399485,,,,False
12,5,3,0.0,-27.326923076923077,-6.3999999999999995,QT450-10,182.9390784116921,,,,False
12,5,4,0.0,-27.326923076923077,-4.8,QT450-10,183.0176815506405,,,,False
12,5,5,0.0,-27.326923076923077,-3.1999999999999993,QT450-10,183.07422500304318,,,,False
12,5,6,0.0,-27.326923076923077,-1.5999999999999996,QT450-10,183.10832516300005,,,,False
12,5,7,0.0,-27.326923076923077,0.0,QT450-10,183.11972244864498,,,,False
12,5,8,0.0,-27.326923076923077,1.6000000000000014,QT450-10,183.10832516300005,,,,False
12,5,9,0.0,-27.326923076923077,3.200000000000001,QT450-10,183.07422500304318,,,,False
12,5,10,0.0,-27.326923076923077,4.800000000000001,QT450-10,183.0176815506405,,,,False
12,5,11,0.0,-27.326923076923077,6.400000000000002,QT450-10,182.9390784116921,,,,False
12,5,12,0.0,-27.326923076923077,8.0,QT450-10,182.8388585399485,,,,False
12,5,13,0.0,-27.326923076923077,9.600000000000001,QT450-10,182.7174498450675,,,,False
12,5,14,0.0,-27.326923076923077,11.200000000000003,QT450-10,182.5751938241991,,,,False
12,6,0,0.0,-25.75,-11.2,QT450-10,184.9271188230471,,,,False
12,6,1,0.0,-25.75,-9.6,QT450-10,185.0724555946037,,,,False
12,6,2,0.0,-25.75,-8.0,QT450-10,185.19678558104695,,,,False
12,6,3,0.0,-25.75,-6.3999999999999995,QT450-10,185.29966318090408,,,,False
12,6,4,0.0,-25.75,-4.8,QT450-10,185.38053090534595,,,,False
12,6,5,0.0,-25.75,-3.1999999999999993,QT450-10,185.4388120337211,,,,False
12,6,6,0.0,-25.75,-1.5999999999999996,QT450-10,185.47400726737587,,,,False
12,6,7,0.0,-25.75,0.0,QT450-10,185.48577878742196,,,,False
12,6,8,0.0,-25.75,1.6000000000000014,QT450-10,185.47400726737587,,,,False
12,6,9,0.0,-25.75,3.200000000000001,QT450-10,185.4388120337211,,,,False
12,6,10,0.0,-25.75,4.800000000000001,QT450-10,185.38053090534595,,,,False
12,6,11,0.0,-25.75,6.400000000000002,QT450-10,185.29966318090408,,,,False
12,6,12,0.0,-25.75,8.0,QT450-10,185.19678558104695,,,,False
12,6,13,0.0,-25.75,9.600000000000001,QT450-10,185.0724555946037,,,,False
12,6,14,0.0,-25.75,11.200000000000003,QT450-10,184.9271188230471,,,,False
12,7,0,0.0,-24.173076923076923,-11.2,QT450-10,187.61171143499186,,,,False
12,7,1,0.0,-24.173076923076923,-9.6,QT450-10,187.76064480624524,,,,False
12,7,2,0.0,-24.173076923076923,-8.0,QT450-10,187.88842419262312,,,,False
12,7,3,0.0,-24.173076923076923,-6.3999999999999995,QT450-10,187.9944699356993,,,,False
12,7,4,0.0,-24.173076923076923,-4.8,QT450-10,188.07805719699428,,,,False
12,7,5,0.0,-24.173076923076923,-3.1999999999999993,QT450-10,188.1384362803915,,,,False
12,7,6,0.0,-24.173076923076923,-1.5999999999999996,QT450-10,188.17495819453612,,,,False
12,7,7,0.0,-24.173076923076923,0.0,QT450-10,188.187183862557,,,,False
12,7,8,0.0,-24.173076923076923,1.6000000000000014,QT450-10,188.17495819453612,,,,False
12,7,9,0.0,-24.173076923076923,3.200000000000001,QT450-10,188.1384362803915,,,,False
12,7,10,0.0,-24.173076923076923,4.800000000000001,QT450-10,188.07805719699428,,,,False
12,7,11,0.0,-24.173076923076923,6.400000000000002,QT450-10,187.9944699356993,,,,False
12,7,12,0.0,-24.173076923076923,8.0,QT450-10,187.88842419262312,,,,False
12,7,13,0.0,-24.173076923076923,9.600000000000001,QT450-10,187.76064480624524,,,,False
12,7,14,0.0,-24.173076923076923,11.200000000000003,QT450-10,187.61171143499186,,,,False
12,8,0,0.0,-22.596153846153847,-11.2,QT450-10,190.60989820709386,,,,False
12,8,1,0.0,-22.596153846153847,-9.6,QT450-10,190.76295359477305,,,,False
12,8,2,0.0,-22.596153846153847,-8.0,QT450-10,190.894737673266,,,,False
12,8,3,0.0,-22.596153846153847,-6.3999999999999995,QT450-10,191.00450063686614,,,,False
12,8,4,0.0,-22.596153846153847,-4.8,QT450-10,191.0913046292327,,,,False
12,8,5,0.0,-22.596153846153847,-3.1999999999999993,QT450-10,191.1541795333964,,,,False
12,8,6,0.0,-22.596153846153847,-1.5999999999999996,QT450-10,191.19228552457324,,,,False
12,8,7,0.0,-22.596153846153847,0.0,QT450-10,191.205054418798,,,,False
12,8,8,0.0,-22.596153846153847,1.6000000000000014,QT450-10,191.19228552457324,,,,False
12,8,9,0.0,-22.596153846153847,3.200000000000001,QT450-10,191.1541795333964,,,,False
12,8,10,0.0,-22.596153846153847,4.800000000000001,QT450-10,191.0913046292327,,,,False
12,8,11,0.0,-22.596153846153847,6.400000000000002,QT450-10,191.00450063686614,,,,False
12,8,12,0.0,-22.596153846153847,8.0,QT450-10,190.894737673266,,,,False
12,8,13,0.0,-22.596153846153847,9.600000000000001,QT450-10,190.76295359477305,,,,False
12,8,14,0.0,-22.596153846153847,11.200000000000003,QT450-10,190.60989820709386,,,,False
12,9,0,0.0,-21.01923076923077,-11.2,QT450-10,193.89782474685268,,,,False
12,9,1,0.0,-21.01923076923077,-9.6,QT450-10,194.0555350984642,,,,False
12,9,2,0.0,-21.01923076923077,-8.0,QT450-10,194.1919078553356,,,,False
12,9,3,0.0,-21.01923076923077,-6.3999999999999995,QT450-10,194.305979753239,,,,False
12,9,4,0.0,-21.01923076923077,-4.8,QT450-10,194.3965449689384,,,,False
12,9,5,0.0,-21.01923076923077,-3.1999999999999993,QT450-10,194.46235591486086,,,,False
12,9,6,0.0,-21.01923076923077,-1.5999999999999996,QT450-10,194.5023325230971,,,,False
12,9,7,0.0,-21.01923076923077,0.0,QT450-10,194.5157440893281,,,,False
12,9,8,0.0,-21.01923076923077,1.6000000000000014,QT450-10,194.5023325230971,,,,False
12,9,9,0.0,-21.01923076923077,3.200000000000001,QT450-10,194.46235591486086,,,,False
12,9,10,0.0,-21.01923076923077,4.800000000000001,QT450-10,194.3965449689384,,,,False
12,9,11,0.0,-21.01923076923077,6.400000000000002,QT450-10,194.305979753239,,,,False
12,9,12,0.0,-21.01923076923077,8.0,QT450-10,194.1919078553356,,,,False
12,9,13,0.0,-21.01923076923077,9.600000000000001,QT450-10,194.0555350984642,,,,False
12,9,14,0.0,-21.01923076923077,11.200000000000003,QT450-10,193.89782474685268,,,,False
12,10,0,0.0,-19.442307692307693,-11.2,QT450-10,197.44627682744087,,,,False
12,10,1,0.0,-19.442307692307693,-9.6,QT450-10,197.6091787438642,,,,False
12,10,2,0.0,-19.442307692307693,-8.0,QT450-10,197.75075309213398,,,,False
12,10,3,0.0,-19.442307692307693,-6.3999999999999995,QT450-10,197.86977121042688,,,,False
12,10,4,0.0,-19.442307692307693,-4.8,QT450-10,197.96469356282847,,,,False
12,10,5,0.0,-19.442307692307693,-3.1999999999999993,QT450-10,198.03392710100232,,,,False
12,10,6,0.0,-19.442307692307693,-1.5999999999999996,QT450-10,198.07609281539717,,,,False
12,10,7,0.0,-19.442307692307693,0.0,QT450-10,198.09025787307075,,,,False
12,10,8,0.0,-19.442307692307693,1.6000000000000014,QT450-10,198.07609281539717,,,,False
12,10,9,0.0,-19.442307692307693,3.200000000000001,QT450-10,198.03392710100232,,,,False
12,10,10,0.0,-19.442307692307693,4.800000000000001,QT450-10,197.96469356282847,,,,False
12,10,11,0.0,-19.442307692307693,6.400000000000002,QT450-10,197.86977121042688,,,,False
12,10,12,0.0,-19.442307692307693,8.0,QT450-10,197.75075309213398,,,,False
12,10,13,0.0,-19.442307692307693,9.600000000000001,QT450-10,197.6091787438642,,,,False
12,10,14,0.0,-19.442307692307693,11.200000000000003,QT450-10,197.44627682744087,,,,False
12,11,0,0.0,-17.865384615384617,-11.2,QT450-10,201.22047317183703,,,,False
12,11,1,0.0,-17.865384615384617,-9.6,QT450-10,201.3891413664265,,,,False
12,11,2,0.0,-17.865384615384617,-8.0,QT450-10,201.5365945109312,,,,False
12,11,3,0.0,-17.865384615384617,-6.3999999999999995,QT450-10,201.66127436093058,,,,False
12,11,4,0.0,-17.865384615384617,-4.8,QT450-10,201.76122892450957,,,,False
12,11,5,0.0,-17.865384615384617,-3.1999999999999993,QT450-10,201.83443901284969,,,,False
12,11,6,0.0,-17.865384615384617,-1.5999999999999996,QT450-10,201.879157419495,,,,False
12,11,7,0.0,-17.865384615384617,0.0,QT450-10,201.89420262689137,,,,False
12,11,8,0.0,-17.865384615384617,1.6000000000000014,QT450-10,201.879157419495,,,,False
12,11,9,0.0,-17.865384615384617,3.200000000000001,QT450-10,201.83443901284969,,,,False
12,11,10,0.0,-17.865384615384617,4.800000000000001,QT450-10,201.76122892450957,,,,False
12,11,11,0.0,-17.865384615384617,6.400000000000002,QT450-10,201.66127436093058,,,,False
12,11,12,0.0,-17.865384615384617,8.0,QT450-10,201.5365945109312,,,,False
12,11,13,0.0,-17.865384615384617,9.600000000000001,QT450-10,201.3891413664265,,,,False
12,11,14,0.0,-17.865384615384617,11.200000000000003,QT450-10,201.22047317183703,,,,False
12,12,0,0.0,-16.28846153846154,-11.2,QT450-10,205.18019943552451,,,,False
12,12,1,0.0,-16.28846153846154,-9.6,QT450-10,205.35522781340055,,,,False
12,12,2,0.0,-16.28846153846154,-8.0,QT450-10,205.50928365124946,,,,False
12,12,3,0.0,-16.28846153846154,-6.3999999999999995,QT450-10,205.6404058118698,,,,False
12,12,4,0.0,-16.28846153846154,-4.8,QT450-10,205.74613729669443,,,,False
12,12,5,0.0,-16.28846153846154,-3.1999999999999993,QT450-10,205.82393863846428,,,,False
12,12,6,0.0,-16.28846153846154,-1.5999999999999996,QT450-10,205.8716143827233,,,,False
12,12,7,0.0,-16.28846153846154,0.0,QT450-10,205.88768087311016,,,,False
12,12,8,0.0,-16.28846153846154,1.6000000000000014,QT450-10,205.8716143827233,,,,False
12,12,9,0.0,-16.28846153846154,3.200000000000001,QT450-10,205.82393863846428,,,,False
12,12,10,0.0,-16.28846153846154,4.800000000000001,QT450-10,205.74613729669443,,,,False
12,12,11,0.0,-16.28846153846154,6.400000000000002,QT450-10,205.6404058118698,,,,False
12,12,12,0.0,-16.28846153846154,8.0,QT450-10,205.50928365124946,,,,False
12,12,13,0.0,-16.28846153846154,9.600000000000001,QT450-10,205.35522781340055,,,,False
12,12,14,0.0,-16.28846153846154,11.200000000000003,QT450-10,205.18019943552451,,,,False
12,13,0,0.0,-14.711538461538463,-11.2,QT450-10,209.27855728731734,,,,False
12,13,1,0.0,-14.711538461538463,-9.6,QT450-10,209.46048921305612,,,,False
12,13,2,0.0,-14.711538461538463,-8.0,QT450-10,209.62186803122475,,,,False
12,13,3,0.0,-14.711538461538463,-6.3999999999999995,QT450-10,209.76023862333219,,,,False
12,13,4,0.0,-14.711538461538463,-4.8,QT450-10,209.87252983741269,,,,False
12,13,5,0.0,-14.711538461538463,-3.1999999999999993,QT450-10,209.9555741215378,,,,False
12,13,6,0.0,-14.711538461538463,-1.5999999999999996,QT450-10,210.00663791277486,,,,False
12,13,7,0.0,-14.711538461538463,0.0,QT450-10,210.02387614731816,,,,False
12,13,8,0.0,-14.711538461538463,1.6000000000000014,QT450-10,210.00663791277486,,,,False
12,13,9,0.0,-14.711538461538463,3.200000000000001,QT450-10,209.9555741215378,,,,False
12,13,10,0.0,-14.711538461538463,4.800000000000001,QT450-10,209.87252983741269,,,,False
12,13,11,0.0,-14.711538461538463,6.400000000000002,QT450-10,209.76023862333219,,,,False
12,13,12,0.0,-14.711538461538463,8.0,QT450-10,209.62186803122475,,,,False
12,13,13,0.0,-14.711538461538463,9.600000000000001,QT450-10,209.46048921305612,,,,False
12,13,14,0.0,-14.711538461538463,11.200000000000003,QT450-10,209.27855728731734,,,,False
12,14,0,0.0,-13.134615384615387,-11.2,QT450-10,214.0237424356453,,,,False
12,14,1,0.0,-13.134615384615387,-9.6,QT450-10,214.2406674732675,,,,False
12,14,2,0.0,-13.134615384615387,-8.0,QT450-10,214.46342962035865,,,,False
12,14,3,0.0,-13.134615384615387,-6.3999999999999995,QT450-10,214.68587961289512,,,,False
12,14,4,0.0,-13.134615384615387,-4.8,QT450-10,214.8966525226884,,,,False
12,14,5,0.0,-13.134615384615387,-3.1999999999999993,QT450-10,215.07724261619137,,,,False
12,14,6,0.0,-13.134615384615387,-1.5999999999999996,QT450-10,215.20250216900428,,,,False
12,14,7,0.0,-13.134615384615387,0.0,QT450-10,215.2478278479251,,,,False
12,14,8,0.0,-13.134615384615387,1.6000000000000014,QT450-10,215.20250216900428,,,,False
12,14,9,0.0,-13.134615384615387,3.200000000000001,QT450-10,215.07724261619137,,,,False
12,14,10,0.0,-13.134615384615387,4.800000000000001,QT450-10,214.8966525226884,,,,False
12,14,11,0.0,-13.134615384615387,6.400000000000002,QT450-10,214.68587961289512,,,,False
12,14,12,0.0,-13.134615384615387,8.0,QT450-10,214.46342962035865,,,,False
12,14,13,0.0,-13.134615384615387,9.600000000000001,QT450-10,214.2406674732675,,,,False
12,14,14,0.0,-13.134615384615387,11.200000000000003,QT450-10,214.0237424356453,,,,False
12,15,0,0.0,-11.55769230769231,-11.2,QT450-10,220.0240684874215,,,,False
12,15,1,0.0,-11.55769230769231,-9.6,QT450-10,220.3200184679975,,,,False
12,15,2,0.0,-11.55769230769231,-8.0,QT450-10,220.69293864960082,,,,False
12,15,3,0.0,-11.55769230769231,-6.3999999999999995,QT450-10,221.13759206986813,,,,False
12,15,4,0.0,-11.55769230769231,-4.8,QT450-10,221.63608674173105,,,,False
12,15,5,0.0,-11.55769230769231,-3.1999999999999993,QT450-10,222.13803382053538,,,,False
12,15,6,0.0,-11.55769230769231,-1.5999999999999996,QT450-10,222.53713805743487,,,,False
12,15,7,0.0,-11.55769230769231,0.0,QT450-10,222.69436850151487,,,,False
12,15,8,0.0,-11.55769230769231,1.6000000000000014,QT450-10,222.53713805743487,,,,False
12,15,9,0.0,-11.55769230769231,3.200000000000001,QT450-10,222.13803382053538,,,,False
12,15,10,0.0,-11.55769230769231,4.800000000000001,QT450-10,221.63608674173105,,,,False
12,15,11,0.0,-11.55769230769231,6.400000000000002,QT450-10,221.13759206986813,,,,False
12,15,12,0.0,-11.55769230769231,8.0,QT450-10,220.69293864960082,,,,False
12,15,13,0.0,-11.55769230769231,9.600000000000001,QT450-10,220.3200184679975,,,,False
12,15,14,0.0,-11.55769230769231,11.200000000000003,QT450-10,220.0240684874215,,,,False
12,16,0,0.0,-9.98076923076923,-11.2,QT450-10,227.04468386653053,,,,False
12,16,1,0.0,-9.98076923076923,-9.6,QT450-10,227.49198701409262,,,,False
12,16,2,0.0,-9.98076923076923,-8.0,QT450-10,228.1744000409114,,,,False
12,16,3,0.0,-9.98076923076923,-6.3999999999999995,QT450-10,229.12566262052118,,,,False
12,16,4,0.0,-9.98076923076923,-4.8,QT450-10,230.3697713802316,,,,False
12,16,5,0.0,-9.98076923076923,-3.1999999999999993,QT450-10,231.83231193756836,,,,False
12,16,6,0.0,-9.98076923076923,-1.5999999999999996,QT450-10,233.1098378543155,,,,False
12,16,7,0.0,-9.98076923076923,0.0,QT450-10,233.63711912424387,,,,False
12,16,8,0.0,-9.98076923076923,1.6000000000000014,QT450-10,233.1098378543155,,,,False
12,16,9,0.0,-9.98076923076923,3.200000000000001,QT450-10,231.83231193756836,,,,False
12,16,10,0.0,-9.98076923076923,4.800000000000001,QT450-10,230.3697713802316,,,,False
12,16,11,0.0,-9.98076923076923,6.400000000000002,QT450-10,229.12566262052118,,,,False
12,16,12,0.0,-9.98076923076923,8.0,QT450-10,228.1744000409114,,,,False
12,16,13,0.0,-9.98076923076923,9.600000000000001,QT450-10,227.49198701409262,,,,False
12,16,14,0.0,-9.98076923076923,11.200000000000003,QT450-10,227.04468386653053,,,,False
12,17,0,0.0,-8.403846153846153,-11.2,QT450-10,234.94195562945268,,,,False
12,17,1,0.0,-8.403846153846153,-9.6,QT450-10,235.65192846372076,,,,False
12,17,2,0.0,-8.403846153846153,-8.0,QT450-10,236.90948778416293,,,,False
12,17,3,0.0,-8.403846153846153,-6.3999999999999995,QT450-10,238.90851412866888,,,,False
12,17,4,0.0,-8.403846153846153,-4.8,QT450-10,241.8714822249232,,,,False
12,17,5,0.0,-8.403846153846153,-3.1999999999999993,QT450-10,245.64373789423075,,,,False
12,17,6,0.0,-8.403846153846153,-1.5999999999999996,QT450-10,249.0495646013801,,,,False
12,17,7,0.0,-8.403846153846153,0.0,QT450-10,250.50214934521716,,,,False
12,17,8,0.0,-8.403846153846153,1.6000000000000014,QT450-10,249.0495646013801,,,,False
12,17,9,0.0,-8.403846153846153,3.200000000000001,QT450-10,245.64373789423075,,,,False
12,17,10,0.0,-8.403846153846153,4.800000000000001,QT450-10,241.8714822249232,,,,False
12,17,11,0.0,-8.403846153846153,6.400000000000002,QT450-10,238.90851412866888,,,,False
12,17,12,0.0,-8.403846153846153,8.0,QT450-10,236.90948778416293,,,,False
12,17,13,0.0,-8.403846153846153,9.600000000000001,QT450-10,235.65192846372076,,,,False
12,17,14,0.0,-8.403846153846153,11.200000000000003,QT450-10,234.94195562945268,,,,False
12,18,0,0.0,-6.826923076923077,-11.2,QT450-10,243.49805925066775,,,,False
12,18,1,0.0,-6.826923076923077,-9.6,QT450-10,244.61863630075072,,,,False
12,18,2,0.0,-6.826923076923077,-8.0,QT450-10,246.84977758757375,,,,False
12,18,3,0.0,-6.826923076923077,-6.3999999999999995,QT450-10,250.78886386457043,,,,False
12,18,4,0.0,-6.826923076923077,-4.8,QT450-10,257.1424308505097,,,,False
12,18,5,0.0,-6.826923076923077,-3.1999999999999993,QT450-10,265.665459337285,,,,False
12,18,6,0.0,-6.826923076923077,-1.5999999999999996,QT450-10,273.17867874443266,,,,False
12,18,7,0.0,-6.826923076923077,0.0,QT450-10,276.5775133637259,,,,False
12,18,8,0.0,-6.826923076923077,1.6000000000000014,QT450-10,273.17867874443266,,,,False
12,18,9,0.0,-6.826923076923077,3.200000000000001,QT450-10,265.665459337285,,,,False
12,18,10,0.0,-6.826923076923077,4.800000000000001,QT450-10,257.1424308505097,,,,False
12,18,11,0.0,-6.826923076923077,6.400000000000002,QT450-10,250.78886386457043,,,,False
12,18,12,0.0,-6.826923076923077,8.0,QT450-10,246.84977758757375,,,,False
12,18,13,0.0,-6.826923076923077,9.600000000000001,QT450-10,244.61863630075072,,,,False
12,18,14,0.0,-6.826923076923077,11.200000000000003,QT450-10,243.49805925066775,,,,False
12,19,0,0.0,-5.25,-11.2,QT450-10,252.37195877366153,,,,False
12,19,1,0.0,-5.25,-9.6,QT450-10,254.0696126980694,,,,False
12,19,2,0.0,-5.25,-8.0,QT450-10,257.7396951272161,,,,False
12,19,3,0.0,-5.25,-6.3999999999999995,QT450-10,264.80456645880577,,,,False
12,19,4,0.0,-5.25,-4.8,QT450-10,277.18488096651305,,,,False
12,19,5,0.0,-5.25,-3.1999999999999993,QT450-10,294.32636365313414,,,,False
12,19,6,0.0,-5.25,-1.5999999999999996,QT450-10,312.1625487068023,,,,False
12,19,7,0.0,-5.25,0.0,QT450-10,320.4028089399482,,,,False
12,19,8,0.0,-5.25,1.6000000000000014,QT450-10,312.1625487068022,,,,False
12,19,9,0.0,-5.25,3.200000000000001,QT450-10,294.32636365313414,,,,False
12,19,10,0.0,-5.25,4.800000000000001,QT450-10,277.18488096651305,,,,False
12,19,11,0.0,-5.25,6.400000000000002,QT450-10,264.80456645880577,,,,False
12,19,12,0.0,-5.25,8.0,QT450-10,257.7396951272161,,,,False
12,19,13,0.0,-5.25,9.600000000000001,QT450-10,254.0696126980694,,,,False
12,19,14,0.0,-5.25,11.200000000000003,QT450-10,252.37195877366153,,,,False
12,20,0,0.0,-3.673076923076927,-11.2,QT450-10,261.0614959532441,,,,False
12,20,1,0.0,-3.673076923076927,-9.6,QT450-10,263.46118052876756,,,,False
12,20,2,0.0,-3.673076923076927,-8.0,QT450-10,269.03406178210463,,,,False
12,20,3,0.0,-3.673076923076927,-6.3999999999999995,QT450-10,280.6576264684751,,,,False
12,20,4,0.0,-3.673076923076927,-4.8,QT450-10,301.8426241485222,,,,False
12,20,5,0.0,-3.673076923076927,-3.1999999999999993,QT450-10,335.0175329666228,,,,False
12,20,6,0.0,-3.673076923076927,-1.5999999999999996,QT450-10,372.1232533103691,,,,False
12,20,7,0.0,-3.673076923076927,0.0,QT450-10,393.7273507082678,,,,False
12,20,8,0.0,-3.673076923076927,1.6000000000000014,QT450-10,372.1232533103691,,,,False
12,20,9,0.0,-3.673076923076927,3.200000000000001,QT450-10,335.0175329666228,,,,False
12,20,10,0.0,-3.673076923076927,4.800000000000001,QT450-10,301.84262414852213,,,,False
12,20,11,0.0,-3.673076923076927,6.400000000000002,QT450-10,280.6576264684751,,,,False
12,20,12,0.0,-3.673076923076927,8.0,QT450-10,269.03406178210463,,,,False
12,20,13,0.0,-3.673076923076927,9.600000000000001,QT450-10,263.46118052876756,,,,False
12,20,14,0.0,-3.673076923076927,11.200000000000003,QT450-10,261.0614959532441,,,,False
12,21,0,0.0,-2.0961538461538467,-11.2,ERNiFe-CI,271.02162843270105,,,,False
12,21,1,0.0,-2.0961538461538467,-9.6,ERNiFe-CI,274.37268662601406,,,,False
12,21,2,0.0,-2.0961538461538467,-8.0,ERNiFe-CI,282.35976762496375,,,,False
12,21,3,0.0,-2.0961538461538467,-6.3999999999999995,ERNiFe-CI,300.0353813118475,,,,False
12,21,4,0.0,-2.0961538461538467,-4.8,ERNiFe-CI,336.3023291314374,,,,False
12,21,5,0.0,-2.0961538461538467,-3.1999999999999993,ERNiFe-CI,397.17045855374676,,,,False
12,21,6,0.0,-2.0961538461538467,-1.5999999999999996,ERNiFe-CI,504.2210900041566,,,,False
12,21,7,0.0,-2.0961538461538467,0.0,ERNiFe-CI,595.9920394133711,,,,False
12,21,8,0.0,-2.0961538461538467,1.6000000000000014,ERNiFe-CI,504.2210900041565,,,,False
12,21,9,0.0,-2.0961538461538467,3.200000000000001,ERNiFe-CI,397.17045855374664,,,,False
12,21,10,0.0,-2.0961538461538467,4.800000000000001,ERNiFe-CI,336.3023291314373,,,,False
12,21,11,0.0,-2.0961538461538467,6.400000000000002,ERNiFe-CI,300.03538131184746,,,,False
12,21,12,0.0,-2.0961538461538467,8.0,ERNiFe-CI,282.35976762496375,,,,False
12,21,13,0.0,-2.0961538461538467,9.600000000000001,ERNiFe-CI,274.37268662601406,,,,False
12,21,14,0.0,-2.0961538461538467,11.200000000000003,ERNiFe-CI,271.02162843270105,,,,False
12,22,0,0.0,-0.5192307692307736,-11.2,ERNiFe-CI,281.7855090113462,,,,False
12,22,1,0.0,-0.5192307692307736,-9.6,ERNiFe-CI,286.07727738910023,,,,False
12,22,2,0.0,-0.5192307692307736,-8.0,ERNiFe-CI,296.47922947370307,,,,False
12,22,3,0.0,-0.5192307692307736,-6.3999999999999995,ERNiFe-CI,319.56235573784716,,,,False
12,22,4,0.0,-0.5192307692307736,-4.8,ERNiFe-CI,369.64275351588907,,,,False
12,22,5,0.0,-0.5192307692307736,-3.1999999999999993,ERNiFe-CI,468.1170624622003,,,,False
12,22,6,0.0,-0.5192307692307736,-1.5999999999999996,ERNiFe-CI,698.0693935281276,,,,False
12,22,7,0.0,-0.5192307692307736,0.0,ERNiFe-CI,941.7101637178746,15.196180152859297,18.025095215449955,2.8289150625906583,True
12,22,8,0.0,-0.5192307692307736,1.6000000000000014,ERNiFe-CI,698.0693935281272,,,,False
12,22,9,0.0,-0.5192307692307736,3.200000000000001,ERNiFe-CI,468.1170624622001,,,,False
12,22,10,0.0,-0.5192307692307736,4.800000000000001,ERNiFe-CI,369.64275351588896,,,,False
12,22,11,0.0,-0.5192307692307736,6.400000000000002,ERNiFe-CI,319.5623557378471,,,,False
12,22,12,0.0,-0.5192307692307736,8.0,ERNiFe-CI,296.47922947370307,,,,False
12,22,13,0.0,-0.5192307692307736,9.600000000000001,ERNiFe-CI,286.07727738910023,,,,False
12,22,14,0.0,-0.5192307692307736,11.200000000000003,ERNiFe-CI,281.7855090113462,,,,False
12,23,0,0.0,1.0576923076923066,-11.2,ERNiFe-CI,290.642956282439,,,,False
12,23,1,0.0,1.0576923076923066,-9.6,ERNiFe-CI,295.5148395920605,,,,False
12,23,2,0.0,1.0576923076923066,-8.0,ERNiFe-CI,307.0821424994905,,,,False
12,23,3,0.0,1.0576923076923066,-6.3999999999999995,ERNiFe-CI,331.2568577253295,,,,False
12,23,4,0.0,1.0576923076923066,-4.8,ERNiFe-CI,380.59697857067346,,,,False
12,23,5,0.0,1.0576923076923066,-3.1999999999999993,ERNiFe-CI,468.5295250645884,,,,False
12,23,6,0.0,1.0576923076923066,-1.5999999999999996,ERNiFe-CI,663.2968617807383,,,,False
12,23,7,0.0,1.0576923076923066,0.0,ERNiFe-CI,856.2522687591907,14.26262076474803,18.068556677248463,3.8059359125004324,True
12,23,8,0.0,1.0576923076923066,1.6000000000000014,ERNiFe-CI,663.2968617807381,,,,False
12,23,9,0.0,1.0576923076923066,3.200000000000001,ERNiFe-CI,468.5295250645883,,,,False
12,23,10,0.0,1.0576923076923066,4.800000000000001,ERNiFe-CI,380.5969785706734,,,,False
12,23,11,0.0,1.0576923076923066,6.400000000000002,ERNiFe-CI,331.25685772532944,,,,False
12,23,12,0.0,1.0576923076923066,8.0,ERNiFe-CI,307.08214249949043,,,,False
12,23,13,0.0,1.0576923076923066,9.600000000000001,ERNiFe-CI,295.51483959206047,,,,False
12,23,14,0.0,1.0576923076923066,11.200000000000003,ERNiFe-CI,290.642956282439,,,,False
12,24,0,0.0,2.634615384615387,-11.2,ERNiFe-CI,297.2027127285388,,,,False
12,24,1,0.0,2.634615384615387,-9.6,ERNiFe-CI,302.28930785674515,,,,False
12,24,2,0.0,2.634615384615387,-8.0,ERNiFe-CI,313.89612134231714,,,,False
12,24,3,0.0,2.634615384615387,-6.3999999999999995,ERNiFe-CI,336.08249958307016,,,,False
12,24,4,0.0,2.634615384615387,-4.8,ERNiFe-CI,374.69758619628294,,,,False
12,24,5,0.0,2.634615384615387,-3.1999999999999993,ERNiFe-CI,433.36662452918864,,,,False
12,24,6,0.0,2.634615384615387,-1.5999999999999996,ERNiFe-CI,509.4098506968362,,,,False
12,24,7,0.0,2.634615384615387,0.0,ERNiFe-CI,572.8896047921793,,,,False
12,24,8,0.0,2.634615384615387,1.6000000000000014,ERNiFe-CI,509.40985069683614,,,,False
12,24,9,0.0,2.634615384615387,3.200000000000001,ERNiFe-CI,433.3666245291885,,,,False
12,24,10,0.0,2.634615384615387,4.800000000000001,ERNiFe-CI,374.6975861962829,,,,False
12,24,11,0.0,2.634615384615387,6.400000000000002,ERNiFe-CI,336.0824995830701,,,,False
12,24,12,0.0,2.634615384615387,8.0,ERNiFe-CI,313.8961213423171,,,,False
12,24,13,0.0,2.634615384615387,9.600000000000001,ERNiFe-CI,302.28930785674515,,,,False
12,24,14,0.0,2.634615384615387,11.200000000000003,ERNiFe-CI,297.2027127285388,,,,False
12,25,0,0.0,4.21153846153846,-11.2,Q235B,300.4206327314564,,,,False
12,25,1,0.0,4.21153846153846,-9.6,Q235B,305.468957862157,,,,False
12,25,2,0.0,4.21153846153846,-8.0,Q235B,316.7876025324851,,,,False
12,25,3,0.0,4.21153846153846,-6.3999999999999995,Q235B,337.2600931767581,,,,False
12,25,4,0.0,4.21153846153846,-4.8,Q235B,368.80198806185433,,,,False
12,25,5,0.0,4.21153846153846,-3.1999999999999993,Q235B,411.29261695373356,,,,False
12,25,6,0.0,4.21153846153846,-1.5999999999999996,Q235B,453.87874247948304,,,,False
12,25,7,0.0,4.21153846153846,0.0,Q235B,475.00131319108493,,,,False
12,25,8,0.0,4.21153846153846,1.6000000000000014,Q235B,453.878742479483,,,,False
12,25,9,0.0,4.21153846153846,3.200000000000001,Q235B,411.2926169537335,,,,False
12,25,10,0.0,4.21153846153846,4.800000000000001,Q235B,368.8019880618543,,,,False
12,25,11,0.0,4.21153846153846,6.400000000000002,Q235B,337.26009317675806,,,,False
12,25,12,0.0,4.21153846153846,8.0,Q235B,316.7876025324851,,,,False
12,25,13,0.0,4.21153846153846,9.600000000000001,Q235B,305.468957862157,,,,False
12,25,14,0.0,4.21153846153846,11.200000000000003,Q235B,300.4206327314564,,,,False
13,0,0,2.8799999999999955,-35.21153846153846,-11.2,QT450-10,175.99143193399598,,,,False
13,0,1,2.8799999999999955,-35.21153846153846,-9.6,QT450-10,176.1255846258992,,,,False
13,0,2,2.8799999999999955,-35.21153846153846,-8.0,QT450-10,176.2396232777929,,,,False
13,0,3,2.8799999999999955,-35.21153846153846,-6.3999999999999995,QT450-10,176.3333806272265,,,,False
13,0,4,2.8799999999999955,-35.21153846153846,-4.8,QT450-10,176.40664000308027,,,,False
13,0,5,2.8799999999999955,-35.21153846153846,-3.1999999999999993,QT450-10,176.45917409653177,,,,False
13,0,6,2.8799999999999955,-35.21153846153846,-1.5999999999999996,QT450-10,176.49078477625218,,,,False
13,0,7,2.8799999999999955,-35.21153846153846,0.0,QT450-10,176.5013375303573,,,,False
13,0,8,2.8799999999999955,-35.21153846153846,1.6000000000000014,QT450-10,176.49078477625218,,,,False
13,0,9,2.8799999999999955,-35.21153846153846,3.200000000000001,QT450-10,176.45917409653177,,,,False
13,0,10,2.8799999999999955,-35.21153846153846,4.800000000000001,QT450-10,176.40664000308027,,,,False
13,0,11,2.8799999999999955,-35.21153846153846,6.400000000000002,QT450-10,176.3333806272265,,,,False
13,0,12,2.8799999999999955,-35.21153846153846,8.0,QT450-10,176.2396232777929,,,,False
13,0,13,2.8799999999999955,-35.21153846153846,9.600000000000001,QT450-10,176.1255846258992,,,,False
13,0,14,2.8799999999999955,-35.21153846153846,11.200000000000003,QT450-10,175.99143193399598,,,,False
13,1,0,2.8799999999999955,-33.63461538461539,-11.2,QT450-10,176.54642134707785,,,,False
13,1,1,2.8799999999999955,-33.63461538461539,-9.6,QT450-10,176.68125911146203,,,,False
13,1,2,2.8799999999999955,-33.63461538461539,-8.0,QT450-10,176.79593603700553,,,,False
13,1,3,2.8799999999999955,-33.63461538461539,-6.3999999999999995,QT450-10,176.89026415147845,,,,False
13,1,4,2.8799999999999955,-33.63461538461539,-4.8,QT450-10,176.96400298284564,,,,False
13,1,5,2.8799999999999955,-33.63461538461539,-3.1999999999999993,QT450-10,177.01690109196906,,,,False
13,1,6,2.8799999999999955,-33.63461538461539,-1.5999999999999996,QT450-10,177.04873958245378,,,,False
13,1,7,2.8799999999999955,-33.63461538461539,0.0,QT450-10,177.05936992295383,,,,False
13,1,8,2.8799999999999955,-33.63461538461539,1.6000000000000014,QT450-10,177.04873958245378,,,,False
13,1,9,2.8799999999999955,-33.63461538461539,3.200000000000001,QT450-10,177.01690109196906,,,,False
13,1,10,2.8799999999999955,-33.63461538461539,4.800000000000001,QT450-10,176.96400298284564,,,,False
13,1,11,2.8799999999999955,-33.63461538461539,6.400000000000002,QT450-10,176.89026415147845,,,,False
13,1,12,2.8799999999999955,-33.63461538461539,8.0,QT450-10,176.79593603700553,,,,False
13,1,13,2.8799999999999955,-33.63461538461539,9.600000000000001,QT450-10,176.68125911146203,,,,False
13,1,14,2.8799999999999955,-33.63461538461539,11.200000000000003,QT450-10,176.54642134707785,,,,False
13,2,0,2.8799999999999955,-32.05769230769231,-11.2,QT450-10,177.50363217101705,,,,False
13,2,1,2.8799999999999955,-32.05769230769231,-9.6,QT450-10,177.63968013569547,,,,False
13,2,2,2.8799999999999955,-32.05769230769231,-8.0,QT450-10,177.75549730563205,,,,False
13,2,3,2.8799999999999955,-32.05769230769231,-6.3999999999999995,QT450-10,177.85085725239776,,,,False
13,2,4,2.8799999999999955,-32.05769230769231,-4.8,QT450-10,177.92547153998788,,,,False
13,2,5,2.8799999999999955,-32.05769230769231,-3.1999999999999993,QT450-10,177.97903930445182,,,,False
13,2,6,2.8799999999999955,-32.05769230769231,-1.5999999999999996,QT450-10,178.01129894607925,,,,False
13,2,7,2.8799999999999955,-32.05769230769231,0.0,QT450-10,178.02207306779016,,,,False
13,2,8,2.8799999999999955,-32.05769230769231,1.6000000000000014,QT450-10,178.01129894607925,,,,False
13,2,9,2.8799999999999955,-32.05769230769231,3.200000000000001,QT450-10,177.97903930445182,,,,False
13,2,10,2.8799999999999955,-32.05769230769231,4.800000000000001,QT450-10,177.92547153998788,,,,False
13,2,11,2.8799999999999955,-32.05769230769231,6.400000000000002,QT450-10,177.85085725239776,,,,False
13,2,12,2.8799999999999955,-32.05769230769231,8.0,QT450-10,177.75549730563205,,,,False
13,2,13,2.8799999999999955,-32.05769230769231,9.600000000000001,QT450-10,177.63968013569547,,,,False
13,2,14,2.8799999999999955,-32.05769230769231,11.200000000000003,QT450-10,177.50363217101705,,,,False
13,3,0,2.8799999999999955,-30.48076923076923,-11.2,QT450-10,178.86070832242197,,,,False
13,3,1,2.8799999999999955,-30.48076923076923,-9.6,QT450-10,178.9985005223077,,,,False
13,3,2,2.8799999999999955,-30.48076923076923,-8.0,QT450-10,179.11597723484533,,,,False
13,3,3,2.8799999999999955,-30.48076923076923,-6.3999999999999995,QT450-10,179.2128514351543,,,,False
13,3,4,2.8799999999999955,-30.48076923076923,-4.8,QT450-10,179.28875898183557,,,,False
13,3,5,2.8799999999999955,-30.48076923076923,-3.1999999999999993,QT450-10,179.34332078108355,,,,False
13,3,6,2.8799999999999955,-30.48076923076923,-1.5999999999999996,QT450-10,179.37620754704048,,,,False
13,3,7,2.8799999999999955,-30.48076923076923,0.0,QT450-10,179.38719610014803,,,,False
13,3,8,2.8799999999999955,-30.48076923076923,1.6000000000000014,QT450-10,179.37620754704048,,,,False
13,3,9,2.8799999999999955,-30.48076923076923,3.200000000000001,QT450-10,179.34332078108355,,,,False
13,3,10,2.8799999999999955,-30.48076923076923,4.800000000000001,QT450-10,179.28875898183557,,,,False
13,3,11,2.8799999999999955,-30.48076923076923,6.400000000000002,QT450-10,179.2128514351543,,,,False
13,3,12,2.8799999999999955,-30.48076923076923,8.0,QT450-10,179.11597723484533,,,,False
13,3,13,2.8799999999999955,-30.48076923076923,9.600000000000001,QT450-10,178.9985005223077,,,,False
13,3,14,2.8799999999999955,-30.48076923076923,11.200000000000003,QT450-10,178.86070832242197,,,,False
13,4,0,2.8799999999999955,-28.903846153846153,-11.2,QT450-10,180.61344477961808,,,,False
13,4,1,2.8799999999999955,-28.903846153846153,-9.6,QT450-10,180.7535300793093,,,,False
13,4,2,2.8799999999999955,-28.903846153846153,-8.0,QT450-10,180.87321101234704,,,,False
13,4,3,2.8799999999999955,-28.903846153846153,-6.3999999999999995,QT450-10,180.97211355402635,,,,False
13,4,4,2.8799999999999955,-28.903846153846153,-4.8,QT450-10,181.04976482511486,,,,False
13,4,5,2.8799999999999955,-28.903846153846153,-3.1999999999999993,QT450-10,181.10567326130783,,,,False
13,4,6,2.8799999999999955,-28.903846153846153,-1.5999999999999996,QT450-10,181.13941219928236,,,,False
13,4,7,2.8799999999999955,-28.903846153846153,0.0,QT450-10,181.15069256841014,,,,False
13,4,8,2.8799999999999955,-28.903846153846153,1.6000000000000014,QT450-10,181.13941219928236,,,,False
13,4,9,2.8799999999999955,-28.903846153846153,3.200000000000001,QT450-10,181.10567326130783,,,,False
13,4,10,2.8799999999999955,-28.903846153846153,4.800000000000001,QT450-10,181.04976482511486,,,,False
13,4,11,2.8799999999999955,-28.903846153846153,6.400000000000002,QT450-10,180.97211355402635,,,,False
13,4,12,2.8799999999999955,-28.903846153846153,8.0,QT450-10,180.87321101234704,,,,False
13,4,13,2.8799999999999955,-28.903846153846153,9.600000000000001,QT450-10,180.7535300793093,,,,False
13,4,14,2.8799999999999955,-28.903846153846153,11.200000000000003,QT450-10,180.61344477961808,,,,False
13,5,0,2.8799999999999955,-27.326923076923077,-11.2,QT450-10,182.75533959926474,,,,False
13,5,1,2.8799999999999955,-27.326923076923077,-9.6,QT450-10,182.89828633874635,,,,False
13,5,2,2.8799999999999955,-27.326923076923077,-8.0,QT450-10,183.02074988123235,,,,False
13,5,3,2.8799999999999955,-27.326923076923077,-6.3999999999999995,QT450-10,183.12223726833776,,,,False
13,5,4,2.8799999999999955,-27.326923076923077,-4.8,QT450-10,183.20212672723014,,,,False
13,5,5,2.8799999999999955,-27.326923076923077,-3.1999999999999993,QT450-10,183.25977254856798,,,,False
13,5,6,2.8799999999999955,-27.326923076923077,-1.5999999999999996,QT450-10,183.2946145354847,,,,False
13,5,7,2.8799999999999955,-27.326923076923077,0.0,QT450-10,183.30627323204172,,,,False
13,5,8,2.8799999999999955,-27.326923076923077,1.6000000000000014,QT450-10,183.2946145354847,,,,False
13,5,9,2.8799999999999955,-27.326923076923077,3.200000000000001,QT450-10,183.25977254856798,,,,False
13,5,10,2.8799999999999955,-27.326923076923077,4.800000000000001,QT450-10,183.20212672723014,,,,False
13,5,11,2.8799999999999955,-27.326923076923077,6.400000000000002,QT450-10,183.12223726833776,,,,False
13,5,12,2.8799999999999955,-27.326923076923077,8.0,QT450-10,183.02074988123235,,,,False
13,5,13,2.8799999999999955,-27.326923076923077,9.600000000000001,QT450-10,182.89828633874635,,,,False
13,5,14,2.8799999999999955,-27.326923076923077,11.200000000000003,QT450-10,182.75533959926474,,,,False
13,6,0,2.8799999999999955,-25.75,-11.2,QT450-10,185.27701471274887,,,,False
13,6,1,2.8799999999999955,-25.75,-9.6,QT450-10,185.423414608696,,,,False
13,6,2,2.8799999999999955,-25.75,-8.0,QT450-10,185.54928111870657,,,,False
13,6,3,2.8799999999999955,-25.75,-6.3999999999999995,QT450-10,185.6539632931435,,,,False
13,6,4,2.8799999999999955,-25.75,-4.8,QT450-10,185.7366411582409,,,,False
13,6,5,2.8799999999999955,-25.75,-3.1999999999999993,QT450-10,185.79646360843734,,,,False
13,6,6,2.8799999999999955,-25.75,-1.5999999999999996,QT450-10,185.8326924162372,,,,False
13,6,7,2.8799999999999955,-25.75,0.0,QT450-10,185.8448275842617,,,,False
13,6,8,2.8799999999999955,-25.75,1.6000000000000014,QT450-10,185.8326924162372,,,,False
13,6,9,2.8799999999999955,-25.75,3.200000000000001,QT450-10,185.79646360843734,,,,False
13,6,10,2.8799999999999955,-25.75,4.800000000000001,QT450-10,185.7366411582409,,,,False
13,6,11,2.8799999999999955,-25.75,6.400000000000002,QT450-10,185.6539632931435,,,,False
13,6,12,2.8799999999999955,-25.75,8.0,QT450-10,185.54928111870657,,,,False
13,6,13,2.8799999999999955,-25.75,9.600000000000001,QT450-10,185.423414608696,,,,False
13,6,14,2.8799999999999955,-25.75,11.200000000000003,QT450-10,185.27701471274887,,,,False
13,7,0,2.8799999999999955,-24.173076923076923,-11.2,QT450-10,188.16552440999132,,,,False
13,7,1,2.8799999999999955,-24.173076923076923,-9.6,QT450-10,188.315995657577,,,,False
13,7,2,2.8799999999999955,-24.173076923076923,-8.0,QT450-10,188.44593539266023,,,,False
13,7,3,2.8799999999999955,-24.173076923076923,-6.3999999999999995,QT450-10,188.5544867778875,,,,False
13,7,4,2.8799999999999955,-24.173076923076923,-4.8,QT450-10,188.6405710005382,,,,False
13,7,5,2.8799999999999955,-24.173076923076923,-3.1999999999999993,QT450-10,188.7030684461871,,,,False
13,7,6,2.8799999999999955,-24.173076923076923,-1.5999999999999996,QT450-10,188.74100802568955,,,,False
13,7,7,2.8799999999999955,-24.173076923076923,0.0,QT450-10,188.75373202928722,,,,False
13,7,8,2.8799999999999955,-24.173076923076923,1.6000000000000014,QT450-10,188.74100802568955,,,,False
13,7,9,2.8799999999999955,-24.173076923076923,3.200000000000001,QT450-10,188.7030684461871,,,,False
13,7,10,2.8799999999999955,-24.173076923076923,4.800000000000001,QT450-10,188.6405710005382,,,,False
13,7,11,2.8799999999999955,-24.173076923076923,6.400000000000002,QT450-10,188.5544867778875,,,,False
13,7,12,2.8799999999999955,-24.173076923076923,8.0,QT450-10,188.44593539266023,,,,False
13,7,13,2.8799999999999955,-24.173076923076923,9.600000000000001,QT450-10,188.315995657577,,,,False
13,7,14,2.8799999999999955,-24.173076923076923,11.200000000000003,QT450-10,188.16552440999132,,,,False
13,8,0,2.8799999999999955,-22.596153846153847,-11.2,QT450-10,191.4035779945425,,,,False
13,8,1,2.8799999999999955,-22.596153846153847,-9.6,QT450-10,191.5587673361053,,,,False
13,8,2,2.8799999999999955,-22.596153846153847,-8.0,QT450-10,191.69350773659502,,,,False
13,8,3,2.8799999999999955,-22.596153846153847,-6.3999999999999995,QT450-10,191.8066779635496,,,,False
13,8,4,2.8799999999999955,-22.596153846153847,-4.8,QT450-10,191.89686610668707,,,,False
13,8,5,2.8799999999999955,-22.596153846153847,-3.1999999999999993,QT450-10,191.9626066728188,,,,False
13,8,6,2.8799999999999955,-22.596153846153847,-1.5999999999999996,QT450-10,192.00262847270994,,,,False
13,8,7,2.8799999999999955,-22.596153846153847,0.0,QT450-10,192.01607050000942,,,,False
13,8,8,2.8799999999999955,-22.596153846153847,1.6000000000000014,QT450-10,192.00262847270994,,,,False
13,8,9,2.8799999999999955,-22.596153846153847,3.200000000000001,QT450-10,191.9626066728188,,,,False
13,8,10,2.8799999999999955,-22.596153846153847,4.800000000000001,QT450-10,191.89686610668707,,,,False
13,8,11,2.8799999999999955,-22.596153846153847,6.400000000000002,QT450-10,191.8066779635496,,,,False
13,8,12,2.8799999999999955,-22.596153846153847,8.0,QT450-10,191.69350773659502,,,,False
13,8,13,2.8799999999999955,-22.596153846153847,9.600000000000001,QT450-10,191.5587673361053,,,,False
13,8,14,2.8799999999999955,-22.596153846153847,11.200000000000003,QT450-10,191.4035779945425,,,,False
13,9,0,2.8799999999999955,-21.01923076923077,-11.2,QT450-10,194.96871218338987,,,,False
13,9,1,2.8799999999999955,-21.01923076923077,-9.6,QT450-10,195.12929575328087,,,,False
13,9,2,2.8799999999999955,-21.01923076923077,-8.0,QT450-10,195.2696278687699,,,,False
13,9,3,2.8799999999999955,-21.01923076923077,-6.3999999999999995,QT450-10,195.38825192182358,,,,False
13,9,4,2.8799999999999955,-21.01923076923077,-4.8,QT450-10,195.4833326128014,,,,False
13,9,5,2.8799999999999955,-21.01923076923077,-3.1999999999999993,QT450-10,195.55296449280274,,,,False
13,9,6,2.8799999999999955,-21.01923076923077,-1.5999999999999996,QT450-10,195.5954945623386,,,,False
13,9,7,2.8799999999999955,-21.01923076923077,0.0,QT450-10,195.60980315252345,,,,False
13,9,8,2.8799999999999955,-21.01923076923077,1.6000000000000014,QT450-10,195.5954945623386,,,,False
13,9,9,2.8799999999999955,-21.01923076923077,3.200000000000001,QT450-10,195.55296449280274,,,,False
13,9,10,2.8799999999999955,-21.01923076923077,4.800000000000001,QT450-10,195.4833326128014,,,,False
13,9,11,2.8799999999999955,-21.01923076923077,6.400000000000002,QT450-10,195.38825192182358,,,,False
13,9,12,2.8799999999999955,-21.01923076923077,8.0,QT450-10,195.2696278687699,,,,False
13,9,13,2.8799999999999955,-21.01923076923077,9.600000000000001,QT450-10,195.12929575328087,,,,False
13,9,14,2.8799999999999955,-21.01923076923077,11.200000000000003,QT450-10,194.96871218338987,,,,False
13,10,0,2.8799999999999955,-19.442307692307693,-11.2,QT450-10,198.8324586102076,,,,False
13,10,1,2.8799999999999955,-19.442307692307693,-9.6,QT450-10,198.9991421085635,,,,False
13,10,2,2.8799999999999955,-19.442307692307693,-8.0,QT450-10,199.14592685277222,,,,False
13,10,3,2.8799999999999955,-19.442307692307693,-6.3999999999999995,QT450-10,199.27093493631193,,,,False
13,10,4,2.8799999999999955,-19.442307692307693,-4.8,QT450-10,199.3717988027048,,,,False
13,10,5,2.8799999999999955,-19.442307692307693,-3.1999999999999993,QT450-10,199.44605995595202,,,,False
13,10,6,2.8799999999999955,-19.442307692307693,-1.5999999999999996,QT450-10,199.49158555940403,,,,False
13,10,7,2.8799999999999955,-19.442307692307693,0.0,QT450-10,199.50693094439183,,,,False
13,10,8,2.8799999999999955,-19.442307692307693,1.6000000000000014,QT450-10,199.49158555940403,,,,False
13,10,9,2.8799999999999955,-19.442307692307693,3.200000000000001,QT450-10,199.44605995595202,,,,False
13,10,10,2.8799999999999955,-19.442307692307693,4.800000000000001,QT450-10,199.3717988027048,,,,False
13,10,11,2.8799999999999955,-19.442307692307693,6.400000000000002,QT450-10,199.27093493631193,,,,False
13,10,12,2.8799999999999955,-19.442307692307693,8.0,QT450-10,199.14592685277222,,,,False
13,10,13,2.8799999999999955,-19.442307692307693,9.600000000000001,QT450-10,198.9991421085635,,,,False
13,10,14,2.8799999999999955,-19.442307692307693,11.200000000000003,QT450-10,198.8324586102076,,,,False
13,11,0,2.8799999999999955,-17.865384615384617,-11.2,QT450-10,202.9603592496286,,,,False
13,11,1,2.8799999999999955,-17.865384615384617,-9.6,QT450-10,203.1339246259329,,,,False
13,11,2,2.8799999999999955,-17.865384615384617,-8.0,QT450-10,203.28813651740913,,,,False
13,11,3,2.8799999999999955,-17.865384615384617,-6.3999999999999995,QT450-10,203.4205945595848,,,,False
13,11,4,2.8799999999999955,-17.865384615384617,-4.8,QT450-10,203.52826928609372,,,,False
13,11,5,2.8799999999999955,-17.865384615384617,-3.1999999999999993,QT450-10,203.60801458114852,,,,False
13,11,6,2.8799999999999955,-17.865384615384617,-1.5999999999999996,QT450-10,203.6571013730222,,,,False
13,11,7,2.8799999999999955,-17.865384615384617,0.0,QT450-10,203.6736813551507,,,,False
13,11,8,2.8799999999999955,-17.865384615384617,1.6000000000000014,QT450-10,203.6571013730222,,,,False
13,11,9,2.8799999999999955,-17.865384615384617,3.200000000000001,QT450-10,203.60801458114852,,,,False
13,11,10,2.8799999999999955,-17.865384615384617,4.800000000000001,QT450-10,203.52826928609372,,,,False
13,11,11,2.8799999999999955,-17.865384615384617,6.400000000000002,QT450-10,203.4205945595848,,,,False
13,11,12,2.8799999999999955,-17.865384615384617,8.0,QT450-10,203.28813651740913,,,,False
13,11,13,2.8799999999999955,-17.865384615384617,9.600000000000001,QT450-10,203.1339246259329,,,,False
13,11,14,2.8799999999999955,-17.865384615384617,11.200000000000003,QT450-10,202.9603592496286,,,,False
13,12,0,2.8799999999999955,-16.28846153846154,-11.2,QT450-10,207.31120002553658,,,,False
13,12,1,2.8799999999999955,-16.28846153846154,-9.6,QT450-10,207.49244866661914,,,,False
13,12,2,2.8799999999999955,-16.28846153846154,-8.0,QT450-10,207.65513505940956,,,,False
13,12,3,2.8799999999999955,-16.28846153846154,-6.3999999999999995,QT450-10,207.79621345038632,,,,False
13,12,4,2.8799999999999955,-16.28846153846154,-4.8,QT450-10,207.91183983510825,,,,False
13,12,5,2.8799999999999955,-16.28846153846154,-3.1999999999999993,QT450-10,207.99802374601893,,,,False
13,12,6,2.8799999999999955,-16.28846153846154,-1.5999999999999996,QT450-10,208.0513051813352,,,,False
13,12,7,2.8799999999999955,-16.28846153846154,0.0,QT450-10,208.06934155518042,,,,False
13,12,8,2.8799999999999955,-16.28846153846154,1.6000000000000014,QT450-10,208.0513051813352,,,,False
13,12,9,2.8799999999999955,-16.28846153846154,3.200000000000001,QT450-10,207.99802374601893,,,,False
13,12,10,2.8799999999999955,-16.28846153846154,4.800000000000001,QT450-10,207.91183983510825,,,,False
13,12,11,2.8799999999999955,-16.28846153846154,6.400000000000002,QT450-10,207.79621345038632,,,,False
13,12,12,2.8799999999999955,-16.28846153846154,8.0,QT450-10,207.65513505940956,,,,False
13,12,13,2.8799999999999955,-16.28846153846154,9.600000000000001,QT450-10,207.49244866661914,,,,False
13,12,14,2.8799999999999955,-16.28846153846154,11.200000000000003,QT450-10,207.31120002553658,,,,False
13,13,0,2.8799999999999955,-14.711538461538463,-11.2,QT450-10,211.83508337469954,,,,False
13,13,1,2.8799999999999955,-14.711538461538463,-9.6,QT450-10,212.02478881280402,,,,False
13,13,2,2.8799999999999955,-14.711538461538463,-8.0,QT450-10,212.19702865239856,,,,False
13,13,3,2.8799999999999955,-14.711538461538463,-6.3999999999999995,QT450-10,212.3479681281356,,,,False
13,13,4,2.8799999999999955,-14.711538461538463,-4.8,QT450-10,212.4727719904987,,,,False
13,13,5,2.8799999999999955,-14.711538461538463,-3.1999999999999993,QT450-10,212.56642688363453,,,,False
13,13,6,2.8799999999999955,-14.711538461538463,-1.5999999999999996,QT450-10,212.62459026711198,,,,False
13,13,7,2.8799999999999955,-14.711538461538463,0.0,QT450-10,212.6443239878761,,,,False
13,13,8,2.8799999999999955,-14.711538461538463,1.6000000000000014,QT450-10,212.62459026711198,,,,False
13,13,9,2.8799999999999955,-14.711538461538463,3.200000000000001,QT450-10,212.56642688363453,,,,False
13,13,10,2.8799999999999955,-14.711538461538463,4.800000000000001,QT450-10,212.4727719904987,,,,False
13,13,11,2.8799999999999955,-14.711538461538463,6.400000000000002,QT450-10,212.3479681281356,,,,False
13,13,12,2.8799999999999955,-14.711538461538463,8.0,QT450-10,212.19702865239856,,,,False
13,13,13,2.8799999999999955,-14.711538461538463,9.600000000000001,QT450-10,212.02478881280402,,,,False
13,13,14,2.8799999999999955,-14.711538461538463,11.200000000000003,QT450-10,211.83508337469954,,,,False
13,14,0,2.8799999999999955,-13.134615384615387,-11.2,QT450-10,216.68450173402434,,,,False
13,14,1,2.8799999999999955,-13.134615384615387,-9.6,QT450-10,216.90476585554035,,,,False
13,14,2,2.8799999999999955,-13.134615384615387,-8.0,QT450-10,217.1305157838383,,,,False
13,14,3,2.8799999999999955,-13.134615384615387,-6.3999999999999995,QT450-10,217.35629566646324,,,,False
13,14,4,2.8799999999999955,-13.134615384615387,-4.8,QT450-10,217.57117464907063,,,,False
13,14,5,2.8799999999999955,-13.134615384615387,-3.1999999999999993,QT450-10,217.75634079088388,,,,False
13,14,6,2.8799999999999955,-13.134615384615387,-1.5999999999999996,QT450-10,217.88543339365796,,,,False
13,14,7,2.8799999999999955,-13.134615384615387,0.0,QT450-10,217.93228657978656,,,,False
13,14,8,2.8799999999999955,-13.134615384615387,1.6000000000000014,QT450-10,217.88543339365796,,,,False
13,14,9,2.8799999999999955,-13.134615384615387,3.200000000000001,QT450-10,217.75634079088388,,,,False
13,14,10,2.8799999999999955,-13.134615384615387,4.800000000000001,QT450-10,217.57117464907063,,,,False
13,14,11,2.8799999999999955,-13.134615384615387,6.400000000000002,QT450-10,217.3562956664632,,,,False
13,14,12,2.8799999999999955,-13.134615384615387,8.0,QT450-10,217.1305157838383,,,,False
13,14,13,2.8799999999999955,-13.134615384615387,9.600000000000001,QT450-10,216.90476585554035,,,,False
13,14,14,2.8799999999999955,-13.134615384615387,11.200000000000003,QT450-10,216.68450173402434,,,,False
13,15,0,2.8799999999999955,-11.55769230769231,-11.2,QT450-10,222.82093385917614,,,,False
13,15,1,2.8799999999999955,-11.55769230769231,-9.6,QT450-10,223.12500619753266,,,,False
13,15,2,2.8799999999999955,-11.55769230769231,-8.0,QT450-10,223.5098589057228,,,,False
13,15,3,2.8799999999999955,-11.55769230769231,-6.3999999999999995,QT450-10,223.97030545093284,,,,False
13,15,4,2.8799999999999955,-11.55769230769231,-4.8,QT450-10,224.48760419744576,,,,False
13,15,5,2.8799999999999955,-11.55769230769231,-3.1999999999999993,QT450-10,225.00808722017388,,,,False
13,15,6,2.8799999999999955,-11.55769230769231,-1.5999999999999996,QT450-10,225.42136201023555,,,,False
13,15,7,2.8799999999999955,-11.55769230769231,0.0,QT450-10,225.58394522087227,,,,False
13,15,8,2.8799999999999955,-11.55769230769231,1.6000000000000014,QT450-10,225.42136201023555,,,,False
13,15,9,2.8799999999999955,-11.55769230769231,3.200000000000001,QT450-10,225.00808722017388,,,,False
13,15,10,2.8799999999999955,-11.55769230769231,4.800000000000001,QT450-10,224.48760419744576,,,,False
13,15,11,2.8799999999999955,-11.55769230769231,6.400000000000002,QT450-10,223.97030545093284,,,,False
13,15,12,2.8799999999999955,-11.55769230769231,8.0,QT450-10,223.5098589057228,,,,False
13,15,13,2.8799999999999955,-11.55769230769231,9.600000000000001,QT450-10,223.12500619753263,,,,False
13,15,14,2.8799999999999955,-11.55769230769231,11.200000000000003,QT450-10,222.8209338591761,,,,False
13,16,0,2.8799999999999955,-9.98076923076923,-11.2,QT450-10,230.0152164169871,,,,False
13,16,1,2.8799999999999955,-9.98076923076923,-9.6,QT450-10,230.47540231027116,,,,False
13,16,2,2.8799999999999955,-9.98076923076923,-8.0,QT450-10,231.17884517749047,,,,False
13,16,3,2.8799999999999955,-9.98076923076923,-6.3999999999999995,QT450-10,232.15893311222553,,,,False
13,16,4,2.8799999999999955,-9.98076923076923,-4.8,QT450-10,233.4344531583799,,,,False
13,16,5,2.8799999999999955,-9.98076923076923,-3.1999999999999993,QT450-10,234.92396375829517,,,,False
13,16,6,2.8799999999999955,-9.98076923076923,-1.5999999999999996,QT450-10,236.21487127270436,,,,False
13,16,7,2.8799999999999955,-9.98076923076923,0.0,QT450-10,236.7468190359169,,,,False
13,16,8,2.8799999999999955,-9.98076923076923,1.6000000000000014,QT450-10,236.21487127270436,,,,False
13,16,9,2.8799999999999955,-9.98076923076923,3.200000000000001,QT450-10,234.92396375829517,,,,False
13,16,10,2.8799999999999955,-9.98076923076923,4.800000000000001,QT450-10,233.4344531583799,,,,False
13,16,11,2.8799999999999955,-9.98076923076923,6.400000000000002,QT450-10,232.1589331122255,,,,False
13,16,12,2.8799999999999955,-9.98076923076923,8.0,QT450-10,231.17884517749047,,,,False
13,16,13,2.8799999999999955,-9.98076923076923,9.600000000000001,QT450-10,230.47540231027116,,,,False
13,16,14,2.8799999999999955,-9.98076923076923,11.200000000000003,QT450-10,230.0152164169871,,,,False
13,17,0,2.8799999999999955,-8.403846153846153,-11.2,QT450-10,238.09540385333017,,,,False
13,17,1,2.8799999999999955,-8.403846153846153,-9.6,QT450-10,238.82366783577044,,,,False
13,17,2,2.8799999999999955,-8.403846153846153,-8.0,QT450-10,240.11209820648833,,,,False
13,17,3,2.8799999999999955,-8.403846153846153,-6.3999999999999995,QT450-10,242.15247889373802,,,,False
13,17,4,2.8799999999999955,-8.403846153846153,-4.8,QT450-10,245.15346588355382,,,,False
13,17,5,2.8799999999999955,-8.403846153846153,-3.1999999999999993,QT450-10,248.9436600714524,,,,False
13,17,6,2.8799999999999955,-8.403846153846153,-1.5999999999999996,QT450-10,252.35414071673628,,,,False
13,17,7,2.8799999999999955,-8.403846153846153,0.0,QT450-10,253.80661657681458,,,,False
13,17,8,2.8799999999999955,-8.403846153846153,1.6000000000000014,QT450-10,252.35414071673625,,,,False
13,17,9,2.8799999999999955,-8.403846153846153,3.200000000000001,QT450-10,248.9436600714524,,,,False
13,17,10,2.8799999999999955,-8.403846153846153,4.800000000000001,QT450-10,245.1534658835538,,,,False
13,17,11,2.8799999999999955,-8.403846153846153,6.400000000000002,QT450-10,242.15247889373802,,,,False
13,17,12,2.8799999999999955,-8.403846153846153,8.0,QT450-10,240.11209820648833,,,,False
13,17,13,2.8799999999999955,-8.403846153846153,9.600000000000001,QT450-10,238.82366783577044,,,,False
13,17,14,2.8799999999999955,-8.403846153846153,11.200000000000003,QT450-10,238.09540385333017,,,,False
13,18,0,2.8799999999999955,-6.826923076923077,-11.2,QT450-10,246.83251488852792,,,,False
13,18,1,2.8799999999999955,-6.826923076923077,-9.6,QT450-10,247.97799515731467,,,,False
13,18,2,2.8799999999999955,-6.826923076923077,-8.0,QT450-10,250.25054187501647,,,,False
13,18,3,2.8799999999999955,-6.826923076923077,-6.3999999999999995,QT450-10,254.2407195498248,,,,False
13,18,4,2.8799999999999955,-6.826923076923077,-4.8,QT450-10,260.6269582771682,,,,False
13,18,5,2.8799999999999955,-6.826923076923077,-3.1999999999999993,QT450-10,269.1599564772803,,,,False
13,18,6,2.8799999999999955,-6.826923076923077,-1.5999999999999996,QT450-10,276.67286481234805,,,,False
13,18,7,2.8799999999999955,-6.826923076923077,0.0,QT450-10,280.0623872973162,,,,False
13,18,8,2.8799999999999955,-6.826923076923077,1.6000000000000014,QT450-10,276.67286481234805,,,,False
13,18,9,2.8799999999999955,-6.826923076923077,3.200000000000001,QT450-10,269.1599564772802,,,,False
13,18,10,2.8799999999999955,-6.826923076923077,4.800000000000001,QT450-10,260.6269582771682,,,,False
13,18,11,2.8799999999999955,-6.826923076923077,6.400000000000002,QT450-10,254.2407195498248,,,,False
13,18,12,2.8799999999999955,-6.826923076923077,8.0,QT450-10,250.25054187501644,,,,False
13,18,13,2.8799999999999955,-6.826923076923077,9.600000000000001,QT450-10,247.97799515731467,,,,False
13,18,14,2.8799999999999955,-6.826923076923077,11.200000000000003,QT450-10,246.83251488852792,,,,False
13,19,0,2.8799999999999955,-5.25,-11.2,QT450-10,255.87873797081554,,,,False
13,19,1,2.8799999999999955,-5.25,-9.6,QT450-10,257.60690841954573,,,,False
13,19,2,2.8799999999999955,-5.25,-8.0,QT450-10,261.3313383483887,,,,False
13,19,3,2.8799999999999955,-5.25,-6.3999999999999995,QT450-10,268.4497434111614,,,,False
13,19,4,2.8799999999999955,-5.25,-4.8,QT450-10,280.8578263274066,,,,False
13,19,5,2.8799999999999955,-5.25,-3.1999999999999993,QT450-10,297.99663912514353,,,,False
13,19,6,2.8799999999999955,-5.25,-1.5999999999999996,QT450-10,315.8387116462152,,,,False
13,19,7,2.8799999999999955,-5.25,0.0,QT450-10,324.0829416463523,,,,False
13,19,8,2.8799999999999955,-5.25,1.6000000000000014,QT450-10,315.8387116462152,,,,False
13,19,9,2.8799999999999955,-5.25,3.200000000000001,QT450-10,297.9966391251435,,,,False
13,19,10,2.8799999999999955,-5.25,4.800000000000001,QT450-10,280.85782632740654,,,,False
13,19,11,2.8799999999999955,-5.25,6.400000000000002,QT450-10,268.4497434111614,,,,False
13,19,12,2.8799999999999955,-5.25,8.0,QT450-10,261.3313383483887,,,,False
13,19,13,2.8799999999999955,-5.25,9.600000000000001,QT450-10,257.60690841954573,,,,False
13,19,14,2.8799999999999955,-5.25,11.200000000000003,QT450-10,255.8787379708155,,,,False
13,20,0,2.8799999999999955,-3.673076923076927,-11.2,QT450-10,264.72287067307866,,,,False
13,20,1,2.8799999999999955,-3.673076923076927,-9.6,QT450-10,267.1608955614377,,,,False
13,20,2,2.8799999999999955,-3.673076923076927,-8.0,QT450-10,272.7962675551085,,,,False
13,20,3,2.8799999999999955,-3.673076923076927,-6.3999999999999995,QT450-10,284.47919346855474,,,,False
13,20,4,2.8799999999999955,-3.673076923076927,-4.8,QT450-10,305.68522794608225,,,,False
13,20,5,2.8799999999999955,-3.673076923076927,-3.1999999999999993,QT450-10,338.88067456937773,,,,False
13,20,6,2.8799999999999955,-3.673076923076927,-1.5999999999999996,QT450-10,376.0022077548901,,,,False
13,20,7,2.8799999999999955,-3.673076923076927,0.0,QT450-10,397.6074952993025,,,,False
13,20,8,2.8799999999999955,-3.673076923076927,1.6000000000000014,QT450-10,376.00220775489004,,,,False
13,20,9,2.8799999999999955,-3.673076923076927,3.200000000000001,QT450-10,338.88067456937773,,,,False
13,20,10,2.8799999999999955,-3.673076923076927,4.800000000000001,QT450-10,305.6852279460822,,,,False
13,20,11,2.8799999999999955,-3.673076923076927,6.400000000000002,QT450-10,284.47919346855474,,,,False
13,20,12,2.8799999999999955,-3.673076923076927,8.0,QT450-10,272.79626755510844,,,,False
13,20,13,2.8799999999999955,-3.673076923076927,9.600000000000001,QT450-10,267.1608955614377,,,,False
13,20,14,2.8799999999999955,-3.673076923076927,11.200000000000003,QT450-10,264.72287067307866,,,,False
13,21,0,2.8799999999999955,-2.0961538461538467,-11.2,ERNiFe-CI,274.8419727553139,,,,False
13,21,1,2.8799999999999955,-2.0961538461538467,-9.6,ERNiFe-CI,278.2393369841104,,,,False
13,21,2,2.8799999999999955,-2.0961538461538467,-8.0,ERNiFe-CI,286.2971609856792,,,,False
13,21,3,2.8799999999999955,-2.0961538461538467,-6.3999999999999995,ERNiFe-CI,304.0334489289522,,,,False
13,21,4,2.8799999999999955,-2.0961538461538467,-4.8,ERNiFe-CI,340.32508913417644,,,,False
13,21,5,2.8799999999999955,-2.0961538461538467,-3.1999999999999993,ERNiFe-CI,401.2126318849581,,,,False
13,21,6,2.8799999999999955,-2.0961538461538467,-1.5999999999999996,ERNiFe-CI,508.2284235201379,,,,False
13,21,7,2.8799999999999955,-2.0961538461538467,0.0,ERNiFe-CI,600.0213807212027,,,,False
13,21,8,2.8799999999999955,-2.0961538461538467,1.6000000000000014,ERNiFe-CI,508.2284235201377,,,,False
13,21,9,2.8799999999999955,-2.0961538461538467,3.200000000000001,ERNiFe-CI,401.21263188495806,,,,False
13,21,10,2.8799999999999955,-2.0961538461538467,4.800000000000001,ERNiFe-CI,340.32508913417644,,,,False
13,21,11,2.8799999999999955,-2.0961538461538467,6.400000000000002,ERNiFe-CI,304.03344892895217,,,,False
13,21,12,2.8799999999999955,-2.0961538461538467,8.0,ERNiFe-CI,286.29716098567917,,,,False
13,21,13,2.8799999999999955,-2.0961538461538467,9.600000000000001,ERNiFe-CI,278.2393369841104,,,,False
13,21,14,2.8799999999999955,-2.0961538461538467,11.200000000000003,ERNiFe-CI,274.8419727553139,,,,False
13,22,0,2.8799999999999955,-0.5192307692307736,-11.2,ERNiFe-CI,285.762527441742,,,,False
13,22,1,2.8799999999999955,-0.5192307692307736,-9.6,ERNiFe-CI,290.10449498849846,,,,False
13,22,2,2.8799999999999955,-0.5192307692307736,-8.0,ERNiFe-CI,300.5882224186198,,,,False
13,22,3,2.8799999999999955,-0.5192307692307736,-6.3999999999999995,ERNiFe-CI,323.7348434183605,,,,False
13,22,4,2.8799999999999955,-0.5192307692307736,-4.8,ERNiFe-CI,373.8430809938214,,,,False
13,22,5,2.8799999999999955,-0.5192307692307736,-3.1999999999999993,ERNiFe-CI,472.2778599904123,,,,False
13,22,6,2.8799999999999955,-0.5192307692307736,-1.5999999999999996,ERNiFe-CI,702.2572763513697,,,,False
13,22,7,2.8799999999999955,-0.5192307692307736,0.0,ERNiFe-CI,945.9029441244247,17.174010407745552,19.99304450900811,2.8190341012625595,True
13,22,8,2.8799999999999955,-0.5192307692307736,1.6000000000000014,ERNiFe-CI,702.257276351369,,,,False
13,22,9,2.8799999999999955,-0.5192307692307736,3.200000000000001,ERNiFe-CI,472.2778599904121,,,,False
13,22,10,2.8799999999999955,-0.5192307692307736,4.800000000000001,ERNiFe-CI,373.8430809938213,,,,False
13,22,11,2.8799999999999955,-0.5192307692307736,6.400000000000002,ERNiFe-CI,323.73484341836047,,,,False
13,22,12,2.8799999999999955,-0.5192307692307736,8.0,ERNiFe-CI,300.58822241861975,,,,False
13,22,13,2.8799999999999955,-0.5192307692307736,9.600000000000001,ERNiFe-CI,290.10449498849846,,,,False
13,22,14,2.8799999999999955,-0.5192307692307736,11.200000000000003,ERNiFe-CI,285.762527441742,,,,False
13,23,0,2.8799999999999955,1.0576923076923066,-11.2,ERNiFe-CI,294.7408651813201,,,,False
13,23,1,2.8799999999999955,1.0576923076923066,-9.6,ERNiFe-CI,299.66442306655154,,,,False
13,23,2,2.8799999999999955,1.0576923076923066,-8.0,ERNiFe-CI,311.3173436613838,,,,False
13,23,3,2.8799999999999955,1.0576923076923066,-6.3999999999999995,ERNiFe-CI,335.56331448867013,,,,False
13,23,4,2.8799999999999955,1.0576923076923066,-4.8,ERNiFe-CI,384.9442483485336,,,,False
13,23,5,2.8799999999999955,1.0576923076923066,-3.1999999999999993,ERNiFe-CI,472.8992863451586,,,,False
13,23,6,2.8799999999999955,1.0576923076923066,-1.5999999999999996,ERNiFe-CI,667.6498785859071,,,,False
13,23,7,2.8799999999999955,1.0576923076923066,0.0,ERNiFe-CI,860.6250659683888,16.247354866303947,20.047208885573028,3.7998540192690804,True
13,23,8,2.8799999999999955,1.0576923076923066,1.6000000000000014,ERNiFe-CI,667.6498785859069,,,,False
13,23,9,2.8799999999999955,1.0576923076923066,3.200000000000001,ERNiFe-CI,472.89928634515843,,,,False
13,23,10,2.8799999999999955,1.0576923076923066,4.800000000000001,ERNiFe-CI,384.94424834853356,,,,False
13,23,11,2.8799999999999955,1.0576923076923066,6.400000000000002,ERNiFe-CI,335.5633144886701,,,,False
13,23,12,2.8799999999999955,1.0576923076923066,8.0,ERNiFe-CI,311.31734366138375,,,,False
13,23,13,2.8799999999999955,1.0576923076923066,9.600000000000001,ERNiFe-CI,299.66442306655154,,,,False
13,23,14,2.8799999999999955,1.0576923076923066,11.200000000000003,ERNiFe-CI,294.7408651813201,,,,False
13,24,0,2.8799999999999955,2.634615384615387,-11.2,ERNiFe-CI,301.3843460040511,,,,False
13,24,1,2.8799999999999955,2.634615384615387,-9.6,ERNiFe-CI,306.5215956266478,,,,False
13,24,2,2.8799999999999955,2.634615384615387,-8.0,ERNiFe-CI,318.2133446389955,,,,False
13,24,3,2.8799999999999955,2.634615384615387,-6.3999999999999995,ERNiFe-CI,340.4750316848696,,,,False
13,24,4,2.8799999999999955,2.634615384615387,-4.8,ERNiFe-CI,379.15210090665363,,,,False
13,24,5,2.8799999999999955,2.634615384615387,-3.1999999999999993,ERNiFe-CI,437.8870252235629,,,,False
13,24,6,2.8799999999999955,2.634615384615387,-1.5999999999999996,ERNiFe-CI,513.9212783971889,,,,False
13,24,7,2.8799999999999955,2.634615384615387,0.0,ERNiFe-CI,577.4381381548427,,,,False
13,24,8,2.8799999999999955,2.634615384615387,1.6000000000000014,ERNiFe-CI,513.9212783971888,,,,False
13,24,9,2.8799999999999955,2.634615384615387,3.200000000000001,ERNiFe-CI,437.88702522356283,,,,False
13,24,10,2.8799999999999955,2.634615384615387,4.800000000000001,ERNiFe-CI,379.1521009066535,,,,False
13,24,11,2.8799999999999955,2.634615384615387,6.400000000000002,ERNiFe-CI,340.4750316848696,,,,False
13,24,12,2.8799999999999955,2.634615384615387,8.0,ERNiFe-CI,318.21334463899547,,,,False
13,24,13,2.8799999999999955,2.634615384615387,9.600000000000001,ERNiFe-CI,306.5215956266478,,,,False
13,24,14,2.8799999999999955,2.634615384615387,11.200000000000003,ERNiFe-CI,301.3843460040511,,,,False
13,25,0,2.8799999999999955,4.21153846153846,-11.2,Q235B,304.6418846073919,,,,False
13,25,1,2.8799999999999955,4.21153846153846,-9.6,Q235B,309.73829200919937,,,,False
13,25,2,2.8799999999999955,4.21153846153846,-8.0,Q235B,321.1396430894866,,,,False
13,25,3,2.8799999999999955,4.21153846153846,-6.3999999999999995,Q235B,341.68786459957636,,,,False
13,25,4,2.8799999999999955,4.21153846153846,-4.8,Q235B,373.2971735896461,,,,False
13,25,5,2.8799999999999955,4.21153846153846,-3.1999999999999993,Q235B,415.8566918006824,,,,False
13,25,6,2.8799999999999955,4.21153846153846,-1.5999999999999996,Q235B,458.5401911748994,,,,False
13,25,7,2.8799999999999955,4.21153846153846,0.0,Q235B,479.71051623959124,,,,False
13,25,8,2.8799999999999955,4.21153846153846,1.6000000000000014,Q235B,458.54019117489935,,,,False
13,25,9,2.8799999999999955,4.21153846153846,3.200000000000001,Q235B,415.85669180068237,,,,False
13,25,10,2.8799999999999955,4.21153846153846,4.800000000000001,Q235B,373.29717358964604,,,,False
13,25,11,2.8799999999999955,4.21153846153846,6.400000000000002,Q235B,341.68786459957636,,,,False
13,25,12,2.8799999999999955,4.21153846153846,8.0,Q235B,321.1396430894866,,,,False
13,25,13,2.8799999999999955,4.21153846153846,9.600000000000001,Q235B,309.73829200919937,,,,False
13,25,14,2.8799999999999955,4.21153846153846,11.200000000000003,Q235B,304.6418846073919,,,,False
14,0,0,5.759999999999998,-35.21153846153846,-11.2,QT450-10,175.51164260376768,,,,False
14,0,1,5.759999999999998,-35.21153846153846,-9.6,QT450-10,175.64544464401604,,,,False
14,0,2,5.759999999999998,-35.21153846153846,-8.0,QT450-10,175.7593768552455,,,,False
14,0,3,5.759999999999998,-35.21153846153846,-6.3999999999999995,QT450-10,175.85321134709187,,,,False
14,0,4,5.759999999999998,-35.21153846153846,-4.8,QT450-10,175.92665301099962,,,,False
14,0,5,5.759999999999998,-35.21153846153846,-3.1999999999999993,QT450-10,175.9793921233061,,,,False
14,0,6,5.759999999999998,-35.21153846153846,-1.5999999999999996,QT450-10,176.01115861009333,,,,False
14,0,7,5.759999999999998,-35.21153846153846,0.0,QT450-10,176.0217690678204,,,,False
14,0,8,5.759999999999998,-35.21153846153846,1.6000000000000014,QT450-10,176.01115861009333,,,,False
14,0,9,5.759999999999998,-35.21153846153846,3.200000000000001,QT450-10,175.9793921233061,,,,False
14,0,10,5.759999999999998,-35.21153846153846,4.800000000000001,QT450-10,175.92665301099962,,,,False
14,0,11,5.759999999999998,-35.21153846153846,6.400000000000002,QT450-10,175.85321134709187,,,,False
14,0,12,5.759999999999998,-35.21153846153846,8.0,QT450-10,175.7593768552455,,,,False
14,0,13,5.759999999999998,-35.21153846153846,9.600000000000001,QT450-10,175.64544464401604,,,,False
14,0,14,5.759999999999998,-35.21153846153846,11.200000000000003,QT450-10,175.51164260376768,,,,False
14,1,0,5.759999999999998,-33.63461538461539,-11.2,QT450-10,176.08988545383193,,,,False
14,1,1,5.759999999999998,-33.63461538461539,-9.6,QT450-10,176.22442391247,,,,False
14,1,2,5.759999999999998,-33.63461538461539,-8.0,QT450-10,176.33906337736462,,,,False
14,1,3,5.759999999999998,-33.63461538461539,-6.3999999999999995,QT450-10,176.43354700934378,,,,False
14,1,4,5.759999999999998,-33.63461538461539,-4.8,QT450-10,176.5075453758668,,,,False
14,1,5,5.759999999999998,-33.63461538461539,-3.1999999999999993,QT450-10,176.56071362853848,,,,False
14,1,6,5.759999999999998,-33.63461538461539,-1.5999999999999996,QT450-10,176.59275135758125,,,,False
14,1,7,5.759999999999998,-33.63461538461539,0.0,QT450-10,176.60345464470007,,,,False
14,1,8,5.759999999999998,-33.63461538461539,1.6000000000000014,QT450-10,176.59275135758125,,,,False
14,1,9,5.759999999999998,-33.63461538461539,3.200000000000001,QT450-10,176.56071362853848,,,,False
14,1,10,5.759999999999998,-33.63461538461539,4.800000000000001,QT450-10,176.5075453758668,,,,False
14,1,11,5.759999999999998,-33.63461538461539,6.400000000000002,QT450-10,176.43354700934378,,,,False
14,1,12,5.759999999999998,-33.63461538461539,8.0,QT450-10,176.33906337736462,,,,False
14,1,13,5.759999999999998,-33.63461538461539,9.600000000000001,QT450-10,176.22442391247,,,,False
14,1,14,5.759999999999998,-33.63461538461539,11.200000000000003,QT450-10,176.08988545383193,,,,False
14,2,0,5.759999999999998,-32.05769230769231,-11.2,QT450-10,177.0949300552694,,,,False
14,2,1,5.759999999999998,-32.05769230769231,-9.6,QT450-10,177.23078594920037,,,,False
14,2,2,5.759999999999998,-32.05769230769231,-8.0,QT450-10,177.34670987580614,,,,False
14,2,3,5.759999999999998,-32.05769230769231,-6.3999999999999995,QT450-10,177.44238926972844,,,,False
14,2,4,5.759999999999998,-32.05769230769231,-4.8,QT450-10,177.51742469838214,,,,False
14,2,5,5.759999999999998,-32.05769230769231,-3.1999999999999993,QT450-10,177.5713988686847,,,,False
14,2,6,5.759999999999998,-32.05769230769231,-1.5999999999999996,QT450-10,177.6039486283973,,,,False
14,2,7,5.759999999999998,-32.05769230769231,0.0,QT450-10,177.61482759345293,,,,False
14,2,8,5.759999999999998,-32.05769230769231,1.6000000000000014,QT450-10,177.6039486283973,,,,False
14,2,9,5.759999999999998,-32.05769230769231,3.200000000000001,QT450-10,177.5713988686847,,,,False
14,2,10,5.759999999999998,-32.05769230769231,4.800000000000001,QT450-10,177.51742469838214,,,,False
14,2,11,5.759999999999998,-32.05769230769231,6.400000000000002,QT450-10,177.44238926972844,,,,False
14,2,12,5.759999999999998,-32.05769230769231,8.0,QT450-10,177.34670987580614,,,,False
14,2,13,5.759999999999998,-32.05769230769231,9.600000000000001,QT450-10,177.23078594920037,,,,False
14,2,14,5.759999999999998,-32.05769230769231,11.200000000000003,QT450-10,177.0949300552694,,,,False
14,3,0,5.759999999999998,-30.48076923076923,-11.2,QT450-10,178.52577591580797,,,,False
14,3,1,5.759999999999998,-30.48076923076923,-9.6,QT450-10,178.66354682655137,,,,False
14,3,2,5.759999999999998,-30.48076923076923,-8.0,QT450-10,178.78136160509194,,,,False
14,3,3,5.759999999999998,-30.48076923076923,-6.3999999999999995,QT450-10,178.87881906499405,,,,False
14,3,4,5.759999999999998,-30.48076923076923,-4.8,QT450-10,178.95540830296224,,,,False
14,3,5,5.759999999999998,-30.48076923076923,-3.1999999999999993,QT450-10,179.01059642999556,,,,False
14,3,6,5.759999999999998,-30.48076923076923,-1.5999999999999996,QT450-10,179.04392007690763,,,,False
14,3,7,5.759999999999998,-30.48076923076923,0.0,QT450-10,179.05506499775265,,,,False
14,3,8,5.759999999999998,-30.48076923076923,1.6000000000000014,QT450-10,179.04392007690763,,,,False
14,3,9,5.759999999999998,-30.48076923076923,3.200000000000001,QT450-10,179.01059642999556,,,,False
14,3,10,5.759999999999998,-30.48076923076923,4.800000000000001,QT450-10,178.95540830296224,,,,False
14,3,11,5.759999999999998,-30.48076923076923,6.400000000000002,QT450-10,178.87881906499405,,,,False
14,3,12,5.759999999999998,-30.48076923076923,8.0,QT450-10,178.78136160509194,,,,False
14,3,13,5.759999999999998,-30.48076923076923,9.600000000000001,QT450-10,178.66354682655137,,,,False
14,3,14,5.759999999999998,-30.48076923076923,11.200000000000003,QT450-10,178.52577591580797,,,,False
14,4,0,5.759999999999998,-28.903846153846153,-11.2,QT450-10,180.38015806200056,,,,False
14,4,1,5.759999999999998,-28.903846153846153,-9.6,QT450-10,180.52046815577873,,,,False
14,4,2,5.759999999999998,-28.903846153846153,-8.0,QT450-10,180.64082392164403,,,,False
14,4,3,5.759999999999998,-28.903846153846153,-6.3999999999999995,QT450-10,180.7406956850816,,,,False
14,4,4,5.759999999999998,-28.903846153846153,-4.8,QT450-10,180.81941084431497,,,,False
14,4,5,5.759999999999998,-28.903846153846153,-3.1999999999999993,QT450-10,180.8762686981043,,,,False
14,4,6,5.759999999999998,-28.903846153846153,-1.5999999999999996,QT450-10,180.9106603115174,,,,False
14,4,7,5.759999999999998,-28.903846153846153,0.0,QT450-10,180.9221728370934,,,,False
14,4,8,5.759999999999998,-28.903846153846153,1.6000000000000014,QT450-10,180.9106603115174,,,,False
14,4,9,5.759999999999998,-28.903846153846153,3.200000000000001,QT450-10,180.8762686981043,,,,False
14,4,10,5.759999999999998,-28.903846153846153,4.800000000000001,QT450-10,180.81941084431497,,,,False
14,4,11,5.759999999999998,-28.903846153846153,6.400000000000002,QT450-10,180.7406956850816,,,,False
14,4,12,5.759999999999998,-28.903846153846153,8.0,QT450-10,180.64082392164403,,,,False
14,4,13,5.759999999999998,-28.903846153846153,9.600000000000001,QT450-10,180.52046815577873,,,,False
14,4,14,5.759999999999998,-28.903846153846153,11.200000000000003,QT450-10,180.38015806200056,,,,False
14,5,0,5.759999999999998,-27.326923076923077,-11.2,QT450-10,182.6540015367932,,,,False
14,5,1,5.759999999999998,-27.326923076923077,-9.6,QT450-10,182.79751066081587,,,,False
14,5,2,5.759999999999998,-27.326923076923077,-8.0,QT450-10,182.92111682127916,,,,False
14,5,3,5.759999999999998,-27.326923076923077,-6.3999999999999995,QT450-10,183.02411264886166,,,,False
14,5,4,5.759999999999998,-27.326923076923077,-4.8,QT450-10,183.10560161667183,,,,False
14,5,5,5.759999999999998,-27.326923076923077,-3.1999999999999993,QT450-10,183.16465045130437,,,,False
14,5,6,5.759999999999998,-27.326923076923077,-1.5999999999999996,QT450-10,183.20044837768933,,,,False
14,5,7,5.759999999999998,-27.326923076923077,0.0,QT450-10,183.21244578779658,,,,False
14,5,8,5.759999999999998,-27.326923076923077,1.6000000000000014,QT450-10,183.20044837768933,,,,False
14,5,9,5.759999999999998,-27.326923076923077,3.200000000000001,QT450-10,183.16465045130437,,,,False
14,5,10,5.759999999999998,-27.326923076923077,4.800000000000001,QT450-10,183.10560161667183,,,,False
14,5,11,5.759999999999998,-27.326923076923077,6.400000000000002,QT450-10,183.02411264886166,,,,False
14,5,12,5.759999999999998,-27.326923076923077,8.0,QT450-10,182.92111682127916,,,,False
14,5,13,5.759999999999998,-27.326923076923077,9.600000000000001,QT450-10,182.79751066081587,,,,False
14,5,14,5.759999999999998,-27.326923076923077,11.200000000000003,QT450-10,182.6540015367932,,,,False
14,6,0,5.759999999999998,-25.75,-11.2,QT450-10,185.3407053398991,,,,False
14,6,1,5.759999999999998,-25.75,-9.6,QT450-10,185.48811774978262,,,,False
14,6,2,5.759999999999998,-25.75,-8.0,QT450-10,185.6157591984393,,,,False
14,6,3,5.759999999999998,-25.75,-6.3999999999999995,QT450-10,185.72268325286163,,,,False
14,6,4,5.759999999999998,-25.75,-4.8,QT450-10,185.8076916189424,,,,False
14,6,5,5.759999999999998,-25.75,-3.1999999999999993,QT450-10,185.86953732440273,,,,False
14,6,6,5.759999999999998,-25.75,-1.5999999999999996,QT450-10,185.9071372011231,,,,False
14,6,7,5.759999999999998,-25.75,0.0,QT450-10,185.9197570174869,,,,False
14,6,8,5.759999999999998,-25.75,1.6000000000000014,QT450-10,185.9071372011231,,,,False
14,6,9,5.759999999999998,-25.75,3.200000000000001,QT450-10,185.86953732440273,,,,False
14,6,10,5.759999999999998,-25.75,4.800000000000001,QT450-10,185.8076916189424,,,,False
14,6,11,5.759999999999998,-25.75,6.400000000000002,QT450-10,185.72268325286163,,,,False
14,6,12,5.759999999999998,-25.75,8.0,QT450-10,185.6157591984393,,,,False
14,6,13,5.759999999999998,-25.75,9.600000000000001,QT450-10,185.48811774978262,,,,False
14,6,14,5.759999999999998,-25.75,11.200000000000003,QT450-10,185.3407053398991,,,,False
14,7,0,5.759999999999998,-24.173076923076923,-11.2,QT450-10,188.43027081924433,,,,False
14,7,1,5.759999999999998,-24.173076923076923,-9.6,QT450-10,188.5823433938288,,,,False
14,7,2,5.759999999999998,-24.173076923076923,-8.0,QT450-10,188.71489701987682,,,,False
14,7,3,5.759999999999998,-24.173076923076923,-6.3999999999999995,QT450-10,188.82666966599282,,,,False
14,7,4,5.759999999999998,-24.173076923076923,-4.8,QT450-10,188.9160638866958,,,,False
14,7,5,5.759999999999998,-24.173076923076923,-3.1999999999999993,QT450-10,188.98141734584706,,,,False
14,7,6,5.759999999999998,-24.173076923076923,-1.5999999999999996,QT450-10,189.02128598913893,,,,False
14,7,7,5.759999999999998,-24.173076923076923,0.0,QT450-10,189.0346908993929,,,,False
14,7,8,5.759999999999998,-24.173076923076923,1.6000000000000014,QT450-10,189.02128598913893,,,,False
14,7,9,5.759999999999998,-24.173076923076923,3.200000000000001,QT450-10,188.98141734584706,,,,False
14,7,10,5.759999999999998,-24.173076923076923,4.800000000000001,QT450-10,188.9160638866958,,,,False
14,7,11,5.759999999999998,-24.173076923076923,6.400000000000002,QT450-10,188.82666966599282,,,,False
14,7,12,5.759999999999998,-24.173076923076923,8.0,QT450-10,188.71489701987682,,,,False
14,7,13,5.759999999999998,-24.173076923076923,9.600000000000001,QT450-10,188.5823433938288,,,,False
14,7,14,5.759999999999998,-24.173076923076923,11.200000000000003,QT450-10,188.43027081924433,,,,False
14,8,0,5.759999999999998,-22.596153846153847,-11.2,QT450-10,191.90829830638492,,,,False
14,8,1,5.759999999999998,-22.596153846153847,-9.6,QT450-10,192.0658476529975,,,,False
14,8,2,5.759999999999998,-22.596153846153847,-8.0,QT450-10,192.20429822543315,,,,False
14,8,3,5.759999999999998,-22.596153846153847,-6.3999999999999995,QT450-10,192.32197787823,,,,False
14,8,4,5.759999999999998,-22.596153846153847,-4.8,QT450-10,192.41676892961303,,,,False
14,8,5,5.759999999999998,-22.596153846153847,-3.1999999999999993,QT450-10,192.48646698877837,,,,False
14,8,6,5.759999999999998,-22.596153846153847,-1.5999999999999996,QT450-10,192.52915675990744,,,,False
14,8,7,5.759999999999998,-22.596153846153847,0.0,QT450-10,192.5435397196777,,,,False
14,8,8,5.759999999999998,-22.596153846153847,1.6000000000000014,QT450-10,192.52915675990744,,,,False
14,8,9,5.759999999999998,-22.596153846153847,3.200000000000001,QT450-10,192.48646698877837,,,,False
14,8,10,5.759999999999998,-22.596153846153847,4.800000000000001,QT450-10,192.41676892961303,,,,False
14,8,11,5.759999999999998,-22.596153846153847,6.400000000000002,QT450-10,192.32197787823,,,,False
14,8,12,5.759999999999998,-22.596153846153847,8.0,QT450-10,192.20429822543315,,,,False
14,8,13,5.759999999999998,-22.596153846153847,9.600000000000001,QT450-10,192.0658476529975,,,,False
14,8,14,5.759999999999998,-22.596153846153847,11.200000000000003,QT450-10,191.90829830638492,,,,False
14,9,0,5.759999999999998,-21.01923076923077,-11.2,QT450-10,195.75488811454514,,,,False
14,9,1,5.759999999999998,-21.01923076923077,-9.6,QT450-10,195.91879494963086,,,,False
14,9,2,5.759999999999998,-21.01923076923077,-8.0,QT450-10,196.06424852802914,,,,False
14,9,3,5.759999999999998,-21.01923076923077,-6.3999999999999995,QT450-10,196.1890521276267,,,,False
14,9,4,5.759999999999998,-21.01923076923077,-4.8,QT450-10,196.29041837872583,,,,False
14,9,5,5.759999999999998,-21.01923076923077,-3.1999999999999993,QT450-10,196.36544434590908,,,,False
14,9,6,5.759999999999998,-21.01923076923077,-1.5999999999999996,QT450-10,196.41160724969092,,,,False
14,9,7,5.759999999999998,-21.01923076923077,0.0,QT450-10,196.427196496512,,,,False
14,9,8,5.759999999999998,-21.01923076923077,1.6000000000000014,QT450-10,196.41160724969092,,,,False
14,9,9,5.759999999999998,-21.01923076923077,3.200000000000001,QT450-10,196.36544434590908,,,,False
14,9,10,5.759999999999998,-21.01923076923077,4.800000000000001,QT450-10,196.29041837872583,,,,False
14,9,11,5.759999999999998,-21.01923076923077,6.400000000000002,QT450-10,196.1890521276267,,,,False
14,9,12,5.759999999999998,-21.01923076923077,8.0,QT450-10,196.06424852802914,,,,False
14,9,13,5.759999999999998,-21.01923076923077,9.600000000000001,QT450-10,195.91879494963086,,,,False
14,9,14,5.759999999999998,-21.01923076923077,11.200000000000003,QT450-10,195.75488811454514,,,,False
14,10,0,5.759999999999998,-19.442307692307693,-11.2,QT450-10,199.94349975093175,,,,False
14,10,1,5.759999999999998,-19.442307692307693,-9.6,QT450-10,200.1147355561757,,,,False
14,10,2,5.759999999999998,-19.442307692307693,-8.0,QT450-10,200.26846978778366,,,,False
14,10,3,5.759999999999998,-19.442307692307693,-6.3999999999999995,QT450-10,200.40182739168225,,,,False
14,10,4,5.759999999999998,-19.442307692307693,-4.8,QT450-10,200.51116531543934,,,,False
14,10,5,5.759999999999998,-19.442307692307693,-3.1999999999999993,QT450-10,200.59268996578672,,,,False
14,10,6,5.759999999999998,-19.442307692307693,-1.5999999999999996,QT450-10,200.64310431568373,,,,False
14,10,7,5.759999999999998,-19.442307692307693,0.0,QT450-10,200.66017261785495,,,,False
14,10,8,5.759999999999998,-19.442307692307693,1.6000000000000014,QT450-10,200.64310431568373,,,,False
14,10,9,5.759999999999998,-19.442307692307693,3.200000000000001,QT450-10,200.59268996578672,,,,False
14,10,10,5.759999999999998,-19.442307692307693,4.800000000000001,QT450-10,200.51116531543934,,,,False
14,10,11,5.759999999999998,-19.442307692307693,6.400000000000002,QT450-10,200.40182739168225,,,,False
14,10,12,5.759999999999998,-19.442307692307693,8.0,QT450-10,200.26846978778366,,,,False
14,10,13,5.759999999999998,-19.442307692307693,9.600000000000001,QT450-10,200.1147355561757,,,,False
14,10,14,5.759999999999998,-19.442307692307693,11.200000000000003,QT450-10,199.94349975093175,,,,False
14,11,0,5.759999999999998,-17.865384615384617,-11.2,QT450-10,204.44108047479415,,,,False
14,11,1,5.759999999999998,-17.865384615384617,-9.6,QT450-10,204.62073825311558,,,,False
14,11,2,5.759999999999998,-17.865384615384617,-8.0,QT450-10,204.78420728070458,,,,False
14,11,3,5.759999999999998,-17.865384615384617,-6.3999999999999995,QT450-10,204.92776565561792,,,,False
14,11,4,5.759999999999998,-17.865384615384617,-4.8,QT450-10,205.04669562928356,,,,False
14,11,5,5.759999999999998,-17.865384615384617,-3.1999999999999993,QT450-10,205.13608366456725,,,,False
14,11,6,5.759999999999998,-17.865384615384617,-1.5999999999999996,QT450-10,205.19165902272516,,,,False
14,11,7,5.759999999999998,-17.865384615384617,0.0,QT450-10,205.2105255148752,,,,False
14,11,8,5.759999999999998,-17.865384615384617,1.6000000000000014,QT450-10,205.19165902272516,,,,False
14,11,9,5.759999999999998,-17.865384615384617,3.200000000000001,QT450-10,205.13608366456725,,,,False
14,11,10,5.759999999999998,-17.865384615384617,4.800000000000001,QT450-10,205.04669562928356,,,,False
14,11,11,5.759999999999998,-17.865384615384617,6.400000000000002,QT450-10,204.92776565561792,,,,False
14,11,12,5.759999999999998,-17.865384615384617,8.0,QT450-10,204.78420728070458,,,,False
14,11,13,5.759999999999998,-17.865384615384617,9.600000000000001,QT450-10,204.62073825311558,,,,False
14,11,14,5.759999999999998,-17.865384615384617,11.200000000000003,QT450-10,204.44108047479415,,,,False
14,12,0,5.759999999999998,-16.28846153846154,-11.2,QT450-10,209.20626922314247,,,,False
14,12,1,5.759999999999998,-16.28846153846154,-9.6,QT450-10,209.39547526216236,,,,False
14,12,2,5.759999999999998,-16.28846153846154,-8.0,QT450-10,209.57025156841684,,,,False
14,12,3,5.759999999999998,-16.28846153846154,-6.3999999999999995,QT450-10,209.72583133891595,,,,False
14,12,4,5.759999999999998,-16.28846153846154,-4.8,QT450-10,209.85616547363037,,,,False
14,12,5,5.759999999999998,-16.28846153846154,-3.1999999999999993,QT450-10,209.95495270390268,,,,False
14,12,6,5.759999999999998,-16.28846153846154,-1.5999999999999996,QT450-10,210.01671614375536,,,,False
14,12,7,5.759999999999998,-16.28846153846154,0.0,QT450-10,210.03774172952487,,,,False
14,12,8,5.759999999999998,-16.28846153846154,1.6000000000000014,QT450-10,210.01671614375536,,,,False
14,12,9,5.759999999999998,-16.28846153846154,3.200000000000001,QT450-10,209.95495270390268,,,,False
14,12,10,5.759999999999998,-16.28846153846154,4.800000000000001,QT450-10,209.85616547363037,,,,False
14,12,11,5.759999999999998,-16.28846153846154,6.400000000000002,QT450-10,209.72583133891595,,,,False
14,12,12,5.759999999999998,-16.28846153846154,8.0,QT450-10,209.57025156841684,,,,False
14,12,13,5.759999999999998,-16.28846153846154,9.600000000000001,QT450-10,209.39547526216236,,,,False
14,12,14,5.759999999999998,-16.28846153846154,11.200000000000003,QT450-10,209.20626922314244,,,,False
14,13,0,5.759999999999998,-14.711538461538463,-11.2,QT450-10,214.18680910907122,,,,False
14,13,1,5.759999999999998,-14.711538461538463,-9.6,QT450-10,214.38672355567198,,,,False
14,13,2,5.759999999999998,-14.711538461538463,-8.0,QT450-10,214.5745151939698,,,,False
14,13,3,5.759999999999998,-14.711538461538463,-6.3999999999999995,QT450-10,214.7441303315479,,,,False
14,13,4,5.759999999999998,-14.711538461538463,-4.8,QT450-10,214.88788861036693,,,,False
14,13,5,5.759999999999998,-14.711538461538463,-3.1999999999999993,QT450-10,214.99779306297103,,,,False
14,13,6,5.759999999999998,-14.711538461538463,-1.5999999999999996,QT450-10,215.06689540736926,,,,False
14,13,7,5.759999999999998,-14.711538461538463,0.0,QT450-10,215.09048474267863,,,,False
14,13,8,5.759999999999998,-14.711538461538463,1.6000000000000014,QT450-10,215.06689540736926,,,,False
14,13,9,5.759999999999998,-14.711538461538463,3.200000000000001,QT450-10,214.99779306297103,,,,False
14,13,10,5.759999999999998,-14.711538461538463,4.800000000000001,QT450-10,214.88788861036693,,,,False
14,13,11,5.759999999999998,-14.711538461538463,6.400000000000002,QT450-10,214.7441303315479,,,,False
14,13,12,5.759999999999998,-14.711538461538463,8.0,QT450-10,214.57451519396977,,,,False
14,13,13,5.759999999999998,-14.711538461538463,9.600000000000001,QT450-10,214.38672355567195,,,,False
14,13,14,5.759999999999998,-14.711538461538463,11.200000000000003,QT450-10,214.1868091090712,,,,False
14,14,0,5.759999999999998,-13.134615384615387,-11.2,QT450-10,219.31998087325377,,,,False
14,14,1,5.759999999999998,-13.134615384615387,-9.6,QT450-10,219.53180448125298,,,,False
14,14,2,5.759999999999998,-13.134615384615387,-8.0,QT450-10,219.73444787044355,,,,False
14,14,3,5.759999999999998,-13.134615384615387,-6.3999999999999995,QT450-10,219.9202914946269,,,,False
14,14,4,5.759999999999998,-13.134615384615387,-4.8,QT450-10,220.07988281933132,,,,False
14,14,5,5.759999999999998,-13.134615384615387,-3.1999999999999993,QT450-10,220.23616602707432,,,,False
14,14,6,5.759999999999998,-13.134615384615387,-1.5999999999999996,QT450-10,220.3488518975034,,,,False
14,14,7,5.759999999999998,-13.134615384615387,0.0,QT450-10,220.39032049692267,,,,False
14,14,8,5.759999999999998,-13.134615384615387,1.6000000000000014,QT450-10,220.3488518975034,,,,False
14,14,9,5.759999999999998,-13.134615384615387,3.200000000000001,QT450-10,220.23616602707432,,,,False
14,14,10,5.759999999999998,-13.134615384615387,4.800000000000001,QT450-10,220.07988281933132,,,,False
14,14,11,5.759999999999998,-13.134615384615387,6.400000000000002,QT450-10,219.92029149462687,,,,False
14,14,12,5.759999999999998,-13.134615384615387,8.0,QT450-10,219.73444787044352,,,,False
14,14,13,5.759999999999998,-13.134615384615387,9.600000000000001,QT450-10,219.53180448125298,,,,False
14,14,14,5.759999999999998,-13.134615384615387,11.200000000000003,QT450-10,219.31998087325374,,,,False
14,15,0,5.759999999999998,-11.55769230769231,-11.2,QT450-10,225.32312470191715,,,,False
14,15,1,5.759999999999998,-11.55769230769231,-9.6,QT450-10,225.62697778354777,,,,False
14,15,2,5.759999999999998,-11.55769230769231,-8.0,QT450-10,226.0085028662476,,,,False
14,15,3,5.759999999999998,-11.55769230769231,-6.3999999999999995,QT450-10,226.46436305961817,,,,False
14,15,4,5.759999999999998,-11.55769230769231,-4.8,QT450-10,226.9775153052443,,,,False
14,15,5,5.759999999999998,-11.55769230769231,-3.1999999999999993,QT450-10,227.4951737570508,,,,False
14,15,6,5.759999999999998,-11.55769230769231,-1.5999999999999996,QT450-10,227.90658954982754,,,,False
14,15,7,5.759999999999998,-11.55769230769231,0.0,QT450-10,228.06843170703794,,,,False
14,15,8,5.759999999999998,-11.55769230769231,1.6000000000000014,QT450-10,227.90658954982754,,,,False
14,15,9,5.759999999999998,-11.55769230769231,3.200000000000001,QT450-10,227.4951737570508,,,,False
14,15,10,5.759999999999998,-11.55769230769231,4.800000000000001,QT450-10,226.9775153052443,,,,False
14,15,11,5.759999999999998,-11.55769230769231,6.400000000000002,QT450-10,226.46436305961817,,,,False
14,15,12,5.759999999999998,-11.55769230769231,8.0,QT450-10,226.0085028662476,,,,False
14,15,13,5.759999999999998,-11.55769230769231,9.600000000000001,QT450-10,225.62697778354777,,,,False
14,15,14,5.759999999999998,-11.55769230769231,11.200000000000003,QT450-10,225.32312470191712,,,,False
14,16,0,5.759999999999998,-9.98076923076923,-11.2,QT450-10,232.59404335435897,,,,False
14,16,1,5.759999999999998,-9.98076923076923,-9.6,QT450-10,233.05800210481377,,,,False
14,16,2,5.759999999999998,-9.98076923076923,-8.0,QT450-10,233.76526844838307,,,,False
14,16,3,5.759999999999998,-9.98076923076923,-6.3999999999999995,QT450-10,234.74968970494348,,,,False
14,16,4,5.759999999999998,-9.98076923076923,-4.8,QT450-10,236.02895751992855,,,,False
14,16,5,5.759999999999998,-9.98076923076923,-3.1999999999999993,QT450-10,237.5186187172091,,,,False
14,16,6,5.759999999999998,-9.98076923076923,-1.5999999999999996,QT450-10,238.80696360014346,,,,False
14,16,7,5.759999999999998,-9.98076923076923,0.0,QT450-10,239.3361169054116,,,,False
14,16,8,5.759999999999998,-9.98076923076923,1.6000000000000014,QT450-10,238.80696360014346,,,,False
14,16,9,5.759999999999998,-9.98076923076923,3.200000000000001,QT450-10,237.5186187172091,,,,False
14,16,10,5.759999999999998,-9.98076923076923,4.800000000000001,QT450-10,236.02895751992855,,,,False
14,16,11,5.759999999999998,-9.98076923076923,6.400000000000002,QT450-10,234.74968970494345,,,,False
14,16,12,5.759999999999998,-9.98076923076923,8.0,QT450-10,233.76526844838304,,,,False
14,16,13,5.759999999999998,-9.98076923076923,9.600000000000001,QT450-10,233.05800210481374,,,,False
14,16,14,5.759999999999998,-9.98076923076923,11.200000000000003,QT450-10,232.59404335435894,,,,False
14,17,0,5.759999999999998,-8.403846153846153,-11.2,QT450-10,240.78128173482338,,,,False
14,17,1,5.759999999999998,-8.403846153846153,-9.6,QT450-10,241.51657423767244,,,,False
14,17,2,5.759999999999998,-8.403846153846153,-8.0,QT450-10,242.81429554554992,,,,False
14,17,3,5.759999999999998,-8.403846153846153,-6.3999999999999995,QT450-10,244.8641117724876,,,,False
14,17,4,5.759999999999998,-8.403846153846153,-4.8,QT450-10,247.86750591807717,,,,False
14,17,5,5.759999999999998,-8.403846153846153,-3.1999999999999993,QT450-10,251.65284266196062,,,,False
14,17,6,5.759999999999998,-8.403846153846153,-1.5999999999999996,QT450-10,255.04821037290563,,,,False
14,17,7,5.759999999999998,-8.403846153846153,0.0,QT450-10,256.4963174662067,,,,False
14,17,8,5.759999999999998,-8.403846153846153,1.6000000000000014,QT450-10,255.04821037290563,,,,False
14,17,9,5.759999999999998,-8.403846153846153,3.200000000000001,QT450-10,251.6528426619606,,,,False
14,17,10,5.759999999999998,-8.403846153846153,4.800000000000001,QT450-10,247.86750591807717,,,,False
14,17,11,5.759999999999998,-8.403846153846153,6.400000000000002,QT450-10,244.8641117724876,,,,False
14,17,12,5.759999999999998,-8.403846153846153,8.0,QT450-10,242.81429554554992,,,,False
14,17,13,5.759999999999998,-8.403846153846153,9.600000000000001,QT450-10,241.51657423767244,,,,False
14,17,14,5.759999999999998,-8.403846153846153,11.200000000000003,QT450-10,240.78128173482338,,,,False
14,18,0,5.759999999999998,-6.826923076923077,-11.2,QT450-10,249.63285531590728,,,,False
14,18,1,5.759999999999998,-6.826923076923077,-9.6,QT450-10,250.7885654306237,,,,False
14,18,2,5.759999999999998,-6.826923076923077,-8.0,QT450-10,253.07464932890454,,,,False
14,18,3,5.759999999999998,-6.826923076923077,-6.3999999999999995,QT450-10,257.07477563186427,,,,False
14,18,4,5.759999999999998,-6.826923076923077,-4.8,QT450-10,263.4551089077456,,,,False
14,18,5,5.759999999999998,-6.826923076923077,-3.1999999999999993,QT450-10,271.9780904479438,,,,False
14,18,6,5.759999999999998,-6.826923076923077,-1.5999999999999996,QT450-10,279.47657893023535,,,,False
14,18,7,5.759999999999998,-6.826923076923077,0.0,QT450-10,282.84863359472865,,,,False
14,18,8,5.759999999999998,-6.826923076923077,1.6000000000000014,QT450-10,279.47657893023535,,,,False
14,18,9,5.759999999999998,-6.826923076923077,3.200000000000001,QT450-10,271.97809044794377,,,,False
14,18,10,5.759999999999998,-6.826923076923077,4.800000000000001,QT450-10,263.4551089077456,,,,False
14,18,11,5.759999999999998,-6.826923076923077,6.400000000000002,QT450-10,257.07477563186427,,,,False
14,18,12,5.759999999999998,-6.826923076923077,8.0,QT450-10,253.0746493289045,,,,False
14,18,13,5.759999999999998,-6.826923076923077,9.600000000000001,QT450-10,250.78856543062366,,,,False
14,18,14,5.759999999999998,-6.826923076923077,11.200000000000003,QT450-10,249.63285531590728,,,,False
14,19,0,5.759999999999998,-5.25,-11.2,QT450-10,258.7908705494139,,,,False
14,19,1,5.759999999999998,-5.25,-9.6,QT450-10,260.5320019515552,,,,False
14,19,2,5.759999999999998,-5.25,-8.0,QT450-10,264.27371010901703,,,,False
14,19,3,5.759999999999998,-5.25,-6.3999999999999995,QT450-10,271.3997883937449,,,,False
14,19,4,5.759999999999998,-5.25,-4.8,QT450-10,283.80104454314346,,,,False
14,19,5,5.759999999999998,-5.25,-3.1999999999999993,QT450-10,300.9053322680833,,,,False
14,19,6,5.759999999999998,-5.25,-1.5999999999999996,QT450-10,318.7448670432671,,,,False
14,19,7,5.759999999999998,-5.25,0.0,QT450-10,326.99017466456894,,,,False
14,19,8,5.759999999999998,-5.25,1.6000000000000014,QT450-10,318.7448670432671,,,,False
14,19,9,5.759999999999998,-5.25,3.200000000000001,QT450-10,300.90533226808327,,,,False
14,19,10,5.759999999999998,-5.25,4.800000000000001,QT450-10,283.8010445431434,,,,False
14,19,11,5.759999999999998,-5.25,6.400000000000002,QT450-10,271.3997883937449,,,,False
14,19,12,5.759999999999998,-5.25,8.0,QT450-10,264.273710109017,,,,False
14,19,13,5.759999999999998,-5.25,9.600000000000001,QT450-10,260.5320019515552,,,,False
14,19,14,5.759999999999998,-5.25,11.200000000000003,QT450-10,258.7908705494139,,,,False
14,20,0,5.759999999999998,-3.673076923076927,-11.2,QT450-10,267.73703767014763,,,,False
14,20,1,5.759999999999998,-3.673076923076927,-9.6,QT450-10,270.19136543580413,,,,False
14,20,2,5.759999999999998,-3.673076923076927,-8.0,QT450-10,275.8465419834401,,,,False
14,20,3,5.759999999999998,-3.673076923076927,-6.3999999999999995,QT450-10,287.5338381266275,,,,False
14,20,4,5.759999999999998,-3.673076923076927,-4.8,QT450-10,308.71575951712026,,,,False
14,20,5,5.759999999999998,-3.673076923076927,-3.1999999999999993,QT450-10,341.9150863799677,,,,False
14,20,6,5.759999999999998,-3.673076923076927,-1.5999999999999996,QT450-10,379.0371666672195,,,,False
14,20,7,5.759999999999998,-3.673076923076927,0.0,QT450-10,400.6356890224951,,,,False
14,20,8,5.759999999999998,-3.673076923076927,1.6000000000000014,QT450-10,379.0371666672194,,,,False
14,20,9,5.759999999999998,-3.673076923076927,3.200000000000001,QT450-10,341.9150863799677,,,,False
14,20,10,5.759999999999998,-3.673076923076927,4.800000000000001,QT450-10,308.71575951712026,,,,False
14,20,11,5.759999999999998,-3.673076923076927,6.400000000000002,QT450-10,287.5338381266275,,,,False
14,20,12,5.759999999999998,-3.673076923076927,8.0,QT450-10,275.84654198344003,,,,False
14,20,13,5.759999999999998,-3.673076923076927,9.600000000000001,QT450-10,270.19136543580413,,,,False
14,20,14,5.759999999999998,-3.673076923076927,11.200000000000003,QT450-10,267.73703767014763,,,,False
14,21,0,5.759999999999998,-2.0961538461538467,-11.2,ERNiFe-CI,277.9603933390857,,,,False
14,21,1,5.759999999999998,-2.0961538461538467,-9.6,ERNiFe-CI,281.3775963805046,,,,False
14,21,2,5.759999999999998,-2.0961538461538467,-8.0,ERNiFe-CI,289.4574269252306,,,,False
14,21,3,5.759999999999998,-2.0961538461538467,-6.3999999999999995,ERNiFe-CI,307.19923046258384,,,,False
14,21,4,5.759999999999998,-2.0961538461538467,-4.8,ERNiFe-CI,343.46688633902033,,,,False
14,21,5,5.759999999999998,-2.0961538461538467,-3.1999999999999993,ERNiFe-CI,404.3519044748322,,,,False
14,21,6,5.759999999999998,-2.0961538461538467,-1.5999999999999996,ERNiFe-CI,511.3076045846929,,,,False
14,21,7,5.759999999999998,-2.0961538461538467,0.0,ERNiFe-CI,603.1172155662293,,,,False
14,21,8,5.759999999999998,-2.0961538461538467,1.6000000000000014,ERNiFe-CI,511.3076045846928,,,,False
14,21,9,5.759999999999998,-2.0961538461538467,3.200000000000001,ERNiFe-CI,404.3519044748321,,,,False
14,21,10,5.759999999999998,-2.0961538461538467,4.800000000000001,ERNiFe-CI,343.4668863390203,,,,False
14,21,11,5.759999999999998,-2.0961538461538467,6.400000000000002,ERNiFe-CI,307.1992304625838,,,,False
14,21,12,5.759999999999998,-2.0961538461538467,8.0,ERNiFe-CI,289.4574269252306,,,,False
14,21,13,5.759999999999998,-2.0961538461538467,9.600000000000001,ERNiFe-CI,281.3775963805046,,,,False
14,21,14,5.759999999999998,-2.0961538461538467,11.200000000000003,ERNiFe-CI,277.9603933390857,,,,False
14,22,0,5.759999999999998,-0.5192307692307736,-11.2,ERNiFe-CI,288.9843732685308,,,,False
14,22,1,5.759999999999998,-0.5192307692307736,-9.6,ERNiFe-CI,293.34835708693964,,,,False
14,22,2,5.759999999999998,-0.5192307692307736,-8.0,ERNiFe-CI,303.85645338476513,,,,False
14,22,3,5.759999999999998,-0.5192307692307736,-6.3999999999999995,ERNiFe-CI,327.0053093330882,,,,False
14,22,4,5.759999999999998,-0.5192307692307736,-4.8,ERNiFe-CI,377.0983732296376,,,,False
14,22,5,5.759999999999998,-0.5192307692307736,-3.1999999999999993,ERNiFe-CI,475.4532081497788,,,,False
14,22,6,5.759999999999998,-0.5192307692307736,-1.5999999999999996,ERNiFe-CI,705.4506955786824,,,,False
14,22,7,5.759999999999998,-0.5192307692307736,0.0,ERNiFe-CI,949.0965617750302,19.137918424728202,21.952401546257395,2.814483121529193,True
14,22,8,5.759999999999998,-0.5192307692307736,1.6000000000000014,ERNiFe-CI,705.4506955786817,,,,False
14,22,9,5.759999999999998,-0.5192307692307736,3.200000000000001,ERNiFe-CI,475.4532081497786,,,,False
14,22,10,5.759999999999998,-0.5192307692307736,4.800000000000001,ERNiFe-CI,377.09837322963756,,,,False
14,22,11,5.759999999999998,-0.5192307692307736,6.400000000000002,ERNiFe-CI,327.0053093330881,,,,False
14,22,12,5.759999999999998,-0.5192307692307736,8.0,ERNiFe-CI,303.8564533847651,,,,False
14,22,13,5.759999999999998,-0.5192307692307736,9.600000000000001,ERNiFe-CI,293.34835708693964,,,,False
14,22,14,5.759999999999998,-0.5192307692307736,11.200000000000003,ERNiFe-CI,288.98437326853076,,,,False
14,23,0,5.759999999999998,1.0576923076923066,-11.2,ERNiFe-CI,298.04406530206313,,,,False
14,23,1,5.759999999999998,1.0576923076923066,-9.6,ERNiFe-CI,302.99106376538947,,,,False
14,23,2,5.759999999999998,1.0576923076923066,-8.0,ERNiFe-CI,314.67175022630346,,,,False
14,23,3,5.759999999999998,1.0576923076923066,-6.3999999999999995,ERNiFe-CI,338.92924934778813,,,,False
14,23,4,5.759999999999998,1.0576923076923066,-4.8,ERNiFe-CI,388.2996702092831,,,,False
14,23,5,5.759999999999998,1.0576923076923066,-3.1999999999999993,ERNiFe-CI,476.24387395642907,,,,False
14,23,6,5.759999999999998,1.0576923076923066,-1.5999999999999996,ERNiFe-CI,670.950640242499,,,,False
14,23,7,5.759999999999998,1.0576923076923066,0.0,ERNiFe-CI,863.9404910396373,18.223550757086336,22.01505938117232,3.791508624085985,True
14,23,8,5.759999999999998,1.0576923076923066,1.6000000000000014,ERNiFe-CI,670.9506402424986,,,,False
14,23,9,5.759999999999998,1.0576923076923066,3.200000000000001,ERNiFe-CI,476.2438739564289,,,,False
14,23,10,5.759999999999998,1.0576923076923066,4.800000000000001,ERNiFe-CI,388.299670209283,,,,False
14,23,11,5.759999999999998,1.0576923076923066,6.400000000000002,ERNiFe-CI,338.9292493477881,,,,False
14,23,12,5.759999999999998,1.0576923076923066,8.0,ERNiFe-CI,314.6717502263034,,,,False
14,23,13,5.759999999999998,1.0576923076923066,9.600000000000001,ERNiFe-CI,302.99106376538947,,,,False
14,23,14,5.759999999999998,1.0576923076923066,11.200000000000003,ERNiFe-CI,298.04406530206313,,,,False
14,24,0,5.759999999999998,2.634615384615387,-11.2,ERNiFe-CI,304.74462759017274,,,,False
14,24,1,5.759999999999998,2.634615384615387,-9.6,ERNiFe-CI,309.90559720860057,,,,False
14,24,2,5.759999999999998,2.634615384615387,-8.0,ERNiFe-CI,321.6280522634984,,,,False
14,24,3,5.759999999999998,2.634615384615387,-6.3999999999999995,ERNiFe-CI,343.91261674507973,,,,False
14,24,4,5.759999999999998,2.634615384615387,-4.8,ERNiFe-CI,382.58988056271323,,,,False
14,24,5,5.759999999999998,2.634615384615387,-3.1999999999999993,ERNiFe-CI,441.3606337709846,,,,False
14,24,6,5.759999999999998,2.634615384615387,-1.5999999999999996,ERNiFe-CI,517.3332758410427,,,,False
14,24,7,5.759999999999998,2.634615384615387,0.0,ERNiFe-CI,580.8745691728932,,,,False
14,24,8,5.759999999999998,2.634615384615387,1.6000000000000014,ERNiFe-CI,517.3332758410426,,,,False
14,24,9,5.759999999999998,2.634615384615387,3.200000000000001,ERNiFe-CI,441.3606337709845,,,,False
14,24,10,5.759999999999998,2.634615384615387,4.800000000000001,ERNiFe-CI,382.5898805627132,,,,False
14,24,11,5.759999999999998,2.634615384615387,6.400000000000002,ERNiFe-CI,343.9126167450797,,,,False
14,24,12,5.759999999999998,2.634615384615387,8.0,ERNiFe-CI,321.6280522634983,,,,False
14,24,13,5.759999999999998,2.634615384615387,9.600000000000001,ERNiFe-CI,309.9055972086005,,,,False
14,24,14,5.759999999999998,2.634615384615387,11.200000000000003,ERNiFe-CI,304.7446275901727,,,,False
14,25,0,5.759999999999998,4.21153846153846,-11.2,Q235B,308.02934676329335,,,,False
14,25,1,5.759999999999998,4.21153846153846,-9.6,Q235B,313.14835938199525,,,,False
14,25,2,5.759999999999998,4.21153846153846,-8.0,Q235B,324.581348108083,,,,False
14,25,3,5.759999999999998,4.21153846153846,-6.3999999999999995,Q235B,345.15584395789057,,,,False
14,25,4,5.759999999999998,4.21153846153846,-4.8,Q235B,376.7747961113688,,,,False
14,25,5,5.759999999999998,4.21153846153846,-3.1999999999999993,Q235B,419.36997706467577,,,,False
14,25,6,5.759999999999998,4.21153846153846,-1.5999999999999996,Q235B,462.11896856385187,,,,False
14,25,7,5.759999999999998,4.21153846153846,0.0,Q235B,483.3179706388719,,,,False
14,25,8,5.759999999999998,4.21153846153846,1.6000000000000014,Q235B,462.1189685638518,,,,False
14,25,9,5.759999999999998,4.21153846153846,3.200000000000001,Q235B,419.3699770646757,,,,False
14,25,10,5.759999999999998,4.21153846153846,4.800000000000001,Q235B,376.77479611136874,,,,False
14,25,11,5.759999999999998,4.21153846153846,6.400000000000002,Q235B,345.1558439578905,,,,False
14,25,12,5.759999999999998,4.21153846153846,8.0,Q235B,324.581348108083,,,,False
14,25,13,5.759999999999998,4.21153846153846,9.600000000000001,Q235B,313.1483593819952,,,,False
14,25,14,5.759999999999998,4.21153846153846,11.200000000000003,Q235B,308.0293467632933,,,,False
15,0,0,8.64,-35.21153846153846,-11.2,QT450-10,174.77661994763332,,,,False
15,0,1,8.64,-35.21153846153846,-9.6,QT450-10,174.90983750429294,,,,False
15,0,2,8.64,-35.21153846153846,-8.0,QT450-10,175.02351811269372,,,,False
15,0,3,8.64,-35.21153846153846,-6.3999999999999995,QT450-10,175.11735635626854,,,,False
15,0,4,8.64,-35.21153846153846,-4.8,QT450-10,175.19095697696073,,,,False
15,0,5,8.64,-35.21153846153846,-3.1999999999999993,QT450-10,175.2439050791344,,,,False
15,0,6,8.64,-35.21153846153846,-1.5999999999999996,QT450-10,175.2758387996228,,,,False
15,0,7,8.64,-35.21153846153846,0.0,QT450-10,175.2865123603072,,,,False
15,0,8,8.64,-35.21153846153846,1.6000000000000014,QT450-10,175.2758387996228,,,,False
15,0,9,8.64,-35.21153846153846,3.200000000000001,QT450-10,175.2439050791344,,,,False
15,0,10,8.64,-35.21153846153846,4.800000000000001,QT450-10,175.19095697696073,,,,False
15,0,11,8.64,-35.21153846153846,6.400000000000002,QT450-10,175.11735635626854,,,,False
15,0,12,8.64,-35.21153846153846,8.0,QT450-10,175.02351811269372,,,,False
15,0,13,8.64,-35.21153846153846,9.600000000000001,QT450-10,174.90983750429294,,,,False
15,0,14,8.64,-35.21153846153846,11.200000000000003,QT450-10,174.77661994763332,,,,False
15,1,0,8.64,-33.63461538461539,-11.2,QT450-10,175.37527615032465,,,,False
15,1,1,8.64,-33.63461538461539,-9.6,QT450-10,175.50928764681672,,,,False
15,1,2,8.64,-33.63461538461539,-8.0,QT450-10,175.62375970807955,,,,False
15,1,3,8.64,-33.63461538461539,-6.3999999999999995,QT450-10,175.71834653421536,,,,False
15,1,4,8.64,-33.63461538461539,-4.8,QT450-10,175.79260390203083,,,,False
15,1,5,8.64,-33.63461538461539,-3.1999999999999993,QT450-10,175.8460664753319,,,,False
15,1,6,8.64,-33.63461538461539,-1.5999999999999996,QT450-10,175.87832871277604,,,,False
15,1,7,8.64,-33.63461538461539,0.0,QT450-10,175.88911526272054,,,,False
15,1,8,8.64,-33.63461538461539,1.6000000000000014,QT450-10,175.87832871277604,,,,False
15,1,9,8.64,-33.63461538461539,3.200000000000001,QT450-10,175.8460664753319,,,,False
15,1,10,8.64,-33.63461538461539,4.800000000000001,QT450-10,175.79260390203083,,,,False
15,1,11,8.64,-33.63461538461539,6.400000000000002,QT450-10,175.71834653421536,,,,False
15,1,12,8.64,-33.63461538461539,8.0,QT450-10,175.62375970807955,,,,False
15,1,13,8.64,-33.63461538461539,9.600000000000001,QT450-10,175.50928764681672,,,,False
15,1,14,8.64,-33.63461538461539,11.200000000000003,QT450-10,175.37527615032465,,,,False
15,2,0,8.64,-32.05769230769231,-11.2,QT450-10,176.42299566727854,,,,False
15,2,1,8.64,-32.05769230769231,-9.6,QT450-10,176.5584463966294,,,,False
15,2,2,8.64,-32.05769230769231,-8.0,QT450-10,176.674380933347,,,,False
15,2,3,8.64,-32.05769230769231,-6.3999999999999995,QT450-10,176.77037360587542,,,,False
15,2,4,8.64,-32.05769230769231,-4.8,QT450-10,176.8458793092984,,,,False
15,2,5,8.64,-32.05769230769231,-3.1999999999999993,QT450-10,176.90032796268406,,,,False
15,2,6,8.64,-32.05769230769231,-1.5999999999999996,QT450-10,176.93322314354722,,,,False
15,2,7,8.64,-32.05769230769231,0.0,QT450-10,176.94422792886684,,,,False
15,2,8,8.64,-32.05769230769231,1.6000000000000014,QT450-10,176.93322314354722,,,,False
15,2,9,8.64,-32.05769230769231,3.200000000000001,QT450-10,176.90032796268406,,,,False
15,2,10,8.64,-32.05769230769231,4.800000000000001,QT450-10,176.8458793092984,,,,False
15,2,11,8.64,-32.05769230769231,6.400000000000002,QT450-10,176.77037360587542,,,,False
15,2,12,8.64,-32.05769230769231,8.0,QT450-10,176.674380933347,,,,False
15,2,13,8.64,-32.05769230769231,9.600000000000001,QT450-10,176.5584463966294,,,,False
15,2,14,8.64,-32.05769230769231,11.200000000000003,QT450-10,176.42299566727854,,,,False
15,3,0,8.64,-30.48076923076923,-11.2,QT450-10,177.92052953251846,,,,False
15,3,1,8.64,-30.48076923076923,-9.6,QT450-10,178.05809270583734,,,,False
15,3,2,8.64,-30.48076923076923,-8.0,QT450-10,178.17620812595982,,,,False
15,3,3,8.64,-30.48076923076923,-6.3999999999999995,QT450-10,178.27432189328954,,,,False
15,3,4,8.64,-30.48076923076923,-4.8,QT450-10,178.35172676734328,,,,False
15,3,5,8.64,-30.48076923076923,-3.1999999999999993,QT450-10,178.40768407185803,,,,False
15,3,6,8.64,-30.48076923076923,-1.5999999999999996,QT450-10,178.44155098976913,,,,False
15,3,7,8.64,-30.48076923076923,0.0,QT450-10,178.45289137909205,,,,False
15,3,8,8.64,-30.48076923076923,1.6000000000000014,QT450-10,178.44155098976913,,,,False
15,3,9,8.64,-30.48076923076923,3.200000000000001,QT450-10,178.40768407185803,,,,False
15,3,10,8.64,-30.48076923076923,4.800000000000001,QT450-10,178.35172676734328,,,,False
15,3,11,8.64,-30.48076923076923,6.400000000000002,QT450-10,178.27432189328954,,,,False
15,3,12,8.64,-30.48076923076923,8.0,QT450-10,178.17620812595982,,,,False
15,3,13,8.64,-30.48076923076923,9.600000000000001,QT450-10,178.05809270583734,,,,False
15,3,14,8.64,-30.48076923076923,11.200000000000003,QT450-10,177.92052953251846,,,,False
15,4,0,8.64,-28.903846153846153,-11.2,QT450-10,179.86815464482305,,,,False
15,4,1,8.64,-28.903846153846153,-9.6,QT450-10,180.00854778231584,,,,False
15,4,2,8.64,-28.903846153846153,-8.0,QT450-10,180.12963488868255,,,,False
15,4,3,8.64,-28.903846153846153,-6.3999999999999995,QT450-10,180.23067413041187,,,,False
15,4,4,8.64,-28.903846153846153,-4.8,QT450-10,180.31072050184648,,,,False
15,4,5,8.64,-28.903846153846153,-3.1999999999999993,QT450-10,180.3687879203898,,,,False
15,4,6,8.64,-28.903846153846153,-1.5999999999999996,QT450-10,180.40401863778536,,,,False
15,4,7,8.64,-28.903846153846153,0.0,QT450-10,180.41583079961595,,,,False
15,4,8,8.64,-28.903846153846153,1.6000000000000014,QT450-10,180.40401863778536,,,,False
15,4,9,8.64,-28.903846153846153,3.200000000000001,QT450-10,180.3687879203898,,,,False
15,4,10,8.64,-28.903846153846153,4.800000000000001,QT450-10,180.31072050184648,,,,False
15,4,11,8.64,-28.903846153846153,6.400000000000002,QT450-10,180.23067413041187,,,,False
15,4,12,8.64,-28.903846153846153,8.0,QT450-10,180.12963488868255,,,,False
15,4,13,8.64,-28.903846153846153,9.600000000000001,QT450-10,180.00854778231584,,,,False
15,4,14,8.64,-28.903846153846153,11.200000000000003,QT450-10,179.86815464482305,,,,False
15,5,0,8.64,-27.326923076923077,-11.2,QT450-10,182.26503409896796,,,,False
15,5,1,8.64,-27.326923076923077,-9.6,QT450-10,182.40903536598117,,,,False
15,5,2,8.64,-27.326923076923077,-8.0,QT450-10,182.53398493763694,,,,False
15,5,3,8.64,-27.326923076923077,-6.3999999999999995,QT450-10,182.63887773762576,,,,False
15,5,4,8.64,-27.326923076923077,-4.8,QT450-10,182.72243530913633,,,,False
15,5,5,8.64,-27.326923076923077,-3.1999999999999993,QT450-10,182.78332434405723,,,,False
15,5,6,8.64,-27.326923076923077,-1.5999999999999996,QT450-10,182.82038530192642,,,,False
15,5,7,8.64,-27.326923076923077,0.0,QT450-10,182.83283166737314,,,,False
15,5,8,8.64,-27.326923076923077,1.6000000000000014,QT450-10,182.82038530192642,,,,False
15,5,9,8.64,-27.326923076923077,3.200000000000001,QT450-10,182.78332434405723,,,,False
15,5,10,8.64,-27.326923076923077,4.800000000000001,QT450-10,182.72243530913633,,,,False
15,5,11,8.64,-27.326923076923077,6.400000000000002,QT450-10,182.63887773762576,,,,False
15,5,12,8.64,-27.326923076923077,8.0,QT450-10,182.53398493763694,,,,False
15,5,13,8.64,-27.326923076923077,9.600000000000001,QT450-10,182.40903536598117,,,,False
15,5,14,8.64,-27.326923076923077,11.200000000000003,QT450-10,182.26503409896796,,,,False
15,6,0,8.64,-25.75,-11.2,QT450-10,185.10836281419236,,,,False
15,6,1,8.64,-25.75,-9.6,QT450-10,185.2568280288082,,,,False
15,6,2,8.64,-25.75,-8.0,QT450-10,185.38666109208856,,,,False
15,6,3,8.64,-25.75,-6.3999999999999995,QT450-10,185.4964977238927,,,,False
15,6,4,8.64,-25.75,-4.8,QT450-10,185.58460375360693,,,,False
15,6,5,8.64,-25.75,-3.1999999999999993,QT450-10,185.64917093286738,,,,False
15,6,6,8.64,-25.75,-1.5999999999999996,QT450-10,185.68862670452168,,,,False
15,6,7,8.64,-25.75,0.0,QT450-10,185.70190437171286,,,,False
15,6,8,8.64,-25.75,1.6000000000000014,QT450-10,185.68862670452168,,,,False
15,6,9,8.64,-25.75,3.200000000000001,QT450-10,185.64917093286738,,,,False
15,6,10,8.64,-25.75,4.800000000000001,QT450-10,185.58460375360693,,,,False
15,6,11,8.64,-25.75,6.400000000000002,QT450-10,185.4964977238927,,,,False
15,6,12,8.64,-25.75,8.0,QT450-10,185.38666109208856,,,,False
15,6,13,8.64,-25.75,9.600000000000001,QT450-10,185.2568280288082,,,,False
15,6,14,8.64,-25.75,11.200000000000003,QT450-10,185.10836281419236,,,,False
15,7,0,8.64,-24.173076923076923,-11.2,QT450-10,188.39230438845553,,,,False
15,7,1,8.64,-24.173076923076923,-9.6,QT450-10,188.546184591263,,,,False
15,7,2,8.64,-24.173076923076923,-8.0,QT450-10,188.68208522739232,,,,False
15,7,3,8.64,-24.173076923076923,-6.3999999999999995,QT450-10,188.79816052958253,,,,False
15,7,4,8.64,-24.173076923076923,-4.8,QT450-10,188.89206439206475,,,,False
15,7,5,8.64,-24.173076923076923,-3.1999999999999993,QT450-10,188.96135021912065,,,,False
15,7,6,8.64,-24.173076923076923,-1.5999999999999996,QT450-10,189.00389001027145,,,,False
15,7,7,8.64,-24.173076923076923,0.0,QT450-10,189.0182401292833,,,,False
15,7,8,8.64,-24.173076923076923,1.6000000000000014,QT450-10,189.00389001027145,,,,False
15,7,9,8.64,-24.173076923076923,3.200000000000001,QT450-10,188.96135021912065,,,,False
15,7,10,8.64,-24.173076923076923,4.800000000000001,QT450-10,188.89206439206475,,,,False
15,7,11,8.64,-24.173076923076923,6.400000000000002,QT450-10,188.79816052958253,,,,False
15,7,12,8.64,-24.173076923076923,8.0,QT450-10,188.68208522739232,,,,False
15,7,13,8.64,-24.173076923076923,9.600000000000001,QT450-10,188.546184591263,,,,False
15,7,14,8.64,-24.173076923076923,11.200000000000003,QT450-10,188.39230438845553,,,,False
15,8,0,8.64,-22.596153846153847,-11.2,QT450-10,192.10673352977278,,,,False
15,8,1,8.64,-22.596153846153847,-9.6,QT450-10,192.26709233383178,,,,False
15,8,2,8.64,-22.596153846153847,-8.0,QT450-10,192.41044219353037,,,,False
15,8,3,8.64,-22.596153846153847,-6.3999999999999995,QT450-10,192.5343010254196,,,,False
15,8,4,8.64,-22.596153846153847,-4.8,QT450-10,192.63551241233267,,,,False
15,8,5,8.64,-22.596153846153847,-3.1999999999999993,QT450-10,192.71078367373593,,,,False
15,8,6,8.64,-22.596153846153847,-1.5999999999999996,QT450-10,192.75725017028145,,,,False
15,8,7,8.64,-22.596153846153847,0.0,QT450-10,192.77296816945304,,,,False
15,8,8,8.64,-22.596153846153847,1.6000000000000014,QT450-10,192.75725017028145,,,,False
15,8,9,8.64,-22.596153846153847,3.200000000000001,QT450-10,192.71078367373593,,,,False
15,8,10,8.64,-22.596153846153847,4.800000000000001,QT450-10,192.63551241233267,,,,False
15,8,11,8.64,-22.596153846153847,6.400000000000002,QT450-10,192.5343010254196,,,,False
15,8,12,8.64,-22.596153846153847,8.0,QT450-10,192.41044219353037,,,,False
15,8,13,8.64,-22.596153846153847,9.600000000000001,QT450-10,192.26709233383178,,,,False
15,8,14,8.64,-22.596153846153847,11.200000000000003,QT450-10,192.10673352977278,,,,False
15,9,0,8.64,-21.01923076923077,-11.2,QT450-10,196.23581166132672,,,,False
15,9,1,8.64,-21.01923076923077,-9.6,QT450-10,196.4038405420793,,,,False
15,9,2,8.64,-21.01923076923077,-8.0,QT450-10,196.5562534246209,,,,False
15,9,3,8.64,-21.01923076923077,-6.3999999999999995,QT450-10,196.6897374016342,,,,False
15,9,4,8.64,-21.01923076923077,-4.8,QT450-10,196.80007629602667,,,,False
15,9,5,8.64,-21.01923076923077,-3.1999999999999993,QT450-10,196.88287008638042,,,,False
15,9,6,8.64,-21.01923076923077,-1.5999999999999996,QT450-10,196.93428952863053,,,,False
15,9,7,8.64,-21.01923076923077,0.0,QT450-10,196.95173578438866,,,,False
15,9,8,8.64,-21.01923076923077,1.6000000000000014,QT450-10,196.93428952863053,,,,False
15,9,9,8.64,-21.01923076923077,3.200000000000001,QT450-10,196.88287008638042,,,,False
15,9,10,8.64,-21.01923076923077,4.800000000000001,QT450-10,196.80007629602667,,,,False
15,9,11,8.64,-21.01923076923077,6.400000000000002,QT450-10,196.6897374016342,,,,False
15,9,12,8.64,-21.01923076923077,8.0,QT450-10,196.5562534246209,,,,False
15,9,13,8.64,-21.01923076923077,9.600000000000001,QT450-10,196.4038405420793,,,,False
15,9,14,8.64,-21.01923076923077,11.200000000000003,QT450-10,196.23581166132672,,,,False
15,10,0,8.64,-19.442307692307693,-11.2,QT450-10,200.75666550748082,,,,False
15,10,1,8.64,-19.442307692307693,-9.6,QT450-10,200.93374584067064,,,,False
15,10,2,8.64,-19.442307692307693,-8.0,QT450-10,201.0971498483566,,,,False
15,10,3,8.64,-19.442307692307693,-6.3999999999999995,QT450-10,201.24248674362784,,,,False
15,10,4,8.64,-19.442307692307693,-4.8,QT450-10,201.3641691196729,,,,False
15,10,5,8.64,-19.442307692307693,-3.1999999999999993,QT450-10,201.4563639683681,,,,False
15,10,6,8.64,-19.442307692307693,-1.5999999999999996,QT450-10,201.51399319930056,,,,False
15,10,7,8.64,-19.442307692307693,0.0,QT450-10,201.53360949169098,,,,False
15,10,8,8.64,-19.442307692307693,1.6000000000000014,QT450-10,201.51399319930056,,,,False
15,10,9,8.64,-19.442307692307693,3.200000000000001,QT450-10,201.4563639683681,,,,False
15,10,10,8.64,-19.442307692307693,4.800000000000001,QT450-10,201.3641691196729,,,,False
15,10,11,8.64,-19.442307692307693,6.400000000000002,QT450-10,201.24248674362784,,,,False
15,10,12,8.64,-19.442307692307693,8.0,QT450-10,201.0971498483566,,,,False
15,10,13,8.64,-19.442307692307693,9.600000000000001,QT450-10,200.93374584067064,,,,False
15,10,14,8.64,-19.442307692307693,11.200000000000003,QT450-10,200.75666550748082,,,,False
15,11,0,8.64,-17.865384615384617,-11.2,QT450-10,205.6390303661992,,,,False
15,11,1,8.64,-17.865384615384617,-9.6,QT450-10,205.82673698062908,,,,False
15,11,2,8.64,-17.865384615384617,-8.0,QT450-10,206.00337927772676,,,,False
15,11,3,8.64,-17.865384615384617,-6.3999999999999995,QT450-10,206.16319824737022,,,,False
15,11,4,8.64,-17.865384615384617,-4.8,QT450-10,206.29885794464101,,,,False
15,11,5,8.64,-17.865384615384617,-3.1999999999999993,QT450-10,206.40269582721237,,,,False
15,11,6,8.64,-17.865384615384617,-1.5999999999999996,QT450-10,206.46803833841025,,,,False
15,11,7,8.64,-17.865384615384617,0.0,QT450-10,206.4903537024491,,,,False
15,11,8,8.64,-17.865384615384617,1.6000000000000014,QT450-10,206.46803833841025,,,,False
15,11,9,8.64,-17.865384615384617,3.200000000000001,QT450-10,206.40269582721237,,,,False
15,11,10,8.64,-17.865384615384617,4.800000000000001,QT450-10,206.29885794464101,,,,False
15,11,11,8.64,-17.865384615384617,6.400000000000002,QT450-10,206.16319824737022,,,,False
15,11,12,8.64,-17.865384615384617,8.0,QT450-10,206.00337927772676,,,,False
15,11,13,8.64,-17.865384615384617,9.600000000000001,QT450-10,205.82673698062908,,,,False
15,11,14,8.64,-17.865384615384617,11.200000000000003,QT450-10,205.6390303661992,,,,False
15,12,0,8.64,-16.28846153846154,-11.2,QT450-10,210.84259463171534,,,,False
15,12,1,8.64,-16.28846153846154,-9.6,QT450-10,211.04260695299496,,,,False
15,12,2,8.64,-16.28846153846154,-8.0,QT450-10,211.2350018553038,,,,False
15,12,3,8.64,-16.28846153846154,-6.3999999999999995,QT450-10,211.4123003046728,,,,False
15,12,4,8.64,-16.28846153846154,-4.8,QT450-10,211.5649682113118,,,,False
15,12,5,8.64,-16.28846153846154,-3.1999999999999993,QT450-10,211.68304234451307,,,,False
15,12,6,8.64,-16.28846153846154,-1.5999999999999996,QT450-10,211.75784207560707,,,,False
15,12,7,8.64,-16.28846153846154,0.0,QT450-10,211.78347093068976,,,,False
15,12,8,8.64,-16.28846153846154,1.6000000000000014,QT450-10,211.75784207560707,,,,False
15,12,9,8.64,-16.28846153846154,3.200000000000001,QT450-10,211.68304234451307,,,,False
15,12,10,8.64,-16.28846153846154,4.800000000000001,QT450-10,211.5649682113118,,,,False
15,12,11,8.64,-16.28846153846154,6.400000000000002,QT450-10,211.4123003046728,,,,False
15,12,12,8.64,-16.28846153846154,8.0,QT450-10,211.2350018553038,,,,False
15,12,13,8.64,-16.28846153846154,9.600000000000001,QT450-10,211.04260695299496,,,,False
15,12,14,8.64,-16.28846153846154,11.200000000000003,QT450-10,210.84259463171534,,,,False
15,13,0,8.64,-14.711538461538463,-11.2,QT450-10,216.31398985394276,,,,False
15,13,1,8.64,-14.711538461538463,-9.6,QT450-10,216.52812820964564,,,,False
15,13,2,8.64,-14.711538461538463,-8.0,QT450-10,216.73909056888948,,,,False
15,13,3,8.64,-14.711538461538463,-6.3999999999999995,QT450-10,216.93726533705745,,,,False
15,13,4,8.64,-14.711538461538463,-4.8,QT450-10,217.11039564973942,,,,False
15,13,5,8.64,-14.711538461538463,-3.1999999999999993,QT450-10,217.2456700431461,,,,False
15,13,6,8.64,-14.711538461538463,-1.5999999999999996,QT450-10,217.33192337123336,,,,False
15,13,7,8.64,-14.711538461538463,0.0,QT450-10,217.36156955827815,,,,False
15,13,8,8.64,-14.711538461538463,1.6000000000000014,QT450-10,217.33192337123336,,,,False
15,13,9,8.64,-14.711538461538463,3.200000000000001,QT450-10,217.2456700431461,,,,False
15,13,10,8.64,-14.711538461538463,4.800000000000001,QT450-10,217.11039564973942,,,,False
15,13,11,8.64,-14.711538461538463,6.400000000000002,QT450-10,216.93726533705745,,,,False
15,13,12,8.64,-14.711538461538463,8.0,QT450-10,216.73909056888948,,,,False
15,13,13,8.64,-14.711538461538463,9.600000000000001,QT450-10,216.52812820964562,,,,False
15,13,14,8.64,-14.711538461538463,11.200000000000003,QT450-10,216.31398985394273,,,,False
15,14,0,8.64,-13.134615384615387,-11.2,QT450-10,221.98673456262807,,,,False
15,14,1,8.64,-13.134615384615387,-9.6,QT450-10,222.21693691760692,,,,False
15,14,2,8.64,-13.134615384615387,-8.0,QT450-10,222.44955311894492,,,,False
15,14,3,8.64,-13.134615384615387,-6.3999999999999995,QT450-10,222.67236431543216,,,,False
15,14,4,8.64,-13.134615384615387,-4.8,QT450-10,222.8697946965174,,,,False
15,14,5,8.64,-13.134615384615387,-3.1999999999999993,QT450-10,223.02556765193566,,,,False
15,14,6,8.64,-13.134615384615387,-1.5999999999999996,QT450-10,223.125497801803,,,,False
15,14,7,8.64,-13.134615384615387,0.0,QT450-10,223.15994539639647,,,,False
15,14,8,8.64,-13.134615384615387,1.6000000000000014,QT450-10,223.125497801803,,,,False
15,14,9,8.64,-13.134615384615387,3.200000000000001,QT450-10,223.02556765193566,,,,False
15,14,10,8.64,-13.134615384615387,4.800000000000001,QT450-10,222.8697946965174,,,,False
15,14,11,8.64,-13.134615384615387,6.400000000000002,QT450-10,222.67236431543216,,,,False
15,14,12,8.64,-13.134615384615387,8.0,QT450-10,222.44955311894492,,,,False
15,14,13,8.64,-13.134615384615387,9.600000000000001,QT450-10,222.21693691760692,,,,False
15,14,14,8.64,-13.134615384615387,11.200000000000003,QT450-10,221.98673456262804,,,,False
15,15,0,8.64,-11.55769230769231,-11.2,QT450-10,227.7805916497747,,,,False
15,15,1,8.64,-11.55769230769231,-9.6,QT450-10,228.05034678048847,,,,False
15,15,2,8.64,-11.55769230769231,-8.0,QT450-10,228.38152405959025,,,,False
15,15,3,8.64,-11.55769230769231,-6.3999999999999995,QT450-10,228.78065630388036,,,,False
15,15,4,8.64,-11.55769230769231,-4.8,QT450-10,229.2401941610401,,,,False
15,15,5,8.64,-11.55769230769231,-3.1999999999999993,QT450-10,229.7155656055764,,,,False
15,15,6,8.64,-11.55769230769231,-1.5999999999999996,QT450-10,230.09953577944935,,,,False
15,15,7,8.64,-11.55769230769231,0.0,QT450-10,230.25150467583524,,,,False
15,15,8,8.64,-11.55769230769231,1.6000000000000014,QT450-10,230.09953577944935,,,,False
15,15,9,8.64,-11.55769230769231,3.200000000000001,QT450-10,229.7155656055764,,,,False
15,15,10,8.64,-11.55769230769231,4.800000000000001,QT450-10,229.2401941610401,,,,False
15,15,11,8.64,-11.55769230769231,6.400000000000002,QT450-10,228.78065630388036,,,,False
15,15,12,8.64,-11.55769230769231,8.0,QT450-10,228.38152405959022,,,,False
15,15,13,8.64,-11.55769230769231,9.600000000000001,QT450-10,228.05034678048847,,,,False
15,15,14,8.64,-11.55769230769231,11.200000000000003,QT450-10,227.7805916497747,,,,False
15,16,0,8.64,-9.98076923076923,-11.2,QT450-10,234.91270094027513,,,,False
15,16,1,8.64,-9.98076923076923,-9.6,QT450-10,235.36563677895882,,,,False
15,16,2,8.64,-9.98076923076923,-8.0,QT450-10,236.05003575887702,,,,False
15,16,3,8.64,-9.98076923076923,-6.3999999999999995,QT450-10,237.00444801511767,,,,False
15,16,4,8.64,-9.98076923076923,-4.8,QT450-10,238.25351663471088,,,,False
15,16,5,8.64,-9.98076923076923,-3.1999999999999993,QT450-10,239.71448500880484,,,,False
15,16,6,8.64,-9.98076923076923,-1.5999999999999996,QT450-10,240.98516027884347,,,,False
15,16,7,8.64,-9.98076923076923,0.0,QT450-10,241.50503531533533,,,,False
15,16,8,8.64,-9.98076923076923,1.6000000000000014,QT450-10,240.98516027884347,,,,False
15,16,9,8.64,-9.98076923076923,3.200000000000001,QT450-10,239.71448500880484,,,,False
15,16,10,8.64,-9.98076923076923,4.800000000000001,QT450-10,238.25351663471088,,,,False
15,16,11,8.64,-9.98076923076923,6.400000000000002,QT450-10,237.00444801511767,,,,False
15,16,12,8.64,-9.98076923076923,8.0,QT450-10,236.05003575887702,,,,False
15,16,13,8.64,-9.98076923076923,9.600000000000001,QT450-10,235.3656367789588,,,,False
15,16,14,8.64,-9.98076923076923,11.200000000000003,QT450-10,234.9127009402751,,,,False
15,17,0,8.64,-8.403846153846153,-11.2,QT450-10,243.114086513245,,,,False
15,17,1,8.64,-8.403846153846153,-9.6,QT450-10,243.8424543096863,,,,False
15,17,2,8.64,-8.403846153846153,-8.0,QT450-10,245.12419215472312,,,,False
15,17,3,8.64,-8.403846153846153,-6.3999999999999995,QT450-10,247.15028433789857,,,,False
15,17,4,8.64,-8.403846153846153,-4.8,QT450-10,250.1242685601406,,,,False
15,17,5,8.64,-8.403846153846153,-3.1999999999999993,QT450-10,253.88640329626963,,,,False
15,17,6,8.64,-8.403846153846153,-1.5999999999999996,QT450-10,257.25252500562755,,,,False
15,17,7,8.64,-8.403846153846153,0.0,QT450-10,258.6931069916472,,,,False
15,17,8,8.64,-8.403846153846153,1.6000000000000014,QT450-10,257.25252500562755,,,,False
15,17,9,8.64,-8.403846153846153,3.200000000000001,QT450-10,253.8864032962696,,,,False
15,17,10,8.64,-8.403846153846153,4.800000000000001,QT450-10,250.1242685601406,,,,False
15,17,11,8.64,-8.403846153846153,6.400000000000002,QT450-10,247.15028433789854,,,,False
15,17,12,8.64,-8.403846153846153,8.0,QT450-10,245.1241921547231,,,,False
15,17,13,8.64,-8.403846153846153,9.600000000000001,QT450-10,243.84245430968627,,,,False
15,17,14,8.64,-8.403846153846153,11.200000000000003,QT450-10,243.11408651324498,,,,False
15,18,0,8.64,-6.826923076923077,-11.2,QT450-10,252.01436312172854,,,,False
15,18,1,8.64,-6.826923076923077,-9.6,QT450-10,253.16512857023326,,,,False
15,18,2,8.64,-6.826923076923077,-8.0,QT450-10,255.43817915281915,,,,False
15,18,3,8.64,-6.826923076923077,-6.3999999999999995,QT450-10,259.41363094612296,,,,False
15,18,4,8.64,-6.826923076923077,-4.8,QT450-10,265.7600265366127,,,,False
15,18,5,8.64,-6.826923076923077,-3.1999999999999993,QT450-10,274.2591877287875,,,,False
15,18,6,8.64,-6.826923076923077,-1.5999999999999996,QT450-10,281.73594011416355,,,,False
15,18,7,8.64,-6.826923076923077,0.0,QT450-10,285.0859221665585,,,,False
15,18,8,8.64,-6.826923076923077,1.6000000000000014,QT450-10,281.73594011416355,,,,False
15,18,9,8.64,-6.826923076923077,3.200000000000001,QT450-10,274.2591877287875,,,,False
15,18,10,8.64,-6.826923076923077,4.800000000000001,QT450-10,265.76002653661266,,,,False
15,18,11,8.64,-6.826923076923077,6.400000000000002,QT450-10,259.41363094612296,,,,False
15,18,12,8.64,-6.826923076923077,8.0,QT450-10,255.4381791528191,,,,False
15,18,13,8.64,-6.826923076923077,9.600000000000001,QT450-10,253.16512857023324,,,,False
15,18,14,8.64,-6.826923076923077,11.200000000000003,QT450-10,252.0143631217285,,,,False
15,19,0,8.64,-5.25,-11.2,QT450-10,261.2313073176234,,,,False
15,19,1,8.64,-5.25,-9.6,QT450-10,262.96950644668044,,,,False
15,19,2,8.64,-5.25,-8.0,QT450-10,266.697696070655,,,,False
15,19,3,8.64,-5.25,-6.3999999999999995,QT450-10,273.79806698599833,,,,False
15,19,4,8.64,-5.25,-4.8,QT450-10,286.1695312493003,,,,False
15,19,5,8.64,-5.25,-3.1999999999999993,QT450-10,303.22145641668084,,,,False
15,19,6,8.64,-5.25,-1.5999999999999996,QT450-10,321.0534577082024,,,,False
15,19,7,8.64,-5.25,0.0,QT450-10,329.2972017113908,,,,False
15,19,8,8.64,-5.25,1.6000000000000014,QT450-10,321.0534577082024,,,,False
15,19,9,8.64,-5.25,3.200000000000001,QT450-10,303.22145641668084,,,,False
15,19,10,8.64,-5.25,4.800000000000001,QT450-10,286.1695312493003,,,,False
15,19,11,8.64,-5.25,6.400000000000002,QT450-10,273.7980669859983,,,,False
15,19,12,8.64,-5.25,8.0,QT450-10,266.697696070655,,,,False
15,19,13,8.64,-5.25,9.600000000000001,QT450-10,262.9695064466804,,,,False
15,19,14,8.64,-5.25,11.200000000000003,QT450-10,261.23130731762336,,,,False
15,20,0,8.64,-3.673076923076927,-11.2,QT450-10,270.23686847479263,,,,False
15,20,1,8.64,-3.673076923076927,-9.6,QT450-10,272.68921210369973,,,,False
15,20,2,8.64,-3.673076923076927,-8.0,QT450-10,278.3319695144982,,,,False
15,20,3,8.64,-3.673076923076927,-6.3999999999999995,QT450-10,289.9868292918112,,,,False
15,20,4,8.64,-3.673076923076927,-4.8,QT450-10,311.11875543750443,,,,False
15,20,5,8.64,-3.673076923076927,-3.1999999999999993,QT450-10,344.3118601132137,,,,False
15,20,6,8.64,-3.673076923076927,-1.5999999999999996,QT450-10,381.4253257734148,,,,False
15,20,7,8.64,-3.673076923076927,0.0,QT450-10,403.0162360543265,,,,False
15,20,8,8.64,-3.673076923076927,1.6000000000000014,QT450-10,381.4253257734147,,,,False
15,20,9,8.64,-3.673076923076927,3.200000000000001,QT450-10,344.3118601132137,,,,False
15,20,10,8.64,-3.673076923076927,4.800000000000001,QT450-10,311.11875543750443,,,,False
15,20,11,8.64,-3.673076923076927,6.400000000000002,QT450-10,289.98682929181115,,,,False
15,20,12,8.64,-3.673076923076927,8.0,QT450-10,278.3319695144982,,,,False
15,20,13,8.64,-3.673076923076927,9.600000000000001,QT450-10,272.6892121036997,,,,False
15,20,14,8.64,-3.673076923076927,11.200000000000003,QT450-10,270.2368684747926,,,,False
15,21,0,8.64,-2.0961538461538467,-11.2,ERNiFe-CI,280.5221673116668,,,,False
15,21,1,8.64,-2.0961538461538467,-9.6,ERNiFe-CI,283.93897337446657,,,,False
15,21,2,8.64,-2.0961538461538467,-8.0,ERNiFe-CI,292.00657517674466,,,,False
15,21,3,8.64,-2.0961538461538467,-6.3999999999999995,ERNiFe-CI,309.71923920711606,,,,False
15,21,4,8.64,-2.0961538461538467,-4.8,ERNiFe-CI,345.93671234883305,,,,False
15,21,5,8.64,-2.0961538461538467,-3.1999999999999993,ERNiFe-CI,406.8078946331411,,,,False
15,21,6,8.64,-2.0961538461538467,-1.5999999999999996,ERNiFe-CI,513.694139341764,,,,False
15,21,7,8.64,-2.0961538461538467,0.0,ERNiFe-CI,605.5200973455339,,,,False
15,21,8,8.64,-2.0961538461538467,1.6000000000000014,ERNiFe-CI,513.6941393417637,,,,False
15,21,9,8.64,-2.0961538461538467,3.200000000000001,ERNiFe-CI,406.8078946331409,,,,False
15,21,10,8.64,-2.0961538461538467,4.800000000000001,ERNiFe-CI,345.93671234883294,,,,False
15,21,11,8.64,-2.0961538461538467,6.400000000000002,ERNiFe-CI,309.719239207116,,,,False
15,21,12,8.64,-2.0961538461538467,8.0,ERNiFe-CI,292.0065751767446,,,,False
15,21,13,8.64,-2.0961538461538467,9.600000000000001,ERNiFe-CI,283.93897337446657,,,,False
15,21,14,8.64,-2.0961538461538467,11.200000000000003,ERNiFe-CI,280.52216731166675,,,,False
15,22,0,8.64,-0.5192307692307736,-11.2,ERNiFe-CI,291.6099766010808,,,,False
15,22,1,8.64,-0.5192307692307736,-9.6,ERNiFe-CI,295.9755397106404,,,,False
15,22,2,8.64,-0.5192307692307736,-8.0,ERNiFe-CI,306.46980190658763,,,,False
15,22,3,8.64,-0.5192307692307736,-6.3999999999999995,ERNiFe-CI,329.5850389159499,,,,False
15,22,4,8.64,-0.5192307692307736,-4.8,ERNiFe-CI,379.64011850812506,,,,False
15,22,5,8.64,-0.5192307692307736,-3.1999999999999993,ERNiFe-CI,477.89974666732934,,,,False
15,22,6,8.64,-0.5192307692307736,-1.5999999999999996,ERNiFe-CI,707.9097390057984,,,,False
15,22,7,8.64,-0.5192307692307736,0.0,ERNiFe-CI,951.5536233501199,21.091735226866955,23.904580668524687,2.812845441657732,True
15,22,8,8.64,-0.5192307692307736,1.6000000000000014,ERNiFe-CI,707.9097390057981,,,,False
15,22,9,8.64,-0.5192307692307736,3.200000000000001,ERNiFe-CI,477.8997466673292,,,,False
15,22,10,8.64,-0.5192307692307736,4.800000000000001,ERNiFe-CI,379.64011850812494,,,,False
15,22,11,8.64,-0.5192307692307736,6.400000000000002,ERNiFe-CI,329.5850389159498,,,,False
15,22,12,8.64,-0.5192307692307736,8.0,ERNiFe-CI,306.4698019065876,,,,False
15,22,13,8.64,-0.5192307692307736,9.600000000000001,ERNiFe-CI,295.97553971064036,,,,False
15,22,14,8.64,-0.5192307692307736,11.200000000000003,ERNiFe-CI,291.60997660108075,,,,False
15,23,0,8.64,1.0576923076923066,-11.2,ERNiFe-CI,300.72226547148557,,,,False
15,23,1,8.64,1.0576923076923066,-9.6,ERNiFe-CI,305.67269930990625,,,,False
15,23,2,8.64,1.0576923076923066,-8.0,ERNiFe-CI,317.3434524412651,,,,False
15,23,3,8.64,1.0576923076923066,-6.3999999999999995,ERNiFe-CI,341.57752137035345,,,,False
15,23,4,8.64,1.0576923076923066,-4.8,ERNiFe-CI,390.9100980658678,,,,False
15,23,5,8.64,1.0576923076923066,-3.1999999999999993,ERNiFe-CI,478.8280096033886,,,,False
15,23,6,8.64,1.0576923076923066,-1.5999999999999996,ERNiFe-CI,673.4801409107974,,,,False
15,23,7,8.64,1.0576923076923066,0.0,ERNiFe-CI,866.4810858219014,20.19066218023013,23.97400018796192,3.783338007731789,True
15,23,8,8.64,1.0576923076923066,1.6000000000000014,ERNiFe-CI,673.4801409107972,,,,False
15,23,9,8.64,1.0576923076923066,3.200000000000001,ERNiFe-CI,478.82800960338835,,,,False
15,23,10,8.64,1.0576923076923066,4.800000000000001,ERNiFe-CI,390.9100980658677,,,,False
15,23,11,8.64,1.0576923076923066,6.400000000000002,ERNiFe-CI,341.5775213703534,,,,False
15,23,12,8.64,1.0576923076923066,8.0,ERNiFe-CI,317.343452441265,,,,False
15,23,13,8.64,1.0576923076923066,9.600000000000001,ERNiFe-CI,305.6726993099062,,,,False
15,23,14,8.64,1.0576923076923066,11.200000000000003,ERNiFe-CI,300.7222654714855,,,,False
15,24,0,8.64,2.634615384615387,-11.2,ERNiFe-CI,307.4607959404682,,,,False
15,24,1,8.64,2.634615384615387,-9.6,ERNiFe-CI,312.6265886273725,,,,False
15,24,2,8.64,2.634615384615387,-8.0,ERNiFe-CI,324.34445961053433,,,,False
15,24,3,8.64,2.634615384615387,-6.3999999999999995,ERNiFe-CI,346.62028585640206,,,,False
15,24,4,8.64,2.634615384615387,-4.8,ERNiFe-CI,385.2639092835971,,,,False
15,24,5,8.64,2.634615384615387,-3.1999999999999993,ERNiFe-CI,444.05242179619717,,,,False
15,24,6,8.64,2.634615384615387,-1.5999999999999996,ERNiFe-CI,519.9420015552422,,,,False
15,24,7,8.64,2.634615384615387,0.0,ERNiFe-CI,583.4996889443812,,,,False
15,24,8,8.64,2.634615384615387,1.6000000000000014,ERNiFe-CI,519.9420015552421,,,,False
15,24,9,8.64,2.634615384615387,3.200000000000001,ERNiFe-CI,444.05242179619705,,,,False
15,24,10,8.64,2.634615384615387,4.800000000000001,ERNiFe-CI,385.263909283597,,,,False
15,24,11,8.64,2.634615384615387,6.400000000000002,ERNiFe-CI,346.620285856402,,,,False
15,24,12,8.64,2.634615384615387,8.0,ERNiFe-CI,324.3444596105343,,,,False
15,24,13,8.64,2.634615384615387,9.600000000000001,ERNiFe-CI,312.6265886273724,,,,False
15,24,14,8.64,2.634615384615387,11.200000000000003,ERNiFe-CI,307.46079594046813,,,,False
15,25,0,8.64,4.21153846153846,-11.2,Q235B,310.76387377637104,,,,False
15,25,1,8.64,4.21153846153846,-9.6,Q235B,315.8876701679483,,,,False
15,25,2,8.64,4.21153846153846,-8.0,Q235B,327.31896544803203,,,,False
15,25,3,8.64,4.21153846153846,-6.3999999999999995,Q235B,347.89010593725317,,,,False
15,25,4,8.64,4.21153846153846,-4.8,Q235B,379.48607020448696,,,,False
15,25,5,8.64,4.21153846153846,-3.1999999999999993,Q235B,422.09654854066827,,,,False
15,25,6,8.64,4.21153846153846,-1.5999999999999996,Q235B,464.88963693940303,,,,False
15,25,7,8.64,4.21153846153846,0.0,Q235B,486.1065217686828,,,,False
15,25,8,8.64,4.21153846153846,1.6000000000000014,Q235B,464.889636939403,,,,False
15,25,9,8.64,4.21153846153846,3.200000000000001,Q235B,422.0965485406682,,,,False
15,25,10,8.64,4.21153846153846,4.800000000000001,Q235B,379.48607020448685,,,,False
15,25,11,8.64,4.21153846153846,6.400000000000002,Q235B,347.8901059372531,,,,False
15,25,12,8.64,4.21153846153846,8.0,Q235B,327.318965448032,,,,False
15,25,13,8.64,4.21153846153846,9.600000000000001,Q235B,315.8876701679482,,,,False
15,25,14,8.64,4.21153846153846,11.200000000000003,Q235B,310.763873776371,,,,False
16,0,0,11.519999999999996,-35.21153846153846,-11.2,QT450-10,173.80747654885172,,,,False
16,0,1,11.519999999999996,-35.21153846153846,-9.6,QT450-10,173.93990719804574,,,,False
16,0,2,11.519999999999996,-35.21153846153846,-8.0,QT450-10,174.053222663959,,,,False
16,0,3,11.519999999999996,-35.21153846153846,-6.3999999999999995,QT450-10,174.1470215006483,,,,False
16,0,4,11.519999999999996,-35.21153846153846,-4.8,QT450-10,174.22078451222157,,,,False
16,0,5,11.519999999999996,-35.21153846153846,-3.1999999999999993,QT450-10,174.27396668666117,,,,False
16,0,6,11.519999999999996,-35.21153846153846,-1.5999999999999996,QT450-10,174.30609260969788,,,,False
16,0,7,11.519999999999996,-35.21153846153846,0.0,QT450-10,174.316839340895,,,,False
16,0,8,11.519999999999996,-35.21153846153846,1.6000000000000014,QT450-10,174.30609260969788,,,,False
16,0,9,11.519999999999996,-35.21153846153846,3.200000000000001,QT450-10,174.27396668666117,,,,False
16,0,10,11.519999999999996,-35.21153846153846,4.800000000000001,QT450-10,174.22078451222157,,,,False
16,0,11,11.519999999999996,-35.21153846153846,6.400000000000002,QT450-10,174.1470215006483,,,,False
16,0,12,11.519999999999996,-35.21153846153846,8.0,QT450-10,174.053222663959,,,,False
16,0,13,11.519999999999996,-35.21153846153846,9.600000000000001,QT450-10,173.93990719804574,,,,False
16,0,14,11.519999999999996,-35.21153846153846,11.200000000000003,QT450-10,173.80747654885172,,,,False
16,1,0,11.519999999999996,-33.63461538461539,-11.2,QT450-10,174.42304500258038,,,,False
16,1,1,11.519999999999996,-33.63461538461539,-9.6,QT450-10,174.5563351589412,,,,False
16,1,2,11.519999999999996,-33.63461538461539,-8.0,QT450-10,174.67054563415527,,,,False
16,1,3,11.519999999999996,-33.63461538461539,-6.3999999999999995,QT450-10,174.76521915371939,,,,False
16,1,4,11.519999999999996,-33.63461538461539,-4.8,QT450-10,174.83976774593376,,,,False
16,1,5,11.519999999999996,-33.63461538461539,-3.1999999999999993,QT450-10,174.89357521501637,,,,False
16,1,6,11.519999999999996,-33.63461538461539,-1.5999999999999996,QT450-10,174.92610438704108,,,,False
16,1,7,11.519999999999996,-33.63461538461539,0.0,QT450-10,174.93699046678884,,,,False
16,1,8,11.519999999999996,-33.63461538461539,1.6000000000000014,QT450-10,174.92610438704108,,,,False
16,1,9,11.519999999999996,-33.63461538461539,3.200000000000001,QT450-10,174.89357521501637,,,,False
16,1,10,11.519999999999996,-33.63461538461539,4.800000000000001,QT450-10,174.83976774593376,,,,False
16,1,11,11.519999999999996,-33.63461538461539,6.400000000000002,QT450-10,174.76521915371939,,,,False
16,1,12,11.519999999999996,-33.63461538461539,8.0,QT450-10,174.67054563415527,,,,False
16,1,13,11.519999999999996,-33.63461538461539,9.600000000000001,QT450-10,174.5563351589412,,,,False
16,1,14,11.519999999999996,-33.63461538461539,11.200000000000003,QT450-10,174.42304500258038,,,,False
16,2,0,11.519999999999996,-32.05769230769231,-11.2,QT450-10,175.50693984340046,,,,False
16,2,1,11.519999999999996,-32.05769230769231,-9.6,QT450-10,175.6418099948106,,,,False
16,2,2,11.519999999999996,-32.05769230769231,-8.0,QT450-10,175.75770429951734,,,,False
16,2,3,11.519999999999996,-32.05769230769231,-6.3999999999999995,QT450-10,175.8540527342677,,,,False
16,2,4,11.519999999999996,-32.05769230769231,-4.8,QT450-10,175.9301243242538,,,,False
16,2,5,11.519999999999996,-32.05769230769231,-3.1999999999999993,QT450-10,175.98515403033667,,,,False
16,2,6,11.519999999999996,-32.05769230769231,-1.5999999999999996,QT450-10,176.01847535544576,,,,False
16,2,7,11.519999999999996,-32.05769230769231,0.0,QT450-10,176.02963582062773,,,,False
16,2,8,11.519999999999996,-32.05769230769231,1.6000000000000014,QT450-10,176.01847535544576,,,,False
16,2,9,11.519999999999996,-32.05769230769231,3.200000000000001,QT450-10,175.98515403033667,,,,False
16,2,10,11.519999999999996,-32.05769230769231,4.800000000000001,QT450-10,175.9301243242538,,,,False
16,2,11,11.519999999999996,-32.05769230769231,6.400000000000002,QT450-10,175.8540527342677,,,,False
16,2,12,11.519999999999996,-32.05769230769231,8.0,QT450-10,175.75770429951734,,,,False
16,2,13,11.519999999999996,-32.05769230769231,9.600000000000001,QT450-10,175.6418099948106,,,,False
16,2,14,11.519999999999996,-32.05769230769231,11.200000000000003,QT450-10,175.50693984340046,,,,False
16,3,0,11.519999999999996,-30.48076923076923,-11.2,QT450-10,177.062087732241,,,,False
16,3,1,11.519999999999996,-30.48076923076923,-9.6,QT450-10,177.19930292084447,,,,False
16,3,2,11.519999999999996,-30.48076923076923,-8.0,QT450-10,177.31774471963956,,,,False
16,3,3,11.519999999999996,-30.48076923076923,-6.3999999999999995,QT450-10,177.4166602895284,,,,False
16,3,4,11.519999999999996,-30.48076923076923,-4.8,QT450-10,177.49508657643656,,,,False
16,3,5,11.519999999999996,-30.48076923076923,-3.1999999999999993,QT450-10,177.5520167069555,,,,False
16,3,6,11.519999999999996,-30.48076923076923,-1.5999999999999996,QT450-10,177.58657393306783,,,,False
16,3,7,11.519999999999996,-30.48076923076923,0.0,QT450-10,177.59816317464413,,,,False
16,3,8,11.519999999999996,-30.48076923076923,1.6000000000000014,QT450-10,177.58657393306783,,,,False
16,3,9,11.519999999999996,-30.48076923076923,3.200000000000001,QT450-10,177.5520167069555,,,,False
16,3,10,11.519999999999996,-30.48076923076923,4.800000000000001,QT450-10,177.49508657643656,,,,False
16,3,11,11.519999999999996,-30.48076923076923,6.400000000000002,QT450-10,177.4166602895284,,,,False
16,3,12,11.519999999999996,-30.48076923076923,8.0,QT450-10,177.31774471963956,,,,False
16,3,13,11.519999999999996,-30.48076923076923,9.600000000000001,QT450-10,177.19930292084447,,,,False
16,3,14,11.519999999999996,-30.48076923076923,11.200000000000003,QT450-10,177.062087732241,,,,False
16,4,0,11.519999999999996,-28.903846153846153,-11.2,QT450-10,179.09196396036288,,,,False
16,4,1,11.519999999999996,-28.903846153846153,-9.6,QT450-10,179.23235999703377,,,,False
16,4,2,11.519999999999996,-28.903846153846153,-8.0,QT450-10,179.35432932659913,,,,False
16,4,3,11.519999999999996,-28.903846153846153,-6.3999999999999995,QT450-10,179.45684796352768,,,,False
16,4,4,11.519999999999996,-28.903846153846153,-4.8,QT450-10,179.53860844298023,,,,False
16,4,5,11.519999999999996,-28.903846153846153,-3.1999999999999993,QT450-10,179.59824478002625,,,,False
16,4,6,11.519999999999996,-28.903846153846153,-1.5999999999999996,QT450-10,179.63456787029682,,,,False
16,4,7,11.519999999999996,-28.903846153846153,0.0,QT450-10,179.64677071701485,,,,False
16,4,8,11.519999999999996,-28.903846153846153,1.6000000000000014,QT450-10,179.63456787029682,,,,False
16,4,9,11.519999999999996,-28.903846153846153,3.200000000000001,QT450-10,179.59824478002625,,,,False
16,4,10,11.519999999999996,-28.903846153846153,4.800000000000001,QT450-10,179.53860844298023,,,,False
16,4,11,11.519999999999996,-28.903846153846153,6.400000000000002,QT450-10,179.45684796352768,,,,False
16,4,12,11.519999999999996,-28.903846153846153,8.0,QT450-10,179.35432932659913,,,,False
16,4,13,11.519999999999996,-28.903846153846153,9.600000000000001,QT450-10,179.23235999703377,,,,False
16,4,14,11.519999999999996,-28.903846153846153,11.200000000000003,QT450-10,179.09196396036288,,,,False
16,5,0,11.519999999999996,-27.326923076923077,-11.2,QT450-10,181.5998757905465,,,,False
16,5,1,11.519999999999996,-27.326923076923077,-9.6,QT450-10,181.74438730683102,,,,False
16,5,2,11.519999999999996,-27.326923076923077,-8.0,QT450-10,181.8710280945239,,,,False
16,5,3,11.519999999999996,-27.326923076923077,-6.3999999999999995,QT450-10,181.97838898364373,,,,False
16,5,4,11.519999999999996,-27.326923076923077,-4.8,QT450-10,182.06467271534964,,,,False
16,5,5,11.519999999999996,-27.326923076923077,-3.1999999999999993,QT450-10,182.1280022404937,,,,False
16,5,6,11.519999999999996,-27.326923076923077,-1.5999999999999996,QT450-10,182.16674370343148,,,,False
16,5,7,11.519999999999996,-27.326923076923077,0.0,QT450-10,182.179788265849,,,,False
16,5,8,11.519999999999996,-27.326923076923077,1.6000000000000014,QT450-10,182.16674370343148,,,,False
16,5,9,11.519999999999996,-27.326923076923077,3.200000000000001,QT450-10,182.1280022404937,,,,False
16,5,10,11.519999999999996,-27.326923076923077,4.800000000000001,QT450-10,182.06467271534964,,,,False
16,5,11,11.519999999999996,-27.326923076923077,6.400000000000002,QT450-10,181.97838898364373,,,,False
16,5,12,11.519999999999996,-27.326923076923077,8.0,QT450-10,181.8710280945239,,,,False
16,5,13,11.519999999999996,-27.326923076923077,9.600000000000001,QT450-10,181.74438730683102,,,,False
16,5,14,11.519999999999996,-27.326923076923077,11.200000000000003,QT450-10,181.5998757905465,,,,False
16,6,0,11.519999999999996,-25.75,-11.2,QT450-10,184.58798557702778,,,,False
16,6,1,11.519999999999996,-25.75,-9.6,QT450-10,184.73767720764866,,,,False
16,6,2,11.519999999999996,-25.75,-8.0,QT450-10,184.87035198152452,,,,False
16,6,3,11.519999999999996,-25.75,-6.3999999999999995,QT450-10,184.98406681254664,,,,False
16,6,4,11.519999999999996,-25.75,-4.8,QT450-10,185.0763445891839,,,,False
16,6,5,11.519999999999996,-25.75,-3.1999999999999993,QT450-10,185.1445982792702,,,,False
16,6,6,11.519999999999996,-25.75,-1.5999999999999996,QT450-10,185.18657579421372,,,,False
16,6,7,11.519999999999996,-25.75,0.0,QT450-10,185.2007485455511,,,,False
16,6,8,11.519999999999996,-25.75,1.6000000000000014,QT450-10,185.18657579421372,,,,False
16,6,9,11.519999999999996,-25.75,3.200000000000001,QT450-10,185.1445982792702,,,,False
16,6,10,11.519999999999996,-25.75,4.800000000000001,QT450-10,185.0763445891839,,,,False
16,6,11,11.519999999999996,-25.75,6.400000000000002,QT450-10,184.98406681254664,,,,False
16,6,12,11.519999999999996,-25.75,8.0,QT450-10,184.87035198152452,,,,False
16,6,13,11.519999999999996,-25.75,9.600000000000001,QT450-10,184.73767720764866,,,,False
16,6,14,11.519999999999996,-25.75,11.200000000000003,QT450-10,184.58798557702778,,,,False
16,7,0,11.519999999999996,-24.173076923076923,-11.2,QT450-10,188.0560640650741,,,,False
16,7,1,11.519999999999996,-24.173076923076923,-9.6,QT450-10,188.21216511415088,,,,False
16,7,2,11.519999999999996,-24.173076923076923,-8.0,QT450-10,188.35251765718658,,,,False
16,7,3,11.519999999999996,-24.173076923076923,-6.3999999999999995,QT450-10,188.47445075467348,,,,False
16,7,4,11.519999999999996,-24.173076923076923,-4.8,QT450-10,188.57455903206412,,,,False
16,7,5,11.519999999999996,-24.173076923076923,-3.1999999999999993,QT450-10,188.64928510330873,,,,False
16,7,6,11.519999999999996,-24.173076923076923,-1.5999999999999996,QT450-10,188.69553132457426,,,,False
16,7,7,11.519999999999996,-24.173076923076923,0.0,QT450-10,188.71119473598506,,,,False
16,7,8,11.519999999999996,-24.173076923076923,1.6000000000000014,QT450-10,188.69553132457426,,,,False
16,7,9,11.519999999999996,-24.173076923076923,3.200000000000001,QT450-10,188.64928510330873,,,,False
16,7,10,11.519999999999996,-24.173076923076923,4.800000000000001,QT450-10,188.57455903206412,,,,False
16,7,11,11.519999999999996,-24.173076923076923,6.400000000000002,QT450-10,188.47445075467348,,,,False
16,7,12,11.519999999999996,-24.173076923076923,8.0,QT450-10,188.35251765718658,,,,False
16,7,13,11.519999999999996,-24.173076923076923,9.600000000000001,QT450-10,188.21216511415088,,,,False
16,7,14,11.519999999999996,-24.173076923076923,11.200000000000003,QT450-10,188.0560640650741,,,,False
16,8,0,11.519999999999996,-22.596153846153847,-11.2,QT450-10,191.9999705962859,,,,False
16,8,1,11.519999999999996,-22.596153846153847,-9.6,QT450-10,192.16391265707765,,,,False
16,8,2,11.519999999999996,-22.596153846153847,-8.0,QT450-10,192.31393827647145,,,,False
16,8,3,11.519999999999996,-22.596153846153847,-6.3999999999999995,QT450-10,192.44639745478779,,,,False
16,8,4,11.519999999999996,-22.596153846153847,-4.8,QT450-10,192.556634018503,,,,False
16,8,5,11.519999999999996,-22.596153846153847,-3.1999999999999993,QT450-10,192.63978167262027,,,,False
16,8,6,11.519999999999996,-22.596153846153847,-1.5999999999999996,QT450-10,192.69160128255515,,,,False
16,8,7,11.519999999999996,-22.596153846153847,0.0,QT450-10,192.70921404380042,,,,False
16,8,8,11.519999999999996,-22.596153846153847,1.6000000000000014,QT450-10,192.69160128255515,,,,False
16,8,9,11.519999999999996,-22.596153846153847,3.200000000000001,QT450-10,192.63978167262027,,,,False
16,8,10,11.519999999999996,-22.596153846153847,4.800000000000001,QT450-10,192.556634018503,,,,False
16,8,11,11.519999999999996,-22.596153846153847,6.400000000000002,QT450-10,192.44639745478779,,,,False
16,8,12,11.519999999999996,-22.596153846153847,8.0,QT450-10,192.31393827647145,,,,False
16,8,13,11.519999999999996,-22.596153846153847,9.600000000000001,QT450-10,192.16391265707765,,,,False
16,8,14,11.519999999999996,-22.596153846153847,11.200000000000003,QT450-10,191.9999705962859,,,,False
16,9,0,11.519999999999996,-21.01923076923077,-11.2,QT450-10,196.4098702997779,,,,False
16,9,1,11.519999999999996,-21.01923076923077,-9.6,QT450-10,196.5833259401819,,,,False
16,9,2,11.519999999999996,-21.01923076923077,-8.0,QT450-10,196.74544734001532,,,,False
16,9,3,11.519999999999996,-21.01923076923077,-6.3999999999999995,QT450-10,196.89128318357416,,,,False
16,9,4,11.519999999999996,-21.01923076923077,-4.8,QT450-10,197.01451223829667,,,,False
16,9,5,11.519999999999996,-21.01923076923077,-3.1999999999999993,QT450-10,197.10852395785702,,,,False
16,9,6,11.519999999999996,-21.01923076923077,-1.5999999999999996,QT450-10,197.1675566777821,,,,False
16,9,7,11.519999999999996,-21.01923076923077,0.0,QT450-10,197.18769605357866,,,,False
16,9,8,11.519999999999996,-21.01923076923077,1.6000000000000014,QT450-10,197.1675566777821,,,,False
16,9,9,11.519999999999996,-21.01923076923077,3.200000000000001,QT450-10,197.10852395785702,,,,False
16,9,10,11.519999999999996,-21.01923076923077,4.800000000000001,QT450-10,197.01451223829667,,,,False
16,9,11,11.519999999999996,-21.01923076923077,6.400000000000002,QT450-10,196.89128318357416,,,,False
16,9,12,11.519999999999996,-21.01923076923077,8.0,QT450-10,196.74544734001532,,,,False
16,9,13,11.519999999999996,-21.01923076923077,9.600000000000001,QT450-10,196.5833259401819,,,,False
16,9,14,11.519999999999996,-21.01923076923077,11.200000000000003,QT450-10,196.4098702997779,,,,False
16,10,0,11.519999999999996,-19.442307692307693,-11.2,QT450-10,201.26862384554298,,,,False
16,10,1,11.519999999999996,-19.442307692307693,-9.6,QT450-10,201.4536018965847,,,,False
16,10,2,11.519999999999996,-19.442307692307693,-8.0,QT450-10,201.63080469386486,,,,False
16,10,3,11.519999999999996,-19.442307692307693,-6.3999999999999995,QT450-10,201.79356679987973,,,,False
16,10,4,11.519999999999996,-19.442307692307693,-4.8,QT450-10,201.93337459301227,,,,False
16,10,5,11.519999999999996,-19.442307692307693,-3.1999999999999993,QT450-10,202.04131854263497,,,,False
16,10,6,11.519999999999996,-19.442307692307693,-1.5999999999999996,QT450-10,202.10962804199983,,,,False
16,10,7,11.519999999999996,-19.442307692307693,0.0,QT450-10,202.13302119290105,,,,False
16,10,8,11.519999999999996,-19.442307692307693,1.6000000000000014,QT450-10,202.10962804199983,,,,False
16,10,9,11.519999999999996,-19.442307692307693,3.200000000000001,QT450-10,202.04131854263497,,,,False
16,10,10,11.519999999999996,-19.442307692307693,4.800000000000001,QT450-10,201.93337459301227,,,,False
16,10,11,11.519999999999996,-19.442307692307693,6.400000000000002,QT450-10,201.79356679987973,,,,False
16,10,12,11.519999999999996,-19.442307692307693,8.0,QT450-10,201.63080469386486,,,,False
16,10,13,11.519999999999996,-19.442307692307693,9.600000000000001,QT450-10,201.4536018965847,,,,False
16,10,14,11.519999999999996,-19.442307692307693,11.200000000000003,QT450-10,201.26862384554298,,,,False
16,11,0,11.519999999999996,-17.865384615384617,-11.2,QT450-10,206.5508502888526,,,,False
16,11,1,11.519999999999996,-17.865384615384617,-9.6,QT450-10,206.74971486964608,,,,False
16,11,2,11.519999999999996,-17.865384615384617,-8.0,QT450-10,206.94559312287478,,,,False
16,11,3,11.519999999999996,-17.865384615384617,-6.3999999999999995,QT450-10,207.12960081892945,,,,False
16,11,4,11.519999999999996,-17.865384615384617,-4.8,QT450-10,207.29037734072057,,,,False
16,11,5,11.519999999999996,-17.865384615384617,-3.1999999999999993,QT450-10,207.41602264268775,,,,False
16,11,6,11.519999999999996,-17.865384615384617,-1.5999999999999996,QT450-10,207.49614931281207,,,,False
16,11,7,11.519999999999996,-17.865384615384617,0.0,QT450-10,207.52369224743322,,,,False
16,11,8,11.519999999999996,-17.865384615384617,1.6000000000000014,QT450-10,207.49614931281207,,,,False
16,11,9,11.519999999999996,-17.865384615384617,3.200000000000001,QT450-10,207.41602264268775,,,,False
16,11,10,11.519999999999996,-17.865384615384617,4.800000000000001,QT450-10,207.29037734072057,,,,False
16,11,11,11.519999999999996,-17.865384615384617,6.400000000000002,QT450-10,207.12960081892945,,,,False
16,11,12,11.519999999999996,-17.865384615384617,8.0,QT450-10,206.94559312287478,,,,False
16,11,13,11.519999999999996,-17.865384615384617,9.600000000000001,QT450-10,206.74971486964608,,,,False
16,11,14,11.519999999999996,-17.865384615384617,11.200000000000003,QT450-10,206.5508502888526,,,,False
16,12,0,11.519999999999996,-16.28846153846154,-11.2,QT450-10,212.21937438513007,,,,False
16,12,1,11.519999999999996,-16.28846153846154,-9.6,QT450-10,212.4347713586025,,,,False
16,12,2,11.519999999999996,-16.28846153846154,-8.0,QT450-10,212.65350238855834,,,,False
16,12,3,11.519999999999996,-16.28846153846154,-6.3999999999999995,QT450-10,212.86384902772934,,,,False
16,12,4,11.519999999999996,-16.28846153846154,-4.8,QT450-10,213.05080934334114,,,,False
16,12,5,11.519999999999996,-16.28846153846154,-3.1999999999999993,QT450-10,213.19865271458676,,,,False
16,12,6,11.519999999999996,-16.28846153846154,-1.5999999999999996,QT450-10,213.29363488874014,,,,False
16,12,7,11.519999999999996,-16.28846153846154,0.0,QT450-10,213.3264004920408,,,,False
16,12,8,11.519999999999996,-16.28846153846154,1.6000000000000014,QT450-10,213.29363488874014,,,,False
16,12,9,11.519999999999996,-16.28846153846154,3.200000000000001,QT450-10,213.19865271458676,,,,False
16,12,10,11.519999999999996,-16.28846153846154,4.800000000000001,QT450-10,213.05080934334114,,,,False
16,12,11,11.519999999999996,-16.28846153846154,6.400000000000002,QT450-10,212.86384902772934,,,,False
16,12,12,11.519999999999996,-16.28846153846154,8.0,QT450-10,212.65350238855834,,,,False
16,12,13,11.519999999999996,-16.28846153846154,9.600000000000001,QT450-10,212.4347713586025,,,,False
16,12,14,11.519999999999996,-16.28846153846154,11.200000000000003,QT450-10,212.21937438513007,,,,False
16,13,0,11.519999999999996,-14.711538461538463,-11.2,QT450-10,218.22141489760966,,,,False
16,13,1,11.519999999999996,-14.711538461538463,-9.6,QT450-10,218.4563225776507,,,,False
16,13,2,11.519999999999996,-14.711538461538463,-8.0,QT450-10,218.7027257066405,,,,False
16,13,3,11.519999999999996,-14.711538461538463,-6.3999999999999995,QT450-10,218.9453426453198,,,,False
16,13,4,11.519999999999996,-14.711538461538463,-4.8,QT450-10,219.16458919162045,,,,False
16,13,5,11.519999999999996,-14.711538461538463,-3.1999999999999993,QT450-10,219.33990775097732,,,,False
16,13,6,11.519999999999996,-14.711538461538463,-1.5999999999999996,QT450-10,219.45331736918874,,,,False
16,13,7,11.519999999999996,-14.711538461538463,0.0,QT450-10,219.4925680390944,,,,False
16,13,8,11.519999999999996,-14.711538461538463,1.6000000000000014,QT450-10,219.45331736918874,,,,False
16,13,9,11.519999999999996,-14.711538461538463,3.200000000000001,QT450-10,219.33990775097732,,,,False
16,13,10,11.519999999999996,-14.711538461538463,4.800000000000001,QT450-10,219.16458919162045,,,,False
16,13,11,11.519999999999996,-14.711538461538463,6.400000000000002,QT450-10,218.9453426453198,,,,False
16,13,12,11.519999999999996,-14.711538461538463,8.0,QT450-10,218.7027257066405,,,,False
16,13,13,11.519999999999996,-14.711538461538463,9.600000000000001,QT450-10,218.4563225776507,,,,False
16,13,14,11.519999999999996,-14.711538461538463,11.200000000000003,QT450-10,218.22141489760966,,,,False
16,14,0,11.519999999999996,-13.134615384615387,-11.2,QT450-10,224.48770243283343,,,,False
16,14,1,11.519999999999996,-13.134615384615387,-9.6,QT450-10,224.74539562413784,,,,False
16,14,2,11.519999999999996,-13.134615384615387,-8.0,QT450-10,225.02488704417917,,,,False
16,14,3,11.519999999999996,-13.134615384615387,-6.3999999999999995,QT450-10,225.30649114180562,,,,False
16,14,4,11.519999999999996,-13.134615384615387,-4.8,QT450-10,225.56496052432973,,,,False
16,14,5,11.519999999999996,-13.134615384615387,-3.1999999999999993,QT450-10,225.77376660347906,,,,False
16,14,6,11.519999999999996,-13.134615384615387,-1.5999999999999996,QT450-10,225.90967931923848,,,,False
16,14,7,11.519999999999996,-13.134615384615387,0.0,QT450-10,225.95685657466947,,,,False
16,14,8,11.519999999999996,-13.134615384615387,1.6000000000000014,QT450-10,225.90967931923848,,,,False
16,14,9,11.519999999999996,-13.134615384615387,3.200000000000001,QT450-10,225.77376660347906,,,,False
16,14,10,11.519999999999996,-13.134615384615387,4.800000000000001,QT450-10,225.56496052432973,,,,False
16,14,11,11.519999999999996,-13.134615384615387,6.400000000000002,QT450-10,225.30649114180562,,,,False
16,14,12,11.519999999999996,-13.134615384615387,8.0,QT450-10,225.02488704417917,,,,False
16,14,13,11.519999999999996,-13.134615384615387,9.600000000000001,QT450-10,224.74539562413784,,,,False
16,14,14,11.519999999999996,-13.134615384615387,11.200000000000003,QT450-10,224.48770243283343,,,,False
16,15,0,11.519999999999996,-11.55769230769231,-11.2,QT450-10,230.93101583310568,,,,False
16,15,1,11.519999999999996,-11.55769230769231,-9.6,QT450-10,231.21499236535183,,,,False
16,15,2,11.519999999999996,-11.55769230769231,-8.0,QT450-10,231.53346929463157,,,,False
16,15,3,11.519999999999996,-11.55769230769231,-6.3999999999999995,QT450-10,231.86141089770555,,,,False
16,15,4,11.519999999999996,-11.55769230769231,-4.8,QT450-10,232.16670904037537,,,,False
16,15,5,11.519999999999996,-11.55769230769231,-3.1999999999999993,QT450-10,232.41560366403323,,,,False
16,15,6,11.519999999999996,-11.55769230769231,-1.5999999999999996,QT450-10,232.57849872121955,,,,False
16,15,7,11.519999999999996,-11.55769230769231,0.0,QT450-10,232.63518776203574,,,,False
16,15,8,11.519999999999996,-11.55769230769231,1.6000000000000014,QT450-10,232.57849872121955,,,,False
16,15,9,11.519999999999996,-11.55769230769231,3.200000000000001,QT450-10,232.41560366403323,,,,False
16,15,10,11.519999999999996,-11.55769230769231,4.800000000000001,QT450-10,232.16670904037537,,,,False
16,15,11,11.519999999999996,-11.55769230769231,6.400000000000002,QT450-10,231.86141089770555,,,,False
16,15,12,11.519999999999996,-11.55769230769231,8.0,QT450-10,231.53346929463157,,,,False
16,15,13,11.519999999999996,-11.55769230769231,9.600000000000001,QT450-10,231.21499236535183,,,,False
16,15,14,11.519999999999996,-11.55769230769231,11.200000000000003,QT450-10,230.93101583310568,,,,False
16,16,0,11.519999999999996,-9.98076923076923,-11.2,QT450-10,237.44560779364105,,,,False
16,16,1,11.519999999999996,-9.98076923076923,-9.6,QT450-10,237.75948978915835,,,,False
16,16,2,11.519999999999996,-9.98076923076923,-8.0,QT450-10,238.306632575545,,,,False
16,16,3,11.519999999999996,-9.98076923076923,-6.3999999999999995,QT450-10,239.13088529070495,,,,False
16,16,4,11.519999999999996,-9.98076923076923,-4.8,QT450-10,240.26796431577424,,,,False
16,16,5,11.519999999999996,-9.98076923076923,-3.1999999999999993,QT450-10,241.6412355256636,,,,False
16,16,6,11.519999999999996,-9.98076923076923,-1.5999999999999996,QT450-10,242.86837836869188,,,,False
16,16,7,11.519999999999996,-9.98076923076923,0.0,QT450-10,243.36953789487313,,,,False
16,16,8,11.519999999999996,-9.98076923076923,1.6000000000000014,QT450-10,242.86837836869188,,,,False
16,16,9,11.519999999999996,-9.98076923076923,3.200000000000001,QT450-10,241.64123552566357,,,,False
16,16,10,11.519999999999996,-9.98076923076923,4.800000000000001,QT450-10,240.26796431577424,,,,False
16,16,11,11.519999999999996,-9.98076923076923,6.400000000000002,QT450-10,239.13088529070492,,,,False
16,16,12,11.519999999999996,-9.98076923076923,8.0,QT450-10,238.306632575545,,,,False
16,16,13,11.519999999999996,-9.98076923076923,9.600000000000001,QT450-10,237.75948978915835,,,,False
16,16,14,11.519999999999996,-9.98076923076923,11.200000000000003,QT450-10,237.44560779364105,,,,False
16,17,0,11.519999999999996,-8.403846153846153,-11.2,QT450-10,245.3066192308725,,,,False
16,17,1,11.519999999999996,-8.403846153846153,-9.6,QT450-10,245.9964861832964,,,,False
16,17,2,11.519999999999996,-8.403846153846153,-8.0,QT450-10,247.20929056366003,,,,False
16,17,3,11.519999999999996,-8.403846153846153,-6.3999999999999995,QT450-10,249.14935412819185,,,,False
16,17,4,11.519999999999996,-8.403846153846153,-4.8,QT450-10,252.04403671798636,,,,False
16,17,5,11.519999999999996,-8.403846153846153,-3.1999999999999993,QT450-10,255.75694901238558,,,,False
16,17,6,11.519999999999996,-8.403846153846153,-1.5999999999999996,QT450-10,259.0771462145049,,,,False
16,17,7,11.519999999999996,-8.403846153846153,0.0,QT450-10,260.5063253352117,,,,False
16,17,8,11.519999999999996,-8.403846153846153,1.6000000000000014,QT450-10,259.0771462145049,,,,False
16,17,9,11.519999999999996,-8.403846153846153,3.200000000000001,QT450-10,255.75694901238558,,,,False
16,17,10,11.519999999999996,-8.403846153846153,4.800000000000001,QT450-10,252.04403671798633,,,,False
16,17,11,11.519999999999996,-8.403846153846153,6.400000000000002,QT450-10,249.14935412819185,,,,False
16,17,12,11.519999999999996,-8.403846153846153,8.0,QT450-10,247.20929056366003,,,,False
16,17,13,11.519999999999996,-8.403846153846153,9.600000000000001,QT450-10,245.99648618329638,,,,False
16,17,14,11.519999999999996,-8.403846153846153,11.200000000000003,QT450-10,245.30661923087249,,,,False
16,18,0,11.519999999999996,-6.826923076923077,-11.2,QT450-10,254.14749441493439,,,,False
16,18,1,11.519999999999996,-6.826923076923077,-9.6,QT450-10,255.26620231606248,,,,False
16,18,2,11.519999999999996,-6.826923076923077,-8.0,QT450-10,257.48150585196413,,,,False
16,18,3,11.519999999999996,-6.826923076923077,-6.3999999999999995,QT450-10,261.38253027978146,,,,False
16,18,4,11.519999999999996,-6.826923076923077,-4.8,QT450-10,267.66204915975715,,,,False
16,18,5,11.519999999999996,-6.826923076923077,-3.1999999999999993,QT450-10,276.1226746920249,,,,False
16,18,6,11.519999999999996,-6.826923076923077,-1.5999999999999996,QT450-10,283.57164824729057,,,,False
16,18,7,11.519999999999996,-6.826923076923077,0.0,QT450-10,286.8954515951381,,,,False
16,18,8,11.519999999999996,-6.826923076923077,1.6000000000000014,QT450-10,283.57164824729057,,,,False
16,18,9,11.519999999999996,-6.826923076923077,3.200000000000001,QT450-10,276.1226746920249,,,,False
16,18,10,11.519999999999996,-6.826923076923077,4.800000000000001,QT450-10,267.66204915975715,,,,False
16,18,11,11.519999999999996,-6.826923076923077,6.400000000000002,QT450-10,261.3825302797814,,,,False
16,18,12,11.519999999999996,-6.826923076923077,8.0,QT450-10,257.48150585196413,,,,False
16,18,13,11.519999999999996,-6.826923076923077,9.600000000000001,QT450-10,255.26620231606248,,,,False
16,18,14,11.519999999999996,-6.826923076923077,11.200000000000003,QT450-10,254.14749441493436,,,,False
16,19,0,11.519999999999996,-5.25,-11.2,QT450-10,263.35490348910156,,,,False
16,19,1,11.519999999999996,-5.25,-9.6,QT450-10,265.0659696170647,,,,False
16,19,2,11.519999999999996,-5.25,-8.0,QT450-10,268.73818087464974,,,,False
16,19,3,11.519999999999996,-5.25,-6.3999999999999995,QT450-10,275.7744226466451,,,,False
16,19,4,11.519999999999996,-5.25,-4.8,QT450-10,288.092853358778,,,,False
16,19,5,11.519999999999996,-5.25,-3.1999999999999993,QT450-10,305.07829049102367,,,,False
16,19,6,11.519999999999996,-5.25,-1.5999999999999996,QT450-10,322.8985798385362,,,,False
16,19,7,11.519999999999996,-5.25,0.0,QT450-10,331.13681824662683,,,,False
16,19,8,11.519999999999996,-5.25,1.6000000000000014,QT450-10,322.89857983853614,,,,False
16,19,9,11.519999999999996,-5.25,3.200000000000001,QT450-10,305.0782904910236,,,,False
16,19,10,11.519999999999996,-5.25,4.800000000000001,QT450-10,288.0928533587779,,,,False
16,19,11,11.519999999999996,-5.25,6.400000000000002,QT450-10,275.7744226466451,,,,False
16,19,12,11.519999999999996,-5.25,8.0,QT450-10,268.73818087464974,,,,False
16,19,13,11.519999999999996,-5.25,9.600000000000001,QT450-10,265.06596961706464,,,,False
16,19,14,11.519999999999996,-5.25,11.200000000000003,QT450-10,263.3549034891015,,,,False
16,20,0,11.519999999999996,-3.673076923076927,-11.2,QT450-10,272.373201533455,,,,False
16,20,1,11.519999999999996,-3.673076923076927,-9.6,QT450-10,274.7991232968334,,,,False
16,20,2,11.519999999999996,-3.673076923076927,-8.0,QT450-10,280.3904098279842,,,,False
16,20,3,11.519999999999996,-3.673076923076927,-6.3999999999999995,QT450-10,291.9761901924713,,,,False
16,20,4,11.519999999999996,-3.673076923076927,-4.8,QT450-10,313.0379969737741,,,,False
16,20,5,11.519999999999996,-3.673076923076927,-3.1999999999999993,QT450-10,346.21753077019275,,,,False
16,20,6,11.519999999999996,-3.673076923076927,-1.5999999999999996,QT450-10,383.3177548622282,,,,False
16,20,7,11.519999999999996,-3.673076923076927,0.0,QT450-10,404.8979982187065,,,,False
16,20,8,11.519999999999996,-3.673076923076927,1.6000000000000014,QT450-10,383.3177548622281,,,,False
16,20,9,11.519999999999996,-3.673076923076927,3.200000000000001,QT450-10,346.2175307701927,,,,False
16,20,10,11.519999999999996,-3.673076923076927,4.800000000000001,QT450-10,313.03799697377406,,,,False
16,20,11,11.519999999999996,-3.673076923076927,6.400000000000002,QT450-10,291.9761901924712,,,,False
16,20,12,11.519999999999996,-3.673076923076927,8.0,QT450-10,280.3904098279841,,,,False
16,20,13,11.519999999999996,-3.673076923076927,9.600000000000001,QT450-10,274.79912329683333,,,,False
16,20,14,11.519999999999996,-3.673076923076927,11.200000000000003,QT450-10,272.37320153345496,,,,False
16,21,0,11.519999999999996,-2.0961538461538467,-11.2,ERNiFe-CI,282.67877113152315,,,,False
16,21,1,11.519999999999996,-2.0961538461538467,-9.6,ERNiFe-CI,286.0709435424343,,,,False
16,21,2,11.519999999999996,-2.0961538461538467,-8.0,ERNiFe-CI,294.09034848362006,,,,False
16,21,3,11.519999999999996,-2.0961538461538467,-6.3999999999999995,ERNiFe-CI,311.7432754456089,,,,False
16,21,4,11.519999999999996,-2.0961538461538467,-4.8,ERNiFe-CI,347.8921935950356,,,,False
16,21,5,11.519999999999996,-2.0961538461538467,-3.1999999999999993,ERNiFe-CI,408.74243454642175,,,,False
16,21,6,11.519999999999996,-2.0961538461538467,-1.5999999999999996,ERNiFe-CI,515.5582007707683,,,,False
16,21,7,11.519999999999996,-2.0961538461538467,0.0,ERNiFe-CI,607.4031457006004,,,,False
16,21,8,11.519999999999996,-2.0961538461538467,1.6000000000000014,ERNiFe-CI,515.558200770768,,,,False
16,21,9,11.519999999999996,-2.0961538461538467,3.200000000000001,ERNiFe-CI,408.74243454642163,,,,False
16,21,10,11.519999999999996,-2.0961538461538467,4.800000000000001,ERNiFe-CI,347.89219359503556,,,,False
16,21,11,11.519999999999996,-2.0961538461538467,6.400000000000002,ERNiFe-CI,311.7432754456089,,,,False
16,21,12,11.519999999999996,-2.0961538461538467,8.0,ERNiFe-CI,294.09034848362,,,,False
16,21,13,11.519999999999996,-2.0961538461538467,9.600000000000001,ERNiFe-CI,286.07094354243424,,,,False
16,21,14,11.519999999999996,-2.0961538461538467,11.200000000000003,ERNiFe-CI,282.6787711315231,,,,False
16,22,0,11.519999999999996,-0.5192307692307736,-11.2,ERNiFe-CI,293.7949169219699,,,,False
16,22,1,11.519999999999996,-0.5192307692307736,-9.6,ERNiFe-CI,298.1397508008739,,,,False
16,22,2,11.519999999999996,-0.5192307692307736,-8.0,ERNiFe-CI,308.58373400996214,,,,False
16,22,3,11.519999999999996,-0.5192307692307736,-6.3999999999999995,ERNiFe-CI,331.6376715912914,,,,False
16,22,4,11.519999999999996,-0.5192307692307736,-4.8,ERNiFe-CI,381.64001338340836,,,,False
16,22,5,11.519999999999996,-0.5192307692307736,-3.1999999999999993,ERNiFe-CI,479.7999056779095,,,,False
16,22,6,11.519999999999996,-0.5192307692307736,-1.5999999999999996,ERNiFe-CI,709.8190544050632,,,,False
16,22,7,11.519999999999996,-0.5192307692307736,0.0,ERNiFe-CI,953.4600542348671,23.03802311192994,25.850936062047726,2.8129129501177843,True
16,22,8,11.519999999999996,-0.5192307692307736,1.6000000000000014,ERNiFe-CI,709.8190544050628,,,,False
16,22,9,11.519999999999996,-0.5192307692307736,3.200000000000001,ERNiFe-CI,479.79990567790935,,,,False
16,22,10,11.519999999999996,-0.5192307692307736,4.800000000000001,ERNiFe-CI,381.64001338340825,,,,False
16,22,11,11.519999999999996,-0.5192307692307736,6.400000000000002,ERNiFe-CI,331.6376715912913,,,,False
16,22,12,11.519999999999996,-0.5192307692307736,8.0,ERNiFe-CI,308.5837340099621,,,,False
16,22,13,11.519999999999996,-0.5192307692307736,9.600000000000001,ERNiFe-CI,298.13975080087386,,,,False
16,22,14,11.519999999999996,-0.5192307692307736,11.200000000000003,ERNiFe-CI,293.79491692196984,,,,False
16,23,0,11.519999999999996,1.0576923076923066,-11.2,ERNiFe-CI,302.9360702859802,,,,False
16,23,1,11.519999999999996,1.0576923076923066,-9.6,ERNiFe-CI,307.8692754943642,,,,False
16,23,2,11.519999999999996,1.0576923076923066,-8.0,ERNiFe-CI,319.4956400193117,,,,False
16,23,3,11.519999999999996,1.0576923076923066,-6.3999999999999995,ERNiFe-CI,343.6799035419213,,,,False
16,23,4,11.519999999999996,1.0576923076923066,-4.8,ERNiFe-CI,392.957246065356,,,,False
16,23,5,11.519999999999996,1.0576923076923066,-3.1999999999999993,ERNiFe-CI,480.8406229468888,,,,False
16,23,6,11.519999999999996,1.0576923076923066,-1.5999999999999996,ERNiFe-CI,675.4356052731591,,,,False
16,23,7,11.519999999999996,1.0576923076923066,0.0,ERNiFe-CI,868.4452385397253,22.149307239540516,25.9257892252445,3.7764819857039846,True
16,23,8,11.519999999999996,1.0576923076923066,1.6000000000000014,ERNiFe-CI,675.4356052731589,,,,False
16,23,9,11.519999999999996,1.0576923076923066,3.200000000000001,ERNiFe-CI,480.84062294688863,,,,False
16,23,10,11.519999999999996,1.0576923076923066,4.800000000000001,ERNiFe-CI,392.9572460653559,,,,False
16,23,11,11.519999999999996,1.0576923076923066,6.400000000000002,ERNiFe-CI,343.67990354192125,,,,False
16,23,12,11.519999999999996,1.0576923076923066,8.0,ERNiFe-CI,319.4956400193116,,,,False
16,23,13,11.519999999999996,1.0576923076923066,9.600000000000001,ERNiFe-CI,307.86927549436416,,,,False
16,23,14,11.519999999999996,1.0576923076923066,11.200000000000003,ERNiFe-CI,302.9360702859801,,,,False
16,24,0,11.519999999999996,2.634615384615387,-11.2,ERNiFe-CI,309.69774050541383,,,,False
16,24,1,11.519999999999996,2.634615384615387,-9.6,ERNiFe-CI,314.8493997751806,,,,False
16,24,2,11.519999999999996,2.634615384615387,-8.0,ERNiFe-CI,326.53082127404724,,,,False
16,24,3,11.519999999999996,2.634615384615387,-6.3999999999999995,ERNiFe-CI,348.7732990794905,,,,False
16,24,4,11.519999999999996,2.634615384615387,-4.8,ERNiFe-CI,387.3615836744798,,,,False
16,24,5,11.519999999999996,2.634615384615387,-3.1999999999999993,ERNiFe-CI,446.15592369147737,,,,False
16,24,6,11.519999999999996,2.634615384615387,-1.5999999999999996,ERNiFe-CI,521.9545797844253,,,,False
16,24,7,11.519999999999996,2.634615384615387,0.0,ERNiFe-CI,585.5233668814352,,,,False
16,24,8,11.519999999999996,2.634615384615387,1.6000000000000014,ERNiFe-CI,521.9545797844252,,,,False
16,24,9,11.519999999999996,2.634615384615387,3.200000000000001,ERNiFe-CI,446.15592369147726,,,,False
16,24,10,11.519999999999996,2.634615384615387,4.800000000000001,ERNiFe-CI,387.36158367447973,,,,False
16,24,11,11.519999999999996,2.634615384615387,6.400000000000002,ERNiFe-CI,348.77329907949047,,,,False
16,24,12,11.519999999999996,2.634615384615387,8.0,ERNiFe-CI,326.5308212740472,,,,False
16,24,13,11.519999999999996,2.634615384615387,9.600000000000001,ERNiFe-CI,314.84939977518053,,,,False
16,24,14,11.519999999999996,2.634615384615387,11.200000000000003,ERNiFe-CI,309.6977405054138,,,,False
16,25,0,11.519999999999996,4.21153846153846,-11.2,Q235B,313.0126241444761,,,,False
16,25,1,11.519999999999996,4.21153846153846,-9.6,Q235B,318.12343924052,,,,False
16,25,2,11.519999999999996,4.21153846153846,-8.0,Q235B,329.5229733222729,,,,False
16,25,3,11.519999999999996,4.21153846153846,-6.3999999999999995,Q235B,350.0672892779128,,,,False
16,25,4,11.519999999999996,4.21153846153846,-4.8,Q235B,381.6183148750107,,,,False
16,25,5,11.519999999999996,4.21153846153846,-3.1999999999999993,Q235B,424.2303430206013,,,,False
16,25,6,11.519999999999996,4.21153846153846,-1.5999999999999996,Q235B,467.0529324098647,,,,False
16,25,7,11.519999999999996,4.21153846153846,0.0,Q235B,488.2800320090397,,,,False
16,25,8,11.519999999999996,4.21153846153846,1.6000000000000014,Q235B,467.05293240986464,,,,False
16,25,9,11.519999999999996,4.21153846153846,3.200000000000001,Q235B,424.23034302060125,,,,False
16,25,10,11.519999999999996,4.21153846153846,4.800000000000001,Q235B,381.61831487501064,,,,False
16,25,11,11.519999999999996,4.21153846153846,6.400000000000002,Q235B,350.0672892779127,,,,False
16,25,12,11.519999999999996,4.21153846153846,8.0,Q235B,329.52297332227283,,,,False
16,25,13,11.519999999999996,4.21153846153846,9.600000000000001,Q235B,318.12343924051993,,,,False
16,25,14,11.519999999999996,4.21153846153846,11.200000000000003,Q235B,313.01262414447604,,,,False
17,0,0,14.399999999999999,-35.21153846153846,-11.2,QT450-10,172.64315255038554,,,,False
17,0,1,14.399999999999999,-35.21153846153846,-9.6,QT450-10,172.7746412662417,,,,False
17,0,2,14.399999999999999,-35.21153846153846,-8.0,QT450-10,172.887518916929,,,,False
17,0,3,14.399999999999999,-35.21153846153846,-6.3999999999999995,QT450-10,172.98126930523733,,,,False
17,0,4,14.399999999999999,-35.21153846153846,-4.8,QT450-10,173.05522520040924,,,,False
17,0,5,14.399999999999999,-35.21153846153846,-3.1999999999999993,QT450-10,173.1086861859873,,,,False
17,0,6,14.399999999999999,-35.21153846153846,-1.5999999999999996,QT450-10,173.14104122158417,,,,False
17,0,7,14.399999999999999,-35.21153846153846,0.0,QT450-10,173.15187519749455,,,,False
17,0,8,14.399999999999999,-35.21153846153846,1.6000000000000014,QT450-10,173.14104122158417,,,,False
17,0,9,14.399999999999999,-35.21153846153846,3.200000000000001,QT450-10,173.1086861859873,,,,False
17,0,10,14.399999999999999,-35.21153846153846,4.800000000000001,QT450-10,173.05522520040924,,,,False
17,0,11,14.399999999999999,-35.21153846153846,6.400000000000002,QT450-10,172.98126930523733,,,,False
17,0,12,14.399999999999999,-35.21153846153846,8.0,QT450-10,172.887518916929,,,,False
17,0,13,14.399999999999999,-35.21153846153846,9.600000000000001,QT450-10,172.7746412662417,,,,False
17,0,14,14.399999999999999,-35.21153846153846,11.200000000000003,QT450-10,172.64315255038554,,,,False
17,1,0,14.399999999999999,-33.63461538461539,-11.2,QT450-10,173.27165012318693,,,,False
17,1,1,14.399999999999999,-33.63461538461539,-9.6,QT450-10,173.40407385236455,,,,False
17,1,2,14.399999999999999,-33.63461538461539,-8.0,QT450-10,173.51797332138193,,,,False
17,1,3,14.399999999999999,-33.63461538461539,-6.3999999999999995,QT450-10,173.61275632009142,,,,False
17,1,4,14.399999999999999,-33.63461538461539,-4.8,QT450-10,173.68766091967026,,,,False
17,1,5,14.399999999999999,-33.63461538461539,-3.1999999999999993,QT450-10,173.74188835487286,,,,False
17,1,6,14.399999999999999,-33.63461538461539,-1.5999999999999996,QT450-10,173.77474213201586,,,,False
17,1,7,14.399999999999999,-33.63461538461539,0.0,QT450-10,173.78574918676583,,,,False
17,1,8,14.399999999999999,-33.63461538461539,1.6000000000000014,QT450-10,173.77474213201586,,,,False
17,1,9,14.399999999999999,-33.63461538461539,3.200000000000001,QT450-10,173.74188835487286,,,,False
17,1,10,14.399999999999999,-33.63461538461539,4.800000000000001,QT450-10,173.68766091967026,,,,False
17,1,11,14.399999999999999,-33.63461538461539,6.400000000000002,QT450-10,173.61275632009142,,,,False
17,1,12,14.399999999999999,-33.63461538461539,8.0,QT450-10,173.51797332138193,,,,False
17,1,13,14.399999999999999,-33.63461538461539,9.600000000000001,QT450-10,173.40407385236455,,,,False
17,1,14,14.399999999999999,-33.63461538461539,11.200000000000003,QT450-10,173.27165012318693,,,,False
17,2,0,14.399999999999999,-32.05769230769231,-11.2,QT450-10,174.3842012108091,,,,False
17,2,1,14.399999999999999,-32.05769230769231,-9.6,QT450-10,174.51836921941177,,,,False
17,2,2,14.399999999999999,-32.05769230769231,-8.0,QT450-10,174.63422652375294,,,,False
17,2,3,14.399999999999999,-32.05769230769231,-6.3999999999999995,QT450-10,174.73102482589664,,,,False
17,2,4,14.399999999999999,-32.05769230769231,-4.8,QT450-10,174.80780359248234,,,,False
17,2,5,14.399999999999999,-32.05769230769231,-3.1999999999999993,QT450-10,174.86355695141424,,,,False
17,2,6,14.399999999999999,-32.05769230769231,-1.5999999999999996,QT450-10,174.89740826210965,,,,False
17,2,7,14.399999999999999,-32.05769230769231,0.0,QT450-10,174.90876223758934,,,,False
17,2,8,14.399999999999999,-32.05769230769231,1.6000000000000014,QT450-10,174.89740826210965,,,,False
17,2,9,14.399999999999999,-32.05769230769231,3.200000000000001,QT450-10,174.86355695141424,,,,False
17,2,10,14.399999999999999,-32.05769230769231,4.800000000000001,QT450-10,174.80780359248234,,,,False
17,2,11,14.399999999999999,-32.05769230769231,6.400000000000002,QT450-10,174.73102482589664,,,,False
17,2,12,14.399999999999999,-32.05769230769231,8.0,QT450-10,174.63422652375294,,,,False
17,2,13,14.399999999999999,-32.05769230769231,9.600000000000001,QT450-10,174.51836921941177,,,,False
17,2,14,14.399999999999999,-32.05769230769231,11.200000000000003,QT450-10,174.3842012108091,,,,False
17,3,0,14.399999999999999,-30.48076923076923,-11.2,QT450-10,175.986334456331,,,,False
17,3,1,14.399999999999999,-30.48076923076923,-9.6,QT450-10,176.12312443040412,,,,False
17,3,2,14.399999999999999,-30.48076923076923,-8.0,QT450-10,176.2419907467081,,,,False
17,3,3,14.399999999999999,-30.48076923076923,-6.3999999999999995,QT450-10,176.341929373089,,,,False
17,3,4,14.399999999999999,-30.48076923076923,-4.8,QT450-10,176.42165413579613,,,,False
17,3,5,14.399999999999999,-30.48076923076923,-3.1999999999999993,QT450-10,176.4798192637335,,,,False
17,3,6,14.399999999999999,-30.48076923076923,-1.5999999999999996,QT450-10,176.5152522983879,,,,False
17,3,7,14.399999999999999,-30.48076923076923,0.0,QT450-10,176.52715718803447,,,,False
17,3,8,14.399999999999999,-30.48076923076923,1.6000000000000014,QT450-10,176.5152522983879,,,,False
17,3,9,14.399999999999999,-30.48076923076923,3.200000000000001,QT450-10,176.4798192637335,,,,False
17,3,10,14.399999999999999,-30.48076923076923,4.800000000000001,QT450-10,176.42165413579613,,,,False
17,3,11,14.399999999999999,-30.48076923076923,6.400000000000002,QT450-10,176.341929373089,,,,False
17,3,12,14.399999999999999,-30.48076923076923,8.0,QT450-10,176.2419907467081,,,,False
17,3,13,14.399999999999999,-30.48076923076923,9.600000000000001,QT450-10,176.12312443040412,,,,False
17,3,14,14.399999999999999,-30.48076923076923,11.200000000000003,QT450-10,175.986334456331,,,,False
17,4,0,14.399999999999999,-28.903846153846153,-11.2,QT450-10,178.08539989532795,,,,False
17,4,1,14.399999999999999,-28.903846153846153,-9.6,QT450-10,178.22579899861512,,,,False
17,4,2,14.399999999999999,-28.903846153846153,-8.0,QT450-10,178.34890765274687,,,,False
17,4,3,14.399999999999999,-28.903846153846153,-6.3999999999999995,QT450-10,178.4533376305114,,,,False
17,4,4,14.399999999999999,-28.903846153846153,-4.8,QT450-10,178.53731325416595,,,,False
17,4,5,14.399999999999999,-28.903846153846153,-3.1999999999999993,QT450-10,178.5989774958068,,,,False
17,4,6,14.399999999999999,-28.903846153846153,-1.5999999999999996,QT450-10,178.63671272373912,,,,False
17,4,7,14.399999999999999,-28.903846153846153,0.0,QT450-10,178.64942065452453,,,,False
17,4,8,14.399999999999999,-28.903846153846153,1.6000000000000014,QT450-10,178.63671272373912,,,,False
17,4,9,14.399999999999999,-28.903846153846153,3.200000000000001,QT450-10,178.5989774958068,,,,False
17,4,10,14.399999999999999,-28.903846153846153,4.800000000000001,QT450-10,178.53731325416595,,,,False
17,4,11,14.399999999999999,-28.903846153846153,6.400000000000002,QT450-10,178.4533376305114,,,,False
17,4,12,14.399999999999999,-28.903846153846153,8.0,QT450-10,178.34890765274687,,,,False
17,4,13,14.399999999999999,-28.903846153846153,9.600000000000001,QT450-10,178.22579899861512,,,,False
17,4,14,14.399999999999999,-28.903846153846153,11.200000000000003,QT450-10,178.08539989532795,,,,False
17,5,0,14.399999999999999,-27.326923076923077,-11.2,QT450-10,180.68981197458697,,,,False
17,5,1,14.399999999999999,-27.326923076923077,-9.6,QT450-10,180.83496345856602,,,,False
17,5,2,14.399999999999999,-27.326923076923077,-8.0,QT450-10,180.96380959077285,,,,False
17,5,3,14.399999999999999,-27.326923076923077,-6.3999999999999995,QT450-10,181.07440801736698,,,,False
17,5,4,14.399999999999999,-27.326923076923077,-4.8,QT450-10,181.16427632850858,,,,False
17,5,5,14.399999999999999,-27.326923076923077,-3.1999999999999993,QT450-10,181.23081879425578,,,,False
17,5,6,14.399999999999999,-27.326923076923077,-1.5999999999999996,QT450-10,181.27177417685908,,,,False
17,5,7,14.399999999999999,-27.326923076923077,0.0,QT450-10,181.28560705717226,,,,False
17,5,8,14.399999999999999,-27.326923076923077,1.6000000000000014,QT450-10,181.27177417685908,,,,False
17,5,9,14.399999999999999,-27.326923076923077,3.200000000000001,QT450-10,181.23081879425578,,,,False
17,5,10,14.399999999999999,-27.326923076923077,4.800000000000001,QT450-10,181.16427632850858,,,,False
17,5,11,14.399999999999999,-27.326923076923077,6.400000000000002,QT450-10,181.07440801736698,,,,False
17,5,12,14.399999999999999,-27.326923076923077,8.0,QT450-10,180.96380959077285,,,,False
17,5,13,14.399999999999999,-27.326923076923077,9.600000000000001,QT450-10,180.83496345856602,,,,False
17,5,14,14.399999999999999,-27.326923076923077,11.200000000000003,QT450-10,180.68981197458697,,,,False
17,6,0,14.399999999999999,-25.75,-11.2,QT450-10,183.80799156909302,,,,False
17,6,1,14.399999999999999,-25.75,-9.6,QT450-10,183.95924958881136,,,,False
17,6,2,14.399999999999999,-25.75,-8.0,QT450-10,184.09568622160907,,,,False
17,6,3,14.399999999999999,-25.75,-6.3999999999999995,QT450-10,184.21457788217145,,,,False
17,6,4,14.399999999999999,-25.75,-4.8,QT450-10,184.31244447672717,,,,False
17,6,5,14.399999999999999,-25.75,-3.1999999999999993,QT450-10,184.38564645417557,,,,False
17,6,6,14.399999999999999,-25.75,-1.5999999999999996,QT450-10,184.43101243541602,,,,False
17,6,7,14.399999999999999,-25.75,0.0,QT450-10,184.44638849555278,,,,False
17,6,8,14.399999999999999,-25.75,1.6000000000000014,QT450-10,184.43101243541602,,,,False
17,6,9,14.399999999999999,-25.75,3.200000000000001,QT450-10,184.38564645417557,,,,False
17,6,10,14.399999999999999,-25.75,4.800000000000001,QT450-10,184.31244447672717,,,,False
17,6,11,14.399999999999999,-25.75,6.400000000000002,QT450-10,184.21457788217145,,,,False
17,6,12,14.399999999999999,-25.75,8.0,QT450-10,184.09568622160907,,,,False
17,6,13,14.399999999999999,-25.75,9.600000000000001,QT450-10,183.95924958881136,,,,False
17,6,14,14.399999999999999,-25.75,11.200000000000003,QT450-10,183.80799156909302,,,,False
17,7,0,14.399999999999999,-24.173076923076923,-11.2,QT450-10,187.44697397921811,,,,False
17,7,1,14.399999999999999,-24.173076923076923,-9.6,QT450-10,187.60596832637003,,,,False
17,7,2,14.399999999999999,-24.173076923076923,-8.0,QT450-10,187.75232214337734,,,,False
17,7,3,14.399999999999999,-24.173076923076923,-6.3999999999999995,QT450-10,187.882227208408,,,,False
17,7,4,14.399999999999999,-24.173076923076923,-4.8,QT450-10,187.9908161078865,,,,False
17,7,5,14.399999999999999,-24.173076923076923,-3.1999999999999993,QT450-10,188.07299609451402,,,,False
17,7,6,14.399999999999999,-24.173076923076923,-1.5999999999999996,QT450-10,188.12432747785599,,,,False
17,7,7,14.399999999999999,-24.173076923076923,0.0,QT450-10,188.14179381600573,,,,False
17,7,8,14.399999999999999,-24.173076923076923,1.6000000000000014,QT450-10,188.12432747785599,,,,False
17,7,9,14.399999999999999,-24.173076923076923,3.200000000000001,QT450-10,188.07299609451402,,,,False
17,7,10,14.399999999999999,-24.173076923076923,4.800000000000001,QT450-10,187.9908161078865,,,,False
17,7,11,14.399999999999999,-24.173076923076923,6.400000000000002,QT450-10,187.882227208408,,,,False
17,7,12,14.399999999999999,-24.173076923076923,8.0,QT450-10,187.75232214337734,,,,False
17,7,13,14.399999999999999,-24.173076923076923,9.600000000000001,QT450-10,187.60596832637003,,,,False
17,7,14,14.399999999999999,-24.173076923076923,11.200000000000003,QT450-10,187.44697397921811,,,,False
17,8,0,14.399999999999999,-22.596153846153847,-11.2,QT450-10,191.61065041934816,,,,False
17,8,1,14.399999999999999,-22.596153846153847,-9.6,QT450-10,191.77936178741422,,,,False
17,8,2,14.399999999999999,-22.596153846153847,-8.0,QT450-10,191.93857052468715,,,,False
17,8,3,14.399999999999999,-22.596153846153847,-6.3999999999999995,QT450-10,192.08298117892912,,,,False
17,8,4,14.399999999999999,-22.596153846153847,-4.8,QT450-10,192.20582061423428,,,,False
17,8,5,14.399999999999999,-22.596153846153847,-3.1999999999999993,QT450-10,192.29999703399193,,,,False
17,8,6,14.399999999999999,-22.596153846153847,-1.5999999999999996,QT450-10,192.35932392843347,,,,False
17,8,7,14.399999999999999,-22.596153846153847,0.0,QT450-10,192.37959585405054,,,,False
17,8,8,14.399999999999999,-22.596153846153847,1.6000000000000014,QT450-10,192.35932392843347,,,,False
17,8,9,14.399999999999999,-22.596153846153847,3.200000000000001,QT450-10,192.29999703399193,,,,False
17,8,10,14.399999999999999,-22.596153846153847,4.800000000000001,QT450-10,192.20582061423428,,,,False
17,8,11,14.399999999999999,-22.596153846153847,6.400000000000002,QT450-10,192.08298117892912,,,,False
17,8,12,14.399999999999999,-22.596153846153847,8.0,QT450-10,191.93857052468715,,,,False
17,8,13,14.399999999999999,-22.596153846153847,9.600000000000001,QT450-10,191.77936178741422,,,,False
17,8,14,14.399999999999999,-22.596153846153847,11.200000000000003,QT450-10,191.61065041934816,,,,False
17,9,0,14.399999999999999,-21.01923076923077,-11.2,QT450-10,196.29761957894124,,,,False
17,9,1,14.399999999999999,-21.01923076923077,-9.6,QT450-10,196.47846398210893,,,,False
17,9,2,14.399999999999999,-21.01923076923077,-8.0,QT450-10,196.654234576084,,,,False
17,9,3,14.399999999999999,-21.01923076923077,-6.3999999999999995,QT450-10,196.8176200092541,,,,False
17,9,4,14.399999999999999,-21.01923076923077,-4.8,QT450-10,196.95925909690487,,,,False
17,9,5,14.399999999999999,-21.01923076923077,-3.1999999999999993,QT450-10,197.06934077851298,,,,False
17,9,6,14.399999999999999,-21.01923076923077,-1.5999999999999996,QT450-10,197.13929881882498,,,,False
17,9,7,14.399999999999999,-21.01923076923077,0.0,QT450-10,197.16330609590986,,,,False
17,9,8,14.399999999999999,-21.01923076923077,1.6000000000000014,QT450-10,197.13929881882498,,,,False
17,9,9,14.399999999999999,-21.01923076923077,3.200000000000001,QT450-10,197.06934077851298,,,,False
17,9,10,14.399999999999999,-21.01923076923077,4.800000000000001,QT450-10,196.95925909690487,,,,False
17,9,11,14.399999999999999,-21.01923076923077,6.400000000000002,QT450-10,196.8176200092541,,,,False
17,9,12,14.399999999999999,-21.01923076923077,8.0,QT450-10,196.654234576084,,,,False
17,9,13,14.399999999999999,-21.01923076923077,9.600000000000001,QT450-10,196.47846398210893,,,,False
17,9,14,14.399999999999999,-21.01923076923077,11.200000000000003,QT450-10,196.29761957894124,,,,False
17,10,0,14.399999999999999,-19.442307692307693,-11.2,QT450-10,201.49915718508367,,,,False
17,10,1,14.399999999999999,-19.442307692307693,-9.6,QT450-10,201.69514267295685,,,,False
17,10,2,14.399999999999999,-19.442307692307693,-8.0,QT450-10,201.89219475992692,,,,False
17,10,3,14.399999999999999,-19.442307692307693,-6.3999999999999995,QT450-10,202.0802957133664,,,,False
17,10,4,14.399999999999999,-19.442307692307693,-4.8,QT450-10,202.24660633212847,,,,False
17,10,5,14.399999999999999,-19.442307692307693,-3.1999999999999993,QT450-10,202.37765400911428,,,,False
17,10,6,14.399999999999999,-19.442307692307693,-1.5999999999999996,QT450-10,202.46166189916207,,,,False
17,10,7,14.399999999999999,-19.442307692307693,0.0,QT450-10,202.49061162303337,,,,False
17,10,8,14.399999999999999,-19.442307692307693,1.6000000000000014,QT450-10,202.46166189916207,,,,False
17,10,9,14.399999999999999,-19.442307692307693,3.200000000000001,QT450-10,202.37765400911428,,,,False
17,10,10,14.399999999999999,-19.442307692307693,4.800000000000001,QT450-10,202.24660633212847,,,,False
17,10,11,14.399999999999999,-19.442307692307693,6.400000000000002,QT450-10,202.0802957133664,,,,False
17,10,12,14.399999999999999,-19.442307692307693,8.0,QT450-10,201.89219475992692,,,,False
17,10,13,14.399999999999999,-19.442307692307693,9.600000000000001,QT450-10,201.69514267295685,,,,False
17,10,14,14.399999999999999,-19.442307692307693,11.200000000000003,QT450-10,201.49915718508367,,,,False
17,11,0,14.399999999999999,-17.865384615384617,-11.2,QT450-10,207.19774003399183,,,,False
17,11,1,14.399999999999999,-17.865384615384617,-9.6,QT450-10,207.41254408716466,,,,False
17,11,2,14.399999999999999,-17.865384615384617,-8.0,QT450-10,207.63676338543542,,,,False
17,11,3,14.399999999999999,-17.865384615384617,-6.3999999999999995,QT450-10,207.85680323862854,,,,False
17,11,4,14.399999999999999,-17.865384615384617,-4.8,QT450-10,208.05521182448607,,,,False
17,11,5,14.399999999999999,-17.865384615384617,-3.1999999999999993,QT450-10,208.21364709617902,,,,False
17,11,6,14.399999999999999,-17.865384615384617,-1.5999999999999996,QT450-10,208.31605177480196,,,,False
17,11,7,14.399999999999999,-17.865384615384617,0.0,QT450-10,208.35148033504,,,,False
17,11,8,14.399999999999999,-17.865384615384617,1.6000000000000014,QT450-10,208.31605177480196,,,,False
17,11,9,14.399999999999999,-17.865384615384617,3.200000000000001,QT450-10,208.21364709617902,,,,False
17,11,10,14.399999999999999,-17.865384615384617,4.800000000000001,QT450-10,208.05521182448607,,,,False
17,11,11,14.399999999999999,-17.865384615384617,6.400000000000002,QT450-10,207.85680323862854,,,,False
17,11,12,14.399999999999999,-17.865384615384617,8.0,QT450-10,207.63676338543542,,,,False
17,11,13,14.399999999999999,-17.865384615384617,9.600000000000001,QT450-10,207.41254408716466,,,,False
17,11,14,14.399999999999999,-17.865384615384617,11.200000000000003,QT450-10,207.19774003399183,,,,False
17,12,0,14.399999999999999,-16.28846153846154,-11.2,QT450-10,213.36245016657233,,,,False
17,12,1,14.399999999999999,-16.28846153846154,-9.6,QT450-10,213.60039064366592,,,,False
17,12,2,14.399999999999999,-16.28846153846154,-8.0,QT450-10,213.85889302113551,,,,False
17,12,3,14.399999999999999,-16.28846153846154,-6.3999999999999995,QT450-10,214.11970397102021,,,,False
17,12,4,14.399999999999999,-16.28846153846154,-4.8,QT450-10,214.35934782984467,,,,False
17,12,5,14.399999999999999,-16.28846153846154,-3.1999999999999993,QT450-10,214.55310329336052,,,,False
17,12,6,14.399999999999999,-16.28846153846154,-1.5999999999999996,QT450-10,214.67928812110074,,,,False
17,12,7,14.399999999999999,-16.28846153846154,0.0,QT450-10,214.72310060649403,,,,False
17,12,8,14.399999999999999,-16.28846153846154,1.6000000000000014,QT450-10,214.67928812110074,,,,False
17,12,9,14.399999999999999,-16.28846153846154,3.200000000000001,QT450-10,214.55310329336052,,,,False
17,12,10,14.399999999999999,-16.28846153846154,4.800000000000001,QT450-10,214.35934782984467,,,,False
17,12,11,14.399999999999999,-16.28846153846154,6.400000000000002,QT450-10,214.11970397102021,,,,False
17,12,12,14.399999999999999,-16.28846153846154,8.0,QT450-10,213.85889302113551,,,,False
17,12,13,14.399999999999999,-16.28846153846154,9.600000000000001,QT450-10,213.60039064366592,,,,False
17,12,14,14.399999999999999,-16.28846153846154,11.200000000000003,QT450-10,213.36245016657233,,,,False
17,13,0,14.399999999999999,-14.711538461538463,-11.2,QT450-10,219.94380480995457,,,,False
17,13,1,14.399999999999999,-14.711538461538463,-9.6,QT450-10,220.20993620767942,,,,False
17,13,2,14.399999999999999,-14.711538461538463,-8.0,QT450-10,220.5112120126334,,,,False
17,13,3,14.399999999999999,-14.711538461538463,-6.3999999999999995,QT450-10,220.82341537166866,,,,False
17,13,4,14.399999999999999,-14.711538461538463,-4.8,QT450-10,221.1153356728557,,,,False
17,13,5,14.399999999999999,-14.711538461538463,-3.1999999999999993,QT450-10,221.35402961925485,,,,False
17,13,6,14.399999999999999,-14.711538461538463,-1.5999999999999996,QT450-10,221.51053729096643,,,,False
17,13,7,14.399999999999999,-14.711538461538463,0.0,QT450-10,221.56505189509008,,,,False
17,13,8,14.399999999999999,-14.711538461538463,1.6000000000000014,QT450-10,221.51053729096643,,,,False
17,13,9,14.399999999999999,-14.711538461538463,3.200000000000001,QT450-10,221.35402961925485,,,,False
17,13,10,14.399999999999999,-14.711538461538463,4.800000000000001,QT450-10,221.1153356728557,,,,False
17,13,11,14.399999999999999,-14.711538461538463,6.400000000000002,QT450-10,220.82341537166866,,,,False
17,13,12,14.399999999999999,-14.711538461538463,8.0,QT450-10,220.5112120126334,,,,False
17,13,13,14.399999999999999,-14.711538461538463,9.600000000000001,QT450-10,220.20993620767942,,,,False
17,13,14,14.399999999999999,-14.711538461538463,11.200000000000003,QT450-10,219.94380480995457,,,,False
17,14,0,14.399999999999999,-13.134615384615387,-11.2,QT450-10,226.8716574644601,,,,False
17,14,1,14.399999999999999,-13.134615384615387,-9.6,QT450-10,227.17174044329303,,,,False
17,14,2,14.399999999999999,-13.134615384615387,-8.0,QT450-10,227.5256287663421,,,,False
17,14,3,14.399999999999999,-13.134615384615387,-6.3999999999999995,QT450-10,227.9016187582588,,,,False
17,14,4,14.399999999999999,-13.134615384615387,-4.8,QT450-10,228.25875864854973,,,,False
17,14,5,14.399999999999999,-13.134615384615387,-3.1999999999999993,QT450-10,228.5537062216766,,,,False
17,14,6,14.399999999999999,-13.134615384615387,-1.5999999999999996,QT450-10,228.74825368202266,,,,False
17,14,7,14.399999999999999,-13.134615384615387,0.0,QT450-10,228.81620849340953,,,,False
17,14,8,14.399999999999999,-13.134615384615387,1.6000000000000014,QT450-10,228.74825368202266,,,,False
17,14,9,14.399999999999999,-13.134615384615387,3.200000000000001,QT450-10,228.5537062216766,,,,False
17,14,10,14.399999999999999,-13.134615384615387,4.800000000000001,QT450-10,228.25875864854973,,,,False
17,14,11,14.399999999999999,-13.134615384615387,6.400000000000002,QT450-10,227.9016187582588,,,,False
17,14,12,14.399999999999999,-13.134615384615387,8.0,QT450-10,227.5256287663421,,,,False
17,14,13,14.399999999999999,-13.134615384615387,9.600000000000001,QT450-10,227.17174044329303,,,,False
17,14,14,14.399999999999999,-13.134615384615387,11.200000000000003,QT450-10,226.8716574644601,,,,False
17,15,0,14.399999999999999,-11.55769230769231,-11.2,QT450-10,234.05233058719654,,,,False
17,15,1,14.399999999999999,-11.55769230769231,-9.6,QT450-10,234.3927047200981,,,,False
17,15,2,14.399999999999999,-11.55769230769231,-8.0,QT450-10,234.81019218629402,,,,False
17,15,3,14.399999999999999,-11.55769230769231,-6.3999999999999995,QT450-10,235.26388854020922,,,,False
17,15,4,14.399999999999999,-11.55769230769231,-4.8,QT450-10,235.70084468697078,,,,False
17,15,5,14.399999999999999,-11.55769230769231,-3.1999999999999993,QT450-10,236.06485310703127,,,,False
17,15,6,14.399999999999999,-11.55769230769231,-1.5999999999999996,QT450-10,236.30620037129046,,,,False
17,15,7,14.399999999999999,-11.55769230769231,0.0,QT450-10,236.39070871942843,,,,False
17,15,8,14.399999999999999,-11.55769230769231,1.6000000000000014,QT450-10,236.30620037129046,,,,False
17,15,9,14.399999999999999,-11.55769230769231,3.200000000000001,QT450-10,236.06485310703127,,,,False
17,15,10,14.399999999999999,-11.55769230769231,4.800000000000001,QT450-10,235.70084468697078,,,,False
17,15,11,14.399999999999999,-11.55769230769231,6.400000000000002,QT450-10,235.26388854020922,,,,False
17,15,12,14.399999999999999,-11.55769230769231,8.0,QT450-10,234.81019218629402,,,,False
17,15,13,14.399999999999999,-11.55769230769231,9.600000000000001,QT450-10,234.3927047200981,,,,False
17,15,14,14.399999999999999,-11.55769230769231,11.200000000000003,QT450-10,234.05233058719654,,,,False
17,16,0,14.399999999999999,-9.98076923076923,-11.2,QT450-10,241.36676783552215,,,,False
17,16,1,14.399999999999999,-9.98076923076923,-9.6,QT450-10,241.75411293217635,,,,False
17,16,2,14.399999999999999,-9.98076923076923,-8.0,QT450-10,242.2469071487765,,,,False
17,16,3,14.399999999999999,-9.98076923076923,-6.3999999999999995,QT450-10,242.79319040018672,,,,False
17,16,4,14.399999999999999,-9.98076923076923,-4.8,QT450-10,243.32561300065404,,,,False
17,16,5,14.399999999999999,-9.98076923076923,-3.1999999999999993,QT450-10,243.77246171604162,,,,False
17,16,6,14.399999999999999,-9.98076923076923,-1.5999999999999996,QT450-10,244.67426278982308,,,,False
17,16,7,14.399999999999999,-9.98076923076923,0.0,QT450-10,245.1347428802424,,,,False
17,16,8,14.399999999999999,-9.98076923076923,1.6000000000000014,QT450-10,244.67426278982308,,,,False
17,16,9,14.399999999999999,-9.98076923076923,3.200000000000001,QT450-10,243.77246171604162,,,,False
17,16,10,14.399999999999999,-9.98076923076923,4.800000000000001,QT450-10,243.32561300065404,,,,False
17,16,11,14.399999999999999,-9.98076923076923,6.400000000000002,QT450-10,242.79319040018672,,,,False
17,16,12,14.399999999999999,-9.98076923076923,8.0,QT450-10,242.2469071487765,,,,False
17,16,13,14.399999999999999,-9.98076923076923,9.600000000000001,QT450-10,241.75411293217635,,,,False
17,16,14,14.399999999999999,-9.98076923076923,11.200000000000003,QT450-10,241.36676783552215,,,,False
17,17,0,14.399999999999999,-8.403846153846153,-11.2,QT450-10,248.67032661708643,,,,False
17,17,1,14.399999999999999,-8.403846153846153,-9.6,QT450-10,249.1113503543481,,,,False
17,17,2,14.399999999999999,-8.403846153846153,-8.0,QT450-10,249.69122538203646,,,,False
17,17,3,14.399999999999999,-8.403846153846153,-6.3999999999999995,QT450-10,251.149075721115,,,,False
17,17,4,14.399999999999999,-8.403846153846153,-4.8,QT450-10,253.82260855568208,,,,False
17,17,5,14.399999999999999,-8.403846153846153,-3.1999999999999993,QT450-10,257.41556216840934,,,,False
17,17,6,14.399999999999999,-8.403846153846153,-1.5999999999999996,QT450-10,260.6530590736177,,,,False
17,17,7,14.399999999999999,-8.403846153846153,0.0,QT450-10,262.06149975682763,,,,False
17,17,8,14.399999999999999,-8.403846153846153,1.6000000000000014,QT450-10,260.65305907361767,,,,False
17,17,9,14.399999999999999,-8.403846153846153,3.200000000000001,QT450-10,257.41556216840934,,,,False
17,17,10,14.399999999999999,-8.403846153846153,4.800000000000001,QT450-10,253.82260855568208,,,,False
17,17,11,14.399999999999999,-8.403846153846153,6.400000000000002,QT450-10,251.149075721115,,,,False
17,17,12,14.399999999999999,-8.403846153846153,8.0,QT450-10,249.69122538203646,,,,False
17,17,13,14.399999999999999,-8.403846153846153,9.600000000000001,QT450-10,249.1113503543481,,,,False
17,17,14,14.399999999999999,-8.403846153846153,11.200000000000003,QT450-10,248.67032661708643,,,,False
17,18,0,14.399999999999999,-6.826923076923077,-11.2,QT450-10,256.448066097576,,,,False
17,18,1,14.399999999999999,-6.826923076923077,-9.6,QT450-10,257.44598706342157,,,,False
17,18,2,14.399999999999999,-6.826923076923077,-8.0,QT450-10,259.4657157724369,,,,False
17,18,3,14.399999999999999,-6.826923076923077,-6.3999999999999995,QT450-10,263.16475690177117,,,,False
17,18,4,14.399999999999999,-6.826923076923077,-4.8,QT450-10,269.3041281383395,,,,False
17,18,5,14.399999999999999,-6.826923076923077,-3.1999999999999993,QT450-10,277.6944763785576,,,,False
17,18,6,14.399999999999999,-6.826923076923077,-1.5999999999999996,QT450-10,285.10423466129885,,,,False
17,18,7,14.399999999999999,-6.826923076923077,0.0,QT450-10,288.39298724098313,,,,False
17,18,8,14.399999999999999,-6.826923076923077,1.6000000000000014,QT450-10,285.1042346612988,,,,False
17,18,9,14.399999999999999,-6.826923076923077,3.200000000000001,QT450-10,277.6944763785576,,,,False
17,18,10,14.399999999999999,-6.826923076923077,4.800000000000001,QT450-10,269.3041281383395,,,,False
17,18,11,14.399999999999999,-6.826923076923077,6.400000000000002,QT450-10,263.16475690177117,,,,False
17,18,12,14.399999999999999,-6.826923076923077,8.0,QT450-10,259.4657157724369,,,,False
17,18,13,14.399999999999999,-6.826923076923077,9.600000000000001,QT450-10,257.4459870634215,,,,False
17,18,14,14.399999999999999,-6.826923076923077,11.200000000000003,QT450-10,256.4480660975759,,,,False
17,19,0,14.399999999999999,-5.25,-11.2,QT450-10,265.46596901265684,,,,False
17,19,1,14.399999999999999,-5.25,-9.6,QT450-10,267.0845742508854,,,,False
17,19,2,14.399999999999999,-5.25,-8.0,QT450-10,270.5971037089222,,,,False
17,19,3,14.399999999999999,-5.25,-6.3999999999999995,QT450-10,277.4848901678209,,,,False
17,19,4,14.399999999999999,-5.25,-4.8,QT450-10,289.7030644236967,,,,False
17,19,5,14.399999999999999,-5.25,-3.1999999999999993,QT450-10,306.59617019796633,,,,False
17,19,6,14.399999999999999,-5.25,-1.5999999999999996,QT450-10,324.3993131445905,,,,False
17,19,7,14.399999999999999,-5.25,0.0,QT450-10,332.6313565928028,,,,False
17,19,8,14.399999999999999,-5.25,1.6000000000000014,QT450-10,324.39931314459045,,,,False
17,19,9,14.399999999999999,-5.25,3.200000000000001,QT450-10,306.5961701979663,,,,False
17,19,10,14.399999999999999,-5.25,4.800000000000001,QT450-10,289.7030644236967,,,,False
17,19,11,14.399999999999999,-5.25,6.400000000000002,QT450-10,277.4848901678209,,,,False
17,19,12,14.399999999999999,-5.25,8.0,QT450-10,270.59710370892213,,,,False
17,19,13,14.399999999999999,-5.25,9.600000000000001,QT450-10,267.08457425088534,,,,False
17,19,14,14.399999999999999,-5.25,11.200000000000003,QT450-10,265.46596901265684,,,,False
17,20,0,14.399999999999999,-3.673076923076927,-11.2,QT450-10,274.4059744945498,,,,False
17,20,1,14.399999999999999,-3.673076923076927,-9.6,QT450-10,276.7477229584721,,,,False
17,20,2,14.399999999999999,-3.673076923076927,-8.0,QT450-10,282.19879151010093,,,,False
17,20,3,14.399999999999999,-3.673076923076927,-6.3999999999999995,QT450-10,293.64396138329306,,,,False
17,20,4,14.399999999999999,-3.673076923076927,-4.8,QT450-10,314.6015147394035,,,,False
17,20,5,14.399999999999999,-3.673076923076927,-3.1999999999999993,QT450-10,347.7586603409436,,,,False
17,20,6,14.399999999999999,-3.673076923076927,-1.5999999999999996,QT450-10,384.8396979520843,,,,False
17,20,7,14.399999999999999,-3.673076923076927,0.0,QT450-10,406.40565296346614,,,,False
17,20,8,14.399999999999999,-3.673076923076927,1.6000000000000014,QT450-10,384.83969795208424,,,,False
17,20,9,14.399999999999999,-3.673076923076927,3.200000000000001,QT450-10,347.75866034094355,,,,False
17,20,10,14.399999999999999,-3.673076923076927,4.800000000000001,QT450-10,314.60151473940346,,,,False
17,20,11,14.399999999999999,-3.673076923076927,6.400000000000002,QT450-10,293.643961383293,,,,False
17,20,12,14.399999999999999,-3.673076923076927,8.0,QT450-10,282.1987915101009,,,,False
17,20,13,14.399999999999999,-3.673076923076927,9.600000000000001,QT450-10,276.7477229584721,,,,False
17,20,14,14.399999999999999,-3.673076923076927,11.200000000000003,QT450-10,274.40597449454975,,,,False
17,21,0,14.399999999999999,-2.0961538461538467,-11.2,ERNiFe-CI,284.6638473534213,,,,False
17,21,1,14.399999999999999,-2.0961538461538467,-9.6,ERNiFe-CI,287.97758909425727,,,,False
17,21,2,14.399999999999999,-2.0961538461538467,-8.0,ERNiFe-CI,295.87599936589396,,,,False
17,21,3,14.399999999999999,-2.0961538461538467,-6.3999999999999995,ERNiFe-CI,313.4145529172855,,,,False
17,21,4,14.399999999999999,-2.0961538461538467,-4.8,ERNiFe-CI,349.46662387056597,,,,False
17,21,5,14.399999999999999,-2.0961538461538467,-3.1999999999999993,ERNiFe-CI,410.28822842232245,,,,False
17,21,6,14.399999999999999,-2.0961538461538467,-1.5999999999999996,ERNiFe-CI,517.0290800677203,,,,False
17,21,7,14.399999999999999,-2.0961538461538467,0.0,ERNiFe-CI,608.8903700436931,,,,False
17,21,8,14.399999999999999,-2.0961538461538467,1.6000000000000014,ERNiFe-CI,517.0290800677201,,,,False
17,21,9,14.399999999999999,-2.0961538461538467,3.200000000000001,ERNiFe-CI,410.28822842232233,,,,False
17,21,10,14.399999999999999,-2.0961538461538467,4.800000000000001,ERNiFe-CI,349.4666238705659,,,,False
17,21,11,14.399999999999999,-2.0961538461538467,6.400000000000002,ERNiFe-CI,313.41455291728545,,,,False
17,21,12,14.399999999999999,-2.0961538461538467,8.0,ERNiFe-CI,295.8759993658939,,,,False
17,21,13,14.399999999999999,-2.0961538461538467,9.600000000000001,ERNiFe-CI,287.9775890942572,,,,False
17,21,14,14.399999999999999,-2.0961538461538467,11.200000000000003,ERNiFe-CI,284.66384735342126,,,,False
17,22,0,14.399999999999999,-0.5192307692307736,-11.2,ERNiFe-CI,295.7586684878863,,,,False
17,22,1,14.399999999999999,-0.5192307692307736,-9.6,ERNiFe-CI,300.0366235724319,,,,False
17,22,2,14.399999999999999,-0.5192307692307736,-8.0,ERNiFe-CI,310.36183122863406,,,,False
17,22,3,14.399999999999999,-0.5192307692307736,-6.3999999999999995,ERNiFe-CI,333.3098428710721,,,,False
17,22,4,14.399999999999999,-0.5192307692307736,-4.8,ERNiFe-CI,383.23860559504453,,,,False
17,22,5,14.399999999999999,-0.5192307692307736,-3.1999999999999993,ERNiFe-CI,481.29163813505176,,,,False
17,22,6,14.399999999999999,-0.5192307692307736,-1.5999999999999996,ERNiFe-CI,711.3172176263706,,,,False
17,22,7,14.399999999999999,-0.5192307692307736,0.0,ERNiFe-CI,954.9550707331168,24.97879384869842,27.793030159592874,2.8142363108944544,True
17,22,8,14.399999999999999,-0.5192307692307736,1.6000000000000014,ERNiFe-CI,711.3172176263702,,,,False
17,22,9,14.399999999999999,-0.5192307692307736,3.200000000000001,ERNiFe-CI,481.2916381350516,,,,False
17,22,10,14.399999999999999,-0.5192307692307736,4.800000000000001,ERNiFe-CI,383.2386055950444,,,,False
17,22,11,14.399999999999999,-0.5192307692307736,6.400000000000002,ERNiFe-CI,333.30984287107196,,,,False
17,22,12,14.399999999999999,-0.5192307692307736,8.0,ERNiFe-CI,310.361831228634,,,,False
17,22,13,14.399999999999999,-0.5192307692307736,9.600000000000001,ERNiFe-CI,300.03662357243184,,,,False
17,22,14,14.399999999999999,-0.5192307692307736,11.200000000000003,ERNiFe-CI,295.75866848788627,,,,False
17,23,0,14.399999999999999,1.0576923076923066,-11.2,ERNiFe-CI,304.9013117983599,,,,False
17,23,1,14.399999999999999,1.0576923076923066,-9.6,ERNiFe-CI,309.7765183270331,,,,False
17,23,2,14.399999999999999,1.0576923076923066,-8.0,ERNiFe-CI,321.29605430178555,,,,False
17,23,3,14.399999999999999,1.0576923076923066,-6.3999999999999995,ERNiFe-CI,345.3900483217822,,,,False
17,23,4,14.399999999999999,1.0576923076923066,-4.8,ERNiFe-CI,394.58923154563627,,,,False
17,23,5,14.399999999999999,1.0576923076923066,-3.1999999999999993,ERNiFe-CI,482.4291654687993,,,,False
17,23,6,14.399999999999999,1.0576923076923066,-1.5999999999999996,ERNiFe-CI,676.9639270743038,,,,False
17,23,7,14.399999999999999,1.0576923076923066,0.0,ERNiFe-CI,869.9803821295592,24.10075941444689,27.8723465211019,3.7715871066550086,True
17,23,8,14.399999999999999,1.0576923076923066,1.6000000000000014,ERNiFe-CI,676.9639270743036,,,,False
17,23,9,14.399999999999999,1.0576923076923066,3.200000000000001,ERNiFe-CI,482.4291654687991,,,,False
17,23,10,14.399999999999999,1.0576923076923066,4.800000000000001,ERNiFe-CI,394.58923154563615,,,,False
17,23,11,14.399999999999999,1.0576923076923066,6.400000000000002,ERNiFe-CI,345.3900483217821,,,,False
17,23,12,14.399999999999999,1.0576923076923066,8.0,ERNiFe-CI,321.2960543017855,,,,False
17,23,13,14.399999999999999,1.0576923076923066,9.600000000000001,ERNiFe-CI,309.77651832703305,,,,False
17,23,14,14.399999999999999,1.0576923076923066,11.200000000000003,ERNiFe-CI,304.90131179835987,,,,False
17,24,0,14.399999999999999,2.634615384615387,-11.2,ERNiFe-CI,311.67202657805143,,,,False
17,24,1,14.399999999999999,2.634615384615387,-9.6,ERNiFe-CI,316.7729683039138,,,,False
17,24,2,14.399999999999999,2.634615384615387,-8.0,ERNiFe-CI,328.36115252220674,,,,False
17,24,3,14.399999999999999,2.634615384615387,-6.3999999999999995,ERNiFe-CI,350.53274110919403,,,,False
17,24,4,14.399999999999999,2.634615384615387,-4.8,ERNiFe-CI,389.03666394866923,,,,False
17,24,5,14.399999999999999,2.634615384615387,-3.1999999999999993,ERNiFe-CI,447.82617822950374,,,,False
17,24,6,14.399999999999999,2.634615384615387,-1.5999999999999996,ERNiFe-CI,523.5257337688582,,,,False
17,24,7,14.399999999999999,2.634615384615387,0.0,ERNiFe-CI,587.101350945595,,,,False
17,24,8,14.399999999999999,2.634615384615387,1.6000000000000014,ERNiFe-CI,523.5257337688581,,,,False
17,24,9,14.399999999999999,2.634615384615387,3.200000000000001,ERNiFe-CI,447.82617822950357,,,,False
17,24,10,14.399999999999999,2.634615384615387,4.800000000000001,ERNiFe-CI,389.0366639486692,,,,False
17,24,11,14.399999999999999,2.634615384615387,6.400000000000002,ERNiFe-CI,350.532741109194,,,,False
17,24,12,14.399999999999999,2.634615384615387,8.0,ERNiFe-CI,328.3611525222067,,,,False
17,24,13,14.399999999999999,2.634615384615387,9.600000000000001,ERNiFe-CI,316.77296830391373,,,,False
17,24,14,14.399999999999999,2.634615384615387,11.200000000000003,ERNiFe-CI,311.6720265780514,,,,False
17,25,0,14.399999999999999,4.21153846153846,-11.2,Q235B,314.99341973299545,,,,False
17,25,1,14.399999999999999,4.21153846153846,-9.6,Q235B,320.0571648533454,,,,False
17,25,2,14.399999999999999,4.21153846153846,-8.0,Q235B,331.37150961156385,,,,False
17,25,3,14.399999999999999,4.21153846153846,-6.3999999999999995,Q235B,351.85287354788755,,,,False
17,25,4,14.399999999999999,4.21153846153846,-4.8,Q235B,383.32962731848903,,,,False
17,25,5,14.399999999999999,4.21153846153846,-3.1999999999999993,Q235B,425.9292278230351,,,,False
17,25,6,14.399999999999999,4.21153846153846,-1.5999999999999996,Q235B,468.7699946824545,,,,False
17,25,7,14.399999999999999,4.21153846153846,0.0,Q235B,490.00099226184716,,,,False
17,25,8,14.399999999999999,4.21153846153846,1.6000000000000014,Q235B,468.76999468245447,,,,False
17,25,9,14.399999999999999,4.21153846153846,3.200000000000001,Q235B,425.92922782303503,,,,False
17,25,10,14.399999999999999,4.21153846153846,4.800000000000001,Q235B,383.3296273184889,,,,False
17,25,11,14.399999999999999,4.21153846153846,6.400000000000002,Q235B,351.85287354788755,,,,False
17,25,12,14.399999999999999,4.21153846153846,8.0,Q235B,331.3715096115638,,,,False
17,25,13,14.399999999999999,4.21153846153846,9.600000000000001,Q235B,320.05716485334534,,,,False
17,25,14,14.399999999999999,4.21153846153846,11.200000000000003,Q235B,314.9934197329954,,,,False
18,0,0,17.28,-35.21153846153846,-11.2,QT450-10,171.34052457420023,,,,False
18,0,1,17.28,-35.21153846153846,-9.6,QT450-10,171.4709768545771,,,,False
18,0,2,17.28,-35.21153846153846,-8.0,QT450-10,171.58338950408438,,,,False
18,0,3,17.28,-35.21153846153846,-6.3999999999999995,QT450-10,171.67711472015898,,,,False
18,0,4,17.28,-35.21153846153846,-4.8,QT450-10,171.7513155063138,,,,False
18,0,5,17.28,-35.21153846153846,-3.1999999999999993,QT450-10,171.8051132075889,,,,False
18,0,6,17.28,-35.21153846153846,-1.5999999999999996,QT450-10,171.83774120447333,,,,False
18,0,7,17.28,-35.21153846153846,0.0,QT450-10,171.84867864375283,,,,False
18,0,8,17.28,-35.21153846153846,1.6000000000000014,QT450-10,171.83774120447333,,,,False
18,0,9,17.28,-35.21153846153846,3.200000000000001,QT450-10,171.8051132075889,,,,False
18,0,10,17.28,-35.21153846153846,4.800000000000001,QT450-10,171.7513155063138,,,,False
18,0,11,17.28,-35.21153846153846,6.400000000000002,QT450-10,171.67711472015898,,,,False
18,0,12,17.28,-35.21153846153846,8.0,QT450-10,171.58338950408438,,,,False
18,0,13,17.28,-35.21153846153846,9.600000000000001,QT450-10,171.4709768545771,,,,False
18,0,14,17.28,-35.21153846153846,11.200000000000003,QT450-10,171.34052457420023,,,,False
18,1,0,17.28,-33.63461538461539,-11.2,QT450-10,171.97776221124585,,,,False
18,1,1,17.28,-33.63461538461539,-9.6,QT450-10,172.1092362519813,,,,False
18,1,2,17.28,-33.63461538461539,-8.0,QT450-10,172.2228232068539,,,,False
18,1,3,17.28,-33.63461538461539,-6.3999999999999995,QT450-10,172.31777392292486,,,,False
18,1,4,17.28,-33.63461538461539,-4.8,QT450-10,172.39312413136028,,,,False
18,1,5,17.28,-33.63461538461539,-3.1999999999999993,QT450-10,172.4478626641704,,,,False
18,1,6,17.28,-33.63461538461539,-1.5999999999999996,QT450-10,172.48110763004522,,,,False
18,1,7,17.28,-33.63461538461539,0.0,QT450-10,172.4922599495449,,,,False
18,1,8,17.28,-33.63461538461539,1.6000000000000014,QT450-10,172.48110763004522,,,,False
18,1,9,17.28,-33.63461538461539,3.200000000000001,QT450-10,172.4478626641704,,,,False
18,1,10,17.28,-33.63461538461539,4.800000000000001,QT450-10,172.39312413136028,,,,False
18,1,11,17.28,-33.63461538461539,6.400000000000002,QT450-10,172.31777392292486,,,,False
18,1,12,17.28,-33.63461538461539,8.0,QT450-10,172.2228232068539,,,,False
18,1,13,17.28,-33.63461538461539,9.600000000000001,QT450-10,172.1092362519813,,,,False
18,1,14,17.28,-33.63461538461539,11.200000000000003,QT450-10,171.97776221124585,,,,False
18,2,0,17.28,-32.05769230769231,-11.2,QT450-10,173.11094108904229,,,,False
18,2,1,17.28,-32.05769230769231,-9.6,QT450-10,173.24435058079703,,,,False
18,2,2,17.28,-32.05769230769231,-8.0,QT450-10,173.3602284321077,,,,False
18,2,3,17.28,-32.05769230769231,-6.3999999999999995,QT450-10,173.45761449069698,,,,False
18,2,4,17.28,-32.05769230769231,-4.8,QT450-10,173.53527534902275,,,,False
18,2,5,17.28,-32.05769230769231,-3.1999999999999993,QT450-10,173.5919187518109,,,,False
18,2,6,17.28,-32.05769230769231,-1.5999999999999996,QT450-10,173.62641807741733,,,,False
18,2,7,17.28,-32.05769230769231,0.0,QT450-10,173.63800810926435,,,,False
18,2,8,17.28,-32.05769230769231,1.6000000000000014,QT450-10,173.62641807741733,,,,False
18,2,9,17.28,-32.05769230769231,3.200000000000001,QT450-10,173.5919187518109,,,,False
18,2,10,17.28,-32.05769230769231,4.800000000000001,QT450-10,173.53527534902275,,,,False
18,2,11,17.28,-32.05769230769231,6.400000000000002,QT450-10,173.45761449069698,,,,False
18,2,12,17.28,-32.05769230769231,8.0,QT450-10,173.3602284321077,,,,False
18,2,13,17.28,-32.05769230769231,9.600000000000001,QT450-10,173.24435058079703,,,,False
18,2,14,17.28,-32.05769230769231,11.200000000000003,QT450-10,173.11094108904229,,,,False
18,3,0,17.28,-30.48076923076923,-11.2,QT450-10,174.74858154285235,,,,False
18,3,1,17.28,-30.48076923076923,-9.6,QT450-10,174.8849417564691,,,,False
18,3,2,17.28,-30.48076923076923,-8.0,QT450-10,175.004399283816,,,,False
18,3,3,17.28,-30.48076923076923,-6.3999999999999995,QT450-10,175.1056445227332,,,,False
18,3,4,17.28,-30.48076923076923,-4.8,QT450-10,175.18699802107736,,,,False
18,3,5,17.28,-30.48076923076923,-3.1999999999999993,QT450-10,175.246701286867,,,,False
18,3,6,17.28,-30.48076923076923,-1.5999999999999996,QT450-10,175.28322154133832,,,,False
18,3,7,17.28,-30.48076923076923,0.0,QT450-10,175.2955177488853,,,,False
18,3,8,17.28,-30.48076923076923,1.6000000000000014,QT450-10,175.28322154133832,,,,False
18,3,9,17.28,-30.48076923076923,3.200000000000001,QT450-10,175.246701286867,,,,False
18,3,10,17.28,-30.48076923076923,4.800000000000001,QT450-10,175.18699802107736,,,,False
18,3,11,17.28,-30.48076923076923,6.400000000000002,QT450-10,175.1056445227332,,,,False
18,3,12,17.28,-30.48076923076923,8.0,QT450-10,175.004399283816,,,,False
18,3,13,17.28,-30.48076923076923,9.600000000000001,QT450-10,174.8849417564691,,,,False
18,3,14,17.28,-30.48076923076923,11.200000000000003,QT450-10,174.74858154285235,,,,False
18,4,0,17.28,-28.903846153846153,-11.2,QT450-10,176.90254868182342,,,,False
18,4,1,17.28,-28.903846153846153,-9.6,QT450-10,177.04303927249254,,,,False
18,4,2,17.28,-28.903846153846153,-8.0,QT450-10,177.1676423127105,,,,False
18,4,3,17.28,-28.903846153846153,-6.3999999999999995,QT450-10,177.27451605884795,,,,False
18,4,4,17.28,-28.903846153846153,-4.8,QT450-10,177.3613013901342,,,,False
18,4,5,17.28,-28.903846153846153,-3.1999999999999993,QT450-10,177.4255288851104,,,,False
18,4,6,17.28,-28.903846153846153,-1.5999999999999996,QT450-10,177.46504608082128,,,,False
18,4,7,17.28,-28.903846153846153,0.0,QT450-10,177.47839093730224,,,,False
18,4,8,17.28,-28.903846153846153,1.6000000000000014,QT450-10,177.46504608082128,,,,False
18,4,9,17.28,-28.903846153846153,3.200000000000001,QT450-10,177.4255288851104,,,,False
18,4,10,17.28,-28.903846153846153,4.800000000000001,QT450-10,177.3613013901342,,,,False
18,4,11,17.28,-28.903846153846153,6.400000000000002,QT450-10,177.27451605884795,,,,False
18,4,12,17.28,-28.903846153846153,8.0,QT450-10,177.1676423127105,,,,False
18,4,13,17.28,-28.903846153846153,9.600000000000001,QT450-10,177.04303927249254,,,,False
18,4,14,17.28,-28.903846153846153,11.200000000000003,QT450-10,176.90254868182342,,,,False
18,5,0,17.28,-27.326923076923077,-11.2,QT450-10,179.5873158982529,,,,False
18,5,1,17.28,-27.326923076923077,-9.6,QT450-10,179.7333560162939,,,,False
18,5,2,17.28,-27.326923076923077,-8.0,QT450-10,179.86507717896518,,,,False
18,5,3,17.28,-27.326923076923077,-6.3999999999999995,QT450-10,179.97985774232257,,,,False
18,5,4,17.28,-27.326923076923077,-4.8,QT450-10,180.07434142980145,,,,False
18,5,5,17.28,-27.326923076923077,-3.1999999999999993,QT450-10,180.14501485583042,,,,False
18,5,6,17.28,-27.326923076923077,-1.5999999999999996,QT450-10,180.18881487847867,,,,False
18,5,7,17.28,-27.326923076923077,0.0,QT450-10,180.2036604004579,,,,False
18,5,8,17.28,-27.326923076923077,1.6000000000000014,QT450-10,180.18881487847867,,,,False
18,5,9,17.28,-27.326923076923077,3.200000000000001,QT450-10,180.14501485583042,,,,False
18,5,10,17.28,-27.326923076923077,4.800000000000001,QT450-10,180.07434142980145,,,,False
18,5,11,17.28,-27.326923076923077,6.400000000000002,QT450-10,179.97985774232257,,,,False
18,5,12,17.28,-27.326923076923077,8.0,QT450-10,179.86507717896518,,,,False
18,5,13,17.28,-27.326923076923077,9.600000000000001,QT450-10,179.7333560162939,,,,False
18,5,14,17.28,-27.326923076923077,11.200000000000003,QT450-10,179.5873158982529,,,,False
18,6,0,17.28,-25.75,-11.2,QT450-10,182.81890126380847,,,,False
18,6,1,17.28,-25.75,-9.6,QT450-10,182.97224253236737,,,,False
18,6,2,17.28,-25.75,-8.0,QT450-10,183.11362484460176,,,,False
18,6,3,17.28,-25.75,-6.3999999999999995,QT450-10,183.23930713113276,,,,False
18,6,4,17.28,-25.75,-4.8,QT450-10,183.34449986449107,,,,False
18,6,5,17.28,-25.75,-3.1999999999999993,QT450-10,183.42418732342833,,,,False
18,6,6,17.28,-25.75,-1.5999999999999996,QT450-10,183.47399447710117,,,,False
18,6,7,17.28,-25.75,0.0,QT450-10,183.49094774446394,,,,False
18,6,8,17.28,-25.75,1.6000000000000014,QT450-10,183.47399447710117,,,,False
18,6,9,17.28,-25.75,3.200000000000001,QT450-10,183.42418732342833,,,,False
18,6,10,17.28,-25.75,4.800000000000001,QT450-10,183.34449986449107,,,,False
18,6,11,17.28,-25.75,6.400000000000002,QT450-10,183.23930713113276,,,,False
18,6,12,17.28,-25.75,8.0,QT450-10,183.11362484460176,,,,False
18,6,13,17.28,-25.75,9.600000000000001,QT450-10,182.97224253236737,,,,False
18,6,14,17.28,-25.75,11.200000000000003,QT450-10,182.81890126380847,,,,False
18,7,0,17.28,-24.173076923076923,-11.2,QT450-10,186.6134128355729,,,,False
18,7,1,17.28,-24.173076923076923,-9.6,QT450-10,186.77625524027837,,,,False
18,7,2,17.28,-24.173076923076923,-8.0,QT450-10,186.93061923747564,,,,False
18,7,3,17.28,-24.173076923076923,-6.3999999999999995,QT450-10,187.07117916463636,,,,False
18,7,4,17.28,-24.173076923076923,-4.8,QT450-10,187.19111309088296,,,,False
18,7,5,17.28,-24.173076923076923,-3.1999999999999993,QT450-10,187.28327157939265,,,,False
18,7,6,17.28,-24.173076923076923,-1.5999999999999996,QT450-10,187.34141379626783,,,,False
18,7,7,17.28,-24.173076923076923,0.0,QT450-10,187.3612955176556,,,,False
18,7,8,17.28,-24.173076923076923,1.6000000000000014,QT450-10,187.34141379626783,,,,False
18,7,9,17.28,-24.173076923076923,3.200000000000001,QT450-10,187.28327157939265,,,,False
18,7,10,17.28,-24.173076923076923,4.800000000000001,QT450-10,187.19111309088296,,,,False
18,7,11,17.28,-24.173076923076923,6.400000000000002,QT450-10,187.07117916463636,,,,False
18,7,12,17.28,-24.173076923076923,8.0,QT450-10,186.93061923747564,,,,False
18,7,13,17.28,-24.173076923076923,9.600000000000001,QT450-10,186.77625524027837,,,,False
18,7,14,17.28,-24.173076923076923,11.200000000000003,QT450-10,186.6134128355729,,,,False
18,8,0,17.28,-22.596153846153847,-11.2,QT450-10,190.98512817991417,,,,False
18,8,1,17.28,-22.596153846153847,-9.6,QT450-10,191.1602630544826,,,,False
18,8,2,17.28,-22.596153846153847,-8.0,QT450-10,191.33196601867925,,,,False
18,8,3,17.28,-22.596153846153847,-6.3999999999999995,QT450-10,191.49269367865,,,,False
18,8,4,17.28,-22.596153846153847,-4.8,QT450-10,191.63277338102057,,,,False
18,8,5,17.28,-22.596153846153847,-3.1999999999999993,QT450-10,191.74205681659978,,,,False
18,8,6,17.28,-22.596153846153847,-1.5999999999999996,QT450-10,191.8116760468335,,,,False
18,8,7,17.28,-22.596153846153847,0.0,QT450-10,191.83559524136498,,,,False
18,8,8,17.28,-22.596153846153847,1.6000000000000014,QT450-10,191.8116760468335,,,,False
18,8,9,17.28,-22.596153846153847,3.200000000000001,QT450-10,191.74205681659978,,,,False
18,8,10,17.28,-22.596153846153847,4.800000000000001,QT450-10,191.63277338102057,,,,False
18,8,11,17.28,-22.596153846153847,6.400000000000002,QT450-10,191.49269367865,,,,False
18,8,12,17.28,-22.596153846153847,8.0,QT450-10,191.33196601867925,,,,False
18,8,13,17.28,-22.596153846153847,9.600000000000001,QT450-10,191.1602630544826,,,,False
18,8,14,17.28,-22.596153846153847,11.200000000000003,QT450-10,190.98512817991417,,,,False
18,9,0,17.28,-21.01923076923077,-11.2,QT450-10,195.9440307972107,,,,False
18,9,1,17.28,-21.01923076923077,-9.6,QT450-10,196.13501273909174,,,,False
18,9,2,17.28,-21.01923076923077,-8.0,QT450-10,196.32976570047416,,,,False
18,9,3,17.28,-21.01923076923077,-6.3999999999999995,QT450-10,196.5176756416348,,,,False
18,9,4,17.28,-21.01923076923077,-4.8,QT450-10,196.68511266644305,,,,False
18,9,5,17.28,-21.01923076923077,-3.1999999999999993,QT450-10,196.8177549483347,,,,False
18,9,6,17.28,-21.01923076923077,-1.5999999999999996,QT450-10,196.90306967953964,,,,False
18,9,7,17.28,-21.01923076923077,0.0,QT450-10,196.932517031562,,,,False
18,9,8,17.28,-21.01923076923077,1.6000000000000014,QT450-10,196.90306967953964,,,,False
18,9,9,17.28,-21.01923076923077,3.200000000000001,QT450-10,196.8177549483347,,,,False
18,9,10,17.28,-21.01923076923077,4.800000000000001,QT450-10,196.68511266644305,,,,False
18,9,11,17.28,-21.01923076923077,6.400000000000002,QT450-10,196.5176756416348,,,,False
18,9,12,17.28,-21.01923076923077,8.0,QT450-10,196.32976570047416,,,,False
18,9,13,17.28,-21.01923076923077,9.600000000000001,QT450-10,196.13501273909174,,,,False
18,9,14,17.28,-21.01923076923077,11.200000000000003,QT450-10,195.9440307972107,,,,False
18,10,0,17.28,-19.442307692307693,-11.2,QT450-10,201.49327977007698,,,,False
18,10,1,17.28,-19.442307692307693,-9.6,QT450-10,201.70470271331138,,,,False
18,10,2,17.28,-19.442307692307693,-8.0,QT450-10,201.93002988620094,,,,False
18,10,3,17.28,-19.442307692307693,-6.3999999999999995,QT450-10,202.15443538178772,,,,False
18,10,4,17.28,-19.442307692307693,-4.8,QT450-10,202.35884847824917,,,,False
18,10,5,17.28,-19.442307692307693,-3.1999999999999993,QT450-10,202.5231902442153,,,,False
18,10,6,17.28,-19.442307692307693,-1.5999999999999996,QT450-10,202.62985612302336,,,,False
18,10,7,17.28,-19.442307692307693,0.0,QT450-10,202.66683222353458,,,,False
18,10,8,17.28,-19.442307692307693,1.6000000000000014,QT450-10,202.62985612302336,,,,False
18,10,9,17.28,-19.442307692307693,3.200000000000001,QT450-10,202.5231902442153,,,,False
18,10,10,17.28,-19.442307692307693,4.800000000000001,QT450-10,202.35884847824917,,,,False
18,10,11,17.28,-19.442307692307693,6.400000000000002,QT450-10,202.15443538178772,,,,False
18,10,12,17.28,-19.442307692307693,8.0,QT450-10,201.93002988620094,,,,False
18,10,13,17.28,-19.442307692307693,9.600000000000001,QT450-10,201.70470271331138,,,,False
18,10,14,17.28,-19.442307692307693,11.200000000000003,QT450-10,201.49327977007698,,,,False
18,11,0,17.28,-17.865384615384617,-11.2,QT450-10,207.62728216415266,,,,False
18,11,1,17.28,-17.865384615384617,-9.6,QT450-10,207.86499457054336,,,,False
18,11,2,17.28,-17.865384615384617,-8.0,QT450-10,208.13063435762155,,,,False
18,11,3,17.28,-17.865384615384617,-6.3999999999999995,QT450-10,208.4036817241392,,,,False
18,11,4,17.28,-17.865384615384617,-4.8,QT450-10,208.65767673444998,,,,False
18,11,5,17.28,-17.865384615384617,-3.1999999999999993,QT450-10,208.86468666240484,,,,False
18,11,6,17.28,-17.865384615384617,-1.5999999999999996,QT450-10,209.00015880868656,,,,False
18,11,7,17.28,-17.865384615384617,0.0,QT450-10,209.0473039587064,,,,False
18,11,8,17.28,-17.865384615384617,1.6000000000000014,QT450-10,209.00015880868656,,,,False
18,11,9,17.28,-17.865384615384617,3.200000000000001,QT450-10,208.86468666240484,,,,False
18,11,10,17.28,-17.865384615384617,4.800000000000001,QT450-10,208.65767673444998,,,,False
18,11,11,17.28,-17.865384615384617,6.400000000000002,QT450-10,208.4036817241392,,,,False
18,11,12,17.28,-17.865384615384617,8.0,QT450-10,208.13063435762155,,,,False
18,11,13,17.28,-17.865384615384617,9.600000000000001,QT450-10,207.86499457054336,,,,False
18,11,14,17.28,-17.865384615384617,11.200000000000003,QT450-10,207.62728216415266,,,,False
18,12,0,17.28,-16.28846153846154,-11.2,QT450-10,214.3259322479748,,,,False
18,12,1,17.28,-16.28846153846154,-9.6,QT450-10,214.59713333954247,,,,False
18,12,2,17.28,-16.28846153846154,-8.0,QT450-10,214.91534908518665,,,,False
18,12,3,17.28,-16.28846153846154,-6.3999999999999995,QT450-10,215.2524783442495,,,,False
18,12,4,17.28,-16.28846153846154,-4.8,QT450-10,215.57217531742464,,,,False
18,12,5,17.28,-16.28846153846154,-3.1999999999999993,QT450-10,215.83594095397768,,,,False
18,12,6,17.28,-16.28846153846154,-1.5999999999999996,QT450-10,216.00982313981396,,,,False
18,12,7,17.28,-16.28846153846154,0.0,QT450-10,216.07054394017248,,,,False
18,12,8,17.28,-16.28846153846154,1.6000000000000014,QT450-10,216.00982313981396,,,,False
18,12,9,17.28,-16.28846153846154,3.200000000000001,QT450-10,215.83594095397768,,,,False
18,12,10,17.28,-16.28846153846154,4.800000000000001,QT450-10,215.57217531742464,,,,False
18,12,11,17.28,-16.28846153846154,6.400000000000002,QT450-10,215.2524783442495,,,,False
18,12,12,17.28,-16.28846153846154,8.0,QT450-10,214.91534908518665,,,,False
18,12,13,17.28,-16.28846153846154,9.600000000000001,QT450-10,214.59713333954247,,,,False
18,12,14,17.28,-16.28846153846154,11.200000000000003,QT450-10,214.3259322479748,,,,False
18,13,0,17.28,-14.711538461538463,-11.2,QT450-10,221.5474175482056,,,,False
18,13,1,17.28,-14.711538461538463,-9.6,QT450-10,221.86089165115493,,,,False
18,13,2,17.28,-14.711538461538463,-8.0,QT450-10,222.24687769317038,,,,False
18,13,3,17.28,-14.711538461538463,-6.3999999999999995,QT450-10,222.66736232999523,,,,False
18,13,4,17.28,-14.711538461538463,-4.8,QT450-10,223.07299642052672,,,,False
18,13,5,17.28,-14.711538461538463,-3.1999999999999993,QT450-10,223.41128269942456,,,,False
18,13,6,17.28,-14.711538461538463,-1.5999999999999996,QT450-10,223.63572693075014,,,,False
18,13,7,17.28,-14.711538461538463,0.0,QT450-10,223.7143418260314,,,,False
18,13,8,17.28,-14.711538461538463,1.6000000000000014,QT450-10,223.63572693075014,,,,False
18,13,9,17.28,-14.711538461538463,3.200000000000001,QT450-10,223.41128269942456,,,,False
18,13,10,17.28,-14.711538461538463,4.800000000000001,QT450-10,223.07299642052672,,,,False
18,13,11,17.28,-14.711538461538463,6.400000000000002,QT450-10,222.66736232999523,,,,False
18,13,12,17.28,-14.711538461538463,8.0,QT450-10,222.24687769317038,,,,False
18,13,13,17.28,-14.711538461538463,9.600000000000001,QT450-10,221.86089165115493,,,,False
18,13,14,17.28,-14.711538461538463,11.200000000000003,QT450-10,221.5474175482056,,,,False
18,14,0,17.28,-13.134615384615387,-11.2,QT450-10,229.22432505082062,,,,False
18,14,1,17.28,-13.134615384615387,-9.6,QT450-10,229.59049275684592,,,,False
18,14,2,17.28,-13.134615384615387,-8.0,QT450-10,230.06251993619222,,,,False
18,14,3,17.28,-13.134615384615387,-6.3999999999999995,QT450-10,230.58970837233653,,,,False
18,14,4,17.28,-13.134615384615387,-4.8,QT450-10,231.10594648980506,,,,False
18,14,5,17.28,-13.134615384615387,-3.1999999999999993,QT450-10,231.5405288215719,,,,False
18,14,6,17.28,-13.134615384615387,-1.5999999999999996,QT450-10,231.8304944824824,,,,False
18,14,7,17.28,-13.134615384615387,0.0,QT450-10,231.93233225557304,,,,False
18,14,8,17.28,-13.134615384615387,1.6000000000000014,QT450-10,231.8304944824824,,,,False
18,14,9,17.28,-13.134615384615387,3.200000000000001,QT450-10,231.5405288215719,,,,False
18,14,10,17.28,-13.134615384615387,4.800000000000001,QT450-10,231.10594648980506,,,,False
18,14,11,17.28,-13.134615384615387,6.400000000000002,QT450-10,230.58970837233653,,,,False
18,14,12,17.28,-13.134615384615387,8.0,QT450-10,230.06251993619222,,,,False
18,14,13,17.28,-13.134615384615387,9.600000000000001,QT450-10,229.59049275684592,,,,False
18,14,14,17.28,-13.134615384615387,11.200000000000003,QT450-10,229.22432505082062,,,,False
18,15,0,17.28,-11.55769230769231,-11.2,QT450-10,237.25843136674123,,,,False
18,15,1,17.28,-11.55769230769231,-9.6,QT450-10,237.68919259429288,,,,False
18,15,2,17.28,-11.55769230769231,-8.0,QT450-10,238.26838474384863,,,,False
18,15,3,17.28,-11.55769230769231,-6.3999999999999995,QT450-10,238.929475965243,,,,False
18,15,4,17.28,-11.55769230769231,-4.8,QT450-10,239.58525963192574,,,,False
18,15,5,17.28,-11.55769230769231,-3.1999999999999993,QT450-10,240.1418621283492,,,,False
18,15,6,17.28,-11.55769230769231,-1.5999999999999996,QT450-10,240.5151200429389,,,,False
18,15,7,17.28,-11.55769230769231,0.0,QT450-10,240.6465311586446,,,,False
18,15,8,17.28,-11.55769230769231,1.6000000000000014,QT450-10,240.5151200429389,,,,False
18,15,9,17.28,-11.55769230769231,3.200000000000001,QT450-10,240.1418621283492,,,,False
18,15,10,17.28,-11.55769230769231,4.800000000000001,QT450-10,239.58525963192574,,,,False
18,15,11,17.28,-11.55769230769231,6.400000000000002,QT450-10,238.929475965243,,,,False
18,15,12,17.28,-11.55769230769231,8.0,QT450-10,238.26838474384863,,,,False
18,15,13,17.28,-11.55769230769231,9.600000000000001,QT450-10,237.68919259429288,,,,False
18,15,14,17.28,-11.55769230769231,11.200000000000003,QT450-10,237.25843136674123,,,,False
18,16,0,17.28,-9.98076923076923,-11.2,QT450-10,245.5164359803331,,,,False
18,16,1,17.28,-9.98076923076923,-9.6,QT450-10,246.02470903336632,,,,False
18,16,2,17.28,-9.98076923076923,-8.0,QT450-10,246.73424760289387,,,,False
18,16,3,17.28,-9.98076923076923,-6.3999999999999995,QT450-10,247.55931052305957,,,,False
18,16,4,17.28,-9.98076923076923,-4.8,QT450-10,248.38689827123008,,,,False
18,16,5,17.28,-9.98076923076923,-3.1999999999999993,QT450-10,249.09444117653342,,,,False
18,16,6,17.28,-9.98076923076923,-1.5999999999999996,QT450-10,249.57111915556845,,,,False
18,16,7,17.28,-9.98076923076923,0.0,QT450-10,249.7393281430415,,,,False
18,16,8,17.28,-9.98076923076923,1.6000000000000014,QT450-10,249.57111915556845,,,,False
18,16,9,17.28,-9.98076923076923,3.200000000000001,QT450-10,249.09444117653342,,,,False
18,16,10,17.28,-9.98076923076923,4.800000000000001,QT450-10,248.38689827123008,,,,False
18,16,11,17.28,-9.98076923076923,6.400000000000002,QT450-10,247.55931052305957,,,,False
18,16,12,17.28,-9.98076923076923,8.0,QT450-10,246.73424760289387,,,,False
18,16,13,17.28,-9.98076923076923,9.600000000000001,QT450-10,246.02470903336632,,,,False
18,16,14,17.28,-9.98076923076923,11.200000000000003,QT450-10,245.5164359803331,,,,False
18,17,0,17.28,-8.403846153846153,-11.2,QT450-10,253.8277287075053,,,,False
18,17,1,17.28,-8.403846153846153,-9.6,QT450-10,254.4266395895824,,,,False
18,17,2,17.28,-8.403846153846153,-8.0,QT450-10,255.29022578074714,,,,False
18,17,3,17.28,-8.403846153846153,-6.3999999999999995,QT450-10,256.3101645648987,,,,False
18,17,4,17.28,-8.403846153846153,-4.8,QT450-10,257.34300481504795,,,,False
18,17,5,17.28,-8.403846153846153,-3.1999999999999993,QT450-10,259.1782867638214,,,,False
18,17,6,17.28,-8.403846153846153,-1.5999999999999996,QT450-10,262.2288824968881,,,,False
18,17,7,17.28,-8.403846153846153,0.0,QT450-10,263.5799565131205,,,,False
18,17,8,17.28,-8.403846153846153,1.6000000000000014,QT450-10,262.2288824968881,,,,False
18,17,9,17.28,-8.403846153846153,3.200000000000001,QT450-10,259.1782867638214,,,,False
18,17,10,17.28,-8.403846153846153,4.800000000000001,QT450-10,257.34300481504795,,,,False
18,17,11,17.28,-8.403846153846153,6.400000000000002,QT450-10,256.3101645648987,,,,False
18,17,12,17.28,-8.403846153846153,8.0,QT450-10,255.2902257807471,,,,False
18,17,13,17.28,-8.403846153846153,9.600000000000001,QT450-10,254.42663958958238,,,,False
18,17,14,17.28,-8.403846153846153,11.200000000000003,QT450-10,253.82772870750526,,,,False
18,18,0,17.28,-6.826923076923077,-11.2,QT450-10,261.98545809112846,,,,False
18,18,1,17.28,-6.826923076923077,-9.6,QT450-10,262.68732645275804,,,,False
18,18,2,17.28,-6.826923076923077,-8.0,QT450-10,263.7268917488952,,,,False
18,18,3,17.28,-6.826923076923077,-6.3999999999999995,QT450-10,265.2267097443821,,,,False
18,18,4,17.28,-6.826923076923077,-4.8,QT450-10,270.96391728908253,,,,False
18,18,5,17.28,-6.826923076923077,-3.1999999999999993,QT450-10,279.17426747345246,,,,False
18,18,6,17.28,-6.826923076923077,-1.5999999999999996,QT450-10,286.51399730731845,,,,False
18,18,7,17.28,-6.826923076923077,0.0,QT450-10,289.73954259116823,,,,False
18,18,8,17.28,-6.826923076923077,1.6000000000000014,QT450-10,286.5139973073184,,,,False
18,18,9,17.28,-6.826923076923077,3.200000000000001,QT450-10,279.17426747345246,,,,False
18,18,10,17.28,-6.826923076923077,4.800000000000001,QT450-10,270.96391728908253,,,,False
18,18,11,17.28,-6.826923076923077,6.400000000000002,QT450-10,265.2267097443821,,,,False
18,18,12,17.28,-6.826923076923077,8.0,QT450-10,263.7268917488951,,,,False
18,18,13,17.28,-6.826923076923077,9.600000000000001,QT450-10,262.68732645275804,,,,False
18,18,14,17.28,-6.826923076923077,11.200000000000003,QT450-10,261.98545809112846,,,,False
18,19,0,17.28,-5.25,-11.2,QT450-10,269.7519602108487,,,,False
18,19,1,17.28,-5.25,-9.6,QT450-10,270.5677817565425,,,,False
18,19,2,17.28,-5.25,-8.0,QT450-10,272.7953647856799,,,,False
18,19,3,17.28,-5.25,-6.3999999999999995,QT450-10,279.23156047313984,,,,False
18,19,4,17.28,-5.25,-4.8,QT450-10,291.20181825764706,,,,False
18,19,5,17.28,-5.25,-3.1999999999999993,QT450-10,307.9270003165837,,,,False
18,19,6,17.28,-5.25,-1.5999999999999996,QT450-10,325.7006660037308,,,,False
18,19,7,17.28,-5.25,0.0,QT450-10,333.92297791282726,,,,False
18,19,8,17.28,-5.25,1.6000000000000014,QT450-10,325.70066600373076,,,,False
18,19,9,17.28,-5.25,3.200000000000001,QT450-10,307.92700031658364,,,,False
18,19,10,17.28,-5.25,4.800000000000001,QT450-10,291.20181825764706,,,,False
18,19,11,17.28,-5.25,6.400000000000002,QT450-10,279.2315604731398,,,,False
18,19,12,17.28,-5.25,8.0,QT450-10,272.7953647856799,,,,False
18,19,13,17.28,-5.25,9.600000000000001,QT450-10,270.56778175654244,,,,False
18,19,14,17.28,-5.25,11.200000000000003,QT450-10,269.7519602108487,,,,False
18,20,0,17.28,-3.673076923076927,-11.2,QT450-10,277.11797009587053,,,,False
18,20,1,17.28,-3.673076923076927,-9.6,QT450-10,279.13562252626156,,,,False
18,20,2,17.28,-3.673076923076927,-8.0,QT450-10,284.12388225966174,,,,False
18,20,3,17.28,-3.673076923076927,-6.3999999999999995,QT450-10,295.2126690659519,,,,False
18,20,4,17.28,-3.673076923076927,-4.8,QT450-10,315.9692684125698,,,,False
18,20,5,17.28,-3.673076923076927,-3.1999999999999993,QT450-10,349.0829018210816,,,,False
18,20,6,17.28,-3.673076923076927,-1.5999999999999996,QT450-10,386.1301089490524,,,,False
18,20,7,17.28,-3.673076923076927,0.0,QT450-10,407.672501812085,,,,False
18,20,8,17.28,-3.673076923076927,1.6000000000000014,QT450-10,386.1301089490523,,,,False
18,20,9,17.28,-3.673076923076927,3.200000000000001,QT450-10,349.0829018210815,,,,False
18,20,10,17.28,-3.673076923076927,4.800000000000001,QT450-10,315.96926841256976,,,,False
18,20,11,17.28,-3.673076923076927,6.400000000000002,QT450-10,295.21266906595184,,,,False
18,20,12,17.28,-3.673076923076927,8.0,QT450-10,284.1238822596617,,,,False
18,20,13,17.28,-3.673076923076927,9.600000000000001,QT450-10,279.13562252626156,,,,False
18,20,14,17.28,-3.673076923076927,11.200000000000003,QT450-10,277.1179700958705,,,,False
18,21,0,17.28,-2.0961538461538467,-11.2,ERNiFe-CI,287.08260241805414,,,,False
18,21,1,17.28,-2.0961538461538467,-9.6,ERNiFe-CI,290.12912917135344,,,,False
18,21,2,17.28,-2.0961538461538467,-8.0,ERNiFe-CI,297.674012078268,,,,False
18,21,3,17.28,-2.0961538461538467,-6.3999999999999995,ERNiFe-CI,314.9371806900552,,,,False
18,21,4,17.28,-2.0961538461538467,-4.8,ERNiFe-CI,350.81325461311036,,,,False
18,21,5,17.28,-2.0961538461538467,-3.1999999999999993,ERNiFe-CI,411.5860919586189,,,,False
18,21,6,17.28,-2.0961538461538467,-1.5999999999999996,ERNiFe-CI,518.2291288601294,,,,False
18,21,7,17.28,-2.0961538461538467,0.0,ERNiFe-CI,610.1040523239866,,,,False
18,21,8,17.28,-2.0961538461538467,1.6000000000000014,ERNiFe-CI,518.2291288601292,,,,False
18,21,9,17.28,-2.0961538461538467,3.200000000000001,ERNiFe-CI,411.5860919586188,,,,False
18,21,10,17.28,-2.0961538461538467,4.800000000000001,ERNiFe-CI,350.81325461311025,,,,False
18,21,11,17.28,-2.0961538461538467,6.400000000000002,ERNiFe-CI,314.93718069005513,,,,False
18,21,12,17.28,-2.0961538461538467,8.0,ERNiFe-CI,297.67401207826794,,,,False
18,21,13,17.28,-2.0961538461538467,9.600000000000001,ERNiFe-CI,290.1291291713534,,,,False
18,21,14,17.28,-2.0961538461538467,11.200000000000003,ERNiFe-CI,287.0826024180541,,,,False
18,22,0,17.28,-0.5192307692307736,-11.2,ERNiFe-CI,298.01923929741343,,,,False
18,22,1,17.28,-0.5192307692307736,-9.6,ERNiFe-CI,302.0782497348626,,,,False
18,22,2,17.28,-0.5192307692307736,-8.0,ERNiFe-CI,312.0794410802683,,,,False
18,22,3,17.28,-0.5192307692307736,-6.3999999999999995,ERNiFe-CI,334.79382429253286,,,,False
18,22,4,17.28,-0.5192307692307736,-4.8,ERNiFe-CI,384.5902014618914,,,,False
18,22,5,17.28,-0.5192307692307736,-3.1999999999999993,ERNiFe-CI,482.50243150269887,,,,False
18,22,6,17.28,-0.5192307692307736,-1.5999999999999996,ERNiFe-CI,712.5317741105073,,,,False
18,22,7,17.28,-0.5192307692307736,0.0,ERNiFe-CI,956.1652370195246,26.91604151329524,29.733418978798504,2.817377465503263,True
18,22,8,17.28,-0.5192307692307736,1.6000000000000014,ERNiFe-CI,712.531774110507,,,,False
18,22,9,17.28,-0.5192307692307736,3.200000000000001,ERNiFe-CI,482.5024315026987,,,,False
18,22,10,17.28,-0.5192307692307736,4.800000000000001,ERNiFe-CI,384.5902014618913,,,,False
18,22,11,17.28,-0.5192307692307736,6.400000000000002,ERNiFe-CI,334.79382429253275,,,,False
18,22,12,17.28,-0.5192307692307736,8.0,ERNiFe-CI,312.0794410802682,,,,False
18,22,13,17.28,-0.5192307692307736,9.600000000000001,ERNiFe-CI,302.07824973486254,,,,False
18,22,14,17.28,-0.5192307692307736,11.200000000000003,ERNiFe-CI,298.0192392974134,,,,False
18,23,0,17.28,1.0576923076923066,-11.2,ERNiFe-CI,307.1033273388875,,,,False
18,23,1,17.28,1.0576923076923066,-9.6,ERNiFe-CI,311.7921531009351,,,,False
18,23,2,17.28,1.0576923076923066,-8.0,ERNiFe-CI,323.02001838548875,,,,False
18,23,3,17.28,1.0576923076923066,-6.3999999999999995,ERNiFe-CI,346.9103248619552,,,,False
18,23,4,17.28,1.0576923076923066,-4.8,ERNiFe-CI,395.9666735516295,,,,False
18,23,5,17.28,1.0576923076923066,-3.1999999999999993,ERNiFe-CI,483.73993857393225,,,,False
18,23,6,17.28,1.0576923076923066,-1.5999999999999996,ERNiFe-CI,678.1982255815876,,,,False
18,23,7,17.28,1.0576923076923066,0.0,ERNiFe-CI,871.2201568686362,26.04705479118883,29.81685302214566,3.7697982309568303,True
18,23,8,17.28,1.0576923076923066,1.6000000000000014,ERNiFe-CI,678.1982255815874,,,,False
18,23,9,17.28,1.0576923076923066,3.200000000000001,ERNiFe-CI,483.7399385739321,,,,False
18,23,10,17.28,1.0576923076923066,4.800000000000001,ERNiFe-CI,395.9666735516294,,,,False
18,23,11,17.28,1.0576923076923066,6.400000000000002,ERNiFe-CI,346.91032486195513,,,,False
18,23,12,17.28,1.0576923076923066,8.0,ERNiFe-CI,323.0200183854887,,,,False
18,23,13,17.28,1.0576923076923066,9.600000000000001,ERNiFe-CI,311.792153100935,,,,False
18,23,14,17.28,1.0576923076923066,11.200000000000003,ERNiFe-CI,307.1033273388874,,,,False
18,24,0,17.28,2.634615384615387,-11.2,ERNiFe-CI,313.860561326631,,,,False
18,24,1,17.28,2.634615384615387,-9.6,ERNiFe-CI,318.7979578300689,,,,False
18,24,2,17.28,2.634615384615387,-8.0,ERNiFe-CI,330.1258172164837,,,,False
18,24,3,17.28,2.634615384615387,-6.3999999999999995,ERNiFe-CI,352.1216502154772,,,,False
18,24,4,17.28,2.634615384615387,-4.8,ERNiFe-CI,390.46314127210735,,,,False
18,24,5,17.28,2.634615384615387,-3.1999999999999993,ERNiFe-CI,449.2284696542206,,,,False
18,24,6,17.28,2.634615384615387,-1.5999999999999996,ERNiFe-CI,524.7962706220741,,,,False
18,24,7,17.28,2.634615384615387,0.0,ERNiFe-CI,588.3741268521729,,,,False
18,24,8,17.28,2.634615384615387,1.6000000000000014,ERNiFe-CI,524.796270622074,,,,False
18,24,9,17.28,2.634615384615387,3.200000000000001,ERNiFe-CI,449.2284696542205,,,,False
18,24,10,17.28,2.634615384615387,4.800000000000001,ERNiFe-CI,390.46314127210724,,,,False
18,24,11,17.28,2.634615384615387,6.400000000000002,ERNiFe-CI,352.12165021547713,,,,False
18,24,12,17.28,2.634615384615387,8.0,ERNiFe-CI,330.12581721648365,,,,False
18,24,13,17.28,2.634615384615387,9.600000000000001,ERNiFe-CI,318.79795783006887,,,,False
18,24,14,17.28,2.634615384615387,11.200000000000003,ERNiFe-CI,313.86056132663094,,,,False
18,25,0,17.28,4.21153846153846,-11.2,Q235B,317.1827015750346,,,,False
18,25,1,17.28,4.21153846153846,-9.6,Q235B,322.09479196815136,,,,False
18,25,2,17.28,4.21153846153846,-8.0,Q235B,333.1673000728224,,,,False
18,25,3,17.28,4.21153846153846,-6.3999999999999995,Q235B,353.48420966678987,,,,False
18,25,4,17.28,4.21153846153846,-4.8,Q235B,384.80814730705015,,,,False
18,25,5,17.28,4.21153846153846,-3.1999999999999993,Q235B,427.368640386548,,,,False
18,25,6,17.28,4.21153846153846,-1.5999999999999996,Q235B,470.2127512476663,,,,False
18,25,7,17.28,4.21153846153846,0.0,Q235B,491.43960869623993,,,,False
18,25,8,17.28,4.21153846153846,1.6000000000000014,Q235B,470.2127512476662,,,,False
18,25,9,17.28,4.21153846153846,3.200000000000001,Q235B,427.36864038654795,,,,False
18,25,10,17.28,4.21153846153846,4.800000000000001,Q235B,384.8081473070501,,,,False
18,25,11,17.28,4.21153846153846,6.400000000000002,Q235B,353.48420966678975,,,,False
18,25,12,17.28,4.21153846153846,8.0,Q235B,333.16730007282234,,,,False
18,25,13,17.28,4.21153846153846,9.600000000000001,Q235B,322.0947919681513,,,,False
18,25,14,17.28,4.21153846153846,11.200000000000003,Q235B,317.18270157503457,,,,False
19,0,0,20.159999999999997,-35.21153846153846,-11.2,QT450-10,169.97296112440415,,,,False
19,0,1,20.159999999999997,-35.21153846153846,-9.6,QT450-10,170.10235162021704,,,,False
19,0,2,20.159999999999997,-35.21153846153846,-8.0,QT450-10,170.21431637236049,,,,False
19,0,3,20.159999999999997,-35.21153846153846,-6.3999999999999995,QT450-10,170.3080637072956,,,,False
19,0,4,20.159999999999997,-35.21153846153846,-4.8,QT450-10,170.38257100136704,,,,False
19,0,5,20.159999999999997,-35.21153846153846,-3.1999999999999993,QT450-10,170.4367646545659,,,,False
19,0,6,20.159999999999997,-35.21153846153846,-1.5999999999999996,QT450-10,170.4697078405082,,,,False
19,0,7,20.159999999999997,-35.21153846153846,0.0,QT450-10,170.48076399646644,,,,False
19,0,8,20.159999999999997,-35.21153846153846,1.6000000000000014,QT450-10,170.4697078405082,,,,False
19,0,9,20.159999999999997,-35.21153846153846,3.200000000000001,QT450-10,170.4367646545659,,,,False
19,0,10,20.159999999999997,-35.21153846153846,4.800000000000001,QT450-10,170.38257100136704,,,,False
19,0,11,20.159999999999997,-35.21153846153846,6.400000000000002,QT450-10,170.3080637072956,,,,False
19,0,12,20.159999999999997,-35.21153846153846,8.0,QT450-10,170.21431637236049,,,,False
19,0,13,20.159999999999997,-35.21153846153846,9.600000000000001,QT450-10,170.10235162021704,,,,False
19,0,14,20.159999999999997,-35.21153846153846,11.200000000000003,QT450-10,169.97296112440415,,,,False
19,1,0,20.159999999999997,-33.63461538461539,-11.2,QT450-10,170.61490761578187,,,,False
19,1,1,20.159999999999997,-33.63461538461539,-9.6,QT450-10,170.74541763651928,,,,False
19,1,2,20.159999999999997,-33.63461538461539,-8.0,QT450-10,170.8587340262856,,,,False
19,1,3,20.159999999999997,-33.63461538461539,-6.3999999999999995,QT450-10,170.9539334903521,,,,False
19,1,4,20.159999999999997,-33.63461538461539,-4.8,QT450-10,171.02982717831853,,,,False
19,1,5,20.159999999999997,-33.63461538461539,-3.1999999999999993,QT450-10,171.08516808454948,,,,False
19,1,6,20.159999999999997,-33.63461538461539,-1.5999999999999996,QT450-10,171.11886839174335,,,,False
19,1,7,20.159999999999997,-33.63461538461539,0.0,QT450-10,171.1301890135647,,,,False
19,1,8,20.159999999999997,-33.63461538461539,1.6000000000000014,QT450-10,171.11886839174335,,,,False
19,1,9,20.159999999999997,-33.63461538461539,3.200000000000001,QT450-10,171.08516808454948,,,,False
19,1,10,20.159999999999997,-33.63461538461539,4.800000000000001,QT450-10,171.02982717831853,,,,False
19,1,11,20.159999999999997,-33.63461538461539,6.400000000000002,QT450-10,170.9539334903521,,,,False
19,1,12,20.159999999999997,-33.63461538461539,8.0,QT450-10,170.8587340262856,,,,False
19,1,13,20.159999999999997,-33.63461538461539,9.600000000000001,QT450-10,170.74541763651928,,,,False
19,1,14,20.159999999999997,-33.63461538461539,11.200000000000003,QT450-10,170.61490761578187,,,,False
19,2,0,20.159999999999997,-32.05769230769231,-11.2,QT450-10,171.76085824543372,,,,False
19,2,1,20.159999999999997,-32.05769230769231,-9.6,QT450-10,171.893521798043,,,,False
19,2,2,20.159999999999997,-32.05769230769231,-8.0,QT450-10,172.0095206026747,,,,False
19,2,3,20.159999999999997,-32.05769230769231,-6.3999999999999995,QT450-10,172.1076541182295,,,,False
19,2,4,20.159999999999997,-32.05769230769231,-4.8,QT450-10,172.18637916008365,,,,False
19,2,5,20.159999999999997,-32.05769230769231,-3.1999999999999993,QT450-10,172.24407818283183,,,,False
19,2,6,20.159999999999997,-32.05769230769231,-1.5999999999999996,QT450-10,172.2793404762828,,,,False
19,2,7,20.159999999999997,-32.05769230769231,0.0,QT450-10,172.29120763200493,,,,False
19,2,8,20.159999999999997,-32.05769230769231,1.6000000000000014,QT450-10,172.2793404762828,,,,False
19,2,9,20.159999999999997,-32.05769230769231,3.200000000000001,QT450-10,172.24407818283183,,,,False
19,2,10,20.159999999999997,-32.05769230769231,4.800000000000001,QT450-10,172.18637916008365,,,,False
19,2,11,20.159999999999997,-32.05769230769231,6.400000000000002,QT450-10,172.1076541182295,,,,False
19,2,12,20.159999999999997,-32.05769230769231,8.0,QT450-10,172.0095206026747,,,,False
19,2,13,20.159999999999997,-32.05769230769231,9.600000000000001,QT450-10,171.893521798043,,,,False
19,2,14,20.159999999999997,-32.05769230769231,11.200000000000003,QT450-10,171.76085824543372,,,,False
19,3,0,20.159999999999997,-30.48076923076923,-11.2,QT450-10,173.42262459214237,,,,False
19,3,1,20.159999999999997,-30.48076923076923,-9.6,QT450-10,173.5586212807698,,,,False
19,3,2,20.159999999999997,-30.48076923076923,-8.0,QT450-10,173.67888219727732,,,,False
19,3,3,20.159999999999997,-30.48076923076923,-6.3999999999999995,QT450-10,173.78174258436883,,,,False
19,3,4,20.159999999999997,-30.48076923076923,-4.8,QT450-10,173.8650655627861,,,,False
19,3,5,20.159999999999997,-30.48076923076923,-3.1999999999999993,QT450-10,173.9266122244241,,,,False
19,3,6,20.159999999999997,-30.48076923076923,-1.5999999999999996,QT450-10,173.9644300630461,,,,False
19,3,7,20.159999999999997,-30.48076923076923,0.0,QT450-10,173.9771925061367,,,,False
19,3,8,20.159999999999997,-30.48076923076923,1.6000000000000014,QT450-10,173.9644300630461,,,,False
19,3,9,20.159999999999997,-30.48076923076923,3.200000000000001,QT450-10,173.9266122244241,,,,False
19,3,10,20.159999999999997,-30.48076923076923,4.800000000000001,QT450-10,173.8650655627861,,,,False
19,3,11,20.159999999999997,-30.48076923076923,6.400000000000002,QT450-10,173.78174258436883,,,,False
19,3,12,20.159999999999997,-30.48076923076923,8.0,QT450-10,173.67888219727732,,,,False
19,3,13,20.159999999999997,-30.48076923076923,9.600000000000001,QT450-10,173.5586212807698,,,,False
19,3,14,20.159999999999997,-30.48076923076923,11.200000000000003,QT450-10,173.42262459214237,,,,False
19,4,0,20.159999999999997,-28.903846153846153,-11.2,QT450-10,175.6171093057345,,,,False
19,4,1,20.159999999999997,-28.903846153846153,-9.6,QT450-10,175.75785757854217,,,,False
19,4,2,20.159999999999997,-28.903846153846153,-8.0,QT450-10,175.88436773227806,,,,False
19,4,3,20.159999999999997,-28.903846153846153,-6.3999999999999995,QT450-10,175.99425822339077,,,,False
19,4,4,20.159999999999997,-28.903846153846153,-4.8,QT450-10,176.08447478173255,,,,False
19,4,5,20.159999999999997,-28.903846153846153,-3.1999999999999993,QT450-10,176.15181755190892,,,,False
19,4,6,20.159999999999997,-28.903846153846153,-1.5999999999999996,QT450-10,176.19349550166947,,,,False
19,4,7,20.159999999999997,-28.903846153846153,0.0,QT450-10,176.2076119365404,,,,False
19,4,8,20.159999999999997,-28.903846153846153,1.6000000000000014,QT450-10,176.19349550166947,,,,False
19,4,9,20.159999999999997,-28.903846153846153,3.200000000000001,QT450-10,176.15181755190892,,,,False
19,4,10,20.159999999999997,-28.903846153846153,4.800000000000001,QT450-10,176.08447478173255,,,,False
19,4,11,20.159999999999997,-28.903846153846153,6.400000000000002,QT450-10,175.99425822339077,,,,False
19,4,12,20.159999999999997,-28.903846153846153,8.0,QT450-10,175.88436773227806,,,,False
19,4,13,20.159999999999997,-28.903846153846153,9.600000000000001,QT450-10,175.75785757854217,,,,False
19,4,14,20.159999999999997,-28.903846153846153,11.200000000000003,QT450-10,175.6171093057345,,,,False
19,5,0,20.159999999999997,-27.326923076923077,-11.2,QT450-10,178.3656754170585,,,,False
19,5,1,20.159999999999997,-27.326923076923077,-9.6,QT450-10,178.5129494665278,,,,False
19,5,2,20.159999999999997,-27.326923076923077,-8.0,QT450-10,178.6483072721053,,,,False
19,5,3,20.159999999999997,-27.326923076923077,-6.3999999999999995,QT450-10,178.76829938083287,,,,False
19,5,4,20.159999999999997,-27.326923076923077,-4.8,QT450-10,178.86850313238932,,,,False
19,5,5,20.159999999999997,-27.326923076923077,-3.1999999999999993,QT450-10,178.9442836664382,,,,False
19,5,6,20.159999999999997,-27.326923076923077,-1.5999999999999996,QT450-10,178.99159646143528,,,,False
19,5,7,20.159999999999997,-27.326923076923077,0.0,QT450-10,179.00769188809002,,,,False
19,5,8,20.159999999999997,-27.326923076923077,1.6000000000000014,QT450-10,178.99159646143528,,,,False
19,5,9,20.159999999999997,-27.326923076923077,3.200000000000001,QT450-10,178.9442836664382,,,,False
19,5,10,20.159999999999997,-27.326923076923077,4.800000000000001,QT450-10,178.86850313238932,,,,False
19,5,11,20.159999999999997,-27.326923076923077,6.400000000000002,QT450-10,178.76829938083287,,,,False
19,5,12,20.159999999999997,-27.326923076923077,8.0,QT450-10,178.6483072721053,,,,False
19,5,13,20.159999999999997,-27.326923076923077,9.600000000000001,QT450-10,178.5129494665278,,,,False
19,5,14,20.159999999999997,-27.326923076923077,11.200000000000003,QT450-10,178.3656754170585,,,,False
19,6,0,20.159999999999997,-25.75,-11.2,QT450-10,181.6931906077808,,,,False
19,6,1,20.159999999999997,-25.75,-9.6,QT450-10,181.84927208221922,,,,False
19,6,2,20.159999999999997,-25.75,-8.0,QT450-10,181.9969558333865,,,,False
19,6,3,20.159999999999997,-25.75,-6.3999999999999995,QT450-10,182.13123108853873,,,,False
19,6,4,20.159999999999997,-25.75,-4.8,QT450-10,182.24567131450047,,,,False
19,6,5,20.159999999999997,-25.75,-3.1999999999999993,QT450-10,182.3335368997309,,,,False
19,6,6,20.159999999999997,-25.75,-1.5999999999999996,QT450-10,182.38894215617077,,,,False
19,6,7,20.159999999999997,-25.75,0.0,QT450-10,182.40788324914237,,,,False
19,6,8,20.159999999999997,-25.75,1.6000000000000014,QT450-10,182.38894215617077,,,,False
19,6,9,20.159999999999997,-25.75,3.200000000000001,QT450-10,182.3335368997309,,,,False
19,6,10,20.159999999999997,-25.75,4.800000000000001,QT450-10,182.24567131450047,,,,False
19,6,11,20.159999999999997,-25.75,6.400000000000002,QT450-10,182.13123108853873,,,,False
19,6,12,20.159999999999997,-25.75,8.0,QT450-10,181.9969558333865,,,,False
19,6,13,20.159999999999997,-25.75,9.600000000000001,QT450-10,181.84927208221922,,,,False
19,6,14,20.159999999999997,-25.75,11.200000000000003,QT450-10,181.6931906077808,,,,False
19,7,0,20.159999999999997,-24.173076923076923,-11.2,QT450-10,185.62664766871197,,,,False
19,7,1,20.159999999999997,-24.173076923076923,-9.6,QT450-10,185.79452434080937,,,,False
19,7,2,20.159999999999997,-24.173076923076923,-8.0,QT450-10,185.95924824147215,,,,False
19,7,3,20.159999999999997,-24.173076923076923,-6.3999999999999995,QT450-10,186.1135538488273,,,,False
19,7,4,20.159999999999997,-24.173076923076923,-4.8,QT450-10,186.2481145038029,,,,False
19,7,5,20.159999999999997,-24.173076923076923,-3.1999999999999993,QT450-10,186.3531378951519,,,,False
19,7,6,20.159999999999997,-24.173076923076923,-1.5999999999999996,QT450-10,186.42006263752842,,,,False
19,7,7,20.159999999999997,-24.173076923076923,0.0,QT450-10,186.44305941298612,,,,False
19,7,8,20.159999999999997,-24.173076923076923,1.6000000000000014,QT450-10,186.42006263752842,,,,False
19,7,9,20.159999999999997,-24.173076923076923,3.200000000000001,QT450-10,186.3531378951519,,,,False
19,7,10,20.159999999999997,-24.173076923076923,4.800000000000001,QT450-10,186.2481145038029,,,,False
19,7,11,20.159999999999997,-24.173076923076923,6.400000000000002,QT450-10,186.1135538488273,,,,False
19,7,12,20.159999999999997,-24.173076923076923,8.0,QT450-10,185.95924824147215,,,,False
19,7,13,20.159999999999997,-24.173076923076923,9.600000000000001,QT450-10,185.79452434080937,,,,False
19,7,14,20.159999999999997,-24.173076923076923,11.200000000000003,QT450-10,185.62664766871197,,,,False
19,8,0,20.159999999999997,-22.596153846153847,-11.2,QT450-10,190.193234012418,,,,False
19,8,1,20.159999999999997,-22.596153846153847,-9.6,QT450-10,190.37685833924255,,,,False
19,8,2,20.159999999999997,-22.596153846153847,-8.0,QT450-10,190.56504122081503,,,,False
19,8,3,20.159999999999997,-22.596153846153847,-6.3999999999999995,QT450-10,190.74729373146593,,,,False
19,8,4,20.159999999999997,-22.596153846153847,-4.8,QT450-10,190.91013127597185,,,,False
19,8,5,20.159999999999997,-22.596153846153847,-3.1999999999999993,QT450-10,191.0393721319258,,,,False
19,8,6,20.159999999999997,-22.596153846153847,-1.5999999999999996,QT450-10,191.12259717317434,,,,False
19,8,7,20.159999999999997,-22.596153846153847,0.0,QT450-10,191.1513396090981,,,,False
19,8,8,20.159999999999997,-22.596153846153847,1.6000000000000014,QT450-10,191.12259717317434,,,,False
19,8,9,20.159999999999997,-22.596153846153847,3.200000000000001,QT450-10,191.0393721319258,,,,False
19,8,10,20.159999999999997,-22.596153846153847,4.800000000000001,QT450-10,190.91013127597185,,,,False
19,8,11,20.159999999999997,-22.596153846153847,6.400000000000002,QT450-10,190.74729373146593,,,,False
19,8,12,20.159999999999997,-22.596153846153847,8.0,QT450-10,190.56504122081503,,,,False
19,8,13,20.159999999999997,-22.596153846153847,9.600000000000001,QT450-10,190.37685833924255,,,,False
19,8,14,20.159999999999997,-22.596153846153847,11.200000000000003,QT450-10,190.193234012418,,,,False
19,9,0,20.159999999999997,-21.01923076923077,-11.2,QT450-10,195.41769809153533,,,,False
19,9,1,20.159999999999997,-21.01923076923077,-9.6,QT450-10,195.62231757010065,,,,False
19,9,2,20.159999999999997,-21.01923076923077,-8.0,QT450-10,195.84268951272566,,,,False
19,9,3,20.159999999999997,-21.01923076923077,-6.3999999999999995,QT450-10,196.06376163643202,,,,False
19,9,4,20.159999999999997,-21.01923076923077,-4.8,QT450-10,196.2661415692883,,,,False
19,9,5,20.159999999999997,-21.01923076923077,-3.1999999999999993,QT450-10,196.42938687806185,,,,False
19,9,6,20.159999999999997,-21.01923076923077,-1.5999999999999996,QT450-10,196.53555589571525,,,,False
19,9,7,20.159999999999997,-21.01923076923077,0.0,QT450-10,196.5723952905381,,,,False
19,9,8,20.159999999999997,-21.01923076923077,1.6000000000000014,QT450-10,196.53555589571525,,,,False
19,9,9,20.159999999999997,-21.01923076923077,3.200000000000001,QT450-10,196.42938687806185,,,,False
19,9,10,20.159999999999997,-21.01923076923077,4.800000000000001,QT450-10,196.2661415692883,,,,False
19,9,11,20.159999999999997,-21.01923076923077,6.400000000000002,QT450-10,196.06376163643202,,,,False
19,9,12,20.159999999999997,-21.01923076923077,8.0,QT450-10,195.84268951272566,,,,False
19,9,13,20.159999999999997,-21.01923076923077,9.600000000000001,QT450-10,195.62231757010065,,,,False
19,9,14,20.159999999999997,-21.01923076923077,11.200000000000003,QT450-10,195.41769809153533,,,,False
19,10,0,20.159999999999997,-19.442307692307693,-11.2,QT450-10,201.3193572366821,,,,False
19,10,1,20.159999999999997,-19.442307692307693,-9.6,QT450-10,201.55201501468702,,,,False
19,10,2,20.159999999999997,-19.442307692307693,-8.0,QT450-10,201.81648868031974,,,,False
19,10,3,20.159999999999997,-19.442307692307693,-6.3999999999999995,QT450-10,202.0913221852995,,,,False
19,10,4,20.159999999999997,-19.442307692307693,-4.8,QT450-10,202.34879888098843,,,,False
19,10,5,20.159999999999997,-19.442307692307693,-3.1999999999999993,QT450-10,202.55960905774418,,,,False
19,10,6,20.159999999999997,-19.442307692307693,-1.5999999999999996,QT450-10,202.69794981053565,,,,False
19,10,7,20.159999999999997,-19.442307692307693,0.0,QT450-10,202.74615618755558,,,,False
19,10,8,20.159999999999997,-19.442307692307693,1.6000000000000014,QT450-10,202.69794981053565,,,,False
19,10,9,20.159999999999997,-19.442307692307693,3.200000000000001,QT450-10,202.55960905774418,,,,False
19,10,10,20.159999999999997,-19.442307692307693,4.800000000000001,QT450-10,202.34879888098843,,,,False
19,10,11,20.159999999999997,-19.442307692307693,6.400000000000002,QT450-10,202.0913221852995,,,,False
19,10,12,20.159999999999997,-19.442307692307693,8.0,QT450-10,201.81648868031974,,,,False
19,10,13,20.159999999999997,-19.442307692307693,9.600000000000001,QT450-10,201.55201501468702,,,,False
19,10,14,20.159999999999997,-19.442307692307693,11.200000000000003,QT450-10,201.3193572366821,,,,False
19,11,0,20.159999999999997,-17.865384615384617,-11.2,QT450-10,207.90988572798733,,,,False
19,11,1,20.159999999999997,-17.865384615384617,-9.6,QT450-10,208.17992432322995,,,,False
19,11,2,20.159999999999997,-17.865384615384617,-8.0,QT450-10,208.50451950179195,,,,False
19,11,3,20.159999999999997,-17.865384615384617,-6.3999999999999995,QT450-10,208.85334953056235,,,,False
19,11,4,20.159999999999997,-17.865384615384617,-4.8,QT450-10,209.18709679147094,,,,False
19,11,5,20.159999999999997,-17.865384615384617,-3.1999999999999993,QT450-10,209.46400700436118,,,,False
19,11,6,20.159999999999997,-17.865384615384617,-1.5999999999999996,QT450-10,209.64716996740395,,,,False
19,11,7,20.159999999999997,-17.865384615384617,0.0,QT450-10,209.71123332827864,,,,False
19,11,8,20.159999999999997,-17.865384615384617,1.6000000000000014,QT450-10,209.64716996740395,,,,False
19,11,9,20.159999999999997,-17.865384615384617,3.200000000000001,QT450-10,209.46400700436118,,,,False
19,11,10,20.159999999999997,-17.865384615384617,4.800000000000001,QT450-10,209.18709679147094,,,,False
19,11,11,20.159999999999997,-17.865384615384617,6.400000000000002,QT450-10,208.85334953056235,,,,False
19,11,12,20.159999999999997,-17.865384615384617,8.0,QT450-10,208.50451950179195,,,,False
19,11,13,20.159999999999997,-17.865384615384617,9.600000000000001,QT450-10,208.17992432322995,,,,False
19,11,14,20.159999999999997,-17.865384615384617,11.200000000000003,QT450-10,207.90988572798733,,,,False
19,12,0,20.159999999999997,-16.28846153846154,-11.2,QT450-10,215.18639166512764,,,,False
19,12,1,20.159999999999997,-16.28846153846154,-9.6,QT450-10,215.5058580219473,,,,False
19,12,2,20.159999999999997,-16.28846153846154,-8.0,QT450-10,215.91161092047278,,,,False
19,12,3,20.159999999999997,-16.28846153846154,-6.3999999999999995,QT450-10,216.3612409422662,,,,False
19,12,4,20.159999999999997,-16.28846153846154,-4.8,QT450-10,216.79948956181175,,,,False
19,12,5,20.159999999999997,-16.28846153846154,-3.1999999999999993,QT450-10,217.16734513900008,,,,False
19,12,6,20.159999999999997,-16.28846153846154,-1.5999999999999996,QT450-10,217.41235490582875,,,,False
19,12,7,20.159999999999997,-16.28846153846154,0.0,QT450-10,217.4983306868943,,,,False
19,12,8,20.159999999999997,-16.28846153846154,1.6000000000000014,QT450-10,217.41235490582875,,,,False
19,12,9,20.159999999999997,-16.28846153846154,3.200000000000001,QT450-10,217.16734513900008,,,,False
19,12,10,20.159999999999997,-16.28846153846154,4.800000000000001,QT450-10,216.79948956181175,,,,False
19,12,11,20.159999999999997,-16.28846153846154,6.400000000000002,QT450-10,216.3612409422662,,,,False
19,12,12,20.159999999999997,-16.28846153846154,8.0,QT450-10,215.91161092047278,,,,False
19,12,13,20.159999999999997,-16.28846153846154,9.600000000000001,QT450-10,215.5058580219473,,,,False
19,12,14,20.159999999999997,-16.28846153846154,11.200000000000003,QT450-10,215.18639166512764,,,,False
19,13,0,20.159999999999997,-14.711538461538463,-11.2,QT450-10,223.1215420539747,,,,False
19,13,1,20.159999999999997,-14.711538461538463,-9.6,QT450-10,223.50578854718435,,,,False
19,13,2,20.159999999999997,-14.711538461538463,-8.0,QT450-10,224.01986086724608,,,,False
19,13,3,20.159999999999997,-14.711538461538463,-6.3999999999999995,QT450-10,224.60517982384425,,,,False
19,13,4,20.159999999999997,-14.711538461538463,-4.8,QT450-10,225.1849425439085,,,,False
19,13,5,20.159999999999997,-14.711538461538463,-3.1999999999999993,QT450-10,225.6765289289223,,,,False
19,13,6,20.159999999999997,-14.711538461538463,-1.5999999999999996,QT450-10,226.00596418134998,,,,False
19,13,7,20.159999999999997,-14.711538461538463,0.0,QT450-10,226.1219057633351,,,,False
19,13,8,20.159999999999997,-14.711538461538463,1.6000000000000014,QT450-10,226.00596418134998,,,,False
19,13,9,20.159999999999997,-14.711538461538463,3.200000000000001,QT450-10,225.6765289289223,,,,False
19,13,10,20.159999999999997,-14.711538461538463,4.800000000000001,QT450-10,225.1849425439085,,,,False
19,13,11,20.159999999999997,-14.711538461538463,6.400000000000002,QT450-10,224.60517982384425,,,,False
19,13,12,20.159999999999997,-14.711538461538463,8.0,QT450-10,224.01986086724608,,,,False
19,13,13,20.159999999999997,-14.711538461538463,9.600000000000001,QT450-10,223.50578854718435,,,,False
19,13,14,20.159999999999997,-14.711538461538463,11.200000000000003,QT450-10,223.1215420539747,,,,False
19,14,0,20.159999999999997,-13.134615384615387,-11.2,QT450-10,231.65712306525737,,,,False
19,14,1,20.159999999999997,-13.134615384615387,-9.6,QT450-10,232.12517804403188,,,,False
19,14,2,20.159999999999997,-13.134615384615387,-8.0,QT450-10,232.7816497379568,,,,False
19,14,3,20.159999999999997,-13.134615384615387,-6.3999999999999995,QT450-10,233.5468294707717,,,,False
19,14,4,20.159999999999997,-13.134615384615387,-4.8,QT450-10,234.3153866923453,,,,False
19,14,5,20.159999999999997,-13.134615384615387,-3.1999999999999993,QT450-10,234.97293885578566,,,,False
19,14,6,20.159999999999997,-13.134615384615387,-1.5999999999999996,QT450-10,235.41608368574603,,,,False
19,14,7,20.159999999999997,-13.134615384615387,0.0,QT450-10,235.57247625130958,,,,False
19,14,8,20.159999999999997,-13.134615384615387,1.6000000000000014,QT450-10,235.41608368574603,,,,False
19,14,9,20.159999999999997,-13.134615384615387,3.200000000000001,QT450-10,234.97293885578566,,,,False
19,14,10,20.159999999999997,-13.134615384615387,4.800000000000001,QT450-10,234.3153866923453,,,,False
19,14,11,20.159999999999997,-13.134615384615387,6.400000000000002,QT450-10,233.5468294707717,,,,False
19,14,12,20.159999999999997,-13.134615384615387,8.0,QT450-10,232.7816497379568,,,,False
19,14,13,20.159999999999997,-13.134615384615387,9.600000000000001,QT450-10,232.12517804403188,,,,False
19,14,14,20.159999999999997,-13.134615384615387,11.200000000000003,QT450-10,231.65712306525734,,,,False
19,15,0,20.159999999999997,-11.55769230769231,-11.2,QT450-10,240.69511683939945,,,,False
19,15,1,20.159999999999997,-11.55769230769231,-9.6,QT450-10,241.2696767550424,,,,False
19,15,2,20.159999999999997,-11.55769230769231,-8.0,QT450-10,242.1096918870478,,,,False
19,15,3,20.159999999999997,-11.55769230769231,-6.3999999999999995,QT450-10,243.10862499461186,,,,False
19,15,4,20.159999999999997,-11.55769230769231,-4.8,QT450-10,244.12432066727482,,,,False
19,15,5,20.159999999999997,-11.55769230769231,-3.1999999999999993,QT450-10,245.00054626507006,,,,False
19,15,6,20.159999999999997,-11.55769230769231,-1.5999999999999996,QT450-10,245.59428905565423,,,,False
19,15,7,20.159999999999997,-11.55769230769231,0.0,QT450-10,245.80441229233833,,,,False
19,15,8,20.159999999999997,-11.55769230769231,1.6000000000000014,QT450-10,245.59428905565423,,,,False
19,15,9,20.159999999999997,-11.55769230769231,3.200000000000001,QT450-10,245.00054626507006,,,,False
19,15,10,20.159999999999997,-11.55769230769231,4.800000000000001,QT450-10,244.12432066727482,,,,False
19,15,11,20.159999999999997,-11.55769230769231,6.400000000000002,QT450-10,243.10862499461186,,,,False
19,15,12,20.159999999999997,-11.55769230769231,8.0,QT450-10,242.10969188704777,,,,False
19,15,13,20.159999999999997,-11.55769230769231,9.600000000000001,QT450-10,241.26967675504238,,,,False
19,15,14,20.159999999999997,-11.55769230769231,11.200000000000003,QT450-10,240.69511683939942,,,,False
19,16,0,20.159999999999997,-9.98076923076923,-11.2,QT450-10,250.08908364859712,,,,False
19,16,1,20.159999999999997,-9.98076923076923,-9.6,QT450-10,250.79582156529003,,,,False
19,16,2,20.159999999999997,-9.98076923076923,-8.0,QT450-10,251.86649563479452,,,,False
19,16,3,20.159999999999997,-9.98076923076923,-6.3999999999999995,QT450-10,253.16167675487003,,,,False
19,16,4,20.159999999999997,-9.98076923076923,-4.8,QT450-10,254.49317142434307,,,,False
19,16,5,20.159999999999997,-9.98076923076923,-3.1999999999999993,QT450-10,255.6510563685784,,,,False
19,16,6,20.159999999999997,-9.98076923076923,-1.5999999999999996,QT450-10,256.4400652151013,,,,False
19,16,7,20.159999999999997,-9.98076923076923,0.0,QT450-10,256.72012764349245,,,,False
19,16,8,20.159999999999997,-9.98076923076923,1.6000000000000014,QT450-10,256.4400652151013,,,,False
19,16,9,20.159999999999997,-9.98076923076923,3.200000000000001,QT450-10,255.6510563685784,,,,False
19,16,10,20.159999999999997,-9.98076923076923,4.800000000000001,QT450-10,254.49317142434307,,,,False
19,16,11,20.159999999999997,-9.98076923076923,6.400000000000002,QT450-10,253.16167675487003,,,,False
19,16,12,20.159999999999997,-9.98076923076923,8.0,QT450-10,251.86649563479452,,,,False
19,16,13,20.159999999999997,-9.98076923076923,9.600000000000001,QT450-10,250.79582156529003,,,,False
19,16,14,20.159999999999997,-9.98076923076923,11.200000000000003,QT450-10,250.08908364859712,,,,False
19,17,0,20.159999999999997,-8.403846153846153,-11.2,QT450-10,259.6375831309267,,,,False
19,17,1,20.159999999999997,-8.403846153846153,-9.6,QT450-10,260.50345330951984,,,,False
19,17,2,20.159999999999997,-8.403846153846153,-8.0,QT450-10,261.8548305557781,,,,False
19,17,3,20.159999999999997,-8.403846153846153,-6.3999999999999995,QT450-10,263.5136224591448,,,,False
19,17,4,20.159999999999997,-8.403846153846153,-4.8,QT450-10,265.236372731863,,,,False
19,17,5,20.159999999999997,-8.403846153846153,-3.1999999999999993,QT450-10,266.74663690618945,,,,False
19,17,6,20.159999999999997,-8.403846153846153,-1.5999999999999996,QT450-10,267.7820452994119,,,,False
19,17,7,20.159999999999997,-8.403846153846153,0.0,QT450-10,268.15082998344167,,,,False
19,17,8,20.159999999999997,-8.403846153846153,1.6000000000000014,QT450-10,267.7820452994119,,,,False
19,17,9,20.159999999999997,-8.403846153846153,3.200000000000001,QT450-10,266.74663690618945,,,,False
19,17,10,20.159999999999997,-8.403846153846153,4.800000000000001,QT450-10,265.236372731863,,,,False
19,17,11,20.159999999999997,-8.403846153846153,6.400000000000002,QT450-10,263.5136224591448,,,,False
19,17,12,20.159999999999997,-8.403846153846153,8.0,QT450-10,261.8548305557781,,,,False
19,17,13,20.159999999999997,-8.403846153846153,9.600000000000001,QT450-10,260.50345330951984,,,,False
19,17,14,20.159999999999997,-8.403846153846153,11.200000000000003,QT450-10,259.6375831309267,,,,False
19,18,0,20.159999999999997,-6.826923076923077,-11.2,QT450-10,269.08210213499876,,,,False
19,18,1,20.159999999999997,-6.826923076923077,-9.6,QT450-10,270.13253188990143,,,,False
19,18,2,20.159999999999997,-6.826923076923077,-8.0,QT450-10,271.8120136424133,,,,False
19,18,3,20.159999999999997,-6.826923076923077,-6.3999999999999995,QT450-10,273.89920096252894,,,,False
19,18,4,20.159999999999997,-6.826923076923077,-4.8,QT450-10,276.08769007283104,,,,False
19,18,5,20.159999999999997,-6.826923076923077,-3.1999999999999993,QT450-10,281.0371999288592,,,,False
19,18,6,20.159999999999997,-6.826923076923077,-1.5999999999999996,QT450-10,288.22830674588045,,,,False
19,18,7,20.159999999999997,-6.826923076923077,0.0,QT450-10,291.30101746390073,,,,False
19,18,8,20.159999999999997,-6.826923076923077,1.6000000000000014,QT450-10,288.22830674588045,,,,False
19,18,9,20.159999999999997,-6.826923076923077,3.200000000000001,QT450-10,281.0371999288592,,,,False
19,18,10,20.159999999999997,-6.826923076923077,4.800000000000001,QT450-10,276.08769007283104,,,,False
19,18,11,20.159999999999997,-6.826923076923077,6.400000000000002,QT450-10,273.89920096252894,,,,False
19,18,12,20.159999999999997,-6.826923076923077,8.0,QT450-10,271.8120136424133,,,,False
19,18,13,20.159999999999997,-6.826923076923077,9.600000000000001,QT450-10,270.1325318899014,,,,False
19,18,14,20.159999999999997,-6.826923076923077,11.200000000000003,QT450-10,269.0821021349987,,,,False
19,19,0,20.159999999999997,-5.25,-11.2,QT450-10,278.11229482843845,,,,False
19,19,1,20.159999999999997,-5.25,-9.6,QT450-10,279.36793950692703,,,,False
19,19,2,20.159999999999997,-5.25,-8.0,QT450-10,281.4122555717403,,,,False
19,19,3,20.159999999999997,-5.25,-6.3999999999999995,QT450-10,283.97833574715867,,,,False
19,19,4,20.159999999999997,-5.25,-4.8,QT450-10,293.06132662382805,,,,False
19,19,5,20.159999999999997,-5.25,-3.1999999999999993,QT450-10,309.3762609335889,,,,False
19,19,6,20.159999999999997,-5.25,-1.5999999999999996,QT450-10,327.07909723366527,,,,False
19,19,7,20.159999999999997,-5.25,0.0,QT450-10,335.2820821099963,,,,False
19,19,8,20.159999999999997,-5.25,1.6000000000000014,QT450-10,327.0790972336652,,,,False
19,19,9,20.159999999999997,-5.25,3.200000000000001,QT450-10,309.37626093358887,,,,False
19,19,10,20.159999999999997,-5.25,4.800000000000001,QT450-10,293.061326623828,,,,False
19,19,11,20.159999999999997,-5.25,6.400000000000002,QT450-10,283.97833574715867,,,,False
19,19,12,20.159999999999997,-5.25,8.0,QT450-10,281.4122555717403,,,,False
19,19,13,20.159999999999997,-5.25,9.600000000000001,QT450-10,279.367939506927,,,,False
19,19,14,20.159999999999997,-5.25,11.200000000000003,QT450-10,278.11229482843845,,,,False
19,20,0,20.159999999999997,-3.673076923076927,-11.2,QT450-10,286.3803756815227,,,,False
19,20,1,20.159999999999997,-3.673076923076927,-9.6,QT450-10,287.8563485299612,,,,False
19,20,2,20.159999999999997,-3.673076923076927,-8.0,QT450-10,290.28235693147303,,,,False
19,20,3,20.159999999999997,-3.673076923076927,-6.3999999999999995,QT450-10,297.2296559406289,,,,False
19,20,4,20.159999999999997,-3.673076923076927,-4.8,QT450-10,317.46490704981545,,,,False
19,20,5,20.159999999999997,-3.673076923076927,-3.1999999999999993,QT450-10,350.46669640032553,,,,False
19,20,6,20.159999999999997,-3.673076923076927,-1.5999999999999996,QT450-10,387.43740543197947,,,,False
19,20,7,20.159999999999997,-3.673076923076927,0.0,QT450-10,408.92736066454313,,,,False
19,20,8,20.159999999999997,-3.673076923076927,1.6000000000000014,QT450-10,387.4374054319794,,,,False
19,20,9,20.159999999999997,-3.673076923076927,3.200000000000001,QT450-10,350.4666964003255,,,,False
19,20,10,20.159999999999997,-3.673076923076927,4.800000000000001,QT450-10,317.4649070498154,,,,False
19,20,11,20.159999999999997,-3.673076923076927,6.400000000000002,QT450-10,297.22965594062885,,,,False
19,20,12,20.159999999999997,-3.673076923076927,8.0,QT450-10,290.28235693147303,,,,False
19,20,13,20.159999999999997,-3.673076923076927,9.600000000000001,QT450-10,287.8563485299612,,,,False
19,20,14,20.159999999999997,-3.673076923076927,11.200000000000003,QT450-10,286.3803756815227,,,,False
19,21,0,20.159999999999997,-2.0961538461538467,-11.2,ERNiFe-CI,295.32038623889184,,,,False
19,21,1,20.159999999999997,-2.0961538461538467,-9.6,ERNiFe-CI,297.0953849649258,,,,False
19,21,2,20.159999999999997,-2.0961538461538467,-8.0,ERNiFe-CI,300.4299471529767,,,,False
19,21,3,20.159999999999997,-2.0961538461538467,-6.3999999999999995,ERNiFe-CI,316.77872056006964,,,,False
19,21,4,20.159999999999997,-2.0961538461538467,-4.8,ERNiFe-CI,352.2175589535941,,,,False
19,21,5,20.159999999999997,-2.0961538461538467,-3.1999999999999993,ERNiFe-CI,412.88024073570074,,,,False
19,21,6,20.159999999999997,-2.0961538461538467,-1.5999999999999996,ERNiFe-CI,519.3380506528681,,,,False
19,21,7,20.159999999999997,-2.0961538461538467,0.0,ERNiFe-CI,611.2256863677958,,,,False
19,21,8,20.159999999999997,-2.0961538461538467,1.6000000000000014,ERNiFe-CI,519.338050652868,,,,False
19,21,9,20.159999999999997,-2.0961538461538467,3.200000000000001,ERNiFe-CI,412.8802407357006,,,,False
19,21,10,20.159999999999997,-2.0961538461538467,4.800000000000001,ERNiFe-CI,352.217558953594,,,,False
19,21,11,20.159999999999997,-2.0961538461538467,6.400000000000002,ERNiFe-CI,316.7787205600696,,,,False
19,21,12,20.159999999999997,-2.0961538461538467,8.0,ERNiFe-CI,300.42994715297664,,,,False
19,21,13,20.159999999999997,-2.0961538461538467,9.600000000000001,ERNiFe-CI,297.0953849649258,,,,False
19,21,14,20.159999999999997,-2.0961538461538467,11.200000000000003,ERNiFe-CI,295.32038623889184,,,,False
19,22,0,20.159999999999997,-0.5192307692307736,-11.2,ERNiFe-CI,304.86002641113834,,,,False
19,22,1,20.159999999999997,-0.5192307692307736,-9.6,ERNiFe-CI,306.8861011983038,,,,False
19,22,2,20.159999999999997,-0.5192307692307736,-8.0,ERNiFe-CI,314.5268551727698,,,,False
19,22,3,20.159999999999997,-0.5192307692307736,-6.3999999999999995,ERNiFe-CI,336.51940568453585,,,,False
19,22,4,20.159999999999997,-0.5192307692307736,-4.8,ERNiFe-CI,385.97433388158606,,,,False
19,22,5,20.159999999999997,-0.5192307692307736,-3.1999999999999993,ERNiFe-CI,483.61676730111196,,,,False
19,22,6,20.159999999999997,-0.5192307692307736,-1.5999999999999996,ERNiFe-CI,713.6453391531352,,,,False
19,22,7,20.159999999999997,-0.5192307692307736,0.0,ERNiFe-CI,957.2690290680773,28.85307467925556,31.67929822058941,2.8262235413338495,True
19,22,8,20.159999999999997,-0.5192307692307736,1.6000000000000014,ERNiFe-CI,713.645339153135,,,,False
19,22,9,20.159999999999997,-0.5192307692307736,3.200000000000001,ERNiFe-CI,483.6167673011118,,,,False
19,22,10,20.159999999999997,-0.5192307692307736,4.800000000000001,ERNiFe-CI,385.97433388158595,,,,False
19,22,11,20.159999999999997,-0.5192307692307736,6.400000000000002,ERNiFe-CI,336.5194056845358,,,,False
19,22,12,20.159999999999997,-0.5192307692307736,8.0,ERNiFe-CI,314.52685517276973,,,,False
19,22,13,20.159999999999997,-0.5192307692307736,9.600000000000001,ERNiFe-CI,306.8861011983038,,,,False
19,22,14,20.159999999999997,-0.5192307692307736,11.200000000000003,ERNiFe-CI,304.8600264111383,,,,False
19,23,0,20.159999999999997,1.0576923076923066,-11.2,ERNiFe-CI,312.7383838481678,,,,False
19,23,1,20.159999999999997,1.0576923076923066,-9.6,ERNiFe-CI,315.29838775902493,,,,False
19,23,2,20.159999999999997,1.0576923076923066,-8.0,ERNiFe-CI,325.43000378024516,,,,False
19,23,3,20.159999999999997,1.0576923076923066,-6.3999999999999995,ERNiFe-CI,348.6985604027581,,,,False
19,23,4,20.159999999999997,1.0576923076923066,-4.8,ERNiFe-CI,397.3830795783218,,,,False
19,23,5,20.159999999999997,1.0576923076923066,-3.1999999999999993,ERNiFe-CI,485.0113401338953,,,,False
19,23,6,20.159999999999997,1.0576923076923066,-1.5999999999999996,ERNiFe-CI,679.3273479991433,,,,False
19,23,7,20.159999999999997,1.0576923076923066,0.0,ERNiFe-CI,872.3542464740692,27.992299819130615,31.768236590611853,3.7759367714812377,True
19,23,8,20.159999999999997,1.0576923076923066,1.6000000000000014,ERNiFe-CI,679.3273479991428,,,,False
19,23,9,20.159999999999997,1.0576923076923066,3.200000000000001,ERNiFe-CI,485.0113401338951,,,,False
19,23,10,20.159999999999997,1.0576923076923066,4.800000000000001,ERNiFe-CI,397.3830795783217,,,,False
19,23,11,20.159999999999997,1.0576923076923066,6.400000000000002,ERNiFe-CI,348.69856040275806,,,,False
19,23,12,20.159999999999997,1.0576923076923066,8.0,ERNiFe-CI,325.4300037802451,,,,False
19,23,13,20.159999999999997,1.0576923076923066,9.600000000000001,ERNiFe-CI,315.2983877590249,,,,False
19,23,14,20.159999999999997,1.0576923076923066,11.200000000000003,ERNiFe-CI,312.73838384816776,,,,False
19,24,0,20.159999999999997,2.634615384615387,-11.2,ERNiFe-CI,318.64845990810574,,,,False
19,24,1,20.159999999999997,2.634615384615387,-9.6,ERNiFe-CI,322.2628656701773,,,,False
19,24,2,20.159999999999997,2.634615384615387,-8.0,ERNiFe-CI,332.64001907650004,,,,False
19,24,3,20.159999999999997,2.634615384615387,-6.3999999999999995,ERNiFe-CI,354.06105826330645,,,,False
19,24,4,20.159999999999997,2.634615384615387,-4.8,ERNiFe-CI,391.97376053612453,,,,False
19,24,5,20.159999999999997,2.634615384615387,-3.1999999999999993,ERNiFe-CI,450.66219968477986,,,,False
19,24,6,20.159999999999997,2.634615384615387,-1.5999999999999996,ERNiFe-CI,526.0205269171123,,,,False
19,24,7,20.159999999999997,2.634615384615387,0.0,ERNiFe-CI,589.5422225631542,,,,False
19,24,8,20.159999999999997,2.634615384615387,1.6000000000000014,ERNiFe-CI,526.0205269171122,,,,False
19,24,9,20.159999999999997,2.634615384615387,3.200000000000001,ERNiFe-CI,450.66219968477975,,,,False
19,24,10,20.159999999999997,2.634615384615387,4.800000000000001,ERNiFe-CI,391.9737605361244,,,,False
19,24,11,20.159999999999997,2.634615384615387,6.400000000000002,ERNiFe-CI,354.0610582633064,,,,False
19,24,12,20.159999999999997,2.634615384615387,8.0,ERNiFe-CI,332.6400190765,,,,False
19,24,13,20.159999999999997,2.634615384615387,9.600000000000001,ERNiFe-CI,322.26286567017723,,,,False
19,24,14,20.159999999999997,2.634615384615387,11.200000000000003,ERNiFe-CI,318.64845990810574,,,,False
19,25,0,20.159999999999997,4.21153846153846,-11.2,Q235B,321.58899547401853,,,,False
19,25,1,20.159999999999997,4.21153846153846,-9.6,Q235B,325.5774622915666,,,,False
19,25,2,20.159999999999997,4.21153846153846,-8.0,Q235B,335.77404246509286,,,,False
19,25,3,20.159999999999997,4.21153846153846,-6.3999999999999995,Q235B,355.5329553061739,,,,False
19,25,4,20.159999999999997,4.21153846153846,-4.8,Q235B,386.44031394940504,,,,False
19,25,5,20.159999999999997,4.21153846153846,-3.1999999999999993,Q235B,428.8797876691762,,,,False
19,25,6,20.159999999999997,4.21153846153846,-1.5999999999999996,Q235B,471.6972060543706,,,,False
19,25,7,20.159999999999997,4.21153846153846,0.0,Q235B,492.89964867078345,,,,False
19,25,8,20.159999999999997,4.21153846153846,1.6000000000000014,Q235B,471.69720605437055,,,,False
19,25,9,20.159999999999997,4.21153846153846,3.200000000000001,Q235B,428.8797876691761,,,,False
19,25,10,20.159999999999997,4.21153846153846,4.800000000000001,Q235B,386.440313949405,,,,False
19,25,11,20.159999999999997,4.21153846153846,6.400000000000002,Q235B,355.53295530617385,,,,False
19,25,12,20.159999999999997,4.21153846153846,8.0,Q235B,335.7740424650928,,,,False
19,25,13,20.159999999999997,4.21153846153846,9.600000000000001,Q235B,325.5774622915665,,,,False
19,25,14,20.159999999999997,4.21153846153846,11.200000000000003,Q235B,321.58899547401853,,,,False
20,0,0,23.04,-35.21153846153846,-11.2,QT450-10,168.62682545491575,,,,False
20,0,1,23.04,-35.21153846153846,-9.6,QT450-10,168.75520076983778,,,,False
20,0,2,23.04,-35.21153846153846,-8.0,QT450-10,168.86677167825832,,,,False
20,0,3,23.04,-35.21153846153846,-6.3999999999999995,QT450-10,168.9605980508721,,,,False
20,0,4,23.04,-35.21153846153846,-4.8,QT450-10,169.03546564397934,,,,False
20,0,5,23.04,-35.21153846153846,-3.1999999999999993,QT450-10,169.0900995394067,,,,False
20,0,6,23.04,-35.21153846153846,-1.5999999999999996,QT450-10,169.12338707725192,,,,False
20,0,7,23.04,-35.21153846153846,0.0,QT450-10,169.1345721280385,,,,False
20,0,8,23.04,-35.21153846153846,1.6000000000000014,QT450-10,169.12338707725192,,,,False
20,0,9,23.04,-35.21153846153846,3.200000000000001,QT450-10,169.0900995394067,,,,False
20,0,10,23.04,-35.21153846153846,4.800000000000001,QT450-10,169.03546564397934,,,,False
20,0,11,23.04,-35.21153846153846,6.400000000000002,QT450-10,168.9605980508721,,,,False
20,0,12,23.04,-35.21153846153846,8.0,QT450-10,168.86677167825832,,,,False
20,0,13,23.04,-35.21153846153846,9.600000000000001,QT450-10,168.75520076983778,,,,False
20,0,14,23.04,-35.21153846153846,11.200000000000003,QT450-10,168.62682545491575,,,,False
20,1,0,23.04,-33.63461538461539,-11.2,QT450-10,169.270018508582,,,,False
20,1,1,23.04,-33.63461538461539,-9.6,QT450-10,169.39961923237138,,,,False
20,1,2,23.04,-33.63461538461539,-8.0,QT450-10,169.51273774124883,,,,False
20,1,3,23.04,-33.63461538461539,-6.3999999999999995,QT450-10,169.60826829863797,,,,False
20,1,4,23.04,-33.63461538461539,-4.8,QT450-10,169.6847866561825,,,,False
20,1,5,23.04,-33.63461538461539,-3.1999999999999993,QT450-10,169.7407984877197,,,,False
20,1,6,23.04,-33.63461538461539,-1.5999999999999996,QT450-10,169.77499992314182,,,,False
20,1,7,23.04,-33.63461538461539,0.0,QT450-10,169.78650493163985,,,,False
20,1,8,23.04,-33.63461538461539,1.6000000000000014,QT450-10,169.77499992314182,,,,False
20,1,9,23.04,-33.63461538461539,3.200000000000001,QT450-10,169.7407984877197,,,,False
20,1,10,23.04,-33.63461538461539,4.800000000000001,QT450-10,169.6847866561825,,,,False
20,1,11,23.04,-33.63461538461539,6.400000000000002,QT450-10,169.60826829863797,,,,False
20,1,12,23.04,-33.63461538461539,8.0,QT450-10,169.51273774124883,,,,False
20,1,13,23.04,-33.63461538461539,9.600000000000001,QT450-10,169.39961923237138,,,,False
20,1,14,23.04,-33.63461538461539,11.200000000000003,QT450-10,169.270018508582,,,,False
20,2,0,23.04,-32.05769230769231,-11.2,QT450-10,170.42183339343623,,,,False
20,2,1,23.04,-32.05769230769231,-9.6,QT450-10,170.55382654573094,,,,False
20,2,2,23.04,-32.05769230769231,-8.0,QT450-10,170.67006472514743,,,,False
20,2,3,23.04,-32.05769230769231,-6.3999999999999995,QT450-10,170.76908983016048,,,,False
20,2,4,23.04,-32.05769230769231,-4.8,QT450-10,170.8490265552452,,,,False
20,2,5,23.04,-32.05769230769231,-3.1999999999999993,QT450-10,170.90790835567265,,,,False
20,2,6,23.04,-32.05769230769231,-1.5999999999999996,QT450-10,170.9440195248004,,,,False
20,2,7,23.04,-32.05769230769231,0.0,QT450-10,170.95619413781998,,,,False
20,2,8,23.04,-32.05769230769231,1.6000000000000014,QT450-10,170.9440195248004,,,,False
20,2,9,23.04,-32.05769230769231,3.200000000000001,QT450-10,170.90790835567265,,,,False
20,2,10,23.04,-32.05769230769231,4.800000000000001,QT450-10,170.8490265552452,,,,False
20,2,11,23.04,-32.05769230769231,6.400000000000002,QT450-10,170.76908983016048,,,,False
20,2,12,23.04,-32.05769230769231,8.0,QT450-10,170.67006472514743,,,,False
20,2,13,23.04,-32.05769230769231,9.600000000000001,QT450-10,170.55382654573094,,,,False
20,2,14,23.04,-32.05769230769231,11.200000000000003,QT450-10,170.42183339343623,,,,False
20,3,0,23.04,-30.48076923076923,-11.2,QT450-10,172.09751480372913,,,,False
20,3,1,23.04,-30.48076923076923,-9.6,QT450-10,172.2332678288527,,,,False
20,3,2,23.04,-30.48076923076923,-8.0,QT450-10,172.3545432083978,,,,False
20,3,3,23.04,-30.48076923076923,-6.3999999999999995,QT450-10,172.45928650390573,,,,False
20,3,4,23.04,-30.48076923076923,-4.8,QT450-10,172.54485848611094,,,,False
20,3,5,23.04,-30.48076923076923,-3.1999999999999993,QT450-10,172.6084921254879,,,,False
20,3,6,23.04,-30.48076923076923,-1.5999999999999996,QT450-10,172.64777307728983,,,,False
20,3,7,23.04,-30.48076923076923,0.0,QT450-10,172.6610603558323,,,,False
20,3,8,23.04,-30.48076923076923,1.6000000000000014,QT450-10,172.64777307728983,,,,False
20,3,9,23.04,-30.48076923076923,3.200000000000001,QT450-10,172.6084921254879,,,,False
20,3,10,23.04,-30.48076923076923,4.800000000000001,QT450-10,172.54485848611094,,,,False
20,3,11,23.04,-30.48076923076923,6.400000000000002,QT450-10,172.45928650390573,,,,False
20,3,12,23.04,-30.48076923076923,8.0,QT450-10,172.3545432083978,,,,False
20,3,13,23.04,-30.48076923076923,9.600000000000001,QT450-10,172.2332678288527,,,,False
20,3,14,23.04,-30.48076923076923,11.200000000000003,QT450-10,172.09751480372913,,,,False
20,4,0,23.04,-28.903846153846153,-11.2,QT450-10,174.31929720421752,,,,False
20,4,1,23.04,-28.903846153846153,-9.6,QT450-10,174.46051114701785,,,,False
20,4,2,23.04,-28.903846153846153,-8.0,QT450-10,174.5893161821222,,,,False
20,4,3,23.04,-28.903846153846153,-6.3999999999999995,QT450-10,174.7027244195443,,,,False
20,4,4,23.04,-28.903846153846153,-4.8,QT450-10,174.79689976991608,,,,False
20,4,5,23.04,-28.903846153846153,-3.1999999999999993,QT450-10,174.86781974221282,,,,False
20,4,6,23.04,-28.903846153846153,-1.5999999999999996,QT450-10,174.91197319086925,,,,False
20,4,7,23.04,-28.903846153846153,0.0,QT450-10,174.92697276442595,,,,False
20,4,8,23.04,-28.903846153846153,1.6000000000000014,QT450-10,174.91197319086925,,,,False
20,4,9,23.04,-28.903846153846153,3.200000000000001,QT450-10,174.86781974221282,,,,False
20,4,10,23.04,-28.903846153846153,4.800000000000001,QT450-10,174.79689976991608,,,,False
20,4,11,23.04,-28.903846153846153,6.400000000000002,QT450-10,174.7027244195443,,,,False
20,4,12,23.04,-28.903846153846153,8.0,QT450-10,174.5893161821222,,,,False
20,4,13,23.04,-28.903846153846153,9.600000000000001,QT450-10,174.46051114701785,,,,False
20,4,14,23.04,-28.903846153846153,11.200000000000003,QT450-10,174.31929720421752,,,,False
20,5,0,23.04,-27.326923076923077,-11.2,QT450-10,177.11598076860412,,,,False
20,5,1,23.04,-27.326923076923077,-9.6,QT450-10,177.26486446489798,,,,False
20,5,2,23.04,-27.326923076923077,-8.0,QT450-10,177.40457282717625,,,,False
20,5,3,23.04,-27.326923076923077,-6.3999999999999995,QT450-10,177.53070458293783,,,,False
20,5,4,23.04,-27.326923076923077,-4.8,QT450-10,177.63760887147163,,,,False
20,5,5,23.04,-27.326923076923077,-3.1999999999999993,QT450-10,177.71935673706759,,,,False
20,5,6,23.04,-27.326923076923077,-1.5999999999999996,QT450-10,177.77076918012793,,,,False
20,5,7,23.04,-27.326923076923077,0.0,QT450-10,177.78832265715758,,,,False
20,5,8,23.04,-27.326923076923077,1.6000000000000014,QT450-10,177.77076918012793,,,,False
20,5,9,23.04,-27.326923076923077,3.200000000000001,QT450-10,177.71935673706759,,,,False
20,5,10,23.04,-27.326923076923077,4.800000000000001,QT450-10,177.63760887147163,,,,False
20,5,11,23.04,-27.326923076923077,6.400000000000002,QT450-10,177.53070458293783,,,,False
20,5,12,23.04,-27.326923076923077,8.0,QT450-10,177.40457282717625,,,,False
20,5,13,23.04,-27.326923076923077,9.600000000000001,QT450-10,177.26486446489798,,,,False
20,5,14,23.04,-27.326923076923077,11.200000000000003,QT450-10,177.11598076860412,,,,False
20,6,0,23.04,-25.75,-11.2,QT450-10,180.52222631715608,,,,False
20,6,1,23.04,-25.75,-9.6,QT450-10,180.6817323995752,,,,False
20,6,2,23.04,-25.75,-8.0,QT450-10,180.83701921213122,,,,False
20,6,3,23.04,-25.75,-6.3999999999999995,QT450-10,180.9815811531357,,,,False
20,6,4,23.04,-25.75,-4.8,QT450-10,181.10706006147427,,,,False
20,6,5,23.04,-25.75,-3.1999999999999993,QT450-10,181.20467690523526,,,,False
20,6,6,23.04,-25.75,-1.5999999999999996,QT450-10,181.2667543907355,,,,False
20,6,7,23.04,-25.75,0.0,QT450-10,181.2880644391602,,,,False
20,6,8,23.04,-25.75,1.6000000000000014,QT450-10,181.2667543907355,,,,False
20,6,9,23.04,-25.75,3.200000000000001,QT450-10,181.20467690523526,,,,False
20,6,10,23.04,-25.75,4.800000000000001,QT450-10,181.10706006147427,,,,False
20,6,11,23.04,-25.75,6.400000000000002,QT450-10,180.9815811531357,,,,False
20,6,12,23.04,-25.75,8.0,QT450-10,180.83701921213122,,,,False
20,6,13,23.04,-25.75,9.600000000000001,QT450-10,180.6817323995752,,,,False
20,6,14,23.04,-25.75,11.200000000000003,QT450-10,180.52222631715608,,,,False
20,7,0,23.04,-24.173076923076923,-11.2,QT450-10,184.5774397235033,,,,False
20,7,1,23.04,-24.173076923076923,-9.6,QT450-10,184.75158781945956,,,,False
20,7,2,23.04,-24.173076923076923,-8.0,QT450-10,184.92901116341554,,,,False
20,7,3,23.04,-24.173076923076923,-6.3999999999999995,QT450-10,185.10010446250752,,,,False
20,7,4,23.04,-24.173076923076923,-4.8,QT450-10,185.25251068640205,,,,False
20,7,5,23.04,-24.173076923076923,-3.1999999999999993,QT450-10,185.3732286221198,,,,False
20,7,6,23.04,-24.173076923076923,-1.5999999999999996,QT450-10,185.45086963265558,,,,False
20,7,7,23.04,-24.173076923076923,0.0,QT450-10,185.47766795605244,,,,False
20,7,8,23.04,-24.173076923076923,1.6000000000000014,QT450-10,185.45086963265558,,,,False
20,7,9,23.04,-24.173076923076923,3.200000000000001,QT450-10,185.3732286221198,,,,False
20,7,10,23.04,-24.173076923076923,4.800000000000001,QT450-10,185.25251068640205,,,,False
20,7,11,23.04,-24.173076923076923,6.400000000000002,QT450-10,185.10010446250752,,,,False
20,7,12,23.04,-24.173076923076923,8.0,QT450-10,184.92901116341554,,,,False
20,7,13,23.04,-24.173076923076923,9.600000000000001,QT450-10,184.75158781945956,,,,False
20,7,14,23.04,-24.173076923076923,11.200000000000003,QT450-10,184.5774397235033,,,,False
20,8,0,23.04,-22.596153846153847,-11.2,QT450-10,189.32406541093312,,,,False
20,8,1,23.04,-22.596153846153847,-9.6,QT450-10,189.5183833898073,,,,False
20,8,2,23.04,-22.596153846153847,-8.0,QT450-10,189.72718622979284,,,,False
20,8,3,23.04,-22.596153846153847,-6.3999999999999995,QT450-10,189.9363427994629,,,,False
20,8,4,23.04,-22.596153846153847,-4.8,QT450-10,190.12763504048462,,,,False
20,8,5,23.04,-22.596153846153847,-3.1999999999999993,QT450-10,190.28184803294477,,,,False
20,8,6,23.04,-22.596153846153847,-1.5999999999999996,QT450-10,190.3821100059702,,,,False
20,8,7,23.04,-22.596153846153847,0.0,QT450-10,190.41689460790306,,,,False
20,8,8,23.04,-22.596153846153847,1.6000000000000014,QT450-10,190.3821100059702,,,,False
20,8,9,23.04,-22.596153846153847,3.200000000000001,QT450-10,190.28184803294477,,,,False
20,8,10,23.04,-22.596153846153847,4.800000000000001,QT450-10,190.12763504048462,,,,False
20,8,11,23.04,-22.596153846153847,6.400000000000002,QT450-10,189.9363427994629,,,,False
20,8,12,23.04,-22.596153846153847,8.0,QT450-10,189.72718622979284,,,,False
20,8,13,23.04,-22.596153846153847,9.600000000000001,QT450-10,189.5183833898073,,,,False
20,8,14,23.04,-22.596153846153847,11.200000000000003,QT450-10,189.32406541093312,,,,False
20,9,0,23.04,-21.01923076923077,-11.2,QT450-10,194.80504924391738,,,,False
20,9,1,23.04,-21.01923076923077,-9.6,QT450-10,195.02716810716942,,,,False
20,9,2,23.04,-21.01923076923077,-8.0,QT450-10,195.28037159299674,,,,False
20,9,3,23.04,-21.01923076923077,-6.3999999999999995,QT450-10,195.54397790196285,,,,False
20,9,4,23.04,-21.01923076923077,-4.8,QT450-10,195.79124231488086,,,,False
20,9,5,23.04,-21.01923076923077,-3.1999999999999993,QT450-10,195.99385944980438,,,,False
20,9,6,23.04,-21.01923076923077,-1.5999999999999996,QT450-10,196.12689280923718,,,,False
20,9,7,23.04,-21.01923076923077,0.0,QT450-10,196.17326145039794,,,,False
20,9,8,23.04,-21.01923076923077,1.6000000000000014,QT450-10,196.12689280923718,,,,False
20,9,9,23.04,-21.01923076923077,3.200000000000001,QT450-10,195.99385944980438,,,,False
20,9,10,23.04,-21.01923076923077,4.800000000000001,QT450-10,195.79124231488086,,,,False
20,9,11,23.04,-21.01923076923077,6.400000000000002,QT450-10,195.54397790196285,,,,False
20,9,12,23.04,-21.01923076923077,8.0,QT450-10,195.28037159299674,,,,False
20,9,13,23.04,-21.01923076923077,9.600000000000001,QT450-10,195.02716810716942,,,,False
20,9,14,23.04,-21.01923076923077,11.200000000000003,QT450-10,194.80504924391738,,,,False
20,10,0,23.04,-19.442307692307693,-11.2,QT450-10,201.06060774416082,,,,False
20,10,1,23.04,-19.442307692307693,-9.6,QT450-10,201.32115511616624,,,,False
20,10,2,23.04,-19.442307692307693,-8.0,QT450-10,201.637157329075,,,,False
20,10,3,23.04,-19.442307692307693,-6.3999999999999995,QT450-10,201.97852745212495,,,,False
20,10,4,23.04,-19.442307692307693,-4.8,QT450-10,202.30620058929654,,,,False
20,10,5,23.04,-19.442307692307693,-3.1999999999999993,QT450-10,202.5786351173542,,,,False
20,10,6,23.04,-19.442307692307693,-1.5999999999999996,QT450-10,202.7590637030757,,,,False
20,10,7,23.04,-19.442307692307693,0.0,QT450-10,202.8222083194236,,,,False
20,10,8,23.04,-19.442307692307693,1.6000000000000014,QT450-10,202.7590637030757,,,,False
20,10,9,23.04,-19.442307692307693,3.200000000000001,QT450-10,202.5786351173542,,,,False
20,10,10,23.04,-19.442307692307693,4.800000000000001,QT450-10,202.30620058929654,,,,False
20,10,11,23.04,-19.442307692307693,6.400000000000002,QT450-10,201.97852745212495,,,,False
20,10,12,23.04,-19.442307692307693,8.0,QT450-10,201.637157329075,,,,False
20,10,13,23.04,-19.442307692307693,9.600000000000001,QT450-10,201.32115511616624,,,,False
20,10,14,23.04,-19.442307692307693,11.200000000000003,QT450-10,201.06060774416082,,,,False
20,11,0,23.04,-17.865384615384617,-11.2,QT450-10,208.12605147866537,,,,False
20,11,1,23.04,-17.865384615384617,-9.6,QT450-10,208.43970239884487,,,,False
20,11,2,23.04,-17.865384615384617,-8.0,QT450-10,208.8442102105674,,,,False
20,11,3,23.04,-17.865384615384617,-6.3999999999999995,QT450-10,209.29615266389698,,,,False
20,11,4,23.04,-17.865384615384617,-4.8,QT450-10,209.7388298716923,,,,False
20,11,5,23.04,-17.865384615384617,-3.1999999999999993,QT450-10,210.1115543426487,,,,False
20,11,6,23.04,-17.865384615384617,-1.5999999999999996,QT450-10,210.36027070407314,,,,False
20,11,7,23.04,-17.865384615384617,0.0,QT450-10,210.44762469282534,,,,False
20,11,8,23.04,-17.865384615384617,1.6000000000000014,QT450-10,210.36027070407314,,,,False
20,11,9,23.04,-17.865384615384617,3.200000000000001,QT450-10,210.1115543426487,,,,False
20,11,10,23.04,-17.865384615384617,4.800000000000001,QT450-10,209.7388298716923,,,,False
20,11,11,23.04,-17.865384615384617,6.400000000000002,QT450-10,209.29615266389698,,,,False
20,11,12,23.04,-17.865384615384617,8.0,QT450-10,208.8442102105674,,,,False
20,11,13,23.04,-17.865384615384617,9.600000000000001,QT450-10,208.43970239884484,,,,False
20,11,14,23.04,-17.865384615384617,11.200000000000003,QT450-10,208.12605147866537,,,,False
20,12,0,23.04,-16.28846153846154,-11.2,QT450-10,216.02396128038308,,,,False
20,12,1,23.04,-16.28846153846154,-9.6,QT450-10,216.4105088436426,,,,False
20,12,2,23.04,-16.28846153846154,-8.0,QT450-10,216.9387315018757,,,,False
20,12,3,23.04,-16.28846153846154,-6.3999999999999995,QT450-10,217.54658755591086,,,,False
20,12,4,23.04,-16.28846153846154,-4.8,QT450-10,218.15245757860262,,,,False
20,12,5,23.04,-16.28846153846154,-3.1999999999999993,QT450-10,218.66821605706957,,,,False
20,12,6,23.04,-16.28846153846154,-1.5999999999999996,QT450-10,219.01468532968067,,,,False
20,12,7,23.04,-16.28846153846154,0.0,QT450-10,219.13676348759452,,,,False
20,12,8,23.04,-16.28846153846154,1.6000000000000014,QT450-10,219.01468532968067,,,,False
20,12,9,23.04,-16.28846153846154,3.200000000000001,QT450-10,218.66821605706957,,,,False
20,12,10,23.04,-16.28846153846154,4.800000000000001,QT450-10,218.15245757860262,,,,False
20,12,11,23.04,-16.28846153846154,6.400000000000002,QT450-10,217.54658755591086,,,,False
20,12,12,23.04,-16.28846153846154,8.0,QT450-10,216.9387315018757,,,,False
20,12,13,23.04,-16.28846153846154,9.600000000000001,QT450-10,216.41050884364256,,,,False
20,12,14,23.04,-16.28846153846154,11.200000000000003,QT450-10,216.02396128038308,,,,False
20,13,0,23.04,-14.711538461538463,-11.2,QT450-10,224.75123376836274,,,,False
20,13,1,23.04,-14.711538461538463,-9.6,QT450-10,225.2370434902444,,,,False
20,13,2,23.04,-14.711538461538463,-8.0,QT450-10,225.9364593230044,,,,False
20,13,3,23.04,-14.711538461538463,-6.3999999999999995,QT450-10,226.76196038705817,,,,False
20,13,4,23.04,-14.711538461538463,-4.8,QT450-10,227.59726852150274,,,,False
20,13,5,23.04,-14.711538461538463,-3.1999999999999993,QT450-10,228.31536051840834,,,,False
20,13,6,23.04,-14.711538461538463,-1.5999999999999996,QT450-10,228.8007597909553,,,,False
20,13,7,23.04,-14.711538461538463,0.0,QT450-10,228.97231696257526,,,,False
20,13,8,23.04,-14.711538461538463,1.6000000000000014,QT450-10,228.8007597909553,,,,False
20,13,9,23.04,-14.711538461538463,3.200000000000001,QT450-10,228.31536051840834,,,,False
20,13,10,23.04,-14.711538461538463,4.800000000000001,QT450-10,227.59726852150274,,,,False
20,13,11,23.04,-14.711538461538463,6.400000000000002,QT450-10,226.76196038705817,,,,False
20,13,12,23.04,-14.711538461538463,8.0,QT450-10,225.9364593230044,,,,False
20,13,13,23.04,-14.711538461538463,9.600000000000001,QT450-10,225.23704349024436,,,,False
20,13,14,23.04,-14.711538461538463,11.200000000000003,QT450-10,224.7512337683627,,,,False
20,14,0,23.04,-13.134615384615387,-11.2,QT450-10,234.2693709616989,,,,False
20,14,1,23.04,-13.134615384615387,-9.6,QT450-10,234.88866767732796,,,,False
20,14,2,23.04,-13.134615384615387,-8.0,QT450-10,235.8216740407688,,,,False
20,14,3,23.04,-13.134615384615387,-6.3999999999999995,QT450-10,236.94690158359438,,,,False
20,14,4,23.04,-13.134615384615387,-4.8,QT450-10,238.10085129223523,,,,False
20,14,5,23.04,-13.134615384615387,-3.1999999999999993,QT450-10,239.10212295730636,,,,False
20,14,6,23.04,-13.134615384615387,-1.5999999999999996,QT450-10,239.78316510285237,,,,False
20,14,7,23.04,-13.134615384615387,0.0,QT450-10,240.02464229455973,,,,False
20,14,8,23.04,-13.134615384615387,1.6000000000000014,QT450-10,239.78316510285237,,,,False
20,14,9,23.04,-13.134615384615387,3.200000000000001,QT450-10,239.10212295730636,,,,False
20,14,10,23.04,-13.134615384615387,4.800000000000001,QT450-10,238.10085129223523,,,,False
20,14,11,23.04,-13.134615384615387,6.400000000000002,QT450-10,236.94690158359438,,,,False
20,14,12,23.04,-13.134615384615387,8.0,QT450-10,235.8216740407688,,,,False
20,14,13,23.04,-13.134615384615387,9.600000000000001,QT450-10,234.88866767732793,,,,False
20,14,14,23.04,-13.134615384615387,11.200000000000003,QT450-10,234.26937096169888,,,,False
20,15,0,23.04,-11.55769230769231,-11.2,QT450-10,244.49018118593548,,,,False
20,15,1,23.04,-11.55769230769231,-9.6,QT450-10,245.2858028264472,,,,False
20,15,2,23.04,-11.55769230769231,-8.0,QT450-10,246.53155254901037,,,,False
20,15,3,23.04,-11.55769230769231,-6.3999999999999995,QT450-10,248.06217272112212,,,,False
20,15,4,23.04,-11.55769230769231,-4.8,QT450-10,249.65155021652228,,,,False
20,15,5,23.04,-11.55769230769231,-3.1999999999999993,QT450-10,251.0436696570281,,,,False
20,15,6,23.04,-11.55769230769231,-1.5999999999999996,QT450-10,251.9969805325554,,,,False
20,15,7,23.04,-11.55769230769231,0.0,QT450-10,252.33623295465586,,,,False
20,15,8,23.04,-11.55769230769231,1.6000000000000014,QT450-10,251.9969805325554,,,,False
20,15,9,23.04,-11.55769230769231,3.200000000000001,QT450-10,251.0436696570281,,,,False
20,15,10,23.04,-11.55769230769231,4.800000000000001,QT450-10,249.65155021652228,,,,False
20,15,11,23.04,-11.55769230769231,6.400000000000002,QT450-10,248.06217272112212,,,,False
20,15,12,23.04,-11.55769230769231,8.0,QT450-10,246.53155254901037,,,,False
20,15,13,23.04,-11.55769230769231,9.600000000000001,QT450-10,245.28580282644717,,,,False
20,15,14,23.04,-11.55769230769231,11.200000000000003,QT450-10,244.49018118593546,,,,False
20,16,0,23.04,-9.98076923076923,-11.2,QT450-10,255.25999818512614,,,,False
20,16,1,23.04,-9.98076923076923,-9.6,QT450-10,256.282860578498,,,,False
20,16,2,23.04,-9.98076923076923,-8.0,QT450-10,257.93688105047744,,,,False
20,16,3,23.04,-9.98076923076923,-6.3999999999999995,QT450-10,260.0028670516177,,,,False
20,16,4,23.04,-9.98076923076923,-4.8,QT450-10,262.1746417041242,,,,False
20,16,5,23.04,-9.98076923076923,-3.1999999999999993,QT450-10,264.0963838197657,,,,False
20,16,6,23.04,-9.98076923076923,-1.5999999999999996,QT450-10,265.4228144941953,,,,False
20,16,7,23.04,-9.98076923076923,0.0,QT450-10,265.8969802991505,,,,False
20,16,8,23.04,-9.98076923076923,1.6000000000000014,QT450-10,265.4228144941953,,,,False
20,16,9,23.04,-9.98076923076923,3.200000000000001,QT450-10,264.0963838197657,,,,False
20,16,10,23.04,-9.98076923076923,4.800000000000001,QT450-10,262.1746417041242,,,,False
20,16,11,23.04,-9.98076923076923,6.400000000000002,QT450-10,260.0028670516177,,,,False
20,16,12,23.04,-9.98076923076923,8.0,QT450-10,257.93688105047744,,,,False
20,16,13,23.04,-9.98076923076923,9.600000000000001,QT450-10,256.28286057849795,,,,False
20,16,14,23.04,-9.98076923076923,11.200000000000003,QT450-10,255.2599981851261,,,,False
20,17,0,23.04,-8.403846153846153,-11.2,QT450-10,266.34474167636336,,,,False
20,17,1,23.04,-8.403846153846153,-9.6,QT450-10,267.65096372026284,,,,False
20,17,2,23.04,-8.403846153846153,-8.0,QT450-10,269.8204329306707,,,,False
20,17,3,23.04,-8.403846153846153,-6.3999999999999995,QT450-10,272.57129402938745,,,,False
20,17,4,23.04,-8.403846153846153,-4.8,QT450-10,275.499940069924,,,,False
20,17,5,23.04,-8.403846153846153,-3.1999999999999993,QT450-10,278.1217906084551,,,,False
20,17,6,23.04,-8.403846153846153,-1.5999999999999996,QT450-10,279.9491681705806,,,,False
20,17,7,23.04,-8.403846153846153,0.0,QT450-10,280.60629564520525,,,,False
20,17,8,23.04,-8.403846153846153,1.6000000000000014,QT450-10,279.9491681705806,,,,False
20,17,9,23.04,-8.403846153846153,3.200000000000001,QT450-10,278.1217906084551,,,,False
20,17,10,23.04,-8.403846153846153,4.800000000000001,QT450-10,275.499940069924,,,,False
20,17,11,23.04,-8.403846153846153,6.400000000000002,QT450-10,272.57129402938745,,,,False
20,17,12,23.04,-8.403846153846153,8.0,QT450-10,269.8204329306707,,,,False
20,17,13,23.04,-8.403846153846153,9.600000000000001,QT450-10,267.65096372026284,,,,False
20,17,14,23.04,-8.403846153846153,11.200000000000003,QT450-10,266.3447416763633,,,,False
20,18,0,23.04,-6.826923076923077,-11.2,QT450-10,277.42001088483414,,,,False
20,18,1,23.04,-6.826923076923077,-9.6,QT450-10,279.0646636408612,,,,False
20,18,2,23.04,-6.826923076923077,-8.0,QT450-10,281.8567750548712,,,,False
20,18,3,23.04,-6.826923076923077,-6.3999999999999995,QT450-10,285.4471089091547,,,,False
20,18,4,23.04,-6.826923076923077,-4.8,QT450-10,289.3213828581122,,,,False
20,18,5,23.04,-6.826923076923077,-3.1999999999999993,QT450-10,292.83745882616057,,,,False
20,18,6,23.04,-6.826923076923077,-1.5999999999999996,QT450-10,295.31864140638766,,,,False
20,18,7,23.04,-6.826923076923077,0.0,QT450-10,296.218244063154,,,,False
20,18,8,23.04,-6.826923076923077,1.6000000000000014,QT450-10,295.31864140638766,,,,False
20,18,9,23.04,-6.826923076923077,3.200000000000001,QT450-10,292.83745882616057,,,,False
20,18,10,23.04,-6.826923076923077,4.800000000000001,QT450-10,289.3213828581122,,,,False
20,18,11,23.04,-6.826923076923077,6.400000000000002,QT450-10,285.4471089091547,,,,False
20,18,12,23.04,-6.826923076923077,8.0,QT450-10,281.8567750548712,,,,False
20,18,13,23.04,-6.826923076923077,9.600000000000001,QT450-10,279.06466364086117,,,,False
20,18,14,23.04,-6.826923076923077,11.200000000000003,QT450-10,277.4200108848341,,,,False
20,19,0,23.04,-5.25,-11.2,QT450-10,288.0722886368875,,,,False
20,19,1,23.04,-5.25,-9.6,QT450-10,290.09975427706985,,,,False
20,19,2,23.04,-5.25,-8.0,QT450-10,293.6013176805202,,,,False
20,19,3,23.04,-5.25,-6.3999999999999995,QT450-10,298.1623388254617,,,,False
20,19,4,23.04,-5.25,-4.8,QT450-10,303.15451475316036,,,,False
20,19,5,23.04,-5.25,-3.1999999999999993,QT450-10,311.8169462553864,,,,False
20,19,6,23.04,-5.25,-1.5999999999999996,QT450-10,329.2852572460908,,,,False
20,19,7,23.04,-5.25,0.0,QT450-10,337.4360749844513,,,,False
20,19,8,23.04,-5.25,1.6000000000000014,QT450-10,329.2852572460908,,,,False
20,19,9,23.04,-5.25,3.200000000000001,QT450-10,311.8169462553864,,,,False
20,19,10,23.04,-5.25,4.800000000000001,QT450-10,303.15451475316036,,,,False
20,19,11,23.04,-5.25,6.400000000000002,QT450-10,298.1623388254617,,,,False
20,19,12,23.04,-5.25,8.0,QT450-10,293.6013176805202,,,,False
20,19,13,23.04,-5.25,9.600000000000001,QT450-10,290.09975427706985,,,,False
20,19,14,23.04,-5.25,11.200000000000003,QT450-10,288.07228863688744,,,,False
20,20,0,23.04,-3.673076923076927,-11.2,QT450-10,297.8176812149359,,,,False
20,20,1,23.04,-3.673076923076927,-9.6,QT450-10,300.2521247925193,,,,False
20,20,2,23.04,-3.673076923076927,-8.0,QT450-10,304.5016644232257,,,,False
20,20,3,23.04,-3.673076923076927,-6.3999999999999995,QT450-10,310.0975229132688,,,,False
20,20,4,23.04,-3.673076923076927,-4.8,QT450-10,320.08179063331664,,,,False
20,20,5,23.04,-3.673076923076927,-3.1999999999999993,QT450-10,352.66130389830704,,,,False
20,20,6,23.04,-3.673076923076927,-1.5999999999999996,QT450-10,389.4279379242655,,,,False
20,20,7,23.04,-3.673076923076927,0.0,QT450-10,410.76854821632446,,,,False
20,20,8,23.04,-3.673076923076927,1.6000000000000014,QT450-10,389.42793792426545,,,,False
20,20,9,23.04,-3.673076923076927,3.200000000000001,QT450-10,352.661303898307,,,,False
20,20,10,23.04,-3.673076923076927,4.800000000000001,QT450-10,320.08179063331664,,,,False
20,20,11,23.04,-3.673076923076927,6.400000000000002,QT450-10,310.0975229132688,,,,False
20,20,12,23.04,-3.673076923076927,8.0,QT450-10,304.5016644232257,,,,False
20,20,13,23.04,-3.673076923076927,9.600000000000001,QT450-10,300.2521247925193,,,,False
20,20,14,23.04,-3.673076923076927,11.200000000000003,QT450-10,297.8176812149359,,,,False
20,21,0,23.04,-2.0961538461538467,-11.2,ERNiFe-CI,308.2115987741508,,,,False
20,21,1,23.04,-2.0961538461538467,-9.6,ERNiFe-CI,311.15832648403443,,,,False
20,21,2,23.04,-2.0961538461538467,-8.0,ERNiFe-CI,316.28274295865134,,,,False
20,21,3,23.04,-2.0961538461538467,-6.3999999999999995,ERNiFe-CI,323.08778937062044,,,,False
20,21,4,23.04,-2.0961538461538467,-4.8,ERNiFe-CI,354.4618445583185,,,,False
20,21,5,23.04,-2.0961538461538467,-3.1999999999999993,ERNiFe-CI,414.8220544904743,,,,False
20,21,6,23.04,-2.0961538461538467,-1.5999999999999996,ERNiFe-CI,520.7821702209633,,,,False
20,21,7,23.04,-2.0961538461538467,0.0,ERNiFe-CI,612.6873845528334,,,,False
20,21,8,23.04,-2.0961538461538467,1.6000000000000014,ERNiFe-CI,520.782170220963,,,,False
20,21,9,23.04,-2.0961538461538467,3.200000000000001,ERNiFe-CI,414.82205449047416,,,,False
20,21,10,23.04,-2.0961538461538467,4.800000000000001,ERNiFe-CI,354.46184455831843,,,,False
20,21,11,23.04,-2.0961538461538467,6.400000000000002,ERNiFe-CI,323.08778937062044,,,,False
20,21,12,23.04,-2.0961538461538467,8.0,ERNiFe-CI,316.2827429586513,,,,False
20,21,13,23.04,-2.0961538461538467,9.600000000000001,ERNiFe-CI,311.1583264840344,,,,False
20,21,14,23.04,-2.0961538461538467,11.200000000000003,ERNiFe-CI,308.2115987741508,,,,False
20,22,0,23.04,-0.5192307692307736,-11.2,ERNiFe-CI,319.3783680789775,,,,False
20,22,1,23.04,-0.5192307692307736,-9.6,ERNiFe-CI,322.7673754564728,,,,False
20,22,2,23.04,-0.5192307692307736,-8.0,ERNiFe-CI,328.68735109854646,,,,False
20,22,3,23.04,-0.5192307692307736,-6.3999999999999995,ERNiFe-CI,339.951632915221,,,,False
20,22,4,23.04,-0.5192307692307736,-4.8,ERNiFe-CI,388.1571116643527,,,,False
20,22,5,23.04,-0.5192307692307736,-3.1999999999999993,ERNiFe-CI,485.0736616390236,,,,False
20,22,6,23.04,-0.5192307692307736,-1.5999999999999996,ERNiFe-CI,715.093350732151,,,,False
20,22,7,23.04,-0.5192307692307736,0.0,ERNiFe-CI,958.6900828283972,30.79914104244742,33.67316210388234,2.87402106143492,True
20,22,8,23.04,-0.5192307692307736,1.6000000000000014,ERNiFe-CI,715.0933507321506,,,,False
20,22,9,23.04,-0.5192307692307736,3.200000000000001,ERNiFe-CI,485.07366163902344,,,,False
20,22,10,23.04,-0.5192307692307736,4.800000000000001,ERNiFe-CI,388.1571116643526,,,,False
20,22,11,23.04,-0.5192307692307736,6.400000000000002,ERNiFe-CI,339.95163291522096,,,,False
20,22,12,23.04,-0.5192307692307736,8.0,ERNiFe-CI,328.68735109854646,,,,False
20,22,13,23.04,-0.5192307692307736,9.600000000000001,ERNiFe-CI,322.76737545647273,,,,False
20,22,14,23.04,-0.5192307692307736,11.200000000000003,ERNiFe-CI,319.3783680789774,,,,False
20,23,0,23.04,1.0576923076923066,-11.2,ERNiFe-CI,328.6672729361578,,,,False
20,23,1,23.04,1.0576923076923066,-9.6,ERNiFe-CI,332.313149005602,,,,False
20,23,2,23.04,1.0576923076923066,-8.0,ERNiFe-CI,338.69101455964,,,,False
20,23,3,23.04,1.0576923076923066,-6.3999999999999995,ERNiFe-CI,352.2998542403811,,,,False
20,23,4,23.04,1.0576923076923066,-4.8,ERNiFe-CI,399.6597442959479,,,,False
20,23,5,23.04,1.0576923076923066,-3.1999999999999993,ERNiFe-CI,486.8783849862211,,,,False
20,23,6,23.04,1.0576923076923066,-1.5999999999999996,ERNiFe-CI,680.8060342113156,,,,False
20,23,7,23.04,1.0576923076923066,0.0,ERNiFe-CI,873.8408193747932,29.948345210714905,33.77765296596975,3.8293077552548453,True
20,23,8,23.04,1.0576923076923066,1.6000000000000014,ERNiFe-CI,680.8060342113153,,,,False
20,23,9,23.04,1.0576923076923066,3.200000000000001,ERNiFe-CI,486.8783849862209,,,,False
20,23,10,23.04,1.0576923076923066,4.800000000000001,ERNiFe-CI,399.6597442959478,,,,False
20,23,11,23.04,1.0576923076923066,6.400000000000002,ERNiFe-CI,352.2998542403811,,,,False
20,23,12,23.04,1.0576923076923066,8.0,ERNiFe-CI,338.69101455963994,,,,False
20,23,13,23.04,1.0576923076923066,9.600000000000001,ERNiFe-CI,332.313149005602,,,,False
20,23,14,23.04,1.0576923076923066,11.200000000000003,ERNiFe-CI,328.6672729361578,,,,False
20,24,0,23.04,2.634615384615387,-11.2,ERNiFe-CI,335.7440445358042,,,,False
20,24,1,23.04,2.634615384615387,-9.6,ERNiFe-CI,339.45774121247496,,,,False
20,24,2,23.04,2.634615384615387,-8.0,ERNiFe-CI,345.9658976273113,,,,False
20,24,3,23.04,2.634615384615387,-6.3999999999999995,ERNiFe-CI,358.1420301273533,,,,False
20,24,4,23.04,2.634615384615387,-4.8,ERNiFe-CI,394.54507612524355,,,,False
20,24,5,23.04,2.634615384615387,-3.1999999999999993,ERNiFe-CI,452.9792601145265,,,,False
20,24,6,23.04,2.634615384615387,-1.5999999999999996,ERNiFe-CI,527.9578966593423,,,,False
20,24,7,23.04,2.634615384615387,0.0,ERNiFe-CI,591.0970071581954,,,,False
20,24,8,23.04,2.634615384615387,1.6000000000000014,ERNiFe-CI,527.9578966593422,,,,False
20,24,9,23.04,2.634615384615387,3.200000000000001,ERNiFe-CI,452.97926011452637,,,,False
20,24,10,23.04,2.634615384615387,4.800000000000001,ERNiFe-CI,394.5450761252435,,,,False
20,24,11,23.04,2.634615384615387,6.400000000000002,ERNiFe-CI,358.1420301273532,,,,False
20,24,12,23.04,2.634615384615387,8.0,ERNiFe-CI,345.9658976273113,,,,False
20,24,13,23.04,2.634615384615387,9.600000000000001,ERNiFe-CI,339.45774121247496,,,,False
20,24,14,23.04,2.634615384615387,11.200000000000003,ERNiFe-CI,335.7440445358042,,,,False
20,25,0,23.04,4.21153846153846,-11.2,Q235B,339.4496336647906,,,,False
20,25,1,23.04,4.21153846153846,-9.6,Q235B,343.06418869987976,,,,False
20,25,2,23.04,4.21153846153846,-8.0,Q235B,349.49792425702964,,,,False
20,25,3,23.04,4.21153846153846,-6.3999999999999995,Q235B,360.0094159035409,,,,False
20,25,4,23.04,4.21153846153846,-4.8,Q235B,389.44509158913405,,,,False
20,25,5,23.04,4.21153846153846,-3.1999999999999993,Q235B,431.4361939541916,,,,False
20,25,6,23.04,4.21153846153846,-1.5999999999999996,Q235B,474.1407875940227,,,,False
20,25,7,23.04,4.21153846153846,0.0,Q235B,495.2627079394297,,,,False
20,25,8,23.04,4.21153846153846,1.6000000000000014,Q235B,474.14078759402264,,,,False
20,25,9,23.04,4.21153846153846,3.200000000000001,Q235B,431.4361939541915,,,,False
20,25,10,23.04,4.21153846153846,4.800000000000001,Q235B,389.445091589134,,,,False
20,25,11,23.04,4.21153846153846,6.400000000000002,Q235B,360.00941590354086,,,,False
20,25,12,23.04,4.21153846153846,8.0,Q235B,349.49792425702964,,,,False
20,25,13,23.04,4.21153846153846,9.600000000000001,Q235B,343.06418869987976,,,,False
20,25,14,23.04,4.21153846153846,11.200000000000003,Q235B,339.4496336647906,,,,False
21,0,0,25.919999999999995,-35.21153846153846,-11.2,QT450-10,167.39561157025116,,,,False
21,0,1,25.919999999999995,-35.21153846153846,-9.6,QT450-10,167.5230865909606,,,,False
21,0,2,25.919999999999995,-35.21153846153846,-8.0,QT450-10,167.63434220480252,,,,False
21,0,3,25.919999999999995,-35.21153846153846,-6.3999999999999995,QT450-10,167.7282958818832,,,,False
21,0,4,25.919999999999995,-35.21153846153846,-4.8,QT450-10,167.80354948004475,,,,False
21,0,5,25.919999999999995,-35.21153846153846,-3.1999999999999993,QT450-10,167.85863478408453,,,,False
21,0,6,25.919999999999995,-35.21153846153846,-1.5999999999999996,QT450-10,167.8922702358424,,,,False
21,0,7,25.919999999999995,-35.21153846153846,0.0,QT450-10,167.9035848188179,,,,False
21,0,8,25.919999999999995,-35.21153846153846,1.6000000000000014,QT450-10,167.8922702358424,,,,False
21,0,9,25.919999999999995,-35.21153846153846,3.200000000000001,QT450-10,167.85863478408453,,,,False
21,0,10,25.919999999999995,-35.21153846153846,4.800000000000001,QT450-10,167.80354948004475,,,,False
21,0,11,25.919999999999995,-35.21153846153846,6.400000000000002,QT450-10,167.7282958818832,,,,False
21,0,12,25.919999999999995,-35.21153846153846,8.0,QT450-10,167.63434220480252,,,,False
21,0,13,25.919999999999995,-35.21153846153846,9.600000000000001,QT450-10,167.5230865909606,,,,False
21,0,14,25.919999999999995,-35.21153846153846,11.200000000000003,QT450-10,167.39561157025116,,,,False
21,1,0,25.919999999999995,-33.63461538461539,-11.2,QT450-10,168.0375417210173,,,,False
21,1,1,25.919999999999995,-33.63461538461539,-9.6,QT450-10,168.1663495737732,,,,False
21,1,2,25.919999999999995,-33.63461538461539,-8.0,QT450-10,168.27935400804873,,,,False
21,1,3,25.919999999999995,-33.63461538461539,-6.3999999999999995,QT450-10,168.37527168905154,,,,False
21,1,4,25.919999999999995,-33.63461538461539,-4.8,QT450-10,168.45244908660865,,,,False
21,1,5,25.919999999999995,-33.63461538461539,-3.1999999999999993,QT450-10,168.50915083614873,,,,False
21,1,6,25.919999999999995,-33.63461538461539,-1.5999999999999996,QT450-10,168.54386238714662,,,,False
21,1,7,25.919999999999995,-33.63461538461539,0.0,QT450-10,168.55555435783683,,,,False
21,1,8,25.919999999999995,-33.63461538461539,1.6000000000000014,QT450-10,168.54386238714662,,,,False
21,1,9,25.919999999999995,-33.63461538461539,3.200000000000001,QT450-10,168.50915083614873,,,,False
21,1,10,25.919999999999995,-33.63461538461539,4.800000000000001,QT450-10,168.45244908660865,,,,False
21,1,11,25.919999999999995,-33.63461538461539,6.400000000000002,QT450-10,168.37527168905154,,,,False
21,1,12,25.919999999999995,-33.63461538461539,8.0,QT450-10,168.27935400804873,,,,False
21,1,13,25.919999999999995,-33.63461538461539,9.600000000000001,QT450-10,168.1663495737732,,,,False
21,1,14,25.919999999999995,-33.63461538461539,11.200000000000003,QT450-10,168.0375417210173,,,,False
21,2,0,25.919999999999995,-32.05769230769231,-11.2,QT450-10,169.18998931484202,,,,False
21,2,1,25.919999999999995,-32.05769230769231,-9.6,QT450-10,169.32143450417948,,,,False
21,2,2,25.919999999999995,-32.05769230769231,-8.0,QT450-10,169.4380121286425,,,,False
21,2,3,25.919999999999995,-32.05769230769231,-6.3999999999999995,QT450-10,169.53800794435162,,,,False
21,2,4,25.919999999999995,-32.05769230769231,-4.8,QT450-10,169.61921610175455,,,,False
21,2,5,25.919999999999995,-32.05769230769231,-3.1999999999999993,QT450-10,169.6793224248409,,,,False
21,2,6,25.919999999999995,-32.05769230769231,-1.5999999999999996,QT450-10,169.7163071684829,,,,False
21,2,7,25.919999999999995,-32.05769230769231,0.0,QT450-10,169.72879741771874,,,,False
21,2,8,25.919999999999995,-32.05769230769231,1.6000000000000014,QT450-10,169.7163071684829,,,,False
21,2,9,25.919999999999995,-32.05769230769231,3.200000000000001,QT450-10,169.6793224248409,,,,False
21,2,10,25.919999999999995,-32.05769230769231,4.800000000000001,QT450-10,169.61921610175455,,,,False
21,2,11,25.919999999999995,-32.05769230769231,6.400000000000002,QT450-10,169.53800794435162,,,,False
21,2,12,25.919999999999995,-32.05769230769231,8.0,QT450-10,169.4380121286425,,,,False
21,2,13,25.919999999999995,-32.05769230769231,9.600000000000001,QT450-10,169.32143450417948,,,,False
21,2,14,25.919999999999995,-32.05769230769231,11.200000000000003,QT450-10,169.18998931484202,,,,False
21,3,0,25.919999999999995,-30.48076923076923,-11.2,QT450-10,170.87154082002448,,,,False
21,3,1,25.919999999999995,-30.48076923076923,-9.6,QT450-10,171.00719082369946,,,,False
21,3,2,25.919999999999995,-30.48076923076923,-8.0,QT450-10,171.12962241204264,,,,False
21,3,3,25.919999999999995,-30.48076923076923,-6.3999999999999995,QT450-10,171.23638483414268,,,,False
21,3,4,25.919999999999995,-30.48076923076923,-4.8,QT450-10,171.32432742542116,,,,False
21,3,5,25.919999999999995,-30.48076923076923,-3.1999999999999993,QT450-10,171.39014485296588,,,,False
21,3,6,25.919999999999995,-30.48076923076923,-1.5999999999999996,QT450-10,171.43095150655736,,,,False
21,3,7,25.919999999999995,-30.48076923076923,0.0,QT450-10,171.44478529204932,,,,False
21,3,8,25.919999999999995,-30.48076923076923,1.6000000000000014,QT450-10,171.43095150655736,,,,False
21,3,9,25.919999999999995,-30.48076923076923,3.200000000000001,QT450-10,171.39014485296588,,,,False
21,3,10,25.919999999999995,-30.48076923076923,4.800000000000001,QT450-10,171.32432742542116,,,,False
21,3,11,25.919999999999995,-30.48076923076923,6.400000000000002,QT450-10,171.23638483414268,,,,False
21,3,12,25.919999999999995,-30.48076923076923,8.0,QT450-10,171.12962241204264,,,,False
21,3,13,25.919999999999995,-30.48076923076923,9.600000000000001,QT450-10,171.00719082369946,,,,False
21,3,14,25.919999999999995,-30.48076923076923,11.200000000000003,QT450-10,170.87154082002448,,,,False
21,4,0,25.919999999999995,-28.903846153846153,-11.2,QT450-10,173.1096962765551,,,,False
21,4,1,25.919999999999995,-28.903846153846153,-9.6,QT450-10,173.2515625061823,,,,False
21,4,2,25.919999999999995,-28.903846153846153,-8.0,QT450-10,173.3829001596937,,,,False
21,4,3,25.919999999999995,-28.903846153846153,-6.3999999999999995,QT450-10,173.5000909320146,,,,False
21,4,4,25.919999999999995,-28.903846153846153,-4.8,QT450-10,173.5984846955705,,,,False
21,4,5,25.919999999999995,-28.903846153846153,-3.1999999999999993,QT450-10,173.673201016758,,,,False
21,4,6,25.919999999999995,-28.903846153846153,-1.5999999999999996,QT450-10,173.7199765585714,,,,False
21,4,7,25.919999999999995,-28.903846153846153,0.0,QT450-10,173.7359108320819,,,,False
21,4,8,25.919999999999995,-28.903846153846153,1.6000000000000014,QT450-10,173.7199765585714,,,,False
21,4,9,25.919999999999995,-28.903846153846153,3.200000000000001,QT450-10,173.673201016758,,,,False
21,4,10,25.919999999999995,-28.903846153846153,4.800000000000001,QT450-10,173.5984846955705,,,,False
21,4,11,25.919999999999995,-28.903846153846153,6.400000000000002,QT450-10,173.5000909320146,,,,False
21,4,12,25.919999999999995,-28.903846153846153,8.0,QT450-10,173.3829001596937,,,,False
21,4,13,25.919999999999995,-28.903846153846153,9.600000000000001,QT450-10,173.2515625061823,,,,False
21,4,14,25.919999999999995,-28.903846153846153,11.200000000000003,QT450-10,173.1096962765551,,,,False
21,5,0,25.919999999999995,-27.326923076923077,-11.2,QT450-10,175.94074535518362,,,,False
21,5,1,25.919999999999995,-27.326923076923077,-9.6,QT450-10,176.09152874277342,,,,False
21,5,2,25.919999999999995,-27.326923076923077,-8.0,QT450-10,176.2360305686339,,,,False
21,5,3,25.919999999999995,-27.326923076923077,-6.3999999999999995,QT450-10,176.36883795239265,,,,False
21,5,4,25.919999999999995,-27.326923076923077,-4.8,QT450-10,176.48299206274302,,,,False
21,5,5,25.919999999999995,-27.326923076923077,-3.1999999999999993,QT450-10,176.57118265487858,,,,False
21,5,6,25.919999999999995,-27.326923076923077,-1.5999999999999996,QT450-10,176.62701717621923,,,,False
21,5,7,25.919999999999995,-27.326923076923077,0.0,QT450-10,176.646142816324,,,,False
21,5,8,25.919999999999995,-27.326923076923077,1.6000000000000014,QT450-10,176.62701717621923,,,,False
21,5,9,25.919999999999995,-27.326923076923077,3.200000000000001,QT450-10,176.57118265487858,,,,False
21,5,10,25.919999999999995,-27.326923076923077,4.800000000000001,QT450-10,176.48299206274302,,,,False
21,5,11,25.919999999999995,-27.326923076923077,6.400000000000002,QT450-10,176.36883795239265,,,,False
21,5,12,25.919999999999995,-27.326923076923077,8.0,QT450-10,176.2360305686339,,,,False
21,5,13,25.919999999999995,-27.326923076923077,9.600000000000001,QT450-10,176.09152874277342,,,,False
21,5,14,25.919999999999995,-27.326923076923077,11.200000000000003,QT450-10,175.94074535518362,,,,False
21,6,0,25.919999999999995,-25.75,-11.2,QT450-10,179.4094548305309,,,,False
21,6,1,25.919999999999995,-25.75,-9.6,QT450-10,179.5728913985361,,,,False
21,6,2,25.919999999999995,-25.75,-8.0,QT450-10,179.73663987952793,,,,False
21,6,3,25.919999999999995,-25.75,-6.3999999999999995,QT450-10,179.8925699505703,,,,False
21,6,4,25.919999999999995,-25.75,-4.8,QT450-10,180.03021822513102,,,,False
21,6,5,25.919999999999995,-25.75,-3.1999999999999993,QT450-10,180.13857594447308,,,,False
21,6,6,25.919999999999995,-25.75,-1.5999999999999996,QT450-10,180.20800108208556,,,,False
21,6,7,25.919999999999995,-25.75,0.0,QT450-10,180.23191981406706,,,,False
21,6,8,25.919999999999995,-25.75,1.6000000000000014,QT450-10,180.20800108208556,,,,False
21,6,9,25.919999999999995,-25.75,3.200000000000001,QT450-10,180.13857594447308,,,,False
21,6,10,25.919999999999995,-25.75,4.800000000000001,QT450-10,180.03021822513102,,,,False
21,6,11,25.919999999999995,-25.75,6.400000000000002,QT450-10,179.8925699505703,,,,False
21,6,12,25.919999999999995,-25.75,8.0,QT450-10,179.73663987952793,,,,False
21,6,13,25.919999999999995,-25.75,9.600000000000001,QT450-10,179.5728913985361,,,,False
21,6,14,25.919999999999995,-25.75,11.200000000000003,QT450-10,179.4094548305309,,,,False
21,7,0,25.919999999999995,-24.173076923076923,-11.2,QT450-10,183.56842121830314,,,,False
21,7,1,25.919999999999995,-24.173076923076923,-9.6,QT450-10,183.74977433311201,,,,False
21,7,2,25.919999999999995,-24.173076923076923,-8.0,QT450-10,183.94156544351583,,,,False
21,7,3,25.919999999999995,-24.173076923076923,-6.3999999999999995,QT450-10,184.131586753433,,,,False
21,7,4,25.919999999999995,-24.173076923076923,-4.8,QT450-10,184.30409801471046,,,,False
21,7,5,25.919999999999995,-24.173076923076923,-3.1999999999999993,QT450-10,184.4424997748881,,,,False
21,7,6,25.919999999999995,-24.173076923076923,-1.5999999999999996,QT450-10,184.53221965979762,,,,False
21,7,7,25.919999999999995,-24.173076923076923,0.0,QT450-10,184.56330400672385,,,,False
21,7,8,25.919999999999995,-24.173076923076923,1.6000000000000014,QT450-10,184.53221965979762,,,,False
21,7,9,25.919999999999995,-24.173076923076923,3.200000000000001,QT450-10,184.4424997748881,,,,False
21,7,10,25.919999999999995,-24.173076923076923,4.800000000000001,QT450-10,184.30409801471046,,,,False
21,7,11,25.919999999999995,-24.173076923076923,6.400000000000002,QT450-10,184.131586753433,,,,False
21,7,12,25.919999999999995,-24.173076923076923,8.0,QT450-10,183.94156544351583,,,,False
21,7,13,25.919999999999995,-24.173076923076923,9.600000000000001,QT450-10,183.74977433311201,,,,False
21,7,14,25.919999999999995,-24.173076923076923,11.200000000000003,QT450-10,183.56842121830314,,,,False
21,8,0,25.919999999999995,-22.596153846153847,-11.2,QT450-10,188.47686978645777,,,,False
21,8,1,25.919999999999995,-22.596153846153847,-9.6,QT450-10,188.68363087742537,,,,False
21,8,2,25.919999999999995,-22.596153846153847,-8.0,QT450-10,188.91625182607808,,,,False
21,8,3,25.919999999999995,-22.596153846153847,-6.3999999999999995,QT450-10,189.15645261864196,,,,False
21,8,4,25.919999999999995,-22.596153846153847,-4.8,QT450-10,189.3805954726712,,,,False
21,8,5,25.919999999999995,-22.596153846153847,-3.1999999999999993,QT450-10,189.56366725668894,,,,False
21,8,6,25.919999999999995,-22.596153846153847,-1.5999999999999996,QT450-10,189.68363623785373,,,,False
21,8,7,25.919999999999995,-22.596153846153847,0.0,QT450-10,189.72541380199465,,,,False
21,8,8,25.919999999999995,-22.596153846153847,1.6000000000000014,QT450-10,189.68363623785373,,,,False
21,8,9,25.919999999999995,-22.596153846153847,3.200000000000001,QT450-10,189.56366725668894,,,,False
21,8,10,25.919999999999995,-22.596153846153847,4.800000000000001,QT450-10,189.3805954726712,,,,False
21,8,11,25.919999999999995,-22.596153846153847,6.400000000000002,QT450-10,189.15645261864196,,,,False
21,8,12,25.919999999999995,-22.596153846153847,8.0,QT450-10,188.91625182607808,,,,False
21,8,13,25.919999999999995,-22.596153846153847,9.600000000000001,QT450-10,188.68363087742537,,,,False
21,8,14,25.919999999999995,-22.596153846153847,11.200000000000003,QT450-10,188.47686978645777,,,,False
21,9,0,25.919999999999995,-21.01923076923077,-11.2,QT450-10,194.1985808066483,,,,False
21,9,1,25.919999999999995,-21.01923076923077,-9.6,QT450-10,194.4414587455659,,,,False
21,9,2,25.919999999999995,-21.01923076923077,-8.0,QT450-10,194.73351186292584,,,,False
21,9,3,25.919999999999995,-21.01923076923077,-6.3999999999999995,QT450-10,195.04748726244102,,,,False
21,9,4,25.919999999999995,-21.01923076923077,-4.8,QT450-10,195.34799554221092,,,,False
21,9,5,25.919999999999995,-21.01923076923077,-3.1999999999999993,QT450-10,195.59740665058527,,,,False
21,9,6,25.919999999999995,-21.01923076923077,-1.5999999999999996,QT450-10,195.76241952298403,,,,False
21,9,7,25.919999999999995,-21.01923076923077,0.0,QT450-10,195.82014203802586,,,,False
21,9,8,25.919999999999995,-21.01923076923077,1.6000000000000014,QT450-10,195.76241952298403,,,,False
21,9,9,25.919999999999995,-21.01923076923077,3.200000000000001,QT450-10,195.59740665058527,,,,False
21,9,10,25.919999999999995,-21.01923076923077,4.800000000000001,QT450-10,195.34799554221092,,,,False
21,9,11,25.919999999999995,-21.01923076923077,6.400000000000002,QT450-10,195.04748726244102,,,,False
21,9,12,25.919999999999995,-21.01923076923077,8.0,QT450-10,194.73351186292584,,,,False
21,9,13,25.919999999999995,-21.01923076923077,9.600000000000001,QT450-10,194.4414587455659,,,,False
21,9,14,25.919999999999995,-21.01923076923077,11.200000000000003,QT450-10,194.1985808066483,,,,False
21,10,0,25.919999999999995,-19.442307692307693,-11.2,QT450-10,200.79884456669112,,,,False
21,10,1,25.919999999999995,-19.442307692307693,-9.6,QT450-10,201.0932736525089,,,,False
21,10,2,25.919999999999995,-19.442307692307693,-8.0,QT450-10,201.4719226062279,,,,False
21,10,3,25.919999999999995,-19.442307692307693,-6.3999999999999995,QT450-10,201.89437747390213,,,,False
21,10,4,25.919999999999995,-19.442307692307693,-4.8,QT450-10,202.30785276378174,,,,False
21,10,5,25.919999999999995,-19.442307692307693,-3.1999999999999993,QT450-10,202.65583815487528,,,,False
21,10,6,25.919999999999995,-19.442307692307693,-1.5999999999999996,QT450-10,202.8879907749862,,,,False
21,10,7,25.919999999999995,-19.442307692307693,0.0,QT450-10,202.96951854407303,,,,False
21,10,8,25.919999999999995,-19.442307692307693,1.6000000000000014,QT450-10,202.8879907749862,,,,False
21,10,9,25.919999999999995,-19.442307692307693,3.200000000000001,QT450-10,202.65583815487528,,,,False
21,10,10,25.919999999999995,-19.442307692307693,4.800000000000001,QT450-10,202.30785276378174,,,,False
21,10,11,25.919999999999995,-19.442307692307693,6.400000000000002,QT450-10,201.89437747390213,,,,False
21,10,12,25.919999999999995,-19.442307692307693,8.0,QT450-10,201.47192260622788,,,,False
21,10,13,25.919999999999995,-19.442307692307693,9.600000000000001,QT450-10,201.0932736525089,,,,False
21,10,14,25.919999999999995,-19.442307692307693,11.200000000000003,QT450-10,200.79884456669112,,,,False
21,11,0,25.919999999999995,-17.865384615384617,-11.2,QT450-10,208.34283520473144,,,,False
21,11,1,25.919999999999995,-17.865384615384617,-9.6,QT450-10,208.71094380685943,,,,False
21,11,2,25.919999999999995,-17.865384615384617,-8.0,QT450-10,209.21555772610847,,,,False
21,11,3,25.919999999999995,-17.865384615384617,-6.3999999999999995,QT450-10,209.79718266669457,,,,False
21,11,4,25.919999999999995,-17.865384615384617,-4.8,QT450-10,210.37747803382507,,,,False
21,11,5,25.919999999999995,-17.865384615384617,-3.1999999999999993,QT450-10,210.871782543873,,,,False
21,11,6,25.919999999999995,-17.865384615384617,-1.5999999999999996,QT450-10,211.20397238189895,,,,False
21,11,7,25.919999999999995,-17.865384615384617,0.0,QT450-10,211.32104184672477,,,,False
21,11,8,25.919999999999995,-17.865384615384617,1.6000000000000014,QT450-10,211.20397238189895,,,,False
21,11,9,25.919999999999995,-17.865384615384617,3.200000000000001,QT450-10,210.871782543873,,,,False
21,11,10,25.919999999999995,-17.865384615384617,4.800000000000001,QT450-10,210.37747803382507,,,,False
21,11,11,25.919999999999995,-17.865384615384617,6.400000000000002,QT450-10,209.79718266669457,,,,False
21,11,12,25.919999999999995,-17.865384615384617,8.0,QT450-10,209.21555772610847,,,,False
21,11,13,25.919999999999995,-17.865384615384617,9.600000000000001,QT450-10,208.71094380685943,,,,False
21,11,14,25.919999999999995,-17.865384615384617,11.200000000000003,QT450-10,208.34283520473144,,,,False
21,12,0,25.919999999999995,-16.28846153846154,-11.2,QT450-10,216.88752221634465,,,,False
21,12,1,25.919999999999995,-16.28846153846154,-9.6,QT450-10,217.3604384707702,,,,False
21,12,2,25.919999999999995,-16.28846153846154,-8.0,QT450-10,218.0471758750763,,,,False
21,12,3,25.919999999999995,-16.28846153846154,-6.3999999999999995,QT450-10,218.8610091329858,,,,False
21,12,4,25.919999999999995,-16.28846153846154,-4.8,QT450-10,219.6864873250283,,,,False
21,12,5,25.919999999999995,-16.28846153846154,-3.1999999999999993,QT450-10,220.3972277076995,,,,False
21,12,6,25.919999999999995,-16.28846153846154,-1.5999999999999996,QT450-10,220.87812136046264,,,,False
21,12,7,25.919999999999995,-16.28846153846154,0.0,QT450-10,221.0481659518749,,,,False
21,12,8,25.919999999999995,-16.28846153846154,1.6000000000000014,QT450-10,220.87812136046264,,,,False
21,12,9,25.919999999999995,-16.28846153846154,3.200000000000001,QT450-10,220.3972277076995,,,,False
21,12,10,25.919999999999995,-16.28846153846154,4.800000000000001,QT450-10,219.6864873250283,,,,False
21,12,11,25.919999999999995,-16.28846153846154,6.400000000000002,QT450-10,218.8610091329858,,,,False
21,12,12,25.919999999999995,-16.28846153846154,8.0,QT450-10,218.0471758750763,,,,False
21,12,13,25.919999999999995,-16.28846153846154,9.600000000000001,QT450-10,217.3604384707702,,,,False
21,12,14,25.919999999999995,-16.28846153846154,11.200000000000003,QT450-10,216.88752221634465,,,,False
21,13,0,25.919999999999995,-14.711538461538463,-11.2,QT450-10,226.46585155271072,,,,False
21,13,1,25.919999999999995,-14.711538461538463,-9.6,QT450-10,227.0868634148988,,,,False
21,13,2,25.919999999999995,-14.711538461538463,-8.0,QT450-10,228.0348001703007,,,,False
21,13,3,25.919999999999995,-14.711538461538463,-6.3999999999999995,QT450-10,229.18491770862988,,,,False
21,13,4,25.919999999999995,-14.711538461538463,-4.8,QT450-10,230.36868573995235,,,,False
21,13,5,25.919999999999995,-14.711538461538463,-3.1999999999999993,QT450-10,231.39834121591994,,,,False
21,13,6,25.919999999999995,-14.711538461538463,-1.5999999999999996,QT450-10,232.09979635889957,,,,False
21,13,7,25.919999999999995,-14.711538461538463,0.0,QT450-10,232.3487074786535,,,,False
21,13,8,25.919999999999995,-14.711538461538463,1.6000000000000014,QT450-10,232.09979635889957,,,,False
21,13,9,25.919999999999995,-14.711538461538463,3.200000000000001,QT450-10,231.39834121591994,,,,False
21,13,10,25.919999999999995,-14.711538461538463,4.800000000000001,QT450-10,230.36868573995235,,,,False
21,13,11,25.919999999999995,-14.711538461538463,6.400000000000002,QT450-10,229.18491770862988,,,,False
21,13,12,25.919999999999995,-14.711538461538463,8.0,QT450-10,228.03480017030068,,,,False
21,13,13,25.919999999999995,-14.711538461538463,9.600000000000001,QT450-10,227.0868634148988,,,,False
21,13,14,25.919999999999995,-14.711538461538463,11.200000000000003,QT450-10,226.46585155271072,,,,False
21,14,0,25.919999999999995,-13.134615384615387,-11.2,QT450-10,237.07351292250934,,,,False
21,14,1,25.919999999999995,-13.134615384615387,-9.6,QT450-10,237.90147022788526,,,,False
21,14,2,25.919999999999995,-13.134615384615387,-8.0,QT450-10,239.21958037242138,,,,False
21,14,3,25.919999999999995,-13.134615384615387,-6.3999999999999995,QT450-10,240.8516070285979,,,,False
21,14,4,25.919999999999995,-13.134615384615387,-4.8,QT450-10,242.55468638879313,,,,False
21,14,5,25.919999999999995,-13.134615384615387,-3.1999999999999993,QT450-10,244.05169907591102,,,,False
21,14,6,25.919999999999995,-13.134615384615387,-1.5999999999999996,QT450-10,245.07932023329823,,,,False
21,14,7,25.919999999999995,-13.134615384615387,0.0,QT450-10,245.44547295688017,,,,False
21,14,8,25.919999999999995,-13.134615384615387,1.6000000000000014,QT450-10,245.07932023329823,,,,False
21,14,9,25.919999999999995,-13.134615384615387,3.200000000000001,QT450-10,244.05169907591102,,,,False
21,14,10,25.919999999999995,-13.134615384615387,4.800000000000001,QT450-10,242.5546863887931,,,,False
21,14,11,25.919999999999995,-13.134615384615387,6.400000000000002,QT450-10,240.85160702859787,,,,False
21,14,12,25.919999999999995,-13.134615384615387,8.0,QT450-10,239.21958037242135,,,,False
21,14,13,25.919999999999995,-13.134615384615387,9.600000000000001,QT450-10,237.90147022788523,,,,False
21,14,14,25.919999999999995,-13.134615384615387,11.200000000000003,QT450-10,237.0735129225093,,,,False
21,15,0,25.919999999999995,-11.55769230769231,-11.2,QT450-10,248.6479099053639,,,,False
21,15,1,25.919999999999995,-11.55769230769231,-9.6,QT450-10,249.7602356627638,,,,False
21,15,2,25.919999999999995,-11.55769230769231,-8.0,QT450-10,251.59417773708,,,,False
21,15,3,25.919999999999995,-11.55769230769231,-6.3999999999999995,QT450-10,253.9066797414259,,,,False
21,15,4,25.919999999999995,-11.55769230769231,-4.8,QT450-10,256.3538596452333,,,,False
21,15,5,25.919999999999995,-11.55769230769231,-3.1999999999999993,QT450-10,258.530540360939,,,,False
21,15,6,25.919999999999995,-11.55769230769231,-1.5999999999999996,QT450-10,260.0385507970135,,,,False
21,15,7,25.919999999999995,-11.55769230769231,0.0,QT450-10,260.5787017512464,,,,False
21,15,8,25.919999999999995,-11.55769230769231,1.6000000000000014,QT450-10,260.0385507970135,,,,False
21,15,9,25.919999999999995,-11.55769230769231,3.200000000000001,QT450-10,258.530540360939,,,,False
21,15,10,25.919999999999995,-11.55769230769231,4.800000000000001,QT450-10,256.3538596452333,,,,False
21,15,11,25.919999999999995,-11.55769230769231,6.400000000000002,QT450-10,253.9066797414259,,,,False
21,15,12,25.919999999999995,-11.55769230769231,8.0,QT450-10,251.59417773707997,,,,False
21,15,13,25.919999999999995,-11.55769230769231,9.600000000000001,QT450-10,249.76023566276376,,,,False
21,15,14,25.919999999999995,-11.55769230769231,11.200000000000003,QT450-10,248.64790990536386,,,,False
21,16,0,25.919999999999995,-9.98076923076923,-11.2,QT450-10,261.0420822079177,,,,False
21,16,1,25.919999999999995,-9.98076923076923,-9.6,QT450-10,262.5358762557228,,,,False
21,16,2,25.919999999999995,-9.98076923076923,-8.0,QT450-10,265.0719188957738,,,,False
21,16,3,25.919999999999995,-9.98076923076923,-6.3999999999999995,QT450-10,268.3256660560672,,,,False
21,16,4,25.919999999999995,-9.98076923076923,-4.8,QT450-10,271.8218600342844,,,,False
21,16,5,25.919999999999995,-9.98076923076923,-3.1999999999999993,QT450-10,274.9762184276087,,,,False
21,16,6,25.919999999999995,-9.98076923076923,-1.5999999999999996,QT450-10,277.18779936052016,,,,False
21,16,7,25.919999999999995,-9.98076923076923,0.0,QT450-10,277.985705084709,,,,False
21,16,8,25.919999999999995,-9.98076923076923,1.6000000000000014,QT450-10,277.18779936052016,,,,False
21,16,9,25.919999999999995,-9.98076923076923,3.200000000000001,QT450-10,274.9762184276087,,,,False
21,16,10,25.919999999999995,-9.98076923076923,4.800000000000001,QT450-10,271.8218600342844,,,,False
21,16,11,25.919999999999995,-9.98076923076923,6.400000000000002,QT450-10,268.3256660560672,,,,False
21,16,12,25.919999999999995,-9.98076923076923,8.0,QT450-10,265.07191889577376,,,,False
21,16,13,25.919999999999995,-9.98076923076923,9.600000000000001,QT450-10,262.53587625572277,,,,False
21,16,14,25.919999999999995,-9.98076923076923,11.200000000000003,QT450-10,261.04208220791764,,,,False
21,17,0,25.919999999999995,-8.403846153846153,-11.2,QT450-10,273.99582642439316,,,,False
21,17,1,25.919999999999995,-8.403846153846153,-9.6,QT450-10,275.98446013639546,,,,False
21,17,2,25.919999999999995,-8.403846153846153,-8.0,QT450-10,279.44552633062125,,,,False
21,17,3,25.919999999999995,-8.403846153846153,-6.3999999999999995,QT450-10,283.9640608916183,,,,False
21,17,4,25.919999999999995,-8.403846153846153,-4.8,QT450-10,288.905011509325,,,,False
21,17,5,25.919999999999995,-8.403846153846153,-3.1999999999999993,QT450-10,293.4432402927565,,,,False
21,17,6,25.919999999999995,-8.403846153846153,-1.5999999999999996,QT450-10,296.67679857911565,,,,False
21,17,7,25.919999999999995,-8.403846153846153,0.0,QT450-10,297.8557915834097,,,,False
21,17,8,25.919999999999995,-8.403846153846153,1.6000000000000014,QT450-10,296.67679857911565,,,,False
21,17,9,25.919999999999995,-8.403846153846153,3.200000000000001,QT450-10,293.4432402927565,,,,False
21,17,10,25.919999999999995,-8.403846153846153,4.800000000000001,QT450-10,288.905011509325,,,,False
21,17,11,25.919999999999995,-8.403846153846153,6.400000000000002,QT450-10,283.96406089161826,,,,False
21,17,12,25.919999999999995,-8.403846153846153,8.0,QT450-10,279.4455263306212,,,,False
21,17,13,25.919999999999995,-8.403846153846153,9.600000000000001,QT450-10,275.9844601363954,,,,False
21,17,14,25.919999999999995,-8.403846153846153,11.200000000000003,QT450-10,273.99582642439316,,,,False
21,18,0,25.919999999999995,-6.826923076923077,-11.2,QT450-10,287.1098840734391,,,,False
21,18,1,25.919999999999995,-6.826923076923077,-9.6,QT450-10,289.71153784827055,,,,False
21,18,2,25.919999999999995,-6.826923076923077,-8.0,QT450-10,294.3375367192083,,,,False
21,18,3,25.919999999999995,-6.826923076923077,-6.3999999999999995,QT450-10,300.48706272162434,,,,False
21,18,4,25.919999999999995,-6.826923076923077,-4.8,QT450-10,307.3505889107179,,,,False
21,18,5,25.919999999999995,-6.826923076923077,-3.1999999999999993,QT450-10,313.79973508851697,,,,False
21,18,6,25.919999999999995,-6.826923076923077,-1.5999999999999996,QT450-10,318.4986172292906,,,,False
21,18,7,25.919999999999995,-6.826923076923077,0.0,QT450-10,320.2399927266916,,,,False
21,18,8,25.919999999999995,-6.826923076923077,1.6000000000000014,QT450-10,318.4986172292906,,,,False
21,18,9,25.919999999999995,-6.826923076923077,3.200000000000001,QT450-10,313.79973508851697,,,,False
21,18,10,25.919999999999995,-6.826923076923077,4.800000000000001,QT450-10,307.3505889107178,,,,False
21,18,11,25.919999999999995,-6.826923076923077,6.400000000000002,QT450-10,300.48706272162434,,,,False
21,18,12,25.919999999999995,-6.826923076923077,8.0,QT450-10,294.3375367192083,,,,False
21,18,13,25.919999999999995,-6.826923076923077,9.600000000000001,QT450-10,289.71153784827055,,,,False
21,18,14,25.919999999999995,-6.826923076923077,11.200000000000003,QT450-10,287.10988407343905,,,,False
21,19,0,25.919999999999995,-5.25,-11.2,QT450-10,299.8341581251662,,,,False
21,19,1,25.919999999999995,-5.25,-9.6,QT450-10,303.14935690075043,,,,False
21,19,2,25.919999999999995,-5.25,-8.0,QT450-10,309.15260075181834,,,,False
21,19,3,25.919999999999995,-5.25,-6.3999999999999995,QT450-10,317.2833108027687,,,,False
21,19,4,25.919999999999995,-5.25,-4.8,QT450-10,326.5749081395638,,,,False
21,19,5,25.919999999999995,-5.25,-3.1999999999999993,QT450-10,335.5592783801851,,,,False
21,19,6,25.919999999999995,-5.25,-1.5999999999999996,QT450-10,342.3129623595681,,,,False
21,19,7,25.919999999999995,-5.25,0.0,QT450-10,344.88305475129096,,,,False
21,19,8,25.919999999999995,-5.25,1.6000000000000014,QT450-10,342.312962359568,,,,False
21,19,9,25.919999999999995,-5.25,3.200000000000001,QT450-10,335.55927838018505,,,,False
21,19,10,25.919999999999995,-5.25,4.800000000000001,QT450-10,326.5749081395638,,,,False
21,19,11,25.919999999999995,-5.25,6.400000000000002,QT450-10,317.2833108027687,,,,False
21,19,12,25.919999999999995,-5.25,8.0,QT450-10,309.1526007518183,,,,False
21,19,13,25.919999999999995,-5.25,9.600000000000001,QT450-10,303.14935690075043,,,,False
21,19,14,25.919999999999995,-5.25,11.200000000000003,QT450-10,299.83415812516614,,,,False
21,20,0,25.919999999999995,-3.673076923076927,-11.2,QT450-10,311.4854631242336,,,,False
21,20,1,25.919999999999995,-3.673076923076927,-9.6,QT450-10,315.5660710210129,,,,False
21,20,2,25.919999999999995,-3.673076923076927,-8.0,QT450-10,323.05727102477283,,,,False
21,20,3,25.919999999999995,-3.673076923076927,-6.3999999999999995,QT450-10,333.3882071915863,,,,False
21,20,4,25.919999999999995,-3.673076923076927,-4.8,QT450-10,345.5013489512943,,,,False
21,20,5,25.919999999999995,-3.673076923076927,-3.1999999999999993,QT450-10,358.3702718784633,,,,False
21,20,6,25.919999999999995,-3.673076923076927,-1.5999999999999996,QT450-10,394.68515620597753,,,,False
21,20,7,25.919999999999995,-3.673076923076927,0.0,QT450-10,415.4002410201344,,,,False
21,20,8,25.919999999999995,-3.673076923076927,1.6000000000000014,QT450-10,394.6851562059775,,,,False
21,20,9,25.919999999999995,-3.673076923076927,3.200000000000001,QT450-10,358.37027187846326,,,,False
21,20,10,25.919999999999995,-3.673076923076927,4.800000000000001,QT450-10,345.50134895129423,,,,False
21,20,11,25.919999999999995,-3.673076923076927,6.400000000000002,QT450-10,333.3882071915863,,,,False
21,20,12,25.919999999999995,-3.673076923076927,8.0,QT450-10,323.0572710247728,,,,False
21,20,13,25.919999999999995,-3.673076923076927,9.600000000000001,QT450-10,315.5660710210129,,,,False
21,20,14,25.919999999999995,-3.673076923076927,11.200000000000003,QT450-10,311.48546312423355,,,,False
21,21,0,25.919999999999995,-2.0961538461538467,-11.2,ERNiFe-CI,323.7198446918868,,,,False
21,21,1,25.919999999999995,-2.0961538461538467,-9.6,ERNiFe-CI,328.7208726067913,,,,False
21,21,2,25.919999999999995,-2.0961538461538467,-8.0,ERNiFe-CI,337.9383453956148,,,,False
21,21,3,25.919999999999995,-2.0961538461538467,-6.3999999999999995,ERNiFe-CI,350.8655793339032,,,,False
21,21,4,25.919999999999995,-2.0961538461538467,-4.8,ERNiFe-CI,366.4499476778535,,,,False
21,21,5,25.919999999999995,-2.0961538461538467,-3.1999999999999993,ERNiFe-CI,419.9293577608693,,,,False
21,21,6,25.919999999999995,-2.0961538461538467,-1.5999999999999996,ERNiFe-CI,523.9286126715739,,,,False
21,21,7,25.919999999999995,-2.0961538461538467,0.0,ERNiFe-CI,615.9045023565423,,,,False
21,21,8,25.919999999999995,-2.0961538461538467,1.6000000000000014,ERNiFe-CI,523.9286126715738,,,,False
21,21,9,25.919999999999995,-2.0961538461538467,3.200000000000001,ERNiFe-CI,419.92935776086927,,,,False
21,21,10,25.919999999999995,-2.0961538461538467,4.800000000000001,ERNiFe-CI,366.44994767785346,,,,False
21,21,11,25.919999999999995,-2.0961538461538467,6.400000000000002,ERNiFe-CI,350.86557933390316,,,,False
21,21,12,25.919999999999995,-2.0961538461538467,8.0,ERNiFe-CI,337.9383453956148,,,,False
21,21,13,25.919999999999995,-2.0961538461538467,9.600000000000001,ERNiFe-CI,328.7208726067913,,,,False
21,21,14,25.919999999999995,-2.0961538461538467,11.200000000000003,ERNiFe-CI,323.7198446918868,,,,False
21,22,0,25.919999999999995,-0.5192307692307736,-11.2,ERNiFe-CI,336.8801165714015,,,,False
21,22,1,25.919999999999995,-0.5192307692307736,-9.6,ERNiFe-CI,342.67696019752634,,,,False
21,22,2,25.919999999999995,-0.5192307692307736,-8.0,ERNiFe-CI,353.4218650732332,,,,False
21,22,3,25.919999999999995,-0.5192307692307736,-6.3999999999999995,ERNiFe-CI,368.622518547136,,,,False
21,22,4,25.919999999999995,-0.5192307692307736,-4.8,ERNiFe-CI,393.99256347310376,,,,False
21,22,5,25.919999999999995,-0.5192307692307736,-3.1999999999999993,ERNiFe-CI,488.2910016211892,,,,False
21,22,6,25.919999999999995,-0.5192307692307736,-1.5999999999999996,ERNiFe-CI,718.351960892609,,,,False
21,22,7,25.919999999999995,-0.5192307692307736,0.0,ERNiFe-CI,961.9161847129615,32.810583473971576,36.0562126901448,3.2456292161732208,True
21,22,8,25.919999999999995,-0.5192307692307736,1.6000000000000014,ERNiFe-CI,718.3519608926085,,,,False
21,22,9,25.919999999999995,-0.5192307692307736,3.200000000000001,ERNiFe-CI,488.291001621189,,,,False
21,22,10,25.919999999999995,-0.5192307692307736,4.800000000000001,ERNiFe-CI,393.9925634731037,,,,False
21,22,11,25.919999999999995,-0.5192307692307736,6.400000000000002,ERNiFe-CI,368.622518547136,,,,False
21,22,12,25.919999999999995,-0.5192307692307736,8.0,ERNiFe-CI,353.4218650732332,,,,False
21,22,13,25.919999999999995,-0.5192307692307736,9.600000000000001,ERNiFe-CI,342.67696019752634,,,,False
21,22,14,25.919999999999995,-0.5192307692307736,11.200000000000003,ERNiFe-CI,336.8801165714015,,,,False
21,23,0,25.919999999999995,1.0576923076923066,-11.2,ERNiFe-CI,347.8025859442405,,,,False
21,23,1,25.919999999999995,1.0576923076923066,-9.6,ERNiFe-CI,354.0182054712031,,,,False
21,23,2,25.919999999999995,1.0576923076923066,-8.0,ERNiFe-CI,365.5220396929568,,,,False
21,23,3,25.919999999999995,1.0576923076923066,-6.3999999999999995,ERNiFe-CI,381.71966664239727,,,,False
21,23,4,25.919999999999995,1.0576923076923066,-4.8,ERNiFe-CI,405.9116507552194,,,,False
21,23,5,25.919999999999995,1.0576923076923066,-3.1999999999999993,ERNiFe-CI,491.79931163334226,,,,False
21,23,6,25.919999999999995,1.0576923076923066,-1.5999999999999996,ERNiFe-CI,684.1862883688498,,,,False
21,23,7,25.919999999999995,1.0576923076923066,0.0,ERNiFe-CI,877.306623223201,31.96727936963915,36.26911824417298,4.3018388745338285,True
21,23,8,25.919999999999995,1.0576923076923066,1.6000000000000014,ERNiFe-CI,684.1862883688494,,,,False
21,23,9,25.919999999999995,1.0576923076923066,3.200000000000001,ERNiFe-CI,491.7993116333422,,,,False
21,23,10,25.919999999999995,1.0576923076923066,4.800000000000001,ERNiFe-CI,405.91165075521934,,,,False
21,23,11,25.919999999999995,1.0576923076923066,6.400000000000002,ERNiFe-CI,381.71966664239727,,,,False
21,23,12,25.919999999999995,1.0576923076923066,8.0,ERNiFe-CI,365.52203969295675,,,,False
21,23,13,25.919999999999995,1.0576923076923066,9.600000000000001,ERNiFe-CI,354.01820547120303,,,,False
21,23,14,25.919999999999995,1.0576923076923066,11.200000000000003,ERNiFe-CI,347.8025859442405,,,,False
21,24,0,25.919999999999995,2.634615384615387,-11.2,ERNiFe-CI,356.15390407047414,,,,False
21,24,1,25.919999999999995,2.634615384615387,-9.6,ERNiFe-CI,362.4250823830796,,,,False
21,24,2,25.919999999999995,2.634615384615387,-8.0,ERNiFe-CI,373.97611032596933,,,,False
21,24,3,25.919999999999995,2.634615384615387,-6.3999999999999995,ERNiFe-CI,390.0249140133384,,,,False
21,24,4,25.919999999999995,2.634615384615387,-4.8,ERNiFe-CI,409.04212751120343,,,,False
21,24,5,25.919999999999995,2.634615384615387,-3.1999999999999993,ERNiFe-CI,459.5341499336417,,,,False
21,24,6,25.919999999999995,2.634615384615387,-1.5999999999999996,ERNiFe-CI,533.1721796099797,,,,False
21,24,7,25.919999999999995,2.634615384615387,0.0,ERNiFe-CI,594.7161096381108,,,,False
21,24,8,25.919999999999995,2.634615384615387,1.6000000000000014,ERNiFe-CI,533.1721796099796,,,,False
21,24,9,25.919999999999995,2.634615384615387,3.200000000000001,ERNiFe-CI,459.53414993364163,,,,False
21,24,10,25.919999999999995,2.634615384615387,4.800000000000001,ERNiFe-CI,409.04212751120343,,,,False
21,24,11,25.919999999999995,2.634615384615387,6.400000000000002,ERNiFe-CI,390.0249140133384,,,,False
21,24,12,25.919999999999995,2.634615384615387,8.0,ERNiFe-CI,373.97611032596933,,,,False
21,24,13,25.919999999999995,2.634615384615387,9.600000000000001,ERNiFe-CI,362.4250823830796,,,,False
21,24,14,25.919999999999995,2.634615384615387,11.200000000000003,ERNiFe-CI,356.15390407047414,,,,False
21,25,0,25.919999999999995,4.21153846153846,-11.2,Q235B,360.7041156714823,,,,False
21,25,1,25.919999999999995,4.21153846153846,-9.6,Q235B,366.7954372452873,,,,False
21,25,2,25.919999999999995,4.21153846153846,-8.0,Q235B,378.0711161608995,,,,False
21,25,3,25.919999999999995,4.21153846153846,-6.3999999999999995,Q235B,393.5694953960791,,,,False
21,25,4,25.919999999999995,4.21153846153846,-4.8,Q235B,411.58054489622316,,,,False
21,25,5,25.919999999999995,4.21153846153846,-3.1999999999999993,Q235B,438.90312698995973,,,,False
21,25,6,25.919999999999995,4.21153846153846,-1.5999999999999996,Q235B,481.2346078426132,,,,False
21,25,7,25.919999999999995,4.21153846153846,0.0,Q235B,502.23129477675934,,,,False
21,25,8,25.919999999999995,4.21153846153846,1.6000000000000014,Q235B,481.2346078426132,,,,False
21,25,9,25.919999999999995,4.21153846153846,3.200000000000001,Q235B,438.9031269899597,,,,False
21,25,10,25.919999999999995,4.21153846153846,4.800000000000001,Q235B,411.58054489622316,,,,False
21,25,11,25.919999999999995,4.21153846153846,6.400000000000002,Q235B,393.5694953960791,,,,False
21,25,12,25.919999999999995,4.21153846153846,8.0,Q235B,378.0711161608995,,,,False
21,25,13,25.919999999999995,4.21153846153846,9.600000000000001,Q235B,366.7954372452873,,,,False
21,25,14,25.919999999999995,4.21153846153846,11.200000000000003,Q235B,360.7041156714823,,,,False
22,0,0,28.799999999999997,-35.21153846153846,-11.2,QT450-10,166.37182111620305,,,,False
22,0,1,28.799999999999997,-35.21153846153846,-9.6,QT450-10,166.49856934134178,,,,False
22,0,2,28.799999999999997,-35.21153846153846,-8.0,QT450-10,166.60959787796486,,,,False
22,0,3,28.799999999999997,-35.21153846153846,-6.3999999999999995,QT450-10,166.70370057150868,,,,False
22,0,4,28.799999999999997,-35.21153846153846,-4.8,QT450-10,166.77931954325308,,,,False
22,0,5,28.799999999999997,-35.21153846153846,-3.1999999999999993,QT450-10,166.8348185947482,,,,False
22,0,6,28.799999999999997,-35.21153846153846,-1.5999999999999996,QT450-10,166.86876932382975,,,,False
22,0,7,28.799999999999997,-35.21153846153846,0.0,QT450-10,166.88020079542164,,,,False
22,0,8,28.799999999999997,-35.21153846153846,1.6000000000000014,QT450-10,166.86876932382975,,,,False
22,0,9,28.799999999999997,-35.21153846153846,3.200000000000001,QT450-10,166.8348185947482,,,,False
22,0,10,28.799999999999997,-35.21153846153846,4.800000000000001,QT450-10,166.77931954325308,,,,False
22,0,11,28.799999999999997,-35.21153846153846,6.400000000000002,QT450-10,166.70370057150868,,,,False
22,0,12,28.799999999999997,-35.21153846153846,8.0,QT450-10,166.60959787796486,,,,False
22,0,13,28.799999999999997,-35.21153846153846,9.600000000000001,QT450-10,166.49856934134178,,,,False
22,0,14,28.799999999999997,-35.21153846153846,11.200000000000003,QT450-10,166.37182111620305,,,,False
22,1,0,28.799999999999997,-33.63461538461539,-11.2,QT450-10,167.0111915572603,,,,False
22,1,1,28.799999999999997,-33.63461538461539,-9.6,QT450-10,167.1393711010467,,,,False
22,1,2,28.799999999999997,-33.63461538461539,-8.0,QT450-10,167.25233417895825,,,,False
22,1,3,28.799999999999997,-33.63461538461539,-6.3999999999999995,QT450-10,167.34864121417627,,,,False
22,1,4,28.799999999999997,-33.63461538461539,-4.8,QT450-10,167.42643684313757,,,,False
22,1,5,28.799999999999997,-33.63461538461539,-3.1999999999999993,QT450-10,167.4837733853327,,,,False
22,1,6,28.799999999999997,-33.63461538461539,-1.5999999999999996,QT450-10,167.518950606959,,,,False
22,1,7,28.799999999999997,-33.63461538461539,0.0,QT450-10,167.53081272719987,,,,False
22,1,8,28.799999999999997,-33.63461538461539,1.6000000000000014,QT450-10,167.518950606959,,,,False
22,1,9,28.799999999999997,-33.63461538461539,3.200000000000001,QT450-10,167.4837733853327,,,,False
22,1,10,28.799999999999997,-33.63461538461539,4.800000000000001,QT450-10,167.42643684313757,,,,False
22,1,11,28.799999999999997,-33.63461538461539,6.400000000000002,QT450-10,167.34864121417627,,,,False
22,1,12,28.799999999999997,-33.63461538461539,8.0,QT450-10,167.25233417895825,,,,False
22,1,13,28.799999999999997,-33.63461538461539,9.600000000000001,QT450-10,167.1393711010467,,,,False
22,1,14,28.799999999999997,-33.63461538461539,11.200000000000003,QT450-10,167.01119155726028,,,,False
22,2,0,28.799999999999997,-32.05769230769231,-11.2,QT450-10,168.1612107328759,,,,False
22,2,1,28.799999999999997,-32.05769230769231,-9.6,QT450-10,168.29225419109298,,,,False
22,2,2,28.799999999999997,-32.05769230769231,-8.0,QT450-10,168.40921281290028,,,,False
22,2,3,28.799999999999997,-32.05769230769231,-6.3999999999999995,QT450-10,168.51014269763726,,,,False
22,2,4,28.799999999999997,-32.05769230769231,-4.8,QT450-10,168.59254139534403,,,,False
22,2,5,28.799999999999997,-32.05769230769231,-3.1999999999999993,QT450-10,168.653782522408,,,,False
22,2,6,28.799999999999997,-32.05769230769231,-1.5999999999999996,QT450-10,168.69157304913944,,,,False
22,2,7,28.799999999999997,-32.05769230769231,0.0,QT450-10,168.70435388691664,,,,False
22,2,8,28.799999999999997,-32.05769230769231,1.6000000000000014,QT450-10,168.69157304913944,,,,False
22,2,9,28.799999999999997,-32.05769230769231,3.200000000000001,QT450-10,168.653782522408,,,,False
22,2,10,28.799999999999997,-32.05769230769231,4.800000000000001,QT450-10,168.59254139534403,,,,False
22,2,11,28.799999999999997,-32.05769230769231,6.400000000000002,QT450-10,168.51014269763726,,,,False
22,2,12,28.799999999999997,-32.05769230769231,8.0,QT450-10,168.40921281290028,,,,False
22,2,13,28.799999999999997,-32.05769230769231,9.600000000000001,QT450-10,168.29225419109298,,,,False
22,2,14,28.799999999999997,-32.05769230769231,11.200000000000003,QT450-10,168.1612107328759,,,,False
22,3,0,28.799999999999997,-30.48076923076923,-11.2,QT450-10,169.84341459668508,,,,False
22,3,1,28.799999999999997,-30.48076923076923,-9.6,QT450-10,169.9790805758032,,,,False
22,3,2,28.799999999999997,-30.48076923076923,-8.0,QT450-10,170.1026645442038,,,,False
22,3,3,28.799999999999997,-30.48076923076923,-6.3999999999999995,QT450-10,170.21135336154805,,,,False
22,3,4,28.799999999999997,-30.48076923076923,-4.8,QT450-10,170.30152819044878,,,,False
22,3,5,28.799999999999997,-30.48076923076923,-3.1999999999999993,QT450-10,170.3693903141873,,,,False
22,3,6,28.799999999999997,-30.48076923076923,-1.5999999999999996,QT450-10,170.4116216677606,,,,False
22,3,7,28.799999999999997,-30.48076923076923,0.0,QT450-10,170.4259652186627,,,,False
22,3,8,28.799999999999997,-30.48076923076923,1.6000000000000014,QT450-10,170.4116216677606,,,,False
22,3,9,28.799999999999997,-30.48076923076923,3.200000000000001,QT450-10,170.3693903141873,,,,False
22,3,10,28.799999999999997,-30.48076923076923,4.800000000000001,QT450-10,170.30152819044878,,,,False
22,3,11,28.799999999999997,-30.48076923076923,6.400000000000002,QT450-10,170.21135336154805,,,,False
22,3,12,28.799999999999997,-30.48076923076923,8.0,QT450-10,170.1026645442038,,,,False
22,3,13,28.799999999999997,-30.48076923076923,9.600000000000001,QT450-10,169.9790805758032,,,,False
22,3,14,28.799999999999997,-30.48076923076923,11.200000000000003,QT450-10,169.84341459668508,,,,False
22,4,0,28.799999999999997,-28.903846153846153,-11.2,QT450-10,172.09001315189502,,,,False
22,4,1,28.799999999999997,-28.903846153846153,-9.6,QT450-10,172.23261743212686,,,,False
22,4,2,28.799999999999997,-28.903846153846153,-8.0,QT450-10,172.36643047410098,,,,False
22,4,3,28.799999999999997,-28.903846153846153,-6.3999999999999995,QT450-10,172.4872462687026,,,,False
22,4,4,28.799999999999997,-28.903846153846153,-4.8,QT450-10,172.58965462354186,,,,False
22,4,5,28.799999999999997,-28.903846153846153,-3.1999999999999993,QT450-10,172.66797263041752,,,,False
22,4,6,28.799999999999997,-28.903846153846153,-1.5999999999999996,QT450-10,172.71723220364737,,,,False
22,4,7,28.799999999999997,-28.903846153846153,0.0,QT450-10,172.7340514463601,,,,False
22,4,8,28.799999999999997,-28.903846153846153,1.6000000000000014,QT450-10,172.71723220364737,,,,False
22,4,9,28.799999999999997,-28.903846153846153,3.200000000000001,QT450-10,172.66797263041752,,,,False
22,4,10,28.799999999999997,-28.903846153846153,4.800000000000001,QT450-10,172.58965462354186,,,,False
22,4,11,28.799999999999997,-28.903846153846153,6.400000000000002,QT450-10,172.4872462687026,,,,False
22,4,12,28.799999999999997,-28.903846153846153,8.0,QT450-10,172.36643047410098,,,,False
22,4,13,28.799999999999997,-28.903846153846153,9.600000000000001,QT450-10,172.23261743212686,,,,False
22,4,14,28.799999999999997,-28.903846153846153,11.200000000000003,QT450-10,172.09001315189502,,,,False
22,5,0,28.799999999999997,-27.326923076923077,-11.2,QT450-10,174.94411676139552,,,,False
22,5,1,28.799999999999997,-27.326923076923077,-9.6,QT450-10,175.09685554858984,,,,False
22,5,2,28.799999999999997,-27.326923076923077,-8.0,QT450-10,175.24605027656784,,,,False
22,5,3,28.799999999999997,-27.326923076923077,-6.3999999999999995,QT450-10,175.385326588367,,,,False
22,5,4,28.799999999999997,-27.326923076923077,-4.8,QT450-10,175.50647977688106,,,,False
22,5,5,28.799999999999997,-27.326923076923077,-3.1999999999999993,QT450-10,175.60088060384442,,,,False
22,5,6,28.799999999999997,-27.326923076923077,-1.5999999999999996,QT450-10,175.6609749325588,,,,False
22,5,7,28.799999999999997,-27.326923076923077,0.0,QT450-10,175.681614714893,,,,False
22,5,8,28.799999999999997,-27.326923076923077,1.6000000000000014,QT450-10,175.6609749325588,,,,False
22,5,9,28.799999999999997,-27.326923076923077,3.200000000000001,QT450-10,175.60088060384442,,,,False
22,5,10,28.799999999999997,-27.326923076923077,4.800000000000001,QT450-10,175.50647977688106,,,,False
22,5,11,28.799999999999997,-27.326923076923077,6.400000000000002,QT450-10,175.385326588367,,,,False
22,5,12,28.799999999999997,-27.326923076923077,8.0,QT450-10,175.24605027656784,,,,False
22,5,13,28.799999999999997,-27.326923076923077,9.600000000000001,QT450-10,175.09685554858984,,,,False
22,5,14,28.799999999999997,-27.326923076923077,11.200000000000003,QT450-10,174.94411676139552,,,,False
22,6,0,28.799999999999997,-25.75,-11.2,QT450-10,178.45990352541506,,,,False
22,6,1,28.799999999999997,-25.75,-9.6,QT450-10,178.62732263827246,,,,False
22,6,2,28.799999999999997,-25.75,-8.0,QT450-10,178.79944340099965,,,,False
22,6,3,28.799999999999997,-25.75,-6.3999999999999995,QT450-10,178.96656044485204,,,,False
22,6,4,28.799999999999997,-25.75,-4.8,QT450-10,179.11616327425799,,,,False
22,6,5,28.799999999999997,-25.75,-3.1999999999999993,QT450-10,179.23506735656113,,,,False
22,6,6,28.799999999999997,-25.75,-1.5999999999999996,QT450-10,179.31170702458985,,,,False
22,6,7,28.799999999999997,-25.75,0.0,QT450-10,179.33818737153985,,,,False
22,6,8,28.799999999999997,-25.75,1.6000000000000014,QT450-10,179.31170702458985,,,,False
22,6,9,28.799999999999997,-25.75,3.200000000000001,QT450-10,179.23506735656113,,,,False
22,6,10,28.799999999999997,-25.75,4.800000000000001,QT450-10,179.11616327425799,,,,False
22,6,11,28.799999999999997,-25.75,6.400000000000002,QT450-10,178.96656044485204,,,,False
22,6,12,28.799999999999997,-25.75,8.0,QT450-10,178.79944340099965,,,,False
22,6,13,28.799999999999997,-25.75,9.600000000000001,QT450-10,178.62732263827246,,,,False
22,6,14,28.799999999999997,-25.75,11.200000000000003,QT450-10,178.45990352541506,,,,False
22,7,0,28.799999999999997,-24.173076923076923,-11.2,QT450-10,182.70258472508152,,,,False
22,7,1,28.799999999999997,-24.173076923076923,-9.6,QT450-10,182.89127012351122,,,,False
22,7,2,28.799999999999997,-24.173076923076923,-8.0,QT450-10,183.09750430595795,,,,False
22,7,3,28.799999999999997,-24.173076923076923,-6.3999999999999995,QT450-10,183.30650430604155,,,,False
22,7,4,28.799999999999997,-24.173076923076923,-4.8,QT450-10,183.4991679990123,,,,False
22,7,5,28.799999999999997,-24.173076923076923,-3.1999999999999993,QT450-10,183.6553027512753,,,,False
22,7,6,28.799999999999997,-24.173076923076923,-1.5999999999999996,QT450-10,183.7571417884541,,,,False
22,7,7,28.799999999999997,-24.173076923076923,0.0,QT450-10,183.79252797504245,,,,False
22,7,8,28.799999999999997,-24.173076923076923,1.6000000000000014,QT450-10,183.7571417884541,,,,False
22,7,9,28.799999999999997,-24.173076923076923,3.200000000000001,QT450-10,183.6553027512753,,,,False
22,7,10,28.799999999999997,-24.173076923076923,4.800000000000001,QT450-10,183.4991679990123,,,,False
22,7,11,28.799999999999997,-24.173076923076923,6.400000000000002,QT450-10,183.30650430604155,,,,False
22,7,12,28.799999999999997,-24.173076923076923,8.0,QT450-10,183.09750430595795,,,,False
22,7,13,28.799999999999997,-24.173076923076923,9.600000000000001,QT450-10,182.89127012351122,,,,False
22,7,14,28.799999999999997,-24.173076923076923,11.200000000000003,QT450-10,182.70258472508152,,,,False
22,8,0,28.799999999999997,-22.596153846153847,-11.2,QT450-10,187.74793908483483,,,,False
22,8,1,28.799999999999997,-22.596153846153847,-9.6,QT450-10,187.96753456912748,,,,False
22,8,2,28.799999999999997,-22.596153846153847,-8.0,QT450-10,188.2245740758868,,,,False
22,8,3,28.799999999999997,-22.596153846153847,-6.3999999999999995,QT450-10,188.4965840923969,,,,False
22,8,4,28.799999999999997,-22.596153846153847,-4.8,QT450-10,188.75441657395658,,,,False
22,8,5,28.799999999999997,-22.596153846153847,-3.1999999999999993,QT450-10,188.9671221792463,,,,False
22,8,6,28.799999999999997,-22.596153846153847,-1.5999999999999996,QT450-10,189.10735065432,,,,False
22,8,7,28.799999999999997,-22.596153846153847,0.0,QT450-10,189.15632200817208,,,,False
22,8,8,28.799999999999997,-22.596153846153847,1.6000000000000014,QT450-10,189.10735065432,,,,False
22,8,9,28.799999999999997,-22.596153846153847,3.200000000000001,QT450-10,188.9671221792463,,,,False
22,8,10,28.799999999999997,-22.596153846153847,4.800000000000001,QT450-10,188.75441657395658,,,,False
22,8,11,28.799999999999997,-22.596153846153847,6.400000000000002,QT450-10,188.4965840923969,,,,False
22,8,12,28.799999999999997,-22.596153846153847,8.0,QT450-10,188.2245740758868,,,,False
22,8,13,28.799999999999997,-22.596153846153847,9.600000000000001,QT450-10,187.96753456912748,,,,False
22,8,14,28.799999999999997,-22.596153846153847,11.200000000000003,QT450-10,187.74793908483483,,,,False
22,9,0,28.799999999999997,-21.01923076923077,-11.2,QT450-10,193.681052116914,,,,False
22,9,1,28.799999999999997,-21.01923076923077,-9.6,QT450-10,193.94575135459516,,,,False
22,9,2,28.799999999999997,-21.01923076923077,-8.0,QT450-10,194.2785533075355,,,,False
22,9,3,28.799999999999997,-21.01923076923077,-6.3999999999999995,QT450-10,194.64541694727524,,,,False
22,9,4,28.799999999999997,-21.01923076923077,-4.8,QT450-10,195.00194787195673,,,,False
22,9,5,28.799999999999997,-21.01923076923077,-3.1999999999999993,QT450-10,195.30070632028404,,,,False
22,9,6,28.799999999999997,-21.01923076923077,-1.5999999999999996,QT450-10,195.49950682538616,,,,False
22,9,7,28.799999999999997,-21.01923076923077,0.0,QT450-10,195.5692378234169,,,,False
22,9,8,28.799999999999997,-21.01923076923077,1.6000000000000014,QT450-10,195.49950682538616,,,,False
22,9,9,28.799999999999997,-21.01923076923077,3.200000000000001,QT450-10,195.30070632028404,,,,False
22,9,10,28.799999999999997,-21.01923076923077,4.800000000000001,QT450-10,195.00194787195673,,,,False
22,9,11,28.799999999999997,-21.01923076923077,6.400000000000002,QT450-10,194.64541694727524,,,,False
22,9,12,28.799999999999997,-21.01923076923077,8.0,QT450-10,194.2785533075355,,,,False
22,9,13,28.799999999999997,-21.01923076923077,9.600000000000001,QT450-10,193.94575135459516,,,,False
22,9,14,28.799999999999997,-21.01923076923077,11.200000000000003,QT450-10,193.68105211691397,,,,False
22,10,0,28.799999999999997,-19.442307692307693,-11.2,QT450-10,200.59396464522058,,,,False
22,10,1,28.799999999999997,-19.442307692307693,-9.6,QT450-10,200.92483611696613,,,,False
22,10,2,28.799999999999997,-19.442307692307693,-8.0,QT450-10,201.37090872664734,,,,False
22,10,3,28.799999999999997,-19.442307692307693,-6.3999999999999995,QT450-10,201.88086357413752,,,,False
22,10,4,28.799999999999997,-19.442307692307693,-4.8,QT450-10,202.3872500246039,,,,False
22,10,5,28.799999999999997,-19.442307692307693,-3.1999999999999993,QT450-10,202.81733206753736,,,,False
22,10,6,28.799999999999997,-19.442307692307693,-1.5999999999999996,QT450-10,203.10584942841746,,,,False
22,10,7,28.799999999999997,-19.442307692307693,0.0,QT450-10,203.20744151253518,,,,False
22,10,8,28.799999999999997,-19.442307692307693,1.6000000000000014,QT450-10,203.10584942841746,,,,False
22,10,9,28.799999999999997,-19.442307692307693,3.200000000000001,QT450-10,202.81733206753736,,,,False
22,10,10,28.799999999999997,-19.442307692307693,4.800000000000001,QT450-10,202.3872500246039,,,,False
22,10,11,28.799999999999997,-19.442307692307693,6.400000000000002,QT450-10,201.88086357413752,,,,False
22,10,12,28.799999999999997,-19.442307692307693,8.0,QT450-10,201.37090872664734,,,,False
22,10,13,28.799999999999997,-19.442307692307693,9.600000000000001,QT450-10,200.92483611696613,,,,False
22,10,14,28.799999999999997,-19.442307692307693,11.200000000000003,QT450-10,200.59396464522058,,,,False
22,11,0,28.799999999999997,-17.865384615384617,-11.2,QT450-10,208.58520013897876,,,,False
22,11,1,28.799999999999997,-17.865384615384617,-9.6,QT450-10,209.01345546989387,,,,False
22,11,2,28.799999999999997,-17.865384615384617,-8.0,QT450-10,209.628953442862,,,,False
22,11,3,28.799999999999997,-17.865384615384617,-6.3999999999999995,QT450-10,210.35485355927102,,,,False
22,11,4,28.799999999999997,-17.865384615384617,-4.8,QT450-10,211.08904858299545,,,,False
22,11,5,28.799999999999997,-17.865384615384617,-3.1999999999999993,QT450-10,211.72001715590034,,,,False
22,11,6,28.799999999999997,-17.865384615384617,-1.5999999999999996,QT450-10,212.1464273563448,,,,False
22,11,7,28.799999999999997,-17.865384615384617,0.0,QT450-10,212.2971165293316,,,,False
22,11,8,28.799999999999997,-17.865384615384617,1.6000000000000014,QT450-10,212.1464273563448,,,,False
22,11,9,28.799999999999997,-17.865384615384617,3.200000000000001,QT450-10,211.72001715590034,,,,False
22,11,10,28.799999999999997,-17.865384615384617,4.800000000000001,QT450-10,211.08904858299545,,,,False
22,11,11,28.799999999999997,-17.865384615384617,6.400000000000002,QT450-10,210.35485355927102,,,,False
22,11,12,28.799999999999997,-17.865384615384617,8.0,QT450-10,209.628953442862,,,,False
22,11,13,28.799999999999997,-17.865384615384617,9.600000000000001,QT450-10,209.01345546989387,,,,False
22,11,14,28.799999999999997,-17.865384615384617,11.200000000000003,QT450-10,208.58520013897876,,,,False
22,12,0,28.799999999999997,-16.28846153846154,-11.2,QT450-10,217.75233754246517,,,,False
22,12,1,28.799999999999997,-16.28846153846154,-9.6,QT450-10,218.3235338639086,,,,False
22,12,2,28.799999999999997,-16.28846153846154,-8.0,QT450-10,219.19153815800763,,,,False
22,12,3,28.799999999999997,-16.28846153846154,-6.3999999999999995,QT450-10,220.24242968120564,,,,False
22,12,4,28.799999999999997,-16.28846153846154,-4.8,QT450-10,221.32254431512956,,,,False
22,12,5,28.799999999999997,-16.28846153846154,-3.1999999999999993,QT450-10,222.26104462247005,,,,False
22,12,6,28.799999999999997,-16.28846153846154,-1.5999999999999996,QT450-10,222.8999101826006,,,,False
22,12,7,28.799999999999997,-16.28846153846154,0.0,QT450-10,223.12651699940483,,,,False
22,12,8,28.799999999999997,-16.28846153846154,1.6000000000000014,QT450-10,222.8999101826006,,,,False
22,12,9,28.799999999999997,-16.28846153846154,3.200000000000001,QT450-10,222.26104462247005,,,,False
22,12,10,28.799999999999997,-16.28846153846154,4.800000000000001,QT450-10,221.32254431512956,,,,False
22,12,11,28.799999999999997,-16.28846153846154,6.400000000000002,QT450-10,220.2424296812056,,,,False
22,12,12,28.799999999999997,-16.28846153846154,8.0,QT450-10,219.1915381580076,,,,False
22,12,13,28.799999999999997,-16.28846153846154,9.600000000000001,QT450-10,218.3235338639086,,,,False
22,12,14,28.799999999999997,-16.28846153846154,11.200000000000003,QT450-10,217.75233754246517,,,,False
22,13,0,28.799999999999997,-14.711538461538463,-11.2,QT450-10,228.17436214246075,,,,False
22,13,1,28.799999999999997,-14.711538461538463,-9.6,QT450-10,228.95436570512697,,,,False
22,13,2,28.799999999999997,-14.711538461538463,-8.0,QT450-10,230.1966224827579,,,,False
22,13,3,28.799999999999997,-14.711538461538463,-6.3999999999999995,QT450-10,231.73466444142267,,,,False
22,13,4,28.799999999999997,-14.711538461538463,-4.8,QT450-10,233.3392565073147,,,,False
22,13,5,28.799999999999997,-14.711538461538463,-3.1999999999999993,QT450-10,234.74917127940014,,,,False
22,13,6,28.799999999999997,-14.711538461538463,-1.5999999999999996,QT450-10,235.71663377516188,,,,False
22,13,7,28.799999999999997,-14.711538461538463,0.0,QT450-10,236.06126402298838,,,,False
22,13,8,28.799999999999997,-14.711538461538463,1.6000000000000014,QT450-10,235.71663377516188,,,,False
22,13,9,28.799999999999997,-14.711538461538463,3.200000000000001,QT450-10,234.74917127940014,,,,False
22,13,10,28.799999999999997,-14.711538461538463,4.800000000000001,QT450-10,233.33925650731467,,,,False
22,13,11,28.799999999999997,-14.711538461538463,6.400000000000002,QT450-10,231.73466444142267,,,,False
22,13,12,28.799999999999997,-14.711538461538463,8.0,QT450-10,230.1966224827579,,,,False
22,13,13,28.799999999999997,-14.711538461538463,9.600000000000001,QT450-10,228.95436570512697,,,,False
22,13,14,28.799999999999997,-14.711538461538463,11.200000000000003,QT450-10,228.17436214246075,,,,False
22,14,0,28.799999999999997,-13.134615384615387,-11.2,QT450-10,239.89562730385273,,,,False
22,14,1,28.799999999999997,-13.134615384615387,-9.6,QT450-10,240.97789813978233,,,,False
22,14,2,28.799999999999997,-13.134615384615387,-8.0,QT450-10,242.76986566598316,,,,False
22,14,3,28.799999999999997,-13.134615384615387,-6.3999999999999995,QT450-10,245.03331055673178,,,,False
22,14,4,28.799999999999997,-13.134615384615387,-4.8,QT450-10,247.43070193943922,,,,False
22,14,5,28.799999999999997,-13.134615384615387,-3.1999999999999993,QT450-10,249.56401026241133,,,,False
22,14,6,28.799999999999997,-13.134615384615387,-1.5999999999999996,QT450-10,251.04215311361486,,,,False
22,14,7,28.799999999999997,-13.134615384615387,0.0,QT450-10,251.5715919142593,,,,False
22,14,8,28.799999999999997,-13.134615384615387,1.6000000000000014,QT450-10,251.04215311361486,,,,False
22,14,9,28.799999999999997,-13.134615384615387,3.200000000000001,QT450-10,249.56401026241133,,,,False
22,14,10,28.799999999999997,-13.134615384615387,4.800000000000001,QT450-10,247.4307019394392,,,,False
22,14,11,28.799999999999997,-13.134615384615387,6.400000000000002,QT450-10,245.03331055673175,,,,False
22,14,12,28.799999999999997,-13.134615384615387,8.0,QT450-10,242.76986566598313,,,,False
22,14,13,28.799999999999997,-13.134615384615387,9.600000000000001,QT450-10,240.9778981397823,,,,False
22,14,14,28.799999999999997,-13.134615384615387,11.200000000000003,QT450-10,239.89562730385273,,,,False
22,15,0,28.799999999999997,-11.55769230769231,-11.2,QT450-10,252.89808576224712,,,,False
22,15,1,28.799999999999997,-11.55769230769231,-9.6,QT450-10,254.41153885802373,,,,False
22,15,2,28.799999999999997,-11.55769230769231,-8.0,QT450-10,256.9999000521576,,,,False
22,15,3,28.799999999999997,-11.55769230769231,-6.3999999999999995,QT450-10,260.33246194981257,,,,False
22,15,4,28.799999999999997,-11.55769230769231,-4.8,QT450-10,263.9219101096895,,,,False
22,15,5,28.799999999999997,-11.55769230769231,-3.1999999999999993,QT450-10,267.1658423276851,,,,False
22,15,6,28.799999999999997,-11.55769230769231,-1.5999999999999996,QT450-10,269.44250889109657,,,,False
22,15,7,28.799999999999997,-11.55769230769231,0.0,QT450-10,270.26421867357925,,,,False
22,15,8,28.799999999999997,-11.55769230769231,1.6000000000000014,QT450-10,269.44250889109657,,,,False
22,15,9,28.799999999999997,-11.55769230769231,3.200000000000001,QT450-10,267.1658423276851,,,,False
22,15,10,28.799999999999997,-11.55769230769231,4.800000000000001,QT450-10,263.9219101096895,,,,False
22,15,11,28.799999999999997,-11.55769230769231,6.400000000000002,QT450-10,260.3324619498125,,,,False
22,15,12,28.799999999999997,-11.55769230769231,8.0,QT450-10,256.99990005215756,,,,False
22,15,13,28.799999999999997,-11.55769230769231,9.600000000000001,QT450-10,254.4115388580237,,,,False
22,15,14,28.799999999999997,-11.55769230769231,11.200000000000003,QT450-10,252.89808576224712,,,,False
22,16,0,28.799999999999997,-9.98076923076923,-11.2,QT450-10,267.0631032874925,,,,False
22,16,1,28.799999999999997,-9.98076923076923,-9.6,QT450-10,269.1781566716235,,,,False
22,16,2,28.799999999999997,-9.98076923076923,-8.0,QT450-10,272.8970619825083,,,,False
22,16,3,28.799999999999997,-9.98076923076923,-6.3999999999999995,QT450-10,277.7808251326651,,,,False
22,16,4,28.799999999999997,-9.98076923076923,-4.8,QT450-10,283.14672368733454,,,,False
22,16,5,28.799999999999997,-9.98076923076923,-3.1999999999999993,QT450-10,288.0944850158901,,,,False
22,16,6,28.799999999999997,-9.98076923076923,-1.5999999999999996,QT450-10,291.6293444206158,,,,False
22,16,7,28.799999999999997,-9.98076923076923,0.0,QT450-10,292.91977945607516,,,,False
22,16,8,28.799999999999997,-9.98076923076923,1.6000000000000014,QT450-10,291.6293444206158,,,,False
22,16,9,28.799999999999997,-9.98076923076923,3.200000000000001,QT450-10,288.0944850158901,,,,False
22,16,10,28.799999999999997,-9.98076923076923,4.800000000000001,QT450-10,283.14672368733454,,,,False
22,16,11,28.799999999999997,-9.98076923076923,6.400000000000002,QT450-10,277.7808251326651,,,,False
22,16,12,28.799999999999997,-9.98076923076923,8.0,QT450-10,272.8970619825083,,,,False
22,16,13,28.799999999999997,-9.98076923076923,9.600000000000001,QT450-10,269.1781566716235,,,,False
22,16,14,28.799999999999997,-9.98076923076923,11.200000000000003,QT450-10,267.0631032874925,,,,False
22,17,0,28.799999999999997,-8.403846153846153,-11.2,QT450-10,282.1235340928834,,,,False
22,17,1,28.799999999999997,-8.403846153846153,-9.6,QT450-10,285.0512909972913,,,,False
22,17,2,28.799999999999997,-8.403846153846153,-8.0,QT450-10,290.32816081030757,,,,False
22,17,3,28.799999999999997,-8.403846153846153,-6.3999999999999995,QT450-10,297.4098051165308,,,,False
22,17,4,28.799999999999997,-8.403846153846153,-4.8,QT450-10,305.38383537020616,,,,False
22,17,5,28.799999999999997,-8.403846153846153,-3.1999999999999993,QT450-10,312.9360167254348,,,,False
22,17,6,28.799999999999997,-8.403846153846153,-1.5999999999999996,QT450-10,318.4715353643781,,,,False
22,17,7,28.799999999999997,-8.403846153846153,0.0,QT450-10,320.5289551004622,,,,False
22,17,8,28.799999999999997,-8.403846153846153,1.6000000000000014,QT450-10,318.4715353643781,,,,False
22,17,9,28.799999999999997,-8.403846153846153,3.200000000000001,QT450-10,312.9360167254348,,,,False
22,17,10,28.799999999999997,-8.403846153846153,4.800000000000001,QT450-10,305.38383537020616,,,,False
22,17,11,28.799999999999997,-8.403846153846153,6.400000000000002,QT450-10,297.4098051165308,,,,False
22,17,12,28.799999999999997,-8.403846153846153,8.0,QT450-10,290.32816081030757,,,,False
22,17,13,28.799999999999997,-8.403846153846153,9.600000000000001,QT450-10,285.05129099729123,,,,False
22,17,14,28.799999999999997,-8.403846153846153,11.200000000000003,QT450-10,282.12353409288335,,,,False
22,18,0,28.799999999999997,-6.826923076923077,-11.2,QT450-10,297.6121602632295,,,,False
22,18,1,28.799999999999997,-6.826923076923077,-9.6,QT450-10,301.5881253847559,,,,False
22,18,2,28.799999999999997,-6.826923076923077,-8.0,QT450-10,308.9210227604851,,,,False
22,18,3,28.799999999999997,-6.826923076923077,-6.3999999999999995,QT450-10,319.006012528787,,,,False
22,18,4,28.799999999999997,-6.826923076923077,-4.8,QT450-10,330.71419553258573,,,,False
22,18,5,28.799999999999997,-6.826923076923077,-3.1999999999999993,QT450-10,342.20863525142136,,,,False
22,18,6,28.799999999999997,-6.826923076923077,-1.5999999999999996,QT450-10,350.95647399984705,,,,False
22,18,7,28.799999999999997,-6.826923076923077,0.0,QT450-10,354.30658314393906,,,,False
22,18,8,28.799999999999997,-6.826923076923077,1.6000000000000014,QT450-10,350.95647399984705,,,,False
22,18,9,28.799999999999997,-6.826923076923077,3.200000000000001,QT450-10,342.20863525142136,,,,False
22,18,10,28.799999999999997,-6.826923076923077,4.800000000000001,QT450-10,330.71419553258573,,,,False
22,18,11,28.799999999999997,-6.826923076923077,6.400000000000002,QT450-10,319.0060125287869,,,,False
22,18,12,28.799999999999997,-6.826923076923077,8.0,QT450-10,308.921022760485,,,,False
22,18,13,28.799999999999997,-6.826923076923077,9.600000000000001,QT450-10,301.58812538475587,,,,False
22,18,14,28.799999999999997,-6.826923076923077,11.200000000000003,QT450-10,297.61216026322944,,,,False
22,19,0,28.799999999999997,-5.25,-11.2,QT450-10,312.82242747760506,,,,False
22,19,1,28.799999999999997,-5.25,-9.6,QT450-10,318.06393509853854,,,,False
22,19,2,28.799999999999997,-5.25,-8.0,QT450-10,327.94232289145685,,,,False
22,19,3,28.799999999999997,-5.25,-6.3999999999999995,QT450-10,341.9062610316803,,,,False
22,19,4,28.799999999999997,-5.25,-4.8,QT450-10,358.73506921817994,,,,False
22,19,5,28.799999999999997,-5.25,-3.1999999999999993,QT450-10,376.06241598091975,,,,False
22,19,6,28.799999999999997,-5.25,-1.5999999999999996,QT450-10,390.004707539368,,,,False
22,19,7,28.799999999999997,-5.25,0.0,QT450-10,395.6310986663587,,,,False
22,19,8,28.799999999999997,-5.25,1.6000000000000014,QT450-10,390.004707539368,,,,False
22,19,9,28.799999999999997,-5.25,3.200000000000001,QT450-10,376.06241598091975,,,,False
22,19,10,28.799999999999997,-5.25,4.800000000000001,QT450-10,358.73506921817994,,,,False
22,19,11,28.799999999999997,-5.25,6.400000000000002,QT450-10,341.9062610316803,,,,False
22,19,12,28.799999999999997,-5.25,8.0,QT450-10,327.94232289145685,,,,False
22,19,13,28.799999999999997,-5.25,9.600000000000001,QT450-10,318.06393509853854,,,,False
22,19,14,28.799999999999997,-5.25,11.200000000000003,QT450-10,312.82242747760506,,,,False
22,20,0,28.799999999999997,-3.673076923076927,-11.2,QT450-10,326.81057855314543,,,,False
22,20,1,28.799999999999997,-3.673076923076927,-9.6,QT450-10,333.4429881564097,,,,False
22,20,2,28.799999999999997,-3.673076923076927,-8.0,QT450-10,346.1822412918588,,,,False
22,20,3,28.799999999999997,-3.673076923076927,-6.3999999999999995,QT450-10,364.72021498037253,,,,False
22,20,4,28.799999999999997,-3.673076923076927,-4.8,QT450-10,388.05252759740523,,,,False
22,20,5,28.799999999999997,-3.673076923076927,-3.1999999999999993,QT450-10,413.6714412357067,,,,False
22,20,6,28.799999999999997,-3.673076923076927,-1.5999999999999996,QT450-10,436.1688963388665,,,,False
22,20,7,28.799999999999997,-3.673076923076927,0.0,QT450-10,446.17998504262084,,,,False
22,20,8,28.799999999999997,-3.673076923076927,1.6000000000000014,QT450-10,436.1688963388665,,,,False
22,20,9,28.799999999999997,-3.673076923076927,3.200000000000001,QT450-10,413.6714412357067,,,,False
22,20,10,28.799999999999997,-3.673076923076927,4.800000000000001,QT450-10,388.0525275974052,,,,False
22,20,11,28.799999999999997,-3.673076923076927,6.400000000000002,QT450-10,364.7202149803725,,,,False
22,20,12,28.799999999999997,-3.673076923076927,8.0,QT450-10,346.1822412918588,,,,False
22,20,13,28.799999999999997,-3.673076923076927,9.600000000000001,QT450-10,333.4429881564097,,,,False
22,20,14,28.799999999999997,-3.673076923076927,11.200000000000003,QT450-10,326.81057855314543,,,,False
22,21,0,28.799999999999997,-2.0961538461538467,-11.2,ERNiFe-CI,341.2954677832948,,,,False
22,21,1,28.799999999999997,-2.0961538461538467,-9.6,ERNiFe-CI,349.5722656850363,,,,False
22,21,2,28.799999999999997,-2.0961538461538467,-8.0,ERNiFe-CI,365.6714887901266,,,,False
22,21,3,28.799999999999997,-2.0961538461538467,-6.3999999999999995,ERNiFe-CI,389.8065140443183,,,,False
22,21,4,28.799999999999997,-2.0961538461538467,-4.8,ERNiFe-CI,421.7559402471722,,,,False
22,21,5,28.799999999999997,-2.0961538461538467,-3.1999999999999993,ERNiFe-CI,459.77831265825256,,,,False
22,21,6,28.799999999999997,-2.0961538461538467,-1.5999999999999996,ERNiFe-CI,535.1347273773017,,,,False
22,21,7,28.799999999999997,-2.0961538461538467,0.0,ERNiFe-CI,628.1993599703949,,,,False
22,21,8,28.799999999999997,-2.0961538461538467,1.6000000000000014,ERNiFe-CI,535.1347273773016,,,,False
22,21,9,28.799999999999997,-2.0961538461538467,3.200000000000001,ERNiFe-CI,459.7783126582525,,,,False
22,21,10,28.799999999999997,-2.0961538461538467,4.800000000000001,ERNiFe-CI,421.7559402471721,,,,False
22,21,11,28.799999999999997,-2.0961538461538467,6.400000000000002,ERNiFe-CI,389.8065140443182,,,,False
22,21,12,28.799999999999997,-2.0961538461538467,8.0,ERNiFe-CI,365.67148879012655,,,,False
22,21,13,28.799999999999997,-2.0961538461538467,9.600000000000001,ERNiFe-CI,349.5722656850363,,,,False
22,21,14,28.799999999999997,-2.0961538461538467,11.200000000000003,ERNiFe-CI,341.2954677832948,,,,False
22,22,0,28.799999999999997,-0.5192307692307736,-11.2,ERNiFe-CI,356.7791218158455,,,,False
22,22,1,28.799999999999997,-0.5192307692307736,-9.6,ERNiFe-CI,366.4589135921186,,,,False
22,22,2,28.799999999999997,-0.5192307692307736,-8.0,ERNiFe-CI,385.44729859635913,,,,False
22,22,3,28.799999999999997,-0.5192307692307736,-6.3999999999999995,ERNiFe-CI,414.35367419769017,,,,False
22,22,4,28.799999999999997,-0.5192307692307736,-4.8,ERNiFe-CI,453.71393964995633,,,,False
22,22,5,28.799999999999997,-0.5192307692307736,-3.1999999999999993,ERNiFe-CI,509.38341577073203,,,,False
22,22,6,28.799999999999997,-0.5192307692307736,-1.5999999999999996,ERNiFe-CI,731.7887001102087,,,,False
22,22,7,28.799999999999997,-0.5192307692307736,0.0,ERNiFe-CI,977.8101531712773,35.144017425150146,,,False
22,22,8,28.799999999999997,-0.5192307692307736,1.6000000000000014,ERNiFe-CI,731.7887001102083,,,,False
22,22,9,28.799999999999997,-0.5192307692307736,3.200000000000001,ERNiFe-CI,509.38341577073186,,,,False
22,22,10,28.799999999999997,-0.5192307692307736,4.800000000000001,ERNiFe-CI,453.7139396499562,,,,False
22,22,11,28.799999999999997,-0.5192307692307736,6.400000000000002,ERNiFe-CI,414.3536741976901,,,,False
22,22,12,28.799999999999997,-0.5192307692307736,8.0,ERNiFe-CI,385.44729859635913,,,,False
22,22,13,28.799999999999997,-0.5192307692307736,9.600000000000001,ERNiFe-CI,366.45891359211856,,,,False
22,22,14,28.799999999999997,-0.5192307692307736,11.200000000000003,ERNiFe-CI,356.77912181584543,,,,False
22,23,0,28.799999999999997,1.0576923076923066,-11.2,ERNiFe-CI,369.42822547736114,,,,False
22,23,1,28.799999999999997,1.0576923076923066,-9.6,ERNiFe-CI,379.73934994902584,,,,False
22,23,2,28.799999999999997,1.0576923076923066,-8.0,ERNiFe-CI,399.88186009115987,,,,False
22,23,3,28.799999999999997,1.0576923076923066,-6.3999999999999995,ERNiFe-CI,430.28605784238096,,,,False
22,23,4,28.799999999999997,1.0576923076923066,-4.8,ERNiFe-CI,471.0656987806139,,,,False
22,23,5,28.799999999999997,1.0576923076923066,-3.1999999999999993,ERNiFe-CI,520.9838651799903,,,,False
22,23,6,28.799999999999997,1.0576923076923066,-1.5999999999999996,ERNiFe-CI,697.7375355016875,,,,False
22,23,7,28.799999999999997,1.0576923076923066,0.0,ERNiFe-CI,893.0808867878883,34.68009322683489,,,False
22,23,8,28.799999999999997,1.0576923076923066,1.6000000000000014,ERNiFe-CI,697.7375355016873,,,,False
22,23,9,28.799999999999997,1.0576923076923066,3.200000000000001,ERNiFe-CI,520.9838651799902,,,,False
22,23,10,28.799999999999997,1.0576923076923066,4.800000000000001,ERNiFe-CI,471.06569878061384,,,,False
22,23,11,28.799999999999997,1.0576923076923066,6.400000000000002,ERNiFe-CI,430.2860578423809,,,,False
22,23,12,28.799999999999997,1.0576923076923066,8.0,ERNiFe-CI,399.88186009115987,,,,False
22,23,13,28.799999999999997,1.0576923076923066,9.600000000000001,ERNiFe-CI,379.73934994902584,,,,False
22,23,14,28.799999999999997,1.0576923076923066,11.200000000000003,ERNiFe-CI,369.4282254773611,,,,False
22,24,0,28.799999999999997,2.634615384615387,-11.2,ERNiFe-CI,378.9552789574628,,,,False
22,24,1,28.799999999999997,2.634615384615387,-9.6,ERNiFe-CI,389.18202687118225,,,,False
22,24,2,28.799999999999997,2.634615384615387,-8.0,ERNiFe-CI,408.9250135109219,,,,False
22,24,3,28.799999999999997,2.634615384615387,-6.3999999999999995,ERNiFe-CI,438.020727342973,,,,False
22,24,4,28.799999999999997,2.634615384615387,-4.8,ERNiFe-CI,475.4255833838594,,,,False
22,24,5,28.799999999999997,2.634615384615387,-3.1999999999999993,ERNiFe-CI,517.8399803035164,,,,False
22,24,6,28.799999999999997,2.634615384615387,-1.5999999999999996,ERNiFe-CI,561.2173127976055,,,,False
22,24,7,28.799999999999997,2.634615384615387,0.0,ERNiFe-CI,609.7480655285415,,,,False
22,24,8,28.799999999999997,2.634615384615387,1.6000000000000014,ERNiFe-CI,561.2173127976054,,,,False
22,24,9,28.799999999999997,2.634615384615387,3.200000000000001,ERNiFe-CI,517.8399803035163,,,,False
22,24,10,28.799999999999997,2.634615384615387,4.800000000000001,ERNiFe-CI,475.42558338385936,,,,False
22,24,11,28.799999999999997,2.634615384615387,6.400000000000002,ERNiFe-CI,438.0207273429729,,,,False
22,24,12,28.799999999999997,2.634615384615387,8.0,ERNiFe-CI,408.9250135109218,,,,False
22,24,13,28.799999999999997,2.634615384615387,9.600000000000001,ERNiFe-CI,389.1820268711822,,,,False
22,24,14,28.799999999999997,2.634615384615387,11.200000000000003,ERNiFe-CI,378.9552789574627,,,,False
22,25,0,28.799999999999997,4.21153846153846,-11.2,Q235B,384.2564085542793,,,,False
22,25,1,28.799999999999997,4.21153846153846,-9.6,Q235B,394.06570958591277,,,,False
22,25,2,28.799999999999997,4.21153846153846,-8.0,Q235B,412.91869889840234,,,,False
22,25,3,28.799999999999997,4.21153846153846,-6.3999999999999995,Q235B,440.1559299063654,,,,False
22,25,4,28.799999999999997,4.21153846153846,-4.8,Q235B,473.99887816872206,,,,False
22,25,5,28.799999999999997,4.21153846153846,-3.1999999999999993,Q235B,510.2807836318388,,,,False
22,25,6,28.799999999999997,4.21153846153846,-1.5999999999999996,Q235B,540.8925464033493,,,,False
22,25,7,28.799999999999997,4.21153846153846,0.0,Q235B,553.7777001086401,,,,False
22,25,8,28.799999999999997,4.21153846153846,1.6000000000000014,Q235B,540.8925464033492,,,,False
22,25,9,28.799999999999997,4.21153846153846,3.200000000000001,Q235B,510.2807836318387,,,,False
22,25,10,28.799999999999997,4.21153846153846,4.800000000000001,Q235B,473.998878168722,,,,False
22,25,11,28.799999999999997,4.21153846153846,6.400000000000002,Q235B,440.1559299063653,,,,False
22,25,12,28.799999999999997,4.21153846153846,8.0,Q235B,412.9186988984023,,,,False
22,25,13,28.799999999999997,4.21153846153846,9.600000000000001,Q235B,394.0657095859127,,,,False
22,25,14,28.799999999999997,4.21153846153846,11.200000000000003,Q235B,384.25640855427923,,,,False
23,0,0,31.679999999999993,-35.21153846153846,-11.2,QT450-10,165.63731698768,,,,False
23,0,1,31.679999999999993,-35.21153846153846,-9.6,QT450-10,165.7635566084428,,,,False
23,0,2,31.679999999999993,-35.21153846153846,-8.0,QT450-10,165.87444301468645,,,,False
23,0,3,31.679999999999993,-35.21153846153846,-6.3999999999999995,QT450-10,165.9686782536914,,,,False
23,0,4,31.679999999999993,-35.21153846153846,-4.8,QT450-10,166.0445857771985,,,,False
23,0,5,31.679999999999993,-35.21153846153846,-3.1999999999999993,QT450-10,166.10040453525406,,,,False
23,0,6,31.679999999999993,-35.21153846153846,-1.5999999999999996,QT450-10,166.1345969423453,,,,False
23,0,7,31.679999999999993,-35.21153846153846,0.0,QT450-10,166.14611774820312,,,,False
23,0,8,31.679999999999993,-35.21153846153846,1.6000000000000014,QT450-10,166.1345969423453,,,,False
23,0,9,31.679999999999993,-35.21153846153846,3.200000000000001,QT450-10,166.10040453525406,,,,False
23,0,10,31.679999999999993,-35.21153846153846,4.800000000000001,QT450-10,166.0445857771985,,,,False
23,0,11,31.679999999999993,-35.21153846153846,6.400000000000002,QT450-10,165.9686782536914,,,,False
23,0,12,31.679999999999993,-35.21153846153846,8.0,QT450-10,165.87444301468645,,,,False
23,0,13,31.679999999999993,-35.21153846153846,9.600000000000001,QT450-10,165.76355660844277,,,,False
23,0,14,31.679999999999993,-35.21153846153846,11.200000000000003,QT450-10,165.63731698767998,,,,False
23,1,0,31.679999999999993,-33.63461538461539,-11.2,QT450-10,166.27408892379907,,,,False
23,1,1,31.679999999999993,-33.63461538461539,-9.6,QT450-10,166.4018363767932,,,,False
23,1,2,31.679999999999993,-33.63461538461539,-8.0,QT450-10,166.51480210463373,,,,False
23,1,3,31.679999999999993,-33.63461538461539,-6.3999999999999995,QT450-10,166.6114292675787,,,,False
23,1,4,31.679999999999993,-33.63461538461539,-4.8,QT450-10,166.6897109393565,,,,False
23,1,5,31.679999999999993,-33.63461538461539,-3.1999999999999993,QT450-10,166.74753991388144,,,,False
23,1,6,31.679999999999993,-33.63461538461539,-1.5999999999999996,QT450-10,166.7830763681757,,,,False
23,1,7,31.679999999999993,-33.63461538461539,0.0,QT450-10,166.79506946055815,,,,False
23,1,8,31.679999999999993,-33.63461538461539,1.6000000000000014,QT450-10,166.7830763681757,,,,False
23,1,9,31.679999999999993,-33.63461538461539,3.200000000000001,QT450-10,166.74753991388144,,,,False
23,1,10,31.679999999999993,-33.63461538461539,4.800000000000001,QT450-10,166.6897109393565,,,,False
23,1,11,31.679999999999993,-33.63461538461539,6.400000000000002,QT450-10,166.6114292675787,,,,False
23,1,12,31.679999999999993,-33.63461538461539,8.0,QT450-10,166.51480210463373,,,,False
23,1,13,31.679999999999993,-33.63461538461539,9.600000000000001,QT450-10,166.4018363767932,,,,False
23,1,14,31.679999999999993,-33.63461538461539,11.200000000000003,QT450-10,166.27408892379907,,,,False
23,2,0,31.679999999999993,-32.05769230769231,-11.2,QT450-10,167.42088289164292,,,,False
23,2,1,31.679999999999993,-32.05769230769231,-9.6,QT450-10,167.5516715496235,,,,False
23,2,2,31.679999999999993,-32.05769230769231,-8.0,QT450-10,167.66896444530843,,,,False
23,2,3,31.679999999999993,-32.05769230769231,-6.3999999999999995,QT450-10,167.77064270160653,,,,False
23,2,4,31.679999999999993,-32.05769230769231,-4.8,QT450-10,167.85397772532488,,,,False
23,2,5,31.679999999999993,-32.05769230769231,-3.1999999999999993,QT450-10,167.91610489743175,,,,False
23,2,6,31.679999999999993,-32.05769230769231,-1.5999999999999996,QT450-10,167.954522493043,,,,False
23,2,7,31.679999999999993,-32.05769230769231,0.0,QT450-10,167.967529165412,,,,False
23,2,8,31.679999999999993,-32.05769230769231,1.6000000000000014,QT450-10,167.954522493043,,,,False
23,2,9,31.679999999999993,-32.05769230769231,3.200000000000001,QT450-10,167.91610489743172,,,,False
23,2,10,31.679999999999993,-32.05769230769231,4.800000000000001,QT450-10,167.85397772532488,,,,False
23,2,11,31.679999999999993,-32.05769230769231,6.400000000000002,QT450-10,167.77064270160653,,,,False
23,2,12,31.679999999999993,-32.05769230769231,8.0,QT450-10,167.66896444530843,,,,False
23,2,13,31.679999999999993,-32.05769230769231,9.600000000000001,QT450-10,167.55167154962348,,,,False
23,2,14,31.679999999999993,-32.05769230769231,11.200000000000003,QT450-10,167.4208828916429,,,,False
23,3,0,31.679999999999993,-30.48076923076923,-11.2,QT450-10,169.10145896612352,,,,False
23,3,1,31.679999999999993,-30.48076923076923,-9.6,QT450-10,169.23720076104496,,,,False
23,3,2,31.679999999999993,-30.48076923076923,-8.0,QT450-10,169.36173149430948,,,,False
23,3,3,31.679999999999993,-30.48076923076923,-6.3999999999999995,QT450-10,169.47195760975083,,,,False
23,3,4,31.679999999999993,-30.48076923076923,-4.8,QT450-10,169.56389763554438,,,,False
23,3,5,31.679999999999993,-30.48076923076923,-3.1999999999999993,QT450-10,169.6333702508073,,,,False
23,3,6,31.679999999999993,-30.48076923076923,-1.5999999999999996,QT450-10,169.67672166277862,,,,False
23,3,7,31.679999999999993,-30.48076923076923,0.0,QT450-10,169.69146567006052,,,,False
23,3,8,31.679999999999993,-30.48076923076923,1.6000000000000014,QT450-10,169.67672166277862,,,,False
23,3,9,31.679999999999993,-30.48076923076923,3.200000000000001,QT450-10,169.6333702508073,,,,False
23,3,10,31.679999999999993,-30.48076923076923,4.800000000000001,QT450-10,169.56389763554438,,,,False
23,3,11,31.679999999999993,-30.48076923076923,6.400000000000002,QT450-10,169.47195760975083,,,,False
23,3,12,31.679999999999993,-30.48076923076923,8.0,QT450-10,169.36173149430945,,,,False
23,3,13,31.679999999999993,-30.48076923076923,9.600000000000001,QT450-10,169.23720076104493,,,,False
23,3,14,31.679999999999993,-30.48076923076923,11.200000000000003,QT450-10,169.1014589661235,,,,False
23,4,0,31.679999999999993,-28.903846153846153,-11.2,QT450-10,171.3516180079429,,,,False
23,4,1,31.679999999999993,-28.903846153846153,-9.6,QT450-10,171.4948778381114,,,,False
23,4,2,31.679999999999993,-28.903846153846153,-8.0,QT450-10,171.63070297795687,,,,False
23,4,3,31.679999999999993,-28.903846153846153,-6.3999999999999995,QT450-10,171.7544256790679,,,,False
23,4,4,31.679999999999993,-28.903846153846153,-4.8,QT450-10,171.86003773583428,,,,False
23,4,5,31.679999999999993,-28.903846153846153,-3.1999999999999993,QT450-10,171.94122381551531,,,,False
23,4,6,31.679999999999993,-28.903846153846153,-1.5999999999999996,QT450-10,171.99245954296197,,,,False
23,4,7,31.679999999999993,-28.903846153846153,0.0,QT450-10,172.009982550716,,,,False
23,4,8,31.679999999999993,-28.903846153846153,1.6000000000000014,QT450-10,171.99245954296197,,,,False
23,4,9,31.679999999999993,-28.903846153846153,3.200000000000001,QT450-10,171.94122381551531,,,,False
23,4,10,31.679999999999993,-28.903846153846153,4.800000000000001,QT450-10,171.86003773583428,,,,False
23,4,11,31.679999999999993,-28.903846153846153,6.400000000000002,QT450-10,171.7544256790679,,,,False
23,4,12,31.679999999999993,-28.903846153846153,8.0,QT450-10,171.63070297795684,,,,False
23,4,13,31.679999999999993,-28.903846153846153,9.600000000000001,QT450-10,171.49487783811136,,,,False
23,4,14,31.679999999999993,-28.903846153846153,11.200000000000003,QT450-10,171.3516180079429,,,,False
23,5,0,31.679999999999993,-27.326923076923077,-11.2,QT450-10,174.21974760191267,,,,False
23,5,1,31.679999999999993,-27.326923076923077,-9.6,QT450-10,174.37413532986545,,,,False
23,5,2,31.679999999999993,-27.326923076923077,-8.0,QT450-10,174.52715688658097,,,,False
23,5,3,31.679999999999993,-27.326923076923077,-6.3999999999999995,QT450-10,174.67167089052452,,,,False
23,5,4,31.679999999999993,-27.326923076923077,-4.8,QT450-10,174.79847668355615,,,,False
23,5,5,31.679999999999993,-27.326923076923077,-3.1999999999999993,QT450-10,174.89788813652407,,,,False
23,5,6,31.679999999999993,-27.326923076923077,-1.5999999999999996,QT450-10,174.96141823992602,,,,False
23,5,7,31.679999999999993,-27.326923076923077,0.0,QT450-10,174.98327914746082,,,,False
23,5,8,31.679999999999993,-27.326923076923077,1.6000000000000014,QT450-10,174.96141823992602,,,,False
23,5,9,31.679999999999993,-27.326923076923077,3.200000000000001,QT450-10,174.89788813652407,,,,False
23,5,10,31.679999999999993,-27.326923076923077,4.800000000000001,QT450-10,174.79847668355615,,,,False
23,5,11,31.679999999999993,-27.326923076923077,6.400000000000002,QT450-10,174.67167089052452,,,,False
23,5,12,31.679999999999993,-27.326923076923077,8.0,QT450-10,174.52715688658097,,,,False
23,5,13,31.679999999999993,-27.326923076923077,9.600000000000001,QT450-10,174.37413532986545,,,,False
23,5,14,31.679999999999993,-27.326923076923077,11.200000000000003,QT450-10,174.21974760191267,,,,False
23,6,0,31.679999999999993,-25.75,-11.2,QT450-10,177.76744132722578,,,,False
23,6,1,31.679999999999993,-25.75,-9.6,QT450-10,177.93819356820316,,,,False
23,6,2,31.679999999999993,-25.75,-8.0,QT450-10,178.11720701389024,,,,False
23,6,3,31.679999999999993,-25.75,-6.3999999999999995,QT450-10,178.29349993753874,,,,False
23,6,4,31.679999999999993,-25.75,-4.8,QT450-10,178.4528980535931,,,,False
23,6,5,31.679999999999993,-25.75,-3.1999999999999993,QT450-10,178.58044250280122,,,,False
23,6,6,31.679999999999993,-25.75,-1.5999999999999996,QT450-10,178.66299381145257,,,,False
23,6,7,31.679999999999993,-25.75,0.0,QT450-10,178.69157347599662,,,,False
23,6,8,31.679999999999993,-25.75,1.6000000000000014,QT450-10,178.66299381145257,,,,False
23,6,9,31.679999999999993,-25.75,3.200000000000001,QT450-10,178.58044250280122,,,,False
23,6,10,31.679999999999993,-25.75,4.800000000000001,QT450-10,178.4528980535931,,,,False
23,6,11,31.679999999999993,-25.75,6.400000000000002,QT450-10,178.29349993753874,,,,False
23,6,12,31.679999999999993,-25.75,8.0,QT450-10,178.11720701389024,,,,False
23,6,13,31.679999999999993,-25.75,9.600000000000001,QT450-10,177.93819356820316,,,,False
23,6,14,31.679999999999993,-25.75,11.200000000000003,QT450-10,177.76744132722578,,,,False
23,7,0,31.679999999999993,-24.173076923076923,-11.2,QT450-10,182.07006672444234,,,,False
23,7,1,31.679999999999993,-24.173076923076923,-9.6,QT450-10,182.26492370308455,,,,False
23,7,2,31.679999999999993,-24.173076923076923,-8.0,QT450-10,182.4832107736448,,,,False
23,7,3,31.679999999999993,-24.173076923076923,-6.3999999999999995,QT450-10,182.7080238626797,,,,False
23,7,4,31.679999999999993,-24.173076923076923,-4.8,QT450-10,182.91748013471502,,,,False
23,7,5,31.679999999999993,-24.173076923076923,-3.1999999999999993,QT450-10,183.08840058409277,,,,False
23,7,6,31.679999999999993,-24.173076923076923,-1.5999999999999996,QT450-10,183.20035112210437,,,,False
23,7,7,31.679999999999993,-24.173076923076923,0.0,QT450-10,183.2393279351643,,,,False
23,7,8,31.679999999999993,-24.173076923076923,1.6000000000000014,QT450-10,183.20035112210437,,,,False
23,7,9,31.679999999999993,-24.173076923076923,3.200000000000001,QT450-10,183.08840058409277,,,,False
23,7,10,31.679999999999993,-24.173076923076923,4.800000000000001,QT450-10,182.91748013471502,,,,False
23,7,11,31.679999999999993,-24.173076923076923,6.400000000000002,QT450-10,182.7080238626797,,,,False
23,7,12,31.679999999999993,-24.173076923076923,8.0,QT450-10,182.4832107736448,,,,False
23,7,13,31.679999999999993,-24.173076923076923,9.600000000000001,QT450-10,182.26492370308455,,,,False
23,7,14,31.679999999999993,-24.173076923076923,11.200000000000003,QT450-10,182.07006672444234,,,,False
23,8,0,31.679999999999993,-22.596153846153847,-11.2,QT450-10,187.21706763555966,,,,False
23,8,1,31.679999999999993,-22.596153846153847,-9.6,QT450-10,187.44759918876332,,,,False
23,8,2,31.679999999999993,-22.596153846153847,-8.0,QT450-10,187.72535897541198,,,,False
23,8,3,31.679999999999993,-22.596153846153847,-6.3999999999999995,QT450-10,188.0243603728382,,,,False
23,8,4,31.679999999999993,-22.596153846153847,-4.8,QT450-10,188.31081163280416,,,,False
23,8,5,31.679999999999993,-22.596153846153847,-3.1999999999999993,QT450-10,188.54872602649243,,,,False
23,8,6,31.679999999999993,-22.596153846153847,-1.5999999999999996,QT450-10,188.7062097160035,,,,False
23,8,7,31.679999999999993,-22.596153846153847,0.0,QT450-10,188.7613123598892,,,,False
23,8,8,31.679999999999993,-22.596153846153847,1.6000000000000014,QT450-10,188.7062097160035,,,,False
23,8,9,31.679999999999993,-22.596153846153847,3.200000000000001,QT450-10,188.54872602649243,,,,False
23,8,10,31.679999999999993,-22.596153846153847,4.800000000000001,QT450-10,188.31081163280413,,,,False
23,8,11,31.679999999999993,-22.596153846153847,6.400000000000002,QT450-10,188.02436037283817,,,,False
23,8,12,31.679999999999993,-22.596153846153847,8.0,QT450-10,187.72535897541198,,,,False
23,8,13,31.679999999999993,-22.596153846153847,9.600000000000001,QT450-10,187.4475991887633,,,,False
23,8,14,31.679999999999993,-22.596153846153847,11.200000000000003,QT450-10,187.21706763555963,,,,False
23,9,0,31.679999999999993,-21.01923076923077,-11.2,QT450-10,193.3116353664269,,,,False
23,9,1,31.679999999999993,-21.01923076923077,-9.6,QT450-10,193.59523962932036,,,,False
23,9,2,31.679999999999993,-21.01923076923077,-8.0,QT450-10,193.96329817077546,,,,False
23,9,3,31.679999999999993,-21.01923076923077,-6.3999999999999995,QT450-10,194.37598339911779,,,,False
23,9,4,31.679999999999993,-21.01923076923077,-4.8,QT450-10,194.78115895246432,,,,False
23,9,5,31.679999999999993,-21.01923076923077,-3.1999999999999993,QT450-10,195.1228666879516,,,,False
23,9,6,31.679999999999993,-21.01923076923077,-1.5999999999999996,QT450-10,195.3511312124254,,,,False
23,9,7,31.679999999999993,-21.01923076923077,0.0,QT450-10,195.4313454984942,,,,False
23,9,8,31.679999999999993,-21.01923076923077,1.6000000000000014,QT450-10,195.3511312124254,,,,False
23,9,9,31.679999999999993,-21.01923076923077,3.200000000000001,QT450-10,195.1228666879516,,,,False
23,9,10,31.679999999999993,-21.01923076923077,4.800000000000001,QT450-10,194.7811589524643,,,,False
23,9,11,31.679999999999993,-21.01923076923077,6.400000000000002,QT450-10,194.37598339911776,,,,False
23,9,12,31.679999999999993,-21.01923076923077,8.0,QT450-10,193.96329817077546,,,,False
23,9,13,31.679999999999993,-21.01923076923077,9.600000000000001,QT450-10,193.59523962932036,,,,False
23,9,14,31.679999999999993,-21.01923076923077,11.200000000000003,QT450-10,193.3116353664269,,,,False
23,10,0,31.679999999999993,-19.442307692307693,-11.2,QT450-10,200.46934470707666,,,,False
23,10,1,31.679999999999993,-19.442307692307693,-9.6,QT450-10,200.83242506578316,,,,False
23,10,2,31.679999999999993,-19.442307692307693,-8.0,QT450-10,201.3381414843132,,,,False
23,10,3,31.679999999999993,-19.442307692307693,-6.3999999999999995,QT450-10,201.9257159282129,,,,False
23,10,4,31.679999999999993,-19.442307692307693,-4.8,QT450-10,202.51481733631562,,,,False
23,10,5,31.679999999999993,-19.442307692307693,-3.1999999999999993,QT450-10,203.01825159160643,,,,False
23,10,6,31.679999999999993,-19.442307692307693,-1.5999999999999996,QT450-10,203.35727876724172,,,,False
23,10,7,31.679999999999993,-19.442307692307693,0.0,QT450-10,203.47688087774821,,,,False
23,10,8,31.679999999999993,-19.442307692307693,1.6000000000000014,QT450-10,203.35727876724172,,,,False
23,10,9,31.679999999999993,-19.442307692307693,3.200000000000001,QT450-10,203.01825159160643,,,,False
23,10,10,31.679999999999993,-19.442307692307693,4.800000000000001,QT450-10,202.5148173363156,,,,False
23,10,11,31.679999999999993,-19.442307692307693,6.400000000000002,QT450-10,201.92571592821287,,,,False
23,10,12,31.679999999999993,-19.442307692307693,8.0,QT450-10,201.33814148431318,,,,False
23,10,13,31.679999999999993,-19.442307692307693,9.600000000000001,QT450-10,200.83242506578316,,,,False
23,10,14,31.679999999999993,-19.442307692307693,11.200000000000003,QT450-10,200.46934470707666,,,,False
23,11,0,31.679999999999993,-17.865384615384617,-11.2,QT450-10,208.8191733315345,,,,False
23,11,1,31.679999999999993,-17.865384615384617,-9.6,QT450-10,209.3018341681555,,,,False
23,11,2,31.679999999999993,-17.865384615384617,-8.0,QT450-10,210.01791428476787,,,,False
23,11,3,31.679999999999993,-17.865384615384617,-6.3999999999999995,QT450-10,210.87527210502893,,,,False
23,11,4,31.679999999999993,-17.865384615384617,-4.8,QT450-10,211.75044971787253,,,,False
23,11,5,31.679999999999993,-17.865384615384617,-3.1999999999999993,QT450-10,212.50728729895323,,,,False
23,11,6,31.679999999999993,-17.865384615384617,-1.5999999999999996,QT450-10,213.02085779282746,,,,False
23,11,7,31.679999999999993,-17.865384615384617,0.0,QT450-10,213.20272519453596,,,,False
23,11,8,31.679999999999993,-17.865384615384617,1.6000000000000014,QT450-10,213.02085779282746,,,,False
23,11,9,31.679999999999993,-17.865384615384617,3.200000000000001,QT450-10,212.50728729895323,,,,False
23,11,10,31.679999999999993,-17.865384615384617,4.800000000000001,QT450-10,211.75044971787253,,,,False
23,11,11,31.679999999999993,-17.865384615384617,6.400000000000002,QT450-10,210.8752721050289,,,,False
23,11,12,31.679999999999993,-17.865384615384617,8.0,QT450-10,210.01791428476784,,,,False
23,11,13,31.679999999999993,-17.865384615384617,9.600000000000001,QT450-10,209.3018341681555,,,,False
23,11,14,31.679999999999993,-17.865384615384617,11.200000000000003,QT450-10,208.8191733315345,,,,False
23,12,0,31.679999999999993,-16.28846153846154,-11.2,QT450-10,218.49746977051942,,,,False
23,12,1,31.679999999999993,-16.28846153846154,-9.6,QT450-10,219.15994155304315,,,,False
23,12,2,31.679999999999993,-16.28846153846154,-8.0,QT450-10,220.1970848609144,,,,False
23,12,3,31.679999999999993,-16.28846153846154,-6.3999999999999995,QT450-10,221.47063799259612,,,,False
23,12,4,31.679999999999993,-16.28846153846154,-4.8,QT450-10,222.7918047415573,,,,False
23,12,5,31.679999999999993,-16.28846153846154,-3.1999999999999993,QT450-10,223.94762110522797,,,,False
23,12,6,31.679999999999993,-16.28846153846154,-1.5999999999999996,QT450-10,224.73820020529325,,,,False
23,12,7,31.679999999999993,-16.28846153846154,0.0,QT450-10,225.01933239206284,,,,False
23,12,8,31.679999999999993,-16.28846153846154,1.6000000000000014,QT450-10,224.73820020529325,,,,False
23,12,9,31.679999999999993,-16.28846153846154,3.200000000000001,QT450-10,223.94762110522797,,,,False
23,12,10,31.679999999999993,-16.28846153846154,4.800000000000001,QT450-10,222.7918047415573,,,,False
23,12,11,31.679999999999993,-16.28846153846154,6.400000000000002,QT450-10,221.4706379925961,,,,False
23,12,12,31.679999999999993,-16.28846153846154,8.0,QT450-10,220.19708486091437,,,,False
23,12,13,31.679999999999993,-16.28846153846154,9.600000000000001,QT450-10,219.15994155304313,,,,False
23,12,14,31.679999999999993,-16.28846153846154,11.200000000000003,QT450-10,218.49746977051942,,,,False
23,13,0,31.679999999999993,-14.711538461538463,-11.2,QT450-10,229.62991866323398,,,,False
23,13,1,31.679999999999993,-14.711538461538463,-9.6,QT450-10,230.5620071359674,,,,False
23,13,2,31.679999999999993,-14.711538461538463,-8.0,QT450-10,232.0877280960642,,,,False
23,13,3,31.679999999999993,-14.711538461538463,-6.3999999999999995,QT450-10,234.00292578333531,,,,False
23,13,4,31.679999999999993,-14.711538461538463,-4.8,QT450-10,236.02129155804644,,,,False
23,13,5,31.679999999999993,-14.711538461538463,-3.1999999999999993,QT450-10,237.80941416045474,,,,False
23,13,6,31.679999999999993,-14.711538461538463,-1.5999999999999996,QT450-10,239.04401695466785,,,,False
23,13,7,31.679999999999993,-14.711538461538463,0.0,QT450-10,239.48532104852288,,,,False
23,13,8,31.679999999999993,-14.711538461538463,1.6000000000000014,QT450-10,239.04401695466785,,,,False
23,13,9,31.679999999999993,-14.711538461538463,3.200000000000001,QT450-10,237.80941416045474,,,,False
23,13,10,31.679999999999993,-14.711538461538463,4.800000000000001,QT450-10,236.0212915580464,,,,False
23,13,11,31.679999999999993,-14.711538461538463,6.400000000000002,QT450-10,234.0029257833353,,,,False
23,13,12,31.679999999999993,-14.711538461538463,8.0,QT450-10,232.0877280960642,,,,False
23,13,13,31.679999999999993,-14.711538461538463,9.600000000000001,QT450-10,230.5620071359674,,,,False
23,13,14,31.679999999999993,-14.711538461538463,11.200000000000003,QT450-10,229.62991866323398,,,,False
23,14,0,31.679999999999993,-13.134615384615387,-11.2,QT450-10,242.31428602487523,,,,False
23,14,1,31.679999999999993,-13.134615384615387,-9.6,QT450-10,243.64791708999323,,,,False
23,14,2,31.679999999999993,-13.134615384615387,-8.0,QT450-10,245.91269700113682,,,,False
23,14,3,31.679999999999993,-13.134615384615387,-6.3999999999999995,QT450-10,248.814582486469,,,,False
23,14,4,31.679999999999993,-13.134615384615387,-4.8,QT450-10,251.92536616393093,,,,False
23,14,5,31.679999999999993,-13.134615384615387,-3.1999999999999993,QT450-10,254.72344784387084,,,,False
23,14,6,31.679999999999993,-13.134615384615387,-1.5999999999999996,QT450-10,256.67908094687704,,,,False
23,14,7,31.679999999999993,-13.134615384615387,0.0,QT450-10,257.38309412200596,,,,False
23,14,8,31.679999999999993,-13.134615384615387,1.6000000000000014,QT450-10,256.67908094687704,,,,False
23,14,9,31.679999999999993,-13.134615384615387,3.200000000000001,QT450-10,254.72344784387084,,,,False
23,14,10,31.679999999999993,-13.134615384615387,4.800000000000001,QT450-10,251.92536616393093,,,,False
23,14,11,31.679999999999993,-13.134615384615387,6.400000000000002,QT450-10,248.814582486469,,,,False
23,14,12,31.679999999999993,-13.134615384615387,8.0,QT450-10,245.91269700113682,,,,False
23,14,13,31.679999999999993,-13.134615384615387,9.600000000000001,QT450-10,243.64791708999323,,,,False
23,14,14,31.679999999999993,-13.134615384615387,11.200000000000003,QT450-10,242.31428602487523,,,,False
23,15,0,31.679999999999993,-11.55769230769231,-11.2,QT450-10,256.5878763363735,,,,False
23,15,1,31.679999999999993,-11.55769230769231,-9.6,QT450-10,258.51230882315787,,,,False
23,15,2,31.679999999999993,-11.55769230769231,-8.0,QT450-10,261.8836292519951,,,,False
23,15,3,31.679999999999993,-11.55769230769231,-6.3999999999999995,QT450-10,266.2945757897179,,,,False
23,15,4,31.679999999999993,-11.55769230769231,-4.8,QT450-10,271.11934216950027,,,,False
23,15,5,31.679999999999993,-11.55769230769231,-3.1999999999999993,QT450-10,275.5456301084798,,,,False
23,15,6,31.679999999999993,-11.55769230769231,-1.5999999999999996,QT450-10,278.6922776235734,,,,False
23,15,7,31.679999999999993,-11.55769230769231,0.0,QT450-10,279.8370341117134,,,,False
23,15,8,31.679999999999993,-11.55769230769231,1.6000000000000014,QT450-10,278.6922776235734,,,,False
23,15,9,31.679999999999993,-11.55769230769231,3.200000000000001,QT450-10,275.5456301084798,,,,False
23,15,10,31.679999999999993,-11.55769230769231,4.800000000000001,QT450-10,271.11934216950027,,,,False
23,15,11,31.679999999999993,-11.55769230769231,6.400000000000002,QT450-10,266.2945757897179,,,,False
23,15,12,31.679999999999993,-11.55769230769231,8.0,QT450-10,261.8836292519951,,,,False
23,15,13,31.679999999999993,-11.55769230769231,9.600000000000001,QT450-10,258.51230882315787,,,,False
23,15,14,31.679999999999993,-11.55769230769231,11.200000000000003,QT450-10,256.5878763363735,,,,False
23,16,0,31.679999999999993,-9.98076923076923,-11.2,QT450-10,272.3787881176669,,,,False
23,16,1,31.679999999999993,-9.98076923076923,-9.6,QT450-10,275.1556855061092,,,,False
23,16,2,31.679999999999993,-9.98076923076923,-8.0,QT450-10,280.15670889169826,,,,False
23,16,3,31.679999999999993,-9.98076923076923,-6.3999999999999995,QT450-10,286.8528227348653,,,,False
23,16,4,31.679999999999993,-9.98076923076923,-4.8,QT450-10,294.3648512053298,,,,False
23,16,5,31.679999999999993,-9.98076923076923,-3.1999999999999993,QT450-10,301.4437867831292,,,,False
23,16,6,31.679999999999993,-9.98076923076923,-1.5999999999999996,QT450-10,306.6023794707633,,,,False
23,16,7,31.679999999999993,-9.98076923076923,0.0,QT450-10,308.51052834694224,,,,False
23,16,8,31.679999999999993,-9.98076923076923,1.6000000000000014,QT450-10,306.6023794707633,,,,False
23,16,9,31.679999999999993,-9.98076923076923,3.200000000000001,QT450-10,301.4437867831292,,,,False
23,16,10,31.679999999999993,-9.98076923076923,4.800000000000001,QT450-10,294.3648512053298,,,,False
23,16,11,31.679999999999993,-9.98076923076923,6.400000000000002,QT450-10,286.8528227348653,,,,False
23,16,12,31.679999999999993,-9.98076923076923,8.0,QT450-10,280.15670889169826,,,,False
23,16,13,31.679999999999993,-9.98076923076923,9.600000000000001,QT450-10,275.1556855061092,,,,False
23,16,14,31.679999999999993,-9.98076923076923,11.200000000000003,QT450-10,272.3787881176669,,,,False
23,17,0,31.679999999999993,-8.403846153846153,-11.2,QT450-10,289.43855540903377,,,,False
23,17,1,31.679999999999993,-8.403846153846153,-9.6,QT450-10,293.40936912206723,,,,False
23,17,2,31.679999999999993,-8.403846153846153,-8.0,QT450-10,300.7500214664684,,,,False
23,17,3,31.679999999999993,-8.403846153846153,-6.3999999999999995,QT450-10,310.84769305515294,,,,False
23,17,4,31.679999999999993,-8.403846153846153,-4.8,QT450-10,322.5519913157967,,,,False
23,17,5,31.679999999999993,-8.403846153846153,-3.1999999999999993,QT450-10,333.9987293254737,,,,False
23,17,6,31.679999999999993,-8.403846153846153,-1.5999999999999996,QT450-10,342.6560708128595,,,,False
23,17,7,31.679999999999993,-8.403846153846153,0.0,QT450-10,345.9484209114238,,,,False
23,17,8,31.679999999999993,-8.403846153846153,1.6000000000000014,QT450-10,342.6560708128595,,,,False
23,17,9,31.679999999999993,-8.403846153846153,3.200000000000001,QT450-10,333.9987293254737,,,,False
23,17,10,31.679999999999993,-8.403846153846153,4.800000000000001,QT450-10,322.5519913157967,,,,False
23,17,11,31.679999999999993,-8.403846153846153,6.400000000000002,QT450-10,310.84769305515294,,,,False
23,17,12,31.679999999999993,-8.403846153846153,8.0,QT450-10,300.7500214664684,,,,False
23,17,13,31.679999999999993,-8.403846153846153,9.600000000000001,QT450-10,293.40936912206723,,,,False
23,17,14,31.679999999999993,-8.403846153846153,11.200000000000003,QT450-10,289.4385554090337,,,,False
23,18,0,31.679999999999993,-6.826923076923077,-11.2,QT450-10,307.25993538712504,,,,False
23,18,1,31.679999999999993,-6.826923076923077,-9.6,QT450-10,312.830140354578,,,,False
23,18,2,31.679999999999993,-6.826923076923077,-8.0,QT450-10,323.40012612911386,,,,False
23,18,3,31.679999999999993,-6.826923076923077,-6.3999999999999995,QT450-10,338.41647394383784,,,,False
23,18,4,31.679999999999993,-6.826923076923077,-4.8,QT450-10,356.5737964483138,,,,False
23,18,5,31.679999999999993,-6.826923076923077,-3.1999999999999993,QT450-10,375.2665381681062,,,,False
23,18,6,31.679999999999993,-6.826923076923077,-1.5999999999999996,QT450-10,390.2339160693513,,,,False
23,18,7,31.679999999999993,-6.826923076923077,0.0,QT450-10,396.20868072801824,,,,False
23,18,8,31.679999999999993,-6.826923076923077,1.6000000000000014,QT450-10,390.2339160693513,,,,False
23,18,9,31.679999999999993,-6.826923076923077,3.200000000000001,QT450-10,375.26653816810614,,,,False
23,18,10,31.679999999999993,-6.826923076923077,4.800000000000001,QT450-10,356.5737964483138,,,,False
23,18,11,31.679999999999993,-6.826923076923077,6.400000000000002,QT450-10,338.4164739438378,,,,False
23,18,12,31.679999999999993,-6.826923076923077,8.0,QT450-10,323.4001261291138,,,,False
23,18,13,31.679999999999993,-6.826923076923077,9.600000000000001,QT450-10,312.83014035457796,,,,False
23,18,14,31.679999999999993,-6.826923076923077,11.200000000000003,QT450-10,307.25993538712504,,,,False
23,19,0,31.679999999999993,-5.25,-11.2,QT450-10,324.9978069154125,,,,False
23,19,1,31.679999999999993,-5.25,-9.6,QT450-10,332.57347011616685,,,,False
23,19,2,31.679999999999993,-5.25,-8.0,QT450-10,347.3375369801379,,,,False
23,19,3,31.679999999999993,-5.25,-6.3999999999999995,QT450-10,369.1259993520168,,,,False
23,19,4,31.679999999999993,-5.25,-4.8,QT450-10,396.92759261154754,,,,False
23,19,5,31.679999999999993,-5.25,-3.1999999999999993,QT450-10,427.82676024013,,,,False
23,19,6,31.679999999999993,-5.25,-1.5999999999999996,QT450-10,454.99536161571274,,,,False
23,19,7,31.679999999999993,-5.25,0.0,QT450-10,466.8685085302624,,,,False
23,19,8,31.679999999999993,-5.25,1.6000000000000014,QT450-10,454.99536161571274,,,,False
23,19,9,31.679999999999993,-5.25,3.200000000000001,QT450-10,427.82676024013,,,,False
23,19,10,31.679999999999993,-5.25,4.800000000000001,QT450-10,396.9275926115475,,,,False
23,19,11,31.679999999999993,-5.25,6.400000000000002,QT450-10,369.1259993520167,,,,False
23,19,12,31.679999999999993,-5.25,8.0,QT450-10,347.3375369801378,,,,False
23,19,13,31.679999999999993,-5.25,9.600000000000001,QT450-10,332.5734701161668,,,,False
23,19,14,31.679999999999993,-5.25,11.200000000000003,QT450-10,324.9978069154125,,,,False
23,20,0,31.679999999999993,-3.673076923076927,-11.2,QT450-10,341.4356029328029,,,,False
23,20,1,31.679999999999993,-3.673076923076927,-9.6,QT450-10,351.28815849220837,,,,False
23,20,2,31.679999999999993,-3.673076923076927,-8.0,QT450-10,370.9954893714534,,,,False
23,20,3,31.679999999999993,-3.673076923076927,-6.3999999999999995,QT450-10,401.35053995833937,,,,False
23,20,4,31.679999999999993,-3.673076923076927,-4.8,QT450-10,442.94456496615504,,,,False
23,20,5,31.679999999999993,-3.673076923076927,-3.1999999999999993,QT450-10,494.3256328681058,,,,False
23,20,6,31.679999999999993,-3.673076923076927,-1.5999999999999996,QT450-10,546.4592691873878,,,,False
23,20,7,31.679999999999993,-3.673076923076927,0.0,QT450-10,573.3018723592041,,,,False
23,20,8,31.679999999999993,-3.673076923076927,1.6000000000000014,QT450-10,546.4592691873878,,,,False
23,20,9,31.679999999999993,-3.673076923076927,3.200000000000001,QT450-10,494.3256328681058,,,,False
23,20,10,31.679999999999993,-3.673076923076927,4.800000000000001,QT450-10,442.9445649661549,,,,False
23,20,11,31.679999999999993,-3.673076923076927,6.400000000000002,QT450-10,401.3505399583393,,,,False
23,20,12,31.679999999999993,-3.673076923076927,8.0,QT450-10,370.99548937145335,,,,False
23,20,13,31.679999999999993,-3.673076923076927,9.600000000000001,QT450-10,351.2881584922083,,,,False
23,20,14,31.679999999999993,-3.673076923076927,11.200000000000003,QT450-10,341.43560293280285,,,,False
23,21,0,31.679999999999993,-2.0961538461538467,-11.2,ERNiFe-CI,358.3106055380628,,,,False
23,21,1,31.679999999999993,-2.0961538461538467,-9.6,ERNiFe-CI,370.8710226750844,,,,False
23,21,2,31.679999999999993,-2.0961538461538467,-8.0,ERNiFe-CI,396.56887590654463,,,,False
23,21,3,31.679999999999993,-2.0961538461538467,-6.3999999999999995,ERNiFe-CI,438.083855883633,,,,False
23,21,4,31.679999999999993,-2.0961538461538467,-4.8,ERNiFe-CI,499.56173700517604,,,,False
23,21,5,31.679999999999993,-2.0961538461538467,-3.1999999999999993,ERNiFe-CI,585.2249008054141,,,,False
23,21,6,31.679999999999993,-2.0961538461538467,-1.5999999999999996,ERNiFe-CI,691.5568695836383,,,,False
23,21,7,31.679999999999993,-2.0961538461538467,0.0,ERNiFe-CI,762.6138816540993,,,,False
23,21,8,31.679999999999993,-2.0961538461538467,1.6000000000000014,ERNiFe-CI,691.5568695836382,,,,False
23,21,9,31.679999999999993,-2.0961538461538467,3.200000000000001,ERNiFe-CI,585.224900805414,,,,False
23,21,10,31.679999999999993,-2.0961538461538467,4.800000000000001,ERNiFe-CI,499.5617370051759,,,,False
23,21,11,31.679999999999993,-2.0961538461538467,6.400000000000002,ERNiFe-CI,438.0838558836329,,,,False
23,21,12,31.679999999999993,-2.0961538461538467,8.0,ERNiFe-CI,396.5688759065445,,,,False
23,21,13,31.679999999999993,-2.0961538461538467,9.600000000000001,ERNiFe-CI,370.87102267508436,,,,False
23,21,14,31.679999999999993,-2.0961538461538467,11.200000000000003,ERNiFe-CI,358.31060553806276,,,,False
23,22,0,31.679999999999993,-0.5192307692307736,-11.2,ERNiFe-CI,376.13917535204325,,,,False
23,22,1,31.679999999999993,-0.5192307692307736,-9.6,ERNiFe-CI,390.97351280091374,,,,False
23,22,2,31.679999999999993,-0.5192307692307736,-8.0,ERNiFe-CI,421.7090896503231,,,,False
23,22,3,31.679999999999993,-0.5192307692307736,-6.3999999999999995,ERNiFe-CI,472.57501217010673,,,,False
23,22,4,31.679999999999993,-0.5192307692307736,-4.8,ERNiFe-CI,551.3312083402585,,,,False
23,22,5,31.679999999999993,-0.5192307692307736,-3.1999999999999993,ERNiFe-CI,671.6026320091936,,,,False
23,22,6,31.679999999999993,-0.5192307692307736,-1.5999999999999996,ERNiFe-CI,854.215989628687,35.0822284658609,,,False
23,22,7,31.679999999999993,-0.5192307692307736,0.0,ERNiFe-CI,1079.225870504572,,,,False
23,22,8,31.679999999999993,-0.5192307692307736,1.6000000000000014,ERNiFe-CI,854.2159896286868,35.0822284658609,,,False
23,22,9,31.679999999999993,-0.5192307692307736,3.200000000000001,ERNiFe-CI,671.6026320091934,,,,False
23,22,10,31.679999999999993,-0.5192307692307736,4.800000000000001,ERNiFe-CI,551.3312083402584,,,,False
23,22,11,31.679999999999993,-0.5192307692307736,6.400000000000002,ERNiFe-CI,472.5750121701066,,,,False
23,22,12,31.679999999999993,-0.5192307692307736,8.0,ERNiFe-CI,421.70908965032305,,,,False
23,22,13,31.679999999999993,-0.5192307692307736,9.600000000000001,ERNiFe-CI,390.9735128009137,,,,False
23,22,14,31.679999999999993,-0.5192307692307736,11.200000000000003,ERNiFe-CI,376.1391753520432,,,,False
23,23,0,31.679999999999993,1.0576923076923066,-11.2,ERNiFe-CI,390.31339706045117,,,,False
23,23,1,31.679999999999993,1.0576923076923066,-9.6,ERNiFe-CI,405.9954658163033,,,,False
23,23,2,31.679999999999993,1.0576923076923066,-8.0,ERNiFe-CI,438.27037440319026,,,,False
23,23,3,31.679999999999993,1.0576923076923066,-6.3999999999999995,ERNiFe-CI,490.99373458848464,,,,False
23,23,4,31.679999999999993,1.0576923076923066,-4.8,ERNiFe-CI,570.7405510932972,,,,False
23,23,5,31.679999999999993,1.0576923076923066,-3.1999999999999993,ERNiFe-CI,687.502485024062,,,,False
23,23,6,31.679999999999993,1.0576923076923066,-1.5999999999999996,ERNiFe-CI,851.6376644861904,,,,False
23,23,7,31.679999999999993,1.0576923076923066,0.0,ERNiFe-CI,985.683068200374,,,,False
23,23,8,31.679999999999993,1.0576923076923066,1.6000000000000014,ERNiFe-CI,851.6376644861901,,,,False
23,23,9,31.679999999999993,1.0576923076923066,3.200000000000001,ERNiFe-CI,687.5024850240619,,,,False
23,23,10,31.679999999999993,1.0576923076923066,4.800000000000001,ERNiFe-CI,570.7405510932971,,,,False
23,23,11,31.679999999999993,1.0576923076923066,6.400000000000002,ERNiFe-CI,490.99373458848453,,,,False
23,23,12,31.679999999999993,1.0576923076923066,8.0,ERNiFe-CI,438.2703744031902,,,,False
23,23,13,31.679999999999993,1.0576923076923066,9.600000000000001,ERNiFe-CI,405.99546581630324,,,,False
23,23,14,31.679999999999993,1.0576923076923066,11.200000000000003,ERNiFe-CI,390.3133970604511,,,,False
23,24,0,31.679999999999993,2.634615384615387,-11.2,ERNiFe-CI,400.632311835303,,,,False
23,24,1,31.679999999999993,2.634615384615387,-9.6,ERNiFe-CI,415.87168944417874,,,,False
23,24,2,31.679999999999993,2.634615384615387,-8.0,ERNiFe-CI,446.64941368367755,,,,False
23,24,3,31.679999999999993,2.634615384615387,-6.3999999999999995,ERNiFe-CI,495.1012226539129,,,,False
23,24,4,31.679999999999993,2.634615384615387,-4.8,ERNiFe-CI,563.6955462613364,,,,False
23,24,5,31.679999999999993,2.634615384615387,-3.1999999999999993,ERNiFe-CI,652.6026769924193,,,,False
23,24,6,31.679999999999993,2.634615384615387,-1.5999999999999996,ERNiFe-CI,750.7601957835136,,,,False
23,24,7,31.679999999999993,2.634615384615387,0.0,ERNiFe-CI,807.8625261310895,,,,False
23,24,8,31.679999999999993,2.634615384615387,1.6000000000000014,ERNiFe-CI,750.7601957835135,,,,False
23,24,9,31.679999999999993,2.634615384615387,3.200000000000001,ERNiFe-CI,652.6026769924191,,,,False
23,24,10,31.679999999999993,2.634615384615387,4.800000000000001,ERNiFe-CI,563.6955462613362,,,,False
23,24,11,31.679999999999993,2.634615384615387,6.400000000000002,ERNiFe-CI,495.10122265391277,,,,False
23,24,12,31.679999999999993,2.634615384615387,8.0,ERNiFe-CI,446.6494136836775,,,,False
23,24,13,31.679999999999993,2.634615384615387,9.600000000000001,ERNiFe-CI,415.8716894441787,,,,False
23,24,14,31.679999999999993,2.634615384615387,11.200000000000003,ERNiFe-CI,400.63231183530297,,,,False
23,25,0,31.679999999999993,4.21153846153846,-11.2,Q235B,406.36017298711675,,,,False
23,25,1,31.679999999999993,4.21153846153846,-9.6,Q235B,420.70884139977045,,,,False
23,25,2,31.679999999999993,4.21153846153846,-8.0,Q235B,449.33787620284346,,,,False
23,25,3,31.679999999999993,4.21153846153846,-6.3999999999999995,Q235B,492.99717658775575,,,,False
23,25,4,31.679999999999993,4.21153846153846,-4.8,Q235B,551.6084875290918,,,,False
23,25,5,31.679999999999993,4.21153846153846,-3.1999999999999993,Q235B,621.313988375454,,,,False
23,25,6,31.679999999999993,4.21153846153846,-1.5999999999999996,Q235B,687.6907085013478,,,,False
23,25,7,31.679999999999993,4.21153846153846,0.0,Q235B,719.1682170229644,,,,False
23,25,8,31.679999999999993,4.21153846153846,1.6000000000000014,Q235B,687.6907085013477,,,,False
23,25,9,31.679999999999993,4.21153846153846,3.200000000000001,Q235B,621.3139883754538,,,,False
23,25,10,31.679999999999993,4.21153846153846,4.800000000000001,Q235B,551.6084875290916,,,,False
23,25,11,31.679999999999993,4.21153846153846,6.400000000000002,Q235B,492.99717658775563,,,,False
23,25,12,31.679999999999993,4.21153846153846,8.0,Q235B,449.3378762028434,,,,False
23,25,13,31.679999999999993,4.21153846153846,9.600000000000001,Q235B,420.7088413997704,,,,False
23,25,14,31.679999999999993,4.21153846153846,11.200000000000003,Q235B,406.3601729871167,,,,False
24,0,0,34.56,-35.21153846153846,-11.2,QT450-10,165.2535589437593,,,,False
24,0,1,34.56,-35.21153846153846,-9.6,QT450-10,165.37953725213958,,,,False
24,0,2,34.56,-35.21153846153846,-8.0,QT450-10,165.4903565992204,,,,False
24,0,3,34.56,-35.21153846153846,-6.3999999999999995,QT450-10,165.58466999044407,,,,False
24,0,4,34.56,-35.21153846153846,-4.8,QT450-10,165.66073745918186,,,,False
24,0,5,34.56,-35.21153846153846,-3.1999999999999993,QT450-10,165.71673121248736,,,,False
24,0,6,34.56,-35.21153846153846,-1.5999999999999996,QT450-10,165.75105528125792,,,,False
24,0,7,34.56,-35.21153846153846,0.0,QT450-10,165.76262466811727,,,,False
24,0,8,34.56,-35.21153846153846,1.6000000000000014,QT450-10,165.75105528125792,,,,False
24,0,9,34.56,-35.21153846153846,3.200000000000001,QT450-10,165.71673121248736,,,,False
24,0,10,34.56,-35.21153846153846,4.800000000000001,QT450-10,165.66073745918186,,,,False
24,0,11,34.56,-35.21153846153846,6.400000000000002,QT450-10,165.58466999044407,,,,False
24,0,12,34.56,-35.21153846153846,8.0,QT450-10,165.4903565992204,,,,False
24,0,13,34.56,-35.21153846153846,9.600000000000001,QT450-10,165.37953725213958,,,,False
24,0,14,34.56,-35.21153846153846,11.200000000000003,QT450-10,165.2535589437593,,,,False
24,1,0,34.56,-33.63461538461539,-11.2,QT450-10,165.88873609310056,,,,False
24,1,1,34.56,-33.63461538461539,-9.6,QT450-10,166.01626434585626,,,,False
24,1,2,34.56,-33.63461538461539,-8.0,QT450-10,166.12924282220538,,,,False
24,1,3,34.56,-33.63461538461539,-6.3999999999999995,QT450-10,166.22605159906732,,,,False
24,1,4,34.56,-33.63461538461539,-4.8,QT450-10,166.30460218347065,,,,False
24,1,5,34.56,-33.63461538461539,-3.1999999999999993,QT450-10,166.36270148216462,,,,False
24,1,6,34.56,-33.63461538461539,-1.5999999999999996,QT450-10,166.39843448984513,,,,False
24,1,7,34.56,-33.63461538461539,0.0,QT450-10,166.41049915012408,,,,False
24,1,8,34.56,-33.63461538461539,1.6000000000000014,QT450-10,166.39843448984513,,,,False
24,1,9,34.56,-33.63461538461539,3.200000000000001,QT450-10,166.36270148216462,,,,False
24,1,10,34.56,-33.63461538461539,4.800000000000001,QT450-10,166.30460218347065,,,,False
24,1,11,34.56,-33.63461538461539,6.400000000000002,QT450-10,166.22605159906732,,,,False
24,1,12,34.56,-33.63461538461539,8.0,QT450-10,166.12924282220538,,,,False
24,1,13,34.56,-33.63461538461539,9.600000000000001,QT450-10,166.01626434585626,,,,False
24,1,14,34.56,-33.63461538461539,11.200000000000003,QT450-10,165.88873609310056,,,,False
24,2,0,34.56,-32.05769230769231,-11.2,QT450-10,167.0333857178888,,,,False
24,2,1,34.56,-32.05769230769231,-9.6,QT450-10,167.1640532076111,,,,False
24,2,2,34.56,-32.05769230769231,-8.0,QT450-10,167.2815425149814,,,,False
24,2,3,34.56,-32.05769230769231,-6.3999999999999995,QT450-10,167.3836397116628,,,,False
24,2,4,34.56,-32.05769230769231,-4.8,QT450-10,167.46749329527069,,,,False
24,2,5,34.56,-32.05769230769231,-3.1999999999999993,QT450-10,167.53010908993917,,,,False
24,2,6,34.56,-32.05769230769231,-1.5999999999999996,QT450-10,167.5688718151292,,,,False
24,2,7,34.56,-32.05769230769231,0.0,QT450-10,167.5820026844658,,,,False
24,2,8,34.56,-32.05769230769231,1.6000000000000014,QT450-10,167.5688718151292,,,,False
24,2,9,34.56,-32.05769230769231,3.200000000000001,QT450-10,167.53010908993915,,,,False
24,2,10,34.56,-32.05769230769231,4.800000000000001,QT450-10,167.46749329527069,,,,False
24,2,11,34.56,-32.05769230769231,6.400000000000002,QT450-10,167.3836397116628,,,,False
24,2,12,34.56,-32.05769230769231,8.0,QT450-10,167.28154251498137,,,,False
24,2,13,34.56,-32.05769230769231,9.600000000000001,QT450-10,167.1640532076111,,,,False
24,2,14,34.56,-32.05769230769231,11.200000000000003,QT450-10,167.0333857178888,,,,False
24,3,0,34.56,-30.48076923076923,-11.2,QT450-10,168.71246922970187,,,,False
24,3,1,34.56,-30.48076923076923,-9.6,QT450-10,168.84827402775875,,,,False
24,3,2,34.56,-30.48076923076923,-8.0,QT450-10,168.97334287273563,,,,False
24,3,3,34.56,-30.48076923076923,-6.3999999999999995,QT450-10,169.0844283546808,,,,False
24,3,4,34.56,-30.48076923076923,-4.8,QT450-10,169.177349893588,,,,False
24,3,5,34.56,-30.48076923076923,-3.1999999999999993,QT450-10,169.24771591912295,,,,False
24,3,6,34.56,-30.48076923076923,-1.5999999999999996,QT450-10,169.29168799918173,,,,False
24,3,7,34.56,-30.48076923076923,0.0,QT450-10,169.30665381663323,,,,False
24,3,8,34.56,-30.48076923076923,1.6000000000000014,QT450-10,169.29168799918173,,,,False
24,3,9,34.56,-30.48076923076923,3.200000000000001,QT450-10,169.24771591912295,,,,False
24,3,10,34.56,-30.48076923076923,4.800000000000001,QT450-10,169.17734989358797,,,,False
24,3,11,34.56,-30.48076923076923,6.400000000000002,QT450-10,169.08442835468077,,,,False
24,3,12,34.56,-30.48076923076923,8.0,QT450-10,168.9733428727356,,,,False
24,3,13,34.56,-30.48076923076923,9.600000000000001,QT450-10,168.84827402775872,,,,False
24,3,14,34.56,-30.48076923076923,11.200000000000003,QT450-10,168.71246922970184,,,,False
24,4,0,34.56,-28.903846153846153,-11.2,QT450-10,170.9637412325408,,,,False
24,4,1,34.56,-28.903846153846153,-9.6,QT450-10,171.10739000175053,,,,False
24,4,2,34.56,-28.903846153846153,-8.0,QT450-10,171.2443530569227,,,,False
24,4,3,34.56,-28.903846153846153,-6.3999999999999995,QT450-10,171.3697068143154,,,,False
24,4,4,34.56,-28.903846153846153,-4.8,QT450-10,171.47711138220288,,,,False
24,4,5,34.56,-28.903846153846153,-3.1999999999999993,QT450-10,171.55990022990886,,,,False
24,4,6,34.56,-28.903846153846153,-1.5999999999999996,QT450-10,171.61223970183212,,,,False
24,4,7,34.56,-28.903846153846153,0.0,QT450-10,171.63015570501977,,,,False
24,4,8,34.56,-28.903846153846153,1.6000000000000014,QT450-10,171.61223970183212,,,,False
24,4,9,34.56,-28.903846153846153,3.200000000000001,QT450-10,171.55990022990886,,,,False
24,4,10,34.56,-28.903846153846153,4.800000000000001,QT450-10,171.47711138220288,,,,False
24,4,11,34.56,-28.903846153846153,6.400000000000002,QT450-10,171.3697068143154,,,,False
24,4,12,34.56,-28.903846153846153,8.0,QT450-10,171.24435305692268,,,,False
24,4,13,34.56,-28.903846153846153,9.600000000000001,QT450-10,171.10739000175053,,,,False
24,4,14,34.56,-28.903846153846153,11.200000000000003,QT450-10,170.9637412325408,,,,False
24,5,0,34.56,-27.326923076923077,-11.2,QT450-10,173.83848873527103,,,,False
24,5,1,34.56,-27.326923076923077,-9.6,QT450-10,173.99382983687093,,,,False
24,5,2,34.56,-27.326923076923077,-8.0,QT450-10,174.1490219336641,,,,False
24,5,3,34.56,-27.326923076923077,-6.3999999999999995,QT450-10,174.2964944437247,,,,False
24,5,4,34.56,-27.326923076923077,-4.8,QT450-10,174.42648856486724,,,,False
24,5,5,34.56,-27.326923076923077,-3.1999999999999993,QT450-10,174.5287248329054,,,,False
24,5,6,34.56,-27.326923076923077,-1.5999999999999996,QT450-10,174.59419163899145,,,,False
24,5,7,34.56,-27.326923076923077,0.0,QT450-10,174.61674086629722,,,,False
24,5,8,34.56,-27.326923076923077,1.6000000000000014,QT450-10,174.59419163899145,,,,False
24,5,9,34.56,-27.326923076923077,3.200000000000001,QT450-10,174.5287248329054,,,,False
24,5,10,34.56,-27.326923076923077,4.800000000000001,QT450-10,174.42648856486724,,,,False
24,5,11,34.56,-27.326923076923077,6.400000000000002,QT450-10,174.2964944437247,,,,False
24,5,12,34.56,-27.326923076923077,8.0,QT450-10,174.1490219336641,,,,False
24,5,13,34.56,-27.326923076923077,9.600000000000001,QT450-10,173.99382983687093,,,,False
24,5,14,34.56,-27.326923076923077,11.200000000000003,QT450-10,173.838488735271,,,,False
24,6,0,34.56,-25.75,-11.2,QT450-10,177.4024289321805,,,,False
24,6,1,34.56,-25.75,-9.6,QT450-10,177.57510282057797,,,,False
24,6,2,34.56,-25.75,-8.0,QT450-10,177.75805226429046,,,,False
24,6,3,34.56,-25.75,-6.3999999999999995,QT450-10,177.93957403040307,,,,False
24,6,4,34.56,-25.75,-4.8,QT450-10,178.10455124187985,,,,False
24,6,5,34.56,-25.75,-3.1999999999999993,QT450-10,178.2370172668595,,,,False
24,6,6,34.56,-25.75,-1.5999999999999996,QT450-10,178.32293654872916,,,,False
24,6,7,34.56,-25.75,0.0,QT450-10,178.35271241147026,,,,False
24,6,8,34.56,-25.75,1.6000000000000014,QT450-10,178.32293654872916,,,,False
24,6,9,34.56,-25.75,3.200000000000001,QT450-10,178.2370172668595,,,,False
24,6,10,34.56,-25.75,4.800000000000001,QT450-10,178.10455124187985,,,,False
24,6,11,34.56,-25.75,6.400000000000002,QT450-10,177.93957403040307,,,,False
24,6,12,34.56,-25.75,8.0,QT450-10,177.75805226429043,,,,False
24,6,13,34.56,-25.75,9.600000000000001,QT450-10,177.57510282057797,,,,False
24,6,14,34.56,-25.75,11.200000000000003,QT450-10,177.40242893218047,,,,False
24,7,0,34.56,-24.173076923076923,-11.2,QT450-10,181.73665817070935,,,,False
24,7,1,34.56,-24.173076923076923,-9.6,QT450-10,181.93509014076693,,,,False
24,7,2,34.56,-24.173076923076923,-8.0,QT450-10,182.1603244633914,,,,False
24,7,3,34.56,-24.173076923076923,-6.3999999999999995,QT450-10,182.39424526354276,,,,False
24,7,4,34.56,-24.173076923076923,-4.8,QT450-10,182.61337596240259,,,,False
24,7,5,34.56,-24.173076923076923,-3.1999999999999993,QT450-10,182.7928195972741,,,,False
24,7,6,34.56,-24.173076923076923,-1.5999999999999996,QT450-10,182.91060215087404,,,,False
24,7,7,34.56,-24.173076923076923,0.0,QT450-10,182.95165061945247,,,,False
24,7,8,34.56,-24.173076923076923,1.6000000000000014,QT450-10,182.91060215087404,,,,False
24,7,9,34.56,-24.173076923076923,3.200000000000001,QT450-10,182.7928195972741,,,,False
24,7,10,34.56,-24.173076923076923,4.800000000000001,QT450-10,182.61337596240259,,,,False
24,7,11,34.56,-24.173076923076923,6.400000000000002,QT450-10,182.39424526354276,,,,False
24,7,12,34.56,-24.173076923076923,8.0,QT450-10,182.16032446339136,,,,False
24,7,13,34.56,-24.173076923076923,9.600000000000001,QT450-10,181.9350901407669,,,,False
24,7,14,34.56,-24.173076923076923,11.200000000000003,QT450-10,181.73665817070932,,,,False
24,8,0,34.56,-22.596153846153847,-11.2,QT450-10,186.9384569156537,,,,False
24,8,1,34.56,-22.596153846153847,-9.6,QT450-10,187.1753794428183,,,,False
24,8,2,34.56,-22.596153846153847,-8.0,QT450-10,187.46522017497412,,,,False
24,8,3,34.56,-22.596153846153847,-6.3999999999999995,QT450-10,187.77996319679843,,,,False
24,8,4,34.56,-22.596153846153847,-4.8,QT450-10,188.08312182918482,,,,False
24,8,5,34.56,-22.596153846153847,-3.1999999999999993,QT450-10,188.3357700851486,,,,False
24,8,6,34.56,-22.596153846153847,-1.5999999999999996,QT450-10,188.50334900986616,,,,False
24,8,7,34.56,-22.596153846153847,0.0,QT450-10,188.56204082342828,,,,False
24,8,8,34.56,-22.596153846153847,1.6000000000000014,QT450-10,188.50334900986616,,,,False
24,8,9,34.56,-22.596153846153847,3.200000000000001,QT450-10,188.3357700851486,,,,False
24,8,10,34.56,-22.596153846153847,4.800000000000001,QT450-10,188.08312182918482,,,,False
24,8,11,34.56,-22.596153846153847,6.400000000000002,QT450-10,187.77996319679843,,,,False
24,8,12,34.56,-22.596153846153847,8.0,QT450-10,187.4652201749741,,,,False
24,8,13,34.56,-22.596153846153847,9.600000000000001,QT450-10,187.1753794428183,,,,False
24,8,14,34.56,-22.596153846153847,11.200000000000003,QT450-10,186.93845691565366,,,,False
24,9,0,34.56,-21.01923076923077,-11.2,QT450-10,193.1216010310725,,,,False
24,9,1,34.56,-21.01923076923077,-9.6,QT450-10,193.41638363504183,,,,False
24,9,2,34.56,-21.01923076923077,-8.0,QT450-10,193.80527810072977,,,,False
24,9,3,34.56,-21.01923076923077,-6.3999999999999995,QT450-10,194.24507643945293,,,,False
24,9,4,34.56,-21.01923076923077,-4.8,QT450-10,194.67908849234755,,,,False
24,9,5,34.56,-21.01923076923077,-3.1999999999999993,QT450-10,195.04630557906276,,,,False
24,9,6,34.56,-21.01923076923077,-1.5999999999999996,QT450-10,195.29209773611842,,,,False
24,9,7,34.56,-21.01923076923077,0.0,QT450-10,195.37855393010616,,,,False
24,9,8,34.56,-21.01923076923077,1.6000000000000014,QT450-10,195.29209773611842,,,,False
24,9,9,34.56,-21.01923076923077,3.200000000000001,QT450-10,195.04630557906276,,,,False
24,9,10,34.56,-21.01923076923077,4.800000000000001,QT450-10,194.67908849234755,,,,False
24,9,11,34.56,-21.01923076923077,6.400000000000002,QT450-10,194.24507643945293,,,,False
24,9,12,34.56,-21.01923076923077,8.0,QT450-10,193.80527810072977,,,,False
24,9,13,34.56,-21.01923076923077,9.600000000000001,QT450-10,193.41638363504183,,,,False
24,9,14,34.56,-21.01923076923077,11.200000000000003,QT450-10,193.12160103107246,,,,False
24,10,0,34.56,-19.442307692307693,-11.2,QT450-10,200.4157454441661,,,,False
24,10,1,34.56,-19.442307692307693,-9.6,QT450-10,200.79814238387104,,,,False
24,10,2,34.56,-19.442307692307693,-8.0,QT450-10,201.3396622118129,,,,False
24,10,3,34.56,-19.442307692307693,-6.3999999999999995,QT450-10,201.97393917565347,,,,False
24,10,4,34.56,-19.442307692307693,-4.8,QT450-10,202.61295562664145,,,,False
24,10,5,34.56,-19.442307692307693,-3.1999999999999993,QT450-10,203.16078722131732,,,,False
24,10,6,34.56,-19.442307692307693,-1.5999999999999996,QT450-10,203.5304608436616,,,,False
24,10,7,34.56,-19.442307692307693,0.0,QT450-10,203.66100552042496,,,,False
24,10,8,34.56,-19.442307692307693,1.6000000000000014,QT450-10,203.5304608436616,,,,False
24,10,9,34.56,-19.442307692307693,3.200000000000001,QT450-10,203.16078722131732,,,,False
24,10,10,34.56,-19.442307692307693,4.800000000000001,QT450-10,202.61295562664145,,,,False
24,10,11,34.56,-19.442307692307693,6.400000000000002,QT450-10,201.97393917565344,,,,False
24,10,12,34.56,-19.442307692307693,8.0,QT450-10,201.3396622118129,,,,False
24,10,13,34.56,-19.442307692307693,9.600000000000001,QT450-10,200.798142383871,,,,False
24,10,14,34.56,-19.442307692307693,11.200000000000003,QT450-10,200.41574544416608,,,,False
24,11,0,34.56,-17.865384615384617,-11.2,QT450-10,208.968558145727,,,,False
24,11,1,34.56,-17.865384615384617,-9.6,QT450-10,209.48439406873405,,,,False
24,11,2,34.56,-17.865384615384617,-8.0,QT450-10,210.26194890250898,,,,False
24,11,3,34.56,-17.865384615384617,-6.3999999999999995,QT450-10,211.1999498614848,,,,False
24,11,4,34.56,-17.865384615384617,-4.8,QT450-10,212.16200171832978,,,,False
24,11,5,34.56,-17.865384615384617,-3.1999999999999993,QT450-10,212.9967519837424,,,,False
24,11,6,34.56,-17.865384615384617,-1.5999999999999996,QT450-10,213.56447558202478,,,,False
24,11,7,34.56,-17.865384615384617,0.0,QT450-10,213.7657553747515,,,,False
24,11,8,34.56,-17.865384615384617,1.6000000000000014,QT450-10,213.56447558202478,,,,False
24,11,9,34.56,-17.865384615384617,3.200000000000001,QT450-10,212.9967519837424,,,,False
24,11,10,34.56,-17.865384615384617,4.800000000000001,QT450-10,212.16200171832978,,,,False
24,11,11,34.56,-17.865384615384617,6.400000000000002,QT450-10,211.1999498614848,,,,False
24,11,12,34.56,-17.865384615384617,8.0,QT450-10,210.26194890250898,,,,False
24,11,13,34.56,-17.865384615384617,9.600000000000001,QT450-10,209.48439406873402,,,,False
24,11,14,34.56,-17.865384615384617,11.200000000000003,QT450-10,208.968558145727,,,,False
24,12,0,34.56,-16.28846153846154,-11.2,QT450-10,218.94090882996633,,,,False
24,12,1,34.56,-16.28846153846154,-9.6,QT450-10,219.660117817222,,,,False
24,12,2,34.56,-16.28846153846154,-8.0,QT450-10,220.80279880282896,,,,False
24,12,3,34.56,-16.28846153846154,-6.3999999999999995,QT450-10,222.21605709035194,,,,False
24,12,4,34.56,-16.28846153846154,-4.8,QT450-10,223.68947926878184,,,,False
24,12,5,34.56,-16.28846153846154,-3.1999999999999993,QT450-10,224.9834938130266,,,,False
24,12,6,34.56,-16.28846153846154,-1.5999999999999996,QT450-10,225.87109846987494,,,,False
24,12,7,34.56,-16.28846153846154,0.0,QT450-10,226.18721577644703,,,,False
24,12,8,34.56,-16.28846153846154,1.6000000000000014,QT450-10,225.87109846987494,,,,False
24,12,9,34.56,-16.28846153846154,3.200000000000001,QT450-10,224.9834938130266,,,,False
24,12,10,34.56,-16.28846153846154,4.800000000000001,QT450-10,223.68947926878184,,,,False
24,12,11,34.56,-16.28846153846154,6.400000000000002,QT450-10,222.21605709035194,,,,False
24,12,12,34.56,-16.28846153846154,8.0,QT450-10,220.80279880282896,,,,False
24,12,13,34.56,-16.28846153846154,9.600000000000001,QT450-10,219.660117817222,,,,False
24,12,14,34.56,-16.28846153846154,11.200000000000003,QT450-10,218.94090882996633,,,,False
24,13,0,34.56,-14.711538461538463,-11.2,QT450-10,230.48923994279426,,,,False
24,13,1,34.56,-14.711538461538463,-9.6,QT450-10,231.51796385671102,,,,False
24,13,2,34.56,-14.711538461538463,-8.0,QT450-10,233.22481492932823,,,,False
24,13,3,34.56,-14.711538461538463,-6.3999999999999995,QT450-10,235.38296877714552,,,,False
24,13,4,34.56,-14.711538461538463,-4.8,QT450-10,237.6705132766123,,,,False
24,13,5,34.56,-14.711538461538463,-3.1999999999999993,QT450-10,239.70719011311425,,,,False
24,13,6,34.56,-14.711538461538463,-1.5999999999999996,QT450-10,241.11886221466781,,,,False
24,13,7,34.56,-14.711538461538463,0.0,QT450-10,241.6245719059862,,,,False
24,13,8,34.56,-14.711538461538463,1.6000000000000014,QT450-10,241.11886221466781,,,,False
24,13,9,34.56,-14.711538461538463,3.200000000000001,QT450-10,239.70719011311425,,,,False
24,13,10,34.56,-14.711538461538463,4.800000000000001,QT450-10,237.6705132766123,,,,False
24,13,11,34.56,-14.711538461538463,6.400000000000002,QT450-10,235.38296877714552,,,,False
24,13,12,34.56,-14.711538461538463,8.0,QT450-10,233.22481492932823,,,,False
24,13,13,34.56,-14.711538461538463,9.600000000000001,QT450-10,231.51796385671102,,,,False
24,13,14,34.56,-14.711538461538463,11.200000000000003,QT450-10,230.48923994279426,,,,False
24,14,0,34.56,-13.134615384615387,-11.2,QT450-10,243.74837274250038,,,,False
24,14,1,34.56,-13.134615384615387,-9.6,QT450-10,245.24575463437324,,,,False
24,14,2,34.56,-13.134615384615387,-8.0,QT450-10,247.82102946056634,,,,False
24,14,3,34.56,-13.134615384615387,-6.3999999999999995,QT450-10,251.1471080121309,,,,False
24,14,4,34.56,-13.134615384615387,-4.8,QT450-10,254.73876883999603,,,,False
24,14,5,34.56,-13.134615384615387,-3.1999999999999993,QT450-10,257.9918062768607,,,,False
24,14,6,34.56,-13.134615384615387,-1.5999999999999996,QT450-10,260.2784604147529,,,,False
24,14,7,34.56,-13.134615384615387,0.0,QT450-10,261.10446919183147,,,,False
24,14,8,34.56,-13.134615384615387,1.6000000000000014,QT450-10,260.2784604147529,,,,False
24,14,9,34.56,-13.134615384615387,3.200000000000001,QT450-10,257.9918062768607,,,,False
24,14,10,34.56,-13.134615384615387,4.800000000000001,QT450-10,254.73876883999603,,,,False
24,14,11,34.56,-13.134615384615387,6.400000000000002,QT450-10,251.1471080121309,,,,False
24,14,12,34.56,-13.134615384615387,8.0,QT450-10,247.82102946056634,,,,False
24,14,13,34.56,-13.134615384615387,9.600000000000001,QT450-10,245.24575463437324,,,,False
24,14,14,34.56,-13.134615384615387,11.200000000000003,QT450-10,243.74837274250038,,,,False
24,15,0,34.56,-11.55769230769231,-11.2,QT450-10,258.7970465994477,,,,False
24,15,1,34.56,-11.55769230769231,-9.6,QT450-10,260.9968664878236,,,,False
24,15,2,34.56,-11.55769230769231,-8.0,QT450-10,264.8987486822133,,,,False
24,15,3,34.56,-11.55769230769231,-6.3999999999999995,QT450-10,270.0527790206985,,,,False
24,15,4,34.56,-11.55769230769231,-4.8,QT450-10,275.74684992078795,,,,False
24,15,5,34.56,-11.55769230769231,-3.1999999999999993,QT450-10,281.02420739910195,,,,False
24,15,6,34.56,-11.55769230769231,-1.5999999999999996,QT450-10,284.80918293110074,,,,False
24,15,7,34.56,-11.55769230769231,0.0,QT450-10,286.194011515073,,,,False
24,15,8,34.56,-11.55769230769231,1.6000000000000014,QT450-10,284.80918293110074,,,,False
24,15,9,34.56,-11.55769230769231,3.200000000000001,QT450-10,281.02420739910195,,,,False
24,15,10,34.56,-11.55769230769231,4.800000000000001,QT450-10,275.74684992078795,,,,False
24,15,11,34.56,-11.55769230769231,6.400000000000002,QT450-10,270.0527790206985,,,,False
24,15,12,34.56,-11.55769230769231,8.0,QT450-10,264.8987486822133,,,,False
24,15,13,34.56,-11.55769230769231,9.600000000000001,QT450-10,260.9968664878236,,,,False
24,15,14,34.56,-11.55769230769231,11.200000000000003,QT450-10,258.7970465994477,,,,False
24,16,0,34.56,-9.98076923076923,-11.2,QT450-10,275.6035487702323,,,,False
24,16,1,34.56,-9.98076923076923,-9.6,QT450-10,278.83814929833,,,,False
24,16,2,34.56,-9.98076923076923,-8.0,QT450-10,284.73973056296404,,,,False
24,16,3,34.56,-9.98076923076923,-6.3999999999999995,QT450-10,292.7393796980398,,,,False
24,16,4,34.56,-9.98076923076923,-4.8,QT450-10,301.842670975655,,,,False
24,16,5,34.56,-9.98076923076923,-3.1999999999999993,QT450-10,310.5560159579956,,,,False
24,16,6,34.56,-9.98076923076923,-1.5999999999999996,QT450-10,316.9947575840854,,,,False
24,16,7,34.56,-9.98076923076923,0.0,QT450-10,319.4001774629951,,,,False
24,16,8,34.56,-9.98076923076923,1.6000000000000014,QT450-10,316.9947575840854,,,,False
24,16,9,34.56,-9.98076923076923,3.200000000000001,QT450-10,310.5560159579956,,,,False
24,16,10,34.56,-9.98076923076923,4.800000000000001,QT450-10,301.842670975655,,,,False
24,16,11,34.56,-9.98076923076923,6.400000000000002,QT450-10,292.7393796980398,,,,False
24,16,12,34.56,-9.98076923076923,8.0,QT450-10,284.73973056296404,,,,False
24,16,13,34.56,-9.98076923076923,9.600000000000001,QT450-10,278.83814929833,,,,False
24,16,14,34.56,-9.98076923076923,11.200000000000003,QT450-10,275.6035487702323,,,,False
24,17,0,34.56,-8.403846153846153,-11.2,QT450-10,293.9462496010983,,,,False
24,17,1,34.56,-8.403846153846153,-9.6,QT450-10,298.66402776581134,,,,False
24,17,2,34.56,-8.403846153846153,-8.0,QT450-10,307.51450206968207,,,,False
24,17,3,34.56,-8.403846153846153,-6.3999999999999995,QT450-10,319.8930092093188,,,,False
24,17,4,34.56,-8.403846153846153,-4.8,QT450-10,334.5435916862401,,,,False
24,17,5,34.56,-8.403846153846153,-3.1999999999999993,QT450-10,349.22670747663057,,,,False
24,17,6,34.56,-8.403846153846153,-1.5999999999999996,QT450-10,360.5779488081022,,,,False
24,17,7,34.56,-8.403846153846153,0.0,QT450-10,364.97418295515155,,,,False
24,17,8,34.56,-8.403846153846153,1.6000000000000014,QT450-10,360.5779488081022,,,,False
24,17,9,34.56,-8.403846153846153,3.200000000000001,QT450-10,349.22670747663057,,,,False
24,17,10,34.56,-8.403846153846153,4.800000000000001,QT450-10,334.5435916862401,,,,False
24,17,11,34.56,-8.403846153846153,6.400000000000002,QT450-10,319.8930092093188,,,,False
24,17,12,34.56,-8.403846153846153,8.0,QT450-10,307.51450206968207,,,,False
24,17,13,34.56,-8.403846153846153,9.600000000000001,QT450-10,298.66402776581134,,,,False
24,17,14,34.56,-8.403846153846153,11.200000000000003,QT450-10,293.9462496010983,,,,False
24,18,0,34.56,-6.826923076923077,-11.2,QT450-10,313.3096163691613,,,,False
24,18,1,34.56,-6.826923076923077,-9.6,QT450-10,320.0656514858393,,,,False
24,18,2,34.56,-6.826923076923077,-8.0,QT450-10,333.11412456472254,,,,False
24,18,3,34.56,-6.826923076923077,-6.3999999999999995,QT450-10,352.0820461133425,,,,False
24,18,4,34.56,-6.826923076923077,-4.8,QT450-10,375.7301051097016,,,,False
24,18,5,34.56,-6.826923076923077,-3.1999999999999993,QT450-10,401.0621563031696,,,,False
24,18,6,34.56,-6.826923076923077,-1.5999999999999996,QT450-10,422.2421285313733,,,,False
24,18,7,34.56,-6.826923076923077,0.0,QT450-10,431.0208677155061,,,,False
24,18,8,34.56,-6.826923076923077,1.6000000000000014,QT450-10,422.2421285313733,,,,False
24,18,9,34.56,-6.826923076923077,3.200000000000001,QT450-10,401.06215630316956,,,,False
24,18,10,34.56,-6.826923076923077,4.800000000000001,QT450-10,375.7301051097016,,,,False
24,18,11,34.56,-6.826923076923077,6.400000000000002,QT450-10,352.0820461133425,,,,False
24,18,12,34.56,-6.826923076923077,8.0,QT450-10,333.11412456472254,,,,False
24,18,13,34.56,-6.826923076923077,9.600000000000001,QT450-10,320.0656514858392,,,,False
24,18,14,34.56,-6.826923076923077,11.200000000000003,QT450-10,313.3096163691613,,,,False
24,19,0,34.56,-5.25,-11.2,QT450-10,332.77233647343945,,,,False
24,19,1,34.56,-5.25,-9.6,QT450-10,342.15516435767887,,,,False
24,19,2,34.56,-5.25,-8.0,QT450-10,360.8510433302392,,,,False
24,19,3,34.56,-5.25,-6.3999999999999995,QT450-10,389.33509456811504,,,,False
24,19,4,34.56,-5.25,-4.8,QT450-10,427.52278590550793,,,,False
24,19,5,34.56,-5.25,-3.1999999999999993,QT450-10,472.84985262574895,,,,False
24,19,6,34.56,-5.25,-1.5999999999999996,QT450-10,515.7935502879784,,,,False
24,19,7,34.56,-5.25,0.0,QT450-10,535.8947307338484,,,,False
24,19,8,34.56,-5.25,1.6000000000000014,QT450-10,515.7935502879784,,,,False
24,19,9,34.56,-5.25,3.200000000000001,QT450-10,472.84985262574895,,,,False
24,19,10,34.56,-5.25,4.800000000000001,QT450-10,427.5227859055079,,,,False
24,19,11,34.56,-5.25,6.400000000000002,QT450-10,389.335094568115,,,,False
24,19,12,34.56,-5.25,8.0,QT450-10,360.8510433302391,,,,False
24,19,13,34.56,-5.25,9.600000000000001,QT450-10,342.15516435767887,,,,False
24,19,14,34.56,-5.25,11.200000000000003,QT450-10,332.77233647343945,,,,False
24,20,0,34.56,-3.673076923076927,-11.2,QT450-10,350.9362702273699,,,,False
24,20,1,34.56,-3.673076923076927,-9.6,QT450-10,363.3842330626323,,,,False
24,20,2,34.56,-3.673076923076927,-8.0,QT450-10,389.00218141731403,,,,False
24,20,3,34.56,-3.673076923076927,-6.3999999999999995,QT450-10,430.401219798761,,,,False
24,20,4,34.56,-3.673076923076927,-4.8,QT450-10,491.54547053000374,,,,False
24,20,5,34.56,-3.673076923076927,-3.1999999999999993,QT450-10,575.3273353216749,,,,False
24,20,6,34.56,-3.673076923076927,-1.5999999999999996,QT450-10,673.6528748365384,,,,False
24,20,7,34.56,-3.673076923076927,0.0,QT450-10,732.8680788758858,,,,False
24,20,8,34.56,-3.673076923076927,1.6000000000000014,QT450-10,673.6528748365383,,,,False
24,20,9,34.56,-3.673076923076927,3.200000000000001,QT450-10,575.3273353216748,,,,False
24,20,10,34.56,-3.673076923076927,4.800000000000001,QT450-10,491.5454705300036,,,,False
24,20,11,34.56,-3.673076923076927,6.400000000000002,QT450-10,430.40121979876096,,,,False
24,20,12,34.56,-3.673076923076927,8.0,QT450-10,389.002181417314,,,,False
24,20,13,34.56,-3.673076923076927,9.600000000000001,QT450-10,363.3842330626323,,,,False
24,20,14,34.56,-3.673076923076927,11.200000000000003,QT450-10,350.9362702273699,,,,False
24,21,0,34.56,-2.0961538461538467,-11.2,ERNiFe-CI,369.5348735152178,,,,False
24,21,1,34.56,-2.0961538461538467,-9.6,ERNiFe-CI,385.6902622471387,,,,False
24,21,2,34.56,-2.0961538461538467,-8.0,ERNiFe-CI,420.0329538215962,,,,False
24,21,3,34.56,-2.0961538461538467,-6.3999999999999995,ERNiFe-CI,479.1764233631017,,,,False
24,21,4,34.56,-2.0961538461538467,-4.8,ERNiFe-CI,575.8773635804903,,,,False
24,21,5,34.56,-2.0961538461538467,-3.1999999999999993,ERNiFe-CI,731.7729876485741,,,,False
24,21,6,34.56,-2.0961538461538467,-1.5999999999999996,ERNiFe-CI,969.0835184418902,,,,False
24,21,7,34.56,-2.0961538461538467,0.0,ERNiFe-CI,1161.1611796902039,,,,False
24,21,8,34.56,-2.0961538461538467,1.6000000000000014,ERNiFe-CI,969.0835184418899,,,,False
24,21,9,34.56,-2.0961538461538467,3.200000000000001,ERNiFe-CI,731.7729876485739,,,,False
24,21,10,34.56,-2.0961538461538467,4.800000000000001,ERNiFe-CI,575.87736358049,,,,False
24,21,11,34.56,-2.0961538461538467,6.400000000000002,ERNiFe-CI,479.17642336310155,,,,False
24,21,12,34.56,-2.0961538461538467,8.0,ERNiFe-CI,420.0329538215961,,,,False
24,21,13,34.56,-2.0961538461538467,9.600000000000001,ERNiFe-CI,385.69026224713866,,,,False
24,21,14,34.56,-2.0961538461538467,11.200000000000003,ERNiFe-CI,369.5348735152178,,,,False
24,22,0,34.56,-0.5192307692307736,-11.2,ERNiFe-CI,388.98767754991724,,,,False
24,22,1,34.56,-0.5192307692307736,-9.6,ERNiFe-CI,408.2236777827075,,,,False
24,22,2,34.56,-0.5192307692307736,-8.0,ERNiFe-CI,449.80519021009434,,,,False
24,22,3,34.56,-0.5192307692307736,-6.3999999999999995,ERNiFe-CI,523.7734585475881,,,,False
24,22,4,34.56,-0.5192307692307736,-4.8,ERNiFe-CI,652.5316069778498,,,,False
24,22,5,34.56,-0.5192307692307736,-3.1999999999999993,ERNiFe-CI,888.6868022141318,,,,False
24,22,6,34.56,-0.5192307692307736,-1.5999999999999996,ERNiFe-CI,1355.7298504856706,,,,False
24,22,7,34.56,-0.5192307692307736,0.0,ERNiFe-CI,1844.6864420996094,,,,False
24,22,8,34.56,-0.5192307692307736,1.6000000000000014,ERNiFe-CI,1355.7298504856699,,,,False
24,22,9,34.56,-0.5192307692307736,3.200000000000001,ERNiFe-CI,888.6868022141315,,,,False
24,22,10,34.56,-0.5192307692307736,4.800000000000001,ERNiFe-CI,652.5316069778496,,,,False
24,22,11,34.56,-0.5192307692307736,6.400000000000002,ERNiFe-CI,523.7734585475879,,,,False
24,22,12,34.56,-0.5192307692307736,8.0,ERNiFe-CI,449.8051902100942,,,,False
24,22,13,34.56,-0.5192307692307736,9.600000000000001,ERNiFe-CI,408.22367778270745,,,,False
24,22,14,34.56,-0.5192307692307736,11.200000000000003,ERNiFe-CI,388.9876775499172,,,,False
24,23,0,34.56,1.0576923076923066,-11.2,ERNiFe-CI,404.07877406921875,,,,False
24,23,1,34.56,1.0576923076923066,-9.6,ERNiFe-CI,424.2963359545928,,,,False
24,23,2,34.56,1.0576923076923066,-8.0,ERNiFe-CI,467.60704411964394,,,,False
24,23,3,34.56,1.0576923076923066,-6.3999999999999995,ERNiFe-CI,543.3120870495264,,,,False
24,23,4,34.56,1.0576923076923066,-4.8,ERNiFe-CI,671.0020258005709,,,,False
24,23,5,34.56,1.0576923076923066,-3.1999999999999993,ERNiFe-CI,892.4384047436527,,,,False
24,23,6,34.56,1.0576923076923066,-1.5999999999999996,ERNiFe-CI,1291.6931783268444,,,,False
24,23,7,34.56,1.0576923076923066,0.0,ERNiFe-CI,1680.3210755252276,,,,False
24,23,8,34.56,1.0576923076923066,1.6000000000000014,ERNiFe-CI,1291.693178326844,,,,False
24,23,9,34.56,1.0576923076923066,3.200000000000001,ERNiFe-CI,892.4384047436523,,,,False
24,23,10,34.56,1.0576923076923066,4.800000000000001,ERNiFe-CI,671.0020258005706,,,,False
24,23,11,34.56,1.0576923076923066,6.400000000000002,ERNiFe-CI,543.3120870495262,,,,False
24,23,12,34.56,1.0576923076923066,8.0,ERNiFe-CI,467.60704411964383,,,,False
24,23,13,34.56,1.0576923076923066,9.600000000000001,ERNiFe-CI,424.2963359545927,,,,False
24,23,14,34.56,1.0576923076923066,11.200000000000003,ERNiFe-CI,404.0787740692187,,,,False
24,24,0,34.56,2.634615384615387,-11.2,ERNiFe-CI,414.68983292287544,,,,False
24,24,1,34.56,2.634615384615387,-9.6,ERNiFe-CI,434.02508936102276,,,,False
24,24,2,34.56,2.634615384615387,-8.0,ERNiFe-CI,474.3986417609212,,,,False
24,24,3,34.56,2.634615384615387,-6.3999999999999995,ERNiFe-CI,541.5348336431476,,,,False
24,24,4,34.56,2.634615384615387,-4.8,ERNiFe-CI,644.990886617547,,,,False
24,24,5,34.56,2.634615384615387,-3.1999999999999993,ERNiFe-CI,796.4469380655105,,,,False
24,24,6,34.56,2.634615384615387,-1.5999999999999996,ERNiFe-CI,993.6840253974502,,,,False
24,24,7,34.56,2.634615384615387,0.0,ERNiFe-CI,1128.9039382486806,,,,False
24,24,8,34.56,2.634615384615387,1.6000000000000014,ERNiFe-CI,993.68402539745,,,,False
24,24,9,34.56,2.634615384615387,3.200000000000001,ERNiFe-CI,796.4469380655102,,,,False
24,24,10,34.56,2.634615384615387,4.800000000000001,ERNiFe-CI,644.9908866175466,,,,False
24,24,11,34.56,2.634615384615387,6.400000000000002,ERNiFe-CI,541.5348336431474,,,,False
24,24,12,34.56,2.634615384615387,8.0,ERNiFe-CI,474.39864176092107,,,,False
24,24,13,34.56,2.634615384615387,9.600000000000001,ERNiFe-CI,434.0250893610227,,,,False
24,24,14,34.56,2.634615384615387,11.200000000000003,ERNiFe-CI,414.6898329228754,,,,False
24,25,0,34.56,4.21153846153846,-11.2,Q235B,420.4919388650485,,,,False
24,25,1,34.56,4.21153846153846,-9.6,Q235B,438.42309572235996,,,,False
24,25,2,34.56,4.21153846153846,-8.0,Q235B,475.13094881749623,,,,False
24,25,3,34.56,4.21153846153846,-6.3999999999999995,Q235B,533.5618168472971,,,,False
24,25,4,34.56,4.21153846153846,-4.8,Q235B,617.4502010732677,,,,False
24,25,5,34.56,4.21153846153846,-3.1999999999999993,Q235B,726.7770824543496,,,,False
24,25,6,34.56,4.21153846153846,-1.5999999999999996,Q235B,842.2794104180125,,,,False
24,25,7,34.56,4.21153846153846,0.0,Q235B,902.1931891848049,,,,False
24,25,8,34.56,4.21153846153846,1.6000000000000014,Q235B,842.2794104180123,,,,False
24,25,9,34.56,4.21153846153846,3.200000000000001,Q235B,726.7770824543494,,,,False
24,25,10,34.56,4.21153846153846,4.800000000000001,Q235B,617.4502010732675,,,,False
24,25,11,34.56,4.21153846153846,6.400000000000002,Q235B,533.5618168472969,,,,False
24,25,12,34.56,4.21153846153846,8.0,Q235B,475.1309488174961,,,,False
24,25,13,34.56,4.21153846153846,9.600000000000001,Q235B,438.42309572235985,,,,False
24,25,14,34.56,4.21153846153846,11.200000000000003,Q235B,420.49193886504844,,,,False
