DBRep_DrawableShape

CASCADE Topology V3, (c) Open Cascade
Locations 0
Curve2ds 655
1 0 0 1 0 
1 0 0 0 1 
1 10.995574287565001 0 -1 0 
2 35.980000000000004 2.0000000000000009 0 -1 -1 -0 2.0000000000000009
1 0 0.20000000000000001 1 0 
2 -37 9.6120484580460008 1 0 -0 1 74.980000000000004
1 0 0.20000000000000001 1 0 
2 -37 9.6120484580460008 1 0 -0 1 74.980000000000004
1 -1.570796326795 0 1 0 
2 35.980000000000004 17.224096916092002 0 -1 1 0 2
1 0 19.224096916092002 1 0 
1 0 0 0 1 
1 0 19.224096916092002 1 0 
1 37 9.6120484580460008 1 0 
2 -37 9.6120484580460008 1 0 -0 1 41
2 0 0 1 0 -0 1 41
2 -37 9.6120484580460008 1 0 -0 1 41
2 0 0 1 0 -0 1 41
1 0 0 1 0 
1 37 -9.6120484580460008 1 0 
1 0 0 0 1 
1 0 4.4024193810939991 1 0 
1 15 0 0 1 
1 4.7123889803849996 0 -0 1 
1 0 35.980000000000004 1 0 
1 0 0 1 0 
2 0 0 1 0 -0 1 41
7 0 0  5 18 5  0 2.462776076823e-14  0.75045158294100001 2.4698686768919999e-14  1.5006486617979999 2.4755451424430002e-14  2.2506119002479998 2.4822778999330002e-14  3.0003817183670001 2.486862157869e-14  4.500205438559 2.494958711617e-14  5.2502616722999997 2.4980443535630001e-14  6.0002084862930003 2.500092024971e-14  6.7501049794219998 2.5011241468159999e-14  8.2468962632490008 2.5011241468159999e-14  8.9937939708950001 2.5000310684809999e-14  9.7407414199629994 2.4980553809360001e-14  10.487796958525999 2.4949270104839999e-14  11.987615865656 2.486860397441e-14  12.740383953853 2.4818482940029999e-14  13.4933466937 2.476132423736e-14  14.246545084174 2.4695179902690001e-14  15 2.4623749220189999e-14 
 0 6 0.24990212891300001 4 0.49999999980600002 4 0.74909775361200004 4 1 6
7 0 0  5 18 5  37.533432159686001 13.720111891462  37.635707254022002 13.702167302084  37.738639475318998 13.677265922349999  37.841354494758001 13.645071619129  37.942820379376997 13.605460989118001  38.141267385870997 13.511724545051999  38.238245720850998 13.457587389167999  38.331906755810998 13.396370446679001  38.421230235909 13.328548898677999  38.589232789528999 13.181430901004999  38.667953702726003 13.102180797003999  38.740751184800999 13.017797918675999  38.807025864878 12.929218598061  38.926351661719004 12.744980865514  38.979303626643997 12.649275033071  39.025011501554999 12.551326065505  39.063460246717 12.452186243009001  39.094870331867 12.352777571644999 
 0 6 0.24990212891300001 4 0.49999999980600002 4 0.74909775361200004 4 1 6
1 0 0.20000000000000001 1 0 
2 37.879060832962999 15.690020726968999 0.92387953251127652 0.38268343236511454 -0.38268343236511454 0.92387953251127652 1.999999999999998
7 0 0  5 18 5  0 2.6455725631039999e-14  0.75045158294100001 2.6529974589690001e-14  1.5006486617979999 2.6108987666999999e-14  2.2506119002479998 2.693792882729e-14  3.0003817183670001 2.672701708192e-14  4.500205438559 2.6819281342549999e-14  5.2502616722989996 2.6854153372989999e-14  6.0002084862940004 2.687857095588e-14  6.7501049794219998 2.6890083708649999e-14  8.2468962632480007 2.6890083708649999e-14  8.9937939708950001 2.6878034777160002e-14  9.7407414199629994 2.6853939179569999e-14  10.487796958525999 2.681914694819e-14  11.987615865656 2.672678201262e-14  12.740383953853 2.6639801724969999e-14  13.493346693701 2.6636806579360002e-14  14.246545084173 2.6543810347210001e-14  15 2.6468627636889999e-14 
 0 6 0.24990212891300001 4 0.49999999980600002 4 0.74909775361200004 4 1 6
7 0 0  5 18 5  36.378980708671001 18.909515133873001  36.426871310269 18.817381027877001  36.469635830933001 18.720498022832999  36.506476053711999 18.619356308572002  36.536666958878001 18.514700506073002  36.582795276833998 18.300131371258001  36.598721988168002 18.190213361047  36.607010046989998 18.078628363855  36.607416948382003 17.966475428532998  36.592649337250002 17.743651549820999  36.577537056280001 17.632975535606001  36.554749016812004 17.523885440691  36.524664709389 17.417426229221  36.450838895551001 17.210709183245999  36.406999480723002 17.110501286049001  36.356976932366997 17.014683987339001  36.301597874313998 16.923908603350998  36.241728558410003 16.838560244229001 
 0 6 0.24990212891300001 4 0.49999999980600002 4 0.74909775361200004 4 1 6
1 0 0 1 0 
2 0 0 1 0 -0 1 41
2 0 0 1 0 -0 1 41
2 -37.000000000000341 9.6120484580452565 0.70710678118654757 -0.70710678118654757 0.70710678118654757 0.70710678118654757 41
1 32.959695549679999 19.366206258125001 0.70710678118654757 0.70710678118654757 
1 32.959695549679999 19.366206258125001 0.70710678118654757 0.70710678118654757 
2 32.959695549679999 22.194633382871 0.70710678118654757 -0.70710678118654757 0.70710678118654757 0.70710678118654757 1.9999999999999984
2 32.959695549679999 22.194633382871 0.70710678118654757 -0.70710678118654757 0.70710678118654757 0.70710678118654757 1.9999999999999984
1 32.959695549679999 19.366206258125001 -0.70710678118654757 0.70710678118654757 
1 32.959695549679999 19.366206258125001 -0.70710678118654757 0.70710678118654757 
2 22.194633382871 32.959695549679999 0.70710678118654757 -0.70710678118654757 -0.70710678118654757 -0.70710678118654757 2.0000000000000009
2 22.194633382871 32.959695549679999 0.70710678118654757 -0.70710678118654757 -0.70710678118654757 -0.70710678118654757 2.0000000000000009
1 19.366206258125001 32.959695549679999 0.70710678118654757 0.70710678118654757 
1 19.366206258125001 32.959695549679999 0.70710678118654757 0.70710678118654757 
2 0 0 1 0 -0 1 41
2 -37.000000000000341 9.6120484580452565 0.70710678118654757 -0.70710678118654757 0.70710678118654757 0.70710678118654757 41
1 0 0 1 0 
2 0 0 1 0 -0 1 41
7 0 0  5 18 5  0 2.6329524498160001e-14  0.75045158294100001 2.6251227036109999e-14  1.5006486617979999 2.6064273114250001e-14  2.2506119002479998 2.6126061963070001e-14  3.0003817183670001 2.602530272587e-14  4.500205438559 2.593463800009e-14  5.2502616722999997 2.5901234202739999e-14  6.0002084862940004 2.5875833661419999e-14  6.7501049794219998 2.5863535134829999e-14  8.2468962632490008 2.5860951763890001e-14  8.9937939708950001 2.5871392115279999e-14  9.7407414199639994 2.589323294859e-14  10.487796958525999 2.5925103046689999e-14  11.987615865656 2.6009960333860001e-14  12.740383953853 2.606517842981e-14  13.493346693701 2.6122653151100001e-14  14.246545084173 2.620017508129e-14  15 2.627607333106e-14 
 0 6 0.24990212891300001 4 0.49999999980600002 4 0.74909775361200004 4 1 6
7 0 0  5 18 5  16.838560244229001 36.241728558410003  16.923568397814002 36.301359230327002  17.013960403967001 36.356535367538001  17.109355700864999 36.406401044189998  17.209111861025999 36.450139314174997  17.415716760268001 36.524180862929001  17.522571548599998 36.554474151181999  17.632086816710999 36.577415588977999  17.743205131709001 36.592619750973  17.966029010420002 36.607387362105001  18.077731387911999 36.607013167699002  18.188874686622 36.598821055445001  18.298373000605 36.583049292868999  18.513024830755999 36.537149622950999  18.618141767350998 36.506918073306998  18.719722494831 36.469978042434001  18.817012304035 36.427062970093999  18.909515133873001 36.378980708671001 
 0 6 0.24990212891300001 4 0.49999999980600002 4 0.74909775361200004 4 1 6
1 0 0.20000000000000001 1 0 
2 15.690020726968999 37.879060832962999 0.38268343236511454 0.92387953251127652 -0.92387953251127652 0.38268343236511454 1.999999999999998
7 0 0  5 18 5  0 2.5076387898610001e-14  0.75045158294100001 2.513525972352e-14  1.5006486617979999 2.6120882464179999e-14  2.2506119002479998 2.5153810209090001e-14  3.0003817183670001 2.5575046462000001e-14  4.500205438559 2.5656550263769999e-14  5.2502616722999997 2.5688603110649999e-14  6.0002084862940004 2.5708892705400001e-14  6.7501049794219998 2.5719418442729999e-14  8.2468962632490008 2.5719418442729999e-14  8.9937939708950001 2.5708537598769998e-14  9.7407414199639994 2.5688188985639999e-14  10.487796958525999 2.5656567199270002e-14  11.987615865656 2.557470061355e-14  12.740383953853 2.5130171518880001e-14  13.493346693701 2.6161344449579999e-14  14.246545084173 2.5117956384609999e-14  15 2.505872064606e-14 
 0 6 0.24990212891300001 4 0.49999999980600002 4 0.74909775361200004 4 1 6
7 0 0  5 18 5  12.352777571644999 39.094870331867  12.451789991919 39.063585449884002  12.550535704323 39.025317902590999  12.648103667685 38.979849881923997  12.743454689095 38.927195248059  12.927795625788001 38.808089604229998  13.016781281768999 38.741627719420997  13.101544332557999 38.668585753823997  13.181136156388 38.589569375460997  13.328254154061 38.421566821840997  13.395827917875 38.332621065322002  13.456852686512001 38.239369142209  13.510857899076001 38.142818294073003  13.604826190480001 37.944444535484998  13.644684726608 37.842587704339998  13.677066505126 37.739463359513003  13.702095487224 37.636116562444997  13.720111891462 37.533432159686001 
 0 6 0.24990212891300001 4 0.49999999980600002 4 0.74909775361200004 4 1 6
1 0 0 1 0 
2 0 0 1 0 -0 1 41
2 0 0 1 0 -0 1 41
2 -37 9.6120484580459973 1.110223024625e-16 -1 1 1.110223024625e-16 41
1 9.6120484580460008 37 1.110223024625e-16 1 
1 9.6120484580460008 37 1.110223024625e-16 1 
2 7.6120484580459999 39 1 -1.110223024625e-16 1.110223024625e-16 1 2.0000000000000009
2 7.6120484580459999 39 1 -1.110223024625e-16 1.110223024625e-16 1 2.0000000000000009
1 9.6120484580460008 37 -1 1.110223024625e-16 
1 9.6120484580460008 37 -1 1.110223024625e-16 
2 -7.6120484580459999 39 1 -1.110223024625e-16 -1.110223024625e-16 -1 2
2 -7.6120484580459999 39 1 -1.110223024625e-16 -1.110223024625e-16 -1 2
1 -9.6120484580460008 37 1.110223024625e-16 1 
1 -9.6120484580460008 37 1.110223024625e-16 1 
2 0 0 1 0 -0 1 41
2 -37 9.6120484580459973 1.110223024625e-16 -1 1 1.110223024625e-16 41
1 0 0 1 0 
2 0 0 1 0 -0 1 41
7 0 0  5 18 5  0 2.6157678453820001e-14  0.75045158294100001 2.6317621962990001e-14  1.5006486617979999 2.4651323484999999e-14  2.2506119002479998 2.706323579181e-14  3.0003817183670001 2.6613590472220001e-14  4.500205438559 2.679811899347e-14  5.2502616722999997 2.6860058397199999e-14  6.0002084862940004 2.6932308088980001e-14  6.7501049794219998 2.69293168417e-14  8.2468962632480007 2.6950088993530001e-14  8.9937939708950001 2.689963884157e-14  9.7407414199629994 2.6876087230940001e-14  10.487796958525999 2.679726415322e-14  11.987615865656 2.6613710630570002e-14  12.740383953853 2.674979779561e-14  13.493346693701 2.5650492192050001e-14  14.246545084174 2.6318992927469998e-14  15 2.6158328975119999e-14 
 0 6 0.24990212891300001 4 0.49999999980600002 4 0.74909775361200004 4 1 6
7 0 0  5 18 5  -13.720111891449999 37.533432159687997  -13.70216730207 37.635707254023004  -13.67726592234 37.738639475321001  -13.645071619119999 37.841354494759997  -13.605460989099999 37.942820379379  -13.51172454504 38.141267385873  -13.45758738915 38.238245720853001  -13.39637044667 38.331906755813002  -13.328548898659999 38.421230235911999  -13.18143090099 38.589232789531998  -13.10218079699 38.667953702729001  -13.017797918659999 38.740751184803997  -12.929218598049999 38.807025864880998  -12.744980865500001 38.926351661722002  -12.64927503306 38.979303626647003  -12.551326065490001 39.025011501557998  -12.452186242990001 39.063460246719998  -12.35277757163 39.094870331869998 
 0 6 0.24990212891300001 4 0.49999999980600002 4 0.74909775361200004 4 1 6
1 0 0.20000000000000001 1 0 
2 -15.69002072696 37.879060832962999 -0.38268343236511454 0.92387953251127652 -0.92387953251127652 -0.38268343236511454 1.999999999999998
7 0 0  5 18 5  0 2.6318659132529999e-14  0.75045158294100001 2.6244299777980001e-14  1.5006486617979999 2.603974401805e-14  2.2506119002479998 2.6126023032340001e-14  3.0003817183670001 2.601928866445e-14  4.500205438559 2.5931409430610001e-14  5.2502616722999997 2.5898458288519999e-14  6.0002084862940004 2.587484853278e-14  6.7501049794219998 2.5863074450920001e-14  8.2468962632490008 2.586049107998e-14  8.9937939708950001 2.5869292940869999e-14  9.7407414199629994 2.589267167547e-14  10.487796958525999 2.5920147783610001e-14  11.987615865656 2.6005257676689999e-14  12.740383953852 2.6054413213479999e-14  13.493346693701 2.61143233079e-14  14.246545084173 2.6186655157649999e-14  15 2.6259829492719999e-14 
 0 6 0.24990212891300001 4 0.49999999980600002 4 0.74909775361200004 4 1 6
7 0 0  5 18 5  -18.909515133860001 36.378980708672998  -18.817381027869999 36.426871310271999  -18.720498022819999 36.469635830935999  -18.61935630856 36.506476053714998  -18.514700506059999 36.536666958881  -18.30013137125 36.582795276836997  -18.190213361040001 36.598721988171  -18.07862836384 36.607010046992997  -17.966475428519999 36.607416948385001  -17.74365154981 36.592649337253  -17.6329755356 36.577537056282999  -17.523885440680001 36.554749016814  -17.417426229210001 36.524664709390997  -17.210709183230001 36.450838895552998  -17.110501286040002 36.406999480724998  -17.014683987329999 36.356976932367999  -16.923908603339999 36.301597874315  -16.838560244220002 36.241728558411999 
 0 6 0.24990212891300001 4 0.49999999980600002 4 0.74909775361200004 4 1 6
1 0 0 1 0 
2 0 0 1 0 -0 1 41
2 0 0 1 0 -0 1 41
2 -36.999999999996803 9.6120484580487933 -0.70710678118654757 -0.70710678118654757 0.70710678118654757 -0.70710678118654757 41
1 -19.366206258119998 32.959695549679999 -0.70710678118654757 0.70710678118654757 
1 -19.366206258119998 32.959695549679999 -0.70710678118654757 0.70710678118654757 
2 -22.194633382869998 32.959695549679999 0.70710678118654757 0.70710678118654757 -0.70710678118654757 0.70710678118654757 1.9999999999999984
2 -22.194633382869998 32.959695549679999 0.70710678118654757 0.70710678118654757 -0.70710678118654757 0.70710678118654757 1.9999999999999984
1 -19.366206258119998 32.959695549679999 -0.70710678118654757 -0.70710678118654757 
1 -19.366206258119998 32.959695549679999 -0.70710678118654757 -0.70710678118654757 
2 -32.959695549679999 22.194633382871 0.70710678118654757 0.70710678118654757 0.70710678118654757 -0.70710678118654757 2.0000000000000009
2 -32.959695549679999 22.194633382871 0.70710678118654757 0.70710678118654757 0.70710678118654757 -0.70710678118654757 2.0000000000000009
1 -32.959695549679999 19.366206258125001 -0.70710678118654757 0.70710678118654757 
1 -32.959695549679999 19.366206258125001 -0.70710678118654757 0.70710678118654757 
2 0 0 1 0 -0 1 41
2 -36.999999999996803 9.6120484580487933 -0.70710678118654757 -0.70710678118654757 0.70710678118654757 -0.70710678118654757 41
1 0 0 1 0 
2 0 0 1 0 -0 1 41
7 0 0  5 18 5  0 2.4676658286199999e-14  0.75045158294100001 2.473192222127e-14  1.5006486617979999 2.491705905373e-14  2.2506119002479998 2.4839282754999999e-14  3.0003817183680002 2.4933358408970001e-14  4.500205438559 2.5011394241240001e-14  5.2502616722999997 2.5039920919439999e-14  6.0002084862940004 2.5063492756070001e-14  6.7501049794219998 2.507234466074e-14  8.2468962632490008 2.5076046316479999e-14  8.9937939708950001 2.5066305446739999e-14  9.7407414199629994 2.5049436695729999e-14  10.487796958525999 2.5021187044580001e-14  11.987615865657 2.494911294085e-14  12.740383953852 2.489352670928e-14  13.493346693702 2.4870936665610001e-14  14.246545084173 2.4778608476750001e-14  15 2.4726097905269999e-14 
 0 6 0.24990212891300001 4 0.49999999980600002 4 0.74909775361200004 4 1 6
7 0 0  5 18 5  -36.241728558399998 16.838560244229999  -36.301359230320003 16.923568397815998  -36.35653536753 17.013960403969001  -36.406401044180001 17.109355700866999  -36.450139314170002 17.209111861027999  -36.524180862919998 17.415716760270001  -36.554474151180003 17.522571548601999  -36.577415588969998 17.632086816712  -36.592619750970002 17.743205131711001  -36.607387362099999 17.966029010422002  -36.607013167689999 18.077731387914  -36.598821055439998 18.188874686624001  -36.583049292859997 18.298373000607999  -36.537149622949997 18.513024830759001  -36.5069180733 18.618141767354  -36.46997804243 18.719722494833  -36.427062970089999 18.817012304037998  -36.378980708660002 18.909515133875999 
 0 6 0.24990212891300001 4 0.49999999980600002 4 0.74909775361200004 4 1 6
1 0 0.20000000000000001 1 0 
2 -37.87906083296 15.690020726968999 -0.92387953251127652 0.38268343236511454 -0.38268343236511454 -0.92387953251127652 1.999999999999998
7 0 0  5 18 5  0 2.4381207436609999e-14  0.75045158294100001 2.4310820516459999e-14  1.5006486617979999 2.4114174382799999e-14  2.2506119002479998 2.4124127622399999e-14  3.0003817183680002 2.3838186305889999e-14  4.500205438559 2.361666823261e-14  5.2502616722999997 2.349821729177e-14  6.0002084862940004 2.3370247165080001e-14  6.7501049794219998 2.323582552579e-14  8.2468962632480007 2.295622627641e-14  8.9937939708960002 2.2886875307489999e-14  9.7407414199619993 2.2460477268299999e-14  10.487796958525999 2.266455334535e-14  11.987615865656 2.235589525328e-14  12.740383953853 2.2194596946819999e-14  13.493346693701 2.2060122187310001e-14  14.246545084174 2.188209859309e-14  15 2.1740958306170001e-14 
 0 6 0.24990212891300001 4 0.49999999980600002 4 0.74909775361200004 4 1 6
7 0 0  5 18 5  -39.094870331860001 12.352777571643999  -39.063585449880001 12.451789991918  -39.025317902589997 12.550535704322  -38.979849881920003 12.648103667685  -38.927195248049998 12.743454689095  -38.808089604229998 12.927795625788001  -38.741627719420002 13.016781281768999  -38.668585753819997 13.101544332557999  -38.589569375460002 13.181136156388  -38.421566821840003 13.328254154061  -38.332621065319998 13.395827917875  -38.239369142199997 13.456852686512001  -38.142818294069997 13.510857899076001  -37.944444535480002 13.604826190480001  -37.842587704330001 13.644684726608  -37.739463359509998 13.677066505126  -37.636116562440002 13.702095487224  -37.533432159679997 13.720111891462 
 0 6 0.24990212891300001 4 0.49999999980600002 4 0.74909775361200004 4 1 6
1 0 0 1 0 
2 0 0 1 0 -0 1 41
2 0 0 1 0 -0 1 41
2 -37 9.6120484580459955 -1 -1.2246467991469999e-16 1.2246467991469999e-16 -1 41
1 -37 9.6120484580460008 -1 1.2246467991469999e-16 
1 -37 9.6120484580460008 -1 1.2246467991469999e-16 
2 -39 7.6120484580459999 1.2246467991469999e-16 1 -1 1.2246467991469999e-16 2.0000000000000009
2 -39 7.6120484580459999 1.2246467991469999e-16 1 -1 1.2246467991469999e-16 2.0000000000000009
1 -37 9.6120484580460008 -1.2246467991469999e-16 -1 
1 -37 9.6120484580460008 -1.2246467991469999e-16 -1 
2 -39 -7.6120484580459999 1.2246467991469999e-16 1 1 -1.2246467991469999e-16 2
2 -39 -7.6120484580459999 1.2246467991469999e-16 1 1 -1.2246467991469999e-16 2
1 -37 -9.6120484580460008 -1 1.2246467991469999e-16 
1 -37 -9.6120484580460008 -1 1.2246467991469999e-16 
2 0 0 1 0 -0 1 41
2 -37 9.6120484580459955 -1 -1.2246467991469999e-16 1.2246467991469999e-16 -1 41
1 0 0 1 0 
2 0 0 1 0 -0 1 41
7 0 0  5 18 5  0 2.4552191876800001e-14  0.75045158294100001 2.462433230971e-14  1.5006486617979999 2.4708829548059999e-14  2.2506119002479998 2.4747083048719999e-14  3.0003817183680002 2.4802836998039999e-14  4.500205438559 2.4886083816170001e-14  5.2502616722999997 2.491334951899e-14  6.0002084862940004 2.4938028949310001e-14  6.7501049794219998 2.4947115175920001e-14  8.2468962632480007 2.4947115175920001e-14  8.9937939708950001 2.493740974692e-14  9.7407414199629994 2.4913450793220001e-14  10.487796958525999 2.488577735499e-14  11.987615865656 2.48028191184e-14  12.740383953853 2.4754692121509999e-14  13.493346693701 2.4693767733549999e-14  14.246545084173 2.4628926207589999e-14  15 2.455652868549e-14 
 0 6 0.24990212891300001 4 0.49999999980600002 4 0.74909775361200004 4 1 6
7 0 0  5 18 5  -37.533432159679997 -13.720111891449999  -37.635707254019998 -13.70216730207  -37.738639475319999 -13.67726592234  -37.84135449475 -13.645071619119999  -37.942820379369998 -13.605460989099999  -38.141267385870002 -13.51172454504  -38.238245720850003 -13.45758738915  -38.331906755810003 -13.39637044667  -38.421230235910002 -13.328548898659999  -38.589232789530001 -13.18143090099  -38.667953702719998 -13.10218079699  -38.740751184799997 -13.017797918659999  -38.807025864880003 -12.929218598049999  -38.926351661719998 -12.744980865500001  -38.979303626639997 -12.64927503306  -39.025011501549997 -12.551326065490001  -39.063460246719998 -12.452186242990001  -39.094870331869998 -12.35277757163 
 0 6 0.24990212891300001 4 0.49999999980600002 4 0.74909775361200004 4 1 6
1 0 0.20000000000000001 1 0 
2 -37.87906083296 -15.69002072696 -0.92387953251127652 -0.38268343236511454 0.38268343236511454 -0.92387953251127652 1.999999999999998
7 0 0  5 18 5  0 2.4744312501769999e-14  0.75045158294100001 2.4811005177510001e-14  1.5006486617979999 2.493760134272e-14  2.2506119002479998 2.491401234747e-14  3.0003817183670001 2.4987923131070001e-14  4.500205438559 2.5060875647560001e-14  5.2502616722989996 2.5087996076850001e-14  6.0002084862940004 2.5107179018000001e-14  6.7501049794219998 2.5115212573099999e-14  8.2468962632480007 2.5112629202170001e-14  8.9937939708950001 2.5101618948510002e-14  9.7407414199629994 2.507995267394e-14  10.487796958525999 2.5050678491570001e-14  11.987615865656 2.497260901012e-14  12.740383953854 2.4924103423229999e-14  13.493346693701 2.486786752351e-14  14.246545084174 2.480843761172e-14  15 2.47382409696e-14 
 0 6 0.24990212891300001 4 0.49999999980600002 4 0.74909775361200004 4 1 6
7 0 0  5 18 5  -36.378980708669999 -18.909515133869998  -36.426871310270002 -18.817381027869999  -36.469635830930002 -18.72049802283  -36.506476053710003 -18.61935630856  -36.536666958879998 -18.514700506059999  -36.582795276829998 -18.30013137125  -36.598721988169999 -18.190213361040001  -36.607010046989998 -18.078628363850001  -36.607416948379999 -17.966475428519999  -36.592649337250002 -17.74365154981  -36.577537056280001 -17.6329755356  -36.55474901681 -17.523885440680001  -36.524664709390002 -17.417426229210001  -36.45083889555 -17.210709183239999  -36.406999480720003 -17.110501286040002  -36.356976932359999 -17.014683987329999  -36.301597874309998 -16.923908603339999  -36.241728558399998 -16.838560244220002 
 0 6 0.24990212891300001 4 0.49999999980600002 4 0.74909775361200004 4 1 6
1 0 0 1 0 
2 0 0 1 0 -0 1 41
2 0 0 1 0 -0 1 41
2 -36.999999999996803 9.6120484580487933 -0.70710678118654757 0.70710678118654757 -0.70710678118654757 -0.70710678118654757 41
1 -32.959695549679999 -19.366206258119998 -0.70710678118654757 -0.70710678118654757 
1 -32.959695549679999 -19.366206258119998 -0.70710678118654757 -0.70710678118654757 
2 -32.959695549679999 -22.194633382869998 -0.70710678118654757 0.70710678118654757 -0.70710678118654757 -0.70710678118654757 1.9999999999999984
2 -32.959695549679999 -22.194633382869998 -0.70710678118654757 0.70710678118654757 -0.70710678118654757 -0.70710678118654757 1.9999999999999984
1 -32.959695549679999 -19.366206258119998 0.70710678118654757 -0.70710678118654757 
1 -32.959695549679999 -19.366206258119998 0.70710678118654757 -0.70710678118654757 
2 -22.194633382869998 -32.959695549679999 -0.70710678118654757 0.70710678118654757 0.70710678118654757 0.70710678118654757 2.0000000000000009
2 -22.194633382869998 -32.959695549679999 -0.70710678118654757 0.70710678118654757 0.70710678118654757 0.70710678118654757 2.0000000000000009
1 -19.366206258119998 -32.959695549679999 -0.70710678118654757 -0.70710678118654757 
1 -19.366206258119998 -32.959695549679999 -0.70710678118654757 -0.70710678118654757 
2 0 0 1 0 -0 1 41
2 -36.999999999996803 9.6120484580487933 -0.70710678118654757 0.70710678118654757 -0.70710678118654757 -0.70710678118654757 41
1 0 0 1 0 
2 0 0 1 0 -0 1 41
7 0 0  5 18 5  0 2.6128404995159999e-14  0.75045158294100001 2.620807965109e-14  1.5006486617979999 2.654063485199e-14  2.2506119002479998 2.6623896598560001e-14  3.0003817183670001 2.647648464781e-14  4.500205438559 2.6568602055310001e-14  5.2502616722999997 2.6603657728459999e-14  6.0002084862940004 2.662791002837e-14  6.7501049794219998 2.6639477876720001e-14  8.2468962632480007 2.6639477876720001e-14  8.9937939708950001 2.6627428945230001e-14  9.7407414199629994 2.6603333347649998e-14  10.487796958525999 2.6568541116259999e-14  11.987615865656 2.6476176180689999e-14  12.740383953853 2.7040209453489999e-14  13.493346693701 2.596981833383e-14  14.246545084174 2.6655658209249999e-14  15 2.6582902545869999e-14 
 0 6 0.24990212891300001 4 0.49999999980600002 4 0.74909775361200004 4 1 6
7 0 0  5 18 5  -16.838560244220002 -36.241728558399998  -16.9235683978 -36.301359230320003  -17.013960403959999 -36.35653536753  -17.10935570086 -36.406401044189998  -17.209111861019998 -36.450139314170002  -17.41571676026 -36.524180862930002  -17.522571548590001 -36.554474151180003  -17.632086816699999 -36.577415588969998  -17.743205131700002 -36.592619750970002  -17.966029010410001 -36.607387362099999  -18.077731387899998 -36.607013167700003  -18.188874686609999 -36.598821055439998  -18.298373000600002 -36.583049292870001  -18.513024830749998 -36.537149622949997  -18.618141767339999 -36.5069180733  -18.719722494820001 -36.46997804243  -18.817012304030001 -36.427062970089999  -18.909515133869998 -36.378980708669999 
 0 6 0.24990212891300001 4 0.49999999980600002 4 0.74909775361200004 4 1 6
1 0 0.20000000000000001 1 0 
2 -15.69002072696 -37.87906083296 -0.38268343236511454 -0.92387953251127652 0.92387953251127652 -0.38268343236511454 1.999999999999998
7 0 0  5 18 5  0 2.4409944551770001e-14  0.75045158294100001 2.485203031398e-14  1.5006486617979999 2.4969922563640001e-14  2.2506119002479998 2.626844970079e-14  3.0003817183680002 2.663533089902e-14  4.500205438559 2.7156393763550001e-14  5.2502616722999997 2.7375366610980001e-14  6.0002084862940004 2.746995952854e-14  6.7501049794219998 2.75579018099e-14  8.2468962632480007 2.75579018099e-14  8.9937939708950001 2.7047730448739999e-14  9.7407414199629994 2.826608770862e-14  10.487796958525999 2.664350870442e-14  11.987615865656 2.6124372707760001e-14  12.740383953853 2.5593070054780001e-14  13.493346693701 2.5842512925000001e-14  14.246545084173 2.4879661495830001e-14  15 2.443596540391e-14 
 0 6 0.24990212891300001 4 0.49999999980600002 4 0.74909775361200004 4 1 6
7 0 0  5 18 5  -12.35277757163 -39.094870331869998  -12.4517899919 -39.063585449880001  -12.550535704310001 -39.025317902589997  -12.64810366767 -38.979849881920003  -12.74345468908 -38.927195248060002  -12.927795625770001 -38.808089604229998  -13.016781281749999 -38.741627719420002  -13.10154433254 -38.668585753819997  -13.18113615637 -38.589569375460002  -13.328254154050001 -38.421566821840003  -13.39582791786 -38.332621065319998  -13.4568526865 -38.239369142210002  -13.510857899059999 -38.142818294069997  -13.60482619047 -37.944444535480002  -13.64468472659 -37.842587704339998  -13.67706650511 -37.739463359509998  -13.70209548721 -37.636116562440002  -13.720111891449999 -37.533432159679997 
 0 6 0.24990212891300001 4 0.49999999980600002 4 0.74909775361200004 4 1 6
1 0 0 1 0 
2 0 0 1 0 -0 1 41
2 0 0 1 0 -0 1 41
2 -37 9.6120484580459919 -2.22044604925e-16 1 -1 -2.22044604925e-16 41
1 -9.6120484580460008 -37 -2.22044604925e-16 -1 
1 -9.6120484580460008 -37 -2.22044604925e-16 -1 
2 -7.6120484580459999 -39 -1 2.22044604925e-16 -2.22044604925e-16 -1 2.0000000000000009
2 -7.6120484580459999 -39 -1 2.22044604925e-16 -2.22044604925e-16 -1 2.0000000000000009
1 -9.6120484580460008 -37 1 -2.22044604925e-16 
1 -9.6120484580460008 -37 1 -2.22044604925e-16 
2 7.6120484580449999 -39 -1 2.22044604925e-16 2.22044604925e-16 1 2
2 7.6120484580449999 -39 -1 2.22044604925e-16 2.22044604925e-16 1 2
1 9.6120484580450007 -37 -2.22044604925e-16 -1 
1 9.6120484580450007 -37 -2.22044604925e-16 -1 
2 0 0 1 0 -0 1 41
2 -37 9.6120484580459919 -2.22044604925e-16 1 -1 -2.22044604925e-16 41
1 0 0 1 0 
2 0 0 1 0 -0 1 41
7 0 0  5 18 5  0 2.4580164292850001e-14  0.75045158294100001 2.4649738785830001e-14  1.5006486617979999 2.4708149984980001e-14  2.2506119002479998 2.4763421756129999e-14  3.0003817183680002 2.4810278687670001e-14  4.500205438559 2.4885124081269999e-14  5.2502616722999997 2.4913501315719999e-14  6.0002084862940004 2.493368781445e-14  6.7501049794219998 2.4943044441010001e-14  8.2468962632490008 2.4943044441010001e-14  8.9937939708950001 2.4933112662330001e-14  9.7407414199629994 2.4913594843379999e-14  10.487796958525999 2.4884840285709999e-14  11.987615865656 2.4810271667140001e-14  12.740383953852 2.476462351211e-14  13.493346693701 2.4704450232239999e-14  14.246545084173 2.4649968295630001e-14  15 2.4580164292850001e-14 
 0 6 0.24990212891300001 4 0.49999999980600002 4 0.74909775361200004 4 1 6
7 0 0  5 18 5  13.720111891462 -37.533432159679997  13.702167302084 -37.635707254019998  13.677265922349999 -37.738639475310002  13.645071619129 -37.84135449475  13.605460989118001 -37.942820379369998  13.511724545051999 -38.141267385870002  13.457587389167999 -38.238245720850003  13.396370446679001 -38.331906755810003  13.328548898678999 -38.421230235899998  13.181430901004999 -38.589232789519997  13.102180797003999 -38.667953702719998  13.017797918675999 -38.740751184799997  12.929218598061 -38.807025864869999  12.744980865514 -38.926351661710001  12.649275033069999 -38.979303626639997  12.551326065505 -39.025011501549997  12.452186243008001 -39.063460246710001  12.352777571643999 -39.094870331860001 
 0 6 0.24990212891300001 4 0.49999999980600002 4 0.74909775361200004 4 1 6
1 0 0.20000000000000001 1 0 
2 15.690020726968999 -37.87906083296 0.38268343236511454 -0.92387953251127652 0.92387953251127652 0.38268343236511454 1.999999999999998
7 0 0  5 18 5  0 2.6227284233289999e-14  0.75045158294100001 2.614892985401e-14  1.5006486617979999 2.6250444747069999e-14  2.2506119002479998 2.598301372151e-14  3.0003817183670001 2.5999965444230001e-14  4.500205438559 2.5907775428760001e-14  5.2502616722999997 2.587387843415e-14  6.0002084862930003 2.5845881182540001e-14  6.7501049794219998 2.5835204052409999e-14  8.2468962632480007 2.5831541305320001e-14  8.9937939708960002 2.584314388116e-14  9.7407414199619993 2.5864766743680001e-14  10.487796958525999 2.589824181905e-14  11.987615865656 2.5984707927639999e-14  12.740383953852 2.604223970188e-14  13.493346693702 2.6097552843840001e-14  14.246545084173 2.61806795561e-14  15 2.6256774532380001e-14 
 0 6 0.24990212891300001 4 0.49999999980600002 4 0.74909775361200004 4 1 6
7 0 0  5 18 5  18.909515133875999 -36.378980708660002  18.817381027879001 -36.426871310259997  18.720498022834999 -36.469635830930002  18.619356308574002 -36.506476053710003  18.514700506074998 -36.536666958870001  18.300131371260001 -36.582795276829998  18.190213361049 -36.598721988160001  18.078628363857 -36.607010046980001  17.966475428534 -36.607416948379999  17.743651549822999 -36.592649337239997  17.632975535608001 -36.577537056270003  17.523885440693 -36.55474901681  17.417426229221999 -36.524664709379998  17.210709183247001 -36.450838895540002  17.110501286049999 -36.406999480720003  17.01468398734 -36.356976932359999  16.923908603352 -36.301597874309998  16.838560244229999 -36.241728558399998 
 0 6 0.24990212891300001 4 0.49999999980600002 4 0.74909775361200004 4 1 6
1 0 0 1 0 
2 0 0 1 0 -0 1 41
2 0 0 1 0 -0 1 41
2 -37.000000000000341 9.6120484580452565 0.70710678118654757 0.70710678118654757 -0.70710678118654757 0.70710678118654757 41
1 19.366206258125001 -32.959695549679999 0.70710678118654757 -0.70710678118654757 
1 19.366206258125001 -32.959695549679999 0.70710678118654757 -0.70710678118654757 
2 22.194633382871 -32.959695549679999 -0.70710678118654757 -0.70710678118654757 0.70710678118654757 -0.70710678118654757 1.9999999999999984
2 22.194633382871 -32.959695549679999 -0.70710678118654757 -0.70710678118654757 0.70710678118654757 -0.70710678118654757 1.9999999999999984
1 19.366206258125001 -32.959695549679999 0.70710678118654757 0.70710678118654757 
1 19.366206258125001 -32.959695549679999 0.70710678118654757 0.70710678118654757 
2 32.959695549679999 -22.194633382869998 -0.70710678118654757 -0.70710678118654757 -0.70710678118654757 0.70710678118654757 2.0000000000000009
2 32.959695549679999 -22.194633382869998 -0.70710678118654757 -0.70710678118654757 -0.70710678118654757 0.70710678118654757 2.0000000000000009
1 32.959695549679999 -19.366206258119998 0.70710678118654757 -0.70710678118654757 
1 32.959695549679999 -19.366206258119998 0.70710678118654757 -0.70710678118654757 
2 0 0 1 0 -0 1 41
2 -37.000000000000341 9.6120484580452565 0.70710678118654757 0.70710678118654757 -0.70710678118654757 0.70710678118654757 41
1 0 0 1 0 
2 0 0 1 0 -0 1 41
7 0 0  5 18 5  0 2.465109884826e-14  0.75045158294100001 2.4724818449139999e-14  1.5006486617979999 2.4796308792250001e-14  2.2506119002479998 2.4849228893640001e-14  3.0003817183670001 2.4901422141150001e-14  4.500205438559 2.498448158386e-14  5.2502616722999997 2.5012784136160001e-14  6.0002084862940004 2.5038915771949999e-14  6.7501049794219998 2.5045467555749999e-14  8.2468962632480007 2.5048064074730002e-14  8.9937939708950001 2.5034193661720002e-14  9.7407414199629994 2.501523360286e-14  10.487796958525999 2.4983914340669999e-14  11.987615865656 2.4901649462250001e-14  12.740383953853 2.4851487894339999e-14  13.493346693701 2.4790186336349999e-14  14.246545084173 2.4725974515389999e-14  15 2.4651966209999999e-14 
 0 6 0.24990212891399999 4 0.49999999980600002 4 0.74909775361200004 4 1 6
7 0 0  5 18 5  36.241728558411999 -16.838560244220002  36.301359230328003 -16.9235683978  36.356535367539998 -17.013960403959999  36.406401044191 -17.109355700849999  36.450139314177001 -17.209111861010001  36.524180862931999 -17.41571676026  36.554474151184998 -17.522571548590001  36.577415588980003 -17.632086816699999  36.592619750974997 -17.743205131700002  36.607387362108 -17.966029010410001  36.607013167700998 -18.077731387899998  36.598821055447999 -18.188874686609999  36.583049292871998 -18.298373000590001  36.537149622953997 -18.513024830749998  36.506918073309997 -18.618141767339999  36.469978042436999 -18.719722494820001  36.427062970096998 -18.817012304030001  36.378980708672998 -18.909515133860001 
 0 6 0.24990212891399999 4 0.49999999980600002 4 0.74909775361200004 4 1 6
1 0 0.20000000000000001 1 0 
2 37.879060832962999 -15.69002072696 0.92387953251127652 -0.38268343236511454 0.38268343236511454 0.92387953251127652 1.999999999999998
7 0 0  5 18 5  0 2.6831226598779999e-14  0.75045158294100001 2.645224469739e-14  1.5006486617979999 2.5657124965150001e-14  2.2506119002479998 2.579713547469e-14  3.0003817183670001 2.5387007393829999e-14  4.500205438559 2.496149075925e-14  5.2502616722999997 2.479990832814e-14  6.0002084862940004 2.4687652876459999e-14  6.7501049794219998 2.4634447505069999e-14  8.2468962632490008 2.4634447505069999e-14  8.993793970894 2.4690837171509999e-14  9.7407414199639994 2.4799473654500001e-14  10.487796958525999 2.496306560005e-14  11.987615865656 2.5387136411470001e-14  12.740383953853 2.5653320084659999e-14  13.493346693701 2.5951647806510001e-14  14.246545084174 2.631084381461e-14  15 2.66887206779e-14 
 0 6 0.24990212891300001 4 0.49999999980600002 4 0.74909775361200004 4 1 6
7 0 0  5 18 5  39.094870331869998 -12.35277757163  39.063585449887 -12.4517899919  39.025317902594999 -12.550535704310001  38.979849881927002 -12.64810366767  38.927195248061999 -12.74345468908  38.808089604232997 -12.927795625770001  38.741627719424002 -13.016781281749999  38.668585753826001 -13.10154433254  38.589569375464002 -13.18113615637  38.421566821843001 -13.328254154050001  38.332621065323998 -13.39582791786  38.239369142210997 -13.4568526865  38.142818294074999 -13.510857899059999  37.944444535487001 -13.60482619047  37.842587704342002 -13.64468472659  37.739463359515 -13.67706650511  37.636116562447 -13.70209548721  37.533432159687997 -13.720111891449999 
 0 6 0.24990212891300001 4 0.49999999980600002 4 0.74909775361200004 4 1 6
1 0 0 1 0 
2 0 0 1 0 -0 1 41
1 -3.1415926535900001 0 1 0 
2 41.402419381093999 -11.61204845804 0 -1 1 0 2
1 37 -9.6120484580460008 1 0 
1 37 -9.6120484580460008 1 0 
2 39 -7.6120484580459999 0 -1 1 0 2.0000000000000009
2 39 -7.6120484580459999 0 -1 1 0 2.0000000000000009
1 37 -9.6120484580460008 0 1 
1 37 -9.6120484580460008 0 1 
2 39 7.6120484580459999 0 -1 -1 -0 2
2 39 7.6120484580459999 0 -1 -1 -0 2
1 37 9.6120484580460008 1 0 
1 37 9.6120484580460008 1 0 
1 6.2831853071795862 0 -1 0 
2 41.402419381093999 11.612048458046001 0 -1 -1 -0 2
1 0 0 1 0 
2 0 0 1 0 -0 1 20
1 10.995574287565001 15 -1 0 
7 0 0  1 2 2  5.5310798463440003 -5.9999999999999997e-07  5.5310798463440003 15.0000006 
 -5.9999999999999997e-07 2 15.0000006 2
7 0 0  1 2 2  6.1631532986439996 0.19999939999999999  6.1631532986439996 15.200000599999999 
 -5.9999999999999997e-07 2 15.0000006 2
1 6.2831853071800001 -0 0 1 
1 0 -0 0 1 
1 0 15.199999999999999 1 0 
1 0 15.199999999999999 1 0 
7 0 0  1 2 2  0.120032008536 0.19999939999999999  0.120032008536 15.200000599999999 
 -5.9999999999999997e-07 2 15.0000006 2
7 0 0  1 2 2  0.75210546083600005 -5.9999999999999997e-07  0.75210546083600005 15.0000006 
 -5.9999999999999997e-07 2 15.0000006 2
1 1.570796326795 0 0 1 
1 0 35.980000000000004 1 0 
1 -1.570796326795 15 1 0 
1 6.2831853071795862 0 -0 1 
1 0 4.4024193810939991 1 0 
1 15 0 0 1 
1 1.2973538188989999 0 0 1 
1 6.009742799284 0 0 1 
1 -3.1415926535900001 15 1 0 
1 0 15 1 0 
1 0.273442507896 0 0 1 
1 4.9858314882805868 0 -0 1 
7 0 0  1 2 2  0.30604235375200001 1.137978600241e-15  0.30604235375200001 15 
 2.630404574711e-14 2 15 2
1 15 0 0 1 
1 6.2831853071795862 15 -1 0 
7 0 0  5 18 5  0 15  0.75045158294100001 15  1.5006486617979999 15  2.2506119002479998 15  3.0003817183670001 15  4.500205438559 15  5.2502616722999997 15  6.0002084862940004 15  6.7501049794219998 15  8.2468962632480007 15  8.9937939708950001 15  9.7407414199629994 15  10.487796958525999 15  11.987615865656 15  12.740383953853 15  13.4933466937 15  14.246545084174 15  15 15 
 0 6 0.24990212891399999 4 0.49999999980600002 4 0.74909775361200004 4 1 6
1 0 0 0 1 
7 0 0  1 2 2  4.1460036147619999 0.20000000000000001  4.1460036147619999 15.199999999999999 
 2.630404574711e-14 2 15 2
1 0 15.199999999999999 1 0 
7 0 0  1 2 2  2.1371816924170002 0.20000000000000001  2.1371816924170002 15.199999999999999 
 2.6572927885879999e-14 2 15 2
1 15 0 0 1 
7 0 0  5 18 5  0 15  0.75045158294100001 15  1.5006486617979999 15  2.2506119002479998 15  3.0003817183670001 15  4.500205438559 15  5.2502616722999997 15  6.0002084862940004 15  6.7501049794219998 15  8.2468962632480007 15  8.9937939708950001 15  9.7407414199629994 15  10.487796958525999 15  11.987615865656 15  12.740383953854 15  13.4933466937 15  14.246545084174 15  15 15 
 0 6 0.24990212891300001 4 0.49999999980600002 4 0.74909775361200004 4 1 6
1 0 0 0 1 
7 0 0  1 2 2  0.47935580964500002 0  0.47935580964500002 15 
 2.6572927885879999e-14 2 15 2
1 0 15 1 0 
1 0.51195565550199995 0 0 1 
1 6.2831853071795862 0 -0 1 
1 0 0 1 0 
1 0 0 0 1 
1 10.995574287565001 0 -1 0 
2 35.980000000000032 1.999999999999865 0 -1 -1 -0 1.999999999999996
1 0 0.20000000000000001 1 0 
2 -37.000000000000341 9.6120484580452565 0.70710678118654757 -0.70710678118654757 0.70710678118654757 0.70710678118654757 74.980000000000004
1 0 0.20000000000000001 1 0 
2 -37.000000000000341 9.6120484580452565 0.70710678118654757 -0.70710678118654757 0.70710678118654757 0.70710678118654757 74.980000000000004
1 -1.570796326795 0 1 0 
2 35.980000000000032 17.224096916090652 0 -1 1 0 1.999999999999996
1 0 19.224096916090517 1 0 
1 0 0 0 1 
1 -5.7712296516780874 0 1 0 
2 4.4024193810937859 21.224096916091089 -0.70710678118654757 -0.70710678118654757 0.70710678118654757 -0.70710678118654757 2
2 -37.000000000000341 9.6120484580452565 0.70710678118654757 -0.70710678118654757 0.70710678118654757 0.70710678118654757 41
2 0 0 1 0 -0 1 41
1 7.3420259784725861 0 -1 0 
2 4.4024193810937859 -2.0000000000005715 -0.70710678118654757 -0.70710678118654757 -0.70710678118654757 0.70710678118654757 2
1 0 15 1 0 
7 0 0  1 2 2  5.9771429534270002 0  5.9771429534270002 15 
 2.692151841814e-14 2 15 2
1 0 0 0 1 
1 15 0 0 1 
7 0 0  1 2 2  2.1371816924160001 0.20000000000000001  2.1371816924160001 15.199999999999999 
 2.692151841814e-14 2 15 2
7 0 0  5 18 5  0 15  0.75045158294100001 15  1.5006486617979999 15  2.2506119002479998 15  3.0003817183670001 15  4.500205438559 15  5.2502616722999997 15  6.0002084862940004 15  6.7501049794219998 15  8.2468962632490008 15  8.9937939708950001 15  9.7407414199629994 15  10.487796958525999 15  11.987615865657 15  12.740383953852 15  13.493346693702 15  14.246545084173 15  15 15 
 0 6 0.24990212891300001 4 0.49999999980600002 4 0.74909775361200004 4 1 6
7 0 0  1 2 2  4.146003614764 0.20000000000000001  4.146003614764 15.199999999999999 
 2.6353540832819999e-14 2 15 2
1 0 0 0 1 
1 0 15.199999999999999 1 0 
1 0 15 1 0 
1 1.0588406712930001 0 0 1 
1 0 0 0 1 
7 0 0  1 2 2  1.0914405171499999 0  1.0914405171499999 15 
 2.6399455538279999e-14 2 15 2
1 15 0 0 1 
1 15 0 0 1 
7 0 0  1 2 2  5.8038294975350002 1.137978600241e-15  5.8038294975350002 15 
 2.6353540832819999e-14 2 15 2
7 0 0  5 18 5  0 15  0.75045158294100001 15  1.5006486617979999 15  2.2506119002479998 15  3.0003817183670001 15  4.500205438559 15  5.2502616722999997 15  6.0002084862940004 15  6.7501049794219998 15  8.2468962632490008 15  8.9937939708950001 15  9.7407414199629994 15  10.487796958525999 15  11.987615865656 15  12.740383953852 15  13.493346693701 15  14.246545084173 15  15 15 
 0 6 0.24990212891300001 4 0.49999999980600002 4 0.74909775361200004 4 1 6
7 0 0  5 18 5  0 15  0.75045158294100001 15  1.5006486617979999 15  2.2506119002479998 15  3.0003817183670001 15  4.500205438559 15  5.2502616722999997 15  6.0002084862940004 15  6.7501049794219998 15  8.2468962632490008 15  8.9937939708950001 15  9.7407414199629994 15  10.487796958525999 15  11.987615865656 15  12.740383953852 15  13.493346693702 15  14.246545084173 15  15 15 
 0 6 0.24990212891300001 4 0.49999999980600002 4 0.74909775361200004 4 1 6
1 0 0 0 1 
7 0 0  1 2 2  4.1460036147629999 0.20000000000000001  4.1460036147629999 15.199999999999999 
 2.6399455538279999e-14 2 15 2
1 0 15 1 0 
1 5.7712296516780004 0 0 1 
1 0 0 0 1 
1 0 15.199999999999999 1 0 
7 0 0  1 2 2  2.1371816924170002 0.20000000000000001  2.1371816924170002 15.199999999999999 
 2.6896432842699999e-14 2 15 2
1 15 0 0 1 
1 0 0 1 0 
1 0 0 0 1 
1 10.995574287565001 0 -1 0 
2 35.979999999993666 2.0000000000062315 0 -1 -1 -0 1.999999999999996
1 0 0.20000000000000001 1 0 
2 -37.000000000000341 9.6120484580452565 0.70710678118654757 0.70710678118654757 -0.70710678118654757 0.70710678118654757 74.980000000000004
1 0 0.20000000000000001 1 0 
2 -37.000000000000341 9.6120484580452565 0.70710678118654757 0.70710678118654757 -0.70710678118654757 0.70710678118654757 74.980000000000004
1 -1.570796326795 0 1 0 
2 35.980000000000032 17.224096916090652 0 -1 1 0 1.999999999999996
1 -3.5367264672458987e-12 19.224096916094055 1 0 
1 0 0 0 1 
1 -4.2004333248829999 0 1 0 
2 4.4024193810874213 21.224096916098866 0.70710678118654757 -0.70710678118654757 0.70710678118654757 0.70710678118654757 2
2 -37.000000000000341 9.6120484580452565 0.70710678118654757 0.70710678118654757 -0.70710678118654757 0.70710678118654757 41
2 0 0 1 0 -0 1 41
1 8.9128223052675857 0 -1 0 
2 4.4024193810923737 -1.9999999999991598 0.70710678118654757 -0.70710678118654757 -0.70710678118654757 -0.70710678118654757 2
7 0 0  5 18 5  0 15  0.75045158294100001 15  1.5006486617979999 15  2.2506119002479998 15  3.0003817183680002 15  4.500205438559 15  5.2502616722999997 15  6.0002084862940004 15  6.7501049794219998 15  8.2468962632490008 15  8.9937939708950001 15  9.7407414199629994 15  10.487796958525999 15  11.987615865656 15  12.740383953852 15  13.493346693701 15  14.246545084173 15  15 15 
 0 6 0.24990212891300001 4 0.49999999980600002 4 0.74909775361200004 4 1 6
1 0 0 0 1 
7 0 0  1 2 2  1.2647539730420001 1.137978600241e-15  1.2647539730420001 15 
 2.6896432842699999e-14 2 15 2
1 0 15 1 0 
1 1.2973538188989999 0 0 1 
1 6.2831853071795862 0 -0 1 
1 0 0 1 0 
1 0 0 0 1 
1 10.995574287565001 0 -1 0 
2 35.980000000000004 2.0000000000000049 0 -1 -1 -0 2.0000000000000009
1 0 0.20000000000000001 1 0 
2 -37 9.6120484580459973 1.110223024625e-16 -1 1 1.110223024625e-16 74.980000000000004
1 0 0.20000000000000001 1 0 
2 -37 9.6120484580459973 1.110223024625e-16 -1 1 1.110223024625e-16 74.980000000000004
1 -1.570796326795 0 1 0 
2 35.980000000000004 17.224096916091003 0 -1 1 0 2
1 -2.1343035023867797e-15 19.224096916092002 1 0 
1 0 0 0 1 
1 -0.273442507896 0 1 0 
2 4.4024193810939964 21.224096916086001 -1 -1.110223024625e-16 1.110223024625e-16 -1 2
2 -37 9.6120484580459973 1.110223024625e-16 -1 1 1.110223024625e-16 41
2 0 0 1 0 -0 1 41
1 6.5566278150755863 0 -1 0 
2 4.4024193810939991 -1.9999999999999996 -1 -1.110223024625e-16 -1.110223024625e-16 1 2
1 0 15 1 0 
7 0 0  1 2 2  5.1917447900299996 0  5.1917447900299996 15 
 2.6464941349500001e-14 2 15 2
1 0 0 0 1 
1 5.2243446358860002 0 0 1 
1 6.2831853071795862 0 -0 1 
1 15 0 0 1 
7 0 0  1 2 2  2.1371816924160001 0.20000000000000001  2.1371816924160001 15.199999999999999 
 2.6464941349500001e-14 2 15 2
7 0 0  5 18 5  0 15  0.75045158294100001 15  1.5006486617979999 15  2.2506119002479998 15  3.0003817183670001 15  4.500205438559 15  5.2502616722999997 15  6.0002084862930003 15  6.7501049794229999 15  8.2468962632480007 15  8.9937939708950001 15  9.7407414199629994 15  10.487796958525999 15  11.987615865656 15  12.740383953853 15  13.493346693701 15  14.246545084174 15  15 15 
 0 6 0.24990212891300001 4 0.49999999980600002 4 0.74909775361200004 4 1 6
7 0 0  1 2 2  4.1460036147629999 0.20000000000000001  4.1460036147629999 15.199999999999999 
 2.624289674458e-14 2 15 2
1 0 0 0 1 
1 0 15.199999999999999 1 0 
1 0 15 1 0 
1 1.8442388346909999 0 0 1 
1 8.8817841970009999e-16 0 0 1 
7 0 0  1 2 2  1.8768386805470001 0  1.8768386805470001 15 
 2.6243764106320001e-14 2 15 2
1 15 0 0 1 
1 15 0 0 1 
7 0 0  1 2 2  5.0184313341370004 1.137978600241e-15  5.0184313341370004 15 
 2.624289674458e-14 2 15 2
7 0 0  5 18 5  0 15  0.75045158294100001 15  1.5006486617979999 15  2.2506119002479998 15  3.0003817183670001 15  4.500205438559 15  5.2502616722999997 15  6.0002084862940004 15  6.7501049794219998 15  8.2468962632490008 15  8.9937939708950001 15  9.7407414199629994 15  10.487796958525999 15  11.987615865656 15  12.740383953852 15  13.493346693702 15  14.246545084173 15  15 15 
 0 6 0.24990212891300001 4 0.49999999980600002 4 0.74909775361200004 4 1 6
7 0 0  5 18 5  0 15  0.75045158294100001 15  1.5006486617979999 15  2.2506119002479998 15  3.0003817183670001 15  4.500205438559 15  5.2502616722999997 15  6.0002084862940004 15  6.7501049794219998 15  8.2468962632480007 15  8.9937939708950001 15  9.7407414199629994 15  10.487796958525999 15  11.987615865656 15  12.740383953853 15  13.493346693701 15  14.246545084174 15  15 15 
 0 6 0.24990212891300001 4 0.49999999980600002 4 0.74909775361200004 4 1 6
1 0 0 0 1 
7 0 0  1 2 2  4.1460036147629999 0.20000000000000001  4.1460036147629999 15.199999999999999 
 2.6243764106320001e-14 2 15 2
1 0 15 1 0 
1 4.9858314882799997 0 0 1 
1 0 0 0 1 
1 0 15.199999999999999 1 0 
7 0 0  1 2 2  2.1371816924160001 0.20000000000000001  2.1371816924160001 15.199999999999999 
 2.6297277005830001e-14 2 15 2
1 15 0 0 1 
1 0 0 1 0 
1 0 0 0 1 
1 10.995574287565001 0 -1 0 
2 35.980000000000004 2.0000000000000089 0 -1 -1 -0 2.0000000000000009
1 0 0.20000000000000001 1 0 
2 -37 9.6120484580459919 -2.22044604925e-16 1 -1 -2.22044604925e-16 74.980000000000004
1 0 0.20000000000000001 1 0 
2 -37 9.6120484580459919 -2.22044604925e-16 1 -1 -2.22044604925e-16 74.980000000000004
1 -1.570796326795 0 1 0 
2 35.979999999999997 17.224096916091007 0 -1 1 0 2
1 -4.2686070047733369e-15 19.224096916091 1 0 
1 0 0 0 1 
1 -3.4150351614860002 0 1 0 
2 4.4024193810899943 21.224096916091 1 2.22044604925e-16 -2.22044604925e-16 1 2
2 -37 9.6120484580459919 -2.22044604925e-16 1 -1 -2.22044604925e-16 41
2 0 0 1 0 -0 1 41
1 9.6982204686655855 0 -1 0 
2 4.4024193810899988 -1.9999999999939986 1 2.22044604925e-16 2.22044604925e-16 -1 2
7 0 0  5 18 5  0 15  0.75045158294100001 15  1.5006486617979999 15  2.2506119002479998 15  3.0003817183670001 15  4.500205438559 15  5.2502616722999997 15  6.0002084862940004 15  6.7501049794219998 15  8.2468962632490008 15  8.9937939708950001 15  9.7407414199629994 15  10.487796958525999 15  11.987615865657 15  12.740383953852 15  13.493346693702 15  14.246545084173 15  15 15 
 0 6 0.24990212891300001 4 0.49999999980600002 4 0.74909775361200004 4 1 6
1 0 0 0 1 
7 0 0  1 2 2  2.0501521364399999 0  2.0501521364399999 15 
 2.6297277005830001e-14 2 15 2
1 0 15 1 0 
1 2.0827519822960001 0 0 1 
1 6.2831853071795862 0 -0 1 
1 0 0 1 0 
1 0 0 0 1 
1 10.995574287565001 0 -1 0 
2 35.980000000003571 2.0000000000033999 0 -1 -1 -0 1.999999999999996
1 0 0.20000000000000001 1 0 
2 -36.999999999996803 9.6120484580487933 -0.70710678118654757 -0.70710678118654757 0.70710678118654757 -0.70710678118654757 74.980000000000004
1 0 0.20000000000000001 1 0 
2 -36.999999999996803 9.6120484580487933 -0.70710678118654757 -0.70710678118654757 0.70710678118654757 -0.70710678118654757 74.980000000000004
1 -1.570796326795 0 1 0 
2 35.979999999997204 17.224096916087827 0 -1 1 0 1.999999999999996
1 3.5367264672458987e-12 19.224096916094055 1 0 
1 0 0 0 1 
1 -1.0588406712930001 0 1 0 
2 4.4024193810959105 21.224096916093213 -0.70710678118654757 0.70710678118654757 -0.70710678118654757 -0.70710678118654757 2
2 -36.999999999996803 9.6120484580487933 -0.70710678118654757 -0.70710678118654757 0.70710678118654757 -0.70710678118654757 41
2 0 0 1 0 -0 1 41
1 12.054414958856995 -0 -1 0 
2 4.4024193810909589 -2.0000000000048148 -0.70710678118654757 0.70710678118654757 0.70710678118654757 0.70710678118654757 2
1 0 15 1 0 
7 0 0  1 2 2  4.4063466266329998 1.137978600241e-15  4.4063466266329998 15 
 2.621644221157e-14 2 15 2
1 0 0 0 1 
1 4.4389464724890004 0 0 1 
1 6.2831853071795853 0 -0 1 
1 15 0 0 1 
7 0 0  1 2 2  2.1371816924160001 0.20000000000000001  2.1371816924160001 15.199999999999999 
 2.621644221157e-14 2 15 2
7 0 0  5 18 5  0 15  0.75045158294100001 15  1.5006486617979999 15  2.2506119002479998 15  3.0003817183680002 15  4.500205438559 15  5.2502616722999997 15  6.0002084862940004 15  6.7501049794219998 15  8.2468962632480007 15  8.9937939708950001 15  9.7407414199629994 15  10.487796958525999 15  11.987615865656 15  12.740383953852 15  13.493346693702 15  14.246545084173 15  15 15 
 0 6 0.24990212891300001 4 0.49999999980600002 4 0.74909775361200004 4 1 6
7 0 0  1 2 2  4.146003614764 0.20000000000000001  4.146003614764 15.199999999999999 
 2.645453300865e-14 2 15 2
1 0 0 0 1 
1 0 15.199999999999999 1 0 
1 0 15 1 0 
1 2.6296369980879999 0 0 1 
1 0 0 0 1 
7 0 0  1 2 2  2.6622368439450002 1.137978600241e-15  2.6622368439450002 15 
 2.6458436136470001e-14 2 15 2
1 15 0 0 1 
1 15 0 0 1 
7 0 0  1 2 2  4.2330331707399997 0  4.2330331707399997 15 
 2.645453300865e-14 2 15 2
7 0 0  5 18 5  0 15  0.75045158294100001 15  1.5006486617979999 15  2.2506119002479998 15  3.0003817183670001 15  4.500205438559 15  5.2502616722999997 15  6.0002084862940004 15  6.7501049794219998 15  8.2468962632480007 15  8.9937939708950001 15  9.7407414199629994 15  10.487796958525999 15  11.987615865656 15  12.740383953853 15  13.493346693701 15  14.246545084174 15  15 15 
 0 6 0.24990212891300001 4 0.49999999980600002 4 0.74909775361200004 4 1 6
7 0 0  5 18 5  0 15  0.75045158294100001 15  1.5006486617979999 15  2.2506119002479998 15  3.0003817183680002 15  4.500205438559 15  5.2502616722999997 15  6.0002084862940004 15  6.7501049794219998 15  8.2468962632490008 15  8.9937939708950001 15  9.7407414199629994 15  10.487796958525999 15  11.987615865657 15  12.740383953852 15  13.493346693702 15  14.246545084173 15  15 15 
 0 6 0.24990212891300001 4 0.49999999980600002 4 0.74909775361200004 4 1 6
1 0 0 0 1 
7 0 0  1 2 2  4.1460036147629999 0.20000000000000001  4.1460036147629999 15.199999999999999 
 2.6458436136470001e-14 2 15 2
1 0 15 1 0 
1 4.2004333248829999 0 0 1 
1 0 0 0 1 
1 0 15.199999999999999 1 0 
7 0 0  1 2 2  2.1371816924160001 0.20000000000000001  2.1371816924160001 15.199999999999999 
 2.709571865826e-14 2 15 2
1 15 0 0 1 
1 0 0 1 0 
1 0 0 0 1 
1 10.995574287565001 0 -1 0 
2 35.979999999997204 2.0000000000097664 0 -1 -1 -0 1.999999999999996
1 0 0.20000000000000001 1 0 
2 -36.999999999996803 9.6120484580487933 -0.70710678118654757 0.70710678118654757 -0.70710678118654757 -0.70710678118654757 74.980000000000004
1 0 0.20000000000000001 1 0 
2 -36.999999999996803 9.6120484580487933 -0.70710678118654757 0.70710678118654757 -0.70710678118654757 -0.70710678118654757 74.980000000000004
1 -1.570796326795 0 1 0 
2 35.979999999997204 17.224096916087827 0 -1 1 0 1.999999999999996
1 0 19.22409691609759 1 0 
1 0 0 0 1 
1 -2.6296369980879999 0 1 0 
2 4.4024193810888388 21.224096916100287 0.70710678118654757 0.70710678118654757 -0.70710678118654757 0.70710678118654757 2
2 -36.999999999996803 9.6120484580487933 -0.70710678118654757 0.70710678118654757 -0.70710678118654757 -0.70710678118654757 41
2 0 0 1 0 -0 1 41
1 10.483618632062587 0 -1 0 
2 4.4024193810888388 -2.0000000000026947 0.70710678118654757 0.70710678118654757 0.70710678118654757 -0.70710678118654757 2
7 0 0  5 18 5  0 15  0.75045158294100001 15  1.5006486617979999 15  2.2506119002479998 15  3.0003817183670001 15  4.500205438559 15  5.2502616722999997 15  6.0002084862930003 15  6.7501049794229999 15  8.2468962632490008 15  8.9937939708950001 15  9.7407414199629994 15  10.487796958525999 15  11.987615865656 15  12.740383953853 15  13.493346693701 15  14.246545084174 15  15 15 
 0 6 0.24990212891300001 4 0.49999999980600002 4 0.74909775361200004 4 1 6
1 0 0 0 1 
7 0 0  1 2 2  2.8355502998370001 4.5519144009620003e-15  2.8355502998370001 15 
 2.709571865826e-14 2 15 2
1 0 15 1 0 
1 2.868150145694 0 0 1 
1 6.2831853071795853 0 -0 1 
1 0 0 1 0 
1 0 0 0 1 
1 10.995574287565001 0 -1 0 
2 35.980000000000004 2.0000000000000053 0 -1 -1 -0 2.0000000000000009
1 0 0.20000000000000001 1 0 
2 -37 9.6120484580459955 -1 -1.2246467991469999e-16 1.2246467991469999e-16 -1 74.980000000000004
1 0 0.20000000000000001 1 0 
2 -37 9.6120484580459955 -1 -1.2246467991469999e-16 1.2246467991469999e-16 -1 74.980000000000004
1 -1.570796326795 0 1 0 
2 35.980000000000004 17.224096916091003 0 -1 1 0 2
1 -2.3542728754783784e-15 19.224096916092002 1 0 
1 0 0 0 1 
1 -1.8442388346909999 0 1 0 
2 4.4024193810899961 21.224096916086001 -1.2246467991469999e-16 1 -1 -1.2246467991469999e-16 2
2 -37 9.6120484580459955 -1 -1.2246467991469999e-16 1.2246467991469999e-16 -1 41
2 0 0 1 0 -0 1 41
1 11.269016795459585 0 -1 0 
2 4.4024193810899988 -1.9999999999999996 -1.2246467991469999e-16 1 1 1.2246467991469999e-16 2
1 0 15 1 0 
7 0 0  1 2 2  3.620948463235 1.137978600241e-15  3.620948463235 15 
 2.6458436136470001e-14 2 15 2
1 0 0 0 1 
1 3.6535483090910001 0 0 1 
1 6.2831853071795862 0 -0 1 
1 15 0 0 1 
7 0 0  1 2 2  2.137181692415 0.20000000000000001  2.137181692415 15.199999999999999 
 2.6458436136470001e-14 2 15 2
7 0 0  5 18 5  0 15  0.75045158294100001 15  1.5006486617979999 15  2.2506119002479998 15  3.0003817183680002 15  4.500205438559 15  5.2502616722999997 15  6.0002084862940004 15  6.7501049794219998 15  8.2468962632480007 15  8.9937939708960002 15  9.7407414199619993 15  10.487796958525999 15  11.987615865656 15  12.740383953852 15  13.493346693702 15  14.246545084173 15  15 15 
 0 6 0.24990212891300001 4 0.49999999980600002 4 0.74909775361200004 4 1 6
7 0 0  1 2 2  4.146003614764 0.20000000000000001  4.146003614764 15.199999999999999 
 2.621644221157e-14 2 15 2
1 0 0 0 1 
1 0 15.199999999999999 1 0 
1 0 15 1 0 
1 3.4150351614860002 0 0 1 
1 0 0 0 1 
7 0 0  1 2 2  3.4476350073419999 1.137978600241e-15  3.4476350073419999 15 
 2.621644221157e-14 2 15 2
1 15 0 0 1 
7 0 0  5 18 5  0 15  0.75045158294100001 15  1.5006486617979999 15  2.2506119002479998 15  3.0003817183680002 15  4.500205438559 15  5.2502616722999997 15  6.0002084862940004 15  6.7501049794219998 15  8.2468962632480007 15  8.9937939708960002 15  9.7407414199629994 15  10.487796958525999 15  11.987615865656 15  12.740383953852 15  13.493346693702 15  14.246545084173 15  15 15 
 0 6 0.24990212891300001 4 0.49999999980600002 4 0.74909775361200004 4 1 6
1 0 15 1 0 
1 6.2831853071800001 -0 0 1 
1 0 -0 0 1 
1 7.3420259784725861 15 -1 0 
1 4.9858314882805868 0 -0 1 
1 0 4.4024193810944912 1 0 
1 15 0 0 1 
1 4.7123889803849996 0 -0 1 
1 0 35.980000000000032 1 0 
1 10.995574287565001 15 -1 0 
7 0 0  1 2 2  5.5310798463440003 -5.9999999999999997e-07  5.5310798463440003 15.0000006 
 -5.9999999999999997e-07 2 15.0000006 2
7 0 0  1 2 2  0.66536615486200001 0.19999939999999999  0.66536615486200001 15.200000599999999 
 -5.9999999999999997e-07 2 15.0000006 2
7 0 0  1 2 2  0.78539816339699997 -5.9999999998950005e-07  0.78539816339699997 15.4000006 
 -5.9999999998950005e-07 2 15.4000006 2
7 0 0  1 2 2  0.78539816339699997 -5.9999999998950005e-07  0.78539816339699997 15.4000006 
 -5.9999999998950005e-07 2 15.4000006 2
1 0 15.199999999999999 1 0 
7 0 0  1 2 2  0.90543017193300002 0.19999939999999999  0.90543017193300002 15.200000599999999 
 -5.9999999999999997e-07 2 15.0000006 2
7 0 0  1 2 2  0.75210546083600005 -5.9999999999999997e-07  0.75210546083600005 15.0000006 
 -5.9999999999999997e-07 2 15.0000006 2
1 0 15.199999999999999 1 0 
1 1.570796326795 0 0 1 
1 0 35.980000000000032 1 0 
1 -1.570796326795 15 1 0 
1 1.2973538188989999 0 0 1 
1 0 4.4024193810944912 1 0 
1 -5.7712296516780874 15 1 0 
1 15 0 0 1 
1 1.2973538188989999 0 0 1 
1 0 4.4024193810959078 1 0 
1 -4.2004333248829999 15 1 0 
1 4.9858314882805868 0 -0 1 
1 0 4.4024193810881309 1 0 
1 15 0 0 1 
1 4.7123889803849996 0 -0 1 
1 0 35.979999999998611 1 0 
1 8.9128223052675857 15 -1 0 
1 10.995574287565001 15 -1 0 
7 0 0  1 2 2  5.5310798463440003 -5.9999999999999997e-07  5.5310798463440003 15.0000006 
 -5.9999999999999997e-07 2 15.0000006 2
7 0 0  1 2 2  5.3777551352469999 0.19999939999999999  5.3777551352469999 15.200000599999999 
 -5.9999999999999997e-07 2 15.0000006 2
7 0 0  1 2 2  5.4977871437820003 -5.9999999998950005e-07  5.4977871437820003 15.4000006 
 -5.9999999998950005e-07 2 15.4000006 2
7 0 0  1 2 2  5.4977871437820003 -5.9999999998950005e-07  5.4977871437820003 15.4000006 
 -5.9999999998950005e-07 2 15.4000006 2
1 0 15.199999999999999 1 0 
7 0 0  1 2 2  5.6178191523179999 0.19999939999999999  5.6178191523179999 15.200000599999999 
 -5.9999999999999997e-07 2 15.0000006 2
7 0 0  1 2 2  0.75210546083600005 -5.9999999999999997e-07  0.75210546083600005 15.0000006 
 -5.9999999999999997e-07 2 15.0000006 2
1 0 15.199999999999999 1 0 
1 1.570796326795 0 0 1 
1 0 35.979999999998626 1 0 
1 -1.570796326795 15 1 0 
1 15 0 0 1 
1 6.5566278150755863 15 -1 0 
1 4.9858314882805868 0 -0 1 
1 0 4.4024193810939991 1 0 
1 15 0 0 1 
1 4.7123889803849996 0 -0 1 
1 0 35.980000000000004 1 0 
1 10.995574287565001 15 -1 0 
7 0 0  1 2 2  5.5310798463440003 -5.9999999999999997e-07  5.5310798463440003 15.0000006 
 -5.9999999999999997e-07 2 15.0000006 2
7 0 0  1 2 2  1.450764318259 0.19999939999999999  1.450764318259 15.200000599999999 
 -5.9999999999999997e-07 2 15.0000006 2
7 0 0  1 2 2  1.570796326795 -5.9999999998950005e-07  1.570796326795 15.4000006 
 -5.9999999998950005e-07 2 15.4000006 2
7 0 0  1 2 2  1.570796326795 -5.9999999998950005e-07  1.570796326795 15.4000006 
 -5.9999999998950005e-07 2 15.4000006 2
1 0 15.199999999999999 1 0 
7 0 0  1 2 2  1.6908283353310001 0.19999939999999999  1.6908283353310001 15.200000599999999 
 -5.9999999999999997e-07 2 15.0000006 2
7 0 0  1 2 2  0.75210546083600005 -5.9999999999999997e-07  0.75210546083600005 15.0000006 
 -5.9999999999999997e-07 2 15.0000006 2
1 0 15.199999999999999 1 0 
1 1.570796326795 0 0 1 
1 0 35.980000000000004 1 0 
1 -1.570796326795 15 1 0 
1 1.2973538188989999 0 0 1 
1 0 4.4024193810939991 1 0 
1 -0.273442507896 15 1 0 
1 15 0 0 1 
1 1.2973538188989999 0 0 1 
1 0 4.4024193810899988 1 0 
1 -3.4150351614860002 15 1 0 
1 4.9858314882805868 0 -0 1 
1 0 4.4024193810899988 1 0 
1 15 0 0 1 
1 4.7123889803849996 0 -0 1 
1 0 35.980000000000004 1 0 
1 9.6982204686655855 15 -1 0 
1 10.995574287565001 15 -1 0 
7 0 0  1 2 2  5.5310798463440003 -5.9999999999999997e-07  5.5310798463440003 15.0000006 
 -5.9999999999999997e-07 2 15.0000006 2
7 0 0  1 2 2  4.592356971849 0.19999939999999999  4.592356971849 15.200000599999999 
 -5.9999999999999997e-07 2 15.0000006 2
7 0 0  1 2 2  4.7123889803849996 -5.9999999998950005e-07  4.7123889803849996 15.4000006 
 -5.9999999998950005e-07 2 15.4000006 2
7 0 0  1 2 2  4.7123889803849996 -5.9999999998950005e-07  4.7123889803849996 15.4000006 
 -5.9999999998950005e-07 2 15.4000006 2
1 0 15.199999999999999 1 0 
7 0 0  1 2 2  4.83242098892 0.19999939999999999  4.83242098892 15.200000599999999 
 -5.9999999999999997e-07 2 15.0000006 2
7 0 0  1 2 2  0.75210546083600005 -5.9999999999999997e-07  0.75210546083600005 15.0000006 
 -5.9999999999999997e-07 2 15.0000006 2
1 0 15.199999999999999 1 0 
1 1.570796326795 0 0 1 
1 0 35.980000000000004 1 0 
1 -1.570796326795 15 1 0 
1 15 0 0 1 
1 12.054414958856995 15 -1 0 
1 4.9858314882805868 0 -0 1 
1 0 4.4024193810959078 1 0 
1 15 0 0 1 
1 4.7123889803849996 0 -0 1 
1 0 35.979999999998626 1 0 
1 10.995574287565001 15 -1 0 
7 0 0  1 2 2  5.5310798463440003 -5.9999999999999997e-07  5.5310798463440003 15.0000006 
 -5.9999999999999997e-07 2 15.0000006 2
7 0 0  1 2 2  2.2361624816569998 0.19999939999999999  2.2361624816569998 15.200000599999999 
 -5.9999999999999997e-07 2 15.0000006 2
7 0 0  1 2 2  2.3561944901919998 -5.9999999998950005e-07  2.3561944901919998 15.4000006 
 -5.9999999998950005e-07 2 15.4000006 2
7 0 0  1 2 2  2.3561944901919998 -5.9999999998950005e-07  2.3561944901919998 15.4000006 
 -5.9999999998950005e-07 2 15.4000006 2
1 0 15.199999999999999 1 0 
7 0 0  1 2 2  2.4762264987279998 0.19999939999999999  2.4762264987279998 15.200000599999999 
 -5.9999999999999997e-07 2 15.0000006 2
7 0 0  1 2 2  0.75210546083600005 -5.9999999999999997e-07  0.75210546083600005 15.0000006 
 -5.9999999999999997e-07 2 15.0000006 2
1 0 15.199999999999999 1 0 
1 1.570796326795 0 0 1 
1 0 35.979999999998611 1 0 
1 -1.570796326795 15 1 0 
1 1.2973538188989999 0 0 1 
1 0 4.4024193810881309 1 0 
1 -1.0588406712930001 15 1 0 
1 15 0 0 1 
1 1.2973538188989999 0 0 1 
1 0 4.4024193810959078 1 0 
1 -2.6296369980879999 15 1 0 
1 4.9858314882805868 0 -0 1 
1 0 4.4024193810959078 1 0 
1 15 0 0 1 
1 4.7123889803849996 0 -0 1 
1 0 35.979999999997204 1 0 
1 10.483618632062587 15 -1 0 
1 10.995574287565001 15 -1 0 
7 0 0  1 2 2  5.5310798463440003 -5.9999999999999997e-07  5.5310798463440003 15.0000006 
 -5.9999999999999997e-07 2 15.0000006 2
7 0 0  1 2 2  3.8069588084519999 0.19999939999999999  3.8069588084519999 15.200000599999999 
 -5.9999999999999997e-07 2 15.0000006 2
7 0 0  1 2 2  3.9269908169869998 -5.9999999998950005e-07  3.9269908169869998 15.4000006 
 -5.9999999998950005e-07 2 15.4000006 2
7 0 0  1 2 2  3.9269908169869998 -5.9999999998950005e-07  3.9269908169869998 15.4000006 
 -5.9999999998950005e-07 2 15.4000006 2
1 0 15.199999999999999 1 0 
7 0 0  1 2 2  4.0470228255230003 0.19999939999999999  4.0470228255230003 15.200000599999999 
 -5.9999999999999997e-07 2 15.0000006 2
7 0 0  1 2 2  0.75210546083600005 -5.9999999999999997e-07  0.75210546083600005 15.0000006 
 -5.9999999999999997e-07 2 15.0000006 2
1 0 15.199999999999999 1 0 
1 1.570796326795 0 0 1 
1 0 35.979999999997204 1 0 
1 -1.570796326795 15 1 0 
1 15 0 0 1 
1 11.269016795459585 15 -1 0 
1 4.9858314882805868 0 -0 1 
1 0 4.4024193810899988 1 0 
1 15 0 0 1 
1 4.7123889803849996 0 -0 1 
1 0 35.980000000000004 1 0 
1 10.995574287565001 15 -1 0 
7 0 0  1 2 2  5.5310798463440003 -5.9999999999999997e-07  5.5310798463440003 15.0000006 
 -5.9999999999999997e-07 2 15.0000006 2
7 0 0  1 2 2  3.021560645054 0.19999939999999999  3.021560645054 15.200000599999999 
 -5.9999999999999997e-07 2 15.0000006 2
7 0 0  1 2 2  3.1415926535900001 -5.9999999998950005e-07  3.1415926535900001 15.4000006 
 -5.9999999998950005e-07 2 15.4000006 2
7 0 0  1 2 2  3.1415926535900001 -5.9999999998950005e-07  3.1415926535900001 15.4000006 
 -5.9999999998950005e-07 2 15.4000006 2
1 0 15.199999999999999 1 0 
7 0 0  1 2 2  3.261624662125 0.19999939999999999  3.261624662125 15.200000599999999 
 -5.9999999999999997e-07 2 15.0000006 2
7 0 0  1 2 2  0.75210546083600005 -5.9999999999999997e-07  0.75210546083600005 15.0000006 
 -5.9999999999999997e-07 2 15.0000006 2
1 0 15.199999999999999 1 0 
1 1.570796326795 0 0 1 
1 0 35.980000000000004 1 0 
1 -1.570796326795 15 1 0 
1 1.2973538188989999 0 0 1 
1 0 4.4024193810899988 1 0 
1 -1.8442388346909999 15 1 0 
1 15 0 0 1 
Curves 445
1 37 -9.6120484580460008 0 1 0 0 
2 72.980000000000004 -7.6120484580459999 0 -0 -0 -1 0 -1 0 -1 0 0 2
2 0 0 0 0 0 1 1 0 -0 -0 1 0 74.980000000000004
2 0 0 0 0 0 1 1 0 -0 -0 1 0 74.980000000000004
2 72.980000000000004 7.6120484580459999 0 -0 0 1 0 -1 0 1 0 0 2
1 37 9.6120484580460008 0 1 0 0 
1 37 9.6120484580460008 0 1 0 0 
2 0 0 0 0 0 1 1 0 -0 -0 1 0 41
2 0 0 0 0 0 1 1 0 -0 -0 1 0 41
1 37 -9.6120484580460008 0 1 0 0 
1 41.402419381093999 -9.6120484580460008 0 0 0 1 
1 37 -9.6120484580460008 15 1 0 0 
1 72.980000000000004 -9.6120484580460008 0 0 0 1 
2 0 0 0 0 0 1 1 0 -0 -0 1 0 41
7 0 0  5 18 5  37.533432159686001 13.720111891462 0  37.635707254022002 13.702167302084 0  37.738639475318998 13.677265922349999 0  37.841354494758001 13.645071619129 0  37.942820379376997 13.605460989118001 0  38.141267385870997 13.511724545051999 0  38.238245720850998 13.457587389167999 0  38.331906755810998 13.396370446679001 0  38.421230235909 13.328548898677999 0  38.589232789528999 13.181430901004999 0  38.667953702726003 13.102180797003999 0  38.740751184800999 13.017797918675999 0  38.807025864878 12.929218598061 0  38.926351661719004 12.744980865514 0  38.979303626643997 12.649275033071 0  39.025011501554999 12.551326065505 0  39.063460246717 12.452186243009001 0  39.094870331867 12.352777571644999 0 
 0 6 0.24990212891300001 4 0.49999999980600002 4 0.74909775361200004 4 1 6
2 37.879060832962999 15.690020726968999 0 0 0 1 0.92387953251127652 0.38268343236511454 -0 -0.38268343236511454 0.92387953251127652 0 2
7 0 0  5 18 5  36.378980708671001 18.909515133873001 0  36.426871310269 18.817381027877001 0  36.469635830933001 18.720498022832999 0  36.506476053711999 18.619356308572002 0  36.536666958878001 18.514700506073002 0  36.582795276833998 18.300131371258001 0  36.598721988168002 18.190213361047 0  36.607010046989998 18.078628363855 0  36.607416948382003 17.966475428532998 0  36.592649337250002 17.743651549820999 0  36.577537056280001 17.632975535606001 0  36.554749016812004 17.523885440691 0  36.524664709389 17.417426229221 0  36.450838895551001 17.210709183245999 0  36.406999480723002 17.110501286049001 0  36.356976932366997 17.014683987339001 0  36.301597874313998 16.923908603350998 0  36.241728558410003 16.838560244229001 0 
 0 6 0.24990212891300001 4 0.49999999980600002 4 0.74909775361200004 4 1 6
2 0 0 0 0 0 1 1 0 -0 -0 1 0 41
2 0 0 0 0 0 1 1 0 -0 -0 1 0 41
1 32.959695549679999 19.366206258125001 0 0.70710678118654757 0.70710678118654757 0 
2 32.959695549679999 22.194633382871 0 -0 0 1 0.70710678118654757 -0.70710678118654757 0 0.70710678118654757 0.70710678118654757 0 2
1 32.959695549679999 19.366206258125001 0 -0.70710678118654757 0.70710678118654757 0 
2 22.194633382871 32.959695549679999 0 0 -0 -1 0.70710678118654757 -0.70710678118654757 0 -0.70710678118654757 -0.70710678118654757 0 2
1 19.366206258125001 32.959695549679999 0 0.70710678118654757 0.70710678118654757 0 
2 0 0 0 0 0 1 1 0 -0 -0 1 0 41
2 0 0 0 0 0 1 1 0 -0 -0 1 0 41
7 0 0  5 18 5  16.838560244229001 36.241728558410003 0  16.923568397814002 36.301359230327002 0  17.013960403967001 36.356535367538001 0  17.109355700864999 36.406401044189998 0  17.209111861025999 36.450139314174997 0  17.415716760268001 36.524180862929001 0  17.522571548599998 36.554474151181999 0  17.632086816710999 36.577415588977999 0  17.743205131709001 36.592619750973 0  17.966029010420002 36.607387362105001 0  18.077731387911999 36.607013167699002 0  18.188874686622 36.598821055445001 0  18.298373000605 36.583049292868999 0  18.513024830755999 36.537149622950999 0  18.618141767350998 36.506918073306998 0  18.719722494831 36.469978042434001 0  18.817012304035 36.427062970093999 0  18.909515133873001 36.378980708671001 0 
 0 6 0.24990212891300001 4 0.49999999980600002 4 0.74909775361200004 4 1 6
2 15.690020726968999 37.879060832962999 0 0 0 1 0.38268343236511454 0.92387953251127652 -0 -0.92387953251127652 0.38268343236511454 0 2
7 0 0  5 18 5  12.352777571644999 39.094870331867 0  12.451789991919 39.063585449884002 0  12.550535704323 39.025317902590999 0  12.648103667685 38.979849881923997 0  12.743454689095 38.927195248059 0  12.927795625788001 38.808089604229998 0  13.016781281768999 38.741627719420997 0  13.101544332557999 38.668585753823997 0  13.181136156388 38.589569375460997 0  13.328254154061 38.421566821840997 0  13.395827917875 38.332621065322002 0  13.456852686512001 38.239369142209 0  13.510857899076001 38.142818294073003 0  13.604826190480001 37.944444535484998 0  13.644684726608 37.842587704339998 0  13.677066505126 37.739463359513003 0  13.702095487224 37.636116562444997 0  13.720111891462 37.533432159686001 0 
 0 6 0.24990212891300001 4 0.49999999980600002 4 0.74909775361200004 4 1 6
2 0 0 0 0 0 1 1 0 -0 -0 1 0 41
2 0 0 0 0 0 1 1 0 -0 -0 1 0 41
1 9.6120484580460008 37 0 1.110223024625e-16 1 0 
2 7.6120484580459999 39 0 -0 0 1 1 -1.110223024625e-16 0 1.110223024625e-16 1 0 2
1 9.6120484580460008 37 0 -1 1.110223024625e-16 0 
2 -7.6120484580459999 39 0 0 -0 -1 1 -1.110223024625e-16 0 -1.110223024625e-16 -1 0 2
1 -9.6120484580460008 37 0 1.110223024625e-16 1 0 
2 0 0 0 0 0 1 1 0 -0 -0 1 0 41
2 0 0 0 0 0 1 1 0 -0 -0 1 0 41
7 0 0  5 18 5  -13.720111891449999 37.533432159687997 0  -13.70216730207 37.635707254023004 0  -13.67726592234 37.738639475321001 0  -13.645071619119999 37.841354494759997 0  -13.605460989099999 37.942820379379 0  -13.51172454504 38.141267385873 0  -13.45758738915 38.238245720853001 0  -13.39637044667 38.331906755813002 0  -13.328548898659999 38.421230235911999 0  -13.18143090099 38.589232789531998 0  -13.10218079699 38.667953702729001 0  -13.017797918659999 38.740751184803997 0  -12.929218598049999 38.807025864880998 0  -12.744980865500001 38.926351661722002 0  -12.64927503306 38.979303626647003 0  -12.551326065490001 39.025011501557998 0  -12.452186242990001 39.063460246719998 0  -12.35277757163 39.094870331869998 0 
 0 6 0.24990212891300001 4 0.49999999980600002 4 0.74909775361200004 4 1 6
2 -15.69002072696 37.879060832962999 0 0 0 1 -0.38268343236511454 0.92387953251127652 0 -0.92387953251127652 -0.38268343236511454 0 2
7 0 0  5 18 5  -18.909515133860001 36.378980708672998 0  -18.817381027869999 36.426871310271999 0  -18.720498022819999 36.469635830935999 0  -18.61935630856 36.506476053714998 0  -18.514700506059999 36.536666958881 0  -18.30013137125 36.582795276836997 0  -18.190213361040001 36.598721988171 0  -18.07862836384 36.607010046992997 0  -17.966475428519999 36.607416948385001 0  -17.74365154981 36.592649337253 0  -17.6329755356 36.577537056282999 0  -17.523885440680001 36.554749016814 0  -17.417426229210001 36.524664709390997 0  -17.210709183230001 36.450838895552998 0  -17.110501286040002 36.406999480724998 0  -17.014683987329999 36.356976932367999 0  -16.923908603339999 36.301597874315 0  -16.838560244220002 36.241728558411999 0 
 0 6 0.24990212891300001 4 0.49999999980600002 4 0.74909775361200004 4 1 6
2 0 0 0 0 0 1 1 0 -0 -0 1 0 41
2 0 0 0 0 0 1 1 0 -0 -0 1 0 41
1 -19.366206258119998 32.959695549679999 0 -0.70710678118654757 0.70710678118654757 0 
2 -22.194633382869998 32.959695549679999 0 0 -0 1 0.70710678118654757 0.70710678118654757 0 -0.70710678118654757 0.70710678118654757 0 2
1 -19.366206258119998 32.959695549679999 0 -0.70710678118654757 -0.70710678118654757 0 
2 -32.959695549679999 22.194633382871 0 0 0 -1 0.70710678118654757 0.70710678118654757 0 0.70710678118654757 -0.70710678118654757 0 2
1 -32.959695549679999 19.366206258125001 0 -0.70710678118654757 0.70710678118654757 0 
2 0 0 0 0 0 1 1 0 -0 -0 1 0 41
2 0 0 0 0 0 1 1 0 -0 -0 1 0 41
7 0 0  5 18 5  -36.241728558399998 16.838560244229999 0  -36.301359230320003 16.923568397815998 0  -36.35653536753 17.013960403969001 0  -36.406401044180001 17.109355700866999 0  -36.450139314170002 17.209111861027999 0  -36.524180862919998 17.415716760270001 0  -36.554474151180003 17.522571548601999 0  -36.577415588969998 17.632086816712 0  -36.592619750970002 17.743205131711001 0  -36.607387362099999 17.966029010422002 0  -36.607013167689999 18.077731387914 0  -36.598821055439998 18.188874686624001 0  -36.583049292859997 18.298373000607999 0  -36.537149622949997 18.513024830759001 0  -36.5069180733 18.618141767354 0  -36.46997804243 18.719722494833 0  -36.427062970089999 18.817012304037998 0  -36.378980708660002 18.909515133875999 0 
 0 6 0.24990212891300001 4 0.49999999980600002 4 0.74909775361200004 4 1 6
2 -37.87906083296 15.690020726968999 0 0 0 1 -0.92387953251127652 0.38268343236511454 0 -0.38268343236511454 -0.92387953251127652 0 2
7 0 0  5 18 5  -39.094870331860001 12.352777571643999 0  -39.063585449880001 12.451789991918 0  -39.025317902589997 12.550535704322 0  -38.979849881920003 12.648103667685 0  -38.927195248049998 12.743454689095 0  -38.808089604229998 12.927795625788001 0  -38.741627719420002 13.016781281768999 0  -38.668585753819997 13.101544332557999 0  -38.589569375460002 13.181136156388 0  -38.421566821840003 13.328254154061 0  -38.332621065319998 13.395827917875 0  -38.239369142199997 13.456852686512001 0  -38.142818294069997 13.510857899076001 0  -37.944444535480002 13.604826190480001 0  -37.842587704330001 13.644684726608 0  -37.739463359509998 13.677066505126 0  -37.636116562440002 13.702095487224 0  -37.533432159679997 13.720111891462 0 
 0 6 0.24990212891300001 4 0.49999999980600002 4 0.74909775361200004 4 1 6
2 0 0 0 0 0 1 1 0 -0 -0 1 0 41
2 0 0 0 0 0 1 1 0 -0 -0 1 0 41
1 -37 9.6120484580460008 0 -1 1.2246467991469999e-16 0 
2 -39 7.6120484580459999 0 0 -0 1 1.2246467991469999e-16 1 0 -1 1.2246467991469999e-16 0 2
1 -37 9.6120484580460008 0 -1.2246467991469999e-16 -1 0 
2 -39 -7.6120484580459999 0 0 0 -1 1.2246467991469999e-16 1 0 1 -1.2246467991469999e-16 0 2
1 -37 -9.6120484580460008 0 -1 1.2246467991469999e-16 0 
2 0 0 0 0 0 1 1 0 -0 -0 1 0 41
2 0 0 0 0 0 1 1 0 -0 -0 1 0 41
7 0 0  5 18 5  -37.533432159679997 -13.720111891449999 0  -37.635707254019998 -13.70216730207 0  -37.738639475319999 -13.67726592234 0  -37.84135449475 -13.645071619119999 0  -37.942820379369998 -13.605460989099999 0  -38.141267385870002 -13.51172454504 0  -38.238245720850003 -13.45758738915 0  -38.331906755810003 -13.39637044667 0  -38.421230235910002 -13.328548898659999 0  -38.589232789530001 -13.18143090099 0  -38.667953702719998 -13.10218079699 0  -38.740751184799997 -13.017797918659999 0  -38.807025864880003 -12.929218598049999 0  -38.926351661719998 -12.744980865500001 0  -38.979303626639997 -12.64927503306 0  -39.025011501549997 -12.551326065490001 0  -39.063460246719998 -12.452186242990001 0  -39.094870331869998 -12.35277757163 0 
 0 6 0.24990212891300001 4 0.49999999980600002 4 0.74909775361200004 4 1 6
2 -37.87906083296 -15.69002072696 0 0 0 1 -0.92387953251127652 -0.38268343236511454 0 0.38268343236511454 -0.92387953251127652 0 2
7 0 0  5 18 5  -36.378980708669999 -18.909515133869998 0  -36.426871310270002 -18.817381027869999 0  -36.469635830930002 -18.72049802283 0  -36.506476053710003 -18.61935630856 0  -36.536666958879998 -18.514700506059999 0  -36.582795276829998 -18.30013137125 0  -36.598721988169999 -18.190213361040001 0  -36.607010046989998 -18.078628363850001 0  -36.607416948379999 -17.966475428519999 0  -36.592649337250002 -17.74365154981 0  -36.577537056280001 -17.6329755356 0  -36.55474901681 -17.523885440680001 0  -36.524664709390002 -17.417426229210001 0  -36.45083889555 -17.210709183239999 0  -36.406999480720003 -17.110501286040002 0  -36.356976932359999 -17.014683987329999 0  -36.301597874309998 -16.923908603339999 0  -36.241728558399998 -16.838560244220002 0 
 0 6 0.24990212891300001 4 0.49999999980600002 4 0.74909775361200004 4 1 6
2 0 0 0 0 0 1 1 0 -0 -0 1 0 41
2 0 0 0 0 0 1 1 0 -0 -0 1 0 41
1 -32.959695549679999 -19.366206258119998 0 -0.70710678118654757 -0.70710678118654757 0 
2 -32.959695549679999 -22.194633382869998 0 0 0 1 -0.70710678118654757 0.70710678118654757 0 -0.70710678118654757 -0.70710678118654757 0 2
1 -32.959695549679999 -19.366206258119998 0 0.70710678118654757 -0.70710678118654757 0 
2 -22.194633382869998 -32.959695549679999 0 0 0 -1 -0.70710678118654757 0.70710678118654757 0 0.70710678118654757 0.70710678118654757 0 2
1 -19.366206258119998 -32.959695549679999 0 -0.70710678118654757 -0.70710678118654757 0 
2 0 0 0 0 0 1 1 0 -0 -0 1 0 41
2 0 0 0 0 0 1 1 0 -0 -0 1 0 41
7 0 0  5 18 5  -16.838560244220002 -36.241728558399998 0  -16.9235683978 -36.301359230320003 0  -17.013960403959999 -36.35653536753 0  -17.10935570086 -36.406401044189998 0  -17.209111861019998 -36.450139314170002 0  -17.41571676026 -36.524180862930002 0  -17.522571548590001 -36.554474151180003 0  -17.632086816699999 -36.577415588969998 0  -17.743205131700002 -36.592619750970002 0  -17.966029010410001 -36.607387362099999 0  -18.077731387899998 -36.607013167700003 0  -18.188874686609999 -36.598821055439998 0  -18.298373000600002 -36.583049292870001 0  -18.513024830749998 -36.537149622949997 0  -18.618141767339999 -36.5069180733 0  -18.719722494820001 -36.46997804243 0  -18.817012304030001 -36.427062970089999 0  -18.909515133869998 -36.378980708669999 0 
 0 6 0.24990212891300001 4 0.49999999980600002 4 0.74909775361200004 4 1 6
2 -15.69002072696 -37.87906083296 0 0 0 1 -0.38268343236511454 -0.92387953251127652 0 0.92387953251127652 -0.38268343236511454 0 2
7 0 0  5 18 5  -12.35277757163 -39.094870331869998 0  -12.4517899919 -39.063585449880001 0  -12.550535704310001 -39.025317902589997 0  -12.64810366767 -38.979849881920003 0  -12.74345468908 -38.927195248060002 0  -12.927795625770001 -38.808089604229998 0  -13.016781281749999 -38.741627719420002 0  -13.10154433254 -38.668585753819997 0  -13.18113615637 -38.589569375460002 0  -13.328254154050001 -38.421566821840003 0  -13.39582791786 -38.332621065319998 0  -13.4568526865 -38.239369142210002 0  -13.510857899059999 -38.142818294069997 0  -13.60482619047 -37.944444535480002 0  -13.64468472659 -37.842587704339998 0  -13.67706650511 -37.739463359509998 0  -13.70209548721 -37.636116562440002 0  -13.720111891449999 -37.533432159679997 0 
 0 6 0.24990212891300001 4 0.49999999980600002 4 0.74909775361200004 4 1 6
2 0 0 0 0 0 1 1 0 -0 -0 1 0 41
2 0 0 0 0 0 1 1 0 -0 -0 1 0 41
1 -9.6120484580460008 -37 0 -2.22044604925e-16 -1 0 
2 -7.6120484580459999 -39 0 0 0 1 -1 2.22044604925e-16 0 -2.22044604925e-16 -1 0 2
1 -9.6120484580460008 -37 0 1 -2.22044604925e-16 0 
2 7.6120484580449999 -39 0 0 0 -1 -1 2.22044604925e-16 0 2.22044604925e-16 1 0 2
1 9.6120484580450007 -37 0 -2.22044604925e-16 -1 0 
2 0 0 0 0 0 1 1 0 -0 -0 1 0 41
2 0 0 0 0 0 1 1 0 -0 -0 1 0 41
7 0 0  5 18 5  13.720111891462 -37.533432159679997 0  13.702167302084 -37.635707254019998 0  13.677265922349999 -37.738639475310002 0  13.645071619129 -37.84135449475 0  13.605460989118001 -37.942820379369998 0  13.511724545051999 -38.141267385870002 0  13.457587389167999 -38.238245720850003 0  13.396370446679001 -38.331906755810003 0  13.328548898678999 -38.421230235899998 0  13.181430901004999 -38.589232789519997 0  13.102180797003999 -38.667953702719998 0  13.017797918675999 -38.740751184799997 0  12.929218598061 -38.807025864869999 0  12.744980865514 -38.926351661710001 0  12.649275033069999 -38.979303626639997 0  12.551326065505 -39.025011501549997 0  12.452186243008001 -39.063460246710001 0  12.352777571643999 -39.094870331860001 0 
 0 6 0.24990212891300001 4 0.49999999980600002 4 0.74909775361200004 4 1 6
2 15.690020726968999 -37.87906083296 0 0 0 1 0.38268343236511454 -0.92387953251127652 0 0.92387953251127652 0.38268343236511454 -0 2
7 0 0  5 18 5  18.909515133875999 -36.378980708660002 0  18.817381027879001 -36.426871310259997 0  18.720498022834999 -36.469635830930002 0  18.619356308574002 -36.506476053710003 0  18.514700506074998 -36.536666958870001 0  18.300131371260001 -36.582795276829998 0  18.190213361049 -36.598721988160001 0  18.078628363857 -36.607010046980001 0  17.966475428534 -36.607416948379999 0  17.743651549822999 -36.592649337239997 0  17.632975535608001 -36.577537056270003 0  17.523885440693 -36.55474901681 0  17.417426229221999 -36.524664709379998 0  17.210709183247001 -36.450838895540002 0  17.110501286049999 -36.406999480720003 0  17.01468398734 -36.356976932359999 0  16.923908603352 -36.301597874309998 0  16.838560244229999 -36.241728558399998 0 
 0 6 0.24990212891300001 4 0.49999999980600002 4 0.74909775361200004 4 1 6
2 0 0 0 0 0 1 1 0 -0 -0 1 0 41
2 0 0 0 0 0 1 1 0 -0 -0 1 0 41
1 19.366206258125001 -32.959695549679999 0 0.70710678118654757 -0.70710678118654757 0 
2 22.194633382871 -32.959695549679999 0 0 0 1 -0.70710678118654757 -0.70710678118654757 0 0.70710678118654757 -0.70710678118654757 0 2
1 19.366206258125001 -32.959695549679999 0 0.70710678118654757 0.70710678118654757 0 
2 32.959695549679999 -22.194633382869998 0 -0 0 -1 -0.70710678118654757 -0.70710678118654757 0 -0.70710678118654757 0.70710678118654757 0 2
1 32.959695549679999 -19.366206258119998 0 0.70710678118654757 -0.70710678118654757 0 
2 0 0 0 0 0 1 1 0 -0 -0 1 0 41
2 0 0 0 0 0 1 1 0 -0 -0 1 0 41
7 0 0  5 18 5  36.241728558411999 -16.838560244220002 0  36.301359230328003 -16.9235683978 0  36.356535367539998 -17.013960403959999 0  36.406401044191 -17.109355700849999 0  36.450139314177001 -17.209111861010001 0  36.524180862931999 -17.41571676026 0  36.554474151184998 -17.522571548590001 0  36.577415588980003 -17.632086816699999 0  36.592619750974997 -17.743205131700002 0  36.607387362108 -17.966029010410001 0  36.607013167700998 -18.077731387899998 0  36.598821055447999 -18.188874686609999 0  36.583049292871998 -18.298373000590001 0  36.537149622953997 -18.513024830749998 0  36.506918073309997 -18.618141767339999 0  36.469978042436999 -18.719722494820001 0  36.427062970096998 -18.817012304030001 0  36.378980708672998 -18.909515133860001 0 
 0 6 0.24990212891399999 4 0.49999999980600002 4 0.74909775361200004 4 1 6
2 37.879060832962999 -15.69002072696 0 0 0 1 0.92387953251127652 -0.38268343236511454 0 0.38268343236511454 0.92387953251127652 -0 2
7 0 0  5 18 5  39.094870331869998 -12.35277757163 0  39.063585449887 -12.4517899919 0  39.025317902594999 -12.550535704310001 0  38.979849881927002 -12.64810366767 0  38.927195248061999 -12.74345468908 0  38.808089604232997 -12.927795625770001 0  38.741627719424002 -13.016781281749999 0  38.668585753826001 -13.10154433254 0  38.589569375464002 -13.18113615637 0  38.421566821843001 -13.328254154050001 0  38.332621065323998 -13.39582791786 0  38.239369142210997 -13.4568526865 0  38.142818294074999 -13.510857899059999 0  37.944444535487001 -13.60482619047 0  37.842587704342002 -13.64468472659 0  37.739463359515 -13.67706650511 0  37.636116562447 -13.70209548721 0  37.533432159687997 -13.720111891449999 0 
 0 6 0.24990212891300001 4 0.49999999980600002 4 0.74909775361200004 4 1 6
2 0 0 0 0 0 1 1 0 -0 -0 1 0 41
2 41.402419381093999 -11.61204845804 0 0 0 1 0 -1 0 1 0 -0 2
1 37 -9.6120484580460008 0 1 0 0 
2 39 -7.6120484580459999 0 -0 0 1 0 -1 0 1 0 0 2
1 37 -9.6120484580460008 0 0 1 0 
2 39 7.6120484580459999 0 -0 -0 -1 0 -1 0 -1 0 0 2
1 37 9.6120484580460008 0 1 0 0 
2 41.402419381093999 11.612048458046001 0 -0 -0 -1 0 -1 0 -1 0 0 2
2 0 0 0 0 0 1 1 0 -0 -0 1 0 20
2 72.980000000000004 -7.6120484580459999 15 -0 -0 -1 0 -1 0 -1 0 0 2
1 74.440504168890996 -8.978404038651 0 0 0 1 
1 74.980000000000004 -1.836480340001e-14 -0.20000000000000001 0 0 1 
2 0 0 15 0 0 1 1 0 -0 -0 1 0 74.980000000000004
2 0 0 15 0 0 1 1 0 -0 -0 1 0 74.980000000000004
1 74.440504168890996 8.978404038651 0 0 0 1 
1 72.980000000000004 9.6120484580460008 0 0 0 1 
2 72.980000000000004 7.6120484580459999 15 -0 0 1 0 -1 0 1 0 0 2
1 41.402419381093999 9.6120484580460008 0 0 0 1 
1 37 9.6120484580460008 15 1 0 0 
1 39.476725456392003 -11.07195318092 0 0 0 1 
2 41.402419381093999 -11.61204845804 15 0 0 1 0 -1 0 1 0 -0 2
1 37 9.6120484580460008 15 1 0 0 
2 0 0 15 0 0 1 1 0 -0 -0 1 0 41
2 0 0 15 0 0 1 1 0 -0 -0 1 0 41
1 37 -9.6120484580460008 15 1 0 0 
2 0 0 15 0 0 1 1 0 -0 -0 1 0 41
1 39.476725456392003 11.071953180928 0 0 0 1 
7 0 0  2 5 4  39.094870331867 12.352777571644999 -0.91800000000000004  39.094870331867 12.352777571644999 -0.45900000000000002  39.094870331867 12.352777571644999 7.5  39.094870331867 12.352777571644999 15.459  39.094870331867 12.352777571644999 15.917999999999999 
 -0.91800000000000004 3 2.630404574711e-14 1 15 1 15.917999999999999 3
2 41.402419381093999 11.612048458046001 15 -0 -0 -1 0 -1 0 -1 0 0 2
7 0 0  5 18 5  37.533432159686001 13.720111891462 15  37.635707254022002 13.702167302084 15  37.738639475318998 13.677265922349999 15  37.841354494758001 13.645071619129 15  37.942820379376997 13.605460989118001 15  38.141267385870997 13.511724545051999 15  38.238245720850998 13.457587389167999 15  38.331906755810998 13.396370446679001 15  38.421230235909 13.328548898677999 15  38.589232789528999 13.181430901004999 15  38.667953702726003 13.102180797003999 15  38.740751184800999 13.017797918675999 15  38.807025864878 12.929218598061 15  38.926351661719004 12.744980865514 15  38.979303626643997 12.649275033071 15  39.025011501554999 12.551326065505 15  39.063460246717 12.452186243009001 15  39.094870331867 12.352777571644999 15 
 0 6 0.24990212891399999 4 0.49999999980600002 4 0.74909775361200004 4 1 6
7 0 0  2 5 4  37.533432159686001 13.720111891462 -0.91800000000000004  37.533432159686001 13.720111891462 -0.45900000000000002  37.533432159686001 13.720111891462 7.5  37.533432159686001 13.720111891462 15.459  37.533432159686001 13.720111891462 15.917999999999999 
 -0.91800000000000004 3 2.630404574711e-14 1 15 1 15.917999999999999 3
2 37.879060832962999 15.690020726968999 15 0 0 1 0.92387953251127652 0.38268343236511454 -0 -0.38268343236511454 0.92387953251127652 0 2
7 0 0  2 5 4  36.241728558410003 16.838560244229001 -0.91800000000000004  36.241728558410003 16.838560244229001 -0.45900000000000002  36.241728558410003 16.838560244229001 7.5  36.241728558410003 16.838560244229001 15.459  36.241728558410003 16.838560244229001 15.917999999999999 
 -0.91800000000000004 3 2.6572927885879999e-14 1 15 1 15.917999999999999 3
7 0 0  5 18 5  36.378980708671001 18.909515133873001 15  36.426871310269 18.817381027877001 15  36.469635830933001 18.720498022832999 15  36.506476053711999 18.619356308572002 15  36.536666958878001 18.514700506073002 15  36.582795276833998 18.300131371258001 15  36.598721988168002 18.190213361047 15  36.607010046989998 18.078628363855 15  36.607416948382003 17.966475428532998 15  36.592649337250002 17.743651549820999 15  36.577537056280001 17.632975535606001 15  36.554749016812004 17.523885440691 15  36.524664709389 17.417426229221 15  36.450838895551001 17.210709183245999 15  36.406999480723002 17.110501286049001 15  36.356976932366997 17.014683987339001 15  36.301597874313998 16.923908603350998 15  36.241728558410003 16.838560244229001 15 
 0 6 0.24990212891300001 4 0.49999999980600002 4 0.74909775361200004 4 1 6
7 0 0  2 5 4  36.378980708671001 18.909515133873001 -0.91800000000000004  36.378980708671001 18.909515133873001 -0.45900000000000002  36.378980708671001 18.909515133873001 7.5  36.378980708671001 18.909515133873001 15.459  36.378980708671001 18.909515133873001 15.917999999999999 
 -0.91800000000000004 3 2.6572927885879999e-14 1 15 1 15.917999999999999 3
2 0 0 15 0 0 1 1 0 -0 -0 1 0 41
1 35.743313444468001 20.085207094040999 0 0 0 1 
1 32.959695549679999 19.366206258125001 0 0.70710678118654757 0.70710678118654757 0 
2 56.987183974399002 46.22212180759 0 0 -0 -1 0.70710678118654757 -0.70710678118654757 0 -0.70710678118654757 -0.70710678118654757 0 2
2 0 0 0 0 0 1 1 0 -0 -0 1 0 74.980000000000004
2 0 0 0 0 0 1 1 0 -0 -0 1 0 74.980000000000004
2 46.22212180759 56.987183974399002 0 -0 0 1 0.70710678118654757 -0.70710678118654757 0 0.70710678118654757 0.70710678118654757 0 2
1 19.366206258125001 32.959695549679999 0 0.70710678118654757 0.70710678118654757 0 
2 21.06497329375 37.486889710051997 0 0 0 1 0 -1 0 1 0 -0 2
2 0 0 0 0 0 1 1 0 -0 -0 1 0 41
2 37.486889710051997 21.06497329375 0 -0 -0 -1 0 -1 0 -1 0 0 2
2 0 0 15 0 0 1 1 0 -0 -0 1 0 41
7 0 0  2 5 4  39.094870331869998 -12.35277757163 -0.91800000000000004  39.094870331869998 -12.35277757163 -0.45900000000000002  39.094870331869998 -12.35277757163 7.5  39.094870331869998 -12.35277757163 15.459  39.094870331869998 -12.35277757163 15.917999999999999 
 -0.91800000000000004 3 2.692151841814e-14 1 15 1 15.917999999999999 3
7 0 0  2 5 4  37.533432159687997 -13.720111891449999 -0.91800000000000004  37.533432159687997 -13.720111891449999 -0.45900000000000002  37.533432159687997 -13.720111891449999 7.5  37.533432159687997 -13.720111891449999 15.459  37.533432159687997 -13.720111891449999 15.917999999999999 
 -0.91800000000000004 3 2.692151841814e-14 1 15 1 15.917999999999999 3
7 0 0  5 18 5  39.094870331869998 -12.35277757163 15  39.063585449887 -12.4517899919 15  39.025317902594999 -12.550535704310001 15  38.979849881927002 -12.64810366767 15  38.927195248061999 -12.74345468908 15  38.808089604232997 -12.927795625770001 15  38.741627719424002 -13.016781281749999 15  38.668585753826001 -13.10154433254 15  38.589569375464002 -13.18113615637 15  38.421566821843001 -13.328254154050001 15  38.332621065323998 -13.39582791786 15  38.239369142210997 -13.4568526865 15  38.142818294074999 -13.510857899059999 15  37.944444535487001 -13.60482619047 15  37.842587704342002 -13.64468472659 15  37.739463359513998 -13.67706650511 15  37.636116562447 -13.70209548721 15  37.533432159687997 -13.720111891449999 15 
 0 6 0.24990212891300001 4 0.49999999980600002 4 0.74909775361200004 4 1 6
7 0 0  2 5 4  36.241728558411999 -16.838560244220002 -0.91800000000000004  36.241728558411999 -16.838560244220002 -0.45900000000000002  36.241728558411999 -16.838560244220002 7.5  36.241728558411999 -16.838560244220002 15.459  36.241728558411999 -16.838560244220002 15.917999999999999 
 -0.91800000000000004 3 2.6353540832819999e-14 1 15 1 15.917999999999999 3
2 37.879060832962999 -15.69002072696 15 0 0 1 0.92387953251127652 -0.38268343236511454 0 0.38268343236511454 0.92387953251127652 -0 2
2 0 0 15 0 0 1 1 0 -0 -0 1 0 41
1 20.085207094040999 35.743313444468001 0 0 0 1 
7 0 0  2 5 4  18.909515133873001 36.378980708671001 -0.91800000000000004  18.909515133873001 36.378980708671001 -0.45900000000000002  18.909515133873001 36.378980708671001 7.5  18.909515133873001 36.378980708671001 15.459  18.909515133873001 36.378980708671001 15.917999999999999 
 -0.91800000000000004 3 2.6399455538279999e-14 1 15 1 15.917999999999999 3
7 0 0  2 5 4  36.378980708672998 -18.909515133860001 -0.91800000000000004  36.378980708672998 -18.909515133860001 -0.45900000000000002  36.378980708672998 -18.909515133860001 7.5  36.378980708672998 -18.909515133860001 15.459  36.378980708672998 -18.909515133860001 15.917999999999999 
 -0.91800000000000004 3 2.6353540832819999e-14 1 15 1 15.917999999999999 3
7 0 0  5 18 5  36.241728558411999 -16.838560244220002 15  36.301359230328003 -16.9235683978 15  36.356535367539998 -17.013960403959999 15  36.406401044191 -17.109355700849999 15  36.450139314177001 -17.209111861010001 15  36.524180862931999 -17.41571676026 15  36.554474151184998 -17.522571548590001 15  36.577415588980003 -17.632086816699999 15  36.592619750974997 -17.743205131700002 15  36.607387362108 -17.966029010410001 15  36.607013167700998 -18.077731387899998 15  36.598821055447999 -18.188874686609999 15  36.583049292871998 -18.298373000590001 15  36.537149622953997 -18.513024830749998 15  36.506918073309997 -18.618141767339999 15  36.469978042436999 -18.719722494820001 15  36.427062970096998 -18.817012304030001 15  36.378980708672998 -18.909515133860001 15 
 0 6 0.24990212891300001 4 0.49999999980600002 4 0.74909775361200004 4 1 6
7 0 0  5 18 5  16.838560244229001 36.241728558410003 15  16.923568397814002 36.301359230327002 15  17.013960403967001 36.356535367538001 15  17.109355700864999 36.406401044189998 15  17.209111861025999 36.450139314174997 15  17.415716760268001 36.524180862929001 15  17.522571548599998 36.554474151181999 15  17.632086816710999 36.577415588977999 15  17.743205131709001 36.592619750973 15  17.966029010420002 36.607387362105001 15  18.077731387911999 36.607013167699002 15  18.188874686622 36.598821055445001 15  18.298373000605 36.583049292868999 15  18.513024830755999 36.537149622950999 15  18.618141767350998 36.506918073306998 15  18.719722494831 36.469978042434001 15  18.817012304035 36.427062970093999 15  18.909515133873001 36.378980708671001 15 
 0 6 0.24990212891300001 4 0.49999999980600002 4 0.74909775361200004 4 1 6
7 0 0  2 5 4  16.838560244229001 36.241728558410003 -0.91800000000000004  16.838560244229001 36.241728558410003 -0.45900000000000002  16.838560244229001 36.241728558410003 7.5  16.838560244229001 36.241728558410003 15.459  16.838560244229001 36.241728558410003 15.917999999999999 
 -0.91800000000000004 3 2.6399455538279999e-14 1 15 1 15.917999999999999 3
2 0 0 15 0 0 1 1 0 -0 -0 1 0 41
1 35.743313444469997 -20.08520709403 0 0 0 1 
2 15.690020726968999 37.879060832962999 15 0 0 1 0.38268343236511454 0.92387953251127652 -0 -0.92387953251127652 0.38268343236511454 0 2
7 0 0  2 5 4  13.720111891462 37.533432159686001 -0.91800000000000004  13.720111891462 37.533432159686001 -0.45900000000000002  13.720111891462 37.533432159686001 7.5  13.720111891462 37.533432159686001 15.459  13.720111891462 37.533432159686001 15.917999999999999 
 -0.91800000000000004 3 2.6896432842699999e-14 1 15 1 15.917999999999999 3
1 19.366206258125001 -32.959695549679999 0 0.70710678118654757 -0.70710678118654757 0 
2 46.22212180759 -56.98718397439 0 -0 0 -1 -0.70710678118654757 -0.70710678118654757 0 -0.70710678118654757 0.70710678118654757 0 2
2 0 0 0 0 0 1 1 0 -0 -0 1 0 74.980000000000004
2 0 0 0 0 0 1 1 0 -0 -0 1 0 74.980000000000004
2 56.987183974399002 -46.22212180759 0 0 0 1 -0.70710678118654757 -0.70710678118654757 0 0.70710678118654757 -0.70710678118654757 0 2
1 32.959695549679999 -19.366206258119998 0 0.70710678118654757 -0.70710678118654757 0 
2 37.486889710052999 -21.06497329374 0 0 0 1 0 -1 0 1 0 -0 2
2 0 0 0 0 0 1 1 0 -0 -0 1 0 41
2 21.06497329375 -37.486889710050001 0 -0 -0 -1 0 -1 0 -1 0 0 2
7 0 0  5 18 5  12.352777571644999 39.094870331867 15  12.451789991919 39.063585449884002 15  12.550535704323 39.025317902590999 15  12.648103667685 38.979849881923997 15  12.743454689095 38.927195248059 15  12.927795625788001 38.808089604229998 15  13.016781281768999 38.741627719420997 15  13.101544332557999 38.668585753823997 15  13.181136156388 38.589569375460997 15  13.328254154061 38.421566821840997 15  13.395827917875 38.332621065322002 15  13.456852686512001 38.239369142209 15  13.510857899076001 38.142818294073003 15  13.604826190480001 37.944444535484998 15  13.644684726608 37.842587704339998 15  13.677066505126 37.739463359513003 15  13.702095487224 37.636116562444997 15  13.720111891462 37.533432159686001 15 
 0 6 0.24990212891300001 4 0.49999999980600002 4 0.74909775361200004 4 1 6
7 0 0  2 5 4  12.352777571644999 39.094870331867 -0.91800000000000004  12.352777571644999 39.094870331867 -0.45900000000000002  12.352777571644999 39.094870331867 7.5  12.352777571644999 39.094870331867 15.459  12.352777571644999 39.094870331867 15.917999999999999 
 -0.91800000000000004 3 2.6896432842699999e-14 1 15 1 15.917999999999999 3
2 0 0 15 0 0 1 1 0 -0 -0 1 0 41
1 11.071953180928 39.476725456392003 0 0 0 1 
1 9.6120484580460008 37 0 1.110223024625e-16 1 0 
2 7.6120484580459999 72.980000000000004 0 0 -0 -1 1 -1.110223024625e-16 0 -1.110223024625e-16 -1 0 2
2 0 0 0 0 0 1 1 0 -0 -0 1 0 74.980000000000004
2 0 0 0 0 0 1 1 0 -0 -0 1 0 74.980000000000004
2 -7.6120484580449999 72.980000000000004 0 -0 0 1 1 -1.110223024625e-16 0 1.110223024625e-16 1 0 2
1 -9.6120484580460008 37 0 1.110223024625e-16 1 0 
2 -11.61204845804 41.402419381093999 0 0 0 1 0 -1 0 1 0 -0 2
2 0 0 0 0 0 1 1 0 -0 -0 1 0 41
2 11.612048458046001 41.402419381093999 0 -0 -0 -1 0 -1 0 -1 0 0 2
2 0 0 15 0 0 1 1 0 -0 -0 1 0 41
7 0 0  2 5 4  18.909515133875999 -36.378980708660002 -0.91800000000000004  18.909515133875999 -36.378980708660002 -0.45900000000000002  18.909515133875999 -36.378980708660002 7.5  18.909515133875999 -36.378980708660002 15.459  18.909515133875999 -36.378980708660002 15.917999999999999 
 -0.91800000000000004 3 2.6464941349500001e-14 1 15 1 15.917999999999999 3
1 20.085207094040999 -35.74331344446 0 0 0 1 
7 0 0  2 5 4  16.838560244229999 -36.241728558399998 -0.91800000000000004  16.838560244229999 -36.241728558399998 -0.45900000000000002  16.838560244229999 -36.241728558399998 7.5  16.838560244229999 -36.241728558399998 15.459  16.838560244229999 -36.241728558399998 15.917999999999999 
 -0.91800000000000004 3 2.6464941349500001e-14 1 15 1 15.917999999999999 3
7 0 0  5 18 5  18.909515133875999 -36.378980708660002 15  18.817381027879001 -36.426871310259997 15  18.720498022834999 -36.469635830930002 15  18.619356308574002 -36.506476053710003 15  18.514700506074998 -36.536666958870001 15  18.300131371260001 -36.582795276829998 15  18.190213361049 -36.598721988160001 15  18.078628363857 -36.607010046980001 15  17.966475428534 -36.607416948379999 15  17.743651549822999 -36.592649337239997 15  17.632975535608001 -36.577537056270003 15  17.523885440693 -36.55474901681 15  17.417426229221999 -36.524664709379998 15  17.210709183247001 -36.450838895540002 15  17.110501286049999 -36.406999480720003 15  17.01468398734 -36.356976932359999 15  16.923908603352 -36.301597874309998 15  16.838560244229999 -36.241728558399998 15 
 0 6 0.24990212891300001 4 0.49999999980600002 4 0.74909775361200004 4 1 6
7 0 0  2 5 4  13.720111891462 -37.533432159679997 -0.91800000000000004  13.720111891462 -37.533432159679997 -0.45900000000000002  13.720111891462 -37.533432159679997 7.5  13.720111891462 -37.533432159679997 15.459  13.720111891462 -37.533432159679997 15.917999999999999 
 -0.91800000000000004 3 2.624289674458e-14 1 15 1 15.917999999999999 3
2 15.690020726968999 -37.87906083296 15 0 0 1 0.38268343236511454 -0.92387953251127652 0 0.92387953251127652 0.38268343236511454 -0 2
2 0 0 15 0 0 1 1 0 -0 -0 1 0 41
1 -11.07195318092 39.476725456392003 0 0 0 1 
7 0 0  2 5 4  -12.35277757163 39.094870331869998 -0.91800000000000004  -12.35277757163 39.094870331869998 -0.45900000000000002  -12.35277757163 39.094870331869998 7.5  -12.35277757163 39.094870331869998 15.459  -12.35277757163 39.094870331869998 15.917999999999999 
 -0.91800000000000004 3 2.6243764106320001e-14 1 15 1 15.917999999999999 3
7 0 0  2 5 4  12.352777571643999 -39.094870331860001 -0.91800000000000004  12.352777571643999 -39.094870331860001 -0.45900000000000002  12.352777571643999 -39.094870331860001 7.5  12.352777571643999 -39.094870331860001 15.459  12.352777571643999 -39.094870331860001 15.917999999999999 
 -0.91800000000000004 3 2.624289674458e-14 1 15 1 15.917999999999999 3
7 0 0  5 18 5  13.720111891462 -37.533432159679997 15  13.702167302084 -37.635707254019998 15  13.677265922349999 -37.738639475310002 15  13.645071619129 -37.84135449475 15  13.605460989118001 -37.942820379369998 15  13.511724545051999 -38.141267385870002 15  13.457587389167999 -38.238245720850003 15  13.396370446679001 -38.331906755810003 15  13.328548898677999 -38.421230235899998 15  13.181430901004999 -38.589232789519997 15  13.102180797003999 -38.667953702719998 15  13.017797918675999 -38.740751184799997 15  12.929218598061 -38.807025864869999 15  12.744980865514 -38.926351661710001 15  12.649275033069999 -38.979303626639997 15  12.551326065505 -39.025011501549997 15  12.452186243008001 -39.063460246710001 15  12.352777571643999 -39.094870331860001 15 
 0 6 0.24990212891300001 4 0.49999999980600002 4 0.74909775361200004 4 1 6
7 0 0  5 18 5  -13.720111891449999 37.533432159687997 15  -13.70216730207 37.635707254023004 15  -13.67726592234 37.738639475321001 15  -13.645071619119999 37.841354494759997 15  -13.605460989099999 37.942820379379 15  -13.51172454504 38.141267385873 15  -13.45758738915 38.238245720853001 15  -13.39637044667 38.331906755813002 15  -13.328548898659999 38.421230235911999 15  -13.18143090099 38.589232789531998 15  -13.10218079699 38.667953702729001 15  -13.017797918659999 38.740751184803997 15  -12.929218598049999 38.807025864880998 15  -12.744980865500001 38.926351661722002 15  -12.64927503306 38.979303626647003 15  -12.551326065490001 39.025011501557998 15  -12.452186242990001 39.063460246719998 15  -12.35277757163 39.094870331869998 15 
 0 6 0.24990212891300001 4 0.49999999980600002 4 0.74909775361200004 4 1 6
7 0 0  2 5 4  -13.720111891449999 37.533432159687997 -0.91800000000000004  -13.720111891449999 37.533432159687997 -0.45900000000000002  -13.720111891449999 37.533432159687997 7.5  -13.720111891449999 37.533432159687997 15.459  -13.720111891449999 37.533432159687997 15.917999999999999 
 -0.91800000000000004 3 2.6243764106320001e-14 1 15 1 15.917999999999999 3
2 0 0 15 0 0 1 1 0 -0 -0 1 0 41
1 11.071953180927 -39.47672545639 0 0 0 1 
2 -15.69002072696 37.879060832962999 15 0 0 1 -0.38268343236511454 0.92387953251127652 0 -0.92387953251127652 -0.38268343236511454 0 2
7 0 0  2 5 4  -16.838560244220002 36.241728558411999 -0.91800000000000004  -16.838560244220002 36.241728558411999 -0.45900000000000002  -16.838560244220002 36.241728558411999 7.5  -16.838560244220002 36.241728558411999 15.459  -16.838560244220002 36.241728558411999 15.917999999999999 
 -0.91800000000000004 3 2.6297277005830001e-14 1 15 1 15.917999999999999 3
1 -9.6120484580460008 -37 0 -2.22044604925e-16 -1 0 
2 -7.6120484580459999 -72.980000000000004 0 0 0 -1 -1 2.22044604925e-16 0 2.22044604925e-16 1 0 2
2 0 0 0 0 0 1 1 0 -0 -0 1 0 74.980000000000004
2 0 0 0 0 0 1 1 0 -0 -0 1 0 74.980000000000004
2 7.6120484580449999 -72.980000000000004 0 0 0 1 -1 2.22044604925e-16 0 -2.22044604925e-16 -1 0 2
1 9.6120484580450007 -37 0 -2.22044604925e-16 -1 0 
2 11.612048458045001 -41.402419381089999 0 0 0 1 0 -1 0 1 0 -0 2
2 0 0 0 0 0 1 1 0 -0 -0 1 0 41
2 -11.61204845804 -41.402419381089999 0 -0 -0 -1 0 -1 0 -1 0 0 2
7 0 0  5 18 5  -18.909515133860001 36.378980708672998 15  -18.817381027869999 36.426871310271999 15  -18.720498022819999 36.469635830935999 15  -18.61935630856 36.506476053714998 15  -18.514700506059999 36.536666958881 15  -18.30013137125 36.582795276836997 15  -18.190213361040001 36.598721988171 15  -18.07862836384 36.607010046992997 15  -17.966475428519999 36.607416948385001 15  -17.74365154981 36.592649337253 15  -17.6329755356 36.577537056282999 15  -17.523885440680001 36.554749016814 15  -17.417426229210001 36.524664709390997 15  -17.210709183230001 36.450838895552998 15  -17.110501286040002 36.406999480724998 15  -17.014683987329999 36.356976932367999 15  -16.923908603339999 36.301597874315 15  -16.838560244220002 36.241728558411999 15 
 0 6 0.24990212891300001 4 0.49999999980600002 4 0.74909775361200004 4 1 6
7 0 0  2 5 4  -18.909515133860001 36.378980708672998 -0.91800000000000004  -18.909515133860001 36.378980708672998 -0.45900000000000002  -18.909515133860001 36.378980708672998 7.5  -18.909515133860001 36.378980708672998 15.459  -18.909515133860001 36.378980708672998 15.917999999999999 
 -0.91800000000000004 3 2.6297277005830001e-14 1 15 1 15.917999999999999 3
2 0 0 15 0 0 1 1 0 -0 -0 1 0 41
1 -20.08520709403 35.743313444469997 0 0 0 1 
1 -19.366206258119998 32.959695549679999 0 -0.70710678118654757 0.70710678118654757 0 
2 -46.22212180759 56.987183974399002 0 0 0 -1 0.70710678118654757 0.70710678118654757 0 0.70710678118654757 -0.70710678118654757 0 2
2 0 0 0 0 0 1 1 0 -0 -0 1 0 74.980000000000004
2 0 0 0 0 0 1 1 0 -0 -0 1 0 74.980000000000004
2 -56.98718397439 46.22212180759 0 0 -0 1 0.70710678118654757 0.70710678118654757 0 -0.70710678118654757 0.70710678118654757 0 2
1 -32.959695549679999 19.366206258125001 0 -0.70710678118654757 0.70710678118654757 0 
2 -37.486889710050001 21.06497329375 0 0 0 1 0 -1 0 1 0 -0 2
2 0 0 0 0 0 1 1 0 -0 -0 1 0 41
2 -21.06497329374 37.486889710052999 0 -0 -0 -1 0 -1 0 -1 0 0 2
2 0 0 15 0 0 1 1 0 -0 -0 1 0 41
7 0 0  2 5 4  -12.35277757163 -39.094870331869998 -0.91800000000000004  -12.35277757163 -39.094870331869998 -0.45900000000000002  -12.35277757163 -39.094870331869998 7.5  -12.35277757163 -39.094870331869998 15.459  -12.35277757163 -39.094870331869998 15.917999999999999 
 -0.91800000000000004 3 2.621644221157e-14 1 15 1 15.917999999999999 3
1 -11.07195318092 -39.47672545639 0 0 0 1 
7 0 0  2 5 4  -13.720111891449999 -37.533432159679997 -0.91800000000000004  -13.720111891449999 -37.533432159679997 -0.45900000000000002  -13.720111891449999 -37.533432159679997 7.5  -13.720111891449999 -37.533432159679997 15.459  -13.720111891449999 -37.533432159679997 15.917999999999999 
 -0.91800000000000004 3 2.621644221157e-14 1 15 1 15.917999999999999 3
7 0 0  5 18 5  -12.35277757163 -39.094870331869998 15  -12.4517899919 -39.063585449880001 15  -12.550535704310001 -39.025317902589997 15  -12.64810366767 -38.979849881920003 15  -12.74345468908 -38.927195248060002 15  -12.927795625770001 -38.808089604229998 15  -13.016781281749999 -38.741627719420002 15  -13.10154433254 -38.668585753819997 15  -13.18113615637 -38.589569375460002 15  -13.328254154050001 -38.421566821840003 15  -13.39582791786 -38.332621065319998 15  -13.4568526865 -38.239369142210002 15  -13.510857899059999 -38.142818294069997 15  -13.60482619047 -37.944444535480002 15  -13.64468472659 -37.842587704339998 15  -13.67706650511 -37.739463359509998 15  -13.70209548721 -37.636116562440002 15  -13.720111891449999 -37.533432159679997 15 
 0 6 0.24990212891300001 4 0.49999999980600002 4 0.74909775361200004 4 1 6
7 0 0  2 5 4  -16.838560244220002 -36.241728558399998 -0.91800000000000004  -16.838560244220002 -36.241728558399998 -0.45900000000000002  -16.838560244220002 -36.241728558399998 7.5  -16.838560244220002 -36.241728558399998 15.459  -16.838560244220002 -36.241728558399998 15.917999999999999 
 -0.91800000000000004 3 2.645453300865e-14 1 15 1 15.917999999999999 3
2 -15.69002072696 -37.87906083296 15 0 0 1 -0.38268343236511454 -0.92387953251127652 0 0.92387953251127652 -0.38268343236511454 0 2
2 0 0 15 0 0 1 1 0 -0 -0 1 0 41
1 -35.74331344446 20.085207094040999 0 0 0 1 
7 0 0  2 5 4  -36.378980708660002 18.909515133875999 -0.91800000000000004  -36.378980708660002 18.909515133875999 -0.45900000000000002  -36.378980708660002 18.909515133875999 7.5  -36.378980708660002 18.909515133875999 15.459  -36.378980708660002 18.909515133875999 15.917999999999999 
 -0.91800000000000004 3 2.6458436136470001e-14 1 15 1 15.917999999999999 3
7 0 0  2 5 4  -18.909515133869998 -36.378980708669999 -0.91800000000000004  -18.909515133869998 -36.378980708669999 -0.45900000000000002  -18.909515133869998 -36.378980708669999 7.5  -18.909515133869998 -36.378980708669999 15.459  -18.909515133869998 -36.378980708669999 15.917999999999999 
 -0.91800000000000004 3 2.645453300865e-14 1 15 1 15.917999999999999 3
7 0 0  5 18 5  -16.838560244220002 -36.241728558399998 15  -16.9235683978 -36.301359230320003 15  -17.013960403959999 -36.35653536753 15  -17.10935570086 -36.406401044189998 15  -17.209111861019998 -36.450139314170002 15  -17.41571676026 -36.524180862930002 15  -17.522571548590001 -36.554474151180003 15  -17.632086816699999 -36.577415588969998 15  -17.743205131700002 -36.592619750970002 15  -17.966029010410001 -36.607387362099999 15  -18.077731387899998 -36.607013167700003 15  -18.188874686609999 -36.598821055439998 15  -18.298373000600002 -36.583049292870001 15  -18.513024830749998 -36.537149622949997 15  -18.618141767339999 -36.5069180733 15  -18.719722494820001 -36.46997804243 15  -18.817012304030001 -36.427062970089999 15  -18.909515133869998 -36.378980708669999 15 
 0 6 0.24990212891300001 4 0.49999999980600002 4 0.74909775361200004 4 1 6
7 0 0  5 18 5  -36.241728558399998 16.838560244229999 15  -36.301359230320003 16.923568397815998 15  -36.35653536753 17.013960403969001 15  -36.406401044180001 17.109355700866999 15  -36.450139314170002 17.209111861027999 15  -36.524180862919998 17.415716760270001 15  -36.554474151180003 17.522571548601999 15  -36.577415588969998 17.632086816712 15  -36.592619750970002 17.743205131711001 15  -36.607387362099999 17.966029010422002 15  -36.607013167689999 18.077731387914 15  -36.598821055439998 18.188874686624001 15  -36.583049292859997 18.298373000607999 15  -36.537149622949997 18.513024830759001 15  -36.5069180733 18.618141767354 15  -36.46997804243 18.719722494833 15  -36.427062970089999 18.817012304037998 15  -36.378980708660002 18.909515133875999 15 
 0 6 0.24990212891300001 4 0.49999999980600002 4 0.74909775361200004 4 1 6
7 0 0  2 5 4  -36.241728558399998 16.838560244229999 -0.91800000000000004  -36.241728558399998 16.838560244229999 -0.45900000000000002  -36.241728558399998 16.838560244229999 7.5  -36.241728558399998 16.838560244229999 15.459  -36.241728558399998 16.838560244229999 15.917999999999999 
 -0.91800000000000004 3 2.6458436136470001e-14 1 15 1 15.917999999999999 3
2 0 0 15 0 0 1 1 0 -0 -0 1 0 41
1 -20.08520709403 -35.743313444469997 0 0 0 1 
2 -37.87906083296 15.690020726968999 15 0 0 1 -0.92387953251127652 0.38268343236511454 0 -0.38268343236511454 -0.92387953251127652 0 2
7 0 0  2 5 4  -37.533432159679997 13.720111891462 -0.91800000000000004  -37.533432159679997 13.720111891462 -0.45900000000000002  -37.533432159679997 13.720111891462 7.5  -37.533432159679997 13.720111891462 15.459  -37.533432159679997 13.720111891462 15.917999999999999 
 -0.91800000000000004 3 2.709571865826e-14 1 15 1 15.917999999999999 3
1 -32.959695549679999 -19.366206258119998 0 -0.70710678118654757 -0.70710678118654757 0 
2 -56.98718397439 -46.22212180759 0 0 0 -1 -0.70710678118654757 0.70710678118654757 0 0.70710678118654757 0.70710678118654757 0 2
2 0 0 0 0 0 1 1 0 -0 -0 1 0 74.980000000000004
2 0 0 0 0 0 1 1 0 -0 -0 1 0 74.980000000000004
2 -46.22212180759 -56.98718397439 0 0 0 1 -0.70710678118654757 0.70710678118654757 0 -0.70710678118654757 -0.70710678118654757 0 2
1 -19.366206258119998 -32.959695549679999 0 -0.70710678118654757 -0.70710678118654757 0 
2 -21.06497329374 -37.486889710050001 0 0 0 1 0 -1 0 1 0 -0 2
2 0 0 0 0 0 1 1 0 -0 -0 1 0 41
2 -37.486889710050001 -21.06497329374 0 -0 -0 -1 0 -1 0 -1 0 0 2
7 0 0  5 18 5  -39.094870331860001 12.352777571643999 15  -39.063585449880001 12.451789991918 15  -39.025317902589997 12.550535704322 15  -38.979849881920003 12.648103667685 15  -38.927195248049998 12.743454689095 15  -38.808089604229998 12.927795625788001 15  -38.741627719420002 13.016781281768999 15  -38.668585753819997 13.101544332557999 15  -38.589569375460002 13.181136156388 15  -38.421566821840003 13.328254154061 15  -38.332621065319998 13.395827917875 15  -38.239369142199997 13.456852686512001 15  -38.142818294069997 13.510857899076001 15  -37.944444535480002 13.604826190480001 15  -37.842587704330001 13.644684726608 15  -37.739463359509998 13.677066505126 15  -37.636116562440002 13.702095487224 15  -37.533432159679997 13.720111891462 15 
 0 6 0.24990212891300001 4 0.49999999980600002 4 0.74909775361200004 4 1 6
7 0 0  2 5 4  -39.094870331860001 12.352777571643999 -0.91800000000000004  -39.094870331860001 12.352777571643999 -0.45900000000000002  -39.094870331860001 12.352777571643999 7.5  -39.094870331860001 12.352777571643999 15.459  -39.094870331860001 12.352777571643999 15.917999999999999 
 -0.91800000000000004 3 2.709571865826e-14 1 15 1 15.917999999999999 3
2 0 0 15 0 0 1 1 0 -0 -0 1 0 41
1 -39.47672545639 11.071953180928 0 0 0 1 
1 -37 9.6120484580460008 0 -1 1.2246467991469999e-16 0 
2 -72.980000000000004 7.6120484580459999 0 0 0 -1 1.2246467991469999e-16 1 0 1 -1.2246467991469999e-16 0 2
2 0 0 0 0 0 1 1 0 -0 -0 1 0 74.980000000000004
2 0 0 0 0 0 1 1 0 -0 -0 1 0 74.980000000000004
2 -72.980000000000004 -7.6120484580449999 0 0 -0 1 1.2246467991469999e-16 1 0 -1 1.2246467991469999e-16 0 2
1 -37 -9.6120484580460008 0 -1 1.2246467991469999e-16 0 
2 -41.402419381089999 -11.61204845804 0 0 0 1 0 -1 0 1 0 -0 2
2 0 0 0 0 0 1 1 0 -0 -0 1 0 41
2 -41.402419381089999 11.612048458046001 0 -0 -0 -1 0 -1 0 -1 0 0 2
2 0 0 15 0 0 1 1 0 -0 -0 1 0 41
7 0 0  2 5 4  -36.378980708669999 -18.909515133869998 -0.91800000000000004  -36.378980708669999 -18.909515133869998 -0.45900000000000002  -36.378980708669999 -18.909515133869998 7.5  -36.378980708669999 -18.909515133869998 15.459  -36.378980708669999 -18.909515133869998 15.917999999999999 
 -0.91800000000000004 3 2.6458436136470001e-14 1 15 1 15.917999999999999 3
1 -35.743313444469997 -20.08520709403 0 0 0 1 
7 0 0  2 5 4  -36.241728558399998 -16.838560244220002 -0.91800000000000004  -36.241728558399998 -16.838560244220002 -0.45900000000000002  -36.241728558399998 -16.838560244220002 7.5  -36.241728558399998 -16.838560244220002 15.459  -36.241728558399998 -16.838560244220002 15.917999999999999 
 -0.91800000000000004 3 2.6458436136470001e-14 1 15 1 15.917999999999999 3
7 0 0  5 18 5  -36.378980708669999 -18.909515133869998 15  -36.426871310270002 -18.817381027869999 15  -36.469635830930002 -18.72049802283 15  -36.506476053710003 -18.61935630856 15  -36.536666958879998 -18.514700506059999 15  -36.582795276829998 -18.30013137125 15  -36.598721988169999 -18.190213361040001 15  -36.607010046989998 -18.078628363850001 15  -36.607416948379999 -17.966475428519999 15  -36.592649337250002 -17.74365154981 15  -36.577537056280001 -17.6329755356 15  -36.55474901681 -17.523885440680001 15  -36.524664709390002 -17.417426229210001 15  -36.45083889555 -17.210709183239999 15  -36.406999480720003 -17.110501286040002 15  -36.356976932359999 -17.014683987329999 15  -36.301597874309998 -16.923908603339999 15  -36.241728558399998 -16.838560244220002 15 
 0 6 0.24990212891300001 4 0.49999999980600002 4 0.74909775361200004 4 1 6
7 0 0  2 5 4  -37.533432159679997 -13.720111891449999 -0.91800000000000004  -37.533432159679997 -13.720111891449999 -0.45900000000000002  -37.533432159679997 -13.720111891449999 7.5  -37.533432159679997 -13.720111891449999 15.459  -37.533432159679997 -13.720111891449999 15.917999999999999 
 -0.91800000000000004 3 2.621644221157e-14 1 15 1 15.917999999999999 3
2 -37.87906083296 -15.69002072696 15 0 0 1 -0.92387953251127652 -0.38268343236511454 0 0.38268343236511454 -0.92387953251127652 0 2
2 0 0 15 0 0 1 1 0 -0 -0 1 0 41
1 -39.47672545639 -11.07195318092 0 0 0 1 
7 0 0  2 5 4  -39.094870331869998 -12.35277757163 -0.91800000000000004  -39.094870331869998 -12.35277757163 -0.45900000000000002  -39.094870331869998 -12.35277757163 7.5  -39.094870331869998 -12.35277757163 15.459  -39.094870331869998 -12.35277757163 15.917999999999999 
 -0.91800000000000004 3 2.621644221157e-14 1 15 1 15.917999999999999 3
7 0 0  5 18 5  -37.533432159679997 -13.720111891449999 15  -37.635707254019998 -13.70216730207 15  -37.738639475319999 -13.67726592234 15  -37.84135449475 -13.645071619119999 15  -37.942820379369998 -13.605460989099999 15  -38.141267385870002 -13.51172454504 15  -38.238245720850003 -13.45758738915 15  -38.331906755810003 -13.39637044667 15  -38.421230235910002 -13.328548898659999 15  -38.589232789530001 -13.18143090099 15  -38.667953702719998 -13.10218079699 15  -38.740751184799997 -13.017797918659999 15  -38.807025864880003 -12.929218598049999 15  -38.926351661719998 -12.744980865500001 15  -38.979303626639997 -12.64927503306 15  -39.025011501549997 -12.551326065490001 15  -39.063460246719998 -12.452186242990001 15  -39.094870331869998 -12.35277757163 15 
 0 6 0.24990212891300001 4 0.49999999980600002 4 0.74909775361200004 4 1 6
2 0 0 15 0 0 1 1 0 -0 -0 1 0 20
1 20 -4.8985871965889997e-15 0 0 0 1 
2 0 0 15 0 0 1 1 0 -0 -0 1 0 41
1 32.959695549679999 19.366206258125001 15 0.70710678118654757 0.70710678118654757 0 
2 32.959695549679999 22.194633382871 15 -0 0 1 0.70710678118654757 -0.70710678118654757 0 0.70710678118654757 0.70710678118654757 0 2
1 32.959695549679999 19.366206258125001 15 -0.70710678118654757 0.70710678118654757 0 
2 22.194633382871 32.959695549679999 15 0 -0 -1 0.70710678118654757 -0.70710678118654757 0 -0.70710678118654757 -0.70710678118654757 0 2
1 19.366206258125001 32.959695549679999 15 0.70710678118654757 0.70710678118654757 0 
2 0 0 15 0 0 1 1 0 -0 -0 1 0 41
2 0 0 15 0 0 1 1 0 -0 -0 1 0 41
1 9.6120484580460008 37 15 1.110223024625e-16 1 0 
2 7.6120484580459999 39 15 -0 0 1 1 -1.110223024625e-16 0 1.110223024625e-16 1 0 2
1 9.6120484580460008 37 15 -1 1.110223024625e-16 0 
2 -7.6120484580459999 39 15 0 -0 -1 1 -1.110223024625e-16 0 -1.110223024625e-16 -1 0 2
1 -9.6120484580460008 37 15 1.110223024625e-16 1 0 
2 0 0 15 0 0 1 1 0 -0 -0 1 0 41
2 0 0 15 0 0 1 1 0 -0 -0 1 0 41
1 -19.366206258119998 32.959695549679999 15 -0.70710678118654757 0.70710678118654757 0 
2 -22.194633382869998 32.959695549679999 15 0 -0 1 0.70710678118654757 0.70710678118654757 0 -0.70710678118654757 0.70710678118654757 0 2
1 -19.366206258119998 32.959695549679999 15 -0.70710678118654757 -0.70710678118654757 0 
2 -32.959695549679999 22.194633382871 15 0 0 -1 0.70710678118654757 0.70710678118654757 0 0.70710678118654757 -0.70710678118654757 0 2
1 -32.959695549679999 19.366206258125001 15 -0.70710678118654757 0.70710678118654757 0 
2 0 0 15 0 0 1 1 0 -0 -0 1 0 41
2 0 0 15 0 0 1 1 0 -0 -0 1 0 41
1 -37 9.6120484580460008 15 -1 1.2246467991469999e-16 0 
2 -39 7.6120484580459999 15 0 -0 1 1.2246467991469999e-16 1 0 -1 1.2246467991469999e-16 0 2
1 -37 9.6120484580460008 15 -1.2246467991469999e-16 -1 0 
2 -39 -7.6120484580459999 15 0 0 -1 1.2246467991469999e-16 1 0 1 -1.2246467991469999e-16 0 2
1 -37 -9.6120484580460008 15 -1 1.2246467991469999e-16 0 
2 0 0 15 0 0 1 1 0 -0 -0 1 0 41
2 0 0 15 0 0 1 1 0 -0 -0 1 0 41
1 -32.959695549679999 -19.366206258119998 15 -0.70710678118654757 -0.70710678118654757 0 
2 -32.959695549679999 -22.194633382869998 15 0 0 1 -0.70710678118654757 0.70710678118654757 0 -0.70710678118654757 -0.70710678118654757 0 2
1 -32.959695549679999 -19.366206258119998 15 0.70710678118654757 -0.70710678118654757 0 
2 -22.194633382869998 -32.959695549679999 15 0 0 -1 -0.70710678118654757 0.70710678118654757 0 0.70710678118654757 0.70710678118654757 0 2
1 -19.366206258119998 -32.959695549679999 15 -0.70710678118654757 -0.70710678118654757 0 
2 0 0 15 0 0 1 1 0 -0 -0 1 0 41
2 0 0 15 0 0 1 1 0 -0 -0 1 0 41
1 -9.6120484580460008 -37 15 -2.22044604925e-16 -1 0 
2 -7.6120484580459999 -39 15 0 0 1 -1 2.22044604925e-16 0 -2.22044604925e-16 -1 0 2
1 -9.6120484580460008 -37 15 1 -2.22044604925e-16 0 
2 7.6120484580449999 -39 15 0 0 -1 -1 2.22044604925e-16 0 2.22044604925e-16 1 0 2
1 9.6120484580450007 -37 15 -2.22044604925e-16 -1 0 
2 0 0 15 0 0 1 1 0 -0 -0 1 0 41
2 0 0 15 0 0 1 1 0 -0 -0 1 0 41
1 19.366206258125001 -32.959695549679999 15 0.70710678118654757 -0.70710678118654757 0 
2 22.194633382871 -32.959695549679999 15 0 0 1 -0.70710678118654757 -0.70710678118654757 0 0.70710678118654757 -0.70710678118654757 0 2
1 19.366206258125001 -32.959695549679999 15 0.70710678118654757 0.70710678118654757 0 
2 32.959695549679999 -22.194633382869998 15 -0 0 -1 -0.70710678118654757 -0.70710678118654757 0 -0.70710678118654757 0.70710678118654757 0 2
1 32.959695549679999 -19.366206258119998 15 0.70710678118654757 -0.70710678118654757 0 
2 0 0 15 0 0 1 1 0 -0 -0 1 0 41
1 37 -9.6120484580460008 15 1 0 0 
2 39 -7.6120484580459999 15 -0 0 1 0 -1 0 1 0 0 2
1 37 -9.6120484580460008 15 0 1 0 
2 39 7.6120484580459999 15 -0 -0 -1 0 -1 0 -1 0 0 2
1 37 9.6120484580460008 15 1 0 0 
2 37.486889710051997 21.06497329375 15 -0 -0 -1 0 -1 0 -1 0 0 2
1 36.072676147678997 22.479186856123999 0 0 0 1 
1 32.959695549679999 19.366206258125001 15 0.70710678118654757 0.70710678118654757 0 
1 58.401397536772002 44.807908245217 0 0 0 1 
2 56.987183974399002 46.22212180759 15 0 -0 -1 0.70710678118654757 -0.70710678118654757 0 -0.70710678118654757 -0.70710678118654757 0 2
1 58.986075672730998 46.288694912806001 0 0 0 1 
1 53.018866453367004 53.018866453367004 -0.20000000000000001 0 0 1 
2 0 0 15 0 0 1 1 0 -0 -0 1 0 74.980000000000004
1 46.288694912806001 58.986075672730998 0 0 0 1 
2 0 0 15 0 0 1 1 0 -0 -0 1 0 74.980000000000004
1 44.807908245217 58.401397536772002 0 0 0 1 
2 46.22212180759 56.987183974399002 15 -0 0 1 0.70710678118654757 -0.70710678118654757 0 0.70710678118654757 0.70710678118654757 0 2
1 22.479186856123999 36.072676147678997 0 0 0 1 
2 21.06497329375 37.486889710051997 15 0 0 1 0 -1 0 1 0 -0 2
1 19.366206258125001 32.959695549679999 15 0.70710678118654757 0.70710678118654757 0 
1 36.072676147679999 -22.479186856119998 0 0 0 1 
2 37.486889710052999 -21.06497329374 15 0 0 1 0 -1 0 1 0 -0 2
1 22.479186856123999 -36.072676147670002 0 0 0 1 
1 19.366206258125001 -32.959695549679999 15 0.70710678118654757 -0.70710678118654757 0 
1 44.807908245217 -58.401397536769998 0 0 0 1 
2 21.06497329375 -37.486889710050001 15 -0 -0 -1 0 -1 0 -1 0 0 2
2 46.22212180759 -56.98718397439 15 -0 0 -1 -0.70710678118654757 -0.70710678118654757 0 -0.70710678118654757 0.70710678118654757 0 2
1 46.288694912806001 -58.986075672730003 0 0 0 1 
1 53.018866453367004 -53.018866453359998 -0.20000000000000001 0 0 1 
2 0 0 15 0 0 1 1 0 -0 -0 1 0 74.980000000000004
1 58.986075672730998 -46.288694912799997 0 0 0 1 
2 0 0 15 0 0 1 1 0 -0 -0 1 0 74.980000000000004
1 58.401397536772002 -44.807908245210001 0 0 0 1 
2 56.987183974399002 -46.22212180759 15 0 0 1 -0.70710678118654757 -0.70710678118654757 0 0.70710678118654757 -0.70710678118654757 0 2
1 32.959695549679999 -19.366206258119998 15 0.70710678118654757 -0.70710678118654757 0 
2 11.612048458046001 41.402419381093999 15 -0 -0 -1 0 -1 0 -1 0 0 2
1 9.6120484580460008 41.402419381093999 0 0 0 1 
1 9.6120484580460008 37 15 1.110223024625e-16 1 0 
1 9.6120484580460008 72.980000000000004 0 0 0 1 
2 7.6120484580459999 72.980000000000004 15 0 -0 -1 1 -1.110223024625e-16 0 -1.110223024625e-16 -1 0 2
1 8.978404038651 74.440504168890996 0 0 0 1 
1 8.3244522386389998e-15 74.980000000000004 -0.20000000000000001 0 0 1 
2 0 0 15 0 0 1 1 0 -0 -0 1 0 74.980000000000004
1 -8.978404038651 74.440504168890996 0 0 0 1 
2 0 0 15 0 0 1 1 0 -0 -0 1 0 74.980000000000004
1 -9.6120484580450007 72.980000000000004 0 0 0 1 
2 -7.6120484580449999 72.980000000000004 15 -0 0 1 1 -1.110223024625e-16 0 1.110223024625e-16 1 0 2
1 -9.6120484580460008 41.402419381093999 0 0 0 1 
2 -11.61204845804 41.402419381093999 15 0 0 1 0 -1 0 1 0 -0 2
1 -9.6120484580460008 37 15 1.110223024625e-16 1 0 
1 9.6120484580450007 -41.402419381089999 0 0 0 1 
2 11.612048458045001 -41.402419381089999 15 0 0 1 0 -1 0 1 0 -0 2
1 -9.6120484580460008 -41.402419381089999 0 0 0 1 
1 -9.6120484580460008 -37 15 -2.22044604925e-16 -1 0 
1 -9.6120484580460008 -72.980000000000004 0 0 0 1 
2 -11.61204845804 -41.402419381089999 15 -0 -0 -1 0 -1 0 -1 0 0 2
2 -7.6120484580459999 -72.980000000000004 15 0 0 -1 -1 2.22044604925e-16 0 2.22044604925e-16 1 0 2
1 -8.978404038651 -74.440504168890001 0 0 0 1 
1 -1.664890447728e-14 -74.980000000000004 -0.20000000000000001 0 0 1 
2 0 0 15 0 0 1 1 0 -0 -0 1 0 74.980000000000004
1 8.978404038651 -74.440504168890001 0 0 0 1 
2 0 0 15 0 0 1 1 0 -0 -0 1 0 74.980000000000004
1 9.6120484580450007 -72.980000000000004 0 0 0 1 
2 7.6120484580449999 -72.980000000000004 15 0 0 1 -1 2.22044604925e-16 0 -2.22044604925e-16 -1 0 2
1 9.6120484580450007 -37 15 -2.22044604925e-16 -1 0 
2 -21.06497329374 37.486889710052999 15 -0 -0 -1 0 -1 0 -1 0 0 2
1 -22.479186856119998 36.072676147679999 0 0 0 1 
1 -19.366206258119998 32.959695549679999 15 -0.70710678118654757 0.70710678118654757 0 
1 -44.807908245210001 58.401397536772002 0 0 0 1 
2 -46.22212180759 56.987183974399002 15 0 0 -1 0.70710678118654757 0.70710678118654757 0 0.70710678118654757 -0.70710678118654757 0 2
1 -46.288694912799997 58.986075672730998 0 0 0 1 
1 -53.018866453359998 53.018866453367004 -0.20000000000000001 0 0 1 
2 0 0 15 0 0 1 1 0 -0 -0 1 0 74.980000000000004
1 -58.986075672730003 46.288694912806001 0 0 0 1 
2 0 0 15 0 0 1 1 0 -0 -0 1 0 74.980000000000004
1 -58.401397536769998 44.807908245217 0 0 0 1 
2 -56.98718397439 46.22212180759 15 0 -0 1 0.70710678118654757 0.70710678118654757 0 -0.70710678118654757 0.70710678118654757 0 2
1 -36.072676147670002 22.479186856123999 0 0 0 1 
2 -37.486889710050001 21.06497329375 15 0 0 1 0 -1 0 1 0 -0 2
1 -32.959695549679999 19.366206258125001 15 -0.70710678118654757 0.70710678118654757 0 
1 -22.479186856119998 -36.072676147679999 0 0 0 1 
2 -21.06497329374 -37.486889710050001 15 0 0 1 0 -1 0 1 0 -0 2
1 -36.072676147679999 -22.479186856119998 0 0 0 1 
1 -32.959695549679999 -19.366206258119998 15 -0.70710678118654757 -0.70710678118654757 0 
1 -58.401397536769998 -44.807908245210001 0 0 0 1 
2 -37.486889710050001 -21.06497329374 15 -0 -0 -1 0 -1 0 -1 0 0 2
2 -56.98718397439 -46.22212180759 15 0 0 -1 -0.70710678118654757 0.70710678118654757 0 0.70710678118654757 0.70710678118654757 0 2
1 -58.986075672730003 -46.288694912799997 0 0 0 1 
1 -53.018866453359998 -53.018866453359998 -0.20000000000000001 0 0 1 
2 0 0 15 0 0 1 1 0 -0 -0 1 0 74.980000000000004
1 -46.288694912799997 -58.986075672730003 0 0 0 1 
2 0 0 15 0 0 1 1 0 -0 -0 1 0 74.980000000000004
1 -44.807908245210001 -58.401397536769998 0 0 0 1 
2 -46.22212180759 -56.98718397439 15 0 0 1 -0.70710678118654757 0.70710678118654757 0 -0.70710678118654757 -0.70710678118654757 0 2
1 -19.366206258119998 -32.959695549679999 15 -0.70710678118654757 -0.70710678118654757 0 
2 -41.402419381089999 11.612048458046001 15 -0 -0 -1 0 -1 0 -1 0 0 2
1 -41.402419381089999 9.6120484580460008 0 0 0 1 
1 -37 9.6120484580460008 15 -1 1.2246467991469999e-16 0 
1 -72.980000000000004 9.6120484580460008 0 0 0 1 
2 -72.980000000000004 7.6120484580459999 15 0 0 -1 1.2246467991469999e-16 1 0 1 -1.2246467991469999e-16 0 2
1 -74.440504168890001 8.978404038651 0 0 0 1 
1 -74.980000000000004 9.1824017000070003e-15 -0.20000000000000001 0 0 1 
2 0 0 15 0 0 1 1 0 -0 -0 1 0 74.980000000000004
1 -74.440504168890001 -8.978404038651 0 0 0 1 
2 0 0 15 0 0 1 1 0 -0 -0 1 0 74.980000000000004
1 -72.980000000000004 -9.6120484580450007 0 0 0 1 
2 -72.980000000000004 -7.6120484580449999 15 0 -0 1 1.2246467991469999e-16 1 0 -1 1.2246467991469999e-16 0 2
1 -41.402419381089999 -9.6120484580460008 0 0 0 1 
2 -41.402419381089999 -11.61204845804 15 0 0 1 0 -1 0 1 0 -0 2
1 -37 -9.6120484580460008 15 -1 1.2246467991469999e-16 0 
2 0 0 15 0 0 1 1 0 -0 -0 1 0 41
2 0 0 15 0 0 1 1 0 -0 -0 1 0 41
2 0 0 15 0 0 1 1 0 -0 -0 1 0 41
2 0 0 15 0 0 1 1 0 -0 -0 1 0 41
2 0 0 15 0 0 1 1 0 -0 -0 1 0 41
2 0 0 15 0 0 1 1 0 -0 -0 1 0 41
2 0 0 15 0 0 1 1 0 -0 -0 1 0 41
Polygon3D 0
PolygonOnTriangulations 0
Surfaces 139
1 37 -9.6120484580460008 0 0 0 1 1 0 -0 -0 1 0 
1 37 -9.6120484580460008 0 0 1 0 0 -0 1 1 0 -0 
2 72.980000000000004 -7.6120484580459999 0 0 0 1 1 0 -0 -0 1 0 2
2 0 0 -0.20000000000000001 0 0 1 1 0 -0 -0 1 0 74.980000000000004
2 0 0 -0.20000000000000001 0 0 1 1 0 -0 -0 1 0 74.980000000000004
2 72.980000000000004 7.6120484580459999 0 0 0 1 1 0 -0 -0 1 0 2
1 37 9.6120484580460008 0 0 1 0 0 -0 1 1 0 -0 
1 0 0 0 0 0 1 1 0 -0 -0 1 0 
1 0 0 0 0 0 1 1 0 -0 -0 1 0 
2 41.402419381093999 -11.61204845804 0 0 0 1 0 1 0 -1 0 0 2
1 37 -9.6120484580460008 15 0 0 1 1 0 -0 -0 1 0 
2 0 0 0 0 0 1 1 0 -0 -0 1 0 41
9 0 1 0 0 2 2 3 5 2 4 37.533432159686001 13.720111891462 -0.91800000000000004  1 37.533432159686001 13.720111891462 -0.45900000000000002  1 37.533432159686001 13.720111891462 7.5  1 37.533432159686001 13.720111891462 15.459  1 37.533432159686001 13.720111891462 15.917999999999999  1 
38.729121472911999 13.510323243616 -0.91800000000000004  0.85485041426499997 38.729121472911999 13.510323243616 -0.45900000000000002  0.85485041426499997 38.729121472911999 13.510323243616 7.5  0.85485041426499997 38.729121472911999 13.510323243616 15.459  0.85485041426499997 38.729121472911999 13.510323243616 15.917999999999999  0.85485041426499997 
39.094870331867 12.352777571644999 -0.91800000000000004  1 39.094870331867 12.352777571644999 -0.45900000000000002  1 39.094870331867 12.352777571644999 7.5  1 39.094870331867 12.352777571644999 15.459  1 39.094870331867 12.352777571644999 15.917999999999999  1 

0 3
15 3

-0.91800000000000004 3
2.630404574711e-14 1
15 1
15.917999999999999 3

2 37.879060832962999 15.690020726968999 -0.20000000000000001 0 0 1 0.92387953251127652 0.38268343236511454 -0 -0.38268343236511454 0.92387953251127652 0 2
9 0 1 0 0 2 2 3 5 2 4 36.378980708671001 18.909515133873001 -0.91800000000000004  1 36.378980708671001 18.909515133873001 -0.45900000000000002  1 36.378980708671001 18.909515133873001 7.5  1 36.378980708671001 18.909515133873001 15.459  1 36.378980708671001 18.909515133873001 15.917999999999999  1 
36.938865604476 17.832383241311 -0.91800000000000004  0.85485041426499997 36.938865604476 17.832383241311 -0.45900000000000002  0.85485041426499997 36.938865604476 17.832383241311 7.5  0.85485041426499997 36.938865604476 17.832383241311 15.459  0.85485041426499997 36.938865604476 17.832383241311 15.917999999999999  0.85485041426499997 
36.241728558410003 16.838560244229001 -0.91800000000000004  1 36.241728558410003 16.838560244229001 -0.45900000000000002  1 36.241728558410003 16.838560244229001 7.5  1 36.241728558410003 16.838560244229001 15.459  1 36.241728558410003 16.838560244229001 15.917999999999999  1 

0 3
15 3

-0.91800000000000004 3
2.6572927885879999e-14 1
15 1
15.917999999999999 3

2 0 0 0 0 0 1 1 0 -0 -0 1 0 41
1 32.959695549679999 19.366206258125001 0 0 0 1 0.70710678118654757 0.70710678118654757 -0 -0.70710678118654757 0.70710678118654757 0 
1 0 0 0 0 0 1 1 0 -0 -0 1 0 
2 0 0 0 0 0 1 1 0 -0 -0 1 0 41
9 0 1 0 0 2 2 3 5 2 4 16.838560244229001 36.241728558410003 -0.91800000000000004  1 16.838560244229001 36.241728558410003 -0.45900000000000002  1 16.838560244229001 36.241728558410003 7.5  1 16.838560244229001 36.241728558410003 15.459  1 16.838560244229001 36.241728558410003 15.917999999999999  1 
17.832383241311 36.938865604476 -0.91800000000000004  0.85485041426499997 17.832383241311 36.938865604476 -0.45900000000000002  0.85485041426499997 17.832383241311 36.938865604476 7.5  0.85485041426499997 17.832383241311 36.938865604476 15.459  0.85485041426499997 17.832383241311 36.938865604476 15.917999999999999  0.85485041426499997 
18.909515133873001 36.378980708671001 -0.91800000000000004  1 18.909515133873001 36.378980708671001 -0.45900000000000002  1 18.909515133873001 36.378980708671001 7.5  1 18.909515133873001 36.378980708671001 15.459  1 18.909515133873001 36.378980708671001 15.917999999999999  1 

0 3
15 3

-0.91800000000000004 3
2.6399455538279999e-14 1
15 1
15.917999999999999 3

2 15.690020726968999 37.879060832962999 -0.20000000000000001 0 0 1 0.38268343236511454 0.92387953251127652 -0 -0.92387953251127652 0.38268343236511454 0 2
9 0 1 0 0 2 2 3 5 2 4 12.352777571644999 39.094870331867 -0.91800000000000004  1 12.352777571644999 39.094870331867 -0.45900000000000002  1 12.352777571644999 39.094870331867 7.5  1 12.352777571644999 39.094870331867 15.459  1 12.352777571644999 39.094870331867 15.917999999999999  1 
13.510323243616 38.729121472911999 -0.91800000000000004  0.85485041426499997 13.510323243616 38.729121472911999 -0.45900000000000002  0.85485041426499997 13.510323243616 38.729121472911999 7.5  0.85485041426499997 13.510323243616 38.729121472911999 15.459  0.85485041426499997 13.510323243616 38.729121472911999 15.917999999999999  0.85485041426499997 
13.720111891462 37.533432159686001 -0.91800000000000004  1 13.720111891462 37.533432159686001 -0.45900000000000002  1 13.720111891462 37.533432159686001 7.5  1 13.720111891462 37.533432159686001 15.459  1 13.720111891462 37.533432159686001 15.917999999999999  1 

0 3
15 3

-0.91800000000000004 3
2.6896432842699999e-14 1
15 1
15.917999999999999 3

2 0 0 0 0 0 1 1 0 -0 -0 1 0 41
1 9.6120484580460008 37 0 0 0 1 1.110223024625e-16 1 -0 -1 1.110223024625e-16 0 
1 0 0 0 0 0 1 1 0 -0 -0 1 0 
2 0 0 0 0 0 1 1 0 -0 -0 1 0 41
9 0 1 0 0 2 2 3 5 2 4 -13.720111891449999 37.533432159687997 -0.91800000000000004  1 -13.720111891449999 37.533432159687997 -0.45900000000000002  1 -13.720111891449999 37.533432159687997 7.5  1 -13.720111891449999 37.533432159687997 15.459  1 -13.720111891449999 37.533432159687997 15.917999999999999  1 
-13.5103232436 38.729121472914997 -0.91800000000000004  0.85485041426499997 -13.5103232436 38.729121472914997 -0.45900000000000002  0.85485041426499997 -13.5103232436 38.729121472914997 7.5  0.85485041426499997 -13.5103232436 38.729121472914997 15.459  0.85485041426499997 -13.5103232436 38.729121472914997 15.917999999999999  0.85485041426499997 
-12.35277757163 39.094870331869998 -0.91800000000000004  1 -12.35277757163 39.094870331869998 -0.45900000000000002  1 -12.35277757163 39.094870331869998 7.5  1 -12.35277757163 39.094870331869998 15.459  1 -12.35277757163 39.094870331869998 15.917999999999999  1 

0 3
15 3

-0.91800000000000004 3
2.6243764106320001e-14 1
15 1
15.917999999999999 3

2 -15.69002072696 37.879060832962999 -0.20000000000000001 0 0 1 -0.38268343236511454 0.92387953251127652 0 -0.92387953251127652 -0.38268343236511454 0 2
9 0 1 0 0 2 2 3 5 2 4 -18.909515133860001 36.378980708672998 -0.91800000000000004  1 -18.909515133860001 36.378980708672998 -0.45900000000000002  1 -18.909515133860001 36.378980708672998 7.5  1 -18.909515133860001 36.378980708672998 15.459  1 -18.909515133860001 36.378980708672998 15.917999999999999  1 
-17.832383241300001 36.938865604478998 -0.91800000000000004  0.85485041426499997 -17.832383241300001 36.938865604478998 -0.45900000000000002  0.85485041426499997 -17.832383241300001 36.938865604478998 7.5  0.85485041426499997 -17.832383241300001 36.938865604478998 15.459  0.85485041426499997 -17.832383241300001 36.938865604478998 15.917999999999999  0.85485041426499997 
-16.838560244220002 36.241728558411999 -0.91800000000000004  1 -16.838560244220002 36.241728558411999 -0.45900000000000002  1 -16.838560244220002 36.241728558411999 7.5  1 -16.838560244220002 36.241728558411999 15.459  1 -16.838560244220002 36.241728558411999 15.917999999999999  1 

0 3
15 3

-0.91800000000000004 3
2.6297277005830001e-14 1
15 1
15.917999999999999 3

2 0 0 0 0 0 1 1 0 -0 -0 1 0 41
1 -19.366206258119998 32.959695549679999 0 0 0 1 -0.70710678118654757 0.70710678118654757 0 -0.70710678118654757 -0.70710678118654757 0 
1 0 0 0 0 0 1 1 0 -0 -0 1 0 
2 0 0 0 0 0 1 1 0 -0 -0 1 0 41
9 0 1 0 0 2 2 3 5 2 4 -36.241728558399998 16.838560244229999 -0.91800000000000004  1 -36.241728558399998 16.838560244229999 -0.45900000000000002  1 -36.241728558399998 16.838560244229999 7.5  1 -36.241728558399998 16.838560244229999 15.459  1 -36.241728558399998 16.838560244229999 15.917999999999999  1 
-36.938865604470003 17.832383241312002 -0.91800000000000004  0.85485041426499997 -36.938865604470003 17.832383241312002 -0.45900000000000002  0.85485041426499997 -36.938865604470003 17.832383241312002 7.5  0.85485041426499997 -36.938865604470003 17.832383241312002 15.459  0.85485041426499997 -36.938865604470003 17.832383241312002 15.917999999999999  0.85485041426499997 
-36.378980708660002 18.909515133875999 -0.91800000000000004  1 -36.378980708660002 18.909515133875999 -0.45900000000000002  1 -36.378980708660002 18.909515133875999 7.5  1 -36.378980708660002 18.909515133875999 15.459  1 -36.378980708660002 18.909515133875999 15.917999999999999  1 

0 3
15 3

-0.91800000000000004 3
2.6458436136470001e-14 1
15 1
15.917999999999999 3

2 -37.87906083296 15.690020726968999 -0.20000000000000001 0 0 1 -0.92387953251127652 0.38268343236511454 0 -0.38268343236511454 -0.92387953251127652 0 2
9 0 1 0 0 2 2 3 5 2 4 -39.094870331860001 12.352777571643999 -0.91800000000000004  1 -39.094870331860001 12.352777571643999 -0.45900000000000002  1 -39.094870331860001 12.352777571643999 7.5  1 -39.094870331860001 12.352777571643999 15.459  1 -39.094870331860001 12.352777571643999 15.917999999999999  1 
-38.729121472910002 13.510323243616 -0.91800000000000004  0.85485041426499997 -38.729121472910002 13.510323243616 -0.45900000000000002  0.85485041426499997 -38.729121472910002 13.510323243616 7.5  0.85485041426499997 -38.729121472910002 13.510323243616 15.459  0.85485041426499997 -38.729121472910002 13.510323243616 15.917999999999999  0.85485041426499997 
-37.533432159679997 13.720111891462 -0.91800000000000004  1 -37.533432159679997 13.720111891462 -0.45900000000000002  1 -37.533432159679997 13.720111891462 7.5  1 -37.533432159679997 13.720111891462 15.459  1 -37.533432159679997 13.720111891462 15.917999999999999  1 

0 3
15 3

-0.91800000000000004 3
2.709571865826e-14 1
15 1
15.917999999999999 3

2 0 0 0 0 0 1 1 0 -0 -0 1 0 41
1 -37 9.6120484580460008 0 0 0 1 -1 1.2246467991469999e-16 0 -1.2246467991469999e-16 -1 0 
1 0 0 0 0 0 1 1 0 -0 -0 1 0 
2 0 0 0 0 0 1 1 0 -0 -0 1 0 41
9 0 1 0 0 2 2 3 5 2 4 -37.533432159679997 -13.720111891449999 -0.91800000000000004  1 -37.533432159679997 -13.720111891449999 -0.45900000000000002  1 -37.533432159679997 -13.720111891449999 7.5  1 -37.533432159679997 -13.720111891449999 15.459  1 -37.533432159679997 -13.720111891449999 15.917999999999999  1 
-38.729121472910002 -13.5103232436 -0.91800000000000004  0.85485041426499997 -38.729121472910002 -13.5103232436 -0.45900000000000002  0.85485041426499997 -38.729121472910002 -13.5103232436 7.5  0.85485041426499997 -38.729121472910002 -13.5103232436 15.459  0.85485041426499997 -38.729121472910002 -13.5103232436 15.917999999999999  0.85485041426499997 
-39.094870331869998 -12.35277757163 -0.91800000000000004  1 -39.094870331869998 -12.35277757163 -0.45900000000000002  1 -39.094870331869998 -12.35277757163 7.5  1 -39.094870331869998 -12.35277757163 15.459  1 -39.094870331869998 -12.35277757163 15.917999999999999  1 

0 3
15 3

-0.91800000000000004 3
2.621644221157e-14 1
15 1
15.917999999999999 3

2 -37.87906083296 -15.69002072696 -0.20000000000000001 0 0 1 -0.92387953251127652 -0.38268343236511454 0 0.38268343236511454 -0.92387953251127652 0 2
9 0 1 0 0 2 2 3 5 2 4 -36.378980708669999 -18.909515133869998 -0.91800000000000004  1 -36.378980708669999 -18.909515133869998 -0.45900000000000002  1 -36.378980708669999 -18.909515133869998 7.5  1 -36.378980708669999 -18.909515133869998 15.459  1 -36.378980708669999 -18.909515133869998 15.917999999999999  1 
-36.938865604470003 -17.832383241300001 -0.91800000000000004  0.85485041426499997 -36.938865604470003 -17.832383241300001 -0.45900000000000002  0.85485041426499997 -36.938865604470003 -17.832383241300001 7.5  0.85485041426499997 -36.938865604470003 -17.832383241300001 15.459  0.85485041426499997 -36.938865604470003 -17.832383241300001 15.917999999999999  0.85485041426499997 
-36.241728558399998 -16.838560244220002 -0.91800000000000004  1 -36.241728558399998 -16.838560244220002 -0.45900000000000002  1 -36.241728558399998 -16.838560244220002 7.5  1 -36.241728558399998 -16.838560244220002 15.459  1 -36.241728558399998 -16.838560244220002 15.917999999999999  1 

0 3
15 3

-0.91800000000000004 3
2.6458436136470001e-14 1
15 1
15.917999999999999 3

2 0 0 0 0 0 1 1 0 -0 -0 1 0 41
1 -32.959695549679999 -19.366206258119998 0 0 0 1 -0.70710678118654757 -0.70710678118654757 0 0.70710678118654757 -0.70710678118654757 0 
1 0 0 0 0 0 1 1 0 -0 -0 1 0 
2 0 0 0 0 0 1 1 0 -0 -0 1 0 41
9 0 1 0 0 2 2 3 5 2 4 -16.838560244220002 -36.241728558399998 -0.91800000000000004  1 -16.838560244220002 -36.241728558399998 -0.45900000000000002  1 -16.838560244220002 -36.241728558399998 7.5  1 -16.838560244220002 -36.241728558399998 15.459  1 -16.838560244220002 -36.241728558399998 15.917999999999999  1 
-17.832383241300001 -36.938865604470003 -0.91800000000000004  0.85485041426499997 -17.832383241300001 -36.938865604470003 -0.45900000000000002  0.85485041426499997 -17.832383241300001 -36.938865604470003 7.5  0.85485041426499997 -17.832383241300001 -36.938865604470003 15.459  0.85485041426499997 -17.832383241300001 -36.938865604470003 15.917999999999999  0.85485041426499997 
-18.909515133869998 -36.378980708669999 -0.91800000000000004  1 -18.909515133869998 -36.378980708669999 -0.45900000000000002  1 -18.909515133869998 -36.378980708669999 7.5  1 -18.909515133869998 -36.378980708669999 15.459  1 -18.909515133869998 -36.378980708669999 15.917999999999999  1 

0 3
15 3

-0.91800000000000004 3
2.645453300865e-14 1
15 1
15.917999999999999 3

2 -15.69002072696 -37.87906083296 -0.20000000000000001 0 0 1 -0.38268343236511454 -0.92387953251127652 0 0.92387953251127652 -0.38268343236511454 0 2
9 0 1 0 0 2 2 3 5 2 4 -12.35277757163 -39.094870331869998 -0.91800000000000004  1 -12.35277757163 -39.094870331869998 -0.45900000000000002  1 -12.35277757163 -39.094870331869998 7.5  1 -12.35277757163 -39.094870331869998 15.459  1 -12.35277757163 -39.094870331869998 15.917999999999999  1 
-13.5103232436 -38.729121472910002 -0.91800000000000004  0.85485041426499997 -13.5103232436 -38.729121472910002 -0.45900000000000002  0.85485041426499997 -13.5103232436 -38.729121472910002 7.5  0.85485041426499997 -13.5103232436 -38.729121472910002 15.459  0.85485041426499997 -13.5103232436 -38.729121472910002 15.917999999999999  0.85485041426499997 
-13.720111891449999 -37.533432159679997 -0.91800000000000004  1 -13.720111891449999 -37.533432159679997 -0.45900000000000002  1 -13.720111891449999 -37.533432159679997 7.5  1 -13.720111891449999 -37.533432159679997 15.459  1 -13.720111891449999 -37.533432159679997 15.917999999999999  1 

0 3
15 3

-0.91800000000000004 3
2.621644221157e-14 1
15 1
15.917999999999999 3

2 0 0 0 0 0 1 1 0 -0 -0 1 0 41
1 -9.6120484580460008 -37 0 0 0 1 -2.22044604925e-16 -1 0 1 -2.22044604925e-16 0 
1 0 0 0 0 0 1 1 0 -0 -0 1 0 
2 0 0 0 0 0 1 1 0 -0 -0 1 0 41
9 0 1 0 0 2 2 3 5 2 4 13.720111891462 -37.533432159679997 -0.91800000000000004  1 13.720111891462 -37.533432159679997 -0.45900000000000002  1 13.720111891462 -37.533432159679997 7.5  1 13.720111891462 -37.533432159679997 15.459  1 13.720111891462 -37.533432159679997 15.917999999999999  1 
13.510323243616 -38.729121472910002 -0.91800000000000004  0.85485041426499997 13.510323243616 -38.729121472910002 -0.45900000000000002  0.85485041426499997 13.510323243616 -38.729121472910002 7.5  0.85485041426499997 13.510323243616 -38.729121472910002 15.459  0.85485041426499997 13.510323243616 -38.729121472910002 15.917999999999999  0.85485041426499997 
12.352777571643999 -39.094870331860001 -0.91800000000000004  1 12.352777571643999 -39.094870331860001 -0.45900000000000002  1 12.352777571643999 -39.094870331860001 7.5  1 12.352777571643999 -39.094870331860001 15.459  1 12.352777571643999 -39.094870331860001 15.917999999999999  1 

0 3
15 3

-0.91800000000000004 3
2.624289674458e-14 1
15 1
15.917999999999999 3

2 15.690020726968999 -37.87906083296 -0.20000000000000001 0 0 1 0.38268343236511454 -0.92387953251127652 0 0.92387953251127652 0.38268343236511454 -0 2
9 0 1 0 0 2 2 3 5 2 4 18.909515133875999 -36.378980708660002 -0.91800000000000004  1 18.909515133875999 -36.378980708660002 -0.45900000000000002  1 18.909515133875999 -36.378980708660002 7.5  1 18.909515133875999 -36.378980708660002 15.459  1 18.909515133875999 -36.378980708660002 15.917999999999999  1 
17.832383241312002 -36.938865604470003 -0.91800000000000004  0.85485041426499997 17.832383241312002 -36.938865604470003 -0.45900000000000002  0.85485041426499997 17.832383241312002 -36.938865604470003 7.5  0.85485041426499997 17.832383241312002 -36.938865604470003 15.459  0.85485041426499997 17.832383241312002 -36.938865604470003 15.917999999999999  0.85485041426499997 
16.838560244229999 -36.241728558399998 -0.91800000000000004  1 16.838560244229999 -36.241728558399998 -0.45900000000000002  1 16.838560244229999 -36.241728558399998 7.5  1 16.838560244229999 -36.241728558399998 15.459  1 16.838560244229999 -36.241728558399998 15.917999999999999  1 

0 3
15 3

-0.91800000000000004 3
2.6464941349500001e-14 1
15 1
15.917999999999999 3

2 0 0 0 0 0 1 1 0 -0 -0 1 0 41
1 19.366206258125001 -32.959695549679999 0 0 0 1 0.70710678118654757 -0.70710678118654757 0 0.70710678118654757 0.70710678118654757 -0 
1 0 0 0 0 0 1 1 0 -0 -0 1 0 
2 0 0 0 0 0 1 1 0 -0 -0 1 0 41
9 0 1 0 0 2 2 3 5 2 4 36.241728558411999 -16.838560244220002 -0.91800000000000004  1 36.241728558411999 -16.838560244220002 -0.45900000000000002  1 36.241728558411999 -16.838560244220002 7.5  1 36.241728558411999 -16.838560244220002 15.459  1 36.241728558411999 -16.838560244220002 15.917999999999999  1 
36.938865604478998 -17.832383241300001 -0.91800000000000004  0.85485041426499997 36.938865604478998 -17.832383241300001 -0.45900000000000002  0.85485041426499997 36.938865604478998 -17.832383241300001 7.5  0.85485041426499997 36.938865604478998 -17.832383241300001 15.459  0.85485041426499997 36.938865604478998 -17.832383241300001 15.917999999999999  0.85485041426499997 
36.378980708672998 -18.909515133860001 -0.91800000000000004  1 36.378980708672998 -18.909515133860001 -0.45900000000000002  1 36.378980708672998 -18.909515133860001 7.5  1 36.378980708672998 -18.909515133860001 15.459  1 36.378980708672998 -18.909515133860001 15.917999999999999  1 

0 3
15 3

-0.91800000000000004 3
2.6353540832819999e-14 1
15 1
15.917999999999999 3

2 37.879060832962999 -15.69002072696 -0.20000000000000001 0 0 1 0.92387953251127652 -0.38268343236511454 0 0.38268343236511454 0.92387953251127652 -0 2
9 0 1 0 0 2 2 3 5 2 4 39.094870331869998 -12.35277757163 -0.91800000000000004  1 39.094870331869998 -12.35277757163 -0.45900000000000002  1 39.094870331869998 -12.35277757163 7.5  1 39.094870331869998 -12.35277757163 15.459  1 39.094870331869998 -12.35277757163 15.917999999999999  1 
38.729121472914997 -13.5103232436 -0.91800000000000004  0.85485041426499997 38.729121472914997 -13.5103232436 -0.45900000000000002  0.85485041426499997 38.729121472914997 -13.5103232436 7.5  0.85485041426499997 38.729121472914997 -13.5103232436 15.459  0.85485041426499997 38.729121472914997 -13.5103232436 15.917999999999999  0.85485041426499997 
37.533432159687997 -13.720111891449999 -0.91800000000000004  1 37.533432159687997 -13.720111891449999 -0.45900000000000002  1 37.533432159687997 -13.720111891449999 7.5  1 37.533432159687997 -13.720111891449999 15.459  1 37.533432159687997 -13.720111891449999 15.917999999999999  1 

0 3
15 3

-0.91800000000000004 3
2.692151841814e-14 1
15 1
15.917999999999999 3

2 0 0 0 0 0 1 1 0 -0 -0 1 0 41
2 41.402419381093999 11.612048458046001 0 0 0 1 0 -1 0 1 0 -0 2
2 0 0 0 0 0 1 1 0 -0 -0 1 0 20
1 0 0 15 0 0 1 1 0 -0 -0 1 0 
1 0 0 15 0 0 1 1 0 -0 -0 1 0 
2 37.486889710051997 21.06497329375 0 0 0 1 -0.87178813279177969 -0.48988309985487621 0 0.48988309985487621 -0.87178813279177969 0 2
1 32.959695549679999 19.366206258125001 0 -0.70710678118654757 0.70710678118654757 0 0 0 1 0.70710678118654757 0.70710678118654757 -0 
2 56.987183974399002 46.22212180759 0 0 0 1 0.70710678118654757 0.70710678118654757 -0 -0.70710678118654757 0.70710678118654757 0 2
2 0 0 -0.20000000000000001 0 0 1 1 0 -0 -0 1 0 74.980000000000004
2 0 0 -0.20000000000000001 0 0 1 1 0 -0 -0 1 0 74.980000000000004
2 46.22212180759 56.987183974399002 0 0 0 1 0.70710678118654757 0.70710678118654757 -0 -0.70710678118654757 0.70710678118654757 0 2
1 19.366206258125001 32.959695549679999 0 -0.70710678118654757 0.70710678118654757 0 0 0 1 0.70710678118654757 0.70710678118654757 -0 
2 21.06497329375 37.486889710051997 0 0 0 1 -0.48988309985487621 -0.87178813279177969 0 0.87178813279177969 -0.48988309985487621 0 2
2 37.486889710052999 -21.06497329374 0 0 0 1 -0.87178813279177969 0.48988309985487621 0 -0.48988309985487621 -0.87178813279177969 0 2
1 19.366206258125001 -32.959695549679999 0 0.70710678118654757 0.70710678118654757 0 0 -0 1 0.70710678118654757 -0.70710678118654757 -0 
2 46.22212180759 -56.98718397439 0 0 0 1 0.70710678118654757 -0.70710678118654757 0 0.70710678118654757 0.70710678118654757 -0 2
2 0 0 -0.20000000000000001 0 0 1 1 0 -0 -0 1 0 74.980000000000004
2 0 0 -0.20000000000000001 0 0 1 1 0 -0 -0 1 0 74.980000000000004
2 56.987183974399002 -46.22212180759 0 0 0 1 0.70710678118654757 -0.70710678118654757 0 0.70710678118654757 0.70710678118654757 -0 2
1 32.959695549679999 -19.366206258119998 0 0.70710678118654757 0.70710678118654757 0 0 -0 1 0.70710678118654757 -0.70710678118654757 -0 
2 21.06497329375 -37.486889710050001 0 0 0 1 -0.48988309985487621 0.87178813279177969 0 -0.87178813279177969 -0.48988309985487621 0 2
2 11.612048458046001 41.402419381093999 0 0 0 1 -0.27004763855902159 -0.96284696235107692 0 0.96284696235107692 -0.27004763855902159 0 2
1 9.6120484580460008 37 0 -1 1.110223024625e-16 0 0 0 1 1.110223024625e-16 1 -0 
2 7.6120484580459999 72.980000000000004 0 0 0 1 1.110223024625e-16 1 -0 -1 1.110223024625e-16 0 2
2 0 0 -0.20000000000000001 0 0 1 1 0 -0 -0 1 0 74.980000000000004
2 0 0 -0.20000000000000001 0 0 1 1 0 -0 -0 1 0 74.980000000000004
2 -7.6120484580449999 72.980000000000004 0 0 0 1 1.110223024625e-16 1 -0 -1 1.110223024625e-16 0 2
1 -9.6120484580460008 37 0 -1 1.110223024625e-16 0 0 0 1 1.110223024625e-16 1 -0 
2 -11.61204845804 41.402419381093999 0 0 0 1 0.27004763855902159 -0.96284696235107692 0 0.96284696235107692 0.27004763855902159 -0 2
2 11.612048458045001 -41.402419381089999 0 0 0 1 -0.27004763855902159 0.96284696235107692 0 -0.96284696235107692 -0.27004763855902159 0 2
1 -9.6120484580460008 -37 0 1 -2.22044604925e-16 0 0 0 1 -2.22044604925e-16 -1 0 
2 -7.6120484580459999 -72.980000000000004 0 0 0 1 -2.22044604925e-16 -1 0 1 -2.22044604925e-16 0 2
2 0 0 -0.20000000000000001 0 0 1 1 0 -0 -0 1 0 74.980000000000004
2 0 0 -0.20000000000000001 0 0 1 1 0 -0 -0 1 0 74.980000000000004
2 7.6120484580449999 -72.980000000000004 0 0 0 1 -2.22044604925e-16 -1 0 1 -2.22044604925e-16 0 2
1 9.6120484580450007 -37 0 1 -2.22044604925e-16 0 0 0 1 -2.22044604925e-16 -1 0 
2 -11.61204845804 -41.402419381089999 0 0 0 1 0.27004763855902159 0.96284696235107692 -0 -0.96284696235107692 0.27004763855902159 0 2
2 -21.06497329374 37.486889710052999 0 0 0 1 0.48988309985487621 -0.87178813279177969 0 0.87178813279177969 0.48988309985487621 -0 2
1 -19.366206258119998 32.959695549679999 0 -0.70710678118654757 -0.70710678118654757 0 0 0 1 -0.70710678118654757 0.70710678118654757 0 
2 -46.22212180759 56.987183974399002 0 0 0 1 -0.70710678118654757 0.70710678118654757 0 -0.70710678118654757 -0.70710678118654757 0 2
2 0 0 -0.20000000000000001 0 0 1 1 0 -0 -0 1 0 74.980000000000004
2 0 0 -0.20000000000000001 0 0 1 1 0 -0 -0 1 0 74.980000000000004
2 -56.98718397439 46.22212180759 0 0 0 1 -0.70710678118654757 0.70710678118654757 0 -0.70710678118654757 -0.70710678118654757 0 2
1 -32.959695549679999 19.366206258125001 0 -0.70710678118654757 -0.70710678118654757 0 0 0 1 -0.70710678118654757 0.70710678118654757 0 
2 -37.486889710050001 21.06497329375 0 0 0 1 0.87178813279177969 -0.48988309985487621 0 0.48988309985487621 0.87178813279177969 -0 2
2 -21.06497329374 -37.486889710050001 0 0 0 1 0.48988309985487621 0.87178813279177969 -0 -0.87178813279177969 0.48988309985487621 0 2
1 -32.959695549679999 -19.366206258119998 0 0.70710678118654757 -0.70710678118654757 0 0 0 1 -0.70710678118654757 -0.70710678118654757 0 
2 -56.98718397439 -46.22212180759 0 0 0 1 -0.70710678118654757 -0.70710678118654757 0 0.70710678118654757 -0.70710678118654757 0 2
2 0 0 -0.20000000000000001 0 0 1 1 0 -0 -0 1 0 74.980000000000004
2 0 0 -0.20000000000000001 0 0 1 1 0 -0 -0 1 0 74.980000000000004
2 -46.22212180759 -56.98718397439 0 0 0 1 -0.70710678118654757 -0.70710678118654757 0 0.70710678118654757 -0.70710678118654757 0 2
1 -19.366206258119998 -32.959695549679999 0 0.70710678118654757 -0.70710678118654757 0 0 0 1 -0.70710678118654757 -0.70710678118654757 0 
2 -37.486889710050001 -21.06497329374 0 0 0 1 0.87178813279177969 0.48988309985487621 -0 -0.48988309985487621 0.87178813279177969 0 2
2 -41.402419381089999 11.612048458046001 0 0 0 1 0.96284696235107692 -0.27004763855902159 0 0.27004763855902159 0.96284696235107692 -0 2
1 -37 9.6120484580460008 0 -1.2246467991469999e-16 -1 0 0 0 1 -1 1.2246467991469999e-16 0 
2 -72.980000000000004 7.6120484580459999 0 0 0 1 -1 1.2246467991469999e-16 0 -1.2246467991469999e-16 -1 0 2
2 0 0 -0.20000000000000001 0 0 1 1 0 -0 -0 1 0 74.980000000000004
2 0 0 -0.20000000000000001 0 0 1 1 0 -0 -0 1 0 74.980000000000004
2 -72.980000000000004 -7.6120484580449999 0 0 0 1 -1 1.2246467991469999e-16 0 -1.2246467991469999e-16 -1 0 2
1 -37 -9.6120484580460008 0 -1.2246467991469999e-16 -1 0 0 0 1 -1 1.2246467991469999e-16 0 
2 -41.402419381089999 -11.61204845804 0 0 0 1 0.96284696235107692 0.27004763855902159 -0 -0.27004763855902159 0.96284696235107692 0 2
1 32.959695549679999 19.366206258125001 15 0 0 1 0.70710678118654757 0.70710678118654757 -0 -0.70710678118654757 0.70710678118654757 0 
1 0 0 15 0 0 1 1 0 -0 -0 1 0 
1 9.6120484580460008 37 15 0 0 1 1.110223024625e-16 1 -0 -1 1.110223024625e-16 0 
1 0 0 15 0 0 1 1 0 -0 -0 1 0 
1 -19.366206258119998 32.959695549679999 15 0 0 1 -0.70710678118654757 0.70710678118654757 0 -0.70710678118654757 -0.70710678118654757 0 
1 0 0 15 0 0 1 1 0 -0 -0 1 0 
1 -37 9.6120484580460008 15 0 0 1 -1 1.2246467991469999e-16 0 -1.2246467991469999e-16 -1 0 
1 0 0 15 0 0 1 1 0 -0 -0 1 0 
1 -32.959695549679999 -19.366206258119998 15 0 0 1 -0.70710678118654757 -0.70710678118654757 0 0.70710678118654757 -0.70710678118654757 0 
1 0 0 15 0 0 1 1 0 -0 -0 1 0 
1 -9.6120484580460008 -37 15 0 0 1 -2.22044604925e-16 -1 0 1 -2.22044604925e-16 0 
1 0 0 15 0 0 1 1 0 -0 -0 1 0 
1 19.366206258125001 -32.959695549679999 15 0 0 1 0.70710678118654757 -0.70710678118654757 0 0.70710678118654757 0.70710678118654757 -0 
1 0 0 15 0 0 1 1 0 -0 -0 1 0 
Triangulations 0

TShapes 1035
Ve
1e-07
41.402419381094 -9.612048458046 0
0 0

0101101
*
Ve
1e-07
72.98 -9.612048458046 0
0 0

0101101
*
Ed
 1e-07 1 1 0
1  1 0 4.402419381094 35.98
4 C0 1 0 2 0
2  1 1 0 4.402419381094 35.98
2  2 2 0 4.402419381094 35.98
0

0101000
+1035 0 -1034 0 *
Ve
1e-07
74.440504168891 -8.978404038651 0
0 0

0101101
*
Ed
 1e-07 1 1 0
1  2 0 5.46449444122053 6.28318530717959
2  3 3 0 5.46449444122053 6.28318530717959
4 C0 1 0 3 0
2  4 1 0 5.46449444122053 6.28318530717959
0

0101000
+1032 0 -1034 0 *
Ve
1e-07
74.98 -1.806418589701e-14 0
0 0

0101101
*
Ed
 1e-07 1 1 0
1  3 0 6.16315329864397 6.28318530717959
2  5 4 0 6.16315329864397 6.28318530717959
4 C0 1 0 4 0
2  6 1 0 6.16315329864397 6.28318530717959
0

0101000
+1032 0 -1030 0 *
Ve
1e-07
74.440504168891 8.978404038651 0
0 0

0101101
*
Ed
 1e-07 1 1 0
1  4 0 0 0.120032008535615
2  7 5 0 0 0.120032008535615
4 C0 1 0 5 0
2  8 1 0 0 0.120032008535615
0

0101000
+1030 0 -1028 0 *
Ve
1e-07
72.98 9.612048458046 0
0 0

0101101
*
Ed
 1e-07 1 1 0
1  5 0 2.32290178763074 3.14159265358979
2  9 6 0 2.32290178763074 3.14159265358979
4 C0 1 0 6 0
2  10 1 0 2.32290178763074 3.14159265358979
0

0101000
+1028 0 -1026 0 *
Ve
1e-07
41.402419381094 9.612048458046 0
0 0

0101101
*
Ed
 1e-07 1 1 0
1  6 0 4.402419381094 35.98
4 C0 1 0 7 0
2  11 1 0 4.402419381094 35.98
2  12 7 0 4.402419381094 35.98
0

0101000
+1024 0 -1026 0 *
Ve
1e-07
39.857352200569 9.612048458045 0
0 0

0101101
*
Ed
 1e-07 1 1 0
1  7 0 2.857352200569 4.402419381094
4 CN 1 0 8 0
2  13 1 0 2.857352200569 4.402419381094
2  14 8 0 2.857352200569 4.402419381094
0

0101000
+1022 0 -1024 0 *
Ve
1e-07
41 -1.004210375301e-14 0
0 0

0101101
*
Ed
 1e-07 1 1 0
1  8 0 0 0.236642685959085
4 CN 1 0 9 0
2  15 1 0 0 0.236642685959085
2  16 9 0 0 0.236642685959085
0

0101000
+1020 0 -1022 0 *
Ve
1e-07
39.857352200569 -9.612048458045 0
0 0

0101101
*
Ed
 1e-07 1 1 0
1  9 0 6.0465426212205 6.28318530717959
4 CN 1 0 9 0
2  17 1 0 6.0465426212205 6.28318530717959
2  18 9 0 6.0465426212205 6.28318530717959
0

0101000
+1018 0 -1020 0 *
Ed
 1e-07 1 1 0
1  10 0 2.857352200569 4.402419381094
4 CN 1 0 8 0
2  19 1 0 2.857352200569 4.402419381094
2  20 8 0 2.857352200569 4.402419381094
0

0101000
+1018 0 -1035 0 *
Wi

0101100
+1033 0 -1031 0 +1029 0 +1027 0 +1025 0 -1023 0 -1021 0 -1019 0 -1017 0 +1016 0 
*
Fa
0  1e-07 1 0

0111000
+1015 0 *
Ve
1e-07
41.402419381094 -9.612048458046 15
0 0

0101101
*
Ed
 1e-07 1 1 0
1  11 0 0 15
2  21 10 0 0 15
4 G1 2 0 10 0
2  22 2 0 0 15
0

0101000
+1035 0 -1013 0 *
Ve
1e-07
72.98 -9.612048458046 15
0 0

0101101
*
Ed
 1e-07 1 1 0
1  12 0 4.402419381094 35.98
4 C0 2 0 11 0
2  23 2 0 4.402419381094 35.98
0

0101000
+1013 0 -1011 0 *
Ed
 1e-07 1 1 0
1  13 0 0 15
2  24 3 0 0 15
4 G1 2 0 3 0
2  25 2 0 0 15
0

0101000
+1034 0 -1011 0 *
Wi

0101100
-1033 0 +1012 0 +1010 0 -1009 0 *
Fa
0  1e-07 2 0

0111000
+1008 0 *
Ve
1e-07
39.476725456392 11.071953180928 0
0 0

0101101
*
Ve
1e-07
39.094870331867 12.352777571645 0
0 0

0101101
*
Ed
 1e-07 1 1 0
1  14 0 0.273442507895788 0.306042353752408
2  26 12 0 0.273442507895788 0.306042353752408
4 C0 8 0 12 0
2  27 8 0 0.273442507895788 0.306042353752408
0

0101000
+1006 0 -1005 0 *
Ve
1e-07
37.533432159686 13.720111891462 0
0 0

0101101
*
Ed
 1e-07 1 1 0
1  15 0 0 1
2  28 13 0 0 1
4 C0 8 0 13 0
2  29 8 0 0 1
0

0101000
+1003 0 -1005 0 *
Ve
1e-07
36.24172855841 16.838560244229 0
0 0

0101101
*
Ed
 1e-07 1 1 0
1  16 0 2.1371816924171 4.14600361476228
2  30 14 0 2.1371816924171 4.14600361476228
4 C0 8 0 14 0
2  31 8 0 2.1371816924171 4.14600361476228
0

0101000
+1001 0 -1003 0 *
Ve
1e-07
36.378980708671 18.909515133873 0
0 0

0101101
*
Ed
 1e-07 1 1 0
1  17 0 0 1
2  32 15 0 0 1
4 C0 8 0 15 0
2  33 8 0 0 1
0

0101000
+999 0 -1001 0 *
Ve
1e-07
35.743313444468 20.085207094041 0
0 0

0101101
*
Ed
 1e-07 1 1 0
1  18 0 0.47935580964505 0.511955655501683
2  34 16 0 0.47935580964505 0.511955655501683
4 C0 8 0 16 0
2  35 8 0 0.47935580964505 0.511955655501683
0

0101000
+999 0 -997 0 *
Ve
1e-07
34.980148666941 21.386659375384 0
0 0

0101101
*
Ed
 1e-07 1 1 0
1  19 0 0.511955655501683 0.548755477438321
4 C1 8 0 17 0
2  36 8 0 0.511955655501683 0.548755477438321
2  37 17 0 0.511955655501683 0.548755477438321
0

0101000
+997 0 -995 0 *
Ve
1e-07
34.373909112053 20.780419820498 0
0 0

0101101
*
Ed
 1e-07 1 1 0
1  20 0 1.99999999999987 2.85735220056809
4 CN 8 0 18 0
2  38 8 0 1.99999999999987 2.85735220056809
2  39 18 0 1.99999999999987 2.85735220056809
0

0101000
+993 0 -995 0 *
Ve
1e-07
31.545481987307 20.780419820498 0
0 0

0101101
*
Ed
 1e-07 1 1 0
1  21 0 4.71238898038469 6.28318530717959
4 CN 8 0 18 0
2  40 8 0 4.71238898038469 6.28318530717959
2  41 18 0 4.71238898038469 6.28318530717959
0

0101000
+991 0 -993 0 *
Ve
1e-07
20.780419820498 31.545481987307 0
0 0

0101101
*
Ed
 1e-07 1 1 0
1  22 0 1.99999999999987 17.2240969160907
4 CN 8 0 18 0
2  42 8 0 1.99999999999987 17.2240969160907
2  43 18 0 1.99999999999987 17.2240969160907
0

0101000
+991 0 -989 0 *
Ve
1e-07
20.780419820498 34.373909112053 0
0 0

0101101
*
Ed
 1e-07 1 1 0
1  23 0 1.5707963267949 3.14159265358979
4 CN 8 0 18 0
2  44 8 0 1.5707963267949 3.14159265358979
2  45 18 0 1.5707963267949 3.14159265358979
0

0101000
+989 0 -987 0 *
Ve
1e-07
21.386659375384 34.980148666941 0
0 0

0101101
*
Ed
 1e-07 1 1 0
1  24 0 1.99999999999987 2.85735220056809
4 CN 8 0 18 0
2  46 8 0 1.99999999999987 2.85735220056809
2  47 18 0 1.99999999999987 2.85735220056809
0

0101000
+987 0 -985 0 *
Ve
1e-07
20.085207094041 35.743313444468 0
0 0

0101101
*
Ed
 1e-07 1 1 0
1  25 0 1.02204084935658 1.05884067129321
4 C1 8 0 17 0
2  48 8 0 1.02204084935658 1.05884067129321
2  49 17 0 1.02204084935658 1.05884067129321
0

0101000
+985 0 -983 0 *
Ve
1e-07
18.909515133873 36.378980708671 0
0 0

0101101
*
Ed
 1e-07 1 1 0
1  26 0 1.05884067129321 1.09144051714985
2  50 19 0 1.05884067129321 1.09144051714985
4 C0 8 0 19 0
2  51 8 0 1.05884067129321 1.09144051714985
0

0101000
+983 0 -981 0 *
Ve
1e-07
16.838560244229 36.24172855841 0
0 0

0101101
*
Ed
 1e-07 1 1 0
1  27 0 0 1
2  52 20 0 0 1
4 C0 8 0 20 0
2  53 8 0 0 1
0

0101000
+979 0 -981 0 *
Ve
1e-07
13.720111891462 37.533432159686 0
0 0

0101101
*
Ed
 1e-07 1 1 0
1  28 0 2.1371816924173 4.14600361476249
2  54 21 0 2.1371816924173 4.14600361476249
4 C0 8 0 21 0
2  55 8 0 2.1371816924173 4.14600361476249
0

0101000
+977 0 -979 0 *
Ve
1e-07
12.352777571645 39.094870331867 0
0 0

0101101
*
Ed
 1e-07 1 1 0
1  29 0 0 1
2  56 22 0 0 1
4 C0 8 0 22 0
2  57 8 0 0 1
0

0101000
+975 0 -977 0 *
Ve
1e-07
11.071953180928 39.476725456392 0
0 0

0101101
*
Ed
 1e-07 1 1 0
1  30 0 1.26475397304249 1.29735381889911
2  58 23 0 1.26475397304249 1.29735381889911
4 C0 8 0 23 0
2  59 8 0 1.26475397304249 1.29735381889911
0

0101000
+975 0 -973 0 *
Ve
1e-07
9.612048458045 39.857352200569 0
0 0

0101101
*
Ed
 1e-07 1 1 0
1  31 0 1.29735381889911 1.33415364083581
4 G2 8 0 24 0
2  60 8 0 1.29735381889911 1.33415364083581
2  61 24 0 1.29735381889911 1.33415364083581
0

0101000
+973 0 -971 0 *
Ve
1e-07
9.612048458046 39 0
0 0

0101101
*
Ed
 1e-07 1 1 0
1  32 0 2 2.857352200569
4 CN 8 0 25 0
2  62 8 0 2 2.857352200569
2  63 25 0 2 2.857352200569
0

0101000
+969 0 -971 0 *
Ve
1e-07
7.612048458046 37 0
0 0

0101101
*
Ed
 1e-07 1 1 0
1  33 0 4.71238898038469 6.28318530717959
4 CN 8 0 25 0
2  64 8 0 4.71238898038469 6.28318530717959
2  65 25 0 4.71238898038469 6.28318530717959
0

0101000
+967 0 -969 0 *
Ve
1e-07
-7.612048458046 37 0
0 0

0101101
*
Ed
 1e-07 1 1 0
1  34 0 2 17.224096916092
4 CN 8 0 25 0
2  66 8 0 2 17.224096916092
2  67 25 0 2 17.224096916092
0

0101000
+967 0 -965 0 *
Ve
1e-07
-9.612048458046 39 0
0 0

0101101
*
Ed
 1e-07 1 1 0
1  35 0 1.5707963267949 3.14159265358979
4 CN 8 0 25 0
2  68 8 0 1.5707963267949 3.14159265358979
2  69 25 0 1.5707963267949 3.14159265358979
0

0101000
+965 0 -963 0 *
Ve
1e-07
-9.612048458045 39.857352200569 0
0 0

0101101
*
Ed
 1e-07 1 1 0
1  36 0 2 2.857352200569
4 CN 8 0 25 0
2  70 8 0 2 2.857352200569
2  71 25 0 2 2.857352200569
0

0101000
+963 0 -961 0 *
Ve
1e-07
-11.07195318092 39.476725456392 0
0 0

0101101
*
Ed
 1e-07 1 1 0
1  37 0 1.80743901275398 1.8442388346905
4 G2 8 0 24 0
2  72 8 0 1.80743901275398 1.8442388346905
2  73 24 0 1.80743901275398 1.8442388346905
0

0101000
+961 0 -959 0 *
Ve
1e-07
-12.35277757163 39.09487033187 0
0 0

0101101
*
Ed
 1e-07 1 1 0
1  38 0 1.8442388346905 1.87683868054693
2  74 26 0 1.8442388346905 1.87683868054693
4 C0 8 0 26 0
2  75 8 0 1.8442388346905 1.87683868054693
0

0101000
+959 0 -957 0 *
Ve
1e-07
-13.72011189145 37.533432159688 0
0 0

0101101
*
Ed
 1e-07 1 1 0
1  39 0 0 1
2  76 27 0 0 1
4 C0 8 0 27 0
2  77 8 0 0 1
0

0101000
+955 0 -957 0 *
Ve
1e-07
-16.83856024422 36.241728558412 0
0 0

0101101
*
Ed
 1e-07 1 1 0
1  40 0 2.13718169241653 4.14600361476353
2  78 28 0 2.13718169241653 4.14600361476353
4 C0 8 0 28 0
2  79 8 0 2.13718169241653 4.14600361476353
0

0101000
+953 0 -955 0 *
Ve
1e-07
-18.90951513386 36.378980708673 0
0 0

0101101
*
Ed
 1e-07 1 1 0
1  41 0 0 1
2  80 29 0 0 1
4 C0 8 0 29 0
2  81 8 0 0 1
0

0101000
+951 0 -953 0 *
Ve
1e-07
-20.08520709403 35.74331344447 0
0 0

0101101
*
Ed
 1e-07 1 1 0
1  42 0 2.05015213643964 2.08275198229632
2  82 30 0 2.05015213643964 2.08275198229632
4 C0 8 0 30 0
2  83 8 0 2.05015213643964 2.08275198229632
0

0101000
+951 0 -949 0 *
Ve
1e-07
-21.38665937538 34.980148666941 0
0 0

0101101
*
Ed
 1e-07 1 1 0
1  43 0 2.08275198229632 2.11955180423313
4 C1 8 0 31 0
2  84 8 0 2.08275198229632 2.11955180423313
2  85 31 0 2.08275198229632 2.11955180423313
0

0101000
+949 0 -947 0 *
Ve
1e-07
-20.78041982049 34.373909112053 0
0 0

0101101
*
Ed
 1e-07 1 1 0
1  44 0 1.99999999999775 2.8573522005688
4 CN 8 0 32 0
2  86 8 0 1.99999999999775 2.8573522005688
2  87 32 0 1.99999999999775 2.8573522005688
0

0101000
+945 0 -947 0 *
Ve
1e-07
-20.78041982049 31.545481987307 0
0 0

0101101
*
Ed
 1e-07 1 1 0
1  45 0 4.71238898038716 6.28318530717959
4 CN 8 0 32 0
2  88 8 0 4.71238898038716 6.28318530717959
2  89 32 0 4.71238898038716 6.28318530717959
0

0101000
+943 0 -945 0 *
Ve
1e-07
-31.5454819873 20.780419820498 0
0 0

0101101
*
Ed
 1e-07 1 1 0
1  46 0 1.99999999999775 17.2240969160892
4 CN 8 0 32 0
2  90 8 0 1.99999999999775 17.2240969160892
2  91 32 0 1.99999999999775 17.2240969160892
0

0101000
+943 0 -941 0 *
Ve
1e-07
-34.37390911205 20.780419820498 0
0 0

0101101
*
Ed
 1e-07 1 1 0
1  47 0 1.57079632679242 3.14159265358873
4 CN 8 0 32 0
2  92 8 0 1.57079632679242 3.14159265358873
2  93 32 0 1.57079632679242 3.14159265358873
0

0101000
+941 0 -939 0 *
Ve
1e-07
-34.98014866694 21.386659375384 0
0 0

0101101
*
Ed
 1e-07 1 1 0
1  48 0 1.99999999999775 2.85735220056738
4 CN 8 0 32 0
2  94 8 0 1.99999999999775 2.85735220056738
2  95 32 0 1.99999999999775 2.85735220056738
0

0101000
+939 0 -937 0 *
Ve
1e-07
-35.74331344446 20.085207094041 0
0 0

0101101
*
Ed
 1e-07 1 1 0
1  49 0 2.59283717615146 2.62963699808801
4 C1 8 0 31 0
2  96 8 0 2.59283717615146 2.62963699808801
2  97 31 0 2.59283717615146 2.62963699808801
0

0101000
+937 0 -935 0 *
Ve
1e-07
-36.37898070866 18.909515133876 0
0 0

0101101
*
Ed
 1e-07 1 1 0
1  50 0 2.62963699808801 2.66223684394455
2  98 33 0 2.62963699808801 2.66223684394455
4 C0 8 0 33 0
2  99 8 0 2.62963699808801 2.66223684394455
0

0101000
+935 0 -933 0 *
Ve
1e-07
-36.2417285584 16.83856024423 0
0 0

0101101
*
Ed
 1e-07 1 1 0
1  51 0 0 1
2  100 34 0 0 1
4 C0 8 0 34 0
2  101 8 0 0 1
0

0101000
+931 0 -933 0 *
Ve
1e-07
-37.53343215968 13.720111891462 0
0 0

0101101
*
Ed
 1e-07 1 1 0
1  52 0 2.13718169241878 4.14600361476088
2  102 35 0 2.13718169241878 4.14600361476088
4 C0 8 0 35 0
2  103 8 0 2.13718169241878 4.14600361476088
0

0101000
+929 0 -931 0 *
Ve
1e-07
-39.09487033186 12.352777571644 0
0 0

0101101
*
Ed
 1e-07 1 1 0
1  53 0 0 1
2  104 36 0 0 1
4 C0 8 0 36 0
2  105 8 0 0 1
0

0101000
+927 0 -929 0 *
Ve
1e-07
-39.47672545639 11.071953180928 0
0 0

0101101
*
Ed
 1e-07 1 1 0
1  54 0 2.83555029983736 2.86815014569399
2  106 37 0 2.83555029983736 2.86815014569399
4 C0 8 0 37 0
2  107 8 0 2.83555029983736 2.86815014569399
0

0101000
+927 0 -925 0 *
Ve
1e-07
-39.85735220056 9.612048458045 0
0 0

0101101
*
Ed
 1e-07 1 1 0
1  55 0 2.86815014569399 2.90494996763066
4 G2 8 0 38 0
2  108 8 0 2.86815014569399 2.90494996763066
2  109 38 0 2.86815014569399 2.90494996763066
0

0101000
+925 0 -923 0 *
Ve
1e-07
-39 9.612048458046 0
0 0

0101101
*
Ed
 1e-07 1 1 0
1  56 0 2 2.85735220056
4 CN 8 0 39 0
2  110 8 0 2 2.85735220056
2  111 39 0 2 2.85735220056
0

0101000
+921 0 -923 0 *
Ve
1e-07
-37 7.612048458046 0
0 0

0101101
*
Ed
 1e-07 1 1 0
1  57 0 4.71238898038469 6.28318530717959
4 CN 8 0 39 0
2  112 8 0 4.71238898038469 6.28318530717959
2  113 39 0 4.71238898038469 6.28318530717959
0

0101000
+919 0 -921 0 *
Ve
1e-07
-37 -7.612048458046 0
0 0

0101101
*
Ed
 1e-07 1 1 0
1  58 0 2 17.224096916092
4 CN 8 0 39 0
2  114 8 0 2 17.224096916092
2  115 39 0 2 17.224096916092
0

0101000
+919 0 -917 0 *
Ve
1e-07
-39 -9.612048458046 0
0 0

0101101
*
Ed
 1e-07 1 1 0
1  59 0 1.5707963267949 3.14159265358979
4 CN 8 0 39 0
2  116 8 0 1.5707963267949 3.14159265358979
2  117 39 0 1.5707963267949 3.14159265358979
0

0101000
+917 0 -915 0 *
Ve
1e-07
-39.85735220056 -9.612048458047 0
0 0

0101101
*
Ed
 1e-07 1 1 0
1  60 0 2 2.85735220056
4 CN 8 0 39 0
2  118 8 0 2 2.85735220056
2  119 39 0 2 2.85735220056
0

0101000
+915 0 -913 0 *
Ve
1e-07
-39.47672545639 -11.07195318092 0
0 0

0101101
*
Ed
 1e-07 1 1 0
1  61 0 3.37823533954898 3.41503516148541
4 G2 8 0 38 0
2  120 8 0 3.37823533954898 3.41503516148541
2  121 38 0 3.37823533954898 3.41503516148541
0

0101000
+913 0 -911 0 *
Ve
1e-07
-39.09487033187 -12.35277757163 0
0 0

0101101
*
Ed
 1e-07 1 1 0
1  62 0 3.41503516148541 3.44763500734183
2  122 40 0 3.41503516148541 3.44763500734183
4 C0 8 0 40 0
2  123 8 0 3.41503516148541 3.44763500734183
0

0101000
+911 0 -909 0 *
Ve
1e-07
-37.53343215968 -13.72011189145 0
0 0

0101101
*
Ed
 1e-07 1 1 0
1  63 0 0 1
2  124 41 0 0 1
4 C0 8 0 41 0
2  125 8 0 0 1
0

0101000
+907 0 -909 0 *
Ve
1e-07
-36.2417285584 -16.83856024422 0
0 0

0101101
*
Ed
 1e-07 1 1 0
1  64 0 2.13718169241911 4.14600361476106
2  126 42 0 2.13718169241911 4.14600361476106
4 C0 8 0 42 0
2  127 8 0 2.13718169241911 4.14600361476106
0

0101000
+905 0 -907 0 *
Ve
1e-07
-36.37898070867 -18.90951513387 0
0 0

0101101
*
Ed
 1e-07 1 1 0
1  65 0 0 1
2  128 43 0 0 1
4 C0 8 0 43 0
2  129 8 0 0 1
0

0101000
+903 0 -905 0 *
Ve
1e-07
-35.74331344447 -20.08520709403 0
0 0

0101101
*
Ed
 1e-07 1 1 0
1  66 0 3.62094846323479 3.65354830909122
2  130 44 0 3.62094846323479 3.65354830909122
4 C0 8 0 44 0
2  131 8 0 3.62094846323479 3.65354830909122
0

0101000
+903 0 -901 0 *
Ve
1e-07
-34.98014866694 -21.38665937538 0
0 0

0101101
*
Ed
 1e-07 1 1 0
1  67 0 3.65354830909122 3.69034813102804
4 C1 8 0 45 0
2  132 8 0 3.65354830909122 3.69034813102804
2  133 45 0 3.65354830909122 3.69034813102804
0

0101000
+901 0 -899 0 *
Ve
1e-07
-34.37390911205 -20.78041982049 0
0 0

0101101
*
Ed
 1e-07 1 1 0
1  68 0 1.99999999999563 2.85735220056809
4 CN 8 0 46 0
2  134 8 0 1.99999999999563 2.85735220056809
2  135 46 0 1.99999999999563 2.85735220056809
0

0101000
+897 0 -899 0 *
Ve
1e-07
-31.5454819873 -20.78041982049 0
0 0

0101101
*
Ed
 1e-07 1 1 0
1  69 0 4.71238898038469 6.28318530717959
4 CN 8 0 46 0
2  136 8 0 4.71238898038469 6.28318530717959
2  137 46 0 4.71238898038469 6.28318530717959
0

0101000
+895 0 -897 0 *
Ve
1e-07
-20.78041982049 -31.5454819873 0
0 0

0101101
*
Ed
 1e-07 1 1 0
1  70 0 2.00000000000269 17.2240969160949
4 CN 8 0 46 0
2  138 8 0 2.00000000000269 17.2240969160949
2  139 46 0 2.00000000000269 17.2240969160949
0

0101000
+895 0 -893 0 *
Ve
1e-07
-20.78041982049 -34.37390911205 0
0 0

0101101
*
Ed
 1e-07 1 1 0
1  71 0 1.5707963267949 3.14159265358626
4 CN 8 0 46 0
2  140 8 0 1.5707963267949 3.14159265358626
2  141 46 0 1.5707963267949 3.14159265358626
0

0101000
+893 0 -891 0 *
Ve
1e-07
-21.38665937538 -34.98014866694 0
0 0

0101101
*
Ed
 1e-07 1 1 0
1  72 0 1.99999999999563 2.85735220056809
4 CN 8 0 46 0
2  142 8 0 1.99999999999563 2.85735220056809
2  143 46 0 1.99999999999563 2.85735220056809
0

0101000
+891 0 -889 0 *
Ve
1e-07
-20.08520709403 -35.74331344447 0
0 0

0101101
*
Ed
 1e-07 1 1 0
1  73 0 4.16363350294644 4.20043332488326
4 C1 8 0 45 0
2  144 8 0 4.16363350294644 4.20043332488326
2  145 45 0 4.16363350294644 4.20043332488326
0

0101000
+889 0 -887 0 *
Ve
1e-07
-18.90951513387 -36.37898070867 0
0 0

0101101
*
Ed
 1e-07 1 1 0
1  74 0 4.20043332488326 4.23303317073969
2  146 47 0 4.20043332488326 4.23303317073969
4 C0 8 0 47 0
2  147 8 0 4.20043332488326 4.23303317073969
0

0101000
+887 0 -885 0 *
Ve
1e-07
-16.83856024422 -36.2417285584 0
0 0

0101101
*
Ed
 1e-07 1 1 0
1  75 0 0 1
2  148 48 0 0 1
4 C0 8 0 48 0
2  149 8 0 0 1
0

0101000
+883 0 -885 0 *
Ve
1e-07
-13.72011189145 -37.53343215968 0
0 0

0101101
*
Ed
 1e-07 1 1 0
1  76 0 2.13718169241852 4.14600361476047
2  150 49 0 2.13718169241852 4.14600361476047
4 C0 8 0 49 0
2  151 8 0 2.13718169241852 4.14600361476047
0

0101000
+881 0 -883 0 *
Ve
1e-07
-12.35277757163 -39.09487033187 0
0 0

0101101
*
Ed
 1e-07 1 1 0
1  77 0 0 1
2  152 50 0 0 1
4 C0 8 0 50 0
2  153 8 0 0 1
0

0101000
+879 0 -881 0 *
Ve
1e-07
-11.07195318092 -39.47672545639 0
0 0

0101101
*
Ed
 1e-07 1 1 0
1  78 0 4.40634662663265 4.43894647248908
2  154 51 0 4.40634662663265 4.43894647248908
4 C0 8 0 51 0
2  155 8 0 4.40634662663265 4.43894647248908
0

0101000
+879 0 -877 0 *
Ve
1e-07
-9.612048458046 -39.85735220056 0
0 0

0101101
*
Ed
 1e-07 1 1 0
1  79 0 4.43894647248908 4.47574629442553
4 G2 8 0 52 0
2  156 8 0 4.43894647248908 4.47574629442553
2  157 52 0 4.43894647248908 4.47574629442553
0

0101000
+877 0 -875 0 *
Ve
1e-07
-9.612048458046 -39 0
0 0

0101101
*
Ed
 1e-07 1 1 0
1  80 0 2 2.85735220056
4 CN 8 0 53 0
2  158 8 0 2 2.85735220056
2  159 53 0 2 2.85735220056
0

0101000
+873 0 -875 0 *
Ve
1e-07
-7.612048458046 -37 0
0 0

0101101
*
Ed
 1e-07 1 1 0
1  81 0 4.71238898038469 6.28318530717959
4 CN 8 0 53 0
2  160 8 0 4.71238898038469 6.28318530717959
2  161 53 0 4.71238898038469 6.28318530717959
0

0101000
+871 0 -873 0 *
Ve
1e-07
7.612048458045 -37 0
0 0

0101101
*
Ed
 1e-07 1 1 0
1  82 0 2 17.224096916091
4 CN 8 0 53 0
2  162 8 0 2 17.224096916091
2  163 53 0 2 17.224096916091
0

0101000
+871 0 -869 0 *
Ve
1e-07
9.612048458045 -39 0
0 0

0101101
*
Ed
 1e-07 1 1 0
1  83 0 1.5707963267949 3.14159265358979
4 CN 8 0 53 0
2  164 8 0 1.5707963267949 3.14159265358979
2  165 53 0 1.5707963267949 3.14159265358979
0

0101000
+869 0 -867 0 *
Ve
1e-07
9.612048458045 -39.85735220056 0
0 0

0101101
*
Ed
 1e-07 1 1 0
1  84 0 2 2.85735220056
4 CN 8 0 53 0
2  166 8 0 2 2.85735220056
2  167 53 0 2 2.85735220056
0

0101000
+867 0 -865 0 *
Ve
1e-07
11.071953180927 -39.47672545639 0
0 0

0101101
*
Ed
 1e-07 1 1 0
1  85 0 4.94903166634383 4.98583148828047
4 G2 8 0 52 0
2  168 8 0 4.94903166634383 4.98583148828047
2  169 52 0 4.94903166634383 4.98583148828047
0

0101000
+865 0 -863 0 *
Ve
1e-07
12.352777571644 -39.09487033186 0
0 0

0101101
*
Ed
 1e-07 1 1 0
1  86 0 4.98583148828047 5.01843133413713
2  170 54 0 4.98583148828047 5.01843133413713
4 C0 8 0 54 0
2  171 8 0 4.98583148828047 5.01843133413713
0

0101000
+863 0 -861 0 *
Ve
1e-07
13.720111891462 -37.53343215968 0
0 0

0101101
*
Ed
 1e-07 1 1 0
1  87 0 0 1
2  172 55 0 0 1
4 C0 8 0 55 0
2  173 8 0 0 1
0

0101000
+859 0 -861 0 *
Ve
1e-07
16.83856024423 -36.2417285584 0
0 0

0101101
*
Ed
 1e-07 1 1 0
1  88 0 2.1371816924187 4.1460036147608
2  174 56 0 2.1371816924187 4.1460036147608
4 C0 8 0 56 0
2  175 8 0 2.1371816924187 4.1460036147608
0

0101000
+857 0 -859 0 *
Ve
1e-07
18.909515133876 -36.37898070866 0
0 0

0101101
*
Ed
 1e-07 1 1 0
1  89 0 0 1
2  176 57 0 0 1
4 C0 8 0 57 0
2  177 8 0 0 1
0

0101000
+855 0 -857 0 *
Ve
1e-07
20.085207094041 -35.74331344446 0
0 0

0101101
*
Ed
 1e-07 1 1 0
1  90 0 5.19174479002993 5.22434463588647
2  178 58 0 5.19174479002993 5.22434463588647
4 C0 8 0 58 0
2  179 8 0 5.19174479002993 5.22434463588647
0

0101000
+855 0 -853 0 *
Ve
1e-07
21.386659375384 -34.98014866694 0
0 0

0101101
*
Ed
 1e-07 1 1 0
1  91 0 5.22434463588647 5.26114445782302
4 C1 8 0 59 0
2  180 8 0 5.22434463588647 5.26114445782302
2  181 59 0 5.22434463588647 5.26114445782302
0

0101000
+853 0 -851 0 *
Ve
1e-07
20.780419820498 -34.37390911205 0
0 0

0101101
*
Ed
 1e-07 1 1 0
1  92 0 1.99999999999775 2.85735220056738
4 CN 8 0 60 0
2  182 8 0 1.99999999999775 2.85735220056738
2  183 60 0 1.99999999999775 2.85735220056738
0

0101000
+849 0 -851 0 *
Ve
1e-07
20.780419820498 -31.5454819873 0
0 0

0101101
*
Ed
 1e-07 1 1 0
1  93 0 4.71238898038222 6.28318530717959
4 CN 8 0 60 0
2  184 8 0 4.71238898038222 6.28318530717959
2  185 60 0 4.71238898038222 6.28318530717959
0

0101000
+847 0 -849 0 *
Ve
1e-07
31.545481987307 -20.78041982049 0
0 0

0101101
*
Ed
 1e-07 1 1 0
1  94 0 2.00000000000481 17.2240969160963
4 CN 8 0 60 0
2  186 8 0 2.00000000000481 17.2240969160963
2  187 60 0 2.00000000000481 17.2240969160963
0

0101000
+847 0 -845 0 *
Ve
1e-07
34.373909112053 -20.78041982049 0
0 0

0101101
*
Ed
 1e-07 1 1 0
1  95 0 1.57079632679737 3.14159265358732
4 CN 8 0 60 0
2  188 8 0 1.57079632679737 3.14159265358732
2  189 60 0 1.57079632679737 3.14159265358732
0

0101000
+845 0 -843 0 *
Ve
1e-07
34.980148666941 -21.38665937538 0
0 0

0101101
*
Ed
 1e-07 1 1 0
1  96 0 1.99999999999775 2.8573522005688
4 CN 8 0 60 0
2  190 8 0 1.99999999999775 2.8573522005688
2  191 60 0 1.99999999999775 2.8573522005688
0

0101000
+843 0 -841 0 *
Ve
1e-07
35.74331344447 -20.08520709403 0
0 0

0101101
*
Ed
 1e-07 1 1 0
1  97 0 5.73442982974135 5.77122965167816
4 C1 8 0 59 0
2  192 8 0 5.73442982974135 5.77122965167816
2  193 59 0 5.73442982974135 5.77122965167816
0

0101000
+841 0 -839 0 *
Ve
1e-07
36.378980708673 -18.90951513386 0
0 0

0101101
*
Ed
 1e-07 1 1 0
1  98 0 5.77122965167816 5.80382949753484
2  194 61 0 5.77122965167816 5.80382949753484
4 C0 8 0 61 0
2  195 8 0 5.77122965167816 5.80382949753484
0

0101000
+839 0 -837 0 *
Ve
1e-07
36.241728558412 -16.83856024422 0
0 0

0101101
*
Ed
 1e-07 1 1 0
1  99 0 0 1
2  196 62 0 0 1
4 C0 8 0 62 0
2  197 8 0 0 1
0

0101000
+835 0 -837 0 *
Ve
1e-07
37.533432159688 -13.72011189145 0
0 0

0101101
*
Ed
 1e-07 1 1 0
1  100 0 2.13718169241606 4.14600361476306
2  198 63 0 2.13718169241606 4.14600361476306
4 C0 8 0 63 0
2  199 8 0 2.13718169241606 4.14600361476306
0

0101000
+833 0 -835 0 *
Ve
1e-07
39.09487033187 -12.35277757163 0
0 0

0101101
*
Ed
 1e-07 1 1 0
1  101 0 0 1
2  200 64 0 0 1
4 C0 8 0 64 0
2  201 8 0 0 1
0

0101000
+831 0 -833 0 *
Ve
1e-07
39.476725456392 -11.07195318092 0
0 0

0101101
*
Ed
 1e-07 1 1 0
1  102 0 5.97714295342755 6.00974279928399
2  202 65 0 5.97714295342755 6.00974279928399
4 C0 8 0 65 0
2  203 8 0 5.97714295342755 6.00974279928399
0

0101000
+831 0 -829 0 *
Ed
 1e-07 1 1 0
1  103 0 3.14159265358979 4.43894647248814
2  204 10 0 3.14159265358979 4.43894647248814
4 C0 8 0 10 0
2  205 8 0 3.14159265358979 4.43894647248814
0

0101000
+1035 0 -829 0 *
Ve
1e-07
39 -9.612048458046 0
0 0

0101101
*
Ed
 1e-07 1 1 0
1  104 0 2 2.857352200569
4 CN 8 0 9 0
2  206 8 0 2 2.857352200569
2  207 9 0 2 2.857352200569
0

0101000
+826 0 -1018 0 *
Ve
1e-07
37 -7.612048458046 0
0 0

0101101
*
Ed
 1e-07 1 1 0
1  105 0 4.71238898038469 6.28318530717959
4 CN 8 0 9 0
2  208 8 0 4.71238898038469 6.28318530717959
2  209 9 0 4.71238898038469 6.28318530717959
0

0101000
+824 0 -826 0 *
Ve
1e-07
37 7.612048458046 0
0 0

0101101
*
Ed
 1e-07 1 1 0
1  106 0 2 17.224096916092
4 CN 8 0 9 0
2  210 8 0 2 17.224096916092
2  211 9 0 2 17.224096916092
0

0101000
+824 0 -822 0 *
Ve
1e-07
39 9.612048458046 0
0 0

0101101
*
Ed
 1e-07 1 1 0
1  107 0 1.5707963267949 3.14159265358979
4 CN 8 0 9 0
2  212 8 0 1.5707963267949 3.14159265358979
2  213 9 0 1.5707963267949 3.14159265358979
0

0101000
+822 0 -820 0 *
Ed
 1e-07 1 1 0
1  108 0 2 2.857352200569
4 CN 8 0 9 0
2  214 8 0 2 2.857352200569
2  215 9 0 2 2.857352200569
0

0101000
+820 0 -1022 0 *
Ed
 1e-07 1 1 0
1  109 0 0 1.29735381889931
2  216 66 0 0 1.29735381889931
4 C0 8 0 66 0
2  217 8 0 0 1.29735381889931
0

0101000
+1024 0 -1006 0 *
Wi

0101100
+1004 0 -1002 0 -1000 0 -998 0 +996 0 +994 0 -992 0 -990 0 +988 0 +986 0 
+984 0 +982 0 +980 0 -978 0 -976 0 -974 0 +972 0 +970 0 -968 0 -966 0 
+964 0 +962 0 +960 0 +958 0 +956 0 -954 0 -952 0 -950 0 +948 0 +946 0 
-944 0 -942 0 +940 0 +938 0 +936 0 +934 0 +932 0 -930 0 -928 0 -926 0 
+924 0 +922 0 -920 0 -918 0 +916 0 +914 0 +912 0 +910 0 +908 0 -906 0 
-904 0 -902 0 +900 0 +898 0 -896 0 -894 0 +892 0 +890 0 +888 0 +886 0 
+884 0 -882 0 -880 0 -878 0 +876 0 +874 0 -872 0 -870 0 +868 0 +866 0 
+864 0 +862 0 +860 0 -858 0 -856 0 -854 0 +852 0 +850 0 -848 0 -846 0 
+844 0 +842 0 +840 0 +838 0 +836 0 -834 0 -832 0 -830 0 +828 0 -827 0 
-1016 0 -825 0 -823 0 +821 0 +819 0 +818 0 +1021 0 +817 0 *
Ve
1e-07
20 -4.898587196589e-15 0
0 0

0101101
*
Ed
 1e-07 1 1 0
1  110 0 0 6.28318530717959
2  218 67 0 0 6.28318530717959
4 C0 8 0 67 0
2  219 8 0 0 6.28318530717959
0

0101100
+815 0 -815 0 *
Wi

0101100
-814 0 *
Fa
0  1e-07 8 0

0111000
+816 0 +813 0 *
Ve
1e-07
74.440504168891 -8.978404038651 15
0 0

0101101
*
Ed
 1e-07 1 1 0
1  111 0 5.46449444122053 6.28318530717959
2  220 3 0 5.46449444122053 6.28318530717959
4 C0 3 0 11 0
0

0101000
+811 0 -1011 0 *
Ed
 1e-07 1 1 0
1  112 0 0 15
2  221 3 0 0 15
2  222 4 0 0 15
4 C0 3 0 4 0
0

0101000
+1032 0 -811 0 *
Wi

0101100
+810 0 -1009 0 -1031 0 +809 0 *
Fa
0  1e-07 3 0

0111000
+808 0 *
Wi

0101100
+1017 0 +1019 0 -818 0 -819 0 -821 0 +823 0 +825 0 *
Fa
0  1e-07 9 0

0111000
+806 0 *
Ve
1e-07
74.98 -1.806418589701e-14 15
0 0

0101101
*
Ed
 1e-07 1 1 0
1  113 0 0.2 15.2
2  223 4 0 0.2 15.2
2  224 5 0 0.2 15.2
4 CN 4 0 5 0
0

0101000
+1030 0 -804 0 *
Ed
 1e-07 1 1 0
1  114 0 6.16315329864397 6.28318530717959
2  225 4 0 6.16315329864397 6.28318530717959
4 C0 4 0 11 0
0

0101000
+811 0 -804 0 *
Wi

0101100
+803 0 -802 0 -809 0 +1029 0 *
Fa
0  1e-07 4 0

0111000
+801 0 *
Ve
1e-07
74.440504168891 8.978404038651 15
0 0

0101101
*
Ed
 1e-07 1 1 0
1  115 0 0 0.120032008535615
2  226 5 0 0 0.120032008535615
4 C0 5 0 11 0
0

0101000
+804 0 -799 0 *
Ed
 1e-07 1 1 0
1  116 0 0 15
2  227 5 0 0 15
2  228 6 0 0 15
4 C0 5 0 6 0
0

0101000
+1028 0 -799 0 *
Wi

0101100
-798 0 -803 0 +1027 0 +797 0 *
Fa
0  1e-07 5 0

0111000
+796 0 *
Ve
1e-07
72.98 9.612048458046 15
0 0

0101101
*
Ed
 1e-07 1 1 0
1  117 0 0 15
2  229 6 0 0 15
4 G1 6 0 7 0
2  230 7 0 0 15
0

0101000
+1026 0 -794 0 *
Ed
 1e-07 1 1 0
1  118 0 2.32290178763074 3.14159265358979
2  231 6 0 2.32290178763074 3.14159265358979
4 C0 6 0 11 0
0

0101000
+799 0 -794 0 *
Wi

0101100
-797 0 +1025 0 +793 0 -792 0 *
Fa
0  1e-07 6 0

0111000
+791 0 *
Ve
1e-07
41.402419381094 9.612048458046 15
0 0

0101101
*
Ed
 1e-07 1 1 0
1  119 0 0 15
2  232 66 0 0 15
4 G1 7 0 66 0
2  233 7 0 0 15
0

0101000
+1024 0 -789 0 *
Ed
 1e-07 1 1 0
1  120 0 4.402419381094 35.98
4 C0 7 0 11 0
2  234 7 0 4.402419381094 35.98
0

0101000
+789 0 -794 0 *
Wi

0101100
-1023 0 +788 0 +787 0 -793 0 *
Fa
0  1e-07 7 0

0111000
+786 0 *
Ve
1e-07
39.476725456392 -11.07195318092 15
0 0

0101101
*
Ed
 1e-07 1 1 0
1  121 0 0 15
2  235 10 0 0 15
2  236 65 0 0 15
4 G1 10 0 65 0
0

0101000
+829 0 -784 0 *
Ed
 1e-07 1 1 0
1  122 0 3.14159265358979 4.43894647248814
2  237 10 0 3.14159265358979 4.43894647248814
4 C0 10 0 68 0
0

0101000
+1013 0 -784 0 *
Wi

0101100
+827 0 +783 0 -782 0 -1012 0 *
Fa
0  1e-07 10 0

0111000
+781 0 *
Ve
1e-07
39.857352200569 9.612048458045 15
0 0

0101101
*
Ed
 1e-07 1 1 0
1  123 0 2.857352200569 4.402419381094
4 CN 11 0 68 0
0

0101000
+779 0 -789 0 *
Ve
1e-07
41 -1.004210375301e-14 15
0 0

0101101
*
Ed
 1e-07 1 1 0
1  124 0 0 0.236642685959085
4 CN 11 0 69 0
0

0101000
+777 0 -779 0 *
Ve
1e-07
39.857352200569 -9.612048458045 15
0 0

0101101
*
Ed
 1e-07 1 1 0
1  125 0 6.0465426212205 6.28318530717959
4 CN 11 0 69 0
0

0101000
+775 0 -777 0 *
Ed
 1e-07 1 1 0
1  126 0 2.857352200569 4.402419381094
4 CN 11 0 68 0
0

0101000
+775 0 -1013 0 *
Wi

0101100
+1010 0 -810 0 +802 0 +798 0 +792 0 -787 0 -778 0 -776 0 -774 0 +773 0 
*
Fa
0  1e-07 11 0

0111000
+772 0 *
Ve
1e-07
39.476725456392 11.071953180928 15
0 0

0101101
*
Ve
1e-07
39.094870331867 12.352777571645 15
0 0

0101101
*
Ed
 1e-07 1 1 0
1  127 0 0.273442507895788 0.306042353752408
2  238 12 0 0.273442507895788 0.306042353752408
4 C0 12 0 68 0
0

0101000
+770 0 -769 0 *
Ed
 1e-07 1 1 0
1  128 0 0 15
2  239 12 0 0 15
2  240 66 0 0 15
4 G1 12 0 66 0
0

0101000
+1006 0 -770 0 *
Ed
 1e-07 1 1 0
1  129 0 2.630404574711e-14 15
2  241 12 0 2.630404574711e-14 15
2  242 13 0 2.630404574711e-14 15
4 G1 12 0 13 0
0

0101000
+1005 0 -769 0 *
Wi

0101100
-768 0 -767 0 +1004 0 +766 0 *
Fa
0  1e-07 12 0

0111000
+765 0 *
Ed
 1e-07 1 1 0
1  130 0 0 1.29735381889931
2  243 66 0 0 1.29735381889931
4 C0 66 0 68 0
0

0101000
+789 0 -770 0 *
Wi

0101100
+788 0 +763 0 -767 0 -817 0 *
Fa
0  1e-07 66 0

0111000
+762 0 *
Ve
1e-07
37.533432159686 13.720111891462 15
0 0

0101101
*
Ed
 1e-07 1 1 0
1  131 0 0 1
2  244 13 0 0 1
4 C0 13 0 68 0
0

0101000
+760 0 -769 0 *
Ed
 1e-07 1 1 0
1  132 0 2.630404574711e-14 15
2  245 13 0 2.630404574711e-14 15
2  246 14 0 2.630404574711e-14 15
4 G1 13 0 14 0
0

0101000
+1003 0 -760 0 *
Wi

0101100
+1002 0 +766 0 -759 0 -758 0 *
Fa
0  1e-07 13 0

0111000
+757 0 *
Ve
1e-07
36.24172855841 16.838560244229 15
0 0

0101101
*
Ed
 1e-07 1 1 0
1  133 0 2.1371816924171 4.14600361476228
2  247 14 0 2.1371816924171 4.14600361476228
4 C0 14 0 68 0
0

0101000
+755 0 -760 0 *
Ed
 1e-07 1 1 0
1  134 0 2.657292788588e-14 15
2  248 14 0 2.657292788588e-14 15
2  249 15 0 2.657292788588e-14 15
4 G1 14 0 15 0
0

0101000
+1001 0 -755 0 *
Wi

0101100
+1000 0 +758 0 -754 0 -753 0 *
Fa
0  1e-07 14 0

0111000
+752 0 *
Ve
1e-07
36.378980708671 18.909515133873 15
0 0

0101101
*
Ed
 1e-07 1 1 0
1  135 0 0 1
2  250 15 0 0 1
4 C0 15 0 68 0
0

0101000
+750 0 -755 0 *
Ed
 1e-07 1 1 0
1  136 0 2.657292788588e-14 15
2  251 15 0 2.657292788588e-14 15
2  252 16 0 2.657292788588e-14 15
4 G1 15 0 16 0
0

0101000
+999 0 -750 0 *
Wi

0101100
+998 0 +753 0 -749 0 -748 0 *
Fa
0  1e-07 15 0

0111000
+747 0 *
Ve
1e-07
35.743313444468 20.085207094041 15
0 0

0101101
*
Ed
 1e-07 1 1 0
1  137 0 0.47935580964505 0.511955655501683
2  253 16 0 0.47935580964505 0.511955655501683
4 C0 16 0 68 0
0

0101000
+750 0 -745 0 *
Ed
 1e-07 1 1 0
1  138 0 0 15
2  254 16 0 0 15
2  255 70 0 0 15
4 G1 16 0 70 0
0

0101000
+997 0 -745 0 *
Wi

0101100
-744 0 -748 0 +996 0 +743 0 *
Fa
0  1e-07 16 0

0111000
+742 0 *
Ve
1e-07
36.072676147679 22.479186856124 0
0 0

0101101
*
Ve
1e-07
58.401397536772 44.807908245217 0
0 0

0101101
*
Ed
 1e-07 1 1 0
1  139 0 4.40241938109449 35.98
4 C0 17 0 71 0
2  256 17 0 4.40241938109449 35.98
2  257 71 0 4.40241938109449 35.98
0

0101000
+740 0 -739 0 *
Ve
1e-07
58.986075672731 46.288694912806 0
0 0

0101101
*
Ed
 1e-07 1 1 0
1  140 0 5.46449444122061 6.28318530717959
2  258 72 0 5.46449444122061 6.28318530717959
4 C0 17 0 72 0
2  259 17 0 5.46449444122061 6.28318530717959
0

0101000
+737 0 -739 0 *
Ve
1e-07
53.018866453367 53.018866453367 0
0 0

0101101
*
Ed
 1e-07 1 1 0
1  141 0 0.66536615486184 0.785398163397448
2  260 73 0 0.66536615486184 0.785398163397448
4 C0 17 0 73 0
2  261 17 0 0.66536615486184 0.785398163397448
0

0101000
+737 0 -735 0 *
Ve
1e-07
46.288694912806 58.986075672731 0
0 0

0101101
*
Ed
 1e-07 1 1 0
1  142 0 0.785398163397448 0.905430171933057
2  262 74 0 0.785398163397448 0.905430171933057
4 C0 17 0 74 0
2  263 17 0 0.785398163397448 0.905430171933057
0

0101000
+735 0 -733 0 *
Ve
1e-07
44.807908245217 58.401397536772 0
0 0

0101101
*
Ed
 1e-07 1 1 0
1  143 0 2.32290178763082 3.14159265358979
2  264 75 0 2.32290178763082 3.14159265358979
4 C0 17 0 75 0
2  265 17 0 2.32290178763082 3.14159265358979
0

0101000
+733 0 -731 0 *
Ve
1e-07
22.479186856124 36.072676147679 0
0 0

0101101
*
Ed
 1e-07 1 1 0
1  144 0 4.40241938109449 35.98
4 C0 17 0 76 0
2  266 17 0 4.40241938109449 35.98
2  267 76 0 4.40241938109449 35.98
0

0101000
+729 0 -731 0 *
Ed
 1e-07 1 1 0
1  145 0 5.77122965167809 7.06858347057739
2  268 77 0 5.77122965167809 7.06858347057739
4 C0 17 0 77 0
2  269 17 0 5.77122965167809 7.06858347057739
0

0101000
+983 0 -729 0 *
Ed
 1e-07 1 1 0
1  146 0 0.548755477438321 1.02204084935658
4 C1 17 0 18 0
2  270 17 0 0.548755477438321 1.02204084935658
2  271 18 0 0.548755477438321 1.02204084935658
0

0101000
+995 0 -985 0 *
Ed
 1e-07 1 1 0
1  147 0 1.0588406712934 2.3561944901927
2  272 70 0 1.0588406712934 2.3561944901927
4 C0 17 0 70 0
2  273 17 0 1.0588406712934 2.3561944901927
0

0101000
+997 0 -740 0 *
Wi

0101100
+738 0 -736 0 +734 0 +732 0 +730 0 -728 0 -727 0 -982 0 -726 0 -994 0 
+725 0 *
Fa
0  1e-07 17 0

0111000
+724 0 *
Wi

0101100
+992 0 +726 0 -984 0 -986 0 -988 0 +990 0 *
Fa
0  1e-07 18 0

0111000
+722 0 *
Ve
1e-07
39.09487033187 -12.35277757163 15
0 0

0101101
*
Ed
 1e-07 1 1 0
1  148 0 5.97714295342755 6.00974279928399
2  274 65 0 5.97714295342755 6.00974279928399
4 C0 65 0 68 0
0

0101000
+720 0 -784 0 *
Ed
 1e-07 1 1 0
1  149 0 2.692151841814e-14 15
2  275 65 0 2.692151841814e-14 15
2  276 64 0 2.692151841814e-14 15
4 G1 65 0 64 0
0

0101000
+831 0 -720 0 *
Wi

0101100
-719 0 -718 0 +828 0 +783 0 *
Fa
0  1e-07 65 0

0111000
+717 0 *
Ve
1e-07
37.533432159688 -13.72011189145 15
0 0

0101101
*
Ed
 1e-07 1 1 0
1  150 0 2.692151841814e-14 15
2  277 64 0 2.692151841814e-14 15
2  278 63 0 2.692151841814e-14 15
4 G1 64 0 63 0
0

0101000
+833 0 -715 0 *
Ed
 1e-07 1 1 0
1  151 0 0 1
2  279 64 0 0 1
4 C0 64 0 68 0
0

0101000
+720 0 -715 0 *
Wi

0101100
+830 0 +714 0 -713 0 -718 0 *
Fa
0  1e-07 64 0

0111000
+712 0 *
Ve
1e-07
36.241728558412 -16.83856024422 15
0 0

0101101
*
Ed
 1e-07 1 1 0
1  152 0 2.635354083282e-14 15
2  280 63 0 2.635354083282e-14 15
2  281 62 0 2.635354083282e-14 15
4 G1 63 0 62 0
0

0101000
+835 0 -710 0 *
Ed
 1e-07 1 1 0
1  153 0 2.13718169241606 4.14600361476306
2  282 63 0 2.13718169241606 4.14600361476306
4 C0 63 0 68 0
0

0101000
+715 0 -710 0 *
Wi

0101100
+832 0 +709 0 -708 0 -714 0 *
Fa
0  1e-07 63 0

0111000
+707 0 *
Ve
1e-07
20.085207094041 35.743313444468 15
0 0

0101101
*
Ve
1e-07
18.909515133873 36.378980708671 15
0 0

0101101
*
Ed
 1e-07 1 1 0
1  154 0 1.05884067129321 1.09144051714985
2  283 19 0 1.05884067129321 1.09144051714985
4 C0 19 0 68 0
0

0101000
+705 0 -704 0 *
Ed
 1e-07 1 1 0
1  155 0 0 15
2  284 19 0 0 15
2  285 77 0 0 15
4 G1 19 0 77 0
0

0101000
+983 0 -705 0 *
Ed
 1e-07 1 1 0
1  156 0 2.639945553828e-14 15
2  286 19 0 2.639945553828e-14 15
2  287 20 0 2.639945553828e-14 15
4 G1 19 0 20 0
0

0101000
+981 0 -704 0 *
Wi

0101100
-703 0 -702 0 +980 0 +701 0 *
Fa
0  1e-07 19 0

0111000
+700 0 *
Ve
1e-07
36.378980708673 -18.90951513386 15
0 0

0101101
*
Ed
 1e-07 1 1 0
1  157 0 2.635354083282e-14 15
2  288 62 0 2.635354083282e-14 15
2  289 61 0 2.635354083282e-14 15
4 G1 62 0 61 0
0

0101000
+837 0 -698 0 *
Ed
 1e-07 1 1 0
1  158 0 0 1
2  290 62 0 0 1
4 C0 62 0 68 0
0

0101000
+710 0 -698 0 *
Wi

0101100
+834 0 +697 0 -696 0 -709 0 *
Fa
0  1e-07 62 0

0111000
+695 0 *
Ve
1e-07
16.838560244229 36.24172855841 15
0 0

0101101
*
Ed
 1e-07 1 1 0
1  159 0 0 1
2  291 20 0 0 1
4 C0 20 0 68 0
0

0101000
+693 0 -704 0 *
Ed
 1e-07 1 1 0
1  160 0 2.639945553828e-14 15
2  292 20 0 2.639945553828e-14 15
2  293 21 0 2.639945553828e-14 15
4 G1 20 0 21 0
0

0101000
+979 0 -693 0 *
Wi

0101100
+978 0 +701 0 -692 0 -691 0 *
Fa
0  1e-07 20 0

0111000
+690 0 *
Ve
1e-07
35.74331344447 -20.08520709403 15
0 0

0101101
*
Ed
 1e-07 1 1 0
1  161 0 5.77122965167816 5.80382949753484
2  294 61 0 5.77122965167816 5.80382949753484
4 C0 61 0 68 0
0

0101000
+688 0 -698 0 *
Ed
 1e-07 1 1 0
1  162 0 0 15
2  295 61 0 0 15
2  296 78 0 0 15
4 G1 61 0 78 0
0

0101000
+839 0 -688 0 *
Wi

0101100
-687 0 -686 0 +836 0 +697 0 *
Fa
0  1e-07 61 0

0111000
+685 0 *
Ve
1e-07
13.720111891462 37.533432159686 15
0 0

0101101
*
Ed
 1e-07 1 1 0
1  163 0 2.1371816924173 4.14600361476249
2  297 21 0 2.1371816924173 4.14600361476249
4 C0 21 0 68 0
0

0101000
+683 0 -693 0 *
Ed
 1e-07 1 1 0
1  164 0 2.68964328427e-14 15
2  298 21 0 2.68964328427e-14 15
2  299 22 0 2.68964328427e-14 15
4 G1 21 0 22 0
0

0101000
+977 0 -683 0 *
Wi

0101100
+976 0 +691 0 -682 0 -681 0 *
Fa
0  1e-07 21 0

0111000
+680 0 *
Ve
1e-07
22.479186856124 -36.07267614767 0
0 0

0101101
*
Ve
1e-07
44.807908245217 -58.40139753677 0
0 0

0101101
*
Ed
 1e-07 1 1 0
1  165 0 4.40241938108813 35.9799999999986
4 C0 59 0 79 0
2  300 59 0 4.40241938108813 35.9799999999986
2  301 79 0 4.40241938108813 35.9799999999986
0

0101000
+678 0 -677 0 *
Ve
1e-07
46.288694912806 -58.98607567273 0
0 0

0101101
*
Ed
 1e-07 1 1 0
1  166 0 5.46449444122075 6.28318530717959
2  302 80 0 5.46449444122075 6.28318530717959
4 C0 59 0 80 0
2  303 59 0 5.46449444122075 6.28318530717959
0

0101000
+675 0 -677 0 *
Ve
1e-07
53.018866453367 -53.01886645336 0
0 0

0101101
*
Ed
 1e-07 1 1 0
1  167 0 5.37775513524654 5.4977871437822
2  304 81 0 5.37775513524654 5.4977871437822
4 C0 59 0 81 0
2  305 59 0 5.37775513524654 5.4977871437822
0

0101000
+675 0 -673 0 *
Ve
1e-07
58.986075672731 -46.2886949128 0
0 0

0101101
*
Ed
 1e-07 1 1 0
1  168 0 5.4977871437822 5.61781915231781
2  306 82 0 5.4977871437822 5.61781915231781
4 C0 59 0 82 0
2  307 59 0 5.4977871437822 5.61781915231781
0

0101000
+673 0 -671 0 *
Ve
1e-07
58.401397536772 -44.80790824521 0
0 0

0101101
*
Ed
 1e-07 1 1 0
1  169 0 2.32290178763382 3.14159265359227
2  308 83 0 2.32290178763382 3.14159265359227
4 C0 59 0 83 0
2  309 59 0 2.32290178763382 3.14159265359227
0

0101000
+671 0 -669 0 *
Ve
1e-07
36.07267614768 -22.47918685612 0
0 0

0101101
*
Ed
 1e-07 1 1 0
1  170 0 4.40241938109591 35.9799999999986
4 C0 59 0 84 0
2  310 59 0 4.40241938109591 35.9799999999986
2  311 84 0 4.40241938109591 35.9799999999986
0

0101000
+667 0 -669 0 *
Ed
 1e-07 1 1 0
1  171 0 4.20043332488251 5.49778714378461
2  312 78 0 4.20043332488251 5.49778714378461
4 C0 59 0 78 0
2  313 59 0 4.20043332488251 5.49778714378461
0

0101000
+839 0 -667 0 *
Ed
 1e-07 1 1 0
1  172 0 5.26114445782302 5.73442982974135
4 C1 59 0 60 0
2  314 59 0 5.26114445782302 5.73442982974135
2  315 60 0 5.26114445782302 5.73442982974135
0

0101000
+851 0 -841 0 *
Ed
 1e-07 1 1 0
1  173 0 2.62963699808977 3.92699081698512
2  316 85 0 2.62963699808977 3.92699081698512
4 C0 59 0 85 0
2  317 59 0 2.62963699808977 3.92699081698512
0

0101000
+853 0 -678 0 *
Wi

0101100
+676 0 -674 0 +672 0 +670 0 +668 0 -666 0 -665 0 -838 0 -664 0 -850 0 
+663 0 *
Fa
0  1e-07 59 0

0111000
+662 0 *
Ve
1e-07
12.352777571645 39.094870331867 15
0 0

0101101
*
Ed
 1e-07 1 1 0
1  174 0 0 1
2  318 22 0 0 1
4 C0 22 0 68 0
0

0101000
+660 0 -683 0 *
Ed
 1e-07 1 1 0
1  175 0 2.68964328427e-14 15
2  319 22 0 2.68964328427e-14 15
2  320 23 0 2.68964328427e-14 15
4 G1 22 0 23 0
0

0101000
+975 0 -660 0 *
Wi

0101100
+974 0 +681 0 -659 0 -658 0 *
Fa
0  1e-07 22 0

0111000
+657 0 *
Wi

0101100
+664 0 -840 0 -842 0 -844 0 +846 0 +848 0 *
Fa
0  1e-07 60 0

0111000
+655 0 *
Ve
1e-07
11.071953180928 39.476725456392 15
0 0

0101101
*
Ed
 1e-07 1 1 0
1  176 0 1.26475397304249 1.29735381889911
2  321 23 0 1.26475397304249 1.29735381889911
4 C0 23 0 68 0
0

0101000
+660 0 -653 0 *
Ed
 1e-07 1 1 0
1  177 0 0 15
2  322 23 0 0 15
2  323 86 0 0 15
4 G1 23 0 86 0
0

0101000
+973 0 -653 0 *
Wi

0101100
-652 0 -658 0 +972 0 +651 0 *
Fa
0  1e-07 23 0

0111000
+650 0 *
Ve
1e-07
9.612048458046 41.402419381094 0
0 0

0101101
*
Ve
1e-07
9.612048458046 72.98 0
0 0

0101101
*
Ed
 1e-07 1 1 0
1  178 0 4.402419381094 35.98
4 C0 24 0 87 0
2  324 24 0 4.402419381094 35.98
2  325 87 0 4.402419381094 35.98
0

0101000
+648 0 -647 0 *
Ve
1e-07
8.978404038651 74.440504168891 0
0 0

0101101
*
Ed
 1e-07 1 1 0
1  179 0 5.46449444122053 6.28318530717959
2  326 88 0 5.46449444122053 6.28318530717959
4 C0 24 0 88 0
2  327 24 0 5.46449444122053 6.28318530717959
0

0101000
+645 0 -647 0 *
Ve
1e-07
8.881784197001e-15 74.98 0
0 0

0101101
*
Ed
 1e-07 1 1 0
1  180 0 1.45076431825928 1.5707963267949
2  328 89 0 1.45076431825928 1.5707963267949
4 C0 24 0 89 0
2  329 24 0 1.45076431825928 1.5707963267949
0

0101000
+645 0 -643 0 *
Ve
1e-07
-8.978404038651 74.440504168891 0
0 0

0101101
*
Ed
 1e-07 1 1 0
1  181 0 1.5707963267949 1.69082833533051
2  330 90 0 1.5707963267949 1.69082833533051
4 C0 24 0 90 0
2  331 24 0 1.5707963267949 1.69082833533051
0

0101000
+643 0 -641 0 *
Ve
1e-07
-9.612048458045 72.98 0
0 0

0101101
*
Ed
 1e-07 1 1 0
1  182 0 2.3229017876311 3.14159265358979
2  332 91 0 2.3229017876311 3.14159265358979
4 C0 24 0 91 0
2  333 24 0 2.3229017876311 3.14159265358979
0

0101000
+641 0 -639 0 *
Ve
1e-07
-9.612048458046 41.402419381094 0
0 0

0101101
*
Ed
 1e-07 1 1 0
1  183 0 4.402419381094 35.98
4 C0 24 0 92 0
2  334 24 0 4.402419381094 35.98
2  335 92 0 4.402419381094 35.98
0

0101000
+637 0 -639 0 *
Ed
 1e-07 1 1 0
1  184 0 0.273442507896547 1.5707963267949
2  336 93 0 0.273442507896547 1.5707963267949
4 C0 24 0 93 0
2  337 24 0 0.273442507896547 1.5707963267949
0

0101000
+959 0 -637 0 *
Ed
 1e-07 1 1 0
1  185 0 1.33415364083581 1.80743901275398
4 G2 24 0 25 0
2  338 24 0 1.33415364083581 1.80743901275398
2  339 25 0 1.33415364083581 1.80743901275398
0

0101000
+971 0 -961 0 *
Ed
 1e-07 1 1 0
1  186 0 0.273442507895584 1.5707963267949
2  340 86 0 0.273442507895584 1.5707963267949
4 C0 24 0 86 0
2  341 24 0 0.273442507895584 1.5707963267949
0

0101000
+973 0 -648 0 *
Wi

0101100
+646 0 -644 0 +642 0 +640 0 +638 0 -636 0 -635 0 -958 0 -634 0 -970 0 
+633 0 *
Fa
0  1e-07 24 0

0111000
+632 0 *
Wi

0101100
+634 0 -960 0 -962 0 -964 0 +966 0 +968 0 *
Fa
0  1e-07 25 0

0111000
+630 0 *
Ve
1e-07
18.909515133876 -36.37898070866 15
0 0

0101101
*
Ve
1e-07
20.085207094041 -35.74331344446 15
0 0

0101101
*
Ed
 1e-07 1 1 0
1  187 0 5.19174479002993 5.22434463588647
2  342 58 0 5.19174479002993 5.22434463588647
4 C0 58 0 68 0
0

0101000
+628 0 -627 0 *
Ed
 1e-07 1 1 0
1  188 0 2.64649413495e-14 15
2  343 58 0 2.64649413495e-14 15
2  344 57 0 2.64649413495e-14 15
4 G1 58 0 57 0
0

0101000
+855 0 -628 0 *
Ed
 1e-07 1 1 0
1  189 0 0 15
2  345 58 0 0 15
2  346 85 0 0 15
4 G1 58 0 85 0
0

0101000
+853 0 -627 0 *
Wi

0101100
-626 0 -625 0 +852 0 +624 0 *
Fa
0  1e-07 58 0

0111000
+623 0 *
Ve
1e-07
16.83856024423 -36.2417285584 15
0 0

0101101
*
Ed
 1e-07 1 1 0
1  190 0 2.64649413495e-14 15
2  347 57 0 2.64649413495e-14 15
2  348 56 0 2.64649413495e-14 15
4 G1 57 0 56 0
0

0101000
+857 0 -621 0 *
Ed
 1e-07 1 1 0
1  191 0 0 1
2  349 57 0 0 1
4 C0 57 0 68 0
0

0101000
+628 0 -621 0 *
Wi

0101100
+854 0 +620 0 -619 0 -625 0 *
Fa
0  1e-07 57 0

0111000
+618 0 *
Ve
1e-07
13.720111891462 -37.53343215968 15
0 0

0101101
*
Ed
 1e-07 1 1 0
1  192 0 2.624289674458e-14 15
2  350 56 0 2.624289674458e-14 15
2  351 55 0 2.624289674458e-14 15
4 G1 56 0 55 0
0

0101000
+859 0 -616 0 *
Ed
 1e-07 1 1 0
1  193 0 2.1371816924187 4.1460036147608
2  352 56 0 2.1371816924187 4.1460036147608
4 C0 56 0 68 0
0

0101000
+621 0 -616 0 *
Wi

0101100
+856 0 +615 0 -614 0 -620 0 *
Fa
0  1e-07 56 0

0111000
+613 0 *
Ve
1e-07
-11.07195318092 39.476725456392 15
0 0

0101101
*
Ve
1e-07
-12.35277757163 39.09487033187 15
0 0

0101101
*
Ed
 1e-07 1 1 0
1  194 0 1.8442388346905 1.87683868054693
2  353 26 0 1.8442388346905 1.87683868054693
4 C0 26 0 68 0
0

0101000
+611 0 -610 0 *
Ed
 1e-07 1 1 0
1  195 0 0 15
2  354 26 0 0 15
2  355 93 0 0 15
4 G1 26 0 93 0
0

0101000
+959 0 -611 0 *
Ed
 1e-07 1 1 0
1  196 0 2.624376410632e-14 15
2  356 26 0 2.624376410632e-14 15
2  357 27 0 2.624376410632e-14 15
4 G1 26 0 27 0
0

0101000
+957 0 -610 0 *
Wi

0101100
-609 0 -608 0 +956 0 +607 0 *
Fa
0  1e-07 26 0

0111000
+606 0 *
Ve
1e-07
12.352777571644 -39.09487033186 15
0 0

0101101
*
Ed
 1e-07 1 1 0
1  197 0 2.624289674458e-14 15
2  358 55 0 2.624289674458e-14 15
2  359 54 0 2.624289674458e-14 15
4 G1 55 0 54 0
0

0101000
+861 0 -604 0 *
Ed
 1e-07 1 1 0
1  198 0 0 1
2  360 55 0 0 1
4 C0 55 0 68 0
0

0101000
+616 0 -604 0 *
Wi

0101100
+858 0 +603 0 -602 0 -615 0 *
Fa
0  1e-07 55 0

0111000
+601 0 *
Ve
1e-07
-13.72011189145 37.533432159688 15
0 0

0101101
*
Ed
 1e-07 1 1 0
1  199 0 0 1
2  361 27 0 0 1
4 C0 27 0 68 0
0

0101000
+599 0 -610 0 *
Ed
 1e-07 1 1 0
1  200 0 2.624376410632e-14 15
2  362 27 0 2.624376410632e-14 15
2  363 28 0 2.624376410632e-14 15
4 G1 27 0 28 0
0

0101000
+955 0 -599 0 *
Wi

0101100
+954 0 +607 0 -598 0 -597 0 *
Fa
0  1e-07 27 0

0111000
+596 0 *
Ve
1e-07
11.071953180927 -39.47672545639 15
0 0

0101101
*
Ed
 1e-07 1 1 0
1  201 0 4.98583148828047 5.01843133413713
2  364 54 0 4.98583148828047 5.01843133413713
4 C0 54 0 68 0
0

0101000
+594 0 -604 0 *
Ed
 1e-07 1 1 0
1  202 0 0 15
2  365 54 0 0 15
2  366 94 0 0 15
4 G1 54 0 94 0
0

0101000
+863 0 -594 0 *
Wi

0101100
-593 0 -592 0 +860 0 +603 0 *
Fa
0  1e-07 54 0

0111000
+591 0 *
Ve
1e-07
-16.83856024422 36.241728558412 15
0 0

0101101
*
Ed
 1e-07 1 1 0
1  203 0 2.13718169241653 4.14600361476353
2  367 28 0 2.13718169241653 4.14600361476353
4 C0 28 0 68 0
0

0101000
+589 0 -599 0 *
Ed
 1e-07 1 1 0
1  204 0 2.629727700583e-14 15
2  368 28 0 2.629727700583e-14 15
2  369 29 0 2.629727700583e-14 15
4 G1 28 0 29 0
0

0101000
+953 0 -589 0 *
Wi

0101100
+952 0 +597 0 -588 0 -587 0 *
Fa
0  1e-07 28 0

0111000
+586 0 *
Ve
1e-07
-9.612048458046 -41.40241938109 0
0 0

0101101
*
Ve
1e-07
-9.612048458046 -72.98 0
0 0

0101101
*
Ed
 1e-07 1 1 0
1  205 0 4.40241938109 35.98
4 C0 52 0 95 0
2  370 52 0 4.40241938109 35.98
2  371 95 0 4.40241938109 35.98
0

0101000
+584 0 -583 0 *
Ve
1e-07
-8.978404038651 -74.44050416889 0
0 0

0101101
*
Ed
 1e-07 1 1 0
1  206 0 5.46449444122087 6.28318530717959
2  372 96 0 5.46449444122087 6.28318530717959
4 C0 52 0 96 0
2  373 52 0 5.46449444122087 6.28318530717959
0

0101000
+581 0 -583 0 *
Ve
1e-07
-1.59872115546e-14 -74.98 0
0 0

0101101
*
Ed
 1e-07 1 1 0
1  207 0 4.59235697184907 4.71238898038469
2  374 97 0 4.59235697184907 4.71238898038469
4 C0 52 0 97 0
2  375 52 0 4.59235697184907 4.71238898038469
0

0101000
+581 0 -579 0 *
Ve
1e-07
8.978404038651 -74.44050416889 0
0 0

0101101
*
Ed
 1e-07 1 1 0
1  208 0 4.71238898038469 4.83242098892031
2  376 98 0 4.71238898038469 4.83242098892031
4 C0 52 0 98 0
2  377 52 0 4.71238898038469 4.83242098892031
0

0101000
+579 0 -577 0 *
Ve
1e-07
9.612048458045 -72.98 0
0 0

0101101
*
Ed
 1e-07 1 1 0
1  209 0 2.32290178763144 3.14159265358979
2  378 99 0 2.32290178763144 3.14159265358979
4 C0 52 0 99 0
2  379 52 0 2.32290178763144 3.14159265358979
0

0101000
+577 0 -575 0 *
Ve
1e-07
9.612048458045 -41.40241938109 0
0 0

0101101
*
Ed
 1e-07 1 1 0
1  210 0 4.40241938109 35.98
4 C0 52 0 100 0
2  380 52 0 4.40241938109 35.98
2  381 100 0 4.40241938109 35.98
0

0101000
+573 0 -575 0 *
Ed
 1e-07 1 1 0
1  211 0 3.41503516148565 4.71238898038469
2  382 94 0 3.41503516148565 4.71238898038469
4 C0 52 0 94 0
2  383 52 0 3.41503516148565 4.71238898038469
0

0101000
+863 0 -573 0 *
Ed
 1e-07 1 1 0
1  212 0 4.47574629442553 4.94903166634383
4 G2 52 0 53 0
2  384 52 0 4.47574629442553 4.94903166634383
2  385 53 0 4.47574629442553 4.94903166634383
0

0101000
+875 0 -865 0 *
Ed
 1e-07 1 1 0
1  213 0 3.41503516148661 4.71238898038469
2  386 101 0 3.41503516148661 4.71238898038469
4 C0 52 0 101 0
2  387 52 0 3.41503516148661 4.71238898038469
0

0101000
+877 0 -584 0 *
Wi

0101100
+582 0 -580 0 +578 0 +576 0 +574 0 -572 0 -571 0 -862 0 -570 0 -874 0 
+569 0 *
Fa
0  1e-07 52 0

0111000
+568 0 *
Ve
1e-07
-18.90951513386 36.378980708673 15
0 0

0101101
*
Ed
 1e-07 1 1 0
1  214 0 0 1
2  388 29 0 0 1
4 C0 29 0 68 0
0

0101000
+566 0 -589 0 *
Ed
 1e-07 1 1 0
1  215 0 2.629727700583e-14 15
2  389 29 0 2.629727700583e-14 15
2  390 30 0 2.629727700583e-14 15
4 G1 29 0 30 0
0

0101000
+951 0 -566 0 *
Wi

0101100
+950 0 +587 0 -565 0 -564 0 *
Fa
0  1e-07 29 0

0111000
+563 0 *
Wi

0101100
+570 0 -864 0 -866 0 -868 0 +870 0 +872 0 *
Fa
0  1e-07 53 0

0111000
+561 0 *
Ve
1e-07
-20.08520709403 35.74331344447 15
0 0

0101101
*
Ed
 1e-07 1 1 0
1  216 0 2.05015213643964 2.08275198229632
2  391 30 0 2.05015213643964 2.08275198229632
4 C0 30 0 68 0
0

0101000
+566 0 -559 0 *
Ed
 1e-07 1 1 0
1  217 0 0 15
2  392 30 0 0 15
2  393 102 0 0 15
4 G1 30 0 102 0
0

0101000
+949 0 -559 0 *
Wi

0101100
-558 0 -564 0 +948 0 +557 0 *
Fa
0  1e-07 30 0

0111000
+556 0 *
Ve
1e-07
-22.47918685612 36.07267614768 0
0 0

0101101
*
Ve
1e-07
-44.80790824521 58.401397536772 0
0 0

0101101
*
Ed
 1e-07 1 1 0
1  218 0 4.40241938109591 35.9799999999986
4 C0 31 0 103 0
2  394 31 0 4.40241938109591 35.9799999999986
2  395 103 0 4.40241938109591 35.9799999999986
0

0101000
+554 0 -553 0 *
Ve
1e-07
-46.2886949128 58.986075672731 0
0 0

0101101
*
Ed
 1e-07 1 1 0
1  219 0 5.46449444122362 6.28318530717959
2  396 104 0 5.46449444122362 6.28318530717959
4 C0 31 0 104 0
2  397 31 0 5.46449444122362 6.28318530717959
0

0101000
+551 0 -553 0 *
Ve
1e-07
-53.01886645336 53.018866453367 0
0 0

0101101
*
Ed
 1e-07 1 1 0
1  220 0 2.23616248165667 2.35619449019228
2  398 105 0 2.23616248165667 2.35619449019228
4 C0 31 0 105 0
2  399 31 0 2.23616248165667 2.35619449019228
0

0101000
+551 0 -549 0 *
Ve
1e-07
-58.98607567273 46.288694912806 0
0 0

0101101
*
Ed
 1e-07 1 1 0
1  221 0 2.35619449019228 2.47622649872795
2  400 106 0 2.35619449019228 2.47622649872795
4 C0 31 0 106 0
2  401 31 0 2.35619449019228 2.47622649872795
0

0101000
+549 0 -547 0 *
Ve
1e-07
-58.40139753677 44.807908245217 0
0 0

0101101
*
Ed
 1e-07 1 1 0
1  222 0 2.32290178763096 3.14159265358732
2  402 107 0 2.32290178763096 3.14159265358732
4 C0 31 0 107 0
2  403 31 0 2.32290178763096 3.14159265358732
0

0101000
+547 0 -545 0 *
Ve
1e-07
-36.07267614767 22.479186856124 0
0 0

0101101
*
Ed
 1e-07 1 1 0
1  223 0 4.40241938108813 35.9799999999986
4 C0 31 0 108 0
2  404 31 0 4.40241938108813 35.9799999999986
2  405 108 0 4.40241938108813 35.9799999999986
0

0101000
+543 0 -545 0 *
Ed
 1e-07 1 1 0
1  224 0 1.05884067129487 2.35619449019022
2  406 109 0 1.05884067129487 2.35619449019022
4 C0 31 0 109 0
2  407 31 0 1.05884067129487 2.35619449019022
0

0101000
+935 0 -543 0 *
Ed
 1e-07 1 1 0
1  225 0 2.11955180423313 2.59283717615146
4 C1 31 0 32 0
2  408 31 0 2.11955180423313 2.59283717615146
2  409 32 0 2.11955180423313 2.59283717615146
0

0101000
+947 0 -937 0 *
Ed
 1e-07 1 1 0
1  226 0 5.77122965167741 7.06858347057951
2  410 102 0 5.77122965167741 7.06858347057951
4 C0 31 0 102 0
2  411 31 0 5.77122965167741 7.06858347057951
0

0101000
+949 0 -554 0 *
Wi

0101100
+552 0 -550 0 +548 0 +546 0 +544 0 -542 0 -541 0 -934 0 -540 0 -946 0 
+539 0 *
Fa
0  1e-07 31 0

0111000
+538 0 *
Wi

0101100
+540 0 -936 0 -938 0 -940 0 +942 0 +944 0 *
Fa
0  1e-07 32 0

0111000
+536 0 *
Ve
1e-07
-12.35277757163 -39.09487033187 15
0 0

0101101
*
Ve
1e-07
-11.07195318092 -39.47672545639 15
0 0

0101101
*
Ed
 1e-07 1 1 0
1  227 0 4.40634662663265 4.43894647248908
2  412 51 0 4.40634662663265 4.43894647248908
4 C0 51 0 68 0
0

0101000
+534 0 -533 0 *
Ed
 1e-07 1 1 0
1  228 0 2.621644221157e-14 15
2  413 51 0 2.621644221157e-14 15
2  414 50 0 2.621644221157e-14 15
4 G1 51 0 50 0
0

0101000
+879 0 -534 0 *
Ed
 1e-07 1 1 0
1  229 0 0 15
2  415 51 0 0 15
2  416 101 0 0 15
4 G1 51 0 101 0
0

0101000
+877 0 -533 0 *
Wi

0101100
-532 0 -531 0 +876 0 +530 0 *
Fa
0  1e-07 51 0

0111000
+529 0 *
Ve
1e-07
-13.72011189145 -37.53343215968 15
0 0

0101101
*
Ed
 1e-07 1 1 0
1  230 0 2.621644221157e-14 15
2  417 50 0 2.621644221157e-14 15
2  418 49 0 2.621644221157e-14 15
4 G1 50 0 49 0
0

0101000
+881 0 -527 0 *
Ed
 1e-07 1 1 0
1  231 0 0 1
2  419 50 0 0 1
4 C0 50 0 68 0
0

0101000
+534 0 -527 0 *
Wi

0101100
+878 0 +526 0 -525 0 -531 0 *
Fa
0  1e-07 50 0

0111000
+524 0 *
Ve
1e-07
-16.83856024422 -36.2417285584 15
0 0

0101101
*
Ed
 1e-07 1 1 0
1  232 0 2.645453300865e-14 15
2  420 49 0 2.645453300865e-14 15
2  421 48 0 2.645453300865e-14 15
4 G1 49 0 48 0
0

0101000
+883 0 -522 0 *
Ed
 1e-07 1 1 0
1  233 0 2.13718169241852 4.14600361476047
2  422 49 0 2.13718169241852 4.14600361476047
4 C0 49 0 68 0
0

0101000
+527 0 -522 0 *
Wi

0101100
+880 0 +521 0 -520 0 -526 0 *
Fa
0  1e-07 49 0

0111000
+519 0 *
Ve
1e-07
-35.74331344446 20.085207094041 15
0 0

0101101
*
Ve
1e-07
-36.37898070866 18.909515133876 15
0 0

0101101
*
Ed
 1e-07 1 1 0
1  234 0 2.62963699808801 2.66223684394455
2  423 33 0 2.62963699808801 2.66223684394455
4 C0 33 0 68 0
0

0101000
+517 0 -516 0 *
Ed
 1e-07 1 1 0
1  235 0 0 15
2  424 33 0 0 15
2  425 109 0 0 15
4 G1 33 0 109 0
0

0101000
+935 0 -517 0 *
Ed
 1e-07 1 1 0
1  236 0 2.645843613647e-14 15
2  426 33 0 2.645843613647e-14 15
2  427 34 0 2.645843613647e-14 15
4 G1 33 0 34 0
0

0101000
+933 0 -516 0 *
Wi

0101100
-515 0 -514 0 +932 0 +513 0 *
Fa
0  1e-07 33 0

0111000
+512 0 *
Ve
1e-07
-18.90951513387 -36.37898070867 15
0 0

0101101
*
Ed
 1e-07 1 1 0
1  237 0 2.645453300865e-14 15
2  428 48 0 2.645453300865e-14 15
2  429 47 0 2.645453300865e-14 15
4 G1 48 0 47 0
0

0101000
+885 0 -510 0 *
Ed
 1e-07 1 1 0
1  238 0 0 1
2  430 48 0 0 1
4 C0 48 0 68 0
0

0101000
+522 0 -510 0 *
Wi

0101100
+882 0 +509 0 -508 0 -521 0 *
Fa
0  1e-07 48 0

0111000
+507 0 *
Ve
1e-07
-36.2417285584 16.83856024423 15
0 0

0101101
*
Ed
 1e-07 1 1 0
1  239 0 0 1
2  431 34 0 0 1
4 C0 34 0 68 0
0

0101000
+505 0 -516 0 *
Ed
 1e-07 1 1 0
1  240 0 2.645843613647e-14 15
2  432 34 0 2.645843613647e-14 15
2  433 35 0 2.645843613647e-14 15
4 G1 34 0 35 0
0

0101000
+931 0 -505 0 *
Wi

0101100
+930 0 +513 0 -504 0 -503 0 *
Fa
0  1e-07 34 0

0111000
+502 0 *
Ve
1e-07
-20.08520709403 -35.74331344447 15
0 0

0101101
*
Ed
 1e-07 1 1 0
1  241 0 4.20043332488326 4.23303317073969
2  434 47 0 4.20043332488326 4.23303317073969
4 C0 47 0 68 0
0

0101000
+500 0 -510 0 *
Ed
 1e-07 1 1 0
1  242 0 0 15
2  435 47 0 0 15
2  436 110 0 0 15
4 G1 47 0 110 0
0

0101000
+887 0 -500 0 *
Wi

0101100
-499 0 -498 0 +884 0 +509 0 *
Fa
0  1e-07 47 0

0111000
+497 0 *
Ve
1e-07
-37.53343215968 13.720111891462 15
0 0

0101101
*
Ed
 1e-07 1 1 0
1  243 0 2.13718169241878 4.14600361476088
2  437 35 0 2.13718169241878 4.14600361476088
4 C0 35 0 68 0
0

0101000
+495 0 -505 0 *
Ed
 1e-07 1 1 0
1  244 0 2.709571865826e-14 15
2  438 35 0 2.709571865826e-14 15
2  439 36 0 2.709571865826e-14 15
4 G1 35 0 36 0
0

0101000
+929 0 -495 0 *
Wi

0101100
+928 0 +503 0 -494 0 -493 0 *
Fa
0  1e-07 35 0

0111000
+492 0 *
Ve
1e-07
-36.07267614768 -22.47918685612 0
0 0

0101101
*
Ve
1e-07
-58.40139753677 -44.80790824521 0
0 0

0101101
*
Ed
 1e-07 1 1 0
1  245 0 4.40241938109591 35.9799999999972
4 C0 45 0 111 0
2  440 45 0 4.40241938109591 35.9799999999972
2  441 111 0 4.40241938109591 35.9799999999972
0

0101000
+490 0 -489 0 *
Ve
1e-07
-58.98607567273 -46.2886949128 0
0 0

0101101
*
Ed
 1e-07 1 1 0
1  246 0 5.46449444122375 6.28318530717959
2  442 112 0 5.46449444122375 6.28318530717959
4 C0 45 0 112 0
2  443 45 0 5.46449444122375 6.28318530717959
0

0101000
+487 0 -489 0 *
Ve
1e-07
-53.01886645336 -53.01886645336 0
0 0

0101101
*
Ed
 1e-07 1 1 0
1  247 0 3.80695880845158 3.92699081698724
2  444 113 0 3.80695880845158 3.92699081698724
4 C0 45 0 113 0
2  445 45 0 3.80695880845158 3.92699081698724
0

0101000
+487 0 -485 0 *
Ve
1e-07
-46.2886949128 -58.98607567273 0
0 0

0101101
*
Ed
 1e-07 1 1 0
1  248 0 3.92699081698724 4.04702282552291
2  446 114 0 3.92699081698724 4.04702282552291
4 C0 45 0 114 0
2  447 45 0 3.92699081698724 4.04702282552291
0

0101000
+485 0 -483 0 *
Ve
1e-07
-44.80790824521 -58.40139753677 0
0 0

0101101
*
Ed
 1e-07 1 1 0
1  249 0 2.32290178763396 3.14159265358979
2  448 115 0 2.32290178763396 3.14159265358979
4 C0 45 0 115 0
2  449 45 0 2.32290178763396 3.14159265358979
0

0101000
+483 0 -481 0 *
Ve
1e-07
-22.47918685612 -36.07267614768 0
0 0

0101101
*
Ed
 1e-07 1 1 0
1  250 0 4.40241938109591 35.9799999999972
4 C0 45 0 116 0
2  450 45 0 4.40241938109591 35.9799999999972
2  451 116 0 4.40241938109591 35.9799999999972
0

0101000
+479 0 -481 0 *
Ed
 1e-07 1 1 0
1  251 0 2.62963699808688 3.92699081699078
2  452 110 0 2.62963699808688 3.92699081699078
4 C0 45 0 110 0
2  453 45 0 2.62963699808688 3.92699081699078
0

0101000
+887 0 -479 0 *
Ed
 1e-07 1 1 0
1  252 0 3.69034813102804 4.16363350294644
4 C1 45 0 46 0
2  454 45 0 3.69034813102804 4.16363350294644
2  455 46 0 3.69034813102804 4.16363350294644
0

0101000
+899 0 -889 0 *
Ed
 1e-07 1 1 0
1  253 0 4.20043332488178 5.49778714378567
2  456 117 0 4.20043332488178 5.49778714378567
4 C0 45 0 117 0
2  457 45 0 4.20043332488178 5.49778714378567
0

0101000
+901 0 -490 0 *
Wi

0101100
+488 0 -486 0 +484 0 +482 0 +480 0 -478 0 -477 0 -886 0 -476 0 -898 0 
+475 0 *
Fa
0  1e-07 45 0

0111000
+474 0 *
Ve
1e-07
-39.09487033186 12.352777571644 15
0 0

0101101
*
Ed
 1e-07 1 1 0
1  254 0 0 1
2  458 36 0 0 1
4 C0 36 0 68 0
0

0101000
+472 0 -495 0 *
Ed
 1e-07 1 1 0
1  255 0 2.709571865826e-14 15
2  459 36 0 2.709571865826e-14 15
2  460 37 0 2.709571865826e-14 15
4 G1 36 0 37 0
0

0101000
+927 0 -472 0 *
Wi

0101100
+926 0 +493 0 -471 0 -470 0 *
Fa
0  1e-07 36 0

0111000
+469 0 *
Wi

0101100
+476 0 -888 0 -890 0 -892 0 +894 0 +896 0 *
Fa
0  1e-07 46 0

0111000
+467 0 *
Ve
1e-07
-39.47672545639 11.071953180928 15
0 0

0101101
*
Ed
 1e-07 1 1 0
1  256 0 2.83555029983736 2.86815014569399
2  461 37 0 2.83555029983736 2.86815014569399
4 C0 37 0 68 0
0

0101000
+472 0 -465 0 *
Ed
 1e-07 1 1 0
1  257 0 0 15
2  462 37 0 0 15
2  463 118 0 0 15
4 G1 37 0 118 0
0

0101000
+925 0 -465 0 *
Wi

0101100
-464 0 -470 0 +924 0 +463 0 *
Fa
0  1e-07 37 0

0111000
+462 0 *
Ve
1e-07
-41.40241938109 9.612048458046 0
0 0

0101101
*
Ve
1e-07
-72.98 9.612048458046 0
0 0

0101101
*
Ed
 1e-07 1 1 0
1  258 0 4.40241938109 35.98
4 C0 38 0 119 0
2  464 38 0 4.40241938109 35.98
2  465 119 0 4.40241938109 35.98
0

0101000
+460 0 -459 0 *
Ve
1e-07
-74.44050416889 8.978404038651 0
0 0

0101101
*
Ed
 1e-07 1 1 0
1  259 0 5.46449444122087 6.28318530717959
2  466 120 0 5.46449444122087 6.28318530717959
4 C0 38 0 120 0
2  467 38 0 5.46449444122087 6.28318530717959
0

0101000
+457 0 -459 0 *
Ve
1e-07
-74.98 8.881784197001e-15 0
0 0

0101101
*
Ed
 1e-07 1 1 0
1  260 0 3.02156064505418 3.14159265358979
2  468 121 0 3.02156064505418 3.14159265358979
4 C0 38 0 121 0
2  469 38 0 3.02156064505418 3.14159265358979
0

0101000
+457 0 -455 0 *
Ve
1e-07
-74.44050416889 -8.978404038651 0
0 0

0101101
*
Ed
 1e-07 1 1 0
1  261 0 3.14159265358979 3.26162466212541
2  470 122 0 3.14159265358979 3.26162466212541
4 C0 38 0 122 0
2  471 38 0 3.14159265358979 3.26162466212541
0

0101000
+455 0 -453 0 *
Ve
1e-07
-72.98 -9.612048458045 0
0 0

0101101
*
Ed
 1e-07 1 1 0
1  262 0 2.32290178763144 3.14159265358979
2  472 123 0 2.32290178763144 3.14159265358979
4 C0 38 0 123 0
2  473 38 0 2.32290178763144 3.14159265358979
0

0101000
+453 0 -451 0 *
Ve
1e-07
-41.40241938109 -9.612048458046 0
0 0

0101101
*
Ed
 1e-07 1 1 0
1  263 0 4.40241938109 35.98
4 C0 38 0 124 0
2  474 38 0 4.40241938109 35.98
2  475 124 0 4.40241938109 35.98
0

0101000
+449 0 -451 0 *
Ed
 1e-07 1 1 0
1  264 0 1.84423883469171 3.14159265358979
2  476 125 0 1.84423883469171 3.14159265358979
4 C0 38 0 125 0
2  477 38 0 1.84423883469171 3.14159265358979
0

0101000
+911 0 -449 0 *
Ed
 1e-07 1 1 0
1  265 0 2.90494996763066 3.37823533954898
4 G2 38 0 39 0
2  478 38 0 2.90494996763066 3.37823533954898
2  479 39 0 2.90494996763066 3.37823533954898
0

0101000
+923 0 -913 0 *
Ed
 1e-07 1 1 0
1  266 0 4.98583148828054 6.28318530717959
2  480 118 0 4.98583148828054 6.28318530717959
4 C0 38 0 118 0
2  481 38 0 4.98583148828054 6.28318530717959
0

0101000
+925 0 -460 0 *
Wi

0101100
+458 0 -456 0 +454 0 +452 0 +450 0 -448 0 -447 0 -910 0 -446 0 -922 0 
+445 0 *
Fa
0  1e-07 38 0

0111000
+444 0 *
Wi

0101100
+446 0 -912 0 -914 0 -916 0 +918 0 +920 0 *
Fa
0  1e-07 39 0

0111000
+442 0 *
Ve
1e-07
-36.37898070867 -18.90951513387 15
0 0

0101101
*
Ve
1e-07
-35.74331344447 -20.08520709403 15
0 0

0101101
*
Ed
 1e-07 1 1 0
1  267 0 3.62094846323479 3.65354830909122
2  482 44 0 3.62094846323479 3.65354830909122
4 C0 44 0 68 0
0

0101000
+440 0 -439 0 *
Ed
 1e-07 1 1 0
1  268 0 2.645843613647e-14 15
2  483 44 0 2.645843613647e-14 15
2  484 43 0 2.645843613647e-14 15
4 G1 44 0 43 0
0

0101000
+903 0 -440 0 *
Ed
 1e-07 1 1 0
1  269 0 0 15
2  485 44 0 0 15
2  486 117 0 0 15
4 G1 44 0 117 0
0

0101000
+901 0 -439 0 *
Wi

0101100
-438 0 -437 0 +900 0 +436 0 *
Fa
0  1e-07 44 0

0111000
+435 0 *
Ve
1e-07
-36.2417285584 -16.83856024422 15
0 0

0101101
*
Ed
 1e-07 1 1 0
1  270 0 2.645843613647e-14 15
2  487 43 0 2.645843613647e-14 15
2  488 42 0 2.645843613647e-14 15
4 G1 43 0 42 0
0

0101000
+905 0 -433 0 *
Ed
 1e-07 1 1 0
1  271 0 0 1
2  489 43 0 0 1
4 C0 43 0 68 0
0

0101000
+440 0 -433 0 *
Wi

0101100
+902 0 +432 0 -431 0 -437 0 *
Fa
0  1e-07 43 0

0111000
+430 0 *
Ve
1e-07
-37.53343215968 -13.72011189145 15
0 0

0101101
*
Ed
 1e-07 1 1 0
1  272 0 2.621644221157e-14 15
2  490 42 0 2.621644221157e-14 15
2  491 41 0 2.621644221157e-14 15
4 G1 42 0 41 0
0

0101000
+907 0 -428 0 *
Ed
 1e-07 1 1 0
1  273 0 2.13718169241911 4.14600361476106
2  492 42 0 2.13718169241911 4.14600361476106
4 C0 42 0 68 0
0

0101000
+433 0 -428 0 *
Wi

0101100
+904 0 +427 0 -426 0 -432 0 *
Fa
0  1e-07 42 0

0111000
+425 0 *
Ve
1e-07
-39.47672545639 -11.07195318092 15
0 0

0101101
*
Ve
1e-07
-39.09487033187 -12.35277757163 15
0 0

0101101
*
Ed
 1e-07 1 1 0
1  274 0 3.41503516148541 3.44763500734183
2  493 40 0 3.41503516148541 3.44763500734183
4 C0 40 0 68 0
0

0101000
+423 0 -422 0 *
Ed
 1e-07 1 1 0
1  275 0 0 15
2  494 40 0 0 15
2  495 125 0 0 15
4 G1 40 0 125 0
0

0101000
+911 0 -423 0 *
Ed
 1e-07 1 1 0
1  276 0 2.621644221157e-14 15
2  496 40 0 2.621644221157e-14 15
2  497 41 0 2.621644221157e-14 15
4 G1 40 0 41 0
0

0101000
+909 0 -422 0 *
Wi

0101100
-421 0 -420 0 +908 0 +419 0 *
Fa
0  1e-07 40 0

0111000
+418 0 *
Ed
 1e-07 1 1 0
1  277 0 0 1
2  498 41 0 0 1
4 C0 41 0 68 0
0

0101000
+428 0 -422 0 *
Wi

0101100
+906 0 +419 0 -416 0 -427 0 *
Fa
0  1e-07 41 0

0111000
+415 0 *
Ve
1e-07
20 -4.898587196589e-15 15
0 0

0101101
*
Ed
 1e-07 1 1 0
1  278 0 0 6.28318530717959
2  499 67 0 0 6.28318530717959
4 C0 67 0 68 0
0

0101100
+413 0 -413 0 *
Ed
 1e-07 1 1 0
1  279 0 0 15
3  500 501CN 67 0 0 15
0

0101000
+815 0 -413 0 *
Wi

0101100
-412 0 -411 0 +814 0 +411 0 *
Fa
0  1e-07 67 0

0111000
+410 0 *
Ve
1e-07
34.980148666941 21.386659375384 15
0 0

0101101
*
Ed
 1e-07 1 1 0
1  280 0 0.511955655501683 0.548755477438321
4 C1 68 0 126 0
0

0101000
+745 0 -408 0 *
Ve
1e-07
34.373909112053 20.780419820498 15
0 0

0101101
*
Ed
 1e-07 1 1 0
1  281 0 1.99999999999987 2.85735220056809
4 CN 68 0 127 0
0

0101000
+406 0 -408 0 *
Ve
1e-07
31.545481987307 20.780419820498 15
0 0

0101101
*
Ed
 1e-07 1 1 0
1  282 0 4.71238898038469 6.28318530717959
4 CN 68 0 127 0
0

0101000
+404 0 -406 0 *
Ve
1e-07
20.780419820498 31.545481987307 15
0 0

0101101
*
Ed
 1e-07 1 1 0
1  283 0 1.99999999999987 17.2240969160907
4 CN 68 0 127 0
0

0101000
+404 0 -402 0 *
Ve
1e-07
20.780419820498 34.373909112053 15
0 0

0101101
*
Ed
 1e-07 1 1 0
1  284 0 1.5707963267949 3.14159265358979
4 CN 68 0 127 0
0

0101000
+402 0 -400 0 *
Ve
1e-07
21.386659375384 34.980148666941 15
0 0

0101101
*
Ed
 1e-07 1 1 0
1  285 0 1.99999999999987 2.85735220056809
4 CN 68 0 127 0
0

0101000
+400 0 -398 0 *
Ed
 1e-07 1 1 0
1  286 0 1.02204084935658 1.05884067129321
4 C1 68 0 126 0
0

0101000
+398 0 -705 0 *
Ve
1e-07
9.612048458045 39.857352200569 15
0 0

0101101
*
Ed
 1e-07 1 1 0
1  287 0 1.29735381889911 1.33415364083581
4 G2 68 0 128 0
0

0101000
+653 0 -395 0 *
Ve
1e-07
9.612048458046 39 15
0 0

0101101
*
Ed
 1e-07 1 1 0
1  288 0 2 2.857352200569
4 CN 68 0 129 0
0

0101000
+393 0 -395 0 *
Ve
1e-07
7.612048458046 37 15
0 0

0101101
*
Ed
 1e-07 1 1 0
1  289 0 4.71238898038469 6.28318530717959
4 CN 68 0 129 0
0

0101000
+391 0 -393 0 *
Ve
1e-07
-7.612048458046 37 15
0 0

0101101
*
Ed
 1e-07 1 1 0
1  290 0 2 17.224096916092
4 CN 68 0 129 0
0

0101000
+391 0 -389 0 *
Ve
1e-07
-9.612048458046 39 15
0 0

0101101
*
Ed
 1e-07 1 1 0
1  291 0 1.5707963267949 3.14159265358979
4 CN 68 0 129 0
0

0101000
+389 0 -387 0 *
Ve
1e-07
-9.612048458045 39.857352200569 15
0 0

0101101
*
Ed
 1e-07 1 1 0
1  292 0 2 2.857352200569
4 CN 68 0 129 0
0

0101000
+387 0 -385 0 *
Ed
 1e-07 1 1 0
1  293 0 1.80743901275398 1.8442388346905
4 G2 68 0 128 0
0

0101000
+385 0 -611 0 *
Ve
1e-07
-21.38665937538 34.980148666941 15
0 0

0101101
*
Ed
 1e-07 1 1 0
1  294 0 2.08275198229632 2.11955180423313
4 C1 68 0 130 0
0

0101000
+559 0 -382 0 *
Ve
1e-07
-20.78041982049 34.373909112053 15
0 0

0101101
*
Ed
 1e-07 1 1 0
1  295 0 1.99999999999775 2.8573522005688
4 CN 68 0 131 0
0

0101000
+380 0 -382 0 *
Ve
1e-07
-20.78041982049 31.545481987307 15
0 0

0101101
*
Ed
 1e-07 1 1 0
1  296 0 4.71238898038716 6.28318530717959
4 CN 68 0 131 0
0

0101000
+378 0 -380 0 *
Ve
1e-07
-31.5454819873 20.780419820498 15
0 0

0101101
*
Ed
 1e-07 1 1 0
1  297 0 1.99999999999775 17.2240969160892
4 CN 68 0 131 0
0

0101000
+378 0 -376 0 *
Ve
1e-07
-34.37390911205 20.780419820498 15
0 0

0101101
*
Ed
 1e-07 1 1 0
1  298 0 1.57079632679242 3.14159265358873
4 CN 68 0 131 0
0

0101000
+376 0 -374 0 *
Ve
1e-07
-34.98014866694 21.386659375384 15
0 0

0101101
*
Ed
 1e-07 1 1 0
1  299 0 1.99999999999775 2.85735220056738
4 CN 68 0 131 0
0

0101000
+374 0 -372 0 *
Ed
 1e-07 1 1 0
1  300 0 2.59283717615146 2.62963699808801
4 C1 68 0 130 0
0

0101000
+372 0 -517 0 *
Ve
1e-07
-39.85735220056 9.612048458045 15
0 0

0101101
*
Ed
 1e-07 1 1 0
1  301 0 2.86815014569399 2.90494996763066
4 G2 68 0 132 0
0

0101000
+465 0 -369 0 *
Ve
1e-07
-39 9.612048458046 15
0 0

0101101
*
Ed
 1e-07 1 1 0
1  302 0 2 2.85735220056
4 CN 68 0 133 0
0

0101000
+367 0 -369 0 *
Ve
1e-07
-37 7.612048458046 15
0 0

0101101
*
Ed
 1e-07 1 1 0
1  303 0 4.71238898038469 6.28318530717959
4 CN 68 0 133 0
0

0101000
+365 0 -367 0 *
Ve
1e-07
-37 -7.612048458046 15
0 0

0101101
*
Ed
 1e-07 1 1 0
1  304 0 2 17.224096916092
4 CN 68 0 133 0
0

0101000
+365 0 -363 0 *
Ve
1e-07
-39 -9.612048458046 15
0 0

0101101
*
Ed
 1e-07 1 1 0
1  305 0 1.5707963267949 3.14159265358979
4 CN 68 0 133 0
0

0101000
+363 0 -361 0 *
Ve
1e-07
-39.85735220056 -9.612048458047 15
0 0

0101101
*
Ed
 1e-07 1 1 0
1  306 0 2 2.85735220056
4 CN 68 0 133 0
0

0101000
+361 0 -359 0 *
Ed
 1e-07 1 1 0
1  307 0 3.37823533954898 3.41503516148541
4 G2 68 0 132 0
0

0101000
+359 0 -423 0 *
Ve
1e-07
-34.98014866694 -21.38665937538 15
0 0

0101101
*
Ed
 1e-07 1 1 0
1  308 0 3.65354830909122 3.69034813102804
4 C1 68 0 134 0
0

0101000
+439 0 -356 0 *
Ve
1e-07
-34.37390911205 -20.78041982049 15
0 0

0101101
*
Ed
 1e-07 1 1 0
1  309 0 1.99999999999563 2.85735220056809
4 CN 68 0 135 0
0

0101000
+354 0 -356 0 *
Ve
1e-07
-31.5454819873 -20.78041982049 15
0 0

0101101
*
Ed
 1e-07 1 1 0
1  310 0 4.71238898038469 6.28318530717959
4 CN 68 0 135 0
0

0101000
+352 0 -354 0 *
Ve
1e-07
-20.78041982049 -31.5454819873 15
0 0

0101101
*
Ed
 1e-07 1 1 0
1  311 0 2.00000000000269 17.2240969160949
4 CN 68 0 135 0
0

0101000
+352 0 -350 0 *
Ve
1e-07
-20.78041982049 -34.37390911205 15
0 0

0101101
*
Ed
 1e-07 1 1 0
1  312 0 1.5707963267949 3.14159265358626
4 CN 68 0 135 0
0

0101000
+350 0 -348 0 *
Ve
1e-07
-21.38665937538 -34.98014866694 15
0 0

0101101
*
Ed
 1e-07 1 1 0
1  313 0 1.99999999999563 2.85735220056809
4 CN 68 0 135 0
0

0101000
+348 0 -346 0 *
Ed
 1e-07 1 1 0
1  314 0 4.16363350294644 4.20043332488326
4 C1 68 0 134 0
0

0101000
+346 0 -500 0 *
Ve
1e-07
-9.612048458046 -39.85735220056 15
0 0

0101101
*
Ed
 1e-07 1 1 0
1  315 0 4.43894647248908 4.47574629442553
4 G2 68 0 136 0
0

0101000
+533 0 -343 0 *
Ve
1e-07
-9.612048458046 -39 15
0 0

0101101
*
Ed
 1e-07 1 1 0
1  316 0 2 2.85735220056
4 CN 68 0 137 0
0

0101000
+341 0 -343 0 *
Ve
1e-07
-7.612048458046 -37 15
0 0

0101101
*
Ed
 1e-07 1 1 0
1  317 0 4.71238898038469 6.28318530717959
4 CN 68 0 137 0
0

0101000
+339 0 -341 0 *
Ve
1e-07
7.612048458045 -37 15
0 0

0101101
*
Ed
 1e-07 1 1 0
1  318 0 2 17.224096916091
4 CN 68 0 137 0
0

0101000
+339 0 -337 0 *
Ve
1e-07
9.612048458045 -39 15
0 0

0101101
*
Ed
 1e-07 1 1 0
1  319 0 1.5707963267949 3.14159265358979
4 CN 68 0 137 0
0

0101000
+337 0 -335 0 *
Ve
1e-07
9.612048458045 -39.85735220056 15
0 0

0101101
*
Ed
 1e-07 1 1 0
1  320 0 2 2.85735220056
4 CN 68 0 137 0
0

0101000
+335 0 -333 0 *
Ed
 1e-07 1 1 0
1  321 0 4.94903166634383 4.98583148828047
4 G2 68 0 136 0
0

0101000
+333 0 -594 0 *
Ve
1e-07
21.386659375384 -34.98014866694 15
0 0

0101101
*
Ed
 1e-07 1 1 0
1  322 0 5.22434463588647 5.26114445782302
4 C1 68 0 138 0
0

0101000
+627 0 -330 0 *
Ve
1e-07
20.780419820498 -34.37390911205 15
0 0

0101101
*
Ed
 1e-07 1 1 0
1  323 0 1.99999999999775 2.85735220056738
4 CN 68 0 139 0
0

0101000
+328 0 -330 0 *
Ve
1e-07
20.780419820498 -31.5454819873 15
0 0

0101101
*
Ed
 1e-07 1 1 0
1  324 0 4.71238898038222 6.28318530717959
4 CN 68 0 139 0
0

0101000
+326 0 -328 0 *
Ve
1e-07
31.545481987307 -20.78041982049 15
0 0

0101101
*
Ed
 1e-07 1 1 0
1  325 0 2.00000000000481 17.2240969160963
4 CN 68 0 139 0
0

0101000
+326 0 -324 0 *
Ve
1e-07
34.373909112053 -20.78041982049 15
0 0

0101101
*
Ed
 1e-07 1 1 0
1  326 0 1.57079632679737 3.14159265358732
4 CN 68 0 139 0
0

0101000
+324 0 -322 0 *
Ve
1e-07
34.980148666941 -21.38665937538 15
0 0

0101101
*
Ed
 1e-07 1 1 0
1  327 0 1.99999999999775 2.8573522005688
4 CN 68 0 139 0
0

0101000
+322 0 -320 0 *
Ed
 1e-07 1 1 0
1  328 0 5.73442982974135 5.77122965167816
4 C1 68 0 138 0
0

0101000
+320 0 -688 0 *
Ve
1e-07
39 -9.612048458046 15
0 0

0101101
*
Ed
 1e-07 1 1 0
1  329 0 2 2.857352200569
4 CN 68 0 69 0
0

0101000
+317 0 -775 0 *
Ve
1e-07
37 -7.612048458046 15
0 0

0101101
*
Ed
 1e-07 1 1 0
1  330 0 4.71238898038469 6.28318530717959
4 CN 68 0 69 0
0

0101000
+315 0 -317 0 *
Ve
1e-07
37 7.612048458046 15
0 0

0101101
*
Ed
 1e-07 1 1 0
1  331 0 2 17.224096916092
4 CN 68 0 69 0
0

0101000
+315 0 -313 0 *
Ve
1e-07
39 9.612048458046 15
0 0

0101101
*
Ed
 1e-07 1 1 0
1  332 0 1.5707963267949 3.14159265358979
4 CN 68 0 69 0
0

0101000
+313 0 -311 0 *
Ed
 1e-07 1 1 0
1  333 0 2 2.857352200569
4 CN 68 0 69 0
0

0101000
+311 0 -779 0 *
Wi

0101100
+768 0 -759 0 -754 0 -749 0 +744 0 +407 0 -405 0 -403 0 +401 0 +399 0 
+397 0 +396 0 +703 0 -692 0 -682 0 -659 0 +652 0 +394 0 -392 0 -390 0 
+388 0 +386 0 +384 0 +383 0 +609 0 -598 0 -588 0 -565 0 +558 0 +381 0 
-379 0 -377 0 +375 0 +373 0 +371 0 +370 0 +515 0 -504 0 -494 0 -471 0 
+464 0 +368 0 -366 0 -364 0 +362 0 +360 0 +358 0 +357 0 +421 0 -416 0 
-426 0 -431 0 +438 0 +355 0 -353 0 -351 0 +349 0 +347 0 +345 0 +344 0 
+499 0 -508 0 -520 0 -525 0 +532 0 +342 0 -340 0 -338 0 +336 0 +334 0 
+332 0 +331 0 +593 0 -602 0 -614 0 -619 0 +626 0 +329 0 -327 0 -325 0 
+323 0 +321 0 +319 0 +318 0 +687 0 -696 0 -708 0 -713 0 +719 0 -782 0 
-773 0 -316 0 -314 0 +312 0 +310 0 +309 0 +778 0 +763 0 *
Wi

0101100
-412 0 *
Fa
0  1e-07 68 0

0111000
+308 0 +307 0 *
Wi

0101100
+774 0 +776 0 -309 0 -310 0 -312 0 +314 0 +316 0 *
Fa
0  1e-07 69 0

0111000
+305 0 *
Ve
1e-07
36.072676147679 22.479186856124 15
0 0

0101101
*
Ed
 1e-07 1 1 0
1  334 0 1.0588406712934 2.3561944901927
2  502 70 0 1.0588406712934 2.3561944901927
4 C0 70 0 126 0
0

0101000
+745 0 -303 0 *
Ed
 1e-07 1 1 0
1  335 0 0 15
2  503 70 0 0 15
4 G1 70 0 71 0
2  504 71 0 0 15
0

0101000
+740 0 -303 0 *
Wi

0101100
+743 0 +302 0 -301 0 -725 0 *
Fa
0  1e-07 70 0

0111000
+300 0 *
Ve
1e-07
58.401397536772 44.807908245217 15
0 0

0101101
*
Ed
 1e-07 1 1 0
1  336 0 4.40241938109449 35.98
4 C0 71 0 126 0
2  505 71 0 4.40241938109449 35.98
0

0101000
+303 0 -298 0 *
Ed
 1e-07 1 1 0
1  337 0 0 15
2  506 72 0 0 15
4 G1 71 0 72 0
2  507 71 0 0 15
0

0101000
+739 0 -298 0 *
Wi

0101100
-738 0 +301 0 +297 0 -296 0 *
Fa
0  1e-07 71 0

0111000
+295 0 *
Ve
1e-07
58.986075672731 46.288694912806 15
0 0

0101101
*
Ed
 1e-07 1 1 0
1  338 0 5.46449444122061 6.28318530717959
2  508 72 0 5.46449444122061 6.28318530717959
4 C0 72 0 126 0
0

0101000
+293 0 -298 0 *
Ed
 1e-07 1 1 0
1  339 0 0 15
2  509 72 0 0 15
2  510 73 0 0 15
4 C0 72 0 73 0
0

0101000
+737 0 -293 0 *
Wi

0101100
+292 0 -296 0 -736 0 +291 0 *
Fa
0  1e-07 72 0

0111000
+290 0 *
Ve
1e-07
53.018866453367 53.018866453367 15
0 0

0101101
*
Ed
 1e-07 1 1 0
1  340 0 0.2 15.2
2  511 73 0 0.2 15.2
2  512 74 0 0.2 15.2
4 CN 73 0 74 0
0

0101000
+735 0 -288 0 *
Ed
 1e-07 1 1 0
1  341 0 0.66536615486184 0.785398163397448
2  513 73 0 0.66536615486184 0.785398163397448
4 C0 73 0 126 0
0

0101000
+293 0 -288 0 *
Wi

0101100
-291 0 +734 0 +287 0 -286 0 *
Fa
0  1e-07 73 0

0111000
+285 0 *
Ve
1e-07
46.288694912806 58.986075672731 15
0 0

0101101
*
Ed
 1e-07 1 1 0
1  342 0 0 15
2  514 74 0 0 15
2  515 75 0 0 15
4 C0 74 0 75 0
0

0101000
+733 0 -283 0 *
Ed
 1e-07 1 1 0
1  343 0 0.785398163397448 0.905430171933057
2  516 74 0 0.785398163397448 0.905430171933057
4 C0 74 0 126 0
0

0101000
+288 0 -283 0 *
Wi

0101100
-287 0 +732 0 +282 0 -281 0 *
Fa
0  1e-07 74 0

0111000
+280 0 *
Ve
1e-07
44.807908245217 58.401397536772 15
0 0

0101101
*
Ed
 1e-07 1 1 0
1  344 0 0 15
2  517 75 0 0 15
4 G1 75 0 76 0
2  518 76 0 0 15
0

0101000
+731 0 -278 0 *
Ed
 1e-07 1 1 0
1  345 0 2.32290178763082 3.14159265358979
2  519 75 0 2.32290178763082 3.14159265358979
4 C0 75 0 126 0
0

0101000
+283 0 -278 0 *
Wi

0101100
-282 0 +730 0 +277 0 -276 0 *
Fa
0  1e-07 75 0

0111000
+275 0 *
Ve
1e-07
22.479186856124 36.072676147679 15
0 0

0101101
*
Ed
 1e-07 1 1 0
1  346 0 0 15
2  520 77 0 0 15
4 G1 77 0 76 0
2  521 76 0 0 15
0

0101000
+729 0 -273 0 *
Ed
 1e-07 1 1 0
1  347 0 5.77122965167809 7.06858347057739
2  522 77 0 5.77122965167809 7.06858347057739
4 C0 77 0 126 0
0

0101000
+705 0 -273 0 *
Wi

0101100
+727 0 +272 0 -271 0 -702 0 *
Fa
0  1e-07 77 0

0111000
+270 0 *
Ed
 1e-07 1 1 0
1  348 0 4.40241938109449 35.98
4 C0 76 0 126 0
2  523 76 0 4.40241938109449 35.98
0

0101000
+273 0 -278 0 *
Wi

0101100
-728 0 +272 0 +268 0 -277 0 *
Fa
0  1e-07 76 0

0111000
+267 0 *
Ve
1e-07
36.07267614768 -22.47918685612 15
0 0

0101101
*
Ed
 1e-07 1 1 0
1  349 0 0 15
2  524 78 0 0 15
4 G1 78 0 84 0
2  525 84 0 0 15
0

0101000
+667 0 -265 0 *
Ed
 1e-07 1 1 0
1  350 0 4.20043332488251 5.49778714378461
2  526 78 0 4.20043332488251 5.49778714378461
4 C0 78 0 138 0
0

0101000
+688 0 -265 0 *
Wi

0101100
+665 0 +264 0 -263 0 -686 0 *
Fa
0  1e-07 78 0

0111000
+262 0 *
Ve
1e-07
22.479186856124 -36.07267614767 15
0 0

0101101
*
Ed
 1e-07 1 1 0
1  351 0 0 15
2  527 85 0 0 15
4 G1 79 0 85 0
2  528 79 0 0 15
0

0101000
+678 0 -260 0 *
Ve
1e-07
44.807908245217 -58.40139753677 15
0 0

0101101
*
Ed
 1e-07 1 1 0
1  352 0 4.40241938108813 35.9799999999986
4 C0 79 0 138 0
2  529 79 0 4.40241938108813 35.9799999999986
0

0101000
+260 0 -258 0 *
Ed
 1e-07 1 1 0
1  353 0 0 15
2  530 80 0 0 15
4 G1 79 0 80 0
2  531 79 0 0 15
0

0101000
+677 0 -258 0 *
Wi

0101100
-676 0 +259 0 +257 0 -256 0 *
Fa
0  1e-07 79 0

0111000
+255 0 *
Ed
 1e-07 1 1 0
1  354 0 2.62963699808977 3.92699081698512
2  532 85 0 2.62963699808977 3.92699081698512
4 C0 85 0 138 0
0

0101000
+627 0 -260 0 *
Wi

0101100
+624 0 +253 0 -259 0 -663 0 *
Fa
0  1e-07 85 0

0111000
+252 0 *
Ve
1e-07
46.288694912806 -58.98607567273 15
0 0

0101101
*
Ed
 1e-07 1 1 0
1  355 0 5.46449444122075 6.28318530717959
2  533 80 0 5.46449444122075 6.28318530717959
4 C0 80 0 138 0
0

0101000
+250 0 -258 0 *
Ed
 1e-07 1 1 0
1  356 0 0 15
2  534 80 0 0 15
2  535 81 0 0 15
4 C0 80 0 81 0
0

0101000
+675 0 -250 0 *
Wi

0101100
+249 0 -256 0 -674 0 +248 0 *
Fa
0  1e-07 80 0

0111000
+247 0 *
Ve
1e-07
53.018866453367 -53.01886645336 15
0 0

0101101
*
Ed
 1e-07 1 1 0
1  357 0 0.2 15.2
2  536 81 0 0.2 15.2
2  537 82 0 0.2 15.2
4 CN 81 0 82 0
0

0101000
+673 0 -245 0 *
Ed
 1e-07 1 1 0
1  358 0 5.37775513524654 5.4977871437822
2  538 81 0 5.37775513524654 5.4977871437822
4 C0 81 0 138 0
0

0101000
+250 0 -245 0 *
Wi

0101100
-248 0 +672 0 +244 0 -243 0 *
Fa
0  1e-07 81 0

0111000
+242 0 *
Ve
1e-07
58.986075672731 -46.2886949128 15
0 0

0101101
*
Ed
 1e-07 1 1 0
1  359 0 0 15
2  539 82 0 0 15
2  540 83 0 0 15
4 C0 82 0 83 0
0

0101000
+671 0 -240 0 *
Ed
 1e-07 1 1 0
1  360 0 5.4977871437822 5.61781915231781
2  541 82 0 5.4977871437822 5.61781915231781
4 C0 82 0 138 0
0

0101000
+245 0 -240 0 *
Wi

0101100
-244 0 +670 0 +239 0 -238 0 *
Fa
0  1e-07 82 0

0111000
+237 0 *
Ve
1e-07
58.401397536772 -44.80790824521 15
0 0

0101101
*
Ed
 1e-07 1 1 0
1  361 0 0 15
2  542 83 0 0 15
4 G1 83 0 84 0
2  543 84 0 0 15
0

0101000
+669 0 -235 0 *
Ed
 1e-07 1 1 0
1  362 0 2.32290178763382 3.14159265359227
2  544 83 0 2.32290178763382 3.14159265359227
4 C0 83 0 138 0
0

0101000
+240 0 -235 0 *
Wi

0101100
-239 0 +668 0 +234 0 -233 0 *
Fa
0  1e-07 83 0

0111000
+232 0 *
Ed
 1e-07 1 1 0
1  363 0 4.40241938109591 35.9799999999986
4 C0 84 0 138 0
2  545 84 0 4.40241938109591 35.9799999999986
0

0101000
+265 0 -235 0 *
Wi

0101100
-666 0 +264 0 +230 0 -234 0 *
Fa
0  1e-07 84 0

0111000
+229 0 *
Ve
1e-07
9.612048458046 41.402419381094 15
0 0

0101101
*
Ed
 1e-07 1 1 0
1  364 0 0.273442507895584 1.5707963267949
2  546 86 0 0.273442507895584 1.5707963267949
4 C0 86 0 128 0
0

0101000
+653 0 -227 0 *
Ed
 1e-07 1 1 0
1  365 0 0 15
2  547 86 0 0 15
4 G1 86 0 87 0
2  548 87 0 0 15
0

0101000
+648 0 -227 0 *
Wi

0101100
+651 0 +226 0 -225 0 -633 0 *
Fa
0  1e-07 86 0

0111000
+224 0 *
Ve
1e-07
9.612048458046 72.98 15
0 0

0101101
*
Ed
 1e-07 1 1 0
1  366 0 4.402419381094 35.98
4 C0 87 0 128 0
2  549 87 0 4.402419381094 35.98
0

0101000
+227 0 -222 0 *
Ed
 1e-07 1 1 0
1  367 0 0 15
2  550 88 0 0 15
4 G1 87 0 88 0
2  551 87 0 0 15
0

0101000
+647 0 -222 0 *
Wi

0101100
-646 0 +225 0 +221 0 -220 0 *
Fa
0  1e-07 87 0

0111000
+219 0 *
Ve
1e-07
8.978404038651 74.440504168891 15
0 0

0101101
*
Ed
 1e-07 1 1 0
1  368 0 5.46449444122053 6.28318530717959
2  552 88 0 5.46449444122053 6.28318530717959
4 C0 88 0 128 0
0

0101000
+217 0 -222 0 *
Ed
 1e-07 1 1 0
1  369 0 0 15
2  553 88 0 0 15
2  554 89 0 0 15
4 C0 88 0 89 0
0

0101000
+645 0 -217 0 *
Wi

0101100
+216 0 -220 0 -644 0 +215 0 *
Fa
0  1e-07 88 0

0111000
+214 0 *
Ve
1e-07
8.881784197001e-15 74.98 15
0 0

0101101
*
Ed
 1e-07 1 1 0
1  370 0 0.2 15.2
2  555 89 0 0.2 15.2
2  556 90 0 0.2 15.2
4 CN 89 0 90 0
0

0101000
+643 0 -212 0 *
Ed
 1e-07 1 1 0
1  371 0 1.45076431825928 1.5707963267949
2  557 89 0 1.45076431825928 1.5707963267949
4 C0 89 0 128 0
0

0101000
+217 0 -212 0 *
Wi

0101100
-215 0 +642 0 +211 0 -210 0 *
Fa
0  1e-07 89 0

0111000
+209 0 *
Ve
1e-07
-8.978404038651 74.440504168891 15
0 0

0101101
*
Ed
 1e-07 1 1 0
1  372 0 0 15
2  558 90 0 0 15
2  559 91 0 0 15
4 C0 90 0 91 0
0

0101000
+641 0 -207 0 *
Ed
 1e-07 1 1 0
1  373 0 1.5707963267949 1.69082833533051
2  560 90 0 1.5707963267949 1.69082833533051
4 C0 90 0 128 0
0

0101000
+212 0 -207 0 *
Wi

0101100
-211 0 +640 0 +206 0 -205 0 *
Fa
0  1e-07 90 0

0111000
+204 0 *
Ve
1e-07
-9.612048458045 72.98 15
0 0

0101101
*
Ed
 1e-07 1 1 0
1  374 0 0 15
2  561 91 0 0 15
4 G1 91 0 92 0
2  562 92 0 0 15
0

0101000
+639 0 -202 0 *
Ed
 1e-07 1 1 0
1  375 0 2.3229017876311 3.14159265358979
2  563 91 0 2.3229017876311 3.14159265358979
4 C0 91 0 128 0
0

0101000
+207 0 -202 0 *
Wi

0101100
-206 0 +638 0 +201 0 -200 0 *
Fa
0  1e-07 91 0

0111000
+199 0 *
Ve
1e-07
-9.612048458046 41.402419381094 15
0 0

0101101
*
Ed
 1e-07 1 1 0
1  376 0 0 15
2  564 93 0 0 15
4 G1 93 0 92 0
2  565 92 0 0 15
0

0101000
+637 0 -197 0 *
Ed
 1e-07 1 1 0
1  377 0 0.273442507896547 1.5707963267949
2  566 93 0 0.273442507896547 1.5707963267949
4 C0 93 0 128 0
0

0101000
+611 0 -197 0 *
Wi

0101100
+635 0 +196 0 -195 0 -608 0 *
Fa
0  1e-07 93 0

0111000
+194 0 *
Ed
 1e-07 1 1 0
1  378 0 4.402419381094 35.98
4 C0 92 0 128 0
2  567 92 0 4.402419381094 35.98
0

0101000
+197 0 -202 0 *
Wi

0101100
-636 0 +196 0 +192 0 -201 0 *
Fa
0  1e-07 92 0

0111000
+191 0 *
Ve
1e-07
9.612048458045 -41.40241938109 15
0 0

0101101
*
Ed
 1e-07 1 1 0
1  379 0 0 15
2  568 94 0 0 15
4 G1 94 0 100 0
2  569 100 0 0 15
0

0101000
+573 0 -189 0 *
Ed
 1e-07 1 1 0
1  380 0 3.41503516148565 4.71238898038469
2  570 94 0 3.41503516148565 4.71238898038469
4 C0 94 0 136 0
0

0101000
+594 0 -189 0 *
Wi

0101100
+571 0 +188 0 -187 0 -592 0 *
Fa
0  1e-07 94 0

0111000
+186 0 *
Ve
1e-07
-9.612048458046 -41.40241938109 15
0 0

0101101
*
Ed
 1e-07 1 1 0
1  381 0 0 15
2  571 101 0 0 15
4 G1 95 0 101 0
2  572 95 0 0 15
0

0101000
+584 0 -184 0 *
Ve
1e-07
-9.612048458046 -72.98 15
0 0

0101101
*
Ed
 1e-07 1 1 0
1  382 0 4.40241938109 35.98
4 C0 95 0 136 0
2  573 95 0 4.40241938109 35.98
0

0101000
+184 0 -182 0 *
Ed
 1e-07 1 1 0
1  383 0 0 15
2  574 96 0 0 15
4 G1 95 0 96 0
2  575 95 0 0 15
0

0101000
+583 0 -182 0 *
Wi

0101100
-582 0 +183 0 +181 0 -180 0 *
Fa
0  1e-07 95 0

0111000
+179 0 *
Ed
 1e-07 1 1 0
1  384 0 3.41503516148661 4.71238898038469
2  576 101 0 3.41503516148661 4.71238898038469
4 C0 101 0 136 0
0

0101000
+533 0 -184 0 *
Wi

0101100
+530 0 +177 0 -183 0 -569 0 *
Fa
0  1e-07 101 0

0111000
+176 0 *
Ve
1e-07
-8.978404038651 -74.44050416889 15
0 0

0101101
*
Ed
 1e-07 1 1 0
1  385 0 5.46449444122087 6.28318530717959
2  577 96 0 5.46449444122087 6.28318530717959
4 C0 96 0 136 0
0

0101000
+174 0 -182 0 *
Ed
 1e-07 1 1 0
1  386 0 0 15
2  578 96 0 0 15
2  579 97 0 0 15
4 C0 96 0 97 0
0

0101000
+581 0 -174 0 *
Wi

0101100
+173 0 -180 0 -580 0 +172 0 *
Fa
0  1e-07 96 0

0111000
+171 0 *
Ve
1e-07
-1.59872115546e-14 -74.98 15
0 0

0101101
*
Ed
 1e-07 1 1 0
1  387 0 0.2 15.2
2  580 97 0 0.2 15.2
2  581 98 0 0.2 15.2
4 CN 97 0 98 0
0

0101000
+579 0 -169 0 *
Ed
 1e-07 1 1 0
1  388 0 4.59235697184907 4.71238898038469
2  582 97 0 4.59235697184907 4.71238898038469
4 C0 97 0 136 0
0

0101000
+174 0 -169 0 *
Wi

0101100
-172 0 +578 0 +168 0 -167 0 *
Fa
0  1e-07 97 0

0111000
+166 0 *
Ve
1e-07
8.978404038651 -74.44050416889 15
0 0

0101101
*
Ed
 1e-07 1 1 0
1  389 0 0 15
2  583 98 0 0 15
2  584 99 0 0 15
4 C0 98 0 99 0
0

0101000
+577 0 -164 0 *
Ed
 1e-07 1 1 0
1  390 0 4.71238898038469 4.83242098892031
2  585 98 0 4.71238898038469 4.83242098892031
4 C0 98 0 136 0
0

0101000
+169 0 -164 0 *
Wi

0101100
-168 0 +576 0 +163 0 -162 0 *
Fa
0  1e-07 98 0

0111000
+161 0 *
Ve
1e-07
9.612048458045 -72.98 15
0 0

0101101
*
Ed
 1e-07 1 1 0
1  391 0 0 15
2  586 99 0 0 15
4 G1 99 0 100 0
2  587 100 0 0 15
0

0101000
+575 0 -159 0 *
Ed
 1e-07 1 1 0
1  392 0 2.32290178763144 3.14159265358979
2  588 99 0 2.32290178763144 3.14159265358979
4 C0 99 0 136 0
0

0101000
+164 0 -159 0 *
Wi

0101100
-163 0 +574 0 +158 0 -157 0 *
Fa
0  1e-07 99 0

0111000
+156 0 *
Ed
 1e-07 1 1 0
1  393 0 4.40241938109 35.98
4 C0 100 0 136 0
2  589 100 0 4.40241938109 35.98
0

0101000
+189 0 -159 0 *
Wi

0101100
-572 0 +188 0 +154 0 -158 0 *
Fa
0  1e-07 100 0

0111000
+153 0 *
Ve
1e-07
-22.47918685612 36.07267614768 15
0 0

0101101
*
Ed
 1e-07 1 1 0
1  394 0 5.77122965167741 7.06858347057951
2  590 102 0 5.77122965167741 7.06858347057951
4 C0 102 0 130 0
0

0101000
+559 0 -151 0 *
Ed
 1e-07 1 1 0
1  395 0 0 15
2  591 102 0 0 15
4 G1 102 0 103 0
2  592 103 0 0 15
0

0101000
+554 0 -151 0 *
Wi

0101100
+557 0 +150 0 -149 0 -539 0 *
Fa
0  1e-07 102 0

0111000
+148 0 *
Ve
1e-07
-44.80790824521 58.401397536772 15
0 0

0101101
*
Ed
 1e-07 1 1 0
1  396 0 4.40241938109591 35.9799999999986
4 C0 103 0 130 0
2  593 103 0 4.40241938109591 35.9799999999986
0

0101000
+151 0 -146 0 *
Ed
 1e-07 1 1 0
1  397 0 0 15
2  594 104 0 0 15
4 G1 103 0 104 0
2  595 103 0 0 15
0

0101000
+553 0 -146 0 *
Wi

0101100
-552 0 +149 0 +145 0 -144 0 *
Fa
0  1e-07 103 0

0111000
+143 0 *
Ve
1e-07
-46.2886949128 58.986075672731 15
0 0

0101101
*
Ed
 1e-07 1 1 0
1  398 0 5.46449444122362 6.28318530717959
2  596 104 0 5.46449444122362 6.28318530717959
4 C0 104 0 130 0
0

0101000
+141 0 -146 0 *
Ed
 1e-07 1 1 0
1  399 0 0 15
2  597 104 0 0 15
2  598 105 0 0 15
4 C0 104 0 105 0
0

0101000
+551 0 -141 0 *
Wi

0101100
+140 0 -144 0 -550 0 +139 0 *
Fa
0  1e-07 104 0

0111000
+138 0 *
Ve
1e-07
-53.01886645336 53.018866453367 15
0 0

0101101
*
Ed
 1e-07 1 1 0
1  400 0 0.2 15.2
2  599 105 0 0.2 15.2
2  600 106 0 0.2 15.2
4 CN 105 0 106 0
0

0101000
+549 0 -136 0 *
Ed
 1e-07 1 1 0
1  401 0 2.23616248165667 2.35619449019228
2  601 105 0 2.23616248165667 2.35619449019228
4 C0 105 0 130 0
0

0101000
+141 0 -136 0 *
Wi

0101100
-139 0 +548 0 +135 0 -134 0 *
Fa
0  1e-07 105 0

0111000
+133 0 *
Ve
1e-07
-58.98607567273 46.288694912806 15
0 0

0101101
*
Ed
 1e-07 1 1 0
1  402 0 0 15
2  602 106 0 0 15
2  603 107 0 0 15
4 C0 106 0 107 0
0

0101000
+547 0 -131 0 *
Ed
 1e-07 1 1 0
1  403 0 2.35619449019228 2.47622649872795
2  604 106 0 2.35619449019228 2.47622649872795
4 C0 106 0 130 0
0

0101000
+136 0 -131 0 *
Wi

0101100
-135 0 +546 0 +130 0 -129 0 *
Fa
0  1e-07 106 0

0111000
+128 0 *
Ve
1e-07
-58.40139753677 44.807908245217 15
0 0

0101101
*
Ed
 1e-07 1 1 0
1  404 0 0 15
2  605 107 0 0 15
4 G1 107 0 108 0
2  606 108 0 0 15
0

0101000
+545 0 -126 0 *
Ed
 1e-07 1 1 0
1  405 0 2.32290178763096 3.14159265358732
2  607 107 0 2.32290178763096 3.14159265358732
4 C0 107 0 130 0
0

0101000
+131 0 -126 0 *
Wi

0101100
-130 0 +544 0 +125 0 -124 0 *
Fa
0  1e-07 107 0

0111000
+123 0 *
Ve
1e-07
-36.07267614767 22.479186856124 15
0 0

0101101
*
Ed
 1e-07 1 1 0
1  406 0 0 15
2  608 109 0 0 15
4 G1 109 0 108 0
2  609 108 0 0 15
0

0101000
+543 0 -121 0 *
Ed
 1e-07 1 1 0
1  407 0 1.05884067129487 2.35619449019022
2  610 109 0 1.05884067129487 2.35619449019022
4 C0 109 0 130 0
0

0101000
+517 0 -121 0 *
Wi

0101100
+541 0 +120 0 -119 0 -514 0 *
Fa
0  1e-07 109 0

0111000
+118 0 *
Ed
 1e-07 1 1 0
1  408 0 4.40241938108813 35.9799999999986
4 C0 108 0 130 0
2  611 108 0 4.40241938108813 35.9799999999986
0

0101000
+121 0 -126 0 *
Wi

0101100
-542 0 +120 0 +116 0 -125 0 *
Fa
0  1e-07 108 0

0111000
+115 0 *
Ve
1e-07
-22.47918685612 -36.07267614768 15
0 0

0101101
*
Ed
 1e-07 1 1 0
1  409 0 0 15
2  612 110 0 0 15
4 G1 110 0 116 0
2  613 116 0 0 15
0

0101000
+479 0 -113 0 *
Ed
 1e-07 1 1 0
1  410 0 2.62963699808688 3.92699081699078
2  614 110 0 2.62963699808688 3.92699081699078
4 C0 110 0 134 0
0

0101000
+500 0 -113 0 *
Wi

0101100
+477 0 +112 0 -111 0 -498 0 *
Fa
0  1e-07 110 0

0111000
+110 0 *
Ve
1e-07
-36.07267614768 -22.47918685612 15
0 0

0101101
*
Ed
 1e-07 1 1 0
1  411 0 0 15
2  615 117 0 0 15
4 G1 111 0 117 0
2  616 111 0 0 15
0

0101000
+490 0 -108 0 *
Ve
1e-07
-58.40139753677 -44.80790824521 15
0 0

0101101
*
Ed
 1e-07 1 1 0
1  412 0 4.40241938109591 35.9799999999972
4 C0 111 0 134 0
2  617 111 0 4.40241938109591 35.9799999999972
0

0101000
+108 0 -106 0 *
Ed
 1e-07 1 1 0
1  413 0 0 15
2  618 112 0 0 15
4 G1 111 0 112 0
2  619 111 0 0 15
0

0101000
+489 0 -106 0 *
Wi

0101100
-488 0 +107 0 +105 0 -104 0 *
Fa
0  1e-07 111 0

0111000
+103 0 *
Ed
 1e-07 1 1 0
1  414 0 4.20043332488178 5.49778714378567
2  620 117 0 4.20043332488178 5.49778714378567
4 C0 117 0 134 0
0

0101000
+439 0 -108 0 *
Wi

0101100
+436 0 +101 0 -107 0 -475 0 *
Fa
0  1e-07 117 0

0111000
+100 0 *
Ve
1e-07
-58.98607567273 -46.2886949128 15
0 0

0101101
*
Ed
 1e-07 1 1 0
1  415 0 5.46449444122375 6.28318530717959
2  621 112 0 5.46449444122375 6.28318530717959
4 C0 112 0 134 0
0

0101000
+98 0 -106 0 *
Ed
 1e-07 1 1 0
1  416 0 0 15
2  622 112 0 0 15
2  623 113 0 0 15
4 C0 112 0 113 0
0

0101000
+487 0 -98 0 *
Wi

0101100
+97 0 -104 0 -486 0 +96 0 *
Fa
0  1e-07 112 0

0111000
+95 0 *
Ve
1e-07
-53.01886645336 -53.01886645336 15
0 0

0101101
*
Ed
 1e-07 1 1 0
1  417 0 0.2 15.2
2  624 113 0 0.2 15.2
2  625 114 0 0.2 15.2
4 CN 113 0 114 0
0

0101000
+485 0 -93 0 *
Ed
 1e-07 1 1 0
1  418 0 3.80695880845158 3.92699081698724
2  626 113 0 3.80695880845158 3.92699081698724
4 C0 113 0 134 0
0

0101000
+98 0 -93 0 *
Wi

0101100
-96 0 +484 0 +92 0 -91 0 *
Fa
0  1e-07 113 0

0111000
+90 0 *
Ve
1e-07
-46.2886949128 -58.98607567273 15
0 0

0101101
*
Ed
 1e-07 1 1 0
1  419 0 0 15
2  627 114 0 0 15
2  628 115 0 0 15
4 C0 114 0 115 0
0

0101000
+483 0 -88 0 *
Ed
 1e-07 1 1 0
1  420 0 3.92699081698724 4.04702282552291
2  629 114 0 3.92699081698724 4.04702282552291
4 C0 114 0 134 0
0

0101000
+93 0 -88 0 *
Wi

0101100
-92 0 +482 0 +87 0 -86 0 *
Fa
0  1e-07 114 0

0111000
+85 0 *
Ve
1e-07
-44.80790824521 -58.40139753677 15
0 0

0101101
*
Ed
 1e-07 1 1 0
1  421 0 0 15
2  630 115 0 0 15
4 G1 115 0 116 0
2  631 116 0 0 15
0

0101000
+481 0 -83 0 *
Ed
 1e-07 1 1 0
1  422 0 2.32290178763396 3.14159265358979
2  632 115 0 2.32290178763396 3.14159265358979
4 C0 115 0 134 0
0

0101000
+88 0 -83 0 *
Wi

0101100
-87 0 +480 0 +82 0 -81 0 *
Fa
0  1e-07 115 0

0111000
+80 0 *
Ed
 1e-07 1 1 0
1  423 0 4.40241938109591 35.9799999999972
4 C0 116 0 134 0
2  633 116 0 4.40241938109591 35.9799999999972
0

0101000
+113 0 -83 0 *
Wi

0101100
-478 0 +112 0 +78 0 -82 0 *
Fa
0  1e-07 116 0

0111000
+77 0 *
Ve
1e-07
-41.40241938109 9.612048458046 15
0 0

0101101
*
Ed
 1e-07 1 1 0
1  424 0 4.98583148828054 6.28318530717959
2  634 118 0 4.98583148828054 6.28318530717959
4 C0 118 0 132 0
0

0101000
+465 0 -75 0 *
Ed
 1e-07 1 1 0
1  425 0 0 15
2  635 118 0 0 15
4 G1 118 0 119 0
2  636 119 0 0 15
0

0101000
+460 0 -75 0 *
Wi

0101100
+463 0 +74 0 -73 0 -445 0 *
Fa
0  1e-07 118 0

0111000
+72 0 *
Ve
1e-07
-72.98 9.612048458046 15
0 0

0101101
*
Ed
 1e-07 1 1 0
1  426 0 4.40241938109 35.98
4 C0 119 0 132 0
2  637 119 0 4.40241938109 35.98
0

0101000
+75 0 -70 0 *
Ed
 1e-07 1 1 0
1  427 0 0 15
2  638 120 0 0 15
4 G1 119 0 120 0
2  639 119 0 0 15
0

0101000
+459 0 -70 0 *
Wi

0101100
-458 0 +73 0 +69 0 -68 0 *
Fa
0  1e-07 119 0

0111000
+67 0 *
Ve
1e-07
-74.44050416889 8.978404038651 15
0 0

0101101
*
Ed
 1e-07 1 1 0
1  428 0 5.46449444122087 6.28318530717959
2  640 120 0 5.46449444122087 6.28318530717959
4 C0 120 0 132 0
0

0101000
+65 0 -70 0 *
Ed
 1e-07 1 1 0
1  429 0 0 15
2  641 120 0 0 15
2  642 121 0 0 15
4 C0 120 0 121 0
0

0101000
+457 0 -65 0 *
Wi

0101100
+64 0 -68 0 -456 0 +63 0 *
Fa
0  1e-07 120 0

0111000
+62 0 *
Ve
1e-07
-74.98 8.881784197001e-15 15
0 0

0101101
*
Ed
 1e-07 1 1 0
1  430 0 0.2 15.2
2  643 121 0 0.2 15.2
2  644 122 0 0.2 15.2
4 CN 121 0 122 0
0

0101000
+455 0 -60 0 *
Ed
 1e-07 1 1 0
1  431 0 3.02156064505418 3.14159265358979
2  645 121 0 3.02156064505418 3.14159265358979
4 C0 121 0 132 0
0

0101000
+65 0 -60 0 *
Wi

0101100
-63 0 +454 0 +59 0 -58 0 *
Fa
0  1e-07 121 0

0111000
+57 0 *
Ve
1e-07
-74.44050416889 -8.978404038651 15
0 0

0101101
*
Ed
 1e-07 1 1 0
1  432 0 0 15
2  646 122 0 0 15
2  647 123 0 0 15
4 C0 122 0 123 0
0

0101000
+453 0 -55 0 *
Ed
 1e-07 1 1 0
1  433 0 3.14159265358979 3.26162466212541
2  648 122 0 3.14159265358979 3.26162466212541
4 C0 122 0 132 0
0

0101000
+60 0 -55 0 *
Wi

0101100
-59 0 +452 0 +54 0 -53 0 *
Fa
0  1e-07 122 0

0111000
+52 0 *
Ve
1e-07
-72.98 -9.612048458045 15
0 0

0101101
*
Ed
 1e-07 1 1 0
1  434 0 0 15
2  649 123 0 0 15
4 G1 123 0 124 0
2  650 124 0 0 15
0

0101000
+451 0 -50 0 *
Ed
 1e-07 1 1 0
1  435 0 2.32290178763144 3.14159265358979
2  651 123 0 2.32290178763144 3.14159265358979
4 C0 123 0 132 0
0

0101000
+55 0 -50 0 *
Wi

0101100
-54 0 +450 0 +49 0 -48 0 *
Fa
0  1e-07 123 0

0111000
+47 0 *
Ve
1e-07
-41.40241938109 -9.612048458046 15
0 0

0101101
*
Ed
 1e-07 1 1 0
1  436 0 0 15
2  652 125 0 0 15
4 G1 125 0 124 0
2  653 124 0 0 15
0

0101000
+449 0 -45 0 *
Ed
 1e-07 1 1 0
1  437 0 1.84423883469171 3.14159265358979
2  654 125 0 1.84423883469171 3.14159265358979
4 C0 125 0 132 0
0

0101000
+423 0 -45 0 *
Wi

0101100
+447 0 +44 0 -43 0 -420 0 *
Fa
0  1e-07 125 0

0111000
+42 0 *
Ed
 1e-07 1 1 0
1  438 0 4.40241938109 35.98
4 C0 124 0 132 0
2  655 124 0 4.40241938109 35.98
0

0101000
+45 0 -50 0 *
Wi

0101100
-448 0 +44 0 +40 0 -49 0 *
Fa
0  1e-07 124 0

0111000
+39 0 *
Ed
 1e-07 1 1 0
1  439 0 0.548755477438321 1.02204084935658
4 C1 126 0 127 0
0

0101000
+408 0 -398 0 *
Wi

0101100
+297 0 -292 0 +286 0 +281 0 +276 0 -268 0 -271 0 -396 0 -37 0 -407 0 
+302 0 *
Fa
0  1e-07 126 0

0111000
+36 0 *
Wi

0101100
+405 0 +37 0 -397 0 -399 0 -401 0 +403 0 *
Fa
0  1e-07 127 0

0111000
+34 0 *
Ed
 1e-07 1 1 0
1  440 0 5.26114445782302 5.73442982974135
4 C1 138 0 139 0
0

0101000
+330 0 -320 0 *
Wi

0101100
+257 0 -249 0 +243 0 +238 0 +233 0 -230 0 -263 0 -318 0 -32 0 -329 0 
+253 0 *
Fa
0  1e-07 138 0

0111000
+31 0 *
Wi

0101100
+32 0 -319 0 -321 0 -323 0 +325 0 +327 0 *
Fa
0  1e-07 139 0

0111000
+29 0 *
Ed
 1e-07 1 1 0
1  441 0 1.33415364083581 1.80743901275398
4 G2 128 0 129 0
0

0101000
+395 0 -385 0 *
Wi

0101100
+221 0 -216 0 +210 0 +205 0 +200 0 -192 0 -195 0 -383 0 -27 0 -394 0 
+226 0 *
Fa
0  1e-07 128 0

0111000
+26 0 *
Wi

0101100
+27 0 -384 0 -386 0 -388 0 +390 0 +392 0 *
Fa
0  1e-07 129 0

0111000
+24 0 *
Ed
 1e-07 1 1 0
1  442 0 4.47574629442553 4.94903166634383
4 G2 136 0 137 0
0

0101000
+343 0 -333 0 *
Wi

0101100
+181 0 -173 0 +167 0 +162 0 +157 0 -154 0 -187 0 -331 0 -22 0 -342 0 
+177 0 *
Fa
0  1e-07 136 0

0111000
+21 0 *
Wi

0101100
+22 0 -332 0 -334 0 -336 0 +338 0 +340 0 *
Fa
0  1e-07 137 0

0111000
+19 0 *
Ed
 1e-07 1 1 0
1  443 0 2.11955180423313 2.59283717615146
4 C1 130 0 131 0
0

0101000
+382 0 -372 0 *
Wi

0101100
+145 0 -140 0 +134 0 +129 0 +124 0 -116 0 -119 0 -370 0 -17 0 -381 0 
+150 0 *
Fa
0  1e-07 130 0

0111000
+16 0 *
Wi

0101100
+17 0 -371 0 -373 0 -375 0 +377 0 +379 0 *
Fa
0  1e-07 131 0

0111000
+14 0 *
Ed
 1e-07 1 1 0
1  444 0 3.69034813102804 4.16363350294644
4 C1 134 0 135 0
0

0101000
+356 0 -346 0 *
Wi

0101100
+105 0 -97 0 +91 0 +86 0 +81 0 -78 0 -111 0 -344 0 -12 0 -355 0 
+101 0 *
Fa
0  1e-07 134 0

0111000
+11 0 *
Wi

0101100
+12 0 -345 0 -347 0 -349 0 +351 0 +353 0 *
Fa
0  1e-07 135 0

0111000
+9 0 *
Ed
 1e-07 1 1 0
1  445 0 2.90494996763066 3.37823533954898
4 G2 132 0 133 0
0

0101000
+369 0 -359 0 *
Wi

0101100
+69 0 -64 0 +58 0 +53 0 +48 0 -40 0 -43 0 -357 0 -7 0 -368 0 
+74 0 *
Fa
0  1e-07 132 0

0111000
+6 0 *
Wi

0101100
+7 0 -358 0 -360 0 -362 0 +364 0 +366 0 *
Fa
0  1e-07 133 0

0111000
+4 0 *
Sh

0101100
-1014 0 -1007 0 -812 0 +807 0 -805 0 +800 0 +795 0 +790 0 +785 0 -780 0 
+771 0 +764 0 -761 0 -756 0 -751 0 -746 0 +741 0 -723 0 -721 0 +716 0 
-711 0 -706 0 +699 0 -694 0 -689 0 +684 0 -679 0 -661 0 -656 0 -654 0 
+649 0 -631 0 -629 0 +622 0 -617 0 -612 0 +605 0 -600 0 -595 0 +590 0 
-585 0 -567 0 -562 0 -560 0 +555 0 -537 0 -535 0 +528 0 -523 0 -518 0 
+511 0 -506 0 -501 0 +496 0 -491 0 -473 0 -468 0 -466 0 +461 0 -443 0 
-441 0 +434 0 -429 0 -424 0 +417 0 -414 0 -409 0 +306 0 +304 0 -299 0 
-294 0 +289 0 +284 0 +279 0 +274 0 -269 0 +266 0 -261 0 -254 0 -251 0 
+246 0 +241 0 +236 0 +231 0 +228 0 -223 0 -218 0 +213 0 +208 0 +203 0 
+198 0 -193 0 +190 0 -185 0 -178 0 -175 0 +170 0 +165 0 +160 0 +155 0 
+152 0 -147 0 -142 0 +137 0 +132 0 +127 0 +122 0 -117 0 +114 0 -109 0 
-102 0 -99 0 +94 0 +89 0 +84 0 +79 0 +76 0 -71 0 -66 0 +61 0 
+56 0 +51 0 +46 0 -41 0 +38 0 +35 0 +33 0 +30 0 +28 0 +25 0 
+23 0 +20 0 +18 0 +15 0 +13 0 +10 0 +8 0 +5 0 +3 0 *
So

0100000
+2 0 *

+1 0 