ELMER SOLVER (v 9.0) STARTED AT: 2026/09/08 09:36:14
ParCommInit: Initialize #PEs: 1
MAIN: 
MAIN: =============================================================
MAIN: ElmerSolver finite element software, Welcome!
MAIN: This program is free software licensed under (L)GPL
MAIN: Copyright 1st April 1995 - , CSC - IT Center for Science Ltd.
MAIN: Webpage http://www.csc.fi/elmer, Email elmeradm@csc.fi
MAIN: Version: 9.0 (Rev: Release, Compiled: 2026-01-20)
MAIN:  Running one task without MPI parallelization.
MAIN:  Running with just one thread per task.
MAIN:  Lua interpreter linked in.
MAIN: =============================================================
MAIN: 
MAIN: 
MAIN: -------------------------------------
MAIN: Reading Model: case.sif
LoadInputFile: Scanning input file: case.sif
LoadInputFile: Scanning only size info
LoadInputFile: First time visiting
LoadInputFile: Reading base load of sif file
LoadInputFile: Loading input file: case.sif
LoadInputFile: Reading base load of sif file
Loading user function library: [ReferenceCallbacks]...[DormantCondition]
Loading user function library: [ReferenceCallbacks]...[BirthSource]
Loading user function library: [ReferenceCallbacks]...[SurfaceFlux]
Loading user function library: [ReferenceCallbacks]...[ReferenceDensity]
Loading user function library: [ReferenceCallbacks]...[SecantCapacity]
Loading user function library: [ReferenceCallbacks]...[ReferenceConductivity]
Loading user function library: [ReferenceCallbacks]...[ReferenceDensity]
Loading user function library: [ReferenceCallbacks]...[SecantCapacity]
Loading user function library: [ReferenceCallbacks]...[ReferenceConductivity]
Loading user function library: [ReferenceCallbacks]...[ReferenceDensity]
Loading user function library: [ReferenceCallbacks]...[SecantCapacity]
Loading user function library: [ReferenceCallbacks]...[ReferenceConductivity]
LoadInputFile: Number of BCs: 1
LoadInputFile: Number of Body Forces: 1
LoadInputFile: Number of Initial Conditions: 1
LoadInputFile: Number of Materials: 3
LoadInputFile: Number of Equations: 1
LoadInputFile: Number of Solvers: 3
LoadInputFile: Number of Bodies: 3
MAIN: 
MAIN: -------------------------------------
MAIN: Time: 1/600:   1.000E-01
MAIN: -------------------------------------
MAIN: 
ComputeChange: NS (ITER=1) (NRM,RELC): (  152.43137      2.0000000     ) :: heat equation
ComputeChange: NS (ITER=2) (NRM,RELC): (  152.36579     0.43029976E-03 ) :: heat equation
ComputeChange: NS (ITER=3) (NRM,RELC): (  152.36767     0.12323508E-04 ) :: heat equation
ComputeChange: NS (ITER=4) (NRM,RELC): (  152.36761     0.41715381E-06 ) :: heat equation
ComputeChange: NS (ITER=5) (NRM,RELC): (  152.36761     0.15532282E-07 ) :: heat equation
ComputeChange: NS (ITER=6) (NRM,RELC): (  152.36761     0.46741081E-09 ) :: heat equation
REF time=   0.100 max=   570.966 energy residual= -1.5661E-01
MAIN: 
MAIN: -------------------------------------
MAIN: Time: 2/600:   2.000E-01
MAIN: Estimated time left: 20.7 minutes
MAIN: -------------------------------------
MAIN: 
ComputeChange: NS (ITER=1) (NRM,RELC): (  154.51937     0.14023168E-01 ) :: heat equation
ComputeChange: NS (ITER=2) (NRM,RELC): (  154.48289     0.23613984E-03 ) :: heat equation
ComputeChange: NS (ITER=3) (NRM,RELC): (  154.48370     0.52451991E-05 ) :: heat equation
ComputeChange: NS (ITER=4) (NRM,RELC): (  154.48368     0.14219081E-06 ) :: heat equation
ComputeChange: NS (ITER=5) (NRM,RELC): (  154.48368     0.42048322E-08 ) :: heat equation
REF time=   0.200 max=   739.150 energy residual= -3.5028E-01
MAIN: 
MAIN: -------------------------------------
MAIN: Time: 3/600:   3.000E-01
MAIN: Estimated time left: 19.6 minutes
MAIN: -------------------------------------
MAIN: 
ComputeChange: NS (ITER=1) (NRM,RELC): (  156.35176     0.12019755E-01 ) :: heat equation
ComputeChange: NS (ITER=2) (NRM,RELC): (  156.33098     0.13294577E-03 ) :: heat equation
ComputeChange: NS (ITER=3) (NRM,RELC): (  156.33121     0.15111854E-05 ) :: heat equation
ComputeChange: NS (ITER=4) (NRM,RELC): (  156.33121     0.21005467E-07 ) :: heat equation
ComputeChange: NS (ITER=5) (NRM,RELC): (  156.33121     0.17982805E-09 ) :: heat equation
REF time=   0.300 max=   852.847 energy residual= -5.1587E-01
MAIN: 
MAIN: -------------------------------------
MAIN: Time: 4/600:   4.000E-01
MAIN: Estimated time left: 15.3 minutes
MAIN: -------------------------------------
MAIN: 
ComputeChange: NS (ITER=1) (NRM,RELC): (  158.00684     0.10661327E-01 ) :: heat equation
ComputeChange: NS (ITER=2) (NRM,RELC): (  157.99479     0.76268214E-04 ) :: heat equation
ComputeChange: NS (ITER=3) (NRM,RELC): (  157.99491     0.78152139E-06 ) :: heat equation
ComputeChange: NS (ITER=4) (NRM,RELC): (  157.99491     0.68123093E-08 ) :: heat equation
MAIN: 
MAIN: -------------------------------------
MAIN: Time: 5/600:   5.000E-01
MAIN: Estimated time left: 16.4 minutes
MAIN: -------------------------------------
MAIN: 
ComputeChange: NS (ITER=1) (NRM,RELC): (  159.53075     0.96738026E-02 ) :: heat equation
ComputeChange: NS (ITER=2) (NRM,RELC): (  159.52083     0.62214840E-04 ) :: heat equation
ComputeChange: NS (ITER=3) (NRM,RELC): (  159.52091     0.52363459E-06 ) :: heat equation
ComputeChange: NS (ITER=4) (NRM,RELC): (  159.52091     0.45818207E-08 ) :: heat equation
MAIN: 
MAIN: -------------------------------------
MAIN: Time: 6/600:   6.000E-01
MAIN: Estimated time left: 16.6 minutes
MAIN: -------------------------------------
MAIN: 
ComputeChange: NS (ITER=1) (NRM,RELC): (  160.95070     0.89230543E-02 ) :: heat equation
ComputeChange: NS (ITER=2) (NRM,RELC): (  160.94232     0.52084792E-04 ) :: heat equation
ComputeChange: NS (ITER=3) (NRM,RELC): (  160.94238     0.38270696E-06 ) :: heat equation
ComputeChange: NS (ITER=4) (NRM,RELC): (  160.94238     0.30234493E-08 ) :: heat equation
MAIN: 
MAIN: -------------------------------------
MAIN: Time: 7/600:   7.000E-01
MAIN: Estimated time left: 15.0 minutes
MAIN: -------------------------------------
MAIN: 
ComputeChange: NS (ITER=1) (NRM,RELC): (  162.29023     0.83398304E-02 ) :: heat equation
ComputeChange: NS (ITER=2) (NRM,RELC): (  162.28334     0.42498609E-04 ) :: heat equation
ComputeChange: NS (ITER=3) (NRM,RELC): (  162.28338     0.27308192E-06 ) :: heat equation
ComputeChange: NS (ITER=4) (NRM,RELC): (  162.28338     0.16897340E-08 ) :: heat equation
MAIN: 
MAIN: -------------------------------------
MAIN: Time: 8/600:   8.000E-01
MAIN: Estimated time left: 11.3 minutes
MAIN: -------------------------------------
MAIN: 
ComputeChange: NS (ITER=1) (NRM,RELC): (  163.56557     0.78698704E-02 ) :: heat equation
ComputeChange: NS (ITER=2) (NRM,RELC): (  163.55991     0.34654805E-04 ) :: heat equation
ComputeChange: NS (ITER=3) (NRM,RELC): (  163.55993     0.17411867E-06 ) :: heat equation
ComputeChange: NS (ITER=4) (NRM,RELC): (  163.55993     0.83832312E-09 ) :: heat equation
MAIN: 
MAIN: -------------------------------------
MAIN: Time: 9/600:   9.000E-01
MAIN: Estimated time left: 10.8 minutes
MAIN: -------------------------------------
MAIN: 
ComputeChange: NS (ITER=1) (NRM,RELC): (  164.78774     0.74786821E-02 ) :: heat equation
ComputeChange: NS (ITER=2) (NRM,RELC): (  164.78328     0.27072351E-04 ) :: heat equation
ComputeChange: NS (ITER=3) (NRM,RELC): (  164.78330     0.12525744E-06 ) :: heat equation
ComputeChange: NS (ITER=4) (NRM,RELC): (  164.78330     0.52062483E-09 ) :: heat equation
MAIN: 
MAIN: -------------------------------------
MAIN: Time: 10/600:   1.000E+00
MAIN: Estimated time left: 10.9 minutes
MAIN: -------------------------------------
MAIN: 
ComputeChange: NS (ITER=1) (NRM,RELC): (  165.96447     0.71424388E-02 ) :: heat equation
ComputeChange: NS (ITER=2) (NRM,RELC): (  165.96060     0.23340823E-04 ) :: heat equation
ComputeChange: NS (ITER=3) (NRM,RELC): (  165.96061     0.10320193E-06 ) :: heat equation
ComputeChange: NS (ITER=4) (NRM,RELC): (  165.96061     0.39898599E-09 ) :: heat equation
MAIN: 
MAIN: -------------------------------------
MAIN: Time: 11/600:   1.100E+00
MAIN: Estimated time left: 11.2 minutes
MAIN: -------------------------------------
MAIN: 
ComputeChange: NS (ITER=1) (NRM,RELC): (  167.10171     0.68521356E-02 ) :: heat equation
ComputeChange: NS (ITER=2) (NRM,RELC): (  167.09815     0.21318535E-04 ) :: heat equation
ComputeChange: NS (ITER=3) (NRM,RELC): (  167.09816     0.93888663E-07 ) :: heat equation
ComputeChange: NS (ITER=4) (NRM,RELC): (  167.09816     0.35345957E-09 ) :: heat equation
MAIN: 
MAIN: -------------------------------------
MAIN: Time: 12/600:   1.200E+00
MAIN: Estimated time left: 10.9 minutes
MAIN: -------------------------------------
MAIN: 
ComputeChange: NS (ITER=1) (NRM,RELC): (  168.20399     0.65960175E-02 ) :: heat equation
ComputeChange: NS (ITER=2) (NRM,RELC): (  168.19331     0.63509317E-04 ) :: heat equation
ComputeChange: NS (ITER=3) (NRM,RELC): (  168.19388     0.34199890E-05 ) :: heat equation
ComputeChange: NS (ITER=4) (NRM,RELC): (  168.19384     0.27341009E-06 ) :: heat equation
ComputeChange: NS (ITER=5) (NRM,RELC): (  168.19384     0.21999418E-07 ) :: heat equation
ComputeChange: NS (ITER=6) (NRM,RELC): (  168.19384     0.15865402E-08 ) :: heat equation
MAIN: 
MAIN: -------------------------------------
MAIN: Time: 13/600:   1.300E+00
MAIN: Estimated time left: 16.9 minutes
MAIN: -------------------------------------
MAIN: 
ComputeChange: NS (ITER=1) (NRM,RELC): (  169.26140     0.63270991E-02 ) :: heat equation
ComputeChange: NS (ITER=2) (NRM,RELC): (  169.25602     0.31760916E-04 ) :: heat equation
ComputeChange: NS (ITER=3) (NRM,RELC): (  169.25646     0.25612625E-05 ) :: heat equation
ComputeChange: NS (ITER=4) (NRM,RELC): (  169.25638     0.45701809E-06 ) :: heat equation
ComputeChange: NS (ITER=5) (NRM,RELC): (  169.25639     0.83192926E-07 ) :: heat equation
ComputeChange: NS (ITER=6) (NRM,RELC): (  169.25639     0.15110440E-07 ) :: heat equation
ComputeChange: NS (ITER=7) (NRM,RELC): (  169.25639     0.25272570E-08 ) :: heat equation
MAIN: 
MAIN: -------------------------------------
MAIN: Time: 14/600:   1.400E+00
MAIN: Estimated time left: 23.5 minutes
MAIN: -------------------------------------
MAIN: 
ComputeChange: NS (ITER=1) (NRM,RELC): (  170.27941     0.60260193E-02 ) :: heat equation
ComputeChange: NS (ITER=2) (NRM,RELC): (  170.27833     0.63816549E-05 ) :: heat equation
ComputeChange: NS (ITER=3) (NRM,RELC): (  170.27886     0.31180797E-05 ) :: heat equation
ComputeChange: NS (ITER=4) (NRM,RELC): (  170.27886     0.20333335E-07 ) :: heat equation
ComputeChange: NS (ITER=5) (NRM,RELC): (  170.27886     0.66272681E-08 ) :: heat equation
MAIN: 
MAIN: -------------------------------------
MAIN: Time: 15/600:   1.500E+00
MAIN: Estimated time left: 16.9 minutes
MAIN: -------------------------------------
MAIN: 
ComputeChange: NS (ITER=1) (NRM,RELC): (  171.21695     0.54940479E-02 ) :: heat equation
ComputeChange: NS (ITER=2) (NRM,RELC): (  171.21419     0.16143762E-04 ) :: heat equation
ComputeChange: NS (ITER=3) (NRM,RELC): (  171.21420     0.55143247E-07 ) :: heat equation
ComputeChange: NS (ITER=4) (NRM,RELC): (  171.21420     0.17920161E-09 ) :: heat equation
MAIN: 
MAIN: -------------------------------------
MAIN: Time: 16/600:   1.600E+00
MAIN: Estimated time left: 15.7 minutes
MAIN: -------------------------------------
MAIN: 
ComputeChange: NS (ITER=1) (NRM,RELC): (  172.10109     0.51666379E-02 ) :: heat equation
ComputeChange: NS (ITER=2) (NRM,RELC): (  172.09854     0.14826814E-04 ) :: heat equation
ComputeChange: NS (ITER=3) (NRM,RELC): (  172.09855     0.48831166E-07 ) :: heat equation
ComputeChange: NS (ITER=4) (NRM,RELC): (  172.09855     0.15470921E-09 ) :: heat equation
MAIN: 
MAIN: -------------------------------------
MAIN: Time: 17/600:   1.700E+00
MAIN: Estimated time left: 15.0 minutes
MAIN: -------------------------------------
MAIN: 
ComputeChange: NS (ITER=1) (NRM,RELC): (  172.94900     0.49294969E-02 ) :: heat equation
ComputeChange: NS (ITER=2) (NRM,RELC): (  172.94655     0.14209327E-04 ) :: heat equation
ComputeChange: NS (ITER=3) (NRM,RELC): (  172.94655     0.46608748E-07 ) :: heat equation
ComputeChange: NS (ITER=4) (NRM,RELC): (  172.94655     0.14721654E-09 ) :: heat equation
MAIN: 
MAIN: -------------------------------------
MAIN: Time: 18/600:   1.800E+00
MAIN: Estimated time left: 14.2 minutes
MAIN: -------------------------------------
MAIN: 
ComputeChange: NS (ITER=1) (NRM,RELC): (  173.76904     0.47444228E-02 ) :: heat equation
ComputeChange: NS (ITER=2) (NRM,RELC): (  173.76668     0.13563115E-04 ) :: heat equation
ComputeChange: NS (ITER=3) (NRM,RELC): (  173.76669     0.44271379E-07 ) :: heat equation
ComputeChange: NS (ITER=4) (NRM,RELC): (  173.76669     0.13702643E-09 ) :: heat equation
MAIN: 
MAIN: -------------------------------------
MAIN: Time: 19/600:   1.900E+00
MAIN: Estimated time left: 14.4 minutes
MAIN: -------------------------------------
MAIN: 
ComputeChange: NS (ITER=1) (NRM,RELC): (  174.56586     0.45885702E-02 ) :: heat equation
ComputeChange: NS (ITER=2) (NRM,RELC): (  174.56359     0.13023743E-04 ) :: heat equation
ComputeChange: NS (ITER=3) (NRM,RELC): (  174.56360     0.43011802E-07 ) :: heat equation
ComputeChange: NS (ITER=4) (NRM,RELC): (  174.56360     0.13508321E-09 ) :: heat equation
MAIN: 
MAIN: -------------------------------------
MAIN: Time: 20/600:   2.000E+00
MAIN: Estimated time left: 14.4 minutes
MAIN: -------------------------------------
MAIN: 
ComputeChange: NS (ITER=1) (NRM,RELC): (  175.34300     0.44549472E-02 ) :: heat equation
ComputeChange: NS (ITER=2) (NRM,RELC): (  175.34071     0.13085886E-04 ) :: heat equation
ComputeChange: NS (ITER=3) (NRM,RELC): (  175.34072     0.42768901E-07 ) :: heat equation
ComputeChange: NS (ITER=4) (NRM,RELC): (  175.34072     0.13677961E-09 ) :: heat equation
MAIN: 
MAIN: -------------------------------------
MAIN: Time: 21/600:   2.100E+00
MAIN: Estimated time left: 13.6 minutes
MAIN: -------------------------------------
MAIN: 
ComputeChange: NS (ITER=1) (NRM,RELC): (  176.10275     0.43366035E-02 ) :: heat equation
ComputeChange: NS (ITER=2) (NRM,RELC): (  176.10066     0.11892645E-04 ) :: heat equation
ComputeChange: NS (ITER=3) (NRM,RELC): (  176.10062     0.22035767E-06 ) :: heat equation
ComputeChange: NS (ITER=4) (NRM,RELC): (  176.10062     0.14636027E-08 ) :: heat equation
MAIN: 
MAIN: -------------------------------------
MAIN: Time: 22/600:   2.200E+00
MAIN: Estimated time left: 15.3 minutes
MAIN: -------------------------------------
MAIN: 
ComputeChange: NS (ITER=1) (NRM,RELC): (  176.84468     0.42163169E-02 ) :: heat equation
ComputeChange: NS (ITER=2) (NRM,RELC): (  176.84242     0.12828352E-04 ) :: heat equation
ComputeChange: NS (ITER=3) (NRM,RELC): (  176.84242     0.43428990E-07 ) :: heat equation
ComputeChange: NS (ITER=4) (NRM,RELC): (  176.84242     0.14878410E-09 ) :: heat equation
MAIN: 
MAIN: -------------------------------------
MAIN: Time: 23/600:   2.300E+00
MAIN: Estimated time left: 13.5 minutes
MAIN: -------------------------------------
MAIN: 
ComputeChange: NS (ITER=1) (NRM,RELC): (  177.57288     0.41220521E-02 ) :: heat equation
ComputeChange: NS (ITER=2) (NRM,RELC): (  177.57066     0.12528842E-04 ) :: heat equation
ComputeChange: NS (ITER=3) (NRM,RELC): (  177.57067     0.42275751E-07 ) :: heat equation
ComputeChange: NS (ITER=4) (NRM,RELC): (  177.57067     0.14350437E-09 ) :: heat equation
MAIN: 
MAIN: -------------------------------------
MAIN: Time: 24/600:   2.400E+00
MAIN: Estimated time left: 10.7 minutes
MAIN: -------------------------------------
MAIN: 
ComputeChange: NS (ITER=1) (NRM,RELC): (  178.28762     0.40294344E-02 ) :: heat equation
ComputeChange: NS (ITER=2) (NRM,RELC): (  178.28178     0.32732486E-04 ) :: heat equation
ComputeChange: NS (ITER=3) (NRM,RELC): (  178.28199     0.11423724E-05 ) :: heat equation
ComputeChange: NS (ITER=4) (NRM,RELC): (  178.28198     0.63312995E-07 ) :: heat equation
ComputeChange: NS (ITER=5) (NRM,RELC): (  178.28198     0.35326427E-08 ) :: heat equation
MAIN: 
MAIN: -------------------------------------
MAIN: Time: 25/600:   2.500E+00
MAIN: Estimated time left: 13.8 minutes
MAIN: -------------------------------------
MAIN: 
ComputeChange: NS (ITER=1) (NRM,RELC): (  178.98261     0.39221880E-02 ) :: heat equation
ComputeChange: NS (ITER=2) (NRM,RELC): (  178.97924     0.18793047E-04 ) :: heat equation
ComputeChange: NS (ITER=3) (NRM,RELC): (  178.97910     0.78586161E-06 ) :: heat equation
ComputeChange: NS (ITER=4) (NRM,RELC): (  178.97909     0.85386986E-07 ) :: heat equation
ComputeChange: NS (ITER=5) (NRM,RELC): (  178.97908     0.87178232E-08 ) :: heat equation
MAIN: 
MAIN: -------------------------------------
MAIN: Time: 26/600:   2.600E+00
MAIN: Estimated time left: 14.1 minutes
MAIN: -------------------------------------
MAIN: 
ComputeChange: NS (ITER=1) (NRM,RELC): (  179.66618     0.38316269E-02 ) :: heat equation
ComputeChange: NS (ITER=2) (NRM,RELC): (  179.66204     0.23059297E-04 ) :: heat equation
ComputeChange: NS (ITER=3) (NRM,RELC): (  179.66229     0.13752482E-05 ) :: heat equation
ComputeChange: NS (ITER=4) (NRM,RELC): (  179.66226     0.16098396E-06 ) :: heat equation
ComputeChange: NS (ITER=5) (NRM,RELC): (  179.66226     0.19053851E-07 ) :: heat equation
ComputeChange: NS (ITER=6) (NRM,RELC): (  179.66226     0.22360520E-08 ) :: heat equation
MAIN: 
MAIN: -------------------------------------
MAIN: Time: 27/600:   2.700E+00
MAIN: Estimated time left: 16.2 minutes
MAIN: -------------------------------------
MAIN: 
ComputeChange: NS (ITER=1) (NRM,RELC): (  180.33656     0.37461294E-02 ) :: heat equation
ComputeChange: NS (ITER=2) (NRM,RELC): (  180.33414     0.13417745E-04 ) :: heat equation
ComputeChange: NS (ITER=3) (NRM,RELC): (  180.33428     0.75758000E-06 ) :: heat equation
ComputeChange: NS (ITER=4) (NRM,RELC): (  180.33425     0.15430144E-06 ) :: heat equation
ComputeChange: NS (ITER=5) (NRM,RELC): (  180.33426     0.32169662E-07 ) :: heat equation
ComputeChange: NS (ITER=6) (NRM,RELC): (  180.33426     0.66640836E-08 ) :: heat equation
MAIN: 
MAIN: -------------------------------------
MAIN: Time: 28/600:   2.800E+00
MAIN: Estimated time left: 16.0 minutes
MAIN: -------------------------------------
MAIN: 
ComputeChange: NS (ITER=1) (NRM,RELC): (  180.97836     0.35653851E-02 ) :: heat equation
ComputeChange: NS (ITER=2) (NRM,RELC): (  180.97679     0.86735010E-05 ) :: heat equation
ComputeChange: NS (ITER=3) (NRM,RELC): (  180.97684     0.23429186E-06 ) :: heat equation
ComputeChange: NS (ITER=4) (NRM,RELC): (  180.97684     0.34793199E-07 ) :: heat equation
ComputeChange: NS (ITER=5) (NRM,RELC): (  180.97684     0.57123387E-08 ) :: heat equation
MAIN: 
MAIN: -------------------------------------
MAIN: Time: 29/600:   2.900E+00
MAIN: Estimated time left: 13.1 minutes
MAIN: -------------------------------------
MAIN: 
ComputeChange: NS (ITER=1) (NRM,RELC): (  181.59608     0.34158014E-02 ) :: heat equation
ComputeChange: NS (ITER=2) (NRM,RELC): (  181.59473     0.74249716E-05 ) :: heat equation
ComputeChange: NS (ITER=3) (NRM,RELC): (  181.59471     0.11462945E-06 ) :: heat equation
ComputeChange: NS (ITER=4) (NRM,RELC): (  181.59472     0.91702535E-08 ) :: heat equation
MAIN: 
MAIN: -------------------------------------
MAIN: Time: 30/600:   3.000E+00
MAIN: Estimated time left: 11.2 minutes
MAIN: -------------------------------------
MAIN: 
ComputeChange: NS (ITER=1) (NRM,RELC): (  182.19483     0.32992407E-02 ) :: heat equation
ComputeChange: NS (ITER=2) (NRM,RELC): (  182.19213     0.14823336E-04 ) :: heat equation
ComputeChange: NS (ITER=3) (NRM,RELC): (  182.19208     0.25215927E-06 ) :: heat equation
ComputeChange: NS (ITER=4) (NRM,RELC): (  182.19208     0.15635598E-07 ) :: heat equation
ComputeChange: NS (ITER=5) (NRM,RELC): (  182.19208     0.86983384E-09 ) :: heat equation
MAIN: 
MAIN: -------------------------------------
MAIN: Time: 31/600:   3.100E+00
MAIN: Estimated time left: 13.4 minutes
MAIN: -------------------------------------
MAIN: 
ComputeChange: NS (ITER=1) (NRM,RELC): (  182.77540     0.31965427E-02 ) :: heat equation
ComputeChange: NS (ITER=2) (NRM,RELC): (  182.77342     0.10819600E-04 ) :: heat equation
ComputeChange: NS (ITER=3) (NRM,RELC): (  182.77343     0.30765658E-07 ) :: heat equation
ComputeChange: NS (ITER=4) (NRM,RELC): (  182.77343     0.97133652E-10 ) :: heat equation
MAIN: 
MAIN: -------------------------------------
MAIN: Time: 32/600:   3.200E+00
MAIN: Estimated time left: 10.3 minutes
MAIN: -------------------------------------
MAIN: 
ComputeChange: NS (ITER=1) (NRM,RELC): (  183.34468     0.31206273E-02 ) :: heat equation
ComputeChange: NS (ITER=2) (NRM,RELC): (  183.34122     0.18877203E-04 ) :: heat equation
ComputeChange: NS (ITER=3) (NRM,RELC): (  183.34109     0.73279470E-06 ) :: heat equation
ComputeChange: NS (ITER=4) (NRM,RELC): (  183.34108     0.66389938E-07 ) :: heat equation
ComputeChange: NS (ITER=5) (NRM,RELC): (  183.34108     0.56768404E-08 ) :: heat equation
MAIN: 
MAIN: -------------------------------------
MAIN: Time: 33/600:   3.300E+00
MAIN: Estimated time left: 14.0 minutes
MAIN: -------------------------------------
MAIN: 
ComputeChange: NS (ITER=1) (NRM,RELC): (  183.89902     0.30385908E-02 ) :: heat equation
ComputeChange: NS (ITER=2) (NRM,RELC): (  183.89693     0.11389232E-04 ) :: heat equation
ComputeChange: NS (ITER=3) (NRM,RELC): (  183.89693     0.31131651E-07 ) :: heat equation
ComputeChange: NS (ITER=4) (NRM,RELC): (  183.89693     0.12042784E-09 ) :: heat equation
MAIN: 
MAIN: -------------------------------------
MAIN: Time: 34/600:   3.400E+00
MAIN: Estimated time left: 12.1 minutes
MAIN: -------------------------------------
MAIN: 
ComputeChange: NS (ITER=1) (NRM,RELC): (  184.44679     0.29855507E-02 ) :: heat equation
ComputeChange: NS (ITER=2) (NRM,RELC): (  184.44461     0.11807095E-04 ) :: heat equation
ComputeChange: NS (ITER=3) (NRM,RELC): (  184.44462     0.32564490E-07 ) :: heat equation
ComputeChange: NS (ITER=4) (NRM,RELC): (  184.44462     0.13099917E-09 ) :: heat equation
MAIN: 
MAIN: -------------------------------------
MAIN: Time: 35/600:   3.500E+00
MAIN: Estimated time left: 11.2 minutes
MAIN: -------------------------------------
MAIN: 
ComputeChange: NS (ITER=1) (NRM,RELC): (  184.98758     0.29394423E-02 ) :: heat equation
ComputeChange: NS (ITER=2) (NRM,RELC): (  184.97722     0.56007228E-04 ) :: heat equation
ComputeChange: NS (ITER=3) (NRM,RELC): (  184.97725     0.19842569E-06 ) :: heat equation
ComputeChange: NS (ITER=4) (NRM,RELC): (  184.97724     0.69660190E-07 ) :: heat equation
ComputeChange: NS (ITER=5) (NRM,RELC): (  184.97724     0.11023018E-09 ) :: heat equation
MAIN: 
MAIN: -------------------------------------
MAIN: Time: 36/600:   3.600E+00
MAIN: Estimated time left: 12.7 minutes
MAIN: -------------------------------------
MAIN: 
ComputeChange: NS (ITER=1) (NRM,RELC): (  185.50772     0.28636958E-02 ) :: heat equation
ComputeChange: NS (ITER=2) (NRM,RELC): (  185.50557     0.11590112E-04 ) :: heat equation
ComputeChange: NS (ITER=3) (NRM,RELC): (  185.50558     0.30414477E-07 ) :: heat equation
ComputeChange: NS (ITER=4) (NRM,RELC): (  185.50558     0.11838045E-09 ) :: heat equation
MAIN: 
MAIN: -------------------------------------
MAIN: Time: 37/600:   3.700E+00
MAIN: Estimated time left: 11.0 minutes
MAIN: -------------------------------------
MAIN: 
ComputeChange: NS (ITER=1) (NRM,RELC): (  186.03348     0.28416984E-02 ) :: heat equation
ComputeChange: NS (ITER=2) (NRM,RELC): (  186.02672     0.36347157E-04 ) :: heat equation
ComputeChange: NS (ITER=3) (NRM,RELC): (  186.02680     0.43553139E-06 ) :: heat equation
ComputeChange: NS (ITER=4) (NRM,RELC): (  186.02679     0.72341777E-08 ) :: heat equation
MAIN: 
MAIN: -------------------------------------
MAIN: Time: 38/600:   3.800E+00
MAIN: Estimated time left: 10.8 minutes
MAIN: -------------------------------------
MAIN: 
ComputeChange: NS (ITER=1) (NRM,RELC): (  186.54862     0.28012007E-02 ) :: heat equation
ComputeChange: NS (ITER=2) (NRM,RELC): (  186.54575     0.15382926E-04 ) :: heat equation
ComputeChange: NS (ITER=3) (NRM,RELC): (  186.54613     0.20178243E-05 ) :: heat equation
ComputeChange: NS (ITER=4) (NRM,RELC): (  186.54612     0.39705594E-07 ) :: heat equation
ComputeChange: NS (ITER=5) (NRM,RELC): (  186.54613     0.34834365E-07 ) :: heat equation
ComputeChange: NS (ITER=6) (NRM,RELC): (  186.54613     0.17669925E-09 ) :: heat equation
MAIN: 
MAIN: -------------------------------------
MAIN: Time: 39/600:   3.900E+00
MAIN: Estimated time left: 15.7 minutes
MAIN: -------------------------------------
MAIN: 
ComputeChange: NS (ITER=1) (NRM,RELC): (  187.06708     0.27886966E-02 ) :: heat equation
ComputeChange: NS (ITER=2) (NRM,RELC): (  187.06514     0.10339759E-04 ) :: heat equation
ComputeChange: NS (ITER=3) (NRM,RELC): (  187.06515     0.19734480E-07 ) :: heat equation
ComputeChange: NS (ITER=4) (NRM,RELC): (  187.06515     0.56157693E-10 ) :: heat equation
MAIN: 
MAIN: -------------------------------------
MAIN: Time: 40/600:   4.000E+00
MAIN: Estimated time left: 10.1 minutes
MAIN: -------------------------------------
MAIN: 
ComputeChange: NS (ITER=1) (NRM,RELC): (  187.58268     0.27627576E-02 ) :: heat equation
ComputeChange: NS (ITER=2) (NRM,RELC): (  187.58085     0.97393923E-05 ) :: heat equation
ComputeChange: NS (ITER=3) (NRM,RELC): (  187.58085     0.17725726E-07 ) :: heat equation
ComputeChange: NS (ITER=4) (NRM,RELC): (  187.58085     0.49117757E-10 ) :: heat equation
MAIN: 
MAIN: -------------------------------------
MAIN: Time: 41/600:   4.100E+00
MAIN: Estimated time left: 10.3 minutes
MAIN: -------------------------------------
MAIN: 
ComputeChange: NS (ITER=1) (NRM,RELC): (  188.08157     0.26657641E-02 ) :: heat equation
ComputeChange: NS (ITER=2) (NRM,RELC): (  188.08100     0.29933195E-05 ) :: heat equation
ComputeChange: NS (ITER=3) (NRM,RELC): (  188.08115     0.75277627E-06 ) :: heat equation
ComputeChange: NS (ITER=4) (NRM,RELC): (  188.08116     0.75617333E-07 ) :: heat equation
ComputeChange: NS (ITER=5) (NRM,RELC): (  188.08116     0.76602117E-08 ) :: heat equation
MAIN: 
MAIN: -------------------------------------
MAIN: Time: 42/600:   4.200E+00
MAIN: Estimated time left: 13.1 minutes
MAIN: -------------------------------------
MAIN: 
ComputeChange: NS (ITER=1) (NRM,RELC): (  188.55670     0.25251519E-02 ) :: heat equation
ComputeChange: NS (ITER=2) (NRM,RELC): (  188.55472     0.10453681E-04 ) :: heat equation
ComputeChange: NS (ITER=3) (NRM,RELC): (  188.55473     0.19320734E-07 ) :: heat equation
ComputeChange: NS (ITER=4) (NRM,RELC): (  188.55473     0.39610172E-10 ) :: heat equation
MAIN: 
MAIN: -------------------------------------
MAIN: Time: 43/600:   4.300E+00
MAIN: Estimated time left: 10.4 minutes
MAIN: -------------------------------------
MAIN: 
ComputeChange: NS (ITER=1) (NRM,RELC): (  189.01432     0.24345040E-02 ) :: heat equation
ComputeChange: NS (ITER=2) (NRM,RELC): (  189.01309     0.65104090E-05 ) :: heat equation
ComputeChange: NS (ITER=3) (NRM,RELC): (  189.01306     0.19745883E-06 ) :: heat equation
ComputeChange: NS (ITER=4) (NRM,RELC): (  189.01306     0.13561331E-07 ) :: heat equation
ComputeChange: NS (ITER=5) (NRM,RELC): (  189.01306     0.72208529E-09 ) :: heat equation
MAIN: 
MAIN: -------------------------------------
MAIN: Time: 44/600:   4.400E+00
MAIN: Estimated time left: 12.3 minutes
MAIN: -------------------------------------
MAIN: 
ComputeChange: NS (ITER=1) (NRM,RELC): (  189.46335     0.23795115E-02 ) :: heat equation
ComputeChange: NS (ITER=2) (NRM,RELC): (  189.46132     0.10737624E-04 ) :: heat equation
ComputeChange: NS (ITER=3) (NRM,RELC): (  189.46132     0.23145222E-07 ) :: heat equation
ComputeChange: NS (ITER=4) (NRM,RELC): (  189.46132     0.90744067E-10 ) :: heat equation
MAIN: 
MAIN: -------------------------------------
MAIN: Time: 45/600:   4.500E+00
MAIN: Estimated time left:  9.7 minutes
MAIN: -------------------------------------
MAIN: 
ComputeChange: NS (ITER=1) (NRM,RELC): (  189.90470     0.23374745E-02 ) :: heat equation
ComputeChange: NS (ITER=2) (NRM,RELC): (  189.90260     0.11058344E-04 ) :: heat equation
ComputeChange: NS (ITER=3) (NRM,RELC): (  189.90261     0.25022666E-07 ) :: heat equation
ComputeChange: NS (ITER=4) (NRM,RELC): (  189.90261     0.10116343E-09 ) :: heat equation
MAIN: 
MAIN: -------------------------------------
MAIN: Time: 46/600:   4.600E+00
MAIN: Estimated time left:  9.6 minutes
MAIN: -------------------------------------
MAIN: 
ComputeChange: NS (ITER=1) (NRM,RELC): (  190.34164     0.23091888E-02 ) :: heat equation
ComputeChange: NS (ITER=2) (NRM,RELC): (  190.34004     0.83790972E-05 ) :: heat equation
ComputeChange: NS (ITER=3) (NRM,RELC): (  190.33993     0.55567639E-06 ) :: heat equation
ComputeChange: NS (ITER=4) (NRM,RELC): (  190.33996     0.10983554E-06 ) :: heat equation
ComputeChange: NS (ITER=5) (NRM,RELC): (  190.33995     0.20507054E-07 ) :: heat equation
ComputeChange: NS (ITER=6) (NRM,RELC): (  190.33995     0.37981944E-08 ) :: heat equation
MAIN: 
MAIN: -------------------------------------
MAIN: Time: 47/600:   4.700E+00
MAIN: Estimated time left: 14.5 minutes
MAIN: -------------------------------------
MAIN: 
ComputeChange: NS (ITER=1) (NRM,RELC): (  190.77886     0.23032742E-02 ) :: heat equation
ComputeChange: NS (ITER=2) (NRM,RELC): (  190.77240     0.33900242E-04 ) :: heat equation
ComputeChange: NS (ITER=3) (NRM,RELC): (  190.77260     0.10483664E-05 ) :: heat equation
ComputeChange: NS (ITER=4) (NRM,RELC): (  190.77254     0.27638035E-06 ) :: heat equation
ComputeChange: NS (ITER=5) (NRM,RELC): (  190.77255     0.26801736E-07 ) :: heat equation
ComputeChange: NS (ITER=6) (NRM,RELC): (  190.77255     0.41857152E-08 ) :: heat equation
MAIN: 
MAIN: -------------------------------------
MAIN: Time: 48/600:   4.800E+00
MAIN: Estimated time left: 15.8 minutes
MAIN: -------------------------------------
MAIN: 
ComputeChange: NS (ITER=1) (NRM,RELC): (  191.20263     0.22518911E-02 ) :: heat equation
ComputeChange: NS (ITER=2) (NRM,RELC): (  191.19988     0.14384478E-04 ) :: heat equation
ComputeChange: NS (ITER=3) (NRM,RELC): (  191.19980     0.43596159E-06 ) :: heat equation
ComputeChange: NS (ITER=4) (NRM,RELC): (  191.19978     0.75555272E-07 ) :: heat equation
ComputeChange: NS (ITER=5) (NRM,RELC): (  191.19978     0.12125743E-07 ) :: heat equation
ComputeChange: NS (ITER=6) (NRM,RELC): (  191.19978     0.21033005E-08 ) :: heat equation
MAIN: 
MAIN: -------------------------------------
MAIN: Time: 49/600:   4.900E+00
MAIN: Estimated time left: 15.4 minutes
MAIN: -------------------------------------
MAIN: 
ComputeChange: NS (ITER=1) (NRM,RELC): (  191.62753     0.22346708E-02 ) :: heat equation
ComputeChange: NS (ITER=2) (NRM,RELC): (  191.62200     0.28826037E-04 ) :: heat equation
ComputeChange: NS (ITER=3) (NRM,RELC): (  191.62230     0.15299168E-05 ) :: heat equation
ComputeChange: NS (ITER=4) (NRM,RELC): (  191.62227     0.14221846E-06 ) :: heat equation
ComputeChange: NS (ITER=5) (NRM,RELC): (  191.62227     0.13134367E-07 ) :: heat equation
ComputeChange: NS (ITER=6) (NRM,RELC): (  191.62227     0.97720205E-09 ) :: heat equation
MAIN: 
MAIN: -------------------------------------
MAIN: Time: 50/600:   5.000E+00
MAIN: Estimated time left: 14.2 minutes
MAIN: -------------------------------------
MAIN: 
ComputeChange: NS (ITER=1) (NRM,RELC): (  192.04899     0.22243804E-02 ) :: heat equation
ComputeChange: NS (ITER=2) (NRM,RELC): (  192.04569     0.17164474E-04 ) :: heat equation
ComputeChange: NS (ITER=3) (NRM,RELC): (  192.04587     0.93421466E-06 ) :: heat equation
ComputeChange: NS (ITER=4) (NRM,RELC): (  192.04583     0.19352760E-06 ) :: heat equation
ComputeChange: NS (ITER=5) (NRM,RELC): (  192.04584     0.30972265E-07 ) :: heat equation
ComputeChange: NS (ITER=6) (NRM,RELC): (  192.04584     0.64981050E-08 ) :: heat equation
REF time=   5.000 max=  1447.995 energy residual= -2.4224E+00
MAIN: 
MAIN: -------------------------------------
MAIN: Time: 51/600:   5.100E+00
MAIN: Estimated time left: 14.2 minutes
MAIN: -------------------------------------
MAIN: 
ComputeChange: NS (ITER=1) (NRM,RELC): (  192.46809     0.21962804E-02 ) :: heat equation
ComputeChange: NS (ITER=2) (NRM,RELC): (  192.47037     0.11864636E-04 ) :: heat equation
ComputeChange: NS (ITER=3) (NRM,RELC): (  192.47047     0.50060546E-06 ) :: heat equation
ComputeChange: NS (ITER=4) (NRM,RELC): (  192.47047     0.89487212E-08 ) :: heat equation
MAIN: 
MAIN: -------------------------------------
MAIN: Time: 52/600:   5.200E+00
MAIN: Estimated time left:  9.2 minutes
MAIN: -------------------------------------
MAIN: 
ComputeChange: NS (ITER=1) (NRM,RELC): (  192.90194     0.22392600E-02 ) :: heat equation
ComputeChange: NS (ITER=2) (NRM,RELC): (  192.90003     0.98963428E-05 ) :: heat equation
ComputeChange: NS (ITER=3) (NRM,RELC): (  192.90004     0.16685757E-07 ) :: heat equation
ComputeChange: NS (ITER=4) (NRM,RELC): (  192.90004     0.32863093E-10 ) :: heat equation
MAIN: 
MAIN: -------------------------------------
MAIN: Time: 53/600:   5.300E+00
MAIN: Estimated time left:  9.2 minutes
MAIN: -------------------------------------
MAIN: 
ComputeChange: NS (ITER=1) (NRM,RELC): (  193.33359     0.22450093E-02 ) :: heat equation
ComputeChange: NS (ITER=2) (NRM,RELC): (  193.33493     0.69265571E-05 ) :: heat equation
ComputeChange: NS (ITER=3) (NRM,RELC): (  193.33513     0.10372876E-05 ) :: heat equation
ComputeChange: NS (ITER=4) (NRM,RELC): (  193.33514     0.57063321E-07 ) :: heat equation
ComputeChange: NS (ITER=5) (NRM,RELC): (  193.33514     0.31569731E-08 ) :: heat equation
MAIN: 
MAIN: -------------------------------------
MAIN: Time: 54/600:   5.400E+00
MAIN: Estimated time left: 11.5 minutes
MAIN: -------------------------------------
MAIN: 
ComputeChange: NS (ITER=1) (NRM,RELC): (  193.76860     0.22395027E-02 ) :: heat equation
ComputeChange: NS (ITER=2) (NRM,RELC): (  193.76681     0.92102120E-05 ) :: heat equation
ComputeChange: NS (ITER=3) (NRM,RELC): (  193.76682     0.13884103E-07 ) :: heat equation
ComputeChange: NS (ITER=4) (NRM,RELC): (  193.76682     0.24978864E-10 ) :: heat equation
MAIN: 
MAIN: -------------------------------------
MAIN: Time: 55/600:   5.500E+00
MAIN: Estimated time left:  9.1 minutes
MAIN: -------------------------------------
MAIN: 
ComputeChange: NS (ITER=1) (NRM,RELC): (  194.17241     0.20910462E-02 ) :: heat equation
ComputeChange: NS (ITER=2) (NRM,RELC): (  194.17040     0.10367269E-04 ) :: heat equation
ComputeChange: NS (ITER=3) (NRM,RELC): (  194.17040     0.15775544E-07 ) :: heat equation
ComputeChange: NS (ITER=4) (NRM,RELC): (  194.17040     0.24252010E-10 ) :: heat equation
MAIN: 
MAIN: -------------------------------------
MAIN: Time: 56/600:   5.600E+00
MAIN: Estimated time left:  9.1 minutes
MAIN: -------------------------------------
MAIN: 
ComputeChange: NS (ITER=1) (NRM,RELC): (  194.56240     0.20168000E-02 ) :: heat equation
ComputeChange: NS (ITER=2) (NRM,RELC): (  194.56037     0.10452383E-04 ) :: heat equation
ComputeChange: NS (ITER=3) (NRM,RELC): (  194.56037     0.18374109E-07 ) :: heat equation
ComputeChange: NS (ITER=4) (NRM,RELC): (  194.56037     0.33914911E-10 ) :: heat equation
MAIN: 
MAIN: -------------------------------------
MAIN: Time: 57/600:   5.700E+00
MAIN: Estimated time left:  9.3 minutes
MAIN: -------------------------------------
MAIN: 
ComputeChange: NS (ITER=1) (NRM,RELC): (  194.94485     0.19742016E-02 ) :: heat equation
ComputeChange: NS (ITER=2) (NRM,RELC): (  194.94278     0.10642555E-04 ) :: heat equation
ComputeChange: NS (ITER=3) (NRM,RELC): (  194.94278     0.20949442E-07 ) :: heat equation
ComputeChange: NS (ITER=4) (NRM,RELC): (  194.94278     0.86710636E-10 ) :: heat equation
MAIN: 
MAIN: -------------------------------------
MAIN: Time: 58/600:   5.800E+00
MAIN: Estimated time left:  9.1 minutes
MAIN: -------------------------------------
MAIN: 
ComputeChange: NS (ITER=1) (NRM,RELC): (  195.32367     0.19519241E-02 ) :: heat equation
ComputeChange: NS (ITER=2) (NRM,RELC): (  195.32239     0.65374510E-05 ) :: heat equation
ComputeChange: NS (ITER=3) (NRM,RELC): (  195.32227     0.62804198E-06 ) :: heat equation
ComputeChange: NS (ITER=4) (NRM,RELC): (  195.32229     0.10015936E-06 ) :: heat equation
ComputeChange: NS (ITER=5) (NRM,RELC): (  195.32229     0.15038002E-07 ) :: heat equation
ComputeChange: NS (ITER=6) (NRM,RELC): (  195.32229     0.21134045E-08 ) :: heat equation
MAIN: 
MAIN: -------------------------------------
MAIN: Time: 59/600:   5.900E+00
MAIN: Estimated time left: 13.5 minutes
MAIN: -------------------------------------
MAIN: 
ComputeChange: NS (ITER=1) (NRM,RELC): (  195.70407     0.19527316E-02 ) :: heat equation
ComputeChange: NS (ITER=2) (NRM,RELC): (  195.70180     0.11596280E-04 ) :: heat equation
ComputeChange: NS (ITER=3) (NRM,RELC): (  195.70181     0.27148569E-07 ) :: heat equation
ComputeChange: NS (ITER=4) (NRM,RELC): (  195.70181     0.11399280E-09 ) :: heat equation
MAIN: 
MAIN: -------------------------------------
MAIN: Time: 60/600:   6.000E+00
MAIN: Estimated time left:  9.1 minutes
MAIN: -------------------------------------
MAIN: 
ComputeChange: NS (ITER=1) (NRM,RELC): (  196.08346     0.19483002E-02 ) :: heat equation
ComputeChange: NS (ITER=2) (NRM,RELC): (  196.07614     0.37374224E-04 ) :: heat equation
ComputeChange: NS (ITER=3) (NRM,RELC): (  196.07629     0.80133556E-06 ) :: heat equation
ComputeChange: NS (ITER=4) (NRM,RELC): (  196.07629     0.25279718E-07 ) :: heat equation
ComputeChange: NS (ITER=5) (NRM,RELC): (  196.07629     0.70918813E-09 ) :: heat equation
MAIN: 
MAIN: -------------------------------------
MAIN: Time: 61/600:   6.100E+00
MAIN: Estimated time left: 11.2 minutes
MAIN: -------------------------------------
MAIN: 
ComputeChange: NS (ITER=1) (NRM,RELC): (  196.45518     0.19305125E-02 ) :: heat equation
ComputeChange: NS (ITER=2) (NRM,RELC): (  196.45418     0.51221854E-05 ) :: heat equation
ComputeChange: NS (ITER=3) (NRM,RELC): (  196.45418     0.21933852E-07 ) :: heat equation
ComputeChange: NS (ITER=4) (NRM,RELC): (  196.45416     0.10692783E-06 ) :: heat equation
ComputeChange: NS (ITER=5) (NRM,RELC): (  196.45416     0.26164464E-07 ) :: heat equation
ComputeChange: NS (ITER=6) (NRM,RELC): (  196.45416     0.62818737E-08 ) :: heat equation
MAIN: 
MAIN: -------------------------------------
MAIN: Time: 62/600:   6.200E+00
MAIN: Estimated time left: 13.9 minutes
MAIN: -------------------------------------
MAIN: 
ComputeChange: NS (ITER=1) (NRM,RELC): (  196.83139     0.19183416E-02 ) :: heat equation
ComputeChange: NS (ITER=2) (NRM,RELC): (  196.82917     0.11276594E-04 ) :: heat equation
ComputeChange: NS (ITER=3) (NRM,RELC): (  196.82918     0.25953830E-07 ) :: heat equation
ComputeChange: NS (ITER=4) (NRM,RELC): (  196.82918     0.10744370E-09 ) :: heat equation
MAIN: 
MAIN: -------------------------------------
MAIN: Time: 63/600:   6.300E+00
MAIN: Estimated time left:  9.5 minutes
MAIN: -------------------------------------
MAIN: 
ComputeChange: NS (ITER=1) (NRM,RELC): (  197.21252     0.19456791E-02 ) :: heat equation
ComputeChange: NS (ITER=2) (NRM,RELC): (  197.20696     0.28190895E-04 ) :: heat equation
ComputeChange: NS (ITER=3) (NRM,RELC): (  197.20712     0.82152479E-06 ) :: heat equation
ComputeChange: NS (ITER=4) (NRM,RELC): (  197.20711     0.20204933E-07 ) :: heat equation
ComputeChange: NS (ITER=5) (NRM,RELC): (  197.20712     0.70090937E-08 ) :: heat equation
MAIN: 
MAIN: -------------------------------------
MAIN: Time: 64/600:   6.400E+00
MAIN: Estimated time left: 11.7 minutes
MAIN: -------------------------------------
MAIN: 
ComputeChange: NS (ITER=1) (NRM,RELC): (  197.59281     0.19538527E-02 ) :: heat equation
ComputeChange: NS (ITER=2) (NRM,RELC): (  197.59070     0.10668376E-04 ) :: heat equation
ComputeChange: NS (ITER=3) (NRM,RELC): (  197.59070     0.18888087E-07 ) :: heat equation
ComputeChange: NS (ITER=4) (NRM,RELC): (  197.59070     0.32740444E-10 ) :: heat equation
MAIN: 
MAIN: -------------------------------------
MAIN: Time: 65/600:   6.500E+00
MAIN: Estimated time left:  9.3 minutes
MAIN: -------------------------------------
MAIN: 
ComputeChange: NS (ITER=1) (NRM,RELC): (  197.98061     0.19713817E-02 ) :: heat equation
ComputeChange: NS (ITER=2) (NRM,RELC): (  197.97695     0.18502438E-04 ) :: heat equation
ComputeChange: NS (ITER=3) (NRM,RELC): (  197.97703     0.42568096E-06 ) :: heat equation
ComputeChange: NS (ITER=4) (NRM,RELC): (  197.97705     0.10400210E-06 ) :: heat equation
ComputeChange: NS (ITER=5) (NRM,RELC): (  197.97706     0.13246088E-07 ) :: heat equation
ComputeChange: NS (ITER=6) (NRM,RELC): (  197.97706     0.16495216E-08 ) :: heat equation
MAIN: 
MAIN: -------------------------------------
MAIN: Time: 66/600:   6.600E+00
MAIN: Estimated time left: 14.1 minutes
MAIN: -------------------------------------
MAIN: 
ComputeChange: NS (ITER=1) (NRM,RELC): (  198.37049     0.19852987E-02 ) :: heat equation
ComputeChange: NS (ITER=2) (NRM,RELC): (  198.36861     0.94724370E-05 ) :: heat equation
ComputeChange: NS (ITER=3) (NRM,RELC): (  198.36862     0.13799149E-07 ) :: heat equation
ComputeChange: NS (ITER=4) (NRM,RELC): (  198.36862     0.14788218E-10 ) :: heat equation
MAIN: 
MAIN: -------------------------------------
MAIN: Time: 67/600:   6.700E+00
MAIN: Estimated time left:  9.4 minutes
MAIN: -------------------------------------
MAIN: 
ComputeChange: NS (ITER=1) (NRM,RELC): (  198.76388     0.19905756E-02 ) :: heat equation
ComputeChange: NS (ITER=2) (NRM,RELC): (  198.76421     0.16735211E-05 ) :: heat equation
ComputeChange: NS (ITER=3) (NRM,RELC): (  198.76440     0.94997264E-06 ) :: heat equation
ComputeChange: NS (ITER=4) (NRM,RELC): (  198.76441     0.76228066E-07 ) :: heat equation
ComputeChange: NS (ITER=5) (NRM,RELC): (  198.76441     0.61635404E-08 ) :: heat equation
MAIN: 
MAIN: -------------------------------------
MAIN: Time: 68/600:   6.800E+00
MAIN: Estimated time left: 12.2 minutes
MAIN: -------------------------------------
MAIN: 
ComputeChange: NS (ITER=1) (NRM,RELC): (  199.13802     0.18778792E-02 ) :: heat equation
ComputeChange: NS (ITER=2) (NRM,RELC): (  199.13613     0.94926844E-05 ) :: heat equation
ComputeChange: NS (ITER=3) (NRM,RELC): (  199.13613     0.15215716E-07 ) :: heat equation
ComputeChange: NS (ITER=4) (NRM,RELC): (  199.13613     0.18529276E-10 ) :: heat equation
MAIN: 
MAIN: -------------------------------------
MAIN: Time: 69/600:   6.900E+00
MAIN: Estimated time left:  9.4 minutes
MAIN: -------------------------------------
MAIN: 
ComputeChange: NS (ITER=1) (NRM,RELC): (  199.49294     0.17901657E-02 ) :: heat equation
ComputeChange: NS (ITER=2) (NRM,RELC): (  199.49098     0.98313762E-05 ) :: heat equation
ComputeChange: NS (ITER=3) (NRM,RELC): (  199.49098     0.17042161E-07 ) :: heat equation
ComputeChange: NS (ITER=4) (NRM,RELC): (  199.49098     0.26440793E-10 ) :: heat equation
MAIN: 
MAIN: -------------------------------------
MAIN: Time: 70/600:   7.000E+00
MAIN: Estimated time left: 11.5 minutes
MAIN: -------------------------------------
MAIN: 
ComputeChange: NS (ITER=1) (NRM,RELC): (  199.83985     0.17472485E-02 ) :: heat equation
ComputeChange: NS (ITER=2) (NRM,RELC): (  199.83775     0.10480953E-04 ) :: heat equation
ComputeChange: NS (ITER=3) (NRM,RELC): (  199.83776     0.19335484E-07 ) :: heat equation
ComputeChange: NS (ITER=4) (NRM,RELC): (  199.83776     0.27008323E-10 ) :: heat equation
MAIN: 
MAIN: -------------------------------------
MAIN: Time: 71/600:   7.100E+00
MAIN: Estimated time left: 10.0 minutes
MAIN: -------------------------------------
MAIN: 
ComputeChange: NS (ITER=1) (NRM,RELC): (  200.18283     0.17252880E-02 ) :: heat equation
ComputeChange: NS (ITER=2) (NRM,RELC): (  200.18225     0.29079494E-05 ) :: heat equation
ComputeChange: NS (ITER=3) (NRM,RELC): (  200.18225     0.11336706E-07 ) :: heat equation
ComputeChange: NS (ITER=4) (NRM,RELC): (  200.18225     0.90513993E-10 ) :: heat equation
MAIN: 
MAIN: -------------------------------------
MAIN: Time: 72/600:   7.200E+00
MAIN: Estimated time left:  9.7 minutes
MAIN: -------------------------------------
MAIN: 
ComputeChange: NS (ITER=1) (NRM,RELC): (  200.52771     0.17242433E-02 ) :: heat equation
ComputeChange: NS (ITER=2) (NRM,RELC): (  200.52499     0.13547404E-04 ) :: heat equation
ComputeChange: NS (ITER=3) (NRM,RELC): (  200.52510     0.55598863E-06 ) :: heat equation
ComputeChange: NS (ITER=4) (NRM,RELC): (  200.52508     0.11894502E-06 ) :: heat equation
ComputeChange: NS (ITER=5) (NRM,RELC): (  200.52508     0.26452832E-07 ) :: heat equation
ComputeChange: NS (ITER=6) (NRM,RELC): (  200.52508     0.58334851E-08 ) :: heat equation
MAIN: 
MAIN: -------------------------------------
MAIN: Time: 73/600:   7.300E+00
MAIN: Estimated time left: 15.9 minutes
MAIN: -------------------------------------
MAIN: 
ComputeChange: NS (ITER=1) (NRM,RELC): (  200.86584     0.16978838E-02 ) :: heat equation
ComputeChange: NS (ITER=2) (NRM,RELC): (  200.86575     0.43623699E-06 ) :: heat equation
ComputeChange: NS (ITER=3) (NRM,RELC): (  200.86563     0.62784753E-06 ) :: heat equation
ComputeChange: NS (ITER=4) (NRM,RELC): (  200.86564     0.45938485E-07 ) :: heat equation
ComputeChange: NS (ITER=5) (NRM,RELC): (  200.86563     0.31712955E-08 ) :: heat equation
MAIN: 
MAIN: -------------------------------------
MAIN: Time: 74/600:   7.400E+00
MAIN: Estimated time left: 12.2 minutes
MAIN: -------------------------------------
MAIN: 
ComputeChange: NS (ITER=1) (NRM,RELC): (  201.21350     0.17303273E-02 ) :: heat equation
ComputeChange: NS (ITER=2) (NRM,RELC): (  201.20878     0.23435200E-04 ) :: heat equation
ComputeChange: NS (ITER=3) (NRM,RELC): (  201.20909     0.15421136E-05 ) :: heat equation
ComputeChange: NS (ITER=4) (NRM,RELC): (  201.20905     0.19589656E-06 ) :: heat equation
ComputeChange: NS (ITER=5) (NRM,RELC): (  201.20906     0.25032951E-07 ) :: heat equation
ComputeChange: NS (ITER=6) (NRM,RELC): (  201.20906     0.31761169E-08 ) :: heat equation
MAIN: 
MAIN: -------------------------------------
MAIN: Time: 75/600:   7.500E+00
MAIN: Estimated time left: 14.6 minutes
MAIN: -------------------------------------
MAIN: 
ComputeChange: NS (ITER=1) (NRM,RELC): (  201.55668     0.17261719E-02 ) :: heat equation
ComputeChange: NS (ITER=2) (NRM,RELC): (  201.55556     0.55539832E-05 ) :: heat equation
ComputeChange: NS (ITER=3) (NRM,RELC): (  201.55540     0.78870566E-06 ) :: heat equation
ComputeChange: NS (ITER=4) (NRM,RELC): (  201.55543     0.12866083E-06 ) :: heat equation
ComputeChange: NS (ITER=5) (NRM,RELC): (  201.55542     0.20176845E-07 ) :: heat equation
ComputeChange: NS (ITER=6) (NRM,RELC): (  201.55542     0.31402315E-08 ) :: heat equation
MAIN: 
MAIN: -------------------------------------
MAIN: Time: 76/600:   7.600E+00
MAIN: Estimated time left: 14.5 minutes
MAIN: -------------------------------------
MAIN: 
ComputeChange: NS (ITER=1) (NRM,RELC): (  201.91188     0.17669797E-02 ) :: heat equation
ComputeChange: NS (ITER=2) (NRM,RELC): (  201.90731     0.22630050E-04 ) :: heat equation
ComputeChange: NS (ITER=3) (NRM,RELC): (  201.90740     0.41818938E-06 ) :: heat equation
ComputeChange: NS (ITER=4) (NRM,RELC): (  201.90740     0.43488219E-08 ) :: heat equation
MAIN: 
MAIN: -------------------------------------
MAIN: Time: 77/600:   7.700E+00
MAIN: Estimated time left:  9.7 minutes
MAIN: -------------------------------------
MAIN: 
ComputeChange: NS (ITER=1) (NRM,RELC): (  202.26639     0.17763949E-02 ) :: heat equation
ComputeChange: NS (ITER=2) (NRM,RELC): (  202.26332     0.15134703E-04 ) :: heat equation
ComputeChange: NS (ITER=3) (NRM,RELC): (  202.26318     0.71026689E-06 ) :: heat equation
ComputeChange: NS (ITER=4) (NRM,RELC): (  202.26316     0.99103515E-07 ) :: heat equation
ComputeChange: NS (ITER=5) (NRM,RELC): (  202.26316     0.13288227E-07 ) :: heat equation
ComputeChange: NS (ITER=6) (NRM,RELC): (  202.26316     0.19444288E-08 ) :: heat equation
MAIN: 
MAIN: -------------------------------------
MAIN: Time: 78/600:   7.800E+00
MAIN: Estimated time left: 14.6 minutes
MAIN: -------------------------------------
MAIN: 
ComputeChange: NS (ITER=1) (NRM,RELC): (  202.62204     0.17727572E-02 ) :: heat equation
ComputeChange: NS (ITER=2) (NRM,RELC): (  202.62431     0.11213844E-04 ) :: heat equation
ComputeChange: NS (ITER=3) (NRM,RELC): (  202.62447     0.79766350E-06 ) :: heat equation
ComputeChange: NS (ITER=4) (NRM,RELC): (  202.62448     0.26684497E-07 ) :: heat equation
ComputeChange: NS (ITER=5) (NRM,RELC): (  202.62448     0.81180312E-09 ) :: heat equation
MAIN: 
MAIN: -------------------------------------
MAIN: Time: 79/600:   7.900E+00
MAIN: Estimated time left: 12.0 minutes
MAIN: -------------------------------------
MAIN: 
ComputeChange: NS (ITER=1) (NRM,RELC): (  202.99122     0.18083378E-02 ) :: heat equation
ComputeChange: NS (ITER=2) (NRM,RELC): (  202.98643     0.23617619E-04 ) :: heat equation
ComputeChange: NS (ITER=3) (NRM,RELC): (  202.98626     0.83444556E-06 ) :: heat equation
ComputeChange: NS (ITER=4) (NRM,RELC): (  202.98626     0.21838065E-07 ) :: heat equation
ComputeChange: NS (ITER=5) (NRM,RELC): (  202.98626     0.41509268E-08 ) :: heat equation
MAIN: 
MAIN: -------------------------------------
MAIN: Time: 80/600:   8.000E+00
MAIN: Estimated time left: 12.0 minutes
MAIN: -------------------------------------
MAIN: 
ComputeChange: NS (ITER=1) (NRM,RELC): (  203.35616     0.18206375E-02 ) :: heat equation
ComputeChange: NS (ITER=2) (NRM,RELC): (  203.35434     0.89237457E-05 ) :: heat equation
ComputeChange: NS (ITER=3) (NRM,RELC): (  203.35435     0.13646440E-07 ) :: heat equation
ComputeChange: NS (ITER=4) (NRM,RELC): (  203.35435     0.14436969E-10 ) :: heat equation
MAIN: 
MAIN: -------------------------------------
MAIN: Time: 81/600:   8.100E+00
MAIN: Estimated time left:  9.2 minutes
MAIN: -------------------------------------
MAIN: 
ComputeChange: NS (ITER=1) (NRM,RELC): (  203.71062     0.17504648E-02 ) :: heat equation
ComputeChange: NS (ITER=2) (NRM,RELC): (  203.70885     0.87228003E-05 ) :: heat equation
ComputeChange: NS (ITER=3) (NRM,RELC): (  203.70885     0.13308497E-07 ) :: heat equation
ComputeChange: NS (ITER=4) (NRM,RELC): (  203.70885     0.16392489E-10 ) :: heat equation
MAIN: 
MAIN: -------------------------------------
MAIN: Time: 82/600:   8.200E+00
MAIN: Estimated time left:  9.1 minutes
MAIN: -------------------------------------
MAIN: 
ComputeChange: NS (ITER=1) (NRM,RELC): (  204.04389     0.16433366E-02 ) :: heat equation
ComputeChange: NS (ITER=2) (NRM,RELC): (  204.04203     0.91051680E-05 ) :: heat equation
ComputeChange: NS (ITER=3) (NRM,RELC): (  204.04203     0.16246810E-07 ) :: heat equation
ComputeChange: NS (ITER=4) (NRM,RELC): (  204.04203     0.22768343E-10 ) :: heat equation
MAIN: 
MAIN: -------------------------------------
MAIN: Time: 83/600:   8.300E+00
MAIN: Estimated time left:  9.2 minutes
MAIN: -------------------------------------
MAIN: 
ComputeChange: NS (ITER=1) (NRM,RELC): (  204.36780     0.15953222E-02 ) :: heat equation
ComputeChange: NS (ITER=2) (NRM,RELC): (  204.36576     0.99797682E-05 ) :: heat equation
ComputeChange: NS (ITER=3) (NRM,RELC): (  204.36577     0.18864017E-07 ) :: heat equation
ComputeChange: NS (ITER=4) (NRM,RELC): (  204.36577     0.24282937E-10 ) :: heat equation
MAIN: 
MAIN: -------------------------------------
MAIN: Time: 84/600:   8.400E+00
MAIN: Estimated time left:  9.7 minutes
MAIN: -------------------------------------
MAIN: 
ComputeChange: NS (ITER=1) (NRM,RELC): (  204.68661     0.15686913E-02 ) :: heat equation
ComputeChange: NS (ITER=2) (NRM,RELC): (  204.68439     0.10852129E-04 ) :: heat equation
ComputeChange: NS (ITER=3) (NRM,RELC): (  204.68439     0.21231158E-07 ) :: heat equation
ComputeChange: NS (ITER=4) (NRM,RELC): (  204.68439     0.93888079E-10 ) :: heat equation
MAIN: 
MAIN: -------------------------------------
MAIN: Time: 85/600:   8.500E+00
MAIN: Estimated time left:  9.4 minutes
MAIN: -------------------------------------
MAIN: 
ComputeChange: NS (ITER=1) (NRM,RELC): (  205.00355     0.15580600E-02 ) :: heat equation
ComputeChange: NS (ITER=2) (NRM,RELC): (  205.00136     0.10666694E-04 ) :: heat equation
ComputeChange: NS (ITER=3) (NRM,RELC): (  205.00147     0.50874565E-06 ) :: heat equation
ComputeChange: NS (ITER=4) (NRM,RELC): (  205.00143     0.15585521E-06 ) :: heat equation
ComputeChange: NS (ITER=5) (NRM,RELC): (  205.00144     0.38701054E-07 ) :: heat equation
ComputeChange: NS (ITER=6) (NRM,RELC): (  205.00144     0.86780245E-08 ) :: heat equation
MAIN: 
MAIN: -------------------------------------
MAIN: Time: 86/600:   8.600E+00
MAIN: Estimated time left: 13.5 minutes
MAIN: -------------------------------------
MAIN: 
ComputeChange: NS (ITER=1) (NRM,RELC): (  205.31810     0.15434813E-02 ) :: heat equation
ComputeChange: NS (ITER=2) (NRM,RELC): (  205.31587     0.10878246E-04 ) :: heat equation
ComputeChange: NS (ITER=3) (NRM,RELC): (  205.31587     0.23724799E-07 ) :: heat equation
ComputeChange: NS (ITER=4) (NRM,RELC): (  205.31587     0.10495023E-09 ) :: heat equation
MAIN: 
MAIN: -------------------------------------
MAIN: Time: 87/600:   8.700E+00
MAIN: Estimated time left:  9.1 minutes
MAIN: -------------------------------------
MAIN: 
ComputeChange: NS (ITER=1) (NRM,RELC): (  205.63708     0.15632454E-02 ) :: heat equation
ComputeChange: NS (ITER=2) (NRM,RELC): (  205.63271     0.21257911E-04 ) :: heat equation
ComputeChange: NS (ITER=3) (NRM,RELC): (  205.63276     0.25733466E-06 ) :: heat equation
ComputeChange: NS (ITER=4) (NRM,RELC): (  205.63277     0.45104113E-07 ) :: heat equation
ComputeChange: NS (ITER=5) (NRM,RELC): (  205.63277     0.12131298E-07 ) :: heat equation
ComputeChange: NS (ITER=6) (NRM,RELC): (  205.63277     0.21841479E-08 ) :: heat equation
MAIN: 
MAIN: -------------------------------------
MAIN: Time: 88/600:   8.800E+00
MAIN: Estimated time left: 13.6 minutes
MAIN: -------------------------------------
MAIN: 
ComputeChange: NS (ITER=1) (NRM,RELC): (  205.95743     0.15775844E-02 ) :: heat equation
ComputeChange: NS (ITER=2) (NRM,RELC): (  205.95451     0.14194380E-04 ) :: heat equation
ComputeChange: NS (ITER=3) (NRM,RELC): (  205.95465     0.69497135E-06 ) :: heat equation
ComputeChange: NS (ITER=4) (NRM,RELC): (  205.95462     0.12996715E-06 ) :: heat equation
ComputeChange: NS (ITER=5) (NRM,RELC): (  205.95463     0.24957579E-07 ) :: heat equation
ComputeChange: NS (ITER=6) (NRM,RELC): (  205.95463     0.47714820E-08 ) :: heat equation
MAIN: 
MAIN: -------------------------------------
MAIN: Time: 89/600:   8.900E+00
MAIN: Estimated time left: 12.9 minutes
MAIN: -------------------------------------
MAIN: 
ComputeChange: NS (ITER=1) (NRM,RELC): (  206.28070     0.15819517E-02 ) :: heat equation
ComputeChange: NS (ITER=2) (NRM,RELC): (  206.28456     0.18738488E-04 ) :: heat equation
ComputeChange: NS (ITER=3) (NRM,RELC): (  206.28467     0.51746408E-06 ) :: heat equation
ComputeChange: NS (ITER=4) (NRM,RELC): (  206.28466     0.62071564E-07 ) :: heat equation
ComputeChange: NS (ITER=5) (NRM,RELC): (  206.28466     0.10192011E-07 ) :: heat equation
ComputeChange: NS (ITER=6) (NRM,RELC): (  206.28466     0.15731365E-08 ) :: heat equation
MAIN: 
MAIN: -------------------------------------
MAIN: Time: 90/600:   9.000E+00
MAIN: Estimated time left: 12.9 minutes
MAIN: -------------------------------------
MAIN: 
ComputeChange: NS (ITER=1) (NRM,RELC): (  206.62368     0.16421116E-02 ) :: heat equation
ComputeChange: NS (ITER=2) (NRM,RELC): (  206.62018     0.16906360E-04 ) :: heat equation
ComputeChange: NS (ITER=3) (NRM,RELC): (  206.62008     0.49721701E-06 ) :: heat equation
ComputeChange: NS (ITER=4) (NRM,RELC): (  206.62008     0.19196835E-07 ) :: heat equation
ComputeChange: NS (ITER=5) (NRM,RELC): (  206.62008     0.22784529E-08 ) :: heat equation
MAIN: 
MAIN: -------------------------------------
MAIN: Time: 91/600:   9.100E+00
MAIN: Estimated time left: 10.7 minutes
MAIN: -------------------------------------
MAIN: 
ComputeChange: NS (ITER=1) (NRM,RELC): (  206.96464     0.16662168E-02 ) :: heat equation
ComputeChange: NS (ITER=2) (NRM,RELC): (  206.96175     0.13962507E-04 ) :: heat equation
ComputeChange: NS (ITER=3) (NRM,RELC): (  206.96161     0.69625761E-06 ) :: heat equation
ComputeChange: NS (ITER=4) (NRM,RELC): (  206.96158     0.10368373E-06 ) :: heat equation
ComputeChange: NS (ITER=5) (NRM,RELC): (  206.96158     0.14869774E-07 ) :: heat equation
ComputeChange: NS (ITER=6) (NRM,RELC): (  206.96158     0.23229736E-08 ) :: heat equation
MAIN: 
MAIN: -------------------------------------
MAIN: Time: 92/600:   9.200E+00
MAIN: Estimated time left: 12.8 minutes
MAIN: -------------------------------------
MAIN: 
ComputeChange: NS (ITER=1) (NRM,RELC): (  207.30415     0.16538797E-02 ) :: heat equation
ComputeChange: NS (ITER=2) (NRM,RELC): (  207.30368     0.22596113E-05 ) :: heat equation
ComputeChange: NS (ITER=3) (NRM,RELC): (  207.30386     0.85983631E-06 ) :: heat equation
ComputeChange: NS (ITER=4) (NRM,RELC): (  207.30389     0.10640338E-06 ) :: heat equation
ComputeChange: NS (ITER=5) (NRM,RELC): (  207.30389     0.13257890E-07 ) :: heat equation
ComputeChange: NS (ITER=6) (NRM,RELC): (  207.30389     0.17749677E-08 ) :: heat equation
MAIN: 
MAIN: -------------------------------------
MAIN: Time: 93/600:   9.300E+00
MAIN: Estimated time left: 12.8 minutes
MAIN: -------------------------------------
MAIN: 
ComputeChange: NS (ITER=1) (NRM,RELC): (  207.65454     0.16900456E-02 ) :: heat equation
ComputeChange: NS (ITER=2) (NRM,RELC): (  207.64933     0.25058744E-04 ) :: heat equation
ComputeChange: NS (ITER=3) (NRM,RELC): (  207.64913     0.99433802E-06 ) :: heat equation
ComputeChange: NS (ITER=4) (NRM,RELC): (  207.64912     0.54892579E-07 ) :: heat equation
ComputeChange: NS (ITER=5) (NRM,RELC): (  207.64912     0.29577276E-08 ) :: heat equation
MAIN: 
MAIN: -------------------------------------
MAIN: Time: 94/600:   9.400E+00
MAIN: Estimated time left: 11.5 minutes
MAIN: -------------------------------------
MAIN: 
ComputeChange: NS (ITER=1) (NRM,RELC): (  207.99282     0.16538660E-02 ) :: heat equation
ComputeChange: NS (ITER=2) (NRM,RELC): (  207.98346     0.45004806E-04 ) :: heat equation
ComputeChange: NS (ITER=3) (NRM,RELC): (  207.98433     0.41876394E-05 ) :: heat equation
ComputeChange: NS (ITER=4) (NRM,RELC): (  207.98422     0.56643028E-06 ) :: heat equation
ComputeChange: NS (ITER=5) (NRM,RELC): (  207.98423     0.80304747E-07 ) :: heat equation
ComputeChange: NS (ITER=6) (NRM,RELC): (  207.98423     0.11829188E-07 ) :: heat equation
ComputeChange: NS (ITER=7) (NRM,RELC): (  207.98423     0.15771095E-08 ) :: heat equation
MAIN: 
MAIN: -------------------------------------
MAIN: Time: 95/600:   9.500E+00
MAIN: Estimated time left: 15.1 minutes
MAIN: -------------------------------------
MAIN: 
ComputeChange: NS (ITER=1) (NRM,RELC): (  208.29961     0.15152234E-02 ) :: heat equation
ComputeChange: NS (ITER=2) (NRM,RELC): (  208.29783     0.85766328E-05 ) :: heat equation
ComputeChange: NS (ITER=3) (NRM,RELC): (  208.29783     0.14442678E-07 ) :: heat equation
ComputeChange: NS (ITER=4) (NRM,RELC): (  208.29783     0.12710217E-10 ) :: heat equation
MAIN: 
MAIN: -------------------------------------
MAIN: Time: 96/600:   9.600E+00
MAIN: Estimated time left:  8.3 minutes
MAIN: -------------------------------------
MAIN: 
ComputeChange: NS (ITER=1) (NRM,RELC): (  208.60684     0.14824082E-02 ) :: heat equation
ComputeChange: NS (ITER=2) (NRM,RELC): (  208.60491     0.92768480E-05 ) :: heat equation
ComputeChange: NS (ITER=3) (NRM,RELC): (  208.60491     0.17766132E-07 ) :: heat equation
ComputeChange: NS (ITER=4) (NRM,RELC): (  208.60491     0.16602466E-10 ) :: heat equation
MAIN: 
MAIN: -------------------------------------
MAIN: Time: 97/600:   9.700E+00
MAIN: Estimated time left:  8.4 minutes
MAIN: -------------------------------------
MAIN: 
ComputeChange: NS (ITER=1) (NRM,RELC): (  208.91072     0.14649000E-02 ) :: heat equation
ComputeChange: NS (ITER=2) (NRM,RELC): (  208.90859     0.10177378E-04 ) :: heat equation
ComputeChange: NS (ITER=3) (NRM,RELC): (  208.90859     0.73032294E-08 ) :: heat equation
MAIN: 
MAIN: -------------------------------------
MAIN: Time: 98/600:   9.800E+00
MAIN: Estimated time left:  6.5 minutes
MAIN: -------------------------------------
MAIN: 
ComputeChange: NS (ITER=1) (NRM,RELC): (  209.20855     0.14347802E-02 ) :: heat equation
ComputeChange: NS (ITER=2) (NRM,RELC): (  209.20568     0.13682032E-04 ) :: heat equation
ComputeChange: NS (ITER=3) (NRM,RELC): (  209.20583     0.70663595E-06 ) :: heat equation
ComputeChange: NS (ITER=4) (NRM,RELC): (  209.20580     0.14983241E-06 ) :: heat equation
ComputeChange: NS (ITER=5) (NRM,RELC): (  209.20581     0.32569795E-07 ) :: heat equation
ComputeChange: NS (ITER=6) (NRM,RELC): (  209.20581     0.70194029E-08 ) :: heat equation
MAIN: 
MAIN: -------------------------------------
MAIN: Time: 99/600:   9.900E+00
MAIN: Estimated time left: 12.7 minutes
MAIN: -------------------------------------
MAIN: 
ComputeChange: NS (ITER=1) (NRM,RELC): (  209.50175     0.14136203E-02 ) :: heat equation
ComputeChange: NS (ITER=2) (NRM,RELC): (  209.50019     0.74456995E-05 ) :: heat equation
ComputeChange: NS (ITER=3) (NRM,RELC): (  209.50009     0.49783248E-06 ) :: heat equation
ComputeChange: NS (ITER=4) (NRM,RELC): (  209.50011     0.85305542E-07 ) :: heat equation
ComputeChange: NS (ITER=5) (NRM,RELC): (  209.50010     0.13742184E-07 ) :: heat equation
ComputeChange: NS (ITER=6) (NRM,RELC): (  209.50010     0.21281105E-08 ) :: heat equation
MAIN: 
MAIN: -------------------------------------
MAIN: Time: 100/600:   1.000E+01
MAIN: Estimated time left: 13.0 minutes
MAIN: -------------------------------------
MAIN: 
ComputeChange: NS (ITER=1) (NRM,RELC): (  209.80318     0.14456370E-02 ) :: heat equation
ComputeChange: NS (ITER=2) (NRM,RELC): (  209.79683     0.30274145E-04 ) :: heat equation
ComputeChange: NS (ITER=3) (NRM,RELC): (  209.79706     0.10699511E-05 ) :: heat equation
ComputeChange: NS (ITER=4) (NRM,RELC): (  209.79703     0.14193947E-06 ) :: heat equation
ComputeChange: NS (ITER=5) (NRM,RELC): (  209.79703     0.24459510E-08 ) :: heat equation
REF time=  10.000 max=  1498.589 energy residual= -2.9896E+00
MAIN: 
MAIN: -------------------------------------
MAIN: Time: 101/600:   1.010E+01
MAIN: Estimated time left: 11.4 minutes
MAIN: -------------------------------------
MAIN: 
ComputeChange: NS (ITER=1) (NRM,RELC): (  210.09851     0.14359795E-02 ) :: heat equation
ComputeChange: NS (ITER=2) (NRM,RELC): (  210.09659     0.91275595E-05 ) :: heat equation
ComputeChange: NS (ITER=3) (NRM,RELC): (  210.09658     0.54206843E-07 ) :: heat equation
ComputeChange: NS (ITER=4) (NRM,RELC): (  210.09658     0.12459652E-07 ) :: heat equation
ComputeChange: NS (ITER=5) (NRM,RELC): (  210.09658     0.55192323E-08 ) :: heat equation
MAIN: 
MAIN: -------------------------------------
MAIN: Time: 102/600:   1.020E+01
MAIN: Estimated time left: 10.7 minutes
MAIN: -------------------------------------
MAIN: 
ComputeChange: NS (ITER=1) (NRM,RELC): (  210.40871     0.14845478E-02 ) :: heat equation
ComputeChange: NS (ITER=2) (NRM,RELC): (  210.40648     0.10591027E-04 ) :: heat equation
ComputeChange: NS (ITER=3) (NRM,RELC): (  210.40648     0.23452471E-07 ) :: heat equation
ComputeChange: NS (ITER=4) (NRM,RELC): (  210.40648     0.10067351E-09 ) :: heat equation
MAIN: 
MAIN: -------------------------------------
MAIN: Time: 103/600:   1.030E+01
MAIN: Estimated time left:  8.9 minutes
MAIN: -------------------------------------
MAIN: 
ComputeChange: NS (ITER=1) (NRM,RELC): (  210.72244     0.15005098E-02 ) :: heat equation
ComputeChange: NS (ITER=2) (NRM,RELC): (  210.72294     0.23792803E-05 ) :: heat equation
ComputeChange: NS (ITER=3) (NRM,RELC): (  210.72289     0.25293111E-06 ) :: heat equation
ComputeChange: NS (ITER=4) (NRM,RELC): (  210.72294     0.23409689E-06 ) :: heat equation
ComputeChange: NS (ITER=5) (NRM,RELC): (  210.72294     0.31592433E-08 ) :: heat equation
MAIN: 
MAIN: -------------------------------------
MAIN: Time: 104/600:   1.040E+01
MAIN: Estimated time left: 10.4 minutes
MAIN: -------------------------------------
MAIN: 
ComputeChange: NS (ITER=1) (NRM,RELC): (  211.05138     0.15574186E-02 ) :: heat equation
ComputeChange: NS (ITER=2) (NRM,RELC): (  211.04743     0.18686566E-04 ) :: heat equation
ComputeChange: NS (ITER=3) (NRM,RELC): (  211.04728     0.73439044E-06 ) :: heat equation
ComputeChange: NS (ITER=4) (NRM,RELC): (  211.04727     0.53242733E-07 ) :: heat equation
ComputeChange: NS (ITER=5) (NRM,RELC): (  211.04726     0.37438257E-08 ) :: heat equation
MAIN: 
MAIN: -------------------------------------
MAIN: Time: 105/600:   1.050E+01
MAIN: Estimated time left: 10.6 minutes
MAIN: -------------------------------------
MAIN: 
ComputeChange: NS (ITER=1) (NRM,RELC): (  211.37458     0.15497282E-02 ) :: heat equation
ComputeChange: NS (ITER=2) (NRM,RELC): (  211.37320     0.65489471E-05 ) :: heat equation
ComputeChange: NS (ITER=3) (NRM,RELC): (  211.37322     0.84779343E-07 ) :: heat equation
ComputeChange: NS (ITER=4) (NRM,RELC): (  211.37322     0.11889874E-07 ) :: heat equation
ComputeChange: NS (ITER=5) (NRM,RELC): (  211.37321     0.35053214E-08 ) :: heat equation
MAIN: 
MAIN: -------------------------------------
MAIN: Time: 106/600:   1.060E+01
MAIN: Estimated time left: 10.5 minutes
MAIN: -------------------------------------
MAIN: 
ComputeChange: NS (ITER=1) (NRM,RELC): (  211.70345     0.15611369E-02 ) :: heat equation
ComputeChange: NS (ITER=2) (NRM,RELC): (  211.70139     0.97321298E-05 ) :: heat equation
ComputeChange: NS (ITER=3) (NRM,RELC): (  211.70149     0.43807220E-06 ) :: heat equation
ComputeChange: NS (ITER=4) (NRM,RELC): (  211.70146     0.12716874E-06 ) :: heat equation
ComputeChange: NS (ITER=5) (NRM,RELC): (  211.70147     0.37892176E-07 ) :: heat equation
ComputeChange: NS (ITER=6) (NRM,RELC): (  211.70147     0.11193349E-07 ) :: heat equation
ComputeChange: NS (ITER=7) (NRM,RELC): (  211.70147     0.32174131E-08 ) :: heat equation
MAIN: 
MAIN: -------------------------------------
MAIN: Time: 107/600:   1.070E+01
MAIN: Estimated time left: 14.7 minutes
MAIN: -------------------------------------
MAIN: 
ComputeChange: NS (ITER=1) (NRM,RELC): (  212.02587     0.15311757E-02 ) :: heat equation
ComputeChange: NS (ITER=2) (NRM,RELC): (  212.01409     0.55539663E-04 ) :: heat equation
ComputeChange: NS (ITER=3) (NRM,RELC): (  212.01469     0.28436420E-05 ) :: heat equation
ComputeChange: NS (ITER=4) (NRM,RELC): (  212.01454     0.73087625E-06 ) :: heat equation
ComputeChange: NS (ITER=5) (NRM,RELC): (  212.01458     0.17351302E-06 ) :: heat equation
ComputeChange: NS (ITER=6) (NRM,RELC): (  212.01457     0.44492000E-07 ) :: heat equation
ComputeChange: NS (ITER=7) (NRM,RELC): (  212.01457     0.11550464E-07 ) :: heat equation
ComputeChange: NS (ITER=8) (NRM,RELC): (  212.01457     0.29678862E-08 ) :: heat equation
MAIN: 
MAIN: -------------------------------------
MAIN: Time: 108/600:   1.080E+01
MAIN: Estimated time left: 17.5 minutes
MAIN: -------------------------------------
MAIN: 
ComputeChange: NS (ITER=1) (NRM,RELC): (  212.31423     0.14124123E-02 ) :: heat equation
ComputeChange: NS (ITER=2) (NRM,RELC): (  212.31254     0.79930632E-05 ) :: heat equation
ComputeChange: NS (ITER=3) (NRM,RELC): (  212.31254     0.12805198E-07 ) :: heat equation
ComputeChange: NS (ITER=4) (NRM,RELC): (  212.31254     0.86800906E-11 ) :: heat equation
MAIN: 
MAIN: -------------------------------------
MAIN: Time: 109/600:   1.090E+01
MAIN: Estimated time left:  9.0 minutes
MAIN: -------------------------------------
MAIN: 
ComputeChange: NS (ITER=1) (NRM,RELC): (  212.60864     0.13936893E-02 ) :: heat equation
ComputeChange: NS (ITER=2) (NRM,RELC): (  212.60678     0.87458087E-05 ) :: heat equation
ComputeChange: NS (ITER=3) (NRM,RELC): (  212.60679     0.16252021E-07 ) :: heat equation
ComputeChange: NS (ITER=4) (NRM,RELC): (  212.60679     0.10767687E-10 ) :: heat equation
MAIN: 
MAIN: -------------------------------------
MAIN: Time: 110/600:   1.100E+01
MAIN: Estimated time left:  9.1 minutes
MAIN: -------------------------------------
MAIN: 
ComputeChange: NS (ITER=1) (NRM,RELC): (  212.90052     0.13806331E-02 ) :: heat equation
ComputeChange: NS (ITER=2) (NRM,RELC): (  212.89822     0.10804586E-04 ) :: heat equation
ComputeChange: NS (ITER=3) (NRM,RELC): (  212.89819     0.14007589E-06 ) :: heat equation
ComputeChange: NS (ITER=4) (NRM,RELC): (  212.89819     0.17988877E-07 ) :: heat equation
ComputeChange: NS (ITER=5) (NRM,RELC): (  212.89819     0.19678658E-08 ) :: heat equation
MAIN: 
MAIN: -------------------------------------
MAIN: Time: 111/600:   1.110E+01
MAIN: Estimated time left: 12.1 minutes
MAIN: -------------------------------------
MAIN: 
ComputeChange: NS (ITER=1) (NRM,RELC): (  213.19024     0.13708380E-02 ) :: heat equation
ComputeChange: NS (ITER=2) (NRM,RELC): (  213.18529     0.23188125E-04 ) :: heat equation
ComputeChange: NS (ITER=3) (NRM,RELC): (  213.18529     0.28224014E-07 ) :: heat equation
ComputeChange: NS (ITER=4) (NRM,RELC): (  213.18529     0.18015848E-09 ) :: heat equation
MAIN: 
MAIN: -------------------------------------
MAIN: Time: 112/600:   1.120E+01
MAIN: Estimated time left: 10.0 minutes
MAIN: -------------------------------------
MAIN: 
ComputeChange: NS (ITER=1) (NRM,RELC): (  213.47562     0.13609673E-02 ) :: heat equation
ComputeChange: NS (ITER=2) (NRM,RELC): (  213.46503     0.49621595E-04 ) :: heat equation
ComputeChange: NS (ITER=3) (NRM,RELC): (  213.46480     0.10818309E-05 ) :: heat equation
ComputeChange: NS (ITER=4) (NRM,RELC): (  213.46476     0.17308098E-06 ) :: heat equation
ComputeChange: NS (ITER=5) (NRM,RELC): (  213.46476     0.19388830E-07 ) :: heat equation
ComputeChange: NS (ITER=6) (NRM,RELC): (  213.46476     0.22079852E-08 ) :: heat equation
MAIN: 
MAIN: -------------------------------------
MAIN: Time: 113/600:   1.130E+01
MAIN: Estimated time left: 14.3 minutes
MAIN: -------------------------------------
MAIN: 
ComputeChange: NS (ITER=1) (NRM,RELC): (  213.74781     0.13250983E-02 ) :: heat equation
ComputeChange: NS (ITER=2) (NRM,RELC): (  213.74285     0.23175236E-04 ) :: heat equation
ComputeChange: NS (ITER=3) (NRM,RELC): (  213.74304     0.89868112E-06 ) :: heat equation
ComputeChange: NS (ITER=4) (NRM,RELC): (  213.74303     0.48411205E-07 ) :: heat equation
ComputeChange: NS (ITER=5) (NRM,RELC): (  213.74303     0.11560722E-08 ) :: heat equation
MAIN: 
MAIN: -------------------------------------
MAIN: Time: 114/600:   1.140E+01
MAIN: Estimated time left: 11.6 minutes
MAIN: -------------------------------------
MAIN: 
ComputeChange: NS (ITER=1) (NRM,RELC): (  214.02935     0.13386221E-02 ) :: heat equation
ComputeChange: NS (ITER=2) (NRM,RELC): (  214.02636     0.13963398E-04 ) :: heat equation
ComputeChange: NS (ITER=3) (NRM,RELC): (  214.02650     0.68195609E-06 ) :: heat equation
ComputeChange: NS (ITER=4) (NRM,RELC): (  214.02648     0.12661183E-06 ) :: heat equation
ComputeChange: NS (ITER=5) (NRM,RELC): (  214.02648     0.24084041E-07 ) :: heat equation
ComputeChange: NS (ITER=6) (NRM,RELC): (  214.02648     0.45609540E-08 ) :: heat equation
MAIN: 
MAIN: -------------------------------------
MAIN: Time: 115/600:   1.150E+01
MAIN: Estimated time left: 14.0 minutes
MAIN: -------------------------------------
MAIN: 
ComputeChange: NS (ITER=1) (NRM,RELC): (  214.31458     0.13451625E-02 ) :: heat equation
ComputeChange: NS (ITER=2) (NRM,RELC): (  214.31803     0.16115487E-04 ) :: heat equation
ComputeChange: NS (ITER=3) (NRM,RELC): (  214.31778     0.11581921E-05 ) :: heat equation
ComputeChange: NS (ITER=4) (NRM,RELC): (  214.31779     0.56972319E-07 ) :: heat equation
ComputeChange: NS (ITER=5) (NRM,RELC): (  214.31779     0.21464718E-07 ) :: heat equation
ComputeChange: NS (ITER=6) (NRM,RELC): (  214.31779     0.11593554E-08 ) :: heat equation
MAIN: 
MAIN: -------------------------------------
MAIN: Time: 116/600:   1.160E+01
MAIN: Estimated time left: 14.1 minutes
MAIN: -------------------------------------
MAIN: 
ComputeChange: NS (ITER=1) (NRM,RELC): (  214.61667     0.13936049E-02 ) :: heat equation
ComputeChange: NS (ITER=2) (NRM,RELC): (  214.61580     0.40556862E-05 ) :: heat equation
ComputeChange: NS (ITER=3) (NRM,RELC): (  214.61598     0.84204735E-06 ) :: heat equation
ComputeChange: NS (ITER=4) (NRM,RELC): (  214.61601     0.11292921E-06 ) :: heat equation
ComputeChange: NS (ITER=5) (NRM,RELC): (  214.61601     0.15283107E-07 ) :: heat equation
ComputeChange: NS (ITER=6) (NRM,RELC): (  214.61601     0.22506813E-08 ) :: heat equation
MAIN: 
MAIN: -------------------------------------
MAIN: Time: 117/600:   1.170E+01
MAIN: Estimated time left: 12.5 minutes
MAIN: -------------------------------------
MAIN: 
ComputeChange: NS (ITER=1) (NRM,RELC): (  214.92390     0.14335725E-02 ) :: heat equation
ComputeChange: NS (ITER=2) (NRM,RELC): (  214.92424     0.15730687E-05 ) :: heat equation
ComputeChange: NS (ITER=3) (NRM,RELC): (  214.92405     0.85472747E-06 ) :: heat equation
ComputeChange: NS (ITER=4) (NRM,RELC): (  214.92407     0.78712368E-07 ) :: heat equation
ComputeChange: NS (ITER=5) (NRM,RELC): (  214.92407     0.69604611E-08 ) :: heat equation
MAIN: 
MAIN: -------------------------------------
MAIN: Time: 118/600:   1.180E+01
MAIN: Estimated time left: 10.3 minutes
MAIN: -------------------------------------
MAIN: 
ComputeChange: NS (ITER=1) (NRM,RELC): (  215.23746     0.14570847E-02 ) :: heat equation
ComputeChange: NS (ITER=2) (NRM,RELC): (  215.23475     0.12576936E-04 ) :: heat equation
ComputeChange: NS (ITER=3) (NRM,RELC): (  215.23493     0.80866642E-06 ) :: heat equation
ComputeChange: NS (ITER=4) (NRM,RELC): (  215.23495     0.12871892E-06 ) :: heat equation
ComputeChange: NS (ITER=5) (NRM,RELC): (  215.23496     0.14838959E-07 ) :: heat equation
ComputeChange: NS (ITER=6) (NRM,RELC): (  215.23496     0.17277115E-08 ) :: heat equation
MAIN: 
MAIN: -------------------------------------
MAIN: Time: 119/600:   1.190E+01
MAIN: Estimated time left: 12.3 minutes
MAIN: -------------------------------------
MAIN: 
ComputeChange: NS (ITER=1) (NRM,RELC): (  215.55230     0.14733389E-02 ) :: heat equation
ComputeChange: NS (ITER=2) (NRM,RELC): (  215.54592     0.29626797E-04 ) :: heat equation
ComputeChange: NS (ITER=3) (NRM,RELC): (  215.54622     0.13945313E-05 ) :: heat equation
ComputeChange: NS (ITER=4) (NRM,RELC): (  215.54606     0.74469405E-06 ) :: heat equation
ComputeChange: NS (ITER=5) (NRM,RELC): (  215.54609     0.16210848E-06 ) :: heat equation
ComputeChange: NS (ITER=6) (NRM,RELC): (  215.54608     0.44987105E-07 ) :: heat equation
ComputeChange: NS (ITER=7) (NRM,RELC): (  215.54609     0.11404777E-07 ) :: heat equation
ComputeChange: NS (ITER=8) (NRM,RELC): (  215.54609     0.28847178E-08 ) :: heat equation
MAIN: 
MAIN: -------------------------------------
MAIN: Time: 120/600:   1.200E+01
MAIN: Estimated time left: 15.8 minutes
MAIN: -------------------------------------
MAIN: 
ComputeChange: NS (ITER=1) (NRM,RELC): (  215.84780     0.13987906E-02 ) :: heat equation
ComputeChange: NS (ITER=2) (NRM,RELC): (  215.84188     0.27445608E-04 ) :: heat equation
ComputeChange: NS (ITER=3) (NRM,RELC): (  215.84248     0.27871862E-05 ) :: heat equation
ComputeChange: NS (ITER=4) (NRM,RELC): (  215.84234     0.62406122E-06 ) :: heat equation
ComputeChange: NS (ITER=5) (NRM,RELC): (  215.84237     0.10653950E-06 ) :: heat equation
ComputeChange: NS (ITER=6) (NRM,RELC): (  215.84236     0.24639195E-07 ) :: heat equation
ComputeChange: NS (ITER=7) (NRM,RELC): (  215.84236     0.45843613E-08 ) :: heat equation
MAIN: 
MAIN: -------------------------------------
MAIN: Time: 121/600:   1.210E+01
MAIN: Estimated time left: 13.8 minutes
MAIN: -------------------------------------
MAIN: 
ComputeChange: NS (ITER=1) (NRM,RELC): (  216.12988     0.13311867E-02 ) :: heat equation
ComputeChange: NS (ITER=2) (NRM,RELC): (  216.12776     0.97883039E-05 ) :: heat equation
ComputeChange: NS (ITER=3) (NRM,RELC): (  216.12784     0.36343038E-06 ) :: heat equation
ComputeChange: NS (ITER=4) (NRM,RELC): (  216.12783     0.51770195E-07 ) :: heat equation
ComputeChange: NS (ITER=5) (NRM,RELC): (  216.12783     0.74968973E-08 ) :: heat equation
MAIN: 
MAIN: -------------------------------------
MAIN: Time: 122/600:   1.220E+01
MAIN: Estimated time left: 11.2 minutes
MAIN: -------------------------------------
MAIN: 
ComputeChange: NS (ITER=1) (NRM,RELC): (  216.41039     0.13065036E-02 ) :: heat equation
ComputeChange: NS (ITER=2) (NRM,RELC): (  216.40862     0.81787241E-05 ) :: heat equation
ComputeChange: NS (ITER=3) (NRM,RELC): (  216.40862     0.14611686E-07 ) :: heat equation
ComputeChange: NS (ITER=4) (NRM,RELC): (  216.40862     0.10491973E-10 ) :: heat equation
MAIN: 
MAIN: -------------------------------------
MAIN: Time: 123/600:   1.230E+01
MAIN: Estimated time left:  9.2 minutes
MAIN: -------------------------------------
MAIN: 
ComputeChange: NS (ITER=1) (NRM,RELC): (  216.68888     0.12941839E-02 ) :: heat equation
ComputeChange: NS (ITER=2) (NRM,RELC): (  216.68646     0.11136985E-04 ) :: heat equation
ComputeChange: NS (ITER=3) (NRM,RELC): (  216.68653     0.31545218E-06 ) :: heat equation
ComputeChange: NS (ITER=4) (NRM,RELC): (  216.68652     0.41198507E-07 ) :: heat equation
ComputeChange: NS (ITER=5) (NRM,RELC): (  216.68652     0.55876617E-08 ) :: heat equation
MAIN: 
MAIN: -------------------------------------
MAIN: Time: 124/600:   1.240E+01
MAIN: Estimated time left: 12.0 minutes
MAIN: -------------------------------------
MAIN: 
ComputeChange: NS (ITER=1) (NRM,RELC): (  216.96525     0.12854791E-02 ) :: heat equation
ComputeChange: NS (ITER=2) (NRM,RELC): (  216.96320     0.94356182E-05 ) :: heat equation
ComputeChange: NS (ITER=3) (NRM,RELC): (  216.96321     0.20895526E-07 ) :: heat equation
ComputeChange: NS (ITER=4) (NRM,RELC): (  216.96321     0.85527305E-10 ) :: heat equation
MAIN: 
MAIN: -------------------------------------
MAIN: Time: 125/600:   1.250E+01
MAIN: Estimated time left: 10.2 minutes
MAIN: -------------------------------------
MAIN: 
ComputeChange: NS (ITER=1) (NRM,RELC): (  217.24409     0.12937595E-02 ) :: heat equation
ComputeChange: NS (ITER=2) (NRM,RELC): (  217.23418     0.45612623E-04 ) :: heat equation
ComputeChange: NS (ITER=3) (NRM,RELC): (  217.23418     0.92608285E-09 ) :: heat equation
MAIN: 
MAIN: -------------------------------------
MAIN: Time: 126/600:   1.260E+01
MAIN: Estimated time left:  7.8 minutes
MAIN: -------------------------------------
MAIN: 
ComputeChange: NS (ITER=1) (NRM,RELC): (  217.50891     0.12638849E-02 ) :: heat equation
ComputeChange: NS (ITER=2) (NRM,RELC): (  217.50166     0.33327690E-04 ) :: heat equation
ComputeChange: NS (ITER=3) (NRM,RELC): (  217.50160     0.29486587E-06 ) :: heat equation
ComputeChange: NS (ITER=4) (NRM,RELC): (  217.50150     0.45703873E-06 ) :: heat equation
ComputeChange: NS (ITER=5) (NRM,RELC): (  217.50149     0.21646427E-07 ) :: heat equation
ComputeChange: NS (ITER=6) (NRM,RELC): (  217.50149     0.96240289E-08 ) :: heat equation
MAIN: 
MAIN: -------------------------------------
MAIN: Time: 127/600:   1.270E+01
MAIN: Estimated time left: 16.9 minutes
MAIN: -------------------------------------
MAIN: 
ComputeChange: NS (ITER=1) (NRM,RELC): (  217.76844     0.12265688E-02 ) :: heat equation
ComputeChange: NS (ITER=2) (NRM,RELC): (  217.76692     0.69628344E-05 ) :: heat equation
ComputeChange: NS (ITER=3) (NRM,RELC): (  217.76702     0.44183492E-06 ) :: heat equation
ComputeChange: NS (ITER=4) (NRM,RELC): (  217.76697     0.21002511E-06 ) :: heat equation
ComputeChange: NS (ITER=5) (NRM,RELC): (  217.76698     0.61566702E-07 ) :: heat equation
ComputeChange: NS (ITER=6) (NRM,RELC): (  217.76698     0.16100357E-07 ) :: heat equation
ComputeChange: NS (ITER=7) (NRM,RELC): (  217.76698     0.40064212E-08 ) :: heat equation
MAIN: 
MAIN: -------------------------------------
MAIN: Time: 128/600:   1.280E+01
MAIN: Estimated time left: 21.8 minutes
MAIN: -------------------------------------
MAIN: 
ComputeChange: NS (ITER=1) (NRM,RELC): (  218.03935     0.12499808E-02 ) :: heat equation
ComputeChange: NS (ITER=2) (NRM,RELC): (  218.04160     0.10288892E-04 ) :: heat equation
ComputeChange: NS (ITER=3) (NRM,RELC): (  218.04174     0.65621949E-06 ) :: heat equation
ComputeChange: NS (ITER=4) (NRM,RELC): (  218.04175     0.17871066E-07 ) :: heat equation
ComputeChange: NS (ITER=5) (NRM,RELC): (  218.04175     0.45626124E-09 ) :: heat equation
MAIN: 
MAIN: -------------------------------------
MAIN: Time: 129/600:   1.290E+01
MAIN: Estimated time left: 15.9 minutes
MAIN: -------------------------------------
MAIN: 
ComputeChange: NS (ITER=1) (NRM,RELC): (  218.32464     0.12965944E-02 ) :: heat equation
ComputeChange: NS (ITER=2) (NRM,RELC): (  218.32589     0.57433506E-05 ) :: heat equation
ComputeChange: NS (ITER=3) (NRM,RELC): (  218.32580     0.45052884E-06 ) :: heat equation
ComputeChange: NS (ITER=4) (NRM,RELC): (  218.32583     0.14540841E-06 ) :: heat equation
ComputeChange: NS (ITER=5) (NRM,RELC): (  218.32583     0.21085123E-08 ) :: heat equation
MAIN: 
MAIN: -------------------------------------
MAIN: Time: 130/600:   1.300E+01
MAIN: Estimated time left: 13.7 minutes
MAIN: -------------------------------------
MAIN: 
ComputeChange: NS (ITER=1) (NRM,RELC): (  218.61845     0.13394140E-02 ) :: heat equation
ComputeChange: NS (ITER=2) (NRM,RELC): (  218.61646     0.91113624E-05 ) :: heat equation
ComputeChange: NS (ITER=3) (NRM,RELC): (  218.61646     0.14356895E-07 ) :: heat equation
ComputeChange: NS (ITER=4) (NRM,RELC): (  218.61646     0.15785471E-10 ) :: heat equation
MAIN: 
MAIN: -------------------------------------
MAIN: Time: 131/600:   1.310E+01
MAIN: Estimated time left:  8.4 minutes
MAIN: -------------------------------------
MAIN: 
ComputeChange: NS (ITER=1) (NRM,RELC): (  218.91150     0.13486540E-02 ) :: heat equation
ComputeChange: NS (ITER=2) (NRM,RELC): (  218.91442     0.13334243E-04 ) :: heat equation
ComputeChange: NS (ITER=3) (NRM,RELC): (  218.91450     0.36127810E-06 ) :: heat equation
ComputeChange: NS (ITER=4) (NRM,RELC): (  218.91451     0.30666106E-07 ) :: heat equation
ComputeChange: NS (ITER=5) (NRM,RELC): (  218.91451     0.35885791E-08 ) :: heat equation
MAIN: 
MAIN: -------------------------------------
MAIN: Time: 132/600:   1.320E+01
MAIN: Estimated time left: 10.2 minutes
MAIN: -------------------------------------
MAIN: 
ComputeChange: NS (ITER=1) (NRM,RELC): (  219.21629     0.13775960E-02 ) :: heat equation
ComputeChange: NS (ITER=2) (NRM,RELC): (  219.21057     0.26077634E-04 ) :: heat equation
ComputeChange: NS (ITER=3) (NRM,RELC): (  219.21149     0.41739858E-05 ) :: heat equation
ComputeChange: NS (ITER=4) (NRM,RELC): (  219.21127     0.99649524E-06 ) :: heat equation
ComputeChange: NS (ITER=5) (NRM,RELC): (  219.21132     0.23594583E-06 ) :: heat equation
ComputeChange: NS (ITER=6) (NRM,RELC): (  219.21131     0.55956976E-07 ) :: heat equation
ComputeChange: NS (ITER=7) (NRM,RELC): (  219.21131     0.13157755E-07 ) :: heat equation
ComputeChange: NS (ITER=8) (NRM,RELC): (  219.21131     0.29997651E-08 ) :: heat equation
MAIN: 
MAIN: -------------------------------------
MAIN: Time: 133/600:   1.330E+01
MAIN: Estimated time left: 23.9 minutes
MAIN: -------------------------------------
MAIN: 
ComputeChange: NS (ITER=1) (NRM,RELC): (  219.50168     0.13237199E-02 ) :: heat equation
ComputeChange: NS (ITER=2) (NRM,RELC): (  219.49157     0.46032521E-04 ) :: heat equation
ComputeChange: NS (ITER=3) (NRM,RELC): (  219.49212     0.25029276E-05 ) :: heat equation
ComputeChange: NS (ITER=4) (NRM,RELC): (  219.49200     0.55237096E-06 ) :: heat equation
ComputeChange: NS (ITER=5) (NRM,RELC): (  219.49202     0.94294121E-07 ) :: heat equation
ComputeChange: NS (ITER=6) (NRM,RELC): (  219.49202     0.17489580E-07 ) :: heat equation
ComputeChange: NS (ITER=7) (NRM,RELC): (  219.49202     0.31585874E-08 ) :: heat equation
MAIN: 
MAIN: -------------------------------------
MAIN: Time: 134/600:   1.340E+01
MAIN: Estimated time left: 20.7 minutes
MAIN: -------------------------------------
MAIN: 
ComputeChange: NS (ITER=1) (NRM,RELC): (  219.77464     0.12867818E-02 ) :: heat equation
ComputeChange: NS (ITER=2) (NRM,RELC): (  219.77003     0.20978136E-04 ) :: heat equation
ComputeChange: NS (ITER=3) (NRM,RELC): (  219.76995     0.35425493E-06 ) :: heat equation
ComputeChange: NS (ITER=4) (NRM,RELC): (  219.76992     0.15464587E-06 ) :: heat equation
ComputeChange: NS (ITER=5) (NRM,RELC): (  219.76991     0.80282487E-08 ) :: heat equation
MAIN: 
MAIN: -------------------------------------
MAIN: Time: 135/600:   1.350E+01
MAIN: Estimated time left: 16.0 minutes
MAIN: -------------------------------------
MAIN: 
ComputeChange: NS (ITER=1) (NRM,RELC): (  220.04042     0.12300967E-02 ) :: heat equation
ComputeChange: NS (ITER=2) (NRM,RELC): (  220.03764     0.12628754E-04 ) :: heat equation
ComputeChange: NS (ITER=3) (NRM,RELC): (  220.03778     0.61540321E-06 ) :: heat equation
ComputeChange: NS (ITER=4) (NRM,RELC): (  220.03776     0.75330845E-07 ) :: heat equation
ComputeChange: NS (ITER=5) (NRM,RELC): (  220.03776     0.92420968E-08 ) :: heat equation
MAIN: 
MAIN: -------------------------------------
MAIN: Time: 136/600:   1.360E+01
MAIN: Estimated time left: 15.6 minutes
MAIN: -------------------------------------
MAIN: 
ComputeChange: NS (ITER=1) (NRM,RELC): (  220.30447     0.12113488E-02 ) :: heat equation
ComputeChange: NS (ITER=2) (NRM,RELC): (  220.30259     0.84943087E-05 ) :: heat equation
ComputeChange: NS (ITER=3) (NRM,RELC): (  220.30260     0.16546505E-07 ) :: heat equation
ComputeChange: NS (ITER=4) (NRM,RELC): (  220.30260     0.13591429E-10 ) :: heat equation
MAIN: 
MAIN: -------------------------------------
MAIN: Time: 137/600:   1.370E+01
MAIN: Estimated time left: 11.3 minutes
MAIN: -------------------------------------
MAIN: 
ComputeChange: NS (ITER=1) (NRM,RELC): (  220.56902     0.12085983E-02 ) :: heat equation
ComputeChange: NS (ITER=2) (NRM,RELC): (  220.56704     0.89619507E-05 ) :: heat equation
ComputeChange: NS (ITER=3) (NRM,RELC): (  220.56704     0.19606412E-07 ) :: heat equation
ComputeChange: NS (ITER=4) (NRM,RELC): (  220.56704     0.22304711E-10 ) :: heat equation
MAIN: 
MAIN: -------------------------------------
MAIN: Time: 138/600:   1.380E+01
MAIN: Estimated time left: 12.1 minutes
MAIN: -------------------------------------
MAIN: 
ComputeChange: NS (ITER=1) (NRM,RELC): (  220.83516     0.12148365E-02 ) :: heat equation
ComputeChange: NS (ITER=2) (NRM,RELC): (  220.82946     0.25808774E-04 ) :: heat equation
ComputeChange: NS (ITER=3) (NRM,RELC): (  220.82978     0.14553568E-05 ) :: heat equation
ComputeChange: NS (ITER=4) (NRM,RELC): (  220.82975     0.13419175E-06 ) :: heat equation
ComputeChange: NS (ITER=5) (NRM,RELC): (  220.82975     0.12274761E-07 ) :: heat equation
ComputeChange: NS (ITER=6) (NRM,RELC): (  220.82975     0.90826736E-09 ) :: heat equation
MAIN: 
MAIN: -------------------------------------
MAIN: Time: 139/600:   1.390E+01
MAIN: Estimated time left: 18.4 minutes
MAIN: -------------------------------------
MAIN: 
ComputeChange: NS (ITER=1) (NRM,RELC): (  221.09634     0.12064743E-02 ) :: heat equation
ComputeChange: NS (ITER=2) (NRM,RELC): (  221.08930     0.31860870E-04 ) :: heat equation
ComputeChange: NS (ITER=3) (NRM,RELC): (  221.08927     0.12477749E-06 ) :: heat equation
ComputeChange: NS (ITER=4) (NRM,RELC): (  221.08919     0.33650031E-06 ) :: heat equation
ComputeChange: NS (ITER=5) (NRM,RELC): (  221.08920     0.12695369E-07 ) :: heat equation
ComputeChange: NS (ITER=6) (NRM,RELC): (  221.08920     0.68590166E-08 ) :: heat equation
MAIN: 
MAIN: -------------------------------------
MAIN: Time: 140/600:   1.400E+01
MAIN: Estimated time left: 18.2 minutes
MAIN: -------------------------------------
MAIN: 
ComputeChange: NS (ITER=1) (NRM,RELC): (  221.35009     0.11793380E-02 ) :: heat equation
ComputeChange: NS (ITER=2) (NRM,RELC): (  221.34577     0.19502228E-04 ) :: heat equation
ComputeChange: NS (ITER=3) (NRM,RELC): (  221.34542     0.15937905E-05 ) :: heat equation
ComputeChange: NS (ITER=4) (NRM,RELC): (  221.34536     0.25092718E-06 ) :: heat equation
ComputeChange: NS (ITER=5) (NRM,RELC): (  221.34535     0.38603206E-07 ) :: heat equation
ComputeChange: NS (ITER=6) (NRM,RELC): (  221.34535     0.58585321E-08 ) :: heat equation
MAIN: 
MAIN: -------------------------------------
MAIN: Time: 141/600:   1.410E+01
MAIN: Estimated time left: 18.1 minutes
MAIN: -------------------------------------
MAIN: 
ComputeChange: NS (ITER=1) (NRM,RELC): (  221.60620     0.11777802E-02 ) :: heat equation
ComputeChange: NS (ITER=2) (NRM,RELC): (  221.60351     0.12155201E-04 ) :: heat equation
ComputeChange: NS (ITER=3) (NRM,RELC): (  221.60352     0.48374681E-07 ) :: heat equation
ComputeChange: NS (ITER=4) (NRM,RELC): (  221.60354     0.82163155E-07 ) :: heat equation
ComputeChange: NS (ITER=5) (NRM,RELC): (  221.60354     0.21511104E-08 ) :: heat equation
MAIN: 
MAIN: -------------------------------------
MAIN: Time: 142/600:   1.420E+01
MAIN: Estimated time left: 14.6 minutes
MAIN: -------------------------------------
MAIN: 
ComputeChange: NS (ITER=1) (NRM,RELC): (  221.87216     0.12114171E-02 ) :: heat equation
ComputeChange: NS (ITER=2) (NRM,RELC): (  221.87068     0.66302542E-05 ) :: heat equation
ComputeChange: NS (ITER=3) (NRM,RELC): (  221.87081     0.57844161E-06 ) :: heat equation
ComputeChange: NS (ITER=4) (NRM,RELC): (  221.87083     0.90863102E-07 ) :: heat equation
ComputeChange: NS (ITER=5) (NRM,RELC): (  221.87084     0.14601901E-07 ) :: heat equation
ComputeChange: NS (ITER=6) (NRM,RELC): (  221.87084     0.25269178E-08 ) :: heat equation
MAIN: 
MAIN: -------------------------------------
MAIN: Time: 143/600:   1.430E+01
MAIN: Estimated time left: 18.2 minutes
MAIN: -------------------------------------
MAIN: 
ComputeChange: NS (ITER=1) (NRM,RELC): (  222.14956     0.12554630E-02 ) :: heat equation
ComputeChange: NS (ITER=2) (NRM,RELC): (  222.15074     0.52852320E-05 ) :: heat equation
ComputeChange: NS (ITER=3) (NRM,RELC): (  222.15067     0.27772869E-06 ) :: heat equation
ComputeChange: NS (ITER=4) (NRM,RELC): (  222.15068     0.67203865E-08 ) :: heat equation
MAIN: 
MAIN: -------------------------------------
MAIN: Time: 144/600:   1.440E+01
MAIN: Estimated time left: 11.4 minutes
MAIN: -------------------------------------
MAIN: 
ComputeChange: NS (ITER=1) (NRM,RELC): (  222.43485     0.12783753E-02 ) :: heat equation
ComputeChange: NS (ITER=2) (NRM,RELC): (  222.43234     0.11282089E-04 ) :: heat equation
ComputeChange: NS (ITER=3) (NRM,RELC): (  222.43233     0.57928115E-07 ) :: heat equation
ComputeChange: NS (ITER=4) (NRM,RELC): (  222.43237     0.19617438E-06 ) :: heat equation
ComputeChange: NS (ITER=5) (NRM,RELC): (  222.43237     0.54941242E-08 ) :: heat equation
MAIN: 
MAIN: -------------------------------------
MAIN: Time: 145/600:   1.450E+01
MAIN: Estimated time left: 15.1 minutes
MAIN: -------------------------------------
MAIN: 
ComputeChange: NS (ITER=1) (NRM,RELC): (  222.72448     0.13123765E-02 ) :: heat equation
ComputeChange: NS (ITER=2) (NRM,RELC): (  222.71723     0.32527248E-04 ) :: heat equation
ComputeChange: NS (ITER=3) (NRM,RELC): (  222.71798     0.33809006E-05 ) :: heat equation
ComputeChange: NS (ITER=4) (NRM,RELC): (  222.71775     0.10649768E-05 ) :: heat equation
ComputeChange: NS (ITER=5) (NRM,RELC): (  222.71780     0.22168028E-06 ) :: heat equation
ComputeChange: NS (ITER=6) (NRM,RELC): (  222.71778     0.55307879E-07 ) :: heat equation
ComputeChange: NS (ITER=7) (NRM,RELC): (  222.71779     0.12584985E-07 ) :: heat equation
ComputeChange: NS (ITER=8) (NRM,RELC): (  222.71779     0.28857266E-08 ) :: heat equation
MAIN: 
MAIN: -------------------------------------
MAIN: Time: 146/600:   1.460E+01
MAIN: Estimated time left: 22.8 minutes
MAIN: -------------------------------------
MAIN: 
ComputeChange: NS (ITER=1) (NRM,RELC): (  222.99370     0.12380789E-02 ) :: heat equation
ComputeChange: NS (ITER=2) (NRM,RELC): (  222.98645     0.32507278E-04 ) :: heat equation
ComputeChange: NS (ITER=3) (NRM,RELC): (  222.98707     0.27594358E-05 ) :: heat equation
ComputeChange: NS (ITER=4) (NRM,RELC): (  222.98694     0.58665527E-06 ) :: heat equation
ComputeChange: NS (ITER=5) (NRM,RELC): (  222.98695     0.85921915E-07 ) :: heat equation
ComputeChange: NS (ITER=6) (NRM,RELC): (  222.98695     0.19283891E-07 ) :: heat equation
ComputeChange: NS (ITER=7) (NRM,RELC): (  222.98695     0.29785770E-08 ) :: heat equation
MAIN: 
MAIN: -------------------------------------
MAIN: Time: 147/600:   1.470E+01
MAIN: Estimated time left: 20.7 minutes
MAIN: -------------------------------------
MAIN: 
ComputeChange: NS (ITER=1) (NRM,RELC): (  223.25725     0.12114624E-02 ) :: heat equation
ComputeChange: NS (ITER=2) (NRM,RELC): (  223.25392     0.14941468E-04 ) :: heat equation
ComputeChange: NS (ITER=3) (NRM,RELC): (  223.25404     0.53267538E-06 ) :: heat equation
ComputeChange: NS (ITER=4) (NRM,RELC): (  223.25403     0.35785824E-07 ) :: heat equation
ComputeChange: NS (ITER=5) (NRM,RELC): (  223.25403     0.23965139E-08 ) :: heat equation
MAIN: 
MAIN: -------------------------------------
MAIN: Time: 148/600:   1.480E+01
MAIN: Estimated time left: 14.4 minutes
MAIN: -------------------------------------
MAIN: 
ComputeChange: NS (ITER=1) (NRM,RELC): (  223.51946     0.11881945E-02 ) :: heat equation
ComputeChange: NS (ITER=2) (NRM,RELC): (  223.51219     0.32533756E-04 ) :: heat equation
ComputeChange: NS (ITER=3) (NRM,RELC): (  223.51212     0.27697854E-06 ) :: heat equation
ComputeChange: NS (ITER=4) (NRM,RELC): (  223.51211     0.79265102E-07 ) :: heat equation
ComputeChange: NS (ITER=5) (NRM,RELC): (  223.51211     0.21206902E-09 ) :: heat equation
MAIN: 
MAIN: -------------------------------------
MAIN: Time: 149/600:   1.490E+01
MAIN: Estimated time left: 14.6 minutes
MAIN: -------------------------------------
MAIN: 
ComputeChange: NS (ITER=1) (NRM,RELC): (  223.76758     0.11423572E-02 ) :: heat equation
ComputeChange: NS (ITER=2) (NRM,RELC): (  223.76579     0.80032820E-05 ) :: heat equation
ComputeChange: NS (ITER=3) (NRM,RELC): (  223.76580     0.15182683E-07 ) :: heat equation
ComputeChange: NS (ITER=4) (NRM,RELC): (  223.76580     0.12464279E-10 ) :: heat equation
MAIN: 
MAIN: -------------------------------------
MAIN: Time: 150/600:   1.500E+01
MAIN: Estimated time left: 12.3 minutes
MAIN: -------------------------------------
MAIN: 
ComputeChange: NS (ITER=1) (NRM,RELC): (  224.02131     0.11412516E-02 ) :: heat equation
ComputeChange: NS (ITER=2) (NRM,RELC): (  224.01942     0.84627717E-05 ) :: heat equation
ComputeChange: NS (ITER=3) (NRM,RELC): (  224.01942     0.18162024E-07 ) :: heat equation
ComputeChange: NS (ITER=4) (NRM,RELC): (  224.01942     0.20453737E-10 ) :: heat equation
REF time=  15.000 max=  1573.090 energy residual= -2.8724E+00
MAIN: 
MAIN: -------------------------------------
MAIN: Time: 151/600:   1.510E+01
MAIN: Estimated time left: 11.4 minutes
MAIN: -------------------------------------
MAIN: 
ComputeChange: NS (ITER=1) (NRM,RELC): (  224.27603     0.11448333E-02 ) :: heat equation
ComputeChange: NS (ITER=2) (NRM,RELC): (  224.27152     0.20139515E-04 ) :: heat equation
ComputeChange: NS (ITER=3) (NRM,RELC): (  224.27185     0.14909435E-05 ) :: heat equation
ComputeChange: NS (ITER=4) (NRM,RELC): (  224.27181     0.20265992E-06 ) :: heat equation
ComputeChange: NS (ITER=5) (NRM,RELC): (  224.27181     0.27637263E-07 ) :: heat equation
ComputeChange: NS (ITER=6) (NRM,RELC): (  224.27181     0.37435873E-08 ) :: heat equation
MAIN: 
MAIN: -------------------------------------
MAIN: Time: 152/600:   1.520E+01
MAIN: Estimated time left: 17.6 minutes
MAIN: -------------------------------------
MAIN: 
ComputeChange: NS (ITER=1) (NRM,RELC): (  224.52610     0.11332107E-02 ) :: heat equation
ComputeChange: NS (ITER=2) (NRM,RELC): (  224.52315     0.13136077E-04 ) :: heat equation
ComputeChange: NS (ITER=3) (NRM,RELC): (  224.52333     0.77083403E-06 ) :: heat equation
ComputeChange: NS (ITER=4) (NRM,RELC): (  224.52329     0.14892824E-06 ) :: heat equation
ComputeChange: NS (ITER=5) (NRM,RELC): (  224.52330     0.29399085E-07 ) :: heat equation
ComputeChange: NS (ITER=6) (NRM,RELC): (  224.52330     0.57599366E-08 ) :: heat equation
MAIN: 
MAIN: -------------------------------------
MAIN: Time: 153/600:   1.530E+01
MAIN: Estimated time left: 18.0 minutes
MAIN: -------------------------------------
MAIN: 
ComputeChange: NS (ITER=1) (NRM,RELC): (  224.77752     0.11316439E-02 ) :: heat equation
ComputeChange: NS (ITER=2) (NRM,RELC): (  224.77132     0.27600606E-04 ) :: heat equation
ComputeChange: NS (ITER=3) (NRM,RELC): (  224.77102     0.13272266E-05 ) :: heat equation
ComputeChange: NS (ITER=4) (NRM,RELC): (  224.77099     0.13048495E-06 ) :: heat equation
ComputeChange: NS (ITER=5) (NRM,RELC): (  224.77099     0.13281736E-07 ) :: heat equation
ComputeChange: NS (ITER=6) (NRM,RELC): (  224.77099     0.14534944E-08 ) :: heat equation
MAIN: 
MAIN: -------------------------------------
MAIN: Time: 154/600:   1.540E+01
MAIN: Estimated time left: 16.8 minutes
MAIN: -------------------------------------
MAIN: 
ComputeChange: NS (ITER=1) (NRM,RELC): (  225.02531     0.11308274E-02 ) :: heat equation
ComputeChange: NS (ITER=2) (NRM,RELC): (  225.01883     0.28792472E-04 ) :: heat equation
ComputeChange: NS (ITER=3) (NRM,RELC): (  225.01879     0.18220598E-06 ) :: heat equation
ComputeChange: NS (ITER=4) (NRM,RELC): (  225.01875     0.17117475E-06 ) :: heat equation
ComputeChange: NS (ITER=5) (NRM,RELC): (  225.01875     0.11963975E-07 ) :: heat equation
ComputeChange: NS (ITER=6) (NRM,RELC): (  225.01875     0.19851456E-08 ) :: heat equation
MAIN: 
MAIN: -------------------------------------
MAIN: Time: 155/600:   1.550E+01
MAIN: Estimated time left: 16.8 minutes
MAIN: -------------------------------------
MAIN: 
ComputeChange: NS (ITER=1) (NRM,RELC): (  225.27393     0.11334211E-02 ) :: heat equation
ComputeChange: NS (ITER=2) (NRM,RELC): (  225.27298     0.42397082E-05 ) :: heat equation
ComputeChange: NS (ITER=3) (NRM,RELC): (  225.27287     0.49174972E-06 ) :: heat equation
ComputeChange: NS (ITER=4) (NRM,RELC): (  225.27286     0.42451740E-07 ) :: heat equation
ComputeChange: NS (ITER=5) (NRM,RELC): (  225.27286     0.49026432E-08 ) :: heat equation
MAIN: 
MAIN: -------------------------------------
MAIN: Time: 156/600:   1.560E+01
MAIN: Estimated time left: 14.9 minutes
MAIN: -------------------------------------
MAIN: 
ComputeChange: NS (ITER=1) (NRM,RELC): (  225.53869     0.11793514E-02 ) :: heat equation
ComputeChange: NS (ITER=2) (NRM,RELC): (  225.53770     0.43874474E-05 ) :: heat equation
ComputeChange: NS (ITER=3) (NRM,RELC): (  225.53752     0.79208399E-06 ) :: heat equation
ComputeChange: NS (ITER=4) (NRM,RELC): (  225.53755     0.13640474E-06 ) :: heat equation
ComputeChange: NS (ITER=5) (NRM,RELC): (  225.53755     0.22847460E-07 ) :: heat equation
ComputeChange: NS (ITER=6) (NRM,RELC): (  225.53755     0.37948481E-08 ) :: heat equation
MAIN: 
MAIN: -------------------------------------
MAIN: Time: 157/600:   1.570E+01
MAIN: Estimated time left: 17.6 minutes
MAIN: -------------------------------------
MAIN: 
ComputeChange: NS (ITER=1) (NRM,RELC): (  225.80929     0.12041424E-02 ) :: heat equation
ComputeChange: NS (ITER=2) (NRM,RELC): (  225.80814     0.50769266E-05 ) :: heat equation
ComputeChange: NS (ITER=3) (NRM,RELC): (  225.80827     0.55420450E-06 ) :: heat equation
ComputeChange: NS (ITER=4) (NRM,RELC): (  225.80829     0.78753850E-07 ) :: heat equation
ComputeChange: NS (ITER=5) (NRM,RELC): (  225.80829     0.11386221E-07 ) :: heat equation
ComputeChange: NS (ITER=6) (NRM,RELC): (  225.80829     0.17553598E-08 ) :: heat equation
MAIN: 
MAIN: -------------------------------------
MAIN: Time: 158/600:   1.580E+01
MAIN: Estimated time left: 16.0 minutes
MAIN: -------------------------------------
MAIN: 
ComputeChange: NS (ITER=1) (NRM,RELC): (  226.08758     0.12360723E-02 ) :: heat equation
ComputeChange: NS (ITER=2) (NRM,RELC): (  226.08219     0.23826070E-04 ) :: heat equation
ComputeChange: NS (ITER=3) (NRM,RELC): (  226.08246     0.11748316E-05 ) :: heat equation
ComputeChange: NS (ITER=4) (NRM,RELC): (  226.08232     0.58457075E-06 ) :: heat equation
ComputeChange: NS (ITER=5) (NRM,RELC): (  226.08236     0.16728164E-06 ) :: heat equation
ComputeChange: NS (ITER=6) (NRM,RELC): (  226.08235     0.45168239E-07 ) :: heat equation
ComputeChange: NS (ITER=7) (NRM,RELC): (  226.08235     0.11774909E-07 ) :: heat equation
ComputeChange: NS (ITER=8) (NRM,RELC): (  226.08235     0.29414546E-08 ) :: heat equation
MAIN: 
MAIN: -------------------------------------
MAIN: Time: 159/600:   1.590E+01
MAIN: Estimated time left: 20.3 minutes
MAIN: -------------------------------------
MAIN: 
ComputeChange: NS (ITER=1) (NRM,RELC): (  226.34856     0.11767956E-02 ) :: heat equation
ComputeChange: NS (ITER=2) (NRM,RELC): (  226.33952     0.39951974E-04 ) :: heat equation
ComputeChange: NS (ITER=3) (NRM,RELC): (  226.33997     0.19884420E-05 ) :: heat equation
ComputeChange: NS (ITER=4) (NRM,RELC): (  226.33987     0.45634483E-06 ) :: heat equation
ComputeChange: NS (ITER=5) (NRM,RELC): (  226.33989     0.84465556E-07 ) :: heat equation
ComputeChange: NS (ITER=6) (NRM,RELC): (  226.33988     0.17065842E-07 ) :: heat equation
ComputeChange: NS (ITER=7) (NRM,RELC): (  226.33988     0.33936764E-08 ) :: heat equation
MAIN: 
MAIN: -------------------------------------
MAIN: Time: 160/600:   1.600E+01
MAIN: Estimated time left: 14.4 minutes
MAIN: -------------------------------------
MAIN: 
ComputeChange: NS (ITER=1) (NRM,RELC): (  226.60102     0.11530648E-02 ) :: heat equation
ComputeChange: NS (ITER=2) (NRM,RELC): (  226.59559     0.23954922E-04 ) :: heat equation
ComputeChange: NS (ITER=3) (NRM,RELC): (  226.59551     0.37303539E-06 ) :: heat equation
ComputeChange: NS (ITER=4) (NRM,RELC): (  226.59548     0.12070632E-06 ) :: heat equation
ComputeChange: NS (ITER=5) (NRM,RELC): (  226.59548     0.50335296E-08 ) :: heat equation
MAIN: 
MAIN: -------------------------------------
MAIN: Time: 161/600:   1.610E+01
MAIN: Estimated time left: 10.2 minutes
MAIN: -------------------------------------
MAIN: 
ComputeChange: NS (ITER=1) (NRM,RELC): (  226.85216     0.11321190E-02 ) :: heat equation
ComputeChange: NS (ITER=2) (NRM,RELC): (  226.84734     0.21247357E-04 ) :: heat equation
ComputeChange: NS (ITER=3) (NRM,RELC): (  226.84736     0.10828803E-06 ) :: heat equation
ComputeChange: NS (ITER=4) (NRM,RELC): (  226.84734     0.80799566E-07 ) :: heat equation
ComputeChange: NS (ITER=5) (NRM,RELC): (  226.84734     0.89832101E-08 ) :: heat equation
MAIN: 
MAIN: -------------------------------------
MAIN: Time: 162/600:   1.620E+01
MAIN: Estimated time left: 10.1 minutes
MAIN: -------------------------------------
MAIN: 
ComputeChange: NS (ITER=1) (NRM,RELC): (  227.09243     0.10798363E-02 ) :: heat equation
ComputeChange: NS (ITER=2) (NRM,RELC): (  227.09071     0.75681536E-05 ) :: heat equation
ComputeChange: NS (ITER=3) (NRM,RELC): (  227.09071     0.13612041E-07 ) :: heat equation
ComputeChange: NS (ITER=4) (NRM,RELC): (  227.09071     0.11263017E-10 ) :: heat equation
MAIN: 
MAIN: -------------------------------------
MAIN: Time: 163/600:   1.630E+01
MAIN: Estimated time left: 10.7 minutes
MAIN: -------------------------------------
MAIN: 
ComputeChange: NS (ITER=1) (NRM,RELC): (  227.33595     0.10793344E-02 ) :: heat equation
ComputeChange: NS (ITER=2) (NRM,RELC): (  227.33412     0.80487351E-05 ) :: heat equation
ComputeChange: NS (ITER=3) (NRM,RELC): (  227.33413     0.16781909E-07 ) :: heat equation
ComputeChange: NS (ITER=4) (NRM,RELC): (  227.33413     0.18122902E-10 ) :: heat equation
MAIN: 
MAIN: -------------------------------------
MAIN: Time: 164/600:   1.640E+01
MAIN: Estimated time left: 11.4 minutes
MAIN: -------------------------------------
MAIN: 
ComputeChange: NS (ITER=1) (NRM,RELC): (  227.58045     0.10829303E-02 ) :: heat equation
ComputeChange: NS (ITER=2) (NRM,RELC): (  227.57730     0.13816252E-04 ) :: heat equation
ComputeChange: NS (ITER=3) (NRM,RELC): (  227.57753     0.98876260E-06 ) :: heat equation
ComputeChange: NS (ITER=4) (NRM,RELC): (  227.57749     0.18050968E-06 ) :: heat equation
ComputeChange: NS (ITER=5) (NRM,RELC): (  227.57750     0.33364779E-07 ) :: heat equation
ComputeChange: NS (ITER=6) (NRM,RELC): (  227.57749     0.61209473E-08 ) :: heat equation
MAIN: 
MAIN: -------------------------------------
MAIN: Time: 165/600:   1.650E+01
MAIN: Estimated time left: 16.6 minutes
MAIN: -------------------------------------
MAIN: 
ComputeChange: NS (ITER=1) (NRM,RELC): (  227.82070     0.10680843E-02 ) :: heat equation
ComputeChange: NS (ITER=2) (NRM,RELC): (  227.81864     0.90389148E-05 ) :: heat equation
ComputeChange: NS (ITER=3) (NRM,RELC): (  227.81864     0.21060900E-07 ) :: heat equation
ComputeChange: NS (ITER=4) (NRM,RELC): (  227.81864     0.86185212E-10 ) :: heat equation
MAIN: 
MAIN: -------------------------------------
MAIN: Time: 166/600:   1.660E+01
MAIN: Estimated time left: 10.9 minutes
MAIN: -------------------------------------
MAIN: 
ComputeChange: NS (ITER=1) (NRM,RELC): (  228.06652     0.10874758E-02 ) :: heat equation
ComputeChange: NS (ITER=2) (NRM,RELC): (  228.05923     0.31970473E-04 ) :: heat equation
ComputeChange: NS (ITER=3) (NRM,RELC): (  228.05926     0.11563341E-06 ) :: heat equation
ComputeChange: NS (ITER=4) (NRM,RELC): (  228.05925     0.31839374E-07 ) :: heat equation
ComputeChange: NS (ITER=5) (NRM,RELC): (  228.05925     0.45519587E-08 ) :: heat equation
MAIN: 
MAIN: -------------------------------------
MAIN: Time: 167/600:   1.670E+01
MAIN: Estimated time left: 10.5 minutes
MAIN: -------------------------------------
MAIN: 
ComputeChange: NS (ITER=1) (NRM,RELC): (  228.30597     0.10812252E-02 ) :: heat equation
ComputeChange: NS (ITER=2) (NRM,RELC): (  228.29917     0.29788647E-04 ) :: heat equation
ComputeChange: NS (ITER=3) (NRM,RELC): (  228.29933     0.73008837E-06 ) :: heat equation
ComputeChange: NS (ITER=4) (NRM,RELC): (  228.29933     0.38401282E-08 ) :: heat equation
MAIN: 
MAIN: -------------------------------------
MAIN: Time: 168/600:   1.680E+01
MAIN: Estimated time left: 10.1 minutes
MAIN: -------------------------------------
MAIN: 
ComputeChange: NS (ITER=1) (NRM,RELC): (  228.54930     0.10943331E-02 ) :: heat equation
ComputeChange: NS (ITER=2) (NRM,RELC): (  228.54195     0.32193355E-04 ) :: heat equation
ComputeChange: NS (ITER=3) (NRM,RELC): (  228.54154     0.17749258E-05 ) :: heat equation
ComputeChange: NS (ITER=4) (NRM,RELC): (  228.54153     0.38175417E-07 ) :: heat equation
ComputeChange: NS (ITER=5) (NRM,RELC): (  228.54153     0.10595532E-07 ) :: heat equation
ComputeChange: NS (ITER=6) (NRM,RELC): (  228.54153     0.62410269E-09 ) :: heat equation
MAIN: 
MAIN: -------------------------------------
MAIN: Time: 169/600:   1.690E+01
MAIN: Estimated time left: 16.5 minutes
MAIN: -------------------------------------
MAIN: 
ComputeChange: NS (ITER=1) (NRM,RELC): (  228.79284     0.10990388E-02 ) :: heat equation
ComputeChange: NS (ITER=2) (NRM,RELC): (  228.79404     0.52129387E-05 ) :: heat equation
ComputeChange: NS (ITER=3) (NRM,RELC): (  228.79408     0.17990326E-06 ) :: heat equation
ComputeChange: NS (ITER=4) (NRM,RELC): (  228.79407     0.45823950E-07 ) :: heat equation
ComputeChange: NS (ITER=5) (NRM,RELC): (  228.79407     0.84646348E-08 ) :: heat equation
MAIN: 
MAIN: -------------------------------------
MAIN: Time: 170/600:   1.700E+01
MAIN: Estimated time left: 13.5 minutes
MAIN: -------------------------------------
MAIN: 
ComputeChange: NS (ITER=1) (NRM,RELC): (  229.05091     0.11219798E-02 ) :: heat equation
ComputeChange: NS (ITER=2) (NRM,RELC): (  229.05167     0.33150335E-05 ) :: heat equation
ComputeChange: NS (ITER=3) (NRM,RELC): (  229.05154     0.55371571E-06 ) :: heat equation
ComputeChange: NS (ITER=4) (NRM,RELC): (  229.05156     0.68431260E-07 ) :: heat equation
ComputeChange: NS (ITER=5) (NRM,RELC): (  229.05156     0.51360266E-09 ) :: heat equation
MAIN: 
MAIN: -------------------------------------
MAIN: Time: 171/600:   1.710E+01
MAIN: Estimated time left: 12.3 minutes
MAIN: -------------------------------------
MAIN: 
ComputeChange: NS (ITER=1) (NRM,RELC): (  229.31968     0.11699013E-02 ) :: heat equation
ComputeChange: NS (ITER=2) (NRM,RELC): (  229.31677     0.12688059E-04 ) :: heat equation
ComputeChange: NS (ITER=3) (NRM,RELC): (  229.31701     0.10458202E-05 ) :: heat equation
ComputeChange: NS (ITER=4) (NRM,RELC): (  229.31693     0.36628360E-06 ) :: heat equation
ComputeChange: NS (ITER=5) (NRM,RELC): (  229.31695     0.95748998E-07 ) :: heat equation
ComputeChange: NS (ITER=6) (NRM,RELC): (  229.31695     0.29731619E-07 ) :: heat equation
ComputeChange: NS (ITER=7) (NRM,RELC): (  229.31695     0.81587328E-08 ) :: heat equation
MAIN: 
MAIN: -------------------------------------
MAIN: Time: 172/600:   1.720E+01
MAIN: Estimated time left: 19.4 minutes
MAIN: -------------------------------------
MAIN: 
ComputeChange: NS (ITER=1) (NRM,RELC): (  229.57672     0.11321800E-02 ) :: heat equation
ComputeChange: NS (ITER=2) (NRM,RELC): (  229.56500     0.51083601E-04 ) :: heat equation
ComputeChange: NS (ITER=3) (NRM,RELC): (  229.56578     0.34247360E-05 ) :: heat equation
ComputeChange: NS (ITER=4) (NRM,RELC): (  229.56557     0.90936822E-06 ) :: heat equation
ComputeChange: NS (ITER=5) (NRM,RELC): (  229.56561     0.17548135E-06 ) :: heat equation
ComputeChange: NS (ITER=6) (NRM,RELC): (  229.56560     0.44893298E-07 ) :: heat equation
ComputeChange: NS (ITER=7) (NRM,RELC): (  229.56561     0.99293276E-08 ) :: heat equation
MAIN: 
MAIN: -------------------------------------
MAIN: Time: 173/600:   1.730E+01
MAIN: Estimated time left: 19.0 minutes
MAIN: -------------------------------------
MAIN: 
ComputeChange: NS (ITER=1) (NRM,RELC): (  229.81387     0.10808813E-02 ) :: heat equation
ComputeChange: NS (ITER=2) (NRM,RELC): (  229.81068     0.13873228E-04 ) :: heat equation
ComputeChange: NS (ITER=3) (NRM,RELC): (  229.81082     0.57657228E-06 ) :: heat equation
ComputeChange: NS (ITER=4) (NRM,RELC): (  229.81081     0.47292807E-07 ) :: heat equation
ComputeChange: NS (ITER=5) (NRM,RELC): (  229.81081     0.38664230E-08 ) :: heat equation
MAIN: 
MAIN: -------------------------------------
MAIN: Time: 174/600:   1.740E+01
MAIN: Estimated time left: 12.8 minutes
MAIN: -------------------------------------
MAIN: 
ComputeChange: NS (ITER=1) (NRM,RELC): (  230.06368     0.10997289E-02 ) :: heat equation
ComputeChange: NS (ITER=2) (NRM,RELC): (  230.05510     0.37271306E-04 ) :: heat equation
ComputeChange: NS (ITER=3) (NRM,RELC): (  230.05516     0.25052853E-06 ) :: heat equation
ComputeChange: NS (ITER=4) (NRM,RELC): (  230.05515     0.25276782E-07 ) :: heat equation
ComputeChange: NS (ITER=5) (NRM,RELC): (  230.05515     0.75003563E-09 ) :: heat equation
MAIN: 
MAIN: -------------------------------------
MAIN: Time: 175/600:   1.750E+01
MAIN: Estimated time left: 12.7 minutes
MAIN: -------------------------------------
MAIN: 
ComputeChange: NS (ITER=1) (NRM,RELC): (  230.29609     0.10467738E-02 ) :: heat equation
ComputeChange: NS (ITER=2) (NRM,RELC): (  230.29186     0.18406265E-04 ) :: heat equation
ComputeChange: NS (ITER=3) (NRM,RELC): (  230.29163     0.96535550E-06 ) :: heat equation
ComputeChange: NS (ITER=4) (NRM,RELC): (  230.29162     0.78301550E-07 ) :: heat equation
ComputeChange: NS (ITER=5) (NRM,RELC): (  230.29161     0.61895681E-08 ) :: heat equation
MAIN: 
MAIN: -------------------------------------
MAIN: Time: 176/600:   1.760E+01
MAIN: Estimated time left: 13.3 minutes
MAIN: -------------------------------------
MAIN: 
ComputeChange: NS (ITER=1) (NRM,RELC): (  230.52687     0.10210209E-02 ) :: heat equation
ComputeChange: NS (ITER=2) (NRM,RELC): (  230.52508     0.77512222E-05 ) :: heat equation
ComputeChange: NS (ITER=3) (NRM,RELC): (  230.52508     0.15462330E-07 ) :: heat equation
ComputeChange: NS (ITER=4) (NRM,RELC): (  230.52508     0.15713091E-10 ) :: heat equation
MAIN: 
MAIN: -------------------------------------
MAIN: Time: 177/600:   1.770E+01
MAIN: Estimated time left: 10.1 minutes
MAIN: -------------------------------------
MAIN: 
ComputeChange: NS (ITER=1) (NRM,RELC): (  230.76135     0.10243826E-02 ) :: heat equation
ComputeChange: NS (ITER=2) (NRM,RELC): (  230.75945     0.82407459E-05 ) :: heat equation
ComputeChange: NS (ITER=3) (NRM,RELC): (  230.75945     0.18934215E-07 ) :: heat equation
ComputeChange: NS (ITER=4) (NRM,RELC): (  230.75945     0.26013143E-10 ) :: heat equation
MAIN: 
MAIN: -------------------------------------
MAIN: Time: 178/600:   1.780E+01
MAIN: Estimated time left: 10.7 minutes
MAIN: -------------------------------------
MAIN: 
ComputeChange: NS (ITER=1) (NRM,RELC): (  230.99798     0.10331324E-02 ) :: heat equation
ComputeChange: NS (ITER=2) (NRM,RELC): (  230.99059     0.31984090E-04 ) :: heat equation
ComputeChange: NS (ITER=3) (NRM,RELC): (  230.99066     0.28198140E-06 ) :: heat equation
ComputeChange: NS (ITER=4) (NRM,RELC): (  230.99066     0.30853387E-08 ) :: heat equation
MAIN: 
MAIN: -------------------------------------
MAIN: Time: 179/600:   1.790E+01
MAIN: Estimated time left: 10.9 minutes
MAIN: -------------------------------------
MAIN: 
ComputeChange: NS (ITER=1) (NRM,RELC): (  231.22807     0.10272516E-02 ) :: heat equation
ComputeChange: NS (ITER=2) (NRM,RELC): (  231.22212     0.25694755E-04 ) :: heat equation
ComputeChange: NS (ITER=3) (NRM,RELC): (  231.22236     0.10233108E-05 ) :: heat equation
ComputeChange: NS (ITER=4) (NRM,RELC): (  231.22235     0.64915311E-07 ) :: heat equation
ComputeChange: NS (ITER=5) (NRM,RELC): (  231.22235     0.41101442E-08 ) :: heat equation
MAIN: 
MAIN: -------------------------------------
MAIN: Time: 180/600:   1.800E+01
MAIN: Estimated time left: 13.2 minutes
MAIN: -------------------------------------
MAIN: 
ComputeChange: NS (ITER=1) (NRM,RELC): (  231.45999     0.10272241E-02 ) :: heat equation
ComputeChange: NS (ITER=2) (NRM,RELC): (  231.45574     0.18346687E-04 ) :: heat equation
ComputeChange: NS (ITER=3) (NRM,RELC): (  231.45583     0.39349412E-06 ) :: heat equation
ComputeChange: NS (ITER=4) (NRM,RELC): (  231.45578     0.21170221E-06 ) :: heat equation
ComputeChange: NS (ITER=5) (NRM,RELC): (  231.45578     0.13215328E-07 ) :: heat equation
ComputeChange: NS (ITER=6) (NRM,RELC): (  231.45578     0.52512586E-08 ) :: heat equation
MAIN: 
MAIN: -------------------------------------
MAIN: Time: 181/600:   1.810E+01
MAIN: Estimated time left: 16.2 minutes
MAIN: -------------------------------------
MAIN: 
ComputeChange: NS (ITER=1) (NRM,RELC): (  231.69369     0.10273489E-02 ) :: heat equation
ComputeChange: NS (ITER=2) (NRM,RELC): (  231.69081     0.12443028E-04 ) :: heat equation
ComputeChange: NS (ITER=3) (NRM,RELC): (  231.69065     0.67916081E-06 ) :: heat equation
ComputeChange: NS (ITER=4) (NRM,RELC): (  231.69062     0.14914438E-06 ) :: heat equation
ComputeChange: NS (ITER=5) (NRM,RELC): (  231.69061     0.31668938E-07 ) :: heat equation
ComputeChange: NS (ITER=6) (NRM,RELC): (  231.69061     0.66454203E-08 ) :: heat equation
MAIN: 
MAIN: -------------------------------------
MAIN: Time: 182/600:   1.820E+01
MAIN: Estimated time left: 15.6 minutes
MAIN: -------------------------------------
MAIN: 
ComputeChange: NS (ITER=1) (NRM,RELC): (  231.92654     0.10177833E-02 ) :: heat equation
ComputeChange: NS (ITER=2) (NRM,RELC): (  231.92940     0.12345359E-04 ) :: heat equation
ComputeChange: NS (ITER=3) (NRM,RELC): (  231.92955     0.65853336E-06 ) :: heat equation
ComputeChange: NS (ITER=4) (NRM,RELC): (  231.92958     0.11657258E-06 ) :: heat equation
ComputeChange: NS (ITER=5) (NRM,RELC): (  231.92958     0.45539392E-08 ) :: heat equation
MAIN: 
MAIN: -------------------------------------
MAIN: Time: 183/600:   1.830E+01
MAIN: Estimated time left: 13.2 minutes
MAIN: -------------------------------------
MAIN: 
ComputeChange: NS (ITER=1) (NRM,RELC): (  232.17933     0.10762492E-02 ) :: heat equation
ComputeChange: NS (ITER=2) (NRM,RELC): (  232.17642     0.12541913E-04 ) :: heat equation
ComputeChange: NS (ITER=3) (NRM,RELC): (  232.17615     0.11568641E-05 ) :: heat equation
ComputeChange: NS (ITER=4) (NRM,RELC): (  232.17616     0.24441441E-07 ) :: heat equation
ComputeChange: NS (ITER=5) (NRM,RELC): (  232.17615     0.28045583E-07 ) :: heat equation
ComputeChange: NS (ITER=6) (NRM,RELC): (  232.17615     0.27061784E-08 ) :: heat equation
MAIN: 
MAIN: -------------------------------------
MAIN: Time: 184/600:   1.840E+01
MAIN: Estimated time left: 15.9 minutes
MAIN: -------------------------------------
MAIN: 
ComputeChange: NS (ITER=1) (NRM,RELC): (  232.42943     0.10903184E-02 ) :: heat equation
ComputeChange: NS (ITER=2) (NRM,RELC): (  232.43118     0.74970980E-05 ) :: heat equation
ComputeChange: NS (ITER=3) (NRM,RELC): (  232.43129     0.48143854E-06 ) :: heat equation
ComputeChange: NS (ITER=4) (NRM,RELC): (  232.43129     0.12575446E-07 ) :: heat equation
ComputeChange: NS (ITER=5) (NRM,RELC): (  232.43129     0.41690869E-09 ) :: heat equation
MAIN: 
MAIN: -------------------------------------
MAIN: Time: 185/600:   1.850E+01
MAIN: Estimated time left: 10.1 minutes
MAIN: -------------------------------------
MAIN: 
ComputeChange: NS (ITER=1) (NRM,RELC): (  232.69055     0.11147963E-02 ) :: heat equation
ComputeChange: NS (ITER=2) (NRM,RELC): (  232.67222     0.78764121E-04 ) :: heat equation
ComputeChange: NS (ITER=3) (NRM,RELC): (  232.67388     0.71072089E-05 ) :: heat equation
ComputeChange: NS (ITER=4) (NRM,RELC): (  232.67368     0.84430093E-06 ) :: heat equation
ComputeChange: NS (ITER=5) (NRM,RELC): (  232.67373     0.21518058E-06 ) :: heat equation
ComputeChange: NS (ITER=6) (NRM,RELC): (  232.67372     0.62198334E-07 ) :: heat equation
ComputeChange: NS (ITER=7) (NRM,RELC): (  232.67372     0.17334546E-07 ) :: heat equation
ComputeChange: NS (ITER=8) (NRM,RELC): (  232.67372     0.48329434E-08 ) :: heat equation
MAIN: 
MAIN: -------------------------------------
MAIN: Time: 186/600:   1.860E+01
MAIN: Estimated time left: 14.9 minutes
MAIN: -------------------------------------
MAIN: 
ComputeChange: NS (ITER=1) (NRM,RELC): (  232.91350     0.10300185E-02 ) :: heat equation
ComputeChange: NS (ITER=2) (NRM,RELC): (  232.90820     0.22772075E-04 ) :: heat equation
ComputeChange: NS (ITER=3) (NRM,RELC): (  232.90819     0.15644086E-07 ) :: heat equation
ComputeChange: NS (ITER=4) (NRM,RELC): (  232.90817     0.92376744E-07 ) :: heat equation
ComputeChange: NS (ITER=5) (NRM,RELC): (  232.90817     0.46851977E-08 ) :: heat equation
MAIN: 
MAIN: -------------------------------------
MAIN: Time: 187/600:   1.870E+01
MAIN: Estimated time left: 12.8 minutes
MAIN: -------------------------------------
MAIN: 
ComputeChange: NS (ITER=1) (NRM,RELC): (  233.15175     0.10452703E-02 ) :: heat equation
ComputeChange: NS (ITER=2) (NRM,RELC): (  233.14584     0.25338508E-04 ) :: heat equation
ComputeChange: NS (ITER=3) (NRM,RELC): (  233.14581     0.16371424E-06 ) :: heat equation
ComputeChange: NS (ITER=4) (NRM,RELC): (  233.14578     0.12819899E-06 ) :: heat equation
ComputeChange: NS (ITER=5) (NRM,RELC): (  233.14577     0.83248042E-08 ) :: heat equation
MAIN: 
MAIN: -------------------------------------
MAIN: Time: 188/600:   1.880E+01
MAIN: Estimated time left: 13.2 minutes
MAIN: -------------------------------------
MAIN: 
ComputeChange: NS (ITER=1) (NRM,RELC): (  233.37843     0.99741393E-03 ) :: heat equation
ComputeChange: NS (ITER=2) (NRM,RELC): (  233.37669     0.74494609E-05 ) :: heat equation
ComputeChange: NS (ITER=3) (NRM,RELC): (  233.37667     0.12251752E-06 ) :: heat equation
ComputeChange: NS (ITER=4) (NRM,RELC): (  233.37666     0.23580730E-07 ) :: heat equation
ComputeChange: NS (ITER=5) (NRM,RELC): (  233.37666     0.41024313E-08 ) :: heat equation
MAIN: 
MAIN: -------------------------------------
MAIN: Time: 189/600:   1.890E+01
MAIN: Estimated time left: 13.4 minutes
MAIN: -------------------------------------
MAIN: 
ComputeChange: NS (ITER=1) (NRM,RELC): (  233.60250     0.96724880E-03 ) :: heat equation
ComputeChange: NS (ITER=2) (NRM,RELC): (  233.60077     0.74267963E-05 ) :: heat equation
ComputeChange: NS (ITER=3) (NRM,RELC): (  233.60077     0.14110943E-07 ) :: heat equation
ComputeChange: NS (ITER=4) (NRM,RELC): (  233.60077     0.13765990E-10 ) :: heat equation
MAIN: 
MAIN: -------------------------------------
MAIN: Time: 190/600:   1.900E+01
MAIN: Estimated time left: 10.3 minutes
MAIN: -------------------------------------
MAIN: 
ComputeChange: NS (ITER=1) (NRM,RELC): (  233.82781     0.97142312E-03 ) :: heat equation
ComputeChange: NS (ITER=2) (NRM,RELC): (  233.82596     0.78909651E-05 ) :: heat equation
ComputeChange: NS (ITER=3) (NRM,RELC): (  233.82596     0.17751184E-07 ) :: heat equation
ComputeChange: NS (ITER=4) (NRM,RELC): (  233.82596     0.22381616E-10 ) :: heat equation
MAIN: 
MAIN: -------------------------------------
MAIN: Time: 191/600:   1.910E+01
MAIN: Estimated time left: 10.5 minutes
MAIN: -------------------------------------
MAIN: 
ComputeChange: NS (ITER=1) (NRM,RELC): (  234.05508     0.97935795E-03 ) :: heat equation
ComputeChange: NS (ITER=2) (NRM,RELC): (  234.04906     0.25708284E-04 ) :: heat equation
ComputeChange: NS (ITER=3) (NRM,RELC): (  234.04933     0.11420897E-05 ) :: heat equation
ComputeChange: NS (ITER=4) (NRM,RELC): (  234.04931     0.78065527E-07 ) :: heat equation
ComputeChange: NS (ITER=5) (NRM,RELC): (  234.04931     0.53015259E-08 ) :: heat equation
MAIN: 
MAIN: -------------------------------------
MAIN: Time: 192/600:   1.920E+01
MAIN: Estimated time left: 13.1 minutes
MAIN: -------------------------------------
MAIN: 
ComputeChange: NS (ITER=1) (NRM,RELC): (  234.27684     0.97168518E-03 ) :: heat equation
ComputeChange: NS (ITER=2) (NRM,RELC): (  234.27215     0.20040825E-04 ) :: heat equation
ComputeChange: NS (ITER=3) (NRM,RELC): (  234.27246     0.13206285E-05 ) :: heat equation
ComputeChange: NS (ITER=4) (NRM,RELC): (  234.27242     0.15537611E-06 ) :: heat equation
ComputeChange: NS (ITER=5) (NRM,RELC): (  234.27242     0.18369171E-07 ) :: heat equation
ComputeChange: NS (ITER=6) (NRM,RELC): (  234.27242     0.21571661E-08 ) :: heat equation
MAIN: 
MAIN: -------------------------------------
MAIN: Time: 193/600:   1.930E+01
MAIN: Estimated time left: 15.5 minutes
MAIN: -------------------------------------
MAIN: 
ComputeChange: NS (ITER=1) (NRM,RELC): (  234.49978     0.97001671E-03 ) :: heat equation
ComputeChange: NS (ITER=2) (NRM,RELC): (  234.49748     0.98061829E-05 ) :: heat equation
ComputeChange: NS (ITER=3) (NRM,RELC): (  234.49755     0.29033269E-06 ) :: heat equation
ComputeChange: NS (ITER=4) (NRM,RELC): (  234.49754     0.58389486E-07 ) :: heat equation
ComputeChange: NS (ITER=5) (NRM,RELC): (  234.49754     0.12491790E-07 ) :: heat equation
ComputeChange: NS (ITER=6) (NRM,RELC): (  234.49754     0.25996488E-08 ) :: heat equation
MAIN: 
MAIN: -------------------------------------
MAIN: Time: 194/600:   1.940E+01
MAIN: Estimated time left: 15.2 minutes
MAIN: -------------------------------------
MAIN: 
ComputeChange: NS (ITER=1) (NRM,RELC): (  234.72681     0.97721899E-03 ) :: heat equation
ComputeChange: NS (ITER=2) (NRM,RELC): (  234.72518     0.69193825E-05 ) :: heat equation
ComputeChange: NS (ITER=3) (NRM,RELC): (  234.72498     0.86590643E-06 ) :: heat equation
ComputeChange: NS (ITER=4) (NRM,RELC): (  234.72494     0.16011378E-06 ) :: heat equation
ComputeChange: NS (ITER=5) (NRM,RELC): (  234.72494     0.22617833E-07 ) :: heat equation
ComputeChange: NS (ITER=6) (NRM,RELC): (  234.72494     0.29923153E-08 ) :: heat equation
MAIN: 
MAIN: -------------------------------------
MAIN: Time: 195/600:   1.950E+01
MAIN: Estimated time left: 14.6 minutes
MAIN: -------------------------------------
MAIN: 
ComputeChange: NS (ITER=1) (NRM,RELC): (  234.95791     0.99205809E-03 ) :: heat equation
ComputeChange: NS (ITER=2) (NRM,RELC): (  234.95423     0.15660763E-04 ) :: heat equation
ComputeChange: NS (ITER=3) (NRM,RELC): (  234.95400     0.97452513E-06 ) :: heat equation
ComputeChange: NS (ITER=4) (NRM,RELC): (  234.95400     0.35191605E-07 ) :: heat equation
ComputeChange: NS (ITER=5) (NRM,RELC): (  234.95399     0.11168440E-07 ) :: heat equation
ComputeChange: NS (ITER=6) (NRM,RELC): (  234.95399     0.88091673E-09 ) :: heat equation
MAIN: 
MAIN: -------------------------------------
MAIN: Time: 196/600:   1.960E+01
MAIN: Estimated time left: 15.3 minutes
MAIN: -------------------------------------
MAIN: 
ComputeChange: NS (ITER=1) (NRM,RELC): (  235.19306     0.10169850E-02 ) :: heat equation
ComputeChange: NS (ITER=2) (NRM,RELC): (  235.19104     0.85956090E-05 ) :: heat equation
ComputeChange: NS (ITER=3) (NRM,RELC): (  235.19104     0.12895091E-07 ) :: heat equation
ComputeChange: NS (ITER=4) (NRM,RELC): (  235.19104     0.13256356E-10 ) :: heat equation
MAIN: 
MAIN: -------------------------------------
MAIN: Time: 197/600:   1.970E+01
MAIN: Estimated time left: 10.1 minutes
MAIN: -------------------------------------
MAIN: 
ComputeChange: NS (ITER=1) (NRM,RELC): (  235.43450     0.10346187E-02 ) :: heat equation
ComputeChange: NS (ITER=2) (NRM,RELC): (  235.43498     0.20428552E-05 ) :: heat equation
ComputeChange: NS (ITER=3) (NRM,RELC): (  235.43486     0.50043870E-06 ) :: heat equation
ComputeChange: NS (ITER=4) (NRM,RELC): (  235.43488     0.64320360E-07 ) :: heat equation
ComputeChange: NS (ITER=5) (NRM,RELC): (  235.43488     0.56894255E-08 ) :: heat equation
MAIN: 
MAIN: -------------------------------------
MAIN: Time: 198/600:   1.980E+01
MAIN: Estimated time left: 12.7 minutes
MAIN: -------------------------------------
MAIN: 
ComputeChange: NS (ITER=1) (NRM,RELC): (  235.68463     0.10602614E-02 ) :: heat equation
ComputeChange: NS (ITER=2) (NRM,RELC): (  235.66959     0.63818999E-04 ) :: heat equation
ComputeChange: NS (ITER=3) (NRM,RELC): (  235.67065     0.44811258E-05 ) :: heat equation
ComputeChange: NS (ITER=4) (NRM,RELC): (  235.67055     0.41977546E-06 ) :: heat equation
ComputeChange: NS (ITER=5) (NRM,RELC): (  235.67056     0.36284061E-07 ) :: heat equation
ComputeChange: NS (ITER=6) (NRM,RELC): (  235.67056     0.17941328E-08 ) :: heat equation
MAIN: 
MAIN: -------------------------------------
MAIN: Time: 199/600:   1.990E+01
MAIN: Estimated time left: 14.9 minutes
MAIN: -------------------------------------
MAIN: 
ComputeChange: NS (ITER=1) (NRM,RELC): (  235.91071     0.10184996E-02 ) :: heat equation
ComputeChange: NS (ITER=2) (NRM,RELC): (  235.89921     0.48723187E-04 ) :: heat equation
ComputeChange: NS (ITER=3) (NRM,RELC): (  235.89938     0.71996804E-06 ) :: heat equation
ComputeChange: NS (ITER=4) (NRM,RELC): (  235.89932     0.28781411E-06 ) :: heat equation
ComputeChange: NS (ITER=5) (NRM,RELC): (  235.89932     0.74780108E-09 ) :: heat equation
MAIN: 
MAIN: -------------------------------------
MAIN: Time: 200/600:   2.000E+01
MAIN: Estimated time left: 12.8 minutes
MAIN: -------------------------------------
MAIN: 
ComputeChange: NS (ITER=1) (NRM,RELC): (  236.13103     0.98175886E-03 ) :: heat equation
ComputeChange: NS (ITER=2) (NRM,RELC): (  236.12714     0.16458947E-04 ) :: heat equation
ComputeChange: NS (ITER=3) (NRM,RELC): (  236.12733     0.79149513E-06 ) :: heat equation
ComputeChange: NS (ITER=4) (NRM,RELC): (  236.12731     0.63069195E-07 ) :: heat equation
ComputeChange: NS (ITER=5) (NRM,RELC): (  236.12731     0.49702610E-08 ) :: heat equation
REF time=  20.000 max=  1586.716 energy residual= -2.1153E+00
MAIN: 
MAIN: -------------------------------------
MAIN: Time: 201/600:   2.010E+01
MAIN: Estimated time left: 12.9 minutes
MAIN: -------------------------------------
MAIN: 
ComputeChange: NS (ITER=1) (NRM,RELC): (  236.35732     0.97360205E-03 ) :: heat equation
ComputeChange: NS (ITER=2) (NRM,RELC): (  236.35197     0.22646995E-04 ) :: heat equation
ComputeChange: NS (ITER=3) (NRM,RELC): (  236.35187     0.38927110E-06 ) :: heat equation
ComputeChange: NS (ITER=4) (NRM,RELC): (  236.35187     0.85525065E-08 ) :: heat equation
MAIN: 
MAIN: -------------------------------------
MAIN: Time: 202/600:   2.020E+01
MAIN: Estimated time left:  9.8 minutes
MAIN: -------------------------------------
MAIN: 
ComputeChange: NS (ITER=1) (NRM,RELC): (  236.57480     0.94275988E-03 ) :: heat equation
ComputeChange: NS (ITER=2) (NRM,RELC): (  236.57066     0.17486209E-04 ) :: heat equation
ComputeChange: NS (ITER=3) (NRM,RELC): (  236.57044     0.93160914E-06 ) :: heat equation
ComputeChange: NS (ITER=4) (NRM,RELC): (  236.57042     0.79193496E-07 ) :: heat equation
ComputeChange: NS (ITER=5) (NRM,RELC): (  236.57042     0.65523801E-08 ) :: heat equation
MAIN: 
MAIN: -------------------------------------
MAIN: Time: 203/600:   2.030E+01
MAIN: Estimated time left: 12.5 minutes
MAIN: -------------------------------------
MAIN: 
ComputeChange: NS (ITER=1) (NRM,RELC): (  236.78856     0.92163813E-03 ) :: heat equation
ComputeChange: NS (ITER=2) (NRM,RELC): (  236.78677     0.75342257E-05 ) :: heat equation
ComputeChange: NS (ITER=3) (NRM,RELC): (  236.78678     0.16199426E-07 ) :: heat equation
ComputeChange: NS (ITER=4) (NRM,RELC): (  236.78678     0.18964869E-10 ) :: heat equation
MAIN: 
MAIN: -------------------------------------
MAIN: Time: 204/600:   2.040E+01
MAIN: Estimated time left: 10.0 minutes
MAIN: -------------------------------------
MAIN: 
ComputeChange: NS (ITER=1) (NRM,RELC): (  237.00691     0.92923647E-03 ) :: heat equation
ComputeChange: NS (ITER=2) (NRM,RELC): (  237.00239     0.19083747E-04 ) :: heat equation
ComputeChange: NS (ITER=3) (NRM,RELC): (  237.00272     0.13891453E-05 ) :: heat equation
ComputeChange: NS (ITER=4) (NRM,RELC): (  237.00267     0.17752518E-06 ) :: heat equation
ComputeChange: NS (ITER=5) (NRM,RELC): (  237.00268     0.22747133E-07 ) :: heat equation
ComputeChange: NS (ITER=6) (NRM,RELC): (  237.00268     0.28952971E-08 ) :: heat equation
MAIN: 
MAIN: -------------------------------------
MAIN: Time: 205/600:   2.050E+01
MAIN: Estimated time left: 15.1 minutes
MAIN: -------------------------------------
MAIN: 
ComputeChange: NS (ITER=1) (NRM,RELC): (  237.22089     0.92028054E-03 ) :: heat equation
ComputeChange: NS (ITER=2) (NRM,RELC): (  237.21759     0.13893243E-04 ) :: heat equation
ComputeChange: NS (ITER=3) (NRM,RELC): (  237.21783     0.10121130E-05 ) :: heat equation
ComputeChange: NS (ITER=4) (NRM,RELC): (  237.21779     0.17549405E-06 ) :: heat equation
ComputeChange: NS (ITER=5) (NRM,RELC): (  237.21780     0.30782884E-07 ) :: heat equation
ComputeChange: NS (ITER=6) (NRM,RELC): (  237.21780     0.53599874E-08 ) :: heat equation
MAIN: 
MAIN: -------------------------------------
MAIN: Time: 206/600:   2.060E+01
MAIN: Estimated time left: 14.7 minutes
MAIN: -------------------------------------
MAIN: 
ComputeChange: NS (ITER=1) (NRM,RELC): (  237.43561     0.91779158E-03 ) :: heat equation
ComputeChange: NS (ITER=2) (NRM,RELC): (  237.43362     0.83744057E-05 ) :: heat equation
ComputeChange: NS (ITER=3) (NRM,RELC): (  237.43363     0.20428978E-07 ) :: heat equation
ComputeChange: NS (ITER=4) (NRM,RELC): (  237.43363     0.82361367E-10 ) :: heat equation
MAIN: 
MAIN: -------------------------------------
MAIN: Time: 207/600:   2.070E+01
MAIN: Estimated time left: 10.1 minutes
MAIN: -------------------------------------
MAIN: 
ComputeChange: NS (ITER=1) (NRM,RELC): (  237.65734     0.94174636E-03 ) :: heat equation
ComputeChange: NS (ITER=2) (NRM,RELC): (  237.65418     0.13263243E-04 ) :: heat equation
ComputeChange: NS (ITER=3) (NRM,RELC): (  237.65446     0.11542610E-05 ) :: heat equation
ComputeChange: NS (ITER=4) (NRM,RELC): (  237.65446     0.76485983E-08 ) :: heat equation
MAIN: 
MAIN: -------------------------------------
MAIN: Time: 208/600:   2.080E+01
MAIN: Estimated time left:  9.9 minutes
MAIN: -------------------------------------
MAIN: 
ComputeChange: NS (ITER=1) (NRM,RELC): (  237.88258     0.95942851E-03 ) :: heat equation
ComputeChange: NS (ITER=2) (NRM,RELC): (  237.87663     0.25015849E-04 ) :: heat equation
ComputeChange: NS (ITER=3) (NRM,RELC): (  237.87655     0.33232515E-06 ) :: heat equation
ComputeChange: NS (ITER=4) (NRM,RELC): (  237.87656     0.50551379E-07 ) :: heat equation
ComputeChange: NS (ITER=5) (NRM,RELC): (  237.87657     0.12184780E-07 ) :: heat equation
ComputeChange: NS (ITER=6) (NRM,RELC): (  237.87657     0.22736255E-08 ) :: heat equation
MAIN: 
MAIN: -------------------------------------
MAIN: Time: 209/600:   2.090E+01
MAIN: Estimated time left: 14.7 minutes
MAIN: -------------------------------------
MAIN: 
ComputeChange: NS (ITER=1) (NRM,RELC): (  238.11061     0.98339322E-03 ) :: heat equation
ComputeChange: NS (ITER=2) (NRM,RELC): (  238.10246     0.34229561E-04 ) :: heat equation
ComputeChange: NS (ITER=3) (NRM,RELC): (  238.10227     0.78231279E-06 ) :: heat equation
ComputeChange: NS (ITER=4) (NRM,RELC): (  238.10228     0.22949730E-07 ) :: heat equation
ComputeChange: NS (ITER=5) (NRM,RELC): (  238.10228     0.19906451E-08 ) :: heat equation
MAIN: 
MAIN: -------------------------------------
MAIN: Time: 210/600:   2.100E+01
MAIN: Estimated time left:  9.0 minutes
MAIN: -------------------------------------
MAIN: 
ComputeChange: NS (ITER=1) (NRM,RELC): (  238.33603     0.98126149E-03 ) :: heat equation
ComputeChange: NS (ITER=2) (NRM,RELC): (  238.33596     0.29980057E-06 ) :: heat equation
ComputeChange: NS (ITER=3) (NRM,RELC): (  238.33599     0.10143746E-06 ) :: heat equation
ComputeChange: NS (ITER=4) (NRM,RELC): (  238.33602     0.16202285E-06 ) :: heat equation
ComputeChange: NS (ITER=5) (NRM,RELC): (  238.33602     0.12645592E-07 ) :: heat equation
ComputeChange: NS (ITER=6) (NRM,RELC): (  238.33602     0.45031919E-08 ) :: heat equation
MAIN: 
MAIN: -------------------------------------
MAIN: Time: 211/600:   2.110E+01
MAIN: Estimated time left: 13.9 minutes
MAIN: -------------------------------------
MAIN: 
ComputeChange: NS (ITER=1) (NRM,RELC): (  238.57953     0.10211801E-02 ) :: heat equation
ComputeChange: NS (ITER=2) (NRM,RELC): (  238.56617     0.56018447E-04 ) :: heat equation
ComputeChange: NS (ITER=3) (NRM,RELC): (  238.56747     0.54665954E-05 ) :: heat equation
ComputeChange: NS (ITER=4) (NRM,RELC): (  238.56722     0.10348004E-05 ) :: heat equation
ComputeChange: NS (ITER=5) (NRM,RELC): (  238.56727     0.18161199E-06 ) :: heat equation
ComputeChange: NS (ITER=6) (NRM,RELC): (  238.56726     0.34408910E-07 ) :: heat equation
ComputeChange: NS (ITER=7) (NRM,RELC): (  238.56726     0.67006058E-08 ) :: heat equation
MAIN: 
MAIN: -------------------------------------
MAIN: Time: 212/600:   2.120E+01
MAIN: Estimated time left: 13.4 minutes
MAIN: -------------------------------------
MAIN: 
ComputeChange: NS (ITER=1) (NRM,RELC): (  238.79373     0.94882180E-03 ) :: heat equation
ComputeChange: NS (ITER=2) (NRM,RELC): (  238.78868     0.21122575E-04 ) :: heat equation
ComputeChange: NS (ITER=3) (NRM,RELC): (  238.78908     0.16575335E-05 ) :: heat equation
ComputeChange: NS (ITER=4) (NRM,RELC): (  238.78902     0.23255852E-06 ) :: heat equation
ComputeChange: NS (ITER=5) (NRM,RELC): (  238.78903     0.34830314E-07 ) :: heat equation
ComputeChange: NS (ITER=6) (NRM,RELC): (  238.78903     0.54713948E-08 ) :: heat equation
MAIN: 
MAIN: -------------------------------------
MAIN: Time: 213/600:   2.130E+01
MAIN: Estimated time left: 15.1 minutes
MAIN: -------------------------------------
MAIN: 
ComputeChange: NS (ITER=1) (NRM,RELC): (  239.01722     0.95514521E-03 ) :: heat equation
ComputeChange: NS (ITER=2) (NRM,RELC): (  239.00822     0.37658698E-04 ) :: heat equation
ComputeChange: NS (ITER=3) (NRM,RELC): (  239.00815     0.28960983E-06 ) :: heat equation
ComputeChange: NS (ITER=4) (NRM,RELC): (  239.00812     0.12015858E-06 ) :: heat equation
ComputeChange: NS (ITER=5) (NRM,RELC): (  239.00812     0.61675130E-08 ) :: heat equation
MAIN: 
MAIN: -------------------------------------
MAIN: Time: 214/600:   2.140E+01
MAIN: Estimated time left: 12.8 minutes
MAIN: -------------------------------------
MAIN: 
ComputeChange: NS (ITER=1) (NRM,RELC): (  239.23197     0.93613700E-03 ) :: heat equation
ComputeChange: NS (ITER=2) (NRM,RELC): (  239.22895     0.12629159E-04 ) :: heat equation
ComputeChange: NS (ITER=3) (NRM,RELC): (  239.22876     0.78703200E-06 ) :: heat equation
ComputeChange: NS (ITER=4) (NRM,RELC): (  239.22874     0.88340671E-07 ) :: heat equation
ComputeChange: NS (ITER=5) (NRM,RELC): (  239.22874     0.96653334E-08 ) :: heat equation
MAIN: 
MAIN: -------------------------------------
MAIN: Time: 215/600:   2.150E+01
MAIN: Estimated time left: 12.8 minutes
MAIN: -------------------------------------
MAIN: 
ComputeChange: NS (ITER=1) (NRM,RELC): (  239.44407     0.89972688E-03 ) :: heat equation
ComputeChange: NS (ITER=2) (NRM,RELC): (  239.44217     0.79523287E-05 ) :: heat equation
ComputeChange: NS (ITER=3) (NRM,RELC): (  239.44212     0.21894259E-06 ) :: heat equation
ComputeChange: NS (ITER=4) (NRM,RELC): (  239.44211     0.39194813E-07 ) :: heat equation
ComputeChange: NS (ITER=5) (NRM,RELC): (  239.44211     0.65559591E-08 ) :: heat equation
MAIN: 
MAIN: -------------------------------------
MAIN: Time: 216/600:   2.160E+01
MAIN: Estimated time left: 13.2 minutes
MAIN: -------------------------------------
MAIN: 
ComputeChange: NS (ITER=1) (NRM,RELC): (  239.65164     0.87470199E-03 ) :: heat equation
ComputeChange: NS (ITER=2) (NRM,RELC): (  239.64991     0.71993994E-05 ) :: heat equation
ComputeChange: NS (ITER=3) (NRM,RELC): (  239.64992     0.14746948E-07 ) :: heat equation
ComputeChange: NS (ITER=4) (NRM,RELC): (  239.64992     0.16303144E-10 ) :: heat equation
MAIN: 
MAIN: -------------------------------------
MAIN: Time: 217/600:   2.170E+01
MAIN: Estimated time left: 10.3 minutes
MAIN: -------------------------------------
MAIN: 
ComputeChange: NS (ITER=1) (NRM,RELC): (  239.86175     0.88353397E-03 ) :: heat equation
ComputeChange: NS (ITER=2) (NRM,RELC): (  239.85887     0.12017270E-04 ) :: heat equation
ComputeChange: NS (ITER=3) (NRM,RELC): (  239.85907     0.83373596E-06 ) :: heat equation
ComputeChange: NS (ITER=4) (NRM,RELC): (  239.85903     0.15579837E-06 ) :: heat equation
ComputeChange: NS (ITER=5) (NRM,RELC): (  239.85904     0.29532351E-07 ) :: heat equation
ComputeChange: NS (ITER=6) (NRM,RELC): (  239.85903     0.55554728E-08 ) :: heat equation
MAIN: 
MAIN: -------------------------------------
MAIN: Time: 218/600:   2.180E+01
MAIN: Estimated time left: 16.0 minutes
MAIN: -------------------------------------
MAIN: 
ComputeChange: NS (ITER=1) (NRM,RELC): (  240.06827     0.87193769E-03 ) :: heat equation
ComputeChange: NS (ITER=2) (NRM,RELC): (  240.06636     0.79434432E-05 ) :: heat equation
ComputeChange: NS (ITER=3) (NRM,RELC): (  240.06636     0.19399842E-07 ) :: heat equation
ComputeChange: NS (ITER=4) (NRM,RELC): (  240.06636     0.77162789E-10 ) :: heat equation
MAIN: 
MAIN: -------------------------------------
MAIN: Time: 219/600:   2.190E+01
MAIN: Estimated time left:  9.7 minutes
MAIN: -------------------------------------
MAIN: 
ComputeChange: NS (ITER=1) (NRM,RELC): (  240.28022     0.89040492E-03 ) :: heat equation
ComputeChange: NS (ITER=2) (NRM,RELC): (  240.27332     0.28690660E-04 ) :: heat equation
ComputeChange: NS (ITER=3) (NRM,RELC): (  240.27336     0.14748236E-06 ) :: heat equation
ComputeChange: NS (ITER=4) (NRM,RELC): (  240.27336     0.83406657E-09 ) :: heat equation
MAIN: 
MAIN: -------------------------------------
MAIN: Time: 220/600:   2.200E+01
MAIN: Estimated time left: 10.3 minutes
MAIN: -------------------------------------
MAIN: 
ComputeChange: NS (ITER=1) (NRM,RELC): (  240.48787     0.89239615E-03 ) :: heat equation
ComputeChange: NS (ITER=2) (NRM,RELC): (  240.48488     0.12438272E-04 ) :: heat equation
ComputeChange: NS (ITER=3) (NRM,RELC): (  240.48525     0.15328283E-05 ) :: heat equation
ComputeChange: NS (ITER=4) (NRM,RELC): (  240.48525     0.13863191E-07 ) :: heat equation
ComputeChange: NS (ITER=5) (NRM,RELC): (  240.48525     0.20694205E-07 ) :: heat equation
ComputeChange: NS (ITER=6) (NRM,RELC): (  240.48525     0.30720020E-09 ) :: heat equation
MAIN: 
MAIN: -------------------------------------
MAIN: Time: 221/600:   2.210E+01
MAIN: Estimated time left: 15.2 minutes
MAIN: -------------------------------------
MAIN: 
ComputeChange: NS (ITER=1) (NRM,RELC): (  240.70651     0.91964136E-03 ) :: heat equation
ComputeChange: NS (ITER=2) (NRM,RELC): (  240.70170     0.20012373E-04 ) :: heat equation
ComputeChange: NS (ITER=3) (NRM,RELC): (  240.70136     0.13872620E-05 ) :: heat equation
ComputeChange: NS (ITER=4) (NRM,RELC): (  240.70132     0.18787370E-06 ) :: heat equation
ComputeChange: NS (ITER=5) (NRM,RELC): (  240.70131     0.27552753E-07 ) :: heat equation
ComputeChange: NS (ITER=6) (NRM,RELC): (  240.70131     0.41866970E-08 ) :: heat equation
MAIN: 
MAIN: -------------------------------------
MAIN: Time: 222/600:   2.220E+01
MAIN: Estimated time left: 14.4 minutes
MAIN: -------------------------------------
MAIN: 
ComputeChange: NS (ITER=1) (NRM,RELC): (  240.92017     0.90886391E-03 ) :: heat equation
ComputeChange: NS (ITER=2) (NRM,RELC): (  240.92007     0.42989218E-06 ) :: heat equation
ComputeChange: NS (ITER=3) (NRM,RELC): (  240.91965     0.17534135E-05 ) :: heat equation
ComputeChange: NS (ITER=4) (NRM,RELC): (  240.91959     0.22148937E-06 ) :: heat equation
ComputeChange: NS (ITER=5) (NRM,RELC): (  240.91958     0.45088615E-07 ) :: heat equation
ComputeChange: NS (ITER=6) (NRM,RELC): (  240.91958     0.34675372E-08 ) :: heat equation
MAIN: 
MAIN: -------------------------------------
MAIN: Time: 223/600:   2.230E+01
MAIN: Estimated time left: 14.1 minutes
MAIN: -------------------------------------
MAIN: 
ComputeChange: NS (ITER=1) (NRM,RELC): (  241.14347     0.92886597E-03 ) :: heat equation
ComputeChange: NS (ITER=2) (NRM,RELC): (  241.14218     0.53564507E-05 ) :: heat equation
ComputeChange: NS (ITER=3) (NRM,RELC): (  241.14228     0.42899720E-06 ) :: heat equation
ComputeChange: NS (ITER=4) (NRM,RELC): (  241.14230     0.63263080E-07 ) :: heat equation
ComputeChange: NS (ITER=5) (NRM,RELC): (  241.14230     0.95379686E-08 ) :: heat equation
MAIN: 
MAIN: -------------------------------------
MAIN: Time: 224/600:   2.240E+01
MAIN: Estimated time left: 11.9 minutes
MAIN: -------------------------------------
MAIN: 
ComputeChange: NS (ITER=1) (NRM,RELC): (  241.37528     0.96570665E-03 ) :: heat equation
ComputeChange: NS (ITER=2) (NRM,RELC): (  241.36914     0.25461339E-04 ) :: heat equation
ComputeChange: NS (ITER=3) (NRM,RELC): (  241.36999     0.35266139E-05 ) :: heat equation
ComputeChange: NS (ITER=4) (NRM,RELC): (  241.36973     0.10591655E-05 ) :: heat equation
ComputeChange: NS (ITER=5) (NRM,RELC): (  241.36978     0.20831766E-06 ) :: heat equation
ComputeChange: NS (ITER=6) (NRM,RELC): (  241.36977     0.48460936E-07 ) :: heat equation
ComputeChange: NS (ITER=7) (NRM,RELC): (  241.36977     0.97256712E-08 ) :: heat equation
MAIN: 
MAIN: -------------------------------------
MAIN: Time: 225/600:   2.250E+01
MAIN: Estimated time left: 16.8 minutes
MAIN: -------------------------------------
MAIN: 
ComputeChange: NS (ITER=1) (NRM,RELC): (  241.58966     0.91055720E-03 ) :: heat equation
ComputeChange: NS (ITER=2) (NRM,RELC): (  241.58191     0.32042576E-04 ) :: heat equation
ComputeChange: NS (ITER=3) (NRM,RELC): (  241.58243     0.21359639E-05 ) :: heat equation
ComputeChange: NS (ITER=4) (NRM,RELC): (  241.58236     0.27084995E-06 ) :: heat equation
ComputeChange: NS (ITER=5) (NRM,RELC): (  241.58237     0.34117010E-07 ) :: heat equation
ComputeChange: NS (ITER=6) (NRM,RELC): (  241.58237     0.36548308E-08 ) :: heat equation
MAIN: 
MAIN: -------------------------------------
MAIN: Time: 226/600:   2.260E+01
MAIN: Estimated time left: 14.9 minutes
MAIN: -------------------------------------
MAIN: 
ComputeChange: NS (ITER=1) (NRM,RELC): (  241.80387     0.91642601E-03 ) :: heat equation
ComputeChange: NS (ITER=2) (NRM,RELC): (  241.79682     0.29156317E-04 ) :: heat equation
ComputeChange: NS (ITER=3) (NRM,RELC): (  241.79687     0.23321157E-06 ) :: heat equation
ComputeChange: NS (ITER=4) (NRM,RELC): (  241.79679     0.33567481E-06 ) :: heat equation
ComputeChange: NS (ITER=5) (NRM,RELC): (  241.79679     0.19855129E-08 ) :: heat equation
MAIN: 
MAIN: -------------------------------------
MAIN: Time: 227/600:   2.270E+01
MAIN: Estimated time left: 12.2 minutes
MAIN: -------------------------------------
MAIN: 
ComputeChange: NS (ITER=1) (NRM,RELC): (  242.01258     0.89203015E-03 ) :: heat equation
ComputeChange: NS (ITER=2) (NRM,RELC): (  242.01120     0.57016631E-05 ) :: heat equation
ComputeChange: NS (ITER=3) (NRM,RELC): (  242.01120     0.76883923E-08 ) :: heat equation
MAIN: 
MAIN: -------------------------------------
MAIN: Time: 228/600:   2.280E+01
MAIN: Estimated time left:  7.8 minutes
MAIN: -------------------------------------
MAIN: 
ComputeChange: NS (ITER=1) (NRM,RELC): (  242.22434     0.88030456E-03 ) :: heat equation
ComputeChange: NS (ITER=2) (NRM,RELC): (  242.21862     0.23588187E-04 ) :: heat equation
ComputeChange: NS (ITER=3) (NRM,RELC): (  242.21858     0.17549457E-06 ) :: heat equation
ComputeChange: NS (ITER=4) (NRM,RELC): (  242.21858     0.17997351E-08 ) :: heat equation
MAIN: 
MAIN: -------------------------------------
MAIN: Time: 229/600:   2.290E+01
MAIN: Estimated time left:  9.3 minutes
MAIN: -------------------------------------
MAIN: 
ComputeChange: NS (ITER=1) (NRM,RELC): (  242.42585     0.85534728E-03 ) :: heat equation
ComputeChange: NS (ITER=2) (NRM,RELC): (  242.42136     0.18533599E-04 ) :: heat equation
ComputeChange: NS (ITER=3) (NRM,RELC): (  242.42115     0.86637973E-06 ) :: heat equation
ComputeChange: NS (ITER=4) (NRM,RELC): (  242.42113     0.60960150E-07 ) :: heat equation
ComputeChange: NS (ITER=5) (NRM,RELC): (  242.42113     0.41698840E-08 ) :: heat equation
MAIN: 
MAIN: -------------------------------------
MAIN: Time: 230/600:   2.300E+01
MAIN: Estimated time left: 12.2 minutes
MAIN: -------------------------------------
MAIN: 
ComputeChange: NS (ITER=1) (NRM,RELC): (  242.62484     0.83995850E-03 ) :: heat equation
ComputeChange: NS (ITER=2) (NRM,RELC): (  242.62303     0.74716366E-05 ) :: heat equation
ComputeChange: NS (ITER=3) (NRM,RELC): (  242.62303     0.16931103E-07 ) :: heat equation
ComputeChange: NS (ITER=4) (NRM,RELC): (  242.62303     0.22947122E-10 ) :: heat equation
MAIN: 
MAIN: -------------------------------------
MAIN: Time: 231/600:   2.310E+01
MAIN: Estimated time left:  9.5 minutes
MAIN: -------------------------------------
MAIN: 
ComputeChange: NS (ITER=1) (NRM,RELC): (  242.82955     0.85083928E-03 ) :: heat equation
ComputeChange: NS (ITER=2) (NRM,RELC): (  242.82278     0.27879528E-04 ) :: heat equation
ComputeChange: NS (ITER=3) (NRM,RELC): (  242.82291     0.53578763E-06 ) :: heat equation
ComputeChange: NS (ITER=4) (NRM,RELC): (  242.82291     0.14304386E-07 ) :: heat equation
ComputeChange: NS (ITER=5) (NRM,RELC): (  242.82291     0.21620361E-09 ) :: heat equation
MAIN: 
MAIN: -------------------------------------
MAIN: Time: 232/600:   2.320E+01
MAIN: Estimated time left: 11.5 minutes
MAIN: -------------------------------------
MAIN: 
ComputeChange: NS (ITER=1) (NRM,RELC): (  243.02837     0.84579137E-03 ) :: heat equation
ComputeChange: NS (ITER=2) (NRM,RELC): (  243.02283     0.22796617E-04 ) :: heat equation
ComputeChange: NS (ITER=3) (NRM,RELC): (  243.02308     0.10045989E-05 ) :: heat equation
ComputeChange: NS (ITER=4) (NRM,RELC): (  243.02306     0.70080533E-07 ) :: heat equation
ComputeChange: NS (ITER=5) (NRM,RELC): (  243.02306     0.48758670E-08 ) :: heat equation
MAIN: 
MAIN: -------------------------------------
MAIN: Time: 233/600:   2.330E+01
MAIN: Estimated time left: 12.0 minutes
MAIN: -------------------------------------
MAIN: 
ComputeChange: NS (ITER=1) (NRM,RELC): (  243.22875     0.84602971E-03 ) :: heat equation
ComputeChange: NS (ITER=2) (NRM,RELC): (  243.22563     0.12860037E-04 ) :: heat equation
ComputeChange: NS (ITER=3) (NRM,RELC): (  243.22580     0.73055916E-06 ) :: heat equation
ComputeChange: NS (ITER=4) (NRM,RELC): (  243.22577     0.13805893E-06 ) :: heat equation
ComputeChange: NS (ITER=5) (NRM,RELC): (  243.22578     0.19488717E-07 ) :: heat equation
ComputeChange: NS (ITER=6) (NRM,RELC): (  243.22577     0.37129995E-08 ) :: heat equation
MAIN: 
MAIN: -------------------------------------
MAIN: Time: 234/600:   2.340E+01
MAIN: Estimated time left: 13.6 minutes
MAIN: -------------------------------------
MAIN: 
ComputeChange: NS (ITER=1) (NRM,RELC): (  243.43859     0.87458084E-03 ) :: heat equation
ComputeChange: NS (ITER=2) (NRM,RELC): (  243.43626     0.95645292E-05 ) :: heat equation
ComputeChange: NS (ITER=3) (NRM,RELC): (  243.43621     0.19621950E-06 ) :: heat equation
ComputeChange: NS (ITER=4) (NRM,RELC): (  243.43620     0.34668763E-07 ) :: heat equation
ComputeChange: NS (ITER=5) (NRM,RELC): (  243.43620     0.54563908E-08 ) :: heat equation
MAIN: 
MAIN: -------------------------------------
MAIN: Time: 235/600:   2.350E+01
MAIN: Estimated time left: 11.7 minutes
MAIN: -------------------------------------
MAIN: 
ComputeChange: NS (ITER=1) (NRM,RELC): (  243.65125     0.88299265E-03 ) :: heat equation
ComputeChange: NS (ITER=2) (NRM,RELC): (  243.64804     0.13176732E-04 ) :: heat equation
ComputeChange: NS (ITER=3) (NRM,RELC): (  243.64806     0.86652065E-07 ) :: heat equation
ComputeChange: NS (ITER=4) (NRM,RELC): (  243.64807     0.33109540E-07 ) :: heat equation
ComputeChange: NS (ITER=5) (NRM,RELC): (  243.64807     0.37251535E-08 ) :: heat equation
MAIN: 
MAIN: -------------------------------------
MAIN: Time: 236/600:   2.360E+01
MAIN: Estimated time left: 11.5 minutes
MAIN: -------------------------------------
MAIN: 
ComputeChange: NS (ITER=1) (NRM,RELC): (  243.86813     0.90278465E-03 ) :: heat equation
ComputeChange: NS (ITER=2) (NRM,RELC): (  243.86031     0.32062070E-04 ) :: heat equation
ComputeChange: NS (ITER=3) (NRM,RELC): (  243.86012     0.80087714E-06 ) :: heat equation
ComputeChange: NS (ITER=4) (NRM,RELC): (  243.86012     0.14665197E-07 ) :: heat equation
ComputeChange: NS (ITER=5) (NRM,RELC): (  243.86012     0.11714708E-08 ) :: heat equation
MAIN: 
MAIN: -------------------------------------
MAIN: Time: 237/600:   2.370E+01
MAIN: Estimated time left: 11.7 minutes
MAIN: -------------------------------------
MAIN: 
ComputeChange: NS (ITER=1) (NRM,RELC): (  244.08052     0.90341164E-03 ) :: heat equation
ComputeChange: NS (ITER=2) (NRM,RELC): (  244.08224     0.70439170E-05 ) :: heat equation
ComputeChange: NS (ITER=3) (NRM,RELC): (  244.08222     0.99554553E-07 ) :: heat equation
ComputeChange: NS (ITER=4) (NRM,RELC): (  244.08221     0.53158032E-07 ) :: heat equation
ComputeChange: NS (ITER=5) (NRM,RELC): (  244.08221     0.28756633E-07 ) :: heat equation
ComputeChange: NS (ITER=6) (NRM,RELC): (  244.08221     0.11880488E-07 ) :: heat equation
ComputeChange: NS (ITER=7) (NRM,RELC): (  244.08221     0.36348904E-08 ) :: heat equation
MAIN: 
MAIN: -------------------------------------
MAIN: Time: 238/600:   2.380E+01
MAIN: Estimated time left: 16.5 minutes
MAIN: -------------------------------------
MAIN: 
ComputeChange: NS (ITER=1) (NRM,RELC): (  244.30152     0.89807720E-03 ) :: heat equation
ComputeChange: NS (ITER=2) (NRM,RELC): (  244.28890     0.51644624E-04 ) :: heat equation
ComputeChange: NS (ITER=3) (NRM,RELC): (  244.28966     0.31233796E-05 ) :: heat equation
ComputeChange: NS (ITER=4) (NRM,RELC): (  244.28947     0.76973210E-06 ) :: heat equation
ComputeChange: NS (ITER=5) (NRM,RELC): (  244.28951     0.16178805E-06 ) :: heat equation
ComputeChange: NS (ITER=6) (NRM,RELC): (  244.28950     0.38350133E-07 ) :: heat equation
ComputeChange: NS (ITER=7) (NRM,RELC): (  244.28951     0.88315535E-08 ) :: heat equation
MAIN: 
MAIN: -------------------------------------
MAIN: Time: 239/600:   2.390E+01
MAIN: Estimated time left: 16.2 minutes
MAIN: -------------------------------------
MAIN: 
ComputeChange: NS (ITER=1) (NRM,RELC): (  244.49810     0.85353073E-03 ) :: heat equation
ComputeChange: NS (ITER=2) (NRM,RELC): (  244.49662     0.60543299E-05 ) :: heat equation
ComputeChange: NS (ITER=3) (NRM,RELC): (  244.49672     0.40362373E-06 ) :: heat equation
ComputeChange: NS (ITER=4) (NRM,RELC): (  244.49669     0.11833986E-06 ) :: heat equation
ComputeChange: NS (ITER=5) (NRM,RELC): (  244.49670     0.26788496E-07 ) :: heat equation
ComputeChange: NS (ITER=6) (NRM,RELC): (  244.49670     0.54936843E-08 ) :: heat equation
MAIN: 
MAIN: -------------------------------------
MAIN: Time: 240/600:   2.400E+01
MAIN: Estimated time left: 13.4 minutes
MAIN: -------------------------------------
MAIN: 
ComputeChange: NS (ITER=1) (NRM,RELC): (  244.71022     0.87293826E-03 ) :: heat equation
ComputeChange: NS (ITER=2) (NRM,RELC): (  244.70345     0.27657709E-04 ) :: heat equation
ComputeChange: NS (ITER=3) (NRM,RELC): (  244.70318     0.11382207E-05 ) :: heat equation
ComputeChange: NS (ITER=4) (NRM,RELC): (  244.70316     0.51980721E-07 ) :: heat equation
ComputeChange: NS (ITER=5) (NRM,RELC): (  244.70316     0.23454074E-08 ) :: heat equation
MAIN: 
MAIN: -------------------------------------
MAIN: Time: 241/600:   2.410E+01
MAIN: Estimated time left: 11.5 minutes
MAIN: -------------------------------------
MAIN: 
ComputeChange: NS (ITER=1) (NRM,RELC): (  244.91118     0.84970839E-03 ) :: heat equation
ComputeChange: NS (ITER=2) (NRM,RELC): (  244.90771     0.14168797E-04 ) :: heat equation
ComputeChange: NS (ITER=3) (NRM,RELC): (  244.90751     0.81310137E-06 ) :: heat equation
ComputeChange: NS (ITER=4) (NRM,RELC): (  244.90749     0.76103018E-07 ) :: heat equation
ComputeChange: NS (ITER=5) (NRM,RELC): (  244.90749     0.69405040E-08 ) :: heat equation
MAIN: 
MAIN: -------------------------------------
MAIN: Time: 242/600:   2.420E+01
MAIN: Estimated time left: 11.7 minutes
MAIN: -------------------------------------
MAIN: 
ComputeChange: NS (ITER=1) (NRM,RELC): (  245.10826     0.81945324E-03 ) :: heat equation
ComputeChange: NS (ITER=2) (NRM,RELC): (  245.10584     0.98534376E-05 ) :: heat equation
ComputeChange: NS (ITER=3) (NRM,RELC): (  245.10573     0.48658549E-06 ) :: heat equation
ComputeChange: NS (ITER=4) (NRM,RELC): (  245.10571     0.74299894E-07 ) :: heat equation
ComputeChange: NS (ITER=5) (NRM,RELC): (  245.10570     0.10929571E-07 ) :: heat equation
ComputeChange: NS (ITER=6) (NRM,RELC): (  245.10570     0.17347939E-08 ) :: heat equation
MAIN: 
MAIN: -------------------------------------
MAIN: Time: 243/600:   2.430E+01
MAIN: Estimated time left: 13.3 minutes
MAIN: -------------------------------------
MAIN: 
ComputeChange: NS (ITER=1) (NRM,RELC): (  245.30176     0.79955301E-03 ) :: heat equation
ComputeChange: NS (ITER=2) (NRM,RELC): (  245.30002     0.71024265E-05 ) :: heat equation
ComputeChange: NS (ITER=3) (NRM,RELC): (  245.30002     0.15685152E-07 ) :: heat equation
ComputeChange: NS (ITER=4) (NRM,RELC): (  245.30002     0.19580158E-10 ) :: heat equation
MAIN: 
MAIN: -------------------------------------
MAIN: Time: 244/600:   2.440E+01
MAIN: Estimated time left:  8.8 minutes
MAIN: -------------------------------------
MAIN: 
ComputeChange: NS (ITER=1) (NRM,RELC): (  245.49917     0.81154669E-03 ) :: heat equation
ComputeChange: NS (ITER=2) (NRM,RELC): (  245.49394     0.21309927E-04 ) :: heat equation
ComputeChange: NS (ITER=3) (NRM,RELC): (  245.49425     0.12396029E-05 ) :: heat equation
ComputeChange: NS (ITER=4) (NRM,RELC): (  245.49422     0.11570004E-06 ) :: heat equation
ComputeChange: NS (ITER=5) (NRM,RELC): (  245.49422     0.10709645E-07 ) :: heat equation
ComputeChange: NS (ITER=6) (NRM,RELC): (  245.49422     0.80142228E-09 ) :: heat equation
MAIN: 
MAIN: -------------------------------------
MAIN: Time: 245/600:   2.450E+01
MAIN: Estimated time left: 13.3 minutes
MAIN: -------------------------------------
MAIN: 
ComputeChange: NS (ITER=1) (NRM,RELC): (  245.69159     0.80365101E-03 ) :: heat equation
ComputeChange: NS (ITER=2) (NRM,RELC): (  245.68748     0.16712020E-04 ) :: heat equation
ComputeChange: NS (ITER=3) (NRM,RELC): (  245.68778     0.12086153E-05 ) :: heat equation
ComputeChange: NS (ITER=4) (NRM,RELC): (  245.68774     0.16268698E-06 ) :: heat equation
ComputeChange: NS (ITER=5) (NRM,RELC): (  245.68775     0.22018495E-07 ) :: heat equation
ComputeChange: NS (ITER=6) (NRM,RELC): (  245.68775     0.29594050E-08 ) :: heat equation
MAIN: 
MAIN: -------------------------------------
MAIN: Time: 246/600:   2.460E+01
MAIN: Estimated time left: 13.5 minutes
MAIN: -------------------------------------
MAIN: 
ComputeChange: NS (ITER=1) (NRM,RELC): (  245.88503     0.80265958E-03 ) :: heat equation
ComputeChange: NS (ITER=2) (NRM,RELC): (  245.88313     0.77360229E-05 ) :: heat equation
ComputeChange: NS (ITER=3) (NRM,RELC): (  245.88313     0.19498268E-07 ) :: heat equation
ComputeChange: NS (ITER=4) (NRM,RELC): (  245.88313     0.77177228E-10 ) :: heat equation
MAIN: 
MAIN: -------------------------------------
MAIN: Time: 247/600:   2.470E+01
MAIN: Estimated time left:  8.8 minutes
MAIN: -------------------------------------
MAIN: 
ComputeChange: NS (ITER=1) (NRM,RELC): (  246.08635     0.82613463E-03 ) :: heat equation
ComputeChange: NS (ITER=2) (NRM,RELC): (  246.08397     0.96782821E-05 ) :: heat equation
ComputeChange: NS (ITER=3) (NRM,RELC): (  246.08415     0.75770402E-06 ) :: heat equation
ComputeChange: NS (ITER=4) (NRM,RELC): (  246.08416     0.34554187E-07 ) :: heat equation
ComputeChange: NS (ITER=5) (NRM,RELC): (  246.08416     0.17915333E-08 ) :: heat equation
MAIN: 
MAIN: -------------------------------------
MAIN: Time: 248/600:   2.480E+01
MAIN: Estimated time left: 11.4 minutes
MAIN: -------------------------------------
MAIN: 
ComputeChange: NS (ITER=1) (NRM,RELC): (  246.29348     0.85025221E-03 ) :: heat equation
ComputeChange: NS (ITER=2) (NRM,RELC): (  246.29011     0.13703224E-04 ) :: heat equation
ComputeChange: NS (ITER=3) (NRM,RELC): (  246.28998     0.52414641E-06 ) :: heat equation
ComputeChange: NS (ITER=4) (NRM,RELC): (  246.28996     0.69620711E-07 ) :: heat equation
ComputeChange: NS (ITER=5) (NRM,RELC): (  246.28996     0.11335666E-07 ) :: heat equation
ComputeChange: NS (ITER=6) (NRM,RELC): (  246.28996     0.19487721E-08 ) :: heat equation
MAIN: 
MAIN: -------------------------------------
MAIN: Time: 249/600:   2.490E+01
MAIN: Estimated time left: 13.2 minutes
MAIN: -------------------------------------
MAIN: 
ComputeChange: NS (ITER=1) (NRM,RELC): (  246.50158     0.85886940E-03 ) :: heat equation
ComputeChange: NS (ITER=2) (NRM,RELC): (  246.49685     0.19200518E-04 ) :: heat equation
ComputeChange: NS (ITER=3) (NRM,RELC): (  246.49631     0.21974918E-05 ) :: heat equation
ComputeChange: NS (ITER=4) (NRM,RELC): (  246.49626     0.17393271E-06 ) :: heat equation
ComputeChange: NS (ITER=5) (NRM,RELC): (  246.49625     0.36653820E-07 ) :: heat equation
ComputeChange: NS (ITER=6) (NRM,RELC): (  246.49625     0.20142977E-08 ) :: heat equation
MAIN: 
MAIN: -------------------------------------
MAIN: Time: 250/600:   2.500E+01
MAIN: Estimated time left: 13.4 minutes
MAIN: -------------------------------------
MAIN: 
ComputeChange: NS (ITER=1) (NRM,RELC): (  246.70768     0.85735838E-03 ) :: heat equation
ComputeChange: NS (ITER=2) (NRM,RELC): (  246.70838     0.28505131E-05 ) :: heat equation
ComputeChange: NS (ITER=3) (NRM,RELC): (  246.70857     0.74979611E-06 ) :: heat equation
ComputeChange: NS (ITER=4) (NRM,RELC): (  246.70858     0.47842737E-07 ) :: heat equation
ComputeChange: NS (ITER=5) (NRM,RELC): (  246.70858     0.30880205E-08 ) :: heat equation
REF time=  25.000 max=  1542.929 energy residual= -1.0962E+00
MAIN: 
MAIN: -------------------------------------
MAIN: Time: 251/600:   2.510E+01
MAIN: Estimated time left: 11.4 minutes
MAIN: -------------------------------------
MAIN: 
ComputeChange: NS (ITER=1) (NRM,RELC): (  246.92857     0.89130258E-03 ) :: heat equation
ComputeChange: NS (ITER=2) (NRM,RELC): (  246.91358     0.60695500E-04 ) :: heat equation
ComputeChange: NS (ITER=3) (NRM,RELC): (  246.91480     0.49104261E-05 ) :: heat equation
ComputeChange: NS (ITER=4) (NRM,RELC): (  246.91469     0.44286271E-06 ) :: heat equation
ComputeChange: NS (ITER=5) (NRM,RELC): (  246.91470     0.45870795E-07 ) :: heat equation
ComputeChange: NS (ITER=6) (NRM,RELC): (  246.91470     0.59587013E-08 ) :: heat equation
MAIN: 
MAIN: -------------------------------------
MAIN: Time: 252/600:   2.520E+01
MAIN: Estimated time left: 13.0 minutes
MAIN: -------------------------------------
MAIN: 
ComputeChange: NS (ITER=1) (NRM,RELC): (  247.12419     0.84806883E-03 ) :: heat equation
ComputeChange: NS (ITER=2) (NRM,RELC): (  247.11272     0.46420674E-04 ) :: heat equation
ComputeChange: NS (ITER=3) (NRM,RELC): (  247.11279     0.28213764E-06 ) :: heat equation
ComputeChange: NS (ITER=4) (NRM,RELC): (  247.11280     0.58894903E-07 ) :: heat equation
ComputeChange: NS (ITER=5) (NRM,RELC): (  247.11280     0.17961823E-07 ) :: heat equation
ComputeChange: NS (ITER=6) (NRM,RELC): (  247.11280     0.37374091E-08 ) :: heat equation
MAIN: 
MAIN: -------------------------------------
MAIN: Time: 253/600:   2.530E+01
MAIN: Estimated time left: 13.9 minutes
MAIN: -------------------------------------
MAIN: 
ComputeChange: NS (ITER=1) (NRM,RELC): (  247.32165     0.84482936E-03 ) :: heat equation
ComputeChange: NS (ITER=2) (NRM,RELC): (  247.31507     0.26598955E-04 ) :: heat equation
ComputeChange: NS (ITER=3) (NRM,RELC): (  247.31493     0.58358288E-06 ) :: heat equation
ComputeChange: NS (ITER=4) (NRM,RELC): (  247.31489     0.17551925E-06 ) :: heat equation
ComputeChange: NS (ITER=5) (NRM,RELC): (  247.31488     0.21537369E-07 ) :: heat equation
ComputeChange: NS (ITER=6) (NRM,RELC): (  247.31488     0.33609110E-08 ) :: heat equation
MAIN: 
MAIN: -------------------------------------
MAIN: Time: 254/600:   2.540E+01
MAIN: Estimated time left: 13.0 minutes
MAIN: -------------------------------------
MAIN: 
ComputeChange: NS (ITER=1) (NRM,RELC): (  247.51786     0.82039051E-03 ) :: heat equation
ComputeChange: NS (ITER=2) (NRM,RELC): (  247.51617     0.68402441E-05 ) :: heat equation
ComputeChange: NS (ITER=3) (NRM,RELC): (  247.51611     0.21380782E-06 ) :: heat equation
ComputeChange: NS (ITER=4) (NRM,RELC): (  247.51610     0.38067980E-07 ) :: heat equation
ComputeChange: NS (ITER=5) (NRM,RELC): (  247.51610     0.64372078E-08 ) :: heat equation
MAIN: 
MAIN: -------------------------------------
MAIN: Time: 255/600:   2.550E+01
MAIN: Estimated time left: 11.0 minutes
MAIN: -------------------------------------
MAIN: 
ComputeChange: NS (ITER=1) (NRM,RELC): (  247.71071     0.78593042E-03 ) :: heat equation
ComputeChange: NS (ITER=2) (NRM,RELC): (  247.70916     0.62613236E-05 ) :: heat equation
ComputeChange: NS (ITER=3) (NRM,RELC): (  247.70916     0.10934707E-07 ) :: heat equation
ComputeChange: NS (ITER=4) (NRM,RELC): (  247.70916     0.11306190E-10 ) :: heat equation
MAIN: 
MAIN: -------------------------------------
MAIN: Time: 256/600:   2.560E+01
MAIN: Estimated time left:  8.7 minutes
MAIN: -------------------------------------
MAIN: 
ComputeChange: NS (ITER=1) (NRM,RELC): (  247.90315     0.78281023E-03 ) :: heat equation
ComputeChange: NS (ITER=2) (NRM,RELC): (  247.89794     0.21013768E-04 ) :: heat equation
ComputeChange: NS (ITER=3) (NRM,RELC): (  247.89777     0.65282332E-06 ) :: heat equation
ComputeChange: NS (ITER=4) (NRM,RELC): (  247.89777     0.28197104E-07 ) :: heat equation
ComputeChange: NS (ITER=5) (NRM,RELC): (  247.89777     0.10558040E-08 ) :: heat equation
MAIN: 
MAIN: -------------------------------------
MAIN: Time: 257/600:   2.570E+01
MAIN: Estimated time left: 10.8 minutes
MAIN: -------------------------------------
MAIN: 
ComputeChange: NS (ITER=1) (NRM,RELC): (  248.08940     0.77273115E-03 ) :: heat equation
ComputeChange: NS (ITER=2) (NRM,RELC): (  248.08585     0.14301281E-04 ) :: heat equation
ComputeChange: NS (ITER=3) (NRM,RELC): (  248.08613     0.11276856E-05 ) :: heat equation
ComputeChange: NS (ITER=4) (NRM,RELC): (  248.08609     0.17998625E-06 ) :: heat equation
ComputeChange: NS (ITER=5) (NRM,RELC): (  248.08609     0.28892282E-07 ) :: heat equation
ComputeChange: NS (ITER=6) (NRM,RELC): (  248.08609     0.46046358E-08 ) :: heat equation
MAIN: 
MAIN: -------------------------------------
MAIN: Time: 258/600:   2.580E+01
MAIN: Estimated time left: 12.5 minutes
MAIN: -------------------------------------
MAIN: 
ComputeChange: NS (ITER=1) (NRM,RELC): (  248.27579     0.76436413E-03 ) :: heat equation
ComputeChange: NS (ITER=2) (NRM,RELC): (  248.27325     0.10239233E-04 ) :: heat equation
ComputeChange: NS (ITER=3) (NRM,RELC): (  248.27340     0.58844212E-06 ) :: heat equation
ComputeChange: NS (ITER=4) (NRM,RELC): (  248.27337     0.11563624E-06 ) :: heat equation
ComputeChange: NS (ITER=5) (NRM,RELC): (  248.27337     0.23300446E-07 ) :: heat equation
ComputeChange: NS (ITER=6) (NRM,RELC): (  248.27337     0.46590547E-08 ) :: heat equation
MAIN: 
MAIN: -------------------------------------
MAIN: Time: 259/600:   2.590E+01
MAIN: Estimated time left: 12.3 minutes
MAIN: -------------------------------------
MAIN: 
ComputeChange: NS (ITER=1) (NRM,RELC): (  248.46257     0.76177477E-03 ) :: heat equation
ComputeChange: NS (ITER=2) (NRM,RELC): (  248.46072     0.74769386E-05 ) :: heat equation
ComputeChange: NS (ITER=3) (NRM,RELC): (  248.46072     0.18972334E-07 ) :: heat equation
ComputeChange: NS (ITER=4) (NRM,RELC): (  248.46072     0.74829777E-10 ) :: heat equation
MAIN: 
MAIN: -------------------------------------
MAIN: Time: 260/600:   2.600E+01
MAIN: Estimated time left:  8.6 minutes
MAIN: -------------------------------------
MAIN: 
ComputeChange: NS (ITER=1) (NRM,RELC): (  248.65605     0.78583596E-03 ) :: heat equation
ComputeChange: NS (ITER=2) (NRM,RELC): (  248.65329     0.11079716E-04 ) :: heat equation
ComputeChange: NS (ITER=3) (NRM,RELC): (  248.65366     0.14744671E-05 ) :: heat equation
ComputeChange: NS (ITER=4) (NRM,RELC): (  248.65367     0.29438207E-07 ) :: heat equation
ComputeChange: NS (ITER=5) (NRM,RELC): (  248.65367     0.11629365E-07 ) :: heat equation
ComputeChange: NS (ITER=6) (NRM,RELC): (  248.65367     0.64204260E-09 ) :: heat equation
MAIN: 
MAIN: -------------------------------------
MAIN: Time: 261/600:   2.610E+01
MAIN: Estimated time left: 12.8 minutes
MAIN: -------------------------------------
MAIN: 
ComputeChange: NS (ITER=1) (NRM,RELC): (  248.85524     0.81030487E-03 ) :: heat equation
ComputeChange: NS (ITER=2) (NRM,RELC): (  248.85299     0.90198135E-05 ) :: heat equation
ComputeChange: NS (ITER=3) (NRM,RELC): (  248.85296     0.10834355E-06 ) :: heat equation
ComputeChange: NS (ITER=4) (NRM,RELC): (  248.85296     0.11762597E-07 ) :: heat equation
ComputeChange: NS (ITER=5) (NRM,RELC): (  248.85296     0.44825671E-09 ) :: heat equation
MAIN: 
MAIN: -------------------------------------
MAIN: Time: 262/600:   2.620E+01
MAIN: Estimated time left: 10.6 minutes
MAIN: -------------------------------------
MAIN: 
ComputeChange: NS (ITER=1) (NRM,RELC): (  249.06221     0.84051898E-03 ) :: heat equation
ComputeChange: NS (ITER=2) (NRM,RELC): (  249.05561     0.26505135E-04 ) :: heat equation
ComputeChange: NS (ITER=3) (NRM,RELC): (  249.05521     0.16067003E-05 ) :: heat equation
ComputeChange: NS (ITER=4) (NRM,RELC): (  249.05514     0.30417879E-06 ) :: heat equation
ComputeChange: NS (ITER=5) (NRM,RELC): (  249.05512     0.69724304E-07 ) :: heat equation
ComputeChange: NS (ITER=6) (NRM,RELC): (  249.05512     0.16215253E-07 ) :: heat equation
ComputeChange: NS (ITER=7) (NRM,RELC): (  249.05511     0.39667297E-08 ) :: heat equation
MAIN: 
MAIN: -------------------------------------
MAIN: Time: 263/600:   2.630E+01
MAIN: Estimated time left: 14.2 minutes
MAIN: -------------------------------------
MAIN: 
ComputeChange: NS (ITER=1) (NRM,RELC): (  249.25488     0.80178735E-03 ) :: heat equation
ComputeChange: NS (ITER=2) (NRM,RELC): (  249.25687     0.79522974E-05 ) :: heat equation
ComputeChange: NS (ITER=3) (NRM,RELC): (  249.25688     0.37377530E-07 ) :: heat equation
ComputeChange: NS (ITER=4) (NRM,RELC): (  249.25689     0.48009941E-07 ) :: heat equation
ComputeChange: NS (ITER=5) (NRM,RELC): (  249.25689     0.41984774E-08 ) :: heat equation
MAIN: 
MAIN: -------------------------------------
MAIN: Time: 264/600:   2.640E+01
MAIN: Estimated time left: 10.9 minutes
MAIN: -------------------------------------
MAIN: 
ComputeChange: NS (ITER=1) (NRM,RELC): (  249.46940     0.85221084E-03 ) :: heat equation
ComputeChange: NS (ITER=2) (NRM,RELC): (  249.45900     0.41667726E-04 ) :: heat equation
ComputeChange: NS (ITER=3) (NRM,RELC): (  249.46023     0.49328299E-05 ) :: heat equation
ComputeChange: NS (ITER=4) (NRM,RELC): (  249.46002     0.86595653E-06 ) :: heat equation
ComputeChange: NS (ITER=5) (NRM,RELC): (  249.46006     0.15467757E-06 ) :: heat equation
ComputeChange: NS (ITER=6) (NRM,RELC): (  249.46005     0.29837404E-07 ) :: heat equation
ComputeChange: NS (ITER=7) (NRM,RELC): (  249.46005     0.58021081E-08 ) :: heat equation
MAIN: 
MAIN: -------------------------------------
MAIN: Time: 265/600:   2.650E+01
MAIN: Estimated time left: 14.7 minutes
MAIN: -------------------------------------
MAIN: 
ComputeChange: NS (ITER=1) (NRM,RELC): (  249.66101     0.80526374E-03 ) :: heat equation
ComputeChange: NS (ITER=2) (NRM,RELC): (  249.65273     0.33163074E-04 ) :: heat equation
ComputeChange: NS (ITER=3) (NRM,RELC): (  249.65322     0.19481131E-05 ) :: heat equation
ComputeChange: NS (ITER=4) (NRM,RELC): (  249.65313     0.34275709E-06 ) :: heat equation
ComputeChange: NS (ITER=5) (NRM,RELC): (  249.65314     0.34393107E-07 ) :: heat equation
ComputeChange: NS (ITER=6) (NRM,RELC): (  249.65314     0.57535229E-08 ) :: heat equation
MAIN: 
MAIN: -------------------------------------
MAIN: Time: 266/600:   2.660E+01
MAIN: Estimated time left: 12.6 minutes
MAIN: -------------------------------------
MAIN: 
ComputeChange: NS (ITER=1) (NRM,RELC): (  249.84998     0.78813367E-03 ) :: heat equation
ComputeChange: NS (ITER=2) (NRM,RELC): (  249.84901     0.38692860E-05 ) :: heat equation
ComputeChange: NS (ITER=3) (NRM,RELC): (  249.84910     0.34013038E-06 ) :: heat equation
ComputeChange: NS (ITER=4) (NRM,RELC): (  249.84908     0.49176255E-07 ) :: heat equation
ComputeChange: NS (ITER=5) (NRM,RELC): (  249.84909     0.51396708E-08 ) :: heat equation
MAIN: 
MAIN: -------------------------------------
MAIN: Time: 267/600:   2.670E+01
MAIN: Estimated time left: 10.6 minutes
MAIN: -------------------------------------
MAIN: 
ComputeChange: NS (ITER=1) (NRM,RELC): (  250.05275     0.81479885E-03 ) :: heat equation
ComputeChange: NS (ITER=2) (NRM,RELC): (  250.04552     0.28880403E-04 ) :: heat equation
ComputeChange: NS (ITER=3) (NRM,RELC): (  250.04532     0.80316492E-06 ) :: heat equation
ComputeChange: NS (ITER=4) (NRM,RELC): (  250.04532     0.33223293E-07 ) :: heat equation
ComputeChange: NS (ITER=5) (NRM,RELC): (  250.04531     0.13314350E-08 ) :: heat equation
MAIN: 
MAIN: -------------------------------------
MAIN: Time: 268/600:   2.680E+01
MAIN: Estimated time left: 10.5 minutes
MAIN: -------------------------------------
MAIN: 
ComputeChange: NS (ITER=1) (NRM,RELC): (  250.23921     0.77515361E-03 ) :: heat equation
ComputeChange: NS (ITER=2) (NRM,RELC): (  250.23498     0.16933652E-04 ) :: heat equation
ComputeChange: NS (ITER=3) (NRM,RELC): (  250.23479     0.72893087E-06 ) :: heat equation
ComputeChange: NS (ITER=4) (NRM,RELC): (  250.23478     0.44974796E-07 ) :: heat equation
ComputeChange: NS (ITER=5) (NRM,RELC): (  250.23478     0.27008067E-08 ) :: heat equation
MAIN: 
MAIN: -------------------------------------
MAIN: Time: 269/600:   2.690E+01
MAIN: Estimated time left: 10.3 minutes
MAIN: -------------------------------------
MAIN: 
ComputeChange: NS (ITER=1) (NRM,RELC): (  250.42273     0.75079432E-03 ) :: heat equation
ComputeChange: NS (ITER=2) (NRM,RELC): (  250.41954     0.12710788E-04 ) :: heat equation
ComputeChange: NS (ITER=3) (NRM,RELC): (  250.41936     0.75049221E-06 ) :: heat equation
ComputeChange: NS (ITER=4) (NRM,RELC): (  250.41933     0.89137018E-07 ) :: heat equation
ComputeChange: NS (ITER=5) (NRM,RELC): (  250.41933     0.10265787E-07 ) :: heat equation
ComputeChange: NS (ITER=6) (NRM,RELC): (  250.41933     0.11639579E-08 ) :: heat equation
MAIN: 
MAIN: -------------------------------------
MAIN: Time: 270/600:   2.700E+01
MAIN: Estimated time left: 13.1 minutes
MAIN: -------------------------------------
MAIN: 
ComputeChange: NS (ITER=1) (NRM,RELC): (  250.60375     0.73615339E-03 ) :: heat equation
ComputeChange: NS (ITER=2) (NRM,RELC): (  250.60198     0.70296685E-05 ) :: heat equation
ComputeChange: NS (ITER=3) (NRM,RELC): (  250.60199     0.16116665E-07 ) :: heat equation
ComputeChange: NS (ITER=4) (NRM,RELC): (  250.60199     0.23440919E-10 ) :: heat equation
MAIN: 
MAIN: -------------------------------------
MAIN: Time: 271/600:   2.710E+01
MAIN: Estimated time left:  8.1 minutes
MAIN: -------------------------------------
MAIN: 
ComputeChange: NS (ITER=1) (NRM,RELC): (  250.78976     0.74899327E-03 ) :: heat equation
ComputeChange: NS (ITER=2) (NRM,RELC): (  250.78264     0.28374397E-04 ) :: heat equation
ComputeChange: NS (ITER=3) (NRM,RELC): (  250.78266     0.78163983E-07 ) :: heat equation
ComputeChange: NS (ITER=4) (NRM,RELC): (  250.78266     0.24024215E-09 ) :: heat equation
MAIN: 
MAIN: -------------------------------------
MAIN: Time: 272/600:   2.720E+01
MAIN: Estimated time left:  8.5 minutes
MAIN: -------------------------------------
MAIN: 
ComputeChange: NS (ITER=1) (NRM,RELC): (  250.96943     0.74445609E-03 ) :: heat equation
ComputeChange: NS (ITER=2) (NRM,RELC): (  250.96345     0.23824777E-04 ) :: heat equation
ComputeChange: NS (ITER=3) (NRM,RELC): (  250.96361     0.64677356E-06 ) :: heat equation
ComputeChange: NS (ITER=4) (NRM,RELC): (  250.96360     0.26281926E-07 ) :: heat equation
ComputeChange: NS (ITER=5) (NRM,RELC): (  250.96360     0.96073534E-09 ) :: heat equation
MAIN: 
MAIN: -------------------------------------
MAIN: Time: 273/600:   2.730E+01
MAIN: Estimated time left: 10.3 minutes
MAIN: -------------------------------------
MAIN: 
ComputeChange: NS (ITER=1) (NRM,RELC): (  251.15108     0.74674527E-03 ) :: heat equation
ComputeChange: NS (ITER=2) (NRM,RELC): (  251.14812     0.11783564E-04 ) :: heat equation
ComputeChange: NS (ITER=3) (NRM,RELC): (  251.14841     0.11415390E-05 ) :: heat equation
ComputeChange: NS (ITER=4) (NRM,RELC): (  251.14839     0.71420922E-07 ) :: heat equation
ComputeChange: NS (ITER=5) (NRM,RELC): (  251.14840     0.23102357E-07 ) :: heat equation
ComputeChange: NS (ITER=6) (NRM,RELC): (  251.14840     0.97618349E-09 ) :: heat equation
MAIN: 
MAIN: -------------------------------------
MAIN: Time: 274/600:   2.740E+01
MAIN: Estimated time left: 12.4 minutes
MAIN: -------------------------------------
MAIN: 
ComputeChange: NS (ITER=1) (NRM,RELC): (  251.34268     0.77327028E-03 ) :: heat equation
ComputeChange: NS (ITER=2) (NRM,RELC): (  251.34071     0.78138054E-05 ) :: heat equation
ComputeChange: NS (ITER=3) (NRM,RELC): (  251.34072     0.18666661E-07 ) :: heat equation
ComputeChange: NS (ITER=4) (NRM,RELC): (  251.34072     0.74005696E-10 ) :: heat equation
MAIN: 
MAIN: -------------------------------------
MAIN: Time: 275/600:   2.750E+01
MAIN: Estimated time left:  8.4 minutes
MAIN: -------------------------------------
MAIN: 
ComputeChange: NS (ITER=1) (NRM,RELC): (  251.53939     0.79016169E-03 ) :: heat equation
ComputeChange: NS (ITER=2) (NRM,RELC): (  251.53741     0.79102289E-05 ) :: heat equation
ComputeChange: NS (ITER=3) (NRM,RELC): (  251.53723     0.71304064E-06 ) :: heat equation
ComputeChange: NS (ITER=4) (NRM,RELC): (  251.53719     0.13171884E-06 ) :: heat equation
ComputeChange: NS (ITER=5) (NRM,RELC): (  251.53719     0.18722248E-07 ) :: heat equation
ComputeChange: NS (ITER=6) (NRM,RELC): (  251.53719     0.26185860E-08 ) :: heat equation
MAIN: 
MAIN: -------------------------------------
MAIN: Time: 276/600:   2.760E+01
MAIN: Estimated time left: 12.4 minutes
MAIN: -------------------------------------
MAIN: 
ComputeChange: NS (ITER=1) (NRM,RELC): (  251.73762     0.79652542E-03 ) :: heat equation
ComputeChange: NS (ITER=2) (NRM,RELC): (  251.73276     0.19320532E-04 ) :: heat equation
ComputeChange: NS (ITER=3) (NRM,RELC): (  251.73219     0.22469482E-05 ) :: heat equation
ComputeChange: NS (ITER=4) (NRM,RELC): (  251.73217     0.10079600E-06 ) :: heat equation
ComputeChange: NS (ITER=5) (NRM,RELC): (  251.73216     0.20637213E-07 ) :: heat equation
ComputeChange: NS (ITER=6) (NRM,RELC): (  251.73216     0.39536660E-09 ) :: heat equation
MAIN: 
MAIN: -------------------------------------
MAIN: Time: 277/600:   2.770E+01
MAIN: Estimated time left: 12.2 minutes
MAIN: -------------------------------------
MAIN: 
ComputeChange: NS (ITER=1) (NRM,RELC): (  251.93700     0.81339688E-03 ) :: heat equation
ComputeChange: NS (ITER=2) (NRM,RELC): (  251.93042     0.26140466E-04 ) :: heat equation
ComputeChange: NS (ITER=3) (NRM,RELC): (  251.93144     0.40365042E-05 ) :: heat equation
ComputeChange: NS (ITER=4) (NRM,RELC): (  251.93120     0.92825241E-06 ) :: heat equation
ComputeChange: NS (ITER=5) (NRM,RELC): (  251.93125     0.20886631E-06 ) :: heat equation
ComputeChange: NS (ITER=6) (NRM,RELC): (  251.93124     0.47282225E-07 ) :: heat equation
ComputeChange: NS (ITER=7) (NRM,RELC): (  251.93125     0.10642441E-07 ) :: heat equation
ComputeChange: NS (ITER=8) (NRM,RELC): (  251.93124     0.23205052E-08 ) :: heat equation
MAIN: 
MAIN: -------------------------------------
MAIN: Time: 278/600:   2.780E+01
MAIN: Estimated time left: 16.3 minutes
MAIN: -------------------------------------
MAIN: 
ComputeChange: NS (ITER=1) (NRM,RELC): (  252.12550     0.77076214E-03 ) :: heat equation
ComputeChange: NS (ITER=2) (NRM,RELC): (  252.12022     0.20943876E-04 ) :: heat equation
ComputeChange: NS (ITER=3) (NRM,RELC): (  252.12078     0.22213867E-05 ) :: heat equation
ComputeChange: NS (ITER=4) (NRM,RELC): (  252.12067     0.42420546E-06 ) :: heat equation
ComputeChange: NS (ITER=5) (NRM,RELC): (  252.12069     0.70054220E-07 ) :: heat equation
ComputeChange: NS (ITER=6) (NRM,RELC): (  252.12069     0.12578360E-07 ) :: heat equation
ComputeChange: NS (ITER=7) (NRM,RELC): (  252.12069     0.21327008E-08 ) :: heat equation
MAIN: 
MAIN: -------------------------------------
MAIN: Time: 279/600:   2.790E+01
MAIN: Estimated time left: 13.8 minutes
MAIN: -------------------------------------
MAIN: 
ComputeChange: NS (ITER=1) (NRM,RELC): (  252.31454     0.76859801E-03 ) :: heat equation
ComputeChange: NS (ITER=2) (NRM,RELC): (  252.30818     0.25196681E-04 ) :: heat equation
ComputeChange: NS (ITER=3) (NRM,RELC): (  252.30815     0.11226351E-06 ) :: heat equation
ComputeChange: NS (ITER=4) (NRM,RELC): (  252.30815     0.59159140E-08 ) :: heat equation
MAIN: 
MAIN: -------------------------------------
MAIN: Time: 280/600:   2.800E+01
MAIN: Estimated time left:  8.5 minutes
MAIN: -------------------------------------
MAIN: 
ComputeChange: NS (ITER=1) (NRM,RELC): (  252.50408     0.77625296E-03 ) :: heat equation
ComputeChange: NS (ITER=2) (NRM,RELC): (  252.50011     0.15734056E-04 ) :: heat equation
ComputeChange: NS (ITER=3) (NRM,RELC): (  252.49979     0.12766829E-05 ) :: heat equation
ComputeChange: NS (ITER=4) (NRM,RELC): (  252.49975     0.15593368E-06 ) :: heat equation
ComputeChange: NS (ITER=5) (NRM,RELC): (  252.49974     0.19344114E-07 ) :: heat equation
ComputeChange: NS (ITER=6) (NRM,RELC): (  252.49974     0.25815091E-08 ) :: heat equation
MAIN: 
MAIN: -------------------------------------
MAIN: Time: 281/600:   2.810E+01
MAIN: Estimated time left: 12.5 minutes
MAIN: -------------------------------------
MAIN: 
ComputeChange: NS (ITER=1) (NRM,RELC): (  252.68927     0.75032244E-03 ) :: heat equation
ComputeChange: NS (ITER=2) (NRM,RELC): (  252.68683     0.96421523E-05 ) :: heat equation
ComputeChange: NS (ITER=3) (NRM,RELC): (  252.68669     0.56231113E-06 ) :: heat equation
ComputeChange: NS (ITER=4) (NRM,RELC): (  252.68667     0.77923039E-07 ) :: heat equation
ComputeChange: NS (ITER=5) (NRM,RELC): (  252.68667     0.10489277E-07 ) :: heat equation
ComputeChange: NS (ITER=6) (NRM,RELC): (  252.68667     0.15292473E-08 ) :: heat equation
MAIN: 
MAIN: -------------------------------------
MAIN: Time: 282/600:   2.820E+01
MAIN: Estimated time left: 12.5 minutes
MAIN: -------------------------------------
MAIN: 
ComputeChange: NS (ITER=1) (NRM,RELC): (  252.86906     0.72153929E-03 ) :: heat equation
ComputeChange: NS (ITER=2) (NRM,RELC): (  252.86749     0.62114146E-05 ) :: heat equation
ComputeChange: NS (ITER=3) (NRM,RELC): (  252.86749     0.11563706E-07 ) :: heat equation
ComputeChange: NS (ITER=4) (NRM,RELC): (  252.86749     0.12614500E-10 ) :: heat equation
MAIN: 
MAIN: -------------------------------------
MAIN: Time: 283/600:   2.830E+01
MAIN: Estimated time left:  8.2 minutes
MAIN: -------------------------------------
MAIN: 
ComputeChange: NS (ITER=1) (NRM,RELC): (  253.05010     0.72189965E-03 ) :: heat equation
ComputeChange: NS (ITER=2) (NRM,RELC): (  253.04391     0.24469675E-04 ) :: heat equation
ComputeChange: NS (ITER=3) (NRM,RELC): (  253.04388     0.11822056E-06 ) :: heat equation
ComputeChange: NS (ITER=4) (NRM,RELC): (  253.04388     0.85802605E-09 ) :: heat equation
MAIN: 
MAIN: -------------------------------------
MAIN: Time: 284/600:   2.840E+01
MAIN: Estimated time left:  8.3 minutes
MAIN: -------------------------------------
MAIN: 
ComputeChange: NS (ITER=1) (NRM,RELC): (  253.22506     0.71576443E-03 ) :: heat equation
ComputeChange: NS (ITER=2) (NRM,RELC): (  253.21951     0.21927649E-04 ) :: heat equation
ComputeChange: NS (ITER=3) (NRM,RELC): (  253.21977     0.10302171E-05 ) :: heat equation
ComputeChange: NS (ITER=4) (NRM,RELC): (  253.21975     0.74334553E-07 ) :: heat equation
ComputeChange: NS (ITER=5) (NRM,RELC): (  253.21976     0.53261410E-08 ) :: heat equation
MAIN: 
MAIN: -------------------------------------
MAIN: Time: 285/600:   2.850E+01
MAIN: Estimated time left: 10.0 minutes
MAIN: -------------------------------------
MAIN: 
ComputeChange: NS (ITER=1) (NRM,RELC): (  253.39965     0.71016901E-03 ) :: heat equation
ComputeChange: NS (ITER=2) (NRM,RELC): (  253.39513     0.17835816E-04 ) :: heat equation
ComputeChange: NS (ITER=3) (NRM,RELC): (  253.39542     0.11456482E-05 ) :: heat equation
ComputeChange: NS (ITER=4) (NRM,RELC): (  253.39539     0.12659385E-06 ) :: heat equation
ComputeChange: NS (ITER=5) (NRM,RELC): (  253.39539     0.13914199E-07 ) :: heat equation
ComputeChange: NS (ITER=6) (NRM,RELC): (  253.39539     0.14085202E-08 ) :: heat equation
MAIN: 
MAIN: -------------------------------------
MAIN: Time: 286/600:   2.860E+01
MAIN: Estimated time left: 11.9 minutes
MAIN: -------------------------------------
MAIN: 
ComputeChange: NS (ITER=1) (NRM,RELC): (  253.57526     0.70957195E-03 ) :: heat equation
ComputeChange: NS (ITER=2) (NRM,RELC): (  253.57299     0.89186791E-05 ) :: heat equation
ComputeChange: NS (ITER=3) (NRM,RELC): (  253.57309     0.38438315E-06 ) :: heat equation
ComputeChange: NS (ITER=4) (NRM,RELC): (  253.57307     0.76135807E-07 ) :: heat equation
ComputeChange: NS (ITER=5) (NRM,RELC): (  253.57308     0.15582074E-07 ) :: heat equation
ComputeChange: NS (ITER=6) (NRM,RELC): (  253.57308     0.31027862E-08 ) :: heat equation
MAIN: 
MAIN: -------------------------------------
MAIN: Time: 287/600:   2.870E+01
MAIN: Estimated time left: 12.0 minutes
MAIN: -------------------------------------
MAIN: 
ComputeChange: NS (ITER=1) (NRM,RELC): (  253.75505     0.71738387E-03 ) :: heat equation
ComputeChange: NS (ITER=2) (NRM,RELC): (  253.75714     0.82309739E-05 ) :: heat equation
ComputeChange: NS (ITER=3) (NRM,RELC): (  253.75728     0.55627114E-06 ) :: heat equation
ComputeChange: NS (ITER=4) (NRM,RELC): (  253.75728     0.17042691E-07 ) :: heat equation
ComputeChange: NS (ITER=5) (NRM,RELC): (  253.75728     0.48857370E-09 ) :: heat equation
MAIN: 
MAIN: -------------------------------------
MAIN: Time: 288/600:   2.880E+01
MAIN: Estimated time left:  9.5 minutes
MAIN: -------------------------------------
MAIN: 
ComputeChange: NS (ITER=1) (NRM,RELC): (  253.94888     0.75474657E-03 ) :: heat equation
ComputeChange: NS (ITER=2) (NRM,RELC): (  253.94833     0.21606216E-05 ) :: heat equation
ComputeChange: NS (ITER=3) (NRM,RELC): (  253.94847     0.55970041E-06 ) :: heat equation
ComputeChange: NS (ITER=4) (NRM,RELC): (  253.94848     0.45732286E-07 ) :: heat equation
ComputeChange: NS (ITER=5) (NRM,RELC): (  253.94849     0.28785257E-08 ) :: heat equation
MAIN: 
MAIN: -------------------------------------
MAIN: Time: 289/600:   2.890E+01
MAIN: Estimated time left:  9.9 minutes
MAIN: -------------------------------------
MAIN: 
ComputeChange: NS (ITER=1) (NRM,RELC): (  254.14147     0.75965127E-03 ) :: heat equation
ComputeChange: NS (ITER=2) (NRM,RELC): (  254.13842     0.12023554E-04 ) :: heat equation
ComputeChange: NS (ITER=3) (NRM,RELC): (  254.13814     0.11008080E-05 ) :: heat equation
ComputeChange: NS (ITER=4) (NRM,RELC): (  254.13809     0.18400780E-06 ) :: heat equation
ComputeChange: NS (ITER=5) (NRM,RELC): (  254.13808     0.41055917E-07 ) :: heat equation
ComputeChange: NS (ITER=6) (NRM,RELC): (  254.13808     0.64960374E-08 ) :: heat equation
MAIN: 
MAIN: -------------------------------------
MAIN: Time: 290/600:   2.900E+01
MAIN: Estimated time left: 11.3 minutes
MAIN: -------------------------------------
MAIN: 
ComputeChange: NS (ITER=1) (NRM,RELC): (  254.33095     0.75864305E-03 ) :: heat equation
ComputeChange: NS (ITER=2) (NRM,RELC): (  254.33230     0.52953932E-05 ) :: heat equation
ComputeChange: NS (ITER=3) (NRM,RELC): (  254.33243     0.53649011E-06 ) :: heat equation
ComputeChange: NS (ITER=4) (NRM,RELC): (  254.33244     0.20189293E-07 ) :: heat equation
ComputeChange: NS (ITER=5) (NRM,RELC): (  254.33244     0.70541475E-09 ) :: heat equation
MAIN: 
MAIN: -------------------------------------
MAIN: Time: 291/600:   2.910E+01
MAIN: Estimated time left:  9.5 minutes
MAIN: -------------------------------------
MAIN: 
ComputeChange: NS (ITER=1) (NRM,RELC): (  254.53425     0.79316556E-03 ) :: heat equation
ComputeChange: NS (ITER=2) (NRM,RELC): (  254.51547     0.73773075E-04 ) :: heat equation
ComputeChange: NS (ITER=3) (NRM,RELC): (  254.51703     0.61140686E-05 ) :: heat equation
ComputeChange: NS (ITER=4) (NRM,RELC): (  254.51661     0.16155676E-05 ) :: heat equation
ComputeChange: NS (ITER=5) (NRM,RELC): (  254.51672     0.41640626E-06 ) :: heat equation
ComputeChange: NS (ITER=6) (NRM,RELC): (  254.51669     0.10917099E-06 ) :: heat equation
ComputeChange: NS (ITER=7) (NRM,RELC): (  254.51670     0.28365377E-07 ) :: heat equation
ComputeChange: NS (ITER=8) (NRM,RELC): (  254.51670     0.73527545E-08 ) :: heat equation
MAIN: 
MAIN: -------------------------------------
MAIN: Time: 292/600:   2.920E+01
MAIN: Estimated time left: 15.6 minutes
MAIN: -------------------------------------
MAIN: 
ComputeChange: NS (ITER=1) (NRM,RELC): (  254.70251     0.72979701E-03 ) :: heat equation
ComputeChange: NS (ITER=2) (NRM,RELC): (  254.69804     0.17563661E-04 ) :: heat equation
ComputeChange: NS (ITER=3) (NRM,RELC): (  254.69807     0.12588997E-06 ) :: heat equation
ComputeChange: NS (ITER=4) (NRM,RELC): (  254.69803     0.15199876E-06 ) :: heat equation
ComputeChange: NS (ITER=5) (NRM,RELC): (  254.69803     0.14001781E-07 ) :: heat equation
ComputeChange: NS (ITER=6) (NRM,RELC): (  254.69803     0.37133619E-08 ) :: heat equation
MAIN: 
MAIN: -------------------------------------
MAIN: Time: 293/600:   2.930E+01
MAIN: Estimated time left: 11.7 minutes
MAIN: -------------------------------------
MAIN: 
ComputeChange: NS (ITER=1) (NRM,RELC): (  254.88636     0.73912072E-03 ) :: heat equation
ComputeChange: NS (ITER=2) (NRM,RELC): (  254.88449     0.73086885E-05 ) :: heat equation
ComputeChange: NS (ITER=3) (NRM,RELC): (  254.88442     0.28134722E-06 ) :: heat equation
ComputeChange: NS (ITER=4) (NRM,RELC): (  254.88441     0.44654574E-07 ) :: heat equation
ComputeChange: NS (ITER=5) (NRM,RELC): (  254.88441     0.68159843E-08 ) :: heat equation
MAIN: 
MAIN: -------------------------------------
MAIN: Time: 294/600:   2.940E+01
MAIN: Estimated time left:  9.7 minutes
MAIN: -------------------------------------
MAIN: 
ComputeChange: NS (ITER=1) (NRM,RELC): (  255.07406     0.74379154E-03 ) :: heat equation
ComputeChange: NS (ITER=2) (NRM,RELC): (  255.06946     0.18012107E-04 ) :: heat equation
ComputeChange: NS (ITER=3) (NRM,RELC): (  255.06936     0.41814333E-06 ) :: heat equation
ComputeChange: NS (ITER=4) (NRM,RELC): (  255.06936     0.12430981E-07 ) :: heat equation
ComputeChange: NS (ITER=5) (NRM,RELC): (  255.06935     0.42209571E-09 ) :: heat equation
MAIN: 
MAIN: -------------------------------------
MAIN: Time: 295/600:   2.950E+01
MAIN: Estimated time left: 10.0 minutes
MAIN: -------------------------------------
MAIN: 
ComputeChange: NS (ITER=1) (NRM,RELC): (  255.25107     0.71214938E-03 ) :: heat equation
ComputeChange: NS (ITER=2) (NRM,RELC): (  255.24582     0.20567248E-04 ) :: heat equation
ComputeChange: NS (ITER=3) (NRM,RELC): (  255.24573     0.34630560E-06 ) :: heat equation
ComputeChange: NS (ITER=4) (NRM,RELC): (  255.24573     0.77325973E-08 ) :: heat equation
MAIN: 
MAIN: -------------------------------------
MAIN: Time: 296/600:   2.960E+01
MAIN: Estimated time left:  8.0 minutes
MAIN: -------------------------------------
MAIN: 
ComputeChange: NS (ITER=1) (NRM,RELC): (  255.42271     0.69312686E-03 ) :: heat equation
ComputeChange: NS (ITER=2) (NRM,RELC): (  255.41853     0.16354201E-04 ) :: heat equation
ComputeChange: NS (ITER=3) (NRM,RELC): (  255.41832     0.80963349E-06 ) :: heat equation
ComputeChange: NS (ITER=4) (NRM,RELC): (  255.41831     0.63335632E-07 ) :: heat equation
ComputeChange: NS (ITER=5) (NRM,RELC): (  255.41830     0.48070495E-08 ) :: heat equation
MAIN: 
MAIN: -------------------------------------
MAIN: Time: 297/600:   2.970E+01
MAIN: Estimated time left:  9.6 minutes
MAIN: -------------------------------------
MAIN: 
ComputeChange: NS (ITER=1) (NRM,RELC): (  255.59281     0.68297296E-03 ) :: heat equation
ComputeChange: NS (ITER=2) (NRM,RELC): (  255.58892     0.15207116E-04 ) :: heat equation
ComputeChange: NS (ITER=3) (NRM,RELC): (  255.58922     0.11752529E-05 ) :: heat equation
ComputeChange: NS (ITER=4) (NRM,RELC): (  255.58918     0.16736425E-06 ) :: heat equation
ComputeChange: NS (ITER=5) (NRM,RELC): (  255.58918     0.23917790E-07 ) :: heat equation
ComputeChange: NS (ITER=6) (NRM,RELC): (  255.58918     0.33943650E-08 ) :: heat equation
MAIN: 
MAIN: -------------------------------------
MAIN: Time: 298/600:   2.980E+01
MAIN: Estimated time left: 11.4 minutes
MAIN: -------------------------------------
MAIN: 
ComputeChange: NS (ITER=1) (NRM,RELC): (  255.76226     0.67694867E-03 ) :: heat equation
ComputeChange: NS (ITER=2) (NRM,RELC): (  255.75932     0.11489427E-04 ) :: heat equation
ComputeChange: NS (ITER=3) (NRM,RELC): (  255.75954     0.82539627E-06 ) :: heat equation
ComputeChange: NS (ITER=4) (NRM,RELC): (  255.75950     0.14763012E-06 ) :: heat equation
ComputeChange: NS (ITER=5) (NRM,RELC): (  255.75951     0.26762052E-07 ) :: heat equation
ComputeChange: NS (ITER=6) (NRM,RELC): (  255.75950     0.48152597E-08 ) :: heat equation
MAIN: 
MAIN: -------------------------------------
MAIN: Time: 299/600:   2.990E+01
MAIN: Estimated time left: 11.6 minutes
MAIN: -------------------------------------
MAIN: 
ComputeChange: NS (ITER=1) (NRM,RELC): (  255.93212     0.67469194E-03 ) :: heat equation
ComputeChange: NS (ITER=2) (NRM,RELC): (  255.93031     0.70714351E-05 ) :: heat equation
ComputeChange: NS (ITER=3) (NRM,RELC): (  255.93032     0.18103813E-07 ) :: heat equation
ComputeChange: NS (ITER=4) (NRM,RELC): (  255.93032     0.70910706E-10 ) :: heat equation
MAIN: 
MAIN: -------------------------------------
MAIN: Time: 300/600:   3.000E+01
MAIN: Estimated time left:  7.8 minutes
MAIN: -------------------------------------
MAIN: 
ComputeChange: NS (ITER=1) (NRM,RELC): (  256.10893     0.69767034E-03 ) :: heat equation
ComputeChange: NS (ITER=2) (NRM,RELC): (  256.10637     0.99907926E-05 ) :: heat equation
ComputeChange: NS (ITER=3) (NRM,RELC): (  256.10670     0.12847795E-05 ) :: heat equation
ComputeChange: NS (ITER=4) (NRM,RELC): (  256.10671     0.40321102E-07 ) :: heat equation
ComputeChange: NS (ITER=5) (NRM,RELC): (  256.10672     0.70017652E-08 ) :: heat equation
REF time=  30.000 max=  1556.235 energy residual= -1.1381E-01
MAIN: 
MAIN: -------------------------------------
MAIN: Time: 301/600:   3.010E+01
MAIN: Estimated time left: 10.2 minutes
MAIN: -------------------------------------
MAIN: 
ComputeChange: NS (ITER=1) (NRM,RELC): (  256.29160     0.72164118E-03 ) :: heat equation
ComputeChange: NS (ITER=2) (NRM,RELC): (  256.29035     0.48744833E-05 ) :: heat equation
ComputeChange: NS (ITER=3) (NRM,RELC): (  256.29046     0.44560904E-06 ) :: heat equation
ComputeChange: NS (ITER=4) (NRM,RELC): (  256.29048     0.67946661E-07 ) :: heat equation
ComputeChange: NS (ITER=5) (NRM,RELC): (  256.29048     0.10688683E-07 ) :: heat equation
ComputeChange: NS (ITER=6) (NRM,RELC): (  256.29048     0.18012727E-08 ) :: heat equation
MAIN: 
MAIN: -------------------------------------
MAIN: Time: 302/600:   3.020E+01
MAIN: Estimated time left: 12.1 minutes
MAIN: -------------------------------------
MAIN: 
ComputeChange: NS (ITER=1) (NRM,RELC): (  256.48478     0.75783144E-03 ) :: heat equation
ComputeChange: NS (ITER=2) (NRM,RELC): (  256.47770     0.27609551E-04 ) :: heat equation
ComputeChange: NS (ITER=3) (NRM,RELC): (  256.47738     0.12720201E-05 ) :: heat equation
ComputeChange: NS (ITER=4) (NRM,RELC): (  256.47735     0.11090513E-06 ) :: heat equation
ComputeChange: NS (ITER=5) (NRM,RELC): (  256.47734     0.97327352E-08 ) :: heat equation
MAIN: 
MAIN: -------------------------------------
MAIN: Time: 303/600:   3.030E+01
MAIN: Estimated time left:  9.7 minutes
MAIN: -------------------------------------
MAIN: 
ComputeChange: NS (ITER=1) (NRM,RELC): (  256.66807     0.74337108E-03 ) :: heat equation
ComputeChange: NS (ITER=2) (NRM,RELC): (  256.66367     0.17139629E-04 ) :: heat equation
ComputeChange: NS (ITER=3) (NRM,RELC): (  256.66341     0.10396389E-05 ) :: heat equation
ComputeChange: NS (ITER=4) (NRM,RELC): (  256.66341     0.23462980E-07 ) :: heat equation
ComputeChange: NS (ITER=5) (NRM,RELC): (  256.66341     0.50193161E-09 ) :: heat equation
MAIN: 
MAIN: -------------------------------------
MAIN: Time: 304/600:   3.040E+01
MAIN: Estimated time left:  9.4 minutes
MAIN: -------------------------------------
MAIN: 
ComputeChange: NS (ITER=1) (NRM,RELC): (  256.85835     0.75922875E-03 ) :: heat equation
ComputeChange: NS (ITER=2) (NRM,RELC): (  256.84513     0.51500649E-04 ) :: heat equation
ComputeChange: NS (ITER=3) (NRM,RELC): (  256.84619     0.41535405E-05 ) :: heat equation
ComputeChange: NS (ITER=4) (NRM,RELC): (  256.84607     0.46250056E-06 ) :: heat equation
ComputeChange: NS (ITER=5) (NRM,RELC): (  256.84609     0.53483207E-07 ) :: heat equation
ComputeChange: NS (ITER=6) (NRM,RELC): (  256.84609     0.63948041E-08 ) :: heat equation
MAIN: 
MAIN: -------------------------------------
MAIN: Time: 305/600:   3.050E+01
MAIN: Estimated time left: 11.3 minutes
MAIN: -------------------------------------
MAIN: 
ComputeChange: NS (ITER=1) (NRM,RELC): (  257.03294     0.72724674E-03 ) :: heat equation
ComputeChange: NS (ITER=2) (NRM,RELC): (  257.02334     0.37365440E-04 ) :: heat equation
ComputeChange: NS (ITER=3) (NRM,RELC): (  257.02370     0.13799513E-05 ) :: heat equation
ComputeChange: NS (ITER=4) (NRM,RELC): (  257.02366     0.15578657E-06 ) :: heat equation
ComputeChange: NS (ITER=5) (NRM,RELC): (  257.02366     0.13214205E-07 ) :: heat equation
ComputeChange: NS (ITER=6) (NRM,RELC): (  257.02366     0.13120932E-08 ) :: heat equation
MAIN: 
MAIN: -------------------------------------
MAIN: Time: 306/600:   3.060E+01
MAIN: Estimated time left: 10.9 minutes
MAIN: -------------------------------------
MAIN: 
ComputeChange: NS (ITER=1) (NRM,RELC): (  257.20724     0.71400255E-03 ) :: heat equation
ComputeChange: NS (ITER=2) (NRM,RELC): (  257.20230     0.19208781E-04 ) :: heat equation
ComputeChange: NS (ITER=3) (NRM,RELC): (  257.20224     0.23483745E-06 ) :: heat equation
ComputeChange: NS (ITER=4) (NRM,RELC): (  257.20225     0.26688325E-07 ) :: heat equation
ComputeChange: NS (ITER=5) (NRM,RELC): (  257.20224     0.26568809E-08 ) :: heat equation
MAIN: 
MAIN: -------------------------------------
MAIN: Time: 307/600:   3.070E+01
MAIN: Estimated time left:  9.5 minutes
MAIN: -------------------------------------
MAIN: 
ComputeChange: NS (ITER=1) (NRM,RELC): (  257.38968     0.72847090E-03 ) :: heat equation
ComputeChange: NS (ITER=2) (NRM,RELC): (  257.38456     0.19877480E-04 ) :: heat equation
ComputeChange: NS (ITER=3) (NRM,RELC): (  257.38424     0.12487312E-05 ) :: heat equation
ComputeChange: NS (ITER=4) (NRM,RELC): (  257.38421     0.11585269E-06 ) :: heat equation
ComputeChange: NS (ITER=5) (NRM,RELC): (  257.38421     0.11578253E-07 ) :: heat equation
ComputeChange: NS (ITER=6) (NRM,RELC): (  257.38421     0.11778549E-08 ) :: heat equation
MAIN: 
MAIN: -------------------------------------
MAIN: Time: 308/600:   3.080E+01
MAIN: Estimated time left: 10.8 minutes
MAIN: -------------------------------------
MAIN: 
ComputeChange: NS (ITER=1) (NRM,RELC): (  257.56168     0.68929261E-03 ) :: heat equation
ComputeChange: NS (ITER=2) (NRM,RELC): (  257.55828     0.13209531E-04 ) :: heat equation
ComputeChange: NS (ITER=3) (NRM,RELC): (  257.55809     0.74596090E-06 ) :: heat equation
ComputeChange: NS (ITER=4) (NRM,RELC): (  257.55807     0.70067665E-07 ) :: heat equation
ComputeChange: NS (ITER=5) (NRM,RELC): (  257.55807     0.64050981E-08 ) :: heat equation
MAIN: 
MAIN: -------------------------------------
MAIN: Time: 309/600:   3.090E+01
MAIN: Estimated time left:  9.4 minutes
MAIN: -------------------------------------
MAIN: 
ComputeChange: NS (ITER=1) (NRM,RELC): (  257.72958     0.66569228E-03 ) :: heat equation
ComputeChange: NS (ITER=2) (NRM,RELC): (  257.72716     0.93811813E-05 ) :: heat equation
ComputeChange: NS (ITER=3) (NRM,RELC): (  257.72704     0.47276208E-06 ) :: heat equation
ComputeChange: NS (ITER=4) (NRM,RELC): (  257.72702     0.70864087E-07 ) :: heat equation
ComputeChange: NS (ITER=5) (NRM,RELC): (  257.72702     0.10218580E-07 ) :: heat equation
ComputeChange: NS (ITER=6) (NRM,RELC): (  257.72702     0.15924169E-08 ) :: heat equation
MAIN: 
MAIN: -------------------------------------
MAIN: Time: 310/600:   3.100E+01
MAIN: Estimated time left: 11.0 minutes
MAIN: -------------------------------------
MAIN: 
ComputeChange: NS (ITER=1) (NRM,RELC): (  257.89517     0.65222919E-03 ) :: heat equation
ComputeChange: NS (ITER=2) (NRM,RELC): (  257.89311     0.80025188E-05 ) :: heat equation
ComputeChange: NS (ITER=3) (NRM,RELC): (  257.89319     0.32350249E-06 ) :: heat equation
ComputeChange: NS (ITER=4) (NRM,RELC): (  257.89317     0.66144931E-07 ) :: heat equation
ComputeChange: NS (ITER=5) (NRM,RELC): (  257.89318     0.13950829E-07 ) :: heat equation
ComputeChange: NS (ITER=6) (NRM,RELC): (  257.89317     0.28308673E-08 ) :: heat equation
MAIN: 
MAIN: -------------------------------------
MAIN: Time: 311/600:   3.110E+01
MAIN: Estimated time left: 11.0 minutes
MAIN: -------------------------------------
MAIN: 
ComputeChange: NS (ITER=1) (NRM,RELC): (  258.05955     0.64492882E-03 ) :: heat equation
ComputeChange: NS (ITER=2) (NRM,RELC): (  258.05779     0.68348897E-05 ) :: heat equation
ComputeChange: NS (ITER=3) (NRM,RELC): (  258.05779     0.16719969E-07 ) :: heat equation
ComputeChange: NS (ITER=4) (NRM,RELC): (  258.05779     0.31615485E-10 ) :: heat equation
MAIN: 
MAIN: -------------------------------------
MAIN: Time: 312/600:   3.120E+01
MAIN: Estimated time left:  7.2 minutes
MAIN: -------------------------------------
MAIN: 
ComputeChange: NS (ITER=1) (NRM,RELC): (  258.22858     0.66159053E-03 ) :: heat equation
ComputeChange: NS (ITER=2) (NRM,RELC): (  258.22241     0.23869893E-04 ) :: heat equation
ComputeChange: NS (ITER=3) (NRM,RELC): (  258.22251     0.38862637E-06 ) :: heat equation
ComputeChange: NS (ITER=4) (NRM,RELC): (  258.22251     0.88229156E-08 ) :: heat equation
MAIN: 
MAIN: -------------------------------------
MAIN: Time: 313/600:   3.130E+01
MAIN: Estimated time left:  7.4 minutes
MAIN: -------------------------------------
MAIN: 
ComputeChange: NS (ITER=1) (NRM,RELC): (  258.39409     0.66425119E-03 ) :: heat equation
ComputeChange: NS (ITER=2) (NRM,RELC): (  258.39126     0.10952474E-04 ) :: heat equation
ComputeChange: NS (ITER=3) (NRM,RELC): (  258.39159     0.12535603E-05 ) :: heat equation
ComputeChange: NS (ITER=4) (NRM,RELC): (  258.39158     0.36591257E-07 ) :: heat equation
ComputeChange: NS (ITER=5) (NRM,RELC): (  258.39158     0.20637769E-07 ) :: heat equation
ComputeChange: NS (ITER=6) (NRM,RELC): (  258.39158     0.13312265E-09 ) :: heat equation
MAIN: 
MAIN: -------------------------------------
MAIN: Time: 314/600:   3.140E+01
MAIN: Estimated time left: 10.9 minutes
MAIN: -------------------------------------
MAIN: 
ComputeChange: NS (ITER=1) (NRM,RELC): (  258.56997     0.69015141E-03 ) :: heat equation
ComputeChange: NS (ITER=2) (NRM,RELC): (  258.56805     0.74491316E-05 ) :: heat equation
ComputeChange: NS (ITER=3) (NRM,RELC): (  258.56805     0.17846016E-07 ) :: heat equation
ComputeChange: NS (ITER=4) (NRM,RELC): (  258.56805     0.70400677E-10 ) :: heat equation
MAIN: 
MAIN: -------------------------------------
MAIN: Time: 315/600:   3.150E+01
MAIN: Estimated time left:  7.2 minutes
MAIN: -------------------------------------
MAIN: 
ComputeChange: NS (ITER=1) (NRM,RELC): (  258.75079     0.70646643E-03 ) :: heat equation
ComputeChange: NS (ITER=2) (NRM,RELC): (  258.75095     0.62152761E-06 ) :: heat equation
ComputeChange: NS (ITER=3) (NRM,RELC): (  258.75080     0.58224993E-06 ) :: heat equation
ComputeChange: NS (ITER=4) (NRM,RELC): (  258.75076     0.14893181E-06 ) :: heat equation
ComputeChange: NS (ITER=5) (NRM,RELC): (  258.75075     0.26091994E-07 ) :: heat equation
ComputeChange: NS (ITER=6) (NRM,RELC): (  258.75075     0.44744940E-08 ) :: heat equation
MAIN: 
MAIN: -------------------------------------
MAIN: Time: 316/600:   3.160E+01
MAIN: Estimated time left: 11.0 minutes
MAIN: -------------------------------------
MAIN: 
ComputeChange: NS (ITER=1) (NRM,RELC): (  258.93442     0.70958232E-03 ) :: heat equation
ComputeChange: NS (ITER=2) (NRM,RELC): (  258.93121     0.12397989E-04 ) :: heat equation
ComputeChange: NS (ITER=3) (NRM,RELC): (  258.93079     0.16151816E-05 ) :: heat equation
ComputeChange: NS (ITER=4) (NRM,RELC): (  258.93076     0.12377284E-06 ) :: heat equation
ComputeChange: NS (ITER=5) (NRM,RELC): (  258.93075     0.32219071E-07 ) :: heat equation
ComputeChange: NS (ITER=6) (NRM,RELC): (  258.93075     0.22281893E-08 ) :: heat equation
MAIN: 
MAIN: -------------------------------------
MAIN: Time: 317/600:   3.170E+01
MAIN: Estimated time left: 10.8 minutes
MAIN: -------------------------------------
MAIN: 
ComputeChange: NS (ITER=1) (NRM,RELC): (  259.11866     0.72545123E-03 ) :: heat equation
ComputeChange: NS (ITER=2) (NRM,RELC): (  259.11021     0.32595949E-04 ) :: heat equation
ComputeChange: NS (ITER=3) (NRM,RELC): (  259.11150     0.49813163E-05 ) :: heat equation
ComputeChange: NS (ITER=4) (NRM,RELC): (  259.11124     0.10045196E-05 ) :: heat equation
ComputeChange: NS (ITER=5) (NRM,RELC): (  259.11130     0.21735869E-06 ) :: heat equation
ComputeChange: NS (ITER=6) (NRM,RELC): (  259.11129     0.48653755E-07 ) :: heat equation
ComputeChange: NS (ITER=7) (NRM,RELC): (  259.11129     0.11091194E-07 ) :: heat equation
ComputeChange: NS (ITER=8) (NRM,RELC): (  259.11129     0.25066866E-08 ) :: heat equation
MAIN: 
MAIN: -------------------------------------
MAIN: Time: 318/600:   3.180E+01
MAIN: Estimated time left: 14.4 minutes
MAIN: -------------------------------------
MAIN: 
ComputeChange: NS (ITER=1) (NRM,RELC): (  259.28678     0.67705022E-03 ) :: heat equation
ComputeChange: NS (ITER=2) (NRM,RELC): (  259.28357     0.12400735E-04 ) :: heat equation
ComputeChange: NS (ITER=3) (NRM,RELC): (  259.28397     0.15515194E-05 ) :: heat equation
ComputeChange: NS (ITER=4) (NRM,RELC): (  259.28387     0.35924027E-06 ) :: heat equation
ComputeChange: NS (ITER=5) (NRM,RELC): (  259.28389     0.52921126E-07 ) :: heat equation
ComputeChange: NS (ITER=6) (NRM,RELC): (  259.28389     0.95049036E-08 ) :: heat equation
MAIN: 
MAIN: -------------------------------------
MAIN: Time: 319/600:   3.190E+01
MAIN: Estimated time left: 10.4 minutes
MAIN: -------------------------------------
MAIN: 
ComputeChange: NS (ITER=1) (NRM,RELC): (  259.45974     0.67798253E-03 ) :: heat equation
ComputeChange: NS (ITER=2) (NRM,RELC): (  259.45595     0.14601619E-04 ) :: heat equation
ComputeChange: NS (ITER=3) (NRM,RELC): (  259.45586     0.34031527E-06 ) :: heat equation
ComputeChange: NS (ITER=4) (NRM,RELC): (  259.45585     0.16681162E-07 ) :: heat equation
ComputeChange: NS (ITER=5) (NRM,RELC): (  259.45585     0.84094520E-08 ) :: heat equation
MAIN: 
MAIN: -------------------------------------
MAIN: Time: 320/600:   3.200E+01
MAIN: Estimated time left:  9.1 minutes
MAIN: -------------------------------------
MAIN: 
ComputeChange: NS (ITER=1) (NRM,RELC): (  259.63626     0.69508184E-03 ) :: heat equation
ComputeChange: NS (ITER=2) (NRM,RELC): (  259.63374     0.96842007E-05 ) :: heat equation
ComputeChange: NS (ITER=3) (NRM,RELC): (  259.63361     0.51334851E-06 ) :: heat equation
ComputeChange: NS (ITER=4) (NRM,RELC): (  259.63360     0.56641292E-07 ) :: heat equation
ComputeChange: NS (ITER=5) (NRM,RELC): (  259.63359     0.61047796E-08 ) :: heat equation
MAIN: 
MAIN: -------------------------------------
MAIN: Time: 321/600:   3.210E+01
MAIN: Estimated time left:  8.8 minutes
MAIN: -------------------------------------
MAIN: 
ComputeChange: NS (ITER=1) (NRM,RELC): (  259.81122     0.68391949E-03 ) :: heat equation
ComputeChange: NS (ITER=2) (NRM,RELC): (  259.80544     0.22275133E-04 ) :: heat equation
ComputeChange: NS (ITER=3) (NRM,RELC): (  259.80534     0.36530992E-06 ) :: heat equation
ComputeChange: NS (ITER=4) (NRM,RELC): (  259.80533     0.55932229E-07 ) :: heat equation
ComputeChange: NS (ITER=5) (NRM,RELC): (  259.80532     0.89945042E-08 ) :: heat equation
MAIN: 
MAIN: -------------------------------------
MAIN: Time: 322/600:   3.220E+01
MAIN: Estimated time left:  8.8 minutes
MAIN: -------------------------------------
MAIN: 
ComputeChange: NS (ITER=1) (NRM,RELC): (  259.97194     0.64109159E-03 ) :: heat equation
ComputeChange: NS (ITER=2) (NRM,RELC): (  259.97040     0.58928398E-05 ) :: heat equation
ComputeChange: NS (ITER=3) (NRM,RELC): (  259.97041     0.11044148E-07 ) :: heat equation
ComputeChange: NS (ITER=4) (NRM,RELC): (  259.97041     0.12208951E-10 ) :: heat equation
MAIN: 
MAIN: -------------------------------------
MAIN: Time: 323/600:   3.230E+01
MAIN: Estimated time left:  6.9 minutes
MAIN: -------------------------------------
MAIN: 
ComputeChange: NS (ITER=1) (NRM,RELC): (  260.13754     0.64266778E-03 ) :: heat equation
ComputeChange: NS (ITER=2) (NRM,RELC): (  260.13218     0.20583086E-04 ) :: heat equation
ComputeChange: NS (ITER=3) (NRM,RELC): (  260.13206     0.48408404E-06 ) :: heat equation
ComputeChange: NS (ITER=4) (NRM,RELC): (  260.13205     0.15504458E-07 ) :: heat equation
ComputeChange: NS (ITER=5) (NRM,RELC): (  260.13205     0.58555493E-09 ) :: heat equation
MAIN: 
MAIN: -------------------------------------
MAIN: Time: 324/600:   3.240E+01
MAIN: Estimated time left:  8.5 minutes
MAIN: -------------------------------------
MAIN: 
ComputeChange: NS (ITER=1) (NRM,RELC): (  260.29755     0.63601796E-03 ) :: heat equation
ComputeChange: NS (ITER=2) (NRM,RELC): (  260.29186     0.21857861E-04 ) :: heat equation
ComputeChange: NS (ITER=3) (NRM,RELC): (  260.29209     0.86488469E-06 ) :: heat equation
ComputeChange: NS (ITER=4) (NRM,RELC): (  260.29207     0.51382021E-07 ) :: heat equation
ComputeChange: NS (ITER=5) (NRM,RELC): (  260.29208     0.30348763E-08 ) :: heat equation
MAIN: 
MAIN: -------------------------------------
MAIN: Time: 325/600:   3.250E+01
MAIN: Estimated time left:  8.7 minutes
MAIN: -------------------------------------
MAIN: 
ComputeChange: NS (ITER=1) (NRM,RELC): (  260.45659     0.63182634E-03 ) :: heat equation
ComputeChange: NS (ITER=2) (NRM,RELC): (  260.45188     0.18063458E-04 ) :: heat equation
ComputeChange: NS (ITER=3) (NRM,RELC): (  260.45215     0.10449298E-05 ) :: heat equation
ComputeChange: NS (ITER=4) (NRM,RELC): (  260.45213     0.10031391E-06 ) :: heat equation
ComputeChange: NS (ITER=5) (NRM,RELC): (  260.45213     0.95832589E-08 ) :: heat equation
MAIN: 
MAIN: -------------------------------------
MAIN: Time: 326/600:   3.260E+01
MAIN: Estimated time left:  8.6 minutes
MAIN: -------------------------------------
MAIN: 
ComputeChange: NS (ITER=1) (NRM,RELC): (  260.61667     0.63154657E-03 ) :: heat equation
ComputeChange: NS (ITER=2) (NRM,RELC): (  260.61419     0.95151593E-05 ) :: heat equation
ComputeChange: NS (ITER=3) (NRM,RELC): (  260.61433     0.53881258E-06 ) :: heat equation
ComputeChange: NS (ITER=4) (NRM,RELC): (  260.61430     0.10083054E-06 ) :: heat equation
ComputeChange: NS (ITER=5) (NRM,RELC): (  260.61431     0.19331906E-07 ) :: heat equation
ComputeChange: NS (ITER=6) (NRM,RELC): (  260.61431     0.36918770E-08 ) :: heat equation
MAIN: 
MAIN: -------------------------------------
MAIN: Time: 327/600:   3.270E+01
MAIN: Estimated time left: 10.1 minutes
MAIN: -------------------------------------
MAIN: 
ComputeChange: NS (ITER=1) (NRM,RELC): (  260.78113     0.63991268E-03 ) :: heat equation
ComputeChange: NS (ITER=2) (NRM,RELC): (  260.78353     0.91811782E-05 ) :: heat equation
ComputeChange: NS (ITER=3) (NRM,RELC): (  260.78362     0.36433726E-06 ) :: heat equation
ComputeChange: NS (ITER=4) (NRM,RELC): (  260.78362     0.67925704E-08 ) :: heat equation
MAIN: 
MAIN: -------------------------------------
MAIN: Time: 328/600:   3.280E+01
MAIN: Estimated time left:  7.0 minutes
MAIN: -------------------------------------
MAIN: 
ComputeChange: NS (ITER=1) (NRM,RELC): (  260.95980     0.67534804E-03 ) :: heat equation
ComputeChange: NS (ITER=2) (NRM,RELC): (  260.96002     0.84999975E-06 ) :: heat equation
ComputeChange: NS (ITER=3) (NRM,RELC): (  260.96020     0.67911588E-06 ) :: heat equation
ComputeChange: NS (ITER=4) (NRM,RELC): (  260.96021     0.43017023E-07 ) :: heat equation
ComputeChange: NS (ITER=5) (NRM,RELC): (  260.96021     0.14152126E-08 ) :: heat equation
MAIN: 
MAIN: -------------------------------------
MAIN: Time: 329/600:   3.290E+01
MAIN: Estimated time left:  8.4 minutes
MAIN: -------------------------------------
MAIN: 
ComputeChange: NS (ITER=1) (NRM,RELC): (  261.14302     0.70026253E-03 ) :: heat equation
ComputeChange: NS (ITER=2) (NRM,RELC): (  261.13690     0.23413818E-04 ) :: heat equation
ComputeChange: NS (ITER=3) (NRM,RELC): (  261.13655     0.13653248E-05 ) :: heat equation
ComputeChange: NS (ITER=4) (NRM,RELC): (  261.13648     0.24410843E-06 ) :: heat equation
ComputeChange: NS (ITER=5) (NRM,RELC): (  261.13647     0.55424362E-07 ) :: heat equation
ComputeChange: NS (ITER=6) (NRM,RELC): (  261.13647     0.12989614E-07 ) :: heat equation
ComputeChange: NS (ITER=7) (NRM,RELC): (  261.13647     0.32117077E-08 ) :: heat equation
MAIN: 
MAIN: -------------------------------------
MAIN: Time: 330/600:   3.300E+01
MAIN: Estimated time left: 11.4 minutes
MAIN: -------------------------------------
MAIN: 
ComputeChange: NS (ITER=1) (NRM,RELC): (  261.31046     0.66609617E-03 ) :: heat equation
ComputeChange: NS (ITER=2) (NRM,RELC): (  261.31351     0.11658996E-04 ) :: heat equation
ComputeChange: NS (ITER=3) (NRM,RELC): (  261.31354     0.99224453E-07 ) :: heat equation
ComputeChange: NS (ITER=4) (NRM,RELC): (  261.31353     0.20935520E-07 ) :: heat equation
ComputeChange: NS (ITER=5) (NRM,RELC): (  261.31353     0.10679491E-07 ) :: heat equation
ComputeChange: NS (ITER=6) (NRM,RELC): (  261.31353     0.34651232E-08 ) :: heat equation
MAIN: 
MAIN: -------------------------------------
MAIN: Time: 331/600:   3.310E+01
MAIN: Estimated time left: 10.3 minutes
MAIN: -------------------------------------
MAIN: 
ComputeChange: NS (ITER=1) (NRM,RELC): (  261.48453     0.65416112E-03 ) :: heat equation
ComputeChange: NS (ITER=2) (NRM,RELC): (  261.48063     0.14924740E-04 ) :: heat equation
ComputeChange: NS (ITER=3) (NRM,RELC): (  261.48099     0.13822786E-05 ) :: heat equation
ComputeChange: NS (ITER=4) (NRM,RELC): (  261.48091     0.31641701E-06 ) :: heat equation
ComputeChange: NS (ITER=5) (NRM,RELC): (  261.48093     0.76933395E-07 ) :: heat equation
ComputeChange: NS (ITER=6) (NRM,RELC): (  261.48092     0.18570325E-07 ) :: heat equation
ComputeChange: NS (ITER=7) (NRM,RELC): (  261.48092     0.43860104E-08 ) :: heat equation
MAIN: 
MAIN: -------------------------------------
MAIN: Time: 332/600:   3.320E+01
MAIN: Estimated time left: 11.8 minutes
MAIN: -------------------------------------
MAIN: 
ComputeChange: NS (ITER=1) (NRM,RELC): (  261.65380     0.66091299E-03 ) :: heat equation
ComputeChange: NS (ITER=2) (NRM,RELC): (  261.64785     0.22711815E-04 ) :: heat equation
ComputeChange: NS (ITER=3) (NRM,RELC): (  261.64798     0.46865552E-06 ) :: heat equation
ComputeChange: NS (ITER=4) (NRM,RELC): (  261.64792     0.22857844E-06 ) :: heat equation
ComputeChange: NS (ITER=5) (NRM,RELC): (  261.64792     0.14545859E-07 ) :: heat equation
ComputeChange: NS (ITER=6) (NRM,RELC): (  261.64792     0.52227080E-08 ) :: heat equation
MAIN: 
MAIN: -------------------------------------
MAIN: Time: 333/600:   3.330E+01
MAIN: Estimated time left: 10.4 minutes
MAIN: -------------------------------------
MAIN: 
ComputeChange: NS (ITER=1) (NRM,RELC): (  261.81779     0.64904057E-03 ) :: heat equation
ComputeChange: NS (ITER=2) (NRM,RELC): (  261.81922     0.54390122E-05 ) :: heat equation
ComputeChange: NS (ITER=3) (NRM,RELC): (  261.81917     0.16770926E-06 ) :: heat equation
ComputeChange: NS (ITER=4) (NRM,RELC): (  261.81918     0.13750081E-07 ) :: heat equation
ComputeChange: NS (ITER=5) (NRM,RELC): (  261.81918     0.14921127E-08 ) :: heat equation
MAIN: 
MAIN: -------------------------------------
MAIN: Time: 334/600:   3.340E+01
MAIN: Estimated time left:  8.6 minutes
MAIN: -------------------------------------
MAIN: 
ComputeChange: NS (ITER=1) (NRM,RELC): (  261.99353     0.66571616E-03 ) :: heat equation
ComputeChange: NS (ITER=2) (NRM,RELC): (  261.99001     0.13441078E-04 ) :: heat equation
ComputeChange: NS (ITER=3) (NRM,RELC): (  261.98984     0.65857255E-06 ) :: heat equation
ComputeChange: NS (ITER=4) (NRM,RELC): (  261.98983     0.48603958E-07 ) :: heat equation
ComputeChange: NS (ITER=5) (NRM,RELC): (  261.98983     0.35164114E-08 ) :: heat equation
MAIN: 
MAIN: -------------------------------------
MAIN: Time: 335/600:   3.350E+01
MAIN: Estimated time left:  8.2 minutes
MAIN: -------------------------------------
MAIN: 
ComputeChange: NS (ITER=1) (NRM,RELC): (  262.15636     0.63544202E-03 ) :: heat equation
ComputeChange: NS (ITER=2) (NRM,RELC): (  262.15179     0.17417779E-04 ) :: heat equation
ComputeChange: NS (ITER=3) (NRM,RELC): (  262.15164     0.56796616E-06 ) :: heat equation
ComputeChange: NS (ITER=4) (NRM,RELC): (  262.15164     0.25674172E-07 ) :: heat equation
ComputeChange: NS (ITER=5) (NRM,RELC): (  262.15164     0.10068285E-08 ) :: heat equation
MAIN: 
MAIN: -------------------------------------
MAIN: Time: 336/600:   3.360E+01
MAIN: Estimated time left:  8.4 minutes
MAIN: -------------------------------------
MAIN: 
ComputeChange: NS (ITER=1) (NRM,RELC): (  262.31350     0.61726322E-03 ) :: heat equation
ComputeChange: NS (ITER=2) (NRM,RELC): (  262.30994     0.13569546E-04 ) :: heat equation
ComputeChange: NS (ITER=3) (NRM,RELC): (  262.30974     0.76221970E-06 ) :: heat equation
ComputeChange: NS (ITER=4) (NRM,RELC): (  262.30972     0.76080037E-07 ) :: heat equation
ComputeChange: NS (ITER=5) (NRM,RELC): (  262.30972     0.73616323E-08 ) :: heat equation
MAIN: 
MAIN: -------------------------------------
MAIN: Time: 337/600:   3.370E+01
MAIN: Estimated time left:  8.2 minutes
MAIN: -------------------------------------
MAIN: 
ComputeChange: NS (ITER=1) (NRM,RELC): (  262.46902     0.60712083E-03 ) :: heat equation
ComputeChange: NS (ITER=2) (NRM,RELC): (  262.46498     0.15413350E-04 ) :: heat equation
ComputeChange: NS (ITER=3) (NRM,RELC): (  262.46528     0.11502863E-05 ) :: heat equation
ComputeChange: NS (ITER=4) (NRM,RELC): (  262.46524     0.15177286E-06 ) :: heat equation
ComputeChange: NS (ITER=5) (NRM,RELC): (  262.46525     0.20079997E-07 ) :: heat equation
ComputeChange: NS (ITER=6) (NRM,RELC): (  262.46525     0.26386657E-08 ) :: heat equation
MAIN: 
MAIN: -------------------------------------
MAIN: Time: 338/600:   3.380E+01
MAIN: Estimated time left:  9.8 minutes
MAIN: -------------------------------------
MAIN: 
ComputeChange: NS (ITER=1) (NRM,RELC): (  262.62339     0.60234388E-03 ) :: heat equation
ComputeChange: NS (ITER=2) (NRM,RELC): (  262.62026     0.11909892E-04 ) :: heat equation
ComputeChange: NS (ITER=3) (NRM,RELC): (  262.62050     0.89965512E-06 ) :: heat equation
ComputeChange: NS (ITER=4) (NRM,RELC): (  262.62046     0.15058463E-06 ) :: heat equation
ComputeChange: NS (ITER=5) (NRM,RELC): (  262.62046     0.25458743E-07 ) :: heat equation
ComputeChange: NS (ITER=6) (NRM,RELC): (  262.62046     0.42727864E-08 ) :: heat equation
MAIN: 
MAIN: -------------------------------------
MAIN: Time: 339/600:   3.390E+01
MAIN: Estimated time left: 10.2 minutes
MAIN: -------------------------------------
MAIN: 
ComputeChange: NS (ITER=1) (NRM,RELC): (  262.77825     0.60065454E-03 ) :: heat equation
ComputeChange: NS (ITER=2) (NRM,RELC): (  262.77649     0.67278672E-05 ) :: heat equation
ComputeChange: NS (ITER=3) (NRM,RELC): (  262.77649     0.17346631E-07 ) :: heat equation
ComputeChange: NS (ITER=4) (NRM,RELC): (  262.77649     0.67534206E-10 ) :: heat equation
MAIN: 
MAIN: -------------------------------------
MAIN: Time: 340/600:   3.400E+01
MAIN: Estimated time left:  7.2 minutes
MAIN: -------------------------------------
MAIN: 
ComputeChange: NS (ITER=1) (NRM,RELC): (  262.94024     0.62295647E-03 ) :: heat equation
ComputeChange: NS (ITER=2) (NRM,RELC): (  262.93782     0.92144556E-05 ) :: heat equation
ComputeChange: NS (ITER=3) (NRM,RELC): (  262.93811     0.11145697E-05 ) :: heat equation
ComputeChange: NS (ITER=4) (NRM,RELC): (  262.93812     0.40911841E-07 ) :: heat equation
ComputeChange: NS (ITER=5) (NRM,RELC): (  262.93812     0.47950138E-08 ) :: heat equation
MAIN: 
MAIN: -------------------------------------
MAIN: Time: 341/600:   3.410E+01
MAIN: Estimated time left:  8.6 minutes
MAIN: -------------------------------------
MAIN: 
ComputeChange: NS (ITER=1) (NRM,RELC): (  263.10808     0.64617255E-03 ) :: heat equation
ComputeChange: NS (ITER=2) (NRM,RELC): (  263.10716     0.35042036E-05 ) :: heat equation
ComputeChange: NS (ITER=3) (NRM,RELC): (  263.10731     0.56632887E-06 ) :: heat equation
ComputeChange: NS (ITER=4) (NRM,RELC): (  263.10733     0.80745979E-07 ) :: heat equation
ComputeChange: NS (ITER=5) (NRM,RELC): (  263.10733     0.11739902E-07 ) :: heat equation
ComputeChange: NS (ITER=6) (NRM,RELC): (  263.10733     0.18379927E-08 ) :: heat equation
MAIN: 
MAIN: -------------------------------------
MAIN: Time: 342/600:   3.420E+01
MAIN: Estimated time left: 10.5 minutes
MAIN: -------------------------------------
MAIN: 
ComputeChange: NS (ITER=1) (NRM,RELC): (  263.28637     0.68024606E-03 ) :: heat equation
ComputeChange: NS (ITER=2) (NRM,RELC): (  263.28070     0.21550223E-04 ) :: heat equation
ComputeChange: NS (ITER=3) (NRM,RELC): (  263.28033     0.13989862E-05 ) :: heat equation
ComputeChange: NS (ITER=4) (NRM,RELC): (  263.28029     0.15428841E-06 ) :: heat equation
ComputeChange: NS (ITER=5) (NRM,RELC): (  263.28028     0.18262794E-07 ) :: heat equation
ComputeChange: NS (ITER=6) (NRM,RELC): (  263.28028     0.23559462E-08 ) :: heat equation
MAIN: 
MAIN: -------------------------------------
MAIN: Time: 343/600:   3.430E+01
MAIN: Estimated time left: 10.9 minutes
MAIN: -------------------------------------
MAIN: 
ComputeChange: NS (ITER=1) (NRM,RELC): (  263.45552     0.66536163E-03 ) :: heat equation
ComputeChange: NS (ITER=2) (NRM,RELC): (  263.45246     0.11610691E-04 ) :: heat equation
ComputeChange: NS (ITER=3) (NRM,RELC): (  263.45211     0.13043601E-05 ) :: heat equation
ComputeChange: NS (ITER=4) (NRM,RELC): (  263.45210     0.44730506E-07 ) :: heat equation
ComputeChange: NS (ITER=5) (NRM,RELC): (  263.45210     0.97582700E-08 ) :: heat equation
MAIN: 
MAIN: -------------------------------------
MAIN: Time: 344/600:   3.440E+01
MAIN: Estimated time left:  8.8 minutes
MAIN: -------------------------------------
MAIN: 
ComputeChange: NS (ITER=1) (NRM,RELC): (  263.63139     0.68029580E-03 ) :: heat equation
ComputeChange: NS (ITER=2) (NRM,RELC): (  263.61662     0.56029634E-04 ) :: heat equation
ComputeChange: NS (ITER=3) (NRM,RELC): (  263.61754     0.35237351E-05 ) :: heat equation
ComputeChange: NS (ITER=4) (NRM,RELC): (  263.61748     0.25733540E-06 ) :: heat equation
ComputeChange: NS (ITER=5) (NRM,RELC): (  263.61748     0.10226374E-07 ) :: heat equation
ComputeChange: NS (ITER=6) (NRM,RELC): (  263.61748     0.23720421E-08 ) :: heat equation
MAIN: 
MAIN: -------------------------------------
MAIN: Time: 345/600:   3.450E+01
MAIN: Estimated time left:  9.8 minutes
MAIN: -------------------------------------
MAIN: 
ComputeChange: NS (ITER=1) (NRM,RELC): (  263.78972     0.65315824E-03 ) :: heat equation
ComputeChange: NS (ITER=2) (NRM,RELC): (  263.77989     0.37272715E-04 ) :: heat equation
ComputeChange: NS (ITER=3) (NRM,RELC): (  263.78016     0.10396949E-05 ) :: heat equation
ComputeChange: NS (ITER=4) (NRM,RELC): (  263.78013     0.11661926E-06 ) :: heat equation
ComputeChange: NS (ITER=5) (NRM,RELC): (  263.78013     0.64922194E-08 ) :: heat equation
MAIN: 
MAIN: -------------------------------------
MAIN: Time: 346/600:   3.460E+01
MAIN: Estimated time left:  7.9 minutes
MAIN: -------------------------------------
MAIN: 
ComputeChange: NS (ITER=1) (NRM,RELC): (  263.94914     0.64051893E-03 ) :: heat equation
ComputeChange: NS (ITER=2) (NRM,RELC): (  263.94431     0.18319949E-04 ) :: heat equation
ComputeChange: NS (ITER=3) (NRM,RELC): (  263.94417     0.53724605E-06 ) :: heat equation
ComputeChange: NS (ITER=4) (NRM,RELC): (  263.94418     0.37786762E-07 ) :: heat equation
ComputeChange: NS (ITER=5) (NRM,RELC): (  263.94417     0.65329902E-08 ) :: heat equation
MAIN: 
MAIN: -------------------------------------
MAIN: Time: 347/600:   3.470E+01
MAIN: Estimated time left:  8.8 minutes
MAIN: -------------------------------------
MAIN: 
ComputeChange: NS (ITER=1) (NRM,RELC): (  264.11681     0.65383974E-03 ) :: heat equation
ComputeChange: NS (ITER=2) (NRM,RELC): (  264.11289     0.14833986E-04 ) :: heat equation
ComputeChange: NS (ITER=3) (NRM,RELC): (  264.11261     0.10571644E-05 ) :: heat equation
ComputeChange: NS (ITER=4) (NRM,RELC): (  264.11258     0.12698942E-06 ) :: heat equation
ComputeChange: NS (ITER=5) (NRM,RELC): (  264.11257     0.16757130E-07 ) :: heat equation
ComputeChange: NS (ITER=6) (NRM,RELC): (  264.11257     0.24562536E-08 ) :: heat equation
MAIN: 
MAIN: -------------------------------------
MAIN: Time: 348/600:   3.480E+01
MAIN: Estimated time left: 12.2 minutes
MAIN: -------------------------------------
MAIN: 
ComputeChange: NS (ITER=1) (NRM,RELC): (  264.27511     0.61521637E-03 ) :: heat equation
ComputeChange: NS (ITER=2) (NRM,RELC): (  264.27221     0.10979172E-04 ) :: heat equation
ComputeChange: NS (ITER=3) (NRM,RELC): (  264.27203     0.65776321E-06 ) :: heat equation
ComputeChange: NS (ITER=4) (NRM,RELC): (  264.27201     0.75032644E-07 ) :: heat equation
ComputeChange: NS (ITER=5) (NRM,RELC): (  264.27201     0.83225763E-08 ) :: heat equation
MAIN: 
MAIN: -------------------------------------
MAIN: Time: 349/600:   3.490E+01
MAIN: Estimated time left:  9.6 minutes
MAIN: -------------------------------------
MAIN: 
ComputeChange: NS (ITER=1) (NRM,RELC): (  264.42876     0.59294833E-03 ) :: heat equation
ComputeChange: NS (ITER=2) (NRM,RELC): (  264.42680     0.74062601E-05 ) :: heat equation
ComputeChange: NS (ITER=3) (NRM,RELC): (  264.42673     0.24516233E-06 ) :: heat equation
ComputeChange: NS (ITER=4) (NRM,RELC): (  264.42672     0.42303266E-07 ) :: heat equation
ComputeChange: NS (ITER=5) (NRM,RELC): (  264.42672     0.68457952E-08 ) :: heat equation
MAIN: 
MAIN: -------------------------------------
MAIN: Time: 350/600:   3.500E+01
MAIN: Estimated time left:  9.1 minutes
MAIN: -------------------------------------
MAIN: 
ComputeChange: NS (ITER=1) (NRM,RELC): (  264.58012     0.57995766E-03 ) :: heat equation
ComputeChange: NS (ITER=2) (NRM,RELC): (  264.57787     0.85139693E-05 ) :: heat equation
ComputeChange: NS (ITER=3) (NRM,RELC): (  264.57799     0.47121807E-06 ) :: heat equation
ComputeChange: NS (ITER=4) (NRM,RELC): (  264.57797     0.93860086E-07 ) :: heat equation
ComputeChange: NS (ITER=5) (NRM,RELC): (  264.57797     0.19171281E-07 ) :: heat equation
ComputeChange: NS (ITER=6) (NRM,RELC): (  264.57797     0.38851174E-08 ) :: heat equation
REF time=  35.000 max=  1597.618 energy residual=  9.5741E-01
MAIN: 
MAIN: -------------------------------------
MAIN: Time: 351/600:   3.510E+01
MAIN: Estimated time left: 11.1 minutes
MAIN: -------------------------------------
MAIN: 
ComputeChange: NS (ITER=1) (NRM,RELC): (  264.72995     0.57424753E-03 ) :: heat equation
ComputeChange: NS (ITER=2) (NRM,RELC): (  264.72823     0.64890442E-05 ) :: heat equation
ComputeChange: NS (ITER=3) (NRM,RELC): (  264.72824     0.16001049E-07 ) :: heat equation
ComputeChange: NS (ITER=4) (NRM,RELC): (  264.72824     0.30580731E-10 ) :: heat equation
MAIN: 
MAIN: -------------------------------------
MAIN: Time: 352/600:   3.520E+01
MAIN: Estimated time left:  6.8 minutes
MAIN: -------------------------------------
MAIN: 
ComputeChange: NS (ITER=1) (NRM,RELC): (  264.88447     0.58998396E-03 ) :: heat equation
ComputeChange: NS (ITER=2) (NRM,RELC): (  264.87824     0.23504557E-04 ) :: heat equation
ComputeChange: NS (ITER=3) (NRM,RELC): (  264.87830     0.21854851E-06 ) :: heat equation
ComputeChange: NS (ITER=4) (NRM,RELC): (  264.87830     0.26355317E-08 ) :: heat equation
MAIN: 
MAIN: -------------------------------------
MAIN: Time: 353/600:   3.530E+01
MAIN: Estimated time left:  6.5 minutes
MAIN: -------------------------------------
MAIN: 
ComputeChange: NS (ITER=1) (NRM,RELC): (  265.03552     0.59336768E-03 ) :: heat equation
ComputeChange: NS (ITER=2) (NRM,RELC): (  265.03279     0.10292905E-04 ) :: heat equation
ComputeChange: NS (ITER=3) (NRM,RELC): (  265.03312     0.12642908E-05 ) :: heat equation
ComputeChange: NS (ITER=4) (NRM,RELC): (  265.03312     0.18234018E-07 ) :: heat equation
ComputeChange: NS (ITER=5) (NRM,RELC): (  265.03312     0.18056204E-07 ) :: heat equation
ComputeChange: NS (ITER=6) (NRM,RELC): (  265.03312     0.16889308E-09 ) :: heat equation
MAIN: 
MAIN: -------------------------------------
MAIN: Time: 354/600:   3.540E+01
MAIN: Estimated time left:  9.6 minutes
MAIN: -------------------------------------
MAIN: 
ComputeChange: NS (ITER=1) (NRM,RELC): (  265.19708     0.61842628E-03 ) :: heat equation
ComputeChange: NS (ITER=2) (NRM,RELC): (  265.19520     0.70881590E-05 ) :: heat equation
ComputeChange: NS (ITER=3) (NRM,RELC): (  265.19520     0.17169342E-07 ) :: heat equation
ComputeChange: NS (ITER=4) (NRM,RELC): (  265.19520     0.67519929E-10 ) :: heat equation
MAIN: 
MAIN: -------------------------------------
MAIN: Time: 355/600:   3.550E+01
MAIN: Estimated time left:  7.0 minutes
MAIN: -------------------------------------
MAIN: 
ComputeChange: NS (ITER=1) (NRM,RELC): (  265.36351     0.63445845E-03 ) :: heat equation
ComputeChange: NS (ITER=2) (NRM,RELC): (  265.36488     0.51726236E-05 ) :: heat equation
ComputeChange: NS (ITER=3) (NRM,RELC): (  265.36480     0.30079692E-06 ) :: heat equation
ComputeChange: NS (ITER=4) (NRM,RELC): (  265.36478     0.95182688E-07 ) :: heat equation
ComputeChange: NS (ITER=5) (NRM,RELC): (  265.36477     0.17302688E-07 ) :: heat equation
ComputeChange: NS (ITER=6) (NRM,RELC): (  265.36477     0.34049531E-08 ) :: heat equation
MAIN: 
MAIN: -------------------------------------
MAIN: Time: 356/600:   3.560E+01
MAIN: Estimated time left:  9.5 minutes
MAIN: -------------------------------------
MAIN: 
ComputeChange: NS (ITER=1) (NRM,RELC): (  265.53351     0.63566662E-03 ) :: heat equation
ComputeChange: NS (ITER=2) (NRM,RELC): (  265.53124     0.85433106E-05 ) :: heat equation
ComputeChange: NS (ITER=3) (NRM,RELC): (  265.53099     0.96105422E-06 ) :: heat equation
ComputeChange: NS (ITER=4) (NRM,RELC): (  265.53096     0.11188667E-06 ) :: heat equation
ComputeChange: NS (ITER=5) (NRM,RELC): (  265.53095     0.33064420E-07 ) :: heat equation
ComputeChange: NS (ITER=6) (NRM,RELC): (  265.53095     0.39045678E-08 ) :: heat equation
MAIN: 
MAIN: -------------------------------------
MAIN: Time: 357/600:   3.570E+01
MAIN: Estimated time left: 12.6 minutes
MAIN: -------------------------------------
MAIN: 
ComputeChange: NS (ITER=1) (NRM,RELC): (  265.70387     0.65100564E-03 ) :: heat equation
ComputeChange: NS (ITER=2) (NRM,RELC): (  265.69420     0.36363855E-04 ) :: heat equation
ComputeChange: NS (ITER=3) (NRM,RELC): (  265.69559     0.52339615E-05 ) :: heat equation
ComputeChange: NS (ITER=4) (NRM,RELC): (  265.69532     0.10339050E-05 ) :: heat equation
ComputeChange: NS (ITER=5) (NRM,RELC): (  265.69538     0.20967707E-06 ) :: heat equation
ComputeChange: NS (ITER=6) (NRM,RELC): (  265.69536     0.44020202E-07 ) :: heat equation
ComputeChange: NS (ITER=7) (NRM,RELC): (  265.69537     0.93955071E-08 ) :: heat equation
MAIN: 
MAIN: -------------------------------------
MAIN: Time: 358/600:   3.580E+01
MAIN: Estimated time left: 12.2 minutes
MAIN: -------------------------------------
MAIN: 
ComputeChange: NS (ITER=1) (NRM,RELC): (  265.85686     0.60764874E-03 ) :: heat equation
ComputeChange: NS (ITER=2) (NRM,RELC): (  265.85295     0.14737854E-04 ) :: heat equation
ComputeChange: NS (ITER=3) (NRM,RELC): (  265.85339     0.16658770E-05 ) :: heat equation
ComputeChange: NS (ITER=4) (NRM,RELC): (  265.85331     0.29848492E-06 ) :: heat equation
ComputeChange: NS (ITER=5) (NRM,RELC): (  265.85332     0.42781681E-07 ) :: heat equation
ComputeChange: NS (ITER=6) (NRM,RELC): (  265.85332     0.68236763E-08 ) :: heat equation
MAIN: 
MAIN: -------------------------------------
MAIN: Time: 359/600:   3.590E+01
MAIN: Estimated time left: 12.7 minutes
MAIN: -------------------------------------
MAIN: 
ComputeChange: NS (ITER=1) (NRM,RELC): (  266.01538     0.60941294E-03 ) :: heat equation
ComputeChange: NS (ITER=2) (NRM,RELC): (  266.01156     0.14371229E-04 ) :: heat equation
ComputeChange: NS (ITER=3) (NRM,RELC): (  266.01157     0.39261447E-07 ) :: heat equation
ComputeChange: NS (ITER=4) (NRM,RELC): (  266.01156     0.29190828E-07 ) :: heat equation
ComputeChange: NS (ITER=5) (NRM,RELC): (  266.01156     0.94347871E-08 ) :: heat equation
MAIN: 
MAIN: -------------------------------------
MAIN: Time: 360/600:   3.600E+01
MAIN: Estimated time left:  7.3 minutes
MAIN: -------------------------------------
MAIN: 
ComputeChange: NS (ITER=1) (NRM,RELC): (  266.17796     0.62532323E-03 ) :: heat equation
ComputeChange: NS (ITER=2) (NRM,RELC): (  266.17576     0.82500546E-05 ) :: heat equation
ComputeChange: NS (ITER=3) (NRM,RELC): (  266.17565     0.42899269E-06 ) :: heat equation
ComputeChange: NS (ITER=4) (NRM,RELC): (  266.17563     0.54861987E-07 ) :: heat equation
ComputeChange: NS (ITER=5) (NRM,RELC): (  266.17563     0.68412899E-08 ) :: heat equation
MAIN: 
MAIN: -------------------------------------
MAIN: Time: 361/600:   3.610E+01
MAIN: Estimated time left:  6.7 minutes
MAIN: -------------------------------------
MAIN: 
ComputeChange: NS (ITER=1) (NRM,RELC): (  266.33932     0.61479153E-03 ) :: heat equation
ComputeChange: NS (ITER=2) (NRM,RELC): (  266.33472     0.17281539E-04 ) :: heat equation
ComputeChange: NS (ITER=3) (NRM,RELC): (  266.33457     0.55184654E-06 ) :: heat equation
ComputeChange: NS (ITER=4) (NRM,RELC): (  266.33456     0.38487180E-07 ) :: heat equation
ComputeChange: NS (ITER=5) (NRM,RELC): (  266.33456     0.48463483E-08 ) :: heat equation
MAIN: 
MAIN: -------------------------------------
MAIN: Time: 362/600:   3.620E+01
MAIN: Estimated time left:  7.1 minutes
MAIN: -------------------------------------
MAIN: 
ComputeChange: NS (ITER=1) (NRM,RELC): (  266.48751     0.57412467E-03 ) :: heat equation
ComputeChange: NS (ITER=2) (NRM,RELC): (  266.48600     0.56663541E-05 ) :: heat equation
ComputeChange: NS (ITER=3) (NRM,RELC): (  266.48601     0.10687289E-07 ) :: heat equation
ComputeChange: NS (ITER=4) (NRM,RELC): (  266.48601     0.10009873E-10 ) :: heat equation
MAIN: 
MAIN: -------------------------------------
MAIN: Time: 363/600:   3.630E+01
MAIN: Estimated time left:  5.9 minutes
MAIN: -------------------------------------
MAIN: 
ComputeChange: NS (ITER=1) (NRM,RELC): (  266.63987     0.57722354E-03 ) :: heat equation
ComputeChange: NS (ITER=2) (NRM,RELC): (  266.63503     0.18150163E-04 ) :: heat equation
ComputeChange: NS (ITER=3) (NRM,RELC): (  266.63487     0.60926952E-06 ) :: heat equation
ComputeChange: NS (ITER=4) (NRM,RELC): (  266.63486     0.29326910E-07 ) :: heat equation
ComputeChange: NS (ITER=5) (NRM,RELC): (  266.63486     0.13638567E-08 ) :: heat equation
MAIN: 
MAIN: -------------------------------------
MAIN: Time: 364/600:   3.640E+01
MAIN: Estimated time left:  7.0 minutes
MAIN: -------------------------------------
MAIN: 
ComputeChange: NS (ITER=1) (NRM,RELC): (  266.78717     0.57106587E-03 ) :: heat equation
ComputeChange: NS (ITER=2) (NRM,RELC): (  266.78144     0.21503709E-04 ) :: heat equation
ComputeChange: NS (ITER=3) (NRM,RELC): (  266.78164     0.74955556E-06 ) :: heat equation
ComputeChange: NS (ITER=4) (NRM,RELC): (  266.78163     0.38709349E-07 ) :: heat equation
ComputeChange: NS (ITER=5) (NRM,RELC): (  266.78163     0.19897668E-08 ) :: heat equation
MAIN: 
MAIN: -------------------------------------
MAIN: Time: 365/600:   3.650E+01
MAIN: Estimated time left:  6.3 minutes
MAIN: -------------------------------------
MAIN: 
ComputeChange: NS (ITER=1) (NRM,RELC): (  266.93310     0.56760425E-03 ) :: heat equation
ComputeChange: NS (ITER=2) (NRM,RELC): (  266.92831     0.17932471E-04 ) :: heat equation
ComputeChange: NS (ITER=3) (NRM,RELC): (  266.92856     0.95679131E-06 ) :: heat equation
ComputeChange: NS (ITER=4) (NRM,RELC): (  266.92854     0.83043338E-07 ) :: heat equation
ComputeChange: NS (ITER=5) (NRM,RELC): (  266.92854     0.71783008E-08 ) :: heat equation
MAIN: 
MAIN: -------------------------------------
MAIN: Time: 366/600:   3.660E+01
MAIN: Estimated time left:  6.0 minutes
MAIN: -------------------------------------
MAIN: 
ComputeChange: NS (ITER=1) (NRM,RELC): (  267.08047     0.56901652E-03 ) :: heat equation
ComputeChange: NS (ITER=2) (NRM,RELC): (  267.07788     0.97104346E-05 ) :: heat equation
ComputeChange: NS (ITER=3) (NRM,RELC): (  267.07804     0.59458622E-06 ) :: heat equation
ComputeChange: NS (ITER=4) (NRM,RELC): (  267.07801     0.10684571E-06 ) :: heat equation
ComputeChange: NS (ITER=5) (NRM,RELC): (  267.07802     0.19583707E-07 ) :: heat equation
ComputeChange: NS (ITER=6) (NRM,RELC): (  267.07801     0.35755949E-08 ) :: heat equation
MAIN: 
MAIN: -------------------------------------
MAIN: Time: 367/600:   3.670E+01
MAIN: Estimated time left:  7.2 minutes
MAIN: -------------------------------------
MAIN: 
ComputeChange: NS (ITER=1) (NRM,RELC): (  267.23235     0.57769999E-03 ) :: heat equation
ComputeChange: NS (ITER=2) (NRM,RELC): (  267.23489     0.95031081E-05 ) :: heat equation
ComputeChange: NS (ITER=3) (NRM,RELC): (  267.23495     0.23863881E-06 ) :: heat equation
ComputeChange: NS (ITER=4) (NRM,RELC): (  267.23495     0.28845459E-08 ) :: heat equation
MAIN: 
MAIN: -------------------------------------
MAIN: Time: 368/600:   3.680E+01
MAIN: Estimated time left:  5.0 minutes
MAIN: -------------------------------------
MAIN: 
ComputeChange: NS (ITER=1) (NRM,RELC): (  267.39857     0.61208215E-03 ) :: heat equation
ComputeChange: NS (ITER=2) (NRM,RELC): (  267.39925     0.25117272E-05 ) :: heat equation
ComputeChange: NS (ITER=3) (NRM,RELC): (  267.39945     0.76542578E-06 ) :: heat equation
ComputeChange: NS (ITER=4) (NRM,RELC): (  267.39946     0.49156260E-07 ) :: heat equation
ComputeChange: NS (ITER=5) (NRM,RELC): (  267.39946     0.20328574E-08 ) :: heat equation
MAIN: 
MAIN: -------------------------------------
MAIN: Time: 369/600:   3.690E+01
MAIN: Estimated time left:  6.0 minutes
MAIN: -------------------------------------
MAIN: 
ComputeChange: NS (ITER=1) (NRM,RELC): (  267.56947     0.63555568E-03 ) :: heat equation
ComputeChange: NS (ITER=2) (NRM,RELC): (  267.56419     0.19717263E-04 ) :: heat equation
ComputeChange: NS (ITER=3) (NRM,RELC): (  267.56392     0.10150345E-05 ) :: heat equation
ComputeChange: NS (ITER=4) (NRM,RELC): (  267.56390     0.68223076E-07 ) :: heat equation
ComputeChange: NS (ITER=5) (NRM,RELC): (  267.56390     0.44756465E-08 ) :: heat equation
MAIN: 
MAIN: -------------------------------------
MAIN: Time: 370/600:   3.700E+01
MAIN: Estimated time left:  7.1 minutes
MAIN: -------------------------------------
MAIN: 
ComputeChange: NS (ITER=1) (NRM,RELC): (  267.73325     0.63274853E-03 ) :: heat equation
ComputeChange: NS (ITER=2) (NRM,RELC): (  267.72871     0.16952812E-04 ) :: heat equation
ComputeChange: NS (ITER=3) (NRM,RELC): (  267.72774     0.36532180E-05 ) :: heat equation
ComputeChange: NS (ITER=4) (NRM,RELC): (  267.72795     0.78648550E-06 ) :: heat equation
ComputeChange: NS (ITER=5) (NRM,RELC): (  267.72789     0.21839693E-06 ) :: heat equation
ComputeChange: NS (ITER=6) (NRM,RELC): (  267.72790     0.59173675E-07 ) :: heat equation
ComputeChange: NS (ITER=7) (NRM,RELC): (  267.72790     0.15849578E-07 ) :: heat equation
ComputeChange: NS (ITER=8) (NRM,RELC): (  267.72790     0.41060776E-08 ) :: heat equation
MAIN: 
MAIN: -------------------------------------
MAIN: Time: 371/600:   3.710E+01
MAIN: Estimated time left: 10.1 minutes
MAIN: -------------------------------------
MAIN: 
ComputeChange: NS (ITER=1) (NRM,RELC): (  267.88651     0.59226621E-03 ) :: heat equation
ComputeChange: NS (ITER=2) (NRM,RELC): (  267.88167     0.18080913E-04 ) :: heat equation
ComputeChange: NS (ITER=3) (NRM,RELC): (  267.88207     0.14984044E-05 ) :: heat equation
ComputeChange: NS (ITER=4) (NRM,RELC): (  267.88199     0.30031817E-06 ) :: heat equation
ComputeChange: NS (ITER=5) (NRM,RELC): (  267.88201     0.67030931E-07 ) :: heat equation
ComputeChange: NS (ITER=6) (NRM,RELC): (  267.88201     0.14958853E-07 ) :: heat equation
ComputeChange: NS (ITER=7) (NRM,RELC): (  267.88201     0.32127257E-08 ) :: heat equation
MAIN: 
MAIN: -------------------------------------
MAIN: Time: 372/600:   3.720E+01
MAIN: Estimated time left:  9.4 minutes
MAIN: -------------------------------------
MAIN: 
ComputeChange: NS (ITER=1) (NRM,RELC): (  268.04287     0.60030952E-03 ) :: heat equation
ComputeChange: NS (ITER=2) (NRM,RELC): (  268.03692     0.22177672E-04 ) :: heat equation
ComputeChange: NS (ITER=3) (NRM,RELC): (  268.03717     0.93103116E-06 ) :: heat equation
ComputeChange: NS (ITER=4) (NRM,RELC): (  268.03713     0.15579689E-06 ) :: heat equation
ComputeChange: NS (ITER=5) (NRM,RELC): (  268.03714     0.20315286E-07 ) :: heat equation
ComputeChange: NS (ITER=6) (NRM,RELC): (  268.03713     0.29917291E-08 ) :: heat equation
MAIN: 
MAIN: -------------------------------------
MAIN: Time: 373/600:   3.730E+01
MAIN: Estimated time left:  8.6 minutes
MAIN: -------------------------------------
MAIN: 
ComputeChange: NS (ITER=1) (NRM,RELC): (  268.19761     0.59852426E-03 ) :: heat equation
ComputeChange: NS (ITER=2) (NRM,RELC): (  268.19624     0.51227103E-05 ) :: heat equation
ComputeChange: NS (ITER=3) (NRM,RELC): (  268.19612     0.44259467E-06 ) :: heat equation
ComputeChange: NS (ITER=4) (NRM,RELC): (  268.19612     0.13961391E-07 ) :: heat equation
ComputeChange: NS (ITER=5) (NRM,RELC): (  268.19612     0.45222137E-09 ) :: heat equation
MAIN: 
MAIN: -------------------------------------
MAIN: Time: 374/600:   3.740E+01
MAIN: Estimated time left:  5.6 minutes
MAIN: -------------------------------------
MAIN: 
ComputeChange: NS (ITER=1) (NRM,RELC): (  268.36082     0.61390376E-03 ) :: heat equation
ComputeChange: NS (ITER=2) (NRM,RELC): (  268.35510     0.21307483E-04 ) :: heat equation
ComputeChange: NS (ITER=3) (NRM,RELC): (  268.35485     0.92727752E-06 ) :: heat equation
ComputeChange: NS (ITER=4) (NRM,RELC): (  268.35483     0.86929082E-07 ) :: heat equation
ComputeChange: NS (ITER=5) (NRM,RELC): (  268.35483     0.86349874E-08 ) :: heat equation
MAIN: 
MAIN: -------------------------------------
MAIN: Time: 375/600:   3.750E+01
MAIN: Estimated time left:  5.8 minutes
MAIN: -------------------------------------
MAIN: 
ComputeChange: NS (ITER=1) (NRM,RELC): (  268.50708     0.56721087E-03 ) :: heat equation
ComputeChange: NS (ITER=2) (NRM,RELC): (  268.50297     0.15297625E-04 ) :: heat equation
ComputeChange: NS (ITER=3) (NRM,RELC): (  268.50280     0.64063407E-06 ) :: heat equation
ComputeChange: NS (ITER=4) (NRM,RELC): (  268.50279     0.39694815E-07 ) :: heat equation
ComputeChange: NS (ITER=5) (NRM,RELC): (  268.50279     0.23869610E-08 ) :: heat equation
MAIN: 
MAIN: -------------------------------------
MAIN: Time: 376/600:   3.760E+01
MAIN: Estimated time left:  5.9 minutes
MAIN: -------------------------------------
MAIN: 
ComputeChange: NS (ITER=1) (NRM,RELC): (  268.64976     0.54721775E-03 ) :: heat equation
ComputeChange: NS (ITER=2) (NRM,RELC): (  268.64659     0.11814140E-04 ) :: heat equation
ComputeChange: NS (ITER=3) (NRM,RELC): (  268.64641     0.67328022E-06 ) :: heat equation
ComputeChange: NS (ITER=4) (NRM,RELC): (  268.64639     0.77901396E-07 ) :: heat equation
ComputeChange: NS (ITER=5) (NRM,RELC): (  268.64638     0.87074886E-08 ) :: heat equation
MAIN: 
MAIN: -------------------------------------
MAIN: Time: 377/600:   3.770E+01
MAIN: Estimated time left:  6.8 minutes
MAIN: -------------------------------------
MAIN: 
ComputeChange: NS (ITER=1) (NRM,RELC): (  268.79033     0.53566449E-03 ) :: heat equation
ComputeChange: NS (ITER=2) (NRM,RELC): (  268.78569     0.17237866E-04 ) :: heat equation
ComputeChange: NS (ITER=3) (NRM,RELC): (  268.78598     0.10863639E-05 ) :: heat equation
ComputeChange: NS (ITER=4) (NRM,RELC): (  268.78595     0.11214953E-06 ) :: heat equation
ComputeChange: NS (ITER=5) (NRM,RELC): (  268.78596     0.11484424E-07 ) :: heat equation
ComputeChange: NS (ITER=6) (NRM,RELC): (  268.78596     0.10693157E-08 ) :: heat equation
MAIN: 
MAIN: -------------------------------------
MAIN: Time: 378/600:   3.780E+01
MAIN: Estimated time left:  8.7 minutes
MAIN: -------------------------------------
MAIN: 
ComputeChange: NS (ITER=1) (NRM,RELC): (  268.92840     0.52979573E-03 ) :: heat equation
ComputeChange: NS (ITER=2) (NRM,RELC): (  268.92463     0.14017018E-04 ) :: heat equation
ComputeChange: NS (ITER=3) (NRM,RELC): (  268.92490     0.10204128E-05 ) :: heat equation
ComputeChange: NS (ITER=4) (NRM,RELC): (  268.92486     0.13941866E-06 ) :: heat equation
ComputeChange: NS (ITER=5) (NRM,RELC): (  268.92487     0.19173794E-07 ) :: heat equation
ComputeChange: NS (ITER=6) (NRM,RELC): (  268.92487     0.26185961E-08 ) :: heat equation
MAIN: 
MAIN: -------------------------------------
MAIN: Time: 379/600:   3.790E+01
MAIN: Estimated time left:  8.7 minutes
MAIN: -------------------------------------
MAIN: 
ComputeChange: NS (ITER=1) (NRM,RELC): (  269.06661     0.52693930E-03 ) :: heat equation
ComputeChange: NS (ITER=2) (NRM,RELC): (  269.06483     0.66243611E-05 ) :: heat equation
ComputeChange: NS (ITER=3) (NRM,RELC): (  269.06484     0.17882494E-07 ) :: heat equation
ComputeChange: NS (ITER=4) (NRM,RELC): (  269.06484     0.18417900E-10 ) :: heat equation
MAIN: 
MAIN: -------------------------------------
MAIN: Time: 380/600:   3.800E+01
MAIN: Estimated time left:  5.9 minutes
MAIN: -------------------------------------
MAIN: 
ComputeChange: NS (ITER=1) (NRM,RELC): (  269.21155     0.54514016E-03 ) :: heat equation
ComputeChange: NS (ITER=2) (NRM,RELC): (  269.20938     0.80619867E-05 ) :: heat equation
ComputeChange: NS (ITER=3) (NRM,RELC): (  269.20956     0.65863571E-06 ) :: heat equation
ComputeChange: NS (ITER=4) (NRM,RELC): (  269.20957     0.28650256E-07 ) :: heat equation
ComputeChange: NS (ITER=5) (NRM,RELC): (  269.20957     0.14751730E-08 ) :: heat equation
MAIN: 
MAIN: -------------------------------------
MAIN: Time: 381/600:   3.810E+01
MAIN: Estimated time left: 10.0 minutes
MAIN: -------------------------------------
MAIN: 
ComputeChange: NS (ITER=1) (NRM,RELC): (  269.36134     0.56362197E-03 ) :: heat equation
ComputeChange: NS (ITER=2) (NRM,RELC): (  269.36116     0.66590472E-06 ) :: heat equation
ComputeChange: NS (ITER=3) (NRM,RELC): (  269.36138     0.78673597E-06 ) :: heat equation
ComputeChange: NS (ITER=4) (NRM,RELC): (  269.36140     0.89520700E-07 ) :: heat equation
ComputeChange: NS (ITER=5) (NRM,RELC): (  269.36140     0.10284850E-07 ) :: heat equation
ComputeChange: NS (ITER=6) (NRM,RELC): (  269.36140     0.12956735E-08 ) :: heat equation
MAIN: 
MAIN: -------------------------------------
MAIN: Time: 382/600:   3.820E+01
MAIN: Estimated time left:  8.8 minutes
MAIN: -------------------------------------
MAIN: 
ComputeChange: NS (ITER=1) (NRM,RELC): (  269.52064     0.59100416E-03 ) :: heat equation
ComputeChange: NS (ITER=2) (NRM,RELC): (  269.51597     0.17351058E-04 ) :: heat equation
ComputeChange: NS (ITER=3) (NRM,RELC): (  269.51563     0.12688935E-05 ) :: heat equation
ComputeChange: NS (ITER=4) (NRM,RELC): (  269.51558     0.16425361E-06 ) :: heat equation
ComputeChange: NS (ITER=5) (NRM,RELC): (  269.51558     0.23038504E-07 ) :: heat equation
ComputeChange: NS (ITER=6) (NRM,RELC): (  269.51557     0.33323534E-08 ) :: heat equation
MAIN: 
MAIN: -------------------------------------
MAIN: Time: 383/600:   3.830E+01
MAIN: Estimated time left:  8.3 minutes
MAIN: -------------------------------------
MAIN: 
ComputeChange: NS (ITER=1) (NRM,RELC): (  269.66965     0.57149789E-03 ) :: heat equation
ComputeChange: NS (ITER=2) (NRM,RELC): (  269.66800     0.60949817E-05 ) :: heat equation
ComputeChange: NS (ITER=3) (NRM,RELC): (  269.66767     0.12411812E-05 ) :: heat equation
ComputeChange: NS (ITER=4) (NRM,RELC): (  269.66764     0.11695136E-06 ) :: heat equation
ComputeChange: NS (ITER=5) (NRM,RELC): (  269.66763     0.20371028E-07 ) :: heat equation
ComputeChange: NS (ITER=6) (NRM,RELC): (  269.66763     0.15937427E-08 ) :: heat equation
MAIN: 
MAIN: -------------------------------------
MAIN: Time: 384/600:   3.840E+01
MAIN: Estimated time left:  8.1 minutes
MAIN: -------------------------------------
MAIN: 
ComputeChange: NS (ITER=1) (NRM,RELC): (  269.82391     0.57935777E-03 ) :: heat equation
ComputeChange: NS (ITER=2) (NRM,RELC): (  269.80498     0.70169181E-04 ) :: heat equation
ComputeChange: NS (ITER=3) (NRM,RELC): (  269.80681     0.67896918E-05 ) :: heat equation
ComputeChange: NS (ITER=4) (NRM,RELC): (  269.80635     0.17147975E-05 ) :: heat equation
ComputeChange: NS (ITER=5) (NRM,RELC): (  269.80646     0.43755338E-06 ) :: heat equation
ComputeChange: NS (ITER=6) (NRM,RELC): (  269.80643     0.11565273E-06 ) :: heat equation
ComputeChange: NS (ITER=7) (NRM,RELC): (  269.80644     0.30725426E-07 ) :: heat equation
ComputeChange: NS (ITER=8) (NRM,RELC): (  269.80644     0.81439980E-08 ) :: heat equation
MAIN: 
MAIN: -------------------------------------
MAIN: Time: 385/600:   3.850E+01
MAIN: Estimated time left: 10.6 minutes
MAIN: -------------------------------------
MAIN: 
ComputeChange: NS (ITER=1) (NRM,RELC): (  269.94497     0.51330249E-03 ) :: heat equation
ComputeChange: NS (ITER=2) (NRM,RELC): (  269.94478     0.68609820E-06 ) :: heat equation
ComputeChange: NS (ITER=3) (NRM,RELC): (  269.94487     0.31947370E-06 ) :: heat equation
ComputeChange: NS (ITER=4) (NRM,RELC): (  269.94485     0.52884247E-07 ) :: heat equation
ComputeChange: NS (ITER=5) (NRM,RELC): (  269.94485     0.16091277E-08 ) :: heat equation
MAIN: 
MAIN: -------------------------------------
MAIN: Time: 386/600:   3.860E+01
MAIN: Estimated time left:  4.7 minutes
MAIN: -------------------------------------
MAIN: 
ComputeChange: NS (ITER=1) (NRM,RELC): (  270.08802     0.53021477E-03 ) :: heat equation
ComputeChange: NS (ITER=2) (NRM,RELC): (  270.08312     0.18143686E-04 ) :: heat equation
ComputeChange: NS (ITER=3) (NRM,RELC): (  270.08294     0.66353709E-06 ) :: heat equation
ComputeChange: NS (ITER=4) (NRM,RELC): (  270.08296     0.54417917E-07 ) :: heat equation
ComputeChange: NS (ITER=5) (NRM,RELC): (  270.08295     0.96662532E-08 ) :: heat equation
MAIN: 
MAIN: -------------------------------------
MAIN: Time: 387/600:   3.870E+01
MAIN: Estimated time left:  5.6 minutes
MAIN: -------------------------------------
MAIN: 
ComputeChange: NS (ITER=1) (NRM,RELC): (  270.22695     0.53302390E-03 ) :: heat equation
ComputeChange: NS (ITER=2) (NRM,RELC): (  270.22398     0.11006230E-04 ) :: heat equation
ComputeChange: NS (ITER=3) (NRM,RELC): (  270.22384     0.49968073E-06 ) :: heat equation
ComputeChange: NS (ITER=4) (NRM,RELC): (  270.22383     0.38324429E-07 ) :: heat equation
ComputeChange: NS (ITER=5) (NRM,RELC): (  270.22383     0.28709339E-08 ) :: heat equation
MAIN: 
MAIN: -------------------------------------
MAIN: Time: 388/600:   3.880E+01
MAIN: Estimated time left:  5.2 minutes
MAIN: -------------------------------------
MAIN: 
ComputeChange: NS (ITER=1) (NRM,RELC): (  270.37599     0.56293581E-03 ) :: heat equation
ComputeChange: NS (ITER=2) (NRM,RELC): (  270.36948     0.24087469E-04 ) :: heat equation
ComputeChange: NS (ITER=3) (NRM,RELC): (  270.36932     0.59596653E-06 ) :: heat equation
ComputeChange: NS (ITER=4) (NRM,RELC): (  270.36930     0.76867513E-07 ) :: heat equation
ComputeChange: NS (ITER=5) (NRM,RELC): (  270.36930     0.97900985E-08 ) :: heat equation
MAIN: 
MAIN: -------------------------------------
MAIN: Time: 389/600:   3.890E+01
MAIN: Estimated time left:  5.0 minutes
MAIN: -------------------------------------
MAIN: 
ComputeChange: NS (ITER=1) (NRM,RELC): (  270.51920     0.55430125E-03 ) :: heat equation
ComputeChange: NS (ITER=2) (NRM,RELC): (  270.51749     0.63544374E-05 ) :: heat equation
ComputeChange: NS (ITER=3) (NRM,RELC): (  270.51747     0.39628884E-07 ) :: heat equation
ComputeChange: NS (ITER=4) (NRM,RELC): (  270.51747     0.97138174E-08 ) :: heat equation
MAIN: 
MAIN: -------------------------------------
MAIN: Time: 390/600:   3.900E+01
MAIN: Estimated time left:  3.8 minutes
MAIN: -------------------------------------
MAIN: 
ComputeChange: NS (ITER=1) (NRM,RELC): (  270.66649     0.55072299E-03 ) :: heat equation
ComputeChange: NS (ITER=2) (NRM,RELC): (  270.66475     0.64461974E-05 ) :: heat equation
ComputeChange: NS (ITER=3) (NRM,RELC): (  270.66475     0.16999404E-07 ) :: heat equation
ComputeChange: NS (ITER=4) (NRM,RELC): (  270.66475     0.68244087E-11 ) :: heat equation
MAIN: 
MAIN: -------------------------------------
MAIN: Time: 391/600:   3.910E+01
MAIN: Estimated time left:  4.1 minutes
MAIN: -------------------------------------
MAIN: 
ComputeChange: NS (ITER=1) (NRM,RELC): (  270.81729     0.56341859E-03 ) :: heat equation
ComputeChange: NS (ITER=2) (NRM,RELC): (  270.81022     0.26117434E-04 ) :: heat equation
ComputeChange: NS (ITER=3) (NRM,RELC): (  270.81035     0.47927222E-06 ) :: heat equation
ComputeChange: NS (ITER=4) (NRM,RELC): (  270.81035     0.11075815E-07 ) :: heat equation
ComputeChange: NS (ITER=5) (NRM,RELC): (  270.81035     0.15482313E-09 ) :: heat equation
MAIN: 
MAIN: -------------------------------------
MAIN: Time: 392/600:   3.920E+01
MAIN: Estimated time left:  4.8 minutes
MAIN: -------------------------------------
MAIN: 
ComputeChange: NS (ITER=1) (NRM,RELC): (  270.96111     0.55656759E-03 ) :: heat equation
ComputeChange: NS (ITER=2) (NRM,RELC): (  270.95551     0.20684851E-04 ) :: heat equation
ComputeChange: NS (ITER=3) (NRM,RELC): (  270.95577     0.97105043E-06 ) :: heat equation
ComputeChange: NS (ITER=4) (NRM,RELC): (  270.95575     0.67470780E-07 ) :: heat equation
ComputeChange: NS (ITER=5) (NRM,RELC): (  270.95575     0.47011488E-08 ) :: heat equation
MAIN: 
MAIN: -------------------------------------
MAIN: Time: 393/600:   3.930E+01
MAIN: Estimated time left:  4.8 minutes
MAIN: -------------------------------------
MAIN: 
ComputeChange: NS (ITER=1) (NRM,RELC): (  271.10599     0.55432278E-03 ) :: heat equation
ComputeChange: NS (ITER=2) (NRM,RELC): (  271.10298     0.11123130E-04 ) :: heat equation
ComputeChange: NS (ITER=3) (NRM,RELC): (  271.10318     0.73746191E-06 ) :: heat equation
ComputeChange: NS (ITER=4) (NRM,RELC): (  271.10315     0.11761039E-06 ) :: heat equation
ComputeChange: NS (ITER=5) (NRM,RELC): (  271.10315     0.18964102E-07 ) :: heat equation
ComputeChange: NS (ITER=6) (NRM,RELC): (  271.10315     0.29535139E-08 ) :: heat equation
MAIN: 
MAIN: -------------------------------------
MAIN: Time: 394/600:   3.940E+01
MAIN: Estimated time left:  6.3 minutes
MAIN: -------------------------------------
MAIN: 
ComputeChange: NS (ITER=1) (NRM,RELC): (  271.25394     0.55607125E-03 ) :: heat equation
ComputeChange: NS (ITER=2) (NRM,RELC): (  271.25689     0.10857851E-04 ) :: heat equation
ComputeChange: NS (ITER=3) (NRM,RELC): (  271.25704     0.53628819E-06 ) :: heat equation
ComputeChange: NS (ITER=4) (NRM,RELC): (  271.25704     0.15464782E-07 ) :: heat equation
ComputeChange: NS (ITER=5) (NRM,RELC): (  271.25704     0.54471137E-09 ) :: heat equation
MAIN: 
MAIN: -------------------------------------
MAIN: Time: 395/600:   3.950E+01
MAIN: Estimated time left:  5.4 minutes
MAIN: -------------------------------------
MAIN: 
ComputeChange: NS (ITER=1) (NRM,RELC): (  271.41582     0.58516903E-03 ) :: heat equation
ComputeChange: NS (ITER=2) (NRM,RELC): (  271.41641     0.21928914E-05 ) :: heat equation
ComputeChange: NS (ITER=3) (NRM,RELC): (  271.41665     0.86938968E-06 ) :: heat equation
ComputeChange: NS (ITER=4) (NRM,RELC): (  271.41667     0.92252983E-07 ) :: heat equation
ComputeChange: NS (ITER=5) (NRM,RELC): (  271.41668     0.98148326E-08 ) :: heat equation
MAIN: 
MAIN: -------------------------------------
MAIN: Time: 396/600:   3.960E+01
MAIN: Estimated time left:  5.3 minutes
MAIN: -------------------------------------
MAIN: 
ComputeChange: NS (ITER=1) (NRM,RELC): (  271.58173     0.60794495E-03 ) :: heat equation
ComputeChange: NS (ITER=2) (NRM,RELC): (  271.57225     0.34911119E-04 ) :: heat equation
ComputeChange: NS (ITER=3) (NRM,RELC): (  271.57225     0.21795898E-07 ) :: heat equation
ComputeChange: NS (ITER=4) (NRM,RELC): (  271.57217     0.27009150E-06 ) :: heat equation
ComputeChange: NS (ITER=5) (NRM,RELC): (  271.57217     0.88222813E-08 ) :: heat equation
MAIN: 
MAIN: -------------------------------------
MAIN: Time: 397/600:   3.970E+01
MAIN: Estimated time left:  5.2 minutes
MAIN: -------------------------------------
MAIN: 
ComputeChange: NS (ITER=1) (NRM,RELC): (  271.72519     0.56327145E-03 ) :: heat equation
ComputeChange: NS (ITER=2) (NRM,RELC): (  271.72116     0.14828323E-04 ) :: heat equation
ComputeChange: NS (ITER=3) (NRM,RELC): (  271.72100     0.57799853E-06 ) :: heat equation
ComputeChange: NS (ITER=4) (NRM,RELC): (  271.72098     0.75071727E-07 ) :: heat equation
ComputeChange: NS (ITER=5) (NRM,RELC): (  271.72098     0.29361809E-08 ) :: heat equation
MAIN: 
MAIN: -------------------------------------
MAIN: Time: 398/600:   3.980E+01
MAIN: Estimated time left:  5.2 minutes
MAIN: -------------------------------------
MAIN: 
ComputeChange: NS (ITER=1) (NRM,RELC): (  271.85992     0.51119733E-03 ) :: heat equation
ComputeChange: NS (ITER=2) (NRM,RELC): (  271.84648     0.49440528E-04 ) :: heat equation
ComputeChange: NS (ITER=3) (NRM,RELC): (  271.84729     0.30030701E-05 ) :: heat equation
ComputeChange: NS (ITER=4) (NRM,RELC): (  271.84716     0.50758777E-06 ) :: heat equation
ComputeChange: NS (ITER=5) (NRM,RELC): (  271.84719     0.11479791E-06 ) :: heat equation
ComputeChange: NS (ITER=6) (NRM,RELC): (  271.84718     0.27898621E-07 ) :: heat equation
ComputeChange: NS (ITER=7) (NRM,RELC): (  271.84718     0.68226899E-08 ) :: heat equation
REF time=  39.800 max=  1552.561 energy residual=  2.2045E+00
MAIN: 
MAIN: -------------------------------------
MAIN: Time: 399/600:   3.990E+01
MAIN: Estimated time left:  7.4 minutes
MAIN: -------------------------------------
MAIN: 
ComputeChange: NS (ITER=1) (NRM,RELC): (  271.97612     0.47417674E-03 ) :: heat equation
ComputeChange: NS (ITER=2) (NRM,RELC): (  271.96918     0.25501527E-04 ) :: heat equation
ComputeChange: NS (ITER=3) (NRM,RELC): (  271.96925     0.26593014E-06 ) :: heat equation
ComputeChange: NS (ITER=4) (NRM,RELC): (  271.96926     0.33930841E-07 ) :: heat equation
ComputeChange: NS (ITER=5) (NRM,RELC): (  271.96926     0.57563020E-08 ) :: heat equation
REF time=  39.900 max=  1565.994 energy residual=  2.2051E+00
MAIN: 
MAIN: -------------------------------------
MAIN: Time: 400/600:   4.000E+01
MAIN: Estimated time left:  5.1 minutes
MAIN: -------------------------------------
MAIN: 
ComputeChange: NS (ITER=1) (NRM,RELC): (  272.10672     0.50528634E-03 ) :: heat equation
ComputeChange: NS (ITER=2) (NRM,RELC): (  272.10200     0.17330316E-04 ) :: heat equation
ComputeChange: NS (ITER=3) (NRM,RELC): (  272.10208     0.29145716E-06 ) :: heat equation
ComputeChange: NS (ITER=4) (NRM,RELC): (  272.10211     0.95023295E-07 ) :: heat equation
ComputeChange: NS (ITER=5) (NRM,RELC): (  272.10211     0.92097081E-08 ) :: heat equation
REF time=  40.000 max=  1577.900 energy residual=  2.1935E+00
MAIN: 
MAIN: -------------------------------------
MAIN: Time: 401/600:   4.010E+01
MAIN: Estimated time left:  5.6 minutes
MAIN: -------------------------------------
MAIN: 
ComputeChange: NS (ITER=1) (NRM,RELC): (  266.65575     0.20218218E-01 ) :: heat equation
ComputeChange: NS (ITER=2) (NRM,RELC): (  266.05300     0.22629787E-02 ) :: heat equation
ComputeChange: NS (ITER=3) (NRM,RELC): (  266.00410     0.18380283E-03 ) :: heat equation
ComputeChange: NS (ITER=4) (NRM,RELC): (  265.99954     0.17127968E-04 ) :: heat equation
ComputeChange: NS (ITER=5) (NRM,RELC): (  265.99907     0.17659873E-05 ) :: heat equation
ComputeChange: NS (ITER=6) (NRM,RELC): (  265.99902     0.19200247E-06 ) :: heat equation
ComputeChange: NS (ITER=7) (NRM,RELC): (  265.99902     0.21386789E-07 ) :: heat equation
ComputeChange: NS (ITER=8) (NRM,RELC): (  265.99902     0.25727082E-08 ) :: heat equation
REF time=  40.100 max=  1080.990 energy residual=  2.6666E+00
MAIN: 
MAIN: -------------------------------------
MAIN: Time: 402/600:   4.020E+01
MAIN: Estimated time left:  8.2 minutes
MAIN: -------------------------------------
MAIN: 
ComputeChange: NS (ITER=1) (NRM,RELC): (  262.55431     0.13034451E-01 ) :: heat equation
ComputeChange: NS (ITER=2) (NRM,RELC): (  262.54374     0.40291151E-04 ) :: heat equation
ComputeChange: NS (ITER=3) (NRM,RELC): (  262.54357     0.63879849E-06 ) :: heat equation
ComputeChange: NS (ITER=4) (NRM,RELC): (  262.54357     0.49870942E-08 ) :: heat equation
REF time=  40.200 max=   881.062 energy residual=  3.0120E+00
MAIN: 
MAIN: -------------------------------------
MAIN: Time: 403/600:   4.030E+01
MAIN: Estimated time left:  3.9 minutes
MAIN: -------------------------------------
MAIN: 
ComputeChange: NS (ITER=1) (NRM,RELC): (  260.13632     0.92111672E-02 ) :: heat equation
ComputeChange: NS (ITER=2) (NRM,RELC): (  260.12339     0.49726973E-04 ) :: heat equation
ComputeChange: NS (ITER=3) (NRM,RELC): (  260.12323     0.61263283E-06 ) :: heat equation
ComputeChange: NS (ITER=4) (NRM,RELC): (  260.12322     0.66216653E-08 ) :: heat equation
REF time=  40.300 max=   783.262 energy residual=  3.3598E+00
MAIN: 
MAIN: -------------------------------------
MAIN: Time: 404/600:   4.040E+01
MAIN: Estimated time left:  4.3 minutes
MAIN: -------------------------------------
MAIN: 
ComputeChange: NS (ITER=1) (NRM,RELC): (  258.25725     0.71992553E-02 ) :: heat equation
ComputeChange: NS (ITER=2) (NRM,RELC): (  258.24161     0.60540518E-04 ) :: heat equation
ComputeChange: NS (ITER=3) (NRM,RELC): (  258.24143     0.70415039E-06 ) :: heat equation
ComputeChange: NS (ITER=4) (NRM,RELC): (  258.24143     0.93625230E-08 ) :: heat equation
REF time=  40.400 max=   716.873 energy residual=  3.6504E+00
MAIN: 
MAIN: -------------------------------------
MAIN: Time: 405/600:   4.050E+01
MAIN: Estimated time left:  4.5 minutes
MAIN: -------------------------------------
MAIN: 
ComputeChange: NS (ITER=1) (NRM,RELC): (  256.71558     0.59261358E-02 ) :: heat equation
ComputeChange: NS (ITER=2) (NRM,RELC): (  256.70407     0.44816001E-04 ) :: heat equation
ComputeChange: NS (ITER=3) (NRM,RELC): (  256.70396     0.44794003E-06 ) :: heat equation
ComputeChange: NS (ITER=4) (NRM,RELC): (  256.70396     0.50920296E-08 ) :: heat equation
REF time=  40.500 max=   664.735 energy residual=  3.8878E+00
MAIN: 
MAIN: -------------------------------------
MAIN: Time: 406/600:   4.060E+01
MAIN: Estimated time left:  4.2 minutes
MAIN: -------------------------------------
MAIN: 
ComputeChange: NS (ITER=1) (NRM,RELC): (  255.41906     0.50179356E-02 ) :: heat equation
ComputeChange: NS (ITER=2) (NRM,RELC): (  255.41056     0.33247543E-04 ) :: heat equation
ComputeChange: NS (ITER=3) (NRM,RELC): (  255.41049     0.27584969E-06 ) :: heat equation
ComputeChange: NS (ITER=4) (NRM,RELC): (  255.41049     0.24935304E-08 ) :: heat equation
MAIN: 
MAIN: -------------------------------------
MAIN: Time: 407/600:   4.070E+01
MAIN: Estimated time left:  4.0 minutes
MAIN: -------------------------------------
MAIN: 
ComputeChange: NS (ITER=1) (NRM,RELC): (  254.30411     0.43411877E-02 ) :: heat equation
ComputeChange: NS (ITER=2) (NRM,RELC): (  254.29764     0.25442122E-04 ) :: heat equation
ComputeChange: NS (ITER=3) (NRM,RELC): (  254.29759     0.18052181E-06 ) :: heat equation
ComputeChange: NS (ITER=4) (NRM,RELC): (  254.29759     0.12669286E-08 ) :: heat equation
MAIN: 
MAIN: -------------------------------------
MAIN: Time: 408/600:   4.080E+01
MAIN: Estimated time left:  3.8 minutes
MAIN: -------------------------------------
MAIN: 
ComputeChange: NS (ITER=1) (NRM,RELC): (  253.32808     0.38197947E-02 ) :: heat equation
ComputeChange: NS (ITER=2) (NRM,RELC): (  253.32317     0.19388433E-04 ) :: heat equation
ComputeChange: NS (ITER=3) (NRM,RELC): (  253.32314     0.11874485E-06 ) :: heat equation
ComputeChange: NS (ITER=4) (NRM,RELC): (  253.32314     0.72536034E-09 ) :: heat equation
MAIN: 
MAIN: -------------------------------------
MAIN: Time: 409/600:   4.090E+01
MAIN: Estimated time left:  3.9 minutes
MAIN: -------------------------------------
MAIN: 
ComputeChange: NS (ITER=1) (NRM,RELC): (  252.46147     0.34072542E-02 ) :: heat equation
ComputeChange: NS (ITER=2) (NRM,RELC): (  252.45770     0.14950395E-04 ) :: heat equation
ComputeChange: NS (ITER=3) (NRM,RELC): (  252.45768     0.79221700E-07 ) :: heat equation
ComputeChange: NS (ITER=4) (NRM,RELC): (  252.45768     0.42230652E-09 ) :: heat equation
MAIN: 
MAIN: -------------------------------------
MAIN: Time: 410/600:   4.100E+01
MAIN: Estimated time left:  3.7 minutes
MAIN: -------------------------------------
MAIN: 
ComputeChange: NS (ITER=1) (NRM,RELC): (  251.68269     0.30744909E-02 ) :: heat equation
ComputeChange: NS (ITER=2) (NRM,RELC): (  251.67974     0.11727565E-04 ) :: heat equation
ComputeChange: NS (ITER=3) (NRM,RELC): (  251.67972     0.54065975E-07 ) :: heat equation
ComputeChange: NS (ITER=4) (NRM,RELC): (  251.67972     0.25304530E-09 ) :: heat equation
MAIN: 
MAIN: -------------------------------------
MAIN: Time: 411/600:   4.110E+01
MAIN: Estimated time left:  3.6 minutes
MAIN: -------------------------------------
MAIN: 
ComputeChange: NS (ITER=1) (NRM,RELC): (  250.97559     0.28016568E-02 ) :: heat equation
ComputeChange: NS (ITER=2) (NRM,RELC): (  250.97325     0.93129177E-05 ) :: heat equation
ComputeChange: NS (ITER=3) (NRM,RELC): (  250.97324     0.37356764E-07 ) :: heat equation
ComputeChange: NS (ITER=4) (NRM,RELC): (  250.97324     0.15380106E-09 ) :: heat equation
MAIN: 
MAIN: -------------------------------------
MAIN: Time: 412/600:   4.120E+01
MAIN: Estimated time left:  3.6 minutes
MAIN: -------------------------------------
MAIN: 
ComputeChange: NS (ITER=1) (NRM,RELC): (  250.32791     0.25746206E-02 ) :: heat equation
ComputeChange: NS (ITER=2) (NRM,RELC): (  250.32603     0.75206112E-05 ) :: heat equation
ComputeChange: NS (ITER=3) (NRM,RELC): (  250.32602     0.26433350E-07 ) :: heat equation
ComputeChange: NS (ITER=4) (NRM,RELC): (  250.32602     0.19508425E-09 ) :: heat equation
MAIN: 
MAIN: -------------------------------------
MAIN: Time: 413/600:   4.130E+01
MAIN: Estimated time left:  3.8 minutes
MAIN: -------------------------------------
MAIN: 
ComputeChange: NS (ITER=1) (NRM,RELC): (  249.73010     0.23834093E-02 ) :: heat equation
ComputeChange: NS (ITER=2) (NRM,RELC): (  249.72856     0.61757131E-05 ) :: heat equation
ComputeChange: NS (ITER=3) (NRM,RELC): (  249.72856     0.19178986E-07 ) :: heat equation
ComputeChange: NS (ITER=4) (NRM,RELC): (  249.72856     0.13301125E-09 ) :: heat equation
MAIN: 
MAIN: -------------------------------------
MAIN: Time: 414/600:   4.140E+01
MAIN: Estimated time left:  3.5 minutes
MAIN: -------------------------------------
MAIN: 
ComputeChange: NS (ITER=1) (NRM,RELC): (  249.17464     0.22205378E-02 ) :: heat equation
ComputeChange: NS (ITER=2) (NRM,RELC): (  249.17338     0.50734411E-05 ) :: heat equation
ComputeChange: NS (ITER=3) (NRM,RELC): (  249.17337     0.13818973E-07 ) :: heat equation
ComputeChange: NS (ITER=4) (NRM,RELC): (  249.17337     0.89780794E-10 ) :: heat equation
MAIN: 
MAIN: -------------------------------------
MAIN: Time: 415/600:   4.150E+01
MAIN: Estimated time left:  3.4 minutes
MAIN: -------------------------------------
MAIN: 
ComputeChange: NS (ITER=1) (NRM,RELC): (  248.65556     0.20802667E-02 ) :: heat equation
ComputeChange: NS (ITER=2) (NRM,RELC): (  248.65451     0.42437829E-05 ) :: heat equation
ComputeChange: NS (ITER=3) (NRM,RELC): (  248.65451     0.10277443E-07 ) :: heat equation
ComputeChange: NS (ITER=4) (NRM,RELC): (  248.65451     0.63426527E-10 ) :: heat equation
MAIN: 
MAIN: -------------------------------------
MAIN: Time: 416/600:   4.160E+01
MAIN: Estimated time left:  3.5 minutes
MAIN: -------------------------------------
MAIN: 
ComputeChange: NS (ITER=1) (NRM,RELC): (  248.16800     0.19584656E-02 ) :: heat equation
ComputeChange: NS (ITER=2) (NRM,RELC): (  248.16711     0.35975628E-05 ) :: heat equation
ComputeChange: NS (ITER=3) (NRM,RELC): (  248.16711     0.77884291E-08 ) :: heat equation
MAIN: 
MAIN: -------------------------------------
MAIN: Time: 417/600:   4.170E+01
MAIN: Estimated time left:  3.0 minutes
MAIN: -------------------------------------
MAIN: 
ComputeChange: NS (ITER=1) (NRM,RELC): (  247.70796     0.18518528E-02 ) :: heat equation
ComputeChange: NS (ITER=2) (NRM,RELC): (  247.70720     0.30881363E-05 ) :: heat equation
ComputeChange: NS (ITER=3) (NRM,RELC): (  247.70720     0.60461064E-08 ) :: heat equation
MAIN: 
MAIN: -------------------------------------
MAIN: Time: 418/600:   4.180E+01
MAIN: Estimated time left:  2.6 minutes
MAIN: -------------------------------------
MAIN: 
ComputeChange: NS (ITER=1) (NRM,RELC): (  247.27215     0.17578468E-02 ) :: heat equation
ComputeChange: NS (ITER=2) (NRM,RELC): (  247.27148     0.26837660E-05 ) :: heat equation
ComputeChange: NS (ITER=3) (NRM,RELC): (  247.27148     0.47919242E-08 ) :: heat equation
MAIN: 
MAIN: -------------------------------------
MAIN: Time: 419/600:   4.190E+01
MAIN: Estimated time left:  2.6 minutes
MAIN: -------------------------------------
MAIN: 
ComputeChange: NS (ITER=1) (NRM,RELC): (  246.85780     0.16743839E-02 ) :: heat equation
ComputeChange: NS (ITER=2) (NRM,RELC): (  246.85722     0.23541647E-05 ) :: heat equation
ComputeChange: NS (ITER=3) (NRM,RELC): (  246.85722     0.38818888E-08 ) :: heat equation
MAIN: 
MAIN: -------------------------------------
MAIN: Time: 420/600:   4.200E+01
MAIN: Estimated time left:  2.5 minutes
MAIN: -------------------------------------
MAIN: 
ComputeChange: NS (ITER=1) (NRM,RELC): (  246.46261     0.15998229E-02 ) :: heat equation
ComputeChange: NS (ITER=2) (NRM,RELC): (  246.46209     0.20847482E-05 ) :: heat equation
ComputeChange: NS (ITER=3) (NRM,RELC): (  246.46209     0.31816545E-08 ) :: heat equation
MAIN: 
MAIN: -------------------------------------
MAIN: Time: 421/600:   4.210E+01
MAIN: Estimated time left:  2.5 minutes
MAIN: -------------------------------------
MAIN: 
ComputeChange: NS (ITER=1) (NRM,RELC): (  246.08460     0.15328185E-02 ) :: heat equation
ComputeChange: NS (ITER=2) (NRM,RELC): (  246.08414     0.18581728E-05 ) :: heat equation
ComputeChange: NS (ITER=3) (NRM,RELC): (  246.08414     0.26532944E-08 ) :: heat equation
MAIN: 
MAIN: -------------------------------------
MAIN: Time: 422/600:   4.220E+01
MAIN: Estimated time left:  2.6 minutes
MAIN: -------------------------------------
MAIN: 
ComputeChange: NS (ITER=1) (NRM,RELC): (  245.72210     0.14722940E-02 ) :: heat equation
ComputeChange: NS (ITER=2) (NRM,RELC): (  245.72169     0.16716681E-05 ) :: heat equation
ComputeChange: NS (ITER=3) (NRM,RELC): (  245.72169     0.22380495E-08 ) :: heat equation
MAIN: 
MAIN: -------------------------------------
MAIN: Time: 423/600:   4.230E+01
MAIN: Estimated time left:  2.6 minutes
MAIN: -------------------------------------
MAIN: 
ComputeChange: NS (ITER=1) (NRM,RELC): (  245.37366     0.14173467E-02 ) :: heat equation
ComputeChange: NS (ITER=2) (NRM,RELC): (  245.37329     0.15042377E-05 ) :: heat equation
ComputeChange: NS (ITER=3) (NRM,RELC): (  245.37329     0.18797765E-08 ) :: heat equation
MAIN: 
MAIN: -------------------------------------
MAIN: Time: 424/600:   4.240E+01
MAIN: Estimated time left:  2.6 minutes
MAIN: -------------------------------------
MAIN: 
ComputeChange: NS (ITER=1) (NRM,RELC): (  245.03805     0.13672060E-02 ) :: heat equation
ComputeChange: NS (ITER=2) (NRM,RELC): (  245.03771     0.13593118E-05 ) :: heat equation
ComputeChange: NS (ITER=3) (NRM,RELC): (  245.03771     0.15994237E-08 ) :: heat equation
MAIN: 
MAIN: -------------------------------------
MAIN: Time: 425/600:   4.250E+01
MAIN: Estimated time left:  2.6 minutes
MAIN: -------------------------------------
MAIN: 
ComputeChange: NS (ITER=1) (NRM,RELC): (  244.71417     0.13212533E-02 ) :: heat equation
ComputeChange: NS (ITER=2) (NRM,RELC): (  244.71387     0.12441140E-05 ) :: heat equation
ComputeChange: NS (ITER=3) (NRM,RELC): (  244.71386     0.13920405E-08 ) :: heat equation
MAIN: 
MAIN: -------------------------------------
MAIN: Time: 426/600:   4.260E+01
MAIN: Estimated time left:  2.8 minutes
MAIN: -------------------------------------
MAIN: 
ComputeChange: NS (ITER=1) (NRM,RELC): (  244.40108     0.12789906E-02 ) :: heat equation
ComputeChange: NS (ITER=2) (NRM,RELC): (  244.40080     0.11467071E-05 ) :: heat equation
ComputeChange: NS (ITER=3) (NRM,RELC): (  244.40080     0.12238018E-08 ) :: heat equation
MAIN: 
MAIN: -------------------------------------
MAIN: Time: 427/600:   4.270E+01
MAIN: Estimated time left:  2.8 minutes
MAIN: -------------------------------------
MAIN: 
ComputeChange: NS (ITER=1) (NRM,RELC): (  244.09793     0.12399870E-02 ) :: heat equation
ComputeChange: NS (ITER=2) (NRM,RELC): (  244.09767     0.10575321E-05 ) :: heat equation
ComputeChange: NS (ITER=3) (NRM,RELC): (  244.09767     0.10743205E-08 ) :: heat equation
MAIN: 
MAIN: -------------------------------------
MAIN: Time: 428/600:   4.280E+01
MAIN: Estimated time left:  2.6 minutes
MAIN: -------------------------------------
MAIN: 
ComputeChange: NS (ITER=1) (NRM,RELC): (  243.80399     0.12038619E-02 ) :: heat equation
ComputeChange: NS (ITER=2) (NRM,RELC): (  243.80375     0.97669211E-06 ) :: heat equation
ComputeChange: NS (ITER=3) (NRM,RELC): (  243.80375     0.85080057E-09 ) :: heat equation
MAIN: 
MAIN: -------------------------------------
MAIN: Time: 429/600:   4.290E+01
MAIN: Estimated time left:  2.7 minutes
MAIN: -------------------------------------
MAIN: 
ComputeChange: NS (ITER=1) (NRM,RELC): (  243.51859     0.11703040E-02 ) :: heat equation
ComputeChange: NS (ITER=2) (NRM,RELC): (  243.51837     0.90585371E-06 ) :: heat equation
ComputeChange: NS (ITER=3) (NRM,RELC): (  243.51837     0.75178491E-09 ) :: heat equation
MAIN: 
MAIN: -------------------------------------
MAIN: Time: 430/600:   4.300E+01
MAIN: Estimated time left:  2.5 minutes
MAIN: -------------------------------------
MAIN: 
ComputeChange: NS (ITER=1) (NRM,RELC): (  243.24115     0.11390437E-02 ) :: heat equation
ComputeChange: NS (ITER=2) (NRM,RELC): (  243.24095     0.83892195E-06 ) :: heat equation
ComputeChange: NS (ITER=3) (NRM,RELC): (  243.24095     0.66243801E-09 ) :: heat equation
MAIN: 
MAIN: -------------------------------------
MAIN: Time: 431/600:   4.310E+01
MAIN: Estimated time left:  2.5 minutes
MAIN: -------------------------------------
MAIN: 
ComputeChange: NS (ITER=1) (NRM,RELC): (  242.97114     0.11098451E-02 ) :: heat equation
ComputeChange: NS (ITER=2) (NRM,RELC): (  242.97095     0.78026860E-06 ) :: heat equation
ComputeChange: NS (ITER=3) (NRM,RELC): (  242.97095     0.58731408E-09 ) :: heat equation
MAIN: 
MAIN: -------------------------------------
MAIN: Time: 432/600:   4.320E+01
MAIN: Estimated time left:  2.5 minutes
MAIN: -------------------------------------
MAIN: 
ComputeChange: NS (ITER=1) (NRM,RELC): (  242.70807     0.10825127E-02 ) :: heat equation
ComputeChange: NS (ITER=2) (NRM,RELC): (  242.70790     0.72684946E-06 ) :: heat equation
ComputeChange: NS (ITER=3) (NRM,RELC): (  242.70790     0.60991039E-09 ) :: heat equation
MAIN: 
MAIN: -------------------------------------
MAIN: Time: 433/600:   4.330E+01
MAIN: Estimated time left:  2.3 minutes
MAIN: -------------------------------------
MAIN: 
ComputeChange: NS (ITER=1) (NRM,RELC): (  242.45152     0.10568740E-02 ) :: heat equation
ComputeChange: NS (ITER=2) (NRM,RELC): (  242.45136     0.67670787E-06 ) :: heat equation
ComputeChange: NS (ITER=3) (NRM,RELC): (  242.45136     0.54142427E-09 ) :: heat equation
MAIN: 
MAIN: -------------------------------------
MAIN: Time: 434/600:   4.340E+01
MAIN: Estimated time left:  2.4 minutes
MAIN: -------------------------------------
MAIN: 
ComputeChange: NS (ITER=1) (NRM,RELC): (  242.20109     0.10327745E-02 ) :: heat equation
ComputeChange: NS (ITER=2) (NRM,RELC): (  242.20093     0.63164563E-06 ) :: heat equation
ComputeChange: NS (ITER=3) (NRM,RELC): (  242.20093     0.48597779E-09 ) :: heat equation
MAIN: 
MAIN: -------------------------------------
MAIN: Time: 435/600:   4.350E+01
MAIN: Estimated time left:  2.5 minutes
MAIN: -------------------------------------
MAIN: 
ComputeChange: NS (ITER=1) (NRM,RELC): (  241.95641     0.10100877E-02 ) :: heat equation
ComputeChange: NS (ITER=2) (NRM,RELC): (  241.95627     0.59495728E-06 ) :: heat equation
ComputeChange: NS (ITER=3) (NRM,RELC): (  241.95627     0.44395886E-09 ) :: heat equation
MAIN: 
MAIN: -------------------------------------
MAIN: Time: 436/600:   4.360E+01
MAIN: Estimated time left:  2.3 minutes
MAIN: -------------------------------------
MAIN: 
ComputeChange: NS (ITER=1) (NRM,RELC): (  241.71717     0.98869582E-03 ) :: heat equation
ComputeChange: NS (ITER=2) (NRM,RELC): (  241.71703     0.56112860E-06 ) :: heat equation
ComputeChange: NS (ITER=3) (NRM,RELC): (  241.71703     0.40566786E-09 ) :: heat equation
MAIN: 
MAIN: -------------------------------------
MAIN: Time: 437/600:   4.370E+01
MAIN: Estimated time left:  2.4 minutes
MAIN: -------------------------------------
MAIN: 
ComputeChange: NS (ITER=1) (NRM,RELC): (  241.48304     0.96849486E-03 ) :: heat equation
ComputeChange: NS (ITER=2) (NRM,RELC): (  241.48291     0.52990620E-06 ) :: heat equation
ComputeChange: NS (ITER=3) (NRM,RELC): (  241.48291     0.37203060E-09 ) :: heat equation
MAIN: 
MAIN: -------------------------------------
MAIN: Time: 438/600:   4.380E+01
MAIN: Estimated time left:  2.5 minutes
MAIN: -------------------------------------
MAIN: 
ComputeChange: NS (ITER=1) (NRM,RELC): (  241.25376     0.94939182E-03 ) :: heat equation
ComputeChange: NS (ITER=2) (NRM,RELC): (  241.25364     0.50082259E-06 ) :: heat equation
ComputeChange: NS (ITER=3) (NRM,RELC): (  241.25364     0.34024108E-09 ) :: heat equation
MAIN: 
MAIN: -------------------------------------
MAIN: Time: 439/600:   4.390E+01
MAIN: Estimated time left:  2.3 minutes
MAIN: -------------------------------------
MAIN: 
ComputeChange: NS (ITER=1) (NRM,RELC): (  241.02906     0.93130200E-03 ) :: heat equation
ComputeChange: NS (ITER=2) (NRM,RELC): (  241.02895     0.47270925E-06 ) :: heat equation
ComputeChange: NS (ITER=3) (NRM,RELC): (  241.02895     0.31022261E-09 ) :: heat equation
MAIN: 
MAIN: -------------------------------------
MAIN: Time: 440/600:   4.400E+01
MAIN: Estimated time left:  2.1 minutes
MAIN: -------------------------------------
MAIN: 
ComputeChange: NS (ITER=1) (NRM,RELC): (  240.80871     0.91415206E-03 ) :: heat equation
ComputeChange: NS (ITER=2) (NRM,RELC): (  240.80861     0.44732880E-06 ) :: heat equation
ComputeChange: NS (ITER=3) (NRM,RELC): (  240.80861     0.28421331E-09 ) :: heat equation
MAIN: 
MAIN: -------------------------------------
MAIN: Time: 441/600:   4.410E+01
MAIN: Estimated time left:  2.2 minutes
MAIN: -------------------------------------
MAIN: 
ComputeChange: NS (ITER=1) (NRM,RELC): (  240.59249     0.89787249E-03 ) :: heat equation
ComputeChange: NS (ITER=2) (NRM,RELC): (  240.59239     0.42398740E-06 ) :: heat equation
ComputeChange: NS (ITER=3) (NRM,RELC): (  240.59239     0.26107926E-09 ) :: heat equation
MAIN: 
MAIN: -------------------------------------
MAIN: Time: 442/600:   4.420E+01
MAIN: Estimated time left:  2.2 minutes
MAIN: -------------------------------------
MAIN: 
ComputeChange: NS (ITER=1) (NRM,RELC): (  240.38018     0.88240440E-03 ) :: heat equation
ComputeChange: NS (ITER=2) (NRM,RELC): (  240.38008     0.40210547E-06 ) :: heat equation
ComputeChange: NS (ITER=3) (NRM,RELC): (  240.38008     0.23959393E-09 ) :: heat equation
MAIN: 
MAIN: -------------------------------------
MAIN: Time: 443/600:   4.430E+01
MAIN: Estimated time left:  2.2 minutes
MAIN: -------------------------------------
MAIN: 
ComputeChange: NS (ITER=1) (NRM,RELC): (  240.17160     0.86769299E-03 ) :: heat equation
ComputeChange: NS (ITER=2) (NRM,RELC): (  240.17151     0.38126404E-06 ) :: heat equation
ComputeChange: NS (ITER=3) (NRM,RELC): (  240.17151     0.22113542E-09 ) :: heat equation
MAIN: 
MAIN: -------------------------------------
MAIN: Time: 444/600:   4.440E+01
MAIN: Estimated time left:  2.2 minutes
MAIN: -------------------------------------
MAIN: 
ComputeChange: NS (ITER=1) (NRM,RELC): (  239.96656     0.85368644E-03 ) :: heat equation
ComputeChange: NS (ITER=2) (NRM,RELC): (  239.96647     0.36309202E-06 ) :: heat equation
ComputeChange: NS (ITER=3) (NRM,RELC): (  239.96647     0.20479376E-09 ) :: heat equation
MAIN: 
MAIN: -------------------------------------
MAIN: Time: 445/600:   4.450E+01
MAIN: Estimated time left:  2.1 minutes
MAIN: -------------------------------------
MAIN: 
ComputeChange: NS (ITER=1) (NRM,RELC): (  239.76491     0.84033606E-03 ) :: heat equation
ComputeChange: NS (ITER=2) (NRM,RELC): (  239.76482     0.34592749E-06 ) :: heat equation
ComputeChange: NS (ITER=3) (NRM,RELC): (  239.76482     0.18987385E-09 ) :: heat equation
MAIN: 
MAIN: -------------------------------------
MAIN: Time: 446/600:   4.460E+01
MAIN: Estimated time left:  2.1 minutes
MAIN: -------------------------------------
MAIN: 
ComputeChange: NS (ITER=1) (NRM,RELC): (  239.56648     0.82760095E-03 ) :: heat equation
ComputeChange: NS (ITER=2) (NRM,RELC): (  239.56640     0.33050279E-06 ) :: heat equation
ComputeChange: NS (ITER=3) (NRM,RELC): (  239.56640     0.17690594E-09 ) :: heat equation
MAIN: 
MAIN: -------------------------------------
MAIN: Time: 447/600:   4.470E+01
MAIN: Estimated time left:  2.1 minutes
MAIN: -------------------------------------
MAIN: 
ComputeChange: NS (ITER=1) (NRM,RELC): (  239.37112     0.81544332E-03 ) :: heat equation
ComputeChange: NS (ITER=2) (NRM,RELC): (  239.37105     0.31546284E-06 ) :: heat equation
ComputeChange: NS (ITER=3) (NRM,RELC): (  239.37105     0.16475032E-09 ) :: heat equation
MAIN: 
MAIN: -------------------------------------
MAIN: Time: 448/600:   4.480E+01
MAIN: Estimated time left:  2.1 minutes
MAIN: -------------------------------------
MAIN: 
ComputeChange: NS (ITER=1) (NRM,RELC): (  239.17871     0.80382645E-03 ) :: heat equation
ComputeChange: NS (ITER=2) (NRM,RELC): (  239.17864     0.30150841E-06 ) :: heat equation
ComputeChange: NS (ITER=3) (NRM,RELC): (  239.17864     0.15391100E-09 ) :: heat equation
MAIN: 
MAIN: -------------------------------------
MAIN: Time: 449/600:   4.490E+01
MAIN: Estimated time left:  2.1 minutes
MAIN: -------------------------------------
MAIN: 
ComputeChange: NS (ITER=1) (NRM,RELC): (  238.98912     0.79271737E-03 ) :: heat equation
ComputeChange: NS (ITER=2) (NRM,RELC): (  238.98905     0.28857026E-06 ) :: heat equation
ComputeChange: NS (ITER=3) (NRM,RELC): (  238.98905     0.14374516E-09 ) :: heat equation
MAIN: 
MAIN: -------------------------------------
MAIN: Time: 450/600:   4.500E+01
MAIN: Estimated time left:  2.0 minutes
MAIN: -------------------------------------
MAIN: 
ComputeChange: NS (ITER=1) (NRM,RELC): (  238.80221     0.78208604E-03 ) :: heat equation
ComputeChange: NS (ITER=2) (NRM,RELC): (  238.80214     0.27642788E-06 ) :: heat equation
ComputeChange: NS (ITER=3) (NRM,RELC): (  238.80214     0.13395860E-09 ) :: heat equation
REF time=  45.000 max=   420.611 energy residual=  5.7890E+00
MAIN: 
MAIN: -------------------------------------
MAIN: Time: 451/600:   4.510E+01
MAIN: Estimated time left:  2.1 minutes
MAIN: -------------------------------------
MAIN: 
ComputeChange: NS (ITER=1) (NRM,RELC): (  238.61788     0.77190320E-03 ) :: heat equation
ComputeChange: NS (ITER=2) (NRM,RELC): (  238.61782     0.26520522E-06 ) :: heat equation
ComputeChange: NS (ITER=3) (NRM,RELC): (  238.61782     0.12599168E-09 ) :: heat equation
MAIN: 
MAIN: -------------------------------------
MAIN: Time: 452/600:   4.520E+01
MAIN: Estimated time left:  2.1 minutes
MAIN: -------------------------------------
MAIN: 
ComputeChange: NS (ITER=1) (NRM,RELC): (  238.43603     0.76214373E-03 ) :: heat equation
ComputeChange: NS (ITER=2) (NRM,RELC): (  238.43597     0.25498962E-06 ) :: heat equation
ComputeChange: NS (ITER=3) (NRM,RELC): (  238.43597     0.11874716E-09 ) :: heat equation
MAIN: 
MAIN: -------------------------------------
MAIN: Time: 453/600:   4.530E+01
MAIN: Estimated time left:  2.3 minutes
MAIN: -------------------------------------
MAIN: 
ComputeChange: NS (ITER=1) (NRM,RELC): (  238.25654     0.75278434E-03 ) :: heat equation
ComputeChange: NS (ITER=2) (NRM,RELC): (  238.25648     0.24556612E-06 ) :: heat equation
ComputeChange: NS (ITER=3) (NRM,RELC): (  238.25648     0.11135889E-09 ) :: heat equation
MAIN: 
MAIN: -------------------------------------
MAIN: Time: 454/600:   4.540E+01
MAIN: Estimated time left:  2.0 minutes
MAIN: -------------------------------------
MAIN: 
ComputeChange: NS (ITER=1) (NRM,RELC): (  238.07933     0.74380216E-03 ) :: heat equation
ComputeChange: NS (ITER=2) (NRM,RELC): (  238.07928     0.23682630E-06 ) :: heat equation
ComputeChange: NS (ITER=3) (NRM,RELC): (  238.07928     0.10480848E-09 ) :: heat equation
MAIN: 
MAIN: -------------------------------------
MAIN: Time: 455/600:   4.550E+01
MAIN: Estimated time left:  2.0 minutes
MAIN: -------------------------------------
MAIN: 
ComputeChange: NS (ITER=1) (NRM,RELC): (  237.90431     0.73517673E-03 ) :: heat equation
ComputeChange: NS (ITER=2) (NRM,RELC): (  237.90426     0.22845309E-06 ) :: heat equation
ComputeChange: NS (ITER=3) (NRM,RELC): (  237.90426     0.98941977E-10 ) :: heat equation
MAIN: 
MAIN: -------------------------------------
MAIN: Time: 456/600:   4.560E+01
MAIN: Estimated time left:  2.0 minutes
MAIN: -------------------------------------
MAIN: 
ComputeChange: NS (ITER=1) (NRM,RELC): (  237.73139     0.72688966E-03 ) :: heat equation
ComputeChange: NS (ITER=2) (NRM,RELC): (  237.73134     0.22048644E-06 ) :: heat equation
ComputeChange: NS (ITER=3) (NRM,RELC): (  237.73134     0.93150065E-10 ) :: heat equation
MAIN: 
MAIN: -------------------------------------
MAIN: Time: 457/600:   4.570E+01
MAIN: Estimated time left:  2.1 minutes
MAIN: -------------------------------------
MAIN: 
ComputeChange: NS (ITER=1) (NRM,RELC): (  237.56049     0.71892180E-03 ) :: heat equation
ComputeChange: NS (ITER=2) (NRM,RELC): (  237.56044     0.21353299E-06 ) :: heat equation
ComputeChange: NS (ITER=3) (NRM,RELC): (  237.56044     0.88784897E-10 ) :: heat equation
MAIN: 
MAIN: -------------------------------------
MAIN: Time: 458/600:   4.580E+01
MAIN: Estimated time left:  2.0 minutes
MAIN: -------------------------------------
MAIN: 
ComputeChange: NS (ITER=1) (NRM,RELC): (  237.39153     0.71125688E-03 ) :: heat equation
ComputeChange: NS (ITER=2) (NRM,RELC): (  237.39148     0.20773234E-06 ) :: heat equation
ComputeChange: NS (ITER=3) (NRM,RELC): (  237.39148     0.85292013E-10 ) :: heat equation
MAIN: 
MAIN: -------------------------------------
MAIN: Time: 459/600:   4.590E+01
MAIN: Estimated time left:  1.9 minutes
MAIN: -------------------------------------
MAIN: 
ComputeChange: NS (ITER=1) (NRM,RELC): (  237.22445     0.70387945E-03 ) :: heat equation
ComputeChange: NS (ITER=2) (NRM,RELC): (  237.22440     0.20206131E-06 ) :: heat equation
ComputeChange: NS (ITER=3) (NRM,RELC): (  237.22440     0.81818069E-10 ) :: heat equation
MAIN: 
MAIN: -------------------------------------
MAIN: Time: 460/600:   4.600E+01
MAIN: Estimated time left:  1.9 minutes
MAIN: -------------------------------------
MAIN: 
ComputeChange: NS (ITER=1) (NRM,RELC): (  237.05916     0.69677407E-03 ) :: heat equation
ComputeChange: NS (ITER=2) (NRM,RELC): (  237.05912     0.19666411E-06 ) :: heat equation
ComputeChange: NS (ITER=3) (NRM,RELC): (  237.05912     0.78573503E-10 ) :: heat equation
MAIN: 
MAIN: -------------------------------------
MAIN: Time: 461/600:   4.610E+01
MAIN: Estimated time left:  1.9 minutes
MAIN: -------------------------------------
MAIN: 
ComputeChange: NS (ITER=1) (NRM,RELC): (  236.89562     0.68992653E-03 ) :: heat equation
ComputeChange: NS (ITER=2) (NRM,RELC): (  236.89558     0.19110751E-06 ) :: heat equation
ComputeChange: NS (ITER=3) (NRM,RELC): (  236.89558     0.74891823E-10 ) :: heat equation
MAIN: 
MAIN: -------------------------------------
MAIN: Time: 462/600:   4.620E+01
MAIN: Estimated time left:  1.9 minutes
MAIN: -------------------------------------
MAIN: 
ComputeChange: NS (ITER=1) (NRM,RELC): (  236.73375     0.68332262E-03 ) :: heat equation
ComputeChange: NS (ITER=2) (NRM,RELC): (  236.73371     0.18620920E-06 ) :: heat equation
ComputeChange: NS (ITER=3) (NRM,RELC): (  236.73371     0.72077492E-10 ) :: heat equation
MAIN: 
MAIN: -------------------------------------
MAIN: Time: 463/600:   4.630E+01
MAIN: Estimated time left:  2.0 minutes
MAIN: -------------------------------------
MAIN: 
ComputeChange: NS (ITER=1) (NRM,RELC): (  236.57351     0.67695039E-03 ) :: heat equation
ComputeChange: NS (ITER=2) (NRM,RELC): (  236.57346     0.18187959E-06 ) :: heat equation
ComputeChange: NS (ITER=3) (NRM,RELC): (  236.57346     0.69768586E-10 ) :: heat equation
MAIN: 
MAIN: -------------------------------------
MAIN: Time: 464/600:   4.640E+01
MAIN: Estimated time left:  2.3 minutes
MAIN: -------------------------------------
MAIN: 
ComputeChange: NS (ITER=1) (NRM,RELC): (  236.41482     0.67079866E-03 ) :: heat equation
ComputeChange: NS (ITER=2) (NRM,RELC): (  236.41478     0.17792713E-06 ) :: heat equation
ComputeChange: NS (ITER=3) (NRM,RELC): (  236.41478     0.67445885E-10 ) :: heat equation
MAIN: 
MAIN: -------------------------------------
MAIN: Time: 465/600:   4.650E+01
MAIN: Estimated time left:  2.2 minutes
MAIN: -------------------------------------
MAIN: 
ComputeChange: NS (ITER=1) (NRM,RELC): (  236.25765     0.66485620E-03 ) :: heat equation
ComputeChange: NS (ITER=2) (NRM,RELC): (  236.25761     0.17392786E-06 ) :: heat equation
ComputeChange: NS (ITER=3) (NRM,RELC): (  236.25761     0.65210594E-10 ) :: heat equation
MAIN: 
MAIN: -------------------------------------
MAIN: Time: 466/600:   4.660E+01
MAIN: Estimated time left:  2.6 minutes
MAIN: -------------------------------------
MAIN: 
ComputeChange: NS (ITER=1) (NRM,RELC): (  236.10194     0.65911244E-03 ) :: heat equation
ComputeChange: NS (ITER=2) (NRM,RELC): (  236.10190     0.16999300E-06 ) :: heat equation
ComputeChange: NS (ITER=3) (NRM,RELC): (  236.10190     0.62855892E-10 ) :: heat equation
MAIN: 
MAIN: -------------------------------------
MAIN: Time: 467/600:   4.670E+01
MAIN: Estimated time left:  2.4 minutes
MAIN: -------------------------------------
MAIN: 
ComputeChange: NS (ITER=1) (NRM,RELC): (  235.94765     0.65355744E-03 ) :: heat equation
ComputeChange: NS (ITER=2) (NRM,RELC): (  235.94761     0.16625599E-06 ) :: heat equation
ComputeChange: NS (ITER=3) (NRM,RELC): (  235.94761     0.60828014E-10 ) :: heat equation
MAIN: 
MAIN: -------------------------------------
MAIN: Time: 468/600:   4.680E+01
MAIN: Estimated time left:  1.9 minutes
MAIN: -------------------------------------
MAIN: 
ComputeChange: NS (ITER=1) (NRM,RELC): (  235.79472     0.64818209E-03 ) :: heat equation
ComputeChange: NS (ITER=2) (NRM,RELC): (  235.79468     0.16281015E-06 ) :: heat equation
ComputeChange: NS (ITER=3) (NRM,RELC): (  235.79468     0.59064368E-10 ) :: heat equation
MAIN: 
MAIN: -------------------------------------
MAIN: Time: 469/600:   4.690E+01
MAIN: Estimated time left:  2.0 minutes
MAIN: -------------------------------------
MAIN: 
ComputeChange: NS (ITER=1) (NRM,RELC): (  235.64312     0.64297791E-03 ) :: heat equation
ComputeChange: NS (ITER=2) (NRM,RELC): (  235.64308     0.15936078E-06 ) :: heat equation
ComputeChange: NS (ITER=3) (NRM,RELC): (  235.64308     0.56948695E-10 ) :: heat equation
MAIN: 
MAIN: -------------------------------------
MAIN: Time: 470/600:   4.700E+01
MAIN: Estimated time left:  2.0 minutes
MAIN: -------------------------------------
MAIN: 
ComputeChange: NS (ITER=1) (NRM,RELC): (  235.49280     0.63793607E-03 ) :: heat equation
ComputeChange: NS (ITER=2) (NRM,RELC): (  235.49277     0.15570645E-06 ) :: heat equation
ComputeChange: NS (ITER=3) (NRM,RELC): (  235.49277     0.54816239E-10 ) :: heat equation
MAIN: 
MAIN: -------------------------------------
MAIN: Time: 471/600:   4.710E+01
MAIN: Estimated time left:  1.9 minutes
MAIN: -------------------------------------
MAIN: 
ComputeChange: NS (ITER=1) (NRM,RELC): (  235.34374     0.63304838E-03 ) :: heat equation
ComputeChange: NS (ITER=2) (NRM,RELC): (  235.34370     0.15272172E-06 ) :: heat equation
ComputeChange: NS (ITER=3) (NRM,RELC): (  235.34370     0.53264204E-10 ) :: heat equation
MAIN: 
MAIN: -------------------------------------
MAIN: Time: 472/600:   4.720E+01
MAIN: Estimated time left:  1.9 minutes
MAIN: -------------------------------------
MAIN: 
ComputeChange: NS (ITER=1) (NRM,RELC): (  235.19588     0.62830829E-03 ) :: heat equation
ComputeChange: NS (ITER=2) (NRM,RELC): (  235.19584     0.14977990E-06 ) :: heat equation
ComputeChange: NS (ITER=3) (NRM,RELC): (  235.19584     0.51710420E-10 ) :: heat equation
MAIN: 
MAIN: -------------------------------------
MAIN: Time: 473/600:   4.730E+01
MAIN: Estimated time left:  2.2 minutes
MAIN: -------------------------------------
MAIN: 
ComputeChange: NS (ITER=1) (NRM,RELC): (  235.04920     0.62370873E-03 ) :: heat equation
ComputeChange: NS (ITER=2) (NRM,RELC): (  235.04916     0.14694400E-06 ) :: heat equation
ComputeChange: NS (ITER=3) (NRM,RELC): (  235.04916     0.50127223E-10 ) :: heat equation
MAIN: 
MAIN: -------------------------------------
MAIN: Time: 474/600:   4.740E+01
MAIN: Estimated time left:  1.9 minutes
MAIN: -------------------------------------
MAIN: 
ComputeChange: NS (ITER=1) (NRM,RELC): (  234.90365     0.61924300E-03 ) :: heat equation
ComputeChange: NS (ITER=2) (NRM,RELC): (  234.90362     0.14394520E-06 ) :: heat equation
ComputeChange: NS (ITER=3) (NRM,RELC): (  234.90362     0.48386216E-10 ) :: heat equation
MAIN: 
MAIN: -------------------------------------
MAIN: Time: 475/600:   4.750E+01
MAIN: Estimated time left:  1.8 minutes
MAIN: -------------------------------------
MAIN: 
ComputeChange: NS (ITER=1) (NRM,RELC): (  234.75922     0.61490435E-03 ) :: heat equation
ComputeChange: NS (ITER=2) (NRM,RELC): (  234.75919     0.14112440E-06 ) :: heat equation
ComputeChange: NS (ITER=3) (NRM,RELC): (  234.75919     0.46913295E-10 ) :: heat equation
MAIN: 
MAIN: -------------------------------------
MAIN: Time: 476/600:   4.760E+01
MAIN: Estimated time left:  1.8 minutes
MAIN: -------------------------------------
MAIN: 
ComputeChange: NS (ITER=1) (NRM,RELC): (  234.61587     0.61068724E-03 ) :: heat equation
ComputeChange: NS (ITER=2) (NRM,RELC): (  234.61583     0.13865119E-06 ) :: heat equation
ComputeChange: NS (ITER=3) (NRM,RELC): (  234.61583     0.45724125E-10 ) :: heat equation
MAIN: 
MAIN: -------------------------------------
MAIN: Time: 477/600:   4.770E+01
MAIN: Estimated time left:  1.8 minutes
MAIN: -------------------------------------
MAIN: 
ComputeChange: NS (ITER=1) (NRM,RELC): (  234.47356     0.60658654E-03 ) :: heat equation
ComputeChange: NS (ITER=2) (NRM,RELC): (  234.47353     0.13650578E-06 ) :: heat equation
ComputeChange: NS (ITER=3) (NRM,RELC): (  234.47353     0.44753063E-10 ) :: heat equation
MAIN: 
MAIN: -------------------------------------
MAIN: Time: 478/600:   4.780E+01
MAIN: Estimated time left:  1.8 minutes
MAIN: -------------------------------------
MAIN: 
ComputeChange: NS (ITER=1) (NRM,RELC): (  234.33228     0.60259746E-03 ) :: heat equation
ComputeChange: NS (ITER=2) (NRM,RELC): (  234.33225     0.13446727E-06 ) :: heat equation
ComputeChange: NS (ITER=3) (NRM,RELC): (  234.33225     0.43821627E-10 ) :: heat equation
MAIN: 
MAIN: -------------------------------------
MAIN: Time: 479/600:   4.790E+01
MAIN: Estimated time left:  1.8 minutes
MAIN: -------------------------------------
MAIN: 
ComputeChange: NS (ITER=1) (NRM,RELC): (  234.19199     0.59871501E-03 ) :: heat equation
ComputeChange: NS (ITER=2) (NRM,RELC): (  234.19196     0.13251333E-06 ) :: heat equation
ComputeChange: NS (ITER=3) (NRM,RELC): (  234.19196     0.42925900E-10 ) :: heat equation
MAIN: 
MAIN: -------------------------------------
MAIN: Time: 480/600:   4.800E+01
MAIN: Estimated time left:  1.7 minutes
MAIN: -------------------------------------
MAIN: 
ComputeChange: NS (ITER=1) (NRM,RELC): (  234.05267     0.59493440E-03 ) :: heat equation
ComputeChange: NS (ITER=2) (NRM,RELC): (  234.05264     0.13061311E-06 ) :: heat equation
ComputeChange: NS (ITER=3) (NRM,RELC): (  234.05264     0.42079927E-10 ) :: heat equation
MAIN: 
MAIN: -------------------------------------
MAIN: Time: 481/600:   4.810E+01
MAIN: Estimated time left:  1.7 minutes
MAIN: -------------------------------------
MAIN: 
ComputeChange: NS (ITER=1) (NRM,RELC): (  233.91430     0.59125110E-03 ) :: heat equation
ComputeChange: NS (ITER=2) (NRM,RELC): (  233.91427     0.12877080E-06 ) :: heat equation
ComputeChange: NS (ITER=3) (NRM,RELC): (  233.91427     0.41274699E-10 ) :: heat equation
MAIN: 
MAIN: -------------------------------------
MAIN: Time: 482/600:   4.820E+01
MAIN: Estimated time left:  1.8 minutes
MAIN: -------------------------------------
MAIN: 
ComputeChange: NS (ITER=1) (NRM,RELC): (  233.77685     0.58766084E-03 ) :: heat equation
ComputeChange: NS (ITER=2) (NRM,RELC): (  233.77682     0.12698584E-06 ) :: heat equation
ComputeChange: NS (ITER=3) (NRM,RELC): (  233.77682     0.40480637E-10 ) :: heat equation
MAIN: 
MAIN: -------------------------------------
MAIN: Time: 483/600:   4.830E+01
MAIN: Estimated time left:  1.6 minutes
MAIN: -------------------------------------
MAIN: 
ComputeChange: NS (ITER=1) (NRM,RELC): (  233.64030     0.58415958E-03 ) :: heat equation
ComputeChange: NS (ITER=2) (NRM,RELC): (  233.64027     0.12525608E-06 ) :: heat equation
ComputeChange: NS (ITER=3) (NRM,RELC): (  233.64027     0.39746798E-10 ) :: heat equation
MAIN: 
MAIN: -------------------------------------
MAIN: Time: 484/600:   4.840E+01
MAIN: Estimated time left:  1.7 minutes
MAIN: -------------------------------------
MAIN: 
ComputeChange: NS (ITER=1) (NRM,RELC): (  233.50462     0.58074346E-03 ) :: heat equation
ComputeChange: NS (ITER=2) (NRM,RELC): (  233.50459     0.12357466E-06 ) :: heat equation
ComputeChange: NS (ITER=3) (NRM,RELC): (  233.50459     0.39022179E-10 ) :: heat equation
MAIN: 
MAIN: -------------------------------------
MAIN: Time: 485/600:   4.850E+01
MAIN: Estimated time left:  1.6 minutes
MAIN: -------------------------------------
MAIN: 
ComputeChange: NS (ITER=1) (NRM,RELC): (  233.36980     0.57740883E-03 ) :: heat equation
ComputeChange: NS (ITER=2) (NRM,RELC): (  233.36978     0.12195295E-06 ) :: heat equation
ComputeChange: NS (ITER=3) (NRM,RELC): (  233.36977     0.38318011E-10 ) :: heat equation
MAIN: 
MAIN: -------------------------------------
MAIN: Time: 486/600:   4.860E+01
MAIN: Estimated time left:  1.5 minutes
MAIN: -------------------------------------
MAIN: 
ComputeChange: NS (ITER=1) (NRM,RELC): (  233.23582     0.57415226E-03 ) :: heat equation
ComputeChange: NS (ITER=2) (NRM,RELC): (  233.23580     0.12038756E-06 ) :: heat equation
ComputeChange: NS (ITER=3) (NRM,RELC): (  233.23580     0.37661150E-10 ) :: heat equation
MAIN: 
MAIN: -------------------------------------
MAIN: Time: 487/600:   4.870E+01
MAIN: Estimated time left:  1.6 minutes
MAIN: -------------------------------------
MAIN: 
ComputeChange: NS (ITER=1) (NRM,RELC): (  233.10266     0.57097044E-03 ) :: heat equation
ComputeChange: NS (ITER=2) (NRM,RELC): (  233.10264     0.11884916E-06 ) :: heat equation
ComputeChange: NS (ITER=3) (NRM,RELC): (  233.10264     0.37007549E-10 ) :: heat equation
MAIN: 
MAIN: -------------------------------------
MAIN: Time: 488/600:   4.880E+01
MAIN: Estimated time left:  1.6 minutes
MAIN: -------------------------------------
MAIN: 
ComputeChange: NS (ITER=1) (NRM,RELC): (  232.97030     0.56786023E-03 ) :: heat equation
ComputeChange: NS (ITER=2) (NRM,RELC): (  232.97028     0.11735569E-06 ) :: heat equation
ComputeChange: NS (ITER=3) (NRM,RELC): (  232.97028     0.36388578E-10 ) :: heat equation
MAIN: 
MAIN: -------------------------------------
MAIN: Time: 489/600:   4.890E+01
MAIN: Estimated time left:  1.5 minutes
MAIN: -------------------------------------
MAIN: 
ComputeChange: NS (ITER=1) (NRM,RELC): (  232.83873     0.56481869E-03 ) :: heat equation
ComputeChange: NS (ITER=2) (NRM,RELC): (  232.83870     0.11590535E-06 ) :: heat equation
ComputeChange: NS (ITER=3) (NRM,RELC): (  232.83870     0.35787458E-10 ) :: heat equation
MAIN: 
MAIN: -------------------------------------
MAIN: Time: 490/600:   4.900E+01
MAIN: Estimated time left:  1.6 minutes
MAIN: -------------------------------------
MAIN: 
ComputeChange: NS (ITER=1) (NRM,RELC): (  232.70792     0.56184298E-03 ) :: heat equation
ComputeChange: NS (ITER=2) (NRM,RELC): (  232.70789     0.11449605E-06 ) :: heat equation
ComputeChange: NS (ITER=3) (NRM,RELC): (  232.70789     0.35208015E-10 ) :: heat equation
MAIN: 
MAIN: -------------------------------------
MAIN: Time: 491/600:   4.910E+01
MAIN: Estimated time left:  1.5 minutes
MAIN: -------------------------------------
MAIN: 
ComputeChange: NS (ITER=1) (NRM,RELC): (  232.57786     0.55893043E-03 ) :: heat equation
ComputeChange: NS (ITER=2) (NRM,RELC): (  232.57783     0.11312584E-06 ) :: heat equation
ComputeChange: NS (ITER=3) (NRM,RELC): (  232.57783     0.34642351E-10 ) :: heat equation
MAIN: 
MAIN: -------------------------------------
MAIN: Time: 492/600:   4.920E+01
MAIN: Estimated time left:  1.6 minutes
MAIN: -------------------------------------
MAIN: 
ComputeChange: NS (ITER=1) (NRM,RELC): (  232.44854     0.55607850E-03 ) :: heat equation
ComputeChange: NS (ITER=2) (NRM,RELC): (  232.44851     0.11179292E-06 ) :: heat equation
ComputeChange: NS (ITER=3) (NRM,RELC): (  232.44851     0.34094043E-10 ) :: heat equation
MAIN: 
MAIN: -------------------------------------
MAIN: Time: 493/600:   4.930E+01
MAIN: Estimated time left:  1.7 minutes
MAIN: -------------------------------------
MAIN: 
ComputeChange: NS (ITER=1) (NRM,RELC): (  232.31994     0.55328477E-03 ) :: heat equation
ComputeChange: NS (ITER=2) (NRM,RELC): (  232.31991     0.11049553E-06 ) :: heat equation
ComputeChange: NS (ITER=3) (NRM,RELC): (  232.31991     0.33576827E-10 ) :: heat equation
MAIN: 
MAIN: -------------------------------------
MAIN: Time: 494/600:   4.940E+01
MAIN: Estimated time left:  1.5 minutes
MAIN: -------------------------------------
MAIN: 
ComputeChange: NS (ITER=1) (NRM,RELC): (  232.19204     0.55054693E-03 ) :: heat equation
ComputeChange: NS (ITER=2) (NRM,RELC): (  232.19202     0.10923213E-06 ) :: heat equation
ComputeChange: NS (ITER=3) (NRM,RELC): (  232.19202     0.33063834E-10 ) :: heat equation
MAIN: 
MAIN: -------------------------------------
MAIN: Time: 495/600:   4.950E+01
MAIN: Estimated time left:  1.4 minutes
MAIN: -------------------------------------
MAIN: 
ComputeChange: NS (ITER=1) (NRM,RELC): (  232.06484     0.54786280E-03 ) :: heat equation
ComputeChange: NS (ITER=2) (NRM,RELC): (  232.06482     0.10800140E-06 ) :: heat equation
ComputeChange: NS (ITER=3) (NRM,RELC): (  232.06482     0.32566345E-10 ) :: heat equation
MAIN: 
MAIN: -------------------------------------
MAIN: Time: 496/600:   4.960E+01
MAIN: Estimated time left:  1.4 minutes
MAIN: -------------------------------------
MAIN: 
ComputeChange: NS (ITER=1) (NRM,RELC): (  231.93832     0.54523028E-03 ) :: heat equation
ComputeChange: NS (ITER=2) (NRM,RELC): (  231.93830     0.10680162E-06 ) :: heat equation
ComputeChange: NS (ITER=3) (NRM,RELC): (  231.93830     0.32087088E-10 ) :: heat equation
MAIN: 
MAIN: -------------------------------------
MAIN: Time: 497/600:   4.970E+01
MAIN: Estimated time left:  1.5 minutes
MAIN: -------------------------------------
MAIN: 
ComputeChange: NS (ITER=1) (NRM,RELC): (  231.81247     0.54264741E-03 ) :: heat equation
ComputeChange: NS (ITER=2) (NRM,RELC): (  231.81245     0.10563154E-06 ) :: heat equation
ComputeChange: NS (ITER=3) (NRM,RELC): (  231.81245     0.31614450E-10 ) :: heat equation
MAIN: 
MAIN: -------------------------------------
MAIN: Time: 498/600:   4.980E+01
MAIN: Estimated time left:  1.5 minutes
MAIN: -------------------------------------
MAIN: 
ComputeChange: NS (ITER=1) (NRM,RELC): (  231.68728     0.54011228E-03 ) :: heat equation
ComputeChange: NS (ITER=2) (NRM,RELC): (  231.68725     0.10448966E-06 ) :: heat equation
ComputeChange: NS (ITER=3) (NRM,RELC): (  231.68725     0.31163537E-10 ) :: heat equation
MAIN: 
MAIN: -------------------------------------
MAIN: Time: 499/600:   4.990E+01
MAIN: Estimated time left:  1.4 minutes
MAIN: -------------------------------------
MAIN: 
ComputeChange: NS (ITER=1) (NRM,RELC): (  231.56273     0.53762309E-03 ) :: heat equation
ComputeChange: NS (ITER=2) (NRM,RELC): (  231.56270     0.10337505E-06 ) :: heat equation
ComputeChange: NS (ITER=3) (NRM,RELC): (  231.56270     0.30722974E-10 ) :: heat equation
MAIN: 
MAIN: -------------------------------------
MAIN: Time: 500/600:   5.000E+01
MAIN: Estimated time left:  1.7 minutes
MAIN: -------------------------------------
MAIN: 
ComputeChange: NS (ITER=1) (NRM,RELC): (  231.43881     0.53517814E-03 ) :: heat equation
ComputeChange: NS (ITER=2) (NRM,RELC): (  231.43878     0.10228641E-06 ) :: heat equation
ComputeChange: NS (ITER=3) (NRM,RELC): (  231.43878     0.30292047E-10 ) :: heat equation
REF time=  50.000 max=   380.996 energy residual=  6.0465E+00
MAIN: 
MAIN: -------------------------------------
MAIN: Time: 501/600:   5.010E+01
MAIN: Estimated time left:  1.6 minutes
MAIN: -------------------------------------
MAIN: 
ComputeChange: NS (ITER=1) (NRM,RELC): (  231.31551     0.53277579E-03 ) :: heat equation
ComputeChange: NS (ITER=2) (NRM,RELC): (  231.31549     0.10122285E-06 ) :: heat equation
ComputeChange: NS (ITER=3) (NRM,RELC): (  231.31549     0.29874954E-10 ) :: heat equation
MAIN: 
MAIN: -------------------------------------
MAIN: Time: 502/600:   5.020E+01
MAIN: Estimated time left:  1.8 minutes
MAIN: -------------------------------------
MAIN: 
ComputeChange: NS (ITER=1) (NRM,RELC): (  231.19283     0.53041448E-03 ) :: heat equation
ComputeChange: NS (ITER=2) (NRM,RELC): (  231.19281     0.10018374E-06 ) :: heat equation
ComputeChange: NS (ITER=3) (NRM,RELC): (  231.19281     0.29469509E-10 ) :: heat equation
MAIN: 
MAIN: -------------------------------------
MAIN: Time: 503/600:   5.030E+01
MAIN: Estimated time left:  1.8 minutes
MAIN: -------------------------------------
MAIN: 
ComputeChange: NS (ITER=1) (NRM,RELC): (  231.07075     0.52809273E-03 ) :: heat equation
ComputeChange: NS (ITER=2) (NRM,RELC): (  231.07072     0.99172645E-07 ) :: heat equation
ComputeChange: NS (ITER=3) (NRM,RELC): (  231.07072     0.29079794E-10 ) :: heat equation
MAIN: 
MAIN: -------------------------------------
MAIN: Time: 504/600:   5.040E+01
MAIN: Estimated time left:  1.5 minutes
MAIN: -------------------------------------
MAIN: 
ComputeChange: NS (ITER=1) (NRM,RELC): (  230.94926     0.52580913E-03 ) :: heat equation
ComputeChange: NS (ITER=2) (NRM,RELC): (  230.94923     0.98180596E-07 ) :: heat equation
ComputeChange: NS (ITER=3) (NRM,RELC): (  230.94923     0.28688977E-10 ) :: heat equation
MAIN: 
MAIN: -------------------------------------
MAIN: Time: 505/600:   5.050E+01
MAIN: Estimated time left:  1.4 minutes
MAIN: -------------------------------------
MAIN: 
ComputeChange: NS (ITER=1) (NRM,RELC): (  230.82835     0.52356232E-03 ) :: heat equation
ComputeChange: NS (ITER=2) (NRM,RELC): (  230.82833     0.97209094E-07 ) :: heat equation
ComputeChange: NS (ITER=3) (NRM,RELC): (  230.82833     0.28321565E-10 ) :: heat equation
MAIN: 
MAIN: -------------------------------------
MAIN: Time: 506/600:   5.060E+01
MAIN: Estimated time left:  1.3 minutes
MAIN: -------------------------------------
MAIN: 
ComputeChange: NS (ITER=1) (NRM,RELC): (  230.70802     0.52135102E-03 ) :: heat equation
ComputeChange: NS (ITER=2) (NRM,RELC): (  230.70799     0.96256196E-07 ) :: heat equation
ComputeChange: NS (ITER=3) (NRM,RELC): (  230.70799     0.27951235E-10 ) :: heat equation
MAIN: 
MAIN: -------------------------------------
MAIN: Time: 507/600:   5.070E+01
MAIN: Estimated time left:  1.3 minutes
MAIN: -------------------------------------
MAIN: 
ComputeChange: NS (ITER=1) (NRM,RELC): (  230.58825     0.51917399E-03 ) :: heat equation
ComputeChange: NS (ITER=2) (NRM,RELC): (  230.58822     0.95322862E-07 ) :: heat equation
ComputeChange: NS (ITER=3) (NRM,RELC): (  230.58822     0.27597583E-10 ) :: heat equation
MAIN: 
MAIN: -------------------------------------
MAIN: Time: 508/600:   5.080E+01
MAIN: Estimated time left:  1.4 minutes
MAIN: -------------------------------------
MAIN: 
ComputeChange: NS (ITER=1) (NRM,RELC): (  230.46903     0.51703005E-03 ) :: heat equation
ComputeChange: NS (ITER=2) (NRM,RELC): (  230.46901     0.94408576E-07 ) :: heat equation
ComputeChange: NS (ITER=3) (NRM,RELC): (  230.46901     0.27242141E-10 ) :: heat equation
MAIN: 
MAIN: -------------------------------------
MAIN: Time: 509/600:   5.090E+01
MAIN: Estimated time left:  1.6 minutes
MAIN: -------------------------------------
MAIN: 
ComputeChange: NS (ITER=1) (NRM,RELC): (  230.35037     0.51491809E-03 ) :: heat equation
ComputeChange: NS (ITER=2) (NRM,RELC): (  230.35035     0.93512582E-07 ) :: heat equation
ComputeChange: NS (ITER=3) (NRM,RELC): (  230.35035     0.26900333E-10 ) :: heat equation
MAIN: 
MAIN: -------------------------------------
MAIN: Time: 510/600:   5.100E+01
MAIN: Estimated time left:  1.2 minutes
MAIN: -------------------------------------
MAIN: 
ComputeChange: NS (ITER=1) (NRM,RELC): (  230.23225     0.51283704E-03 ) :: heat equation
ComputeChange: NS (ITER=2) (NRM,RELC): (  230.23223     0.92634160E-07 ) :: heat equation
ComputeChange: NS (ITER=3) (NRM,RELC): (  230.23223     0.26570949E-10 ) :: heat equation
MAIN: 
MAIN: -------------------------------------
MAIN: Time: 511/600:   5.110E+01
MAIN: Estimated time left:  1.2 minutes
MAIN: -------------------------------------
MAIN: 
ComputeChange: NS (ITER=1) (NRM,RELC): (  230.11466     0.51078587E-03 ) :: heat equation
ComputeChange: NS (ITER=2) (NRM,RELC): (  230.11464     0.91772694E-07 ) :: heat equation
ComputeChange: NS (ITER=3) (NRM,RELC): (  230.11464     0.26250429E-10 ) :: heat equation
MAIN: 
MAIN: -------------------------------------
MAIN: Time: 512/600:   5.120E+01
MAIN: Estimated time left:  1.2 minutes
MAIN: -------------------------------------
MAIN: 
ComputeChange: NS (ITER=1) (NRM,RELC): (  229.99759     0.50876361E-03 ) :: heat equation
ComputeChange: NS (ITER=2) (NRM,RELC): (  229.99757     0.90927598E-07 ) :: heat equation
ComputeChange: NS (ITER=3) (NRM,RELC): (  229.99757     0.25927422E-10 ) :: heat equation
MAIN: 
MAIN: -------------------------------------
MAIN: Time: 513/600:   5.130E+01
MAIN: Estimated time left:  1.2 minutes
MAIN: -------------------------------------
MAIN: 
ComputeChange: NS (ITER=1) (NRM,RELC): (  229.88104     0.50676932E-03 ) :: heat equation
ComputeChange: NS (ITER=2) (NRM,RELC): (  229.88102     0.90098479E-07 ) :: heat equation
ComputeChange: NS (ITER=3) (NRM,RELC): (  229.88102     0.25616516E-10 ) :: heat equation
MAIN: 
MAIN: -------------------------------------
MAIN: Time: 514/600:   5.140E+01
MAIN: Estimated time left:  1.2 minutes
MAIN: -------------------------------------
MAIN: 
ComputeChange: NS (ITER=1) (NRM,RELC): (  229.76501     0.50480212E-03 ) :: heat equation
ComputeChange: NS (ITER=2) (NRM,RELC): (  229.76499     0.89284687E-07 ) :: heat equation
ComputeChange: NS (ITER=3) (NRM,RELC): (  229.76499     0.25314886E-10 ) :: heat equation
MAIN: 
MAIN: -------------------------------------
MAIN: Time: 515/600:   5.150E+01
MAIN: Estimated time left:  1.2 minutes
MAIN: -------------------------------------
MAIN: 
ComputeChange: NS (ITER=1) (NRM,RELC): (  229.64948     0.50286114E-03 ) :: heat equation
ComputeChange: NS (ITER=2) (NRM,RELC): (  229.64946     0.88485707E-07 ) :: heat equation
ComputeChange: NS (ITER=3) (NRM,RELC): (  229.64946     0.25021188E-10 ) :: heat equation
MAIN: 
MAIN: -------------------------------------
MAIN: Time: 516/600:   5.160E+01
MAIN: Estimated time left:  1.1 minutes
MAIN: -------------------------------------
MAIN: 
ComputeChange: NS (ITER=1) (NRM,RELC): (  229.53444     0.50094557E-03 ) :: heat equation
ComputeChange: NS (ITER=2) (NRM,RELC): (  229.53442     0.87701033E-07 ) :: heat equation
ComputeChange: NS (ITER=3) (NRM,RELC): (  229.53442     0.24734818E-10 ) :: heat equation
MAIN: 
MAIN: -------------------------------------
MAIN: Time: 517/600:   5.170E+01
MAIN: Estimated time left:  1.3 minutes
MAIN: -------------------------------------
MAIN: 
ComputeChange: NS (ITER=1) (NRM,RELC): (  229.41990     0.49905463E-03 ) :: heat equation
ComputeChange: NS (ITER=2) (NRM,RELC): (  229.41988     0.86929980E-07 ) :: heat equation
ComputeChange: NS (ITER=3) (NRM,RELC): (  229.41988     0.24446498E-10 ) :: heat equation
MAIN: 
MAIN: -------------------------------------
MAIN: Time: 518/600:   5.180E+01
MAIN: Estimated time left:  1.3 minutes
MAIN: -------------------------------------
MAIN: 
ComputeChange: NS (ITER=1) (NRM,RELC): (  229.30585     0.49718757E-03 ) :: heat equation
ComputeChange: NS (ITER=2) (NRM,RELC): (  229.30583     0.86172534E-07 ) :: heat equation
ComputeChange: NS (ITER=3) (NRM,RELC): (  229.30583     0.24167383E-10 ) :: heat equation
MAIN: 
MAIN: -------------------------------------
MAIN: Time: 519/600:   5.190E+01
MAIN: Estimated time left:  1.2 minutes
MAIN: -------------------------------------
MAIN: 
ComputeChange: NS (ITER=1) (NRM,RELC): (  229.19227     0.49534368E-03 ) :: heat equation
ComputeChange: NS (ITER=2) (NRM,RELC): (  229.19225     0.85435084E-07 ) :: heat equation
ComputeChange: NS (ITER=3) (NRM,RELC): (  229.19225     0.23895257E-10 ) :: heat equation
MAIN: 
MAIN: -------------------------------------
MAIN: Time: 520/600:   5.200E+01
MAIN: Estimated time left:  1.2 minutes
MAIN: -------------------------------------
MAIN: 
ComputeChange: NS (ITER=1) (NRM,RELC): (  229.07917     0.49352228E-03 ) :: heat equation
ComputeChange: NS (ITER=2) (NRM,RELC): (  229.07915     0.84709330E-07 ) :: heat equation
ComputeChange: NS (ITER=3) (NRM,RELC): (  229.07915     0.23629139E-10 ) :: heat equation
MAIN: 
MAIN: -------------------------------------
MAIN: Time: 521/600:   5.210E+01
MAIN: Estimated time left:  1.2 minutes
MAIN: -------------------------------------
MAIN: 
ComputeChange: NS (ITER=1) (NRM,RELC): (  228.96653     0.49172271E-03 ) :: heat equation
ComputeChange: NS (ITER=2) (NRM,RELC): (  228.96651     0.83992013E-07 ) :: heat equation
ComputeChange: NS (ITER=3) (NRM,RELC): (  228.96651     0.23363331E-10 ) :: heat equation
MAIN: 
MAIN: -------------------------------------
MAIN: Time: 522/600:   5.220E+01
MAIN: Estimated time left:  1.1 minutes
MAIN: -------------------------------------
MAIN: 
ComputeChange: NS (ITER=1) (NRM,RELC): (  228.85436     0.48994435E-03 ) :: heat equation
ComputeChange: NS (ITER=2) (NRM,RELC): (  228.85434     0.83292859E-07 ) :: heat equation
ComputeChange: NS (ITER=3) (NRM,RELC): (  228.85434     0.23111249E-10 ) :: heat equation
MAIN: 
MAIN: -------------------------------------
MAIN: Time: 523/600:   5.230E+01
MAIN: Estimated time left:  1.0 minutes
MAIN: -------------------------------------
MAIN: 
ComputeChange: NS (ITER=1) (NRM,RELC): (  228.74264     0.48818659E-03 ) :: heat equation
ComputeChange: NS (ITER=2) (NRM,RELC): (  228.74262     0.82609806E-07 ) :: heat equation
ComputeChange: NS (ITER=3) (NRM,RELC): (  228.74262     0.22853158E-10 ) :: heat equation
MAIN: 
MAIN: -------------------------------------
MAIN: Time: 524/600:   5.240E+01
MAIN: Estimated time left:  1.1 minutes
MAIN: -------------------------------------
MAIN: 
ComputeChange: NS (ITER=1) (NRM,RELC): (  228.63138     0.48644887E-03 ) :: heat equation
ComputeChange: NS (ITER=2) (NRM,RELC): (  228.63136     0.81940369E-07 ) :: heat equation
ComputeChange: NS (ITER=3) (NRM,RELC): (  228.63136     0.22610558E-10 ) :: heat equation
MAIN: 
MAIN: -------------------------------------
MAIN: Time: 525/600:   5.250E+01
MAIN: Estimated time left: 59.5 seconds
MAIN: -------------------------------------
MAIN: 
ComputeChange: NS (ITER=1) (NRM,RELC): (  228.52056     0.48473061E-03 ) :: heat equation
ComputeChange: NS (ITER=2) (NRM,RELC): (  228.52054     0.81274403E-07 ) :: heat equation
ComputeChange: NS (ITER=3) (NRM,RELC): (  228.52054     0.22371409E-10 ) :: heat equation
MAIN: 
MAIN: -------------------------------------
MAIN: Time: 526/600:   5.260E+01
MAIN: Estimated time left:  1.0 minutes
MAIN: -------------------------------------
MAIN: 
ComputeChange: NS (ITER=1) (NRM,RELC): (  228.41019     0.48303129E-03 ) :: heat equation
ComputeChange: NS (ITER=2) (NRM,RELC): (  228.41017     0.80616925E-07 ) :: heat equation
ComputeChange: NS (ITER=3) (NRM,RELC): (  228.41017     0.22128750E-10 ) :: heat equation
MAIN: 
MAIN: -------------------------------------
MAIN: Time: 527/600:   5.270E+01
MAIN: Estimated time left:  1.0 minutes
MAIN: -------------------------------------
MAIN: 
ComputeChange: NS (ITER=1) (NRM,RELC): (  228.30025     0.48135040E-03 ) :: heat equation
ComputeChange: NS (ITER=2) (NRM,RELC): (  228.30023     0.79965483E-07 ) :: heat equation
ComputeChange: NS (ITER=3) (NRM,RELC): (  228.30023     0.21895151E-10 ) :: heat equation
MAIN: 
MAIN: -------------------------------------
MAIN: Time: 528/600:   5.280E+01
MAIN: Estimated time left: 59.5 seconds
MAIN: -------------------------------------
MAIN: 
ComputeChange: NS (ITER=1) (NRM,RELC): (  228.19075     0.47968743E-03 ) :: heat equation
ComputeChange: NS (ITER=2) (NRM,RELC): (  228.19073     0.79326755E-07 ) :: heat equation
ComputeChange: NS (ITER=3) (NRM,RELC): (  228.19073     0.21671874E-10 ) :: heat equation
MAIN: 
MAIN: -------------------------------------
MAIN: Time: 529/600:   5.290E+01
MAIN: Estimated time left:  1.0 minutes
MAIN: -------------------------------------
MAIN: 
ComputeChange: NS (ITER=1) (NRM,RELC): (  228.08167     0.47804194E-03 ) :: heat equation
ComputeChange: NS (ITER=2) (NRM,RELC): (  228.08165     0.78695556E-07 ) :: heat equation
ComputeChange: NS (ITER=3) (NRM,RELC): (  228.08165     0.21447718E-10 ) :: heat equation
MAIN: 
MAIN: -------------------------------------
MAIN: Time: 530/600:   5.300E+01
MAIN: Estimated time left: 56.9 seconds
MAIN: -------------------------------------
MAIN: 
ComputeChange: NS (ITER=1) (NRM,RELC): (  227.97302     0.47641347E-03 ) :: heat equation
ComputeChange: NS (ITER=2) (NRM,RELC): (  227.97300     0.78066914E-07 ) :: heat equation
ComputeChange: NS (ITER=3) (NRM,RELC): (  227.97300     0.21222561E-10 ) :: heat equation
MAIN: 
MAIN: -------------------------------------
MAIN: Time: 531/600:   5.310E+01
MAIN: Estimated time left: 55.0 seconds
MAIN: -------------------------------------
MAIN: 
ComputeChange: NS (ITER=1) (NRM,RELC): (  227.86478     0.47480157E-03 ) :: heat equation
ComputeChange: NS (ITER=2) (NRM,RELC): (  227.86476     0.77447302E-07 ) :: heat equation
ComputeChange: NS (ITER=3) (NRM,RELC): (  227.86476     0.21004010E-10 ) :: heat equation
MAIN: 
MAIN: -------------------------------------
MAIN: Time: 532/600:   5.320E+01
MAIN: Estimated time left: 54.2 seconds
MAIN: -------------------------------------
MAIN: 
ComputeChange: NS (ITER=1) (NRM,RELC): (  227.75696     0.47320583E-03 ) :: heat equation
ComputeChange: NS (ITER=2) (NRM,RELC): (  227.75695     0.76836585E-07 ) :: heat equation
ComputeChange: NS (ITER=3) (NRM,RELC): (  227.75695     0.20793824E-10 ) :: heat equation
MAIN: 
MAIN: -------------------------------------
MAIN: Time: 533/600:   5.330E+01
MAIN: Estimated time left: 52.4 seconds
MAIN: -------------------------------------
MAIN: 
ComputeChange: NS (ITER=1) (NRM,RELC): (  227.64955     0.47162585E-03 ) :: heat equation
ComputeChange: NS (ITER=2) (NRM,RELC): (  227.64954     0.76234345E-07 ) :: heat equation
ComputeChange: NS (ITER=3) (NRM,RELC): (  227.64954     0.20586648E-10 ) :: heat equation
MAIN: 
MAIN: -------------------------------------
MAIN: Time: 534/600:   5.340E+01
MAIN: Estimated time left: 51.5 seconds
MAIN: -------------------------------------
MAIN: 
ComputeChange: NS (ITER=1) (NRM,RELC): (  227.54255     0.47006125E-03 ) :: heat equation
ComputeChange: NS (ITER=2) (NRM,RELC): (  227.54254     0.75640594E-07 ) :: heat equation
ComputeChange: NS (ITER=3) (NRM,RELC): (  227.54254     0.20376742E-10 ) :: heat equation
MAIN: 
MAIN: -------------------------------------
MAIN: Time: 535/600:   5.350E+01
MAIN: Estimated time left: 59.3 seconds
MAIN: -------------------------------------
MAIN: 
ComputeChange: NS (ITER=1) (NRM,RELC): (  227.43595     0.46851167E-03 ) :: heat equation
ComputeChange: NS (ITER=2) (NRM,RELC): (  227.43594     0.75054821E-07 ) :: heat equation
ComputeChange: NS (ITER=3) (NRM,RELC): (  227.43594     0.20178100E-10 ) :: heat equation
MAIN: 
MAIN: -------------------------------------
MAIN: Time: 536/600:   5.360E+01
MAIN: Estimated time left: 54.7 seconds
MAIN: -------------------------------------
MAIN: 
ComputeChange: NS (ITER=1) (NRM,RELC): (  227.32975     0.46697673E-03 ) :: heat equation
ComputeChange: NS (ITER=2) (NRM,RELC): (  227.32974     0.74476654E-07 ) :: heat equation
ComputeChange: NS (ITER=3) (NRM,RELC): (  227.32974     0.19976610E-10 ) :: heat equation
MAIN: 
MAIN: -------------------------------------
MAIN: Time: 537/600:   5.370E+01
MAIN: Estimated time left: 49.3 seconds
MAIN: -------------------------------------
MAIN: 
ComputeChange: NS (ITER=1) (NRM,RELC): (  227.22395     0.46545611E-03 ) :: heat equation
ComputeChange: NS (ITER=2) (NRM,RELC): (  227.22393     0.73906427E-07 ) :: heat equation
ComputeChange: NS (ITER=3) (NRM,RELC): (  227.22393     0.19787531E-10 ) :: heat equation
MAIN: 
MAIN: -------------------------------------
MAIN: Time: 538/600:   5.380E+01
MAIN: Estimated time left: 52.7 seconds
MAIN: -------------------------------------
MAIN: 
ComputeChange: NS (ITER=1) (NRM,RELC): (  227.11854     0.46394946E-03 ) :: heat equation
ComputeChange: NS (ITER=2) (NRM,RELC): (  227.11852     0.73343976E-07 ) :: heat equation
ComputeChange: NS (ITER=3) (NRM,RELC): (  227.11852     0.19594238E-10 ) :: heat equation
MAIN: 
MAIN: -------------------------------------
MAIN: Time: 539/600:   5.390E+01
MAIN: Estimated time left: 53.4 seconds
MAIN: -------------------------------------
MAIN: 
ComputeChange: NS (ITER=1) (NRM,RELC): (  227.01351     0.46245649E-03 ) :: heat equation
ComputeChange: NS (ITER=2) (NRM,RELC): (  227.01350     0.72788809E-07 ) :: heat equation
ComputeChange: NS (ITER=3) (NRM,RELC): (  227.01350     0.19402235E-10 ) :: heat equation
MAIN: 
MAIN: -------------------------------------
MAIN: Time: 540/600:   5.400E+01
MAIN: Estimated time left: 54.0 seconds
MAIN: -------------------------------------
MAIN: 
ComputeChange: NS (ITER=1) (NRM,RELC): (  226.90887     0.46097688E-03 ) :: heat equation
ComputeChange: NS (ITER=2) (NRM,RELC): (  226.90886     0.72240889E-07 ) :: heat equation
ComputeChange: NS (ITER=3) (NRM,RELC): (  226.90886     0.19210773E-10 ) :: heat equation
MAIN: 
MAIN: -------------------------------------
MAIN: Time: 541/600:   5.410E+01
MAIN: Estimated time left: 49.6 seconds
MAIN: -------------------------------------
MAIN: 
ComputeChange: NS (ITER=1) (NRM,RELC): (  226.80461     0.45951034E-03 ) :: heat equation
ComputeChange: NS (ITER=2) (NRM,RELC): (  226.80460     0.71699985E-07 ) :: heat equation
ComputeChange: NS (ITER=3) (NRM,RELC): (  226.80460     0.19032886E-10 ) :: heat equation
MAIN: 
MAIN: -------------------------------------
MAIN: Time: 542/600:   5.420E+01
MAIN: Estimated time left: 46.9 seconds
MAIN: -------------------------------------
MAIN: 
ComputeChange: NS (ITER=1) (NRM,RELC): (  226.70073     0.45805659E-03 ) :: heat equation
ComputeChange: NS (ITER=2) (NRM,RELC): (  226.70072     0.71169682E-07 ) :: heat equation
ComputeChange: NS (ITER=3) (NRM,RELC): (  226.70072     0.18854805E-10 ) :: heat equation
MAIN: 
MAIN: -------------------------------------
MAIN: Time: 543/600:   5.430E+01
MAIN: Estimated time left: 46.3 seconds
MAIN: -------------------------------------
MAIN: 
ComputeChange: NS (ITER=1) (NRM,RELC): (  226.59722     0.45661536E-03 ) :: heat equation
ComputeChange: NS (ITER=2) (NRM,RELC): (  226.59721     0.70644786E-07 ) :: heat equation
ComputeChange: NS (ITER=3) (NRM,RELC): (  226.59721     0.18677533E-10 ) :: heat equation
MAIN: 
MAIN: -------------------------------------
MAIN: Time: 544/600:   5.440E+01
MAIN: Estimated time left: 44.2 seconds
MAIN: -------------------------------------
MAIN: 
ComputeChange: NS (ITER=1) (NRM,RELC): (  226.49409     0.45518638E-03 ) :: heat equation
ComputeChange: NS (ITER=2) (NRM,RELC): (  226.49407     0.70125720E-07 ) :: heat equation
ComputeChange: NS (ITER=3) (NRM,RELC): (  226.49407     0.18500821E-10 ) :: heat equation
MAIN: 
MAIN: -------------------------------------
MAIN: Time: 545/600:   5.450E+01
MAIN: Estimated time left: 45.1 seconds
MAIN: -------------------------------------
MAIN: 
ComputeChange: NS (ITER=1) (NRM,RELC): (  226.39132     0.45376941E-03 ) :: heat equation
ComputeChange: NS (ITER=2) (NRM,RELC): (  226.39130     0.69611083E-07 ) :: heat equation
ComputeChange: NS (ITER=3) (NRM,RELC): (  226.39130     0.18333586E-10 ) :: heat equation
MAIN: 
MAIN: -------------------------------------
MAIN: Time: 546/600:   5.460E+01
MAIN: Estimated time left: 50.8 seconds
MAIN: -------------------------------------
MAIN: 
ComputeChange: NS (ITER=1) (NRM,RELC): (  226.28891     0.45236419E-03 ) :: heat equation
ComputeChange: NS (ITER=2) (NRM,RELC): (  226.28890     0.69102564E-07 ) :: heat equation
ComputeChange: NS (ITER=3) (NRM,RELC): (  226.28890     0.18159763E-10 ) :: heat equation
MAIN: 
MAIN: -------------------------------------
MAIN: Time: 547/600:   5.470E+01
MAIN: Estimated time left: 46.7 seconds
MAIN: -------------------------------------
MAIN: 
ComputeChange: NS (ITER=1) (NRM,RELC): (  226.18687     0.45097048E-03 ) :: heat equation
ComputeChange: NS (ITER=2) (NRM,RELC): (  226.18686     0.68600139E-07 ) :: heat equation
ComputeChange: NS (ITER=3) (NRM,RELC): (  226.18686     0.17992917E-10 ) :: heat equation
MAIN: 
MAIN: -------------------------------------
MAIN: Time: 548/600:   5.480E+01
MAIN: Estimated time left: 41.5 seconds
MAIN: -------------------------------------
MAIN: 
ComputeChange: NS (ITER=1) (NRM,RELC): (  226.08519     0.44958806E-03 ) :: heat equation
ComputeChange: NS (ITER=2) (NRM,RELC): (  226.08517     0.68103935E-07 ) :: heat equation
ComputeChange: NS (ITER=3) (NRM,RELC): (  226.08517     0.17826772E-10 ) :: heat equation
MAIN: 
MAIN: -------------------------------------
MAIN: Time: 549/600:   5.490E+01
MAIN: Estimated time left: 41.3 seconds
MAIN: -------------------------------------
MAIN: 
ComputeChange: NS (ITER=1) (NRM,RELC): (  225.98386     0.44821672E-03 ) :: heat equation
ComputeChange: NS (ITER=2) (NRM,RELC): (  225.98385     0.67613409E-07 ) :: heat equation
ComputeChange: NS (ITER=3) (NRM,RELC): (  225.98385     0.17667242E-10 ) :: heat equation
MAIN: 
MAIN: -------------------------------------
MAIN: Time: 550/600:   5.500E+01
MAIN: Estimated time left: 41.1 seconds
MAIN: -------------------------------------
MAIN: 
ComputeChange: NS (ITER=1) (NRM,RELC): (  225.88289     0.44685622E-03 ) :: heat equation
ComputeChange: NS (ITER=2) (NRM,RELC): (  225.88287     0.67128276E-07 ) :: heat equation
ComputeChange: NS (ITER=3) (NRM,RELC): (  225.88287     0.17505527E-10 ) :: heat equation
REF time=  55.000 max=   349.849 energy residual=  6.1788E+00
MAIN: 
MAIN: -------------------------------------
MAIN: Time: 551/600:   5.510E+01
MAIN: Estimated time left: 43.2 seconds
MAIN: -------------------------------------
MAIN: 
ComputeChange: NS (ITER=1) (NRM,RELC): (  225.78226     0.44550638E-03 ) :: heat equation
ComputeChange: NS (ITER=2) (NRM,RELC): (  225.78225     0.66648975E-07 ) :: heat equation
ComputeChange: NS (ITER=3) (NRM,RELC): (  225.78225     0.17348173E-10 ) :: heat equation
MAIN: 
MAIN: -------------------------------------
MAIN: Time: 552/600:   5.520E+01
MAIN: Estimated time left: 38.1 seconds
MAIN: -------------------------------------
MAIN: 
ComputeChange: NS (ITER=1) (NRM,RELC): (  225.68198     0.44416700E-03 ) :: heat equation
ComputeChange: NS (ITER=2) (NRM,RELC): (  225.68197     0.66175224E-07 ) :: heat equation
ComputeChange: NS (ITER=3) (NRM,RELC): (  225.68197     0.17194682E-10 ) :: heat equation
MAIN: 
MAIN: -------------------------------------
MAIN: Time: 553/600:   5.530E+01
MAIN: Estimated time left: 37.3 seconds
MAIN: -------------------------------------
MAIN: 
ComputeChange: NS (ITER=1) (NRM,RELC): (  225.58205     0.44283787E-03 ) :: heat equation
ComputeChange: NS (ITER=2) (NRM,RELC): (  225.58203     0.65706867E-07 ) :: heat equation
ComputeChange: NS (ITER=3) (NRM,RELC): (  225.58203     0.17041154E-10 ) :: heat equation
MAIN: 
MAIN: -------------------------------------
MAIN: Time: 554/600:   5.540E+01
MAIN: Estimated time left: 36.8 seconds
MAIN: -------------------------------------
MAIN: 
ComputeChange: NS (ITER=1) (NRM,RELC): (  225.48246     0.44151882E-03 ) :: heat equation
ComputeChange: NS (ITER=2) (NRM,RELC): (  225.48244     0.65243631E-07 ) :: heat equation
ComputeChange: NS (ITER=3) (NRM,RELC): (  225.48244     0.16886709E-10 ) :: heat equation
MAIN: 
MAIN: -------------------------------------
MAIN: Time: 555/600:   5.550E+01
MAIN: Estimated time left: 35.6 seconds
MAIN: -------------------------------------
MAIN: 
ComputeChange: NS (ITER=1) (NRM,RELC): (  225.38321     0.44020966E-03 ) :: heat equation
ComputeChange: NS (ITER=2) (NRM,RELC): (  225.38319     0.64785338E-07 ) :: heat equation
ComputeChange: NS (ITER=3) (NRM,RELC): (  225.38319     0.16738155E-10 ) :: heat equation
MAIN: 
MAIN: -------------------------------------
MAIN: Time: 556/600:   5.560E+01
MAIN: Estimated time left: 35.0 seconds
MAIN: -------------------------------------
MAIN: 
ComputeChange: NS (ITER=1) (NRM,RELC): (  225.28429     0.43891023E-03 ) :: heat equation
ComputeChange: NS (ITER=2) (NRM,RELC): (  225.28428     0.64332283E-07 ) :: heat equation
ComputeChange: NS (ITER=3) (NRM,RELC): (  225.28428     0.16592094E-10 ) :: heat equation
MAIN: 
MAIN: -------------------------------------
MAIN: Time: 557/600:   5.570E+01
MAIN: Estimated time left: 34.3 seconds
MAIN: -------------------------------------
MAIN: 
ComputeChange: NS (ITER=1) (NRM,RELC): (  225.18571     0.43762035E-03 ) :: heat equation
ComputeChange: NS (ITER=2) (NRM,RELC): (  225.18569     0.63884138E-07 ) :: heat equation
ComputeChange: NS (ITER=3) (NRM,RELC): (  225.18569     0.16450046E-10 ) :: heat equation
MAIN: 
MAIN: -------------------------------------
MAIN: Time: 558/600:   5.580E+01
MAIN: Estimated time left: 33.4 seconds
MAIN: -------------------------------------
MAIN: 
ComputeChange: NS (ITER=1) (NRM,RELC): (  225.08746     0.43633985E-03 ) :: heat equation
ComputeChange: NS (ITER=2) (NRM,RELC): (  225.08744     0.63440666E-07 ) :: heat equation
ComputeChange: NS (ITER=3) (NRM,RELC): (  225.08744     0.16306208E-10 ) :: heat equation
MAIN: 
MAIN: -------------------------------------
MAIN: Time: 559/600:   5.590E+01
MAIN: Estimated time left: 32.2 seconds
MAIN: -------------------------------------
MAIN: 
ComputeChange: NS (ITER=1) (NRM,RELC): (  224.98954     0.43506859E-03 ) :: heat equation
ComputeChange: NS (ITER=2) (NRM,RELC): (  224.98952     0.63001723E-07 ) :: heat equation
ComputeChange: NS (ITER=3) (NRM,RELC): (  224.98952     0.16161716E-10 ) :: heat equation
MAIN: 
MAIN: -------------------------------------
MAIN: Time: 560/600:   5.600E+01
MAIN: Estimated time left: 31.6 seconds
MAIN: -------------------------------------
MAIN: 
ComputeChange: NS (ITER=1) (NRM,RELC): (  224.89194     0.43380641E-03 ) :: heat equation
ComputeChange: NS (ITER=2) (NRM,RELC): (  224.89193     0.62567817E-07 ) :: heat equation
ComputeChange: NS (ITER=3) (NRM,RELC): (  224.89193     0.16021371E-10 ) :: heat equation
MAIN: 
MAIN: -------------------------------------
MAIN: Time: 561/600:   5.610E+01
MAIN: Estimated time left: 30.5 seconds
MAIN: -------------------------------------
MAIN: 
ComputeChange: NS (ITER=1) (NRM,RELC): (  224.79467     0.43255316E-03 ) :: heat equation
ComputeChange: NS (ITER=2) (NRM,RELC): (  224.79466     0.62138598E-07 ) :: heat equation
ComputeChange: NS (ITER=3) (NRM,RELC): (  224.79466     0.15883663E-10 ) :: heat equation
MAIN: 
MAIN: -------------------------------------
MAIN: Time: 562/600:   5.620E+01
MAIN: Estimated time left: 30.3 seconds
MAIN: -------------------------------------
MAIN: 
ComputeChange: NS (ITER=1) (NRM,RELC): (  224.69772     0.43130869E-03 ) :: heat equation
ComputeChange: NS (ITER=2) (NRM,RELC): (  224.69771     0.61713437E-07 ) :: heat equation
ComputeChange: NS (ITER=3) (NRM,RELC): (  224.69771     0.15746572E-10 ) :: heat equation
MAIN: 
MAIN: -------------------------------------
MAIN: Time: 563/600:   5.630E+01
MAIN: Estimated time left: 29.4 seconds
MAIN: -------------------------------------
MAIN: 
ComputeChange: NS (ITER=1) (NRM,RELC): (  224.60109     0.43007287E-03 ) :: heat equation
ComputeChange: NS (ITER=2) (NRM,RELC): (  224.60108     0.61292781E-07 ) :: heat equation
ComputeChange: NS (ITER=3) (NRM,RELC): (  224.60108     0.15617186E-10 ) :: heat equation
MAIN: 
MAIN: -------------------------------------
MAIN: Time: 564/600:   5.640E+01
MAIN: Estimated time left: 30.2 seconds
MAIN: -------------------------------------
MAIN: 
ComputeChange: NS (ITER=1) (NRM,RELC): (  224.50478     0.42884557E-03 ) :: heat equation
ComputeChange: NS (ITER=2) (NRM,RELC): (  224.50477     0.60876409E-07 ) :: heat equation
ComputeChange: NS (ITER=3) (NRM,RELC): (  224.50477     0.15482603E-10 ) :: heat equation
MAIN: 
MAIN: -------------------------------------
MAIN: Time: 565/600:   5.650E+01
MAIN: Estimated time left: 27.7 seconds
MAIN: -------------------------------------
MAIN: 
ComputeChange: NS (ITER=1) (NRM,RELC): (  224.40878     0.42762664E-03 ) :: heat equation
ComputeChange: NS (ITER=2) (NRM,RELC): (  224.40877     0.60464473E-07 ) :: heat equation
ComputeChange: NS (ITER=3) (NRM,RELC): (  224.40877     0.15351303E-10 ) :: heat equation
MAIN: 
MAIN: -------------------------------------
MAIN: Time: 566/600:   5.660E+01
MAIN: Estimated time left: 27.1 seconds
MAIN: -------------------------------------
MAIN: 
ComputeChange: NS (ITER=1) (NRM,RELC): (  224.31310     0.42641597E-03 ) :: heat equation
ComputeChange: NS (ITER=2) (NRM,RELC): (  224.31308     0.60056975E-07 ) :: heat equation
ComputeChange: NS (ITER=3) (NRM,RELC): (  224.31308     0.15226077E-10 ) :: heat equation
MAIN: 
MAIN: -------------------------------------
MAIN: Time: 567/600:   5.670E+01
MAIN: Estimated time left: 26.3 seconds
MAIN: -------------------------------------
MAIN: 
ComputeChange: NS (ITER=1) (NRM,RELC): (  224.21772     0.42521343E-03 ) :: heat equation
ComputeChange: NS (ITER=2) (NRM,RELC): (  224.21771     0.59653509E-07 ) :: heat equation
ComputeChange: NS (ITER=3) (NRM,RELC): (  224.21771     0.15098569E-10 ) :: heat equation
MAIN: 
MAIN: -------------------------------------
MAIN: Time: 568/600:   5.680E+01
MAIN: Estimated time left: 25.2 seconds
MAIN: -------------------------------------
MAIN: 
ComputeChange: NS (ITER=1) (NRM,RELC): (  224.12266     0.42401890E-03 ) :: heat equation
ComputeChange: NS (ITER=2) (NRM,RELC): (  224.12264     0.59059882E-07 ) :: heat equation
ComputeChange: NS (ITER=3) (NRM,RELC): (  224.12264     0.18743156E-09 ) :: heat equation
MAIN: 
MAIN: -------------------------------------
MAIN: Time: 569/600:   5.690E+01
MAIN: Estimated time left: 24.5 seconds
MAIN: -------------------------------------
MAIN: 
ComputeChange: NS (ITER=1) (NRM,RELC): (  224.02790     0.42283227E-03 ) :: heat equation
ComputeChange: NS (ITER=2) (NRM,RELC): (  224.02789     0.58665429E-07 ) :: heat equation
ComputeChange: NS (ITER=3) (NRM,RELC): (  224.02789     0.18638464E-09 ) :: heat equation
MAIN: 
MAIN: -------------------------------------
MAIN: Time: 570/600:   5.700E+01
MAIN: Estimated time left: 24.4 seconds
MAIN: -------------------------------------
MAIN: 
ComputeChange: NS (ITER=1) (NRM,RELC): (  223.93344     0.42165342E-03 ) :: heat equation
ComputeChange: NS (ITER=2) (NRM,RELC): (  223.93343     0.58274810E-07 ) :: heat equation
ComputeChange: NS (ITER=3) (NRM,RELC): (  223.93343     0.18535258E-09 ) :: heat equation
MAIN: 
MAIN: -------------------------------------
MAIN: Time: 571/600:   5.710E+01
MAIN: Estimated time left: 23.6 seconds
MAIN: -------------------------------------
MAIN: 
ComputeChange: NS (ITER=1) (NRM,RELC): (  223.83929     0.42048223E-03 ) :: heat equation
ComputeChange: NS (ITER=2) (NRM,RELC): (  223.83928     0.57887941E-07 ) :: heat equation
ComputeChange: NS (ITER=3) (NRM,RELC): (  223.83928     0.18431863E-09 ) :: heat equation
MAIN: 
MAIN: -------------------------------------
MAIN: Time: 572/600:   5.720E+01
MAIN: Estimated time left: 22.8 seconds
MAIN: -------------------------------------
MAIN: 
ComputeChange: NS (ITER=1) (NRM,RELC): (  223.74544     0.41931860E-03 ) :: heat equation
ComputeChange: NS (ITER=2) (NRM,RELC): (  223.74542     0.57504900E-07 ) :: heat equation
ComputeChange: NS (ITER=3) (NRM,RELC): (  223.74542     0.18330949E-09 ) :: heat equation
MAIN: 
MAIN: -------------------------------------
MAIN: Time: 573/600:   5.730E+01
MAIN: Estimated time left: 22.1 seconds
MAIN: -------------------------------------
MAIN: 
ComputeChange: NS (ITER=1) (NRM,RELC): (  223.65188     0.41816243E-03 ) :: heat equation
ComputeChange: NS (ITER=2) (NRM,RELC): (  223.65187     0.57125547E-07 ) :: heat equation
ComputeChange: NS (ITER=3) (NRM,RELC): (  223.65187     0.18229340E-09 ) :: heat equation
MAIN: 
MAIN: -------------------------------------
MAIN: Time: 574/600:   5.740E+01
MAIN: Estimated time left: 21.7 seconds
MAIN: -------------------------------------
MAIN: 
ComputeChange: NS (ITER=1) (NRM,RELC): (  223.55862     0.41701362E-03 ) :: heat equation
ComputeChange: NS (ITER=2) (NRM,RELC): (  223.55861     0.56752302E-07 ) :: heat equation
ComputeChange: NS (ITER=3) (NRM,RELC): (  223.55861     0.18131119E-09 ) :: heat equation
MAIN: 
MAIN: -------------------------------------
MAIN: Time: 575/600:   5.750E+01
MAIN: Estimated time left: 22.0 seconds
MAIN: -------------------------------------
MAIN: 
ComputeChange: NS (ITER=1) (NRM,RELC): (  223.46566     0.41587207E-03 ) :: heat equation
ComputeChange: NS (ITER=2) (NRM,RELC): (  223.46564     0.56383362E-07 ) :: heat equation
ComputeChange: NS (ITER=3) (NRM,RELC): (  223.46564     0.18032551E-09 ) :: heat equation
MAIN: 
MAIN: -------------------------------------
MAIN: Time: 576/600:   5.760E+01
MAIN: Estimated time left: 20.3 seconds
MAIN: -------------------------------------
MAIN: 
ComputeChange: NS (ITER=1) (NRM,RELC): (  223.37298     0.41473768E-03 ) :: heat equation
ComputeChange: NS (ITER=2) (NRM,RELC): (  223.37297     0.56015598E-07 ) :: heat equation
ComputeChange: NS (ITER=3) (NRM,RELC): (  223.37297     0.17934704E-09 ) :: heat equation
MAIN: 
MAIN: -------------------------------------
MAIN: Time: 577/600:   5.770E+01
MAIN: Estimated time left: 19.8 seconds
MAIN: -------------------------------------
MAIN: 
ComputeChange: NS (ITER=1) (NRM,RELC): (  223.28060     0.41361037E-03 ) :: heat equation
ComputeChange: NS (ITER=2) (NRM,RELC): (  223.28059     0.55651228E-07 ) :: heat equation
ComputeChange: NS (ITER=3) (NRM,RELC): (  223.28059     0.17837109E-09 ) :: heat equation
MAIN: 
MAIN: -------------------------------------
MAIN: Time: 578/600:   5.780E+01
MAIN: Estimated time left: 17.6 seconds
MAIN: -------------------------------------
MAIN: 
ComputeChange: NS (ITER=1) (NRM,RELC): (  223.18851     0.41249002E-03 ) :: heat equation
ComputeChange: NS (ITER=2) (NRM,RELC): (  223.18849     0.55289141E-07 ) :: heat equation
ComputeChange: NS (ITER=3) (NRM,RELC): (  223.18849     0.17740161E-09 ) :: heat equation
MAIN: 
MAIN: -------------------------------------
MAIN: Time: 579/600:   5.790E+01
MAIN: Estimated time left: 16.8 seconds
MAIN: -------------------------------------
MAIN: 
ComputeChange: NS (ITER=1) (NRM,RELC): (  223.09670     0.41137656E-03 ) :: heat equation
ComputeChange: NS (ITER=2) (NRM,RELC): (  223.09669     0.54930342E-07 ) :: heat equation
ComputeChange: NS (ITER=3) (NRM,RELC): (  223.09669     0.17643863E-09 ) :: heat equation
MAIN: 
MAIN: -------------------------------------
MAIN: Time: 580/600:   5.800E+01
MAIN: Estimated time left: 16.1 seconds
MAIN: -------------------------------------
MAIN: 
ComputeChange: NS (ITER=1) (NRM,RELC): (  223.00517     0.41026990E-03 ) :: heat equation
ComputeChange: NS (ITER=2) (NRM,RELC): (  223.00516     0.54575725E-07 ) :: heat equation
ComputeChange: NS (ITER=3) (NRM,RELC): (  223.00516     0.17548916E-09 ) :: heat equation
MAIN: 
MAIN: -------------------------------------
MAIN: Time: 581/600:   5.810E+01
MAIN: Estimated time left: 15.2 seconds
MAIN: -------------------------------------
MAIN: 
ComputeChange: NS (ITER=1) (NRM,RELC): (  222.91393     0.40916995E-03 ) :: heat equation
ComputeChange: NS (ITER=2) (NRM,RELC): (  222.91392     0.54227124E-07 ) :: heat equation
ComputeChange: NS (ITER=3) (NRM,RELC): (  222.91392     0.17453920E-09 ) :: heat equation
MAIN: 
MAIN: -------------------------------------
MAIN: Time: 582/600:   5.820E+01
MAIN: Estimated time left: 14.7 seconds
MAIN: -------------------------------------
MAIN: 
ComputeChange: NS (ITER=1) (NRM,RELC): (  222.82297     0.40807664E-03 ) :: heat equation
ComputeChange: NS (ITER=2) (NRM,RELC): (  222.82296     0.53881770E-07 ) :: heat equation
ComputeChange: NS (ITER=3) (NRM,RELC): (  222.82296     0.17361579E-09 ) :: heat equation
MAIN: 
MAIN: -------------------------------------
MAIN: Time: 583/600:   5.830E+01
MAIN: Estimated time left: 14.0 seconds
MAIN: -------------------------------------
MAIN: 
ComputeChange: NS (ITER=1) (NRM,RELC): (  222.73229     0.40698988E-03 ) :: heat equation
ComputeChange: NS (ITER=2) (NRM,RELC): (  222.73228     0.53543734E-07 ) :: heat equation
ComputeChange: NS (ITER=3) (NRM,RELC): (  222.73228     0.17273378E-09 ) :: heat equation
MAIN: 
MAIN: -------------------------------------
MAIN: Time: 584/600:   5.840E+01
MAIN: Estimated time left: 13.2 seconds
MAIN: -------------------------------------
MAIN: 
ComputeChange: NS (ITER=1) (NRM,RELC): (  222.64189     0.40590960E-03 ) :: heat equation
ComputeChange: NS (ITER=2) (NRM,RELC): (  222.64188     0.53209958E-07 ) :: heat equation
ComputeChange: NS (ITER=3) (NRM,RELC): (  222.64188     0.17186155E-09 ) :: heat equation
MAIN: 
MAIN: -------------------------------------
MAIN: Time: 585/600:   5.850E+01
MAIN: Estimated time left: 12.6 seconds
MAIN: -------------------------------------
MAIN: 
ComputeChange: NS (ITER=1) (NRM,RELC): (  222.55176     0.40483572E-03 ) :: heat equation
ComputeChange: NS (ITER=2) (NRM,RELC): (  222.55175     0.52875970E-07 ) :: heat equation
ComputeChange: NS (ITER=3) (NRM,RELC): (  222.55175     0.17097768E-09 ) :: heat equation
MAIN: 
MAIN: -------------------------------------
MAIN: Time: 586/600:   5.860E+01
MAIN: Estimated time left: 11.9 seconds
MAIN: -------------------------------------
MAIN: 
ComputeChange: NS (ITER=1) (NRM,RELC): (  222.46191     0.40376817E-03 ) :: heat equation
ComputeChange: NS (ITER=2) (NRM,RELC): (  222.46190     0.52543997E-07 ) :: heat equation
ComputeChange: NS (ITER=3) (NRM,RELC): (  222.46190     0.17008087E-09 ) :: heat equation
MAIN: 
MAIN: -------------------------------------
MAIN: Time: 587/600:   5.870E+01
MAIN: Estimated time left: 11.3 seconds
MAIN: -------------------------------------
MAIN: 
ComputeChange: NS (ITER=1) (NRM,RELC): (  222.37233     0.40270686E-03 ) :: heat equation
ComputeChange: NS (ITER=2) (NRM,RELC): (  222.37232     0.52211661E-07 ) :: heat equation
ComputeChange: NS (ITER=3) (NRM,RELC): (  222.37232     0.16917674E-09 ) :: heat equation
MAIN: 
MAIN: -------------------------------------
MAIN: Time: 588/600:   5.880E+01
MAIN: Estimated time left: 10.4 seconds
MAIN: -------------------------------------
MAIN: 
ComputeChange: NS (ITER=1) (NRM,RELC): (  222.28302     0.40165173E-03 ) :: heat equation
ComputeChange: NS (ITER=2) (NRM,RELC): (  222.28301     0.51880282E-07 ) :: heat equation
ComputeChange: NS (ITER=3) (NRM,RELC): (  222.28301     0.16827424E-09 ) :: heat equation
MAIN: 
MAIN: -------------------------------------
MAIN: Time: 589/600:   5.890E+01
MAIN: Estimated time left: 10.8 seconds
MAIN: -------------------------------------
MAIN: 
ComputeChange: NS (ITER=1) (NRM,RELC): (  222.19398     0.40060271E-03 ) :: heat equation
ComputeChange: NS (ITER=2) (NRM,RELC): (  222.19397     0.51551762E-07 ) :: heat equation
ComputeChange: NS (ITER=3) (NRM,RELC): (  222.19397     0.16737605E-09 ) :: heat equation
MAIN: 
MAIN: -------------------------------------
MAIN: Time: 590/600:   5.900E+01
MAIN: Estimated time left:  9.4 seconds
MAIN: -------------------------------------
MAIN: 
ComputeChange: NS (ITER=1) (NRM,RELC): (  222.10521     0.39955971E-03 ) :: heat equation
ComputeChange: NS (ITER=2) (NRM,RELC): (  222.10520     0.51226117E-07 ) :: heat equation
ComputeChange: NS (ITER=3) (NRM,RELC): (  222.10520     0.16649153E-09 ) :: heat equation
MAIN: 
MAIN: -------------------------------------
MAIN: Time: 591/600:   5.910E+01
MAIN: Estimated time left:  9.5 seconds
MAIN: -------------------------------------
MAIN: 
ComputeChange: NS (ITER=1) (NRM,RELC): (  222.01670     0.39852269E-03 ) :: heat equation
ComputeChange: NS (ITER=2) (NRM,RELC): (  222.01669     0.50903236E-07 ) :: heat equation
ComputeChange: NS (ITER=3) (NRM,RELC): (  222.01669     0.16561903E-09 ) :: heat equation
MAIN: 
MAIN: -------------------------------------
MAIN: Time: 592/600:   5.920E+01
MAIN: Estimated time left:  9.4 seconds
MAIN: -------------------------------------
MAIN: 
ComputeChange: NS (ITER=1) (NRM,RELC): (  221.92846     0.39749157E-03 ) :: heat equation
ComputeChange: NS (ITER=2) (NRM,RELC): (  221.92844     0.50583106E-07 ) :: heat equation
ComputeChange: NS (ITER=3) (NRM,RELC): (  221.92844     0.16474513E-09 ) :: heat equation
MAIN: 
MAIN: -------------------------------------
MAIN: Time: 593/600:   5.930E+01
MAIN: Estimated time left:  7.6 seconds
MAIN: -------------------------------------
MAIN: 
ComputeChange: NS (ITER=1) (NRM,RELC): (  221.84047     0.39646629E-03 ) :: heat equation
ComputeChange: NS (ITER=2) (NRM,RELC): (  221.84046     0.50265788E-07 ) :: heat equation
ComputeChange: NS (ITER=3) (NRM,RELC): (  221.84046     0.16387854E-09 ) :: heat equation
MAIN: 
MAIN: -------------------------------------
MAIN: Time: 594/600:   5.940E+01
MAIN: Estimated time left:  5.8 seconds
MAIN: -------------------------------------
MAIN: 
ComputeChange: NS (ITER=1) (NRM,RELC): (  221.75275     0.39544679E-03 ) :: heat equation
ComputeChange: NS (ITER=2) (NRM,RELC): (  221.75274     0.49951042E-07 ) :: heat equation
ComputeChange: NS (ITER=3) (NRM,RELC): (  221.75274     0.16301953E-09 ) :: heat equation
MAIN: 
MAIN: -------------------------------------
MAIN: Time: 595/600:   5.950E+01
MAIN: Estimated time left:  5.1 seconds
MAIN: -------------------------------------
MAIN: 
ComputeChange: NS (ITER=1) (NRM,RELC): (  221.66529     0.39443300E-03 ) :: heat equation
ComputeChange: NS (ITER=2) (NRM,RELC): (  221.66528     0.49639093E-07 ) :: heat equation
ComputeChange: NS (ITER=3) (NRM,RELC): (  221.66528     0.16215939E-09 ) :: heat equation
MAIN: 
MAIN: -------------------------------------
MAIN: Time: 596/600:   5.960E+01
MAIN: Estimated time left:  4.8 seconds
MAIN: -------------------------------------
MAIN: 
ComputeChange: NS (ITER=1) (NRM,RELC): (  221.57809     0.39342487E-03 ) :: heat equation
ComputeChange: NS (ITER=2) (NRM,RELC): (  221.57808     0.49329654E-07 ) :: heat equation
ComputeChange: NS (ITER=3) (NRM,RELC): (  221.57808     0.16131288E-09 ) :: heat equation
MAIN: 
MAIN: -------------------------------------
MAIN: Time: 597/600:   5.970E+01
MAIN: Estimated time left:  3.2 seconds
MAIN: -------------------------------------
MAIN: 
ComputeChange: NS (ITER=1) (NRM,RELC): (  221.49115     0.39242234E-03 ) :: heat equation
ComputeChange: NS (ITER=2) (NRM,RELC): (  221.49113     0.49022755E-07 ) :: heat equation
ComputeChange: NS (ITER=3) (NRM,RELC): (  221.49113     0.16046975E-09 ) :: heat equation
MAIN: 
MAIN: -------------------------------------
MAIN: Time: 598/600:   5.980E+01
MAIN: Estimated time left:  2.9 seconds
MAIN: -------------------------------------
MAIN: 
ComputeChange: NS (ITER=1) (NRM,RELC): (  221.40445     0.39142534E-03 ) :: heat equation
ComputeChange: NS (ITER=2) (NRM,RELC): (  221.40444     0.48718451E-07 ) :: heat equation
ComputeChange: NS (ITER=3) (NRM,RELC): (  221.40444     0.15962950E-09 ) :: heat equation
MAIN: 
MAIN: -------------------------------------
MAIN: Time: 599/600:   5.990E+01
MAIN: Estimated time left:  1.6 seconds
MAIN: -------------------------------------
MAIN: 
ComputeChange: NS (ITER=1) (NRM,RELC): (  221.31802     0.39043383E-03 ) :: heat equation
ComputeChange: NS (ITER=2) (NRM,RELC): (  221.31801     0.48417552E-07 ) :: heat equation
ComputeChange: NS (ITER=3) (NRM,RELC): (  221.31801     0.15880638E-09 ) :: heat equation
MAIN: 
MAIN: -------------------------------------
MAIN: Time: 600/600:   6.000E+01
MAIN: -------------------------------------
MAIN: 
ComputeChange: NS (ITER=1) (NRM,RELC): (  221.23183     0.38944775E-03 ) :: heat equation
ComputeChange: NS (ITER=2) (NRM,RELC): (  221.23182     0.48122041E-07 ) :: heat equation
ComputeChange: NS (ITER=3) (NRM,RELC): (  221.23182     0.15800198E-09 ) :: heat equation
REF time=  60.000 max=   325.534 energy residual=  6.2606E+00
MAIN: *** Elmer Solver: ALL DONE ***
MAIN: The end
SOLVER TOTAL TIME(CPU,REAL):       898.85      898.85
ELMER SOLVER FINISHED AT: 2026/09/08 09:51:13
