$MeshFormat
4.1 0 8
$EndMeshFormat
$Entities
160 239 81 1
1 39.857352200569 -9.612048458045001 0 0 
2 41 -1.004210375301e-14 0 0 
3 39.857352200569 9.612048458045001 0 0 
4 39 9.612048458046001 0 0 
5 37 7.612048458046 0 0 
6 37 -7.612048458046 0 0 
7 39 -9.612048458046001 0 0 
8 72.98 -9.612048458046001 0 0 
9 74.440504168891 -8.978404038651 0 0 
10 74.98 -1.806418589701e-14 0 0 
11 74.440504168891 8.978404038651 0 0 
12 72.98 9.612048458046001 0 0 
13 36.464498927266 18.744074209824 0 0 
14 34.465093899762 22.207145302371 0 0 
15 28.252954247359 29.711455304253 0 0 
16 27.824278147074 28.96896651857 0 0 
17 25.092227339506 28.236915711001 0 0 
18 11.907772660494 35.848964169047 0 0 
19 11.175721852926 38.581014976616 0 0 
20 11.604397953211 39.323503762299 0 0 
21 1.999405027504 40.951219512195 0 0 
22 -1.999405027504 40.951219512195 0 0 
23 -11.60439795321 39.323503762299 0 0 
24 -11.17572185292 38.581014976616 0 0 
25 -11.90777266049 35.848964169047 0 0 
26 -25.0922273395 28.236915711001 0 0 
27 -27.82427814707 28.96896651857 0 0 
28 -28.25295424735 29.711455304253 0 0 
29 -34.46509389976 22.207145302371 0 0 
30 -36.46449892726 18.744074209824 0 0 
31 -39.85735220056 9.612048458046001 0 0 
32 -39 9.612048458046001 0 0 
33 -37 7.612048458046 0 0 
34 -37 -7.612048458046 0 0 
35 -39 -9.612048458046001 0 0 
36 -39.85735220056 -9.612048458046001 0 0 
37 -36.46449892726 -18.74407420982 0 0 
38 -34.46509389976 -22.20714530237 0 0 
39 -28.25295424735 -29.71145530425 0 0 
40 -27.82427814707 -28.96896651857 0 0 
41 -25.0922273395 -28.236915711 0 0 
42 -11.90777266049 -35.84896416904 0 0 
43 -11.17572185292 -38.58101497661 0 0 
44 -11.60439795321 -39.32350376229 0 0 
45 -1.999405027504 -40.95121951219 0 0 
46 1.999405027504 -40.95121951219 0 0 
47 11.604397953211 -39.32350376229 0 0 
48 11.175721852926 -38.58101497661 0 0 
49 11.907772660494 -35.84896416904 0 0 
50 25.092227339506 -28.236915711 0 0 
51 27.824278147074 -28.96896651857 0 0 
52 28.252954247359 -29.71145530425 0 0 
53 34.465093899762 -22.20714530237 0 0 
54 36.464498927266 -18.74407420982 0 0 
55 20 -4.898587196589e-15 0 0 
56 39.857352200569 9.612048458045001 12 0 
57 72.98 9.612048458046001 12 0 
58 74.440504168891 8.978404038651 12 0 
59 74.98 -1.806418589701e-14 12 0 
60 74.440504168891 -8.978404038651 12 0 
61 72.98 -9.612048458046001 12 0 
62 39.857352200569 -9.612048458045001 12 0 
63 36.464498927266 -18.74407420982 12 0 
64 34.465093899762 -22.20714530237 12 0 
65 28.252954247359 -29.71145530425 12 0 
66 1.999405027504 -40.95121951219 12 0 
67 11.604397953211 -39.32350376229 12 0 
68 -1.999405027504 -40.95121951219 12 0 
69 -11.60439795321 -39.32350376229 12 0 
70 -34.46509389976 -22.20714530237 12 0 
71 -28.25295424735 -29.71145530425 12 0 
72 -36.46449892726 -18.74407420982 12 0 
73 -39.85735220056 -9.612048458046001 12 0 
74 -36.46449892726 18.744074209824 12 0 
75 -39.85735220056 9.612048458046001 12 0 
76 -34.46509389976 22.207145302371 12 0 
77 -28.25295424735 29.711455304253 12 0 
78 -1.999405027504 40.951219512195 12 0 
79 -11.60439795321 39.323503762299 12 0 
80 1.999405027504 40.951219512195 12 0 
81 11.604397953211 39.323503762299 12 0 
82 34.465093899762 22.207145302371 12 0 
83 28.252954247359 29.711455304253 12 0 
84 36.464498927266 18.744074209824 12 0 
85 20 -4.898587196589e-15 12 0 
86 41 -1.004210375301e-14 12 0 
87 37 -7.612048458046 12 0 
88 39 -9.612048458046001 12 0 
89 37 7.612048458046 12 0 
90 39 9.612048458046001 12 0 
91 27.824278147074 28.96896651857 12 0 
92 25.092227339506 28.236915711001 12 0 
93 11.907772660494 35.848964169047 12 0 
94 11.175721852926 38.581014976616 12 0 
95 -11.17572185292 38.581014976616 12 0 
96 -11.90777266049 35.848964169047 12 0 
97 -25.0922273395 28.236915711001 12 0 
98 -27.82427814707 28.96896651857 12 0 
99 -39 9.612048458046001 12 0 
100 -37 7.612048458046 12 0 
101 -37 -7.612048458046 12 0 
102 -39 -9.612048458046001 12 0 
103 -27.82427814707 -28.96896651857 12 0 
104 -25.0922273395 -28.236915711 12 0 
105 -11.90777266049 -35.84896416904 12 0 
106 -11.17572185292 -38.58101497661 12 0 
107 11.175721852926 -38.58101497661 12 0 
108 11.907772660494 -35.84896416904 12 0 
109 25.092227339506 -28.236915711 12 0 
110 27.824278147074 -28.96896651857 12 0 
111 44.814278147074 -58.39650973916 0 0 
112 44.814278147074 -58.39650973916 12 0 
113 28.165721852926 -68.00855819720999 0 0 
114 29.444726101533 -68.9565697001 0 0 
115 37.49 -64.93458477575 0 0 
116 44.995778067358 -59.97816566145 0 0 
117 28.165721852926 -68.00855819720999 12 0 
118 -28.16572185292 -68.00855819720999 0 0 
119 -28.16572185292 -68.00855819720999 12 0 
120 -44.81427814707 -58.39650973916 0 0 
121 -44.99577806735 -59.97816566145 0 0 
122 -37.49 -64.93458477575 0 0 
123 -29.44472610153 -68.9565697001 0 0 
124 -44.81427814707 -58.39650973916 12 0 
125 -72.98 -9.612048458045001 0 0 
126 -72.98 -9.612048458045001 12 0 
127 -72.98 9.612048458046001 0 0 
128 -74.44050416889 8.978404038651 0 0 
129 -74.98 8.881784197001e-15 0 0 
130 -74.44050416889 -8.978404038651 0 0 
131 -72.98 9.612048458046001 12 0 
132 -44.81427814707 58.396509739166 0 0 
133 -44.81427814707 58.396509739166 12 0 
134 -28.16572185292 68.008558197211 0 0 
135 -29.44472610153 68.956569700107 0 0 
136 -37.49 64.934584775757 0 0 
137 -44.99577806735 59.978165661456 0 0 
138 -28.16572185292 68.008558197211 12 0 
139 28.165721852926 68.008558197211 0 0 
140 28.165721852926 68.008558197211 12 0 
141 44.814278147074 58.396509739166 0 0 
142 44.995778067358 59.978165661456 0 0 
143 37.49 64.934584775757 0 0 
144 29.444726101533 68.956569700107 0 0 
145 44.814278147074 58.396509739166 12 0 
146 44.995778067358 -59.97816566145 12 0 
147 29.444726101533 -68.9565697001 12 0 
148 37.49 -64.93458477575 12 0 
149 -29.44472610153 -68.9565697001 12 0 
150 -44.99577806735 -59.97816566145 12 0 
151 -37.49 -64.93458477575 12 0 
152 -74.44050416889 -8.978404038651 12 0 
153 -74.44050416889 8.978404038651 12 0 
154 -74.98 8.881784197001e-15 12 0 
155 -44.99577806735 59.978165661456 12 0 
156 -29.44472610153 68.956569700107 12 0 
157 -37.49 64.934584775757 12 0 
158 29.444726101533 68.956569700107 12 0 
159 44.995778067358 59.978165661456 12 0 
160 37.49 64.934584775757 12 0 
1 39.8573521005689 -9.612048558044984 -1e-07 41.0000001 9.999998962229029e-08 1e-07 0 2 1 -2 
2 39.8573521005689 -1.000000002804313e-07 -1e-07 41.0000001 9.612048558044979 1e-07 0 2 2 -3 
3 38.9999999 9.612048358046001 -1e-07 39.857352300569 9.612048558046 1e-07 0 2 4 -3 
4 36.9999999 7.612048358046 -1e-07 39.0000001 9.612048558046 1e-07 0 2 5 -4 
5 36.9999999 -7.612048558046 -1e-07 37.0000001 7.612048558046 1e-07 0 2 6 -5 
6 36.9999999 -9.612048558046 -1e-07 39.0000001 -7.612048358046 1e-07 0 2 6 -7 
7 38.9999999 -9.612048558046 -1e-07 39.857352300569 -9.612048358046001 1e-07 0 2 7 -1 
8 39.857352100569 -9.612048558046 -1e-07 72.9800001 -9.612048358046001 1e-07 0 2 1 -8 
9 72.97999990000001 -9.612048558046 -1e-07 74.44050426889129 -8.978403938651274 1e-07 0 2 9 -8 
10 74.44050406889139 -8.97840413865107 -1e-07 74.9800001 9.999998162868451e-08 1e-07 0 2 9 -10 
11 74.44050406889139 -1.000000002804313e-07 -1e-07 74.9800001 8.978404138651047 1e-07 0 2 10 -11 
12 72.97999990000001 8.978403938651274 -1e-07 74.44050426889129 9.612048558046 1e-07 0 2 11 -12 
13 39.857352100569 9.612048358046001 -1e-07 72.9800001 9.612048558046 1e-07 0 2 3 -12 
14 36.4644988272663 9.61204835804498 -1e-07 39.85735230056891 18.74407430982415 1e-07 0 2 3 -13 
15 33.507041455162 18.4999999 -1e-07 36.46449902726582 22.20714540237081 1e-07 0 2 14 -13 
16 28.25295414735913 22.2071452023708 -1e-07 34.46509399976169 29.71145540425314 1e-07 0 2 14 -15 
17 27.82427804707443 28.96896641856975 -1e-07 28.25295434735911 29.71145540425293 1e-07 0 2 16 -15 
18 25.09222723950605 27.96896641857 -1e-07 27.82427824707466 28.96896661856962 1e-07 0 2 17 -16 
19 11.90777256049567 28.236915611001 -1e-07 25.092227439506 35.84896426904989 1e-07 0 2 17 -18 
20 10.907772560494 35.84896406904709 -1e-07 11.90777276049405 38.58101507661637 1e-07 0 2 18 -19 
21 11.17572175292643 38.58101487661575 -1e-07 11.60439805321111 39.32350386229894 1e-07 0 2 19 -20 
22 1.999404927504006 39.32350366229863 -1e-07 11.6043980532109 40.95121961219514 1e-07 0 2 20 -21 
23 -1.999405127504304 38.9999999 -1e-07 1.999405127504313 40.951219612195 1e-07 0 2 22 -21 
24 -11.60439805320997 39.3235036622989 -1e-07 -1.99940492750401 40.95121961219514 1e-07 0 2 22 -23 
25 -11.60439805320636 38.58101487661575 -1e-07 -11.17572175292043 39.3235038623011 1e-07 0 2 24 -23 
26 -11.90777276049005 35.84896406904709 -1e-07 -10.90777256049 38.58101507661637 1e-07 0 2 25 -24 
27 -25.09222743949834 28.23691561099811 -1e-07 -11.9077725604895 35.84896426904614 1e-07 0 2 25 -26 
28 -27.82427824706866 27.96896641857 -1e-07 -25.09222723950005 28.96896661856962 1e-07 0 2 26 -27 
29 -28.25295434735387 28.96896641856975 -1e-07 -27.82427804707043 29.71145540425077 1e-07 0 2 27 -28 
30 -34.46509399976111 22.20714520237171 -1e-07 -28.2529541473544 29.71145540425763 1e-07 0 2 28 -29 
31 -36.46449902726074 18.4999999 -1e-07 -33.50704145516 22.2071454023708 1e-07 0 2 30 -29 
32 -39.85735230056818 9.612048358047989 -1e-07 -36.46449882726505 18.74407430982659 1e-07 0 2 30 -31 
33 -39.85735230056 9.612048358046001 -1e-07 -38.9999999 9.612048558046 1e-07 0 2 32 -31 
34 -39.0000001 7.612048358045999 -1e-07 -36.9999999 9.612048558046 1e-07 0 2 33 -32 
35 -37.0000001 -7.612048558046 -1e-07 -36.9999999 7.612048558046 1e-07 0 2 33 -34 
36 -39.0000001 -9.612048558046 -1e-07 -36.9999999 -7.612048358046 1e-07 0 2 34 -35 
37 -39.85735230056 -9.612048558046 -1e-07 -38.9999999 -9.612048358046001 1e-07 0 2 35 -36 
38 -39.85735230056818 -18.74407430982343 -1e-07 -36.46449882726667 -9.61204835804798 1e-07 0 2 36 -37 
39 -36.46449902725906 -22.20714540237053 -1e-07 -33.50704145516 -18.4999999 1e-07 0 2 38 -37 
40 -34.46509399976157 -29.7114554042562 -1e-07 -28.25295414735591 -22.20714520237099 1e-07 0 2 38 -39 
41 -28.252954347353 -29.71145540424827 -1e-07 -27.82427804707086 -28.9689664185695 1e-07 0 2 40 -39 
42 -27.82427824706866 -28.96896661856962 -1e-07 -25.09222723950048 -27.96896641857 1e-07 0 2 41 -40 
43 -25.0922274395005 -35.84896426904739 -1e-07 -11.90777256049427 -28.23691561100087 1e-07 0 2 41 -42 
44 -11.90777276049048 -38.58101507661038 -1e-07 -10.90777256049 -35.84896406904084 1e-07 0 2 42 -43 
45 -11.6043980532055 -39.3235038622926 -1e-07 -11.17572175292087 -38.5810148766095 1e-07 0 2 43 -44 
46 -11.6043980532124 -40.95121961219512 -1e-07 -1.999404927504247 -39.32350366229819 1e-07 0 2 44 -45 
47 -1.999405127504196 -40.95121961218999 -1e-07 1.999405127504178 -38.9999999 1e-07 0 2 46 -45 
48 1.999404927504233 -40.95121961219512 -1e-07 11.60439805321333 -39.32350366229792 1e-07 0 2 46 -47 
49 11.17572175292687 -39.32350386229044 -1e-07 11.60439805321025 -38.5810148766095 1e-07 0 2 48 -47 
50 10.907772560494 -38.58101507661038 -1e-07 11.90777276049448 -35.84896406904084 1e-07 0 2 49 -48 
51 11.907772560494 -35.84896426904 -1e-07 25.09222743950173 -28.23691561099261 1e-07 0 2 49 -50 
52 25.09222723950649 -28.96896661856962 -1e-07 27.82427824707466 -27.96896641857 1e-07 0 2 50 -51 
53 27.82427804707486 -29.71145540425043 -1e-07 28.25295434735825 -28.9689664185695 1e-07 0 2 51 -52 
54 28.25295414736061 -29.71145540425173 -1e-07 34.46509399976215 -22.20714520237008 1e-07 0 2 52 -53 
55 33.507041455162 -22.20714540237053 -1e-07 36.46449902726414 -18.4999999 1e-07 0 2 54 -53 
56 36.46449882726792 -18.74407430982099 -1e-07 39.85735230056891 -9.612048358044985 1e-07 0 2 54 -1 
57 -20.0000001 -20.0000001 -1e-07 20.0000001 20.0000001 1e-07 0 2 55 -55 
58 39.857352100569 9.612048358046001 -1.000000002804313e-07 39.857352300569 9.612048558046 12.0000001 0 2 3 -56 
59 39.857352100569 9.612048358046001 11.9999999 72.9800001 9.612048558046 12.0000001 0 2 56 -57 
60 72.97999990000001 9.612048358046001 -1.000000002804313e-07 72.9800001 9.612048558046 12.0000001 0 2 12 -57 
61 74.440504068891 8.978403938651001 -1.000000002804313e-07 74.44050426889099 8.978404138650999 12.0000001 0 2 11 -58 
62 72.97999990000001 8.978403938651274 11.9999999 74.44050426889129 9.612048558046 12.0000001 0 2 58 -57 
63 74.44050406889139 -1.000000002804313e-07 11.9999999 74.9800001 8.978404138651047 12.0000001 0 2 59 -58 
64 74.97999990000001 -1.000000183648034e-07 -1.000000002804313e-07 74.9800001 9.999998163519659e-08 12.0000001 0 2 10 -59 
65 74.44050406889139 -8.97840413865107 11.9999999 74.9800001 9.999998162868451e-08 12.0000001 0 2 60 -59 
66 74.440504068891 -8.978404138650999 -1.000000002804313e-07 74.44050426889099 -8.978403938651001 12.0000001 0 2 9 -60 
67 72.97999990000001 -9.612048558046 11.9999999 74.44050426889129 -8.978403938651274 12.0000001 0 2 60 -61 
68 72.97999990000001 -9.612048558046 -1.000000002804313e-07 72.9800001 -9.612048358046001 12.0000001 0 2 8 -61 
69 39.857352100569 -9.612048558046 -1.000000002804313e-07 39.857352300569 -9.612048358046001 12.0000001 0 2 1 -62 
70 39.857352100569 -9.612048558046 11.9999999 72.9800001 -9.612048358046001 12.0000001 0 2 62 -61 
71 36.46449882726792 -18.74407430982099 11.9999999 39.85735230056891 -9.612048358044985 12.0000001 0 2 63 -62 
72 36.464498827266 -18.74407430982 -1.000000002804313e-07 36.464499027266 -18.74407410982 12.0000001 0 2 54 -63 
73 34.465093799762 -22.20714540237 -1.000000002804313e-07 34.465093999762 -22.20714520237 12.0000001 0 2 53 -64 
74 33.507041455162 -22.20714540237053 11.9999999 36.46449902726414 -18.4999999 12.0000001 0 2 63 -64 
75 28.25295414736061 -29.71145540425173 11.9999999 34.46509399976215 -22.20714520237008 12.0000001 0 2 65 -64 
76 28.252954147359 -29.71145540425 -1.000000002804313e-07 28.252954347359 -29.71145520425 12.0000001 0 2 52 -65 
77 11.60439785321333 -39.32350386229792 -1e-07 28.25295434736061 -29.71145520425172 1e-07 0 2 47 -52 
78 1.999404927504233 -40.95121961219512 11.9999999 11.60439805321333 -39.32350366229792 12.0000001 0 2 66 -67 
79 1.999404927504 -40.95121961219 -1.000000002804313e-07 1.999405127504 -40.95121941219 12.0000001 0 2 46 -66 
80 11.60439785321 -39.32350386229 -1.000000002804313e-07 11.60439805321 -39.32350366229 12.0000001 0 2 47 -67 
81 -1.999405127504 -40.95121961219 -1.000000002804313e-07 -1.999404927504 -40.95121941219 12.0000001 0 2 45 -68 
82 -1.999405127504196 -40.95121961218999 11.9999999 1.999405127504178 -38.9999999 12.0000001 0 2 66 -68 
83 -11.6043980532124 -40.95121961219512 11.9999999 -1.999404927504247 -39.32350366229819 12.0000001 0 2 69 -68 
84 -11.60439805321 -39.32350386229 -1.000000002804313e-07 -11.60439785321 -39.32350366229 12.0000001 0 2 44 -69 
85 -28.25295434735591 -39.32350386229819 -1e-07 -11.6043978532124 -29.71145520425619 1e-07 0 2 39 -44 
86 -34.46509399976157 -29.7114554042562 11.9999999 -28.25295414735591 -22.20714520237099 12.0000001 0 2 70 -71 
87 -34.46509399976 -22.20714540237 -1.000000002804313e-07 -34.46509379976 -22.20714520237 12.0000001 0 2 38 -70 
88 -28.25295434735 -29.71145540425 -1.000000002804313e-07 -28.25295414735 -29.71145520425 12.0000001 0 2 39 -71 
89 -36.46449902726 -18.74407430982 -1.000000002804313e-07 -36.46449882726 -18.74407410982 12.0000001 0 2 37 -72 
90 -36.46449902725906 -22.20714540237053 11.9999999 -33.50704145516 -18.4999999 12.0000001 0 2 70 -72 
91 -39.85735230056818 -18.74407430982343 11.9999999 -36.46449882726667 -9.61204835804798 12.0000001 0 2 73 -72 
92 -39.85735230056 -9.612048558046 -1.000000002804313e-07 -39.85735210056 -9.612048358046001 12.0000001 0 2 36 -73 
93 -41.0000001 -9.612048558047981 -1e-07 -39.85735210056818 9.612048558047988 1e-07 0 2 31 -36 
94 -39.85735230056818 9.612048358047989 11.9999999 -36.46449882726505 18.74407430982659 12.0000001 0 2 74 -75 
95 -36.46449902726 18.744074109824 -1.000000002804313e-07 -36.46449882726 18.744074309824 12.0000001 0 2 30 -74 
96 -39.85735230056 9.612048358046001 -1.000000002804313e-07 -39.85735210056 9.612048558046 12.0000001 0 2 31 -75 
97 -34.46509399976 22.207145202371 -1.000000002804313e-07 -34.46509379976 22.207145402371 12.0000001 0 2 29 -76 
98 -36.46449902726074 18.4999999 11.9999999 -33.50704145516 22.2071454023708 12.0000001 0 2 74 -76 
99 -34.46509399976111 22.20714520237171 11.9999999 -28.2529541473544 29.71145540425763 12.0000001 0 2 77 -76 
100 -28.25295434735 29.711455204253 -1.000000002804313e-07 -28.25295414735 29.711455404253 12.0000001 0 2 28 -77 
101 -28.2529543473544 29.71145520425763 -1e-07 -11.60439785320997 39.32350386229891 1e-07 0 2 23 -28 
102 -11.60439805320997 39.3235036622989 11.9999999 -1.99940492750401 40.95121961219514 12.0000001 0 2 78 -79 
103 -1.999405127504 40.951219412195 -1.000000002804313e-07 -1.999404927504 40.951219612195 12.0000001 0 2 22 -78 
104 -11.60439805321 39.323503662299 -1.000000002804313e-07 -11.60439785321 39.323503862299 12.0000001 0 2 23 -79 
105 1.999404927504 40.951219412195 -1.000000002804313e-07 1.999405127504 40.951219612195 12.0000001 0 2 21 -80 
106 -1.999405127504304 38.9999999 11.9999999 1.999405127504313 40.951219612195 12.0000001 0 2 78 -80 
107 1.999404927504006 39.32350366229863 11.9999999 11.6043980532109 40.95121961219514 12.0000001 0 2 81 -80 
108 11.60439785321 39.323503662299 -1.000000002804313e-07 11.60439805321 39.323503862299 12.0000001 0 2 20 -81 
109 11.6043978532109 29.71145520425313 -1e-07 28.25295434735913 39.32350386229863 1e-07 0 2 15 -20 
110 28.25295414735913 22.2071452023708 11.9999999 34.46509399976169 29.71145540425314 12.0000001 0 2 82 -83 
111 34.465093799762 22.207145202371 -1.000000002804313e-07 34.465093999762 22.207145402371 12.0000001 0 2 14 -82 
112 28.252954147359 29.711455204253 -1.000000002804313e-07 28.252954347359 29.711455404253 12.0000001 0 2 15 -83 
113 36.464498827266 18.744074109824 -1.000000002804313e-07 36.464499027266 18.744074309824 12.0000001 0 2 13 -84 
114 33.507041455162 18.4999999 11.9999999 36.46449902726582 22.20714540237081 12.0000001 0 2 82 -84 
115 36.4644988272663 9.61204835804498 11.9999999 39.85735230056891 18.74407430982415 12.0000001 0 2 56 -84 
116 -20.0000001 -20.0000001 11.9999999 20.0000001 20.0000001 12.0000001 0 2 85 -85 
117 19.9999999 -1.000000048985872e-07 -1.000000002804313e-07 20.0000001 9.99999951014128e-08 12.0000001 0 2 55 -85 
118 39.8573521005689 -9.612048558044984 11.9999999 41.0000001 9.999998962229029e-08 12.0000001 0 2 62 -86 
119 39.8573521005689 -1.000000002804313e-07 11.9999999 41.0000001 9.612048558044979 12.0000001 0 2 86 -56 
120 36.9999999 -9.612048558046 11.9999999 39.0000001 -7.612048358046 12.0000001 0 2 87 -88 
121 36.9999999 -7.612048558046 11.9999999 37.0000001 7.612048558046 12.0000001 0 2 87 -89 
122 36.9999999 7.612048358046 11.9999999 39.0000001 9.612048558046 12.0000001 0 2 89 -90 
123 38.9999999 9.612048358046001 11.9999999 39.857352300569 9.612048558046 12.0000001 0 2 90 -56 
124 27.82427804707443 28.96896641856975 11.9999999 28.25295434735911 29.71145540425293 12.0000001 0 2 91 -83 
125 25.09222723950605 27.96896641857 11.9999999 27.82427824707466 28.96896661856962 12.0000001 0 2 92 -91 
126 11.90777256049567 28.236915611001 11.9999999 25.092227439506 35.84896426904989 12.0000001 0 2 92 -93 
127 10.907772560494 35.84896406904709 11.9999999 11.90777276049405 38.58101507661637 12.0000001 0 2 93 -94 
128 11.17572175292643 38.58101487661575 11.9999999 11.60439805321111 39.32350386229894 12.0000001 0 2 94 -81 
129 -11.60439805320636 38.58101487661575 11.9999999 -11.17572175292043 39.3235038623011 12.0000001 0 2 95 -79 
130 -11.90777276049005 35.84896406904709 11.9999999 -10.90777256049 38.58101507661637 12.0000001 0 2 96 -95 
131 -25.09222743949834 28.23691561099811 11.9999999 -11.9077725604895 35.84896426904614 12.0000001 0 2 96 -97 
132 -27.82427824706866 27.96896641857 11.9999999 -25.09222723950005 28.96896661856962 12.0000001 0 2 97 -98 
133 -28.25295434735387 28.96896641856975 11.9999999 -27.82427804707043 29.71145540425077 12.0000001 0 2 98 -77 
134 -39.85735230056 9.612048358046001 11.9999999 -38.9999999 9.612048558046 12.0000001 0 2 99 -75 
135 -39.0000001 7.612048358045999 11.9999999 -36.9999999 9.612048558046 12.0000001 0 2 100 -99 
136 -37.0000001 -7.612048558046 11.9999999 -36.9999999 7.612048558046 12.0000001 0 2 100 -101 
137 -39.0000001 -9.612048558046 11.9999999 -36.9999999 -7.612048358046 12.0000001 0 2 101 -102 
138 -39.85735230056 -9.612048558046 11.9999999 -38.9999999 -9.612048358046001 12.0000001 0 2 102 -73 
139 -28.252954347353 -29.71145540424827 11.9999999 -27.82427804707086 -28.9689664185695 12.0000001 0 2 103 -71 
140 -27.82427824706866 -28.96896661856962 11.9999999 -25.09222723950048 -27.96896641857 12.0000001 0 2 104 -103 
141 -25.0922274395005 -35.84896426904739 11.9999999 -11.90777256049427 -28.23691561100087 12.0000001 0 2 104 -105 
142 -11.90777276049048 -38.58101507661038 11.9999999 -10.90777256049 -35.84896406904084 12.0000001 0 2 105 -106 
143 -11.6043980532055 -39.3235038622926 11.9999999 -11.17572175292087 -38.5810148766095 12.0000001 0 2 106 -69 
144 11.17572175292687 -39.32350386229044 11.9999999 11.60439805321025 -38.5810148766095 12.0000001 0 2 107 -67 
145 10.907772560494 -38.58101507661038 11.9999999 11.90777276049448 -35.84896406904084 12.0000001 0 2 108 -107 
146 11.907772560494 -35.84896426904 11.9999999 25.09222743950173 -28.23691561099261 12.0000001 0 2 108 -109 
147 25.09222723950649 -28.96896661856962 11.9999999 27.82427824707466 -27.96896641857 12.0000001 0 2 109 -110 
148 27.82427804707486 -29.71145540425043 11.9999999 28.25295434735825 -28.9689664185695 12.0000001 0 2 110 -65 
149 38.9999999 -9.612048558046 11.9999999 39.857352300569 -9.612048358046001 12.0000001 0 2 88 -62 
150 28.25295414735825 -58.39650983915708 -1e-07 44.81427824707907 -29.71145520425043 1e-07 0 2 52 -111 
151 28.25295414735825 -58.39650983915708 11.9999999 44.81427824707907 -29.71145520425043 12.0000001 0 2 65 -112 
152 44.814278047074 -58.39650983916 -1.000000002804313e-07 44.814278247074 -58.39650963916 12.0000001 0 2 111 -112 
153 11.60439785321025 -68.00855829720457 -1e-07 28.16572195293539 -39.32350366229043 1e-07 0 2 47 -113 
154 28.16572175292534 -68.9565698001053 -1e-07 29.44472620153177 -68.00855809721038 1e-07 0 2 114 -113 
155 29.44472600153547 -68.95656980010584 -1e-07 37.49000010000312 -64.93458467575542 1e-07 0 2 114 -115 
156 37.48999990000312 -64.93458487575541 -1e-07 44.99577816736087 -59.9781655614539 1e-07 0 2 115 -116 
157 44.81427804707466 -59.97816576145015 -1e-07 45.082227439506 -58.39650963915962 1e-07 0 2 116 -111 
158 11.60439785321025 -68.00855829720457 11.9999999 28.16572195293539 -39.32350366229043 12.0000001 0 2 67 -117 
159 28.165721752926 -68.00855829720999 -1.000000002804313e-07 28.165721952926 -68.00855809721 12.0000001 0 2 113 -117 
160 -28.16572195292939 -68.00855829720457 -1e-07 -11.6043978532055 -39.3235036622926 1e-07 0 2 44 -118 
161 -28.16572195292939 -68.00855829720457 11.9999999 -11.6043978532055 -39.3235036622926 12.0000001 0 2 69 -119 
162 -28.16572195292 -68.00855829720999 -1.000000002804313e-07 -28.16572175292 -68.00855809721 12.0000001 0 2 118 -119 
163 -44.81427824707506 -58.39650983915708 -1e-07 -28.25295414735299 -29.71145520424827 1e-07 0 2 39 -120 
164 -45.0822274395 -59.9781657614507 -1e-07 -44.81427804706866 -58.39650963915962 1e-07 0 2 121 -120 
165 -44.99577816735582 -64.93458487575539 -1e-07 -37.48999990000315 -59.97816556145768 1e-07 0 2 121 -122 
166 -37.49000010000315 -68.95656980010691 -1e-07 -29.44472600153298 -64.9345846757554 1e-07 0 2 122 -123 
167 -29.44472620152872 -68.95656980010553 -1e-07 -28.16572175292134 -68.00855809721038 1e-07 0 2 123 -118 
168 -44.81427824707506 -58.39650983915708 11.9999999 -28.25295414735299 -29.71145520424827 12.0000001 0 2 71 -124 
169 -44.81427824707 -58.39650983916 -1.000000002804313e-07 -44.81427804707 -58.39650963916 12.0000001 0 2 120 -124 
170 -72.9800001 -9.612048558046 -1e-07 -39.85735210056 -9.612048358045998 1e-07 0 2 36 -125 
171 -72.9800001 -9.612048558046 11.9999999 -39.85735210056 -9.612048358045998 12.0000001 0 2 73 -126 
172 -72.9800001 -9.612048558045 -1.000000002804313e-07 -72.97999990000001 -9.612048358045001 12.0000001 0 2 125 -126 
173 -72.9800001 9.612048358046001 -1e-07 -39.85735210056 9.612048558046004 1e-07 0 2 31 -127 
174 -74.44050426889082 8.978403938651772 -1e-07 -72.97999990000001 9.612048558046 1e-07 0 2 128 -127 
175 -74.9800001 -9.999999051046871e-08 -1e-07 -74.44050406889137 8.978404138651159 1e-07 0 2 128 -129 
176 -74.9800001 -8.978404138651143 -1e-07 -74.44050406889137 1.000000091622155e-07 1e-07 0 2 129 -130 
177 -74.44050426889032 -9.612048558044998 -1e-07 -72.97999990000001 -8.978403938651304 1e-07 0 2 130 -125 
178 -72.9800001 9.612048358046001 11.9999999 -39.85735210056 9.612048558046004 12.0000001 0 2 75 -131 
179 -72.9800001 9.612048358046001 -1.000000002804313e-07 -72.97999990000001 9.612048558046 12.0000001 0 2 127 -131 
180 -44.81427824707723 29.71145520425077 -1e-07 -28.25295414735387 58.39650983916183 1e-07 0 2 28 -132 
181 -44.81427824707723 29.71145520425077 11.9999999 -28.25295414735387 58.39650983916183 12.0000001 0 2 77 -133 
182 -44.81427824707 58.396509639166 -1.000000002804313e-07 -44.81427804707 58.396509839166 12.0000001 0 2 132 -133 
183 -28.16572195292679 39.3235036623011 -1e-07 -11.60439785320636 68.00855829720709 1e-07 0 2 23 -134 
184 -29.44472620153004 68.00855809721139 -1e-07 -28.16572175292134 68.95656980010685 1e-07 0 2 135 -134 
185 -37.49000010000008 64.93458467575718 -1e-07 -29.44472600153043 68.956569800108 1e-07 0 2 135 -136 
186 -44.99577816735291 59.97816556145987 -1e-07 -37.48999990000008 64.93458487575717 1e-07 0 2 136 -137 
187 -45.0822274395 58.39650963916562 -1e-07 -44.81427804706866 59.97816576145671 1e-07 0 2 137 -132 
188 -28.16572195292679 39.3235036623011 11.9999999 -11.60439785320636 68.00855829720709 12.0000001 0 2 79 -138 
189 -28.16572195292 68.00855809721101 -1.000000002804313e-07 -28.16572175292 68.008558297211 12.0000001 0 2 134 -138 
190 11.60439785321111 39.32350366229893 -1e-07 28.1657219529328 68.00855829720709 1e-07 0 2 20 -139 
191 11.60439785321111 39.32350366229893 11.9999999 28.1657219529328 68.00855829720709 12.0000001 0 2 81 -140 
192 28.165721752926 68.00855809721101 -1.000000002804313e-07 28.165721952926 68.008558297211 12.0000001 0 2 139 -140 
193 28.25295414735911 29.71145520425293 -1e-07 44.81427824708123 58.39650983916183 1e-07 0 2 15 -141 
194 44.81427804707466 58.39650963916562 -1e-07 45.082227439506 59.97816576145615 1e-07 0 2 142 -141 
195 37.48999990000009 59.97816556145603 -1e-07 44.99577816735803 64.93458487575715 1e-07 0 2 142 -143 
196 29.44472600153296 64.93458467575716 -1e-07 37.4900001000001 68.95656980010692 1e-07 0 2 143 -144 
197 28.16572175292534 68.00855809721139 -1e-07 29.44472620153309 68.95656980010662 1e-07 0 2 144 -139 
198 28.25295414735911 29.71145520425293 11.9999999 44.81427824708123 58.39650983916183 12.0000001 0 2 83 -145 
199 44.814278047074 58.396509639166 -1.000000002804313e-07 44.814278247074 58.396509839166 12.0000001 0 2 141 -145 
200 11.60439785321333 -39.32350386229792 11.9999999 28.25295434736061 -29.71145520425172 12.0000001 0 2 67 -65 
201 -28.25295434735591 -39.32350386229819 11.9999999 -11.6043978532124 -29.71145520425619 12.0000001 0 2 71 -69 
202 -41.0000001 -9.612048558047981 11.9999999 -39.85735210056818 9.612048558047988 12.0000001 0 2 75 -73 
203 -28.2529543473544 29.71145520425763 11.9999999 -11.60439785320997 39.32350386229891 12.0000001 0 2 79 -77 
204 11.6043978532109 29.71145520425313 11.9999999 28.25295434735913 39.32350386229863 12.0000001 0 2 83 -81 
205 44.995777967358 -59.97816576145 -1.000000002804313e-07 44.995778167358 -59.97816556145 12.0000001 0 2 116 -146 
206 44.81427804707466 -59.97816576145015 11.9999999 45.082227439506 -58.39650963915962 12.0000001 0 2 146 -112 
207 28.16572175292534 -68.9565698001053 11.9999999 29.44472620153177 -68.00855809721038 12.0000001 0 2 147 -117 
208 29.44472600153547 -68.95656980010584 11.9999999 37.49000010000312 -64.93458467575542 12.0000001 0 2 147 -148 
209 37.48999990000312 -64.93458487575541 11.9999999 44.99577816736087 -59.9781655614539 12.0000001 0 2 148 -146 
210 37.4899999 -64.93458487574999 -1.000000002804313e-07 37.4900001 -64.93458467575 12.0000001 0 2 115 -148 
211 29.444726001533 -68.9565698001 -1.000000002804313e-07 29.444726201533 -68.95656960010001 12.0000001 0 2 114 -147 
212 -29.44472620153 -68.9565698001 -1.000000002804313e-07 -29.44472600153 -68.95656960010001 12.0000001 0 2 123 -149 
213 -29.44472620152872 -68.95656980010553 11.9999999 -28.16572175292134 -68.00855809721038 12.0000001 0 2 149 -119 
214 -45.0822274395 -59.9781657614507 11.9999999 -44.81427804706866 -58.39650963915962 12.0000001 0 2 150 -124 
215 -44.99577816735582 -64.93458487575539 11.9999999 -37.48999990000315 -59.97816556145768 12.0000001 0 2 150 -151 
216 -37.49000010000315 -68.95656980010691 11.9999999 -29.44472600153298 -64.9345846757554 12.0000001 0 2 151 -149 
217 -37.4900001 -64.93458487574999 -1.000000002804313e-07 -37.4899999 -64.93458467575 12.0000001 0 2 122 -151 
218 -44.99577816735 -59.97816576145 -1.000000002804313e-07 -44.99577796735 -59.97816556145 12.0000001 0 2 121 -150 
219 -74.44050426889 -8.978404138650999 -1.000000002804313e-07 -74.44050406889001 -8.978403938651001 12.0000001 0 2 130 -152 
220 -74.44050426889032 -9.612048558044998 11.9999999 -72.97999990000001 -8.978403938651304 12.0000001 0 2 152 -126 
221 -74.44050426889082 8.978403938651772 11.9999999 -72.97999990000001 9.612048558046 12.0000001 0 2 153 -131 
222 -74.9800001 -9.999999051046871e-08 11.9999999 -74.44050406889137 8.978404138651159 12.0000001 0 2 153 -154 
223 -74.9800001 -8.978404138651143 11.9999999 -74.44050406889137 1.000000091622155e-07 12.0000001 0 2 154 -152 
224 -74.9800001 -9.99999908175983e-08 -1.000000002804313e-07 -74.97999990000001 1.000000091824017e-07 12.0000001 0 2 129 -154 
225 -74.44050426889 8.978403938651001 -1.000000002804313e-07 -74.44050406889001 8.978404138650999 12.0000001 0 2 128 -153 
226 -44.99577816735 59.978165561456 -1.000000002804313e-07 -44.99577796735 59.978165761456 12.0000001 0 2 137 -155 
227 -45.0822274395 58.39650963916562 11.9999999 -44.81427804706866 59.97816576145671 12.0000001 0 2 155 -133 
228 -29.44472620153004 68.00855809721139 11.9999999 -28.16572175292134 68.95656980010685 12.0000001 0 2 156 -138 
229 -37.49000010000008 64.93458467575718 11.9999999 -29.44472600153043 68.956569800108 12.0000001 0 2 156 -157 
230 -44.99577816735291 59.97816556145987 11.9999999 -37.48999990000008 64.93458487575717 12.0000001 0 2 157 -155 
231 -37.4900001 64.93458467575701 -1.000000002804313e-07 -37.4899999 64.934584875757 12.0000001 0 2 136 -157 
232 -29.44472620153 68.956569600107 -1.000000002804313e-07 -29.44472600153 68.95656980010699 12.0000001 0 2 135 -156 
233 29.444726001533 68.956569600107 -1.000000002804313e-07 29.444726201533 68.95656980010699 12.0000001 0 2 144 -158 
234 28.16572175292534 68.00855809721139 11.9999999 29.44472620153309 68.95656980010662 12.0000001 0 2 158 -140 
235 44.81427804707466 58.39650963916562 11.9999999 45.082227439506 59.97816576145615 12.0000001 0 2 159 -145 
236 37.48999990000009 59.97816556145603 11.9999999 44.99577816735803 64.93458487575715 12.0000001 0 2 159 -160 
237 29.44472600153296 64.93458467575716 11.9999999 37.4900001000001 68.95656980010692 12.0000001 0 2 160 -158 
238 37.4899999 64.93458467575701 -1.000000002804313e-07 37.4900001 64.934584875757 12.0000001 0 2 143 -160 
239 44.995777967358 59.978165561456 -1.000000002804313e-07 44.995778167358 59.978165761456 12.0000001 0 2 142 -159 
1 36.9999999 -9.612048558046 -1e-07 41.0000001 9.612048558046 1e-07 0 7 1 2 -3 -4 -5 6 7 
2 39.8573521005689 -9.612048558046 -1e-07 74.9800001 9.612048558046 1e-07 0 8 -1 8 -9 10 11 12 -13 -2 
3 -39.85735230056818 -40.95121961219512 -1e-07 39.857352300569 40.95121961219514 1e-07 0 49 -6 5 4 3 14 -15 16 -17 -18 19 20 21 22 -23 24 -25 -26 27 28 29 30 -31 32 -33 -34 35 36 37 38 -39 40 -41 -42 43 44 45 46 -47 48 -49 -50 51 52 53 54 -55 56 -7 -57 
4 39.857352100569 9.612048358046001 -1.000000002804313e-07 72.9800001 9.612048558046 12.0000001 0 4 -13 58 59 -60 
5 72.9799998999998 8.978403938651123 -1.000000002804313e-07 74.44050426889143 9.612048558046 12.0000001 0 4 -61 12 60 -62 
6 74.44050406888793 -1.000000002804313e-07 -1.000000002804313e-07 74.9800001 8.978404138679711 12.0000001 0 4 -63 -64 11 61 
7 74.44050406889139 -8.97840413865107 -1.000000002804313e-07 74.9800001 1.000310154708473e-07 12.0000001 0 4 64 -65 -66 10 
8 72.9799998999998 -9.612048558046 -1.000000002804313e-07 74.44050426889171 -8.978403938650821 12.0000001 0 4 67 -68 -9 66 
9 39.857352100569 -9.612048558046 -1.000000002804313e-07 72.9800001 -9.612048358046001 12.0000001 0 4 -8 69 70 -68 
10 36.46449882726792 -18.74407430982099 -1.000000002804313e-07 39.85735230056891 -9.612048358044985 12.0000001 0 4 -71 -72 56 69 
11 33.507041455162 -22.20714540237053 -1.000000002804313e-07 36.46449902726573 -18.4999999 12.0000001 0 4 -72 55 73 -74 
12 28.25295414735626 -29.71145540425587 -1.000000002804313e-07 34.46509399976231 -22.20714520236984 12.0000001 0 4 -75 -76 54 73 
13 10.907772560494 -39.32350386229792 -1e-07 28.25295434736061 -27.96896641857 1e-07 0 6 77 -53 -52 -51 50 49 
14 1.999404927504232 -40.95121961219512 -1.000000002804313e-07 11.60439805321424 -39.32350366229765 12.0000001 0 4 -78 -79 48 80 
15 -1.999405127504319 -40.95121961219505 -1.000000002804313e-07 1.999405127504281 -38.9999999 12.0000001 0 4 -79 47 81 -82 
16 -11.60439805322917 -40.95121961219512 -1.000000002804313e-07 -1.999404927504247 -39.32350366229324 12.0000001 0 4 -83 -84 46 81 
17 -28.25295434735591 -39.32350386229819 -1e-07 -10.90777256049 -27.96896641857 1e-07 0 6 85 -45 -44 -43 42 41 
18 -34.46509399977075 -29.7114554042562 -1.000000002804313e-07 -28.25295414735591 -22.20714520235674 12.0000001 0 4 -86 -87 40 88 
19 -36.46449902726446 -22.20714540237053 -1.000000002804313e-07 -33.50704145516 -18.4999999 12.0000001 0 4 -87 39 89 -90 
20 -39.85735230056818 -18.74407430983246 -1.000000002804313e-07 -36.46449882726203 -9.61204835804798 12.0000001 0 4 -91 -92 38 89 
21 -41.0000001 -9.612048558047981 -1e-07 -36.9999999 9.612048558047988 1e-07 0 6 93 -37 -36 -35 34 33 
22 -39.85735230057171 9.61204835803335 -1.000000002804313e-07 -36.46449882726505 18.74407430982659 12.0000001 0 4 -94 -95 32 96 
23 -36.46449902726373 18.4999999 -1.000000002804313e-07 -33.50704145516 22.2071454023708 12.0000001 0 4 -95 31 97 -98 
24 -34.46509399976111 22.20714520237171 -1.000000002804313e-07 -28.25295414735011 29.71145540426171 12.0000001 0 4 -99 -100 30 97 
25 -28.2529543473544 27.96896641857 -1e-07 -10.90777256049 39.3235038623011 1e-07 0 6 101 -29 -28 -27 26 25 
26 -11.60439805320997 39.3235036622989 -1.000000002804313e-07 -1.999404927495835 40.95121961219554 12.0000001 0 4 -102 -103 24 104 
27 -1.999405127504304 38.9999999 -1.000000002804313e-07 1.999405127504315 40.95121961219505 12.0000001 0 4 -103 23 105 -106 
28 1.999404927487366 39.32350366229863 -1.000000002804313e-07 11.6043980532109 40.95121961219595 12.0000001 0 4 -107 -108 22 105 
29 10.907772560494 27.96896641857 -1e-07 28.25295434735913 39.32350386229894 1e-07 0 6 17 109 -21 -20 -19 18 
30 28.25295414735913 22.2071452023708 -1.000000002804313e-07 34.46509399976169 29.71145540425314 12.0000001 0 4 -110 -111 16 112 
31 33.507041455162 18.4999999 -1.000000002804313e-07 36.46449902726646 22.20714540237081 12.0000001 0 4 -111 15 113 -114 
32 36.4644988272659 9.612048358041593 -1.000000002804313e-07 39.85735230056973 18.74407430982492 12.0000001 0 4 -115 -58 14 113 
33 -20.0000001 -20.0000001 -1.000000002804313e-07 20.0000001 20.0000001 12.0000001 0 4 -116 -117 57 117 
34 39.8573521005689 -9.612048558046 11.9999999 74.9800001 9.612048558046 12.0000001 0 8 -118 70 -67 65 63 62 -59 -119 
35 -39.85735230056818 -40.95121961219512 11.9999999 39.857352300569 40.95121961219514 12.0000001 0 49 -120 121 122 123 115 -114 110 -124 -125 126 127 128 107 -106 102 -129 -130 131 132 133 99 -98 94 -134 -135 136 137 138 91 -90 86 -139 -140 141 142 143 83 -82 78 -144 -145 146 147 148 75 -74 71 -149 -116 
36 28.25295414735825 -58.39650983916 -1.000000002804313e-07 44.81427824707907 -29.71145520425 12.0000001 0 4 -150 76 151 -152 
37 11.60439785321025 -68.95656980010584 -1e-07 45.082227439506 -29.71145520425043 1e-07 0 7 -77 153 -154 155 156 157 -150 
38 11.60439785321 -68.00855829720999 -1.000000002804313e-07 28.16572195293539 -39.32350366229 12.0000001 0 4 -153 80 158 -159 
39 -28.16572195292939 -68.00855829720999 -1.000000002804313e-07 -11.6043978532055 -39.32350366229 12.0000001 0 4 -160 84 161 -162 
40 -45.0822274395 -68.95656980010691 -1e-07 -11.6043978532055 -29.71145520424827 1e-07 0 7 -85 163 -164 165 166 167 -160 
41 -44.81427824707506 -58.39650983916 -1.000000002804313e-07 -28.25295414735 -29.71145520424827 12.0000001 0 4 -163 88 168 -169 
42 -72.9800001 -9.612048558046 -1.000000002804313e-07 -39.85735210056 -9.612048358045001 12.0000001 0 4 -170 92 171 -172 
43 -74.9800001 -9.612048558047981 -1e-07 -39.85735210056 9.612048558047988 1e-07 0 7 -93 173 -174 175 176 177 -170 
44 -72.9800001 9.612048358046001 -1.000000002804313e-07 -39.85735210056 9.612048558046004 12.0000001 0 4 -173 96 178 -179 
45 -44.81427824707723 29.71145520425077 -1.000000002804313e-07 -28.25295414735 58.396509839166 12.0000001 0 4 -180 100 181 -182 
46 -45.0822274395 29.71145520425077 -1e-07 -11.60439785320636 68.956569800108 1e-07 0 7 -101 183 -184 185 186 187 -180 
47 -28.16572195292679 39.323503662299 -1.000000002804313e-07 -11.60439785320636 68.008558297211 12.0000001 0 4 -183 104 188 -189 
48 11.60439785321 39.32350366229893 -1.000000002804313e-07 28.1657219529328 68.008558297211 12.0000001 0 4 -190 108 191 -192 
49 11.6043978532109 29.71145520425293 -1e-07 45.082227439506 68.95656980010692 1e-07 0 7 -109 193 -194 195 196 197 -190 
50 28.252954147359 29.71145520425293 -1.000000002804313e-07 44.81427824708123 58.396509839166 12.0000001 0 4 -193 112 198 -199 
51 36.9999999 -9.612048558046 11.9999999 41.0000001 9.612048558046 12.0000001 0 7 118 119 -123 -122 -121 120 149 
52 10.907772560494 -39.32350386229792 11.9999999 28.25295434736061 -27.96896641857 12.0000001 0 6 200 -148 -147 -146 145 144 
53 -28.25295434735591 -39.32350386229819 11.9999999 -10.90777256049 -27.96896641857 12.0000001 0 6 201 -143 -142 -141 140 139 
54 -41.0000001 -9.612048558047981 11.9999999 -36.9999999 9.612048558047988 12.0000001 0 6 202 -138 -137 -136 135 134 
55 -28.2529543473544 27.96896641857 11.9999999 -10.90777256049 39.3235038623011 12.0000001 0 6 203 -133 -132 -131 130 129 
56 10.907772560494 27.96896641857 11.9999999 28.25295434735913 39.32350386229894 12.0000001 0 6 124 204 -128 -127 -126 125 
57 44.81427804707455 -59.97816576145035 -1.000000002804313e-07 45.082227439506 -58.39650963915944 12.0000001 0 4 -205 157 152 -206 
58 11.60439785321025 -68.95656980010584 11.9999999 45.082227439506 -29.71145520425043 12.0000001 0 7 -200 158 -207 208 209 206 -151 
59 37.48999990000076 -64.93458487575677 -1.000000002804313e-07 44.99577816738212 -59.97816556143795 12.0000001 0 4 -210 156 205 -209 
60 29.4447260015073 -68.95656980011788 -1.000000002804313e-07 37.49000010000312 -64.93458467575542 12.0000001 0 4 -211 155 210 -208 
61 28.16572175292524 -68.95656980010558 -1.000000002804313e-07 29.44472620153296 -68.0085580972102 12.0000001 0 4 207 -159 -154 211 
62 -29.44472620152896 -68.95656980010558 -1.000000002804313e-07 -28.16572175292124 -68.0085580972102 12.0000001 0 4 -212 167 162 -213 
63 -45.0822274395 -68.95656980010691 11.9999999 -11.6043978532055 -29.71145520424827 12.0000001 0 7 -201 168 -214 215 216 213 -161 
64 -37.49000010002541 -68.95656980010691 -1.000000002804313e-07 -29.44472600153298 -64.93458467574254 12.0000001 0 4 -217 166 212 -216 
65 -44.99577816735582 -64.93458487575539 -1.000000002804313e-07 -37.48999990000315 -59.97816556145768 12.0000001 0 4 -218 165 217 -215 
66 -45.0822274395 -59.9781657614513 -1.000000002804313e-07 -44.81427804706856 -58.39650963915944 12.0000001 0 4 214 -169 -164 218 
67 -74.44050426889106 -9.612048558044998 -1.000000002804313e-07 -72.9799998999998 -8.978403938650505 12.0000001 0 4 -219 177 172 -220 
68 -74.9800001 -9.612048558047981 11.9999999 -39.85735210056 9.612048558047988 12.0000001 0 7 -202 178 -221 222 223 220 -171 
69 -74.9800001 -8.978404138651143 -1.000000002804313e-07 -74.44050406889137 1.000000091622155e-07 12.0000001 0 4 -224 176 219 -223 
70 -74.9800001 -1.000155078756393e-07 -1.000000002804313e-07 -74.44050406888978 8.978404138664319 12.0000001 0 4 -225 175 224 -222 
71 -74.44050426889125 8.978403938651317 -1.000000002804313e-07 -72.9799998999998 9.612048558046 12.0000001 0 4 221 -179 -174 225 
72 -45.0822274395 58.39650963916544 -1.000000002804313e-07 -44.81427804706856 59.97816576145691 12.0000001 0 4 -226 187 182 -227 
73 -45.0822274395 29.71145520425077 11.9999999 -11.60439785320636 68.956569800108 12.0000001 0 7 -203 188 -228 229 230 227 -181 
74 -44.99577816736966 59.9781655614473 -1.000000002804313e-07 -37.4899998999873 64.93458487576454 12.0000001 0 4 -231 186 226 -230 
75 -37.49000010000008 64.93458467575718 -1.000000002804313e-07 -29.44472600153043 68.956569800108 12.0000001 0 4 -232 185 231 -229 
76 -29.44472620153064 68.00855809721121 -1.000000002804313e-07 -28.16572175292124 68.95656980010699 12.0000001 0 4 228 -189 -184 232 
77 28.16572175292524 68.00855809721121 -1.000000002804313e-07 29.44472620153329 68.95656980010666 12.0000001 0 4 -233 197 192 -234 
78 11.6043978532109 29.71145520425293 11.9999999 45.082227439506 68.95656980010692 12.0000001 0 7 -204 198 -235 236 237 234 -191 
79 29.44472600153296 64.93458467575716 -1.000000002804313e-07 37.4900001000001 68.95656980010692 12.0000001 0 4 -238 196 233 -237 
80 37.48999989997388 59.97816556145603 -1.000000002804313e-07 44.99577816735803 64.93458487577229 12.0000001 0 4 -239 195 238 -236 
81 44.81427804707455 58.39650963916544 -1.000000002804313e-07 45.082227439506 59.97816576145674 12.0000001 0 4 235 -199 -194 239 
1 -74.9800001 -68.95656980011788 -1.000000002804313e-07 74.9800001 68.95656980010799 12.0000001 0 81 -1 -2 -3 4 5 6 7 8 -9 10 -11 12 -13 14 -15 16 -17 18 -19 20 -21 22 -23 24 -25 26 -27 28 -29 30 -31 32 -33 34 35 36 -37 -38 39 -40 -41 42 -43 -44 45 -46 -47 48 -49 -50 51 52 53 54 55 56 57 58 59 60 61 62 63 64 65 66 67 68 69 70 71 72 73 74 75 76 77 78 79 80 81 
$EndEntities
$Nodes
481 3074 1 3074
0 1 0 1
1
39.857352200569 -9.612048458045001 0
0 2 0 1
2
41 -1.004210375301e-14 0
0 3 0 1
3
39.857352200569 9.612048458045001 0
0 4 0 1
4
39 9.612048458046001 0
0 5 0 1
5
37 7.612048458046 0
0 6 0 1
6
37 -7.612048458046 0
0 7 0 1
7
39 -9.612048458046001 0
0 8 0 1
8
72.98 -9.612048458046001 0
0 9 0 1
9
74.440504168891 -8.978404038651 0
0 10 0 1
10
74.98 -1.806418589701e-14 0
0 11 0 1
11
74.440504168891 8.978404038651 0
0 12 0 1
12
72.98 9.612048458046001 0
0 13 0 1
13
36.464498927266 18.744074209824 0
0 14 0 1
14
34.465093899762 22.207145302371 0
0 15 0 1
15
28.252954247359 29.711455304253 0
0 16 0 1
16
27.824278147074 28.96896651857 0
0 17 0 1
17
25.092227339506 28.236915711001 0
0 18 0 1
18
11.907772660494 35.848964169047 0
0 19 0 1
19
11.175721852926 38.581014976616 0
0 20 0 1
20
11.604397953211 39.323503762299 0
0 21 0 1
21
1.999405027504 40.951219512195 0
0 22 0 1
22
-1.999405027504 40.951219512195 0
0 23 0 1
23
-11.60439795321 39.323503762299 0
0 24 0 1
24
-11.17572185292 38.581014976616 0
0 25 0 1
25
-11.90777266049 35.848964169047 0
0 26 0 1
26
-25.0922273395 28.236915711001 0
0 27 0 1
27
-27.82427814707 28.96896651857 0
0 28 0 1
28
-28.25295424735 29.711455304253 0
0 29 0 1
29
-34.46509389976 22.207145302371 0
0 30 0 1
30
-36.46449892726 18.744074209824 0
0 31 0 1
31
-39.85735220056 9.612048458046001 0
0 32 0 1
32
-39 9.612048458046001 0
0 33 0 1
33
-37 7.612048458046 0
0 34 0 1
34
-37 -7.612048458046 0
0 35 0 1
35
-39 -9.612048458046001 0
0 36 0 1
36
-39.85735220056 -9.612048458046001 0
0 37 0 1
37
-36.46449892726 -18.74407420982 0
0 38 0 1
38
-34.46509389976 -22.20714530237 0
0 39 0 1
39
-28.25295424735 -29.71145530425 0
0 40 0 1
40
-27.82427814707 -28.96896651857 0
0 41 0 1
41
-25.0922273395 -28.236915711 0
0 42 0 1
42
-11.90777266049 -35.84896416904 0
0 43 0 1
43
-11.17572185292 -38.58101497661 0
0 44 0 1
44
-11.60439795321 -39.32350376229 0
0 45 0 1
45
-1.999405027504 -40.95121951219 0
0 46 0 1
46
1.999405027504 -40.95121951219 0
0 47 0 1
47
11.604397953211 -39.32350376229 0
0 48 0 1
48
11.175721852926 -38.58101497661 0
0 49 0 1
49
11.907772660494 -35.84896416904 0
0 50 0 1
50
25.092227339506 -28.236915711 0
0 51 0 1
51
27.824278147074 -28.96896651857 0
0 52 0 1
52
28.252954247359 -29.71145530425 0
0 53 0 1
53
34.465093899762 -22.20714530237 0
0 54 0 1
54
36.464498927266 -18.74407420982 0
0 55 0 1
55
20 -4.898587196589e-15 0
0 56 0 1
56
39.857352200569 9.612048458045001 12
0 57 0 1
57
72.98 9.612048458046001 12
0 58 0 1
58
74.440504168891 8.978404038651 12
0 59 0 1
59
74.98 -1.806418589701e-14 12
0 60 0 1
60
74.440504168891 -8.978404038651 12
0 61 0 1
61
72.98 -9.612048458046001 12
0 62 0 1
62
39.857352200569 -9.612048458045001 12
0 63 0 1
63
36.464498927266 -18.74407420982 12
0 64 0 1
64
34.465093899762 -22.20714530237 12
0 65 0 1
65
28.252954247359 -29.71145530425 12
0 66 0 1
66
1.999405027504 -40.95121951219 12
0 67 0 1
67
11.604397953211 -39.32350376229 12
0 68 0 1
68
-1.999405027504 -40.95121951219 12
0 69 0 1
69
-11.60439795321 -39.32350376229 12
0 70 0 1
70
-34.46509389976 -22.20714530237 12
0 71 0 1
71
-28.25295424735 -29.71145530425 12
0 72 0 1
72
-36.46449892726 -18.74407420982 12
0 73 0 1
73
-39.85735220056 -9.612048458046001 12
0 74 0 1
74
-36.46449892726 18.744074209824 12
0 75 0 1
75
-39.85735220056 9.612048458046001 12
0 76 0 1
76
-34.46509389976 22.207145302371 12
0 77 0 1
77
-28.25295424735 29.711455304253 12
0 78 0 1
78
-1.999405027504 40.951219512195 12
0 79 0 1
79
-11.60439795321 39.323503762299 12
0 80 0 1
80
1.999405027504 40.951219512195 12
0 81 0 1
81
11.604397953211 39.323503762299 12
0 82 0 1
82
34.465093899762 22.207145302371 12
0 83 0 1
83
28.252954247359 29.711455304253 12
0 84 0 1
84
36.464498927266 18.744074209824 12
0 85 0 1
85
20 -4.898587196589e-15 12
0 86 0 1
86
41 -1.004210375301e-14 12
0 87 0 1
87
37 -7.612048458046 12
0 88 0 1
88
39 -9.612048458046001 12
0 89 0 1
89
37 7.612048458046 12
0 90 0 1
90
39 9.612048458046001 12
0 91 0 1
91
27.824278147074 28.96896651857 12
0 92 0 1
92
25.092227339506 28.236915711001 12
0 93 0 1
93
11.907772660494 35.848964169047 12
0 94 0 1
94
11.175721852926 38.581014976616 12
0 95 0 1
95
-11.17572185292 38.581014976616 12
0 96 0 1
96
-11.90777266049 35.848964169047 12
0 97 0 1
97
-25.0922273395 28.236915711001 12
0 98 0 1
98
-27.82427814707 28.96896651857 12
0 99 0 1
99
-39 9.612048458046001 12
0 100 0 1
100
-37 7.612048458046 12
0 101 0 1
101
-37 -7.612048458046 12
0 102 0 1
102
-39 -9.612048458046001 12
0 103 0 1
103
-27.82427814707 -28.96896651857 12
0 104 0 1
104
-25.0922273395 -28.236915711 12
0 105 0 1
105
-11.90777266049 -35.84896416904 12
0 106 0 1
106
-11.17572185292 -38.58101497661 12
0 107 0 1
107
11.175721852926 -38.58101497661 12
0 108 0 1
108
11.907772660494 -35.84896416904 12
0 109 0 1
109
25.092227339506 -28.236915711 12
0 110 0 1
110
27.824278147074 -28.96896651857 12
0 111 0 1
111
44.814278147074 -58.39650973916 0
0 112 0 1
112
44.814278147074 -58.39650973916 12
0 113 0 1
113
28.165721852926 -68.00855819720999 0
0 114 0 1
114
29.444726101533 -68.9565697001 0
0 115 0 1
115
37.49 -64.93458477575 0
0 116 0 1
116
44.995778067358 -59.97816566145 0
0 117 0 1
117
28.165721852926 -68.00855819720999 12
0 118 0 1
118
-28.16572185292 -68.00855819720999 0
0 119 0 1
119
-28.16572185292 -68.00855819720999 12
0 120 0 1
120
-44.81427814707 -58.39650973916 0
0 121 0 1
121
-44.99577806735 -59.97816566145 0
0 122 0 1
122
-37.49 -64.93458477575 0
0 123 0 1
123
-29.44472610153 -68.9565697001 0
0 124 0 1
124
-44.81427814707 -58.39650973916 12
0 125 0 1
125
-72.98 -9.612048458045001 0
0 126 0 1
126
-72.98 -9.612048458045001 12
0 127 0 1
127
-72.98 9.612048458046001 0
0 128 0 1
128
-74.44050416889 8.978404038651 0
0 129 0 1
129
-74.98 8.881784197001e-15 0
0 130 0 1
130
-74.44050416889 -8.978404038651 0
0 131 0 1
131
-72.98 9.612048458046001 12
0 132 0 1
132
-44.81427814707 58.396509739166 0
0 133 0 1
133
-44.81427814707 58.396509739166 12
0 134 0 1
134
-28.16572185292 68.008558197211 0
0 135 0 1
135
-29.44472610153 68.956569700107 0
0 136 0 1
136
-37.49 64.934584775757 0
0 137 0 1
137
-44.99577806735 59.978165661456 0
0 138 0 1
138
-28.16572185292 68.008558197211 12
0 139 0 1
139
28.165721852926 68.008558197211 0
0 140 0 1
140
28.165721852926 68.008558197211 12
0 141 0 1
141
44.814278147074 58.396509739166 0
0 142 0 1
142
44.995778067358 59.978165661456 0
0 143 0 1
143
37.49 64.934584775757 0
0 144 0 1
144
29.444726101533 68.956569700107 0
0 145 0 1
145
44.814278147074 58.396509739166 12
0 146 0 1
146
44.995778067358 -59.97816566145 12
0 147 0 1
147
29.444726101533 -68.9565697001 12
0 148 0 1
148
37.49 -64.93458477575 12
0 149 0 1
149
-29.44472610153 -68.9565697001 12
0 150 0 1
150
-44.99577806735 -59.97816566145 12
0 151 0 1
151
-37.49 -64.93458477575 12
0 152 0 1
152
-74.44050416889 -8.978404038651 12
0 153 0 1
153
-74.44050416889 8.978404038651 12
0 154 0 1
154
-74.98 8.881784197001e-15 12
0 155 0 1
155
-44.99577806735 59.978165661456 12
0 156 0 1
156
-29.44472610153 68.956569700107 12
0 157 0 1
157
-37.49 64.934584775757 12
0 158 0 1
158
29.444726101533 68.956569700107 12
0 159 0 1
159
44.995778067358 59.978165661456 12
0 160 0 1
160
37.49 64.934584775757 12
1 1 0 2
161
162
40.4908373090908 -6.441435710207831 0
40.87251111488455 -3.230763866895653 0
1 2 0 2
163
164
40.87251111488455 3.230763866895656 0
40.4908373090908 6.441435710207804 0
1 3 0 0
1 4 0 1
165
37.5857864376269 9.026262020419093 0
1 5 0 3
166
167
168
37 -3.806024229023003 0
37 -5.329070518200751e-15 0
37 3.806024229022995 0
1 6 0 1
169
37.5857864376269 -9.026262020419093 0
1 7 0 0
1 8 0 7
170
171
172
173
174
175
176
43.99768317549788 -9.612048458046001 0
48.13801415042677 -9.612048458046001 0
52.27834512535564 -9.612048458046001 0
56.41867610028451 -9.612048458046001 0
60.55900707521339 -9.612048458046001 0
64.69933805014226 -9.612048458046001 0
68.83966902507113 -9.612048458046001 0
1 9 0 0
1 10 0 2
177
178
74.74006405804342 -5.993598635174607 0
74.91999200170838 -2.99919963722861 0
1 11 0 2
179
180
74.91999200170838 2.999199637228618 0
74.74006405804342 5.993598635174566 0
1 12 0 0
1 13 0 7
181
182
183
184
185
186
187
43.99768317549788 9.612048458046001 0
48.13801415042677 9.612048458046001 0
52.27834512535564 9.612048458046001 0
56.41867610028451 9.612048458046001 0
60.55900707521339 9.612048458046001 0
64.69933805014226 9.612048458046001 0
68.83966902507113 9.612048458046001 0
1 14 0 2
188
189
38.96950983806052 12.74273530217528 0
37.83617893991102 15.79314924981822 0
1 15 0 2
190
191
33.50710766613081 20.48373840399593 0
34.49299165540019 18.77613724421198 0
1 16 0 2
192
193
32.59535792605751 24.87051751918725 0
30.52028740441528 27.37721784169987 0
1 17 0 0
1 18 0 1
194
26.60986542971086 28.03711486599181 0
1 19 0 3
195
196
197
21.79611366975342 30.13992782551322 0
18.50000000000084 32.04293994002544 0
15.20388633024825 33.94595205453767 0
1 20 0 1
198
10.97592100791582 37.06337688641114 0
1 21 0 0
1 22 0 2
199
200
8.449222433645762 40.11995314387564 0
5.240821013853467 40.66366676900586 0
1 23 0 2
201
202
-0.98588398926964 39.25987564820736 0
0.9858839892696483 39.25987564820736 0
1 24 0 2
203
204
-5.240821013853146 40.66366676900591 0
-8.449222433645142 40.11995314387578 0
1 25 0 0
1 26 0 1
205
-10.97592100791181 37.06337688641114 0
1 27 0 3
206
207
208
-15.20388633024172 33.94595205453412 0
-18.49999999999392 32.04293994002212 0
-21.79611366974613 30.13992782551011 0
1 28 0 1
209
-26.60986542970486 28.03711486599181 0
1 29 0 0
1 30 0 2
210
211
-30.52028740441214 27.37721784170337 0
-32.59535792605575 24.87051751918955 0
1 31 0 2
212
213
-34.49299165539618 18.77613724421316 0
-33.5071076661288 20.48373840399709 0
1 32 0 2
214
215
-37.83617893990991 15.79314924982087 0
-38.96950983805959 12.74273530217811 0
1 33 0 0
1 34 0 1
216
-37.5857864376269 9.026262020419093 0
1 35 0 3
217
218
219
-37 3.806024229023003 0
-37 5.329070518200751e-15 0
-37 -3.806024229022995 0
1 36 0 1
220
-37.5857864376269 -9.026262020419093 0
1 37 0 0
1 38 0 2
221
222
-38.96950983805997 -12.74273530217698 0
-37.83617893991083 -15.79314924981866 0
1 39 0 2
223
224
-33.5071076661288 -20.4837384039974 0
-34.49299165539522 -18.77613724421373 0
1 40 0 2
225
226
-32.59535792605652 -24.87051751918855 0
-30.52028740441325 -27.37721784170214 0
1 41 0 0
1 42 0 1
227
-26.6098654297051 -28.03711486599188 0
1 43 0 3
228
229
230
-21.79611366974894 -30.1399278255125 0
-18.49999999999739 -32.04293994002413 0
-15.20388633024583 -33.94595205453576 0
1 44 0 1
231
-10.97592100791188 -37.0633768864049 0
1 45 0 0
1 46 0 2
232
233
-8.449222433646881 -40.11995314387541 0
-5.240821013854131 -40.66366676900578 0
1 47 0 2
234
235
0.9858839892681905 -39.25987564820654 0
-0.9858839892682 -39.25987564820653 0
1 48 0 2
236
237
5.240821013854442 -40.66366676900574 0
8.449222433647506 -40.11995314387528 0
1 49 0 0
1 50 0 1
238
10.97592100791588 -37.0633768864049 0
1 51 0 3
239
240
241
15.20388633024593 -33.94595205452816 0
18.49999999999786 -32.04293994001631 0
21.7961136697498 -30.13992782550446 0
1 52 0 1
242
26.6098654297111 -28.03711486599188 0
1 53 0 0
1 54 0 2
243
244
30.52028740441637 -27.37721784169866 0
32.59535792605826 -24.87051751918628 0
1 55 0 2
245
246
34.49299165539924 -18.77613724421254 0
33.50710766613081 -20.48373840399622 0
1 56 0 2
247
248
37.83617893991193 -15.79314924981604 0
38.96950983806089 -12.74273530217415 0
1 57 0 29
249
250
251
252
253
254
255
256
257
258
259
260
261
262
263
264
265
266
267
268
269
270
271
272
273
274
275
276
277
19.56295201467611 4.158233816355184 0
18.27090915285202 8.134732861516001 0
16.18033988749895 11.75570504584946 0
13.38261212717718 14.86289650954787 0
10.00000000000001 17.32050807568876 0
6.180339887498958 19.02113032590307 0
2.090569265353078 19.89043790736547 0
-2.090569265353062 19.89043790736547 0
-6.180339887498935 19.02113032590308 0
-9.99999999999998 17.32050807568878 0
-13.38261212717715 14.8628965095479 0
-16.18033988749894 11.75570504584947 0
-18.27090915285201 8.134732861516008 0
-19.56295201467611 4.158233816355194 0
-20 2.449212707644755e-15 0
-19.56295201467611 -4.158233816355182 0
-18.27090915285202 -8.134732861515989 0
-16.18033988749896 -11.75570504584945 0
-13.38261212717718 -14.86289650954787 0
-10.00000000000004 -17.32050807568875 0
-6.180339887498985 -19.02113032590306 0
-2.090569265353103 -19.89043790736546 0
2.090569265353042 -19.89043790736547 0
6.180339887498928 -19.02113032590308 0
9.999999999999986 -17.32050807568878 0
13.38261212717714 -14.8628965095479 0
16.18033988749893 -11.75570504584948 0
18.27090915285201 -8.134732861516019 0
19.56295201467611 -4.158233816355198 0
1 58 0 2
278
279
39.857352200569 9.612048458046001 3.99999999999999
39.857352200569 9.612048458046001 7.999999999999977
1 59 0 7
280
281
282
283
284
285
286
43.99768317549788 9.612048458046001 12
48.13801415042677 9.612048458046001 12
52.27834512535564 9.612048458046001 12
56.41867610028451 9.612048458046001 12
60.55900707521339 9.612048458046001 12
64.69933805014226 9.612048458046001 12
68.83966902507113 9.612048458046001 12
1 60 0 2
287
288
72.98 9.612048458046001 3.99999999999999
72.98 9.612048458046001 7.999999999999977
1 61 0 2
289
290
74.440504168891 8.978404038651 3.99999999999999
74.440504168891 8.978404038651 7.999999999999977
1 62 0 0
1 63 0 2
291
292
74.91999200170838 2.999199637228618 12
74.74006405804342 5.993598635174566 12
1 64 0 2
293
294
74.98 -1.836480340001e-14 3.99999999999999
74.98 -1.836480340001e-14 7.999999999999976
1 65 0 2
295
296
74.74006405804342 -5.993598635174607 12
74.91999200170838 -2.99919963722861 12
1 66 0 2
297
298
74.440504168891 -8.978404038651 3.99999999999999
74.440504168891 -8.978404038651 7.999999999999977
1 67 0 0
1 68 0 2
299
300
72.98 -9.612048458046001 3.99999999999999
72.98 -9.612048458046001 7.999999999999977
1 69 0 2
301
302
39.857352200569 -9.612048458046001 3.99999999999999
39.857352200569 -9.612048458046001 7.999999999999977
1 70 0 7
303
304
305
306
307
308
309
43.99768317549788 -9.612048458046001 12
48.13801415042677 -9.612048458046001 12
52.27834512535564 -9.612048458046001 12
56.41867610028451 -9.612048458046001 12
60.55900707521339 -9.612048458046001 12
64.69933805014226 -9.612048458046001 12
68.83966902507113 -9.612048458046001 12
1 71 0 2
310
311
37.83617893991193 -15.79314924981604 12
38.96950983806089 -12.74273530217415 12
1 72 0 2
312
313
36.464498927266 -18.74407420982 3.99999999999999
36.464498927266 -18.74407420982 7.999999999999977
1 73 0 2
314
315
34.465093899762 -22.20714530237 3.99999999999999
34.465093899762 -22.20714530237 7.999999999999977
1 74 0 2
316
317
34.49299165539924 -18.77613724421254 12
33.50710766613081 -20.48373840399622 12
1 75 0 2
318
319
30.52028740441637 -27.37721784169866 12
32.59535792605826 -24.87051751918628 12
1 76 0 2
320
321
28.252954247359 -29.71145530425 3.99999999999999
28.252954247359 -29.71145530425 7.999999999999977
1 77 0 4
322
323
324
325
15.26914105531937 -38.05066794988966 0
18.79717535911915 -36.43715409466721 0
22.15691340803548 -34.49740842771842 0
25.31827454791581 -32.24879802281565 0
1 78 0 2
326
327
5.240821013854442 -40.66366676900574 12
8.449222433647506 -40.11995314387528 12
1 79 0 2
328
329
1.999405027504 -40.95121951219 3.99999999999999
1.999405027504 -40.95121951219 7.999999999999977
1 80 0 2
330
331
11.60439795321 -39.32350376229 3.99999999999999
11.60439795321 -39.32350376229 7.999999999999977
1 81 0 2
332
333
-1.999405027504 -40.95121951219 3.99999999999999
-1.999405027504 -40.95121951219 7.999999999999977
1 82 0 2
334
335
0.9858839892681905 -39.25987564820654 12
-0.9858839892682 -39.25987564820653 12
1 83 0 2
336
337
-8.449222433646881 -40.11995314387541 12
-5.240821013854131 -40.66366676900578 12
1 84 0 2
338
339
-11.60439795321 -39.32350376229 3.99999999999999
-11.60439795321 -39.32350376229 7.999999999999977
1 85 0 4
340
341
342
343
-25.31827454791159 -32.24879802281897 0
-22.15691340803185 -34.49740842772075 0
-18.79717535911631 -36.43715409466868 0
-15.26914105531742 -38.05066794989045 0
1 86 0 2
344
345
-32.59535792605652 -24.87051751918855 12
-30.52028740441325 -27.37721784170214 12
1 87 0 2
346
347
-34.46509389976 -22.20714530237 3.99999999999999
-34.46509389976 -22.20714530237 7.999999999999977
1 88 0 2
348
349
-28.25295424735 -29.71145530425 3.99999999999999
-28.25295424735 -29.71145530425 7.999999999999977
1 89 0 2
350
351
-36.46449892726 -18.74407420982 3.99999999999999
-36.46449892726 -18.74407420982 7.999999999999977
1 90 0 2
352
353
-33.5071076661288 -20.4837384039974 12
-34.49299165539522 -18.77613724421373 12
1 91 0 2
354
355
-38.96950983805997 -12.74273530217698 12
-37.83617893991083 -15.79314924981866 12
1 92 0 2
356
357
-39.85735220056 -9.612048458046001 3.99999999999999
-39.85735220056 -9.612048458046001 7.999999999999977
1 93 0 4
358
359
360
361
-40.58741560322979 5.801869927075145 0
-40.95408876714939 1.939745666949178 0
-40.95408876714939 -1.93974566694915 0
-40.58741560322979 -5.801869927075118 0
1 94 0 2
362
363
-37.83617893990991 15.79314924982087 12
-38.96950983805959 12.74273530217811 12
1 95 0 2
364
365
-36.46449892726 18.744074209824 3.99999999999999
-36.46449892726 18.744074209824 7.999999999999977
1 96 0 2
366
367
-39.85735220056 9.612048458046001 3.99999999999999
-39.85735220056 9.612048458046001 7.999999999999977
1 97 0 2
368
369
-34.46509389976 22.207145302371 3.99999999999999
-34.46509389976 22.207145302371 7.999999999999977
1 98 0 2
370
371
-34.49299165539618 18.77613724421316 12
-33.5071076661288 20.48373840399709 12
1 99 0 2
372
373
-30.52028740441214 27.37721784170337 12
-32.59535792605575 24.87051751918955 12
1 100 0 2
374
375
-28.25295424735 29.711455304253 3.99999999999999
-28.25295424735 29.711455304253 7.999999999999977
1 101 0 4
376
377
378
379
-15.26914105531518 38.05066794989135 0
-18.79717535911421 36.43715409466976 0
-22.15691340802995 34.49740842772196 0
-25.31827454790989 32.2487980228203 0
1 102 0 2
380
381
-5.240821013853146 40.66366676900591 12
-8.449222433645142 40.11995314387578 12
1 103 0 2
382
383
-1.999405027504 40.951219512195 3.99999999999999
-1.999405027504 40.951219512195 7.999999999999977
1 104 0 2
384
385
-11.60439795321 39.323503762299 3.99999999999999
-11.60439795321 39.323503762299 7.999999999999977
1 105 0 2
386
387
1.999405027504 40.951219512195 3.99999999999999
1.999405027504 40.951219512195 7.999999999999977
1 106 0 2
388
389
-0.98588398926964 39.25987564820736 12
0.9858839892696483 39.25987564820736 12
1 107 0 2
390
391
8.449222433645762 40.11995314387564 12
5.240821013853467 40.66366676900586 12
1 108 0 2
392
393
11.60439795321 39.323503762299 3.99999999999999
11.60439795321 39.323503762299 7.999999999999977
1 109 0 4
394
395
396
397
25.31827454791413 32.24879802281696 0
22.15691340803357 34.49740842771964 0
18.79717535911706 36.43715409466829 0
15.26914105531711 38.05066794989057 0
1 110 0 2
398
399
32.59535792605751 24.87051751918725 12
30.52028740441528 27.37721784169987 12
1 111 0 2
400
401
34.465093899762 22.207145302371 3.99999999999999
34.465093899762 22.207145302371 7.999999999999977
1 112 0 2
402
403
28.252954247359 29.711455304253 3.99999999999999
28.252954247359 29.711455304253 7.999999999999977
1 113 0 2
404
405
36.464498927266 18.744074209824 3.99999999999999
36.464498927266 18.744074209824 7.999999999999977
1 114 0 2
406
407
33.50710766613081 20.48373840399593 12
34.49299165540019 18.77613724421198 12
1 115 0 2
408
409
38.96950983806052 12.74273530217528 12
37.83617893991102 15.79314924981822 12
1 116 0 29
410
411
412
413
414
415
416
417
418
419
420
421
422
423
424
425
426
427
428
429
430
431
432
433
434
435
436
437
438
19.56295201467611 4.158233816355184 12
18.27090915285202 8.134732861516001 12
16.18033988749895 11.75570504584946 12
13.38261212717718 14.86289650954787 12
10.00000000000001 17.32050807568876 12
6.180339887498958 19.02113032590307 12
2.090569265353078 19.89043790736547 12
-2.090569265353062 19.89043790736547 12
-6.180339887498935 19.02113032590308 12
-9.99999999999998 17.32050807568878 12
-13.38261212717715 14.8628965095479 12
-16.18033988749894 11.75570504584947 12
-18.27090915285201 8.134732861516008 12
-19.56295201467611 4.158233816355194 12
-20 2.449212707644755e-15 12
-19.56295201467611 -4.158233816355182 12
-18.27090915285202 -8.134732861515989 12
-16.18033988749896 -11.75570504584945 12
-13.38261212717718 -14.86289650954787 12
-10.00000000000004 -17.32050807568875 12
-6.180339887498985 -19.02113032590306 12
-2.090569265353103 -19.89043790736546 12
2.090569265353042 -19.89043790736547 12
6.180339887498928 -19.02113032590308 12
9.999999999999986 -17.32050807568878 12
13.38261212717714 -14.8628965095479 12
16.18033988749893 -11.75570504584948 12
18.27090915285201 -8.134732861516019 12
19.56295201467611 -4.158233816355198 12
1 117 0 2
439
440
20 -4.898587196589e-15 3.99999999999999
20 -4.898587196589e-15 7.999999999999977
1 118 0 2
441
442
40.4908373090908 -6.441435710207831 12
40.87251111488455 -3.230763866895653 12
1 119 0 2
443
444
40.87251111488455 3.230763866895656 12
40.4908373090908 6.441435710207804 12
1 120 0 1
445
37.5857864376269 -9.026262020419093 12
1 121 0 3
446
447
448
37 -3.806024229023003 12
37 -5.329070518200751e-15 12
37 3.806024229022995 12
1 122 0 1
449
37.5857864376269 9.026262020419093 12
1 123 0 0
1 124 0 0
1 125 0 1
450
26.60986542971086 28.03711486599181 12
1 126 0 3
451
452
453
21.79611366975342 30.13992782551322 12
18.50000000000084 32.04293994002544 12
15.20388633024825 33.94595205453767 12
1 127 0 1
454
10.97592100791582 37.06337688641114 12
1 128 0 0
1 129 0 0
1 130 0 1
455
-10.97592100791181 37.06337688641114 12
1 131 0 3
456
457
458
-15.20388633024172 33.94595205453412 12
-18.49999999999392 32.04293994002212 12
-21.79611366974613 30.13992782551011 12
1 132 0 1
459
-26.60986542970486 28.03711486599181 12
1 133 0 0
1 134 0 0
1 135 0 1
460
-37.5857864376269 9.026262020419093 12
1 136 0 3
461
462
463
-37 3.806024229023003 12
-37 5.329070518200751e-15 12
-37 -3.806024229022995 12
1 137 0 1
464
-37.5857864376269 -9.026262020419093 12
1 138 0 0
1 139 0 0
1 140 0 1
465
-26.6098654297051 -28.03711486599188 12
1 141 0 3
466
467
468
-21.79611366974894 -30.1399278255125 12
-18.49999999999739 -32.04293994002413 12
-15.20388633024583 -33.94595205453576 12
1 142 0 1
469
-10.97592100791188 -37.0633768864049 12
1 143 0 0
1 144 0 0
1 145 0 1
470
10.97592100791588 -37.0633768864049 12
1 146 0 3
471
472
473
15.20388633024593 -33.94595205452816 12
18.49999999999786 -32.04293994001631 12
21.7961136697498 -30.13992782550446 12
1 147 0 1
474
26.6098654297111 -28.03711486599188 12
1 148 0 0
1 149 0 0
1 150 0 7
475
476
477
478
479
480
481
30.32311973482335 -33.29708710861377 0
32.39328522228845 -36.8827189129771 0
34.46345070975355 -40.46835071734043 0
36.53361619721866 -44.05398252170376 0
38.60378168468375 -47.63961432606709 0
40.67394717214886 -51.22524613043042 0
42.74411265961396 -54.81087793479375 0
1 151 0 7
482
483
484
485
486
487
488
30.32311973482335 -33.29708710861377 12
32.39328522228845 -36.8827189129771 12
34.46345070975355 -40.46835071734043 12
36.53361619721866 -44.05398252170376 12
38.60378168468375 -47.63961432606709 12
40.67394717214886 -51.22524613043042 12
42.74411265961396 -54.81087793479375 12
1 152 0 2
489
490
44.814278147074 -58.39650973916 3.99999999999999
44.814278147074 -58.39650973916 7.999999999999977
1 153 0 7
491
492
493
494
495
496
497
13.67456344067589 -42.9091355666547 0
15.74472892814153 -46.49476737101897 0
17.81489441560717 -50.08039917538323 0
19.88505990307281 -53.6660309797475 0
21.95522539053846 -57.25166278411177 0
24.0253908780041 -60.83729458847604 0
26.09555636546975 -64.42292639284031 0
1 154 0 0
1 155 0 2
498
499
32.17942335087543 -67.72359347232789 0
34.86261292399605 -66.3822161434192 0
1 156 0 2
500
501
40.05737907771815 -63.38301650619027 0
42.56064070717339 -61.72999483715267 0
1 157 0 0
1 158 0 7
502
503
504
505
506
507
508
13.67456344067589 -42.9091355666547 12
15.74472892814153 -46.49476737101897 12
17.81489441560717 -50.08039917538323 12
19.88505990307281 -53.6660309797475 12
21.95522539053846 -57.25166278411177 12
24.0253908780041 -60.83729458847604 12
26.09555636546975 -64.42292639284031 12
1 159 0 2
509
510
28.165721852926 -68.00855819720999 3.99999999999999
28.165721852926 -68.00855819720999 7.999999999999977
1 160 0 7
511
512
513
514
515
516
517
-13.67456344067098 -42.90913556665659 0
-15.74472892813646 -46.49476737102059 0
-17.81489441560194 -50.08039917538456 0
-19.88505990306742 -53.66603097974855 0
-21.95522539053291 -57.25166278411255 0
-24.0253908779984 -60.83729458847657 0
-26.0955563654639 -64.42292639284057 0
1 161 0 7
518
519
520
521
522
523
524
-13.67456344067098 -42.90913556665659 12
-15.74472892813646 -46.49476737102059 12
-17.81489441560194 -50.08039917538456 12
-19.88505990306742 -53.66603097974855 12
-21.95522539053291 -57.25166278411255 12
-24.0253908779984 -60.83729458847657 12
-26.0955563654639 -64.42292639284057 12
1 162 0 2
525
526
-28.16572185292 -68.00855819720999 3.99999999999999
-28.16572185292 -68.00855819720999 7.999999999999977
1 163 0 7
527
528
529
530
531
532
533
-30.32311973481826 -33.29708710861188 0
-32.39328522228352 -36.88271891297548 0
-34.46345070974878 -40.4683507173391 0
-36.53361619721404 -44.0539825217027 0
-38.6037816846793 -47.63961432606629 0
-40.67394717214455 -51.22524613042989 0
-42.7441126596098 -54.81087793479349 0
1 164 0 0
1 165 0 2
534
535
-42.5606407071699 -61.72999483715508 0
-40.05737907771644 -63.38301650619135 0
1 166 0 2
536
537
-34.86261292399526 -66.38221614341961 0
-32.17942335087383 -67.72359347232866 0
1 167 0 0
1 168 0 7
538
539
540
541
542
543
544
-30.32311973481826 -33.29708710861188 12
-32.39328522228352 -36.88271891297548 12
-34.46345070974878 -40.4683507173391 12
-36.53361619721404 -44.0539825217027 12
-38.6037816846793 -47.63961432606629 12
-40.67394717214455 -51.22524613042989 12
-42.7441126596098 -54.81087793479349 12
1 169 0 2
545
546
-44.81427814707 -58.39650973916 3.99999999999999
-44.81427814707 -58.39650973916 7.999999999999977
1 170 0 7
547
548
549
550
551
552
553
-43.99768317549001 -9.612048458046001 0
-48.13801415042002 -9.612048458045999 0
-52.27834512535001 -9.612048458045999 0
-56.41867610028001 -9.612048458045999 0
-60.55900707521001 -9.612048458045997 0
-64.69933805014 -9.612048458045997 0
-68.83966902507001 -9.612048458045997 0
1 171 0 7
554
555
556
557
558
559
560
-43.99768317549001 -9.612048458046001 12
-48.13801415042002 -9.612048458045999 12
-52.27834512535001 -9.612048458045999 12
-56.41867610028001 -9.612048458045999 12
-60.55900707521001 -9.612048458045997 12
-64.69933805014 -9.612048458045997 12
-68.83966902507001 -9.612048458045997 12
1 172 0 2
561
562
-72.98 -9.612048458045001 3.99999999999999
-72.98 -9.612048458045001 7.999999999999977
1 173 0 7
563
564
565
566
567
568
569
-43.99768317549001 9.612048458046001 0
-48.13801415042002 9.612048458046003 0
-52.27834512535001 9.612048458046003 0
-56.41867610028001 9.612048458046003 0
-60.55900707521001 9.612048458046004 0
-64.69933805014 9.612048458046004 0
-68.83966902507001 9.612048458046004 0
1 174 0 0
1 175 0 2
570
571
-74.74006405804342 5.993598635174631 0
-74.91999200170838 2.999199637228668 0
1 176 0 2
572
573
-74.91999200170838 -2.999199637228649 0
-74.74006405804342 -5.993598635174612 0
1 177 0 0
1 178 0 7
574
575
576
577
578
579
580
-43.99768317549001 9.612048458046001 12
-48.13801415042002 9.612048458046003 12
-52.27834512535001 9.612048458046003 12
-56.41867610028001 9.612048458046003 12
-60.55900707521001 9.612048458046004 12
-64.69933805014 9.612048458046004 12
-68.83966902507001 9.612048458046004 12
1 179 0 2
581
582
-72.98 9.612048458046001 3.99999999999999
-72.98 9.612048458046001 7.999999999999977
1 180 0 7
583
584
585
586
587
588
589
-30.32311973481928 33.29708710861464 0
-32.39328522228469 36.88271891297851 0
-34.46345070975011 40.46835071734239 0
-36.53361619721552 44.05398252170626 0
-38.60378168468095 47.63961432607015 0
-40.67394717214637 51.22524613043404 0
-42.7441126596118 54.81087793479794 0
1 181 0 7
590
591
592
593
594
595
596
-30.32311973481928 33.29708710861464 12
-32.39328522228469 36.88271891297851 12
-34.46345070975011 40.46835071734239 12
-36.53361619721552 44.05398252170626 12
-38.60378168468095 47.63961432607015 12
-40.67394717214637 51.22524613043404 12
-42.7441126596118 54.81087793479794 12
1 182 0 2
597
598
-44.81427814707 58.396509739166 3.99999999999999
-44.81427814707 58.396509739166 7.999999999999977
1 183 0 7
599
600
601
602
603
604
605
-13.67456344067141 42.90913556666434 0
-15.74472892813647 46.49476737102759 0
-17.81489441560153 50.08039917539084 0
-19.88505990306658 53.66603097975409 0
-21.95522539053163 57.25166278411734 0
-24.02539087799668 60.83729458848059 0
-26.09555636546174 64.42292639284383 0
1 184 0 0
1 185 0 2
606
607
-32.17942335087111 67.72359347232995 0
-34.86261292399235 66.38221614342115 0
1 186 0 2
608
609
-40.05737907771339 63.38301650619329 0
-42.56064070716695 61.72999483715711 0
1 187 0 0
1 188 0 7
610
611
612
613
614
615
616
-13.67456344067141 42.90913556666434 12
-15.74472892813647 46.49476737102759 12
-17.81489441560153 50.08039917539084 12
-19.88505990306658 53.66603097975409 12
-21.95522539053163 57.25166278411734 12
-24.02539087799668 60.83729458848059 12
-26.09555636546174 64.42292639284383 12
1 189 0 2
617
618
-28.16572185292 68.008558197211 3.99999999999999
-28.16572185292 68.008558197211 7.999999999999977
1 190 0 7
619
620
621
622
623
624
625
13.67456344067633 42.90913556666246 0
15.74472892814154 46.49476737102599 0
17.81489441560675 50.0803991753895 0
19.88505990307196 53.66603097975302 0
21.95522539053717 57.25166278411654 0
24.02539087800238 60.83729458848006 0
26.09555636546759 64.42292639284358 0
1 191 0 7
626
627
628
629
630
631
632
13.67456344067633 42.90913556666246 12
15.74472892814154 46.49476737102599 12
17.81489441560675 50.0803991753895 12
19.88505990307196 53.66603097975302 12
21.95522539053717 57.25166278411654 12
24.02539087800238 60.83729458848006 12
26.09555636546759 64.42292639284358 12
1 192 0 2
633
634
28.165721852926 68.008558197211 3.99999999999999
28.165721852926 68.008558197211 7.999999999999977
1 193 0 7
635
636
637
638
639
640
641
30.32311973482438 33.29708710861655 0
32.39328522228965 36.88271891298017 0
34.46345070975492 40.4683507173438 0
36.53361619722018 44.05398252170741 0
38.60378168468544 47.63961432607102 0
40.6739471721507 51.22524613043463 0
42.74411265961596 54.81087793479823 0
1 194 0 0
1 195 0 2
642
643
42.56064070717046 61.7299948371547 0
40.05737907771521 63.38301650619213 0
1 196 0 2
644
645
34.86261292399317 66.38221614342071 0
32.17942335087276 67.72359347232917 0
1 197 0 0
1 198 0 7
646
647
648
649
650
651
652
30.32311973482438 33.29708710861655 12
32.39328522228965 36.88271891298017 12
34.46345070975492 40.4683507173438 12
36.53361619722018 44.05398252170741 12
38.60378168468544 47.63961432607102 12
40.6739471721507 51.22524613043463 12
42.74411265961596 54.81087793479823 12
1 199 0 2
653
654
44.814278147074 58.396509739166 3.99999999999999
44.814278147074 58.396509739166 7.999999999999977
1 200 0 4
655
656
657
658
15.26914105531937 -38.05066794988966 12
18.79717535911915 -36.43715409466721 12
22.15691340803548 -34.49740842771842 12
25.31827454791581 -32.24879802281565 12
1 201 0 4
659
660
661
662
-25.31827454791159 -32.24879802281897 12
-22.15691340803185 -34.49740842772075 12
-18.79717535911631 -36.43715409466868 12
-15.26914105531742 -38.05066794989045 12
1 202 0 4
663
664
665
666
-40.58741560322979 5.801869927075145 12
-40.95408876714939 1.939745666949178 12
-40.95408876714939 -1.93974566694915 12
-40.58741560322979 -5.801869927075118 12
1 203 0 4
667
668
669
670
-15.26914105531518 38.05066794989135 12
-18.79717535911421 36.43715409466976 12
-22.15691340802995 34.49740842772196 12
-25.31827454790989 32.2487980228203 12
1 204 0 4
671
672
673
674
25.31827454791413 32.24879802281696 12
22.15691340803357 34.49740842771964 12
18.79717535911706 36.43715409466829 12
15.26914105531711 38.05066794989057 12
1 205 0 2
675
676
44.995778067358 -59.97816566145 3.99999999999999
44.995778067358 -59.97816566145 7.999999999999977
1 206 0 0
1 207 0 0
1 208 0 2
677
678
32.17942335087543 -67.72359347232789 12
34.86261292399605 -66.3822161434192 12
1 209 0 2
679
680
40.05737907771815 -63.38301650619027 12
42.56064070717339 -61.72999483715267 12
1 210 0 2
681
682
37.49 -64.93458477575 3.99999999999999
37.49 -64.93458477575 7.999999999999976
1 211 0 2
683
684
29.444726101533 -68.9565697001 3.99999999999999
29.444726101533 -68.9565697001 7.999999999999977
1 212 0 2
685
686
-29.44472610153 -68.9565697001 3.99999999999999
-29.44472610153 -68.9565697001 7.999999999999977
1 213 0 0
1 214 0 0
1 215 0 2
687
688
-42.5606407071699 -61.72999483715508 12
-40.05737907771644 -63.38301650619135 12
1 216 0 2
689
690
-34.86261292399526 -66.38221614341961 12
-32.17942335087383 -67.72359347232866 12
1 217 0 2
691
692
-37.49 -64.93458477575 3.99999999999999
-37.49 -64.93458477575 7.999999999999976
1 218 0 2
693
694
-44.99577806735 -59.97816566145 3.99999999999999
-44.99577806735 -59.97816566145 7.999999999999977
1 219 0 2
695
696
-74.44050416889 -8.978404038651 3.99999999999999
-74.44050416889 -8.978404038651 7.999999999999977
1 220 0 0
1 221 0 0
1 222 0 2
697
698
-74.74006405804342 5.993598635174631 12
-74.91999200170838 2.999199637228668 12
1 223 0 2
699
700
-74.91999200170838 -2.999199637228649 12
-74.74006405804342 -5.993598635174612 12
1 224 0 2
701
702
-74.98 9.182401700007e-15 3.99999999999999
-74.98 9.182401700007e-15 7.999999999999976
1 225 0 2
703
704
-74.44050416889 8.978404038651 3.99999999999999
-74.44050416889 8.978404038651 7.999999999999977
1 226 0 2
705
706
-44.99577806735 59.978165661456 3.99999999999999
-44.99577806735 59.978165661456 7.999999999999977
1 227 0 0
1 228 0 0
1 229 0 2
707
708
-32.17942335087111 67.72359347232995 12
-34.86261292399235 66.38221614342115 12
1 230 0 2
709
710
-40.05737907771339 63.38301650619329 12
-42.56064070716695 61.72999483715711 12
1 231 0 2
711
712
-37.49 64.934584775757 3.99999999999999
-37.49 64.934584775757 7.999999999999976
1 232 0 2
713
714
-29.44472610153 68.956569700107 3.99999999999999
-29.44472610153 68.956569700107 7.999999999999977
1 233 0 2
715
716
29.444726101533 68.956569700107 3.99999999999999
29.444726101533 68.956569700107 7.999999999999977
1 234 0 0
1 235 0 0
1 236 0 2
717
718
42.56064070717046 61.7299948371547 12
40.05737907771521 63.38301650619213 12
1 237 0 2
719
720
34.86261292399317 66.38221614342071 12
32.17942335087276 67.72359347232917 12
1 238 0 2
721
722
37.49 64.934584775757 3.99999999999999
37.49 64.934584775757 7.999999999999976
1 239 0 2
723
724
44.995778067358 59.978165661456 3.99999999999999
44.995778067358 59.978165661456 7.999999999999977
2 1 0 6
725
726
727
728
729
730
38.68861526540104 8.363797707430811 0
38.68861526540104 -8.363797707430809 0
38.81039273787528 -5.890813994320659 0
38.81039273787528 5.890813994320654 0
39.00000000000001 1.53897552540101 0
39 -1.538975525401018 0
2 2 0 44
731
732
733
734
735
736
737
738
739
740
741
742
743
744
745
746
747
748
749
750
751
752
753
754
755
756
757
758
759
760
761
762
763
764
765
766
767
768
769
770
771
772
773
774
71.8676953078795 -1.894190428248423 0
62.47138730861309 6.183757098889934 0
50.3214269219173 -6.462743707773097 0
44.38348996393487 2.32113237740213 0
54.27104849811497 6.026023811453141 0
58.4558113505562 -5.532513220159698 0
72.45911151977593 4.606786086498509 0
67.17431570836102 -6.014126282077043 0
70.72129618524765 -7.015444494043281 0
44.11863094020216 -5.202180253554303 0
46.32437965880891 6.040115556871715 0
44.20734042541214 -1.498350993185509 0
46.99686304638904 0.03956746514967513 0
72.95070608839566 7.177763100003105 0
62.61635826983186 -6.033814989106098 0
64.80887724930177 -2.704742331083835 0
68.36666165562258 -2.461334258839598 0
66.6231526246608 0.3401111222668884 0
62.67265847824571 0.3700783186176082 0
50.21898414724315 6.219923244396162 0
52.2414323808299 2.718224210115931 0
56.15396903771357 2.515518695954015 0
54.13857256377085 -0.8511988849088468 0
58.19588573814383 -1.087759073282299 0
58.27821998241942 6.089776946216054 0
54.28542152791952 -6.142438714856261 0
66.70227716010525 6.355439895809759 0
47.94050437256639 -3.461281379336163 0
70.55746990543517 6.670602076853005 0
50.27462252831788 -0.2706392773351922 0
72.4852973838718 -4.862312748778277 0
72.25407204793271 1.377133582764172 0
69.01957475987908 3.229833302585799 0
60.01735842583719 2.704854420727713 0
61.30109570228507 -2.949714323025924 0
73.07343235921084 -7.292361674938688 0
43.19757880465698 5.135182014254202 0
64.60496168319042 3.245898528111603 0
48.32602645943318 3.024597362351528 0
52.19485509701073 -3.516671361403676 0
69.62623127919494 0.118310664105767 0
55.87362942361027 -3.447772616187924 0
46.9032519121221 -6.870060451351113 0
70.12305324819651 -4.449481642397323 0
2 3 0 446
775
776
777
778
779
780
781
782
783
784
785
786
787
788
789
790
791
792
793
794
795
796
797
798
799
800
801
802
803
804
805
806
807
808
809
810
811
812
813
814
815
816
817
818
819
820
821
822
823
824
825
826
827
828
829
830
831
832
833
834
835
836
837
838
839
840
841
842
843
844
845
846
847
848
849
850
851
852
853
854
855
856
857
858
859
860
861
862
863
864
865
866
867
868
869
870
871
872
873
874
875
876
877
878
879
880
881
882
883
884
885
886
887
888
889
890
891
892
893
894
895
896
897
898
899
900
901
902
903
904
905
906
907
908
909
910
911
912
913
914
915
916
917
918
919
920
921
922
923
924
925
926
927
928
929
930
931
932
933
934
935
936
937
938
939
940
941
942
943
944
945
946
947
948
949
950
951
952
953
954
955
956
957
958
959
960
961
962
963
964
965
966
967
968
969
970
971
972
973
974
975
976
977
978
979
980
981
982
983
984
985
986
987
988
989
990
991
992
993
994
995
996
997
998
999
1000
1001
1002
1003
1004
1005
1006
1007
1008
1009
1010
1011
1012
1013
1014
1015
1016
1017
1018
1019
1020
1021
1022
1023
1024
1025
1026
1027
1028
1029
1030
1031
1032
1033
1034
1035
1036
1037
1038
1039
1040
1041
1042
1043
1044
1045
1046
1047
1048
1049
1050
1051
1052
1053
1054
1055
1056
1057
1058
1059
1060
1061
1062
1063
1064
1065
1066
1067
1068
1069
1070
1071
1072
1073
1074
1075
1076
1077
1078
1079
1080
1081
1082
1083
1084
1085
1086
1087
1088
1089
1090
1091
1092
1093
1094
1095
1096
1097
1098
1099
1100
1101
1102
1103
1104
1105
1106
1107
1108
1109
1110
1111
1112
1113
1114
1115
1116
1117
1118
1119
1120
1121
1122
1123
1124
1125
1126
1127
1128
1129
1130
1131
1132
1133
1134
1135
1136
1137
1138
1139
1140
1141
1142
1143
1144
1145
1146
1147
1148
1149
1150
1151
1152
1153
1154
1155
1156
1157
1158
1159
1160
1161
1162
1163
1164
1165
1166
1167
1168
1169
1170
1171
1172
1173
1174
1175
1176
1177
1178
1179
1180
1181
1182
1183
1184
1185
1186
1187
1188
1189
1190
1191
1192
1193
1194
1195
1196
1197
1198
1199
1200
1201
1202
1203
1204
1205
1206
1207
1208
1209
1210
1211
1212
1213
1214
1215
1216
1217
1218
1219
1220
9.957262801881349 -35.93599840977829 0
-26.14285613228715 26.59124174347694 0
-10.35713633170753 -35.87508058992422 0
-26.14285613228519 -26.59124174347856 0
36.2477024692677 -8.976794593120387 0
-36.24770246926773 8.976794593120324 0
26.14285613229072 26.59124174347824 0
-36.24729931954739 -8.967997121249196 0
36.2472993195478 8.967997121249351 0
9.932181202345422 35.93716834998956 0
-10.13488367186366 35.68947943282409 0
25.77121790482359 -26.70264430148722 0
0.03696769871653997 -37.48208474217411 0
-32.44195372416078 -18.77305733729903 0
32.44897987830216 -18.76900078531282 0
-32.44195372416121 18.77305733729786 0
0.03696769871650914 37.48208474217256 0
32.44195372416387 18.77305733729468 0
17.47238274932302 -15.7322040910103 0
-21.95164221392244 -7.148108419376117 0
-22.28599959384098 6.930473840530681 0
22.28574672316403 -6.930436933731661 0
17.56645947028497 15.04465614061232 0
4.888297025674865 22.99762937106389 0
21.95164221392314 7.148108419369107 0
-5.13655840282423 22.74950158836061 0
-17.66318807044307 -15.14200413252701 0
-17.54400416487903 15.15030004654083 0
4.245824673827801 -22.73532822612717 0
-5.13728558429284 -23.21957361498522 0
-18.93827657753511 -28.56223505333992 0
18.6926955764418 28.71885401029885 0
-18.69139240284138 28.74555734100478 0
-33.94856480269407 1.766489982976561 0
33.94856480269408 -1.766489982975568 0
15.52490935227811 -30.54777623953174 0
-33.50710766612386 -16.98419510808833 0
-31.33531677994537 -16.87142751701775 0
-30.23672075336008 -18.88905269528974 0
-28.9779007022773 -16.94033292775358 0
-30.14771804155662 -14.77112752004447 0
-27.87386643851804 -19.1100262494612 0
-27.57159457268861 -14.85074720041674 0
-28.83779267664976 -12.56065887437711 0
-33.5071076661251 16.98419510808731 0
-31.33531677994623 16.87142751701585 0
-30.23672075336004 18.88905269528781 0
-28.97790070227769 16.94033292775086 0
-30.14771804155794 14.77112752004178 0
-27.87386643851747 19.11002624945848 0
-27.57159457268954 14.85074720041321 0
-28.83803881646144 12.56080344534975 0
33.48430693653235 -16.92428898537381 0
31.33268768403971 -16.86076707123038 0
30.24447975053841 -18.88254331034069 0
29.02597386148382 -16.99093621029513 0
30.15588748397514 -14.80721747440725 0
27.87386643851855 -19.11002624945426 0
27.43487047102704 -14.95290728823054 0
28.81661303992411 -12.58384511904348 0
-2.044809406630716 -37.51010400025308 0
-1.056573562135427 -35.57289412557869 0
1.240039110855192 -35.6302946471923 0
0.1818083128512268 -33.56576462039514 0
-2.281687345890496 -33.49425345014701 0
2.612834979750631 -33.69448956218214 0
-0.924672945615975 -31.30307492300721 0
-3.541009238966499 -31.25960080731011 0
33.50710766613019 16.98419510808376 0
31.33531677994978 16.87142751701034 0
30.23672075336105 18.88905269528274 0
28.97790070227964 16.94033292774333 0
30.14771804156243 14.77112752003399 0
27.87386643851672 19.11002624945136 0
27.57159457269267 14.8507472004033 0
28.83779267665736 12.56065887436407 0
-2.044809406633552 37.5101040002514 0
-1.056573562136886 35.57289412557493 0
1.240039110856318 35.63029464718834 0
0.3308173875477561 33.48309576223996 0
-2.273628121761482 33.46628578606421 0
2.612834979752751 33.69448956217577 0
-0.7494858211160607 31.20196664447912 0
-3.420229100712751 31.25487200520148 0
-31.36865127529395 -12.49796960316152 0
-30.11778281394552 -10.29688064752566 0
-31.41159741339083 12.50279250096469 0
-30.13355282024664 10.25366249448676 0
-4.860760227944105 -33.41586874229328 0
-6.141486483344082 -31.23718989886425 0
31.42892500880234 -12.51940500704811 0
30.14036785265345 -10.27101272091117 0
31.36865127530221 12.49796960315115 0
30.11778281395622 10.29688064751361 0
-4.849560909372458 33.44482762662267 0
-5.85433891875878 31.1652037560213 0
23.38994033196697 -27.08148387790479 0
24.29904316080338 -24.76637258119298 0
21.90828925259482 -25.07485554561006 0
22.72661544206854 -22.4933979034373 0
19.92067239394019 -22.85937215892685 0
26.77672502887208 -24.75049912953205 0
-35.11723433584461 -6.593527004371992 0
35.11723433584743 6.593527004370669 0
-11.84845528160194 -33.70918054767512 0
-12.0124908618227 32.20393774631228 0
11.70705315138618 33.8415772606429 0
9.182227944048087 33.57533861446522 0
10.80538695489188 31.44249276882313 0
8.104464846140727 30.94194086802671 0
9.846614813031552 28.66002284774854 0
8.018931371422651 35.18099027652552 0
33.55208872942718 4.095698969993143 0
-33.55208872942701 -4.095698969993152 0
-13.16183647359744 -30.65909507701178 0
-26.05184652082665 -12.56164879689528 0
-24.74241979163254 -15.18191437119951 0
-1.995184946137243 -28.93934102064739 0
0.7767136277057518 -29.01852127625646 0
-26.1110808925464 12.52945234617433 0
-24.74241979163305 15.18191437119496 0
26.09296532655544 -12.51916825760696 0
24.53171877703791 -15.07792116112229 0
-2.095507231013184 28.87347755399782 0
0.8132382948239064 28.78120904250574 0
26.05184652083301 12.56164879687886 0
24.74241979163487 15.18191437118245 0
-23.48829411698458 27.09283969606638 0
-24.49477608966243 24.85770159786987 0
-26.63545814722986 24.66462351537713 0
-23.48829411698422 -27.09283969607112 0
-24.4947760896569 -24.85770159787342 0
-26.6354581472251 -24.66462351537724 0
23.48829411698909 27.09283969607116 0
24.4947760896619 24.85770159787286 0
26.63545814722946 24.66462351537643 0
11.7189403789627 -33.88787924490245 0
9.280013018620208 -33.64194915258861 0
8.042461465480397 -35.39929515462014 0
-35.16731888946388 7.155606667197042 0
35.16731888946383 -7.155606667196997 0
-22.07060200237485 25.14159744794304 0
-22.98036692589165 22.87616654389246 0
-20.08143245989868 23.0145653967917 0
-22.07060200237006 -25.14159744795255 0
-22.98036692588115 -22.87616654389806 0
-20.08143245988783 -23.01456539680487 0
22.07060200237432 25.14159744795229 0
22.98036692588567 22.87616654389651 0
20.08143245989158 23.01456539680406 0
10.73796108046217 -31.68450073484246 0
8.321157905275074 -31.33966481804557 0
9.890482060745747 -28.89831335304395 0
-23.03700443906767 -12.65480434438295 0
-23.05220314159974 12.65706403611395 0
-0.3657604948816154 -26.3446898494417 0
23.03700443907245 12.65480434436328 0
23.05146135903029 -12.6566757516702 0
-0.5647279511141687 26.29148900710792 0
3.755531021375663 -36.20759759899202 0
-29.47893382004223 -21.35618406871331 0
-29.47893382004179 21.35618406871173 0
29.47893382004138 21.35618406870805 0
3.758543539874975 36.20543614160547 0
29.13091308689592 -21.05881306961723 0
-21.42547967867562 20.4509890567078 0
21.42547967867052 20.45098905670888 0
-21.42547967866613 -20.45098905671469 0
6.998336216290849 -28.78050421834709 0
21.27713918317186 -20.04329293744625 0
6.719110029621016 28.44684685720572 0
18.92861358982545 -25.70935769665853 0
16.71832470337351 -23.54372721595966 0
12.8428788307426 29.24256521632779 0
12.03653955895937 26.24723305213761 0
-17.28348075519542 -21.07821596235702 0
17.9005702809198 20.63201718800638 0
8.917565875670245 -25.81835719950554 0
-17.99125418259946 20.77983620197827 0
-36.20434182540573 -13.42752809055841 0
36.19382707941129 -13.44111837395697 0
-36.19382707940905 13.44111837396018 0
-6.454766922816585 38.06598803848426 0
36.20434182540846 13.42752809055519 0
-6.473590476252534 -38.0676437933757 0
-9.632007010310245 -21.21082294618672 0
-8.345402214336859 -25.36312308263302 0
-11.88135370401954 -24.43483991493747 0
-8.719555358012585 21.83456515075038 0
-7.601316061880013 25.36716251971713 0
-11.01579331735978 24.78123045814963 0
-23.40143580405689 3.346099381712385 0
-24.5579697641262 -0.4799653789496435 0
-26.09982710882554 6.286581832202829 0
23.40142044505077 -3.346097140045778 0
24.55796720429186 0.4799657525607409 0
26.09982710882557 -6.286581832202851 0
11.96670078898248 -26.41520757370064 0
16.89289041058765 23.57107066961024 0
-32.75195726100333 -10.50034288100491 0
-31.45797731330246 -8.228998208585406 0
-28.74131128610873 -7.886079146849276 0
32.75195726101046 10.50034288099741 0
31.45797731331325 8.228998208576559 0
28.74131128611881 7.886079146836138 0
-7.282406456979302 -33.61533505326156 0
-8.681871357629145 -31.18658063090391 0
-7.319038778226373 33.24410030067507 0
-17.14864027646089 23.64195733706812 0
-12.36068266910552 21.43857562677964 0
14.57525616927883 21.39871327353828 0
11.24420121854041 -23.32189874602447 0
27.18621854555116 -2.693350015641359 0
28.02360572995341 0.9415872423520423 0
29.40694727316227 -5.247662170654559 0
-27.18621854555112 2.69335001564135 0
-28.02360615658913 -0.9415871800850804 0
-29.40694727315899 5.247662170656669 0
-9.884557187018565 27.85381034865575 0
-32.76223906871329 10.47063779752499 0
32.76626284001844 -10.47629825294125 0
8.907379580085347 21.32357270624122 0
14.01306587302156 -18.37580335061452 0
26.77694911101583 21.26454385680944 0
25.82660135969235 19.20511393285485 0
5.027160624372554 -33.82179009439235 0
3.718815868577702 -31.96904983733842 0
-26.77694911101912 21.26454385681577 0
-25.82660135969528 19.20511393286326 0
-26.77694911101923 -21.26454385681811 0
-25.82660135969244 -19.20511393286571 0
-16.80348216428855 -23.75850699667367 0
5.04151335847844 31.40248233666087 0
24.67221122237216 -20.0679918904269 0
-13.02664609909284 27.3582550556171 0
26.10480718017693 3.716394362781459 0
-26.10480753570637 -3.716394310895843 0
-27.90822794542946 -27.34660812749845 0
-9.873161607378826 -37.64794279912152 0
-27.90822794542995 27.34660812749873 0
-37.5406556679584 -10.27356263190391 0
-37.52989059538414 10.29079592429817 0
9.728743373036252 -37.8425384390959 0
27.74357970763504 -26.9073513229791 0
-9.809887521971905 37.60916681281318 0
37.52989059538402 -10.29079592429704 0
37.54065566795794 10.27356263190372 0
27.90822794543387 27.34660812749782 0
9.724191749562539 37.84851651002604 0
-13.31208341537807 -20.92556618432354 0
5.091934170284528 33.82848964846494 0
26.7503643220904 -21.32398917010014 0
-30.66497082208692 -5.353651737287792 0
30.6649708220962 5.353651737280389 0
-10.68247188981107 -28.47594718961055 0
-14.01353506962356 -27.10249630902364 0
2.497949266147137 -26.15830106423009 0
-21.42093124258887 -15.23012439824211 0
-21.40855205175222 15.2313810179699 0
21.40941593304878 15.21853535156923 0
21.36556944720351 -15.2544772244019 0
2.530508041029023 26.13002604390657 0
-9.052060066429128 30.86959535532559 0
-7.312447799029222 -28.64221121469608 0
3.453602224877383 -38.93046311447994 0
-31.98796892580373 22.45613881855501 0
-31.98796892580207 -22.45613881855439 0
3.453602224874506 38.93046311448993 0
31.98796892580469 22.45613881855301 0
32.46742763977597 -22.32807815710028 0
-30.19576150402808 -24.12766971592442 0
5.797294156095252 -38.21413140706409 0
30.19576150402882 24.12766971592223 0
-30.19576150402835 24.12766971592468 0
-5.70250282787849 -26.59748629554697 0
-3.415779087161756 35.49140369895228 0
32.44568856124347 14.7846175652388 0
32.45313325007808 -14.7808744346881 0
-3.418988844275987 -35.49123849557944 0
-32.45312204802156 14.7838517860307 0
-32.44568856123664 -14.78461756524669 0
31.35992228149768 -7.956942249399241 0
-31.35900061451035 7.954985558769422 0
5.798099189546905 38.21811483325249 0
-4.00428879138219 26.33463537760583 0
15.38373275581997 -27.02461839797002 0
15.71906322335524 26.83388423958273 0
-15.16528368276125 18.36615266956259 0
-25.02623539722484 9.543964623691792 0
25.02328861961353 -9.542403092176178 0
30.39990102427525 -23.09010466901685 0
-24.20811602896427 -9.964811140348885 0
24.20811602896718 9.964811140335366 0
-14.93751439935179 30.50039361354692 0
1.143143131621649 -23.43587263156352 0
-19.72448949296329 -12.70792730794586 0
-19.72448949296419 12.70792730793926 0
19.72448949296656 12.70792730792142 0
19.72248680862758 -12.70774902643869 0
1.143990077489866 23.43404911529007 0
-8.290876535848421 -36.35259181469508 0
-35.634381594578 10.9926631475277 0
-35.62756626138091 -10.99610397149577 0
35.62756626138437 10.99610397149218 0
35.63495641905172 -10.99347178401388 0
-8.276615532599045 36.95149093008597 0
-9.715633021015467 33.33373631258292 0
-6.788546375826014 28.45911966487436 0
-35.37395030978215 17.10815244694165 0
-2.870880524026747 39.18881582395391 0
35.37395030978684 17.10815244693965 0
-35.3739503097827 -17.10815244694186 0
35.36939016386638 -17.09617122239758 0
-2.870880524025029 -39.18881582395437 0
8.523505703583115 25.19879256136887 0
17.56539850590644 -19.98083351446466 0
31.52768822602978 20.42038670241546 0
1.921159886163751 37.51366349791856 0
-31.52768822602866 -20.42038670241931 0
-31.52768822602879 20.42038670241834 0
1.920729526377396 -37.5139722775449 0
30.43439768685633 -2.04199968269215 0
31.37242518168856 1.660761775299468 0
-30.43439775796178 2.041999693071682 0
-31.37242518168851 -1.660761775299423 0
2.119377221153698 31.16409695390529 0
25.89395288283213 -17.46292169112809 0
-28.70167105984177 7.974310767550019 0
-32.75136974628767 5.389372960638483 0
28.70167105985485 -7.974310767548172 0
32.75150140284319 -5.389652486387891 0
26.63067212601257 17.06139199160387 0
-26.63067212601227 17.06139199161342 0
1.460262825645159 -31.59353457679139 0
-26.63067212601235 -17.06139199161693 0
27.2056105302389 10.04423029498868 0
-27.20561053023465 -10.04423029500234 0
-15.66021307863389 -17.97536535573045 0
29.24820128437459 -25.16802586710726 0
-33.82786325742291 -12.90829475570541 0
-6.146222531164744 35.65518349605114 0
33.82786325742925 12.90829475569914 0
-5.735017620694699 -35.75031518155274 0
-33.8373569273886 12.90571167146209 0
33.84101315959768 -12.90906237923506 0
-4.588976354449023 -28.8957908834244 0
31.36646817431976 -20.76871306589735 0
18.56986349733493 -28.84324466890203 0
15.70224290991601 30.50261216959716 0
-27.76211579726422 10.57243873545053 0
27.75498117972028 -10.57814799145719 0
34.86297492156628 -15.15744410757793 0
34.8658550933182 15.16765620272246 0
-4.362213247609422 37.76252697111649 0
-34.86692382843939 15.16936310605047 0
-34.86585509331378 -15.16765620272656 0
-4.297351314288849 -37.77863067728685 0
-23.45430677648695 17.98966055541969 0
-23.45607523231631 -17.98948103831832 0
23.45443018809955 17.98782546021354 0
3.853987143308054 -29.30717872003897 0
13.97307468209313 -21.73194680998398 0
11.83425081040277 22.96671473170588 0
7.977318776582994 -21.80315877035352 0
14.89342998958013 17.81014009978424 0
34.57461574276196 1.559198998268007 0
-34.57461574276191 -1.559198998267801 0
-16.09542595205689 -29.77502110020524 0
19.59446689467207 17.7066075768432 0
-19.54103399041856 17.89724435557248 0
5.538279869452332 -25.82300334546134 0
-19.64825207598098 -17.65355543276427 0
-21.43843226555394 -10.12207681471396 0
-21.67196735569635 9.994832533958339 0
-1.89728349917022 -23.55678153727072 0
21.43843226555627 10.12207681470104 0
21.67077853265749 -9.99439953310655 0
-2.130430866636757 23.74002259914598 0
-33.98948408432175 8.696198394301785 0
33.98948408432499 -8.696198394300346 0
-21.09824973061889 27.3502003140697 0
-21.14762656555632 -27.31353585654322 0
21.09851036534107 27.34485964793511 0
13.13208793536198 -31.9442757823522 0
22.90903041132815 3.749667585845086 0
-22.90903089722402 -3.749667514932433 0
-9.573269702615331 -33.74532576268012 0
-34.02886929729392 -8.607596646908972 0
34.02886929729954 8.607596646904637 0
-19.2106319155434 25.7419314029098 0
19.19319351723141 25.73088352807136 0
-19.29940683849665 -25.6879748197684 0
12.68753048301392 -29.48658828720665 0
-25.55527861222652 -6.892011157173003 0
25.55527849202762 6.892011174706613 0
19.84197074092624 -17.58370303688555 0
5.307276306082451 25.97510962683792 0
22.9304270422573 -17.58171799023516 0
3.755170541864755 28.64996181017035 0
20.91856406829439 -27.36977392291597 0
13.25228963543699 31.79503989398573 0
-14.15923625711141 24.18918764197272 0
28.03526089187802 23.09807722986024 0
5.985891213690422 -35.82828674902278 0
-28.03526089188077 23.09807722986185 0
-28.0352608918808 -23.09807722986277 0
7.119702498724533 -33.63644381363864 0
-25.57016358621733 -22.98406513810911 0
25.57016358621948 22.98406513810589 0
-25.57016358622336 22.9840651381072 0
-11.782653722743 29.75719842389153 0
28.01604323483531 -22.98220560650505 0
11.44153211004761 -20.51066315053306 0
12.04206330986942 20.16392977739168 0
-8.318478706973858 34.97479809444384 0
-32.97118129268482 -6.35861069474655 0
-10.92959817058594 -31.68686146595248 0
32.97118129269391 6.358610694741657 0
-28.23964200421031 -25.53423969564059 0
-28.23964200421137 25.53423969564044 0
28.2396420042127 25.53423969563914 0
7.993479240638528 -37.22336721724274 0
-15.3650194136077 21.68314189547226 0
5.931177115998526 35.79989029338651 0
-16.17347462106573 26.5577105805815 0
7.042092431782871 33.12082476254977 0
25.21894199632638 -22.67630104418178 0
7.975633843753634 37.18410556784262 0
5.839860042758128 -31.47577191696684 0
24.33899847493056 20.79478399809818 0
-24.33927264896542 -20.79505992778733 0
-24.33897790633199 20.79508984730102 0
-4.404620696666822 29.20227566022028 0
14.19912113584842 24.2562349895472 0
13.91601327967738 -24.42697283837191 0
27.97194958768223 5.471752502865979 0
-27.97194968282006 -5.471752488988105 0
-35.17345068768913 5.145908459576217 0
35.17347701900022 -5.145964364725891 0
-28.8275518757782 -3.428829498511249 0
28.82755170031946 3.428829524115868 0
-12.67166202762866 -18.18995391286301 0
-11.3562605501217 34.20183899772876 0
-14.43983533158755 -23.50352756799505 0
-2.841226831338599 -26.69891606348159 0
-16.59832698893138 -26.39829364116765 0
2 4 0 23
1221
1222
1223
1224
1225
1226
1227
1228
1229
1230
1231
1232
1233
1234
1235
1236
1237
1238
1239
1240
1241
1242
1243
69.11244713300391 9.612048458046001 5.999999999999991
43.7249050675651 9.612048458046001 5.999999999999991
50.20817963789121 9.612048458046001 8.414368195636005
58.48884158774895 9.612048458046001 3.585631804363995
62.62917256267782 9.612048458046001 8.414368195636005
50.20817963789121 9.612048458046001 3.585631804363995
58.48937738749621 9.612048458046001 8.414677539764316
54.34916596002333 9.612048458046001 8.414127896084231
54.34851061282008 9.612048458046001 3.585631804363991
62.62917256267782 9.612048458046001 3.585631804364
66.62942528573106 9.612048458046001 8.812046615458144
66.62942528573106 9.612048458046001 3.18795338454185
46.20792691483796 9.612048458046001 8.812046615458144
46.20792691483796 9.612048458046001 3.18795338454185
70.03731854940079 9.612048458046001 9.096873782928297
42.8000336511682 9.612048458046001 9.096873782928302
70.03731854940081 9.612048458046001 2.90312621707169
42.80003365116819 9.612048458046001 2.903126217071681
60.55909455107081 9.612048458046001 6.000000000000003
52.27853271057545 9.612048458046001 6.000160842264536
56.41892046828914 9.612048458046001 6.000038314473512
64.67644896363353 9.612048458046001 5.999999999999996
48.16853060643925 9.612048458046001 6
2 5 0 3
1244
1245
1246
73.77601785117842 9.44681154373453 1.970684044748168
73.77546562266652 9.447051031111167 9.999999999999989
73.77657000758843 9.446571890169603 5.999999999999984
2 6 0 8
1247
1248
1249
1250
1251
1252
1253
1254
74.84500451794855 4.497299045901029 2.597859592592702
74.84500451794855 4.497299045901029 9.402140407407298
74.91626233636649 3.090960619082131 5.999999999999983
74.70836307963333 6.376588897026373 5.999999999999984
74.95599876797651 1.897010462571031 9.872683998888842
74.64259036830197 7.105216612452813 9.876248752459944
74.64259036830178 7.10521661245473 2.123751247531875
74.95599876797651 1.897010462571025 2.127316001111141
2 7 0 8
1255
1256
1257
1258
1259
1260
1261
1262
74.84500451794855 -4.497299045901045 2.597859592592675
74.84500451794855 -4.497299045901045 9.402140407407325
74.91626233636603 -3.090960619093037 5.999999999999983
74.70836307963135 -6.376588897049498 5.999999999999984
74.64259360326574 -7.105182628033877 9.876203375973706
74.9559996162003 -1.8969769466657 9.87272924977125
74.64259360326582 -7.105182628032949 2.123796624026283
74.95599961620034 -1.896976946663703 2.127270750220017
2 8 0 3
1263
1264
1265
73.77601785117864 -9.446811543734436 1.970684044748168
73.7765700075887 -9.446571890169489 9.999999999999934
73.77601785117817 -9.446811543734638 5.970684044748165
2 9 0 23
1266
1267
1268
1269
1270
1271
1272
1273
1274
1275
1276
1277
1278
1279
1280
1281
1282
1283
1284
1285
1286
1287
1288
69.11244713300391 -9.612048458046001 5.999999999999993
43.7249050675651 -9.612048458046001 5.999999999999991
50.20817963789121 -9.612048458046001 8.414368195636005
58.48884158774895 -9.612048458046001 8.414368195636005
54.34851061282008 -9.612048458046001 3.585631804363995
62.62917256267782 -9.612048458046001 3.585631804363995
58.48937738749621 -9.612048458046001 3.585322460235684
50.20817963789121 -9.612048458046001 3.585631804363995
54.34851061282008 -9.612048458046001 8.414368195636014
62.62917256267782 -9.612048458046001 8.414368195636005
66.62942528573106 -9.612048458046001 3.187953384541849
66.62942528573106 -9.612048458046001 8.812046615458145
46.20792691483796 -9.612048458046001 8.812046615458144
46.20792691483796 -9.612048458046001 3.187953384541851
70.03731854940079 -9.612048458046001 9.096873782928297
42.8000336511682 -9.612048458046001 9.096873782928302
70.03731854940081 -9.612048458046001 2.90312621707169
42.80003365116819 -9.612048458046001 2.903126217071681
60.55909455107081 -9.612048458046001 6.000000000000004
56.41903470663746 -9.612048458046001 5.999702282905556
52.27834512535565 -9.612048458046001 6.000000000000005
64.69812289681542 -9.612048458046001 5.999999999999997
48.15785760229345 -9.612048458046001 5.999999999999998
2 10 0 8
1289
1290
1291
1292
1293
1294
1295
1296
38.4324249985557 -14.28106119062553 2.651632961556136
38.43312000706809 -14.27919068162837 9.182012244025762
37.76423134832533 -15.96442390661694 5.999999999999984
39.01451331465295 -12.60427510096347 6.065172173820743
37.42410199508236 -16.74624106662962 9.518356767462802
39.27997728308158 -11.75088867450438 9.521212879451058
37.35222666882067 -16.90595051693462 2.129504353890635
39.32905652400015 -11.5855648516592 2.131250570142772
2 11 0 4
1297
1298
1299
1300
33.77499074759259 -19.50000000000091 10.31228960767509
33.77499074759259 -19.50000000000091 1.687710392324907
33.77384402158504 -19.5019888229069 7.830879970706259
33.77210289772805 -19.50501866603372 5.048973656123187
2 12 0 8
1301
1302
1303
1304
1305
1306
1307
1308
31.58318559996395 -26.14387858291553 2.585160103096587
31.58270187930866 -26.14446293199983 9.182012244025323
32.70771233407652 -24.72257174873397 5.999999999999984
30.40140684209243 -27.50917050769753 6.04696854765351
33.215273817435 -24.03633884835244 9.521212879445756
29.81720376762397 -28.14132831761839 9.518356767459393
29.7125442941443 -28.25180899639018 2.123346218633223
33.30401900944921 -23.91322474737034 2.122169537715997
2 13 0 3
1309
1310
1311
26.0451199799448 -29.61115059852228 0
12.26072704954511 -37.63192152746711 0
13.55116862010531 -36.60546775664103 0
2 14 0 8
1312
1313
1314
1315
1316
1317
1318
1319
6.848537886211664 -40.42397220488263 2.651613785123354
6.850418127761317 -40.4236536136312 9.182012244023943
5.05651901424938 -40.68699565535079 5.999999999999984
8.591634223605624 -40.08969719725716 6.065172173819018
4.20938081594057 -40.78334357487615 9.518356767459442
9.463420532386094 -39.89290252447437 9.521212879444771
4.035005204571174 -40.80096485377624 2.129290383993788
9.631145652959699 -39.8527418556299 2.131248084217124
2 15 0 4
1320
1321
1322
1323
-3.973926222810898e-15 -39 10.31228960767693
-3.973926222810898e-15 -39 1.687710392323071
0.002295734165180258 -39.00000131759927 4.169120029295194
0.005790217212177208 -39.00000838167141 6.951026343882286
2 16 0 8
1324
1325
1326
1327
1328
1329
1330
1331
-6.849670206283326 -40.42378035346465 2.585160103097489
-6.850418127760831 -40.42365361363129 9.182012244024222
-5.056519014244264 -40.68699565535143 5.999999999999984
-8.622937075654008 -40.08297588988761 6.046968547647494
-4.208443147935264 -40.78344034373016 9.521212879448818
-9.46250333548644 -39.89312009138803 9.518356767455007
-9.610512146670983 -39.85772266799358 2.123346218636855
-4.057450612907168 -40.79873888398782 2.122169537715848
2 17 0 4
1332
1333
1334
1335
-26.45983651123888 -29.43406185750852 0
-12.26072704954181 -37.63192152746923 0
-13.55116862010399 -36.60546775664733 0
-24.92568068461432 -30.0383901543008 0
2 18 0 8
1336
1337
1338
1339
1340
1341
1342
1343
-31.58318559996527 -26.14387858291395 2.585160103097836
-31.58270187930625 -26.14446293200274 9.182012244023888
-32.70771233407202 -24.72257174873991 5.999999999999984
-30.40140684209123 -27.50917050769886 6.046968547657302
-33.21472117914043 -24.03710250824671 9.518356767455179
-29.81655675070235 -28.14201384997432 9.521212879448614
-29.71254429414145 -28.25180899639318 2.12334621863091
-33.30401900944791 -23.91322474737217 2.122169537721867
2 19 0 3
1344
1345
1346
-33.77499074758971 -19.50000000000244 10.31228960767595
-33.77499074758971 -19.50000000000244 1.687710392324052
-33.7997851015149 -19.45823447864351 5.999999999999987
2 20 0 8
1347
1348
1349
1350
1351
1352
1353
1354
-38.43248670323772 -14.28089513320001 2.651632961556058
-38.43312000706707 -14.27919068163112 9.182012244026087
-37.76423134832788 -15.9644239066109 5.999999999999984
-39.01451331465569 -12.60427510095501 6.065172173824394
-37.42371696536055 -16.74710149538075 9.521212879444102
-39.27970710310812 -11.75179177376957 9.518356767460549
-39.32902408609401 -11.5856749667612 2.131461770817221
-37.35217930229405 -16.90605516876354 2.129292869311311
2 21 0 4
1355
1356
1357
1358
-38.72056356078579 8.197859669966448 0
-38.72056356078579 -8.197859669966444 0
-38.47684930472287 6.567077602350988 0
-38.47684930472287 -6.567077602350984 0
2 22 0 8
1359
1360
1361
1362
1363
1364
1365
1366
-38.43242499855418 14.28106119062962 2.651632961556634
-38.43312000706644 14.2791906816328 9.182012244025035
-37.7642313483233 15.96442390662174 5.999999999999984
-39.0145133146517 12.60427510096733 6.065172173818532
-37.42410199508023 16.74624106663439 9.518356767462196
-39.27997728308448 11.75088867449465 9.52121287944215
-39.32905652399974 11.5855648516606 2.131250570143118
-37.35222666881875 16.90595051693886 2.129504353890708
2 23 0 4
1367
1368
1369
1370
-33.77499074759007 19.50000000000182 10.31228960767556
-33.77499074759007 19.50000000000182 1.687710392324443
-33.77613975574765 19.49801249469312 4.16912002929376
-33.77789311493626 19.49498971563879 6.951026343877138
2 24 0 8
1371
1372
1373
1374
1375
1376
1377
1378
-31.58142940044261 26.14600001959877 2.651632961557871
-31.58270187930531 26.14446293200387 9.182012244023481
-30.39592717559728 27.5152250787775 5.999999999999984
-32.68346707458814 24.75461532693072 6.065172173818988
-33.21527381743083 24.03633884835821 9.521212879446168
-29.81720376761983 28.14132831762279 9.51835676745713
-29.69672214954101 28.26843988572698 2.129504353891064
-33.31608190333331 23.89641576911455 2.13125057014301
2 25 0 4
1379
1380
1381
1382
-26.45983651123673 29.43406185750865 0
-12.26072704954147 37.63192152747396 0
-24.92568068460941 30.03839015429915 0
-13.55116862010322 36.60546775664671 0
2 26 0 8
1383
1384
1385
1386
1387
1388
1389
1390
-6.851043781039909 40.42354758195122 2.585186928742365
-6.850418127759483 40.42365361363152 9.182012244024644
-8.630920321267268 40.08125764503824 5.999999999999984
-5.064622634577769 40.68598773004439 6.046968547652196
-9.463420532381926 39.89290252447536 9.521212879446439
-4.209380815939723 40.78334357487623 9.51835676745786
-4.058097674168989 40.79867452830918 2.123559510182957
-9.611007866300273 39.85760313659006 2.122173133512171
2 27 0 3
1391
1392
1393
4.084948525273525e-15 39 10.31228960767457
4.084948525273525e-15 39 1.687710392325434
0.04856717945907582 39.00058977969017 5.999999999999986
2 28 0 8
1394
1395
1396
1397
1398
1399
1400
1401
6.84979247284215 40.4237596356276 2.585186928742443
6.850418127759954 40.42365361363144 9.182012244024369
5.056519014255434 40.68699565535005 5.999999999999984
8.622937075660374 40.08297588988624 6.046968547656951
4.208443147921648 40.78344034373156 9.521212879441515
9.462503335486806 39.89312009138795 9.518356767462821
4.057466097685298 40.79873734401758 2.122173133512514
9.610390857231907 39.85775191316281 2.123559510182445
2 29 0 3
1402
1403
1404
26.45983651124225 29.43406185750941 0
12.62144866363153 37.36131084652183 0
24.92568068461546 30.03839015430204 0
2 30 0 8
1405
1406
1407
1408
1409
1410
1411
1412
31.5831855999622 26.14387858291765 2.585160103095799
31.58270187930775 26.14446293200094 9.182012244024916
32.70771233407953 24.72257174872998 5.999999999999984
30.40140684209751 27.50917050769192 6.046968547650491
33.21472117914252 24.03710250824382 9.518356767463757
29.81655675070554 28.14201384997093 9.521212879450314
29.71254429414361 28.2518089963909 2.123346218630554
33.30401900944914 23.91322474737045 2.122169537710472
2 31 0 4
1413
1414
1415
1416
33.77499074759294 19.50000000000031 10.31228960767437
33.77499074759294 19.50000000000031 1.687710392325627
33.77384402158558 19.50198882290596 4.169120029293305
33.77210289772871 19.50501866603259 6.95102634387517
2 32 0 8
1417
1418
1419
1420
1421
1422
1423
1424
38.43285580624305 14.27990177054905 2.585160103096782
38.43312000706747 14.27919068163005 9.182012244024701
37.76423134832591 15.96442390661558 5.999999999999984
39.02434391774938 12.57380538219105 6.046968547653968
37.4237169653622 16.74710149537707 9.521212879445352
39.27970710310846 11.75179177376843 9.518356767458943
37.36146962235451 16.88551413661667 2.122169537716019
39.32305644081253 11.60591367160174 2.123346218632147
2 33 0 89
1425
1426
1427
1428
1429
1430
1431
1432
1433
1434
1435
1436
1437
1438
1439
1440
1441
1442
1443
1444
1445
1446
1447
1448
1449
1450
1451
1452
1453
1454
1455
1456
1457
1458
1459
1460
1461
1462
1463
1464
1465
1466
1467
1468
1469
1470
1471
1472
1473
1474
1475
1476
1477
1478
1479
1480
1481
1482
1483
1484
1485
1486
1487
1488
1489
1490
1491
1492
1493
1494
1495
1496
1497
1498
1499
1500
1501
1502
1503
1504
1505
1506
1507
1508
1509
1510
1511
1512
1513
19.53873113452862 4.270595468152186 5.999999999999988
19.53876291849874 -4.270450048261711 6.000348103415065
-14.8628965095479 -13.38261212717715 8.380685740699757
-8.134732861516051 -18.270909152852 3.619314259300249
-19.02113032590308 -6.180339887498938 3.619314259300246
11.75570504584945 -16.18033988749896 8.380685740699752
14.86289650954789 13.38261212717715 3.619314259300248
-4.181987855572975 19.55788786080542 3.601094908424659
-11.75570504584945 16.18033988749896 8.380685740699745
8.157306918980838 18.2608418160157 8.398743779183979
-19.89043790736547 2.090569265353075 8.380685740699747
-17.32050807568877 10.00000000000001 3.619314259300257
17.32050807568877 -10.00000000000001 3.61931425930026
-3.920095584947214e-14 -20 3.61931425930026
8.134732861515978 -18.27090915285203 3.619314259300253
17.32050807568877 9.999999999999996 8.38068574069975
1.010639055082363e-14 20 8.380685740699747
4.158233816355193 19.56295201467611 3.619314259300257
4.158233816355171 -19.56295201467612 8.380685740699739
-4.158233816355214 -19.56295201467611 8.380685740699739
-14.8628965095479 -13.38261212717715 3.619314259300242
-19.02113032590308 -6.180339887498938 8.380685740699754
-19.89043790736547 2.090569265353075 3.619314259300254
-11.73368083073741 16.19631853732154 3.703248651671548
-17.32050807568877 10.00000000000001 8.380685740699743
17.32050807568876 -10.00000000000002 8.380685740699741
14.86330634572438 13.38215694397392 8.392832490842693
11.75646799152056 16.17978554753902 8.380336499635906
10.00014661550466 17.3204234263603 4.761296658302557
14.86289650954787 -13.38261212717718 3.619314259300266
-8.134729965805745 -18.27091044210502 8.392395450328166
-4.158233816355214 -19.56295201467611 3.619314259300304
11.75570504584946 -16.18033988749895 3.619314259300261
-17.32050807568878 -9.999999999999988 8.380685740699711
-17.32050807568878 -9.999999999999988 3.619314259300289
-14.86289650954788 13.38261212717717 3.619314259300259
-14.86289650954788 13.38261212717717 8.380685740699743
-8.134732861515989 18.27090915285202 3.619314259300255
-6.182335527459086 19.02048178742897 6.774553007377294
-0.03107962735823455 19.9999758514045 3.695566232658309
-19.02113032590307 6.180339887498959 8.380685740699704
-19.89043790736547 -2.090569265353061 8.380685740699743
8.134732861515996 -18.27090915285202 8.380685740699754
-19.89043790736547 -2.090569265353061 3.619314259300257
-2.143738745546964e-14 -20 8.380685740699734
-19.02113130540928 6.180336872888013 3.607604549671801
-11.75629822344132 -16.17990890213881 8.393765109068797
14.86289650954786 -13.38261212717719 8.380685740699752
4.188876647388589 19.55641358820585 8.304447915176359
4.158233816355154 -19.56295201467612 3.619314259300268
17.32050807568877 9.999999999999996 3.619314259300246
-11.75570504584949 -16.18033988749893 3.619314259300244
18.94812359800417 6.400672786102829 8.513408503552771
18.94812359800417 6.400672786102842 3.486591496447223
18.94812359800514 -6.400672786099978 8.513408503557411
18.94812359800512 -6.400672786100028 3.486591496442541
6.984405707061494 18.74081313388421 5.249202132809771
-2.935233116176824 19.78343768291292 6.750697707232014
-9.253759436222516 17.73042403036438 6.750697707230073
12.43377560201354 15.66528723894882 3.131331862732989
19.73153332184181 -3.265975010474854 9.024879248868029
19.74673348074881 3.172777464663135 9.047693204712775
19.73153340608289 -3.265974501528571 2.975139948214212
19.74673348074881 3.172777464663125 2.952306795287209
16.18020627925432 11.75588893962421 6.013031859994388
-19.56295201467611 -4.158233816355182 5.997477572411581
6.180339887498928 -19.02113032590308 5.997477572411507
13.38261212717714 -14.8628965095479 6.002522427588538
9.999999999999986 -17.32050807568878 6.002522427588517
-13.38261212717715 14.8628965095479 5.997477572411555
-20 1.133099690464601e-14 6.002522427588429
-16.18021381984427 -11.7558785611336 6.001609604753715
2.09072116475141 19.89042194150895 6.001158869460068
-13.38235446885029 -14.86312850210354 6.000917258859824
-18.27101656725012 -8.134491600540976 5.999468338447817
-16.18046128641004 11.75553795276873 5.998392300585737
-9.999170192073622 -17.32098713901567 5.999999999999981
-2.090569265353085 -19.89043790736547 5.997477572411601
16.18033988749892 -11.75570504584949 6.002522427588542
-19.5630948284132 4.157561873804495 6.001047005062852
2.090569265353024 -19.89043790736547 5.997477572411517
-18.27100935512837 8.134507799787986 5.99955780779852
-6.179686554020457 -19.02134259441375 5.998952994937152
18.25677422967968 8.166406475709127 6.000000000000002
18.24223325822081 -8.198836853643487 6.001359383408139
13.38358030746431 14.86202469899891 6.028925126816831
-8.134732861515989 18.27090915285202 9.648569142663945
-4.158921684759349 19.56280579109342 9.645797403875818
7.627804549426989 18.48828271516154 2.541049000307463
2 34 0 45
1514
1515
1516
1517
1518
1519
1520
1521
1522
1523
1524
1525
1526
1527
1528
1529
1530
1531
1532
1533
1534
1535
1536
1537
1538
1539
1540
1541
1542
1543
1544
1545
1546
1547
1548
1549
1550
1551
1552
1553
1554
1555
1556
1557
1558
71.86769530787949 1.894190428248415 12
62.48049407103252 -6.178231723115656 12
50.12984224145506 5.951790424373886 12
44.25842809634863 -2.269645607897601 12
54.2707991849026 -6.026054655716173 12
58.45547467695501 5.532097451923152 12
72.3886284324644 -4.462717281758517 12
67.17431570836102 6.014126282077042 12
70.90983451253558 6.922824604773005 12
43.70001574513238 5.250326484013264 12
46.30415910883741 -5.989310760142484 12
72.22156637927496 -7.503591407826187 12
43.90938804510515 1.637889942722861 12
47.16805667487985 0.09427853687786047 12
62.61635826983186 6.033814989106093 12
64.80874792096778 2.704662862749641 12
68.36664010090024 2.461321014117228 12
66.6231346623922 -0.3401221595355324 12
62.67250555785644 -0.3701790176571524 12
50.21619559800538 -6.169237250506649 12
52.13326452938402 -2.97718087716048 12
56.13553437767458 -2.559096426965432 12
53.54514716970656 0.489038402650456 12
58.25746239269439 0.9695534570914344 12
58.2765238934263 -6.0960341092577 12
46.87480035548642 3.601827951429666 12
50.01362774598606 2.120110845396137 12
54.29897376285518 6.22552318880815 12
66.67157526982714 -6.298644548786641 12
72.5456122839052 4.997049273178481 12
72.24232486671411 -1.353122115307521 12
69.15910129589425 -2.911670252479604 12
69.85610808050637 -6.157734389779391 12
48.12825962347183 -3.220947267109277 12
60.11020119313875 -2.764653405891584 12
61.27206258715155 2.903046793264238 12
73.1232030046751 7.300785001964666 12
43.19757880465697 -5.135182014254215 12
46.5680711335997 6.805608355181761 12
64.63755600047972 -3.253319511296056 12
69.76580303722788 0.02770348681252699 12
55.71205066077012 3.406138466349066 12
52.57856536465464 3.596644214451596 12
49.93468813247116 -0.9202836690368112 12
70.1728195827163 4.457902320478834 12
2 35 0 446
1559
1560
1561
1562
1563
1564
1565
1566
1567
1568
1569
1570
1571
1572
1573
1574
1575
1576
1577
1578
1579
1580
1581
1582
1583
1584
1585
1586
1587
1588
1589
1590
1591
1592
1593
1594
1595
1596
1597
1598
1599
1600
1601
1602
1603
1604
1605
1606
1607
1608
1609
1610
1611
1612
1613
1614
1615
1616
1617
1618
1619
1620
1621
1622
1623
1624
1625
1626
1627
1628
1629
1630
1631
1632
1633
1634
1635
1636
1637
1638
1639
1640
1641
1642
1643
1644
1645
1646
1647
1648
1649
1650
1651
1652
1653
1654
1655
1656
1657
1658
1659
1660
1661
1662
1663
1664
1665
1666
1667
1668
1669
1670
1671
1672
1673
1674
1675
1676
1677
1678
1679
1680
1681
1682
1683
1684
1685
1686
1687
1688
1689
1690
1691
1692
1693
1694
1695
1696
1697
1698
1699
1700
1701
1702
1703
1704
1705
1706
1707
1708
1709
1710
1711
1712
1713
1714
1715
1716
1717
1718
1719
1720
1721
1722
1723
1724
1725
1726
1727
1728
1729
1730
1731
1732
1733
1734
1735
1736
1737
1738
1739
1740
1741
1742
1743
1744
1745
1746
1747
1748
1749
1750
1751
1752
1753
1754
1755
1756
1757
1758
1759
1760
1761
1762
1763
1764
1765
1766
1767
1768
1769
1770
1771
1772
1773
1774
1775
1776
1777
1778
1779
1780
1781
1782
1783
1784
1785
1786
1787
1788
1789
1790
1791
1792
1793
1794
1795
1796
1797
1798
1799
1800
1801
1802
1803
1804
1805
1806
1807
1808
1809
1810
1811
1812
1813
1814
1815
1816
1817
1818
1819
1820
1821
1822
1823
1824
1825
1826
1827
1828
1829
1830
1831
1832
1833
1834
1835
1836
1837
1838
1839
1840
1841
1842
1843
1844
1845
1846
1847
1848
1849
1850
1851
1852
1853
1854
1855
1856
1857
1858
1859
1860
1861
1862
1863
1864
1865
1866
1867
1868
1869
1870
1871
1872
1873
1874
1875
1876
1877
1878
1879
1880
1881
1882
1883
1884
1885
1886
1887
1888
1889
1890
1891
1892
1893
1894
1895
1896
1897
1898
1899
1900
1901
1902
1903
1904
1905
1906
1907
1908
1909
1910
1911
1912
1913
1914
1915
1916
1917
1918
1919
1920
1921
1922
1923
1924
1925
1926
1927
1928
1929
1930
1931
1932
1933
1934
1935
1936
1937
1938
1939
1940
1941
1942
1943
1944
1945
1946
1947
1948
1949
1950
1951
1952
1953
1954
1955
1956
1957
1958
1959
1960
1961
1962
1963
1964
1965
1966
1967
1968
1969
1970
1971
1972
1973
1974
1975
1976
1977
1978
1979
1980
1981
1982
1983
1984
1985
1986
1987
1988
1989
1990
1991
1992
1993
1994
1995
1996
1997
1998
1999
2000
2001
2002
2003
2004
9.957262801880905 -35.93599840977866 12
-25.75935671872218 26.73003208943111 12
-10.35713633170753 -35.87508058992422 12
-25.75935671872056 -26.73003208943329 12
36.2477024692677 -8.976794593120387 12
-36.24770246926772 8.976794593120324 12
26.14285613229066 26.59124174347826 12
-36.24729931954739 -8.967997121249198 12
36.2472993195478 8.967997121249351 12
10.23955936090627 35.66985154278158 12
-10.13488367186366 35.68947943282409 12
25.77121790482359 -26.70264430148722 12
0.03696769871653997 -37.48208474217411 12
-32.44897987829913 -18.76900078531587 12
32.44897987830223 -18.76900078531278 12
-32.4489798782997 18.76900078531462 12
0.02994154457811438 37.48614129415573 12
32.44195372416387 18.77305733729468 12
17.47238274932302 -15.7322040910103 12
-21.95164221392244 -7.148108419376097 12
-22.28599959384098 6.930473840530681 12
22.28574672316403 -6.930436933731664 12
17.56645947028497 15.04465614061232 12
4.888297025674865 22.99762937106389 12
21.95164221392314 7.148108419369107 12
-5.13655840282423 22.74950158836061 12
-17.66318807044307 -15.14200413252698 12
-17.54400416487903 15.15030004654083 12
4.245824673827798 -22.73532822612717 12
-5.13728558429284 -23.21957361498522 12
-18.93827657753511 -28.56223505333995 12
18.6926955764418 28.71885401029885 12
-18.69139240284138 28.74555734100478 12
-33.94856480269407 1.766489982976561 12
33.94856480269407 -1.766489982975565 12
15.52490935227811 -30.54777623953174 12
-33.4843069365271 -16.92428898537695 12
-31.33268768403563 -16.86076707123534 12
-30.24447975053653 -18.88254331034565 12
-28.97875568582177 -16.93747128929916 12
-30.14750683770362 -14.76951774811152 12
-27.87386643851804 -19.11002624946119 12
-27.57170186930388 -14.85000196535217 12
-28.83777535877683 -12.56026637321085 12
-33.48430693652935 16.9242889853752 12
-31.33268768403668 16.86076707123329 12
-30.24447975053668 18.88254331034361 12
-28.97875568582221 16.9374712892964 12
-30.14750683770496 14.76951774810881 12
-27.87386643851747 19.11002624945848 12
-27.57170186930479 14.85000196534864 12
-28.83802149858849 12.56041094418349 12
33.48430693653235 -16.92428898537381 12
31.33268768403973 -16.86076707123036 12
30.2444797505385 -18.88254331034064 12
29.02597386148382 -16.99093621029513 12
30.15588748397514 -14.80721747440725 12
27.87386643851855 -19.11002624945426 12
27.43487047102704 -14.95290728823055 12
28.81661303992408 -12.58384511904348 12
-2.044809406630716 -37.51010400025308 12
-1.056573562135427 -35.57289412557869 12
1.240039110855192 -35.6302946471923 12
0.1818083128512268 -33.56576462039514 12
-2.281687345890496 -33.49425345014701 12
2.612834979750631 -33.69448956218214 12
-0.9246729456159751 -31.30307492300721 12
-3.541009238966501 -31.25960080731011 12
33.50710766613019 16.98419510808376 12
31.33531677994978 16.87142751701034 12
30.23672075336105 18.88905269528274 12
28.97790070227964 16.94033292774333 12
30.14771804156243 14.77112752003399 12
27.87386643851672 19.11002624945136 12
27.57159457269267 14.8507472004033 12
28.83779267665736 12.56065887436407 12
-2.085289265945899 37.46040492784014 12
-1.064491231045343 35.56528703883691 12
1.230522319543448 35.63375944337904 12
0.201595461450853 33.63269883877387 12
-2.254517249794525 33.51937337199075 12
2.612834979752751 33.69448956217577 12
-0.7678376634710518 31.23574842155586 12
-3.420102595777423 31.26935023236869 12
-31.36861318833964 -12.49763589097834 12
-30.1177735798077 -10.29675961196742 12
-31.41157020842346 12.50255413511954 12
-30.13354539977325 10.25355734998485 12
-4.860760227944106 -33.41586874229327 12
-6.141486483344082 -31.23718989886424 12
31.42892500880233 -12.51940500704809 12
30.14036785265342 -10.27101272091116 12
31.36865127530221 12.49796960315115 12
30.11778281395622 10.29688064751361 12
-4.847270745455519 33.45287117580049 12
-5.853936140616736 31.16895738541213 12
23.38994033196697 -27.08148387790479 12
24.29904316080338 -24.76637258119298 12
21.90828925259482 -25.07485554561006 12
22.72661544206854 -22.4933979034373 12
19.92067239394019 -22.85937215892685 12
26.77672502887207 -24.75049912953205 12
-35.1172343358446 -6.59352700437199 12
35.11723433584743 6.593527004370669 12
-11.84845528160194 -33.70918054767512 12
-12.0124908618227 32.20393774631228 12
11.75828284447966 33.79702445944157 12
9.298786234524677 33.4267749554925 12
10.76131727247235 31.51056281900456 12
8.116546280816904 30.9285252665615 12
9.8364608072925 28.68149443306438 12
8.046198488090427 35.5645736698998 12
33.55208872942718 4.095698969993143 12
-33.55208872942701 -4.095698969993151 12
-13.16183647359744 -30.65909507701178 12
-26.05186151728373 -12.56145917419011 12
-24.74241979163254 -15.18191437119947 12
-1.995184946137243 -28.93934102064738 12
0.7767136277057523 -29.01852127625646 12
-26.11109160430143 12.52931690138495 12
-24.74241979163305 15.18191437119496 12
26.09296532655542 -12.51916825760697 12
24.53171877703791 -15.07792116112231 12
-2.098544787249794 28.88152088803847 12
0.8096733950586397 28.78817989435863 12
26.05184652083301 12.56164879687886 12
24.74241979163487 15.18191437118245 12
-23.42437754805708 27.11597142039208 12
-24.42020675924702 24.88468860958318 12
-26.72889374874456 24.70112703887776 12
-23.42437754805678 -27.11597142039692 12
-24.42020675924154 -24.88468860958685 12
-26.72889374873888 -24.70112703887727 12
23.48829411698908 27.09283969607116 12
24.49477608966189 24.85770159787286 12
26.63545814722941 24.66462351537647 12
11.71894037896262 -33.88787924490251 12
9.280013018620121 -33.64194915258869 12
8.042461465479899 -35.39929515462036 12
-35.16731888946388 7.155606667197042 12
35.16731888946383 -7.155606667196997 12
-22.06459383306419 25.14377183431153 12
-22.96693734260397 22.8810267769061 12
-20.07819283446562 23.01573783335539 12
-22.06459383305939 -25.14377183432107 12
-22.96693734259344 -22.88102677691172 12
-20.07819283445473 -23.01573783336861 12
22.07060200237432 25.14159744795229 12
22.98036692588566 22.87616654389651 12
20.08143245989158 23.01456539680406 12
10.73796108046216 -31.68450073484247 12
8.32115790527506 -31.33966481804558 12
9.89048206074574 -28.89831335304395 12
-23.0370050896845 -12.65479611765856 12
-23.05220314159974 12.65706403611395 12
-0.3657604948816151 -26.34468984944169 12
23.03700443907245 12.65480434436328 12
23.05146135903028 -12.65667575167023 12
-0.5647279511141687 26.29148900710792 12
3.755531021374191 -36.2075975989928 12
-29.13409574337827 -21.05845806603559 12
-29.13409574337719 21.05845806603384 12
29.47893382004122 21.35618406870815 12
3.672010548388187 35.75751730349488 12
29.13091308689595 -21.05881306961723 12
-21.42270147722217 20.45199450163736 12
21.42547967867052 20.45098905670888 12
-21.42270147721264 -20.45199450164425 12
6.998336216290847 -28.78050421834709 12
21.27713918317186 -20.04329293744625 12
6.719431267777203 28.44818952118082 12
18.92861358982545 -25.70935769665853 12
16.71832470337351 -23.54372721595966 12
12.8006500854328 29.24733907554367 12
12.03030351716784 26.25035750981996 12
-17.28262106564019 -21.07852708828463 12
17.9005702809198 20.63201718800638 12
8.917565875670235 -25.81835719950553 12
-17.99025121145171 20.78019918222715 12
-36.2043418254058 -13.42752809055838 12
36.1938270794113 -13.44111837395695 12
-36.19382707940896 13.44111837396021 12
-6.454766922816581 38.06598803848426 12
36.20434182540847 13.42752809055519 12
-6.473590476252572 -38.06764379337574 12
-9.632007010310241 -21.21082294618672 12
-8.345402214336858 -25.36312308263301 12
-11.88135370401954 -24.43483991493747 12
-8.719555358012585 21.83456515075038 12
-7.601316061880013 25.36716251971713 12
-11.01579331735978 24.78123045814963 12
-23.40143580405689 3.346099381712385 12
-24.5579697641262 -0.4799653789496432 12
-26.09982710882554 6.286581832202829 12
23.40142044505077 -3.346097140045778 12
24.55796720429187 0.479965752560742 12
26.09982710882557 -6.286581832202852 12
11.96670078898247 -26.41520757370065 12
16.89289041058765 23.57107066961024 12
-32.75194937415465 -10.50026708971468 12
-31.45797445980475 -8.228965404110665 12
-28.74130984710456 -7.886060832559624 12
32.75195726101046 10.50034288099741 12
31.45797731331325 8.228998208576561 12
28.74131128611881 7.88607914683614 12
-7.282406456979302 -33.61533505326156 12
-8.681871357629145 -31.18658063090391 12
-7.318589954549878 33.24606649710319 12
-17.14793317703075 23.64221323987022 12
-12.36068266910552 21.43857562677964 12
14.57525616927883 21.39871327353828 12
11.2442012185404 -23.32189874602446 12
27.18621854555116 -2.693350015641357 12
28.02360572995341 0.9415872423520458 12
29.40694727316226 -5.247662170654552 12
-27.18621854555112 2.69335001564135 12
-28.02360615658916 -0.9415871800850746 12
-29.40694727315899 5.247662170656669 12
-9.884557187018565 27.85381034865575 12
-32.7622332978065 10.47058054580048 12
32.76626284001843 -10.47629825294124 12
8.907379580085347 21.32357270624122 12
14.01306587302155 -18.37580335061452 12
26.77694911101583 21.26454385680945 12
25.82660135969235 19.20511393285485 12
5.027160624372437 -33.82179009439234 12
3.71881586857768 -31.96904983733841 12
-26.74854680311752 21.08089558016614 12
-25.82092089811497 19.16838427753333 12
-26.74854680311407 -21.08089558016746 12
-25.8209208981114 -19.16838427753556 12
-16.8034821642885 -23.75850699667375 12
5.043285168883062 31.40075763130513 12
24.67221122237216 -20.0679918904269 12
-13.02664609909284 27.3582550556171 12
26.10480718017693 3.716394362781461 12
-26.1048075357064 -3.716394310895827 12
-27.7262423877652 -26.89940415729858 12
-9.873161607378826 -37.64794279912152 12
-27.72624238776628 26.89940415729901 12
-37.5406556679584 -10.27356263190391 12
-37.52989059538412 10.29079592429817 12
9.72874337303554 -37.84253843909649 12
27.74357970763501 -26.90735132297912 12
-9.809887521971905 37.60916681281318 12
37.52989059538402 -10.29079592429704 12
37.54065566795794 10.27356263190372 12
27.90822794543377 27.34660812749786 12
9.430659940438684 37.48032048021197 12
-13.31208341537807 -20.92556618432354 12
5.091934170284528 33.82848964846494 12
26.7503643220904 -21.32398917010014 12
-30.66497020887241 -5.353644434607149 12
30.6649708220962 5.35365173728039 12
-10.68247188981107 -28.47594718961055 12
-14.01353506962356 -27.10249630902364 12
2.497949266147137 -26.15830106423009 12
-21.42093132004327 -15.23012341887011 12
-21.40855205175222 15.2313810179699 12
21.40941593304878 15.21853535156923 12
21.3655694472035 -15.2544772244019 12
2.530083648199824 26.13085590722239 12
-9.05193840902648 30.87041247329972 12
-7.312447799029222 -28.64221121469608 12
3.453602224874881 -38.93046311448754 12
-32.46742763977446 22.32807815710182 12
-32.46742763977546 -22.32807815710182 12
3.102969081845796 39.28165621012823 12
31.98796892580382 22.45613881855283 12
32.4674276397759 -22.32807815710038 12
5.797294156093868 -38.21413140706577 12
30.19576150402858 24.12766971592227 12
-5.702502827878491 -26.59748629554696 12
-3.420278502551237 35.49204119494479 12
32.44568856124348 14.7846175652388 12
32.45313325007809 -14.78087443468808 12
-3.418988844276019 -35.49123849557947 12
-32.44884400896721 14.7717826683186 12
-32.44140870851773 -14.77253255647835 12
31.35992228149766 -7.956942249399223 12
-31.35899949279434 7.954971749566496 12
-4.00472272798742 26.33578442532593 12
15.38373275581997 -27.02461839797002 12
15.71213968234077 26.83501257056819 12
-15.16514040116872 18.36620452388386 12
-30.39531710819185 23.0880792357982 12
-30.39531710819296 -23.0880792357981 12
-25.02623692747555 9.543945274436167 12
25.02328861961352 -9.542403092176182 12
4.79666670727393 37.87213889405917 12
30.39990102427517 -23.09010466901692 12
-24.20811863680993 -9.964778165443938 12
24.20811602896718 9.964811140335366 12
-14.93751439935179 30.50039361354692 12
1.143143131621649 -23.43587263156352 12
-19.72448949296331 -12.70792730794578 12
-19.72448949296419 12.70792730793926 12
19.72448949296656 12.70792730792142 12
19.72248680862757 -12.70774902643869 12
1.143990077489866 23.43404911529007 12
-8.290876535848426 -36.35259181469508 12
-35.63438077016273 10.99265496870991 12
-35.62756513468825 -10.9960931441686 12
35.62756626138437 10.99610397149218 12
35.63495641905172 -10.99347178401387 12
-8.276615532599042 36.95149093008597 12
-9.715633021015467 33.33373631258292 12
-6.788531292669438 28.4600729640552 12
-35.36939016386378 17.09617122240005 12
-2.878976495889153 39.17887600947168 12
35.37395030978675 17.10815244693968 12
-35.36939016386189 -17.09617122239922 12
35.36939016386714 -17.09617122239708 12
-2.870880524025056 -39.18881582395338 12
8.521210159386774 25.20249809093648 12
17.56539850590644 -19.98083351446466 12
31.52768822602964 20.42038670241545 12
1.920729526376828 -37.5139722775461 12
30.43439768685632 -2.041999682692146 12
31.37242518168853 1.660761775299485 12
-30.43439775796179 2.041999693071683 12
-31.37242518168851 -1.660761775299423 12
2.177430619475115 31.15653255435002 12
25.89395288283214 -17.46292169112811 12
-29.22754603415724 -25.15469473699527 12
-29.22754603415826 25.15469473699622 12
-28.70167105984177 7.974310767550019 12
-32.75136958604253 5.389370987895208 12
28.70167105985484 -7.974310767548164 12
32.75150140284318 -5.389652486387885 12
26.63067212601257 17.06139199160387 12
-26.63067212601227 17.06139199161342 12
1.460262825645159 -31.59353457679139 12
-26.6306721260124 -17.06139199161692 12
27.2056105302389 10.04423029498868 12
-27.20560879911595 -10.04410455356495 12
-15.66006979704136 -17.97541721005171 12
29.24820128437451 -25.1680258671073 12
7.172049121833988 37.91369826081172 12
-33.82714209855389 -12.90621053244389 12
-6.146474020849891 35.65670453056521 12
33.82786325742926 12.90829475569914 12
-5.735017620694743 -35.75031518155277 12
-33.83663828749788 12.90364951911219 12
33.84101315959769 -12.90906237923504 12
-4.588976354449023 -28.89579088342439 12
-31.36623463105186 -20.7683163264324 12
-31.36623463105144 20.76831632643153 12
2.30299903181652 37.54851479890407 12
31.36646817431976 -20.76871306589736 12
18.56986349733493 -28.84324466890203 12
15.69405086219529 30.50359586796406 12
-27.7621132979961 10.57230824750789 12
27.75498117972026 -10.57814799145719 12
-34.86046144546286 -15.15331343951257 12
34.86297492156641 -15.15744410757783 12
34.86585509331819 15.16765620272247 12
-4.371101036984317 37.75294691171866 12
-4.297351314288872 -37.7786306772867 12
-34.86153090269617 15.15502666983119 12
-23.45309839605356 17.98455709679107 12
-23.45486686294772 -17.98437743977937 12
23.45443018809955 17.98782546021354 12
3.85398714330805 -29.30717872003897 12
13.97307468209312 -21.73194680998399 12
11.83388067009717 22.96701104865932 12
7.977318776582977 -21.80315877035352 12
14.89342998958013 17.81014009978424 12
34.57461574276196 1.559198998268011 12
-34.57461574276191 -1.559198998267801 12
-16.09542595205689 -29.77502110020525 12
19.59446689467207 17.7066075768432 12
-19.54042293867724 17.89680588186665 12
5.538279869452329 -25.82300334546134 12
-19.64825207598103 -17.65355543276422 12
-21.43843291724644 -10.12206857438807 12
-21.67196766174649 9.994828664107212 12
-1.89728349917022 -23.55678153727073 12
21.43843226555627 10.12207681470104 12
21.67077853265748 -9.994399533106558 12
-2.130517653957803 23.74025240869 12
-33.98948408432175 8.696198394301785 12
33.98948408432498 -8.696198394300348 12
-21.08426478297126 27.35526153620854 12
-21.13364161790869 -27.3185970786821 12
21.09851036534107 27.34485964793511 12
13.13208793536197 -31.94427578235221 12
22.90903041132815 3.749667585845087 12
-22.90903089722402 -3.74966751493242 12
-9.573269702615331 -33.74532576268012 12
-34.02886731945407 -8.607576743060278 12
34.02886929729954 8.607596646904639 12
-19.20664194190649 25.74337539422199 12
19.19236928615826 25.73101785318868 12
-19.29553471476473 -25.68937616061362 12
12.68753048301391 -29.48658828720666 12
-25.55527853190123 -6.891985867082704 12
25.55527849202762 6.892011174706615 12
19.84197074092624 -17.58370303688555 12
5.307101473803344 25.97553805663811 12
22.9304270422573 -17.58171799023517 12
3.764500928866197 28.65000892750918 12
20.91856406829439 -27.36977392291597 12
13.24363747896567 31.80089485529831 12
-14.15911840720639 24.18923029243973 12
-28.07904523630596 -22.98325738193817 12
-28.07904523630583 22.98325738193654 12
28.03526089187798 23.09807722986037 12
5.985891213689246 -35.82828674902255 12
7.119702498724218 -33.63644381363865 12
-25.49914667906269 -22.99299727534587 12
25.57016358621946 22.98406513810592 12
-25.49914667907246 22.99299727534742 12
-11.78262939126247 29.75736184748636 12
5.895152272816658 35.75370795813714 12
28.01604323483529 -22.98220560650507 12
11.44153211004761 -20.51066315053306 12
12.0419892818083 20.16398904078236 12
-8.318439240175588 34.97549554063227 12
-32.97118129268484 -6.358610694746532 12
-10.92959817058594 -31.68686146595248 12
32.97118129269391 6.358610694741658 12
7.993479240637827 -37.22336721724318 12
28.23964200421261 25.53423969563919 12
-15.36462517319262 21.68328457304012 12
-16.17347462106573 26.5577105805815 12
7.028781769973596 33.17839494745329 12
25.21894199632638 -22.67630104418178 12
5.839860042758048 -31.47577191696684 12
24.33899847493056 20.79478399809819 12
-24.31885334384032 -20.75994597523071 12
-24.3185585993641 20.75997591806357 12
-4.405038857610807 29.2063295941488 12
14.1963723757454 24.26510743882311 12
13.91601327967739 -24.42697283837191 12
27.97194958768222 5.471752502865979 12
-27.97194925631131 -5.471742307575976 12
-35.1734506556401 5.145908065027562 12
35.17347701900021 -5.14596436472589 12
-28.82755166783355 -3.42882600169269 12
28.82755170031946 3.428829524115872 12
-12.67166202762865 -18.18995391286302 12
-11.3562605501217 34.20183899772876 12
-14.43979803421338 -23.50354106610034 12
-2.841226831338598 -26.69891606348158 12
-16.59767541874703 -26.39852944765943 12
2 36 0 23
2005
2006
2007
2008
2009
2010
2011
2012
2013
2014
2015
2016
2017
2018
2019
2020
2021
2022
2023
2024
2025
2026
2027
42.88050171358038 -55.04711070585973 5.999999999999993
30.18673068085693 -33.0608543375478 5.999999999999991
33.428367966021 -38.67553481515876 8.414368195636218
37.56869894095121 -45.84679842388543 8.414368195636218
35.4985334534861 -42.26116661952209 3.585631804363783
39.6388644284163 -49.43243022824876 3.585631804363784
37.56869894095121 -45.84679842388543 3.585631804363783
35.4985334534861 -42.2611666195221 8.414368195636213
33.428367966021 -38.67553481515876 3.585631804363783
39.6388644284163 -49.43243022824876 8.414368195636216
41.63899078994356 -52.89675070797009 3.187953384541779
41.63899078994356 -52.89675070797009 8.812046615458215
31.42824160449375 -35.21121433543743 8.812046615458215
31.42824160449375 -35.21121433543743 3.187953384541778
29.7242949726584 -32.25989219571424 9.096873782928254
43.34293742177891 -55.84807284769329 9.096873782928256
43.34293742177891 -55.84807284769329 2.90312621707173
29.72429497265839 -32.25989219571423 2.903126217071729
38.60378168468376 -47.6396143260671 6.000000000000004
36.53361619721866 -44.05398252170377 5.999999999999999
34.46345070975355 -40.46835071734043 5.999999999999998
40.66914848820549 -51.21693456603106 5.999999999999998
32.39390008860666 -36.8837838926801 5.999999999999997
2 37 0 42
2028
2029
2030
2031
2032
2033
2034
2035
2036
2037
2038
2039
2040
2041
2042
2043
2044
2045
2046
2047
2048
2049
2050
2051
2052
2053
2054
2055
2056
2057
2058
2059
2060
2061
2062
2063
2064
2065
2066
2067
2068
2069
37.36880901354367 -61.8556223090368 0
26.0117549541323 -57.63725311552685 0
22.01050059816209 -38.50798984796253 0
32.27162273549568 -44.35114721691274 0
36.53361619722023 -51.22524613043132 0
21.9205797572209 -49.78906735708144 0
32.23233166219575 -64.93776041514288 0
28.83904101926172 -36.80341635069622 0
17.61968439539533 -43.12427808771329 0
41.45025922994945 -57.94830576361234 0
38.92801346617955 -54.99194625756446 0
34.78662187832663 -54.98554973583013 0
32.50438568429266 -51.66700592001884 0
30.83628956882388 -55.30245498759281 0
28.52333028636764 -52.04075183604819 0
33.19617445062943 -58.16305876291851 0
30.26112664918634 -48.26333450309424 0
29.59628974115644 -66.30017532390883 0
26.14517494154184 -48.75076580677781 0
27.96416253850741 -44.08410309822847 0
23.82388890306952 -45.49361733426753 0
24.64763342945535 -41.06650253328154 0
24.62166399078651 -53.43739761190527 0
27.97607928730682 -61.01225067052147 0
34.45135819134954 -47.86672176970466 0
30.57793721030599 -40.37839792219247 0
19.80175096069332 -46.38770406978671 0
37.22808184586862 -58.44516768118778 0
21.16710939909771 -42.39560309263351 0
34.78323996668449 -63.38928967876691 0
40.11011530812836 -60.47345959899279 0
29.54412625764895 -63.642481842294 0
31.82037423211602 -61.53929640905648 0
42.78621429193822 -59.70528712007376 0
25.04894188916591 -36.50516357976259 0
18.43472328920566 -39.90222673925577 0
34.89247192076385 -60.68070726876398 0
29.72893600596193 -58.15625330780944 0
27.91933992945969 -55.0273995630742 0
27.55136660108992 -33.89489093146815 0
15.59012728769628 -40.81176906037024 0
27.49214054848619 -39.71230774568516 0
2 38 0 23
2070
2071
2072
2073
2074
2075
2076
2077
2078
2079
2080
2081
2082
2083
2084
2085
2086
2087
2088
2089
2090
2091
2092
26.23194541943626 -64.65915916390645 5.999999999999989
13.53817438670921 -42.67290279558828 5.999999999999991
16.77981167187435 -48.2875832732011 8.414368195635276
20.92014264680564 -55.45884688192965 8.414368195635276
18.84997715933999 -51.87321507756538 3.585631804364722
22.99030813427128 -59.04447868629391 3.585631804364724
20.92014264680564 -55.45884688192965 3.585631804364723
18.84997715933999 -51.87321507756538 8.414368195635278
16.77981167187435 -48.2875832732011 3.585631804364723
22.99030813427128 -59.04447868629391 8.414368195635291
24.99043449579908 -62.50879916601619 3.187953384542095
24.99043449579908 -62.50879916601618 8.812046615457895
14.77968531034648 -44.8232627934787 8.812046615457877
14.77968531034648 -44.82326279347871 3.187953384542116
13.07573867851023 -41.87194065375396 9.096873782928547
13.07573867851023 -41.87194065375395 2.903126217071434
26.69438112763519 -65.4601213057407 9.096873782928458
26.69438112763519 -65.4601213057407 2.903126217071528
21.95522539053846 -57.25166278411178 6
19.88505990307281 -53.6660309797475 6.000000000000001
17.81489441560717 -50.08039917538323 6.000000000000004
24.01394443719277 -60.817468771425 5.99999999999999
15.74952761208485 -46.50307893541826 5.999999999999998
2 39 0 23
2093
2094
2095
2096
2097
2098
2099
2100
2101
2102
2103
2104
2105
2106
2107
2108
2109
2110
2111
2112
2113
2114
2115
-13.53817438670449 -42.6729027955905 5.999999999999993
-26.23194541943039 -64.65915916390666 5.999999999999994
-16.7798116718692 -48.28758327320258 3.585631804364433
-20.92014264680017 -55.45884688193055 8.414368195635552
-22.99030813426566 -59.04447868629456 3.585631804364457
-16.7798116718692 -48.28758327320257 8.414368195635568
-20.92014264680017 -55.45884688193055 3.585631804364449
-18.85003689012054 -51.87331853432244 3.58556283319386
-18.84997715933468 -51.87321507756657 8.414368195635546
-22.99030813426566 -59.04447868629456 8.414368195635543
-24.9904344957933 -62.50879916601657 3.18795338454201
-24.9904344957933 -62.50879916601657 8.812046615457984
-14.77968531034157 -44.82326279348059 8.812046615457994
-14.77968531034157 -44.82326279348059 3.187953384542002
-13.07573867850569 -41.87194065375648 9.096873782928393
-26.69438112762921 -65.46012130574071 9.096873782928402
-13.07573867850568 -41.87194065375648 2.903126217071586
-26.69438112762921 -65.46012130574073 2.903126217071585
-21.95522539053291 -57.25166278411255 5.999999999999996
-19.88507400957823 -53.66605541294199 5.999986847760403
-17.814944389709 -50.08048573307705 5.999914300832914
-24.01760375289421 -60.82380689215122 5.999999999999996
-15.75998715614273 -46.52119539716089 6.000000000000004
2 40 0 42
2116
2117
2118
2119
2120
2121
2122
2123
2124
2125
2126
2127
2128
2129
2130
2131
2132
2133
2134
2135
2136
2137
2138
2139
2140
2141
2142
2143
2144
2145
2146
2147
2148
2149
2150
2151
2152
2153
2154
2155
2156
2157
-37.36880901354232 -61.85562230903742 0
-26.00187342959574 -57.6430235450664 0
-22.01050059815768 -38.50798984796424 0
-32.27162273549082 -44.35114721691213 0
-36.53361619721562 -51.2252461304308 0
-21.93047850959156 -49.87779265329353 0
-32.23233166219524 -64.93776041514187 0
-28.83904101925687 -36.80341635069549 0
-17.61968439539037 -43.12427808771498 0
-41.45025922994521 -57.94830576361233 0
-38.92801346617537 -54.99194625756432 0
-34.78662187832235 -54.98554973582986 0
-32.50438568428812 -51.66700592001882 0
-30.83628956881979 -55.30245498759284 0
-28.52333028636335 -52.04075183604862 0
-33.19560768950601 -58.16345131129491 0
-30.26112664918165 -48.26333450309433 0
-29.59628974115434 -66.30017532390829 0
-26.1451749415372 -48.75076580677865 0
-27.96416253850229 -44.08410309822851 0
-23.79025613021206 -45.4635905151594 0
-24.64202796730808 -41.06149806343088 0
-24.62166645190214 -53.45089700129893 0
-27.95852992011667 -61.0039987932666 0
-34.45135819134492 -47.86672176970418 0
-30.57793721030087 -40.37839792219162 0
-19.80072126731071 -46.39025068565606 0
-37.22800087999153 -58.44522375952761 0
-21.16039807769757 -42.39018898045283 0
-34.78323996668446 -63.38928967876689 0
-40.04317986034658 -60.47752345688575 0
-29.54061638420983 -63.64083146684292 0
-31.82037423211903 -61.53929640905726 0
-42.93190156363399 -59.60953546481463 0
-24.91260595956772 -36.4371540946688 0
-18.43360473563577 -39.90132438722684 0
-34.89237938833527 -60.68077135829483 0
-29.72463136155616 -58.15667756939103 0
-27.92183302224074 -55.06929425529614 0
-27.53991181610517 -33.94401339400853 0
-15.59004576046401 -40.8117032912732 0
-27.48179496599241 -39.70698602885177 0
2 41 0 23
2158
2159
2160
2161
2162
2163
2164
2165
2166
2167
2168
2169
2170
2171
2172
2173
2174
2175
2176
2177
2178
2179
2180
-42.88050171357625 -55.04711070585951 5.999999999999989
-30.18673068085181 -33.06085433754586 5.999999999999991
-39.63886442841193 -49.43243022824809 3.585631804364047
-35.49853345348141 -42.2611666195209 3.585631804364052
-37.56869894094667 -45.84679842388449 8.414368195635953
-33.42836796601615 -38.67553481515729 8.414368195635941
-35.49826555360778 -42.26070260332843 8.414677539764245
-39.63886442841192 -49.43243022824809 8.414368195635953
-37.56869894094667 -45.84679842388449 3.585631804364045
-33.42836796601615 -38.67553481515729 3.58563180436406
-31.42824160448874 -35.21121433543568 8.812046615458121
-31.42824160448874 -35.21121433543568 3.187953384541873
-41.63899078993934 -52.89675070796969 8.812046615458119
-41.63899078993934 -52.89675070796969 3.187953384541868
-43.34293742177491 -55.84807284769326 9.096873782928302
-29.72429497265316 -32.2598921957121 9.096873782928313
-43.34293742177491 -55.84807284769327 2.903126217071681
-29.72429497265316 -32.2598921957121 2.903126217071668
-34.46340697182007 -40.46827496102434 6.000000000000004
-36.53343689403757 -44.05367195949109 6.000297717094441
-38.6037816846793 -47.63961432606629 6.000000000000007
-32.39389279894694 -36.88377126662603 5.999999999999998
-40.66402544621121 -51.20806119701458 5.999999999999992
2 42 0 23
2181
2182
2183
2184
2185
2186
2187
2188
2189
2190
2191
2192
2193
2194
2195
2196
2197
2198
2199
2200
2201
2202
2203
-69.11244713300299 -9.612048458045997 5.999999999999994
-43.72490506755702 -9.612048458046001 5.999999999999991
-62.62917256267501 -9.612048458045997 3.585631804364961
-50.20817963788502 -9.612048458045999 3.585631804364967
-58.48884158774501 -9.612048458045999 8.414368195635035
-50.20817963788502 -9.612048458045999 8.414368195635033
-58.48884158774501 -9.612048458045999 3.585631804364964
-54.34851061281502 -9.612048458045999 3.585631804364966
-54.34851061281502 -9.612048458045999 8.414368195635031
-62.62917256267501 -9.612048458045997 8.414368195635038
-66.62942528572937 -9.612048458045997 8.812046615457811
-46.20792691483064 -9.612048458045999 8.812046615457811
-66.62942528572935 -9.612048458045997 3.187953384542183
-46.20792691483065 -9.612048458045999 3.187953384542182
-70.03731854940068 -9.612048458045997 9.096873782928506
-42.80003365115932 -9.612048458046001 9.09687378292851
-70.03731854940069 -9.612048458045997 2.903126217071481
-42.80003365115932 -9.612048458046001 2.903126217071472
-60.55900707521002 -9.612048458045997 5.999999999999997
-52.27834512535001 -9.612048458045999 5.999999999999996
-56.41867610028002 -9.612048458045999 5.999999999999998
-64.67644516851732 -9.612048458045997 6.000000000000003
-48.16090703204269 -9.612048458045999 5.999999999999997
2 43 0 45
2204
2205
2206
2207
2208
2209
2210
2211
2212
2213
2214
2215
2216
2217
2218
2219
2220
2221
2222
2223
2224
2225
2226
2227
2228
2229
2230
2231
2232
2233
2234
2235
2236
2237
2238
2239
2240
2241
2242
2243
2244
2245
2246
2247
2248
-71.87019243725516 -1.896128224437454 0
-62.54580032680991 6.254794831460066 0
-44.25264532888054 0.1988063025371609 0
-54.35677611666061 6.022774031147627 0
-58.6608423475892 -6.310302164032418 0
-50.37721193384803 -6.539113366258487 0
-72.45911151977586 4.606786086498661 0
-67.19814762127989 -6.027938847651431 0
-46.32224646928339 6.265184151792445 0
-70.90983451253501 -6.922824604772273 0
-44.69813442044657 -5.703603709345758 0
-72.95070608839549 7.177763100003373 0
-62.85781069205939 -6.211281042737699 0
-64.87990183190558 -2.775971084079384 0
-68.38417578180841 -2.478486115182481 0
-66.63895969172114 0.3261456547402268 0
-62.70670660489101 0.1345575936413272 0
-58.39284767193656 6.136437570222494 0
-56.35860299573692 2.545423206953723 0
-52.34459642348433 2.416500273171217 0
-54.45872787862594 -1.0004390594539 0
-50.40768238031443 -0.6653171635247102 0
-58.56927310906419 -0.3346865942552117 0
-47.83448444623355 2.417077620695676 0
-66.72184196444834 6.371431587417888 0
-50.21789206685352 5.930788028817884 0
-54.42896250523437 -6.540040275443101 0
-70.56073070615875 6.673267358787772 0
-72.54720544298075 -4.99803162472371 0
-72.25426740792841 1.376652566502059 0
-69.03107174139154 3.233858246221306 0
-73.12352163649011 -7.300981472273545 0
-60.54542812642976 3.021453273436192 0
-64.6990682040191 3.348334700621465 0
-60.70581483074972 -3.165519947015792 0
-43.87361066174044 3.906030353820019 0
-69.63573341202093 0.1124084255687325 0
-56.56035439898895 -3.495436390631394 0
-52.33989928006376 -3.624972252286756 0
-47.92011868253417 -3.662502602877408 0
-47.28259532930162 -0.5381619403554208 0
-43.8409162955403 -2.821583468349097 0
-43.10551716505188 6.928772849730616 0
-47.21596350923404 -6.916895107393046 0
-70.18191115917185 -4.464681883353471 0
2 44 0 23
2249
2250
2251
2252
2253
2254
2255
2256
2257
2258
2259
2260
2261
2262
2263
2264
2265
2266
2267
2268
2269
2270
2271
-69.11244713300299 9.612048458046004 5.999999999999994
-43.72490506755702 9.612048458046001 5.999999999999991
-62.62917256267501 9.612048458046004 3.585631804364961
-50.20817963788502 9.612048458046003 3.585631804364967
-58.48884158774501 9.612048458046003 8.414368195635035
-50.20817963788502 9.612048458046003 8.414368195635033
-58.48884158774501 9.612048458046003 3.585631804364964
-54.34851061281502 9.612048458046003 3.585631804364966
-54.34851061281502 9.612048458046003 8.414368195635031
-62.62917256267501 9.612048458046004 8.414368195635038
-66.62942528572937 9.612048458046004 8.812046615457811
-46.20792691483064 9.612048458046003 8.812046615457811
-66.62942528572935 9.612048458046004 3.187953384542183
-46.20792691483065 9.612048458046003 3.187953384542182
-70.03731854940068 9.612048458046004 9.096873782928506
-42.80003365115932 9.612048458046001 9.09687378292851
-70.03731854940069 9.612048458046004 2.903126217071481
-42.80003365115932 9.612048458046001 2.903126217071472
-60.55900707521002 9.612048458046004 5.999999999999997
-52.27834512535001 9.612048458046003 5.999999999999996
-56.41867610028002 9.612048458046003 5.999999999999998
-64.67644516851732 9.612048458046004 6.000000000000003
-48.16090703204269 9.612048458046003 5.999999999999997
2 45 0 23
2272
2273
2274
2275
2276
2277
2278
2279
2280
2281
2282
2283
2284
2285
2286
2287
2288
2289
2290
2291
2292
2293
2294
-30.1867306808528 33.06085433754857 5.999999999999993
-42.88050171357828 55.04711070586401 5.999999999999997
-33.4283679660174 38.67553481516045 3.585631804364325
-37.56869894094823 45.8467984238882 3.585631804364334
-35.49853345348281 42.26116661952432 8.414368195635674
-39.63886442841367 49.43243022825211 8.414368195635657
-37.56896684082187 45.84726244008069 8.414677539763957
-35.49853345348281 42.26116661952432 3.58563180436433
-39.63886442841365 49.43243022825209 3.585631804364344
-33.4283679660174 38.67553481516045 8.414368195635676
-41.63899078994125 52.89675070797399 8.812046615458035
-41.63899078994124 52.89675070797399 3.187953384541971
-31.42824160448983 35.21121433543858 8.812046615458032
-31.42824160448983 35.21121433543858 3.187953384541964
-29.72429497265405 32.25989219571463 9.096873782928368
-43.34293742177704 55.84807284769797 9.096873782928384
-29.72429497265404 32.25989219571463 2.903126217071613
-43.34293742177705 55.84807284769798 2.903126217071601
-38.60382542260966 47.6396900823849 6.000000000000014
-36.533795500392 44.05429308391787 6.000297717094446
-34.46345070975011 40.46835071734239 6.000000000000001
-40.67333959548296 51.22419377678352 6.000000000000002
-32.39808390622805 36.89103047737787 6
2 46 0 45
2295
2296
2297
2298
2299
2300
2301
2302
2303
2304
2305
2306
2307
2308
2309
2310
2311
2312
2313
2314
2315
2316
2317
2318
2319
2320
2321
2322
2323
2324
2325
2326
2327
2328
2329
2330
2331
2332
2333
2334
2335
2336
2337
2338
2339
-37.577267518254 61.29156975105718 0
-25.85854554647657 57.2803067676921 0
-21.95373899182766 38.42438531140602 0
-21.96563397999169 50.0884603334755 0
-34.79666163623931 47.6462328104791 0
-30.85331743686783 40.36213758290991 0
-32.32948768032076 64.9217498085093 0
-38.82100301148503 55.17965250174826 0
-17.73616086702577 43.25127559005419 0
-41.45025922994709 57.94830576361703 0
-27.28707978262928 35.85900519380296 0
-29.61248241084005 66.29750688947033 0
-36.80929560895322 51.3287521996027 0
-34.84693714734586 54.79251766210802 0
-36.34026046756997 57.97838774720482 0
-33.04212550693864 57.85694967563634 0
-31.24164164694061 54.35536810569739 0
-23.88369978965888 53.63651608404582 0
-25.97358687541436 50.08145423539764 0
-24.08063186954071 46.54494779483573 0
-28.0908544839922 46.66555844074063 0
-25.77811351375875 43.32762962798662 0
-29.57384051074482 50.55144835644968 0
-21.82350758213576 42.63783111521863 0
-27.8775871185875 60.89674169683164 0
-19.97549411415161 46.4602350998038 0
-32.87928411531215 43.86808126946234 0
-34.94993015772742 63.23907584064138 0
-32.0604225960596 61.34627060419908 0
-40.60202042366455 60.3284003382432 0
-29.59510723425393 63.57703907837083 0
-42.88459531504175 59.67627526792781 0
-27.6590091393351 53.92502324102819 0
-29.52502692542212 57.62722146744482 0
-33.09565657081111 50.98395247526263 0
-18.55407546392563 39.94983023731886 0
-34.9129732820949 60.40056553456925 0
-31.30556287464283 47.2293957172389 0
-29.30706669521254 43.51751676137107 0
-27.12756640717141 39.67267601686828 0
-24.10089753637335 40.68254078882279 0
-24.36347269437172 36.55697783102227 0
-15.55235077910175 40.79522616806724 0
-29.5977709608818 37.43266644057944 0
-38.95816213018413 58.5452632203741 0
2 47 0 23
2340
2341
2342
2343
2344
2345
2346
2347
2348
2349
2350
2351
2352
2353
2354
2355
2356
2357
2358
2359
2360
2361
2362
-26.23194541942814 64.65915916390978 5.999999999999991
-13.53817438670501 42.67290279559839 5.999999999999991
-16.8565629364539 48.42052036301537 3.651805497004773
-22.91355686967925 58.91154159649281 3.651805497004778
-20.85211486933098 55.341019315035 8.492919906903452
-16.86752740282317 48.43951137584482 7.98743324017408
-18.92128626238318 51.99672606709567 8.43485603287094
-19.88545053706432 53.66670757768534 5.226774822027
-22.89287414938596 58.87571807410611 7.998654913212249
-14.81132544819555 44.87806511980914 8.624314041006743
-24.95837273439862 62.45326656630785 8.624800889934196
-14.78882236564952 44.83908863751252 3.195831205094259
-24.98129744048364 62.49297332199566 3.195831205094258
-18.2609894941256 50.85305851640057 5.470714123435914
-21.50832236052934 56.47760403009729 5.480612058731734
-13.0757386785065 41.8719406537649 9.096873782928235
-26.69438112762666 65.4601213057433 9.096873782928247
-26.69438112762666 65.46012130574331 2.903126217071733
-13.0757386785065 41.87194065376489 2.903126217071747
-24.20680442176834 61.15151206347406 5.946029847474031
-15.56228070299103 46.17875777532509 5.94483510033468
-20.87564743756531 55.38177891884941 2.59718328472065
-18.89068649333685 51.94372571240757 2.613616056421431
2 48 0 23
2363
2364
2365
2366
2367
2368
2369
2370
2371
2372
2373
2374
2375
2376
2377
2378
2379
2380
2381
2382
2383
2384
2385
26.23194541943402 64.65915916390958 5.999999999999991
13.53817438670973 42.67290279559617 5.99999999999999
20.92014264680456 55.45884688193478 3.58563180436397
16.77981167187415 48.28758327320774 3.58563180436397
22.99030813426977 59.0444786862983 8.41436819563603
18.84997715933935 51.87321507757126 8.41436819563603
20.92041054667819 55.45931089812724 8.414677539764343
22.99030813426977 59.0444786862983 3.585631804363969
18.84997715933935 51.87321507757126 3.585631804363971
16.77981167187415 48.28758327320774 8.41436819563603
24.99043449579714 62.50879916601981 8.812046615458156
24.99043449579713 62.5087991660198 3.187953384541838
14.77968531034671 44.82326279348609 8.812046615458133
14.77968531034671 44.8232627934861 3.18795338454186
13.07573867851105 41.87194065376238 9.096873782928387
13.07573867851105 41.87194065376237 2.903126217071594
26.69438112763264 65.46012130574329 9.0968737829283
26.69438112763264 65.46012130574329 2.903126217071685
21.95526912846587 57.25173854043128 5.999999999999998
19.88523920624844 53.66634154196463 6.000297717094444
17.81489441560675 50.0803991753895 5.999999999999999
24.01013264999613 60.81086656233978 5.999999999999999
15.75465065407486 46.51195230444126 5.999999999999998
2 49 0 45
2386
2387
2388
2389
2390
2391
2392
2393
2394
2395
2396
2397
2398
2399
2400
2401
2402
2403
2404
2405
2406
2407
2408
2409
2410
2411
2412
2413
2414
2415
2416
2417
2418
2419
2420
2421
2422
2423
2424
2425
2426
2427
2428
2429
2430
37.57726751825564 61.29156975105573 0
25.85104567033052 57.25479930182972 0
22.00612421283381 38.4122088090523 0
21.95574837102477 50.08957428257578 0
34.79039766561436 47.62083271060034 0
30.69697280889204 40.39493358197058 0
32.32948768032156 64.92174980851071 0
38.82100301148937 55.17965250174812 0
17.70290453297696 43.26250511862169 0
41.44158660742104 57.74140474857106 0
27.29074929826593 35.85625990341664 0
29.61248241084283 66.29750688947136 0
36.80391077053155 51.3219946815539 0
34.84169883095793 54.78886724103101 0
36.33938741484087 57.97777934369098 0
33.04139796299805 57.85644267270909 0
31.23766626041251 54.33406570113875 0
27.87633713923231 60.89249045252213 0
23.88039742439848 53.61372240456454 0
25.95291187051193 50.03297637178199 0
24.02543506420438 46.51577181077924 0
28.03952234598442 46.5913541436996 0
25.73801159564532 43.3176450746259 0
29.55672767246997 50.4926770066595 0
21.79931863862434 42.64636672227671 0
19.91609789003097 46.51267993090615 0
32.84039822685889 43.85215487441478 0
34.94993015772764 63.23907584064095 0
32.06027846170843 61.34592379317633 0
40.45534950199727 60.34368812446674 0
29.59482841151455 63.57611946730482 0
42.85352660620569 59.63795262216209 0
27.65024822748394 53.8955477804769 0
33.08740421846391 50.94176291122704 0
29.52312574921939 57.62030051597974 0
18.55323212116826 39.95109500953021 0
34.91279524831697 60.40041632870445 0
31.26306299971105 47.1635785391815 0
29.25526388366039 43.49303961530866 0
27.18544045374428 39.67928069902625 0
24.10745906687205 40.7102296291585 0
24.36870013058569 36.55781826772027 0
15.54887122024725 40.79650109671712 0
29.59112829915588 37.50020165127996 0
38.94755784924716 58.42139378102722 0
2 50 0 23
2431
2432
2433
2434
2435
2436
2437
2438
2439
2440
2441
2442
2443
2444
2445
2446
2447
2448
2449
2450
2451
2452
2453
42.88050171358242 55.04711070586426 5.999999999999991
30.18673068085793 33.06085433755053 5.999999999999991
39.63886442841807 49.43243022825281 8.414368195635941
35.49853345348755 42.2611666195256 3.585631804364064
33.42836796602229 38.67553481516198 8.41436819563593
39.63886442841807 49.43243022825281 3.585631804364058
35.49853345348755 42.2611666195256 8.414368195635936
37.56863921016695 45.84669496713332 8.414437166806515
33.42836796602229 38.67553481516198 3.585631804364069
37.56869894095282 45.84679842388923 3.585631804364045
31.42824160449486 35.21121433544036 8.812046615458115
31.42824160449486 35.21121433544037 3.187953384541877
41.63899078994549 52.89675070797442 8.812046615458122
41.63899078994549 52.89675070797442 3.187953384541871
43.34293742178106 55.84807284769801 9.096873782928318
29.72429497265928 32.25989219571677 9.096873782928313
43.34293742178107 55.84807284769801 2.903126217071663
29.72429497265928 32.25989219571677 2.903126217071668
34.46345070975492 40.4683507173438 5.999999999999999
36.53360209070938 44.05395808851397 6.000013152239595
38.60373171057838 47.63952776837852 6.000085699167085
32.39808390623301 36.89103047737954 5.999999999999998
40.65868894414446 51.19881810429434 5.999999999999994
2 51 0 6
2454
2455
2456
2457
2458
2459
38.68861526540104 8.363797707430811 12
38.68861526540104 -8.363797707430809 12
38.81039273787528 -5.890813994320659 12
38.81039273787528 5.890813994320654 12
39.00000000000001 1.53897552540101 12
39 -1.538975525401018 12
2 52 0 4
2460
2461
2462
2463
26.45983651124224 -29.43406185750731 12
12.26072704954511 -37.63192152746711 12
13.55116862010531 -36.60546775664103 12
24.92568068461231 -30.0383901542952 12
2 53 0 4
2464
2465
2466
2467
-26.45983651123888 -29.43406185750852 12
-12.26072704954181 -37.63192152746923 12
-13.55116862010399 -36.60546775664733 12
-24.92568068461432 -30.0383901543008 12
2 54 0 4
2468
2469
2470
2471
-38.72056356078579 8.197859669966448 12
-38.72056356078579 -8.197859669966444 12
-38.47684930472287 6.567077602350988 12
-38.47684930472287 -6.567077602350984 12
2 55 0 3
2472
2473
2474
-26.04511997994569 29.61115059852456 12
-12.26072704954147 37.63192152747396 12
-13.55116862010322 36.60546775664671 12
2 56 0 4
2475
2476
2477
2478
26.45983651124225 29.43406185750941 12
12.26072704954529 37.6319215274742 12
13.55116862010726 36.60546775664966 12
24.92568068461546 30.03839015430204 12
2 57 0 3
2479
2480
2481
45.06925623935705 -59.16909788556231 1.999999999999944
45.06925623935702 -59.16909788556207 9.999999999999988
45.06918770722731 -59.16849987730142 5.97068404474816
2 58 0 42
2482
2483
2484
2485
2486
2487
2488
2489
2490
2491
2492
2493
2494
2495
2496
2497
2498
2499
2500
2501
2502
2503
2504
2505
2506
2507
2508
2509
2510
2511
2512
2513
2514
2515
2516
2517
2518
2519
2520
2521
2522
2523
37.36880901354365 -61.8556223090368 12
26.0117549541323 -57.63725311552685 12
22.01050059816207 -38.50798984796253 12
32.27162273549567 -44.35114721691274 12
36.53361619722023 -51.22524613043132 12
21.92057975722089 -49.78906735708144 12
32.23233166219575 -64.93776041514288 12
28.83904101926171 -36.80341635069622 12
17.61968439539532 -43.12427808771329 12
41.45025922994945 -57.94830576361234 12
38.92801346617955 -54.99194625756446 12
34.78662187832663 -54.98554973583013 12
32.50438568429266 -51.66700592001884 12
30.83628956882388 -55.30245498759281 12
28.52333028636764 -52.04075183604819 12
33.19617445062943 -58.16305876291851 12
30.26112664918633 -48.26333450309424 12
29.59628974115645 -66.30017532390883 12
26.14517494154183 -48.75076580677781 12
27.9641625385074 -44.08410309822849 12
23.8238889030695 -45.49361733426753 12
24.64763342945533 -41.06650253328155 12
24.6216639907865 -53.43739761190527 12
27.97607928730683 -61.01225067052147 12
34.45135819134956 -47.86672176970466 12
30.57793721030598 -40.37839792219248 12
19.8017509606933 -46.38770406978671 12
37.22808184586862 -58.44516768118778 12
21.16710939909769 -42.39560309263351 12
34.7832399666845 -63.38928967876691 12
40.1101153081284 -60.4734595989924 12
29.54412625764897 -63.64248184229399 12
31.82037423211606 -61.53929640905649 12
42.78621429193777 -59.70528712007294 12
25.04894188916591 -36.50516357976259 12
18.43472328920565 -39.90222673925577 12
34.89247192076385 -60.68070726876398 12
29.72893600596193 -58.15625330780944 12
27.91933992945969 -55.0273995630742 12
27.55136660108968 -33.89489093146802 12
15.59012728769606 -40.81176906036969 12
27.49214054848617 -39.71230774568517 12
2 59 0 8
2524
2525
2526
2527
2528
2529
2530
2531
41.31727748114292 -62.56902573595214 2.597859592592493
41.31727748114292 -62.56902573595214 9.402140407407506
42.4850008756796 -61.78207750305508 5.999999999999984
39.73199279387703 -63.58749207688022 5.999999999999983
39.10970599394262 -63.97211343286519 9.876203375973642
39.10970599394324 -63.9721134328648 2.123796624026343
43.46394139750192 -61.09735017326463 9.872729249773609
43.46394139750295 -61.09735017326389 2.127270750219904
2 60 0 8
2532
2533
2534
2535
2536
2537
2538
2539
33.52772703681127 -67.06632478185364 9.402140407407135
33.52772703681127 -67.06632478185364 2.597859592592865
34.78128074996464 -66.4248666494118 5.999999999999983
31.83189356550631 -67.88763475062508 5.999999999999984
31.16802814724082 -68.19497357879688 9.876203375973123
35.83516958189769 -65.86228830701705 9.872729249780665
31.16799709837953 -68.19498776944978 2.123751247540501
35.83516958189757 -65.86228830701711 2.127270750219513
2 61 0 3
2540
2541
2542
28.70731376823198 -68.61566977573661 2.000000000000085
28.70634662754321 -68.61495292080913 9.999999999999952
28.70683014395126 -68.61531142104084 5.970684044748141
2 62 0 3
2543
2544
2545
-28.70731376822784 -68.61566977573649 1.999999999999998
-28.70683014394727 -68.61531142104086 10.02931595525183
-28.70683014394727 -68.61531142104086 5.970684044748143
2 63 0 42
2546
2547
2548
2549
2550
2551
2552
2553
2554
2555
2556
2557
2558
2559
2560
2561
2562
2563
2564
2565
2566
2567
2568
2569
2570
2571
2572
2573
2574
2575
2576
2577
2578
2579
2580
2581
2582
2583
2584
2585
2586
2587
-37.36880901354232 -61.85562230903742 12
-26.00187342959574 -57.6430235450664 12
-22.01050059815768 -38.50798984796424 12
-32.27162273549082 -44.35114721691213 12
-36.53361619721562 -51.2252461304308 12
-21.93047850959156 -49.87779265329353 12
-32.07586262570172 -65.06281891436467 12
-28.83904101925687 -36.80341635069549 12
-17.61968439539037 -43.12427808771498 12
-41.45025922994521 -57.94830576361233 12
-38.92801346617537 -54.99194625756432 12
-34.78662187832235 -54.98554973582986 12
-32.50438568428812 -51.66700592001882 12
-30.83628956881979 -55.30245498759284 12
-28.52333028636335 -52.04075183604862 12
-33.12866435415333 -58.15543526400162 12
-30.26112664918165 -48.26333450309433 12
-30.22640798655329 -66.76764515843124 12
-26.1451749415372 -48.75076580677865 12
-27.96416253850229 -44.08410309822851 12
-23.79025613021206 -45.4635905151594 12
-24.64202796730808 -41.06149806343088 12
-24.62166645190214 -53.45089700129893 12
-27.79878639179116 -61.1314116330669 12
-34.45135819134492 -47.86672176970418 12
-30.57793721030087 -40.37839792219162 12
-19.80072126731071 -46.39025068565606 12
-37.21843754636971 -58.44407860991428 12
-21.16039807769757 -42.39018898045283 12
-29.2968415737404 -64.48076007020089 12
-34.69021845858286 -63.40211671467739 12
-40.04276495797856 -60.47747377491238 12
-31.70008040402491 -61.6037343221527 12
-42.93184229186713 -59.60952836738986 12
-24.91260595956772 -36.4371540946688 12
-18.43360473563577 -39.90132438722684 12
-34.82124195533463 -60.69219744395669 12
-29.56270280850196 -58.12705185932077 12
-27.91003064956915 -55.06713494698198 12
-27.53991181610496 -33.94401339400795 12
-15.59004576046351 -40.81170329127279 12
-27.48179496599241 -39.70698602885177 12
2 64 0 8
2588
2589
2590
2591
2592
2593
2594
2595
-33.52772703681004 -67.06632478185425 2.597859592593668
-33.52772703681004 -67.06632478185425 9.402140407406332
-34.78128074995624 -66.4248666494162 5.999999999999983
-31.83189356548402 -67.88763475063554 5.999999999999984
-35.83514013215228 -65.86230433039076 9.872683998888391
-35.83516958189613 -65.86228830701789 2.127270750226623
-31.16799709837538 -68.19498776945167 9.876248752468181
-31.16799709837526 -68.19498776945174 2.123751247531477
2 65 0 8
2596
2597
2598
2599
2600
2601
2602
2603
-41.31727748114033 -62.56902573595384 2.597859592590641
-41.31727748114033 -62.56902573595384 9.402140407409359
-40.13498158640301 -63.33390603033332 5.999999999999983
-42.87646951414723 -61.51104585358961 5.999999999999984
-43.47456545603734 -61.08979095076955 9.876203375974036
-43.47459326992596 -61.08977115699901 2.123751247526684
-39.12083003430615 -63.9653113603532 9.872729249789897
-39.12083003430917 -63.96531136035136 2.127270750218957
2 66 0 3
2604
2605
2606
-45.06911899511752 -59.16790188969402 1.999999999999934
-45.0691189951175 -59.16790188969379 10.0000000000001
-45.06918770722131 -59.16849987730138 5.970684044748161
2 67 0 3
2607
2608
2609
-73.77546562266627 -9.447051031110274 2.000000000000051
-73.77657000758857 -9.446571890168544 9.999999999999989
-73.77657000758857 -9.446571890168544 5.999999999999984
2 68 0 42
2610
2611
2612
2613
2614
2615
2616
2617
2618
2619
2620
2621
2622
2623
2624
2625
2626
2627
2628
2629
2630
2631
2632
2633
2634
2635
2636
2637
2638
2639
2640
2641
2642
2643
2644
2645
2646
2647
2648
2649
2650
2651
-72.25294479329344 -1.434526760375052 12
-62.93051764287668 6.297163851641205 12
-44.3541477560892 0.192342255964844 12
-54.54503154457639 -5.772471501825233 12
-62.62917256267501 -6.026416653681036 12
-54.16067477724206 5.946544820194431 12
-72.3539160154763 4.554862164902571 12
-46.29221401538642 -6.573633968111057 12
-46.15656254152117 6.303044750785986 12
-70.90983451253501 -6.922824604772273 12
-67.08842919569173 -6.216675451784546 12
-65.012193851446 -2.633323390551441 12
-60.99713250636368 -2.316120776987848 12
-63.31147569531291 0.9462173687502204 12
-59.33027826524259 1.318447289503581 12
-66.96877367581193 0.3327989987589781 12
-56.92783707561787 -2.075237173779785 12
-72.2157809764433 7.518948888350394 12
-55.29198911338483 1.732997217632936 12
-52.16003445536954 -2.17562360478431 12
-51.26775239848699 2.128829086279648 12
-47.88131442403067 -0.8098731887393651 12
-58.60199048230053 5.401593443387674 12
-66.82730756679564 6.278770198118681 12
-58.6794761441205 -5.902390503727649 12
-50.25768696988581 -6.292071458350099 12
-50.07549621536217 6.047197712084172 12
-69.22904086328563 -3.017880772089006 12
-47.29117956714428 2.869652200749754 12
-72.42660992152466 -4.499649006061496 12
-72.28835517300679 1.57147540230501 12
-69.88829094422393 6.235405094199187 12
-69.20478113733438 3.21239576157829 12
-73.09940253219867 -7.201304948541132 12
-44.01180406737554 -3.356372588123209 12
-43.77236293179997 3.98669220923257 12
-69.99726997474124 0.1225865501670516 12
-65.23050166882781 3.332829286350459 12
-61.65331603927444 3.352890247453157 12
-43.13899470218718 6.904475970913741 12
-43.16633381366245 -6.878256553728292 12
-48.1281560916954 -3.946439567718626 12
2 69 0 8
2652
2653
2654
2655
2656
2657
2658
2659
-74.84500451794854 -4.497299045901084 2.597859592592719
-74.84500451794854 -4.497299045901084 9.402140407407281
-74.74734905406338 -5.90205128663007 5.999999999999984
-74.9343798984586 -2.615169064034602 5.999999999999983
-74.9563283636125 -1.883942208853673 9.876203375973841
-74.64382805271195 -7.092202312199731 9.872729249789561
-74.95632922135468 -1.883908081592821 2.123751247526539
-74.64382805271215 -7.09220231219771 2.127270750219479
2 70 0 8
2660
2661
2662
2663
2664
2665
2666
2667
-74.84500451794854 4.497299045901069 9.402140407407281
-74.84500451794854 4.497299045901069 2.597859592592719
-74.9162623363663 3.090960619086607 5.999999999999983
-74.70836307963238 6.376588897037578 5.999999999999984
-74.95599961620029 1.89697694666629 9.872729249775533
-74.64259360326618 7.10518262802916 9.876203375973436
-74.95599961620033 1.896976946664493 2.127270750219788
-74.64259036830198 7.105216612452702 2.123751247535389
2 71 0 3
2668
2669
2670
-73.77601785117849 9.446811543734496 1.970684044748221
-73.77546562266656 9.447051031111146 10.00000000000001
-73.7754656226665 9.447051031111169 5.999999999999984
2 72 0 3
2671
2672
2673
-45.06918770722136 59.16849987730777 1.97068404474806
-45.06925623935102 59.16909788556804 9.999999999999988
-45.06918770722131 59.16849987730738 5.970684044748161
2 73 0 45
2674
2675
2676
2677
2678
2679
2680
2681
2682
2683
2684
2685
2686
2687
2688
2689
2690
2691
2692
2693
2694
2695
2696
2697
2698
2699
2700
2701
2702
2703
2704
2705
2706
2707
2708
2709
2710
2711
2712
2713
2714
2715
2716
2717
2718
-37.577267518254 61.29156975105718 12
-25.85854554647657 57.2803067676921 12
-21.95373899182766 38.42438531140602 12
-21.96563397999169 50.08846033347551 12
-34.79666163623931 47.6462328104791 12
-30.85331743686783 40.36213758290991 12
-32.32948768032076 64.9217498085093 12
-38.82100301148503 55.17965250174826 12
-17.73616086702577 43.25127559005419 12
-41.45025922994709 57.94830576361703 12
-27.28707978262928 35.85900519380296 12
-29.61248241084005 66.29750688947033 12
-36.80929560895323 51.3287521996027 12
-34.84693714734586 54.79251766210802 12
-36.34026046756997 57.97838774720482 12
-33.04212550693864 57.85694967563634 12
-31.24164164694061 54.35536810569739 12
-23.88369978965888 53.63651608404582 12
-25.97358687541436 50.08145423539764 12
-24.08063186954071 46.54494779483573 12
-28.09085448399219 46.66555844074063 12
-25.77811351375875 43.32762962798662 12
-29.57384051074482 50.55144835644968 12
-21.82350758213576 42.63783111521863 12
-27.8775871185875 60.89674169683164 12
-19.97549411415161 46.4602350998038 12
-32.87928411531215 43.86808126946234 12
-34.94993015772742 63.23907584064138 12
-32.0604225960596 61.34627060419908 12
-40.60202042366459 60.32840033824287 12
-29.59510723425393 63.57703907837083 12
-42.88459531504163 59.67627526792711 12
-27.6590091393351 53.92502324102819 12
-29.52502692542212 57.62722146744482 12
-33.09565657081111 50.98395247526263 12
-18.55407546392563 39.94983023731886 12
-34.9129732820949 60.40056553456925 12
-31.30556287464283 47.2293957172389 12
-29.30706669521255 43.51751676137107 12
-27.12756640717141 39.67267601686828 12
-24.10089753637335 40.6825407888228 12
-24.36347269437172 36.55697783102227 12
-15.55235077910138 40.79522616806747 12
-29.5977709608818 37.43266644057944 12
-38.95816213018413 58.54526322037403 12
2 74 0 8
2719
2720
2721
2722
2723
2724
2725
2726
-41.31727748113732 62.56902573595584 2.597859592590677
-41.31727748113732 62.56902573595584 9.402140407409323
-40.13498158641016 63.33390603032879 5.999999999999983
-42.8764695141349 61.5110458535982 5.999999999999984
-43.47459326992177 61.089771157002 9.876248752462498
-43.47459326992293 61.08977115700117 2.123751247531505
-39.12085863582254 63.96529386781545 9.872683998888828
-39.12083003430588 63.96531136035337 2.127270750223932
2 75 0 8
2727
2728
2729
2730
2731
2732
2733
2734
-33.52772703680723 67.06632478185566 2.597859592593553
-33.52772703680723 67.06632478185566 9.402140407406447
-34.78128074996503 66.4248666494116 5.999999999999983
-31.83189356547119 67.88763475064155 5.999999999999984
-35.83516958189536 65.86228830701832 9.872729249785102
-31.16802814721875 68.19497357880697 9.876203375974066
-31.16799709837025 68.19498776945403 2.123751247520587
-35.83516958189384 65.86228830701916 2.127270750219407
2 76 0 3
2735
2736
2737
-28.70683014394776 68.61531142104222 1.970684044748109
-28.70634662753984 68.61495292081061 10.00000000000009
-28.70683014394717 68.61531142104178 5.970684044748169
2 77 0 3
2738
2739
2740
28.70683014395122 68.61531142104182 1.97068404474815
28.70683014395114 68.61531142104177 10.02931595525181
28.70683014395114 68.61531142104177 5.970684044748165
2 78 0 45
2741
2742
2743
2744
2745
2746
2747
2748
2749
2750
2751
2752
2753
2754
2755
2756
2757
2758
2759
2760
2761
2762
2763
2764
2765
2766
2767
2768
2769
2770
2771
2772
2773
2774
2775
2776
2777
2778
2779
2780
2781
2782
2783
2784
2785
37.57726751825564 61.29156975105573 12
25.85104567033052 57.25479930182972 12
22.00612421283381 38.4122088090523 12
21.95574837102477 50.08957428257578 12
34.79039766561436 47.62083271060034 12
30.69697280889204 40.39493358197058 12
32.32948768032161 64.92174980851048 12
38.82100301148937 55.17965250174812 12
17.70290453297696 43.26250511862169 12
41.44158660742104 57.74140474857106 12
27.29074929826593 35.85625990341664 12
29.61248241084291 66.29750688947117 12
36.80391077053155 51.3219946815539 12
34.84169883095793 54.78886724103101 12
36.33938741484087 57.97777934369098 12
33.04139796299805 57.85644267270909 12
31.23766626041251 54.33406570113875 12
27.87633713923236 60.89249045252201 12
23.88039742439848 53.61372240456454 12
25.95291187051193 50.03297637178199 12
24.02543506420438 46.51577181077924 12
28.03952234598442 46.5913541436996 12
25.73801159564532 43.3176450746259 12
29.55672767246997 50.4926770066595 12
21.79931863862434 42.64636672227671 12
19.91609789003097 46.51267993090615 12
32.84039822685889 43.85215487441478 12
34.94993015772764 63.23907584064092 12
32.06027846170846 61.34592379317625 12
40.45534950199727 60.34368812446674 12
29.59482841151459 63.57611946730469 12
42.85352660620569 59.63795262216209 12
27.65024822748394 53.8955477804769 12
33.08740421846391 50.94176291122704 12
29.5231257492194 57.62030051597972 12
18.55323212116826 39.95109500953021 12
34.91279524831698 60.40041632870445 12
31.26306299971105 47.1635785391815 12
29.25526388366039 43.49303961530866 12
27.18544045374428 39.67928069902625 12
24.10745906687205 40.7102296291585 12
24.36870013058569 36.55781826772027 12
15.54887122024727 40.79650109671715 12
29.59112829915588 37.50020165127996 12
38.94755784924716 58.42139378102722 12
2 79 0 8
2786
2787
2788
2789
2790
2791
2792
2793
33.52772703680846 67.06632478185504 9.402140407407227
33.52772703680846 67.06632478185504 2.597859592592772
32.26234817837533 67.68412878967477 5.999999999999984
35.20238710459347 66.20266114091149 5.999999999999983
35.84662236968046 65.85605564172155 9.876203375974082
31.17988665521248 68.18955248546587 9.87272924978511
35.84662236968043 65.85605564172157 2.123796624025903
31.17988665521334 68.18955248546547 2.127270750219323
2 80 0 8
2794
2795
2796
2797
2798
2799
2800
2801
41.31727748113997 62.56902573595409 9.402140407407432
41.31727748113997 62.56902573595409 2.597859592592568
42.48500087568404 61.78207750305202 5.999999999999984
39.73199279389183 63.58749207687097 5.999999999999983
43.46391407836017 61.09736960777383 9.872683998888871
39.10967686773466 63.97213123932468 9.876248752458904
43.46391407836023 61.09736960777379 2.127316001111116
39.10967686773144 63.97213123932665 2.123751247531886
2 81 0 3
2802
2803
2804
45.06925623935709 59.16909788556865 1.999999999999969
45.06918770722736 59.16849987730777 10.02931595525191
45.06911899512345 59.16790188969936 5.999999999999983
3 1 0 270
2805
2806
2807
2808
2809
2810
2811
2812
2813
2814
2815
2816
2817
2818
2819
2820
2821
2822
2823
2824
2825
2826
2827
2828
2829
2830
2831
2832
2833
2834
2835
2836
2837
2838
2839
2840
2841
2842
2843
2844
2845
2846
2847
2848
2849
2850
2851
2852
2853
2854
2855
2856
2857
2858
2859
2860
2861
2862
2863
2864
2865
2866
2867
2868
2869
2870
2871
2872
2873
2874
2875
2876
2877
2878
2879
2880
2881
2882
2883
2884
2885
2886
2887
2888
2889
2890
2891
2892
2893
2894
2895
2896
2897
2898
2899
2900
2901
2902
2903
2904
2905
2906
2907
2908
2909
2910
2911
2912
2913
2914
2915
2916
2917
2918
2919
2920
2921
2922
2923
2924
2925
2926
2927
2928
2929
2930
2931
2932
2933
2934
2935
2936
2937
2938
2939
2940
2941
2942
2943
2944
2945
2946
2947
2948
2949
2950
2951
2952
2953
2954
2955
2956
2957
2958
2959
2960
2961
2962
2963
2964
2965
2966
2967
2968
2969
2970
2971
2972
2973
2974
2975
2976
2977
2978
2979
2980
2981
2982
2983
2984
2985
2986
2987
2988
2989
2990
2991
2992
2993
2994
2995
2996
2997
2998
2999
3000
3001
3002
3003
3004
3005
3006
3007
3008
3009
3010
3011
3012
3013
3014
3015
3016
3017
3018
3019
3020
3021
3022
3023
3024
3025
3026
3027
3028
3029
3030
3031
3032
3033
3034
3035
3036
3037
3038
3039
3040
3041
3042
3043
3044
3045
3046
3047
3048
3049
3050
3051
3052
3053
3054
3055
3056
3057
3058
3059
3060
3061
3062
3063
3064
3065
3066
3067
3068
3069
3070
3071
3072
3073
3074
23.80088938448475 -32.22881589767151 5.81374127171156
22.40804527791299 -27.83665619637588 6.394878928030456
28.87254078145938 -23.00274303296106 4.499999999999996
26.92498454658757 -10.77234853328034 5.15710441726749
22.77240361883629 -9.818495117083403 5.4499004588946
33.61577363138192 -13.47807407498704 7.499999999999996
-10.74232272660124 31.15235493483346 4.086420902513533
-7.162713630684711 30.90691418133271 6.934832223361931
-13.06895280885058 28.33948074357402 7.301162479587267
-8.853519756349531 27.49543379385246 5.051484341585523
31.29450332371723 -15.61790520066347 4.267682891250949
28.23583210909233 -17.45386841896546 6.644335467907764
29.42392822359992 -6.191815957455011 7.179136375745014
32.00249974584141 -11.03758369071821 4.476863319537298
24.07017659661328 -0.4056972494414424 5.508792238576756
23.55700048850398 -22.05938778289496 6.791644848759133
24.55851345567127 -14.13065238975254 6.826662222874329
24.67513258113452 -43.17126164702051 8.156653663363006
29.75089625506531 -42.11188520277396 6.662808572582256
28.23128185061953 -38.28898378303374 5.369240971771404
7.921056815897837 -35.22078356867789 6.436843597959317
18.95182497122756 -41.21044105275626 5.956750130155875
17.87479770584898 -21.2908621647013 4.764172094161427
15.85304138320471 -35.93071847437565 4.040406223929972
-13.57696475297007 35.03051429968764 6.927817464677186
-9.095166267568015 35.43088209116198 4.499999999999996
29.06612742989503 -49.14517308840912 4.65629880007071
26.75431153723723 -45.34568127761668 4.572130519991935
20.96644722095466 -45.16391964605416 5.471580941675505
23.84873082298033 -36.51251717687455 4.841655624587355
20.13394896968265 -36.46458995277592 7.241501998817853
-17.65801159656767 29.96141351374376 6.423028916646741
-16.95903308054787 33.77583532478532 4.76659547467227
17.94970112339263 -29.77565668826164 5.008979111619046
16.87682671991882 -24.6786238668294 7.086804091271397
16.44903545645359 -33.75286938702004 7.692714270690654
12.43455878661536 -35.24624650642568 6.964221686175144
22.03761638146432 -18.03844638286235 5.188515637951162
23.39852094808904 -40.81676085906122 4.781549128804533
25.00011330011859 -6.346532414894528 7.198595956661922
36.05588366984736 -9.619709146882867 6.139616994124073
13.7551662737495 -29.2023485542491 6.958557460711942
3.257195567416925 -35.14659527124417 5.966620127497814
4.780309586105061 -28.52309976756161 7.022279128919959
-0.2870086964889607 -31.77479443795862 6.596076190406304
15.21108320993442 -19.21939597831502 7.4189183738913
11.47150655231471 -21.43360910150813 6.453751091409025
-35.43181478609348 10.87596472458582 7.715170371247702
-34.21245599415015 13.56914439954018 4.499999999999996
17.83463828644583 -15.89163942700084 6.000600343211087
9.752714058249676 -29.89713076562379 5.144071109622494
9.978452717009601 -25.43189273684127 7.033052102019029
-4.179035773607602 -24.79434792458549 6.242606080689281
-4.223083706853602 -30.8145902914605 5.329194032499842
-10.26789060120689 -31.98617526386403 5.410462826482059
-18.48981459157302 -20.49495042947976 4.579994384947171
-16.78220811038064 -23.54445375931973 7.771638248056298
-21.01848842381074 -23.39923686104208 6.884396967000336
-4.632095920363744 -35.60704260252744 6.350152002620028
-8.470995699933649 -23.42222070726902 5.52579146402203
-8.641603172374452 -35.65384328754798 7.831337758445814
4.021881194363596 -23.94717802471829 4.626171746479823
-0.4653717771946817 -27.34694104501444 6.856460670089371
33.71433240320488 -5.694651379257358 7.029864314311133
-10.46862828592578 -27.05633430602579 4.796352764962728
70.2538858831058 2.95111982609141 7.556810437484426
66.7771043018685 4.670447728328972 5.550858306140182
-33.43730000395051 7.015358362386728 7.737706988438916
67.44408126695252 -5.010946550494213 7.781798319694736
60.12029395436093 5.048960968609015 6.290494860482603
62.79865607483433 -5.727728100733323 5.915884805278298
64.7171760263532 -1.853292260927817 7.148319096668597
70.54391471079143 -5.077836248359763 4.431494363448691
-29.7457099397926 8.553713253569132 6.000517196354539
-29.4025205994047 61.9756455706522 7.414773020902257
55.53051819036457 4.793920044181627 3.939049100713843
68.61670779309377 -0.646665726641137 6.047289941030726
-28.98563833804808 58.60180453317415 4.701655468320539
60.89697008164834 -0.9111661616440412 5.571330551510128
58.56008744918873 -5.001225922532528 7.505292618851586
-33.02523252563525 60.16756323318933 5.687862462834067
64.81790547198726 1.366413014028145 3.810606267912534
24.41820872128233 11.89618713487868 3.950432421038448
54.18818814128109 -4.886403821536732 6.448335490415089
49.62781506929197 -2.813417556101285 5.617321449075284
55.25383605111013 -0.5313047308066777 7.285288374644667
48.14458691907136 2.374428405825788 7.129356646139948
23.26780127277727 7.8498891278938 5.582192156126811
20.89322438723644 12.90864291068927 6.304659742005692
27.9954173009172 7.254466684997811 6.90802518812291
51.36838406637937 5.287406406840472 7.062379008495327
43.51009766846259 -0.7292550840300397 7.255205104609201
45.75907241186752 5.657953934089759 5.939036292657722
27.69061386968142 14.8892324388951 4.288905710190664
41.24078638896258 5.759502475979153 6.215508483262922
42.71740358189383 -5.02373602513185 6.190116443554642
38.54269168004141 -3.101324949289117 5.640734841879461
26.73542581748871 3.069898592413052 4.734837887702409
28.7662044243859 11.66239612427993 6.75888425407032
32.62730962528958 8.568387189079539 8.262201815552499
31.62416196027118 3.371140987112613 4.653932972486096
35.85544141411609 3.429702684586935 7.026754097634798
32.72835846282973 -1.101671327287898 4.78310364257929
35.64716441925317 7.965633145515485 3.625975537624766
39.70078080549727 1.344602399954758 6.529780237216814
28.32978092990472 -0.3294084889298646 7.057290392782509
36.60253984340503 -53.43915404514271 4.412996773195788
33.14610127239195 -48.75355181121092 6.497487847026432
28.82453326086908 -58.30481631221326 4.938444866377606
32.65396105504247 -53.44502848253533 6.02388260418334
34.73757178231138 12.24132141700301 6.866587607225732
23.03606994742245 -48.92743398334213 7.710046659470907
24.95645766113336 -50.9880748005917 3.89631997268544
37.44589078451258 -57.89542745313152 5.168830458244991
28.61397621503114 -54.50090748471251 6.89891865877139
33.24121865960919 -59.34091267324702 7.091647022069201
31.14745105732437 -63.45792864340275 5.999999999999996
-37.10276477164182 -4.087025534978791 7.580813906782913
-32.85714919016117 -4.760190558998429 6.879016588349436
-34.89711296722108 -0.6039717252671073 5.096465332610689
-39.34640098197276 -1.925735177317367 4.63513762527108
-38.68220162243661 1.520984021565003 8.395614805632434
-40.6627854817033 -5.70699094981456 5.949048172612196
-43.40732039910792 -2.135415116945881 7.071438490404674
-31.46723033463026 -15.84747489135517 7.150076617421456
-27.08202983103964 -19.64617203215506 6.200650581808156
-27.92576109431389 -15.07642271894791 4.658911814135542
-33.18544479125377 -12.39200856313292 5.405780992613744
-27.63053533969627 -12.05671542754332 7.953587387425168
-27.56392962178347 -8.154085149049067 5.812028920250006
-23.06066092734417 -13.64262525128953 6.907886117444948
-26.80051894308757 25.3395994186619 4.493578679842402
-22.76823117666144 26.79577018358682 5.472945337776795
-28.57200205625765 22.52082803646229 7.516293043454747
-24.07534078449412 31.18974432072962 7.591318026839659
-22.52102582529285 -47.46749356983628 5.496988725148526
-23.97107238592039 -51.78521470948591 7.563191097263427
-19.47165862416497 -44.11281862378895 4.091632211092921
-21.11896140127301 -39.56872384787503 7.236151414538437
-29.74719654001648 -42.11189950932513 6.662312898590516
-25.04593293809706 -43.98348367603331 6.09569282724258
-28.92440585140715 -47.46397005898753 7.438760005935908
-20.94075414999264 -35.18451558752646 4.490670663393362
-25.00874816551399 -33.24384778082521 6.274108302411803
-13.58018611313507 -32.69181229443458 8.303108995591987
-17.00970293590923 -34.40044207242531 5.954290464148928
-19.08442220728745 -27.56684035551864 7.906526322681813
-24.28057296826393 -28.40392255275395 5.026198207522882
-21.21658787444994 -31.42461617730866 7.275765256107006
-15.19134499647915 -27.64703482488384 5.677925655193067
-23.91065867088087 -38.9784765638377 3.939918402105125
-26.47563111015589 36.30112179471477 5.360631958362388
-27.45509552139614 -37.22197472648681 6.562738869086655
-33.29407582786198 -47.2766274973421 6.000029017659363
-27.21449022819908 -57.18822971245512 6.410157602354957
-29.87998645858208 -61.63253428978349 5.317040886681097
-30.7960680946256 -53.53994419656067 7.882694089134938
-29.66769304024837 -50.46428262387361 4.2097241096053
-32.53325463319373 -56.17043170199164 3.774921772788575
-12.67370892953913 -24.45561279598925 7.838364454104386
-27.01283792988673 -24.69166096198437 7.459968247398132
-21.26287319142749 35.99241823756732 6.058208456438868
-17.2978791254334 38.82907688308621 6.317514378796321
-33.61436525273327 -52.09937641194372 5.043476952075879
-33.93407318739992 -60.3723074108113 5.077090052032519
-37.49943449468009 -55.7034371137941 6.556484106362497
-2.784404730277724 31.1078782409738 4.265017885809325
-4.659845692347086 27.31459229418458 4.902392474447547
3.143915171441116 32.51054348912313 5.638873091767337
-3.266010890632664 35.3474230702664 4.499999999999996
0.112789889385885 30.17787615593027 7.693625283414136
-1.68541557602484 23.94625353641995 7.403263377082745
2.948511334164948 24.36444554119278 6.281631750205264
-70.86884524781509 -1.118217565600304 5.562855692050567
-66.79610160585486 -5.392525783580539 5.908808330002599
-58.04720003197616 -4.628764967608891 3.830624890503608
-61.58915573368884 -5.540028564395399 6.042177177332254
-55.33765196266568 -3.388060051907995 7.314210712389175
-68.263572937352 4.909973858941033 6.685563346239768
-61.16282952616723 1.510750931408953 4.059261870421457
-63.94163169425271 2.900859064195162 6.996713956556216
-64.85063150475372 -1.4905664625047 4.776690676519051
-57.74305934265032 0.06429250522760649 7.248788340568126
-52.29733309172117 -1.901519131899086 4.724402181592484
-60.41824856981113 5.201879848559847 6.141470430635812
-50.10940465676661 -2.007879624250029 8.335658057247162
-56.58040884352923 3.237968658796743 4.687197542914817
-45.9728602532855 -6.015366636831129 5.980108053700937
-52.17492505867665 4.90972906364189 5.708858378112208
-46.92008171262422 4.843153446991718 5.363360410719825
-25.49834004039616 2.108096541435679 3.869265984835903
-24.37372474505292 -2.257024507078248 6.088565554938042
-29.16255714579247 -0.4796322005378144 4.891755006792771
-42.26371375753934 4.463047979006568 6.346013721175677
-26.96514185631717 5.368218219812324 7.119873364153781
-32.52593175776826 4.041706859468482 4.892314540910101
-37.57798119899716 5.875450497312431 6.69542870528575
-23.17330809468523 7.029659613902981 4.28668336079093
-36.06717828353407 -8.958862235998502 6.064556527135
-22.44216257801952 -19.21631885087767 6.005330003546418
-48.27797297852879 -0.09684953232527066 4.929691043627654
-22.76869313697386 -9.33917962026913 6.672524222154482
-23.58678522964217 -5.958962947349328 4.075247496919772
14.08772584454695 33.16995046048169 7.940863639691471
19.27121724968537 29.64246639236795 4.989887054502612
14.42228326695826 27.19653429718721 4.849628064528801
-19.01500182058621 -15.51836932979157 5.646677941236636
-14.17619874267562 -19.36882172739953 6.606299284628687
-23.29811395985979 16.89712180466769 4.996719247646296
-24.83088523041741 10.76387428859217 7.12244580391488
-20.71401146652946 11.5784942854412 5.999724467620648
-33.08667651185871 52.41814532193548 4.777686201411062
-30.16968686284902 54.93542413569821 7.175509721198264
-27.18887302848039 53.63378186870813 4.481200835334258
-23.29138742330981 50.91630931077675 5.864696590235308
-27.97279872687299 48.10904273173534 4.792607121299286
-37.05748617266614 59.60904824247365 4.42995313311886
-34.78422347929325 56.05047514152574 7.163845222850114
9.726451738299735 31.82086431732328 5.862941264414465
-9.007620789968644 23.30145695425795 5.781536114028006
1.820777898977521 27.90807967749249 4.119954296214849
-18.09437236012822 23.92056622432129 6.826958532088805
21.09043577890444 35.961315946294 3.932180292801571
16.01733130634292 36.72488612972268 5.816245759907037
34.72745815636944 49.47868664201384 8.097558382801827
31.9932456761752 51.55677076735233 4.784674738067356
27.11976288465409 49.40068735173611 7.27265771793885
24.58777155828687 44.37789343182546 4.458234570754804
27.3213085838084 41.15672048866511 4.777919956099849
27.06125783002993 56.76971133151642 5.473931316625935
28.57440150071951 23.10540019989157 6.007363785273055
22.91638252121405 24.50039663187901 6.020506097968063
36.97669868535962 59.97239337031022 6.380220417996232
12.53775135700491 23.13439334210833 4.213919006470978
14.92805267670047 19.48798429772735 5.552660557756442
6.385254185964228 35.33811402797178 6.199744382733214
31.44088433755345 57.72563205233655 3.958323166179903
33.74191067620365 55.32242306569265 7.189693476689017
-23.82907333176418 44.73683727906011 4.501505915636291
-28.16716141430285 42.67453291423107 7.224933930704898
5.500522625631709 28.31775662012028 7.609137564424111
-19.38366840953212 43.07100841638229 6.608451339234959
-23.22521783050557 40.59515901436771 6.948018396906461
18.46329001655307 42.26788904543477 5.437556600660812
-29.55647323391325 18.75429900595787 5.63929044883306
-15.03686399109523 25.67572221725795 4.467402853579061
-32.26018044257587 45.59159700201462 6.647017957028066
31.52036680529238 15.96708389917868 5.745480211372977
27.45167505407587 19.23968301746934 7.256961555352539
23.29763701693798 16.89398869144879 4.992010831728821
-23.65385603548404 21.82388310305935 6.022804862227801
-17.60035426999989 16.03014649207746 5.999437850444025
-13.46545496073835 20.73196444529919 6.710125092156046
17.63672751767217 15.91506841452602 6.005155913641548
19.06317962074584 22.67727853526687 6.895576347146067
38.47448076477513 56.02810713382081 5.999999999999999
33.42009286575379 61.99944057941125 7.7184739783777
32.22891488945163 45.55070867516998 6.639891937713656
8.802851044450325 22.93418697442687 6.487399286869524
29.17465389276373 60.28392250072157 6.664829715800103
10.01009861083358 27.52151159583438 7.039388875660541
28.0001481957513 37.26680089168278 6.471706933030354
29.35532286912344 -13.55607066074446 7.826190372643483
24.99930925417942 33.2478342789598 6.273046436573279
23.03817669167771 50.76677853596865 6.000020419231098
29.53111139538265 54.10774414299681 8.028471603025906
24.35669712128379 28.45851659770202 5.652318891760213
19.29294657300219 33.41427942589308 7.309140025004937
23.69610502199529 39.08625167429909 6.446273375755279
-29.51827619337064 13.642487783984 4.062301432134162
$EndNodes
$Elements
481 15748 1 15748
0 1 15 1
1 1 
0 2 15 1
2 2 
0 3 15 1
3 3 
0 4 15 1
4 4 
0 5 15 1
5 5 
0 6 15 1
6 6 
0 7 15 1
7 7 
0 8 15 1
8 8 
0 9 15 1
9 9 
0 10 15 1
10 10 
0 11 15 1
11 11 
0 12 15 1
12 12 
0 13 15 1
13 13 
0 14 15 1
14 14 
0 15 15 1
15 15 
0 16 15 1
16 16 
0 17 15 1
17 17 
0 18 15 1
18 18 
0 19 15 1
19 19 
0 20 15 1
20 20 
0 21 15 1
21 21 
0 22 15 1
22 22 
0 23 15 1
23 23 
0 24 15 1
24 24 
0 25 15 1
25 25 
0 26 15 1
26 26 
0 27 15 1
27 27 
0 28 15 1
28 28 
0 29 15 1
29 29 
0 30 15 1
30 30 
0 31 15 1
31 31 
0 32 15 1
32 32 
0 33 15 1
33 33 
0 34 15 1
34 34 
0 35 15 1
35 35 
0 36 15 1
36 36 
0 37 15 1
37 37 
0 38 15 1
38 38 
0 39 15 1
39 39 
0 40 15 1
40 40 
0 41 15 1
41 41 
0 42 15 1
42 42 
0 43 15 1
43 43 
0 44 15 1
44 44 
0 45 15 1
45 45 
0 46 15 1
46 46 
0 47 15 1
47 47 
0 48 15 1
48 48 
0 49 15 1
49 49 
0 50 15 1
50 50 
0 51 15 1
51 51 
0 52 15 1
52 52 
0 53 15 1
53 53 
0 54 15 1
54 54 
0 55 15 1
55 55 
0 56 15 1
56 56 
0 57 15 1
57 57 
0 58 15 1
58 58 
0 59 15 1
59 59 
0 60 15 1
60 60 
0 61 15 1
61 61 
0 62 15 1
62 62 
0 63 15 1
63 63 
0 64 15 1
64 64 
0 65 15 1
65 65 
0 66 15 1
66 66 
0 67 15 1
67 67 
0 68 15 1
68 68 
0 69 15 1
69 69 
0 70 15 1
70 70 
0 71 15 1
71 71 
0 72 15 1
72 72 
0 73 15 1
73 73 
0 74 15 1
74 74 
0 75 15 1
75 75 
0 76 15 1
76 76 
0 77 15 1
77 77 
0 78 15 1
78 78 
0 79 15 1
79 79 
0 80 15 1
80 80 
0 81 15 1
81 81 
0 82 15 1
82 82 
0 83 15 1
83 83 
0 84 15 1
84 84 
0 85 15 1
85 85 
0 86 15 1
86 86 
0 87 15 1
87 87 
0 88 15 1
88 88 
0 89 15 1
89 89 
0 90 15 1
90 90 
0 91 15 1
91 91 
0 92 15 1
92 92 
0 93 15 1
93 93 
0 94 15 1
94 94 
0 95 15 1
95 95 
0 96 15 1
96 96 
0 97 15 1
97 97 
0 98 15 1
98 98 
0 99 15 1
99 99 
0 100 15 1
100 100 
0 101 15 1
101 101 
0 102 15 1
102 102 
0 103 15 1
103 103 
0 104 15 1
104 104 
0 105 15 1
105 105 
0 106 15 1
106 106 
0 107 15 1
107 107 
0 108 15 1
108 108 
0 109 15 1
109 109 
0 110 15 1
110 110 
0 111 15 1
111 111 
0 112 15 1
112 112 
0 113 15 1
113 113 
0 114 15 1
114 114 
0 115 15 1
115 115 
0 116 15 1
116 116 
0 117 15 1
117 117 
0 118 15 1
118 118 
0 119 15 1
119 119 
0 120 15 1
120 120 
0 121 15 1
121 121 
0 122 15 1
122 122 
0 123 15 1
123 123 
0 124 15 1
124 124 
0 125 15 1
125 125 
0 126 15 1
126 126 
0 127 15 1
127 127 
0 128 15 1
128 128 
0 129 15 1
129 129 
0 130 15 1
130 130 
0 131 15 1
131 131 
0 132 15 1
132 132 
0 133 15 1
133 133 
0 134 15 1
134 134 
0 135 15 1
135 135 
0 136 15 1
136 136 
0 137 15 1
137 137 
0 138 15 1
138 138 
0 139 15 1
139 139 
0 140 15 1
140 140 
0 141 15 1
141 141 
0 142 15 1
142 142 
0 143 15 1
143 143 
0 144 15 1
144 144 
0 145 15 1
145 145 
0 146 15 1
146 146 
0 147 15 1
147 147 
0 148 15 1
148 148 
0 149 15 1
149 149 
0 150 15 1
150 150 
0 151 15 1
151 151 
0 152 15 1
152 152 
0 153 15 1
153 153 
0 154 15 1
154 154 
0 155 15 1
155 155 
0 156 15 1
156 156 
0 157 15 1
157 157 
0 158 15 1
158 158 
0 159 15 1
159 159 
0 160 15 1
160 160 
1 1 1 3
161 1 161 
162 161 162 
163 162 2 
1 2 1 3
164 2 163 
165 163 164 
166 164 3 
1 3 1 1
167 4 3 
1 4 1 2
168 5 165 
169 165 4 
1 5 1 4
170 6 166 
171 166 167 
172 167 168 
173 168 5 
1 6 1 2
174 6 169 
175 169 7 
1 7 1 1
176 7 1 
1 8 1 8
177 1 170 
178 170 171 
179 171 172 
180 172 173 
181 173 174 
182 174 175 
183 175 176 
184 176 8 
1 9 1 1
185 9 8 
1 10 1 3
186 9 177 
187 177 178 
188 178 10 
1 11 1 3
189 10 179 
190 179 180 
191 180 11 
1 12 1 1
192 11 12 
1 13 1 8
193 3 181 
194 181 182 
195 182 183 
196 183 184 
197 184 185 
198 185 186 
199 186 187 
200 187 12 
1 14 1 3
201 3 188 
202 188 189 
203 189 13 
1 15 1 3
204 14 190 
205 190 191 
206 191 13 
1 16 1 3
207 14 192 
208 192 193 
209 193 15 
1 17 1 1
210 16 15 
1 18 1 2
211 17 194 
212 194 16 
1 19 1 4
213 17 195 
214 195 196 
215 196 197 
216 197 18 
1 20 1 2
217 18 198 
218 198 19 
1 21 1 1
219 19 20 
1 22 1 3
220 20 199 
221 199 200 
222 200 21 
1 23 1 3
223 22 201 
224 201 202 
225 202 21 
1 24 1 3
226 22 203 
227 203 204 
228 204 23 
1 25 1 1
229 24 23 
1 26 1 2
230 25 205 
231 205 24 
1 27 1 4
232 25 206 
233 206 207 
234 207 208 
235 208 26 
1 28 1 2
236 26 209 
237 209 27 
1 29 1 1
238 27 28 
1 30 1 3
239 28 210 
240 210 211 
241 211 29 
1 31 1 3
242 30 212 
243 212 213 
244 213 29 
1 32 1 3
245 30 214 
246 214 215 
247 215 31 
1 33 1 1
248 32 31 
1 34 1 2
249 33 216 
250 216 32 
1 35 1 4
251 33 217 
252 217 218 
253 218 219 
254 219 34 
1 36 1 2
255 34 220 
256 220 35 
1 37 1 1
257 35 36 
1 38 1 3
258 36 221 
259 221 222 
260 222 37 
1 39 1 3
261 38 223 
262 223 224 
263 224 37 
1 40 1 3
264 38 225 
265 225 226 
266 226 39 
1 41 1 1
267 40 39 
1 42 1 2
268 41 227 
269 227 40 
1 43 1 4
270 41 228 
271 228 229 
272 229 230 
273 230 42 
1 44 1 2
274 42 231 
275 231 43 
1 45 1 1
276 43 44 
1 46 1 3
277 44 232 
278 232 233 
279 233 45 
1 47 1 3
280 46 234 
281 234 235 
282 235 45 
1 48 1 3
283 46 236 
284 236 237 
285 237 47 
1 49 1 1
286 48 47 
1 50 1 2
287 49 238 
288 238 48 
1 51 1 4
289 49 239 
290 239 240 
291 240 241 
292 241 50 
1 52 1 2
293 50 242 
294 242 51 
1 53 1 1
295 51 52 
1 54 1 3
296 52 243 
297 243 244 
298 244 53 
1 55 1 3
299 54 245 
300 245 246 
301 246 53 
1 56 1 3
302 54 247 
303 247 248 
304 248 1 
1 57 1 30
305 55 249 
306 249 250 
307 250 251 
308 251 252 
309 252 253 
310 253 254 
311 254 255 
312 255 256 
313 256 257 
314 257 258 
315 258 259 
316 259 260 
317 260 261 
318 261 262 
319 262 263 
320 263 264 
321 264 265 
322 265 266 
323 266 267 
324 267 268 
325 268 269 
326 269 270 
327 270 271 
328 271 272 
329 272 273 
330 273 274 
331 274 275 
332 275 276 
333 276 277 
334 277 55 
1 58 1 3
335 3 278 
336 278 279 
337 279 56 
1 59 1 8
338 56 280 
339 280 281 
340 281 282 
341 282 283 
342 283 284 
343 284 285 
344 285 286 
345 286 57 
1 60 1 3
346 12 287 
347 287 288 
348 288 57 
1 61 1 3
349 11 289 
350 289 290 
351 290 58 
1 62 1 1
352 58 57 
1 63 1 3
353 59 291 
354 291 292 
355 292 58 
1 64 1 3
356 10 293 
357 293 294 
358 294 59 
1 65 1 3
359 60 295 
360 295 296 
361 296 59 
1 66 1 3
362 9 297 
363 297 298 
364 298 60 
1 67 1 1
365 60 61 
1 68 1 3
366 8 299 
367 299 300 
368 300 61 
1 69 1 3
369 1 301 
370 301 302 
371 302 62 
1 70 1 8
372 62 303 
373 303 304 
374 304 305 
375 305 306 
376 306 307 
377 307 308 
378 308 309 
379 309 61 
1 71 1 3
380 63 310 
381 310 311 
382 311 62 
1 72 1 3
383 54 312 
384 312 313 
385 313 63 
1 73 1 3
386 53 314 
387 314 315 
388 315 64 
1 74 1 3
389 63 316 
390 316 317 
391 317 64 
1 75 1 3
392 65 318 
393 318 319 
394 319 64 
1 76 1 3
395 52 320 
396 320 321 
397 321 65 
1 77 1 5
398 47 322 
399 322 323 
400 323 324 
401 324 325 
402 325 52 
1 78 1 3
403 66 326 
404 326 327 
405 327 67 
1 79 1 3
406 46 328 
407 328 329 
408 329 66 
1 80 1 3
409 47 330 
410 330 331 
411 331 67 
1 81 1 3
412 45 332 
413 332 333 
414 333 68 
1 82 1 3
415 66 334 
416 334 335 
417 335 68 
1 83 1 3
418 69 336 
419 336 337 
420 337 68 
1 84 1 3
421 44 338 
422 338 339 
423 339 69 
1 85 1 5
424 39 340 
425 340 341 
426 341 342 
427 342 343 
428 343 44 
1 86 1 3
429 70 344 
430 344 345 
431 345 71 
1 87 1 3
432 38 346 
433 346 347 
434 347 70 
1 88 1 3
435 39 348 
436 348 349 
437 349 71 
1 89 1 3
438 37 350 
439 350 351 
440 351 72 
1 90 1 3
441 70 352 
442 352 353 
443 353 72 
1 91 1 3
444 73 354 
445 354 355 
446 355 72 
1 92 1 3
447 36 356 
448 356 357 
449 357 73 
1 93 1 5
450 31 358 
451 358 359 
452 359 360 
453 360 361 
454 361 36 
1 94 1 3
455 74 362 
456 362 363 
457 363 75 
1 95 1 3
458 30 364 
459 364 365 
460 365 74 
1 96 1 3
461 31 366 
462 366 367 
463 367 75 
1 97 1 3
464 29 368 
465 368 369 
466 369 76 
1 98 1 3
467 74 370 
468 370 371 
469 371 76 
1 99 1 3
470 77 372 
471 372 373 
472 373 76 
1 100 1 3
473 28 374 
474 374 375 
475 375 77 
1 101 1 5
476 23 376 
477 376 377 
478 377 378 
479 378 379 
480 379 28 
1 102 1 3
481 78 380 
482 380 381 
483 381 79 
1 103 1 3
484 22 382 
485 382 383 
486 383 78 
1 104 1 3
487 23 384 
488 384 385 
489 385 79 
1 105 1 3
490 21 386 
491 386 387 
492 387 80 
1 106 1 3
493 78 388 
494 388 389 
495 389 80 
1 107 1 3
496 81 390 
497 390 391 
498 391 80 
1 108 1 3
499 20 392 
500 392 393 
501 393 81 
1 109 1 5
502 15 394 
503 394 395 
504 395 396 
505 396 397 
506 397 20 
1 110 1 3
507 82 398 
508 398 399 
509 399 83 
1 111 1 3
510 14 400 
511 400 401 
512 401 82 
1 112 1 3
513 15 402 
514 402 403 
515 403 83 
1 113 1 3
516 13 404 
517 404 405 
518 405 84 
1 114 1 3
519 82 406 
520 406 407 
521 407 84 
1 115 1 3
522 56 408 
523 408 409 
524 409 84 
1 116 1 30
525 85 410 
526 410 411 
527 411 412 
528 412 413 
529 413 414 
530 414 415 
531 415 416 
532 416 417 
533 417 418 
534 418 419 
535 419 420 
536 420 421 
537 421 422 
538 422 423 
539 423 424 
540 424 425 
541 425 426 
542 426 427 
543 427 428 
544 428 429 
545 429 430 
546 430 431 
547 431 432 
548 432 433 
549 433 434 
550 434 435 
551 435 436 
552 436 437 
553 437 438 
554 438 85 
1 117 1 3
555 55 439 
556 439 440 
557 440 85 
1 118 1 3
558 62 441 
559 441 442 
560 442 86 
1 119 1 3
561 86 443 
562 443 444 
563 444 56 
1 120 1 2
564 87 445 
565 445 88 
1 121 1 4
566 87 446 
567 446 447 
568 447 448 
569 448 89 
1 122 1 2
570 89 449 
571 449 90 
1 123 1 1
572 90 56 
1 124 1 1
573 91 83 
1 125 1 2
574 92 450 
575 450 91 
1 126 1 4
576 92 451 
577 451 452 
578 452 453 
579 453 93 
1 127 1 2
580 93 454 
581 454 94 
1 128 1 1
582 94 81 
1 129 1 1
583 95 79 
1 130 1 2
584 96 455 
585 455 95 
1 131 1 4
586 96 456 
587 456 457 
588 457 458 
589 458 97 
1 132 1 2
590 97 459 
591 459 98 
1 133 1 1
592 98 77 
1 134 1 1
593 99 75 
1 135 1 2
594 100 460 
595 460 99 
1 136 1 4
596 100 461 
597 461 462 
598 462 463 
599 463 101 
1 137 1 2
600 101 464 
601 464 102 
1 138 1 1
602 102 73 
1 139 1 1
603 103 71 
1 140 1 2
604 104 465 
605 465 103 
1 141 1 4
606 104 466 
607 466 467 
608 467 468 
609 468 105 
1 142 1 2
610 105 469 
611 469 106 
1 143 1 1
612 106 69 
1 144 1 1
613 107 67 
1 145 1 2
614 108 470 
615 470 107 
1 146 1 4
616 108 471 
617 471 472 
618 472 473 
619 473 109 
1 147 1 2
620 109 474 
621 474 110 
1 148 1 1
622 110 65 
1 149 1 1
623 88 62 
1 150 1 8
624 52 475 
625 475 476 
626 476 477 
627 477 478 
628 478 479 
629 479 480 
630 480 481 
631 481 111 
1 151 1 8
632 65 482 
633 482 483 
634 483 484 
635 484 485 
636 485 486 
637 486 487 
638 487 488 
639 488 112 
1 152 1 3
640 111 489 
641 489 490 
642 490 112 
1 153 1 8
643 47 491 
644 491 492 
645 492 493 
646 493 494 
647 494 495 
648 495 496 
649 496 497 
650 497 113 
1 154 1 1
651 114 113 
1 155 1 3
652 114 498 
653 498 499 
654 499 115 
1 156 1 3
655 115 500 
656 500 501 
657 501 116 
1 157 1 1
658 116 111 
1 158 1 8
659 67 502 
660 502 503 
661 503 504 
662 504 505 
663 505 506 
664 506 507 
665 507 508 
666 508 117 
1 159 1 3
667 113 509 
668 509 510 
669 510 117 
1 160 1 8
670 44 511 
671 511 512 
672 512 513 
673 513 514 
674 514 515 
675 515 516 
676 516 517 
677 517 118 
1 161 1 8
678 69 518 
679 518 519 
680 519 520 
681 520 521 
682 521 522 
683 522 523 
684 523 524 
685 524 119 
1 162 1 3
686 118 525 
687 525 526 
688 526 119 
1 163 1 8
689 39 527 
690 527 528 
691 528 529 
692 529 530 
693 530 531 
694 531 532 
695 532 533 
696 533 120 
1 164 1 1
697 121 120 
1 165 1 3
698 121 534 
699 534 535 
700 535 122 
1 166 1 3
701 122 536 
702 536 537 
703 537 123 
1 167 1 1
704 123 118 
1 168 1 8
705 71 538 
706 538 539 
707 539 540 
708 540 541 
709 541 542 
710 542 543 
711 543 544 
712 544 124 
1 169 1 3
713 120 545 
714 545 546 
715 546 124 
1 170 1 8
716 36 547 
717 547 548 
718 548 549 
719 549 550 
720 550 551 
721 551 552 
722 552 553 
723 553 125 
1 171 1 8
724 73 554 
725 554 555 
726 555 556 
727 556 557 
728 557 558 
729 558 559 
730 559 560 
731 560 126 
1 172 1 3
732 125 561 
733 561 562 
734 562 126 
1 173 1 8
735 31 563 
736 563 564 
737 564 565 
738 565 566 
739 566 567 
740 567 568 
741 568 569 
742 569 127 
1 174 1 1
743 128 127 
1 175 1 3
744 128 570 
745 570 571 
746 571 129 
1 176 1 3
747 129 572 
748 572 573 
749 573 130 
1 177 1 1
750 130 125 
1 178 1 8
751 75 574 
752 574 575 
753 575 576 
754 576 577 
755 577 578 
756 578 579 
757 579 580 
758 580 131 
1 179 1 3
759 127 581 
760 581 582 
761 582 131 
1 180 1 8
762 28 583 
763 583 584 
764 584 585 
765 585 586 
766 586 587 
767 587 588 
768 588 589 
769 589 132 
1 181 1 8
770 77 590 
771 590 591 
772 591 592 
773 592 593 
774 593 594 
775 594 595 
776 595 596 
777 596 133 
1 182 1 3
778 132 597 
779 597 598 
780 598 133 
1 183 1 8
781 23 599 
782 599 600 
783 600 601 
784 601 602 
785 602 603 
786 603 604 
787 604 605 
788 605 134 
1 184 1 1
789 135 134 
1 185 1 3
790 135 606 
791 606 607 
792 607 136 
1 186 1 3
793 136 608 
794 608 609 
795 609 137 
1 187 1 1
796 137 132 
1 188 1 8
797 79 610 
798 610 611 
799 611 612 
800 612 613 
801 613 614 
802 614 615 
803 615 616 
804 616 138 
1 189 1 3
805 134 617 
806 617 618 
807 618 138 
1 190 1 8
808 20 619 
809 619 620 
810 620 621 
811 621 622 
812 622 623 
813 623 624 
814 624 625 
815 625 139 
1 191 1 8
816 81 626 
817 626 627 
818 627 628 
819 628 629 
820 629 630 
821 630 631 
822 631 632 
823 632 140 
1 192 1 3
824 139 633 
825 633 634 
826 634 140 
1 193 1 8
827 15 635 
828 635 636 
829 636 637 
830 637 638 
831 638 639 
832 639 640 
833 640 641 
834 641 141 
1 194 1 1
835 142 141 
1 195 1 3
836 142 642 
837 642 643 
838 643 143 
1 196 1 3
839 143 644 
840 644 645 
841 645 144 
1 197 1 1
842 144 139 
1 198 1 8
843 83 646 
844 646 647 
845 647 648 
846 648 649 
847 649 650 
848 650 651 
849 651 652 
850 652 145 
1 199 1 3
851 141 653 
852 653 654 
853 654 145 
1 200 1 5
854 67 655 
855 655 656 
856 656 657 
857 657 658 
858 658 65 
1 201 1 5
859 71 659 
860 659 660 
861 660 661 
862 661 662 
863 662 69 
1 202 1 5
864 75 663 
865 663 664 
866 664 665 
867 665 666 
868 666 73 
1 203 1 5
869 79 667 
870 667 668 
871 668 669 
872 669 670 
873 670 77 
1 204 1 5
874 83 671 
875 671 672 
876 672 673 
877 673 674 
878 674 81 
1 205 1 3
879 116 675 
880 675 676 
881 676 146 
1 206 1 1
882 146 112 
1 207 1 1
883 147 117 
1 208 1 3
884 147 677 
885 677 678 
886 678 148 
1 209 1 3
887 148 679 
888 679 680 
889 680 146 
1 210 1 3
890 115 681 
891 681 682 
892 682 148 
1 211 1 3
893 114 683 
894 683 684 
895 684 147 
1 212 1 3
896 123 685 
897 685 686 
898 686 149 
1 213 1 1
899 149 119 
1 214 1 1
900 150 124 
1 215 1 3
901 150 687 
902 687 688 
903 688 151 
1 216 1 3
904 151 689 
905 689 690 
906 690 149 
1 217 1 3
907 122 691 
908 691 692 
909 692 151 
1 218 1 3
910 121 693 
911 693 694 
912 694 150 
1 219 1 3
913 130 695 
914 695 696 
915 696 152 
1 220 1 1
916 152 126 
1 221 1 1
917 153 131 
1 222 1 3
918 153 697 
919 697 698 
920 698 154 
1 223 1 3
921 154 699 
922 699 700 
923 700 152 
1 224 1 3
924 129 701 
925 701 702 
926 702 154 
1 225 1 3
927 128 703 
928 703 704 
929 704 153 
1 226 1 3
930 137 705 
931 705 706 
932 706 155 
1 227 1 1
933 155 133 
1 228 1 1
934 156 138 
1 229 1 3
935 156 707 
936 707 708 
937 708 157 
1 230 1 3
938 157 709 
939 709 710 
940 710 155 
1 231 1 3
941 136 711 
942 711 712 
943 712 157 
1 232 1 3
944 135 713 
945 713 714 
946 714 156 
1 233 1 3
947 144 715 
948 715 716 
949 716 158 
1 234 1 1
950 158 140 
1 235 1 1
951 159 145 
1 236 1 3
952 159 717 
953 717 718 
954 718 160 
1 237 1 3
955 160 719 
956 719 720 
957 720 158 
1 238 1 3
958 143 721 
959 721 722 
960 722 160 
1 239 1 3
961 142 723 
962 723 724 
963 724 159 
2 1 2 26
964 168 5 728 
965 6 166 727 
966 163 168 728 
967 166 162 727 
968 164 163 728 
969 162 161 727 
970 4 3 725 
971 1 7 726 
972 7 169 726 
973 165 4 725 
974 162 166 730 
975 168 163 729 
976 169 6 726 
977 5 165 725 
978 166 167 730 
979 167 168 729 
980 725 164 728 
981 161 726 727 
982 163 2 729 
983 2 162 730 
984 726 6 727 
985 5 725 728 
986 729 2 730 
987 167 729 730 
988 161 1 726 
989 3 164 725 
2 2 2 116
990 734 741 769 
991 161 170 1 
992 164 3 181 
993 741 734 767 
994 164 181 767 
995 170 161 740 
996 187 12 759 
997 8 739 766 
998 161 162 740 
999 8 176 739 
1000 757 763 768 
1001 751 760 769 
1002 760 743 769 
1003 763 748 768 
1004 740 162 742 
1005 764 732 768 
1006 743 734 769 
1007 177 9 766 
1008 11 180 744 
1009 749 754 764 
1010 749 764 768 
1011 754 749 765 
1012 162 2 742 
1013 736 754 765 
1014 761 177 766 
1015 757 759 763 
1016 2 734 742 
1017 754 736 772 
1018 180 737 744 
1019 181 741 767 
1020 747 731 774 
1021 731 761 774 
1022 738 175 745 
1023 185 732 755 
1024 740 742 758 
1025 176 738 739 
1026 738 746 747 
1027 738 745 746 
1028 184 185 755 
1029 755 732 764 
1030 750 735 751 
1031 176 175 738 
1032 183 735 750 
1033 181 182 741 
1034 741 182 750 
1035 744 737 759 
1036 747 746 748 
1037 736 173 756 
1038 732 186 757 
1039 174 736 745 
1040 175 174 745 
1041 172 171 733 
1042 735 184 755 
1043 185 186 732 
1044 172 733 756 
1045 739 738 774 
1046 742 734 743 
1047 186 187 757 
1048 751 735 752 
1049 751 752 753 
1050 182 183 750 
1051 173 172 756 
1052 183 184 735 
1053 174 173 736 
1054 752 735 755 
1055 753 752 754 
1056 170 740 773 
1057 759 737 763 
1058 758 760 770 
1059 739 761 766 
1060 733 758 770 
1061 745 736 765 
1062 731 747 771 
1063 750 751 769 
1064 748 746 749 
1065 742 743 758 
1066 171 170 773 
1067 754 752 764 
1068 2 163 734 
1069 740 758 773 
1070 10 178 731 
1071 751 753 760 
1072 758 743 760 
1073 180 179 737 
1074 734 163 767 
1075 178 177 761 
1076 179 10 762 
1077 749 746 765 
1078 747 748 771 
1079 752 755 764 
1080 746 745 765 
1081 738 747 774 
1082 732 757 768 
1083 163 164 767 
1084 757 187 759 
1085 741 750 769 
1086 736 756 772 
1087 731 178 761 
1088 737 762 763 
1089 10 731 762 
1090 748 749 768 
1091 748 763 771 
1092 756 733 770 
1093 733 171 773 
1094 737 179 762 
1095 758 733 773 
1096 753 754 772 
1097 763 762 771 
1098 762 731 771 
1099 756 770 772 
1100 770 753 772 
1101 760 753 770 
1102 9 8 766 
1103 12 11 744 
1104 761 739 774 
1105 12 744 759 
2 3 2 1036
1106 33 914 1212 
1107 6 915 1213 
1108 1105 915 1154 
1109 1103 914 1153 
1110 1007 856 1025 
1111 1008 832 1026 
1112 1132 1003 1206 
1113 999 1134 1204 
1114 1005 1133 1205 
1115 1001 1135 1203 
1116 206 25 1217 
1117 50 241 871 
1118 18 197 881 
1119 960 804 961 
1120 786 876 1018 
1121 232 1013 1075 
1122 188 1021 1078 
1123 221 1015 1077 
1124 1019 204 1080 
1125 1020 248 1079 
1126 1016 215 1076 
1127 856 1007 1100 
1128 832 1008 1101 
1129 1037 880 1081 
1130 953 1062 1144 
1131 5 168 878 
1132 34 219 877 
1133 42 230 879 
1134 231 777 1013 
1135 220 782 1015 
1136 780 216 1016 
1137 779 169 1020 
1138 165 783 1021 
1139 785 205 1019 
1140 1134 941 1204 
1141 940 1132 1206 
1142 1135 943 1203 
1143 1133 942 1205 
1144 1056 1105 1154 
1145 1057 1103 1153 
1146 775 238 1017 
1147 781 194 1022 
1148 778 227 1012 
1149 209 776 1014 
1150 198 784 1023 
1151 242 786 1018 
1152 1089 798 1171 
1153 1090 793 1170 
1154 1062 802 1144 
1155 1029 981 1191 
1156 974 1077 1162 
1157 977 1078 1163 
1158 980 1075 1161 
1159 992 1098 1103 
1160 989 1096 1105 
1161 993 1037 1082 
1162 1029 889 1030 
1163 1138 952 1145 
1164 1139 951 1143 
1165 1014 776 1194 
1166 778 1012 1193 
1167 781 1022 1195 
1168 775 1017 1196 
1169 981 1029 1038 
1170 984 258 1062 
1171 963 258 984 
1172 1023 784 1202 
1173 950 1024 1218 
1174 1006 950 1218 
1175 1043 937 1047 
1176 1039 934 1046 
1177 936 1040 1048 
1178 1041 935 1045 
1179 1076 994 1153 
1180 1079 995 1154 
1181 1077 974 1114 
1182 1078 977 1116 
1183 1075 980 1117 
1184 987 970 988 
1185 990 967 991 
1186 996 798 1089 
1187 997 793 1090 
1188 1037 870 1082 
1189 969 55 970 
1190 966 263 967 
1191 780 1076 1153 
1192 779 1079 1154 
1193 269 804 960 
1194 1065 939 1121 
1195 803 1138 1145 
1196 797 1139 1143 
1197 1044 1065 1121 
1198 938 1042 1058 
1199 857 854 1100 
1200 833 830 1101 
1201 889 1029 1191 
1202 1018 876 1113 
1203 969 970 987 
1204 966 967 990 
1205 1075 777 1161 
1206 1077 782 1162 
1207 1078 783 1163 
1208 1027 888 1099 
1209 1028 887 1097 
1210 1065 244 1113 
1211 166 6 1213 
1212 217 33 1212 
1213 959 232 1075 
1214 958 188 1078 
1215 954 221 1077 
1216 1029 961 1038 
1217 1110 979 1169 
1218 1111 976 1168 
1219 1024 950 1112 
1220 204 957 1080 
1221 248 955 1079 
1222 215 956 1076 
1223 972 1060 1167 
1224 973 1061 1165 
1225 45 233 1088 
1226 214 30 1083 
1227 37 222 1086 
1228 203 22 1084 
1229 13 189 1085 
1230 247 54 1087 
1231 854 856 1100 
1232 830 832 1101 
1233 257 258 963 
1234 1064 1104 1125 
1235 1063 1102 1124 
1236 880 1037 1185 
1237 244 243 1113 
1238 878 168 887 
1239 877 219 888 
1240 879 230 889 
1241 53 244 1044 
1242 994 1076 1118 
1243 995 1079 1119 
1244 1098 808 1103 
1245 1096 809 1105 
1246 236 46 1039 
1247 225 38 1041 
1248 29 211 1040 
1249 192 14 1043 
1250 889 230 1142 
1251 21 200 1042 
1252 258 259 1062 
1253 800 963 964 
1254 273 274 997 
1255 253 254 996 
1256 277 55 969 
1257 262 263 966 
1258 265 1070 1147 
1259 1071 261 1148 
1260 270 1069 1149 
1261 250 1072 1150 
1262 230 229 1142 
1263 1073 276 1151 
1264 1074 256 1152 
1265 937 1043 1091 
1266 1040 936 1094 
1267 935 1041 1093 
1268 934 1039 1095 
1269 46 234 1039 
1270 38 223 1041 
1271 213 29 1040 
1272 14 190 1043 
1273 202 21 1042 
1274 1064 971 1104 
1275 1063 968 1102 
1276 961 804 1049 
1277 1138 273 1187 
1278 1139 253 1188 
1279 265 266 1070 
1280 260 261 1071 
1281 270 271 1069 
1282 250 251 1072 
1283 275 276 1073 
1284 255 256 1074 
1285 1042 938 1092 
1286 1052 1119 1126 
1287 1054 1118 1129 
1288 1117 1053 1131 
1289 1050 1115 1128 
1290 1116 1051 1127 
1291 1114 1055 1130 
1292 1060 810 1167 
1293 1061 806 1165 
1294 1049 804 1219 
1295 1067 1110 1169 
1296 1066 1111 1168 
1297 960 961 962 
1298 1038 961 1049 
1299 273 997 1187 
1300 253 996 1188 
1301 807 207 1068 
1302 272 273 1138 
1303 252 253 1139 
1304 968 990 992 
1305 971 987 989 
1306 785 1019 1080 
1307 780 1016 1076 
1308 779 1020 1079 
1309 795 966 968 
1310 796 969 971 
1311 776 904 1194 
1312 907 778 1193 
1313 910 781 1195 
1314 913 775 1196 
1315 800 257 963 
1316 1030 889 1142 
1317 1046 934 1178 
1318 1047 937 1177 
1319 936 1048 1179 
1320 1045 935 1180 
1321 962 961 1029 
1322 988 970 1010 
1323 991 967 1011 
1324 992 990 1098 
1325 989 987 1096 
1326 803 1031 1069 
1327 797 1034 1072 
1328 1033 802 1071 
1329 801 1032 1070 
1330 1036 798 1074 
1331 1035 793 1073 
1332 1112 950 1146 
1333 1037 993 1185 
1334 1086 222 1130 
1335 214 1083 1129 
1336 247 1087 1126 
1337 1088 233 1131 
1338 1085 189 1127 
1339 203 1084 1128 
1340 222 954 1130 
1341 956 214 1129 
1342 955 247 1126 
1343 233 959 1131 
1344 189 958 1127 
1345 957 203 1128 
1346 943 1135 1145 
1347 942 1133 1146 
1348 941 1134 1143 
1349 1132 940 1144 
1350 964 993 1082 
1351 233 232 959 
1352 204 203 957 
1353 189 188 958 
1354 248 247 955 
1355 215 214 956 
1356 222 221 954 
1357 898 933 1059 
1358 970 55 1159 
1359 967 263 1160 
1360 945 1171 1173 
1361 944 1170 1172 
1362 271 272 803 
1363 274 275 793 
1364 266 267 801 
1365 259 260 802 
1366 269 270 804 
1367 261 262 795 
1368 264 265 794 
1369 256 257 800 
1370 276 277 796 
1371 249 250 799 
1372 251 252 797 
1373 254 255 798 
1374 1027 1099 1214 
1375 1028 1097 1215 
1376 844 843 1051 
1377 851 852 1050 
1378 812 811 1055 
1379 827 828 1052 
1380 819 820 1054 
1381 836 835 1053 
1382 869 870 982 
1383 868 867 977 
1384 864 863 980 
1385 860 859 974 
1386 894 929 1063 
1387 896 932 1064 
1388 1013 777 1075 
1389 1021 783 1078 
1390 1015 782 1077 
1391 807 1068 1199 
1392 1007 1025 1200 
1393 1008 1026 1201 
1394 784 886 1202 
1395 274 793 997 
1396 254 798 996 
1397 795 262 966 
1398 796 277 969 
1399 855 869 1050 
1400 867 847 1051 
1401 831 865 1052 
1402 863 839 1053 
1403 823 861 1054 
1404 859 815 1055 
1405 964 963 965 
1406 809 1096 1097 
1407 808 1098 1099 
1408 804 1149 1219 
1409 880 206 1217 
1410 852 855 1050 
1411 847 844 1051 
1412 828 831 1052 
1413 839 836 1053 
1414 820 823 1054 
1415 815 812 1055 
1416 1090 947 1136 
1417 1089 949 1137 
1418 855 858 869 
1419 850 847 867 
1420 842 839 863 
1421 831 834 865 
1422 823 826 861 
1423 818 815 859 
1424 809 1097 1140 
1425 808 1099 1141 
1426 938 1058 1198 
1427 997 1090 1136 
1428 996 1089 1137 
1429 268 269 960 
1430 899 857 1100 
1431 897 833 1101 
1432 971 969 987 
1433 968 966 990 
1434 902 208 1155 
1435 228 905 1156 
1436 195 908 1157 
1437 239 911 1158 
1438 964 965 993 
1439 800 964 1059 
1440 960 1024 1216 
1441 259 802 1062 
1442 1007 945 1173 
1443 1008 944 1172 
1444 874 944 1008 
1445 884 945 1007 
1446 865 866 995 
1447 861 862 994 
1448 793 1035 1170 
1449 798 1036 1171 
1450 801 1112 1146 
1451 1031 803 1145 
1452 1034 797 1143 
1453 802 1033 1144 
1454 1032 801 1146 
1455 801 267 1112 
1456 917 940 1206 
1457 941 923 1204 
1458 942 920 1205 
1459 943 926 1203 
1460 1057 992 1103 
1461 1056 989 1105 
1462 1005 1109 1133 
1463 1107 1003 1132 
1464 1001 1108 1135 
1465 999 1106 1134 
1466 1059 933 1152 
1467 1160 794 1168 
1468 1159 799 1169 
1469 795 968 1063 
1470 796 971 1064 
1471 211 210 1048 
1472 193 192 1047 
1473 226 225 1045 
1474 237 236 1046 
1475 271 803 1069 
1476 251 797 1072 
1477 802 260 1071 
1478 266 801 1070 
1479 798 255 1074 
1480 793 275 1073 
1481 1063 929 1148 
1482 1064 932 1151 
1483 1011 1160 1168 
1484 1010 1159 1169 
1485 268 960 1216 
1486 962 1029 1030 
1487 218 217 808 
1488 167 166 809 
1489 196 195 806 
1490 208 207 807 
1491 240 239 810 
1492 229 228 805 
1493 888 1027 1190 
1494 887 1028 1192 
1495 874 1008 1201 
1496 884 1007 1200 
1497 1050 869 1115 
1498 867 1051 1116 
1499 859 1055 1114 
1500 863 1053 1117 
1501 985 951 1139 
1502 986 952 1138 
1503 55 249 1159 
1504 263 264 1160 
1505 1052 865 1119 
1506 1054 861 1118 
1507 960 962 1024 
1508 878 887 1192 
1509 877 888 1190 
1510 879 889 1191 
1511 869 858 870 
1512 850 867 868 
1513 842 863 864 
1514 818 859 860 
1515 871 241 1174 
1516 881 197 1175 
1517 200 199 1058 
1518 987 988 1096 
1519 990 991 1098 
1520 845 848 937 
1521 824 821 936 
1522 813 816 935 
1523 837 840 934 
1524 1068 1009 1199 
1525 1186 876 1201 
1526 1026 1186 1201 
1527 993 965 1009 
1528 207 206 1068 
1529 832 829 939 
1530 856 853 938 
1531 1109 891 1133 
1532 895 1107 1132 
1533 1108 893 1135 
1534 1106 901 1134 
1535 959 1117 1131 
1536 1115 957 1128 
1537 958 1116 1127 
1538 954 1114 1130 
1539 1119 955 1126 
1540 1118 956 1129 
1541 1133 1032 1146 
1542 1033 1132 1144 
1543 1135 1031 1145 
1544 1134 1034 1143 
1545 995 866 1056 
1546 994 862 1057 
1547 241 240 1122 
1548 197 196 1123 
1549 965 963 984 
1550 971 989 1104 
1551 968 992 1102 
1552 1198 886 1200 
1553 865 995 1119 
1554 861 994 1118 
1555 828 789 829 
1556 792 844 845 
1557 852 791 853 
1558 787 836 837 
1559 820 790 821 
1560 788 812 813 
1561 1025 1198 1200 
1562 887 168 1140 
1563 888 219 1141 
1564 947 946 1060 
1565 949 948 1061 
1566 982 870 1037 
1567 927 952 972 
1568 924 951 973 
1569 1048 210 1194 
1570 193 1047 1195 
1571 226 1045 1193 
1572 237 1046 1196 
1573 830 829 832 
1574 813 814 816 
1575 822 821 824 
1576 845 846 848 
1577 854 853 856 
1578 837 838 840 
1579 868 977 978 
1580 864 980 981 
1581 860 974 975 
1582 212 213 790 
1583 201 202 791 
1584 245 246 789 
1585 223 224 788 
1586 190 191 792 
1587 234 235 787 
1588 1060 946 1122 
1589 1061 948 1123 
1590 974 859 1114 
1591 869 982 1115 
1592 977 867 1116 
1593 980 863 1117 
1594 865 834 866 
1595 861 826 862 
1596 1017 237 1196 
1597 1012 226 1193 
1598 210 1014 1194 
1599 1022 193 1195 
1600 1059 964 1082 
1601 972 952 986 
1602 973 951 985 
1603 994 1057 1153 
1604 995 1056 1154 
1605 921 950 1006 
1606 1218 1030 1220 
1607 804 270 1149 
1608 794 265 1147 
1609 261 795 1148 
1610 799 250 1150 
1611 937 848 998 
1612 824 936 1002 
1613 935 816 1004 
1614 934 840 1000 
1615 276 796 1151 
1616 256 800 1152 
1617 855 857 858 
1618 849 847 850 
1619 831 833 834 
1620 841 839 842 
1621 823 825 826 
1622 817 815 818 
1623 852 854 855 
1624 846 844 847 
1625 828 830 831 
1626 838 836 839 
1627 820 822 823 
1628 814 812 815 
1629 243 1018 1113 
1630 874 875 944 
1631 884 885 945 
1632 1170 1035 1172 
1633 1171 1036 1173 
1634 891 928 1032 
1635 929 895 1033 
1636 901 931 1034 
1637 893 930 1031 
1638 932 897 1035 
1639 933 899 1036 
1640 845 937 1091 
1641 936 821 1094 
1642 813 935 1093 
1643 837 934 1095 
1644 931 900 1067 
1645 928 890 1066 
1646 917 918 940 
1647 924 923 941 
1648 921 920 942 
1649 927 926 943 
1650 1058 199 1202 
1651 199 1023 1202 
1652 264 794 1160 
1653 249 799 1159 
1654 1039 234 1095 
1655 1041 223 1093 
1656 213 1040 1094 
1657 1043 190 1091 
1658 817 890 891 
1659 894 825 895 
1660 849 900 901 
1661 841 892 893 
1662 939 829 1121 
1663 896 833 897 
1664 898 857 899 
1665 1004 816 1005 
1666 824 1002 1003 
1667 1000 840 1001 
1668 998 848 999 
1669 953 918 983 
1670 810 1060 1122 
1671 806 1061 1123 
1672 1067 900 1110 
1673 1066 890 1111 
1674 168 167 1140 
1675 219 218 1141 
1676 202 1042 1092 
1677 1169 979 1210 
1678 1168 976 1211 
1679 212 790 819 
1680 788 224 811 
1681 245 789 827 
1682 792 191 843 
1683 201 791 851 
1684 787 235 835 
1685 229 805 1142 
1686 938 853 1092 
1687 832 939 1026 
1688 856 938 1025 
1689 896 1064 1125 
1690 894 1063 1124 
1691 1006 1218 1220 
1692 885 883 948 
1693 875 873 946 
1694 845 844 846 
1695 828 829 830 
1696 852 853 854 
1697 813 812 814 
1698 820 821 822 
1699 837 836 838 
1700 924 941 951 
1701 927 943 952 
1702 921 942 950 
1703 940 918 953 
1704 855 854 857 
1705 846 847 849 
1706 831 830 833 
1707 838 839 841 
1708 823 822 825 
1709 814 815 817 
1710 872 873 874 
1711 882 883 884 
1712 885 948 949 
1713 875 946 947 
1714 800 1059 1152 
1715 197 1123 1175 
1716 241 1122 1174 
1717 1080 1115 1189 
1718 803 272 1138 
1719 797 252 1139 
1720 884 883 885 
1721 874 873 875 
1722 901 900 931 
1723 894 895 929 
1724 891 890 928 
1725 893 892 930 
1726 898 899 933 
1727 896 897 932 
1728 792 843 844 
1729 827 789 828 
1730 851 791 852 
1731 788 811 812 
1732 819 790 820 
1733 787 835 836 
1734 858 857 898 
1735 849 850 900 
1736 834 833 896 
1737 841 842 892 
1738 826 825 894 
1739 817 818 890 
1740 898 1059 1207 
1741 992 1057 1102 
1742 989 1056 1104 
1743 796 1064 1151 
1744 795 1063 1148 
1745 932 1035 1073 
1746 933 1036 1074 
1747 1034 931 1072 
1748 929 1033 1071 
1749 1032 928 1070 
1750 1031 930 1069 
1751 1038 1049 1120 
1752 35 220 1015 
1753 216 32 1016 
1754 169 7 1020 
1755 43 231 1013 
1756 4 165 1021 
1757 205 24 1019 
1758 236 1039 1046 
1759 192 1043 1047 
1760 1040 211 1048 
1761 225 1041 1045 
1762 915 1105 1213 
1763 914 1103 1212 
1764 1115 982 1189 
1765 952 943 1145 
1766 951 941 1143 
1767 950 942 1146 
1768 940 953 1144 
1769 864 981 1038 
1770 1082 870 1207 
1771 976 975 1027 
1772 979 978 1028 
1773 1096 988 1097 
1774 1098 991 1099 
1775 1044 244 1065 
1776 227 40 1012 
1777 27 209 1014 
1778 238 48 1017 
1779 194 16 1022 
1780 851 1050 1128 
1781 827 1052 1126 
1782 1051 843 1127 
1783 1055 811 1130 
1784 819 1054 1129 
1785 1053 835 1131 
1786 51 242 1018 
1787 19 198 1023 
1788 1042 200 1058 
1789 944 875 1090 
1790 945 885 1089 
1791 904 1179 1194 
1792 1178 913 1196 
1793 1177 910 1195 
1794 1180 907 1193 
1795 982 1037 1081 
1796 817 891 1109 
1797 895 825 1107 
1798 849 901 1106 
1799 841 893 1108 
1800 988 1010 1215 
1801 991 1011 1214 
1802 1123 948 1175 
1803 1122 946 1174 
1804 824 1003 1107 
1805 1005 816 1109 
1806 999 848 1106 
1807 1001 840 1108 
1808 240 810 1122 
1809 196 806 1123 
1810 860 975 976 
1811 868 978 979 
1812 206 880 1068 
1813 1113 876 1186 
1814 975 974 1162 
1815 978 977 1163 
1816 981 980 1161 
1817 965 984 1176 
1818 945 1089 1171 
1819 944 1090 1170 
1820 962 1030 1218 
1821 1062 953 1197 
1822 903 916 917 
1823 922 909 923 
1824 919 906 920 
1825 925 912 926 
1826 792 845 1091 
1827 788 813 1093 
1828 821 790 1094 
1829 787 837 1095 
1830 853 791 1092 
1831 875 947 1090 
1832 885 949 1089 
1833 870 858 1207 
1834 909 781 910 
1835 912 775 913 
1836 776 903 904 
1837 906 778 907 
1838 842 864 1120 
1839 22 201 1084 
1840 224 37 1086 
1841 191 13 1085 
1842 30 212 1083 
1843 54 245 1087 
1844 235 45 1088 
1845 822 824 1107 
1846 816 814 1109 
1847 848 846 1106 
1848 840 838 1108 
1849 190 792 1091 
1850 223 788 1093 
1851 234 787 1095 
1852 790 213 1094 
1853 791 202 1092 
1854 784 882 886 
1855 786 872 876 
1856 903 917 1184 
1857 926 912 1181 
1858 923 909 1183 
1859 920 906 1182 
1860 246 53 1044 
1861 1057 862 1102 
1862 1056 866 1104 
1863 850 868 1110 
1864 818 860 1111 
1865 892 842 1120 
1866 917 916 918 
1867 922 923 924 
1868 919 920 921 
1869 925 926 927 
1870 927 972 1167 
1871 924 973 1165 
1872 1011 967 1160 
1873 1010 970 1159 
1874 1065 1113 1186 
1875 167 809 1140 
1876 218 808 1141 
1877 1027 975 1190 
1878 1028 978 1192 
1879 809 166 1213 
1880 808 217 1212 
1881 1112 267 1216 
1882 900 850 1110 
1883 890 818 1111 
1884 829 789 1121 
1885 921 1006 1166 
1886 834 896 1125 
1887 826 894 1124 
1888 891 1032 1133 
1889 1033 895 1132 
1890 901 1034 1134 
1891 893 1031 1135 
1892 864 1038 1120 
1893 1097 887 1140 
1894 1099 888 1141 
1895 1179 1048 1194 
1896 1047 1177 1195 
1897 1046 1178 1196 
1898 1045 1180 1193 
1899 928 1066 1147 
1900 931 1067 1150 
1901 1103 808 1212 
1902 1105 809 1213 
1903 954 1077 1114 
1904 959 1075 1117 
1905 958 1078 1116 
1906 242 50 786 
1907 209 26 776 
1908 49 238 775 
1909 25 205 785 
1910 33 216 780 
1911 220 34 782 
1912 6 169 779 
1913 165 5 783 
1914 17 194 781 
1915 41 227 778 
1916 198 18 784 
1917 231 42 777 
1918 1081 785 1189 
1919 886 1198 1202 
1920 789 246 1121 
1921 983 918 1164 
1922 208 807 1155 
1923 806 195 1157 
1924 810 239 1158 
1925 805 228 1156 
1926 846 849 1106 
1927 825 822 1107 
1928 838 841 1108 
1929 814 817 1109 
1930 984 1062 1197 
1931 811 224 1086 
1932 843 191 1085 
1933 835 235 1088 
1934 201 851 1084 
1935 212 819 1083 
1936 245 827 1087 
1937 986 1138 1187 
1938 985 1139 1188 
1939 776 902 903 
1940 911 775 912 
1941 905 778 906 
1942 908 781 909 
1943 860 976 1111 
1944 868 979 1110 
1945 892 1120 1219 
1946 1066 794 1147 
1947 1067 799 1150 
1948 993 1009 1185 
1949 946 873 1174 
1950 948 883 1175 
1951 872 871 873 
1952 882 881 883 
1953 267 268 1216 
1954 1024 962 1218 
1955 1036 899 1173 
1956 1035 897 1172 
1957 1198 1058 1202 
1958 913 1178 1181 
1959 907 1180 1182 
1960 1179 904 1184 
1961 910 1177 1183 
1962 862 826 1124 
1963 866 834 1125 
1964 975 1162 1190 
1965 978 1163 1192 
1966 981 1161 1191 
1967 1176 984 1197 
1968 1178 1000 1181 
1969 1180 1004 1182 
1970 1177 998 1183 
1971 1002 1179 1184 
1972 973 985 1208 
1973 972 986 1209 
1974 785 1080 1189 
1975 983 1164 1199 
1976 939 1065 1186 
1977 1009 965 1176 
1978 903 902 916 
1979 908 909 922 
1980 905 906 919 
1981 911 912 925 
1982 794 1066 1168 
1983 799 1067 1169 
1984 1080 957 1115 
1985 1059 1082 1207 
1986 1099 991 1214 
1987 1097 988 1215 
1988 1070 928 1147 
1989 929 1071 1148 
1990 1069 930 1149 
1991 1072 931 1150 
1992 932 1073 1151 
1993 933 1074 1152 
1994 947 1060 1209 
1995 949 1061 1208 
1996 886 882 1200 
1997 876 872 1201 
1998 1076 956 1118 
1999 1079 955 1119 
2000 1068 880 1185 
2001 996 1137 1188 
2002 997 1136 1187 
2003 882 884 1200 
2004 872 874 1201 
2005 786 871 872 
2006 784 881 882 
2007 937 998 1177 
2008 934 1000 1178 
2009 1002 936 1179 
2010 935 1004 1180 
2011 1101 1008 1172 
2012 1100 1007 1173 
2013 1102 862 1124 
2014 1104 866 1125 
2015 1009 1068 1185 
2016 1060 972 1209 
2017 1061 973 1208 
2018 1026 939 1186 
2019 776 26 902 
2020 17 781 908 
2021 49 775 911 
2022 41 778 905 
2023 1120 1049 1219 
2024 33 780 914 
2025 6 779 915 
2026 982 1081 1189 
2027 916 902 1155 
2028 905 919 1156 
2029 908 922 1157 
2030 911 925 1158 
2031 1149 930 1219 
2032 1030 1142 1220 
2033 953 983 1197 
2034 246 1044 1121 
2035 983 1176 1197 
2036 899 1100 1173 
2037 897 1101 1172 
2038 873 871 1174 
2039 883 881 1175 
2040 1000 1001 1203 
2041 1004 1005 1205 
2042 998 999 1204 
2043 1003 1002 1206 
2044 1025 938 1198 
2045 918 916 1164 
2046 922 924 1165 
2047 919 921 1166 
2048 925 927 1167 
2049 1142 805 1220 
2050 785 1081 1217 
2051 1164 807 1199 
2052 811 1086 1130 
2053 1084 851 1128 
2054 843 1085 1127 
2055 1087 827 1126 
2056 835 1088 1131 
2057 1083 819 1129 
2058 858 898 1207 
2059 985 1137 1208 
2060 986 1136 1209 
2061 914 780 1153 
2062 915 779 1154 
2063 1136 947 1209 
2064 1137 949 1208 
2065 786 50 871 
2066 784 18 881 
2067 1162 877 1190 
2068 1163 878 1192 
2069 1161 879 1191 
2070 912 913 1181 
2071 909 910 1183 
2072 906 907 1182 
2073 904 903 1184 
2074 1136 986 1187 
2075 1137 985 1188 
2076 979 1028 1210 
2077 976 1027 1211 
2078 1166 1006 1220 
2079 923 1183 1204 
2080 1184 917 1206 
2081 926 1181 1203 
2082 920 1182 1205 
2083 930 892 1219 
2084 1009 1176 1199 
2085 783 5 878 
2086 782 34 877 
2087 777 42 879 
2088 1081 880 1217 
2089 1176 983 1199 
2090 1181 1000 1203 
2091 1182 1004 1205 
2092 1183 998 1204 
2093 1002 1184 1206 
2094 916 1155 1164 
2095 1157 922 1165 
2096 1156 919 1166 
2097 1158 925 1167 
2098 1024 1112 1216 
2099 1010 1169 1210 
2100 1011 1168 1211 
2101 782 877 1162 
2102 777 879 1161 
2103 783 878 1163 
2104 25 785 1217 
2105 1010 1210 1215 
2106 1011 1211 1214 
2107 1155 807 1164 
2108 805 1156 1166 
2109 806 1157 1165 
2110 810 1158 1167 
2111 1211 1027 1214 
2112 1210 1028 1215 
2113 805 1166 1220 
2114 7 1 248 
2115 4 188 3 
2116 188 4 1021 
2117 7 248 1020 
2118 16 15 193 
2119 16 193 1022 
2120 195 17 908 
2121 199 20 19 
2122 199 19 1023 
2123 204 24 23 
2124 24 204 1019 
2125 26 208 902 
2126 210 28 27 
2127 210 27 1014 
2128 215 32 31 
2129 32 215 1016 
2130 36 35 221 
2131 221 35 1015 
2132 40 39 226 
2133 40 226 1012 
2134 228 41 905 
2135 44 43 232 
2136 232 43 1013 
2137 47 237 48 
2138 48 237 1017 
2139 239 49 911 
2140 52 51 243 
2141 243 51 1018 
2 4 2 66
2142 1221 1242 1231 
2143 1232 1242 1221 
2144 1222 1243 1234 
2145 1233 1243 1222 
2146 285 1225 284 
2147 282 1228 1223 
2148 1225 1227 284 
2149 283 1228 282 
2150 185 1230 186 
2151 1224 1230 185 
2152 1227 1228 283 
2153 1226 1229 183 
2154 282 1223 281 
2155 182 1226 183 
2156 184 1224 185 
2157 184 1229 1224 
2158 183 1229 184 
2159 284 1227 283 
2160 287 1221 288 
2161 279 1222 278 
2162 286 1231 285 
2163 186 1232 187 
2164 281 1233 280 
2165 181 1234 182 
2166 285 1231 1225 
2167 1230 1232 186 
2168 1223 1233 281 
2169 182 1234 1226 
2170 187 1237 12 
2171 57 1235 286 
2172 3 1238 181 
2173 280 1236 56 
2174 288 1235 57 
2175 56 1236 279 
2176 12 1237 287 
2177 278 1238 3 
2178 286 1235 1231 
2179 1232 1237 187 
2180 181 1238 1234 
2181 1233 1236 280 
2182 1240 1241 1229 
2183 1228 1241 1240 
2184 1228 1240 1223 
2185 1225 1239 1227 
2186 1224 1239 1230 
2187 1229 1241 1224 
2188 1226 1240 1229 
2189 1227 1241 1228 
2190 1239 1241 1227 
2191 1224 1241 1239 
2192 1225 1242 1239 
2193 1239 1242 1230 
2194 1226 1243 1240 
2195 1240 1243 1223 
2196 1231 1235 1221 
2197 1221 1237 1232 
2198 1222 1236 1233 
2199 1234 1238 1222 
2200 287 1237 1221 
2201 1222 1238 278 
2202 279 1236 1222 
2203 1221 1235 288 
2204 1231 1242 1225 
2205 1230 1242 1232 
2206 1223 1243 1233 
2207 1234 1243 1226 
2 5 2 12
2208 288 1246 287 
2209 290 1245 58 
2210 57 1245 288 
2211 289 1246 290 
2212 287 1244 12 
2213 11 1244 289 
2214 289 1244 287 
2215 58 1245 57 
2216 290 1246 288 
2217 287 1246 289 
2218 288 1245 290 
2219 12 1244 11 
2 6 2 26
2220 1248 1251 1249 
2221 1249 1254 1247 
2222 289 1253 11 
2223 58 1252 290 
2224 294 1251 59 
2225 10 1254 293 
2226 1247 1253 1250 
2227 1250 1252 1248 
2228 1249 1251 294 
2229 293 1254 1249 
2230 293 1249 294 
2231 1249 1250 1248 
2232 1247 1250 1249 
2233 1250 1253 289 
2234 290 1252 1250 
2235 291 1248 292 
2236 180 1247 179 
2237 290 1250 289 
2238 59 1251 291 
2239 179 1254 10 
2240 292 1252 58 
2241 11 1253 180 
2242 1248 1252 292 
2243 180 1253 1247 
2244 291 1251 1248 
2245 1247 1254 179 
2 7 2 26
2246 1255 1262 1257 
2247 1257 1260 1256 
2248 293 1262 10 
2249 59 1260 294 
2250 298 1259 60 
2251 9 1261 297 
2252 1256 1259 1258 
2253 1258 1261 1255 
2254 1257 1262 293 
2255 294 1260 1257 
2256 294 1257 293 
2257 1256 1258 1257 
2258 1257 1258 1255 
2259 1258 1259 298 
2260 297 1261 1258 
2261 295 1256 296 
2262 178 1255 177 
2263 297 1258 298 
2264 60 1259 295 
2265 177 1261 9 
2266 296 1260 59 
2267 10 1262 178 
2268 1256 1260 296 
2269 178 1262 1255 
2270 295 1259 1256 
2271 1255 1261 177 
2 8 2 12
2272 300 1264 61 
2273 60 1264 298 
2274 8 1263 299 
2275 297 1263 9 
2276 299 1265 300 
2277 298 1265 297 
2278 299 1263 297 
2279 300 1265 298 
2280 298 1264 300 
2281 61 1264 60 
2282 9 1263 8 
2283 297 1265 299 
2 9 2 66
2284 1276 1266 1287 
2285 1266 1277 1287 
2286 1267 1279 1288 
2287 1278 1267 1288 
2288 174 175 1271 
2289 1270 173 1272 
2290 174 1271 1272 
2291 308 307 1275 
2292 307 1269 1275 
2293 173 174 1272 
2294 1269 306 1274 
2295 172 1270 1273 
2296 305 304 1268 
2297 307 306 1269 
2298 171 172 1273 
2299 172 173 1270 
2300 305 1268 1274 
2301 306 305 1274 
2302 299 300 1266 
2303 302 301 1267 
2304 175 176 1276 
2305 309 308 1277 
2306 170 171 1279 
2307 304 303 1278 
2308 1271 175 1276 
2309 308 1275 1277 
2310 1268 304 1278 
2311 171 1273 1279 
2312 176 8 1282 
2313 61 309 1280 
2314 1 170 1283 
2315 303 62 1281 
2316 300 61 1280 
2317 62 302 1281 
2318 8 299 1282 
2319 301 1 1283 
2320 1276 176 1282 
2321 309 1277 1280 
2322 170 1279 1283 
2323 1278 303 1281 
2324 1270 1272 1285 
2325 1272 1271 1284 
2326 1285 1274 1286 
2327 1275 1269 1284 
2328 1270 1285 1286 
2329 1272 1284 1285 
2330 1269 1274 1285 
2331 1274 1268 1286 
2332 1273 1270 1286 
2333 1284 1269 1285 
2334 1284 1271 1287 
2335 1275 1284 1287 
2336 1286 1268 1288 
2337 1273 1286 1288 
2338 1266 1276 1282 
2339 1277 1266 1280 
2340 1267 1278 1281 
2341 1279 1267 1283 
2342 299 1266 1282 
2343 1267 301 1283 
2344 302 1267 1281 
2345 1266 300 1280 
2346 1271 1276 1287 
2347 1277 1275 1287 
2348 1268 1278 1288 
2349 1279 1273 1288 
2 10 2 26
2350 1291 1295 1289 
2351 1289 1296 1292 
2352 1291 1292 1290 
2353 310 1290 311 
2354 1292 1296 301 
2355 312 1295 1291 
2356 301 1296 1 
2357 54 1295 312 
2358 312 1291 313 
2359 1289 1292 1291 
2360 313 1293 63 
2361 62 1294 302 
2362 302 1292 301 
2363 248 1289 247 
2364 1290 1293 1291 
2365 63 1293 310 
2366 311 1294 62 
2367 1292 1294 1290 
2368 1291 1293 313 
2369 302 1294 1292 
2370 248 1296 1289 
2371 1289 1295 247 
2372 310 1293 1290 
2373 1290 1294 311 
2374 247 1295 54 
2375 1 1296 248 
2 11 2 18
2376 312 313 1300 
2377 315 314 1300 
2378 313 1299 1300 
2379 1299 315 1300 
2380 1298 312 1300 
2381 314 1298 1300 
2382 313 1297 1299 
2383 1297 315 1299 
2384 316 317 1297 
2385 246 245 1298 
2386 53 246 1298 
2387 314 53 1298 
2388 245 54 1298 
2389 54 312 1298 
2390 313 63 1297 
2391 63 316 1297 
2392 64 315 1297 
2393 317 64 1297 
2 12 2 26
2394 1301 1308 1303 
2395 1304 1307 1301 
2396 318 1302 319 
2397 1302 1304 1303 
2398 314 1308 53 
2399 52 1307 320 
2400 320 1307 1304 
2401 1303 1308 314 
2402 315 1303 314 
2403 321 1306 65 
2404 64 1305 315 
2405 1303 1304 1301 
2406 320 1304 321 
2407 244 1301 243 
2408 1303 1305 1302 
2409 65 1306 318 
2410 319 1305 64 
2411 1302 1306 1304 
2412 315 1305 1303 
2413 1304 1306 321 
2414 1301 1307 243 
2415 244 1308 1301 
2416 318 1306 1302 
2417 1302 1305 319 
2418 243 1307 52 
2419 53 1308 244 
2 13 2 19
2420 51 52 1309 
2421 325 241 1309 
2422 49 239 1311 
2423 242 51 1309 
2424 324 323 240 
2425 324 240 241 
2426 323 239 240 
2427 325 324 241 
2428 323 322 239 
2429 239 322 1311 
2430 47 48 1310 
2431 48 238 1310 
2432 322 1310 1311 
2433 238 49 1310 
2434 50 242 1309 
2435 1310 49 1311 
2436 322 47 1310 
2437 52 325 1309 
2438 241 50 1309 
2 14 2 26
2439 1314 1318 1312 
2440 1312 1319 1315 
2441 1314 1315 1313 
2442 326 1313 327 
2443 1315 1319 330 
2444 328 1318 1314 
2445 330 1319 47 
2446 46 1318 328 
2447 328 1314 329 
2448 1312 1315 1314 
2449 329 1316 66 
2450 67 1317 331 
2451 331 1315 330 
2452 237 1312 236 
2453 1313 1316 1314 
2454 66 1316 326 
2455 327 1317 67 
2456 1315 1317 1313 
2457 1314 1316 329 
2458 331 1317 1315 
2459 237 1319 1312 
2460 1312 1318 236 
2461 326 1316 1313 
2462 1313 1317 327 
2463 47 1319 237 
2464 236 1318 46 
2 15 2 18
2465 333 332 1323 
2466 328 329 1323 
2467 332 1322 1323 
2468 1322 328 1323 
2469 1320 333 1323 
2470 329 1320 1323 
2471 332 1321 1322 
2472 1321 328 1322 
2473 334 335 1320 
2474 235 234 1321 
2475 45 235 1321 
2476 332 45 1321 
2477 234 46 1321 
2478 46 328 1321 
2479 329 66 1320 
2480 66 334 1320 
2481 68 333 1320 
2482 335 68 1320 
2 16 2 26
2483 1324 1331 1326 
2484 1327 1330 1324 
2485 336 1325 337 
2486 1325 1327 1326 
2487 332 1331 45 
2488 44 1330 338 
2489 338 1330 1327 
2490 1326 1331 332 
2491 333 1326 332 
2492 339 1329 69 
2493 68 1328 333 
2494 1326 1327 1324 
2495 338 1327 339 
2496 233 1324 232 
2497 1326 1328 1325 
2498 69 1329 336 
2499 337 1328 68 
2500 1325 1329 1327 
2501 333 1328 1326 
2502 1327 1329 339 
2503 1324 1330 232 
2504 233 1331 1324 
2505 336 1329 1325 
2506 1325 1328 337 
2507 232 1330 44 
2508 45 1331 233 
2 17 2 21
2509 41 228 1335 
2510 230 42 1334 
2511 342 341 229 
2512 341 228 229 
2513 342 229 230 
2514 341 340 228 
2515 343 342 230 
2516 228 340 1335 
2517 343 230 1334 
2518 39 40 1332 
2519 43 44 1333 
2520 40 227 1332 
2521 231 43 1333 
2522 1333 343 1334 
2523 340 1332 1335 
2524 227 41 1332 
2525 42 231 1333 
2526 42 1333 1334 
2527 1332 41 1335 
2528 340 39 1332 
2529 44 343 1333 
2 18 2 26
2530 1338 1343 1336 
2531 1336 1342 1339 
2532 344 1337 345 
2533 1338 1339 1337 
2534 348 1342 39 
2535 38 1343 346 
2536 1339 1342 348 
2537 346 1343 1338 
2538 346 1338 347 
2539 347 1340 70 
2540 71 1341 349 
2541 1336 1339 1338 
2542 349 1339 348 
2543 226 1336 225 
2544 1337 1340 1338 
2545 70 1340 344 
2546 345 1341 71 
2547 1339 1341 1337 
2548 1338 1340 347 
2549 349 1341 1339 
2550 226 1342 1336 
2551 1336 1343 225 
2552 344 1340 1337 
2553 1337 1341 345 
2554 225 1343 38 
2555 39 1342 226 
2 19 2 16
2556 347 1344 1346 
2557 1345 346 1346 
2558 1344 351 1346 
2559 350 1345 1346 
2560 346 347 1346 
2561 351 350 1346 
2562 224 223 1345 
2563 352 353 1344 
2564 37 224 1345 
2565 350 37 1345 
2566 223 38 1345 
2567 38 346 1345 
2568 347 70 1344 
2569 70 352 1344 
2570 72 351 1344 
2571 353 72 1344 
2 20 2 26
2572 1347 1354 1349 
2573 1350 1353 1347 
2574 1348 1350 1349 
2575 354 1348 355 
2576 356 1353 1350 
2577 1349 1354 350 
2578 350 1354 37 
2579 36 1353 356 
2580 351 1349 350 
2581 1349 1350 1347 
2582 357 1352 73 
2583 72 1351 351 
2584 356 1350 357 
2585 222 1347 221 
2586 1349 1351 1348 
2587 73 1352 354 
2588 355 1351 72 
2589 1348 1352 1350 
2590 351 1351 1349 
2591 1350 1352 357 
2592 222 1354 1347 
2593 1347 1353 221 
2594 354 1352 1348 
2595 1348 1351 355 
2596 221 1353 36 
2597 37 1354 222 
2 21 2 21
2598 219 34 1358 
2599 33 217 1357 
2600 359 218 360 
2601 360 218 219 
2602 218 359 217 
2603 361 360 219 
2604 359 358 217 
2605 217 358 1357 
2606 361 219 1358 
2607 31 32 1355 
2608 35 36 1356 
2609 32 216 1355 
2610 220 35 1356 
2611 1356 361 1358 
2612 358 1355 1357 
2613 216 33 1355 
2614 34 220 1356 
2615 1355 33 1357 
2616 34 1356 1358 
2617 358 31 1355 
2618 36 361 1356 
2 22 2 26
2619 1361 1366 1359 
2620 1359 1365 1362 
2621 1361 1362 1360 
2622 362 1360 363 
2623 1362 1365 366 
2624 364 1366 1361 
2625 366 1365 31 
2626 30 1366 364 
2627 364 1361 365 
2628 1359 1362 1361 
2629 365 1363 74 
2630 75 1364 367 
2631 367 1362 366 
2632 215 1359 214 
2633 1360 1363 1361 
2634 74 1363 362 
2635 363 1364 75 
2636 1362 1364 1360 
2637 1361 1363 365 
2638 367 1364 1362 
2639 215 1365 1359 
2640 1359 1366 214 
2641 362 1363 1360 
2642 1360 1364 363 
2643 214 1366 30 
2644 31 1365 215 
2 23 2 18
2645 369 368 1370 
2646 364 365 1370 
2647 368 1369 1370 
2648 1369 364 1370 
2649 1367 369 1370 
2650 365 1367 1370 
2651 368 1368 1369 
2652 1368 364 1369 
2653 213 212 1368 
2654 370 371 1367 
2655 29 213 1368 
2656 368 29 1368 
2657 212 30 1368 
2658 30 364 1368 
2659 365 74 1367 
2660 74 370 1367 
2661 76 369 1367 
2662 371 76 1367 
2 24 2 26
2663 1373 1377 1371 
2664 1371 1378 1374 
2665 1373 1374 1372 
2666 372 1372 373 
2667 1374 1378 368 
2668 374 1377 1373 
2669 368 1378 29 
2670 28 1377 374 
2671 374 1373 375 
2672 1371 1374 1373 
2673 375 1376 77 
2674 76 1375 369 
2675 369 1374 368 
2676 211 1371 210 
2677 1372 1376 1373 
2678 77 1376 372 
2679 373 1375 76 
2680 1374 1375 1372 
2681 1373 1376 375 
2682 369 1375 1374 
2683 211 1378 1371 
2684 1371 1377 210 
2685 372 1376 1372 
2686 1372 1375 373 
2687 210 1377 28 
2688 29 1378 211 
2 25 2 21
2689 208 26 1381 
2690 25 206 1382 
2691 377 207 378 
2692 207 208 378 
2693 207 377 206 
2694 208 379 378 
2695 377 376 206 
2696 379 208 1381 
2697 206 376 1382 
2698 27 28 1379 
2699 23 24 1380 
2700 209 27 1379 
2701 24 205 1380 
2702 1379 379 1381 
2703 376 1380 1382 
2704 26 209 1379 
2705 205 25 1380 
2706 1380 25 1382 
2707 26 1379 1381 
2708 376 23 1380 
2709 28 379 1379 
2 26 2 26
2710 1383 1390 1385 
2711 1386 1389 1383 
2712 380 1384 381 
2713 1384 1386 1385 
2714 384 1390 23 
2715 22 1389 382 
2716 382 1389 1386 
2717 1385 1390 384 
2718 385 1385 384 
2719 383 1388 78 
2720 79 1387 385 
2721 1385 1386 1383 
2722 382 1386 383 
2723 204 1383 203 
2724 1385 1387 1384 
2725 78 1388 380 
2726 381 1387 79 
2727 1384 1388 1386 
2728 385 1387 1385 
2729 1386 1388 383 
2730 204 1390 1383 
2731 1383 1389 203 
2732 380 1388 1384 
2733 1384 1387 381 
2734 203 1389 22 
2735 23 1390 204 
2 27 2 16
2736 383 1391 1393 
2737 1392 382 1393 
2738 1391 387 1393 
2739 386 1392 1393 
2740 382 383 1393 
2741 387 386 1393 
2742 388 389 1391 
2743 202 201 1392 
2744 21 202 1392 
2745 386 21 1392 
2746 201 22 1392 
2747 22 382 1392 
2748 383 78 1391 
2749 78 388 1391 
2750 80 387 1391 
2751 389 80 1391 
2 28 2 26
2752 1394 1400 1396 
2753 1397 1401 1394 
2754 390 1395 391 
2755 1395 1397 1396 
2756 386 1400 21 
2757 20 1401 392 
2758 392 1401 1397 
2759 1396 1400 386 
2760 387 1396 386 
2761 393 1399 81 
2762 80 1398 387 
2763 1396 1397 1394 
2764 392 1397 393 
2765 200 1394 199 
2766 1396 1398 1395 
2767 81 1399 390 
2768 391 1398 80 
2769 1395 1399 1397 
2770 387 1398 1396 
2771 1397 1399 393 
2772 200 1400 1394 
2773 1394 1401 199 
2774 390 1399 1395 
2775 1395 1398 391 
2776 199 1401 20 
2777 21 1400 200 
2 29 2 19
2778 19 20 1403 
2779 397 197 1403 
2780 17 195 1404 
2781 198 19 1403 
2782 396 395 196 
2783 395 195 196 
2784 197 396 196 
2785 395 394 195 
2786 197 397 396 
2787 195 394 1404 
2788 15 16 1402 
2789 16 194 1402 
2790 394 1402 1404 
2791 194 17 1402 
2792 18 198 1403 
2793 1402 17 1404 
2794 394 15 1402 
2795 20 397 1403 
2796 197 18 1403 
2 30 2 26
2797 1407 1412 1405 
2798 1405 1411 1408 
2799 398 1406 399 
2800 1407 1408 1406 
2801 14 1412 400 
2802 402 1411 15 
2803 1408 1411 402 
2804 400 1412 1407 
2805 400 1407 401 
2806 401 1409 82 
2807 83 1410 403 
2808 1405 1408 1407 
2809 403 1408 402 
2810 193 1405 192 
2811 1406 1409 1407 
2812 82 1409 398 
2813 399 1410 83 
2814 1408 1410 1406 
2815 1407 1409 401 
2816 403 1410 1408 
2817 193 1411 1405 
2818 1405 1412 192 
2819 398 1409 1406 
2820 1406 1410 399 
2821 15 1411 193 
2822 192 1412 14 
2 31 2 18
2823 405 404 1416 
2824 400 401 1416 
2825 404 1415 1416 
2826 1415 400 1416 
2827 1413 405 1416 
2828 401 1413 1416 
2829 404 1414 1415 
2830 1414 400 1415 
2831 406 407 1413 
2832 191 190 1414 
2833 13 191 1414 
2834 404 13 1414 
2835 190 14 1414 
2836 14 400 1414 
2837 401 82 1413 
2838 82 406 1413 
2839 84 405 1413 
2840 407 84 1413 
2 32 2 26
2841 1417 1423 1419 
2842 1420 1424 1417 
2843 408 1418 409 
2844 1418 1420 1419 
2845 3 1424 278 
2846 404 1423 13 
2847 278 1424 1420 
2848 1419 1423 404 
2849 405 1419 404 
2850 279 1422 56 
2851 84 1421 405 
2852 1419 1420 1417 
2853 278 1420 279 
2854 189 1417 188 
2855 1419 1421 1418 
2856 56 1422 408 
2857 409 1421 84 
2858 1418 1422 1420 
2859 405 1421 1419 
2860 1420 1422 279 
2861 1417 1424 188 
2862 189 1423 1417 
2863 408 1422 1418 
2864 1418 1421 409 
2865 188 1424 3 
2866 13 1423 189 
2 33 2 242
2867 1425 1477 1508 
2868 1478 1425 1508 
2869 1426 1480 1509 
2870 1479 1426 1509 
2871 1473 1442 1481 
2872 1433 1448 1483 
2873 1464 1441 1482 
2874 1453 253 1484 
2875 411 412 1440 
2876 414 1434 1452 
2877 1452 1434 1453 
2878 1440 412 1451 
2879 413 414 1452 
2880 251 250 1475 
2881 1431 251 1475 
2882 1451 413 1452 
2883 266 265 1459 
2884 426 427 1458 
2885 429 430 1455 
2886 270 269 1456 
2887 430 1444 1455 
2888 429 1455 1471 
2889 422 423 1465 
2890 269 1428 1456 
2891 427 1427 1458 
2892 428 429 1471 
2893 423 1435 1465 
2894 1446 426 1458 
2895 265 1429 1459 
2896 1445 266 1459 
2897 273 1439 1457 
2898 275 274 1454 
2899 1427 428 1471 
2900 1449 422 1465 
2901 259 1448 1460 
2902 1429 264 1468 
2903 269 268 1428 
2904 424 425 1466 
2905 1437 275 1454 
2906 425 1446 1466 
2907 432 1443 1469 
2908 264 263 1468 
2909 1438 270 1456 
2910 272 271 1474 
2911 274 273 1457 
2912 260 259 1460 
2913 414 415 1434 
2914 419 420 1433 
2915 1433 420 1461 
2916 423 424 1435 
2917 263 262 1447 
2918 1454 274 1457 
2919 431 432 1469 
2920 1444 431 1469 
2921 1428 268 1476 
2922 273 272 1439 
2923 421 1449 1461 
2924 427 428 1427 
2925 255 1442 1464 
2926 261 1436 1470 
2927 267 266 1445 
2928 271 1438 1474 
2929 1439 272 1474 
2930 1435 424 1466 
2931 432 433 1443 
2932 256 255 1464 
2933 259 258 1448 
2934 263 1447 1468 
2935 416 417 1441 
2936 416 1441 1473 
2937 420 421 1461 
2938 421 422 1449 
2939 430 431 1444 
2940 1443 433 1467 
2941 255 254 1442 
2942 258 257 1462 
2943 265 264 1429 
2944 276 275 1437 
2945 435 436 1472 
2946 436 437 1450 
2947 257 256 1432 
2948 257 1432 1462 
2949 1448 258 1462 
2950 262 261 1470 
2951 1447 262 1470 
2952 271 270 1438 
2953 415 416 1473 
2954 1434 415 1473 
2955 425 426 1446 
2956 433 434 1467 
2957 434 435 1430 
2958 436 1450 1472 
2959 1462 1432 1463 
2960 252 251 1431 
2961 1432 256 1464 
2962 268 267 1476 
2963 1436 260 1460 
2964 267 1445 1476 
2965 261 260 1436 
2966 1430 435 1472 
2967 434 1430 1467 
2968 412 413 1451 
2969 253 1453 1513 
2970 1441 1464 1497 
2971 1448 1433 1494 
2972 1442 1473 1497 
2973 440 439 1426 
2974 439 440 1425 
2975 410 411 1477 
2976 250 249 1478 
2977 437 438 1479 
2978 277 276 1480 
2979 411 1440 1477 
2980 1475 250 1478 
2981 1450 437 1479 
2982 276 1437 1480 
2983 1434 1473 1481 
2984 253 252 1484 
2985 1432 1464 1482 
2986 1448 1462 1483 
2987 1452 1453 1510 
2988 1442 254 1513 
2989 1441 417 1512 
2990 419 1433 1511 
2991 55 277 1487 
2992 438 85 1485 
2993 249 55 1488 
2994 85 410 1486 
2995 85 440 1485 
2996 439 55 1487 
2997 440 85 1486 
2998 55 439 1488 
2999 1453 1484 1510 
3000 1433 1483 1511 
3001 1481 1442 1513 
3002 1482 1441 1512 
3003 410 1477 1486 
3004 1478 249 1488 
3005 277 1480 1487 
3006 1479 438 1485 
3007 1453 1434 1481 
3008 1463 1432 1482 
3009 1462 1463 1483 
3010 252 1431 1484 
3011 1511 1463 1512 
3012 1431 1489 1510 
3013 1500 1449 1506 
3014 1445 1496 1498 
3015 1431 1475 1489 
3016 1444 1502 1507 
3017 1457 1439 1493 
3018 1443 1491 1505 
3019 1455 1444 1507 
3020 1437 1454 1503 
3021 1443 1467 1491 
3022 1454 1457 1492 
3023 1492 1457 1493 
3024 1454 1492 1503 
3025 1469 1443 1505 
3026 1494 1461 1500 
3027 1445 1459 1496 
3028 1433 1461 1494 
3029 1464 1442 1497 
3030 1446 1458 1499 
3031 1466 1446 1490 
3032 1468 1447 1495 
3033 1447 1470 1504 
3034 1461 1449 1500 
3035 1444 1469 1502 
3036 1490 1446 1499 
3037 1495 1447 1504 
3038 1502 1469 1505 
3039 1436 1500 1506 
3040 1496 1427 1498 
3041 1496 1459 1499 
3042 1458 1496 1499 
3043 1490 1468 1495 
3044 1466 1490 1495 
3045 1439 1491 1493 
3046 1491 1467 1493 
3047 1470 1436 1506 
3048 1476 1445 1498 
3049 1471 1455 1501 
3050 1428 1476 1501 
3051 1427 1471 1498 
3052 1449 1465 1506 
3053 1476 1498 1501 
3054 1498 1471 1501 
3055 1440 1451 1489 
3056 1501 1455 1507 
3057 1504 1470 1506 
3058 1502 1456 1507 
3059 1456 1428 1507 
3060 1458 1427 1496 
3061 1460 1448 1494 
3062 1460 1494 1500 
3063 1459 1429 1499 
3064 1429 1468 1490 
3065 1465 1435 1504 
3066 1473 1441 1497 
3067 1491 1474 1505 
3068 1435 1466 1495 
3069 1436 1460 1500 
3070 1429 1490 1499 
3071 1438 1456 1502 
3072 1474 1438 1505 
3073 1439 1474 1491 
3074 1467 1430 1493 
3075 1430 1492 1493 
3076 1435 1495 1504 
3077 1430 1472 1492 
3078 1472 1450 1503 
3079 1492 1472 1503 
3080 1438 1502 1505 
3081 1428 1501 1507 
3082 1465 1504 1506 
3083 1489 1451 1510 
3084 417 418 1512 
3085 254 253 1513 
3086 1451 1452 1510 
3087 418 419 1511 
3088 418 1511 1512 
3089 1477 1425 1486 
3090 1425 1478 1488 
3091 1480 1426 1487 
3092 1426 1479 1485 
3093 1437 1503 1509 
3094 1489 1475 1508 
3095 1440 1489 1508 
3096 1503 1450 1509 
3097 440 1426 1485 
3098 1426 439 1487 
3099 1425 440 1486 
3100 439 1425 1488 
3101 1477 1440 1508 
3102 1480 1437 1509 
3103 1475 1478 1508 
3104 1450 1479 1509 
3105 1483 1463 1511 
3106 1484 1431 1510 
3107 1453 1481 1513 
3108 1463 1482 1512 
2 34 2 118
3109 1524 1547 1517 
3110 280 56 444 
3111 441 62 303 
3112 1525 1546 309 
3113 1517 1551 1524 
3114 303 1551 441 
3115 444 1523 280 
3116 286 1522 57 
3117 1545 1553 1542 
3118 1531 1553 1545 
3119 1522 1550 57 
3120 1515 1553 1548 
3121 1517 1547 1527 
3122 1537 1548 1532 
3123 295 1525 60 
3124 1548 1553 1532 
3125 1532 1549 1537 
3126 1537 1549 1519 
3127 58 1550 292 
3128 1519 1555 1537 
3129 1524 1551 303 
3130 1539 1540 1516 
3131 1514 1558 1530 
3132 1540 1557 1536 
3133 1542 1546 1545 
3134 1543 1558 1514 
3135 285 1528 1521 
3136 1515 1538 307 
3137 1521 1522 286 
3138 1529 1530 1521 
3139 1528 1529 1521 
3140 307 1538 306 
3141 1536 1557 1534 
3142 1515 1548 1538 
3143 1518 1534 1533 
3144 285 1521 286 
3145 308 1542 1515 
3146 1518 1533 305 
3147 304 1524 303 
3148 304 1533 1524 
3149 1529 1531 1530 
3150 283 1541 1519 
3151 1519 1528 284 
3152 1523 1552 280 
3153 284 1528 285 
3154 281 1516 282 
3155 306 1538 1518 
3156 309 1542 308 
3157 308 1515 307 
3158 1516 1541 282 
3159 1521 1558 1522 
3160 1518 1535 1534 
3161 1535 1536 1534 
3162 60 1525 61 
3163 305 1533 304 
3164 282 1541 283 
3165 306 1518 305 
3166 283 1519 284 
3167 1518 1538 1535 
3168 1516 1552 1539 
3169 1535 1537 1536 
3170 1534 1547 1533 
3171 1519 1549 1528 
3172 1526 1539 1523 
3173 1530 1554 1514 
3174 1529 1532 1531 
3175 1545 1546 1520 
3176 1527 1539 1526 
3177 1527 1540 1539 
3178 1517 1527 1526 
3179 1535 1548 1537 
3180 442 1517 86 
3181 291 1514 59 
3182 86 1526 443 
3183 281 1552 1516 
3184 443 1523 444 
3185 1520 1546 1525 
3186 1517 1526 86 
3187 292 1550 1543 
3188 309 1546 1542 
3189 443 1526 1523 
3190 296 1520 295 
3191 1533 1547 1524 
3192 442 1551 1517 
3193 292 1543 291 
3194 59 1544 296 
3195 1540 1556 1516 
3196 1529 1549 1532 
3197 1531 1554 1530 
3198 1542 1553 1515 
3199 1538 1548 1535 
3200 1528 1549 1529 
3201 1530 1558 1521 
3202 1520 1525 295 
3203 57 1550 58 
3204 441 1551 442 
3205 1539 1552 1523 
3206 280 1552 281 
3207 1541 1555 1519 
3208 291 1543 1514 
3209 1544 1545 1520 
3210 1514 1544 59 
3211 1532 1553 1531 
3212 1536 1556 1540 
3213 1534 1557 1547 
3214 1545 1554 1531 
3215 1516 1556 1541 
3216 296 1544 1520 
3217 1543 1550 1522 
3218 1537 1555 1536 
3219 1544 1554 1545 
3220 1527 1557 1540 
3221 1514 1554 1544 
3222 1547 1557 1527 
3223 1555 1556 1536 
3224 1541 1556 1555 
3225 1522 1558 1543 
3226 61 1525 309 
2 35 2 1036
3227 100 1996 1698 
3228 87 1997 1699 
3229 1888 1941 1699 
3230 1886 1940 1698 
3231 1791 1809 1640 
3232 1792 1810 1616 
3233 1919 1990 1787 
3234 1783 1988 1921 
3235 1789 1989 1920 
3236 1785 1987 1922 
3237 1691 1796 1562 
3238 1560 1798 1688 
3239 456 2001 96 
3240 109 1655 473 
3241 93 1665 453 
3242 1744 1745 1588 
3243 1568 1807 1670 
3244 1570 1802 1660 
3245 336 1859 1797 
3246 408 1862 1805 
3247 354 1861 1799 
3248 1803 1864 381 
3249 1804 1863 311 
3250 1800 1860 363 
3251 1640 1881 1791 
3252 1616 1882 1792 
3253 1821 1865 1664 
3254 1737 1931 1843 
3255 89 1662 448 
3256 101 1661 463 
3257 105 1663 468 
3258 469 1797 1561 
3259 464 1799 1566 
3260 1564 1800 460 
3261 1563 1804 445 
3262 449 1805 1567 
3263 1569 1803 455 
3264 1921 1988 1725 
3265 1724 1990 1919 
3266 1922 1987 1727 
3267 1920 1989 1726 
3268 1838 1941 1888 
3269 1839 1940 1886 
3270 1559 1801 470 
3271 1565 1806 450 
3272 1562 1796 465 
3273 459 1798 1560 
3274 454 1807 1568 
3275 474 1802 1570 
3276 1873 1958 1582 
3277 1874 1957 1577 
3278 1843 1931 1586 
3279 1813 1979 1765 
3280 1758 1949 1861 
3281 1761 1950 1862 
3282 1764 1948 1859 
3283 1776 1886 1879 
3284 1773 1888 1877 
3285 1777 1866 1821 
3286 1813 1814 1673 
3287 1925 1932 1736 
3288 1926 1930 1735 
3289 1559 1981 1801 
3290 1565 1982 1806 
3291 1765 1822 1813 
3292 1768 1843 419 
3293 1747 1768 419 
3294 1734 2002 1808 
3295 1790 2002 1734 
3296 1844 1906 1720 
3297 1719 1905 1845 
3298 1827 1830 1721 
3299 1823 1829 1718 
3300 1860 1940 1778 
3301 1863 1941 1779 
3302 1861 1898 1758 
3303 1862 1900 1761 
3304 1859 1901 1764 
3305 1771 1772 1754 
3306 1774 1775 1751 
3307 1780 1873 1582 
3308 1781 1874 1577 
3309 1821 1866 1654 
3310 1824 1906 1844 
3311 1845 1905 1825 
3312 1753 1754 85 
3313 1750 1751 424 
3314 1564 1940 1860 
3315 1563 1941 1863 
3316 430 1744 1588 
3317 1849 1908 1723 
3318 1848 1907 1722 
3319 1691 1883 1796 
3320 1798 1884 1688 
3321 1587 1932 1925 
3322 1581 1930 1926 
3323 1826 1907 1848 
3324 1828 1908 1849 
3325 344 1883 1845 
3326 1844 1884 373 
3327 1641 1881 1638 
3328 1617 1882 1614 
3329 1673 1979 1813 
3330 1807 1897 1670 
3331 1802 1896 1660 
3332 1753 1771 1754 
3333 1750 1774 1751 
3334 1859 1948 1561 
3335 1861 1949 1566 
3336 1862 1950 1567 
3337 1811 1880 1672 
3338 1812 1878 1671 
3339 1848 1897 391 
3340 1849 1896 319 
3341 446 1997 87 
3342 461 1996 100 
3343 1743 1859 336 
3344 1742 1862 408 
3345 1738 1861 354 
3346 345 1883 344 
3347 373 1884 372 
3348 1813 1822 1745 
3349 1893 1956 1763 
3350 1894 1955 1760 
3351 1808 1895 1734 
3352 381 1864 1741 
3353 311 1863 1739 
3354 363 1860 1740 
3355 1756 1954 1841 
3356 1757 1952 1842 
3357 68 1872 337 
3358 72 1870 355 
3359 362 1867 74 
3360 380 1868 78 
3361 84 1869 409 
3362 310 1871 63 
3363 1638 1881 1640 
3364 1614 1882 1616 
3365 418 1747 419 
3366 1847 1912 1887 
3367 1846 1911 1885 
3368 1664 1972 1821 
3369 391 1897 390 
3370 319 1896 318 
3371 344 1825 70 
3372 76 1824 373 
3373 1662 1671 448 
3374 1661 1672 463 
3375 1663 1673 468 
3376 64 1828 319 
3377 80 1826 391 
3378 1778 1902 1860 
3379 1779 1903 1863 
3380 1879 1886 1592 
3381 1877 1888 1593 
3382 326 1823 66 
3383 398 1827 82 
3384 1673 1929 468 
3385 419 1843 420 
3386 1584 1748 1747 
3387 434 1781 435 
3388 414 1780 415 
3389 438 1753 85 
3390 423 1750 424 
3391 426 1934 1854 
3392 1855 1935 422 
3393 431 1936 1853 
3394 411 1937 1856 
3395 468 1929 467 
3396 1857 1938 437 
3397 1858 1939 417 
3398 1721 1875 1827 
3399 1718 1876 1823 
3400 66 1823 334 
3401 82 1827 406 
3402 1847 1887 1755 
3403 1846 1885 1752 
3404 1745 1831 1588 
3405 1925 1975 434 
3406 1926 1976 414 
3407 426 1854 427 
3408 421 1855 422 
3409 431 1853 432 
3410 411 1856 412 
3411 436 1857 437 
3412 416 1858 417 
3413 1834 1914 1903 
3414 1836 1918 1902 
3415 1901 1917 1835 
3416 1832 1916 1899 
3417 1900 1915 1833 
3418 1898 1913 1837 
3419 1841 1954 1594 
3420 1842 1952 1590 
3421 1831 2003 1588 
3422 1851 1956 1893 
3423 1850 1955 1894 
3424 1744 1746 1745 
3425 1822 1831 1745 
3426 434 1975 1781 
3427 414 1976 1780 
3428 1591 1852 457 
3429 433 1925 434 
3430 413 1926 414 
3431 1752 1776 1774 
3432 1755 1773 1771 
3433 1569 1864 1803 
3434 1564 1860 1800 
3435 1563 1863 1804 
3436 1579 1752 1750 
3437 1580 1755 1753 
3438 1697 1981 1559 
3439 1694 1982 1565 
3440 1584 1747 418 
3441 1814 1929 1673 
3442 1829 1967 1718 
3443 1830 1966 1721 
3444 1746 1813 1745 
3445 1772 1794 1754 
3446 1775 1795 1751 
3447 1776 1879 1774 
3448 1773 1877 1771 
3449 1587 1853 1815 
3450 1581 1856 1818 
3451 1817 1855 1586 
3452 1585 1854 1816 
3453 1820 1858 1582 
3454 1819 1857 1577 
3455 1895 1933 1734 
3456 1821 1972 1777 
3457 1870 1913 355 
3458 362 1918 1867 
3459 310 1914 1871 
3460 1872 1917 337 
3461 1869 1915 409 
3462 380 1916 1868 
3463 355 1913 1738 
3464 1740 1918 362 
3465 1739 1914 310 
3466 337 1917 1743 
3467 409 1915 1742 
3468 1741 1916 380 
3469 1727 1932 1922 
3470 1726 1933 1920 
3471 1725 1930 1921 
3472 1919 1931 1724 
3473 1748 1866 1777 
3474 337 1743 336 
3475 381 1741 380 
3476 409 1742 408 
3477 311 1739 310 
3478 363 1740 362 
3479 355 1738 354 
3480 1682 1840 1717 
3481 1754 1946 85 
3482 1751 1947 424 
3483 1729 1960 1958 
3484 1728 1959 1957 
3485 432 1587 433 
3486 435 1577 436 
3487 427 1585 428 
3488 420 1586 421 
3489 430 1588 431 
3490 422 1579 423 
3491 425 1578 426 
3492 417 1584 418 
3493 437 1580 438 
3494 410 1583 411 
3495 412 1581 413 
3496 415 1582 416 
3497 1811 1998 1880 
3498 1812 1999 1878 
3499 1628 1833 1627 
3500 1635 1832 1636 
3501 1611 1834 1612 
3502 1596 1837 1595 
3503 1603 1836 1604 
3504 1620 1835 1619 
3505 1653 1766 1654 
3506 1652 1761 1651 
3507 1648 1764 1647 
3508 1644 1758 1643 
3509 1678 1846 1713 
3510 1680 1847 1716 
3511 1797 1859 1561 
3512 1805 1862 1567 
3513 1799 1861 1566 
3514 1591 1984 1852 
3515 1791 1985 1809 
3516 1792 1986 1810 
3517 435 1781 1577 
3518 415 1780 1582 
3519 1579 1750 423 
3520 1580 1753 438 
3521 1639 1832 1653 
3522 1651 1833 1631 
3523 1615 1834 1649 
3524 1647 1835 1623 
3525 1607 1836 1645 
3526 1643 1837 1599 
3527 1748 1749 1747 
3528 1593 1878 1877 
3529 1592 1880 1879 
3530 1588 2003 1936 
3531 1664 2001 456 
3532 1636 1832 1639 
3533 1631 1833 1628 
3534 1612 1834 1615 
3535 1623 1835 1620 
3536 1604 1836 1607 
3537 1599 1837 1596 
3538 1874 1923 1731 
3539 1873 1924 1733 
3540 1639 1653 1642 
3541 1634 1651 1631 
3542 1626 1647 1623 
3543 1615 1649 1618 
3544 1607 1645 1610 
3545 1602 1643 1599 
3546 1593 1927 1878 
3547 1592 1928 1880 
3548 1781 1923 1874 
3549 1780 1924 1873 
3550 429 1744 430 
3551 1683 1881 1641 
3552 1681 1882 1617 
3553 1755 1771 1753 
3554 1752 1774 1750 
3555 1686 1942 458 
3556 466 1943 1689 
3557 451 1944 1692 
3558 471 1945 1695 
3559 1748 1777 1749 
3560 1584 1840 1748 
3561 1744 2000 1808 
3562 420 1843 1586 
3563 1791 1960 1729 
3564 1792 1959 1728 
3565 1658 1792 1728 
3566 1668 1791 1729 
3567 1649 1779 1650 
3568 1645 1778 1646 
3569 1577 1957 1819 
3570 1582 1958 1820 
3571 1585 1933 1895 
3572 1815 1932 1587 
3573 1818 1930 1581 
3574 1586 1931 1817 
3575 1816 1933 1585 
3576 1585 1895 428 
3577 1701 1990 1724 
3578 1725 1988 1707 
3579 1726 1989 1704 
3580 1727 1987 1710 
3581 1839 1886 1776 
3582 1838 1888 1773 
3583 1789 1920 1892 
3584 1890 1919 1787 
3585 1785 1922 1891 
3586 1783 1921 1889 
3587 1840 1939 1717 
3588 1947 1955 1578 
3589 1946 1956 1583 
3590 1579 1846 1752 
3591 1580 1847 1755 
3592 327 1829 326 
3593 399 1830 398 
3594 432 1853 1587 
3595 412 1856 1581 
3596 1586 1855 421 
3597 427 1854 1585 
3598 1582 1858 416 
3599 1577 1857 436 
3600 1846 1935 1713 
3601 1847 1938 1716 
3602 1795 1955 1947 
3603 1794 1956 1946 
3604 429 2000 1744 
3605 1746 1814 1813 
3606 462 1592 461 
3607 447 1593 446 
3608 452 1590 451 
3609 458 1591 457 
3610 472 1594 471 
3611 467 1589 466 
3612 1672 1978 1811 
3613 1671 1980 1812 
3614 1658 1986 1792 
3615 1668 1985 1791 
3616 1832 1899 1653 
3617 1651 1900 1833 
3618 1643 1898 1837 
3619 1647 1901 1835 
3620 1769 1926 1735 
3621 1770 1925 1736 
3622 85 1946 410 
3623 424 1947 425 
3624 1834 1903 1649 
3625 1836 1902 1645 
3626 1744 1808 1746 
3627 1662 1980 1671 
3628 1661 1978 1672 
3629 1663 1979 1673 
3630 1653 1654 1642 
3631 1634 1652 1651 
3632 1626 1648 1647 
3633 1602 1644 1643 
3634 1655 1961 473 
3635 1665 1962 453 
3636 1771 1877 1772 
3637 1774 1879 1775 
3638 1629 1721 1632 
3639 1608 1720 1605 
3640 1597 1719 1600 
3641 1621 1718 1624 
3642 1852 1984 1793 
3643 1973 1985 1670 
3644 1974 1986 1660 
3645 1809 1985 1973 
3646 1810 1986 1974 
3647 1777 1793 1749 
3648 457 1852 456 
3649 1616 1723 1613 
3650 1640 1722 1637 
3651 1892 1920 1675 
3652 1679 1919 1890 
3653 1891 1922 1677 
3654 1889 1921 1685 
3655 1743 1917 1901 
3656 1899 1916 1741 
3657 1742 1915 1900 
3658 1738 1913 1898 
3659 1903 1914 1739 
3660 1902 1918 1740 
3661 1920 1933 1816 
3662 1817 1931 1919 
3663 1922 1932 1815 
3664 1921 1930 1818 
3665 1779 1838 1650 
3666 1778 1839 1646 
3667 473 1909 472 
3668 453 1910 452 
3669 1749 1768 1747 
3670 1755 1887 1773 
3671 1752 1885 1776 
3672 1649 1903 1779 
3673 1645 1902 1778 
3674 1612 1613 1573 
3675 1576 1629 1628 
3676 1636 1637 1575 
3677 1571 1621 1620 
3678 1604 1605 1574 
3679 1572 1597 1596 
3680 1796 1883 345 
3681 372 1884 1798 
3682 1671 1927 448 
3683 1672 1928 463 
3684 1731 1841 1730 
3685 1733 1842 1732 
3686 1766 1821 1654 
3687 1711 1756 1736 
3688 1708 1757 1735 
3689 327 1981 1829 
3690 399 1982 1830 
3691 1614 1616 1613 
3692 1597 1600 1598 
3693 1606 1608 1605 
3694 1629 1632 1630 
3695 1638 1640 1637 
3696 1621 1624 1622 
3697 1652 1762 1761 
3698 1648 1765 1764 
3699 1644 1759 1758 
3700 370 1574 371 
3701 388 1575 389 
3702 316 1573 317 
3703 352 1572 353 
3704 406 1576 407 
3705 334 1571 335 
3706 1841 1909 1730 
3707 1842 1910 1732 
3708 1758 1898 1643 
3709 1653 1899 1766 
3710 1761 1900 1651 
3711 1764 1901 1647 
3712 1649 1650 1618 
3713 1645 1646 1610 
3714 1801 1981 327 
3715 1806 1982 399 
3716 1840 1866 1748 
3717 1756 1770 1736 
3718 1757 1769 1735 
3719 1778 1940 1839 
3720 1779 1941 1838 
3721 1705 1790 1734 
3722 2002 2004 1814 
3723 1588 1936 431 
3724 1578 1934 426 
3725 422 1935 1579 
3726 1583 1937 411 
3727 1721 1782 1632 
3728 1608 1786 1720 
3729 1719 1788 1600 
3730 1718 1784 1624 
3731 437 1938 1580 
3732 417 1939 1584 
3733 1639 1642 1641 
3734 1633 1634 1631 
3735 1615 1618 1617 
3736 1625 1626 1623 
3737 1607 1610 1609 
3738 1601 1602 1599 
3739 1636 1639 1638 
3740 1630 1631 1628 
3741 1612 1615 1614 
3742 1622 1623 1620 
3743 1604 1607 1606 
3744 1598 1599 1596 
3745 390 1897 1807 
3746 318 1896 1802 
3747 1658 1728 1659 
3748 1668 1729 1669 
3749 1957 1959 1819 
3750 1958 1960 1820 
3751 1720 1906 1605 
3752 1597 1905 1719 
3753 1675 1816 1712 
3754 1713 1817 1679 
3755 1685 1818 1715 
3756 1677 1815 1714 
3757 1716 1819 1681 
3758 1717 1820 1683 
3759 1629 1875 1721 
3760 1621 1876 1718 
3761 1715 1851 1684 
3762 1712 1850 1674 
3763 1701 1724 1702 
3764 1708 1725 1707 
3765 1705 1726 1704 
3766 1711 1727 1710 
3767 425 1947 1578 
3768 410 1946 1583 
3769 1823 1876 334 
3770 1827 1875 406 
3771 1601 1675 1674 
3772 1678 1679 1609 
3773 1633 1685 1684 
3774 1625 1677 1676 
3775 1723 1908 1613 
3776 1722 1907 1637 
3777 1680 1681 1617 
3778 1682 1683 1641 
3779 1788 1789 1600 
3780 1608 1787 1786 
3781 1784 1785 1624 
3782 1782 1783 1632 
3783 1737 1767 1702 
3784 1594 1909 1841 
3785 1590 1910 1842 
3786 1851 1893 1684 
3787 1850 1894 1674 
3788 448 1927 447 
3789 463 1928 462 
3790 1956 1994 1763 
3791 1955 1995 1760 
3792 370 1603 1574 
3793 1572 1595 353 
3794 316 1611 1573 
3795 1576 1627 407 
3796 388 1635 1575 
3797 1571 1619 335 
3798 467 1929 1589 
3799 1616 1810 1723 
3800 1640 1809 1722 
3801 1680 1912 1847 
3802 1678 1911 1846 
3803 1790 2004 2002 
3804 1669 1732 1667 
3805 1659 1730 1657 
3806 1629 1630 1628 
3807 1612 1614 1613 
3808 1636 1638 1637 
3809 1597 1598 1596 
3810 1604 1606 1605 
3811 1621 1622 1620 
3812 1708 1735 1725 
3813 1711 1736 1727 
3814 1705 1734 1726 
3815 1724 1737 1702 
3816 1639 1641 1638 
3817 1630 1633 1631 
3818 1615 1617 1614 
3819 1622 1625 1623 
3820 1607 1609 1606 
3821 1598 1601 1599 
3822 1656 1658 1657 
3823 1666 1668 1667 
3824 1669 1733 1732 
3825 1659 1731 1730 
3826 1584 1939 1840 
3827 453 1962 1910 
3828 473 1961 1909 
3829 1864 1977 1899 
3830 1587 1925 433 
3831 1581 1926 413 
3832 1668 1669 1667 
3833 1658 1659 1657 
3834 1685 1715 1684 
3835 1678 1713 1679 
3836 1675 1712 1674 
3837 1677 1714 1676 
3838 1682 1717 1683 
3839 1680 1716 1681 
3840 1576 1628 1627 
3841 1611 1612 1573 
3842 1635 1636 1575 
3843 1572 1596 1595 
3844 1603 1604 1574 
3845 1571 1620 1619 
3846 1642 1682 1641 
3847 1633 1684 1634 
3848 1618 1680 1617 
3849 1625 1676 1626 
3850 1610 1678 1609 
3851 1601 1674 1602 
3852 1682 1991 1840 
3853 1776 1885 1839 
3854 1773 1887 1838 
3855 1580 1938 1847 
3856 1579 1935 1846 
3857 1717 1858 1820 
3858 1716 1857 1819 
3859 1818 1856 1715 
3860 1713 1855 1817 
3861 1816 1854 1712 
3862 1815 1853 1714 
3863 1822 1904 1831 
3864 102 1799 464 
3865 460 1800 99 
3866 445 1804 88 
3867 106 1797 469 
3868 90 1805 449 
3869 455 1803 95 
3870 326 1829 1823 
3871 398 1830 1827 
3872 1824 1844 373 
3873 344 1845 1825 
3874 1699 1997 1888 
3875 1698 1996 1886 
3876 1899 1977 1766 
3877 1736 1932 1727 
3878 1735 1930 1725 
3879 1734 1933 1726 
3880 1724 1931 1737 
3881 1648 1822 1765 
3882 1866 1991 1654 
3883 1884 1965 1688 
3884 1691 1964 1883 
3885 1760 1811 1759 
3886 1763 1812 1762 
3887 1877 1878 1772 
3888 1879 1880 1775 
3889 1826 1848 391 
3890 1828 1849 319 
3891 465 1796 103 
3892 98 1798 459 
3893 470 1801 107 
3894 450 1806 91 
3895 1635 1916 1832 
3896 1611 1914 1834 
3897 1833 1915 1627 
3898 1837 1913 1595 
3899 1835 1917 1619 
3900 1603 1918 1836 
3901 110 1802 474 
3902 94 1807 454 
3903 1728 1874 1659 
3904 1729 1873 1669 
3905 1967 1981 1697 
3906 1966 1982 1694 
3907 1766 1865 1821 
3908 1601 1892 1675 
3909 1679 1890 1609 
3910 1633 1889 1685 
3911 1625 1891 1677 
3912 1772 1999 1794 
3913 1775 1998 1795 
3914 1910 1962 1732 
3915 1909 1961 1730 
3916 1608 1890 1787 
3917 1789 1892 1600 
3918 1783 1889 1632 
3919 1785 1891 1624 
3920 472 1909 1594 
3921 452 1910 1590 
3922 1644 1760 1759 
3923 1652 1763 1762 
3924 456 1852 1664 
3925 1896 1974 1660 
3926 1897 1973 1670 
3927 1759 1949 1758 
3928 1762 1950 1761 
3929 1765 1948 1764 
3930 1749 1963 1768 
3931 1729 1958 1873 
3932 1728 1957 1874 
3933 1746 2002 1814 
3934 1843 1983 1737 
3935 1687 1701 1700 
3936 1706 1707 1693 
3937 1703 1704 1690 
3938 1709 1710 1696 
3939 1576 1875 1629 
3940 1571 1876 1621 
3941 1659 1874 1731 
3942 1669 1873 1733 
3943 1654 1991 1642 
3944 1693 1694 1565 
3945 1696 1697 1559 
3946 1560 1688 1687 
3947 1690 1691 1562 
3948 1626 1904 1648 
3949 74 1867 370 
3950 78 1868 388 
3951 407 1869 84 
3952 63 1871 316 
3953 353 1870 72 
3954 335 1872 68 
3955 1606 1890 1608 
3956 1632 1889 1630 
3957 1600 1892 1598 
3958 1624 1891 1622 
3959 406 1875 1576 
3960 334 1876 1571 
3961 371 1824 76 
3962 70 1825 352 
3963 1568 1670 1666 
3964 1570 1660 1656 
3965 1687 1971 1701 
3966 1710 1968 1696 
3967 1707 1970 1693 
3968 1704 1969 1690 
3969 317 1828 64 
3970 389 1826 80 
3971 1839 1885 1646 
3972 1838 1887 1650 
3973 1634 1893 1652 
3974 1602 1894 1644 
3975 1676 1904 1626 
3976 1701 1702 1700 
3977 1706 1708 1707 
3978 1703 1705 1704 
3979 1709 1711 1710 
3980 1711 1954 1756 
3981 1708 1952 1757 
3982 1795 1947 1751 
3983 1794 1946 1754 
3984 1849 1974 1896 
3985 1848 1973 1897 
3986 447 1927 1593 
3987 462 1928 1592 
3988 1811 1978 1759 
3989 1812 1980 1762 
3990 1593 1997 446 
3991 1592 1996 461 
3992 1572 1905 1597 
3993 1605 1906 1574 
3994 1895 2000 428 
3995 1684 1893 1634 
3996 1674 1894 1602 
3997 1613 1908 1573 
3998 1637 1907 1575 
3999 1705 1953 1790 
4000 1618 1912 1680 
4001 1610 1911 1678 
4002 1675 1920 1816 
4003 1817 1919 1679 
4004 1685 1921 1818 
4005 1677 1922 1815 
4006 1648 1904 1822 
4007 1844 1965 1884 
4008 1883 1964 1845 
4009 1878 1927 1671 
4010 1880 1928 1672 
4011 1829 1981 1967 
4012 1830 1982 1966 
4013 1712 1934 1850 
4014 1715 1937 1851 
4015 1886 1996 1592 
4016 1888 1997 1593 
4017 1738 1898 1861 
4018 1743 1901 1859 
4019 1742 1900 1862 
4020 474 1570 109 
4021 459 1560 97 
4022 108 1559 470 
4023 96 1569 455 
4024 100 1564 460 
4025 464 1566 101 
4026 87 1563 445 
4027 449 1567 89 
4028 104 1562 465 
4029 92 1565 450 
4030 454 1568 93 
4031 469 1561 105 
4032 1865 1977 1569 
4033 352 1905 1572 
4034 1574 1906 371 
4035 1575 1907 389 
4036 1573 1908 317 
4037 1767 1951 1702 
4038 458 1942 1591 
4039 1590 1944 451 
4040 1594 1945 471 
4041 1589 1943 466 
4042 1630 1889 1633 
4043 1609 1890 1606 
4044 1622 1891 1625 
4045 1598 1892 1601 
4046 1768 1983 1843 
4047 370 1867 1603 
4048 388 1868 1635 
4049 1627 1869 407 
4050 316 1871 1611 
4051 1595 1870 353 
4052 1619 1872 335 
4053 1770 1975 1925 
4054 1769 1976 1926 
4055 1560 1687 1686 
4056 1695 1696 1559 
4057 1689 1690 1562 
4058 1692 1693 1565 
4059 1644 1894 1760 
4060 1652 1893 1763 
4061 1676 2003 1904 
4062 1850 1934 1578 
4063 1851 1937 1583 
4064 1777 1972 1793 
4065 1730 1961 1657 
4066 1732 1962 1667 
4067 1656 1657 1655 
4068 1666 1667 1665 
4069 428 2000 429 
4070 1808 2002 1746 
4071 1820 1960 1683 
4072 1819 1959 1681 
4073 1720 1965 1844 
4074 1845 1964 1719 
4075 1964 1969 1788 
4076 1786 1971 1965 
4077 1697 1968 1967 
4078 1694 1970 1966 
4079 1646 1911 1610 
4080 1650 1912 1618 
4081 1759 1978 1949 
4082 1762 1980 1950 
4083 1765 1979 1948 
4084 1963 1983 1768 
4085 1691 1969 1964 
4086 1965 1971 1688 
4087 1967 1968 1784 
4088 1966 1970 1782 
4089 1757 1992 1769 
4090 1756 1993 1770 
4091 1569 1977 1864 
4092 1767 1984 1951 
4093 1723 1974 1849 
4094 1722 1973 1848 
4095 1793 1963 1749 
4096 1687 1700 1686 
4097 1692 1706 1693 
4098 1689 1703 1690 
4099 1695 1709 1696 
4100 1578 1955 1850 
4101 1583 1956 1851 
4102 1864 1899 1741 
4103 1840 1991 1866 
4104 1880 1998 1775 
4105 1878 1999 1772 
4106 1854 1934 1712 
4107 1713 1935 1855 
4108 1853 1936 1714 
4109 1856 1937 1715 
4110 1716 1938 1857 
4111 1717 1939 1858 
4112 1731 1993 1841 
4113 1733 1992 1842 
4114 1670 1985 1666 
4115 1660 1986 1656 
4116 1860 1902 1740 
4117 1863 1903 1739 
4118 1852 1972 1664 
4119 1780 1976 1924 
4120 1781 1975 1923 
4121 1666 1985 1668 
4122 1656 1986 1658 
4123 1570 1656 1655 
4124 1568 1666 1665 
4125 1719 1964 1788 
4126 1786 1965 1720 
4127 1721 1966 1782 
4128 1718 1967 1784 
4129 1882 1959 1792 
4130 1881 1960 1791 
4131 1885 1911 1646 
4132 1887 1912 1650 
4133 1793 1972 1852 
4134 1841 1993 1756 
4135 1842 1992 1757 
4136 1809 1973 1722 
4137 1810 1974 1723 
4138 1560 1686 97 
4139 92 1692 1565 
4140 108 1695 1559 
4141 104 1689 1562 
4142 1904 2003 1831 
4143 100 1698 1564 
4144 87 1699 1563 
4145 1766 1977 1865 
4146 1700 1942 1686 
4147 1689 1943 1703 
4148 1692 1944 1706 
4149 1695 1945 1709 
4150 1825 1905 352 
4151 371 1906 1824 
4152 1936 2003 1714 
4153 1814 2004 1929 
4154 1737 1983 1767 
4155 389 1907 1826 
4156 317 1908 1828 
4157 1767 1983 1963 
4158 1683 1960 1881 
4159 1681 1959 1882 
4160 1657 1961 1655 
4161 1667 1962 1665 
4162 1784 1987 1785 
4163 1788 1989 1789 
4164 1782 1988 1783 
4165 1787 1990 1786 
4166 1702 1951 1700 
4167 1706 1952 1708 
4168 1703 1953 1705 
4169 1709 1954 1711 
4170 1929 2004 1589 
4171 1569 2001 1865 
4172 1951 1984 1591 
4173 1867 1918 1603 
4174 1871 1914 1611 
4175 1868 1916 1635 
4176 1627 1915 1869 
4177 1595 1913 1870 
4178 1619 1917 1872 
4179 1642 1991 1682 
4180 1769 1992 1924 
4181 1770 1993 1923 
4182 1698 1940 1564 
4183 1699 1941 1563 
4184 1923 1993 1731 
4185 1924 1992 1733 
4186 1570 1655 109 
4187 1568 1665 93 
4188 1949 1978 1661 
4189 1950 1980 1662 
4190 1948 1979 1663 
4191 1696 1968 1697 
4192 1693 1970 1694 
4193 1690 1969 1691 
4194 1688 1971 1687 
4195 1923 1975 1770 
4196 1924 1976 1769 
4197 1763 1994 1812 
4198 1760 1995 1811 
4199 1953 2004 1790 
4200 1707 1988 1970 
4201 1971 1990 1701 
4202 1710 1987 1968 
4203 1704 1989 1969 
4204 1714 2003 1676 
4205 1793 1984 1963 
4206 1567 1662 89 
4207 1566 1661 101 
4208 1561 1663 105 
4209 1865 2001 1664 
4210 1963 1984 1767 
4211 1968 1987 1784 
4212 1969 1989 1788 
4213 1970 1988 1782 
4214 1786 1990 1971 
4215 1700 1951 1942 
4216 1944 1952 1706 
4217 1943 1953 1703 
4218 1945 1954 1709 
4219 1808 2000 1895 
4220 1794 1994 1956 
4221 1795 1995 1955 
4222 1566 1949 1661 
4223 1561 1948 1663 
4224 1567 1950 1662 
4225 96 2001 1569 
4226 1794 1999 1994 
4227 1795 1998 1995 
4228 1942 1951 1591 
4229 1589 1953 1943 
4230 1590 1952 1944 
4231 1594 1954 1945 
4232 1995 1998 1811 
4233 1994 1999 1812 
4234 1589 2004 1953 
4235 90 56 408 
4236 88 311 62 
4237 318 110 65 
4238 67 107 327 
4239 336 106 69 
4240 71 103 345 
4241 354 102 73 
4242 99 363 75 
4243 372 98 77 
4244 79 95 381 
4245 94 81 390 
4246 83 91 399 
4247 88 1804 311 
4248 408 1805 90 
4249 91 1806 399 
4250 451 1692 92 
4251 390 1807 94 
4252 95 1803 381 
4253 97 1686 458 
4254 372 1798 98 
4255 99 1800 363 
4256 354 1799 102 
4257 103 1796 345 
4258 466 1689 104 
4259 336 1797 106 
4260 107 1801 327 
4261 471 1695 108 
4262 318 1802 110 
2 36 2 66
4263 2015 2026 2005 
4264 2005 2026 2016 
4265 2017 2027 2006 
4266 2006 2027 2018 
4267 479 2011 2010 
4268 479 2010 480 
4269 478 2011 479 
4270 2009 2011 478 
4271 487 2014 486 
4272 486 2014 2008 
4273 484 2012 2007 
4274 485 2012 484 
4275 484 2007 483 
4276 477 2009 478 
4277 477 2013 2009 
4278 2008 2012 485 
4279 476 2013 477 
4280 486 2008 485 
4281 489 2005 490 
4282 321 2006 320 
4283 480 2015 481 
4284 488 2016 487 
4285 483 2017 482 
4286 475 2018 476 
4287 2010 2015 480 
4288 487 2016 2014 
4289 2007 2017 483 
4290 476 2018 2013 
4291 482 2019 65 
4292 481 2021 111 
4293 52 2022 475 
4294 112 2020 488 
4295 65 2019 321 
4296 490 2020 112 
4297 320 2022 52 
4298 111 2021 489 
4299 2015 2021 481 
4300 488 2020 2016 
4301 475 2022 2018 
4302 2017 2019 482 
4303 2011 2023 2010 
4304 2011 2024 2023 
4305 2009 2024 2011 
4306 2014 2023 2008 
4307 2023 2024 2008 
4308 2009 2025 2024 
4309 2024 2025 2012 
4310 2008 2024 2012 
4311 2012 2025 2007 
4312 2013 2025 2009 
4313 2023 2026 2010 
4314 2014 2026 2023 
4315 2013 2027 2025 
4316 2025 2027 2007 
4317 2005 2021 2015 
4318 2016 2020 2005 
4319 2018 2022 2006 
4320 2006 2019 2017 
4321 2005 2020 490 
4322 489 2021 2005 
4323 2006 2022 320 
4324 321 2019 2006 
4325 2010 2026 2015 
4326 2016 2026 2014 
4327 2007 2027 2017 
4328 2018 2027 2013 
2 37 2 111
4329 2046 2042 2050 
4330 2045 497 2059 
4331 2053 2047 2069 
4332 2049 2030 2062 
4333 2033 2046 2050 
4334 2031 2047 2053 
4335 2047 2049 2069 
4336 2049 2062 2069 
4337 2055 2037 2058 
4338 481 111 2037 
4339 2031 2044 2047 
4340 2038 2037 2055 
4341 2046 2033 2048 
4342 2048 2033 2054 
4343 498 114 2045 
4344 2032 2038 2039 
4345 2037 111 2061 
4346 2044 2031 2052 
4347 2032 480 2038 
4348 116 501 2061 
4349 2028 2055 2058 
4350 2030 2049 2056 
4351 2054 2036 2056 
4352 2048 2054 2056 
4353 478 479 2052 
4354 2050 2042 2066 
4355 2041 2039 2043 
4356 496 2029 2051 
4357 2032 2040 2052 
4358 2040 2044 2052 
4359 479 2032 2052 
4360 2039 2038 2055 
4361 2029 495 2050 
4362 2031 478 2052 
4363 2043 2039 2055 
4364 2032 2039 2040 
4365 497 496 2051 
4366 496 495 2029 
4367 2040 2039 2041 
4368 2033 493 2054 
4369 114 113 2045 
4370 494 2033 2050 
4371 495 494 2050 
4372 492 491 2036 
4373 475 476 2035 
4374 2047 2048 2049 
4375 477 2031 2053 
4376 480 481 2038 
4377 2035 476 2053 
4378 479 480 2032 
4379 476 477 2053 
4380 494 493 2033 
4381 477 478 2031 
4382 2047 2046 2048 
4383 493 492 2054 
4384 492 2036 2054 
4385 2040 2041 2042 
4386 2044 2046 2047 
4387 323 324 2030 
4388 47 322 2068 
4389 325 52 2067 
4390 2044 2042 2046 
4391 2040 2042 2044 
4392 324 325 2062 
4393 322 323 2063 
4394 491 47 2068 
4395 52 475 2067 
4396 2049 2048 2056 
4397 2055 2028 2064 
4398 500 115 2028 
4399 2057 2034 2060 
4400 2051 2029 2065 
4401 2034 2045 2059 
4402 497 2051 2059 
4403 2057 2060 2064 
4404 499 498 2034 
4405 2029 2050 2066 
4406 501 2058 2061 
4407 481 2037 2038 
4408 115 499 2057 
4409 2059 2051 2060 
4410 501 500 2058 
4411 2065 2029 2066 
4412 322 2063 2068 
4413 2062 325 2067 
4414 2060 2051 2065 
4415 2034 498 2045 
4416 2043 2055 2064 
4417 2034 2059 2060 
4418 111 116 2061 
4419 2028 115 2057 
4420 2043 2060 2065 
4421 500 2028 2058 
4422 2030 324 2062 
4423 323 2030 2063 
4424 2041 2043 2065 
4425 2062 2035 2069 
4426 2030 2056 2063 
4427 499 2034 2057 
4428 2056 2036 2063 
4429 2036 491 2068 
4430 475 2035 2067 
4431 2041 2065 2066 
4432 2035 2053 2069 
4433 2058 2037 2061 
4434 2060 2043 2064 
4435 2042 2041 2066 
4436 2028 2057 2064 
4437 2035 2062 2067 
4438 2063 2036 2068 
4439 113 497 2045 
2 38 2 66
4440 2080 2070 2091 
4441 2070 2081 2091 
4442 2082 2071 2092 
4443 2071 2083 2092 
4444 495 2075 2076 
4445 495 496 2075 
4446 2074 494 2076 
4447 494 495 2076 
4448 506 2073 2079 
4449 507 506 2079 
4450 504 2072 2077 
4451 493 2074 2078 
4452 504 503 2072 
4453 506 505 2073 
4454 2073 505 2077 
4455 492 493 2078 
4456 493 494 2074 
4457 505 504 2077 
4458 331 330 2071 
4459 509 510 2070 
4460 496 497 2080 
4461 508 507 2081 
4462 503 502 2082 
4463 491 492 2083 
4464 2075 496 2080 
4465 507 2079 2081 
4466 492 2078 2083 
4467 2072 503 2082 
4468 497 113 2087 
4469 117 508 2086 
4470 502 67 2084 
4471 47 491 2085 
4472 510 117 2086 
4473 113 509 2087 
4474 67 331 2084 
4475 330 47 2085 
4476 2080 497 2087 
4477 508 2081 2086 
4478 491 2083 2085 
4479 2082 502 2084 
4480 2076 2075 2088 
4481 2076 2088 2089 
4482 2079 2073 2088 
4483 2088 2073 2089 
4484 2074 2076 2089 
4485 2073 2077 2089 
4486 2089 2077 2090 
4487 2074 2089 2090 
4488 2077 2072 2090 
4489 2078 2074 2090 
4490 2088 2075 2091 
4491 2079 2088 2091 
4492 2090 2072 2092 
4493 2078 2090 2092 
4494 2070 2080 2087 
4495 2081 2070 2086 
4496 2071 2082 2084 
4497 2083 2071 2085 
4498 331 2071 2084 
4499 2071 330 2085 
4500 2070 510 2086 
4501 509 2070 2087 
4502 2075 2080 2091 
4503 2081 2079 2091 
4504 2072 2082 2092 
4505 2083 2078 2092 
2 39 2 66
4506 2103 2114 2094 
4507 2094 2114 2104 
4508 2105 2115 2093 
4509 2093 2115 2106 
4510 515 2099 2097 
4511 515 2097 516 
4512 523 2102 522 
4513 522 2102 2096 
4514 514 2099 515 
4515 2095 2100 513 
4516 514 2100 2099 
4517 513 2100 514 
4518 520 2101 2098 
4519 2096 2101 521 
4520 521 2101 520 
4521 522 2096 521 
4522 512 2095 513 
4523 520 2098 519 
4524 339 2093 338 
4525 525 2094 526 
4526 516 2103 517 
4527 524 2104 523 
4528 511 2106 512 
4529 519 2105 518 
4530 2097 2103 516 
4531 523 2104 2102 
4532 2098 2105 519 
4533 512 2106 2095 
4534 44 2109 511 
4535 518 2107 69 
4536 517 2110 118 
4537 119 2108 524 
4538 69 2107 339 
4539 338 2109 44 
4540 526 2108 119 
4541 118 2110 525 
4542 2103 2110 517 
4543 524 2108 2104 
4544 2105 2107 518 
4545 511 2109 2106 
4546 2099 2111 2097 
4547 2102 2111 2096 
4548 2099 2112 2111 
4549 2111 2112 2096 
4550 2095 2113 2100 
4551 2100 2112 2099 
4552 2096 2112 2101 
4553 2101 2113 2098 
4554 2100 2113 2112 
4555 2112 2113 2101 
4556 2111 2114 2097 
4557 2102 2114 2111 
4558 2113 2115 2098 
4559 2095 2115 2113 
4560 2094 2110 2103 
4561 2104 2108 2094 
4562 2106 2109 2093 
4563 2093 2107 2105 
4564 339 2107 2093 
4565 2093 2109 338 
4566 2094 2108 526 
4567 525 2110 2094 
4568 2097 2114 2103 
4569 2104 2114 2102 
4570 2098 2115 2105 
4571 2106 2115 2095 
2 40 2 111
4572 2130 2134 2138 
4573 517 2133 2147 
4574 2134 2121 2138 
4575 2135 2141 2157 
4576 2118 2137 2150 
4577 2135 2119 2141 
4578 2137 2135 2157 
4579 2150 2137 2157 
4580 2125 2143 2146 
4581 120 533 2125 
4582 120 2125 2149 
4583 2132 2119 2135 
4584 2125 2126 2143 
4585 2121 2134 2136 
4586 2121 2136 2142 
4587 534 121 2149 
4588 123 537 2133 
4589 2126 2120 2127 
4590 2119 2132 2140 
4591 532 2120 2126 
4592 2143 2116 2146 
4593 2137 2118 2144 
4594 2146 534 2149 
4595 2124 2142 2144 
4596 2142 2136 2144 
4597 2130 2138 2154 
4598 531 530 2140 
4599 2127 2129 2131 
4600 2128 2120 2140 
4601 2132 2128 2140 
4602 2120 531 2140 
4603 2126 2127 2143 
4604 530 2119 2140 
4605 2117 516 2139 
4606 2127 2131 2143 
4607 2127 2120 2128 
4608 515 516 2117 
4609 2121 514 2138 
4610 2127 2128 2129 
4611 515 2117 2138 
4612 516 517 2139 
4613 513 2121 2142 
4614 118 123 2133 
4615 511 512 2124 
4616 528 527 2123 
4617 2136 2135 2137 
4618 2119 529 2141 
4619 533 532 2126 
4620 528 2123 2141 
4621 532 531 2120 
4622 514 515 2138 
4623 529 528 2141 
4624 513 514 2121 
4625 530 529 2119 
4626 2134 2135 2136 
4627 512 513 2142 
4628 2124 512 2142 
4629 2129 2128 2130 
4630 2134 2132 2135 
4631 341 342 2118 
4632 39 340 2155 
4633 343 44 2156 
4634 2130 2132 2134 
4635 2130 2128 2132 
4636 340 341 2150 
4637 342 343 2151 
4638 527 39 2155 
4639 44 511 2156 
4640 2136 2137 2144 
4641 2116 2143 2152 
4642 122 535 2116 
4643 2122 2145 2148 
4644 2125 2146 2149 
4645 2139 517 2147 
4646 2133 2122 2147 
4647 2117 2139 2153 
4648 2148 2145 2152 
4649 2139 2147 2148 
4650 537 536 2122 
4651 2125 533 2126 
4652 536 122 2145 
4653 2138 2117 2154 
4654 535 534 2146 
4655 2117 2153 2154 
4656 2139 2148 2153 
4657 2151 343 2156 
4658 340 2150 2155 
4659 537 2122 2133 
4660 2143 2131 2152 
4661 2147 2122 2148 
4662 122 2116 2145 
4663 2148 2131 2153 
4664 2116 535 2146 
4665 2131 2129 2153 
4666 341 2118 2150 
4667 2118 342 2151 
4668 2123 2150 2157 
4669 2144 2118 2151 
4670 2122 536 2145 
4671 2124 2144 2151 
4672 511 2124 2156 
4673 2123 527 2155 
4674 2153 2129 2154 
4675 2141 2123 2157 
4676 2131 2148 2152 
4677 2129 2130 2154 
4678 2145 2116 2152 
4679 121 120 2149 
4680 2150 2123 2155 
4681 2124 2151 2156 
4682 517 118 2133 
2 41 2 66
4683 2168 2159 2179 
4684 2159 2169 2179 
4685 2171 2158 2180 
4686 2158 2170 2180 
4687 540 539 2163 
4688 2162 541 2164 
4689 540 2163 2164 
4690 528 529 2167 
4691 529 2161 2167 
4692 541 540 2164 
4693 531 532 2160 
4694 542 541 2162 
4695 543 542 2165 
4696 530 531 2166 
4697 531 2160 2166 
4698 542 2162 2165 
4699 529 530 2161 
4700 2161 530 2166 
4701 349 348 2159 
4702 545 546 2158 
4703 539 538 2168 
4704 527 528 2169 
4705 532 533 2171 
4706 544 543 2170 
4707 2163 539 2168 
4708 528 2167 2169 
4709 2160 532 2171 
4710 543 2165 2170 
4711 124 544 2172 
4712 39 527 2175 
4713 538 71 2173 
4714 533 120 2174 
4715 71 349 2173 
4716 546 124 2172 
4717 348 39 2175 
4718 120 545 2174 
4719 2168 538 2173 
4720 527 2169 2175 
4721 544 2170 2172 
4722 2171 533 2174 
4723 2162 2164 2177 
4724 2164 2163 2176 
4725 2177 2166 2178 
4726 2167 2161 2176 
4727 2162 2177 2178 
4728 2164 2176 2177 
4729 2161 2166 2177 
4730 2166 2160 2178 
4731 2165 2162 2178 
4732 2176 2161 2177 
4733 2176 2163 2179 
4734 2167 2176 2179 
4735 2178 2160 2180 
4736 2165 2178 2180 
4737 2159 2168 2173 
4738 2169 2159 2175 
4739 2170 2158 2172 
4740 2158 2171 2174 
4741 2158 546 2172 
4742 349 2159 2173 
4743 545 2158 2174 
4744 2159 348 2175 
4745 2163 2168 2179 
4746 2169 2167 2179 
4747 2160 2171 2180 
4748 2170 2165 2180 
2 42 2 66
4749 2182 2203 2194 
4750 2192 2203 2182 
4751 2193 2202 2181 
4752 2181 2202 2191 
4753 556 2189 2186 
4754 558 2190 2185 
4755 551 2187 2183 
4756 557 2189 556 
4757 548 2184 549 
4758 550 2188 2187 
4759 549 2188 550 
4760 2184 2188 549 
4761 550 2187 551 
4762 556 2186 555 
4763 558 2185 557 
4764 2185 2189 557 
4765 551 2183 552 
4766 559 2190 558 
4767 561 2181 562 
4768 357 2182 356 
4769 560 2191 559 
4770 552 2193 553 
4771 555 2192 554 
4772 547 2194 548 
4773 559 2191 2190 
4774 2183 2193 552 
4775 548 2194 2184 
4776 2186 2192 555 
4777 553 2197 125 
4778 36 2198 547 
4779 554 2196 73 
4780 126 2195 560 
4781 562 2195 126 
4782 73 2196 357 
4783 356 2198 36 
4784 125 2197 561 
4785 2193 2197 553 
4786 560 2195 2191 
4787 547 2198 2194 
4788 2192 2196 554 
4789 2189 2200 2186 
4790 2200 2201 2188 
4791 2189 2201 2200 
4792 2190 2199 2185 
4793 2187 2199 2183 
4794 2199 2201 2185 
4795 2187 2201 2199 
4796 2188 2201 2187 
4797 2185 2201 2189 
4798 2184 2200 2188 
4799 2200 2203 2186 
4800 2184 2203 2200 
4801 2190 2202 2199 
4802 2199 2202 2183 
4803 2182 2196 2192 
4804 2194 2198 2182 
4805 2191 2195 2181 
4806 2181 2197 2193 
4807 561 2197 2181 
4808 2182 2198 356 
4809 2181 2195 562 
4810 357 2196 2182 
4811 2191 2202 2190 
4812 2194 2203 2184 
4813 2186 2203 2192 
4814 2183 2202 2193 
2 43 2 117
4815 361 547 2214 
4816 127 569 2231 
4817 553 125 2213 
4818 36 547 361 
4819 2234 2228 2237 
4820 2213 125 2235 
4821 2219 2234 2237 
4822 570 128 2215 
4823 130 573 2235 
4824 2205 2236 2237 
4825 2210 570 2215 
4826 2206 2227 2239 
4827 2231 2228 2234 
4828 2204 2218 2248 
4829 2232 2204 2248 
4830 2236 2220 2237 
4831 2211 553 2213 
4832 2217 2211 2218 
4833 2208 2238 2241 
4834 552 553 2211 
4835 2212 2227 2229 
4836 568 2205 2228 
4837 2238 2226 2241 
4838 2208 551 2216 
4839 565 564 2229 
4840 552 2211 2216 
4841 564 2212 2229 
4842 2210 2215 2231 
4843 2226 2220 2236 
4844 2217 2218 2219 
4845 2216 2211 2217 
4846 569 568 2228 
4847 2227 2212 2239 
4848 568 567 2205 
4849 2207 565 2229 
4850 566 2207 2221 
4851 2221 2207 2222 
4852 2211 2213 2248 
4853 2205 567 2221 
4854 361 2214 2245 
4855 2209 549 2230 
4856 564 563 2212 
4857 548 549 2209 
4858 2224 2223 2225 
4859 2222 2207 2223 
4860 2222 2224 2226 
4861 2222 2223 2224 
4862 551 552 2216 
4863 2225 2223 2227 
4864 549 550 2230 
4865 550 2208 2230 
4866 567 566 2221 
4867 2227 2206 2244 
4868 2223 2207 2229 
4869 550 551 2208 
4870 566 565 2207 
4871 2210 2231 2234 
4872 2220 2226 2238 
4873 2227 2223 2229 
4874 359 360 2206 
4875 31 358 2246 
4876 2214 547 2247 
4877 358 359 2239 
4878 563 31 2246 
4879 2208 2216 2238 
4880 2218 2204 2240 
4881 2217 2219 2220 
4882 360 361 2245 
4883 2205 2221 2236 
4884 2243 2244 2245 
4885 2222 2226 2236 
4886 572 129 2204 
4887 547 548 2247 
4888 2242 2225 2243 
4889 573 2232 2235 
4890 2209 2242 2243 
4891 571 570 2210 
4892 573 572 2232 
4893 129 571 2233 
4894 2219 2218 2240 
4895 2217 2220 2238 
4896 2228 2205 2237 
4897 358 2239 2246 
4898 2218 2211 2248 
4899 125 130 2235 
4900 2221 2222 2236 
4901 2244 2206 2245 
4902 569 2228 2231 
4903 2214 2243 2245 
4904 2220 2219 2237 
4905 572 2204 2232 
4906 2241 2224 2242 
4907 2233 2210 2234 
4908 2204 129 2233 
4909 2230 2241 2242 
4910 2216 2217 2238 
4911 359 2206 2239 
4912 2234 2219 2240 
4913 571 2210 2233 
4914 2232 2213 2235 
4915 2224 2225 2242 
4916 2230 2208 2241 
4917 2209 2230 2242 
4918 2226 2224 2241 
4919 2212 563 2246 
4920 2225 2227 2244 
4921 548 2209 2247 
4922 2233 2234 2240 
4923 2204 2233 2240 
4924 2206 360 2245 
4925 128 127 2215 
4926 2239 2212 2246 
4927 2243 2214 2247 
4928 2209 2243 2247 
4929 2243 2225 2244 
4930 2213 2232 2248 
4931 2215 127 2231 
2 44 2 66
4932 2250 2262 2271 
4933 2260 2250 2271 
4934 2261 2249 2270 
4935 2249 2259 2270 
4936 576 2254 2257 
4937 578 2253 2258 
4938 567 2251 2255 
4939 577 576 2257 
4940 564 565 2252 
4941 566 2255 2256 
4942 565 566 2256 
4943 2252 565 2256 
4944 566 567 2255 
4945 576 575 2254 
4946 578 577 2253 
4947 2253 577 2257 
4948 567 568 2251 
4949 579 578 2258 
4950 581 582 2249 
4951 367 366 2250 
4952 580 579 2259 
4953 568 569 2261 
4954 575 574 2260 
4955 563 564 2262 
4956 579 2258 2259 
4957 2251 568 2261 
4958 564 2252 2262 
4959 2254 575 2260 
4960 569 127 2265 
4961 31 563 2266 
4962 574 75 2264 
4963 131 580 2263 
4964 582 131 2263 
4965 75 367 2264 
4966 366 31 2266 
4967 127 581 2265 
4968 2261 569 2265 
4969 580 2259 2263 
4970 563 2262 2266 
4971 2260 574 2264 
4972 2257 2254 2268 
4973 2268 2256 2269 
4974 2257 2268 2269 
4975 2258 2253 2267 
4976 2255 2251 2267 
4977 2267 2253 2269 
4978 2255 2267 2269 
4979 2256 2255 2269 
4980 2253 2257 2269 
4981 2252 2256 2268 
4982 2268 2254 2271 
4983 2252 2268 2271 
4984 2258 2267 2270 
4985 2267 2251 2270 
4986 2250 2260 2264 
4987 2262 2250 2266 
4988 2259 2249 2263 
4989 2249 2261 2265 
4990 581 2249 2265 
4991 2250 366 2266 
4992 2249 582 2263 
4993 367 2250 2264 
4994 2259 2258 2270 
4995 2262 2252 2271 
4996 2254 2260 2271 
4997 2251 2261 2270 
2 45 2 66
4998 2273 2293 2282 
4999 2283 2293 2273 
5000 2284 2294 2272 
5001 2272 2294 2285 
5002 595 2277 594 
5003 593 2278 2276 
5004 2277 2278 594 
5005 587 2280 588 
5006 2275 2280 587 
5007 594 2278 593 
5008 2274 2279 585 
5009 586 2279 2275 
5010 586 2275 587 
5011 2276 2281 592 
5012 593 2276 592 
5013 585 2279 586 
5014 584 2274 585 
5015 592 2281 591 
5016 375 2272 374 
5017 597 2273 598 
5018 596 2282 595 
5019 588 2283 589 
5020 591 2284 590 
5021 583 2285 584 
5022 595 2282 2277 
5023 2280 2283 588 
5024 584 2285 2274 
5025 2281 2284 591 
5026 590 2286 77 
5027 28 2288 583 
5028 589 2289 132 
5029 133 2287 596 
5030 77 2286 375 
5031 598 2287 133 
5032 374 2288 28 
5033 132 2289 597 
5034 596 2287 2282 
5035 2283 2289 589 
5036 583 2288 2285 
5037 2284 2286 590 
5038 2278 2291 2276 
5039 2277 2290 2278 
5040 2279 2292 2291 
5041 2275 2290 2280 
5042 2291 2292 2276 
5043 2290 2291 2278 
5044 2279 2291 2275 
5045 2274 2292 2279 
5046 2276 2292 2281 
5047 2275 2291 2290 
5048 2277 2293 2290 
5049 2290 2293 2280 
5050 2292 2294 2281 
5051 2274 2294 2292 
5052 2282 2287 2273 
5053 2273 2289 2283 
5054 2285 2288 2272 
5055 2272 2286 2284 
5056 375 2286 2272 
5057 2272 2288 374 
5058 597 2289 2273 
5059 2273 2287 598 
5060 2282 2293 2277 
5061 2280 2293 2283 
5062 2285 2294 2274 
5063 2281 2294 2284 
2 46 2 117
5064 2306 605 2325 
5065 379 583 2305 
5066 589 132 2304 
5067 583 379 28 
5068 2323 2319 2328 
5069 2310 2323 2328 
5070 2304 132 2326 
5071 606 135 2306 
5072 137 609 2326 
5073 2297 2318 2330 
5074 2296 2327 2328 
5075 2295 2309 2339 
5076 2319 2323 2325 
5077 2324 2295 2339 
5078 2302 589 2304 
5079 2299 2329 2332 
5080 2308 2302 2309 
5081 2329 2317 2332 
5082 2299 587 2307 
5083 588 589 2302 
5084 2303 2318 2320 
5085 604 2296 2319 
5086 2327 2311 2328 
5087 601 600 2320 
5088 588 2302 2307 
5089 600 2303 2320 
5090 2317 2311 2327 
5091 2308 2309 2310 
5092 2307 2302 2308 
5093 2318 2303 2330 
5094 605 604 2319 
5095 604 603 2296 
5096 2312 2298 2313 
5097 2302 2304 2339 
5098 2298 601 2320 
5099 602 2298 2312 
5100 2300 585 2321 
5101 2296 603 2312 
5102 379 2305 2336 
5103 135 134 2306 
5104 600 599 2303 
5105 584 585 2300 
5106 587 588 2307 
5107 2313 2314 2315 
5108 2313 2315 2317 
5109 2313 2298 2314 
5110 586 2299 2321 
5111 2318 2297 2335 
5112 2315 2314 2316 
5113 585 586 2321 
5114 586 587 2299 
5115 2316 2314 2318 
5116 603 602 2312 
5117 2314 2298 2320 
5118 2311 2317 2329 
5119 602 601 2298 
5120 2318 2314 2320 
5121 377 378 2297 
5122 23 376 2337 
5123 2299 2307 2329 
5124 2305 583 2338 
5125 376 377 2330 
5126 599 23 2337 
5127 2309 2295 2331 
5128 2308 2310 2311 
5129 378 379 2336 
5130 2296 2312 2327 
5131 2334 2335 2336 
5132 2323 2301 2325 
5133 2313 2317 2327 
5134 608 136 2295 
5135 2333 2316 2334 
5136 583 584 2338 
5137 2301 2306 2325 
5138 2300 2333 2334 
5139 609 2324 2326 
5140 605 2319 2325 
5141 607 606 2301 
5142 609 608 2324 
5143 136 607 2322 
5144 2319 2296 2328 
5145 2310 2309 2331 
5146 2308 2311 2329 
5147 376 2330 2337 
5148 2309 2302 2339 
5149 2312 2313 2327 
5150 2301 606 2306 
5151 132 137 2326 
5152 2335 2297 2336 
5153 2305 2334 2336 
5154 2332 2315 2333 
5155 608 2295 2324 
5156 2311 2310 2328 
5157 2321 2332 2333 
5158 2322 2301 2323 
5159 2295 136 2322 
5160 2307 2308 2329 
5161 2323 2310 2331 
5162 377 2297 2330 
5163 607 2301 2322 
5164 2324 2304 2326 
5165 2321 2299 2332 
5166 2315 2316 2333 
5167 2300 2321 2333 
5168 2317 2315 2332 
5169 2303 599 2337 
5170 2316 2318 2335 
5171 584 2300 2338 
5172 2322 2323 2331 
5173 2295 2322 2331 
5174 2297 378 2336 
5175 2330 2303 2337 
5176 2334 2305 2338 
5177 2300 2334 2338 
5178 2334 2316 2335 
5179 2304 2324 2339 
5180 134 605 2306 
2 47 2 66
5181 2345 2342 2353 
5182 2343 2348 2354 
5183 2348 2343 2359 
5184 2342 2345 2360 
5185 2349 2341 2360 
5186 2341 2351 2360 
5187 2352 2340 2359 
5188 2340 2350 2359 
5189 612 2345 2346 
5190 614 613 2344 
5191 2344 613 2346 
5192 603 604 2343 
5193 613 612 2346 
5194 600 601 2342 
5195 612 611 2345 
5196 614 2344 2348 
5197 615 614 2348 
5198 2344 2346 2347 
5199 617 618 2340 
5200 385 384 2341 
5201 611 610 2349 
5202 616 615 2350 
5203 599 600 2351 
5204 604 605 2352 
5205 2345 611 2349 
5206 615 2348 2350 
5207 600 2342 2351 
5208 2343 604 2352 
5209 2346 2345 2353 
5210 2348 2344 2354 
5211 603 2343 2361 
5212 2342 601 2362 
5213 610 79 2355 
5214 605 134 2357 
5215 138 616 2356 
5216 23 599 2358 
5217 79 385 2355 
5218 384 23 2358 
5219 618 138 2356 
5220 134 617 2357 
5221 2353 2342 2362 
5222 2343 2354 2361 
5223 2352 605 2357 
5224 599 2351 2358 
5225 2349 610 2355 
5226 616 2350 2356 
5227 2347 2346 2353 
5228 2344 2347 2354 
5229 2361 2347 2362 
5230 601 602 2362 
5231 602 603 2361 
5232 602 2361 2362 
5233 2340 2352 2357 
5234 2350 2340 2356 
5235 2351 2341 2358 
5236 2341 2349 2355 
5237 617 2340 2357 
5238 385 2341 2355 
5239 2341 384 2358 
5240 2340 618 2356 
5241 2351 2342 2360 
5242 2345 2349 2360 
5243 2350 2348 2359 
5244 2343 2352 2359 
5245 2354 2347 2361 
5246 2347 2353 2362 
2 48 2 66
5247 2363 2384 2373 
5248 2374 2384 2363 
5249 2375 2385 2364 
5250 2364 2385 2376 
5251 631 2367 630 
5252 629 2369 2368 
5253 2367 2369 630 
5254 623 2370 624 
5255 2365 2370 623 
5256 630 2369 629 
5257 622 2365 623 
5258 2366 2371 621 
5259 621 2371 622 
5260 622 2371 2365 
5261 628 2372 627 
5262 629 2368 628 
5263 620 2366 621 
5264 2368 2372 628 
5265 633 2363 634 
5266 393 2364 392 
5267 632 2373 631 
5268 624 2374 625 
5269 627 2375 626 
5270 619 2376 620 
5271 631 2373 2367 
5272 2370 2374 624 
5273 2372 2375 627 
5274 620 2376 2366 
5275 625 2380 139 
5276 140 2379 632 
5277 626 2377 81 
5278 20 2378 619 
5279 634 2379 140 
5280 139 2380 633 
5281 81 2377 393 
5282 392 2378 20 
5283 632 2379 2373 
5284 2374 2380 625 
5285 619 2378 2376 
5286 2375 2377 626 
5287 2369 2382 2368 
5288 2367 2381 2369 
5289 2371 2383 2382 
5290 2365 2381 2370 
5291 2382 2383 2368 
5292 2381 2382 2369 
5293 2371 2382 2365 
5294 2366 2383 2371 
5295 2368 2383 2372 
5296 2365 2382 2381 
5297 2367 2384 2381 
5298 2381 2384 2370 
5299 2366 2385 2383 
5300 2383 2385 2372 
5301 2373 2379 2363 
5302 2363 2380 2374 
5303 2376 2378 2364 
5304 2364 2377 2375 
5305 393 2377 2364 
5306 2364 2378 392 
5307 633 2380 2363 
5308 2363 2379 634 
5309 2373 2384 2367 
5310 2370 2384 2374 
5311 2372 2385 2375 
5312 2376 2385 2366 
2 49 2 117
5313 625 2397 2416 
5314 635 394 2396 
5315 141 2395 2417 
5316 141 641 2395 
5317 15 394 635 
5318 2403 2414 2420 
5319 2414 2401 2420 
5320 642 142 2417 
5321 144 645 2397 
5322 2415 642 2417 
5323 2418 2387 2420 
5324 2414 2403 2416 
5325 2409 2419 2423 
5326 2419 2390 2423 
5327 2400 2386 2430 
5328 2410 2388 2421 
5329 2386 2415 2430 
5330 641 2393 2395 
5331 2402 2409 2418 
5332 2402 2418 2420 
5333 2393 2399 2400 
5334 639 2390 2398 
5335 641 640 2393 
5336 2410 2394 2411 
5337 2393 640 2398 
5338 623 2387 2404 
5339 2400 2399 2401 
5340 2393 2398 2399 
5341 2387 624 2403 
5342 2409 2402 2419 
5343 2394 620 2411 
5344 623 624 2387 
5345 2395 2393 2430 
5346 637 2391 2412 
5347 624 625 2403 
5348 2396 394 2427 
5349 139 144 2397 
5350 2406 2410 2411 
5351 622 623 2404 
5352 2389 622 2404 
5353 620 621 2411 
5354 619 620 2394 
5355 637 636 2391 
5356 640 639 2398 
5357 2407 2405 2409 
5358 2390 638 2412 
5359 2406 2405 2407 
5360 2406 2407 2408 
5361 2389 2404 2405 
5362 638 637 2412 
5363 2389 2405 2406 
5364 639 638 2390 
5365 2389 2406 2411 
5366 2406 2408 2410 
5367 2388 2410 2426 
5368 621 2389 2411 
5369 621 622 2389 
5370 2394 2410 2421 
5371 2395 2415 2417 
5372 395 396 2388 
5373 397 20 2428 
5374 2398 2390 2419 
5375 2404 2387 2418 
5376 635 2396 2429 
5377 396 397 2421 
5378 20 619 2428 
5379 2386 2400 2422 
5380 2426 2425 2427 
5381 2401 2399 2402 
5382 394 395 2427 
5383 2392 2414 2416 
5384 2409 2405 2418 
5385 143 643 2386 
5386 2408 2424 2425 
5387 2424 2391 2425 
5388 636 635 2429 
5389 2397 2392 2416 
5390 2403 625 2416 
5391 645 644 2392 
5392 643 642 2415 
5393 644 143 2413 
5394 2402 2399 2419 
5395 2400 2401 2422 
5396 2388 2426 2427 
5397 2421 397 2428 
5398 2387 2403 2420 
5399 2393 2400 2430 
5400 645 2392 2397 
5401 2405 2404 2418 
5402 2425 2396 2427 
5403 2386 643 2415 
5404 2399 2398 2419 
5405 2401 2402 2420 
5406 2392 2413 2414 
5407 143 2386 2413 
5408 2401 2414 2422 
5409 2388 396 2421 
5410 2392 644 2413 
5411 2407 2423 2424 
5412 2412 2391 2424 
5413 2423 2412 2424 
5414 2407 2409 2423 
5415 2408 2407 2424 
5416 2390 2412 2423 
5417 619 2394 2428 
5418 2391 636 2429 
5419 2410 2408 2426 
5420 2414 2413 2422 
5421 2413 2386 2422 
5422 395 2388 2427 
5423 142 141 2417 
5424 2394 2421 2428 
5425 2396 2425 2429 
5426 2425 2391 2429 
5427 2408 2425 2426 
5428 2415 2395 2430 
5429 625 139 2397 
2 50 2 66
5430 2441 2432 2452 
5431 2432 2442 2452 
5432 2431 2443 2453 
5433 2444 2431 2453 
5434 648 2435 2437 
5435 648 647 2435 
5436 636 637 2439 
5437 637 2434 2439 
5438 649 648 2437 
5439 2433 650 2438 
5440 649 2437 2438 
5441 650 649 2438 
5442 639 640 2436 
5443 651 650 2433 
5444 637 638 2434 
5445 638 639 2440 
5446 2434 638 2440 
5447 639 2436 2440 
5448 653 654 2431 
5449 403 402 2432 
5450 647 646 2441 
5451 635 636 2442 
5452 640 641 2444 
5453 652 651 2443 
5454 2435 647 2441 
5455 636 2439 2442 
5456 2436 640 2444 
5457 651 2433 2443 
5458 641 141 2447 
5459 145 652 2445 
5460 646 83 2446 
5461 15 635 2448 
5462 83 403 2446 
5463 654 145 2445 
5464 402 15 2448 
5465 141 653 2447 
5466 2441 646 2446 
5467 635 2442 2448 
5468 2444 641 2447 
5469 652 2443 2445 
5470 2437 2435 2449 
5471 2439 2434 2449 
5472 2437 2449 2450 
5473 2449 2434 2450 
5474 2433 2438 2451 
5475 2438 2437 2450 
5476 2434 2440 2450 
5477 2440 2436 2451 
5478 2438 2450 2451 
5479 2450 2440 2451 
5480 2449 2435 2452 
5481 2439 2449 2452 
5482 2451 2436 2453 
5483 2433 2451 2453 
5484 2432 2441 2446 
5485 2442 2432 2448 
5486 2431 2444 2447 
5487 2443 2431 2445 
5488 2431 654 2445 
5489 403 2432 2446 
5490 653 2431 2447 
5491 2432 402 2448 
5492 2435 2441 2452 
5493 2442 2439 2452 
5494 2443 2433 2453 
5495 2436 2444 2453 
2 51 2 26
5496 448 2457 89 
5497 87 2456 446 
5498 443 2457 448 
5499 446 2456 442 
5500 444 2457 443 
5501 442 2456 441 
5502 90 2454 56 
5503 62 2455 88 
5504 88 2455 445 
5505 449 2454 90 
5506 442 2459 446 
5507 448 2458 443 
5508 445 2455 87 
5509 89 2454 449 
5510 446 2459 447 
5511 447 2458 448 
5512 2454 2457 444 
5513 441 2456 2455 
5514 443 2458 86 
5515 86 2459 442 
5516 2455 2456 87 
5517 89 2457 2454 
5518 2458 2459 86 
5519 447 2459 2458 
5520 56 2454 444 
5521 441 2455 62 
2 52 2 21
5522 473 2463 109 
5523 108 2462 471 
5524 657 472 656 
5525 473 472 657 
5526 472 471 656 
5527 657 658 473 
5528 656 471 655 
5529 658 2463 473 
5530 471 2462 655 
5531 110 2460 65 
5532 67 2461 107 
5533 107 2461 470 
5534 474 2460 110 
5535 655 2462 2461 
5536 2460 2463 658 
5537 109 2460 474 
5538 470 2461 108 
5539 2461 2462 108 
5540 109 2463 2460 
5541 65 2460 658 
5542 655 2461 67 
2 53 2 21
5543 104 2467 466 
5544 468 2466 105 
5545 661 467 660 
5546 660 467 466 
5547 661 468 467 
5548 660 466 659 
5549 662 468 661 
5550 466 2467 659 
5551 662 2466 468 
5552 71 2464 103 
5553 106 2465 69 
5554 103 2464 465 
5555 469 2465 106 
5556 2465 2466 662 
5557 659 2467 2464 
5558 465 2464 104 
5559 105 2465 469 
5560 105 2466 2465 
5561 2464 2467 104 
5562 69 2465 662 
5563 659 2464 71 
2 54 2 21
5564 463 2471 101 
5565 100 2470 461 
5566 665 462 664 
5567 463 462 665 
5568 664 462 461 
5569 463 665 666 
5570 664 461 663 
5571 461 2470 663 
5572 666 2471 463 
5573 75 2468 99 
5574 102 2469 73 
5575 99 2468 460 
5576 464 2469 102 
5577 2469 2471 666 
5578 663 2470 2468 
5579 460 2468 100 
5580 101 2469 464 
5581 2468 2470 100 
5582 101 2471 2469 
5583 73 2469 666 
5584 663 2468 75 
2 55 2 19
5585 98 2472 77 
5586 670 2472 458 
5587 96 2474 456 
5588 459 2472 98 
5589 669 457 668 
5590 669 458 457 
5591 668 457 456 
5592 670 458 669 
5593 667 668 456 
5594 456 2474 667 
5595 79 2473 95 
5596 95 2473 455 
5597 667 2474 2473 
5598 455 2473 96 
5599 97 2472 459 
5600 2473 2474 96 
5601 77 2472 670 
5602 667 2473 79 
5603 458 2472 97 
2 56 2 21
5604 92 2478 451 
5605 453 2477 93 
5606 452 672 673 
5607 451 672 452 
5608 452 673 453 
5609 671 672 451 
5610 453 673 674 
5611 451 2478 671 
5612 674 2477 453 
5613 83 2475 91 
5614 94 2476 81 
5615 454 2476 94 
5616 91 2475 450 
5617 2476 2477 674 
5618 671 2478 2475 
5619 93 2476 454 
5620 450 2475 92 
5621 93 2477 2476 
5622 2475 2478 92 
5623 81 2476 674 
5624 671 2475 83 
2 57 2 12
5625 489 2479 111 
5626 112 2480 490 
5627 676 2480 146 
5628 116 2479 675 
5629 490 2481 489 
5630 675 2481 676 
5631 676 2481 490 
5632 675 2479 489 
5633 111 2479 116 
5634 146 2480 112 
5635 490 2480 676 
5636 489 2481 675 
2 58 2 111
5637 2500 2504 2496 
5638 2499 2513 508 
5639 2507 2523 2501 
5640 2503 2516 2484 
5641 2487 2504 2500 
5642 2485 2507 2501 
5643 2501 2523 2503 
5644 2503 2523 2516 
5645 2509 2512 2491 
5646 488 2491 112 
5647 2485 2501 2498 
5648 2492 2509 2491 
5649 2500 2502 2487 
5650 2502 2508 2487 
5651 677 2499 147 
5652 2486 2493 2492 
5653 2491 2515 112 
5654 2498 2506 2485 
5655 2486 2492 487 
5656 146 2515 680 
5657 2482 2512 2509 
5658 2484 2510 2503 
5659 2508 2510 2490 
5660 2502 2510 2508 
5661 485 2506 486 
5662 2504 2520 2496 
5663 2495 2497 2493 
5664 507 2505 2483 
5665 2486 2506 2494 
5666 2494 2506 2498 
5667 486 2506 2486 
5668 2493 2509 2492 
5669 2483 2504 506 
5670 2485 2506 485 
5671 2497 2509 2493 
5672 2486 2494 2493 
5673 508 2505 507 
5674 507 2483 506 
5675 2494 2495 2493 
5676 2487 2508 504 
5677 147 2499 117 
5678 505 2504 2487 
5679 506 2504 505 
5680 503 2490 502 
5681 482 2489 483 
5682 2501 2503 2502 
5683 484 2507 2485 
5684 487 2492 488 
5685 2489 2507 483 
5686 486 2486 487 
5687 483 2507 484 
5688 505 2487 504 
5689 484 2485 485 
5690 2501 2502 2500 
5691 504 2508 503 
5692 503 2508 2490 
5693 2494 2496 2495 
5694 2498 2501 2500 
5695 656 2484 657 
5696 67 2522 655 
5697 658 2521 65 
5698 2498 2500 2496 
5699 2494 2498 2496 
5700 657 2516 658 
5701 655 2517 656 
5702 502 2522 67 
5703 65 2521 482 
5704 2503 2510 2502 
5705 2509 2518 2482 
5706 679 2482 148 
5707 2511 2514 2488 
5708 2505 2519 2483 
5709 2488 2513 2499 
5710 508 2513 2505 
5711 2511 2518 2514 
5712 678 2488 677 
5713 2483 2520 2504 
5714 680 2515 2512 
5715 488 2492 2491 
5716 148 2511 678 
5717 2513 2514 2505 
5718 680 2512 679 
5719 2519 2520 2483 
5720 655 2522 2517 
5721 2516 2521 658 
5722 2514 2519 2505 
5723 2488 2499 677 
5724 2497 2518 2509 
5725 2488 2514 2513 
5726 112 2515 146 
5727 2482 2511 148 
5728 2497 2519 2514 
5729 679 2512 2482 
5730 2484 2516 657 
5731 656 2517 2484 
5732 2495 2519 2497 
5733 2516 2523 2489 
5734 2484 2517 2510 
5735 678 2511 2488 
5736 2510 2517 2490 
5737 2490 2522 502 
5738 482 2521 2489 
5739 2495 2520 2519 
5740 2489 2523 2507 
5741 2512 2515 2491 
5742 2514 2518 2497 
5743 2496 2520 2495 
5744 2482 2518 2511 
5745 2489 2521 2516 
5746 2517 2522 2490 
5747 117 2499 508 
2 59 2 26
5748 2524 2531 2526 
5749 2526 2530 2525 
5750 675 2531 116 
5751 146 2530 676 
5752 682 2528 148 
5753 115 2529 681 
5754 2525 2528 2527 
5755 2527 2529 2524 
5756 2526 2531 675 
5757 676 2530 2526 
5758 676 2526 675 
5759 2525 2527 2526 
5760 2526 2527 2524 
5761 2527 2528 682 
5762 681 2529 2527 
5763 679 2525 680 
5764 501 2524 500 
5765 681 2527 682 
5766 148 2528 679 
5767 500 2529 115 
5768 680 2530 146 
5769 116 2531 501 
5770 2525 2530 680 
5771 501 2531 2524 
5772 679 2528 2525 
5773 2524 2529 500 
2 60 2 26
5774 2534 2537 2532 
5775 2533 2539 2534 
5776 148 2537 682 
5777 681 2539 115 
5778 114 2538 683 
5779 684 2536 147 
5780 2535 2538 2533 
5781 2532 2536 2535 
5782 682 2537 2534 
5783 2534 2539 681 
5784 682 2534 681 
5785 2532 2535 2534 
5786 2534 2535 2533 
5787 683 2538 2535 
5788 2535 2536 684 
5789 499 2533 498 
5790 677 2532 678 
5791 683 2535 684 
5792 147 2536 677 
5793 498 2538 114 
5794 115 2539 499 
5795 678 2537 148 
5796 2533 2538 498 
5797 2532 2537 678 
5798 499 2539 2533 
5799 677 2536 2532 
2 61 2 12
5800 113 2540 509 
5801 147 2541 684 
5802 510 2541 117 
5803 683 2540 114 
5804 684 2542 683 
5805 509 2542 510 
5806 510 2542 684 
5807 509 2540 683 
5808 114 2540 113 
5809 684 2541 510 
5810 117 2541 147 
5811 683 2542 509 
2 62 2 12
5812 525 2543 118 
5813 123 2543 685 
5814 686 2544 149 
5815 119 2544 526 
5816 685 2545 686 
5817 526 2545 525 
5818 526 2544 686 
5819 686 2545 526 
5820 118 2543 123 
5821 685 2543 525 
5822 149 2544 119 
5823 525 2545 685 
2 63 2 111
5824 2560 2568 2564 
5825 2564 2568 2551 
5826 2565 2587 2571 
5827 2548 2580 2567 
5828 524 2575 119 
5829 2565 2571 2549 
5830 2567 2587 2565 
5831 2580 2587 2567 
5832 2555 2577 2573 
5833 124 2555 544 
5834 124 2579 2555 
5835 2562 2565 2549 
5836 2555 2573 2556 
5837 2551 2566 2564 
5838 149 2563 690 
5839 2551 2572 2566 
5840 687 2579 150 
5841 2556 2557 2550 
5842 2549 2570 2562 
5843 543 2556 2550 
5844 690 2563 2552 
5845 2573 2577 2546 
5846 2567 2574 2548 
5847 2577 2579 687 
5848 2554 2574 2572 
5849 2572 2574 2566 
5850 2560 2584 2568 
5851 542 2570 541 
5852 2557 2561 2559 
5853 2578 2582 2576 
5854 2558 2570 2550 
5855 2562 2570 2558 
5856 2550 2570 542 
5857 2552 2578 2576 
5858 2556 2573 2557 
5859 2563 2575 2552 
5860 541 2570 2549 
5861 2547 2569 523 
5862 2557 2573 2561 
5863 2557 2558 2550 
5864 522 2547 523 
5865 2551 2568 521 
5866 2557 2559 2558 
5867 522 2568 2547 
5868 523 2569 524 
5869 520 2572 2551 
5870 518 2554 519 
5871 539 2553 538 
5872 2566 2567 2565 
5873 2549 2571 540 
5874 544 2556 543 
5875 539 2571 2553 
5876 543 2550 542 
5877 521 2568 522 
5878 540 2571 539 
5879 520 2551 521 
5880 541 2549 540 
5881 2564 2566 2565 
5882 519 2572 520 
5883 2554 2572 519 
5884 2559 2560 2558 
5885 2564 2565 2562 
5886 660 2548 661 
5887 71 2585 659 
5888 662 2586 69 
5889 2560 2564 2562 
5890 2560 2562 2558 
5891 659 2580 660 
5892 661 2581 662 
5893 538 2585 71 
5894 69 2586 518 
5895 2566 2574 2567 
5896 2546 2582 2573 
5897 151 2546 688 
5898 2555 2579 2577 
5899 2547 2583 2569 
5900 690 2552 689 
5901 2555 2556 544 
5902 689 2576 151 
5903 2568 2584 2547 
5904 688 2577 687 
5905 2547 2584 2583 
5906 2581 2586 662 
5907 659 2585 2580 
5908 2569 2575 524 
5909 2573 2582 2561 
5910 151 2576 2546 
5911 2546 2577 688 
5912 2561 2582 2578 
5913 2561 2583 2559 
5914 660 2580 2548 
5915 2548 2581 661 
5916 2575 2578 2552 
5917 2553 2587 2580 
5918 2574 2581 2548 
5919 2552 2576 689 
5920 2554 2581 2574 
5921 2569 2578 2575 
5922 2578 2583 2561 
5923 518 2586 2554 
5924 2553 2585 538 
5925 2583 2584 2559 
5926 2571 2587 2553 
5927 2559 2584 2560 
5928 2569 2583 2578 
5929 2576 2582 2546 
5930 119 2563 149 
5931 150 2579 124 
5932 2580 2585 2553 
5933 2554 2586 2581 
5934 119 2575 2563 
2 64 2 26
5935 2590 2593 2588 
5936 2589 2592 2590 
5937 149 2594 686 
5938 685 2595 123 
5939 122 2593 691 
5940 692 2592 151 
5941 2588 2595 2591 
5942 2591 2594 2589 
5943 691 2593 2590 
5944 2590 2592 692 
5945 691 2590 692 
5946 2590 2591 2589 
5947 2588 2591 2590 
5948 2591 2595 685 
5949 686 2594 2591 
5950 689 2589 690 
5951 537 2588 536 
5952 686 2591 685 
5953 151 2592 689 
5954 536 2593 122 
5955 690 2594 149 
5956 123 2595 537 
5957 2588 2593 536 
5958 2589 2594 690 
5959 537 2595 2588 
5960 689 2592 2589 
2 65 2 26
5961 2598 2602 2597 
5962 2596 2603 2598 
5963 151 2602 692 
5964 121 2601 693 
5965 691 2603 122 
5966 694 2600 150 
5967 2599 2601 2596 
5968 2597 2600 2599 
5969 692 2602 2598 
5970 2598 2603 691 
5971 692 2598 691 
5972 2597 2599 2598 
5973 2598 2599 2596 
5974 693 2601 2599 
5975 2599 2600 694 
5976 535 2596 534 
5977 687 2597 688 
5978 693 2599 694 
5979 150 2600 687 
5980 122 2603 535 
5981 534 2601 121 
5982 688 2602 151 
5983 535 2603 2596 
5984 2596 2601 534 
5985 2597 2602 688 
5986 687 2600 2597 
2 66 2 12
5987 150 2605 694 
5988 693 2604 121 
5989 546 2605 124 
5990 120 2604 545 
5991 545 2606 546 
5992 694 2606 693 
5993 546 2606 694 
5994 121 2604 120 
5995 545 2604 693 
5996 694 2605 546 
5997 124 2605 150 
5998 693 2606 545 
2 67 2 12
5999 130 2607 695 
6000 126 2608 562 
6001 562 2609 561 
6002 696 2608 152 
6003 695 2609 696 
6004 561 2607 125 
6005 695 2607 561 
6006 152 2608 126 
6007 125 2607 130 
6008 561 2609 695 
6009 562 2608 696 
6010 696 2609 562 
2 68 2 111
6011 2628 2632 2624 
6012 2627 2641 580 
6013 2615 2632 2628 
6014 2635 2651 2629 
6015 2631 2644 2612 
6016 2613 2635 2629 
6017 2629 2651 2631 
6018 2631 2651 2644 
6019 2637 2639 2619 
6020 560 2619 126 
6021 2613 2629 2626 
6022 2620 2637 2619 
6023 2628 2630 2615 
6024 2630 2636 2615 
6025 697 2627 153 
6026 2614 2621 2620 
6027 2619 2643 126 
6028 2626 2634 2613 
6029 2614 2620 559 
6030 152 2643 700 
6031 2610 2639 2637 
6032 2612 2638 2631 
6033 2636 2638 2618 
6034 2630 2638 2636 
6035 2632 2648 2624 
6036 557 2634 558 
6037 2623 2625 2621 
6038 579 2633 2611 
6039 2614 2634 2622 
6040 2622 2634 2626 
6041 558 2634 2614 
6042 2621 2637 2620 
6043 2613 2634 557 
6044 2625 2637 2621 
6045 2614 2622 2621 
6046 580 2633 579 
6047 579 2611 578 
6048 577 2632 2615 
6049 2622 2623 2621 
6050 2611 2632 578 
6051 2615 2636 576 
6052 153 2627 131 
6053 554 2617 555 
6054 575 2618 574 
6055 2629 2631 2630 
6056 556 2635 2613 
6057 559 2620 560 
6058 2617 2635 555 
6059 558 2614 559 
6060 578 2632 577 
6061 555 2635 556 
6062 556 2613 557 
6063 577 2615 576 
6064 2629 2630 2628 
6065 576 2636 575 
6066 575 2636 2618 
6067 2622 2624 2623 
6068 2626 2629 2628 
6069 664 2612 665 
6070 75 2649 663 
6071 666 2650 73 
6072 2626 2628 2624 
6073 2622 2626 2624 
6074 665 2644 666 
6075 663 2645 664 
6076 574 2649 75 
6077 73 2650 554 
6078 2631 2638 2630 
6079 2637 2646 2610 
6080 699 2610 154 
6081 2640 2642 2616 
6082 2633 2647 2611 
6083 2616 2641 2627 
6084 580 2641 2633 
6085 2640 2646 2642 
6086 698 2616 697 
6087 700 2643 2639 
6088 560 2620 2619 
6089 154 2640 698 
6090 2611 2648 2632 
6091 2641 2642 2633 
6092 700 2639 699 
6093 2647 2648 2611 
6094 663 2649 2645 
6095 2644 2650 666 
6096 2642 2647 2633 
6097 2616 2627 697 
6098 2625 2646 2637 
6099 2616 2642 2641 
6100 126 2643 152 
6101 2610 2640 154 
6102 2625 2647 2642 
6103 699 2639 2610 
6104 2612 2644 665 
6105 664 2645 2612 
6106 2623 2647 2625 
6107 2644 2651 2617 
6108 2612 2645 2638 
6109 698 2640 2616 
6110 2638 2645 2618 
6111 554 2650 2617 
6112 2618 2649 574 
6113 2623 2648 2647 
6114 2617 2651 2635 
6115 2639 2643 2619 
6116 2642 2646 2625 
6117 2624 2648 2623 
6118 2610 2646 2640 
6119 2617 2650 2644 
6120 2645 2649 2618 
6121 131 2627 580 
2 69 2 26
6122 2654 2657 2653 
6123 2652 2659 2654 
6124 152 2657 696 
6125 129 2658 701 
6126 695 2659 130 
6127 702 2656 154 
6128 2655 2658 2652 
6129 2653 2656 2655 
6130 696 2657 2654 
6131 2654 2659 695 
6132 696 2654 695 
6133 2653 2655 2654 
6134 2654 2655 2652 
6135 701 2658 2655 
6136 2655 2656 702 
6137 699 2653 700 
6138 573 2652 572 
6139 701 2655 702 
6140 154 2656 699 
6141 130 2659 573 
6142 572 2658 129 
6143 700 2657 152 
6144 573 2659 2652 
6145 2652 2658 572 
6146 2653 2657 700 
6147 699 2656 2653 
2 70 2 26
6148 2661 2666 2662 
6149 2662 2664 2660 
6150 701 2666 129 
6151 128 2667 703 
6152 154 2664 702 
6153 704 2665 153 
6154 2663 2667 2661 
6155 2660 2665 2663 
6156 2662 2666 701 
6157 702 2664 2662 
6158 702 2662 701 
6159 2660 2663 2662 
6160 2662 2663 2661 
6161 703 2667 2663 
6162 2663 2665 704 
6163 697 2660 698 
6164 571 2661 570 
6165 703 2663 704 
6166 153 2665 697 
6167 698 2664 154 
6168 570 2667 128 
6169 129 2666 571 
6170 2660 2664 698 
6171 2661 2667 570 
6172 571 2666 2661 
6173 697 2665 2660 
2 71 2 12
6174 153 2669 704 
6175 704 2670 703 
6176 581 2670 582 
6177 582 2669 131 
6178 127 2668 581 
6179 703 2668 128 
6180 581 2668 703 
6181 704 2669 582 
6182 703 2670 581 
6183 131 2669 153 
6184 582 2670 704 
6185 128 2668 127 
2 72 2 12
6186 133 2672 598 
6187 706 2672 155 
6188 137 2671 705 
6189 705 2673 706 
6190 597 2671 132 
6191 598 2673 597 
6192 705 2671 597 
6193 706 2673 598 
6194 598 2672 706 
6195 155 2672 133 
6196 132 2671 137 
6197 597 2673 705 
2 73 2 117
6198 2685 2704 616 
6199 670 2684 590 
6200 596 2683 133 
6201 77 670 590 
6202 2702 2707 2698 
6203 2689 2707 2702 
6204 2683 2705 133 
6205 707 2685 156 
6206 155 2705 710 
6207 2676 2709 2697 
6208 2675 2707 2706 
6209 2674 2718 2688 
6210 2698 2704 2702 
6211 2703 2718 2674 
6212 2681 2683 596 
6213 2678 2711 2708 
6214 2687 2688 2681 
6215 2708 2711 2696 
6216 2678 2686 594 
6217 595 2681 596 
6218 2682 2699 2697 
6219 615 2698 2675 
6220 2706 2707 2690 
6221 612 2699 611 
6222 595 2686 2681 
6223 611 2699 2682 
6224 2696 2706 2690 
6225 2687 2689 2688 
6226 2686 2687 2681 
6227 2697 2709 2682 
6228 616 2698 615 
6229 615 2675 614 
6230 2691 2692 2677 
6231 2681 2718 2683 
6232 2677 2699 612 
6233 613 2691 2677 
6234 2679 2700 592 
6235 2675 2691 614 
6236 670 2715 2684 
6237 156 2685 138 
6238 611 2682 610 
6239 591 2679 592 
6240 594 2686 595 
6241 2692 2694 2693 
6242 2692 2696 2694 
6243 2692 2693 2677 
6244 593 2700 2678 
6245 2697 2714 2676 
6246 2694 2695 2693 
6247 592 2700 593 
6248 593 2678 594 
6249 2695 2697 2693 
6250 614 2691 613 
6251 2693 2699 2677 
6252 2690 2708 2696 
6253 613 2677 612 
6254 2697 2699 2693 
6255 668 2676 669 
6256 79 2716 667 
6257 2678 2708 2686 
6258 2684 2717 590 
6259 667 2709 668 
6260 610 2716 79 
6261 2688 2710 2674 
6262 2687 2690 2689 
6263 669 2715 670 
6264 2675 2706 2691 
6265 2713 2715 2714 
6266 2702 2704 2680 
6267 2692 2706 2696 
6268 709 2674 157 
6269 2712 2713 2695 
6270 590 2717 591 
6271 2680 2704 2685 
6272 2679 2713 2712 
6273 710 2705 2703 
6274 616 2704 2698 
6275 708 2680 707 
6276 710 2703 709 
6277 157 2701 708 
6278 2698 2707 2675 
6279 2689 2710 2688 
6280 2687 2708 2690 
6281 667 2716 2709 
6282 2688 2718 2681 
6283 2691 2706 2692 
6284 2680 2685 707 
6285 133 2705 155 
6286 2714 2715 2676 
6287 2684 2715 2713 
6288 2711 2712 2694 
6289 709 2703 2674 
6290 2690 2707 2689 
6291 2700 2712 2711 
6292 2701 2702 2680 
6293 2674 2701 157 
6294 2686 2708 2687 
6295 2702 2710 2689 
6296 668 2709 2676 
6297 708 2701 2680 
6298 2703 2705 2683 
6299 2700 2711 2678 
6300 2694 2712 2695 
6301 2679 2712 2700 
6302 2696 2711 2694 
6303 2682 2716 610 
6304 2695 2714 2697 
6305 591 2717 2679 
6306 2701 2710 2702 
6307 2674 2710 2701 
6308 2676 2715 669 
6309 2709 2716 2682 
6310 2713 2717 2684 
6311 2679 2717 2713 
6312 2713 2714 2695 
6313 2683 2718 2703 
6314 138 2685 616 
2 74 2 26
6315 2721 2726 2719 
6316 2720 2725 2721 
6317 705 2724 137 
6318 136 2726 711 
6319 155 2723 706 
6320 712 2725 157 
6321 2719 2724 2722 
6322 2722 2723 2720 
6323 711 2726 2721 
6324 2721 2725 712 
6325 711 2721 712 
6326 2721 2722 2720 
6327 2719 2722 2721 
6328 2722 2724 705 
6329 706 2723 2722 
6330 709 2720 710 
6331 609 2719 608 
6332 706 2722 705 
6333 157 2725 709 
6334 710 2723 155 
6335 608 2726 136 
6336 137 2724 609 
6337 2720 2723 710 
6338 2719 2726 608 
6339 609 2724 2719 
6340 709 2725 2720 
2 75 2 26
6341 2729 2731 2728 
6342 2727 2734 2729 
6343 135 2733 713 
6344 157 2731 712 
6345 711 2734 136 
6346 714 2732 156 
6347 2730 2733 2727 
6348 2728 2732 2730 
6349 712 2731 2729 
6350 2729 2734 711 
6351 712 2729 711 
6352 2728 2730 2729 
6353 2729 2730 2727 
6354 713 2733 2730 
6355 2730 2732 714 
6356 607 2727 606 
6357 707 2728 708 
6358 713 2730 714 
6359 156 2732 707 
6360 136 2734 607 
6361 708 2731 157 
6362 606 2733 135 
6363 607 2734 2727 
6364 2728 2731 708 
6365 2727 2733 606 
6366 707 2732 2728 
2 76 2 12
6367 156 2736 714 
6368 618 2736 138 
6369 617 2737 618 
6370 713 2735 135 
6371 134 2735 617 
6372 714 2737 713 
6373 617 2735 713 
6374 618 2737 714 
6375 714 2736 618 
6376 138 2736 156 
6377 135 2735 134 
6378 713 2737 617 
2 77 2 12
6379 716 2739 158 
6380 140 2739 634 
6381 634 2740 633 
6382 144 2738 715 
6383 633 2738 139 
6384 715 2740 716 
6385 715 2738 633 
6386 634 2739 716 
6387 716 2740 634 
6388 139 2738 144 
6389 158 2739 140 
6390 633 2740 715 
2 78 2 117
6391 632 2771 2752 
6392 646 2751 671 
6393 145 2772 2750 
6394 145 2750 652 
6395 83 646 671 
6396 2758 2775 2769 
6397 2769 2775 2756 
6398 717 2772 159 
6399 158 2752 720 
6400 2770 2772 717 
6401 2773 2775 2742 
6402 2769 2771 2758 
6403 2764 2778 2774 
6404 2774 2778 2745 
6405 2755 2785 2741 
6406 2765 2776 2743 
6407 2741 2785 2770 
6408 652 2750 2748 
6409 2757 2773 2764 
6410 2757 2775 2773 
6411 2748 2755 2754 
6412 650 2753 2745 
6413 652 2748 651 
6414 2765 2766 2749 
6415 2748 2753 651 
6416 630 2759 2742 
6417 2755 2756 2754 
6418 2748 2754 2753 
6419 2742 2758 631 
6420 2764 2774 2757 
6421 2749 2766 627 
6422 630 2742 631 
6423 2750 2785 2748 
6424 648 2767 2746 
6425 631 2758 632 
6426 2751 2782 671 
6427 140 2752 158 
6428 2761 2766 2765 
6429 629 2759 630 
6430 2744 2759 629 
6431 627 2766 628 
6432 626 2749 627 
6433 648 2746 647 
6434 651 2753 650 
6435 2762 2764 2760 
6436 2745 2767 649 
6437 2761 2762 2760 
6438 2761 2763 2762 
6439 2744 2760 2759 
6440 649 2767 648 
6441 2744 2761 2760 
6442 650 2745 649 
6443 2744 2766 2761 
6444 2761 2765 2763 
6445 2743 2781 2765 
6446 628 2766 2744 
6447 628 2744 629 
6448 2749 2776 2765 
6449 2750 2772 2770 
6450 672 2743 673 
6451 674 2783 81 
6452 2753 2774 2745 
6453 2759 2773 2742 
6454 646 2784 2751 
6455 673 2776 674 
6456 81 2783 626 
6457 2741 2777 2755 
6458 2781 2782 2780 
6459 2756 2757 2754 
6460 671 2782 672 
6461 2747 2771 2769 
6462 2764 2773 2760 
6463 160 2741 718 
6464 2763 2780 2779 
6465 2779 2780 2746 
6466 647 2784 646 
6467 2752 2771 2747 
6468 2758 2771 632 
6469 720 2747 719 
6470 718 2770 717 
6471 719 2768 160 
6472 2757 2774 2754 
6473 2755 2777 2756 
6474 2743 2782 2781 
6475 2776 2783 674 
6476 2742 2775 2758 
6477 2748 2785 2755 
6478 720 2752 2747 
6479 2760 2773 2759 
6480 2780 2782 2751 
6481 2741 2770 718 
6482 2754 2774 2753 
6483 2756 2775 2757 
6484 2747 2769 2768 
6485 160 2768 2741 
6486 2756 2777 2769 
6487 2743 2776 673 
6488 2747 2768 719 
6489 2762 2779 2778 
6490 2767 2779 2746 
6491 2778 2779 2767 
6492 2762 2778 2764 
6493 2763 2779 2762 
6494 2745 2778 2767 
6495 626 2783 2749 
6496 2746 2784 647 
6497 2765 2781 2763 
6498 2769 2777 2768 
6499 2768 2777 2741 
6500 672 2782 2743 
6501 159 2772 145 
6502 2749 2783 2776 
6503 2751 2784 2780 
6504 2780 2784 2746 
6505 2763 2781 2780 
6506 2770 2785 2750 
6507 632 2752 140 
2 79 2 26
6508 2788 2791 2786 
6509 2787 2793 2788 
6510 158 2791 716 
6511 715 2793 144 
6512 722 2790 160 
6513 143 2792 721 
6514 2786 2790 2789 
6515 2789 2792 2787 
6516 716 2791 2788 
6517 2788 2793 715 
6518 716 2788 715 
6519 2786 2789 2788 
6520 2788 2789 2787 
6521 2789 2790 722 
6522 721 2792 2789 
6523 719 2786 720 
6524 645 2787 644 
6525 721 2789 722 
6526 644 2792 143 
6527 160 2790 719 
6528 144 2793 645 
6529 720 2791 158 
6530 645 2793 2787 
6531 2786 2791 720 
6532 719 2790 2786 
6533 2787 2792 644 
2 80 2 26
6534 2796 2800 2795 
6535 2794 2798 2796 
6536 721 2801 143 
6537 160 2799 722 
6538 142 2800 723 
6539 724 2798 159 
6540 2795 2801 2797 
6541 2797 2799 2794 
6542 723 2800 2796 
6543 2796 2798 724 
6544 723 2796 724 
6545 2796 2797 2794 
6546 2795 2797 2796 
6547 2797 2801 721 
6548 722 2799 2797 
6549 717 2794 718 
6550 643 2795 642 
6551 722 2797 721 
6552 159 2798 717 
6553 642 2800 142 
6554 718 2799 160 
6555 143 2801 643 
6556 2794 2799 718 
6557 643 2801 2795 
6558 2795 2800 642 
6559 717 2798 2794 
2 81 2 12
6560 141 2802 653 
6561 724 2804 723 
6562 653 2804 654 
6563 723 2802 142 
6564 159 2803 724 
6565 654 2803 145 
6566 724 2803 654 
6567 142 2802 141 
6568 653 2802 723 
6569 723 2804 653 
6570 654 2804 724 
6571 145 2803 159 
3 1 4 9177
6572 775 238 330 1319 
6573 2805 2463 2806 473 
6574 2807 1026 832 939 
6575 1974 1896 1660 1302 
6576 2808 2809 971 1064 
6577 1294 1739 1863 2810 
6578 1573 317 1297 316 
6579 1573 317 1908 1297 
6580 1908 317 1828 1297 
6581 315 1908 1305 1828 
6582 2811 2812 2813 2814 
6583 1613 1297 1573 1908 
6584 1908 315 1299 1297 
6585 1908 1849 1723 1305 
6586 1908 1305 1828 1849 
6587 319 1305 1828 64 
6588 1828 64 1297 317 
6589 315 1908 1828 1297 
6590 1828 1297 64 315 
6591 2807 1018 1113 1307 
6592 1828 64 1305 315 
6593 1308 1298 1121 2807 
6594 319 1302 1849 1305 
6595 315 1908 1299 1723 
6596 319 1896 1302 318 
6597 2815 2816 2808 833 
6598 1293 1290 1739 310 
6599 1293 1739 1914 310 
6600 2817 1056 989 1105 
6601 1299 1293 1297 313 
6602 1293 1914 1611 1871 
6603 1299 1293 1611 1297 
6604 1613 1299 1908 1723 
6605 1289 1079 248 955 
6606 321 2807 1304 320 
6607 315 1908 1723 1305 
6608 2811 880 1081 1037 
6609 2810 313 1300 1291 
6610 245 789 1298 827 
6611 245 789 246 1298 
6612 2815 1291 2810 1300 
6613 246 53 1298 1044 
6614 1087 1298 1295 827 
6615 1295 54 312 1298 
6616 828 789 1298 829 
6617 1298 1044 53 1308 
6618 1126 1052 2815 2818 
6619 2811 1185 880 1037 
6620 1087 245 54 1298 
6621 2807 1301 1113 1065 
6622 2819 1486 1425 440 
6623 2807 2806 872 786 
6624 2820 874 873 875 
6625 1113 1301 244 1065 
6626 1113 243 244 1301 
6627 1113 1018 243 1307 
6628 244 1308 53 1044 
6629 2821 897 932 896 
6630 2820 1660 1974 1986 
6631 246 1121 1298 789 
6632 246 1298 1121 1044 
6633 2806 473 109 1655 
6634 244 1301 1308 1065 
6635 313 312 1300 1291 
6636 319 1896 1849 1302 
6637 2807 832 829 939 
6638 2807 1974 1660 1302 
6639 1113 243 1301 1307 
6640 243 51 52 1307 
6641 243 51 1307 1018 
6642 244 1308 1044 1065 
6643 320 242 51 1309 
6644 52 320 1309 325 
6645 2822 2823 2824 2523 
6646 2806 1657 1730 1961 
6647 2806 871 241 1174 
6648 320 50 786 242 
6649 2825 1315 1312 1319 
6650 1302 1974 1849 1723 
6651 2818 865 1119 1052 
6652 2019 482 65 2521 
6653 2826 655 2084 2522 
6654 2019 2017 482 2521 
6655 2824 2018 2027 2013 
6656 2019 658 65 321 
6657 2019 2521 65 658 
6658 2806 946 2827 873 
6659 2811 1185 1068 880 
6660 2022 2067 475 2018 
6661 2824 2489 2516 2523 
6662 2828 1158 239 911 
6663 2824 2521 2489 2017 
6664 2805 1309 241 50 
6665 2824 2489 2521 2516 
6666 2811 2829 2830 1217 
6667 2823 2831 2498 2832 
6668 65 318 1306 110 
6669 65 1306 321 110 
6670 2824 2069 2823 2832 
6671 1306 1302 1896 318 
6672 1306 1896 1802 318 
6673 1306 1802 110 318 
6674 482 2017 483 2489 
6675 482 2521 2017 2489 
6676 52 2022 320 325 
6677 2826 2833 2490 2082 
6678 2834 2030 2835 323 
6679 2836 2811 2837 2829 
6680 2807 314 1303 1308 
6681 474 1306 1570 1802 
6682 1302 1974 1723 2807 
6683 1570 474 109 321 
6684 2806 50 241 871 
6685 1306 1802 474 110 
6686 109 474 2460 321 
6687 109 2460 2463 321 
6688 2463 321 2460 658 
6689 2806 946 873 1174 
6690 474 1306 321 1570 
6691 2820 874 1201 872 
6692 2828 2085 330 322 
6693 2828 323 2826 2063 
6694 2806 1570 1656 1655 
6695 2806 946 2838 2839 
6696 474 2460 321 110 
6697 2840 471 2841 2462 
6698 2807 1065 1308 1301 
6699 2840 2841 655 2462 
6700 2816 2807 1300 1299 
6701 1306 2807 1304 321 
6702 2834 2516 2824 2521 
6703 2828 2841 1158 911 
6704 2838 472 473 1909 
6705 2806 1961 1730 1909 
6706 1792 1959 2842 1728 
6707 2826 2834 2843 2030 
6708 2820 2827 2806 2839 
6709 2838 946 1174 1122 
6710 2806 1909 473 1961 
6711 2816 832 830 829 
6712 2807 1301 1303 1304 
6713 2805 658 657 2516 
6714 2834 2516 2835 2484 
6715 2844 969 971 796 
6716 2826 2822 2510 2833 
6717 786 242 1307 320 
6718 2807 1307 1301 1304 
6719 475 476 2018 2035 
6720 2825 1317 1315 331 
6721 2838 1174 241 1122 
6722 2842 1792 1728 2820 
6723 52 320 51 1309 
6724 475 2018 2067 2035 
6725 2806 50 871 786 
6726 2806 2839 2838 1909 
6727 2809 1479 1450 1938 
6728 2835 655 2517 656 
6729 52 2022 325 2067 
6730 2818 2808 866 834 
6731 2845 1863 1941 1779 
6732 1723 1305 1849 1302 
6733 1860 363 1364 1800 
6734 52 320 1307 51 
6735 2834 2516 2484 2503 
6736 2824 2017 2019 2521 
6737 2846 1841 1954 1594 
6738 321 2807 320 2806 
6739 2806 1570 109 321 
6740 1108 2847 2848 2849 
6741 2826 2071 2085 2083 
6742 2825 1559 2841 1696 
6743 2850 1493 1492 1457 
6744 2842 1172 1035 897 
6745 2820 2807 2816 1810 
6746 2827 2851 1136 1209 
6747 2839 1841 1731 1993 
6748 2839 1730 1731 1841 
6749 2807 1306 1304 1302 
6750 2852 1362 2853 366 
6751 2854 1472 1450 1503 
6752 2854 1035 793 1073 
6753 2855 925 926 927 
6754 2850 2842 2854 1957 
6755 2851 1136 1187 997 
6756 2856 2851 2839 1209 
6757 2839 1659 2827 1874 
6758 2855 952 972 927 
6759 2847 1203 1000 1001 
6760 2825 1181 912 913 
6761 2825 1559 1697 1981 
6762 2841 2461 2462 108 
6763 2856 1925 1587 1932 
6764 2852 1360 1362 1364 
6765 2828 2846 2838 1158 
6766 2846 972 1060 1167 
6767 2825 1710 1987 1968 
6768 2825 775 1196 913 
6769 2846 2855 2841 1709 
6770 2834 2019 2824 2006 
6771 2840 2846 2841 1945 
6772 2841 1945 1709 1695 
6773 2841 331 655 2462 
6774 2825 1696 1710 1968 
6775 2825 913 912 775 
6776 2825 1697 1968 1967 
6777 2855 1710 2825 1709 
6778 2846 1711 2855 1709 
6779 2857 1219 2858 1120 
6780 2858 1219 892 1120 
6781 1108 2847 2849 838 
6782 2858 1822 2859 1765 
6783 2858 2849 839 841 
6784 2825 1196 775 1319 
6785 2846 1841 1993 1756 
6786 2847 1046 1312 1318 
6787 2856 1491 1443 1925 
6788 2841 2462 2461 331 
6789 2860 1166 2861 2862 
6790 2847 1203 2825 1000 
6791 2847 1318 1312 1314 
6792 1108 2847 1001 2848 
6793 2863 2849 836 839 
6794 2864 804 960 1428 
6795 1647 2865 1648 2863 
6796 2847 1095 1322 837 
6797 2866 1932 1587 1815 
6798 2849 892 893 841 
6799 2849 1622 1891 1625 
6800 2848 2825 2847 1203 
6801 2849 1622 1624 1891 
6802 2858 892 2849 841 
6803 2855 2856 1727 1711 
6804 2852 1361 1362 1360 
6805 2848 943 1203 1135 
6806 2856 2851 986 1138 
6807 2856 1993 1770 1756 
6808 2850 1136 2827 2851 
6809 2825 1312 1196 1319 
6810 2856 972 952 986 
6811 2851 1187 1457 997 
6812 2839 1659 1730 1657 
6813 1138 272 1474 1439 
6814 1138 272 803 1474 
6815 803 271 1474 272 
6816 2850 2839 1731 1923 
6817 803 271 1069 1474 
6818 1069 1438 270 1149 
6819 1069 270 1438 271 
6820 1069 1438 1474 271 
6821 2867 1904 2858 1676 
6822 2855 943 2848 1145 
6823 2846 1993 2856 1756 
6824 2852 1361 2853 1362 
6825 1031 2848 1135 1145 
6826 2867 930 892 1219 
6827 2865 105 1561 1663 
6828 2867 1714 1936 2003 
6829 2867 893 930 1031 
6830 2857 1219 1149 930 
6831 1469 2866 1443 1853 
6832 1443 1469 1853 432 
6833 1443 1853 1587 432 
6834 1443 432 1587 433 
6835 2857 1904 2867 2003 
6836 1443 1587 1925 433 
6837 2866 2867 2848 1815 
6838 2867 930 893 892 
6839 2848 2849 1785 1891 
6840 1443 1925 1491 1467 
6841 1467 1925 434 433 
6842 2851 986 1187 1136 
6843 2838 1060 1167 2846 
6844 1467 1975 434 1925 
6845 2852 1362 367 1364 
6846 2846 1841 1594 1909 
6847 2838 1060 810 1167 
6848 2850 1430 2851 1975 
6849 2866 930 2867 1069 
6850 2848 1145 943 1135 
6851 2851 1439 1491 1493 
6852 2809 1437 1151 1073 
6853 2815 312 1300 1298 
6854 2866 2867 930 1031 
6855 2851 1975 1467 1925 
6856 277 969 1487 796 
6857 2839 1730 1659 1731 
6858 2854 1450 2821 2809 
6859 2852 1778 1902 1860 
6860 2850 1874 2839 2827 
6861 2848 1736 2856 1932 
6862 2851 986 1138 1187 
6863 2851 1457 1439 1493 
6864 2827 1659 1728 1874 
6865 2851 1975 1430 1467 
6866 2850 1577 2854 1472 
6867 2857 1588 1831 2003 
6868 2851 1138 1439 1187 
6869 2816 1299 1613 1723 
6870 2856 1736 1770 1925 
6871 2854 1857 1450 1472 
6872 2839 1993 1731 1923 
6873 436 1472 1450 1857 
6874 2856 1209 972 986 
6875 2854 1457 1492 1454 
6876 2856 1993 2839 2851 
6877 2868 1699 1888 1941 
6878 2842 1008 944 1172 
6879 2850 1457 2854 997 
6880 2840 471 1594 1945 
6881 2839 2851 1993 1923 
6882 2850 1472 1430 1781 
6883 2855 1181 2825 1203 
6884 2828 239 49 911 
6885 2815 833 831 830 
6886 1138 272 1439 273 
6887 810 2828 240 2838 
6888 2867 1904 1676 2003 
6889 1443 1925 1467 433 
6890 2866 2867 1853 1469 
6891 2838 2839 2846 1909 
6892 2809 1938 1450 1857 
6893 2850 1731 1874 1923 
6894 2854 1170 2842 2827 
6895 2806 1961 473 1655 
6896 2866 2848 2855 2856 
6897 2864 1049 2857 2869 
6898 2864 2857 1444 1588 
6899 2855 2825 2848 1203 
6900 2863 1053 1117 863 
6901 2858 1120 892 842 
6902 2857 2867 1936 2003 
6903 2857 1049 804 1219 
6904 2849 1625 1626 1623 
6905 2847 1320 1876 1621 
6906 2849 1676 1626 1625 
6907 1069 930 2857 1149 
6908 2847 1001 840 1108 
6909 2857 1438 2867 1069 
6910 2867 2849 1677 1676 
6911 2857 2869 1038 2858 
6912 2864 1588 1444 1455 
6913 1038 1120 1049 2857 
6914 2849 1620 1622 1623 
6915 2857 1936 2867 1469 
6916 2857 2858 2867 1904 
6917 2866 803 1138 1145 
6918 2858 1904 1822 1648 
6919 2858 1904 1626 1676 
6920 2841 471 108 2462 
6921 2849 1622 1625 1623 
6922 2841 330 775 49 
6923 2855 925 1167 1158 
6924 2825 1709 1710 1696 
6925 2857 2869 1049 1038 
6926 2856 1993 2851 1770 
6927 2828 2085 2826 2071 
6928 2855 972 1167 927 
6929 2805 2806 2838 473 
6930 2825 1317 1559 1981 
6931 1469 2866 1505 1443 
6932 2855 2848 2825 1710 
6933 2848 1727 1922 1987 
6934 2839 2827 947 1209 
6935 2852 1860 1940 1778 
6936 2855 952 2856 972 
6937 2851 1770 1975 1925 
6938 2856 1467 2851 1491 
6939 2851 1136 1209 986 
6940 2851 1439 1457 1187 
6941 2827 1090 1170 944 
6942 2856 2851 1209 986 
6943 2846 1209 2839 1060 
6944 2846 1756 1711 1954 
6945 2841 470 1559 331 
6946 2846 2841 1945 1709 
6947 2841 470 108 1559 
6948 2806 1655 1657 1961 
6949 2855 912 2825 1181 
6950 2840 2841 471 1945 
6951 2855 2841 911 1158 
6952 2846 1158 2855 1167 
6953 2827 1136 947 1209 
6954 2825 1559 1317 331 
6955 1723 2807 315 1305 
6956 1457 1187 1439 273 
6957 2841 775 911 49 
6958 2851 1923 1975 1770 
6959 299 1263 766 297 
6960 294 59 1251 1544 
6961 2870 1249 293 1254 
6962 294 59 1544 1260 
6963 59 1260 296 1544 
6964 2870 1235 2871 1521 
6965 2852 1940 2872 1778 
6966 296 295 1520 1256 
6967 296 1544 1260 1520 
6968 1515 1277 1275 2873 
6969 1525 298 1258 1259 
6970 296 1520 1260 1256 
6971 2873 1266 1280 1277 
6972 2873 1553 1515 1542 
6973 2874 1242 1239 1225 
6974 2873 2875 2876 746 
6975 1525 2877 300 1280 
6976 2852 2872 2878 1778 
6977 1546 1280 309 1542 
6978 1546 1280 1525 309 
6979 1525 1259 1256 295 
6980 299 1266 300 2877 
6981 1515 2876 1553 2873 
6982 2873 2875 738 1276 
6983 1525 61 309 1280 
6984 2873 1276 1266 1287 
6985 2870 1249 1254 1247 
6986 2873 1277 1280 1542 
6987 1514 1251 1544 294 
6988 2871 1242 1221 1232 
6989 2871 1221 1237 1232 
6990 298 1264 60 1525 
6991 2879 2340 2356 2350 
6992 1258 1525 1259 1256 
6993 1266 2877 1280 300 
6994 2877 297 1261 1258 
6995 300 61 1264 1525 
6996 309 1542 1277 308 
6997 1525 298 1264 300 
6998 2879 2698 2704 2702 
6999 1515 2876 2873 2875 
7000 1262 761 2877 731 
7001 300 2877 1525 1258 
7002 2880 2874 755 1224 
7003 1520 1260 2881 1544 
7004 2877 1261 761 1255 
7005 2879 2340 2350 2359 
7006 2879 2357 2340 2352 
7007 1259 1525 298 60 
7008 2873 1525 1546 1280 
7009 309 1542 1280 1277 
7010 1256 1258 1525 2877 
7011 2879 2882 2357 2352 
7012 1276 738 176 175 
7013 1276 738 1282 176 
7014 1276 175 745 738 
7015 1276 1271 745 175 
7016 2873 1515 2875 1275 
7017 2875 746 745 765 
7018 1263 8 299 766 
7019 1282 739 176 738 
7020 2876 2883 1548 1532 
7021 2877 2881 2873 1256 
7022 8 299 739 1282 
7023 739 299 8 766 
7024 1282 176 739 8 
7025 2884 1548 1538 1515 
7026 299 739 1282 2877 
7027 2879 2882 2325 2357 
7028 1264 60 1525 61 
7029 297 9 766 1261 
7030 298 1258 300 1525 
7031 1265 1258 298 297 
7032 9 177 766 1261 
7033 2877 731 2881 293 
7034 287 1246 1250 289 
7035 2875 1276 745 738 
7036 761 1255 177 178 
7037 2879 2325 2882 2885 
7038 299 1258 2877 300 
7039 2879 2356 2698 2350 
7040 2877 731 761 774 
7041 2877 746 747 738 
7042 1520 1260 1256 2881 
7043 731 1262 178 10 
7044 766 1261 177 761 
7045 2881 1529 1531 1530 
7046 766 761 2877 1261 
7047 2879 2356 2704 2698 
7048 759 2870 744 287 
7049 2886 748 763 771 
7050 2727 2734 2301 2729 
7051 2881 1544 1260 294 
7052 759 2870 763 737 
7053 1275 2873 1277 1287 
7054 761 178 731 1262 
7055 1280 1525 2877 2873 
7056 2887 931 900 1067 
7057 1265 299 1258 297 
7058 2877 1280 2873 1266 
7059 2871 1221 1231 1235 
7060 2886 732 2871 768 
7061 761 1255 178 1262 
7062 2874 1537 2883 1549 
7063 744 1247 2870 737 
7064 745 1271 174 175 
7065 2871 1231 1521 1235 
7066 2870 293 762 1254 
7067 8 766 1263 9 
7068 2870 1514 1543 1558 
7069 2886 2874 2876 1529 
7070 2875 1276 1287 1271 
7071 2886 2871 2881 763 
7072 2888 1518 1534 1533 
7073 2875 2883 746 765 
7074 2884 1269 1275 1515 
7075 2877 738 747 774 
7076 2888 1286 2889 1273 
7077 2874 1227 1528 1225 
7078 289 290 1246 1250 
7079 2870 1558 1543 1522 
7080 2875 765 745 736 
7081 2875 2884 2883 736 
7082 173 756 172 1270 
7083 173 1270 1272 756 
7084 2888 1285 1286 1270 
7085 2888 1272 1270 756 
7086 2888 1534 2889 1533 
7087 745 1271 1272 174 
7088 760 2890 751 2891 
7089 2874 1519 1555 1537 
7090 2886 768 749 764 
7091 2884 1285 1284 1269 
7092 2883 2890 754 772 
7093 2888 2889 770 733 
7094 2884 2890 2883 772 
7095 2877 2881 1256 1257 
7096 1261 177 761 1255 
7097 736 1272 173 174 
7098 2886 2881 2876 746 
7099 1258 300 1265 298 
7100 2884 2890 1535 1548 
7101 2873 2881 1520 1256 
7102 2881 1544 1554 1545 
7103 2873 1525 1256 1520 
7104 2875 745 1276 1271 
7105 2877 1257 1262 293 
7106 1525 300 61 1280 
7107 2871 1528 1529 1521 
7108 2877 1266 2873 1276 
7109 759 2871 2870 287 
7110 2877 1282 1266 1276 
7111 2887 2892 2893 1150 
7112 2894 2887 2892 1851 
7113 1277 1515 308 1542 
7114 2880 1240 2895 1228 
7115 1275 1269 307 1515 
7116 1275 307 308 1515 
7117 2888 1518 1535 1534 
7118 1269 1515 1538 307 
7119 306 305 1518 1274 
7120 306 1518 1538 1274 
7121 2877 2873 746 738 
7122 2877 2876 2873 2881 
7123 2884 1285 2888 1272 
7124 2891 769 760 743 
7125 2886 732 768 764 
7126 2871 1221 1242 1231 
7127 2877 299 1266 1282 
7128 2876 1548 1515 1553 
7129 2877 299 739 766 
7130 744 1253 1250 1247 
7131 2874 755 732 764 
7132 1528 1227 1519 284 
7133 2871 763 768 757 
7134 2880 2883 752 764 
7135 2875 1284 1287 1275 
7136 2874 2876 1529 1549 
7137 2875 1284 1271 1287 
7138 2886 747 2881 746 
7139 2890 753 2888 2889 
7140 2888 736 1272 756 
7141 2880 735 184 755 
7142 2889 758 742 743 
7143 2889 742 2896 743 
7144 2887 2893 2892 1851 
7145 2888 772 756 770 
7146 2895 1556 1540 1536 
7147 2891 751 2895 2890 
7148 1268 1518 1533 305 
7149 2875 2884 1275 1515 
7150 2844 1485 1479 1580 
7151 304 1533 305 1268 
7152 2891 1540 1516 1539 
7153 2807 1298 1300 314 
7154 1524 1268 1533 304 
7155 750 1234 2897 1226 
7156 2888 2889 1268 1533 
7157 2889 1286 1268 1288 
7158 1293 1611 1297 1871 
7159 1524 1268 304 1278 
7160 2877 297 766 1261 
7161 2887 901 900 931 
7162 1298 2807 829 1121 
7163 1273 172 733 1270 
7164 2891 1516 1552 1539 
7165 171 733 1273 172 
7166 2890 1534 1536 1557 
7167 2887 901 2898 900 
7168 2899 728 164 163 
7169 2889 1273 1288 1279 
7170 1269 1538 306 307 
7171 2889 758 770 733 
7172 2887 1067 900 1110 
7173 2889 1524 2900 1278 
7174 2890 2888 1535 1534 
7175 745 1272 736 174 
7176 2901 1593 446 447 
7177 2874 1224 1241 1239 
7178 2891 2896 734 743 
7179 2889 2900 773 1279 
7180 2889 1533 1547 1524 
7181 2889 1547 1534 1557 
7182 2889 753 770 760 
7183 2884 1284 1275 1269 
7184 2880 2890 2874 1555 
7185 2895 1556 1516 1540 
7186 2889 773 2900 758 
7187 1298 53 314 1308 
7188 2887 931 1067 1150 
7189 1563 1804 2845 302 
7190 2900 162 740 161 
7191 740 1283 170 1279 
7192 2897 1222 1233 1243 
7193 740 1283 161 170 
7194 2900 2901 301 302 
7195 2868 915 1154 1105 
7196 2900 740 1283 161 
7197 2880 750 2895 1226 
7198 2902 1486 2819 1946 
7199 2889 1534 1547 1533 
7200 2901 162 166 730 
7201 1078 1417 1424 188 
7202 2845 1563 87 1699 
7203 2900 301 161 1283 
7204 2868 2845 87 1699 
7205 2901 447 446 2459 
7206 1763 2903 1652 2904 
7207 2900 441 1281 1551 
7208 2905 2906 1878 2907 
7209 2904 1812 1980 1762 
7210 727 161 301 726 
7211 2901 166 167 730 
7212 161 170 1283 1 
7213 161 1283 301 1 
7214 161 301 726 1 
7215 2900 2456 2901 302 
7216 1551 2896 1517 1524 
7217 2906 2457 279 89 
7218 169 301 7 726 
7219 2904 1980 1950 1762 
7220 2815 1126 1295 827 
7221 7 726 301 1 
7222 7 301 1296 1 
7223 7 1296 248 1 
7224 7 1296 1020 248 
7225 1020 301 7 169 
7226 2845 1296 1020 301 
7227 1020 301 1296 7 
7228 2821 1716 2809 1857 
7229 2908 1078 1021 783 
7230 2844 1426 1487 1480 
7231 2810 1293 1611 1299 
7232 2901 446 442 2459 
7233 2810 1299 1611 1612 
7234 2900 442 2456 441 
7235 2884 1285 1272 1284 
7236 773 1279 740 170 
7237 2897 1539 2891 1552 
7238 315 2807 1300 1303 
7239 1105 2817 2907 989 
7240 171 1279 773 170 
7241 2889 1273 773 733 
7242 1308 1298 2807 314 
7243 2889 773 758 733 
7244 2821 1617 1681 1882 
7245 2807 1660 1306 1302 
7246 2818 1154 2868 2845 
7247 2818 1079 1289 955 
7248 2845 1020 779 301 
7249 2844 2817 2808 1104 
7250 2816 2807 832 829 
7251 1278 1524 1281 303 
7252 2900 442 2901 2456 
7253 1223 2897 1552 1233 
7254 2890 2889 1534 1557 
7255 2818 1289 2815 1126 
7256 2904 1761 1762 1950 
7257 2845 1290 2810 1292 
7258 1281 441 303 1551 
7259 2909 168 2899 163 
7260 1281 303 1524 1551 
7261 1281 62 303 441 
7262 2810 1834 1914 1903 
7263 2889 1288 1268 1278 
7264 2844 1426 1479 1485 
7265 2455 445 87 302 
7266 2815 2816 830 829 
7267 1294 1739 2810 1290 
7268 2818 995 1056 1154 
7269 1294 1804 311 88 
7270 88 62 1294 302 
7271 1804 302 88 1294 
7272 62 302 2455 441 
7273 2845 1289 1296 1292 
7274 2896 442 2900 1551 
7275 2896 2901 2 162 
7276 1281 302 62 441 
7277 1294 88 311 62 
7278 63 1871 1297 316 
7279 2456 441 2455 302 
7280 2821 2816 1617 1882 
7281 2902 2819 1486 1425 
7282 2896 1517 442 1551 
7283 2819 1754 2910 1794 
7284 1268 1518 305 1274 
7285 2884 1272 2888 736 
7286 2909 168 163 729 
7287 2868 2456 87 302 
7288 166 2907 167 809 
7289 2909 730 729 2 
7290 2909 729 163 2 
7291 2908 5 783 165 
7292 2899 2906 2457 279 
7293 2901 730 2 162 
7294 2888 1270 1273 733 
7295 2011 479 2052 478 
7296 2875 1284 2884 1272 
7297 2883 754 2890 752 
7298 480 481 2015 2038 
7299 479 2052 2032 2010 
7300 2880 2874 1541 1555 
7301 2911 2023 2026 2010 
7302 2888 756 1270 733 
7303 2912 2486 2014 2506 
7304 2911 2032 2912 2010 
7305 2913 2060 2065 2043 
7306 2911 2914 2040 2039 
7307 2904 2903 2915 977 
7308 2916 2089 2917 2073 
7309 2889 2900 2896 742 
7310 1275 2873 1287 2875 
7311 2912 2914 2494 2496 
7312 2911 2912 2014 2023 
7313 2912 2009 2011 2031 
7314 2880 2874 2883 764 
7315 2014 2486 486 2506 
7316 2884 2883 2890 1548 
7317 1298 789 1121 829 
7318 2529 2058 2028 2918 
7319 2831 2912 2040 2044 
7320 2904 2915 2908 977 
7321 2512 2528 679 2482 
7322 2512 2525 679 2528 
7323 676 146 2515 2530 
7324 2515 2491 2918 2512 
7325 680 679 2512 2525 
7326 2515 676 2530 2526 
7327 679 2528 148 2482 
7328 2918 2527 2529 2524 
7329 489 490 2005 2918 
7330 2020 2515 2491 2918 
7331 2914 2919 2920 2495 
7332 2492 488 2016 487 
7333 2877 1255 1262 1257 
7334 1277 1515 1275 308 
7335 488 2020 112 2491 
7336 1256 1525 295 1520 
7337 2911 2014 2026 2023 
7338 2904 1761 1652 1762 
7339 2904 2915 1651 1761 
7340 2914 2920 2918 2493 
7341 2918 2515 2512 2526 
7342 116 675 2479 2061 
7343 2527 2528 2525 2512 
7344 489 2037 2526 2918 
7345 2526 2481 676 675 
7346 2918 2016 2492 2020 
7347 766 299 297 2877 
7348 148 682 2482 2528 
7349 2515 112 2020 2491 
7350 2480 112 490 2515 
7351 2512 2526 2525 2527 
7352 2914 2043 2041 2039 
7353 2913 2921 2505 2081 
7354 2526 2061 2524 2037 
7355 2822 2501 2823 2523 
7356 2492 488 2020 2016 
7357 2530 2515 2526 2525 
7358 2918 2055 2043 2039 
7359 2911 2492 2486 2493 
7360 2920 2921 2064 681 
7361 2875 1548 2884 1515 
7362 2877 1276 2873 738 
7363 2015 481 2021 2038 
7364 2918 2058 2037 2524 
7365 2911 2912 2023 2010 
7366 2914 2043 2918 2920 
7367 2832 2049 2069 2047 
7368 2912 2494 2914 2486 
7369 2918 2005 2020 490 
7370 2918 2064 2920 2043 
7371 2918 2015 2021 2038 
7372 2021 481 2037 2038 
7373 2918 2512 2509 2482 
7374 1269 1274 306 1538 
7375 2918 2529 681 2028 
7376 2881 1545 1554 1531 
7377 489 2481 2526 675 
7378 2918 2016 2020 2005 
7379 2479 2061 489 111 
7380 1525 1256 2877 2873 
7381 2922 2923 2924 1928 
7382 2922 2925 2926 2924 
7383 2870 1254 762 1247 
7384 2918 2064 2043 2055 
7385 2918 489 490 2526 
7386 2515 2525 680 2512 
7387 300 1265 299 1258 
7388 2481 490 2526 676 
7389 111 2037 489 2021 
7390 2920 682 2518 2511 
7391 2918 2920 2509 2493 
7392 675 2479 2061 489 
7393 2918 2038 2037 2055 
7394 2061 501 2531 2524 
7395 111 2479 2061 116 
7396 1263 297 9 766 
7397 2524 2037 2061 2058 
7398 2911 2039 2032 2038 
7399 2058 500 501 2524 
7400 2061 501 2524 2058 
7401 2922 219 2924 2923 
7402 2058 2529 500 2524 
7403 490 2515 2020 2918 
7404 2037 2526 2061 489 
7405 2922 219 2925 2924 
7406 500 2529 2028 115 
7407 681 115 2028 2529 
7408 2911 480 2015 2038 
7409 2918 2509 2512 2491 
7410 2922 665 666 463 
7411 116 2531 2061 501 
7412 2021 2037 481 111 
7413 2922 665 2927 666 
7414 490 2918 2526 2515 
7415 2922 2928 2927 665 
7416 2515 490 676 2526 
7417 2916 2074 2833 2917 
7418 2826 2490 2833 2510 
7419 2833 2092 2072 2082 
7420 2843 2062 2834 2069 
7421 2840 471 655 656 
7422 2843 2030 2834 2062 
7423 2841 2461 108 470 
7424 655 2461 2462 331 
7425 2805 472 2835 657 
7426 2828 655 2826 2835 
7427 2828 323 2063 322 
7428 2855 927 943 952 
7429 2828 330 2085 2071 
7430 2916 2500 2504 2496 
7431 2826 2843 2822 2833 
7432 2842 1792 2816 1882 
7433 107 1801 470 1317 
7434 107 1317 327 1801 
7435 107 327 1317 67 
7436 107 67 1317 331 
7437 107 1317 470 331 
7438 655 67 2461 331 
7439 2841 1695 471 1945 
7440 2847 837 1322 836 
7441 2828 2068 2826 2085 
7442 2825 1315 1319 330 
7443 2847 2849 836 1322 
7444 2825 1314 1315 1313 
7445 502 67 2522 2084 
7446 502 2522 2082 2084 
7447 2461 107 470 331 
7448 1317 1801 1981 327 
7449 470 1801 1559 1317 
7450 1559 1317 1801 1981 
7451 2846 1945 1954 1709 
7452 2828 1158 2838 810 
7453 1829 2825 1981 1313 
7454 2828 2826 655 331 
7455 2825 911 2841 775 
7456 1981 327 1829 1313 
7457 1829 1313 327 326 
7458 2825 1319 775 330 
7459 2825 913 1196 1178 
7460 2846 1756 2856 1711 
7461 1648 2863 2858 1626 
7462 2825 1696 1968 1697 
7463 1571 1620 1320 1619 
7464 1571 1320 335 1619 
7465 1571 1620 1621 1320 
7466 334 1316 66 1320 
7467 1046 2847 1312 2825 
7468 1571 1621 1876 1320 
7469 2849 1624 1785 1891 
7470 1320 2847 1620 1621 
7471 1571 1320 1876 334 
7472 2847 1829 2825 1967 
7473 2922 2925 2927 2928 
7474 1320 1316 329 2847 
7475 1320 2847 1323 1620 
7476 813 2929 1346 2930 
7477 2847 1718 1829 1967 
7478 1320 1620 1323 1619 
7479 2822 2510 2833 2508 
7480 2825 2841 1559 331 
7481 2847 1316 1718 1876 
7482 1823 1876 1316 334 
7483 66 326 1316 1823 
7484 1320 1872 1619 1328 
7485 502 2082 2522 2490 
7486 502 503 2082 2490 
7487 503 2508 2072 2082 
7488 470 1317 1559 331 
7489 1316 66 1320 329 
7490 2833 2036 2054 2083 
7491 2847 836 2849 838 
7492 2916 2508 2072 2487 
7493 2828 49 2841 911 
7494 2828 2063 2068 322 
7495 2036 492 2054 2083 
7496 2805 2834 325 2067 
7497 2843 2049 2062 2069 
7498 2833 2917 2033 2048 
7499 492 2054 2078 493 
7500 492 2078 2054 2083 
7501 2916 2831 2832 2500 
7502 236 1039 46 1318 
7503 334 1320 1876 1316 
7504 2855 926 912 1181 
7505 2825 1317 1313 1315 
7506 237 1196 1312 1319 
7507 2826 2833 2036 2056 
7508 2847 1000 1178 934 
7509 2847 1323 1314 329 
7510 2847 1314 1316 329 
7511 2929 1596 1837 1595 
7512 2822 2824 2834 2503 
7513 1320 2847 329 1323 
7514 2847 1829 1316 1313 
7515 1320 335 1872 68 
7516 1320 1619 1872 335 
7517 2849 1891 1677 1625 
7518 2823 2012 2507 2485 
7519 1323 2863 1328 1619 
7520 2866 1587 2856 1443 
7521 46 234 1318 1039 
7522 236 1312 237 1046 
7523 2858 2869 2859 1822 
7524 2867 1936 1853 1469 
7525 1314 328 329 1323 
7526 2826 2036 2833 2083 
7527 2823 2025 2009 2013 
7528 1095 1318 234 1039 
7529 472 2838 1594 1909 
7530 236 1318 1312 1046 
7531 1321 835 787 235 
7532 2929 1599 1837 1596 
7533 1321 45 1088 235 
7534 2863 1620 1835 1619 
7535 1088 45 1321 332 
7536 2863 2858 1626 1623 
7537 1321 837 787 836 
7538 835 2863 836 1053 
7539 1344 2930 1346 2929 
7540 2847 838 840 837 
7541 1321 836 787 835 
7542 2847 1784 1785 1624 
7543 2863 1324 1331 1326 
7544 2847 1987 1785 1784 
7545 2848 1987 1922 1785 
7546 2825 1987 1784 1968 
7547 237 1017 1196 1319 
7548 1196 1017 775 1319 
7549 2847 934 1095 837 
7550 2825 1196 1046 1178 
7551 1829 1316 1313 326 
7552 332 835 1321 1088 
7553 1321 1088 835 235 
7554 234 1321 787 235 
7555 1088 45 332 1331 
7556 2857 1936 1444 1588 
7557 2838 1060 2846 2839 
7558 1321 1322 837 836 
7559 237 1046 1312 1196 
7560 237 48 1319 47 
7561 2858 842 839 863 
7562 2847 1316 1829 1718 
7563 1571 1320 334 335 
7564 2846 2839 1841 1909 
7565 2841 1695 1696 1559 
7566 2825 2841 1709 1696 
7567 2828 240 324 323 
7568 49 238 1310 330 
7569 49 1310 1311 330 
7570 1311 330 1310 322 
7571 2834 2062 2824 2069 
7572 2826 2835 2834 2030 
7573 1310 330 238 48 
7574 1310 330 47 322 
7575 1310 330 48 47 
7576 1167 1158 2838 2846 
7577 2847 2849 1323 1620 
7578 238 1017 48 1319 
7579 238 48 330 1319 
7580 2828 2063 2826 2068 
7581 2806 873 871 1174 
7582 234 787 1321 1095 
7583 2847 1000 2825 1178 
7584 2825 1314 1312 1315 
7585 2838 2839 946 1060 
7586 2825 1559 1696 1697 
7587 1069 930 2867 2857 
7588 2866 1439 1138 1474 
7589 1095 1318 1321 234 
7590 47 330 2085 322 
7591 2807 872 1201 876 
7592 491 2068 2085 2083 
7593 2866 2856 1491 1443 
7594 2826 2063 2036 2068 
7595 2826 2068 2036 2083 
7596 775 1017 238 1319 
7597 47 322 2085 2068 
7598 47 2085 491 2068 
7599 2828 330 2841 49 
7600 2805 240 241 324 
7601 2847 1718 1624 1621 
7602 2857 1831 1904 2003 
7603 328 1322 1318 1321 
7604 2841 331 2461 470 
7605 1328 1320 1872 68 
7606 775 238 49 330 
7607 2823 2007 2507 2012 
7608 503 2508 504 2072 
7609 2828 239 1158 810 
7610 2866 2856 1587 1932 
7611 2856 1467 1491 1925 
7612 2826 2517 2510 2484 
7613 2840 655 2835 656 
7614 472 2838 2840 1594 
7615 2855 926 1181 1203 
7616 2833 2090 2072 2092 
7617 2826 2085 2068 2083 
7618 2846 1756 1954 1841 
7619 2036 491 492 2083 
7620 655 2084 67 331 
7621 2835 2516 657 2484 
7622 2823 2024 2009 2025 
7623 2805 325 2834 324 
7624 2824 2017 2007 2027 
7625 1570 2820 321 2806 
7626 2807 320 2806 786 
7627 1306 2807 2820 1660 
7628 2823 2501 2832 2498 
7629 2806 2838 946 1174 
7630 2825 1968 1784 1967 
7631 2824 2516 2503 2523 
7632 2823 2027 2007 2025 
7633 2823 2009 2053 2013 
7634 2832 2498 2501 2500 
7635 2833 2054 2036 2056 
7636 2825 775 2841 330 
7637 2834 2826 2484 2835 
7638 2834 2824 2516 2503 
7639 2929 2930 2931 1598 
7640 2078 493 2033 2074 
7641 2848 1736 1932 1727 
7642 2805 2835 2838 240 
7643 2825 2841 331 330 
7644 2805 321 2463 658 
7645 2834 657 2835 2516 
7646 2822 2502 2510 2508 
7647 2805 320 1309 50 
7648 2826 2835 2030 323 
7649 2912 2031 2011 2052 
7650 2824 2823 2507 2523 
7651 2823 2024 2912 2009 
7652 2823 2012 2912 2024 
7653 2846 2856 1209 972 
7654 2807 1121 1065 939 
7655 2816 1613 1614 1616 
7656 1297 1293 63 313 
7657 2820 874 1008 1201 
7658 483 484 2507 2007 
7659 2507 2012 484 2485 
7660 2507 2007 484 2012 
7661 2823 2025 2012 2024 
7662 483 2507 2489 2007 
7663 2907 2868 1105 1213 
7664 2916 2832 2822 2500 
7665 2916 2508 2833 2072 
7666 2912 2044 2031 2052 
7667 2805 473 657 658 
7668 2822 2824 2503 2523 
7669 2824 2035 2018 2013 
7670 2826 2490 2517 2522 
7671 2018 2035 476 2013 
7672 1306 474 321 110 
7673 2834 2826 2843 2484 
7674 476 2053 477 2013 
7675 476 2035 2053 2013 
7676 2824 2062 2067 2035 
7677 52 475 2022 2067 
7678 2805 321 2806 2463 
7679 2823 2007 2012 2025 
7680 2824 2027 2823 2013 
7681 319 1849 1828 1305 
7682 1307 320 242 51 
7683 2823 2053 2031 2047 
7684 2078 2033 493 2054 
7685 2824 2017 2489 2007 
7686 477 2053 2009 2013 
7687 2889 773 1273 1279 
7688 2806 241 2838 1174 
7689 2889 1278 1268 1524 
7690 2911 2912 2914 2486 
7691 1087 54 1295 1298 
7692 2818 1154 2845 1079 
7693 2911 2016 2026 2014 
7694 2831 2498 2832 2500 
7695 2912 2052 2011 2010 
7696 2912 2008 2012 2485 
7697 2008 485 2012 2485 
7698 736 756 173 1272 
7699 2014 486 2486 487 
7700 483 2489 2017 2007 
7701 2011 2031 2009 478 
7702 2823 2047 2832 2069 
7703 2011 2052 479 2010 
7704 2822 2823 2843 2824 
7705 2870 1251 1514 294 
7706 2823 2912 2831 2031 
7707 2826 2517 2490 2510 
7708 2917 2088 2076 2029 
7709 2912 2040 2044 2052 
7710 2826 2833 2092 2083 
7711 2011 2031 478 2052 
7712 2832 2047 2031 2044 
7713 2914 2920 2493 2495 
7714 2914 2040 2041 2042 
7715 2496 2914 2495 2919 
7716 2919 2504 2483 2520 
7717 2912 2494 2498 2496 
7718 2831 2496 2498 2500 
7719 2911 2486 2492 2016 
7720 2920 2511 2921 2537 
7721 2912 2012 2008 2024 
7722 477 2009 2053 2031 
7723 2914 2493 2494 2495 
7724 2912 2032 2052 2010 
7725 2014 2486 2016 487 
7726 2912 2023 2011 2024 
7727 2826 2822 2484 2510 
7728 2833 2078 2092 2083 
7729 2008 2506 486 485 
7730 2916 2833 2822 2832 
7731 2496 2914 2494 2495 
7732 2916 2833 2074 2090 
7733 2917 2050 2046 2042 
7734 2008 2506 485 2485 
7735 2831 2040 2912 2914 
7736 2917 2066 2050 2042 
7737 2833 2832 2917 2048 
7738 2846 2841 2855 1158 
7739 2831 2917 2046 2042 
7740 2833 2033 2078 2054 
7741 2824 2007 2489 2507 
7742 2828 2068 2085 322 
7743 2824 2006 2019 2017 
7744 2833 2508 2510 2490 
7745 2820 1201 2807 872 
7746 2865 1648 2863 2858 
7747 2823 2501 2507 2523 
7748 2805 241 2806 50 
7749 2826 2030 2063 323 
7750 2916 2504 2487 2073 
7751 493 494 2033 2074 
7752 2029 2917 2088 2919 
7753 2824 2022 2006 2018 
7754 2834 2824 2019 2521 
7755 2823 2047 2069 2053 
7756 2831 2912 2498 2496 
7757 2029 2076 2917 2050 
7758 2914 2918 2043 2039 
7759 2917 2048 2046 2033 
7760 2917 2919 2066 2042 
7761 2917 2089 2088 2073 
7762 2916 2832 2831 2917 
7763 2913 2091 2088 2075 
7764 2917 2074 494 2076 
7765 2917 2074 2033 494 
7766 2825 1981 1697 1967 
7767 2826 2517 2835 655 
7768 46 1321 1318 234 
7769 2929 1598 1599 1596 
7770 2917 2074 2076 2089 
7771 2847 1095 1318 1322 
7772 1316 1823 334 66 
7773 1829 1823 1718 1316 
7774 2912 2919 2914 2496 
7775 2825 331 1315 330 
7776 2914 2041 2919 2042 
7777 2831 2919 2912 2496 
7778 2076 495 2029 2075 
7779 2088 2073 2919 2917 
7780 2913 2919 2914 2041 
7781 2029 2913 2088 2075 
7782 2920 2534 2921 681 
7783 2911 2014 2912 2486 
7784 2831 2919 2917 2042 
7785 2913 2919 2029 2088 
7786 2831 2914 2919 2042 
7787 2504 2079 2483 506 
7788 2079 2483 506 507 
7789 2917 494 2033 2050 
7790 2865 1075 2859 980 
7791 2079 2081 2483 507 
7792 2913 2483 2919 2079 
7793 2916 2074 2089 2090 
7794 65 658 2460 321 
7795 2088 2079 2913 2919 
7796 2916 2077 2072 2090 
7797 503 2508 2082 2490 
7798 2833 2078 2074 2090 
7799 2826 2484 2822 2843 
7800 2805 2022 2834 2067 
7801 2911 2032 480 2038 
7802 2504 2079 506 2073 
7803 2919 2520 2483 2519 
7804 2528 2512 2918 2482 
7805 2914 2493 2486 2494 
7806 2487 2073 2504 505 
7807 504 2487 2072 2508 
7808 2875 745 746 738 
7809 2913 2070 2921 2081 
7810 2916 2504 2919 2496 
7811 2824 2067 2018 2035 
7812 2824 2067 2022 2018 
7813 2913 2043 2914 2920 
7814 2919 2916 2917 2073 
7815 2913 2066 2919 2041 
7816 682 2918 681 2920 
7817 2483 2081 2505 507 
7818 2921 2533 2057 2539 
7819 2921 2514 2513 2488 
7820 2921 2534 2539 681 
7821 2061 2531 2526 2524 
7822 2515 2480 112 146 
7823 2911 2026 2016 2005 
7824 2911 2912 2032 2040 
7825 2929 2932 2933 2931 
7826 2076 495 2050 2029 
7827 2920 2497 2495 2519 
7828 480 479 2032 2010 
7829 2913 2060 2921 2051 
7830 2921 684 2535 2536 
7831 2913 2091 2070 2081 
7832 2920 2511 2537 682 
7833 2912 2011 2023 2010 
7834 2929 812 2931 813 
7835 2823 2507 2501 2485 
7836 2913 2914 2043 2041 
7837 2029 2080 496 2051 
7838 2933 1674 1894 1602 
7839 2824 2069 2062 2035 
7840 2921 2060 2059 2051 
7841 2913 2080 2070 2091 
7842 148 682 2537 2482 
7843 114 2538 2045 683 
7844 2058 2028 500 2529 
7845 2045 2921 2538 2034 
7846 2061 489 111 2037 
7847 2911 2914 2912 2040 
7848 490 489 2481 2526 
7849 675 2061 2531 2526 
7850 2529 2058 2918 2524 
7851 2028 681 2064 2057 
7852 2512 2526 2527 2918 
7853 2045 509 2921 2087 
7854 2057 2539 499 115 
7855 2533 2057 2539 499 
7856 2028 2539 2057 115 
7857 2933 2934 2931 2932 
7858 2921 2059 2060 2034 
7859 2918 2920 2064 681 
7860 2080 2059 2087 497 
7861 2059 2045 2087 497 
7862 2045 2921 2034 2059 
7863 2921 2087 2059 2045 
7864 2933 1601 1674 1602 
7865 2920 2921 2060 2064 
7866 2920 2482 2509 2518 
7867 2918 2482 2920 682 
7868 2541 147 684 2499 
7869 2933 2935 2931 2934 
7870 2933 1894 1644 1602 
7871 2933 2934 2932 1644 
7872 2499 2541 147 117 
7873 2921 683 2045 2538 
7874 2921 684 2499 510 
7875 2913 2920 2919 2519 
7876 2933 1599 1601 1602 
7877 510 2921 684 2542 
7878 2936 374 1377 1373 
7879 2045 113 2087 497 
7880 684 2499 2536 2921 
7881 2936 375 374 1373 
7882 113 509 2045 2087 
7883 509 683 2921 2542 
7884 682 2918 2527 681 
7885 2540 2045 113 509 
7886 2936 375 2937 374 
7887 2533 2057 499 2034 
7888 2499 2921 2513 2488 
7889 498 499 2034 2533 
7890 2921 2532 2536 2535 
7891 2921 2511 2532 2537 
7892 2918 2015 2005 2021 
7893 2918 2038 2021 2037 
7894 2911 2918 2016 2492 
7895 2921 2057 2533 2034 
7896 2920 2060 2043 2064 
7897 681 115 2539 2028 
7898 2911 2486 2914 2493 
7899 2028 2057 2539 681 
7900 2921 2070 510 2086 
7901 2918 2920 2482 2509 
7902 2920 2921 2514 2505 
7903 2921 2532 2511 2488 
7904 2532 677 678 2488 
7905 2511 2532 2537 678 
7906 2918 2491 2492 2509 
7907 2532 2488 2536 677 
7908 2912 2494 2486 2506 
7909 2936 1179 1194 904 
7910 2913 2080 2091 2075 
7911 509 510 2921 2070 
7912 678 2511 148 2537 
7913 2537 2511 2482 682 
7914 2921 2539 2057 681 
7915 2936 1373 1376 375 
7916 2921 2538 2533 2535 
7917 2913 2505 2483 2081 
7918 2073 2079 2088 2919 
7919 2081 2513 2505 508 
7920 2513 2499 508 2086 
7921 2921 2511 2514 2488 
7922 2918 2064 2055 2028 
7923 2511 2532 678 2488 
7924 2921 2505 2513 2514 
7925 2921 2057 2064 681 
7926 2921 2070 2080 2087 
7927 2921 2080 2059 2087 
7928 2499 2086 117 508 
7929 2936 1373 2938 1376 
7930 2913 2921 2080 2051 
7931 114 2540 2045 113 
7932 117 2499 2541 510 
7933 684 2541 2499 510 
7934 2913 2519 2483 2505 
7935 2920 2482 2518 682 
7936 2492 487 2016 2486 
7937 146 2515 2530 680 
7938 2499 677 2536 2488 
7939 2921 2499 2513 2086 
7940 2913 2483 2079 2081 
7941 2917 2076 494 2050 
7942 2073 2504 505 506 
7943 2916 2090 2089 2077 
7944 2847 1001 1000 840 
7945 2916 2496 2831 2500 
7946 2939 2937 375 374 
7947 2939 375 670 2286 
7948 2913 2065 2041 2043 
7949 2037 489 2021 2918 
7950 2919 2073 2079 2504 
7951 2081 2513 508 2086 
7952 2505 508 507 2081 
7953 328 1318 46 1321 
7954 2912 2024 2011 2009 
7955 2913 2080 2921 2070 
7956 2921 2532 2534 2537 
7957 683 2045 509 2921 
7958 496 497 2051 2080 
7959 2919 2920 2495 2519 
7960 2911 2040 2032 2039 
7961 2921 2070 2086 2081 
7962 2921 2060 2057 2034 
7963 2045 2538 114 498 
7964 2542 2921 684 683 
7965 2098 520 519 2572 
7966 2940 2564 2941 2551 
7967 2940 2566 2572 2574 
7968 2940 2095 2113 2100 
7969 2098 519 2105 2572 
7970 2942 2554 2943 2574 
7971 513 2142 2095 512 
7972 513 2121 2095 2142 
7973 513 2100 2121 514 
7974 513 2100 2095 2121 
7975 2944 2549 2565 2571 
7976 2942 2105 2115 2093 
7977 2942 2115 2113 2095 
7978 2106 2124 511 512 
7979 2945 2946 2940 2564 
7980 2106 2109 511 2156 
7981 2942 2572 2940 2098 
7982 2942 2574 2943 2945 
7983 2105 519 518 2554 
7984 2105 519 2554 2572 
7985 2942 2106 2095 512 
7986 2105 518 2586 2554 
7987 2105 518 2107 2586 
7988 2942 2940 2136 2142 
7989 2939 2472 670 375 
7990 2942 2943 2105 2093 
7991 2106 2109 2151 2942 
7992 2942 2142 2124 512 
7993 2109 2943 2942 2093 
7994 511 2109 44 2156 
7995 1013 1330 232 1075 
7996 44 343 2156 2109 
7997 959 1330 1324 2863 
7998 2865 1901 2863 1647 
7999 1330 232 959 1324 
8000 43 1013 1330 232 
8001 2947 2948 2943 660 
8002 1333 231 42 338 
8003 2939 458 670 2472 
8004 2865 338 2949 2859 
8005 2107 69 2586 518 
8006 339 2107 69 662 
8007 2863 1117 980 863 
8008 2156 343 2151 2109 
8009 1013 338 43 1330 
8010 2950 338 2093 2109 
8011 2944 2164 2163 2176 
8012 2950 2151 343 2109 
8013 2943 2554 2581 2574 
8014 338 1075 1013 777 
8015 2942 2572 2554 2574 
8016 2865 2863 1075 980 
8017 2939 375 2937 97 
8018 2865 1327 1325 1329 
8019 1765 2858 1648 2865 
8020 959 1330 2863 1075 
8021 2939 670 458 669 
8022 43 1333 44 338 
8023 2949 1929 2951 467 
8024 777 231 338 42 
8025 2943 2586 2105 2107 
8026 2943 2950 2107 2093 
8027 2939 2286 670 2684 
8028 777 338 1075 2865 
8029 2865 2859 1075 777 
8030 2950 42 230 879 
8031 231 1013 338 43 
8032 2951 2952 2953 1689 
8033 2950 229 2954 1142 
8034 2863 836 1053 839 
8035 354 1861 1352 1799 
8036 2955 2945 2942 2943 
8037 2863 839 1053 863 
8038 959 1324 232 233 
8039 2865 2863 1901 1743 
8040 959 233 1331 1324 
8041 2863 836 2849 1322 
8042 2865 1765 2859 1948 
8043 2866 2856 2855 952 
8044 2863 2858 839 863 
8045 2847 1967 1784 1718 
8046 1321 1095 787 837 
8047 1318 1095 1321 1322 
8048 2858 1626 2849 1676 
8049 2848 1203 2847 1001 
8050 237 1319 48 1017 
8051 1131 2863 1331 332 
8052 2825 1313 1317 1981 
8053 2863 1322 2849 1323 
8054 959 233 1131 1331 
8055 2939 2956 2286 2684 
8056 2859 981 2869 1038 
8057 2863 1324 1327 1330 
8058 2939 2272 375 2286 
8059 1088 45 1331 233 
8060 1088 332 1131 1331 
8061 2941 2113 2101 2112 
8062 1131 233 1088 1331 
8063 2847 1967 2825 1784 
8064 1328 1323 1326 2863 
8065 2151 2124 2156 2106 
8066 2866 1069 2867 1438 
8067 44 43 338 1330 
8068 2949 105 2466 339 
8069 1075 1013 1330 338 
8070 2859 777 879 1161 
8071 2831 2912 2919 2914 
8072 1321 1322 1095 837 
8073 2859 1765 1822 1813 
8074 2957 2169 2159 2175 
8075 2865 2858 2863 2859 
8076 338 1333 343 1334 
8077 2857 1936 1588 2003 
8078 2942 2945 2144 2136 
8079 2121 2099 2112 2941 
8080 2843 2049 2030 2062 
8081 2813 1777 1972 1793 
8082 1718 1823 1876 1316 
8083 504 2077 2072 2487 
8084 504 2077 2487 505 
8085 1328 1320 333 1323 
8086 1328 1320 68 333 
8087 2824 2053 2069 2035 
8088 2865 1797 1561 469 
8089 1502 1469 2867 2866 
8090 2863 1328 1619 1917 
8091 339 106 469 2465 
8092 1325 336 1743 1329 
8093 336 1859 1743 1329 
8094 1325 337 1743 336 
8095 1078 1417 188 958 
8096 2857 2867 1219 930 
8097 2847 2825 1987 1784 
8098 2848 1203 1001 1135 
8099 1328 1323 333 1326 
8100 1331 959 1324 2863 
8101 2813 2829 2836 1852 
8102 2847 2825 1829 1313 
8103 1619 1872 1917 1328 
8104 1321 1322 836 835 
8105 1917 337 1328 1872 
8106 981 2858 2859 980 
8107 1328 68 1872 337 
8108 2942 2124 2106 512 
8109 2865 338 1330 1327 
8110 2865 339 1797 469 
8111 2858 980 864 863 
8112 1323 1326 332 333 
8113 2859 879 889 1191 
8114 1917 1325 337 1743 
8115 1328 1320 1323 1619 
8116 338 42 1333 1334 
8117 2917 2089 2076 2088 
8118 2813 1972 1852 1793 
8119 336 1329 69 106 
8120 336 1797 1329 106 
8121 2863 1323 1326 332 
8122 2949 1813 2869 2954 
8123 1797 339 1329 106 
8124 339 106 2465 69 
8125 2859 889 1029 1191 
8126 2865 338 2859 777 
8127 981 2858 980 864 
8128 2943 2567 2574 2548 
8129 2859 889 2869 1029 
8130 2950 2107 339 662 
8131 2951 2862 1166 1156 
8132 1330 338 2865 1075 
8133 339 2466 2465 105 
8134 1330 44 43 232 
8135 2865 469 1561 105 
8136 2942 2115 2095 2106 
8137 2957 2585 2948 2173 
8138 2943 2948 2580 660 
8139 2943 2548 2580 2567 
8140 339 69 2465 662 
8141 2944 2161 2958 2176 
8142 2109 2943 2151 2942 
8143 2857 1049 1219 1120 
8144 2865 339 469 105 
8145 2824 2823 2007 2507 
8146 2943 2105 2586 2554 
8147 2811 1037 982 870 
8148 2958 2161 2166 2177 
8149 2949 2859 1813 1979 
8150 2947 2943 661 660 
8151 2570 542 2165 2550 
8152 2570 2165 542 2162 
8153 2959 2960 2104 2569 
8154 2961 2560 2559 2584 
8155 2962 2963 2128 2129 
8156 2549 2164 540 2571 
8157 541 2570 542 2162 
8158 2942 2098 2105 2572 
8159 2941 2112 2111 2099 
8160 2944 2163 2957 2179 
8161 2863 2859 2858 980 
8162 2941 521 2568 2096 
8163 2941 521 2551 2568 
8164 2941 2101 521 2096 
8165 2945 2135 2137 2136 
8166 1013 777 231 338 
8167 2959 2547 2583 2569 
8168 2940 2566 2564 2551 
8169 2959 2139 2960 2153 
8170 2941 2111 2959 2099 
8171 2106 511 2124 2156 
8172 2957 2123 2167 2169 
8173 2941 2959 2568 2584 
8174 2107 69 662 2586 
8175 2955 2151 2942 2144 
8176 2944 2549 2946 2565 
8177 2848 1135 893 1031 
8178 2811 2814 993 1037 
8179 339 106 69 1329 
8180 2943 2586 662 2581 
8181 2949 338 2950 2859 
8182 2953 2952 2948 2467 
8183 2811 982 2812 870 
8184 2952 228 41 905 
8185 2954 805 1166 1220 
8186 2865 1561 1948 1663 
8187 879 2950 2859 889 
8188 2869 889 2954 1030 
8189 2861 2964 1808 2002 
8190 2949 468 2950 2466 
8191 2943 2567 2945 2574 
8192 540 2164 2163 2571 
8193 540 2163 539 2571 
8194 2958 2549 2570 2562 
8195 2950 343 342 230 
8196 539 2163 2553 2571 
8197 2553 2585 2168 538 
8198 2811 2813 1664 2829 
8199 2957 2553 2580 2585 
8200 2168 2585 2173 538 
8201 539 2168 2553 2163 
8202 2957 2553 2163 2571 
8203 2944 2587 2957 2571 
8204 2958 2132 2119 2135 
8205 2944 2957 2163 2571 
8206 2135 2962 2958 2132 
8207 2141 2161 529 2119 
8208 2161 2119 530 529 
8209 2957 2123 2141 2167 
8210 2161 2119 2166 530 
8211 2945 2135 2157 2137 
8212 541 540 2549 2164 
8213 2944 2157 2945 2135 
8214 2944 2957 2157 2141 
8215 2943 2548 661 660 
8216 2949 105 468 2466 
8217 2957 2948 2155 2175 
8218 2965 1796 349 465 
8219 2948 348 2952 340 
8220 2957 2580 2943 2948 
8221 2947 661 2953 660 
8222 2957 2580 2948 2585 
8223 2945 2940 2946 2134 
8224 2948 2173 2585 659 
8225 2950 2859 42 879 
8226 338 231 43 1333 
8227 2943 2586 2581 2554 
8228 2942 2095 2142 512 
8229 2141 2167 2123 528 
8230 2948 348 340 2175 
8231 2948 2952 348 349 
8232 2946 2560 2941 2564 
8233 2863 1117 1075 980 
8234 2837 2966 2836 457 
8235 2837 2967 2829 376 
8236 2947 661 2950 2953 
8237 2942 2105 2554 2572 
8238 2942 2136 2144 2142 
8239 2098 520 2551 2101 
8240 2961 2583 2959 2584 
8241 2121 2099 2100 2112 
8242 2121 2100 2099 514 
8243 2962 2968 2958 2140 
8244 2961 2559 2583 2584 
8245 2968 2140 2160 2166 
8246 2959 2547 2569 2104 
8247 2958 2162 2177 2178 
8248 2955 2957 2948 2150 
8249 2969 691 2145 2593 
8250 2119 2166 530 2140 
8251 2958 2558 2570 2550 
8252 2958 2178 2165 2162 
8253 2150 2947 2118 341 
8254 2141 529 2161 2167 
8255 2955 2157 2123 2150 
8256 2944 2958 2164 2176 
8257 2957 2159 2168 2173 
8258 530 531 2140 2166 
8259 2958 2570 2558 2562 
8260 2140 2160 2166 531 
8261 2140 2120 2160 531 
8262 2135 2962 2946 2958 
8263 2968 2958 2165 2550 
8264 2940 2095 2121 2142 
8265 2969 2576 2582 692 
8266 2961 2559 2557 2561 
8267 2946 2549 2958 2562 
8268 2943 2580 2548 660 
8269 2968 2958 2140 2166 
8270 2959 2114 2102 2104 
8271 2960 2110 2094 525 
8272 546 2555 2970 2172 
8273 2958 2166 2119 2140 
8274 2577 2970 2573 2598 
8275 2116 2598 2969 2970 
8276 2133 2960 2110 2147 
8277 2968 2160 2178 2166 
8278 2958 2119 2132 2140 
8279 2970 2172 2170 2158 
8280 2116 2146 2599 2143 
8281 2963 2153 2960 2969 
8282 2599 2970 2116 2143 
8283 2970 2573 2556 2555 
8284 2958 2177 2166 2178 
8285 2970 2171 2120 2126 
8286 2573 2577 2598 2546 
8287 2598 2577 2970 2599 
8288 2970 2555 2577 2573 
8289 2963 2143 2127 2131 
8290 2960 2103 2114 2094 
8291 2968 2178 2180 2165 
8292 2598 2116 2603 2596 
8293 2960 2139 2147 2148 
8294 2960 2969 2122 2588 
8295 2960 2153 2139 2148 
8296 546 2970 2599 2158 
8297 2960 2094 2114 2104 
8298 2588 2133 537 2122 
8299 2970 2170 2550 2165 
8300 2969 2590 692 691 
8301 2962 2154 2130 2138 
8302 2970 2126 2174 2171 
8303 2962 2958 2132 2140 
8304 2098 2551 520 2572 
8305 2963 2127 2968 2128 
8306 2961 2941 2560 2584 
8307 2112 2940 2100 2121 
8308 2944 2163 2164 2571 
8309 2106 2109 2156 2151 
8310 2962 2130 2154 2129 
8311 2959 2102 2547 2104 
8312 2957 2553 2168 2163 
8313 2969 2589 2592 2590 
8314 2970 2561 2557 2573 
8315 2102 2568 522 2096 
8316 2547 2102 522 523 
8317 2959 2111 2096 2102 
8318 2958 2177 2176 2161 
8319 2947 2151 2118 342 
8320 2969 692 2582 2546 
8321 2837 2966 2967 377 
8322 2913 2065 2060 2051 
8323 2957 2167 2179 2169 
8324 2951 1943 1953 1703 
8325 2940 2566 2551 2572 
8326 520 521 2551 2101 
8327 2962 2135 2134 2132 
8328 2837 2829 2967 668 
8329 2568 521 522 2096 
8330 104 2965 349 465 
8331 2961 2559 2561 2583 
8332 2941 2101 2551 521 
8333 2940 2113 2098 2101 
8334 2959 2139 2153 2117 
8335 2963 2153 2959 2960 
8336 2138 515 514 2099 
8337 2957 2159 2948 2175 
8338 2947 661 2943 2950 
8339 2121 2099 2138 514 
8340 2940 2564 2946 2941 
8341 2959 2111 2097 2099 
8342 2943 2586 2107 662 
8343 2863 1323 1620 1619 
8344 2117 516 515 2097 
8345 2097 2138 515 2117 
8346 2959 2103 2117 2097 
8347 2045 2034 2538 498 
8348 2942 2940 2572 2574 
8349 2867 1853 1714 1815 
8350 2955 2157 2944 2957 
8351 2959 2097 2138 2099 
8352 2828 2826 331 2071 
8353 2921 509 2542 510 
8354 2547 2104 2102 523 
8355 2940 2941 2134 2121 
8356 2499 2921 2488 2536 
8357 2918 2509 2492 2493 
8358 2960 2589 2969 2590 
8359 683 114 2540 2045 
8360 2969 2116 2143 2152 
8361 2959 2568 2547 2102 
8362 2960 2575 2108 2569 
8363 2103 2110 2139 517 
8364 2921 2087 509 2070 
8365 2960 2583 2578 2569 
8366 2959 2960 2114 2104 
8367 2959 2114 2960 2103 
8368 2960 2094 2591 525 
8369 2963 2127 2128 2129 
8370 2959 2960 2139 2103 
8371 2940 2100 2113 2112 
8372 2962 2134 2941 2138 
8373 2104 2569 2108 524 
8374 2117 2103 516 2097 
8375 2108 524 2569 2575 
8376 517 2133 2110 2147 
8377 2960 2094 2104 2108 
8378 2104 2569 524 523 
8379 2960 2110 2103 2094 
8380 2960 2104 2569 2108 
8381 2959 2584 2583 2547 
8382 2518 2511 682 2482 
8383 2116 2603 2596 535 
8384 2945 2137 2144 2136 
8385 2919 2504 2079 2483 
8386 2837 2967 2966 668 
8387 2544 686 149 2563 
8388 2837 2966 457 668 
8389 2946 2558 2958 2961 
8390 526 2575 2108 2960 
8391 339 2465 469 105 
8392 2913 2066 2041 2065 
8393 2969 2122 2145 2148 
8394 2941 2568 2560 2584 
8395 2963 2970 2969 2561 
8396 2918 2064 2028 681 
8397 2561 2960 2959 2583 
8398 2921 2533 2534 2535 
8399 2540 683 2045 509 
8400 2499 147 2536 677 
8401 2594 2563 2591 2589 
8402 2837 2836 456 457 
8403 2828 2841 331 655 
8404 2534 2920 2537 682 
8405 686 149 2563 2594 
8406 2563 2960 2552 2575 
8407 2592 2552 2578 2576 
8408 526 2960 2094 2591 
8409 2563 2591 2589 2960 
8410 2563 686 2594 2591 
8411 2029 495 496 2075 
8412 2959 2096 2568 2102 
8413 2547 2569 2104 523 
8414 2963 2968 2127 2970 
8415 2962 2940 2941 2134 
8416 2837 456 2836 2829 
8417 2959 2097 2111 2114 
8418 2969 2592 2552 2578 
8419 2552 2960 2589 2969 
8420 2133 2595 123 685 
8421 2552 690 689 2589 
8422 525 526 2094 2591 
8423 2589 2594 2563 690 
8424 2825 1196 1312 1046 
8425 2103 2139 516 517 
8426 2598 2546 2602 692 
8427 2969 2593 2145 2588 
8428 2596 2146 2116 535 
8429 2960 2969 2148 2122 
8430 2960 525 2133 2110 
8431 2591 686 526 2563 
8432 2969 2582 2573 2546 
8433 2960 2148 2147 2122 
8434 2968 2958 2178 2165 
8435 2963 2154 2959 2153 
8436 2959 2138 2097 2117 
8437 151 692 2546 2592 
8438 2971 2972 1991 2812 
8439 2546 2597 2598 2602 
8440 2597 2546 2577 688 
8441 2546 2602 151 688 
8442 2108 526 2960 2094 
8443 2971 855 857 858 
8444 2563 2544 686 526 
8445 149 2544 2563 119 
8446 2552 689 2592 2589 
8447 2971 2973 2974 2975 
8448 2552 689 2576 2592 
8449 2913 2029 2051 2080 
8450 525 526 2591 2545 
8451 2591 686 2545 526 
8452 2591 685 2545 686 
8453 526 2591 2563 2960 
8454 2147 2133 2960 2122 
8455 2588 2145 2122 536 
8456 2145 2593 122 536 
8457 2145 2116 122 2593 
8458 2143 545 2970 2174 
8459 2962 2132 2128 2140 
8460 2116 535 122 2603 
8461 2971 2975 2974 1639 
8462 2970 2116 2598 2599 
8463 691 2116 2598 2969 
8464 2969 2590 691 2593 
8465 2970 2171 2180 2160 
8466 2959 2547 2568 2584 
8467 2918 2055 2058 2028 
8468 517 2110 2133 118 
8469 2122 536 537 2588 
8470 2588 2145 536 2593 
8471 525 2591 2960 2133 
8472 2968 2557 2558 2550 
8473 2133 123 2595 537 
8474 2921 2086 2513 2081 
8475 2921 2532 2488 2536 
8476 2913 2029 2919 2066 
8477 2971 857 898 858 
8478 2080 2059 497 2051 
8479 2969 2116 2145 691 
8480 2913 2029 2066 2065 
8481 2971 2972 2812 870 
8482 685 2543 123 2133 
8483 119 526 2563 2575 
8484 151 692 2602 2546 
8485 2971 869 855 858 
8486 2133 2588 2960 2122 
8487 2969 2592 2589 2552 
8488 2960 2583 2561 2578 
8489 2962 2946 2940 2134 
8490 2941 2112 2101 2096 
8491 2812 2972 2814 870 
8492 2968 2160 2180 2178 
8493 2969 2588 2145 2122 
8494 2576 151 2592 689 
8495 2969 2590 2593 2588 
8496 2143 545 2146 2599 
8497 526 2563 2544 119 
8498 2960 2139 2103 2110 
8499 2960 2591 2589 2590 
8500 2588 2960 2591 2133 
8501 525 2133 685 2591 
8502 535 2596 2146 534 
8503 2969 2592 2576 692 
8504 2959 2583 2960 2569 
8505 122 691 2116 2603 
8506 2969 692 2598 691 
8507 2960 2575 2569 2578 
8508 2940 2101 2941 2113 
8509 2970 2120 2171 2160 
8510 2812 1866 2814 2972 
8511 2174 2143 545 2125 
8512 2970 2180 2171 2158 
8513 2811 206 2829 1217 
8514 2960 2139 2110 2147 
8515 2811 2814 1037 870 
8516 2812 1821 1654 1766 
8517 2970 2171 2174 2158 
8518 2171 532 2126 533 
8519 2555 546 124 2172 
8520 545 2604 2149 693 
8521 2604 120 2149 121 
8522 150 694 2579 2600 
8523 2942 2113 2940 2095 
8524 2146 2149 545 2125 
8525 2961 2561 2959 2583 
8526 2146 2601 2149 534 
8527 2601 2146 2599 2596 
8528 2606 2599 694 693 
8529 2579 2600 2577 687 
8530 2969 2590 2592 692 
8531 2146 2599 2596 2116 
8532 2158 546 2970 2172 
8533 2170 544 2556 543 
8534 2170 544 2172 2556 
8535 2970 2550 2170 2556 
8536 2598 2546 692 2969 
8537 2812 1991 1654 1866 
8538 2143 2126 2174 2970 
8539 693 2606 2599 545 
8540 2143 2126 2125 2174 
8541 2963 2143 2969 2970 
8542 2958 2164 2176 2177 
8543 2970 2116 2143 2969 
8544 2116 2603 691 2598 
8545 2170 543 2556 2550 
8546 2600 694 2577 2599 
8547 545 2970 2174 2158 
8548 2579 2605 546 694 
8549 2577 2600 2599 2597 
8550 2812 2972 1991 1866 
8551 2172 2555 544 124 
8552 546 694 2577 2579 
8553 2145 2116 2593 691 
8554 694 2599 546 2577 
8555 2149 545 693 2146 
8556 2969 2573 2970 2598 
8557 2149 120 545 2125 
8558 687 688 2597 2577 
8559 546 2579 2555 124 
8560 2149 693 121 2601 
8561 121 2149 2601 534 
8562 2960 2578 2552 2575 
8563 545 2146 2125 2143 
8564 2576 151 2546 2592 
8565 2597 2546 688 2602 
8566 2601 2149 693 2146 
8567 2955 2942 2945 2144 
8568 2596 2601 2146 534 
8569 545 693 2146 2599 
8570 2812 1866 1654 1821 
8571 122 691 2593 2116 
8572 2970 2120 2127 2126 
8573 2958 2570 2165 2550 
8574 2597 2577 2600 687 
8575 2812 1766 1654 1653 
8576 2957 2948 2150 2155 
8577 693 2601 2146 2599 
8578 2976 1939 1512 1441 
8579 2970 2158 2170 2180 
8580 2599 2577 2597 2598 
8581 2970 2170 2172 2556 
8582 2172 2556 544 2555 
8583 2605 150 694 2579 
8584 2962 2130 2134 2138 
8585 541 2549 2570 2162 
8586 2976 1512 1482 1441 
8587 2944 2176 2167 2161 
8588 2946 2565 2549 2562 
8589 2970 2180 2170 2165 
8590 2959 2139 2117 2103 
8591 2167 2169 2123 528 
8592 2957 2141 2123 2157 
8593 2968 2557 2961 2558 
8594 2970 2556 2557 2550 
8595 2976 1441 1858 1939 
8596 2605 546 124 2579 
8597 2968 2178 2958 2166 
8598 2976 1441 2977 1858 
8599 152 2643 2657 700 
8600 2643 2654 2653 2619 
8601 2976 1482 1464 1441 
8602 2579 150 2600 687 
8603 2608 126 562 2643 
8604 2608 696 152 2643 
8605 561 562 2654 2609 
8606 2960 2591 2590 2588 
8607 2609 2654 561 695 
8608 2976 1858 1717 1939 
8609 120 545 2125 2174 
8610 561 695 2654 2232 
8611 2599 2596 2116 2598 
8612 2174 2125 120 533 
8613 561 562 2181 2654 
8614 2976 1717 1840 1939 
8615 125 2213 2235 561 
8616 120 545 2604 2149 
8617 553 2211 2193 552 
8618 1820 2976 1717 2975 
8619 2978 2248 2213 2232 
8620 2174 2126 2125 533 
8621 2193 2213 2197 2181 
8622 2213 2197 2181 561 
8623 2204 2232 2248 2978 
8624 2235 2607 561 695 
8625 2578 2969 2592 2576 
8626 2979 2183 2193 2216 
8627 2941 2112 2096 2111 
8628 2199 2980 2183 2981 
8629 2213 2979 2211 2248 
8630 2979 2195 2181 2191 
8631 2555 2577 546 2970 
8632 2191 2620 559 2614 
8633 2190 2185 2634 558 
8634 2980 2188 2982 2201 
8635 2979 2190 2191 2202 
8636 2193 2183 552 2216 
8637 2979 2211 2248 2218 
8638 2193 552 2211 2216 
8639 125 2213 2197 553 
8640 2248 2213 2979 2978 
8641 545 546 2606 2599 
8642 2978 2219 2234 2983 
8643 2120 531 532 2160 
8644 2185 557 2634 558 
8645 126 2619 560 2195 
8646 2968 2180 2970 2165 
8647 541 2164 2549 2162 
8648 2984 2222 2226 2236 
8649 2185 557 2189 2613 
8650 2219 2985 2986 2984 
8651 2639 2656 2978 2653 
8652 2979 2191 2190 2614 
8653 2987 2626 2982 2628 
8654 2976 1584 1512 1939 
8655 2984 2985 2205 2237 
8656 2980 2988 2987 2982 
8657 2982 2629 2628 2626 
8658 2621 2985 2623 2622 
8659 2981 2199 2202 2183 
8660 702 2640 2978 2983 
8661 2989 2624 2987 2632 
8662 2986 2983 2219 2978 
8663 2986 2625 2978 2637 
8664 2985 2622 2987 2623 
8665 2979 2202 2193 2183 
8666 2987 2986 2981 2622 
8667 2213 2978 2232 561 
8668 2183 2187 551 2208 
8669 2989 2258 2632 2253 
8670 2990 2638 2630 2631 
8671 2978 2232 561 2654 
8672 2224 2980 2241 2242 
8673 2985 2237 2228 2205 
8674 2991 2987 2628 2632 
8675 2985 2623 2987 2624 
8676 2990 2186 2992 2635 
8677 2232 2652 2978 2204 
8678 2983 2641 2633 2263 
8679 2982 2185 2201 2189 
8680 550 2188 549 2230 
8681 2985 2647 2623 2648 
8682 2251 2228 568 2205 
8683 2185 2634 557 2613 
8684 2190 2614 559 558 
8685 2993 2271 2994 2252 
8686 2221 567 2255 566 
8687 2985 2270 2251 2261 
8688 2995 966 967 990 
8689 2993 2638 2994 2636 
8690 2981 2183 2979 2216 
8691 2980 2199 2187 2201 
8692 2989 2648 2632 2611 
8693 2986 2979 2217 2216 
8694 2233 2662 701 2978 
8695 2995 2996 2997 967 
8696 550 2208 2187 2230 
8697 2989 2267 2253 2269 
8698 2981 2185 2190 2199 
8699 2652 2232 2659 573 
8700 2232 2659 2654 2652 
8701 2998 2928 664 2612 
8702 2979 2620 2191 2614 
8703 2983 2978 2646 2640 
8704 2193 2213 2979 2211 
8705 2988 2209 2992 2184 
8706 2219 2240 2978 2234 
8707 2955 2957 2944 2945 
8708 2979 2218 2217 2211 
8709 2979 2211 2217 2216 
8710 702 2640 2983 2664 
8711 2995 967 966 1447 
8712 2995 2997 2999 3000 
8713 2662 2234 2233 2661 
8714 2984 2980 2986 2238 
8715 2233 2661 2210 571 
8716 2983 2633 2642 2647 
8717 2980 2241 2242 2230 
8718 2654 2232 2652 2978 
8719 2659 695 2232 2654 
8720 2174 2171 2126 533 
8721 130 695 2235 2659 
8722 2978 702 2655 2656 
8723 2983 2228 2265 2261 
8724 1775 2997 2995 2996 
8725 2607 561 125 2235 
8726 2235 130 2659 573 
8727 2204 572 2658 129 
8728 551 2187 550 2208 
8729 2643 2608 696 562 
8730 701 129 2233 2658 
8731 2231 2983 2662 2234 
8732 2983 2985 2237 2228 
8733 2995 2999 2997 1774 
8734 550 2187 2188 2230 
8735 154 702 2664 2610 
8736 553 2213 2193 2211 
8737 2981 2614 2190 2634 
8738 2216 2980 2183 2208 
8739 2656 154 699 2610 
8740 2983 2249 2270 2261 
8741 154 702 2610 2656 
8742 2640 2610 154 2664 
8743 2639 2656 2610 2978 
8744 2656 2610 699 2639 
8745 2979 2620 2614 2621 
8746 2181 2195 2654 562 
8747 696 2654 2609 695 
8748 562 2619 2195 2654 
8749 2640 2660 698 2616 
8750 2627 2263 2663 582 
8751 2978 2233 2204 701 
8752 699 2653 2639 700 
8753 2961 2557 2970 2561 
8754 2619 126 562 2195 
8755 2577 546 2579 2555 
8756 2963 2960 2959 2969 
8757 560 2620 2191 2195 
8758 2979 2181 2193 2202 
8759 696 562 2609 2654 
8760 2643 700 2653 2657 
8761 2926 663 3001 2998 
8762 219 2927 361 1358 
8763 666 2471 2469 357 
8764 2991 2222 2223 2224 
8765 2471 101 2469 357 
8766 2990 2186 2982 2200 
8767 2469 102 73 357 
8768 666 73 2650 2196 
8769 2927 356 2182 2198 
8770 2924 1592 1928 1880 
8771 2993 2229 2994 2227 
8772 2997 1775 1880 1998 
8773 3001 217 33 1212 
8774 2925 360 218 219 
8775 2998 359 2925 2206 
8776 356 782 1077 1015 
8777 2872 780 1153 914 
8778 2924 219 218 1141 
8779 2995 2999 3002 968 
8780 2988 2992 2200 2184 
8781 2998 2250 2994 2260 
8782 2617 554 555 2192 
8783 2617 2650 554 2192 
8784 2650 73 554 2196 
8785 2650 2196 554 2192 
8786 2469 464 102 357 
8787 2260 2649 574 2618 
8788 666 2469 73 357 
8789 2926 1592 1996 461 
8790 2922 666 2927 2471 
8791 2993 2638 2636 2630 
8792 2992 2650 2617 2192 
8793 2613 2189 2635 556 
8794 2981 2190 2185 2634 
8795 2998 366 358 2266 
8796 2993 2268 2252 2256 
8797 2927 666 2650 2196 
8798 2990 2992 2186 2200 
8799 2617 2192 555 2186 
8800 2635 2186 555 556 
8801 73 1352 102 354 
8802 354 1861 1738 1352 
8803 1077 1353 356 1015 
8804 2469 464 357 101 
8805 2637 2986 2625 2621 
8806 102 1352 1799 354 
8807 2923 1949 1978 1661 
8808 2927 2245 2992 2928 
8809 3003 1348 1352 1350 
8810 2958 2166 2161 2119 
8811 73 357 102 1352 
8812 357 1799 102 1352 
8813 2923 1190 3003 877 
8814 355 1351 1913 1870 
8815 355 1351 1870 72 
8816 2932 859 974 860 
8817 2922 101 3003 1661 
8818 1913 1348 1351 355 
8819 2929 350 2932 811 
8820 2990 2982 2987 2988 
8821 1738 1352 1861 3003 
8822 357 101 464 1566 
8823 2995 966 990 968 
8824 1352 1738 354 1348 
8825 2927 2214 2245 361 
8826 1738 2932 1898 1913 
8827 2932 1354 1349 1347 
8828 2931 812 814 813 
8829 2988 2243 2209 2242 
8830 357 1799 464 102 
8831 1998 1995 1811 2934 
8832 2617 555 2635 2186 
8833 2922 462 463 1928 
8834 2929 1346 1345 813 
8835 1109 3004 891 2931 
8836 2198 547 2194 2214 
8837 2198 356 36 361 
8838 2991 2223 2993 2988 
8839 2194 2214 547 2247 
8840 2925 218 2924 219 
8841 2927 2245 360 361 
8842 2983 2642 2641 2616 
8843 2998 2246 358 2239 
8844 2995 3002 966 968 
8845 2998 2994 2239 2206 
8846 2198 547 2214 361 
8847 36 1353 221 35 
8848 2992 2650 2928 2644 
8849 2194 548 2184 2247 
8850 2992 2186 2200 2203 
8851 2932 1162 975 974 
8852 2995 1495 1447 1504 
8853 3002 1148 1470 795 
8854 1015 221 1353 35 
8855 1566 1799 464 357 
8856 2194 547 548 2247 
8857 2928 664 2612 665 
8858 356 1356 1358 34 
8859 2992 2203 2192 2186 
8860 36 356 1353 35 
8861 2992 2198 2182 2194 
8862 3003 1352 1799 357 
8863 221 1077 1015 1353 
8864 356 220 35 1356 
8865 1436 3002 1470 1506 
8866 1130 1347 954 222 
8867 221 954 1347 222 
8868 2985 2625 2621 2623 
8869 2191 559 2190 2614 
8870 2183 551 552 2216 
8871 2962 2963 2154 2959 
8872 2946 2560 2564 2562 
8873 2190 2634 2614 558 
8874 2981 2979 2986 2216 
8875 549 2188 2209 2230 
8876 557 2189 2613 556 
8877 2981 2621 2979 2614 
8878 2957 2945 2943 2567 
8879 2635 2186 556 2189 
8880 2980 2988 2188 2230 
8881 2992 2192 2617 2186 
8882 2927 360 2925 361 
8883 2988 2243 2992 2209 
8884 2929 1596 1344 1597 
8885 1349 351 350 1346 
8886 2926 1592 461 462 
8887 2990 2635 2992 2651 
8888 2184 548 2209 2247 
8889 2927 2992 2182 2196 
8890 3002 1506 1504 1470 
8891 2982 2626 2634 2613 
8892 2927 2214 2992 2245 
8893 2990 3005 2638 2631 
8894 549 2209 2184 548 
8895 2992 2182 2196 2192 
8896 2928 2644 666 665 
8897 549 2209 2188 2184 
8898 2932 1738 1898 1861 
8899 222 37 1086 1354 
8900 2979 2978 2639 2637 
8901 2958 2162 2164 2177 
8902 2925 2245 2206 360 
8903 3002 2999 1504 1465 
8904 2922 1928 463 1672 
8905 2993 2227 2994 3005 
8906 3005 2206 2928 2245 
8907 2992 2196 2650 2192 
8908 2998 663 2649 2645 
8909 2922 219 2927 2925 
8910 2926 663 461 2470 
8911 2927 2992 2196 2650 
8912 356 220 1356 34 
8913 3003 1799 1352 1861 
8914 3003 1661 1566 1949 
8915 2927 2245 2928 2925 
8916 1015 356 220 35 
8917 36 1356 356 35 
8918 3005 2206 2245 2244 
8919 32 1355 366 31 
8920 3003 101 1566 1661 
8921 2923 3003 1759 1949 
8922 2926 3000 1592 2924 
8923 2997 1214 1099 991 
8924 3003 1758 1949 1861 
8925 1675 1601 2933 2931 
8926 2929 1643 2933 2932 
8927 3002 966 795 1470 
8928 2998 2925 2928 2206 
8929 1675 1601 2931 1892 
8930 2995 2996 967 1468 
8931 3006 1955 2934 1850 
8932 2872 1153 2878 3000 
8933 1348 2929 1349 2932 
8934 3000 1103 1153 1057 
8935 1592 2872 1879 3000 
8936 3006 2933 1674 1850 
8937 2934 860 975 976 
8938 2931 891 2935 3004 
8939 3007 794 1066 1168 
8940 2929 2931 812 1055 
8941 3004 2931 1109 2930 
8942 3000 914 1153 1103 
8943 3006 1947 1578 1446 
8944 2931 2934 2935 890 
8945 954 1353 2932 1077 
8946 2931 859 818 815 
8947 2922 2927 219 1358 
8948 3000 1879 2924 2997 
8949 2932 1130 1114 1055 
8950 3003 1190 975 1162 
8951 1015 356 35 1353 
8952 350 2932 1130 1354 
8953 2932 1758 1644 1759 
8954 1738 1352 3003 1348 
8955 2926 461 3001 2470 
8956 2929 2932 1348 1913 
8957 356 34 782 220 
8958 2923 2932 2934 1759 
8959 2922 3003 101 357 
8960 1674 1712 2935 3006 
8961 2872 1564 1698 1940 
8962 3003 34 356 1358 
8963 2932 3003 1758 1759 
8964 3006 1429 1490 1499 
8965 3007 1066 2934 1168 
8966 2923 975 2932 3003 
8967 2929 1601 2933 1599 
8968 2872 1698 1886 1940 
8969 2948 348 2159 349 
8970 2965 1796 465 1562 
8971 3006 1578 1955 1850 
8972 3006 1459 1499 1496 
8973 2923 1661 1978 1672 
8974 3007 1147 1066 794 
8975 2934 976 1211 1168 
8976 2872 1886 1839 1940 
8977 2922 463 666 2471 
8978 2929 1351 1349 351 
8979 2929 1349 2932 350 
8980 2932 1898 1758 1861 
8981 1759 1811 2934 2923 
8982 1995 1811 2934 1760 
8983 3003 2932 1861 1738 
8984 2932 859 1114 974 
8985 2861 2954 2964 2004 
8986 2965 1719 2930 1340 
8987 1336 2930 1180 935 
8988 2953 659 466 2467 
8989 2930 1004 1182 1180 
8990 1109 1005 3004 2930 
8991 2932 1347 1349 1350 
8992 2929 2931 1601 1598 
8993 2929 1349 1346 351 
8994 2930 1004 1005 1205 
8995 2931 2935 2933 1675 
8996 2932 1758 3003 1861 
8997 2923 1759 1978 1949 
8998 2933 1675 2935 1674 
8999 2922 2923 1672 1661 
9000 2923 1190 877 888 
9001 1130 1347 222 1354 
9002 1086 224 1345 37 
9003 2992 2247 2209 2243 
9004 3008 3009 3010 1123 
9005 222 1086 1130 1354 
9006 3006 2935 1496 1458 
9007 3003 1566 1799 1861 
9008 2922 1672 463 1661 
9009 2932 1349 1348 1350 
9010 1738 2932 1913 1348 
9011 2929 1345 812 813 
9012 2992 2617 2644 2651 
9013 3003 1949 1758 1759 
9014 3003 34 877 782 
9015 2934 1066 1111 1168 
9016 3011 1459 1496 1445 
9017 2934 1850 1955 1894 
9018 2923 1811 1978 1759 
9019 219 3003 877 2923 
9020 2932 3003 1353 1350 
9021 2965 1719 1340 1845 
9022 2932 1353 1347 1350 
9023 2964 1455 3012 1744 
9024 2857 1822 2858 1904 
9025 2930 346 1338 1346 
9026 357 101 1566 3003 
9027 2862 1705 1704 1703 
9028 935 813 1346 2930 
9029 2929 1344 351 1346 
9030 2929 811 1055 812 
9031 3005 2245 2243 2244 
9032 2992 2617 2635 2186 
9033 1086 37 1345 350 
9034 2852 1645 1902 1778 
9035 2992 2214 2198 2194 
9036 2878 2852 1153 2872 
9037 1344 1351 351 72 
9038 2923 2932 975 2934 
9039 1348 2929 1351 1349 
9040 1351 1595 1870 1344 
9041 2984 2980 2981 2986 
9042 859 2931 818 860 
9043 2929 1643 2932 1898 
9044 1351 1913 1870 1595 
9045 1344 1351 72 1870 
9046 1595 1344 1572 353 
9047 1870 1595 353 1344 
9048 2929 2931 2933 1601 
9049 1863 311 1294 1804 
9050 2926 663 2998 664 
9051 359 217 3001 2926 
9052 3000 808 1212 1103 
9053 2923 1190 1027 975 
9054 1751 2995 1750 1435 
9055 2997 1027 1099 1214 
9056 219 3003 2923 2922 
9057 2990 2992 3005 2928 
9058 356 34 3003 782 
9059 2932 974 975 860 
9060 3003 1077 782 1162 
9061 2932 1349 1354 350 
9062 2923 877 219 888 
9063 3013 1609 3014 1679 
9064 3003 356 1353 1350 
9065 2932 1114 1077 974 
9066 2929 1597 1598 1596 
9067 666 73 2196 357 
9068 2926 461 663 664 
9069 2934 1027 1211 976 
9070 1130 1086 811 350 
9071 2932 954 1077 1114 
9072 2988 2223 3005 2225 
9073 3006 890 2934 1066 
9074 2932 1644 2934 1759 
9075 3011 1070 1459 1445 
9076 2927 2928 666 665 
9077 2998 2994 2250 2266 
9078 2923 3003 1949 1661 
9079 782 1015 356 220 
9080 2878 1839 1885 1646 
9081 2996 1947 1446 1466 
9082 2996 1795 1955 1947 
9083 1751 1466 424 1947 
9084 2997 2996 2934 1211 
9085 2933 1601 1675 1674 
9086 2923 1880 1811 1998 
9087 2996 967 1468 1160 
9088 3007 1211 2934 2996 
9089 2996 1011 967 1160 
9090 2996 1751 1795 1947 
9091 2872 1886 1879 1776 
9092 2923 1027 2934 975 
9093 859 2931 860 2932 
9094 1578 1947 425 1446 
9095 3006 3007 1147 1066 
9096 1578 1446 426 1934 
9097 1578 1446 425 426 
9098 1076 2852 1153 2853 
9099 2995 1774 1750 2999 
9100 2861 3012 2964 1218 
9101 2872 1839 2878 1646 
9102 2929 1913 1351 1595 
9103 2872 3000 914 1153 
9104 2861 2002 1808 1734 
9105 2923 3003 1190 975 
9106 2862 1703 1953 1705 
9107 2931 816 2930 813 
9108 2965 1340 2930 1338 
9109 2965 1337 1845 1340 
9110 2930 347 1338 1340 
9111 2951 1929 2954 2004 
9112 1989 2965 1788 2930 
9113 2950 42 2859 338 
9114 340 2947 2150 341 
9115 813 1345 935 1346 
9116 100 2872 1698 1996 
9117 3011 1895 3012 1427 
9118 2934 1955 1795 1995 
9119 2929 1837 1898 1913 
9120 2997 1011 2996 1211 
9121 2934 1995 1760 1955 
9122 928 3006 1066 890 
9123 1811 2934 2923 1998 
9124 3003 219 34 1358 
9125 1344 2930 2929 1597 
9126 1596 1344 1597 1572 
9127 2872 914 3000 3001 
9128 3002 929 3014 3015 
9129 2862 1689 1703 1690 
9130 1674 1712 3006 1850 
9131 2935 1712 1816 1854 
9132 2930 1182 1004 1205 
9133 2930 1892 1600 1789 
9134 2852 1860 1364 1800 
9135 812 813 1345 788 
9136 811 788 1345 224 
9137 1344 1351 1595 2929 
9138 2929 1599 1643 1837 
9139 2872 1564 100 1698 
9140 2931 2934 890 1111 
9141 811 1345 1086 224 
9142 2929 1898 2932 1913 
9143 1496 2935 1854 1458 
9144 928 3006 1070 1147 
9145 2922 219 3003 1358 
9146 2965 1338 1337 1340 
9147 3004 1675 1816 2935 
9148 3006 1934 2935 1854 
9149 1147 1070 265 1459 
9150 2935 928 1032 891 
9151 1147 265 1429 1459 
9152 2934 1955 1760 1894 
9153 1147 265 794 1429 
9154 2923 1672 1978 1811 
9155 1070 266 265 1459 
9156 3011 1498 1496 1427 
9157 3011 1146 1032 801 
9158 2935 1816 3011 1854 
9159 1109 3004 1133 891 
9160 794 264 1429 265 
9161 794 1160 1429 264 
9162 3006 1147 1459 1070 
9163 3007 1011 1160 1168 
9164 2933 1643 1599 1602 
9165 2935 1032 3004 891 
9166 1446 1458 426 1934 
9167 3006 3007 1066 2934 
9168 2934 1168 1111 976 
9169 2922 2924 462 1928 
9170 2995 1751 1775 2996 
9171 2992 2644 2928 2651 
9172 2934 1759 1644 1760 
9173 2932 1348 3003 1350 
9174 2931 812 815 814 
9175 3007 1211 2996 1011 
9176 3011 3012 1895 1933 
9177 3006 2935 1459 1496 
9178 2995 1504 2999 1435 
9179 3006 1459 1147 1429 
9180 2998 3005 2994 2206 
9181 2926 3001 3000 2924 
9182 3006 1947 2996 1955 
9183 424 1466 425 1947 
9184 2927 2198 2214 361 
9185 3007 1011 2996 1160 
9186 2995 990 967 991 
9187 1496 2935 3011 1854 
9188 2996 1495 1466 1490 
9189 1811 1760 1759 2934 
9190 2996 1495 1490 1468 
9191 2935 1934 1712 1854 
9192 3006 1947 1955 1578 
9193 1429 1160 1468 264 
9194 2935 3004 3011 1816 
9195 425 1466 1446 1947 
9196 428 2000 1471 429 
9197 1854 1458 426 427 
9198 2998 2645 2638 2612 
9199 2935 1675 1816 1712 
9200 2860 2862 1734 1726 
9201 1024 1428 3012 2864 
9202 2860 1146 1112 950 
9203 3012 1498 1476 1445 
9204 2964 2954 1814 2004 
9205 2952 919 2862 1156 
9206 1854 1458 427 1427 
9207 2862 1726 3004 1989 
9208 2926 462 664 665 
9209 2957 2943 2580 2567 
9210 2951 2953 2950 467 
9211 1468 264 1160 263 
9212 966 262 795 1470 
9213 3014 1609 1678 1679 
9214 1211 2997 1027 2934 
9215 1070 266 1459 1445 
9216 266 801 267 1445 
9217 2932 1130 1055 811 
9218 1070 266 1445 801 
9219 1854 1427 1496 1458 
9220 267 1216 1476 1112 
9221 1476 1216 268 1428 
9222 267 801 1112 1445 
9223 2935 3011 1459 1496 
9224 2926 461 664 462 
9225 267 1112 1476 1445 
9226 3012 1024 1112 1216 
9227 3012 1498 1427 1471 
9228 267 268 1476 1216 
9229 3012 1476 1112 1445 
9230 2865 1764 1901 1647 
9231 960 1428 269 268 
9232 1216 1024 960 1428 
9233 2860 1218 2861 1006 
9234 2965 1796 1691 1883 
9235 3012 2864 1428 1501 
9236 2860 950 1218 1006 
9237 3012 1471 2000 1455 
9238 2864 962 960 961 
9239 2964 2864 3012 1455 
9240 2964 3012 1808 1744 
9241 3012 1112 1476 1216 
9242 3012 1734 1895 1933 
9243 2926 2998 359 2925 
9244 2857 1456 1502 1438 
9245 3011 1585 1895 1427 
9246 778 2965 906 907 
9247 2950 343 338 2109 
9248 1216 3012 1428 1476 
9249 2952 41 228 1335 
9250 2965 1796 1883 1341 
9251 2965 1342 1339 1336 
9252 2952 905 778 906 
9253 2864 1428 1456 804 
9254 2951 805 2953 2952 
9255 2857 2867 2858 1219 
9256 2862 1726 1989 1704 
9257 2858 842 892 841 
9258 2864 1507 2857 1456 
9259 2860 3012 2861 1218 
9260 1744 3012 2000 1455 
9261 2926 664 2928 665 
9262 2964 1745 1746 1813 
9263 2954 1814 1673 1813 
9264 2864 1507 1456 1428 
9265 428 1585 427 1427 
9266 2860 950 1006 921 
9267 2965 1342 1336 1193 
9268 430 429 1455 1744 
9269 2861 1808 2964 3012 
9270 2869 962 1029 1030 
9271 2859 879 1191 1161 
9272 1936 1444 431 1469 
9273 1936 1588 431 1444 
9274 2867 892 2858 1219 
9275 430 1444 431 1588 
9276 2964 2864 1455 1744 
9277 2867 1677 1815 1714 
9278 835 332 2863 1131 
9279 2866 2848 2856 1932 
9280 2964 1218 3012 1024 
9281 1853 1469 431 432 
9282 2851 1993 1923 1770 
9283 2848 1135 1001 1108 
9284 2857 804 1456 1149 
9285 2840 1594 2838 2846 
9286 2841 1709 1696 1695 
9287 1438 1456 270 1149 
9288 2807 786 876 1018 
9289 2857 1502 2867 1438 
9290 2857 1444 1936 1469 
9291 2866 1474 1138 803 
9292 270 804 1456 269 
9293 270 1149 1456 804 
9294 277 796 1487 1480 
9295 1456 804 1428 269 
9296 2933 1644 2932 1643 
9297 2864 1455 1744 1588 
9298 2957 2168 2585 2173 
9299 2862 1182 3004 920 
9300 2857 1822 1904 1831 
9301 960 1428 804 269 
9302 1216 1428 960 268 
9303 2848 2856 1736 1727 
9304 2855 1727 2848 1710 
9305 2861 2951 2004 1953 
9306 2954 1220 1142 805 
9307 2955 2948 2957 2943 
9308 2857 2869 2858 1822 
9309 2867 1714 1853 1936 
9310 2866 930 1069 1031 
9311 2838 1122 241 240 
9312 3012 1808 1895 1734 
9313 2864 2869 2857 1745 
9314 2951 2862 2952 1689 
9315 2857 1745 1831 1588 
9316 1704 2965 1989 2862 
9317 276 1480 1151 796 
9318 2859 1029 2869 981 
9319 2847 1046 934 1178 
9320 2840 1594 2846 1945 
9321 1108 2847 838 840 
9322 1854 427 1585 1427 
9323 2964 1745 2864 1744 
9324 2858 1038 2859 2869 
9325 2857 2867 1502 1469 
9326 1138 1439 1187 273 
9327 3012 2000 1895 1808 
9328 2922 2927 3003 357 
9329 2863 2849 2858 1623 
9330 1622 2847 1620 2849 
9331 2847 1624 1622 1621 
9332 2863 1323 2849 1620 
9333 2847 1316 1314 1313 
9334 2866 1138 2856 952 
9335 2867 1676 1714 2003 
9336 2922 2471 2927 357 
9337 2865 2859 2863 980 
9338 2150 2947 2955 2118 
9339 2922 2926 665 462 
9340 2869 1038 981 1029 
9341 2864 1444 2857 1507 
9342 339 662 2465 2466 
9343 2944 2958 2161 2119 
9344 2826 2036 2063 2056 
9345 2964 1746 1745 1744 
9346 2864 960 804 961 
9347 2864 2857 1049 804 
9348 2859 2954 2869 889 
9349 2858 1648 1822 1765 
9350 2859 1075 1161 980 
9351 2863 1131 1117 1053 
9352 2940 2098 2551 2101 
9353 2950 1142 2954 889 
9354 2846 1594 1954 1945 
9355 2847 1314 2825 1313 
9356 2846 1209 1060 972 
9357 1331 959 2863 1131 
9358 2858 1038 1120 864 
9359 2858 864 1120 842 
9360 2922 101 463 2471 
9361 1853 1469 1936 431 
9362 2947 2943 2955 2151 
9363 2858 981 2859 1038 
9364 2857 1507 1502 1456 
9365 2866 952 2855 1145 
9366 2857 1745 2869 1822 
9367 2855 952 943 1145 
9368 2947 341 342 2118 
9369 2954 1030 1218 962 
9370 1167 1158 810 2838 
9371 2847 1320 1316 1876 
9372 2922 2924 2926 462 
9373 2859 777 338 42 
9374 1046 2847 2825 1178 
9375 2859 1075 777 1161 
9376 2847 1624 2849 1622 
9377 2949 2951 2950 467 
9378 1648 2863 1626 1647 
9379 1108 2848 893 2849 
9380 2863 1331 332 1326 
9381 2926 2924 2925 217 
9382 2865 1325 1743 1329 
9383 1917 1325 1328 337 
9384 2984 2236 2226 2220 
9385 2942 2093 2106 2109 
9386 2984 2987 2985 2986 
9387 2865 1948 2949 1663 
9388 2859 1822 2869 1813 
9389 2847 1784 1624 1718 
9390 2840 2828 2835 655 
9391 2943 2151 2950 2109 
9392 2964 1218 1024 962 
9393 2861 2964 2002 2004 
9394 2863 1327 1324 1326 
9395 2964 2864 2869 962 
9396 2866 2855 2848 1145 
9397 2965 1193 778 1342 
9398 2858 839 842 841 
9399 2849 1677 1676 1625 
9400 1744 3012 1808 2000 
9401 2953 466 104 2467 
9402 2861 1953 1790 1705 
9403 2953 2952 104 1689 
9404 2863 1620 2849 1623 
9405 2857 1456 1438 1149 
9406 2949 2869 2859 2954 
9407 2867 1676 2858 2849 
9408 2933 1644 1643 1602 
9409 2941 2096 2959 2111 
9410 466 2951 1689 1943 
9411 2946 2560 2961 2941 
9412 2950 662 339 2466 
9413 2952 1156 228 905 
9414 2950 42 338 1334 
9415 2953 104 2952 2467 
9416 1647 2865 1764 1648 
9417 2860 1146 3011 1112 
9418 2984 2237 2236 2220 
9419 2954 1166 1006 1220 
9420 2965 778 1193 907 
9421 2863 1835 1620 1623 
9422 2849 1108 838 841 
9423 2950 230 1142 889 
9424 2949 1813 1673 1979 
9425 1502 1469 2866 1505 
9426 2964 1024 2864 962 
9427 2951 805 229 2953 
9428 2954 889 1142 1030 
9429 2964 2869 1745 1813 
9430 2949 1948 2859 1979 
9431 2943 2107 2105 2093 
9432 2865 2949 105 1663 
9433 2859 1191 981 1161 
9434 835 2863 1322 836 
9435 2947 2950 2943 2151 
9436 2859 1948 1765 1979 
9437 2848 1987 1710 1727 
9438 1829 2825 1967 1981 
9439 2859 777 42 879 
9440 229 2950 2954 2951 
9441 2857 1745 1822 1831 
9442 2964 1024 3012 2864 
9443 2965 1193 1336 1180 
9444 2948 2952 228 340 
9445 2984 2989 2985 2987 
9446 2951 805 2954 229 
9447 2865 1764 1859 1901 
9448 2948 340 2150 2155 
9449 2953 659 2948 660 
9450 2941 2121 2099 2138 
9451 2864 1455 1444 1507 
9452 2952 919 1156 905 
9453 1012 227 1342 40 
9454 1012 1342 226 40 
9455 1012 226 1342 1193 
9456 1342 2952 348 227 
9457 2952 1332 1335 348 
9458 2965 1989 2862 3004 
9459 1342 2952 227 778 
9460 2841 108 1695 1559 
9461 2952 778 905 41 
9462 2862 1166 1156 919 
9463 2953 659 660 466 
9464 2944 2161 2141 2119 
9465 1335 348 1332 340 
9466 2952 227 1332 348 
9467 1332 348 227 40 
9468 2952 1332 227 41 
9469 1012 227 778 1342 
9470 2951 1166 805 1156 
9471 2952 2862 919 906 
9472 2952 1156 805 228 
9473 2984 2226 2991 2987 
9474 2860 1166 2862 921 
9475 2965 1989 3004 2930 
9476 340 39 2175 348 
9477 2169 2155 2123 527 
9478 3012 1895 2000 1471 
9479 2948 348 2175 2159 
9480 2958 2162 2570 2549 
9481 539 538 2553 2168 
9482 2957 2155 2169 2175 
9483 2957 2587 2553 2571 
9484 2155 39 527 2175 
9485 2558 2946 2562 2560 
9486 44 343 338 1333 
9487 2173 659 349 71 
9488 2173 538 2585 71 
9489 2173 2585 659 71 
9490 2858 864 842 863 
9491 349 659 2464 71 
9492 2948 2175 340 2155 
9493 2957 2948 2159 2173 
9494 2169 2175 2155 527 
9495 1336 1343 1045 225 
9496 349 103 1341 71 
9497 349 2467 2464 659 
9498 2864 1456 2857 804 
9499 1336 1045 226 225 
9500 1342 40 39 226 
9501 349 465 2464 104 
9502 349 465 103 2464 
9503 2945 2135 2136 2134 
9504 1337 1341 1883 345 
9505 2965 1690 2862 1704 
9506 340 39 2155 2175 
9507 2141 2167 528 529 
9508 1012 778 1193 1342 
9509 1336 2930 935 1338 
9510 2984 2220 2986 2219 
9511 1336 1193 1342 226 
9512 1336 1193 1045 1180 
9513 2169 527 2123 528 
9514 2965 1690 1704 1969 
9515 2965 1689 1690 1562 
9516 1336 1343 1338 935 
9517 1045 1041 225 1343 
9518 2931 860 2932 2934 
9519 1041 1093 1343 935 
9520 2948 349 2173 659 
9521 2965 104 2952 1689 
9522 2947 2151 2955 2118 
9523 1337 1845 1340 344 
9524 1344 1351 2929 351 
9525 2958 2162 2549 2164 
9526 227 40 348 1342 
9527 2957 2168 2553 2585 
9528 2954 1006 1218 1220 
9529 2955 2943 2942 2151 
9530 2982 2186 2635 2189 
9531 2965 1562 104 1689 
9532 2987 2990 2993 2628 
9533 225 1343 1041 38 
9534 1345 224 788 223 
9535 1345 788 1093 223 
9536 2965 1341 349 1796 
9537 1345 813 1093 788 
9538 350 2932 811 1130 
9539 935 1346 346 2930 
9540 3006 1429 3007 1490 
9541 2965 1691 1796 1562 
9542 2929 1643 1898 1837 
9543 2982 2635 2613 2189 
9544 1345 2929 350 1346 
9545 935 1343 1345 1093 
9546 2198 36 547 361 
9547 1130 1086 350 1354 
9548 1086 37 350 1354 
9549 347 1344 70 1825 
9550 2219 2985 2984 2237 
9551 2947 228 2953 229 
9552 1093 1343 1345 223 
9553 3006 890 2935 2934 
9554 860 2931 818 1111 
9555 1789 3004 2930 1892 
9556 1345 935 1093 813 
9557 2930 1789 1788 1989 
9558 1343 38 1345 223 
9559 3007 2934 1211 1168 
9560 2984 2205 2989 2236 
9561 2935 1070 3011 1032 
9562 2929 1601 1599 1598 
9563 928 3006 890 2935 
9564 2930 935 1004 1180 
9565 3011 1895 1585 1933 
9566 1093 1343 223 1041 
9567 2930 1346 1338 347 
9568 2991 2988 2993 2987 
9569 2929 1348 1351 1913 
9570 346 935 1343 1345 
9571 3006 1496 1499 1458 
9572 2860 2862 2861 1734 
9573 2984 2226 2980 2238 
9574 3011 1146 3004 1032 
9575 2930 1905 347 1340 
9576 2965 1964 1719 1845 
9577 2965 2930 1336 1338 
9578 1719 2965 1788 1964 
9579 1344 2930 1905 347 
9580 2930 816 1109 1005 
9581 2952 919 905 906 
9582 2965 1336 1339 1338 
9583 2930 1600 1788 1789 
9584 2930 1004 935 816 
9585 350 811 1345 1086 
9586 2933 1850 3006 2934 
9587 3011 1585 1816 1933 
9588 2965 1883 1337 1341 
9589 2965 1845 1337 1883 
9590 3002 1063 929 1148 
9591 2860 942 3004 1146 
9592 2965 1964 1845 1883 
9593 2953 466 660 467 
9594 2861 2004 1790 1953 
9595 2996 3006 2934 3007 
9596 2931 812 1055 815 
9597 2965 778 2952 1342 
9598 2950 2954 2859 889 
9599 2964 1808 1746 1744 
9600 2860 1112 3012 1024 
9601 2862 1166 919 921 
9602 2860 950 1024 1218 
9603 2984 2991 2222 2236 
9604 2953 2948 659 2467 
9605 2864 2869 962 961 
9606 3004 1182 2930 1205 
9607 1345 2929 811 350 
9608 778 2965 2952 906 
9609 3004 1182 1205 920 
9610 2935 1674 1675 1712 
9611 2947 228 341 340 
9612 1337 1845 344 1883 
9613 2862 1703 1704 1690 
9614 2951 1156 2952 2862 
9615 2930 1892 1598 1600 
9616 2930 816 1005 1004 
9617 2957 2553 2587 2580 
9618 2965 1182 906 907 
9619 2862 906 920 919 
9620 2931 1601 1598 1892 
9621 2862 919 920 921 
9622 2929 1597 2930 1598 
9623 2929 2933 1643 1599 
9624 2930 1719 1600 1597 
9625 2862 1705 1726 1704 
9626 1345 935 1346 346 
9627 2965 2930 1182 1180 
9628 2965 1182 907 1180 
9629 2991 2221 2222 2236 
9630 3011 1854 1816 1585 
9631 2935 3011 1070 1459 
9632 2992 2203 2200 2184 
9633 2930 1719 1788 1600 
9634 3004 1789 2930 1989 
9635 1024 1428 2864 960 
9636 3004 1920 1789 1989 
9637 2864 1049 961 804 
9638 2931 890 818 1111 
9639 2933 1850 2934 1894 
9640 2000 1455 429 1744 
9641 2000 429 1455 1471 
9642 3011 3012 1498 1427 
9643 2932 1758 1898 1643 
9644 2929 2932 2931 1055 
9645 1490 3006 1446 2996 
9646 2949 2950 2951 2954 
9647 2991 2989 2221 2236 
9648 1622 2847 1621 1620 
9649 3011 1498 3012 1445 
9650 2965 1336 2930 1180 
9651 813 2929 2930 2931 
9652 2965 907 1193 1180 
9653 2991 2221 2207 2222 
9654 1338 935 1343 346 
9655 1109 1005 1133 3004 
9656 2948 349 2159 2173 
9657 3006 1147 3007 1429 
9658 1338 346 347 1346 
9659 2933 1674 1850 1894 
9660 2627 704 2665 153 
9661 3011 1816 3004 1933 
9662 3016 2882 3017 3018 
9663 1597 1344 1905 1572 
9664 1825 347 1905 1340 
9665 3018 3019 3020 2313 
9666 1905 1825 352 1344 
9667 3018 3020 3019 2692 
9668 354 355 1348 1738 
9669 1870 1344 353 72 
9670 1572 352 353 1344 
9671 1905 1825 1340 1845 
9672 2932 1077 3003 1162 
9673 2930 1597 1905 1719 
9674 2930 935 1338 346 
9675 3016 2882 3018 2311 
9676 3011 1032 1070 801 
9677 2929 1344 1596 1595 
9678 3011 801 1112 1146 
9679 3018 2327 2311 2328 
9680 2944 2141 2157 2135 
9681 2997 967 2996 991 
9682 2932 1347 954 1130 
9683 1913 1348 355 1738 
9684 3021 2309 2339 2295 
9685 1340 1825 70 344 
9686 1905 352 1572 1344 
9687 1340 1825 344 1845 
9688 3021 2721 2719 2722 
9689 2965 2862 2952 906 
9690 2932 1354 1347 1130 
9691 1337 1883 344 345 
9692 1883 345 1341 1796 
9693 2860 942 1146 950 
9694 1341 71 103 345 
9695 349 2464 103 71 
9696 2943 2107 2950 662 
9697 2120 2126 2171 532 
9698 2955 2944 2157 2945 
9699 352 70 1344 1825 
9700 349 104 2464 2467 
9701 3021 2710 3022 2885 
9702 2929 811 2932 1055 
9703 3011 1112 801 1445 
9704 2965 1182 2862 906 
9705 2964 1814 2002 2004 
9706 1796 349 103 1341 
9707 2965 1689 2952 2862 
9708 2947 2953 2948 660 
9709 2948 2952 349 2467 
9710 3021 2302 2339 2309 
9711 3021 2885 3022 2310 
9712 1854 1427 3011 1496 
9713 2965 1689 2862 1690 
9714 1704 2965 1969 1989 
9715 1336 1045 1343 935 
9716 2930 1905 1340 1719 
9717 1336 1045 935 1180 
9718 2864 1024 960 962 
9719 2952 348 1335 340 
9720 2952 227 778 41 
9721 2951 2862 2954 1166 
9722 2864 1049 2869 961 
9723 3016 2678 2708 2686 
9724 2879 2680 2728 2701 
9725 2882 2319 2325 2352 
9726 2326 2724 2324 609 
9727 2885 2323 2301 2325 
9728 2929 811 812 1345 
9729 3003 1949 1566 1861 
9730 2931 814 816 813 
9731 2934 1066 890 1111 
9732 2928 2206 2925 2245 
9733 2927 2928 2992 2650 
9734 2848 2847 2825 1987 
9735 2828 331 330 2071 
9736 2848 1987 2825 1710 
9737 3023 1668 1666 1985 
9738 2814 3024 2972 1748 
9739 3025 2977 1074 1036 
9740 2973 1809 1722 1640 
9741 2974 1383 1386 1389 
9742 2974 1389 1386 382 
9743 2918 682 2528 2482 
9744 2535 683 684 2921 
9745 148 2482 2537 2511 
9746 2937 3026 1942 1700 
9747 2874 1528 2871 1225 
9748 3006 928 1066 1147 
9749 2726 2324 3021 2719 
9750 2997 2996 1011 991 
9751 3013 1679 1713 1817 
9752 215 1016 1365 32 
9753 2996 1775 1795 1751 
9754 367 460 99 2468 
9755 3021 2719 2721 2726 
9756 216 1016 366 780 
9757 3012 1427 1895 1471 
9758 2847 838 837 836 
9759 2901 727 166 162 
9760 2901 6 166 727 
9761 2905 1878 1671 1812 
9762 2652 2204 572 2658 
9763 3027 196 3028 197 
9764 3023 885 884 883 
9765 2879 2701 2885 2702 
9766 3029 3030 3031 2764 
9767 3021 2339 2324 2295 
9768 3032 3033 2408 2424 
9769 2971 870 869 858 
9770 3034 2370 2381 2384 
9771 2823 2027 2025 2013 
9772 1300 315 1303 314 
9773 2873 2875 1276 1287 
9774 2816 2807 1299 1723 
9775 320 50 242 1309 
9776 2823 2498 2912 2485 
9777 302 88 62 2455 
9778 2900 1281 1278 1524 
9779 2915 1418 1915 1742 
9780 2900 1551 442 441 
9781 304 1524 1278 303 
9782 2953 104 466 1689 
9783 812 1345 811 788 
9784 1675 3004 1920 1892 
9785 2820 2816 1792 1810 
9786 2824 2507 2489 2523 
9787 2906 448 2457 89 
9788 2962 2959 2154 2138 
9789 2599 2143 545 2970 
9790 2960 2561 2969 2578 
9791 2809 1073 932 1035 
9792 2882 2328 2319 2296 
9793 2525 2530 2515 680 
9794 2543 2133 525 118 
9795 2998 2260 2994 2618 
9796 2183 551 2216 2208 
9797 1566 1799 357 3003 
9798 2983 2633 2259 2263 
9799 2863 1322 1323 332 
9800 2863 839 2858 2849 
9801 2957 2580 2587 2567 
9802 2882 2323 2319 2328 
9803 44 338 343 2109 
9804 3002 2878 1063 1102 
9805 2999 3000 1879 1776 
9806 2995 968 990 992 
9807 2996 1466 1446 1490 
9808 1596 1595 1344 1572 
9809 3011 1854 1585 1427 
9810 2933 1760 2934 1644 
9811 3002 1148 1436 1470 
9812 2979 2978 2654 2653 
9813 2276 2700 592 2679 
9814 2992 2635 2617 2651 
9815 3004 2965 1182 2862 
9816 2857 1502 1444 1469 
9817 2847 1318 1095 934 
9818 2865 1764 1765 1948 
9819 2954 1929 1673 1814 
9820 3035 1694 3036 1970 
9821 2801 2415 643 2795 
9822 2685 618 138 2356 
9823 3037 2755 2785 2741 
9824 2823 2031 2832 2047 
9825 147 684 2499 2536 
9826 2879 2352 2340 2359 
9827 2920 2534 681 682 
9828 2845 779 6 301 
9829 445 1804 302 88 
9830 2809 1480 1509 1426 
9831 2845 1154 915 779 
9832 2810 1903 1863 1779 
9833 2998 367 2264 663 
9834 367 2468 99 75 
9835 1552 1516 1223 281 
9836 2889 1273 1286 1288 
9837 760 2890 2891 2889 
9838 2900 302 1281 441 
9839 3035 1565 3036 1694 
9840 3038 3039 1453 1188 
9841 3040 1670 1568 1807 
9842 2951 2952 1156 805 
9843 2950 230 42 1334 
9844 2965 1690 1969 1691 
9845 3006 1459 2935 1070 
9846 3041 3042 3030 2399 
9847 2913 2029 2080 2075 
9848 2515 2526 2525 2512 
9849 2091 2088 2079 2913 
9850 2912 2032 2040 2052 
9851 2868 1877 1888 1593 
9852 2900 301 1267 302 
9853 875 2820 944 2827 
9854 828 1298 789 827 
9855 2820 2806 2827 873 
9856 1318 1039 1095 934 
9857 1038 1120 2857 2858 
9858 2858 981 1038 864 
9859 2866 1587 1443 1853 
9860 2951 1703 2862 1689 
9861 2830 1384 1385 1387 
9862 1582 416 1858 1473 
9863 3040 1397 392 1401 
9864 2965 2952 348 1342 
9865 2935 1070 1032 928 
9866 2932 1353 3003 1077 
9867 1550 1252 292 1543 
9868 2870 1514 1554 1544 
9869 1522 2870 288 1250 
9870 1250 744 1247 2870 
9871 3037 2797 2796 2795 
9872 1246 288 1250 290 
9873 2805 2806 320 50 
9874 65 2460 110 321 
9875 3018 2882 2343 2296 
9876 3040 1394 1396 1397 
9877 1395 1897 391 1848 
9878 2640 154 698 2664 
9879 2978 2610 2639 2637 
9880 2663 2627 2665 2660 
9881 2979 2621 2637 2620 
9882 2538 2535 2921 683 
9883 2831 2044 2040 2042 
9884 2029 496 2080 2075 
9885 2833 2033 2917 2074 
9886 3043 2334 3044 2316 
9887 3045 3025 945 1171 
9888 2133 685 2591 2595 
9889 2133 685 2543 525 
9890 2970 2556 2172 2555 
9891 2960 2590 2969 2588 
9892 2960 2969 2153 2148 
9893 2882 2323 2328 2310 
9894 3017 2879 2707 2675 
9895 572 2652 573 2232 
9896 695 2235 2659 2232 
9897 3043 3046 3047 2318 
9898 2668 127 2215 128 
9899 2975 1881 1640 1638 
9900 3048 2366 2411 2394 
9901 3023 3010 885 948 
9902 3010 1842 3009 1910 
9903 2853 1367 3049 1370 
9904 696 152 2643 2657 
9905 560 559 2191 2620 
9906 2653 2619 2639 2643 
9907 3043 3020 3019 2314 
9908 2921 2534 2533 2539 
9909 2968 2160 2970 2180 
9910 3043 2314 2320 2318 
9911 2836 807 207 1068 
9912 2480 676 146 2515 
9913 2014 486 2008 2506 
9914 3004 920 1205 942 
9915 2925 360 219 361 
9916 2934 1998 1995 1795 
9917 2811 1009 2814 3050 
9918 599 2303 2351 600 
9919 3051 2712 2711 2700 
9920 3026 918 983 953 
9921 2820 2839 2806 1657 
9922 2833 2033 2054 2048 
9923 2806 946 2839 2827 
9924 3035 1183 3036 910 
9925 2865 1648 1765 1764 
9926 2855 926 943 927 
9927 2849 838 836 839 
9928 2817 987 2910 989 
9929 2844 1753 1755 1771 
9930 2910 1754 1772 1794 
9931 2997 1880 2923 1998 
9932 2982 2622 2634 2626 
9933 2468 3001 663 367 
9934 2993 2636 2994 2254 
9935 2971 898 2972 1207 
9936 2974 2973 854 853 
9937 381 1384 380 1741 
9938 3043 2320 3046 2318 
9939 2870 1514 1248 1543 
9940 3004 1205 2930 1005 
9941 3043 2316 2314 2318 
9942 2996 3006 1955 2934 
9943 2492 2020 488 2491 
9944 295 1525 1259 60 
9945 1515 1277 2873 1542 
9946 2918 2037 2058 2055 
9947 2976 933 3025 1074 
9948 3002 2878 3014 1063 
9949 3049 1606 1609 1890 
9950 2853 994 1153 1076 
9951 3014 1935 1713 1846 
9952 3003 34 219 877 
9953 579 2259 2258 2611 
9954 2878 1057 1102 992 
9955 3052 1419 2915 1423 
9956 3053 999 3054 1204 
9957 3023 3028 392 393 
9958 2893 1451 1856 1581 
9959 1629 1413 1628 3052 
9960 1522 288 1245 290 
9961 3041 2420 3034 2403 
9962 3043 2316 2315 2314 
9963 642 2417 2795 2415 
9964 1370 2853 1367 1363 
9965 3026 1984 1951 1767 
9966 2997 2934 2923 1027 
9967 3013 1890 1609 1679 
9968 3014 1465 3015 1935 
9969 3043 2315 3020 2314 
9970 710 2703 2723 2720 
9971 3016 2310 2885 2882 
9972 3051 2278 2700 2678 
9973 3051 2275 2321 2279 
9974 152 2608 2643 126 
9975 561 2978 2654 2979 
9976 696 2657 2643 2654 
9977 2978 2655 2652 2654 
9978 2979 2620 2619 2195 
9979 2874 2871 1230 1242 
9980 2845 1296 1079 1020 
9981 2952 1335 228 340 
9982 2952 2467 104 349 
9983 91 403 2475 83 
9984 3036 1970 1694 1693 
9985 3027 196 395 195 
9986 2868 1154 1056 1105 
9987 1524 2896 1547 2889 
9988 916 3055 2937 903 
9989 2967 376 2337 2358 
9990 2936 904 1184 1179 
9991 3055 1919 1990 1787 
9992 3018 3019 2354 2344 
9993 3043 3019 3020 2693 
9994 3056 802 1144 1062 
9995 2830 1189 1080 1115 
9996 2829 2001 1664 1865 
9997 2699 3043 3046 2697 
9998 2812 1642 1654 1991 
9999 2117 516 2103 2139 
10000 2139 517 2110 2147 
10001 545 2599 2970 2158 
10002 3012 1455 2864 1501 
10003 1797 339 106 469 
10004 3043 3047 2697 2693 
10005 1235 57 286 1522 
10006 2816 1616 1882 1792 
10007 3043 2697 3047 3046 
10008 2807 1810 1974 1723 
10009 1613 1297 1908 1299 
10010 2524 2526 2037 2918 
10011 219 2927 2925 361 
10012 3013 1144 1132 940 
10013 364 1083 1129 1366 
10014 3052 867 1051 1116 
10015 3053 1685 1889 1921 
10016 2903 2915 977 867 
10017 3043 3020 3044 2693 
10018 3003 2932 1738 1348 
10019 2998 2649 2618 2645 
10020 2830 25 2829 384 
10021 3050 1009 1176 1199 
10022 3057 3056 953 1062 
10023 2330 2966 3047 2297 
10024 1055 2931 815 859 
10025 3004 1675 1920 1816 
10026 2888 753 772 770 
10027 2810 1611 1293 1914 
10028 2538 2533 498 2034 
10029 3043 2335 2316 2318 
10030 2824 2823 2053 2013 
10031 2891 734 769 743 
10032 1519 1228 1541 283 
10033 2898 849 846 847 
10034 2900 2901 162 161 
10035 3020 2315 2333 2332 
10036 3047 2714 2697 2695 
10037 2976 2977 1441 1497 
10038 2967 2341 2358 2351 
10039 2837 2967 376 377 
10040 2861 1166 2954 2862 
10041 2861 1218 2954 1006 
10042 430 1455 1444 1588 
10043 2865 1325 2863 1743 
10044 407 1576 1413 1627 
10045 401 1409 1413 82 
10046 3036 924 923 941 
10047 2833 2090 2092 2078 
10048 1306 2807 321 2820 
10049 3058 1431 1139 797 
10050 3033 2391 2434 2439 
10051 2844 969 2819 987 
10052 3053 1988 3054 1921 
10053 2874 1519 1228 1541 
10054 2888 1273 2889 733 
10055 171 1279 1273 773 
10056 2866 1138 952 1145 
10057 2869 889 1030 1029 
10058 2867 1677 1714 1676 
10059 2954 1030 962 2869 
10060 2931 1598 2930 1892 
10061 2965 348 1339 1342 
10062 1344 2930 347 1346 
10063 1343 38 346 1345 
10064 347 70 1340 1825 
10065 3043 3047 2335 2318 
10066 3016 2678 2686 2277 
10067 2720 2703 3021 2674 
10068 2752 2739 716 634 
10069 1391 2974 1393 1637 
10070 2589 2563 2960 2552 
10071 2922 101 2471 357 
10072 2232 561 695 2235 
10073 3052 1630 1633 1631 
10074 2888 1270 1286 1273 
10075 3036 1952 1706 1944 
10076 3010 3009 3059 1165 
10077 2892 1159 799 1169 
10078 6 2845 2901 2868 
10079 2854 2827 997 1090 
10080 1424 1021 188 4 
10081 2891 1526 2896 1527 
10082 1236 1552 1523 2897 
10083 1409 1827 398 1830 
10084 3052 2915 1421 1915 
10085 1393 1907 387 1391 
10086 2977 1442 1473 1497 
10087 1128 2974 851 382 
10088 3023 784 392 18 
10089 2992 2650 2644 2617 
10090 3001 33 217 1357 
10091 2996 1495 1435 1466 
10092 2868 87 2845 302 
10093 2891 2890 2895 1536 
10094 2986 2978 2979 2637 
10095 2181 2193 2213 2979 
10096 1414 3052 843 1423 
10097 3060 2444 2398 2393 
10098 2577 546 2970 2599 
10099 2918 2527 2528 682 
10100 2881 1529 2876 1531 
10101 2919 2041 2066 2042 
10102 2913 2505 2920 2519 
10103 2969 2546 2573 2598 
10104 3061 2786 2789 2788 
10105 2275 586 2321 2279 
10106 2892 1425 1477 1508 
10107 2894 1893 1956 1763 
10108 2807 1018 876 1113 
10109 2807 1201 1026 1186 
10110 2820 1792 1728 1658 
10111 2815 834 865 831 
10112 2235 2659 2232 573 
10113 2978 2610 702 2656 
10114 582 131 2669 2627 
10115 2983 2265 2249 2261 
10116 2860 920 3004 942 
10117 1479 438 437 1580 
10118 2851 1467 1430 1493 
10119 2857 1438 1069 1149 
10120 1479 1485 438 1580 
10121 3062 2434 2450 2449 
10122 3030 3062 2390 2440 
10123 3037 2756 3042 2755 
10124 723 142 2417 2800 
10125 3061 2777 2769 2756 
10126 1369 1378 1368 368 
10127 2924 219 1141 888 
10128 2853 1836 1918 2852 
10129 1768 3024 1511 3057 
10130 3063 1873 1958 1582 
10131 967 1468 1160 263 
10132 386 1400 938 1392 
10133 3061 2769 3064 2756 
10134 3040 1202 784 886 
10135 390 1807 1399 94 
10136 2830 1385 1383 1390 
10137 2837 1068 207 206 
10138 3004 1892 2931 2930 
10139 129 2666 2233 571 
10140 2979 2193 2211 2216 
10141 2932 975 2934 860 
10142 2980 2982 2981 2185 
10143 2379 2752 2788 634 
10144 3034 2420 2418 2387 
10145 3048 2766 2372 2749 
10146 2213 2979 561 2181 
10147 2980 2224 2241 2226 
10148 2981 2202 2979 2183 
10149 2213 2235 561 2232 
10150 562 2643 2619 2654 
10151 2978 2218 2219 2986 
10152 2661 2215 2663 2231 
10153 2976 3024 1512 1584 
10154 1858 1473 416 1441 
10155 3027 3028 396 197 
10156 2948 2585 2580 659 
10157 2888 1286 1274 1268 
10158 2898 999 848 1106 
10159 2875 1272 745 1271 
10160 1551 2896 1524 2900 
10161 477 478 2009 2031 
10162 2920 2514 2519 2505 
10163 2061 675 489 2526 
10164 2499 510 2086 2921 
10165 2133 525 118 2110 
10166 2946 2958 2558 2562 
10167 835 332 1322 2863 
10168 2705 706 155 2723 
10169 2985 2623 2624 2648 
10170 2673 2722 705 706 
10171 3008 3065 3010 1732 
10172 2849 841 838 839 
10173 166 2907 2901 167 
10174 2886 763 2881 771 
10175 3035 998 937 848 
10176 2903 1634 1893 1652 
10177 2897 2896 2891 1526 
10178 2896 1524 1547 1517 
10179 2988 3005 2243 2225 
10180 2988 2243 2242 2225 
10181 2352 2343 2296 604 
10182 3047 2713 2715 2714 
10183 2278 2700 2678 593 
10184 2908 1424 1420 278 
10185 3036 1165 1157 922 
10186 3023 885 945 884 
10187 2449 2439 2452 3066 
10188 2983 2646 2642 2640 
10189 3047 2676 2967 2709 
10190 2472 459 98 375 
10191 1393 1637 1907 1391 
10192 2375 2749 2372 627 
10193 2809 1450 1509 1503 
10194 2856 1491 1439 2866 
10195 2860 1166 921 1006 
10196 2923 3003 2932 1759 
10197 3061 3037 2777 2756 
10198 2985 2633 2611 2259 
10199 3012 1455 1501 1471 
10200 2862 1182 920 906 
10201 2951 1943 1703 1689 
10202 2988 2223 2225 2224 
10203 2965 1690 1691 1562 
10204 2213 2197 553 2193 
10205 2991 2207 2993 2223 
10206 3061 2768 2769 2777 
10207 715 2738 2397 633 
10208 3052 1627 1915 1421 
10209 2887 2903 1110 850 
10210 1169 2887 2892 2894 
10211 2880 2883 2874 2890 
10212 2845 1863 1563 1941 
10213 2821 1681 1959 1882 
10214 1416 3035 1875 1409 
10215 2904 2908 2915 279 
10216 2806 1909 2838 473 
10217 2816 1723 1613 1616 
10218 315 2807 1299 1300 
10219 2417 2800 642 2795 
10220 158 2791 2752 716 
10221 3061 2414 3041 3064 
10222 3029 2774 2764 2778 
10223 3018 2675 3017 2706 
10224 944 2820 874 1008 
10225 655 2522 67 2084 
10226 3066 2442 2429 2439 
10227 2398 640 2393 2444 
10228 428 2000 1895 1471 
10229 2867 893 2849 892 
10230 2902 1159 2819 1488 
10231 3067 2816 1614 1617 
10232 2819 1425 1488 439 
10233 3041 2420 2401 2402 
10234 3067 1650 1649 1779 
10235 2956 378 379 2336 
10236 2966 2297 2330 377 
10237 221 1077 1353 954 
10238 2810 1291 1293 313 
10239 2806 109 1570 1655 
10240 2855 1167 925 927 
10241 2097 2138 2099 515 
10242 2863 980 2858 863 
10243 2934 1955 2996 1795 
10244 2643 700 2639 2653 
10245 2980 2987 2224 2226 
10246 3041 2420 2414 2401 
10247 2979 561 2978 2213 
10248 510 117 2499 2086 
10249 149 2563 2594 690 
10250 2921 2533 2538 2034 
10251 2911 2016 2918 2005 
10252 2591 2545 685 525 
10253 2805 240 2838 241 
10254 3046 2355 2967 2341 
10255 2829 2474 96 2473 
10256 2936 1373 1377 1371 
10257 2967 667 385 2355 
10258 2264 367 75 663 
10259 1121 1308 1065 1044 
10260 2938 1965 1971 1688 
10261 2923 1811 1880 1672 
10262 1854 426 1458 1934 
10263 860 2931 1111 2934 
10264 2883 754 752 764 
10265 2875 2884 736 1272 
10266 2870 1543 1252 1522 
10267 1522 1250 290 1252 
10268 2899 2457 444 279 
10269 3038 3063 1089 996 
10270 2880 1241 2874 1224 
10271 2894 1893 1851 1956 
10272 2910 1877 2907 1878 
10273 2954 805 1142 229 
10274 3004 1205 1005 1133 
10275 2965 349 2952 104 
10276 3065 1873 1924 1733 
10277 3034 2370 2374 2387 
10278 3068 402 2432 403 
10279 124 2605 2579 150 
10280 1563 445 1804 302 
10281 2947 229 2950 342 
10282 2813 1984 2836 3026 
10283 2928 2650 666 2644 
10284 22 1084 201 1392 
10285 2829 2967 385 384 
10286 2978 2662 2234 2233 
10287 2979 2619 2620 2637 
10288 2983 2259 2985 2270 
10289 2927 1358 356 361 
10290 1365 31 32 366 
10291 2251 2228 2261 568 
10292 2928 2651 2644 2631 
10293 2984 2981 2987 2986 
10294 3069 2368 2759 2369 
10295 3061 2789 722 721 
10296 2772 654 145 2750 
10297 2742 2369 630 2367 
10298 2102 2568 2547 522 
10299 2576 2546 2582 692 
10300 2949 2466 2950 339 
10301 2945 2136 2940 2134 
10302 2950 343 230 1334 
10303 2860 950 1112 1024 
10304 2940 2098 2572 2551 
10305 2823 2912 2012 2485 
10306 2833 2074 2078 2033 
10307 2807 1304 1303 1302 
10308 2823 2498 2831 2912 
10309 2837 208 2836 2966 
10310 364 30 1368 1083 
10311 2956 2334 2335 2336 
10312 3047 2956 2335 2297 
10313 2814 3050 1009 965 
10314 3029 2453 3060 2433 
10315 2374 2370 624 2387 
10316 3008 1910 3010 3009 
10317 1389 1084 1128 203 
10318 3041 2402 2401 2399 
10319 2879 2885 3017 2707 
10320 215 1365 31 32 
10321 3021 2308 2309 2310 
10322 2956 2717 3044 2284 
10323 2284 3044 2281 2717 
10324 597 132 2304 2289 
10325 2847 1046 1318 934 
10326 3041 2420 2403 2414 
10327 2846 2839 2856 1993 
10328 542 543 2165 2550 
10329 2982 2200 2189 2201 
10330 2654 562 2643 696 
10331 2662 2666 2661 2233 
10332 2987 2982 2626 2622 
10333 2842 944 1170 1172 
10334 3054 1204 999 1134 
10335 1796 349 465 103 
10336 3041 2403 3064 2414 
10337 2942 2105 2098 2115 
10338 2943 2950 2093 2109 
10339 3052 1627 1421 405 
10340 2889 760 758 743 
10341 2904 1652 1763 1762 
10342 2813 3026 1963 1984 
10343 3041 3064 3070 3042 
10344 2912 2014 2008 2506 
10345 2810 1290 1293 1291 
10346 2990 2651 2992 2928 
10347 3041 3034 3070 3064 
10348 1041 38 1343 223 
10349 2873 1287 1266 1277 
10350 1250 290 288 1522 
10351 3030 2418 2402 2409 
10352 3060 2453 2443 2433 
10353 2972 1207 1082 870 
10354 3070 2757 2775 2773 
10355 2937 807 1155 208 
10356 2958 2165 2570 2162 
10357 2575 2563 2960 526 
10358 2826 331 2071 2084 
10359 2833 2082 2072 2508 
10360 2563 2589 690 2552 
10361 171 1273 733 773 
10362 2826 655 331 2084 
10363 1088 332 835 1131 
10364 2866 1439 1474 1491 
10365 2956 2717 2684 2713 
10366 2983 2228 2231 2265 
10367 2796 653 2417 723 
10368 3070 3031 3034 3030 
10369 3021 2885 711 712 
10370 2656 699 2653 2639 
10371 2652 2204 2232 572 
10372 3003 1350 1352 357 
10373 2930 1598 1597 1600 
10374 2812 1977 2830 1865 
10375 428 1895 1427 1471 
10376 2848 2847 1987 1785 
10377 3071 3036 908 909 
10378 430 1744 1455 1588 
10379 3058 797 1072 1431 
10380 2487 2077 2073 505 
10381 2921 2513 2505 2081 
10382 3053 3054 3036 1204 
10383 3041 2400 3060 2399 
10384 2969 2152 2145 2116 
10385 2543 123 2133 118 
10386 545 546 2599 2158 
10387 136 607 2734 2322 
10388 3043 3044 3020 2333 
10389 670 375 2472 77 
10390 3070 2764 2757 2773 
10391 3046 2349 2360 2345 
10392 1918 1603 2853 1363 
10393 928 3006 2935 1070 
10394 2936 1377 1194 1371 
10395 2896 742 2900 162 
10396 2889 1557 1527 1547 
10397 3024 1463 1747 1511 
10398 3070 3031 2764 2773 
10399 1298 1121 1044 1308 
10400 2833 2078 2083 2054 
10401 2807 1307 1113 1301 
10402 2846 1209 2856 2839 
10403 2826 2835 2517 2484 
10404 2380 2403 2374 625 
10405 3016 2278 3051 2678 
10406 3037 2741 2794 2799 
10407 3059 1757 1842 1992 
10408 1789 3004 1892 1920 
10409 1336 1193 226 1045 
10410 2944 2164 2958 2549 
10411 1800 367 99 1364 
10412 3056 802 1062 1460 
10413 3070 2764 3031 3030 
10414 2974 1899 1832 1916 
10415 3040 1809 1791 1985 
10416 3043 2334 3047 3044 
10417 3026 1767 1702 1737 
10418 2971 2974 2812 1653 
10419 2974 1635 1388 1916 
10420 2814 965 3024 3050 
10421 204 23 24 1390 
10422 3045 2975 2977 1820 
10423 3065 1089 1171 945 
10424 2876 1548 2875 1515 
10425 1912 2817 2808 2844 
10426 2807 829 1121 939 
10427 2900 1267 1279 1288 
10428 3033 2746 2779 2780 
10429 2993 3005 2988 2223 
10430 2991 2207 2221 2256 
10431 2854 1450 2809 1503 
10432 3054 1725 1930 1921 
10433 2872 1996 1886 1698 
10434 2860 921 942 950 
10435 1247 744 1253 180 
10436 2418 3041 3030 2402 
10437 3045 1668 3023 1985 
10438 3017 2689 3022 2690 
10439 2877 1282 1276 738 
10440 2846 1954 1711 1709 
10441 2824 2007 2823 2027 
10442 3022 2689 2885 2710 
10443 2324 2719 2726 608 
10444 3070 2773 2775 2742 
10445 2326 705 2324 2724 
10446 3016 3022 2293 2277 
10447 2852 780 2872 3001 
10448 2321 2279 585 2300 
10449 2301 2729 2730 2727 
10450 3049 2938 1608 1787 
10451 3057 1462 1483 1448 
10452 3070 2775 3034 2742 
10453 2818 995 1119 865 
10454 2819 969 970 987 
10455 2815 1295 1289 1291 
10456 2932 1644 1758 1643 
10457 2992 2214 2243 2245 
10458 3040 1398 387 1907 
10459 3008 1732 1962 1667 
10460 3036 909 923 922 
10461 3061 2788 2379 2747 
10462 3051 3044 3020 2694 
10463 2936 776 209 26 
10464 2852 1564 1800 460 
10465 1391 2974 1635 383 
10466 3016 2311 2308 2310 
10467 2853 1118 1054 861 
10468 2854 1437 2809 1073 
10469 1829 1823 1316 326 
10470 2828 324 2835 323 
10471 2950 339 2107 2093 
10472 2948 349 659 2467 
10473 2965 1339 1337 1338 
10474 2861 1808 3012 1734 
10475 2944 2163 2179 2176 
10476 3045 3023 3040 1985 
10477 3053 1970 3035 3036 
10478 2905 1878 2910 2907 
10479 2844 1487 969 796 
10480 2876 1529 1549 1532 
10481 490 2480 2515 676 
10482 2577 2597 2598 2546 
10483 126 562 2643 2619 
10484 571 2233 2661 2666 
10485 2185 2980 2199 2981 
10486 2979 2654 2181 2195 
10487 2990 2635 2629 2613 
10488 2874 1555 2890 1537 
10489 2756 3070 2775 3064 
10490 2696 3018 3017 2706 
10491 2812 2974 1899 1653 
10492 3037 2777 2756 2755 
10493 3008 452 453 1910 
10494 2959 2114 2111 2102 
10495 2552 2960 2969 2578 
10496 2657 2643 2654 2653 
10497 2120 532 2171 2160 
10498 2979 2639 2619 2637 
10499 2029 2066 2050 2917 
10500 157 712 2701 2725 
10501 382 1084 1128 1389 
10502 2885 712 2731 2729 
10503 1330 2865 1327 2863 
10504 2940 2113 2941 2112 
10505 2561 2963 2959 2969 
10506 2957 2169 2179 2159 
10507 2863 1131 959 1117 
10508 2036 2068 491 2083 
10509 1611 316 1573 1297 
10510 2833 2082 2508 2490 
10511 2825 912 911 775 
10512 2827 875 946 947 
10513 2934 975 1027 976 
10514 2967 667 2716 2709 
10515 2995 1504 1435 1495 
10516 3051 2291 2275 2279 
10517 2984 2987 2991 2989 
10518 2823 2501 2498 2485 
10519 2921 2059 2080 2051 
10520 1550 1252 1543 1522 
10521 3064 2742 3034 2775 
10522 3045 1791 2973 1881 
10523 3041 2401 2400 2399 
10524 3071 92 451 1692 
10525 289 1244 744 287 
10526 2876 2883 2884 1548 
10527 2913 2920 2060 2043 
10528 2061 116 675 2531 
10529 2916 2074 2917 2089 
10530 2959 2154 2138 2117 
10531 2576 2592 2546 692 
10532 2534 2920 2921 2537 
10533 2733 606 135 2306 
10534 3061 2789 721 2792 
10535 3028 673 674 453 
10536 3066 2782 3068 2751 
10537 1807 393 1399 94 
10538 1864 2830 1569 385 
10539 3071 3035 403 1565 
10540 2972 1682 2975 1991 
10541 3048 2783 3028 2776 
10542 3029 2745 2753 2774 
10543 3053 3035 845 848 
10544 1318 1046 1039 934 
10545 2826 2092 2071 2083 
10546 48 330 1319 47 
10547 2029 2066 2917 2919 
10548 2952 1335 1332 41 
10549 2951 1589 2004 1953 
10550 494 2076 495 2050 
10551 466 2951 2953 1689 
10552 2864 1745 2857 1588 
10553 2863 1626 1647 1623 
10554 2913 2921 2920 2505 
10555 2959 2114 2103 2097 
10556 2845 1294 1290 1292 
10557 1739 1293 1914 2810 
10558 3029 2433 2438 2451 
10559 2843 2824 2823 2832 
10560 2856 1491 2851 1439 
10561 3029 2451 2453 2433 
10562 2820 1026 2807 1201 
10563 2817 2818 1104 1056 
10564 3052 2915 867 1116 
10565 2902 2892 1486 1946 
10566 2809 1509 1437 1503 
10567 2870 1530 2881 1554 
10568 2508 2822 2502 2916 
10569 3066 2432 2452 2441 
10570 2860 3004 2862 1726 
10571 1045 935 1041 1343 
10572 1084 851 1392 382 
10573 2830 1977 1569 1865 
10574 3034 2374 2403 2387 
10575 383 1393 1386 382 
10576 3016 2293 3022 2283 
10577 899 2971 1100 857 
10578 2812 1899 2830 1977 
10579 2895 1555 1541 1556 
10580 879 2950 889 230 
10581 2844 2819 2910 987 
10582 1307 2807 1018 786 
10583 3053 1875 1721 1629 
10584 2817 1838 2868 1888 
10585 3059 1143 3054 3058 
10586 2904 2915 1567 279 
10587 3071 3036 1692 1944 
10588 55 439 1487 969 
10589 2963 2154 2153 2129 
10590 2993 2615 2254 2257 
10591 694 2579 2600 2577 
10592 2942 2940 2945 2136 
10593 2834 324 2030 323 
10594 1031 2848 1145 2866 
10595 2933 2934 1760 1894 
10596 1321 332 1322 835 
10597 2762 3032 2761 3031 
10598 2837 2966 377 378 
10599 1100 2971 854 857 
10600 1058 1042 938 1400 
10601 3069 2404 2418 2405 
10602 3001 1357 358 366 
10603 3039 1735 1769 1926 
10604 2976 1717 2975 1682 
10605 2927 2198 2992 2214 
10606 2607 130 695 2235 
10607 594 2686 2678 2277 
10608 3056 3013 1817 1931 
10609 3051 2278 2276 2700 
10610 2813 1749 2814 1777 
10611 2888 1285 1274 1286 
10612 2807 1113 1186 1065 
10613 2842 1008 1172 1101 
10614 2855 926 1203 943 
10615 2973 853 938 856 
10616 3035 1409 1406 1830 
10617 3045 1729 1960 1958 
10618 3036 1707 1693 1706 
10619 3009 451 3072 1590 
10620 3066 2442 2452 2432 
10621 3066 3033 3073 2780 
10622 2860 920 2862 3004 
10623 2930 1905 1597 1344 
10624 2878 1057 862 1102 
10625 2926 1592 3000 3001 
10626 2983 2662 702 2664 
10627 2945 2946 2135 2134 
10628 2863 959 1075 1117 
10629 2838 1909 2846 1594 
10630 2859 1029 981 1191 
10631 2264 75 2649 663 
10632 2852 1860 1740 1364 
10633 2966 2330 2967 377 
10634 2932 974 1077 1162 
10635 1905 1845 1340 1719 
10636 1825 347 1344 1905 
10637 3004 1726 1920 1989 
10638 1332 39 340 348 
10639 2819 970 988 987 
10640 2815 833 834 831 
10641 2906 2907 447 1593 
10642 2320 2362 2298 2353 
10643 24 205 384 1380 
10644 1660 1306 1302 1896 
10645 2850 2827 1136 997 
10646 2845 2810 1289 1292 
10647 288 1245 57 1522 
10648 2875 736 745 1272 
10649 3053 3054 1685 1921 
10650 3066 3073 2782 2780 
10651 560 2195 2619 2620 
10652 2527 2528 2512 2918 
10653 3004 891 1032 1133 
10654 3018 2696 3020 2692 
10655 2957 2150 2123 2155 
10656 2865 1327 2863 1325 
10657 546 2606 2599 694 
10658 2640 2660 2664 698 
10659 2940 2941 2101 2551 
10660 2859 1161 981 980 
10661 2461 67 107 331 
10662 2950 343 2151 342 
10663 2951 1166 2954 805 
10664 2133 2595 2588 537 
10665 561 125 2213 2197 
10666 2936 1048 1179 936 
10667 2575 119 526 2108 
10668 2108 119 524 2575 
10669 2911 480 2032 2010 
10670 2561 2960 2969 2959 
10671 2591 2133 2595 2588 
10672 3004 1933 1816 1920 
10673 125 2607 2235 130 
10674 2913 2081 2079 2091 
10675 194 16 402 1411 
10676 2818 995 1079 1119 
10677 484 2012 485 2485 
10678 2854 1857 1577 1819 
10679 394 2448 402 15 
10680 1077 1353 3003 356 
10681 2930 816 935 813 
10682 2888 1270 1272 1285 
10683 2824 2027 2006 2017 
10684 1245 57 1522 1550 
10685 2088 2029 2075 2076 
10686 25 1382 384 1380 
10687 1826 389 80 1391 
10688 3006 1459 1429 1499 
10689 2973 1637 1907 1393 
10690 2974 2975 2973 1638 
10691 853 1392 1092 791 
10692 3051 2678 2711 2708 
10693 3057 1062 984 1448 
10694 2890 753 2889 760 
10695 2850 2851 1457 997 
10696 2484 2822 2834 2503 
10697 2912 2506 2008 2485 
10698 2170 543 2550 2165 
10699 2949 2950 338 339 
10700 2830 385 1385 384 
10701 2397 633 139 2380 
10702 2900 1283 740 1279 
10703 3066 2751 2441 2784 
10704 459 1376 375 1560 
10705 1317 327 1981 1313 
10706 2865 2949 338 339 
10707 2916 2072 2833 2090 
10708 2967 2337 376 2330 
10709 2374 624 2403 2387 
10710 36 361 356 1356 
10711 2971 898 1207 858 
10712 2957 2123 2169 2155 
10713 3011 801 1070 1445 
10714 2935 3004 1675 2931 
10715 3011 3012 1112 1445 
10716 2935 890 928 891 
10717 3045 3063 1873 1958 
10718 2949 1813 2859 2869 
10719 2205 2255 2221 567 
10720 348 39 1342 40 
10721 356 361 1358 1356 
10722 2923 1880 1928 1672 
10723 2983 2237 2234 2228 
10724 2830 384 205 25 
10725 2944 2957 2141 2167 
10726 2865 1743 1859 1329 
10727 2849 841 893 1108 
10728 2949 2951 1929 2954 
10729 2867 2849 2858 892 
10730 3031 2418 3030 2409 
10731 3066 2432 2441 2446 
10732 3045 2977 1958 1820 
10733 1858 1441 416 417 
10734 2821 1680 2808 1847 
10735 2858 2849 1626 1623 
10736 2860 920 942 921 
10737 2850 2854 2827 997 
10738 392 198 1401 19 
10739 1390 957 2830 1080 
10740 2998 2250 366 2266 
10741 2971 2973 3025 1100 
10742 2946 2562 2564 2565 
10743 3009 3068 3071 195 
10744 2862 1734 1726 1705 
10745 104 2965 465 1562 
10746 2974 1115 1128 1050 
10747 2855 1203 2848 943 
10748 2971 1642 2975 1639 
10749 3058 1818 1930 1581 
10750 3074 825 823 822 
10751 3027 396 395 196 
10752 2929 1595 1837 1913 
10753 1307 242 1018 51 
10754 1235 1221 288 2870 
10755 276 277 1480 796 
10756 2959 2117 2153 2154 
10757 766 761 739 2877 
10758 2788 2791 2747 2786 
10759 2810 1903 1739 1863 
10760 3058 1475 1489 1431 
10761 3043 2695 3047 2693 
10762 172 1270 756 733 
10763 3027 3072 3073 3028 
10764 2866 2848 1932 1815 
10765 2823 2053 2009 2031 
10766 2288 583 379 28 
10767 2811 2812 2814 870 
10768 2830 1217 25 785 
10769 2836 1942 3026 1951 
10770 2861 2002 1790 2004 
10771 3027 2388 395 396 
10772 2887 1685 2898 3054 
10773 2844 1485 2819 1426 
10774 3040 1395 1848 1897 
10775 381 1384 1741 1387 
10776 2932 1162 3003 975 
10777 1824 371 1367 1906 
10778 3061 722 2768 2741 
10779 2887 1715 2893 1851 
10780 2877 731 774 747 
10781 3020 2692 2694 2693 
10782 202 1400 1042 21 
10783 2932 954 1114 1130 
10784 2919 2504 2520 2496 
10785 1332 39 348 40 
10786 1092 202 791 1392 
10787 3036 1693 1565 1692 
10788 2858 1648 1626 1904 
10789 387 80 1826 1398 
10790 3066 2427 3073 3033 
10791 2830 1385 385 1387 
10792 2484 2822 2843 2834 
10793 3027 3068 3073 3072 
10794 581 2663 703 2215 
10795 2971 854 857 855 
10796 2831 2040 2914 2042 
10797 2863 1131 1053 835 
10798 236 1039 1318 1046 
10799 2860 1933 3004 1726 
10800 3058 797 1034 1072 
10801 3030 2398 2419 2399 
10802 2982 2613 2185 2189 
10803 3046 2349 2682 2716 
10804 3046 2345 2360 2342 
10805 2275 2299 2321 586 
10806 2872 3001 1592 1996 
10807 2852 366 1076 780 
10808 3004 942 1205 1133 
10809 3066 2784 2441 2435 
10810 1341 345 103 1796 
10811 3035 845 937 1415 
10812 2815 1299 2816 1300 
10813 1353 1347 221 954 
10814 2904 1862 2915 1761 
10815 2865 1901 1859 1743 
10816 2829 2474 456 96 
10817 2997 2923 2934 1998 
10818 2924 808 2997 1099 
10819 3035 403 1410 1408 
10820 2859 1979 1765 1813 
10821 3004 1933 1920 1726 
10822 2685 2879 2704 2680 
10823 3063 1513 1481 1442 
10824 2934 860 976 1111 
10825 2996 1435 1751 1466 
10826 2860 2862 920 921 
10827 2915 1420 1422 279 
10828 2852 1740 1360 1364 
10829 2857 1219 804 1149 
10830 3027 196 3009 3072 
10831 2818 1779 2868 1838 
10832 2884 2888 772 736 
10833 2823 2009 2912 2031 
10834 3027 3072 3028 196 
10835 393 94 454 2476 
10836 3066 2751 3068 2446 
10837 428 1895 1585 1427 
10838 2847 1785 2849 1624 
10839 1660 1570 1306 1802 
10840 1660 1802 1306 1896 
10841 2820 872 2806 873 
10842 2820 874 872 873 
10843 2806 872 786 871 
10844 2816 1008 832 1026 
10845 2805 2835 2834 657 
10846 1974 1849 1896 1302 
10847 2807 1308 1303 1301 
10848 1723 1305 1302 2807 
10849 2821 833 2816 1101 
10850 2827 1728 1957 1874 
10851 448 2909 2458 447 
10852 2854 997 793 1090 
10853 2805 657 2834 2516 
10854 2855 911 925 1158 
10855 2855 1711 1710 1709 
10856 2854 2821 2842 1035 
10857 2827 875 873 946 
10858 2839 1659 1874 1731 
10859 2805 325 2022 2067 
10860 2846 972 2855 2856 
10861 2827 944 875 1090 
10862 2850 1731 2839 1874 
10863 2818 1154 1079 995 
10864 2821 833 1101 897 
10865 2854 1503 1437 1454 
10866 2842 1101 1172 897 
10867 2821 1959 2842 1882 
10868 2805 2835 240 324 
10869 2807 1303 1305 1302 
10870 2807 876 1201 1186 
10871 2839 947 1060 1209 
10872 2854 1857 2821 1450 
10873 2815 830 828 829 
10874 2827 1090 1136 997 
10875 2848 893 2867 1031 
10876 2850 1430 1492 1493 
10877 2854 2809 1437 1503 
10878 1026 2820 2807 2816 
10879 2805 2516 2521 658 
10880 2854 1819 1577 1957 
10881 1723 2807 1299 315 
10882 2805 325 241 1309 
10883 2806 1730 2839 1909 
10884 2816 1614 1882 1616 
10885 2820 1008 1026 1201 
10886 2805 2838 2806 241 
10887 2806 1657 2839 1730 
10888 2807 872 876 786 
10889 2846 2856 2855 1711 
10890 1026 2820 2816 1008 
10891 2807 1065 1121 1308 
10892 2821 1847 2809 1716 
10893 2816 1612 1613 1299 
10894 2807 320 1307 1304 
10895 2907 2909 2906 447 
10896 2807 314 1300 1303 
10897 2820 1659 2839 1657 
10898 1298 2807 1300 829 
10899 2838 1060 1122 810 
10900 2816 1613 1612 1614 
10901 2850 1472 2854 1492 
10902 2807 1065 1186 939 
10903 2815 1298 1300 829 
10904 2807 1305 1303 315 
10905 2807 876 1186 1113 
10906 786 242 1018 1307 
10907 2816 1101 830 832 
10908 2817 1838 1887 1650 
10909 2820 1659 1657 1658 
10910 1126 1052 2818 1119 
10911 2816 1616 1810 1723 
10912 2815 1291 1300 312 
10913 2815 2810 1299 1300 
10914 2805 2834 2835 324 
10915 2850 1957 1577 1874 
10916 2820 1008 2842 2816 
10917 2808 1680 1912 1847 
10918 2839 947 2827 946 
10919 2850 2827 2854 2842 
10920 2850 1472 1492 1430 
10921 2850 2827 2842 1957 
10922 2821 1101 2842 897 
10923 2844 1847 1887 1755 
10924 2854 793 997 1454 
10925 2809 1437 1480 1151 
10926 875 2820 874 944 
10927 2816 1792 1810 1616 
10928 2816 830 1101 833 
10929 2908 1424 2915 1420 
10930 2854 1170 793 1035 
10931 2892 1488 1478 799 
10932 2845 1079 779 1020 
10933 2817 3067 2818 1650 
10934 2854 2842 1819 1957 
10935 3067 2821 1617 1680 
10936 2809 1151 932 1073 
10937 2844 971 2809 796 
10938 944 2820 1008 2842 
10939 2809 1480 1437 1509 
10940 2820 1974 2807 1810 
10941 2815 1289 2810 1291 
10942 2808 1104 1125 1064 
10943 2808 971 1104 1064 
10944 2821 2842 1035 897 
10945 2856 1925 1932 1736 
10946 2854 1073 793 1454 
10947 2819 1754 1946 1486 
10948 2818 2815 865 1052 
10949 2809 1064 1151 796 
10950 2816 1300 2807 829 
10951 2844 1753 1485 1580 
10952 1804 2845 1863 1563 
10953 2845 1863 2810 1294 
10954 2844 2910 2819 1771 
10955 2817 2808 3067 1650 
10956 2815 1295 1291 312 
10957 1792 2816 2820 2842 
10958 1612 1297 1613 1299 
10959 2815 1298 828 827 
10960 2854 1073 2809 1035 
10961 2816 1008 1101 832 
10962 1882 1792 1959 2842 
10963 2850 2851 1493 1457 
10964 2816 832 2807 1026 
10965 2815 1052 1126 827 
10966 1611 316 1297 1871 
10967 1612 1573 1613 1297 
10968 3067 1649 1615 1834 
10969 2816 1810 2807 1723 
10970 3067 1614 1615 1617 
10971 2844 971 2808 2809 
10972 2821 1035 932 897 
10973 2845 779 1079 1154 
10974 2818 2810 2815 1289 
10975 2820 2827 2842 944 
10976 2845 1289 1079 1296 
10977 2842 2816 1008 1101 
10978 302 445 88 2455 
10979 2818 1650 3067 1779 
10980 2854 1492 1503 1454 
10981 845 2898 844 3052 
10982 1863 311 1739 1294 
10983 3067 1680 1618 1912 
10984 2810 1300 313 1299 
10985 2854 1472 1577 1857 
10986 1294 1804 302 2845 
10987 2808 896 1064 1125 
10988 2909 2906 2899 168 
10989 3067 1612 1615 1614 
10990 2909 2896 2901 2 
10991 6 2845 2868 915 
10992 2808 834 833 896 
10993 2817 2818 1838 1650 
10994 2905 1140 1097 887 
10995 2844 971 969 987 
10996 1739 311 1290 1294 
10997 1298 1295 827 2815 
10998 2815 2816 833 830 
10999 1739 310 1290 311 
11000 1611 1573 1612 1297 
11001 1611 1297 1612 1299 
11002 2845 779 915 6 
11003 1299 3067 2815 2816 
11004 2818 866 1104 1056 
11005 2909 2458 2459 86 
11006 1293 63 310 1871 
11007 1297 1293 1871 63 
11008 1293 310 1914 1871 
11009 955 1289 247 248 
11010 1087 245 1298 827 
11011 1289 1126 247 1295 
11012 2815 833 2808 834 
11013 6 727 301 726 
11014 1087 247 1295 54 
11015 2909 2459 2896 86 
11016 2909 2896 2899 1526 
11017 1126 1295 1087 247 
11018 1289 1126 955 247 
11019 1126 1087 1295 827 
11020 3067 2808 1680 1912 
11021 2821 1716 1857 1819 
11022 2907 2901 447 1593 
11023 2842 944 2827 1170 
11024 2818 834 2815 2808 
11025 2820 1570 321 1306 
11026 2808 932 2809 1064 
11027 2820 2827 2839 1659 
11028 2820 873 2827 875 
11029 2818 3067 2810 1779 
11030 1307 2807 786 320 
11031 3067 1617 1618 1680 
11032 2821 932 2808 896 
11033 2821 833 2808 2816 
11034 955 2818 1126 1289 
11035 2808 1125 1104 866 
11036 2880 752 735 755 
11037 2817 1773 1838 1888 
11038 2821 2809 932 1035 
11039 2808 932 1064 896 
11040 2810 1903 1914 1739 
11041 1298 1295 2815 312 
11042 2845 2901 301 6 
11043 3067 1649 2810 1779 
11044 6 301 169 726 
11045 2817 2818 2808 1104 
11046 2818 1119 1079 955 
11047 1739 1293 2810 1290 
11048 2880 752 751 735 
11049 3067 2810 1649 1834 
11050 2854 2842 1170 1035 
11051 2910 987 1096 989 
11052 2844 2910 2817 987 
11053 3067 1612 2816 1299 
11054 87 302 1563 2845 
11055 2810 1611 1914 1834 
11056 2818 2868 1154 1056 
11057 2810 1612 1611 1834 
11058 2817 2808 2818 3067 
11059 2845 1292 301 302 
11060 779 1020 169 301 
11061 2806 109 2463 321 
11062 1079 248 1020 1296 
11063 2868 2901 1593 446 
11064 6 779 169 301 
11065 2901 301 727 161 
11066 2868 2845 1699 1941 
11067 2900 1267 301 1283 
11068 2845 1296 301 1292 
11069 2845 2810 1863 1779 
11070 2868 87 1997 1699 
11071 1485 440 85 1753 
11072 2908 1420 279 278 
11073 2821 2816 2842 1101 
11074 2810 313 1293 1299 
11075 2880 752 755 764 
11076 2818 2845 2810 1289 
11077 2868 87 446 1997 
11078 2819 1159 970 1488 
11079 2908 878 783 5 
11080 2908 728 5 278 
11081 1671 2904 1662 2906 
11082 2896 2459 2901 442 
11083 3071 2478 92 403 
11084 2906 447 1927 1593 
11085 2844 2819 1487 1426 
11086 2890 751 753 760 
11087 2900 301 2901 161 
11088 2817 2818 2868 1838 
11089 3035 1195 1405 1047 
11090 2897 1526 2891 1539 
11091 2844 971 2817 1104 
11092 2900 742 740 162 
11093 2868 1593 1997 446 
11094 1989 2965 1969 1788 
11095 2896 2900 2901 162 
11096 2845 1294 1292 302 
11097 2868 1888 1838 1941 
11098 2900 1267 1283 1279 
11099 302 1563 445 87 
11100 87 2456 2455 302 
11101 2909 2901 167 730 
11102 2891 769 2895 751 
11103 2907 1105 809 1213 
11104 2900 740 773 1279 
11105 2901 727 162 161 
11106 2896 1527 1526 1517 
11107 2889 1524 1268 1533 
11108 2868 915 2845 1154 
11109 1912 2817 2844 1887 
11110 2900 740 758 773 
11111 2888 1268 2889 1286 
11112 2818 866 865 834 
11113 2845 1294 2810 1290 
11114 2909 2901 730 2 
11115 2821 896 833 897 
11116 2868 446 87 2456 
11117 2818 866 2808 1104 
11118 2868 1779 2845 1941 
11119 2904 1662 1950 1980 
11120 2818 2815 834 865 
11121 2815 1295 1126 1289 
11122 2817 1650 1887 1912 
11123 2844 1912 1887 1847 
11124 2909 2901 2896 2459 
11125 2880 755 2874 764 
11126 2817 2868 2818 1056 
11127 1485 1753 85 438 
11128 2892 1488 799 1159 
11129 2880 751 750 735 
11130 2868 2901 2456 302 
11131 1485 1580 1753 438 
11132 2809 1426 1509 1479 
11133 2844 1887 2817 1755 
11134 2818 1779 1838 1650 
11135 2854 2809 2821 1035 
11136 2905 2894 978 1028 
11137 2809 1151 1480 796 
11138 2936 209 1377 374 
11139 2937 3050 2836 3026 
11140 2937 918 916 1164 
11141 2936 1371 1374 1373 
11142 2836 1852 2829 456 
11143 2937 916 903 902 
11144 2836 807 208 207 
11145 2813 3057 3024 1749 
11146 2836 807 3050 1164 
11147 2939 2472 375 97 
11148 2937 208 26 1381 
11149 459 1376 1560 1798 
11150 1560 97 375 459 
11151 2472 375 98 77 
11152 2939 1942 2937 2836 
11153 2966 669 457 668 
11154 2939 1381 2937 374 
11155 98 1798 1376 459 
11156 98 1376 375 459 
11157 98 375 1376 77 
11158 98 1376 372 77 
11159 2939 458 2472 97 
11160 590 2717 2684 2284 
11161 1884 1372 1844 373 
11162 2472 459 375 97 
11163 2880 751 2895 750 
11164 1844 1375 1824 373 
11165 1844 1372 1375 373 
11166 2880 2890 2895 751 
11167 1824 373 1375 76 
11168 2938 1372 1376 1373 
11169 1367 1574 371 370 
11170 1367 1574 370 1603 
11171 1367 1906 371 1574 
11172 1645 1902 1836 2852 
11173 1367 1574 1603 1604 
11174 1603 1836 2853 1604 
11175 2936 1374 2938 1373 
11176 1229 750 2880 1226 
11177 1367 1605 1574 1604 
11178 2853 1607 1836 1645 
11179 74 1867 1367 370 
11180 1240 2880 2895 1226 
11181 3049 936 1002 824 
11182 3055 1990 1971 1786 
11183 1378 1374 2938 2936 
11184 2938 1786 1720 1608 
11185 369 1824 1906 1375 
11186 1824 1367 371 76 
11187 3049 3074 822 1107 
11188 2936 26 2937 902 
11189 3049 1890 1608 1606 
11190 3049 1607 3074 1609 
11191 2936 2938 3055 1687 
11192 2938 1608 1720 1605 
11193 2939 1686 1942 458 
11194 378 2939 2966 2956 
11195 2813 1664 1852 1972 
11196 2837 1382 2829 206 
11197 1844 1906 1824 1375 
11198 2936 209 374 26 
11199 936 2936 3049 1002 
11200 2938 1720 1906 1605 
11201 2939 1686 2937 1942 
11202 2813 3050 2836 1068 
11203 2836 1942 1951 1591 
11204 2813 1749 1777 1793 
11205 3055 1971 2938 1786 
11206 916 3055 903 917 
11207 2936 776 903 904 
11208 2939 1381 374 379 
11209 2937 1687 1686 1560 
11210 2813 3050 3024 3057 
11211 2938 1884 1376 1372 
11212 2939 2272 2956 374 
11213 3049 1367 2938 1370 
11214 3013 895 825 1107 
11215 2938 1367 369 1370 
11216 2937 2836 3050 1164 
11217 1906 2938 1367 369 
11218 2936 1194 1014 776 
11219 1768 3024 1747 1511 
11220 3014 1124 3074 894 
11221 1931 3055 3026 3056 
11222 3014 1063 1124 894 
11223 1951 2836 1591 1984 
11224 2937 1164 916 1155 
11225 3049 1608 2938 1605 
11226 2880 752 2883 2890 
11227 2886 748 749 768 
11228 3013 3015 3014 929 
11229 2836 3050 807 1068 
11230 2836 1852 456 457 
11231 3055 1700 1687 1701 
11232 3049 824 1002 1003 
11233 3055 916 2937 918 
11234 1098 2995 2997 991 
11235 2813 2812 1664 1821 
11236 3045 1960 1791 1881 
11237 3049 2936 936 1048 
11238 3056 1500 1460 1494 
11239 2938 1376 1884 1688 
11240 2936 1184 3055 1002 
11241 1378 1374 2936 1371 
11242 2811 1217 2830 1081 
11243 3055 3013 3056 1931 
11244 2811 3050 1068 1009 
11245 3056 1062 1144 953 
11246 2837 2829 1382 376 
11247 2936 1194 776 904 
11248 2976 2972 933 1152 
11249 2972 964 1082 1059 
11250 3056 953 1144 940 
11251 3055 2937 3026 918 
11252 2813 1852 1984 1793 
11253 3056 1449 1500 1461 
11254 3056 1071 1460 1436 
11255 3056 1494 1460 1448 
11256 3026 1737 1724 1931 
11257 3057 1433 3056 1494 
11258 3056 1433 1843 1461 
11259 2999 1435 1504 1750 
11260 3049 3013 1890 1609 
11261 3055 3049 3013 1787 
11262 2936 903 3055 1184 
11263 2995 2999 968 992 
11264 3055 1990 1786 1787 
11265 2936 2937 3055 903 
11266 2938 1965 1884 1844 
11267 2936 1048 2938 1378 
11268 3013 1033 929 895 
11269 2936 1014 1194 1377 
11270 2936 1014 1377 209 
11271 1931 3055 1919 1724 
11272 3013 940 1132 1206 
11273 3049 1607 1609 1606 
11274 2971 2812 1642 1653 
11275 2886 746 749 748 
11276 3049 1606 1605 1604 
11277 3002 1506 3015 1465 
11278 790 1368 819 820 
11279 821 1094 790 1368 
11280 821 790 820 1368 
11281 821 820 1369 1368 
11282 821 1369 1094 1368 
11283 1378 1094 1368 213 
11284 790 1368 212 819 
11285 2938 1844 1884 1372 
11286 936 1048 1040 1378 
11287 3074 1107 825 822 
11288 1367 370 1867 1603 
11289 2853 1054 819 820 
11290 1361 364 1370 2853 
11291 3049 2938 1906 1605 
11292 2872 2999 2878 1776 
11293 2938 1884 1965 1688 
11294 1083 819 1368 364 
11295 212 1368 1083 819 
11296 3056 3015 1071 1436 
11297 2938 1786 1608 1787 
11298 3055 1206 917 940 
11299 364 30 1083 1366 
11300 3074 823 820 822 
11301 2886 748 768 763 
11302 1094 3049 1378 1369 
11303 3055 3013 3049 1003 
11304 3074 2878 862 1124 
11305 1363 1367 1370 365 
11306 2938 1906 1844 1375 
11307 213 29 1378 1040 
11308 2886 768 2871 763 
11309 364 1368 1369 819 
11310 30 1083 1366 214 
11311 1048 1378 936 3049 
11312 368 3049 1370 1369 
11313 3049 1906 1367 1605 
11314 3055 917 1184 903 
11315 1040 1048 211 1378 
11316 364 1083 819 1129 
11317 1363 1918 1603 1867 
11318 1368 1378 213 29 
11319 1607 1836 1604 2853 
11320 3055 1786 2938 1787 
11321 3074 994 861 862 
11322 1048 1371 1194 210 
11323 1094 1368 1369 1378 
11324 30 1083 212 1368 
11325 211 1048 1371 1378 
11326 1377 28 374 27 
11327 374 1379 27 28 
11328 2936 374 2937 26 
11329 2938 1971 1687 1688 
11330 1194 1377 210 1371 
11331 211 1371 1048 210 
11332 3049 2936 1048 2938 
11333 1377 27 374 209 
11334 3055 3013 1919 1787 
11335 374 26 209 1379 
11336 2853 1365 1076 366 
11337 2936 1560 2937 375 
11338 98 1798 372 1376 
11339 372 1884 1376 1798 
11340 372 1372 1376 1884 
11341 2878 2852 2853 1153 
11342 2937 3026 918 1164 
11343 1377 1014 27 209 
11344 590 591 2717 2284 
11345 2956 2272 2294 2285 
11346 1370 1363 1361 2853 
11347 953 3055 3026 918 
11348 936 2936 1002 1179 
11349 1529 2886 2871 2881 
11350 670 2286 590 2684 
11351 2956 379 2288 2305 
11352 2936 903 776 902 
11353 3018 3019 2691 2706 
11354 374 209 27 1379 
11355 3049 3074 820 822 
11356 210 27 1377 1014 
11357 1824 369 1367 76 
11358 2870 2881 2871 763 
11359 790 1094 213 1368 
11360 3049 1369 368 1378 
11361 3047 2713 2956 2715 
11362 1560 1798 1376 1688 
11363 3020 2313 3019 2314 
11364 2956 2294 2272 2284 
11365 2956 2684 2717 2284 
11366 2288 583 2285 2305 
11367 2936 1179 1184 1002 
11368 3057 984 1462 1448 
11369 2885 3017 3022 3016 
11370 2939 457 669 458 
11371 3026 1963 1767 1983 
11372 2937 2836 807 208 
11373 3055 1206 1184 917 
11374 2936 1687 1560 1688 
11375 2956 2338 2305 2285 
11376 369 1824 1367 1906 
11377 3050 965 1176 1009 
11378 3019 2354 2347 2361 
11379 670 590 2286 77 
11380 372 1372 1884 373 
11381 3043 2316 3044 2333 
11382 3026 983 3050 1197 
11383 2936 3055 2937 1687 
11384 1376 1798 1884 1688 
11385 2915 958 1417 1078 
11386 2939 2966 2715 669 
11387 3047 2334 2956 3044 
11388 2967 2358 2337 2351 
11389 2830 1189 1081 785 
11390 2972 1059 933 1152 
11391 3043 2298 3019 2320 
11392 1463 2976 1482 1432 
11393 3046 2716 2967 2355 
11394 2939 2956 2272 2286 
11395 2813 1963 3026 3050 
11396 2813 1777 2812 1821 
11397 2870 1514 1558 1530 
11398 2829 96 2001 1569 
11399 2937 807 1164 1155 
11400 2974 1115 869 982 
11401 2976 1840 1584 1939 
11402 953 3055 918 940 
11403 3057 3026 1983 1963 
11404 1991 1642 2975 2971 
11405 2830 2829 385 384 
11406 2814 993 1082 964 
11407 2830 1569 2829 1865 
11408 2829 96 456 2001 
11409 2829 2967 668 667 
11410 2811 2814 1009 993 
11411 2699 3043 2697 2693 
11412 2829 1217 206 25 
11413 2829 1664 456 1852 
11414 2870 1249 1250 1248 
11415 1931 3055 3013 1919 
11416 3050 1176 983 1199 
11417 3050 983 1164 1199 
11418 3055 1002 1184 1206 
11419 2936 2937 903 902 
11420 3050 1068 1009 1199 
11421 2939 2966 208 378 
11422 2936 1048 1378 1371 
11423 3050 984 1176 965 
11424 3055 3013 1206 940 
11425 3047 2966 2956 2297 
11426 2974 1386 383 1393 
11427 2814 2972 1866 1748 
11428 2939 374 2956 379 
11429 2976 2972 3025 933 
11430 2837 456 2829 668 
11431 2937 26 374 1381 
11432 3026 1951 1700 1702 
11433 3026 1737 1702 1724 
11434 2870 1530 1558 1521 
11435 2829 455 96 1569 
11436 2976 1748 3024 1584 
11437 2813 1972 1777 1821 
11438 2814 993 1037 1082 
11439 2936 1002 3055 3049 
11440 455 2829 96 2473 
11441 3050 1164 807 1199 
11442 2814 2972 3024 964 
11443 2837 206 207 377 
11444 3057 3050 3026 1963 
11445 2830 1390 1080 1019 
11446 3026 1963 1984 1767 
11447 2830 25 205 785 
11448 2939 670 2715 2684 
11449 3026 1951 1702 1767 
11450 3057 3026 1197 953 
11451 2829 25 206 1382 
11452 2814 1082 2972 964 
11453 2830 1019 1080 785 
11454 2976 3025 2975 2977 
11455 2972 1840 1866 1748 
11456 2936 903 1184 904 
11457 2830 1080 1189 785 
11458 2829 668 456 667 
11459 3024 1483 1463 1511 
11460 2811 2830 2812 982 
11461 2971 982 2812 2974 
11462 2977 798 1442 1074 
11463 2972 933 1059 898 
11464 1638 2974 2975 1639 
11465 2976 1432 1152 1464 
11466 2811 1081 2830 982 
11467 2976 1840 2972 1748 
11468 2830 1977 1899 1864 
11469 1820 2976 2975 2977 
11470 2812 1899 2974 2830 
11471 3025 1007 1173 1100 
11472 2976 1482 1432 1464 
11473 3045 3040 1791 1985 
11474 2975 1960 1683 1820 
11475 2976 2972 1840 1682 
11476 3038 3010 3059 973 
11477 2974 2973 853 1393 
11478 3045 945 3065 1171 
11479 2974 854 855 852 
11480 3040 3023 1666 1985 
11481 2974 851 382 1392 
11482 2811 2837 2829 206 
11483 3045 2973 2975 1881 
11484 2971 898 857 899 
11485 2974 1639 1832 1653 
11486 2975 1881 2973 1640 
11487 2974 1832 1639 1636 
11488 2971 982 869 870 
11489 3040 1722 2973 1809 
11490 2972 800 1152 1432 
11491 2830 1385 1386 1383 
11492 2811 2814 2813 3050 
11493 2812 1664 1821 1865 
11494 1529 2870 2871 1521 
11495 2811 3050 2813 1068 
11496 3045 1958 1960 1820 
11497 1991 1642 2971 2812 
11498 1128 2974 382 1389 
11499 2830 1390 1019 384 
11500 2829 385 455 1569 
11501 3045 3025 1007 945 
11502 2829 385 2967 667 
11503 3024 800 1432 963 
11504 2814 965 993 964 
11505 2830 982 1081 1189 
11506 3045 1791 1668 1985 
11507 3024 963 1432 1462 
11508 2974 1832 1635 1916 
11509 3039 1484 3058 1510 
11510 2814 3024 965 964 
11511 3024 1432 1463 1462 
11512 2812 1865 1821 1766 
11513 1100 2971 2973 854 
11514 2975 1881 1641 1683 
11515 2976 1748 2972 3024 
11516 2977 1171 798 1036 
11517 2977 1473 1441 1497 
11518 1152 1464 256 1074 
11519 2812 1821 1777 1866 
11520 3025 933 2972 898 
11521 800 1432 257 256 
11522 800 1432 963 257 
11523 2976 1717 1682 1840 
11524 3045 3063 1171 3065 
11525 3057 1843 1983 1737 
11526 963 1432 1462 257 
11527 963 257 1462 258 
11528 963 1462 984 258 
11529 3024 1511 3057 1483 
11530 3024 3057 1768 1749 
11531 1749 2814 1748 3024 
11532 1512 3024 1747 1584 
11533 3024 3057 1462 1483 
11534 1463 1512 1747 1511 
11535 2976 2975 2972 1682 
11536 3057 1983 1768 1963 
11537 2812 1977 1865 1766 
11538 3057 1494 3056 1448 
11539 3057 1433 1483 1511 
11540 2937 1560 97 375 
11541 3057 1433 1768 1843 
11542 2971 982 2974 869 
11543 1094 3049 936 1378 
11544 2971 2972 2975 1991 
11545 3057 953 1197 1062 
11546 1462 984 258 1448 
11547 2814 1082 1037 870 
11548 3024 1768 1747 1749 
11549 1152 1464 1432 256 
11550 2974 854 852 853 
11551 1749 2814 1777 1748 
11552 2830 1019 205 384 
11553 3025 945 1171 1173 
11554 2976 2977 1464 1074 
11555 1152 1432 800 256 
11556 3057 3026 3056 1737 
11557 2937 1560 1686 97 
11558 2811 2836 2837 1068 
11559 3057 1197 3050 984 
11560 2812 1654 1642 1653 
11561 256 1074 1464 255 
11562 2977 1473 1582 1858 
11563 1464 1074 1442 255 
11564 1638 2974 1639 1636 
11565 2971 3025 898 899 
11566 2811 1068 1185 1009 
11567 2977 1582 1820 1858 
11568 2976 1820 1717 1858 
11569 3045 1668 1791 1729 
11570 1512 1584 1747 418 
11571 1512 1747 1511 418 
11572 1512 417 1584 418 
11573 1512 417 1441 1939 
11574 1512 1584 417 1939 
11575 1747 1768 1511 419 
11576 1747 1511 418 419 
11577 2976 1840 1748 1584 
11578 2972 3024 964 800 
11579 3024 984 3050 965 
11580 2812 1766 1899 1977 
11581 2974 1388 383 1386 
11582 2811 1009 1185 993 
11583 2976 1441 1464 1497 
11584 2972 1991 1866 1840 
11585 3055 1919 1724 1990 
11586 1511 1433 419 1768 
11587 3057 3056 1843 1737 
11588 2975 1638 1641 1881 
11589 419 420 1843 1433 
11590 419 1843 1768 1433 
11591 2972 964 1059 800 
11592 2811 993 1185 1037 
11593 2938 1375 1844 1372 
11594 2829 2001 456 1664 
11595 3056 1461 1843 1586 
11596 3056 1144 3013 940 
11597 3049 3074 3013 1609 
11598 3057 1433 1511 1768 
11599 3050 984 1197 1176 
11600 2813 1664 2829 1852 
11601 2937 807 2836 1164 
11602 3050 807 1068 1199 
11603 2812 2830 2974 982 
11604 1843 1586 1461 420 
11605 1843 1461 1433 420 
11606 3057 1062 1197 984 
11607 3026 918 1164 983 
11608 3057 1197 3026 3050 
11609 2936 1376 2938 1688 
11610 3057 1963 1768 1749 
11611 3019 2346 2344 2691 
11612 2938 1844 1906 1720 
11613 3055 1206 3013 1003 
11614 2972 1059 1082 1207 
11615 984 1062 258 1448 
11616 258 1062 259 1448 
11617 3024 1462 1463 1483 
11618 2971 2974 854 855 
11619 3013 1713 3015 1817 
11620 1062 1460 259 1448 
11621 3056 3015 1855 1817 
11622 2811 1081 982 1037 
11623 3014 1935 3015 1713 
11624 3024 963 984 965 
11625 3024 964 800 963 
11626 3056 1843 1931 1586 
11627 3002 795 966 968 
11628 1460 1071 260 1436 
11629 802 1460 1071 260 
11630 3002 3014 2999 1579 
11631 1062 1460 802 259 
11632 3024 984 3057 3050 
11633 260 261 1436 1071 
11634 3055 1002 1206 1003 
11635 3056 1855 1586 1817 
11636 3049 368 1374 1378 
11637 1436 261 1148 1071 
11638 3015 1713 1855 1817 
11639 3014 929 1063 894 
11640 1846 2999 1579 1752 
11641 3013 3074 3014 1609 
11642 1436 1148 261 1470 
11643 3014 1846 1579 1935 
11644 3002 1504 1447 1470 
11645 3015 1506 1436 1500 
11646 3014 1846 1713 1678 
11647 3013 895 929 894 
11648 3013 825 3074 1107 
11649 3057 1483 1433 1448 
11650 3056 1817 3013 3015 
11651 3013 1107 1132 895 
11652 1461 420 1586 421 
11653 1461 1449 421 1855 
11654 1461 421 1586 1855 
11655 3056 1436 1460 1500 
11656 3002 1063 968 1102 
11657 3057 1768 1983 1843 
11658 3050 1176 1197 983 
11659 421 1449 422 1855 
11660 3013 1132 1144 1033 
11661 3049 1107 824 1003 
11662 3038 1208 1137 949 
11663 422 1855 1449 1935 
11664 1951 2836 1984 3026 
11665 1436 3002 1506 3015 
11666 3056 1071 802 1460 
11667 802 259 1460 260 
11668 3015 1855 1713 1935 
11669 2999 1776 1752 1885 
11670 1795 2934 1998 2996 
11671 1447 1468 967 263 
11672 3000 2997 2924 808 
11673 2996 1775 1998 1795 
11674 2999 1879 1774 1776 
11675 3002 2878 2999 3014 
11676 3056 1460 1062 1448 
11677 3015 1033 1071 929 
11678 2878 1153 994 1057 
11679 2939 1942 2836 458 
11680 2999 1752 1846 1885 
11681 1504 1750 1435 1465 
11682 3002 3014 929 1063 
11683 2999 1750 1465 1579 
11684 2999 1846 3014 1885 
11685 2995 990 1098 992 
11686 1435 423 1465 1750 
11687 1435 424 423 1750 
11688 2939 1686 458 97 
11689 1435 1751 424 1750 
11690 3015 1506 1500 1449 
11691 2995 1435 2996 1495 
11692 2935 1032 3011 3004 
11693 3007 1429 1147 794 
11694 1751 2995 1435 2996 
11695 1435 424 1751 1466 
11696 3006 2996 1947 1446 
11697 3038 3010 1208 949 
11698 2999 3000 2878 992 
11699 2997 1011 1214 991 
11700 3007 1211 1011 1168 
11701 3011 1496 1498 1445 
11702 2878 1646 1911 1610 
11703 3038 949 1137 1089 
11704 422 1579 1465 423 
11705 1465 423 1579 1750 
11706 3015 1449 1855 1935 
11707 3000 808 1103 1098 
11708 2933 1760 1644 1894 
11709 2853 3074 1054 820 
11710 3013 929 3014 894 
11711 2999 1879 3000 2997 
11712 3015 1935 1465 1449 
11713 422 1465 1579 1935 
11714 2852 1362 366 367 
11715 2995 1098 3000 992 
11716 3056 3013 1144 1033 
11717 261 1470 1148 795 
11718 3014 1579 1465 1935 
11719 3015 1465 1506 1449 
11720 2853 994 3074 2878 
11721 3013 895 1132 1033 
11722 966 1447 262 1470 
11723 3013 1890 1919 1787 
11724 825 3013 894 895 
11725 3024 984 963 1462 
11726 3000 2924 217 808 
11727 3056 1586 1931 1817 
11728 3074 1054 820 823 
11729 3013 1206 1132 1003 
11730 3056 1433 1461 1494 
11731 3038 949 3065 3010 
11732 825 3013 3074 894 
11733 3074 1610 1607 1645 
11734 3038 1208 3010 973 
11735 819 364 2853 1369 
11736 2999 1879 2997 1774 
11737 3013 1003 1132 1107 
11738 422 1465 1935 1449 
11739 2995 1447 3002 1504 
11740 1906 2938 369 1375 
11741 3055 2938 3049 1787 
11742 3002 1504 1506 1465 
11743 3002 1063 1148 795 
11744 3055 3056 3013 940 
11745 2853 1365 366 1362 
11746 3002 929 3015 1148 
11747 2852 366 3001 367 
11748 2995 2997 3000 1098 
11749 2878 3000 1057 992 
11750 3013 1919 1679 1817 
11751 2852 3001 2872 100 
11752 3074 826 825 894 
11753 3049 822 824 1107 
11754 2852 2878 1645 1778 
11755 2995 1774 1751 1750 
11756 3049 3013 1107 1003 
11757 3056 1449 1461 1855 
11758 3056 1449 3015 1500 
11759 3002 3015 3014 1465 
11760 2813 3024 2814 1749 
11761 2853 364 1370 1369 
11762 2853 956 1118 1076 
11763 3074 2878 1610 1645 
11764 2999 992 1102 968 
11765 3001 100 461 1996 
11766 954 1353 1347 2932 
11767 2995 3002 2999 1504 
11768 3001 367 2998 663 
11769 3002 968 1063 795 
11770 2924 808 1099 1141 
11771 2999 1750 1504 1465 
11772 3000 2997 808 1098 
11773 3000 1212 3001 914 
11774 2924 1879 1592 1880 
11775 2872 3000 2999 1776 
11776 2852 1800 367 460 
11777 3038 985 1137 1208 
11778 3000 1592 2924 1879 
11779 2997 2934 2996 1998 
11780 2925 217 2924 218 
11781 1361 2852 1363 1360 
11782 2924 2997 1879 1880 
11783 2872 3001 780 914 
11784 1367 3049 1604 2853 
11785 2924 1099 2923 888 
11786 2924 1928 2923 1880 
11787 2926 1996 3001 461 
11788 3001 461 100 2470 
11789 2852 100 1564 460 
11790 3000 217 1212 808 
11791 2926 2928 2998 2925 
11792 1592 2872 1886 1879 
11793 100 460 367 2468 
11794 3001 1212 33 914 
11795 2927 666 2928 2650 
11796 2872 1776 2878 1839 
11797 2989 2255 2205 2251 
11798 2468 3001 2470 663 
11799 790 213 212 1368 
11800 1603 1363 1867 1367 
11801 3026 3056 1737 1931 
11802 1360 1918 1363 362 
11803 1918 1867 1363 362 
11804 1836 1918 1603 2853 
11805 2938 1374 1370 369 
11806 1367 1906 1574 1605 
11807 2852 1564 2872 1940 
11808 1740 362 1360 363 
11809 1360 1918 362 1740 
11810 1740 363 1360 1364 
11811 1645 2853 1607 3074 
11812 74 1363 1867 362 
11813 2936 776 26 902 
11814 3049 1606 1604 1607 
11815 1363 1367 74 1867 
11816 2939 2715 670 669 
11817 3049 1608 1605 1606 
11818 374 1379 379 1381 
11819 3013 3014 3074 894 
11820 1369 819 1368 820 
11821 3038 996 1137 1188 
11822 3056 1855 1461 1586 
11823 3074 1645 2853 2852 
11824 3074 861 823 826 
11825 3015 929 1071 1148 
11826 3013 1817 1931 1919 
11827 2853 364 1366 1361 
11828 2995 1751 1774 1775 
11829 3056 802 1071 1033 
11830 3045 1729 3065 1668 
11831 3000 992 1103 1057 
11832 3014 1911 2878 1885 
11833 3002 3014 1579 1465 
11834 3056 3015 3013 1033 
11835 1370 1363 365 1361 
11836 1102 3002 2878 2999 
11837 3024 3057 984 1462 
11838 3002 1447 966 1470 
11839 3074 2878 994 862 
11840 2852 1564 1940 1860 
11841 3013 1033 3015 929 
11842 3002 1148 3015 1436 
11843 359 3001 217 358 
11844 2924 1099 888 1141 
11845 2853 956 1076 1359 
11846 2998 2638 2994 2612 
11847 2852 367 100 460 
11848 1211 2997 1214 1027 
11849 2853 1054 1129 819 
11850 2872 1886 1776 1839 
11851 2936 1376 1560 375 
11852 3056 3015 1436 1500 
11853 1366 214 1083 1129 
11854 374 28 2288 379 
11855 3049 1608 1890 1787 
11856 1902 1836 2852 1918 
11857 3045 3065 3023 1668 
11858 1194 210 1377 1014 
11859 2853 1054 3074 861 
11860 3013 1713 3014 3015 
11861 2937 26 208 902 
11862 29 1378 1040 211 
11863 2936 1560 1376 1688 
11864 1094 936 1040 1378 
11865 1378 1094 213 1040 
11866 1129 2853 819 364 
11867 3014 1846 1911 1885 
11868 2852 1364 367 1800 
11869 2938 1375 1374 369 
11870 2852 2872 1564 100 
11871 3074 862 861 826 
11872 3056 1144 802 1033 
11873 3074 1610 1609 1607 
11874 3056 1071 3015 1033 
11875 3049 1374 2938 1378 
11876 3026 983 1197 953 
11877 3074 862 826 1124 
11878 2878 1102 862 1124 
11879 1367 2853 1603 1363 
11880 2878 1063 1102 1124 
11881 2853 1076 1365 1359 
11882 3049 1906 2938 1367 
11883 2878 1610 1645 1646 
11884 2878 1776 1885 1839 
11885 2872 1839 1646 1778 
11886 2936 1014 209 776 
11887 3045 1729 1791 1960 
11888 1836 1645 2852 2853 
11889 2936 1194 1179 1048 
11890 2853 1118 861 994 
11891 3055 917 916 918 
11892 2853 1365 1362 1359 
11893 3074 1054 823 861 
11894 2853 861 3074 994 
11895 1076 215 1016 1365 
11896 2997 1214 1011 1211 
11897 2995 1435 2999 1750 
11898 33 366 216 1355 
11899 33 1357 366 1355 
11900 3045 2973 3025 2975 
11901 2872 1646 2878 1778 
11902 3025 1173 1036 899 
11903 449 279 90 2454 
11904 2878 1885 1911 1646 
11905 2852 1564 1860 1800 
11906 3001 358 2998 366 
11907 1604 1607 2853 3049 
11908 3005 2928 2992 2245 
11909 2878 994 862 1057 
11910 2996 1466 1751 1947 
11911 2995 967 2997 991 
11912 3074 1124 826 894 
11913 2929 1349 350 1346 
11914 2924 1592 462 1928 
11915 2924 1099 2997 2923 
11916 2927 2182 2992 2198 
11917 2924 2923 219 888 
11918 2997 1027 2923 1099 
11919 2922 665 463 462 
11920 2922 463 101 1661 
11921 2993 2630 2615 2628 
11922 2925 359 217 218 
11923 2990 2629 2982 2613 
11924 2993 2257 2254 2268 
11925 3005 2244 2243 2225 
11926 358 366 1357 1355 
11927 780 216 33 366 
11928 358 2266 366 31 
11929 2926 3001 2924 217 
11930 2991 2226 2222 2224 
11931 2872 1592 1886 1996 
11932 2246 2266 31 563 
11933 2994 3005 2612 2638 
11934 2872 3001 3000 1592 
11935 2853 956 1129 1118 
11936 2212 2262 564 2252 
11937 2212 564 2229 2252 
11938 2212 563 564 2262 
11939 2994 2212 2246 2239 
11940 2998 2266 358 2246 
11941 2246 563 2212 2262 
11942 2994 2618 2636 2638 
11943 2638 2998 2618 2645 
11944 2994 2618 2260 2636 
11945 2852 3001 100 367 
11946 358 31 366 1355 
11947 2998 664 2645 2612 
11948 2852 1740 1918 1360 
11949 3001 33 780 914 
11950 2998 2264 2250 2260 
11951 3001 1357 217 358 
11952 2991 2221 2989 2255 
11953 2988 2242 2209 2230 
11954 2207 565 566 2256 
11955 2207 566 2221 2256 
11956 2991 2989 2253 2269 
11957 2989 2258 2253 2267 
11958 2229 2252 564 565 
11959 2982 2634 2185 2613 
11960 2994 2260 2271 2254 
11961 2994 2266 2246 2262 
11962 2853 819 1369 820 
11963 2998 2994 2246 2239 
11964 2994 3005 2227 2206 
11965 2994 2262 2252 2271 
11966 3025 1100 1173 899 
11967 3001 100 2468 2470 
11968 2254 2636 2260 575 
11969 2971 858 1207 870 
11970 2994 2227 2212 2239 
11971 2254 575 576 2636 
11972 2994 2227 2239 2206 
11973 3025 1036 933 899 
11974 2257 2615 576 577 
11975 2632 2257 2253 577 
11976 583 2285 2305 2338 
11977 1918 2853 2852 1363 
11978 214 215 956 1359 
11979 2852 1918 1740 1902 
11980 1076 1016 780 366 
11981 366 1365 1076 1016 
11982 32 216 1016 366 
11983 2852 1918 1363 1360 
11984 3025 1173 1171 1036 
11985 2926 1592 3001 1996 
11986 1102 3002 2999 968 
11987 966 1447 967 263 
11988 336 1859 1329 1797 
11989 1016 32 366 1365 
11990 1129 2853 364 1366 
11991 2852 1153 2872 780 
11992 3001 2468 100 367 
11993 2981 2199 2190 2202 
11994 2638 2998 2994 2618 
11995 2878 3000 1153 1057 
11996 3026 1951 1942 1700 
11997 1366 214 1129 956 
11998 2991 2207 2223 2222 
11999 2994 2252 2212 2229 
12000 1359 1076 215 956 
12001 3005 2998 2612 2928 
12002 2998 2264 2260 2649 
12003 32 1355 216 366 
12004 358 31 2246 2266 
12005 2246 2266 563 2262 
12006 2254 576 2257 2615 
12007 1607 2853 3049 3074 
12008 2260 2618 575 2636 
12009 2260 2618 574 575 
12010 2936 3049 3055 2938 
12011 2998 2239 359 2206 
12012 2926 2998 3001 359 
12013 2265 2983 2249 2663 
12014 2927 2245 2925 360 
12015 3005 2998 2994 2612 
12016 2260 2649 2264 574 
12017 2638 2993 3005 2630 
12018 2993 2636 2254 2615 
12019 2991 2615 2257 2632 
12020 1361 2852 2853 1363 
12021 3014 2878 3074 1124 
12022 2998 2928 3005 2206 
12023 359 3001 358 2998 
12024 2994 2262 2212 2252 
12025 3049 1890 3013 1787 
12026 2852 366 2853 1076 
12027 2993 2252 2207 2256 
12028 2993 2271 2252 2268 
12029 1368 1378 29 368 
12030 2853 1369 3074 820 
12031 3013 1679 3014 1713 
12032 1800 367 460 99 
12033 367 99 1364 75 
12034 1860 363 1740 1364 
12035 3000 2924 3001 217 
12036 3013 1919 1890 1679 
12037 3025 1171 2977 1036 
12038 363 99 1364 1800 
12039 363 1364 99 75 
12040 2998 358 359 2239 
12041 3055 1700 2937 1687 
12042 2872 1940 1839 1778 
12043 2852 2878 3074 1645 
12044 3049 1605 1367 1604 
12045 2976 1464 1152 1074 
12046 2998 663 2264 2649 
12047 2994 2246 2212 2262 
12048 1370 1374 368 369 
12049 2991 2993 2207 2256 
12050 2254 2636 576 2615 
12051 2938 1374 1375 1372 
12052 2990 2988 2992 2200 
12053 2852 2878 2853 3074 
12054 2988 2209 2188 2230 
12055 2987 2626 2624 2622 
12056 2987 2622 2624 2623 
12057 2988 2188 2209 2184 
12058 2993 2229 2223 2207 
12059 2993 2254 2994 2271 
12060 3001 780 33 366 
12061 2989 2270 2258 2267 
12062 2998 367 2250 2264 
12063 2988 2200 2188 2184 
12064 2982 2629 2626 2613 
12065 2853 994 2878 1153 
12066 2926 664 2998 2928 
12067 1824 1375 369 76 
12068 2984 2205 2985 2989 
12069 2998 2994 2266 2246 
12070 2994 2260 2254 2636 
12071 3005 2245 2992 2243 
12072 2928 2644 2612 2631 
12073 2264 2649 75 574 
12074 3045 3065 1729 1873 
12075 2922 3003 2923 1661 
12076 367 2468 75 663 
12077 2872 1879 3000 1776 
12078 2998 2649 2260 2618 
12079 2215 2663 2667 2661 
12080 703 128 2215 2667 
12081 582 2249 2263 2663 
12082 2633 2259 579 2611 
12083 2633 580 579 2259 
12084 2984 2237 2205 2236 
12085 2983 2660 2663 2662 
12086 2985 2986 2987 2622 
12087 2669 153 704 2627 
12088 3008 3072 3028 453 
12089 2983 2985 2219 2237 
12090 2627 153 2665 697 
12091 2983 2660 2640 2616 
12092 2983 2640 2660 2664 
12093 2627 582 131 2263 
12094 2981 2621 2986 2979 
12095 2991 2993 2257 2615 
12096 2983 2647 2642 2625 
12097 2627 580 2641 2263 
12098 2979 2619 2654 2195 
12099 3008 3010 3023 1175 
12100 2981 2986 2621 2622 
12101 2978 2240 2233 2234 
12102 2979 2248 2978 2218 
12103 2978 2655 2654 2653 
12104 2978 2658 2652 2655 
12105 2978 2658 2204 2652 
12106 2979 2195 2191 2620 
12107 2640 2664 702 2610 
12108 2627 697 2660 2616 
12109 2218 2219 2240 2978 
12110 697 698 2660 2616 
12111 2983 2234 2231 2228 
12112 2668 703 128 2215 
12113 2663 703 2215 2667 
12114 2215 2667 570 2661 
12115 128 2215 2667 570 
12116 2663 2627 704 2665 
12117 2627 704 582 2663 
12118 153 2669 131 2627 
12119 2660 2641 2627 2616 
12120 570 2215 2661 2210 
12121 2641 2263 2983 2663 
12122 2231 2265 2228 569 
12123 2231 127 2265 569 
12124 2265 2215 127 2231 
12125 3008 3028 3072 3009 
12126 570 2661 571 2210 
12127 2627 580 2263 131 
12128 2641 2627 2663 2660 
12129 2978 2656 2655 2653 
12130 2662 2231 2234 2661 
12131 2989 2269 2255 2267 
12132 2983 2259 2270 2249 
12133 2662 701 2666 2233 
12134 2215 2668 703 581 
12135 2627 2663 2263 2641 
12136 2265 2215 2663 581 
12137 2616 2660 2641 2983 
12138 701 129 2666 2233 
12139 2983 2219 2985 2986 
12140 2233 129 2204 2658 
12141 2978 2204 2233 2240 
12142 2979 2191 2181 2202 
12143 2637 2986 2621 2979 
12144 2983 2663 2231 2662 
12145 2233 2658 2204 701 
12146 2985 2625 2986 2621 
12147 2228 569 2265 2261 
12148 2985 2251 2989 2205 
12149 2205 2251 567 568 
12150 2989 2255 2251 2267 
12151 2986 2983 2625 2985 
12152 3008 1910 453 1962 
12153 2991 2988 2987 2224 
12154 2988 2243 3005 2992 
12155 2993 2269 2268 2256 
12156 2993 2229 2207 2252 
12157 2993 2252 2994 2229 
12158 2221 566 2255 2256 
12159 2990 2628 2987 2982 
12160 2993 2229 2227 2223 
12161 2981 2190 2979 2202 
12162 2985 2989 2648 2624 
12163 3008 1962 453 1665 
12164 2984 2989 2991 2236 
12165 2983 2978 2662 2234 
12166 2989 2221 2205 2255 
12167 2985 2625 2623 2647 
12168 2980 2242 2988 2230 
12169 2991 2223 2988 2224 
12170 2985 2611 2258 2259 
12171 2982 2186 2189 2200 
12172 2632 2257 577 2615 
12173 2258 2632 2253 578 
12174 2632 578 577 2253 
12175 2991 2632 2257 2253 
12176 2986 2217 2238 2216 
12177 2981 2986 2238 2216 
12178 2927 356 2198 361 
12179 2984 2981 2980 2987 
12180 3049 1094 821 1369 
12181 2984 2226 2238 2220 
12182 2991 2253 2257 2269 
12183 3008 1962 1665 1667 
12184 2985 2258 2270 2259 
12185 3008 1665 3023 1667 
12186 2993 2254 2271 2268 
12187 2984 2222 2991 2226 
12188 2991 2257 2993 2269 
12189 2993 2227 3005 2223 
12190 2207 2252 2229 565 
12191 2991 2221 2255 2256 
12192 2985 2251 2228 2261 
12193 2640 2978 2610 702 
12194 2661 2210 2234 2233 
12195 3008 1910 1962 1732 
12196 2983 2978 2625 2646 
12197 2984 2238 2986 2220 
12198 2983 2985 2647 2625 
12199 2991 2989 2632 2253 
12200 578 579 2258 2611 
12201 2980 2988 2982 2188 
12202 3008 3010 1910 1732 
12203 2633 2263 2641 580 
12204 3053 1632 1783 1889 
12205 2665 2627 697 2660 
12206 2980 2187 2188 2201 
12207 2991 2987 2226 2224 
12208 2989 2632 2258 2611 
12209 2983 2219 2234 2237 
12210 2205 2251 2255 567 
12211 2989 2648 2624 2632 
12212 2984 2987 2980 2226 
12213 2983 2270 2985 2261 
12214 693 121 2604 2149 
12215 2663 2641 2660 2983 
12216 3053 1783 1632 1782 
12217 2231 2661 2215 2210 
12218 2249 2265 2663 581 
12219 2210 2231 2661 2234 
12220 3053 2898 999 848 
12221 127 581 2668 2215 
12222 2215 127 581 2265 
12223 3053 999 2898 3054 
12224 2215 2663 2231 2265 
12225 2670 581 2663 703 
12226 2983 2985 2633 2647 
12227 1076 2852 780 1153 
12228 2663 2231 2265 2983 
12229 2985 2205 2228 2251 
12230 581 582 2670 2663 
12231 588 2283 2280 2307 
12232 588 2280 587 2307 
12233 588 2283 2302 589 
12234 2978 702 2662 701 
12235 2983 2640 2642 2616 
12236 2275 586 587 2299 
12237 2280 2275 587 2299 
12238 2280 587 2307 2299 
12239 3016 3020 2332 2317 
12240 2278 594 593 2678 
12241 2994 2229 2212 2227 
12242 3051 2276 2278 2291 
12243 2278 594 2678 2277 
12244 2278 3016 2277 2678 
12245 2991 2255 2269 2256 
12246 3051 2333 3020 3044 
12247 2280 2283 2293 2307 
12248 3051 2321 2275 2299 
12249 3022 2689 2710 2688 
12250 3016 2283 3022 2302 
12251 3016 2280 2307 2299 
12252 3022 2283 2293 2273 
12253 2287 3022 2681 2282 
12254 2882 2296 2319 2352 
12255 595 596 2681 2282 
12256 595 2681 2686 2282 
12257 595 2282 2686 2277 
12258 595 2686 594 2277 
12259 2633 2259 2263 580 
12260 709 2674 2725 157 
12261 2674 2725 157 2701 
12262 709 710 2720 2703 
12263 2720 2674 2725 709 
12264 2283 2289 2273 3022 
12265 2339 3021 2304 2302 
12266 132 2304 2289 589 
12267 706 2723 2703 2722 
12268 3021 2304 2302 2289 
12269 2703 3021 2674 2718 
12270 2718 2287 2703 3021 
12271 2674 2710 712 2701 
12272 2258 2632 578 2611 
12273 3053 3054 2898 1685 
12274 2289 2302 589 2304 
12275 597 598 3021 2722 
12276 2324 597 2326 2304 
12277 2287 2703 3021 598 
12278 704 2669 2627 582 
12279 3021 2273 2287 598 
12280 598 3021 2273 597 
12281 2674 712 2725 2701 
12282 3016 2329 2332 2299 
12283 2340 2357 2730 617 
12284 3016 2332 3051 2299 
12285 2287 2705 2683 2703 
12286 2315 3043 3020 2333 
12287 2302 3022 3021 2289 
12288 2283 2289 2302 589 
12289 2663 2231 2662 2661 
12290 2304 597 2289 3021 
12291 3053 1630 1632 1889 
12292 2983 2662 2978 702 
12293 2278 3016 2290 2277 
12294 597 2326 705 2324 
12295 2983 2660 2662 2664 
12296 3053 1921 1889 1783 
12297 2983 2633 2985 2259 
12298 2705 2683 133 2287 
12299 3051 2279 2333 2300 
12300 133 2683 596 2287 
12301 3021 2287 2273 3022 
12302 2289 2273 3021 597 
12303 2979 2619 2639 2653 
12304 3053 1632 1721 1782 
12305 704 703 2670 2663 
12306 2898 900 849 850 
12307 2324 2724 2722 2719 
12308 705 2722 597 2324 
12309 2671 597 132 2326 
12310 2703 2722 2720 3021 
12311 705 2324 2724 2722 
12312 2671 137 705 2326 
12313 2722 2324 2719 3021 
12314 2324 608 609 2719 
12315 2898 850 849 847 
12316 3021 2710 2674 2688 
12317 2326 2671 137 132 
12318 3021 2295 2331 2309 
12319 2898 2903 850 867 
12320 3021 2331 2885 2310 
12321 2304 597 3021 2324 
12322 2326 137 2724 609 
12323 137 705 2326 2724 
12324 2730 713 2306 2733 
12325 3018 3020 2317 2313 
12326 2723 2705 706 2703 
12327 3022 2282 2277 2686 
12328 2696 3018 2706 2692 
12329 3016 3017 2708 2696 
12330 588 2307 2302 2283 
12331 2898 3052 2903 867 
12332 3021 2674 2710 712 
12333 2979 2639 2978 2653 
12334 582 2670 2663 704 
12335 2979 2654 2619 2653 
12336 2326 2671 597 705 
12337 2681 2287 596 2683 
12338 3016 2275 2280 2299 
12339 2898 2903 3052 1633 
12340 133 2705 2287 598 
12341 706 2705 598 2703 
12342 3018 2343 2354 2361 
12343 2672 133 598 2705 
12344 3053 1988 3036 3054 
12345 2720 2674 709 2703 
12346 2887 2898 2903 850 
12347 3017 2689 2690 2707 
12348 3021 2304 2324 2339 
12349 3021 2720 2725 2721 
12350 2718 2287 2681 2683 
12351 3021 3022 2302 2308 
12352 3021 3022 2710 2688 
12353 2324 2726 2295 608 
12354 2295 136 2726 2322 
12355 3021 2718 3022 2688 
12356 2898 849 900 901 
12357 3016 2293 2290 2277 
12358 2705 2672 133 155 
12359 2879 2685 2704 2356 
12360 2734 607 2301 2322 
12361 711 136 2734 2322 
12362 2730 2879 2685 2728 
12363 2879 2348 2350 2675 
12364 2727 607 606 2301 
12365 2734 2301 2729 2885 
12366 2898 849 1106 846 
12367 2730 618 714 2685 
12368 2898 1106 849 901 
12369 2730 2728 2885 2879 
12370 134 2357 2306 605 
12371 597 2673 2722 705 
12372 2301 2734 2322 2885 
12373 2885 2322 2301 2323 
12374 2733 606 2301 2727 
12375 2898 3054 1106 901 
12376 2306 2357 2325 605 
12377 2352 2325 2357 605 
12378 2356 2730 2879 2685 
12379 3021 3022 2308 2310 
12380 3021 2322 2295 711 
12381 2885 2701 2710 2702 
12382 2703 2723 2705 710 
12383 3021 711 2295 2726 
12384 2887 3054 2898 901 
12385 2295 136 608 2726 
12386 2882 2323 2885 2325 
12387 2879 2680 2701 2702 
12388 2882 2310 2328 2311 
12389 2882 2296 2352 2343 
12390 3021 2302 2309 2308 
12391 3016 2308 3022 2310 
12392 2887 1067 1110 1169 
12393 2887 900 2898 850 
12394 2908 1163 783 878 
12395 2908 2906 2905 887 
12396 707 2732 156 2685 
12397 2879 2728 2680 2685 
12398 135 2733 2306 713 
12399 2673 598 2722 706 
12400 2273 3021 3022 2289 
12401 2295 2322 2726 711 
12402 3021 2295 2322 2331 
12403 2908 1163 878 1192 
12404 3016 2293 2280 2290 
12405 2728 707 708 2680 
12406 2701 2728 2731 708 
12407 617 618 2730 2340 
12408 3021 711 2721 712 
12409 2908 1078 783 1163 
12410 2908 887 878 168 
12411 2701 2728 708 2680 
12412 3022 2283 2289 2302 
12413 2908 2906 887 168 
12414 3018 2343 2348 2354 
12415 3022 2686 2681 2282 
12416 2685 707 2732 2728 
12417 3022 3021 2287 2718 
12418 3022 2689 2688 2687 
12419 2879 2675 2698 2707 
12420 2879 2728 2885 2701 
12421 3018 2296 2361 2312 
12422 2723 2703 2722 2720 
12423 2885 2322 2323 2331 
12424 2737 714 713 2730 
12425 2306 2733 606 2301 
12426 708 2701 157 2731 
12427 2704 616 2698 2356 
12428 2704 2685 616 2356 
12429 714 2736 156 2685 
12430 2737 617 618 2730 
12431 3018 2327 2296 2312 
12432 2908 1192 878 887 
12433 2357 2730 617 2306 
12434 2685 2356 138 616 
12435 2879 2885 2882 3017 
12436 3018 2328 2882 2296 
12437 2735 134 617 2306 
12438 2879 2702 2885 2689 
12439 3021 2322 2885 2331 
12440 3021 2674 2718 2688 
12441 2325 2730 2306 2301 
12442 618 2737 2730 714 
12443 2306 2735 713 617 
12444 2905 1097 1028 887 
12445 706 155 2672 2705 
12446 3018 2312 3019 2313 
12447 2879 2882 2359 2348 
12448 3021 2720 2721 2722 
12449 2736 156 2685 138 
12450 2698 2356 616 2350 
12451 3018 3017 3016 3020 
12452 2325 2879 2357 2730 
12453 615 2675 2348 614 
12454 615 2675 2350 2348 
12455 134 617 2306 2357 
12456 2728 2729 2730 2885 
12457 2730 2340 2356 2879 
12458 2703 598 2722 3021 
12459 2879 2882 2348 2675 
12460 2698 616 615 2350 
12461 2882 2348 2343 2359 
12462 3018 2696 3017 3020 
12463 605 2352 2319 604 
12464 2228 2261 568 569 
12465 2728 2685 707 2680 
12466 2319 2352 2296 604 
12467 2352 2325 605 2319 
12468 2905 1028 1192 887 
12469 3022 2293 2282 2273 
12470 2885 2731 712 2701 
12471 2879 2350 2698 2675 
12472 2691 2348 2675 614 
12473 3018 3019 2706 2692 
12474 3019 2693 2699 2677 
12475 2905 2906 1140 887 
12476 603 2361 2312 602 
12477 603 2361 2343 2296 
12478 2885 711 2734 2322 
12479 3017 2706 2675 2707 
12480 2879 2885 2707 2689 
12481 2885 3017 3016 2882 
12482 3018 2354 3019 2361 
12483 2730 2301 2727 2733 
12484 3043 3047 2334 2335 
12485 3043 3046 2320 2342 
12486 3020 2313 2315 2317 
12487 603 2296 2343 604 
12488 3020 2315 2313 2314 
12489 3018 2354 2348 2344 
12490 3018 2311 2327 2317 
12491 3017 2690 3022 2708 
12492 3019 2699 2345 2677 
12493 3019 2692 2693 2677 
12494 2312 2362 602 2361 
12495 2691 2348 614 2344 
12496 2344 2691 613 614 
12497 2344 2691 2346 613 
12498 3018 2348 2691 2344 
12499 2905 1140 2906 2907 
12500 3019 2298 2312 2362 
12501 2346 612 613 2677 
12502 2320 2362 2353 2342 
12503 2346 612 2677 2345 
12504 2346 613 2691 2677 
12505 2905 1097 2907 988 
12506 3051 2708 2711 2696 
12507 2885 2731 2728 2729 
12508 2345 3043 2699 3019 
12509 3016 2307 2302 2308 
12510 2885 2734 711 2729 
12511 3019 2353 2346 2345 
12512 3043 2314 3019 2298 
12513 598 597 2673 2722 
12514 2885 711 712 2729 
12515 2698 2350 615 2675 
12516 2685 714 2736 618 
12517 2730 2325 2879 2885 
12518 598 2287 2703 2705 
12519 2729 2730 2885 2301 
12520 2885 2701 712 2710 
12521 2287 3022 2282 2273 
12522 3018 2691 2675 2706 
12523 3021 2720 2674 2725 
12524 2683 2718 2287 2703 
12525 135 2735 2306 134 
12526 2734 607 2727 2301 
12527 2879 2882 2352 2359 
12528 711 136 2322 2726 
12529 2685 156 714 2732 
12530 2306 2730 2733 2301 
12531 3021 711 2885 2322 
12532 3019 2353 2362 2347 
12533 3019 2362 2361 2347 
12534 2882 2323 2325 2319 
12535 3021 2331 2310 2309 
12536 2681 2282 596 2287 
12537 3018 2348 3017 2675 
12538 3016 2678 3051 2708 
12539 3021 2721 2725 712 
12540 3016 2708 3022 2686 
12541 2879 2707 2702 2689 
12542 132 2304 2326 597 
12543 2879 2340 2357 2730 
12544 2724 2324 609 2719 
12545 3016 2290 3051 2278 
12546 3051 2712 3044 2694 
12547 3016 2307 2329 2299 
12548 2321 2279 586 585 
12549 2991 2989 2269 2255 
12550 3020 2696 2694 2692 
12551 3051 3044 2276 2292 
12552 3022 2681 2718 2287 
12553 3046 2349 2716 2355 
12554 3016 2307 2280 2293 
12555 3016 2290 2280 2275 
12556 3022 2718 2681 2688 
12557 2353 3043 3019 2320 
12558 2905 1215 1028 1097 
12559 3044 2292 2294 2281 
12560 3019 2312 2298 2313 
12561 2315 3043 2333 2316 
12562 3051 2290 2275 2291 
12563 3055 953 3056 940 
12564 2312 602 2362 2298 
12565 3016 2275 3051 2290 
12566 2956 2336 2335 2297 
12567 3018 3020 3016 2317 
12568 2905 2894 1028 1210 
12569 2320 601 2342 600 
12570 2362 2342 2320 601 
12571 3018 2348 2882 3017 
12572 3019 2346 2347 2344 
12573 2320 2342 2351 600 
12574 2320 2351 2303 600 
12575 2956 2300 2338 2274 
12576 3051 2333 2321 2332 
12577 2939 2272 374 375 
12578 3044 2694 2695 2693 
12579 3044 2300 2333 2334 
12580 3044 2712 2679 2713 
12581 2956 2713 2684 2715 
12582 2353 3043 2320 2342 
12583 3043 2334 2316 2335 
12584 3026 1983 1767 1737 
12585 3047 2967 3046 2709 
12586 2939 2715 2966 2956 
12587 2939 457 2836 2966 
12588 3043 3044 2695 2693 
12589 3018 3019 2312 2361 
12590 3044 2274 2294 2292 
12591 2956 2274 2338 2285 
12592 3051 2276 2291 2292 
12593 3046 2349 2341 2360 
12594 2956 2305 2288 2285 
12595 2345 3043 2342 3046 
12596 2967 376 2358 384 
12597 2956 3044 2294 2284 
12598 2956 2288 2272 2285 
12599 3057 1433 1494 1448 
12600 3055 917 918 940 
12601 2829 376 2967 384 
12602 3051 2274 3044 2292 
12603 2905 2902 2894 1210 
12604 2956 2336 379 2305 
12605 583 2285 2338 584 
12606 2956 2272 2286 2284 
12607 3043 2314 2298 2320 
12608 3044 2712 2695 2694 
12609 2967 2337 2303 2351 
12610 2956 2300 2334 2338 
12611 2811 1068 2837 206 
12612 210 28 1377 27 
12613 3018 2691 3019 2344 
12614 3043 3019 2693 2699 
12615 2967 2337 2330 2303 
12616 2992 2247 2184 2209 
12617 584 585 2274 2300 
12618 3000 3001 1212 217 
12619 2994 2266 2262 2250 
12620 2853 1603 1604 1367 
12621 3046 2699 2349 2345 
12622 2956 2305 2334 2336 
12623 2274 2300 585 2279 
12624 2837 457 456 668 
12625 2956 2300 3044 2334 
12626 3051 2321 2299 2332 
12627 2939 1381 379 208 
12628 3051 3020 2333 2332 
12629 2885 2701 2728 2731 
12630 3044 2712 2713 2695 
12631 3051 2712 2694 2711 
12632 2902 2910 2819 988 
12633 3044 2713 2679 2717 
12634 1366 1359 214 956 
12635 2276 593 592 2700 
12636 2829 1569 2001 1865 
12637 2330 2966 2967 3047 
12638 3051 2300 3044 2274 
12639 2966 2336 2297 378 
12640 3046 2360 2341 2351 
12641 1363 1367 365 74 
12642 591 2717 2284 2281 
12643 2837 376 206 377 
12644 1048 1378 3049 2938 
12645 591 2679 2717 2281 
12646 3051 2291 2279 2292 
12647 3044 2679 2276 2281 
12648 2276 2679 592 2281 
12649 3044 2717 2679 2281 
12650 591 592 2679 2281 
12651 2956 2338 2334 2305 
12652 2956 2274 2285 2294 
12653 590 2684 2286 2284 
12654 2939 2836 2937 208 
12655 2956 3044 2274 2294 
12656 3046 2303 2320 2351 
12657 2837 1382 206 376 
12658 3046 2341 2967 2351 
12659 374 26 1379 1381 
12660 670 2286 375 77 
12661 2956 3044 2300 2274 
12662 617 2730 713 2306 
12663 3057 1983 3026 1737 
12664 3047 2676 2966 2967 
12665 2939 2937 1686 97 
12666 2696 3051 3020 2694 
12667 3051 3044 2712 2700 
12668 3047 2297 2335 2318 
12669 2966 2336 2956 2297 
12670 3046 2355 2341 2349 
12671 2288 379 583 2305 
12672 3047 3044 2714 2695 
12673 2321 2333 2279 2300 
12674 3044 2334 2333 2316 
12675 3051 2291 2278 2290 
12676 3019 2346 2677 2345 
12677 3047 3046 2697 2709 
12678 374 28 379 1379 
12679 2699 2677 612 2345 
12680 2699 612 611 2345 
12681 2967 385 2341 2355 
12682 2699 611 2349 2345 
12683 3044 2700 2276 2679 
12684 3051 2279 2321 2333 
12685 3018 2311 2882 2328 
12686 2956 374 2288 379 
12687 2284 3044 2294 2281 
12688 2278 2276 2700 593 
12689 3046 2967 2716 2709 
12690 3044 2713 2714 2695 
12691 2879 2359 2350 2348 
12692 3046 2360 2351 2342 
12693 2207 2252 565 2256 
12694 3016 2283 2302 2307 
12695 2939 457 2966 669 
12696 2879 2702 2704 2680 
12697 2902 1794 2819 2910 
12698 3022 2282 2293 2277 
12699 3043 3044 3047 2695 
12700 2663 581 582 2249 
12701 3051 2700 2711 2678 
12702 3051 2333 3044 2300 
12703 2882 2311 3016 2310 
12704 3021 2721 711 2726 
12705 3051 2279 2274 2292 
12706 3043 3019 2345 2353 
12707 2966 2956 2336 378 
12708 3016 3022 2277 2686 
12709 3046 2716 2682 2709 
12710 2320 2298 3019 2353 
12711 2699 611 2682 2349 
12712 2882 2325 2357 2352 
12713 79 2716 610 2355 
12714 79 95 2473 385 
12715 3046 2320 2342 2351 
12716 610 2716 2349 2355 
12717 79 667 2355 385 
12718 79 95 385 1387 
12719 2967 2716 667 2355 
12720 2682 2349 611 610 
12721 3020 2694 3044 2693 
12722 2682 2349 610 2716 
12723 2811 880 206 1217 
12724 2829 384 25 1382 
12725 2473 2829 2474 667 
12726 2830 982 1189 1115 
12727 455 2829 2473 385 
12728 2473 95 455 385 
12729 2836 2811 2829 2813 
12730 79 381 95 1387 
12731 2939 2715 2956 2684 
12732 385 1803 1387 95 
12733 1803 381 1864 1387 
12734 1803 95 381 1387 
12735 385 1803 1864 1387 
12736 2837 377 207 378 
12737 385 1803 95 455 
12738 2829 1382 376 384 
12739 2956 2288 374 2272 
12740 1803 1569 455 385 
12741 3047 2318 3046 2330 
12742 3018 2691 2348 2675 
12743 381 1741 1864 1387 
12744 388 389 1575 1391 
12745 385 1803 1569 1864 
12746 380 1388 1868 1916 
12747 380 1388 78 1868 
12748 388 1575 1635 1391 
12749 1868 1916 1388 1635 
12750 2473 2829 667 385 
12751 380 1384 1388 1741 
12752 1388 2974 1916 1899 
12753 1635 1575 1636 1391 
12754 1388 2974 1899 1384 
12755 78 1391 1868 383 
12756 383 1635 1868 1388 
12757 1636 1575 1637 1391 
12758 1391 2974 383 1393 
12759 2977 1442 3063 1473 
12760 2973 1637 1393 2974 
12761 388 1635 1868 1391 
12762 2974 383 1388 1635 
12763 2812 1777 2814 1866 
12764 383 1635 1391 1868 
12765 2902 1010 1215 988 
12766 1387 1741 1899 1384 
12767 1899 2830 1387 1384 
12768 2975 1639 1641 1638 
12769 2830 1217 2829 25 
12770 2813 1852 2836 1984 
12771 2811 2812 2830 2829 
12772 78 1391 388 1868 
12773 2974 1384 1388 1386 
12774 1899 1741 1388 1384 
12775 380 1741 1388 1916 
12776 1387 1741 1864 1899 
12777 2971 854 2974 2973 
12778 2830 1081 1217 785 
12779 204 1390 957 1383 
12780 2830 1385 1390 384 
12781 382 22 1392 1084 
12782 2974 1635 1636 1391 
12783 2830 205 1019 785 
12784 851 1392 852 791 
12785 2974 2830 1115 982 
12786 852 1392 853 791 
12787 2974 957 1128 1115 
12788 957 1389 1383 2974 
12789 2974 2830 1386 1383 
12790 1899 1741 1916 1388 
12791 2811 2813 2836 1068 
12792 204 24 1019 1390 
12793 2902 970 1010 988 
12794 3040 1397 393 392 
12795 204 1019 1080 1390 
12796 2974 1384 2830 1899 
12797 2830 1080 957 1115 
12798 2836 1942 1591 458 
12799 384 1019 205 24 
12800 24 384 1390 23 
12801 384 1019 24 1390 
12802 204 1080 957 1390 
12803 24 384 23 1380 
12804 2813 1963 3057 1749 
12805 2813 1664 1972 1821 
12806 376 1380 384 1382 
12807 2956 2713 3044 2717 
12808 2872 2878 2999 3000 
12809 2338 584 2285 2274 
12810 2337 599 2358 23 
12811 2337 2351 599 2303 
12812 2337 2351 2358 599 
12813 376 1380 23 384 
12814 2967 2358 2341 384 
12815 3047 2714 2676 2697 
12816 2829 667 456 2474 
12817 1390 957 1383 2830 
12818 2974 2973 1637 1638 
12819 2974 1115 2830 957 
12820 2830 1977 1864 1569 
12821 2971 1207 2972 870 
12822 2830 1385 1384 1386 
12823 2830 2829 1569 385 
12824 2812 1865 2830 2829 
12825 2813 3026 2836 3050 
12826 3047 2695 2697 2693 
12827 2971 1639 2974 1653 
12828 376 23 2337 2358 
12829 204 957 203 1383 
12830 2974 2830 1384 1386 
12831 3047 2956 2334 2335 
12832 205 25 384 1380 
12833 2814 1009 993 965 
12834 2811 880 1068 206 
12835 3020 3019 2692 2693 
12836 2974 1050 1128 851 
12837 2338 2300 584 2274 
12838 2345 3043 3046 2699 
12839 3047 2697 2676 2709 
12840 3046 2967 2330 2303 
12841 2812 1899 1766 1653 
12842 79 2473 667 385 
12843 3044 2276 2292 2281 
12844 2811 1664 2812 2829 
12845 3046 2349 2699 2682 
12846 2902 2819 970 988 
12847 79 667 2716 2355 
12848 3047 3046 2967 2330 
12849 3044 2700 2679 2712 
12850 2956 2286 2684 2284 
12851 22 1084 1389 203 
12852 2362 2320 2298 601 
12853 3019 2347 2346 2353 
12854 3057 3056 3026 953 
12855 2902 2892 2894 1169 
12856 2837 2836 208 207 
12857 3064 2363 2373 2379 
12858 2397 144 715 2793 
12859 2735 713 135 2306 
12860 2392 2793 2788 2787 
12861 2380 2416 625 2397 
12862 144 715 2738 2397 
12863 2882 2343 2352 2359 
12864 2380 2403 625 2416 
12865 3031 3034 2759 3070 
12866 2416 2788 2392 2397 
12867 2374 624 625 2403 
12868 3037 654 3060 2796 
12869 2740 634 2788 716 
12870 634 633 2740 2788 
12871 2902 1794 2894 2892 
12872 3037 2741 2777 2755 
12873 3016 2310 3022 2885 
12874 3041 3060 3042 2399 
12875 2788 2380 2363 633 
12876 624 2387 2370 623 
12877 3070 3042 3029 3030 
12878 2373 2758 632 631 
12879 2771 2373 2758 632 
12880 2902 1215 1010 1210 
12881 2373 631 2742 2758 
12882 2844 1755 1753 1580 
12883 2788 2379 3064 3061 
12884 3064 3034 2367 2384 
12885 634 2363 633 2788 
12886 2771 2373 632 2379 
12887 2379 2752 632 2771 
12888 2379 2363 2788 3064 
12889 2785 3037 2770 654 
12890 3061 2792 721 2413 
12891 597 3021 2324 2722 
12892 1938 2844 2809 1479 
12893 2844 1426 2809 1479 
12894 3018 2327 2312 2313 
12895 157 712 2731 2701 
12896 2301 2325 2730 2885 
12897 2672 706 2705 598 
12898 158 2791 720 2752 
12899 3064 2367 3034 2742 
12900 3037 2422 2386 2400 
12901 720 2786 719 2747 
12902 2768 719 160 2790 
12903 2768 719 2790 2747 
12904 722 160 2790 2768 
12905 2768 160 2741 2799 
12906 3037 2400 2386 2430 
12907 722 160 2768 2799 
12908 2768 2741 722 2799 
12909 2739 716 158 2752 
12910 2397 715 633 2788 
12911 160 718 2741 2799 
12912 2844 1847 1755 1580 
12913 2788 2397 715 2793 
12914 3034 3069 2381 2365 
12915 3032 2408 2426 2410 
12916 2380 2363 3064 2788 
12917 720 2752 2791 2747 
12918 2844 2809 2808 1847 
12919 2431 653 2447 3060 
12920 3037 2794 2797 2799 
12921 719 2786 2790 2747 
12922 3061 2771 3064 2769 
12923 3061 722 3037 721 
12924 143 721 2413 2801 
12925 3037 2755 3060 2785 
12926 2787 2392 2793 645 
12927 3037 2794 2796 2797 
12928 3041 3042 3070 3030 
12929 2792 2392 2787 644 
12930 143 2792 644 2413 
12931 2413 3061 2792 2392 
12932 2788 2380 2397 2416 
12933 2787 644 2392 645 
12934 2792 2392 644 2413 
12935 3061 3041 2414 2422 
12936 2817 1887 1773 1755 
12937 143 721 2792 2413 
12938 720 2791 2786 2747 
12939 2747 2788 2786 3061 
12940 140 634 2752 2379 
12941 2817 1773 1887 1838 
12942 2747 2379 2771 2752 
12943 3037 2801 721 2797 
12944 2413 3037 2386 721 
12945 2392 2397 2793 645 
12946 2747 2752 2788 2379 
12947 2788 716 2752 2791 
12948 2730 2685 2732 2728 
12949 2356 618 2730 2685 
12950 2817 1888 1877 1773 
12951 618 2730 2340 2356 
12952 618 138 2736 2685 
12953 144 645 2793 2397 
12954 3021 2725 2674 712 
12955 714 2730 2685 2732 
12956 2788 2740 716 715 
12957 2817 1888 2868 1877 
12958 2395 3060 2796 2430 
12959 2879 2698 2702 2707 
12960 2788 2392 2787 3061 
12961 2379 632 2752 140 
12962 721 2413 2801 2386 
12963 2730 2737 617 713 
12964 158 2739 2752 140 
12965 2817 2868 2907 1877 
12966 2738 2397 633 139 
12967 3061 2769 2768 2747 
12968 3061 2392 2414 2416 
12969 3061 2414 3064 2416 
12970 2373 2367 2742 631 
12971 3034 2365 2370 2387 
12972 2756 3070 3064 3042 
12973 3064 2788 3061 2416 
12974 3064 2363 2374 2384 
12975 2742 2373 2758 3064 
12976 633 2788 2380 2397 
12977 3029 2745 3062 2438 
12978 143 2801 2413 2386 
12979 3064 2379 2373 2771 
12980 143 643 2801 2386 
12981 3034 3069 2404 2418 
12982 3064 2374 3034 2384 
12983 3042 2753 3060 2748 
12984 633 2740 2788 715 
12985 3061 3064 3042 2756 
12986 3041 2418 2420 2402 
12987 2742 3070 2773 2759 
12988 634 2752 2739 140 
12989 634 2788 716 2752 
12990 3060 654 2750 2445 
12991 654 2785 3037 3060 
12992 2802 723 142 2417 
12993 2817 2907 2910 1877 
12994 3060 2785 2748 2750 
12995 3037 2801 2797 2795 
12996 2795 2800 2796 2417 
12997 2436 3029 3030 2440 
12998 3061 721 3037 2413 
12999 3029 3060 2453 2436 
13000 3034 2387 2403 2420 
13001 3061 2771 2769 2747 
13002 2752 2788 2791 2747 
13003 3061 2786 2790 2789 
13004 3061 3042 3041 3037 
13005 3060 2453 2444 2431 
13006 3034 2365 2381 2370 
13007 3061 3041 3042 3064 
13008 3060 2796 2430 3037 
13009 3060 2445 2443 2431 
13010 3060 2443 2445 2748 
13011 2759 2368 629 2369 
13012 2759 2744 629 2368 
13013 2759 629 630 2369 
13014 2742 2373 3064 2367 
13015 3061 2422 2414 2413 
13016 3042 2754 2757 2774 
13017 3029 3031 2778 2764 
13018 2742 2367 630 631 
13019 3070 3031 2773 2759 
13020 3064 2384 2373 2363 
13021 3069 2365 2382 2381 
13022 3032 2426 3073 2410 
13023 3034 3030 3031 2418 
13024 3060 2393 2398 2399 
13025 3019 2691 2706 2692 
13026 3016 3051 2275 2299 
13027 3034 2404 3069 2365 
13028 3061 2787 2789 2792 
13029 2368 2766 2744 628 
13030 3019 2362 2312 2361 
13031 3016 2332 2329 2317 
13032 3018 2296 2343 2361 
13033 3018 2343 2882 2348 
13034 3070 2757 3042 2756 
13035 3061 2788 2789 2787 
13036 3041 2401 2422 2400 
13037 3034 2374 2370 2384 
13038 2430 2415 2386 2801 
13039 3016 2708 3051 2696 
13040 2370 2365 623 2387 
13041 3032 3073 2763 2765 
13042 629 2368 2744 628 
13043 2380 625 139 2397 
13044 2738 144 2397 139 
13045 3032 2766 3069 2372 
13046 623 622 2404 2365 
13047 623 2404 2387 2365 
13048 3064 2742 2775 2758 
13049 3034 2418 3031 3069 
13050 3041 3060 3037 3042 
13051 2404 622 2371 2365 
13052 2974 1393 853 1392 
13053 2371 621 622 2389 
13054 2744 3031 3069 2759 
13055 2404 2371 622 2389 
13056 602 601 2362 2298 
13057 2363 634 2379 2788 
13058 3069 2382 2369 2381 
13059 3069 2383 2368 2382 
13060 3030 2398 2436 2390 
13061 3034 3069 2369 2381 
13062 3019 2677 2346 2691 
13063 3032 2766 3048 2765 
13064 3061 2768 2777 2741 
13065 2403 2380 3064 2416 
13066 3069 2759 2368 2744 
13067 3069 2744 2368 2766 
13068 3032 3048 2383 2366 
13069 3062 2423 2390 2412 
13070 3062 3033 2434 2449 
13071 3041 2401 2414 2422 
13072 3033 2412 2434 2391 
13073 3027 3028 2421 396 
13074 3029 2438 2450 2451 
13075 3048 2378 3028 2364 
13076 3048 2375 2385 2364 
13077 3031 2773 2760 2764 
13078 2817 1773 1877 1771 
13079 3031 2405 2418 2409 
13080 3032 2408 2407 2424 
13081 3069 2766 2368 2372 
13082 3048 2376 2366 2394 
13083 3060 2785 2755 2748 
13084 3030 2390 2436 2440 
13085 2759 630 2742 2369 
13086 3034 2369 2742 2367 
13087 2742 3070 2759 3034 
13088 2766 628 2372 627 
13089 2766 2372 2749 627 
13090 3069 2406 2389 2405 
13091 3048 2394 2428 2376 
13092 3029 2778 2745 2774 
13093 3062 2412 2424 2423 
13094 3032 3048 2766 2372 
13095 2371 621 2411 2366 
13096 2411 2394 2366 620 
13097 3031 2760 2744 2761 
13098 3032 3062 3031 2762 
13099 3031 3069 2418 2405 
13100 2795 2417 2395 2415 
13101 3070 3042 2757 2774 
13102 3066 2435 2452 2449 
13103 2817 1877 2910 1771 
13104 3062 2767 2779 2746 
13105 3027 3048 3073 2388 
13106 3062 2778 2779 2767 
13107 2767 648 2437 649 
13108 2767 2746 2437 648 
13109 2767 2437 2438 649 
13110 2767 2438 2745 649 
13111 2745 2438 650 649 
13112 3062 2412 2390 2440 
13113 3062 2767 2437 2438 
13114 3061 2768 2790 2747 
13115 2753 651 2443 2748 
13116 2753 2433 2443 651 
13117 2753 2433 651 650 
13118 3060 2444 2453 2436 
13119 3061 2777 3037 2741 
13120 3061 3042 3037 2756 
13121 2398 2436 639 640 
13122 3069 2382 2368 2369 
13123 3034 2381 2369 2367 
13124 654 724 2770 2772 
13125 2430 2796 2795 3037 
13126 3062 3033 2449 2435 
13127 3041 3030 2402 2399 
13128 2390 639 2436 2440 
13129 3030 2398 3060 2436 
13130 3034 2369 2759 2742 
13131 3069 2383 2371 2366 
13132 3069 2411 2389 2406 
13133 3069 2382 2371 2383 
13134 3033 2425 2424 2391 
13135 3062 2779 3033 2746 
13136 3027 396 196 197 
13137 3062 2437 2767 2746 
13138 3066 2782 2751 2780 
13139 3062 2450 2434 2440 
13140 3069 2389 2404 2405 
13141 3062 2745 2778 2767 
13142 2412 2434 638 2440 
13143 3032 3033 3062 2779 
13144 3033 2424 2412 2391 
13145 2412 637 2434 2391 
13146 2412 637 638 2434 
13147 2390 2412 638 2440 
13148 3069 2411 2371 2389 
13149 3029 3030 3042 3060 
13150 3032 3069 3031 2405 
13151 2817 1755 1773 1771 
13152 3069 2371 2411 2366 
13153 3070 3030 3029 2764 
13154 3069 2368 2383 2372 
13155 2798 724 2770 2796 
13156 2434 2391 637 2439 
13157 3062 2434 2412 2440 
13158 3066 3068 2396 2448 
13159 3062 2745 2767 2438 
13160 3032 2383 3069 2366 
13161 3033 2425 2391 2429 
13162 3073 2388 2410 2426 
13163 3073 2780 3033 2763 
13164 3071 451 92 2478 
13165 3027 2388 2427 395 
13166 3068 671 2751 2782 
13167 3073 2388 3048 2410 
13168 2441 647 2435 2784 
13169 3073 673 2743 2776 
13170 2429 2442 636 2439 
13171 3030 3060 2398 2399 
13172 3029 2778 3062 2745 
13173 2442 2396 635 2448 
13174 3068 671 2782 672 
13175 2391 2429 636 2439 
13176 2429 636 2442 635 
13177 3062 2412 3033 2424 
13178 3069 2382 2365 2371 
13179 3071 3068 2478 403 
13180 3070 2774 2757 2764 
13181 2437 2746 2435 648 
13182 2762 3032 2763 2761 
13183 2441 646 2784 2751 
13184 3066 2782 3073 3068 
13185 3066 2442 2432 2448 
13186 3027 2427 3073 3068 
13187 2751 646 671 2446 
13188 3073 2780 2763 2781 
13189 674 3008 2477 393 
13190 3068 671 2478 403 
13191 3048 2383 2366 2385 
13192 3071 451 3068 3072 
13193 3068 672 3072 451 
13194 3066 2746 3033 2780 
13195 3029 2753 2745 650 
13196 3068 671 672 451 
13197 2390 638 639 2440 
13198 3048 3028 2377 2364 
13199 3066 2435 2449 3033 
13200 3008 93 2477 393 
13201 3066 2429 3033 2439 
13202 3068 671 403 2446 
13203 3008 1175 881 197 
13204 3010 949 948 1061 
13205 3066 2441 2751 2446 
13206 3031 2744 3069 2761 
13207 2441 647 2784 646 
13208 2411 2366 621 620 
13209 3062 2449 2437 2435 
13210 3032 2779 3062 2762 
13211 3033 2429 2391 2439 
13212 2429 2442 2396 635 
13213 3048 2385 2376 2364 
13214 2435 647 648 2746 
13215 3029 2753 2754 2774 
13216 3069 2761 2744 2766 
13217 3072 1590 452 1910 
13218 3073 2781 2763 2765 
13219 2396 394 635 2448 
13220 2424 3032 3062 2407 
13221 3068 2427 2396 394 
13222 3008 3010 1175 1123 
13223 3032 2405 3031 2407 
13224 3028 3072 673 453 
13225 3048 2411 2410 2394 
13226 3068 671 451 2478 
13227 3072 451 672 452 
13228 3048 2421 3028 2428 
13229 3010 1732 1842 1910 
13230 3027 395 3068 195 
13231 3009 1952 1590 1842 
13232 3009 3071 1157 195 
13233 3010 1165 973 1061 
13234 3008 674 2477 453 
13235 2428 2394 619 2376 
13236 2428 619 2378 2376 
13237 3033 2426 2425 2427 
13238 2428 20 2378 619 
13239 393 2476 454 93 
13240 393 2477 2476 93 
13241 393 674 2476 2477 
13242 393 81 94 2476 
13243 393 94 81 1399 
13244 393 674 81 2476 
13245 2377 626 81 2783 
13246 2377 2783 2375 626 
13247 2377 2783 81 674 
13248 3048 2377 3028 2783 
13249 3048 2375 2377 2783 
13250 3028 881 3023 18 
13251 393 454 1807 1568 
13252 910 3071 3035 1195 
13253 1105 2817 2868 2907 
13254 3028 1403 197 18 
13255 392 1403 198 19 
13256 3073 2388 2426 2427 
13257 3066 2427 2425 2396 
13258 619 2394 620 2376 
13259 3072 452 1590 451 
13260 3009 197 196 1123 
13261 397 20 392 2378 
13262 3023 885 883 948 
13263 1401 199 1202 1394 
13264 3008 3023 3065 1667 
13265 1401 199 1023 1202 
13266 3040 386 938 1393 
13267 2817 2910 2907 989 
13268 1401 784 1023 198 
13269 392 784 198 18 
13270 1401 1202 1023 784 
13271 397 2378 2428 20 
13272 20 1401 199 19 
13273 392 1401 20 19 
13274 3063 1873 1582 1780 
13275 3040 1396 1400 386 
13276 1058 3040 1202 1394 
13277 1058 200 1400 1394 
13278 1058 200 1042 1400 
13279 1058 200 1394 199 
13280 1058 1394 1202 199 
13281 3040 1401 1394 1397 
13282 3023 784 881 882 
13283 3040 392 3023 784 
13284 2971 2812 982 870 
13285 1393 1392 386 938 
13286 938 1042 1092 1400 
13287 1907 3040 2973 1393 
13288 3040 1396 1393 387 
13289 2818 995 865 866 
13290 1864 2830 385 1387 
13291 1400 1092 1392 202 
13292 791 202 201 1392 
13293 938 1392 1092 853 
13294 202 1392 1400 21 
13295 1042 21 1400 200 
13296 851 1392 201 1084 
13297 1400 1092 202 1042 
13298 2818 2810 2845 1779 
13299 2818 2845 2868 1779 
13300 1400 386 21 1392 
13301 2971 2972 3025 2975 
13302 3021 2710 2885 712 
13303 3032 2408 3033 2426 
13304 1899 2830 1864 1387 
13305 2818 866 1056 995 
13306 2973 1638 1640 1637 
13307 3019 2347 2354 2344 
13308 382 22 1084 1389 
13309 382 1084 851 1128 
13310 1389 957 1383 203 
13311 3047 2297 2318 2330 
13312 853 938 1392 1393 
13313 3040 1897 1973 1670 
13314 1907 3040 1722 2973 
13315 1389 1128 957 203 
13316 3067 2816 2821 2808 
13317 3040 882 1200 886 
13318 851 1392 791 201 
13319 2368 2372 2766 628 
13320 2974 853 852 1392 
13321 3040 1058 1198 938 
13322 3045 2977 3063 1958 
13323 392 198 1403 18 
13324 1401 1023 199 19 
13325 1401 198 1023 19 
13326 3038 3065 1924 1992 
13327 1807 3040 1670 1897 
13328 3038 3039 1188 985 
13329 3025 1074 933 1036 
13330 3048 2428 2378 2376 
13331 397 392 20 1403 
13332 1395 391 1398 1848 
13333 386 387 1393 1396 
13334 2371 621 2389 2411 
13335 3032 2763 2779 2762 
13336 3048 2394 2421 2428 
13337 3008 3028 3009 197 
13338 3048 2385 2375 2372 
13339 2366 2376 620 2394 
13340 674 3008 393 3028 
13341 78 383 1868 1388 
13342 654 2750 2785 3060 
13343 3048 2765 2766 2749 
13344 3040 1200 2973 1025 
13345 2375 2783 2749 626 
13346 2375 2749 627 626 
13347 3068 394 2396 2448 
13348 3066 2452 2442 2439 
13349 3033 2434 2449 2439 
13350 3066 2441 2452 2435 
13351 3009 3036 1944 1952 
13352 3040 1568 3023 393 
13353 3066 3068 3073 2427 
13354 3048 2375 2749 2372 
13355 3066 2396 2429 2442 
13356 3066 2784 2746 2780 
13357 3040 882 3023 1200 
13358 3066 3068 2427 2396 
13359 387 1826 80 1391 
13360 3033 2779 2763 2780 
13361 3062 2779 2778 2762 
13362 3064 2769 2775 2756 
13363 3071 3036 1565 1692 
13364 3027 2421 2388 396 
13365 3019 2677 2691 2692 
13366 2398 640 2444 2436 
13367 3009 451 3071 3072 
13368 3040 1399 1395 1897 
13369 391 1398 1826 80 
13370 1395 390 1897 1399 
13371 1395 1897 390 391 
13372 1826 1398 1848 1907 
13373 390 1399 81 94 
13374 955 2818 1119 1126 
13375 2974 1832 1899 1653 
13376 1907 387 1391 1826 
13377 2726 2324 2295 3021 
13378 2974 852 851 1392 
13379 3067 2815 2816 2808 
13380 1299 3067 2810 2815 
13381 3067 2808 2821 1680 
13382 2974 957 2830 1383 
13383 1907 1575 1391 1637 
13384 3040 938 1198 1025 
13385 2973 3023 1007 1200 
13386 3040 1666 1670 1985 
13387 3040 1568 1670 1666 
13388 3067 1617 2821 2816 
13389 1907 3040 1848 1722 
13390 1826 1907 389 1391 
13391 1807 3040 1897 1399 
13392 3040 1848 1395 1398 
13393 3040 1394 1400 1396 
13394 1907 387 1826 1398 
13395 3028 674 673 2776 
13396 3008 3010 3065 3023 
13397 391 1826 1398 1848 
13398 393 93 454 1568 
13399 3063 1924 1873 1780 
13400 1807 393 94 454 
13401 3067 1615 1618 1617 
13402 2976 1512 1463 1482 
13403 3010 3009 806 1123 
13404 3023 1175 3010 948 
13405 3040 393 3023 392 
13406 3040 387 1393 1907 
13407 3040 1396 386 1393 
13408 2345 3043 2353 2342 
13409 376 23 2358 384 
13410 3040 2973 938 1025 
13411 3067 1649 1618 1615 
13412 3040 1809 2973 1791 
13413 3023 883 1175 948 
13414 3009 195 806 196 
13415 3025 899 933 898 
13416 393 674 2377 81 
13417 3048 2776 2749 2783 
13418 390 1807 1897 1399 
13419 3040 1394 1401 1202 
13420 3027 2427 3068 395 
13421 3062 2437 2450 2438 
13422 3067 1618 1650 1912 
13423 2798 2772 159 717 
13424 3067 1650 2808 1912 
13425 2413 3061 2392 2414 
13426 3029 2754 3042 2774 
13427 3041 3037 3060 2400 
13428 3034 2387 2404 2365 
13429 2801 643 2415 2386 
13430 2801 3037 2386 2430 
13431 3041 2418 3034 2420 
13432 2794 718 2770 717 
13433 145 2803 2772 159 
13434 3064 2771 2373 2758 
13435 2741 2794 2799 718 
13436 3067 1650 1618 1649 
13437 3064 2367 2373 2384 
13438 2395 2795 2415 2430 
13439 3061 3037 3041 2422 
13440 2772 159 724 2798 
13441 3037 2386 721 2801 
13442 3034 2404 2387 2418 
13443 2796 2770 2794 3037 
13444 2436 3029 2440 2451 
13445 2770 2794 3037 2741 
13446 3029 2453 2451 2436 
13447 2796 2804 653 723 
13448 642 2795 643 2415 
13449 3069 2371 2404 2389 
13450 603 2361 2296 2312 
13451 653 2417 2395 2796 
13452 3060 2445 2431 654 
13453 654 145 2803 2772 
13454 3034 2381 2367 2384 
13455 2770 717 2798 2794 
13456 3060 2748 2445 2750 
13457 3060 2443 2753 2433 
13458 2395 2393 641 2447 
13459 2395 2447 641 141 
13460 3029 2753 3042 2754 
13461 2417 2802 723 653 
13462 2815 828 831 1052 
13463 2796 2795 2417 2395 
13464 2416 3064 2788 2380 
13465 2815 830 831 828 
13466 3061 2790 2768 722 
13467 654 2804 2796 724 
13468 141 653 2417 2395 
13469 2430 2415 2801 2795 
13470 724 723 2804 2796 
13471 2801 3037 2430 2795 
13472 2417 2802 141 142 
13473 2744 3031 2759 2760 
13474 2443 652 2445 2748 
13475 3029 2433 2753 650 
13476 3060 2398 2444 2436 
13477 2443 651 652 2748 
13478 2445 652 2750 2748 
13479 2815 831 865 1052 
13480 3060 2431 2443 2453 
13481 2445 145 2750 652 
13482 717 2798 2772 2770 
13483 2818 2810 3067 2815 
13484 2815 828 1052 827 
13485 653 2417 2802 141 
13486 3037 3060 2400 2430 
13487 3060 2393 2447 2444 
13488 3060 654 653 2796 
13489 654 145 2750 2445 
13490 641 2444 2393 640 
13491 2796 3037 654 2770 
13492 141 653 2395 2447 
13493 2379 3061 2747 2771 
13494 3037 2770 2741 2785 
13495 2431 3060 654 653 
13496 3041 3034 3064 2403 
13497 2815 1300 2816 829 
13498 3060 653 2395 2796 
13499 2741 2794 718 2770 
13500 3030 2419 2398 2390 
13501 2772 2798 724 2770 
13502 653 2447 3060 2395 
13503 2770 654 2772 2750 
13504 3029 2438 3062 2450 
13505 3062 3033 2412 2434 
13506 3071 781 17 194 
13507 3029 3062 3030 2440 
13508 3029 650 2745 2438 
13509 159 724 2803 2772 
13510 2804 653 654 2796 
13511 2748 3042 2755 3060 
13512 3060 2393 2430 2395 
13513 3032 2383 3048 2372 
13514 3032 3048 3073 2765 
13515 3062 2407 2423 2424 
13516 637 2439 2391 636 
13517 3066 2427 3033 2425 
13518 2908 978 977 1163 
13519 2909 167 729 730 
13520 2868 1997 1888 1699 
13521 3035 1408 1405 1411 
13522 2896 1547 1527 1517 
13523 2880 753 751 752 
13524 2897 741 734 767 
13525 1552 1233 280 281 
13526 2891 1540 2895 1516 
13527 1523 1236 444 280 
13528 2891 2895 1540 1536 
13529 2897 1234 1243 1226 
13530 750 1234 741 2897 
13531 2897 767 1238 741 
13532 1552 1223 1233 281 
13533 2891 760 769 751 
13534 2899 163 164 767 
13535 2900 302 1267 1281 
13536 2840 2828 2838 2835 
13537 2880 2895 2890 1555 
13538 2909 443 2458 86 
13539 2909 2457 2899 2906 
13540 279 1862 1422 2915 
13541 444 56 280 1236 
13542 2907 1096 809 1105 
13543 409 1869 84 1421 
13544 2897 2895 1243 1223 
13545 1915 1418 409 1742 
13546 1552 1236 1523 280 
13547 2900 1278 1267 1288 
13548 444 279 2457 2454 
13549 408 1862 1742 1422 
13550 1805 279 1862 1422 
13551 2845 1294 1804 1863 
13552 2904 2908 2905 978 
13553 449 1567 279 89 
13554 56 90 1422 279 
13555 232 1075 1330 959 
13556 409 1421 1915 1869 
13557 408 1418 1422 1742 
13558 2901 442 446 2456 
13559 1671 2904 1980 1662 
13560 1805 449 1567 279 
13561 2904 1812 2905 1671 
13562 2454 89 449 279 
13563 2905 2902 1215 988 
13564 3052 1833 1631 1651 
13565 1223 2897 2895 1552 
13566 868 2894 2903 1110 
13567 2903 977 868 867 
13568 2905 1140 2907 1097 
13569 2457 2454 279 89 
13570 2840 472 471 656 
13571 2899 444 1523 1236 
13572 279 1567 1862 2915 
13573 1915 1418 1421 409 
13574 3053 1889 1633 1630 
13575 444 279 2454 56 
13576 1419 404 1416 405 
13577 2908 2905 1192 887 
13578 168 2899 728 2908 
13579 2897 1539 1552 1523 
13580 1234 741 181 182 
13581 1234 741 1238 181 
13582 1236 1552 2897 1233 
13583 1234 1226 750 182 
13584 1234 750 741 182 
13585 2840 2835 472 656 
13586 1552 1236 280 1233 
13587 2908 1163 977 1078 
13588 2899 444 443 1523 
13589 1238 164 181 767 
13590 2891 2890 1536 1557 
13591 1238 767 181 741 
13592 2915 1833 1900 1915 
13593 2899 1523 2897 1236 
13594 2887 1150 2893 1072 
13595 2897 1238 1234 741 
13596 2899 168 728 163 
13597 3 278 1424 4 
13598 3 725 164 278 
13599 3 4 725 278 
13600 2915 1422 1420 1418 
13601 2835 2838 472 2805 
13602 188 1078 1021 1424 
13603 2908 279 2899 278 
13604 2915 1915 1900 1742 
13605 1127 1417 958 189 
13606 2915 1423 1419 1417 
13607 1238 3 164 278 
13608 1238 3 181 164 
13609 2904 2894 2903 868 
13610 1424 165 1021 4 
13611 2903 1651 1631 1634 
13612 89 279 2908 2904 
13613 3052 2915 1127 1423 
13614 2908 1078 1424 1021 
13615 725 728 164 278 
13616 4 165 725 278 
13617 3 4 1424 188 
13618 2915 1116 958 1078 
13619 2897 1234 1222 1243 
13620 2899 164 1238 767 
13621 2904 2915 2903 1651 
13622 1999 2902 2905 2910 
13623 2897 2895 769 750 
13624 3035 1405 1408 1407 
13625 2909 2899 2457 443 
13626 2905 1215 2902 1210 
13627 2896 2459 442 86 
13628 725 165 5 278 
13629 2904 868 2903 977 
13630 2835 2838 2840 472 
13631 2909 448 443 2457 
13632 2874 2883 2876 1549 
13633 2909 168 729 167 
13634 2905 1878 1812 1999 
13635 2909 2901 2907 167 
13636 2895 1223 1516 1541 
13637 2901 166 6 1213 
13638 750 182 1226 183 
13639 2895 1228 1223 1541 
13640 2880 184 1229 1224 
13641 750 1226 1229 183 
13642 2909 2459 2458 447 
13643 750 1229 735 183 
13644 2897 1552 2891 2895 
13645 2840 1594 471 472 
13646 2909 2906 168 167 
13647 1536 2895 1555 2890 
13648 2888 1274 1518 1268 
13649 2888 2889 753 770 
13650 735 1229 184 183 
13651 2866 1474 803 1069 
13652 2897 769 2891 734 
13653 3048 2366 2376 2385 
13654 2875 2883 765 736 
13655 2866 1491 1474 1505 
13656 2880 184 735 1229 
13657 2888 1518 1533 1268 
13658 2899 734 2897 2896 
13659 2899 2897 1523 1526 
13660 1223 1516 282 281 
13661 1240 2880 1226 1229 
13662 2897 769 734 741 
13663 2891 2889 2890 1557 
13664 2866 1505 1474 1438 
13665 2886 748 747 746 
13666 2904 978 2894 868 
13667 2880 1541 2874 1228 
13668 2915 1422 1742 1862 
13669 409 1418 408 1742 
13670 1223 282 1516 1541 
13671 2880 1241 1240 1228 
13672 2866 1474 1069 1438 
13673 1228 283 282 1541 
13674 168 2899 2908 2906 
13675 2891 1536 1540 1557 
13676 2880 1541 2895 1555 
13677 2880 2890 753 752 
13678 2915 1418 1419 1421 
13679 2899 2457 443 444 
13680 2889 1278 2900 1288 
13681 2896 442 1517 86 
13682 2889 758 2900 742 
13683 2900 441 2456 302 
13684 2895 1516 1556 1541 
13685 2889 1527 2896 1547 
13686 2870 1514 1530 1554 
13687 2880 1224 1229 1241 
13688 2889 2900 1279 1288 
13689 2888 736 756 772 
13690 2890 1537 1535 1548 
13691 2886 2874 732 764 
13692 2875 1284 1272 1271 
13693 1229 750 735 2880 
13694 2886 2871 2874 1529 
13695 2895 769 750 751 
13696 2890 772 2888 753 
13697 2873 1545 1531 1553 
13698 2888 770 756 733 
13699 2895 1240 1226 1243 
13700 2874 2890 2883 1537 
13701 2884 772 2883 736 
13702 2890 2889 2888 1534 
13703 2897 2895 2891 769 
13704 2873 2875 746 738 
13705 2875 2884 1284 1275 
13706 1528 1225 285 1231 
13707 1528 285 1521 1231 
13708 1528 284 285 1225 
13709 1519 1228 283 1227 
13710 1519 283 284 1227 
13711 2873 1520 2881 1545 
13712 2909 2901 2459 447 
13713 2876 1548 1553 1532 
13714 2876 2884 2875 1548 
13715 3027 3072 3009 3068 
13716 285 1521 1231 286 
13717 2866 1069 803 1031 
13718 2874 1519 1537 1549 
13719 1567 1805 279 1862 
13720 444 279 56 1236 
13721 2877 2881 747 746 
13722 2874 1519 1528 1227 
13723 3034 2369 3069 2759 
13724 2788 3061 2416 2392 
13725 3070 3029 2774 2764 
13726 641 2444 2447 2393 
13727 2398 2436 2390 639 
13728 2874 1528 1549 1529 
13729 2874 1519 1549 1528 
13730 2871 1230 757 732 
13731 186 1232 757 187 
13732 2881 1520 1544 1545 
13733 2874 1230 1239 1242 
13734 2874 2871 732 1230 
13735 1529 2886 2881 2876 
13736 1230 1224 185 732 
13737 757 1230 186 732 
13738 2866 803 1145 1031 
13739 757 1230 1232 186 
13740 3032 2407 3031 3062 
13741 2874 1541 1555 1519 
13742 186 1230 185 732 
13743 1235 1522 2870 288 
13744 2897 1243 1233 1223 
13745 1223 1228 282 1541 
13746 2874 2871 1528 1529 
13747 2874 755 1224 732 
13748 2870 762 763 737 
13749 2870 1543 1248 1252 
13750 2876 2883 2875 2884 
13751 2884 2888 1518 1535 
13752 2870 1235 1221 2871 
13753 185 1224 755 732 
13754 3060 2447 2431 2444 
13755 185 755 1224 184 
13756 2895 1552 1516 1223 
13757 757 1232 1237 187 
13758 757 1237 759 187 
13759 2870 1249 294 293 
13760 2880 2874 1241 1228 
13761 2871 1242 1225 1231 
13762 762 2881 731 293 
13763 2877 2881 1257 293 
13764 2877 1262 731 293 
13765 2870 294 2881 293 
13766 2873 1531 2876 1553 
13767 759 2870 2871 763 
13768 10 293 762 1262 
13769 762 1262 731 10 
13770 762 179 1254 10 
13771 1247 762 737 179 
13772 10 293 1254 762 
13773 762 293 731 1262 
13774 2884 2888 2890 772 
13775 179 1247 180 737 
13776 1247 762 179 1254 
13777 180 1253 11 744 
13778 2870 1529 2881 1530 
13779 2886 732 2874 2871 
13780 771 2886 748 747 
13781 2874 1239 1227 1225 
13782 142 2417 2800 642 
13783 1245 1522 290 1550 
13784 744 1250 287 2870 
13785 12 1244 744 11 
13786 2803 654 2772 724 
13787 2800 2796 2417 723 
13788 2403 2380 2374 3064 
13789 1244 287 12 744 
13790 1250 287 289 744 
13791 11 289 1244 744 
13792 2866 2848 2867 1031 
13793 2395 2796 2795 2430 
13794 2866 1491 1505 1443 
13795 2770 2798 2796 2794 
13796 2850 1781 1975 1923 
13797 2890 754 772 753 
13798 2871 1528 1521 1231 
13799 2873 1520 1545 1546 
13800 1528 1227 284 1225 
13801 2877 2881 731 747 
13802 2871 757 768 732 
13803 2886 749 2883 764 
13804 2884 1518 1538 1535 
13805 2880 753 2890 751 
13806 1237 759 287 2871 
13807 2897 1243 2895 1226 
13808 2871 763 757 759 
13809 2876 1531 1529 1532 
13810 2793 2788 2397 2392 
13811 1231 1521 1235 286 
13812 1235 1522 286 1521 
13813 2870 2881 763 762 
13814 2870 744 737 759 
13815 2874 1224 1239 1230 
13816 2881 771 731 747 
13817 2392 3061 2792 2787 
13818 1550 1245 57 58 
13819 2870 1249 1251 294 
13820 2873 1280 1546 1542 
13821 2881 1554 1530 1531 
13822 744 11 289 1253 
13823 1250 287 2870 288 
13824 1522 2870 1558 1521 
13825 2850 1975 2851 1923 
13826 290 58 1550 1252 
13827 2850 2851 2839 1923 
13828 2850 2827 2839 2851 
13829 1221 288 2870 287 
13830 2796 654 724 2770 
13831 290 1522 1252 1550 
13832 3061 2790 2786 2747 
13833 2850 1874 1781 1923 
13834 288 287 1246 1250 
13835 2850 2827 1957 1874 
13836 2850 1577 1781 1874 
13837 58 292 1550 1252 
13838 3029 2433 650 2438 
13839 180 1247 744 737 
13840 292 1252 1248 1543 
13841 2870 1514 1544 294 
13842 1514 1248 1543 291 
13843 57 288 1522 1235 
13844 2871 1237 757 1232 
13845 2897 769 741 750 
13846 292 1248 291 1543 
13847 2871 1225 1528 1231 
13848 1522 2870 1521 1235 
13849 3066 2432 3068 2448 
13850 2874 1227 1228 1519 
13851 2850 1781 1430 1975 
13852 2880 1241 1229 1240 
13853 1529 2870 1521 1530 
13854 1514 1248 291 1251 
13855 289 744 1253 1250 
13856 1221 2870 2871 287 
13857 2870 1248 1250 1252 
13858 287 12 744 759 
13859 1245 290 58 1550 
13860 2877 1258 1255 1257 
13861 2877 2873 2876 746 
13862 759 187 1237 12 
13863 2874 1228 1227 1241 
13864 2870 1251 1249 1248 
13865 2886 746 2883 749 
13866 759 287 12 1237 
13867 2870 1251 1248 1514 
13868 1514 1251 59 1544 
13869 1514 59 1251 291 
13870 287 1237 2871 1221 
13871 1520 2873 1525 1546 
13872 1258 2877 297 299 
13873 771 2886 747 2881 
13874 2895 1240 1243 1223 
13875 1252 1522 1250 2870 
13876 3053 1988 1921 1783 
13877 1409 1416 1407 401 
13878 3053 1416 3035 1875 
13879 3035 1183 1177 998 
13880 3071 3035 402 1408 
13881 3059 3036 1707 1725 
13882 3059 3054 1725 1930 
13883 2423 3031 3030 2409 
13884 3008 3009 1123 197 
13885 3009 451 1590 1944 
13886 3071 910 3035 3036 
13887 3040 1396 387 1398 
13888 3071 908 17 781 
13889 392 784 1401 198 
13890 1195 910 3071 781 
13891 3040 1395 1396 1398 
13892 3027 3009 196 195 
13893 3008 3072 452 1910 
13894 3009 3059 1952 1842 
13895 3068 403 2432 2446 
13896 673 3073 672 3072 
13897 3065 945 3023 885 
13898 3073 2765 3048 2776 
13899 3009 3028 3072 196 
13900 3023 1668 1667 1666 
13901 3023 883 884 882 
13902 3065 3023 3010 885 
13903 3065 885 3010 949 
13904 3010 3059 3009 1842 
13905 3040 1198 1200 1025 
13906 3039 1926 1769 1976 
13907 3008 393 3023 1568 
13908 3066 2751 2784 2780 
13909 3039 3058 1926 1452 
13910 2976 3024 2972 1432 
13911 3008 3065 1732 1667 
13912 3023 3028 393 3008 
13913 2877 1261 1255 1258 
13914 3028 3023 392 18 
13915 3045 1873 3063 3065 
13916 3059 3054 1143 941 
13917 3065 1669 1873 1733 
13918 3010 948 1175 1123 
13919 3038 3065 3063 1924 
13920 1769 3038 3059 3039 
13921 3040 3023 1568 1666 
13922 3065 1729 1669 1668 
13923 806 3010 1061 1165 
13924 3038 3059 3010 1992 
13925 2974 1636 1635 1832 
13926 3065 1924 1992 1733 
13927 3028 392 1403 18 
13928 3040 3023 2973 1200 
13929 2814 1866 1777 1748 
13930 3063 1442 1481 1473 
13931 3023 1666 1665 1568 
13932 3048 2383 2385 2372 
13933 3023 884 1007 1200 
13934 3065 1089 945 885 
13935 3065 1873 1669 1729 
13936 3038 3063 1976 1924 
13937 3045 1007 3023 945 
13938 3023 1667 1665 1666 
13939 1907 1391 1575 389 
13940 3023 881 784 18 
13941 3045 3023 3065 945 
13942 3031 2773 2759 2760 
13943 2975 1640 2973 1638 
13944 2976 1432 2972 1152 
13945 2877 1256 1258 1257 
13946 2973 854 853 856 
13947 2973 1881 1791 1640 
13948 1637 2974 1638 1636 
13949 3040 1200 1198 886 
13950 3025 2973 1007 1100 
13951 2975 1642 1682 1641 
13952 2973 1100 854 856 
13953 3040 1058 938 1400 
13954 2974 382 1393 1392 
13955 3040 1848 1973 1897 
13956 3066 2396 2442 2448 
13957 2976 2975 3025 2972 
13958 3045 3063 2977 1171 
13959 2813 3050 3057 1963 
13960 2972 1059 1207 898 
13961 3025 1007 945 1173 
13962 3045 1791 3040 2973 
13963 3045 2977 3025 1171 
13964 2971 3025 2972 898 
13965 3038 3065 949 1089 
13966 2976 1152 933 1074 
13967 2973 938 1025 856 
13968 2973 1637 1722 1907 
13969 3040 1848 1722 1973 
13970 957 1389 2974 1128 
13971 2973 938 853 1393 
13972 3028 2377 393 674 
13973 1582 1780 415 1473 
13974 3040 1202 1401 784 
13975 2973 1640 1791 1809 
13976 2814 2972 1082 870 
13977 1582 415 416 1473 
13978 3023 882 884 1200 
13979 3063 996 798 1089 
13980 415 1434 1473 1780 
13981 2972 1840 1682 1991 
13982 1769 3038 1992 3059 
13983 3038 3063 996 1513 
13984 2975 1991 1682 1642 
13985 3059 941 3036 3054 
13986 3010 1061 948 1123 
13987 3008 3023 1665 1568 
13988 3010 949 885 948 
13989 3008 881 3028 197 
13990 3059 1708 1735 1725 
13991 3039 1434 1453 1452 
13992 1414 3052 1415 845 
13993 910 3071 781 909 
13994 1143 3039 3059 951 
13995 2977 1442 1464 1074 
13996 3045 1729 1958 1873 
13997 3059 1707 1708 1725 
13998 3038 3059 3039 973 
13999 1072 2887 1034 2893 
14000 3039 1188 1139 1484 
14001 2893 1715 1818 1856 
14002 1976 1434 414 1780 
14003 1976 1452 414 1434 
14004 1715 2887 1685 1684 
14005 2977 1473 1858 1441 
14006 3058 1072 1475 1431 
14007 415 414 1434 1780 
14008 2971 2975 3025 2973 
14009 3045 1007 3025 2973 
14010 3039 1139 1188 985 
14011 781 1411 194 3071 
14012 2894 1956 1794 1994 
14013 1453 1188 253 1513 
14014 1453 253 1188 1484 
14015 3038 1453 3039 3063 
14016 3063 1453 1481 1513 
14017 3039 3058 3059 1735 
14018 3063 1473 1434 1780 
14019 3038 1453 3063 1513 
14020 3038 985 1208 973 
14021 3038 1188 1453 1513 
14022 3059 3058 3054 1930 
14023 3039 973 3059 951 
14024 3059 1952 1842 1757 
14025 3039 1976 3063 1434 
14026 3008 1175 3023 881 
14027 3071 403 3035 1408 
14028 2893 1072 3058 1034 
14029 910 3071 909 3036 
14030 3038 1992 1924 1769 
14031 3054 1988 1725 1921 
14032 3035 1204 1183 998 
14033 1139 1484 252 1431 
14034 1139 252 797 1431 
14035 3039 3058 1139 1143 
14036 3058 1510 1451 1452 
14037 3058 1451 1926 1452 
14038 1188 996 253 1513 
14039 3008 1123 1175 197 
14040 253 996 254 1513 
14041 254 996 798 1513 
14042 3058 1510 1484 1431 
14043 254 1442 1513 798 
14044 254 255 1442 798 
14045 3063 1924 3065 1873 
14046 3063 1976 1924 1780 
14047 3010 1165 3059 973 
14048 2898 1685 2903 1633 
14049 2976 1464 2977 1497 
14050 2977 1464 1442 1497 
14051 3009 3072 3071 3068 
14052 882 3040 3023 784 
14053 3039 1434 3063 1453 
14054 3065 1667 3023 1668 
14055 3065 1732 1733 1842 
14056 3045 2973 3040 3023 
14057 2971 1642 1639 1653 
14058 3009 196 806 1123 
14059 3057 3056 1062 1448 
14060 2972 800 1059 1152 
14061 2977 1473 3063 1582 
14062 2975 1960 1881 1683 
14063 1442 798 255 1074 
14064 3056 3015 1449 1855 
14065 899 2971 3025 1100 
14066 2977 1582 3063 1958 
14067 261 262 1470 795 
14068 3063 1171 3065 1089 
14069 3063 798 1171 1089 
14070 2975 1641 1682 1683 
14071 2975 1641 1639 1642 
14072 3063 1434 1976 1780 
14073 3023 884 945 1007 
14074 3065 1733 1732 1669 
14075 2977 798 3063 1442 
14076 1361 364 365 1370 
14077 3008 93 453 2477 
14078 3059 3036 941 924 
14079 1858 1939 1441 417 
14080 2977 3063 798 1171 
14081 2977 798 1074 1036 
14082 1400 938 1392 1092 
14083 3040 1399 393 1397 
14084 3040 1400 938 386 
14085 3040 1394 1058 1400 
14086 2972 3024 800 1432 
14087 3040 886 1198 1202 
14088 3023 883 881 1175 
14089 3063 996 1513 798 
14090 1058 3040 1198 1202 
14091 3045 2975 3025 2977 
14092 3027 3068 3009 195 
14093 3073 2781 2782 2780 
14094 2977 1958 1820 1582 
14095 2976 2977 1820 1858 
14096 3023 883 882 881 
14097 3008 93 393 1568 
14098 2973 1007 1100 856 
14099 2975 1683 1717 1820 
14100 1807 3040 1399 393 
14101 3065 1089 885 949 
14102 3071 92 1565 403 
14103 3040 1401 392 784 
14104 1807 3040 393 1568 
14105 3027 2421 3048 2388 
14106 3039 3058 1735 1926 
14107 3045 2975 1960 1881 
14108 3063 1582 1473 1780 
14109 400 3035 1415 1416 
14110 3028 2783 2377 674 
14111 3053 1782 1721 1966 
14112 3059 3054 3036 1725 
14113 3009 1952 3059 3036 
14114 2973 1640 1722 1637 
14115 3008 1665 93 1568 
14116 966 262 1447 263 
14117 3008 453 93 1665 
14118 392 20 1403 19 
14119 3071 908 781 909 
14120 3048 2377 2375 2364 
14121 3063 1481 1434 1473 
14122 3064 2380 2374 2363 
14123 3069 2365 2404 2371 
14124 3068 395 394 195 
14125 3009 1842 1590 1910 
14126 2973 1025 1007 856 
14127 1402 194 3071 17 
14128 3039 3058 1452 1510 
14129 3071 908 3036 1157 
14130 1966 3053 1970 3035 
14131 3073 3028 673 2776 
14132 394 402 1402 15 
14133 1289 1079 1296 248 
14134 1402 402 16 15 
14135 1411 3071 1195 3035 
14136 194 1022 16 1411 
14137 194 781 1022 1411 
14138 16 402 1411 15 
14139 1402 402 194 16 
14140 1404 195 3071 394 
14141 1022 1411 781 1195 
14142 1022 1195 193 1411 
14143 16 193 15 1411 
14144 16 1022 193 1411 
14145 3032 2406 2405 2407 
14146 3059 1952 1708 1706 
14147 3073 2743 2765 2776 
14148 3036 3054 941 1204 
14149 3038 3063 3039 1976 
14150 3036 941 923 1204 
14151 3036 1970 1693 1707 
14152 2813 1793 1984 1963 
14153 3039 1452 1926 1976 
14154 3062 2449 2450 2437 
14155 3035 1183 910 1177 
14156 91 1806 450 1410 
14157 91 399 1410 83 
14158 91 399 1806 1410 
14159 91 1410 403 83 
14160 91 1410 450 403 
14161 2475 403 671 83 
14162 2475 403 2478 671 
14163 2475 92 2478 403 
14164 2475 450 92 403 
14165 450 1410 1565 403 
14166 3035 1412 1415 937 
14167 3028 2783 674 2776 
14168 1806 1982 1565 1410 
14169 1806 1982 1410 399 
14170 450 92 403 1565 
14171 3029 2778 3031 3062 
14172 671 2446 646 83 
14173 3073 3048 3028 2776 
14174 3071 394 3068 402 
14175 1410 399 1982 1406 
14176 3009 3071 451 1944 
14177 3009 1157 806 195 
14178 3071 1565 92 1692 
14179 3066 3033 2429 2425 
14180 3066 2429 2396 2425 
14181 3053 3035 1415 845 
14182 91 450 2475 403 
14183 2435 647 2746 2784 
14184 3048 2378 2364 2376 
14185 356 782 3003 1077 
14186 3035 403 1565 1410 
14187 3048 3028 2378 2428 
14188 3036 1725 1988 1707 
14189 671 403 2446 83 
14190 3028 197 881 18 
14191 1406 1409 398 1830 
14192 3053 1629 1721 1632 
14193 3032 2763 3073 3033 
14194 3009 1944 1590 1952 
14195 1402 194 402 3071 
14196 3036 1725 3054 1988 
14197 394 15 635 2448 
14198 3073 2426 3033 2427 
14199 3062 2437 2746 2435 
14200 2874 2871 1242 1225 
14201 2441 646 2751 2446 
14202 3035 1406 1982 1830 
14203 2449 2439 3066 3033 
14204 1405 192 1412 1047 
14205 3035 1982 1966 1830 
14206 2897 2895 750 1226 
14207 1412 192 1043 1047 
14208 1412 14 1043 192 
14209 193 1047 1405 1195 
14210 1412 1047 1043 937 
14211 1412 1415 937 1091 
14212 2877 761 739 774 
14213 400 3035 1416 1407 
14214 3035 402 1408 1411 
14215 3035 1721 1409 1830 
14216 193 1195 1405 1411 
14217 1412 190 14 1414 
14218 3035 1966 1982 1694 
14219 1412 937 1043 1091 
14220 2877 774 739 738 
14221 2891 2889 2896 743 
14222 3035 937 845 848 
14223 1412 14 400 1414 
14224 1536 2895 1556 1555 
14225 1409 1413 1875 1416 
14226 3032 2408 2406 2407 
14227 3035 1047 1405 1412 
14228 3059 1725 1735 1930 
14229 3071 1411 402 3035 
14230 937 1415 845 1091 
14231 3052 844 843 1051 
14232 2877 739 1282 738 
14233 1091 190 1414 792 
14234 3027 3028 3048 2421 
14235 1423 1415 404 1414 
14236 1091 1412 190 1043 
14237 3052 1833 2915 1915 
14238 3052 1051 1127 1116 
14239 3036 1706 1693 1692 
14240 3053 1970 3036 1988 
14241 3035 1408 1406 1407 
14242 1414 792 190 191 
14243 399 1982 1406 1830 
14244 3053 1415 3052 845 
14245 1414 792 191 843 
14246 1414 792 843 844 
14247 1412 1043 14 190 
14248 1091 1412 1414 190 
14249 3035 1966 1694 1970 
14250 3035 1875 1409 1721 
14251 3052 844 1051 847 
14252 845 792 1414 844 
14253 2873 1546 1545 1542 
14254 845 1091 1414 792 
14255 845 1414 1091 1415 
14256 2870 1529 2871 2881 
14257 2873 1545 1553 1542 
14258 13 1423 1085 189 
14259 1414 1085 13 1423 
14260 407 406 1413 1576 
14261 84 1869 407 1413 
14262 1869 84 1421 405 
14263 1413 1576 406 1875 
14264 1413 1576 1875 1629 
14265 407 1413 1869 1627 
14266 1413 1628 1576 1629 
14267 401 1407 400 1416 
14268 1413 1409 406 82 
14269 2873 1545 2881 1531 
14270 1875 1409 406 1413 
14271 1875 1409 1827 406 
14272 2873 2881 2876 1531 
14273 1413 3052 1416 405 
14274 3060 2753 2443 2748 
14275 2880 184 1224 755 
14276 1869 84 405 1413 
14277 3060 2393 2395 2447 
14278 2884 1535 2890 2888 
14279 3035 1407 1406 1409 
14280 399 1406 398 1830 
14281 2828 239 323 322 
14282 406 82 1409 1827 
14283 2893 1856 1818 1581 
14284 450 1410 1806 1565 
14285 3035 1195 1177 910 
14286 3052 844 1414 843 
14287 3035 1047 1412 937 
14288 3059 3036 1952 1706 
14289 1414 1412 1091 1415 
14290 2903 1631 1633 1634 
14291 1409 1413 1416 401 
14292 3071 3068 451 2478 
14293 1982 3035 1565 1410 
14294 2828 1311 239 322 
14295 3053 3052 2898 845 
14296 405 1627 1869 1413 
14297 3059 941 951 924 
14298 1706 3059 3036 1707 
14299 2904 1662 1567 1950 
14300 845 2898 846 844 
14301 2887 1067 2892 1150 
14302 3036 922 924 1165 
14303 3008 452 3072 453 
14304 3036 1183 923 909 
14305 3039 1452 1453 1510 
14306 3059 951 973 924 
14307 3065 1732 1842 3010 
14308 3027 3028 3073 3048 
14309 2893 1489 1475 1508 
14310 3009 3036 3071 1944 
14311 3071 908 1157 195 
14312 1409 1875 1827 1721 
14313 2898 848 845 846 
14314 3035 1204 3036 1183 
14315 2893 1685 1818 1715 
14316 3010 1061 1208 949 
14317 3054 1921 1818 1685 
14318 3059 951 941 1143 
14319 2828 2835 2826 323 
14320 3036 1565 1693 1694 
14321 2893 1440 2892 1937 
14322 3053 998 3035 848 
14323 1976 1769 3039 3038 
14324 2828 239 240 323 
14325 2887 1684 1715 1851 
14326 3053 1721 3035 1966 
14327 1907 3040 1398 1848 
14328 3053 1630 1629 1632 
14329 2893 1937 1856 1440 
14330 1411 194 3071 402 
14331 3036 1157 908 922 
14332 1926 1452 1451 413 
14333 3059 1757 1992 1769 
14334 3071 3036 3035 1565 
14335 3039 985 951 1139 
14336 3053 1633 3052 1630 
14337 2828 330 1311 322 
14338 3036 1204 923 1183 
14339 3059 1735 3058 1930 
14340 2893 1440 1856 1451 
14341 3036 922 923 924 
14342 3009 3028 196 197 
14343 3035 1195 1047 1177 
14344 2828 49 239 1311 
14345 1982 3035 1694 1565 
14346 1414 1412 1415 400 
14347 193 192 1405 1047 
14348 1414 1085 1423 843 
14349 3052 843 1423 1127 
14350 3009 1157 3071 3036 
14351 3010 806 1061 1123 
14352 2893 1475 2892 1508 
14353 3038 1188 1137 985 
14354 3053 3052 1415 1416 
14355 2840 655 471 2462 
14356 3036 1707 1988 1970 
14357 810 2828 239 240 
14358 3053 2898 848 845 
14359 3035 1415 1412 400 
14360 1414 3052 845 844 
14361 3036 1944 1706 1692 
14362 3035 1408 1410 1406 
14363 3036 908 909 922 
14364 2893 1818 3058 1581 
14365 3038 3063 3065 1089 
14366 2828 240 2838 2835 
14367 3053 1416 1875 1629 
14368 3054 1930 1818 1921 
14369 3058 1930 1926 1581 
14370 3066 3068 2432 2446 
14371 3065 1732 1667 1669 
14372 3054 941 1204 1134 
14373 3052 1633 2903 1631 
14374 2893 3058 1451 1581 
14375 2893 1685 3054 1818 
14376 2424 3032 3033 3062 
14377 2840 2838 2828 2846 
14378 2840 2841 2828 655 
14379 2898 844 3052 847 
14380 3035 1047 937 1177 
14381 2903 1634 1652 1651 
14382 2893 3058 3054 1034 
14383 1999 2902 2894 2905 
14384 2887 931 1150 1072 
14385 2898 850 847 867 
14386 2893 1475 3058 1072 
14387 2894 1999 1812 1994 
14388 2840 2828 2841 2846 
14389 2887 1110 2903 2894 
14390 2892 1956 1851 1583 
14391 1072 2887 931 1034 
14392 2894 1851 2892 1956 
14393 1150 1072 250 1475 
14394 2902 2819 1425 1488 
14395 2892 1946 1794 1956 
14396 1072 797 251 1431 
14397 1072 251 1475 1431 
14398 2893 1818 3054 3058 
14399 1072 251 250 1475 
14400 2894 979 1028 1210 
14401 1150 799 1478 250 
14402 882 3040 784 886 
14403 3058 1926 1451 1581 
14404 3035 1405 1195 1411 
14405 3048 2765 2749 2776 
14406 3039 1735 3059 1769 
14407 2030 2826 2063 2056 
14408 2892 1583 1477 1486 
14409 1937 1856 1440 411 
14410 2893 1150 2892 1475 
14411 2892 1946 1583 1486 
14412 1856 1581 1451 412 
14413 1856 1451 1440 412 
14414 1856 1440 411 412 
14415 3054 1143 941 1134 
14416 1976 1769 3038 1924 
14417 3052 1419 1423 404 
14418 2905 2907 2910 988 
14419 2902 2892 1159 1488 
14420 3038 1089 1137 996 
14421 3052 843 1127 1051 
14422 2892 1067 1169 799 
14423 1937 1583 411 1477 
14424 3053 1204 3035 998 
14425 2826 2056 2843 2833 
14426 2899 734 163 767 
14427 3052 1127 2915 1116 
14428 2887 2903 1685 1684 
14429 3059 973 1165 924 
14430 2892 1425 1486 1477 
14431 3066 2784 2435 2746 
14432 2892 1475 1478 1508 
14433 2903 2894 1893 1851 
14434 2898 847 3052 867 
14435 2826 2071 2082 2084 
14436 2903 1893 1684 1851 
14437 1402 402 394 3071 
14438 1417 189 188 958 
14439 1629 3052 1628 1630 
14440 3052 1627 1413 1628 
14441 3036 1183 909 910 
14442 1409 1416 3035 1407 
14443 1409 1721 1827 1830 
14444 3053 1685 2898 1633 
14445 3035 1406 1410 1982 
14446 2904 1671 2905 2906 
14447 3059 1165 3036 924 
14448 2904 2905 2908 2906 
14449 2902 1486 2892 1425 
14450 2826 2071 2092 2082 
14451 448 2909 447 2906 
14452 2908 278 5 165 
14453 2915 1116 977 867 
14454 2915 1078 977 1116 
14455 2915 1417 1420 1424 
14456 2905 1878 2906 1671 
14457 2899 2897 734 767 
14458 2909 2899 443 1526 
14459 2894 2887 1851 2903 
14460 2915 1915 1418 1421 
14461 2909 2906 448 2457 
14462 3008 1910 3009 3072 
14463 2915 1419 1420 1417 
14464 2904 1567 2915 1862 
14465 165 1424 2908 278 
14466 90 408 56 1422 
14467 2908 783 1021 165 
14468 3052 1631 2903 1651 
14469 2904 1862 1761 1950 
14470 2904 1651 1652 1761 
14471 2454 90 56 279 
14472 2909 2899 734 163 
14473 2902 1159 1010 970 
14474 1706 3059 1707 1708 
14475 1915 1869 1421 1627 
14476 1413 1627 1576 1628 
14477 405 1627 1421 1869 
14478 1409 1827 82 398 
14479 2915 1742 1422 1418 
14480 1422 1805 279 90 
14481 1416 1413 1875 1629 
14482 1127 1417 189 1423 
14483 2904 1812 1671 1980 
14484 2891 760 2889 743 
14485 2915 1900 1862 1742 
14486 165 1424 1021 2908 
14487 1414 1085 191 13 
14488 2895 1240 1223 1228 
14489 1423 843 1085 1127 
14490 1414 843 191 1085 
14491 3042 2754 2753 2748 
14492 2826 2092 2833 2082 
14493 1414 3052 1423 1415 
14494 1423 1127 1085 189 
14495 3035 1412 1405 1407 
14496 2903 1684 1893 1634 
14497 3053 1875 3035 1721 
14498 3053 999 998 848 
14499 3035 400 1412 1407 
14500 3040 1973 1722 1809 
14501 3035 1966 1721 1830 
14502 2915 1651 1900 1833 
14503 1629 1413 3052 1416 
14504 2916 2500 2487 2504 
14505 2908 2905 978 1192 
14506 2902 1946 2819 1794 
14507 2908 2915 1424 1078 
14508 2908 878 5 168 
14509 2915 1423 1417 1127 
14510 2904 2905 2894 978 
14511 2909 2896 2 734 
14512 2909 2 163 734 
14513 2887 3054 2893 1685 
14514 978 2904 977 868 
14515 2892 1475 1150 1478 
14516 3052 1833 1915 1627 
14517 3052 1627 1628 1833 
14518 3052 3053 1629 1416 
14519 3059 1952 1757 1708 
14520 2949 1663 1948 1979 
14521 279 1805 449 90 
14522 2908 89 2906 279 
14523 89 2904 2906 1662 
14524 2891 1516 2895 1552 
14525 725 5 728 278 
14526 2905 2910 1878 1999 
14527 2904 1662 89 1567 
14528 2868 2901 446 2456 
14529 958 2915 1127 1116 
14530 2897 1222 1236 1233 
14531 1421 3052 1419 2915 
14532 3053 999 1204 998 
14533 3053 1415 3035 1416 
14534 2916 2500 2502 2487 
14535 958 2915 1417 1127 
14536 90 1422 1805 408 
14537 1524 2896 2889 2900 
14538 2905 2894 1999 1812 
14539 2906 1140 887 168 
14540 2903 1633 1684 1634 
14541 2903 1893 2894 1763 
14542 89 2904 2908 2906 
14543 2907 2909 447 2901 
14544 2905 2910 2902 988 
14545 2909 2907 2906 167 
14546 1414 1423 13 404 
14547 2906 1140 168 167 
14548 2908 2899 728 278 
14549 3053 1988 1783 1782 
14550 2904 1651 2903 1652 
14551 2819 1754 1753 1771 
14552 2907 1140 167 809 
14553 2910 988 2907 1096 
14554 1593 2906 2907 1878 
14555 2844 1480 1487 796 
14556 2902 2819 1159 970 
14557 2907 1097 809 1096 
14558 3071 1692 451 1944 
14559 2908 2906 2899 279 
14560 1763 2903 2904 2894 
14561 2818 1079 2845 1289 
14562 2868 2845 2901 302 
14563 2907 809 166 1213 
14564 3053 1970 1988 1782 
14565 2906 2907 1140 167 
14566 3052 1628 1631 1833 
14567 2899 1523 443 1526 
14568 2904 1567 1862 1950 
14569 2896 2 742 162 
14570 2902 2894 1210 1169 
14571 2907 989 1096 1105 
14572 2901 6 727 301 
14573 2900 1281 1524 1551 
14574 2902 2894 1794 1999 
14575 2900 1267 1278 1281 
14576 2894 978 1028 979 
14577 2916 2917 2833 2832 
14578 2916 2487 2502 2508 
14579 2908 977 2915 1078 
14580 89 279 2904 1567 
14581 2906 448 1927 447 
14582 2899 2896 2897 1526 
14583 2894 1994 1763 1956 
14584 1424 165 4 278 
14585 2902 1169 1010 1159 
14586 2887 2903 1684 1851 
14587 2897 1523 1526 1539 
14588 2908 978 1163 1192 
14589 2819 2910 1754 1771 
14590 2907 1097 1140 809 
14591 1169 2887 2894 1110 
14592 2915 1417 1424 1078 
14593 2907 988 1097 1096 
14594 2905 1028 1215 1210 
14595 2898 1106 848 846 
14596 2894 1794 1999 1994 
14597 868 2894 1110 979 
14598 2819 1753 1754 440 
14599 2897 1238 1222 1234 
14600 2910 1096 2907 989 
14601 2902 1794 2910 1999 
14602 2902 2892 1169 1159 
14603 2907 2901 2868 1213 
14604 2844 2817 971 987 
14605 2904 1763 2894 1812 
14606 1754 1753 85 440 
14607 2819 1754 1486 440 
14608 2844 2819 1485 1753 
14609 2844 2808 1912 1847 
14610 1754 85 1486 440 
14611 1754 85 1946 1486 
14612 2508 2822 2916 2833 
14613 1862 1805 1422 408 
14614 2910 1772 1999 1794 
14615 2868 1838 1779 1941 
14616 1413 3052 405 1627 
14617 2894 1169 1110 979 
14618 2903 1685 1684 1633 
14619 2902 1425 2892 1488 
14620 2905 1215 1097 988 
14621 1583 1477 410 411 
14622 2973 1007 1025 1200 
14623 2892 1150 1067 799 
14624 3054 1930 3058 1818 
14625 2894 1956 2892 1794 
14626 410 1486 1946 85 
14627 2892 1477 1937 1440 
14628 2844 1487 2819 969 
14629 2844 1938 1847 1580 
14630 2887 1034 2893 3054 
14631 2817 971 989 1104 
14632 2898 846 844 847 
14633 2894 1812 1763 1994 
14634 2916 2822 2502 2500 
14635 2892 1851 1937 1583 
14636 1478 799 249 250 
14637 1478 249 799 1488 
14638 2892 1478 1425 1508 
14639 2892 1477 1440 1508 
14640 2892 1478 1150 799 
14641 2893 1937 2892 1851 
14642 2887 2892 1067 1169 
14643 2822 2503 2502 2501 
14644 1715 2887 2893 1685 
14645 2893 1856 1937 1715 
14646 2822 2503 2510 2502 
14647 2904 2894 2905 1812 
14648 2906 1878 1927 1671 
14649 2819 1946 1754 1794 
14650 2887 2898 1685 2903 
14651 2817 2808 1650 1912 
14652 2905 978 1192 1028 
14653 2903 1652 1893 1763 
14654 2910 1877 1878 1772 
14655 2902 1210 1010 1169 
14656 2819 440 1485 1753 
14657 970 439 55 969 
14658 1159 55 1488 249 
14659 799 249 1159 1488 
14660 3068 2751 671 2446 
14661 2910 1878 1999 1772 
14662 2868 1593 1888 1997 
14663 2899 1238 2897 767 
14664 2817 971 987 989 
14665 3052 1423 1415 404 
14666 3058 1930 1735 1926 
14667 2894 979 868 978 
14668 3058 1484 1139 1431 
14669 1966 3053 1782 1970 
14670 251 797 252 1431 
14671 3014 1678 1713 1679 
14672 3063 1513 1442 798 
14673 3002 1579 2999 1465 
14674 2999 992 2878 1102 
14675 3065 1669 1667 1668 
14676 1139 1484 1188 253 
14677 1139 1484 253 252 
14678 3039 1976 1434 1452 
14679 3058 1143 1034 797 
14680 2892 1946 1956 1583 
14681 1451 1581 413 412 
14682 3039 973 951 985 
14683 3058 797 1139 1143 
14684 2898 3054 999 1106 
14685 3053 3036 3035 1204 
14686 3010 973 1208 1061 
14687 3038 996 1188 1513 
14688 3038 3010 3065 1992 
14689 1150 1478 1475 250 
14690 1926 413 1451 1581 
14691 2892 1937 1477 1583 
14692 3052 847 1051 867 
14693 2893 1715 1937 1851 
14694 3039 1139 951 1143 
14695 2822 2833 2843 2832 
14696 1583 410 1477 1486 
14697 2822 2843 2823 2832 
14698 1583 1946 410 1486 
14699 1926 414 1976 1452 
14700 2893 1072 1150 1475 
14701 1926 414 1452 413 
14702 3040 938 2973 1393 
14703 2902 2892 1946 1794 
14704 1577 1472 435 436 
14705 1577 1472 436 1857 
14706 1577 435 1472 1781 
14707 435 434 1430 1781 
14708 435 1430 1472 1781 
14709 2850 2854 1457 1492 
14710 2850 1577 1472 1781 
14711 2820 1660 2807 1974 
14712 2854 2827 1090 1170 
14713 1450 437 1857 1938 
14714 1450 1479 437 1938 
14715 3067 1615 1612 1834 
14716 2866 1853 2867 1815 
14717 2838 946 1122 1060 
14718 2856 986 952 1138 
14719 2854 1819 2821 1857 
14720 2846 1841 2839 1993 
14721 2854 1437 1073 1454 
14722 1430 434 1975 1781 
14723 2820 1658 1728 1659 
14724 2838 1122 240 810 
14725 2851 1491 1467 1493 
14726 1430 1467 1975 434 
14727 2850 1957 2854 1577 
14728 1439 1138 2856 2866 
14729 2856 2851 1467 1925 
14730 1938 2844 1479 1580 
14731 436 1450 437 1857 
14732 2866 1438 1502 1505 
14733 2820 1728 2827 1659 
14734 1439 1138 2851 2856 
14735 2854 2842 2821 1819 
14736 2850 2851 1430 1493 
14737 793 275 274 1454 
14738 793 1073 275 1454 
14739 793 274 997 1454 
14740 1457 274 1454 997 
14741 2856 1770 2851 1925 
14742 1457 273 274 997 
14743 2866 1587 1853 1815 
14744 1457 1187 273 997 
14745 2846 2855 972 1167 
14746 2855 2856 2848 1727 
14747 3067 1612 2810 1834 
14748 275 1073 1437 1454 
14749 2809 1509 1450 1479 
14750 2820 1986 1974 1810 
14751 2854 997 1457 1454 
14752 1437 1073 276 1151 
14753 2809 1938 1857 1716 
14754 275 276 1437 1073 
14755 1437 276 1480 1151 
14756 2821 1680 1847 1716 
14757 2844 1480 2809 1426 
14758 2894 979 1210 1169 
14759 2887 931 1034 901 
14760 55 1487 277 969 
14761 2820 1728 2842 2827 
14762 2844 2809 1480 796 
14763 2808 1125 866 834 
14764 970 1488 1159 55 
14765 2887 1110 900 850 
14766 2819 988 2910 987 
14767 970 439 1488 55 
14768 1937 411 1440 1477 
14769 2821 2808 2809 1847 
14770 2817 1104 989 1056 
14771 2819 1488 970 439 
14772 1479 437 1938 1580 
14773 2844 1755 2817 1771 
14774 2844 1938 2809 1847 
14775 2821 1857 2809 1450 
14776 2818 2815 3067 2808 
14777 2816 1882 1614 1617 
14778 2850 1136 2851 997 
14779 2822 2501 2502 2500 
14780 2844 2819 1753 1771 
14781 2809 796 971 1064 
14782 1359 1076 1365 215 
14783 3004 1133 1032 1146 
14784 2860 2861 1166 1006 
14785 3004 942 1133 1146 
14786 2950 229 1142 230 
14787 229 2950 2951 2953 
14788 2950 338 343 1334 
14789 2950 2093 338 339 
14790 2944 2167 2141 2161 
14791 2948 2580 660 659 
14792 2947 2948 228 340 
14793 2947 2950 2151 342 
14794 2953 2952 805 228 
14795 2953 805 229 228 
14796 2953 660 661 467 
14797 2947 341 228 229 
14798 2953 467 1589 466 
14799 2951 1953 2862 1703 
14800 2953 228 2948 2952 
14801 2954 1218 1030 1220 
14802 2954 1929 1814 2004 
14803 962 2964 1218 2954 
14804 2954 1030 1142 1220 
14805 2869 962 961 1029 
14806 2869 1745 1813 1822 
14807 2861 1218 2964 2954 
14808 2869 961 1038 1029 
14809 2869 1038 961 1049 
14810 2950 662 2466 468 
14811 2950 342 229 230 
14812 2950 661 662 468 
14813 2950 467 2953 661 
14814 2950 467 661 468 
14815 2857 1507 1444 1502 
14816 2864 1744 1745 1588 
14817 2864 1501 1507 1428 
14818 2864 1507 1501 1455 
14819 3012 1476 1501 1428 
14820 1216 3012 1024 1428 
14821 2861 2954 1166 1006 
14822 2860 1734 1933 1726 
14823 2861 2862 1953 1705 
14824 3012 1501 1498 1471 
14825 3012 1476 1498 1501 
14826 2995 1495 2996 1468 
14827 2996 967 1011 991 
14828 3003 782 877 1162 
14829 3003 877 1190 1162 
14830 3003 356 1350 357 
14831 1055 2931 859 2932 
14832 2932 1055 1114 859 
14833 2923 888 1027 1190 
14834 2923 888 1099 1027 
14835 2995 967 1447 1468 
14836 2995 1447 1495 1468 
14837 2997 2996 1775 1998 
14838 2997 1879 1880 1775 
14839 2995 3002 1447 966 
14840 2997 808 1098 1099 
14841 2997 1099 1098 991 
14842 1098 2995 991 990 
14843 1775 2997 1774 2995 
14844 2997 1775 1774 1879 
14845 2878 1646 1645 1778 
14846 2924 2923 2997 1880 
14847 2924 218 808 1141 
14848 2924 218 217 808 
14849 2922 2923 1928 1672 
14850 2927 2196 2182 357 
14851 2925 359 218 360 
14852 2925 2206 359 360 
14853 2922 2926 2928 665 
14854 2928 665 2612 2644 
14855 2992 2182 2192 2203 
14856 2992 2184 2194 2203 
14857 2992 2194 2184 2247 
14858 2992 2194 2247 2214 
14859 2992 2247 2243 2214 
14860 2992 2194 2182 2203 
14861 2993 2630 2636 2615 
14862 3005 2928 2612 2631 
14863 3005 2612 2638 2631 
14864 2990 2982 2635 2613 
14865 2990 2982 2629 2628 
14866 3005 2227 2206 2244 
14867 3005 2223 2227 2225 
14868 2990 2982 2186 2635 
14869 2990 2638 3005 2630 
14870 3005 2227 2244 2225 
14871 2990 2630 2993 2628 
14872 2980 2187 2230 2188 
14873 2988 2225 2242 2224 
14874 2224 2980 2242 2988 
14875 2980 2226 2241 2238 
14876 2982 2188 2988 2200 
14877 2982 2188 2200 2201 
14878 2980 2224 2987 2988 
14879 2822 2832 2501 2500 
14880 2978 701 2204 2658 
14881 2978 701 2658 2655 
14882 2979 561 2181 2654 
14883 2640 2978 2646 2610 
14884 2978 701 2655 702 
14885 2978 2646 2610 2637 
14886 2978 2625 2646 2637 
14887 2185 2980 2201 2199 
14888 2983 2985 2228 2261 
14889 2978 2218 2248 2204 
14890 2978 2204 2240 2218 
14891 2981 2979 2190 2614 
14892 2991 2989 2987 2632 
14893 2986 2979 2978 2218 
14894 2986 2217 2979 2218 
14895 2986 2219 2217 2218 
14896 2986 2238 2217 2220 
14897 2621 2985 2622 2986 
14898 2993 2269 2257 2268 
14899 2986 2217 2219 2220 
14900 2984 2220 2219 2237 
14901 2981 2621 2614 2622 
14902 2981 2982 2634 2185 
14903 2981 2614 2634 2622 
14904 2980 2981 2986 2238 
14905 2987 2622 2981 2982 
14906 2980 2982 2185 2201 
14907 2981 2982 2622 2634 
14908 2961 2959 2941 2584 
14909 2970 2127 2143 2126 
14910 2970 2573 2557 2556 
14911 2963 2143 2970 2127 
14912 2969 2131 2153 2148 
14913 2969 2576 2578 2582 
14914 2969 2561 2970 2573 
14915 2969 2561 2573 2582 
14916 2969 2578 2561 2582 
14917 2969 2143 2131 2152 
14918 2969 2148 2145 2152 
14919 2969 2152 2131 2148 
14920 2944 2958 2946 2549 
14921 2962 2129 2128 2130 
14922 2962 2128 2963 2968 
14923 2941 2959 2138 2099 
14924 2941 2134 2121 2138 
14925 2941 2564 2560 2568 
14926 2941 2568 2959 2096 
14927 2941 2551 2564 2568 
14928 2968 2160 2140 2120 
14929 2962 2941 2940 2946 
14930 2962 2130 2128 2132 
14931 2968 2120 2970 2160 
14932 2962 2154 2963 2129 
14933 2558 2946 2560 2961 
14934 2961 2558 2559 2560 
14935 2961 2558 2557 2559 
14936 2968 2140 2128 2120 
14937 2962 2135 2946 2134 
14938 2942 2574 2945 2940 
14939 2944 2179 2957 2167 
14940 2944 2176 2179 2167 
14941 2944 2945 2567 2565 
14942 2942 2105 2943 2554 
14943 2940 2121 2095 2100 
14944 2564 2945 2565 2566 
14945 2944 2565 2587 2571 
14946 2940 2134 2136 2121 
14947 2112 2940 2121 2941 
14948 2940 2121 2136 2142 
14949 2113 2942 2098 2115 
14950 2151 2124 2106 2942 
14951 2945 2564 2940 2566 
14952 2822 2832 2823 2501 
14953 2945 2566 2940 2574 
14954 2945 2566 2574 2567 
14955 2564 2945 2946 2565 
14956 2945 2565 2566 2567 
14957 2944 2958 2119 2135 
14958 2943 662 2950 661 
14959 2943 2581 662 661 
14960 2943 2574 2581 2548 
14961 2943 2548 2581 661 
14962 2567 2944 2957 2945 
14963 2944 2119 2141 2135 
14964 2567 2944 2587 2957 
14965 2944 2567 2587 2565 
14966 2944 2946 2958 2135 
14967 2957 2179 2168 2159 
14968 2957 2168 2179 2163 
14969 2944 2164 2549 2571 
14970 2944 2135 2945 2946 
14971 2944 2946 2945 2565 
14972 2863 1619 1835 1917 
14973 2863 1325 1326 1328 
14974 2863 1325 1328 1917 
14975 2863 1743 1325 1917 
14976 2863 1901 1743 1917 
14977 2863 1325 1327 1326 
14978 1765 2858 2865 2859 
14979 2863 1647 1835 1623 
14980 2863 1647 1901 1835 
14981 2863 1835 1901 1917 
14982 2921 2060 2064 2057 
14983 2921 2535 2534 2532 
14984 2920 2497 2519 2514 
14985 2920 2921 2511 2514 
14986 2920 2511 2518 2514 
14987 2920 2493 2495 2497 
14988 2913 2519 2919 2483 
14989 2918 2020 2492 2491 
14990 2920 2497 2514 2518 
14991 2920 2493 2497 2509 
14992 2911 2016 2014 2486 
14993 2918 681 2529 2527 
14994 2920 2509 2497 2518 
14995 2918 2055 2039 2038 
14996 2918 2526 2527 2524 
14997 112 490 2515 2020 
14998 2918 2021 2005 489 
14999 2919 2495 2520 2519 
15000 2919 2496 2520 2495 
15001 2911 2918 2492 2493 
15002 2911 2914 2918 2493 
15003 2805 241 325 324 
15004 2914 2040 2039 2041 
15005 2911 2918 2039 2038 
15006 2911 2015 480 2010 
15007 2911 2015 2918 2038 
15008 2917 2033 2046 2050 
15009 2912 2008 2023 2024 
15010 2919 2916 2073 2504 
15011 2916 2919 2831 2496 
15012 2916 2487 2072 2077 
15013 2912 2014 2023 2008 
15014 2916 2073 2487 2077 
15015 2833 2056 2048 2054 
15016 2822 2824 2843 2834 
15017 2831 2046 2044 2042 
15018 2832 2047 2044 2046 
15019 2916 2917 2831 2919 
15020 2822 2503 2501 2523 
15021 2916 2077 2089 2073 
15022 2826 2517 655 2522 
15023 2832 2917 2048 2046 
15024 2832 2048 2047 2046 
15025 2832 2049 2047 2048 
15026 2912 2494 2506 2498 
15027 2912 2498 2506 2485 
15028 2823 2831 2832 2031 
15029 2831 2031 2912 2044 
15030 2831 2832 2031 2044 
15031 2831 2832 2044 2046 
15032 2831 2917 2832 2046 
15033 2824 2053 2035 2013 
15034 2824 2053 2823 2069 
15035 2834 2835 324 323 
15036 2824 2006 2027 2018 
15037 2805 2521 2019 658 
15038 2834 2006 2824 2022 
15039 2835 657 472 656 
15040 2828 331 2841 330 
15041 2826 2084 2082 2522 
15042 2835 2517 2484 656 
15043 2828 2841 2846 1158 
15044 2826 2082 2490 2522 
15045 2835 657 656 2484 
15046 2805 2838 472 473 
15047 2805 2463 473 658 
15048 2834 2062 2030 324 
15049 2030 2826 2056 2843 
15050 2834 2022 2824 2067 
15051 2805 2521 2834 2019 
15052 2834 324 325 2062 
15053 2834 2824 2062 2067 
15054 2834 2062 325 2067 
15055 2843 2834 2824 2069 
15056 2843 2069 2824 2832 
15057 2843 2069 2832 2049 
15058 2843 2056 2030 2049 
15059 2843 2833 2056 2048 
15060 2843 2056 2049 2048 
15061 2843 2832 2833 2048 
15062 2843 2049 2832 2048 
15063 2841 108 471 1695 
15064 2825 1181 913 1178 
15065 2825 1203 1181 1000 
15066 2825 1000 1181 1178 
15067 2847 1876 1718 1621 
15068 2847 1318 1314 328 
15069 2847 1318 328 1322 
15070 2847 840 1000 934 
15071 2847 1312 2825 1314 
15072 2847 840 934 837 
15073 2847 328 1314 1323 
15074 2847 328 1323 1322 
15075 2847 1323 2849 1322 
15076 2900 742 758 740 
15077 2896 2 734 742 
15078 2896 742 734 743 
15079 2896 1526 86 1517 
15080 2896 2901 2900 442 
15081 1526 2909 86 443 
15082 2909 734 2899 2896 
15083 2889 760 770 758 
15084 2890 1535 1536 1534 
15085 2883 772 754 736 
15086 2890 752 754 753 
15087 2876 1549 2883 1532 
15088 2890 1537 1536 1535 
15089 2880 2895 1541 1228 
15090 2890 1555 1536 1537 
15091 2874 1224 1230 732 
15092 2883 749 754 764 
15093 2883 754 765 736 
15094 2883 1537 2890 1548 
15095 2883 1537 1548 1532 
15096 2886 2874 2883 2876 
15097 2883 1549 1537 1532 
15098 2881 1260 1256 1257 
15099 2886 746 2876 2883 
15100 2883 754 749 765 
15101 2883 765 749 746 
15102 2884 1535 1538 1548 
15103 2884 1538 1269 1515 
15104 2884 1274 2888 1285 
15105 2884 1274 1285 1269 
15106 2884 1518 2888 1274 
15107 2884 1538 1518 1274 
15108 2884 1274 1269 1538 
15109 2886 2883 2874 764 
15110 1262 761 1255 2877 
15111 2871 757 1237 759 
15112 2877 2876 2881 746 
15113 2876 1531 1532 1553 
15114 2881 294 1260 1257 
15115 2822 2503 2484 2510 
15116 2876 2875 2883 746 
15117 2911 2918 2914 2039 
15118 762 2881 771 731 
15119 2881 1257 293 294 
15120 2870 1247 1250 1249 
15121 2881 771 763 762 
15122 2870 1544 2881 294 
15123 2870 1247 762 737 
15124 2870 1554 2881 1544 
15125 2870 293 2881 762 
15126 2911 2010 2026 2015 
15127 2856 1925 1443 1587 
15128 2827 1090 947 1136 
15129 2827 1090 875 947 
15130 2839 947 946 1060 
15131 2839 2851 2827 1209 
15132 2839 1909 1730 1841 
15133 2828 330 49 1311 
15134 2806 320 50 786 
15135 2866 1438 2867 1502 
15136 2856 1756 1770 1736 
15137 2828 240 2835 324 
15138 2855 1727 1710 1711 
15139 2856 1756 1736 1711 
15140 2856 1711 1736 1727 
15141 2848 1785 1922 1891 
15142 2848 1727 1932 1922 
15143 2848 1922 1932 1815 
15144 2848 2849 2847 1785 
15145 2848 2849 2867 893 
15146 1108 2848 1135 893 
15147 2848 2867 1677 1815 
15148 2848 1677 1922 1815 
15149 2848 2849 1891 1677 
15150 2848 1891 1922 1677 
15151 2848 1677 2867 2849 
15152 2855 926 925 912 
15153 2855 2825 912 911 
15154 2855 2841 2825 911 
15155 2855 912 925 911 
15156 2855 2825 2841 1709 
15157 2805 473 472 657 
15158 2805 2516 2834 2521 
15159 2806 109 473 2463 
15160 2806 873 872 871 
15161 2806 1656 1657 1655 
15162 2805 658 2019 321 
15163 2805 320 325 1309 
15164 2805 320 2022 325 
15165 2805 2834 2022 2006 
15166 2805 2022 320 2006 
15167 2805 2019 2834 2006 
15168 2805 2019 2006 321 
15169 2805 2006 320 321 
15170 2805 2806 321 320 
15171 2807 1186 1026 939 
15172 2842 1957 2827 1728 
15173 2842 1959 1957 1728 
15174 2842 1170 1035 1172 
15175 2821 1680 1681 1617 
15176 2842 1959 1819 1957 
15177 2820 2806 2807 321 
15178 2820 1570 1306 1660 
15179 2911 2015 2026 2005 
15180 2820 1656 2806 1570 
15181 2820 1660 1656 1570 
15182 2820 1657 2806 1656 
15183 2820 1658 1657 1656 
15184 2820 2807 2806 872 
15185 2820 1658 1986 1792 
15186 2820 1792 1986 1810 
15187 2820 1660 1986 1656 
15188 2820 1986 1658 1656 
15189 2809 1716 1847 1938 
15190 2821 896 2808 833 
15191 2854 1090 793 1170 
15192 2809 1064 932 1151 
15193 2844 2808 971 1104 
15194 2808 1125 834 896 
15195 3067 2810 1612 1299 
15196 3067 2816 1612 1614 
15197 2821 2842 1959 1819 
15198 2821 1959 1681 1819 
15199 2821 1716 1681 1680 
15200 2821 2842 2816 1882 
15201 2821 2809 2808 932 
15202 2821 1819 1681 1716 
15203 2815 828 1298 829 
15204 2810 1649 1903 1779 
15205 2810 1834 1903 1649 
15206 2810 1291 1289 1292 
15207 2810 1290 1291 1292 
15208 2845 1941 1563 1699 
15209 2845 2901 302 301 
15210 2817 2868 1056 1105 
15211 2868 1213 2901 6 
15212 2868 1213 6 915 
15213 2868 1213 915 1105 
15214 2892 1478 1488 1425 
15215 2907 166 2901 1213 
15216 2908 1420 2915 279 
15217 2911 2918 2015 2005 
15218 2907 2868 2901 1593 
15219 2907 2868 1593 1877 
15220 2907 1593 1878 1877 
15221 1593 2906 1878 1927 
15222 2906 1662 448 89 
15223 2910 987 988 1096 
15224 2910 1877 1772 1771 
15225 2910 1772 1754 1771 
15226 2819 439 970 969 
15227 2819 439 440 1425 
15228 2819 440 1426 1485 
15229 2819 969 1487 439 
15230 2819 439 1426 440 
15231 2844 2817 2910 1771 
15232 2819 439 1487 1426 
15233 2854 1503 1492 1472 
15234 3038 3039 985 973 
15235 3058 1489 1451 1510 
15236 3058 1510 1431 1489 
15237 2906 1671 1927 448 
15238 2906 1662 1671 448 
15239 2915 1418 1420 1419 
15240 978 2904 2908 977 
15241 2915 1900 1761 1862 
15242 2915 1651 1761 1900 
15243 2903 868 850 867 
15244 2903 1110 850 868 
15245 2913 2920 2914 2919 
15246 3053 1685 1633 1889 
15247 3052 1628 1630 1631 
15248 3052 2903 2915 1651 
15249 3052 2915 1833 1651 
15250 3052 2915 2903 867 
15251 1421 3052 405 1419 
15252 3052 1419 1416 405 
15253 3052 1416 1419 404 
15254 3052 1415 1416 404 
15255 2887 1034 3054 901 
15256 3054 1034 3058 1143 
15257 3054 1034 1143 1134 
15258 3054 999 1106 1134 
15259 3054 901 1034 1134 
15260 3054 1106 901 1134 
15261 2893 2892 1440 1508 
15262 2893 1440 1489 1508 
15263 2893 1489 3058 1475 
15264 2893 1451 3058 1489 
15265 2893 1440 1451 1489 
15266 3059 1708 1757 1735 
15267 3059 1735 1757 1769 
15268 3035 937 998 1177 
15269 1629 3052 1630 3053 
15270 3053 1633 2898 3052 
15271 3027 2388 3073 2427 
15272 3072 452 673 453 
15273 3072 452 672 673 
15274 3068 394 2448 402 
15275 3068 2448 2432 402 
15276 3068 395 2427 394 
15277 2913 2060 2920 2921 
15278 3071 1195 781 1411 
15279 3071 195 17 908 
15280 3071 402 403 1408 
15281 3009 1590 3072 1910 
15282 3071 17 195 1404 
15283 3071 3068 403 402 
15284 1402 1404 3071 394 
15285 3071 1404 1402 17 
15286 195 3071 394 3068 
15287 3008 3023 3028 881 
15288 2913 2051 2029 2065 
15289 806 3010 1165 3009 
15290 3009 1157 3036 1165 
15291 3009 806 1157 1165 
15292 3009 3036 3059 1165 
15293 3010 1992 3059 1842 
15294 1842 1992 3065 3010 
15295 1842 1992 1733 3065 
15296 2813 3050 2814 3024 
15297 2971 869 2974 855 
15298 2975 1682 1717 1683 
15299 2976 1512 3024 1463 
15300 3063 1481 1453 1434 
15301 3039 1453 1484 1510 
15302 3039 1139 3058 1484 
15303 3039 1484 1453 1188 
15304 1143 3039 3058 3059 
15305 2871 1230 1242 1232 
15306 2871 757 1230 1232 
15307 2874 1241 1227 1239 
15308 2891 1526 1527 1539 
15309 2891 1527 1540 1539 
15310 2891 1527 2889 1557 
15311 2891 1540 1527 1557 
15312 2891 2896 2889 1527 
15313 2909 448 2458 443 
15314 1526 2909 2896 86 
15315 2897 734 2891 2896 
15316 2899 164 728 278 
15317 2899 279 444 1236 
15318 2899 1238 164 278 
15319 2904 1763 1812 1762 
15320 2899 2897 1222 1236 
15321 2899 1222 279 1236 
15322 2899 1222 2897 1238 
15323 2899 1222 1238 278 
15324 2899 279 1222 278 
15325 2908 5 728 168 
15326 3060 2400 2393 2399 
15327 3060 2400 2430 2393 
15328 3040 1397 1395 1399 
15329 3045 1007 2973 3023 
15330 3045 1960 2975 1820 
15331 3040 1985 1973 1809 
15332 3040 1397 1396 1395 
15333 3040 1670 1973 1985 
15334 3028 393 2377 2364 
15335 3028 397 2378 2428 
15336 3028 2421 397 2428 
15337 3048 2749 2375 2783 
15338 3028 397 396 197 
15339 3028 392 397 1403 
15340 3028 1403 397 197 
15341 3028 2421 396 397 
15342 3008 3028 674 453 
15343 3062 3033 2435 2746 
15344 3028 392 393 2364 
15345 3028 2378 397 392 
15346 3028 2378 392 2364 
15347 3048 2394 2410 2421 
15348 3048 2421 2410 2388 
15349 3032 2763 2761 2765 
15350 3032 3033 3073 2426 
15351 3032 3069 2383 2372 
15352 3033 2408 2425 2426 
15353 3033 2408 2424 2425 
15354 3073 673 3028 3072 
15355 2865 1561 1859 1948 
15356 3073 3068 2782 672 
15357 3073 3072 3068 672 
15358 673 3073 2743 672 
15359 3073 672 2782 2743 
15360 3073 2743 2781 2765 
15361 3073 2743 2782 2781 
15362 3066 2435 3033 2746 
15363 3029 3060 3042 2753 
15364 3029 2450 3062 2440 
15365 3029 3060 2753 2433 
15366 3029 3030 3060 2436 
15367 3031 2407 2405 2409 
15368 2423 3031 2409 2407 
15369 3030 3062 2423 2390 
15370 3030 2423 2419 2390 
15371 3031 3034 3069 2759 
15372 3030 2419 2402 2399 
15373 3030 2409 2419 2423 
15374 3030 2409 2402 2419 
15375 3031 2760 2761 2762 
15376 3031 3030 3062 2423 
15377 2865 339 338 1327 
15378 3031 3062 2407 2423 
15379 1330 2865 2863 1075 
15380 3032 2761 2766 2765 
15381 3031 2764 2760 2762 
15382 3029 3062 3031 3030 
15383 3031 3062 2778 2762 
15384 3031 2778 2764 2762 
15385 3032 2763 3033 2779 
15386 3029 2451 2450 2440 
15387 3032 2406 3069 2405 
15388 3032 3069 2411 2366 
15389 3032 2411 3048 2366 
15390 3032 3069 2766 2761 
15391 3032 2761 3031 3069 
15392 3032 3073 3048 2410 
15393 3032 2410 2406 2408 
15394 3032 3048 2411 2410 
15395 3032 2411 2406 2410 
15396 3032 3069 2406 2411 
15397 3070 3064 3034 2775 
15398 2865 339 1327 1329 
15399 3041 2422 3037 2400 
15400 3042 3060 3030 2399 
15401 3042 2757 2754 2756 
15402 2748 3042 2754 2755 
15403 3042 2756 2754 2755 
15404 3070 2757 2756 2775 
15405 2750 2770 654 2785 
15406 3061 3037 722 2741 
15407 3061 3037 2422 2413 
15408 3070 3029 3042 2774 
15409 3064 2775 2769 2758 
15410 3064 2769 2771 2758 
15411 3061 2790 722 2789 
15412 2418 3041 3034 3030 
15413 3064 2403 3034 2374 
15414 3064 2414 2403 2416 
15415 3037 722 2741 2799 
15416 3037 2797 722 2799 
15417 3037 3042 3060 2755 
15418 3061 2379 3064 2771 
15419 3041 3070 3034 3030 
15420 2413 3037 2422 2386 
15421 3037 721 722 2797 
15422 2939 2836 457 458 
15423 2967 384 2341 385 
15424 3017 2690 2708 2696 
15425 2967 2330 376 377 
15426 2967 2709 668 667 
15427 2967 2709 2676 668 
15428 1637 1391 2974 1636 
15429 2974 1050 851 852 
15430 2974 869 1115 1050 
15431 2974 382 1386 1393 
15432 2974 1050 855 869 
15433 2974 852 855 1050 
15434 2966 378 2297 377 
15435 378 2939 2956 379 
15436 2939 2937 1381 208 
15437 2939 2966 2836 208 
15438 2966 2676 2715 669 
15439 2966 668 2967 2676 
15440 2966 668 2676 669 
15441 2837 207 208 378 
15442 2837 208 2966 378 
15443 3046 2330 2318 2303 
15444 3046 2351 2967 2303 
15445 3046 2318 2320 2303 
15446 3046 2682 2697 2709 
15447 3046 2699 2697 2682 
15448 3047 2715 2966 2676 
15449 3047 2714 2715 2676 
15450 3047 2956 2966 2715 
15451 3047 3044 2956 2713 
15452 3047 3044 2713 2714 
15453 3019 2362 2353 2298 
15454 3019 2314 2313 2298 
15455 3020 2315 2332 2317 
15456 3018 2317 2327 2313 
15457 3018 3016 2311 2317 
15458 3017 2696 2706 2690 
15459 2882 2885 2323 2310 
15460 3051 2276 3044 2700 
15461 2696 3051 2694 2711 
15462 3051 2300 2274 2279 
15463 598 706 2703 2722 
15464 2357 2325 2730 2306 
15465 2885 2331 2323 2310 
15466 2885 2702 2710 2689 
15467 3016 2307 2308 2329 
15468 3016 2302 3022 2308 
15469 3022 2681 2687 2688 
15470 3022 2681 2686 2687 
15471 3022 2687 2690 2689 
15472 155 2705 2723 710 
15473 3016 2293 2283 2307 
15474 3022 2708 2687 2686 
15475 3022 2690 2687 2708 
15476 3017 2690 2706 2707 
15477 3017 2885 3022 2689 
15478 3017 2885 2689 2707 
15479 3016 3020 3017 2696 
15480 3016 3051 3020 2696 
15481 3018 2328 2296 2327 
15482 3016 3020 3051 2332 
15483 3017 2879 2675 2882 
15484 2882 2675 3017 2348 
15485 3016 2329 2311 2317 
15486 3016 2308 2311 2329 
15487 3016 3017 3022 2708 
15488 2987 2626 2628 2624 
15489 2987 2628 2632 2624 
15490 2990 2982 2988 2200 
15491 2991 2269 2993 2256 
15492 2991 2628 2615 2632 
15493 2991 2987 2993 2628 
15494 2991 2993 2615 2628 
15495 2989 2236 2205 2221 
15496 2989 2267 2251 2270 
15497 2983 2249 2263 2259 
15498 2985 2987 2989 2624 
15499 2985 2989 2251 2270 
15500 2985 2258 2989 2270 
15501 2985 2989 2258 2611 
15502 2985 2648 2989 2611 
15503 2985 2648 2611 2647 
15504 2985 2611 2633 2647 
15505 2249 2263 2663 2983 
15506 2983 2625 2642 2646 
15507 2865 1859 1764 1948 
15508 2983 2642 2633 2641 
15509 2986 2983 2978 2625 
15510 2994 2250 2271 2260 
15511 2994 2262 2271 2250 
15512 2638 2993 2994 3005 
15513 2987 2990 2988 2993 
15514 3001 366 33 1357 
15515 3014 1063 2878 1124 
15516 359 217 2926 2925 
15517 2998 367 366 2250 
15518 2926 2924 1592 462 
15519 2998 663 2645 664 
15520 2852 1902 1740 1860 
15521 2926 3001 663 2470 
15522 3001 2998 367 366 
15523 100 2872 1996 3001 
15524 3000 1212 914 1103 
15525 3015 1071 1436 1148 
15526 2999 2878 1776 1885 
15527 3000 1098 1103 992 
15528 3074 823 825 826 
15529 956 1366 2853 1129 
15530 956 1366 1359 2853 
15531 2853 1361 1366 1359 
15532 2853 1118 1129 1054 
15533 2852 780 3001 366 
15534 2853 1118 994 1076 
15535 2853 1362 1361 1359 
15536 3014 1911 1846 1678 
15537 3014 3074 1610 1609 
15538 3014 1610 1678 1609 
15539 3014 1610 2878 1911 
15540 3014 1610 1911 1678 
15541 3014 1610 3074 2878 
15542 2995 3000 2999 992 
15543 2999 1750 1579 1752 
15544 2999 1774 1752 1776 
15545 2999 3014 2878 1885 
15546 1846 2999 3014 1579 
15547 2999 1750 1752 1774 
15548 3055 953 3026 3056 
15549 3056 1461 1500 1494 
15550 3057 3056 1433 1843 
15551 3055 3049 1002 1003 
15552 3026 1164 3050 983 
15553 3056 1737 1931 1843 
15554 2976 3025 2977 1074 
15555 3024 965 964 963 
15556 3024 1747 1748 1749 
15557 1512 3024 1463 1747 
15558 3024 1748 1747 1584 
15559 2811 880 1217 1081 
15560 1463 2976 1432 3024 
15561 2811 1664 2813 2812 
15562 2812 2829 1664 1865 
15563 2813 1963 1749 1793 
15564 2813 2814 2812 1777 
15565 2937 3050 3026 1164 
15566 2936 1687 2937 1560 
15567 2936 1194 1048 1371 
15568 2836 1984 1852 1591 
15569 2837 1068 2836 207 
15570 2836 1591 1852 457 
15571 2939 208 379 378 
15572 2836 1591 457 458 
15573 2937 1942 1686 1700 
15574 2937 1155 902 208 
15575 2937 1155 916 902 
15576 2937 1700 1686 1687 
15577 2937 3026 2836 1942 
15578 3049 936 821 1094 
15579 2938 1971 1965 1786 
15580 2938 1373 1374 1372 
15581 2938 1965 1844 1720 
15582 2938 1965 1720 1786 
15583 3049 820 821 822 
15584 3049 1107 3013 3074 
15585 3049 936 824 821 
15586 3049 1370 2938 1374 
15587 368 3049 1374 1370 
15588 3049 2853 1370 1369 
15589 3049 3074 2853 1369 
15590 3049 821 824 822 
15591 3049 3074 1369 820 
15592 3049 1369 821 820 
15593 3055 1702 3026 1700 
15594 3055 1702 1700 1701 
15595 1931 3055 1724 3026 
15596 3055 1724 3026 1702 
15597 3055 1724 1702 1701 
15598 3055 1724 1701 1990 
15599 3055 1701 1971 1990 
15600 3055 2938 1971 1687 
15601 2936 2938 1687 1688 
15602 3055 1687 1971 1701 
15603 3055 3026 2937 1700 
15604 1719 2965 2930 1788 
15605 2965 1969 1788 1964 
15606 2965 1337 1339 1341 
15607 2965 1691 1964 1883 
15608 3004 2965 2930 1182 
15609 2965 348 2952 349 
15610 2965 348 349 1339 
15611 2965 1339 349 1341 
15612 2965 1691 1969 1964 
15613 2951 1929 2004 1589 
15614 2951 2953 467 1589 
15615 2951 467 1929 1589 
15616 2865 1859 1797 1329 
15617 2951 466 2953 1589 
15618 2951 1943 466 1589 
15619 2951 1589 1953 1943 
15620 2949 1813 2954 1673 
15621 2949 468 105 1663 
15622 2949 2950 468 467 
15623 2949 468 1929 467 
15624 2949 1673 2954 1929 
15625 2949 1673 1663 1979 
15626 2949 2859 2950 2954 
15627 2949 468 1673 1929 
15628 2949 1663 1673 468 
15629 2964 1808 2002 1746 
15630 2964 2869 2864 1745 
15631 2964 1813 1746 1814 
15632 2964 2954 2869 1813 
15633 2964 2954 1813 1814 
15634 2964 1746 2002 1814 
15635 2861 2951 2954 2004 
15636 962 2964 2954 2869 
15637 2861 2954 2951 2862 
15638 2861 2862 2951 1953 
15639 2860 1734 3012 1933 
15640 2860 1024 3012 1218 
15641 2861 1790 2002 1734 
15642 2861 2862 1705 1734 
15643 2861 1705 1790 1734 
15644 2860 3011 3004 1933 
15645 2860 3012 3011 1933 
15646 2860 1112 3011 3012 
15647 2860 3004 3011 1146 
15648 2860 2861 3012 1734 
15649 1490 3006 2996 3007 
15650 3007 2996 1490 1468 
15651 3007 1490 1429 1468 
15652 3007 1160 2996 1468 
15653 3007 1429 1160 1468 
15654 3007 794 1168 1160 
15655 3007 1429 794 1160 
15656 2931 2935 891 890 
15657 2931 891 817 890 
15658 2931 1109 2930 816 
15659 2931 814 1109 816 
15660 1892 2931 1675 3004 
15661 2933 2934 3006 2935 
15662 2931 818 890 817 
15663 2931 815 818 817 
15664 2931 814 815 817 
15665 2931 891 1109 817 
15666 2931 814 817 1109 
15667 3006 1854 2935 1458 
15668 3006 1934 1854 1458 
15669 2865 1797 1859 1561 
15670 3006 1490 1446 1499 
15671 3006 2935 1934 1712 
15672 3006 2933 2935 1674 
15673 3006 1934 1850 1712 
15674 3006 1578 1850 1934 
15675 3006 1446 1578 1934 
15676 3006 1499 1446 1458 
15677 3006 1458 1446 1934 
15678 2922 2928 2926 2925 
15679 2927 666 2196 357 
15680 2927 2471 666 357 
15681 2927 3003 356 1358 
15682 2922 3003 2927 1358 
15683 2927 2182 356 357 
15684 2927 356 3003 357 
15685 2990 2993 2630 3005 
15686 2990 2988 2993 3005 
15687 2990 2630 2628 2629 
15688 2990 2928 3005 2631 
15689 2990 2651 2928 2631 
15690 2990 2631 2630 2629 
15691 2990 2992 2988 3005 
15692 2990 2635 2651 2629 
15693 2990 2651 2631 2629 
15694 2980 2981 2238 2216 
15695 2865 1797 339 1329 
15696 2980 2238 2208 2216 
15697 2199 2980 2187 2183 
15698 2216 2980 2981 2183 
15699 2980 2187 2183 2208 
15700 2980 2187 2208 2230 
15701 2980 2208 2241 2230 
15702 2980 2982 2987 2981 
15703 2980 2241 2208 2238 
15704 2968 2165 2970 2550 
15705 2968 2961 2958 2558 
15706 2968 2558 2958 2550 
15707 2968 2970 2961 2557 
15708 2968 2970 2557 2550 
15709 2963 2961 2970 2561 
15710 2962 2128 2968 2140 
15711 2963 2969 2143 2131 
15712 2968 2970 2120 2127 
15713 2968 2120 2128 2127 
15714 2963 2131 2127 2129 
15715 2963 2153 2969 2131 
15716 2963 2129 2153 2131 
15717 2865 2859 2949 1948 
15718 2963 2961 2968 2970 
15719 2962 2941 2959 2138 
15720 2962 2961 2963 2959 
15721 2561 2963 2961 2959 
15722 2962 2132 2134 2130 
15723 2962 2941 2961 2959 
15724 2962 2968 2961 2958 
15725 2962 2961 2946 2958 
15726 2962 2968 2963 2961 
15727 2962 2941 2946 2961 
15728 2113 2942 2940 2098 
15729 2942 2115 2106 2093 
15730 2955 2123 2957 2150 
15731 2942 2151 2124 2144 
15732 2955 2157 2957 2123 
15733 2942 2144 2124 2142 
15734 2942 2095 2940 2142 
15735 2955 2157 2150 2137 
15736 2955 2945 2157 2137 
15737 2955 2945 2137 2144 
15738 2955 2151 2144 2118 
15739 2955 2150 2118 2137 
15740 2955 2943 2957 2945 
15741 2955 2137 2118 2144 
15742 2947 229 342 341 
15743 2947 2953 2950 229 
15744 2947 2948 2953 228 
15745 2947 2948 2955 2943 
15746 2947 2150 2955 2948 
15747 2865 105 2949 339 
15748 340 2947 2948 2150 
$EndElements
