
                        S T E P       1


                                INCREMENT     6


 displacements (vx,vy,vz) for set ALLN and time  0.1000000E+01

         1  0.000000E+00  0.000000E+00  0.000000E+00
         2  3.000000E-03  0.000000E+00  0.000000E+00
         3  6.000000E-03  0.000000E+00  0.000000E+00
         4  9.000000E-03  0.000000E+00  0.000000E+00
         5  1.200000E-02  0.000000E+00  0.000000E+00
         6  1.500000E-02  0.000000E+00  0.000000E+00
         7  1.800000E-02  0.000000E+00  0.000000E+00
         8  2.100000E-02  0.000000E+00  0.000000E+00
         9  2.400000E-02  0.000000E+00  0.000000E+00
        10  2.700000E-02  0.000000E+00  0.000000E+00
        11  3.000000E-02  0.000000E+00  0.000000E+00
        12  0.000000E+00 -1.095977E-03  0.000000E+00
        13  3.000000E-03 -1.095977E-03  0.000000E+00
        14  6.000000E-03 -1.095977E-03  0.000000E+00
        15  9.000000E-03 -1.095977E-03  0.000000E+00
        16  1.200000E-02 -1.095977E-03  0.000000E+00
        17  1.500000E-02 -1.095977E-03  0.000000E+00
        18  1.800000E-02 -1.095977E-03  0.000000E+00
        19  2.100000E-02 -1.095977E-03  0.000000E+00
        20  2.400000E-02 -1.095977E-03  0.000000E+00
        21  2.700000E-02 -1.095977E-03  0.000000E+00
        22  3.000000E-02 -1.095977E-03  0.000000E+00
        23  0.000000E+00 -2.191954E-03  0.000000E+00
        24  3.000000E-03 -2.191954E-03  0.000000E+00
        25  6.000000E-03 -2.191954E-03  0.000000E+00
        26  9.000000E-03 -2.191954E-03  0.000000E+00
        27  1.200000E-02 -2.191954E-03  0.000000E+00
        28  1.500000E-02 -2.191954E-03  0.000000E+00
        29  1.800000E-02 -2.191954E-03  0.000000E+00
        30  2.100000E-02 -2.191954E-03  0.000000E+00
        31  2.400000E-02 -2.191954E-03  0.000000E+00
        32  2.700000E-02 -2.191954E-03  0.000000E+00
        33  3.000000E-02 -2.191954E-03  0.000000E+00
        34  0.000000E+00  0.000000E+00 -5.479885E-04
        35  3.000000E-03  0.000000E+00 -5.479885E-04
        36  6.000000E-03  0.000000E+00 -5.479885E-04
        37  9.000000E-03  0.000000E+00 -5.479885E-04
        38  1.200000E-02  0.000000E+00 -5.479885E-04
        39  1.500000E-02  0.000000E+00 -5.479885E-04
        40  1.800000E-02  0.000000E+00 -5.479885E-04
        41  2.100000E-02  0.000000E+00 -5.479885E-04
        42  2.400000E-02  0.000000E+00 -5.479885E-04
        43  2.700000E-02  0.000000E+00 -5.479885E-04
        44  3.000000E-02  0.000000E+00 -5.479885E-04
        45  0.000000E+00 -1.095977E-03 -5.479885E-04
        46  3.000000E-03 -1.095977E-03 -5.479885E-04
        47  6.000000E-03 -1.095977E-03 -5.479885E-04
        48  9.000000E-03 -1.095977E-03 -5.479885E-04
        49  1.200000E-02 -1.095977E-03 -5.479885E-04
        50  1.500000E-02 -1.095977E-03 -5.479885E-04
        51  1.800000E-02 -1.095977E-03 -5.479885E-04
        52  2.100000E-02 -1.095977E-03 -5.479885E-04
        53  2.400000E-02 -1.095977E-03 -5.479885E-04
        54  2.700000E-02 -1.095977E-03 -5.479885E-04
        55  3.000000E-02 -1.095977E-03 -5.479885E-04
        56  0.000000E+00 -2.191954E-03 -5.479885E-04
        57  3.000000E-03 -2.191954E-03 -5.479885E-04
        58  6.000000E-03 -2.191954E-03 -5.479885E-04
        59  9.000000E-03 -2.191954E-03 -5.479885E-04
        60  1.200000E-02 -2.191954E-03 -5.479885E-04
        61  1.500000E-02 -2.191954E-03 -5.479885E-04
        62  1.800000E-02 -2.191954E-03 -5.479885E-04
        63  2.100000E-02 -2.191954E-03 -5.479885E-04
        64  2.400000E-02 -2.191954E-03 -5.479885E-04
        65  2.700000E-02 -2.191954E-03 -5.479885E-04
        66  3.000000E-02 -2.191954E-03 -5.479885E-04
        67  0.000000E+00  0.000000E+00 -1.095977E-03
        68  3.000000E-03  0.000000E+00 -1.095977E-03
        69  6.000000E-03  0.000000E+00 -1.095977E-03
        70  9.000000E-03  0.000000E+00 -1.095977E-03
        71  1.200000E-02  0.000000E+00 -1.095977E-03
        72  1.500000E-02  0.000000E+00 -1.095977E-03
        73  1.800000E-02  0.000000E+00 -1.095977E-03
        74  2.100000E-02  0.000000E+00 -1.095977E-03
        75  2.400000E-02  0.000000E+00 -1.095977E-03
        76  2.700000E-02  0.000000E+00 -1.095977E-03
        77  3.000000E-02  0.000000E+00 -1.095977E-03
        78  0.000000E+00 -1.095977E-03 -1.095977E-03
        79  3.000000E-03 -1.095977E-03 -1.095977E-03
        80  6.000000E-03 -1.095977E-03 -1.095977E-03
        81  9.000000E-03 -1.095977E-03 -1.095977E-03
        82  1.200000E-02 -1.095977E-03 -1.095977E-03
        83  1.500000E-02 -1.095977E-03 -1.095977E-03
        84  1.800000E-02 -1.095977E-03 -1.095977E-03
        85  2.100000E-02 -1.095977E-03 -1.095977E-03
        86  2.400000E-02 -1.095977E-03 -1.095977E-03
        87  2.700000E-02 -1.095977E-03 -1.095977E-03
        88  3.000000E-02 -1.095977E-03 -1.095977E-03
        89  0.000000E+00 -2.191954E-03 -1.095977E-03
        90  3.000000E-03 -2.191954E-03 -1.095977E-03
        91  6.000000E-03 -2.191954E-03 -1.095977E-03
        92  9.000000E-03 -2.191954E-03 -1.095977E-03
        93  1.200000E-02 -2.191954E-03 -1.095977E-03
        94  1.500000E-02 -2.191954E-03 -1.095977E-03
        95  1.800000E-02 -2.191954E-03 -1.095977E-03
        96  2.100000E-02 -2.191954E-03 -1.095977E-03
        97  2.400000E-02 -2.191954E-03 -1.095977E-03
        98  2.700000E-02 -2.191954E-03 -1.095977E-03
        99  3.000000E-02 -2.191954E-03 -1.095977E-03
       100  0.000000E+00  0.000000E+00  0.000000E+00
       101  0.000000E+00  0.000000E+00  0.000000E+00
       102  0.000000E+00  0.000000E+00  0.000000E+00
       103  0.000000E+00  0.000000E+00  0.000000E+00
       104  0.000000E+00  0.000000E+00  0.000000E+00
       105  0.000000E+00  0.000000E+00  0.000000E+00
       106  0.000000E+00  0.000000E+00  0.000000E+00
       107  0.000000E+00  0.000000E+00  0.000000E+00
       108  0.000000E+00  0.000000E+00  0.000000E+00
       109  0.000000E+00  0.000000E+00  0.000000E+00
       110  3.000000E-02  0.000000E+00  0.000000E+00
       111  0.000000E+00  0.000000E+00  0.000000E+00
       112  0.000000E+00  0.000000E+00  0.000000E+00
       113  0.000000E+00  0.000000E+00  0.000000E+00
       114  0.000000E+00  0.000000E+00  0.000000E+00
       115  0.000000E+00  0.000000E+00  0.000000E+00
       116  0.000000E+00  0.000000E+00  0.000000E+00
       117  0.000000E+00  0.000000E+00  0.000000E+00
       118  0.000000E+00  0.000000E+00  0.000000E+00
       119  0.000000E+00  0.000000E+00  0.000000E+00
       120  0.000000E+00  0.000000E+00  0.000000E+00
       121  3.000000E-02  0.000000E+00  0.000000E+00
       122  0.000000E+00  0.000000E+00  0.000000E+00
       123  0.000000E+00  0.000000E+00  0.000000E+00
       124  0.000000E+00  0.000000E+00  0.000000E+00
       125  0.000000E+00  0.000000E+00  0.000000E+00
       126  0.000000E+00  0.000000E+00  0.000000E+00
       127  0.000000E+00  0.000000E+00  0.000000E+00
       128  0.000000E+00  0.000000E+00  0.000000E+00
       129  0.000000E+00  0.000000E+00  0.000000E+00
       130  0.000000E+00  0.000000E+00  0.000000E+00
       131  0.000000E+00  0.000000E+00  0.000000E+00
       132  3.000000E-02  0.000000E+00  0.000000E+00
       133  0.000000E+00  0.000000E+00  0.000000E+00
       134  0.000000E+00  0.000000E+00  0.000000E+00
       135  0.000000E+00  0.000000E+00  0.000000E+00
       136  0.000000E+00  0.000000E+00  0.000000E+00
       137  0.000000E+00  0.000000E+00  0.000000E+00
       138  0.000000E+00  0.000000E+00  0.000000E+00
       139  0.000000E+00  0.000000E+00  0.000000E+00
       140  0.000000E+00  0.000000E+00  0.000000E+00
       141  0.000000E+00  0.000000E+00  0.000000E+00
       142  0.000000E+00  0.000000E+00  0.000000E+00
       143  3.000000E-02  0.000000E+00  0.000000E+00
       144  0.000000E+00  0.000000E+00  0.000000E+00
       145  0.000000E+00  0.000000E+00  0.000000E+00
       146  0.000000E+00  0.000000E+00  0.000000E+00
       147  0.000000E+00  0.000000E+00  0.000000E+00
       148  0.000000E+00  0.000000E+00  0.000000E+00
       149  0.000000E+00  0.000000E+00  0.000000E+00
       150  0.000000E+00  0.000000E+00  0.000000E+00
       151  0.000000E+00  0.000000E+00  0.000000E+00
       152  0.000000E+00  0.000000E+00  0.000000E+00
       153  0.000000E+00  0.000000E+00  0.000000E+00
       154  3.000000E-02  0.000000E+00  0.000000E+00
       155  0.000000E+00  0.000000E+00  0.000000E+00
       156  0.000000E+00  0.000000E+00  0.000000E+00
       157  0.000000E+00  0.000000E+00  0.000000E+00
       158  0.000000E+00  0.000000E+00  0.000000E+00
       159  0.000000E+00  0.000000E+00  0.000000E+00
       160  0.000000E+00  0.000000E+00  0.000000E+00
       161  0.000000E+00  0.000000E+00  0.000000E+00
       162  0.000000E+00  0.000000E+00  0.000000E+00
       163  0.000000E+00  0.000000E+00  0.000000E+00
       164  0.000000E+00  0.000000E+00  0.000000E+00
       165  3.000000E-02  0.000000E+00  0.000000E+00

 forces (fx,fy,fz) for set ALLN and time  0.1000000E+01

         1 -3.866511E+01 -3.174439E-07 -6.348879E-07
         2  6.474239E-14 -6.348879E-07 -1.269776E-06
         3  1.175388E-13 -6.348879E-07 -1.269776E-06
         4  3.494538E-12 -6.348848E-07 -1.269769E-06
         5 -7.387120E-12 -6.348883E-07 -1.269775E-06
         6  3.176423E-12 -6.348924E-07 -1.269785E-06
         7  1.200835E-13 -6.348893E-07 -1.269779E-06
         8 -1.646185E-13 -6.348893E-07 -1.269779E-06
         9  3.794429E-13 -6.348887E-07 -1.269778E-06
        10  2.478648E-12 -6.348834E-07 -1.269772E-06
        11  3.866511E+01 -3.174394E-07 -6.348812E-07
        12 -7.733022E+01  7.789285E-15 -1.269776E-06
        13  4.096706E-14  1.062976E-14 -2.539552E-06
        14  1.615025E-13 -5.400337E-14 -2.539552E-06
        15  6.553639E-12 -4.190543E-13 -2.539539E-06
        16 -1.440916E-11  1.660050E-13 -2.539552E-06
        17  6.207805E-12 -2.912235E-13 -2.539570E-06
        18  2.989517E-13 -3.622860E-13 -2.539558E-06
        19 -1.963111E-13  3.858230E-14 -2.539557E-06
        20  5.523341E-12  5.948737E-13 -2.539553E-06
        21  6.086119E-12  4.013885E-12 -2.539525E-06
        22  7.733022E+01 -1.871276E-12 -1.269760E-06
        23 -3.866511E+01  3.174440E-07 -6.348879E-07
        24 -3.909596E-14  6.348879E-07 -1.269776E-06
        25 -3.320032E-14  6.348879E-07 -1.269776E-06
        26  3.216248E-12  6.348845E-07 -1.269770E-06
        27 -6.865950E-12  6.348888E-07 -1.269777E-06
        28  2.473969E-12  6.348928E-07 -1.269787E-06
        29  4.826546E-13  6.348896E-07 -1.269781E-06
        30 -3.601996E-14  6.348893E-07 -1.269779E-06
        31  2.689003E-12  6.348883E-07 -1.269777E-06
        32 -4.167025E-13  6.348787E-07 -1.269763E-06
        33  3.866511E+01  3.174412E-07 -6.348849E-07
        34 -7.733022E+01 -6.348879E-07  1.420197E-15
        35  7.351842E-14 -1.269776E-06 -2.364698E-14
        36  8.161887E-14 -1.269776E-06  6.558329E-14
        37  6.907521E-12 -1.269770E-06 -1.894860E-13
        38 -1.230572E-11 -1.269773E-06  9.786997E-12
        39  3.463582E-12 -1.269784E-06  1.869439E-12
        40  8.602996E-14 -1.269779E-06 -6.852265E-13
        41  1.690803E-13 -1.269779E-06 -5.741531E-15
        42  3.861209E-13 -1.269778E-06  1.377354E-13
        43  4.119468E-12 -1.269770E-06 -2.965294E-12
        44  7.733022E+01 -6.348801E-07 -3.325637E-12
        45 -1.546604E+02  1.664008E-14  1.079089E-14
        46  7.994706E-14  6.755337E-14 -2.972035E-14
        47  2.303213E-13 -1.856162E-14  4.094821E-14
        48  1.316512E-11 -7.129553E-13 -3.839105E-13
        49 -2.326145E-11  6.076267E-13  2.025819E-11
        50  4.987555E-12 -2.444194E-12  2.094432E-13
        51  1.987995E-12 -2.904340E-12 -5.514283E-12
        52  3.386263E-13 -4.281789E-14 -1.143697E-14
        53  8.782952E-12  1.383248E-12 -1.126821E-12
        54  6.264429E-12  9.729571E-12 -1.635846E-11
        55  1.546604E+02 -3.434436E-12 -9.778073E-12
        56 -7.733022E+01  6.348879E-07  1.350042E-14
        57 -1.073435E-13  1.269776E-06  3.269844E-14
        58 -1.295300E-13  1.269776E-06  1.270736E-13
        59  6.432368E-12  1.269769E-06 -8.881589E-14
        60 -1.038915E-11  1.269774E-06  1.213234E-11
        61 -1.653219E-12  1.269787E-06  1.823073E-12
        62  4.424344E-12  1.269782E-06 -3.171294E-12
        63  2.217931E-13  1.269779E-06  5.041821E-14
        64  4.684376E-12  1.269777E-06  2.584331E-13
        65  1.004037E-12  1.269761E-06  4.723392E-13
        66  7.733022E+01  6.348848E-07  2.984197E-12
        67 -3.866511E+01 -3.174439E-07  6.348879E-07
        68  2.975578E-14 -6.348879E-07  1.269776E-06
        69 -2.736688E-14 -6.348879E-07  1.269776E-06
        70  3.670139E-12 -6.348848E-07  1.269769E-06
        71 -4.522902E-12 -6.348846E-07  1.269765E-06
        72 -1.276862E-13 -6.348926E-07  1.269783E-06
        73  6.242384E-13 -6.348905E-07  1.269779E-06
        74 -2.278091E-14 -6.348894E-07  1.269779E-06
        75 -6.045693E-14 -6.348894E-07  1.269779E-06
        76  2.980375E-13 -6.348876E-07  1.269777E-06
        77  3.866511E+01 -3.174441E-07  6.348858E-07
        78 -7.733022E+01  2.846585E-14  1.269776E-06
        79 -4.758874E-14  9.067582E-14  2.539552E-06
        80 -1.715000E-13  1.205148E-13  2.539552E-06
        81  6.824271E-12 -2.586598E-13  2.539538E-06
        82 -8.166966E-12  1.257071E-12  2.539532E-06
        83 -4.390311E-12 -4.450670E-13  2.539570E-06
        84  4.552693E-12 -1.650029E-12  2.539563E-06
        85 -2.329622E-13 -9.753064E-14  2.539557E-06
        86  3.321346E-12  6.897743E-13  2.539554E-06
        87  3.087716E-12  6.667221E-12  2.539535E-06
        88  7.733022E+01  3.443653E-12  1.269768E-06
        89 -3.866511E+01  3.174440E-07  6.348879E-07
        90 -3.750648E-14  6.348880E-07  1.269776E-06
        91 -1.743748E-13  6.348880E-07  1.269776E-06
        92  3.276875E-12  6.348847E-07  1.269770E-06
        93 -2.025315E-12  6.348837E-07  1.269765E-06
        94 -4.607099E-12  6.348928E-07  1.269785E-06
        95  2.987378E-12  6.348920E-07  1.269784E-06
        96 -7.217101E-14  6.348893E-07  1.269779E-06
        97  1.742187E-12  6.348884E-07  1.269777E-06
        98  3.116629E-12  6.348804E-07  1.269763E-06
        99  3.866511E+01  3.174401E-07  6.348843E-07
       100  0.000000E+00  0.000000E+00  0.000000E+00
       101  0.000000E+00  0.000000E+00  0.000000E+00
       102  0.000000E+00  0.000000E+00  0.000000E+00
       103  0.000000E+00  0.000000E+00  0.000000E+00
       104  0.000000E+00  0.000000E+00  0.000000E+00
       105  0.000000E+00  0.000000E+00  0.000000E+00
       106  0.000000E+00  0.000000E+00  0.000000E+00
       107  0.000000E+00  0.000000E+00  0.000000E+00
       108  0.000000E+00  0.000000E+00  0.000000E+00
       109  0.000000E+00  0.000000E+00  0.000000E+00
       110  0.000000E+00  0.000000E+00  0.000000E+00
       111  0.000000E+00  0.000000E+00  0.000000E+00
       112  0.000000E+00  0.000000E+00  0.000000E+00
       113  0.000000E+00  0.000000E+00  0.000000E+00
       114  0.000000E+00  0.000000E+00  0.000000E+00
       115  0.000000E+00  0.000000E+00  0.000000E+00
       116  0.000000E+00  0.000000E+00  0.000000E+00
       117  0.000000E+00  0.000000E+00  0.000000E+00
       118  0.000000E+00  0.000000E+00  0.000000E+00
       119  0.000000E+00  0.000000E+00  0.000000E+00
       120  0.000000E+00  0.000000E+00  0.000000E+00
       121  0.000000E+00  0.000000E+00  0.000000E+00
       122  0.000000E+00  0.000000E+00  0.000000E+00
       123  0.000000E+00  0.000000E+00  0.000000E+00
       124  0.000000E+00  0.000000E+00  0.000000E+00
       125  0.000000E+00  0.000000E+00  0.000000E+00
       126  0.000000E+00  0.000000E+00  0.000000E+00
       127  0.000000E+00  0.000000E+00  0.000000E+00
       128  0.000000E+00  0.000000E+00  0.000000E+00
       129  0.000000E+00  0.000000E+00  0.000000E+00
       130  0.000000E+00  0.000000E+00  0.000000E+00
       131  0.000000E+00  0.000000E+00  0.000000E+00
       132  0.000000E+00  0.000000E+00  0.000000E+00
       133  0.000000E+00  0.000000E+00  0.000000E+00
       134  0.000000E+00  0.000000E+00  0.000000E+00
       135  0.000000E+00  0.000000E+00  0.000000E+00
       136  0.000000E+00  0.000000E+00  0.000000E+00
       137  0.000000E+00  0.000000E+00  0.000000E+00
       138  0.000000E+00  0.000000E+00  0.000000E+00
       139  0.000000E+00  0.000000E+00  0.000000E+00
       140  0.000000E+00  0.000000E+00  0.000000E+00
       141  0.000000E+00  0.000000E+00  0.000000E+00
       142  0.000000E+00  0.000000E+00  0.000000E+00
       143  0.000000E+00  0.000000E+00  0.000000E+00
       144  0.000000E+00  0.000000E+00  0.000000E+00
       145  0.000000E+00  0.000000E+00  0.000000E+00
       146  0.000000E+00  0.000000E+00  0.000000E+00
       147  0.000000E+00  0.000000E+00  0.000000E+00
       148  0.000000E+00  0.000000E+00  0.000000E+00
       149  0.000000E+00  0.000000E+00  0.000000E+00
       150  0.000000E+00  0.000000E+00  0.000000E+00
       151  0.000000E+00  0.000000E+00  0.000000E+00
       152  0.000000E+00  0.000000E+00  0.000000E+00
       153  0.000000E+00  0.000000E+00  0.000000E+00
       154  0.000000E+00  0.000000E+00  0.000000E+00
       155  0.000000E+00  0.000000E+00  0.000000E+00
       156  0.000000E+00  0.000000E+00  0.000000E+00
       157  0.000000E+00  0.000000E+00  0.000000E+00
       158  0.000000E+00  0.000000E+00  0.000000E+00
       159  0.000000E+00  0.000000E+00  0.000000E+00
       160  0.000000E+00  0.000000E+00  0.000000E+00
       161  0.000000E+00  0.000000E+00  0.000000E+00
       162  0.000000E+00  0.000000E+00  0.000000E+00
       163  0.000000E+00  0.000000E+00  0.000000E+00
       164  0.000000E+00  0.000000E+00  0.000000E+00
       165  0.000000E+00  0.000000E+00  0.000000E+00

 stresses (elem, integ.pnt.,sxx,syy,szz,sxy,sxz,syz) for set ALLE and time  0.1000000E+01

         1   1  3.100000E+02  2.534734E-06  2.534734E-06 -2.772937E-14 -1.382554E-14  7.392275E-15
         1   2  3.100000E+02  2.534734E-06  2.534734E-06 -1.589921E-13 -1.249660E-13  7.590339E-15
         1   3  3.100000E+02  2.534734E-06  2.534734E-06  1.818608E-14 -9.185489E-15 -4.775040E-15
         1   4  3.100000E+02  2.534734E-06  2.534734E-06 -1.130767E-13 -7.810925E-14  7.802338E-15
         1   5  3.100000E+02  2.534734E-06  2.534734E-06 -2.988606E-14  2.858666E-14  3.477570E-14
         1   6  3.100000E+02  2.534734E-06  2.534734E-06 -1.566333E-13 -8.255382E-14  3.884328E-14
         1   7  3.100000E+02  2.534734E-06  2.534734E-06  2.111643E-14  3.449942E-14  2.260838E-14
         1   8  3.100000E+02  2.534734E-06  2.534734E-06 -1.056308E-13 -2.808130E-14  3.905528E-14
         2   1  3.100000E+02  2.534734E-06  2.534734E-06 -1.933987E-13 -1.684761E-13  7.823836E-15
         2   2  3.100000E+02  2.534734E-06  2.534734E-06 -1.390663E-13 -1.856686E-13  5.017246E-15
         2   3  3.100000E+02  2.534734E-06  2.534734E-06 -2.322479E-13 -7.086605E-14  1.622037E-14
         2   4  3.100000E+02  2.534734E-06  2.534734E-06 -1.427771E-13 -1.295794E-13  1.949395E-14
         2   5  3.100000E+02  2.534734E-06  2.534734E-06 -1.594363E-13  1.052042E-13  2.891857E-14
         2   6  3.100000E+02  2.534734E-06  2.534734E-06 -1.065643E-13  1.367335E-14 -1.523701E-14
         2   7  3.100000E+02  2.534734E-06  2.534734E-06 -1.666425E-13  9.725679E-14  3.336078E-14
         2   8  3.100000E+02  2.534734E-06  2.534734E-06 -1.484063E-13  1.337292E-13 -2.419171E-15
         3   1  3.100000E+02  2.534734E-06  2.534734E-06 -8.376164E-14 -1.544527E-13  4.859839E-15
         3   2  3.100000E+02  2.534734E-06  2.534734E-06 -5.437657E-14  9.383948E-14  1.088323E-14
         3   3  3.100000E+02  2.534734E-06  2.534734E-06 -2.093702E-13 -1.539669E-13  3.680571E-14
         3   4  3.100000E+02  2.534734E-06  2.534734E-06 -2.125032E-13 -5.665332E-14  6.255480E-14
         3   5  3.100000E+02  2.534734E-06  2.534734E-06 -9.529836E-14 -3.255747E-13 -2.325891E-14
         3   6  3.100000E+02  2.534734E-06  2.534734E-06 -2.126941E-14 -2.948063E-13 -2.341338E-15
         3   7  3.100000E+02  2.534734E-06  2.534734E-06 -2.145537E-13 -3.141653E-13  8.686958E-15
         3   8  3.100000E+02  2.534734E-06  2.534734E-06 -1.496914E-13 -2.351850E-13  4.177881E-14
         4   1  3.100000E+02  2.534709E-06  2.534709E-06  1.956021E-13  1.217709E-13  8.736325E-15
         4   2  3.100000E+02  2.534707E-06  2.534696E-06  2.903045E-13 -4.253281E-14 -1.103586E-15
         4   3  3.100000E+02  2.534709E-06  2.534709E-06  8.957502E-13 -2.944358E-14  4.593816E-14
         4   4  3.100000E+02  2.534707E-06  2.534696E-06  9.795263E-13  3.863055E-14 -1.649308E-14
         4   5  3.100000E+02  2.534709E-06  2.534709E-06  2.574664E-13  3.520139E-13  1.137506E-14
         4   6  3.100000E+02  2.534707E-06  2.534696E-06  2.435425E-13  1.785436E-13  2.130673E-14
         4   7  3.100000E+02  2.534709E-06  2.534709E-06  9.605219E-13  3.675601E-13  4.111375E-14
         4   8  3.100000E+02  2.534707E-06  2.534696E-06  9.199880E-13  5.191777E-13 -4.859839E-15
         5   1  3.100000E+02  2.534764E-06  2.534764E-06 -6.396424E-14 -2.452873E-13  7.144247E-16
         5   2  3.100000E+02  2.534764E-06  2.534764E-06 -1.347448E-13 -1.150610E-13 -1.025157E-16
         5   3  3.100000E+02  2.534764E-06  2.534764E-06 -8.005159E-14 -7.126837E-15 -5.194399E-14
         5   4  3.100000E+02  2.534764E-06  2.534764E-06 -1.570983E-13 -3.466707E-14 -3.879521E-14
         5   5  3.100000E+02  2.534764E-06  2.534764E-06  2.518870E-14 -3.455425E-13  3.304946E-14
         5   6  3.100000E+02  2.534764E-06  2.534764E-06 -1.859919E-13 -7.673254E-14  4.153835E-14
         5   7  3.100000E+02  2.534764E-06  2.534764E-06  1.276941E-14 -9.751141E-14 -1.960896E-14
         5   8  3.100000E+02  2.534764E-06  2.534764E-06 -2.047543E-13 -4.451479E-13  1.030690E-14
         6   1  3.100000E+02  2.534739E-06  2.534739E-06 -1.631192E-13 -1.837479E-13  4.145415E-15
         6   2  3.100000E+02  2.534739E-06  2.534739E-06 -3.913184E-13 -4.354625E-13 -2.826048E-15
         6   3  3.100000E+02  2.534739E-06  2.534739E-06 -1.273496E-14 -6.773717E-14 -1.913500E-14
         6   4  3.100000E+02  2.534739E-06  2.534739E-06 -1.719335E-13 -1.079635E-13  3.628905E-15
         6   5  3.100000E+02  2.534739E-06  2.534739E-06 -1.043182E-13  2.579555E-13  3.825606E-14
         6   6  3.100000E+02  2.534739E-06  2.534739E-06 -3.571168E-13 -3.765899E-13  6.789922E-16
         6   7  3.100000E+02  2.534739E-06  2.534739E-06  6.355764E-15  3.204718E-13  1.168639E-14
         6   8  3.100000E+02  2.534739E-06  2.534739E-06 -3.275106E-13 -3.980053E-13  2.058475E-15
         7   1  3.100000E+02  2.534739E-06  2.534739E-06 -2.478609E-13 -1.132603E-13 -4.980071E-15
         7   2  3.100000E+02  2.534739E-06  2.534739E-06 -1.224285E-13 -6.278322E-15 -3.170366E-14
         7   3  3.100000E+02  2.534739E-06  2.534739E-06  5.389321E-14 -3.715257E-13 -9.846878E-15
         7   4  3.100000E+02  2.534739E-06  2.534739E-06  1.963442E-13 -1.259472E-14 -8.505007E-14
         7   5  3.100000E+02  2.534739E-06  2.534739E-06 -2.548336E-13  2.350038E-14 -2.481556E-14
         7   6  3.100000E+02  2.534739E-06  2.534739E-06 -2.220344E-13  4.733213E-13 -6.996146E-14
         7   7  3.100000E+02  2.534739E-06  2.534739E-06 -5.635548E-14 -4.745236E-13 -4.063283E-14
         7   8  3.100000E+02  2.534739E-06  2.534739E-06 -1.159185E-13  6.106192E-13 -1.223370E-13
         8   1  3.100000E+02  2.534739E-06  2.534739E-06  2.105162E-13  4.548669E-13 -2.340064E-14
         8   2  3.100000E+02  2.534739E-06  2.534739E-06  6.030557E-13  5.767030E-13  1.492946E-14
         8   3  3.100000E+02  2.534739E-06  2.534739E-06 -4.992049E-14  4.713503E-13 -3.652981E-14
         8   4  3.100000E+02  2.534739E-06  2.534739E-06  2.366808E-13  6.362692E-13  1.510606E-13
         8   5  3.100000E+02  2.534739E-06  2.534739E-06  9.439138E-14  1.255723E-13 -8.584960E-14
         8   6  3.100000E+02  2.534739E-06  2.534739E-06  7.381437E-13  4.610648E-13 -9.066007E-14
         8   7  3.100000E+02  2.534739E-06  2.534739E-06 -9.016319E-14  4.870616E-13 -9.897877E-14
         8   8  3.100000E+02  2.534739E-06  2.534739E-06  6.004661E-13  6.949902E-13  5.292674E-14
         9   1  3.100000E+02  2.534739E-06  2.534739E-06  1.342459E-12 -4.180922E-14 -1.897445E-13
         9   2  3.100000E+02  2.534739E-06  2.534739E-06  2.352877E-12  2.363615E-13 -7.927276E-13
         9   3  3.100000E+02  2.534739E-06  2.534739E-06  1.289107E-12 -9.612722E-13 -6.340384E-14
         9   4  3.100000E+02  2.534701E-06  2.534690E-06  2.175253E-12 -2.309424E-12 -8.816771E-13
         9   5  3.100000E+02  2.534739E-06  2.534739E-06  1.171469E-12 -6.046438E-13 -8.369330E-13
         9   6  3.100000E+02  2.534739E-06  2.534739E-06  1.516938E-12 -5.337057E-13 -2.858023E-12
         9   7  3.100000E+02  2.534739E-06  2.534739E-06  1.010245E-12 -2.783667E-12 -7.052161E-13
         9   8  3.100000E+02  2.534701E-06  2.534690E-06  1.405066E-12 -4.263016E-12 -2.952064E-12
        10   1  3.100000E+02  2.534739E-06  2.534739E-06  1.698610E-12  3.187534E-13 -9.335275E-13
        10   2  3.100000E+02  2.534690E-06  2.534701E-06  2.288566E-13 -8.071148E-14 -7.203207E-13
        10   3  3.100000E+02  2.534701E-06  2.534690E-06  6.359196E-13 -1.546234E-12 -1.045324E-12
        10   4  3.100000E+02  2.534703E-06  2.534703E-06 -7.435590E-13 -3.800232E-13 -6.965096E-13
        10   5  3.100000E+02  2.534739E-06  2.534739E-06  1.011376E-12  2.258947E-13 -3.366463E-12
        10   6  3.100000E+02  2.534690E-06  2.534701E-06  1.032233E-13 -1.669195E-13 -2.713984E-12
        10   7  3.100000E+02  2.534701E-06  2.534690E-06  1.672431E-14 -1.122227E-12 -3.488531E-12
        10   8  3.100000E+02  2.534703E-06  2.534703E-06 -9.548590E-13  2.160221E-13 -2.686954E-12
        11   1  3.100000E+02  2.534734E-06  2.534734E-06  1.005749E-14 -9.856159E-15 -5.927993E-15
        11   2  3.100000E+02  2.534734E-06  2.534734E-06 -1.521578E-13 -7.552142E-14  1.969186E-14
        11   3  3.100000E+02  2.534734E-06  2.534734E-06 -1.248244E-14 -1.168180E-14 -5.927993E-15
        11   4  3.100000E+02  2.534734E-06  2.534734E-06 -1.746977E-13 -1.236152E-13  5.603814E-14
        11   5  3.100000E+02  2.534734E-06  2.534734E-06  2.122655E-14  4.267693E-14  4.456624E-14
        11   6  3.100000E+02  2.534734E-06  2.534734E-06 -1.664387E-13 -3.184552E-14  3.821366E-14
        11   7  3.100000E+02  2.534734E-06  2.534734E-06  9.228544E-15  2.720805E-14  1.610073E-14
        11   8  3.100000E+02  2.534734E-06  2.534734E-06 -1.784367E-13 -3.537267E-14  7.455993E-14
        12   1  3.100000E+02  2.534734E-06  2.534734E-06 -3.105392E-13 -7.037940E-14  6.365127E-14
        12   2  3.100000E+02  2.534734E-06  2.534734E-06 -3.397755E-13 -1.085548E-13  7.633669E-14
        12   3  3.100000E+02  2.534734E-06  2.534734E-06 -3.179699E-13 -7.659577E-14  7.886738E-14
        12   4  3.100000E+02  2.534734E-06  2.534734E-06 -3.186090E-13 -1.069193E-13  4.858371E-14
        12   5  3.100000E+02  2.534734E-06  2.534734E-06 -3.310604E-13 -1.006269E-14  6.021391E-14
        12   6  3.100000E+02  2.534734E-06  2.534734E-06 -3.774356E-13  6.493309E-14  9.531488E-14
        12   7  3.100000E+02  2.534734E-06  2.534734E-06 -3.293401E-13  9.540634E-14  1.010163E-13
        12   8  3.100000E+02  2.534734E-06  2.534734E-06 -3.663747E-13 -1.176974E-14  1.002380E-13
        13   1  3.100000E+02  2.534734E-06  2.534734E-06 -4.281634E-13 -1.727912E-13  9.241418E-14
        13   2  3.100000E+02  2.534734E-06  2.534734E-06 -3.076054E-13  1.968720E-13  8.386676E-14
        13   3  3.100000E+02  2.534734E-06  2.534734E-06 -3.039634E-13 -8.452877E-14  5.132830E-14
        13   4  3.100000E+02  2.534734E-06  2.534734E-06 -1.525600E-13  2.933826E-14  9.280464E-14
        13   5  3.100000E+02  2.534734E-06  2.534734E-06 -4.841297E-13 -3.457140E-13  1.405456E-13
        13   6  3.100000E+02  2.534734E-06  2.534734E-06 -2.904327E-13  5.761819E-14  1.779240E-13
        13   7  3.100000E+02  2.534734E-06  2.534734E-06 -3.574520E-13 -2.191440E-13  9.629067E-14
        13   8  3.100000E+02  2.534734E-06  2.534734E-06 -2.286173E-13 -2.350016E-13  1.246081E-13
        14   1  3.100000E+02  2.534709E-06  2.534709E-06  1.142656E-12  2.614751E-13  4.537243E-14
        14   2  3.100000E+02  2.534709E-06  2.534709E-06  1.120571E-12 -6.620208E-14 -4.918169E-14
        14   3  3.100000E+02  2.534709E-06  2.534709E-06  1.421023E-12  2.468024E-14  5.838137E-14
        14   4  3.100000E+02  2.534709E-06  2.534709E-06  1.390390E-12  2.471553E-13 -5.263577E-14
        14   5  3.100000E+02  2.534709E-06  2.534709E-06  1.110694E-12  3.397174E-13  1.062508E-13
        14   6  3.100000E+02  2.534709E-06  2.534709E-06  1.113323E-12  1.993173E-13 -7.399361E-14
        14   7  3.100000E+02  2.534709E-06  2.534709E-06  1.291225E-12  2.964337E-13  1.241057E-13
        14   8  3.100000E+02  2.534709E-06  2.534709E-06  1.250845E-12  2.862233E-13 -5.098213E-14
        15   1  3.100000E+02  2.534764E-06  2.534764E-06 -2.993895E-13  1.849362E-13 -6.771886E-14
        15   2  3.100000E+02  2.534764E-06  2.534764E-06 -7.089677E-13  7.300284E-14 -7.002128E-14
        15   3  3.100000E+02  2.534764E-06  2.534764E-06 -7.441472E-14  1.760031E-13 -6.579514E-14
        15   4  3.100000E+02  2.534764E-06  2.534764E-06 -4.503239E-13 -1.680737E-13 -8.198152E-14
        15   5  3.100000E+02  2.534764E-06  2.534764E-06 -2.000829E-13  1.084823E-13 -1.092781E-13
        15   6  3.100000E+02  2.534764E-06  2.534764E-06 -7.514729E-13 -1.011126E-13 -8.765308E-14
        15   7  3.100000E+02  2.534764E-06  2.534764E-06  1.383812E-14  1.459077E-13 -1.041854E-13
        15   8  3.100000E+02  2.534764E-06  2.534764E-06 -5.438950E-13  5.584479E-15 -9.706143E-14
        16   1  3.100000E+02  2.534739E-06  2.534739E-06 -4.796249E-13 -2.190220E-13 -4.064676E-14
        16   2  3.100000E+02  2.534739E-06  2.534739E-06 -4.447382E-13 -1.975172E-13 -4.648995E-14
        16   3  3.100000E+02  2.534739E-06  2.534739E-06 -4.007179E-13  8.203198E-14 -5.710819E-14
        16   4  3.100000E+02  2.534739E-06  2.534739E-06 -2.855361E-13 -3.050544E-13 -6.859970E-14
        16   5  3.100000E+02  2.534739E-06  2.534739E-06 -4.544695E-13  9.529091E-14 -5.138523E-14
        16   6  3.100000E+02  2.534739E-06  2.534739E-06 -3.645829E-13  1.464234E-13 -6.347471E-14
        16   7  3.100000E+02  2.534764E-06  2.534764E-06 -3.310270E-13  6.585755E-14 -1.149656E-13
        16   8  3.100000E+02  2.534764E-06  2.534764E-06 -2.689882E-13 -3.284771E-14 -1.697395E-13
        17   1  3.100000E+02  2.534739E-06  2.534739E-06 -5.275862E-14 -1.740963E-13 -4.254260E-14
        17   2  3.100000E+02  2.534739E-06  2.534739E-06  1.728111E-13  6.276411E-14 -8.682379E-14
        17   3  3.100000E+02  2.534739E-06  2.534739E-06 -2.660837E-13 -1.486656E-13 -8.463275E-14
        17   4  3.100000E+02  2.534739E-06  2.534739E-06  1.196110E-13  3.850870E-13  1.213840E-14
        17   5  3.100000E+02  2.534739E-06  2.534739E-06 -1.461793E-13 -2.158645E-13 -7.936981E-14
        17   6  3.100000E+02  2.534739E-06  2.534739E-06  3.787546E-13  4.017879E-14 -1.857124E-13
        17   7  3.100000E+02  2.534739E-06  2.534739E-06 -1.372338E-13  8.666690E-14 -1.693503E-13
        17   8  3.100000E+02  2.534739E-06  2.534739E-06  1.878139E-13  5.139796E-13 -1.177176E-13
        18   1  3.100000E+02  2.534739E-06  2.534739E-06 -7.231288E-14  3.192165E-13 -2.977413E-14
        18   2  3.100000E+02  2.534739E-06  2.534739E-06  2.866546E-13  4.872337E-13  1.340388E-13
        18   3  3.100000E+02  2.534739E-06  2.534739E-06  3.605598E-13  2.654408E-13  3.949381E-14
        18   4  3.100000E+02  2.534739E-06  2.534739E-06  6.742362E-13 -8.500254E-13  2.020504E-14
        18   5  3.100000E+02  2.534739E-06  2.534739E-06 -1.368710E-13 -3.998972E-13 -1.486377E-13
        18   6  3.100000E+02  2.534739E-06  2.534739E-06 -2.292333E-13  2.828436E-13 -4.837186E-14
        18   7  3.100000E+02  2.534739E-06  2.534739E-06  2.186422E-13  1.857171E-13 -8.474601E-14
        18   8  3.100000E+02  2.534739E-06  2.534739E-06  1.160696E-13 -8.994256E-13 -1.484112E-13
        19   1  3.100000E+02  2.534739E-06  2.534739E-06 -5.513784E-13 -7.290402E-13  3.917836E-13
        19   2  3.100000E+02  2.534703E-06  2.534703E-06 -1.681578E-12 -1.462291E-12  8.214214E-13
        19   3  3.100000E+02  2.534739E-06  2.534739E-06 -2.979248E-12 -8.301584E-13  4.977231E-13
        19   4  3.100000E+02  2.534690E-06  2.534701E-06 -3.941973E-12  2.033847E-12  1.780555E-12
        19   5  3.100000E+02  2.534739E-06  2.534739E-06 -8.149591E-13 -2.416194E-12  6.959065E-13
        19   6  3.100000E+02  2.534703E-06  2.534703E-06 -1.599124E-13 -3.355058E-12  2.574867E-12
        19   7  3.100000E+02  2.534739E-06  2.534739E-06 -2.817484E-12 -1.218315E-12  8.163901E-13
        19   8  3.100000E+02  2.534690E-06  2.534701E-06 -2.087712E-12  1.807827E-12  3.533479E-12
        20   1  3.100000E+02  2.534703E-06  2.534703E-06 -1.608822E-12 -7.681717E-13  1.015946E-12
        20   2  3.100000E+02  2.534701E-06  2.534690E-06 -9.391554E-13  3.276484E-14  9.969932E-13
        20   3  3.100000E+02  2.534690E-06  2.534701E-06  1.233441E-12  3.000441E-12  1.927354E-12
        20   4  3.100000E+02  2.534739E-06  2.534739E-06  1.825365E-12  8.654307E-13  9.984487E-13
        20   5  3.100000E+02  2.534703E-06  2.534703E-06  8.622638E-14  1.507726E-13  3.359360E-12
        20   6  3.100000E+02  2.534701E-06  2.534690E-06 -5.349371E-13  9.531008E-13  3.601537E-12
        20   7  3.100000E+02  2.534690E-06  2.534701E-06  2.484960E-12  3.954425E-12  4.314117E-12
        20   8  3.100000E+02  2.534739E-06  2.534739E-06  1.972405E-12  1.928023E-12  3.599380E-12
        21   1  3.100000E+02  2.534734E-06  2.534734E-06 -2.828185E-14  2.247693E-14  4.513197E-14
        21   2  3.100000E+02  2.534734E-06  2.534734E-06 -1.385040E-13 -1.219846E-13  5.153044E-14
        21   3  3.100000E+02  2.534734E-06  2.534734E-06  2.206954E-14  2.597626E-14  1.276091E-14
        21   4  3.100000E+02  2.534734E-06  2.534734E-06 -8.815263E-14 -1.633517E-13  2.160702E-14
        21   5  3.100000E+02  2.534734E-06  2.534734E-06 -2.046642E-14  8.013388E-14  7.255083E-14
        21   6  3.100000E+02  2.534734E-06  2.534734E-06 -1.394588E-13 -6.432769E-14  6.986273E-14
        21   7  3.100000E+02  2.534734E-06  2.534734E-06  3.648049E-14  7.187914E-14  4.017977E-14
        21   8  3.100000E+02  2.534734E-06  2.534734E-06 -9.326428E-14 -1.452966E-13  3.993930E-14
        22   1  3.100000E+02  2.534734E-06  2.534734E-06 -1.759146E-13 -3.228760E-14  3.579449E-14
        22   2  3.100000E+02  2.534734E-06  2.534734E-06 -8.968299E-14 -7.882291E-15 -2.237111E-14
        22   3  3.100000E+02  2.534734E-06  2.534734E-06 -1.566165E-13 -7.550458E-14  2.325891E-14
        22   4  3.100000E+02  2.534734E-06  2.534734E-06 -8.673099E-14 -1.153427E-13  1.407331E-14
        22   5  3.100000E+02  2.534734E-06  2.534734E-06 -1.741008E-13  9.907835E-14  3.254066E-14
        22   6  3.100000E+02  2.534734E-06  2.534734E-06 -1.214027E-13  5.950121E-14 -3.841112E-14
        22   7  3.100000E+02  2.534734E-06  2.534734E-06 -1.434312E-13 -2.448463E-14  2.308931E-14
        22   8  3.100000E+02  2.534734E-06  2.534734E-06 -8.773554E-14 -5.480816E-14 -5.206601E-15
        23   1  3.100000E+02  2.534734E-06  2.534734E-06 -8.123527E-14 -5.133207E-13 -3.725120E-14
        23   2  3.100000E+02  2.534734E-06  2.534734E-06 -4.373738E-14 -8.359281E-14 -1.532908E-14
        23   3  3.100000E+02  2.534734E-06  2.534734E-06 -1.996780E-13 -5.015068E-13  2.539522E-14
        23   4  3.100000E+02  2.534734E-06  2.534734E-06 -1.520850E-13 -3.016206E-13  5.594419E-14
        23   5  3.100000E+02  2.534734E-06  2.534734E-06 -1.531312E-13 -3.907706E-13 -5.789288E-14
        23   6  3.100000E+02  2.534734E-06  2.534734E-06 -9.619771E-14  3.121767E-13 -5.108086E-14
        23   7  3.100000E+02  2.534734E-06  2.534734E-06 -2.734104E-13 -3.877920E-13  4.753542E-15
        23   8  3.100000E+02  2.534734E-06  2.534734E-06 -2.256435E-13 -2.062391E-13  4.357413E-15
        24   1  3.100000E+02  2.534709E-06  2.534709E-06  1.988244E-13  6.714358E-13  1.811043E-15
        24   2  3.100000E+02  2.534707E-06  2.534696E-06  2.585431E-13  7.461606E-13  1.468552E-14
        24   3  3.100000E+02  2.534709E-06  2.534709E-06  8.850766E-13  5.794141E-13  3.725120E-14
        24   4  3.100000E+02  2.534707E-06  2.534696E-06  8.478498E-13  8.639279E-13 -3.196737E-14
        24   5  3.100000E+02  2.534709E-06  2.534709E-06  2.187934E-13  5.422601E-13 -2.846551E-14
        24   6  3.100000E+02  2.534707E-06  2.534696E-06  1.283649E-13  7.798567E-13  3.585779E-14
        24   7  3.100000E+02  2.534709E-06  2.534709E-06  7.686442E-13  5.251510E-13  1.550594E-14
        24   8  3.100000E+02  2.534707E-06  2.534696E-06  7.407964E-13  5.808466E-13 -2.521169E-14
        25   1  3.100000E+02  2.534726E-06  2.534715E-06 -6.515136E-14  2.055725E-14  3.360125E-14
        25   2  3.100000E+02  2.534764E-06  2.534764E-06 -2.021291E-13 -4.194415E-13  5.448020E-14
        25   3  3.100000E+02  2.534726E-06  2.534715E-06 -8.178666E-14 -4.030190E-14 -5.572871E-14
        25   4  3.100000E+02  2.534764E-06  2.534764E-06 -1.181053E-13 -6.727598E-13 -3.462322E-14
        25   5  3.100000E+02  2.534726E-06  2.534715E-06 -1.734072E-13  1.685006E-13  6.182630E-14
        25   6  3.100000E+02  2.534764E-06  2.534764E-06 -2.668535E-13 -4.246613E-13  8.718668E-14
        25   7  3.100000E+02  2.534726E-06  2.534715E-06 -1.839949E-13  1.110355E-13 -2.750366E-14
        25   8  3.100000E+02  2.534764E-06  2.534764E-06 -2.869558E-13 -5.037849E-13 -1.684999E-14
        26   1  3.100000E+02  2.534739E-06  2.534739E-06 -1.324032E-13 -4.065493E-14  4.837186E-14
        26   2  3.100000E+02  2.534739E-06  2.534739E-06 -2.976737E-13 -5.597049E-14  7.515990E-15
        26   3  3.100000E+02  2.534739E-06  2.534739E-06  9.988950E-14 -7.199805E-14 -1.428849E-15
        26   4  3.100000E+02  2.534739E-06  2.534739E-06 -1.874479E-13 -2.137129E-13  2.617006E-14
        26   5  3.100000E+02  2.534739E-06  2.534739E-06 -1.338172E-13  2.271359E-13  7.809663E-14
        26   6  3.100000E+02  2.534739E-06  2.534739E-06 -4.373601E-13  5.021351E-13  2.867054E-14
        26   7  3.100000E+02  2.534764E-06  2.534764E-06 -1.850146E-14 -2.435746E-13  1.358223E-14
        26   8  3.100000E+02  2.534764E-06  2.534764E-06 -8.796725E-14  3.212043E-14  3.051702E-14
        27   1  3.100000E+02  2.534739E-06  2.534739E-06 -2.165967E-13  2.195227E-13 -1.809531E-14
        27   2  3.100000E+02  2.534739E-06  2.534739E-06 -2.932551E-13 -4.520775E-13 -6.245244E-14
        27   3  3.100000E+02  2.534739E-06  2.534739E-06 -5.450156E-14  1.743529E-13  2.518501E-15
        27   4  3.100000E+02  2.534739E-06  2.534739E-06 -6.250725E-14  3.758943E-14 -5.628368E-14
        27   5  3.100000E+02  2.534739E-06  2.534739E-06 -3.487729E-13  3.241713E-13 -4.414344E-15
        27   6  3.100000E+02  2.534739E-06  2.534739E-06 -1.844692E-13  1.212674E-13 -4.130485E-14
        27   7  3.100000E+02  2.534739E-06  2.534739E-06 -2.896929E-14  3.173943E-14  2.529648E-14
        27   8  3.100000E+02  2.534739E-06  2.534739E-06 -7.832193E-14  4.689549E-13 -4.033543E-14
        28   1  3.100000E+02  2.534739E-06  2.534739E-06 -8.847010E-14 -1.756181E-13 -1.152630E-13
        28   2  3.100000E+02  2.534739E-06  2.534739E-06  9.607788E-13  3.855210E-13 -2.371757E-13
        28   3  3.100000E+02  2.534739E-06  2.534739E-06 -1.978204E-13 -7.450069E-13 -2.183006E-14
        28   4  3.100000E+02  2.534739E-06  2.534739E-06  7.869141E-13  2.900067E-13  1.101374E-13
        28   5  3.100000E+02  2.534739E-06  2.534739E-06 -3.044601E-14  8.827560E-14 -2.310070E-13
        28   6  3.100000E+02  2.534739E-06  2.534739E-06  9.524317E-13  8.680224E-13 -7.309657E-13
        28   7  3.100000E+02  2.534739E-06  2.534739E-06 -1.883218E-14 -8.008099E-13 -1.375740E-13
        28   8  3.100000E+02  2.534739E-06  2.534739E-06  1.026084E-12 -8.728420E-14 -3.868180E-13
        29   1  3.100000E+02  2.534739E-06  2.534739E-06  1.077833E-12 -5.494211E-13 -9.514886E-13
        29   2  3.100000E+02  2.534739E-06  2.534739E-06  1.498415E-12 -1.721569E-13 -2.791316E-12
        29   3  3.100000E+02  2.534739E-06  2.534739E-06  8.622014E-13 -2.008637E-12 -5.525463E-13
        29   4  3.100000E+02  2.534715E-06  2.534726E-06  1.341650E-12 -1.330386E-12 -2.489668E-12
        29   5  3.100000E+02  2.534739E-06  2.534739E-06  1.332512E-12 -4.373365E-13 -9.134452E-13
        29   6  3.100000E+02  2.534739E-06  2.534739E-06  1.633580E-12 -4.353297E-13 -9.293821E-13
        29   7  3.100000E+02  2.534739E-06  2.534739E-06  1.065993E-12 -3.643498E-13 -5.126069E-13
        29   8  3.100000E+02  2.534715E-06  2.534726E-06  1.269747E-12  8.121558E-14 -6.215307E-13
        30   1  3.100000E+02  2.534739E-06  2.534739E-06  8.591177E-13  4.747499E-13 -3.447346E-12
        30   2  3.100000E+02  2.534690E-06  2.534701E-06  2.746945E-14  6.089973E-14 -3.382179E-12
        30   3  3.100000E+02  2.534715E-06  2.534726E-06 -1.221729E-13  1.197275E-12 -3.209237E-12
        30   4  3.100000E+02  2.534690E-06  2.534701E-06 -1.008975E-12  2.510639E-13 -3.195443E-12
        30   5  3.100000E+02  2.534739E-06  2.534739E-06  1.083937E-12  2.595118E-13 -1.581084E-12
        30   6  3.100000E+02  2.534739E-06  2.534739E-06  2.494237E-14 -1.726727E-14 -3.358661E-12
        30   7  3.100000E+02  2.534715E-06  2.534726E-06  7.861601E-14 -5.999012E-13 -1.328261E-12
        30   8  3.100000E+02  2.534739E-06  2.534739E-06 -8.640354E-13 -9.919390E-13 -3.170387E-12
        31   1  3.100000E+02  2.534734E-06  2.534734E-06  2.448931E-14  4.183131E-14  5.135736E-15
        31   2  3.100000E+02  2.534734E-06  2.534734E-06 -1.279455E-13 -1.098147E-13  3.536611E-14
        31   3  3.100000E+02  2.534734E-06  2.534734E-06  2.750520E-14  2.603042E-14  6.585845E-14
        31   4  3.100000E+02  2.534734E-06  2.534734E-06 -1.249296E-13 -6.811168E-14  5.702657E-14
        31   5  3.100000E+02  2.534734E-06  2.534734E-06  4.546251E-14  7.692015E-14  5.025377E-14
        31   6  3.100000E+02  2.534734E-06  2.534734E-06 -1.021907E-13 -7.084844E-14  5.712969E-14
        31   7  3.100000E+02  2.534734E-06  2.534734E-06  4.456310E-14  6.582733E-14  1.062229E-13
        31   8  3.100000E+02  2.534734E-06  2.534734E-06 -1.062617E-13 -5.616260E-14  1.002949E-13
        32   1  3.100000E+02  2.534734E-06  2.534734E-06 -2.909995E-13 -3.263667E-14  7.344182E-14
        32   2  3.100000E+02  2.534734E-06  2.534734E-06 -3.287593E-13 -9.856287E-14  1.622975E-13
        32   3  3.100000E+02  2.534734E-06  2.534734E-06 -2.750375E-13  7.034201E-14  1.160553E-13
        32   4  3.100000E+02  2.534734E-06  2.534734E-06 -3.057483E-13 -6.626767E-14  2.023855E-13
        32   5  3.100000E+02  2.534734E-06  2.534734E-06 -1.920853E-13  1.779229E-14  1.115991E-13
        32   6  3.100000E+02  2.534734E-06  2.534734E-06 -2.357340E-13 -9.818237E-14  1.600128E-13
        32   7  3.100000E+02  2.534734E-06  2.534734E-06 -1.957528E-13  7.023287E-14  1.492325E-13
        32   8  3.100000E+02  2.534734E-06  2.534734E-06 -2.310277E-13 -2.073772E-14  1.949581E-13
        33   1  3.100000E+02  2.534734E-06  2.534734E-06 -4.523467E-13 -4.607704E-13  1.996977E-13
        33   2  3.100000E+02  2.534734E-06  2.534734E-06 -3.295071E-13  3.119033E-14  2.021912E-13
        33   3  3.100000E+02  2.534734E-06  2.534734E-06 -3.381865E-13 -4.567522E-13  2.281632E-13
        33   4  3.100000E+02  2.534734E-06  2.534734E-06 -2.248230E-13 -1.366559E-13  1.666305E-13
        33   5  3.100000E+02  2.534734E-06  2.534734E-06 -4.434840E-13 -5.148521E-13  1.995420E-13
        33   6  3.100000E+02  2.534734E-06  2.534734E-06 -3.440829E-13 -1.337682E-14  2.254751E-13
        33   7  3.100000E+02  2.534734E-06  2.534734E-06 -3.587949E-13 -3.339145E-13  2.200850E-13
        33   8  3.100000E+02  2.534734E-06  2.534734E-06 -2.685604E-13 -9.279851E-14  1.983397E-13
        34   1  3.100000E+02  2.534709E-06  2.534709E-06  1.030807E-12  6.429956E-13  1.222237E-13
        34   2  3.100000E+02  2.534709E-06  2.534709E-06  1.078883E-12  3.850918E-13 -1.547534E-13
        34   3  3.100000E+02  2.534709E-06  2.534709E-06  1.254820E-12  3.320365E-13  8.418028E-14
        34   4  3.100000E+02  2.534709E-06  2.534709E-06  1.344494E-12  6.306280E-13 -2.255103E-13
        34   5  3.100000E+02  2.534709E-06  2.534709E-06  9.851880E-13  4.767963E-13  1.362730E-13
        34   6  3.100000E+02  2.534709E-06  2.534709E-06  9.751314E-13  3.554253E-13 -1.189269E-13
        34   7  3.100000E+02  2.534709E-06  2.534709E-06  1.201860E-12  3.631325E-13  9.547054E-14
        34   8  3.100000E+02  2.534709E-06  2.534709E-06  1.148794E-12  3.782943E-13 -8.381202E-14
        35   1  3.100000E+02  2.534726E-06  2.534715E-06 -2.574517E-13 -1.021871E-13 -2.188536E-13
        35   2  3.100000E+02  2.534764E-06  2.534764E-06 -6.605898E-13 -4.608837E-13 -1.737185E-13
        35   3  3.100000E+02  2.534726E-06  2.534715E-06 -5.271702E-14  1.827134E-13 -2.033477E-13
        35   4  3.100000E+02  2.534764E-06  2.534764E-06 -3.672833E-13 -5.914594E-13 -2.602825E-13
        35   5  3.100000E+02  2.534726E-06  2.534715E-06 -2.351479E-13  2.307555E-13 -1.853372E-13
        35   6  3.100000E+02  2.534764E-06  2.534764E-06 -6.222343E-13 -5.807796E-13 -1.472228E-13
        35   7  3.100000E+02  2.534701E-06  2.534690E-06 -4.881193E-14  3.365657E-13 -1.622478E-13
        35   8  3.100000E+02  2.534739E-06  2.534739E-06 -3.308500E-13 -2.338535E-13 -2.261257E-13
        36   1  3.100000E+02  2.534739E-06  2.534739E-06 -3.620473E-13  6.725243E-14 -1.158996E-13
        36   2  3.100000E+02  2.534739E-06  2.534739E-06 -2.554902E-13  5.232626E-13 -7.981182E-14
        36   3  3.100000E+02  2.534764E-06  2.534764E-06 -2.418914E-13  2.550879E-13 -2.080873E-13
        36   4  3.100000E+02  2.534764E-06  2.534764E-06 -1.650388E-13  4.764960E-15 -9.300459E-14
        36   5  3.100000E+02  2.534764E-06  2.534764E-06 -1.064075E-13 -1.784191E-13 -1.081467E-13
        36   6  3.100000E+02  2.534764E-06  2.534764E-06 -1.709219E-13  2.416203E-13 -1.300476E-13
        36   7  3.100000E+02  2.534764E-06  2.534764E-06 -4.552957E-14  4.589685E-14 -1.796218E-13
        36   8  3.100000E+02  2.534764E-06  2.534764E-06 -4.800526E-14 -1.818372E-13 -1.269773E-13
        37   1  3.100000E+02  2.534739E-06  2.534739E-06  1.098460E-13 -1.746819E-13 -6.215156E-14
        37   2  3.100000E+02  2.534739E-06  2.534739E-06  2.627784E-13 -5.512503E-13 -1.609180E-13
        37   3  3.100000E+02  2.534739E-06  2.534739E-06 -1.085033E-13 -1.157489E-13 -4.309440E-14
        37   4  3.100000E+02  2.534739E-06  2.534739E-06  2.851202E-13  4.855479E-14  4.709111E-14
        37   5  3.100000E+02  2.534739E-06  2.534739E-06 -5.835116E-15  7.853246E-14 -1.511562E-13
        37   6  3.100000E+02  2.534739E-06  2.534739E-06  2.737273E-13  1.001104E-13 -2.679329E-13
        37   7  3.100000E+02  2.534739E-06  2.534739E-06  9.563650E-14  3.227636E-13 -1.334431E-13
        37   8  3.100000E+02  2.534739E-06  2.534739E-06  3.156359E-13  2.386453E-14 -1.133393E-13
        38   1  3.100000E+02  2.534739E-06  2.534739E-06  4.836805E-14 -7.539507E-13 -4.350446E-14
        38   2  3.100000E+02  2.534739E-06  2.534739E-06 -3.441714E-13  2.309413E-13  2.401217E-13
        38   3  3.100000E+02  2.534739E-06  2.534739E-06  2.813186E-13 -4.805889E-13 -4.571163E-14
        38   4  3.100000E+02  2.534739E-06  2.534739E-06 -1.804925E-13 -2.423368E-13 -2.394070E-13
        38   5  3.100000E+02  2.534739E-06  2.534739E-06 -1.452736E-14 -6.043164E-13 -6.638237E-14
        38   6  3.100000E+02  2.534739E-06  2.534739E-06 -4.622608E-13  1.570165E-13  6.079485E-13
        38   7  3.100000E+02  2.534739E-06  2.534739E-06 -2.268754E-14 -1.474322E-13 -5.879900E-14
        38   8  3.100000E+02  2.534739E-06  2.534739E-06 -5.134306E-13 -2.885318E-13  1.440108E-13
        39   1  3.100000E+02  2.534739E-06  2.534739E-06 -7.833351E-13 -2.428711E-12  9.471591E-13
        39   2  3.100000E+02  2.534690E-06  2.534701E-06  7.812562E-13 -9.109966E-13  2.578273E-12
        39   3  3.100000E+02  2.534739E-06  2.534739E-06 -2.491150E-12 -1.149060E-12  6.230026E-13
        39   4  3.100000E+02  2.534703E-06  2.534703E-06 -1.041663E-12  5.685404E-13  3.183078E-12
        39   5  3.100000E+02  2.534739E-06  2.534739E-06 -7.383486E-13 -1.157101E-12  4.911579E-13
        39   6  3.100000E+02  2.534690E-06  2.534701E-06  1.235918E-12  2.382351E-13 -5.742915E-13
        39   7  3.100000E+02  2.534739E-06  2.534739E-06 -1.981811E-12 -2.545569E-12  1.477038E-13
        39   8  3.100000E+02  2.534703E-06  2.534703E-06 -1.302301E-13 -6.658330E-13  2.122372E-15
        40   1  3.100000E+02  2.534690E-06  2.534701E-06  6.687974E-13  2.331444E-12  3.317667E-12
        40   2  3.100000E+02  2.534739E-06  2.534739E-06 -6.216443E-13  1.050283E-12  3.616605E-12
        40   3  3.100000E+02  2.534703E-06  2.534703E-06  2.410765E-12  4.107256E-12  3.218688E-12
        40   4  3.100000E+02  2.534739E-06  2.534739E-06  1.257628E-12  2.348814E-12  8.898769E-13
        40   5  3.100000E+02  2.534690E-06  2.534701E-06  6.798937E-13  1.123722E-12  1.492883E-13
        40   6  3.100000E+02  2.534690E-06  2.534701E-06 -9.065100E-13  2.558594E-14  3.091428E-12
        40   7  3.100000E+02  2.534703E-06  2.534703E-06  1.072912E-12  5.995299E-12  4.459411E-14
        40   8  3.100000E+02  2.534690E-06  2.534701E-06 -5.261782E-13  4.459639E-12  3.849628E-13

 equivalent plastic strain (elem, integ.pnt.,pe)for set ALLE and time  0.1000000E+01

         1   1  1.174115E-03
         1   2  1.174115E-03
         1   3  1.174115E-03
         1   4  1.174115E-03
         1   5  1.174115E-03
         1   6  1.174115E-03
         1   7  1.174115E-03
         1   8  1.174115E-03
         2   1  1.174115E-03
         2   2  1.174115E-03
         2   3  1.174115E-03
         2   4  1.174115E-03
         2   5  1.174115E-03
         2   6  1.174115E-03
         2   7  1.174115E-03
         2   8  1.174115E-03
         3   1  1.174115E-03
         3   2  1.174115E-03
         3   3  1.174115E-03
         3   4  1.174115E-03
         3   5  1.174115E-03
         3   6  1.174115E-03
         3   7  1.174115E-03
         3   8  1.174115E-03
         4   1  1.174115E-03
         4   2  1.174115E-03
         4   3  1.174115E-03
         4   4  1.174115E-03
         4   5  1.174115E-03
         4   6  1.174115E-03
         4   7  1.174115E-03
         4   8  1.174115E-03
         5   1  1.174115E-03
         5   2  1.174115E-03
         5   3  1.174115E-03
         5   4  1.174115E-03
         5   5  1.174115E-03
         5   6  1.174115E-03
         5   7  1.174115E-03
         5   8  1.174115E-03
         6   1  1.174115E-03
         6   2  1.174115E-03
         6   3  1.174115E-03
         6   4  1.174115E-03
         6   5  1.174115E-03
         6   6  1.174115E-03
         6   7  1.174115E-03
         6   8  1.174115E-03
         7   1  1.174115E-03
         7   2  1.174115E-03
         7   3  1.174115E-03
         7   4  1.174115E-03
         7   5  1.174115E-03
         7   6  1.174115E-03
         7   7  1.174115E-03
         7   8  1.174115E-03
         8   1  1.174115E-03
         8   2  1.174115E-03
         8   3  1.174115E-03
         8   4  1.174115E-03
         8   5  1.174115E-03
         8   6  1.174115E-03
         8   7  1.174115E-03
         8   8  1.174115E-03
         9   1  1.174115E-03
         9   2  1.174115E-03
         9   3  1.174115E-03
         9   4  1.174115E-03
         9   5  1.174115E-03
         9   6  1.174115E-03
         9   7  1.174115E-03
         9   8  1.174115E-03
        10   1  1.174115E-03
        10   2  1.174115E-03
        10   3  1.174115E-03
        10   4  1.174115E-03
        10   5  1.174115E-03
        10   6  1.174115E-03
        10   7  1.174115E-03
        10   8  1.174115E-03
        11   1  1.174115E-03
        11   2  1.174115E-03
        11   3  1.174115E-03
        11   4  1.174115E-03
        11   5  1.174115E-03
        11   6  1.174115E-03
        11   7  1.174115E-03
        11   8  1.174115E-03
        12   1  1.174115E-03
        12   2  1.174115E-03
        12   3  1.174115E-03
        12   4  1.174115E-03
        12   5  1.174115E-03
        12   6  1.174115E-03
        12   7  1.174115E-03
        12   8  1.174115E-03
        13   1  1.174115E-03
        13   2  1.174115E-03
        13   3  1.174115E-03
        13   4  1.174115E-03
        13   5  1.174115E-03
        13   6  1.174115E-03
        13   7  1.174115E-03
        13   8  1.174115E-03
        14   1  1.174115E-03
        14   2  1.174115E-03
        14   3  1.174115E-03
        14   4  1.174115E-03
        14   5  1.174115E-03
        14   6  1.174115E-03
        14   7  1.174115E-03
        14   8  1.174115E-03
        15   1  1.174115E-03
        15   2  1.174115E-03
        15   3  1.174115E-03
        15   4  1.174115E-03
        15   5  1.174115E-03
        15   6  1.174115E-03
        15   7  1.174115E-03
        15   8  1.174115E-03
        16   1  1.174115E-03
        16   2  1.174115E-03
        16   3  1.174115E-03
        16   4  1.174115E-03
        16   5  1.174115E-03
        16   6  1.174115E-03
        16   7  1.174115E-03
        16   8  1.174115E-03
        17   1  1.174115E-03
        17   2  1.174115E-03
        17   3  1.174115E-03
        17   4  1.174115E-03
        17   5  1.174115E-03
        17   6  1.174115E-03
        17   7  1.174115E-03
        17   8  1.174115E-03
        18   1  1.174115E-03
        18   2  1.174115E-03
        18   3  1.174115E-03
        18   4  1.174115E-03
        18   5  1.174115E-03
        18   6  1.174115E-03
        18   7  1.174115E-03
        18   8  1.174115E-03
        19   1  1.174115E-03
        19   2  1.174115E-03
        19   3  1.174115E-03
        19   4  1.174115E-03
        19   5  1.174115E-03
        19   6  1.174115E-03
        19   7  1.174115E-03
        19   8  1.174115E-03
        20   1  1.174115E-03
        20   2  1.174115E-03
        20   3  1.174115E-03
        20   4  1.174115E-03
        20   5  1.174115E-03
        20   6  1.174115E-03
        20   7  1.174115E-03
        20   8  1.174115E-03
        21   1  1.174115E-03
        21   2  1.174115E-03
        21   3  1.174115E-03
        21   4  1.174115E-03
        21   5  1.174115E-03
        21   6  1.174115E-03
        21   7  1.174115E-03
        21   8  1.174115E-03
        22   1  1.174115E-03
        22   2  1.174115E-03
        22   3  1.174115E-03
        22   4  1.174115E-03
        22   5  1.174115E-03
        22   6  1.174115E-03
        22   7  1.174115E-03
        22   8  1.174115E-03
        23   1  1.174115E-03
        23   2  1.174115E-03
        23   3  1.174115E-03
        23   4  1.174115E-03
        23   5  1.174115E-03
        23   6  1.174115E-03
        23   7  1.174115E-03
        23   8  1.174115E-03
        24   1  1.174115E-03
        24   2  1.174115E-03
        24   3  1.174115E-03
        24   4  1.174115E-03
        24   5  1.174115E-03
        24   6  1.174115E-03
        24   7  1.174115E-03
        24   8  1.174115E-03
        25   1  1.174115E-03
        25   2  1.174115E-03
        25   3  1.174115E-03
        25   4  1.174115E-03
        25   5  1.174115E-03
        25   6  1.174115E-03
        25   7  1.174115E-03
        25   8  1.174115E-03
        26   1  1.174115E-03
        26   2  1.174115E-03
        26   3  1.174115E-03
        26   4  1.174115E-03
        26   5  1.174115E-03
        26   6  1.174115E-03
        26   7  1.174115E-03
        26   8  1.174115E-03
        27   1  1.174115E-03
        27   2  1.174115E-03
        27   3  1.174115E-03
        27   4  1.174115E-03
        27   5  1.174115E-03
        27   6  1.174115E-03
        27   7  1.174115E-03
        27   8  1.174115E-03
        28   1  1.174115E-03
        28   2  1.174115E-03
        28   3  1.174115E-03
        28   4  1.174115E-03
        28   5  1.174115E-03
        28   6  1.174115E-03
        28   7  1.174115E-03
        28   8  1.174115E-03
        29   1  1.174115E-03
        29   2  1.174115E-03
        29   3  1.174115E-03
        29   4  1.174115E-03
        29   5  1.174115E-03
        29   6  1.174115E-03
        29   7  1.174115E-03
        29   8  1.174115E-03
        30   1  1.174115E-03
        30   2  1.174115E-03
        30   3  1.174115E-03
        30   4  1.174115E-03
        30   5  1.174115E-03
        30   6  1.174115E-03
        30   7  1.174115E-03
        30   8  1.174115E-03
        31   1  1.174115E-03
        31   2  1.174115E-03
        31   3  1.174115E-03
        31   4  1.174115E-03
        31   5  1.174115E-03
        31   6  1.174115E-03
        31   7  1.174115E-03
        31   8  1.174115E-03
        32   1  1.174115E-03
        32   2  1.174115E-03
        32   3  1.174115E-03
        32   4  1.174115E-03
        32   5  1.174115E-03
        32   6  1.174115E-03
        32   7  1.174115E-03
        32   8  1.174115E-03
        33   1  1.174115E-03
        33   2  1.174115E-03
        33   3  1.174115E-03
        33   4  1.174115E-03
        33   5  1.174115E-03
        33   6  1.174115E-03
        33   7  1.174115E-03
        33   8  1.174115E-03
        34   1  1.174115E-03
        34   2  1.174115E-03
        34   3  1.174115E-03
        34   4  1.174115E-03
        34   5  1.174115E-03
        34   6  1.174115E-03
        34   7  1.174115E-03
        34   8  1.174115E-03
        35   1  1.174115E-03
        35   2  1.174115E-03
        35   3  1.174115E-03
        35   4  1.174115E-03
        35   5  1.174115E-03
        35   6  1.174115E-03
        35   7  1.174115E-03
        35   8  1.174115E-03
        36   1  1.174115E-03
        36   2  1.174115E-03
        36   3  1.174115E-03
        36   4  1.174115E-03
        36   5  1.174115E-03
        36   6  1.174115E-03
        36   7  1.174115E-03
        36   8  1.174115E-03
        37   1  1.174115E-03
        37   2  1.174115E-03
        37   3  1.174115E-03
        37   4  1.174115E-03
        37   5  1.174115E-03
        37   6  1.174115E-03
        37   7  1.174115E-03
        37   8  1.174115E-03
        38   1  1.174115E-03
        38   2  1.174115E-03
        38   3  1.174115E-03
        38   4  1.174115E-03
        38   5  1.174115E-03
        38   6  1.174115E-03
        38   7  1.174115E-03
        38   8  1.174115E-03
        39   1  1.174115E-03
        39   2  1.174115E-03
        39   3  1.174115E-03
        39   4  1.174115E-03
        39   5  1.174115E-03
        39   6  1.174115E-03
        39   7  1.174115E-03
        39   8  1.174115E-03
        40   1  1.174115E-03
        40   2  1.174115E-03
        40   3  1.174115E-03
        40   4  1.174115E-03
        40   5  1.174115E-03
        40   6  1.174115E-03
        40   7  1.174115E-03
        40   8  1.174115E-03

 mechanical strains (elem, integ.pnt.,exx,eyy,ezz,exy,exz,eyz) for set ALLE and time  0.1000000E+01

         1   1  3.004500E-03 -1.095376E-03 -1.095376E-03 -2.763028E-19 -1.316324E-19  7.445721E-20
         1   2  3.004500E-03 -1.095376E-03 -1.095376E-03 -1.812333E-18 -1.327833E-18  7.445721E-20
         1   3  3.004500E-03 -1.095376E-03 -1.095376E-03  4.175030E-19 -1.164025E-19 -8.799488E-20
         1   4  3.004500E-03 -1.095376E-03 -1.095376E-03 -1.118527E-18 -8.776208E-19  6.768837E-21
         1   5  3.004500E-03 -1.095376E-03 -1.095376E-03 -3.000493E-19  3.844914E-19  4.061302E-19
         1   6  3.004500E-03 -1.095376E-03 -1.095376E-03 -1.822486E-18 -8.117088E-19  4.670497E-19
         1   7  3.004500E-03 -1.095376E-03 -1.095376E-03  4.309851E-19  4.318733E-19  2.436781E-19
         1   8  3.004500E-03 -1.095376E-03 -1.095376E-03 -1.091452E-18 -3.293450E-19  3.993614E-19
         2   1  3.004500E-03 -1.095376E-03 -1.095376E-03 -2.233333E-18 -1.758710E-18  9.476372E-20
         2   2  3.004500E-03 -1.095376E-03 -1.095376E-03 -1.743978E-18 -2.084947E-18  6.599616E-20
         2   3  3.004500E-03 -1.095376E-03 -1.095376E-03 -1.946101E-18 -8.117088E-19  1.015326E-19
         2   4  3.004500E-03 -1.095376E-03 -1.095376E-03 -1.225663E-18 -1.790418E-18  1.709131E-19
         2   5  3.004500E-03 -1.095376E-03 -1.095376E-03 -1.863099E-18  1.217166E-18  3.790549E-19
         2   6  3.004500E-03 -1.095376E-03 -1.095376E-03 -1.536863E-18  2.112703E-19 -6.768837E-20
         2   7  3.004500E-03 -1.095376E-03 -1.095376E-03 -1.308054E-18  1.158023E-18  3.519795E-19
         2   8  3.004500E-03 -1.095376E-03 -1.095376E-03 -1.308054E-18  1.158023E-18  1.353767E-20
         3   1  3.004500E-03 -1.095376E-03 -1.095376E-03 -1.192372E-18 -1.819377E-18  6.091953E-20
         3   2  3.004500E-03 -1.095376E-03 -1.095376E-03 -1.083626E-18  1.116751E-18  9.814814E-20
         3   3  3.004500E-03 -1.095376E-03 -1.095376E-03 -1.561273E-18 -2.200209E-18  3.587484E-19
         3   4  3.004500E-03 -1.095376E-03 -1.095376E-03 -1.697205E-18 -8.952628E-19  5.956577E-19
         3   5  3.004500E-03 -1.095376E-03 -1.095376E-03 -1.413247E-18 -3.200220E-18 -1.624521E-19
         3   6  3.004500E-03 -1.095376E-03 -1.095376E-03 -7.607743E-19 -2.656493E-18  2.030651E-20
         3   7  3.004500E-03 -1.095376E-03 -1.095376E-03 -1.738151E-18 -3.472750E-18  1.353767E-19
         3   8  3.004500E-03 -1.095376E-03 -1.095376E-03 -1.194424E-18 -2.385295E-18  4.467432E-19
         4   1  3.004500E-03 -1.095376E-03 -1.095376E-03  1.398316E-18  1.088091E-18  8.799488E-20
         4   2  3.004500E-03 -1.095376E-03 -1.095376E-03  2.404212E-18 -1.086819E-18 -2.707535E-20
         4   3  3.004500E-03 -1.095376E-03 -1.095376E-03  9.511212E-18 -5.824565E-19  4.467432E-19
         4   4  3.004500E-03 -1.095376E-03 -1.095376E-03  1.046273E-17  9.399802E-19 -2.199872E-19
         4   5  3.004500E-03 -1.095376E-03 -1.095376E-03  1.959410E-18  4.074840E-18  1.624521E-19
         4   6  3.004500E-03 -1.095376E-03 -1.095376E-03  1.850665E-18  1.791185E-18  2.166028E-19
         4   7  3.004500E-03 -1.095376E-03 -1.095376E-03  1.012440E-17  4.304980E-18  4.061302E-19
         4   8  3.004500E-03 -1.095376E-03 -1.095376E-03  9.906913E-18  6.479890E-18 -6.091953E-20
         5   1  3.004500E-03 -1.095376E-03 -1.095376E-03 -1.106153E-18 -2.301825E-18 -6.768837E-21
         5   2  3.004500E-03 -1.095376E-03 -1.095376E-03 -2.030490E-18 -1.866843E-18  1.692209E-20
         5   3  3.004500E-03 -1.095376E-03 -1.095376E-03  2.085813E-20 -7.445721E-20 -5.212004E-19
         5   4  3.004500E-03 -1.095376E-03 -1.095376E-03 -1.175342E-18 -1.379403E-18 -3.638250E-19
         5   5  3.004500E-03 -1.095376E-03 -1.095376E-03 -4.232206E-19 -2.648728E-18  3.249042E-19
         5   6  3.004500E-03 -1.095376E-03 -1.095376E-03 -2.815621E-18  6.990880E-20  4.602809E-19
         5   7  3.004500E-03 -1.095376E-03 -1.095376E-03  7.545570E-19 -2.978288E-19 -1.895274E-19
         5   8  3.004500E-03 -1.095376E-03 -1.095376E-03 -1.637843E-18 -4.647648E-18  1.556832E-19
         6   1  3.004500E-03 -1.095376E-03 -1.095376E-03 -2.196273E-18 -1.895863E-18  6.768837E-20
         6   2  3.004500E-03 -1.095376E-03 -1.095376E-03 -4.969282E-18 -4.505755E-18 -3.045977E-20
         6   3  3.004500E-03 -1.095376E-03 -1.095376E-03  5.137585E-19 -7.381398E-19 -1.827586E-19
         6   4  3.004500E-03 -1.095376E-03 -1.095376E-03 -1.769897E-18 -2.043086E-18  2.707535E-20
         6   5  3.004500E-03 -1.095376E-03 -1.095376E-03 -1.472727E-18  2.531208E-18  4.332056E-19
         6   6  3.004500E-03 -1.095376E-03 -1.095376E-03 -4.735091E-18 -3.341047E-18 -2.707535E-20
         6   7  3.004500E-03 -1.095376E-03 -1.095376E-03  6.897483E-19  3.736398E-18  1.895274E-19
         6   8  3.004500E-03 -1.095376E-03 -1.095376E-03 -3.007598E-18 -3.658295E-18  6.768837E-21
         7   1  3.004500E-03 -1.095376E-03 -1.095376E-03 -3.195732E-18 -1.514948E-18 -5.415070E-20
         7   2  3.004500E-03 -1.095376E-03 -1.095376E-03 -1.510178E-18 -7.537296E-19 -3.198275E-19
         7   3  3.004500E-03 -1.095376E-03 -1.095376E-03  5.940964E-19 -4.637663E-18 -8.122604E-20
         7   4  3.004500E-03 -1.095376E-03 -1.095376E-03  2.660260E-18  1.471381E-19 -8.596423E-19
         7   5  3.004500E-03 -1.095376E-03 -1.095376E-03 -3.266805E-18  2.686406E-19 -2.978288E-19
         7   6  3.004500E-03 -1.095376E-03 -1.095376E-03 -2.614332E-18  4.400969E-18 -7.445721E-19
         7   7  3.004500E-03 -1.095376E-03 -1.095376E-03 -3.426676E-19 -4.766607E-18 -4.332056E-19
         7   8  3.004500E-03 -1.095376E-03 -1.095376E-03 -5.601586E-19  6.977904E-18 -1.286079E-18
         8   1  3.004500E-03 -1.095376E-03 -1.095376E-03  1.739208E-18  3.857218E-18 -2.436781E-19
         8   2  3.004500E-03 -1.095376E-03 -1.095376E-03  5.436554E-18  5.923382E-18  1.184546E-19
         8   3  3.004500E-03 -1.095376E-03 -1.095376E-03 -4.438079E-20  5.422848E-18 -3.519795E-19
         8   4  3.004500E-03 -1.095376E-03 -1.095376E-03  2.565511E-18  5.422848E-18  1.506066E-18
         8   5  3.004500E-03 -1.095376E-03 -1.095376E-03  4.909090E-19  9.526297E-19 -9.205618E-19
         8   6  3.004500E-03 -1.095376E-03 -1.095376E-03  7.450620E-18  5.628685E-18 -1.028863E-18
         8   7  3.004500E-03 -1.095376E-03 -1.095376E-03 -5.379543E-19  5.977893E-18 -1.028863E-18
         8   8  3.004500E-03 -1.095376E-03 -1.095376E-03  6.639247E-18  6.412875E-18  3.655172E-19
         9   1  3.004500E-03 -1.095376E-03 -1.095376E-03  1.266186E-17 -1.238697E-18 -1.929119E-18
         9   2  3.004500E-03 -1.095376E-03 -1.095376E-03  2.397139E-17  2.023667E-18 -7.960152E-18
         9   3  3.004500E-03 -1.095376E-03 -1.095376E-03  1.277693E-17 -9.950863E-18 -6.565772E-19
         9   4  3.004500E-03 -1.095376E-03 -1.095376E-03  2.278151E-17 -2.474025E-17 -8.831640E-18
         9   5  3.004500E-03 -1.095376E-03 -1.095376E-03  1.184105E-17 -7.253314E-18 -8.501659E-18
         9   6  3.004500E-03 -1.095376E-03 -1.095376E-03  1.488593E-17 -4.643422E-18 -2.869310E-17
         9   7  3.004500E-03 -1.095376E-03 -1.095376E-03  1.087988E-17 -2.760399E-17 -7.174967E-18
         9   8  3.004500E-03 -1.095376E-03 -1.095376E-03  1.435973E-17 -4.500327E-17 -2.965427E-17
        10   1  3.004500E-03 -1.095376E-03 -1.095376E-03  1.742880E-17  3.677844E-18 -9.374839E-18
        10   2  3.004500E-03 -1.095376E-03 -1.095376E-03  1.986943E-18 -1.324448E-18 -7.308652E-18
        10   3  3.004500E-03 -1.095376E-03 -1.095376E-03  6.842340E-18 -1.565292E-17 -1.048493E-17
        10   4  3.004500E-03 -1.095376E-03 -1.095376E-03 -7.077081E-18 -3.473423E-18 -6.990516E-18
        10   5  3.004500E-03 -1.095376E-03 -1.095376E-03  1.029132E-17  4.217659E-18 -3.384418E-17
        10   6  3.004500E-03 -1.095376E-03 -1.095376E-03  7.217225E-19 -1.872088E-18 -2.756947E-17
        10   7  3.004500E-03 -1.095376E-03 -1.095376E-03  3.817473E-19 -1.090119E-17 -3.508965E-17
        10   8  3.004500E-03 -1.095376E-03 -1.095376E-03 -9.187855E-18  3.018228E-18 -2.725134E-17
        11   1  3.004500E-03 -1.095376E-03 -1.095376E-03  3.215180E-19 -9.260054E-20 -6.768837E-20
        11   2  3.004500E-03 -1.095376E-03 -1.095376E-03 -1.948544E-18 -8.810053E-19  1.235313E-19
        11   3  3.004500E-03 -1.095376E-03 -1.095376E-03  2.538296E-19 -1.434778E-19 -6.768837E-20
        11   4  3.004500E-03 -1.095376E-03 -1.095376E-03 -2.016232E-18 -1.339678E-18  5.973499E-19
        11   5  3.004500E-03 -1.095376E-03 -1.095376E-03  4.298749E-19  5.406188E-19  5.685823E-19
        11   6  3.004500E-03 -1.095376E-03 -1.095376E-03 -2.125644E-18 -3.293450E-19  4.467432E-19
        11   7  3.004500E-03 -1.095376E-03 -1.095376E-03  4.840256E-19  3.506473E-19  2.978288E-19
        11   8  3.004500E-03 -1.095376E-03 -1.095376E-03 -2.071493E-18 -4.105711E-19  9.205618E-19
        12   1  3.004500E-03 -1.095376E-03 -1.095376E-03 -3.205442E-18 -8.421686E-19  6.091953E-19
        12   2  3.004500E-03 -1.095376E-03 -1.095376E-03 -3.980253E-18 -1.549014E-18  7.564175E-19
        12   3  3.004500E-03 -1.095376E-03 -1.095376E-03 -2.671148E-18 -1.002124E-18  7.784162E-19
        12   4  3.004500E-03 -1.095376E-03 -1.095376E-03 -3.214875E-18 -1.437106E-18  4.399744E-19
        12   5  3.004500E-03 -1.095376E-03 -1.095376E-03 -3.375995E-18 -6.480878E-20  7.581097E-19
        12   6  3.004500E-03 -1.095376E-03 -1.095376E-03 -4.245959E-18  5.332914E-19  1.123627E-18
        12   7  3.004500E-03 -1.095376E-03 -1.095376E-03 -2.834488E-18  9.946825E-19  1.137165E-18
        12   8  3.004500E-03 -1.095376E-03 -1.095376E-03 -3.650079E-18 -2.015178E-19  1.069476E-18
        13   1  3.004500E-03 -1.095376E-03 -1.095376E-03 -4.622793E-18 -2.169749E-18  9.747125E-19
        13   2  3.004500E-03 -1.095376E-03 -1.095376E-03 -3.644084E-18  2.234443E-18  7.868773E-19
        13   3  3.004500E-03 -1.095376E-03 -1.095376E-03 -2.592142E-18 -1.255788E-18  4.332056E-19
        13   4  3.004500E-03 -1.095376E-03 -1.095376E-03 -1.341569E-18 -1.683328E-19  8.579501E-19
        13   5  3.004500E-03 -1.095376E-03 -1.095376E-03 -4.976105E-18 -3.548095E-18  1.543295E-18
        13   6  3.004500E-03 -1.095376E-03 -1.095376E-03 -3.562414E-18  1.236706E-18  1.814048E-18
        13   7  3.004500E-03 -1.095376E-03 -1.095376E-03 -2.837152E-18 -2.304957E-18  1.001788E-18
        13   8  3.004500E-03 -1.095376E-03 -1.095376E-03 -1.967189E-18 -2.304957E-18  1.414687E-18
        14   1  3.004500E-03 -1.095376E-03 -1.095376E-03  1.114583E-17  2.608835E-18  5.008939E-19
        14   2  3.004500E-03 -1.095376E-03 -1.095376E-03  1.073803E-17 -5.447838E-19 -5.178160E-19
        14   3  3.004500E-03 -1.095376E-03 -1.095376E-03  1.495801E-17 -5.093455E-20  6.159642E-19
        14   4  3.004500E-03 -1.095376E-03 -1.095376E-03  1.449584E-17  2.776448E-18 -6.244252E-19
        14   5  3.004500E-03 -1.095376E-03 -1.095376E-03  1.073293E-17  4.251718E-18  1.110089E-18
        14   6  3.004500E-03 -1.095376E-03 -1.095376E-03  1.040669E-17  2.783654E-18 -7.851851E-19
        14   7  3.004500E-03 -1.095376E-03 -1.095376E-03  1.373651E-17  3.032439E-18  1.353767E-18
        14   8  3.004500E-03 -1.095376E-03 -1.095376E-03  1.297529E-17  3.249930E-18 -5.753511E-19
        15   1  3.004500E-03 -1.095376E-03 -1.095376E-03 -3.309531E-18  1.738235E-18 -6.701149E-19
        15   2  3.004500E-03 -1.095376E-03 -1.095376E-03 -7.876841E-18  5.420352E-19 -6.464239E-19
        15   3  3.004500E-03 -1.095376E-03 -1.095376E-03  1.628822E-19  9.985717E-19 -7.784162E-19
        15   4  3.004500E-03 -1.095376E-03 -1.095376E-03 -4.023819E-18 -2.481284E-18 -7.564175E-19
        15   5  3.004500E-03 -1.095376E-03 -1.095376E-03 -2.405723E-18  1.719621E-18 -1.028863E-18
        15   6  3.004500E-03 -1.095376E-03 -1.095376E-03 -8.495470E-18 -6.727794E-19 -8.190293E-19
        15   7  3.004500E-03 -1.095376E-03 -1.095376E-03  9.516200E-19  1.357320E-18 -1.137165E-18
        15   8  3.004500E-03 -1.095376E-03 -1.095376E-03 -5.138127E-18 -3.826076E-19 -9.137930E-19
        16   1  3.004500E-03 -1.095376E-03 -1.095376E-03 -5.278496E-18 -2.149695E-18 -3.655172E-19
        16   2  3.004500E-03 -1.095376E-03 -1.095376E-03 -5.278496E-18 -1.932204E-18 -4.602809E-19
        16   3  3.004500E-03 -1.095376E-03 -1.095376E-03 -3.407081E-18  7.581097E-19 -6.430395E-19
        16   4  3.004500E-03 -1.095376E-03 -1.095376E-03 -2.482744E-18 -3.156727E-18 -7.208811E-19
        16   5  3.004500E-03 -1.095376E-03 -1.095376E-03 -5.109275E-18  1.168896E-18 -5.415070E-19
        16   6  3.004500E-03 -1.095376E-03 -1.095376E-03 -4.456802E-18  2.038860E-18 -6.971902E-19
        16   7  3.004500E-03 -1.095376E-03 -1.095376E-03 -2.645418E-18  1.102984E-18 -1.110089E-18
        16   8  3.004500E-03 -1.095376E-03 -1.095376E-03 -2.210436E-18  2.330200E-19 -1.739591E-18
        17   1  3.004500E-03 -1.095376E-03 -1.095376E-03 -1.536984E-18 -1.227188E-18 -3.925925E-19
        17   2  3.004500E-03 -1.095376E-03 -1.095376E-03  1.562262E-18  7.775749E-20 -8.545657E-19
        17   3  3.004500E-03 -1.095376E-03 -1.095376E-03 -2.737733E-18 -1.354104E-18 -8.664111E-19
        17   4  3.004500E-03 -1.095376E-03 -1.095376E-03  1.612086E-18  4.300661E-18 -3.384418E-20
        17   5  3.004500E-03 -1.095376E-03 -1.095376E-03 -1.869545E-18 -1.122524E-18 -8.393358E-19
        17   6  3.004500E-03 -1.095376E-03 -1.095376E-03  3.567729E-18 -3.613053E-19 -1.888506E-18
        17   7  3.004500E-03 -1.095376E-03 -1.095376E-03 -1.107883E-18  1.434993E-18 -1.705747E-18
        17   8  3.004500E-03 -1.095376E-03 -1.095376E-03  2.371973E-18  6.654776E-18 -1.211622E-18
        18   1  3.004500E-03 -1.095376E-03 -1.095376E-03 -1.171009E-18  3.114254E-18 -2.639846E-19
        18   2  3.004500E-03 -1.095376E-03 -1.095376E-03  2.363219E-18  5.615400E-18  1.304693E-18
        18   3  3.004500E-03 -1.095376E-03 -1.095376E-03  4.061302E-18  3.344479E-18  3.858237E-19
        18   4  3.004500E-03 -1.095376E-03 -1.095376E-03  7.378039E-18 -8.835015E-18  2.284482E-19
        18   5  3.004500E-03 -1.095376E-03 -1.095376E-03 -1.902380E-18 -3.650853E-18 -1.489144E-18
        18   6  3.004500E-03 -1.095376E-03 -1.095376E-03 -2.772344E-18  4.505058E-18 -5.550446E-19
        18   7  3.004500E-03 -1.095376E-03 -1.095376E-03  2.592128E-18  2.938348E-18 -8.934865E-19
        18   8  3.004500E-03 -1.095376E-03 -1.095376E-03  1.939655E-18 -8.806163E-18 -1.434993E-18
        19   1  3.004500E-03 -1.095376E-03 -1.095376E-03 -6.367363E-18 -7.337588E-18  3.980076E-18
        19   2  3.004500E-03 -1.095376E-03 -1.095376E-03 -1.691567E-17 -1.407981E-17  8.276595E-18
        19   3  3.004500E-03 -1.095376E-03 -1.095376E-03 -3.020721E-17 -8.164564E-18  5.063090E-18
        19   4  3.004500E-03 -1.095376E-03 -1.095376E-03 -3.858061E-17  2.054424E-17  1.800511E-17
        19   5  3.004500E-03 -1.095376E-03 -1.095376E-03 -8.880714E-18 -2.412413E-17  6.985440E-18
        19   6  3.004500E-03 -1.095376E-03 -1.095376E-03 -1.486022E-18 -3.499868E-17  2.582311E-17
        19   7  3.004500E-03 -1.095376E-03 -1.095376E-03 -2.848327E-17 -1.145422E-17  8.230906E-18
        19   8  3.004500E-03 -1.095376E-03 -1.095376E-03 -2.065359E-17  1.812455E-17  3.553639E-17
        20   1  3.004500E-03 -1.095376E-03 -1.095376E-03 -1.644996E-17 -7.826795E-18  1.022094E-17
        20   2  3.004500E-03 -1.095376E-03 -1.095376E-03 -9.164010E-18 -4.321023E-19  1.001957E-17
        20   3  3.004500E-03 -1.095376E-03 -1.095376E-03  1.236498E-17  3.128418E-17  1.948071E-17
        20   4  3.004500E-03 -1.095376E-03 -1.095376E-03  1.867222E-17  8.665121E-18  1.006864E-17
        20   5  3.004500E-03 -1.095376E-03 -1.095376E-03  4.416572E-19  1.951295E-18  3.370881E-17
        20   6  3.004500E-03 -1.095376E-03 -1.095376E-03 -5.648090E-18  8.911006E-18  3.609821E-17
        20   7  3.004500E-03 -1.095376E-03 -1.095376E-03  2.483655E-17  4.069963E-17  4.329348E-17
        20   8  3.004500E-03 -1.095376E-03 -1.095376E-03  2.048673E-17  1.982050E-17  3.618620E-17
        21   1  3.004500E-03 -1.095376E-03 -1.095376E-03 -2.898960E-19  3.486489E-19  5.144316E-19
        21   2  3.004500E-03 -1.095376E-03 -1.095376E-03 -1.649214E-18 -1.336906E-18  6.058109E-19
        21   3  3.004500E-03 -1.095376E-03 -1.095376E-03  4.445228E-19  4.030216E-19 -2.707535E-20
        21   4  3.004500E-03 -1.095376E-03 -1.095376E-03 -9.147957E-19 -1.880633E-18  1.049170E-19
        21   5  3.004500E-03 -1.095376E-03 -1.095376E-03 -2.050635E-19  1.066146E-18  8.664111E-19
        21   6  3.004500E-03 -1.095376E-03 -1.095376E-03 -1.673127E-18 -6.194093E-19  8.393358E-19
        21   7  3.004500E-03 -1.095376E-03 -1.095376E-03  5.936593E-19  9.716039E-19  3.249042E-19
        21   8  3.004500E-03 -1.095376E-03 -1.095376E-03 -9.831502E-19 -1.529542E-18  3.384418E-19
        22   1  3.004500E-03 -1.095376E-03 -1.095376E-03 -2.067274E-18 -2.729271E-19  4.602809E-19
        22   2  3.004500E-03 -1.095376E-03 -1.095376E-03 -1.387615E-18 -2.185544E-19 -1.455300E-19
        22   3  3.004500E-03 -1.095376E-03 -1.095376E-03 -1.268107E-18 -7.081848E-19  1.624521E-19
        22   4  3.004500E-03 -1.095376E-03 -1.095376E-03 -6.836005E-19 -1.143167E-18  4.399744E-20
        22   5  3.004500E-03 -1.095376E-03 -1.095376E-03 -2.040421E-18  1.242128E-18  4.873563E-19
        22   6  3.004500E-03 -1.095376E-03 -1.095376E-03 -1.659812E-18  7.255874E-19 -2.572158E-19
        22   7  3.004500E-03 -1.095376E-03 -1.095376E-03 -1.092784E-18  9.053792E-20  2.166028E-19
        22   8  3.004500E-03 -1.095376E-03 -1.095376E-03 -6.578019E-19 -3.444440E-19 -1.083014E-19
        23   1  3.004500E-03 -1.095376E-03 -1.095376E-03 -1.301117E-18 -5.260059E-18 -3.113665E-19
        23   2  3.004500E-03 -1.095376E-03 -1.095376E-03 -1.002067E-18 -1.290849E-18 -1.015326E-19
        23   3  3.004500E-03 -1.095376E-03 -1.095376E-03 -1.615868E-18 -5.104376E-18  1.759898E-19
        23   4  3.004500E-03 -1.095376E-03 -1.095376E-03 -1.126513E-18 -3.146958E-18  5.245849E-19
        23   5  3.004500E-03 -1.095376E-03 -1.095376E-03 -1.861767E-18 -3.574619E-18 -4.873563E-19
        23   6  3.004500E-03 -1.095376E-03 -1.095376E-03 -1.318039E-18  3.221973E-18 -4.805874E-19
        23   7  3.004500E-03 -1.095376E-03 -1.095376E-03 -2.173133E-18 -3.588157E-18  1.203706E-35
        23   8  3.004500E-03 -1.095376E-03 -1.095376E-03 -1.738151E-18 -1.848229E-18  4.513898E-36
        24   1  3.004500E-03 -1.095376E-03 -1.095376E-03  1.433049E-18  6.654103E-18  5.415070E-20
        24   2  3.004500E-03 -1.095376E-03 -1.095376E-03  2.221454E-18  7.089085E-18  1.489144E-19
        24   3  3.004500E-03 -1.095376E-03 -1.095376E-03  9.459725E-18  5.360919E-18  3.113665E-19
        24   4  3.004500E-03 -1.095376E-03 -1.095376E-03  9.323794E-18  8.623283E-18 -3.858237E-19
        24   5  3.004500E-03 -1.095376E-03 -1.095376E-03  1.702194E-18  5.936607E-18 -2.707535E-19
        24   6  3.004500E-03 -1.095376E-03 -1.095376E-03  7.234849E-19  8.002771E-18  3.452107E-19
        24   7  3.004500E-03 -1.095376E-03 -1.095376E-03  8.333878E-18  5.144316E-18  1.083014E-19
        24   8  3.004500E-03 -1.095376E-03 -1.095376E-03  8.116387E-18  5.579298E-18 -2.978288E-19
        25   1  3.004500E-03 -1.095376E-03 -1.095376E-03 -1.072309E-18  1.692209E-19  3.384418E-19
        25   2  3.004500E-03 -1.095376E-03 -1.095376E-03 -2.866609E-18 -5.050562E-18  6.125797E-19
        25   3  3.004500E-03 -1.095376E-03 -1.095376E-03  7.500883E-20 -1.293184E-18 -6.091953E-19
        25   4  3.004500E-03 -1.095376E-03 -1.095376E-03 -4.687186E-19 -7.817913E-18 -2.809067E-19
        25   5  3.004500E-03 -1.095376E-03 -1.095376E-03 -2.163148E-18  2.260792E-18  6.227330E-19
        25   6  3.004500E-03 -1.095376E-03 -1.095376E-03 -3.685585E-18 -4.155192E-18  9.679437E-19
        25   7  3.004500E-03 -1.095376E-03 -1.095376E-03 -9.312199E-19  8.593057E-19 -3.249042E-19
        25   8  3.004500E-03 -1.095376E-03 -1.095376E-03 -2.453657E-18 -5.230441E-18 -1.218391E-19
        26   1  3.004500E-03 -1.095376E-03 -1.095376E-03 -2.077818E-18 -1.360274E-18  5.550446E-19
        26   2  3.004500E-03 -1.095376E-03 -1.095376E-03 -4.198355E-18 -1.034038E-18  5.076628E-20
        26   3  3.004500E-03 -1.095376E-03 -1.095376E-03  1.830466E-18 -1.639405E-18  1.353767E-20
        26   4  3.004500E-03 -1.095376E-03 -1.095376E-03 -1.540644E-18 -2.944350E-18  2.606002E-19
        26   5  3.004500E-03 -1.095376E-03 -1.095376E-03 -2.153163E-18  2.904598E-18  8.664111E-19
        26   6  3.004500E-03 -1.095376E-03 -1.095376E-03 -5.415528E-18  6.166962E-18  2.369093E-19
        26   7  3.004500E-03 -1.095376E-03 -1.095376E-03  5.778942E-19 -1.822500E-18  2.166028E-19
        26   8  3.004500E-03 -1.095376E-03 -1.095376E-03 -5.095606E-19  1.222373E-18  3.113665E-19
        27   1  3.004500E-03 -1.095376E-03 -1.095376E-03 -2.875821E-18  1.952473E-18 -2.301405E-19
        27   2  3.004500E-03 -1.095376E-03 -1.095376E-03 -3.202057E-18 -5.224729E-18 -6.599616E-19
        27   3  3.004500E-03 -1.095376E-03 -1.095376E-03 -2.470158E-19  1.630953E-18  8.122604E-20
        27   4  3.004500E-03 -1.095376E-03 -1.095376E-03  2.484794E-20  7.609893E-19 -5.110472E-19
        27   5  3.004500E-03 -1.095376E-03 -1.095376E-03 -4.204457E-18  3.553303E-18 -1.083014E-19
        27   6  3.004500E-03 -1.095376E-03 -1.095376E-03 -2.029548E-18  1.052157E-18 -4.399744E-19
        27   7  3.004500E-03 -1.095376E-03 -1.095376E-03  2.565427E-19 -2.920696E-19  2.707535E-19
        27   8  3.004500E-03 -1.095376E-03 -1.095376E-03 -1.784392E-19  5.797677E-18 -3.384418E-19
        28   1  3.004500E-03 -1.095376E-03 -1.095376E-03 -9.782652E-19 -2.510640E-18 -1.204853E-18
        28   2  3.004500E-03 -1.095376E-03 -1.095376E-03  9.841910E-18  4.992798E-18 -2.531545E-18
        28   3  3.004500E-03 -1.095376E-03 -1.095376E-03 -1.276094E-18 -7.684313E-18 -1.759898E-19
        28   4  3.004500E-03 -1.095376E-03 -1.095376E-03  8.891608E-18  1.885289E-18  9.916346E-19
        28   5  3.004500E-03 -1.095376E-03 -1.095376E-03 -5.315220E-19  4.471734E-19 -2.382631E-18
        28   6  3.004500E-03 -1.095376E-03 -1.095376E-03  9.473062E-18  1.099548E-17 -7.554022E-18
        28   7  3.004500E-03 -1.095376E-03 -1.095376E-03  3.755022E-19 -7.724926E-18 -1.353767E-18
        28   8  3.004500E-03 -1.095376E-03 -1.095376E-03  1.081507E-17 -7.652151E-19 -4.047764E-18
        29   1  3.004500E-03 -1.095376E-03 -1.095376E-03  1.076802E-17 -5.607813E-18 -9.679437E-18
        29   2  3.004500E-03 -1.095376E-03 -1.095376E-03  1.511784E-17 -6.055212E-19 -2.801622E-17
        29   3  3.004500E-03 -1.095376E-03 -1.095376E-03  9.278879E-18 -2.095565E-17 -5.645210E-18
        29   4  3.004500E-03 -1.095376E-03 -1.095376E-03  1.406368E-17 -1.486590E-17 -2.491609E-17
        29   5  3.004500E-03 -1.095376E-03 -1.095376E-03  1.321546E-17 -2.889284E-18 -9.368070E-18
        29   6  3.004500E-03 -1.095376E-03 -1.095376E-03  1.626034E-17 -5.499175E-18 -9.307151E-18
        29   7  3.004500E-03 -1.095376E-03 -1.095376E-03  1.121189E-17 -4.155393E-18 -5.306768E-18
        29   8  3.004500E-03 -1.095376E-03 -1.095376E-03  1.295181E-17 -6.755375E-19 -6.132566E-18
        30   1  3.004500E-03 -1.095376E-03 -1.095376E-03  8.632623E-18  3.743672E-18 -3.464291E-17
        30   2  3.004500E-03 -1.095376E-03 -1.095376E-03 -6.701527E-20  2.638164E-19 -3.428077E-17
        30   3  3.004500E-03 -1.095376E-03 -1.095376E-03 -1.100965E-18  1.211824E-17 -3.212490E-17
        30   4  3.004500E-03 -1.095376E-03 -1.095376E-03 -9.909348E-18  2.548635E-18 -3.216551E-17
        30   5  3.004500E-03 -1.095376E-03 -1.095376E-03  1.029132E-17  3.418599E-18 -1.589323E-17
        30   6  3.004500E-03 -1.095376E-03 -1.095376E-03  2.867406E-19 -2.787470E-19 -3.402694E-17
        30   7  3.004500E-03 -1.095376E-03 -1.095376E-03  3.817473E-19 -5.805643E-18 -1.326692E-17
        30   8  3.004500E-03 -1.095376E-03 -1.095376E-03 -8.317891E-18 -1.015546E-17 -3.188122E-17
        31   1  3.004500E-03 -1.095376E-03 -1.095376E-03  4.702659E-19  5.424489E-19  6.768837E-20
        31   2  3.004500E-03 -1.095376E-03 -1.095376E-03 -1.759016E-18 -1.251851E-18  3.282886E-19
        31   3  3.004500E-03 -1.095376E-03 -1.095376E-03  6.733310E-19  3.763903E-19  6.633460E-19
        31   4  3.004500E-03 -1.095376E-03 -1.095376E-03 -1.555951E-18 -9.285554E-19  5.584290E-19
        31   5  3.004500E-03 -1.095376E-03 -1.095376E-03  6.737751E-19  9.992344E-19  6.498083E-19
        31   6  3.004500E-03 -1.095376E-03 -1.095376E-03 -1.501134E-18 -7.678796E-19  7.310344E-19
        31   7  3.004500E-03 -1.095376E-03 -1.095376E-03  8.633025E-19  8.637466E-19  1.245466E-18
        31   8  3.004500E-03 -1.095376E-03 -1.095376E-03 -1.311607E-18 -6.586901E-19  1.177778E-18
        32   1  3.004500E-03 -1.095376E-03 -1.095376E-03 -2.996274E-18 -5.680914E-19  7.716474E-19
        32   2  3.004500E-03 -1.095376E-03 -1.095376E-03 -3.771085E-18 -1.274937E-18  1.617752E-18
        32   3  3.004500E-03 -1.095376E-03 -1.095376E-03 -2.318946E-18  7.194881E-19  1.204853E-18
        32   4  3.004500E-03 -1.095376E-03 -1.095376E-03 -3.066571E-18 -6.942031E-19  2.003576E-18
        32   5  3.004500E-03 -1.095376E-03 -1.095376E-03 -1.910817E-18  2.281351E-19  1.299617E-18
        32   6  3.004500E-03 -1.095376E-03 -1.095376E-03 -2.889527E-18 -6.962015E-19  1.651596E-18
        32   7  3.004500E-03 -1.095376E-03 -1.095376E-03 -1.423461E-18  9.090156E-19  1.678672E-18
        32   8  3.004500E-03 -1.095376E-03 -1.095376E-03 -2.293425E-18 -3.959302E-19  2.003576E-18
        33   1  3.004500E-03 -1.095376E-03 -1.095376E-03 -4.690481E-18 -4.741355E-18  2.071264E-18
        33   2  3.004500E-03 -1.095376E-03 -1.095376E-03 -3.929263E-18  9.781856E-20  2.081417E-18
        33   3  3.004500E-03 -1.095376E-03 -1.095376E-03 -2.673368E-18 -4.698246E-18  2.342018E-18
        33   4  3.004500E-03 -1.095376E-03 -1.095376E-03 -2.048081E-18 -1.653373E-18  1.736207E-18
        33   5  3.004500E-03 -1.095376E-03 -1.095376E-03 -4.676500E-18 -4.757726E-18  2.057726E-18
        33   6  3.004500E-03 -1.095376E-03 -1.095376E-03 -4.024027E-18  8.144809E-20  2.314942E-18
        33   7  3.004500E-03 -1.095376E-03 -1.095376E-03 -2.943677E-18 -3.046650E-18  2.328480E-18
        33   8  3.004500E-03 -1.095376E-03 -1.095376E-03 -2.399950E-18 -1.089231E-18  2.125415E-18
        34   1  3.004500E-03 -1.095376E-03 -1.095376E-03  9.905351E-18  6.609218E-18  1.259004E-18
        34   2  3.004500E-03 -1.095376E-03 -1.095376E-03  1.036752E-17  3.455599E-18 -1.607599E-18
        34   3  3.004500E-03 -1.095376E-03 -1.095376E-03  1.319456E-17  3.028886E-18  9.476372E-19
        34   4  3.004500E-03 -1.095376E-03 -1.095376E-03  1.403734E-17  5.856269E-18 -2.240485E-18
        34   5  3.004500E-03 -1.095376E-03 -1.095376E-03  9.622837E-18  5.253506E-18  1.516219E-18
        34   6  3.004500E-03 -1.095376E-03 -1.095376E-03  9.296600E-18  3.785442E-18 -1.110089E-18
        34   7  3.004500E-03 -1.095376E-03 -1.095376E-03  1.287010E-17  3.898850E-18  1.137165E-18
        34   8  3.004500E-03 -1.095376E-03 -1.095376E-03  1.210888E-17  4.116341E-18 -8.122604E-19
        35   1  3.004500E-03 -1.095376E-03 -1.095376E-03 -3.092040E-18 -1.416800E-18 -2.152490E-18
        35   2  3.004500E-03 -1.095376E-03 -1.095376E-03 -7.441859E-18 -4.787910E-18 -1.749744E-18
        35   3  3.004500E-03 -1.095376E-03 -1.095376E-03  1.908458E-19  1.421456E-18 -2.044189E-18
        35   4  3.004500E-03 -1.095376E-03 -1.095376E-03 -3.343382E-18 -6.408219E-18 -2.663537E-18
        35   5  3.004500E-03 -1.095376E-03 -1.095376E-03 -2.840705E-18  2.489156E-18 -1.786973E-18
        35   6  3.004500E-03 -1.095376E-03 -1.095376E-03 -6.755542E-18 -5.558010E-18 -1.434993E-18
        35   7  3.004500E-03 -1.095376E-03 -1.095376E-03  1.917339E-19  3.519795E-18 -1.570370E-18
        35   8  3.004500E-03 -1.095376E-03 -1.095376E-03 -2.853139E-18 -2.569952E-18 -2.233716E-18
        36   1  3.004500E-03 -1.095376E-03 -1.095376E-03 -4.295238E-18  3.612914E-19 -1.191315E-18
        36   2  3.004500E-03 -1.095376E-03 -1.095376E-03 -3.153411E-18  5.037347E-18 -8.088760E-19
        36   3  3.004500E-03 -1.095376E-03 -1.095376E-03 -1.858457E-18  2.091234E-18 -2.111877E-18
        36   4  3.004500E-03 -1.095376E-03 -1.095376E-03 -1.097239E-18 -9.536393E-19 -8.968709E-19
        36   5  3.004500E-03 -1.095376E-03 -1.095376E-03 -1.443445E-18 -1.370428E-18 -1.137165E-18
        36   6  3.004500E-03 -1.095376E-03 -1.095376E-03 -2.095918E-18  2.653155E-18 -1.353767E-18
        36   7  3.004500E-03 -1.095376E-03 -1.095376E-03  3.941259E-19  9.605017E-19 -1.841124E-18
        36   8  3.004500E-03 -1.095376E-03 -1.095376E-03  1.766350E-19 -1.214408E-18 -1.259004E-18
        37   1  3.004500E-03 -1.095376E-03 -1.095376E-03  4.754735E-19 -1.395222E-18 -5.821200E-19
        37   2  3.004500E-03 -1.095376E-03 -1.095376E-03  2.487265E-18 -6.615005E-18 -1.583908E-18
        37   3  3.004500E-03 -1.095376E-03 -1.095376E-03 -8.921682E-19 -1.327365E-18 -4.061302E-19
        37   4  3.004500E-03 -1.095376E-03 -1.095376E-03  3.457651E-18  8.475444E-19  4.264367E-19
        37   5  3.004500E-03 -1.095376E-03 -1.095376E-03 -1.296176E-19  1.708627E-18 -1.570370E-18
        37   6  3.004500E-03 -1.095376E-03 -1.095376E-03  2.697765E-18 -5.750285E-19 -2.734610E-18
        37   7  3.004500E-03 -1.095376E-03 -1.095376E-03  1.498456E-18  3.032439E-18 -1.407918E-18
        37   8  3.004500E-03 -1.095376E-03 -1.095376E-03  4.108347E-18  1.292511E-18 -1.313154E-18
        38   1  3.004500E-03 -1.095376E-03 -1.095376E-03  4.104317E-21 -7.922830E-18 -3.384418E-19
        38   2  3.004500E-03 -1.095376E-03 -1.095376E-03 -3.693242E-18  3.930427E-18  2.460472E-18
        38   3  3.004500E-03 -1.095376E-03 -1.095376E-03  3.300528E-18 -4.475211E-18 -3.925925E-19
        38   4  3.004500E-03 -1.095376E-03 -1.095376E-03 -1.049291E-18 -3.605247E-18 -2.372477E-18
        38   5  3.004500E-03 -1.095376E-03 -1.095376E-03 -7.416925E-19 -5.737767E-18 -8.122604E-19
        38   6  3.004500E-03 -1.095376E-03 -1.095376E-03 -5.526493E-18  2.635635E-18  5.915963E-18
        38   7  3.004500E-03 -1.095376E-03 -1.095376E-03  9.764331E-20 -5.628231E-19 -7.039590E-19
        38   8  3.004500E-03 -1.095376E-03 -1.095376E-03 -5.122140E-18 -4.042678E-18  1.259004E-18
        39   1  3.004500E-03 -1.095376E-03 -1.095376E-03 -8.215592E-18 -2.387674E-17  9.544060E-18
        39   2  3.004500E-03 -1.095376E-03 -1.095376E-03  8.313721E-18 -7.564914E-18  2.592126E-17
        39   3  3.004500E-03 -1.095376E-03 -1.095376E-03 -2.482632E-17 -1.238054E-17  6.295018E-18
        39   4  3.004500E-03 -1.095376E-03 -1.095376E-03 -9.493205E-18  5.888701E-18  3.219259E-17
        39   5  3.004500E-03 -1.095376E-03 -1.095376E-03 -8.586438E-18 -1.115149E-17  4.819412E-18
        39   6  3.004500E-03 -1.095376E-03 -1.095376E-03  1.272768E-17  2.767931E-18 -5.848275E-18
        39   7  3.004500E-03 -1.095376E-03 -1.095376E-03 -2.047252E-17 -2.599944E-17  1.407918E-18
        39   8  3.004500E-03 -1.095376E-03 -1.095376E-03 -4.633477E-19 -6.860235E-18  8.122604E-20
        40   1  3.004500E-03 -1.095376E-03 -1.095376E-03  6.567361E-18  2.260418E-17  3.342452E-17
        40   2  3.004500E-03 -1.095376E-03 -1.095376E-03 -5.938369E-18  8.684754E-18  3.631481E-17
        40   3  3.004500E-03 -1.095376E-03 -1.095376E-03  2.430171E-17  4.161885E-17  3.239565E-17
        40   4  3.004500E-03 -1.095376E-03 -1.095376E-03  1.299218E-17  2.421957E-17  8.687802E-18
        40   5  3.004500E-03 -1.095376E-03 -1.095376E-03  6.861207E-18  1.033616E-17  1.407918E-18
        40   6  3.004500E-03 -1.095376E-03 -1.095376E-03 -8.798142E-18 -3.208935E-19  3.097420E-17
        40   7  3.004500E-03 -1.095376E-03 -1.095376E-03  1.092251E-17  6.065416E-17  4.332056E-19
        40   8  3.004500E-03 -1.095376E-03 -1.095376E-03 -4.736840E-18  4.499482E-17  3.438569E-18

                        S T E P       2


                                INCREMENT     6


 displacements (vx,vy,vz) for set ALLN and time  0.2000000E+01

         1  0.000000E+00  0.000000E+00  0.000000E+00
         2  1.050706E-16  0.000000E+00  0.000000E+00
         3  2.203960E-16  0.000000E+00  0.000000E+00
         4  3.126351E-16  0.000000E+00  0.000000E+00
         5  4.303914E-16  0.000000E+00  0.000000E+00
         6  4.767791E-16  0.000000E+00  0.000000E+00
         7  3.785348E-16  0.000000E+00  0.000000E+00
         8  2.445477E-16  0.000000E+00  0.000000E+00
         9  1.126917E-16  0.000000E+00  0.000000E+00
        10  1.767484E-17  0.000000E+00  0.000000E+00
        11  0.000000E+00  0.000000E+00  0.000000E+00
        12  0.000000E+00 -2.578002E-04  0.000000E+00
        13  6.966833E-17 -2.578002E-04  0.000000E+00
        14  2.776780E-16 -2.578002E-04  0.000000E+00
        15  3.028406E-16 -2.578002E-04  0.000000E+00
        16  4.013546E-16 -2.578002E-04  0.000000E+00
        17  4.498359E-16 -2.578002E-04  0.000000E+00
        18  3.892587E-16 -2.578002E-04  0.000000E+00
        19  2.220976E-16 -2.578002E-04  0.000000E+00
        20  1.067731E-16 -2.578002E-04  0.000000E+00
        21  1.687240E-17 -2.578002E-04  0.000000E+00
        22  0.000000E+00 -2.578002E-04  0.000000E+00
        23  0.000000E+00 -5.156004E-04  0.000000E+00
        24  6.670446E-17 -5.156004E-04  0.000000E+00
        25  2.723923E-16 -5.156004E-04  0.000000E+00
        26  2.741286E-16 -5.156004E-04  0.000000E+00
        27  3.197802E-16 -5.156004E-04  0.000000E+00
        28  4.137458E-16 -5.156004E-04  0.000000E+00
        29  3.390111E-16 -5.156004E-04  0.000000E+00
        30  2.307221E-16 -5.156004E-04  0.000000E+00
        31  1.352172E-16 -5.156004E-04  0.000000E+00
        32  2.077521E-17 -5.156004E-04  0.000000E+00
        33  0.000000E+00 -5.156004E-04  0.000000E+00
        34  0.000000E+00  0.000000E+00 -1.289001E-04
        35  1.029488E-16  0.000000E+00 -1.289001E-04
        36  1.708287E-16  0.000000E+00 -1.289001E-04
        37  3.600149E-16  0.000000E+00 -1.289001E-04
        38  3.979287E-16  0.000000E+00 -1.289001E-04
        39  4.959861E-16  0.000000E+00 -1.289001E-04
        40  3.734764E-16  0.000000E+00 -1.289001E-04
        41  2.424713E-16  0.000000E+00 -1.289001E-04
        42  1.093301E-16  0.000000E+00 -1.289001E-04
        43  2.757608E-17  0.000000E+00 -1.289001E-04
        44  0.000000E+00  0.000000E+00 -1.289001E-04
        45  0.000000E+00 -2.578002E-04 -1.289001E-04
        46  9.222209E-17 -2.578002E-04 -1.289001E-04
        47  2.501459E-16 -2.578002E-04 -1.289001E-04
        48  2.960089E-16 -2.578002E-04 -1.289001E-04
        49  3.896483E-16 -2.578002E-04 -1.289001E-04
        50  4.455335E-16 -2.578002E-04 -1.289001E-04
        51  3.915166E-16 -2.578002E-04 -1.289001E-04
        52  2.295420E-16 -2.578002E-04 -1.289001E-04
        53  1.089621E-16 -2.578002E-04 -1.289001E-04
        54  1.749746E-17 -2.578002E-04 -1.289001E-04
        55  0.000000E+00 -2.578002E-04 -1.289001E-04
        56  0.000000E+00 -5.156004E-04 -1.289001E-04
        57  6.191260E-17 -5.156004E-04 -1.289001E-04
        58  2.680315E-16 -5.156004E-04 -1.289001E-04
        59  2.714162E-16 -5.156004E-04 -1.289001E-04
        60  3.249324E-16 -5.156004E-04 -1.289001E-04
        61  3.655757E-16 -5.156004E-04 -1.289001E-04
        62  3.771078E-16 -5.156004E-04 -1.289001E-04
        63  2.344741E-16 -5.156004E-04 -1.289001E-04
        64  1.274573E-16 -5.156004E-04 -1.289001E-04
        65  3.165241E-17 -5.156004E-04 -1.289001E-04
        66  0.000000E+00 -5.156004E-04 -1.289001E-04
        67  0.000000E+00  0.000000E+00 -2.578002E-04
        68  9.186489E-17  0.000000E+00 -2.578002E-04
        69  1.639675E-16  0.000000E+00 -2.578002E-04
        70  3.520621E-16  0.000000E+00 -2.578002E-04
        71  3.714431E-16  0.000000E+00 -2.578002E-04
        72  5.040722E-16  0.000000E+00 -2.578002E-04
        73  3.553031E-16  0.000000E+00 -2.578002E-04
        74  2.456855E-16  0.000000E+00 -2.578002E-04
        75  1.077428E-16  0.000000E+00 -2.578002E-04
        76  3.917583E-17  0.000000E+00 -2.578002E-04
        77  0.000000E+00  0.000000E+00 -2.578002E-04
        78  0.000000E+00 -2.578002E-04 -2.578002E-04
        79  1.180115E-16 -2.578002E-04 -2.578002E-04
        80  2.121970E-16 -2.578002E-04 -2.578002E-04
        81  2.785702E-16 -2.578002E-04 -2.578002E-04
        82  3.834492E-16 -2.578002E-04 -2.578002E-04
        83  4.072405E-16 -2.578002E-04 -2.578002E-04
        84  4.092764E-16 -2.578002E-04 -2.578002E-04
        85  2.275466E-16 -2.578002E-04 -2.578002E-04
        86  1.161021E-16 -2.578002E-04 -2.578002E-04
        87  2.580236E-17 -2.578002E-04 -2.578002E-04
        88  0.000000E+00 -2.578002E-04 -2.578002E-04
        89  0.000000E+00 -5.156004E-04 -2.578002E-04
        90  7.639888E-17 -5.156004E-04 -2.578002E-04
        91  2.417867E-16 -5.156004E-04 -2.578002E-04
        92  2.526573E-16 -5.156004E-04 -2.578002E-04
        93  3.300109E-16 -5.156004E-04 -2.578002E-04
        94  3.498205E-16 -5.156004E-04 -2.578002E-04
        95  3.670893E-16 -5.156004E-04 -2.578002E-04
        96  2.455830E-16 -5.156004E-04 -2.578002E-04
        97  1.265057E-16 -5.156004E-04 -2.578002E-04
        98  2.869534E-17 -5.156004E-04 -2.578002E-04
        99  0.000000E+00 -5.156004E-04 -2.578002E-04
       100  0.000000E+00  0.000000E+00  0.000000E+00
       101  0.000000E+00  0.000000E+00  0.000000E+00
       102  0.000000E+00  0.000000E+00  0.000000E+00
       103  0.000000E+00  0.000000E+00  0.000000E+00
       104  0.000000E+00  0.000000E+00  0.000000E+00
       105  0.000000E+00  0.000000E+00  0.000000E+00
       106  0.000000E+00  0.000000E+00  0.000000E+00
       107  0.000000E+00  0.000000E+00  0.000000E+00
       108  0.000000E+00  0.000000E+00  0.000000E+00
       109  0.000000E+00  0.000000E+00  0.000000E+00
       110  0.000000E+00  0.000000E+00  0.000000E+00
       111  0.000000E+00  0.000000E+00  0.000000E+00
       112  0.000000E+00  0.000000E+00  0.000000E+00
       113  0.000000E+00  0.000000E+00  0.000000E+00
       114  0.000000E+00  0.000000E+00  0.000000E+00
       115  0.000000E+00  0.000000E+00  0.000000E+00
       116  0.000000E+00  0.000000E+00  0.000000E+00
       117  0.000000E+00  0.000000E+00  0.000000E+00
       118  0.000000E+00  0.000000E+00  0.000000E+00
       119  0.000000E+00  0.000000E+00  0.000000E+00
       120  0.000000E+00  0.000000E+00  0.000000E+00
       121  0.000000E+00  0.000000E+00  0.000000E+00
       122  0.000000E+00  0.000000E+00  0.000000E+00
       123  0.000000E+00  0.000000E+00  0.000000E+00
       124  0.000000E+00  0.000000E+00  0.000000E+00
       125  0.000000E+00  0.000000E+00  0.000000E+00
       126  0.000000E+00  0.000000E+00  0.000000E+00
       127  0.000000E+00  0.000000E+00  0.000000E+00
       128  0.000000E+00  0.000000E+00  0.000000E+00
       129  0.000000E+00  0.000000E+00  0.000000E+00
       130  0.000000E+00  0.000000E+00  0.000000E+00
       131  0.000000E+00  0.000000E+00  0.000000E+00
       132  0.000000E+00  0.000000E+00  0.000000E+00
       133  0.000000E+00  0.000000E+00  0.000000E+00
       134  0.000000E+00  0.000000E+00  0.000000E+00
       135  0.000000E+00  0.000000E+00  0.000000E+00
       136  0.000000E+00  0.000000E+00  0.000000E+00
       137  0.000000E+00  0.000000E+00  0.000000E+00
       138  0.000000E+00  0.000000E+00  0.000000E+00
       139  0.000000E+00  0.000000E+00  0.000000E+00
       140  0.000000E+00  0.000000E+00  0.000000E+00
       141  0.000000E+00  0.000000E+00  0.000000E+00
       142  0.000000E+00  0.000000E+00  0.000000E+00
       143  0.000000E+00  0.000000E+00  0.000000E+00
       144  0.000000E+00  0.000000E+00  0.000000E+00
       145  0.000000E+00  0.000000E+00  0.000000E+00
       146  0.000000E+00  0.000000E+00  0.000000E+00
       147  0.000000E+00  0.000000E+00  0.000000E+00
       148  0.000000E+00  0.000000E+00  0.000000E+00
       149  0.000000E+00  0.000000E+00  0.000000E+00
       150  0.000000E+00  0.000000E+00  0.000000E+00
       151  0.000000E+00  0.000000E+00  0.000000E+00
       152  0.000000E+00  0.000000E+00  0.000000E+00
       153  0.000000E+00  0.000000E+00  0.000000E+00
       154  0.000000E+00  0.000000E+00  0.000000E+00
       155  0.000000E+00  0.000000E+00  0.000000E+00
       156  0.000000E+00  0.000000E+00  0.000000E+00
       157  0.000000E+00  0.000000E+00  0.000000E+00
       158  0.000000E+00  0.000000E+00  0.000000E+00
       159  0.000000E+00  0.000000E+00  0.000000E+00
       160  0.000000E+00  0.000000E+00  0.000000E+00
       161  0.000000E+00  0.000000E+00  0.000000E+00
       162  0.000000E+00  0.000000E+00  0.000000E+00
       163  0.000000E+00  0.000000E+00  0.000000E+00
       164  0.000000E+00  0.000000E+00  0.000000E+00
       165  0.000000E+00  0.000000E+00  0.000000E+00

 forces (fx,fy,fz) for set ALLN and time  0.2000000E+01

         1  2.489153E+01  2.945898E-12  5.494225E-12
         2 -4.056001E-12  3.827757E-12  9.179258E-12
         3  3.951686E-12  3.373588E-12  6.842568E-12
         4 -4.017655E-12  3.254641E-12  4.747946E-12
         5  1.006406E-12  3.434883E-13  4.176857E-13
         6  1.003917E-12  1.720333E-12  3.418584E-12
         7 -2.564014E-12  2.824579E-12  3.083310E-12
         8  1.728909E-12  3.861265E-12  6.200283E-13
         9  1.460755E-12  5.360601E-12  9.735606E-12
        10 -4.351850E-12  2.844509E-12  5.724917E-12
        11 -2.489153E+01  4.543934E-13 -2.400929E-12
        12  4.978306E+01 -5.096686E-13  9.503740E-12
        13 -1.095886E-11 -3.009678E-13  1.520229E-11
        14  1.060334E-11 -1.315779E-12  1.212516E-11
        15 -6.303553E-12 -1.924310E-12  4.383294E-12
        16  1.760362E-12  5.229313E-13  4.116345E-13
        17  1.648523E-12 -4.545585E-13  3.641754E-12
        18 -3.160347E-12  8.139002E-13  4.514095E-12
        19  1.935991E-12 -3.776431E-12  1.145019E-11
        20  1.818574E-12 -3.862957E-13  1.963273E-11
        21 -6.715530E-12 -9.192884E-13  9.232597E-12
        22 -4.978306E+01  1.358147E-12  2.950604E-12
        23  2.489153E+01 -1.918899E-12  9.723924E-13
        24 -5.081454E-12 -3.664023E-12  6.134333E-12
        25  5.017731E-12 -3.287837E-12  5.878554E-12
        26 -2.236135E-12 -6.746986E-13  1.805240E-12
        27  1.883528E-13 -4.070017E-13  6.629276E-13
        28  2.068884E-12 -1.931630E-12  3.399392E-13
        29 -2.082133E-12 -3.194193E-12  5.624155E-12
        30 -7.510996E-14  5.944355E-13  5.427096E-12
        31  1.650005E-12 -4.919773E-12  9.637808E-12
        32 -3.316458E-12 -2.280667E-12  4.538755E-12
        33 -2.489153E+01 -9.336888E-13  2.073906E-12
        34  4.978306E+01  4.753160E-12 -9.178965E-13
        35 -2.747375E-12  8.593583E-12  1.947588E-12
        36 -8.061211E-12  7.043445E-12 -1.654711E-12
        37  2.107982E-12  6.914723E-12 -5.457382E-12
        38  1.584829E-12  2.651753E-12 -6.378437E-14
        39  1.672301E-12  2.737264E-12 -2.058271E-12
        40 -3.151724E-12  3.654684E-12 -2.043149E-12
        41  1.876253E-12  6.638570E-12  5.301872E-12
        42  1.660311E-12  7.469569E-12 -1.052359E-11
        43 -6.285750E-12  4.048771E-12 -1.110840E-12
        44 -4.978306E+01  1.043472E-12  4.718833E-12
        45  9.956612E+01 -3.745897E-13 -8.234846E-12
        46 -1.696857E-11 -2.326831E-12 -4.333701E-13
        47  1.388096E-11 -2.504308E-12  3.579097E-13
        48 -1.078926E-11 -3.423561E-12 -4.643960E-13
        49  2.085425E-12  7.565225E-13 -1.712814E-13
        50 -2.342566E-12 -5.038223E-12 -6.969731E-12
        51  5.477821E-13  1.918301E-12  4.396997E-12
        52  5.172267E-13 -7.015319E-12 -1.309774E-11
        53  3.093768E-12 -6.068389E-13 -2.279886E-11
        54 -1.071205E-11 -2.976221E-12 -1.200986E-11
        55 -9.956612E+01  1.209151E-12  1.356416E-13
        56  4.978306E+01 -3.848804E-12  3.901661E-12
        57 -1.108537E-11 -7.269821E-12  7.349255E-13
        58  1.007960E-11 -6.711642E-12 -6.068488E-14
        59 -4.180816E-12 -1.360241E-12  2.493999E-13
        60  1.500680E-13 -8.796386E-13  2.144107E-12
        61 -1.973560E-12 -6.237241E-14 -2.818402E-12
        62  1.959839E-12 -4.266009E-12 -3.318984E-12
        63 -4.369834E-13  1.412039E-12 -5.514019E-12
        64  3.110335E-12 -7.374374E-12 -4.464969E-12
        65 -6.139643E-12 -3.160503E-12 -2.796228E-12
        66 -4.978306E+01 -1.594141E-12 -9.082791E-14
        67  2.489153E+01  1.861128E-12 -4.146679E-12
        68 -8.776410E-13  4.671447E-12 -9.865026E-12
        69 -5.335755E-12  4.324231E-12 -6.906464E-12
        70  1.853749E-12  3.126355E-12  1.742817E-12
        71  1.635573E-13  2.035083E-12 -2.613315E-13
        72  5.381947E-13  5.063981E-14 -2.432379E-12
        73 -2.266281E-13 -6.990933E-13  1.800425E-13
        74  5.586946E-14  3.014632E-12 -5.945353E-12
        75  2.093791E-13  2.360742E-12  8.391941E-13
        76 -2.375325E-12  2.000775E-12 -5.161739E-12
        77 -2.489153E+01  8.949681E-13 -1.760471E-12
        78  4.978306E+01 -6.228877E-14 -1.748342E-12
        79 -4.874553E-12 -1.768650E-12 -1.462742E-11
        80  3.316962E-12 -1.262801E-12 -1.376440E-11
        81 -5.808365E-12 -1.692529E-12 -1.935774E-12
        82  7.073674E-14  4.151457E-13 -1.451106E-12
        83 -1.962462E-12 -2.833921E-12  3.339617E-13
        84  3.075044E-12  2.927427E-12 -6.932398E-12
        85 -2.702147E-12 -3.921133E-12  1.648981E-12
        86  1.582769E-12 -1.452153E-12  3.414789E-12
        87 -4.491049E-12 -7.084259E-13  1.904780E-12
        88 -4.978306E+01  5.590132E-13 -1.844046E-12
        89  2.489153E+01 -1.789479E-12 -4.010862E-12
        90 -5.741131E-12 -3.574842E-12 -7.303862E-12
        91  4.855360E-12 -3.675365E-12 -6.039967E-12
        92 -2.118377E-12 -6.674236E-13 -1.530268E-12
        93 -1.295387E-12 -5.581738E-13 -1.219656E-12
        94 -1.224943E-13  6.901048E-13  9.608928E-13
        95  1.660947E-12 -2.475470E-12 -3.355079E-12
        96 -1.196041E-12  1.167396E-12  1.065346E-12
        97  2.078931E-12 -1.279516E-12 -5.279269E-12
        98 -2.733684E-12 -2.334814E-12 -2.771505E-12
        99 -2.489153E+01 -6.953363E-13 -1.618912E-12
       100  0.000000E+00  0.000000E+00  0.000000E+00
       101  0.000000E+00  0.000000E+00  0.000000E+00
       102  0.000000E+00  0.000000E+00  0.000000E+00
       103  0.000000E+00  0.000000E+00  0.000000E+00
       104  0.000000E+00  0.000000E+00  0.000000E+00
       105  0.000000E+00  0.000000E+00  0.000000E+00
       106  0.000000E+00  0.000000E+00  0.000000E+00
       107  0.000000E+00  0.000000E+00  0.000000E+00
       108  0.000000E+00  0.000000E+00  0.000000E+00
       109  0.000000E+00  0.000000E+00  0.000000E+00
       110  0.000000E+00  0.000000E+00  0.000000E+00
       111  0.000000E+00  0.000000E+00  0.000000E+00
       112  0.000000E+00  0.000000E+00  0.000000E+00
       113  0.000000E+00  0.000000E+00  0.000000E+00
       114  0.000000E+00  0.000000E+00  0.000000E+00
       115  0.000000E+00  0.000000E+00  0.000000E+00
       116  0.000000E+00  0.000000E+00  0.000000E+00
       117  0.000000E+00  0.000000E+00  0.000000E+00
       118  0.000000E+00  0.000000E+00  0.000000E+00
       119  0.000000E+00  0.000000E+00  0.000000E+00
       120  0.000000E+00  0.000000E+00  0.000000E+00
       121  0.000000E+00  0.000000E+00  0.000000E+00
       122  0.000000E+00  0.000000E+00  0.000000E+00
       123  0.000000E+00  0.000000E+00  0.000000E+00
       124  0.000000E+00  0.000000E+00  0.000000E+00
       125  0.000000E+00  0.000000E+00  0.000000E+00
       126  0.000000E+00  0.000000E+00  0.000000E+00
       127  0.000000E+00  0.000000E+00  0.000000E+00
       128  0.000000E+00  0.000000E+00  0.000000E+00
       129  0.000000E+00  0.000000E+00  0.000000E+00
       130  0.000000E+00  0.000000E+00  0.000000E+00
       131  0.000000E+00  0.000000E+00  0.000000E+00
       132  0.000000E+00  0.000000E+00  0.000000E+00
       133  0.000000E+00  0.000000E+00  0.000000E+00
       134  0.000000E+00  0.000000E+00  0.000000E+00
       135  0.000000E+00  0.000000E+00  0.000000E+00
       136  0.000000E+00  0.000000E+00  0.000000E+00
       137  0.000000E+00  0.000000E+00  0.000000E+00
       138  0.000000E+00  0.000000E+00  0.000000E+00
       139  0.000000E+00  0.000000E+00  0.000000E+00
       140  0.000000E+00  0.000000E+00  0.000000E+00
       141  0.000000E+00  0.000000E+00  0.000000E+00
       142  0.000000E+00  0.000000E+00  0.000000E+00
       143  0.000000E+00  0.000000E+00  0.000000E+00
       144  0.000000E+00  0.000000E+00  0.000000E+00
       145  0.000000E+00  0.000000E+00  0.000000E+00
       146  0.000000E+00  0.000000E+00  0.000000E+00
       147  0.000000E+00  0.000000E+00  0.000000E+00
       148  0.000000E+00  0.000000E+00  0.000000E+00
       149  0.000000E+00  0.000000E+00  0.000000E+00
       150  0.000000E+00  0.000000E+00  0.000000E+00
       151  0.000000E+00  0.000000E+00  0.000000E+00
       152  0.000000E+00  0.000000E+00  0.000000E+00
       153  0.000000E+00  0.000000E+00  0.000000E+00
       154  0.000000E+00  0.000000E+00  0.000000E+00
       155  0.000000E+00  0.000000E+00  0.000000E+00
       156  0.000000E+00  0.000000E+00  0.000000E+00
       157  0.000000E+00  0.000000E+00  0.000000E+00
       158  0.000000E+00  0.000000E+00  0.000000E+00
       159  0.000000E+00  0.000000E+00  0.000000E+00
       160  0.000000E+00  0.000000E+00  0.000000E+00
       161  0.000000E+00  0.000000E+00  0.000000E+00
       162  0.000000E+00  0.000000E+00  0.000000E+00
       163  0.000000E+00  0.000000E+00  0.000000E+00
       164  0.000000E+00  0.000000E+00  0.000000E+00
       165  0.000000E+00  0.000000E+00  0.000000E+00

 stresses (elem, integ.pnt.,sxx,syy,szz,sxy,sxz,syz) for set ALLE and time  0.2000000E+01

         1   1 -1.992350E+02 -2.179945E-11 -2.179945E-11 -3.931544E-13 -1.424967E-13 -2.504375E-13
         1   2 -1.992350E+02 -2.179945E-11 -2.179945E-11 -1.480724E-12  1.421333E-13 -1.813246E-13
         1   3 -1.992350E+02 -2.179945E-11 -2.179945E-11 -3.761832E-13  3.799190E-13 -5.421218E-13
         1   4 -1.992350E+02 -2.179945E-11 -2.179945E-11 -1.463753E-12  1.743591E-12 -6.118312E-13
         1   5 -1.992350E+02 -2.179945E-11 -2.179945E-11 -2.171583E-13 -8.042820E-13 -6.440199E-13
         1   6 -1.992350E+02 -2.179945E-11 -2.179945E-11 -7.548339E-13 -5.196520E-13 -2.524919E-13
         1   7 -1.992350E+02 -2.179945E-11 -2.179945E-11 -2.713763E-13  4.027401E-14 -9.357042E-13
         1   8 -1.992350E+02 -2.179945E-11 -2.179945E-11 -8.090519E-13  1.410289E-12 -6.829985E-13
         2   1 -1.992350E+02 -7.943868E-12 -7.943868E-12 -9.425974E-13 -7.854812E-13 -1.352813E-13
         2   2 -1.992350E+02 -7.943868E-12 -7.943868E-12  2.585397E-12 -4.446950E-12 -7.566153E-14
         2   3 -1.992350E+02 -7.943868E-12 -7.943868E-12 -1.926635E-12  1.014929E-12 -5.361675E-13
         2   4 -1.992350E+02 -7.943868E-12 -7.943868E-12  1.605938E-12 -2.718872E-12 -2.499074E-13
         2   5 -1.992350E+02 -2.179945E-11 -2.179945E-11  1.114032E-14 -6.620884E-13 -1.089524E-13
         2   6 -1.992350E+02 -2.179945E-11 -2.179945E-11  3.500696E-12 -4.308010E-12 -1.029667E-13
         2   7 -1.992350E+02 -7.943868E-12 -7.943868E-12 -8.592731E-13  1.095896E-12 -5.083950E-13
         2   8 -1.992350E+02 -7.943868E-12 -7.943868E-12  2.638792E-12 -2.672154E-12 -2.765086E-13
         3   1 -1.992350E+02 -2.179945E-11 -2.179945E-11  3.541310E-12 -3.083611E-12  6.675043E-15
         3   2 -1.992350E+02 -2.179945E-11 -2.179945E-11  3.611887E-13  2.985720E-12  1.702114E-13
         3   3 -1.992350E+02 -2.179945E-11 -2.179945E-11  4.876367E-12 -2.436105E-12 -6.677253E-14
         3   4 -1.992350E+02 -7.489120E-12  7.275958E-12  1.696086E-12  3.164591E-13  1.430275E-13
         3   5 -1.992350E+02 -7.943868E-12 -7.943868E-12  3.796672E-12 -1.617486E-12  1.010862E-13
         3   6 -1.992350E+02 -7.943868E-12 -7.943868E-12 -1.101471E-12  4.550718E-12  6.501615E-13
         3   7 -1.992350E+02 -2.179945E-11 -2.179945E-11  5.158409E-12 -5.843345E-13  2.763860E-14
         3   8 -1.992350E+02 -7.489120E-12  7.275958E-12  2.654817E-13  2.178660E-12  6.263364E-13
         4   1 -1.992350E+02 -7.929657E-12 -7.929657E-12 -5.406076E-13  2.941379E-12  1.687898E-13
         4   2 -1.992350E+02 -7.929657E-12 -7.929657E-12 -7.095136E-13 -1.851491E-12  1.117910E-14
         4   3 -1.992350E+02 -7.929657E-12 -7.929657E-12  1.572798E-12  2.641308E-14  4.291104E-14
         4   4 -1.992350E+02 -7.929657E-12 -7.929657E-12  1.400156E-12 -1.698261E-12 -4.362716E-13
         4   5 -1.992350E+02 -2.223999E-11 -7.474910E-12 -2.088907E-12  2.731863E-12  7.497902E-13
         4   6 -1.992350E+02 -7.929657E-12 -7.929657E-12 -5.566287E-13 -2.055792E-12  4.870282E-13
         4   7 -1.992350E+02 -2.223999E-11 -7.474910E-12 -1.479228E-13 -3.702542E-13  6.317589E-13
         4   8 -1.992350E+02 -7.929657E-12 -7.929657E-12  1.372127E-12 -2.097673E-12  3.975602E-14
         5   1 -1.992350E+02  6.821210E-12  6.821210E-12 -1.323212E-12 -2.214550E-12 -1.329404E-13
         5   2 -1.992350E+02  6.821210E-12  6.821210E-12 -1.550623E-12  1.108631E-12 -3.663129E-13
         5   3 -1.992350E+02  6.821210E-12  6.821210E-12 -5.694019E-13 -1.556846E-12 -7.654578E-13
         5   4 -1.992350E+02  6.821210E-12  6.821210E-12 -7.671241E-13 -1.244911E-13 -1.191624E-12
         5   5 -1.992350E+02  6.821210E-12  6.821210E-12 -9.193851E-13 -1.525483E-12  1.404287E-13
         5   6 -1.992350E+02  6.821210E-12  6.821210E-12 -2.074627E-12  1.634265E-12 -5.412194E-13
         5   7 -1.992350E+02  6.821210E-12  6.821210E-12 -2.597523E-13 -1.316285E-12 -4.920887E-13
         5   8 -1.992350E+02  6.821210E-12  6.821210E-12 -1.421338E-12  1.986583E-13 -1.364796E-12
         6   1 -1.992350E+02 -2.222578E-11 -2.222578E-11 -8.578100E-13  1.884279E-12 -2.512169E-13
         6   2 -1.992350E+02 -2.222578E-11 -2.222578E-11  9.776368E-13  6.141479E-13  2.993627E-13
         6   3 -1.992350E+02 -2.222578E-11 -2.222578E-11  3.453571E-13  7.553730E-13 -8.089677E-13
         6   4 -1.992350E+02 -7.929657E-12  6.835421E-12  2.185088E-12  8.912608E-13  6.359814E-13
         6   5 -1.992350E+02 -2.222578E-11 -2.222578E-11 -1.382252E-12  2.893043E-12 -3.718600E-13
         6   6 -1.992350E+02 -2.222578E-11 -2.222578E-11  1.176867E-12  1.671527E-12  7.816731E-13
         6   7 -1.992350E+02 -2.222578E-11 -2.222578E-11  3.047851E-13  2.288102E-12 -9.340406E-13
         6   8 -1.992350E+02 -7.929657E-12  6.835421E-12  2.840361E-12  2.551106E-12  1.113481E-12
         7   1 -1.992350E+02 -7.929657E-12  6.835421E-12  3.505466E-13 -2.579577E-13  3.416619E-13
         7   2 -1.992350E+02 -7.929657E-12  6.835421E-12 -1.003187E-12  1.321337E-14 -8.425132E-14
         7   3 -1.992350E+02 -7.929657E-12  6.835421E-12 -3.426307E-13  2.567964E-13  8.164165E-13
         7   4 -1.992350E+02 -2.222578E-11 -2.222578E-11 -1.729683E-12  3.455569E-13 -1.313208E-13
         7   5 -1.992350E+02  6.409095E-12  6.409095E-12  5.537371E-13 -2.873019E-13  8.090774E-13
         7   6 -1.992350E+02 -7.929657E-12  6.835421E-12 -7.071216E-13 -1.191214E-13 -2.639882E-13
         7   7 -1.992350E+02  6.409095E-12  6.409095E-12 -3.952184E-13 -4.106715E-13  1.287276E-12
         7   8 -1.992350E+02 -2.222578E-11 -2.222578E-11 -1.633387E-12 -5.161206E-13 -3.074908E-13
         8   1 -1.992350E+02 -7.929657E-12  6.835421E-12 -1.274712E-12 -2.071184E-13 -2.150487E-13
         8   2 -1.992350E+02 -2.222578E-11 -2.222578E-11 -7.684301E-13 -5.217107E-13 -1.407727E-13
         8   3 -1.992350E+02 -2.222578E-11 -2.222578E-11 -1.617410E-12  3.645637E-13 -4.824606E-13
         8   4 -1.992350E+02 -2.222578E-11 -2.222578E-11 -1.073251E-12  1.902392E-13 -4.937666E-13
         8   5 -1.992350E+02 -7.929657E-12  6.835421E-12 -8.985363E-13 -3.795899E-13 -5.260481E-13
         8   6 -1.992350E+02 -2.222578E-11 -2.222578E-11 -6.605307E-13 -8.256862E-13 -1.747434E-13
         8   7 -1.992350E+02 -2.222578E-11 -2.222578E-11 -1.280235E-12  3.386517E-13 -7.952631E-13
         8   8 -1.992350E+02 -2.222578E-11 -2.222578E-11 -1.024115E-12  1.498104E-13 -5.218875E-13
         9   1 -1.992350E+02 -2.222578E-11 -2.222578E-11 -9.853326E-13  5.590757E-14 -1.415805E-13
         9   2 -1.992350E+02 -2.222578E-11 -2.222578E-11 -1.394447E-12  6.807366E-13 -2.134562E-13
         9   3 -1.992350E+02 -2.222578E-11 -2.222578E-11 -2.052705E-12  1.129861E-13 -4.034700E-13
         9   4 -1.992350E+02 -7.474910E-12 -7.474910E-12 -2.413511E-12  8.412854E-13 -1.393560E-13
         9   5 -1.992350E+02 -2.222578E-11 -2.222578E-11 -9.074009E-13  1.255462E-13 -2.658305E-13
         9   6 -1.992350E+02 -2.222578E-11 -2.222578E-11 -1.217237E-12  6.294265E-13 -8.707267E-13
         9   7 -1.992350E+02 -2.222578E-11 -2.222578E-11 -1.809005E-12 -5.240042E-13 -5.295416E-13
         9   8 -1.992350E+02 -7.474910E-12 -7.474910E-12 -2.127015E-12  4.182619E-13 -7.928248E-13
        10   1 -1.992350E+02 -7.929657E-12 -7.929657E-12 -1.262518E-13  8.779687E-13 -2.150696E-13
        10   2 -1.992350E+02  6.394885E-12  2.115996E-11  5.522958E-13  5.300711E-13 -1.428696E-13
        10   3 -1.992350E+02 -7.929657E-12 -7.929657E-12  1.919809E-12  1.189925E-12 -9.276685E-14
        10   4 -1.992350E+02 -7.929657E-12 -7.929657E-12  2.487287E-12  5.467981E-13 -2.109058E-13
        10   5 -1.992350E+02 -7.929657E-12 -7.929657E-12 -1.757490E-13  1.294183E-12 -9.252698E-13
        10   6 -1.992350E+02  6.394885E-12  2.115996E-11  4.934889E-13  1.096756E-12 -4.708837E-13
        10   7 -1.992350E+02 -7.929657E-12 -7.929657E-12  1.779106E-12  2.064987E-12 -7.988381E-13
        10   8 -1.992350E+02 -7.929657E-12 -7.929657E-12  2.384911E-12  1.363792E-12 -5.357452E-13
        11   1 -1.992350E+02 -2.179945E-11 -2.179945E-11 -3.167153E-13  2.548159E-13 -9.610084E-14
        11   2 -1.992350E+02 -2.179945E-11 -2.179945E-11 -5.144996E-13  1.581999E-12 -4.000409E-13
        11   3 -1.992350E+02 -7.489120E-12  7.275958E-12 -1.070069E-12 -5.911987E-13 -1.165368E-12
        11   4 -1.992350E+02 -2.179945E-11 -2.179945E-11 -1.267853E-12 -4.691208E-13 -5.326516E-13
        11   5 -1.992350E+02 -2.179945E-11 -2.179945E-11 -4.899904E-13 -3.747259E-13  2.056989E-12
        11   6 -1.992350E+02 -2.179945E-11 -2.179945E-11 -1.281857E-12  9.543861E-13  6.466491E-13
        11   7 -1.992350E+02 -7.489120E-12  7.275958E-12 -7.706887E-13 -2.329201E-12  9.952393E-13
        11   8 -1.992350E+02 -2.179945E-11 -2.179945E-11 -1.562555E-12 -2.215297E-12  5.140384E-13
        12   1 -1.992350E+02 -7.943868E-12 -7.943868E-12 -1.351836E-12  1.239531E-12 -4.214419E-13
        12   2 -1.992350E+02 -7.943868E-12 -7.943868E-12 -9.577572E-13 -1.732503E-12 -1.334619E-13
        12   3 -1.992350E+02 -7.943868E-12 -7.943868E-12  1.263439E-13  2.815922E-14 -3.460056E-13
        12   4 -1.992350E+02 -7.943868E-12 -7.943868E-12  5.184595E-13 -7.315697E-13 -4.645542E-13
        12   5 -1.992350E+02 -7.943868E-12 -7.943868E-12 -1.865926E-12  1.400215E-12  2.740360E-13
        12   6 -1.992350E+02 -7.943868E-12 -7.943868E-12 -3.561983E-13 -1.631227E-12  7.014170E-13
        12   7 -1.992350E+02 -7.943868E-12 -7.943868E-12 -5.962827E-13  2.889113E-13  3.456079E-13
        12   8 -1.992350E+02 -7.943868E-12 -7.943868E-12  9.155947E-13 -4.469990E-13  3.687258E-13
        13   1 -1.992350E+02 -2.179945E-11 -2.179945E-11  2.547572E-12 -1.770791E-12 -4.798157E-14
        13   2 -1.992350E+02  6.821210E-12  6.821210E-12  1.484306E-12 -7.027462E-13 -9.513981E-14
        13   3 -1.992350E+02 -2.179945E-11 -2.179945E-11  3.310934E-12 -5.201422E-13 -4.804495E-13
        13   4 -1.992350E+02  6.821210E-12  6.821210E-12  2.242560E-12 -1.141969E-13 -4.381271E-13
        13   5 -1.992350E+02 -2.179945E-11 -2.179945E-11  3.338825E-12  3.634752E-14  6.557174E-13
        13   6 -1.992350E+02  6.821210E-12  6.821210E-12  1.868700E-12  1.087726E-12  8.464819E-14
        13   7 -1.992350E+02 -2.179945E-11 -2.179945E-11  4.142845E-12  7.694761E-13  2.218713E-13
        13   8 -1.992350E+02  6.821210E-12  6.821210E-12  2.679766E-12  1.189512E-12 -2.589115E-13
        14   1 -1.992350E+02 -7.929657E-12 -7.929657E-12  1.500255E-12 -9.877500E-13 -1.156638E-13
        14   2 -1.992350E+02 -7.929657E-12 -7.929657E-12 -3.948314E-13 -1.066009E-12 -9.050538E-14
        14   3 -1.992350E+02 -7.929657E-12 -7.929657E-12  1.500103E-12 -3.003623E-13  1.074495E-13
        14   4 -1.992350E+02 -7.929657E-12 -7.929657E-12 -3.963396E-13 -5.448744E-14  1.546509E-12
        14   5 -1.992350E+02 -7.929657E-12 -7.929657E-12  1.751070E-12 -1.262448E-12 -5.664572E-14
        14   6 -1.992350E+02 -7.929657E-12 -7.929657E-12  1.523985E-13 -1.376344E-12  1.277595E-13
        14   7 -1.992350E+02 -7.929657E-12 -7.929657E-12  2.469527E-12 -4.377566E-13  1.496802E-13
        14   8 -1.992350E+02 -7.929657E-12 -7.929657E-12  8.853725E-13 -7.940757E-14  1.757442E-12
        15   1 -1.992350E+02  6.821210E-12  6.821210E-12 -2.768092E-12 -1.236617E-12 -2.617452E-13
        15   2 -1.992350E+02  6.821210E-12  6.821210E-12 -1.319574E-12 -1.607382E-12 -7.031821E-13
        15   3 -1.992350E+02  6.821210E-12  6.821210E-12 -2.363992E-12 -8.563343E-13  1.815621E-12
        15   4 -1.992350E+02  6.821210E-12  6.821210E-12 -9.321404E-13 -3.850409E-12  1.079294E-12
        15   5 -1.992350E+02  6.821210E-12  6.821210E-12 -2.840636E-12 -1.189958E-12 -3.201571E-15
        15   6 -1.992350E+02  6.821210E-12  6.821210E-12 -2.679177E-12 -1.500186E-12 -4.969910E-13
        15   7 -1.992350E+02  6.821210E-12  6.821210E-12 -2.571365E-12 -8.610842E-13  2.071937E-12
        15   8 -1.992350E+02  6.821210E-12  6.821210E-12 -2.416249E-12 -3.881510E-12  1.278917E-12
        16   1 -1.992350E+02 -2.222578E-11 -2.222578E-11  1.161859E-13 -4.622703E-13 -6.168695E-13
        16   2 -1.992350E+02 -2.222578E-11 -2.222578E-11  2.542555E-13  1.328282E-12  6.635952E-14
        16   3 -1.992350E+02 -2.222578E-11 -2.222578E-11  1.128285E-12 -2.877256E-12  4.406362E-13
        16   4 -1.992350E+02 -2.222578E-11 -2.222578E-11  1.224405E-12  2.586161E-12 -5.982347E-13
        16   5 -1.992350E+02 -7.929657E-12 -7.929657E-12 -4.510988E-13  1.107772E-12 -6.781181E-13
        16   6 -1.992350E+02 -7.929657E-12 -7.929657E-12  1.423158E-12  2.841661E-12 -6.954212E-13
        16   7 -1.992350E+02  6.821210E-12  6.821210E-12 -3.378109E-13 -1.943065E-12  3.760700E-13
        16   8 -1.992350E+02  6.821210E-12  6.821210E-12  1.537361E-12  3.406048E-12 -1.339320E-12
        17   1 -1.992350E+02 -7.929657E-12  6.835421E-12 -1.990134E-12  9.680244E-13  2.147355E-13
        17   2 -1.992350E+02  6.835421E-12 -7.929657E-12 -2.341439E-13  7.890044E-13 -3.787318E-14
        17   3 -1.992350E+02 -2.222578E-11 -2.222578E-11  2.577707E-13  3.286328E-12 -5.829841E-13
        17   4 -1.992350E+02  6.835421E-12 -7.929657E-12  2.008498E-12  1.075732E-12  4.629200E-13
        17   5 -1.992350E+02 -7.929657E-12  6.835421E-12 -1.203359E-12  2.578344E-13 -6.313474E-13
        17   6 -1.992350E+02  6.835421E-12 -7.929657E-12 -3.338065E-13  1.699082E-13 -4.102633E-13
        17   7 -1.992350E+02 -2.222578E-11 -2.222578E-11  1.672234E-12  2.948609E-12 -1.439233E-12
        17   8 -1.992350E+02  6.835421E-12 -7.929657E-12  2.600770E-12  6.890968E-13  7.219295E-14
        18   1 -1.992350E+02  6.835421E-12 -7.929657E-12 -3.886731E-13  6.040858E-13 -2.000323E-13
        18   2 -1.992350E+02 -2.222578E-11 -2.222578E-11  2.133383E-13 -6.393719E-14 -3.575081E-13
        18   3 -1.992350E+02  6.835421E-12 -7.929657E-12 -2.567593E-12 -6.299764E-15  8.755885E-13
        18   4 -1.992350E+02 -2.222578E-11 -2.222578E-11 -1.982111E-12 -2.937552E-13  1.018638E-12
        18   5 -1.992350E+02  6.835421E-12 -7.929657E-12 -5.306349E-13  7.658320E-13 -5.484456E-13
        18   6 -1.992350E+02 -2.222578E-11 -2.222578E-11  6.376490E-14 -1.353129E-13 -1.080124E-12
        18   7 -1.992350E+02  6.835421E-12 -7.929657E-12 -2.567792E-12 -4.315090E-13  5.271936E-13
        18   8 -1.992350E+02 -2.222578E-11 -2.222578E-11 -2.012367E-12 -7.461679E-13  2.900142E-13
        19   1 -1.992350E+02 -2.222578E-11 -2.222578E-11  3.163287E-13 -1.367763E-13 -3.047333E-13
        19   2 -1.992350E+02 -7.474910E-12 -7.474910E-12 -1.974752E-13  2.294194E-13  5.126140E-14
        19   3 -1.992350E+02 -2.222578E-11 -2.222578E-11  1.831785E-12 -3.259657E-13  9.104323E-13
        19   4 -1.992350E+02 -7.474910E-12 -7.474910E-12  1.197822E-12 -1.550054E-13  4.561399E-13
        19   5 -1.992350E+02 -2.222578E-11 -2.222578E-11  2.968224E-13 -8.765211E-13 -1.080978E-12
        19   6 -1.992350E+02 -7.474910E-12 -7.474910E-12 -3.567456E-13 -1.694303E-13 -5.455846E-13
        19   7 -1.992350E+02 -2.222578E-11 -2.222578E-11  1.418282E-12 -8.986665E-13  1.289351E-13
        19   8 -1.992350E+02 -7.474910E-12 -7.474910E-12  7.819136E-13 -6.806203E-13 -1.437638E-13
        20   1 -1.992350E+02 -7.929657E-12 -7.929657E-12  3.137871E-12  1.027551E-12  1.088338E-13
        20   2 -1.992350E+02 -7.929657E-12 -7.929657E-12  2.610857E-12  6.361020E-13 -9.871183E-14
        20   3 -1.992350E+02 -7.929657E-12 -7.929657E-12  2.423578E-13  2.602638E-13  3.357449E-13
        20   4 -1.992350E+02 -7.929657E-12 -7.929657E-12 -2.329635E-13  4.475152E-13  4.863440E-13
        20   5 -1.992350E+02 -7.929657E-12 -7.929657E-12  2.797087E-12  1.930141E-12 -4.305998E-13
        20   6 -1.992350E+02 -7.929657E-12 -7.929657E-12  2.520843E-12  1.597612E-12 -6.813621E-13
        20   7 -1.992350E+02 -7.929657E-12 -7.929657E-12  6.375428E-14  1.288723E-12 -1.998772E-13
        20   8 -1.992350E+02 -7.929657E-12 -7.929657E-12 -3.339899E-13  1.354474E-12 -9.796520E-14
        21   1 -1.992350E+02 -2.179945E-11 -2.179945E-11 -3.496153E-15 -9.509554E-13 -6.025313E-13
        21   2 -1.992350E+02 -2.179945E-11 -2.179945E-11 -4.665505E-14 -1.125355E-12 -3.783880E-13
        21   3 -1.992350E+02 -7.489120E-12  7.275958E-12  2.475872E-14 -3.451833E-13 -1.581620E-12
        21   4 -1.992350E+02 -2.179945E-11 -2.179945E-11 -1.840018E-14  1.149967E-12 -7.658457E-13
        21   5 -1.992350E+02 -2.179945E-11 -2.179945E-11  4.011007E-13 -2.601709E-13  5.974517E-13
        21   6 -1.992350E+02 -2.179945E-11 -2.179945E-11  1.181212E-12 -4.345705E-13 -6.832250E-13
        21   7 -1.992350E+02 -7.489120E-12  7.275958E-12  7.257561E-13 -1.153051E-12 -3.816372E-13
        21   8 -1.992350E+02 -2.179945E-11 -2.179945E-11  1.509496E-12  3.430144E-13 -1.070683E-12
        22   1 -1.992350E+02 -2.179945E-11 -2.179945E-11  7.009602E-13 -7.622779E-13 -2.097969E-13
        22   2 -1.992350E+02 -2.179945E-11 -2.179945E-11  3.604097E-12 -1.523909E-12  2.567983E-14
        22   3 -1.992350E+02 -7.943868E-12 -7.943868E-12 -1.106156E-13  1.150609E-12 -3.431588E-13
        22   4 -1.992350E+02 -7.943868E-12 -7.943868E-12  2.788759E-12 -2.624589E-12  2.064469E-15
        22   5 -1.992350E+02 -2.179945E-11 -2.179945E-11  1.586706E-12 -2.095033E-12 -7.760994E-13
        22   6 -1.992350E+02 -2.179945E-11 -2.179945E-11  2.988839E-12 -2.845143E-12  2.529023E-13
        22   7 -1.992350E+02 -2.179945E-11 -2.179945E-11  8.296124E-13  6.183235E-13 -9.090728E-13
        22   8 -1.992350E+02 -2.179945E-11 -2.179945E-11  2.227552E-12 -3.147359E-12  2.323500E-13
        23   1 -1.992350E+02 -7.943868E-12 -7.943868E-12  3.484170E-12  1.692394E-12  2.335620E-13
        23   2 -1.992350E+02  6.380674E-12  2.114575E-11 -1.847292E-12  1.864011E-12  5.609539E-13
        23   3 -1.992350E+02 -2.179945E-11 -2.179945E-11  4.784825E-12  1.193016E-13  1.025587E-13
        23   4 -1.992350E+02 -7.489120E-12  7.275958E-12 -5.617105E-13  1.285162E-12  3.694427E-14
        23   5 -1.992350E+02 -7.943868E-12 -7.943868E-12  2.396872E-12  3.448941E-12  5.523025E-13
        23   6 -1.992350E+02  6.380674E-12  2.114575E-11 -2.468501E-12  3.519855E-12  3.434386E-13
        23   7 -1.992350E+02 -2.179945E-11 -2.179945E-11  3.503718E-12  1.342225E-12  4.212992E-13
        23   8 -1.992350E+02 -7.489120E-12  7.275958E-12 -1.356440E-12  2.518515E-12 -1.754897E-13
        24   1 -1.992350E+02 -2.223999E-11 -7.474910E-12 -2.688923E-12 -1.833316E-12  5.774670E-13
        24   2 -1.992350E+02 -7.929657E-12 -7.929657E-12 -3.515212E-13 -2.756431E-12  2.987217E-13
        24   3 -1.992350E+02 -2.223999E-11 -7.474910E-12 -8.184129E-13 -2.260676E-12 -8.976093E-14
        24   4 -1.992350E+02 -7.929657E-12 -7.929657E-12  1.544287E-12 -2.027528E-12 -4.025952E-13
        24   5 -1.992350E+02 -2.223999E-11 -7.474910E-12 -2.835443E-12 -1.533428E-12  7.333211E-14
        24   6 -1.992350E+02 -7.929657E-12 -7.929657E-12  2.457131E-13 -2.509395E-12 -4.504408E-13
        24   7 -1.992350E+02 -2.223999E-11 -7.474910E-12 -9.424243E-13 -2.180570E-12 -6.029257E-13
        24   8 -1.992350E+02 -7.929657E-12 -7.929657E-12  2.100641E-12 -1.802316E-12 -1.151342E-12
        25   1 -1.992350E+02 -7.929657E-12  6.821210E-12 -7.311607E-13 -1.326956E-12  4.406195E-14
        25   2 -1.992350E+02  6.821210E-12  6.821210E-12 -2.791678E-12  4.968247E-13 -3.677642E-13
        25   3 -1.992350E+02 -7.929657E-12  6.821210E-12 -2.214329E-13 -8.813196E-13 -8.965947E-13
        25   4 -1.992350E+02  6.821210E-12  6.821210E-12 -2.346680E-12 -2.034018E-12 -1.955530E-12
        25   5 -1.992350E+02 -7.929657E-12  6.821210E-12 -5.740168E-13 -2.099224E-12 -1.886409E-13
        25   6 -1.992350E+02  6.821210E-12  6.821210E-12 -4.105254E-12 -2.704100E-13  1.048946E-12
        25   7 -1.992350E+02 -7.929657E-12  6.821210E-12 -3.861424E-13 -5.910902E-15 -1.129298E-12
        25   8 -1.992350E+02  6.821210E-12  6.821210E-12 -3.926895E-12 -1.198500E-12 -5.235864E-13
        26   1 -1.992350E+02 -2.222578E-11 -2.222578E-11 -1.797906E-12  2.613382E-12 -2.336951E-13
        26   2 -1.992350E+02 -7.929657E-12  6.835421E-12  1.616021E-12  1.873967E-12  5.438633E-13
        26   3 -1.992350E+02 -2.222578E-11 -2.222578E-11  2.694858E-13  4.975083E-13 -1.410596E-12
        26   4 -1.992350E+02 -2.222578E-11 -2.222578E-11  3.726735E-12  3.497933E-12  1.110949E-12
        26   5 -1.992350E+02 -2.222578E-11 -2.222578E-11 -2.579166E-12  4.926553E-12  8.807038E-13
        26   6 -1.992350E+02  6.409095E-12  6.409095E-12  2.672752E-12  4.089150E-12 -8.144417E-13
        26   7 -1.992350E+02  6.821210E-12  6.821210E-12  4.109869E-13  4.848714E-13 -2.929244E-13
        26   8 -1.992350E+02  2.115996E-11  6.394885E-12  5.609350E-12  3.327441E-12 -2.488873E-13
        27   1 -1.992350E+02  6.409095E-12  6.409095E-12  9.335493E-13 -1.381078E-12  5.322711E-13
        27   2 -1.992350E+02 -2.222578E-11 -2.222578E-11 -6.233770E-13 -1.284685E-13 -2.814782E-13
        27   3 -1.992350E+02  6.835421E-12 -7.929657E-12 -2.838485E-13  2.316475E-13  1.390492E-12
        27   4 -1.992350E+02 -7.929657E-12  6.835421E-12 -1.851221E-12 -6.397051E-13 -3.643326E-13
        27   5 -1.992350E+02  6.409095E-12  6.409095E-12  1.850514E-12 -2.613333E-12 -1.083603E-12
        27   6 -1.992350E+02 -2.222578E-11 -2.222578E-11 -7.085588E-13 -1.510436E-12 -1.198529E-13
        27   7 -1.992350E+02  6.835421E-12 -7.929657E-12  7.613195E-14  9.921104E-13 -2.252732E-13
        27   8 -1.992350E+02 -7.929657E-12  6.835421E-12 -2.351437E-12 -2.256908E-13 -2.036391E-13
        28   1 -1.992350E+02 -2.222578E-11 -2.222578E-11 -7.944677E-13  1.714786E-13 -4.608786E-13
        28   2 -1.992350E+02 -7.929657E-12  6.835421E-12 -5.806161E-13 -4.023103E-13 -1.274833E-13
        28   3 -1.992350E+02 -7.929657E-12  6.835421E-12 -1.191691E-12  3.665384E-13 -8.946188E-13
        28   4 -1.992350E+02 -7.929657E-12  6.835421E-12 -9.560646E-13  6.114818E-13 -5.703469E-13
        28   5 -1.992350E+02 -2.222578E-11 -2.222578E-11 -8.700785E-13  5.404647E-13  2.020197E-13
        28   6 -1.992350E+02 -7.929657E-12  6.835421E-12 -3.056866E-13 -2.174048E-13  1.284951E-13
        28   7 -1.992350E+02 -7.929657E-12  6.835421E-12 -1.272390E-12  2.752414E-13 -2.317204E-13
        28   8 -1.992350E+02 -7.929657E-12  6.835421E-12 -7.034847E-13  5.438530E-13 -3.143889E-13
        29   1 -1.992350E+02 -7.929657E-12  6.835421E-12 -6.418898E-13  5.549874E-14 -1.111285E-13
        29   2 -1.992350E+02 -2.222578E-11 -2.222578E-11 -1.267115E-12  5.890216E-13 -3.891121E-13
        29   3 -1.992350E+02 -7.929657E-12  6.835421E-12 -1.265348E-12 -1.922112E-13 -1.095842E-13
        29   4 -1.992350E+02 -7.929657E-12 -7.915446E-12 -1.889231E-12 -3.468903E-14  8.202305E-13
        29   5 -1.992350E+02 -7.929657E-12  6.835421E-12 -2.574903E-13 -7.051869E-13  1.920906E-13
        29   6 -1.992350E+02 -2.222578E-11 -2.222578E-11 -1.096240E-12  4.598062E-13  4.440779E-13
        29   7 -1.992350E+02 -7.929657E-12  6.835421E-12 -2.766706E-13 -1.479641E-13  1.910272E-13
        29   8 -1.992350E+02 -7.929657E-12 -7.915446E-12 -1.040153E-12  1.220323E-13  1.646455E-12
        30   1 -1.992350E+02 -7.929657E-12 -7.929657E-12 -3.080581E-13  1.982965E-12 -3.969140E-13
        30   2 -1.992350E+02 -7.929657E-12 -7.929657E-12  4.246645E-13  1.191765E-12 -1.423158E-13
        30   3 -1.992350E+02  6.394885E-12  6.409095E-12  1.473446E-12  1.913034E-12  9.769200E-13
        30   4 -1.992350E+02 -7.929657E-12 -7.929657E-12  2.165395E-12  1.540971E-12  4.721413E-13
        30   5 -1.992350E+02 -7.929657E-12 -7.929657E-12 -5.409712E-13  1.410590E-12  4.998960E-13
        30   6 -1.992350E+02 -7.929657E-12 -7.929657E-12  2.100436E-13  7.852307E-13  4.056425E-13
        30   7 -1.992350E+02  6.394885E-12  6.409095E-12  8.595365E-13  1.138639E-12  1.870457E-12
        30   8 -1.992350E+02 -7.929657E-12 -7.929657E-12  1.554314E-12  6.304340E-13  1.017246E-12
        31   1 -1.992350E+02 -7.489120E-12  7.275958E-12 -4.150881E-13 -7.803880E-13  1.413407E-12
        31   2 -1.992350E+02 -2.179945E-11 -2.179945E-11 -1.528563E-12  1.102810E-12  7.409484E-13
        31   3 -1.992350E+02 -2.179945E-11 -2.179945E-11 -5.698063E-13 -2.568008E-12  1.283165E-12
        31   4 -1.992350E+02 -2.179945E-11 -2.179945E-11 -1.683281E-12 -1.193311E-12  3.740888E-13
        31   5 -1.992350E+02 -7.489120E-12  7.275958E-12 -3.969498E-14 -1.821474E-12 -1.623952E-13
        31   6 -1.992350E+02 -2.179945E-11 -2.179945E-11 -1.406223E-12  6.200650E-14  4.284456E-14
        31   7 -1.992350E+02 -2.179945E-11 -2.179945E-11 -3.164985E-13 -2.741691E-12 -2.974091E-13
        31   8 -1.992350E+02 -2.179945E-11 -2.179945E-11 -1.686198E-12 -1.366079E-12 -3.385139E-13
        32   1 -1.992350E+02 -7.943868E-12 -7.943868E-12 -2.164052E-12  1.817533E-12  5.920457E-13
        32   2 -1.992350E+02 -7.943868E-12 -7.943868E-12 -6.153196E-14 -2.677537E-12  8.695807E-13
        32   3 -1.992350E+02 -7.943868E-12 -7.943868E-12 -1.104160E-12  1.605749E-12 -1.315617E-13
        32   4 -1.992350E+02 -7.943868E-12 -7.943868E-12  1.001814E-12 -1.846167E-12 -5.550512E-13
        32   5 -1.992350E+02 -7.943868E-12 -7.943868E-12 -2.479072E-12  1.665585E-12  2.994145E-13
        32   6 -1.992350E+02 -7.943868E-12 -7.943868E-12  1.547034E-13 -2.850771E-12  8.515058E-13
        32   7 -1.992350E+02 -7.943868E-12 -7.943868E-12 -1.768374E-12  1.737719E-12 -4.237769E-13
        32   8 -1.992350E+02 -7.943868E-12 -7.943868E-12  8.593935E-13 -1.682938E-12 -5.731009E-13
        33   1 -1.992350E+02 -2.179945E-11 -2.179945E-11  3.703589E-12 -4.898199E-13  5.847627E-13
        33   2 -1.992350E+02  6.821210E-12  6.821210E-12  1.988549E-12  7.262409E-13 -4.579976E-13
        33   3 -1.992350E+02 -2.179945E-11 -2.179945E-11  4.728752E-12 -5.697890E-13 -6.993833E-13
        33   4 -1.992350E+02  6.821210E-12  6.821210E-12  3.022213E-12  1.340848E-13 -6.453476E-13
        33   5 -1.992350E+02 -2.179945E-11 -2.179945E-11  3.919681E-12  6.906023E-13  7.861097E-13
        33   6 -1.992350E+02  6.821210E-12  6.821210E-12  1.906773E-12  1.916178E-12  6.921775E-14
        33   7 -1.992350E+02 -2.179945E-11 -2.179945E-11  5.495026E-12  8.994839E-13 -4.987770E-13
        33   8 -1.992350E+02  6.821210E-12  6.821210E-12  3.487334E-12  1.668195E-12 -1.234406E-13
        34   1 -1.992350E+02 -7.929657E-12 -7.929657E-12  1.905831E-12 -2.354671E-12 -6.072667E-13
        34   2 -1.992350E+02 -7.929657E-12 -7.929657E-12  4.539853E-13 -1.127622E-12  5.579392E-14
        34   3 -1.992350E+02 -7.929657E-12 -7.929657E-12  2.998015E-12 -1.664709E-12 -1.734490E-13
        34   4 -1.992350E+02 -7.929657E-12 -7.929657E-12  1.537432E-12 -1.134510E-13  1.082161E-12
        34   5 -1.992350E+02 -7.929657E-12 -7.929657E-12  2.014713E-12 -2.128232E-12  2.303962E-13
        34   6 -1.992350E+02 -7.929657E-12 -7.929657E-12  8.883543E-13 -9.875667E-13  1.401240E-12
        34   7 -1.992350E+02 -7.929657E-12 -7.929657E-12  3.405523E-12 -1.013580E-12  6.637057E-13
        34   8 -1.992350E+02 -7.929657E-12 -7.929657E-12  2.293681E-12  5.994064E-13  2.419174E-12
        35   1 -1.992350E+02 -7.929657E-12  6.821210E-12 -2.701066E-12 -7.581182E-13 -1.937677E-13
        35   2 -1.992350E+02  6.821210E-12  6.821210E-12 -3.022953E-12 -2.953524E-12 -1.467956E-12
        35   3 -1.992350E+02 -7.929657E-12  6.821210E-12 -2.108027E-12 -7.014687E-13  1.801643E-12
        35   4 -1.992350E+02  6.821210E-12  6.821210E-12 -2.449204E-12 -2.223313E-12  2.588655E-12
        35   5 -1.992350E+02 -7.929657E-12  6.821210E-12 -2.364964E-12 -1.475591E-13  5.372055E-13
        35   6 -1.992350E+02  6.821210E-12  6.821210E-12 -2.478631E-12 -2.177394E-12 -2.973618E-12
        35   7 -1.992350E+02 -7.929657E-12 -7.929657E-12 -7.465236E-13 -2.267394E-12  2.527595E-12
        35   8 -1.992350E+02 -7.929657E-12 -7.929657E-12 -8.701949E-13 -3.815589E-12  1.067907E-12
        36   1 -1.992350E+02 -7.929657E-12 -7.929657E-12 -1.790193E-13 -3.632327E-13 -1.576766E-12
        36   2 -1.992350E+02 -7.929657E-12 -7.929657E-12  1.885738E-12  2.963322E-12 -5.987744E-13
        36   3 -1.992350E+02  6.821210E-12  6.821210E-12 -1.009443E-12 -2.949073E-13  1.955119E-12
        36   4 -1.992350E+02  6.821210E-12  6.821210E-12  1.075945E-12  1.114907E-12 -5.392064E-13
        36   5 -1.992350E+02  6.821210E-12  6.821210E-12  1.057176E-12 -7.474578E-13 -3.483932E-12
        36   6 -1.992350E+02  6.821210E-12  6.821210E-12  2.072406E-12  2.629417E-12 -1.366008E-12
        36   7 -1.992350E+02  6.821210E-12  6.821210E-12 -1.468505E-12  3.873382E-13  3.085508E-14
        36   8 -1.992350E+02  6.821210E-12  6.821210E-12 -4.487621E-13  1.704686E-12 -1.320563E-12
        37   1 -1.992350E+02 -2.222578E-11 -2.222578E-11 -1.412165E-12  6.716744E-13 -2.872705E-13
        37   2 -1.992350E+02  6.409095E-12  6.409095E-12 -4.506263E-13  1.315677E-13 -3.999447E-13
        37   3 -1.992350E+02 -2.222578E-11 -2.222578E-11  2.052802E-12  1.672327E-13 -9.227017E-13
        37   4 -1.992350E+02  6.409095E-12  6.409095E-12  2.945828E-12  1.003171E-12  5.057893E-13
        37   5 -1.992350E+02 -3.653611E-11 -3.653611E-11 -2.709766E-12  1.949587E-12 -5.013782E-13
        37   6 -1.992350E+02  6.835421E-12  6.835421E-12 -8.228920E-13  1.419328E-12 -2.226871E-13
        37   7 -1.992350E+02 -2.222578E-11 -2.222578E-11  1.474123E-12  1.836233E-12 -1.132748E-12
        37   8 -1.992350E+02  6.409095E-12  6.409095E-12  3.330196E-12  2.726704E-12  7.013904E-13
        38   1 -1.992350E+02  6.409095E-12  6.409095E-12 -4.792063E-13  3.682243E-13 -6.589598E-13
        38   2 -1.992350E+02 -7.929657E-12  6.835421E-12 -3.388080E-14  1.431866E-13 -1.220222E-12
        38   3 -1.992350E+02  6.409095E-12  6.409095E-12 -2.323149E-12  4.431825E-14  1.100506E-12
        38   4 -1.992350E+02 -2.222578E-11 -2.222578E-11 -1.860806E-12 -4.148310E-13  1.307593E-12
        38   5 -1.992350E+02  6.409095E-12  6.409095E-12  5.352526E-14 -1.442861E-13 -4.993048E-13
        38   6 -1.992350E+02  6.409095E-12  6.409095E-12  1.174611E-13 -1.326666E-13 -1.559540E-12
        38   7 -1.992350E+02  6.409095E-12  6.409095E-12 -1.406035E-12 -8.814949E-13  1.248334E-12
        38   8 -1.992350E+02  6.835421E-12 -7.929657E-12 -1.327582E-12 -1.144730E-12  9.450268E-13
        39   1 -1.992350E+02 -7.929657E-12  6.835421E-12  2.334464E-13 -4.395130E-13 -9.908690E-13
        39   2 -1.992350E+02 -7.929657E-12  6.835421E-12 -5.804020E-13 -1.041028E-12  1.859577E-13
        39   3 -1.992350E+02 -2.222578E-11 -2.222578E-11  5.428423E-13 -4.424268E-13  4.565738E-13
        39   4 -1.992350E+02 -7.474910E-12 -7.474910E-12 -2.279132E-13 -1.243531E-12 -2.069975E-12
        39   5 -1.992350E+02 -7.929657E-12  6.835421E-12  3.945541E-13 -3.304332E-14 -1.426024E-12
        39   6 -1.992350E+02 -7.929657E-12  6.835421E-12 -7.127158E-13 -4.405364E-13  2.818746E-14
        39   7 -1.992350E+02 -2.222578E-11 -2.222578E-11 -1.144185E-12  1.768304E-13  2.009624E-14
        39   8 -1.992350E+02 -7.474910E-12 -7.474910E-12 -2.201562E-12 -5.771880E-13 -2.211693E-12
        40   1 -1.992350E+02  6.394885E-12  2.115996E-11  2.398128E-12  1.678902E-12  4.800897E-13
        40   2 -1.992350E+02 -7.929657E-12 -7.929657E-12  2.309316E-12  1.783460E-12  1.581166E-13
        40   3 -1.992350E+02 -7.929657E-12 -7.929657E-12  2.270774E-13  6.725713E-13 -2.096684E-12
        40   4 -1.992350E+02 -7.929657E-12 -7.929657E-12  1.173737E-13  1.259518E-12  2.914611E-13
        40   5 -1.992350E+02  6.394885E-12  2.115996E-11  1.702514E-12  7.374613E-13  4.616550E-13
        40   6 -1.992350E+02 -7.929657E-12 -7.929657E-12  1.984539E-12  5.935900E-13  1.761613E-13
        40   7 -1.992350E+02 -7.929657E-12 -7.929657E-12  8.936116E-13 -3.834992E-13 -2.131681E-12
        40   8 -1.992350E+02 -7.929657E-12 -7.929657E-12  1.162950E-12  1.961269E-13  3.171024E-13

 equivalent plastic strain (elem, integ.pnt.,pe)for set ALLE and time  0.2000000E+01

         1   1  1.174115E-03
         1   2  1.174115E-03
         1   3  1.174115E-03
         1   4  1.174115E-03
         1   5  1.174115E-03
         1   6  1.174115E-03
         1   7  1.174115E-03
         1   8  1.174115E-03
         2   1  1.174115E-03
         2   2  1.174115E-03
         2   3  1.174115E-03
         2   4  1.174115E-03
         2   5  1.174115E-03
         2   6  1.174115E-03
         2   7  1.174115E-03
         2   8  1.174115E-03
         3   1  1.174115E-03
         3   2  1.174115E-03
         3   3  1.174115E-03
         3   4  1.174115E-03
         3   5  1.174115E-03
         3   6  1.174115E-03
         3   7  1.174115E-03
         3   8  1.174115E-03
         4   1  1.174115E-03
         4   2  1.174115E-03
         4   3  1.174115E-03
         4   4  1.174115E-03
         4   5  1.174115E-03
         4   6  1.174115E-03
         4   7  1.174115E-03
         4   8  1.174115E-03
         5   1  1.174115E-03
         5   2  1.174115E-03
         5   3  1.174115E-03
         5   4  1.174115E-03
         5   5  1.174115E-03
         5   6  1.174115E-03
         5   7  1.174115E-03
         5   8  1.174115E-03
         6   1  1.174115E-03
         6   2  1.174115E-03
         6   3  1.174115E-03
         6   4  1.174115E-03
         6   5  1.174115E-03
         6   6  1.174115E-03
         6   7  1.174115E-03
         6   8  1.174115E-03
         7   1  1.174115E-03
         7   2  1.174115E-03
         7   3  1.174115E-03
         7   4  1.174115E-03
         7   5  1.174115E-03
         7   6  1.174115E-03
         7   7  1.174115E-03
         7   8  1.174115E-03
         8   1  1.174115E-03
         8   2  1.174115E-03
         8   3  1.174115E-03
         8   4  1.174115E-03
         8   5  1.174115E-03
         8   6  1.174115E-03
         8   7  1.174115E-03
         8   8  1.174115E-03
         9   1  1.174115E-03
         9   2  1.174115E-03
         9   3  1.174115E-03
         9   4  1.174115E-03
         9   5  1.174115E-03
         9   6  1.174115E-03
         9   7  1.174115E-03
         9   8  1.174115E-03
        10   1  1.174115E-03
        10   2  1.174115E-03
        10   3  1.174115E-03
        10   4  1.174115E-03
        10   5  1.174115E-03
        10   6  1.174115E-03
        10   7  1.174115E-03
        10   8  1.174115E-03
        11   1  1.174115E-03
        11   2  1.174115E-03
        11   3  1.174115E-03
        11   4  1.174115E-03
        11   5  1.174115E-03
        11   6  1.174115E-03
        11   7  1.174115E-03
        11   8  1.174115E-03
        12   1  1.174115E-03
        12   2  1.174115E-03
        12   3  1.174115E-03
        12   4  1.174115E-03
        12   5  1.174115E-03
        12   6  1.174115E-03
        12   7  1.174115E-03
        12   8  1.174115E-03
        13   1  1.174115E-03
        13   2  1.174115E-03
        13   3  1.174115E-03
        13   4  1.174115E-03
        13   5  1.174115E-03
        13   6  1.174115E-03
        13   7  1.174115E-03
        13   8  1.174115E-03
        14   1  1.174115E-03
        14   2  1.174115E-03
        14   3  1.174115E-03
        14   4  1.174115E-03
        14   5  1.174115E-03
        14   6  1.174115E-03
        14   7  1.174115E-03
        14   8  1.174115E-03
        15   1  1.174115E-03
        15   2  1.174115E-03
        15   3  1.174115E-03
        15   4  1.174115E-03
        15   5  1.174115E-03
        15   6  1.174115E-03
        15   7  1.174115E-03
        15   8  1.174115E-03
        16   1  1.174115E-03
        16   2  1.174115E-03
        16   3  1.174115E-03
        16   4  1.174115E-03
        16   5  1.174115E-03
        16   6  1.174115E-03
        16   7  1.174115E-03
        16   8  1.174115E-03
        17   1  1.174115E-03
        17   2  1.174115E-03
        17   3  1.174115E-03
        17   4  1.174115E-03
        17   5  1.174115E-03
        17   6  1.174115E-03
        17   7  1.174115E-03
        17   8  1.174115E-03
        18   1  1.174115E-03
        18   2  1.174115E-03
        18   3  1.174115E-03
        18   4  1.174115E-03
        18   5  1.174115E-03
        18   6  1.174115E-03
        18   7  1.174115E-03
        18   8  1.174115E-03
        19   1  1.174115E-03
        19   2  1.174115E-03
        19   3  1.174115E-03
        19   4  1.174115E-03
        19   5  1.174115E-03
        19   6  1.174115E-03
        19   7  1.174115E-03
        19   8  1.174115E-03
        20   1  1.174115E-03
        20   2  1.174115E-03
        20   3  1.174115E-03
        20   4  1.174115E-03
        20   5  1.174115E-03
        20   6  1.174115E-03
        20   7  1.174115E-03
        20   8  1.174115E-03
        21   1  1.174115E-03
        21   2  1.174115E-03
        21   3  1.174115E-03
        21   4  1.174115E-03
        21   5  1.174115E-03
        21   6  1.174115E-03
        21   7  1.174115E-03
        21   8  1.174115E-03
        22   1  1.174115E-03
        22   2  1.174115E-03
        22   3  1.174115E-03
        22   4  1.174115E-03
        22   5  1.174115E-03
        22   6  1.174115E-03
        22   7  1.174115E-03
        22   8  1.174115E-03
        23   1  1.174115E-03
        23   2  1.174115E-03
        23   3  1.174115E-03
        23   4  1.174115E-03
        23   5  1.174115E-03
        23   6  1.174115E-03
        23   7  1.174115E-03
        23   8  1.174115E-03
        24   1  1.174115E-03
        24   2  1.174115E-03
        24   3  1.174115E-03
        24   4  1.174115E-03
        24   5  1.174115E-03
        24   6  1.174115E-03
        24   7  1.174115E-03
        24   8  1.174115E-03
        25   1  1.174115E-03
        25   2  1.174115E-03
        25   3  1.174115E-03
        25   4  1.174115E-03
        25   5  1.174115E-03
        25   6  1.174115E-03
        25   7  1.174115E-03
        25   8  1.174115E-03
        26   1  1.174115E-03
        26   2  1.174115E-03
        26   3  1.174115E-03
        26   4  1.174115E-03
        26   5  1.174115E-03
        26   6  1.174115E-03
        26   7  1.174115E-03
        26   8  1.174115E-03
        27   1  1.174115E-03
        27   2  1.174115E-03
        27   3  1.174115E-03
        27   4  1.174115E-03
        27   5  1.174115E-03
        27   6  1.174115E-03
        27   7  1.174115E-03
        27   8  1.174115E-03
        28   1  1.174115E-03
        28   2  1.174115E-03
        28   3  1.174115E-03
        28   4  1.174115E-03
        28   5  1.174115E-03
        28   6  1.174115E-03
        28   7  1.174115E-03
        28   8  1.174115E-03
        29   1  1.174115E-03
        29   2  1.174115E-03
        29   3  1.174115E-03
        29   4  1.174115E-03
        29   5  1.174115E-03
        29   6  1.174115E-03
        29   7  1.174115E-03
        29   8  1.174115E-03
        30   1  1.174115E-03
        30   2  1.174115E-03
        30   3  1.174115E-03
        30   4  1.174115E-03
        30   5  1.174115E-03
        30   6  1.174115E-03
        30   7  1.174115E-03
        30   8  1.174115E-03
        31   1  1.174115E-03
        31   2  1.174115E-03
        31   3  1.174115E-03
        31   4  1.174115E-03
        31   5  1.174115E-03
        31   6  1.174115E-03
        31   7  1.174115E-03
        31   8  1.174115E-03
        32   1  1.174115E-03
        32   2  1.174115E-03
        32   3  1.174115E-03
        32   4  1.174115E-03
        32   5  1.174115E-03
        32   6  1.174115E-03
        32   7  1.174115E-03
        32   8  1.174115E-03
        33   1  1.174115E-03
        33   2  1.174115E-03
        33   3  1.174115E-03
        33   4  1.174115E-03
        33   5  1.174115E-03
        33   6  1.174115E-03
        33   7  1.174115E-03
        33   8  1.174115E-03
        34   1  1.174115E-03
        34   2  1.174115E-03
        34   3  1.174115E-03
        34   4  1.174115E-03
        34   5  1.174115E-03
        34   6  1.174115E-03
        34   7  1.174115E-03
        34   8  1.174115E-03
        35   1  1.174115E-03
        35   2  1.174115E-03
        35   3  1.174115E-03
        35   4  1.174115E-03
        35   5  1.174115E-03
        35   6  1.174115E-03
        35   7  1.174115E-03
        35   8  1.174115E-03
        36   1  1.174115E-03
        36   2  1.174115E-03
        36   3  1.174115E-03
        36   4  1.174115E-03
        36   5  1.174115E-03
        36   6  1.174115E-03
        36   7  1.174115E-03
        36   8  1.174115E-03
        37   1  1.174115E-03
        37   2  1.174115E-03
        37   3  1.174115E-03
        37   4  1.174115E-03
        37   5  1.174115E-03
        37   6  1.174115E-03
        37   7  1.174115E-03
        37   8  1.174115E-03
        38   1  1.174115E-03
        38   2  1.174115E-03
        38   3  1.174115E-03
        38   4  1.174115E-03
        38   5  1.174115E-03
        38   6  1.174115E-03
        38   7  1.174115E-03
        38   8  1.174115E-03
        39   1  1.174115E-03
        39   2  1.174115E-03
        39   3  1.174115E-03
        39   4  1.174115E-03
        39   5  1.174115E-03
        39   6  1.174115E-03
        39   7  1.174115E-03
        39   8  1.174115E-03
        40   1  1.174115E-03
        40   2  1.174115E-03
        40   3  1.174115E-03
        40   4  1.174115E-03
        40   5  1.174115E-03
        40   6  1.174115E-03
        40   7  1.174115E-03
        40   8  1.174115E-03

 mechanical strains (elem, integ.pnt.,exx,eyy,ezz,exy,exz,eyz) for set ALLE and time  0.2000000E+01

         1   1  6.227312E-36 -2.577670E-04 -2.577670E-04 -3.019501E-18 -1.102294E-18 -1.862992E-18
         1   2  6.227312E-36 -2.577670E-04 -2.577670E-04 -1.173395E-17  6.833096E-19 -1.345165E-18
         1   3  2.307137E-36 -2.577670E-04 -2.577670E-04 -2.542745E-18  2.807228E-18 -4.125681E-18
         1   4  2.307137E-36 -2.577670E-04 -2.577670E-04 -1.125720E-17  1.281802E-17 -4.649435E-18
         1   5  8.578641E-35 -2.577670E-04 -2.577670E-04 -1.704721E-18 -5.893994E-18 -4.694740E-18
         1   6  8.578641E-35 -2.577670E-04 -2.577670E-04 -6.306579E-18 -4.108391E-18 -1.722421E-18
         1   7  2.047270E-35 -2.577670E-04 -2.577670E-04 -1.765691E-18  4.666326E-19 -6.957429E-18
         1   8  2.047270E-35 -2.577670E-04 -2.577670E-04 -6.367550E-18  1.047743E-17 -5.026691E-18
         2   1  2.220446E-16 -2.577670E-04 -2.577670E-04 -7.857684E-18 -6.379616E-18 -9.806113E-19
         2   2  2.220446E-16 -2.577670E-04 -2.577670E-04  1.873690E-17 -3.409441E-17 -5.402677E-19
         2   3  2.220446E-16 -2.577670E-04 -2.577670E-04 -1.469486E-17  7.358799E-18 -4.049467E-18
         2   4  2.220446E-16 -2.577670E-04 -2.577670E-04  1.189972E-17 -2.123614E-17 -1.853677E-18
         2   5  2.216675E-35 -2.577670E-04 -2.577670E-04 -5.754422E-19 -4.534830E-18 -6.571281E-19
         2   6  2.216675E-35 -2.577670E-04 -2.577670E-04  2.557907E-17 -3.224963E-17 -7.265669E-19
         2   7  2.220446E-16 -2.577670E-04 -2.577670E-04 -6.526855E-18  8.674749E-18 -3.719210E-18
         2   8  2.220446E-16 -2.577670E-04 -2.577670E-04  1.962766E-17 -1.992019E-17 -2.045904E-18
         3   1  6.256294E-35 -2.577670E-04 -2.577670E-04  2.607212E-17 -2.381450E-17  7.451968E-20
         3   2  6.256294E-35 -2.577670E-04 -2.577670E-04  2.057440E-18  2.285517E-17  1.295203E-18
         3   3  4.744263E-34 -2.577670E-04 -2.577670E-04  3.671404E-17 -1.932657E-17 -4.200200E-19
         3   4  4.744263E-34 -2.577670E-04 -2.577670E-04  1.269936E-17  1.927513E-18  1.199513E-18
         3   5  2.220446E-16 -2.577670E-04 -2.577670E-04  2.785881E-17 -1.285502E-17  7.722949E-19
         3   6  2.220446E-16 -2.577670E-04 -2.577670E-04 -8.863667E-18  3.381464E-17  4.923380E-18
         3   7  1.159349E-33 -2.577670E-04 -2.577670E-04  3.869803E-17 -5.433730E-18  2.777552E-19
         3   8  1.159349E-33 -2.577670E-04 -2.577670E-04  1.975560E-18  1.582035E-17  4.838699E-18
         4   1  9.461686E-35 -2.577670E-04 -2.577670E-04 -4.109292E-18  2.227854E-17  1.290545E-18
         4   2  9.461686E-35 -2.577670E-04 -2.577670E-04 -5.090724E-18 -1.467181E-17  6.520472E-20
         4   3  1.317369E-33 -2.577670E-04 -2.577670E-04  1.467051E-17 -1.549665E-19  4.234073E-19
         4   4  1.317369E-33 -2.577670E-04 -2.577670E-04  1.368908E-17 -1.211600E-17 -3.374133E-18
         4   5  8.249220E-35 -2.577670E-04 -2.577670E-04 -1.565545E-17  2.195505E-17  5.710918E-18
         4   6  8.249220E-35 -2.577670E-04 -2.577670E-04 -4.142231E-18 -1.499529E-17  3.715822E-18
         4   7  1.148838E-33 -2.577670E-04 -2.577670E-04  1.853284E-18 -1.250745E-18  4.843779E-18
         4   8  1.148838E-33 -2.577670E-04 -2.577670E-04  1.336651E-17 -1.321178E-17  2.743679E-19
         5   1  2.130249E-35 -2.577670E-04 -2.577670E-04 -1.055454E-17 -1.708350E-17 -1.011097E-18
         5   2  2.130249E-35 -2.577670E-04 -2.577670E-04 -1.265057E-17  7.347210E-18 -2.734788E-18
         5   3  1.808674E-34 -2.577670E-04 -2.577670E-04 -3.621668E-18 -1.171961E-17 -5.881974E-18
         5   4  1.808674E-34 -2.577670E-04 -2.577670E-04 -5.717702E-18 -2.044129E-18 -9.025773E-18
         5   5  1.277045E-34 -2.577670E-04 -2.577670E-04 -7.511214E-18 -1.148056E-17  1.131344E-18
         5   6  1.277045E-34 -2.577670E-04 -2.577670E-04 -1.698486E-17  1.295016E-17 -3.919058E-18
         5   7  1.650618E-34 -2.577670E-04 -2.577670E-04 -1.265110E-18 -9.448455E-18 -3.739533E-18
         5   8  1.650618E-34 -2.577670E-04 -2.577670E-04 -1.073876E-17  2.270278E-19 -1.017702E-17
         6   1 -1.110223E-16 -2.577670E-04 -2.577670E-04 -7.387786E-18  1.367377E-17 -1.851137E-18
         6   2 -1.110223E-16 -2.577670E-04 -2.577670E-04  5.366275E-18  3.425089E-18  2.240248E-18
         6   3 -1.110223E-16 -2.577670E-04 -2.577670E-04  3.264294E-18  5.471844E-18 -6.117389E-18
         6   4 -1.110223E-16 -2.577670E-04 -2.577670E-04  1.601836E-17  5.498385E-18  4.778575E-18
         6   5 -1.110223E-16 -2.577670E-04 -2.577670E-04 -1.104819E-17  2.237691E-17 -2.648836E-18
         6   6 -1.110223E-16 -2.577670E-04 -2.577670E-04  6.843479E-18  1.212823E-17  5.841327E-18
         6   7 -1.110223E-16 -2.577670E-04 -2.577670E-04  3.005540E-18  1.857376E-17 -6.916782E-18
         6   8 -1.110223E-16 -2.577670E-04 -2.577670E-04  2.089721E-17  1.860030E-17  8.358060E-18
         7   1 -1.110223E-16 -2.577670E-04 -2.577670E-04  1.322388E-18 -2.589765E-18  2.550606E-18
         7   2 -1.110223E-16 -2.577670E-04 -2.577670E-04 -8.119633E-18 -5.990747E-19 -7.142881E-19
         7   3 -1.110223E-16 -2.577670E-04 -2.577670E-04 -2.384966E-18  1.105596E-19  6.127550E-18
         7   4 -1.110223E-16 -2.577670E-04 -2.577670E-04 -1.182699E-17  2.836062E-18 -1.206287E-18
         7   5 -1.110223E-16 -2.577670E-04 -2.577670E-04  2.828788E-18 -2.055425E-18  5.968349E-18
         7   6 -1.110223E-16 -2.577670E-04 -2.577670E-04 -6.245828E-18 -6.473472E-20 -2.201718E-18
         7   7 -1.110223E-16 -2.577670E-04 -2.577670E-04 -2.892292E-18 -4.265778E-18  9.545294E-18
         7   8 -1.110223E-16 -2.577670E-04 -2.577670E-04 -1.196691E-17 -1.540275E-18 -2.675934E-18
         8   1 -1.110223E-16 -2.577670E-04 -2.577670E-04 -9.439943E-18 -1.141591E-18 -1.683467E-18
         8   2 -1.110223E-16 -2.577670E-04 -2.577670E-04 -4.909909E-18 -2.368017E-18 -1.051744E-18
         8   3 -1.110223E-16 -2.577670E-04 -2.577670E-04 -1.184659E-17  4.588917E-18 -3.702273E-18
         8   4 -1.110223E-16 -2.577670E-04 -2.577670E-04 -7.316556E-18  2.039102E-18 -3.341107E-18
         8   5 -1.110223E-16 -2.577670E-04 -2.577670E-04 -6.979466E-18 -2.850463E-18 -4.227298E-18
         8   6 -1.110223E-16 -2.577670E-04 -2.577670E-04 -3.111127E-18 -4.076889E-18 -1.659757E-18
         8   7 -1.110223E-16 -2.577670E-04 -2.577670E-04 -9.496199E-18  4.831106E-18 -6.259653E-18
         8   8 -1.110223E-16 -2.577670E-04 -2.577670E-04 -5.627860E-18  2.281291E-18 -3.954624E-18
         9   1 -1.110223E-16 -2.577670E-04 -2.577670E-04 -4.917979E-18 -5.039704E-19 -1.564913E-18
         9   2 -1.110223E-16 -2.577670E-04 -2.577670E-04 -4.345566E-18  5.344321E-18 -3.597692E-18
         9   3 -1.110223E-16 -2.577670E-04 -2.577670E-04 -1.244701E-17 -1.856670E-18 -3.211121E-18
         9   4 -1.110223E-16 -2.577670E-04 -2.577670E-04 -1.187459E-17 -9.506295E-19 -3.242876E-18
         9   5 -1.110223E-16 -2.577670E-04 -2.577670E-04 -3.863651E-18 -1.748364E-18 -4.200200E-18
         9   6 -1.110223E-16 -2.577670E-04 -2.577670E-04 -5.762364E-18  4.099927E-18 -1.372517E-17
         9   7 -1.110223E-16 -2.577670E-04 -2.577670E-04 -1.040783E-17 -1.060257E-17 -5.846408E-18
         9   8 -1.110223E-16 -2.577670E-04 -2.577670E-04 -1.230655E-17 -9.696531E-18 -1.339322E-17
        10   1  4.922185E-35 -2.577670E-04 -2.577670E-04  3.604448E-18  7.864583E-18 -3.964786E-18
        10   2  4.922185E-35 -2.577670E-04 -2.577670E-04  4.401977E-18  3.279871E-18 -2.960887E-18
        10   3  6.324352E-34 -2.577670E-04 -2.577670E-04  1.643623E-17  5.023176E-18 -3.314432E-18
        10   4  6.324352E-34 -2.577670E-04 -2.577670E-04  1.723376E-17  3.530523E-18 -3.333062E-18
        10   5  1.121745E-34 -2.577670E-04 -2.577670E-04  1.303693E-18  1.224304E-17 -1.545945E-17
        10   6  1.121745E-34 -2.577670E-04 -2.577670E-04  3.647252E-18  7.658326E-18 -1.068172E-17
        10   7  8.142456E-34 -2.577670E-04 -2.577670E-04  1.361299E-17  1.318308E-17 -1.483619E-17
        10   8  8.142456E-34 -2.577670E-04 -2.577670E-04  1.595655E-17  1.169043E-17 -1.105432E-17
        11   1  8.393406E-36 -2.577670E-04 -2.577670E-04 -2.134717E-18  1.893253E-18 -7.451968E-19
        11   2  8.393406E-36 -2.577670E-04 -2.577670E-04 -4.658509E-18  1.157828E-17 -3.030749E-18
        11   3  1.367857E-34 -2.577670E-04 -2.577670E-04 -7.711838E-18 -4.511578E-18 -8.779774E-18
        11   4  1.367857E-34 -2.577670E-04 -2.577670E-04 -1.023563E-17 -3.941762E-18 -3.826755E-18
        11   5  7.726823E-35 -2.577670E-04 -2.577670E-04 -3.411687E-18 -2.614765E-18  1.568978E-17
        11   6  7.726823E-35 -2.577670E-04 -2.577670E-04 -1.049308E-17  7.070259E-18  5.018223E-18
        11   7  6.368741E-34 -2.577670E-04 -2.577670E-04 -5.383072E-18 -1.741195E-17  7.655204E-18
        11   8  6.368741E-34 -2.577670E-04 -2.577670E-04 -1.246447E-17 -1.684214E-17  4.222218E-18
        12   1  2.220446E-16 -2.577670E-04 -2.577670E-04 -1.103040E-17  9.013077E-18 -3.036677E-18
        12   2  2.220446E-16 -2.577670E-04 -2.577670E-04 -8.618925E-18 -1.374052E-17 -8.209867E-19
        12   3  2.220446E-16 -2.577670E-04 -2.577670E-04  7.047520E-19 -2.024192E-19 -2.415115E-18
        12   4  2.220446E-16 -2.577670E-04 -2.577670E-04  3.116231E-18 -6.117032E-18 -3.416473E-18
        12   5  2.220446E-16 -2.577670E-04 -2.577670E-04 -1.490608E-17  1.055343E-17  2.364306E-18
        12   6  2.220446E-16 -2.577670E-04 -2.577670E-04 -4.075109E-18 -1.220017E-17  5.677045E-18
        12   7  2.220446E-16 -2.577670E-04 -2.577670E-04 -4.805277E-18  2.466740E-18  2.974013E-18
        12   8  2.220446E-16 -2.577670E-04 -2.577670E-04  6.025695E-18 -3.447872E-18  3.085792E-18
        13   1  9.257448E-34 -2.577670E-04 -2.577670E-04  1.783465E-17 -1.415451E-17 -8.129420E-20
        13   2  9.257448E-34 -2.577670E-04 -2.577670E-04  9.909810E-18 -4.527675E-18 -5.593210E-19
        13   3  1.569652E-33 -2.577670E-04 -2.577670E-04  2.468707E-17 -4.513523E-18 -3.563396E-18
        13   4  1.569652E-33 -2.577670E-04 -2.577670E-04  1.676223E-17 -1.237327E-18 -3.132791E-18
        13   5  1.603387E-33 -2.577670E-04 -2.577670E-04  2.385254E-17 -6.071746E-19  5.412839E-18
        13   6  1.603387E-33 -2.577670E-04 -2.577670E-04  1.275238E-17  9.019665E-18  1.111021E-18
        13   7  1.995037E-33 -2.577670E-04 -2.577670E-04  3.110127E-17  5.172342E-18  1.944286E-18
        13   8  1.995037E-33 -2.577670E-04 -2.577670E-04  2.000111E-17  8.448538E-18 -1.468376E-18
        14   1  2.200297E-33 -2.577670E-04 -2.577670E-04  1.393601E-17 -6.792103E-18 -7.096306E-19
        14   2  2.200297E-33 -2.577670E-04 -2.577670E-04 -5.468829E-19 -8.052147E-18 -8.277613E-19
        14   3  2.433816E-33 -2.577670E-04 -2.577670E-04  1.565335E-17 -2.489860E-18  9.839985E-19
        14   4  2.433816E-33 -2.577670E-04 -2.577670E-04  1.170457E-18  4.964412E-19  1.139220E-17
        14   5  2.170244E-33 -2.577670E-04 -2.577670E-04  1.564827E-17 -7.801082E-18 -1.151668E-19
        14   6  2.170244E-33 -2.577670E-04 -2.577670E-04  3.288550E-18 -9.061127E-18  7.316478E-19
        14   7  3.196794E-33 -2.577670E-04 -2.577670E-04  2.271409E-17 -2.489860E-18  1.544590E-18
        14   8  3.196794E-33 -2.577670E-04 -2.577670E-04  1.035437E-17  4.964412E-19  1.301385E-17
        15   1  3.795093E-34 -2.577670E-04 -2.577670E-04 -2.178834E-17 -8.955655E-18 -2.127198E-18
        15   2  3.795093E-34 -2.577670E-04 -2.577670E-04 -1.236272E-17 -1.209006E-17 -5.403100E-18
        15   3  6.920640E-34 -2.577670E-04 -2.577670E-04 -1.695980E-17 -6.765330E-18  1.335935E-17
        15   4  6.920640E-34 -2.577670E-04 -2.577670E-04 -7.534185E-18 -3.014178E-17  7.970642E-18
        15   5  3.013093E-34 -2.577670E-04 -2.577670E-04 -2.218611E-17 -8.046176E-18 -2.303336E-19
        15   6  3.013093E-34 -2.577670E-04 -2.577670E-04 -2.288151E-17 -1.118058E-17 -3.893653E-18
        15   7  5.126185E-34 -2.577670E-04 -2.577670E-04 -1.840593E-17 -6.214900E-18  1.521556E-17
        15   8  5.126185E-34 -2.577670E-04 -2.577670E-04 -1.910133E-17 -2.959135E-17  9.426740E-18
        16   1 -1.110223E-16 -2.577670E-04 -2.577670E-04 -6.755665E-19 -3.946869E-18 -4.694740E-18
        16   2 -1.110223E-16 -2.577670E-04 -2.577670E-04  9.994961E-20  9.565541E-18  3.882645E-19
        16   3 -1.110223E-16 -2.577670E-04 -2.577670E-04  8.238004E-18 -2.147679E-17  3.097648E-18
        16   4 -1.110223E-16 -2.577670E-04 -2.577670E-04  9.013520E-18  1.860448E-17 -4.699821E-18
        16   5  1.886108E-33 -2.577670E-04 -2.577670E-04 -4.948810E-18  8.839608E-18 -5.250250E-18
        16   6  1.886108E-33 -2.577670E-04 -2.577670E-04  9.111133E-18  2.235202E-17 -5.445018E-18
        16   7  1.739792E-33 -2.577670E-04 -2.577670E-04 -2.557406E-18 -1.395877E-17  2.581091E-18
        16   8  1.739792E-33 -2.577670E-04 -2.577670E-04  1.150254E-17  2.612250E-17 -1.052591E-17
        17   1 -1.110223E-16 -2.577670E-04 -2.577670E-04 -1.606516E-17  7.361406E-18  1.541203E-18
        17   2 -1.110223E-16 -2.577670E-04 -2.577670E-04 -1.481797E-18  5.532714E-18 -4.856482E-19
        17   3 -1.110223E-16 -2.577670E-04 -2.577670E-04  1.289461E-18  2.447169E-17 -4.610059E-18
        17   4 -1.110223E-16 -2.577670E-04 -2.577670E-04  1.587282E-17  9.465892E-18  3.352962E-18
        17   5 -1.110223E-16 -2.577670E-04 -2.577670E-04 -9.785618E-18  2.433368E-18 -4.986044E-18
        17   6 -1.110223E-16 -2.577670E-04 -2.577670E-04 -1.790810E-18  6.046762E-19 -3.573558E-18
        17   7 -1.110223E-16 -2.577670E-04 -2.577670E-04  1.258384E-17  2.293726E-17 -1.124570E-17
        17   8 -1.110223E-16 -2.577670E-04 -2.577670E-04  2.057864E-17  7.931464E-18  2.167845E-19
        18   1 -1.110223E-16 -2.577670E-04 -2.577670E-04 -3.575530E-18  5.236856E-18 -1.542896E-18
        18   2 -1.110223E-16 -2.577670E-04 -2.577670E-04  1.764207E-18  1.439303E-18 -2.390558E-18
        18   3 -1.110223E-16 -2.577670E-04 -2.577670E-04 -1.802388E-17  1.278082E-18  6.667818E-18
        18   4 -1.110223E-16 -2.577670E-04 -2.577670E-04 -1.268414E-17 -4.604967E-18  7.730570E-18
        18   5 -1.110223E-16 -2.577670E-04 -2.577670E-04 -4.879159E-18  5.133545E-18 -4.491505E-18
        18   6 -1.110223E-16 -2.577670E-04 -2.577670E-04 -5.821701E-19  1.335991E-18 -8.307251E-18
        18   7 -1.110223E-16 -2.577670E-04 -2.577670E-04 -1.841464E-17 -1.733191E-18  3.705661E-18
        18   8 -1.110223E-16 -2.577670E-04 -2.577670E-04 -1.411765E-17 -7.616240E-18  1.861298E-18
        19   1 -1.110223E-16 -2.577670E-04 -2.577670E-04  1.201427E-19 -2.882753E-18 -1.258366E-18
        19   2 -1.110223E-16 -2.577670E-04 -2.577670E-04 -5.731971E-18 -1.321001E-18  2.479473E-18
        19   3 -1.110223E-16 -2.577670E-04 -2.577670E-04  5.968244E-18 -4.336759E-18  8.158212E-18
        19   4 -1.110223E-16 -2.577670E-04 -2.577670E-04  1.161303E-19  3.958679E-18  8.031613E-18
        19   5 -1.110223E-16 -2.577670E-04 -2.577670E-04 -5.422908E-19 -1.255888E-17 -6.374820E-18
        19   6 -1.110223E-16 -2.577670E-04 -2.577670E-04 -3.027562E-18 -1.099713E-17  2.343983E-18
        19   7 -1.110223E-16 -2.577670E-04 -2.577670E-04  3.373380E-18 -9.023031E-18  3.055307E-18
        19   8 -1.110223E-16 -2.577670E-04 -2.577670E-04  8.881091E-19 -7.275931E-19  7.861827E-18
        20   1  5.997085E-34 -2.577670E-04 -2.577670E-04  1.933982E-17  5.739653E-18  3.392339E-18
        20   2  5.997085E-34 -2.577670E-04 -2.577670E-04  1.758776E-17  4.127925E-18  1.774077E-18
        20   3  3.983172E-35 -2.577670E-04 -2.577670E-04  4.947363E-18  1.052812E-17  7.497696E-18
        20   4  3.983172E-35 -2.577670E-04 -2.577670E-04  3.195294E-18  5.499019E-18  6.208421E-18
        20   5  8.669344E-34 -2.577670E-04 -2.577670E-04  2.082373E-17  1.539842E-17  5.189280E-18
        20   6  8.669344E-34 -2.577670E-04 -2.577670E-04  1.736298E-17  1.378669E-17  3.871636E-18
        20   7  3.796671E-34 -2.577670E-04 -2.577670E-04  6.570151E-18  2.052054E-17  9.321735E-18
        20   8  3.796671E-34 -2.577670E-04 -2.577670E-04  3.109394E-18  1.549143E-17  8.359754E-18
        21   1  7.919682E-35 -2.577670E-04 -2.577670E-04 -1.000560E-19 -6.983215E-18 -4.352627E-18
        21   2  7.919682E-35 -2.577670E-04 -2.577670E-04 -9.471720E-19 -8.883674E-18 -2.625125E-18
        21   3  7.826965E-35 -2.577670E-04 -2.577670E-04  4.690034E-19 -2.402217E-18 -1.200783E-17
        21   4  7.826965E-35 -2.577670E-04 -2.577670E-04 -3.781126E-19  7.988428E-18 -5.812535E-18
        21   5  3.389671E-36 -2.577670E-04 -2.577670E-04  2.969089E-18 -1.491622E-18  4.809907E-18
        21   6  3.389671E-36 -2.577670E-04 -2.577670E-04  8.267525E-18 -3.392081E-18 -4.820069E-18
        21   7  3.212542E-34 -2.577670E-04 -2.577670E-04  5.787288E-18 -8.268949E-18 -2.845297E-18
        21   8  3.212542E-34 -2.577670E-04 -2.577670E-04  1.108572E-17  2.121696E-18 -8.007479E-18
        22   1  8.176919E-36 -2.577670E-04 -2.577670E-04  4.531023E-18 -5.738352E-18 -1.385389E-18
        22   2  8.176919E-36 -2.577670E-04 -2.577670E-04  2.637856E-17 -1.159219E-17  2.159377E-19
        22   3  2.220446E-16 -2.577670E-04 -2.577670E-04 -9.326249E-19  8.531422E-18 -2.591253E-18
        22   4  2.220446E-16 -2.577670E-04 -2.577670E-04  2.091491E-17 -1.997605E-17 -4.657480E-20
        22   5  1.998874E-34 -2.577670E-04 -2.577670E-04  1.120228E-17 -1.526078E-17 -5.588976E-18
        22   6  1.998874E-34 -2.577670E-04 -2.577670E-04  2.172300E-17 -2.111462E-17  1.932431E-18
        22   7  1.067661E-34 -2.577670E-04 -2.577670E-04  6.212847E-18  4.934154E-18 -6.788066E-18
        22   8  1.067661E-34 -2.577670E-04 -2.577670E-04  1.673357E-17 -2.357332E-17  1.676693E-18
        23   1  2.220446E-16 -2.577670E-04 -2.577670E-04  2.551531E-17  1.141370E-17  1.724114E-18
        23   2  2.220446E-16 -2.577670E-04 -2.577670E-04 -1.454075E-17  1.341910E-17  4.228992E-18
        23   3  1.935538E-33 -2.577670E-04 -2.577670E-04  3.589810E-17 -3.323610E-19  7.553586E-19
        23   4  1.935538E-33 -2.577670E-04 -2.577670E-04 -4.157955E-18  8.873601E-18  3.810666E-19
        23   5  2.220446E-16 -2.577670E-04 -2.577670E-04  1.732455E-17  2.542001E-17  4.098583E-18
        23   6  2.220446E-16 -2.577670E-04 -2.577670E-04 -1.913123E-17  2.742541E-17  2.484554E-18
        23   7  3.120859E-33 -2.577670E-04 -2.577670E-04  2.626352E-17  9.548272E-18  3.129827E-18
        23   8  3.120859E-33 -2.577670E-04 -2.577670E-04 -1.019225E-17  1.875423E-17 -1.351516E-18
        24   1  7.726740E-35 -2.577670E-04 -2.577670E-04 -2.024867E-17 -1.218773E-17  4.379725E-18
        24   2  7.726740E-35 -2.577670E-04 -2.577670E-04 -2.345839E-18 -1.925516E-17  2.283012E-18
        24   3  1.079325E-33 -2.577670E-04 -2.577670E-04 -3.283587E-18 -1.599738E-17 -6.435791E-19
        24   4  1.079325E-33 -2.577670E-04 -2.577670E-04  1.461924E-17 -1.314066E-17 -3.170474E-18
        24   5  9.197493E-35 -2.577670E-04 -2.577670E-04 -2.123343E-17 -9.671843E-18  4.945397E-19
        24   6  9.197493E-35 -2.577670E-04 -2.577670E-04  1.631479E-18 -1.673928E-17 -3.309351E-18
        24   7  1.051730E-33 -2.577670E-04 -2.577670E-04 -4.463118E-18 -1.520138E-17 -4.538926E-18
        24   8  1.051730E-33 -2.577670E-04 -2.577670E-04  1.840180E-17 -1.234465E-17 -8.759450E-18
        25   1  1.330352E-34 -2.577670E-04 -2.577670E-04 -6.063918E-18 -9.935200E-18  4.166328E-19
        25   2  1.330352E-34 -2.577670E-04 -2.577670E-04 -2.230485E-17  1.890979E-18 -2.560767E-18
        25   3  1.879098E-34 -2.577670E-04 -2.577670E-04 -9.466172E-19 -7.584399E-18 -6.926943E-18
        25   4  1.879098E-34 -2.577670E-04 -2.577670E-04 -1.718755E-17 -1.798011E-17 -1.471425E-17
        25   5  2.112228E-35 -2.577670E-04 -2.577670E-04 -5.156111E-18 -1.477729E-17 -1.260060E-18
        25   6  2.112228E-35 -2.577670E-04 -2.577670E-04 -3.250799E-17 -2.951106E-18  8.193778E-18
        25   7  4.381927E-34 -2.577670E-04 -2.577670E-04 -2.425980E-18  3.015799E-20 -8.603636E-18
        25   8  4.381927E-34 -2.577670E-04 -2.577670E-04 -2.977786E-17 -1.036556E-17 -3.929220E-18
        26   1 -1.110223E-16 -2.577670E-04 -2.577670E-04 -1.455839E-17  1.869051E-17 -1.564913E-18
        26   2 -1.110223E-16 -2.577670E-04 -2.577670E-04  1.023518E-17  1.357245E-17  4.080799E-18
        26   3 -1.110223E-16 -2.577670E-04 -2.577670E-04  3.187461E-18  2.744689E-18 -1.057502E-17
        26   4 -1.110223E-16 -2.577670E-04 -2.577670E-04  2.798102E-17  2.506402E-17  8.411409E-18
        26   5 -1.110223E-16 -2.577670E-04 -2.577670E-04 -2.048666E-17  3.836964E-17  6.896458E-18
        26   6 -1.110223E-16 -2.577670E-04 -2.577670E-04  1.802560E-17  3.325157E-17 -6.098759E-18
        26   7  3.386087E-33 -2.577670E-04 -2.577670E-04  3.925308E-18  3.767641E-18 -2.086551E-18
        26   8  3.386087E-33 -2.577670E-04 -2.577670E-04  4.243757E-17  2.608697E-17 -1.788472E-18
        27   1 -1.110223E-16 -2.577670E-04 -2.577670E-04  5.782276E-18 -1.007879E-17  3.905509E-18
        27   2 -1.110223E-16 -2.577670E-04 -2.577670E-04 -5.667737E-18 -2.750489E-18 -2.305029E-18
        27   3 -1.110223E-16 -2.577670E-04 -2.577670E-04 -1.983014E-18  2.050155E-18  1.051066E-17
        27   4 -1.110223E-16 -2.577670E-04 -2.577670E-04 -1.343303E-17 -4.335770E-18 -2.824973E-18
        27   5 -1.110223E-16 -2.577670E-04 -2.577670E-04  1.234298E-17 -1.855371E-17 -8.217489E-18
        27   6 -1.110223E-16 -2.577670E-04 -2.577670E-04 -5.964145E-18 -1.122541E-17 -1.029727E-18
        27   7 -1.110223E-16 -2.577670E-04 -2.577670E-04  1.015991E-18  6.948131E-18 -1.612335E-18
        27   8 -1.110223E-16 -2.577670E-04 -2.577670E-04 -1.729114E-17  5.622051E-19 -1.564913E-18
        28   1 -1.110223E-16 -2.577670E-04 -2.577670E-04 -6.281915E-18  1.230381E-19 -3.800504E-18
        28   2 -1.110223E-16 -2.577670E-04 -2.577670E-04 -1.805562E-18 -9.486720E-19 -1.704638E-18
        28   3 -1.110223E-16 -2.577670E-04 -2.577670E-04 -8.750380E-18  7.218723E-19 -6.733870E-18
        28   4 -1.110223E-16 -2.577670E-04 -2.577670E-04 -4.274026E-18  4.295806E-18 -4.123140E-18
        28   5 -1.110223E-16 -2.577670E-04 -2.577670E-04 -6.839898E-18  3.882048E-18  8.739126E-19
        28   6 -1.110223E-16 -2.577670E-04 -2.577670E-04 -4.072251E-20  2.810338E-18 -1.087310E-18
        28   7 -1.110223E-16 -2.577670E-04 -2.577670E-04 -9.051778E-18  4.136318E-19 -2.059453E-18
        28   8 -1.110223E-16 -2.577670E-04 -2.577670E-04 -2.252602E-18  3.987566E-18 -3.499038E-18
        29   1 -1.110223E-16 -2.577670E-04 -2.577670E-04 -2.229653E-18 -1.068392E-18 -3.353386E-18
        29   2 -1.110223E-16 -2.577670E-04 -2.577670E-04 -5.766264E-18  5.078353E-18 -9.931441E-18
        29   3 -1.110223E-16 -2.577670E-04 -2.577670E-04 -6.795677E-18 -7.331382E-18 -2.310110E-18
        29   4 -1.110223E-16 -2.577670E-04 -2.577670E-04 -1.033229E-17 -5.192029E-18 -1.439585E-20
        29   5 -1.110223E-16 -2.577670E-04 -2.577670E-04  1.182188E-18 -4.945109E-18 -1.050050E-18
        29   6 -1.110223E-16 -2.577670E-04 -2.577670E-04 -4.358119E-18  1.201636E-18  1.024646E-18
        29   7 -1.110223E-16 -2.577670E-04 -2.577670E-04  1.039924E-18 -2.565509E-18 -1.354903E-20
        29   8 -1.110223E-16 -2.577670E-04 -2.577670E-04 -4.500384E-18 -4.261563E-19  1.091713E-17
        30   1  1.169537E-34 -2.577670E-04 -2.577670E-04 -1.960919E-19  1.508166E-17 -1.167927E-17
        30   2  1.169537E-34 -2.577670E-04 -2.577670E-04  2.914353E-18  8.786540E-18 -9.895028E-18
        30   3  6.731011E-34 -2.577670E-04 -2.577670E-04  1.088194E-17  1.746402E-17 -6.300300E-19
        30   4  6.731011E-34 -2.577670E-04 -2.577670E-04  1.399238E-17  1.226718E-17 -4.567718E-18
        30   5  4.217821E-35 -2.577670E-04 -2.577670E-04 -1.991203E-18  1.206785E-17 -2.371081E-19
        30   6  4.217821E-35 -2.577670E-04 -2.577670E-04  1.668384E-18  5.772727E-18 -5.700756E-18
        30   7  2.518735E-34 -2.577670E-04 -2.577670E-04  6.219511E-18  7.220952E-18  1.078503E-17
        30   8  2.518735E-34 -2.577670E-04 -2.577670E-04  9.879098E-18  2.024115E-18 -3.759857E-19
        31   1  2.261429E-34 -2.577670E-04 -2.577670E-04 -2.828319E-18 -5.667121E-18  1.064954E-17
        31   2  2.261429E-34 -2.577670E-04 -2.577670E-04 -1.226745E-17  7.843307E-18  5.629623E-18
        31   3  1.036118E-33 -2.577670E-04 -2.577670E-04 -3.814012E-18 -1.918613E-17  9.809500E-18
        31   4  1.036118E-33 -2.577670E-04 -2.577670E-04 -1.325314E-17 -9.443400E-18  2.940140E-18
        31   5  7.029340E-34 -2.577670E-04 -2.577670E-04  4.892685E-20 -1.332232E-17 -9.484323E-19
        31   6  7.029340E-34 -2.577670E-04 -2.577670E-04 -1.127405E-17  1.881033E-19  6.232555E-19
        31   7  1.151082E-33 -2.577670E-04 -2.577670E-04 -1.841163E-18 -2.030731E-17 -1.788472E-18
        31   8  1.151082E-33 -2.577670E-04 -2.577670E-04 -1.316415E-17 -1.056458E-17 -2.120424E-18
        32   1  2.220446E-16 -2.577670E-04 -2.577670E-04 -1.706862E-17  1.336453E-17  4.667642E-18
        32   2  2.220446E-16 -2.577670E-04 -2.577670E-04 -1.752372E-18 -2.062768E-17  6.930331E-18
        32   3  2.220446E-16 -2.577670E-04 -2.577670E-04 -8.520878E-18  1.228696E-17 -6.571281E-19
        32   4  2.220446E-16 -2.577670E-04 -2.577670E-04  6.795374E-18 -1.403621E-17 -3.690418E-18
        32   5  2.220446E-16 -2.577670E-04 -2.577670E-04 -1.909907E-17  1.263543E-17  2.709807E-18
        32   6  2.220446E-16 -2.577670E-04 -2.577670E-04  5.169881E-20 -2.135679E-17  6.845649E-18
        32   7  2.220446E-16 -2.577670E-04 -2.577670E-04 -1.322557E-17  1.347251E-17 -2.628512E-18
        32   8  2.220446E-16 -2.577670E-04 -2.577670E-04  5.925205E-18 -1.285067E-17 -3.770019E-18
        33   1  2.346802E-33 -2.577670E-04 -2.577670E-04  2.663841E-17 -4.857633E-18  4.962333E-18
        33   2  2.346802E-33 -2.577670E-04 -2.577670E-04  1.358147E-17  5.394851E-18 -2.881710E-18
        33   3  2.706364E-33 -2.577670E-04 -2.577670E-04  3.552657E-17 -5.462115E-18 -4.630382E-18
        33   4  2.706364E-33 -2.577670E-04 -2.577670E-04  2.246964E-17  4.489609E-19 -4.367023E-18
        33   5  3.435058E-33 -2.577670E-04 -2.577670E-04  2.820636E-17  4.439545E-18  6.462889E-18
        33   6  3.435058E-33 -2.577670E-04 -2.577670E-04  1.297871E-17  1.469203E-17  1.138119E-18
        33   7  4.370519E-33 -2.577670E-04 -2.577670E-04  4.117956E-17  6.342481E-18 -3.075631E-18
        33   8  4.370519E-33 -2.577670E-04 -2.577670E-04  2.595191E-17  1.225356E-17 -2.946915E-19
        34   1  2.179409E-33 -2.577670E-04 -2.577670E-04  1.658770E-17 -1.594084E-17 -4.223911E-18
        34   2  2.179409E-33 -2.577670E-04 -2.577670E-04  5.773623E-18 -7.914591E-18 -2.371081E-20
        34   3  3.677556E-33 -2.577670E-04 -2.577670E-04  2.642768E-17 -1.197270E-17 -9.890794E-19
        34   4  3.677556E-33 -2.577670E-04 -2.577670E-04  1.561361E-17  2.527965E-19  7.588305E-18
        34   5  2.242424E-33 -2.577670E-04 -2.577670E-04  1.746625E-17 -1.433274E-17  2.222041E-18
        34   6  2.242424E-33 -2.577670E-04 -2.577670E-04  8.751800E-18 -6.306490E-18  1.031420E-17
        34   7  4.271811E-33 -2.577670E-04 -2.577670E-04  2.957231E-17 -6.431142E-18  5.406064E-18
        34   8  4.271811E-33 -2.577670E-04 -2.577670E-04  2.085786E-17  5.794351E-18  1.799650E-17
        35   1  2.765224E-34 -2.577670E-04 -2.577670E-04 -2.139148E-17 -6.323484E-18 -1.961223E-18
        35   2  2.765224E-34 -2.577670E-04 -2.577670E-04 -2.510451E-17 -2.347912E-17 -1.147264E-17
        35   3  6.206319E-34 -2.577670E-04 -2.577670E-04 -1.517586E-17 -5.235085E-18  1.302401E-17
        35   4  6.206319E-34 -2.577670E-04 -2.577670E-04 -1.888889E-17 -1.863728E-17  1.874678E-17
        35   5  3.829797E-34 -2.577670E-04 -2.577670E-04 -1.878698E-17 -3.263429E-19  3.644690E-18
        35   6  3.829797E-34 -2.577670E-04 -2.577670E-04 -2.062329E-17 -1.748198E-17 -2.267092E-17
        35   7  1.503223E-33 -2.577670E-04 -2.577670E-04 -4.953420E-18 -1.609802E-17  1.864347E-17
        35   8  1.503223E-33 -2.577670E-04 -2.577670E-04 -6.789731E-18 -2.950022E-17  7.492615E-18
        36   1  2.579354E-33 -2.577670E-04 -2.577670E-04 -2.776295E-18 -2.791185E-18 -1.216703E-17
        36   2  2.579354E-33 -2.577670E-04 -2.577670E-04  1.307658E-17  2.343192E-17 -4.707442E-18
        36   3  1.635184E-33 -2.577670E-04 -2.577670E-04 -7.501521E-18 -1.992163E-18  1.414519E-17
        36   4  1.635184E-33 -2.577670E-04 -2.577670E-04  8.351359E-18  7.458878E-18 -4.248469E-18
        36   5  3.241743E-33 -2.577670E-04 -2.577670E-04  7.451769E-18 -5.556035E-18 -2.650191E-17
        36   6  3.241743E-33 -2.577670E-04 -2.577670E-04  1.491861E-17  2.066707E-17 -1.063938E-17
        36   7  1.513899E-33 -2.577670E-04 -2.577670E-04 -1.020262E-17  3.603588E-18 -2.574316E-19
        36   8  1.513899E-33 -2.577670E-04 -2.577670E-04 -2.735776E-18  1.305463E-17 -1.022613E-17
        37   1 -1.110223E-16 -2.577670E-04 -2.577670E-04 -1.095474E-17  4.974474E-18 -2.272850E-18
        37   2 -1.110223E-16 -2.577670E-04 -2.577670E-04 -2.877490E-18 -1.443177E-18 -3.377943E-18
        37   3 -1.110223E-16 -2.577670E-04 -2.577670E-04  1.545064E-17  8.245019E-19 -7.015012E-18
        37   4 -1.110223E-16 -2.577670E-04 -2.577670E-04  2.352788E-17  8.034404E-18  3.872483E-18
        37   5 -2.220446E-16 -2.577670E-04 -2.577670E-04 -2.045121E-17  1.580015E-17 -4.200200E-18
        37   6 -2.220446E-16 -2.577670E-04 -2.577670E-04 -5.560183E-18  9.382501E-18 -2.391404E-18
        37   7 -1.110223E-16 -2.577670E-04 -2.577670E-04  1.195131E-17  1.445144E-17 -8.915264E-18
        37   8 -1.110223E-16 -2.577670E-04 -2.577670E-04  2.684233E-17  2.166134E-17  4.809907E-18
        38   1 -1.110223E-16 -2.577670E-04 -2.577670E-04 -3.984496E-18  5.570214E-19 -4.962333E-18
        38   2 -1.110223E-16 -2.577670E-04 -2.577670E-04 -1.362216E-18  3.245306E-18 -8.515567E-18
        38   3 -1.110223E-16 -2.577670E-04 -2.577670E-04 -1.633952E-17 -5.213966E-19  8.220876E-18
        38   4 -1.110223E-16 -2.577670E-04 -2.577670E-04 -1.371724E-17 -4.898395E-18  9.254837E-18
        38   5 -1.110223E-16 -2.577670E-04 -2.577670E-04 -2.396700E-19 -2.256097E-18 -4.064710E-18
        38   6 -1.110223E-16 -2.577670E-04 -2.577670E-04 -1.150031E-18  4.321880E-19 -1.037856E-17
        38   7 -1.110223E-16 -2.577670E-04 -2.577670E-04 -1.034047E-17 -6.093437E-18  9.118499E-18
        38   8 -1.110223E-16 -2.577670E-04 -2.577670E-04 -1.125084E-17 -1.047043E-17  7.275831E-18
        39   1 -1.110223E-16 -2.577670E-04 -2.577670E-04 -5.896749E-19 -8.945029E-18 -5.030079E-18
        39   2 -1.110223E-16 -2.577670E-04 -2.577670E-04 -2.036004E-18 -8.659301E-18  7.913482E-18
        39   3 -1.110223E-16 -2.577670E-04 -2.577670E-04 -2.020792E-18 -7.067251E-18  5.036853E-18
        39   4 -1.110223E-16 -2.577670E-04 -2.577670E-04 -3.467121E-18 -7.838329E-18 -7.318172E-18
        39   5 -1.110223E-16 -2.577670E-04 -2.577670E-04 -7.207614E-20 -2.716708E-18 -9.592716E-18
        39   6 -1.110223E-16 -2.577670E-04 -2.577670E-04 -2.046809E-18 -2.430980E-18 -1.314256E-18
        39   7 -1.110223E-16 -2.577670E-04 -2.577670E-04 -1.420372E-17 -5.512500E-18  4.471181E-19
        39   8 -1.110223E-16 -2.577670E-04 -2.577670E-04 -1.617845E-17 -6.283578E-18 -1.655353E-17
        40   1  7.791799E-34 -2.577670E-04 -2.577670E-04  1.952186E-17  1.763506E-17  1.206203E-17
        40   2  7.791799E-34 -2.577670E-04 -2.577670E-04  1.612271E-17  1.421428E-17  1.028287E-17
        40   3  5.419338E-34 -2.577670E-04 -2.577670E-04  7.786705E-18  1.569866E-17 -7.584071E-18
        40   4  5.419338E-34 -2.577670E-04 -2.577670E-04  4.387552E-18  1.603187E-17  4.179877E-18
        40   5  3.214680E-34 -2.577670E-04 -2.577670E-04  1.446990E-17  7.342032E-18  3.753082E-18
        40   6  3.214680E-34 -2.577670E-04 -2.577670E-04  1.294774E-17  3.921252E-18  9.030431E-18
        40   7  4.473480E-34 -2.577670E-04 -2.577670E-04  9.477077E-18  1.253835E-17 -1.592011E-17
        40   8  4.473480E-34 -2.577670E-04 -2.577670E-04  7.954920E-18  1.287156E-17  2.923204E-18

                        S T E P       3


                                INCREMENT     6


 displacements (vx,vy,vz) for set ALLN and time  0.3000000E+01

         1  0.000000E+00  0.000000E+00  0.000000E+00
         2 -2.007178E-17  0.000000E+00  0.000000E+00
         3 -2.214033E-17  0.000000E+00  0.000000E+00
         4 -6.473216E-17  0.000000E+00  0.000000E+00
         5 -3.700400E-17  0.000000E+00  0.000000E+00
         6 -2.111113E-17  0.000000E+00  0.000000E+00
         7 -1.049928E-16  0.000000E+00  0.000000E+00
         8 -5.961320E-17  0.000000E+00  0.000000E+00
         9 -9.819482E-17  0.000000E+00  0.000000E+00
        10 -4.271608E-17  0.000000E+00  0.000000E+00
        11  0.000000E+00  0.000000E+00  0.000000E+00
        12  0.000000E+00  2.677247E-03  0.000000E+00
        13 -3.829027E-17  2.677247E-03  0.000000E+00
        14 -8.185479E-17  2.677247E-03  0.000000E+00
        15 -6.259684E-17  2.677247E-03  0.000000E+00
        16 -4.480386E-17  2.677247E-03  0.000000E+00
        17 -3.096505E-17  2.677247E-03  0.000000E+00
        18 -5.544859E-17  2.677247E-03  0.000000E+00
        19 -7.735054E-17  2.677247E-03  0.000000E+00
        20 -6.675835E-17  2.677247E-03  0.000000E+00
        21 -3.186275E-17  2.677247E-03  0.000000E+00
        22  0.000000E+00  2.677247E-03  0.000000E+00
        23  0.000000E+00  5.354495E-03  0.000000E+00
        24 -1.149070E-16  5.354495E-03  0.000000E+00
        25 -1.670355E-16  5.354495E-03  0.000000E+00
        26 -7.780616E-17  5.354495E-03  0.000000E+00
        27 -1.649705E-17  5.354495E-03  0.000000E+00
        28 -4.146944E-17  5.354495E-03  0.000000E+00
        29  7.338190E-18  5.354495E-03  0.000000E+00
        30 -7.265629E-17  5.354495E-03  0.000000E+00
        31 -4.341042E-17  5.354495E-03  0.000000E+00
        32 -3.625244E-17  5.354495E-03  0.000000E+00
        33  0.000000E+00  5.354495E-03  0.000000E+00
        34  0.000000E+00  0.000000E+00  1.338624E-03
        35 -6.335332E-18  0.000000E+00  1.338624E-03
        36 -4.368864E-17  0.000000E+00  1.338624E-03
        37 -5.603213E-17  0.000000E+00  1.338624E-03
        38 -4.335902E-17  0.000000E+00  1.338624E-03
        39 -1.659540E-17  0.000000E+00  1.338624E-03
        40 -9.738433E-17  0.000000E+00  1.338624E-03
        41 -7.401495E-17  0.000000E+00  1.338624E-03
        42 -8.032241E-17  0.000000E+00  1.338624E-03
        43 -5.049411E-17  0.000000E+00  1.338624E-03
        44  0.000000E+00  0.000000E+00  1.338624E-03
        45  0.000000E+00  2.677247E-03  1.338624E-03
        46 -5.154029E-17  2.677247E-03  1.338624E-03
        47 -6.297920E-17  2.677247E-03  1.338624E-03
        48 -7.798625E-17  2.677247E-03  1.338624E-03
        49 -3.732072E-17  2.677247E-03  1.338624E-03
        50 -3.729596E-17  2.677247E-03  1.338624E-03
        51 -5.628942E-17  2.677247E-03  1.338624E-03
        52 -7.330918E-17  2.677247E-03  1.338624E-03
        53 -5.932436E-17  2.677247E-03  1.338624E-03
        54 -4.698285E-17  2.677247E-03  1.338624E-03
        55  0.000000E+00  2.677247E-03  1.338624E-03
        56  0.000000E+00  5.354495E-03  1.338624E-03
        57 -1.602491E-16  5.354495E-03  1.338624E-03
        58 -1.386544E-16  5.354495E-03  1.338624E-03
        59 -7.859963E-17  5.354495E-03  1.338624E-03
        60 -2.388315E-17  5.354495E-03  1.338624E-03
        61 -2.573538E-17  5.354495E-03  1.338624E-03
        62 -1.685778E-17  5.354495E-03  1.338624E-03
        63 -5.461621E-17  5.354495E-03  1.338624E-03
        64 -3.962294E-17  5.354495E-03  1.338624E-03
        65 -3.037936E-17  5.354495E-03  1.338624E-03
        66  0.000000E+00  5.354495E-03  1.338624E-03
        67  0.000000E+00  0.000000E+00  2.677247E-03
        68  4.916400E-18  0.000000E+00  2.677247E-03
        69 -4.326027E-17  0.000000E+00  2.677247E-03
        70 -6.145372E-17  0.000000E+00  2.677247E-03
        71 -4.197266E-17  0.000000E+00  2.677247E-03
        72 -1.199655E-17  0.000000E+00  2.677247E-03
        73 -9.554956E-17  0.000000E+00  2.677247E-03
        74 -8.177136E-17  0.000000E+00  2.677247E-03
        75 -4.598850E-17  0.000000E+00  2.677247E-03
        76 -6.500143E-17  0.000000E+00  2.677247E-03
        77  0.000000E+00  0.000000E+00  2.677247E-03
        78  0.000000E+00  2.677247E-03  2.677247E-03
        79 -6.437190E-17  2.677247E-03  2.677247E-03
        80 -6.262480E-17  2.677247E-03  2.677247E-03
        81 -5.847691E-17  2.677247E-03  2.677247E-03
        82 -4.410407E-17  2.677247E-03  2.677247E-03
        83 -4.861874E-17  2.677247E-03  2.677247E-03
        84 -5.771844E-17  2.677247E-03  2.677247E-03
        85 -6.706598E-17  2.677247E-03  2.677247E-03
        86 -3.951469E-17  2.677247E-03  2.677247E-03
        87 -5.154313E-17  2.677247E-03  2.677247E-03
        88  0.000000E+00  2.677247E-03  2.677247E-03
        89  0.000000E+00  5.354495E-03  2.677247E-03
        90 -2.066239E-16  5.354495E-03  2.677247E-03
        91 -8.392250E-17  5.354495E-03  2.677247E-03
        92 -8.193819E-17  5.354495E-03  2.677247E-03
        93 -2.222714E-17  5.354495E-03  2.677247E-03
        94 -1.466171E-17  5.354495E-03  2.677247E-03
        95 -5.010562E-17  5.354495E-03  2.677247E-03
        96 -5.065934E-17  5.354495E-03  2.677247E-03
        97 -3.190918E-17  5.354495E-03  2.677247E-03
        98 -1.294781E-17  5.354495E-03  2.677247E-03
        99  0.000000E+00  5.354495E-03  2.677247E-03
       100  0.000000E+00  0.000000E+00  0.000000E+00
       101  0.000000E+00  0.000000E+00  0.000000E+00
       102  0.000000E+00  0.000000E+00  0.000000E+00
       103  0.000000E+00  0.000000E+00  0.000000E+00
       104  0.000000E+00  0.000000E+00  0.000000E+00
       105  0.000000E+00  0.000000E+00  0.000000E+00
       106  0.000000E+00  0.000000E+00  0.000000E+00
       107  0.000000E+00  0.000000E+00  0.000000E+00
       108  0.000000E+00  0.000000E+00  0.000000E+00
       109  0.000000E+00  0.000000E+00  0.000000E+00
       110  0.000000E+00  0.000000E+00  0.000000E+00
       111  0.000000E+00  0.000000E+00  0.000000E+00
       112  0.000000E+00  0.000000E+00  0.000000E+00
       113  0.000000E+00  0.000000E+00  0.000000E+00
       114  0.000000E+00  0.000000E+00  0.000000E+00
       115  0.000000E+00  0.000000E+00  0.000000E+00
       116  0.000000E+00  0.000000E+00  0.000000E+00
       117  0.000000E+00  0.000000E+00  0.000000E+00
       118  0.000000E+00  0.000000E+00  0.000000E+00
       119  0.000000E+00  0.000000E+00  0.000000E+00
       120  0.000000E+00  0.000000E+00  0.000000E+00
       121  0.000000E+00  0.000000E+00  0.000000E+00
       122  0.000000E+00  0.000000E+00  0.000000E+00
       123  0.000000E+00  0.000000E+00  0.000000E+00
       124  0.000000E+00  0.000000E+00  0.000000E+00
       125  0.000000E+00  0.000000E+00  0.000000E+00
       126  0.000000E+00  0.000000E+00  0.000000E+00
       127  0.000000E+00  0.000000E+00  0.000000E+00
       128  0.000000E+00  0.000000E+00  0.000000E+00
       129  0.000000E+00  0.000000E+00  0.000000E+00
       130  0.000000E+00  0.000000E+00  0.000000E+00
       131  0.000000E+00  0.000000E+00  0.000000E+00
       132  0.000000E+00  0.000000E+00  0.000000E+00
       133  0.000000E+00  0.000000E+00  0.000000E+00
       134  0.000000E+00  0.000000E+00  0.000000E+00
       135  0.000000E+00  0.000000E+00  0.000000E+00
       136  0.000000E+00  0.000000E+00  0.000000E+00
       137  0.000000E+00  0.000000E+00  0.000000E+00
       138  0.000000E+00  0.000000E+00  0.000000E+00
       139  0.000000E+00  0.000000E+00  0.000000E+00
       140  0.000000E+00  0.000000E+00  0.000000E+00
       141  0.000000E+00  0.000000E+00  0.000000E+00
       142  0.000000E+00  0.000000E+00  0.000000E+00
       143  0.000000E+00  0.000000E+00  0.000000E+00
       144  0.000000E+00  0.000000E+00  0.000000E+00
       145  0.000000E+00  0.000000E+00  0.000000E+00
       146  0.000000E+00  0.000000E+00  0.000000E+00
       147  0.000000E+00  0.000000E+00  0.000000E+00
       148  0.000000E+00  0.000000E+00  0.000000E+00
       149  0.000000E+00  0.000000E+00  0.000000E+00
       150  0.000000E+00  0.000000E+00  0.000000E+00
       151  0.000000E+00  0.000000E+00  0.000000E+00
       152  0.000000E+00  0.000000E+00  0.000000E+00
       153  0.000000E+00  0.000000E+00  0.000000E+00
       154  0.000000E+00  0.000000E+00  0.000000E+00
       155  0.000000E+00  0.000000E+00  0.000000E+00
       156  0.000000E+00  0.000000E+00  0.000000E+00
       157  0.000000E+00  0.000000E+00  0.000000E+00
       158  0.000000E+00  0.000000E+00  0.000000E+00
       159  0.000000E+00  0.000000E+00  0.000000E+00
       160  0.000000E+00  0.000000E+00  0.000000E+00
       161  0.000000E+00  0.000000E+00  0.000000E+00
       162  0.000000E+00  0.000000E+00  0.000000E+00
       163  0.000000E+00  0.000000E+00  0.000000E+00
       164  0.000000E+00  0.000000E+00  0.000000E+00
       165  0.000000E+00  0.000000E+00  0.000000E+00

 forces (fx,fy,fz) for set ALLN and time  0.3000000E+01

         1  3.895776E+01  2.435841E-09  4.870399E-09
         2 -9.812252E-13  4.870286E-09  9.732341E-09
         3  1.245605E-12  4.870581E-09  9.737586E-09
         4 -3.486309E-12  4.864869E-09  9.737661E-09
         5  7.996750E-14  4.861685E-09  9.724355E-09
         6  4.261219E-12  4.863325E-09  9.737814E-09
         7  1.434565E-12  4.872002E-09  9.746969E-09
         8 -1.384096E-13  4.873134E-09  9.747059E-09
         9 -7.468200E-14  4.873480E-09  9.747568E-09
        10 -1.899172E-13  4.872521E-09  9.745686E-09
        11 -3.895776E+01  2.436226E-09  4.872853E-09
        12  7.791553E+01  3.366339E-12  9.746879E-09
        13 -1.674647E-12  4.762575E-12  1.948785E-08
        14 -3.507856E-12 -1.584184E-12  1.948100E-08
        15  1.149367E-12  8.382519E-12  1.948047E-08
        16 -5.680283E-14  1.311641E-11  1.947920E-08
        17  6.636891E-13  8.937646E-12  1.948212E-08
        18  3.771587E-12  1.021321E-12  1.949039E-08
        19 -7.018328E-13  1.369480E-12  1.949199E-08
        20 -2.511673E-13  8.788848E-13  1.949431E-08
        21 -1.556851E-13  1.831742E-15  1.949257E-08
        22 -7.791553E+01 -1.289415E-13  9.746045E-09
        23  3.895776E+01 -2.438572E-09  4.876699E-09
        24 -1.561025E-12 -4.874948E-09  9.747181E-09
        25 -2.145728E-12 -4.868381E-09  9.739898E-09
        26  2.288868E-12 -4.872220E-09  9.741666E-09
        27  1.080616E-13 -4.873664E-09  9.744088E-09
        28 -3.022436E-13 -4.873015E-09  9.745689E-09
        29  1.523509E-12 -4.873456E-09  9.746565E-09
        30 -6.751430E-13 -4.874292E-09  9.747756E-09
        31 -5.799815E-13 -4.874163E-09  9.747512E-09
        32  5.395079E-14 -4.872874E-09  9.746158E-09
        33 -3.895776E+01 -2.436005E-09  4.872670E-09
        34  7.791553E+01  4.869661E-09 -5.046620E-12
        35  1.174356E-12  9.741758E-09  1.032816E-11
        36 -1.026258E-12  9.741594E-09  4.642778E-12
        37 -5.274561E-12  9.726968E-09 -2.380595E-12
        38  4.572522E-13  9.724526E-09  1.390411E-11
        39  7.087567E-12  9.727537E-09  1.265479E-12
        40  1.750260E-12  9.744027E-09 -1.086350E-12
        41  8.091233E-13  9.745669E-09 -2.330977E-12
        42 -4.819435E-14  9.745939E-09 -1.187346E-12
        43 -6.884738E-13  9.746043E-09 -4.944129E-14
        44 -7.791553E+01  4.872987E-09  3.338343E-13
        45  1.558311E+02  6.271553E-12 -1.341957E-11
        46  1.987813E-13  9.256572E-12  2.821686E-12
        47 -6.554965E-12 -4.051230E-12  1.355688E-12
        48 -2.198270E-12  1.663988E-11 -6.925703E-12
        49  2.153010E-12  2.247226E-11 -1.987802E-12
        50  2.597759E-12  1.815841E-11 -3.194082E-14
        51  4.647318E-12  8.395352E-13 -5.805049E-14
        52  3.349121E-13  1.017993E-12 -5.271928E-13
        53  2.810536E-13 -6.506023E-13 -7.612839E-13
        54 -1.028381E-12  1.089145E-12  5.534320E-13
        55 -1.558311E+02  9.645666E-13  2.095887E-13
        56  7.791553E+01 -4.875583E-09 -6.706619E-12
        57 -2.954125E-12 -9.751629E-09  2.273439E-13
        58 -3.645219E-12 -9.737646E-09 -2.006563E-12
        59  3.740465E-12 -9.743860E-09  1.454949E-13
        60  6.774936E-13 -9.746208E-09 -2.229958E-12
        61 -2.037240E-13 -9.746485E-09  4.698606E-14
        62 -5.159490E-13 -9.745070E-09 -3.879672E-12
        63  1.019195E-12 -9.746312E-09 -2.930155E-12
        64 -2.322691E-13 -9.746755E-09 -3.642499E-13
        65  6.036778E-14 -9.746947E-09 -9.159516E-13
        66 -7.791553E+01 -4.873326E-09 -1.710505E-12
        67  3.895776E+01  2.433351E-09 -4.864916E-09
        68  1.614690E-12  4.870658E-09 -9.741551E-09
        69 -1.639380E-12  4.870257E-09 -9.741650E-09
        70 -1.458509E-12  4.862816E-09 -9.734883E-09
        71  1.149973E-13  4.863514E-09 -9.736784E-09
        72  2.887668E-12  4.863995E-09 -9.740206E-09
        73  5.431658E-13  4.872893E-09 -9.746435E-09
        74  4.425122E-13  4.873304E-09 -9.744641E-09
        75  2.245238E-13  4.873138E-09 -9.746603E-09
        76  4.794544E-14  4.873713E-09 -9.747034E-09
        77 -3.895776E+01  2.436561E-09 -4.873011E-09
        78  7.791553E+01  2.383518E-12 -9.733807E-09
        79 -6.865164E-13  2.317434E-12 -1.949239E-08
        80 -1.594018E-12 -4.679300E-12 -1.948308E-08
        81 -2.036806E-12  7.932714E-12 -1.947397E-08
        82  1.833570E-12  6.703198E-12 -1.947802E-08
        83  1.876633E-12  8.459128E-12 -1.948183E-08
        84  1.753468E-12 -1.894336E-12 -1.948952E-08
        85  7.396935E-13 -5.363500E-13 -1.949093E-08
        86  5.060637E-13 -2.064706E-13 -1.949374E-08
        87 -3.923272E-13  6.597983E-13 -1.949130E-08
        88 -7.791553E+01  1.538914E-13 -9.745467E-09
        89  3.895776E+01 -2.436122E-09 -4.868908E-09
        90 -3.787803E-12 -4.873968E-09 -9.748167E-09
        91  6.140314E-13 -4.866012E-09 -9.737982E-09
        92  5.345622E-13 -4.871099E-09 -9.741174E-09
        93  1.360734E-12 -4.870063E-09 -9.742162E-09
        94  2.460499E-13 -4.872845E-09 -9.745461E-09
        95 -2.195074E-12 -4.870254E-09 -9.743404E-09
        96  2.235448E-12 -4.871997E-09 -9.745135E-09
        97  2.418572E-13 -4.873577E-09 -9.747033E-09
        98 -4.309850E-13 -4.873943E-09 -9.744539E-09
        99 -3.895776E+01 -2.436997E-09 -4.872557E-09
       100  0.000000E+00  0.000000E+00  0.000000E+00
       101  0.000000E+00  0.000000E+00  0.000000E+00
       102  0.000000E+00  0.000000E+00  0.000000E+00
       103  0.000000E+00  0.000000E+00  0.000000E+00
       104  0.000000E+00  0.000000E+00  0.000000E+00
       105  0.000000E+00  0.000000E+00  0.000000E+00
       106  0.000000E+00  0.000000E+00  0.000000E+00
       107  0.000000E+00  0.000000E+00  0.000000E+00
       108  0.000000E+00  0.000000E+00  0.000000E+00
       109  0.000000E+00  0.000000E+00  0.000000E+00
       110  0.000000E+00  0.000000E+00  0.000000E+00
       111  0.000000E+00  0.000000E+00  0.000000E+00
       112  0.000000E+00  0.000000E+00  0.000000E+00
       113  0.000000E+00  0.000000E+00  0.000000E+00
       114  0.000000E+00  0.000000E+00  0.000000E+00
       115  0.000000E+00  0.000000E+00  0.000000E+00
       116  0.000000E+00  0.000000E+00  0.000000E+00
       117  0.000000E+00  0.000000E+00  0.000000E+00
       118  0.000000E+00  0.000000E+00  0.000000E+00
       119  0.000000E+00  0.000000E+00  0.000000E+00
       120  0.000000E+00  0.000000E+00  0.000000E+00
       121  0.000000E+00  0.000000E+00  0.000000E+00
       122  0.000000E+00  0.000000E+00  0.000000E+00
       123  0.000000E+00  0.000000E+00  0.000000E+00
       124  0.000000E+00  0.000000E+00  0.000000E+00
       125  0.000000E+00  0.000000E+00  0.000000E+00
       126  0.000000E+00  0.000000E+00  0.000000E+00
       127  0.000000E+00  0.000000E+00  0.000000E+00
       128  0.000000E+00  0.000000E+00  0.000000E+00
       129  0.000000E+00  0.000000E+00  0.000000E+00
       130  0.000000E+00  0.000000E+00  0.000000E+00
       131  0.000000E+00  0.000000E+00  0.000000E+00
       132  0.000000E+00  0.000000E+00  0.000000E+00
       133  0.000000E+00  0.000000E+00  0.000000E+00
       134  0.000000E+00  0.000000E+00  0.000000E+00
       135  0.000000E+00  0.000000E+00  0.000000E+00
       136  0.000000E+00  0.000000E+00  0.000000E+00
       137  0.000000E+00  0.000000E+00  0.000000E+00
       138  0.000000E+00  0.000000E+00  0.000000E+00
       139  0.000000E+00  0.000000E+00  0.000000E+00
       140  0.000000E+00  0.000000E+00  0.000000E+00
       141  0.000000E+00  0.000000E+00  0.000000E+00
       142  0.000000E+00  0.000000E+00  0.000000E+00
       143  0.000000E+00  0.000000E+00  0.000000E+00
       144  0.000000E+00  0.000000E+00  0.000000E+00
       145  0.000000E+00  0.000000E+00  0.000000E+00
       146  0.000000E+00  0.000000E+00  0.000000E+00
       147  0.000000E+00  0.000000E+00  0.000000E+00
       148  0.000000E+00  0.000000E+00  0.000000E+00
       149  0.000000E+00  0.000000E+00  0.000000E+00
       150  0.000000E+00  0.000000E+00  0.000000E+00
       151  0.000000E+00  0.000000E+00  0.000000E+00
       152  0.000000E+00  0.000000E+00  0.000000E+00
       153  0.000000E+00  0.000000E+00  0.000000E+00
       154  0.000000E+00  0.000000E+00  0.000000E+00
       155  0.000000E+00  0.000000E+00  0.000000E+00
       156  0.000000E+00  0.000000E+00  0.000000E+00
       157  0.000000E+00  0.000000E+00  0.000000E+00
       158  0.000000E+00  0.000000E+00  0.000000E+00
       159  0.000000E+00  0.000000E+00  0.000000E+00
       160  0.000000E+00  0.000000E+00  0.000000E+00
       161  0.000000E+00  0.000000E+00  0.000000E+00
       162  0.000000E+00  0.000000E+00  0.000000E+00
       163  0.000000E+00  0.000000E+00  0.000000E+00
       164  0.000000E+00  0.000000E+00  0.000000E+00
       165  0.000000E+00  0.000000E+00  0.000000E+00

 stresses (elem, integ.pnt.,sxx,syy,szz,sxy,sxz,syz) for set ALLE and time  0.3000000E+01

         1   1 -3.100000E+02 -1.943549E-08 -1.943549E-08  1.553387E-13  5.642893E-13 -4.454560E-13
         1   2 -3.100000E+02 -1.941282E-08 -1.940076E-08 -6.579596E-13  1.084701E-12 -7.698361E-14
         1   3 -3.100000E+02 -1.943542E-08 -1.943542E-08  1.390714E-12  1.928591E-13 -8.915196E-13
         1   4 -3.100000E+02 -1.943542E-08 -1.943542E-08  5.774156E-13 -3.014881E-13  5.544694E-13
         1   5 -3.100000E+02 -1.943549E-08 -1.943549E-08  1.607079E-13  1.595750E-12 -1.233610E-12
         1   6 -3.100000E+02 -1.941282E-08 -1.940076E-08 -1.155277E-12  2.116161E-12 -8.954038E-13
         1   7 -3.100000E+02 -1.943542E-08 -1.943542E-08  1.926558E-12  1.200370E-12 -1.679673E-12
         1   8 -3.100000E+02 -1.943542E-08 -1.943542E-08  6.105725E-13  7.088925E-13 -2.639507E-13
         2   1 -3.100000E+02 -1.941679E-08 -1.940473E-08 -8.555058E-13  3.754843E-13  5.169551E-14
         2   2 -3.100000E+02 -1.942680E-08 -1.940273E-08 -1.369664E-12 -7.784401E-13  4.969327E-14
         2   3 -3.100000E+02 -1.943947E-08 -1.943947E-08  1.173998E-12 -3.115229E-13  8.011199E-13
         2   4 -3.100000E+02 -1.943947E-08 -1.943947E-08  6.619108E-13  8.653910E-13  1.401537E-13
         2   5 -3.100000E+02 -1.942680E-08 -1.940273E-08 -1.426966E-12  7.076276E-14 -5.340154E-13
         2   6 -3.100000E+02 -1.942680E-08 -1.940273E-08 -7.767322E-13 -1.076129E-12  9.060085E-14
         2   7 -3.100000E+02 -1.943947E-08 -1.943947E-08  2.535673E-13  1.787556E-14  2.156363E-13
         2   8 -3.100000E+02 -1.943947E-08 -1.943947E-08  9.076497E-13  1.179297E-12  2.011939E-13
         3   1 -3.100000E+02 -1.943947E-08 -1.943947E-08 -1.169803E-12 -8.393989E-13 -8.476136E-14
         3   2 -3.100000E+02 -1.940275E-08 -1.942682E-08  6.064125E-13  1.962847E-13 -4.358269E-13
         3   3 -3.100000E+02 -1.943143E-08 -1.943143E-08  1.483908E-13  3.669298E-13 -3.305033E-13
         3   4 -3.100000E+02 -1.940275E-08 -1.942682E-08  1.924534E-12 -7.715036E-13 -9.193181E-13
         3   5 -3.100000E+02 -1.943947E-08 -1.943947E-08 -4.805382E-13 -1.176733E-12 -7.845360E-14
         3   6 -3.100000E+02 -1.940275E-08 -1.942682E-08  1.816414E-13 -9.632367E-14 -1.162723E-12
         3   7 -3.100000E+02 -1.943143E-08 -1.943143E-08  7.243510E-13 -7.000153E-13 -3.241955E-13
         3   8 -3.100000E+02 -1.940275E-08 -1.942682E-08  1.388890E-12 -1.833731E-12 -1.639875E-12
         4   1 -3.100000E+02 -1.940878E-08 -1.942084E-08  5.940499E-13  6.275557E-13 -5.525136E-13
         4   2 -3.100000E+02 -1.937810E-08 -1.937810E-08 -1.428865E-13  3.204018E-14 -4.983526E-13
         4   3 -3.100000E+02 -1.940275E-08 -1.942682E-08  7.996162E-13 -4.609948E-13 -1.034215E-12
         4   4 -3.100000E+02 -1.940275E-08 -1.942682E-08  6.098997E-14  1.452788E-13 -7.491574E-13
         4   5 -3.100000E+02 -1.940275E-08 -1.942682E-08  9.736808E-14  9.008778E-13 -1.592216E-12
         4   6 -3.100000E+02 -1.936810E-08 -1.938011E-08  3.690851E-14  3.077213E-13 -1.659225E-12
         4   7 -3.100000E+02 -1.940275E-08 -1.942682E-08  4.303889E-13 -3.364366E-13 -2.066914E-12
         4   8 -3.100000E+02 -1.940275E-08 -1.942682E-08  3.643974E-13  2.685950E-13 -1.890947E-12
         5   1 -3.100000E+02 -1.937810E-08 -1.937810E-08 -6.247770E-13 -6.912543E-13 -3.103534E-13
         5   2 -3.100000E+02 -1.939876E-08 -1.942284E-08 -1.298449E-12 -2.883541E-13  1.533816E-13
         5   3 -3.100000E+02 -1.940275E-08 -1.942682E-08 -3.618616E-13  2.720954E-13 -4.553811E-13
         5   4 -3.100000E+02 -1.940275E-08 -1.942682E-08 -1.022104E-12  1.073024E-13  2.664299E-15
         5   5 -3.100000E+02 -1.937810E-08 -1.937810E-08 -3.808321E-13 -2.013272E-12 -1.023546E-12
         5   6 -3.100000E+02 -1.939876E-08 -1.942284E-08 -1.330397E-12 -1.684302E-12  7.800591E-13
         5   7 -3.100000E+02 -1.940275E-08 -1.942682E-08 -1.384027E-13  2.740814E-13 -1.168573E-12
         5   8 -3.100000E+02 -1.940275E-08 -1.942682E-08 -1.090837E-12  1.466474E-13  5.929142E-13
         6   1 -3.100000E+02 -1.940905E-08 -1.943311E-08 -1.016484E-12  3.218246E-13  3.002853E-13
         6   2 -3.100000E+02 -1.944574E-08 -1.944574E-08  1.185960E-12 -1.016295E-13  2.395651E-13
         6   3 -3.100000E+02 -1.938678E-08 -1.941084E-08 -1.453034E-12  3.292128E-14  6.122947E-14
         6   4 -3.100000E+02 -1.943549E-08 -1.943549E-08  7.513491E-13 -2.421910E-13 -2.331819E-13
         6   5 -3.100000E+02 -1.940905E-08 -1.943311E-08 -1.206213E-12  8.030606E-13  1.414324E-12
         6   6 -3.100000E+02 -1.944574E-08 -1.944574E-08  1.079749E-12  4.015977E-13  1.346285E-12
         6   7 -3.100000E+02 -1.938678E-08 -1.941084E-08 -1.714644E-12  4.806157E-13  1.153166E-12
         6   8 -3.100000E+02 -1.943549E-08 -1.943549E-08  5.606682E-13  2.630051E-13  8.660940E-13
         7   1 -3.100000E+02 -1.944343E-08 -1.944343E-08  1.420123E-12 -2.024504E-13  1.591728E-13
         7   2 -3.100000E+02 -1.944343E-08 -1.944343E-08  2.342788E-13 -3.339590E-13  5.086715E-14
         7   3 -3.100000E+02 -1.944343E-08 -1.944343E-08  7.475709E-13 -3.649876E-13 -3.332292E-13
         7   4 -3.100000E+02 -1.944343E-08 -1.944343E-08 -4.533448E-13 -4.980468E-13 -1.611305E-13
         7   5 -3.100000E+02 -1.944343E-08 -1.944343E-08  1.436098E-12  7.132451E-13  1.076490E-12
         7   6 -3.100000E+02 -1.944343E-08 -1.944343E-08  3.327482E-13  5.351483E-13  4.551830E-13
         7   7 -3.100000E+02 -1.944343E-08 -1.944343E-08  8.830519E-13  4.150041E-14  6.303611E-13
         7   8 -3.100000E+02 -1.944343E-08 -1.944343E-08 -2.100338E-13 -1.794105E-13  2.276579E-13
         8   1 -3.100000E+02 -1.944343E-08 -1.944343E-08 -1.431486E-13 -3.434451E-13 -6.694552E-14
         8   2 -3.100000E+02 -1.944343E-08 -1.944343E-08  3.938095E-13  9.673179E-13 -2.772024E-13
         8   3 -3.100000E+02 -1.942742E-08 -1.942742E-08 -1.079415E-12 -2.340971E-13 -5.709769E-13
         8   4 -3.100000E+02 -1.944343E-08 -1.944343E-08 -5.253222E-13  1.107871E-12 -1.716174E-12
         8   5 -3.100000E+02 -1.944343E-08 -1.944343E-08 -2.408061E-13 -4.402608E-13  2.467759E-13
         8   6 -3.100000E+02 -1.944343E-08 -1.944343E-08  1.586730E-13  8.110157E-13  3.495070E-13
         8   7 -3.100000E+02 -1.942742E-08 -1.942742E-08 -1.646390E-12 -8.678713E-14 -2.563185E-13
         8   8 -3.100000E+02 -1.944343E-08 -1.944343E-08 -1.238717E-12  1.248614E-12 -1.016157E-12
         9   1 -3.100000E+02 -1.944343E-08 -1.944343E-08  5.273288E-13  5.994576E-13 -1.451805E-13
         9   2 -3.100000E+02 -1.943947E-08 -1.943947E-08  4.779243E-13 -5.896400E-13  4.455383E-13
         9   3 -3.100000E+02 -1.944343E-08 -1.944343E-08 -5.598242E-13  7.190893E-13 -1.488340E-12
         9   4 -3.100000E+02 -1.943947E-08 -1.943947E-08 -5.873764E-13 -2.428702E-13  1.527447E-13
         9   5 -3.100000E+02 -1.944343E-08 -1.944343E-08  6.332313E-13 -1.091766E-12  8.079617E-13
         9   6 -3.100000E+02 -1.943947E-08 -1.943947E-08  7.189023E-13 -2.335576E-12  1.938886E-12
         9   7 -3.100000E+02 -1.944343E-08 -1.944343E-08  1.008903E-13 -5.094212E-13 -5.399265E-13
         9   8 -3.100000E+02 -1.943947E-08 -1.943947E-08  1.828640E-13 -1.374592E-12  1.641531E-12
        10   1 -3.100000E+02 -1.943947E-08 -1.943947E-08  3.254850E-13  2.621705E-13  5.794927E-13
        10   2 -3.100000E+02 -1.943947E-08 -1.943947E-08 -1.618977E-13  5.701338E-13  3.736647E-13
        10   3 -3.100000E+02 -1.943947E-08 -1.943947E-08 -6.639324E-13  7.881871E-16  8.895155E-13
        10   4 -3.100000E+02 -1.943947E-08 -1.943947E-08 -1.201558E-12  1.453948E-13  1.089611E-12
        10   5 -3.100000E+02 -1.943947E-08 -1.943947E-08  4.209793E-13  1.816048E-12  1.884253E-12
        10   6 -3.100000E+02 -1.943947E-08 -1.943947E-08 -8.551894E-14  2.192077E-12  6.492713E-13
        10   7 -3.100000E+02 -1.943947E-08 -1.943947E-08 -3.450606E-13  5.544082E-13  2.205099E-12
        10   8 -3.100000E+02 -1.943947E-08 -1.943947E-08 -8.802530E-13  6.727477E-13  1.366231E-12
        11   1 -3.100000E+02 -1.945973E-08 -1.944771E-08  1.037825E-12 -1.051868E-13 -5.878388E-13
        11   2 -3.100000E+02 -1.945973E-08 -1.944771E-08 -1.810702E-12 -1.320295E-12  4.407384E-13
        11   3 -3.100000E+02 -1.945772E-08 -1.945772E-08  8.702846E-13 -5.367145E-13 -3.798617E-13
        11   4 -3.100000E+02 -1.944971E-08 -1.944971E-08 -1.978242E-12 -2.718150E-12 -1.299073E-12
        11   5 -3.100000E+02 -1.945973E-08 -1.944771E-08  1.409728E-12  8.198538E-13 -1.954972E-13
        11   6 -3.100000E+02 -1.945973E-08 -1.944771E-08 -1.918131E-12 -3.943818E-13  6.247978E-13
        11   7 -3.100000E+02 -1.945772E-08 -1.945772E-08  2.521217E-13  1.823324E-13  7.932021E-15
        11   8 -3.100000E+02 -1.944971E-08 -1.944971E-08 -3.075737E-12 -2.002800E-12 -1.208665E-12
        12   1 -3.100000E+02 -1.944544E-08 -1.943342E-08 -2.263792E-13 -1.045844E-12  5.206132E-13
        12   2 -3.100000E+02 -1.944145E-08 -1.942944E-08  2.968269E-13  1.400975E-12 -3.111344E-14
        12   3 -3.100000E+02 -1.943542E-08 -1.943542E-08  2.542625E-12 -2.382629E-12 -1.255406E-12
        12   4 -3.100000E+02 -1.943542E-08 -1.943542E-08  3.064943E-12  1.229390E-12 -2.553597E-13
        12   5 -3.100000E+02 -1.944544E-08 -1.943342E-08 -1.123519E-12 -5.664947E-13  5.720658E-13
        12   6 -3.100000E+02 -1.944145E-08 -1.942944E-08 -1.341782E-14  1.853451E-12 -3.088039E-13
        12   7 -3.100000E+02 -1.943542E-08 -1.943542E-08  2.455997E-12 -2.181211E-12 -1.250235E-12
        12   8 -3.100000E+02 -1.943542E-08 -1.943542E-08  3.567071E-12  1.441582E-12 -5.982803E-13
        13   1 -3.100000E+02 -1.940474E-08 -1.941681E-08 -1.074648E-12  1.016000E-12 -3.658664E-13
        13   2 -3.100000E+02 -1.944145E-08 -1.942944E-08  8.036380E-13 -8.845570E-13 -4.403304E-13
        13   3 -3.100000E+02 -1.939474E-08 -1.941881E-08 -1.184013E-12  1.610068E-12  1.375716E-13
        13   4 -3.100000E+02 -1.943143E-08 -1.943143E-08  6.919619E-13  8.343008E-14  3.634846E-13
        13   5 -3.100000E+02 -1.940474E-08 -1.941681E-08 -9.871311E-13 -1.707847E-13 -5.743068E-13
        13   6 -3.100000E+02 -1.943542E-08 -1.943542E-08  1.043822E-12 -2.078881E-12 -3.354694E-13
        13   7 -3.100000E+02 -1.939474E-08 -1.941881E-08 -9.130766E-13  8.107417E-13 -6.699736E-14
        13   8 -3.100000E+02 -1.943940E-08 -1.943940E-08  1.121063E-12 -7.095220E-13  5.698739E-13
        14   1 -3.100000E+02 -1.944544E-08 -1.943342E-08 -3.619338E-13 -7.345206E-13 -3.775414E-13
        14   2 -3.100000E+02 -1.944544E-08 -1.943342E-08  5.789677E-13  1.999718E-13 -9.331920E-14
        14   3 -3.100000E+02 -1.944141E-08 -1.942940E-08 -1.190212E-12 -1.492606E-13  5.061077E-13
        14   4 -3.100000E+02 -1.944544E-08 -1.943342E-08 -2.499247E-13 -2.004238E-14  7.561008E-13
        14   5 -3.100000E+02 -1.944544E-08 -1.943342E-08  1.389552E-13 -6.812046E-13 -1.557353E-13
        14   6 -3.100000E+02 -1.944544E-08 -1.943342E-08  7.379927E-13  2.371673E-13 -3.436095E-14
        14   7 -3.100000E+02 -1.944141E-08 -1.942940E-08 -7.642900E-13 -3.041204E-13  7.106259E-13
        14   8 -3.100000E+02 -1.944544E-08 -1.943342E-08 -1.586857E-13 -1.240239E-13  6.943628E-13
        15   1 -3.100000E+02 -1.943947E-08 -1.943947E-08  2.944460E-13  4.676912E-13 -5.182913E-14
        15   2 -3.100000E+02 -1.943947E-08 -1.943947E-08 -6.868351E-13  2.630199E-13 -2.273488E-13
        15   3 -3.100000E+02 -1.943947E-08 -1.943947E-08 -1.513382E-12  1.156932E-13  7.413955E-13
        15   4 -3.100000E+02 -1.943947E-08 -1.943947E-08 -2.502202E-12  5.561712E-13  8.896896E-13
        15   5 -3.100000E+02 -1.943947E-08 -1.943947E-08  2.526182E-13  6.733091E-13 -3.258351E-13
        15   6 -3.100000E+02 -1.943947E-08 -1.943947E-08 -3.949621E-13  4.960220E-13 -1.267863E-12
        15   7 -3.100000E+02 -1.943947E-08 -1.943947E-08 -1.368626E-12 -4.280122E-13  4.590972E-13
        15   8 -3.100000E+02 -1.943947E-08 -1.943947E-08 -2.019075E-12  5.458208E-16 -8.797451E-14
        16   1 -3.100000E+02 -1.943549E-08 -1.943549E-08 -7.650511E-13  1.803175E-14 -3.908692E-13
        16   2 -3.100000E+02 -1.943549E-08 -1.943549E-08  7.871211E-13 -6.765128E-13 -6.103365E-13
        16   3 -3.100000E+02 -1.943947E-08 -1.943947E-08  1.756457E-14  1.691704E-13  1.169351E-12
        16   4 -3.100000E+02 -1.943947E-08 -1.943947E-08  1.550761E-12 -1.567096E-12  1.851681E-12
        16   5 -3.100000E+02 -1.943549E-08 -1.943549E-08 -6.356095E-13  3.686365E-13 -1.812124E-12
        16   6 -3.100000E+02 -1.943549E-08 -1.943549E-08  3.503556E-13 -3.515399E-13 -2.347748E-12
        16   7 -3.100000E+02 -1.943947E-08 -1.943947E-08  5.670698E-13  2.019774E-13 -2.315485E-13
        16   8 -3.100000E+02 -1.943947E-08 -1.943947E-08  1.553449E-12 -1.585995E-12  1.375261E-13
        17   1 -3.100000E+02 -1.943947E-08 -1.943947E-08  5.138015E-13 -7.102088E-13 -5.051781E-13
        17   2 -3.100000E+02 -1.943947E-08 -1.943947E-08  1.532076E-13 -2.908424E-13 -2.108379E-13
        17   3 -3.100000E+02 -1.945376E-08 -1.945376E-08  6.662113E-13 -1.084050E-12  1.669626E-12
        17   4 -3.100000E+02 -1.945376E-08 -1.945376E-08  3.032371E-13  1.755533E-13  7.946822E-13
        17   5 -3.100000E+02 -1.943947E-08 -1.943947E-08  1.254880E-14 -3.695172E-14 -1.998458E-12
        17   6 -3.100000E+02 -1.943947E-08 -1.943947E-08  1.305858E-13  4.236215E-13 -4.414290E-13
        17   7 -3.100000E+02 -1.943549E-08 -1.943549E-08 -5.035257E-13  7.666271E-13  2.190189E-13
        17   8 -3.100000E+02 -1.943549E-08 -1.943549E-08 -3.588077E-13  2.004103E-12  5.604668E-13
        18   1 -3.100000E+02 -1.944343E-08 -1.944343E-08 -2.918711E-13 -5.163726E-14 -5.020465E-13
        18   2 -3.100000E+02 -1.944343E-08 -1.944343E-08  2.037609E-13  9.770259E-13 -1.336093E-12
        18   3 -3.100000E+02 -1.944343E-08 -1.944343E-08 -1.808331E-13  2.526392E-14  8.284043E-13
        18   4 -3.100000E+02 -1.944343E-08 -1.944343E-08  3.073219E-13  1.012502E-12  2.100371E-12
        18   5 -3.100000E+02 -1.944343E-08 -1.944343E-08 -4.491475E-13  6.959938E-14 -5.299342E-13
        18   6 -3.100000E+02 -1.944343E-08 -1.944343E-08 -6.374730E-14  9.928087E-13 -2.147182E-12
        18   7 -3.100000E+02 -1.944343E-08 -1.944343E-08  8.099166E-13 -6.105190E-13  7.825073E-13
        18   8 -3.100000E+02 -1.944343E-08 -1.944343E-08  1.177686E-12  3.644131E-13  1.419255E-12
        19   1 -3.100000E+02 -1.944343E-08 -1.944343E-08  1.634755E-13  8.538974E-13 -1.435466E-12
        19   2 -3.100000E+02 -1.943947E-08 -1.943947E-08 -6.973597E-14 -1.105185E-13 -4.098478E-13
        19   3 -3.100000E+02 -1.944343E-08 -1.944343E-08  5.868906E-13  1.350953E-12  1.883541E-12
        19   4 -3.100000E+02 -1.943947E-08 -1.943947E-08  2.993247E-13  5.586850E-13 -1.588011E-13
        19   5 -3.100000E+02 -1.944343E-08 -1.944343E-08  6.399222E-13  1.160370E-13 -2.045817E-12
        19   6 -3.100000E+02 -1.943947E-08 -1.943947E-08  4.737198E-13 -6.941733E-13 -2.560416E-13
        19   7 -3.100000E+02 -1.944343E-08 -1.944343E-08 -4.612358E-13  1.362929E-12  1.220955E-12
        19   8 -3.100000E+02 -1.943947E-08 -1.943947E-08 -6.196579E-13  5.919615E-13 -2.055038E-14
        20   1 -3.100000E+02 -1.944343E-08 -1.944343E-08 -1.570304E-13 -2.343469E-13  2.389567E-14
        20   2 -3.100000E+02 -1.943947E-08 -1.943947E-08 -1.059510E-12 -1.330520E-13  8.409120E-14
        20   3 -3.100000E+02 -1.943947E-08 -1.943947E-08  8.440197E-13 -6.174053E-13 -1.064676E-12
        20   4 -3.100000E+02 -1.943947E-08 -1.943947E-08 -3.507602E-14 -6.538927E-13 -1.375287E-12
        20   5 -3.100000E+02 -1.943947E-08 -1.943947E-08  3.143644E-13 -6.947252E-13 -1.866306E-13
        20   6 -3.100000E+02 -1.943947E-08 -1.943947E-08 -6.744577E-13 -5.667777E-13 -1.755688E-12
        20   7 -3.100000E+02 -1.943947E-08 -1.943947E-08  1.105502E-12 -2.609325E-12 -1.168027E-12
        20   8 -3.100000E+02 -1.943947E-08 -1.943947E-08  6.171890E-14 -2.700774E-12 -3.284636E-12
        21   1 -3.100000E+02 -1.941282E-08 -1.940076E-08  2.055811E-13  1.192563E-12 -1.775358E-12
        21   2 -3.100000E+02 -1.943549E-08 -1.943549E-08 -1.430685E-12  1.601286E-12 -1.506334E-12
        21   3 -3.100000E+02 -1.941679E-08 -1.940473E-08  2.408356E-12  7.024619E-13 -3.986972E-12
        21   4 -3.100000E+02 -1.942945E-08 -1.944147E-08  7.720900E-13  3.969306E-13 -2.363321E-12
        21   5 -3.100000E+02 -1.941282E-08 -1.940076E-08  3.218787E-13 -8.424015E-13 -6.380423E-13
        21   6 -3.100000E+02 -1.943549E-08 -1.943549E-08 -1.676719E-12 -4.336792E-13 -8.862193E-13
        21   7 -3.100000E+02 -1.941282E-08 -1.940076E-08  3.202425E-12 -1.837881E-12 -2.849656E-12
        21   8 -3.100000E+02 -1.943745E-08 -1.944946E-08  1.205470E-12 -2.142998E-12 -1.743207E-12
        22   1 -3.100000E+02 -1.943143E-08 -1.943143E-08 -1.783919E-12  2.687866E-13 -1.131578E-12
        22   2 -3.100000E+02 -1.943143E-08 -1.943143E-08 -5.776351E-13 -1.501954E-13 -3.418333E-13
        22   3 -3.100000E+02 -1.942945E-08 -1.944147E-08 -1.296487E-13 -1.202561E-13 -1.306681E-12
        22   4 -3.100000E+02 -1.943947E-08 -1.943947E-08  1.074933E-12  2.217773E-13 -6.495395E-14
        22   5 -3.100000E+02 -1.943143E-08 -1.943143E-08 -2.191579E-12  8.218448E-13 -1.168898E-12
        22   6 -3.100000E+02 -1.943143E-08 -1.943143E-08 -6.021739E-13  4.080741E-13 -1.741955E-12
        22   7 -3.100000E+02 -1.943947E-08 -1.943947E-08 -3.282129E-13 -8.940276E-13 -1.355605E-12
        22   8 -3.100000E+02 -1.943947E-08 -1.943947E-08  1.259296E-12 -5.476902E-13 -1.453178E-12
        23   1 -3.100000E+02 -1.943143E-08 -1.943143E-08 -1.755095E-13 -4.095042E-13 -2.648041E-13
        23   2 -3.100000E+02 -1.939474E-08 -1.941881E-08  2.125946E-13 -1.162328E-13 -8.175948E-13
        23   3 -3.100000E+02 -1.943947E-08 -1.943947E-08  9.926794E-13 -6.793637E-13  1.560495E-13
        23   4 -3.100000E+02 -1.940275E-08 -1.942682E-08  1.373965E-12  3.108854E-13 -4.275281E-13
        23   5 -3.100000E+02 -1.943143E-08 -1.943143E-08 -1.998534E-14 -2.522879E-13 -1.438316E-12
        23   6 -3.100000E+02 -1.939474E-08 -1.941881E-08  7.025702E-13 -4.569922E-15 -8.226213E-14
        23   7 -3.100000E+02 -1.943947E-08 -1.943947E-08  1.152735E-12  1.376635E-12 -1.017462E-12
        23   8 -3.100000E+02 -1.940275E-08 -1.942682E-08  1.877650E-12  2.371602E-12  3.429243E-13
        24   1 -3.100000E+02 -1.940474E-08 -1.941681E-08  7.590836E-14  7.626939E-13 -1.151152E-12
        24   2 -3.100000E+02 -1.940275E-08 -1.942682E-08  4.849298E-14  5.894094E-13 -1.494497E-12
        24   3 -3.100000E+02 -1.937810E-08 -1.937810E-08  4.326530E-13  1.352200E-12 -7.356690E-13
        24   4 -3.100000E+02 -1.940275E-08 -1.942682E-08  4.166812E-13  7.860289E-14 -1.093080E-12
        24   5 -3.100000E+02 -1.940474E-08 -1.941681E-08  4.865934E-13  2.944213E-13  1.697725E-13
        24   6 -3.100000E+02 -1.940275E-08 -1.942682E-08 -1.605799E-14  9.722876E-14 -4.525372E-13
        24   7 -3.100000E+02 -1.937810E-08 -1.937810E-08  8.515256E-13  6.057407E-13  5.824673E-13
        24   8 -3.100000E+02 -1.940275E-08 -1.942682E-08  3.316435E-13 -6.022169E-13 -5.723755E-14
        25   1 -3.100000E+02 -1.940878E-08 -1.942084E-08 -4.304026E-13 -1.842867E-12 -9.992997E-13
        25   2 -3.100000E+02 -1.939876E-08 -1.942284E-08 -1.486855E-12 -1.782655E-12  6.464522E-13
        25   3 -3.100000E+02 -1.940275E-08 -1.942682E-08 -3.008995E-13 -4.623149E-13 -8.232343E-13
        25   4 -3.100000E+02 -1.939076E-08 -1.941482E-08 -1.386633E-12 -3.826214E-13  3.446130E-13
        25   5 -3.100000E+02 -1.940878E-08 -1.942084E-08 -7.759900E-13 -1.191960E-12 -5.153738E-13
        25   6 -3.100000E+02 -1.939876E-08 -1.942284E-08 -1.814776E-12 -1.129472E-12 -1.297319E-13
        25   7 -3.100000E+02 -1.940878E-08 -1.942084E-08 -8.991545E-13 -1.075182E-12 -3.393084E-13
        25   8 -3.100000E+02 -1.938678E-08 -1.941084E-08 -1.942245E-12 -1.013533E-12 -4.589681E-13
        26   1 -3.100000E+02 -1.941303E-08 -1.943710E-08 -1.322611E-12  9.454343E-13  1.312818E-12
        26   2 -3.100000E+02 -1.944574E-08 -1.944574E-08  9.746043E-13 -1.540696E-13  1.461130E-12
        26   3 -3.100000E+02 -1.939076E-08 -1.941482E-08 -1.915126E-12  5.914445E-13  8.334338E-13
        26   4 -3.100000E+02 -1.944343E-08 -1.944343E-08  4.016857E-13 -3.800024E-13  9.951431E-13
        26   5 -3.100000E+02 -1.941303E-08 -1.943710E-08 -1.542791E-12  1.453493E-12  1.863801E-13
        26   6 -3.100000E+02 -1.944574E-08 -1.944574E-08  8.040093E-13  3.096633E-13  6.848021E-13
        26   7 -3.100000E+02 -1.939076E-08 -1.941482E-08 -2.085227E-12  1.514382E-12 -3.243199E-13
        26   8 -3.100000E+02 -1.944544E-08 -1.943342E-08  2.373475E-13  4.715284E-13  1.935581E-13
        27   1 -3.100000E+02 -1.944343E-08 -1.944343E-08  1.405926E-12  1.511453E-13  1.275865E-12
        27   2 -3.100000E+02 -1.942742E-08 -1.942742E-08  4.201611E-13  1.169257E-12  6.885323E-13
        27   3 -3.100000E+02 -1.942742E-08 -1.942742E-08  8.914561E-13 -6.207885E-13  8.395429E-13
        27   4 -3.100000E+02 -1.944343E-08 -1.944343E-08 -9.903439E-14  7.298619E-13  2.767536E-13
        27   5 -3.100000E+02 -1.944343E-08 -1.944343E-08  1.340997E-12 -2.028116E-14  9.361981E-13
        27   6 -3.100000E+02 -1.942742E-08 -1.942742E-08  5.485682E-13  9.301067E-13  1.109129E-12
        27   7 -3.100000E+02 -1.944343E-08 -1.944343E-08  7.948877E-13  1.018298E-13  4.595471E-13
        27   8 -3.100000E+02 -1.944343E-08 -1.944343E-08  6.194509E-14  1.295763E-12  6.929537E-13
        28   1 -3.100000E+02 -1.944343E-08 -1.944343E-08 -2.775920E-13 -6.497451E-13  5.180489E-13
        28   2 -3.100000E+02 -1.943947E-08 -1.943947E-08 -6.060550E-14  1.223506E-12  7.110995E-13
        28   3 -3.100000E+02 -1.943947E-08 -1.943947E-08 -1.971911E-12  8.086692E-15 -1.249954E-13
        28   4 -3.100000E+02 -1.943947E-08 -1.943947E-08 -1.745075E-12  1.346485E-12 -6.128205E-13
        28   5 -3.100000E+02 -1.944343E-08 -1.944343E-08 -2.702125E-13 -3.541979E-12  1.119487E-12
        28   6 -3.100000E+02 -1.943947E-08 -1.943947E-08 -3.472625E-13 -1.751998E-12  9.694727E-13
        28   7 -3.100000E+02 -1.943947E-08 -1.943947E-08 -2.274855E-12 -3.238866E-12  4.778900E-13
        28   8 -3.100000E+02 -1.943947E-08 -1.943947E-08 -2.349863E-12 -1.889762E-12 -3.204235E-13
        29   1 -3.100000E+02 -1.943947E-08 -1.943947E-08  6.864999E-13  4.849399E-13  1.084935E-12
        29   2 -3.100000E+02 -1.944343E-08 -1.944343E-08  8.452169E-13 -1.849224E-12  1.921060E-12
        29   3 -3.100000E+02 -1.943947E-08 -1.943947E-08  4.595337E-13  7.446994E-13 -2.197082E-13
        29   4 -3.100000E+02 -1.943947E-08 -1.943947E-08  6.188574E-13 -7.612016E-13  1.278079E-12
        29   5 -3.100000E+02 -1.943947E-08 -1.943947E-08  6.061911E-13  3.003061E-12  8.797932E-13
        29   6 -3.100000E+02 -1.944343E-08 -1.944343E-08  1.167494E-12  9.545455E-13  7.485988E-13
        29   7 -3.100000E+02 -1.943947E-08 -1.943947E-08  7.091722E-13  2.423041E-12 -4.368614E-13
        29   8 -3.100000E+02 -1.943947E-08 -1.943947E-08  1.304522E-12  9.680177E-13  8.918323E-14
        30   1 -3.100000E+02 -1.944343E-08 -1.944343E-08  5.573871E-13  1.799512E-12  1.694253E-12
        30   2 -3.100000E+02 -1.943947E-08 -1.943947E-08 -1.137048E-14  2.089542E-12  2.736293E-13
        30   3 -3.100000E+02 -1.942945E-08 -1.944147E-08 -9.117454E-14  6.552922E-13  1.374177E-12
        30   4 -3.100000E+02 -1.943947E-08 -1.943947E-08 -6.783764E-13  6.676215E-13  2.003244E-13
        30   5 -3.100000E+02 -1.944343E-08 -1.944343E-08  8.713436E-13 -4.868905E-14  4.703686E-13
        30   6 -3.100000E+02 -1.943947E-08 -1.943947E-08  7.721099E-14  3.163595E-13 -1.947997E-13
        30   7 -3.100000E+02 -1.943947E-08 -1.943947E-08  3.308845E-13 -3.458365E-13  1.932142E-13
        30   8 -3.100000E+02 -1.943947E-08 -1.943947E-08 -4.886872E-13 -3.950918E-13 -2.638160E-13
        31   1 -3.100000E+02 -1.943311E-08 -1.940905E-08  1.689833E-12  2.403307E-13 -1.467126E-12
        31   2 -3.100000E+02 -1.945772E-08 -1.945772E-08 -2.107558E-12 -9.214696E-13 -3.089771E-13
        31   3 -3.100000E+02 -1.943311E-08 -1.940905E-08 -3.092731E-13 -5.347541E-13  4.638139E-12
        31   4 -3.100000E+02 -1.945772E-08 -1.945772E-08 -4.106665E-12 -3.276036E-12  3.089537E-12
        31   5 -3.100000E+02 -1.943311E-08 -1.940905E-08  2.085158E-12 -2.328273E-12 -2.923745E-12
        31   6 -3.100000E+02 -1.945772E-08 -1.945772E-08 -2.501433E-12 -3.489946E-12 -1.263044E-12
        31   7 -3.100000E+02 -1.945140E-08 -1.942734E-08 -1.236801E-12 -2.662687E-12  3.241621E-12
        31   8 -3.100000E+02 -1.946401E-08 -1.946401E-08 -5.824826E-12 -5.403555E-12  2.135688E-12
        32   1 -3.100000E+02 -1.943947E-08 -1.943947E-08 -1.669794E-12 -7.584079E-13  1.379782E-13
        32   2 -3.100000E+02 -1.944145E-08 -1.942944E-08  3.441602E-13  1.246711E-12  3.222068E-13
        32   3 -3.100000E+02 -1.943947E-08 -1.943947E-08  1.878768E-12 -2.175212E-12  2.018032E-12
        32   4 -3.100000E+02 -1.944544E-08 -1.943342E-08  3.894284E-12  3.610860E-12  5.669470E-13
        32   5 -3.100000E+02 -1.943947E-08 -1.943947E-08 -2.265435E-12 -1.595369E-12 -2.255309E-13
        32   6 -3.100000E+02 -1.940474E-08 -1.941681E-08  1.643374E-12  4.001214E-13  1.073150E-12
        32   7 -3.100000E+02 -1.943947E-08 -1.943947E-08  4.316430E-13 -1.857345E-12  1.662495E-12
        32   8 -3.100000E+02 -1.940474E-08 -1.941681E-08  4.337734E-12  3.942867E-12  1.177528E-12
        33   1 -3.100000E+02 -1.940474E-08 -1.941681E-08 -4.928782E-13  1.627045E-13  4.048280E-13
        33   2 -3.100000E+02 -1.943542E-08 -1.943542E-08  9.523420E-13  6.977510E-14  5.367384E-13
        33   3 -3.100000E+02 -1.940474E-08 -1.941681E-08 -3.117096E-13  2.715219E-12 -7.269845E-14
        33   4 -3.100000E+02 -1.944141E-08 -1.942940E-08  1.137356E-12 -8.779668E-13  1.440699E-13
        33   5 -3.100000E+02 -1.940474E-08 -1.941681E-08  8.019817E-13  2.286515E-12  9.944269E-13
        33   6 -3.100000E+02 -1.943947E-08 -1.943947E-08  4.781771E-13  2.197890E-12 -6.376683E-13
        33   7 -3.100000E+02 -1.939468E-08 -1.941874E-08  1.017644E-12  3.098856E-12  5.130969E-13
        33   8 -3.100000E+02 -1.944141E-08 -1.942940E-08  6.961989E-13 -4.650004E-13 -1.069917E-12
        34   1 -3.100000E+02 -1.944544E-08 -1.943342E-08  1.173021E-13  7.427578E-13  5.188192E-13
        34   2 -3.100000E+02 -1.944544E-08 -1.943342E-08  9.266131E-13 -3.930117E-14  5.710265E-13
        34   3 -3.100000E+02 -1.944141E-08 -1.942940E-08 -5.421210E-13 -1.263074E-12  6.986637E-13
        34   4 -3.100000E+02 -1.944544E-08 -1.943342E-08  2.632374E-13 -1.605332E-13  2.228138E-12
        34   5 -3.100000E+02 -1.943342E-08 -1.944544E-08 -4.406470E-13 -2.293959E-13 -1.386942E-12
        34   6 -3.100000E+02 -1.940474E-08 -1.941681E-08  1.384870E-12 -1.050531E-12 -1.812938E-12
        34   7 -3.100000E+02 -1.943940E-08 -1.943940E-08 -3.744624E-13 -2.654445E-12 -1.212632E-12
        34   8 -3.100000E+02 -1.940474E-08 -1.941681E-08  1.457622E-12 -1.523981E-12 -1.147652E-13
        35   1 -3.100000E+02 -1.944343E-08 -1.944343E-08  3.535070E-13  8.120521E-14 -4.396136E-14
        35   2 -3.100000E+02 -1.943947E-08 -1.943947E-08 -2.369143E-13  7.029651E-14 -1.484246E-12
        35   3 -3.100000E+02 -1.943542E-08 -1.943542E-08 -1.056812E-12  3.062893E-13  2.544402E-12
        35   4 -3.100000E+02 -1.943947E-08 -1.943947E-08 -1.655959E-12  2.752688E-13  1.853470E-12
        35   5 -3.100000E+02 -1.944145E-08 -1.942944E-08  6.001499E-13 -5.469252E-13 -1.989164E-12
        35   6 -3.100000E+02 -1.943947E-08 -1.943947E-08 -5.848250E-14 -4.829371E-13 -2.176011E-12
        35   7 -3.100000E+02 -1.944544E-08 -1.943342E-08 -4.087530E-13  1.006304E-12  5.684412E-13
        35   8 -3.100000E+02 -1.943947E-08 -1.943947E-08 -1.071911E-12  9.633634E-13  1.237830E-12
        36   1 -3.100000E+02 -1.943947E-08 -1.943947E-08 -4.138741E-13  3.329230E-13 -2.089651E-12
        36   2 -3.100000E+02 -1.944343E-08 -1.944343E-08  1.460331E-13 -1.098381E-12 -2.396881E-12
        36   3 -3.100000E+02 -1.943947E-08 -1.943947E-08  1.135738E-12  1.271009E-13  1.901536E-12
        36   4 -3.100000E+02 -1.943947E-08 -1.943947E-08  1.704978E-12 -2.266975E-12  2.647047E-12
        36   5 -3.100000E+02 -1.943947E-08 -1.943947E-08  4.289318E-14  1.299237E-12 -2.443842E-12
        36   6 -3.100000E+02 -1.944544E-08 -1.943342E-08  8.017925E-14 -1.093041E-13 -3.210264E-12
        36   7 -3.100000E+02 -1.943947E-08 -1.943947E-08  2.046016E-12  6.779613E-13  1.623719E-12
        36   8 -3.100000E+02 -1.943947E-08 -1.943947E-08  2.085343E-12 -1.757942E-12  1.867870E-12
        37   1 -3.100000E+02 -1.944343E-08 -1.944343E-08 -4.021448E-13 -6.358004E-13 -2.075567E-12
        37   2 -3.100000E+02 -1.943947E-08 -1.943947E-08 -1.466398E-14  1.149824E-12 -8.675350E-13
        37   3 -3.100000E+02 -1.943549E-08 -1.943549E-08 -1.312809E-12  6.893529E-14  2.892234E-12
        37   4 -3.100000E+02 -1.943549E-08 -1.943549E-08 -9.563204E-13  1.962697E-12  3.146809E-12
        37   5 -3.100000E+02 -1.944343E-08 -1.944343E-08 -9.962221E-13 -3.265463E-13 -3.526546E-12
        37   6 -3.100000E+02 -1.943947E-08 -1.943947E-08 -4.473237E-13  1.463533E-12 -3.924964E-12
        37   7 -3.100000E+02 -1.938678E-08 -1.941084E-08 -2.406758E-12 -1.200789E-12  1.482768E-12
        37   8 -3.100000E+02 -1.943549E-08 -1.943549E-08 -1.871793E-12  7.176408E-13  3.045482E-14
        38   1 -3.100000E+02 -1.943947E-08 -1.943947E-08 -9.491912E-13  2.066991E-13 -8.733535E-13
        38   2 -3.100000E+02 -1.944343E-08 -1.944343E-08 -6.795765E-13  9.826422E-13 -2.063787E-12
        38   3 -3.100000E+02 -1.943947E-08 -1.943947E-08  4.743425E-13  2.305186E-14  2.233370E-12
        38   4 -3.100000E+02 -1.944343E-08 -1.944343E-08  7.516553E-13  6.424758E-13 -5.685197E-13
        38   5 -3.100000E+02 -1.943947E-08 -1.943947E-08 -2.047183E-12 -1.594869E-12 -2.860410E-12
        38   6 -3.100000E+02 -1.944343E-08 -1.944343E-08 -1.975401E-12 -7.118731E-13  4.189209E-13
        38   7 -3.100000E+02 -1.943947E-08 -1.943947E-08 -1.442444E-12  2.713345E-12  2.526537E-13
        38   8 -3.100000E+02 -1.944343E-08 -1.944343E-08 -1.364094E-12  3.421392E-12  2.005772E-12
        39   1 -3.100000E+02 -1.944343E-08 -1.944343E-08  8.424365E-13  7.347240E-13 -2.033375E-12
        39   2 -3.100000E+02 -1.943947E-08 -1.943947E-08  9.692292E-13 -1.134492E-13 -4.938104E-13
        39   3 -3.100000E+02 -1.943342E-08 -1.944544E-08 -9.056663E-13  6.524880E-13 -1.080930E-12
        39   4 -3.100000E+02 -1.944343E-08 -1.944343E-08 -7.593803E-13  1.450688E-12 -2.432692E-13
        39   5 -3.100000E+02 -1.944343E-08 -1.944343E-08  1.076856E-12  1.226040E-12  1.243098E-12
        39   6 -3.100000E+02 -1.943947E-08 -1.943947E-08  1.939247E-12  4.656335E-13  3.041562E-13
        39   7 -3.100000E+02 -1.944343E-08 -1.944343E-08 -9.062892E-13 -1.295687E-12  2.129309E-12
        39   8 -3.100000E+02 -1.944544E-08 -1.943342E-08 -2.132823E-14 -4.761880E-13  6.225301E-13
        40   1 -3.100000E+02 -1.943947E-08 -1.943947E-08  8.086327E-13 -2.279412E-13 -6.843648E-13
        40   2 -3.100000E+02 -1.944343E-08 -1.944343E-08 -3.845171E-13 -6.030315E-13 -2.602975E-12
        40   3 -3.100000E+02 -1.944544E-08 -1.943342E-08  1.645515E-12 -1.684864E-12 -3.001587E-13
        40   4 -3.100000E+02 -1.944343E-08 -1.944343E-08  4.429147E-13 -3.021927E-12 -1.375126E-12
        40   5 -3.100000E+02 -1.943947E-08 -1.943947E-08  1.700701E-12 -8.070055E-13 -6.152414E-13
        40   6 -3.100000E+02 -1.944544E-08 -1.943342E-08  8.520900E-14 -1.294474E-12 -2.232390E-12
        40   7 -3.100000E+02 -1.944539E-08 -1.943338E-08  2.944205E-12 -1.927189E-12 -9.788499E-14
        40   8 -3.100000E+02 -1.944141E-08 -1.942940E-08  1.322974E-12 -3.267564E-12 -9.371375E-13

 equivalent plastic strain (elem, integ.pnt.,pe)for set ALLE and time  0.3000000E+01

         1   1  2.570000E-03
         1   2  2.570000E-03
         1   3  2.570000E-03
         1   4  2.570000E-03
         1   5  2.570000E-03
         1   6  2.570000E-03
         1   7  2.570000E-03
         1   8  2.570000E-03
         2   1  2.570000E-03
         2   2  2.570000E-03
         2   3  2.570000E-03
         2   4  2.570000E-03
         2   5  2.570000E-03
         2   6  2.570000E-03
         2   7  2.570000E-03
         2   8  2.570000E-03
         3   1  2.570000E-03
         3   2  2.570000E-03
         3   3  2.570000E-03
         3   4  2.570000E-03
         3   5  2.570000E-03
         3   6  2.570000E-03
         3   7  2.570000E-03
         3   8  2.570000E-03
         4   1  2.570000E-03
         4   2  2.570000E-03
         4   3  2.570000E-03
         4   4  2.570000E-03
         4   5  2.570000E-03
         4   6  2.570000E-03
         4   7  2.570000E-03
         4   8  2.570000E-03
         5   1  2.570000E-03
         5   2  2.570000E-03
         5   3  2.570000E-03
         5   4  2.570000E-03
         5   5  2.570000E-03
         5   6  2.570000E-03
         5   7  2.570000E-03
         5   8  2.570000E-03
         6   1  2.570000E-03
         6   2  2.570000E-03
         6   3  2.570000E-03
         6   4  2.570000E-03
         6   5  2.570000E-03
         6   6  2.570000E-03
         6   7  2.570000E-03
         6   8  2.570000E-03
         7   1  2.570000E-03
         7   2  2.570000E-03
         7   3  2.570000E-03
         7   4  2.570000E-03
         7   5  2.570000E-03
         7   6  2.570000E-03
         7   7  2.570000E-03
         7   8  2.570000E-03
         8   1  2.570000E-03
         8   2  2.570000E-03
         8   3  2.570000E-03
         8   4  2.570000E-03
         8   5  2.570000E-03
         8   6  2.570000E-03
         8   7  2.570000E-03
         8   8  2.570000E-03
         9   1  2.570000E-03
         9   2  2.570000E-03
         9   3  2.570000E-03
         9   4  2.570000E-03
         9   5  2.570000E-03
         9   6  2.570000E-03
         9   7  2.570000E-03
         9   8  2.570000E-03
        10   1  2.570000E-03
        10   2  2.570000E-03
        10   3  2.570000E-03
        10   4  2.570000E-03
        10   5  2.570000E-03
        10   6  2.570000E-03
        10   7  2.570000E-03
        10   8  2.570000E-03
        11   1  2.570000E-03
        11   2  2.570000E-03
        11   3  2.570000E-03
        11   4  2.570000E-03
        11   5  2.570000E-03
        11   6  2.570000E-03
        11   7  2.570000E-03
        11   8  2.570000E-03
        12   1  2.570000E-03
        12   2  2.570000E-03
        12   3  2.570000E-03
        12   4  2.570000E-03
        12   5  2.570000E-03
        12   6  2.570000E-03
        12   7  2.570000E-03
        12   8  2.570000E-03
        13   1  2.570000E-03
        13   2  2.570000E-03
        13   3  2.570000E-03
        13   4  2.570000E-03
        13   5  2.570000E-03
        13   6  2.570000E-03
        13   7  2.570000E-03
        13   8  2.570000E-03
        14   1  2.570000E-03
        14   2  2.570000E-03
        14   3  2.570000E-03
        14   4  2.570000E-03
        14   5  2.570000E-03
        14   6  2.570000E-03
        14   7  2.570000E-03
        14   8  2.570000E-03
        15   1  2.570000E-03
        15   2  2.570000E-03
        15   3  2.570000E-03
        15   4  2.570000E-03
        15   5  2.570000E-03
        15   6  2.570000E-03
        15   7  2.570000E-03
        15   8  2.570000E-03
        16   1  2.570000E-03
        16   2  2.570000E-03
        16   3  2.570000E-03
        16   4  2.570000E-03
        16   5  2.570000E-03
        16   6  2.570000E-03
        16   7  2.570000E-03
        16   8  2.570000E-03
        17   1  2.570000E-03
        17   2  2.570000E-03
        17   3  2.570000E-03
        17   4  2.570000E-03
        17   5  2.570000E-03
        17   6  2.570000E-03
        17   7  2.570000E-03
        17   8  2.570000E-03
        18   1  2.570000E-03
        18   2  2.570000E-03
        18   3  2.570000E-03
        18   4  2.570000E-03
        18   5  2.570000E-03
        18   6  2.570000E-03
        18   7  2.570000E-03
        18   8  2.570000E-03
        19   1  2.570000E-03
        19   2  2.570000E-03
        19   3  2.570000E-03
        19   4  2.570000E-03
        19   5  2.570000E-03
        19   6  2.570000E-03
        19   7  2.570000E-03
        19   8  2.570000E-03
        20   1  2.570000E-03
        20   2  2.570000E-03
        20   3  2.570000E-03
        20   4  2.570000E-03
        20   5  2.570000E-03
        20   6  2.570000E-03
        20   7  2.570000E-03
        20   8  2.570000E-03
        21   1  2.570000E-03
        21   2  2.570000E-03
        21   3  2.570000E-03
        21   4  2.570000E-03
        21   5  2.570000E-03
        21   6  2.570000E-03
        21   7  2.570000E-03
        21   8  2.570000E-03
        22   1  2.570000E-03
        22   2  2.570000E-03
        22   3  2.570000E-03
        22   4  2.570000E-03
        22   5  2.570000E-03
        22   6  2.570000E-03
        22   7  2.570000E-03
        22   8  2.570000E-03
        23   1  2.570000E-03
        23   2  2.570000E-03
        23   3  2.570000E-03
        23   4  2.570000E-03
        23   5  2.570000E-03
        23   6  2.570000E-03
        23   7  2.570000E-03
        23   8  2.570000E-03
        24   1  2.570000E-03
        24   2  2.570000E-03
        24   3  2.570000E-03
        24   4  2.570000E-03
        24   5  2.570000E-03
        24   6  2.570000E-03
        24   7  2.570000E-03
        24   8  2.570000E-03
        25   1  2.570000E-03
        25   2  2.570000E-03
        25   3  2.570000E-03
        25   4  2.570000E-03
        25   5  2.570000E-03
        25   6  2.570000E-03
        25   7  2.570000E-03
        25   8  2.570000E-03
        26   1  2.570000E-03
        26   2  2.570000E-03
        26   3  2.570000E-03
        26   4  2.570000E-03
        26   5  2.570000E-03
        26   6  2.570000E-03
        26   7  2.570000E-03
        26   8  2.570000E-03
        27   1  2.570000E-03
        27   2  2.570000E-03
        27   3  2.570000E-03
        27   4  2.570000E-03
        27   5  2.570000E-03
        27   6  2.570000E-03
        27   7  2.570000E-03
        27   8  2.570000E-03
        28   1  2.570000E-03
        28   2  2.570000E-03
        28   3  2.570000E-03
        28   4  2.570000E-03
        28   5  2.570000E-03
        28   6  2.570000E-03
        28   7  2.570000E-03
        28   8  2.570000E-03
        29   1  2.570000E-03
        29   2  2.570000E-03
        29   3  2.570000E-03
        29   4  2.570000E-03
        29   5  2.570000E-03
        29   6  2.570000E-03
        29   7  2.570000E-03
        29   8  2.570000E-03
        30   1  2.570000E-03
        30   2  2.570000E-03
        30   3  2.570000E-03
        30   4  2.570000E-03
        30   5  2.570000E-03
        30   6  2.570000E-03
        30   7  2.570000E-03
        30   8  2.570000E-03
        31   1  2.570000E-03
        31   2  2.570000E-03
        31   3  2.570000E-03
        31   4  2.570000E-03
        31   5  2.570000E-03
        31   6  2.570000E-03
        31   7  2.570000E-03
        31   8  2.570000E-03
        32   1  2.570000E-03
        32   2  2.570000E-03
        32   3  2.570000E-03
        32   4  2.570000E-03
        32   5  2.570000E-03
        32   6  2.570000E-03
        32   7  2.570000E-03
        32   8  2.570000E-03
        33   1  2.570000E-03
        33   2  2.570000E-03
        33   3  2.570000E-03
        33   4  2.570000E-03
        33   5  2.570000E-03
        33   6  2.570000E-03
        33   7  2.570000E-03
        33   8  2.570000E-03
        34   1  2.570000E-03
        34   2  2.570000E-03
        34   3  2.570000E-03
        34   4  2.570000E-03
        34   5  2.570000E-03
        34   6  2.570000E-03
        34   7  2.570000E-03
        34   8  2.570000E-03
        35   1  2.570000E-03
        35   2  2.570000E-03
        35   3  2.570000E-03
        35   4  2.570000E-03
        35   5  2.570000E-03
        35   6  2.570000E-03
        35   7  2.570000E-03
        35   8  2.570000E-03
        36   1  2.570000E-03
        36   2  2.570000E-03
        36   3  2.570000E-03
        36   4  2.570000E-03
        36   5  2.570000E-03
        36   6  2.570000E-03
        36   7  2.570000E-03
        36   8  2.570000E-03
        37   1  2.570000E-03
        37   2  2.570000E-03
        37   3  2.570000E-03
        37   4  2.570000E-03
        37   5  2.570000E-03
        37   6  2.570000E-03
        37   7  2.570000E-03
        37   8  2.570000E-03
        38   1  2.570000E-03
        38   2  2.570000E-03
        38   3  2.570000E-03
        38   4  2.570000E-03
        38   5  2.570000E-03
        38   6  2.570000E-03
        38   7  2.570000E-03
        38   8  2.570000E-03
        39   1  2.570000E-03
        39   2  2.570000E-03
        39   3  2.570000E-03
        39   4  2.570000E-03
        39   5  2.570000E-03
        39   6  2.570000E-03
        39   7  2.570000E-03
        39   8  2.570000E-03
        40   1  2.570000E-03
        40   2  2.570000E-03
        40   3  2.570000E-03
        40   4  2.570000E-03
        40   5  2.570000E-03
        40   6  2.570000E-03
        40   7  2.570000E-03
        40   8  2.570000E-03

 mechanical strains (elem, integ.pnt.,exx,eyy,ezz,exy,exz,eyz) for set ALLE and time  0.3000000E+01

         1   1 -2.045701E-03  6.241616E-04  6.241616E-04  2.706569E-18  7.672421E-18 -5.345619E-18
         1   2 -2.045701E-03  6.241616E-04  6.241616E-04 -4.170690E-18  1.229161E-17 -4.986989E-18
         1   3 -2.045701E-03  6.241616E-04  6.241616E-04  1.697058E-17  1.619004E-18 -1.140850E-17
         1   4 -2.045701E-03  6.241616E-04  6.241616E-04  1.009332E-17 -2.720495E-18 -2.009682E-18
         1   5 -2.045701E-03  6.241616E-04  6.241616E-04  2.663934E-18  2.403408E-17 -1.402041E-17
         1   6 -2.045701E-03  6.241616E-04  6.241616E-04 -8.692669E-18  2.865326E-17 -2.134188E-17
         1   7 -2.045701E-03  6.241616E-04  6.241616E-04  2.139390E-17  1.032086E-17 -2.008329E-17
         1   8 -2.045701E-03  6.241616E-04  6.241616E-04  1.003730E-17  5.981361E-18 -1.836457E-17
         2   1 -2.045701E-03  6.241616E-04  6.241616E-04 -7.430799E-18  9.100798E-19 -3.775767E-18
         2   2 -2.045701E-03  6.241616E-04  6.241616E-04 -1.526515E-17 -1.118725E-17 -7.240269E-19
         2   3 -2.045701E-03  6.241616E-04  6.241616E-04  1.277429E-17 -1.980327E-18  7.037271E-19
         2   4 -2.045701E-03  6.241616E-04  6.241616E-04  4.939937E-18  8.300534E-18 -1.488653E-19
         2   5 -2.045701E-03  6.241616E-04  6.241616E-04 -1.178395E-17 -6.360639E-18 -1.840517E-17
         2   6 -2.045701E-03  6.241616E-04  6.241616E-04 -8.429208E-18 -1.845797E-17 -3.247971E-18
         2   7 -2.045701E-03  6.241616E-04  6.241616E-04  6.242289E-18  2.905163E-18 -1.391214E-17
         2   8 -2.045701E-03  6.241616E-04  6.241616E-04  9.597032E-18  1.318602E-17 -2.476578E-18
         3   1 -2.045701E-03  6.241616E-04  6.241616E-04 -1.537307E-17 -1.023387E-17 -3.112639E-19
         3   2 -2.045701E-03  6.241616E-04  6.241616E-04 -1.511117E-18 -6.804051E-19 -2.087498E-18
         3   3 -2.045701E-03  6.241616E-04  6.241616E-04 -1.650395E-18  2.795341E-18 -7.984596E-19
         3   4 -2.045701E-03  6.241616E-04  6.241616E-04  1.221156E-17 -9.067660E-18 -1.123257E-18
         3   5 -2.045701E-03  6.241616E-04  6.241616E-04 -7.400265E-18 -1.233828E-17 -7.578599E-19
         3   6 -2.045701E-03  6.241616E-04  6.241616E-04 -4.246541E-18 -2.784820E-18 -9.053720E-18
         3   7 -2.045701E-03  6.241616E-04  6.241616E-04  7.107340E-18 -5.798250E-18 -1.245056E-18
         3   8 -2.045701E-03  6.241616E-04  6.241616E-04  1.026106E-17 -1.766125E-17 -8.025196E-18
         4   1 -2.045701E-03  6.241616E-04  6.241616E-04 -1.512136E-19  6.111987E-18 -3.518635E-18
         4   2 -2.045701E-03  6.241616E-04  6.241616E-04 -7.032413E-19  2.064067E-18 -5.392986E-18
         4   3 -2.045701E-03  6.241616E-04  6.241616E-04  4.037316E-18 -4.301223E-18 -2.747242E-18
         4   4 -2.045701E-03  6.241616E-04  6.241616E-04  3.485288E-18  4.241670E-18 -6.824123E-18
         4   5 -2.045701E-03  6.241616E-04  6.241616E-04 -5.104071E-18  1.705359E-17 -1.402041E-17
         4   6 -2.045701E-03  6.241616E-04  6.241616E-04  6.393082E-19  1.300567E-17 -1.910890E-17
         4   7 -2.045701E-03  6.241616E-04  6.241616E-04 -1.856100E-18  3.480374E-18 -1.326255E-17
         4   8 -2.045701E-03  6.241616E-04  6.241616E-04  3.887279E-18  1.202327E-17 -2.034042E-17
         5   1 -2.045701E-03  6.241616E-04  6.241616E-04 -3.585330E-18 -8.303059E-18 -4.154696E-18
         5   2 -2.045701E-03  6.241616E-04  6.241616E-04 -5.675576E-18 -5.051938E-18  1.099574E-18
         5   3 -2.045701E-03  6.241616E-04  6.241616E-04 -4.627388E-18  1.864578E-18 -5.886948E-18
         5   4 -2.045701E-03  6.241616E-04  6.241616E-04 -6.717633E-18 -3.078907E-18  2.029982E-20
         5   5 -2.045701E-03  6.241616E-04  6.241616E-04 -1.038989E-18 -2.490831E-17 -1.380388E-17
         5   6 -2.045701E-03  6.241616E-04  6.241616E-04 -7.226538E-18 -2.165719E-17  5.792215E-18
         5   7 -2.045701E-03  6.241616E-04  6.241616E-04 -1.905115E-18 -5.172673E-19 -1.553613E-17
         5   8 -2.045701E-03  6.241616E-04  6.241616E-04 -8.092664E-18 -5.460752E-18  4.398294E-18
         6   1 -2.045701E-03  6.241616E-04  6.241616E-04 -4.954698E-18  2.339311E-18  3.166772E-18
         6   2 -2.045701E-03  6.241616E-04  6.241616E-04  1.226756E-17  4.408897E-18  3.586302E-18
         6   3 -2.045701E-03  6.241616E-04  6.241616E-04 -1.931344E-17 -2.797470E-18  1.718718E-18
         6   4 -2.045701E-03  6.241616E-04  6.241616E-04 -2.091178E-18  6.796128E-20  4.093797E-19
         6   5 -2.045701E-03  6.241616E-04  6.241616E-04 -8.211591E-18  6.307430E-19  1.385801E-17
         6   6 -2.045701E-03  6.241616E-04  6.241616E-04  9.408591E-18  2.700329E-18  1.638872E-17
         6   7 -2.045701E-03  6.241616E-04  6.241616E-04 -2.317933E-17 -2.323807E-18  1.217989E-17
         6   8 -2.045701E-03  6.241616E-04  6.241616E-04 -5.559143E-18  5.416237E-19  1.311368E-17
         7   1 -2.045701E-03  6.241616E-04  6.241616E-04  1.490423E-17  5.915342E-18  2.205914E-18
         7   2 -2.045701E-03  6.241616E-04  6.241616E-04 -2.804973E-18 -3.472591E-18 -1.454820E-18
         7   3 -2.045701E-03  6.241616E-04  6.241616E-04  8.286493E-18  8.129052E-19 -1.962316E-18
         7   4 -2.045701E-03  6.241616E-04  6.241616E-04 -9.422714E-18  3.524330E-19 -5.392986E-18
         7   5 -2.045701E-03  6.241616E-04  6.241616E-04  1.401422E-17  1.561189E-17  1.228816E-17
         7   6 -2.045701E-03  6.241616E-04  6.241616E-04  7.687409E-19  6.223956E-18 -9.743914E-19
         7   7 -2.045701E-03  6.241616E-04  6.241616E-04  7.301744E-18  8.805713E-19  8.552991E-18
         7   8 -2.045701E-03  6.241616E-04  6.241616E-04 -5.943733E-18  4.200991E-19 -5.088488E-18
         8   1 -2.045701E-03  6.241616E-04  6.241616E-04 -3.705863E-18 -6.195048E-18 -1.718718E-18
         8   2 -2.045701E-03  6.241616E-04  6.241616E-04  8.676628E-18  8.852833E-18  1.292422E-18
         8   3 -2.045701E-03  6.241616E-04  6.241616E-04 -7.366597E-18  2.710217E-18 -5.020822E-18
         8   4 -2.045701E-03  6.241616E-04  6.241616E-04  5.015894E-18  8.170310E-18  7.781598E-19
         8   5 -2.045701E-03  6.241616E-04  6.241616E-04  4.033642E-19 -9.554668E-18 -3.085573E-18
         8   6 -2.045701E-03  6.241616E-04  6.241616E-04  7.991961E-18  5.493212E-18  4.899023E-18
         8   7 -2.045701E-03  6.241616E-04  6.241616E-04 -1.843149E-18  4.253003E-18 -6.387677E-18
         8   8 -2.045701E-03  6.241616E-04  6.241616E-04  5.745448E-18  9.713096E-18  4.980223E-18
         9   1 -2.045701E-03  6.241616E-04  6.241616E-04  1.111859E-17  6.579492E-18  2.354779E-18
         9   2 -2.045701E-03  6.241616E-04  6.241616E-04  5.389178E-18 -7.792968E-18  2.459662E-18
         9   3 -2.045701E-03  6.241616E-04  6.241616E-04  7.396957E-18  1.468025E-18  2.841975E-18
         9   4 -2.045701E-03  6.241616E-04  6.241616E-04  1.667545E-18 -1.187654E-17  1.664585E-18
         9   5 -2.045701E-03  6.241616E-04  6.241616E-04  8.102728E-18 -3.705750E-18  8.390592E-18
         9   6 -2.045701E-03  6.241616E-04  6.241616E-04  2.887262E-18 -1.807821E-17  9.811580E-18
         9   7 -2.045701E-03  6.241616E-04  6.241616E-04  4.015697E-18 -7.463895E-18  8.823655E-18
         9   8 -2.045701E-03  6.241616E-04  6.241616E-04 -1.199769E-18 -2.080846E-17  8.904854E-18
        10   1 -2.045701E-03  6.241616E-04  6.241616E-04  6.012900E-19 -7.947531E-19  2.029982E-18
        10   2 -2.045701E-03  6.241616E-04  6.241616E-04 -2.072913E-18  4.569651E-18  9.337917E-19
        10   3 -2.045701E-03  6.241616E-04  6.241616E-04 -7.714870E-18 -7.598878E-18  3.545702E-18
        10   4 -2.045701E-03  6.241616E-04  6.241616E-04 -1.038907E-17  2.028688E-19  8.268793E-18
        10   5 -2.045701E-03  6.241616E-04  6.241616E-04  6.657721E-20  1.703187E-17  6.333544E-18
        10   6 -2.045701E-03  6.241616E-04  6.241616E-04 -1.388955E-18  2.239628E-17 -4.141163E-18
        10   7 -2.045701E-03  6.241616E-04  6.241616E-04 -5.157243E-18  7.646481E-19  7.903397E-18
        10   8 -2.045701E-03  6.241616E-04  6.241616E-04 -6.612775E-18  8.566395E-18  3.207372E-18
        11   1 -2.045701E-03  6.241616E-04  6.241616E-04  1.264703E-17 -2.182548E-18 -7.023738E-18
        11   2 -2.045701E-03  6.241616E-04  6.241616E-04 -1.132957E-17 -1.370064E-17  3.623518E-18
        11   3 -2.045701E-03  6.241616E-04  6.241616E-04  3.674510E-18 -6.477878E-18 -3.992298E-18
        11   4 -2.045701E-03  6.241616E-04  6.241616E-04 -2.030209E-17 -2.864956E-17 -5.173071E-18
        11   5 -2.045701E-03  6.241616E-04  6.241616E-04  1.617824E-17  3.349153E-18  1.028524E-18
        11   6 -2.045701E-03  6.241616E-04  6.241616E-04 -1.312516E-17 -8.168938E-18  1.055591E-17
        11   7 -2.045701E-03  6.241616E-04  6.241616E-04  1.183440E-18 -1.998385E-18  3.951698E-18
        11   8 -2.045701E-03  6.241616E-04  6.241616E-04 -2.811996E-17 -2.417006E-17  8.931921E-19
        12   1 -2.045701E-03  6.241616E-04  6.241616E-04  3.520158E-18 -8.615124E-18  5.129088E-18
        12   2 -2.045701E-03  6.241616E-04  6.241616E-04  3.585327E-18  1.491121E-17  8.796589E-19
        12   3 -2.045701E-03  6.241616E-04  6.241616E-04  3.135798E-17 -2.391123E-17 -3.532169E-18
        12   4 -2.045701E-03  6.241616E-04  6.241616E-04  3.142315E-17  1.342422E-17  1.536020E-18
        12   5 -2.045701E-03  6.241616E-04  6.241616E-04 -4.843462E-18 -1.215839E-18  1.006871E-17
        12   6 -2.045701E-03  6.241616E-04  6.241616E-04  2.126262E-18  2.231049E-17  1.759318E-19
        12   7 -2.045701E-03  6.241616E-04  6.241616E-04  2.801518E-17 -2.165118E-17  1.082657E-18
        12   8 -2.045701E-03  6.241616E-04  6.241616E-04  3.498490E-17  1.568426E-17  2.165314E-19
        13   1 -2.045701E-03  6.241616E-04  6.241616E-04 -1.101426E-17  9.973814E-18 -1.380388E-18
        13   2 -2.045701E-03  6.241616E-04  6.241616E-04  9.411354E-18 -9.109615E-18 -5.413285E-20
        13   3 -2.045701E-03  6.241616E-04  6.241616E-04 -1.385624E-17  1.647403E-17  5.683950E-19
        13   4 -2.045701E-03  6.241616E-04  6.241616E-04  6.569380E-18 -9.195141E-19 -4.743391E-18
        13   5 -2.045701E-03  6.241616E-04  6.241616E-04 -7.891029E-18 -5.448758E-19 -3.356237E-18
        13   6 -2.045701E-03  6.241616E-04  6.241616E-04  1.337953E-17 -1.962831E-17 -1.475120E-18
        13   7 -2.045701E-03  6.241616E-04  6.241616E-04 -1.379151E-17  7.122578E-18 -1.407454E-18
        13   8 -2.045701E-03  6.241616E-04  6.241616E-04  7.479050E-18 -1.027096E-17 -5.318553E-18
        14   1 -2.045701E-03  6.241616E-04  6.241616E-04  4.035324E-19 -6.684101E-18  2.977307E-19
        14   2 -2.045701E-03  6.241616E-04  6.241616E-04  1.112402E-17  2.887056E-18  2.808142E-19
        14   3 -2.045701E-03  6.241616E-04  6.241616E-04 -1.250715E-17 -2.788775E-18 -2.219447E-18
        14   4 -2.045701E-03  6.241616E-04  6.241616E-04 -1.786670E-18 -2.999166E-18  1.150323E-17
        14   5 -2.045701E-03  6.241616E-04  6.241616E-04  3.432161E-18 -1.010301E-18 -1.461587E-18
        14   6 -2.045701E-03  6.241616E-04  6.241616E-04  9.261869E-18  8.560856E-18 -3.491569E-18
        14   7 -2.045701E-03  6.241616E-04  6.241616E-04 -3.172047E-18  3.915303E-19 -3.951698E-18
        14   8 -2.045701E-03  6.241616E-04  6.241616E-04  2.657661E-18  1.811390E-19  6.671874E-18
        15   1 -2.045701E-03  6.241616E-04  6.241616E-04  2.785624E-18  3.322399E-18 -4.330628E-19
        15   2 -2.045701E-03  6.241616E-04  6.241616E-04 -6.128440E-18 -1.326699E-19 -2.669426E-18
        15   3 -2.045701E-03  6.241616E-04  6.241616E-04 -9.678466E-18 -2.830274E-18  1.310015E-17
        15   4 -2.045701E-03  6.241616E-04  6.241616E-04 -1.859253E-17  5.975693E-18  7.987979E-18
        15   5 -2.045701E-03  6.241616E-04  6.241616E-04  4.705303E-19  4.046426E-18 -7.037271E-18
        15   6 -2.045701E-03  6.241616E-04  6.241616E-04 -2.313016E-18  5.913570E-19 -1.504893E-17
        15   7 -2.045701E-03  6.241616E-04  6.241616E-04 -1.333335E-17 -7.769897E-18  6.387677E-18
        15   8 -2.045701E-03  6.241616E-04  6.241616E-04 -1.611689E-17  1.036070E-18 -4.046431E-18
        16   1 -2.045701E-03  6.241616E-04  6.241616E-04 -1.790015E-17 -2.136768E-18 -3.464503E-18
        16   2 -2.045701E-03  6.241616E-04  6.241616E-04  4.111426E-19 -4.499002E-18 -3.041590E-18
        16   3 -2.045701E-03  6.241616E-04  6.241616E-04 -1.006442E-17  4.818214E-18  9.743914E-18
        16   4 -2.045701E-03  6.241616E-04  6.241616E-04  8.246873E-18 -1.262211E-17  2.081747E-17
        16   5 -2.045701E-03  6.241616E-04  6.241616E-04 -1.384242E-17 -1.091327E-18 -1.791797E-17
        16   6 -2.045701E-03  6.241616E-04  6.241616E-04 -3.070176E-18 -3.453561E-18 -1.771498E-17
        16   7 -2.045701E-03  6.241616E-04  6.241616E-04 -8.505358E-19  5.346009E-18 -4.547160E-18
        16   8 -2.045701E-03  6.241616E-04  6.241616E-04  9.921709E-18 -1.209432E-17  6.103479E-18
        17   1 -2.045701E-03  6.241616E-04  6.241616E-04  1.392982E-17 -2.820282E-18 -3.112639E-18
        17   2 -2.045701E-03  6.241616E-04  6.241616E-04 -5.020181E-19  4.525763E-18 -6.005363E-18
        17   3 -2.045701E-03  6.241616E-04  6.241616E-04  1.876117E-17 -7.609804E-18  1.747138E-17
        17   4 -2.045701E-03  6.241616E-04  6.241616E-04  4.329339E-18  1.213658E-17  1.691652E-20
        17   5 -2.045701E-03  6.241616E-04  6.241616E-04  6.196201E-18 -2.197754E-18 -1.472414E-17
        17   6 -2.045701E-03  6.241616E-04  6.241616E-04 -2.035462E-18  5.148291E-18 -6.076413E-18
        17   7 -2.045701E-03  6.241616E-04  6.241616E-04  3.056496E-18  4.231757E-18  6.008747E-18
        17   8 -2.045701E-03  6.241616E-04  6.241616E-04 -5.175167E-18  2.397814E-17  2.706643E-20
        18   1 -2.045701E-03  6.241616E-04  6.241616E-04 -1.507255E-18  7.022036E-18 -5.954614E-18
        18   2 -2.045701E-03  6.241616E-04  6.241616E-04  2.783534E-18  6.828697E-18 -7.849264E-19
        18   3 -2.045701E-03  6.241616E-04  6.241616E-04 -2.684645E-18  9.895633E-18 -4.438894E-18
        18   4 -2.045701E-03  6.241616E-04  6.241616E-04  1.606144E-18  3.844618E-18  3.437436E-18
        18   5 -2.045701E-03  6.241616E-04  6.241616E-04  4.923299E-18  7.346833E-18 -5.034355E-18
        18   6 -2.045701E-03  6.241616E-04  6.241616E-04  6.285250E-18  7.153494E-18 -9.026653E-18
        18   7 -2.045701E-03  6.241616E-04  6.241616E-04  5.951823E-18  1.924570E-18 -3.626901E-18
        18   8 -2.045701E-03  6.241616E-04  6.241616E-04  7.313774E-18 -4.126444E-18 -3.816366E-18
        19   1 -2.045701E-03  6.241616E-04  6.241616E-04  3.214693E-18  1.476301E-18 -4.736625E-19
        19   2 -2.045701E-03  6.241616E-04  6.241616E-04 -3.262731E-18 -8.498082E-18 -5.108788E-19
        19   3 -2.045701E-03  6.241616E-04  6.241616E-04  5.244675E-18  6.589149E-18  4.181763E-18
        19   4 -2.045701E-03  6.241616E-04  6.241616E-04 -1.232749E-18  4.794389E-18 -2.632210E-18
        19   5 -2.045701E-03  6.241616E-04  6.241616E-04  1.579204E-18 -2.698696E-18 -6.279411E-18
        19   6 -2.045701E-03  6.241616E-04  6.241616E-04 -8.084087E-19 -1.267308E-17  5.291486E-18
        19   7 -2.045701E-03  6.241616E-04  6.241616E-04  2.258826E-19  1.395122E-17 -2.057048E-18
        19   8 -2.045701E-03  6.241616E-04  6.241616E-04 -2.161730E-18  1.215646E-17  3.004373E-18
        20   1 -2.045701E-03  6.241616E-04  6.241616E-04 -1.063230E-17 -9.064786E-18  5.954614E-19
        20   2 -2.045701E-03  6.241616E-04  6.241616E-04 -1.064573E-17 -2.921775E-18  2.770925E-18
        20   3 -2.045701E-03  6.241616E-04  6.241616E-04 -8.992885E-20 -6.247150E-18 -6.766607E-18
        20   4 -2.045701E-03  6.241616E-04  6.241616E-04 -1.033524E-19 -7.073234E-18 -1.023449E-17
        20   5 -2.045701E-03  6.241616E-04  6.241616E-04 -1.609360E-18 -1.089515E-17  3.464503E-18
        20   6 -2.045701E-03  6.241616E-04  6.241616E-04 -5.107331E-18 -4.752142E-18 -1.282949E-17
        20   7 -2.045701E-03  6.241616E-04  6.241616E-04  6.077505E-18 -2.637104E-17 -3.139705E-18
        20   8 -2.045701E-03  6.241616E-04  6.241616E-04  2.579535E-18 -2.719712E-17 -2.647097E-17
        21   1 -2.045701E-03  6.241616E-04  6.241616E-04  2.840979E-18  1.821344E-17 -2.216740E-17
        21   2 -2.045701E-03  6.241616E-04  6.241616E-04 -1.161835E-17  2.175670E-17 -2.659276E-17
        21   3 -2.045701E-03  6.241616E-04  6.241616E-04  2.513018E-17  6.950632E-18 -3.916512E-17
        21   4 -2.045701E-03  6.241616E-04  6.241616E-04  1.067085E-17  2.498960E-18 -3.291277E-17
        21   5 -2.045701E-03  6.241616E-04  6.241616E-04  3.367186E-18 -1.296708E-17 -2.425152E-17
        21   6 -2.045701E-03  6.241616E-04  6.241616E-04 -1.508961E-17 -9.423820E-18 -1.544140E-17
        21   7 -2.045701E-03  6.241616E-04  6.241616E-04  3.102907E-17 -1.083201E-17 -4.124923E-17
        21   8 -2.045701E-03  6.241616E-04  6.241616E-04  1.257228E-17 -1.528368E-17 -2.176141E-17
        22   1 -2.045701E-03  6.241616E-04  6.241616E-04 -1.527393E-17 -3.808638E-18 -2.338539E-17
        22   2 -2.045701E-03  6.241616E-04  6.241616E-04 -6.365014E-18 -7.114585E-18 -9.757447E-18
        22   3 -2.045701E-03  6.241616E-04  6.241616E-04  2.549311E-18 -2.159788E-18 -2.473871E-17
        22   4 -2.045701E-03  6.241616E-04  6.241616E-04  1.145823E-17  2.504647E-18 -8.783055E-18
        22   5 -2.045701E-03  6.241616E-04  6.241616E-04 -2.029247E-17  6.740501E-18 -1.564439E-17
        22   6 -2.045701E-03  6.241616E-04  6.241616E-04 -7.398363E-18  3.434555E-18 -2.541537E-17
        22   7 -2.045701E-03  6.241616E-04  6.241616E-04 -1.481304E-18 -1.477274E-17 -1.710598E-17
        22   8 -2.045701E-03  6.241616E-04  6.241616E-04  1.141280E-17 -1.010831E-17 -2.430565E-17
        23   1 -2.045701E-03  6.241616E-04  6.241616E-04 -3.620052E-18 -4.451426E-18 -5.196754E-18
        23   2 -2.045701E-03  6.241616E-04  6.241616E-04 -2.866649E-18 -4.776755E-18 -6.069646E-18
        23   3 -2.045701E-03  6.241616E-04  6.241616E-04  1.207171E-17 -4.209634E-18 -1.894650E-18
        23   4 -2.045701E-03  6.241616E-04  6.241616E-04  1.282511E-17  3.765903E-18  1.617219E-18
        23   5 -2.045701E-03  6.241616E-04  6.241616E-04 -1.235727E-18 -7.367833E-18 -2.062462E-17
        23   6 -2.045701E-03  6.241616E-04  6.241616E-04  3.668110E-18 -7.693162E-18  1.718718E-18
        23   7 -2.045701E-03  6.241616E-04  6.241616E-04  1.684465E-17  1.606312E-17 -1.732251E-17
        23   8 -2.045701E-03  6.241616E-04  6.241616E-04  2.174848E-17  2.403866E-17  9.716847E-18
        24   1 -2.045701E-03  6.241616E-04  6.241616E-04 -5.063812E-18  1.757054E-17 -9.121386E-18
        24   2 -2.045701E-03  6.241616E-04  6.241616E-04  9.728281E-19  1.746300E-17 -1.641579E-17
        24   3 -2.045701E-03  6.241616E-04  6.241616E-04 -2.363936E-18  2.092066E-17  4.871957E-19
        24   4 -2.045701E-03  6.241616E-04  6.241616E-04  3.672704E-18  9.824708E-18 -6.908705E-18
        24   5 -2.045701E-03  6.241616E-04  6.241616E-04  4.701200E-21  1.439700E-17  5.683950E-18
        24   6 -2.045701E-03  6.241616E-04  6.241616E-04  5.471369E-19  1.428946E-17 -5.372686E-18
        24   7 -2.045701E-03  6.241616E-04  6.241616E-04  2.630145E-18  1.391045E-17  1.526546E-17
        24   8 -2.045701E-03  6.241616E-04  6.241616E-04  3.172580E-18  2.814504E-18  4.032898E-18
        25   1 -2.045701E-03  6.241616E-04  6.241616E-04 -1.644245E-18 -2.712794E-17 -1.212576E-17
        25   2 -2.045701E-03  6.241616E-04  6.241616E-04 -9.802476E-18 -2.622272E-17  6.279411E-18
        25   3 -2.045701E-03  6.241616E-04  6.241616E-04 -3.816326E-18 -1.170967E-17 -5.467418E-18
        25   4 -2.045701E-03  6.241616E-04  6.241616E-04 -1.197456E-17 -1.337786E-17  6.556842E-18
        25   5 -2.045701E-03  6.241616E-04  6.241616E-04 -5.715776E-18 -2.236425E-17 -6.117012E-18
        25   6 -2.045701E-03  6.241616E-04  6.241616E-04 -1.516071E-17 -2.145903E-17  2.124714E-18
        25   7 -2.045701E-03  6.241616E-04  6.241616E-04 -1.123733E-17 -1.712296E-17  5.413285E-19
        25   8 -2.045701E-03  6.241616E-04  6.241616E-04 -2.068226E-17 -1.879115E-17  2.165314E-18
        26   1 -2.045701E-03  6.241616E-04  6.241616E-04 -1.044326E-17  4.187065E-19  1.477827E-17
        26   2 -2.045701E-03  6.241616E-04  6.241616E-04  8.091592E-18  3.674357E-19  1.941339E-17
        26   3 -2.045701E-03  6.241616E-04  6.241616E-04 -2.487643E-17 -4.349257E-18  1.426401E-17
        26   4 -2.045701E-03  6.241616E-04  6.241616E-04 -6.341580E-18 -1.985094E-19  2.327713E-17
        26   5 -2.045701E-03  6.241616E-04  6.241616E-04 -1.341932E-17  6.190622E-18  5.900481E-18
        26   6 -2.045701E-03  6.241616E-04  6.241616E-04  7.216542E-18  6.139351E-18  8.106395E-18
        26   7 -2.045701E-03  6.241616E-04  6.241616E-04 -2.546388E-17 -9.930203E-19  5.088488E-18
        26   8 -2.045701E-03  6.241616E-04  6.241616E-04 -4.828018E-18  3.157727E-18  1.171976E-17
        27   1 -2.045701E-03  6.241616E-04  6.241616E-04  1.351321E-17  1.448517E-17  1.618572E-17
        27   2 -2.045701E-03  6.241616E-04  6.241616E-04  2.950403E-18  1.106802E-17  3.247971E-18
        27   3 -2.045701E-03  6.241616E-04  6.241616E-04  6.049642E-18  2.979662E-18  2.054342E-17
        27   4 -2.045701E-03  6.241616E-04  6.241616E-04 -4.513164E-18  5.293433E-18  4.357695E-18
        27   5 -2.045701E-03  6.241616E-04  6.241616E-04  1.298089E-17  8.523788E-18  9.040187E-18
        27   6 -2.045701E-03  6.241616E-04  6.241616E-04  5.283548E-18  5.106637E-18  9.202585E-18
        27   7 -2.045701E-03  6.241616E-04  6.241616E-04  3.805374E-18  1.050413E-17  1.299188E-17
        27   8 -2.045701E-03  6.241616E-04  6.241616E-04 -3.891971E-18  1.281790E-17  1.023111E-17
        28   1 -2.045701E-03  6.241616E-04  6.241616E-04  2.418951E-18 -1.049174E-17 -2.435978E-19
        28   2 -2.045701E-03  6.241616E-04  6.241616E-04  6.519905E-18  1.024378E-17  3.870499E-18
        28   3 -2.045701E-03  6.241616E-04  6.241616E-04 -1.929593E-19 -3.188258E-19 -2.192381E-18
        28   4 -2.045701E-03  6.241616E-04  6.241616E-04  3.907994E-18  1.094765E-17 -3.166772E-18
        28   5 -2.045701E-03  6.241616E-04  6.241616E-04  3.831140E-18 -3.091336E-17  7.903397E-18
        28   6 -2.045701E-03  6.241616E-04  6.241616E-04  3.197568E-18 -1.017783E-17  4.087030E-18
        28   7 -2.045701E-03  6.241616E-04  6.241616E-04 -1.094950E-18 -2.854911E-17  5.954614E-18
        28   8 -2.045701E-03  6.241616E-04  6.241616E-04 -1.728522E-18 -1.728264E-17 -2.625443E-18
        29   1 -2.045701E-03  6.241616E-04  6.241616E-04  6.346077E-18  1.171479E-17  6.739540E-18
        29   2 -2.045701E-03  6.241616E-04  6.241616E-04  2.805472E-18 -1.339485E-17  1.064387E-17
        29   3 -2.045701E-03  6.241616E-04  6.241616E-04  2.840975E-18  8.556453E-18 -2.435978E-19
        29   4 -2.045701E-03  6.241616E-04  6.241616E-04 -6.996299E-19 -8.429463E-18  8.512391E-18
        29   5 -2.045701E-03  6.241616E-04  6.241616E-04  4.563911E-18  3.242060E-17  3.951698E-18
        29   6 -2.045701E-03  6.241616E-04  6.241616E-04  5.085168E-18  7.310967E-18  7.118470E-18
        29   7 -2.045701E-03  6.241616E-04  6.241616E-04  3.427122E-18  2.858561E-17 -3.139705E-18
        29   8 -2.045701E-03  6.241616E-04  6.241616E-04  3.948378E-18  1.159969E-17  4.871957E-18
        30   1 -2.045701E-03  6.241616E-04  6.241616E-04  7.293659E-19  1.680171E-17  6.089946E-18
        30   2 -2.045701E-03  6.241616E-04  6.241616E-04 -8.844300E-19  2.393458E-17 -9.865713E-18
        30   3 -2.045701E-03  6.241616E-04  6.241616E-04 -3.289998E-18  4.971122E-18  5.981680E-18
        30   4 -2.045701E-03  6.241616E-04  6.241616E-04 -4.903794E-18  8.801886E-18 -9.114619E-18
        30   5 -2.045701E-03  6.241616E-04  6.241616E-04  3.079484E-18  4.872179E-18  2.598377E-18
        30   6 -2.045701E-03  6.241616E-04  6.241616E-04 -1.853688E-19  1.200506E-17 -1.339788E-17
        30   7 -2.045701E-03  6.241616E-04  6.241616E-04 -6.286166E-19 -6.748640E-18  2.923174E-18
        30   8 -2.045701E-03  6.241616E-04  6.241616E-04 -3.893469E-18 -2.917877E-18 -1.255882E-17
        31   1 -2.045701E-03  6.241616E-04  6.241616E-04  1.930642E-17 -1.527277E-19 -4.276495E-18
        31   2 -2.045701E-03  6.241616E-04  6.241616E-04 -1.398462E-17 -1.160656E-17  5.643350E-18
        31   3 -2.045701E-03  6.241616E-04  6.241616E-04 -5.960820E-20 -8.322331E-18  3.090986E-17
        31   4 -2.045701E-03  6.241616E-04  6.241616E-04 -3.335065E-17 -3.091147E-17  2.824382E-17
        31   5 -2.045701E-03  6.241616E-04  6.241616E-04  2.431932E-17 -1.534376E-17 -7.686865E-18
        31   6 -2.045701E-03  6.241616E-04  6.241616E-04 -1.453938E-17 -2.679759E-17 -3.302104E-18
        31   7 -2.045701E-03  6.241616E-04  6.241616E-04 -1.014854E-18 -2.970481E-17  2.804082E-17
        31   8 -2.045701E-03  6.241616E-04  6.241616E-04 -3.987355E-17 -5.229395E-17  1.929836E-17
        32   1 -2.045701E-03  6.241616E-04  6.241616E-04 -8.978339E-18 -6.542192E-18  8.038729E-18
        32   2 -2.045701E-03  6.241616E-04  6.241616E-04  5.860217E-18  1.172278E-17  6.083179E-18
        32   3 -2.045701E-03  6.241616E-04  6.241616E-04  2.480056E-17 -2.029533E-17  2.555071E-17
        32   4 -2.045701E-03  6.241616E-04  6.241616E-04  3.963912E-17  2.715664E-17  2.023215E-17
        32   5 -2.045701E-03  6.241616E-04  6.241616E-04 -1.187276E-17 -2.368201E-17  7.578599E-19
        32   6 -2.045701E-03  6.241616E-04  6.241616E-04  1.755929E-17 -5.417031E-18  9.013120E-18
        32   7 -2.045701E-03  6.241616E-04  6.241616E-04  1.990323E-17 -2.684540E-17  1.829690E-17
        32   8 -2.045701E-03  6.241616E-04  6.241616E-04  4.933528E-17  2.060656E-17  2.186967E-17
        33   1 -2.045701E-03  6.241616E-04  6.241616E-04 -1.974275E-18  2.284660E-18  5.223820E-18
        33   2 -2.045701E-03  6.241616E-04  6.241616E-04  1.491375E-17  3.914921E-18  5.494485E-18
        33   3 -2.045701E-03  6.241616E-04  6.241616E-04 -1.073026E-17  1.960678E-17  1.269415E-17
        33   4 -2.045701E-03  6.241616E-04  6.241616E-04  6.157765E-18 -4.399443E-18  2.334479E-18
        33   5 -2.045701E-03  6.241616E-04  6.241616E-04  1.125424E-17  2.438440E-17  5.846348E-18
        33   6 -2.045701E-03  6.241616E-04  6.241616E-04  1.532403E-17  2.601466E-17 -1.209869E-17
        33   7 -2.045701E-03  6.241616E-04  6.241616E-04 -2.928563E-18  2.377501E-17  1.331668E-17
        33   8 -2.045701E-03  6.241616E-04  6.241616E-04  1.141224E-18 -2.312133E-19 -1.575266E-17
        34   1 -2.045701E-03  6.241616E-04  6.241616E-04  3.862914E-18  1.637938E-17  4.736625E-18
        34   2 -2.045701E-03  6.241616E-04  6.241616E-04  9.803322E-18  5.063087E-18  5.027589E-18
        34   3 -2.045701E-03  6.241616E-04  6.241616E-04  2.929122E-18  7.643866E-19  4.574226E-18
        34   4 -2.045701E-03  6.241616E-04  6.241616E-04  8.869530E-18 -1.654829E-19  2.333126E-17
        34   5 -2.045701E-03  6.241616E-04  6.241616E-04  2.375428E-18  5.931738E-18 -2.111181E-17
        34   6 -2.045701E-03  6.241616E-04  6.241616E-04  1.350905E-17 -5.384553E-18 -2.701229E-17
        34   7 -2.045701E-03  6.241616E-04  6.241616E-04  1.060362E-17 -1.520481E-17 -2.154488E-17
        34   8 -2.045701E-03  6.241616E-04  6.241616E-04  2.173724E-17 -1.613467E-17 -8.363526E-18
        35   1 -2.045701E-03  6.241616E-04  6.241616E-04 -1.036695E-18 -5.226100E-18 -9.202585E-19
        35   2 -2.045701E-03  6.241616E-04  6.241616E-04 -7.283581E-19 -6.140304E-18 -1.548200E-17
        35   3 -2.045701E-03  6.241616E-04  6.241616E-04 -1.471877E-17 -2.609048E-18  2.614617E-17
        35   4 -2.045701E-03  6.241616E-04  6.241616E-04 -1.441044E-17  1.110076E-18  1.492037E-17
        35   5 -2.045701E-03  6.241616E-04  6.241616E-04 -2.999823E-18 -8.453771E-18 -2.825735E-17
        35   6 -2.045701E-03  6.241616E-04  6.241616E-04 -3.748220E-19 -9.367976E-18 -2.668750E-17
        35   7 -2.045701E-03  6.241616E-04  6.241616E-04 -1.501732E-17  1.065350E-17 -1.407454E-18
        35   8 -2.045701E-03  6.241616E-04  6.241616E-04 -1.239232E-17  1.437263E-17  4.330628E-18
        36   1 -2.045701E-03  6.241616E-04  6.241616E-04 -9.999018E-18 -3.508597E-18 -1.748491E-17
        36   2 -2.045701E-03  6.241616E-04  6.241616E-04 -5.280084E-18 -4.407463E-18 -1.020404E-17
        36   3 -2.045701E-03  6.241616E-04  6.241616E-04  4.210856E-18  3.647565E-18  1.242349E-17
        36   4 -2.045701E-03  6.241616E-04  6.241616E-04  8.929790E-18 -1.524912E-17  1.692328E-17
        36   5 -2.045701E-03  6.241616E-04  6.241616E-04 -3.470696E-18  7.949649E-19 -2.111181E-17
        36   6 -2.045701E-03  6.241616E-04  6.241616E-04 -7.750673E-18 -1.039011E-19 -9.310851E-18
        36   7 -2.045701E-03  6.241616E-04  6.241616E-04  8.438531E-18  1.282308E-17  9.852179E-18
        36   8 -2.045701E-03  6.241616E-04  6.241616E-04  4.158555E-18 -6.073603E-18  1.797211E-17
        37   1 -2.045701E-03  6.241616E-04  6.241616E-04 -8.560689E-19 -2.051899E-18 -5.900481E-18
        37   2 -2.045701E-03  6.241616E-04  6.241616E-04 -5.024076E-18  5.948008E-18 -1.502187E-18
        37   3 -2.045701E-03  6.241616E-04  6.241616E-04 -8.082805E-18 -4.145916E-18  1.697065E-17
        37   4 -2.045701E-03  6.241616E-04  6.241616E-04 -1.225081E-17  1.365788E-17  1.536020E-17
        37   5 -2.045701E-03  6.241616E-04  6.241616E-04 -1.229658E-17  3.550851E-18 -9.419116E-18
        37   6 -2.045701E-03  6.241616E-04  6.241616E-04 -1.156265E-17  1.155076E-17 -2.365606E-17
        37   7 -2.045701E-03  6.241616E-04  6.241616E-04 -2.247356E-17 -1.719193E-17  1.374974E-17
        37   8 -2.045701E-03  6.241616E-04  6.241616E-04 -2.173962E-17  6.118621E-19 -7.578599E-18
        38   1 -2.045701E-03  6.241616E-04  6.241616E-04  5.017467E-18  2.674436E-18 -3.383303E-18
        38   2 -2.045701E-03  6.241616E-04  6.241616E-04  4.711411E-18  9.283039E-18 -1.269415E-17
        38   3 -2.045701E-03  6.241616E-04  6.241616E-04  6.303122E-18  5.603334E-19  9.500316E-18
        38   4 -2.045701E-03  6.241616E-04  6.241616E-04  5.997066E-18  3.912452E-18 -4.919323E-18
        38   5 -2.045701E-03  6.241616E-04  6.241616E-04 -1.121307E-18 -1.387668E-17 -1.775558E-17
        38   6 -2.045701E-03  6.241616E-04  6.241616E-04 -3.055604E-18 -7.268081E-18  1.347908E-17
        38   7 -2.045701E-03  6.241616E-04  6.241616E-04 -2.474628E-18  2.437879E-17 -4.763691E-18
        38   8 -2.045701E-03  6.241616E-04  6.241616E-04 -4.408925E-18  2.773091E-17  2.197794E-17
        39   1 -2.045701E-03  6.241616E-04  6.241616E-04  1.634589E-18  9.144710E-18 -1.155736E-17
        39   2 -2.045701E-03  6.241616E-04  6.241616E-04  2.814940E-18 -7.257405E-19  3.809600E-18
        39   3 -2.045701E-03  6.241616E-04  6.241616E-04 -1.911113E-18  1.403208E-17 -5.277953E-18
        39   4 -2.045701E-03  6.241616E-04  6.241616E-04 -7.307622E-19  1.547772E-17  3.356237E-18
        39   5 -2.045701E-03  6.241616E-04  6.241616E-04  3.611378E-18  1.676391E-17  1.732251E-17
        39   6 -2.045701E-03  6.241616E-04  6.241616E-04  1.044977E-17  6.893459E-18 -1.488653E-18
        39   7 -2.045701E-03  6.241616E-04  6.241616E-04 -2.397369E-18 -1.197876E-17  2.306060E-17
        39   8 -2.045701E-03  6.241616E-04  6.241616E-04  4.441028E-18 -1.053311E-17 -1.542786E-18
        40   1 -2.045701E-03  6.241616E-04  6.241616E-04  4.231647E-18 -5.419273E-18  8.390592E-19
        40   2 -2.045701E-03  6.241616E-04  6.241616E-04 -1.877861E-18 -5.469378E-18 -2.137571E-17
        40   3 -2.045701E-03  6.241616E-04  6.241616E-04  1.197265E-17 -2.184298E-17  1.163856E-18
        40   4 -2.045701E-03  6.241616E-04  6.241616E-04  5.863137E-18 -2.919370E-17 -1.333698E-17
        40   5 -2.045701E-03  6.241616E-04  6.241616E-04  1.105858E-17 -1.165132E-17 -1.136790E-17
        40   6 -2.045701E-03  6.241616E-04  6.241616E-04  1.298761E-18 -1.170142E-17 -1.992089E-17
        40   7 -2.045701E-03  6.241616E-04  6.241616E-04  2.242648E-17 -1.356065E-17 -9.960445E-18
        40   8 -2.045701E-03  6.241616E-04  6.241616E-04  1.266666E-17 -2.091137E-17 -1.180096E-17

                        S T E P       4


                                INCREMENT     6


 displacements (vx,vy,vz) for set ALLN and time  0.4000000E+01

         1  0.000000E+00  0.000000E+00  0.000000E+00
         2 -1.994798E-17  0.000000E+00  0.000000E+00
         3  6.229950E-17  0.000000E+00  0.000000E+00
         4  8.733416E-17  0.000000E+00  0.000000E+00
         5 -1.642057E-17  0.000000E+00  0.000000E+00
         6 -4.175501E-17  0.000000E+00  0.000000E+00
         7 -1.933564E-17  0.000000E+00  0.000000E+00
         8 -5.114660E-17  0.000000E+00  0.000000E+00
         9  3.708675E-17  0.000000E+00  0.000000E+00
        10  2.967242E-17  0.000000E+00  0.000000E+00
        11  0.000000E+00  0.000000E+00  0.000000E+00
        12  0.000000E+00  2.677247E-03  0.000000E+00
        13 -4.514709E-17  2.677247E-03  0.000000E+00
        14 -2.074024E-18  2.677247E-03  0.000000E+00
        15  4.892075E-17  2.677247E-03  0.000000E+00
        16  2.518410E-17  2.677247E-03  0.000000E+00
        17 -3.505165E-17  2.677247E-03  0.000000E+00
        18 -5.427398E-18  2.677247E-03  0.000000E+00
        19 -1.088395E-17  2.677247E-03  0.000000E+00
        20  5.375869E-17  2.677247E-03  0.000000E+00
        21  4.016876E-17  2.677247E-03  0.000000E+00
        22  0.000000E+00  2.677247E-03  0.000000E+00
        23  0.000000E+00  5.354495E-03  0.000000E+00
        24 -4.341617E-17  5.354495E-03  0.000000E+00
        25 -4.317049E-17  5.354495E-03  0.000000E+00
        26  4.584884E-18  5.354495E-03  0.000000E+00
        27 -1.173906E-17  5.354495E-03  0.000000E+00
        28  7.201383E-17  5.354495E-03  0.000000E+00
        29  4.781605E-17  5.354495E-03  0.000000E+00
        30  1.385503E-17  5.354495E-03  0.000000E+00
        31  3.736866E-17  5.354495E-03  0.000000E+00
        32  3.349711E-17  5.354495E-03  0.000000E+00
        33  0.000000E+00  5.354495E-03  0.000000E+00
        34  0.000000E+00  0.000000E+00  1.338624E-03
        35 -2.312507E-17  0.000000E+00  1.338624E-03
        36  5.805280E-17  0.000000E+00  1.338624E-03
        37  9.255430E-17  0.000000E+00  1.338624E-03
        38 -1.374224E-17  0.000000E+00  1.338624E-03
        39 -4.244177E-17  0.000000E+00  1.338624E-03
        40 -4.030724E-17  0.000000E+00  1.338624E-03
        41 -4.273149E-17  0.000000E+00  1.338624E-03
        42  3.114586E-17  0.000000E+00  1.338624E-03
        43  2.567706E-17  0.000000E+00  1.338624E-03
        44  0.000000E+00  0.000000E+00  1.338624E-03
        45  0.000000E+00  2.677247E-03  1.338624E-03
        46 -6.335250E-17  2.677247E-03  1.338624E-03
        47  2.004781E-17  2.677247E-03  1.338624E-03
        48  5.996550E-17  2.677247E-03  1.338624E-03
        49  1.016949E-17  2.677247E-03  1.338624E-03
        50 -2.687968E-17  2.677247E-03  1.338624E-03
        51 -2.092572E-17  2.677247E-03  1.338624E-03
        52 -1.509912E-17  2.677247E-03  1.338624E-03
        53  4.238118E-17  2.677247E-03  1.338624E-03
        54  2.935889E-17  2.677247E-03  1.338624E-03
        55  0.000000E+00  2.677247E-03  1.338624E-03
        56  0.000000E+00  5.354495E-03  1.338624E-03
        57 -5.930467E-17  5.354495E-03  1.338624E-03
        58 -3.837243E-17  5.354495E-03  1.338624E-03
        59  1.965600E-17  5.354495E-03  1.338624E-03
        60  6.511782E-18  5.354495E-03  1.338624E-03
        61  3.970062E-17  5.354495E-03  1.338624E-03
        62  3.951016E-17  5.354495E-03  1.338624E-03
        63  4.013464E-17  5.354495E-03  1.338624E-03
        64  3.760268E-17  5.354495E-03  1.338624E-03
        65  2.328300E-17  5.354495E-03  1.338624E-03
        66  0.000000E+00  5.354495E-03  1.338624E-03
        67  0.000000E+00  0.000000E+00  2.677247E-03
        68 -1.498602E-17  0.000000E+00  2.677247E-03
        69  8.320320E-17  0.000000E+00  2.677247E-03
        70  3.531615E-17  0.000000E+00  2.677247E-03
        71  8.876582E-18  0.000000E+00  2.677247E-03
        72  6.403141E-18  0.000000E+00  2.677247E-03
        73 -7.180412E-17  0.000000E+00  2.677247E-03
        74 -3.264299E-17  0.000000E+00  2.677247E-03
        75 -1.720628E-17  0.000000E+00  2.677247E-03
        76  2.408777E-17  0.000000E+00  2.677247E-03
        77  0.000000E+00  0.000000E+00  2.677247E-03
        78  0.000000E+00  2.677247E-03  2.677247E-03
        79 -4.217420E-17  2.677247E-03  2.677247E-03
        80  6.481195E-18  2.677247E-03  2.677247E-03
        81  6.598156E-17  2.677247E-03  2.677247E-03
        82  2.325982E-18  2.677247E-03  2.677247E-03
        83 -1.480655E-18  2.677247E-03  2.677247E-03
        84 -5.808936E-17  2.677247E-03  2.677247E-03
        85  8.070093E-18  2.677247E-03  2.677247E-03
        86  1.065222E-17  2.677247E-03  2.677247E-03
        87  1.580918E-17  2.677247E-03  2.677247E-03
        88  0.000000E+00  2.677247E-03  2.677247E-03
        89  0.000000E+00  5.354495E-03  2.677247E-03
        90 -1.371948E-16  5.354495E-03  2.677247E-03
        91  3.923277E-18  5.354495E-03  2.677247E-03
        92  2.112254E-17  5.354495E-03  2.677247E-03
        93  4.143218E-17  5.354495E-03  2.677247E-03
        94  2.281329E-17  5.354495E-03  2.677247E-03
        95  4.097902E-19  5.354495E-03  2.677247E-03
        96  6.632160E-17  5.354495E-03  2.677247E-03
        97  4.196467E-19  5.354495E-03  2.677247E-03
        98  5.158623E-17  5.354495E-03  2.677247E-03
        99  0.000000E+00  5.354495E-03  2.677247E-03
       100  0.000000E+00  0.000000E+00  5.887886E-14
       101  1.330307E-17  0.000000E+00  5.884056E-14
       102  9.313211E-17  0.000000E+00  5.886702E-14
       103  7.048845E-17  0.000000E+00  5.890993E-14
       104  4.255659E-17  0.000000E+00  5.895894E-14
       105  5.444001E-17  0.000000E+00  5.891244E-14
       106  1.851228E-17  0.000000E+00  5.886376E-14
       107  5.034120E-17  0.000000E+00  5.883409E-14
       108  1.880428E-17  0.000000E+00  5.894045E-14
       109  7.195547E-17  0.000000E+00  5.895257E-14
       110  0.000000E+00  0.000000E+00  5.890976E-14
       111  0.000000E+00  1.943463E-14  6.784820E-14
       112  3.836738E-17  1.949774E-14  6.784255E-14
       113  7.134661E-17  1.952373E-14  6.787099E-14
       114  9.726472E-17  1.946821E-14  6.786696E-14
       115  5.583411E-17  1.951770E-14  6.783312E-14
       116  4.783513E-17  1.950407E-14  6.781927E-14
       117  3.409841E-17  1.949493E-14  6.782873E-14
       118  3.987714E-17  1.940594E-14  6.781611E-14
       119  4.302265E-17  1.941903E-14  6.788365E-14
       120  2.577602E-17  1.941973E-14  6.793666E-14
       121  0.000000E+00  1.939647E-14  6.801317E-14
       122  0.000000E+00  2.694648E-14  1.104490E-13
       123  2.093608E-17  2.693969E-14  1.104410E-13
       124  1.046383E-16  2.692742E-14  1.103796E-13
       125  8.973140E-17  2.695117E-14  1.103300E-13
       126  5.943170E-17  2.692072E-14  1.103133E-13
       127  5.986460E-17  2.695535E-14  1.104078E-13
       128  5.371108E-17  2.694974E-14  1.103423E-13
       129  9.823921E-17  2.689283E-14  1.103888E-13
       130  5.236778E-18  2.684070E-14  1.104136E-13
       131  4.044179E-17  2.687030E-14  1.105131E-13
       132  0.000000E+00  2.684840E-14  1.105682E-13
       133  0.000000E+00  0.000000E+00  5.502057E-14
       134  2.090214E-17  0.000000E+00  5.506020E-14
       135  6.313747E-17  0.000000E+00  5.508003E-14
       136  7.337466E-17  0.000000E+00  5.512800E-14
       137  5.396201E-17  0.000000E+00  5.511596E-14
       138  5.346938E-17  0.000000E+00  5.511478E-14
       139  3.450898E-17  0.000000E+00  5.507684E-14
       140  3.753200E-17  0.000000E+00  5.501247E-14
       141  1.898936E-17  0.000000E+00  5.507199E-14
       142  3.325358E-17  0.000000E+00  5.506883E-14
       143  0.000000E+00  0.000000E+00  5.510857E-14
       144  0.000000E+00  2.558201E-15  6.687490E-14
       145  2.041831E-17  2.626509E-15  6.699805E-14
       146  9.531788E-17  2.601295E-15  6.694026E-14
       147  7.345116E-17  2.671374E-15  6.696906E-14
       148  6.553356E-17  2.677765E-15  6.699339E-14
       149  4.320124E-17  2.658238E-15  6.695423E-14
       150  7.451040E-17  2.632874E-15  6.697501E-14
       151  4.531814E-18  2.513018E-15  6.692939E-14
       152  3.198391E-17  2.537903E-15  6.697767E-14
       153 -2.850894E-18  2.480857E-15  6.703818E-14
       154  0.000000E+00  2.483067E-15  6.707141E-14
       155  0.000000E+00  1.681849E-15  1.097146E-13
       156  4.440710E-18  1.766461E-15  1.097290E-13
       157  1.234261E-16  1.829649E-15  1.097505E-13
       158  1.086581E-16  1.763153E-15  1.096607E-13
       159  3.316421E-17  1.814266E-15  1.096092E-13
       160  8.671162E-17  1.800757E-15  1.096532E-13
       161  5.560612E-17  1.754410E-15  1.097065E-13
       162  6.071888E-17  1.718175E-15  1.097573E-13
       163 -1.003047E-17  1.670471E-15  1.097135E-13
       164 -5.765054E-18  1.735063E-15  1.098435E-13
       165  0.000000E+00  1.698956E-15  1.098391E-13

 forces (fx,fy,fz) for set ALLN and time  0.4000000E+01

         1  3.895776E+01  4.672939E-10  7.387420E-10
         2  9.113837E-13  9.325932E-10  1.477320E-09
         3 -1.757892E-12  9.312523E-10  1.472289E-09
         4  1.806295E-12  9.341269E-10  1.473959E-09
         5 -2.557488E-12  9.348592E-10  1.475321E-09
         6  8.362252E-13  9.333647E-10  1.471777E-09
         7  5.826505E-13  9.318894E-10  1.471886E-09
         8  5.947234E-13  9.339591E-10  1.474348E-09
         9  1.990280E-13  9.344295E-10  1.475499E-09
        10 -1.742502E-12  9.349266E-10  1.474127E-09
        11 -3.895776E+01  4.674168E-10  7.314969E-10
        12  7.791553E+01  4.194277E-13  3.826056E-10
        13  2.871918E-13  2.468696E-13  7.611604E-10
        14 -7.690487E-13 -8.292974E-12  7.539961E-10
        15  2.249452E-12  4.239589E-12  7.777046E-10
        16 -2.263330E-12  2.985981E-12  7.772805E-10
        17  7.909528E-13  3.659005E-13  7.663447E-10
        18  4.791983E-13  6.336266E-12  7.851114E-10
        19 -9.060893E-14  3.335566E-12  7.754853E-10
        20 -6.537674E-13 -1.219373E-12  7.673368E-10
        21 -7.530450E-13 -4.284458E-13  7.650988E-10
        22 -7.791553E+01  3.368037E-13  3.791305E-10
        23  3.895776E+01 -2.090345E-13 -1.128807E-09
        24  1.494553E-12 -1.532472E-12 -2.247115E-09
        25 -1.782322E-13  9.093100E-12 -2.253133E-09
        26 -1.146035E-13 -5.889286E-12 -2.240240E-09
        27  6.787197E-15 -2.832920E-12 -2.242715E-09
        28  1.785796E-12 -6.992860E-13 -2.242038E-09
        29 -3.800055E-13 -6.689806E-12 -2.232375E-09
        30 -1.439345E-12 -4.638269E-12 -2.241041E-09
        31 -9.211663E-13 -3.056470E-13 -2.257006E-09
        32  3.842027E-13  7.687862E-13 -2.249666E-09
        33 -3.895776E+01  1.003594E-12 -1.129397E-09
        34  7.791553E+01  1.142112E-09 -5.233059E-12
        35  1.663286E-12  2.287577E-09  1.049643E-12
        36 -1.507885E-12  2.278249E-09  1.384036E-12
        37  5.236995E-12  2.282201E-09  1.308925E-12
        38 -6.158370E-12  2.281974E-09  1.838463E-12
        39  9.261831E-13  2.282451E-09  5.179416E-12
        40  1.035698E-13  2.279928E-09  4.299939E-12
        41  2.988796E-12  2.286665E-09  7.226919E-12
        42  5.236555E-13  2.291320E-09  4.620061E-12
        43 -2.590874E-12  2.288136E-09  3.003458E-12
        44 -7.791553E+01  1.143842E-09  9.087330E-12
        45  1.558311E+02 -5.131255E-12 -9.084130E-13
        46 -5.138446E-13 -8.442972E-12  2.156687E-11
        47  1.086751E-13 -5.145418E-12  2.589936E-11
        48  3.807423E-12  7.555901E-12 -1.583172E-11
        49 -6.373001E-12 -6.495674E-12 -2.218369E-11
        50  3.740204E-12  4.509831E-12  2.445632E-11
        51  2.328250E-12  1.534801E-11 -1.334597E-11
        52  1.428134E-13  1.119305E-11  1.869848E-11
        53 -3.451338E-12 -6.204515E-12  9.891082E-12
        54 -5.755460E-12 -1.067799E-11 -1.319546E-11
        55 -1.558311E+02 -7.292741E-12 -4.111249E-12
        56  7.791553E+01  5.071493E-12  3.213200E-12
        57  1.665026E-12  7.657663E-12  8.871889E-12
        58  5.590399E-14  1.157566E-11  1.184874E-11
        59 -5.745328E-13 -9.811566E-12 -7.124340E-14
        60 -8.074308E-13  5.612313E-12  6.611036E-13
        61  3.551604E-12 -6.768815E-12  8.180912E-12
        62  2.731459E-13 -9.677697E-12 -2.173631E-11
        63 -1.007963E-12 -1.151813E-11  5.096872E-12
        64 -2.354525E-12  2.090823E-12  6.102834E-12
        65 -2.691518E-12  8.755696E-12 -1.406792E-11
        66 -7.791553E+01  7.517602E-12 -6.391141E-13
        67  3.895776E+01 -1.813474E-10  8.127107E-12
        68 -6.195663E-13 -3.564678E-10 -5.294165E-13
        69 -5.098559E-13 -3.720085E-10  8.459873E-13
        70 -4.034329E-12 -3.773427E-10 -3.963307E-12
        71  5.848828E-13 -3.757647E-10 -2.464973E-11
        72  4.941757E-12 -3.712963E-10 -8.767463E-12
        73  1.992883E-12 -3.700252E-10 -4.456422E-12
        74  7.515460E-13 -3.515321E-10  4.863026E-12
        75 -4.899177E-12 -3.469591E-10  2.440051E-12
        76  4.073978E-12 -3.542875E-10  2.333769E-12
        77 -3.895776E+01 -1.786405E-10  3.224113E-12
        78  7.791553E+01  4.852739E-13  3.752217E-12
        79 -3.686547E-13 -3.669817E-12 -2.033892E-11
        80 -1.933059E-12  9.259230E-12 -1.525634E-11
        81 -1.339877E-12  1.280330E-11 -1.457466E-11
        82  3.484213E-12  1.754250E-11  1.051485E-11
        83 -1.222706E-12  1.061604E-11 -2.223724E-11
        84  5.177981E-12  5.398920E-12 -1.087461E-11
        85  3.633479E-12 -8.985176E-12 -1.797046E-11
        86 -9.580683E-12 -3.411224E-12  3.076045E-12
        87 -2.671515E-12 -1.530792E-11  1.338811E-11
        88 -7.791553E+01 -7.038619E-12  2.272885E-12
        89  3.895776E+01  7.607932E-13  2.960919E-12
        90 -5.231054E-12  4.682905E-12 -9.194789E-12
        91  3.757174E-12  3.461879E-12 -6.865679E-12
        92  5.294353E-12  6.050565E-13  8.981128E-12
        93 -4.593484E-12 -4.591070E-12  1.351290E-11
        94 -1.546892E-12  4.519023E-13 -1.367841E-11
        95  1.304562E-12  3.234003E-12  1.865759E-12
        96  3.681912E-12 -4.119520E-12 -1.385371E-11
        97 -6.729613E-12 -5.881601E-12  3.697848E-12
        98  3.384849E-12  6.773793E-12 -2.373941E-13
        99 -3.895776E+01  2.229660E-12  8.303045E-12
       100 -2.757696E-10 -1.198863E-09 -1.588724E-12
       101 -5.654852E-12 -2.414592E-09 -2.440705E-11
       102 -1.162471E-13 -2.413073E-09 -1.997673E-11
       103 -3.195117E-12 -2.422705E-09 -1.379605E-11
       104 -1.390357E-13 -2.416777E-09  1.945917E-11
       105  3.283582E-13 -2.418689E-09 -1.527669E-11
       106  6.645829E-12 -2.415591E-09 -1.884888E-11
       107  8.100162E-12 -2.387150E-09 -1.450640E-12
       108 -9.050374E-13 -2.375056E-09  1.444666E-11
       109  3.924094E-12 -2.375893E-09  2.263396E-11
       110  2.669756E-10 -1.189190E-09  5.661342E-12
       111 -5.243601E-10 -5.472038E-12  1.236336E-11
       112 -8.530536E-12  7.198752E-12 -1.643597E-11
       113  3.298206E-12  8.472557E-12 -8.761209E-13
       114 -6.900459E-12  8.558713E-12 -8.436110E-12
       115  4.524556E-12  1.463969E-11 -2.496931E-11
       116 -4.343201E-12  1.519033E-11 -1.916176E-11
       117  6.663124E-12  8.498095E-12 -1.864468E-11
       118  8.219092E-12 -2.454733E-11 -1.368316E-11
       119 -7.456621E-13 -3.456778E-11  1.368570E-11
       120  4.396775E-13 -3.613297E-11  2.848150E-11
       121  5.175979E-10 -1.373257E-11  2.912496E-11
       122 -2.000218E-10 -1.836005E-12  8.374412E-12
       123 -8.007447E-12  3.939785E-12  2.411339E-12
       124  2.659920E-13  7.058070E-12 -7.819386E-12
       125  4.831473E-12  1.104048E-11 -2.354317E-11
       126 -7.682792E-13  6.520096E-12 -2.528200E-11
       127 -2.453332E-12  6.585900E-12  1.302038E-11
       128 -2.866317E-13  1.408817E-11 -3.306003E-12
       129  5.010635E-12  6.403493E-12 -3.620947E-12
       130 -9.971695E-12  6.533020E-12 -5.584473E-12
       131  7.053562E-12  9.158938E-12  1.250553E-12
       132  2.037159E-10 -9.325709E-13  5.529588E-12
       133 -3.910368E-11 -2.288159E-10 -2.451250E-12
       134 -2.293108E-12 -4.638157E-10  1.932652E-11
       135  6.075401E-13 -4.635086E-10  1.958254E-11
       136  7.958864E-13 -4.645851E-10  1.897570E-11
       137  1.086602E-14 -4.637144E-10  2.969654E-12
       138 -1.916123E-12 -4.667564E-10  2.035441E-11
       139  1.816494E-12 -4.647729E-10  1.975620E-11
       140  5.429531E-12 -4.527596E-10 -1.083571E-11
       141  2.223512E-12 -4.407964E-10 -2.218700E-11
       142 -1.043657E-12 -4.393381E-10 -2.588390E-11
       143  3.409158E-11 -2.194090E-10 -1.185778E-11
       144 -7.064503E-11  1.684667E-12 -1.060260E-11
       145 -4.640577E-12  1.169419E-11  2.268229E-11
       146  3.872576E-12  5.415602E-12  9.987158E-12
       147 -3.950955E-12  9.931063E-12  2.545245E-11
       148  2.059531E-14  7.257628E-12  2.452531E-11
       149  1.238237E-13  1.194881E-11  2.313000E-11
       150  2.579576E-12  1.007014E-11  2.991470E-11
       151  4.919074E-12 -4.772651E-12  6.813281E-12
       152  3.780001E-12 -1.598325E-11 -1.968182E-11
       153  3.998422E-13 -1.847816E-11 -2.344144E-11
       154  6.664940E-11 -6.691225E-12 -1.861575E-11
       155 -3.086972E-12 -2.956005E-12 -8.197339E-12
       156 -3.002695E-12 -2.155635E-13  8.864921E-14
       157  3.730372E-13  2.520870E-12  1.204477E-11
       158 -6.339886E-13  2.317391E-13  1.264164E-11
       159  1.307282E-12  1.031859E-12  9.422475E-12
       160  1.617670E-12 -1.058648E-12 -7.250425E-12
       161 -9.501145E-13 -1.755660E-13  1.063656E-11
       162 -4.648788E-13  4.097274E-13  8.237954E-12
       163 -1.385080E-12  2.197695E-13  6.238230E-12
       164  1.671173E-12  1.956281E-12  1.048300E-11
       165  5.280511E-12 -1.166831E-12 -5.354984E-12

 stresses (elem, integ.pnt.,sxx,syy,szz,sxy,sxz,syz) for set ALLE and time  0.4000000E+01

         1   1 -3.100000E+02 -3.021788E-09 -2.637023E-09 -1.037815E-13 -2.075075E-13 -1.953576E-10
         1   2 -3.100000E+02 -3.007007E-09 -2.651804E-09 -1.087776E-12 -7.899050E-13 -1.950436E-10
         1   3 -3.100000E+02 -2.897188E-09 -2.246063E-09  5.955446E-13 -5.145223E-13 -7.970605E-10
         1   4 -3.100000E+02 -2.897188E-09 -2.246063E-09 -3.884500E-13 -1.582443E-12 -7.955070E-10
         1   5 -3.100000E+02 -3.934032E-09 -2.935152E-09  3.705437E-14 -1.852917E-13 -1.274143E-10
         1   6 -3.100000E+02 -3.934032E-09 -2.949919E-09 -1.185009E-12 -7.676892E-13 -1.274630E-10
         1   7 -3.100000E+02 -3.809446E-09 -2.544178E-09  1.357544E-12 -8.556639E-13 -7.291172E-10
         1   8 -3.100000E+02 -3.809446E-09 -2.544178E-09  1.354800E-13 -1.920715E-12 -7.279264E-10
         2   1 -3.100000E+02 -3.007007E-09 -2.637023E-09 -2.352214E-12 -1.923733E-13 -1.948191E-10
         2   2 -3.100000E+02 -3.007007E-09 -2.637023E-09 -2.988092E-12  8.550934E-13 -1.944995E-10
         2   3 -3.100000E+02 -2.882421E-09 -2.231282E-09 -3.490518E-12 -8.254380E-13 -7.942667E-10
         2   4 -3.100000E+02 -2.897188E-09 -2.246063E-09 -4.124325E-12  1.401580E-12 -7.924787E-10
         2   5 -3.100000E+02 -3.919265E-09 -2.935152E-09 -2.298922E-12  9.669385E-13 -1.275857E-10
         2   6 -3.100000E+02 -3.890614E-09 -2.921311E-09 -2.346053E-12  2.021438E-12 -1.278391E-10
         2   7 -3.100000E+02 -3.809446E-09 -2.544178E-09 -2.726670E-12 -2.464220E-13 -7.270348E-10
         2   8 -3.100000E+02 -3.766000E-09 -2.530337E-09 -2.769951E-12  1.965103E-12 -7.258832E-10
         3   1 -3.100000E+02 -3.021788E-09 -2.637023E-09 -1.654345E-12  7.621255E-13 -1.945975E-10
         3   2 -3.100000E+02 -3.021788E-09 -2.637023E-09 -8.975696E-13  9.170590E-13 -1.952518E-10
         3   3 -3.100000E+02 -2.897188E-09 -2.246063E-09  7.377424E-13  1.618118E-12 -7.924869E-10
         3   4 -3.100000E+02 -2.897188E-09 -2.246063E-09  1.494446E-12  1.544901E-12 -7.942228E-10
         3   5 -3.100000E+02 -3.890614E-09 -2.921311E-09 -1.298504E-12  4.773191E-13 -1.284257E-10
         3   6 -3.100000E+02 -3.890614E-09 -2.921311E-09 -6.827811E-13  6.769780E-13 -1.297690E-10
         3   7 -3.100000E+02 -3.766000E-09 -2.530337E-09  5.672426E-13  6.445548E-13 -7.263150E-10
         3   8 -3.100000E+02 -3.766000E-09 -2.515556E-09  1.185325E-12  5.760562E-13 -7.287499E-10
         4   1 -3.100000E+02 -3.036099E-09 -2.636567E-09 -9.539321E-13  1.256501E-12 -1.956734E-10
         4   2 -3.100000E+02 -3.036099E-09 -2.651334E-09  1.259170E-12  6.248304E-13 -1.961748E-10
         4   3 -3.100000E+02 -2.897188E-09 -2.246063E-09 -1.728878E-12  1.163076E-12 -7.952095E-10
         4   4 -3.100000E+02 -2.911969E-09 -2.246063E-09  4.825349E-13 -9.862011E-13 -7.960936E-10
         4   5 -3.100000E+02 -3.904911E-09 -2.935622E-09 -9.274605E-13  2.245453E-12 -1.307959E-10
         4   6 -3.100000E+02 -3.890130E-09 -2.935622E-09  6.024205E-13  1.616141E-12 -1.322413E-10
         4   7 -3.100000E+02 -3.780311E-09 -2.529867E-09 -1.923339E-12  1.174499E-12 -7.302746E-10
         4   8 -3.100000E+02 -3.780311E-09 -2.544648E-09 -3.989894E-13 -9.760208E-13 -7.321751E-10
         5   1 -3.100000E+02 -3.021788E-09 -2.637023E-09  1.910908E-12 -6.450561E-13 -1.958379E-10
         5   2 -3.100000E+02 -3.036555E-09 -2.637023E-09  3.932659E-13 -5.034220E-13 -1.944318E-10
         5   3 -3.100000E+02 -2.897188E-09 -2.231282E-09  2.206148E-12 -8.103759E-13 -7.954548E-10
         5   4 -3.100000E+02 -2.897188E-09 -2.231282E-09  7.019356E-13  1.031153E-12 -7.927511E-10
         5   5 -3.100000E+02 -3.890614E-09 -2.921311E-09  1.605558E-12 -2.433536E-12 -1.312853E-10
         5   6 -3.100000E+02 -3.890614E-09 -2.921311E-09  9.458164E-13 -2.365831E-12 -1.273062E-10
         5   7 -3.100000E+02 -3.766000E-09 -2.530337E-09  2.530395E-12 -3.080455E-14 -7.309021E-10
         5   8 -3.100000E+02 -3.766000E-09 -2.530337E-09  1.867784E-12  1.848083E-12 -7.255833E-10
         6   1 -3.100000E+02 -3.021788E-09 -2.637023E-09 -2.402802E-13 -7.060265E-13 -1.940217E-10
         6   2 -3.100000E+02 -3.021788E-09 -2.637023E-09 -8.513372E-14 -3.015186E-12 -1.942957E-10
         6   3 -3.100000E+02 -2.911969E-09 -2.246063E-09 -2.628954E-13  1.619821E-13 -7.919296E-10
         6   4 -3.100000E+02 -2.897188E-09 -2.246063E-09 -1.058110E-13 -2.254767E-12 -7.922289E-10
         6   5 -3.100000E+02 -3.905381E-09 -2.921311E-09  3.044580E-13 -7.702676E-13 -1.261987E-10
         6   6 -3.100000E+02 -3.890614E-09 -2.921311E-09  4.151567E-13 -3.057436E-12 -1.271809E-10
         6   7 -3.100000E+02 -3.766000E-09 -2.530337E-09  2.521620E-13 -6.402067E-13 -7.240315E-10
         6   8 -3.100000E+02 -3.766000E-09 -2.530337E-09  3.522110E-13 -2.999454E-12 -7.251283E-10
         7   1 -3.100000E+02 -3.021788E-09 -2.637023E-09  6.391477E-13 -2.273559E-12 -1.945101E-10
         7   2 -3.100000E+02 -3.021788E-09 -2.637023E-09  2.677725E-12  8.059051E-13 -1.947597E-10
         7   3 -3.100000E+02 -2.897188E-09 -2.246063E-09  5.547232E-13 -1.854869E-12 -7.927559E-10
         7   4 -3.100000E+02 -2.897188E-09 -2.246063E-09  2.578229E-12 -7.683552E-13 -7.939576E-10
         7   5 -3.100000E+02 -3.890614E-09 -2.921311E-09  6.258578E-13 -9.282165E-13 -1.275874E-10
         7   6 -3.100000E+02 -3.890614E-09 -2.921311E-09  1.751230E-12  2.104660E-12 -1.277175E-10
         7   7 -3.100000E+02 -3.766000E-09 -2.530337E-09  9.076980E-14 -3.475502E-13 -7.259219E-10
         7   8 -3.100000E+02 -3.766000E-09 -2.530337E-09  1.226406E-12  6.511122E-13 -7.268734E-10
         8   1 -3.100000E+02 -3.021788E-09 -2.637023E-09  1.968651E-12  1.248265E-13 -1.947434E-10
         8   2 -3.100000E+02 -3.021788E-09 -2.637023E-09  8.891769E-15 -1.554493E-12 -1.944242E-10
         8   3 -3.100000E+02 -2.911969E-09 -2.260830E-09 -1.906074E-14 -1.395932E-12 -7.942370E-10
         8   4 -3.100000E+02 -2.897188E-09 -2.246063E-09 -1.961686E-12 -1.447456E-12 -7.937335E-10
         8   5 -3.100000E+02 -3.934032E-09 -2.935152E-09  1.159873E-12 -1.598543E-12 -1.273519E-10
         8   6 -3.100000E+02 -3.934032E-09 -2.935152E-09 -1.390703E-13 -3.337350E-12 -1.262505E-10
         8   7 -3.100000E+02 -3.809446E-09 -2.544178E-09 -7.629043E-13 -2.423081E-12 -7.268446E-10
         8   8 -3.100000E+02 -3.809446E-09 -2.544178E-09 -2.053653E-12 -2.481172E-12 -7.255639E-10
         9   1 -3.100000E+02 -3.021788E-09 -2.637023E-09 -5.103271E-14 -1.746790E-13 -1.944978E-10
         9   2 -3.100000E+02 -3.021788E-09 -2.637023E-09  4.155345E-13  6.791364E-13 -1.950497E-10
         9   3 -3.100000E+02 -2.897188E-09 -2.246063E-09 -7.314349E-13 -5.522236E-13 -7.937581E-10
         9   4 -3.100000E+02 -2.897188E-09 -2.246063E-09 -2.430154E-13  3.307120E-13 -7.941521E-10
         9   5 -3.100000E+02 -3.934032E-09 -2.935152E-09  4.243051E-14  2.226746E-12 -1.266611E-10
         9   6 -3.100000E+02 -3.934032E-09 -2.935152E-09  5.450643E-13  3.025850E-12 -1.288861E-10
         9   7 -3.100000E+02 -3.809446E-09 -2.544178E-09 -5.797009E-13  1.138446E-13 -7.259190E-10
         9   8 -3.100000E+02 -3.809446E-09 -2.544178E-09 -8.076451E-14  1.093569E-12 -7.279823E-10
        10   1 -3.100000E+02 -3.021788E-09 -2.637023E-09  6.915470E-13  5.967630E-13 -1.955617E-10
        10   2 -3.100000E+02 -3.007933E-09 -2.593591E-09  2.135739E-13  6.062167E-13 -1.964032E-10
        10   3 -3.100000E+02 -2.897188E-09 -2.246063E-09  7.347199E-13  2.159780E-13 -7.949250E-10
        10   4 -3.100000E+02 -2.897188E-09 -2.246063E-09  2.065036E-13  3.872677E-14 -7.965626E-10
        10   5 -3.100000E+02 -3.934032E-09 -2.935152E-09  5.713290E-13  1.952652E-12 -1.305296E-10
        10   6 -3.100000E+02 -3.920205E-09 -2.891720E-09  6.256628E-14  2.030172E-12 -1.328010E-10
        10   7 -3.100000E+02 -3.809446E-09 -2.544178E-09  1.895923E-13  1.536355E-13 -7.298749E-10
        10   8 -3.100000E+02 -3.809446E-09 -2.544178E-09 -3.478646E-13 -4.988285E-14 -7.329594E-10
        11   1 -3.100000E+02 -1.856969E-09  2.241378E-11  1.953451E-13 -5.951071E-13 -8.006525E-10
        11   2 -3.100000E+02 -1.856969E-09  2.241378E-11  6.284236E-13 -1.632674E-12 -7.979303E-10
        11   3 -3.100000E+02 -1.682031E-10  5.321978E-09 -3.028663E-12 -4.979667E-13 -1.053943E-09
        11   4 -3.100000E+02 -1.820586E-10  5.278560E-09 -2.595584E-12 -9.790125E-13 -1.049678E-09
        11   5 -3.100000E+02 -2.218794E-09 -1.026563E-10  1.682796E-12 -1.178546E-12  1.125977E-10
        11   6 -3.100000E+02 -2.218794E-09 -1.026563E-10  2.397966E-12 -2.215240E-12  1.150321E-10
        11   7 -3.100000E+02 -5.152892E-10  5.211703E-09 -6.815943E-13 -1.378986E-12 -1.406831E-10
        11   8 -3.100000E+02 -5.438974E-10  5.153490E-09  3.357618E-14 -1.863729E-12 -1.366941E-10
        12   1 -3.100000E+02 -1.842188E-09  3.719492E-11  1.208031E-13 -9.997148E-13 -7.967604E-10
        12   2 -3.100000E+02 -1.783975E-09  5.102198E-11 -1.165247E-12  1.083792E-12 -7.959734E-10
        12   3 -3.100000E+02 -1.820586E-10  5.278560E-09  5.064532E-12 -8.462028E-13 -1.049271E-09
        12   4 -3.100000E+02 -1.238454E-10  5.307168E-09  3.777594E-12 -3.077333E-13 -1.052402E-09
        12   5 -3.100000E+02 -2.189701E-09 -7.354968E-11  8.204740E-13 -8.624670E-13  1.158916E-10
        12   6 -3.100000E+02 -2.174920E-09 -7.354968E-11 -1.233799E-12  1.194166E-12  1.159105E-10
        12   7 -3.100000E+02 -5.295862E-10  5.167801E-09  3.760682E-12 -1.424166E-12 -1.366655E-10
        12   8 -3.100000E+02 -5.148050E-10  5.182568E-09  1.707381E-12 -8.749222E-13 -1.405840E-10
        13   1 -3.100000E+02 -1.798742E-09  5.102198E-11 -4.746311E-14  1.427783E-12 -7.960041E-10
        13   2 -3.100000E+02 -1.870796E-09 -2.101826E-11 -8.434969E-13  1.568111E-12 -7.969247E-10
        13   3 -3.100000E+02 -1.238454E-10  5.307168E-09 -6.681003E-12  8.765624E-14 -1.053217E-09
        13   4 -3.100000E+02 -1.820586E-10  5.278560E-09 -7.479348E-12  1.321511E-12 -1.051998E-09
        13   5 -3.100000E+02 -2.189701E-09 -7.354968E-11 -1.195966E-12  2.095717E-13  1.156234E-10
        13   6 -3.100000E+02 -2.247003E-09 -1.456326E-10 -1.479529E-12  3.423600E-13  1.145864E-10
        13   7 -3.100000E+02 -5.295862E-10  5.182568E-09 -6.703287E-12 -1.131889E-12 -1.415714E-10
        13   8 -3.100000E+02 -5.730182E-10  5.153946E-09 -6.983662E-12  1.083399E-13 -1.403119E-10
        14   1 -3.100000E+02 -1.870796E-09 -2.101826E-11 -2.020227E-12  1.355009E-12 -7.976046E-10
        14   2 -3.100000E+02 -1.870796E-09 -2.101826E-11 -1.987612E-12 -5.104503E-13 -7.980365E-10
        14   3 -3.100000E+02 -1.968255E-10  5.278560E-09  3.851658E-12  2.215702E-12 -1.051553E-09
        14   4 -3.100000E+02 -1.820586E-10  5.293327E-09  3.883660E-12  2.143061E-12 -1.051487E-09
        14   5 -3.100000E+02 -2.261770E-09 -1.456326E-10 -1.924854E-12  1.129974E-12  1.141274E-10
        14   6 -3.100000E+02 -2.218338E-09 -1.317913E-10 -9.350564E-13 -7.516052E-13  1.138619E-10
        14   7 -3.100000E+02 -5.877994E-10  5.153946E-09  4.189923E-12  2.161407E-12 -1.397141E-10
        14   8 -3.100000E+02 -5.295862E-10  5.182568E-09  5.186288E-12  2.139645E-12 -1.395558E-10
        15   1 -3.100000E+02 -1.870796E-09 -3.579940E-11 -1.303852E-12 -4.075756E-13 -7.980868E-10
        15   2 -3.100000E+02 -1.827407E-09  3.719492E-11  3.824699E-12  4.310532E-13 -7.975961E-10
        15   3 -3.100000E+02 -1.820586E-10  5.278560E-09 -3.729438E-12  9.284552E-13 -1.052534E-09
        15   4 -3.100000E+02 -1.820586E-10  5.278560E-09  1.391574E-12 -2.486378E-12 -1.055330E-09
        15   5 -3.100000E+02 -2.203557E-09 -1.317913E-10  7.680971E-14  8.301836E-13  1.133599E-10
        15   6 -3.100000E+02 -2.174920E-09 -7.354968E-11  3.089756E-12  1.696197E-12  1.126032E-10
        15   7 -3.100000E+02 -5.295862E-10  5.167801E-09 -3.993918E-12  8.462728E-13 -1.410813E-10
        15   8 -3.100000E+02 -5.295862E-10  5.167801E-09 -9.838407E-13 -2.580480E-12 -1.451210E-10
        16   1 -3.100000E+02 -1.842188E-09  2.241378E-11  4.362435E-12 -6.073615E-13 -7.969342E-10
        16   2 -3.100000E+02 -1.870796E-09 -3.579940E-11  1.796680E-12 -2.029103E-12 -7.960699E-10
        16   3 -3.100000E+02 -1.820586E-10  5.278560E-09  2.435175E-12 -3.678292E-12 -1.054847E-09
        16   4 -3.100000E+02 -1.968255E-10  5.263779E-09 -1.495565E-13 -2.021503E-12 -1.050848E-09
        16   5 -3.100000E+02 -2.247929E-09 -1.169675E-10  3.378281E-12 -1.698792E-12  1.125646E-10
        16   6 -3.100000E+02 -2.261770E-09 -1.604138E-10  2.306445E-12 -3.146165E-12  1.133353E-10
        16   7 -3.100000E+02 -5.730182E-10  5.153946E-09  2.993465E-12 -4.918714E-12 -1.451476E-10
        16   8 -3.100000E+02 -5.877994E-10  5.139179E-09  1.922043E-12 -3.313631E-12 -1.413956E-10
        17   1 -3.100000E+02 -1.870796E-09 -3.579940E-11  8.636201E-13 -1.257565E-12 -7.962693E-10
        17   2 -3.100000E+02 -1.856969E-09  7.646888E-12  1.523263E-12 -5.751529E-13 -7.977222E-10
        17   3 -3.100000E+02 -1.968255E-10  5.263779E-09 -1.226936E-12  3.587090E-13 -1.050100E-09
        17   4 -3.100000E+02 -1.820586E-10  5.278560E-09 -5.696734E-13  1.259477E-12 -1.052421E-09
        17   5 -3.100000E+02 -2.261770E-09 -1.604138E-10  5.699627E-13  6.404336E-13  1.134363E-10
        17   6 -3.100000E+02 -2.247929E-09 -1.169675E-10  1.397296E-12  1.364053E-12  1.127981E-10
        17   7 -3.100000E+02 -5.877994E-10  5.139179E-09 -1.892769E-12  3.101903E-12 -1.404504E-10
        17   8 -3.100000E+02 -5.730182E-10  5.153946E-09 -1.038755E-12  3.980543E-12 -1.417410E-10
        18   1 -3.100000E+02 -1.856969E-09  7.646888E-12  2.878054E-13 -1.027577E-12 -7.980656E-10
        18   2 -3.100000E+02 -1.856969E-09  7.646888E-12 -1.517937E-12 -8.280689E-13 -7.974583E-10
        18   3 -3.100000E+02 -1.820586E-10  5.278560E-09  5.021256E-12  1.193041E-12 -1.053199E-09
        18   4 -3.100000E+02 -1.682031E-10  5.321978E-09  3.208037E-12  1.296331E-12 -1.053633E-09
        18   5 -3.100000E+02 -2.247929E-09 -1.169675E-10  1.065232E-12 -1.005559E-12  1.134509E-10
        18   6 -3.100000E+02 -2.247929E-09 -1.169675E-10 -8.781378E-13 -9.115045E-13  1.158283E-10
        18   7 -3.100000E+02 -5.730182E-10  5.153946E-09  5.369989E-12  2.915155E-12 -1.416432E-10
        18   8 -3.100000E+02 -5.591912E-10  5.197392E-09  3.408988E-12  3.006140E-12 -1.402723E-10
        19   1 -3.100000E+02 -1.856969E-09  7.646888E-12 -1.160136E-12 -7.369911E-13 -7.977178E-10
        19   2 -3.100000E+02 -1.842188E-09  2.241378E-11 -2.465328E-13 -5.065845E-13 -7.984322E-10
        19   3 -3.100000E+02 -1.682031E-10  5.321978E-09 -7.133752E-13 -6.176482E-13 -1.054433E-09
        19   4 -3.100000E+02 -1.820586E-10  5.278560E-09  1.458734E-13 -1.793106E-12 -1.056254E-09
        19   5 -3.100000E+02 -2.189701E-09 -8.833082E-11 -8.456080E-13 -1.358124E-12  1.156922E-10
        19   6 -3.100000E+02 -2.189701E-09 -8.833082E-11 -6.540026E-13 -9.735117E-13  1.129349E-10
        19   7 -3.100000E+02 -5.009780E-10  5.226000E-09 -9.339297E-13 -3.139558E-12 -1.411183E-10
        19   8 -3.100000E+02 -5.295862E-10  5.167801E-09 -7.345439E-13 -4.293717E-12 -1.447440E-10
        20   1 -3.100000E+02 -1.856969E-09  7.646888E-12  1.264886E-12  4.038497E-14 -7.987794E-10
        20   2 -3.100000E+02 -1.842188E-09  2.241378E-11  6.150813E-13  1.416995E-13 -7.985397E-10
        20   3 -3.100000E+02 -1.820586E-10  5.278560E-09  2.129455E-12 -6.196406E-14 -1.056375E-09
        20   4 -3.100000E+02 -1.682031E-10  5.321978E-09  1.503033E-12  8.043024E-13 -1.054477E-09
        20   5 -3.100000E+02 -2.189701E-09 -8.833082E-11  4.085614E-13  3.342465E-13  1.129953E-10
        20   6 -3.100000E+02 -2.189701E-09 -8.833082E-11  1.237810E-13  4.622138E-13  1.156098E-10
        20   7 -3.100000E+02 -5.295862E-10  5.167801E-09  2.126337E-12  2.830717E-12 -1.446085E-10
        20   8 -3.100000E+02 -5.157449E-10  5.211219E-09  1.786595E-12  3.642022E-12 -1.402006E-10
        21   1 -3.100000E+02 -4.499047E-09 -1.761291E-09  1.960094E-13  1.221484E-13 -3.476549E-10
        21   2 -3.100000E+02 -4.542423E-09 -1.804737E-09 -9.487985E-13  8.936250E-13 -3.486131E-10
        21   3 -3.100000E+02 -4.312603E-09 -1.153128E-09  1.873510E-12 -7.506967E-13 -1.723423E-09
        21   4 -3.100000E+02 -4.326430E-09 -1.196560E-09  7.287025E-13  9.494717E-13 -1.723704E-09
        21   5 -3.100000E+02 -6.511646E-09 -2.390244E-09  4.863824E-13 -4.222947E-13 -2.432540E-10
        21   6 -3.100000E+02 -6.555049E-09 -2.433704E-09 -1.992840E-13  3.491818E-13 -2.457730E-10
        21   7 -3.100000E+02 -6.325201E-09 -1.782081E-09  2.504941E-12 -2.870820E-12 -1.619022E-09
        21   8 -3.100000E+02 -6.353824E-09 -1.840294E-09  1.820916E-12 -1.170238E-12 -1.620863E-09
        22   1 -3.100000E+02 -4.527656E-09 -1.789956E-09 -1.982632E-12  3.210516E-12 -3.488213E-10
        22   2 -3.100000E+02 -4.527656E-09 -1.789956E-09 -2.298088E-12  3.697879E-12 -3.483645E-10
        22   3 -3.100000E+02 -4.326430E-09 -1.196560E-09 -1.688688E-12  3.348834E-12 -1.722740E-09
        22   4 -3.100000E+02 -4.326430E-09 -1.181793E-09 -2.005845E-12  1.244030E-12 -1.719709E-09
        22   5 -3.100000E+02 -6.555049E-09 -2.433704E-09 -1.206709E-12  2.234443E-12 -2.459801E-10
        22   6 -3.100000E+02 -6.496836E-09 -2.405082E-09 -2.815634E-12  2.727017E-12 -2.440880E-10
        22   7 -3.100000E+02 -6.353824E-09 -1.825527E-09  3.585527E-13  3.824946E-12 -1.619918E-09
        22   8 -3.100000E+02 -6.295610E-09 -1.796919E-09 -1.252269E-12  1.724446E-12 -1.615485E-09
        23   1 -3.100000E+02 -4.527656E-09 -1.789956E-09 -1.580764E-12  7.718072E-13 -3.491422E-10
        23   2 -3.100000E+02 -4.542423E-09 -1.804737E-09 -2.595799E-13 -3.555254E-12 -3.516572E-10
        23   3 -3.100000E+02 -4.326430E-09 -1.181793E-09 -3.281724E-13 -2.340340E-12 -1.720421E-09
        23   4 -3.100000E+02 -4.326430E-09 -1.181793E-09  9.861936E-13 -2.564102E-12 -1.725205E-09
        23   5 -3.100000E+02 -6.496836E-09 -2.405082E-09 -2.701372E-12  2.510233E-12 -2.448460E-10
        23   6 -3.100000E+02 -6.496836E-09 -2.405082E-09  6.574241E-13 -1.862381E-12 -2.487838E-10
        23   7 -3.100000E+02 -6.295610E-09 -1.796919E-09 -2.570221E-12 -2.001134E-12 -1.616125E-09
        23   8 -3.100000E+02 -6.310392E-09 -1.796919E-09  7.909341E-13 -2.220179E-12 -1.622304E-09
        24   1 -3.100000E+02 -4.556734E-09 -1.804253E-09 -2.376606E-13 -2.990659E-12 -3.524469E-10
        24   2 -3.100000E+02 -4.556734E-09 -1.819034E-09  3.366132E-13  1.453758E-12 -3.519661E-10
        24   3 -3.100000E+02 -4.326914E-09 -1.152658E-09 -8.587341E-13 -5.477447E-13 -1.725937E-09
        24   4 -3.100000E+02 -4.341695E-09 -1.152658E-09 -2.730167E-13  1.136650E-13 -1.723082E-09
        24   5 -3.100000E+02 -6.511603E-09 -2.405082E-09  1.595372E-12 -5.885070E-12 -2.488232E-10
        24   6 -3.100000E+02 -6.511603E-09 -2.419863E-09  3.530621E-13 -1.464561E-12 -2.450532E-10
        24   7 -3.100000E+02 -6.296080E-09 -1.767784E-09  2.182984E-12 -1.305194E-13 -1.622356E-09
        24   8 -3.100000E+02 -6.296080E-09 -1.767784E-09  9.234440E-13  5.965296E-13 -1.616190E-09
        25   1 -3.100000E+02 -4.557204E-09 -1.804737E-09  1.007352E-12  4.958755E-13 -3.506864E-10
        25   2 -3.100000E+02 -4.557204E-09 -1.804737E-09  7.753398E-13  2.559452E-12 -3.476623E-10
        25   3 -3.100000E+02 -4.327384E-09 -1.138347E-09  1.851587E-12  2.205307E-12 -1.721562E-09
        25   4 -3.100000E+02 -4.341211E-09 -1.196560E-09  1.590294E-12  4.941973E-12 -1.720268E-09
        25   5 -3.100000E+02 -6.526384E-09 -2.419863E-09 -2.921354E-13  1.738501E-12 -2.433760E-10
        25   6 -3.100000E+02 -6.511603E-09 -2.419863E-09 -1.796780E-13  3.804354E-12 -2.425477E-10
        25   7 -3.100000E+02 -6.296550E-09 -1.753473E-09 -3.147345E-13  1.229687E-12 -1.614252E-09
        25   8 -3.100000E+02 -6.310392E-09 -1.796919E-09 -2.065813E-13  3.948308E-12 -1.615171E-09
        26   1 -3.100000E+02 -4.542423E-09 -1.789956E-09  3.632733E-13  3.364504E-12 -3.469060E-10
        26   2 -3.100000E+02 -4.542423E-09 -1.804737E-09  4.798667E-13 -3.598826E-12 -3.478184E-10
        26   3 -3.100000E+02 -4.341211E-09 -1.196560E-09  2.780740E-13  1.420356E-12 -1.720122E-09
        26   4 -3.100000E+02 -4.326430E-09 -1.181793E-09  4.142642E-13 -5.188262E-12 -1.720939E-09
        26   5 -3.100000E+02 -6.525914E-09 -2.419393E-09 -8.855080E-14  3.469404E-12 -2.423936E-10
        26   6 -3.100000E+02 -6.525914E-09 -2.434174E-09  1.909549E-13 -3.538252E-12 -2.426221E-10
        26   7 -3.100000E+02 -6.310392E-09 -1.796919E-09 -6.710292E-14  2.239137E-12 -1.615533E-09
        26   8 -3.100000E+02 -6.310392E-09 -1.796919E-09  1.881772E-13 -4.440888E-12 -1.615691E-09
        27   1 -3.100000E+02 -4.527656E-09 -1.789956E-09  3.894536E-13 -1.985698E-12 -3.484868E-10
        27   2 -3.100000E+02 -4.542423E-09 -1.804737E-09  1.279979E-12  2.979438E-12 -3.493467E-10
        27   3 -3.100000E+02 -4.341211E-09 -1.196560E-09 -7.481625E-13 -2.273994E-12 -1.722505E-09
        27   4 -3.100000E+02 -4.326430E-09 -1.181793E-09  1.376378E-13  3.089362E-12 -1.725759E-09
        27   5 -3.100000E+02 -6.496836E-09 -2.405082E-09 -2.027121E-13 -1.696499E-12 -2.432632E-10
        27   6 -3.100000E+02 -6.555049E-09 -2.433704E-09  9.139901E-13  3.200914E-12 -2.447493E-10
        27   7 -3.100000E+02 -6.295610E-09 -1.796919E-09 -2.616463E-12 -2.531888E-12 -1.617210E-09
        27   8 -3.100000E+02 -6.339057E-09 -1.810746E-09 -1.440275E-12  2.674751E-12 -1.621105E-09
        28   1 -3.100000E+02 -4.527656E-09 -1.789956E-09  1.080109E-12 -2.829573E-12 -3.489495E-10
        28   2 -3.100000E+02 -4.542423E-09 -1.804737E-09  1.505955E-13 -8.143159E-12 -3.469652E-10
        28   3 -3.100000E+02 -4.341211E-09 -1.196560E-09 -6.025372E-13 -6.201011E-13 -1.725777E-09
        28   4 -3.100000E+02 -4.341211E-09 -1.196560E-09 -1.522201E-12 -5.049372E-12 -1.722483E-09
        28   5 -3.100000E+02 -6.555049E-09 -2.433704E-09  1.668464E-12 -3.189716E-12 -2.443827E-10
        28   6 -3.100000E+02 -6.555049E-09 -2.433704E-09  1.154497E-12 -8.586572E-12 -2.419146E-10
        28   7 -3.100000E+02 -6.353824E-09 -1.825527E-09  6.551081E-13 -5.340325E-13 -1.621208E-09
        28   8 -3.100000E+02 -6.353824E-09 -1.825527E-09  1.431833E-13 -4.952597E-12 -1.617465E-09
        29   1 -3.100000E+02 -4.542423E-09 -1.804737E-09  2.652711E-13 -1.035436E-12 -3.473930E-10
        29   2 -3.100000E+02 -4.527656E-09 -1.789956E-09  3.749852E-13  3.099563E-12 -3.505443E-10
        29   3 -3.100000E+02 -4.341211E-09 -1.196560E-09 -4.950505E-13 -2.665818E-12 -1.722766E-09
        29   4 -3.100000E+02 -4.312603E-09 -1.138347E-09 -3.847296E-13 -5.062154E-14 -1.726799E-09
        29   5 -3.100000E+02 -6.555049E-09 -2.433704E-09  6.563361E-13 -9.048439E-13 -2.421176E-10
        29   6 -3.100000E+02 -6.555049E-09 -2.433704E-09 -5.396938E-15  3.515804E-12 -2.451530E-10
        29   7 -3.100000E+02 -6.353824E-09 -1.825527E-09 -5.516235E-13 -2.276868E-12 -1.617488E-09
        29   8 -3.100000E+02 -6.325201E-09 -1.767300E-09 -1.179309E-12  3.892069E-13 -1.621421E-09
        30   1 -3.100000E+02 -4.527656E-09 -1.789956E-09  4.020440E-13  2.565964E-12 -3.523402E-10
        30   2 -3.100000E+02 -4.542423E-09 -1.804737E-09  4.191588E-15  2.220636E-12 -3.541045E-10
        30   3 -3.100000E+02 -4.312603E-09 -1.153128E-09 -3.730587E-14 -3.184367E-13 -1.728743E-09
        30   4 -3.100000E+02 -4.312603E-09 -1.138347E-09 -4.536025E-13  2.810002E-14 -1.730077E-09
        30   5 -3.100000E+02 -6.555049E-09 -2.433704E-09  1.049559E-13  1.411842E-12 -2.462986E-10
        30   6 -3.100000E+02 -6.555049E-09 -2.433704E-09 -3.348907E-14  1.141533E-12 -2.464383E-10
        30   7 -3.100000E+02 -6.325201E-09 -1.767300E-09 -9.070779E-14  2.032809E-13 -1.622745E-09
        30   8 -3.100000E+02 -6.339982E-09 -1.782081E-09 -2.545919E-13  4.882329E-13 -1.622425E-09
        31   1 -3.100000E+02 -3.175965E-09  6.050298E-10  2.351928E-12 -1.637140E-12 -1.404541E-09
        31   2 -3.100000E+02 -3.190746E-09  5.902486E-10  2.345536E-12 -1.253343E-12 -1.402093E-09
        31   3 -3.100000E+02 -2.047187E-09  4.123738E-09  8.412819E-13 -3.181868E-12 -3.654517E-09
        31   4 -3.100000E+02 -2.075810E-09  4.065524E-09  8.348890E-13 -7.277523E-12 -3.649078E-09
        31   5 -3.100000E+02 -6.579143E-09 -5.118004E-10  2.676249E-12 -3.730752E-12 -8.029489E-10
        31   6 -3.100000E+02 -6.579143E-09 -5.118004E-10  4.306716E-13 -3.346828E-12 -7.988770E-10
        31   7 -3.100000E+02 -5.421259E-09  3.036014E-09  2.694495E-12 -3.618149E-12 -3.052979E-09
        31   8 -3.100000E+02 -5.449867E-09  2.977815E-09  4.474836E-13 -7.713390E-12 -3.045747E-09
        32   1 -3.100000E+02 -3.190262E-09  5.611278E-10  6.108165E-13  9.396982E-13 -1.400759E-09
        32   2 -3.100000E+02 -3.190262E-09  5.758947E-10 -4.928541E-13  3.561455E-13 -1.399411E-09
        32   3 -3.100000E+02 -2.061499E-09  4.079836E-09  1.981062E-12 -5.837664E-12 -3.648334E-09
        32   4 -3.100000E+02 -2.061499E-09  4.094617E-09  8.789536E-13  3.254198E-13 -3.651227E-09
        32   5 -3.100000E+02 -6.578674E-09 -5.409355E-10 -6.982428E-13  1.682151E-12 -7.971989E-10
        32   6 -3.100000E+02 -6.593455E-09 -5.409355E-10  1.575783E-12  1.088970E-12 -7.965912E-10
        32   7 -3.100000E+02 -5.420775E-09  3.006893E-09 -1.456302E-12 -5.789168E-12 -3.044784E-09
        32   8 -3.100000E+02 -5.435556E-09  3.006893E-09  8.150060E-13  3.880557E-13 -3.048432E-09
        33   1 -3.100000E+02 -3.190262E-09  5.758947E-10 -1.352501E-12 -2.280214E-12 -1.399394E-09
        33   2 -3.100000E+02 -3.219881E-09  5.907186E-10 -1.953915E-12 -2.067987E-12 -1.400337E-09
        33   3 -3.100000E+02 -2.061499E-09  4.094617E-09 -5.188558E-12  9.969990E-13 -3.650180E-09
        33   4 -3.100000E+02 -2.104945E-09  4.065994E-09 -5.786126E-12 -1.546908E-12 -3.644537E-09
        33   5 -3.100000E+02 -6.593455E-09 -5.409355E-10 -5.918497E-13 -2.026738E-12 -7.964540E-10
        33   6 -3.100000E+02 -6.564832E-09 -4.974892E-10 -2.590227E-12 -1.810207E-12 -7.963550E-10
        33   7 -3.100000E+02 -5.435556E-09  3.006893E-09 -1.015495E-12  2.249808E-12 -3.047243E-09
        33   8 -3.100000E+02 -5.420775E-09  3.006893E-09 -3.011513E-12 -2.647697E-13 -3.040402E-09
        34   1 -3.100000E+02 -3.219881E-09  6.054855E-10 -1.609345E-12  2.156022E-13 -1.400382E-09
        34   2 -3.100000E+02 -3.176435E-09  6.193267E-10  1.960162E-13  6.462275E-13 -1.399371E-09
        34   3 -3.100000E+02 -2.104945E-09  4.065994E-09  3.183308E-12  9.294610E-14 -3.644802E-09
        34   4 -3.100000E+02 -2.061499E-09  4.094617E-09  4.984717E-12  3.117445E-12 -3.651513E-09
        34   5 -3.100000E+02 -6.564832E-09 -5.122561E-10 -9.482540E-13  1.324791E-12 -7.965033E-10
        34   6 -3.100000E+02 -6.579599E-09 -4.974892E-10  2.227951E-12  1.716341E-12 -7.969113E-10
        34   7 -3.100000E+02 -5.420775E-09  3.006893E-09 -6.318045E-14 -3.179132E-13 -3.040822E-09
        34   8 -3.100000E+02 -5.435556E-09  3.006893E-09  3.119591E-12  2.734509E-12 -3.049080E-09
        35   1 -3.100000E+02 -3.176435E-09  6.045456E-10  9.570796E-13  2.734192E-12 -1.399912E-09
        35   2 -3.100000E+02 -3.233722E-09  5.472580E-10  2.328753E-12  4.015644E-12 -1.402411E-09
        35   3 -3.100000E+02 -2.061499E-09  4.079836E-09 -2.378347E-12  2.517633E-12 -3.652137E-09
        35   4 -3.100000E+02 -2.119712E-09  4.051213E-09 -1.015400E-12 -6.028242E-13 -3.647272E-09
        35   5 -3.100000E+02 -6.579599E-09 -4.974892E-10  1.882601E-12  9.064614E-13 -7.980700E-10
        35   6 -3.100000E+02 -6.593455E-09 -5.557166E-10  9.951645E-13  2.262810E-12 -8.006536E-10
        35   7 -3.100000E+02 -5.435556E-09  3.006893E-09  2.295979E-12  6.711899E-13 -3.050355E-09
        35   8 -3.100000E+02 -5.435556E-09  2.992112E-09  1.404017E-12 -2.461187E-12 -3.045565E-09
        36   1 -3.100000E+02 -3.233722E-09  5.472580E-10  2.436074E-12 -3.727438E-13 -1.403534E-09
        36   2 -3.100000E+02 -3.219881E-09  5.907186E-10  2.458180E-12 -5.826373E-12 -1.403730E-09
        36   3 -3.100000E+02 -2.104945E-09  4.065994E-09  2.347908E-12 -3.147500E-12 -3.646072E-09
        36   4 -3.100000E+02 -2.076322E-09  4.124207E-09  2.379347E-12 -5.378716E-12 -3.647839E-09
        36   5 -3.100000E+02 -6.593455E-09 -5.557166E-10  8.060959E-13  1.178106E-12 -8.012886E-10
        36   6 -3.100000E+02 -6.579599E-09 -4.974892E-10  2.398174E-12 -4.252761E-12 -8.004103E-10
        36   7 -3.100000E+02 -5.435556E-09  2.992112E-09 -2.097697E-14 -4.991348E-13 -3.044002E-09
        36   8 -3.100000E+02 -5.406948E-09  3.050325E-09  1.573143E-12 -2.772178E-12 -3.044575E-09
        37   1 -3.100000E+02 -3.219881E-09  5.907186E-10  5.525708E-14 -1.636073E-12 -1.404595E-09
        37   2 -3.100000E+02 -3.233722E-09  5.472580E-10  8.391486E-13  3.788152E-12 -1.406799E-09
        37   3 -3.100000E+02 -2.091089E-09  4.109426E-09 -1.990358E-12  3.676384E-13 -3.648180E-09
        37   4 -3.100000E+02 -2.119712E-09  4.051213E-09 -1.237459E-12  4.812244E-12 -3.647569E-09
        37   5 -3.100000E+02 -6.564832E-09 -4.974892E-10 -1.022039E-12 -2.825422E-12 -8.014932E-10
        37   6 -3.100000E+02 -6.593455E-09 -5.557166E-10 -6.206081E-13  2.603258E-12 -8.054436E-10
        37   7 -3.100000E+02 -5.421715E-09  3.050325E-09 -1.685519E-12 -2.428523E-12 -3.045180E-09
        37   8 -3.100000E+02 -5.435556E-09  2.992112E-09 -1.298021E-12  2.040750E-12 -3.046020E-09
        38   1 -3.100000E+02 -3.233722E-09  5.472580E-10  1.207135E-12  1.487110E-12 -1.406503E-09
        38   2 -3.100000E+02 -3.219881E-09  5.907186E-10 -8.512131E-13 -2.963493E-12 -1.403219E-09
        38   3 -3.100000E+02 -2.104945E-09  4.065994E-09  3.911081E-12  5.003686E-12 -3.648954E-09
        38   4 -3.100000E+02 -2.091089E-09  4.109426E-09  1.860431E-12  4.557700E-13 -3.653217E-09
        38   5 -3.100000E+02 -6.593455E-09 -5.557166E-10  8.853606E-13  2.386439E-12 -8.050448E-10
        38   6 -3.100000E+02 -6.564832E-09 -4.974892E-10 -1.341216E-12 -1.957111E-12 -7.999589E-10
        38   7 -3.100000E+02 -5.435556E-09  2.992112E-09 -1.548610E-13  7.690388E-12 -3.047418E-09
        38   8 -3.100000E+02 -5.421715E-09  3.035558E-09 -2.374871E-12  3.231095E-12 -3.049889E-09
        39   1 -3.100000E+02 -3.219881E-09  5.907186E-10 -7.687215E-13 -4.419709E-12 -1.403305E-09
        39   2 -3.100000E+02 -3.219881E-09  5.907186E-10 -4.658460E-13 -1.792093E-12 -1.406620E-09
        39   3 -3.100000E+02 -2.076322E-09  4.109426E-09 -3.331204E-13 -7.381059E-12 -3.654762E-09
        39   4 -3.100000E+02 -2.091089E-09  4.109426E-09 -1.075155E-14 -2.522022E-12 -3.654101E-09
        39   5 -3.100000E+02 -6.564832E-09 -4.974892E-10 -7.257719E-13 -3.845786E-12 -7.992139E-10
        39   6 -3.100000E+02 -6.564832E-09 -4.974892E-10  6.052266E-13 -1.130403E-12 -8.022905E-10
        39   7 -3.100000E+02 -5.421715E-09  3.035558E-09  1.608208E-12 -6.545730E-12 -3.050666E-09
        39   8 -3.100000E+02 -5.421715E-09  3.050325E-09  2.961777E-12 -1.665393E-12 -3.049660E-09
        40   1 -3.100000E+02 -3.161654E-09  6.193267E-10  4.784723E-13  9.609944E-13 -1.406530E-09
        40   2 -3.100000E+02 -3.176435E-09  6.045456E-10 -6.291978E-15  9.532609E-13 -1.402820E-09
        40   3 -3.100000E+02 -2.047657E-09  4.138035E-09  2.042657E-12  7.105969E-12 -3.653632E-09
        40   4 -3.100000E+02 -2.047657E-09  4.123268E-09  1.548443E-12  5.257263E-12 -3.652604E-09
        40   5 -3.100000E+02 -6.564832E-09 -4.974892E-10  1.563259E-12  1.438764E-12 -8.026413E-10
        40   6 -3.100000E+02 -6.579599E-09 -4.974892E-10  2.166534E-13  1.318652E-12 -8.005877E-10
        40   7 -3.100000E+02 -5.421715E-09  3.050325E-09  1.829843E-12  5.883132E-12 -3.049596E-09
        40   8 -3.100000E+02 -5.421715E-09  3.050325E-09  4.774982E-13  4.031114E-12 -3.050277E-09
        41   1  2.165936E-09  7.658739E-09 -5.883157E-10  5.219763E-13  1.216740E-12 -2.243692E-10
        41   2  2.143253E-09  7.600869E-09 -6.107566E-10  2.263348E-12  3.879539E-12 -2.245307E-10
        41   3  2.850110E-09  8.371006E-09  9.182577E-10  2.082055E-13 -1.031124E-12 -1.996795E-09
        41   4  2.853635E-09  8.339416E-09  9.131023E-10  1.945057E-12  7.470290E-13 -1.992284E-09
        41   5  7.131677E-10  4.401765E-09 -2.029787E-09  1.213881E-12 -7.441342E-13 -1.952802E-11
        41   6  7.533850E-10  4.477061E-09 -1.990000E-09  2.509605E-12  1.922778E-12 -1.736236E-11
        41   7  1.415897E-09  5.129144E-09 -5.035744E-10  3.223946E-12 -5.270287E-13 -1.782115E-09
        41   8  1.456115E-09  5.204388E-09 -4.810988E-10  4.515142E-12  1.253871E-12 -1.775476E-09
        42   1  2.143253E-09  7.600866E-09 -6.107566E-10  1.661116E-12  3.118331E-12 -2.235443E-10
        42   2  2.165936E-09  7.658731E-09 -5.883157E-10 -2.335829E-12 -1.866268E-12 -2.205426E-10
        42   3  2.853635E-09  8.339389E-09  9.131023E-10  1.926433E-12  5.114821E-12 -1.989154E-09
        42   4  2.850110E-09  8.370905E-09  9.182577E-10 -2.066618E-12  2.862073E-12 -1.984890E-09
        42   5  7.533850E-10  4.477058E-09 -1.990000E-09  1.628603E-12  4.414229E-12 -1.606982E-11
        42   6  7.533850E-10  4.477055E-09 -1.990000E-09 -9.921557E-13 -5.780700E-13 -1.486231E-11
        42   7  1.456115E-09  5.204358E-09 -4.810988E-10  2.555027E-12  4.607616E-12 -1.771938E-09
        42   8  1.438615E-09  5.186818E-09 -4.810988E-10 -6.183153E-14  2.351388E-12 -1.769489E-09
        43   1  2.165936E-09  7.658733E-09 -5.883157E-10 -3.321585E-12 -8.815282E-13 -2.216310E-10
        43   2  2.183408E-09  7.676293E-09 -5.883157E-10  1.825070E-13 -9.409001E-13 -2.276006E-10
        43   3  2.850110E-09  8.370913E-09  9.182577E-10 -5.198347E-12 -4.000388E-12 -1.985843E-09
        43   4  2.850110E-09  8.370973E-09  9.182577E-10 -1.686027E-12 -5.954340E-12 -1.992918E-09
        43   5  7.533850E-10  4.477057E-09 -1.990000E-09 -2.225607E-12 -1.323996E-12 -1.567865E-11
        43   6  7.708842E-10  4.494584E-09 -1.990000E-09  3.240840E-13 -1.383459E-12 -1.902906E-11
        43   7  1.438615E-09  5.186824E-09 -4.810988E-10 -4.572705E-12 -1.847241E-12 -1.770101E-09
        43   8  1.438615E-09  5.186861E-09 -4.810988E-10 -2.014773E-12 -3.804212E-12 -1.774523E-09
        44   1  2.183408E-09  7.676294E-09 -5.883157E-10  2.100970E-12 -5.604705E-12 -2.282808E-10
        44   2  2.223564E-09  7.716610E-09 -5.140181E-10  8.221335E-13 -3.633035E-12 -2.240285E-10
        44   3  2.907737E-09  8.428848E-09  9.925553E-10  3.182023E-12 -1.674161E-12 -1.993505E-09
        44   4  2.850110E-09  8.370924E-09  9.182577E-10  1.892955E-12  1.263851E-12 -1.987135E-09
        44   5  7.708842E-10  4.494588E-09 -1.990000E-09  2.538332E-12 -2.211738E-12 -2.071276E-11
        44   6  7.936024E-10  4.517334E-09 -1.932899E-09  1.746290E-12 -2.370227E-13 -2.186618E-11
        44   7  1.478833E-09  5.227136E-09 -4.239987E-10  4.486158E-12 -3.683544E-12 -1.776058E-09
        44   8  1.438615E-09  5.186868E-09 -4.810988E-10  3.683868E-12 -7.409935E-13 -1.775340E-09
        45   1  2.223564E-09  7.716606E-09 -5.140181E-10  2.287558E-13 -4.016150E-14 -2.222428E-10
        45   2  2.165936E-09  7.658733E-09 -5.883157E-10  1.219852E-12  2.939139E-12 -2.216481E-10
        45   3  2.850110E-09  8.370906E-09  9.182577E-10 -9.832818E-15  1.281566E-12 -1.985026E-09
        45   4  2.867582E-09  8.388452E-09  9.182577E-10  9.836973E-13  1.506572E-12 -1.985026E-09
        45   5  7.936024E-10  4.517334E-09 -1.932899E-09  4.200208E-13 -1.985373E-12 -2.188319E-11
        45   6  7.533850E-10  4.477069E-09 -1.990000E-09  2.362754E-14  9.985301E-13 -2.078079E-11
        45   7  1.438615E-09  5.186865E-09 -4.810988E-10 -9.458933E-14 -1.239549E-13 -1.774931E-09
        45   8  1.456115E-09  5.204379E-09 -4.810988E-10 -4.885448E-13  1.013992E-13 -1.774387E-09
        46   1  2.165936E-09  7.676279E-09 -5.710301E-10  1.209430E-12  1.476914E-12 -2.216677E-10
        46   2  2.165936E-09  7.676280E-09 -5.710301E-10 -4.642109E-13 -8.089383E-13 -2.221779E-10
        46   3  2.867582E-09  8.388457E-09  9.182577E-10  1.653405E-12 -3.205156E-13 -1.985639E-09
        46   4  2.867582E-09  8.388471E-09  9.182577E-10 -2.967747E-14  1.290655E-12 -1.987271E-09
        46   5  7.533850E-10  4.477067E-09 -1.990000E-09  1.010240E-13  9.805447E-13 -1.984540E-11
        46   6  7.533850E-10  4.477063E-09 -1.990000E-09  3.905242E-13 -1.308839E-12 -1.843381E-11
        46   7  1.456115E-09  5.204377E-09 -4.810988E-10 -9.113171E-14  1.124884E-12 -1.774115E-09
        46   8  1.456115E-09  5.204374E-09 -4.810988E-10  1.889130E-13  2.738544E-12 -1.773843E-09
        47   1  2.183408E-09  7.676282E-09 -5.883157E-10 -1.772436E-12  1.168063E-12 -2.229066E-10
        47   2  2.143253E-09  7.600868E-09 -6.107566E-10 -2.297373E-13  2.999755E-13 -2.244287E-10
        47   3  2.850110E-09  8.370939E-09  9.182577E-10 -4.796114E-12  2.267125E-12 -1.988904E-09
        47   4  2.827427E-09  8.313095E-09  8.958167E-10 -3.233923E-12 -2.556586E-12 -1.992006E-09
        47   5  7.708842E-10  4.494581E-09 -1.990000E-09 -9.745131E-13 -1.042001E-12 -1.799162E-11
        47   6  7.131677E-10  4.401762E-09 -2.029787E-09 -1.424470E-12 -1.911429E-12 -1.818446E-11
        47   7  1.438615E-09  5.186860E-09 -4.810988E-10 -4.740302E-12  1.392360E-12 -1.774387E-09
        47   8  1.415897E-09  5.129093E-09 -5.035744E-10 -5.170736E-12 -3.438803E-12 -1.776061E-09
        48   1  2.169461E-09  7.627188E-09 -5.934710E-10  1.992893E-12  1.965600E-12 -2.244994E-10
        48   2  2.143253E-09  7.600866E-09 -6.107566E-10  2.160070E-12  1.706156E-12 -2.232892E-10
        48   3  2.827427E-09  8.313103E-09  8.958167E-10  3.352395E-12  1.103490E-12 -1.993027E-09
        48   4  2.827427E-09  8.313102E-09  8.958167E-10  3.511713E-12  2.885123E-12 -1.992890E-09
        48   5  7.481660E-10  4.436801E-09 -2.012475E-09  5.077057E-13  5.290503E-12 -1.874838E-11
        48   6  7.131677E-10  4.401766E-09 -2.029787E-09  1.703083E-12  5.030658E-12 -1.997021E-11
        48   7  1.415897E-09  5.129105E-09 -5.035744E-10  1.303494E-12  1.923124E-12 -1.777557E-09
        48   8  1.415897E-09  5.129125E-09 -5.035744E-10  2.491000E-12  3.707509E-12 -1.779870E-09
        49   1  2.143253E-09  7.600865E-09 -6.107566E-10  3.613809E-13  1.167202E-12 -2.230511E-10
        49   2  2.200881E-09  7.658738E-09 -5.364590E-10 -1.852264E-12  5.144177E-15 -2.236289E-10
        49   3  2.853635E-09  8.339416E-09  9.131023E-10 -1.120790E-12 -4.574190E-13 -1.992352E-09
        49   4  2.827427E-09  8.313082E-09  8.958167E-10 -3.324809E-12 -3.035895E-12 -1.990578E-09
        49   5  7.131677E-10  4.401766E-09 -2.029787E-09  6.438606E-13  1.120309E-13 -1.978313E-11
        49   6  7.533850E-10  4.442025E-09 -1.972687E-09 -2.283307E-12 -1.051822E-12 -1.802832E-11
        49   7  1.433396E-09  5.146639E-09 -5.035744E-10  2.632358E-13  8.167605E-13 -1.779326E-09
        49   8  1.415897E-09  5.129086E-09 -5.035744E-10 -2.654292E-12 -1.765698E-12 -1.775244E-09
        50   1  2.143253E-09  7.600866E-09 -6.107566E-10 -1.607755E-12 -2.246727E-12 -2.233913E-10
        50   2  2.143253E-09  7.600863E-09 -6.107566E-10 -3.911226E-13 -2.410839E-13 -2.222178E-10
        50   3  2.827427E-09  8.313080E-09  8.958167E-10 -1.466020E-12 -2.189796E-12 -1.990237E-09
        50   4  2.885054E-09  8.370957E-09  9.701143E-10 -2.610100E-13  1.085115E-12 -1.991165E-09
        50   5  7.131677E-10  4.401757E-09 -2.029787E-09 -2.802526E-12 -3.614444E-12 -1.593952E-11
        50   6  7.131677E-10  4.401748E-09 -2.029787E-09 -9.464986E-13 -1.605702E-12 -1.216393E-11
        50   7  1.415897E-09  5.129068E-09 -5.035744E-10 -3.534000E-12 -9.460411E-13 -1.773135E-09
        50   8  1.456115E-09  5.169315E-09 -4.464742E-10 -1.689614E-12  2.333930E-12 -1.771405E-09
        51   1  2.412079E-09  6.740022E-09  9.861869E-10  1.277164E-12 -1.669005E-12 -7.848817E-10
        51   2  2.354452E-09  6.682068E-09  9.118893E-10  2.796565E-12 -1.443712E-12 -7.782746E-10
        51   3  2.827427E-09  7.232638E-09  2.002093E-09  4.725108E-12 -1.174246E-12 -3.093489E-09
        51   4  2.827427E-09  7.232701E-09  2.002093E-09  6.276142E-12 -4.306800E-12 -3.096754E-09
        51   5  4.562063E-10  2.470799E-09 -9.336475E-10  2.910606E-12 -7.549894E-13 -6.222235E-10
        51   6  4.912046E-10  2.505774E-09 -9.163352E-10  2.738479E-12 -5.293485E-13 -6.174384E-10
        51   7  9.474109E-10  3.019355E-09  1.409279E-10  1.528108E-12 -1.583816E-12 -2.918422E-09
        51   8  9.474109E-10  3.019444E-09  1.409279E-10  1.387663E-12 -4.721209E-12 -2.923048E-09
        52   1  2.371924E-09  6.717135E-09  9.464604E-10  1.440778E-12  2.630540E-12 -7.764592E-10
        52   2  2.371924E-09  6.717149E-09  9.464604E-10  9.066743E-13  2.883365E-12 -7.775477E-10
        52   3  2.885054E-09  7.255490E-09  2.024534E-09 -2.686677E-12 -6.169280E-12 -3.097378E-09
        52   4  2.885054E-09  7.255435E-09  2.024534E-09 -3.261176E-12 -1.802950E-12 -3.094521E-09
        52   5  4.912046E-10  2.505756E-09 -9.163352E-10  1.017481E-12  1.584412E-12 -6.160098E-10
        52   6  4.912046E-10  2.505762E-09 -9.163352E-10  2.555565E-12  1.837628E-12 -6.164860E-10
        52   7  9.474109E-10  3.019457E-09  1.409279E-10 -1.287074E-12 -6.858438E-12 -2.923728E-09
        52   8  9.474109E-10  3.019394E-09  1.409279E-10  2.105533E-13 -2.485363E-12 -2.920463E-09
        53   1  2.371924E-09  6.717139E-09  9.464604E-10 -1.701394E-12 -3.396762E-12 -7.767994E-10
        53   2  2.371924E-09  6.717098E-09  9.464604E-10 -3.509221E-12 -6.057244E-12 -7.736701E-10
        53   3  2.827427E-09  7.232594E-09  2.002093E-09 -3.866007E-13  1.247573E-12 -3.091176E-09
        53   4  2.853635E-09  7.258794E-09  2.019378E-09 -2.185816E-12 -1.448608E-12 -3.085084E-09
        53   5  4.912046E-10  2.505772E-09 -9.163352E-10 -1.261044E-12 -1.784902E-12 -6.172343E-10
        53   6  4.912046E-10  2.505784E-09 -9.163352E-10 -3.086828E-12 -4.449494E-12 -6.181867E-10
        53   7  9.474109E-10  3.019360E-09  1.409279E-10  1.723372E-12 -1.103698E-12 -2.918694E-09
        53   8  9.736596E-10  3.045598E-09  1.582402E-10 -9.378531E-14 -3.804043E-12 -2.916684E-09
        54   1  2.371924E-09  6.717081E-09  9.464604E-10  4.063872E-13 -3.420003E-13 -7.723775E-10
        54   2  2.371924E-09  6.717073E-09  9.464604E-10  1.875211E-12  2.427094E-12 -7.716972E-10
        54   3  2.787271E-09  7.192113E-09  1.927795E-09 -1.124128E-12 -6.416697E-13 -3.082705E-09
        54   4  2.787271E-09  7.192155E-09  1.927795E-09  3.498377E-13  6.995899E-13 -3.084882E-09
        54   5  4.912046E-10  2.505777E-09 -9.163352E-10  1.712590E-12 -3.849122E-12 -6.176424E-10
        54   6  4.912046E-10  2.505751E-09 -9.163352E-10  2.462110E-12 -1.075750E-12 -6.156696E-10
        54   7  9.071935E-10  2.979040E-09  6.651555E-11 -1.352364E-12 -2.811876E-12 -2.915392E-09
        54   8  9.071935E-10  2.979051E-09  6.651555E-11 -5.976942E-13 -1.468544E-12 -2.915936E-09
        55   1  2.314296E-09  6.659209E-09  8.721628E-10  1.474665E-12  8.335872E-13 -7.720291E-10
        55   2  2.371924E-09  6.717128E-09  9.464604E-10  5.951529E-13  7.218666E-13 -7.759150E-10
        55   3  2.853635E-09  7.258854E-09  2.019378E-09  4.364010E-12 -1.699503E-12 -3.088213E-09
        55   4  2.827427E-09  7.232618E-09  2.002093E-09  3.467182E-12  2.311474E-14 -3.092400E-09
        55   5  4.334880E-10  2.447947E-09 -9.907476E-10  4.961110E-13  1.456174E-12 -6.137558E-10
        55   6  4.912046E-10  2.505711E-09 -9.163352E-10  5.406535E-13  1.344281E-12 -6.126083E-10
        55   7  9.736596E-10  3.045606E-09  1.582402E-10  2.842687E-12  3.902740E-12 -2.917092E-09
        55   8  9.474109E-10  3.019310E-09  1.409279E-10  2.869887E-12  5.628019E-12 -2.916109E-09
        56   1  2.371924E-09  6.717136E-09  9.464604E-10  4.101196E-14  1.029556E-13 -7.765273E-10
        56   2  2.371924E-09  6.717116E-09  9.464604E-10  2.264059E-12  2.133797E-12 -7.750306E-10
        56   3  2.853635E-09  7.258928E-09  2.019378E-09 -2.955066E-12  3.038535E-12 -3.092023E-09
        56   4  2.853635E-09  7.258812E-09  2.019378E-09 -7.118462E-13  2.318913E-12 -3.086036E-09
        56   5  4.912046E-10  2.505715E-09 -9.163352E-10  3.129656E-13  8.146764E-13 -6.128804E-10
        56   6  4.912046E-10  2.505744E-09 -9.163352E-10  1.150438E-12  2.848655E-12 -6.151254E-10
        56   7  9.736596E-10  3.045572E-09  1.582402E-10 -3.649300E-13 -1.630277E-13 -2.915323E-09
        56   8  9.736596E-10  3.045535E-09  1.582402E-10  4.927459E-13 -8.837609E-13 -2.913418E-09
        57   1  2.371924E-09  6.717122E-09  9.464604E-10 -1.126921E-12  1.972077E-12 -7.755068E-10
        57   2  2.336980E-09  6.682067E-09  9.291749E-10 -1.044014E-12 -3.391122E-12 -7.782513E-10
        57   3  2.853635E-09  7.258786E-09  2.019378E-09  5.577677E-13  3.251609E-14 -3.084676E-09
        57   4  2.827427E-09  7.232523E-09  2.002093E-09  6.334474E-13 -2.848969E-12 -3.087502E-09
        57   5  4.912046E-10  2.505761E-09 -9.163352E-10 -3.441693E-12  2.298860E-12 -6.164179E-10
        57   6  4.562063E-10  2.470734E-09 -9.336475E-10 -2.108561E-12 -3.072625E-12 -6.171894E-10
        57   7  9.736596E-10  3.045527E-09  1.582402E-10 -1.935682E-12  2.323399E-12 -2.913010E-09
        57   8  9.474109E-10  3.019266E-09  1.409279E-10 -6.097887E-13 -5.625375E-13 -2.913796E-09
        58   1  2.371924E-09  6.717183E-09  9.464604E-10  3.651508E-12  7.682150E-13 -7.802008E-10
        58   2  2.331769E-09  6.641799E-09  9.067339E-10  5.862093E-13  2.603837E-12 -7.825949E-10
        58   3  2.827427E-09  7.250108E-09  2.019378E-09  4.305700E-13  8.358385E-13 -3.089574E-09
        58   4  2.804743E-09  7.192279E-09  1.996937E-09 -2.622200E-12  7.778824E-13 -3.091670E-09
        58   5  4.912046E-10  2.505791E-09 -9.163352E-10  3.121662E-12  4.034549E-13 -6.187309E-10
        58   6  4.912046E-10  2.505836E-09 -9.163352E-10 -8.975507E-13  2.241912E-12 -6.222004E-10
        58   7  9.474109E-10  3.036812E-09  1.582402E-10  1.020188E-13 -3.751624E-13 -2.915323E-09
        58   8  9.474109E-10  3.036875E-09  1.582402E-10 -3.904646E-12 -4.332080E-13 -2.918588E-09
        59   1  2.331769E-09  6.641800E-09  9.067339E-10 -2.090067E-12 -1.294433E-12 -7.826629E-10
        59   2  2.371924E-09  6.717187E-09  9.464604E-10 -1.035570E-12 -3.679879E-12 -7.804729E-10
        59   3  2.822216E-09  7.192319E-09  1.979652E-09  3.014528E-12 -1.896348E-12 -3.093681E-09
        59   4  2.885054E-09  7.290579E-09  2.076390E-09  4.057722E-12 -2.338011E-12 -3.097470E-09
        59   5  4.912046E-10  2.505836E-09 -9.163352E-10 -1.712600E-12  1.280640E-12 -6.222004E-10
        59   6  4.912046E-10  2.505790E-09 -9.163352E-10  3.211078E-13 -1.108491E-12 -6.186629E-10
        59   7  9.736596E-10  3.045669E-09  1.582402E-10  5.882726E-13  1.842616E-12 -2.920357E-09
        59   8  1.005127E-09  3.077214E-09  2.153403E-10  2.610660E-12  1.400270E-12 -2.922812E-09
        60   1  2.371924E-09  6.717170E-09  9.464604E-10 -2.298823E-13 -5.755901E-13 -7.791804E-10
        60   2  2.371924E-09  6.717160E-09  9.464604E-10 -2.918159E-13  2.831584E-12 -7.783640E-10
        60   3  2.827427E-09  7.232701E-09  2.002093E-09 -1.817500E-12  3.796562E-12 -3.096754E-09
        60   4  2.827427E-09  7.232644E-09  2.002093E-09 -1.881281E-12  6.295814E-12 -3.093761E-09
        60   5  4.912046E-10  2.505783E-09 -9.163352E-10 -7.232878E-13  5.331620E-13 -6.181186E-10
        60   6  4.912046E-10  2.505811E-09 -9.163352E-10 -1.242624E-12  3.945599E-12 -6.202956E-10
        60   7  9.474109E-10  3.019439E-09  1.409279E-10 -1.096156E-12  1.915875E-12 -2.922776E-09
        60   8  9.474109E-10  3.019436E-09  1.409279E-10 -1.617342E-12  4.418988E-12 -2.922639E-09
        61   1  1.158577E-09  3.648966E-09  1.484884E-10  1.383599E-12 -9.153461E-13  1.916957E-10
        61   2  1.224724E-09  3.715114E-09  2.407590E-10  2.269847E-12 -7.170439E-13  1.937506E-10
        61   3  1.584793E-09  4.075183E-09  1.097165E-09  4.277412E-12  5.539911E-13 -1.329327E-09
        61   4  1.650941E-09  4.141331E-09  1.189435E-09  5.163660E-12 -5.771879E-13 -1.327002E-09
        61   5 -4.262168E-11  9.152205E-10 -1.052710E-09  1.189743E-12  3.081027E-12  3.221966E-10
        61   6 -2.260935E-11  9.352328E-10 -1.015282E-09  1.411250E-12  3.279329E-12  3.255752E-10
        61   7  3.461675E-10  1.304010E-09 -1.414612E-10  4.218674E-12  5.874085E-12 -1.198826E-09
        61   8  4.036075E-10  1.361450E-09 -6.660593E-11  4.440181E-12  4.742906E-12 -1.195177E-09
        62   1  1.224724E-09  3.715114E-09  2.407590E-10  1.289622E-12  1.368683E-12  1.939009E-10
        62   2  1.224724E-09  3.715114E-09  2.407590E-10 -6.446861E-14 -5.052179E-13  1.922569E-10
        62   3  1.650941E-09  4.141331E-09  1.189435E-09  1.973253E-12 -8.826876E-14 -1.327728E-09
        62   4  1.650941E-09  4.141331E-09  1.189435E-09  6.191629E-13  2.175605E-12 -1.332036E-09
        62   5 -2.260935E-11  9.352328E-10 -1.015282E-09  4.078723E-13  3.119165E-13  3.254520E-10
        62   6 -2.260935E-11  9.352328E-10 -1.015282E-09  1.122669E-12 -1.561984E-12  3.217366E-10
        62   7  4.036075E-10  1.361450E-09 -6.660593E-11 -2.407812E-13 -3.216305E-12 -1.196177E-09
        62   8  4.036075E-10  1.361450E-09 -6.660593E-11  4.740155E-13 -9.524314E-13 -1.202557E-09
        63   1  1.224724E-09  3.715114E-09  2.407590E-10 -7.685246E-13  3.755515E-13  1.918532E-10
        63   2  1.224724E-09  3.715114E-09  2.407590E-10  6.517497E-13  1.802733E-12  1.923946E-10
        63   3  1.584793E-09  4.075183E-09  1.097165E-09 -2.074594E-12  1.852103E-12 -1.331023E-09
        63   4  1.650941E-09  4.141331E-09  1.189435E-09 -6.543195E-13 -9.184179E-13 -1.323945E-09
        63   5 -2.260935E-11  9.352328E-10 -1.015282E-09  2.091505E-12  8.682689E-13  3.208393E-10
        63   6 -2.260935E-11  9.352328E-10 -1.015282E-09  1.412928E-12  2.295451E-12  3.221029E-10
        63   7  3.461675E-10  1.304010E-09 -1.414612E-10  4.053541E-12  3.067100E-12 -1.202037E-09
        63   8  4.036075E-10  1.361450E-09 -6.660593E-11  3.374964E-12  2.965790E-13 -1.194237E-09
        64   1  1.224724E-09  3.715114E-09  2.407590E-10  2.180340E-12  1.892553E-12  1.913412E-10
        64   2  1.158577E-09  3.648966E-09  1.484884E-10  1.810031E-12  3.136480E-12  1.879219E-10
        64   3  1.650941E-09  4.141331E-09  1.189435E-09  4.000490E-12 -2.636085E-12 -1.323427E-09
        64   4  1.650941E-09  4.141331E-09  1.189435E-09  3.630182E-12 -9.152368E-14 -1.329090E-09
        64   5 -2.260935E-11  9.352328E-10 -1.015282E-09  8.045748E-13  2.767984E-13  3.224493E-10
        64   6 -4.262168E-11  9.152205E-10 -1.052710E-09  1.084584E-12  1.520725E-12  3.221320E-10
        64   7  4.036075E-10  1.361450E-09 -6.660593E-11  1.503127E-12 -1.149835E-12 -1.192319E-09
        64   8  4.036075E-10  1.361450E-09 -6.660593E-11  1.783136E-12  1.394726E-12 -1.194880E-09
        65   1  1.158577E-09  3.648966E-09  1.484884E-10  4.280818E-13 -1.287205E-12  1.869216E-10
        65   2  1.224724E-09  3.715114E-09  2.407590E-10 -4.865883E-13 -2.439977E-12  1.876077E-10
        65   3  1.650941E-09  4.141331E-09  1.189435E-09 -2.423465E-13 -6.797560E-13 -1.331024E-09
        65   4  1.650941E-09  4.141331E-09  1.189435E-09 -1.157017E-12 -1.934382E-12 -1.330644E-09
        65   5 -4.262168E-11  9.152205E-10 -1.052710E-09  2.763943E-13  8.198335E-14  3.215945E-10
        65   6 -2.260935E-11  9.352328E-10 -1.015282E-09 -6.892029E-13 -1.070788E-12  3.204433E-10
        65   7  4.036075E-10  1.361450E-09 -6.660593E-11 -5.474799E-13 -1.147971E-12 -1.196351E-09
        65   8  4.036075E-10  1.361450E-09 -6.660593E-11 -1.513077E-12 -2.402597E-12 -1.197809E-09
        66   1  1.224724E-09  3.715114E-09  2.407590E-10 -3.193961E-13 -2.178380E-12  1.887068E-10
        66   2  1.224724E-09  3.715114E-09  2.407590E-10  9.480849E-13 -1.142433E-13  1.910233E-10
        66   3  1.650941E-09  4.141331E-09  1.189435E-09 -8.858577E-13  6.517996E-13 -1.329967E-09
        66   4  1.650941E-09  4.141331E-09  1.189435E-09  3.816233E-13  4.177096E-12 -1.328494E-09
        66   5 -2.260935E-11  9.352328E-10 -1.015282E-09 -3.715757E-13 -1.688527E-12  3.208753E-10
        66   6 -2.260935E-11  9.352328E-10 -1.015282E-09  1.626485E-12  3.756096E-13  3.232068E-10
        66   7  4.036075E-10  1.361450E-09 -6.660593E-11 -1.360139E-12  1.156619E-12 -1.197798E-09
        66   8  4.036075E-10  1.361450E-09 -6.660593E-11  6.379212E-13  4.681915E-12 -1.196311E-09
        67   1  1.224724E-09  3.715114E-09  2.407590E-10 -5.496004E-13 -5.762770E-13  1.919433E-10
        67   2  1.135967E-09  3.591526E-09  1.258791E-10 -2.170740E-12 -4.066935E-12  1.921401E-10
        67   3  1.650941E-09  4.141331E-09  1.189435E-09 -4.854156E-12  1.514679E-12 -1.328471E-09
        67   4  1.619624E-09  4.075183E-09  1.149411E-09 -6.475295E-12 -4.419251E-12 -1.329880E-09
        67   5 -2.260935E-11  9.352328E-10 -1.015282E-09 -1.903656E-13 -2.123896E-12  3.241485E-10
        67   6 -4.262168E-11  9.152205E-10 -1.052710E-09 -3.033140E-12 -5.614554E-12  3.243896E-10
        67   7  4.036075E-10  1.361450E-09 -6.660593E-11 -5.297943E-12  1.146045E-14 -1.196266E-09
        67   8  4.036075E-10  1.361450E-09 -6.660593E-11 -8.140718E-12 -5.922469E-12 -1.197631E-09
        68   1  1.135967E-09  3.591526E-09  1.258791E-10 -3.199545E-13  4.749709E-12  1.917501E-10
        68   2  1.135967E-09  3.591526E-09  1.258791E-10  1.350795E-12  6.136390E-12  1.904878E-10
        68   3  1.619624E-09  4.075183E-09  1.149411E-09  3.823195E-13  1.447001E-12 -1.330634E-09
        68   4  1.562184E-09  4.017743E-09  1.074555E-09  2.053069E-12  3.422356E-12 -1.331282E-09
        68   5 -6.523104E-11  8.577805E-10 -1.075319E-09 -1.115511E-12  2.901252E-12  3.242786E-10
        68   6 -6.523104E-11  8.577805E-10 -1.075319E-09  8.495747E-13  4.287933E-12  3.237340E-10
        68   7  3.635828E-10  1.286594E-09 -1.066306E-10 -1.063395E-13  3.162169E-13 -1.198105E-09
        68   8  3.235582E-10  1.246570E-09 -1.640706E-10  1.858746E-12  2.291571E-12 -1.198036E-09
        69   1  1.135967E-09  3.591526E-09  1.258791E-10  4.285115E-13 -2.794055E-14  1.903773E-10
        69   2  1.153382E-09  3.608941E-09  1.258791E-10 -2.541227E-12 -3.127252E-12  1.913375E-10
        69   3  1.562184E-09  4.017743E-09  1.074555E-09 -8.994979E-14  1.426249E-12 -1.332268E-09
        69   4  1.562184E-09  4.017743E-09  1.074555E-09 -3.059688E-12 -5.647102E-13 -1.334313E-09
        69   5 -6.523104E-11  8.577805E-10 -1.075319E-09 -4.244013E-13 -4.992304E-13  3.241030E-10
        69   6 -8.524337E-11  8.377682E-10 -1.112747E-09 -2.839963E-12 -3.598542E-12  3.256555E-10
        69   7  3.235582E-10  1.246570E-09 -1.640706E-10 -2.445321E-12  1.547278E-12 -1.198542E-09
        69   8  3.235582E-10  1.246570E-09 -1.640706E-10 -4.860883E-12 -4.436808E-13 -1.199995E-09
        70   1  1.135967E-09  3.591526E-09  1.258791E-10 -3.006640E-12 -4.953540E-12  1.933962E-10
        70   2  1.135967E-09  3.591526E-09  1.258791E-10 -1.021446E-12 -1.657127E-12  1.980603E-10
        70   3  1.562184E-09  4.017743E-09  1.074555E-09 -3.812089E-12 -5.825918E-14 -1.332869E-09
        70   4  1.562184E-09  4.017743E-09  1.074555E-09 -1.826895E-12  2.713870E-12 -1.326880E-09
        70   5 -6.523104E-11  8.577805E-10 -1.075319E-09 -2.406046E-12 -2.431891E-12  3.267327E-10
        70   6 -6.523104E-11  8.577805E-10 -1.075319E-09 -6.829943E-13  8.645228E-13  3.281228E-10
        70   7  3.235582E-10  1.246570E-09 -1.640706E-10 -2.548969E-12 -8.105430E-13 -1.199532E-09
        70   8  3.235582E-10  1.246570E-09 -1.640706E-10 -8.259178E-13  1.961586E-12 -1.196817E-09
        71   1  4.714355E-10  1.359616E-09  1.927906E-10  3.877108E-12  6.924903E-13  4.182161E-10
        71   2  5.114602E-10  1.399641E-09  2.502305E-10  3.105385E-12 -8.976233E-13  4.192076E-10
        71   3  4.766296E-10  1.364810E-09  2.328152E-10  1.547614E-12 -3.984599E-13 -3.361956E-10
        71   4  4.766296E-10  1.364810E-09  2.328152E-10  7.758910E-13 -1.912925E-12 -3.307176E-10
        71   5 -1.078527E-10  3.146977E-11 -3.864977E-10  4.946056E-12  5.483811E-12  4.279703E-10
        71   6 -1.052557E-10  3.406679E-11 -3.664854E-10  4.212157E-12  3.893697E-12  4.261935E-10
        71   7 -8.524337E-11  5.407913E-11 -3.290577E-10  4.859775E-12  1.624506E-12 -3.264414E-10
        71   8 -8.524337E-11  5.407913E-11 -3.290577E-10  4.125877E-12  1.100406E-13 -3.237318E-10
        72   1  5.114602E-10  1.399641E-09  2.502305E-10  4.714427E-13 -1.511955E-12  4.178722E-10
        72   2  5.114602E-10  1.399641E-09  2.502305E-10  2.694137E-12  2.140028E-12  4.132323E-10
        72   3  5.427772E-10  1.430958E-09  3.250858E-10 -4.639421E-14 -3.944585E-12 -3.279984E-10
        72   4  5.427772E-10  1.430958E-09  3.250858E-10  2.176300E-12 -6.379900E-13 -3.260472E-10
        72   5 -1.052557E-10  3.406679E-11 -3.664854E-10 -6.275931E-13 -3.787634E-12  4.254553E-10
        72   6 -1.052557E-10  3.406679E-11 -3.664854E-10  1.422407E-12 -1.356513E-13  4.252154E-10
        72   7 -6.523104E-11  7.409146E-11 -2.916301E-10  2.150096E-12 -1.820315E-12 -3.204153E-10
        72   8 -6.523104E-11  7.409146E-11 -2.916301E-10  4.200096E-12  1.486280E-12 -3.140642E-10
        73   1  4.714355E-10  1.359616E-09  1.927906E-10  2.998148E-13  1.548454E-12  4.131657E-10
        73   2  5.114602E-10  1.399641E-09  2.502305E-10 -1.083612E-12 -1.845712E-12  4.176237E-10
        73   3  5.427772E-10  1.430958E-09  3.250858E-10  1.816667E-12 -7.576805E-13 -3.278126E-10
        73   4  5.427772E-10  1.430958E-09  3.250858E-10  4.332402E-13 -1.657977E-12 -3.345870E-10
        73   5 -1.078527E-10  3.146977E-11 -3.864977E-10  4.127496E-12  2.332289E-12  4.260637E-10
        73   6 -1.052557E-10  3.406679E-11 -3.664854E-10  3.991004E-12 -1.061878E-12  4.286215E-10
        73   7 -6.523104E-11  7.409146E-11 -2.916301E-10  2.820150E-14 -1.874085E-12 -3.149147E-10
        73   8 -6.523104E-11  7.409146E-11 -2.916301E-10 -1.082900E-13 -2.774381E-12 -3.235892E-10
        74   1  5.114602E-10  1.399641E-09  2.502305E-10  2.294684E-12 -3.473255E-12  4.186616E-10
        74   2  5.114602E-10  1.399641E-09  2.502305E-10  2.046733E-12 -1.951792E-12  4.170391E-10
        74   3  5.427772E-10  1.430958E-09  3.250858E-10 -1.208380E-13 -1.231809E-12 -3.352858E-10
        74   4  5.427772E-10  1.430958E-09  3.250858E-10 -3.687886E-13 -3.806135E-12 -3.304209E-10
        74   5 -1.052557E-10  3.406679E-11 -3.664854E-10  2.715871E-12 -1.737505E-12  4.280779E-10
        74   6 -1.052557E-10  3.406679E-11 -3.664854E-10  4.200263E-13 -2.160415E-13  4.240351E-10
        74   7 -6.523104E-11  7.409146E-11 -2.916301E-10  3.544055E-12 -1.916416E-12 -3.258695E-10
        74   8 -6.523104E-11  7.409146E-11 -2.916301E-10  1.248210E-12 -4.490742E-12 -3.234249E-10
        75   1  5.114602E-10  1.399641E-09  2.502305E-10 -4.506613E-13  5.261392E-13  4.176561E-10
        75   2  5.114602E-10  1.399641E-09  2.502305E-10  5.716841E-13  5.189342E-13  4.209642E-10
        75   3  5.427772E-10  1.430958E-09  3.250858E-10  1.321956E-12  3.213257E-12 -3.282340E-10
        75   4  4.766296E-10  1.364810E-09  2.328152E-10  2.344302E-12  6.715923E-12 -3.271241E-10
        75   5 -1.052557E-10  3.406679E-11 -3.664854E-10 -2.097292E-12 -8.543996E-13  4.235264E-10
        75   6 -1.052557E-10  3.406679E-11 -3.664854E-10  6.799888E-13 -8.616047E-13  4.261793E-10
        75   7 -6.523104E-11  7.409146E-11 -2.916301E-10 -1.423785E-12  1.177608E-12 -3.223637E-10
        75   8 -8.524337E-11  5.407913E-11 -3.290577E-10  1.353496E-12  4.680273E-12 -3.219090E-10
        76   1  5.114602E-10  1.399641E-09  2.502305E-10  3.309701E-13  1.375724E-12  4.206064E-10
        76   2  5.114602E-10  1.399641E-09  2.502305E-10  6.082110E-15  4.102569E-12  4.163207E-10
        76   3  4.766296E-10  1.364810E-09  2.328152E-10  2.565115E-13  5.233422E-13 -3.287534E-10
        76   4  5.427772E-10  1.430958E-09  3.250858E-10 -6.837649E-14 -3.923805E-13 -3.343145E-10
        76   5 -1.052557E-10  3.406679E-11 -3.664854E-10  1.185381E-13  2.910928E-12  4.266066E-10
        76   6 -1.052557E-10  3.406679E-11 -3.664854E-10 -2.027634E-12  5.637773E-12  4.251211E-10
        76   7 -8.524337E-11  5.407913E-11 -3.290577E-10 -5.936561E-13  4.858642E-12 -3.227531E-10
        76   8 -6.523104E-11  7.409146E-11 -2.916301E-10 -2.739828E-12  3.942919E-12 -3.255141E-10
        77   1  5.114602E-10  1.399641E-09  2.502305E-10 -5.085317E-12  2.367935E-12  4.151984E-10
        77   2  5.114602E-10  1.399641E-09  2.502305E-10 -2.992910E-12 -3.768077E-12  4.164178E-10
        77   3  5.166542E-10  1.404835E-09  3.076705E-10 -3.148407E-12  2.608118E-12 -3.349221E-10
        77   4  5.166542E-10  1.404835E-09  3.076705E-10 -1.056000E-12 -1.636722E-12 -3.310210E-10
        77   5 -1.052557E-10  3.406679E-11 -3.664854E-10 -7.375127E-12  1.236129E-12  4.253788E-10
        77   6 -1.052557E-10  3.406679E-11 -3.664854E-10 -4.337134E-12 -4.899882E-12  4.275686E-10
        77   7 -6.263402E-11  7.668848E-11 -2.716178E-10 -4.097384E-12  2.446631E-12 -3.247417E-10
        77   8 -6.263402E-11  7.668848E-11 -2.716178E-10 -1.059392E-12 -1.798209E-12 -3.198703E-10
        78   1  5.114602E-10  1.399641E-09  2.502305E-10  3.041346E-12 -7.239145E-13  4.163260E-10
        78   2  5.114602E-10  1.399641E-09  2.502305E-10 -1.311259E-12  1.427796E-12  4.148556E-10
        78   3  4.766296E-10  1.382226E-09  2.676458E-10  3.177821E-14 -3.352258E-12 -3.302716E-10
        78   4  4.766296E-10  1.382226E-09  2.676458E-10 -4.320827E-12 -1.307409E-12 -3.321253E-10
        78   5 -1.052557E-10  3.406679E-11 -3.664854E-10  3.385185E-12 -2.063444E-12  4.273604E-10
        78   6 -1.052557E-10  3.406679E-11 -3.664854E-10 -1.020850E-12  8.826636E-14  4.246021E-10
        78   7 -6.523104E-11  7.409146E-11 -2.916301E-10  1.839709E-13 -5.979762E-12 -3.192371E-10
        78   8 -6.523104E-11  7.409146E-11 -2.916301E-10 -4.222064E-12 -3.934913E-12 -3.223788E-10
        79   1  5.114602E-10  1.399641E-09  2.502305E-10 -2.298568E-12  2.571997E-12  4.139050E-10
        79   2  5.114602E-10  1.399641E-09  2.502305E-10 -6.191288E-14  7.324138E-13  4.127783E-10
        79   3  5.427772E-10  1.430958E-09  3.250858E-10 -1.129860E-13  4.248048E-12 -3.314497E-10
        79   4  5.427772E-10  1.430958E-09  3.250858E-10  2.123670E-12  1.713681E-12 -3.277505E-10
        79   5 -1.052557E-10  3.406679E-11 -3.664854E-10 -4.335404E-12  3.130187E-12  4.234004E-10
        79   6 -1.052557E-10  3.406679E-11 -3.664854E-10 -2.446141E-12  1.290604E-12  4.228757E-10
        79   7 -6.523104E-11  7.409146E-11 -2.916301E-10  2.631698E-13  5.408264E-12 -3.219543E-10
        79   8 -6.523104E-11  7.409146E-11 -2.916301E-10  2.152433E-12  2.873896E-12 -3.176531E-10
        80   1  5.114602E-10  1.399641E-09  2.502305E-10 -8.368102E-13  8.673033E-13  4.125205E-10
        80   2  4.714355E-10  1.359616E-09  1.927906E-10 -1.330319E-12  3.782382E-12  4.129429E-10
        80   3  5.427772E-10  1.430958E-09  3.250858E-10 -1.153393E-12 -1.499294E-12 -3.269976E-10
        80   4  4.766296E-10  1.364810E-09  2.328152E-10 -1.646902E-12  2.330613E-12 -3.286399E-10
        80   5 -1.052557E-10  3.406679E-11 -3.664854E-10 -6.919845E-13 -1.238950E-12  4.226826E-10
        80   6 -1.078527E-10  3.146977E-11 -3.864977E-10 -7.280789E-13  1.676128E-12  4.226799E-10
        80   7 -6.523104E-11  7.409146E-11 -2.916301E-10 -2.040906E-12 -4.030728E-12 -3.168354E-10
        80   8 -8.524337E-11  5.407913E-11 -3.290577E-10 -2.077001E-12 -2.008205E-13 -3.189029E-10

 equivalent plastic strain (elem, integ.pnt.,pe)for set ALLE and time  0.4000000E+01

         1   1  2.570000E-03
         1   2  2.570000E-03
         1   3  2.570000E-03
         1   4  2.570000E-03
         1   5  2.570000E-03
         1   6  2.570000E-03
         1   7  2.570000E-03
         1   8  2.570000E-03
         2   1  2.570000E-03
         2   2  2.570000E-03
         2   3  2.570000E-03
         2   4  2.570000E-03
         2   5  2.570000E-03
         2   6  2.570000E-03
         2   7  2.570000E-03
         2   8  2.570000E-03
         3   1  2.570000E-03
         3   2  2.570000E-03
         3   3  2.570000E-03
         3   4  2.570000E-03
         3   5  2.570000E-03
         3   6  2.570000E-03
         3   7  2.570000E-03
         3   8  2.570000E-03
         4   1  2.570000E-03
         4   2  2.570000E-03
         4   3  2.570000E-03
         4   4  2.570000E-03
         4   5  2.570000E-03
         4   6  2.570000E-03
         4   7  2.570000E-03
         4   8  2.570000E-03
         5   1  2.570000E-03
         5   2  2.570000E-03
         5   3  2.570000E-03
         5   4  2.570000E-03
         5   5  2.570000E-03
         5   6  2.570000E-03
         5   7  2.570000E-03
         5   8  2.570000E-03
         6   1  2.570000E-03
         6   2  2.570000E-03
         6   3  2.570000E-03
         6   4  2.570000E-03
         6   5  2.570000E-03
         6   6  2.570000E-03
         6   7  2.570000E-03
         6   8  2.570000E-03
         7   1  2.570000E-03
         7   2  2.570000E-03
         7   3  2.570000E-03
         7   4  2.570000E-03
         7   5  2.570000E-03
         7   6  2.570000E-03
         7   7  2.570000E-03
         7   8  2.570000E-03
         8   1  2.570000E-03
         8   2  2.570000E-03
         8   3  2.570000E-03
         8   4  2.570000E-03
         8   5  2.570000E-03
         8   6  2.570000E-03
         8   7  2.570000E-03
         8   8  2.570000E-03
         9   1  2.570000E-03
         9   2  2.570000E-03
         9   3  2.570000E-03
         9   4  2.570000E-03
         9   5  2.570000E-03
         9   6  2.570000E-03
         9   7  2.570000E-03
         9   8  2.570000E-03
        10   1  2.570000E-03
        10   2  2.570000E-03
        10   3  2.570000E-03
        10   4  2.570000E-03
        10   5  2.570000E-03
        10   6  2.570000E-03
        10   7  2.570000E-03
        10   8  2.570000E-03
        11   1  2.570000E-03
        11   2  2.570000E-03
        11   3  2.570000E-03
        11   4  2.570000E-03
        11   5  2.570000E-03
        11   6  2.570000E-03
        11   7  2.570000E-03
        11   8  2.570000E-03
        12   1  2.570000E-03
        12   2  2.570000E-03
        12   3  2.570000E-03
        12   4  2.570000E-03
        12   5  2.570000E-03
        12   6  2.570000E-03
        12   7  2.570000E-03
        12   8  2.570000E-03
        13   1  2.570000E-03
        13   2  2.570000E-03
        13   3  2.570000E-03
        13   4  2.570000E-03
        13   5  2.570000E-03
        13   6  2.570000E-03
        13   7  2.570000E-03
        13   8  2.570000E-03
        14   1  2.570000E-03
        14   2  2.570000E-03
        14   3  2.570000E-03
        14   4  2.570000E-03
        14   5  2.570000E-03
        14   6  2.570000E-03
        14   7  2.570000E-03
        14   8  2.570000E-03
        15   1  2.570000E-03
        15   2  2.570000E-03
        15   3  2.570000E-03
        15   4  2.570000E-03
        15   5  2.570000E-03
        15   6  2.570000E-03
        15   7  2.570000E-03
        15   8  2.570000E-03
        16   1  2.570000E-03
        16   2  2.570000E-03
        16   3  2.570000E-03
        16   4  2.570000E-03
        16   5  2.570000E-03
        16   6  2.570000E-03
        16   7  2.570000E-03
        16   8  2.570000E-03
        17   1  2.570000E-03
        17   2  2.570000E-03
        17   3  2.570000E-03
        17   4  2.570000E-03
        17   5  2.570000E-03
        17   6  2.570000E-03
        17   7  2.570000E-03
        17   8  2.570000E-03
        18   1  2.570000E-03
        18   2  2.570000E-03
        18   3  2.570000E-03
        18   4  2.570000E-03
        18   5  2.570000E-03
        18   6  2.570000E-03
        18   7  2.570000E-03
        18   8  2.570000E-03
        19   1  2.570000E-03
        19   2  2.570000E-03
        19   3  2.570000E-03
        19   4  2.570000E-03
        19   5  2.570000E-03
        19   6  2.570000E-03
        19   7  2.570000E-03
        19   8  2.570000E-03
        20   1  2.570000E-03
        20   2  2.570000E-03
        20   3  2.570000E-03
        20   4  2.570000E-03
        20   5  2.570000E-03
        20   6  2.570000E-03
        20   7  2.570000E-03
        20   8  2.570000E-03
        21   1  2.570000E-03
        21   2  2.570000E-03
        21   3  2.570000E-03
        21   4  2.570000E-03
        21   5  2.570000E-03
        21   6  2.570000E-03
        21   7  2.570000E-03
        21   8  2.570000E-03
        22   1  2.570000E-03
        22   2  2.570000E-03
        22   3  2.570000E-03
        22   4  2.570000E-03
        22   5  2.570000E-03
        22   6  2.570000E-03
        22   7  2.570000E-03
        22   8  2.570000E-03
        23   1  2.570000E-03
        23   2  2.570000E-03
        23   3  2.570000E-03
        23   4  2.570000E-03
        23   5  2.570000E-03
        23   6  2.570000E-03
        23   7  2.570000E-03
        23   8  2.570000E-03
        24   1  2.570000E-03
        24   2  2.570000E-03
        24   3  2.570000E-03
        24   4  2.570000E-03
        24   5  2.570000E-03
        24   6  2.570000E-03
        24   7  2.570000E-03
        24   8  2.570000E-03
        25   1  2.570000E-03
        25   2  2.570000E-03
        25   3  2.570000E-03
        25   4  2.570000E-03
        25   5  2.570000E-03
        25   6  2.570000E-03
        25   7  2.570000E-03
        25   8  2.570000E-03
        26   1  2.570000E-03
        26   2  2.570000E-03
        26   3  2.570000E-03
        26   4  2.570000E-03
        26   5  2.570000E-03
        26   6  2.570000E-03
        26   7  2.570000E-03
        26   8  2.570000E-03
        27   1  2.570000E-03
        27   2  2.570000E-03
        27   3  2.570000E-03
        27   4  2.570000E-03
        27   5  2.570000E-03
        27   6  2.570000E-03
        27   7  2.570000E-03
        27   8  2.570000E-03
        28   1  2.570000E-03
        28   2  2.570000E-03
        28   3  2.570000E-03
        28   4  2.570000E-03
        28   5  2.570000E-03
        28   6  2.570000E-03
        28   7  2.570000E-03
        28   8  2.570000E-03
        29   1  2.570000E-03
        29   2  2.570000E-03
        29   3  2.570000E-03
        29   4  2.570000E-03
        29   5  2.570000E-03
        29   6  2.570000E-03
        29   7  2.570000E-03
        29   8  2.570000E-03
        30   1  2.570000E-03
        30   2  2.570000E-03
        30   3  2.570000E-03
        30   4  2.570000E-03
        30   5  2.570000E-03
        30   6  2.570000E-03
        30   7  2.570000E-03
        30   8  2.570000E-03
        31   1  2.570000E-03
        31   2  2.570000E-03
        31   3  2.570000E-03
        31   4  2.570000E-03
        31   5  2.570000E-03
        31   6  2.570000E-03
        31   7  2.570000E-03
        31   8  2.570000E-03
        32   1  2.570000E-03
        32   2  2.570000E-03
        32   3  2.570000E-03
        32   4  2.570000E-03
        32   5  2.570000E-03
        32   6  2.570000E-03
        32   7  2.570000E-03
        32   8  2.570000E-03
        33   1  2.570000E-03
        33   2  2.570000E-03
        33   3  2.570000E-03
        33   4  2.570000E-03
        33   5  2.570000E-03
        33   6  2.570000E-03
        33   7  2.570000E-03
        33   8  2.570000E-03
        34   1  2.570000E-03
        34   2  2.570000E-03
        34   3  2.570000E-03
        34   4  2.570000E-03
        34   5  2.570000E-03
        34   6  2.570000E-03
        34   7  2.570000E-03
        34   8  2.570000E-03
        35   1  2.570000E-03
        35   2  2.570000E-03
        35   3  2.570000E-03
        35   4  2.570000E-03
        35   5  2.570000E-03
        35   6  2.570000E-03
        35   7  2.570000E-03
        35   8  2.570000E-03
        36   1  2.570000E-03
        36   2  2.570000E-03
        36   3  2.570000E-03
        36   4  2.570000E-03
        36   5  2.570000E-03
        36   6  2.570000E-03
        36   7  2.570000E-03
        36   8  2.570000E-03
        37   1  2.570000E-03
        37   2  2.570000E-03
        37   3  2.570000E-03
        37   4  2.570000E-03
        37   5  2.570000E-03
        37   6  2.570000E-03
        37   7  2.570000E-03
        37   8  2.570000E-03
        38   1  2.570000E-03
        38   2  2.570000E-03
        38   3  2.570000E-03
        38   4  2.570000E-03
        38   5  2.570000E-03
        38   6  2.570000E-03
        38   7  2.570000E-03
        38   8  2.570000E-03
        39   1  2.570000E-03
        39   2  2.570000E-03
        39   3  2.570000E-03
        39   4  2.570000E-03
        39   5  2.570000E-03
        39   6  2.570000E-03
        39   7  2.570000E-03
        39   8  2.570000E-03
        40   1  2.570000E-03
        40   2  2.570000E-03
        40   3  2.570000E-03
        40   4  2.570000E-03
        40   5  2.570000E-03
        40   6  2.570000E-03
        40   7  2.570000E-03
        40   8  2.570000E-03
        41   1  0.000000E+00
        41   2  0.000000E+00
        41   3  0.000000E+00
        41   4  0.000000E+00
        41   5  0.000000E+00
        41   6  0.000000E+00
        41   7  0.000000E+00
        41   8  0.000000E+00
        42   1  0.000000E+00
        42   2  0.000000E+00
        42   3  0.000000E+00
        42   4  0.000000E+00
        42   5  0.000000E+00
        42   6  0.000000E+00
        42   7  0.000000E+00
        42   8  0.000000E+00
        43   1  0.000000E+00
        43   2  0.000000E+00
        43   3  0.000000E+00
        43   4  0.000000E+00
        43   5  0.000000E+00
        43   6  0.000000E+00
        43   7  0.000000E+00
        43   8  0.000000E+00
        44   1  0.000000E+00
        44   2  0.000000E+00
        44   3  0.000000E+00
        44   4  0.000000E+00
        44   5  0.000000E+00
        44   6  0.000000E+00
        44   7  0.000000E+00
        44   8  0.000000E+00
        45   1  0.000000E+00
        45   2  0.000000E+00
        45   3  0.000000E+00
        45   4  0.000000E+00
        45   5  0.000000E+00
        45   6  0.000000E+00
        45   7  0.000000E+00
        45   8  0.000000E+00
        46   1  0.000000E+00
        46   2  0.000000E+00
        46   3  0.000000E+00
        46   4  0.000000E+00
        46   5  0.000000E+00
        46   6  0.000000E+00
        46   7  0.000000E+00
        46   8  0.000000E+00
        47   1  0.000000E+00
        47   2  0.000000E+00
        47   3  0.000000E+00
        47   4  0.000000E+00
        47   5  0.000000E+00
        47   6  0.000000E+00
        47   7  0.000000E+00
        47   8  0.000000E+00
        48   1  0.000000E+00
        48   2  0.000000E+00
        48   3  0.000000E+00
        48   4  0.000000E+00
        48   5  0.000000E+00
        48   6  0.000000E+00
        48   7  0.000000E+00
        48   8  0.000000E+00
        49   1  0.000000E+00
        49   2  0.000000E+00
        49   3  0.000000E+00
        49   4  0.000000E+00
        49   5  0.000000E+00
        49   6  0.000000E+00
        49   7  0.000000E+00
        49   8  0.000000E+00
        50   1  0.000000E+00
        50   2  0.000000E+00
        50   3  0.000000E+00
        50   4  0.000000E+00
        50   5  0.000000E+00
        50   6  0.000000E+00
        50   7  0.000000E+00
        50   8  0.000000E+00
        51   1  0.000000E+00
        51   2  0.000000E+00
        51   3  0.000000E+00
        51   4  0.000000E+00
        51   5  0.000000E+00
        51   6  0.000000E+00
        51   7  0.000000E+00
        51   8  0.000000E+00
        52   1  0.000000E+00
        52   2  0.000000E+00
        52   3  0.000000E+00
        52   4  0.000000E+00
        52   5  0.000000E+00
        52   6  0.000000E+00
        52   7  0.000000E+00
        52   8  0.000000E+00
        53   1  0.000000E+00
        53   2  0.000000E+00
        53   3  0.000000E+00
        53   4  0.000000E+00
        53   5  0.000000E+00
        53   6  0.000000E+00
        53   7  0.000000E+00
        53   8  0.000000E+00
        54   1  0.000000E+00
        54   2  0.000000E+00
        54   3  0.000000E+00
        54   4  0.000000E+00
        54   5  0.000000E+00
        54   6  0.000000E+00
        54   7  0.000000E+00
        54   8  0.000000E+00
        55   1  0.000000E+00
        55   2  0.000000E+00
        55   3  0.000000E+00
        55   4  0.000000E+00
        55   5  0.000000E+00
        55   6  0.000000E+00
        55   7  0.000000E+00
        55   8  0.000000E+00
        56   1  0.000000E+00
        56   2  0.000000E+00
        56   3  0.000000E+00
        56   4  0.000000E+00
        56   5  0.000000E+00
        56   6  0.000000E+00
        56   7  0.000000E+00
        56   8  0.000000E+00
        57   1  0.000000E+00
        57   2  0.000000E+00
        57   3  0.000000E+00
        57   4  0.000000E+00
        57   5  0.000000E+00
        57   6  0.000000E+00
        57   7  0.000000E+00
        57   8  0.000000E+00
        58   1  0.000000E+00
        58   2  0.000000E+00
        58   3  0.000000E+00
        58   4  0.000000E+00
        58   5  0.000000E+00
        58   6  0.000000E+00
        58   7  0.000000E+00
        58   8  0.000000E+00
        59   1  0.000000E+00
        59   2  0.000000E+00
        59   3  0.000000E+00
        59   4  0.000000E+00
        59   5  0.000000E+00
        59   6  0.000000E+00
        59   7  0.000000E+00
        59   8  0.000000E+00
        60   1  0.000000E+00
        60   2  0.000000E+00
        60   3  0.000000E+00
        60   4  0.000000E+00
        60   5  0.000000E+00
        60   6  0.000000E+00
        60   7  0.000000E+00
        60   8  0.000000E+00
        61   1  0.000000E+00
        61   2  0.000000E+00
        61   3  0.000000E+00
        61   4  0.000000E+00
        61   5  0.000000E+00
        61   6  0.000000E+00
        61   7  0.000000E+00
        61   8  0.000000E+00
        62   1  0.000000E+00
        62   2  0.000000E+00
        62   3  0.000000E+00
        62   4  0.000000E+00
        62   5  0.000000E+00
        62   6  0.000000E+00
        62   7  0.000000E+00
        62   8  0.000000E+00
        63   1  0.000000E+00
        63   2  0.000000E+00
        63   3  0.000000E+00
        63   4  0.000000E+00
        63   5  0.000000E+00
        63   6  0.000000E+00
        63   7  0.000000E+00
        63   8  0.000000E+00
        64   1  0.000000E+00
        64   2  0.000000E+00
        64   3  0.000000E+00
        64   4  0.000000E+00
        64   5  0.000000E+00
        64   6  0.000000E+00
        64   7  0.000000E+00
        64   8  0.000000E+00
        65   1  0.000000E+00
        65   2  0.000000E+00
        65   3  0.000000E+00
        65   4  0.000000E+00
        65   5  0.000000E+00
        65   6  0.000000E+00
        65   7  0.000000E+00
        65   8  0.000000E+00
        66   1  0.000000E+00
        66   2  0.000000E+00
        66   3  0.000000E+00
        66   4  0.000000E+00
        66   5  0.000000E+00
        66   6  0.000000E+00
        66   7  0.000000E+00
        66   8  0.000000E+00
        67   1  0.000000E+00
        67   2  0.000000E+00
        67   3  0.000000E+00
        67   4  0.000000E+00
        67   5  0.000000E+00
        67   6  0.000000E+00
        67   7  0.000000E+00
        67   8  0.000000E+00
        68   1  0.000000E+00
        68   2  0.000000E+00
        68   3  0.000000E+00
        68   4  0.000000E+00
        68   5  0.000000E+00
        68   6  0.000000E+00
        68   7  0.000000E+00
        68   8  0.000000E+00
        69   1  0.000000E+00
        69   2  0.000000E+00
        69   3  0.000000E+00
        69   4  0.000000E+00
        69   5  0.000000E+00
        69   6  0.000000E+00
        69   7  0.000000E+00
        69   8  0.000000E+00
        70   1  0.000000E+00
        70   2  0.000000E+00
        70   3  0.000000E+00
        70   4  0.000000E+00
        70   5  0.000000E+00
        70   6  0.000000E+00
        70   7  0.000000E+00
        70   8  0.000000E+00
        71   1  0.000000E+00
        71   2  0.000000E+00
        71   3  0.000000E+00
        71   4  0.000000E+00
        71   5  0.000000E+00
        71   6  0.000000E+00
        71   7  0.000000E+00
        71   8  0.000000E+00
        72   1  0.000000E+00
        72   2  0.000000E+00
        72   3  0.000000E+00
        72   4  0.000000E+00
        72   5  0.000000E+00
        72   6  0.000000E+00
        72   7  0.000000E+00
        72   8  0.000000E+00
        73   1  0.000000E+00
        73   2  0.000000E+00
        73   3  0.000000E+00
        73   4  0.000000E+00
        73   5  0.000000E+00
        73   6  0.000000E+00
        73   7  0.000000E+00
        73   8  0.000000E+00
        74   1  0.000000E+00
        74   2  0.000000E+00
        74   3  0.000000E+00
        74   4  0.000000E+00
        74   5  0.000000E+00
        74   6  0.000000E+00
        74   7  0.000000E+00
        74   8  0.000000E+00
        75   1  0.000000E+00
        75   2  0.000000E+00
        75   3  0.000000E+00
        75   4  0.000000E+00
        75   5  0.000000E+00
        75   6  0.000000E+00
        75   7  0.000000E+00
        75   8  0.000000E+00
        76   1  0.000000E+00
        76   2  0.000000E+00
        76   3  0.000000E+00
        76   4  0.000000E+00
        76   5  0.000000E+00
        76   6  0.000000E+00
        76   7  0.000000E+00
        76   8  0.000000E+00
        77   1  0.000000E+00
        77   2  0.000000E+00
        77   3  0.000000E+00
        77   4  0.000000E+00
        77   5  0.000000E+00
        77   6  0.000000E+00
        77   7  0.000000E+00
        77   8  0.000000E+00
        78   1  0.000000E+00
        78   2  0.000000E+00
        78   3  0.000000E+00
        78   4  0.000000E+00
        78   5  0.000000E+00
        78   6  0.000000E+00
        78   7  0.000000E+00
        78   8  0.000000E+00
        79   1  0.000000E+00
        79   2  0.000000E+00
        79   3  0.000000E+00
        79   4  0.000000E+00
        79   5  0.000000E+00
        79   6  0.000000E+00
        79   7  0.000000E+00
        79   8  0.000000E+00
        80   1  0.000000E+00
        80   2  0.000000E+00
        80   3  0.000000E+00
        80   4  0.000000E+00
        80   5  0.000000E+00
        80   6  0.000000E+00
        80   7  0.000000E+00
        80   8  0.000000E+00

 mechanical strains (elem, integ.pnt.,exx,eyy,ezz,exy,exz,eyz) for set ALLE and time  0.4000000E+01

         1   1 -2.045701E-03  6.241616E-04  6.241616E-04  7.560320E-19  1.870328E-18 -1.471277E-15
         1   2 -2.045701E-03  6.241616E-04  6.241616E-04 -7.401602E-18 -1.782542E-18 -1.471328E-15
         1   3 -2.045701E-03  6.241616E-04  6.241616E-04  1.098037E-17 -3.704452E-18 -5.999382E-15
         1   4 -2.045701E-03  6.241616E-04  6.241616E-04  2.822740E-18 -1.234627E-17 -5.989174E-15
         1   5 -2.045701E-03  6.241616E-04  6.241616E-04  1.730875E-18  1.062632E-17 -9.630235E-16
         1   6 -2.045701E-03  6.241616E-04  6.241616E-04 -8.921231E-18  6.973447E-18 -9.732546E-16
         1   7 -2.045701E-03  6.241616E-04  6.241616E-04  1.710461E-17 -5.166039E-18 -5.491128E-15
         1   8 -2.045701E-03  6.241616E-04  6.241616E-04  6.452499E-18 -1.380785E-17 -5.491101E-15
         2   1 -2.045701E-03  6.241616E-04  6.241616E-04 -1.869805E-17 -3.330535E-18 -1.469396E-15
         2   2 -2.045701E-03  6.241616E-04  6.241616E-04 -2.744541E-17  1.084553E-18 -1.463925E-15
         2   3 -2.045701E-03  6.241616E-04  6.241616E-04 -2.236555E-17 -5.831812E-18 -5.978987E-15
         2   4 -2.045701E-03  6.241616E-04  6.241616E-04 -3.111291E-17  1.232577E-17 -5.961421E-15
         2   5 -2.045701E-03  6.241616E-04  6.241616E-04 -1.835177E-17  4.316983E-19 -9.739583E-16
         2   6 -2.045701E-03  6.241616E-04  6.241616E-04 -2.022788E-17  4.846787E-18 -9.654053E-16
         2   7 -2.045701E-03  6.241616E-04  6.241616E-04 -1.621352E-17  9.347945E-19 -5.483550E-15
         2   8 -2.045701E-03  6.241616E-04  6.241616E-04 -1.808963E-17  1.909238E-17 -5.463345E-15
         3   1 -2.045701E-03  6.241616E-04  6.241616E-04 -1.899371E-17  1.779748E-18 -1.463238E-15
         3   2 -2.045701E-03  6.241616E-04  6.241616E-04 -1.277847E-17  4.726792E-18 -1.467295E-15
         3   3 -2.045701E-03  6.241616E-04  6.241616E-04  2.821829E-18  1.218164E-17 -5.958593E-15
         3   4 -2.045701E-03  6.241616E-04  6.241616E-04  9.037069E-18  8.308723E-18 -5.967545E-15
         3   5 -2.045701E-03  6.241616E-04  6.241616E-04 -1.352718E-17  7.118029E-20 -9.660549E-16
         3   6 -2.045701E-03  6.241616E-04  6.241616E-04 -1.072192E-17  3.018224E-18 -9.762995E-16
         3   7 -2.045701E-03  6.241616E-04  6.241616E-04  5.960651E-18  4.291776E-18 -5.461409E-15
         3   8 -2.045701E-03  6.241616E-04  6.241616E-04  8.765911E-18  4.188592E-19 -5.476607E-15
         4   1 -2.045701E-03  6.241616E-04  6.241616E-04 -1.177495E-17  1.083894E-17 -1.471020E-15
         4   2 -2.045701E-03  6.241616E-04  6.241616E-04  9.800968E-18  6.519824E-18 -1.477072E-15
         4   3 -2.045701E-03  6.241616E-04  6.241616E-04 -1.497556E-17  7.879450E-18 -5.975726E-15
         4   4 -2.045701E-03  6.241616E-04  6.241616E-04  6.600363E-18 -4.246772E-18 -5.988596E-15
         4   5 -2.045701E-03  6.241616E-04  6.241616E-04 -1.280810E-17  2.717353E-17 -9.857593E-16
         4   6 -2.045701E-03  6.241616E-04  6.241616E-04  4.864266E-18  2.285441E-17 -1.001214E-15
         4   7 -2.045701E-03  6.241616E-04  6.241616E-04 -1.957471E-17  1.480846E-17 -5.490100E-15
         4   8 -2.045701E-03  6.241616E-04  6.241616E-04 -1.902341E-18  2.682234E-18 -5.512795E-15
         5   1 -2.045701E-03  6.241616E-04  6.241616E-04  1.543484E-17 -7.962598E-18 -1.474714E-15
         5   2 -2.045701E-03  6.241616E-04  6.241616E-04  7.014062E-18 -6.671207E-18 -1.462372E-15
         5   3 -2.045701E-03  6.241616E-04  6.241616E-04  1.463638E-17 -6.244910E-18 -5.985064E-15
         5   4 -2.045701E-03  6.241616E-04  6.241616E-04  6.215602E-18  3.860824E-18 -5.962267E-15
         5   5 -2.045701E-03  6.241616E-04  6.241616E-04  1.386955E-17 -2.808310E-17 -9.935003E-16
         5   6 -2.045701E-03  6.241616E-04  6.241616E-04  9.855940E-18 -2.679171E-17 -9.575425E-16
         5   7 -2.045701E-03  6.241616E-04  6.241616E-04  1.814604E-17 -2.766874E-18 -5.503850E-15
         5   8 -2.045701E-03  6.241616E-04  6.241616E-04  1.413244E-17  7.338859E-18 -5.457160E-15
         6   1 -2.045701E-03  6.241616E-04  6.241616E-04  8.727942E-19 -5.377510E-18 -1.458326E-15
         6   2 -2.045701E-03  6.241616E-04  6.241616E-04  2.738473E-18 -1.745241E-17 -1.459510E-15
         6   3 -2.045701E-03  6.241616E-04  6.241616E-04 -1.036654E-17 -1.845533E-18 -5.954830E-15
         6   4 -2.045701E-03  6.241616E-04  6.241616E-04 -8.500861E-18 -1.504430E-17 -5.956177E-15
         6   5 -2.045701E-03  6.241616E-04  6.241616E-04  3.125978E-18 -1.119679E-17 -9.459175E-16
         6   6 -2.045701E-03  6.241616E-04  6.241616E-04  4.429723E-18 -2.327169E-17 -9.502616E-16
         6   7 -2.045701E-03  6.241616E-04  6.241616E-04 -8.404319E-18 -1.079099E-17 -5.441922E-15
         6   8 -2.045701E-03  6.241616E-04  6.241616E-04 -7.100574E-18 -2.398976E-17 -5.447078E-15
         7   1 -2.045701E-03  6.241616E-04  6.241616E-04  9.053559E-18 -9.614310E-18 -1.461898E-15
         7   2 -2.045701E-03  6.241616E-04  6.241616E-04  1.553042E-17  5.082947E-18 -1.466621E-15
         7   3 -2.045701E-03  6.241616E-04  6.241616E-04  6.867945E-18 -1.034849E-17 -5.961759E-15
         7   4 -2.045701E-03  6.241616E-04  6.241616E-04  1.334480E-17 -1.661068E-18 -5.975523E-15
         7   5 -2.045701E-03  6.241616E-04  6.241616E-04  7.937065E-18  3.320059E-18 -9.553907E-16
         7   6 -2.045701E-03  6.241616E-04  6.241616E-04  1.140901E-17  1.801732E-17 -9.649587E-16
         7   7 -2.045701E-03  6.241616E-04  6.241616E-04  1.359923E-18 -1.984968E-18 -5.455834E-15
         7   8 -2.045701E-03  6.241616E-04  6.241616E-04  4.831868E-18  6.702458E-18 -5.473603E-15
         8   1 -2.045701E-03  6.241616E-04  6.241616E-04  1.212089E-17 -2.703467E-18 -1.465877E-15
         8   2 -2.045701E-03  6.241616E-04  6.241616E-04  5.775753E-18 -1.008390E-17 -1.458884E-15
         8   3 -2.045701E-03  6.241616E-04  6.241616E-04  5.364643E-19 -6.019594E-18 -5.974169E-15
         8   4 -2.045701E-03  6.241616E-04  6.241616E-04 -5.808677E-18 -1.101195E-17 -5.955971E-15
         8   5 -2.045701E-03  6.241616E-04  6.241616E-04  1.090266E-17 -1.832079E-17 -9.627528E-16
         8   6 -2.045701E-03  6.241616E-04  6.241616E-04  5.751560E-18 -2.570123E-17 -9.472573E-16
         8   7 -2.045701E-03  6.241616E-04  6.241616E-04  4.758582E-18 -1.332753E-17 -5.471045E-15
         8   8 -2.045701E-03  6.241616E-04  6.241616E-04 -3.925192E-19 -1.831988E-17 -5.444331E-15
         9   1 -2.045701E-03  6.241616E-04  6.241616E-04  6.785369E-18  8.253977E-19 -1.459368E-15
         9   2 -2.045701E-03  6.241616E-04  6.241616E-04  4.926209E-18  1.776626E-18 -1.467856E-15
         9   3 -2.045701E-03  6.241616E-04  6.241616E-04  6.129008E-18 -8.043701E-18 -5.955805E-15
         9   4 -2.045701E-03  6.241616E-04  6.241616E-04  4.269848E-18 -7.549894E-18 -5.972288E-15
         9   5 -2.045701E-03  6.241616E-04  6.241616E-04  3.670307E-18  2.138235E-17 -9.503022E-16
         9   6 -2.045701E-03  6.241616E-04  6.241616E-04  1.582438E-18  2.233358E-17 -9.741207E-16
         9   7 -2.045701E-03  6.241616E-04  6.241616E-04 -1.093384E-18 -2.698082E-18 -5.446739E-15
         9   8 -2.045701E-03  6.241616E-04  6.241616E-04 -3.181254E-18 -2.204274E-18 -5.478583E-15
        10   1 -2.045701E-03  6.241616E-04  6.241616E-04  3.360383E-18  1.712424E-18 -1.473144E-15
        10   2 -2.045701E-03  6.241616E-04  6.241616E-04  7.567605E-19  4.837737E-18 -1.479021E-15
        10   3 -2.045701E-03  6.241616E-04  6.241616E-04  2.825822E-18 -5.992639E-18 -5.981761E-15
        10   4 -2.045701E-03  6.241616E-04  6.241616E-04  2.221986E-19 -6.051157E-19 -5.990859E-15
        10   5 -2.045701E-03  6.241616E-04  6.241616E-04  1.199504E-18  1.804701E-17 -9.895486E-16
        10   6 -2.045701E-03  6.241616E-04  6.241616E-04 -2.730139E-19  2.117233E-17 -1.007818E-15
        10   7 -2.045701E-03  6.241616E-04  6.241616E-04 -1.128209E-18 -2.271005E-18 -5.498057E-15
        10   8 -2.045701E-03  6.241616E-04  6.241616E-04 -2.600727E-18  3.116518E-18 -5.519643E-15
        11   1 -2.045701E-03  6.241616E-04  6.241616E-04  6.255948E-18 -5.876867E-18 -6.024296E-15
        11   2 -2.045701E-03  6.241616E-04  6.241616E-04  6.894341E-18 -1.606323E-17 -6.000911E-15
        11   3 -2.045701E-03  6.241616E-04  6.241616E-04 -2.575010E-17 -6.207719E-18 -7.927824E-15
        11   4 -2.045701E-03  6.241616E-04  6.241616E-04 -2.511171E-17 -1.562494E-17 -7.890012E-15
        11   5 -2.045701E-03  6.241616E-04  6.241616E-04  1.818414E-17 -1.171307E-17  8.493445E-16
        11   6 -2.045701E-03  6.241616E-04  6.241616E-04  1.920710E-17 -2.189943E-17  8.710111E-16
        11   7 -2.045701E-03  6.241616E-04  6.241616E-04 -5.904980E-18 -1.378632E-17 -1.054183E-15
        11   8 -2.045701E-03  6.241616E-04  6.241616E-04 -4.882015E-18 -2.320354E-17 -1.018090E-15
        12   1 -2.045701E-03  6.241616E-04  6.241616E-04  5.960279E-18 -8.273618E-18 -5.991208E-15
        12   2 -2.045701E-03  6.241616E-04  6.241616E-04 -7.545603E-18  1.252754E-17 -5.985388E-15
        12   3 -2.045701E-03  6.241616E-04  6.241616E-04  5.018682E-17 -1.239660E-17 -7.885641E-15
        12   4 -2.045701E-03  6.241616E-04  6.241616E-04  3.668094E-17  1.884449E-18 -7.911642E-15
        12   5 -2.045701E-03  6.241616E-04  6.241616E-04  9.601345E-18 -3.452411E-18  8.773853E-16
        12   6 -2.045701E-03  6.241616E-04  6.241616E-04 -7.164593E-18  1.734875E-17  8.742591E-16
        12   7 -2.045701E-03  6.241616E-04  6.241616E-04  3.764216E-17 -1.600997E-17 -1.017373E-15
        12   8 -2.045701E-03  6.241616E-04  6.241616E-04  2.087623E-17 -1.728919E-18 -1.052613E-15
        13   1 -2.045701E-03  6.241616E-04  6.241616E-04 -3.328550E-18  1.306209E-17 -5.985361E-15
        13   2 -2.045701E-03  6.241616E-04  6.241616E-04 -2.962738E-18  9.287131E-18 -5.990399E-15
        13   3 -2.045701E-03  6.241616E-04  6.241616E-04 -5.533669E-17  5.049150E-18 -7.921693E-15
        13   4 -2.045701E-03  6.241616E-04  6.241616E-04 -5.497088E-17  8.361791E-18 -7.919538E-15
        13   5 -2.045701E-03  6.241616E-04  6.241616E-04 -9.488490E-18  2.306564E-18  8.705645E-16
        13   6 -2.045701E-03  6.241616E-04  6.241616E-04 -5.578881E-18 -1.468391E-18  8.628506E-16
        13   7 -2.045701E-03  6.241616E-04  6.241616E-04 -5.745020E-17 -7.469072E-18 -1.065659E-15
        13   8 -2.045701E-03  6.241616E-04  6.241616E-04 -5.354059E-17 -4.156432E-18 -1.064888E-15
        14   1 -2.045701E-03  6.241616E-04  6.241616E-04 -1.200863E-17  8.985785E-18 -5.995633E-15
        14   2 -2.045701E-03  6.241616E-04  6.241616E-04 -8.101109E-18 -2.445216E-18 -6.001036E-15
        14   3 -2.045701E-03  6.241616E-04  6.241616E-04  2.557310E-17  1.495183E-17 -7.914737E-15
        14   4 -2.045701E-03  6.241616E-04  6.241616E-04  2.948062E-17  1.322732E-17 -7.902395E-15
        14   5 -2.045701E-03  6.241616E-04  6.241616E-04 -1.203844E-17  1.256194E-17  8.580599E-16
        14   6 -2.045701E-03  6.241616E-04  6.241616E-04 -3.277673E-18  1.130936E-18  8.531202E-16
        14   7 -2.045701E-03  6.241616E-04  6.241616E-04  3.424515E-17  1.889000E-17 -1.060084E-15
        14   8 -2.045701E-03  6.241616E-04  6.241616E-04  4.300592E-17  1.716548E-17 -1.048147E-15
        15   1 -2.045701E-03  6.241616E-04  6.241616E-04 -9.209354E-18 -3.229577E-18 -6.002440E-15
        15   2 -2.045701E-03  6.241616E-04  6.241616E-04  2.770583E-17  1.141045E-18 -5.999666E-15
        15   3 -2.045701E-03  6.241616E-04  6.241616E-04 -2.632887E-17  3.272161E-18 -7.908566E-15
        15   4 -2.045701E-03  6.241616E-04  6.241616E-04  1.058631E-17 -1.684018E-17 -7.935819E-15
        15   5 -2.045701E-03  6.241616E-04  6.241616E-04 -8.378556E-19  5.272665E-18  8.479911E-16
        15   6 -2.045701E-03  6.241616E-04  6.241616E-04  2.383585E-17  9.643287E-18  8.413734E-16
        15   7 -2.045701E-03  6.241616E-04  6.241616E-04 -3.310104E-17  1.810574E-18 -1.058135E-15
        15   8 -2.045701E-03  6.241616E-04  6.241616E-04 -8.427333E-18 -1.830176E-17 -1.094837E-15
        16   1 -2.045701E-03  6.241616E-04  6.241616E-04  2.055034E-17 -6.846374E-18 -5.994253E-15
        16   2 -2.045701E-03  6.241616E-04  6.241616E-04  7.973468E-18 -1.466324E-17 -5.985679E-15
        16   3 -2.045701E-03  6.241616E-04  6.241616E-04  7.964455E-18 -2.405755E-17 -7.932534E-15
        16   4 -2.045701E-03  6.241616E-04  6.241616E-04 -4.612421E-18 -1.604690E-17 -7.896515E-15
        16   5 -2.045701E-03  6.241616E-04  6.241616E-04  1.627369E-17 -1.666810E-17  8.423072E-16
        16   6 -2.045701E-03  6.241616E-04  6.241616E-04  1.161057E-17 -2.448497E-17  8.523353E-16
        16   7 -2.045701E-03  6.241616E-04  6.241616E-04  1.730222E-17 -3.312480E-17 -1.094458E-15
        16   8 -2.045701E-03  6.241616E-04  6.241616E-04  1.263910E-17 -2.511415E-17 -1.058365E-15
        17   1 -2.045701E-03  6.241616E-04  6.241616E-04  1.656014E-17 -6.910319E-18 -5.988041E-15
        17   2 -2.045701E-03  6.241616E-04  6.241616E-04  9.780996E-18  2.408808E-18 -6.004074E-15
        17   3 -2.045701E-03  6.241616E-04  6.241616E-04  4.488509E-18  3.223467E-18 -7.892868E-15
        17   4 -2.045701E-03  6.241616E-04  6.241616E-04 -2.290631E-18  2.027827E-17 -7.921200E-15
        17   5 -2.045701E-03  6.241616E-04  6.241616E-04  1.035386E-17  2.941860E-18  8.534586E-16
        17   6 -2.045701E-03  6.241616E-04  6.241616E-04  7.442558E-18  1.226099E-17  8.455958E-16
        17   7 -2.045701E-03  6.241616E-04  6.241616E-04 -7.455847E-18  2.179104E-17 -1.051964E-15
        17   8 -2.045701E-03  6.241616E-04  6.241616E-04 -1.036715E-17  3.884584E-17 -1.070220E-15
        18   1 -2.045701E-03  6.241616E-04  6.241616E-04  2.835924E-18 -2.997650E-19 -6.004416E-15
        18   2 -2.045701E-03  6.241616E-04  6.241616E-04 -1.013567E-17 -6.712510E-18 -5.988406E-15
        18   3 -2.045701E-03  6.241616E-04  6.241616E-04  3.649303E-17  1.868520E-17 -7.931762E-15
        18   4 -2.045701E-03  6.241616E-04  6.241616E-04  2.352143E-17  6.003787E-18 -7.936715E-15
        18   5 -2.045701E-03  6.241616E-04  6.241616E-04  1.628856E-17 -7.226779E-19  8.522135E-16
        18   6 -2.045701E-03  6.241616E-04  6.241616E-04  1.826383E-19 -7.135423E-18  8.782649E-16
        18   7 -2.045701E-03  6.241616E-04  6.241616E-04  4.026942E-17  2.848325E-17 -1.074808E-15
        18   8 -2.045701E-03  6.241616E-04  6.241616E-04  2.416349E-17  1.580183E-17 -1.069476E-15
        19   1 -2.045701E-03  6.241616E-04  6.241616E-04 -6.689697E-18 -1.045535E-17 -5.989299E-15
        19   2 -2.045701E-03  6.241616E-04  6.241616E-04 -4.564980E-18 -1.146748E-17 -6.002423E-15
        19   3 -2.045701E-03  6.241616E-04  6.241616E-04 -4.483784E-18 -8.209714E-18 -7.940356E-15
        19   4 -2.045701E-03  6.241616E-04  6.241616E-04 -2.359066E-18 -1.287875E-17 -7.945505E-15
        19   5 -2.045701E-03  6.241616E-04  6.241616E-04 -9.555796E-18 -1.375068E-17  8.792258E-16
        19   6 -2.045701E-03  6.241616E-04  6.241616E-04 -9.259527E-18 -1.476282E-17  8.565983E-16
        19   7 -2.045701E-03  6.241616E-04  6.241616E-04 -3.276385E-18 -1.994301E-17 -1.072588E-15
        19   8 -2.045701E-03  6.241616E-04  6.241616E-04 -2.980116E-18 -2.461205E-17 -1.085458E-15
        20   1 -2.045701E-03  6.241616E-04  6.241616E-04  9.536940E-20 -6.994407E-18 -6.007190E-15
        20   2 -2.045701E-03  6.241616E-04  6.241616E-04  1.977233E-18 -8.512479E-19 -6.003665E-15
        20   3 -2.045701E-03  6.241616E-04  6.241616E-04  9.609218E-18 -2.018066E-18 -7.943739E-15
        20   4 -2.045701E-03  6.241616E-04  6.241616E-04  1.149108E-17  3.927318E-18 -7.930592E-15
        20   5 -2.045701E-03  6.241616E-04  6.241616E-04 -8.657381E-19 -3.140824E-18  8.547036E-16
        20   6 -2.045701E-03  6.241616E-04  6.241616E-04  9.172381E-19  3.002335E-18  8.698744E-16
        20   7 -2.045701E-03  6.241616E-04  6.241616E-04  1.380427E-17  1.466839E-17 -1.081953E-15
        20   8 -2.045701E-03  6.241616E-04  6.241616E-04  1.558724E-17  2.061377E-17 -1.056213E-15
        21   1 -2.045701E-03  6.241616E-04  6.241616E-04  2.762533E-18  1.014214E-17 -2.623522E-15
        21   2 -2.045701E-03  6.241616E-04  6.241616E-04 -8.010418E-18  1.640638E-17 -2.637177E-15
        21   3 -2.045701E-03  6.241616E-04  6.241616E-04  2.109327E-17 -4.026133E-18 -1.297102E-14
        21   4 -2.045701E-03  6.241616E-04  6.241616E-04  1.032032E-17  6.566749E-18 -1.297908E-14
        21   5 -2.045701E-03  6.241616E-04  6.241616E-04  4.590020E-18 -9.805819E-18 -1.848962E-15
        21   6 -2.045701E-03  6.241616E-04  6.241616E-04 -4.018614E-18 -3.541573E-18 -1.857231E-15
        21   7 -2.045701E-03  6.241616E-04  6.241616E-04  2.575597E-17 -1.864200E-17 -1.219646E-14
        21   8 -2.045701E-03  6.241616E-04  6.241616E-04  1.714733E-17 -8.049121E-18 -1.219914E-14
        22   1 -2.045701E-03  6.241616E-04  6.241616E-04 -1.678176E-17  1.832653E-17 -2.638354E-15
        22   2 -2.045701E-03  6.241616E-04  6.241616E-04 -1.928726E-17  2.181899E-17 -2.627230E-15
        22   3 -2.045701E-03  6.241616E-04  6.241616E-04 -9.209931E-18  2.389278E-17 -1.297161E-14
        22   4 -2.045701E-03  6.241616E-04  6.241616E-04 -1.171543E-17  1.020373E-17 -1.294220E-14
        22   5 -2.045701E-03  6.241616E-04  6.241616E-04 -1.290922E-17  1.735214E-17 -1.856865E-15
        22   6 -2.045701E-03  6.241616E-04  6.241616E-04 -2.400547E-17  2.084460E-17 -1.848096E-15
        22   7 -2.045701E-03  6.241616E-04  6.241616E-04  3.655434E-18  2.069894E-17 -1.219029E-14
        22   8 -2.045701E-03  6.241616E-04  6.241616E-04 -7.440812E-18  7.009888E-18 -1.216341E-14
        23   1 -2.045701E-03  6.241616E-04  6.241616E-04 -1.415941E-17  4.433140E-18 -2.629097E-15
        23   2 -2.045701E-03  6.241616E-04  6.241616E-04 -6.407059E-18 -3.054884E-17 -2.644728E-15
        23   3 -2.045701E-03  6.241616E-04  6.241616E-04  2.168417E-18 -1.668433E-17 -1.294233E-14
        23   4 -2.045701E-03  6.241616E-04  6.241616E-04  9.920763E-18 -1.781498E-17 -1.297041E-14
        23   5 -2.045701E-03  6.241616E-04  6.241616E-04 -2.136191E-17  1.343273E-17 -1.851289E-15
        23   6 -2.045701E-03  6.241616E-04  6.241616E-04  3.316112E-18 -2.154926E-17 -1.868761E-15
        23   7 -2.045701E-03  6.241616E-04  6.241616E-04 -1.113080E-17 -9.349332E-18 -1.216452E-14
        23   8 -2.045701E-03  6.241616E-04  6.241616E-04  1.354722E-17 -1.047997E-17 -1.219418E-14
        24   1 -2.045701E-03  6.241616E-04  6.241616E-04 -7.428688E-18 -1.057032E-17 -2.651211E-15
        24   2 -2.045701E-03  6.241616E-04  6.241616E-04  3.121163E-18  2.395906E-17 -2.652307E-15
        24   3 -2.045701E-03  6.241616E-04  6.241616E-04 -1.209765E-17  6.678438E-18 -1.297472E-14
        24   4 -2.045701E-03  6.241616E-04  6.241616E-04 -1.547795E-18  1.009678E-17 -1.295796E-14
        24   5 -2.045701E-03  6.241616E-04  6.241616E-04  8.324311E-18 -3.202723E-17 -1.866988E-15
        24   6 -2.045701E-03  6.241616E-04  6.241616E-04  3.318644E-18  2.502151E-18 -1.845010E-15
        24   7 -2.045701E-03  6.241616E-04  6.241616E-04  1.262787E-17  8.437756E-18 -1.219083E-14
        24   8 -2.045701E-03  6.241616E-04  6.241616E-04  7.622205E-18  1.185610E-17 -1.215088E-14
        25   1 -2.045701E-03  6.241616E-04  6.241616E-04  9.149414E-18 -9.605905E-18 -2.642116E-15
        25   2 -2.045701E-03  6.241616E-04  6.241616E-04  7.175223E-18  6.326346E-18 -2.613345E-15
        25   3 -2.045701E-03  6.241616E-04  6.241616E-04  1.236355E-17  8.342373E-18 -1.294712E-14
        25   4 -2.045701E-03  6.241616E-04  6.241616E-04  1.038936E-17  2.660387E-17 -1.293414E-14
        25   5 -2.045701E-03  6.241616E-04  6.241616E-04 -2.084918E-18 -3.830202E-19 -1.832668E-15
        25   6 -2.045701E-03  6.241616E-04  6.241616E-04 -2.894486E-18  1.554923E-17 -1.821097E-15
        25   7 -2.045701E-03  6.241616E-04  6.241616E-04 -6.848609E-18  1.953787E-19 -1.213767E-14
        25   8 -2.045701E-03  6.241616E-04  6.241616E-04 -7.658177E-18  1.845688E-17 -1.214205E-14
        26   1 -2.045701E-03  6.241616E-04  6.241616E-04  2.208784E-18  1.852537E-17 -2.604169E-15
        26   2 -2.045701E-03  6.241616E-04  6.241616E-04  4.387012E-18 -2.550988E-17 -2.607512E-15
        26   3 -2.045701E-03  6.241616E-04  6.241616E-04 -8.401255E-18  1.791309E-18 -1.292901E-14
        26   4 -2.045701E-03  6.241616E-04  6.241616E-04 -6.223027E-18 -3.634181E-17 -1.292736E-14
        26   5 -2.045701E-03  6.241616E-04  6.241616E-04 -2.504279E-18  2.125908E-17 -1.818539E-15
        26   6 -2.045701E-03  6.241616E-04  6.241616E-04  2.625015E-18 -2.277617E-17 -1.821801E-15
        26   7 -2.045701E-03  6.241616E-04  6.241616E-04 -1.029941E-17  4.362619E-18 -1.214287E-14
        26   8 -2.045701E-03  6.241616E-04  6.241616E-04 -5.170116E-18 -3.377050E-17 -1.214132E-14
        27   1 -2.045701E-03  6.241616E-04  6.241616E-04  5.880743E-18 -1.511095E-18 -2.614373E-15
        27   2 -2.045701E-03  6.241616E-04  6.241616E-04  9.391807E-18  2.467800E-17 -2.629361E-15
        27   3 -2.045701E-03  6.241616E-04  6.241616E-04 -6.278849E-18 -9.366290E-18 -1.294070E-14
        27   4 -2.045701E-03  6.241616E-04  6.241616E-04 -2.767785E-18  2.304639E-17 -1.297713E-14
        27   5 -2.045701E-03  6.241616E-04  6.241616E-04  1.377984E-18 -4.001206E-18 -1.827579E-15
        27   6 -2.045701E-03  6.241616E-04  6.241616E-04  8.000843E-18  2.218789E-17 -1.839894E-15
        27   7 -2.045701E-03  6.241616E-04  6.241616E-04 -2.187208E-17 -9.230957E-18 -1.215348E-14
        27   8 -2.045701E-03  6.241616E-04  6.241616E-04 -1.524922E-17  2.318172E-17 -1.218728E-14
        28   1 -2.045701E-03  6.241616E-04  6.241616E-04  1.260303E-17 -2.690884E-17 -2.628583E-15
        28   2 -2.045701E-03  6.241616E-04  6.241616E-04  8.104197E-18 -6.008107E-17 -2.610997E-15
        28   3 -2.045701E-03  6.241616E-04  6.241616E-04  1.007908E-17 -5.058532E-18 -1.298079E-14
        28   4 -2.045701E-03  6.241616E-04  6.241616E-04  5.580253E-18 -3.705478E-17 -1.295332E-14
        28   5 -2.045701E-03  6.241616E-04  6.241616E-04  1.838556E-17 -2.824863E-17 -1.838514E-15
        28   6 -2.045701E-03  6.241616E-04  6.241616E-04  1.447472E-17 -6.142086E-17 -1.822640E-15
        28   7 -2.045701E-03  6.241616E-04  6.241616E-04  2.092981E-17 -8.171171E-18 -1.219072E-14
        28   8 -2.045701E-03  6.241616E-04  6.241616E-04  1.701897E-17 -4.016742E-17 -1.216514E-14
        29   1 -2.045701E-03  6.241616E-04  6.241616E-04  3.179737E-18  5.287628E-19 -2.614157E-15
        29   2 -2.045701E-03  6.241616E-04  6.241616E-04 -7.284330E-19  2.394368E-17 -2.640242E-15
        29   3 -2.045701E-03  6.241616E-04  6.241616E-04 -4.344729E-18 -1.692731E-17 -1.295548E-14
        29   4 -2.045701E-03  6.241616E-04  6.241616E-04 -8.252900E-18 -3.001276E-18 -1.298833E-14
        29   5 -2.045701E-03  6.241616E-04  6.241616E-04  4.923027E-18  3.242172E-18 -1.823628E-15
        29   6 -2.045701E-03  6.241616E-04  6.241616E-04 -3.729586E-18  2.665709E-17 -1.842303E-15
        29   7 -2.045701E-03  6.241616E-04  6.241616E-04 -6.093009E-18 -6.614997E-18 -1.216495E-14
        29   8 -2.045701E-03  6.241616E-04  6.241616E-04 -1.474562E-17  7.311032E-18 -1.219047E-14
        30   1 -2.045701E-03  6.241616E-04  6.241616E-04 -4.331056E-19  2.254722E-17 -2.656597E-15
        30   2 -2.045701E-03  6.241616E-04  6.241616E-04 -7.649588E-19  2.491434E-17 -2.675137E-15
        30   3 -2.045701E-03  6.241616E-04  6.241616E-04 -2.875851E-18 -2.350873E-18 -1.300620E-14
        30   4 -2.045701E-03  6.241616E-04  6.241616E-04 -3.207704E-18  3.986747E-18 -1.302250E-14
        30   5 -2.045701E-03  6.241616E-04  6.241616E-04 -2.664576E-18  1.584828E-17 -1.853346E-15
        30   6 -2.045701E-03  6.241616E-04  6.241616E-04 -1.011181E-18  1.821540E-17 -1.865391E-15
        30   7 -2.045701E-03  6.241616E-04  6.241616E-04 -3.774299E-18 -2.594470E-18 -1.220317E-14
        30   8 -2.045701E-03  6.241616E-04  6.241616E-04 -2.120904E-18  3.743150E-18 -1.221280E-14
        31   1 -2.045701E-03  6.241616E-04  6.241616E-04  2.424727E-17 -1.432120E-17 -1.055677E-14
        31   2 -2.045701E-03  6.241616E-04  6.241616E-04  1.939213E-17 -1.418166E-17 -1.053715E-14
        31   3 -2.045701E-03  6.241616E-04  6.241616E-04  8.562271E-18 -2.825358E-17 -2.748953E-14
        31   4 -2.045701E-03  6.241616E-04  6.241616E-04  3.707134E-18 -6.100173E-17 -2.743965E-14
        31   5 -2.045701E-03  6.241616E-04  6.241616E-04  2.874371E-17 -2.593269E-17 -6.024662E-15
        31   6 -2.045701E-03  6.241616E-04  6.241616E-04  7.444722E-18 -2.579315E-17 -6.002143E-15
        31   7 -2.045701E-03  6.241616E-04  6.241616E-04  2.858131E-17 -3.688777E-17 -2.295774E-14
        31   8 -2.045701E-03  6.241616E-04  6.241616E-04  7.282324E-18 -6.963592E-17 -2.290377E-14
        32   1 -2.045701E-03  6.241616E-04  6.241616E-04  8.017935E-18  6.194030E-18 -1.052808E-14
        32   2 -2.045701E-03  6.241616E-04  6.241616E-04 -5.285045E-19  5.041635E-18 -1.052129E-14
        32   3 -2.045701E-03  6.241616E-04  6.241616E-04  2.538105E-17 -4.781806E-17 -2.742868E-14
        32   4 -2.045701E-03  6.241616E-04  6.241616E-04  1.683461E-17  2.461825E-18 -2.744485E-14
        32   5 -2.045701E-03  6.241616E-04  6.241616E-04 -1.837122E-19  9.566767E-19 -5.993265E-15
        32   6 -2.045701E-03  6.241616E-04  6.241616E-04  1.698599E-17 -1.957182E-19 -5.990206E-15
        32   7 -2.045701E-03  6.241616E-04  6.241616E-04  5.554370E-18 -5.639812E-17 -2.289397E-14
        32   8 -2.045701E-03  6.241616E-04  6.241616E-04  2.272407E-17 -6.118232E-18 -2.291419E-14
        33   1 -2.045701E-03  6.241616E-04  6.241616E-04 -8.467032E-18 -1.606568E-17 -1.052264E-14
        33   2 -2.045701E-03  6.241616E-04  6.241616E-04 -6.930603E-18 -1.214647E-17 -1.053045E-14
        33   3 -2.045701E-03  6.241616E-04  6.241616E-04 -4.749682E-17  6.704212E-18 -2.743970E-14
        33   4 -2.045701E-03  6.241616E-04  6.241616E-04 -4.596039E-17 -9.431472E-18 -2.740925E-14
        33   5 -2.045701E-03  6.241616E-04  6.241616E-04  7.289155E-19 -8.060782E-18 -5.991749E-15
        33   6 -2.045701E-03  6.241616E-04  6.241616E-04 -7.762102E-18 -4.141574E-18 -5.996675E-15
        33   7 -2.045701E-03  6.241616E-04  6.241616E-04 -1.827172E-17  1.742252E-17 -2.290881E-14
        33   8 -2.045701E-03  6.241616E-04  6.241616E-04 -2.676273E-17  1.286833E-18 -2.287451E-14
        34   1 -2.045701E-03  6.241616E-04  6.241616E-04 -9.078413E-18  1.243601E-17 -1.053141E-14
        34   2 -2.045701E-03  6.241616E-04  6.241616E-04  4.333272E-18  1.021595E-17 -1.052391E-14
        34   3 -2.045701E-03  6.241616E-04  6.241616E-04  3.107463E-17  1.095429E-17 -2.741317E-14
        34   4 -2.045701E-03  6.241616E-04  6.241616E-04  4.448632E-17  2.444084E-17 -2.745639E-14
        34   5 -2.045701E-03  6.241616E-04  6.241616E-04 -1.408384E-18  1.767337E-17 -6.001168E-15
        34   6 -2.045701E-03  6.241616E-04  6.241616E-04  1.985661E-17  1.545330E-17 -6.006933E-15
        34   7 -2.045701E-03  6.241616E-04  6.241616E-04  1.299096E-17  2.374230E-18 -2.288239E-14
        34   8 -2.045701E-03  6.241616E-04  6.241616E-04  3.425595E-17  1.586078E-17 -2.293958E-14
        35   1 -2.045701E-03  6.241616E-04  6.241616E-04  3.509551E-18  1.472134E-17 -1.052930E-14
        35   2 -2.045701E-03  6.241616E-04  6.241616E-04  1.853536E-17  2.350101E-17 -1.055183E-14
        35   3 -2.045701E-03  6.241616E-04  6.241616E-04 -2.468013E-17  1.397411E-17 -2.746065E-14
        35   4 -2.045701E-03  6.241616E-04  6.241616E-04 -9.654320E-18 -5.480319E-18 -2.743009E-14
        35   5 -2.045701E-03  6.241616E-04  6.241616E-04  6.644422E-18  2.453484E-18 -6.015567E-15
        35   6 -2.045701E-03  6.241616E-04  6.241616E-04  7.553186E-18  1.123315E-17 -6.032024E-15
        35   7 -2.045701E-03  6.241616E-04  6.241616E-04  5.345233E-18  8.046565E-18 -2.294735E-14
        35   8 -2.045701E-03  6.241616E-04  6.241616E-04  6.253997E-18 -1.140787E-17 -2.291062E-14
        36   1 -2.045701E-03  6.241616E-04  6.241616E-04  1.138875E-17 -8.882250E-18 -1.055772E-14
        36   2 -2.045701E-03  6.241616E-04  6.241616E-04  1.207369E-17 -3.995218E-17 -1.054961E-14
        36   3 -2.045701E-03  6.241616E-04  6.241616E-04  1.325633E-17 -2.096532E-17 -2.742392E-14
        36   4 -2.045701E-03  6.241616E-04  6.241616E-04  1.394127E-17 -3.864040E-17 -2.743832E-14
        36   5 -2.045701E-03  6.241616E-04  6.241616E-04  2.251490E-18 -1.736276E-19 -6.029209E-15
        36   6 -2.045701E-03  6.241616E-04  6.241616E-04  9.633855E-18 -3.124356E-17 -6.005039E-15
        36   7 -2.045701E-03  6.241616E-04  6.241616E-04 -7.167626E-18  4.016996E-18 -2.289625E-14
        36   8 -2.045701E-03  6.241616E-04  6.241616E-04  2.147385E-19 -1.365809E-17 -2.289427E-14
        37   1 -2.045701E-03  6.241616E-04  6.241616E-04  2.522167E-18 -9.499603E-18 -1.055423E-14
        37   2 -2.045701E-03  6.241616E-04  6.241616E-04  1.327597E-18  2.579308E-17 -1.057549E-14
        37   3 -2.045701E-03  6.241616E-04  6.241616E-04 -1.325756E-17 -1.870961E-18 -2.744268E-14
        37   4 -2.045701E-03  6.241616E-04  6.241616E-04 -1.445213E-17  3.506646E-17 -2.744161E-14
        37   5 -2.045701E-03  6.241616E-04  6.241616E-04 -1.259309E-17 -1.519032E-17 -6.010912E-15
        37   6 -2.045701E-03  6.241616E-04  6.241616E-04 -1.296530E-17  2.010237E-17 -6.051864E-15
        37   7 -2.045701E-03  6.241616E-04  6.241616E-04 -1.714025E-17 -2.642021E-17 -2.290015E-14
        37   8 -2.045701E-03  6.241616E-04  6.241616E-04 -1.751246E-17  1.051721E-17 -2.291687E-14
        38   1 -2.045701E-03  6.241616E-04  6.241616E-04  2.120969E-17  1.230666E-17 -1.057510E-14
        38   2 -2.045701E-03  6.241616E-04  6.241616E-04  3.441819E-18 -2.028855E-17 -1.055076E-14
        38   3 -2.045701E-03  6.241616E-04  6.241616E-04  3.214453E-17  3.806240E-17 -2.745101E-14
        38   4 -2.045701E-03  6.241616E-04  6.241616E-04  1.437666E-17  2.654809E-18 -2.747642E-14
        38   5 -2.045701E-03  6.241616E-04  6.241616E-04  2.091298E-17  1.610949E-17 -6.050970E-15
        38   6 -2.045701E-03  6.241616E-04  6.241616E-04  1.738914E-18 -1.648571E-17 -6.006148E-15
        38   7 -2.045701E-03  6.241616E-04  6.241616E-04  7.163232E-18  6.185379E-17 -2.292624E-14
        38   8 -2.045701E-03  6.241616E-04  6.241616E-04 -1.201083E-17  2.644620E-17 -2.293127E-14
        39   1 -2.045701E-03  6.241616E-04  6.241616E-04 -1.045559E-17 -2.951011E-17 -1.055049E-14
        39   2 -2.045701E-03  6.241616E-04  6.241616E-04 -7.954459E-18 -1.330902E-17 -1.057164E-14
        39   3 -2.045701E-03  6.241616E-04  6.241616E-04  2.455096E-18 -4.634512E-17 -2.748455E-14
        39   4 -2.045701E-03  6.241616E-04  6.241616E-04  4.956226E-18 -1.443954E-17 -2.747724E-14
        39   5 -2.045701E-03  6.241616E-04  6.241616E-04 -9.934408E-18 -2.126839E-17 -6.002900E-15
        39   6 -2.045701E-03  6.241616E-04  6.241616E-04  4.189651E-19 -5.067289E-18 -6.037789E-15
        39   7 -2.045701E-03  6.241616E-04  6.241616E-04  1.659069E-17 -5.137948E-17 -2.293696E-14
        39   8 -2.045701E-03  6.241616E-04  6.241616E-04  2.694406E-17 -1.947390E-17 -2.294267E-14
        40   1 -2.045701E-03  6.241616E-04  6.241616E-04  1.777522E-18  3.558154E-18 -1.057250E-14
        40   2 -2.045701E-03  6.241616E-04  6.241616E-04  9.815425E-19  6.263556E-18 -1.055238E-14
        40   3 -2.045701E-03  6.241616E-04  6.241616E-04  1.499947E-17  4.438018E-17 -2.747548E-14
        40   4 -2.045701E-03  6.241616E-04  6.241616E-04  1.420349E-17  3.319168E-17 -2.747417E-14
        40   5 -2.045701E-03  6.241616E-04  6.241616E-04  1.003571E-17  5.290406E-18 -6.043392E-15
        40   6 -2.045701E-03  6.241616E-04  6.241616E-04  2.292780E-18  7.995808E-18 -6.024337E-15
        40   7 -2.045701E-03  6.241616E-04  6.241616E-04  1.404154E-17  4.527337E-17 -2.294518E-14
        40   8 -2.045701E-03  6.241616E-04  6.241616E-04  6.298612E-18  3.408488E-17 -2.294583E-14
        41   1  0.000000E+00  3.474017E-14 -1.750683E-14  3.318549E-18  7.773076E-18 -1.434616E-15
        41   2  0.000000E+00  3.451818E-14 -1.750683E-14  1.437953E-17  2.478422E-17 -1.435809E-15
        41   3  0.000000E+00  3.474017E-14 -1.220898E-14  1.292440E-18 -6.587275E-18 -1.270468E-14
        41   4  0.000000E+00  3.451818E-14 -1.232001E-14  1.235342E-17  4.772352E-18 -1.267606E-14
        41   5  0.000000E+00  2.338299E-14 -1.750683E-14  7.691666E-18 -4.746526E-18 -1.392116E-16
        41   6  0.000000E+00  2.360460E-14 -1.750683E-14  1.592689E-17  1.226461E-17 -1.251169E-16
        41   7  0.000000E+00  2.338299E-14 -1.220898E-14  2.042836E-17 -3.361700E-18 -1.137458E-14
        41   8  0.000000E+00  2.360460E-14 -1.232001E-14  2.866358E-17  7.997928E-18 -1.133165E-14
        42   1  0.000000E+00  3.451818E-14 -1.750683E-14  1.055538E-17  1.992128E-17 -1.429521E-15
        42   2  0.000000E+00  3.474017E-14 -1.750683E-14 -1.482459E-17 -1.192254E-17 -1.410222E-15
        42   3  0.000000E+00  3.451818E-14 -1.232001E-14  1.235291E-17  3.267574E-17 -1.265611E-14
        42   4  0.000000E+00  3.474017E-14 -1.220985E-14 -1.302706E-17  1.828419E-17 -1.262879E-14
        42   5  0.000000E+00  2.360460E-14 -1.750683E-14  1.035856E-17  2.815655E-17 -1.168770E-16
        42   6  0.000000E+00  2.360460E-14 -1.750683E-14 -6.295278E-18 -3.687271E-18 -1.091792E-16
        42   7  0.000000E+00  2.360460E-14 -1.232001E-14  1.632508E-17  2.939009E-17 -1.130910E-14
        42   8  0.000000E+00  2.360460E-14 -1.220985E-14 -3.287620E-19  1.499853E-17 -1.129348E-14
        43   1  0.000000E+00  3.474017E-14 -1.750683E-14 -2.106802E-17 -5.631592E-18 -1.417161E-15
        43   2  0.000000E+00  3.474017E-14 -1.761698E-14  1.150462E-18 -6.010887E-18 -1.455216E-15
        43   3  0.000000E+00  3.474017E-14 -1.220985E-14 -3.306962E-17 -2.555625E-17 -1.263486E-14
        43   4  0.000000E+00  3.474017E-14 -1.220985E-14 -1.085114E-17 -3.803896E-17 -1.267996E-14
        43   5  0.000000E+00  2.360460E-14 -1.750683E-14 -1.412179E-17 -8.445224E-18 -1.143833E-16
        43   6  0.000000E+00  2.360460E-14 -1.761698E-14  2.044988E-18 -8.824518E-18 -1.357421E-16
        43   7  0.000000E+00  2.360460E-14 -1.220985E-14 -2.904456E-17 -1.178279E-17 -1.129739E-14
        43   8  0.000000E+00  2.360460E-14 -1.220985E-14 -1.287778E-17 -2.426550E-17 -1.132558E-14
        44   1  0.000000E+00  3.474017E-14 -1.761698E-14  1.328150E-17 -3.580534E-17 -1.459553E-15
        44   2  0.000000E+00  3.474017E-14 -1.739667E-14  5.186816E-18 -2.320944E-17 -1.431906E-15
        44   3  0.000000E+00  3.474017E-14 -1.209970E-14  2.013165E-17 -1.069528E-17 -1.268170E-14
        44   4  0.000000E+00  3.474017E-14 -1.220985E-14  1.203696E-17  8.074039E-18 -1.264310E-14
        44   5  0.000000E+00  2.360460E-14 -1.761698E-14  1.607922E-17 -1.410777E-17 -1.464757E-16
        44   6  0.000000E+00  2.360460E-14 -1.739667E-14  1.107125E-17 -1.511870E-18 -1.534146E-16
        44   7  0.000000E+00  2.360460E-14 -1.209970E-14  2.834687E-17 -2.349582E-17 -1.133382E-14
        44   8  0.000000E+00  2.360460E-14 -1.220985E-14  2.333890E-17 -4.726493E-18 -1.133078E-14
        45   1  0.000000E+00  3.474017E-14 -1.739667E-14  1.450216E-18 -2.565695E-19 -1.420522E-15
        45   2  0.000000E+00  3.474017E-14 -1.750683E-14  7.756096E-18  1.877652E-17 -1.417269E-15
        45   3  0.000000E+00  3.474017E-14 -1.220985E-14 -2.784702E-20  8.187208E-18 -1.262965E-14
        45   4  0.000000E+00  3.474017E-14 -1.232001E-14  6.278033E-18  9.624649E-18 -1.262965E-14
        45   5  0.000000E+00  2.360460E-14 -1.739667E-14  2.648966E-18 -1.266388E-17 -1.535230E-16
        45   6  0.000000E+00  2.360460E-14 -1.750683E-14  1.570216E-19  6.369213E-18 -1.469094E-16
        45   7  0.000000E+00  2.360460E-14 -1.220985E-14 -6.031135E-19 -7.906571E-19 -1.132818E-14
        45   8  0.000000E+00  2.360460E-14 -1.232001E-14 -3.095058E-18  6.467840E-19 -1.132471E-14
        46   1 -1.110223E-16  3.474017E-14 -1.750683E-14  7.679467E-18  9.435182E-18 -1.417269E-15
        46   2 -1.110223E-16  3.474017E-14 -1.750683E-14 -2.949326E-18 -5.167856E-18 -1.420522E-15
        46   3  0.000000E+00  3.474017E-14 -1.232001E-14  1.047536E-17 -2.047595E-18 -1.263356E-14
        46   4  0.000000E+00  3.474017E-14 -1.232001E-14 -1.534342E-19  8.245278E-18 -1.264397E-14
        46   5  0.000000E+00  2.360460E-14 -1.750683E-14  6.476510E-19  6.254491E-18 -1.409463E-16
        46   6  0.000000E+00  2.360460E-14 -1.750683E-14  2.466813E-18 -8.348546E-18 -1.319474E-16
        46   7  0.000000E+00  2.360460E-14 -1.232001E-14 -5.475689E-19  7.175176E-18 -1.132297E-14
        46   8  0.000000E+00  2.360460E-14 -1.232001E-14  1.271593E-18  1.746805E-17 -1.132124E-14
        47   1  0.000000E+00  3.474017E-14 -1.761698E-14 -1.123032E-17  7.462103E-18 -1.425292E-15
        47   2  0.000000E+00  3.451818E-14 -1.750683E-14 -1.454565E-18  1.916376E-18 -1.435158E-15
        47   3  0.000000E+00  3.474017E-14 -1.220985E-14 -3.035040E-17  1.448340E-17 -1.265437E-14
        47   4  0.000000E+00  3.451818E-14 -1.220898E-14 -2.057464E-17 -1.633260E-17 -1.267476E-14
        47   5  0.000000E+00  2.360460E-14 -1.761698E-14 -6.186755E-18 -6.646496E-18 -1.291285E-16
        47   6  0.000000E+00  2.338299E-14 -1.750683E-14 -9.046137E-18 -1.219222E-17 -1.306464E-16
        47   7  0.000000E+00  2.360460E-14 -1.220985E-14 -3.002005E-17  8.881294E-18 -1.132471E-14
        47   8  0.000000E+00  2.338299E-14 -1.220898E-14 -3.287943E-17 -2.193471E-17 -1.133598E-14
        48   1  0.000000E+00  3.451818E-14 -1.761698E-14  1.265081E-17  1.255712E-17 -1.435484E-15
        48   2  0.000000E+00  3.451818E-14 -1.750683E-14  1.370898E-17  1.089968E-17 -1.427894E-15
        48   3  0.000000E+00  3.451818E-14 -1.220898E-14  2.128673E-17  7.049585E-18 -1.268126E-14
        48   4  0.000000E+00  3.451818E-14 -1.220898E-14  2.234491E-17  1.843144E-17 -1.268039E-14
        48   5  0.000000E+00  2.338299E-14 -1.761698E-14  3.257448E-18  3.374595E-17 -1.341158E-16
        48   6  0.000000E+00  2.338299E-14 -1.750683E-14  1.083528E-17  3.208850E-17 -1.420305E-16
        48   7  0.000000E+00  2.338299E-14 -1.220898E-14  8.317030E-18  1.226682E-17 -1.134553E-14
        48   8  0.000000E+00  2.338299E-14 -1.220898E-14  1.589486E-17  2.364868E-17 -1.136027E-14
        49   1  0.000000E+00  3.451818E-14 -1.750683E-14  2.299881E-18  7.456605E-18 -1.426376E-15
        49   2  0.000000E+00  3.451818E-14 -1.739667E-14 -1.174489E-17  3.286328E-20 -1.429521E-15
        49   3  0.000000E+00  3.451818E-14 -1.231914E-14 -7.119070E-18 -2.922195E-18 -1.267649E-14
        49   4  0.000000E+00  3.451818E-14 -1.220985E-14 -2.116384E-17 -1.939464E-17 -1.266565E-14
        49   5  0.000000E+00  2.338299E-14 -1.750683E-14  4.083430E-18  7.145989E-19 -1.408379E-16
        49   6  0.000000E+00  2.338299E-14 -1.739667E-14 -1.448569E-17 -6.709143E-18 -1.292369E-16
        49   7  0.000000E+00  2.338299E-14 -1.231914E-14  1.691127E-18  5.209780E-18 -1.135680E-14
        49   8  0.000000E+00  2.338299E-14 -1.220985E-14 -1.687799E-17 -1.126266E-17 -1.133078E-14
        50   1  0.000000E+00  3.451818E-14 -1.750683E-14 -1.021074E-17 -1.435309E-17 -1.428545E-15
        50   2  0.000000E+00  3.451818E-14 -1.750683E-14 -2.481788E-18 -1.540151E-18 -1.421064E-15
        50   3  0.000000E+00  3.451818E-14 -1.220985E-14 -9.354762E-18 -1.398939E-17 -1.266348E-14
        50   4  0.000000E+00  3.451818E-14 -1.209883E-14 -1.625812E-18  6.932198E-18 -1.266738E-14
        50   5  0.000000E+00  2.338299E-14 -1.750683E-14 -1.779646E-17 -2.305505E-17 -1.163349E-16
        50   6  0.000000E+00  2.338299E-14 -1.750683E-14 -6.013186E-18 -1.024212E-17 -9.226560E-17
        50   7  0.000000E+00  2.338299E-14 -1.220985E-14 -2.243402E-17 -6.034407E-18 -1.131734E-14
        50   8  0.000000E+00  2.338299E-14 -1.209883E-14 -1.065075E-17  1.488718E-17 -1.130476E-14
        51   1  1.110223E-16  2.741476E-14 -8.822804E-15  8.029292E-18 -1.066234E-17 -4.962610E-15
        51   2  1.110223E-16  2.741476E-14 -8.933826E-15  1.767290E-17 -9.223073E-18 -4.923579E-15
        51   3  0.000000E+00  2.741476E-14 -5.086209E-15  2.988950E-17 -7.501606E-18 -1.959804E-14
        51   4  0.000000E+00  2.741476E-14 -5.085342E-15  3.953310E-17 -2.751374E-17 -1.961886E-14
        51   5  0.000000E+00  1.274436E-14 -8.822804E-15  1.842449E-17 -4.815767E-18 -4.005477E-15
        51   6  0.000000E+00  1.274436E-14 -8.933826E-15  1.734239E-17 -3.376497E-18 -3.974251E-15
        51   7  0.000000E+00  1.274436E-14 -5.086209E-15  9.592798E-18 -1.010251E-17 -1.859624E-14
        51   8  0.000000E+00  1.274436E-14 -5.085342E-15  8.510701E-18 -3.011465E-17 -1.862573E-14
        52   1  0.000000E+00  2.741476E-14 -8.933826E-15  9.244521E-18  1.680505E-17 -4.910568E-15
        52   2  0.000000E+00  2.741476E-14 -8.933826E-15  5.868306E-18  1.842021E-17 -4.917507E-15
        52   3  2.216109E-16  2.741476E-14 -5.085342E-15 -1.741248E-17 -3.941209E-17 -1.962146E-14
        52   4  2.216109E-16  2.741476E-14 -5.086209E-15 -2.078870E-17 -1.151804E-17 -1.960324E-14
        52   5  0.000000E+00  1.274436E-14 -8.933826E-15  6.517202E-18  1.010631E-17 -3.965144E-15
        52   6  0.000000E+00  1.274436E-14 -8.933826E-15  1.628043E-17  1.172147E-17 -3.968180E-15
        52   7  0.000000E+00  1.274436E-14 -5.085342E-15 -8.579889E-18 -4.374716E-17 -1.863006E-14
        52   8  0.000000E+00  1.274436E-14 -5.086209E-15  1.183340E-18 -1.585311E-17 -1.860925E-14
        53   1  0.000000E+00  2.741476E-14 -8.934693E-15 -1.092873E-17 -2.170002E-17 -4.912737E-15
        53   2  0.000000E+00  2.741476E-14 -8.933826E-15 -2.250189E-17 -3.869636E-17 -4.892788E-15
        53   3  0.000000E+00  2.741476E-14 -5.087077E-15 -2.375204E-18  7.970046E-18 -1.958329E-14
        53   4  0.000000E+00  2.741476E-14 -5.197232E-15 -1.394837E-17 -9.254346E-18 -1.954339E-14
        53   5  0.000000E+00  1.274436E-14 -8.934693E-15 -8.069893E-18 -1.138515E-17 -3.972950E-15
        53   6  0.000000E+00  1.274436E-14 -8.933826E-15 -1.975708E-17 -2.838149E-17 -3.979022E-15
        53   7  0.000000E+00  1.274436E-14 -5.087077E-15  1.086025E-17 -7.040035E-18 -1.859797E-14
        53   8  0.000000E+00  1.274436E-14 -5.197232E-15 -8.269383E-19 -2.426443E-17 -1.858409E-14
        54   1  0.000000E+00  2.741476E-14 -8.933826E-15  2.562698E-18 -2.184850E-18 -4.884548E-15
        54   2  0.000000E+00  2.741476E-14 -8.933826E-15  1.199078E-17  1.550535E-17 -4.880211E-15
        54   3  0.000000E+00  2.741476E-14 -5.307386E-15 -7.167101E-18 -4.099270E-18 -1.953385E-14
        54   4  0.000000E+00  2.741476E-14 -5.307386E-15  2.260982E-18  4.469290E-18 -1.954773E-14
        54   5  0.000000E+00  1.274436E-14 -8.933826E-15  1.070012E-17 -2.455197E-17 -3.975553E-15
        54   6  0.000000E+00  1.274436E-14 -8.933826E-15  1.556738E-17 -6.861767E-18 -3.962976E-15
        54   7  0.000000E+00  1.274436E-14 -5.307386E-15 -8.746815E-18 -1.793580E-17 -1.858149E-14
        54   8  0.000000E+00  1.274436E-14 -5.307386E-15 -3.879551E-18 -9.367240E-18 -1.858496E-14
        55   1  0.000000E+00  2.741476E-14 -9.043981E-15  9.385094E-18  5.325324E-18 -4.885415E-15
        55   2  0.000000E+00  2.741476E-14 -8.933826E-15  3.803622E-18  4.611603E-18 -4.907099E-15
        55   3  0.000000E+00  2.741476E-14 -5.197232E-15  2.756776E-17 -1.085718E-17 -1.956334E-14
        55   4  0.000000E+00  2.741476E-14 -5.087077E-15  2.198629E-17  1.476672E-19 -1.959110E-14
        55   5  0.000000E+00  1.274436E-14 -9.043981E-15  3.205974E-18  9.288338E-18 -3.953868E-15
        55   6  0.000000E+00  1.274436E-14 -8.933826E-15  3.483785E-18  8.574617E-18 -3.943460E-15
        55   7  0.000000E+00  1.274436E-14 -5.197232E-15  1.826333E-17  2.489398E-17 -1.858669E-14
        55   8  0.000000E+00  1.274436E-14 -5.087077E-15  1.854114E-17  3.589882E-17 -1.858149E-14
        56   1  0.000000E+00  2.741476E-14 -8.934693E-15  2.643076E-19  6.577258E-19 -4.911002E-15
        56   2  0.000000E+00  2.741476E-14 -8.934693E-15  1.444428E-17  1.363164E-17 -4.901461E-15
        56   3  0.000000E+00  2.741476E-14 -5.197232E-15 -1.855210E-17  1.941150E-17 -1.958763E-14
        56   4  0.000000E+00  2.741476E-14 -5.198099E-15 -4.372125E-18  1.481424E-17 -1.954947E-14
        56   5  0.000000E+00  1.274436E-14 -8.934693E-15  2.018153E-18  5.196486E-18 -3.945195E-15
        56   6  0.000000E+00  1.274436E-14 -8.934693E-15  7.412540E-18  1.817040E-17 -3.959506E-15
        56   7  0.000000E+00  1.274436E-14 -5.197232E-15 -2.323919E-18 -1.039887E-18 -1.857542E-14
        56   8  0.000000E+00  1.274436E-14 -5.198099E-15  3.070468E-18 -5.637148E-18 -1.856328E-14
        57   1  0.000000E+00  2.741476E-14 -8.933826E-15 -7.064090E-18  1.259850E-17 -4.904497E-15
        57   2  0.000000E+00  2.741476E-14 -8.823671E-15 -6.760148E-18 -2.166399E-17 -4.922712E-15
        57   3  0.000000E+00  2.741476E-14 -5.198099E-15  3.538705E-18  2.077272E-19 -1.954079E-14
        57   4  0.000000E+00  2.741476E-14 -5.087077E-15  3.842646E-18 -1.820048E-17 -1.955987E-14
        57   5  0.000000E+00  1.274436E-14 -8.933826E-15 -2.172820E-17  1.466348E-17 -3.967746E-15
        57   6  0.000000E+00  1.274436E-14 -8.823671E-15 -1.349711E-17 -1.959901E-17 -3.973384E-15
        57   7  0.000000E+00  1.274436E-14 -5.197232E-15 -1.213201E-17  1.482001E-17 -1.856067E-14
        57   8  0.000000E+00  1.274436E-14 -5.087077E-15 -3.900923E-18 -3.588195E-18 -1.856675E-14
        58   1  0.000000E+00  2.741476E-14 -8.933826E-15  2.318542E-17  4.907698E-18 -4.934421E-15
        58   2  0.000000E+00  2.719277E-14 -8.933826E-15  3.824728E-18  1.663446E-17 -4.951334E-15
        58   3 -1.110223E-16  2.741476E-14 -5.087077E-15  2.781212E-18  5.339706E-18 -1.957202E-14
        58   4 -1.110223E-16  2.719277E-14 -5.087077E-15 -1.657948E-17  4.969457E-18 -1.958676E-14
        58   5  0.000000E+00  1.274436E-14 -8.933826E-15  1.981066E-17  2.573473E-18 -3.982491E-15
        58   6  0.000000E+00  1.274436E-14 -8.933826E-15 -5.598533E-18  1.430024E-17 -4.004609E-15
        58   7 -1.110223E-16  1.274436E-14 -5.087077E-15  6.239800E-19 -2.393007E-18 -1.857542E-14
        58   8 -1.110223E-16  1.274436E-14 -5.087077E-15 -2.478522E-17 -2.763256E-18 -1.859624E-14
        59   1  0.000000E+00  2.719277E-14 -8.933826E-15 -1.330632E-17 -8.269412E-18 -4.951768E-15
        59   2  0.000000E+00  2.741476E-14 -8.932959E-15 -6.718548E-18 -2.350870E-17 -4.936156E-15
        59   3  0.000000E+00  2.719277E-14 -5.197232E-15  1.899888E-17 -1.211471E-17 -1.960064E-14
        59   4  0.000000E+00  2.741476E-14 -4.975187E-15  2.558664E-17 -1.493625E-17 -1.961886E-14
        59   5  0.000000E+00  1.274436E-14 -8.933826E-15 -1.080638E-17  8.168679E-18 -4.004609E-15
        59   6  0.000000E+00  1.274436E-14 -8.932959E-15  1.990261E-18 -7.070608E-18 -3.982058E-15
        59   7  0.000000E+00  1.274436E-14 -5.197232E-15  3.842650E-18  1.175329E-17 -1.860751E-14
        59   8  0.000000E+00  1.274436E-14 -4.975187E-15  1.663929E-17  8.931750E-18 -1.861965E-14
        60   1  0.000000E+00  2.741476E-14 -8.932959E-15 -1.481448E-18 -3.677124E-18 -4.927916E-15
        60   2  0.000000E+00  2.741476E-14 -8.932959E-15 -1.733279E-18  1.808941E-17 -4.922712E-15
        60   3  0.000000E+00  2.741476E-14 -5.085342E-15 -1.129269E-17  2.425412E-17 -1.961886E-14
        60   4  0.000000E+00  2.741476E-14 -5.086209E-15 -1.154452E-17  4.022045E-17 -1.959977E-14
        60   5  0.000000E+00  1.274436E-14 -8.932959E-15 -4.564212E-18  3.400821E-18 -3.978588E-15
        60   6  0.000000E+00  1.274436E-14 -8.932959E-15 -7.716145E-18  2.516736E-17 -3.992466E-15
        60   7  0.000000E+00  1.274436E-14 -5.085342E-15 -6.833581E-18  1.222058E-17 -1.862399E-14
        60   8  0.000000E+00  1.274436E-14 -5.086209E-15 -9.985513E-18  2.818691E-17 -1.862312E-14
        61   1  0.000000E+00  1.583803E-14 -6.424115E-15  8.820416E-18 -5.835315E-18  1.222057E-15
        61   2  0.000000E+00  1.583803E-14 -6.313092E-15  1.447023E-17 -4.571142E-18  1.235156E-15
        61   3  0.000000E+00  1.583803E-14 -3.101252E-15  2.726842E-17  3.531683E-18 -8.474435E-15
        61   4  0.000000E+00  1.583803E-14 -2.990663E-15  3.291824E-17 -3.679563E-18 -8.459613E-15
        61   5  0.000000E+00  6.091481E-15 -6.424115E-15  7.584590E-18  1.964149E-17  2.053998E-15
        61   6  0.000000E+00  6.091481E-15 -6.313092E-15  8.996696E-18  2.090566E-17  2.075536E-15
        61   7  0.000000E+00  6.091481E-15 -3.101252E-15  2.689397E-17  3.744719E-17 -7.642494E-15
        61   8  0.000000E+00  6.091481E-15 -2.990663E-15  2.830608E-17  3.023594E-17 -7.619233E-15
        62   1  0.000000E+00  1.583803E-14 -6.313092E-15  8.221316E-18  8.725330E-18  1.236115E-15
        62   2  0.000000E+00  1.583803E-14 -6.313092E-15 -4.109863E-19 -3.220755E-18  1.225634E-15
        62   3  0.000000E+00  1.583803E-14 -2.990663E-15  1.257945E-17 -5.627117E-19 -8.464241E-15
        62   4  0.000000E+00  1.583803E-14 -2.990663E-15  3.947153E-18  1.386944E-17 -8.491709E-15
        62   5  0.000000E+00  6.091481E-15 -6.313092E-15  2.600178E-18  1.988462E-18  2.074751E-15
        62   6  0.000000E+00  6.091481E-15 -6.313092E-15  7.156995E-18 -9.957623E-18  2.051065E-15
        62   7  0.000000E+00  6.091481E-15 -2.990663E-15 -1.534976E-18 -2.050389E-17 -7.625606E-15
        62   8  0.000000E+00  6.091481E-15 -2.990663E-15  3.021840E-18 -6.071733E-18 -7.666277E-15
        63   1  0.000000E+00  1.583803E-14 -6.313092E-15 -4.899331E-18  2.394134E-18  1.223061E-15
        63   2  0.000000E+00  1.583803E-14 -6.313092E-15  4.154893E-18  1.149239E-17  1.226512E-15
        63   3  0.000000E+00  1.583803E-14 -3.101252E-15 -1.322550E-17  1.180712E-17 -8.485248E-15
        63   4  0.000000E+00  1.583803E-14 -2.990663E-15 -4.171275E-18 -5.854898E-18 -8.440128E-15
        63   5  0.000000E+00  6.091481E-15 -6.313092E-15  1.333331E-17  5.535199E-18  2.045345E-15
        63   6  0.000000E+00  6.091481E-15 -6.313092E-15  9.007390E-18  1.463346E-17  2.053400E-15
        63   7  0.000000E+00  6.091481E-15 -3.101252E-15  2.584125E-17  1.955271E-17 -7.662964E-15
        63   8  0.000000E+00  6.091481E-15 -2.990663E-15  2.151534E-17  1.890686E-18 -7.613240E-15
        64   1  0.000000E+00  1.583803E-14 -6.313092E-15  1.389963E-17  1.206499E-17  1.219797E-15
        64   2  0.000000E+00  1.583803E-14 -6.424115E-15  1.153892E-17  1.999500E-17  1.197999E-15
        64   3  0.000000E+00  1.583803E-14 -2.990663E-15  2.550305E-17 -1.680499E-17 -8.436826E-15
        64   4  0.000000E+00  1.583803E-14 -2.990663E-15  2.314234E-17 -5.834618E-19 -8.472924E-15
        64   5  0.000000E+00  6.091481E-15 -6.313092E-15  5.129150E-18  1.764585E-18  2.055608E-15
        64   6  0.000000E+00  6.091481E-15 -6.424115E-15  6.914202E-18  9.694595E-18  2.053586E-15
        64   7  0.000000E+00  6.091481E-15 -2.990663E-15  9.582410E-18 -7.330176E-18 -7.601015E-15
        64   8  0.000000E+00  6.091481E-15 -2.990663E-15  1.136746E-17  8.891354E-18 -7.617338E-15
        65   1  0.000000E+00  1.583803E-14 -6.424115E-15  2.729014E-18 -8.205910E-18  1.191622E-15
        65   2  0.000000E+00  1.583803E-14 -6.313092E-15 -3.101992E-18 -1.555481E-17  1.195996E-15
        65   3  0.000000E+00  1.583803E-14 -2.990663E-15 -1.544955E-18 -4.333432E-18 -8.485252E-15
        65   4  0.000000E+00  1.583803E-14 -2.990663E-15 -7.375960E-18 -1.233165E-17 -8.482834E-15
        65   5  0.000000E+00  6.091481E-15 -6.424115E-15  1.762008E-18  5.226424E-19  2.050159E-15
        65   6  0.000000E+00  6.091481E-15 -6.313092E-15 -4.393657E-18 -6.826256E-18  2.042820E-15
        65   7  0.000000E+00  6.091481E-15 -2.990663E-15 -3.490175E-18 -7.318296E-18 -7.626714E-15
        65   8  0.000000E+00  6.091481E-15 -2.990663E-15 -9.645839E-18 -1.531651E-17 -7.636010E-15
        66   1  0.000000E+00  1.583803E-14 -6.313092E-15 -2.036144E-18 -1.388714E-17  1.203003E-15
        66   2  0.000000E+00  1.583803E-14 -6.313092E-15  6.044024E-18 -7.282989E-19  1.217770E-15
        66   3  0.000000E+00  1.583803E-14 -2.990663E-15 -5.647327E-18  4.155211E-18 -8.478514E-15
        66   4  0.000000E+00  1.583803E-14 -2.990663E-15  2.432842E-18  2.662891E-17 -8.469128E-15
        66   5  0.000000E+00  6.091481E-15 -6.313092E-15 -2.368788E-18 -1.076433E-17  2.045574E-15
        66   6  0.000000E+00  6.091481E-15 -6.313092E-15  1.036881E-17  2.394504E-18  2.060438E-15
        66   7  0.000000E+00  6.091481E-15 -2.990663E-15 -8.670865E-18  7.373425E-18 -7.635942E-15
        66   8  0.000000E+00  6.091481E-15 -2.990663E-15  4.066736E-18  2.984713E-17 -7.626460E-15
        67   1  0.000000E+00  1.583803E-14 -6.313092E-15 -3.503693E-18 -3.673756E-18  1.223635E-15
        67   2  0.000000E+00  1.561685E-14 -6.424115E-15 -1.383843E-17 -2.592664E-17  1.224889E-15
        67   3  0.000000E+00  1.583803E-14 -2.990663E-15 -3.094516E-17  9.656050E-18 -8.468980E-15
        67   4  0.000000E+00  1.561685E-14 -2.990663E-15 -4.127989E-17 -2.817264E-17 -8.477964E-15
        67   5  0.000000E+00  6.091481E-15 -6.313092E-15 -1.213577E-18 -1.353980E-17  2.066441E-15
        67   6  0.000000E+00  6.091481E-15 -6.424115E-15 -1.933622E-17 -3.579268E-17  2.067978E-15
        67   7  0.000000E+00  6.091481E-15 -2.990663E-15 -3.377429E-17  7.306014E-20 -7.626175E-15
        67   8  0.000000E+00  6.091481E-15 -2.990663E-15 -5.189693E-17 -3.775563E-17 -7.634876E-15
        68   1  0.000000E+00  1.561685E-14 -6.424115E-15 -2.039704E-18  3.027931E-17  1.222403E-15
        68   2  0.000000E+00  1.561685E-14 -6.424115E-15  8.611292E-18  3.911938E-17  1.214356E-15
        68   3  0.000000E+00  1.561685E-14 -2.990663E-15  2.437280E-18  9.224606E-18 -8.482766E-15
        68   4  0.000000E+00  1.561685E-14 -3.101252E-15  1.308828E-17  2.181746E-17 -8.486900E-15
        68   5  0.000000E+00  5.869871E-15 -6.424115E-15 -7.111364E-18  1.849543E-17  2.067270E-15
        68   6  0.000000E+00  5.869871E-15 -6.424115E-15  5.416023E-18  2.733550E-17  2.063798E-15
        68   7  0.000000E+00  5.869871E-15 -2.990663E-15 -6.779122E-19  2.015877E-18 -7.637899E-15
        68   8  0.000000E+00  5.869871E-15 -3.101252E-15  1.184948E-17  1.460873E-17 -7.637458E-15
        69   1  0.000000E+00  1.561685E-14 -6.424115E-15  2.731753E-18 -1.781205E-19  1.213652E-15
        69   2  0.000000E+00  1.561685E-14 -6.534703E-15 -1.620028E-17 -1.993618E-17  1.219773E-15
        69   3  0.000000E+00  1.561685E-14 -3.101252E-15 -5.734283E-19  9.092311E-18 -8.493184E-15
        69   4  0.000000E+00  1.561685E-14 -3.101252E-15 -1.950546E-17 -3.600017E-18 -8.506219E-15
        69   5  0.000000E+00  5.869871E-15 -6.424115E-15 -2.705551E-18 -3.182585E-18  2.066151E-15
        69   6  0.000000E+00  5.869871E-15 -6.534703E-15 -1.810472E-17 -2.294064E-17  2.076048E-15
        69   7  0.000000E+00  5.869871E-15 -3.101252E-15 -1.558887E-17  9.863871E-18 -7.640685E-15
        69   8  0.000000E+00  5.869871E-15 -3.101252E-15 -3.098804E-17 -2.828457E-18 -7.649944E-15
        70   1  0.000000E+00  1.561685E-14 -6.424115E-15 -1.916728E-17 -3.157873E-17  1.232897E-15
        70   2  0.000000E+00  1.561685E-14 -6.424115E-15 -6.511701E-18 -1.056415E-17  1.262631E-15
        70   3  0.000000E+00  1.561685E-14 -3.101252E-15 -2.430200E-17 -3.714012E-19 -8.497015E-15
        70   4  0.000000E+00  1.561685E-14 -3.101252E-15 -1.164642E-17  1.730087E-17 -8.458834E-15
        70   5  0.000000E+00  5.869871E-15 -6.424115E-15 -1.533850E-17 -1.550326E-17  2.082915E-15
        70   6  0.000000E+00  5.869871E-15 -6.424115E-15 -4.354076E-18  5.511317E-18  2.091777E-15
        70   7  0.000000E+00  5.869871E-15 -3.101252E-15 -1.624963E-17 -5.167197E-18 -7.646997E-15
        70   8  0.000000E+00  5.869871E-15 -3.101252E-15 -5.265211E-18  1.250508E-17 -7.629688E-15
        71   1  0.000000E+00  5.648693E-15 -1.772020E-15  2.471649E-17  4.414613E-18  2.666120E-15
        71   2  0.000000E+00  5.648693E-15 -1.661431E-15  1.979677E-17 -5.722333E-18  2.672441E-15
        71   3  0.000000E+00  5.648693E-15 -1.550843E-15  9.866009E-18 -2.540175E-18 -2.143241E-15
        71   4  0.000000E+00  5.648693E-15 -1.550843E-15  4.946291E-18 -1.219486E-17 -2.108319E-15
        71   5  0.000000E+00  8.860100E-16 -1.772020E-15  3.153102E-17  3.495920E-17  2.728303E-15
        71   6  0.000000E+00  8.860100E-16 -1.661431E-15  2.685243E-17  2.482225E-17  2.716976E-15
        71   7  0.000000E+00  8.860100E-16 -1.550843E-15  3.098098E-17  1.035619E-17 -2.081058E-15
        71   8  0.000000E+00  8.860100E-16 -1.550843E-15  2.630239E-17  7.015071E-19 -2.063784E-15
        72   1  0.000000E+00  5.648693E-15 -1.661431E-15  3.005439E-18 -9.638684E-18  2.663928E-15
        72   2  0.000000E+00  5.648693E-15 -1.661431E-15  1.717507E-17  1.364264E-17  2.634349E-15
        72   3  0.000000E+00  5.648693E-15 -1.439820E-15 -2.957623E-19 -2.514666E-17 -2.090984E-15
        72   4  0.000000E+00  5.648693E-15 -1.439820E-15  1.387387E-17 -4.067175E-18 -2.078545E-15
        72   5  0.000000E+00  8.860100E-16 -1.661431E-15 -4.000895E-18 -2.414610E-17  2.712270E-15
        72   6  0.000000E+00  8.860100E-16 -1.661431E-15  9.067818E-18 -8.647749E-19  2.710740E-15
        72   7  0.000000E+00  8.860100E-16 -1.439820E-15  1.370683E-17 -1.160447E-17 -2.042642E-15
        72   8  0.000000E+00  8.860100E-16 -1.439820E-15  2.677554E-17  9.475011E-18 -2.002154E-15
        73   1  0.000000E+00  5.648693E-15 -1.772020E-15  1.911314E-18  9.871369E-18  2.633924E-15
        73   2  0.000000E+00  5.648693E-15 -1.661431E-15 -6.908007E-18 -1.176638E-17  2.662344E-15
        73   3  0.000000E+00  5.648693E-15 -1.439820E-15  1.158122E-17 -4.830200E-18 -2.089800E-15
        73   4  0.000000E+00  5.648693E-15 -1.439820E-15  2.761899E-18 -1.056957E-17 -2.132986E-15
        73   5  0.000000E+00  8.860100E-16 -1.772020E-15  2.631271E-17  1.486830E-17  2.716149E-15
        73   6  0.000000E+00  8.860100E-16 -1.661431E-15  2.544258E-17 -6.769455E-18  2.732454E-15
        73   7  0.000000E+00  8.860100E-16 -1.439820E-15  1.797841E-19 -1.194726E-17 -2.007575E-15
        73   8  0.000000E+00  8.860100E-16 -1.439820E-15 -6.903471E-19 -1.768663E-17 -2.062875E-15
        74   1  0.000000E+00  5.648693E-15 -1.661431E-15  1.462857E-17 -2.214194E-17  2.668960E-15
        74   2  0.000000E+00  5.648693E-15 -1.661431E-15  1.304789E-17 -1.244264E-17  2.658617E-15
        74   3  0.000000E+00  5.648693E-15 -1.439820E-15 -7.703399E-19 -7.852760E-18 -2.137441E-15
        74   4  0.000000E+00  5.648693E-15 -1.439820E-15 -2.351021E-18 -2.426404E-17 -2.106427E-15
        74   5  0.000000E+00  8.860100E-16 -1.661431E-15  1.731363E-17 -1.107656E-17  2.728989E-15
        74   6  0.000000E+00  8.860100E-16 -1.661431E-15  2.677660E-18 -1.377261E-18  2.703216E-15
        74   7  0.000000E+00  8.860100E-16 -1.439820E-15  2.259329E-17 -1.221712E-17 -2.077412E-15
        74   8  0.000000E+00  8.860100E-16 -1.439820E-15  7.957314E-18 -2.862840E-17 -2.061828E-15
        75   1  0.000000E+00  5.648693E-15 -1.661431E-15 -2.872958E-18  3.354128E-18  2.662550E-15
        75   2  0.000000E+00  5.648693E-15 -1.661431E-15  3.644476E-18  3.308196E-18  2.683639E-15
        75   3  0.000000E+00  5.648693E-15 -1.439820E-15  8.427447E-18  2.048446E-17 -2.092486E-15
        75   4  0.000000E+00  5.648693E-15 -1.550843E-15  1.494488E-17  4.281389E-17 -2.085410E-15
        75   5  0.000000E+00  8.860100E-16 -1.661431E-15 -1.337020E-17 -5.446782E-18  2.699973E-15
        75   6  0.000000E+00  8.860100E-16 -1.661431E-15  4.334917E-18 -5.492715E-18  2.716886E-15
        75   7  0.000000E+00  8.860100E-16 -1.439820E-15 -9.076602E-18  7.507228E-18 -2.055063E-15
        75   8  0.000000E+00  8.860100E-16 -1.550843E-15  8.628513E-18  2.983666E-17 -2.052164E-15
        76   1  0.000000E+00  5.648693E-15 -1.661431E-15  2.109928E-18  8.770216E-18  2.681358E-15
        76   2  0.000000E+00  5.648693E-15 -1.661431E-15  3.877335E-20  2.615381E-17  2.654037E-15
        76   3  0.000000E+00  5.648693E-15 -1.550843E-15  1.635256E-18  3.336297E-18 -2.095797E-15
        76   4  0.000000E+00  5.648693E-15 -1.439820E-15 -4.358989E-19 -2.501419E-18 -2.131249E-15
        76   5  0.000000E+00  8.860100E-16 -1.661431E-15  7.556781E-19  1.855711E-17  2.719610E-15
        76   6  0.000000E+00  8.860100E-16 -1.661431E-15 -1.292613E-17  3.594070E-17  2.710139E-15
        76   7  0.000000E+00  8.860100E-16 -1.550843E-15 -3.784547E-18  3.097375E-17 -2.057545E-15
        76   8  0.000000E+00  8.860100E-16 -1.439820E-15 -1.746635E-17  2.513604E-17 -2.075147E-15
        77   1  0.000000E+00  5.648693E-15 -1.661431E-15 -3.241881E-17  1.509554E-17  2.646882E-15
        77   2  0.000000E+00  5.648693E-15 -1.661431E-15 -1.907975E-17 -2.402142E-17  2.654656E-15
        77   3  0.000000E+00  5.648693E-15 -1.329232E-15 -2.007104E-17  1.662671E-17 -2.135122E-15
        77   4  0.000000E+00  5.648693E-15 -1.329232E-15 -6.731981E-18 -1.043407E-17 -2.110253E-15
        77   5  0.000000E+00  8.860100E-16 -1.661431E-15 -4.701631E-17  7.880303E-18  2.711782E-15
        77   6  0.000000E+00  8.860100E-16 -1.661431E-15 -2.764916E-17 -3.123666E-17  2.725742E-15
        77   7  0.000000E+00  8.860100E-16 -1.329232E-15 -2.612075E-17  1.559723E-17 -2.070222E-15
        77   8  0.000000E+00  8.860100E-16 -1.329232E-15 -6.753602E-18 -1.146355E-17 -2.039167E-15
        78   1  0.000000E+00  5.648693E-15 -1.661431E-15  1.938853E-17 -4.614942E-18  2.654071E-15
        78   2  0.000000E+00  5.648693E-15 -1.661431E-15 -8.359251E-18  9.102172E-18  2.644697E-15
        78   3 -1.110223E-16  5.648693E-15 -1.439820E-15  2.025856E-19 -2.137058E-17 -2.105476E-15
        78   4 -1.110223E-16  5.648693E-15 -1.439820E-15 -2.754519E-17 -8.334707E-18 -2.117293E-15
        78   5  0.000000E+00  8.860100E-16 -1.661431E-15  2.158049E-17 -1.315442E-17  2.724415E-15
        78   6  0.000000E+00  8.860100E-16 -1.661431E-15 -6.507903E-18  5.626964E-19  2.706831E-15
        78   7  0.000000E+00  8.860100E-16 -1.439820E-15  1.172811E-18 -3.812088E-17 -2.035131E-15
        78   8  0.000000E+00  8.860100E-16 -1.439820E-15 -2.691558E-17 -2.508500E-17 -2.055159E-15
        79   1  0.000000E+00  5.648693E-15 -1.661431E-15 -1.465333E-17  1.639643E-17  2.638637E-15
        79   2  0.000000E+00  5.648693E-15 -1.661431E-15 -3.946935E-19  4.669125E-18  2.631454E-15
        79   3  0.000000E+00  5.648693E-15 -1.439820E-15 -7.202837E-19  2.708123E-17 -2.112986E-15
        79   4  0.000000E+00  5.648693E-15 -1.439820E-15  1.353836E-17  1.092468E-17 -2.089404E-15
        79   5  0.000000E+00  8.860100E-16 -1.661431E-15 -2.763812E-17  1.995488E-17  2.699170E-15
        79   6  0.000000E+00  8.860100E-16 -1.661431E-15 -1.559410E-17  8.227576E-18  2.695825E-15
        79   7  0.000000E+00  8.860100E-16 -1.439820E-15  1.677703E-18  3.447758E-17 -2.052453E-15
        79   8  0.000000E+00  8.860100E-16 -1.439820E-15  1.372172E-17  1.832104E-17 -2.025033E-15
        80   1  0.000000E+00  5.648693E-15 -1.661431E-15 -5.334650E-18  5.529043E-18  2.629811E-15
        80   2  0.000000E+00  5.648693E-15 -1.772020E-15 -8.480761E-18  2.411262E-17  2.632503E-15
        80   3  0.000000E+00  5.648693E-15 -1.439820E-15 -7.352862E-18 -9.557974E-18 -2.084604E-15
        80   4  0.000000E+00  5.648693E-15 -1.550843E-15 -1.049897E-17  1.485762E-17 -2.095073E-15
        80   5  0.000000E+00  8.860100E-16 -1.661431E-15 -4.411389E-18 -7.898285E-18  2.694594E-15
        80   6  0.000000E+00  8.860100E-16 -1.772020E-15 -4.641490E-18  1.068529E-17  2.694577E-15
        80   7  0.000000E+00  8.860100E-16 -1.439820E-15 -1.301074E-17 -2.569582E-17 -2.019820E-15
        80   8  0.000000E+00  8.860100E-16 -1.550843E-15 -1.324084E-17 -1.280227E-18 -2.033000E-15

                        S T E P       5


                                INCREMENT     6


 displacements (vx,vy,vz) for set ALLN and time  0.5000000E+01

         1  0.000000E+00  0.000000E+00  0.000000E+00
         2 -7.110543E-17  0.000000E+00  0.000000E+00
         3  5.265789E-17  0.000000E+00  0.000000E+00
         4  4.446688E-17  0.000000E+00  0.000000E+00
         5  3.385762E-17  0.000000E+00  0.000000E+00
         6  2.018852E-17  0.000000E+00  0.000000E+00
         7 -3.790251E-17  0.000000E+00  0.000000E+00
         8 -2.254921E-17  0.000000E+00  0.000000E+00
         9  1.621570E-17  0.000000E+00  0.000000E+00
        10  7.965734E-17  0.000000E+00  0.000000E+00
        11  0.000000E+00  0.000000E+00  0.000000E+00
        12  0.000000E+00  5.095477E-06  0.000000E+00
        13 -7.268686E-17  5.095477E-06  0.000000E+00
        14  1.295583E-17  5.095477E-06  0.000000E+00
        15  7.449452E-17  5.095477E-06  0.000000E+00
        16  3.408557E-17  5.095477E-06  0.000000E+00
        17  1.176510E-17  5.095477E-06  0.000000E+00
        18 -3.483430E-19  5.095477E-06  0.000000E+00
        19  1.456678E-17  5.095477E-06  0.000000E+00
        20  4.973440E-17  5.095477E-06  0.000000E+00
        21  4.729017E-17  5.095477E-06  0.000000E+00
        22  0.000000E+00  5.095477E-06  0.000000E+00
        23  0.000000E+00  4.479104E-06  0.000000E+00
        24 -5.873081E-18  4.479104E-06  0.000000E+00
        25 -5.616360E-17  4.479104E-06  0.000000E+00
        26  6.847360E-17  4.479104E-06  0.000000E+00
        27  3.376912E-17  4.479104E-06  0.000000E+00
        28  4.308397E-17  4.479104E-06  0.000000E+00
        29  5.073531E-17  4.479104E-06  0.000000E+00
        30  2.876746E-17  4.479104E-06  0.000000E+00
        31  6.307552E-17  4.479104E-06  0.000000E+00
        32  9.874425E-18  4.479104E-06  0.000000E+00
        33  0.000000E+00  4.479104E-06  0.000000E+00
        34  0.000000E+00  0.000000E+00  9.178128E-06
        35 -6.480598E-17  0.000000E+00  9.178128E-06
        36  3.971314E-17  0.000000E+00  9.178128E-06
        37  6.753693E-17  0.000000E+00  9.178128E-06
        38  4.130121E-17  0.000000E+00  9.178128E-06
        39 -1.682958E-17  0.000000E+00  9.178128E-06
        40 -1.983717E-17  0.000000E+00  9.178128E-06
        41 -3.335577E-17  0.000000E+00  9.178128E-06
        42  2.518364E-17  0.000000E+00  9.178128E-06
        43  6.823958E-17  0.000000E+00  9.178128E-06
        44  0.000000E+00  0.000000E+00  9.178128E-06
        45  0.000000E+00 -3.539157E-05  2.654569E-06
        46 -7.007962E-17 -3.539157E-05  2.654569E-06
        47  8.917572E-18 -3.539157E-05  2.654569E-06
        48  8.621063E-17 -3.539157E-05  2.654569E-06
        49  3.414091E-17 -3.539157E-05  2.654569E-06
        50  1.909576E-18 -3.539157E-05  2.654569E-06
        51 -2.774705E-17 -3.539157E-05  2.654569E-06
        52  3.478050E-17 -3.539157E-05  2.654569E-06
        53  4.024771E-17 -3.539157E-05  2.654569E-06
        54  4.066202E-17 -3.539157E-05  2.654569E-06
        55  0.000000E+00 -3.539157E-05  2.654569E-06
        56  0.000000E+00 -5.132709E-05  1.330217E-04
        57 -4.350655E-17 -5.132709E-05  1.330217E-04
        58 -1.761421E-17 -5.132709E-05  1.330217E-04
        59  4.726302E-17 -5.132709E-05  1.330217E-04
        60  4.759449E-17 -5.132709E-05  1.330217E-04
        61  1.285908E-17 -5.132709E-05  1.330217E-04
        62  3.903560E-17 -5.132709E-05  1.330217E-04
        63  4.765797E-17 -5.132709E-05  1.330217E-04
        64  3.734915E-17 -5.132709E-05  1.330217E-04
        65  2.251310E-18 -5.132709E-05  1.330217E-04
        66  0.000000E+00 -5.132709E-05  1.330217E-04
        67  0.000000E+00  0.000000E+00  4.125560E-05
        68 -3.285021E-17  0.000000E+00  4.125560E-05
        69  2.043837E-17  0.000000E+00  4.125560E-05
        70  9.319882E-17  0.000000E+00  4.125560E-05
        71  1.321970E-17  0.000000E+00  4.125560E-05
        72 -1.024177E-19  0.000000E+00  4.125560E-05
        73 -4.053188E-17  0.000000E+00  4.125560E-05
        74 -3.784972E-17  0.000000E+00  4.125560E-05
        75  3.567944E-17  0.000000E+00  4.125560E-05
        76  5.338467E-17  0.000000E+00  4.125560E-05
        77  0.000000E+00  0.000000E+00  4.125560E-05
        78  0.000000E+00 -1.176776E-04  2.658214E-05
        79 -3.683853E-17 -1.176776E-04  2.658214E-05
        80 -5.428936E-18 -1.176776E-04  2.658214E-05
        81  9.241373E-17 -1.176776E-04  2.658214E-05
        82  3.865667E-17 -1.176776E-04  2.658214E-05
        83 -2.966618E-17 -1.176776E-04  2.658214E-05
        84 -2.855040E-17 -1.176776E-04  2.658214E-05
        85  1.206842E-17 -1.176776E-04  2.658214E-05
        86  5.268557E-17 -1.176776E-04  2.658214E-05
        87  2.401135E-17 -1.176776E-04  2.658214E-05
        88  0.000000E+00 -1.176776E-04  2.658214E-05
        89  0.000000E+00 -3.126606E-04  2.622533E-04
        90 -7.193264E-17 -3.126606E-04  2.622533E-04
        91  4.602208E-17 -3.126606E-04  2.622533E-04
        92  2.802742E-17 -3.126606E-04  2.622533E-04
        93  4.228685E-17 -3.126606E-04  2.622533E-04
        94 -6.968423E-18 -3.126606E-04  2.622533E-04
        95  4.157333E-17 -3.126606E-04  2.622533E-04
        96  5.655395E-17 -3.126606E-04  2.622533E-04
        97  4.854945E-19 -3.126606E-04  2.622533E-04
        98 -1.498429E-17 -3.126606E-04  2.622533E-04
        99  0.000000E+00 -3.126606E-04  2.622533E-04
       100  0.000000E+00  0.000000E+00 -4.654389E-03
       101  4.256682E-17  0.000000E+00 -4.654389E-03
       102  1.751894E-17  0.000000E+00 -4.654389E-03
       103  7.820379E-17  0.000000E+00 -4.654389E-03
       104  8.599223E-17  0.000000E+00 -4.654389E-03
       105  5.739448E-17  0.000000E+00 -4.654389E-03
       106  2.927945E-17  0.000000E+00 -4.654389E-03
       107  5.909806E-17  0.000000E+00 -4.654389E-03
       108  3.336267E-17  0.000000E+00 -4.654389E-03
       109  7.055938E-17  0.000000E+00 -4.654389E-03
       110  0.000000E+00  0.000000E+00 -4.654389E-03
       111  0.000000E+00 -3.104610E-03 -4.631633E-03
       112  7.320373E-17 -3.104610E-03 -4.631633E-03
       113  7.504121E-17 -3.104610E-03 -4.631633E-03
       114  1.150820E-16 -3.104610E-03 -4.631633E-03
       115  4.798669E-17 -3.104610E-03 -4.631633E-03
       116  3.996992E-17 -3.104610E-03 -4.631633E-03
       117  1.164064E-16 -3.104610E-03 -4.631633E-03
       118  1.996272E-17 -3.104610E-03 -4.631633E-03
       119  4.886572E-17 -3.104610E-03 -4.631633E-03
       120  2.436813E-17 -3.104610E-03 -4.631633E-03
       121  0.000000E+00 -3.104610E-03 -4.631633E-03
       122  0.000000E+00 -6.396627E-03 -4.312584E-03
       123  1.194079E-16 -6.396627E-03 -4.312584E-03
       124  1.171033E-16 -6.396627E-03 -4.312584E-03
       125  8.522996E-17 -6.396627E-03 -4.312584E-03
       126  4.033484E-17 -6.396627E-03 -4.312584E-03
       127  4.404346E-17 -6.396627E-03 -4.312584E-03
       128  7.674317E-17 -6.396627E-03 -4.312584E-03
       129  1.059964E-16 -6.396627E-03 -4.312584E-03
       130  2.163465E-17 -6.396627E-03 -4.312584E-03
       131 -2.033195E-17 -6.396627E-03 -4.312584E-03
       132  0.000000E+00 -6.396627E-03 -4.312584E-03
       133  0.000000E+00  0.000000E+00 -6.559534E-03
       134  7.300672E-17  0.000000E+00 -6.559534E-03
       135  2.519188E-17  0.000000E+00 -6.559534E-03
       136  9.642501E-18  0.000000E+00 -6.559534E-03
       137  1.007926E-16  0.000000E+00 -6.559534E-03
       138  7.288376E-17  0.000000E+00 -6.559534E-03
       139  2.934472E-17  0.000000E+00 -6.559534E-03
       140  6.160793E-17  0.000000E+00 -6.559534E-03
       141  9.750079E-18  0.000000E+00 -6.559534E-03
       142  5.143273E-17  0.000000E+00 -6.559534E-03
       143  0.000000E+00  0.000000E+00 -6.559534E-03
       144  0.000000E+00 -3.288819E-03 -6.486741E-03
       145  2.418937E-17 -3.288819E-03 -6.486741E-03
       146  1.172621E-16 -3.288819E-03 -6.486741E-03
       147  5.967758E-17 -3.288819E-03 -6.486741E-03
       148  5.153469E-17 -3.288819E-03 -6.486741E-03
       149  6.760994E-17 -3.288819E-03 -6.486741E-03
       150  8.028410E-17 -3.288819E-03 -6.486741E-03
       151  3.740552E-17 -3.288819E-03 -6.486741E-03
       152  4.940037E-17 -3.288819E-03 -6.486741E-03
       153  4.531643E-18 -3.288819E-03 -6.486741E-03
       154  0.000000E+00 -3.288819E-03 -6.486741E-03
       155  0.000000E+00 -6.676059E-03 -6.116487E-03
       156  1.142650E-16 -6.676059E-03 -6.116487E-03
       157  1.490269E-16 -6.676059E-03 -6.116487E-03
       158  9.507980E-17 -6.676059E-03 -6.116487E-03
       159  9.271074E-18 -6.676059E-03 -6.116487E-03
       160  2.248476E-17 -6.676059E-03 -6.116487E-03
       161  9.654924E-17 -6.676059E-03 -6.116487E-03
       162  1.121198E-16 -6.676059E-03 -6.116487E-03
       163 -2.306003E-18 -6.676059E-03 -6.116487E-03
       164 -4.863157E-17 -6.676059E-03 -6.116487E-03
       165  0.000000E+00 -6.676059E-03 -6.116487E-03

 forces (fx,fy,fz) for set ALLN and time  0.5000000E+01

         1 -3.818641E+00  2.485047E+00  3.672636E+00
         2 -3.641719E-12  4.970093E+00  7.345272E+00
         3  9.004069E-13  4.970093E+00  7.345272E+00
         4 -1.495181E-12  4.970093E+00  7.345272E+00
         5 -1.732112E-13  4.970093E+00  7.345272E+00
         6  1.609428E-13  4.970093E+00  7.345272E+00
         7  1.865115E-12  4.970093E+00  7.345272E+00
         8  3.586457E-13  4.970093E+00  7.345272E+00
         9  4.254494E-13  4.970093E+00  7.345272E+00
        10  4.391305E-13  4.970093E+00  7.345272E+00
        11  3.818641E+00  2.485047E+00  3.672636E+00
        12 -8.445940E+00  1.603610E-12  2.563040E+00
        13 -3.736662E-12  5.674719E-12  5.126081E+00
        14 -1.131247E-12  1.383490E-12  5.126081E+00
        15 -6.507417E-13  3.319333E-12  5.126081E+00
        16  3.954946E-12  6.407811E-12  5.126081E+00
        17  6.471739E-14  1.010381E-11  5.126081E+00
        18 -2.970759E-12  1.046301E-11  5.126081E+00
        19  3.554624E-12  5.913027E-12  5.126081E+00
        20 -8.166498E-13  7.409342E-12  5.126081E+00
        21 -9.573222E-13  4.444927E-12  5.126081E+00
        22  8.445940E+00  2.768110E-12  2.563040E+00
        23 -5.591513E+00 -9.480559E-14 -6.235676E+00
        24  3.260720E-12 -1.602428E-12 -1.247135E+01
        25 -3.710788E-13  1.523211E-12 -1.247135E+01
        26 -6.142269E-14  1.798449E-12 -1.247135E+01
        27  5.818728E-13 -8.850761E-13 -1.247135E+01
        28  1.179209E-13 -4.293305E-12 -1.247135E+01
        29 -2.436700E-12 -2.074400E-12 -1.247135E+01
        30  2.638228E-12 -2.975915E-12 -1.247135E+01
        31 -1.134618E-12 -5.289708E-12 -1.247135E+01
        32 -7.071308E-13 -2.272916E-12 -1.247135E+01
        33  5.591513E+00 -1.346286E-12 -6.235676E+00
        34 -7.392104E+00  5.928585E+00  6.906430E-12
        35 -3.855443E-12  1.185717E+01  1.532396E-11
        36  4.971281E-13  1.185717E+01  2.429255E-11
        37 -6.396519E-12  1.185717E+01  2.319351E-11
        38 -1.027830E-13  1.185717E+01  1.200605E-11
        39  1.636543E-12  1.185717E+01  1.130306E-11
        40  4.039021E-12  1.185717E+01  1.525573E-11
        41 -1.400111E-13  1.185717E+01  1.596797E-11
        42 -6.129699E-13  1.185717E+01  1.283710E-11
        43  6.921889E-13  1.185717E+01  6.232496E-12
        44  7.392104E+00  5.928585E+00 -5.996128E-12
        45 -1.611610E+01 -1.412605E-11 -2.966983E-11
        46 -6.338327E-12 -1.986180E-11 -3.528619E-11
        47 -8.542541E-13 -2.439562E-11 -2.607911E-11
        48 -1.382872E-12 -1.839980E-11 -1.944225E-11
        49  3.068547E-12 -1.859828E-11 -2.332454E-11
        50  4.452207E-13 -1.654259E-11 -3.685444E-11
        51 -1.217497E-12 -1.660235E-11 -3.091463E-11
        52  2.490536E-12 -2.080279E-11 -3.044235E-11
        53 -4.417222E-12 -2.220089E-11 -6.935750E-11
        54 -1.545138E-12 -2.211292E-11 -5.657233E-11
        55  1.611610E+01 -8.166536E-12 -3.320503E-11
        56 -1.048726E+01  6.975538E-12 -1.266578E-11
        57  3.901861E-12  6.093946E-12 -3.064044E-11
        58  1.070871E-12  9.713238E-12 -3.490175E-11
        59 -6.486370E-13  7.046099E-12 -1.885523E-11
        60 -3.093366E-12  1.103952E-11 -3.071895E-11
        61  1.629610E-12  5.654303E-12 -3.394087E-11
        62 -3.132643E-13  5.140162E-12 -2.166400E-11
        63 -5.221108E-13  5.827745E-12 -1.652771E-11
        64 -9.447040E-13  7.324594E-12 -3.645179E-11
        65 -7.390623E-15  9.354641E-12 -6.929888E-12
        66  1.048726E+01  4.691587E-12 -1.322592E-11
        67 -1.532074E+01 -1.210871E+00 -3.407163E-08
        68  1.717692E-12 -2.421743E+00 -6.813588E-08
        69  8.226211E-13 -2.421743E+00 -6.814156E-08
        70 -2.926780E-13 -2.421743E+00 -6.813632E-08
        71 -4.450090E-12 -2.421743E+00 -6.812697E-08
        72 -3.683534E-12 -2.421743E+00 -6.813030E-08
        73  4.463532E-12 -2.421743E+00 -6.813912E-08
        74  1.577630E-12 -2.421743E+00 -6.813311E-08
        75  1.619862E-12 -2.421743E+00 -6.813151E-08
        76 -1.649411E-12 -2.421743E+00 -6.812188E-08
        77  1.532074E+01 -1.210871E+00 -3.404993E-08
        78 -3.121223E+01 -3.051528E-08 -1.189311E-07
        79  1.609500E-12 -6.102615E-08 -2.378815E-07
        80 -5.701827E-13 -6.102742E-08 -2.378766E-07
        81  2.847953E-12 -6.102612E-08 -2.378900E-07
        82  2.447469E-13 -6.102807E-08 -2.378802E-07
        83 -6.556938E-12 -6.102136E-08 -2.378856E-07
        84  1.422330E-12 -6.101656E-08 -2.378902E-07
        85 -6.985073E-13 -6.102218E-08 -2.378916E-07
        86  3.383824E-12 -6.103103E-08 -2.378469E-07
        87 -4.181969E-12 -6.103294E-08 -2.378414E-07
        88  3.121223E+01 -3.051311E-08 -1.189208E-07
        89 -1.737813E+01 -1.144807E-07 -4.627405E-08
        90 -1.494739E-12 -2.289633E-07 -9.255335E-08
        91  1.928322E-12 -2.289628E-07 -9.254982E-08
        92  1.457541E-12 -2.289664E-07 -9.256768E-08
        93 -2.613361E-12 -2.289651E-07 -9.255239E-08
        94  2.554849E-14 -2.289679E-07 -9.254524E-08
        95  5.898775E-12 -2.289667E-07 -9.255524E-08
        96 -4.920395E-12 -2.289674E-07 -9.255347E-08
        97 -1.384936E-12 -2.289632E-07 -9.254518E-08
        98 -3.586445E-13 -2.289622E-07 -9.256364E-08
        99  1.737813E+01 -1.144795E-07 -4.627601E-08
       100 -2.099731E+01 -5.413668E+00 -6.621285E-09
       101  6.100373E-13 -1.082734E+01 -1.324873E-08
       102 -1.446740E-12 -1.082734E+01 -1.324989E-08
       103 -1.144277E-12 -1.082734E+01 -1.325092E-08
       104  6.249946E-13 -1.082734E+01 -1.325735E-08
       105  1.337014E-12 -1.082734E+01 -1.324464E-08
       106 -1.689173E-12 -1.082734E+01 -1.323651E-08
       107  3.573250E-12 -1.082734E+01 -1.325285E-08
       108 -1.218154E-12 -1.082734E+01 -1.323742E-08
       109  4.295259E-12 -1.082734E+01 -1.325147E-08
       110  2.099731E+01 -5.413668E+00 -6.624098E-09
       111 -4.121172E+01  7.348970E-08 -4.052680E-09
       112  3.590360E-12  1.469792E-07 -8.099276E-09
       113 -6.613947E-12  1.469771E-07 -8.095560E-09
       114  2.661193E-12  1.469706E-07 -8.119181E-09
       115  2.906304E-12  1.469832E-07 -8.113632E-09
       116  7.912796E-13  1.469748E-07 -8.088040E-09
       117 -3.734460E-12  1.469775E-07 -8.081694E-09
       118 -2.115329E-12  1.469723E-07 -8.104395E-09
       119  3.429799E-12  1.469779E-07 -8.117195E-09
       120  2.882057E-12  1.469688E-07 -8.096144E-09
       121  4.121172E+01  7.348350E-08 -4.041524E-09
       122 -2.092144E+01  5.537270E-08  7.258768E-08
       123  1.853126E-12  1.107429E-07  1.451769E-07
       124 -4.886120E-12  1.107435E-07  1.451746E-07
       125  3.908098E-12  1.107548E-07  1.451655E-07
       126  4.619196E-13  1.107414E-07  1.451789E-07
       127  5.544595E-14  1.107449E-07  1.451719E-07
       128 -1.721157E-12  1.107438E-07  1.451710E-07
       129  4.636714E-12  1.107487E-07  1.451689E-07
       130 -4.163354E-12  1.107435E-07  1.451786E-07
       131 -1.210389E-12  1.107491E-07  1.451757E-07
       132  2.092144E+01  5.537233E-08  7.258834E-08
       133 -1.003223E+01 -1.789092E+00  2.460276E-08
       134 -6.933127E-13 -3.578183E+00  4.920523E-08
       135  1.540955E-13 -3.578183E+00  4.920615E-08
       136 -2.695120E-12 -3.578183E+00  4.920937E-08
       137  1.751905E-12 -3.578183E+00  4.921466E-08
       138  2.358112E-12 -3.578183E+00  4.920610E-08
       139 -1.457231E-12 -3.578183E+00  4.920380E-08
       140  9.563118E-13 -3.578183E+00  4.921090E-08
       141  1.492324E-12 -3.578183E+00  4.919561E-08
       142 -1.282945E-12 -3.578183E+00  4.920411E-08
       143  1.003223E+01 -1.789092E+00  2.459871E-08
       144 -2.025719E+01  2.187548E-09  7.503876E-08
       145  3.423363E-12  4.380704E-09  1.500708E-07
       146 -3.411385E-13  4.378300E-09  1.500650E-07
       147 -3.729161E-12  4.376853E-09  1.500903E-07
       148  6.004613E-12  4.388060E-09  1.500742E-07
       149  2.611892E-12  4.377345E-09  1.500584E-07
       150 -5.189070E-12  4.374635E-09  1.500601E-07
       151 -1.288488E-12  4.381423E-09  1.500803E-07
       152  2.345795E-12  4.373461E-09  1.500808E-07
       153  3.509487E-12  4.375505E-09  1.500599E-07
       154  2.025719E+01  2.188263E-09  7.502698E-08
       155 -1.024302E+01  1.283489E-08  3.775091E-08
       156  6.249809E-13  2.566618E-08  7.550045E-08
       157 -6.225286E-13  2.566513E-08  7.550036E-08
       158  1.131416E-12  2.566948E-08  7.551024E-08
       159  1.291992E-12  2.566110E-08  7.549505E-08
       160 -1.105182E-12  2.566367E-08  7.549870E-08
       161 -1.604142E-12  2.566532E-08  7.549993E-08
       162  4.345367E-12  2.566579E-08  7.550002E-08
       163 -3.524788E-12  2.566630E-08  7.549367E-08
       164 -5.122636E-14  2.566560E-08  7.550254E-08
       165  1.024302E+01  1.283165E-08  3.775036E-08

 stresses (elem, integ.pnt.,sxx,syy,szz,sxy,sxz,syz) for set ALLE and time  0.5000000E+01

         1   1  3.110075E+01 -1.447081E+01 -1.194007E+01 -2.391349E-13 -3.682392E-13 -1.227606E+00
         1   2  3.110075E+01 -1.447081E+01 -1.194007E+01 -2.260989E-13 -4.053983E-14 -1.227606E+00
         1   3  3.046433E+01 -1.510756E+01 -1.357727E+01 -9.067640E-13 -6.377244E-14 -4.331460E+00
         1   4  3.046433E+01 -1.510756E+01 -1.357727E+01 -8.937442E-13  2.801129E-13 -4.331460E+00
         1   5  2.912602E+01 -1.955117E+01 -1.391648E+01 -7.923598E-14 -1.694388E-12 -1.477707E+00
         1   6  2.912602E+01 -1.955117E+01 -1.391648E+01 -5.341507E-14 -1.366676E-12 -1.477707E+00
         1   7  2.848960E+01 -2.018796E+01 -1.555371E+01 -3.236791E-13 -5.875765E-13 -4.581685E+00
         1   8  2.848960E+01 -2.018796E+01 -1.555371E+01 -2.978744E-13 -2.408081E-13 -4.581685E+00
         2   1  3.110075E+01 -1.447081E+01 -1.194007E+01 -7.327285E-13  9.590335E-13 -1.227606E+00
         2   2  3.110075E+01 -1.447081E+01 -1.194007E+01 -1.561512E-12  1.467348E-13 -1.227606E+00
         2   3  3.046433E+01 -1.510756E+01 -1.357727E+01 -1.980537E-12 -2.975581E-14 -4.331460E+00
         2   4  3.046433E+01 -1.510756E+01 -1.357727E+01 -2.807215E-12 -9.370447E-13 -4.331460E+00
         2   5  2.912602E+01 -1.955117E+01 -1.391648E+01 -7.190834E-13  2.818507E-12 -1.477707E+00
         2   6  2.912602E+01 -1.955117E+01 -1.391648E+01 -1.596400E-12  2.013213E-12 -1.477707E+00
         2   7  2.848960E+01 -2.018796E+01 -1.555371E+01 -1.904513E-12 -8.185127E-13 -4.581685E+00
         2   8  2.848960E+01 -2.018796E+01 -1.555371E+01 -2.777946E-12 -1.741328E-12 -4.581685E+00
         3   1  3.110075E+01 -1.447081E+01 -1.194007E+01 -2.765999E-13 -2.791194E-13 -1.227606E+00
         3   2  3.110075E+01 -1.447081E+01 -1.194007E+01  2.160191E-12  1.915645E-12 -1.227606E+00
         3   3  3.046433E+01 -1.510756E+01 -1.357727E+01  4.040255E-13 -2.061516E-13 -4.331460E+00
         3   4  3.046433E+01 -1.510756E+01 -1.357727E+01  2.840686E-12  1.773001E-12 -4.331460E+00
         3   5  2.912602E+01 -1.955117E+01 -1.391648E+01 -4.414509E-13 -9.524405E-13 -1.477707E+00
         3   6  2.912602E+01 -1.955117E+01 -1.391648E+01  1.860587E-12  1.287132E-12 -1.477707E+00
         3   7  2.848960E+01 -2.018796E+01 -1.555371E+01  1.072347E-13 -6.317501E-14 -4.581685E+00
         3   8  2.848960E+01 -2.018796E+01 -1.555371E+01  2.411573E-12  1.920765E-12 -4.581685E+00
         4   1  3.110075E+01 -1.447081E+01 -1.194007E+01  2.502575E-12  1.523526E-12 -1.227606E+00
         4   2  3.110075E+01 -1.447081E+01 -1.194007E+01  7.290984E-13  3.339521E-13 -1.227606E+00
         4   3  3.046433E+01 -1.510756E+01 -1.357727E+01  3.407660E-12  1.766612E-12 -4.331460E+00
         4   4  3.046433E+01 -1.510756E+01 -1.357727E+01  1.632546E-12  2.757308E-13 -4.331460E+00
         4   5  2.912602E+01 -1.955117E+01 -1.391648E+01  2.062957E-12 -1.352932E-12 -1.477707E+00
         4   6  2.912602E+01 -1.955117E+01 -1.391648E+01  2.143914E-13 -2.540186E-12 -1.477707E+00
         4   7  2.848960E+01 -2.018796E+01 -1.555371E+01  2.673879E-12  1.210525E-12 -4.581685E+00
         4   8  2.848960E+01 -2.018796E+01 -1.555371E+01  8.198334E-13 -2.816488E-13 -4.581685E+00
         5   1  3.110075E+01 -1.447081E+01 -1.194007E+01 -8.852218E-16  1.635445E-14 -1.227606E+00
         5   2  3.110075E+01 -1.447081E+01 -1.194007E+01 -4.476108E-13 -2.862969E-12 -1.227606E+00
         5   3  3.046433E+01 -1.510756E+01 -1.357727E+01  1.093257E-12 -2.919536E-13 -4.331460E+00
         5   4  3.046433E+01 -1.510756E+01 -1.357727E+01  6.599599E-13 -1.117193E-12 -4.331460E+00
         5   5  2.912602E+01 -1.955117E+01 -1.391648E+01 -2.407961E-13  5.319861E-13 -1.477707E+00
         5   6  2.912602E+01 -1.955117E+01 -1.391648E+01  3.474674E-13 -2.421393E-12 -1.477707E+00
         5   7  2.848960E+01 -2.018796E+01 -1.555371E+01  4.241007E-13 -1.012248E-13 -4.581685E+00
         5   8  2.848960E+01 -2.018796E+01 -1.555371E+01  1.009502E-12 -8.891356E-13 -4.581685E+00
         6   1  3.110075E+01 -1.447081E+01 -1.194007E+01 -7.206931E-13 -2.719789E-12 -1.227606E+00
         6   2  3.110075E+01 -1.447081E+01 -1.194007E+01  3.597324E-13 -3.729880E-13 -1.227606E+00
         6   3  3.046433E+01 -1.510756E+01 -1.357727E+01 -9.268993E-13 -1.210542E-12 -4.331460E+00
         6   4  3.046433E+01 -1.510756E+01 -1.357727E+01  1.555708E-13 -2.036029E-12 -4.331460E+00
         6   5  2.912602E+01 -1.955117E+01 -1.391648E+01  1.144855E-13 -1.168051E-12 -1.477707E+00
         6   6  2.912602E+01 -1.955117E+01 -1.391648E+01 -3.818608E-13  1.200838E-12 -1.477707E+00
         6   7  2.848960E+01 -2.018796E+01 -1.555371E+01  2.943974E-13  5.838069E-13 -4.581685E+00
         6   8  2.848960E+01 -2.018796E+01 -1.555371E+01 -2.125163E-13 -1.841987E-13 -4.581685E+00
         7   1  3.110075E+01 -1.447081E+01 -1.194007E+01  1.060977E-12  4.793386E-13 -1.227606E+00
         7   2  3.110075E+01 -1.447081E+01 -1.194007E+01  2.838891E-12  6.252049E-13 -1.227606E+00
         7   3  3.046433E+01 -1.510756E+01 -1.357727E+01  4.646950E-14 -2.015239E-12 -4.331460E+00
         7   4  3.046433E+01 -1.510756E+01 -1.357727E+01  1.809187E-12  3.240767E-13 -4.331460E+00
         7   5  2.912602E+01 -1.955117E+01 -1.391648E+01 -6.613085E-14  2.025961E-12 -1.477707E+00
         7   6  2.912602E+01 -1.955117E+01 -1.391648E+01  2.891804E-12  2.125226E-12 -1.477707E+00
         7   7  2.848960E+01 -2.018796E+01 -1.555371E+01 -1.327082E-12 -1.787123E-12 -4.581685E+00
         7   8  2.848960E+01 -2.018796E+01 -1.555371E+01  1.641013E-12  4.644087E-13 -4.581685E+00
         8   1  3.110075E+01 -1.447081E+01 -1.194007E+01  2.773931E-12 -1.353789E-13 -1.227606E+00
         8   2  3.110075E+01 -1.447081E+01 -1.194007E+01  1.121375E-12 -1.163817E-13 -1.227606E+00
         8   3  3.046433E+01 -1.510756E+01 -1.357727E+01  1.562878E-12  3.603094E-13 -4.331460E+00
         8   4  3.046433E+01 -1.510756E+01 -1.357727E+01 -7.250794E-14 -5.009743E-13 -4.331460E+00
         8   5  2.912602E+01 -1.955117E+01 -1.391648E+01  3.162830E-12 -6.445346E-13 -1.477707E+00
         8   6  2.912602E+01 -1.955117E+01 -1.391648E+01  9.170187E-13 -6.850213E-13 -1.477707E+00
         8   7  2.848960E+01 -2.018796E+01 -1.555371E+01  1.966283E-12 -5.663501E-13 -4.581685E+00
         8   8  2.848960E+01 -2.018796E+01 -1.555371E+01 -2.713064E-13 -1.434226E-12 -4.581685E+00
         9   1  3.110075E+01 -1.447081E+01 -1.194007E+01  4.929683E-13  4.130989E-13 -1.227606E+00
         9   2  3.110075E+01 -1.447081E+01 -1.194007E+01 -1.129703E-12 -4.608087E-14 -1.227606E+00
         9   3  3.046433E+01 -1.510756E+01 -1.357727E+01  8.227843E-13  1.307709E-13 -4.331460E+00
         9   4  3.046433E+01 -1.510756E+01 -1.357727E+01 -7.781038E-13  7.905177E-13 -4.331460E+00
         9   5  2.912602E+01 -1.955117E+01 -1.391648E+01  2.569822E-13  1.328243E-12 -1.477707E+00
         9   6  2.912602E+01 -1.955117E+01 -1.391648E+01 -7.847460E-13  8.143303E-13 -1.477707E+00
         9   7  2.848960E+01 -2.018796E+01 -1.555371E+01  5.759494E-13  1.204456E-12 -4.581685E+00
         9   8  2.848960E+01 -2.018796E+01 -1.555371E+01 -4.695466E-13  1.961033E-12 -4.581685E+00
        10   1  3.110075E+01 -1.447081E+01 -1.194007E+01 -1.078249E-12 -7.010196E-13 -1.227606E+00
        10   2  3.110075E+01 -1.447081E+01 -1.194007E+01 -7.278744E-15 -3.105429E-13 -1.227606E+00
        10   3  3.046433E+01 -1.510756E+01 -1.357727E+01 -8.970523E-14  2.604190E-13 -4.331460E+00
        10   4  3.046433E+01 -1.510756E+01 -1.357727E+01  9.310582E-13 -4.943658E-14 -4.331460E+00
        10   5  2.912602E+01 -1.955117E+01 -1.391648E+01 -6.315419E-13 -1.467801E-12 -1.477707E+00
        10   6  2.912602E+01 -1.955117E+01 -1.391648E+01  1.518479E-13 -1.009237E-12 -1.477707E+00
        10   7  2.848960E+01 -2.018796E+01 -1.555371E+01  5.372560E-13 -1.737231E-13 -4.581685E+00
        10   8  2.848960E+01 -2.018796E+01 -1.555371E+01  1.291988E-12 -5.098637E-13 -4.581685E+00
        11   1  3.485297E+01 -1.076695E+01 -2.234960E+00 -8.361439E-13 -3.081302E-13 -3.976781E+00
        11   2  3.485297E+01 -1.076695E+01 -2.234960E+00  1.746712E-12 -4.396243E-13 -3.976781E+00
        11   3  4.756903E+01  1.960784E+00  3.047482E+01 -2.548768E-12 -1.273540E-12 -5.150907E+00
        11   4  4.756903E+01  1.960784E+00  3.047482E+01  3.358205E-14 -2.731925E-12 -5.150907E+00
        11   5  3.410636E+01 -1.268853E+01 -2.981459E+00 -1.822862E-13 -1.018140E-12  1.019832E+00
        11   6  3.410636E+01 -1.268853E+01 -2.981459E+00  1.740937E-12 -1.148636E-12  1.019832E+00
        11   7  4.682240E+01  3.947360E-02  2.972859E+01 -1.444982E-12 -3.291793E-12 -1.555636E-01
        11   8  4.682240E+01  3.947360E-02  2.972859E+01  4.779013E-13 -4.753770E-12 -1.555636E-01
        12   1  3.485297E+01 -1.076695E+01 -2.234960E+00  9.159557E-13 -8.203267E-13 -3.976781E+00
        12   2  3.485297E+01 -1.076695E+01 -2.234960E+00 -3.108661E-12 -6.777332E-13 -3.976781E+00
        12   3  4.756903E+01  1.960784E+00  3.047482E+01  1.101606E-12 -2.000928E-12 -5.150907E+00
        12   4  4.756903E+01  1.960784E+00  3.047482E+01 -2.923205E-12  1.131480E-12 -5.150907E+00
        12   5  3.410636E+01 -1.268853E+01 -2.981459E+00  5.046068E-13 -2.542820E-12  1.019832E+00
        12   6  3.410636E+01 -1.268853E+01 -2.981459E+00 -2.020758E-12 -2.427249E-12  1.019832E+00
        12   7  4.682240E+01  3.947360E-02  2.972859E+01  9.207234E-13 -3.698454E-12 -1.555636E-01
        12   8  4.682240E+01  3.947360E-02  2.972859E+01 -1.603356E-12 -5.553745E-13 -1.555636E-01
        13   1  3.485297E+01 -1.076695E+01 -2.234960E+00 -4.999419E-13  5.662105E-13 -3.976781E+00
        13   2  3.485297E+01 -1.076695E+01 -2.234960E+00  4.619879E-13  1.194252E-12 -3.976781E+00
        13   3  4.756903E+01  1.960784E+00  3.047482E+01  7.845114E-13  2.641178E-12 -5.150907E+00
        13   4  4.756903E+01  1.960784E+00  3.047482E+01  1.744214E-12  7.587019E-14 -5.150907E+00
        13   5  3.410636E+01 -1.268853E+01 -2.981459E+00 -1.920015E-13  1.401544E-12  1.019832E+00
        13   6  3.410636E+01 -1.268853E+01 -2.981459E+00 -8.610683E-13  2.021960E-12  1.019832E+00
        13   7  4.682240E+01  3.947360E-02  2.972859E+01  2.275293E-13  4.545587E-12 -1.555636E-01
        13   8  4.682240E+01  3.947360E-02  2.972859E+01 -4.378603E-13  1.986520E-12 -1.555636E-01
        14   1  3.485297E+01 -1.076695E+01 -2.234960E+00  5.465875E-13  9.528385E-13 -3.976781E+00
        14   2  3.485297E+01 -1.076695E+01 -2.234960E+00  6.551713E-13  4.738933E-13 -3.976781E+00
        14   3  4.756903E+01  1.960784E+00  3.047482E+01 -1.261346E-13 -1.267995E-12 -5.150907E+00
        14   4  4.756903E+01  1.960784E+00  3.047482E+01 -1.845283E-14  8.184376E-13 -5.150907E+00
        14   5  3.410636E+01 -1.268853E+01 -2.981459E+00 -2.997901E-13  8.363029E-13  1.019832E+00
        14   6  3.410636E+01 -1.268853E+01 -2.981459E+00  1.152287E-12  3.413753E-13  1.019832E+00
        14   7  4.682240E+01  3.947360E-02  2.972859E+01  5.360793E-13 -2.679443E-12 -1.555636E-01
        14   8  4.682240E+01  3.947360E-02  2.972859E+01  1.994090E-12 -5.419560E-13 -1.555636E-01
        15   1  3.485297E+01 -1.076695E+01 -2.234960E+00  6.400760E-13 -2.018073E-13 -3.976781E+00
        15   2  3.485297E+01 -1.076695E+01 -2.234960E+00  1.783275E-12 -1.258645E-12 -3.976781E+00
        15   3  4.756903E+01  1.960784E+00  3.047482E+01 -2.228190E-12  4.251317E-13 -5.150907E+00
        15   4  4.756903E+01  1.960784E+00  3.047482E+01 -1.092533E-12 -3.131863E-12 -5.150907E+00
        15   5  3.410636E+01 -1.268853E+01 -2.981459E+00  7.912297E-13 -4.748656E-13  1.019832E+00
        15   6  3.410636E+01 -1.268853E+01 -2.981459E+00  6.953753E-13 -1.504374E-12  1.019832E+00
        15   7  4.682240E+01  3.947360E-02  2.972859E+01 -8.913102E-13 -7.798220E-13 -1.555636E-01
        15   8  4.682240E+01  3.947360E-02  2.972859E+01 -9.897242E-13 -4.348830E-12 -1.555636E-01
        16   1  3.485297E+01 -1.076695E+01 -2.234960E+00  1.664135E-12 -1.128342E-12 -3.976781E+00
        16   2  3.485297E+01 -1.076695E+01 -2.234960E+00  1.824878E-12 -2.268524E-12 -3.976781E+00
        16   3  4.756903E+01  1.960784E+00  3.047482E+01  3.536653E-12 -2.512091E-12 -5.150907E+00
        16   4  4.756903E+01  1.960784E+00  3.047482E+01  3.678135E-12 -1.087538E-12 -5.150907E+00
        16   5  3.410636E+01 -1.268853E+01 -2.981459E+00  8.125857E-13  1.069882E-12  1.019832E+00
        16   6  3.410636E+01 -1.268853E+01 -2.981459E+00  2.210350E-12 -9.581054E-14  1.019832E+00
        16   7  4.682240E+01  3.947360E-02  2.972859E+01  7.682797E-13  4.462930E-13 -1.555636E-01
        16   8  4.682240E+01  3.947360E-02  2.972859E+01  2.165861E-12  1.819302E-12 -1.555636E-01
        17   1  3.485297E+01 -1.076695E+01 -2.234960E+00 -4.387731E-13 -2.460654E-12 -3.976781E+00
        17   2  3.485297E+01 -1.076695E+01 -2.234960E+00 -4.271217E-13  3.535370E-13 -3.976781E+00
        17   3  4.756903E+01  1.960784E+00  3.047482E+01 -9.816292E-13 -7.811916E-13 -5.150907E+00
        17   4  4.756903E+01  1.960784E+00  3.047482E+01 -9.722455E-13  4.664875E-13 -5.150907E+00
        17   5  3.410636E+01 -1.268853E+01 -2.981459E+00  1.237439E-13 -2.318465E-12  1.019832E+00
        17   6  3.410636E+01 -1.268853E+01 -2.981459E+00 -5.892433E-13  5.369034E-13  1.019832E+00
        17   7  4.682240E+01  3.947360E-02  2.972859E+01  5.890358E-13  3.734783E-13 -1.555636E-01
        17   8  4.682240E+01  3.947360E-02  2.972859E+01 -9.697752E-14  1.598978E-12 -1.555636E-01
        18   1  3.485297E+01 -1.076695E+01 -2.234960E+00 -5.091461E-13  3.444352E-13 -3.976781E+00
        18   2  3.485297E+01 -1.076695E+01 -2.234960E+00 -7.391840E-13 -1.119560E-12 -3.976781E+00
        18   3  4.756903E+01  1.960784E+00  3.047482E+01 -1.452821E-13 -5.064138E-13 -5.150907E+00
        18   4  4.756903E+01  1.960784E+00  3.047482E+01 -3.827197E-13 -1.890925E-12 -5.150907E+00
        18   5  3.410636E+01 -1.268853E+01 -2.981459E+00 -8.900922E-13 -6.506021E-13  1.019832E+00
        18   6  3.410636E+01 -1.268853E+01 -2.981459E+00 -1.169971E-12 -2.220102E-12  1.019832E+00
        18   7  4.682240E+01  3.947360E-02  2.972859E+01 -6.539186E-13 -1.703480E-12 -1.555636E-01
        18   8  4.682240E+01  3.947360E-02  2.972859E+01 -9.513430E-13 -3.100340E-12 -1.555636E-01
        19   1  3.485297E+01 -1.076695E+01 -2.234960E+00  1.211029E-12 -3.077258E-13 -3.976781E+00
        19   2  3.485297E+01 -1.076695E+01 -2.234960E+00  1.937947E-14  5.237063E-13 -3.976781E+00
        19   3  4.756903E+01  1.960784E+00  3.047482E+01  1.063849E-12 -9.721904E-13 -5.150907E+00
        19   4  4.756903E+01  1.960784E+00  3.047482E+01 -1.818312E-13 -3.844787E-13 -5.150907E+00
        19   5  3.410636E+01 -1.268853E+01 -2.981459E+00  7.159382E-13  1.095324E-12  1.019832E+00
        19   6  3.410636E+01 -1.268853E+01 -2.981459E+00 -6.166200E-13  2.080880E-12  1.019832E+00
        19   7  4.682240E+01  3.947360E-02  2.972859E+01  5.162889E-13  1.056710E-12 -1.555636E-01
        19   8  4.682240E+01  3.947360E-02  2.972859E+01 -8.081346E-13  1.665627E-12 -1.555636E-01
        20   1  3.485297E+01 -1.076695E+01 -2.234960E+00  4.639296E-13  8.501286E-14 -3.976781E+00
        20   2  3.485297E+01 -1.076695E+01 -2.234960E+00  1.005379E-12 -1.084534E-13 -3.976781E+00
        20   3  4.756903E+01  1.960784E+00  3.047482E+01 -8.472687E-13 -1.359909E-12 -5.150907E+00
        20   4  4.756903E+01  1.960784E+00  3.047482E+01 -2.826620E-13 -7.180396E-13 -5.150907E+00
        20   5  3.410636E+01 -1.268853E+01 -2.981459E+00  3.437621E-13 -6.043942E-13  1.019832E+00
        20   6  3.410636E+01 -1.268853E+01 -2.981459E+00  1.285436E-12 -7.711269E-13  1.019832E+00
        20   7  4.682240E+01  3.947360E-02  2.972859E+01 -7.908728E-13 -2.852891E-12 -1.555636E-01
        20   8  4.682240E+01  3.947360E-02  2.972859E+01  9.554136E-14 -2.265896E-12 -1.555636E-01
        21   1  3.074460E+01 -2.137587E+01 -6.306328E+00  1.707078E-13 -1.589793E-13 -2.856515E+00
        21   2  3.074460E+01 -2.137587E+01 -6.306328E+00  2.703223E-13  2.248111E-12 -2.856515E+00
        21   3  2.994926E+01 -2.217099E+01 -8.351912E+00  5.328158E-13 -1.461855E-13 -9.165142E+00
        21   4  2.994926E+01 -2.217099E+01 -8.351912E+00  6.321502E-13  2.669473E-12 -9.165142E+00
        21   5  2.673076E+01 -3.170203E+01 -1.032309E+01  6.926344E-13  3.268291E-12 -3.169101E+00
        21   6  2.673076E+01 -3.170203E+01 -1.032309E+01  9.913058E-13  5.675569E-12 -3.169101E+00
        21   7  2.593543E+01 -3.249725E+01 -1.236877E+01  2.288946E-12 -8.740819E-13 -9.478232E+00
        21   8  2.593543E+01 -3.249725E+01 -1.236877E+01  2.588982E-12  1.942210E-12 -9.478232E+00
        22   1  3.074460E+01 -2.137587E+01 -6.306328E+00 -6.052015E-13  4.558682E-12 -2.856515E+00
        22   2  3.074460E+01 -2.137587E+01 -6.306328E+00 -1.535215E-12  7.118138E-13 -2.856515E+00
        22   3  2.994926E+01 -2.217099E+01 -8.351912E+00 -1.813972E-12  2.093223E-12 -9.165142E+00
        22   4  2.994926E+01 -2.217099E+01 -8.351912E+00 -2.745318E-12 -1.894037E-12 -9.165142E+00
        22   5  2.673076E+01 -3.170203E+01 -1.032309E+01 -3.331142E-13  5.615983E-13 -3.169101E+00
        22   6  2.673076E+01 -3.170203E+01 -1.032309E+01 -1.330720E-12 -3.280357E-12 -3.169101E+00
        22   7  2.593543E+01 -3.249725E+01 -1.236877E+01 -1.652333E-12  2.217200E-12 -9.478232E+00
        22   8  2.593543E+01 -3.249725E+01 -1.236877E+01 -2.651469E-12 -1.766065E-12 -9.478232E+00
        23   1  3.074460E+01 -2.137587E+01 -6.306328E+00 -5.074351E-13 -2.000745E-12 -2.856515E+00
        23   2  3.074460E+01 -2.137587E+01 -6.306328E+00  1.478683E-12  1.385949E-12 -2.856515E+00
        23   3  2.994926E+01 -2.217099E+01 -8.351912E+00  4.158442E-14 -1.488345E-12 -9.165142E+00
        23   4  2.994926E+01 -2.217099E+01 -8.351912E+00  2.020787E-12  4.091825E-13 -9.165142E+00
        23   5  2.673076E+01 -3.170203E+01 -1.032309E+01 -5.153005E-13 -9.412287E-13 -3.169101E+00
        23   6  2.673076E+01 -3.170203E+01 -1.032309E+01  7.123157E-13  2.400171E-12 -3.169101E+00
        23   7  2.593543E+01 -3.249725E+01 -1.236877E+01  1.653277E-13 -2.570691E-12 -9.478232E+00
        23   8  2.593543E+01 -3.249725E+01 -1.236877E+01  1.395192E-12 -6.682938E-13 -9.478232E+00
        24   1  3.074460E+01 -2.137587E+01 -6.306328E+00  1.608630E-12 -1.201730E-12 -2.856515E+00
        24   2  3.074460E+01 -2.137587E+01 -6.306328E+00  2.079854E-13 -4.637611E-12 -2.856515E+00
        24   3  2.994926E+01 -2.217099E+01 -8.351912E+00  1.875735E-12  4.144904E-13 -9.165142E+00
        24   4  2.994926E+01 -2.217099E+01 -8.351912E+00  4.864923E-13 -3.525381E-13 -9.165142E+00
        24   5  2.673076E+01 -3.170203E+01 -1.032309E+01  7.789664E-13  3.247241E-12 -3.169101E+00
        24   6  2.673076E+01 -3.170203E+01 -1.032309E+01  7.875214E-13 -2.128358E-13 -3.169101E+00
        24   7  2.593543E+01 -3.249725E+01 -1.236877E+01  4.072325E-13  1.203783E-12 -9.478232E+00
        24   8  2.593543E+01 -3.249725E+01 -1.236877E+01  3.985266E-13  5.023359E-13 -9.478232E+00
        25   1  3.074460E+01 -2.137587E+01 -6.306328E+00 -1.939447E-14 -1.617146E-12 -2.856515E+00
        25   2  3.074460E+01 -2.137587E+01 -6.306328E+00  3.491335E-13  4.469859E-13 -2.856515E+00
        25   3  2.994926E+01 -2.217099E+01 -8.351912E+00  6.356193E-13 -2.091786E-13 -9.165142E+00
        25   4  2.994926E+01 -2.217099E+01 -8.351912E+00  9.750924E-13 -1.363355E-12 -9.165142E+00
        25   5  2.673076E+01 -3.170203E+01 -1.032309E+01  8.421825E-13 -3.521939E-12 -3.169101E+00
        25   6  2.673076E+01 -3.170203E+01 -1.032309E+01 -3.903715E-13 -1.455347E-12 -3.169101E+00
        25   7  2.593543E+01 -3.249725E+01 -1.236877E+01  1.881905E-12 -7.478409E-13 -9.478232E+00
        25   8  2.593543E+01 -3.249725E+01 -1.236877E+01  6.452513E-13 -1.920138E-12 -9.478232E+00
        26   1  3.074460E+01 -2.137587E+01 -6.306328E+00  8.408625E-14  2.481675E-12 -2.856515E+00
        26   2  3.074460E+01 -2.137587E+01 -6.306328E+00 -5.586843E-13 -3.752849E-13 -2.856515E+00
        26   3  2.994926E+01 -2.217099E+01 -8.351912E+00  3.771705E-13  1.141041E-12 -9.165142E+00
        26   4  2.994926E+01 -2.217099E+01 -8.351912E+00 -2.460768E-13  8.703808E-13 -9.165142E+00
        26   5  2.673076E+01 -3.170203E+01 -1.032309E+01 -9.078275E-13  1.980769E-12 -3.169101E+00
        26   6  2.673076E+01 -3.170203E+01 -1.032309E+01 -2.720162E-13 -9.207660E-13 -3.169101E+00
        26   7  2.593543E+01 -3.249725E+01 -1.236877E+01 -5.260305E-13  1.360785E-12 -9.478232E+00
        26   8  2.593543E+01 -3.249725E+01 -1.236877E+01  8.550704E-14  1.018668E-12 -9.478232E+00
        27   1  3.074460E+01 -2.137587E+01 -6.306328E+00 -3.333010E-13 -3.174073E-13 -2.856515E+00
        27   2  3.074460E+01 -2.137587E+01 -6.306328E+00  2.695153E-12  1.781067E-12 -2.856515E+00
        27   3  2.994926E+01 -2.217099E+01 -8.351912E+00 -1.616425E-12 -2.280372E-12 -9.165142E+00
        27   4  2.994926E+01 -2.217099E+01 -8.351912E+00  1.407427E-12 -2.300301E-12 -9.165142E+00
        27   5  2.673076E+01 -3.170203E+01 -1.032309E+01  1.041293E-13  5.583016E-13 -3.169101E+00
        27   6  2.673076E+01 -3.170203E+01 -1.032309E+01  2.100635E-12  2.589203E-12 -3.169101E+00
        27   7  2.593543E+01 -3.249725E+01 -1.236877E+01 -1.043560E-12 -2.329730E-12 -9.478232E+00
        27   8  2.593543E+01 -3.249725E+01 -1.236877E+01  1.012561E-12 -2.506414E-12 -9.478232E+00
        28   1  3.074460E+01 -2.137587E+01 -6.306328E+00  2.975311E-12 -1.186419E-12 -2.856515E+00
        28   2  3.074460E+01 -2.137587E+01 -6.306328E+00  7.746416E-13 -6.018413E-13 -2.856515E+00
        28   3  2.994926E+01 -2.217099E+01 -8.351912E+00  1.608488E-12 -2.290240E-12 -9.165142E+00
        28   4  2.994926E+01 -2.217099E+01 -8.351912E+00 -5.826310E-13 -8.565645E-14 -9.165142E+00
        28   5  2.673076E+01 -3.170203E+01 -1.032309E+01  2.083208E-12 -1.022045E-12 -3.169101E+00
        28   6  2.673076E+01 -3.170203E+01 -1.032309E+01  6.657893E-13 -5.207090E-13 -3.169101E+00
        28   7  2.593543E+01 -3.249725E+01 -1.236877E+01  2.316623E-13  4.148154E-13 -9.478232E+00
        28   8  2.593543E+01 -3.249725E+01 -1.236877E+01 -1.184007E-12  2.630282E-12 -9.478232E+00
        29   1  3.074460E+01 -2.137587E+01 -6.306328E+00  2.923298E-13  1.696897E-12 -2.856515E+00
        29   2  3.074460E+01 -2.137587E+01 -6.306328E+00 -7.415593E-13  7.063262E-13 -2.856515E+00
        29   3  2.994926E+01 -2.217099E+01 -8.351912E+00  6.249679E-13  2.595086E-12 -9.165142E+00
        29   4  2.994926E+01 -2.217099E+01 -8.351912E+00 -4.081819E-13  1.184253E-12 -9.165142E+00
        29   5  2.673076E+01 -3.170203E+01 -1.032309E+01  5.047226E-13  1.235604E-12 -3.169101E+00
        29   6  2.673076E+01 -3.170203E+01 -1.032309E+01 -7.508649E-13  5.306720E-13 -3.169101E+00
        29   7  2.593543E+01 -3.249725E+01 -1.236877E+01  8.819950E-13  2.322025E-12 -9.478232E+00
        29   8  2.593543E+01 -3.249725E+01 -1.236877E+01 -3.394105E-13  9.619768E-13 -9.478232E+00
        30   1  3.074460E+01 -2.137587E+01 -6.306328E+00 -5.493799E-13 -1.135019E-12 -2.856515E+00
        30   2  3.074460E+01 -2.137587E+01 -6.306328E+00  1.685442E-13 -6.280562E-13 -2.856515E+00
        30   3  2.994926E+01 -2.217099E+01 -8.351912E+00  5.788226E-13 -1.443935E-12 -9.165142E+00
        30   4  2.994926E+01 -2.217099E+01 -8.351912E+00  1.278233E-12 -6.949307E-13 -9.165142E+00
        30   5  2.673076E+01 -3.170203E+01 -1.032309E+01 -7.357081E-13  8.033072E-13 -3.169101E+00
        30   6  2.673076E+01 -3.170203E+01 -1.032309E+01  1.671528E-14  1.385341E-12 -3.169101E+00
        30   7  2.593543E+01 -3.249725E+01 -1.236877E+01  9.659144E-14 -7.540224E-13 -9.478232E+00
        30   8  2.593543E+01 -3.249725E+01 -1.236877E+01  8.235167E-13 -6.656031E-14 -9.478232E+00
        31   1  3.333727E+01 -1.890850E+01  4.926240E-01  5.617882E-13 -1.272608E-12 -5.819283E+00
        31   2  3.333727E+01 -1.890850E+01  4.926240E-01  1.721184E-12  6.421458E-13 -5.819283E+00
        31   3  4.360864E+01 -8.617112E+00  2.691458E+01 -7.753774E-13 -4.361111E-12 -1.954558E+01
        31   4  4.360864E+01 -8.617112E+00  2.691458E+01  3.846499E-13 -5.270788E-12 -1.954558E+01
        31   5  2.460437E+01 -4.137670E+01 -8.244461E+00  1.944893E-12 -3.308087E-12 -1.785089E+00
        31   6  2.460437E+01 -4.137670E+01 -8.244461E+00  1.692767E-12 -1.393106E-12 -1.785089E+00
        31   7  3.487550E+01 -3.108277E+01  1.818004E+01 -5.611264E-14 -5.817332E-12 -1.551457E+01
        31   8  3.487550E+01 -3.108277E+01  1.818004E+01 -3.087554E-13 -6.726982E-12 -1.551457E+01
        32   1  3.333727E+01 -1.890850E+01  4.926240E-01 -1.398885E-13  1.971213E-13 -5.819283E+00
        32   2  3.333727E+01 -1.890850E+01  4.926240E-01 -1.007993E-12 -1.618780E-12 -5.819283E+00
        32   3  4.360864E+01 -8.617112E+00  2.691458E+01  5.673162E-13 -2.561539E-12 -1.954558E+01
        32   4  4.360864E+01 -8.617112E+00  2.691458E+01 -3.013884E-13  1.693276E-12 -1.954558E+01
        32   5  2.460437E+01 -4.137670E+01 -8.244461E+00 -1.494106E-12  1.677700E-12 -1.785089E+00
        32   6  2.460437E+01 -4.137670E+01 -8.244461E+00  6.774060E-13 -1.475496E-13 -1.785089E+00
        32   7  3.487550E+01 -3.108277E+01  1.818004E+01 -2.461491E-13 -1.469708E-12 -1.551457E+01
        32   8  3.487550E+01 -3.108277E+01  1.818004E+01  1.919859E-12  2.800578E-12 -1.551457E+01
        33   1  3.333727E+01 -1.890850E+01  4.926240E-01  5.463898E-13  6.443963E-13 -5.819283E+00
        33   2  3.333727E+01 -1.890850E+01  4.926240E-01 -1.573247E-12  2.336466E-13 -5.819283E+00
        33   3  4.360864E+01 -8.617112E+00  2.691458E+01  1.805183E-13  5.965089E-12 -1.954558E+01
        33   4  4.360864E+01 -8.617112E+00  2.691458E+01 -1.932677E-12  8.945821E-13 -1.954558E+01
        33   5  2.460437E+01 -4.137670E+01 -8.244461E+00  2.262559E-12 -1.636602E-12 -1.785089E+00
        33   6  2.460437E+01 -4.137670E+01 -8.244461E+00 -2.206026E-12 -2.043748E-12 -1.785089E+00
        33   7  3.487550E+01 -3.108277E+01  1.818004E+01  6.390078E-13  2.488965E-12 -1.551457E+01
        33   8  3.487550E+01 -3.108277E+01  1.818004E+01 -3.824158E-12 -2.553711E-12 -1.551457E+01
        34   1  3.333727E+01 -1.890850E+01  4.926240E-01 -1.210506E-12 -2.551876E-13 -5.819283E+00
        34   2  3.333727E+01 -1.890850E+01  4.926240E-01  9.414865E-13  5.954514E-13 -5.819283E+00
        34   3  4.360864E+01 -8.617112E+00  2.691458E+01  6.578378E-13 -3.469469E-12 -1.954558E+01
        34   4  4.360864E+01 -8.617112E+00  2.691458E+01  2.804735E-12 -1.427857E-12 -1.954558E+01
        34   5  2.460437E+01 -4.137670E+01 -8.244461E+00 -2.899460E-12  2.061869E-13 -1.785089E+00
        34   6  2.460437E+01 -4.137670E+01 -8.244461E+00 -7.787610E-14  1.018159E-12 -1.785089E+00
        34   7  3.487550E+01 -3.108277E+01  1.818004E+01  2.682051E-13 -3.299692E-13 -1.551457E+01
        34   8  3.487550E+01 -3.108277E+01  1.818004E+01  3.095053E-12  1.740200E-12 -1.551457E+01
        35   1  3.333727E+01 -1.890850E+01  4.926240E-01  1.092644E-12 -2.783441E-13 -5.819283E+00
        35   2  3.333727E+01 -1.890850E+01  4.926240E-01  5.404328E-13 -2.584909E-12 -5.819283E+00
        35   3  4.360864E+01 -8.617112E+00  2.691458E+01 -1.109126E-13 -1.796750E-12 -1.954558E+01
        35   4  4.360864E+01 -8.617112E+00  2.691458E+01 -6.714008E-13 -3.786229E-12 -1.954558E+01
        35   5  2.460437E+01 -4.137670E+01 -8.244461E+00  1.715193E-12 -2.192917E-14 -1.785089E+00
        35   6  2.460437E+01 -4.137670E+01 -8.244461E+00  1.263218E-12 -2.253985E-12 -1.785089E+00
        35   7  3.487550E+01 -3.108277E+01  1.818004E+01  6.508872E-13 -6.755186E-13 -1.551457E+01
        35   8  3.487550E+01 -3.108277E+01  1.818004E+01  1.948383E-13 -2.677275E-12 -1.551457E+01
        36   1  3.333727E+01 -1.890850E+01  4.926240E-01  6.059160E-13  8.725894E-13 -5.819283E+00
        36   2  3.333727E+01 -1.890850E+01  4.926240E-01  2.608304E-12  1.784227E-12 -5.819283E+00
        36   3  4.360864E+01 -8.617112E+00  2.691458E+01 -1.881010E-13  1.611206E-12 -1.954558E+01
        36   4  4.360864E+01 -8.617112E+00  2.691458E+01  1.822548E-12  3.587379E-12 -1.954558E+01
        36   5  2.460437E+01 -4.137670E+01 -8.244461E+00  8.613844E-13  3.897137E-13 -1.785089E+00
        36   6  2.460437E+01 -4.137670E+01 -8.244461E+00  3.354975E-12  1.324504E-12 -1.785089E+00
        36   7  3.487550E+01 -3.108277E+01  1.818004E+01 -7.717361E-14 -1.613724E-12 -1.551457E+01
        36   8  3.487550E+01 -3.108277E+01  1.818004E+01  2.417313E-12  3.211788E-13 -1.551457E+01
        37   1  3.333727E+01 -1.890850E+01  4.926240E-01  6.650920E-13 -1.602836E-12 -5.819283E+00
        37   2  3.333727E+01 -1.890850E+01  4.926240E-01 -2.287343E-13 -2.105460E-12 -5.819283E+00
        37   3  4.360864E+01 -8.617112E+00  2.691458E+01  1.264104E-12  2.164213E-12 -1.954558E+01
        37   4  4.360864E+01 -8.617112E+00  2.691458E+01  3.395548E-13  1.713755E-12 -1.954558E+01
        37   5  2.460437E+01 -4.137670E+01 -8.244461E+00  1.606739E-12 -2.052607E-12 -1.785089E+00
        37   6  2.460437E+01 -4.137670E+01 -8.244461E+00  8.462688E-13 -2.550888E-12 -1.785089E+00
        37   7  3.487550E+01 -3.108277E+01  1.818004E+01  1.439196E-12  1.976567E-12 -1.551457E+01
        37   8  3.487550E+01 -3.108277E+01  1.818004E+01  6.650199E-13  1.550680E-12 -1.551457E+01
        38   1  3.333727E+01 -1.890850E+01  4.926240E-01 -1.034625E-12 -2.523138E-12 -5.819283E+00
        38   2  3.333727E+01 -1.890850E+01  4.926240E-01 -1.984489E-12 -1.244460E-12 -5.819283E+00
        38   3  4.360864E+01 -8.617112E+00  2.691458E+01 -3.791959E-13 -2.108418E-12 -1.954558E+01
        38   4  4.360864E+01 -8.617112E+00  2.691458E+01 -1.319959E-12 -4.133172E-12 -1.954558E+01
        38   5  2.460437E+01 -4.137670E+01 -8.244461E+00 -9.440923E-13  9.078092E-13 -1.785089E+00
        38   6  2.460437E+01 -4.137670E+01 -8.244461E+00 -3.665296E-12  2.293355E-12 -1.785089E+00
        38   7  3.487550E+01 -3.108277E+01  1.818004E+01  1.016669E-12  8.698383E-13 -1.551457E+01
        38   8  3.487550E+01 -3.108277E+01  1.818004E+01 -1.696220E-12 -1.067059E-12 -1.551457E+01
        39   1  3.333727E+01 -1.890850E+01  4.926240E-01 -1.483878E-13  1.921339E-12 -5.819283E+00
        39   2  3.333727E+01 -1.890850E+01  4.926240E-01 -1.145214E-12  9.481696E-13 -5.819283E+00
        39   3  4.360864E+01 -8.617112E+00  2.691458E+01 -5.896336E-13 -6.299542E-13 -1.954558E+01
        39   4  4.360864E+01 -8.617112E+00  2.691458E+01 -1.567593E-12  6.908463E-13 -1.954558E+01
        39   5  2.460437E+01 -4.137670E+01 -8.244461E+00 -1.882633E-12  1.181489E-12 -1.785089E+00
        39   6  2.460437E+01 -4.137670E+01 -8.244461E+00 -1.820191E-12  2.961095E-13 -1.785089E+00
        39   7  3.487550E+01 -3.108277E+01  1.818004E+01 -2.947554E-12 -2.815793E-12 -1.551457E+01
        39   8  3.487550E+01 -3.108277E+01  1.818004E+01 -2.863371E-12 -1.473294E-12 -1.551457E+01
        40   1  3.333727E+01 -1.890850E+01  4.926240E-01  2.409211E-13 -1.870694E-12 -5.819283E+00
        40   2  3.333727E+01 -1.890850E+01  4.926240E-01  1.338963E-12 -9.529822E-13 -5.819283E+00
        40   3  4.360864E+01 -8.617112E+00  2.691458E+01 -3.242462E-13 -2.933283E-12 -1.954558E+01
        40   4  4.360864E+01 -8.617112E+00  2.691458E+01  7.639189E-13 -1.978433E-12 -1.954558E+01
        40   5  2.460437E+01 -4.137670E+01 -8.244461E+00  1.061751E-13 -1.043354E-12 -1.785089E+00
        40   6  2.460437E+01 -4.137670E+01 -8.244461E+00  1.281574E-12 -2.378112E-13 -1.785089E+00
        40   7  3.487550E+01 -3.108277E+01  1.818004E+01  9.095968E-13 -4.159709E-13 -1.551457E+01
        40   8  3.487550E+01 -3.108277E+01  1.818004E+01  2.078787E-12  5.358145E-13 -1.551457E+01
        41   1  1.012235E+02  4.025793E+01  9.854228E+00  9.812798E-14  2.823505E-12 -1.867850E+00
        41   2  1.012235E+02  4.025793E+01  9.854228E+00  5.584583E-13  3.534171E-12 -1.867850E+00
        41   3  1.090117E+02  4.820170E+01  1.847721E+01 -8.800717E-14  4.454614E-13 -6.440807E+00
        41   4  1.090117E+02  4.820170E+01  1.847721E+01  3.713187E-13  8.070582E-13 -6.440807E+00
        41   5  6.943829E+01  4.410066E+00 -2.075353E+01  9.897003E-14  7.758519E-13 -1.620380E+00
        41   6  6.943829E+01  4.410066E+00 -2.075353E+01  3.849761E-13  1.476048E-12 -1.620380E+00
        41   7  7.725003E+01  1.234600E+01 -1.213062E+01  7.853266E-14  3.195601E-13 -6.039163E+00
        41   8  7.725003E+01  1.234600E+01 -1.213062E+01  3.641360E-13  6.731843E-13 -6.039163E+00
        42   1  1.012235E+02  4.025793E+01  9.854228E+00  8.034125E-13 -3.401435E-13 -1.867850E+00
        42   2  1.012235E+02  4.025793E+01  9.854228E+00  8.795743E-13 -1.788723E-12 -1.867850E+00
        42   3  1.090117E+02  4.820170E+01  1.847721E+01  7.330844E-13  1.201277E-12 -6.440807E+00
        42   4  1.090117E+02  4.820170E+01  1.847721E+01  8.084101E-13  7.697298E-13 -6.440807E+00
        42   5  6.943829E+01  4.410066E+00 -2.075353E+01  6.284019E-13  2.995948E-13 -1.620380E+00
        42   6  6.943829E+01  4.410066E+00 -2.075353E+01  1.209084E-12 -1.135897E-12 -1.620380E+00
        42   7  7.725003E+01  1.234600E+01 -1.213062E+01  4.054099E-13  7.495008E-13 -6.039163E+00
        42   8  7.725003E+01  1.234600E+01 -1.213062E+01  9.842128E-13  3.221681E-13 -6.039163E+00
        43   1  1.012235E+02  4.025793E+01  9.854228E+00  6.487374E-13 -6.998624E-14 -1.867850E+00
        43   2  1.012235E+02  4.025793E+01  9.854228E+00  1.240635E-13 -8.075582E-13 -1.867850E+00
        43   3  1.090117E+02  4.820170E+01  1.847721E+01  4.155109E-13 -1.546467E-12 -6.440807E+00
        43   4  1.090117E+02  4.820170E+01  1.847721E+01 -1.068996E-13 -2.119287E-12 -6.440807E+00
        43   5  6.943829E+01  4.410066E+00 -2.075353E+01  1.201532E-12  1.159641E-13 -1.620380E+00
        43   6  6.943829E+01  4.410066E+00 -2.075353E+01  7.615108E-13 -6.183469E-13 -1.620380E+00
        43   7  7.725003E+01  1.234600E+01 -1.213062E+01  8.325881E-13 -4.273082E-13 -6.039163E+00
        43   8  7.725003E+01  1.234600E+01 -1.213062E+01  3.947878E-13 -9.939713E-13 -6.039163E+00
        44   1  1.012235E+02  4.025793E+01  9.854228E+00  1.574115E-13 -1.174304E-12 -1.867850E+00
        44   2  1.012235E+02  4.025793E+01  9.854228E+00  7.664886E-13  2.161636E-12 -1.867850E+00
        44   3  1.090117E+02  4.820170E+01  1.847721E+01 -7.715338E-14 -2.459598E-13 -6.440807E+00
        44   4  1.090117E+02  4.820170E+01  1.847721E+01  5.306462E-13  9.434888E-13 -6.440807E+00
        44   5  6.943829E+01  4.410066E+00 -2.075353E+01  6.370511E-13 -2.262794E-12 -1.620380E+00
        44   6  6.943829E+01  4.410066E+00 -2.075353E+01  1.733638E-13  1.060791E-12 -1.620380E+00
        44   7  7.725003E+01  1.234600E+01 -1.213062E+01  8.377220E-13 -1.591279E-12 -6.039163E+00
        44   8  7.725003E+01  1.234600E+01 -1.213062E+01  3.742047E-13 -4.041648E-13 -6.039163E+00
        45   1  1.012235E+02  4.025793E+01  9.854228E+00  1.021245E-12  2.201717E-12 -1.867850E+00
        45   2  1.012235E+02  4.025793E+01  9.854228E+00  1.062294E-13  1.259134E-12 -1.867850E+00
        45   3  1.090117E+02  4.820170E+01  1.847721E+01  1.778735E-12  5.368095E-13 -6.440807E+00
        45   4  1.090117E+02  4.820170E+01  1.847721E+01  8.625491E-13  6.736644E-13 -6.440807E+00
        45   5  6.943829E+01  4.410066E+00 -2.075353E+01 -6.100128E-14  2.585223E-12 -1.620380E+00
        45   6  6.943829E+01  4.410066E+00 -2.075353E+01 -4.340596E-13  1.642675E-12 -1.620380E+00
        45   7  7.725003E+01  1.234600E+01 -1.213062E+01  3.309233E-13  1.429831E-12 -6.039163E+00
        45   8  7.725003E+01  1.234600E+01 -1.213062E+01 -4.405804E-14  1.561702E-12 -6.039163E+00
        46   1  1.012235E+02  4.025793E+01  9.854228E+00 -5.771655E-13  9.124451E-13 -1.867850E+00
        46   2  1.012235E+02  4.025793E+01  9.854228E+00 -8.116801E-13 -1.668869E-12 -1.867850E+00
        46   3  1.090117E+02  4.820170E+01  1.847721E+01 -5.322049E-13  1.807387E-12 -6.440807E+00
        46   4  1.090117E+02  4.820170E+01  1.847721E+01 -7.677482E-13  1.386153E-12 -6.440807E+00
        46   5  6.943829E+01  4.410066E+00 -2.075353E+01 -3.742907E-13  2.318884E-12 -1.620380E+00
        46   6  6.943829E+01  4.410066E+00 -2.075353E+01  4.698262E-13 -2.534340E-13 -1.620380E+00
        46   7  7.725003E+01  1.234600E+01 -1.213062E+01 -2.919713E-13  2.176052E-12 -6.039163E+00
        46   8  7.725003E+01  1.234600E+01 -1.213062E+01  5.493564E-13  1.751061E-12 -6.039163E+00
        47   1  1.012235E+02  4.025793E+01  9.854228E+00 -4.905343E-13 -5.482964E-13 -1.867850E+00
        47   2  1.012235E+02  4.025793E+01  9.854228E+00  7.745936E-13  1.563128E-12 -1.867850E+00
        47   3  1.090117E+02  4.820170E+01  1.847721E+01 -5.882034E-13 -3.176893E-13 -6.440807E+00
        47   4  1.090117E+02  4.820170E+01  1.847721E+01  6.837630E-13 -1.527764E-12 -6.440807E+00
        47   5  6.943829E+01  4.410066E+00 -2.075353E+01  5.351901E-13 -1.781149E-12 -1.620380E+00
        47   6  6.943829E+01  4.410066E+00 -2.075353E+01  1.354083E-13  3.235228E-13 -1.620380E+00
        47   7  7.725003E+01  1.234600E+01 -1.213062E+01  3.456430E-13 -1.871760E-13 -6.039163E+00
        47   8  7.725003E+01  1.234600E+01 -1.213062E+01 -4.457274E-14 -1.383706E-12 -6.039163E+00
        48   1  1.012235E+02  4.025793E+01  9.854228E+00  7.715365E-13  1.057704E-12 -1.867850E+00
        48   2  1.012235E+02  4.025793E+01  9.854228E+00  1.044997E-13 -1.360784E-13 -1.867850E+00
        48   3  1.090117E+02  4.820170E+01  1.847721E+01  6.360004E-14  5.175329E-13 -6.440807E+00
        48   4  1.090117E+02  4.820170E+01  1.847721E+01 -6.086147E-13  1.530856E-12 -6.440807E+00
        48   5  6.943829E+01  4.410066E+00 -2.075353E+01  6.277680E-14  1.514672E-12 -1.620380E+00
        48   6  6.943829E+01  4.410066E+00 -2.075353E+01  5.044015E-13  3.295500E-13 -1.620380E+00
        48   7  7.725003E+01  1.234600E+01 -1.213062E+01 -3.755073E-13 -4.937454E-13 -6.039163E+00
        48   8  7.725003E+01  1.234600E+01 -1.213062E+01  5.902434E-14  5.165089E-13 -6.039163E+00
        49   1  1.012235E+02  4.025793E+01  9.854228E+00  6.395067E-14 -1.498640E-12 -1.867850E+00
        49   2  1.012235E+02  4.025793E+01  9.854228E+00 -5.987442E-13 -1.459527E-12 -1.867850E+00
        49   3  1.090117E+02  4.820170E+01  1.847721E+01  5.725918E-13  4.779603E-13 -6.440807E+00
        49   4  1.090117E+02  4.820170E+01  1.847721E+01 -8.318058E-14 -9.351353E-13 -6.440807E+00
        49   5  6.943829E+01  4.410066E+00 -2.075353E+01  3.896939E-13 -2.430809E-12 -1.620380E+00
        49   6  6.943829E+01  4.410066E+00 -2.075353E+01 -9.988979E-13 -2.391906E-12 -1.620380E+00
        49   7  7.725003E+01  1.234600E+01 -1.213062E+01  5.878265E-13  3.917101E-13 -6.039163E+00
        49   8  7.725003E+01  1.234600E+01 -1.213062E+01 -7.926334E-13 -1.017506E-12 -6.039163E+00
        50   1  1.012235E+02  4.025793E+01  9.854228E+00 -5.613390E-13  7.485203E-13 -1.867850E+00
        50   2  1.012235E+02  4.025793E+01  9.854228E+00  3.189930E-14  1.455208E-12 -1.867850E+00
        50   3  1.090117E+02  4.820170E+01  1.847721E+01  1.304536E-13 -1.058864E-12 -6.440807E+00
        50   4  1.090117E+02  4.820170E+01  1.847721E+01  7.181630E-13  2.886847E-13 -6.440807E+00
        50   5  6.943829E+01  4.410066E+00 -2.075353E+01 -8.821110E-13  6.360707E-13 -1.620380E+00
        50   6  6.943829E+01  4.410066E+00 -2.075353E+01  3.059949E-14  1.338505E-12 -1.620380E+00
        50   7  7.725003E+01  1.234600E+01 -1.213062E+01  1.143232E-13 -1.926708E-13 -6.039163E+00
        50   8  7.725003E+01  1.234600E+01 -1.213062E+01  1.021032E-12  1.149199E-12 -6.039163E+00
        51   1  1.009186E+02  3.799143E+01  1.164373E+01  1.160474E-14 -5.384138E-13 -7.942220E+00
        51   2  1.009186E+02  3.799143E+01  1.164373E+01  1.060866E-12 -4.813959E-13 -7.942220E+00
        51   3  1.183198E+02  5.621761E+01  3.193308E+01 -1.337436E-13 -8.482913E-13 -1.396824E+01
        51   4  1.183198E+02  5.621761E+01  3.193308E+01  9.123203E-13 -1.269507E-12 -1.396824E+01
        51   5  5.787726E+01 -1.016843E+01 -2.970726E+01  9.190944E-14  4.227067E-14 -7.004290E+00
        51   6  5.787726E+01 -1.016843E+01 -2.970726E+01  8.940771E-13  8.905295E-14 -7.004290E+00
        51   7  7.535270E+01  8.057827E+00 -9.454816E+00 -3.871238E-13 -2.199673E-13 -1.281230E+01
        51   8  7.535270E+01  8.057827E+00 -9.454816E+00  4.146352E-13 -6.508252E-13 -1.281230E+01
        52   1  1.009186E+02  3.799143E+01  1.164373E+01  1.405117E-12  8.827249E-13 -7.942220E+00
        52   2  1.009186E+02  3.799143E+01  1.164373E+01  1.037613E-12  9.658289E-13 -7.942220E+00
        52   3  1.183198E+02  5.621761E+01  3.193308E+01  9.608047E-13 -1.521507E-12 -1.396824E+01
        52   4  1.183198E+02  5.621761E+01  3.193308E+01  5.905843E-13 -1.047290E-12 -1.396824E+01
        52   5  5.787726E+01 -1.016843E+01 -2.970726E+01  9.128483E-13  5.640338E-13 -7.004290E+00
        52   6  5.787726E+01 -1.016843E+01 -2.970726E+01  7.413933E-13  6.505116E-13 -7.004290E+00
        52   7  7.535270E+01  8.057827E+00 -9.454816E+00  8.484339E-13 -3.554762E-13 -1.281230E+01
        52   8  7.535270E+01  8.057827E+00 -9.454816E+00  6.738571E-13  1.263880E-13 -1.281230E+01
        53   1  1.009186E+02  3.799143E+01  1.164373E+01  4.333680E-13 -1.629958E-12 -7.942220E+00
        53   2  1.009186E+02  3.799143E+01  1.164373E+01 -2.796243E-13 -1.763102E-12 -7.942220E+00
        53   3  1.183198E+02  5.621761E+01  3.193308E+01  1.872447E-13 -3.766138E-13 -1.396824E+01
        53   4  1.183198E+02  5.621761E+01  3.193308E+01 -5.312946E-13  5.179621E-13 -1.396824E+01
        53   5  5.787726E+01 -1.016843E+01 -2.970726E+01  7.115480E-13 -9.475997E-13 -7.004290E+00
        53   6  5.787726E+01 -1.016843E+01 -2.970726E+01  5.236225E-13 -1.073758E-12 -7.004290E+00
        53   7  7.535270E+01  8.057827E+00 -9.454816E+00  1.551207E-12 -1.793463E-12 -1.281230E+01
        53   8  7.535270E+01  8.057827E+00 -9.454816E+00  1.352350E-12 -9.019976E-13 -1.281230E+01
        54   1  1.009186E+02  3.799143E+01  1.164373E+01 -3.548468E-13  5.740151E-13 -7.942220E+00
        54   2  1.009186E+02  3.799143E+01  1.164373E+01 -7.551142E-13  3.450075E-13 -7.942220E+00
        54   3  1.183198E+02  5.621761E+01  3.193308E+01  3.181633E-13  1.878258E-12 -1.396824E+01
        54   4  1.183198E+02  5.621761E+01  3.193308E+01 -5.869600E-14 -7.079317E-14 -1.396824E+01
        54   5  5.787726E+01 -1.016843E+01 -2.970726E+01  2.022724E-13 -4.957116E-13 -7.004290E+00
        54   6  5.787726E+01 -1.016843E+01 -2.970726E+01 -1.063915E-12 -7.211262E-13 -7.004290E+00
        54   7  7.535270E+01  8.057827E+00 -9.454816E+00 -1.037136E-12  1.752375E-12 -1.281230E+01
        54   8  7.535270E+01  8.057827E+00 -9.454816E+00 -2.276210E-12 -1.889213E-13 -1.281230E+01
        55   1  1.009186E+02  3.799143E+01  1.164373E+01  4.236422E-13 -3.946434E-13 -7.942220E+00
        55   2  1.009186E+02  3.799143E+01  1.164373E+01  9.042972E-13  3.053241E-13 -7.942220E+00
        55   3  1.183198E+02  5.621761E+01  3.193308E+01 -4.480582E-13 -1.275601E-12 -1.396824E+01
        55   4  1.183198E+02  5.621761E+01  3.193308E+01  2.238869E-14 -1.222832E-13 -1.396824E+01
        55   5  5.787726E+01 -1.016843E+01 -2.970726E+01 -4.088804E-13  5.058963E-13 -7.004290E+00
        55   6  5.787726E+01 -1.016843E+01 -2.970726E+01  2.999620E-13  1.196687E-12 -7.004290E+00
        55   7  7.535270E+01  8.057827E+00 -9.454816E+00 -1.926325E-13 -8.140243E-13 -1.281230E+01
        55   8  7.535270E+01  8.057827E+00 -9.454816E+00  5.063742E-13  3.338063E-13 -1.281230E+01
        56   1  1.009186E+02  3.799143E+01  1.164373E+01  3.852033E-13  1.401453E-12 -7.942220E+00
        56   2  1.009186E+02  3.799143E+01  1.164373E+01  5.145026E-13  1.635679E-12 -7.942220E+00
        56   3  1.183198E+02  5.621761E+01  3.193308E+01  8.579416E-13 -5.999577E-13 -1.396824E+01
        56   4  1.183198E+02  5.621761E+01  3.193308E+01  9.888030E-13 -7.323307E-13 -1.396824E+01
        56   5  5.787726E+01 -1.016843E+01 -2.970726E+01  1.112894E-13  1.317122E-12 -7.004290E+00
        56   6  5.787726E+01 -1.016843E+01 -2.970726E+01  5.803384E-14  1.540736E-12 -7.004290E+00
        56   7  7.535270E+01  8.057827E+00 -9.454816E+00  6.390058E-13 -9.094772E-13 -1.281230E+01
        56   8  7.535270E+01  8.057827E+00 -9.454816E+00  5.889851E-13 -1.044778E-12 -1.281230E+01
        57   1  1.009186E+02  3.799143E+01  1.164373E+01  1.263893E-13 -1.573482E-13 -7.942220E+00
        57   2  1.009186E+02  3.799143E+01  1.164373E+01  1.373099E-12 -1.968819E-12 -7.942220E+00
        57   3  1.183198E+02  5.621761E+01  3.193308E+01 -1.163777E-12  5.574465E-14 -1.396824E+01
        57   4  1.183198E+02  5.621761E+01  3.193308E+01  6.462741E-14 -8.101656E-14 -1.396824E+01
        57   5  5.787726E+01 -1.016843E+01 -2.970726E+01 -1.826452E-13  1.628907E-13 -7.004290E+00
        57   6  5.787726E+01 -1.016843E+01 -2.970726E+01  1.888881E-12 -1.622489E-12 -7.004290E+00
        57   7  7.535270E+01  8.057827E+00 -9.454816E+00 -1.030657E-12 -4.170505E-13 -1.281230E+01
        57   8  7.535270E+01  8.057827E+00 -9.454816E+00  1.016363E-12 -5.472793E-13 -1.281230E+01
        58   1  1.009186E+02  3.799143E+01  1.164373E+01  7.382558E-13  3.333101E-13 -7.942220E+00
        58   2  1.009186E+02  3.799143E+01  1.164373E+01 -1.616105E-12  1.828725E-12 -7.942220E+00
        58   3  1.183198E+02  5.621761E+01  3.193308E+01  1.731575E-12  3.716974E-13 -1.396824E+01
        58   4  1.183198E+02  5.621761E+01  3.193308E+01 -6.037949E-13  9.843791E-13 -1.396824E+01
        58   5  5.787726E+01 -1.016843E+01 -2.970726E+01  1.599974E-12 -5.020549E-13 -7.004290E+00
        58   6  5.787726E+01 -1.016843E+01 -2.970726E+01 -1.175717E-12  9.849828E-13 -7.004290E+00
        58   7  7.535270E+01  8.057827E+00 -9.454816E+00  1.781784E-12  1.444232E-12 -1.281230E+01
        58   8  7.535270E+01  8.057827E+00 -9.454816E+00 -9.712395E-13  2.058246E-12 -1.281230E+01
        59   1  1.009186E+02  3.799143E+01  1.164373E+01 -8.442510E-13  9.689777E-13 -7.942220E+00
        59   2  1.009186E+02  3.799143E+01  1.164373E+01 -6.760588E-13 -1.088883E-12 -7.942220E+00
        59   3  1.183198E+02  5.621761E+01  3.193308E+01 -1.304356E-12  3.472927E-13 -1.396824E+01
        59   4  1.183198E+02  5.621761E+01  3.193308E+01 -1.126304E-12 -2.019097E-12 -1.396824E+01
        59   5  5.787726E+01 -1.016843E+01 -2.970726E+01 -9.143475E-13  1.147905E-12 -7.004290E+00
        59   6  5.787726E+01 -1.016843E+01 -2.970726E+01 -9.068360E-13 -9.026134E-13 -7.004290E+00
        59   7  7.535270E+01  8.057827E+00 -9.454816E+00 -1.777945E-13  4.153889E-13 -1.281230E+01
        59   8  7.535270E+01  8.057827E+00 -9.454816E+00 -1.619749E-13 -1.947601E-12 -1.281230E+01
        60   1  1.009186E+02  3.799143E+01  1.164373E+01  6.635502E-14 -1.456603E-12 -7.942220E+00
        60   2  1.009186E+02  3.799143E+01  1.164373E+01  8.273628E-13  2.051504E-13 -7.942220E+00
        60   3  1.183198E+02  5.621761E+01  3.193308E+01 -1.471923E-13 -7.226880E-13 -1.396824E+01
        60   4  1.183198E+02  5.621761E+01  3.193308E+01  5.999685E-13  1.148311E-12 -1.396824E+01
        60   5  5.787726E+01 -1.016843E+01 -2.970726E+01 -6.246880E-14 -4.167720E-13 -7.004290E+00
        60   6  5.787726E+01 -1.016843E+01 -2.970726E+01  8.019980E-13  1.235997E-12 -7.004290E+00
        60   7  7.535270E+01  8.057827E+00 -9.454816E+00 -1.683941E-12 -1.505348E-13 -1.281230E+01
        60   8  7.535270E+01  8.057827E+00 -9.454816E+00 -8.319938E-13  1.714965E-12 -1.281230E+01
        61   1  9.347397E+01  2.365312E+01  5.920274E+00  1.696246E-13 -4.136865E-13 -6.700100E-01
        61   2  9.347397E+01  2.365312E+01  5.920274E+00  3.086915E-13  2.127651E-13 -6.700100E-01
        61   3  1.038596E+02  3.346173E+01  1.694159E+01  4.979479E-13 -3.281058E-14 -3.025013E+00
        61   4  1.038596E+02  3.346173E+01  1.694159E+01  6.349892E-13  1.849519E-13 -3.025013E+00
        61   5  7.464873E+01  3.131661E+00 -1.215243E+01  3.845541E-13 -1.596390E-12 -3.338058E-01
        61   6  7.464873E+01  3.131661E+00 -1.215243E+01  3.237905E-13 -9.696236E-13 -3.338058E-01
        61   7  8.503909E+01  1.293489E+01 -1.127116E+00  1.504706E-12 -8.861253E-13 -2.665149E+00
        61   8  8.503909E+01  1.293489E+01 -1.127116E+00  1.440947E-12 -6.653204E-13 -2.665149E+00
        62   1  9.347397E+01  2.365312E+01  5.920274E+00  4.696118E-13  6.985402E-13 -6.700100E-01
        62   2  9.347397E+01  2.365312E+01  5.920274E+00  1.502726E-12 -3.213992E-13 -6.700100E-01
        62   3  1.038596E+02  3.346173E+01  1.694159E+01  5.632478E-14  6.103613E-13 -3.025013E+00
        62   4  1.038596E+02  3.346173E+01  1.694159E+01  1.097411E-12  8.845112E-13 -3.025013E+00
        62   5  7.464873E+01  3.131661E+00 -1.215243E+01  2.252723E-13  1.014848E-12 -3.338058E-01
        62   6  7.464873E+01  3.131661E+00 -1.215243E+01  1.892821E-12 -7.886394E-15 -3.338058E-01
        62   7  8.503909E+01  1.293489E+01 -1.127116E+00 -5.437115E-13  6.627500E-13 -2.665149E+00
        62   8  8.503909E+01  1.293489E+01 -1.127116E+00  1.133159E-12  9.305103E-13 -2.665149E+00
        63   1  9.347397E+01  2.365312E+01  5.920274E+00  1.680604E-12  8.286517E-13 -6.700100E-01
        63   2  9.347397E+01  2.365312E+01  5.920274E+00  1.123881E-12 -5.628061E-13 -6.700100E-01
        63   3  1.038596E+02  3.346173E+01  1.694159E+01  1.291886E-12  5.923882E-13 -3.025013E+00
        63   4  1.038596E+02  3.346173E+01  1.694159E+01  7.332116E-13 -1.566147E-12 -3.025013E+00
        63   5  7.464873E+01  3.131661E+00 -1.215243E+01  2.329837E-12  1.502529E-12 -3.338058E-01
        63   6  7.464873E+01  3.131661E+00 -1.215243E+01  1.396517E-12  1.217283E-13 -3.338058E-01
        63   7  8.503909E+01  1.293489E+01 -1.127116E+00  2.033242E-12  1.204105E-12 -2.665149E+00
        63   8  8.503909E+01  1.293489E+01 -1.127116E+00  1.097993E-12 -9.439929E-13 -2.665149E+00
        64   1  9.347397E+01  2.365312E+01  5.920274E+00  8.011050E-13 -2.675378E-12 -6.700100E-01
        64   2  9.347397E+01  2.365312E+01  5.920274E+00 -3.302146E-13  1.894972E-12 -6.700100E-01
        64   3  1.038596E+02  3.346173E+01  1.694159E+01  1.198096E-12 -3.169255E-12 -3.025013E+00
        64   4  1.038596E+02  3.346173E+01  1.694159E+01  5.821990E-14  6.934741E-14 -3.025013E+00
        64   5  7.464873E+01  3.131661E+00 -1.215243E+01  7.101535E-13 -2.278193E-12 -3.338058E-01
        64   6  7.464873E+01  3.131661E+00 -1.215243E+01 -1.082196E-12  2.277797E-12 -3.338058E-01
        64   7  8.503909E+01  1.293489E+01 -1.127116E+00  1.259362E-12 -3.240316E-12 -2.665149E+00
        64   8  8.503909E+01  1.293489E+01 -1.127116E+00 -5.430593E-13 -1.277474E-14 -2.665149E+00
        65   1  9.347397E+01  2.365312E+01  5.920274E+00 -7.796840E-13  3.221783E-12 -6.700100E-01
        65   2  9.347397E+01  2.365312E+01  5.920274E+00 -6.311298E-13 -3.663507E-13 -6.700100E-01
        65   3  1.038596E+02  3.346173E+01  1.694159E+01 -6.145787E-13  2.800255E-12 -3.025013E+00
        65   4  1.038596E+02  3.346173E+01  1.694159E+01 -4.623891E-13  9.096813E-13 -3.025013E+00
        65   5  7.464873E+01  3.131661E+00 -1.215243E+01 -1.609375E-12  2.788557E-12 -3.338058E-01
        65   6  7.464873E+01  3.131661E+00 -1.215243E+01 -6.164993E-13 -7.930079E-13 -3.338058E-01
        65   7  8.503909E+01  1.293489E+01 -1.127116E+00 -1.717167E-12  2.742997E-12 -2.665149E+00
        65   8  8.503909E+01  1.293489E+01 -1.127116E+00 -7.185137E-13  8.547235E-13 -2.665149E+00
        66   1  9.347397E+01  2.365312E+01  5.920274E+00 -1.543503E-13  1.022082E-12 -6.700100E-01
        66   2  9.347397E+01  2.365312E+01  5.920274E+00  1.019726E-12  1.659180E-12 -6.700100E-01
        66   3  1.038596E+02  3.346173E+01  1.694159E+01 -5.250988E-15  3.631998E-13 -3.025013E+00
        66   4  1.038596E+02  3.346173E+01  1.694159E+01  1.176947E-12  4.635128E-13 -3.025013E+00
        66   5  7.464873E+01  3.131661E+00 -1.215243E+01  2.175741E-13  8.390266E-13 -3.338058E-01
        66   6  7.464873E+01  3.131661E+00 -1.215243E+01  1.119317E-12  1.477273E-12 -3.338058E-01
        66   7  8.503909E+01  1.293489E+01 -1.127116E+00  5.144832E-13 -9.015914E-13 -2.665149E+00
        66   8  8.503909E+01  1.293489E+01 -1.127116E+00  1.422251E-12 -7.961656E-13 -2.665149E+00
        67   1  9.347397E+01  2.365312E+01  5.920274E+00  1.026968E-12 -2.027129E-13 -6.700100E-01
        67   2  9.347397E+01  2.365312E+01  5.920274E+00  8.469296E-14 -1.866993E-13 -6.700100E-01
        67   3  1.038596E+02  3.346173E+01  1.694159E+01  9.567832E-13  2.577678E-13 -3.025013E+00
        67   4  1.038596E+02  3.346173E+01  1.694159E+01  4.886568E-15  9.003387E-13 -3.025013E+00
        67   5  7.464873E+01  3.131661E+00 -1.215243E+01  1.234777E-12  3.840816E-13 -3.338058E-01
        67   6  7.464873E+01  3.131661E+00 -1.215243E+01  6.153397E-13  4.029891E-13 -3.338058E-01
        67   7  8.503909E+01  1.293489E+01 -1.127116E+00  1.570628E-12  1.710565E-12 -2.665149E+00
        67   8  8.503909E+01  1.293489E+01 -1.127116E+00  9.455578E-13  2.345273E-12 -2.665149E+00
        68   1  9.347397E+01  2.365312E+01  5.920274E+00 -2.497236E-13  3.173477E-13 -6.700100E-01
        68   2  9.347397E+01  2.365312E+01  5.920274E+00  4.389845E-13  5.089394E-13 -6.700100E-01
        68   3  1.038596E+02  3.346173E+01  1.694159E+01 -9.954977E-13  6.599416E-13 -3.025013E+00
        68   4  1.038596E+02  3.346173E+01  1.694159E+01 -3.011567E-13 -1.471014E-13 -3.025013E+00
        68   5  7.464873E+01  3.131661E+00 -1.215243E+01 -3.352022E-13 -2.177856E-12 -3.338058E-01
        68   6  7.464873E+01  3.131661E+00 -1.215243E+01 -1.478370E-13 -1.985093E-12 -3.338058E-01
        68   7  8.503909E+01  1.293489E+01 -1.127116E+00 -2.162593E-12  8.051101E-14 -2.665149E+00
        68   8  8.503909E+01  1.293489E+01 -1.127116E+00 -1.971464E-12 -7.229104E-13 -2.665149E+00
        69   1  9.347397E+01  2.365312E+01  5.920274E+00  4.777586E-13 -1.188644E-12 -6.700100E-01
        69   2  9.347397E+01  2.365312E+01  5.920274E+00 -1.088297E-12 -2.664410E-12 -6.700100E-01
        69   3  1.038596E+02  3.346173E+01  1.694159E+01  7.112870E-13 -5.806442E-13 -3.025013E+00
        69   4  1.038596E+02  3.346173E+01  1.694159E+01 -8.608900E-13 -1.447702E-12 -3.025013E+00
        69   5  7.464873E+01  3.131661E+00 -1.215243E+01  3.773216E-13  1.135565E-12 -3.338058E-01
        69   6  7.464873E+01  3.131661E+00 -1.215243E+01 -8.766969E-13 -3.379281E-13 -3.338058E-01
        69   7  8.503909E+01  1.293489E+01 -1.127116E+00  1.035196E-12 -1.585753E-12 -2.665149E+00
        69   8  8.503909E+01  1.293489E+01 -1.127116E+00 -2.249818E-13 -2.449831E-12 -2.665149E+00
        70   1  9.347397E+01  2.365312E+01  5.920274E+00 -9.742227E-13 -8.480466E-13 -6.700100E-01
        70   2  9.347397E+01  2.365312E+01  5.920274E+00  3.647674E-14  5.866137E-13 -6.700100E-01
        70   3  1.038596E+02  3.346173E+01  1.694159E+01  1.341579E-13  1.438379E-14 -3.025013E+00
        70   4  1.038596E+02  3.346173E+01  1.694159E+01  1.148700E-12  1.266630E-12 -3.025013E+00
        70   5  7.464873E+01  3.131661E+00 -1.215243E+01 -8.740993E-13 -2.096810E-12 -3.338058E-01
        70   6  7.464873E+01  3.131661E+00 -1.215243E+01  3.869618E-14 -6.657212E-13 -3.338058E-01
        70   7  8.503909E+01  1.293489E+01 -1.127116E+00  1.456830E-13 -7.611480E-13 -2.665149E+00
        70   8  8.503909E+01  1.293489E+01 -1.127116E+00  1.062807E-12  4.864825E-13 -2.665149E+00
        71   1  8.182196E+01  8.056888E+00 -3.465930E+00  3.648032E-13  7.523584E-14 -1.443503E+00
        71   2  8.182196E+01  8.056888E+00 -3.465930E+00  1.053144E-12  7.893521E-14 -1.443503E+00
        71   3  9.246194E+01  1.796224E+01  7.946001E+00 -8.826711E-13  3.293031E-14 -2.791310E+00
        71   4  9.246194E+01  1.796224E+01  7.946001E+00 -1.918009E-13 -1.526107E-13 -2.791310E+00
        71   5  7.206580E+01 -2.591341E+00 -1.274170E+01  1.025895E-12 -4.815515E-13 -1.040537E+00
        71   6  7.206580E+01 -2.591341E+00 -1.274170E+01  1.618638E-12 -4.757484E-13 -1.040537E+00
        71   7  8.270793E+01  7.311288E+00 -1.327438E+00 -2.038500E-12 -9.167759E-14 -2.377116E+00
        71   8  8.270793E+01  7.311288E+00 -1.327438E+00 -1.442496E-12 -2.760801E-13 -2.377116E+00
        72   1  8.182196E+01  8.056888E+00 -3.465930E+00  5.969348E-13  3.711604E-13 -1.443503E+00
        72   2  8.182196E+01  8.056888E+00 -3.465930E+00  5.432321E-13  1.195981E-12 -1.443503E+00
        72   3  9.246194E+01  1.796224E+01  7.946001E+00  9.893793E-13 -2.248459E-13 -2.791310E+00
        72   4  9.246194E+01  1.796224E+01  7.946001E+00  9.361331E-13  8.399653E-13 -2.791310E+00
        72   5  7.206580E+01 -2.591341E+00 -1.274170E+01  1.795694E-13 -3.923123E-13 -1.040537E+00
        72   6  7.206580E+01 -2.591341E+00 -1.274170E+01  2.413411E-13  4.276551E-13 -1.040537E+00
        72   7  8.270793E+01  7.311288E+00 -1.327438E+00  1.405414E-12 -2.773332E-12 -2.377116E+00
        72   8  8.270793E+01  7.311288E+00 -1.327438E+00  1.467801E-12 -1.713376E-12 -2.377116E+00
        73   1  8.182196E+01  8.056888E+00 -3.465930E+00  1.010273E-12  1.133814E-13 -1.443503E+00
        73   2  8.182196E+01  8.056888E+00 -3.465930E+00  1.150374E-12 -2.050662E-12 -1.443503E+00
        73   3  9.246194E+01  1.796224E+01  7.946001E+00  2.518688E-12 -9.370473E-13 -2.791310E+00
        73   4  9.246194E+01  1.796224E+01  7.946001E+00  2.660347E-12 -2.387078E-12 -2.791310E+00
        73   5  7.206580E+01 -2.591341E+00 -1.274170E+01  1.541892E-12  1.175540E-12 -1.040537E+00
        73   6  7.206580E+01 -2.591341E+00 -1.274170E+01  2.041581E-12 -9.821267E-13 -1.040537E+00
        73   7  8.270793E+01  7.311288E+00 -1.327438E+00  3.642291E-12  1.428661E-12 -2.377116E+00
        73   8  8.270793E+01  7.311288E+00 -1.327438E+00  4.145049E-12 -1.665396E-14 -2.377116E+00
        74   1  8.182196E+01  8.056888E+00 -3.465930E+00  5.518724E-13 -2.470903E-12 -1.443503E+00
        74   2  8.182196E+01  8.056888E+00 -3.465930E+00 -1.289574E-12 -1.829075E-13 -1.443503E+00
        74   3  9.246194E+01  1.796224E+01  7.946001E+00 -1.638236E-12 -7.294504E-14 -2.791310E+00
        74   4  9.246194E+01  1.796224E+01  7.946001E+00 -3.487376E-12  9.838087E-13 -2.791310E+00
        74   5  7.206580E+01 -2.591341E+00 -1.274170E+01  1.001655E-12 -2.851260E-12 -1.040537E+00
        74   6  7.206580E+01 -2.591341E+00 -1.274170E+01 -1.450467E-12 -5.687234E-13 -1.040537E+00
        74   7  8.270793E+01  7.311288E+00 -1.327438E+00 -1.832431E-12 -8.523132E-13 -2.377116E+00
        74   8  8.270793E+01  7.311288E+00 -1.327438E+00 -4.295916E-12  2.030942E-13 -2.377116E+00
        75   1  8.182196E+01  8.056888E+00 -3.465930E+00 -9.409538E-13  2.245796E-12 -1.443503E+00
        75   2  8.182196E+01  8.056888E+00 -3.465930E+00 -7.662223E-14  1.096601E-12 -1.443503E+00
        75   3  9.246194E+01  1.796224E+01  7.946001E+00 -1.103421E-13  1.250159E-12 -2.791310E+00
        75   4  9.246194E+01  1.796224E+01  7.946001E+00  7.555274E-13  4.196426E-13 -2.791310E+00
        75   5  7.206580E+01 -2.591341E+00 -1.274170E+01 -1.574858E-12  2.326648E-12 -1.040537E+00
        75   6  7.206580E+01 -2.591341E+00 -1.274170E+01 -5.507884E-13  1.178406E-12 -1.040537E+00
        75   7  8.270793E+01  7.311288E+00 -1.327438E+00 -2.712754E-13  1.256200E-12 -2.377116E+00
        75   8  8.270793E+01  7.311288E+00 -1.327438E+00  7.542086E-13  4.267916E-13 -2.377116E+00
        76   1  8.182196E+01  8.056888E+00 -3.465930E+00  3.681009E-14 -2.810534E-13 -1.443503E+00
        76   2  8.182196E+01  8.056888E+00 -3.465930E+00 -4.091651E-14 -2.780725E-13 -1.443503E+00
        76   3  9.246194E+01  1.796224E+01  7.946001E+00  4.761725E-13 -1.428695E-12 -2.791310E+00
        76   4  9.246194E+01  1.796224E+01  7.946001E+00  3.971746E-13 -1.169851E-12 -2.791310E+00
        76   5  7.206580E+01 -2.591341E+00 -1.274170E+01  9.422883E-14 -1.249967E-12 -1.040537E+00
        76   6  7.206580E+01 -2.591341E+00 -1.274170E+01  1.442774E-13 -1.243839E-12 -1.040537E+00
        76   7  8.270793E+01  7.311288E+00 -1.327438E+00  2.134310E-13 -5.656846E-13 -2.377116E+00
        76   8  8.270793E+01  7.311288E+00 -1.327438E+00  2.643171E-13 -3.062393E-13 -2.377116E+00
        77   1  8.182196E+01  8.056888E+00 -3.465930E+00 -5.199154E-14  1.217912E-13 -1.443503E+00
        77   2  8.182196E+01  8.056888E+00 -3.465930E+00  2.319330E-12  8.922067E-13 -1.443503E+00
        77   3  9.246194E+01  1.796224E+01  7.946001E+00 -8.735529E-13 -7.272195E-13 -2.791310E+00
        77   4  9.246194E+01  1.796224E+01  7.946001E+00  1.514563E-12 -2.341121E-13 -2.791310E+00
        77   5  7.206580E+01 -2.591341E+00 -1.274170E+01  6.109350E-13  1.291629E-12 -1.040537E+00
        77   6  7.206580E+01 -2.591341E+00 -1.274170E+01  2.840083E-12  2.051490E-12 -1.040537E+00
        77   7  8.270793E+01  7.311288E+00 -1.327438E+00 -4.580696E-13 -1.159882E-12 -2.377116E+00
        77   8  8.270793E+01  7.311288E+00 -1.327438E+00  1.783359E-12 -6.864493E-13 -2.377116E+00
        78   1  8.182196E+01  8.056888E+00 -3.465930E+00  1.457940E-12  1.065177E-12 -1.443503E+00
        78   2  8.182196E+01  8.056888E+00 -3.465930E+00 -1.509838E-12 -3.836783E-14 -1.443503E+00
        78   3  9.246194E+01  1.796224E+01  7.946001E+00  2.030089E-12  1.863463E-12 -2.791310E+00
        78   4  9.246194E+01  1.796224E+01  7.946001E+00 -9.552376E-13  9.423640E-13 -2.791310E+00
        78   5  7.206580E+01 -2.591341E+00 -1.274170E+01  6.194777E-14  8.641020E-13 -1.040537E+00
        78   6  7.206580E+01 -2.591341E+00 -1.274170E+01 -2.805201E-12 -2.365828E-13 -1.040537E+00
        78   7  8.270793E+01  7.311288E+00 -1.327438E+00  2.373648E-12  8.195160E-13 -2.377116E+00
        78   8  8.270793E+01  7.311288E+00 -1.327438E+00 -5.091012E-13 -1.000741E-13 -2.377116E+00
        79   1  8.182196E+01  8.056888E+00 -3.465930E+00 -8.398578E-13 -3.152251E-13 -1.443503E+00
        79   2  8.182196E+01  8.056888E+00 -3.465930E+00 -9.717389E-13 -1.109370E-12 -1.443503E+00
        79   3  9.246194E+01  1.796224E+01  7.946001E+00  3.094469E-14 -2.463847E-13 -2.791310E+00
        79   4  9.246194E+01  1.796224E+01  7.946001E+00 -9.892084E-14 -1.465921E-12 -2.791310E+00
        79   5  7.206580E+01 -2.591341E+00 -1.274170E+01 -4.543904E-13 -1.519081E-12 -1.040537E+00
        79   6  7.206580E+01 -2.591341E+00 -1.274170E+01 -7.960066E-13 -2.310837E-12 -1.040537E+00
        79   7  8.270793E+01  7.311288E+00 -1.327438E+00 -5.121490E-13  1.319274E-12 -2.377116E+00
        79   8  8.270793E+01  7.311288E+00 -1.327438E+00 -8.526205E-13  1.029012E-13 -2.377116E+00
        80   1  8.182196E+01  8.056888E+00 -3.465930E+00 -3.060876E-13  2.073380E-13 -1.443503E+00
        80   2  8.182196E+01  8.056888E+00 -3.465930E+00  6.999281E-13  1.535031E-12 -1.443503E+00
        80   3  9.246194E+01  1.796224E+01  7.946001E+00 -2.678621E-12 -1.027049E-13 -2.791310E+00
        80   4  9.246194E+01  1.796224E+01  7.946001E+00 -1.668543E-12  1.632940E-12 -2.791310E+00
        80   5  7.206580E+01 -2.591341E+00 -1.274170E+01 -8.614662E-13 -5.381357E-13 -1.040537E+00
        80   6  7.206580E+01 -2.591341E+00 -1.274170E+01  3.419507E-13  7.859170E-13 -1.040537E+00
        80   7  8.270793E+01  7.311288E+00 -1.327438E+00 -3.655810E-12 -1.236251E-12 -2.377116E+00
        80   8  8.270793E+01  7.311288E+00 -1.327438E+00 -2.448052E-12  4.952685E-13 -2.377116E+00

 equivalent plastic strain (elem, integ.pnt.,pe)for set ALLE and time  0.5000000E+01

         1   1  2.570000E-03
         1   2  2.570000E-03
         1   3  2.570000E-03
         1   4  2.570000E-03
         1   5  2.570000E-03
         1   6  2.570000E-03
         1   7  2.570000E-03
         1   8  2.570000E-03
         2   1  2.570000E-03
         2   2  2.570000E-03
         2   3  2.570000E-03
         2   4  2.570000E-03
         2   5  2.570000E-03
         2   6  2.570000E-03
         2   7  2.570000E-03
         2   8  2.570000E-03
         3   1  2.570000E-03
         3   2  2.570000E-03
         3   3  2.570000E-03
         3   4  2.570000E-03
         3   5  2.570000E-03
         3   6  2.570000E-03
         3   7  2.570000E-03
         3   8  2.570000E-03
         4   1  2.570000E-03
         4   2  2.570000E-03
         4   3  2.570000E-03
         4   4  2.570000E-03
         4   5  2.570000E-03
         4   6  2.570000E-03
         4   7  2.570000E-03
         4   8  2.570000E-03
         5   1  2.570000E-03
         5   2  2.570000E-03
         5   3  2.570000E-03
         5   4  2.570000E-03
         5   5  2.570000E-03
         5   6  2.570000E-03
         5   7  2.570000E-03
         5   8  2.570000E-03
         6   1  2.570000E-03
         6   2  2.570000E-03
         6   3  2.570000E-03
         6   4  2.570000E-03
         6   5  2.570000E-03
         6   6  2.570000E-03
         6   7  2.570000E-03
         6   8  2.570000E-03
         7   1  2.570000E-03
         7   2  2.570000E-03
         7   3  2.570000E-03
         7   4  2.570000E-03
         7   5  2.570000E-03
         7   6  2.570000E-03
         7   7  2.570000E-03
         7   8  2.570000E-03
         8   1  2.570000E-03
         8   2  2.570000E-03
         8   3  2.570000E-03
         8   4  2.570000E-03
         8   5  2.570000E-03
         8   6  2.570000E-03
         8   7  2.570000E-03
         8   8  2.570000E-03
         9   1  2.570000E-03
         9   2  2.570000E-03
         9   3  2.570000E-03
         9   4  2.570000E-03
         9   5  2.570000E-03
         9   6  2.570000E-03
         9   7  2.570000E-03
         9   8  2.570000E-03
        10   1  2.570000E-03
        10   2  2.570000E-03
        10   3  2.570000E-03
        10   4  2.570000E-03
        10   5  2.570000E-03
        10   6  2.570000E-03
        10   7  2.570000E-03
        10   8  2.570000E-03
        11   1  2.570000E-03
        11   2  2.570000E-03
        11   3  2.570000E-03
        11   4  2.570000E-03
        11   5  2.570000E-03
        11   6  2.570000E-03
        11   7  2.570000E-03
        11   8  2.570000E-03
        12   1  2.570000E-03
        12   2  2.570000E-03
        12   3  2.570000E-03
        12   4  2.570000E-03
        12   5  2.570000E-03
        12   6  2.570000E-03
        12   7  2.570000E-03
        12   8  2.570000E-03
        13   1  2.570000E-03
        13   2  2.570000E-03
        13   3  2.570000E-03
        13   4  2.570000E-03
        13   5  2.570000E-03
        13   6  2.570000E-03
        13   7  2.570000E-03
        13   8  2.570000E-03
        14   1  2.570000E-03
        14   2  2.570000E-03
        14   3  2.570000E-03
        14   4  2.570000E-03
        14   5  2.570000E-03
        14   6  2.570000E-03
        14   7  2.570000E-03
        14   8  2.570000E-03
        15   1  2.570000E-03
        15   2  2.570000E-03
        15   3  2.570000E-03
        15   4  2.570000E-03
        15   5  2.570000E-03
        15   6  2.570000E-03
        15   7  2.570000E-03
        15   8  2.570000E-03
        16   1  2.570000E-03
        16   2  2.570000E-03
        16   3  2.570000E-03
        16   4  2.570000E-03
        16   5  2.570000E-03
        16   6  2.570000E-03
        16   7  2.570000E-03
        16   8  2.570000E-03
        17   1  2.570000E-03
        17   2  2.570000E-03
        17   3  2.570000E-03
        17   4  2.570000E-03
        17   5  2.570000E-03
        17   6  2.570000E-03
        17   7  2.570000E-03
        17   8  2.570000E-03
        18   1  2.570000E-03
        18   2  2.570000E-03
        18   3  2.570000E-03
        18   4  2.570000E-03
        18   5  2.570000E-03
        18   6  2.570000E-03
        18   7  2.570000E-03
        18   8  2.570000E-03
        19   1  2.570000E-03
        19   2  2.570000E-03
        19   3  2.570000E-03
        19   4  2.570000E-03
        19   5  2.570000E-03
        19   6  2.570000E-03
        19   7  2.570000E-03
        19   8  2.570000E-03
        20   1  2.570000E-03
        20   2  2.570000E-03
        20   3  2.570000E-03
        20   4  2.570000E-03
        20   5  2.570000E-03
        20   6  2.570000E-03
        20   7  2.570000E-03
        20   8  2.570000E-03
        21   1  2.570000E-03
        21   2  2.570000E-03
        21   3  2.570000E-03
        21   4  2.570000E-03
        21   5  2.570000E-03
        21   6  2.570000E-03
        21   7  2.570000E-03
        21   8  2.570000E-03
        22   1  2.570000E-03
        22   2  2.570000E-03
        22   3  2.570000E-03
        22   4  2.570000E-03
        22   5  2.570000E-03
        22   6  2.570000E-03
        22   7  2.570000E-03
        22   8  2.570000E-03
        23   1  2.570000E-03
        23   2  2.570000E-03
        23   3  2.570000E-03
        23   4  2.570000E-03
        23   5  2.570000E-03
        23   6  2.570000E-03
        23   7  2.570000E-03
        23   8  2.570000E-03
        24   1  2.570000E-03
        24   2  2.570000E-03
        24   3  2.570000E-03
        24   4  2.570000E-03
        24   5  2.570000E-03
        24   6  2.570000E-03
        24   7  2.570000E-03
        24   8  2.570000E-03
        25   1  2.570000E-03
        25   2  2.570000E-03
        25   3  2.570000E-03
        25   4  2.570000E-03
        25   5  2.570000E-03
        25   6  2.570000E-03
        25   7  2.570000E-03
        25   8  2.570000E-03
        26   1  2.570000E-03
        26   2  2.570000E-03
        26   3  2.570000E-03
        26   4  2.570000E-03
        26   5  2.570000E-03
        26   6  2.570000E-03
        26   7  2.570000E-03
        26   8  2.570000E-03
        27   1  2.570000E-03
        27   2  2.570000E-03
        27   3  2.570000E-03
        27   4  2.570000E-03
        27   5  2.570000E-03
        27   6  2.570000E-03
        27   7  2.570000E-03
        27   8  2.570000E-03
        28   1  2.570000E-03
        28   2  2.570000E-03
        28   3  2.570000E-03
        28   4  2.570000E-03
        28   5  2.570000E-03
        28   6  2.570000E-03
        28   7  2.570000E-03
        28   8  2.570000E-03
        29   1  2.570000E-03
        29   2  2.570000E-03
        29   3  2.570000E-03
        29   4  2.570000E-03
        29   5  2.570000E-03
        29   6  2.570000E-03
        29   7  2.570000E-03
        29   8  2.570000E-03
        30   1  2.570000E-03
        30   2  2.570000E-03
        30   3  2.570000E-03
        30   4  2.570000E-03
        30   5  2.570000E-03
        30   6  2.570000E-03
        30   7  2.570000E-03
        30   8  2.570000E-03
        31   1  2.570000E-03
        31   2  2.570000E-03
        31   3  2.570000E-03
        31   4  2.570000E-03
        31   5  2.570000E-03
        31   6  2.570000E-03
        31   7  2.570000E-03
        31   8  2.570000E-03
        32   1  2.570000E-03
        32   2  2.570000E-03
        32   3  2.570000E-03
        32   4  2.570000E-03
        32   5  2.570000E-03
        32   6  2.570000E-03
        32   7  2.570000E-03
        32   8  2.570000E-03
        33   1  2.570000E-03
        33   2  2.570000E-03
        33   3  2.570000E-03
        33   4  2.570000E-03
        33   5  2.570000E-03
        33   6  2.570000E-03
        33   7  2.570000E-03
        33   8  2.570000E-03
        34   1  2.570000E-03
        34   2  2.570000E-03
        34   3  2.570000E-03
        34   4  2.570000E-03
        34   5  2.570000E-03
        34   6  2.570000E-03
        34   7  2.570000E-03
        34   8  2.570000E-03
        35   1  2.570000E-03
        35   2  2.570000E-03
        35   3  2.570000E-03
        35   4  2.570000E-03
        35   5  2.570000E-03
        35   6  2.570000E-03
        35   7  2.570000E-03
        35   8  2.570000E-03
        36   1  2.570000E-03
        36   2  2.570000E-03
        36   3  2.570000E-03
        36   4  2.570000E-03
        36   5  2.570000E-03
        36   6  2.570000E-03
        36   7  2.570000E-03
        36   8  2.570000E-03
        37   1  2.570000E-03
        37   2  2.570000E-03
        37   3  2.570000E-03
        37   4  2.570000E-03
        37   5  2.570000E-03
        37   6  2.570000E-03
        37   7  2.570000E-03
        37   8  2.570000E-03
        38   1  2.570000E-03
        38   2  2.570000E-03
        38   3  2.570000E-03
        38   4  2.570000E-03
        38   5  2.570000E-03
        38   6  2.570000E-03
        38   7  2.570000E-03
        38   8  2.570000E-03
        39   1  2.570000E-03
        39   2  2.570000E-03
        39   3  2.570000E-03
        39   4  2.570000E-03
        39   5  2.570000E-03
        39   6  2.570000E-03
        39   7  2.570000E-03
        39   8  2.570000E-03
        40   1  2.570000E-03
        40   2  2.570000E-03
        40   3  2.570000E-03
        40   4  2.570000E-03
        40   5  2.570000E-03
        40   6  2.570000E-03
        40   7  2.570000E-03
        40   8  2.570000E-03
        41   1  2.047902E-03
        41   2  2.047902E-03
        41   3  2.043282E-03
        41   4  2.043282E-03
        41   5  2.077859E-03
        41   6  2.077859E-03
        41   7  2.072895E-03
        41   8  2.072895E-03
        42   1  2.047902E-03
        42   2  2.047902E-03
        42   3  2.043282E-03
        42   4  2.043282E-03
        42   5  2.077859E-03
        42   6  2.077859E-03
        42   7  2.072895E-03
        42   8  2.072895E-03
        43   1  2.047902E-03
        43   2  2.047902E-03
        43   3  2.043282E-03
        43   4  2.043282E-03
        43   5  2.077859E-03
        43   6  2.077859E-03
        43   7  2.072895E-03
        43   8  2.072895E-03
        44   1  2.047902E-03
        44   2  2.047902E-03
        44   3  2.043282E-03
        44   4  2.043282E-03
        44   5  2.077859E-03
        44   6  2.077859E-03
        44   7  2.072895E-03
        44   8  2.072895E-03
        45   1  2.047902E-03
        45   2  2.047902E-03
        45   3  2.043282E-03
        45   4  2.043282E-03
        45   5  2.077859E-03
        45   6  2.077859E-03
        45   7  2.072895E-03
        45   8  2.072895E-03
        46   1  2.047902E-03
        46   2  2.047902E-03
        46   3  2.043282E-03
        46   4  2.043282E-03
        46   5  2.077859E-03
        46   6  2.077859E-03
        46   7  2.072895E-03
        46   8  2.072895E-03
        47   1  2.047902E-03
        47   2  2.047902E-03
        47   3  2.043282E-03
        47   4  2.043282E-03
        47   5  2.077859E-03
        47   6  2.077859E-03
        47   7  2.072895E-03
        47   8  2.072895E-03
        48   1  2.047902E-03
        48   2  2.047902E-03
        48   3  2.043282E-03
        48   4  2.043282E-03
        48   5  2.077859E-03
        48   6  2.077859E-03
        48   7  2.072895E-03
        48   8  2.072895E-03
        49   1  2.047902E-03
        49   2  2.047902E-03
        49   3  2.043282E-03
        49   4  2.043282E-03
        49   5  2.077859E-03
        49   6  2.077859E-03
        49   7  2.072895E-03
        49   8  2.072895E-03
        50   1  2.047902E-03
        50   2  2.047902E-03
        50   3  2.043282E-03
        50   4  2.043282E-03
        50   5  2.077859E-03
        50   6  2.077859E-03
        50   7  2.072895E-03
        50   8  2.072895E-03
        51   1  2.040882E-03
        51   2  2.040882E-03
        51   3  2.050911E-03
        51   4  2.050911E-03
        51   5  2.086276E-03
        51   6  2.086276E-03
        51   7  2.094839E-03
        51   8  2.094839E-03
        52   1  2.040882E-03
        52   2  2.040882E-03
        52   3  2.050911E-03
        52   4  2.050911E-03
        52   5  2.086276E-03
        52   6  2.086276E-03
        52   7  2.094839E-03
        52   8  2.094839E-03
        53   1  2.040882E-03
        53   2  2.040882E-03
        53   3  2.050911E-03
        53   4  2.050911E-03
        53   5  2.086276E-03
        53   6  2.086276E-03
        53   7  2.094839E-03
        53   8  2.094839E-03
        54   1  2.040882E-03
        54   2  2.040882E-03
        54   3  2.050911E-03
        54   4  2.050911E-03
        54   5  2.086276E-03
        54   6  2.086276E-03
        54   7  2.094839E-03
        54   8  2.094839E-03
        55   1  2.040882E-03
        55   2  2.040882E-03
        55   3  2.050911E-03
        55   4  2.050911E-03
        55   5  2.086276E-03
        55   6  2.086276E-03
        55   7  2.094839E-03
        55   8  2.094839E-03
        56   1  2.040882E-03
        56   2  2.040882E-03
        56   3  2.050911E-03
        56   4  2.050911E-03
        56   5  2.086276E-03
        56   6  2.086276E-03
        56   7  2.094839E-03
        56   8  2.094839E-03
        57   1  2.040882E-03
        57   2  2.040882E-03
        57   3  2.050911E-03
        57   4  2.050911E-03
        57   5  2.086276E-03
        57   6  2.086276E-03
        57   7  2.094839E-03
        57   8  2.094839E-03
        58   1  2.040882E-03
        58   2  2.040882E-03
        58   3  2.050911E-03
        58   4  2.050911E-03
        58   5  2.086276E-03
        58   6  2.086276E-03
        58   7  2.094839E-03
        58   8  2.094839E-03
        59   1  2.040882E-03
        59   2  2.040882E-03
        59   3  2.050911E-03
        59   4  2.050911E-03
        59   5  2.086276E-03
        59   6  2.086276E-03
        59   7  2.094839E-03
        59   8  2.094839E-03
        60   1  2.040882E-03
        60   2  2.040882E-03
        60   3  2.050911E-03
        60   4  2.050911E-03
        60   5  2.086276E-03
        60   6  2.086276E-03
        60   7  2.094839E-03
        60   8  2.094839E-03
        61   1  1.995732E-03
        61   2  1.995732E-03
        61   3  1.976389E-03
        61   4  1.976389E-03
        61   5  2.021440E-03
        61   6  2.021440E-03
        61   7  2.002020E-03
        61   8  2.002020E-03
        62   1  1.995732E-03
        62   2  1.995732E-03
        62   3  1.976389E-03
        62   4  1.976389E-03
        62   5  2.021440E-03
        62   6  2.021440E-03
        62   7  2.002020E-03
        62   8  2.002020E-03
        63   1  1.995732E-03
        63   2  1.995732E-03
        63   3  1.976389E-03
        63   4  1.976389E-03
        63   5  2.021440E-03
        63   6  2.021440E-03
        63   7  2.002020E-03
        63   8  2.002020E-03
        64   1  1.995732E-03
        64   2  1.995732E-03
        64   3  1.976389E-03
        64   4  1.976389E-03
        64   5  2.021440E-03
        64   6  2.021440E-03
        64   7  2.002020E-03
        64   8  2.002020E-03
        65   1  1.995732E-03
        65   2  1.995732E-03
        65   3  1.976389E-03
        65   4  1.976389E-03
        65   5  2.021440E-03
        65   6  2.021440E-03
        65   7  2.002020E-03
        65   8  2.002020E-03
        66   1  1.995732E-03
        66   2  1.995732E-03
        66   3  1.976389E-03
        66   4  1.976389E-03
        66   5  2.021440E-03
        66   6  2.021440E-03
        66   7  2.002020E-03
        66   8  2.002020E-03
        67   1  1.995732E-03
        67   2  1.995732E-03
        67   3  1.976389E-03
        67   4  1.976389E-03
        67   5  2.021440E-03
        67   6  2.021440E-03
        67   7  2.002020E-03
        67   8  2.002020E-03
        68   1  1.995732E-03
        68   2  1.995732E-03
        68   3  1.976389E-03
        68   4  1.976389E-03
        68   5  2.021440E-03
        68   6  2.021440E-03
        68   7  2.002020E-03
        68   8  2.002020E-03
        69   1  1.995732E-03
        69   2  1.995732E-03
        69   3  1.976389E-03
        69   4  1.976389E-03
        69   5  2.021440E-03
        69   6  2.021440E-03
        69   7  2.002020E-03
        69   8  2.002020E-03
        70   1  1.995732E-03
        70   2  1.995732E-03
        70   3  1.976389E-03
        70   4  1.976389E-03
        70   5  2.021440E-03
        70   6  2.021440E-03
        70   7  2.002020E-03
        70   8  2.002020E-03
        71   1  1.998659E-03
        71   2  1.998659E-03
        71   3  1.978278E-03
        71   4  1.978278E-03
        71   5  2.013621E-03
        71   6  2.013621E-03
        71   7  1.993215E-03
        71   8  1.993215E-03
        72   1  1.998659E-03
        72   2  1.998659E-03
        72   3  1.978278E-03
        72   4  1.978278E-03
        72   5  2.013621E-03
        72   6  2.013621E-03
        72   7  1.993215E-03
        72   8  1.993215E-03
        73   1  1.998659E-03
        73   2  1.998659E-03
        73   3  1.978278E-03
        73   4  1.978278E-03
        73   5  2.013621E-03
        73   6  2.013621E-03
        73   7  1.993215E-03
        73   8  1.993215E-03
        74   1  1.998659E-03
        74   2  1.998659E-03
        74   3  1.978278E-03
        74   4  1.978278E-03
        74   5  2.013621E-03
        74   6  2.013621E-03
        74   7  1.993215E-03
        74   8  1.993215E-03
        75   1  1.998659E-03
        75   2  1.998659E-03
        75   3  1.978278E-03
        75   4  1.978278E-03
        75   5  2.013621E-03
        75   6  2.013621E-03
        75   7  1.993215E-03
        75   8  1.993215E-03
        76   1  1.998659E-03
        76   2  1.998659E-03
        76   3  1.978278E-03
        76   4  1.978278E-03
        76   5  2.013621E-03
        76   6  2.013621E-03
        76   7  1.993215E-03
        76   8  1.993215E-03
        77   1  1.998659E-03
        77   2  1.998659E-03
        77   3  1.978278E-03
        77   4  1.978278E-03
        77   5  2.013621E-03
        77   6  2.013621E-03
        77   7  1.993215E-03
        77   8  1.993215E-03
        78   1  1.998659E-03
        78   2  1.998659E-03
        78   3  1.978278E-03
        78   4  1.978278E-03
        78   5  2.013621E-03
        78   6  2.013621E-03
        78   7  1.993215E-03
        78   8  1.993215E-03
        79   1  1.998659E-03
        79   2  1.998659E-03
        79   3  1.978278E-03
        79   4  1.978278E-03
        79   5  2.013621E-03
        79   6  2.013621E-03
        79   7  1.993215E-03
        79   8  1.993215E-03
        80   1  1.998659E-03
        80   2  1.998659E-03
        80   3  1.978278E-03
        80   4  1.978278E-03
        80   5  2.013621E-03
        80   6  2.013621E-03
        80   7  1.993215E-03
        80   8  1.993215E-03

 mechanical strains (elem, integ.pnt.,exx,eyy,ezz,exy,exz,eyz) for set ALLE and time  0.5000000E+01

         1   1 -1.110223E-16 -3.460437E-06  1.559934E-05 -2.777049E-19  6.529928E-19 -9.245197E-06
         1   2 -1.110223E-16 -3.460437E-06  1.559934E-05 -9.594659E-19  3.839498E-18 -9.245197E-06
         1   3 -1.110223E-16 -3.460437E-06  8.068390E-06 -3.541486E-19 -3.214905E-19 -3.262032E-05
         1   4 -1.110223E-16 -3.460437E-06  8.068390E-06 -1.035910E-18  1.634280E-18 -3.262032E-05
         1   5 -1.110223E-16 -2.683528E-05  1.559934E-05  8.347057E-19 -7.492753E-19 -1.112822E-05
         1   6 -1.110223E-16 -2.683528E-05  1.559934E-05 -4.624226E-19  2.437230E-18 -1.112822E-05
         1   7 -1.110223E-16 -2.683528E-05  8.068390E-06  4.410793E-18 -3.155951E-18 -3.450278E-05
         1   8 -1.110223E-16 -2.683528E-05  8.068390E-06  3.113665E-18 -1.200181E-18 -3.450278E-05
         2   1  2.220446E-16 -3.460437E-06  1.559934E-05 -6.569417E-18  5.318669E-18 -9.245197E-06
         2   2  2.220446E-16 -3.460437E-06  1.559934E-05 -1.680532E-17 -4.254822E-18 -9.245197E-06
         2   3  7.846155E-35 -3.460437E-06  8.068390E-06 -1.105571E-17  1.266952E-19 -3.262032E-05
         2   4  7.846155E-35 -3.460437E-06  8.068390E-06 -2.129161E-17 -5.247230E-18 -3.262032E-05
         2   5  3.074202E-34 -2.683528E-05  1.559934E-05 -6.530448E-18  1.434430E-17 -1.112822E-05
         2   6  3.074202E-34 -2.683528E-05  1.559934E-05 -1.466657E-17  4.770813E-18 -1.112822E-05
         2   7  9.413305E-35 -2.683528E-05  8.068390E-06 -1.009670E-17 -3.409220E-18 -3.450278E-05
         2   8  9.413305E-35 -2.683528E-05  8.068390E-06 -1.823282E-17 -8.783146E-18 -3.450278E-05
         3   1  2.699847E-35 -3.460437E-06  1.559934E-05 -8.734527E-18 -6.051193E-18 -9.245197E-06
         3   2  2.699847E-35 -3.460437E-06  1.559934E-05  1.015873E-17  1.227002E-17 -9.245197E-06
         3   3  2.961140E-34 -3.460437E-06  8.068390E-06  1.717795E-19 -1.495494E-18 -3.262032E-05
         3   4  2.961140E-34 -3.460437E-06  8.068390E-06  1.906504E-17  1.007224E-17 -3.262032E-05
         3   5  1.044465E-34 -2.683528E-05  1.559934E-05 -7.163358E-18 -1.068130E-17 -1.112822E-05
         3   6  1.044465E-34 -2.683528E-05  1.559934E-05  8.353162E-18  7.639914E-18 -1.112822E-05
         3   7  3.414194E-34 -2.683528E-05  8.068390E-06  2.386223E-18 -9.719471E-19 -3.450278E-05
         3   8  3.414194E-34 -2.683528E-05  8.068390E-06  1.790274E-17  1.059579E-17 -3.450278E-05
         4   1  6.766304E-35 -3.460437E-06  1.559934E-05  1.421220E-17  1.286862E-17 -9.245197E-06
         4   2  6.766304E-35 -3.460437E-06  1.559934E-05  5.851690E-18  4.330524E-18 -9.245197E-06
         4   3  3.350223E-34 -3.460437E-06  8.068390E-06  2.366017E-17  1.244294E-17 -3.262032E-05
         4   4  3.350223E-34 -3.460437E-06  8.068390E-06  1.529967E-17  5.226744E-18 -3.262032E-05
         4   5  6.169031E-34 -2.683528E-05  1.559934E-05  9.671173E-18  9.133731E-20 -1.112822E-05
         4   6  6.169031E-34 -2.683528E-05  1.559934E-05  1.971615E-18 -8.446758E-18 -1.112822E-05
         4   7  1.324151E-34 -2.683528E-05  8.068390E-06  1.500596E-17  1.509237E-17 -3.450278E-05
         4   8  1.324151E-34 -2.683528E-05  8.068390E-06  7.306400E-18  7.876166E-18 -3.450278E-05
         5   1  9.318979E-36 -3.460437E-06  1.559934E-05  1.099462E-18 -2.978639E-18 -9.245197E-06
         5   2  9.318979E-36 -3.460437E-06  1.559934E-05  7.097739E-19 -2.443312E-17 -9.245197E-06
         5   3  1.017360E-34 -3.460437E-06  8.068390E-06  6.314202E-18 -2.371993E-18 -3.262032E-05
         5   4  1.017360E-34 -3.460437E-06  8.068390E-06  5.924513E-18 -1.230953E-17 -3.262032E-05
         5   5  2.973729E-35 -2.683528E-05  1.559934E-05  1.265025E-20 -5.732493E-18 -1.112822E-05
         5   6  2.973729E-35 -2.683528E-05  1.559934E-05  5.381434E-18 -2.718697E-17 -1.112822E-05
         5   7  2.341343E-35 -2.683528E-05  8.068390E-06  2.326670E-18 -3.330138E-18 -3.450278E-05
         5   8  2.341343E-35 -2.683528E-05  8.068390E-06  7.695453E-18 -1.326767E-17 -3.450278E-05
         6   1  5.339292E-35 -3.460437E-06  1.559934E-05 -2.719746E-18 -2.055639E-17 -9.245197E-06
         6   2  5.339292E-35 -3.460437E-06  1.559934E-05  6.122309E-18  2.384992E-18 -9.245197E-06
         6   3  6.233353E-34 -3.460437E-06  8.068390E-06 -1.532705E-17 -1.217585E-17 -3.262032E-05
         6   4  6.233353E-34 -3.460437E-06  8.068390E-06 -6.484993E-18 -1.344334E-17 -3.262032E-05
         6   5  1.760701E-34 -2.683528E-05  1.559934E-05  1.729702E-18 -1.420603E-17 -1.112822E-05
         6   6  1.760701E-34 -2.683528E-05  1.559934E-05 -1.532680E-18  8.735352E-18 -1.112822E-05
         6   7  7.760644E-34 -2.683528E-05  8.068390E-06 -8.038473E-18 -1.568429E-18 -3.450278E-05
         6   8  7.760644E-34 -2.683528E-05  8.068390E-06 -1.130086E-17 -2.835922E-18 -3.450278E-05
         7   1  7.840299E-35 -3.460437E-06  1.559934E-05  1.227343E-17  1.105442E-17 -9.245197E-06
         7   2  7.840299E-35 -3.460437E-06  1.559934E-05  1.681280E-17  3.716950E-18 -9.245197E-06
         7   3  3.151884E-34 -3.460437E-06  8.068390E-06  3.089832E-18 -1.161069E-17 -3.262032E-05
         7   4  3.151884E-34 -3.460437E-06  8.068390E-06  7.629206E-18  6.546621E-18 -3.262032E-05
         7   5  8.160894E-34 -2.683528E-05  1.559934E-05  2.772166E-18  2.548651E-17 -1.112822E-05
         7   6  8.160894E-34 -2.683528E-05  1.559934E-05  2.005893E-17  1.814904E-17 -1.112822E-05
         7   7  5.463355E-34 -2.683528E-05  8.068390E-06 -9.259080E-18 -1.288502E-17 -3.450278E-05
         7   8  5.463355E-34 -2.683528E-05  8.068390E-06  8.027682E-18  5.272286E-18 -3.450278E-05
         8   1  1.995525E-35 -3.460437E-06  1.559934E-05  1.825593E-17 -4.645910E-18 -9.245197E-06
         8   2  1.995525E-35 -3.460437E-06  1.559934E-05  1.419930E-17  7.345474E-19 -9.245197E-06
         8   3  1.337254E-34 -3.460437E-06  8.068390E-06  1.253233E-17  7.197466E-18 -3.262032E-05
         8   4  1.337254E-34 -3.460437E-06  8.068390E-06  8.475709E-18 -3.913712E-18 -3.262032E-05
         8   5  1.557946E-34 -2.683528E-05  1.559934E-05  2.604228E-17 -1.110449E-17 -1.112822E-05
         8   6  1.557946E-34 -2.683528E-05  1.559934E-05  1.373984E-17 -5.724033E-18 -1.112822E-05
         8   7  1.613812E-34 -2.683528E-05  8.068390E-06  2.537272E-17  6.552843E-19 -3.450278E-05
         8   8  1.613812E-34 -2.683528E-05  8.068390E-06  1.307028E-17 -1.045589E-17 -3.450278E-05
         9   1  3.632548E-35 -3.460437E-06  1.559934E-05  1.090974E-17  5.217994E-18 -9.245197E-06
         9   2  3.632548E-35 -3.460437E-06  1.559934E-05 -6.691873E-18 -3.715703E-18 -9.245197E-06
         9   3  1.990752E-34 -3.460437E-06  8.068390E-06  1.785729E-17 -2.944542E-18 -3.262032E-05
         9   4  1.990752E-34 -3.460437E-06  8.068390E-06  2.556798E-19 -4.130160E-18 -3.262032E-05
         9   5  3.272775E-34 -2.683528E-05  1.559934E-05  5.308535E-18  1.456203E-17 -1.112822E-05
         9   6  3.272775E-34 -2.683528E-05  1.559934E-05 -8.419040E-18  5.628331E-18 -1.112822E-05
         9   7  2.838833E-34 -2.683528E-05  8.068390E-06  7.633585E-18  5.461858E-18 -3.450278E-05
         9   8  2.838833E-34 -2.683528E-05  8.068390E-06 -6.093991E-18  4.276239E-18 -3.450278E-05
        10   1 -1.110223E-16 -3.460437E-06  1.559934E-05 -9.955714E-18 -8.082735E-18 -9.245197E-06
        10   2 -1.110223E-16 -3.460437E-06  1.559934E-05 -9.043045E-19 -2.075062E-18 -9.245197E-06
        10   3  1.618659E-34 -3.460437E-06  8.068390E-06 -3.374503E-18 -5.689918E-18 -3.262032E-05
        10   4  1.618659E-34 -3.460437E-06  8.068390E-06  5.676907E-18 -1.278782E-18 -3.262032E-05
        10   5 -1.110223E-16 -2.683528E-05  1.559934E-05 -7.853777E-18 -7.744125E-18 -1.112822E-05
        10   6 -1.110223E-16 -2.683528E-05  1.559934E-05  3.993653E-19 -1.736453E-18 -1.112822E-05
        10   7  3.290311E-34 -2.683528E-05  8.068390E-06  1.490436E-18 -4.771227E-18 -3.450278E-05
        10   8  3.290311E-34 -2.683528E-05  8.068390E-06  9.743578E-18 -3.600904E-19 -3.450278E-05
        11   1 -1.110223E-16 -3.853302E-06  6.041444E-05 -1.510237E-18 -3.727389E-18 -2.994845E-05
        11   2 -1.110223E-16 -3.853302E-06  6.041444E-05  1.532239E-17 -7.131805E-18 -2.994845E-05
        11   3  1.667778E-33 -3.853302E-06  2.109716E-04 -2.210607E-17 -1.205790E-17 -3.879086E-05
        11   4  1.667778E-33 -3.853302E-06  2.109716E-04 -5.273445E-18 -2.887589E-17 -3.879086E-05
        11   5 -1.110223E-16 -1.269283E-05  6.041444E-05  4.127179E-18 -1.050985E-17  7.687971E-06
        11   6 -1.110223E-16 -1.269283E-05  6.041444E-05  1.425302E-17 -1.391427E-17  7.687971E-06
        11   7  1.442343E-33 -1.269283E-05  2.109716E-04 -1.164399E-17 -2.819525E-17 -1.148690E-06
        11   8  1.442343E-33 -1.269283E-05  2.109716E-04 -1.518154E-18 -4.501324E-17 -1.148690E-06
        12   1  6.696610E-35 -3.853302E-06  6.041444E-05  1.193077E-17 -6.962410E-18 -2.994845E-05
        12   2  6.696610E-35 -3.853302E-06  6.041444E-05 -2.225689E-17 -6.934266E-19 -2.994845E-05
        12   3  6.550324E-35 -3.853302E-06  2.109716E-04  2.029114E-17 -2.113851E-17 -3.879086E-05
        12   4  6.550324E-35 -3.853302E-06  2.109716E-04 -1.389652E-17  1.273992E-17 -3.879086E-05
        12   5  3.312347E-34 -1.269283E-05  6.041444E-05  7.196632E-18 -1.614539E-17  7.687971E-06
        12   6  3.312347E-34 -1.269283E-05  6.041444E-05 -1.318630E-17 -9.876402E-18  7.687971E-06
        12   7  6.160738E-34 -1.269283E-05  2.109716E-04  1.620516E-17 -3.317934E-17 -1.148690E-06
        12   8  6.160738E-34 -1.269283E-05  2.109716E-04 -4.177774E-18  6.990913E-19 -1.148690E-06
        13   1  6.705032E-34 -3.853302E-06  6.041444E-05 -6.850488E-18  6.642870E-18 -2.994845E-05
        13   2  6.705032E-34 -3.853302E-06  6.041444E-05  6.757789E-18  6.525271E-18 -2.994845E-05
        13   3  1.372410E-33 -3.853302E-06  2.109716E-04  8.048181E-19  2.432144E-17 -3.879086E-05
        13   4  1.372410E-33 -3.853302E-06  2.109716E-04  1.441310E-17 -9.676011E-19 -3.879086E-05
        13   5  5.535337E-34 -1.269283E-05  6.041444E-05 -2.052138E-18  1.135842E-17  7.687971E-06
        13   6  5.535337E-34 -1.269283E-05  6.041444E-05 -1.029584E-18  1.124082E-17  7.687971E-06
        13   7  7.429201E-34 -1.269283E-05  2.109716E-04 -5.341935E-18  3.533834E-17 -1.148690E-06
        13   8  7.429201E-34 -1.269283E-05  2.109716E-04 -4.319381E-18  1.004930E-17 -1.148690E-06
        14   1  2.966593E-34 -3.853302E-06  6.041444E-05  7.228416E-18  5.985353E-18 -2.994845E-05
        14   2  2.966593E-34 -3.853302E-06  6.041444E-05  1.172385E-17  4.950396E-18 -2.994845E-05
        14   3  1.079504E-35 -3.853302E-06  2.109716E-04 -4.496911E-18 -1.123144E-17 -3.879086E-05
        14   4  1.079504E-35 -3.853302E-06  2.109716E-04 -1.475122E-21  3.299174E-18 -3.879086E-05
        14   5  3.419580E-34 -1.269283E-05  6.041444E-05  1.195185E-19  1.037541E-17  7.687971E-06
        14   6  3.419580E-34 -1.269283E-05  6.041444E-05  1.239774E-17  9.340449E-18  7.687971E-06
        14   7  8.033480E-34 -1.269283E-05  2.109716E-04  6.611292E-18 -1.751623E-17 -1.148690E-06
        14   8  8.033480E-34 -1.269283E-05  2.109716E-04  1.888952E-17 -2.985615E-18 -1.148690E-06
        15   1  7.038710E-36 -3.853302E-06  6.041444E-05  5.429477E-18 -1.707212E-18 -2.994845E-05
        15   2  7.038710E-36 -3.853302E-06  6.041444E-05  1.247916E-17 -1.159455E-17 -2.994845E-05
        15   3  7.393843E-34 -3.853302E-06  2.109716E-04 -1.500413E-17 -4.997473E-19 -3.879086E-05
        15   4  7.393843E-34 -3.853302E-06  2.109716E-04 -7.954445E-18 -2.176689E-17 -3.879086E-05
        15   5  3.386464E-35 -1.269283E-05  6.041444E-05  4.561273E-18 -4.587481E-18  7.687971E-06
        15   6  3.386464E-35 -1.269283E-05  6.041444E-05  5.921054E-18 -1.447482E-17  7.687971E-06
        15   7  8.447912E-34 -1.269283E-05  2.109716E-04 -9.688322E-18 -1.041587E-17 -1.148690E-06
        15   8  8.447912E-34 -1.269283E-05  2.109716E-04 -8.328541E-18 -3.168301E-17 -1.148690E-06
        16   1  5.697895E-34 -3.853302E-06  6.041444E-05  4.337200E-19 -1.078351E-17 -2.994845E-05
        16   2  5.697895E-34 -3.853302E-06  6.041444E-05  8.339646E-18 -1.651142E-17 -2.994845E-05
        16   3  1.362491E-34 -3.853302E-06  2.109716E-04  1.646807E-17 -1.536103E-17 -3.879086E-05
        16   4  1.362491E-34 -3.853302E-06  2.109716E-04  2.437399E-17 -9.066159E-18 -3.879086E-05
        16   5  1.320947E-33 -1.269283E-05  6.041444E-05 -2.880624E-18  4.166227E-18  7.687971E-06
        16   6  1.320947E-33 -1.269283E-05  6.041444E-05  1.103669E-17 -1.561686E-18  7.687971E-06
        16   7  2.186571E-33 -1.269283E-05  2.109716E-04  7.101234E-19  7.196400E-18 -1.148690E-06
        16   8  2.186571E-33 -1.269283E-05  2.109716E-04  1.462744E-17  1.349127E-17 -1.148690E-06
        17   1  5.186813E-34 -3.853302E-06  6.041444E-05  6.866847E-18 -1.601410E-17 -2.994845E-05
        17   2  5.186813E-34 -3.853302E-06  6.041444E-05 -4.818776E-18  9.398093E-18 -2.994845E-05
        17   3  5.538462E-34 -3.853302E-06  2.109716E-04  6.458044E-18 -5.379748E-18 -3.879086E-05
        17   4  5.538462E-34 -3.853302E-06  2.109716E-04 -5.227579E-18  1.435838E-17 -3.879086E-05
        17   5  7.863999E-34 -1.269283E-05  6.041444E-05  7.131394E-18 -1.939114E-17  7.687971E-06
        17   6  7.863999E-34 -1.269283E-05  6.041444E-05 -7.391262E-18  6.021051E-18  7.687971E-06
        17   7  6.139503E-34 -1.269283E-05  2.109716E-04  1.138484E-17  1.209714E-18 -1.148690E-06
        17   8  6.139503E-34 -1.269283E-05  2.109716E-04 -3.137811E-18  2.094784E-17 -1.148690E-06
        18   1  2.036227E-34 -3.853302E-06  6.041444E-05 -3.110691E-18  1.003561E-17 -2.994845E-05
        18   2  2.036227E-34 -3.853302E-06  6.041444E-05 -4.268793E-18 -8.931860E-18 -2.994845E-05
        18   3  1.989584E-34 -3.853302E-06  2.109716E-04 -2.384404E-18  5.947145E-18 -3.879086E-05
        18   4  1.989584E-34 -3.853302E-06  2.109716E-04 -3.542507E-18 -1.799249E-17 -3.879086E-05
        18   5  2.694413E-34 -1.269283E-05  6.041444E-05  1.640322E-18  1.957713E-18  7.687971E-06
        18   6  2.694413E-34 -1.269283E-05  6.041444E-05 -2.003861E-18 -1.700976E-17  7.687971E-06
        18   7  7.655977E-34 -1.269283E-05  2.109716E-04 -5.033096E-18 -6.244088E-18 -1.148690E-06
        18   8  7.655977E-34 -1.269283E-05  2.109716E-04 -8.677279E-18 -3.018372E-17 -1.148690E-06
        19   1  2.892857E-34 -3.853302E-06  6.041444E-05  1.113615E-17 -7.262831E-18 -2.994845E-05
        19   2  2.892857E-34 -3.853302E-06  6.041444E-05 -2.586105E-18 -3.752471E-18 -2.994845E-05
        19   3  2.959561E-34 -3.853302E-06  2.109716E-04  8.870029E-18 -1.089706E-17 -3.879086E-05
        19   4  2.959561E-34 -3.853302E-06  2.109716E-04 -4.852226E-18 -2.305125E-18 -3.879086E-05
        19   5  6.047698E-34 -1.269283E-05  6.041444E-05  2.191171E-18  4.682356E-18  7.687971E-06
        19   6  6.047698E-34 -1.269283E-05  6.041444E-05 -8.990296E-18  8.192716E-18  7.687971E-06
        19   7  2.158350E-33 -1.269283E-05  2.109716E-04  7.625460E-18  1.164698E-17 -1.148690E-06
        19   8  2.158350E-33 -1.269283E-05  2.109716E-04 -3.556007E-18  2.023891E-17 -1.148690E-06
        20   1  1.611635E-34 -3.853302E-06  6.041444E-05 -5.955220E-18 -6.693488E-18 -2.994845E-05
        20   2  1.611635E-34 -3.853302E-06  6.041444E-05  4.906474E-18 -2.745330E-18 -2.994845E-05
        20   3  7.960885E-35 -3.853302E-06  2.109716E-04 -1.283175E-17 -1.182955E-17 -3.879086E-05
        20   4  7.960885E-35 -3.853302E-06  2.109716E-04 -1.970054E-18 -7.549740E-18 -3.879086E-05
        20   5  4.218655E-34 -1.269283E-05  6.041444E-05 -1.374799E-18 -1.024489E-17  7.687971E-06
        20   6  4.218655E-34 -1.269283E-05  6.041444E-05  9.652721E-18 -6.296727E-18  7.687971E-06
        20   7  1.091485E-33 -1.269283E-05  2.109716E-04 -8.195125E-18 -2.817955E-17 -1.148690E-06
        20   8  1.091485E-33 -1.269283E-05  2.109716E-04  2.832396E-18 -2.389974E-17 -1.148690E-06
        21   1 -1.110223E-16 -5.277922E-05  6.071284E-05  2.549420E-18  8.029085E-18 -2.151133E-05
        21   2 -1.110223E-16 -5.277922E-05  6.071284E-05  1.105461E-18  2.663558E-17 -2.151133E-05
        21   3 -1.110223E-16 -5.277922E-05  5.130943E-05  1.095669E-17  5.495981E-19 -6.901661E-05
        21   4 -1.110223E-16 -5.277922E-05  5.130943E-05  9.512729E-18  1.958453E-17 -6.901661E-05
        21   5  3.365372E-34 -1.002834E-04  6.071284E-05  6.120362E-18  1.799512E-17 -2.386332E-05
        21   6  3.365372E-34 -1.002834E-04  6.071284E-05  4.890623E-18  3.660162E-17 -2.386332E-05
        21   7  1.425367E-33 -1.002834E-04  5.130943E-05  2.407763E-17 -3.570157E-18 -7.136633E-05
        21   8  1.425367E-33 -1.002834E-04  5.130943E-05  2.284790E-17  1.546478E-17 -7.136633E-05
        22   1  1.004761E-34 -5.277922E-05  6.071284E-05 -6.487283E-18  2.851830E-17 -2.151133E-05
        22   2  1.004761E-34 -5.277922E-05  6.071284E-05 -1.363259E-17 -6.152013E-19 -2.151133E-05
        22   3  1.888965E-34 -5.277922E-05  5.130943E-05 -1.023212E-17  1.448777E-17 -6.901661E-05
        22   4  1.888965E-34 -5.277922E-05  5.130943E-05 -1.737743E-17 -1.343141E-17 -6.901661E-05
        22   5  5.685525E-34 -1.002834E-04  6.071284E-05 -6.408190E-18  4.808106E-18 -2.386332E-05
        22   6  5.685525E-34 -1.002834E-04  6.071284E-05 -1.294634E-17 -2.432539E-17 -2.386332E-05
        22   7  4.972196E-34 -1.002834E-04  5.130943E-05 -1.156953E-17  8.645739E-18 -7.136633E-05
        22   8  4.972196E-34 -1.002834E-04  5.130943E-05 -1.810768E-17 -1.927344E-17 -7.136633E-05
        23   1  1.196001E-34 -5.277922E-05  6.071284E-05 -6.164948E-18 -1.642678E-17 -2.151133E-05
        23   2  1.196001E-34 -5.277922E-05  6.071284E-05  6.627886E-18  6.541989E-18 -2.151133E-05
        23   3  4.526120E-34 -5.277922E-05  5.130943E-05  4.844577E-18 -1.028517E-17 -6.901661E-05
        23   4  4.526120E-34 -5.277922E-05  5.130943E-05  1.763741E-17  4.554579E-18 -6.901661E-05
        23   5  7.001221E-35 -1.002834E-04  6.071284E-05 -5.006789E-18 -1.254844E-17 -2.386332E-05
        23   6  7.001221E-35 -1.002834E-04  6.071284E-05  3.721538E-18  1.042032E-17 -2.386332E-05
        23   7  7.959651E-34 -1.002834E-04  5.130943E-05  9.342217E-18 -1.365713E-17 -7.136633E-05
        23   8  7.959651E-34 -1.002834E-04  5.130943E-05  1.807054E-17  1.182623E-18 -7.136633E-05
        24   1  1.910512E-34 -5.277922E-05  6.071284E-05  6.453817E-18  2.770914E-18 -2.151133E-05
        24   2  1.910512E-34 -5.277922E-05  6.071284E-05  2.171823E-18 -2.190657E-17 -2.151133E-05
        24   3  9.350837E-35 -5.277922E-05  5.130943E-05  8.474599E-18  1.388922E-17 -6.901661E-05
        24   4  9.350837E-35 -5.277922E-05  5.130943E-05  4.192605E-18  6.563756E-18 -6.901661E-05
        24   5 -1.110223E-16 -1.002834E-04  6.071284E-05  2.202682E-18  3.660914E-17 -2.386332E-05
        24   6 -1.110223E-16 -1.002834E-04  6.071284E-05  6.596698E-18  1.193165E-17 -2.386332E-05
        24   7 -1.110223E-16 -1.002834E-04  5.130943E-05 -7.191167E-19  1.844652E-17 -7.136633E-05
        24   8 -1.110223E-16 -1.002834E-04  5.130943E-05  3.674899E-18  1.112106E-17 -7.136633E-05
        25   1  2.035852E-34 -5.277922E-05  6.071284E-05  1.447862E-18 -2.540525E-17 -2.151133E-05
        25   2  2.035852E-34 -5.277922E-05  6.071284E-05  3.989139E-18 -9.405452E-18 -2.151133E-05
        25   3  3.547901E-35 -5.277922E-05  5.130943E-05  3.233682E-18 -9.820970E-18 -6.901661E-05
        25   4  3.547901E-35 -5.277922E-05  5.130943E-05  5.774959E-18 -2.078791E-17 -6.901661E-05
        25   5  1.207517E-33 -1.002834E-04  6.071284E-05  6.456836E-18 -3.988088E-17 -2.386332E-05
        25   6  1.207517E-33 -1.002834E-04  6.071284E-05 -4.485254E-18 -2.388108E-17 -2.386332E-05
        25   7  1.762960E-34 -1.002834E-04  5.130943E-05  9.693660E-18 -1.466862E-17 -7.136633E-05
        25   8  1.762960E-34 -1.002834E-04  5.130943E-05 -1.248429E-18 -2.563556E-17 -7.136633E-05
        26   1  2.294723E-34 -5.277922E-05  6.071284E-05  1.356184E-19  1.198648E-17 -2.151133E-05
        26   2  2.294723E-34 -5.277922E-05  6.071284E-05 -3.397157E-18 -1.298774E-18 -2.151133E-05
        26   3  8.480339E-34 -5.277922E-05  5.130943E-05 -7.614808E-18 -2.472645E-19 -6.901661E-05
        26   4  8.480339E-34 -5.277922E-05  5.130943E-05 -1.114758E-17  9.198910E-18 -6.901661E-05
        26   5  1.513632E-34 -1.002834E-04  6.071284E-05 -8.669335E-18  1.015610E-17 -2.386332E-05
        26   6  1.513632E-34 -1.002834E-04  6.071284E-05 -8.363980E-19 -3.129146E-18 -2.386332E-05
        26   7  5.902974E-34 -1.002834E-04  5.130943E-05 -1.374265E-17 -2.189662E-18 -7.136633E-05
        26   8  5.902974E-34 -1.002834E-04  5.130943E-05 -5.909710E-18  7.256513E-18 -7.136633E-05
        27   1  1.368088E-33 -5.277922E-05  6.071284E-05  4.848452E-19  1.093359E-17 -2.151133E-05
        27   2  1.368088E-33 -5.277922E-05  6.071284E-05  2.011264E-17  1.563742E-17 -2.151133E-05
        27   3  6.592055E-34 -5.277922E-05  5.130943E-05 -1.275378E-17 -9.515264E-18 -6.901661E-05
        27   4  6.592055E-34 -5.277922E-05  5.130943E-05  6.874011E-18 -1.751459E-17 -6.901661E-05
        27   5  1.576798E-33 -1.002834E-04  6.071284E-05  3.737498E-18  1.286008E-17 -2.386332E-05
        27   6  1.576798E-33 -1.002834E-04  6.071284E-05  1.701371E-17  1.756391E-17 -2.386332E-05
        27   7  6.995967E-34 -1.002834E-04  5.130943E-05 -9.952213E-18 -7.808748E-18 -7.136633E-05
        27   8  6.995967E-34 -1.002834E-04  5.130943E-05  3.323998E-18 -1.580808E-17 -7.136633E-05
        28   1  2.093564E-34 -5.277922E-05  6.071284E-05  2.693273E-17 -1.450759E-17 -2.151133E-05
        28   2  2.093564E-34 -5.277922E-05  6.071284E-05  1.284196E-17 -3.393543E-18 -2.151133E-05
        28   3  5.529066E-35 -5.277922E-05  5.130943E-05  2.678743E-17 -1.758879E-17 -6.901661E-05
        28   4  5.529066E-35 -5.277922E-05  5.130943E-05  1.269667E-17  2.453229E-19 -6.901661E-05
        28   5  1.199363E-34 -1.002834E-04  6.071284E-05  2.158098E-17 -1.189704E-17 -2.386332E-05
        28   6  1.199363E-34 -1.002834E-04  6.071284E-05  1.085024E-17 -7.829946E-19 -2.386332E-05
        28   7  3.104068E-34 -1.002834E-04  5.130943E-05  1.781350E-17 -9.862944E-19 -7.136633E-05
        28   8  3.104068E-34 -1.002834E-04  5.130943E-05  7.082770E-18  1.684782E-17 -7.136633E-05
        29   1  4.834606E-34 -5.277922E-05  6.071284E-05  3.408903E-18  2.092847E-17 -2.151133E-05
        29   2  4.834606E-34 -5.277922E-05  6.071284E-05 -9.128699E-18  5.836186E-18 -2.151133E-05
        29   3  5.467399E-34 -5.277922E-05  5.130943E-05  4.120365E-18  2.255325E-17 -6.901661E-05
        29   4  5.467399E-34 -5.277922E-05  5.130943E-05 -8.417237E-18  6.215028E-18 -6.901661E-05
        29   5  3.811253E-34 -1.002834E-04  6.071284E-05  3.819361E-18  1.918315E-17 -2.386332E-05
        29   6  3.811253E-34 -1.002834E-04  6.071284E-05 -9.341212E-18  4.090872E-18 -2.386332E-05
        29   7  9.555464E-34 -1.002834E-04  5.130943E-05  4.747512E-18  2.786946E-17 -7.136633E-05
        29   8  9.555464E-34 -1.002834E-04  5.130943E-05 -8.413060E-18  1.153124E-17 -7.136633E-05
        30   1 -1.110223E-16 -5.277922E-05  6.071284E-05 -7.599772E-18 -5.358190E-18 -2.151133E-05
        30   2 -1.110223E-16 -5.277922E-05  6.071284E-05  4.707324E-19  3.437392E-18 -2.151133E-05
        30   3  3.344751E-34 -5.277922E-05  5.130943E-05  1.756522E-18 -1.086827E-17 -6.901661E-05
        30   4  3.344751E-34 -5.277922E-05  5.130943E-05  9.827027E-18 -1.474100E-18 -6.901661E-05
        30   5  1.091969E-33 -1.002834E-04  6.071284E-05 -9.007999E-18  1.122638E-17 -2.386332E-05
        30   6  1.091969E-33 -1.002834E-04  6.071284E-05 -6.382007E-19  2.002196E-17 -2.386332E-05
        30   7  1.817771E-34 -1.002834E-04  5.130943E-05 -2.381216E-18 -9.845365E-18 -7.136633E-05
        30   8  1.817771E-34 -1.002834E-04  5.130943E-05  5.988583E-18 -4.511945E-19 -7.136633E-05
        31   1 -1.110223E-16 -5.375962E-05  9.239497E-05  1.073424E-17 -1.155978E-17 -4.379941E-05
        31   2 -1.110223E-16 -5.375962E-05  9.239497E-05  1.464326E-17  1.080500E-19 -4.379941E-05
        31   3  2.350211E-33 -5.375962E-05  2.140792E-04 -3.629192E-18 -3.716322E-17 -1.471577E-04
        31   4  2.350211E-33 -5.375962E-05  2.140792E-04  2.798338E-19 -4.605112E-17 -1.471577E-04
        31   5  2.755523E-33 -1.571107E-04  9.239497E-05  2.315138E-17 -2.271759E-17 -1.338554E-05
        31   6  2.755523E-33 -1.571107E-04  9.239497E-05  1.678255E-17 -1.104975E-17 -1.338554E-05
        31   7 -1.110223E-16 -1.571107E-04  2.140792E-04  7.793828E-18 -5.346703E-17 -1.167295E-04
        31   8 -1.110223E-16 -1.571107E-04  2.140792E-04  1.424990E-18 -6.235492E-17 -1.167295E-04
        32   1  5.059815E-34 -5.375962E-05  9.239497E-05  2.308588E-18  6.047584E-19 -4.379941E-05
        32   2  5.059815E-34 -5.375962E-05  9.239497E-05 -4.502223E-18 -9.831475E-18 -4.379941E-05
        32   3  1.106641E-33 -5.375962E-05  2.140792E-04  1.465516E-17 -2.329295E-17 -1.471577E-04
        32   4  1.106641E-33 -5.375962E-05  2.140792E-04  7.844347E-18  1.282082E-17 -1.471577E-04
        32   5  4.814468E-34 -1.571107E-04  9.239497E-05 -6.315752E-18  9.281965E-19 -1.338554E-05
        32   6  4.814468E-34 -1.571107E-04  9.239497E-05  1.014843E-17 -9.508037E-18 -1.338554E-05
        32   7  1.713907E-33 -1.571107E-04  2.140792E-04  1.450308E-17 -2.400869E-17 -1.167295E-04
        32   8  1.713907E-33 -1.571107E-04  2.140792E-04  3.096726E-17  1.210507E-17 -1.167295E-04
        33   1  4.468324E-34 -5.375962E-05  9.239497E-05  5.723381E-18  5.964800E-18 -4.379941E-05
        33   2  4.468324E-34 -5.375962E-05  9.239497E-05 -4.169909E-18  5.210824E-18 -4.379941E-05
        33   3  2.032315E-34 -5.375962E-05  2.140792E-04 -7.121137E-18  4.422826E-17 -1.471577E-04
        33   4  2.032315E-34 -5.375962E-05  2.140792E-04 -1.701443E-17  9.000446E-18 -1.471577E-04
        33   5  5.240270E-34 -1.571107E-04  9.239497E-05  2.216115E-17 -5.116319E-18 -1.338554E-05
        33   6  5.240270E-34 -1.571107E-04  9.239497E-05 -4.969057E-18 -5.870295E-18 -1.338554E-05
        33   7  8.039547E-34 -1.571107E-04  2.140792E-04 -5.822119E-18  1.933021E-17 -1.167295E-04
        33   8  8.039547E-34 -1.571107E-04  2.140792E-04 -3.295233E-17 -1.589760E-17 -1.167295E-04
        34   1  3.245914E-34 -5.375962E-05  9.239497E-05 -6.151833E-18  8.899739E-18 -4.379941E-05
        34   2  3.245914E-34 -5.375962E-05  9.239497E-05  9.927688E-18  9.830753E-18 -4.379941E-05
        34   3  1.627320E-33 -5.375962E-05  2.140792E-04  1.193122E-17 -1.585570E-17 -1.471577E-04
        34   4  1.627320E-33 -5.375962E-05  2.140792E-04  2.801074E-17 -9.719588E-18 -1.471577E-04
        34   5  2.152073E-34 -1.571107E-04  9.239497E-05 -1.617476E-17  9.258093E-18 -1.338554E-05
        34   6  2.152073E-34 -1.571107E-04  9.239497E-05  2.507309E-18  1.018911E-17 -1.338554E-05
        34   7  3.282580E-33 -1.571107E-04  2.140792E-04  1.537181E-17  2.304174E-18 -1.167295E-04
        34   8  3.282580E-33 -1.571107E-04  2.140792E-04  3.405388E-17  8.440289E-18 -1.167295E-04
        35   1  3.142104E-35 -5.375962E-05  9.239497E-05  4.567953E-18 -7.955053E-18 -4.379941E-05
        35   2  3.142104E-35 -5.375962E-05  9.239497E-05  5.161048E-18 -2.616057E-17 -4.379941E-05
        35   3  6.113894E-34 -5.375962E-05  2.140792E-04 -7.542561E-18 -1.843391E-17 -1.471577E-04
        35   4  6.113894E-34 -5.375962E-05  2.140792E-04 -6.949466E-18 -2.944888E-17 -1.471577E-04
        35   5 -1.110223E-16 -1.571107E-04  9.239497E-05  5.449748E-18 -4.522288E-18 -1.338554E-05
        35   6 -1.110223E-16 -1.571107E-04  9.239497E-05  9.638120E-18 -2.272781E-17 -1.338554E-05
        35   7  3.129801E-34 -1.571107E-04  2.140792E-04 -6.968008E-18 -2.012443E-18 -1.167295E-04
        35   8  3.129801E-34 -1.571107E-04  2.140792E-04 -2.779637E-18 -1.302741E-17 -1.167295E-04
        36   1  1.533489E-33 -5.375962E-05  9.239497E-05 -2.255338E-18  5.139902E-19 -4.379941E-05
        36   2  1.533489E-33 -5.375962E-05  9.239497E-05  1.334943E-17  1.725470E-17 -4.379941E-05
        36   3  2.707540E-33 -5.375962E-05  2.140792E-04 -5.706356E-18  1.481761E-17 -1.471577E-04
        36   4  2.707540E-33 -5.375962E-05  2.140792E-04  9.898413E-18  2.875592E-17 -1.471577E-04
        36   5  8.833503E-34 -1.571107E-04  9.239497E-05  2.769102E-18 -6.098228E-18 -1.338554E-05
        36   6  8.833503E-34 -1.571107E-04  9.239497E-05  1.697268E-17  1.064248E-17 -1.338554E-05
        36   7  1.364530E-33 -1.571107E-04  2.140792E-04 -7.482651E-18 -4.442574E-18 -1.167295E-04
        36   8  1.364530E-33 -1.571107E-04  2.140792E-04  6.720923E-18  9.495743E-18 -1.167295E-04
        37   1  9.865555E-34 -5.375962E-05  9.239497E-05  7.266188E-18 -9.353014E-18 -4.379941E-05
        37   2  9.865555E-34 -5.375962E-05  9.239497E-05 -6.570490E-18 -1.855321E-17 -4.379941E-05
        37   3  7.811671E-34 -5.375962E-05  2.140792E-04  1.141964E-17  1.154505E-17 -1.471577E-04
        37   4  7.811671E-34 -5.375962E-05  2.140792E-04 -2.417037E-18  1.176717E-17 -1.471577E-04
        37   5  1.224400E-33 -1.571107E-04  9.239497E-05  7.369631E-18 -9.470141E-18 -1.338554E-05
        37   6  1.224400E-33 -1.571107E-04  9.239497E-05 -1.755886E-18 -1.867034E-17 -1.338554E-05
        37   7  1.274934E-33 -1.571107E-04  2.140792E-04  6.572450E-18  6.654908E-18 -1.167295E-04
        37   8  1.274934E-33 -1.571107E-04  2.140792E-04 -2.553067E-18  6.877032E-18 -1.167295E-04
        38   1  7.045874E-35 -5.375962E-05  9.239497E-05  4.410227E-18 -1.784294E-17 -4.379941E-05
        38   2  7.045874E-35 -5.375962E-05  9.239497E-05 -5.079750E-18 -7.420770E-18 -4.379941E-05
        38   3  3.517735E-34 -5.375962E-05  2.140792E-04 -8.649689E-20 -1.546139E-17 -1.471577E-04
        38   4  3.517735E-34 -5.375962E-05  2.140792E-04 -9.576474E-18 -3.200907E-17 -1.471577E-04
        38   5  6.147992E-34 -1.571107E-04  9.239497E-05  7.228225E-18  5.009908E-18 -1.338554E-05
        38   6  6.147992E-34 -1.571107E-04  9.239497E-05 -1.574668E-17  1.543208E-17 -1.338554E-05
        38   7  4.735435E-34 -1.571107E-04  2.140792E-04  1.607941E-17  1.049868E-17 -1.167295E-04
        38   8  4.735435E-34 -1.571107E-04  2.140792E-04 -6.895498E-18 -6.049002E-18 -1.167295E-04
        39   1  8.313456E-34 -5.375962E-05  9.239497E-05 -5.788101E-18  1.812846E-17 -4.379941E-05
        39   2  8.313456E-34 -5.375962E-05  9.239497E-05 -1.306766E-17  7.278023E-18 -4.379941E-05
        39   3  1.860320E-33 -5.375962E-05  2.140792E-04  4.928064E-19  4.406121E-18 -1.471577E-04
        39   4  1.860320E-33 -5.375962E-05  2.140792E-04 -6.786750E-18  9.794549E-18 -1.471577E-04
        39   5  6.864218E-34 -1.571107E-04  9.239497E-05 -1.864505E-17  1.647358E-17 -1.338554E-05
        39   6  6.864218E-34 -1.571107E-04  9.239497E-05 -1.780518E-17  5.623152E-18 -1.338554E-05
        39   7  1.851587E-35 -1.571107E-04  2.140792E-04 -1.775103E-17 -2.336244E-17 -1.167295E-04
        39   8  1.851587E-35 -1.571107E-04  2.140792E-04 -1.691116E-17 -1.797401E-17 -1.167295E-04
        40   1  5.019927E-34 -5.375962E-05  9.239497E-05 -2.244699E-20 -1.778633E-17 -4.379941E-05
        40   2  5.019927E-34 -5.375962E-05  9.239497E-05  1.110145E-17 -8.101691E-18 -4.379941E-05
        40   3  9.303129E-34 -5.375962E-05  2.140792E-04 -2.845765E-18 -3.118438E-17 -1.471577E-04
        40   4  9.303129E-34 -5.375962E-05  2.140792E-04  8.278136E-18 -2.130476E-17 -1.471577E-04
        40   5  4.159384E-34 -1.571107E-04  9.239497E-05 -9.111208E-19 -1.342267E-17 -1.338554E-05
        40   6  4.159384E-34 -1.571107E-04  9.239497E-05  1.031027E-17 -3.738040E-18 -1.338554E-05
        40   7  1.267172E-33 -1.571107E-04  2.140792E-04  7.126732E-18 -2.132836E-18 -1.167295E-04
        40   8  1.267172E-33 -1.571107E-04  2.140792E-04  1.834812E-17  7.746776E-18 -1.167295E-04
        41   1  2.385431E-03 -4.668031E-04 -1.631248E-03  3.013381E-18  4.680167E-17 -6.983193E-05
        41   2  2.385431E-03 -4.668031E-04 -1.631248E-03  1.967401E-17  8.897979E-17 -6.983193E-05
        41   3  2.385431E-03 -4.668031E-04 -1.586367E-03 -5.486787E-18  2.094524E-17 -2.514638E-04
        41   4  2.385431E-03 -4.668031E-04 -1.586367E-03  1.117384E-17  5.167921E-17 -2.514638E-04
        41   5  2.385431E-03 -6.481367E-04 -1.631248E-03  6.415508E-19  2.258064E-17 -5.890995E-05
        41   6  2.385431E-03 -6.481367E-04 -1.631248E-03  1.158009E-17  6.475877E-17 -5.890995E-05
        41   7  2.385431E-03 -6.481367E-04 -1.586367E-03 -8.634809E-18  3.737565E-17 -2.399453E-04
        41   8  2.385431E-03 -6.481367E-04 -1.586367E-03  2.303734E-18  6.810962E-17 -2.399453E-04
        42   1  2.385431E-03 -4.668031E-04 -1.631248E-03  1.510833E-17  2.132203E-17 -6.983193E-05
        42   2  2.385431E-03 -4.668031E-04 -1.631248E-03  4.552822E-19 -3.957593E-17 -6.983193E-05
        42   3  2.385431E-03 -4.668031E-04 -1.586367E-03 -7.776019E-18  3.755169E-17 -2.514638E-04
        42   4  2.385431E-03 -4.668031E-04 -1.586367E-03 -2.242907E-17  9.470371E-18 -2.514638E-04
        42   5  2.385431E-03 -6.481367E-04 -1.631248E-03  1.339235E-17  2.484838E-17 -5.890995E-05
        42   6  2.385431E-03 -6.481367E-04 -1.631248E-03  1.514762E-17 -3.604958E-17 -5.890995E-05
        42   7  2.385431E-03 -6.481367E-04 -1.586367E-03 -3.627568E-18  3.038480E-17 -2.399453E-04
        42   8  2.385431E-03 -6.481367E-04 -1.586367E-03 -1.872297E-18  2.303482E-18 -2.399453E-04
        43   1  2.385431E-03 -4.668031E-04 -1.631248E-03  1.801439E-18 -2.636236E-17 -6.983193E-05
        43   2  2.385431E-03 -4.668031E-04 -1.631248E-03  1.190351E-18 -4.665426E-17 -6.983193E-05
        43   3  2.385431E-03 -4.668031E-04 -1.586367E-03 -2.232361E-18 -2.554169E-17 -2.514638E-04
        43   4  2.385431E-03 -4.668031E-04 -1.586367E-03 -2.843450E-18 -5.366411E-17 -2.514638E-04
        43   5  2.385431E-03 -6.481367E-04 -1.631248E-03  1.821683E-17 -9.528520E-18 -5.890995E-05
        43   6  2.385431E-03 -6.481367E-04 -1.631248E-03  1.369048E-17 -2.982042E-17 -5.890995E-05
        43   7  2.385431E-03 -6.481367E-04 -1.586367E-03  1.247103E-17 -1.159568E-17 -2.399453E-04
        43   8  2.385431E-03 -6.481367E-04 -1.586367E-03  7.944682E-18 -3.971810E-17 -2.399453E-04
        44   1  2.385431E-03 -4.668031E-04 -1.631248E-03  1.826400E-18 -3.274228E-17 -6.983193E-05
        44   2  2.385431E-03 -4.668031E-04 -1.631248E-03  4.385619E-18  1.616805E-17 -6.983193E-05
        44   3  2.385431E-03 -4.668031E-04 -1.586367E-03 -2.435452E-18 -3.377151E-17 -2.514638E-04
        44   4  2.385431E-03 -4.668031E-04 -1.586367E-03  1.237664E-19 -2.025773E-17 -2.514638E-04
        44   5  2.385431E-03 -6.481367E-04 -1.631248E-03  9.984513E-18 -4.873452E-17 -5.890995E-05
        44   6  2.385431E-03 -6.481367E-04 -1.631248E-03 -5.154543E-18  1.758098E-19 -5.890995E-05
        44   7  2.385431E-03 -6.481367E-04 -1.586367E-03  1.393279E-17 -5.017640E-17 -2.399453E-04
        44   8  2.385431E-03 -6.481367E-04 -1.586367E-03 -1.206270E-18 -3.666262E-17 -2.399453E-04
        45   1  2.385431E-03 -4.668031E-04 -1.631248E-03  9.200317E-18  1.760357E-17 -6.983193E-05
        45   2  2.385431E-03 -4.668031E-04 -1.631248E-03  5.748864E-18  3.104185E-17 -6.983193E-05
        45   3  2.385431E-03 -4.668031E-04 -1.586367E-03  1.900803E-17  7.224564E-19 -2.514638E-04
        45   4  2.385431E-03 -4.668031E-04 -1.586367E-03  1.555658E-17  2.791256E-17 -2.514638E-04
        45   5  2.385431E-03 -6.481367E-04 -1.631248E-03 -8.017392E-18  2.973633E-17 -5.890995E-05
        45   6  2.385431E-03 -6.481367E-04 -1.631248E-03 -4.592933E-18  4.317460E-17 -5.890995E-05
        45   7  2.385431E-03 -6.481367E-04 -1.586367E-03 -1.987392E-19  2.275762E-17 -2.399453E-04
        45   8  2.385431E-03 -6.481367E-04 -1.586367E-03  3.225720E-18  4.994772E-17 -2.399453E-04
        46   1  2.385431E-03 -4.668031E-04 -1.631248E-03  2.168176E-18  3.658341E-17 -6.983193E-05
        46   2  2.385431E-03 -4.668031E-04 -1.631248E-03  1.134919E-18  1.241183E-17 -6.983193E-05
        46   3  2.385431E-03 -4.668031E-04 -1.586367E-03  6.755666E-18  3.983246E-17 -2.514638E-04
        46   4  2.385431E-03 -4.668031E-04 -1.586367E-03  5.722409E-18  6.136235E-17 -2.514638E-04
        46   5  2.385431E-03 -6.481367E-04 -1.631248E-03  1.022833E-18  4.895476E-17 -5.890995E-05
        46   6  2.385431E-03 -6.481367E-04 -1.631248E-03  2.284031E-17  2.478318E-17 -5.890995E-05
        46   7  2.385431E-03 -6.481367E-04 -1.586367E-03 -1.110802E-18  3.245743E-17 -2.399453E-04
        46   8  2.385431E-03 -6.481367E-04 -1.586367E-03  2.070667E-17  5.398732E-17 -2.399453E-04
        47   1  2.385431E-03 -4.668031E-04 -1.631248E-03 -6.254924E-19  1.302323E-17 -6.983193E-05
        47   2  2.385431E-03 -4.668031E-04 -1.631248E-03  5.548987E-18  1.376563E-17 -6.983193E-05
        47   3  2.385431E-03 -4.668031E-04 -1.586367E-03 -5.989536E-18  3.019924E-17 -2.514638E-04
        47   4  2.385431E-03 -4.668031E-04 -1.586367E-03  1.849434E-19 -3.146315E-17 -2.514638E-04
        47   5  2.385431E-03 -6.481367E-04 -1.631248E-03  1.913696E-17 -7.243721E-18 -5.890995E-05
        47   6  2.385431E-03 -6.481367E-04 -1.631248E-03 -5.890954E-18 -6.501325E-18 -5.890995E-05
        47   7  2.385431E-03 -6.481367E-04 -1.586367E-03  9.960705E-18  3.349010E-17 -2.399453E-04
        47   8  2.385431E-03 -6.481367E-04 -1.586367E-03 -1.506721E-17 -2.817229E-17 -2.399453E-04
        48   1  2.385431E-03 -4.668031E-04 -1.631248E-03  9.923664E-18  2.944608E-17 -6.983193E-05
        48   2  2.385431E-03 -4.668031E-04 -1.631248E-03  7.628880E-18  2.378714E-18 -6.983193E-05
        48   3  2.385431E-03 -4.668031E-04 -1.586367E-03  1.260981E-17  1.342634E-17 -2.514638E-04
        48   4  2.385431E-03 -4.668031E-04 -1.586367E-03  1.031503E-17  1.281167E-17 -2.514638E-04
        48   5  2.385431E-03 -6.481367E-04 -1.631248E-03 -4.614224E-18  4.332237E-17 -5.890995E-05
        48   6  2.385431E-03 -6.481367E-04 -1.631248E-03  6.317339E-18  1.625500E-17 -5.890995E-05
        48   7  2.385431E-03 -6.481367E-04 -1.586367E-03  3.569194E-18 -4.689484E-18 -2.399453E-04
        48   8  2.385431E-03 -6.481367E-04 -1.586367E-03  1.450076E-17 -5.304153E-18 -2.399453E-04
        49   1  2.385431E-03 -4.668031E-04 -1.631248E-03  2.232888E-20 -5.986452E-17 -6.983193E-05
        49   2  2.385431E-03 -4.668031E-04 -1.631248E-03 -1.588312E-17 -6.055630E-17 -6.983193E-05
        49   3  2.385431E-03 -4.668031E-04 -1.586367E-03  1.981145E-19 -4.303612E-17 -2.514638E-04
        49   4  2.385431E-03 -4.668031E-04 -1.586367E-03 -1.570733E-17 -4.651580E-17 -2.514638E-04
        49   5  2.385431E-03 -6.481367E-04 -1.631248E-03 -8.688439E-21 -8.077435E-17 -5.890995E-05
        49   6  2.385431E-03 -6.481367E-04 -1.631248E-03 -1.730808E-17 -8.146614E-17 -5.890995E-05
        49   7  2.385431E-03 -6.481367E-04 -1.586367E-03 -2.401159E-18 -4.821060E-17 -2.399453E-04
        49   8  2.385431E-03 -6.481367E-04 -1.586367E-03 -1.970055E-17 -5.169027E-17 -2.399453E-04
        50   1  2.385431E-03 -4.668031E-04 -1.631248E-03 -1.327919E-17 -1.487224E-17 -6.983193E-05
        50   2  2.385431E-03 -4.668031E-04 -1.631248E-03 -7.244321E-19  1.297923E-17 -6.983193E-05
        50   3  2.385431E-03 -4.668031E-04 -1.586367E-03 -2.640258E-18 -2.442279E-17 -2.514638E-04
        50   4  2.385431E-03 -4.668031E-04 -1.586367E-03  9.914499E-18  4.569955E-18 -2.514638E-04
        50   5  2.385431E-03 -6.481367E-04 -1.631248E-03 -1.262333E-17 -2.574107E-18 -5.890995E-05
        50   6  2.385431E-03 -6.481367E-04 -1.631248E-03  5.020639E-19  2.527736E-17 -5.890995E-05
        50   7  2.385431E-03 -6.481367E-04 -1.586367E-03  1.806802E-18 -7.556491E-18 -2.399453E-04
        50   8  2.385431E-03 -6.481367E-04 -1.586367E-03  1.493220E-17  2.143625E-17 -2.399453E-04
        51   1  2.385431E-03 -5.672633E-04 -1.532422E-03 -7.645674E-19  3.560447E-18 -2.784906E-04
        51   2  2.385431E-03 -5.672633E-04 -1.532422E-03  2.629630E-17  2.275149E-17 -2.784906E-04
        51   3  2.385431E-03 -5.672633E-04 -1.429306E-03  1.002222E-17 -1.819852E-17 -5.234497E-04
        51   4  2.385431E-03 -5.672633E-04 -1.429306E-03  3.708309E-17 -1.909917E-17 -5.234497E-04
        51   5  2.385431E-03 -8.118115E-04 -1.532422E-03 -6.984550E-18  3.285670E-17 -2.531226E-04
        51   6  2.385431E-03 -8.118115E-04 -1.532422E-03  1.003047E-17  5.204774E-17 -2.531226E-04
        51   7  2.385431E-03 -8.118115E-04 -1.429306E-03  3.931078E-19  5.847710E-18 -4.972599E-04
        51   8  2.385431E-03 -8.118115E-04 -1.429306E-03  1.740813E-17  4.947060E-18 -4.972599E-04
        52   1  2.385431E-03 -5.672633E-04 -1.532422E-03  1.934312E-18  2.732565E-17 -2.784906E-04
        52   2  2.385431E-03 -5.672633E-04 -1.532422E-03 -6.020957E-18  1.487850E-17 -2.784906E-04
        52   3  2.385431E-03 -5.672633E-04 -1.429306E-03 -5.117313E-18 -1.746005E-17 -5.234497E-04
        52   4  2.385431E-03 -5.672633E-04 -1.429306E-03 -1.307258E-17 -2.001052E-17 -5.234497E-04
        52   5  2.385431E-03 -8.118115E-04 -1.532422E-03 -2.977991E-18  1.826135E-17 -2.531226E-04
        52   6  2.385431E-03 -8.118115E-04 -1.532422E-03 -5.984919E-18  5.814198E-18 -2.531226E-04
        52   7  2.385431E-03 -8.118115E-04 -1.429306E-03 -8.105532E-18 -2.005903E-17 -4.972599E-04
        52   8  2.385431E-03 -8.118115E-04 -1.429306E-03 -1.111246E-17 -2.260950E-17 -4.972599E-04
        53   1  2.385431E-03 -5.672633E-04 -1.532422E-03  1.224434E-17 -2.533506E-17 -2.784906E-04
        53   2  2.385431E-03 -5.672633E-04 -1.532422E-03 -1.802528E-17 -5.122736E-17 -2.784906E-04
        53   3  2.385431E-03 -5.672633E-04 -1.429306E-03  4.472833E-18 -2.586947E-17 -5.234497E-04
        53   4  2.385431E-03 -5.672633E-04 -1.429306E-03 -2.579679E-17 -3.783844E-17 -5.234497E-04
        53   5  2.385431E-03 -8.118115E-04 -1.532422E-03  1.266758E-17 -1.663988E-17 -2.531226E-04
        53   6  2.385431E-03 -8.118115E-04 -1.532422E-03 -1.064039E-17 -4.253218E-17 -2.531226E-04
        53   7  2.385431E-03 -8.118115E-04 -1.429306E-03  3.119219E-17 -2.841774E-17 -4.972599E-04
        53   8  2.385431E-03 -8.118115E-04 -1.429306E-03  7.884227E-18 -4.038672E-17 -4.972599E-04
        54   1  2.385431E-03 -5.672633E-04 -1.532422E-03 -1.987148E-17 -2.206658E-17 -2.784906E-04
        54   2  2.385431E-03 -5.672633E-04 -1.532422E-03 -1.330475E-17 -2.159356E-17 -2.784906E-04
        54   3  2.385431E-03 -5.672633E-04 -1.429306E-03 -7.799175E-18  1.068116E-17 -5.234497E-04
        54   4  2.385431E-03 -5.672633E-04 -1.429306E-03 -1.232438E-18  1.092271E-17 -5.234497E-04
        54   5  2.385431E-03 -8.118115E-04 -1.532422E-03 -1.524608E-17 -3.771112E-17 -2.531226E-04
        54   6  2.385431E-03 -8.118115E-04 -1.532422E-03 -8.795076E-18 -3.723810E-17 -2.531226E-04
        54   7  2.385431E-03 -8.118115E-04 -1.429306E-03 -3.790214E-17 -2.787188E-18 -4.972599E-04
        54   8  2.385431E-03 -8.118115E-04 -1.429306E-03 -3.145114E-17 -2.545642E-18 -4.972599E-04
        55   1  2.385431E-03 -5.672633E-04 -1.532422E-03  8.925344E-18 -7.012103E-18 -2.784906E-04
        55   2  2.385431E-03 -5.672633E-04 -1.532422E-03  1.124461E-17  2.578255E-17 -2.784906E-04
        55   3  2.385431E-03 -5.672633E-04 -1.429306E-03  5.958322E-18 -1.102612E-17 -5.234497E-04
        55   4  2.385431E-03 -5.672633E-04 -1.429306E-03  8.277584E-18  2.332863E-17 -5.234497E-04
        55   5  2.385431E-03 -8.118115E-04 -1.532422E-03  7.059483E-18  1.593271E-17 -2.531226E-04
        55   6  2.385431E-03 -8.118115E-04 -1.532422E-03  1.015879E-17  4.872736E-17 -2.531226E-04
        55   7  2.385431E-03 -8.118115E-04 -1.429306E-03 -6.666765E-19  4.361914E-18 -4.972599E-04
        55   8  2.385431E-03 -8.118115E-04 -1.429306E-03  2.432634E-18  3.871666E-17 -4.972599E-04
        56   1  2.385431E-03 -5.672633E-04 -1.532422E-03  3.822017E-18  3.376373E-17 -2.784906E-04
        56   2  2.385431E-03 -5.672633E-04 -1.532422E-03  1.792060E-17  5.770000E-17 -2.784906E-04
        56   3  2.385431E-03 -5.672633E-04 -1.429306E-03 -1.027405E-17  1.415224E-17 -5.234497E-04
        56   4  2.385431E-03 -5.672633E-04 -1.429306E-03  3.824531E-18 -1.038578E-18 -5.234497E-04
        56   5  2.385431E-03 -8.118115E-04 -1.532422E-03 -8.447792E-19  2.112472E-17 -2.531226E-04
        56   6  2.385431E-03 -8.118115E-04 -1.532422E-03 -6.309745E-18  4.506100E-17 -2.531226E-04
        56   7  2.385431E-03 -8.118115E-04 -1.429306E-03  1.140286E-17  6.381297E-18 -4.972599E-04
        56   8  2.385431E-03 -8.118115E-04 -1.429306E-03  5.937891E-18 -8.809525E-18 -4.972599E-04
        57   1  2.385431E-03 -5.672633E-04 -1.532422E-03  1.456015E-17  2.789643E-17 -2.784906E-04
        57   2  2.385431E-03 -5.672633E-04 -1.532422E-03  1.439857E-17 -3.707574E-17 -2.784906E-04
        57   3  2.385431E-03 -5.672633E-04 -1.429306E-03  2.405135E-17  4.633173E-18 -5.234497E-04
        57   4  2.385431E-03 -5.672633E-04 -1.429306E-03  2.388977E-17 -6.976670E-18 -5.234497E-04
        57   5  2.385431E-03 -8.118115E-04 -1.532422E-03 -1.087698E-17  3.454242E-17 -2.531226E-04
        57   6  2.385431E-03 -8.118115E-04 -1.532422E-03  1.564261E-17 -3.042975E-17 -2.531226E-04
        57   7  2.385431E-03 -8.118115E-04 -1.429306E-03  1.419215E-18 -3.576808E-18 -4.972599E-04
        57   8  2.385431E-03 -8.118115E-04 -1.429306E-03  2.793880E-17 -1.518665E-17 -4.972599E-04
        58   1  2.385431E-03 -5.672633E-04 -1.532422E-03  1.858844E-17  1.871196E-18 -2.784906E-04
        58   2  2.385431E-03 -5.672633E-04 -1.532422E-03 -8.339487E-18  7.847401E-18 -2.784906E-04
        58   3  2.385431E-03 -5.672633E-04 -1.429306E-03  2.809103E-17 -1.335690E-17 -5.234497E-04
        58   4  2.385431E-03 -5.672633E-04 -1.429306E-03  1.163106E-18 -1.582679E-17 -5.234497E-04
        58   5  2.385431E-03 -8.118115E-04 -1.532422E-03  3.728920E-17 -1.650097E-17 -2.531226E-04
        58   6  2.385431E-03 -8.118115E-04 -1.532422E-03  6.138231E-18 -1.052476E-17 -2.531226E-04
        58   7  2.385431E-03 -8.118115E-04 -1.429306E-03  2.993447E-17 -7.482016E-19 -4.972599E-04
        58   8  2.385431E-03 -8.118115E-04 -1.429306E-03 -1.216495E-18 -3.218089E-18 -4.972599E-04
        59   1  2.385431E-03 -5.672633E-04 -1.532422E-03 -2.432496E-17 -2.588913E-17 -2.784906E-04
        59   2  2.385431E-03 -5.672633E-04 -1.532422E-03 -2.940619E-17 -3.036868E-17 -2.784906E-04
        59   3  2.385431E-03 -5.672633E-04 -1.429306E-03 -1.412968E-17  4.362897E-18 -5.234497E-04
        59   4  2.385431E-03 -5.672633E-04 -1.429306E-03 -1.921092E-17 -6.048044E-20 -5.234497E-04
        59   5  2.385431E-03 -8.118115E-04 -1.532422E-03 -1.519618E-17 -2.505881E-17 -2.531226E-04
        59   6  2.385431E-03 -8.118115E-04 -1.532422E-03 -2.024933E-17 -2.953836E-17 -2.531226E-04
        59   7  2.385431E-03 -8.118115E-04 -1.429306E-03  6.889370E-18  6.072199E-18 -4.972599E-04
        59   8  2.385431E-03 -8.118115E-04 -1.429306E-03  1.836223E-18  1.648821E-18 -4.972599E-04
        60   1  2.385431E-03 -5.672633E-04 -1.532422E-03 -1.233512E-17 -1.497349E-17 -2.784906E-04
        60   2  2.385431E-03 -5.672633E-04 -1.532422E-03  8.015055E-18  1.044649E-17 -2.784906E-04
        60   3  2.385431E-03 -5.672633E-04 -1.429306E-03 -2.051880E-17  2.077698E-17 -5.234497E-04
        60   4  2.385431E-03 -5.672633E-04 -1.429306E-03 -1.686227E-19  3.529471E-17 -5.234497E-04
        60   5  2.385431E-03 -8.118115E-04 -1.532422E-03 -5.705477E-18 -2.609183E-18 -2.531226E-04
        60   6  2.385431E-03 -8.118115E-04 -1.532422E-03  9.193574E-18  2.281080E-17 -2.531226E-04
        60   7  2.385431E-03 -8.118115E-04 -1.429306E-03 -3.477501E-17  1.665480E-17 -4.972599E-04
        60   8  2.385431E-03 -8.118115E-04 -1.429306E-03 -1.987596E-17  3.117253E-17 -4.972599E-04
        61   1  2.385431E-03 -7.531663E-04 -1.396529E-03 -1.185033E-18 -5.986730E-19 -2.220345E-05
        61   2  2.385431E-03 -7.531663E-04 -1.396529E-03  2.812036E-18  7.281718E-18 -2.220345E-05
        61   3  2.385431E-03 -7.531663E-04 -1.338930E-03 -8.371275E-18  2.073719E-17 -1.282211E-04
        61   4  2.385431E-03 -7.531663E-04 -1.338930E-03 -4.374206E-18  2.132830E-18 -1.282211E-04
        61   5  2.385431E-03 -8.591778E-04 -1.396529E-03 -3.708747E-18 -5.540284E-18 -7.809784E-06
        61   6  2.385431E-03 -8.591778E-04 -1.396529E-03 -1.295405E-17  2.340106E-18 -7.809784E-06
        61   7  2.385431E-03 -8.591778E-04 -1.338930E-03 -4.463833E-18  7.016651E-18 -1.138152E-04
        61   8  2.385431E-03 -8.591778E-04 -1.338930E-03 -1.370914E-17 -1.158771E-17 -1.138152E-04
        62   1  2.385431E-03 -7.531663E-04 -1.396529E-03  7.458655E-18 -8.401417E-18 -2.220345E-05
        62   2  2.385431E-03 -7.531663E-04 -1.396529E-03  2.217441E-17 -7.636689E-18 -2.220345E-05
        62   3  2.385431E-03 -7.531663E-04 -1.338930E-03 -5.848357E-18 -3.250336E-17 -1.282211E-04
        62   4  2.385431E-03 -7.531663E-04 -1.338930E-03  8.867396E-18  6.262111E-18 -1.282211E-04
        62   5  2.385431E-03 -8.591778E-04 -1.396529E-03 -6.969520E-18 -3.136080E-18 -7.809784E-06
        62   6  2.385431E-03 -8.591778E-04 -1.396529E-03  2.674660E-17 -2.371353E-18 -7.809784E-06
        62   7  2.385431E-03 -8.591778E-04 -1.338930E-03 -1.599282E-17 -2.926459E-17 -1.138152E-04
        62   8  2.385431E-03 -8.591778E-04 -1.338930E-03  1.772330E-17  9.500880E-18 -1.138152E-04
        63   1  2.385431E-03 -7.531663E-04 -1.396529E-03  2.701147E-17  3.908711E-17 -2.220345E-05
        63   2  2.385431E-03 -7.531663E-04 -1.396529E-03  1.974710E-17 -7.536639E-18 -2.220345E-05
        63   3  2.385431E-03 -7.531663E-04 -1.338930E-03  1.953920E-17  1.794806E-17 -1.282211E-04
        63   4  2.385431E-03 -7.531663E-04 -1.338930E-03  1.227482E-17 -3.580604E-17 -1.282211E-04
        63   5  2.385431E-03 -8.591778E-04 -1.396529E-03  3.453373E-17  5.191331E-17 -7.809784E-06
        63   6  2.385431E-03 -8.591778E-04 -1.396529E-03  2.370417E-17  5.289567E-18 -7.809784E-06
        63   7  2.385431E-03 -8.591778E-04 -1.338930E-03  2.394049E-17  2.777873E-17 -1.138152E-04
        63   8  2.385431E-03 -8.591778E-04 -1.338930E-03  1.311093E-17 -2.597537E-17 -1.138152E-04
        64   1  2.385431E-03 -7.531663E-04 -1.396529E-03  1.469506E-17 -5.632947E-17 -2.220345E-05
        64   2  2.385431E-03 -7.531663E-04 -1.396529E-03 -8.411081E-18 -1.117875E-17 -2.220345E-05
        64   3  2.385431E-03 -7.531663E-04 -1.338930E-03  2.363838E-17 -5.900626E-17 -1.282211E-04
        64   4  2.385431E-03 -7.531663E-04 -1.338930E-03  5.322446E-19 -2.199194E-17 -1.282211E-04
        64   5  2.385431E-03 -8.591778E-04 -1.396529E-03  1.919157E-17 -6.113606E-17 -7.809784E-06
        64   6  2.385431E-03 -8.591778E-04 -1.396529E-03 -7.982769E-18 -1.598534E-17 -7.809784E-06
        64   7  2.385431E-03 -8.591778E-04 -1.338930E-03  3.421329E-17 -5.198765E-17 -1.138152E-04
        64   8  2.385431E-03 -8.591778E-04 -1.338930E-03  7.038947E-18 -1.497333E-17 -1.138152E-04
        65   1  2.385431E-03 -7.531663E-04 -1.396529E-03 -1.612968E-17  2.349592E-17 -2.220345E-05
        65   2  2.385431E-03 -7.531663E-04 -1.396529E-03 -8.760777E-18  2.674906E-17 -2.220345E-05
        65   3  2.385431E-03 -7.531663E-04 -1.338930E-03 -1.230559E-17  4.323932E-17 -1.282211E-04
        65   4  2.385431E-03 -7.531663E-04 -1.338930E-03 -4.936686E-18  5.429348E-17 -1.282211E-04
        65   5  2.385431E-03 -8.591778E-04 -1.396529E-03 -2.115205E-17  1.685359E-17 -7.809784E-06
        65   6  2.385431E-03 -8.591778E-04 -1.396529E-03 -9.882631E-18  2.010673E-17 -7.809784E-06
        65   7  2.385431E-03 -8.591778E-04 -1.338930E-03 -2.623082E-17  1.991146E-17 -1.138152E-04
        65   8  2.385431E-03 -8.591778E-04 -1.338930E-03 -1.496140E-17  3.096562E-17 -1.138152E-04
        66   1  2.385431E-03 -7.531663E-04 -1.396529E-03  9.190170E-19  3.640105E-17 -2.220345E-05
        66   2  2.385431E-03 -7.531663E-04 -1.396529E-03  2.815160E-17  2.159831E-17 -2.220345E-05
        66   3  2.385431E-03 -7.531663E-04 -1.338930E-03 -3.459095E-18  1.073371E-17 -1.282211E-04
        66   4  2.385431E-03 -7.531663E-04 -1.338930E-03  2.377349E-17 -2.018181E-17 -1.282211E-04
        66   5  2.385431E-03 -8.591778E-04 -1.396529E-03  1.695119E-18  4.169349E-17 -7.809784E-06
        66   6  2.385431E-03 -8.591778E-04 -1.396529E-03  2.087132E-17  2.689075E-17 -7.809784E-06
        66   7  2.385431E-03 -8.591778E-04 -1.338930E-03 -2.089016E-18  1.462204E-17 -1.138152E-04
        66   8  2.385431E-03 -8.591778E-04 -1.338930E-03  1.708718E-17 -1.629348E-17 -1.138152E-04
        67   1  2.385431E-03 -7.531663E-04 -1.396529E-03  2.560787E-17 -1.420618E-17 -2.220345E-05
        67   2  2.385431E-03 -7.531663E-04 -1.396529E-03 -7.735857E-18 -6.557651E-18 -2.220345E-05
        67   3  2.385431E-03 -7.531663E-04 -1.338930E-03  2.024473E-17 -1.986823E-17 -1.282211E-04
        67   4  2.385431E-03 -7.531663E-04 -1.338930E-03 -1.308549E-17  4.820471E-18 -1.282211E-04
        67   5  2.385431E-03 -8.591778E-04 -1.396529E-03  2.345441E-17 -2.298549E-18 -7.809784E-06
        67   6  2.385431E-03 -8.591778E-04 -1.396529E-03 -1.355719E-18  5.457990E-18 -7.809784E-06
        67   7  2.385431E-03 -8.591778E-04 -1.338930E-03  3.231682E-17 -3.455500E-18 -1.138152E-04
        67   8  2.385431E-03 -8.591778E-04 -1.338930E-03  7.506682E-18  2.123320E-17 -1.138152E-04
        68   1  2.385431E-03 -7.531663E-04 -1.396529E-03 -1.011796E-17  4.519148E-17 -2.220345E-05
        68   2  2.385431E-03 -7.531663E-04 -1.396529E-03  6.216892E-18  3.123389E-17 -2.220345E-05
        68   3  2.385431E-03 -7.531663E-04 -1.338930E-03 -4.930671E-18  3.946466E-17 -1.282211E-04
        68   4  2.385431E-03 -7.531663E-04 -1.338930E-03  1.140418E-17  2.857850E-17 -1.282211E-04
        68   5  2.385431E-03 -8.591778E-04 -1.396529E-03 -1.037967E-17  5.957464E-18 -7.809784E-06
        68   6  2.385431E-03 -8.591778E-04 -1.396529E-03  7.490905E-18 -8.000127E-18 -7.809784E-06
        68   7  2.385431E-03 -8.591778E-04 -1.338930E-03 -1.902414E-17  3.104496E-17 -1.138152E-04
        68   8  2.385431E-03 -8.591778E-04 -1.338930E-03 -1.153566E-18  2.015881E-17 -1.138152E-04
        69   1  2.385431E-03 -7.531663E-04 -1.396529E-03  2.404064E-18 -4.872531E-17 -2.220345E-05
        69   2  2.385431E-03 -7.531663E-04 -1.396529E-03 -1.692193E-17 -4.916812E-17 -2.220345E-05
        69   3  2.385431E-03 -7.531663E-04 -1.338930E-03 -1.347026E-20 -1.564732E-17 -1.282211E-04
        69   4  2.385431E-03 -7.531663E-04 -1.338930E-03 -1.933947E-17 -2.437583E-17 -1.282211E-04
        69   5  2.385431E-03 -8.591778E-04 -1.396529E-03  8.953739E-18 -1.748368E-17 -7.809784E-06
        69   6  2.385431E-03 -8.591778E-04 -1.396529E-03 -1.451510E-17 -1.792649E-17 -7.809784E-06
        69   7  2.385431E-03 -8.591778E-04 -1.338930E-03  9.546986E-18 -2.461382E-17 -1.138152E-04
        69   8  2.385431E-03 -8.591778E-04 -1.338930E-03 -1.392186E-17 -3.334232E-17 -1.138152E-04
        70   1  2.385431E-03 -7.531663E-04 -1.396529E-03 -1.292312E-17  1.625430E-17 -2.220345E-05
        70   2  2.385431E-03 -7.531663E-04 -1.396529E-03  4.544528E-19  2.738368E-17 -2.220345E-05
        70   3  2.385431E-03 -7.531663E-04 -1.338930E-03  1.613606E-18  1.719671E-17 -1.282211E-04
        70   4  2.385431E-03 -7.531663E-04 -1.338930E-03  1.499117E-17  2.856271E-17 -1.282211E-04
        70   5  2.385431E-03 -8.591778E-04 -1.396529E-03 -1.438260E-17 -6.238554E-18 -7.809784E-06
        70   6  2.385431E-03 -8.591778E-04 -1.396529E-03 -8.867285E-19  4.890827E-18 -7.809784E-06
        70   7  2.385431E-03 -8.591778E-04 -1.338930E-03 -3.305128E-18  1.751856E-18 -1.138152E-04
        70   8  2.385431E-03 -8.591778E-04 -1.338930E-03  1.019075E-17  1.311785E-17 -1.138152E-04
        71   1  2.385431E-03 -9.211700E-04 -1.296258E-03 -5.554963E-18  2.436311E-17 -3.932815E-05
        71   2  2.385431E-03 -9.211700E-04 -1.296258E-03  1.045937E-17  1.417350E-18 -3.932815E-05
        71   3  2.385431E-03 -9.211700E-04 -1.237297E-03 -2.777763E-18  1.348655E-17 -9.411339E-05
        71   4  2.385431E-03 -9.211700E-04 -1.237297E-03  1.323657E-17  5.164615E-18 -9.411339E-05
        71   5  2.385431E-03 -9.759533E-04 -1.296258E-03  4.547832E-18  1.342301E-17 -2.458975E-05
        71   6  2.385431E-03 -9.759533E-04 -1.296258E-03  2.787408E-17 -9.522752E-18 -2.458975E-05
        71   7  2.385431E-03 -9.759533E-04 -1.237297E-03 -2.692020E-18  1.834910E-17 -7.937110E-05
        71   8  2.385431E-03 -9.759533E-04 -1.237297E-03  2.063423E-17  1.002717E-17 -7.937110E-05
        72   1  2.385431E-03 -9.211700E-04 -1.296258E-03  2.014609E-18 -3.864312E-17 -3.932815E-05
        72   2  2.385431E-03 -9.211700E-04 -1.296258E-03 -2.485625E-18  7.422537E-18 -3.932815E-05
        72   3  2.385431E-03 -9.211700E-04 -1.237297E-03 -6.097351E-19 -3.158676E-17 -9.411339E-05
        72   4  2.385431E-03 -9.211700E-04 -1.237297E-03 -5.109970E-18 -3.577367E-18 -9.411339E-05
        72   5  2.385431E-03 -9.759533E-04 -1.296258E-03  2.053143E-17 -4.361581E-17 -2.458975E-05
        72   6  2.385431E-03 -9.759533E-04 -1.296258E-03  7.003065E-18  2.449848E-18 -2.458975E-05
        72   7  2.385431E-03 -9.759533E-04 -1.237297E-03  2.203337E-17 -5.492744E-17 -7.937110E-05
        72   8  2.385431E-03 -9.759533E-04 -1.237297E-03  8.505004E-18 -2.691805E-17 -7.937110E-05
        73   1  2.385431E-03 -9.211700E-04 -1.296258E-03  1.183937E-17  1.136592E-17 -3.932815E-05
        73   2  2.385431E-03 -9.211700E-04 -1.296258E-03 -4.311487E-18 -3.578015E-17 -3.932815E-05
        73   3  2.385431E-03 -9.211700E-04 -1.237297E-03  4.125907E-17  1.481200E-17 -9.411339E-05
        73   4  2.385431E-03 -9.211700E-04 -1.237297E-03  2.510821E-17 -7.150225E-18 -9.411339E-05
        73   5  2.385431E-03 -9.759533E-04 -1.296258E-03  9.292637E-18  2.311485E-17 -2.458975E-05
        73   6  2.385431E-03 -9.759533E-04 -1.296258E-03  5.733708E-18 -2.403123E-17 -2.458975E-05
        73   7  2.385431E-03 -9.759533E-04 -1.237297E-03  4.246857E-17  3.468914E-17 -7.937110E-05
        73   8  2.385431E-03 -9.759533E-04 -1.237297E-03  3.890964E-17  1.272691E-17 -7.937110E-05
        74   1  2.385431E-03 -9.211700E-04 -1.296258E-03 -6.351125E-18 -4.185348E-17 -3.932815E-05
        74   2  2.385431E-03 -9.211700E-04 -1.296258E-03 -6.034735E-18 -2.000179E-17 -3.932815E-05
        74   3  2.385431E-03 -9.211700E-04 -1.237297E-03 -4.443465E-17  7.880725E-18 -9.411339E-05
        74   4  2.385431E-03 -9.211700E-04 -1.237297E-03 -4.411826E-17 -3.556253E-18 -9.411339E-05
        74   5  2.385431E-03 -9.759533E-04 -1.296258E-03  1.390567E-17 -3.556437E-17 -2.458975E-05
        74   6  2.385431E-03 -9.759533E-04 -1.296258E-03 -2.422271E-18 -1.371268E-17 -2.458975E-05
        74   7  2.385431E-03 -9.759533E-04 -1.237297E-03 -3.233842E-17 -3.289676E-19 -7.937110E-05
        74   8  2.385431E-03 -9.759533E-04 -1.237297E-03 -4.866637E-17 -1.176595E-17 -7.937110E-05
        75   1  2.385431E-03 -9.211700E-04 -1.296258E-03 -9.926592E-19  3.710106E-17 -3.932815E-05
        75   2  2.385431E-03 -9.211700E-04 -1.296258E-03  1.502303E-18  4.923086E-17 -3.932815E-05
        75   3  2.385431E-03 -9.211700E-04 -1.237297E-03 -3.752804E-18  1.486768E-18 -9.411339E-05
        75   4  2.385431E-03 -9.211700E-04 -1.237297E-03 -1.257842E-18  8.754251E-18 -9.411339E-05
        75   5  2.385431E-03 -9.759533E-04 -1.296258E-03 -2.133617E-17  1.482575E-17 -2.458975E-05
        75   6  2.385431E-03 -9.759533E-04 -1.296258E-03 -2.127237E-17  2.695555E-17 -2.458975E-05
        75   7  2.385431E-03 -9.759533E-04 -1.237297E-03 -7.935501E-18 -1.865547E-18 -7.937110E-05
        75   8  2.385431E-03 -9.759533E-04 -1.237297E-03 -7.871697E-18  5.401936E-18 -7.937110E-05
        76   1  2.385431E-03 -9.211700E-04 -1.296258E-03 -5.197077E-18 -5.390376E-18 -3.932815E-05
        76   2  2.385431E-03 -9.211700E-04 -1.296258E-03 -1.140960E-17 -2.937718E-17 -3.932815E-05
        76   3  2.385431E-03 -9.211700E-04 -1.237297E-03  1.627897E-17 -2.430272E-17 -9.411339E-05
        76   4  2.385431E-03 -9.211700E-04 -1.237297E-03  1.006645E-17 -1.324715E-17 -9.411339E-05
        76   5  2.385431E-03 -9.759533E-04 -1.296258E-03 -1.236269E-17  2.197795E-18 -2.458975E-05
        76   6  2.385431E-03 -9.759533E-04 -1.296258E-03 -1.054034E-18 -2.178901E-17 -2.458975E-05
        76   7  2.385431E-03 -9.759533E-04 -1.237297E-03  7.954324E-18 -6.045923E-18 -7.937110E-05
        76   8  2.385431E-03 -9.759533E-04 -1.237297E-03  1.926298E-17  5.009641E-18 -7.937110E-05
        77   1  2.385431E-03 -9.211700E-04 -1.296258E-03 -9.545047E-18 -1.787410E-17 -3.932815E-05
        77   2  2.385431E-03 -9.211700E-04 -1.296258E-03  2.263816E-17  4.954955E-18 -3.932815E-05
        77   3  2.385431E-03 -9.211700E-04 -1.237297E-03 -4.416525E-18 -7.023865E-18 -9.411339E-05
        77   4  2.385431E-03 -9.211700E-04 -1.237297E-03  2.776665E-17 -6.718748E-18 -9.411339E-05
        77   5  2.385431E-03 -9.759533E-04 -1.296258E-03  1.930380E-17 -9.077336E-18 -2.458975E-05
        77   6  2.385431E-03 -9.759533E-04 -1.296258E-03  4.027901E-17  1.364370E-17 -2.458975E-05
        77   7  2.385431E-03 -9.759533E-04 -1.237297E-03  2.973750E-18 -2.300940E-17 -7.937110E-05
        77   8  2.385431E-03 -9.759533E-04 -1.237297E-03  2.394888E-17 -2.292034E-17 -7.937110E-05
        78   1  2.385431E-03 -9.211700E-04 -1.296258E-03  3.691447E-17  3.235612E-17 -3.932815E-05
        78   2  2.385431E-03 -9.211700E-04 -1.296258E-03  3.415193E-18  2.098906E-17 -3.932815E-05
        78   3  2.385431E-03 -9.211700E-04 -1.237297E-03  3.259014E-17  1.852005E-17 -9.411339E-05
        78   4  2.385431E-03 -9.211700E-04 -1.237297E-03 -9.091381E-19  2.767681E-18 -9.411339E-05
        78   5  2.385431E-03 -9.759533E-04 -1.296258E-03  1.728458E-17  3.238951E-17 -2.458975E-05
        78   6  2.385431E-03 -9.759533E-04 -1.296258E-03 -1.840735E-17  2.102245E-17 -2.458975E-05
        78   7  2.385431E-03 -9.759533E-04 -1.237297E-03  3.759471E-17  1.246583E-17 -7.937110E-05
        78   8  2.385431E-03 -9.759533E-04 -1.237297E-03  1.902772E-18 -3.286538E-18 -7.937110E-05
        79   1  2.385431E-03 -9.211700E-04 -1.296258E-03 -1.409423E-17 -1.544031E-19 -3.932815E-05
        79   2  2.385431E-03 -9.211700E-04 -1.296258E-03 -1.816029E-17 -9.962064E-18 -3.932815E-05
        79   3  2.385431E-03 -9.211700E-04 -1.237297E-03  7.065857E-18  9.181797E-18 -9.411339E-05
        79   4  2.385431E-03 -9.211700E-04 -1.237297E-03  2.999800E-18  4.711523E-18 -9.411339E-05
        79   5  2.385431E-03 -9.759533E-04 -1.296258E-03 -2.010704E-17 -1.481819E-17 -2.458975E-05
        79   6  2.385431E-03 -9.759533E-04 -1.296258E-03 -2.150440E-17 -2.462585E-17 -2.458975E-05
        79   7  2.385431E-03 -9.759533E-04 -1.237297E-03 -1.425573E-17  1.826397E-17 -7.937110E-05
        79   8  2.385431E-03 -9.759533E-04 -1.237297E-03 -1.565310E-17  1.379369E-17 -7.937110E-05
        80   1  2.385431E-03 -9.211700E-04 -1.296258E-03 -6.569502E-18  1.626438E-17 -3.932815E-05
        80   2  2.385431E-03 -9.211700E-04 -1.296258E-03  6.850586E-18  2.874955E-17 -3.932815E-05
        80   3  2.385431E-03 -9.211700E-04 -1.237297E-03 -4.360722E-17  1.313288E-17 -9.411339E-05
        80   4  2.385431E-03 -9.211700E-04 -1.237297E-03 -3.018713E-17  2.843911E-17 -9.411339E-05
        80   5  2.385431E-03 -9.759533E-04 -1.296258E-03 -1.517202E-17  6.167213E-18 -2.458975E-05
        80   6  2.385431E-03 -9.759533E-04 -1.296258E-03 -3.414095E-19  1.865239E-17 -2.458975E-05
        80   7  2.385431E-03 -9.759533E-04 -1.237297E-03 -5.482518E-17  1.086916E-17 -7.937110E-05
        80   8  2.385431E-03 -9.759533E-04 -1.237297E-03 -3.999457E-17  2.617538E-17 -7.937110E-05

                        S T E P       6


                                INCREMENT     6


 displacements (vx,vy,vz) for set ALLN and time  0.6000000E+01

         1  0.000000E+00  0.000000E+00  0.000000E+00
         2  1.091995E-17  0.000000E+00  0.000000E+00
         3  4.776413E-17  0.000000E+00  0.000000E+00
         4  9.689025E-17  0.000000E+00  0.000000E+00
         5  2.663649E-17  0.000000E+00  0.000000E+00
         6 -5.878081E-17  0.000000E+00  0.000000E+00
         7  3.704868E-17  0.000000E+00  0.000000E+00
         8 -2.431992E-17  0.000000E+00  0.000000E+00
         9 -3.759342E-17  0.000000E+00  0.000000E+00
        10  2.835824E-17  0.000000E+00  0.000000E+00
        11  0.000000E+00  0.000000E+00  0.000000E+00
        12  0.000000E+00  2.872830E-07  0.000000E+00
        13 -4.278814E-17  2.872830E-07  0.000000E+00
        14 -1.577283E-17  2.872830E-07  0.000000E+00
        15  8.554984E-17  2.872830E-07  0.000000E+00
        16  6.854128E-18  2.872830E-07  0.000000E+00
        17  6.615395E-18  2.872830E-07  0.000000E+00
        18  1.129803E-17  2.872830E-07  0.000000E+00
        19 -2.334551E-17  2.872830E-07  0.000000E+00
        20  1.910996E-18  2.872830E-07  0.000000E+00
        21  1.365372E-17  2.872830E-07  0.000000E+00
        22  0.000000E+00  2.872830E-07  0.000000E+00
        23  0.000000E+00  9.131413E-06  0.000000E+00
        24 -8.777465E-17  9.131413E-06  0.000000E+00
        25  6.152934E-18  9.131413E-06  0.000000E+00
        26  3.549051E-17  9.131413E-06  0.000000E+00
        27  1.253109E-17  9.131413E-06  0.000000E+00
        28  2.284469E-17  9.131413E-06  0.000000E+00
        29  4.433659E-17  9.131413E-06  0.000000E+00
        30 -1.387664E-17  9.131413E-06  0.000000E+00
        31  1.118002E-17  9.131413E-06  0.000000E+00
        32 -7.053429E-19  9.131413E-06  0.000000E+00
        33  0.000000E+00  9.131413E-06  0.000000E+00
        34  0.000000E+00  0.000000E+00  2.354807E-05
        35 -5.415883E-17  0.000000E+00  2.354807E-05
        36  5.927556E-17  0.000000E+00  2.354807E-05
        37  9.894079E-17  0.000000E+00  2.354807E-05
        38  4.298386E-17  0.000000E+00  2.354807E-05
        39 -6.075144E-17  0.000000E+00  2.354807E-05
        40 -4.100279E-18  0.000000E+00  2.354807E-05
        41 -2.479931E-17  0.000000E+00  2.354807E-05
        42 -2.073460E-17  0.000000E+00  2.354807E-05
        43  3.798099E-17  0.000000E+00  2.354807E-05
        44  0.000000E+00  0.000000E+00  2.354807E-05
        45  0.000000E+00 -3.276932E-05  7.159804E-06
        46 -6.341825E-17 -3.276932E-05  7.159804E-06
        47  2.597759E-17 -3.276932E-05  7.159804E-06
        48  7.173039E-17 -3.276932E-05  7.159804E-06
        49  2.256286E-17 -3.276932E-05  7.159804E-06
        50 -1.007927E-17 -3.276932E-05  7.159804E-06
        51 -2.661443E-17 -3.276932E-05  7.159804E-06
        52 -6.591713E-18 -3.276932E-05  7.159804E-06
        53  3.402936E-19 -3.276932E-05  7.159804E-06
        54  1.223715E-17 -3.276932E-05  7.159804E-06
        55  0.000000E+00 -3.276932E-05  7.159804E-06
        56  0.000000E+00 -3.667076E-05  1.058815E-04
        57 -6.738796E-17 -3.667076E-05  1.058815E-04
        58 -7.983312E-18 -3.667076E-05  1.058815E-04
        59  1.995179E-17 -3.667076E-05  1.058815E-04
        60  2.828529E-17 -3.667076E-05  1.058815E-04
        61  1.778097E-18 -3.667076E-05  1.058815E-04
        62  4.468433E-17 -3.667076E-05  1.058815E-04
        63 -3.434351E-18 -3.667076E-05  1.058815E-04
        64  8.433247E-19 -3.667076E-05  1.058815E-04
        65 -1.981396E-17 -3.667076E-05  1.058815E-04
        66  0.000000E+00 -3.667076E-05  1.058815E-04
        67  0.000000E+00  0.000000E+00  6.468343E-05
        68 -3.170557E-17  0.000000E+00  6.468343E-05
        69  8.426569E-17  0.000000E+00  6.468343E-05
        70  6.875526E-17  0.000000E+00  6.468343E-05
        71  2.473550E-17  0.000000E+00  6.468343E-05
        72  1.802456E-18  0.000000E+00  6.468343E-05
        73 -5.542263E-17  0.000000E+00  6.468343E-05
        74 -4.601992E-17  0.000000E+00  6.468343E-05
        75  2.195628E-18  0.000000E+00  6.468343E-05
        76  3.609842E-17  0.000000E+00  6.468343E-05
        77  0.000000E+00  0.000000E+00  6.468343E-05
        78  0.000000E+00 -8.987545E-05  3.350452E-05
        79 -2.767895E-17 -8.987545E-05  3.350452E-05
        80  1.821763E-17 -8.987545E-05  3.350452E-05
        81  8.256865E-17 -8.987545E-05  3.350452E-05
        82  3.062873E-17 -8.987545E-05  3.350452E-05
        83 -3.971337E-17 -8.987545E-05  3.350452E-05
        84 -5.385000E-17 -8.987545E-05  3.350452E-05
        85  2.826408E-18 -8.987545E-05  3.350452E-05
        86  6.450172E-18 -8.987545E-05  3.350452E-05
        87  1.212390E-17 -8.987545E-05  3.350452E-05
        88  0.000000E+00 -8.987545E-05  3.350452E-05
        89  0.000000E+00 -2.645777E-04  2.090285E-04
        90 -9.584319E-17 -2.645777E-04  2.090285E-04
        91  4.290914E-17 -2.645777E-04  2.090285E-04
        92  1.348252E-17 -2.645777E-04  2.090285E-04
        93  2.433201E-17 -2.645777E-04  2.090285E-04
        94  3.496898E-17 -2.645777E-04  2.090285E-04
        95 -3.080943E-18 -2.645777E-04  2.090285E-04
        96 -2.194314E-17 -2.645777E-04  2.090285E-04
        97  2.254360E-17 -2.645777E-04  2.090285E-04
        98 -5.432379E-17 -2.645777E-04  2.090285E-04
        99  0.000000E+00 -2.645777E-04  2.090285E-04
       100  0.000000E+00  0.000000E+00 -4.637629E-03
       101  8.788435E-17  0.000000E+00 -4.637629E-03
       102  1.017007E-16  0.000000E+00 -4.637629E-03
       103  4.181500E-17  0.000000E+00 -4.637629E-03
       104  6.408724E-17  0.000000E+00 -4.637629E-03
       105  7.873145E-17  0.000000E+00 -4.637629E-03
       106  5.926773E-17  0.000000E+00 -4.637629E-03
       107  5.423819E-18  0.000000E+00 -4.637629E-03
       108  1.387084E-17  0.000000E+00 -4.637629E-03
       109  8.493179E-17  0.000000E+00 -4.637629E-03
       110  0.000000E+00  0.000000E+00 -4.637629E-03
       111  0.000000E+00 -3.031615E-03 -4.631405E-03
       112  9.394510E-17 -3.031615E-03 -4.631405E-03
       113  9.166375E-17 -3.031615E-03 -4.631405E-03
       114  1.210668E-16 -3.031615E-03 -4.631405E-03
       115  3.120518E-17 -3.031615E-03 -4.631405E-03
       116  2.480610E-17 -3.031615E-03 -4.631405E-03
       117  8.034502E-17 -3.031615E-03 -4.631405E-03
       118  5.745588E-18 -3.031615E-03 -4.631405E-03
       119  3.605404E-17 -3.031615E-03 -4.631405E-03
       120  2.562283E-17 -3.031615E-03 -4.631405E-03
       121  0.000000E+00 -3.031615E-03 -4.631405E-03
       122  0.000000E+00 -6.281951E-03 -4.382271E-03
       123  1.031807E-16 -6.281951E-03 -4.382271E-03
       124  1.143950E-16 -6.281951E-03 -4.382271E-03
       125  4.887201E-17 -6.281951E-03 -4.382271E-03
       126  4.496389E-17 -6.281951E-03 -4.382271E-03
       127  5.337929E-17 -6.281951E-03 -4.382271E-03
       128  4.963080E-17 -6.281951E-03 -4.382271E-03
       129  4.036890E-17 -6.281951E-03 -4.382271E-03
       130  4.833193E-17 -6.281951E-03 -4.382271E-03
       131 -2.638356E-17 -6.281951E-03 -4.382271E-03
       132  0.000000E+00 -6.281951E-03 -4.382271E-03
       133  0.000000E+00  0.000000E+00 -6.559534E-03
       134  7.300672E-17  0.000000E+00 -6.559534E-03
       135  2.519188E-17  0.000000E+00 -6.559534E-03
       136  9.642501E-18  0.000000E+00 -6.559534E-03
       137  1.007926E-16  0.000000E+00 -6.559534E-03
       138  7.288376E-17  0.000000E+00 -6.559534E-03
       139  2.934472E-17  0.000000E+00 -6.559534E-03
       140  6.160793E-17  0.000000E+00 -6.559534E-03
       141  9.750079E-18  0.000000E+00 -6.559534E-03
       142  5.143273E-17  0.000000E+00 -6.559534E-03
       143  0.000000E+00  0.000000E+00 -6.559534E-03
       144  0.000000E+00 -3.288819E-03 -6.486741E-03
       145  2.418937E-17 -3.288819E-03 -6.486741E-03
       146  1.172621E-16 -3.288819E-03 -6.486741E-03
       147  5.967758E-17 -3.288819E-03 -6.486741E-03
       148  5.153469E-17 -3.288819E-03 -6.486741E-03
       149  6.760994E-17 -3.288819E-03 -6.486741E-03
       150  8.028410E-17 -3.288819E-03 -6.486741E-03
       151  3.740552E-17 -3.288819E-03 -6.486741E-03
       152  4.940037E-17 -3.288819E-03 -6.486741E-03
       153  4.531643E-18 -3.288819E-03 -6.486741E-03
       154  0.000000E+00 -3.288819E-03 -6.486741E-03
       155  0.000000E+00 -6.676059E-03 -6.116487E-03
       156  1.142650E-16 -6.676059E-03 -6.116487E-03
       157  1.490269E-16 -6.676059E-03 -6.116487E-03
       158  9.507980E-17 -6.676059E-03 -6.116487E-03
       159  9.271074E-18 -6.676059E-03 -6.116487E-03
       160  2.248476E-17 -6.676059E-03 -6.116487E-03
       161  9.654924E-17 -6.676059E-03 -6.116487E-03
       162  1.121198E-16 -6.676059E-03 -6.116487E-03
       163 -2.306003E-18 -6.676059E-03 -6.116487E-03
       164 -4.863157E-17 -6.676059E-03 -6.116487E-03
       165  0.000000E+00 -6.676059E-03 -6.116487E-03

 forces (fx,fy,fz) for set ALLN and time  0.6000000E+01

         1 -4.028133E+00  2.348578E+00  2.457176E+00
         2  3.616346E-12  4.697156E+00  4.914352E+00
         3  9.580790E-13  4.697156E+00  4.914352E+00
         4  8.279743E-13  4.697156E+00  4.914352E+00
         5 -1.905471E-12  4.697156E+00  4.914352E+00
         6  1.040582E-12  4.697156E+00  4.914352E+00
         7 -2.717606E-13  4.697156E+00  4.914352E+00
         8 -1.584239E-13  4.697156E+00  4.914352E+00
         9 -4.074046E-13  4.697156E+00  4.914352E+00
        10  4.903335E-13  4.697156E+00  4.914352E+00
        11  4.028133E+00  2.348578E+00  2.457176E+00
        12 -8.567273E+00  2.771272E-12  2.146040E+00
        13  2.917716E-12  5.153365E-13  4.292081E+00
        14 -1.373322E-12 -4.257097E-12  4.292081E+00
        15  4.475655E-12 -2.933783E-12  4.292081E+00
        16 -4.601630E-12  1.132926E-12  4.292081E+00
        17  8.544687E-13 -1.857120E-12  4.292081E+00
        18 -1.872712E-12 -2.537794E-12  4.292081E+00
        19 -3.018521E-15 -2.458022E-12  4.292081E+00
        20 -6.243753E-13 -1.508524E-12  4.292081E+00
        21  4.021308E-13  8.569254E-13  4.292081E+00
        22  8.567273E+00 -3.795565E-13  2.146040E+00
        23 -5.349923E+00  7.804008E-14 -4.603217E+00
        24 -3.009135E-12 -2.658040E-13 -9.206433E+00
        25 -8.768738E-13  3.298552E-12 -9.206433E+00
        26  2.324181E-12  1.115342E-12 -9.206433E+00
        27  5.135226E-13 -1.766073E-12 -9.206433E+00
        28 -7.677825E-13  7.003300E-13 -9.206433E+00
        29 -2.278666E-12  1.868088E-12 -9.206433E+00
        30  5.067510E-13  2.324051E-12 -9.206433E+00
        31  1.430743E-12  2.167534E-12 -9.206433E+00
        32  6.097067E-13  1.615773E-13 -9.206433E+00
        33  5.349923E+00  4.757750E-13 -4.603217E+00
        34 -7.888709E+00  5.245200E+00  5.251699E-12
        35  1.882486E-12  1.049040E+01 -4.226176E-13
        36  2.405547E-12  1.049040E+01  5.109958E-12
        37 -1.944939E-12  1.049040E+01 -7.300847E-13
        38 -1.212050E-12  1.049040E+01 -2.189710E-13
        39  4.977305E-13  1.049040E+01 -1.786453E-12
        40  7.788466E-13  1.049040E+01 -4.348516E-12
        41  4.322312E-13  1.049040E+01 -1.867105E-12
        42 -1.110472E-12  1.049040E+01 -9.791753E-13
        43  4.174783E-13  1.049040E+01 -2.206891E-12
        44  7.888709E+00  5.245200E+00 -3.365205E-12
        45 -1.649320E+01 -4.596426E-12 -8.864717E-13
        46 -2.833998E-12 -6.004152E-12 -2.227167E-11
        47  1.326372E-12 -1.349694E-12 -3.656001E-12
        48  3.973968E-13 -1.534889E-12 -3.713596E-12
        49 -3.967424E-13  3.211155E-12 -6.528494E-12
        50 -2.206820E-12  2.018003E-12  9.713670E-13
        51 -2.496557E-12 -1.307802E-12 -2.086740E-11
        52  7.152398E-13 -2.203698E-12 -1.473869E-11
        53 -2.646023E-12 -2.354591E-12 -1.159605E-11
        54  8.187508E-13  4.724878E-14 -1.136274E-11
        55  1.649320E+01 -7.537961E-13 -1.241409E-12
        56 -1.006035E+01  2.478715E-12 -6.628836E-12
        57  3.114772E-12  2.791032E-12 -1.427059E-11
        58 -1.115273E-12  1.732602E-12  1.633997E-11
        59  4.118287E-13 -5.984860E-13  1.715340E-11
        60  8.831673E-13 -3.391595E-12 -1.700458E-12
        61 -8.242323E-13 -1.404807E-12  1.655467E-12
        62 -2.323127E-12  2.295716E-12  1.654339E-11
        63  6.382770E-13  2.600901E-12  1.310110E-11
        64  2.143915E-13  3.685045E-12  1.355120E-11
        65  6.778185E-13  2.966881E-12 -8.123542E-12
        66  1.006035E+01  1.450297E-12  3.879849E-12
        67 -1.610402E+01 -3.376339E+00  7.935126E-13
        68 -1.841107E-13 -6.752678E+00  4.411994E-12
        69  2.076116E-12 -6.752678E+00 -6.840728E-12
        70 -7.513856E-12 -6.752678E+00 -1.058769E-11
        71  2.000796E-12 -6.752678E+00 -7.653807E-12
        72 -7.598247E-13 -6.752678E+00 -4.353621E-12
        73  5.026215E-12 -6.752678E+00  3.005943E-12
        74 -4.323430E-13 -6.752678E+00  4.122340E-12
        75 -2.539522E-12 -6.752678E+00  2.041954E-14
        76  6.569127E-13 -6.752678E+00  9.899582E-12
        77  1.610402E+01 -3.376339E+00  3.608145E-13
        78 -3.207536E+01  2.344177E-12  1.127879E-11
        79 -4.652089E-12 -7.217246E-12  2.029232E-11
        80  4.989896E-13 -7.735424E-12 -2.007210E-11
        81 -5.305040E-13  2.427107E-12 -7.834146E-12
        82  3.140962E-12  2.206342E-12 -8.444864E-12
        83 -2.915945E-12 -9.144109E-13 -2.175719E-11
        84  6.110139E-13  6.283967E-12  2.200102E-11
        85 -2.200001E-12  1.789391E-12  2.366067E-11
        86 -1.976955E-12  3.471940E-12  2.019422E-11
        87  5.569288E-14  5.898893E-12  2.976397E-11
        88  3.207536E+01  1.700682E-12  3.018964E-12
        89 -1.717965E+01 -2.632693E-12  1.300210E-11
        90 -4.199625E-12  2.965457E-12  1.534693E-11
        91  1.127448E-12  7.084120E-12 -1.772247E-11
        92  7.029644E-13 -2.435776E-12 -6.425964E-12
        93 -4.423445E-12  2.658082E-13 -1.410438E-11
        94  7.607744E-12  3.951468E-12 -1.140978E-11
        95 -1.648030E-12 -3.865405E-12 -7.210129E-12
        96 -2.404871E-12  1.054326E-13  4.375526E-12
        97  2.204974E-12  2.555344E-12 -1.430324E-12
        98 -2.371406E-12  4.538353E-13  5.959331E-12
        99  1.717965E+01  2.257252E-12 -4.787261E-12
       100 -1.031310E+01 -4.217440E+00  6.953460E-14
       101 -7.834701E-13 -8.434879E+00 -3.355149E-13
       102 -4.997383E-13 -8.434879E+00  2.298760E-12
       103  7.047523E-14 -8.434879E+00  6.099216E-12
       104  1.059387E-13 -8.434879E+00  1.130995E-11
       105  2.574137E-13 -8.434879E+00  1.137690E-11
       106  3.083900E-13 -8.434879E+00  1.612791E-12
       107 -3.337028E-13 -8.434879E+00 -1.944044E-12
       108  1.134592E-12 -8.434879E+00  3.265525E-12
       109  9.740980E-13 -8.434879E+00 -2.458172E-12
       110  1.031310E+01 -4.217440E+00  1.712016E-12
       111 -1.981735E+01  1.189862E-12 -8.585141E-12
       112 -4.056434E-12 -2.719994E-12 -4.904807E-12
       113 -9.423421E-13 -8.751628E-12  2.575664E-11
       114  2.692966E-12 -1.205791E-12  6.594416E-12
       115  1.631738E-12 -6.207053E-12  3.270641E-12
       116  6.214382E-13 -2.780497E-13  1.029047E-11
       117 -4.892583E-13 -2.719419E-13 -1.137913E-12
       118 -2.827588E-12  9.188751E-13 -6.597004E-12
       119  3.909012E-12  7.705698E-13  1.439528E-12
       120 -2.803699E-12  3.586154E-12 -5.036018E-12
       121  1.981735E+01 -2.091868E-12  1.923989E-12
       122 -1.008281E+01 -1.065431E-12 -3.910628E-12
       123 -1.126997E-12  4.825741E-13 -4.595853E-12
       124 -2.621811E-12  8.239786E-12  1.886859E-11
       125  3.128475E-12  2.436016E-12  2.986910E-12
       126 -3.918284E-14  3.415853E-12  1.239792E-11
       127  2.252767E-12 -1.305193E-12  6.680399E-12
       128 -1.590504E-12 -5.020463E-13  1.934401E-12
       129 -5.036917E-13 -1.207175E-12 -4.063856E-12
       130  3.532647E-12  9.786052E-14  2.262007E-12
       131 -3.659690E-12 -2.971658E-12 -5.077538E-12
       132  1.008281E+01  1.903956E-12  5.883138E-12
       133  0.000000E+00  0.000000E+00  0.000000E+00
       134  0.000000E+00  0.000000E+00  0.000000E+00
       135  0.000000E+00  0.000000E+00  0.000000E+00
       136  0.000000E+00  0.000000E+00  0.000000E+00
       137  0.000000E+00  0.000000E+00  0.000000E+00
       138  0.000000E+00  0.000000E+00  0.000000E+00
       139  0.000000E+00  0.000000E+00  0.000000E+00
       140  0.000000E+00  0.000000E+00  0.000000E+00
       141  0.000000E+00  0.000000E+00  0.000000E+00
       142  0.000000E+00  0.000000E+00  0.000000E+00
       143  0.000000E+00  0.000000E+00  0.000000E+00
       144  0.000000E+00  0.000000E+00  0.000000E+00
       145  0.000000E+00  0.000000E+00  0.000000E+00
       146  0.000000E+00  0.000000E+00  0.000000E+00
       147  0.000000E+00  0.000000E+00  0.000000E+00
       148  0.000000E+00  0.000000E+00  0.000000E+00
       149  0.000000E+00  0.000000E+00  0.000000E+00
       150  0.000000E+00  0.000000E+00  0.000000E+00
       151  0.000000E+00  0.000000E+00  0.000000E+00
       152  0.000000E+00  0.000000E+00  0.000000E+00
       153  0.000000E+00  0.000000E+00  0.000000E+00
       154  0.000000E+00  0.000000E+00  0.000000E+00
       155  0.000000E+00  0.000000E+00  0.000000E+00
       156  0.000000E+00  0.000000E+00  0.000000E+00
       157  0.000000E+00  0.000000E+00  0.000000E+00
       158  0.000000E+00  0.000000E+00  0.000000E+00
       159  0.000000E+00  0.000000E+00  0.000000E+00
       160  0.000000E+00  0.000000E+00  0.000000E+00
       161  0.000000E+00  0.000000E+00  0.000000E+00
       162  0.000000E+00  0.000000E+00  0.000000E+00
       163  0.000000E+00  0.000000E+00  0.000000E+00
       164  0.000000E+00  0.000000E+00  0.000000E+00
       165  0.000000E+00  0.000000E+00  0.000000E+00

 stresses (elem, integ.pnt.,sxx,syy,szz,sxy,sxz,syz) for set ALLE and time  0.6000000E+01

         1   1  3.290281E+01 -1.309707E+01 -6.874011E+00 -9.835378E-13 -1.702265E-12 -1.157487E+00
         1   2  3.290281E+01 -1.309707E+01 -6.874011E+00 -2.578461E-12 -6.066620E-12 -1.157487E+00
         1   3  3.130417E+01 -1.469698E+01 -1.098665E+01 -2.077043E-12 -1.253085E-12 -3.691706E+00
         1   4  3.130417E+01 -1.469698E+01 -1.098665E+01 -3.671962E-12 -3.470543E-12 -3.691706E+00
         1   5  3.129041E+01 -1.724503E+01 -8.487662E+00 -3.765625E-13 -1.980876E-12 -1.785672E+00
         1   6  3.129041E+01 -1.724503E+01 -8.487662E+00 -8.933880E-13 -6.345369E-12 -1.785672E+00
         1   7  2.969178E+01 -1.884502E+01 -1.260038E+01 -8.903137E-13 -2.464875E-12 -4.319992E+00
         1   8  2.969178E+01 -1.884502E+01 -1.260038E+01 -1.407101E-12 -4.679532E-12 -4.319992E+00
         2   1  3.290281E+01 -1.309707E+01 -6.874011E+00 -1.842545E-12 -5.975480E-12 -1.157487E+00
         2   2  3.290281E+01 -1.309707E+01 -6.874011E+00 -1.804146E-12  1.247279E-13 -1.157487E+00
         2   3  3.130417E+01 -1.469698E+01 -1.098665E+01  6.194567E-13 -2.669261E-12 -3.691706E+00
         2   4  3.130417E+01 -1.469698E+01 -1.098665E+01  6.597617E-13  2.149471E-12 -3.691706E+00
         2   5  3.129041E+01 -1.724503E+01 -8.487662E+00 -4.672138E-13 -7.771383E-12 -1.785672E+00
         2   6  3.129041E+01 -1.724503E+01 -8.487662E+00 -1.070590E-12 -1.663940E-12 -1.785672E+00
         2   7  2.969178E+01 -1.884502E+01 -1.260038E+01  1.329301E-12 -4.274964E-12 -4.319992E+00
         2   8  2.969178E+01 -1.884502E+01 -1.260038E+01  7.295901E-13  5.284336E-13 -4.319992E+00
         3   1  3.290281E+01 -1.309707E+01 -6.874011E+00 -1.802730E-12  2.207072E-12 -1.157487E+00
         3   2  3.290281E+01 -1.309707E+01 -6.874011E+00 -2.473691E-13  4.968170E-13 -1.157487E+00
         3   3  3.130417E+01 -1.469698E+01 -1.098665E+01 -9.048874E-13  3.302154E-12 -3.691706E+00
         3   4  3.130417E+01 -1.469698E+01 -1.098665E+01  6.505865E-13  2.321717E-13 -3.691706E+00
         3   5  3.129041E+01 -1.724503E+01 -8.487662E+00 -1.331842E-12  1.724185E-12 -1.785672E+00
         3   6  3.129041E+01 -1.724503E+01 -8.487662E+00 -4.832617E-13  5.860057E-14 -1.785672E+00
         3   7  2.969178E+01 -1.884502E+01 -1.260038E+01 -4.908480E-13  3.103837E-12 -4.319992E+00
         3   8  2.969178E+01 -1.884502E+01 -1.260038E+01  3.602549E-13  3.846962E-14 -4.319992E+00
         4   1  3.290281E+01 -1.309707E+01 -6.874011E+00 -3.246354E-13  1.945666E-13 -1.157487E+00
         4   2  3.290281E+01 -1.309707E+01 -6.874011E+00 -1.188212E-12  1.481480E-12 -1.157487E+00
         4   3  3.130417E+01 -1.469698E+01 -1.098665E+01 -3.771748E-13 -4.706768E-14 -3.691706E+00
         4   4  3.130417E+01 -1.469698E+01 -1.098665E+01 -1.242528E-12  1.437192E-12 -3.691706E+00
         4   5  3.129041E+01 -1.724503E+01 -8.487662E+00 -7.548764E-13 -8.175188E-13 -1.785672E+00
         4   6  3.129041E+01 -1.724503E+01 -8.487662E+00 -1.444218E-12  4.718005E-13 -1.785672E+00
         4   7  2.969178E+01 -1.884502E+01 -1.260038E+01 -8.521445E-13  3.839553E-13 -4.319992E+00
         4   8  2.969178E+01 -1.884502E+01 -1.260038E+01 -1.547099E-12  1.867026E-12 -4.319992E+00
         5   1  3.290281E+01 -1.309707E+01 -6.874011E+00  3.321458E-14  2.293586E-12 -1.157487E+00
         5   2  3.290281E+01 -1.309707E+01 -6.874011E+00  2.788936E-12  6.305676E-13 -1.157487E+00
         5   3  3.130417E+01 -1.469698E+01 -1.098665E+01  1.388752E-12  1.306923E-12 -3.691706E+00
         5   4  3.130417E+01 -1.469698E+01 -1.098665E+01  4.158060E-12 -4.547167E-13 -3.691706E+00
         5   5  3.129041E+01 -1.724503E+01 -8.487662E+00 -3.092587E-13  4.067053E-12 -1.785672E+00
         5   6  3.129041E+01 -1.724503E+01 -8.487662E+00  2.405155E-12  2.330019E-12 -1.785672E+00
         5   7  2.969178E+01 -1.884502E+01 -1.260038E+01  7.062061E-13  1.641161E-12 -4.319992E+00
         5   8  2.969178E+01 -1.884502E+01 -1.260038E+01  3.417901E-12 -8.319592E-14 -4.319992E+00
         6   1  3.290281E+01 -1.309707E+01 -6.874011E+00  1.763747E-12 -1.713873E-12 -1.157487E+00
         6   2  3.290281E+01 -1.309707E+01 -6.874011E+00 -1.677874E-12 -5.125777E-12 -1.157487E+00
         6   3  3.130417E+01 -1.469698E+01 -1.098665E+01  1.083870E-12 -2.009539E-12 -3.691706E+00
         6   4  3.130417E+01 -1.469698E+01 -1.098665E+01 -2.355834E-12 -4.584288E-12 -3.691706E+00
         6   5  3.129041E+01 -1.724503E+01 -8.487662E+00  1.640922E-12 -1.158238E-12 -1.785672E+00
         6   6  3.129041E+01 -1.724503E+01 -8.487662E+00 -1.372816E-12 -4.548231E-12 -1.785672E+00
         6   7  2.969178E+01 -1.884502E+01 -1.260038E+01  1.111119E-12 -1.378972E-12 -4.319992E+00
         6   8  2.969178E+01 -1.884502E+01 -1.260038E+01 -1.913281E-12 -3.896268E-12 -4.319992E+00
         7   1  3.290281E+01 -1.309707E+01 -6.874011E+00 -2.397409E-12 -5.129009E-12 -1.157487E+00
         7   2  3.290281E+01 -1.309707E+01 -6.874011E+00 -8.462588E-14 -6.643272E-13 -1.157487E+00
         7   3  3.130417E+01 -1.469698E+01 -1.098665E+01 -3.780230E-12 -3.979467E-12 -3.691706E+00
         7   4  3.130417E+01 -1.469698E+01 -1.098665E+01 -1.482587E-12 -8.705752E-14 -3.691706E+00
         7   5  3.129041E+01 -1.724503E+01 -8.487662E+00 -2.063006E-12 -5.476331E-12 -1.785672E+00
         7   6  3.129041E+01 -1.724503E+01 -8.487662E+00  4.692908E-14 -1.058119E-12 -1.785672E+00
         7   7  2.969178E+01 -1.884502E+01 -1.260038E+01 -3.416421E-12 -3.123376E-12 -4.319992E+00
         7   8  2.969178E+01 -1.884502E+01 -1.260038E+01 -1.296291E-12  6.812757E-13 -4.319992E+00
         8   1  3.290281E+01 -1.309707E+01 -6.874011E+00  1.041432E-12  1.080201E-12 -1.157487E+00
         8   2  3.290281E+01 -1.309707E+01 -6.874011E+00  1.115511E-12  1.136190E-12 -1.157487E+00
         8   3  3.130417E+01 -1.469698E+01 -1.098665E+01  4.545056E-13  7.983978E-13 -3.691706E+00
         8   4  3.130417E+01 -1.469698E+01 -1.098665E+01  5.457343E-13  5.854522E-13 -3.691706E+00
         8   5  3.129041E+01 -1.724503E+01 -8.487662E+00  1.105246E-12  1.165614E-12 -1.785672E+00
         8   6  3.129041E+01 -1.724503E+01 -8.487662E+00  8.917778E-13  1.162115E-12 -1.785672E+00
         8   7  2.969178E+01 -1.884502E+01 -1.260038E+01  7.829035E-13  6.184719E-13 -4.319992E+00
         8   8  2.969178E+01 -1.884502E+01 -1.260038E+01  5.776353E-13  3.989550E-13 -4.319992E+00
         9   1  3.290281E+01 -1.309707E+01 -6.874011E+00  1.149113E-12  1.515101E-12 -1.157487E+00
         9   2  3.290281E+01 -1.309707E+01 -6.874011E+00 -1.543588E-13  1.807156E-12 -1.157487E+00
         9   3  3.130417E+01 -1.469698E+01 -1.098665E+01  1.865848E-12  9.535479E-13 -3.691706E+00
         9   4  3.130417E+01 -1.469698E+01 -1.098665E+01  5.841555E-13  1.662815E-12 -3.691706E+00
         9   5  3.129041E+01 -1.724503E+01 -8.487662E+00  7.492808E-13  1.825275E-12 -1.785672E+00
         9   6  3.129041E+01 -1.724503E+01 -8.487662E+00 -3.241052E-13  2.062631E-12 -1.785672E+00
         9   7  2.969178E+01 -1.884502E+01 -1.260038E+01  1.355785E-12  1.355775E-12 -4.319992E+00
         9   8  2.969178E+01 -1.884502E+01 -1.260038E+01  2.786287E-13  2.161874E-12 -4.319992E+00
        10   1  3.290281E+01 -1.309707E+01 -6.874011E+00 -2.990187E-13  1.645715E-12 -1.157487E+00
        10   2  3.290281E+01 -1.309707E+01 -6.874011E+00  2.231520E-13  6.796264E-13 -1.157487E+00
        10   3  3.130417E+01 -1.469698E+01 -1.098665E+01  7.702765E-13  1.135404E-12 -3.691706E+00
        10   4  3.130417E+01 -1.469698E+01 -1.098665E+01  1.242254E-12  1.695771E-13 -3.691706E+00
        10   5  3.129041E+01 -1.724503E+01 -8.487662E+00 -6.206542E-13  2.227609E-12 -1.785672E+00
        10   6  3.129041E+01 -1.724503E+01 -8.487662E+00 -3.577574E-14  1.329557E-12 -1.785672E+00
        10   7  2.969178E+01 -1.884502E+01 -1.260038E+01 -1.631718E-13  6.437694E-13 -4.319992E+00
        10   8  2.969178E+01 -1.884502E+01 -1.260038E+01  3.930681E-13 -3.483639E-13 -4.319992E+00
        11   1  3.532944E+01 -8.961932E+00 -2.337662E+00 -1.672642E-12 -7.533363E-13 -3.361843E+00
        11   2  3.532944E+01 -8.961932E+00 -2.337662E+00 -2.716638E-12 -1.349906E-12 -3.361843E+00
        11   3  4.495903E+01  6.762202E-01  2.243289E+01 -2.953856E-14  1.690546E-13 -4.338734E+00
        11   4  4.495903E+01  6.762202E-01  2.243289E+01 -1.073524E-12  1.841724E-12 -4.338734E+00
        11   5  3.470815E+01 -1.056079E+01 -2.959045E+00 -2.952662E-13 -2.214497E-12  4.218920E-01
        11   6  3.470815E+01 -1.056079E+01 -2.959045E+00 -2.008046E-13 -2.810172E-12  4.218920E-01
        11   7  4.433772E+01 -9.224699E-01  2.181168E+01  1.236345E-12 -1.037840E-12 -5.557300E-01
        11   8  4.433772E+01 -9.224699E-01  2.181168E+01  1.330602E-12  6.311816E-13 -5.557300E-01
        12   1  3.532944E+01 -8.961932E+00 -2.337662E+00  1.812668E-12 -4.325756E-13 -3.361843E+00
        12   2  3.532944E+01 -8.961932E+00 -2.337662E+00  4.106711E-12  2.089994E-12 -3.361843E+00
        12   3  4.495903E+01  6.762202E-01  2.243289E+01 -2.261210E-12  2.362090E-12 -4.338734E+00
        12   4  4.495903E+01  6.762202E-01  2.243289E+01  3.190032E-14 -7.983755E-14 -4.338734E+00
        12   5  3.470815E+01 -1.056079E+01 -2.959045E+00  2.105517E-12 -1.274705E-12  4.218920E-01
        12   6  3.470815E+01 -1.056079E+01 -2.959045E+00  1.921639E-12  1.220958E-12  4.218920E-01
        12   7  4.433772E+01 -9.224699E-01  2.181168E+01 -9.021439E-13  3.342349E-12 -5.557300E-01
        12   8  4.433772E+01 -9.224699E-01  2.181168E+01 -1.084627E-12  9.111039E-13 -5.557300E-01
        13   1  3.532944E+01 -8.961932E+00 -2.337662E+00  3.060387E-12  2.382143E-12 -3.361843E+00
        13   2  3.532944E+01 -8.961932E+00 -2.337662E+00 -1.044960E-13 -3.567244E-13 -3.361843E+00
        13   3  4.495903E+01  6.762202E-01  2.243289E+01  4.431974E-12 -1.187874E-12 -4.338734E+00
        13   4  4.495903E+01  6.762202E-01  2.243289E+01  1.265202E-12 -1.380692E-12 -4.338734E+00
        13   5  3.470815E+01 -1.056079E+01 -2.959045E+00  9.529872E-13  2.484079E-12  4.218920E-01
        13   6  3.470815E+01 -1.056079E+01 -2.959045E+00 -9.732427E-13 -2.624463E-13  4.218920E-01
        13   7  4.433772E+01 -9.224699E-01  2.181168E+01  1.948434E-12 -5.560256E-13 -5.557300E-01
        13   8  4.433772E+01 -9.224699E-01  2.181168E+01  2.557625E-14 -7.425555E-13 -5.557300E-01
        14   1  3.532944E+01 -8.961932E+00 -2.337662E+00 -2.506279E-12 -5.442252E-13 -3.361843E+00
        14   2  3.532944E+01 -8.961932E+00 -2.337662E+00 -8.442071E-13  1.406477E-12 -3.361843E+00
        14   3  4.495903E+01  6.762202E-01  2.243289E+01 -1.751121E-12 -1.415096E-12 -4.338734E+00
        14   4  4.495903E+01  6.762202E-01  2.243289E+01 -9.005689E-14  1.112316E-12 -4.338734E+00
        14   5  3.470815E+01 -1.056079E+01 -2.959045E+00 -2.194983E-12 -3.090441E-13  4.218920E-01
        14   6  3.470815E+01 -1.056079E+01 -2.959045E+00 -1.836901E-13  1.625683E-12  4.218920E-01
        14   7  4.433772E+01 -9.224699E-01  2.181168E+01 -2.213905E-13 -3.334714E-12 -5.557300E-01
        14   8  4.433772E+01 -9.224699E-01  2.181168E+01  1.796001E-12 -7.562707E-13 -5.557300E-01
        15   1  3.532944E+01 -8.961932E+00 -2.337662E+00  1.271135E-12  1.105611E-12 -3.361843E+00
        15   2  3.532944E+01 -8.961932E+00 -2.337662E+00  1.847082E-12 -1.193992E-12 -3.361843E+00
        15   3  4.495903E+01  6.762202E-01  2.243289E+01 -1.104269E-12  1.615178E-12 -4.338734E+00
        15   4  4.495903E+01  6.762202E-01  2.243289E+01 -5.358331E-13 -1.869170E-12 -4.338734E+00
        15   5  3.470815E+01 -1.056079E+01 -2.959045E+00  1.055246E-12  1.021706E-12  4.218920E-01
        15   6  3.470815E+01 -1.056079E+01 -2.959045E+00  1.049842E-12 -1.250552E-12  4.218920E-01
        15   7  4.433772E+01 -9.224699E-01  2.181168E+01 -7.804054E-13  1.835714E-12 -5.557300E-01
        15   8  4.433772E+01 -9.224699E-01  2.181168E+01 -7.885384E-13 -1.660609E-12 -5.557300E-01
        16   1  3.532944E+01 -8.961932E+00 -2.337662E+00 -6.234393E-13 -2.110460E-12 -3.361843E+00
        16   2  3.532944E+01 -8.961932E+00 -2.337662E+00 -5.228165E-13 -3.425989E-12 -3.361843E+00
        16   3  4.495903E+01  6.762202E-01  2.243289E+01 -5.744829E-13 -2.189630E-12 -4.338734E+00
        16   4  4.495903E+01  6.762202E-01  2.243289E+01 -4.930781E-13 -6.499262E-13 -4.338734E+00
        16   5  3.470815E+01 -1.056079E+01 -2.959045E+00 -7.823616E-13 -1.165539E-12  4.218920E-01
        16   6  3.470815E+01 -1.056079E+01 -2.959045E+00  7.005276E-13 -2.506603E-12  4.218920E-01
        16   7  4.433772E+01 -9.224699E-01  2.181168E+01 -1.461631E-12 -5.617433E-13 -5.557300E-01
        16   8  4.433772E+01 -9.224699E-01  2.181168E+01  2.116608E-14  9.263877E-13 -5.557300E-01
        17   1  3.532944E+01 -8.961932E+00 -2.337662E+00 -1.189573E-12 -2.807128E-12 -3.361843E+00
        17   2  3.532944E+01 -8.961932E+00 -2.337662E+00 -8.907568E-13  1.014695E-13 -3.361843E+00
        17   3  4.495903E+01  6.762202E-01  2.243289E+01  7.929465E-14 -3.517496E-13 -4.338734E+00
        17   4  4.495903E+01  6.762202E-01  2.243289E+01  3.758718E-13 -2.288434E-13 -4.338734E+00
        17   5  3.470815E+01 -1.056079E+01 -2.959045E+00  1.422136E-13 -1.621255E-12  4.218920E-01
        17   6  3.470815E+01 -1.056079E+01 -2.959045E+00 -8.932372E-13  1.328500E-12  4.218920E-01
        17   7  4.433772E+01 -9.224699E-01  2.181168E+01  1.462009E-12  4.592953E-13 -5.557300E-01
        17   8  4.433772E+01 -9.224699E-01  2.181168E+01  4.536328E-13  5.599914E-13 -5.557300E-01
        18   1  3.532944E+01 -8.961932E+00 -2.337662E+00  1.790450E-13  3.990591E-13 -3.361843E+00
        18   2  3.532944E+01 -8.961932E+00 -2.337662E+00  7.512890E-14  9.038333E-15 -3.361843E+00
        18   3  4.495903E+01  6.762202E-01  2.243289E+01  3.933003E-13 -7.219679E-13 -4.338734E+00
        18   4  4.495903E+01  6.762202E-01  2.243289E+01  2.818799E-13 -4.811057E-13 -4.338734E+00
        18   5  3.470815E+01 -1.056079E+01 -2.959045E+00  8.462946E-14  1.167834E-13  4.218920E-01
        18   6  3.470815E+01 -1.056079E+01 -2.959045E+00  2.066383E-13 -3.786899E-13  4.218920E-01
        18   7  4.433772E+01 -9.224699E-01  2.181168E+01  1.596394E-14 -1.452203E-12 -5.557300E-01
        18   8  4.433772E+01 -9.224699E-01  2.181168E+01  1.202674E-13 -1.223633E-12 -5.557300E-01
        19   1  3.532944E+01 -8.961932E+00 -2.337662E+00  1.494553E-12  7.156865E-14 -3.361843E+00
        19   2  3.532944E+01 -8.961932E+00 -2.337662E+00  1.146967E-12  3.041325E-13 -3.361843E+00
        19   3  4.495903E+01  6.762202E-01  2.243289E+01 -1.001391E-13 -1.524816E-12 -4.338734E+00
        19   4  4.495903E+01  6.762202E-01  2.243289E+01 -5.018929E-13 -2.605606E-12 -4.338734E+00
        19   5  3.470815E+01 -1.056079E+01 -2.959045E+00  1.162603E-12 -3.346547E-13  4.218920E-01
        19   6  3.470815E+01 -1.056079E+01 -2.959045E+00  1.392518E-13  5.205345E-14  4.218920E-01
        19   7  4.433772E+01 -9.224699E-01  2.181168E+01  1.833603E-13 -4.345221E-12 -5.557300E-01
        19   8  4.433772E+01 -9.224699E-01  2.181168E+01 -8.318990E-13 -5.404795E-12 -5.557300E-01
        20   1  3.532944E+01 -8.961932E+00 -2.337662E+00  1.762417E-12  5.418961E-13 -3.361843E+00
        20   2  3.532944E+01 -8.961932E+00 -2.337662E+00  1.555405E-12  2.193905E-13 -3.361843E+00
        20   3  4.495903E+01  6.762202E-01  2.243289E+01  8.232281E-13 -5.735573E-13 -4.338734E+00
        20   4  4.495903E+01  6.762202E-01  2.243289E+01  6.395032E-13  6.782285E-13 -4.338734E+00
        20   5  3.470815E+01 -1.056079E+01 -2.959045E+00  8.931293E-14  6.194467E-13  4.218920E-01
        20   6  3.470815E+01 -1.056079E+01 -2.959045E+00  6.520037E-13  3.236394E-13  4.218920E-01
        20   7  4.433772E+01 -9.224699E-01  2.181168E+01  2.096760E-13  2.358267E-12 -5.557300E-01
        20   8  4.433772E+01 -9.224699E-01  2.181168E+01  7.171850E-13  3.555151E-12 -5.557300E-01
        21   1  3.270882E+01 -1.835502E+01 -2.307821E+00 -6.172422E-14 -3.595262E-13 -2.897902E+00
        21   2  3.270882E+01 -1.835502E+01 -2.307821E+00 -1.763889E-14  1.513428E-12 -2.897902E+00
        21   3  3.126588E+01 -1.979892E+01 -6.019642E+00 -2.788268E-13 -1.350793E-12 -7.276022E+00
        21   4  3.126588E+01 -1.979892E+01 -6.019642E+00 -2.349483E-13  1.461913E-12 -7.276022E+00
        21   5  2.992316E+01 -2.552115E+01 -5.095387E+00  1.905233E-13 -1.903228E-12 -3.464922E+00
        21   6  2.992316E+01 -2.552115E+01 -5.095387E+00  6.992186E-13 -3.018462E-14 -3.464922E+00
        21   7  2.848022E+01 -2.696516E+01 -8.807322E+00  2.037957E-13 -2.111581E-12 -7.843298E+00
        21   8  2.848022E+01 -2.696516E+01 -8.807322E+00  7.139390E-13  7.016800E-13 -7.843298E+00
        22   1  3.270882E+01 -1.835502E+01 -2.307821E+00  5.970654E-14 -4.561486E-13 -2.897902E+00
        22   2  3.270882E+01 -1.835502E+01 -2.307821E+00 -1.215924E-12 -9.857130E-13 -2.897902E+00
        22   3  3.126588E+01 -1.979892E+01 -6.019642E+00  1.276115E-12  1.036891E-12 -7.276022E+00
        22   4  3.126588E+01 -1.979892E+01 -6.019642E+00 -1.008599E-15 -1.831979E-12 -7.276022E+00
        22   5  2.992316E+01 -2.552115E+01 -5.095387E+00  9.886346E-14 -1.648734E-12 -3.464922E+00
        22   6  2.992316E+01 -2.552115E+01 -5.095387E+00 -2.343702E-12 -2.173072E-12 -3.464922E+00
        22   7  2.848022E+01 -2.696516E+01 -8.807322E+00  4.126012E-13  1.035826E-12 -7.843298E+00
        22   8  2.848022E+01 -2.696516E+01 -8.807322E+00 -2.031685E-12 -1.828853E-12 -7.843298E+00
        23   1  3.270882E+01 -1.835502E+01 -2.307821E+00 -1.413606E-12  6.332026E-13 -2.897902E+00
        23   2  3.270882E+01 -1.835502E+01 -2.307821E+00 -2.950214E-13 -2.064934E-12 -2.897902E+00
        23   3  3.126588E+01 -1.979892E+01 -6.019642E+00 -5.748781E-13 -2.851597E-13 -7.276022E+00
        23   4  3.126588E+01 -1.979892E+01 -6.019642E+00  5.368408E-13 -1.276115E-13 -7.276022E+00
        23   5  2.992316E+01 -2.552115E+01 -5.095387E+00 -2.100557E-12  9.028366E-13 -3.464922E+00
        23   6  2.992316E+01 -2.552115E+01 -5.095387E+00  4.317168E-13 -1.841059E-12 -3.464922E+00
        23   7  2.848022E+01 -2.696516E+01 -8.807322E+00 -1.211838E-12 -2.843265E-15 -7.843298E+00
        23   8  2.848022E+01 -2.696516E+01 -8.807322E+00  1.322785E-12  1.593831E-13 -7.843298E+00
        24   1  3.270882E+01 -1.835502E+01 -2.307821E+00 -4.824535E-13 -2.797159E-12 -2.897902E+00
        24   2  3.270882E+01 -1.835502E+01 -2.307821E+00 -1.173583E-12 -2.279265E-12 -2.897902E+00
        24   3  3.126588E+01 -1.979892E+01 -6.019642E+00 -6.340653E-13  9.381582E-13 -7.276022E+00
        24   4  3.126588E+01 -1.979892E+01 -6.019642E+00 -1.313779E-12  1.169649E-12 -7.276022E+00
        24   5  2.992316E+01 -2.552115E+01 -5.095387E+00  6.636398E-13  1.398973E-13 -3.464922E+00
        24   6  2.992316E+01 -2.552115E+01 -5.095387E+00 -9.577184E-14  6.339154E-13 -3.464922E+00
        24   7  2.848022E+01 -2.696516E+01 -8.807322E+00  4.152405E-13  4.432934E-13 -7.843298E+00
        24   8  2.848022E+01 -2.696516E+01 -8.807322E+00 -3.614390E-13  7.404569E-13 -7.843298E+00
        25   1  3.270882E+01 -1.835502E+01 -2.307821E+00 -3.554666E-13  2.382518E-12 -2.897902E+00
        25   2  3.270882E+01 -1.835502E+01 -2.307821E+00  1.440627E-12  6.596806E-12 -2.897902E+00
        25   3  3.126588E+01 -1.979892E+01 -6.019642E+00  5.998371E-13  9.201674E-13 -7.276022E+00
        25   4  3.126588E+01 -1.979892E+01 -6.019642E+00  2.366862E-12  2.518705E-13 -7.276022E+00
        25   5  2.992316E+01 -2.552115E+01 -5.095387E+00 -1.225478E-13  2.175192E-13 -3.464922E+00
        25   6  2.992316E+01 -2.552115E+01 -5.095387E+00 -7.595367E-13  4.434368E-12 -3.464922E+00
        25   7  2.848022E+01 -2.696516E+01 -8.807322E+00  9.908300E-13  5.329857E-13 -7.843298E+00
        25   8  2.848022E+01 -2.696516E+01 -8.807322E+00  3.496821E-13 -1.533431E-13 -7.843298E+00
        26   1  3.270882E+01 -1.835502E+01 -2.307821E+00  8.126656E-13  3.752462E-12 -2.897902E+00
        26   2  3.270882E+01 -1.835502E+01 -2.307821E+00 -1.224225E-12 -4.186778E-12 -2.897902E+00
        26   3  3.126588E+01 -1.979892E+01 -6.019642E+00  3.806171E-13 -1.331174E-14 -7.276022E+00
        26   4  3.126588E+01 -1.979892E+01 -6.019642E+00 -1.636635E-12 -3.238195E-12 -7.276022E+00
        26   5  2.992316E+01 -2.552115E+01 -5.095387E+00 -1.400791E-12  3.259205E-12 -3.464922E+00
        26   6  2.992316E+01 -2.552115E+01 -5.095387E+00 -1.095205E-12 -4.724853E-12 -3.464922E+00
        26   7  2.848022E+01 -2.696516E+01 -8.807322E+00 -1.550038E-12  1.444786E-12 -7.843298E+00
        26   8  2.848022E+01 -2.696516E+01 -8.807322E+00 -1.268566E-12 -1.851741E-12 -7.843298E+00
        27   1  3.270882E+01 -1.835502E+01 -2.307821E+00 -1.646783E-12 -6.828454E-12 -2.897902E+00
        27   2  3.270882E+01 -1.835502E+01 -2.307821E+00  3.893957E-13 -2.940765E-12 -2.897902E+00
        27   3  3.126588E+01 -1.979892E+01 -6.019642E+00 -3.038438E-12 -3.687475E-12 -7.276022E+00
        27   4  3.126588E+01 -1.979892E+01 -6.019642E+00 -1.007170E-12  5.871939E-14 -7.276022E+00
        27   5  2.992316E+01 -2.552115E+01 -5.095387E+00 -8.039934E-13 -5.780981E-12 -3.464922E+00
        27   6  2.992316E+01 -2.552115E+01 -5.095387E+00  1.188537E-12 -1.960829E-12 -3.464922E+00
        27   7  2.848022E+01 -2.696516E+01 -8.807322E+00 -2.380395E-12 -4.408020E-12 -7.843298E+00
        27   8  2.848022E+01 -2.696516E+01 -8.807322E+00 -3.285498E-13 -8.183830E-13 -7.843298E+00
        28   1  3.270882E+01 -1.835502E+01 -2.307821E+00  1.354466E-12 -7.247617E-13 -2.897902E+00
        28   2  3.270882E+01 -1.835502E+01 -2.307821E+00  7.501839E-13  9.999091E-13 -2.897902E+00
        28   3  3.126588E+01 -1.979892E+01 -6.019642E+00  1.146158E-12  4.000066E-13 -7.276022E+00
        28   4  3.126588E+01 -1.979892E+01 -6.019642E+00  5.517184E-13  7.516519E-13 -7.276022E+00
        28   5  2.992316E+01 -2.552115E+01 -5.095387E+00  1.979830E-12 -9.295421E-13 -3.464922E+00
        28   6  2.992316E+01 -2.552115E+01 -5.095387E+00  6.624793E-13  7.119650E-13 -3.464922E+00
        28   7  2.848022E+01 -2.696516E+01 -8.807322E+00  1.814711E-12  8.633615E-13 -7.843298E+00
        28   8  2.848022E+01 -2.696516E+01 -8.807322E+00  4.993712E-13  1.225760E-12 -7.843298E+00
        29   1  3.270882E+01 -1.835502E+01 -2.307821E+00  5.246594E-13  3.053865E-12 -2.897902E+00
        29   2  3.270882E+01 -1.835502E+01 -2.307821E+00 -4.884734E-13  2.466297E-12 -2.897902E+00
        29   3  3.126588E+01 -1.979892E+01 -6.019642E+00  1.100602E-12  1.870065E-12 -7.276022E+00
        29   4  3.126588E+01 -1.979892E+01 -6.019642E+00  8.803491E-14  1.850519E-12 -7.276022E+00
        29   5  2.992316E+01 -2.552115E+01 -5.095387E+00  1.910486E-13  5.687454E-12 -3.464922E+00
        29   6  2.992316E+01 -2.552115E+01 -5.095387E+00 -5.496758E-13  5.385550E-12 -3.464922E+00
        29   7  2.848022E+01 -2.696516E+01 -8.807322E+00  7.895792E-13  2.260073E-12 -7.843298E+00
        29   8  2.848022E+01 -2.696516E+01 -8.807322E+00  8.287241E-14  2.291414E-12 -7.843298E+00
        30   1  3.270882E+01 -1.835502E+01 -2.307821E+00 -6.812596E-13  7.496133E-13 -2.897902E+00
        30   2  3.270882E+01 -1.835502E+01 -2.307821E+00 -6.248463E-14  2.042818E-13 -2.897902E+00
        30   3  3.126588E+01 -1.979892E+01 -6.019642E+00 -2.835690E-13 -2.762431E-13 -7.276022E+00
        30   4  3.126588E+01 -1.979892E+01 -6.019642E+00  3.168074E-13 -7.373469E-13 -7.276022E+00
        30   5  2.992316E+01 -2.552115E+01 -5.095387E+00 -4.891451E-13 -2.472296E-12 -3.464922E+00
        30   6  2.992316E+01 -2.552115E+01 -5.095387E+00  8.522780E-14 -2.942630E-12 -3.464922E+00
        30   7  2.848022E+01 -2.696516E+01 -8.807322E+00  3.522028E-13 -6.401431E-13 -7.843298E+00
        30   8  2.848022E+01 -2.696516E+01 -8.807322E+00  9.011876E-13 -1.162872E-12 -7.843298E+00
        31   1  3.389088E+01 -1.652673E+01  8.828162E-02  2.348927E-13 -1.783587E-12 -4.744646E+00
        31   2  3.389088E+01 -1.652673E+01  8.828162E-02  2.032860E-13  2.815278E-13 -4.744646E+00
        31   3  4.138218E+01 -9.020515E+00  1.935921E+01  1.935745E-12 -1.972941E-12 -1.783844E+01
        31   4  4.138218E+01 -9.020515E+00  1.935921E+01  1.904862E-12 -2.844093E-12 -1.783844E+01
        31   5  2.555982E+01 -3.796012E+01 -8.247524E+00  3.083039E-13 -1.809897E-12 -1.802391E+00
        31   6  2.555982E+01 -3.796012E+01 -8.247524E+00 -1.190835E-12  2.554504E-13 -1.802391E+00
        31   7  3.305096E+01 -3.045213E+01  1.102517E+01  2.575660E-12 -7.813298E-13 -1.489877E+01
        31   8  3.305096E+01 -3.045213E+01  1.102517E+01  1.076027E-12 -1.652446E-12 -1.489877E+01
        32   1  3.389088E+01 -1.652673E+01  8.828162E-02  1.208668E-12  1.306026E-12 -4.744646E+00
        32   2  3.389088E+01 -1.652673E+01  8.828162E-02  1.090236E-12 -4.685218E-13 -4.744646E+00
        32   3  4.138218E+01 -9.020515E+00  1.935921E+01 -9.868425E-13  5.049608E-13 -1.783844E+01
        32   4  4.138218E+01 -9.020515E+00  1.935921E+01 -1.105388E-12  4.057425E-12 -1.783844E+01
        32   5  2.555982E+01 -3.796012E+01 -8.247524E+00 -1.537291E-12  8.975234E-13 -1.802391E+00
        32   6  2.555982E+01 -3.796012E+01 -8.247524E+00  1.012102E-12 -8.865275E-13 -1.802391E+00
        32   7  3.305096E+01 -3.045213E+01  1.102517E+01 -2.605942E-12 -2.182295E-12 -1.489877E+01
        32   8  3.305096E+01 -3.045213E+01  1.102517E+01 -6.134433E-14  1.385315E-12 -1.489877E+01
        33   1  3.389088E+01 -1.652673E+01  8.828162E-02  6.553621E-13  6.212824E-13 -4.744646E+00
        33   2  3.389088E+01 -1.652673E+01  8.828162E-02 -1.448972E-12  5.059235E-13 -4.744646E+00
        33   3  4.138218E+01 -9.020515E+00  1.935921E+01  1.289877E-12  4.023009E-12 -1.783844E+01
        33   4  4.138218E+01 -9.020515E+00  1.935921E+01 -8.089566E-13  4.632699E-13 -1.783844E+01
        33   5  2.555982E+01 -3.796012E+01 -8.247524E+00  1.956300E-12  5.454992E-13 -1.802391E+00
        33   6  2.555982E+01 -3.796012E+01 -8.247524E+00 -1.889263E-12  4.340559E-13 -1.802391E+00
        33   7  3.305096E+01 -3.045213E+01  1.102517E+01  2.000502E-12  2.894677E-12 -1.489877E+01
        33   8  3.305096E+01 -3.045213E+01  1.102517E+01 -1.840800E-12 -6.366825E-13 -1.489877E+01
        34   1  3.389088E+01 -1.652673E+01  8.828162E-02 -2.300842E-12  7.729753E-13 -4.744646E+00
        34   2  3.389088E+01 -1.652673E+01  8.828162E-02 -3.693174E-14  1.373041E-12 -4.744646E+00
        34   3  4.138218E+01 -9.020515E+00  1.935921E+01  4.740599E-13 -3.183763E-12 -1.783844E+01
        34   4  4.138218E+01 -9.020515E+00  1.935921E+01  2.733283E-12 -1.849745E-12 -1.783844E+01
        34   5  2.555982E+01 -3.796012E+01 -8.247524E+00 -2.948400E-12  3.240230E-13 -1.802391E+00
        34   6  2.555982E+01 -3.796012E+01 -8.247524E+00 -2.434304E-13  8.852716E-13 -1.802391E+00
        34   7  3.305096E+01 -3.045213E+01  1.102517E+01  7.873554E-13 -1.569484E-13 -1.489877E+01
        34   8  3.305096E+01 -3.045213E+01  1.102517E+01  3.498073E-12  1.205390E-12 -1.489877E+01
        35   1  3.389088E+01 -1.652673E+01  8.828162E-02  1.113369E-12  7.432423E-13 -4.744646E+00
        35   2  3.389088E+01 -1.652673E+01  8.828162E-02  1.323478E-12 -8.234192E-13 -4.744646E+00
        35   3  4.138218E+01 -9.020515E+00  1.935921E+01 -7.296305E-13  1.799054E-12 -1.783844E+01
        35   4  4.138218E+01 -9.020515E+00  1.935921E+01 -5.289940E-13  2.907174E-12 -1.783844E+01
        35   5  2.555982E+01 -3.796012E+01 -8.247524E+00  1.439999E-12  1.038663E-12 -1.802391E+00
        35   6  2.555982E+01 -3.796012E+01 -8.247524E+00  2.929295E-12 -4.531264E-13 -1.802391E+00
        35   7  3.305096E+01 -3.045213E+01  1.102517E+01 -9.490813E-13  2.239409E-12 -1.489877E+01
        35   8  3.305096E+01 -3.045213E+01  1.102517E+01  5.347708E-13  3.336002E-12 -1.489877E+01
        36   1  3.389088E+01 -1.652673E+01  8.828162E-02 -2.081568E-13 -1.978492E-13 -4.744646E+00
        36   2  3.389088E+01 -1.652673E+01  8.828162E-02  1.326179E-12 -2.675813E-12 -4.744646E+00
        36   3  4.138218E+01 -9.020515E+00  1.935921E+01 -1.449049E-12  3.195905E-12 -1.783844E+01
        36   4  4.138218E+01 -9.020515E+00  1.935921E+01  9.574321E-14 -1.534403E-12 -1.783844E+01
        36   5  2.555982E+01 -3.796012E+01 -8.247524E+00  1.488084E-12  1.095249E-12 -1.802391E+00
        36   6  2.555982E+01 -3.796012E+01 -8.247524E+00  1.855033E-12 -1.360471E-12 -1.802391E+00
        36   7  3.305096E+01 -3.045213E+01  1.102517E+01 -5.699975E-13  1.987150E-12 -1.489877E+01
        36   8  3.305096E+01 -3.045213E+01  1.102517E+01 -1.996878E-13 -2.785890E-12 -1.489877E+01
        37   1  3.389088E+01 -1.652673E+01  8.828162E-02  5.312538E-13 -2.746652E-12 -4.744646E+00
        37   2  3.389088E+01 -1.652673E+01  8.828162E-02 -1.197821E-12  6.624762E-13 -4.744646E+00
        37   3  4.138218E+01 -9.020515E+00  1.935921E+01  2.208089E-12 -3.365245E-12 -1.783844E+01
        37   4  4.138218E+01 -9.020515E+00  1.935921E+01  4.481960E-13 -1.482655E-12 -1.783844E+01
        37   5  2.555982E+01 -3.796012E+01 -8.247524E+00  2.861834E-13 -3.753185E-12 -1.802391E+00
        37   6  2.555982E+01 -3.796012E+01 -8.247524E+00 -2.098819E-12 -3.392221E-13 -1.802391E+00
        37   7  3.305096E+01 -3.045213E+01  1.102517E+01  2.762120E-12 -2.951397E-12 -1.489877E+01
        37   8  3.305096E+01 -3.045213E+01  1.102517E+01  3.634431E-13 -1.044004E-12 -1.489877E+01
        38   1  3.389088E+01 -1.652673E+01  8.828162E-02 -1.926097E-13 -5.058290E-14 -4.744646E+00
        38   2  3.389088E+01 -1.652673E+01  8.828162E-02  3.684679E-13  2.957711E-13 -4.744646E+00
        38   3  4.138218E+01 -9.020515E+00  1.935921E+01 -1.821581E-13 -2.458246E-12 -1.783844E+01
        38   4  4.138218E+01 -9.020515E+00  1.935921E+01  3.856197E-13  9.175974E-14 -1.783844E+01
        38   5  2.555982E+01 -3.796012E+01 -8.247524E+00 -7.487306E-13  6.041066E-13 -1.802391E+00
        38   6  2.555982E+01 -3.796012E+01 -8.247524E+00  7.946222E-13  1.057780E-12 -1.802391E+00
        38   7  3.305096E+01 -3.045213E+01  1.102517E+01 -2.104039E-13 -1.848029E-12 -1.489877E+01
        38   8  3.305096E+01 -3.045213E+01  1.102517E+01  1.338359E-12  7.912193E-13 -1.489877E+01
        39   1  3.389088E+01 -1.652673E+01  8.828162E-02  1.118257E-12 -6.125634E-14 -4.744646E+00
        39   2  3.389088E+01 -1.652673E+01  8.828162E-02 -5.647241E-13 -8.805949E-13 -4.744646E+00
        39   3  4.138218E+01 -9.020515E+00  1.935921E+01  5.669023E-13 -3.965083E-12 -1.783844E+01
        39   4  4.138218E+01 -9.020515E+00  1.935921E+01 -1.095383E-12 -6.858999E-12 -1.783844E+01
        39   5  2.555982E+01 -3.796012E+01 -8.247524E+00  1.461224E-12 -4.894668E-13 -1.802391E+00
        39   6  2.555982E+01 -3.796012E+01 -8.247524E+00 -1.346790E-12 -1.221404E-12 -1.802391E+00
        39   7  3.305096E+01 -3.045213E+01  1.102517E+01  1.452371E-12 -4.367622E-12 -1.489877E+01
        39   8  3.305096E+01 -3.045213E+01  1.102517E+01 -1.331695E-12 -7.240962E-12 -1.489877E+01
        40   1  3.389088E+01 -1.652673E+01  8.828162E-02 -7.538175E-13  4.774447E-14 -4.744646E+00
        40   2  3.389088E+01 -1.652673E+01  8.828162E-02  3.745227E-13  2.453647E-13 -4.744646E+00
        40   3  4.138218E+01 -9.020515E+00  1.935921E+01 -4.672158E-13  1.753692E-12 -1.783844E+01
        40   4  4.138218E+01 -9.020515E+00  1.935921E+01  6.508817E-13  3.484985E-12 -1.783844E+01
        40   5  2.555982E+01 -3.796012E+01 -8.247524E+00 -1.356700E-12 -1.992206E-13 -1.802391E+00
        40   6  2.555982E+01 -3.796012E+01 -8.247524E+00  5.972240E-13 -1.137938E-13 -1.802391E+00
        40   7  3.305096E+01 -3.045213E+01  1.102517E+01 -1.689183E-12 -9.672370E-13 -1.489877E+01
        40   8  3.305096E+01 -3.045213E+01  1.102517E+01  2.580671E-13  7.612096E-13 -1.489877E+01
        41   1  1.038676E+02  4.931490E+01  1.123510E+01 -6.742671E-13 -2.952613E-12 -1.643702E+00
        41   2  1.038676E+02  4.931490E+01  1.123510E+01 -1.715991E-13  1.137684E-12 -1.643702E+00
        41   3  1.120200E+02  5.713490E+01  1.941540E+01 -3.026673E-12  9.354129E-14 -2.145476E+00
        41   4  1.120200E+02  5.713490E+01  1.941540E+01 -2.523657E-12  2.119394E-12 -2.145476E+00
        41   5  7.587411E+01  2.085453E+01 -1.645006E+01 -8.472559E-13 -2.560437E-12 -1.419993E+00
        41   6  7.587411E+01  2.085453E+01 -1.645006E+01 -1.368986E-12  1.509708E-12 -1.419993E+00
        41   7  8.364554E+01  2.871315E+01 -7.916152E+00 -2.672772E-12  1.311176E-12 -1.776312E+00
        41   8  8.364554E+01  2.871315E+01 -7.916152E+00 -3.197850E-12  3.333838E-12 -1.776312E+00
        42   1  1.038676E+02  4.931490E+01  1.123510E+01  5.122268E-13  2.294158E-12 -1.643702E+00
        42   2  1.038676E+02  4.931490E+01  1.123510E+01 -1.549772E-12 -1.234631E-12 -1.643702E+00
        42   3  1.120200E+02  5.713490E+01  1.941540E+01  1.612837E-12  1.688807E-12 -2.145476E+00
        42   4  1.120200E+02  5.713490E+01  1.941540E+01 -4.432135E-13 -5.191077E-13 -2.145476E+00
        42   5  7.587411E+01  2.085453E+01 -1.645006E+01 -1.514584E-12  8.314339E-13 -1.419993E+00
        42   6  7.587411E+01  2.085453E+01 -1.645006E+01 -2.934482E-12 -2.657189E-12 -1.419993E+00
        42   7  8.364554E+01  2.871315E+01 -7.916152E+00 -1.773875E-12  1.641655E-12 -1.776312E+00
        42   8  8.364554E+01  2.871315E+01 -7.916152E+00 -3.190283E-12 -5.674772E-13 -1.776312E+00
        43   1  1.038676E+02  4.931490E+01  1.123510E+01 -1.719439E-12  6.719476E-13 -1.643702E+00
        43   2  1.038676E+02  4.931490E+01  1.123510E+01  7.783816E-13 -1.910749E-12 -1.643702E+00
        43   3  1.120200E+02  5.713490E+01  1.941540E+01 -1.531628E-12  2.899807E-13 -2.145476E+00
        43   4  1.120200E+02  5.713490E+01  1.941540E+01  9.594003E-13  7.291514E-13 -2.145476E+00
        43   5  7.587411E+01  2.085453E+01 -1.645006E+01 -1.661310E-12  1.881802E-12 -1.419993E+00
        43   6  7.587411E+01  2.085453E+01 -1.645006E+01  2.366200E-12 -7.178785E-13 -1.419993E+00
        43   7  8.364554E+01  2.871315E+01 -7.916152E+00 -1.016782E-12  2.814693E-13 -1.776312E+00
        43   8  8.364554E+01  2.871315E+01 -7.916152E+00  3.006217E-12  7.287622E-13 -1.776312E+00
        44   1  1.038676E+02  4.931490E+01  1.123510E+01  1.179488E-12 -1.732558E-12 -1.643702E+00
        44   2  1.038676E+02  4.931490E+01  1.123510E+01  2.245556E-13 -3.828573E-13 -1.643702E+00
        44   3  1.120200E+02  5.713490E+01  1.941540E+01  9.195896E-13 -1.503428E-14 -2.145476E+00
        44   4  1.120200E+02  5.713490E+01  1.941540E+01 -4.268673E-14 -9.858250E-13 -2.145476E+00
        44   5  7.587411E+01  2.085453E+01 -1.645006E+01  2.500339E-12 -1.773169E-12 -1.419993E+00
        44   6  7.587411E+01  2.085453E+01 -1.645006E+01  3.763723E-13 -4.505742E-13 -1.419993E+00
        44   7  8.364554E+01  2.871315E+01 -7.916152E+00  1.567240E-12 -1.152318E-12 -1.776312E+00
        44   8  8.364554E+01  2.871315E+01 -7.916152E+00 -5.495914E-13 -2.128484E-12 -1.776312E+00
        45   1  1.038676E+02  4.931490E+01  1.123510E+01 -6.464738E-14  1.114450E-12 -1.643702E+00
        45   2  1.038676E+02  4.931490E+01  1.123510E+01 -1.134284E-12  3.974723E-12 -1.643702E+00
        45   3  1.120200E+02  5.713490E+01  1.941540E+01  9.095393E-13 -7.239982E-13 -2.145476E+00
        45   4  1.120200E+02  5.713490E+01  1.941540E+01 -1.418118E-13  6.794333E-13 -2.145476E+00
        45   5  7.587411E+01  2.085453E+01 -1.645006E+01 -2.792195E-13  1.349326E-12 -1.419993E+00
        45   6  7.587411E+01  2.085453E+01 -1.645006E+01 -2.075482E-12  4.243675E-12 -1.419993E+00
        45   7  8.364554E+01  2.871315E+01 -7.916152E+00  9.358123E-13 -1.957422E-13 -1.776312E+00
        45   8  8.364554E+01  2.871315E+01 -7.916152E+00 -8.632710E-13  1.204199E-12 -1.776312E+00
        46   1  1.038676E+02  4.931490E+01  1.123510E+01 -2.260011E-12  6.215952E-13 -1.643702E+00
        46   2  1.038676E+02  4.931490E+01  1.123510E+01 -2.699720E-12 -2.299429E-13 -1.643702E+00
        46   3  1.120200E+02  5.713490E+01  1.941540E+01 -2.869728E-12  2.222598E-12 -2.145476E+00
        46   4  1.120200E+02  5.713490E+01  1.941540E+01 -3.331313E-12  1.886236E-12 -2.145476E+00
        46   5  7.587411E+01  2.085453E+01 -1.645006E+01 -3.574649E-12 -1.113882E-12 -1.419993E+00
        46   6  7.587411E+01  2.085453E+01 -1.645006E+01 -3.776447E-12 -1.979585E-12 -1.419993E+00
        46   7  8.364554E+01  2.871315E+01 -7.916152E+00 -4.487873E-12  3.198775E-12 -1.776312E+00
        46   8  8.364554E+01  2.871315E+01 -7.916152E+00 -4.690667E-12  2.857189E-12 -1.776312E+00
        47   1  1.038676E+02  4.931490E+01  1.123510E+01 -1.971317E-12 -9.492933E-13 -1.643702E+00
        47   2  1.038676E+02  4.931490E+01  1.123510E+01  6.286900E-13 -5.182655E-12 -1.643702E+00
        47   3  1.120200E+02  5.713490E+01  1.941540E+01 -2.735747E-12 -1.755328E-12 -2.145476E+00
        47   4  1.120200E+02  5.713490E+01  1.941540E+01 -1.129637E-13 -4.280254E-12 -2.145476E+00
        47   5  7.587411E+01  2.085453E+01 -1.645006E+01 -2.576165E-12 -1.791561E-12 -1.419993E+00
        47   6  7.587411E+01  2.085453E+01 -1.645006E+01  9.017787E-13 -6.019125E-12 -1.419993E+00
        47   7  8.364554E+01  2.871315E+01 -7.916152E+00 -3.428267E-12 -4.413995E-12 -1.776312E+00
        47   8  8.364554E+01  2.871315E+01 -7.916152E+00  5.724366E-14 -6.922614E-12 -1.776312E+00
        48   1  1.038676E+02  4.931490E+01  1.123510E+01  2.026533E-12 -1.607566E-12 -1.643702E+00
        48   2  1.038676E+02  4.931490E+01  1.123510E+01  6.326096E-13  2.159261E-12 -1.643702E+00
        48   3  1.120200E+02  5.713490E+01  1.941540E+01  3.883315E-12 -1.702177E-12 -2.145476E+00
        48   4  1.120200E+02  5.713490E+01  1.941540E+01  2.462615E-12  3.178372E-12 -2.145476E+00
        48   5  7.587411E+01  2.085453E+01 -1.645006E+01  3.266962E-12  1.154362E-12 -1.419993E+00
        48   6  7.587411E+01  2.085453E+01 -1.645006E+01  2.416094E-12  4.943623E-12 -1.419993E+00
        48   7  8.364554E+01  2.871315E+01 -7.916152E+00  6.278105E-12  1.412079E-12 -1.776312E+00
        48   8  8.364554E+01  2.871315E+01 -7.916152E+00  5.409351E-12  6.294891E-12 -1.776312E+00
        49   1  1.038676E+02  4.931490E+01  1.123510E+01 -2.714475E-13  5.820632E-12 -1.643702E+00
        49   2  1.038676E+02  4.931490E+01  1.123510E+01 -4.873250E-13  6.744641E-12 -1.643702E+00
        49   3  1.120200E+02  5.713490E+01  1.941540E+01  7.188660E-13  4.113366E-12 -2.145476E+00
        49   4  1.120200E+02  5.713490E+01  1.941540E+01  5.268119E-13  1.595573E-12 -2.145476E+00
        49   5  7.587411E+01  2.085453E+01 -1.645006E+01  8.166086E-13  2.548288E-12 -1.419993E+00
        49   6  7.587411E+01  2.085453E+01 -1.645006E+01 -1.108114E-12  3.459216E-12 -1.419993E+00
        49   7  8.364554E+01  2.871315E+01 -7.916152E+00  2.135696E-12  2.582886E-12 -1.776312E+00
        49   8  8.364554E+01  2.871315E+01 -7.916152E+00  2.248413E-13  6.546222E-14 -1.776312E+00
        50   1  1.038676E+02  4.931490E+01  1.123510E+01 -4.031121E-13 -2.598647E-12 -1.643702E+00
        50   2  1.038676E+02  4.931490E+01  1.123510E+01  1.324684E-13 -4.393367E-12 -1.643702E+00
        50   3  1.120200E+02  5.713490E+01  1.941540E+01  4.974311E-13 -1.739341E-12 -2.145476E+00
        50   4  1.120200E+02  5.713490E+01  1.941540E+01  1.024621E-12 -1.930558E-12 -2.145476E+00
        50   5  7.587411E+01  2.085453E+01 -1.645006E+01 -1.520807E-12 -1.546221E-13 -1.419993E+00
        50   6  7.587411E+01  2.085453E+01 -1.645006E+01 -1.870131E-13 -1.960327E-12 -1.419993E+00
        50   7  8.364554E+01  2.871315E+01 -7.916152E+00 -6.866081E-13 -2.327768E-12 -1.776312E+00
        50   8  8.364554E+01  2.871315E+01 -7.916152E+00  6.446865E-13 -2.527548E-12 -1.776312E+00
        51   1  1.013872E+02  4.279787E+01  9.995846E+00 -2.552917E-12  2.028726E-12 -4.944193E+00
        51   2  1.013872E+02  4.279787E+01  9.995846E+00 -3.060336E-12  3.035875E-12 -4.944193E+00
        51   3  1.173416E+02  5.943401E+01  2.690155E+01  2.145218E-12  4.213181E-12 -8.980553E+00
        51   4  1.173416E+02  5.943401E+01  2.690155E+01  1.635920E-12  4.566977E-12 -8.980553E+00
        51   5  6.031730E+01 -1.905391E+00 -3.011154E+01 -2.565034E-12  1.715800E-12 -4.508999E+00
        51   6  6.031730E+01 -1.905391E+00 -3.011154E+01 -3.411990E-12  2.733776E-12 -4.508999E+00
        51   7  7.627777E+01  1.474676E+01 -1.319482E+01 -9.387279E-14 -1.092591E-12 -8.355649E+00
        51   8  7.627777E+01  1.474676E+01 -1.319482E+01 -9.415081E-13 -7.572450E-13 -8.355649E+00
        52   1  1.013872E+02  4.279787E+01  9.995846E+00  2.657763E-13  6.817381E-13 -4.944193E+00
        52   2  1.013872E+02  4.279787E+01  9.995846E+00  3.175108E-13 -6.772872E-13 -4.944193E+00
        52   3  1.173416E+02  5.943401E+01  2.690155E+01 -1.772273E-12 -1.374321E-12 -8.980553E+00
        52   4  1.173416E+02  5.943401E+01  2.690155E+01 -1.726798E-12 -1.801906E-12 -8.980553E+00
        52   5  6.031730E+01 -1.905391E+00 -3.011154E+01 -1.451369E-12  2.348007E-12 -4.508999E+00
        52   6  6.031730E+01 -1.905391E+00 -3.011154E+01 -9.199892E-13  9.695923E-13 -4.508999E+00
        52   7  7.627777E+01  1.474676E+01 -1.319482E+01 -7.554203E-13  3.403047E-12 -8.355649E+00
        52   8  7.627777E+01  1.474676E+01 -1.319482E+01 -2.288958E-13  3.011990E-12 -8.355649E+00
        53   1  1.013872E+02  4.279787E+01  9.995846E+00 -8.922250E-14  3.657128E-13 -4.944193E+00
        53   2  1.013872E+02  4.279787E+01  9.995846E+00 -2.510930E-13  1.449787E-12 -4.944193E+00
        53   3  1.173416E+02  5.943401E+01  2.690155E+01  1.092335E-12  9.917234E-13 -8.980553E+00
        53   4  1.173416E+02  5.943401E+01  2.690155E+01  9.457245E-13  7.889071E-13 -8.980553E+00
        53   5  6.031730E+01 -1.905391E+00 -3.011154E+01  2.364698E-13 -4.448151E-13 -4.508999E+00
        53   6  6.031730E+01 -1.905391E+00 -3.011154E+01 -5.726494E-13  6.334602E-13 -4.508999E+00
        53   7  7.627777E+01  1.474676E+01 -1.319482E+01  2.179516E-13 -7.536761E-13 -8.355649E+00
        53   8  7.627777E+01  1.474676E+01 -1.319482E+01 -5.822225E-13 -1.009972E-12 -8.355649E+00
        54   1  1.013872E+02  4.279787E+01  9.995846E+00 -7.656397E-13  5.102937E-13 -4.944193E+00
        54   2  1.013872E+02  4.279787E+01  9.995846E+00 -7.144276E-13 -6.437080E-13 -4.944193E+00
        54   3  1.173416E+02  5.943401E+01  2.690155E+01  1.235490E-12  1.538926E-13 -8.980553E+00
        54   4  1.173416E+02  5.943401E+01  2.690155E+01  1.273676E-12  8.556525E-13 -8.980553E+00
        54   5  6.031730E+01 -1.905391E+00 -3.011154E+01 -2.370099E-12 -1.715764E-13 -4.508999E+00
        54   6  6.031730E+01 -1.905391E+00 -3.011154E+01 -1.395320E-12 -1.299871E-12 -4.508999E+00
        54   7  7.627777E+01  1.474676E+01 -1.319482E+01 -1.322288E-13  1.887093E-12 -8.355649E+00
        54   8  7.627777E+01  1.474676E+01 -1.319482E+01  8.358926E-13  2.643471E-12 -8.355649E+00
        55   1  1.013872E+02  4.279787E+01  9.995846E+00  5.146092E-13 -8.033143E-13 -4.944193E+00
        55   2  1.013872E+02  4.279787E+01  9.995846E+00  3.223785E-12 -8.766333E-13 -4.944193E+00
        55   3  1.173416E+02  5.943401E+01  2.690155E+01 -2.743367E-12  9.034464E-13 -8.980553E+00
        55   4  1.173416E+02  5.943401E+01  2.690155E+01 -7.855951E-15 -1.764312E-12 -8.980553E+00
        55   5  6.031730E+01 -1.905391E+00 -3.011154E+01  1.070802E-12 -4.967588E-13 -4.508999E+00
        55   6  6.031730E+01 -1.905391E+00 -3.011154E+01  2.490472E-12 -6.004446E-13 -4.508999E+00
        55   7  7.627777E+01  1.474676E+01 -1.319482E+01 -2.392704E-12  2.049548E-13 -8.355649E+00
        55   8  7.627777E+01  1.474676E+01 -1.319482E+01 -9.496786E-13 -2.510422E-12 -8.355649E+00
        56   1  1.013872E+02  4.279787E+01  9.995846E+00  1.395319E-12  1.566684E-12 -4.944193E+00
        56   2  1.013872E+02  4.279787E+01  9.995846E+00 -1.177616E-12  2.348662E-12 -4.944193E+00
        56   3  1.173416E+02  5.943401E+01  2.690155E+01  5.391557E-13 -1.831461E-12 -8.980553E+00
        56   4  1.173416E+02  5.943401E+01  2.690155E+01 -2.063277E-12  1.459113E-12 -8.980553E+00
        56   5  6.031730E+01 -1.905391E+00 -3.011154E+01  1.062858E-13  3.098103E-12 -4.508999E+00
        56   6  6.031730E+01 -1.905391E+00 -3.011154E+01 -1.193218E-12  3.876273E-12 -4.508999E+00
        56   7  7.627777E+01  1.474676E+01 -1.319482E+01  1.236258E-13 -1.486402E-12 -8.355649E+00
        56   8  7.627777E+01  1.474676E+01 -1.319482E+01 -1.203315E-12  1.843011E-12 -8.355649E+00
        57   1  1.013872E+02  4.279787E+01  9.995846E+00 -1.658628E-12 -9.971849E-13 -4.944193E+00
        57   2  1.013872E+02  4.279787E+01  9.995846E+00 -2.781634E-12 -2.514814E-12 -4.944193E+00
        57   3  1.173416E+02  5.943401E+01  2.690155E+01  5.706761E-13  1.821691E-12 -8.980553E+00
        57   4  1.173416E+02  5.943401E+01  2.690155E+01 -5.660386E-13  1.472536E-12 -8.980553E+00
        57   5  6.031730E+01 -1.905391E+00 -3.011154E+01 -1.059575E-12 -3.892932E-12 -4.508999E+00
        57   6  6.031730E+01 -1.905391E+00 -3.011154E+01 -1.633022E-12 -5.356804E-12 -4.508999E+00
        57   7  7.627777E+01  1.474676E+01 -1.319482E+01  7.505787E-13  2.421348E-13 -8.355649E+00
        57   8  7.627777E+01  1.474676E+01 -1.319482E+01  1.574934E-13 -1.135384E-13 -8.355649E+00
        58   1  1.013872E+02  4.279787E+01  9.995846E+00  1.490895E-12 -1.879020E-12 -4.944193E+00
        58   2  1.013872E+02  4.279787E+01  9.995846E+00  4.915204E-12  2.202245E-12 -4.944193E+00
        58   3  1.173416E+02  5.943401E+01  2.690155E+01  6.697331E-13 -2.240268E-12 -8.980553E+00
        58   4  1.173416E+02  5.943401E+01  2.690155E+01  4.129144E-12 -1.484796E-12 -8.980553E+00
        58   5  6.031730E+01 -1.905391E+00 -3.011154E+01  4.445246E-12  6.037491E-13 -4.508999E+00
        58   6  6.031730E+01 -1.905391E+00 -3.011154E+01  6.231682E-12  4.674016E-12 -4.508999E+00
        58   7  7.627777E+01  1.474676E+01 -1.319482E+01  3.507716E-12 -1.869965E-12 -8.355649E+00
        58   8  7.627777E+01  1.474676E+01 -1.319482E+01  5.332409E-12 -1.104129E-12 -8.355649E+00
        59   1  1.013872E+02  4.279787E+01  9.995846E+00  3.880968E-12  1.673185E-12 -4.944193E+00
        59   2  1.013872E+02  4.279787E+01  9.995846E+00  1.956132E-13 -1.271140E-12 -4.944193E+00
        59   3  1.173416E+02  5.943401E+01  2.690155E+01  4.601028E-12 -3.238129E-12 -8.980553E+00
        59   4  1.173416E+02  5.943401E+01  2.690155E+01  8.999424E-13 -3.945627E-12 -8.980553E+00
        59   5  6.031730E+01 -1.905391E+00 -3.011154E+01  3.510160E-12  1.352084E-12 -4.508999E+00
        59   6  6.031730E+01 -1.905391E+00 -3.011154E+01  9.261825E-13 -1.598597E-12 -4.508999E+00
        59   7  7.627777E+01  1.474676E+01 -1.319482E+01  3.778475E-12 -2.158273E-12 -8.355649E+00
        59   8  7.627777E+01  1.474676E+01 -1.319482E+01  1.180184E-12 -2.869251E-12 -8.355649E+00
        60   1  1.013872E+02  4.279787E+01  9.995846E+00 -1.655145E-12 -6.112757E-13 -4.944193E+00
        60   2  1.013872E+02  4.279787E+01  9.995846E+00  1.590081E-13 -5.174431E-13 -4.944193E+00
        60   3  1.173416E+02  5.943401E+01  2.690155E+01 -3.573957E-12  1.579767E-12 -8.980553E+00
        60   4  1.173416E+02  5.943401E+01  2.690155E+01 -1.756398E-12  8.329776E-13 -8.980553E+00
        60   5  6.031730E+01 -1.905391E+00 -3.011154E+01 -1.217567E-12 -1.456148E-12 -4.508999E+00
        60   6  6.031730E+01 -1.905391E+00 -3.011154E+01  1.831706E-13 -1.375888E-12 -4.508999E+00
        60   7  7.627777E+01  1.474676E+01 -1.319482E+01 -3.184100E-12  3.069481E-12 -8.355649E+00
        60   8  7.627777E+01  1.474676E+01 -1.319482E+01 -1.780338E-12  2.311888E-12 -8.355649E+00

 equivalent plastic strain (elem, integ.pnt.,pe)for set ALLE and time  0.6000000E+01

         1   1  2.570000E-03
         1   2  2.570000E-03
         1   3  2.570000E-03
         1   4  2.570000E-03
         1   5  2.570000E-03
         1   6  2.570000E-03
         1   7  2.570000E-03
         1   8  2.570000E-03
         2   1  2.570000E-03
         2   2  2.570000E-03
         2   3  2.570000E-03
         2   4  2.570000E-03
         2   5  2.570000E-03
         2   6  2.570000E-03
         2   7  2.570000E-03
         2   8  2.570000E-03
         3   1  2.570000E-03
         3   2  2.570000E-03
         3   3  2.570000E-03
         3   4  2.570000E-03
         3   5  2.570000E-03
         3   6  2.570000E-03
         3   7  2.570000E-03
         3   8  2.570000E-03
         4   1  2.570000E-03
         4   2  2.570000E-03
         4   3  2.570000E-03
         4   4  2.570000E-03
         4   5  2.570000E-03
         4   6  2.570000E-03
         4   7  2.570000E-03
         4   8  2.570000E-03
         5   1  2.570000E-03
         5   2  2.570000E-03
         5   3  2.570000E-03
         5   4  2.570000E-03
         5   5  2.570000E-03
         5   6  2.570000E-03
         5   7  2.570000E-03
         5   8  2.570000E-03
         6   1  2.570000E-03
         6   2  2.570000E-03
         6   3  2.570000E-03
         6   4  2.570000E-03
         6   5  2.570000E-03
         6   6  2.570000E-03
         6   7  2.570000E-03
         6   8  2.570000E-03
         7   1  2.570000E-03
         7   2  2.570000E-03
         7   3  2.570000E-03
         7   4  2.570000E-03
         7   5  2.570000E-03
         7   6  2.570000E-03
         7   7  2.570000E-03
         7   8  2.570000E-03
         8   1  2.570000E-03
         8   2  2.570000E-03
         8   3  2.570000E-03
         8   4  2.570000E-03
         8   5  2.570000E-03
         8   6  2.570000E-03
         8   7  2.570000E-03
         8   8  2.570000E-03
         9   1  2.570000E-03
         9   2  2.570000E-03
         9   3  2.570000E-03
         9   4  2.570000E-03
         9   5  2.570000E-03
         9   6  2.570000E-03
         9   7  2.570000E-03
         9   8  2.570000E-03
        10   1  2.570000E-03
        10   2  2.570000E-03
        10   3  2.570000E-03
        10   4  2.570000E-03
        10   5  2.570000E-03
        10   6  2.570000E-03
        10   7  2.570000E-03
        10   8  2.570000E-03
        11   1  2.570000E-03
        11   2  2.570000E-03
        11   3  2.570000E-03
        11   4  2.570000E-03
        11   5  2.570000E-03
        11   6  2.570000E-03
        11   7  2.570000E-03
        11   8  2.570000E-03
        12   1  2.570000E-03
        12   2  2.570000E-03
        12   3  2.570000E-03
        12   4  2.570000E-03
        12   5  2.570000E-03
        12   6  2.570000E-03
        12   7  2.570000E-03
        12   8  2.570000E-03
        13   1  2.570000E-03
        13   2  2.570000E-03
        13   3  2.570000E-03
        13   4  2.570000E-03
        13   5  2.570000E-03
        13   6  2.570000E-03
        13   7  2.570000E-03
        13   8  2.570000E-03
        14   1  2.570000E-03
        14   2  2.570000E-03
        14   3  2.570000E-03
        14   4  2.570000E-03
        14   5  2.570000E-03
        14   6  2.570000E-03
        14   7  2.570000E-03
        14   8  2.570000E-03
        15   1  2.570000E-03
        15   2  2.570000E-03
        15   3  2.570000E-03
        15   4  2.570000E-03
        15   5  2.570000E-03
        15   6  2.570000E-03
        15   7  2.570000E-03
        15   8  2.570000E-03
        16   1  2.570000E-03
        16   2  2.570000E-03
        16   3  2.570000E-03
        16   4  2.570000E-03
        16   5  2.570000E-03
        16   6  2.570000E-03
        16   7  2.570000E-03
        16   8  2.570000E-03
        17   1  2.570000E-03
        17   2  2.570000E-03
        17   3  2.570000E-03
        17   4  2.570000E-03
        17   5  2.570000E-03
        17   6  2.570000E-03
        17   7  2.570000E-03
        17   8  2.570000E-03
        18   1  2.570000E-03
        18   2  2.570000E-03
        18   3  2.570000E-03
        18   4  2.570000E-03
        18   5  2.570000E-03
        18   6  2.570000E-03
        18   7  2.570000E-03
        18   8  2.570000E-03
        19   1  2.570000E-03
        19   2  2.570000E-03
        19   3  2.570000E-03
        19   4  2.570000E-03
        19   5  2.570000E-03
        19   6  2.570000E-03
        19   7  2.570000E-03
        19   8  2.570000E-03
        20   1  2.570000E-03
        20   2  2.570000E-03
        20   3  2.570000E-03
        20   4  2.570000E-03
        20   5  2.570000E-03
        20   6  2.570000E-03
        20   7  2.570000E-03
        20   8  2.570000E-03
        21   1  2.570000E-03
        21   2  2.570000E-03
        21   3  2.570000E-03
        21   4  2.570000E-03
        21   5  2.570000E-03
        21   6  2.570000E-03
        21   7  2.570000E-03
        21   8  2.570000E-03
        22   1  2.570000E-03
        22   2  2.570000E-03
        22   3  2.570000E-03
        22   4  2.570000E-03
        22   5  2.570000E-03
        22   6  2.570000E-03
        22   7  2.570000E-03
        22   8  2.570000E-03
        23   1  2.570000E-03
        23   2  2.570000E-03
        23   3  2.570000E-03
        23   4  2.570000E-03
        23   5  2.570000E-03
        23   6  2.570000E-03
        23   7  2.570000E-03
        23   8  2.570000E-03
        24   1  2.570000E-03
        24   2  2.570000E-03
        24   3  2.570000E-03
        24   4  2.570000E-03
        24   5  2.570000E-03
        24   6  2.570000E-03
        24   7  2.570000E-03
        24   8  2.570000E-03
        25   1  2.570000E-03
        25   2  2.570000E-03
        25   3  2.570000E-03
        25   4  2.570000E-03
        25   5  2.570000E-03
        25   6  2.570000E-03
        25   7  2.570000E-03
        25   8  2.570000E-03
        26   1  2.570000E-03
        26   2  2.570000E-03
        26   3  2.570000E-03
        26   4  2.570000E-03
        26   5  2.570000E-03
        26   6  2.570000E-03
        26   7  2.570000E-03
        26   8  2.570000E-03
        27   1  2.570000E-03
        27   2  2.570000E-03
        27   3  2.570000E-03
        27   4  2.570000E-03
        27   5  2.570000E-03
        27   6  2.570000E-03
        27   7  2.570000E-03
        27   8  2.570000E-03
        28   1  2.570000E-03
        28   2  2.570000E-03
        28   3  2.570000E-03
        28   4  2.570000E-03
        28   5  2.570000E-03
        28   6  2.570000E-03
        28   7  2.570000E-03
        28   8  2.570000E-03
        29   1  2.570000E-03
        29   2  2.570000E-03
        29   3  2.570000E-03
        29   4  2.570000E-03
        29   5  2.570000E-03
        29   6  2.570000E-03
        29   7  2.570000E-03
        29   8  2.570000E-03
        30   1  2.570000E-03
        30   2  2.570000E-03
        30   3  2.570000E-03
        30   4  2.570000E-03
        30   5  2.570000E-03
        30   6  2.570000E-03
        30   7  2.570000E-03
        30   8  2.570000E-03
        31   1  2.570000E-03
        31   2  2.570000E-03
        31   3  2.570000E-03
        31   4  2.570000E-03
        31   5  2.570000E-03
        31   6  2.570000E-03
        31   7  2.570000E-03
        31   8  2.570000E-03
        32   1  2.570000E-03
        32   2  2.570000E-03
        32   3  2.570000E-03
        32   4  2.570000E-03
        32   5  2.570000E-03
        32   6  2.570000E-03
        32   7  2.570000E-03
        32   8  2.570000E-03
        33   1  2.570000E-03
        33   2  2.570000E-03
        33   3  2.570000E-03
        33   4  2.570000E-03
        33   5  2.570000E-03
        33   6  2.570000E-03
        33   7  2.570000E-03
        33   8  2.570000E-03
        34   1  2.570000E-03
        34   2  2.570000E-03
        34   3  2.570000E-03
        34   4  2.570000E-03
        34   5  2.570000E-03
        34   6  2.570000E-03
        34   7  2.570000E-03
        34   8  2.570000E-03
        35   1  2.570000E-03
        35   2  2.570000E-03
        35   3  2.570000E-03
        35   4  2.570000E-03
        35   5  2.570000E-03
        35   6  2.570000E-03
        35   7  2.570000E-03
        35   8  2.570000E-03
        36   1  2.570000E-03
        36   2  2.570000E-03
        36   3  2.570000E-03
        36   4  2.570000E-03
        36   5  2.570000E-03
        36   6  2.570000E-03
        36   7  2.570000E-03
        36   8  2.570000E-03
        37   1  2.570000E-03
        37   2  2.570000E-03
        37   3  2.570000E-03
        37   4  2.570000E-03
        37   5  2.570000E-03
        37   6  2.570000E-03
        37   7  2.570000E-03
        37   8  2.570000E-03
        38   1  2.570000E-03
        38   2  2.570000E-03
        38   3  2.570000E-03
        38   4  2.570000E-03
        38   5  2.570000E-03
        38   6  2.570000E-03
        38   7  2.570000E-03
        38   8  2.570000E-03
        39   1  2.570000E-03
        39   2  2.570000E-03
        39   3  2.570000E-03
        39   4  2.570000E-03
        39   5  2.570000E-03
        39   6  2.570000E-03
        39   7  2.570000E-03
        39   8  2.570000E-03
        40   1  2.570000E-03
        40   2  2.570000E-03
        40   3  2.570000E-03
        40   4  2.570000E-03
        40   5  2.570000E-03
        40   6  2.570000E-03
        40   7  2.570000E-03
        40   8  2.570000E-03
        41   1  2.050995E-03
        41   2  2.050995E-03
        41   3  2.043561E-03
        41   4  2.043561E-03
        41   5  2.077859E-03
        41   6  2.077859E-03
        41   7  2.072895E-03
        41   8  2.072895E-03
        42   1  2.050995E-03
        42   2  2.050995E-03
        42   3  2.043561E-03
        42   4  2.043561E-03
        42   5  2.077859E-03
        42   6  2.077859E-03
        42   7  2.072895E-03
        42   8  2.072895E-03
        43   1  2.050995E-03
        43   2  2.050995E-03
        43   3  2.043561E-03
        43   4  2.043561E-03
        43   5  2.077859E-03
        43   6  2.077859E-03
        43   7  2.072895E-03
        43   8  2.072895E-03
        44   1  2.050995E-03
        44   2  2.050995E-03
        44   3  2.043561E-03
        44   4  2.043561E-03
        44   5  2.077859E-03
        44   6  2.077859E-03
        44   7  2.072895E-03
        44   8  2.072895E-03
        45   1  2.050995E-03
        45   2  2.050995E-03
        45   3  2.043561E-03
        45   4  2.043561E-03
        45   5  2.077859E-03
        45   6  2.077859E-03
        45   7  2.072895E-03
        45   8  2.072895E-03
        46   1  2.050995E-03
        46   2  2.050995E-03
        46   3  2.043561E-03
        46   4  2.043561E-03
        46   5  2.077859E-03
        46   6  2.077859E-03
        46   7  2.072895E-03
        46   8  2.072895E-03
        47   1  2.050995E-03
        47   2  2.050995E-03
        47   3  2.043561E-03
        47   4  2.043561E-03
        47   5  2.077859E-03
        47   6  2.077859E-03
        47   7  2.072895E-03
        47   8  2.072895E-03
        48   1  2.050995E-03
        48   2  2.050995E-03
        48   3  2.043561E-03
        48   4  2.043561E-03
        48   5  2.077859E-03
        48   6  2.077859E-03
        48   7  2.072895E-03
        48   8  2.072895E-03
        49   1  2.050995E-03
        49   2  2.050995E-03
        49   3  2.043561E-03
        49   4  2.043561E-03
        49   5  2.077859E-03
        49   6  2.077859E-03
        49   7  2.072895E-03
        49   8  2.072895E-03
        50   1  2.050995E-03
        50   2  2.050995E-03
        50   3  2.043561E-03
        50   4  2.043561E-03
        50   5  2.077859E-03
        50   6  2.077859E-03
        50   7  2.072895E-03
        50   8  2.072895E-03
        51   1  2.043539E-03
        51   2  2.043539E-03
        51   3  2.053147E-03
        51   4  2.053147E-03
        51   5  2.086276E-03
        51   6  2.086276E-03
        51   7  2.094839E-03
        51   8  2.094839E-03
        52   1  2.043539E-03
        52   2  2.043539E-03
        52   3  2.053147E-03
        52   4  2.053147E-03
        52   5  2.086276E-03
        52   6  2.086276E-03
        52   7  2.094839E-03
        52   8  2.094839E-03
        53   1  2.043539E-03
        53   2  2.043539E-03
        53   3  2.053147E-03
        53   4  2.053147E-03
        53   5  2.086276E-03
        53   6  2.086276E-03
        53   7  2.094839E-03
        53   8  2.094839E-03
        54   1  2.043539E-03
        54   2  2.043539E-03
        54   3  2.053147E-03
        54   4  2.053147E-03
        54   5  2.086276E-03
        54   6  2.086276E-03
        54   7  2.094839E-03
        54   8  2.094839E-03
        55   1  2.043539E-03
        55   2  2.043539E-03
        55   3  2.053147E-03
        55   4  2.053147E-03
        55   5  2.086276E-03
        55   6  2.086276E-03
        55   7  2.094839E-03
        55   8  2.094839E-03
        56   1  2.043539E-03
        56   2  2.043539E-03
        56   3  2.053147E-03
        56   4  2.053147E-03
        56   5  2.086276E-03
        56   6  2.086276E-03
        56   7  2.094839E-03
        56   8  2.094839E-03
        57   1  2.043539E-03
        57   2  2.043539E-03
        57   3  2.053147E-03
        57   4  2.053147E-03
        57   5  2.086276E-03
        57   6  2.086276E-03
        57   7  2.094839E-03
        57   8  2.094839E-03
        58   1  2.043539E-03
        58   2  2.043539E-03
        58   3  2.053147E-03
        58   4  2.053147E-03
        58   5  2.086276E-03
        58   6  2.086276E-03
        58   7  2.094839E-03
        58   8  2.094839E-03
        59   1  2.043539E-03
        59   2  2.043539E-03
        59   3  2.053147E-03
        59   4  2.053147E-03
        59   5  2.086276E-03
        59   6  2.086276E-03
        59   7  2.094839E-03
        59   8  2.094839E-03
        60   1  2.043539E-03
        60   2  2.043539E-03
        60   3  2.053147E-03
        60   4  2.053147E-03
        60   5  2.086276E-03
        60   6  2.086276E-03
        60   7  2.094839E-03
        60   8  2.094839E-03

 mechanical strains (elem, integ.pnt.,exx,eyy,ezz,exy,exz,eyz) for set ALLE and time  0.6000000E+01

         1   1  1.413937E-35 -6.698370E-06  4.017054E-05 -5.883627E-18 -9.395566E-18 -8.717328E-06
         1   2  1.413937E-35 -6.698370E-06  4.017054E-05 -1.867626E-17 -4.154570E-17 -8.717328E-06
         1   3  5.739145E-35 -6.698370E-06  2.124769E-05 -9.165310E-18 -9.276909E-18 -2.780241E-05
         1   4  5.739145E-35 -6.698370E-06  2.124769E-05 -2.195794E-17 -2.661082E-17 -2.780241E-05
         1   5  1.574226E-34 -2.578322E-05  4.017054E-05 -1.404335E-18 -2.913596E-18 -1.344827E-05
         1   6  1.574226E-34 -2.578322E-05  4.017054E-05 -6.788856E-18 -3.506373E-17 -1.344827E-05
         1   7  2.485001E-34 -2.578322E-05  2.124769E-05  1.451039E-19 -1.728908E-17 -3.253289E-05
         1   8  2.485001E-34 -2.578322E-05  2.124769E-05 -5.239417E-18 -3.462300E-17 -3.253289E-05
         2   1  2.386771E-34 -6.698370E-06  4.017054E-05 -1.493588E-17 -4.690024E-17 -8.717328E-06
         2   2  2.386771E-34 -6.698370E-06  4.017054E-05 -1.864008E-17 -4.414564E-18 -8.717328E-06
         2   3  2.074599E-33 -6.698370E-06  2.124769E-05  8.497969E-18 -1.975234E-17 -2.780241E-05
         2   4  2.074599E-33 -6.698370E-06  2.124769E-05  4.793768E-18  1.799677E-17 -2.780241E-05
         2   5  1.370401E-33 -2.578322E-05  4.017054E-05 -4.639973E-18 -6.538409E-17 -1.344827E-05
         2   6  1.370401E-33 -2.578322E-05  4.017054E-05 -1.071246E-17 -2.289842E-17 -1.344827E-05
         2   7  1.679563E-33 -2.578322E-05  2.124769E-05  1.423424E-17 -2.943582E-17 -3.253289E-05
         2   8  1.679563E-33 -2.578322E-05  2.124769E-05  8.161762E-18  8.313292E-18 -3.253289E-05
         3   1  3.252361E-35 -6.698370E-06  4.017054E-05 -2.022886E-17  1.267225E-17 -8.717328E-06
         3   2  3.252361E-35 -6.698370E-06  4.017054E-05 -7.973860E-18  1.584316E-18 -8.717328E-06
         3   3  4.159383E-34 -6.698370E-06  2.124769E-05 -9.686128E-18  2.492637E-17 -2.780241E-05
         3   4  4.159383E-34 -6.698370E-06  2.124769E-05  2.568876E-18 -1.531226E-18 -2.780241E-05
         3   5  7.517735E-35 -2.578322E-05  4.017054E-05 -1.386971E-17  9.474405E-18 -1.344827E-05
         3   6  7.517735E-35 -2.578322E-05  4.017054E-05 -9.299534E-18 -1.613527E-18 -1.344827E-05
         3   7  5.310172E-34 -2.578322E-05  2.124769E-05 -2.118720E-18  2.288033E-17 -3.253289E-05
         3   8  5.310172E-34 -2.578322E-05  2.124769E-05  2.451454E-18 -3.577257E-18 -3.253289E-05
         4   1 -1.110223E-16 -6.698370E-06  4.017054E-05 -7.078722E-18  2.856840E-18 -8.717328E-06
         4   2 -1.110223E-16 -6.698370E-06  4.017054E-05 -8.586528E-18  1.296948E-17 -8.717328E-06
         4   3 -1.110223E-16 -6.698370E-06  2.124769E-05 -4.838240E-18 -1.217039E-18 -2.780241E-05
         4   4 -1.110223E-16 -6.698370E-06  2.124769E-05 -6.346046E-18  1.397271E-17 -2.780241E-05
         4   5 -1.110223E-16 -2.578322E-05  4.017054E-05 -1.154938E-17  4.110855E-18 -1.344827E-05
         4   6 -1.110223E-16 -2.578322E-05  4.017054E-05 -1.051863E-17  1.422349E-17 -1.344827E-05
         4   7 -1.110223E-16 -2.578322E-05  2.124769E-05 -1.154446E-17  8.861650E-18 -3.253289E-05
         4   8 -1.110223E-16 -2.578322E-05  2.124769E-05 -1.051370E-17  2.405140E-17 -3.253289E-05
         5   1 -1.110223E-16 -6.698370E-06  4.017054E-05  1.355952E-18  1.416943E-17 -8.717328E-06
         5   2 -1.110223E-16 -6.698370E-06  4.017054E-05  2.508562E-17  1.874987E-18 -8.717328E-06
         5   3  1.925392E-34 -6.698370E-06  2.124769E-05  8.538540E-18  9.668930E-18 -2.780241E-05
         5   4  1.925392E-34 -6.698370E-06  2.124769E-05  3.226821E-17 -7.320645E-18 -2.780241E-05
         5   5 -1.110223E-16 -2.578322E-05  4.017054E-05 -5.037213E-19  2.088192E-17 -1.344827E-05
         5   6 -1.110223E-16 -2.578322E-05  4.017054E-05  2.087838E-17  8.587475E-18 -1.344827E-05
         5   7  9.161504E-35 -2.578322E-05  2.124769E-05  4.449292E-18  9.790323E-18 -3.253289E-05
         5   8  9.161504E-35 -2.578322E-05  2.124769E-05  2.583139E-17 -7.199252E-18 -3.253289E-05
         6   1  7.044050E-35 -6.698370E-06  4.017054E-05  1.599280E-17 -1.297907E-17 -8.717328E-06
         6   2  7.044050E-35 -6.698370E-06  4.017054E-05 -9.223358E-18 -3.340735E-17 -8.717328E-06
         6   3  9.770947E-34 -6.698370E-06  2.124769E-05 -1.800215E-19 -1.819089E-17 -2.780241E-05
         6   4  9.770947E-34 -6.698370E-06  2.124769E-05 -2.539618E-17 -3.263232E-17 -2.780241E-05
         6   5  6.607303E-35 -2.578322E-05  4.017054E-05  1.322766E-17 -1.412550E-17 -1.344827E-05
         6   6  6.607303E-35 -2.578322E-05  4.017054E-05 -8.995080E-18 -3.455378E-17 -1.344827E-05
         6   7  8.648288E-34 -2.578322E-05  2.124769E-05 -1.882225E-18 -1.634122E-17 -3.253289E-05
         6   8  8.648288E-34 -2.578322E-05  2.124769E-05 -2.410496E-17 -3.078265E-17 -3.253289E-05
         7   1  3.830712E-35 -6.698370E-06  4.017054E-05 -1.377293E-17 -3.117961E-17 -8.717328E-06
         7   2  3.830712E-35 -6.698370E-06  4.017054E-05 -5.204216E-18 -5.991308E-18 -8.717328E-06
         7   3  5.366111E-34 -6.698370E-06  2.124769E-05 -2.572809E-17 -2.640460E-17 -2.780241E-05
         7   4  5.366111E-34 -6.698370E-06  2.124769E-05 -1.715938E-17  3.449267E-18 -2.780241E-05
         7   5  4.352709E-35 -2.578322E-05  4.017054E-05 -1.226739E-17 -3.099995E-17 -1.344827E-05
         7   6  4.352709E-35 -2.578322E-05  4.017054E-05 -1.365891E-18 -5.811647E-18 -1.344827E-05
         7   7  6.490304E-34 -2.578322E-05  2.124769E-05 -2.499464E-17 -2.295270E-17 -3.253289E-05
         7   8  6.490304E-34 -2.578322E-05  2.124769E-05 -1.409314E-17  6.901160E-18 -3.253289E-05
         8   1  1.336583E-36 -6.698370E-06  4.017054E-05  5.207311E-18  4.507681E-18 -8.717328E-06
         8   2  1.336583E-36 -6.698370E-06  4.017054E-05  1.415439E-17  1.016675E-17 -8.717328E-06
         8   3  4.160268E-36 -6.698370E-06  2.124769E-05  4.180712E-18  1.049494E-17 -2.780241E-05
         8   4  4.160268E-36 -6.698370E-06  2.124769E-05  1.312779E-17  4.266439E-18 -2.780241E-05
         8   5  2.404764E-35 -2.578322E-05  4.017054E-05  1.054506E-17  2.523338E-18 -1.344827E-05
         8   6  2.404764E-35 -2.578322E-05  4.017054E-05  1.354835E-17  8.182408E-18 -1.344827E-05
         8   7  1.334945E-34 -2.578322E-05  2.124769E-05  1.645421E-17  9.572218E-18 -3.253289E-05
         8   8  1.334945E-34 -2.578322E-05  2.124769E-05  1.945751E-17  3.343718E-18 -3.253289E-05
         9   1  3.219897E-35 -6.698370E-06  4.017054E-05  1.585104E-17  1.351856E-17 -8.717328E-06
         9   2  3.219897E-35 -6.698370E-06  4.017054E-05  6.530961E-19  1.024248E-17 -8.717328E-06
         9   3  3.658225E-34 -6.698370E-06  2.124769E-05  2.571065E-17  3.253022E-18 -2.780241E-05
         9   4  3.658225E-34 -6.698370E-06  2.124769E-05  1.051271E-17  2.440345E-18 -2.780241E-05
         9   5  9.105854E-35 -2.578322E-05  4.017054E-05  9.015876E-18  1.830970E-17 -1.344827E-05
         9   6  9.105854E-35 -2.578322E-05  4.017054E-05 -4.950363E-18  1.503363E-17 -1.344827E-05
         9   7  1.171667E-34 -2.578322E-05  2.124769E-05  1.350506E-17  6.606138E-18 -3.253289E-05
         9   8  1.171667E-34 -2.578322E-05  2.124769E-05 -4.611788E-19  5.793461E-18 -3.253289E-05
        10   1  4.332612E-35 -6.698370E-06  4.017054E-05 -4.087211E-18  9.588633E-18 -8.717328E-06
        10   2  4.332612E-35 -6.698370E-06  4.017054E-05  8.310635E-19  5.379825E-18 -8.717328E-06
        10   3  1.929476E-34 -6.698370E-06  2.124769E-05  3.101946E-18  8.998322E-19 -2.780241E-05
        10   4  1.929476E-34 -6.698370E-06  2.124769E-05  8.020220E-18  3.707972E-19 -2.780241E-05
        10   5  4.148182E-34 -2.578322E-05  4.017054E-05 -7.770487E-18  2.007724E-17 -1.344827E-05
        10   6  4.148182E-34 -2.578322E-05  4.017054E-05 -1.012326E-18  1.586844E-17 -1.344827E-05
        10   7  6.035560E-35 -2.578322E-05  2.124769E-05 -3.778771E-18  1.386055E-18 -3.253289E-05
        10   8  6.035560E-35 -2.578322E-05  2.124769E-05  2.979390E-18  8.570204E-19 -3.253289E-05
        11   1  7.304454E-35  6.150911E-06  5.604845E-05 -7.813290E-18 -7.079421E-18 -2.531851E-05
        11   2  7.304454E-35  6.150911E-06  5.604845E-05 -1.829758E-17 -1.398582E-17 -2.531851E-05
        11   3 -1.110223E-16  6.150911E-06  1.700565E-04 -3.145985E-18 -1.195247E-18 -3.267603E-05
        11   4 -1.110223E-16  6.150911E-06  1.700565E-04 -1.363027E-17  5.570617E-18 -3.267603E-05
        11   5 -1.110223E-16 -1.204953E-06  5.604845E-05  3.272908E-18 -1.951560E-17  3.181854E-06
        11   6 -1.110223E-16 -1.204953E-06  5.604845E-05 -3.752452E-19 -2.642200E-17  3.181854E-06
        11   7 -1.110223E-16 -1.204953E-06  1.700565E-04  8.540009E-18 -1.122153E-17 -4.172358E-06
        11   8 -1.110223E-16 -1.204953E-06  1.700565E-04  4.891856E-18 -4.455667E-18 -4.172358E-06
        12   1  2.038634E-33  6.150911E-06  5.604845E-05  1.866023E-17 -4.045523E-18 -2.531851E-05
        12   2  2.038634E-33  6.150911E-06  5.604845E-05  3.206462E-17  2.014685E-17 -2.531851E-05
        12   3  1.524761E-34  6.150911E-06  1.700565E-04 -5.042568E-18  1.172199E-17 -3.267603E-05
        12   4  1.524761E-34  6.150911E-06  1.700565E-04  8.361818E-18  3.613205E-18 -3.267603E-05
        12   5  1.435202E-33 -1.204953E-06  5.604845E-05  1.923530E-17 -6.600782E-18  3.181854E-06
        12   6  1.435202E-33 -1.204953E-06  5.604845E-05  1.648911E-17  1.759159E-17  3.181854E-06
        12   7  4.381182E-34 -1.204953E-06  1.700565E-04  2.475366E-18  1.984458E-17 -4.172358E-06
        12   8  4.381182E-34 -1.204953E-06  1.700565E-04 -2.708242E-19  1.173580E-17 -4.172358E-06
        13   1  9.078256E-34  6.150911E-06  5.604845E-05  1.996447E-17  2.032002E-17 -2.531851E-05
        13   2  9.078256E-34  6.150911E-06  5.604845E-05  2.488607E-18 -5.154381E-18 -2.531851E-05
        13   3  1.754726E-33  6.150911E-06  1.700565E-04  2.827700E-17 -4.518704E-18 -3.267603E-05
        13   4  1.754726E-33  6.150911E-06  1.700565E-04  1.080114E-17 -1.193730E-17 -3.267603E-05
        13   5  8.623987E-34 -1.204953E-06  5.604845E-05  6.568604E-18  1.951491E-17  3.181854E-06
        13   6  8.623987E-34 -1.204953E-06  5.604845E-05 -1.879362E-18 -5.959491E-18  3.181854E-06
        13   7  9.563121E-34 -1.204953E-06  1.700565E-04  7.611538E-18 -3.084605E-18 -4.172358E-06
        13   8  9.563121E-34 -1.204953E-06  1.700565E-04 -8.364274E-19 -1.050320E-17 -4.172358E-06
        14   1 -1.110223E-16  6.150911E-06  5.604845E-05 -1.576012E-17 -5.289052E-18 -2.531851E-05
        14   2 -1.110223E-16  6.150911E-06  5.604845E-05  4.372171E-19  1.197436E-17 -2.531851E-05
        14   3  4.026341E-35  6.150911E-06  1.700565E-04 -1.673953E-17 -1.233853E-17 -3.267603E-05
        14   4  4.026341E-35  6.150911E-06  1.700565E-04 -5.421957E-19  5.513131E-18 -3.267603E-05
        14   5  2.457200E-34 -1.204953E-06  5.604845E-05 -1.415091E-17  1.748349E-18  3.181854E-06
        14   6  2.457200E-34 -1.204953E-06  5.604845E-05  2.340551E-18  1.901177E-17  3.181854E-06
        14   7  1.227813E-33 -1.204953E-06  1.700565E-04  9.036833E-19 -2.244860E-17 -4.172358E-06
        14   8  1.227813E-33 -1.204953E-06  1.700565E-04  1.739514E-17 -4.596940E-18 -4.172358E-06
        15   1  8.046403E-35  6.150911E-06  5.604845E-05  1.018001E-17  8.138887E-18 -2.531851E-05
        15   2  8.046403E-35  6.150911E-06  5.604845E-05  1.295673E-17 -1.110818E-17 -2.531851E-05
        15   3  2.165649E-34  6.150911E-06  1.700565E-04 -6.541988E-18  8.461513E-18 -3.267603E-05
        15   4  2.165649E-34  6.150911E-06  1.700565E-04 -3.765272E-18 -1.225802E-17 -3.267603E-05
        15   5  2.526703E-35 -1.204953E-06  5.604845E-05  6.547832E-18  6.682574E-18  3.181854E-06
        15   6  2.526703E-35 -1.204953E-06  5.604845E-05  8.588316E-18 -1.256450E-17  3.181854E-06
        15   7  3.128273E-34 -1.204953E-06  1.700565E-04 -8.853084E-18  9.280063E-18 -4.172358E-06
        15   8  3.128273E-34 -1.204953E-06  1.700565E-04 -6.812600E-18 -1.143947E-17 -4.172358E-06
        16   1  1.484508E-33  6.150911E-06  5.604845E-05 -1.678881E-17 -1.817758E-17 -2.531851E-05
        16   2  1.484508E-33  6.150911E-06  5.604845E-05 -9.335654E-18 -2.522620E-17 -2.531851E-05
        16   3  1.278834E-33  6.150911E-06  1.700565E-04 -1.448608E-17 -1.292904E-17 -3.267603E-05
        16   4  1.278834E-33  6.150911E-06  1.700565E-04 -7.032927E-18 -5.766952E-18 -3.267603E-05
        16   5  1.529514E-33 -1.204953E-06  5.604845E-05 -1.488781E-17 -1.266101E-17  3.181854E-06
        16   6  1.529514E-33 -1.204953E-06  5.604845E-05 -3.292988E-19 -1.970963E-17  3.181854E-06
        16   7  2.132074E-33 -1.204953E-06  1.700565E-04 -1.607884E-17 -3.922633E-19 -4.172358E-06
        16   8  2.132074E-33 -1.204953E-06  1.700565E-04 -1.520326E-18  6.769825E-18 -4.172358E-06
        17   1  5.087483E-34  6.150911E-06  5.604845E-05  1.211489E-18 -1.862547E-17 -2.531851E-05
        17   2  5.087483E-34  6.150911E-06  5.604845E-05 -8.311556E-18  7.497980E-18 -2.531851E-05
        17   3  1.818778E-35  6.150911E-06  1.700565E-04  1.444159E-17 -2.146336E-18 -3.267603E-05
        17   4  1.818778E-35  6.150911E-06  1.700565E-04  4.918541E-18  9.119881E-18 -3.267603E-05
        17   5  7.324124E-34 -1.204953E-06  5.604845E-05  7.270037E-18 -1.414637E-17  3.181854E-06
        17   6  7.324124E-34 -1.204953E-06  5.604845E-05 -9.681626E-18  1.197708E-17  3.181854E-06
        17   7  1.707268E-34 -1.204953E-06  1.700565E-04  1.795529E-17  1.856143E-18 -4.172358E-06
        17   8  1.707268E-34 -1.204953E-06  1.700565E-04  1.003631E-18  1.312236E-17 -4.172358E-06
        18   1  9.378080E-36  6.150911E-06  5.604845E-05  2.067132E-18  1.044534E-17 -2.531851E-05
        18   2  9.378080E-36  6.150911E-06  5.604845E-05  1.859706E-18 -4.337801E-19 -2.531851E-05
        18   3  3.091066E-35  6.150911E-06  1.700565E-04  1.668132E-18  4.322932E-18 -3.267603E-05
        18   4  3.091066E-35  6.150911E-06  1.700565E-04  1.460706E-18 -7.374349E-18 -3.267603E-05
        18   5  1.242084E-34 -1.204953E-06  5.604845E-05  8.975028E-18  7.732354E-18  3.181854E-06
        18   6  1.242084E-34 -1.204953E-06  5.604845E-05  8.358522E-18 -3.146766E-18  3.181854E-06
        18   7  2.886908E-34 -1.204953E-06  1.700565E-04  8.137894E-21 -4.352187E-18 -4.172358E-06
        18   8  2.886908E-34 -1.204953E-06  1.700565E-04 -6.083679E-19 -1.604947E-17 -4.172358E-06
        19   1  3.013288E-34  6.150911E-06  5.604845E-05  1.327164E-17 -4.403386E-18 -2.531851E-05
        19   2  3.013288E-34  6.150911E-06  5.604845E-05  5.906271E-18 -5.403451E-18 -2.531851E-05
        19   3  5.394752E-35  6.150911E-06  1.700565E-04  1.084664E-19 -1.505450E-17 -3.267603E-05
        19   4  5.394752E-35  6.150911E-06  1.700565E-04 -7.256902E-18 -1.902992E-17 -3.267603E-05
        19   5  1.264705E-34 -1.204953E-06  5.604845E-05  5.553221E-18 -6.076885E-18  3.181854E-06
        19   6  1.264705E-34 -1.204953E-06  5.604845E-05 -3.299824E-18 -7.076950E-18  3.181854E-06
        19   7  8.313800E-34 -1.204953E-06  1.700565E-04  5.116963E-18 -2.902515E-17 -4.172358E-06
        19   8  8.313800E-34 -1.204953E-06  1.700565E-04 -3.736083E-18 -3.300057E-17 -4.172358E-06
        20   1  2.415723E-34  6.150911E-06  5.604845E-05  3.823611E-18 -3.253897E-18 -2.531851E-05
        20   2  2.415723E-34  6.150911E-06  5.604845E-05  9.048006E-18 -2.774611E-19 -2.531851E-05
        20   3  1.719720E-34  6.150911E-06  1.700565E-04 -2.505301E-19 -5.910910E-18 -3.267603E-05
        20   4  1.719720E-34  6.150911E-06  1.700565E-04  4.973865E-18  2.962877E-18 -3.267603E-05
        20   5  1.425449E-34 -1.204953E-06  5.604845E-05 -3.286142E-18 -1.032208E-18  3.181854E-06
        20   6  1.425449E-34 -1.204953E-06  5.604845E-05  4.886929E-18  1.944228E-18  3.181854E-06
        20   7  1.294922E-33 -1.204953E-06  1.700565E-04 -6.562336E-19  1.105604E-17 -4.172358E-06
        20   8  1.294922E-33 -1.204953E-06  1.700565E-04  7.516837E-18  1.992982E-17 -4.172358E-06
        21   1  7.179368E-36 -4.483607E-05  7.602264E-05  8.000873E-19  6.518870E-18 -2.182509E-05
        21   2  7.179368E-36 -4.483607E-05  7.602264E-05 -1.062372E-18  2.110328E-17 -2.182509E-05
        21   3  5.400586E-34 -4.483607E-05  5.894649E-05  4.848625E-18 -8.516158E-18 -5.479369E-05
        21   4  5.400586E-34 -4.483607E-05  5.894649E-05  2.986166E-18  1.049693E-17 -5.479369E-05
        21   5  1.389351E-33 -7.780409E-05  7.602264E-05  2.343506E-18 -2.092731E-17 -2.609471E-05
        21   6  1.389351E-33 -7.780409E-05  7.602264E-05  2.695386E-18 -6.342903E-18 -2.609471E-05
        21   7  9.236521E-34 -7.780409E-05  5.894649E-05  8.388976E-18 -1.288185E-17 -5.906215E-05
        21   8  9.236521E-34 -7.780409E-05  5.894649E-05  8.740856E-18  6.131242E-18 -5.906215E-05
        22   1  2.229679E-33 -4.483607E-05  7.602264E-05 -1.484183E-18 -9.225889E-18 -2.182509E-05
        22   2  2.229679E-33 -4.483607E-05  7.602264E-05 -1.123191E-17 -1.337803E-17 -2.182509E-05
        22   3  1.526863E-33 -4.483607E-05  5.894649E-05  1.302119E-17  6.536529E-18 -5.479369E-05
        22   4  1.526863E-33 -4.483607E-05  5.894649E-05  3.273454E-18 -1.296099E-17 -5.479369E-05
        22   5  2.543433E-33 -7.780409E-05  7.602264E-05 -3.158032E-18 -1.182726E-17 -2.609471E-05
        22   6  2.543433E-33 -7.780409E-05  7.602264E-05 -2.057845E-17 -1.597940E-17 -2.609471E-05
        22   7  1.545439E-33 -7.780409E-05  5.894649E-05  3.967234E-18 -2.451558E-19 -5.906215E-05
        22   8  1.545439E-33 -7.780409E-05  5.894649E-05 -1.345318E-17 -1.974267E-17 -5.906215E-05
        23   1  1.258924E-34 -4.483607E-05  7.602264E-05 -1.299007E-17  3.408203E-18 -2.182509E-05
        23   2  1.258924E-34 -4.483607E-05  7.602264E-05 -6.732216E-18 -1.944644E-17 -2.182509E-05
        23   3  6.515626E-34 -4.483607E-05  5.894649E-05  2.009311E-19 -1.224056E-18 -5.479369E-05
        23   4  6.515626E-34 -4.483607E-05  5.894649E-05  6.458781E-18  5.125959E-19 -5.479369E-05
        23   5  2.077732E-34 -7.780409E-05  7.602264E-05 -1.694600E-17  1.340309E-18 -2.609471E-05
        23   6  2.077732E-34 -7.780409E-05  7.602264E-05  1.607495E-18 -2.151433E-17 -2.609471E-05
        23   7  1.014804E-33 -7.780409E-05  5.894649E-05 -1.029350E-18  5.673404E-18 -5.906215E-05
        23   8  1.014804E-33 -7.780409E-05  5.894649E-05  1.752415E-17  7.410056E-18 -5.906215E-05
        24   1  2.164281E-34 -4.483607E-05  7.602264E-05 -9.295552E-18 -9.255298E-18 -2.182509E-05
        24   2  2.164281E-34 -4.483607E-05  7.602264E-05 -8.232969E-18 -4.158063E-18 -2.182509E-05
        24   3  4.906789E-34 -4.483607E-05  5.894649E-05 -1.042512E-17  1.782810E-17 -5.479369E-05
        24   4  4.906789E-34 -4.483607E-05  5.894649E-05 -9.362538E-18  1.802215E-17 -5.479369E-05
        24   5  2.159931E-33 -7.780409E-05  7.602264E-05  1.332604E-18  1.320677E-17 -2.609471E-05
        24   6  2.159931E-33 -7.780409E-05  7.602264E-05 -5.640753E-20  1.830400E-17 -2.609471E-05
        24   7  2.344805E-34 -7.780409E-05  5.894649E-05 -6.605286E-19  1.272030E-17 -5.906215E-05
        24   8  2.344805E-34 -7.780409E-05  5.894649E-05 -2.049540E-18  1.291434E-17 -5.906215E-05
        25   1 -1.110223E-16 -4.483607E-05  7.602264E-05 -1.083810E-18  4.706739E-18 -2.182509E-05
        25   2 -1.110223E-16 -4.483607E-05  7.602264E-05  1.220988E-17  3.689967E-17 -2.182509E-05
        25   3  6.372565E-35 -4.483607E-05  5.894649E-05  2.962417E-18 -1.317700E-18 -5.479369E-05
        25   4  6.372565E-35 -4.483607E-05  5.894649E-05  1.625611E-17 -8.625508E-18 -5.479369E-05
        25   5  2.382378E-34 -7.780409E-05  7.602264E-05 -8.086387E-19 -1.173044E-17 -2.609471E-05
        25   6  2.382378E-34 -7.780409E-05  7.602264E-05 -7.265315E-18  2.046249E-17 -2.609471E-05
        25   7 -1.110223E-16 -7.780409E-05  5.894649E-05  2.983065E-18 -5.025774E-18 -5.906215E-05
        25   8 -1.110223E-16 -7.780409E-05  5.894649E-05 -3.473611E-18 -1.233358E-17 -5.906215E-05
        26   1  6.061943E-35 -4.483607E-05  7.602264E-05  5.625217E-18  2.156439E-17 -2.182509E-05
        26   2  6.061943E-35 -4.483607E-05  7.602264E-05 -8.408599E-18 -2.999558E-17 -2.182509E-05
        26   3  7.207134E-34 -4.483607E-05  5.894649E-05 -7.582566E-18 -8.932866E-18 -5.479369E-05
        26   4  7.207134E-34 -4.483607E-05  5.894649E-05 -2.161638E-17 -2.173459E-17 -5.479369E-05
        26   5  6.092485E-35 -7.780409E-05  7.602264E-05 -1.238057E-17  1.979096E-17 -2.609471E-05
        26   6  6.092485E-35 -7.780409E-05  7.602264E-05 -7.035260E-18 -3.176902E-17 -2.609471E-05
        26   7  6.598392E-34 -7.780409E-05  5.894649E-05 -2.145039E-17 -1.554859E-18 -5.906215E-05
        26   8  6.598392E-34 -7.780409E-05  5.894649E-05 -1.610508E-17 -1.435658E-17 -5.906215E-05
        27   1  5.739562E-35 -4.483607E-05  7.602264E-05 -9.408049E-18 -3.808693E-17 -2.182509E-05
        27   2  5.739562E-35 -4.483607E-05  7.602264E-05  2.747004E-18 -1.990829E-17 -2.182509E-05
        27   3  7.826523E-34 -4.483607E-05  5.894649E-05 -2.346442E-17 -2.011649E-17 -5.479369E-05
        27   4  7.826523E-34 -4.483607E-05  5.894649E-05 -1.130936E-17  2.461400E-19 -5.479369E-05
        27   5  1.211077E-34 -7.780409E-05  7.602264E-05 -3.101459E-18 -3.486455E-17 -2.609471E-05
        27   6  1.211077E-34 -7.780409E-05  7.602264E-05  1.014558E-17 -1.668590E-17 -2.609471E-05
        27   7  1.072159E-33 -7.780409E-05  5.894649E-05 -2.001869E-17 -2.346084E-17 -5.906215E-05
        27   8  1.072159E-33 -7.780409E-05  5.894649E-05 -6.771643E-18 -3.098215E-18 -5.906215E-05
        28   1  4.419735E-35 -4.483607E-05  7.602264E-05  1.472302E-17 -1.103511E-17 -2.182509E-05
        28   2  4.419735E-35 -4.483607E-05  7.602264E-05  1.265553E-17  8.664977E-18 -2.182509E-05
        28   3  2.802057E-34 -4.483607E-05  5.894649E-05  2.329838E-17  2.667228E-18 -5.479369E-05
        28   4  2.802057E-34 -4.483607E-05  5.894649E-05  2.123090E-17  6.547623E-18 -5.479369E-05
        28   5  4.822788E-35 -7.780409E-05  7.602264E-05  2.079900E-17 -1.120316E-17 -2.609471E-05
        28   6  4.822788E-35 -7.780409E-05  7.602264E-05  1.082167E-17  8.496931E-18 -2.609471E-05
        28   7  3.049399E-34 -7.780409E-05  5.894649E-05  2.972345E-17  2.397390E-18 -5.906215E-05
        28   8  3.049399E-34 -7.780409E-05  5.894649E-05  1.974611E-17  6.277784E-18 -5.906215E-05
        29   1  5.256125E-34 -4.483607E-05  7.602264E-05  5.158387E-18  3.114808E-17 -2.182509E-05
        29   2  5.256125E-34 -4.483607E-05  7.602264E-05 -7.222970E-18  1.909049E-17 -2.182509E-05
        29   3  2.076069E-34 -4.483607E-05  5.894649E-05  7.700771E-18  1.709765E-17 -5.479369E-05
        29   4  2.076069E-34 -4.483607E-05  5.894649E-05 -4.680585E-18  1.123663E-17 -5.479369E-05
        29   5  2.849012E-33 -7.780409E-05  7.602264E-05  1.455948E-18  5.269580E-17 -2.609471E-05
        29   6  2.849012E-33 -7.780409E-05  7.602264E-05 -7.827129E-18  4.063822E-17 -2.609471E-05
        29   7  8.159418E-34 -7.780409E-05  5.894649E-05  4.049862E-18  2.740495E-17 -5.906215E-05
        29   8  8.159418E-34 -7.780409E-05  5.894649E-05 -5.233215E-18  2.154393E-17 -5.906215E-05
        30   1  2.048794E-34 -4.483607E-05  7.602264E-05 -8.591304E-18  8.832971E-18 -2.182509E-05
        30   2  2.048794E-34 -4.483607E-05  7.602264E-05 -1.267634E-18  9.704002E-18 -2.182509E-05
        30   3  6.131332E-35 -4.483607E-05  5.894649E-05 -4.730896E-18 -2.071645E-18 -5.479369E-05
        30   4  6.131332E-35 -4.483607E-05  5.894649E-05  2.592774E-18 -1.790388E-18 -5.479369E-05
        30   5  3.111581E-34 -7.780409E-05  7.602264E-05 -7.150031E-18 -1.342073E-17 -2.609471E-05
        30   6  3.111581E-34 -7.780409E-05  7.602264E-05 -1.212475E-19 -1.254969E-17 -2.609471E-05
        30   7  3.151420E-34 -7.780409E-05  5.894649E-05 -4.540111E-19 -8.981226E-18 -5.906215E-05
        30   8  3.151420E-34 -7.780409E-05  5.894649E-05  6.574772E-18 -8.699968E-18 -5.906215E-05
        31   1 -1.110223E-16 -3.998848E-05  8.517089E-05  8.271557E-18 -1.540519E-17 -3.571599E-05
        31   2 -1.110223E-16 -3.998848E-05  8.517089E-05  3.209463E-18 -2.603374E-18 -3.571599E-05
        31   3 -1.110223E-16 -3.998848E-05  1.739222E-04  1.677928E-17 -1.918906E-17 -1.343188E-04
        31   4 -1.110223E-16 -3.998848E-05  1.739222E-04  1.171719E-17 -2.778542E-17 -1.343188E-04
        31   5  1.071674E-33 -1.385855E-04  8.517089E-05  1.083815E-17 -1.143941E-17 -1.353401E-05
        31   6  1.071674E-33 -1.385855E-04  8.517089E-05 -4.923038E-18  1.362410E-18 -1.353401E-05
        31   7 -1.110223E-16 -1.385855E-04  1.739222E-04  2.760428E-17 -1.556201E-17 -1.121251E-04
        31   8 -1.110223E-16 -1.385855E-04  1.739222E-04  1.184310E-17 -2.415837E-17 -1.121251E-04
        32   1  1.117909E-33 -3.998848E-05  8.517089E-05  1.244859E-17  8.950025E-18 -3.571599E-05
        32   2  1.117909E-33 -3.998848E-05  8.517089E-05  1.128506E-17 -1.175917E-18 -3.571599E-05
        32   3  3.181432E-34 -3.998848E-05  1.739222E-04  2.949286E-18 -2.029219E-19 -1.343188E-04
        32   4  3.181432E-34 -3.998848E-05  1.739222E-04  1.785759E-18  3.062012E-17 -1.343188E-04
        32   5  1.464421E-33 -1.385855E-04  8.517089E-05 -6.656846E-18 -4.942689E-18 -1.353401E-05
        32   6  1.464421E-33 -1.385855E-04  8.517089E-05  1.265412E-17 -1.506863E-17 -1.353401E-05
        32   7  1.901915E-33 -1.385855E-04  1.739222E-04 -3.269557E-18 -2.936810E-17 -1.121251E-04
        32   8  1.901915E-33 -1.385855E-04  1.739222E-04  1.604141E-17  1.454939E-18 -1.121251E-04
        33   1  8.745839E-34 -3.998848E-05  8.517089E-05  6.539597E-18  5.792361E-18 -3.571599E-05
        33   2  8.745839E-34 -3.998848E-05  8.517089E-05 -3.237808E-18  7.262294E-18 -3.571599E-05
        33   3  4.856515E-34 -3.998848E-05  1.739222E-04  1.219505E-18  2.959938E-17 -1.343188E-04
        33   4  4.856515E-34 -3.998848E-05  1.739222E-04 -8.557899E-18  5.749330E-18 -1.343188E-04
        33   5  1.036164E-33 -1.385855E-04  8.517089E-05  1.985151E-17  1.130852E-17 -1.353401E-05
        33   6  1.036164E-33 -1.385855E-04  8.517089E-05 -2.585888E-18  1.277845E-17 -1.353401E-05
        33   7  1.930415E-34 -1.385855E-04  1.739222E-04  4.411778E-18  2.237812E-17 -1.121251E-04
        33   8  1.930415E-34 -1.385855E-04  1.739222E-04 -1.802562E-17 -1.471931E-18 -1.121251E-04
        34   1  2.951792E-34 -3.998848E-05  8.517089E-05 -1.436007E-17  1.664258E-17 -3.571599E-05
        34   2  2.951792E-34 -3.998848E-05  8.517089E-05  2.561660E-18  1.568716E-17 -3.571599E-05
        34   3  2.307236E-33 -3.998848E-05  1.739222E-04  1.054861E-17 -1.370116E-17 -1.343188E-04
        34   4  2.307236E-33 -3.998848E-05  1.739222E-04  2.747034E-17 -1.289378E-17 -1.343188E-04
        34   5  2.083573E-34 -1.385855E-04  8.517089E-05 -1.654593E-17  1.014651E-17 -1.353401E-05
        34   6  2.083573E-34 -1.385855E-04  8.517089E-05  1.257195E-18  9.191092E-18 -1.353401E-05
        34   7  4.212658E-33 -1.385855E-04  1.739222E-04  1.927904E-17  3.606676E-18 -1.121251E-04
        34   8  4.212658E-33 -1.385855E-04  1.739222E-04  3.708217E-17  4.414055E-18 -1.121251E-04
        35   1  4.031400E-36 -3.998848E-05  8.517089E-05  4.723664E-18 -2.626881E-19 -3.571599E-05
        35   2  4.031400E-36 -3.998848E-05  8.517089E-05  1.106048E-17 -1.289715E-17 -3.571599E-05
        35   3  5.803317E-34 -3.998848E-05  1.739222E-04 -1.219522E-17  8.643871E-18 -1.343188E-04
        35   4  5.803317E-34 -3.998848E-05  1.739222E-04 -5.858406E-18  2.095745E-17 -1.343188E-04
        35   5  1.841155E-35 -1.385855E-04  8.517089E-05  3.381188E-18  3.463335E-18 -1.353401E-05
        35   6  1.841155E-35 -1.385855E-04  8.517089E-05  2.219202E-17 -9.171130E-18 -1.353401E-05
        35   7  1.720096E-33 -1.385855E-04  1.739222E-04 -1.900221E-17  1.993812E-17 -1.121251E-04
        35   8  1.720096E-33 -1.385855E-04  1.739222E-04 -1.913763E-19  3.225170E-17 -1.121251E-04
        36   1  1.576434E-33 -3.998848E-05  8.517089E-05 -8.379827E-18 -7.540443E-18 -3.571599E-05
        36   2  1.576434E-33 -3.998848E-05  8.517089E-05  3.694435E-18 -1.632563E-17 -3.571599E-05
        36   3  2.887909E-33 -3.998848E-05  1.739222E-04 -1.518706E-17  2.675828E-17 -1.343188E-04
        36   4  2.887909E-33 -3.998848E-05  1.739222E-04 -3.112803E-18 -9.811805E-18 -1.343188E-04
        36   5  1.721929E-33 -1.385855E-04  8.517089E-05  7.498921E-18 -7.870010E-19 -1.353401E-05
        36   6  1.721929E-33 -1.385855E-04  8.517089E-05  5.680737E-18 -9.572191E-18 -1.353401E-05
        36   7  3.917254E-33 -1.385855E-04  1.739222E-04 -1.116752E-17  2.267495E-17 -1.121251E-04
        36   8  3.917254E-33 -1.385855E-04  1.739222E-04 -1.298570E-17 -1.389514E-17 -1.121251E-04
        37   1  8.654087E-34 -3.998848E-05  8.517089E-05  6.254432E-18 -1.797349E-17 -3.571599E-05
        37   2  8.654087E-34 -3.998848E-05  8.517089E-05 -1.386756E-17  2.286008E-18 -3.571599E-05
        37   3  2.084803E-34 -3.998848E-05  1.739222E-04  1.850635E-17 -3.010301E-17 -1.343188E-04
        37   4  2.084803E-34 -3.998848E-05  1.739222E-04 -1.615642E-18 -1.230925E-17 -1.343188E-04
        37   5  1.003502E-33 -1.385855E-04  8.517089E-05 -2.580291E-18 -2.227717E-17 -1.353401E-05
        37   6  1.003502E-33 -1.385855E-04  8.517089E-05 -2.393515E-17 -2.017675E-18 -1.353401E-05
        37   7  1.042138E-34 -1.385855E-04  1.739222E-04  1.649975E-17 -3.046050E-17 -1.121251E-04
        37   8  1.042138E-34 -1.385855E-04  1.739222E-04 -4.855106E-18 -1.266674E-17 -1.121251E-04
        38   1  2.929441E-34 -3.998848E-05  8.517089E-05  1.074635E-17  7.746963E-19 -3.571599E-05
        38   2  2.929441E-34 -3.998848E-05  8.517089E-05  1.263485E-17  4.174161E-18 -3.571599E-05
        38   3  2.985907E-34 -3.998848E-05  1.739222E-04  1.391165E-18 -1.809768E-17 -1.343188E-04
        38   4  2.985907E-34 -3.998848E-05  1.739222E-04  3.279666E-18 -1.924405E-19 -1.343188E-04
        38   5  4.446492E-34 -1.385855E-04  8.517089E-05  8.681916E-18  2.731733E-18 -1.353401E-05
        38   6  4.446492E-34 -1.385855E-04  8.517089E-05  1.782330E-17  6.131198E-18 -1.353401E-05
        38   7  3.640921E-34 -1.385855E-04  1.739222E-04  6.825178E-18 -9.962127E-18 -1.121251E-04
        38   8  3.640921E-34 -1.385855E-04  1.739222E-04  1.596656E-17  7.943107E-18 -1.121251E-04
        39   1  9.609845E-35 -3.998848E-05  8.517089E-05  3.748470E-18  3.207843E-18 -3.571599E-05
        39   2  9.609845E-35 -3.998848E-05  8.517089E-05 -8.698520E-18 -6.483916E-18 -3.571599E-05
        39   3  2.016053E-33 -3.998848E-05  1.739222E-04  9.211075E-18 -2.069655E-17 -1.343188E-04
        39   4  2.016053E-33 -3.998848E-05  1.739222E-04 -3.235916E-18 -4.705064E-17 -1.343188E-04
        39   5  1.274387E-34 -1.385855E-04  8.517089E-05  6.531173E-18  3.897138E-18 -1.353401E-05
        39   6  1.274387E-34 -1.385855E-04  8.517089E-05 -1.424698E-17 -5.794621E-18 -1.353401E-05
        39   7  4.386058E-33 -1.385855E-04  1.739222E-04  1.538663E-17 -3.504282E-17 -1.121251E-04
        39   8  4.386058E-33 -1.385855E-04  1.739222E-04 -5.391519E-18 -6.139690E-17 -1.121251E-04
        40   1  1.403073E-34 -3.998848E-05  8.517089E-05 -7.505996E-18 -3.340706E-18 -3.571599E-05
        40   2  1.403073E-34 -3.998848E-05  8.517089E-05  3.844701E-18  9.213523E-19 -3.571599E-05
        40   3  1.577786E-33 -3.998848E-05  1.739222E-04 -3.918840E-18  4.102898E-18 -1.343188E-04
        40   4  1.577786E-33 -3.998848E-05  1.739222E-04  7.431857E-18  1.983048E-17 -1.343188E-04
        40   5  2.636624E-34 -1.385855E-04  8.517089E-05 -1.192360E-17 -7.064369E-18 -1.353401E-05
        40   6  2.636624E-34 -1.385855E-04  8.517089E-05  5.159856E-18 -2.802311E-18 -1.353401E-05
        40   7  6.998967E-34 -1.385855E-04  1.739222E-04 -1.243930E-17 -6.279879E-18 -1.121251E-04
        40   8  6.998967E-34 -1.385855E-04  1.739222E-04  4.644164E-18  9.447704E-18 -1.121251E-04
        41   1  2.385431E-03 -4.294775E-04 -1.644493E-03 -1.931438E-18  9.699159E-18 -6.848974E-05
        41   2  2.385431E-03 -4.294775E-04 -1.644493E-03  1.505471E-17  7.340413E-17 -6.848974E-05
        41   3  2.385431E-03 -4.294775E-04 -1.599953E-03 -2.416421E-17  1.870739E-17 -2.241124E-04
        41   4  2.385431E-03 -4.294775E-04 -1.599953E-03 -7.178067E-18  6.010449E-17 -2.241124E-04
        41   5  2.385431E-03 -5.848466E-04 -1.644493E-03 -5.391664E-18  1.305432E-18 -5.760822E-05
        41   6  2.385431E-03 -5.848466E-04 -1.644493E-03  4.405476E-19  6.501040E-17 -5.760822E-05
        41   7  2.385431E-03 -5.848466E-04 -1.599953E-03 -2.607939E-17  4.371343E-17 -2.127237E-04
        41   8  2.385431E-03 -5.848466E-04 -1.599953E-03 -2.024718E-17  8.511053E-17 -2.127237E-04
        42   1  2.385431E-03 -4.294775E-04 -1.644493E-03  1.336470E-17  3.805608E-17 -6.848974E-05
        42   2  2.385431E-03 -4.294775E-04 -1.644493E-03 -1.488326E-17 -3.595746E-17 -6.848974E-05
        42   3  2.385431E-03 -4.294775E-04 -1.599953E-03 -2.166414E-18  4.069245E-17 -2.241124E-04
        42   4  2.385431E-03 -4.294775E-04 -1.599953E-03 -3.041437E-17  1.233079E-18 -2.241124E-04
        42   5  2.385431E-03 -5.848466E-04 -1.644493E-03 -2.181652E-19  2.828139E-17 -5.760822E-05
        42   6  2.385431E-03 -5.848466E-04 -1.644493E-03 -1.118904E-17 -4.573216E-17 -5.760822E-05
        42   7  2.385431E-03 -5.848466E-04 -1.599953E-03 -1.745541E-17  3.609714E-17 -2.127237E-04
        42   8  2.385431E-03 -5.848466E-04 -1.599953E-03 -2.842628E-17 -3.362227E-18 -2.127237E-04
        43   1  2.385431E-03 -4.294775E-04 -1.644493E-03 -1.320047E-17 -2.151421E-17 -6.848974E-05
        43   2  2.385431E-03 -4.294775E-04 -1.644493E-03  5.366450E-18 -5.372514E-17 -6.848974E-05
        43   3  2.385431E-03 -4.294775E-04 -1.599953E-03 -1.456611E-17 -1.379586E-17 -2.241124E-04
        43   4  2.385431E-03 -4.294775E-04 -1.599953E-03  4.000810E-18 -3.545277E-17 -2.241124E-04
        43   5  2.385431E-03 -5.848466E-04 -1.644493E-03  3.921643E-20  1.748262E-18 -5.760822E-05
        43   6  2.385431E-03 -5.848466E-04 -1.644493E-03  2.388315E-17 -3.046267E-17 -5.760822E-05
        43   7  2.385431E-03 -5.848466E-04 -1.599953E-03  7.292655E-19 -7.071284E-18 -2.127237E-04
        43   8  2.385431E-03 -5.848466E-04 -1.599953E-03  2.457320E-17 -2.872819E-17 -2.127237E-04
        44   1  2.385431E-03 -4.294775E-04 -1.644493E-03  8.328652E-18 -3.631284E-17 -6.848974E-05
        44   2  2.385431E-03 -4.294775E-04 -1.644493E-03  8.422624E-19 -1.806291E-19 -6.848974E-05
        44   3  2.385431E-03 -4.294775E-04 -1.599953E-03  3.904803E-18 -3.230381E-17 -2.241124E-04
        44   4  2.385431E-03 -4.294775E-04 -1.599953E-03 -3.581586E-18 -3.260412E-17 -2.241124E-04
        44   5  2.385431E-03 -5.848466E-04 -1.644493E-03  2.182826E-17 -4.562924E-17 -5.760822E-05
        44   6  2.385431E-03 -5.848466E-04 -1.644493E-03 -3.874380E-18 -9.497033E-18 -5.760822E-05
        44   7  2.385431E-03 -5.848466E-04 -1.599953E-03  1.858452E-17 -4.737466E-17 -2.127237E-04
        44   8  2.385431E-03 -5.848466E-04 -1.599953E-03 -7.118122E-18 -4.767497E-17 -2.127237E-04
        45   1  2.385431E-03 -4.294775E-04 -1.644493E-03  2.225708E-18  1.078490E-17 -6.848974E-05
        45   2  2.385431E-03 -4.294775E-04 -1.644493E-03 -2.036596E-18  4.873305E-17 -6.848974E-05
        45   3  2.385431E-03 -4.294775E-04 -1.599953E-03  1.344191E-17 -7.332129E-18 -2.241124E-04
        45   4  2.385431E-03 -4.294775E-04 -1.599953E-03  9.179608E-18  2.796252E-17 -2.241124E-04
        45   5  2.385431E-03 -5.848466E-04 -1.644493E-03 -9.414293E-18  2.182807E-17 -5.760822E-05
        45   6  2.385431E-03 -5.848466E-04 -1.644493E-03 -1.500334E-17  5.977622E-17 -5.760822E-05
        45   7  2.385431E-03 -5.848466E-04 -1.599953E-03  3.595955E-18  1.236917E-17 -2.127237E-04
        45   8  2.385431E-03 -5.848466E-04 -1.599953E-03 -1.993096E-18  4.766382E-17 -2.127237E-04
        46   1  2.385431E-03 -4.294775E-04 -1.644493E-03 -8.476588E-18  3.482830E-17 -6.848974E-05
        46   2  2.385431E-03 -4.294775E-04 -1.644493E-03 -1.096111E-17  2.155502E-17 -6.848974E-05
        46   3  2.385431E-03 -4.294775E-04 -1.599953E-03 -8.088075E-18  4.248821E-17 -2.241124E-04
        46   4  2.385431E-03 -4.294775E-04 -1.599953E-03 -1.057259E-17  6.455236E-17 -2.241124E-04
        46   5  2.385431E-03 -5.848466E-04 -1.644493E-03 -1.933332E-17  2.707595E-17 -5.760822E-05
        46   6  2.385431E-03 -5.848466E-04 -1.644493E-03 -4.149125E-18  1.380267E-17 -5.760822E-05
        46   7  2.385431E-03 -5.848466E-04 -1.599953E-03 -2.774022E-17  3.899303E-17 -2.127237E-04
        46   8  2.385431E-03 -5.848466E-04 -1.599953E-03 -1.255602E-17  6.105718E-17 -2.127237E-04
        47   1  2.385431E-03 -4.294775E-04 -1.644493E-03 -1.011900E-17  1.022215E-17 -6.848974E-05
        47   2  2.385431E-03 -4.294775E-04 -1.644493E-03  4.617613E-18 -2.948462E-17 -6.848974E-05
        47   3  2.385431E-03 -4.294775E-04 -1.599953E-03 -1.968182E-17  2.100667E-17 -2.241124E-04
        47   4  2.385431E-03 -4.294775E-04 -1.599953E-03 -4.945211E-18 -4.904831E-17 -2.241124E-04
        47   5  2.385431E-03 -5.848466E-04 -1.644493E-03 -6.305448E-19 -7.292184E-18 -5.760822E-05
        47   6  2.385431E-03 -5.848466E-04 -1.644493E-03 -1.068040E-18 -4.699896E-17 -5.760822E-05
        47   7  2.385431E-03 -5.848466E-04 -1.599953E-03 -1.413386E-17  6.522926E-18 -2.127237E-04
        47   8  2.385431E-03 -5.848466E-04 -1.599953E-03 -1.457136E-17 -6.353206E-17 -2.127237E-04
        48   1  2.385431E-03 -4.294775E-04 -1.644493E-03  1.789639E-17  1.246724E-17 -6.848974E-05
        48   2  2.385431E-03 -4.294775E-04 -1.644493E-03  1.094293E-17  1.717588E-17 -6.848974E-05
        48   3  2.385431E-03 -4.294775E-04 -1.599953E-03  3.680705E-17 -7.730174E-19 -2.241124E-04
        48   4  2.385431E-03 -4.294775E-04 -1.599953E-03  2.985358E-17  2.335593E-17 -2.241124E-04
        48   5  2.385431E-03 -5.848466E-04 -1.644493E-03  1.573472E-17  4.098761E-17 -5.760822E-05
        48   6  2.385431E-03 -5.848466E-04 -1.644493E-03  1.849141E-17  4.569625E-17 -5.760822E-05
        48   7  2.385431E-03 -5.848466E-04 -1.599953E-03  4.587512E-17  7.444346E-18 -2.127237E-04
        48   8  2.385431E-03 -5.848466E-04 -1.599953E-03  4.863181E-17  3.157329E-17 -2.127237E-04
        49   1  2.385431E-03 -4.294775E-04 -1.644493E-03 -2.065762E-18 -1.299915E-17 -6.848974E-05
        49   2  2.385431E-03 -4.294775E-04 -1.644493E-03 -1.504664E-17 -8.121078E-18 -6.848974E-05
        49   3  2.385431E-03 -4.294775E-04 -1.599953E-03  1.225333E-18 -1.976724E-17 -2.241124E-04
        49   4  2.385431E-03 -4.294775E-04 -1.599953E-03 -1.175555E-17 -3.032647E-17 -2.241124E-04
        49   5  2.385431E-03 -5.848466E-04 -1.644493E-03  2.738035E-18 -4.898710E-17 -5.760822E-05
        49   6  2.385431E-03 -5.848466E-04 -1.644493E-03 -1.796150E-17 -4.410902E-17 -5.760822E-05
        49   7  2.385431E-03 -5.848466E-04 -1.599953E-03  7.483423E-18 -3.420465E-17 -2.127237E-04
        49   8  2.385431E-03 -5.848466E-04 -1.599953E-03 -1.321611E-17 -4.476388E-17 -2.127237E-04
        50   1  2.385431E-03 -4.294775E-04 -1.644493E-03 -1.223222E-17 -3.618001E-17 -6.848974E-05
        50   2  2.385431E-03 -4.294775E-04 -1.644493E-03 -1.063816E-19 -2.434751E-17 -6.848974E-05
        50   3  2.385431E-03 -4.294775E-04 -1.599953E-03 -3.202248E-19 -2.875510E-17 -2.241124E-04
        50   4  2.385431E-03 -4.294775E-04 -1.599953E-03  1.180562E-17 -9.609157E-18 -2.241124E-04
        50   5  2.385431E-03 -5.848466E-04 -1.644493E-03 -1.668599E-17 -7.595934E-18 -5.760822E-05
        50   6  2.385431E-03 -5.848466E-04 -1.644493E-03 -9.034264E-19  4.236564E-18 -5.760822E-05
        50   7  2.385431E-03 -5.848466E-04 -1.599953E-03 -3.336466E-18 -2.116411E-17 -2.127237E-04
        50   8  2.385431E-03 -5.848466E-04 -1.599953E-03  1.244610E-17 -2.018164E-18 -2.127237E-04
        51   1  2.385431E-03 -5.424948E-04 -1.550495E-03 -1.693504E-17  2.001128E-17 -2.597247E-04
        51   2  2.385431E-03 -5.424948E-04 -1.550495E-03  3.414833E-19  4.541343E-17 -2.597247E-04
        51   3  2.385431E-03 -5.424948E-04 -1.459177E-03  2.486589E-17  1.412641E-17 -4.923873E-04
        51   4  2.385431E-03 -5.424948E-04 -1.459177E-03  4.214242E-17  1.813742E-17 -4.923873E-04
        51   5  2.385431E-03 -7.747687E-04 -1.550495E-03 -2.378001E-17  4.354717E-17 -2.372839E-04
        51   6  2.385431E-03 -7.747687E-04 -1.550495E-03 -1.719906E-17  6.894933E-17 -2.372839E-04
        51   7  2.385431E-03 -7.747687E-04 -1.459177E-03  2.195328E-18  2.799555E-19 -4.691693E-04
        51   8  2.385431E-03 -7.747687E-04 -1.459177E-03  8.776279E-18  4.290959E-18 -4.691693E-04
        52   1  2.385431E-03 -5.424948E-04 -1.550495E-03 -5.156524E-18  2.610739E-17 -2.597247E-04
        52   2  2.385431E-03 -5.424948E-04 -1.550495E-03 -1.059907E-17  4.300155E-18 -2.597247E-04
        52   3  2.385431E-03 -5.424948E-04 -1.459177E-03 -2.244404E-17 -1.672791E-17 -4.923873E-04
        52   4  2.385431E-03 -5.424948E-04 -1.459177E-03 -2.788659E-17 -2.486280E-17 -4.923873E-04
        52   5  2.385431E-03 -7.747687E-04 -1.550495E-03 -1.792457E-17  2.966211E-17 -2.372839E-04
        52   6  2.385431E-03 -7.747687E-04 -1.550495E-03 -1.653095E-17  7.854878E-18 -2.372839E-04
        52   7  2.385431E-03 -7.747687E-04 -1.459177E-03 -1.807413E-17  3.949455E-18 -4.691693E-04
        52   8  2.385431E-03 -7.747687E-04 -1.459177E-03 -1.668051E-17 -4.185434E-18 -4.691693E-04
        53   1  2.385431E-03 -5.424948E-04 -1.550495E-03  8.940339E-18 -1.248045E-17 -2.597247E-04
        53   2  2.385431E-03 -5.424948E-04 -1.550495E-03 -1.771076E-17 -3.067714E-17 -2.597247E-04
        53   3  2.385431E-03 -5.424948E-04 -1.459177E-03  1.032247E-17 -1.684973E-17 -4.923873E-04
        53   4  2.385431E-03 -5.424948E-04 -1.459177E-03 -1.632863E-17 -3.614696E-17 -4.923873E-04
        53   5  2.385431E-03 -7.747687E-04 -1.550495E-03  9.661955E-18 -1.343295E-17 -2.372839E-04
        53   6  2.385431E-03 -7.747687E-04 -1.550495E-03 -1.753941E-17 -3.162964E-17 -2.372839E-04
        53   7  2.385431E-03 -7.747687E-04 -1.459177E-03  2.278166E-17 -2.177251E-17 -4.691693E-04
        53   8  2.385431E-03 -7.747687E-04 -1.459177E-03 -4.419706E-18 -4.106973E-17 -4.691693E-04
        54   1  2.385431E-03 -5.424948E-04 -1.550495E-03 -2.242274E-17 -2.262290E-17 -2.597247E-04
        54   2  2.385431E-03 -5.424948E-04 -1.550495E-03 -1.315684E-17 -2.792696E-17 -2.597247E-04
        54   3  2.385431E-03 -5.424948E-04 -1.459177E-03 -1.981808E-18 -5.376036E-19 -4.923873E-04
        54   4  2.385431E-03 -5.424948E-04 -1.459177E-03  7.284097E-18  1.692034E-17 -4.923873E-04
        54   5  2.385431E-03 -7.747687E-04 -1.550495E-03 -3.156990E-17 -3.562508E-17 -2.372839E-04
        54   6  2.385431E-03 -7.747687E-04 -1.550495E-03 -1.092300E-17 -4.092914E-17 -2.372839E-04
        54   7  2.385431E-03 -7.747687E-04 -1.459177E-03 -3.216535E-17 -1.943912E-18 -4.691693E-04
        54   8  2.385431E-03 -7.747687E-04 -1.459177E-03 -1.151844E-17  1.551403E-17 -4.691693E-04
        55   1  2.385431E-03 -5.424948E-04 -1.550495E-03  9.359489E-18 -9.501953E-18 -2.597247E-04
        55   2  2.385431E-03 -5.424948E-04 -1.550495E-03  2.596264E-17  1.821566E-17 -2.597247E-04
        55   3  2.385431E-03 -5.424948E-04 -1.459177E-03 -8.664976E-18  3.022996E-18 -4.923873E-04
        55   4  2.385431E-03 -5.424948E-04 -1.459177E-03  7.938178E-18  1.269323E-17 -4.923873E-04
        55   5  2.385431E-03 -7.747687E-04 -1.550495E-03  1.641512E-17  9.524212E-18 -2.372839E-04
        55   6  2.385431E-03 -7.747687E-04 -1.550495E-03  2.399458E-17  3.724182E-17 -2.372839E-04
        55   7  2.385431E-03 -7.747687E-04 -1.459177E-03 -1.455974E-17  1.088954E-17 -4.691693E-04
        55   8  2.385431E-03 -7.747687E-04 -1.459177E-03 -6.980275E-18  2.055978E-17 -4.691693E-04
        56   1  2.385431E-03 -5.424948E-04 -1.550495E-03  1.027373E-17  3.468330E-17 -2.597247E-04
        56   2  2.385431E-03 -5.424948E-04 -1.550495E-03  7.181784E-18  6.216702E-17 -2.597247E-04
        56   3  2.385431E-03 -5.424948E-04 -1.459177E-03 -1.232593E-17  6.084628E-18 -4.923873E-04
        56   4  2.385431E-03 -5.424948E-04 -1.459177E-03 -1.541788E-17  1.303747E-17 -4.923873E-04
        56   5  2.385431E-03 -7.747687E-04 -1.550495E-03 -7.937544E-19  3.247788E-17 -2.372839E-04
        56   6  2.385431E-03 -7.747687E-04 -1.550495E-03 -1.415114E-17  5.996161E-17 -2.372839E-04
        56   7  2.385431E-03 -7.747687E-04 -1.459177E-03  8.101219E-18  2.686872E-18 -4.691693E-04
        56   8  2.385431E-03 -7.747687E-04 -1.459177E-03 -5.256167E-18  9.639715E-18 -4.691693E-04
        57   1  2.385431E-03 -5.424948E-04 -1.550495E-03  3.260604E-18  2.257419E-17 -2.597247E-04
        57   2  2.385431E-03 -5.424948E-04 -1.550495E-03 -1.194402E-17 -4.033312E-17 -2.597247E-04
        57   3  2.385431E-03 -5.424948E-04 -1.459177E-03  3.514919E-17  1.601137E-17 -4.923873E-04
        57   4  2.385431E-03 -5.424948E-04 -1.459177E-03  1.994456E-17  2.980051E-18 -4.923873E-04
        57   5  2.385431E-03 -7.747687E-04 -1.550495E-03 -1.662404E-17  8.665627E-18 -2.372839E-04
        57   6  2.385431E-03 -7.747687E-04 -1.550495E-03 -6.890663E-18 -5.424169E-17 -2.372839E-04
        57   7  2.385431E-03 -7.747687E-04 -1.459177E-03  1.276204E-17  6.305982E-19 -4.691693E-04
        57   8  2.385431E-03 -7.747687E-04 -1.459177E-03  2.249542E-17 -1.240072E-17 -4.691693E-04
        58   1  2.385431E-03 -5.424948E-04 -1.550495E-03  2.327488E-17 -1.228375E-17 -2.597247E-04
        58   2  2.385431E-03 -5.424948E-04 -1.550495E-03  3.320923E-17  1.017287E-17 -2.597247E-04
        58   3  2.385431E-03 -5.424948E-04 -1.459177E-03  2.129333E-17 -3.015214E-17 -4.923873E-04
        58   4  2.385431E-03 -5.424948E-04 -1.459177E-03  3.122768E-17 -3.168470E-17 -4.923873E-04
        58   5  2.385431E-03 -7.747687E-04 -1.550495E-03  5.538268E-17 -9.454111E-18 -2.372839E-04
        58   6  2.385431E-03 -7.747687E-04 -1.550495E-03  5.332244E-17  1.300251E-17 -2.372839E-04
        58   7  2.385431E-03 -7.747687E-04 -1.459177E-03  4.066674E-17 -2.189763E-17 -4.691693E-04
        58   8  2.385431E-03 -7.747687E-04 -1.459177E-03  3.860650E-17 -2.343020E-17 -4.691693E-04
        59   1  2.385431E-03 -5.424948E-04 -1.550495E-03  5.848961E-18 -2.131718E-17 -2.597247E-04
        59   2  2.385431E-03 -5.424948E-04 -1.550495E-03 -2.388668E-17 -3.153639E-17 -2.597247E-04
        59   3  2.385431E-03 -5.424948E-04 -1.459177E-03  2.321922E-17 -1.843070E-17 -4.923873E-04
        59   4  2.385431E-03 -5.424948E-04 -1.459177E-03 -6.516425E-18 -1.228364E-17 -4.923873E-04
        59   5  2.385431E-03 -7.747687E-04 -1.550495E-03  1.290861E-17 -2.374603E-17 -2.372839E-04
        59   6  2.385431E-03 -7.747687E-04 -1.550495E-03 -8.643903E-18 -3.396524E-17 -2.372839E-04
        59   7  2.385431E-03 -7.747687E-04 -1.459177E-03  3.185694E-17 -1.036005E-17 -4.691693E-04
        59   8  2.385431E-03 -7.747687E-04 -1.459177E-03  1.030443E-17 -4.212997E-18 -4.691693E-04
        60   1  2.385431E-03 -5.424948E-04 -1.550495E-03 -2.332512E-17 -9.574352E-18 -2.597247E-04
        60   2  2.385431E-03 -5.424948E-04 -1.550495E-03  3.720805E-18  5.800054E-18 -2.597247E-04
        60   3  2.385431E-03 -5.424948E-04 -1.459177E-03 -4.223450E-17  3.543010E-17 -4.923873E-04
        60   4  2.385431E-03 -5.424948E-04 -1.459177E-03 -1.518858E-17  3.318701E-17 -4.923873E-04
        60   5  2.385431E-03 -7.747687E-04 -1.550495E-03 -1.308331E-17 -9.220103E-18 -2.372839E-04
        60   6  2.385431E-03 -7.747687E-04 -1.550495E-03  5.153868E-18  6.154303E-18 -2.372839E-04
        60   7  2.385431E-03 -7.747687E-04 -1.459177E-03 -4.409626E-17  3.723601E-17 -4.691693E-04
        60   8  2.385431E-03 -7.747687E-04 -1.459177E-03 -2.585908E-17  3.499292E-17 -4.691693E-04

                        S T E P       7


                                INCREMENT     6


 displacements (vx,vy,vz) for set ALLN and time  0.7000000E+01

         1  0.000000E+00  0.000000E+00  0.000000E+00
         2 -2.000000E-05  0.000000E+00  0.000000E+00
         3 -4.000000E-05  0.000000E+00  0.000000E+00
         4 -6.000000E-05  0.000000E+00  0.000000E+00
         5 -8.000000E-05  0.000000E+00  0.000000E+00
         6 -1.000000E-04  0.000000E+00  0.000000E+00
         7 -1.200000E-04  0.000000E+00  0.000000E+00
         8 -1.400000E-04  0.000000E+00  0.000000E+00
         9 -1.600000E-04  0.000000E+00  0.000000E+00
        10 -1.800000E-04  0.000000E+00  0.000000E+00
        11 -2.000000E-04  0.000000E+00  0.000000E+00
        12  0.000000E+00  5.961752E-06  0.000000E+00
        13 -2.000000E-05  5.961752E-06  0.000000E+00
        14 -4.000000E-05  5.961752E-06  0.000000E+00
        15 -6.000000E-05  5.961752E-06  0.000000E+00
        16 -8.000000E-05  5.961752E-06  0.000000E+00
        17 -1.000000E-04  5.961752E-06  0.000000E+00
        18 -1.200000E-04  5.961752E-06  0.000000E+00
        19 -1.400000E-04  5.961752E-06  0.000000E+00
        20 -1.600000E-04  5.961752E-06  0.000000E+00
        21 -1.800000E-04  5.961752E-06  0.000000E+00
        22 -2.000000E-04  5.961752E-06  0.000000E+00
        23  0.000000E+00  2.047702E-05  0.000000E+00
        24 -2.000000E-05  2.047702E-05  0.000000E+00
        25 -4.000000E-05  2.047702E-05  0.000000E+00
        26 -6.000000E-05  2.047702E-05  0.000000E+00
        27 -8.000000E-05  2.047702E-05  0.000000E+00
        28 -1.000000E-04  2.047702E-05  0.000000E+00
        29 -1.200000E-04  2.047702E-05  0.000000E+00
        30 -1.400000E-04  2.047702E-05  0.000000E+00
        31 -1.600000E-04  2.047702E-05  0.000000E+00
        32 -1.800000E-04  2.047702E-05  0.000000E+00
        33 -2.000000E-04  2.047702E-05  0.000000E+00
        34  0.000000E+00  0.000000E+00  2.636374E-05
        35 -2.000000E-05  0.000000E+00  2.636374E-05
        36 -4.000000E-05  0.000000E+00  2.636374E-05
        37 -6.000000E-05  0.000000E+00  2.636374E-05
        38 -8.000000E-05  0.000000E+00  2.636374E-05
        39 -1.000000E-04  0.000000E+00  2.636374E-05
        40 -1.200000E-04  0.000000E+00  2.636374E-05
        41 -1.400000E-04  0.000000E+00  2.636374E-05
        42 -1.600000E-04  0.000000E+00  2.636374E-05
        43 -1.800000E-04  0.000000E+00  2.636374E-05
        44 -2.000000E-04  0.000000E+00  2.636374E-05
        45  0.000000E+00 -2.704280E-05  9.978447E-06
        46 -2.000000E-05 -2.704280E-05  9.978447E-06
        47 -4.000000E-05 -2.704280E-05  9.978447E-06
        48 -6.000000E-05 -2.704280E-05  9.978447E-06
        49 -8.000000E-05 -2.704280E-05  9.978447E-06
        50 -1.000000E-04 -2.704280E-05  9.978447E-06
        51 -1.200000E-04 -2.704280E-05  9.978447E-06
        52 -1.400000E-04 -2.704280E-05  9.978447E-06
        53 -1.600000E-04 -2.704280E-05  9.978447E-06
        54 -1.800000E-04 -2.704280E-05  9.978447E-06
        55 -2.000000E-04 -2.704280E-05  9.978447E-06
        56  0.000000E+00 -2.525398E-05  1.085573E-04
        57 -2.000000E-05 -2.525398E-05  1.085573E-04
        58 -4.000000E-05 -2.525398E-05  1.085573E-04
        59 -6.000000E-05 -2.525398E-05  1.085573E-04
        60 -8.000000E-05 -2.525398E-05  1.085573E-04
        61 -1.000000E-04 -2.525398E-05  1.085573E-04
        62 -1.200000E-04 -2.525398E-05  1.085573E-04
        63 -1.400000E-04 -2.525398E-05  1.085573E-04
        64 -1.600000E-04 -2.525398E-05  1.085573E-04
        65 -1.800000E-04 -2.525398E-05  1.085573E-04
        66 -2.000000E-04 -2.525398E-05  1.085573E-04
        67  0.000000E+00  0.000000E+00  7.028724E-05
        68 -2.000000E-05  0.000000E+00  7.028724E-05
        69 -4.000000E-05  0.000000E+00  7.028724E-05
        70 -6.000000E-05  0.000000E+00  7.028724E-05
        71 -8.000000E-05  0.000000E+00  7.028724E-05
        72 -1.000000E-04  0.000000E+00  7.028724E-05
        73 -1.200000E-04  0.000000E+00  7.028724E-05
        74 -1.400000E-04  0.000000E+00  7.028724E-05
        75 -1.600000E-04  0.000000E+00  7.028724E-05
        76 -1.800000E-04  0.000000E+00  7.028724E-05
        77 -2.000000E-04  0.000000E+00  7.028724E-05
        78  0.000000E+00 -8.403571E-05  3.910946E-05
        79 -2.000000E-05 -8.403571E-05  3.910946E-05
        80 -4.000000E-05 -8.403571E-05  3.910946E-05
        81 -6.000000E-05 -8.403571E-05  3.910946E-05
        82 -8.000000E-05 -8.403571E-05  3.910946E-05
        83 -1.000000E-04 -8.403571E-05  3.910946E-05
        84 -1.200000E-04 -8.403571E-05  3.910946E-05
        85 -1.400000E-04 -8.403571E-05  3.910946E-05
        86 -1.600000E-04 -8.403571E-05  3.910946E-05
        87 -1.800000E-04 -8.403571E-05  3.910946E-05
        88 -2.000000E-04 -8.403571E-05  3.910946E-05
        89  0.000000E+00 -2.528433E-04  2.143948E-04
        90 -2.000000E-05 -2.528433E-04  2.143948E-04
        91 -4.000000E-05 -2.528433E-04  2.143948E-04
        92 -6.000000E-05 -2.528433E-04  2.143948E-04
        93 -8.000000E-05 -2.528433E-04  2.143948E-04
        94 -1.000000E-04 -2.528433E-04  2.143948E-04
        95 -1.200000E-04 -2.528433E-04  2.143948E-04
        96 -1.400000E-04 -2.528433E-04  2.143948E-04
        97 -1.600000E-04 -2.528433E-04  2.143948E-04
        98 -1.800000E-04 -2.528433E-04  2.143948E-04
        99 -2.000000E-04 -2.528433E-04  2.143948E-04
       100  0.000000E+00  0.000000E+00 -4.628844E-03
       101 -2.000000E-05  0.000000E+00 -4.628844E-03
       102 -4.000000E-05  0.000000E+00 -4.628844E-03
       103 -6.000000E-05  0.000000E+00 -4.628844E-03
       104 -8.000000E-05  0.000000E+00 -4.628844E-03
       105 -1.000000E-04  0.000000E+00 -4.628844E-03
       106 -1.200000E-04  0.000000E+00 -4.628844E-03
       107 -1.400000E-04  0.000000E+00 -4.628844E-03
       108 -1.600000E-04  0.000000E+00 -4.628844E-03
       109 -1.800000E-04  0.000000E+00 -4.628844E-03
       110 -2.000000E-04  0.000000E+00 -4.628844E-03
       111  0.000000E+00 -3.025667E-03 -4.622639E-03
       112 -2.000000E-05 -3.025667E-03 -4.622639E-03
       113 -4.000000E-05 -3.025667E-03 -4.622639E-03
       114 -6.000000E-05 -3.025667E-03 -4.622639E-03
       115 -8.000000E-05 -3.025667E-03 -4.622639E-03
       116 -1.000000E-04 -3.025667E-03 -4.622639E-03
       117 -1.200000E-04 -3.025667E-03 -4.622639E-03
       118 -1.400000E-04 -3.025667E-03 -4.622639E-03
       119 -1.600000E-04 -3.025667E-03 -4.622639E-03
       120 -1.800000E-04 -3.025667E-03 -4.622639E-03
       121 -2.000000E-04 -3.025667E-03 -4.622639E-03
       122  0.000000E+00 -6.269899E-03 -4.373776E-03
       123 -2.000000E-05 -6.269899E-03 -4.373776E-03
       124 -4.000000E-05 -6.269899E-03 -4.373776E-03
       125 -6.000000E-05 -6.269899E-03 -4.373776E-03
       126 -8.000000E-05 -6.269899E-03 -4.373776E-03
       127 -1.000000E-04 -6.269899E-03 -4.373776E-03
       128 -1.200000E-04 -6.269899E-03 -4.373776E-03
       129 -1.400000E-04 -6.269899E-03 -4.373776E-03
       130 -1.600000E-04 -6.269899E-03 -4.373776E-03
       131 -1.800000E-04 -6.269899E-03 -4.373776E-03
       132 -2.000000E-04 -6.269899E-03 -4.373776E-03
       133  0.000000E+00  0.000000E+00 -6.559534E-03
       134  7.300672E-17  0.000000E+00 -6.559534E-03
       135  2.519188E-17  0.000000E+00 -6.559534E-03
       136  9.642501E-18  0.000000E+00 -6.559534E-03
       137  1.007926E-16  0.000000E+00 -6.559534E-03
       138  7.288376E-17  0.000000E+00 -6.559534E-03
       139  2.934472E-17  0.000000E+00 -6.559534E-03
       140  6.160793E-17  0.000000E+00 -6.559534E-03
       141  9.750079E-18  0.000000E+00 -6.559534E-03
       142  5.143273E-17  0.000000E+00 -6.559534E-03
       143 -2.000000E-04  0.000000E+00 -6.559534E-03
       144  0.000000E+00 -3.288819E-03 -6.486741E-03
       145  2.418937E-17 -3.288819E-03 -6.486741E-03
       146  1.172621E-16 -3.288819E-03 -6.486741E-03
       147  5.967758E-17 -3.288819E-03 -6.486741E-03
       148  5.153469E-17 -3.288819E-03 -6.486741E-03
       149  6.760994E-17 -3.288819E-03 -6.486741E-03
       150  8.028410E-17 -3.288819E-03 -6.486741E-03
       151  3.740552E-17 -3.288819E-03 -6.486741E-03
       152  4.940037E-17 -3.288819E-03 -6.486741E-03
       153  4.531643E-18 -3.288819E-03 -6.486741E-03
       154 -2.000000E-04 -3.288819E-03 -6.486741E-03
       155  0.000000E+00 -6.676059E-03 -6.116487E-03
       156  1.142650E-16 -6.676059E-03 -6.116487E-03
       157  1.490269E-16 -6.676059E-03 -6.116487E-03
       158  9.507980E-17 -6.676059E-03 -6.116487E-03
       159  9.271074E-18 -6.676059E-03 -6.116487E-03
       160  2.248476E-17 -6.676059E-03 -6.116487E-03
       161  9.654924E-17 -6.676059E-03 -6.116487E-03
       162  1.121198E-16 -6.676059E-03 -6.116487E-03
       163 -2.306003E-18 -6.676059E-03 -6.116487E-03
       164 -4.863157E-17 -6.676059E-03 -6.116487E-03
       165 -2.000000E-04 -6.676059E-03 -6.116487E-03

 forces (fx,fy,fz) for set ALLN and time  0.7000000E+01

         1 -3.604452E+00  2.345095E+00  2.452737E+00
         2  8.851147E-13  4.690190E+00  4.905474E+00
         3  6.518772E-13  4.690190E+00  4.905474E+00
         4 -4.212226E-13  4.690190E+00  4.905474E+00
         5  1.520737E-12  4.690190E+00  4.905474E+00
         6 -1.289449E-12  4.690190E+00  4.905474E+00
         7 -1.955259E-13  4.690190E+00  4.905474E+00
         8  2.183586E-12  4.690190E+00  4.905474E+00
         9 -1.116374E-12  4.690190E+00  4.905474E+00
        10 -2.310212E-12  4.690190E+00  4.905474E+00
        11  3.604452E+00  2.345095E+00  2.452737E+00
        12 -7.718815E+00  3.339708E-12  2.143176E+00
        13 -3.383230E-12  4.929546E-12  4.286353E+00
        14  2.902802E-12  2.588537E-12  4.286353E+00
        15 -4.079198E-12  1.907532E-12  4.286353E+00
        16  9.665076E-13  1.545958E-12  4.286353E+00
        17  2.064280E-12 -5.561543E-13  4.286353E+00
        18  1.015596E-12  1.270157E-13  4.286353E+00
        19  2.224381E-12 -1.132202E-12  4.286353E+00
        20 -1.838976E-13 -2.403848E-12  4.286353E+00
        21 -6.871930E-13 -2.338225E-13  4.286353E+00
        22  7.718815E+00  1.933640E-12  2.143176E+00
        23 -4.924116E+00 -2.749683E-12 -4.595913E+00
        24  1.470137E-12 -3.580069E-12 -9.191827E+00
        25 -6.350551E-12 -2.371982E-12 -9.191827E+00
        26  3.000983E-12  6.704515E-13 -9.191827E+00
        27 -2.895677E-12 -3.102911E-14 -9.191827E+00
        28  6.158730E-12 -1.728468E-12 -9.191827E+00
        29 -1.864299E-12 -2.797412E-12 -9.191827E+00
        30  5.511380E-13 -2.921184E-12 -9.191827E+00
        31 -7.858637E-13 -2.340896E-12 -9.191827E+00
        32  6.747114E-13 -3.017794E-12 -9.191827E+00
        33  4.924116E+00 -2.275097E-12 -4.595913E+00
        34 -7.041680E+00  5.236935E+00  1.015571E-11
        35 -6.089199E-12  1.047387E+01  1.395380E-11
        36  7.053438E-12  1.047387E+01  6.318810E-12
        37 -2.576116E-12  1.047387E+01  2.306185E-12
        38 -5.785382E-13  1.047387E+01 -2.870657E-13
        39  2.264274E-12  1.047387E+01 -1.389840E-11
        40 -6.153767E-12  1.047387E+01  1.167674E-12
        41  9.023173E-12  1.047387E+01 -2.305196E-11
        42 -6.347131E-12  1.047387E+01 -1.264511E-11
        43  2.902157E-12  1.047387E+01 -3.682122E-12
        44  7.041680E+00  5.236935E+00  8.829162E-13
        45 -1.479716E+01  6.252124E-12 -1.066518E-11
        46 -4.574528E-12  4.859194E-12  5.991752E-14
        47  1.045932E-11  1.276626E-11 -6.988027E-12
        48 -6.818161E-12  4.701114E-12 -2.268235E-12
        49  3.834101E-12  1.023793E-11 -3.086359E-12
        50  4.418912E-12  1.371242E-11 -1.241700E-11
        51 -7.590313E-12  1.209850E-11 -1.167644E-11
        52 -7.979025E-13 -9.204537E-12 -2.321480E-11
        53  5.283741E-12 -3.105298E-12 -2.521499E-11
        54  2.055284E-12  1.570744E-11 -1.906169E-11
        55  1.479716E+01  7.921248E-12 -1.113530E-11
        56 -9.209634E+00 -5.650095E-12  9.264064E-13
        57 -7.846361E-13 -2.475627E-12  8.665869E-12
        58  1.707307E-13 -1.123518E-11  9.505153E-12
        59 -2.646916E-13 -4.659315E-12  1.168353E-11
        60 -4.529719E-13 -4.417911E-12  9.278121E-12
        61  2.858639E-12 -1.518688E-11  1.127217E-11
        62 -4.554100E-12 -1.052385E-11  7.338505E-12
        63 -9.345552E-13  7.915039E-12  5.621961E-12
        64  5.656446E-12  1.982233E-13  8.209143E-12
        65  1.399224E-12 -1.557172E-11  7.604110E-13
        66  9.209634E+00 -8.356041E-12 -4.411727E-13
        67 -1.517078E+01 -3.372922E+00 -5.122132E-12
        68 -3.947127E-12 -6.745843E+00 -1.045756E-12
        69 -6.283121E-13 -6.745843E+00  3.792612E-12
        70  7.395741E-12 -6.745843E+00  9.343959E-13
        71 -2.164005E-12 -6.745843E+00  1.193036E-11
        72  3.501601E-13 -6.745843E+00  1.132248E-11
        73 -4.964800E-12 -6.745843E+00  2.138810E-12
        74  6.573211E-12 -6.745843E+00  1.119414E-11
        75 -8.613897E-12 -6.745843E+00  2.661174E-12
        76  5.208376E-12 -6.745843E+00 -9.850866E-14
        77  1.517078E+01 -3.372922E+00 -5.280384E-12
        78 -3.020882E+01  2.993163E-13 -3.513437E-12
        79  5.150601E-12 -4.095843E-12 -3.257477E-12
        80 -9.516325E-13 -1.854301E-12  9.983881E-12
        81  1.940351E-12 -1.337012E-13  1.167653E-11
        82  1.800028E-13 -5.633896E-12  7.455103E-12
        83 -4.702209E-12 -2.690187E-12 -4.744274E-12
        84  5.229971E-12 -2.330235E-12 -1.763152E-11
        85 -1.329403E-12  9.152513E-13  6.302034E-12
        86 -3.616739E-12  2.785541E-12  2.260933E-12
        87  2.550961E-12  2.379713E-12 -4.230553E-12
        88  3.020882E+01 -7.541277E-15 -1.226816E-12
        89 -1.624552E+01  4.436486E-13 -6.141844E-12
        90  4.576062E-12 -5.000991E-14 -1.606009E-11
        91 -9.448999E-13 -2.249733E-12 -6.181003E-12
        92 -6.452386E-13 -2.993081E-12 -1.060273E-12
        93 -5.057439E-13  3.148727E-13 -9.082301E-13
        94  8.539234E-13 -1.365984E-12 -1.144282E-11
        95 -1.321978E-12  9.251796E-13 -1.101010E-11
        96 -4.093962E-13 -1.028489E-12 -6.177975E-12
        97  3.221411E-12 -3.443243E-12 -2.315660E-12
        98 -2.326574E-12 -2.407526E-12 -7.386326E-12
        99  1.624552E+01 -8.230638E-13 -3.966279E-12
       100 -9.803483E+00 -4.209108E+00 -3.031843E-13
       101 -2.172313E-12 -8.418216E+00 -2.864965E-12
       102 -1.037025E-12 -8.418216E+00 -2.895384E-12
       103 -2.840913E-13 -8.418216E+00 -9.176553E-13
       104  1.332754E-12 -8.418216E+00 -4.823001E-12
       105  1.920472E-13 -8.418216E+00 -9.518290E-12
       106 -3.197195E-12 -8.418216E+00  3.654015E-12
       107  5.246115E-12 -8.418216E+00  8.157185E-13
       108 -1.848554E-13 -8.418216E+00 -8.764552E-13
       109 -2.279431E-12 -8.418216E+00  4.405591E-13
       110  9.803483E+00 -4.209108E+00  4.974606E-12
       111 -1.879904E+01  1.689249E-12  3.795276E-12
       112 -1.727698E-12 -5.565241E-12 -5.560278E-12
       113  2.015847E-12 -2.131117E-12 -1.590920E-11
       114 -3.892936E-12  1.124136E-12 -1.530026E-11
       115  2.166922E-12  2.473946E-12 -7.041074E-12
       116 -7.053823E-12 -1.621574E-12 -2.409124E-12
       117  1.927103E-12 -2.836553E-12  1.246645E-11
       118  4.129519E-12  2.702910E-12 -8.195017E-13
       119  8.665422E-13 -5.329197E-13 -1.978735E-12
       120  8.361174E-13  2.697040E-14 -2.871319E-12
       121  1.879904E+01  3.030629E-12 -7.406862E-13
       122 -9.573947E+00 -9.766285E-13  2.390182E-12
       123  2.017529E-12  1.169257E-12  6.021200E-12
       124  8.813507E-13 -2.048431E-12 -1.202257E-12
       125  8.361471E-13 -2.574121E-12 -3.539738E-12
       126 -1.094093E-13 -3.527974E-12 -2.644508E-12
       127 -1.249394E-12 -1.966384E-12 -1.103201E-12
       128 -1.513510E-12  1.172553E-12  1.081077E-12
       129  2.873493E-12 -1.422387E-12  3.451053E-12
       130 -3.211380E-12 -1.095592E-12 -6.751693E-12
       131  3.501390E-12 -4.750433E-12 -2.907309E-12
       132  9.573947E+00 -1.205288E-12 -3.826453E-13
       133  0.000000E+00  0.000000E+00  0.000000E+00
       134  0.000000E+00  0.000000E+00  0.000000E+00
       135  0.000000E+00  0.000000E+00  0.000000E+00
       136  0.000000E+00  0.000000E+00  0.000000E+00
       137  0.000000E+00  0.000000E+00  0.000000E+00
       138  0.000000E+00  0.000000E+00  0.000000E+00
       139  0.000000E+00  0.000000E+00  0.000000E+00
       140  0.000000E+00  0.000000E+00  0.000000E+00
       141  0.000000E+00  0.000000E+00  0.000000E+00
       142  0.000000E+00  0.000000E+00  0.000000E+00
       143  0.000000E+00  0.000000E+00  0.000000E+00
       144  0.000000E+00  0.000000E+00  0.000000E+00
       145  0.000000E+00  0.000000E+00  0.000000E+00
       146  0.000000E+00  0.000000E+00  0.000000E+00
       147  0.000000E+00  0.000000E+00  0.000000E+00
       148  0.000000E+00  0.000000E+00  0.000000E+00
       149  0.000000E+00  0.000000E+00  0.000000E+00
       150  0.000000E+00  0.000000E+00  0.000000E+00
       151  0.000000E+00  0.000000E+00  0.000000E+00
       152  0.000000E+00  0.000000E+00  0.000000E+00
       153  0.000000E+00  0.000000E+00  0.000000E+00
       154  0.000000E+00  0.000000E+00  0.000000E+00
       155  0.000000E+00  0.000000E+00  0.000000E+00
       156  0.000000E+00  0.000000E+00  0.000000E+00
       157  0.000000E+00  0.000000E+00  0.000000E+00
       158  0.000000E+00  0.000000E+00  0.000000E+00
       159  0.000000E+00  0.000000E+00  0.000000E+00
       160  0.000000E+00  0.000000E+00  0.000000E+00
       161  0.000000E+00  0.000000E+00  0.000000E+00
       162  0.000000E+00  0.000000E+00  0.000000E+00
       163  0.000000E+00  0.000000E+00  0.000000E+00
       164  0.000000E+00  0.000000E+00  0.000000E+00
       165  0.000000E+00  0.000000E+00  0.000000E+00

 stresses (elem, integ.pnt.,sxx,syy,szz,sxy,sxz,syz) for set ALLE and time  0.7000000E+01

         1   1  2.951254E+01 -1.307576E+01 -6.859596E+00 -1.052959E-12 -1.907618E-12 -1.156008E+00
         1   2  2.951254E+01 -1.307576E+01 -6.859596E+00 -2.947785E-12 -5.143795E-12 -1.156008E+00
         1   3  2.791415E+01 -1.467532E+01 -1.097148E+01 -2.036299E-12 -2.487973E-13 -3.686288E+00
         1   4  2.791415E+01 -1.467532E+01 -1.097148E+01 -3.931216E-12 -5.092207E-13 -3.686288E+00
         1   5  2.790264E+01 -1.721717E+01 -8.470639E+00 -5.935003E-13 -3.875566E-12 -1.784092E+00
         1   6  2.790264E+01 -1.721717E+01 -8.470639E+00 -9.957594E-13 -7.111848E-12 -1.784092E+00
         1   7  2.630426E+01 -1.881681E+01 -1.258259E+01 -1.814548E-12 -6.736796E-13 -4.314472E+00
         1   8  2.630426E+01 -1.881681E+01 -1.258259E+01 -2.216851E-12 -9.312429E-13 -4.314472E+00
         2   1  2.951254E+01 -1.307576E+01 -6.859596E+00 -1.831247E-12 -3.604857E-12 -1.156008E+00
         2   2  2.951254E+01 -1.307576E+01 -6.859596E+00  5.120575E-13  2.052654E-12 -1.156008E+00
         2   3  2.791415E+01 -1.467532E+01 -1.097148E+01 -2.241101E-13 -7.001428E-13 -3.686288E+00
         2   4  2.791415E+01 -1.467532E+01 -1.097148E+01  2.121525E-12 -3.275073E-13 -3.686288E+00
         2   5  2.790264E+01 -1.721717E+01 -8.470639E+00 -2.285980E-13 -3.821762E-12 -1.784092E+00
         2   6  2.790264E+01 -1.721717E+01 -8.470639E+00 -5.286416E-13  1.843226E-12 -1.784092E+00
         2   7  2.630426E+01 -1.881681E+01 -1.258259E+01  1.374597E-12 -1.741319E-12 -4.314472E+00
         2   8  2.630426E+01 -1.881681E+01 -1.258259E+01  1.078397E-12 -1.384211E-12 -4.314472E+00
         3   1  2.951254E+01 -1.307576E+01 -6.859596E+00  8.145192E-13  3.693069E-12 -1.156008E+00
         3   2  2.951254E+01 -1.307576E+01 -6.859596E+00 -3.532554E-13  2.447961E-12 -1.156008E+00
         3   3  2.791415E+01 -1.467532E+01 -1.097148E+01  2.097478E-12  6.389396E-13 -3.686288E+00
         3   4  2.791415E+01 -1.467532E+01 -1.097148E+01  9.292496E-13  9.788407E-13 -3.686288E+00
         3   5  2.790264E+01 -1.721717E+01 -8.470639E+00 -9.928934E-13  3.555927E-12 -1.784092E+00
         3   6  2.790264E+01 -1.721717E+01 -8.470639E+00 -1.395692E-12  2.353486E-12 -1.784092E+00
         3   7  2.630426E+01 -1.881681E+01 -1.258259E+01  4.918084E-14  1.532647E-12 -4.314472E+00
         3   8  2.630426E+01 -1.881681E+01 -1.258259E+01 -3.517000E-13  1.876491E-12 -4.314472E+00
         4   1  2.951254E+01 -1.307576E+01 -6.859596E+00 -1.680423E-12  1.146509E-12 -1.156008E+00
         4   2  2.951254E+01 -1.307576E+01 -6.859596E+00 -2.749484E-12 -6.582987E-13 -1.156008E+00
         4   3  2.791415E+01 -1.467532E+01 -1.097148E+01 -1.834489E-12  1.210232E-12 -3.686288E+00
         4   4  2.791415E+01 -1.467532E+01 -1.097148E+01 -2.905779E-12  2.346438E-12 -3.686288E+00
         4   5  2.790264E+01 -1.721717E+01 -8.470639E+00 -1.660322E-12  3.792366E-13 -1.784092E+00
         4   6  2.790264E+01 -1.721717E+01 -8.470639E+00 -1.181955E-12 -1.425022E-12 -1.784092E+00
         4   7  2.630426E+01 -1.881681E+01 -1.258259E+01 -1.454926E-12  1.067803E-12 -4.314472E+00
         4   8  2.630426E+01 -1.881681E+01 -1.258259E+01 -9.821609E-13  2.201893E-12 -4.314472E+00
         5   1  2.951254E+01 -1.307576E+01 -6.859596E+00 -1.796575E-12 -8.686428E-13 -1.156008E+00
         5   2  2.951254E+01 -1.307576E+01 -6.859596E+00  1.843040E-12  7.958308E-13 -1.156008E+00
         5   3  2.791415E+01 -1.467532E+01 -1.097148E+01 -1.953521E-12  1.597355E-12 -3.686288E+00
         5   4  2.791415E+01 -1.467532E+01 -1.097148E+01  1.698944E-12 -2.496164E-13 -3.686288E+00
         5   5  2.790264E+01 -1.721717E+01 -8.470639E+00 -4.864588E-13 -1.868945E-12 -1.784092E+00
         5   6  2.790264E+01 -1.721717E+01 -8.470639E+00  1.405197E-12 -2.786498E-13 -1.784092E+00
         5   7  2.630426E+01 -1.881681E+01 -1.258259E+01 -7.120461E-13  1.004821E-13 -4.314472E+00
         5   8  2.630426E+01 -1.881681E+01 -1.258259E+01  1.176241E-12 -1.710771E-12 -4.314472E+00
         6   1  2.951254E+01 -1.307576E+01 -6.859596E+00  2.896127E-12  1.493813E-12 -1.156008E+00
         6   2  2.951254E+01 -1.307576E+01 -6.859596E+00  2.979881E-12 -8.020407E-13 -1.156008E+00
         6   3  2.791415E+01 -1.467532E+01 -1.097148E+01  1.976314E-12 -4.109556E-13 -3.686288E+00
         6   4  2.791415E+01 -1.467532E+01 -1.097148E+01  2.061441E-12 -2.010669E-12 -3.686288E+00
         6   5  2.790264E+01 -1.721717E+01 -8.470639E+00  2.134699E-12  3.131670E-12 -1.784092E+00
         6   6  2.790264E+01 -1.721717E+01 -8.470639E+00  2.576601E-12  8.600932E-13 -1.784092E+00
         6   7  2.630426E+01 -1.881681E+01 -1.258259E+01  1.826958E-12  1.316222E-12 -4.314472E+00
         6   8  2.630426E+01 -1.881681E+01 -1.258259E+01  2.256921E-12 -2.233395E-13 -4.314472E+00
         7   1  2.951254E+01 -1.307576E+01 -6.859596E+00  2.475782E-12 -2.775151E-12 -1.156008E+00
         7   2  2.951254E+01 -1.307576E+01 -6.859596E+00 -2.356809E-13 -2.589304E-12 -1.156008E+00
         7   3  2.791415E+01 -1.467532E+01 -1.097148E+01  2.950884E-12 -2.923423E-12 -3.686288E+00
         7   4  2.791415E+01 -1.467532E+01 -1.097148E+01  2.227552E-13 -1.990921E-12 -3.686288E+00
         7   5  2.790264E+01 -1.721717E+01 -8.470639E+00  1.348700E-12 -4.250248E-12 -1.784092E+00
         7   6  2.790264E+01 -1.721717E+01 -8.470639E+00 -9.030656E-13 -4.114343E-12 -1.784092E+00
         7   7  2.630426E+01 -1.881681E+01 -1.258259E+01 -3.356411E-13 -3.131172E-12 -4.314472E+00
         7   8  2.630426E+01 -1.881681E+01 -1.258259E+01 -2.578380E-12 -2.285134E-12 -4.314472E+00
         8   1  2.951254E+01 -1.307576E+01 -6.859596E+00 -1.000308E-12 -1.406757E-12 -1.156008E+00
         8   2  2.951254E+01 -1.307576E+01 -6.859596E+00  9.387243E-13  2.032692E-13 -1.156008E+00
         8   3  2.791415E+01 -1.467532E+01 -1.097148E+01 -1.730725E-12 -1.430573E-12 -3.686288E+00
         8   4  2.791415E+01 -1.467532E+01 -1.097148E+01  2.236496E-13  5.046563E-14 -3.686288E+00
         8   5  2.790264E+01 -1.721717E+01 -8.470639E+00 -2.674193E-13 -1.247754E-12 -1.784092E+00
         8   6  2.790264E+01 -1.721717E+01 -8.470639E+00  1.449552E-12  2.995535E-13 -1.784092E+00
         8   7  2.630426E+01 -1.881681E+01 -1.258259E+01  3.549369E-13 -2.305416E-12 -4.314472E+00
         8   8  2.630426E+01 -1.881681E+01 -1.258259E+01  2.080777E-12 -8.331628E-13 -4.314472E+00
         9   1  2.951254E+01 -1.307576E+01 -6.859596E+00  1.515243E-12  1.664175E-12 -1.156008E+00
         9   2  2.951254E+01 -1.307576E+01 -6.859596E+00  5.995116E-13  2.915355E-12 -1.156008E+00
         9   3  2.791415E+01 -1.467532E+01 -1.097148E+01  1.323056E-12  1.500703E-12 -3.686288E+00
         9   4  2.791415E+01 -1.467532E+01 -1.097148E+01  4.297679E-13  1.841888E-12 -3.686288E+00
         9   5  2.790264E+01 -1.721717E+01 -8.470639E+00  1.600632E-12  2.486463E-12 -1.784092E+00
         9   6  2.790264E+01 -1.721717E+01 -8.470639E+00  2.492203E-13  3.683429E-12 -1.784092E+00
         9   7  2.630426E+01 -1.881681E+01 -1.258259E+01  2.303547E-12  2.869435E-12 -4.314472E+00
         9   8  2.630426E+01 -1.881681E+01 -1.258259E+01  9.479389E-13  3.309695E-12 -4.314472E+00
        10   1  2.951254E+01 -1.307576E+01 -6.859596E+00  7.857897E-13  2.096951E-12 -1.156008E+00
        10   2  2.951254E+01 -1.307576E+01 -6.859596E+00  5.983737E-13  4.007803E-13 -1.156008E+00
        10   3  2.791415E+01 -1.467532E+01 -1.097148E+01  2.168537E-12  8.025061E-13 -3.686288E+00
        10   4  2.791415E+01 -1.467532E+01 -1.097148E+01  1.929762E-12  1.805297E-14 -3.686288E+00
        10   5  2.790264E+01 -1.721717E+01 -8.470639E+00 -2.749064E-13  1.178226E-12 -1.784092E+00
        10   6  2.790264E+01 -1.721717E+01 -8.470639E+00  5.754969E-14 -4.560030E-13 -1.784092E+00
        10   7  2.630426E+01 -1.881681E+01 -1.258259E+01  1.876196E-13  9.117827E-14 -4.314472E+00
        10   8  2.630426E+01 -1.881681E+01 -1.258259E+01  4.918591E-13 -7.159754E-13 -4.314472E+00
        11   1  3.193366E+01 -8.947634E+00 -2.336276E+00 -1.389651E-12 -6.966811E-14 -3.356466E+00
        11   2  3.193366E+01 -8.947634E+00 -2.336276E+00 -6.535487E-13 -1.192802E-13 -3.356466E+00
        11   3  4.154956E+01  6.761742E-01  2.239835E+01 -1.274526E-12 -1.232882E-12 -4.331912E+00
        11   4  4.154956E+01  6.761742E-01  2.239835E+01 -5.383548E-13 -3.693386E-12 -4.331912E+00
        11   5  3.131328E+01 -1.054409E+01 -2.956702E+00 -1.546801E-12 -2.104784E-13  4.218707E-01
        11   6  3.131328E+01 -1.054409E+01 -2.956702E+00 -2.012461E-12 -2.593403E-13  4.218707E-01
        11   7  4.092917E+01 -9.201130E-01  2.177809E+01  4.723278E-13 -2.136697E-12 -5.543041E-01
        11   8  4.092917E+01 -9.201130E-01  2.177809E+01  6.964573E-15 -4.600756E-12 -5.543041E-01
        12   1  3.193366E+01 -8.947634E+00 -2.336276E+00  1.738738E-12 -4.024731E-13 -3.356466E+00
        12   2  3.193366E+01 -8.947634E+00 -2.336276E+00 -2.772530E-12 -5.019484E-15 -3.356466E+00
        12   3  4.154956E+01  6.761742E-01  2.239835E+01 -1.102351E-13 -2.504965E-12 -4.331912E+00
        12   4  4.154956E+01  6.761742E-01  2.239835E+01 -4.622194E-12  3.274388E-12 -4.331912E+00
        12   5  3.131328E+01 -1.054409E+01 -2.956702E+00  5.301900E-13 -1.628263E-12  4.218707E-01
        12   6  3.131328E+01 -1.054409E+01 -2.956702E+00 -1.286450E-12 -1.257896E-12  4.218707E-01
        12   7  4.092917E+01 -9.201130E-01  2.177809E+01 -1.582342E-12 -3.484039E-12 -5.543041E-01
        12   8  4.092917E+01 -9.201130E-01  2.177809E+01 -3.397997E-12  2.306505E-12 -5.543041E-01
        13   1  3.193366E+01 -8.947634E+00 -2.336276E+00 -2.270115E-12  9.380005E-13 -3.356466E+00
        13   2  3.193366E+01 -8.947634E+00 -2.336276E+00  9.577703E-13  5.396068E-13 -3.356466E+00
        13   3  4.154956E+01  6.761742E-01  2.239835E+01  1.061252E-13  4.845360E-12 -4.331912E+00
        13   4  4.154956E+01  6.761742E-01  2.239835E+01  3.331534E-12  1.132904E-12 -4.331912E+00
        13   5  3.131328E+01 -1.054409E+01 -2.956702E+00 -8.206084E-13  2.215424E-12  4.218707E-01
        13   6  3.131328E+01 -1.054409E+01 -2.956702E+00  7.156929E-13  1.808975E-12  4.218707E-01
        13   7  4.092917E+01 -9.201130E-01  2.177809E+01  1.293348E-12  6.137012E-12 -5.543041E-01
        13   8  4.092917E+01 -9.201130E-01  2.177809E+01  2.832947E-12  2.431162E-12 -5.543041E-01
        14   1  3.193366E+01 -8.947634E+00 -2.336276E+00 -8.798578E-13  8.134452E-13 -3.356466E+00
        14   2  3.193366E+01 -8.947634E+00 -2.336276E+00 -5.435774E-14  3.257236E-12 -3.356466E+00
        14   3  4.154956E+01  6.761742E-01  2.239835E+01 -8.373469E-13 -7.733076E-14 -4.331912E+00
        14   4  4.154956E+01  6.761742E-01  2.239835E+01 -1.241010E-14  2.482780E-12 -4.331912E+00
        14   5  3.131328E+01 -1.054409E+01 -2.956702E+00 -6.554871E-13  6.580042E-13  4.218707E-01
        14   6  3.131328E+01 -1.054409E+01 -2.956702E+00  2.911541E-13  3.084466E-12  4.218707E-01
        14   7  4.092917E+01 -9.201130E-01  2.177809E+01 -8.532916E-13 -1.071042E-12 -5.543041E-01
        14   8  4.092917E+01 -9.201130E-01  2.177809E+01  9.968409E-14  1.539134E-12 -5.543041E-01
        15   1  3.193366E+01 -8.947634E+00 -2.336276E+00  2.455161E-13  2.130210E-12 -3.356466E+00
        15   2  3.193366E+01 -8.947634E+00 -2.336276E+00  2.475455E-12 -2.189362E-12 -3.356466E+00
        15   3  4.154956E+01  6.761742E-01  2.239835E+01 -1.945880E-12  1.195232E-12 -4.331912E+00
        15   4  4.154956E+01  6.761742E-01  2.239835E+01  2.769589E-13 -6.172477E-12 -4.331912E+00
        15   5  3.131328E+01 -1.054409E+01 -2.956702E+00 -5.163370E-13  9.300166E-13  4.218707E-01
        15   6  3.131328E+01 -1.054409E+01 -2.956702E+00  1.998676E-13 -3.365475E-12  4.218707E-01
        15   7  4.092917E+01 -9.201130E-01  2.177809E+01 -2.465805E-12  1.306413E-12 -5.543041E-01
        15   8  4.092917E+01 -9.201130E-01  2.177809E+01 -1.752052E-12 -6.071273E-12 -5.543041E-01
        16   1  3.193366E+01 -8.947634E+00 -2.336276E+00  2.104562E-12 -2.407791E-12 -3.356466E+00
        16   2  3.193366E+01 -8.947634E+00 -2.336276E+00 -2.317740E-12 -1.537648E-12 -3.356466E+00
        16   3  4.154956E+01  6.761742E-01  2.239835E+01  4.927555E-12 -6.060720E-12 -4.331912E+00
        16   4  4.154956E+01  6.761742E-01  2.239835E+01  4.866189E-13  1.124033E-12 -4.331912E+00
        16   5  3.131328E+01 -1.054409E+01 -2.956702E+00  6.764701E-13 -8.429055E-13  4.218707E-01
        16   6  3.131328E+01 -1.054409E+01 -2.956702E+00 -6.349998E-13  3.067047E-15  4.218707E-01
        16   7  4.092917E+01 -9.201130E-01  2.177809E+01  1.346550E-12 -5.122163E-12 -5.543041E-01
        16   8  4.092917E+01 -9.201130E-01  2.177809E+01  3.473940E-14  2.011863E-12 -5.543041E-01
        17   1  3.193366E+01 -8.947634E+00 -2.336276E+00 -1.542873E-12 -1.643381E-12 -3.356466E+00
        17   2  3.193366E+01 -8.947634E+00 -2.336276E+00  1.406291E-12 -1.399290E-12 -3.356466E+00
        17   3  4.154956E+01  6.761742E-01  2.239835E+01 -1.607492E-12  2.409291E-12 -4.331912E+00
        17   4  4.154956E+01  6.761742E-01  2.239835E+01  1.340759E-12 -6.850782E-13 -4.331912E+00
        17   5  3.131328E+01 -1.054409E+01 -2.956702E+00 -1.365375E-12 -1.328322E-12  4.218707E-01
        17   6  3.131328E+01 -1.054409E+01 -2.956702E+00 -2.285461E-14 -1.044889E-12  4.218707E-01
        17   7  4.092917E+01 -9.201130E-01  2.177809E+01  3.874905E-12  2.813612E-12 -5.543041E-01
        17   8  4.092917E+01 -9.201130E-01  2.177809E+01  5.243909E-12 -3.015275E-13 -5.543041E-01
        18   1  3.193366E+01 -8.947634E+00 -2.336276E+00  5.099808E-13 -1.031783E-12 -3.356466E+00
        18   2  3.193366E+01 -8.947634E+00 -2.336276E+00 -9.664622E-14  7.414768E-13 -3.356466E+00
        18   3  4.154956E+01  6.761742E-01  2.239835E+01  1.336770E-12 -2.447552E-13 -4.331912E+00
        18   4  4.154956E+01  6.761742E-01  2.239835E+01  7.226563E-13  3.346232E-12 -4.331912E+00
        18   5  3.131328E+01 -1.054409E+01 -2.956702E+00  1.591324E-12 -1.494689E-12  4.218707E-01
        18   6  3.131328E+01 -1.054409E+01 -2.956702E+00  1.801106E-12  1.787850E-13  4.218707E-01
        18   7  4.092917E+01 -9.201130E-01  2.177809E+01 -1.325653E-12  1.017974E-12 -5.543041E-01
        18   8  4.092917E+01 -9.201130E-01  2.177809E+01 -1.133952E-12  4.599876E-12 -5.543041E-01
        19   1  3.193366E+01 -8.947634E+00 -2.336276E+00  9.404474E-15  1.482585E-12 -3.356466E+00
        19   2  3.193366E+01 -8.947634E+00 -2.336276E+00 -4.557487E-13  4.533161E-13 -3.356466E+00
        19   3  4.154956E+01  6.761742E-01  2.239835E+01 -3.217560E-13  1.832750E-12 -4.331912E+00
        19   4  4.154956E+01  6.761742E-01  2.239835E+01 -8.407756E-13 -1.580333E-12 -4.331912E+00
        19   5  3.131328E+01 -1.054409E+01 -2.956702E+00  1.765553E-12  1.818861E-12  4.218707E-01
        19   6  3.131328E+01 -1.054409E+01 -2.956702E+00  9.130718E-14  9.432233E-13  4.218707E-01
        19   7  4.092917E+01 -9.201130E-01  2.177809E+01 -1.888637E-13 -1.303705E-12 -5.543041E-01
        19   8  4.092917E+01 -9.201130E-01  2.177809E+01 -1.856133E-12 -4.693400E-12 -5.543041E-01
        20   1  3.193366E+01 -8.947634E+00 -2.336276E+00  1.369097E-12 -1.408153E-13 -3.356466E+00
        20   2  3.193366E+01 -8.947634E+00 -2.336276E+00  1.469226E-12 -1.263443E-13 -3.356466E+00
        20   3  4.154956E+01  6.761742E-01  2.239835E+01 -9.794850E-13 -1.435247E-12 -4.331912E+00
        20   4  4.154956E+01  6.761742E-01  2.239835E+01 -8.558635E-13 -3.508084E-13 -4.331912E+00
        20   5  3.131328E+01 -1.054409E+01 -2.956702E+00 -7.799841E-14 -6.733393E-13  4.218707E-01
        20   6  3.131328E+01 -1.054409E+01 -2.956702E+00  5.419278E-13 -6.332926E-13  4.218707E-01
        20   7  4.092917E+01 -9.201130E-01  2.177809E+01 -2.254461E-13 -1.472972E-12 -5.543041E-01
        20   8  4.092917E+01 -9.201130E-01  2.177809E+01  3.397757E-13 -4.398393E-13 -5.543041E-01
        21   1  2.931922E+01 -1.832451E+01 -2.300218E+00 -1.961555E-13 -2.370529E-12 -2.894612E+00
        21   2  2.931922E+01 -1.832451E+01 -2.300218E+00  1.519227E-14 -1.658821E-12 -2.894612E+00
        21   3  2.787606E+01 -1.976853E+01 -6.012487E+00 -9.478655E-13 -6.434466E-13 -7.264139E+00
        21   4  2.787606E+01 -1.976853E+01 -6.012487E+00 -7.365944E-13  4.670931E-13 -7.264139E+00
        21   5  2.653900E+01 -2.547640E+01 -5.082141E+00  4.289026E-13 -2.528138E-13 -3.461713E+00
        21   6  2.653900E+01 -2.547640E+01 -5.082141E+00  8.345882E-13  4.589256E-13 -3.461713E+00
        21   7  2.509585E+01 -2.692054E+01 -8.794525E+00  1.197106E-12 -1.493162E-12 -7.831496E+00
        21   8  2.509585E+01 -2.692054E+01 -8.794525E+00  1.604362E-12 -3.819299E-13 -7.831496E+00
        22   1  2.931922E+01 -1.832451E+01 -2.300218E+00  2.806296E-13 -7.648854E-13 -2.894612E+00
        22   2  2.931922E+01 -1.832451E+01 -2.300218E+00 -1.108260E-12 -3.084829E-12 -2.894612E+00
        22   3  2.787606E+01 -1.976853E+01 -6.012487E+00  1.421466E-12 -9.172354E-13 -7.264139E+00
        22   4  2.787606E+01 -1.976853E+01 -6.012487E+00  3.135813E-14 -3.846713E-12 -7.264139E+00
        22   5  2.653900E+01 -2.547640E+01 -5.082141E+00  4.338572E-14 -2.986499E-12 -3.461713E+00
        22   6  2.653900E+01 -2.547640E+01 -5.082141E+00 -1.647669E-12 -5.301604E-12 -3.461713E+00
        22   7  2.509585E+01 -2.692054E+01 -8.794525E+00 -5.844524E-14 -8.126027E-13 -7.831496E+00
        22   8  2.509585E+01 -2.692054E+01 -8.794525E+00 -1.751322E-12 -3.737578E-12 -7.831496E+00
        23   1  2.931922E+01 -1.832451E+01 -2.300218E+00 -1.575281E-12 -2.332581E-12 -2.894612E+00
        23   2  2.931922E+01 -1.832451E+01 -2.300218E+00 -1.549188E-12  7.958660E-13 -2.894612E+00
        23   3  2.787606E+01 -1.976853E+01 -6.012487E+00 -3.422979E-13 -7.052292E-13 -7.264139E+00
        23   4  2.787606E+01 -1.976853E+01 -6.012487E+00 -3.237069E-13  3.207742E-12 -7.264139E+00
        23   5  2.653900E+01 -2.547640E+01 -5.082141E+00 -1.352125E-12 -3.665417E-12 -3.461713E+00
        23   6  2.653900E+01 -2.547640E+01 -5.082141E+00 -9.488226E-13 -5.816956E-13 -3.461713E+00
        23   7  2.509585E+01 -2.692054E+01 -8.794525E+00  6.431750E-13 -2.152029E-12 -7.831496E+00
        23   8  2.509585E+01 -2.692054E+01 -8.794525E+00  1.048626E-12  1.765978E-12 -7.831496E+00
        24   1  2.931922E+01 -1.832451E+01 -2.300218E+00 -1.567169E-12  1.866714E-12 -2.894612E+00
        24   2  2.931922E+01 -1.832451E+01 -2.300218E+00 -3.825687E-13 -1.219435E-12 -2.894612E+00
        24   3  2.787606E+01 -1.976853E+01 -6.012487E+00 -1.646838E-12  2.975760E-12 -7.264139E+00
        24   4  2.787606E+01 -1.976853E+01 -6.012487E+00 -4.507164E-13  7.246952E-13 -7.264139E+00
        24   5  2.653900E+01 -2.547640E+01 -5.082141E+00 -1.359882E-12  6.374913E-12 -3.461713E+00
        24   6  2.653900E+01 -2.547640E+01 -5.082141E+00  3.180235E-13  3.266515E-12 -3.461713E+00
        24   7  2.509585E+01 -2.692054E+01 -8.794525E+00 -2.569555E-12  3.813589E-12 -7.831496E+00
        24   8  2.509585E+01 -2.692054E+01 -8.794525E+00 -9.087116E-13  1.628028E-12 -7.831496E+00
        25   1  2.931922E+01 -1.832451E+01 -2.300218E+00  1.525348E-13 -2.809944E-12 -2.894612E+00
        25   2  2.931922E+01 -1.832451E+01 -2.300218E+00  3.114229E-13  2.832616E-12 -2.894612E+00
        25   3  2.787606E+01 -1.976853E+01 -6.012487E+00  1.688457E-13 -2.052372E-12 -7.264139E+00
        25   4  2.787606E+01 -1.976853E+01 -6.012487E+00  2.977734E-13 -2.322760E-12 -7.264139E+00
        25   5  2.653900E+01 -2.547640E+01 -5.082141E+00  6.052292E-13 -4.030902E-12 -3.461713E+00
        25   6  2.653900E+01 -2.547640E+01 -5.082141E+00 -2.186019E-12  1.615788E-12 -3.461713E+00
        25   7  2.509585E+01 -2.692054E+01 -8.794525E+00  1.334420E-12  1.862707E-14 -7.831496E+00
        25   8  2.509585E+01 -2.692054E+01 -8.794525E+00 -1.461725E-12 -2.733419E-13 -7.831496E+00
        26   1  2.931922E+01 -1.832451E+01 -2.300218E+00  7.709747E-13  7.453821E-12 -2.894612E+00
        26   2  2.931922E+01 -1.832451E+01 -2.300218E+00  2.353513E-12  6.251163E-13 -2.894612E+00
        26   3  2.787606E+01 -1.976853E+01 -6.012487E+00  3.946831E-13  1.280697E-12 -7.264139E+00
        26   4  2.787606E+01 -1.976853E+01 -6.012487E+00  1.996794E-12  2.168240E-13 -7.264139E+00
        26   5  2.653900E+01 -2.547640E+01 -5.082141E+00 -2.274621E-12  7.502056E-12 -3.461713E+00
        26   6  2.653900E+01 -2.547640E+01 -5.082141E+00  2.176377E-12  6.309113E-13 -3.461713E+00
        26   7  2.509585E+01 -2.692054E+01 -8.794525E+00 -3.283347E-12 -6.486407E-13 -7.831496E+00
        26   8  2.509585E+01 -2.692054E+01 -8.794525E+00  1.143938E-12 -1.779585E-12 -7.831496E+00
        27   1  2.931922E+01 -1.832451E+01 -2.300218E+00  1.496995E-12 -6.188532E-12 -2.894612E+00
        27   2  2.931922E+01 -1.832451E+01 -2.300218E+00 -6.879157E-13 -4.136402E-12 -2.894612E+00
        27   3  2.787606E+01 -1.976853E+01 -6.012487E+00 -4.195144E-13 -2.223689E-12 -7.264139E+00
        27   4  2.787606E+01 -1.976853E+01 -6.012487E+00 -2.607597E-12 -8.785408E-13 -7.264139E+00
        27   5  2.653900E+01 -2.547640E+01 -5.082141E+00  3.068128E-12 -4.802442E-12 -3.461713E+00
        27   6  2.653900E+01 -2.547640E+01 -5.082141E+00  5.632969E-13 -2.819031E-12 -3.461713E+00
        27   7  2.509585E+01 -2.692054E+01 -8.794525E+00  2.633048E-12 -1.316855E-12 -7.831496E+00
        27   8  2.509585E+01 -2.692054E+01 -8.794525E+00  1.862258E-13 -1.220533E-13 -7.831496E+00
        28   1  2.931922E+01 -1.832451E+01 -2.300218E+00 -3.863585E-14 -1.218707E-12 -2.894612E+00
        28   2  2.931922E+01 -1.832451E+01 -2.300218E+00  1.308877E-12 -2.994756E-14 -2.894612E+00
        28   3  2.787606E+01 -1.976853E+01 -6.012487E+00  6.350896E-13 -1.630743E-12 -7.264139E+00
        28   4  2.787606E+01 -1.976853E+01 -6.012487E+00  1.991695E-12 -1.835799E-12 -7.264139E+00
        28   5  2.653900E+01 -2.547640E+01 -5.082141E+00 -1.369774E-13 -2.476916E-12 -3.461713E+00
        28   6  2.653900E+01 -2.547640E+01 -5.082141E+00  4.867257E-13 -1.367542E-12 -3.461713E+00
        28   7  2.509585E+01 -2.692054E+01 -8.794525E+00 -6.797110E-13 -1.352681E-12 -7.831496E+00
        28   8  2.509585E+01 -2.692054E+01 -8.794525E+00 -5.390467E-14 -1.543432E-12 -7.831496E+00
        29   1  2.931922E+01 -1.832451E+01 -2.300218E+00  1.517733E-12  1.571467E-12 -2.894612E+00
        29   2  2.931922E+01 -1.832451E+01 -2.300218E+00  1.679310E-13  1.511062E-12 -2.894612E+00
        29   3  2.787606E+01 -1.976853E+01 -6.012487E+00  2.552194E-12  1.626903E-12 -7.264139E+00
        29   4  2.787606E+01 -1.976853E+01 -6.012487E+00  1.202990E-12  3.160391E-12 -7.264139E+00
        29   5  2.653900E+01 -2.547640E+01 -5.082141E+00  1.088190E-12 -1.890298E-13 -3.461713E+00
        29   6  2.653900E+01 -2.547640E+01 -5.082141E+00  5.192228E-13  3.849793E-14 -3.461713E+00
        29   7  2.509585E+01 -2.692054E+01 -8.794525E+00  2.129139E-12 -6.311688E-13 -7.831496E+00
        29   8  2.509585E+01 -2.692054E+01 -8.794525E+00  1.595416E-12  9.519289E-13 -7.831496E+00
        30   1  2.931922E+01 -1.832451E+01 -2.300218E+00 -5.002088E-13 -3.326169E-13 -2.894612E+00
        30   2  2.931922E+01 -1.832451E+01 -2.300218E+00 -9.152648E-14 -8.489604E-13 -2.894612E+00
        30   3  2.787606E+01 -1.976853E+01 -6.012487E+00 -3.947389E-13  8.141156E-13 -7.264139E+00
        30   4  2.787606E+01 -1.976853E+01 -6.012487E+00 -5.074410E-15 -3.254586E-13 -7.264139E+00
        30   5  2.653900E+01 -2.547640E+01 -5.082141E+00 -1.472806E-14  7.118343E-13 -3.461713E+00
        30   6  2.653900E+01 -2.547640E+01 -5.082141E+00 -4.313850E-16  2.626277E-13 -3.461713E+00
        30   7  2.509585E+01 -2.692054E+01 -8.794525E+00  3.136922E-14  1.950859E-12 -7.831496E+00
        30   8  2.509585E+01 -2.692054E+01 -8.794525E+00  2.077249E-14  7.568339E-13 -7.831496E+00
        31   1  3.049619E+01 -1.650364E+01  8.498269E-02 -9.238618E-13 -3.656967E-13 -4.734798E+00
        31   2  3.049619E+01 -1.650364E+01  8.498269E-02 -1.794036E-12  9.552217E-13 -4.734798E+00
        31   3  3.797834E+01 -9.007106E+00  1.933180E+01  9.798708E-13 -1.330306E-12 -1.781319E+01
        31   4  3.797834E+01 -9.007106E+00  1.933180E+01  1.094795E-13  2.122631E-13 -1.781319E+01
        31   5  2.217489E+01 -3.791130E+01 -8.240508E+00  9.385293E-13 -2.022367E-12 -1.796151E+00
        31   6  2.217489E+01 -3.791130E+01 -8.240508E+00  1.797032E-13 -7.011949E-13 -1.796151E+00
        31   7  2.965687E+01 -3.041300E+01  1.100808E+01  6.151406E-13 -2.229530E-12 -1.487713E+01
        31   8  2.965687E+01 -3.041300E+01  1.100808E+01 -1.453531E-13 -6.867650E-13 -1.487713E+01
        32   1  3.049619E+01 -1.650364E+01  8.498269E-02 -2.587256E-13 -3.715768E-13 -4.734798E+00
        32   2  3.049619E+01 -1.650364E+01  8.498269E-02 -9.224522E-13 -3.186207E-12 -4.734798E+00
        32   3  3.797834E+01 -9.007106E+00  1.933180E+01 -1.595235E-12  1.225067E-12 -1.781319E+01
        32   4  3.797834E+01 -9.007106E+00  1.933180E+01 -2.256982E-12 -6.644156E-13 -1.781319E+01
        32   5  2.217489E+01 -3.791130E+01 -8.240508E+00 -1.211026E-12  1.012488E-12 -1.796151E+00
        32   6  2.217489E+01 -3.791130E+01 -8.240508E+00 -1.408171E-12 -1.811966E-12 -1.796151E+00
        32   7  2.965687E+01 -3.041300E+01  1.100808E+01 -1.835576E-13  3.807371E-12 -1.487713E+01
        32   8  2.965687E+01 -3.041300E+01  1.100808E+01 -3.832829E-13  1.932102E-12 -1.487713E+01
        33   1  3.049619E+01 -1.650364E+01  8.498269E-02  2.839902E-14  1.541225E-13 -4.734798E+00
        33   2  3.049619E+01 -1.650364E+01  8.498269E-02  2.429402E-13  2.894237E-12 -4.734798E+00
        33   3  3.797834E+01 -9.007106E+00  1.933180E+01  1.313665E-12  8.833713E-13 -1.781319E+01
        33   4  3.797834E+01 -9.007106E+00  1.933180E+01  1.533087E-12 -2.049796E-13 -1.781319E+01
        33   5  2.217489E+01 -3.791130E+01 -8.240508E+00  9.035691E-13 -1.178928E-12 -1.796151E+00
        33   6  2.217489E+01 -3.791130E+01 -8.240508E+00 -8.150240E-13  1.566657E-12 -1.796151E+00
        33   7  2.965687E+01 -3.041300E+01  1.100808E+01  2.042003E-13 -8.456405E-14 -1.487713E+01
        33   8  2.965687E+01 -3.041300E+01  1.100808E+01 -1.510808E-12 -1.143944E-12 -1.487713E+01
        34   1  3.049619E+01 -1.650364E+01  8.498269E-02 -1.516700E-12  1.806570E-12 -4.734798E+00
        34   2  3.049619E+01 -1.650364E+01  8.498269E-02  1.422660E-13  1.424029E-12 -4.734798E+00
        34   3  3.797834E+01 -9.007106E+00  1.933180E+01 -7.637120E-13 -2.259151E-12 -1.781319E+01
        34   4  3.797834E+01 -9.007106E+00  1.933180E+01  8.900786E-13  1.064466E-12 -1.781319E+01
        34   5  2.217489E+01 -3.791130E+01 -8.240508E+00 -4.139024E-12  1.943806E-12 -1.796151E+00
        34   6  2.217489E+01 -3.791130E+01 -8.240508E+00 -5.511941E-13  1.524127E-12 -1.796151E+00
        34   7  2.965687E+01 -3.041300E+01  1.100808E+01 -5.634611E-13 -4.445682E-13 -1.487713E+01
        34   8  2.965687E+01 -3.041300E+01  1.100808E+01  3.028594E-12  2.907904E-12 -1.487713E+01
        35   1  3.049619E+01 -1.650364E+01  8.498269E-02 -1.483450E-13 -9.803150E-13 -4.734798E+00
        35   2  3.049619E+01 -1.650364E+01  8.498269E-02 -1.885173E-13 -3.790327E-12 -4.734798E+00
        35   3  3.797834E+01 -9.007106E+00  1.933180E+01 -2.316799E-12  1.270738E-12 -1.781319E+01
        35   4  3.797834E+01 -9.007106E+00  1.933180E+01 -2.364110E-12 -2.309437E-12 -1.781319E+01
        35   5  2.217489E+01 -3.791130E+01 -8.240508E+00  1.569038E-12  7.109816E-13 -1.796151E+00
        35   6  2.217489E+01 -3.791130E+01 -8.240508E+00  1.086597E-12 -2.027629E-12 -1.796151E+00
        35   7  2.965687E+01 -3.041300E+01  1.100808E+01 -1.424516E-12 -1.312206E-12 -1.487713E+01
        35   8  2.965687E+01 -3.041300E+01  1.100808E+01 -1.910432E-12 -4.904964E-12 -1.487713E+01
        36   1  3.049619E+01 -1.650364E+01  8.498269E-02 -7.337134E-14 -9.163500E-13 -4.734798E+00
        36   2  3.049619E+01 -1.650364E+01  8.498269E-02 -2.261578E-13  1.037633E-13 -4.734798E+00
        36   3  3.797834E+01 -9.007106E+00  1.933180E+01  9.174226E-14 -6.071200E-13 -1.781319E+01
        36   4  3.797834E+01 -9.007106E+00  1.933180E+01 -5.107149E-14  7.673524E-13 -1.781319E+01
        36   5  2.217489E+01 -3.791130E+01 -8.240508E+00 -7.260521E-13 -2.570939E-12 -1.796151E+00
        36   6  2.217489E+01 -3.791130E+01 -8.240508E+00 -7.461421E-13 -1.528213E-12 -1.796151E+00
        36   7  2.965687E+01 -3.041300E+01  1.100808E+01  2.055773E-13  3.575666E-13 -1.487713E+01
        36   8  2.965687E+01 -3.041300E+01  1.100808E+01  1.876652E-13  1.689542E-12 -1.487713E+01
        37   1  3.049619E+01 -1.650364E+01  8.498269E-02 -8.040679E-13 -3.166735E-13 -4.734798E+00
        37   2  3.049619E+01 -1.650364E+01  8.498269E-02 -1.773061E-14  9.736247E-13 -4.734798E+00
        37   3  3.797834E+01 -9.007106E+00  1.933180E+01  4.791303E-12  9.031564E-13 -1.781319E+01
        37   4  3.797834E+01 -9.007106E+00  1.933180E+01  5.545588E-12  1.953907E-12 -1.781319E+01
        37   5  2.217489E+01 -3.791130E+01 -8.240508E+00  5.781416E-13  4.765701E-13 -1.796151E+00
        37   6  2.217489E+01 -3.791130E+01 -8.240508E+00  1.355131E-12  1.768194E-12 -1.796151E+00
        37   7  2.965687E+01 -3.041300E+01  1.100808E+01  1.716319E-12  2.274782E-12 -1.487713E+01
        37   8  2.965687E+01 -3.041300E+01  1.100808E+01  2.478863E-12  3.355363E-12 -1.487713E+01
        38   1  3.049619E+01 -1.650364E+01  8.498269E-02  1.678154E-12 -6.348347E-13 -4.734798E+00
        38   2  3.049619E+01 -1.650364E+01  8.498269E-02  2.229612E-12 -1.472995E-12 -4.734798E+00
        38   3  3.797834E+01 -9.007106E+00  1.933180E+01 -1.665223E-12  2.457845E-12 -1.781319E+01
        38   4  3.797834E+01 -9.007106E+00  1.933180E+01 -1.107465E-12  2.106789E-12 -1.781319E+01
        38   5  2.217489E+01 -3.791130E+01 -8.240508E+00  9.436291E-13 -5.885781E-13 -1.796151E+00
        38   6  2.217489E+01 -3.791130E+01 -8.240508E+00  1.616243E-12 -1.332126E-12 -1.796151E+00
        38   7  2.965687E+01 -3.041300E+01  1.100808E+01  2.108499E-13  4.248601E-13 -1.487713E+01
        38   8  2.965687E+01 -3.041300E+01  1.100808E+01  8.898945E-13  1.588322E-13 -1.487713E+01
        39   1  3.049619E+01 -1.650364E+01  8.498269E-02  2.545257E-12 -1.117056E-13 -4.734798E+00
        39   2  3.049619E+01 -1.650364E+01  8.498269E-02 -5.961817E-14  8.426768E-13 -4.734798E+00
        39   3  3.797834E+01 -9.007106E+00  1.933180E+01  3.937045E-13 -4.729700E-12 -1.781319E+01
        39   4  3.797834E+01 -9.007106E+00  1.933180E+01 -2.189924E-12 -6.234418E-12 -1.781319E+01
        39   5  2.217489E+01 -3.791130E+01 -8.240508E+00  3.049728E-12 -1.413772E-12 -1.796151E+00
        39   6  2.217489E+01 -3.791130E+01 -8.240508E+00 -8.758804E-13 -3.654689E-13 -1.796151E+00
        39   7  2.965687E+01 -3.041300E+01  1.100808E+01  1.972147E-12 -2.907133E-12 -1.487713E+01
        39   8  2.965687E+01 -3.041300E+01  1.100808E+01 -1.927302E-12 -4.392468E-12 -1.487713E+01
        40   1  3.049619E+01 -1.650364E+01  8.498269E-02 -1.065957E-12  3.553928E-13 -4.734798E+00
        40   2  3.049619E+01 -1.650364E+01  8.498269E-02  8.364780E-14 -2.610431E-13 -4.734798E+00
        40   3  3.797834E+01 -9.007106E+00  1.933180E+01 -1.648787E-13 -2.250709E-12 -1.781319E+01
        40   4  3.797834E+01 -9.007106E+00  1.933180E+01  9.751959E-13 -1.020067E-12 -1.781319E+01
        40   5  2.217489E+01 -3.791130E+01 -8.240508E+00 -2.292049E-12  8.038279E-13 -1.796151E+00
        40   6  2.217489E+01 -3.791130E+01 -8.240508E+00 -1.575937E-13  7.374104E-14 -1.796151E+00
        40   7  2.965687E+01 -3.041300E+01  1.100808E+01 -7.405059E-13 -3.738419E-12 -1.487713E+01
        40   8  2.965687E+01 -3.041300E+01  1.100808E+01  1.387737E-12 -2.503030E-12 -1.487713E+01
        41   1  9.974315E+01  4.924562E+01  1.123614E+01 -1.771466E-13 -9.889302E-13 -1.640859E+00
        41   2  9.974315E+01  4.924562E+01  1.123614E+01  5.803398E-13 -4.928187E-12 -1.640859E+00
        41   3  1.078926E+02  5.706240E+01  1.940969E+01 -1.415606E-12 -6.275560E-13 -2.134116E+00
        41   4  1.078926E+02  5.706240E+01  1.940969E+01 -6.439087E-13 -3.998048E-12 -2.134116E+00
        41   5  7.174980E+01  2.080105E+01 -1.644192E+01 -2.089394E-13  1.919340E-12 -1.418065E+00
        41   6  7.174980E+01  2.080105E+01 -1.644192E+01  8.502526E-13 -2.053617E-12 -1.418065E+00
        41   7  7.951830E+01  2.865647E+01 -7.914772E+00 -1.802831E-12  1.059179E-13 -1.765917E+00
        41   8  7.951830E+01  2.865647E+01 -7.914772E+00 -7.332441E-13 -3.276447E-12 -1.765917E+00
        42   1  9.974315E+01  4.924562E+01  1.123614E+01  1.238070E-12 -7.036877E-12 -1.640859E+00
        42   2  9.974315E+01  4.924562E+01  1.123614E+01  1.439660E-14 -2.330336E-12 -1.640859E+00
        42   3  1.078926E+02  5.706240E+01  1.940969E+01  2.272653E-12 -4.387024E-12 -2.134116E+00
        42   4  1.078926E+02  5.706240E+01  1.940969E+01  1.038922E-12 -6.209326E-13 -2.134116E+00
        42   5  7.174980E+01  2.080105E+01 -1.644192E+01  1.655814E-12 -7.293499E-12 -1.418065E+00
        42   6  7.174980E+01  2.080105E+01 -1.644192E+01 -6.465297E-14 -2.532708E-12 -1.418065E+00
        42   7  7.951830E+01  2.865647E+01 -7.914772E+00  2.914959E-12 -5.134620E-12 -1.765917E+00
        42   8  7.951830E+01  2.865647E+01 -7.914772E+00  1.182112E-12 -1.360066E-12 -1.765917E+00
        43   1  9.974315E+01  4.924562E+01  1.123614E+01 -6.796059E-13 -1.710545E-12 -1.640859E+00
        43   2  9.974315E+01  4.924562E+01  1.123614E+01 -1.538646E-12 -4.076510E-12 -1.640859E+00
        43   3  1.078926E+02  5.706240E+01  1.940969E+01  5.186197E-13 -3.166019E-13 -2.134116E+00
        43   4  1.078926E+02  5.706240E+01  1.940969E+01 -3.386818E-13 -1.747094E-12 -2.134116E+00
        43   5  7.174980E+01  2.080105E+01 -1.644192E+01 -1.290931E-12 -1.274260E-12 -1.418065E+00
        43   6  7.174980E+01  2.080105E+01 -1.644192E+01 -1.671904E-12 -3.658239E-12 -1.418065E+00
        43   7  7.951830E+01  2.865647E+01 -7.914772E+00 -1.333076E-12  6.683111E-13 -1.765917E+00
        43   8  7.951830E+01  2.865647E+01 -7.914772E+00 -1.709960E-12 -7.575451E-13 -1.765917E+00
        44   1  9.974315E+01  4.924562E+01  1.123614E+01 -1.893647E-12  1.919161E-12 -1.640859E+00
        44   2  9.974315E+01  4.924562E+01  1.123614E+01  3.958365E-13  3.514019E-12 -1.640859E+00
        44   3  1.078926E+02  5.706240E+01  1.940969E+01 -3.071457E-12 -1.399848E-13 -2.134116E+00
        44   4  1.078926E+02  5.706240E+01  1.940969E+01 -7.927463E-13 -2.444503E-13 -2.134116E+00
        44   5  7.174980E+01  2.080105E+01 -1.644192E+01 -1.298479E-12 -3.759962E-13 -1.418065E+00
        44   6  7.174980E+01  2.080105E+01 -1.644192E+01  1.374601E-13  1.190155E-12 -1.418065E+00
        44   7  7.951830E+01  2.865647E+01 -7.914772E+00 -1.355376E-12 -5.918989E-13 -1.765917E+00
        44   8  7.951830E+01  2.865647E+01 -7.914772E+00  8.409270E-14 -6.980069E-13 -1.765917E+00
        45   1  9.974315E+01  4.924562E+01  1.123614E+01  6.724908E-13 -1.383164E-12 -1.640859E+00
        45   2  9.974315E+01  4.924562E+01  1.123614E+01 -2.530423E-12  3.121154E-13 -1.640859E+00
        45   3  1.078926E+02  5.706240E+01  1.940969E+01  1.114107E-12 -3.994281E-14 -2.134116E+00
        45   4  1.078926E+02  5.706240E+01  1.940969E+01 -2.081272E-12  3.702160E-12 -2.134116E+00
        45   5  7.174980E+01  2.080105E+01 -1.644192E+01 -1.573576E-13  8.708543E-14 -1.418065E+00
        45   6  7.174980E+01  2.080105E+01 -1.644192E+01 -2.323762E-12  1.813689E-12 -1.418065E+00
        45   7  7.951830E+01  2.865647E+01 -7.914772E+00 -3.012008E-13 -1.450144E-12 -1.765917E+00
        45   8  7.951830E+01  2.865647E+01 -7.914772E+00 -2.480453E-12  2.293160E-12 -1.765917E+00
        46   1  9.974315E+01  4.924562E+01  1.123614E+01 -2.936552E-12  3.277794E-12 -1.640859E+00
        46   2  9.974315E+01  4.924562E+01  1.123614E+01  1.274731E-12  9.926109E-13 -1.640859E+00
        46   3  1.078926E+02  5.706240E+01  1.940969E+01 -4.592252E-12  2.151696E-13 -2.134116E+00
        46   4  1.078926E+02  5.706240E+01  1.940969E+01 -3.872886E-13 -4.208873E-12 -2.134116E+00
        46   5  7.174980E+01  2.080105E+01 -1.644192E+01 -2.287220E-12  3.652390E-12 -1.418065E+00
        46   6  7.174980E+01  2.080105E+01 -1.644192E+01  8.237031E-13  1.353271E-12 -1.418065E+00
        46   7  7.951830E+01  2.865647E+01 -7.914772E+00 -3.256368E-12  3.331297E-12 -1.765917E+00
        46   8  7.951830E+01  2.865647E+01 -7.914772E+00 -1.291278E-13 -1.106533E-12 -1.765917E+00
        47   1  9.974315E+01  4.924562E+01  1.123614E+01  2.652241E-12 -2.613882E-12 -1.640859E+00
        47   2  9.974315E+01  4.924562E+01  1.123614E+01 -4.311206E-13  1.597232E-12 -1.640859E+00
        47   3  1.078926E+02  5.706240E+01  1.940969E+01  3.628042E-12 -1.985020E-12 -2.134116E+00
        47   4  1.078926E+02  5.706240E+01  1.940969E+01  5.482502E-13  2.726678E-12 -2.134116E+00
        47   5  7.174980E+01  2.080105E+01 -1.644192E+01  1.272170E-12 -2.964095E-12 -1.418065E+00
        47   6  7.174980E+01  2.080105E+01 -1.644192E+01 -1.541744E-12  1.265401E-12 -1.418065E+00
        47   7  7.951830E+01  2.865647E+01 -7.914772E+00  1.240084E-12 -5.310133E-12 -1.765917E+00
        47   8  7.951830E+01  2.865647E+01 -7.914772E+00 -1.587433E-12 -5.769233E-13 -1.765917E+00
        48   1  9.974315E+01  4.924562E+01  1.123614E+01 -1.528888E-12  4.581858E-12 -1.640859E+00
        48   2  9.974315E+01  4.924562E+01  1.123614E+01 -6.943143E-13  3.564681E-12 -1.640859E+00
        48   3  1.078926E+02  5.706240E+01  1.940969E+01 -1.314852E-12  3.199354E-12 -2.134116E+00
        48   4  1.078926E+02  5.706240E+01  1.940969E+01 -4.898923E-13  2.918412E-12 -2.134116E+00
        48   5  7.174980E+01  2.080105E+01 -1.644192E+01 -2.261183E-12  3.645491E-12 -1.418065E+00
        48   6  7.174980E+01  2.080105E+01 -1.644192E+01 -1.078481E-12  2.640200E-12 -1.418065E+00
        48   7  7.951830E+01  2.865647E+01 -7.914772E+00 -2.638427E-12  5.784177E-12 -1.765917E+00
        48   8  7.951830E+01  2.865647E+01 -7.914772E+00 -1.455267E-12  5.496612E-12 -1.765917E+00
        49   1  9.974315E+01  4.924562E+01  1.123614E+01  4.785350E-13  1.166625E-12 -1.640859E+00
        49   2  9.974315E+01  4.924562E+01  1.123614E+01  1.405873E-12 -2.671079E-12 -1.640859E+00
        49   3  1.078926E+02  5.706240E+01  1.940969E+01  2.132748E-12  7.355919E-13 -2.134116E+00
        49   4  1.078926E+02  5.706240E+01  1.940969E+01  3.082834E-12 -2.673813E-12 -2.134116E+00
        49   5  7.174980E+01  2.080105E+01 -1.644192E+01  7.970143E-13  3.169992E-12 -1.418065E+00
        49   6  7.174980E+01  2.080105E+01 -1.644192E+01  1.966677E-12 -6.945493E-13 -1.418065E+00
        49   7  7.951830E+01  2.865647E+01 -7.914772E+00  3.181197E-12  6.529297E-13 -1.765917E+00
        49   8  7.951830E+01  2.865647E+01 -7.914772E+00  4.365511E-12 -2.749951E-12 -1.765917E+00
        50   1  9.974315E+01  4.924562E+01  1.123614E+01  8.821074E-13 -2.097267E-12 -1.640859E+00
        50   2  9.974315E+01  4.924562E+01  1.123614E+01  2.249641E-13 -8.649367E-13 -1.640859E+00
        50   3  1.078926E+02  5.706240E+01  1.940969E+01  8.386977E-13 -7.008812E-13 -2.134116E+00
        50   4  1.078926E+02  5.706240E+01  1.940969E+01  1.707102E-13  9.913102E-14 -2.134116E+00
        50   5  7.174980E+01  2.080105E+01 -1.644192E+01  1.391155E-12 -2.167026E-12 -1.418065E+00
        50   6  7.174980E+01  2.080105E+01 -1.644192E+01  5.104828E-13 -9.424819E-13 -1.418065E+00
        50   7  7.951830E+01  2.865647E+01 -7.914772E+00  1.905655E-12 -1.837692E-12 -1.765917E+00
        50   8  7.951830E+01  2.865647E+01 -7.914772E+00  1.020246E-12 -1.044961E-12 -1.765917E+00
        51   1  9.726647E+01  4.274447E+01  9.993282E+00 -1.039631E-12 -2.035006E-13 -4.942300E+00
        51   2  9.726647E+01  4.274447E+01  9.993282E+00  1.288634E-13 -3.459956E-12 -4.942300E+00
        51   3  1.132157E+02  5.937467E+01  2.688696E+01  8.388582E-13  5.713056E-13 -8.960842E+00
        51   4  1.132157E+02  5.937467E+01  2.688696E+01  2.014237E-12 -2.877418E-12 -8.960842E+00
        51   5  5.620406E+01 -1.925977E+00 -3.009933E+01 -1.094315E-12 -6.860044E-13 -4.508813E+00
        51   6  5.620406E+01 -1.925977E+00 -3.009933E+01 -3.265557E-14 -3.939045E-12 -4.508813E+00
        51   7  7.215934E+01  1.472025E+01 -1.319466E+01  2.502143E-12 -1.057339E-12 -8.337742E+00
        51   8  7.215934E+01  1.472025E+01 -1.319466E+01  3.571863E-12 -4.530832E-12 -8.337742E+00
        52   1  9.726647E+01  4.274447E+01  9.993282E+00  1.938051E-12 -3.040395E-12 -4.942300E+00
        52   2  9.726647E+01  4.274447E+01  9.993282E+00 -2.445456E-12  3.609877E-13 -4.942300E+00
        52   3  1.132157E+02  5.937467E+01  2.688696E+01  1.301191E-12 -1.963156E-12 -8.960842E+00
        52   4  1.132157E+02  5.937467E+01  2.688696E+01 -3.092837E-12  1.322258E-12 -8.960842E+00
        52   5  5.620406E+01 -1.925977E+00 -3.009933E+01  1.558087E-12 -3.920294E-12 -4.508813E+00
        52   6  5.620406E+01 -1.925977E+00 -3.009933E+01 -2.874227E-12 -5.296889E-13 -4.508813E+00
        52   7  7.215934E+01  1.472025E+01 -1.319466E+01 -6.410843E-13 -2.728145E-12 -8.337742E+00
        52   8  7.215934E+01  1.472025E+01 -1.319466E+01 -5.082266E-12  5.998428E-13 -8.337742E+00
        53   1  9.726647E+01  4.274447E+01  9.993282E+00 -2.246497E-12  1.039872E-12 -4.942300E+00
        53   2  9.726647E+01  4.274447E+01  9.993282E+00  3.818286E-13  1.677982E-13 -4.942300E+00
        53   3  1.132157E+02  5.937467E+01  2.688696E+01 -1.458815E-12  3.417279E-12 -8.960842E+00
        53   4  1.132157E+02  5.937467E+01  2.688696E+01  1.172485E-12  3.105694E-12 -8.960842E+00
        53   5  5.620406E+01 -1.925977E+00 -3.009933E+01 -3.896073E-12  2.183948E-12 -4.508813E+00
        53   6  5.620406E+01 -1.925977E+00 -3.009933E+01 -9.839272E-13  1.304488E-12 -4.508813E+00
        53   7  7.215934E+01  1.472025E+01 -1.319466E+01 -1.271503E-12  4.348991E-12 -8.337742E+00
        53   8  7.215934E+01  1.472025E+01 -1.319466E+01  1.637052E-12  3.983788E-12 -8.337742E+00
        54   1  9.726647E+01  4.274447E+01  9.993282E+00 -1.916879E-12 -1.064678E-12 -4.942300E+00
        54   2  9.726647E+01  4.274447E+01  9.993282E+00 -4.449802E-13 -1.651185E-12 -4.942300E+00
        54   3  1.132157E+02  5.937467E+01  2.688696E+01 -2.346229E-13 -1.592504E-12 -8.960842E+00
        54   4  1.132157E+02  5.937467E+01  2.688696E+01  1.237943E-12 -1.757895E-12 -8.960842E+00
        54   5  5.620406E+01 -1.925977E+00 -3.009933E+01 -5.259665E-13 -8.608018E-13 -4.508813E+00
        54   6  5.620406E+01 -1.925977E+00 -3.009933E+01  1.149565E-12 -1.420451E-12 -4.508813E+00
        54   7  7.215934E+01  1.472025E+01 -1.319466E+01 -1.158586E-12 -1.304379E-12 -8.337742E+00
        54   8  7.215934E+01  1.472025E+01 -1.319466E+01  5.227941E-13 -1.416417E-12 -8.337742E+00
        55   1  9.726647E+01  4.274447E+01  9.993282E+00  1.118008E-12 -8.274483E-13 -4.942300E+00
        55   2  9.726647E+01  4.274447E+01  9.993282E+00  9.469622E-13  3.178709E-12 -4.942300E+00
        55   3  1.132157E+02  5.937467E+01  2.688696E+01 -1.979726E-12 -4.225040E-12 -8.960842E+00
        55   4  1.132157E+02  5.937467E+01  2.688696E+01 -2.150303E-12 -1.550401E-12 -8.960842E+00
        55   5  5.620406E+01 -1.925977E+00 -3.009933E+01  1.281791E-12 -2.040087E-12 -4.508813E+00
        55   6  5.620406E+01 -1.925977E+00 -3.009933E+01  4.568725E-13  1.941193E-12 -4.508813E+00
        55   7  7.215934E+01  1.472025E+01 -1.319466E+01  5.379972E-13 -1.981450E-12 -8.337742E+00
        55   8  7.215934E+01  1.472025E+01 -1.319466E+01 -2.876478E-13  6.558489E-13 -8.337742E+00
        56   1  9.726647E+01  4.274447E+01  9.993282E+00 -1.844394E-12  7.593407E-13 -4.942300E+00
        56   2  9.726647E+01  4.274447E+01  9.993282E+00 -4.523647E-12 -4.020103E-12 -4.942300E+00
        56   3  1.132157E+02  5.937467E+01  2.688696E+01  1.334814E-13  5.301633E-12 -8.960842E+00
        56   4  1.132157E+02  5.937467E+01  2.688696E+01 -2.543863E-12  1.671135E-12 -8.960842E+00
        56   5  5.620406E+01 -1.925977E+00 -3.009933E+01 -2.039224E-12  3.333187E-12 -4.508813E+00
        56   6  5.620406E+01 -1.925977E+00 -3.009933E+01 -4.129624E-12 -1.458250E-12 -4.508813E+00
        56   7  7.215934E+01  1.472025E+01 -1.319466E+01 -2.802831E-12  3.748908E-12 -8.337742E+00
        56   8  7.215934E+01  1.472025E+01 -1.319466E+01 -4.890916E-12  1.430228E-13 -8.337742E+00
        57   1  9.726647E+01  4.274447E+01  9.993282E+00 -1.194612E-12 -1.096716E-12 -4.942300E+00
        57   2  9.726647E+01  4.274447E+01  9.993282E+00  1.469477E-12  3.791731E-12 -4.942300E+00
        57   3  1.132157E+02  5.937467E+01  2.688696E+01 -2.421423E-12  6.548153E-13 -8.960842E+00
        57   4  1.132157E+02  5.937467E+01  2.688696E+01  2.199410E-13  5.642430E-12 -8.960842E+00
        57   5  5.620406E+01 -1.925977E+00 -3.009933E+01 -2.206749E-12 -4.538769E-12 -4.508813E+00
        57   6  5.620406E+01 -1.925977E+00 -3.009933E+01  4.681887E-13  4.171218E-13 -4.508813E+00
        57   7  7.215934E+01  1.472025E+01 -1.319466E+01 -2.800665E-12 -4.866186E-14 -8.337742E+00
        57   8  7.215934E+01  1.472025E+01 -1.319466E+01 -1.535712E-13  4.936148E-12 -8.337742E+00
        58   1  9.726647E+01  4.274447E+01  9.993282E+00  2.225981E-12  1.366658E-12 -4.942300E+00
        58   2  9.726647E+01  4.274447E+01  9.993282E+00  3.884308E-12 -6.657895E-13 -4.942300E+00
        58   3  1.132157E+02  5.937467E+01  2.688696E+01  2.236675E-12 -2.238031E-12 -8.960842E+00
        58   4  1.132157E+02  5.937467E+01  2.688696E+01  3.971922E-12 -9.792613E-12 -8.960842E+00
        58   5  5.620406E+01 -1.925977E+00 -3.009933E+01  1.997945E-12  4.089198E-12 -4.508813E+00
        58   6  5.620406E+01 -1.925977E+00 -3.009933E+01  9.126747E-13  2.034843E-12 -4.508813E+00
        58   7  7.215934E+01  1.472025E+01 -1.319466E+01  5.710081E-12 -2.807638E-12 -8.337742E+00
        58   8  7.215934E+01  1.472025E+01 -1.319466E+01  4.704691E-12 -1.036637E-11 -8.337742E+00
        59   1  9.726647E+01  4.274447E+01  9.993282E+00  5.081663E-12 -1.032441E-12 -4.942300E+00
        59   2  9.726647E+01  4.274447E+01  9.993282E+00  1.346402E-12 -7.013976E-13 -4.942300E+00
        59   3  1.132157E+02  5.937467E+01  2.688696E+01  3.732587E-12 -5.363457E-12 -8.960842E+00
        59   4  1.132157E+02  5.937467E+01  2.688696E+01 -1.021046E-13  4.713977E-12 -8.960842E+00
        59   5  5.620406E+01 -1.925977E+00 -3.009933E+01  2.625746E-12 -1.453840E-12 -4.508813E+00
        59   6  5.620406E+01 -1.925977E+00 -3.009933E+01  3.773246E-12 -1.118699E-12 -4.508813E+00
        59   7  7.215934E+01  1.472025E+01 -1.319466E+01 -2.157032E-12 -4.804370E-12 -8.337742E+00
        59   8  7.215934E+01  1.472025E+01 -1.319466E+01 -1.107130E-12  5.295627E-12 -8.337742E+00
        60   1  9.726647E+01  4.274447E+01  9.993282E+00 -1.452126E-12  1.203899E-12 -4.942300E+00
        60   2  9.726647E+01  4.274447E+01  9.993282E+00 -8.343363E-14  1.002665E-13 -4.942300E+00
        60   3  1.132157E+02  5.937467E+01  2.688696E+01 -9.284180E-14  4.963747E-12 -8.960842E+00
        60   4  1.132157E+02  5.937467E+01  2.688696E+01  1.323250E-12 -9.493887E-13 -8.960842E+00
        60   5  5.620406E+01 -1.925977E+00 -3.009933E+01  3.325951E-12  4.067496E-13 -4.508813E+00
        60   6  5.620406E+01 -1.925977E+00 -3.009933E+01  2.284751E-12 -7.141645E-13 -4.508813E+00
        60   7  7.215934E+01  1.472025E+01 -1.319466E+01  6.093845E-12  6.012301E-12 -8.337742E+00
        60   8  7.215934E+01  1.472025E+01 -1.319466E+01  5.100009E-12  7.271896E-14 -8.337742E+00

 equivalent plastic strain (elem, integ.pnt.,pe)for set ALLE and time  0.7000000E+01

         1   1  2.570000E-03
         1   2  2.570000E-03
         1   3  2.570000E-03
         1   4  2.570000E-03
         1   5  2.570000E-03
         1   6  2.570000E-03
         1   7  2.570000E-03
         1   8  2.570000E-03
         2   1  2.570000E-03
         2   2  2.570000E-03
         2   3  2.570000E-03
         2   4  2.570000E-03
         2   5  2.570000E-03
         2   6  2.570000E-03
         2   7  2.570000E-03
         2   8  2.570000E-03
         3   1  2.570000E-03
         3   2  2.570000E-03
         3   3  2.570000E-03
         3   4  2.570000E-03
         3   5  2.570000E-03
         3   6  2.570000E-03
         3   7  2.570000E-03
         3   8  2.570000E-03
         4   1  2.570000E-03
         4   2  2.570000E-03
         4   3  2.570000E-03
         4   4  2.570000E-03
         4   5  2.570000E-03
         4   6  2.570000E-03
         4   7  2.570000E-03
         4   8  2.570000E-03
         5   1  2.570000E-03
         5   2  2.570000E-03
         5   3  2.570000E-03
         5   4  2.570000E-03
         5   5  2.570000E-03
         5   6  2.570000E-03
         5   7  2.570000E-03
         5   8  2.570000E-03
         6   1  2.570000E-03
         6   2  2.570000E-03
         6   3  2.570000E-03
         6   4  2.570000E-03
         6   5  2.570000E-03
         6   6  2.570000E-03
         6   7  2.570000E-03
         6   8  2.570000E-03
         7   1  2.570000E-03
         7   2  2.570000E-03
         7   3  2.570000E-03
         7   4  2.570000E-03
         7   5  2.570000E-03
         7   6  2.570000E-03
         7   7  2.570000E-03
         7   8  2.570000E-03
         8   1  2.570000E-03
         8   2  2.570000E-03
         8   3  2.570000E-03
         8   4  2.570000E-03
         8   5  2.570000E-03
         8   6  2.570000E-03
         8   7  2.570000E-03
         8   8  2.570000E-03
         9   1  2.570000E-03
         9   2  2.570000E-03
         9   3  2.570000E-03
         9   4  2.570000E-03
         9   5  2.570000E-03
         9   6  2.570000E-03
         9   7  2.570000E-03
         9   8  2.570000E-03
        10   1  2.570000E-03
        10   2  2.570000E-03
        10   3  2.570000E-03
        10   4  2.570000E-03
        10   5  2.570000E-03
        10   6  2.570000E-03
        10   7  2.570000E-03
        10   8  2.570000E-03
        11   1  2.570000E-03
        11   2  2.570000E-03
        11   3  2.570000E-03
        11   4  2.570000E-03
        11   5  2.570000E-03
        11   6  2.570000E-03
        11   7  2.570000E-03
        11   8  2.570000E-03
        12   1  2.570000E-03
        12   2  2.570000E-03
        12   3  2.570000E-03
        12   4  2.570000E-03
        12   5  2.570000E-03
        12   6  2.570000E-03
        12   7  2.570000E-03
        12   8  2.570000E-03
        13   1  2.570000E-03
        13   2  2.570000E-03
        13   3  2.570000E-03
        13   4  2.570000E-03
        13   5  2.570000E-03
        13   6  2.570000E-03
        13   7  2.570000E-03
        13   8  2.570000E-03
        14   1  2.570000E-03
        14   2  2.570000E-03
        14   3  2.570000E-03
        14   4  2.570000E-03
        14   5  2.570000E-03
        14   6  2.570000E-03
        14   7  2.570000E-03
        14   8  2.570000E-03
        15   1  2.570000E-03
        15   2  2.570000E-03
        15   3  2.570000E-03
        15   4  2.570000E-03
        15   5  2.570000E-03
        15   6  2.570000E-03
        15   7  2.570000E-03
        15   8  2.570000E-03
        16   1  2.570000E-03
        16   2  2.570000E-03
        16   3  2.570000E-03
        16   4  2.570000E-03
        16   5  2.570000E-03
        16   6  2.570000E-03
        16   7  2.570000E-03
        16   8  2.570000E-03
        17   1  2.570000E-03
        17   2  2.570000E-03
        17   3  2.570000E-03
        17   4  2.570000E-03
        17   5  2.570000E-03
        17   6  2.570000E-03
        17   7  2.570000E-03
        17   8  2.570000E-03
        18   1  2.570000E-03
        18   2  2.570000E-03
        18   3  2.570000E-03
        18   4  2.570000E-03
        18   5  2.570000E-03
        18   6  2.570000E-03
        18   7  2.570000E-03
        18   8  2.570000E-03
        19   1  2.570000E-03
        19   2  2.570000E-03
        19   3  2.570000E-03
        19   4  2.570000E-03
        19   5  2.570000E-03
        19   6  2.570000E-03
        19   7  2.570000E-03
        19   8  2.570000E-03
        20   1  2.570000E-03
        20   2  2.570000E-03
        20   3  2.570000E-03
        20   4  2.570000E-03
        20   5  2.570000E-03
        20   6  2.570000E-03
        20   7  2.570000E-03
        20   8  2.570000E-03
        21   1  2.570000E-03
        21   2  2.570000E-03
        21   3  2.570000E-03
        21   4  2.570000E-03
        21   5  2.570000E-03
        21   6  2.570000E-03
        21   7  2.570000E-03
        21   8  2.570000E-03
        22   1  2.570000E-03
        22   2  2.570000E-03
        22   3  2.570000E-03
        22   4  2.570000E-03
        22   5  2.570000E-03
        22   6  2.570000E-03
        22   7  2.570000E-03
        22   8  2.570000E-03
        23   1  2.570000E-03
        23   2  2.570000E-03
        23   3  2.570000E-03
        23   4  2.570000E-03
        23   5  2.570000E-03
        23   6  2.570000E-03
        23   7  2.570000E-03
        23   8  2.570000E-03
        24   1  2.570000E-03
        24   2  2.570000E-03
        24   3  2.570000E-03
        24   4  2.570000E-03
        24   5  2.570000E-03
        24   6  2.570000E-03
        24   7  2.570000E-03
        24   8  2.570000E-03
        25   1  2.570000E-03
        25   2  2.570000E-03
        25   3  2.570000E-03
        25   4  2.570000E-03
        25   5  2.570000E-03
        25   6  2.570000E-03
        25   7  2.570000E-03
        25   8  2.570000E-03
        26   1  2.570000E-03
        26   2  2.570000E-03
        26   3  2.570000E-03
        26   4  2.570000E-03
        26   5  2.570000E-03
        26   6  2.570000E-03
        26   7  2.570000E-03
        26   8  2.570000E-03
        27   1  2.570000E-03
        27   2  2.570000E-03
        27   3  2.570000E-03
        27   4  2.570000E-03
        27   5  2.570000E-03
        27   6  2.570000E-03
        27   7  2.570000E-03
        27   8  2.570000E-03
        28   1  2.570000E-03
        28   2  2.570000E-03
        28   3  2.570000E-03
        28   4  2.570000E-03
        28   5  2.570000E-03
        28   6  2.570000E-03
        28   7  2.570000E-03
        28   8  2.570000E-03
        29   1  2.570000E-03
        29   2  2.570000E-03
        29   3  2.570000E-03
        29   4  2.570000E-03
        29   5  2.570000E-03
        29   6  2.570000E-03
        29   7  2.570000E-03
        29   8  2.570000E-03
        30   1  2.570000E-03
        30   2  2.570000E-03
        30   3  2.570000E-03
        30   4  2.570000E-03
        30   5  2.570000E-03
        30   6  2.570000E-03
        30   7  2.570000E-03
        30   8  2.570000E-03
        31   1  2.570000E-03
        31   2  2.570000E-03
        31   3  2.570000E-03
        31   4  2.570000E-03
        31   5  2.570000E-03
        31   6  2.570000E-03
        31   7  2.570000E-03
        31   8  2.570000E-03
        32   1  2.570000E-03
        32   2  2.570000E-03
        32   3  2.570000E-03
        32   4  2.570000E-03
        32   5  2.570000E-03
        32   6  2.570000E-03
        32   7  2.570000E-03
        32   8  2.570000E-03
        33   1  2.570000E-03
        33   2  2.570000E-03
        33   3  2.570000E-03
        33   4  2.570000E-03
        33   5  2.570000E-03
        33   6  2.570000E-03
        33   7  2.570000E-03
        33   8  2.570000E-03
        34   1  2.570000E-03
        34   2  2.570000E-03
        34   3  2.570000E-03
        34   4  2.570000E-03
        34   5  2.570000E-03
        34   6  2.570000E-03
        34   7  2.570000E-03
        34   8  2.570000E-03
        35   1  2.570000E-03
        35   2  2.570000E-03
        35   3  2.570000E-03
        35   4  2.570000E-03
        35   5  2.570000E-03
        35   6  2.570000E-03
        35   7  2.570000E-03
        35   8  2.570000E-03
        36   1  2.570000E-03
        36   2  2.570000E-03
        36   3  2.570000E-03
        36   4  2.570000E-03
        36   5  2.570000E-03
        36   6  2.570000E-03
        36   7  2.570000E-03
        36   8  2.570000E-03
        37   1  2.570000E-03
        37   2  2.570000E-03
        37   3  2.570000E-03
        37   4  2.570000E-03
        37   5  2.570000E-03
        37   6  2.570000E-03
        37   7  2.570000E-03
        37   8  2.570000E-03
        38   1  2.570000E-03
        38   2  2.570000E-03
        38   3  2.570000E-03
        38   4  2.570000E-03
        38   5  2.570000E-03
        38   6  2.570000E-03
        38   7  2.570000E-03
        38   8  2.570000E-03
        39   1  2.570000E-03
        39   2  2.570000E-03
        39   3  2.570000E-03
        39   4  2.570000E-03
        39   5  2.570000E-03
        39   6  2.570000E-03
        39   7  2.570000E-03
        39   8  2.570000E-03
        40   1  2.570000E-03
        40   2  2.570000E-03
        40   3  2.570000E-03
        40   4  2.570000E-03
        40   5  2.570000E-03
        40   6  2.570000E-03
        40   7  2.570000E-03
        40   8  2.570000E-03
        41   1  2.050995E-03
        41   2  2.050995E-03
        41   3  2.043561E-03
        41   4  2.043561E-03
        41   5  2.077859E-03
        41   6  2.077859E-03
        41   7  2.072895E-03
        41   8  2.072895E-03
        42   1  2.050995E-03
        42   2  2.050995E-03
        42   3  2.043561E-03
        42   4  2.043561E-03
        42   5  2.077859E-03
        42   6  2.077859E-03
        42   7  2.072895E-03
        42   8  2.072895E-03
        43   1  2.050995E-03
        43   2  2.050995E-03
        43   3  2.043561E-03
        43   4  2.043561E-03
        43   5  2.077859E-03
        43   6  2.077859E-03
        43   7  2.072895E-03
        43   8  2.072895E-03
        44   1  2.050995E-03
        44   2  2.050995E-03
        44   3  2.043561E-03
        44   4  2.043561E-03
        44   5  2.077859E-03
        44   6  2.077859E-03
        44   7  2.072895E-03
        44   8  2.072895E-03
        45   1  2.050995E-03
        45   2  2.050995E-03
        45   3  2.043561E-03
        45   4  2.043561E-03
        45   5  2.077859E-03
        45   6  2.077859E-03
        45   7  2.072895E-03
        45   8  2.072895E-03
        46   1  2.050995E-03
        46   2  2.050995E-03
        46   3  2.043561E-03
        46   4  2.043561E-03
        46   5  2.077859E-03
        46   6  2.077859E-03
        46   7  2.072895E-03
        46   8  2.072895E-03
        47   1  2.050995E-03
        47   2  2.050995E-03
        47   3  2.043561E-03
        47   4  2.043561E-03
        47   5  2.077859E-03
        47   6  2.077859E-03
        47   7  2.072895E-03
        47   8  2.072895E-03
        48   1  2.050995E-03
        48   2  2.050995E-03
        48   3  2.043561E-03
        48   4  2.043561E-03
        48   5  2.077859E-03
        48   6  2.077859E-03
        48   7  2.072895E-03
        48   8  2.072895E-03
        49   1  2.050995E-03
        49   2  2.050995E-03
        49   3  2.043561E-03
        49   4  2.043561E-03
        49   5  2.077859E-03
        49   6  2.077859E-03
        49   7  2.072895E-03
        49   8  2.072895E-03
        50   1  2.050995E-03
        50   2  2.050995E-03
        50   3  2.043561E-03
        50   4  2.043561E-03
        50   5  2.077859E-03
        50   6  2.077859E-03
        50   7  2.072895E-03
        50   8  2.072895E-03
        51   1  2.043539E-03
        51   2  2.043539E-03
        51   3  2.053147E-03
        51   4  2.053147E-03
        51   5  2.086276E-03
        51   6  2.086276E-03
        51   7  2.094839E-03
        51   8  2.094839E-03
        52   1  2.043539E-03
        52   2  2.043539E-03
        52   3  2.053147E-03
        52   4  2.053147E-03
        52   5  2.086276E-03
        52   6  2.086276E-03
        52   7  2.094839E-03
        52   8  2.094839E-03
        53   1  2.043539E-03
        53   2  2.043539E-03
        53   3  2.053147E-03
        53   4  2.053147E-03
        53   5  2.086276E-03
        53   6  2.086276E-03
        53   7  2.094839E-03
        53   8  2.094839E-03
        54   1  2.043539E-03
        54   2  2.043539E-03
        54   3  2.053147E-03
        54   4  2.053147E-03
        54   5  2.086276E-03
        54   6  2.086276E-03
        54   7  2.094839E-03
        54   8  2.094839E-03
        55   1  2.043539E-03
        55   2  2.043539E-03
        55   3  2.053147E-03
        55   4  2.053147E-03
        55   5  2.086276E-03
        55   6  2.086276E-03
        55   7  2.094839E-03
        55   8  2.094839E-03
        56   1  2.043539E-03
        56   2  2.043539E-03
        56   3  2.053147E-03
        56   4  2.053147E-03
        56   5  2.086276E-03
        56   6  2.086276E-03
        56   7  2.094839E-03
        56   8  2.094839E-03
        57   1  2.043539E-03
        57   2  2.043539E-03
        57   3  2.053147E-03
        57   4  2.053147E-03
        57   5  2.086276E-03
        57   6  2.086276E-03
        57   7  2.094839E-03
        57   8  2.094839E-03
        58   1  2.043539E-03
        58   2  2.043539E-03
        58   3  2.053147E-03
        58   4  2.053147E-03
        58   5  2.086276E-03
        58   6  2.086276E-03
        58   7  2.094839E-03
        58   8  2.094839E-03
        59   1  2.043539E-03
        59   2  2.043539E-03
        59   3  2.053147E-03
        59   4  2.053147E-03
        59   5  2.086276E-03
        59   6  2.086276E-03
        59   7  2.094839E-03
        59   8  2.094839E-03
        60   1  2.043539E-03
        60   2  2.043539E-03
        60   3  2.053147E-03
        60   4  2.053147E-03
        60   5  2.086276E-03
        60   6  2.086276E-03
        60   7  2.094839E-03
        60   8  2.094839E-03

 mechanical strains (elem, integ.pnt.,exx,eyy,ezz,exy,exz,eyz) for set ALLE and time  0.7000000E+01

         1   1 -1.999980E-05 -1.012924E-06  4.580338E-05 -6.406415E-18 -1.093901E-17 -8.706064E-06
         1   2 -1.999980E-05 -1.012924E-06  4.580338E-05 -2.145704E-17 -3.459172E-17 -8.706064E-06
         1   3 -1.999980E-05 -1.012924E-06  2.688385E-05 -8.858790E-18 -1.714963E-18 -2.776120E-05
         1   4 -1.999980E-05 -1.012924E-06  2.688385E-05 -2.390942E-17 -4.310220E-18 -2.776120E-05
         1   5 -1.999980E-05 -2.006783E-05  4.580338E-05 -3.036442E-18 -1.717167E-17 -1.343617E-05
         1   6 -1.999980E-05 -2.006783E-05  4.580338E-05 -7.557814E-18 -4.082438E-17 -1.343617E-05
         1   7 -1.999980E-05 -2.006783E-05  2.688385E-05 -6.809971E-18 -3.804661E-18 -3.249085E-05
         1   8 -1.999980E-05 -2.006783E-05  2.688385E-05 -1.133134E-17 -6.399918E-18 -3.249085E-05
         2   1 -1.999980E-05 -1.012924E-06  4.580338E-05 -1.484806E-17 -2.904821E-17 -8.706064E-06
         2   2 -1.999980E-05 -1.012924E-06  4.580338E-05 -1.193425E-18  1.010193E-17 -8.706064E-06
         2   3 -1.999980E-05 -1.012924E-06  2.688385E-05  2.152715E-18 -4.923206E-18 -2.776120E-05
         2   4 -1.999980E-05 -1.012924E-06  2.688385E-05  1.580831E-17 -6.580573E-19 -2.776120E-05
         2   5 -1.999980E-05 -2.006783E-05  4.580338E-05 -2.842046E-18 -3.564852E-17 -1.343617E-05
         2   6 -1.999980E-05 -2.006783E-05  4.580338E-05 -6.629902E-18  3.503529E-18 -1.343617E-05
         2   7 -1.999980E-05 -2.006783E-05  2.688385E-05  1.457809E-17 -1.035890E-17 -3.249085E-05
         2   8 -1.999980E-05 -2.006783E-05  2.688385E-05  1.078981E-17 -6.094173E-18 -3.249085E-05
         3   1 -1.999980E-05 -1.012924E-06  4.580338E-05 -5.173268E-19  2.386205E-17 -8.706064E-06
         3   2 -1.999980E-05 -1.012924E-06  4.580338E-05 -8.771286E-18  1.627745E-17 -8.706064E-06
         3   3 -1.999980E-05 -1.012924E-06  2.688385E-05  1.292199E-17  4.867375E-18 -2.776120E-05
         3   4 -1.999980E-05 -1.012924E-06  2.688385E-05  4.665705E-18  4.089814E-18 -2.776120E-05
         3   5 -1.999980E-05 -2.006783E-05  4.580338E-05 -1.131655E-17  2.326603E-17 -1.343617E-05
         3   6 -1.999980E-05 -2.006783E-05  4.580338E-05 -1.617080E-17  1.566618E-17 -1.343617E-05
         3   7 -1.999980E-05 -2.006783E-05  2.688385E-05  1.946333E-18  1.104073E-17 -3.249085E-05
         3   8 -1.999980E-05 -2.006783E-05  2.688385E-05 -2.910881E-18  1.025724E-17 -3.249085E-05
         4   1 -1.999980E-05 -1.012924E-06  4.580338E-05 -1.728886E-17  1.002530E-17 -8.706064E-06
         4   2 -1.999980E-05 -1.012924E-06  4.580338E-05 -2.034447E-17 -3.145803E-18 -8.706064E-06
         4   3 -1.999980E-05 -1.012924E-06  2.688385E-05 -1.581164E-17  8.252577E-18 -2.776120E-05
         4   4 -1.999980E-05 -1.012924E-06  2.688385E-05 -1.887043E-17  2.082060E-17 -2.776120E-05
         4   5 -1.999980E-05 -2.006783E-05  4.580338E-05 -1.836844E-17  1.312160E-17 -1.343617E-05
         4   6 -1.999980E-05 -2.006783E-05  4.580338E-05 -8.543905E-18 -6.262428E-20 -1.343617E-05
         4   7 -1.999980E-05 -2.006783E-05  2.688385E-05 -1.608494E-17  1.401493E-17 -3.249085E-05
         4   8 -1.999980E-05 -2.006783E-05  2.688385E-05 -6.260397E-18  2.657618E-17 -3.249085E-05
         5   1 -1.999980E-05 -1.012924E-06  4.580338E-05 -1.242203E-17 -9.641109E-18 -8.706064E-06
         5   2 -1.999980E-05 -1.012924E-06  4.580338E-05  1.796382E-17  3.123846E-18 -8.706064E-06
         5   3 -1.999980E-05 -1.012924E-06  2.688385E-05 -1.662151E-17  1.185945E-17 -2.776120E-05
         5   4 -1.999980E-05 -1.012924E-06  2.688385E-05  1.375820E-17 -5.772032E-18 -2.776120E-05
         5   5 -1.999980E-05 -2.006783E-05  4.580338E-05 -1.835657E-18 -2.380452E-17 -1.343617E-05
         5   6 -1.999980E-05 -2.006783E-05  4.580338E-05  1.334965E-17 -1.104168E-17 -1.343617E-05
         5   7 -1.999980E-05 -2.006783E-05  2.688385E-05 -6.221938E-18 -1.800472E-18 -3.249085E-05
         5   8 -1.999980E-05 -2.006783E-05  2.688385E-05  8.958283E-18 -1.944382E-17 -3.249085E-05
         6   1 -1.999980E-05 -1.012924E-06  4.580338E-05  2.452077E-17  1.117648E-17 -8.706064E-06
         6   2 -1.999980E-05 -1.012924E-06  4.580338E-05  2.585609E-17 -8.460670E-19 -8.706064E-06
         6   3 -1.999980E-05 -1.012924E-06  2.688385E-05  6.541872E-18 -6.153178E-18 -2.776120E-05
         6   4 -1.999980E-05 -1.012924E-06  2.688385E-05  7.872534E-18 -1.325117E-17 -2.776120E-05
         6   5 -1.999980E-05 -2.006783E-05  4.580338E-05  1.694528E-17  1.817459E-17 -1.343617E-05
         6   6 -1.999980E-05 -2.006783E-05  4.580338E-05  2.074838E-17  6.169834E-18 -1.343617E-05
         6   7 -1.999980E-05 -2.006783E-05  2.688385E-05  3.506469E-18  3.949121E-18 -3.249085E-05
         6   8 -1.999980E-05 -2.006783E-05  2.688385E-05  7.299407E-18 -3.128544E-18 -3.249085E-05
         7   1 -1.999980E-05 -1.012924E-06  4.580338E-05  2.292547E-17 -1.345003E-17 -8.706064E-06
         7   2 -1.999980E-05 -1.012924E-06  4.580338E-05 -6.345290E-18 -2.048619E-17 -8.706064E-06
         7   3 -1.999980E-05 -1.012924E-06  2.688385E-05  2.495230E-17 -1.844982E-17 -2.776120E-05
         7   4 -1.999980E-05 -1.012924E-06  2.688385E-05 -4.329464E-18 -1.088766E-17 -2.776120E-05
         7   5 -1.999980E-05 -2.006783E-05  4.580338E-05  1.342789E-17 -2.175882E-17 -1.343617E-05
         7   6 -1.999980E-05 -2.006783E-05  4.580338E-05 -8.519987E-18 -2.882039E-17 -1.343617E-05
         7   7 -1.999980E-05 -2.006783E-05  2.688385E-05 -1.790510E-18 -2.300332E-17 -3.249085E-05
         7   8 -1.999980E-05 -2.006783E-05  2.688385E-05 -2.374686E-17 -1.543099E-17 -3.249085E-05
         8   1 -1.999980E-05 -1.012924E-06  4.580338E-05 -1.016971E-17 -1.422163E-17 -8.706064E-06
         8   2 -1.999980E-05 -1.012924E-06  4.580338E-05  1.282254E-17  3.140500E-18 -8.706064E-06
         8   3 -1.999980E-05 -1.012924E-06  2.688385E-05 -1.227627E-17 -6.290214E-18 -2.776120E-05
         8   4 -1.999980E-05 -1.012924E-06  2.688385E-05  1.070242E-17  2.385851E-19 -2.776120E-05
         8   5 -1.999980E-05 -2.006783E-05  4.580338E-05  2.050030E-19 -1.565168E-17 -1.343617E-05
         8   6 -1.999980E-05 -2.006783E-05  4.580338E-05  1.774670E-17  1.685895E-18 -1.343617E-05
         8   7 -1.999980E-05 -2.006783E-05  2.688385E-05  1.322372E-17 -1.244314E-17 -3.249085E-05
         8   8 -1.999980E-05 -2.006783E-05  2.688385E-05  3.077050E-17 -5.931279E-18 -3.249085E-05
         9   1 -1.999980E-05 -1.012924E-06  4.580338E-05  1.860959E-17  1.464004E-17 -8.706064E-06
         9   2 -1.999980E-05 -1.012924E-06  4.580338E-05  6.332513E-18  1.858714E-17 -8.706064E-06
         9   3 -1.999980E-05 -1.012924E-06  2.688385E-05  2.162862E-17  7.372395E-18 -2.776120E-05
         9   4 -1.999980E-05 -1.012924E-06  2.688385E-05  9.356204E-18  3.787823E-18 -2.776120E-05
         9   5 -1.999980E-05 -2.006783E-05  4.580338E-05  1.542697E-17  2.328565E-17 -1.343617E-05
         9   6 -1.999980E-05 -2.006783E-05  4.580338E-05 -6.324505E-19  2.723613E-17 -1.343617E-05
         9   7 -1.999980E-05 -2.006783E-05  2.688385E-05  2.064159E-17  1.799898E-17 -3.249085E-05
         9   8 -1.999980E-05 -2.006783E-05  2.688385E-05  4.578780E-18  1.443134E-17 -3.249085E-05
        10   1 -1.999980E-05 -1.012924E-06  4.580338E-05  4.082579E-18  1.298892E-17 -8.706064E-06
        10   2 -1.999980E-05 -1.012924E-06  4.580338E-05  3.656530E-18  3.282118E-18 -8.706064E-06
        10   3 -1.999980E-05 -1.012924E-06  2.688385E-05  1.363043E-17 -1.606959E-18 -2.776120E-05
        10   4 -1.999980E-05 -1.012924E-06  2.688385E-05  1.319591E-17 -7.701072E-19 -2.776120E-05
        10   5 -1.999980E-05 -2.006783E-05  4.580338E-05 -5.165936E-18  1.218317E-17 -1.343617E-05
        10   6 -1.999980E-05 -2.006783E-05  4.580338E-05 -3.091464E-19  2.430629E-18 -1.343617E-05
        10   7 -1.999980E-05 -2.006783E-05  2.688385E-05 -1.136675E-18 -2.773915E-18 -3.249085E-05
        10   8 -1.999980E-05 -2.006783E-05  2.688385E-05  3.723503E-18 -1.909959E-18 -3.249085E-05
        11   1 -1.999980E-05  1.182614E-05  6.162569E-05 -5.679953E-18 -1.932377E-18 -2.527766E-05
        11   2 -1.999980E-05  1.182614E-05  6.162569E-05 -2.756742E-18 -4.719589E-18 -2.527766E-05
        11   3 -1.999980E-05  1.182614E-05  1.754694E-04 -1.251637E-17 -1.175343E-17 -3.262418E-05
        11   4 -1.999980E-05  1.182614E-05  1.754694E-04 -9.593159E-18 -3.611784E-17 -3.262418E-05
        11   5 -1.999980E-05  4.481263E-06  6.162569E-05 -6.146717E-18 -4.429727E-18  3.181633E-06
        11   6 -1.999980E-05  4.481263E-06  6.162569E-05 -1.401295E-17 -7.217468E-18  3.181633E-06
        11   7 -1.999980E-05  4.481263E-06  1.754694E-04  2.786846E-18 -1.949832E-17 -4.161597E-06
        11   8 -1.999980E-05  4.481263E-06  1.754694E-04 -5.079392E-18 -4.386104E-17 -4.161597E-06
        12   1 -1.999980E-05  1.182614E-05  6.162569E-05  1.810748E-17 -3.817890E-18 -2.527766E-05
        12   2 -1.999980E-05  1.182614E-05  6.162569E-05 -1.974387E-17  4.370108E-18 -2.527766E-05
        12   3 -1.999980E-05  1.182614E-05  1.754694E-04  1.115113E-17 -2.493495E-17 -3.262418E-05
        12   4 -1.999980E-05  1.182614E-05  1.754694E-04 -2.670165E-17  2.887767E-17 -3.262418E-05
        12   5 -1.999980E-05  4.481263E-06  6.162569E-05  7.371227E-18 -9.260384E-18  3.181633E-06
        12   6 -1.999980E-05  4.481263E-06  6.162569E-05 -7.673047E-18 -1.073656E-18  3.181633E-06
        12   7 -1.999980E-05  4.481263E-06  1.754694E-04 -2.656543E-18 -3.156300E-17 -4.161597E-06
        12   8 -1.999980E-05  4.481263E-06  1.754694E-04 -1.769976E-17  2.225258E-17 -4.161597E-06
        13   1 -1.999980E-05  1.182614E-05  6.162569E-05 -2.018753E-17  9.441969E-18 -2.527766E-05
        13   2 -1.999980E-05  1.182614E-05  6.162569E-05  1.048556E-17  1.593942E-18 -2.527766E-05
        13   3 -1.999980E-05  1.182614E-05  1.754694E-04 -4.314490E-18  4.092101E-17 -3.262418E-05
        13   4 -1.999980E-05  1.182614E-05  1.754694E-04  2.635977E-17  6.992940E-18 -3.262418E-05
        13   5 -1.999980E-05  4.481263E-06  6.162569E-05 -6.791990E-18  1.748566E-17  3.181633E-06
        13   6 -1.999980E-05  4.481263E-06  6.162569E-05  1.083950E-17  9.633394E-18  3.181633E-06
        13   7 -1.999980E-05  4.481263E-06  1.754694E-04  2.673047E-18  4.732310E-17 -4.161597E-06
        13   8 -1.999980E-05  4.481263E-06  1.754694E-04  2.030538E-17  1.339672E-17 -4.161597E-06
        14   1 -1.999980E-05  1.182614E-05  6.162569E-05 -3.507137E-18  4.936514E-18 -2.527766E-05
        14   2 -1.999980E-05  1.182614E-05  6.162569E-05  6.389186E-18  2.591287E-17 -2.527766E-05
        14   3 -1.999980E-05  1.182614E-05  1.754694E-04 -9.849320E-18 -2.262925E-18 -3.262418E-05
        14   4 -1.999980E-05  1.182614E-05  1.754694E-04  4.890879E-20  1.583442E-17 -3.262418E-05
        14   5 -1.999980E-05  4.481263E-06  6.162569E-05 -2.553657E-18  9.032786E-18  3.181633E-06
        14   6 -1.999980E-05  4.481263E-06  6.162569E-05  5.919044E-18  2.999940E-17  3.181633E-06
        14   7 -1.999980E-05  4.481263E-06  1.754694E-04 -3.842343E-18 -5.401599E-18 -4.161597E-06
        14   8 -1.999980E-05  4.481263E-06  1.754694E-04  4.630358E-18  1.268897E-17 -4.161597E-06
        15   1 -1.999980E-05  1.182614E-05  6.162569E-05  2.468037E-18  1.585761E-17 -2.527766E-05
        15   2 -1.999980E-05  1.182614E-05  6.162569E-05  1.770056E-17 -1.860154E-17 -2.527766E-05
        15   3 -1.999980E-05  1.182614E-05  1.754694E-04 -1.287131E-17  5.299668E-18 -3.262418E-05
        15   4 -1.999980E-05  1.182614E-05  1.754694E-04  2.365241E-18 -4.466750E-17 -3.262418E-05
        15   5 -1.999980E-05  4.481263E-06  6.162569E-05 -5.278289E-18  5.998435E-18  3.181633E-06
        15   6 -1.999980E-05  4.481263E-06  6.162569E-05  2.195780E-18 -2.848528E-17  3.181633E-06
        15   7 -1.999980E-05  4.481263E-06  1.754694E-04 -2.153865E-17  5.294721E-18 -4.161597E-06
        15   8 -1.999980E-05  4.481263E-06  1.754694E-04 -1.406289E-17 -4.465720E-17 -4.161597E-06
        16   1 -1.999980E-05  1.182614E-05  6.162569E-05  3.753331E-18 -2.041752E-17 -2.527766E-05
        16   2 -1.999980E-05  1.182614E-05  6.162569E-05 -2.285695E-17 -1.100463E-17 -2.527766E-05
        16   3 -1.999980E-05  1.182614E-05  1.754694E-04  2.694153E-17 -4.208605E-17 -3.262418E-05
        16   4 -1.999980E-05  1.182614E-05  1.754694E-04  3.316797E-19  7.593132E-18 -3.262418E-05
        16   5 -1.999980E-05  4.481263E-06  6.162569E-05 -3.905422E-18 -1.023447E-17  3.181633E-06
        16   6 -1.999980E-05  4.481263E-06  6.162569E-05 -1.039187E-17 -8.105707E-19  3.181633E-06
        16   7 -1.999980E-05  4.481263E-06  1.754694E-04  5.060585E-18 -3.473829E-17 -4.161597E-06
        16   8 -1.999980E-05  4.481263E-06  1.754694E-04 -1.429252E-18  1.494766E-17 -4.161597E-06
        17   1 -1.999980E-05  1.182614E-05  6.162569E-05 -1.462135E-18 -9.860086E-18 -2.527766E-05
        17   2 -1.999980E-05  1.182614E-05  6.162569E-05  8.974797E-18 -3.804768E-18 -2.527766E-05
        17   3 -1.999980E-05  1.182614E-05  1.754694E-04  1.729864E-18  1.864899E-17 -3.262418E-05
        17   4 -1.999980E-05  1.182614E-05  1.754694E-04  1.217992E-17  5.682867E-18 -3.262418E-05
        17   5 -1.999980E-05  4.481263E-06  6.162569E-05 -4.089477E-18 -1.193386E-17  3.181633E-06
        17   6 -1.999980E-05  4.481263E-06  6.162569E-05 -3.132349E-18 -5.892938E-18  3.181633E-06
        17   7 -1.999980E-05  4.481263E-06  1.754694E-04  3.610909E-17  1.958758E-17 -4.161597E-06
        17   8 -1.999980E-05  4.481263E-06  1.754694E-04  3.706452E-17  6.631620E-18 -4.161597E-06
        18   1 -1.999980E-05  1.182614E-05  6.162569E-05  4.558754E-18 -3.307309E-19 -2.527766E-05
        18   2 -1.999980E-05  1.182614E-05  6.162569E-05  5.663439E-19  5.082548E-18 -2.527766E-05
        18   3 -1.999980E-05  1.182614E-05  1.754694E-04  8.772237E-18  7.914789E-18 -3.262418E-05
        18   4 -1.999980E-05  1.182614E-05  1.754694E-04  4.780250E-18  2.145010E-17 -3.262418E-05
        18   5 -1.999980E-05  4.481263E-06  6.162569E-05  2.031891E-17 -4.404058E-18  3.181633E-06
        18   6 -1.999980E-05  4.481263E-06  6.162569E-05  2.036465E-17  1.051572E-18  3.181633E-06
        18   7 -1.999980E-05  4.481263E-06  1.754694E-04 -1.008606E-17  1.424675E-17 -4.161597E-06
        18   8 -1.999980E-05  4.481263E-06  1.754694E-04 -1.004201E-17  2.780578E-17 -4.161597E-06
        19   1 -1.999980E-05  1.182614E-05  6.162569E-05  2.092177E-18  6.222866E-18 -2.527766E-05
        19   2 -1.999980E-05  1.182614E-05  6.162569E-05 -6.159029E-18 -4.280133E-18 -2.527766E-05
        19   3 -1.999980E-05  1.182614E-05  1.754694E-04 -1.559474E-18  1.023415E-17 -3.262418E-05
        19   4 -1.999980E-05  1.182614E-05  1.754694E-04 -9.809409E-18 -1.130716E-17 -3.262418E-05
        19   5 -1.999980E-05  4.481263E-06  6.162569E-05  1.009658E-17  1.013708E-17  3.181633E-06
        19   6 -1.999980E-05  4.481263E-06  6.162569E-05 -3.658965E-18 -3.693031E-19  3.181633E-06
        19   7 -1.999980E-05  4.481263E-06  1.754694E-04  2.320743E-18 -6.116296E-18 -4.161597E-06
        19   8 -1.999980E-05  4.481263E-06  1.754694E-04 -1.144496E-17 -2.764067E-17 -4.161597E-06
        20   1 -1.999980E-05  1.182614E-05  6.162569E-05  8.613289E-19 -8.394373E-18 -2.527766E-05
        20   2 -1.999980E-05  1.182614E-05  6.162569E-05  8.398924E-18 -2.880299E-18 -2.527766E-05
        20   3 -1.999980E-05  1.182614E-05  1.754694E-04 -1.382345E-17 -1.239701E-17 -3.262418E-05
        20   4 -1.999980E-05  1.182614E-05  1.754694E-04 -6.284165E-18 -4.784027E-18 -3.262418E-05
        20   5 -1.999980E-05  4.481263E-06  6.162569E-05 -4.546011E-18 -1.076466E-17  3.181633E-06
        20   6 -1.999980E-05  4.481263E-06  6.162569E-05  4.057977E-18 -5.259055E-18  3.181633E-06
        20   7 -1.999980E-05  4.481263E-06  1.754694E-04 -3.933921E-18 -1.778944E-17 -4.161597E-06
        20   8 -1.999980E-05  4.481263E-06  1.754694E-04  4.673456E-18 -1.014936E-17 -4.161597E-06
        21   1 -1.999980E-05 -3.908586E-05  8.159857E-05 -2.111208E-19 -8.619587E-18 -2.180000E-05
        21   2 -1.999980E-05 -3.908586E-05  8.159857E-05 -8.139845E-19 -2.780576E-18 -2.180000E-05
        21   3 -1.999980E-05 -3.908586E-05  6.452019E-05 -1.866611E-19 -3.194562E-18 -5.470342E-05
        21   4 -1.999980E-05 -3.908586E-05  6.452019E-05 -7.895248E-19  2.999666E-18 -5.470342E-05
        21   5 -1.999980E-05 -7.198871E-05  8.159857E-05  4.136690E-18 -8.507449E-18 -2.607018E-05
        21   6 -1.999980E-05 -7.198871E-05  8.159857E-05  3.712547E-18 -2.668438E-18 -2.607018E-05
        21   7 -1.999980E-05 -7.198871E-05  6.452019E-05  1.586301E-17 -8.231088E-18 -5.897244E-05
        21   8 -1.999980E-05 -7.198871E-05  6.452019E-05  1.543887E-17 -2.035166E-18 -5.897244E-05
        22   1 -1.999980E-05 -3.908586E-05  8.159857E-05  1.793434E-19 -1.156058E-17 -2.180000E-05
        22   2 -1.999980E-05 -3.908586E-05  8.159857E-05 -1.042133E-17 -2.919513E-17 -2.180000E-05
        22   3 -1.999980E-05 -3.908586E-05  6.452019E-05  1.411475E-17 -8.184020E-18 -5.470342E-05
        22   4 -1.999980E-05 -3.908586E-05  6.452019E-05  3.516462E-18 -2.813718E-17 -5.470342E-05
        22   5 -1.999980E-05 -7.198871E-05  8.159857E-05 -3.575461E-18 -2.190689E-17 -2.607018E-05
        22   6 -1.999980E-05 -7.198871E-05  8.159857E-05 -1.533564E-17 -3.954346E-17 -2.607018E-05
        22   7 -1.999980E-05 -7.198871E-05  6.452019E-05  4.211765E-19 -1.416917E-17 -5.897244E-05
        22   8 -1.999980E-05 -7.198871E-05  6.452019E-05 -1.133964E-17 -3.411978E-17 -5.897244E-05
        23   1 -1.999980E-05 -3.908586E-05  8.159857E-05 -1.420826E-17 -1.892639E-17 -2.180000E-05
        23   2 -1.999980E-05 -3.908586E-05  8.159857E-05 -1.617768E-17  2.097180E-18 -2.180000E-05
        23   3 -1.999980E-05 -3.908586E-05  6.452019E-05  1.949245E-18 -4.392624E-18 -5.470342E-05
        23   4 -1.999980E-05 -3.908586E-05  6.452019E-05 -2.324391E-20  2.562393E-17 -5.470342E-05
        23   5 -1.999980E-05 -7.198871E-05  8.159857E-05 -1.131094E-17 -3.305411E-17 -2.607018E-05
        23   6 -1.999980E-05 -7.198871E-05  8.159857E-05 -8.791070E-18 -1.202546E-17 -2.607018E-05
        23   7 -1.999980E-05 -7.198871E-05  6.452019E-05  1.293215E-17 -1.050917E-17 -5.897244E-05
        23   8 -1.999980E-05 -7.198871E-05  6.452019E-05  1.545244E-17  1.950823E-17 -5.897244E-05
        24   1 -1.999980E-05 -3.908586E-05  8.159857E-05 -1.746433E-17  2.586345E-17 -2.180000E-05
        24   2 -1.999980E-05 -3.908586E-05  8.159857E-05 -2.275430E-18  3.820279E-18 -2.180000E-05
        24   3 -1.999980E-05 -3.908586E-05  6.452019E-05 -1.805097E-17  3.317402E-17 -5.470342E-05
        24   4 -1.999980E-05 -3.908586E-05  6.452019E-05 -2.862705E-18  1.467350E-17 -5.470342E-05
        24   5 -1.999980E-05 -7.198871E-05  8.159857E-05 -1.390506E-17  6.014903E-17 -2.607018E-05
        24   6 -1.999980E-05 -7.198871E-05  8.159857E-05  3.061521E-18  3.811983E-17 -2.607018E-05
        24   7 -1.999980E-05 -7.198871E-05  6.452019E-05 -2.313013E-17  3.809624E-17 -5.897244E-05
        24   8 -1.999980E-05 -7.198871E-05  6.452019E-05 -6.163548E-18  1.959572E-17 -5.897244E-05
        25   1 -1.999980E-05 -3.908586E-05  8.159857E-05  2.744686E-18 -3.437917E-17 -2.180000E-05
        25   2 -1.999980E-05 -3.908586E-05  8.159857E-05  3.707532E-18  8.567931E-18 -2.180000E-05
        25   3 -1.999980E-05 -3.908586E-05  6.452019E-05 -2.765395E-19 -2.369263E-17 -5.470342E-05
        25   4 -1.999980E-05 -3.908586E-05  6.452019E-05  6.799533E-19 -2.800394E-17 -5.470342E-05
        25   5 -1.999980E-05 -7.198871E-05  8.159857E-05  4.674016E-18 -4.370897E-17 -2.607018E-05
        25   6 -1.999980E-05 -7.198871E-05  8.159857E-05 -1.800653E-17 -7.508629E-19 -2.607018E-05
        25   7 -1.999980E-05 -7.198871E-05  6.452019E-05  5.573398E-18 -8.899152E-18 -5.897244E-05
        25   8 -1.999980E-05 -7.198871E-05  6.452019E-05 -1.711223E-17 -1.323757E-17 -5.897244E-05
        26   1 -1.999980E-05 -3.908586E-05  8.159857E-05  5.310626E-18  4.942926E-17 -2.180000E-05
        26   2 -1.999980E-05 -3.908586E-05  8.159857E-05  1.853720E-17  6.234835E-18 -2.180000E-05
        26   3 -1.999980E-05 -3.908586E-05  6.452019E-05 -7.477336E-18  8.096959E-19 -5.470342E-05
        26   4 -1.999980E-05 -3.908586E-05  6.452019E-05  5.749242E-18  4.282462E-18 -5.470342E-05
        26   5 -1.999980E-05 -7.198871E-05  8.159857E-05 -1.895974E-17  5.172981E-17 -2.607018E-05
        26   6 -1.999980E-05 -7.198871E-05  8.159857E-05  1.760594E-17  8.553165E-18 -2.607018E-05
        26   7 -1.999980E-05 -7.198871E-05  6.452019E-05 -3.449596E-17 -1.730663E-17 -5.897244E-05
        26   8 -1.999980E-05 -7.198871E-05  6.452019E-05  2.073107E-18 -1.379998E-17 -5.897244E-05
        27   1 -1.999980E-05 -3.908586E-05  8.159857E-05  1.427110E-17 -3.325928E-17 -2.180000E-05
        27   2 -1.999980E-05 -3.908586E-05  8.159857E-05 -5.365693E-18 -2.890477E-17 -2.180000E-05
        27   3 -1.999980E-05 -3.908586E-05  6.452019E-05 -3.734781E-18 -9.086664E-18 -5.470342E-05
        27   4 -1.999980E-05 -3.908586E-05  6.452019E-05 -2.335887E-17 -6.806497E-18 -5.470342E-05
        27   5 -1.999980E-05 -7.198871E-05  8.159857E-05  2.605879E-17 -2.748837E-17 -2.607018E-05
        27   6 -1.999980E-05 -7.198871E-05  8.159857E-05  5.433949E-18 -2.314234E-17 -2.607018E-05
        27   7 -1.999980E-05 -7.198871E-05  6.452019E-05  1.773021E-17 -1.849576E-19 -5.897244E-05
        27   8 -1.999980E-05 -7.198871E-05  6.452019E-05 -2.904793E-18  2.142642E-18 -5.897244E-05
        28   1 -1.999980E-05 -3.908586E-05  8.159857E-05  4.228728E-18 -1.475391E-17 -2.180000E-05
        28   2 -1.999980E-05 -3.908586E-05  8.159857E-05  1.686112E-17  9.099592E-19 -2.180000E-05
        28   3 -1.999980E-05 -3.908586E-05  6.452019E-05  1.944223E-17 -1.262166E-17 -5.470342E-05
        28   4 -1.999980E-05 -3.908586E-05  6.452019E-05  3.206827E-17 -1.293337E-17 -5.470342E-05
        28   5 -1.999980E-05 -7.198871E-05  8.159857E-05  4.857055E-18 -2.285054E-17 -2.607018E-05
        28   6 -1.999980E-05 -7.198871E-05  8.159857E-05  9.498702E-18 -7.157870E-18 -2.607018E-05
        28   7 -1.999980E-05 -7.198871E-05  6.452019E-05  1.093999E-17 -1.428422E-17 -5.897244E-05
        28   8 -1.999980E-05 -7.198871E-05  6.452019E-05  1.558164E-17 -1.456882E-17 -5.897244E-05
        29   1 -1.999980E-05 -3.908586E-05  8.159857E-05  1.263659E-17  1.998702E-17 -2.180000E-05
        29   2 -1.999980E-05 -3.908586E-05  8.159857E-05 -2.279784E-18  1.189971E-17 -2.180000E-05
        29   3 -1.999980E-05 -3.908586E-05  6.452019E-05  1.862882E-17  1.526333E-17 -5.470342E-05
        29   4 -1.999980E-05 -3.908586E-05  6.452019E-05  3.713719E-18  2.109757E-17 -5.470342E-05
        29   5 -1.999980E-05 -7.198871E-05  8.159857E-05  8.212575E-18  8.463257E-18 -2.607018E-05
        29   6 -1.999980E-05 -7.198871E-05  8.159857E-05  2.235200E-19  3.928888E-19 -2.607018E-05
        29   7 -1.999980E-05 -7.198871E-05  6.452019E-05  1.413443E-17  5.640844E-18 -5.897244E-05
        29   8 -1.999980E-05 -7.198871E-05  6.452019E-05  6.155544E-18  1.146493E-17 -5.897244E-05
        30   1 -1.999980E-05 -3.908586E-05  8.159857E-05 -7.226582E-18  6.871342E-19 -2.180000E-05
        30   2 -1.999980E-05 -3.908586E-05  8.159857E-05 -1.485508E-18  1.776397E-18 -2.180000E-05
        30   3 -1.999980E-05 -3.908586E-05  6.452019E-05 -5.564931E-18  6.138934E-18 -5.470342E-05
        30   4 -1.999980E-05 -3.908586E-05  6.452019E-05  1.710618E-19  1.310942E-18 -5.470342E-05
        30   5 -1.999980E-05 -7.198871E-05  8.159857E-05 -3.575603E-18  1.054486E-17 -2.607018E-05
        30   6 -1.999980E-05 -7.198871E-05  8.159857E-05 -7.652042E-19  1.157483E-17 -2.607018E-05
        30   7 -1.999980E-05 -7.198871E-05  6.452019E-05 -2.863077E-18  1.052358E-17 -5.897244E-05
        30   8 -1.999980E-05 -7.198871E-05  6.452019E-05 -4.928983E-20  5.749796E-18 -5.897244E-05
        31   1 -1.999980E-05 -3.425528E-05  9.070341E-05 -4.499228E-19 -4.732303E-18 -3.564135E-05
        31   2 -1.999980E-05 -3.425528E-05  9.070341E-05 -1.182863E-17  2.465427E-18 -3.564135E-05
        31   3 -1.999980E-05 -3.425528E-05  1.793444E-04  9.585024E-18 -1.434669E-17 -1.341268E-04
        31   4 -1.999980E-05 -3.425528E-05  1.793444E-04 -1.793683E-18 -4.763972E-18 -1.341268E-04
        31   5 -1.999980E-05 -1.327349E-04  9.070341E-05  1.558212E-17 -1.304059E-17 -1.348693E-05
        31   6 -1.999980E-05 -1.327349E-04  9.070341E-05  5.395903E-18 -5.843387E-18 -1.348693E-05
        31   7 -1.999980E-05 -1.327349E-04  1.793444E-04  1.285276E-17 -2.645574E-17 -1.119607E-04
        31   8 -1.999980E-05 -1.327349E-04  1.793444E-04  2.666548E-18 -1.687641E-17 -1.119607E-04
        32   1 -1.999980E-05 -3.425528E-05  9.070341E-05  1.394031E-18 -3.683089E-18 -3.564135E-05
        32   2 -1.999980E-05 -3.425528E-05  9.070341E-05 -3.877849E-18 -2.164068E-17 -3.564135E-05
        32   3 -1.999980E-05 -3.425528E-05  1.793444E-04 -1.633574E-18  5.221986E-18 -1.341268E-04
        32   4 -1.999980E-05 -3.425528E-05  1.793444E-04 -6.904555E-18 -4.939665E-18 -1.341268E-04
        32   5 -1.999980E-05 -1.327349E-04  9.070341E-05 -4.199277E-18 -4.084623E-18 -1.348693E-05
        32   6 -1.999980E-05 -1.327349E-04  9.070341E-05 -5.575043E-18 -2.204052E-17 -1.348693E-05
        32   7 -1.999980E-05 -1.327349E-04  1.793444E-04  1.497366E-17  1.571866E-17 -1.119607E-04
        32   8 -1.999980E-05 -1.327349E-04  1.793444E-04  1.359726E-17  5.559553E-18 -1.119607E-04
        33   1 -1.999980E-05 -3.425528E-05  9.070341E-05  1.811958E-18  2.268748E-18 -3.564135E-05
        33   2 -1.999980E-05 -3.425528E-05  9.070341E-05  9.503816E-18  2.524025E-17 -3.564135E-05
        33   3 -1.999980E-05 -3.425528E-05  1.793444E-04  1.379571E-18  5.947490E-18 -1.341268E-04
        33   4 -1.999980E-05 -3.425528E-05  1.793444E-04  9.072488E-18  7.086965E-19 -1.341268E-04
        33   5 -1.999980E-05 -1.327349E-04  9.070341E-05  1.190993E-17 -1.675749E-18 -1.348693E-05
        33   6 -1.999980E-05 -1.327349E-04  9.070341E-05  5.495899E-18  2.130337E-17 -1.348693E-05
        33   7 -1.999980E-05 -1.327349E-04  1.793444E-04 -9.135257E-18 -5.870878E-20 -1.119607E-04
        33   8 -1.999980E-05 -1.327349E-04  1.793444E-04 -1.554886E-17 -5.296656E-18 -1.119607E-04
        34   1 -1.999980E-05 -3.425528E-05  9.070341E-05 -8.448296E-18  2.442732E-17 -3.564135E-05
        34   2 -1.999980E-05 -3.425528E-05  9.070341E-05  3.915173E-18  1.607278E-17 -3.564135E-05
        34   3 -1.999980E-05 -3.425528E-05  1.793444E-04  1.240426E-18 -6.733860E-18 -1.341268E-04
        34   4 -1.999980E-05 -3.425528E-05  1.793444E-04  1.360665E-17  9.057906E-18 -1.341268E-04
        34   5 -1.999980E-05 -1.327349E-04  9.070341E-05 -2.549752E-17  2.234367E-17 -1.348693E-05
        34   6 -1.999980E-05 -1.327349E-04  9.070341E-05 -1.047559E-18  1.400141E-17 -1.348693E-05
        34   7 -1.999980E-05 -1.327349E-04  1.793444E-04  9.118052E-18  1.446020E-18 -1.119607E-04
        34   8 -1.999980E-05 -1.327349E-04  1.793444E-04  3.356463E-17  1.723779E-17 -1.119607E-04
        35   1 -1.999980E-05 -3.425528E-05  9.070341E-05 -4.771582E-18 -1.323534E-17 -3.564135E-05
        35   2 -1.999980E-05 -3.425528E-05  9.070341E-05 -3.217839E-19 -3.523235E-17 -3.564135E-05
        35   3 -1.999980E-05 -3.425528E-05  1.793444E-04 -2.413914E-17  4.673278E-18 -1.341268E-04
        35   4 -1.999980E-05 -3.425528E-05  1.793444E-04 -1.968384E-17 -1.832151E-17 -1.341268E-04
        35   5 -1.999980E-05 -1.327349E-04  9.070341E-05  4.358359E-18  9.962006E-19 -1.348693E-05
        35   6 -1.999980E-05 -1.327349E-04  9.070341E-05  8.317312E-18 -2.102325E-17 -1.348693E-05
        35   7 -1.999980E-05 -1.327349E-04  1.793444E-04 -2.257658E-17 -6.792856E-18 -1.119607E-04
        35   8 -1.999980E-05 -1.327349E-04  1.793444E-04 -1.861678E-17 -2.978765E-17 -1.119607E-04
        36   1 -1.999980E-05 -3.425528E-05  9.070341E-05 -7.369905E-18 -1.295076E-17 -3.564135E-05
        36   2 -1.999980E-05 -3.425528E-05  9.070341E-05 -7.997967E-18  4.608727E-18 -3.564135E-05
        36   3 -1.999980E-05 -3.425528E-05  1.793444E-04 -3.602679E-18 -1.887369E-18 -1.341268E-04
        36   4 -1.999980E-05 -3.425528E-05  1.793444E-04 -4.223542E-18  7.521284E-18 -1.341268E-04
        36   5 -1.999980E-05 -1.327349E-04  9.070341E-05 -9.179319E-18 -2.837744E-17 -1.348693E-05
        36   6 -1.999980E-05 -1.327349E-04  9.070341E-05 -1.390736E-17 -1.082049E-17 -1.348693E-05
        36   7 -1.999980E-05 -1.327349E-04  1.793444E-04 -5.352777E-18  1.039522E-17 -1.119607E-04
        36   8 -1.999980E-05 -1.327349E-04  1.793444E-04 -1.007743E-17  1.979709E-17 -1.119607E-04
        37   1 -1.999980E-05 -3.425528E-05  9.070341E-05 -3.802904E-18  3.307254E-19 -3.564135E-05
        37   2 -1.999980E-05 -3.425528E-05  9.070341E-05 -4.981950E-18  4.631026E-18 -3.564135E-05
        37   3 -1.999980E-05 -3.425528E-05  1.793444E-04  3.795320E-17  2.033917E-18 -1.341268E-04
        37   4 -1.999980E-05 -3.425528E-05  1.793444E-04  3.676822E-17  1.356011E-17 -1.341268E-04
        37   5 -1.999980E-05 -1.327349E-04  9.070341E-05 -3.869437E-19  9.567571E-18 -1.348693E-05
        37   6 -1.999980E-05 -1.327349E-04  9.070341E-05  2.069403E-18  1.384246E-17 -1.348693E-05
        37   7 -1.999980E-05 -1.327349E-04  1.793444E-04  8.634773E-18  8.893282E-18 -1.119607E-04
        37   8 -1.999980E-05 -1.327349E-04  1.793444E-04  1.108943E-17  2.045674E-17 -1.119607E-04
        38   1 -1.999980E-05 -3.425528E-05  9.070341E-05  2.483424E-17 -3.625275E-18 -3.564135E-05
        38   2 -1.999980E-05 -3.425528E-05  9.070341E-05  2.664855E-17 -9.146126E-18 -3.564135E-05
        38   3 -1.999980E-05 -3.425528E-05  1.793444E-04 -9.754868E-18  1.892828E-17 -1.341268E-04
        38   4 -1.999980E-05 -3.425528E-05  1.793444E-04 -7.950301E-18  1.498458E-17 -1.341268E-04
        38   5 -1.999980E-05 -1.327349E-04  9.070341E-05  2.143387E-17 -6.246566E-18 -1.348693E-05
        38   6 -1.999980E-05 -1.327349E-04  9.070341E-05  2.401557E-17 -1.186059E-17 -1.348693E-05
        38   7 -1.999980E-05 -1.327349E-04  1.793444E-04  1.002165E-17  7.156510E-18 -1.119607E-04
        38   8 -1.999980E-05 -1.327349E-04  1.793444E-04  1.260336E-17  3.185699E-18 -1.119607E-04
        39   1 -1.999980E-05 -3.425528E-05  9.070341E-05  1.449456E-17  2.822981E-18 -3.564135E-05
        39   2 -1.999980E-05 -3.425528E-05  9.070341E-05 -4.892793E-18  6.489714E-18 -3.564135E-05
        39   3 -1.999980E-05 -3.425528E-05  1.793444E-04  7.911347E-18 -2.645323E-17 -1.341268E-04
        39   4 -1.999980E-05 -3.425528E-05  1.793444E-04 -1.147134E-17 -4.234325E-17 -1.341268E-04
        39   5 -1.999980E-05 -1.327349E-04  9.070341E-05  1.849066E-17 -3.064912E-18 -1.348693E-05
        39   6 -1.999980E-05 -1.327349E-04  9.070341E-05 -1.070090E-17  6.492532E-19 -1.348693E-05
        39   7 -1.999980E-05 -1.327349E-04  1.793444E-04  1.930670E-17 -2.405105E-17 -1.119607E-04
        39   8 -1.999980E-05 -1.327349E-04  1.793444E-04 -9.867921E-18 -3.995123E-17 -1.119607E-04
        40   1 -1.999980E-05 -3.425528E-05  9.070341E-05 -9.853832E-18 -1.020451E-18 -3.564135E-05
        40   2 -1.999980E-05 -3.425528E-05  9.070341E-05  1.655422E-18 -2.888968E-18 -3.564135E-05
        40   3 -1.999980E-05 -3.425528E-05  1.793444E-04 -1.644523E-18 -2.604460E-17 -1.341268E-04
        40   4 -1.999980E-05 -3.425528E-05  1.793444E-04  9.869812E-18 -1.408812E-17 -1.341268E-04
        40   5 -1.999980E-05 -1.327349E-04  9.070341E-05 -1.896064E-17  4.898793E-19 -1.348693E-05
        40   6 -1.999980E-05 -1.327349E-04  9.070341E-05 -5.194071E-19 -1.388802E-18 -1.348693E-05
        40   7 -1.999980E-05 -1.327349E-04  1.793444E-04 -5.302885E-18 -2.714138E-17 -1.119607E-04
        40   8 -1.999980E-05 -1.327349E-04  1.793444E-04  1.314174E-17 -1.512730E-17 -1.119607E-04
        41   1  2.365431E-03 -4.236191E-04 -1.638199E-03  1.239766E-18  2.222506E-17 -6.847218E-05
        41   2  2.365431E-03 -4.236191E-04 -1.638199E-03  1.978657E-17  3.455171E-17 -6.847218E-05
        41   3  2.365431E-03 -4.236191E-04 -1.593682E-03 -1.395011E-17  1.407841E-17 -2.240426E-04
        41   4  2.365431E-03 -4.236191E-04 -1.593682E-03  4.596906E-18  2.094275E-17 -2.240426E-04
        41   5  2.365431E-03 -5.789360E-04 -1.638199E-03 -1.304631E-18  2.986397E-17 -5.759633E-05
        41   6  2.365431E-03 -5.789360E-04 -1.638199E-03  1.451213E-17  4.219061E-17 -5.759633E-05
        41   7  2.365431E-03 -5.789360E-04 -1.593682E-03 -2.058629E-17  3.600607E-17 -2.126597E-04
        41   8  2.365431E-03 -5.789360E-04 -1.593682E-03 -4.769532E-18  4.287040E-17 -2.126597E-04
        42   1  2.365431E-03 -4.236191E-04 -1.638199E-03  1.790939E-17 -2.166238E-17 -6.847218E-05
        42   2  2.365431E-03 -4.236191E-04 -1.638199E-03 -4.950213E-18 -4.298121E-17 -6.847218E-05
        42   3  2.365431E-03 -4.236191E-04 -1.593682E-03  1.862864E-18  1.801430E-18 -2.240426E-04
        42   4  2.365431E-03 -4.236191E-04 -1.593682E-03 -2.099610E-17  5.683681E-19 -2.240426E-04
        42   5  2.365431E-03 -5.789360E-04 -1.638199E-03  1.986144E-17 -2.364235E-17 -5.759633E-05
        42   6  2.365431E-03 -5.789360E-04 -1.638199E-03  7.042084E-18 -4.496012E-17 -5.759633E-05
        42   7  2.365431E-03 -5.789360E-04 -1.593682E-03  1.214219E-17 -7.207256E-18 -2.126597E-04
        42   8  2.365431E-03 -5.789360E-04 -1.593682E-03 -6.761122E-19 -8.440741E-18 -2.126597E-04
        43   1  2.365431E-03 -4.236191E-04 -1.638199E-03 -6.609730E-18 -3.673729E-17 -6.847218E-05
        43   2  2.365431E-03 -4.236191E-04 -1.638199E-03 -9.375357E-18 -6.755826E-17 -6.847218E-05
        43   3  2.365431E-03 -4.236191E-04 -1.593682E-03 -1.556211E-18 -1.767514E-17 -2.240426E-04
        43   4  2.365431E-03 -4.236191E-04 -1.593682E-03 -4.320780E-18 -5.128641E-17 -2.240426E-04
        43   5  2.365431E-03 -5.789360E-04 -1.638199E-03  2.370611E-18 -1.838351E-17 -5.759633E-05
        43   6  2.365431E-03 -5.789360E-04 -1.638199E-03 -1.792813E-18 -4.921273E-17 -5.759633E-05
        43   7  2.365431E-03 -5.789360E-04 -1.593682E-03 -1.265734E-18 -4.599330E-18 -2.126597E-04
        43   8  2.365431E-03 -5.789360E-04 -1.593682E-03 -5.428312E-18 -3.820975E-17 -2.126597E-04
        44   1  2.365431E-03 -4.236191E-04 -1.638199E-03 -1.117460E-17 -1.296350E-17 -6.847218E-05
        44   2  2.365431E-03 -4.236191E-04 -1.638199E-03  1.959862E-18  2.473396E-17 -6.847218E-05
        44   3  2.365431E-03 -4.236191E-04 -1.593682E-03 -2.145902E-17 -3.310466E-17 -2.240426E-04
        44   4  2.365431E-03 -4.236191E-04 -1.593682E-03 -8.323713E-18 -2.786968E-17 -2.240426E-04
        44   5  2.365431E-03 -5.789360E-04 -1.638199E-03 -2.298428E-18 -3.670403E-17 -5.759633E-05
        44   6  2.365431E-03 -5.789360E-04 -1.638199E-03 -5.381438E-18  9.802967E-19 -5.759633E-05
        44   7  2.365431E-03 -5.789360E-04 -1.593682E-03  2.462383E-20 -4.380419E-17 -2.126597E-04
        44   8  2.365431E-03 -5.789360E-04 -1.593682E-03 -3.058386E-18 -3.855565E-17 -2.126597E-04
        45   1  2.365431E-03 -4.236191E-04 -1.638199E-03  6.893530E-18 -5.173319E-18 -6.847218E-05
        45   2  2.365431E-03 -4.236191E-04 -1.638199E-03 -1.093437E-17  2.532059E-17 -6.847218E-05
        45   3  2.365431E-03 -4.236191E-04 -1.593682E-03  1.476324E-17 -2.958963E-18 -2.240426E-04
        45   4  2.365431E-03 -4.236191E-04 -1.593682E-03 -3.061907E-18  4.730455E-17 -2.240426E-04
        45   5  2.365431E-03 -5.789360E-04 -1.638199E-03 -8.646487E-18  1.377996E-17 -5.759633E-05
        45   6  2.365431E-03 -5.789360E-04 -1.638199E-03 -1.659551E-17  4.426793E-17 -5.759633E-05
        45   7  2.365431E-03 -5.789360E-04 -1.593682E-03 -4.288943E-18  4.370638E-18 -2.126597E-04
        45   8  2.365431E-03 -5.789360E-04 -1.593682E-03 -1.222950E-17  5.463416E-17 -2.126597E-04
        46   1  2.365431E-03 -4.236191E-04 -1.638199E-03 -1.275578E-17  5.179258E-17 -6.847218E-05
        46   2  2.365431E-03 -4.236191E-04 -1.638199E-03  1.430727E-17  2.934416E-17 -6.847218E-05
        46   3  2.365431E-03 -4.236191E-04 -1.593682E-03 -1.908344E-17  2.967452E-17 -2.240426E-04
        46   4  2.365431E-03 -4.236191E-04 -1.593682E-03  7.979601E-18  2.556947E-17 -2.240426E-04
        46   5  2.365431E-03 -5.789360E-04 -1.638199E-03 -1.111910E-17  5.747260E-17 -5.759633E-05
        46   6  2.365431E-03 -5.789360E-04 -1.638199E-03  2.510038E-17  3.504197E-17 -5.759633E-05
        46   7  2.365431E-03 -5.789360E-04 -1.593682E-03 -1.991130E-17  3.984733E-17 -2.126597E-04
        46   8  2.365431E-03 -5.789360E-04 -1.593682E-03  1.631834E-17  3.573550E-17 -2.126597E-04
        47   1  2.365431E-03 -4.236191E-04 -1.638199E-03  1.925010E-17 -4.213850E-19 -6.847218E-05
        47   2  2.365431E-03 -4.236191E-04 -1.638199E-03 -2.071533E-18  1.390721E-17 -6.847218E-05
        47   3  2.365431E-03 -4.236191E-04 -1.593682E-03  2.074635E-17  1.951248E-17 -2.240426E-04
        47   4  2.365431E-03 -4.236191E-04 -1.593682E-03 -5.642774E-19 -4.219131E-18 -2.240426E-04
        47   5  2.365431E-03 -5.789360E-04 -1.638199E-03  2.380868E-17 -1.477828E-17 -5.759633E-05
        47   6  2.365431E-03 -5.789360E-04 -1.638199E-03 -1.654008E-17 -4.607026E-19 -5.759633E-05
        47   7  2.365431E-03 -5.789360E-04 -1.593682E-03  1.549692E-17  7.828128E-19 -2.126597E-04
        47   8  2.365431E-03 -5.789360E-04 -1.593682E-03 -2.485354E-17 -2.299284E-17 -2.126597E-04
        48   1  2.365431E-03 -4.236191E-04 -1.638199E-03 -4.651639E-18  5.209617E-17 -6.847218E-05
        48   2  2.365431E-03 -4.236191E-04 -1.638199E-03  2.523030E-18  2.619374E-17 -6.847218E-05
        48   3  2.365431E-03 -4.236191E-04 -1.593682E-03  3.912072E-18  3.061978E-17 -2.240426E-04
        48   4  2.365431E-03 -4.236191E-04 -1.593682E-03  1.109140E-17  2.171443E-17 -2.240426E-04
        48   5  2.365431E-03 -5.789360E-04 -1.638199E-03 -1.936256E-17  5.695632E-17 -5.759633E-05
        48   6  2.365431E-03 -5.789360E-04 -1.638199E-03 -3.721538E-18  3.103864E-17 -5.759633E-05
        48   7  2.365431E-03 -5.789360E-04 -1.593682E-03 -1.063764E-17  3.541680E-17 -2.126597E-04
        48   8  2.365431E-03 -5.789360E-04 -1.593682E-03  5.015246E-18  2.651145E-17 -2.126597E-04
        49   1  2.365431E-03 -4.236191E-04 -1.638199E-03  2.666851E-18 -4.273214E-17 -6.847218E-05
        49   2  2.365431E-03 -4.236191E-04 -1.638199E-03 -3.082624E-18 -6.832189E-17 -6.847218E-05
        49   3  2.365431E-03 -4.236191E-04 -1.593682E-03  1.011689E-17 -4.136239E-17 -2.240426E-04
        49   4  2.365431E-03 -4.236191E-04 -1.593682E-03  4.371226E-18 -5.762941E-17 -2.240426E-04
        49   5  2.365431E-03 -5.789360E-04 -1.638199E-03  2.616643E-18 -4.501034E-17 -5.759633E-05
        49   6  2.365431E-03 -5.789360E-04 -1.638199E-03  1.542084E-18 -7.063735E-17 -5.759633E-05
        49   7  2.365431E-03 -5.789360E-04 -1.593682E-03  1.406796E-17 -4.652504E-17 -2.126597E-04
        49   8  2.365431E-03 -5.789360E-04 -1.593682E-03  1.301034E-17 -6.274802E-17 -2.126597E-04
        50   1  2.365431E-03 -4.236191E-04 -1.638199E-03 -4.059444E-18 -3.300580E-17 -6.847218E-05
        50   2  2.365431E-03 -4.236191E-04 -1.638199E-03  5.078542E-19 -1.805035E-18 -6.847218E-05
        50   3  2.365431E-03 -4.236191E-04 -1.593682E-03  1.882192E-18 -2.212752E-17 -2.240426E-04
        50   4  2.365431E-03 -4.236191E-04 -1.593682E-03  6.438479E-18  3.363431E-18 -2.240426E-04
        50   5  2.365431E-03 -5.789360E-04 -1.638199E-03  1.800603E-18 -2.046632E-17 -5.759633E-05
        50   6  2.365431E-03 -5.789360E-04 -1.638199E-03  3.535864E-18  1.072258E-17 -5.759633E-05
        50   7  2.365431E-03 -5.789360E-04 -1.593682E-03  1.314926E-17 -1.805236E-17 -2.126597E-04
        50   8  2.365431E-03 -5.789360E-04 -1.593682E-03  1.487435E-17  7.438593E-18 -2.126597E-04
        51   1  2.365431E-03 -5.365608E-04 -1.544248E-03 -7.417592E-18  5.725405E-18 -2.597150E-04
        51   2  2.365431E-03 -5.365608E-04 -1.544248E-03  2.032397E-17  3.838508E-18 -2.597150E-04
        51   3  2.365431E-03 -5.365608E-04 -1.452971E-03  1.634430E-17 -9.155061E-18 -4.922670E-04
        51   4  2.365431E-03 -5.365608E-04 -1.452971E-03  4.408587E-17 -2.949053E-17 -4.922670E-04
        51   5  2.365431E-03 -7.687244E-04 -1.544248E-03 -1.454574E-17  2.820601E-17 -2.372842E-04
        51   6  2.365431E-03 -7.687244E-04 -1.544248E-03  3.972753E-18  2.631975E-17 -2.372842E-04
        51   7  2.365431E-03 -7.687244E-04 -1.452971E-03  1.867846E-17  4.757127E-19 -4.690595E-04
        51   8  2.365431E-03 -7.687244E-04 -1.452971E-03  3.719696E-17 -1.985807E-17 -4.690595E-04
        52   1  2.365431E-03 -5.365608E-04 -1.544248E-03  5.307118E-18  2.267739E-18 -2.597150E-04
        52   2  2.365431E-03 -5.365608E-04 -1.544248E-03 -2.811383E-17  1.093965E-17 -2.597150E-04
        52   3  2.365431E-03 -5.365608E-04 -1.452971E-03 -2.959454E-18 -2.055235E-17 -4.922670E-04
        52   4  2.365431E-03 -5.365608E-04 -1.452971E-03 -3.638040E-17 -4.894831E-18 -4.922670E-04
        52   5  2.365431E-03 -7.687244E-04 -1.544248E-03  9.116611E-19 -1.038470E-17 -2.372842E-04
        52   6  2.365431E-03 -7.687244E-04 -1.544248E-03 -2.901627E-17 -1.710251E-18 -2.372842E-04
        52   7  2.365431E-03 -7.687244E-04 -1.452971E-03 -1.773008E-17 -3.521154E-17 -4.690595E-04
        52   8  2.365431E-03 -7.687244E-04 -1.452971E-03 -4.765695E-17 -1.955445E-17 -4.690595E-04
        53   1  2.365431E-03 -5.365608E-04 -1.544248E-03 -4.745759E-18 -8.161703E-18 -2.597150E-04
        53   2  2.365431E-03 -5.365608E-04 -1.544248E-03 -1.374973E-17 -3.888580E-17 -2.597150E-04
        53   3  2.365431E-03 -5.365608E-04 -1.452971E-03 -5.744411E-18 -1.329116E-18 -4.922670E-04
        53   4  2.365431E-03 -5.365608E-04 -1.452971E-03 -1.474743E-17 -2.134048E-17 -4.922670E-04
        53   5  2.365431E-03 -7.687244E-04 -1.544248E-03 -1.647306E-17  3.356844E-18 -2.372842E-04
        53   6  2.365431E-03 -7.687244E-04 -1.544248E-03 -2.012152E-17 -2.735878E-17 -2.372842E-04
        53   7  2.365431E-03 -7.687244E-04 -1.452971E-03  1.362877E-17  1.079580E-17 -4.690595E-04
        53   8  2.365431E-03 -7.687244E-04 -1.452971E-03  9.980746E-18 -9.221499E-18 -4.690595E-04
        54   1  2.365431E-03 -5.365608E-04 -1.544248E-03 -2.979782E-17 -3.269955E-17 -2.597150E-04
        54   2  2.365431E-03 -5.365608E-04 -1.544248E-03 -1.147995E-17 -3.437809E-17 -2.597150E-04
        54   3  2.365431E-03 -5.365608E-04 -1.452971E-03 -1.142320E-17 -1.169372E-17 -4.922670E-04
        54   4  2.365431E-03 -5.365608E-04 -1.452971E-03  6.903136E-18  2.043058E-19 -4.922670E-04
        54   5  2.365431E-03 -7.687244E-04 -1.544248E-03 -1.988796E-17 -4.004576E-17 -2.372842E-04
        54   6  2.365431E-03 -7.687244E-04 -1.544248E-03  5.233867E-18 -4.172049E-17 -2.372842E-04
        54   7  2.365431E-03 -7.687244E-04 -1.452971E-03 -3.887332E-17 -2.230356E-17 -4.690595E-04
        54   8  2.365431E-03 -7.687244E-04 -1.452971E-03 -1.375150E-17 -1.039876E-17 -4.690595E-04
        55   1  2.365431E-03 -5.365608E-04 -1.544248E-03  1.319622E-17 -9.657647E-18 -2.597150E-04
        55   2  2.365431E-03 -5.365608E-04 -1.544248E-03  1.167219E-17  4.417372E-17 -2.597150E-04
        55   3  2.365431E-03 -5.365608E-04 -1.452971E-03 -4.129891E-18 -2.976391E-17 -4.922670E-04
        55   4  2.365431E-03 -5.365608E-04 -1.452971E-03 -5.657944E-18  1.411527E-17 -4.922670E-04
        55   5  2.365431E-03 -7.687244E-04 -1.544248E-03  1.769503E-17 -3.215306E-19 -2.372842E-04
        55   6  2.365431E-03 -7.687244E-04 -1.544248E-03  1.119428E-17  5.349543E-17 -2.372842E-04
        55   7  2.365431E-03 -7.687244E-04 -1.452971E-03  3.912888E-18 -3.081703E-18 -4.690595E-04
        55   8  2.365431E-03 -7.687244E-04 -1.452971E-03 -2.579395E-18  4.079748E-17 -4.690595E-04
        56   1  2.365431E-03 -5.365608E-04 -1.544248E-03 -1.034416E-17  2.956168E-17 -2.597150E-04
        56   2  2.365431E-03 -5.365608E-04 -1.544248E-03 -1.435154E-17  2.145940E-17 -2.597150E-04
        56   3  2.365431E-03 -5.365608E-04 -1.452971E-03 -1.446530E-17  5.171940E-17 -4.922670E-04
        56   4  2.365431E-03 -5.365608E-04 -1.452971E-03 -1.847099E-17  1.437982E-17 -4.922670E-04
        56   5  2.365431E-03 -7.687244E-04 -1.544248E-03 -1.440914E-17  3.401080E-17 -2.372842E-04
        56   6  2.365431E-03 -7.687244E-04 -1.544248E-03 -3.303136E-17  2.592293E-17 -2.372842E-04
        56   7  2.365431E-03 -7.687244E-04 -1.452971E-03 -1.015189E-17  3.614902E-17 -4.690595E-04
        56   8  2.365431E-03 -7.687244E-04 -1.452971E-03 -2.878427E-17 -1.197330E-18 -4.690595E-04
        57   1  2.365431E-03 -5.365608E-04 -1.544248E-03  6.195210E-18  2.192136E-17 -2.597150E-04
        57   2  2.365431E-03 -5.365608E-04 -1.544248E-03  1.533288E-17 -9.142389E-21 -2.597150E-04
        57   3  2.365431E-03 -5.365608E-04 -1.452971E-03  1.606528E-17  8.554394E-18 -4.922670E-04
        57   4  2.365431E-03 -5.365608E-04 -1.452971E-03  2.520887E-17  2.965162E-17 -4.922670E-04
        57   5  2.365431E-03 -7.687244E-04 -1.544248E-03 -2.394207E-17  4.535280E-18 -2.372842E-04
        57   6  2.365431E-03 -7.687244E-04 -1.544248E-03  6.702692E-18 -1.737913E-17 -2.372842E-04
        57   7  2.365431E-03 -7.687244E-04 -1.452971E-03 -9.808396E-18 -1.218819E-18 -4.690595E-04
        57   8  2.365431E-03 -7.687244E-04 -1.452971E-03  2.084653E-17  1.984453E-17 -4.690595E-04
        58   1  2.365431E-03 -5.365608E-04 -1.544248E-03  2.809823E-17  8.493768E-18 -2.597150E-04
        58   2  2.365431E-03 -5.365608E-04 -1.544248E-03  2.654640E-17 -8.162431E-18 -2.597150E-04
        58   3  2.365431E-03 -5.365608E-04 -1.452971E-03  3.126056E-17 -3.013450E-17 -4.922670E-04
        58   4  2.365431E-03 -5.365608E-04 -1.452971E-03  2.971170E-17 -8.483702E-17 -4.922670E-04
        58   5  2.365431E-03 -7.687244E-04 -1.544248E-03  4.000930E-17  1.283039E-17 -2.372842E-04
        58   6  2.365431E-03 -7.687244E-04 -1.544248E-03  1.944279E-17 -3.820726E-18 -2.372842E-04
        58   7  2.365431E-03 -7.687244E-04 -1.452971E-03  5.459704E-17 -2.788467E-17 -4.690595E-04
        58   8  2.365431E-03 -7.687244E-04 -1.452971E-03  3.403052E-17 -8.257702E-17 -4.690595E-04
        59   1  2.365431E-03 -5.365608E-04 -1.544248E-03  1.336096E-17 -3.863168E-17 -2.597150E-04
        59   2  2.365431E-03 -5.365608E-04 -1.544248E-03 -1.654935E-17 -2.789251E-17 -2.597150E-04
        59   3  2.365431E-03 -5.365608E-04 -1.452971E-03  1.757048E-17 -3.205227E-17 -4.922670E-04
        59   4  2.365431E-03 -5.365608E-04 -1.452971E-03 -1.233093E-17  4.311559E-17 -4.922670E-04
        59   5  2.365431E-03 -7.687244E-04 -1.544248E-03  7.169704E-18 -4.166091E-17 -2.372842E-04
        59   6  2.365431E-03 -7.687244E-04 -1.544248E-03  9.462309E-18 -3.090820E-17 -2.372842E-04
        59   7  2.365431E-03 -7.687244E-04 -1.452971E-03 -5.993876E-18 -2.724223E-17 -4.690595E-04
        59   8  2.365431E-03 -7.687244E-04 -1.452971E-03 -3.684330E-18  4.794257E-17 -4.690595E-04
        60   1  2.365431E-03 -5.365608E-04 -1.544248E-03 -2.195347E-17  2.038704E-18 -2.597150E-04
        60   2  2.365431E-03 -5.365608E-04 -1.544248E-03  2.209024E-18  9.752233E-18 -2.597150E-04
        60   3  2.365431E-03 -5.365608E-04 -1.452971E-03 -1.990548E-17  5.708625E-17 -4.922670E-04
        60   4  2.365431E-03 -5.365608E-04 -1.452971E-03  4.261253E-18  2.178299E-17 -4.922670E-04
        60   5  2.365431E-03 -7.687244E-04 -1.544248E-03  1.585248E-17  2.658463E-18 -2.372842E-04
        60   6  2.365431E-03 -7.687244E-04 -1.544248E-03  1.852606E-17  1.037030E-17 -2.372842E-04
        60   7  2.365431E-03 -7.687244E-04 -1.452971E-03  1.500366E-17  5.599720E-17 -4.690595E-04
        60   8  2.365431E-03 -7.687244E-04 -1.452971E-03  1.768063E-17  2.066683E-17 -4.690595E-04

                        S T E P       8


                                INCREMENT     6


 displacements (vx,vy,vz) for set ALLN and time  0.8000000E+01

         1  0.000000E+00  0.000000E+00  0.000000E+00
         2 -3.373044E-18  0.000000E+00  0.000000E+00
         3  1.144647E-17  0.000000E+00  0.000000E+00
         4  3.812150E-17  0.000000E+00  0.000000E+00
         5  7.210897E-18  0.000000E+00  0.000000E+00
         6 -5.900986E-17  0.000000E+00  0.000000E+00
         7 -8.454965E-17  0.000000E+00  0.000000E+00
         8 -2.664433E-17  0.000000E+00  0.000000E+00
         9 -2.705919E-17  0.000000E+00  0.000000E+00
        10  1.510008E-17  0.000000E+00  0.000000E+00
        11  0.000000E+00  0.000000E+00  0.000000E+00
        12  0.000000E+00  2.872830E-07  0.000000E+00
        13 -4.364045E-18  2.872830E-07  0.000000E+00
        14 -1.577529E-17  2.872830E-07  0.000000E+00
        15  2.528975E-17  2.872830E-07  0.000000E+00
        16 -1.176195E-18  2.872830E-07  0.000000E+00
        17 -4.209367E-17  2.872830E-07  0.000000E+00
        18 -4.546098E-17  2.872830E-07  0.000000E+00
        19 -3.998632E-17  2.872830E-07  0.000000E+00
        20 -1.293353E-17  2.872830E-07  0.000000E+00
        21  3.214347E-17  2.872830E-07  0.000000E+00
        22  0.000000E+00  2.872830E-07  0.000000E+00
        23  0.000000E+00  9.131413E-06  0.000000E+00
        24 -4.872539E-17  9.131413E-06  0.000000E+00
        25 -5.705365E-17  9.131413E-06  0.000000E+00
        26 -1.827187E-17  9.131413E-06  0.000000E+00
        27 -1.465422E-17  9.131413E-06  0.000000E+00
        28 -1.598363E-17  9.131413E-06  0.000000E+00
        29  1.613367E-17  9.131413E-06  0.000000E+00
        30 -8.019809E-17  9.131413E-06  0.000000E+00
        31  4.092396E-17  9.131413E-06  0.000000E+00
        32  1.164534E-17  9.131413E-06  0.000000E+00
        33  0.000000E+00  9.131413E-06  0.000000E+00
        34  0.000000E+00  0.000000E+00  2.354807E-05
        35 -3.951288E-17  0.000000E+00  2.354807E-05
        36 -9.324567E-20  0.000000E+00  2.354807E-05
        37  4.313760E-17  0.000000E+00  2.354807E-05
        38  1.221441E-17  0.000000E+00  2.354807E-05
        39 -6.989606E-17  0.000000E+00  2.354807E-05
        40 -7.578074E-17  0.000000E+00  2.354807E-05
        41 -3.255628E-17  0.000000E+00  2.354807E-05
        42 -1.583354E-17  0.000000E+00  2.354807E-05
        43  4.679889E-18  0.000000E+00  2.354807E-05
        44  0.000000E+00  0.000000E+00  2.354807E-05
        45  0.000000E+00 -3.276932E-05  7.159804E-06
        46 -4.480331E-17 -3.276932E-05  7.159804E-06
        47  1.687416E-17 -3.276932E-05  7.159804E-06
        48  2.138292E-17 -3.276932E-05  7.159804E-06
        49 -1.534849E-18 -3.276932E-05  7.159804E-06
        50 -6.098884E-17 -3.276932E-05  7.159804E-06
        51 -5.659483E-17 -3.276932E-05  7.159804E-06
        52 -2.131050E-17 -3.276932E-05  7.159804E-06
        53 -7.128022E-18 -3.276932E-05  7.159804E-06
        54  9.918918E-19 -3.276932E-05  7.159804E-06
        55  0.000000E+00 -3.276932E-05  7.159804E-06
        56  0.000000E+00 -3.667076E-05  1.058815E-04
        57 -6.621785E-17 -3.667076E-05  1.058815E-04
        58 -5.994217E-17 -3.667076E-05  1.058815E-04
        59 -1.832513E-17 -3.667076E-05  1.058815E-04
        60  1.262666E-17 -3.667076E-05  1.058815E-04
        61 -3.845391E-17 -3.667076E-05  1.058815E-04
        62 -3.752641E-18 -3.667076E-05  1.058815E-04
        63  5.460047E-18 -3.667076E-05  1.058815E-04
        64 -2.693570E-17 -3.667076E-05  1.058815E-04
        65 -2.675186E-18 -3.667076E-05  1.058815E-04
        66  0.000000E+00 -3.667076E-05  1.058815E-04
        67  0.000000E+00  0.000000E+00  6.468343E-05
        68 -3.538115E-17  0.000000E+00  6.468343E-05
        69  1.385964E-17  0.000000E+00  6.468343E-05
        70  3.662653E-17  0.000000E+00  6.468343E-05
        71 -1.171799E-18  0.000000E+00  6.468343E-05
        72 -5.484918E-17  0.000000E+00  6.468343E-05
        73 -8.645160E-17  0.000000E+00  6.468343E-05
        74 -5.189324E-17  0.000000E+00  6.468343E-05
        75  2.672123E-17  0.000000E+00  6.468343E-05
        76 -3.764728E-17  0.000000E+00  6.468343E-05
        77  0.000000E+00  0.000000E+00  6.468343E-05
        78  0.000000E+00 -8.987545E-05  3.350452E-05
        79 -4.551241E-17 -8.987545E-05  3.350452E-05
        80 -1.086308E-18 -8.987545E-05  3.350452E-05
        81  2.549815E-17 -8.987545E-05  3.350452E-05
        82 -1.081145E-17 -8.987545E-05  3.350452E-05
        83 -6.194572E-17 -8.987545E-05  3.350452E-05
        84 -6.057513E-17 -8.987545E-05  3.350452E-05
        85 -3.239827E-17 -8.987545E-05  3.350452E-05
        86  1.966861E-17 -8.987545E-05  3.350452E-05
        87 -2.204614E-17 -8.987545E-05  3.350452E-05
        88  0.000000E+00 -8.987545E-05  3.350452E-05
        89  0.000000E+00 -2.645777E-04  2.090285E-04
        90 -9.762673E-17 -2.645777E-04  2.090285E-04
        91 -9.377630E-18 -2.645777E-04  2.090285E-04
        92 -5.079482E-17 -2.645777E-04  2.090285E-04
        93  4.387116E-17 -2.645777E-04  2.090285E-04
        94 -5.565156E-17 -2.645777E-04  2.090285E-04
        95 -2.998573E-17 -2.645777E-04  2.090285E-04
        96  3.685982E-17 -2.645777E-04  2.090285E-04
        97 -3.622885E-17 -2.645777E-04  2.090285E-04
        98 -4.831227E-17 -2.645777E-04  2.090285E-04
        99  0.000000E+00 -2.645777E-04  2.090285E-04
       100  0.000000E+00  0.000000E+00 -4.637629E-03
       101  7.668408E-18  0.000000E+00 -4.637629E-03
       102  2.902460E-17  0.000000E+00 -4.637629E-03
       103  3.438045E-17  0.000000E+00 -4.637629E-03
       104  6.685001E-18  0.000000E+00 -4.637629E-03
       105  4.987663E-17  0.000000E+00 -4.637629E-03
       106 -2.299175E-17  0.000000E+00 -4.637629E-03
       107  3.696562E-17  0.000000E+00 -4.637629E-03
       108  1.348614E-17  0.000000E+00 -4.637629E-03
       109  6.198324E-17  0.000000E+00 -4.637629E-03
       110  0.000000E+00  0.000000E+00 -4.637629E-03
       111  0.000000E+00 -3.031615E-03 -4.631405E-03
       112  9.227789E-17 -3.031615E-03 -4.631405E-03
       113  5.317701E-17 -3.031615E-03 -4.631405E-03
       114  5.549566E-17 -3.031615E-03 -4.631405E-03
       115  5.823254E-18 -3.031615E-03 -4.631405E-03
       116 -3.568296E-18 -3.031615E-03 -4.631405E-03
       117  7.718006E-17 -3.031615E-03 -4.631405E-03
       118 -6.373672E-18 -3.031615E-03 -4.631405E-03
       119  2.699093E-17 -3.031615E-03 -4.631405E-03
       120 -9.285705E-18 -3.031615E-03 -4.631405E-03
       121  0.000000E+00 -3.031615E-03 -4.631405E-03
       122  0.000000E+00 -6.281951E-03 -4.382271E-03
       123  1.067651E-16 -6.281951E-03 -4.382271E-03
       124  2.649520E-17 -6.281951E-03 -4.382271E-03
       125  2.711144E-17 -6.281951E-03 -4.382271E-03
       126  1.485509E-17 -6.281951E-03 -4.382271E-03
       127  1.891982E-17 -6.281951E-03 -4.382271E-03
       128  3.610980E-17 -6.281951E-03 -4.382271E-03
       129  7.526321E-17 -6.281951E-03 -4.382271E-03
       130 -4.216443E-18 -6.281951E-03 -4.382271E-03
       131 -3.840267E-17 -6.281951E-03 -4.382271E-03
       132  0.000000E+00 -6.281951E-03 -4.382271E-03
       133  0.000000E+00  0.000000E+00 -6.559534E-03
       134  7.300672E-17  0.000000E+00 -6.559534E-03
       135  2.519188E-17  0.000000E+00 -6.559534E-03
       136  9.642501E-18  0.000000E+00 -6.559534E-03
       137  1.007926E-16  0.000000E+00 -6.559534E-03
       138  7.288376E-17  0.000000E+00 -6.559534E-03
       139  2.934472E-17  0.000000E+00 -6.559534E-03
       140  6.160793E-17  0.000000E+00 -6.559534E-03
       141  9.750079E-18  0.000000E+00 -6.559534E-03
       142  5.143273E-17  0.000000E+00 -6.559534E-03
       143  0.000000E+00  0.000000E+00 -6.559534E-03
       144  0.000000E+00 -3.288819E-03 -6.486741E-03
       145  2.418937E-17 -3.288819E-03 -6.486741E-03
       146  1.172621E-16 -3.288819E-03 -6.486741E-03
       147  5.967758E-17 -3.288819E-03 -6.486741E-03
       148  5.153469E-17 -3.288819E-03 -6.486741E-03
       149  6.760994E-17 -3.288819E-03 -6.486741E-03
       150  8.028410E-17 -3.288819E-03 -6.486741E-03
       151  3.740552E-17 -3.288819E-03 -6.486741E-03
       152  4.940037E-17 -3.288819E-03 -6.486741E-03
       153  4.531643E-18 -3.288819E-03 -6.486741E-03
       154  0.000000E+00 -3.288819E-03 -6.486741E-03
       155  0.000000E+00 -6.676059E-03 -6.116487E-03
       156  1.142650E-16 -6.676059E-03 -6.116487E-03
       157  1.490269E-16 -6.676059E-03 -6.116487E-03
       158  9.507980E-17 -6.676059E-03 -6.116487E-03
       159  9.271074E-18 -6.676059E-03 -6.116487E-03
       160  2.248476E-17 -6.676059E-03 -6.116487E-03
       161  9.654924E-17 -6.676059E-03 -6.116487E-03
       162  1.121198E-16 -6.676059E-03 -6.116487E-03
       163 -2.306003E-18 -6.676059E-03 -6.116487E-03
       164 -4.863157E-17 -6.676059E-03 -6.116487E-03
       165  0.000000E+00 -6.676059E-03 -6.116487E-03

 forces (fx,fy,fz) for set ALLN and time  0.8000000E+01

         1 -4.028133E+00  2.348578E+00  2.457176E+00
         2  2.468702E-12  4.697156E+00  4.914352E+00
         3  2.092314E-13  4.697156E+00  4.914352E+00
         4 -4.148339E-13  4.697156E+00  4.914352E+00
         5  1.670694E-13  4.697156E+00  4.914352E+00
         6  1.202253E-12  4.697156E+00  4.914352E+00
         7 -2.863884E-12  4.697156E+00  4.914352E+00
         8 -2.475778E-13  4.697156E+00  4.914352E+00
         9  6.364442E-13  4.697156E+00  4.914352E+00
        10  8.532399E-14  4.697156E+00  4.914352E+00
        11  4.028133E+00  2.348578E+00  2.457176E+00
        12 -8.567273E+00  1.634950E-12  2.146040E+00
        13  5.023665E-12  1.341801E-12  4.292081E+00
        14 -2.167695E-12 -2.331385E-12  4.292081E+00
        15 -3.970444E-13 -2.285839E-13  4.292081E+00
        16  5.274648E-12  4.061343E-12  4.292081E+00
        17 -1.228174E-12  9.949607E-12  4.292081E+00
        18 -4.170216E-12  9.260030E-12  4.292081E+00
        19 -9.857102E-13  3.871645E-12  4.292081E+00
        20  2.426477E-12  6.717102E-12  4.292081E+00
        21  9.585115E-13  1.338903E-11  4.292081E+00
        22  8.567273E+00  7.403150E-12  2.146040E+00
        23 -5.349923E+00  1.855377E-12 -4.603217E+00
        24  1.963472E-12  1.475840E-12 -9.206433E+00
        25 -2.135741E-12  4.414777E-12 -9.206433E+00
        26  7.299997E-13  3.008062E-12 -9.206433E+00
        27  2.859375E-13 -9.508683E-14 -9.206433E+00
        28  1.530483E-12 -7.493606E-12 -9.206433E+00
        29  2.508597E-12 -5.145685E-12 -9.206433E+00
        30 -5.320761E-12  2.312214E-12 -9.206433E+00
        31  2.181411E-12 -1.105203E-12 -9.206433E+00
        32  1.995258E-12 -9.715402E-12 -9.206433E+00
        33  5.349923E+00 -4.989387E-12 -4.603217E+00
        34 -7.888709E+00  5.245200E+00  5.643610E-12
        35  8.988192E-13  1.049040E+01  1.389656E-11
        36 -2.181270E-12  1.049040E+01 -1.987194E-12
        37 -1.651465E-12  1.049040E+01  2.214030E-12
        38  1.186048E-12  1.049040E+01  4.744165E-12
        39 -8.521407E-13  1.049040E+01  6.940482E-14
        40  2.932665E-13  1.049040E+01 -7.045587E-13
        41  6.289030E-13  1.049040E+01  2.463190E-12
        42 -3.654530E-14  1.049040E+01  2.283674E-12
        43  5.378664E-13  1.049040E+01  3.351231E-12
        44  7.888709E+00  5.245200E+00  1.832640E-12
        45 -1.649320E+01 -1.500647E-12 -4.934466E-12
        46  3.734221E-12 -6.422092E-13 -1.263808E-11
        47  2.789806E-12  2.986999E-12  3.111879E-12
        48 -8.308280E-13 -4.530190E-13  3.319610E-11
        49  9.572394E-12 -1.060782E-12  3.161710E-12
        50 -1.229748E-11  4.875622E-12 -2.072293E-11
        51 -1.598091E-12  5.362682E-12 -2.692797E-12
        52  2.939305E-12  6.949852E-12 -9.619441E-12
        53  2.436188E-12  8.193694E-12  7.722868E-13
        54  1.412511E-12  9.481689E-12  1.312043E-11
        55  1.649320E+01  2.015804E-12  7.795721E-12
        56 -1.006035E+01  4.027878E-13 -5.553553E-12
        57  1.771024E-13 -1.226552E-12 -4.091288E-12
        58 -1.537727E-12 -2.739397E-12 -3.717111E-12
        59  1.040246E-12 -1.972820E-12  3.237589E-12
        60  4.546830E-13 -3.491994E-12 -5.110221E-12
        61 -2.558225E-12 -7.524461E-12 -3.827460E-12
        62  1.822148E-12 -3.598966E-12 -1.669367E-11
        63 -4.558345E-13 -2.077492E-12 -1.812255E-11
        64 -1.647478E-12 -6.784128E-12 -9.032096E-12
        65  2.204081E-12 -9.507311E-12 -1.675326E-11
        66  1.006035E+01 -2.747528E-12 -1.521113E-11
        67 -1.610402E+01 -3.376339E+00 -3.901640E-12
        68  1.904140E-13 -6.752678E+00 -1.283296E-11
        69 -1.834489E-12 -6.752678E+00  2.853007E-12
        70 -6.591619E-13 -6.752678E+00  3.711110E-12
        71  3.353032E-12 -6.752678E+00  3.959363E-12
        72 -4.974324E-12 -6.752678E+00  8.673065E-12
        73  1.341246E-12 -6.752678E+00  8.429004E-12
        74  1.066777E-12 -6.752678E+00  7.390666E-13
        75  2.152318E-12 -6.752678E+00  5.537007E-12
        76 -5.053508E-12 -6.752678E+00  1.448001E-14
        77  1.610402E+01 -3.376339E+00 -6.597408E-12
        78 -3.207536E+01  3.546376E-12  8.371666E-12
        79 -1.223842E-12  5.917461E-12  1.334211E-11
        80  2.357154E-12  7.511992E-14  2.104500E-11
        81 -8.700547E-12 -6.858227E-12 -1.284606E-11
        82  2.760089E-12 -1.014162E-11 -7.426558E-12
        83 -1.992421E-12 -4.490732E-12  1.360529E-11
        84  4.535572E-12  9.581546E-13  1.691989E-11
        85 -4.813724E-12 -1.761854E-12  2.350685E-11
        86  6.830179E-12 -3.476965E-12  9.664462E-12
        87 -4.682859E-12 -1.531480E-11 -1.330470E-11
        88  3.207536E+01 -4.208714E-12 -1.655308E-11
        89 -1.717965E+01 -4.879642E-12  5.609626E-12
        90 -3.271053E-12 -5.904456E-12 -2.981418E-12
        91 -5.885081E-13 -2.635079E-12  5.779454E-12
        92 -5.454654E-12  3.172314E-12 -1.159141E-11
        93  7.383377E-12  8.303204E-12 -1.618373E-11
        94 -6.352656E-12  1.832535E-12 -1.193257E-11
        95  9.354476E-13  1.866484E-12 -8.213823E-12
        96 -6.499714E-13  5.958405E-12 -1.323369E-11
        97  1.341015E-12  2.232104E-12 -5.053530E-12
        98 -3.580475E-12  8.085124E-12 -5.768807E-12
        99  1.717965E+01  6.444680E-12  1.310670E-13
       100 -1.031310E+01 -4.217440E+00 -6.511564E-13
       101 -1.255356E-12 -8.434879E+00 -1.065652E-12
       102  4.327893E-13 -8.434879E+00 -8.407616E-13
       103 -5.253246E-13 -8.434879E+00 -1.265562E-12
       104 -6.958549E-13 -8.434879E+00 -2.592221E-12
       105  6.294597E-13 -8.434879E+00 -3.449172E-12
       106  4.814760E-13 -8.434879E+00 -2.313158E-12
       107  6.824646E-13 -8.434879E+00  3.102122E-12
       108 -1.252724E-12 -8.434879E+00  1.244806E-12
       109 -1.590945E-12 -8.434879E+00 -1.719315E-12
       110  1.031310E+01 -4.217440E+00  8.619833E-12
       111 -1.981735E+01  9.563408E-13 -1.032836E-12
       112  1.056922E-12  7.398654E-13 -3.722123E-12
       113  1.491781E-12  1.831101E-12 -1.232720E-11
       114 -3.636292E-12 -2.878338E-12  8.422980E-13
       115  2.137702E-13 -4.025930E-12  7.020406E-12
       116  7.816168E-13 -5.518744E-12 -2.405747E-12
       117  4.194866E-12  1.956352E-13 -4.553954E-12
       118 -1.681619E-12 -2.445258E-12  1.517799E-12
       119 -7.485959E-13 -1.537331E-12 -2.678064E-12
       120 -3.887411E-12 -1.553267E-12  3.266417E-13
       121  1.981735E+01  2.315018E-12  1.089592E-11
       122 -1.008281E+01 -4.233194E-13 -3.052148E-12
       123 -1.217976E-12  5.077180E-13  1.851520E-12
       124 -5.878183E-13 -3.179516E-12 -8.151199E-12
       125 -1.757389E-12  1.891846E-12  1.129167E-11
       126 -3.762752E-13  3.581564E-12  1.521411E-11
       127  1.075655E-12  4.827349E-12  8.224625E-12
       128  2.107006E-12 -2.198576E-12  5.813535E-12
       129 -2.406819E-12  1.397109E-12  1.732621E-11
       130  2.106509E-12 -1.291045E-12  2.777428E-12
       131 -9.170481E-13 -1.010812E-12  6.403003E-12
       132  1.008281E+01  1.292929E-12  6.491929E-12
       133  0.000000E+00  0.000000E+00  0.000000E+00
       134  0.000000E+00  0.000000E+00  0.000000E+00
       135  0.000000E+00  0.000000E+00  0.000000E+00
       136  0.000000E+00  0.000000E+00  0.000000E+00
       137  0.000000E+00  0.000000E+00  0.000000E+00
       138  0.000000E+00  0.000000E+00  0.000000E+00
       139  0.000000E+00  0.000000E+00  0.000000E+00
       140  0.000000E+00  0.000000E+00  0.000000E+00
       141  0.000000E+00  0.000000E+00  0.000000E+00
       142  0.000000E+00  0.000000E+00  0.000000E+00
       143  0.000000E+00  0.000000E+00  0.000000E+00
       144  0.000000E+00  0.000000E+00  0.000000E+00
       145  0.000000E+00  0.000000E+00  0.000000E+00
       146  0.000000E+00  0.000000E+00  0.000000E+00
       147  0.000000E+00  0.000000E+00  0.000000E+00
       148  0.000000E+00  0.000000E+00  0.000000E+00
       149  0.000000E+00  0.000000E+00  0.000000E+00
       150  0.000000E+00  0.000000E+00  0.000000E+00
       151  0.000000E+00  0.000000E+00  0.000000E+00
       152  0.000000E+00  0.000000E+00  0.000000E+00
       153  0.000000E+00  0.000000E+00  0.000000E+00
       154  0.000000E+00  0.000000E+00  0.000000E+00
       155  0.000000E+00  0.000000E+00  0.000000E+00
       156  0.000000E+00  0.000000E+00  0.000000E+00
       157  0.000000E+00  0.000000E+00  0.000000E+00
       158  0.000000E+00  0.000000E+00  0.000000E+00
       159  0.000000E+00  0.000000E+00  0.000000E+00
       160  0.000000E+00  0.000000E+00  0.000000E+00
       161  0.000000E+00  0.000000E+00  0.000000E+00
       162  0.000000E+00  0.000000E+00  0.000000E+00
       163  0.000000E+00  0.000000E+00  0.000000E+00
       164  0.000000E+00  0.000000E+00  0.000000E+00
       165  0.000000E+00  0.000000E+00  0.000000E+00

 stresses (elem, integ.pnt.,sxx,syy,szz,sxy,sxz,syz) for set ALLE and time  0.8000000E+01

         1   1  3.290281E+01 -1.309707E+01 -6.874011E+00 -2.495503E-13 -7.540992E-13 -1.157487E+00
         1   2  3.290281E+01 -1.309707E+01 -6.874011E+00 -2.187559E-13 -3.689700E-12 -1.157487E+00
         1   3  3.130417E+01 -1.469698E+01 -1.098665E+01 -9.633936E-13 -1.083263E-12 -3.691706E+00
         1   4  3.130417E+01 -1.469698E+01 -1.098665E+01 -9.324856E-13 -4.029592E-12 -3.691706E+00
         1   5  3.129041E+01 -1.724503E+01 -8.487662E+00 -2.813578E-14  1.287576E-13 -1.785672E+00
         1   6  3.129041E+01 -1.724503E+01 -8.487662E+00  2.005609E-15 -2.806936E-12 -1.785672E+00
         1   7  2.969178E+01 -1.884502E+01 -1.260038E+01 -1.370145E-13 -1.102123E-12 -4.319992E+00
         1   8  2.969178E+01 -1.884502E+01 -1.260038E+01 -1.067597E-13 -4.045676E-12 -4.319992E+00
         2   1  3.290281E+01 -1.309707E+01 -6.874011E+00 -3.653463E-13 -4.707263E-12 -1.157487E+00
         2   2  3.290281E+01 -1.309707E+01 -6.874011E+00 -4.477259E-13 -1.576949E-12 -1.157487E+00
         2   3  3.130417E+01 -1.469698E+01 -1.098665E+01 -1.439723E-12 -3.622713E-12 -3.691706E+00
         2   4  3.130417E+01 -1.469698E+01 -1.098665E+01 -1.520231E-12  1.001180E-12 -3.691706E+00
         2   5  3.129041E+01 -1.724503E+01 -8.487662E+00  1.751738E-13 -6.829313E-12 -1.785672E+00
         2   6  3.129041E+01 -1.724503E+01 -8.487662E+00  8.385003E-13 -3.691876E-12 -1.785672E+00
         2   7  2.969178E+01 -1.884502E+01 -1.260038E+01 -1.279807E-13 -4.189357E-12 -4.319992E+00
         2   8  2.969178E+01 -1.884502E+01 -1.260038E+01  5.390195E-13  4.191799E-13 -4.319992E+00
         3   1  3.290281E+01 -1.309707E+01 -6.874011E+00  9.730540E-13  1.061061E-12 -1.157487E+00
         3   2  3.290281E+01 -1.309707E+01 -6.874011E+00  1.022579E-12  1.231836E-12 -1.157487E+00
         3   3  3.130417E+01 -1.469698E+01 -1.098665E+01  3.838987E-12  3.175796E-12 -3.691706E+00
         3   4  3.130417E+01 -1.469698E+01 -1.098665E+01  3.888522E-12  1.676902E-12 -3.691706E+00
         3   5  3.129041E+01 -1.724503E+01 -8.487662E+00  1.454734E-12  2.858819E-12 -1.785672E+00
         3   6  3.129041E+01 -1.724503E+01 -8.487662E+00  6.424844E-13  3.074341E-12 -1.785672E+00
         3   7  2.969178E+01 -1.884502E+01 -1.260038E+01  2.987233E-12  5.432222E-12 -4.319992E+00
         3   8  2.969178E+01 -1.884502E+01 -1.260038E+01  2.177398E-12  3.938010E-12 -4.319992E+00
         4   1  3.290281E+01 -1.309707E+01 -6.874011E+00 -5.509678E-14  1.982521E-13 -1.157487E+00
         4   2  3.290281E+01 -1.309707E+01 -6.874011E+00 -5.192549E-13  1.991134E-13 -1.157487E+00
         4   3  3.130417E+01 -1.469698E+01 -1.098665E+01  2.336733E-13 -7.433247E-13 -3.691706E+00
         4   4  3.130417E+01 -1.469698E+01 -1.098665E+01 -2.321729E-13 -1.061686E-12 -3.691706E+00
         4   5  3.129041E+01 -1.724503E+01 -8.487662E+00 -4.673523E-13 -1.126159E-12 -1.785672E+00
         4   6  3.129041E+01 -1.724503E+01 -8.487662E+00 -1.015535E-12 -1.122933E-12 -1.785672E+00
         4   7  2.969178E+01 -1.884502E+01 -1.260038E+01 -6.435871E-13 -3.475487E-12 -4.319992E+00
         4   8  2.969178E+01 -1.884502E+01 -1.260038E+01 -1.197303E-12 -3.795095E-12 -4.319992E+00
         5   1  3.290281E+01 -1.309707E+01 -6.874011E+00 -1.752491E-13  3.162724E-13 -1.157487E+00
         5   2  3.290281E+01 -1.309707E+01 -6.874011E+00  3.781618E-13 -9.752713E-13 -1.157487E+00
         5   3  3.130417E+01 -1.469698E+01 -1.098665E+01  9.272325E-13 -5.041853E-13 -3.691706E+00
         5   4  3.130417E+01 -1.469698E+01 -1.098665E+01  1.494120E-12 -1.388061E-12 -3.691706E+00
         5   5  3.129041E+01 -1.724503E+01 -8.487662E+00 -5.324072E-13  7.933369E-13 -1.785672E+00
         5   6  3.129041E+01 -1.724503E+01 -8.487662E+00  2.327983E-13 -5.721936E-13 -1.785672E+00
         5   7  2.969178E+01 -1.884502E+01 -1.260038E+01  4.313444E-13 -5.291471E-13 -4.319992E+00
         5   8  2.969178E+01 -1.884502E+01 -1.260038E+01  1.193729E-12 -1.375695E-12 -4.319992E+00
         6   1  3.290281E+01 -1.309707E+01 -6.874011E+00  6.370878E-15 -1.233745E-12 -1.157487E+00
         6   2  3.290281E+01 -1.309707E+01 -6.874011E+00  6.662888E-13 -6.190594E-13 -1.157487E+00
         6   3  3.130417E+01 -1.469698E+01 -1.098665E+01 -1.040804E-12 -8.527297E-13 -3.691706E+00
         6   4  3.130417E+01 -1.469698E+01 -1.098665E+01 -3.789255E-13 -7.222231E-13 -3.691706E+00
         6   5  3.129041E+01 -1.724503E+01 -8.487662E+00  3.640673E-14 -6.734305E-13 -1.785672E+00
         6   6  3.129041E+01 -1.724503E+01 -8.487662E+00  4.635979E-13 -3.673498E-14 -1.785672E+00
         6   7  2.969178E+01 -1.884502E+01 -1.260038E+01 -4.851384E-13  1.546124E-12 -4.319992E+00
         6   8  2.969178E+01 -1.884502E+01 -1.260038E+01 -6.858511E-14  1.734140E-12 -4.319992E+00
         7   1  3.290281E+01 -1.309707E+01 -6.874011E+00  1.295925E-13  3.563242E-13 -1.157487E+00
         7   2  3.290281E+01 -1.309707E+01 -6.874011E+00 -3.445316E-13  1.071785E-12 -1.157487E+00
         7   3  3.130417E+01 -1.469698E+01 -1.098665E+01 -2.435650E-12 -7.950951E-13 -3.691706E+00
         7   4  3.130417E+01 -1.469698E+01 -1.098665E+01 -2.924929E-12  6.977359E-13 -3.691706E+00
         7   5  3.129041E+01 -1.724503E+01 -8.487662E+00  5.645009E-13  2.409986E-12 -1.785672E+00
         7   6  3.129041E+01 -1.724503E+01 -8.487662E+00  5.623068E-13  3.078875E-12 -1.785672E+00
         7   7  2.969178E+01 -1.884502E+01 -1.260038E+01  5.163504E-14 -3.277950E-13 -4.319992E+00
         7   8  2.969178E+01 -1.884502E+01 -1.260038E+01  5.964180E-14  1.077220E-12 -4.319992E+00
         8   1  3.290281E+01 -1.309707E+01 -6.874011E+00  7.498576E-13 -3.466504E-13 -1.157487E+00
         8   2  3.290281E+01 -1.309707E+01 -6.874011E+00  4.457302E-13 -2.144293E-13 -1.157487E+00
         8   3  3.130417E+01 -1.469698E+01 -1.098665E+01  2.059304E-12  6.262344E-13 -3.691706E+00
         8   4  3.130417E+01 -1.469698E+01 -1.098665E+01  1.772299E-12  7.398095E-13 -3.691706E+00
         8   5  3.129041E+01 -1.724503E+01 -8.487662E+00  3.091049E-13 -2.828956E-12 -1.785672E+00
         8   6  3.129041E+01 -1.724503E+01 -8.487662E+00 -1.574362E-13 -2.756218E-12 -1.785672E+00
         8   7  2.969178E+01 -1.884502E+01 -1.260038E+01 -3.908249E-13 -4.840113E-13 -4.319992E+00
         8   8  2.969178E+01 -1.884502E+01 -1.260038E+01 -8.491904E-13 -3.769952E-13 -4.319992E+00
         9   1  3.290281E+01 -1.309707E+01 -6.874011E+00  1.085829E-13  7.443108E-13 -1.157487E+00
         9   2  3.290281E+01 -1.309707E+01 -6.874011E+00  8.108581E-13 -4.360902E-13 -1.157487E+00
         9   3  3.130417E+01 -1.469698E+01 -1.098665E+01  8.114823E-14  6.800790E-13 -3.691706E+00
         9   4  3.130417E+01 -1.469698E+01 -1.098665E+01  8.053749E-13 -1.087919E-12 -3.691706E+00
         9   5  3.129041E+01 -1.724503E+01 -8.487662E+00  1.683539E-13  1.467355E-12 -1.785672E+00
         9   6  3.129041E+01 -1.724503E+01 -8.487662E+00  5.983688E-13  2.321963E-13 -1.785672E+00
         9   7  2.969178E+01 -1.884502E+01 -1.260038E+01  4.265016E-13  1.133932E-12 -4.319992E+00
         9   8  2.969178E+01 -1.884502E+01 -1.260038E+01  8.529022E-13 -5.373247E-13 -4.319992E+00
        10   1  3.290281E+01 -1.309707E+01 -6.874011E+00  8.625237E-13 -1.050146E-12 -1.157487E+00
        10   2  3.290281E+01 -1.309707E+01 -6.874011E+00  2.463110E-13 -3.226928E-13 -1.157487E+00
        10   3  3.130417E+01 -1.469698E+01 -1.098665E+01  8.567818E-13 -1.567162E-12 -3.691706E+00
        10   4  3.130417E+01 -1.469698E+01 -1.098665E+01  1.902535E-13 -4.104435E-13 -3.691706E+00
        10   5  3.129041E+01 -1.724503E+01 -8.487662E+00  3.563050E-13 -1.513148E-12 -1.785672E+00
        10   6  3.129041E+01 -1.724503E+01 -8.487662E+00  1.726641E-14 -7.175951E-13 -1.785672E+00
        10   7  2.969178E+01 -1.884502E+01 -1.260038E+01  3.481373E-14 -1.521062E-12 -4.319992E+00
        10   8  2.969178E+01 -1.884502E+01 -1.260038E+01 -3.329795E-13 -3.905744E-13 -4.319992E+00
        11   1  3.532944E+01 -8.961932E+00 -2.337662E+00 -1.924153E-12 -8.640947E-13 -3.361843E+00
        11   2  3.532944E+01 -8.961932E+00 -2.337662E+00 -3.090419E-12 -3.271951E-12 -3.361843E+00
        11   3  4.495903E+01  6.762202E-01  2.243289E+01 -2.641290E-12  7.033528E-14 -4.338734E+00
        11   4  4.495903E+01  6.762202E-01  2.243289E+01 -3.807426E-12 -8.678452E-13 -4.338734E+00
        11   5  3.470815E+01 -1.056079E+01 -2.959045E+00 -5.060179E-13 -8.162447E-13  4.218920E-01
        11   6  3.470815E+01 -1.056079E+01 -2.959045E+00 -9.336888E-13 -3.223267E-12  4.218920E-01
        11   7  4.433772E+01 -9.224699E-01  2.181168E+01 -9.444466E-13  1.202876E-12 -5.557300E-01
        11   8  4.433772E+01 -9.224699E-01  2.181168E+01 -1.372127E-12  2.609782E-13 -5.557300E-01
        12   1  3.532944E+01 -8.961932E+00 -2.337662E+00 -2.389564E-12 -2.717343E-12 -3.361843E+00
        12   2  3.532944E+01 -8.961932E+00 -2.337662E+00 -2.230873E-12  1.248443E-12 -3.361843E+00
        12   3  4.495903E+01  6.762202E-01  2.243289E+01  1.502702E-12 -1.338258E-12 -4.338734E+00
        12   4  4.495903E+01  6.762202E-01  2.243289E+01  1.660698E-12 -6.368306E-13 -4.338734E+00
        12   5  3.470815E+01 -1.056079E+01 -2.959045E+00 -1.329220E-12 -2.674024E-12  4.218920E-01
        12   6  3.470815E+01 -1.056079E+01 -2.959045E+00 -2.798310E-12  1.264819E-12  4.218920E-01
        12   7  4.433772E+01 -9.224699E-01  2.181168E+01 -2.847106E-14 -1.256240E-12 -5.557300E-01
        12   8  4.433772E+01 -9.224699E-01  2.181168E+01 -1.496089E-12 -5.441476E-13 -5.557300E-01
        13   1  3.532944E+01 -8.961932E+00 -2.337662E+00  1.807029E-12  2.938345E-12 -3.361843E+00
        13   2  3.532944E+01 -8.961932E+00 -2.337662E+00  1.193885E-12  1.417725E-12 -3.361843E+00
        13   3  4.495903E+01  6.762202E-01  2.243289E+01 -1.425125E-12  2.134896E-13 -4.338734E+00
        13   4  4.495903E+01  6.762202E-01  2.243289E+01 -2.040604E-12  5.849108E-13 -4.338734E+00
        13   5  3.470815E+01 -1.056079E+01 -2.959045E+00 -4.664490E-13  5.083301E-12  4.218920E-01
        13   6  3.470815E+01 -1.056079E+01 -2.959045E+00 -1.678960E-13  3.555159E-12  4.218920E-01
        13   7  4.433772E+01 -9.224699E-01  2.181168E+01 -2.926106E-13  1.589874E-12 -5.557300E-01
        13   8  4.433772E+01 -9.224699E-01  2.181168E+01  8.930195E-15  1.967710E-12 -5.557300E-01
        14   1  3.532944E+01 -8.961932E+00 -2.337662E+00 -1.954762E-12 -7.771055E-13 -3.361843E+00
        14   2  3.532944E+01 -8.961932E+00 -2.337662E+00 -1.097417E-12 -4.612790E-13 -3.361843E+00
        14   3  4.495903E+01  6.762202E-01  2.243289E+01 -1.894896E-12  3.171347E-13 -4.338734E+00
        14   4  4.495903E+01  6.762202E-01  2.243289E+01 -1.038466E-12  2.184361E-12 -4.338734E+00
        14   5  3.470815E+01 -1.056079E+01 -2.959045E+00 -2.109817E-12 -3.566801E-12  4.218920E-01
        14   6  3.470815E+01 -1.056079E+01 -2.959045E+00 -4.159577E-13 -3.266978E-12  4.218920E-01
        14   7  4.433772E+01 -9.224699E-01  2.181168E+01 -1.187961E-12 -1.399438E-12 -5.557300E-01
        14   8  4.433772E+01 -9.224699E-01  2.181168E+01  5.119983E-13  5.188025E-13 -5.557300E-01
        15   1  3.532944E+01 -8.961932E+00 -2.337662E+00  6.641164E-16  6.175519E-14 -3.361843E+00
        15   2  3.532944E+01 -8.961932E+00 -2.337662E+00  1.472390E-12 -1.608922E-12 -3.361843E+00
        15   3  4.495903E+01  6.762202E-01  2.243289E+01 -3.127285E-12  2.500918E-12 -4.338734E+00
        15   4  4.495903E+01  6.762202E-01  2.243289E+01 -1.663147E-12 -1.540484E-12 -4.338734E+00
        15   5  3.470815E+01 -1.056079E+01 -2.959045E+00  7.790779E-13  2.101498E-13  4.218920E-01
        15   6  3.470815E+01 -1.056079E+01 -2.959045E+00  1.076473E-12 -1.433169E-12  4.218920E-01
        15   7  4.433772E+01 -9.224699E-01  2.181168E+01 -2.341368E-12  3.631985E-12 -5.557300E-01
        15   8  4.433772E+01 -9.224699E-01  2.181168E+01 -2.046666E-12 -4.213935E-13 -5.557300E-01
        16   1  3.532944E+01 -8.961932E+00 -2.337662E+00 -6.920700E-14 -1.449317E-12 -3.361843E+00
        16   2  3.532944E+01 -8.961932E+00 -2.337662E+00  3.598573E-13 -1.317840E-12 -3.361843E+00
        16   3  4.495903E+01  6.762202E-01  2.243289E+01  1.080216E-12 -3.558839E-12 -4.338734E+00
        16   4  4.495903E+01  6.762202E-01  2.243289E+01  1.490161E-12 -2.688084E-12 -4.338734E+00
        16   5  3.470815E+01 -1.056079E+01 -2.959045E+00  2.277561E-13  5.922023E-13  4.218920E-01
        16   6  3.470815E+01 -1.056079E+01 -2.959045E+00  9.811335E-13  6.980979E-13  4.218920E-01
        16   7  4.433772E+01 -9.224699E-01  2.181168E+01  1.092422E-12 -4.433103E-12 -5.557300E-01
        16   8  4.433772E+01 -9.224699E-01  2.181168E+01  1.846007E-12 -3.613992E-12 -5.557300E-01
        17   1  3.532944E+01 -8.961932E+00 -2.337662E+00 -8.046428E-13 -9.764217E-13 -3.361843E+00
        17   2  3.532944E+01 -8.961932E+00 -2.337662E+00 -2.530025E-12  1.975612E-12 -3.361843E+00
        17   3  4.495903E+01  6.762202E-01  2.243289E+01  5.756935E-12  8.177919E-14 -4.338734E+00
        17   4  4.495903E+01  6.762202E-01  2.243289E+01  4.029239E-12  5.572372E-12 -4.338734E+00
        17   5  3.470815E+01 -1.056079E+01 -2.959045E+00  1.200838E-12 -9.428421E-13  4.218920E-01
        17   6  3.470815E+01 -1.056079E+01 -2.959045E+00  8.033883E-13  2.050441E-12  4.218920E-01
        17   7  4.433772E+01 -9.224699E-01  2.181168E+01  2.344340E-12  4.454260E-13 -5.557300E-01
        17   8  4.433772E+01 -9.224699E-01  2.181168E+01  1.973384E-12  5.913967E-12 -5.557300E-01
        18   1  3.532944E+01 -8.961932E+00 -2.337662E+00 -1.311972E-13  1.964448E-12 -3.361843E+00
        18   2  3.532944E+01 -8.961932E+00 -2.337662E+00  2.258821E-12 -2.461292E-13 -3.361843E+00
        18   3  4.495903E+01  6.762202E-01  2.243289E+01 -6.028971E-12  4.335539E-12 -4.338734E+00
        18   4  4.495903E+01  6.762202E-01  2.243289E+01 -3.646377E-12 -3.359852E-12 -4.338734E+00
        18   5  3.470815E+01 -1.056079E+01 -2.959045E+00 -6.261107E-13  1.463978E-12  4.218920E-01
        18   6  3.470815E+01 -1.056079E+01 -2.959045E+00 -1.068168E-12 -8.521704E-13  4.218920E-01
        18   7  4.433772E+01 -9.224699E-01  2.181168E+01 -1.758692E-12  3.696109E-12 -5.557300E-01
        18   8  4.433772E+01 -9.224699E-01  2.181168E+01 -2.217793E-12 -4.011768E-12 -5.557300E-01
        19   1  3.532944E+01 -8.961932E+00 -2.337662E+00  1.956303E-12 -1.070996E-12 -3.361843E+00
        19   2  3.532944E+01 -8.961932E+00 -2.337662E+00  4.698192E-13 -2.072729E-12 -3.361843E+00
        19   3  4.495903E+01  6.762202E-01  2.243289E+01  6.835144E-13 -5.539159E-12 -4.338734E+00
        19   4  4.495903E+01  6.762202E-01  2.243289E+01 -8.572825E-13 -3.454144E-12 -4.338734E+00
        19   5  3.470815E+01 -1.056079E+01 -2.959045E+00  5.828116E-13 -1.065606E-12  4.218920E-01
        19   6  3.470815E+01 -1.056079E+01 -2.959045E+00  6.206284E-13 -1.913104E-12  4.218920E-01
        19   7  4.433772E+01 -9.224699E-01  2.181168E+01 -1.962948E-13 -6.603037E-12 -5.557300E-01
        19   8  4.433772E+01 -9.224699E-01  2.181168E+01 -1.509485E-13 -4.496661E-12 -5.557300E-01
        20   1  3.532944E+01 -8.961932E+00 -2.337662E+00  4.425901E-13 -1.788055E-12 -3.361843E+00
        20   2  3.532944E+01 -8.961932E+00 -2.337662E+00  1.911284E-13 -3.903776E-13 -3.361843E+00
        20   3  4.495903E+01  6.762202E-01  2.243289E+01  8.186441E-13 -1.879360E-12 -4.338734E+00
        20   4  4.495903E+01  6.762202E-01  2.243289E+01  5.905843E-13 -4.353679E-13 -4.338734E+00
        20   5  3.470815E+01 -1.056079E+01 -2.959045E+00  1.352370E-13 -1.656487E-12  4.218920E-01
        20   6  3.470815E+01 -1.056079E+01 -2.959045E+00 -1.104688E-13 -2.321514E-13  4.218920E-01
        20   7  4.433772E+01 -9.224699E-01  2.181168E+01  1.050322E-12 -1.796396E-12 -5.557300E-01
        20   8  4.433772E+01 -9.224699E-01  2.181168E+01  7.496940E-13 -4.073643E-13 -5.557300E-01
        21   1  3.270882E+01 -1.835502E+01 -2.307821E+00  1.647541E-13  1.533638E-12 -2.897902E+00
        21   2  3.270882E+01 -1.835502E+01 -2.307821E+00  2.141824E-13  1.708304E-12 -2.897902E+00
        21   3  3.126588E+01 -1.979892E+01 -6.019642E+00  5.614384E-13 -6.257382E-13 -7.276022E+00
        21   4  3.126588E+01 -1.979892E+01 -6.019642E+00  6.108441E-13 -3.136853E-13 -7.276022E+00
        21   5  2.992316E+01 -2.552115E+01 -5.095387E+00  4.696275E-13  1.364253E-12 -3.464922E+00
        21   6  2.992316E+01 -2.552115E+01 -5.095387E+00  5.825372E-13  1.538926E-12 -3.464922E+00
        21   7  2.848022E+01 -2.696516E+01 -8.807322E+00  1.641474E-12 -2.549708E-12 -7.843298E+00
        21   8  2.848022E+01 -2.696516E+01 -8.807322E+00  1.756005E-12 -2.237227E-12 -7.843298E+00
        22   1  3.270882E+01 -1.835502E+01 -2.307821E+00  2.280966E-13 -2.488046E-12 -2.897902E+00
        22   2  3.270882E+01 -1.835502E+01 -2.307821E+00  8.804728E-13 -2.151970E-12 -2.897902E+00
        22   3  3.126588E+01 -1.979892E+01 -6.019642E+00 -4.876014E-14 -4.373701E-13 -7.276022E+00
        22   4  3.126588E+01 -1.979892E+01 -6.019642E+00  6.020456E-13 -1.601207E-12 -7.276022E+00
        22   5  2.992316E+01 -2.552115E+01 -5.095387E+00 -1.934064E-13 -5.179557E-13 -3.464922E+00
        22   6  2.992316E+01 -2.552115E+01 -5.095387E+00 -2.882778E-13 -1.766327E-13 -3.464922E+00
        22   7  2.848022E+01 -2.696516E+01 -8.807322E+00 -1.152483E-12  7.448652E-13 -7.843298E+00
        22   8  2.848022E+01 -2.696516E+01 -8.807322E+00 -1.249142E-12 -4.147153E-13 -7.843298E+00
        23   1  3.270882E+01 -1.835502E+01 -2.307821E+00  1.282064E-12  3.270343E-12 -2.897902E+00
        23   2  3.270882E+01 -1.835502E+01 -2.307821E+00  4.301646E-13  2.727372E-12 -2.897902E+00
        23   3  3.126588E+01 -1.979892E+01 -6.019642E+00  2.307384E-12  1.726379E-12 -7.276022E+00
        23   4  3.126588E+01 -1.979892E+01 -6.019642E+00  1.448545E-12  2.656603E-12 -7.276022E+00
        23   5  2.992316E+01 -2.552115E+01 -5.095387E+00  3.363836E-13  1.737846E-12 -3.464922E+00
        23   6  2.992316E+01 -2.552115E+01 -5.095387E+00  2.069486E-13  1.149271E-12 -3.464922E+00
        23   7  2.848022E+01 -2.696516E+01 -8.807322E+00  1.308317E-12 -1.119540E-12 -7.843298E+00
        23   8  2.848022E+01 -2.696516E+01 -8.807322E+00  1.181140E-12 -1.845589E-13 -7.843298E+00
        24   1  3.270882E+01 -1.835502E+01 -2.307821E+00 -6.416448E-13 -1.716345E-12 -2.897902E+00
        24   2  3.270882E+01 -1.835502E+01 -2.307821E+00 -1.219777E-12 -2.507956E-12 -2.897902E+00
        24   3  3.126588E+01 -1.979892E+01 -6.019642E+00 -1.165316E-12 -3.768971E-12 -7.276022E+00
        24   4  3.126588E+01 -1.979892E+01 -6.019642E+00 -1.731975E-12 -4.484361E-12 -7.276022E+00
        24   5  2.992316E+01 -2.552115E+01 -5.095387E+00 -7.337929E-13  7.033301E-13 -3.464922E+00
        24   6  2.992316E+01 -2.552115E+01 -5.095387E+00 -1.198904E-12 -1.122350E-13 -3.464922E+00
        24   7  2.848022E+01 -2.696516E+01 -8.807322E+00 -1.736478E-12 -1.100505E-12 -7.843298E+00
        24   8  2.848022E+01 -2.696516E+01 -8.807322E+00 -2.218795E-12 -1.750281E-12 -7.843298E+00
        25   1  3.270882E+01 -1.835502E+01 -2.307821E+00 -6.173841E-13 -3.375450E-13 -2.897902E+00
        25   2  3.270882E+01 -1.835502E+01 -2.307821E+00  1.192131E-13  1.455915E-12 -2.897902E+00
        25   3  3.126588E+01 -1.979892E+01 -6.019642E+00  3.226726E-13 -2.427877E-13 -7.276022E+00
        25   4  3.126588E+01 -1.979892E+01 -6.019642E+00  1.029938E-12  1.023026E-12 -7.276022E+00
        25   5  2.992316E+01 -2.552115E+01 -5.095387E+00 -4.758678E-13 -1.440946E-12 -3.464922E+00
        25   6  2.992316E+01 -2.552115E+01 -5.095387E+00  4.865765E-15  3.548913E-13 -3.464922E+00
        25   7  2.848022E+01 -2.696516E+01 -8.807322E+00  5.214128E-13  5.470403E-13 -7.843298E+00
        25   8  2.848022E+01 -2.696516E+01 -8.807322E+00  9.977867E-13  1.794876E-12 -7.843298E+00
        26   1  3.270882E+01 -1.835502E+01 -2.307821E+00  1.535496E-13  2.154829E-12 -2.897902E+00
        26   2  3.270882E+01 -1.835502E+01 -2.307821E+00  5.575864E-13 -5.419364E-13 -2.897902E+00
        26   3  3.126588E+01 -1.979892E+01 -6.019642E+00  1.348475E-13  4.203261E-12 -7.276022E+00
        26   4  3.126588E+01 -1.979892E+01 -6.019642E+00  5.586192E-13  2.078781E-12 -7.276022E+00
        26   5  2.992316E+01 -2.552115E+01 -5.095387E+00  3.701090E-13  3.426464E-12 -3.464922E+00
        26   6  2.992316E+01 -2.552115E+01 -5.095387E+00  1.045838E-12  6.852068E-13 -3.464922E+00
        26   7  2.848022E+01 -2.696516E+01 -8.807322E+00  1.365101E-12  3.150218E-12 -7.843298E+00
        26   8  2.848022E+01 -2.696516E+01 -8.807322E+00  2.016754E-12  9.541920E-13 -7.843298E+00
        27   1  3.270882E+01 -1.835502E+01 -2.307821E+00  6.929018E-13 -2.769634E-13 -2.897902E+00
        27   2  3.270882E+01 -1.835502E+01 -2.307821E+00  8.236157E-13  5.577461E-13 -2.897902E+00
        27   3  3.126588E+01 -1.979892E+01 -6.019642E+00  7.027813E-13 -1.580045E-12 -7.276022E+00
        27   4  3.126588E+01 -1.979892E+01 -6.019642E+00  8.287513E-13 -1.107882E-12 -7.276022E+00
        27   5  2.992316E+01 -2.552115E+01 -5.095387E+00  6.491981E-13 -3.051371E-12 -3.464922E+00
        27   6  2.992316E+01 -2.552115E+01 -5.095387E+00  6.257252E-13 -2.284347E-12 -3.464922E+00
        27   7  2.848022E+01 -2.696516E+01 -8.807322E+00 -1.527527E-14 -1.199034E-12 -7.843298E+00
        27   8  2.848022E+01 -2.696516E+01 -8.807322E+00  2.073026E-14 -8.835902E-13 -7.843298E+00
        28   1  3.270882E+01 -1.835502E+01 -2.307821E+00  8.820853E-14 -3.401565E-12 -2.897902E+00
        28   2  3.270882E+01 -1.835502E+01 -2.307821E+00 -5.334256E-13  6.314872E-14 -2.897902E+00
        28   3  3.126588E+01 -1.979892E+01 -6.019642E+00 -1.441491E-12 -2.329901E-12 -7.276022E+00
        28   4  3.126588E+01 -1.979892E+01 -6.019642E+00 -2.053490E-12  7.998470E-13 -7.276022E+00
        28   5  2.992316E+01 -2.552115E+01 -5.095387E+00 -6.615406E-14  5.226149E-13 -3.464922E+00
        28   6  2.992316E+01 -2.552115E+01 -5.095387E+00 -8.818944E-13  3.904246E-12 -3.464922E+00
        28   7  2.848022E+01 -2.696516E+01 -8.807322E+00 -1.857831E-12 -1.978378E-12 -7.843298E+00
        28   8  2.848022E+01 -2.696516E+01 -8.807322E+00 -2.671754E-12  1.162261E-12 -7.843298E+00
        29   1  3.270882E+01 -1.835502E+01 -2.307821E+00  1.085493E-13  2.535243E-12 -2.897902E+00
        29   2  3.270882E+01 -1.835502E+01 -2.307821E+00  5.482582E-13 -2.390894E-12 -2.897902E+00
        29   3  3.126588E+01 -1.979892E+01 -6.019642E+00  2.975594E-13  2.595107E-12 -7.276022E+00
        29   4  3.126588E+01 -1.979892E+01 -6.019642E+00  7.380957E-13 -1.034598E-12 -7.276022E+00
        29   5  2.992316E+01 -2.552115E+01 -5.095387E+00 -2.346267E-13 -1.064397E-12 -3.464922E+00
        29   6  2.992316E+01 -2.552115E+01 -5.095387E+00  8.417117E-13 -5.705129E-12 -3.464922E+00
        29   7  2.848022E+01 -2.696516E+01 -8.807322E+00 -5.243573E-13  9.078343E-13 -7.843298E+00
        29   8  2.848022E+01 -2.696516E+01 -8.807322E+00  5.862709E-13 -2.671205E-12 -7.843298E+00
        30   1  3.270882E+01 -1.835502E+01 -2.307821E+00  4.898513E-13 -2.935559E-12 -2.897902E+00
        30   2  3.270882E+01 -1.835502E+01 -2.307821E+00  1.213069E-13 -6.640462E-13 -2.897902E+00
        30   3  3.126588E+01 -1.979892E+01 -6.019642E+00  4.026606E-13 -1.960266E-12 -7.276022E+00
        30   4  3.126588E+01 -1.979892E+01 -6.019642E+00  1.557364E-14 -3.799695E-13 -7.276022E+00
        30   5  2.992316E+01 -2.552115E+01 -5.095387E+00  1.397180E-12 -7.684333E-13 -3.464922E+00
        30   6  2.992316E+01 -2.552115E+01 -5.095387E+00  5.965169E-13  1.578251E-12 -3.464922E+00
        30   7  2.848022E+01 -2.696516E+01 -8.807322E+00  2.260463E-12 -1.851398E-12 -7.843298E+00
        30   8  2.848022E+01 -2.696516E+01 -8.807322E+00  1.434256E-12 -3.325939E-13 -7.843298E+00
        31   1  3.389088E+01 -1.652673E+01  8.828162E-02  4.626880E-13 -1.000792E-12 -4.744646E+00
        31   2  3.389088E+01 -1.652673E+01  8.828162E-02  3.418267E-14 -1.187338E-12 -4.744646E+00
        31   3  4.138218E+01 -9.020515E+00  1.935921E+01  2.794812E-13  1.337529E-13 -1.783844E+01
        31   4  4.138218E+01 -9.020515E+00  1.935921E+01 -1.483665E-13 -1.506480E-12 -1.783844E+01
        31   5  2.555982E+01 -3.796012E+01 -8.247524E+00  1.694081E-12 -3.778656E-12 -1.802391E+00
        31   6  2.555982E+01 -3.796012E+01 -8.247524E+00  5.392402E-13 -3.965239E-12 -1.802391E+00
        31   7  3.305096E+01 -3.045213E+01  1.102517E+01  1.923728E-12 -3.223648E-12 -1.489877E+01
        31   8  3.305096E+01 -3.045213E+01  1.102517E+01  7.682174E-13 -4.863872E-12 -1.489877E+01
        32   1  3.389088E+01 -1.652673E+01  8.828162E-02 -1.422438E-12 -9.146442E-14 -4.744646E+00
        32   2  3.389088E+01 -1.652673E+01  8.828162E-02 -2.706410E-12 -2.365922E-13 -4.744646E+00
        32   3  4.138218E+01 -9.020515E+00  1.935921E+01 -6.975379E-13 -1.240862E-12 -1.783844E+01
        32   4  4.138218E+01 -9.020515E+00  1.935921E+01 -1.981371E-12  2.895430E-12 -1.783844E+01
        32   5  2.555982E+01 -3.796012E+01 -8.247524E+00 -2.742599E-12  5.164448E-13 -1.802391E+00
        32   6  2.555982E+01 -3.796012E+01 -8.247524E+00 -1.881570E-12  3.619464E-13 -1.802391E+00
        32   7  3.305096E+01 -3.045213E+01  1.102517E+01 -1.023370E-12 -1.386633E-12 -1.489877E+01
        32   8  3.305096E+01 -3.045213E+01  1.102517E+01 -1.668063E-13  2.764767E-12 -1.489877E+01
        33   1  3.389088E+01 -1.652673E+01  8.828162E-02 -8.290119E-13  2.107734E-12 -4.744646E+00
        33   2  3.389088E+01 -1.652673E+01  8.828162E-02 -1.064262E-12  1.786930E-12 -4.744646E+00
        33   3  4.138218E+01 -9.020515E+00  1.935921E+01  3.934385E-13  4.700792E-12 -1.783844E+01
        33   4  4.138218E+01 -9.020515E+00  1.935921E+01  1.639471E-13 -3.545298E-13 -1.783844E+01
        33   5  2.555982E+01 -3.796012E+01 -8.247524E+00  4.608735E-13 -4.258138E-13 -1.802391E+00
        33   6  2.555982E+01 -3.796012E+01 -8.247524E+00 -2.160558E-12 -7.427562E-13 -1.802391E+00
        33   7  3.305096E+01 -3.045213E+01  1.102517E+01  1.159959E-12  4.273416E-12 -1.489877E+01
        33   8  3.305096E+01 -3.045213E+01  1.102517E+01 -1.456857E-12 -7.537923E-13 -1.489877E+01
        34   1  3.389088E+01 -1.652673E+01  8.828162E-02 -2.606343E-12 -4.628838E-12 -4.744646E+00
        34   2  3.389088E+01 -1.652673E+01  8.828162E-02  1.000009E-13 -3.679334E-12 -4.744646E+00
        34   3  4.138218E+01 -9.020515E+00  1.935921E+01 -7.972570E-13 -4.695247E-12 -1.783844E+01
        34   4  4.138218E+01 -9.020515E+00  1.935921E+01  1.903047E-12  1.667690E-13 -1.783844E+01
        34   5  2.555982E+01 -3.796012E+01 -8.247524E+00 -3.855910E-12 -1.953933E-12 -1.802391E+00
        34   6  2.555982E+01 -3.796012E+01 -8.247524E+00  8.808121E-13 -1.042916E-12 -1.802391E+00
        34   7  3.305096E+01 -3.045213E+01  1.102517E+01 -5.004843E-13 -2.333573E-12 -1.489877E+01
        34   8  3.305096E+01 -3.045213E+01  1.102517E+01  4.240397E-12  2.557615E-12 -1.489877E+01
        35   1  3.389088E+01 -1.652673E+01  8.828162E-02  1.509068E-12  8.419569E-13 -4.744646E+00
        35   2  3.389088E+01 -1.652673E+01  8.828162E-02  7.387770E-13  6.710752E-13 -4.744646E+00
        35   3  4.138218E+01 -9.020515E+00  1.935921E+01 -1.746600E-12  3.787770E-12 -1.783844E+01
        35   4  4.138218E+01 -9.020515E+00  1.935921E+01 -2.524259E-12  4.668307E-13 -1.783844E+01
        35   5  2.555982E+01 -3.796012E+01 -8.247524E+00  2.675899E-12  1.174731E-12 -1.802391E+00
        35   6  2.555982E+01 -3.796012E+01 -8.247524E+00  2.723531E-13  1.078443E-12 -1.802391E+00
        35   7  3.305096E+01 -3.045213E+01  1.102517E+01 -9.398361E-13  1.039656E-12 -1.489877E+01
        35   8  3.305096E+01 -3.045213E+01  1.102517E+01 -3.346291E-12 -2.294046E-12 -1.489877E+01
        36   1  3.389088E+01 -1.652673E+01  8.828162E-02  5.220092E-13  2.731066E-12 -4.744646E+00
        36   2  3.389088E+01 -1.652673E+01  8.828162E-02  1.565999E-12  1.090402E-12 -4.744646E+00
        36   3  4.138218E+01 -9.020515E+00  1.935921E+01  9.065305E-13 -3.205348E-12 -1.783844E+01
        36   4  4.138218E+01 -9.020515E+00  1.935921E+01  1.959571E-12 -3.675295E-12 -1.783844E+01
        36   5  2.555982E+01 -3.796012E+01 -8.247524E+00  9.990325E-13  1.659044E-12 -1.802391E+00
        36   6  2.555982E+01 -3.796012E+01 -8.247524E+00  2.587159E-12  4.101117E-14 -1.802391E+00
        36   7  3.305096E+01 -3.045213E+01  1.102517E+01  3.407154E-13 -2.107553E-12 -1.489877E+01
        36   8  3.305096E+01 -3.045213E+01  1.102517E+01  1.930544E-12 -2.619281E-12 -1.489877E+01
        37   1  3.389088E+01 -1.652673E+01  8.828162E-02  1.770655E-12 -1.697752E-12 -4.744646E+00
        37   2  3.389088E+01 -1.652673E+01  8.828162E-02  2.238664E-12 -4.745615E-13 -4.744646E+00
        37   3  4.138218E+01 -9.020515E+00  1.935921E+01  1.419020E-12 -7.632874E-13 -1.783844E+01
        37   4  4.138218E+01 -9.020515E+00  1.935921E+01  1.855094E-12  2.126234E-12 -1.783844E+01
        37   5  2.555982E+01 -3.796012E+01 -8.247524E+00  1.346910E-12 -5.039802E-13 -1.802391E+00
        37   6  2.555982E+01 -3.796012E+01 -8.247524E+00  2.755506E-12  7.240381E-13 -1.802391E+00
        37   7  3.305096E+01 -3.045213E+01  1.102517E+01  2.203497E-12 -7.119527E-14 -1.489877E+01
        37   8  3.305096E+01 -3.045213E+01  1.102517E+01  3.597065E-12  2.843646E-12 -1.489877E+01
        38   1  3.389088E+01 -1.652673E+01  8.828162E-02 -6.132686E-13 -1.214061E-12 -4.744646E+00
        38   2  3.389088E+01 -1.652673E+01  8.828162E-02 -2.724776E-12  3.119141E-13 -4.744646E+00
        38   3  4.138218E+01 -9.020515E+00  1.935921E+01  1.905236E-13  7.093796E-13 -1.783844E+01
        38   4  4.138218E+01 -9.020515E+00  1.935921E+01 -1.912048E-12 -9.648541E-13 -1.783844E+01
        38   5  2.555982E+01 -3.796012E+01 -8.247524E+00  2.316371E-14 -1.846891E-12 -1.802391E+00
        38   6  2.555982E+01 -3.796012E+01 -8.247524E+00 -3.808139E-12 -2.139511E-13 -1.802391E+00
        38   7  3.305096E+01 -3.045213E+01  1.102517E+01  1.382583E-12  1.063415E-12 -1.489877E+01
        38   8  3.305096E+01 -3.045213E+01  1.102517E+01 -2.440675E-12 -5.228205E-13 -1.489877E+01
        39   1  3.389088E+01 -1.652673E+01  8.828162E-02 -6.239118E-13  1.057007E-12 -4.744646E+00
        39   2  3.389088E+01 -1.652673E+01  8.828162E-02  7.399160E-14 -2.077073E-12 -4.744646E+00
        39   3  4.138218E+01 -9.020515E+00  1.935921E+01 -8.171610E-13 -3.015543E-12 -1.783844E+01
        39   4  4.138218E+01 -9.020515E+00  1.935921E+01 -9.953473E-14 -5.414601E-12 -1.783844E+01
        39   5  2.555982E+01 -3.796012E+01 -8.247524E+00 -2.413378E-12  5.083682E-13 -1.802391E+00
        39   6  2.555982E+01 -3.796012E+01 -8.247524E+00 -1.435619E-12 -2.538362E-12 -1.802391E+00
        39   7  3.305096E+01 -3.045213E+01  1.102517E+01 -1.513983E-12 -2.349064E-12 -1.489877E+01
        39   8  3.305096E+01 -3.045213E+01  1.102517E+01 -5.134577E-13 -4.727136E-12 -1.489877E+01
        40   1  3.389088E+01 -1.652673E+01  8.828162E-02  2.044744E-13 -2.072741E-12 -4.744646E+00
        40   2  3.389088E+01 -1.652673E+01  8.828162E-02  1.490964E-13 -3.088946E-13 -4.744646E+00
        40   3  4.138218E+01 -9.020515E+00  1.935921E+01  9.871986E-13 -3.558980E-12 -1.783844E+01
        40   4  4.138218E+01 -9.020515E+00  1.935921E+01  9.216444E-13 -7.837009E-13 -1.783844E+01
        40   5  2.555982E+01 -3.796012E+01 -8.247524E+00  7.282358E-13 -2.523545E-12 -1.802391E+00
        40   6  2.555982E+01 -3.796012E+01 -8.247524E+00  1.237291E-12 -8.717283E-13 -1.802391E+00
        40   7  3.305096E+01 -3.045213E+01  1.102517E+01  5.977184E-13 -3.414435E-12 -1.489877E+01
        40   8  3.305096E+01 -3.045213E+01  1.102517E+01  1.100204E-12 -6.419249E-13 -1.489877E+01
        41   1  1.038676E+02  4.931490E+01  1.123510E+01 -1.501377E-13 -1.708864E-14 -1.643702E+00
        41   2  1.038676E+02  4.931490E+01  1.123510E+01  6.051702E-13 -1.065354E-12 -1.643702E+00
        41   3  1.120200E+02  5.713490E+01  1.941540E+01 -1.312600E-12 -6.564893E-13 -2.145476E+00
        41   4  1.120200E+02  5.713490E+01  1.941540E+01 -5.614878E-13  1.060449E-12 -2.145476E+00
        41   5  7.587411E+01  2.085453E+01 -1.645006E+01  1.394010E-13 -4.547615E-13 -1.419993E+00
        41   6  7.587411E+01  2.085453E+01 -1.645006E+01  2.302417E-12 -1.531700E-12 -1.419993E+00
        41   7  8.364554E+01  2.871315E+01 -7.916152E+00 -1.629701E-12 -1.394252E-12 -1.776312E+00
        41   8  8.364554E+01  2.871315E+01 -7.916152E+00  5.252060E-13  3.199393E-13 -1.776312E+00
        42   1  1.038676E+02  4.931490E+01  1.123510E+01  1.329813E-12  8.737334E-13 -1.643702E+00
        42   2  1.038676E+02  4.931490E+01  1.123510E+01  1.174592E-12  1.956380E-12 -1.643702E+00
        42   3  1.120200E+02  5.713490E+01  1.941540E+01  1.565162E-12  5.209779E-12 -2.145476E+00
        42   4  1.120200E+02  5.713490E+01  1.941540E+01  1.425724E-12  1.903361E-12 -2.145476E+00
        42   5  7.587411E+01  2.085453E+01 -1.645006E+01  3.029867E-12 -4.507961E-13 -1.419993E+00
        42   6  7.587411E+01  2.085453E+01 -1.645006E+01  6.416517E-13  6.796018E-13 -1.419993E+00
        42   7  8.364554E+01  2.871315E+01 -7.916152E+00  3.435440E-12  5.110533E-12 -1.776312E+00
        42   8  8.364554E+01  2.871315E+01 -7.916152E+00  1.060819E-12  1.799879E-12 -1.776312E+00
        43   1  1.038676E+02  4.931490E+01  1.123510E+01  6.420997E-13  1.302531E-12 -1.643702E+00
        43   2  1.038676E+02  4.931490E+01  1.123510E+01 -4.728454E-13  8.420495E-13 -1.643702E+00
        43   3  1.120200E+02  5.713490E+01  1.941540E+01  6.850115E-13 -2.596828E-12 -2.145476E+00
        43   4  1.120200E+02  5.713490E+01  1.941540E+01 -4.395621E-13 -8.848644E-13 -2.145476E+00
        43   5  7.587411E+01  2.085453E+01 -1.645006E+01 -4.317824E-13  1.955983E-12 -1.419993E+00
        43   6  7.587411E+01  2.085453E+01 -1.645006E+01 -4.453123E-13  1.482083E-12 -1.419993E+00
        43   7  8.364554E+01  2.871315E+01 -7.916152E+00 -5.382733E-13 -1.353147E-12 -1.776312E+00
        43   8  8.364554E+01  2.871315E+01 -7.916152E+00 -5.591213E-13  3.689333E-13 -1.776312E+00
        44   1  1.038676E+02  4.931490E+01  1.123510E+01 -1.124292E-12 -2.190088E-12 -1.643702E+00
        44   2  1.038676E+02  4.931490E+01  1.123510E+01 -8.727529E-13 -4.370574E-12 -1.643702E+00
        44   3  1.120200E+02  5.713490E+01  1.941540E+01 -2.005461E-12 -4.338795E-13 -2.145476E+00
        44   4  1.120200E+02  5.713490E+01  1.941540E+01 -1.768221E-12 -7.279849E-13 -2.145476E+00
        44   5  7.587411E+01  2.085453E+01 -1.645006E+01 -1.100576E-13 -2.892754E-12 -1.419993E+00
        44   6  7.587411E+01  2.085453E+01 -1.645006E+01  1.091108E-12 -5.106154E-12 -1.419993E+00
        44   7  8.364554E+01  2.871315E+01 -7.916152E+00 -4.836887E-13 -2.790881E-12 -1.776312E+00
        44   8  8.364554E+01  2.871315E+01 -7.916152E+00  7.174627E-13 -3.088359E-12 -1.776312E+00
        45   1  1.038676E+02  4.931490E+01  1.123510E+01 -1.770950E-13 -1.494486E-12 -1.643702E+00
        45   2  1.038676E+02  4.931490E+01  1.123510E+01  2.356493E-13  5.161989E-12 -1.643702E+00
        45   3  1.120200E+02  5.713490E+01  1.941540E+01  1.606909E-13  1.314592E-12 -2.145476E+00
        45   4  1.120200E+02  5.713490E+01  1.941540E+01  5.978806E-13  2.269389E-12 -2.145476E+00
        45   5  7.587411E+01  2.085453E+01 -1.645006E+01  5.509137E-13 -1.760028E-12 -1.419993E+00
        45   6  7.587411E+01  2.085453E+01 -1.645006E+01 -1.900328E-12  4.936788E-12 -1.419993E+00
        45   7  8.364554E+01  2.871315E+01 -7.916152E+00 -6.447286E-14  7.595777E-13 -1.776312E+00
        45   8  8.364554E+01  2.871315E+01 -7.916152E+00 -2.512178E-12  1.709270E-12 -1.776312E+00
        46   1  1.038676E+02  4.931490E+01  1.123510E+01  8.420627E-13  5.968698E-12 -1.643702E+00
        46   2  1.038676E+02  4.931490E+01  1.123510E+01  8.007749E-13 -3.216272E-13 -1.643702E+00
        46   3  1.120200E+02  5.713490E+01  1.941540E+01  2.477493E-12  6.528758E-13 -2.145476E+00
        46   4  1.120200E+02  5.713490E+01  1.941540E+01  2.411598E-12 -4.997212E-13 -2.145476E+00
        46   5  7.587411E+01  2.085453E+01 -1.645006E+01 -6.048462E-13  5.784022E-12 -1.419993E+00
        46   6  7.587411E+01  2.085453E+01 -1.645006E+01  1.919607E-12 -5.295078E-13 -1.419993E+00
        46   7  8.364554E+01  2.871315E+01 -7.916152E+00  2.277368E-12  1.793988E-12 -1.776312E+00
        46   8  8.364554E+01  2.871315E+01 -7.916152E+00  4.797888E-12  6.357028E-13 -1.776312E+00
        47   1  1.038676E+02  4.931490E+01  1.123510E+01 -1.285468E-14 -6.118974E-12 -1.643702E+00
        47   2  1.038676E+02  4.931490E+01  1.123510E+01 -5.208541E-13 -3.671637E-12 -1.643702E+00
        47   3  1.120200E+02  5.713490E+01  1.941540E+01 -6.807801E-14  5.525270E-13 -2.145476E+00
        47   4  1.120200E+02  5.713490E+01  1.941540E+01 -5.586676E-13  1.107311E-12 -2.145476E+00
        47   5  7.587411E+01  2.085453E+01 -1.645006E+01  1.059129E-12 -2.948484E-12 -1.419993E+00
        47   6  7.587411E+01  2.085453E+01 -1.645006E+01 -3.847009E-13 -4.841522E-13 -1.419993E+00
        47   7  8.364554E+01  2.871315E+01 -7.916152E+00  5.077713E-13  6.109206E-13 -1.776312E+00
        47   8  8.364554E+01  2.871315E+01 -7.916152E+00 -9.337151E-13  1.186539E-12 -1.776312E+00
        48   1  1.038676E+02  4.931490E+01  1.123510E+01 -1.002045E-12  2.884432E-12 -1.643702E+00
        48   2  1.038676E+02  4.931490E+01  1.123510E+01 -1.407745E-12  1.350640E-12 -1.643702E+00
        48   3  1.120200E+02  5.713490E+01  1.941540E+01 -1.416307E-12 -1.946167E-12 -2.145476E+00
        48   4  1.120200E+02  5.713490E+01  1.941540E+01 -1.836051E-12 -1.483150E-12 -2.145476E+00
        48   5  7.587411E+01  2.085453E+01 -1.645006E+01 -4.552048E-13 -3.358148E-14 -1.419993E+00
        48   6  7.587411E+01  2.085453E+01 -1.645006E+01  1.269023E-13 -1.553923E-12 -1.419993E+00
        48   7  8.364554E+01  2.871315E+01 -7.916152E+00 -3.074205E-13 -5.123903E-13 -1.776312E+00
        48   8  8.364554E+01  2.871315E+01 -7.916152E+00  2.695204E-13 -5.447393E-14 -1.776312E+00
        49   1  1.038676E+02  4.931490E+01  1.123510E+01 -9.473235E-13 -5.872504E-12 -1.643702E+00
        49   2  1.038676E+02  4.931490E+01  1.123510E+01  6.214860E-13  8.500271E-13 -1.643702E+00
        49   3  1.120200E+02  5.713490E+01  1.941540E+01 -1.295734E-12 -2.105756E-12 -2.145476E+00
        49   4  1.120200E+02  5.713490E+01  1.941540E+01  2.907365E-13 -1.646431E-12 -2.145476E+00
        49   5  7.587411E+01  2.085453E+01 -1.645006E+01 -3.541785E-13 -4.305938E-12 -1.419993E+00
        49   6  7.587411E+01  2.085453E+01 -1.645006E+01 -1.914653E-12  2.413257E-12 -1.419993E+00
        49   7  8.364554E+01  2.871315E+01 -7.916152E+00 -6.130148E-13 -2.719732E-12 -1.776312E+00
        49   8  8.364554E+01  2.871315E+01 -7.916152E+00 -2.165672E-12 -2.255517E-12 -1.776312E+00
        50   1  1.038676E+02  4.931490E+01  1.123510E+01  1.426130E-12  1.018727E-11 -1.643702E+00
        50   2  1.038676E+02  4.931490E+01  1.123510E+01  6.628842E-13  4.791636E-12 -1.643702E+00
        50   3  1.120200E+02  5.713490E+01  1.941540E+01  2.498851E-12  2.292787E-12 -2.145476E+00
        50   4  1.120200E+02  5.713490E+01  1.941540E+01  1.727080E-12  1.185082E-12 -2.145476E+00
        50   5  7.587411E+01  2.085453E+01 -1.645006E+01 -1.607549E-12  1.017624E-11 -1.419993E+00
        50   6  7.587411E+01  2.085453E+01 -1.645006E+01 -2.209987E-13  4.763610E-12 -1.419993E+00
        50   7  8.364554E+01  2.871315E+01 -7.916152E+00 -7.956932E-13  3.706269E-12 -1.776312E+00
        50   8  8.364554E+01  2.871315E+01 -7.916152E+00  5.881057E-13  2.588973E-12 -1.776312E+00
        51   1  1.013872E+02  4.279787E+01  9.995846E+00 -7.870926E-13 -1.840101E-13 -4.944193E+00
        51   2  1.013872E+02  4.279787E+01  9.995846E+00 -6.775929E-13  2.076276E-12 -4.944193E+00
        51   3  1.173416E+02  5.943401E+01  2.690155E+01  2.432025E-12  1.735014E-12 -8.980553E+00
        51   4  1.173416E+02  5.943401E+01  2.690155E+01  2.541225E-12  2.779574E-12 -8.980553E+00
        51   5  6.031730E+01 -1.905391E+00 -3.011154E+01 -1.894274E-12 -9.512204E-13 -4.508999E+00
        51   6  6.031730E+01 -1.905391E+00 -3.011154E+01 -2.407439E-12  1.321963E-12 -4.508999E+00
        51   7  7.627777E+01  1.474676E+01 -1.319482E+01  1.917965E-12  1.128839E-12 -8.355649E+00
        51   8  7.627777E+01  1.474676E+01 -1.319482E+01  1.405753E-12  2.155890E-12 -8.355649E+00
        52   1  1.013872E+02  4.279787E+01  9.995846E+00 -1.449971E-13  4.898874E-12 -4.944193E+00
        52   2  1.013872E+02  4.279787E+01  9.995846E+00 -2.352309E-12  2.415632E-13 -4.944193E+00
        52   3  1.173416E+02  5.943401E+01  2.690155E+01  1.537908E-13 -2.399460E-13 -8.980553E+00
        52   4  1.173416E+02  5.943401E+01  2.690155E+01 -2.046227E-12 -4.259508E-12 -8.980553E+00
        52   5  6.031730E+01 -1.905391E+00 -3.011154E+01 -6.745730E-13  4.921833E-12 -4.508999E+00
        52   6  6.031730E+01 -1.905391E+00 -3.011154E+01 -2.550808E-12  2.391077E-13 -4.508999E+00
        52   7  7.627777E+01  1.474676E+01 -1.319482E+01 -1.228821E-13 -1.067710E-12 -8.355649E+00
        52   8  7.627777E+01  1.474676E+01 -1.319482E+01 -1.990366E-12 -5.057356E-12 -8.355649E+00
        53   1  1.013872E+02  4.279787E+01  9.995846E+00 -2.303661E-12 -2.304146E-12 -4.944193E+00
        53   2  1.013872E+02  4.279787E+01  9.995846E+00 -6.624297E-13  1.030952E-12 -4.944193E+00
        53   3  1.173416E+02  5.943401E+01  2.690155E+01 -4.748326E-13  2.422680E-12 -8.980553E+00
        53   4  1.173416E+02  5.943401E+01  2.690155E+01  1.139414E-12  7.984142E-12 -8.980553E+00
        53   5  6.031730E+01 -1.905391E+00 -3.011154E+01 -3.205310E-12 -6.774805E-13 -4.508999E+00
        53   6  6.031730E+01 -1.905391E+00 -3.011154E+01 -4.409738E-13  2.657011E-12 -4.508999E+00
        53   7  7.627777E+01  1.474676E+01 -1.319482E+01 -3.021397E-12  4.650309E-12 -8.355649E+00
        53   8  7.627777E+01  1.474676E+01 -1.319482E+01 -2.907576E-13  1.017053E-11 -8.355649E+00
        54   1  1.013872E+02  4.279787E+01  9.995846E+00 -1.219610E-12  5.265447E-13 -4.944193E+00
        54   2  1.013872E+02  4.279787E+01  9.995846E+00  8.085916E-13 -6.358992E-13 -4.944193E+00
        54   3  1.173416E+02  5.943401E+01  2.690155E+01 -2.626128E-13  1.345719E-12 -8.980553E+00
        54   4  1.173416E+02  5.943401E+01  2.690155E+01  1.812921E-12 -4.039499E-12 -8.980553E+00
        54   5  6.031730E+01 -1.905391E+00 -3.011154E+01 -3.961545E-13 -1.667072E-12 -4.508999E+00
        54   6  6.031730E+01 -1.905391E+00 -3.011154E+01 -5.061354E-13 -2.805804E-12 -4.508999E+00
        54   7  7.627777E+01  1.474676E+01 -1.319482E+01 -1.537787E-12  1.426512E-12 -8.355649E+00
        54   8  7.627777E+01  1.474676E+01 -1.319482E+01 -1.593406E-12 -3.918275E-12 -8.355649E+00
        55   1  1.013872E+02  4.279787E+01  9.995846E+00  1.592411E-12 -3.792158E-14 -4.944193E+00
        55   2  1.013872E+02  4.279787E+01  9.995846E+00 -3.491987E-13  3.234720E-13 -4.944193E+00
        55   3  1.173416E+02  5.943401E+01  2.690155E+01 -1.145341E-12 -6.437958E-12 -8.980553E+00
        55   4  1.173416E+02  5.943401E+01  2.690155E+01 -3.127934E-12 -2.005850E-12 -8.980553E+00
        55   5  6.031730E+01 -1.905391E+00 -3.011154E+01  1.094464E-13 -5.184348E-13 -4.508999E+00
        55   6  6.031730E+01 -1.905391E+00 -3.011154E+01  2.350203E-13 -1.844562E-13 -4.508999E+00
        55   7  7.627777E+01  1.474676E+01 -1.319482E+01  2.009620E-12 -6.462654E-12 -8.355649E+00
        55   8  7.627777E+01  1.474676E+01 -1.319482E+01  2.090501E-12 -2.061842E-12 -8.355649E+00
        56   1  1.013872E+02  4.279787E+01  9.995846E+00  1.521123E-12 -1.331961E-13 -4.944193E+00
        56   2  1.013872E+02  4.279787E+01  9.995846E+00  6.351784E-13  5.246345E-13 -4.944193E+00
        56   3  1.173416E+02  5.943401E+01  2.690155E+01  4.989565E-13  3.019409E-12 -8.980553E+00
        56   4  1.173416E+02  5.943401E+01  2.690155E+01 -3.890399E-13  3.453247E-12 -8.980553E+00
        56   5  6.031730E+01 -1.905391E+00 -3.011154E+01  3.574159E-12  8.955645E-13 -4.508999E+00
        56   6  6.031730E+01 -1.905391E+00 -3.011154E+01  2.585418E-12  1.548474E-12 -4.508999E+00
        56   7  7.627777E+01  1.474676E+01 -1.319482E+01 -1.181138E-12  2.374577E-12 -8.355649E+00
        56   8  7.627777E+01  1.474676E+01 -1.319482E+01 -2.169570E-12  2.840659E-12 -8.355649E+00
        57   1  1.013872E+02  4.279787E+01  9.995846E+00 -4.767358E-13  3.088640E-12 -4.944193E+00
        57   2  1.013872E+02  4.279787E+01  9.995846E+00  3.038011E-12  2.253780E-12 -4.944193E+00
        57   3  1.173416E+02  5.943401E+01  2.690155E+01  9.160720E-13  3.316185E-12 -8.980553E+00
        57   4  1.173416E+02  5.943401E+01  2.690155E+01  4.444000E-12  6.913032E-13 -8.980553E+00
        57   5  6.031730E+01 -1.905391E+00 -3.011154E+01  1.812975E-13  2.501300E-12 -4.508999E+00
        57   6  6.031730E+01 -1.905391E+00 -3.011154E+01  2.756256E-12  1.720462E-12 -4.508999E+00
        57   7  7.627777E+01  1.474676E+01 -1.319482E+01  3.477582E-12  4.147873E-12 -8.355649E+00
        57   8  7.627777E+01  1.474676E+01 -1.319482E+01  6.060111E-12  1.510801E-12 -8.355649E+00
        58   1  1.013872E+02  4.279787E+01  9.995846E+00  2.013816E-12 -4.062859E-12 -4.944193E+00
        58   2  1.013872E+02  4.279787E+01  9.995846E+00 -1.360455E-12 -2.641166E-12 -4.944193E+00
        58   3  1.173416E+02  5.943401E+01  2.690155E+01  2.122701E-12 -5.001140E-12 -8.980553E+00
        58   4  1.173416E+02  5.943401E+01  2.690155E+01 -1.246599E-12 -2.974279E-12 -8.980553E+00
        58   5  6.031730E+01 -1.905391E+00 -3.011154E+01  2.473161E-12 -2.274375E-12 -4.508999E+00
        58   6  6.031730E+01 -1.905391E+00 -3.011154E+01 -5.602855E-13 -8.671823E-13 -4.508999E+00
        58   7  7.627777E+01  1.474676E+01 -1.319482E+01  2.245784E-12 -6.678357E-12 -8.355649E+00
        58   8  7.627777E+01  1.474676E+01 -1.319482E+01 -7.799469E-13 -4.636746E-12 -8.355649E+00
        59   1  1.013872E+02  4.279787E+01  9.995846E+00 -1.584815E-12 -9.118879E-14 -4.944193E+00
        59   2  1.013872E+02  4.279787E+01  9.995846E+00 -6.215251E-13 -1.961981E-12 -4.944193E+00
        59   3  1.173416E+02  5.943401E+01  2.690155E+01  7.844918E-14  1.694867E-12 -8.980553E+00
        59   4  1.173416E+02  5.943401E+01  2.690155E+01  1.045938E-12 -3.226606E-13 -8.980553E+00
        59   5  6.031730E+01 -1.905391E+00 -3.011154E+01 -1.814467E-12 -1.054228E-12 -4.508999E+00
        59   6  6.031730E+01 -1.905391E+00 -3.011154E+01 -9.494965E-13 -2.930222E-12 -4.508999E+00
        59   7  7.627777E+01  1.474676E+01 -1.319482E+01 -1.617973E-12  1.891940E-12 -8.355649E+00
        59   8  7.627777E+01  1.474676E+01 -1.319482E+01 -7.471332E-13 -1.326961E-13 -8.355649E+00
        60   1  1.013872E+02  4.279787E+01  9.995846E+00  1.084252E-12 -4.883375E-13 -4.944193E+00
        60   2  1.013872E+02  4.279787E+01  9.995846E+00  1.236422E-12  7.676696E-16 -4.944193E+00
        60   3  1.173416E+02  5.943401E+01  2.690155E+01 -3.682611E-13 -2.401901E-13 -8.980553E+00
        60   4  1.173416E+02  5.943401E+01  2.690155E+01 -2.227514E-13  3.081696E-13 -8.980553E+00
        60   5  6.031730E+01 -1.905391E+00 -3.011154E+01  8.894956E-13  1.299277E-12 -4.508999E+00
        60   6  6.031730E+01 -1.905391E+00 -3.011154E+01  1.081224E-12  1.775813E-12 -4.508999E+00
        60   7  7.627777E+01  1.474676E+01 -1.319482E+01  4.599655E-13  1.041930E-12 -8.355649E+00
        60   8  7.627777E+01  1.474676E+01 -1.319482E+01  6.445521E-13  1.582296E-12 -8.355649E+00

 equivalent plastic strain (elem, integ.pnt.,pe)for set ALLE and time  0.8000000E+01

         1   1  2.570000E-03
         1   2  2.570000E-03
         1   3  2.570000E-03
         1   4  2.570000E-03
         1   5  2.570000E-03
         1   6  2.570000E-03
         1   7  2.570000E-03
         1   8  2.570000E-03
         2   1  2.570000E-03
         2   2  2.570000E-03
         2   3  2.570000E-03
         2   4  2.570000E-03
         2   5  2.570000E-03
         2   6  2.570000E-03
         2   7  2.570000E-03
         2   8  2.570000E-03
         3   1  2.570000E-03
         3   2  2.570000E-03
         3   3  2.570000E-03
         3   4  2.570000E-03
         3   5  2.570000E-03
         3   6  2.570000E-03
         3   7  2.570000E-03
         3   8  2.570000E-03
         4   1  2.570000E-03
         4   2  2.570000E-03
         4   3  2.570000E-03
         4   4  2.570000E-03
         4   5  2.570000E-03
         4   6  2.570000E-03
         4   7  2.570000E-03
         4   8  2.570000E-03
         5   1  2.570000E-03
         5   2  2.570000E-03
         5   3  2.570000E-03
         5   4  2.570000E-03
         5   5  2.570000E-03
         5   6  2.570000E-03
         5   7  2.570000E-03
         5   8  2.570000E-03
         6   1  2.570000E-03
         6   2  2.570000E-03
         6   3  2.570000E-03
         6   4  2.570000E-03
         6   5  2.570000E-03
         6   6  2.570000E-03
         6   7  2.570000E-03
         6   8  2.570000E-03
         7   1  2.570000E-03
         7   2  2.570000E-03
         7   3  2.570000E-03
         7   4  2.570000E-03
         7   5  2.570000E-03
         7   6  2.570000E-03
         7   7  2.570000E-03
         7   8  2.570000E-03
         8   1  2.570000E-03
         8   2  2.570000E-03
         8   3  2.570000E-03
         8   4  2.570000E-03
         8   5  2.570000E-03
         8   6  2.570000E-03
         8   7  2.570000E-03
         8   8  2.570000E-03
         9   1  2.570000E-03
         9   2  2.570000E-03
         9   3  2.570000E-03
         9   4  2.570000E-03
         9   5  2.570000E-03
         9   6  2.570000E-03
         9   7  2.570000E-03
         9   8  2.570000E-03
        10   1  2.570000E-03
        10   2  2.570000E-03
        10   3  2.570000E-03
        10   4  2.570000E-03
        10   5  2.570000E-03
        10   6  2.570000E-03
        10   7  2.570000E-03
        10   8  2.570000E-03
        11   1  2.570000E-03
        11   2  2.570000E-03
        11   3  2.570000E-03
        11   4  2.570000E-03
        11   5  2.570000E-03
        11   6  2.570000E-03
        11   7  2.570000E-03
        11   8  2.570000E-03
        12   1  2.570000E-03
        12   2  2.570000E-03
        12   3  2.570000E-03
        12   4  2.570000E-03
        12   5  2.570000E-03
        12   6  2.570000E-03
        12   7  2.570000E-03
        12   8  2.570000E-03
        13   1  2.570000E-03
        13   2  2.570000E-03
        13   3  2.570000E-03
        13   4  2.570000E-03
        13   5  2.570000E-03
        13   6  2.570000E-03
        13   7  2.570000E-03
        13   8  2.570000E-03
        14   1  2.570000E-03
        14   2  2.570000E-03
        14   3  2.570000E-03
        14   4  2.570000E-03
        14   5  2.570000E-03
        14   6  2.570000E-03
        14   7  2.570000E-03
        14   8  2.570000E-03
        15   1  2.570000E-03
        15   2  2.570000E-03
        15   3  2.570000E-03
        15   4  2.570000E-03
        15   5  2.570000E-03
        15   6  2.570000E-03
        15   7  2.570000E-03
        15   8  2.570000E-03
        16   1  2.570000E-03
        16   2  2.570000E-03
        16   3  2.570000E-03
        16   4  2.570000E-03
        16   5  2.570000E-03
        16   6  2.570000E-03
        16   7  2.570000E-03
        16   8  2.570000E-03
        17   1  2.570000E-03
        17   2  2.570000E-03
        17   3  2.570000E-03
        17   4  2.570000E-03
        17   5  2.570000E-03
        17   6  2.570000E-03
        17   7  2.570000E-03
        17   8  2.570000E-03
        18   1  2.570000E-03
        18   2  2.570000E-03
        18   3  2.570000E-03
        18   4  2.570000E-03
        18   5  2.570000E-03
        18   6  2.570000E-03
        18   7  2.570000E-03
        18   8  2.570000E-03
        19   1  2.570000E-03
        19   2  2.570000E-03
        19   3  2.570000E-03
        19   4  2.570000E-03
        19   5  2.570000E-03
        19   6  2.570000E-03
        19   7  2.570000E-03
        19   8  2.570000E-03
        20   1  2.570000E-03
        20   2  2.570000E-03
        20   3  2.570000E-03
        20   4  2.570000E-03
        20   5  2.570000E-03
        20   6  2.570000E-03
        20   7  2.570000E-03
        20   8  2.570000E-03
        21   1  2.570000E-03
        21   2  2.570000E-03
        21   3  2.570000E-03
        21   4  2.570000E-03
        21   5  2.570000E-03
        21   6  2.570000E-03
        21   7  2.570000E-03
        21   8  2.570000E-03
        22   1  2.570000E-03
        22   2  2.570000E-03
        22   3  2.570000E-03
        22   4  2.570000E-03
        22   5  2.570000E-03
        22   6  2.570000E-03
        22   7  2.570000E-03
        22   8  2.570000E-03
        23   1  2.570000E-03
        23   2  2.570000E-03
        23   3  2.570000E-03
        23   4  2.570000E-03
        23   5  2.570000E-03
        23   6  2.570000E-03
        23   7  2.570000E-03
        23   8  2.570000E-03
        24   1  2.570000E-03
        24   2  2.570000E-03
        24   3  2.570000E-03
        24   4  2.570000E-03
        24   5  2.570000E-03
        24   6  2.570000E-03
        24   7  2.570000E-03
        24   8  2.570000E-03
        25   1  2.570000E-03
        25   2  2.570000E-03
        25   3  2.570000E-03
        25   4  2.570000E-03
        25   5  2.570000E-03
        25   6  2.570000E-03
        25   7  2.570000E-03
        25   8  2.570000E-03
        26   1  2.570000E-03
        26   2  2.570000E-03
        26   3  2.570000E-03
        26   4  2.570000E-03
        26   5  2.570000E-03
        26   6  2.570000E-03
        26   7  2.570000E-03
        26   8  2.570000E-03
        27   1  2.570000E-03
        27   2  2.570000E-03
        27   3  2.570000E-03
        27   4  2.570000E-03
        27   5  2.570000E-03
        27   6  2.570000E-03
        27   7  2.570000E-03
        27   8  2.570000E-03
        28   1  2.570000E-03
        28   2  2.570000E-03
        28   3  2.570000E-03
        28   4  2.570000E-03
        28   5  2.570000E-03
        28   6  2.570000E-03
        28   7  2.570000E-03
        28   8  2.570000E-03
        29   1  2.570000E-03
        29   2  2.570000E-03
        29   3  2.570000E-03
        29   4  2.570000E-03
        29   5  2.570000E-03
        29   6  2.570000E-03
        29   7  2.570000E-03
        29   8  2.570000E-03
        30   1  2.570000E-03
        30   2  2.570000E-03
        30   3  2.570000E-03
        30   4  2.570000E-03
        30   5  2.570000E-03
        30   6  2.570000E-03
        30   7  2.570000E-03
        30   8  2.570000E-03
        31   1  2.570000E-03
        31   2  2.570000E-03
        31   3  2.570000E-03
        31   4  2.570000E-03
        31   5  2.570000E-03
        31   6  2.570000E-03
        31   7  2.570000E-03
        31   8  2.570000E-03
        32   1  2.570000E-03
        32   2  2.570000E-03
        32   3  2.570000E-03
        32   4  2.570000E-03
        32   5  2.570000E-03
        32   6  2.570000E-03
        32   7  2.570000E-03
        32   8  2.570000E-03
        33   1  2.570000E-03
        33   2  2.570000E-03
        33   3  2.570000E-03
        33   4  2.570000E-03
        33   5  2.570000E-03
        33   6  2.570000E-03
        33   7  2.570000E-03
        33   8  2.570000E-03
        34   1  2.570000E-03
        34   2  2.570000E-03
        34   3  2.570000E-03
        34   4  2.570000E-03
        34   5  2.570000E-03
        34   6  2.570000E-03
        34   7  2.570000E-03
        34   8  2.570000E-03
        35   1  2.570000E-03
        35   2  2.570000E-03
        35   3  2.570000E-03
        35   4  2.570000E-03
        35   5  2.570000E-03
        35   6  2.570000E-03
        35   7  2.570000E-03
        35   8  2.570000E-03
        36   1  2.570000E-03
        36   2  2.570000E-03
        36   3  2.570000E-03
        36   4  2.570000E-03
        36   5  2.570000E-03
        36   6  2.570000E-03
        36   7  2.570000E-03
        36   8  2.570000E-03
        37   1  2.570000E-03
        37   2  2.570000E-03
        37   3  2.570000E-03
        37   4  2.570000E-03
        37   5  2.570000E-03
        37   6  2.570000E-03
        37   7  2.570000E-03
        37   8  2.570000E-03
        38   1  2.570000E-03
        38   2  2.570000E-03
        38   3  2.570000E-03
        38   4  2.570000E-03
        38   5  2.570000E-03
        38   6  2.570000E-03
        38   7  2.570000E-03
        38   8  2.570000E-03
        39   1  2.570000E-03
        39   2  2.570000E-03
        39   3  2.570000E-03
        39   4  2.570000E-03
        39   5  2.570000E-03
        39   6  2.570000E-03
        39   7  2.570000E-03
        39   8  2.570000E-03
        40   1  2.570000E-03
        40   2  2.570000E-03
        40   3  2.570000E-03
        40   4  2.570000E-03
        40   5  2.570000E-03
        40   6  2.570000E-03
        40   7  2.570000E-03
        40   8  2.570000E-03
        41   1  2.050995E-03
        41   2  2.050995E-03
        41   3  2.043561E-03
        41   4  2.043561E-03
        41   5  2.077859E-03
        41   6  2.077859E-03
        41   7  2.072895E-03
        41   8  2.072895E-03
        42   1  2.050995E-03
        42   2  2.050995E-03
        42   3  2.043561E-03
        42   4  2.043561E-03
        42   5  2.077859E-03
        42   6  2.077859E-03
        42   7  2.072895E-03
        42   8  2.072895E-03
        43   1  2.050995E-03
        43   2  2.050995E-03
        43   3  2.043561E-03
        43   4  2.043561E-03
        43   5  2.077859E-03
        43   6  2.077859E-03
        43   7  2.072895E-03
        43   8  2.072895E-03
        44   1  2.050995E-03
        44   2  2.050995E-03
        44   3  2.043561E-03
        44   4  2.043561E-03
        44   5  2.077859E-03
        44   6  2.077859E-03
        44   7  2.072895E-03
        44   8  2.072895E-03
        45   1  2.050995E-03
        45   2  2.050995E-03
        45   3  2.043561E-03
        45   4  2.043561E-03
        45   5  2.077859E-03
        45   6  2.077859E-03
        45   7  2.072895E-03
        45   8  2.072895E-03
        46   1  2.050995E-03
        46   2  2.050995E-03
        46   3  2.043561E-03
        46   4  2.043561E-03
        46   5  2.077859E-03
        46   6  2.077859E-03
        46   7  2.072895E-03
        46   8  2.072895E-03
        47   1  2.050995E-03
        47   2  2.050995E-03
        47   3  2.043561E-03
        47   4  2.043561E-03
        47   5  2.077859E-03
        47   6  2.077859E-03
        47   7  2.072895E-03
        47   8  2.072895E-03
        48   1  2.050995E-03
        48   2  2.050995E-03
        48   3  2.043561E-03
        48   4  2.043561E-03
        48   5  2.077859E-03
        48   6  2.077859E-03
        48   7  2.072895E-03
        48   8  2.072895E-03
        49   1  2.050995E-03
        49   2  2.050995E-03
        49   3  2.043561E-03
        49   4  2.043561E-03
        49   5  2.077859E-03
        49   6  2.077859E-03
        49   7  2.072895E-03
        49   8  2.072895E-03
        50   1  2.050995E-03
        50   2  2.050995E-03
        50   3  2.043561E-03
        50   4  2.043561E-03
        50   5  2.077859E-03
        50   6  2.077859E-03
        50   7  2.072895E-03
        50   8  2.072895E-03
        51   1  2.043539E-03
        51   2  2.043539E-03
        51   3  2.053147E-03
        51   4  2.053147E-03
        51   5  2.086276E-03
        51   6  2.086276E-03
        51   7  2.094839E-03
        51   8  2.094839E-03
        52   1  2.043539E-03
        52   2  2.043539E-03
        52   3  2.053147E-03
        52   4  2.053147E-03
        52   5  2.086276E-03
        52   6  2.086276E-03
        52   7  2.094839E-03
        52   8  2.094839E-03
        53   1  2.043539E-03
        53   2  2.043539E-03
        53   3  2.053147E-03
        53   4  2.053147E-03
        53   5  2.086276E-03
        53   6  2.086276E-03
        53   7  2.094839E-03
        53   8  2.094839E-03
        54   1  2.043539E-03
        54   2  2.043539E-03
        54   3  2.053147E-03
        54   4  2.053147E-03
        54   5  2.086276E-03
        54   6  2.086276E-03
        54   7  2.094839E-03
        54   8  2.094839E-03
        55   1  2.043539E-03
        55   2  2.043539E-03
        55   3  2.053147E-03
        55   4  2.053147E-03
        55   5  2.086276E-03
        55   6  2.086276E-03
        55   7  2.094839E-03
        55   8  2.094839E-03
        56   1  2.043539E-03
        56   2  2.043539E-03
        56   3  2.053147E-03
        56   4  2.053147E-03
        56   5  2.086276E-03
        56   6  2.086276E-03
        56   7  2.094839E-03
        56   8  2.094839E-03
        57   1  2.043539E-03
        57   2  2.043539E-03
        57   3  2.053147E-03
        57   4  2.053147E-03
        57   5  2.086276E-03
        57   6  2.086276E-03
        57   7  2.094839E-03
        57   8  2.094839E-03
        58   1  2.043539E-03
        58   2  2.043539E-03
        58   3  2.053147E-03
        58   4  2.053147E-03
        58   5  2.086276E-03
        58   6  2.086276E-03
        58   7  2.094839E-03
        58   8  2.094839E-03
        59   1  2.043539E-03
        59   2  2.043539E-03
        59   3  2.053147E-03
        59   4  2.053147E-03
        59   5  2.086276E-03
        59   6  2.086276E-03
        59   7  2.094839E-03
        59   8  2.094839E-03
        60   1  2.043539E-03
        60   2  2.043539E-03
        60   3  2.053147E-03
        60   4  2.053147E-03
        60   5  2.086276E-03
        60   6  2.086276E-03
        60   7  2.094839E-03
        60   8  2.094839E-03

 mechanical strains (elem, integ.pnt.,exx,eyy,ezz,exy,exz,eyz) for set ALLE and time  0.8000000E+01

         1   1  6.215030E-35 -6.698370E-06  4.017054E-05 -3.562686E-19 -2.256687E-18 -8.717328E-06
         1   2  6.215030E-35 -6.698370E-06  4.017054E-05 -9.046292E-19 -2.364660E-17 -8.717328E-06
         1   3  9.232723E-37 -6.698370E-06  2.124769E-05 -7.809288E-19 -8.000250E-18 -2.780241E-05
         1   4  9.232723E-37 -6.698370E-06  2.124769E-05 -1.329289E-18 -3.082330E-17 -2.780241E-05
         1   5  8.705394E-34 -2.578322E-05  4.017054E-05  1.218898E-18  1.296675E-17 -1.344827E-05
         1   6  8.705394E-34 -2.578322E-05  4.017054E-05 -4.603395E-20 -8.423163E-18 -1.344827E-05
         1   7  8.231489E-35 -2.578322E-05  2.124769E-05  5.815032E-18 -7.034440E-18 -3.253289E-05
         1   8  8.231489E-35 -2.578322E-05  2.124769E-05  4.550100E-18 -2.985749E-17 -3.253289E-05
         2   1  1.201769E-34 -6.698370E-06  4.017054E-05 -3.803430E-18 -3.734834E-17 -8.717328E-06
         2   2  1.201769E-34 -6.698370E-06  4.017054E-05 -8.417588E-18 -1.722943E-17 -8.717328E-06
         2   3  3.872338E-35 -6.698370E-06  2.124769E-05 -6.985629E-18 -2.693271E-17 -2.780241E-05
         2   4  3.872338E-35 -6.698370E-06  2.124769E-05 -1.159979E-17  9.349060E-18 -2.780241E-05
         2   5  1.638636E-33 -2.578322E-05  4.017054E-05  2.025371E-19 -5.828720E-17 -1.344827E-05
         2   6  1.638636E-33 -2.578322E-05  4.017054E-05  3.669811E-18 -3.816829E-17 -1.344827E-05
         2   7  4.817797E-35 -2.578322E-05  2.124769E-05  3.274310E-18 -2.879667E-17 -3.253289E-05
         2   8  4.817797E-35 -2.578322E-05  2.124769E-05  6.741583E-18  7.485103E-18 -3.253289E-05
         3   1  2.245187E-34 -6.698370E-06  4.017054E-05  6.730167E-19  4.037665E-18 -8.717328E-06
         3   2  2.245187E-34 -6.698370E-06  4.017054E-05  1.586991E-18  7.116043E-18 -8.717328E-06
         3   3  2.471393E-33 -6.698370E-06  2.124769E-05  2.602687E-17  2.396944E-17 -2.780241E-05
         3   4  2.471393E-33 -6.698370E-06  2.124769E-05  2.694084E-17  9.343790E-18 -2.780241E-05
         3   5  8.050929E-34 -2.578322E-05  4.017054E-05  7.115270E-18  1.800542E-17 -1.344827E-05
         3   6  8.050929E-34 -2.578322E-05  4.017054E-05 -8.227719E-19  2.108380E-17 -1.344827E-05
         3   7  2.080150E-33 -2.578322E-05  2.124769E-05  2.406942E-17  4.039881E-17 -3.253289E-05
         3   8  2.080150E-33 -2.578322E-05  2.124769E-05  1.613138E-17  2.577315E-17 -3.253289E-05
         4   1  6.519584E-36 -6.698370E-06  4.017054E-05 -5.049324E-18  2.885103E-18 -8.717328E-06
         4   2  6.519584E-36 -6.698370E-06  4.017054E-05 -3.549038E-18  3.312280E-18 -8.717328E-06
         4   3  1.368079E-34 -6.698370E-06  2.124769E-05 -2.399928E-19 -6.455228E-18 -2.780241E-05
         4   4  1.368079E-34 -6.698370E-06  2.124769E-05  1.260293E-18 -4.841131E-18 -2.780241E-05
         4   5  4.582719E-36 -2.578322E-05  4.017054E-05 -9.383705E-18  1.788470E-18 -1.344827E-05
         4   6  4.582719E-36 -2.578322E-05  4.017054E-05 -7.289960E-18  2.215647E-18 -1.344827E-05
         4   7  7.045412E-34 -2.578322E-05  2.124769E-05 -9.972578E-18 -2.018236E-17 -3.253289E-05
         4   8  7.045412E-34 -2.578322E-05  2.124769E-05 -7.878833E-18 -1.856827E-17 -3.253289E-05
         5   1 -1.110223E-16 -6.698370E-06  4.017054E-05 -2.137591E-19 -7.198948E-19 -8.717328E-06
         5   2 -1.110223E-16 -6.698370E-06  4.017054E-05  6.929203E-18 -1.021676E-17 -8.717328E-06
         5   3  1.057403E-34 -6.698370E-06  2.124769E-05  5.063856E-18 -3.969886E-18 -2.780241E-05
         5   4  1.057403E-34 -6.698370E-06  2.124769E-05  1.220682E-17 -1.434902E-17 -2.780241E-05
         5   5 -1.110223E-16 -2.578322E-05  4.017054E-05 -2.184229E-18 -3.764223E-18 -1.344827E-05
         5   6 -1.110223E-16 -2.578322E-05  4.017054E-05  4.517601E-18 -1.326109E-17 -1.344827E-05
         5   7 -1.110223E-16 -2.578322E-05  2.124769E-05  2.379036E-18 -6.551541E-18 -3.253289E-05
         5   8 -1.110223E-16 -2.578322E-05  2.124769E-05  9.080865E-18 -1.693067E-17 -3.253289E-05
         6   1  9.641636E-35 -6.698370E-06  4.017054E-05  2.757845E-18 -9.363183E-18 -8.717328E-06
         6   2  9.641636E-35 -6.698370E-06  4.017054E-05  8.432918E-18  5.335565E-19 -8.717328E-06
         6   3  1.399865E-33 -6.698370E-06  2.124769E-05 -1.617874E-17 -9.481828E-18 -2.780241E-05
         6   4  1.399865E-33 -6.698370E-06  2.124769E-05 -1.050367E-17 -3.549686E-18 -2.780241E-05
         6   5  6.529290E-35 -2.578322E-05  4.017054E-05  1.143413E-18 -1.047463E-17 -1.344827E-05
         6   6  6.529290E-35 -2.578322E-05  4.017054E-05  4.836187E-18 -5.778946E-19 -1.344827E-05
         6   7  1.702500E-33 -2.578322E-05  2.124769E-05 -1.390403E-17  5.675448E-18 -3.253289E-05
         6   8  1.702500E-33 -2.578322E-05  2.124769E-05 -1.021125E-17  1.160759E-17 -3.253289E-05
         7   1  2.057608E-34 -6.698370E-06  4.017054E-05  5.261940E-18  1.012750E-17 -8.717328E-06
         7   2  2.057608E-34 -6.698370E-06  4.017054E-05 -7.159377E-18  7.079727E-18 -8.717328E-06
         7   3  1.623091E-33 -6.698370E-06  2.124769E-05 -1.559195E-17 -2.421480E-18 -2.780241E-05
         7   4  1.623091E-33 -6.698370E-06  2.124769E-05 -2.801327E-17  9.360921E-18 -2.780241E-05
         7   5  1.253821E-33 -2.578322E-05  4.017054E-05  7.519944E-18  2.837672E-17 -1.344827E-05
         7   6  1.253821E-33 -2.578322E-05  4.017054E-05  2.513715E-18  2.532894E-17 -1.344827E-05
         7   7  1.539714E-34 -2.578322E-05  2.124769E-05  1.118970E-18 -1.897338E-18 -3.253289E-05
         7   8  1.539714E-34 -2.578322E-05  2.124769E-05 -3.887259E-18  9.885063E-18 -3.253289E-05
         8   1  1.686698E-34 -6.698370E-06  4.017054E-05  3.007670E-18 -6.234034E-18 -8.717328E-06
         8   2  1.686698E-34 -6.698370E-06  4.017054E-05  9.106288E-18 -8.573536E-22 -8.717328E-06
         8   3  6.716302E-34 -6.698370E-06  2.124769E-05  1.625347E-17  9.198955E-18 -2.780241E-05
         8   4  6.716302E-34 -6.698370E-06  2.124769E-05  2.235208E-17  5.429494E-18 -2.780241E-05
         8   5  1.697083E-33 -2.578322E-05  4.017054E-05  4.550038E-18 -2.754370E-17 -1.344827E-05
         8   6  1.697083E-33 -2.578322E-05  4.017054E-05  5.647338E-18 -2.131052E-17 -1.344827E-05
         8   7  2.694407E-34 -2.578322E-05  2.124769E-05  7.617676E-18  1.275836E-18 -3.253289E-05
         8   8  2.694407E-34 -2.578322E-05  2.124769E-05  8.714976E-18 -2.493625E-18 -3.253289E-05
         9   1  2.157352E-35 -6.698370E-06  4.017054E-05  8.015584E-18  7.712942E-18 -8.717328E-06
         9   2  2.157352E-35 -6.698370E-06  4.017054E-05  7.923809E-18 -6.652393E-18 -8.717328E-06
         9   3  7.145467E-35 -6.698370E-06  2.124769E-05  1.227476E-17  1.193798E-18 -2.780241E-05
         9   4  7.145467E-35 -6.698370E-06  2.124769E-05  1.218298E-17 -1.827528E-17 -2.780241E-05
         9   5  2.337431E-34 -2.578322E-05  4.017054E-05  4.641221E-18  1.561167E-17 -1.344827E-05
         9   6  2.337431E-34 -2.578322E-05  4.017054E-05  1.997572E-18  1.246334E-18 -1.344827E-05
         9   7  6.525381E-35 -2.578322E-05  2.124769E-05  6.508953E-18  4.935286E-18 -3.253289E-05
         9   8  6.525381E-35 -2.578322E-05  2.124769E-05  3.865304E-18 -1.453380E-17 -3.253289E-05
        10   1  2.064666E-36 -6.698370E-06  4.017054E-05  4.662784E-18 -1.071253E-17 -8.717328E-06
        10   2  2.064666E-36 -6.698370E-06  4.017054E-05  1.007483E-18 -2.167029E-18 -8.717328E-06
        10   3  8.549464E-36 -6.698370E-06  2.124769E-05  3.759956E-18 -1.945370E-17 -2.780241E-05
        10   4  8.549464E-36 -6.698370E-06  2.124769E-05  1.046555E-19 -3.997734E-18 -2.780241E-05
        10   5  2.665133E-35 -2.578322E-05  4.017054E-05 -4.111315E-19 -8.087522E-18 -1.344827E-05
        10   6  2.665133E-35 -2.578322E-05  4.017054E-05 -6.112008E-19  4.579837E-19 -1.344827E-05
        10   7  8.977832E-35 -2.578322E-05  2.124769E-05 -2.283060E-18 -1.491990E-17 -3.253289E-05
        10   8  8.977832E-35 -2.578322E-05  2.124769E-05 -2.483129E-18  5.360691E-19 -3.253289E-05
        11   1  6.151536E-35  6.150911E-06  5.604845E-05 -9.706855E-18 -7.915827E-18 -2.531851E-05
        11   2  6.151536E-35  6.150911E-06  5.604845E-05 -2.111302E-17 -2.846374E-17 -2.531851E-05
        11   3  7.098676E-34  6.150911E-06  1.700565E-04 -2.280846E-17 -1.939314E-18 -3.267603E-05
        11   4  7.098676E-34  6.150911E-06  1.700565E-04 -3.421462E-17 -1.483830E-17 -3.267603E-05
        11   5  4.414877E-35 -1.204953E-06  5.604845E-05  1.686532E-18 -8.993604E-18  3.181854E-06
        11   6  4.414877E-35 -1.204953E-06  5.604845E-05 -5.895165E-18 -2.954152E-17  3.181854E-06
        11   7 -1.110223E-16 -1.204953E-06  1.700565E-04 -7.876807E-18  5.648531E-18 -4.172358E-06
        11   8 -1.110223E-16 -1.204953E-06  1.700565E-04 -1.545850E-17 -7.250452E-18 -4.172358E-06
        12   1  1.249871E-34  6.150911E-06  5.604845E-05 -1.297530E-17 -2.125254E-17 -2.531851E-05
        12   2  1.249871E-34  6.150911E-06  5.604845E-05 -1.565314E-17  1.380962E-17 -2.531851E-05
        12   3  3.876290E-33  6.150911E-06  1.700565E-04  2.328564E-17 -1.615104E-17 -3.267603E-05
        12   4  3.876290E-33  6.150911E-06  1.700565E-04  2.060780E-17 -5.838102E-19 -3.267603E-05
        12   5  3.074653E-34 -1.204953E-06  5.604845E-05 -6.624386E-18 -1.714274E-17  3.181854E-06
        12   6  3.074653E-34 -1.204953E-06  5.604845E-05 -1.904968E-17  1.791942E-17  3.181854E-06
        12   7  1.435046E-33 -1.204953E-06  1.700565E-04  9.042447E-18 -1.478898E-17 -4.172358E-06
        12   8  1.435046E-33 -1.204953E-06  1.700565E-04 -3.382851E-18  7.782475E-19 -4.172358E-06
        13   1  2.405962E-33  6.150911E-06  5.604845E-05  1.051581E-17  2.450534E-17 -2.531851E-05
        13   2  2.405962E-33  6.150911E-06  5.604845E-05  1.225974E-17  8.205662E-18 -2.531851E-05
        13   3  1.388981E-34  6.150911E-06  1.700565E-04 -1.583052E-17  6.037976E-18 -3.267603E-05
        13   4  1.388981E-34  6.150911E-06  1.700565E-04 -1.408659E-17  2.868811E-18 -3.267603E-05
        13   5  2.303420E-33 -1.204953E-06  5.604845E-05 -4.125295E-18  3.907942E-17  3.181854E-06
        13   6  2.303420E-33 -1.204953E-06  5.604845E-05  4.183890E-18  2.277974E-17  3.181854E-06
        13   7  1.183187E-33 -1.204953E-06  1.700565E-04 -9.269698E-18  1.307677E-17 -4.172358E-06
        13   8  1.183187E-33 -1.204953E-06  1.700565E-04 -9.605129E-19  9.907609E-18 -4.172358E-06
        14   1  1.396498E-34  6.150911E-06  5.604845E-05 -1.160761E-17 -7.038456E-18 -2.531851E-05
        14   2  1.396498E-34  6.150911E-06  5.604845E-05 -1.472176E-18 -2.087828E-18 -2.531851E-05
        14   3  1.973526E-35  6.150911E-06  1.700565E-04 -1.781973E-17  7.086016E-19 -3.267603E-05
        14   4  1.973526E-35  6.150911E-06  1.700565E-04 -7.684299E-18  1.358788E-17 -3.267603E-05
        14   5  9.285051E-34 -1.204953E-06  5.604845E-05 -1.350874E-17 -2.276927E-17  3.181854E-06
        14   6  9.285051E-34 -1.204953E-06  5.604845E-05  5.910168E-19 -1.781864E-17  3.181854E-06
        14   7  4.270642E-34 -1.204953E-06  1.700565E-04 -6.368347E-18 -7.872373E-18 -4.172358E-06
        14   8  4.270642E-34 -1.204953E-06  1.700565E-04  7.731410E-18  5.006908E-18 -4.172358E-06
        15   1  1.814950E-36  6.150911E-06  5.604845E-05  6.140962E-19  2.772914E-19 -2.531851E-05
        15   2  1.814950E-36  6.150911E-06  5.604845E-05  1.013796E-17 -1.423322E-17 -2.531851E-05
        15   3  9.352619E-34  6.150911E-06  1.700565E-04 -2.177402E-17  1.513307E-17 -3.267603E-05
        15   4  9.352619E-34  6.150911E-06  1.700565E-04 -1.225015E-17 -9.782319E-18 -3.267603E-05
        15   5  3.552028E-36 -1.204953E-06  5.604845E-05  4.470256E-18  5.692692E-19  3.181854E-06
        15   6  3.552028E-36 -1.204953E-06  5.604845E-05  8.791681E-18 -1.394124E-17  3.181854E-06
        15   7  1.607838E-33 -1.204953E-06  1.700565E-04 -2.060153E-17  2.280722E-17 -4.172358E-06
        15   8  1.607838E-33 -1.204953E-06  1.700565E-04 -1.628010E-17 -2.108167E-18 -4.172358E-06
        16   1  1.723994E-33  6.150911E-06  5.604845E-05 -1.261308E-17 -1.319996E-17 -2.531851E-05
        16   2  1.723994E-33  6.150911E-06  5.604845E-05 -2.685395E-18 -9.350640E-18 -2.531851E-05
        16   3  6.830757E-34  6.150911E-06  1.700565E-04 -2.025680E-18 -2.324024E-17 -3.267603E-05
        16   4  6.830757E-34  6.150911E-06  1.700565E-04  7.902005E-18 -2.111671E-17 -3.267603E-05
        16   5  1.697384E-33 -1.204953E-06  5.604845E-05 -7.281818E-18  5.701284E-19  3.181854E-06
        16   6  1.697384E-33 -1.204953E-06  5.604845E-05  1.782976E-18  4.419446E-18  3.181854E-06
        16   7  4.272823E-34 -1.204953E-06  1.700565E-04  3.148093E-18 -2.954380E-17 -4.172358E-06
        16   8  4.272823E-34 -1.204953E-06  1.700565E-04  1.221289E-17 -2.742027E-17 -4.172358E-06
        17   1  5.620906E-34  6.150911E-06  5.604845E-05  4.112401E-18 -4.835901E-18 -2.531851E-05
        17   2  5.620906E-34  6.150911E-06  5.604845E-05 -2.065644E-17  2.161500E-17 -2.531851E-05
        17   3 -1.110223E-16  6.150911E-06  1.700565E-04  5.718679E-17  1.115970E-18 -3.267603E-05
        17   4 -1.110223E-16  6.150911E-06  1.700565E-04  3.241795E-17  5.281180E-17 -3.267603E-05
        17   5  1.830969E-34 -1.204953E-06  5.604845E-05  1.523648E-17 -9.030866E-18  3.181854E-06
        17   6  1.830969E-34 -1.204953E-06  5.604845E-05  3.090098E-18  1.742004E-17  3.181854E-06
        17   7  7.255836E-36 -1.204953E-06  1.700565E-04  2.459585E-17  1.752649E-18 -4.172358E-06
        17   8  7.255836E-36 -1.204953E-06  1.700565E-04  1.244947E-17  5.344848E-17 -4.172358E-06
        18   1  7.601828E-35  6.150911E-06  5.604845E-05 -2.739285E-19  2.223491E-17 -2.531851E-05
        18   2  7.601828E-35  6.150911E-06  5.604845E-05  1.830143E-17 -2.355951E-18 -2.531851E-05
        18   3  3.290150E-33  6.150911E-06  1.700565E-04 -4.668349E-17  4.241938E-17 -3.267603E-05
        18   4  3.290150E-33  6.150911E-06  1.700565E-04 -2.810813E-17 -2.905398E-17 -3.267603E-05
        18   5  7.240832E-35 -1.204953E-06  5.604845E-05  3.627982E-18  1.788014E-17  3.181854E-06
        18   6  7.240832E-35 -1.204953E-06  5.604845E-05 -1.237903E-18 -6.710725E-18  3.181854E-06
        18   7  8.771876E-34 -1.204953E-06  1.700565E-04 -1.334650E-17  3.442516E-17 -4.172358E-06
        18   8  8.771876E-34 -1.204953E-06  1.700565E-04 -1.821239E-17 -3.704819E-17 -4.172358E-06
        19   1  2.428623E-35  6.150911E-06  5.604845E-05  1.675465E-17 -1.300877E-17 -2.531851E-05
        19   2  2.428623E-35  6.150911E-06  5.604845E-05  8.106833E-19 -2.330465E-17 -2.531851E-05
        19   3  1.066096E-34  6.150911E-06  1.700565E-04  6.013235E-18 -4.529179E-17 -3.267603E-05
        19   4  1.066096E-34  6.150911E-06  1.700565E-04 -9.930730E-18 -2.542226E-17 -3.267603E-05
        19   5  3.384478E-35 -1.204953E-06  5.604845E-05  1.188734E-18 -1.158400E-17  3.181854E-06
        19   6  3.384478E-35 -1.204953E-06  5.604845E-05  3.274717E-19 -2.187988E-17  3.181854E-06
        19   7  4.610658E-35 -1.204953E-06  1.700565E-04  2.257034E-18 -4.603664E-17 -4.172358E-06
        19   8  4.610658E-35 -1.204953E-06  1.700565E-04  1.395772E-18 -2.616711E-17 -4.172358E-06
        20   1  2.499762E-36  6.150911E-06  5.604845E-05 -6.111367E-18 -2.080106E-17 -2.531851E-05
        20   2  2.499762E-36  6.150911E-06  5.604845E-05 -1.220831E-18 -4.869216E-18 -2.531851E-05
        20   3  8.720591E-35  6.150911E-06  1.700565E-04 -2.850696E-19 -1.574349E-17 -3.267603E-05
        20   4  8.720591E-35  6.150911E-06  1.700565E-04  4.605467E-18 -5.422002E-18 -3.267603E-05
        20   5  2.578763E-35 -1.204953E-06  5.604845E-05 -2.936043E-18 -1.817337E-17  3.181854E-06
        20   6  2.578763E-35 -1.204953E-06  5.604845E-05 -8.506831E-19 -2.241526E-18  3.181854E-06
        20   7  2.203850E-34 -1.204953E-06  1.700565E-04  5.675397E-18 -2.022694E-17 -4.172358E-06
        20   8  2.203850E-34 -1.204953E-06  1.700565E-04  7.760758E-18 -9.905446E-18 -4.172358E-06
        21   1  8.287515E-34 -4.483607E-05  7.602264E-05  2.504089E-18  2.076602E-17 -2.182509E-05
        21   2  8.287515E-34 -4.483607E-05  7.602264E-05  6.815632E-19  2.256085E-17 -2.182509E-05
        21   3  2.998981E-34 -4.483607E-05  5.894649E-05  1.117142E-17 -3.063435E-18 -5.479369E-05
        21   4  2.998981E-34 -4.483607E-05  5.894649E-05  9.348893E-18 -2.882211E-18 -5.479369E-05
        21   5  7.649468E-35 -7.780409E-05  7.602264E-05  4.442011E-18  3.662749E-18 -2.609471E-05
        21   6  7.649468E-35 -7.780409E-05  7.602264E-05  1.812680E-18  5.457581E-18 -2.609471E-05
        21   7  1.341602E-33 -7.780409E-05  5.894649E-05  1.920603E-17 -1.618423E-17 -5.906215E-05
        21   8  1.341602E-33 -7.780409E-05  5.894649E-05  1.657670E-17 -1.600300E-17 -5.906215E-05
        22   1  1.627698E-33 -4.483607E-05  7.602264E-05 -2.133067E-19 -2.452999E-17 -2.182509E-05
        22   2  1.627698E-33 -4.483607E-05  7.602264E-05  4.560438E-18 -2.216282E-17 -2.182509E-05
        22   3  5.181637E-35 -4.483607E-05  5.894649E-05  3.051774E-18 -4.573757E-18 -5.479369E-05
        22   4  5.181637E-35 -4.483607E-05  5.894649E-05  7.825518E-18 -1.123076E-17 -5.479369E-05
        22   5  1.082400E-34 -7.780409E-05  7.602264E-05 -5.357635E-18 -3.326772E-18 -2.609471E-05
        22   6  1.082400E-34 -7.780409E-05  7.602264E-05 -5.095979E-18 -9.596009E-19 -2.609471E-05
        22   7  2.271579E-35 -7.780409E-05  5.894649E-05 -7.812342E-18 -2.449416E-18 -5.906215E-05
        22   8  2.271579E-35 -7.780409E-05  5.894649E-05 -7.550685E-18 -9.106421E-18 -5.906215E-05
        23   1  7.393838E-34 -4.483607E-05  7.602264E-05  7.312122E-18  2.325547E-17 -2.182509E-05
        23   2  7.393838E-34 -4.483607E-05  7.602264E-05 -1.270883E-18  1.663079E-17 -2.182509E-05
        23   3  1.795207E-33 -4.483607E-05  5.894649E-05  2.190619E-17  1.391148E-17 -5.479369E-05
        23   4  1.795207E-33 -4.483607E-05  5.894649E-05  1.332319E-17  2.146670E-17 -5.479369E-05
        23   5  8.945459E-35 -7.780409E-05  7.602264E-05  1.407458E-18  7.622903E-18 -2.609471E-05
        23   6  8.945459E-35 -7.780409E-05  7.602264E-05 -8.560414E-20  9.982309E-19 -2.609471E-05
        23   7  1.086794E-33 -7.780409E-05  5.894649E-05  1.794949E-17 -2.735207E-18 -5.906215E-05
        23   8  1.086794E-33 -7.780409E-05  5.894649E-05  1.645643E-17  4.820007E-18 -5.906215E-05
        24   1  5.208492E-35 -4.483607E-05  7.602264E-05 -1.049332E-17 -1.112911E-18 -2.182509E-05
        24   2  5.208492E-35 -4.483607E-05  7.602264E-05 -8.579900E-18 -5.877368E-18 -2.182509E-05
        24   3  6.310290E-34 -4.483607E-05  5.894649E-05 -1.442295E-17 -1.760165E-17 -5.479369E-05
        24   4  6.310290E-34 -4.483607E-05  5.894649E-05 -1.250953E-17 -2.453834E-17 -5.479369E-05
        24   5  1.116668E-33 -7.780409E-05  7.602264E-05 -9.189989E-18  1.745444E-17 -2.609471E-05
        24   6  1.116668E-33 -7.780409E-05  7.602264E-05 -8.362683E-18  1.268998E-17 -2.609471E-05
        24   7  2.257534E-34 -7.780409E-05  5.894649E-05 -1.685951E-17  1.100282E-18 -5.906215E-05
        24   8  2.257534E-34 -7.780409E-05  5.894649E-05 -1.603221E-17 -5.836405E-18 -5.906215E-05
        25   1 -1.110223E-16 -4.483607E-05  7.602264E-05 -3.056366E-18 -1.577036E-17 -2.182509E-05
        25   2 -1.110223E-16 -4.483607E-05  7.602264E-05  2.256997E-18 -1.808507E-18 -2.182509E-05
        25   3 -1.110223E-16 -4.483607E-05  5.894649E-05  8.744248E-19 -1.007487E-17 -5.479369E-05
        25   4 -1.110223E-16 -4.483607E-05  5.894649E-05  6.187788E-18 -2.817480E-18 -5.479369E-05
        25   5 -1.110223E-16 -7.780409E-05  7.602264E-05 -3.469428E-18 -2.421633E-17 -2.609471E-05
        25   6 -1.110223E-16 -7.780409E-05  7.602264E-05 -1.508294E-18 -1.025448E-17 -2.609471E-05
        25   7  4.490813E-35 -7.780409E-05  5.894649E-05 -5.521696E-19 -4.924062E-18 -5.906215E-05
        25   8  4.490813E-35 -7.780409E-05  5.894649E-05  1.408964E-18  2.333332E-18 -5.906215E-05
        26   1  3.777511E-35 -4.483607E-05  7.602264E-05  6.595227E-19  9.530089E-18 -2.182509E-05
        26   2  3.777511E-35 -4.483607E-05  7.602264E-05  5.011175E-18 -2.549156E-18 -2.182509E-05
        26   3  1.351612E-33 -4.483607E-05  5.894649E-05 -9.435772E-18  2.281165E-17 -5.479369E-05
        26   4  1.351612E-33 -4.483607E-05  5.894649E-05 -5.084120E-18  1.829718E-17 -5.479369E-05
        26   5  3.807404E-34 -7.780409E-05  7.602264E-05  9.536005E-19  2.104110E-17 -2.609471E-05
        26   6  3.807404E-34 -7.780409E-05  7.602264E-05  9.087640E-18  8.961858E-18 -2.609471E-05
        26   7  2.219106E-34 -7.780409E-05  5.894649E-05  4.963303E-19  1.128845E-17 -5.906215E-05
        26   8  2.219106E-34 -7.780409E-05  5.894649E-05  8.630370E-18  6.773977E-18 -5.906215E-05
        27   1  9.941079E-34 -4.483607E-05  7.602264E-05  8.211247E-18  1.124068E-17 -2.182509E-05
        27   2  9.941079E-34 -4.483607E-05  7.602264E-05  6.014211E-18  6.427474E-18 -2.182509E-05
        27   3  6.072662E-35 -4.483607E-05  5.894649E-05  4.703375E-18 -4.245777E-18 -5.479369E-05
        27   4  6.072662E-35 -4.483607E-05  5.894649E-05  2.506339E-18 -8.539447E-18 -5.479369E-05
        27   5  4.868651E-35 -7.780409E-05  7.602264E-05  7.842229E-18 -1.430496E-17 -2.609471E-05
        27   6  4.868651E-35 -7.780409E-05  7.602264E-05  5.904963E-18 -1.911817E-17 -2.609471E-05
        27   7  4.947996E-34 -7.780409E-05  5.894649E-05 -2.212424E-18  6.998745E-19 -5.906215E-05
        27   8  4.947996E-34 -7.780409E-05  5.894649E-05 -4.149690E-18 -3.593795E-18 -5.906215E-05
        28   1  1.310571E-33 -4.483607E-05  7.602264E-05  5.189125E-18 -3.118213E-17 -2.182509E-05
        28   2  1.310571E-33 -4.483607E-05  7.602264E-05  2.991266E-18  1.621983E-18 -2.182509E-05
        28   3  4.062794E-34 -4.483607E-05  5.894649E-05  3.819310E-18 -1.788301E-17 -5.479369E-05
        28   4  4.062794E-34 -4.483607E-05  5.894649E-05  1.621452E-18  6.918659E-18 -5.479369E-05
        28   5  5.941185E-35 -7.780409E-05  7.602264E-05  5.392981E-18 -2.726934E-19 -2.609471E-05
        28   6  5.941185E-35 -7.780409E-05  7.602264E-05 -8.060985E-19  3.253142E-17 -2.609471E-05
        28   7  5.055446E-34 -7.780409E-05  5.894649E-05  2.077682E-18 -1.899330E-17 -5.906215E-05
        28   8  5.055446E-34 -7.780409E-05  5.894649E-05 -4.121398E-18  5.808373E-18 -5.906215E-05
        29   1  3.868791E-35 -4.483607E-05  7.602264E-05  2.025579E-18  2.724861E-17 -2.182509E-05
        29   2  3.868791E-35 -4.483607E-05  7.602264E-05  5.859116E-19 -1.748194E-17 -2.182509E-05
        29   3  4.155625E-35 -4.483607E-05  5.894649E-05  1.656710E-18  2.256094E-17 -5.479369E-05
        29   4  4.155625E-35 -4.483607E-05  5.894649E-05  2.170426E-19 -1.048718E-17 -5.479369E-05
        29   5  8.838195E-34 -7.780409E-05  7.602264E-05 -1.746192E-18  1.882311E-18 -2.609471E-05
        29   6  8.838195E-34 -7.780409E-05  7.602264E-05  2.655352E-18 -4.284823E-17 -2.609471E-05
        29   7  6.369770E-35 -7.780409E-05  5.894649E-05 -5.836762E-18  1.723451E-17 -5.906215E-05
        29   8  6.369770E-35 -7.780409E-05  5.894649E-05 -1.435218E-18 -1.581361E-17 -5.906215E-05
        30   1  2.529879E-34 -4.483607E-05  7.602264E-05  2.295455E-19 -1.891998E-17 -2.182509E-05
        30   2  2.529879E-34 -4.483607E-05  7.602264E-05  1.174598E-19  3.164180E-18 -2.182509E-05
        30   3  8.798066E-35 -4.483607E-05  5.894649E-05  4.392669E-19 -1.475767E-17 -5.479369E-05
        30   4  8.798066E-35 -4.483607E-05  5.894649E-05  3.271812E-19  8.967767E-19 -5.479369E-05
        30   5  1.759472E-33 -7.780409E-05  7.602264E-05  7.055115E-18 -6.115144E-19 -2.609471E-05
        30   6  1.759472E-33 -7.780409E-05  7.602264E-05  3.728173E-18  2.147265E-17 -2.609471E-05
        30   7  1.971213E-34 -7.780409E-05  5.894649E-05  1.391544E-17 -1.810871E-17 -5.906215E-05
        30   8  1.971213E-34 -7.780409E-05  5.894649E-05  1.058850E-17 -2.454254E-18 -5.906215E-05
        31   1  4.623939E-34 -3.998848E-05  8.517089E-05  9.985393E-18 -9.516542E-18 -3.571599E-05
        31   2  4.623939E-34 -3.998848E-05  8.517089E-05  1.930731E-18 -1.367157E-17 -3.571599E-05
        31   3 -1.110223E-16 -3.998848E-05  1.739222E-04  4.312489E-18 -3.324140E-18 -1.343188E-04
        31   4 -1.110223E-16 -3.998848E-05  1.739222E-04 -3.742173E-18 -1.771243E-17 -1.343188E-04
        31   5  2.585064E-33 -1.385855E-04  8.517089E-05  2.126342E-17 -2.626118E-17 -1.353401E-05
        31   6  2.585064E-33 -1.385855E-04  8.517089E-05  8.092127E-18 -3.041621E-17 -1.353401E-05
        31   7 -1.110223E-16 -1.385855E-04  1.739222E-04  2.269577E-17 -3.394562E-17 -1.121251E-04
        31   8 -1.110223E-16 -1.385855E-04  1.739222E-04  9.524482E-18 -4.833391E-17 -1.121251E-04
        32   1  2.558870E-34 -3.998848E-05  8.517089E-05 -7.362996E-18 -1.578646E-18 -3.571599E-05
        32   2  2.558870E-34 -3.998848E-05  8.517089E-05 -1.730298E-17  5.675357E-19 -3.571599E-05
        32   3  1.034696E-33 -3.998848E-05  1.739222E-04  5.116829E-18 -1.335297E-17 -1.343188E-04
        32   4  1.034696E-33 -3.998848E-05  1.739222E-04 -4.823156E-18  2.186814E-17 -1.343188E-04
        32   5  4.763271E-35 -1.385855E-04  8.517089E-05 -1.572714E-17 -7.821623E-18 -1.353401E-05
        32   6  4.763271E-35 -1.385855E-04  8.517089E-05 -9.129663E-18 -5.675441E-18 -1.353401E-05
        32   7  1.944348E-33 -1.385855E-04  1.739222E-04  8.638730E-18 -2.338601E-17 -1.121251E-04
        32   8  1.944348E-33 -1.385855E-04  1.739222E-04  1.523621E-17  1.183510E-17 -1.121251E-04
        33   1  2.084529E-33 -3.998848E-05  8.517089E-05 -4.642990E-18  1.697767E-17 -3.571599E-05
        33   2  2.084529E-33 -3.998848E-05  8.517089E-05 -3.429051E-19  1.689878E-17 -3.571599E-05
        33   3  1.420410E-33 -3.998848E-05  1.739222E-04 -5.540998E-18  3.469869E-17 -1.343188E-04
        33   4  1.420410E-33 -3.998848E-05  1.739222E-04 -1.240913E-18 -4.168400E-19 -1.343188E-04
        33   5  1.343943E-33 -1.385855E-04  8.517089E-05  8.584656E-18  3.995810E-18 -1.353401E-05
        33   6  1.343943E-33 -1.385855E-04  8.517089E-05 -4.633580E-18  3.916921E-18 -1.353401E-05
        33   7  5.904045E-34 -1.385855E-04  1.739222E-04 -1.926938E-18  3.275392E-17 -1.121251E-04
        33   8  5.904045E-34 -1.385855E-04  1.739222E-04 -1.514517E-17 -2.361612E-18 -1.121251E-04
        34   1  8.837129E-34 -3.998848E-05  8.517089E-05 -1.666075E-17 -2.402183E-17 -3.571599E-05
        34   2  8.837129E-34 -3.998848E-05  8.517089E-05  3.593846E-18 -2.234602E-17 -3.571599E-05
        34   3  8.120448E-34 -3.998848E-05  1.739222E-04  9.783857E-19 -2.507997E-17 -1.343188E-04
        34   4  8.120448E-34 -3.998848E-05  1.739222E-04  2.123298E-17  2.297851E-18 -1.343188E-04
        34   5  3.489402E-35 -1.385855E-04  8.517089E-05 -2.337338E-17 -7.000790E-18 -1.353401E-05
        34   6  3.489402E-35 -1.385855E-04  8.517089E-05  9.732223E-18 -5.324980E-18 -1.353401E-05
        34   7  2.024196E-33 -1.385855E-04  1.739222E-04  9.586135E-18 -1.277769E-17 -1.121251E-04
        34   8  2.024196E-33 -1.385855E-04  1.739222E-04  4.269174E-17  1.460013E-17 -1.121251E-04
        35   1 -1.110223E-16 -3.998848E-05  8.517089E-05  7.707047E-18  4.790828E-19 -3.571599E-05
        35   2 -1.110223E-16 -3.998848E-05  8.517089E-05  6.661532E-18 -1.642954E-18 -3.571599E-05
        35   3 -1.110223E-16 -3.998848E-05  1.739222E-04 -1.983998E-17  2.362553E-17 -1.343188E-04
        35   4 -1.110223E-16 -3.998848E-05  1.739222E-04 -2.088550E-17  2.582862E-18 -1.343188E-04
        35   5 -1.110223E-16 -1.385855E-04  8.517089E-05  1.269405E-17  4.484801E-18 -1.353401E-05
        35   6 -1.110223E-16 -1.385855E-04  8.517089E-05  2.188219E-18  2.362764E-18 -1.353401E-05
        35   7 -1.110223E-16 -1.385855E-04  1.739222E-04 -1.891783E-17  1.091385E-17 -1.121251E-04
        35   8 -1.110223E-16 -1.385855E-04  1.739222E-04 -2.942366E-17 -1.012881E-17 -1.121251E-04
        36   1  1.265279E-33 -3.998848E-05  8.517089E-05 -2.884214E-18  1.451184E-17 -3.571599E-05
        36   2  1.265279E-33 -3.998848E-05  8.517089E-05  5.497980E-18  1.203275E-17 -3.571599E-05
        36   3  2.767625E-34 -3.998848E-05  1.739222E-04  2.529373E-18 -2.145149E-17 -1.343188E-04
        36   4  2.767625E-34 -3.998848E-05  1.739222E-04  1.091157E-17 -2.593459E-17 -1.343188E-04
        36   5  1.818060E-34 -1.385855E-04  8.517089E-05  3.798769E-18  3.463403E-18 -1.353401E-05
        36   6  1.818060E-34 -1.385855E-04  8.517089E-05  1.117896E-17  9.843156E-19 -1.353401E-05
        36   7  3.885732E-34 -1.385855E-04  1.739222E-04 -4.345413E-18 -8.163622E-18 -1.121251E-04
        36   8  3.885732E-34 -1.385855E-04  1.739222E-04  3.034778E-18 -1.264672E-17 -1.121251E-04
        37   1  1.185117E-34 -3.998848E-05  8.517089E-05  1.558197E-17 -1.007168E-17 -3.571599E-05
        37   2  1.185117E-34 -3.998848E-05  8.517089E-05  1.200517E-17 -6.276310E-18 -3.571599E-05
        37   3  2.136138E-34 -3.998848E-05  1.739222E-04  1.257311E-17 -1.050352E-17 -1.343188E-04
        37   4  2.136138E-34 -3.998848E-05  1.739222E-04  8.996306E-18  1.487196E-17 -1.343188E-04
        37   5  6.225543E-34 -1.385855E-04  8.517089E-05  5.405726E-18  2.183135E-18 -1.353401E-05
        37   6  6.225543E-34 -1.385855E-04  8.517089E-05  1.261898E-17  5.978501E-18 -1.353401E-05
        37   7  1.515128E-34 -1.385855E-04  1.739222E-04  1.230544E-17 -8.769338E-18 -1.121251E-04
        37   8  1.515128E-34 -1.385855E-04  1.739222E-04  1.951869E-17  1.660614E-17 -1.121251E-04
        38   1  2.411359E-34 -3.998848E-05  8.517089E-05  7.588226E-18 -7.982736E-18 -3.571599E-05
        38   2  2.411359E-34 -3.998848E-05  8.517089E-05 -1.065130E-17  4.302737E-18 -3.571599E-05
        38   3  3.652744E-34 -3.998848E-05  1.739222E-04  4.214491E-18  5.760993E-18 -1.343188E-04
        38   4  3.652744E-34 -3.998848E-05  1.739222E-04 -1.402503E-17 -8.145975E-18 -1.343188E-04
        38   5  6.899871E-34 -1.385855E-04  8.517089E-05  1.451048E-17 -1.571586E-17 -1.353401E-05
        38   6  6.899871E-34 -1.385855E-04  8.517089E-05 -1.682526E-17 -3.430383E-18 -1.353401E-05
        38   7  5.766718E-35 -1.385855E-04  1.739222E-04  1.884533E-17  1.196299E-17 -1.121251E-04
        38   8  5.766718E-35 -1.385855E-04  1.739222E-04 -1.249041E-17 -1.943973E-18 -1.121251E-04
        39   1  2.236547E-35 -3.998848E-05  8.517089E-05 -9.369103E-18  1.162869E-17 -3.571599E-05
        39   2  2.236547E-35 -3.998848E-05  8.517089E-05 -3.886721E-18 -1.549739E-17 -3.571599E-05
        39   3  2.461020E-34 -3.998848E-05  1.739222E-04 -1.218272E-18 -1.355217E-17 -1.343188E-04
        39   4  2.461020E-34 -3.998848E-05  1.739222E-04  4.264110E-18 -3.618134E-17 -1.343188E-04
        39   5  1.299741E-35 -1.385855E-04  8.517089E-05 -2.264011E-17  1.141336E-17 -1.353401E-05
        39   6  1.299741E-35 -1.385855E-04  8.517089E-05 -1.490927E-17 -1.571271E-17 -1.353401E-05
        39   7  6.077236E-34 -1.385855E-04  1.739222E-04 -6.957152E-18 -1.984990E-17 -1.121251E-04
        39   8  6.077236E-34 -1.385855E-04  1.739222E-04  7.736849E-19 -4.247906E-17 -1.121251E-04
        40   1  3.229349E-35 -3.998848E-05  8.517089E-05 -2.874453E-19 -1.931057E-17 -3.571599E-05
        40   2  3.229349E-35 -3.998848E-05  8.517089E-05  2.149787E-18 -3.252283E-18 -3.571599E-05
        40   3  2.416250E-34 -3.998848E-05  1.739222E-04  7.030750E-18 -3.590028E-17 -1.343188E-04
        40   4  2.416250E-34 -3.998848E-05  1.739222E-04  9.467982E-18 -1.230898E-17 -1.343188E-04
        40   5  3.140230E-34 -1.385855E-04  8.517089E-05  3.774901E-18 -2.456773E-17 -1.353401E-05
        40   6  3.140230E-34 -1.385855E-04  8.517089E-05  9.978641E-18 -8.509440E-18 -1.353401E-05
        40   7  4.645072E-34 -1.385855E-04  1.739222E-04  4.779266E-18 -2.470845E-17 -1.121251E-04
        40   8  4.645072E-34 -1.385855E-04  1.739222E-04  1.098301E-17 -1.117142E-18 -1.121251E-04
        41   1  2.385431E-03 -4.294775E-04 -1.644493E-03  1.418230E-18  2.844511E-17 -6.848974E-05
        41   2  2.385431E-03 -4.294775E-04 -1.644493E-03  1.997284E-17  5.927048E-17 -6.848974E-05
        41   3  2.385431E-03 -4.294775E-04 -1.599953E-03 -1.329743E-17  1.390806E-17 -2.241124E-04
        41   4  2.385431E-03 -4.294775E-04 -1.599953E-03  5.257188E-18  5.332775E-17 -2.241124E-04
        41   5  2.385431E-03 -5.848466E-04 -1.644493E-03  8.919673E-19  1.472493E-17 -5.760822E-05
        41   6  2.385431E-03 -5.848466E-04 -1.644493E-03  2.374375E-17  4.555030E-17 -5.760822E-05
        41   7  2.385431E-03 -5.848466E-04 -1.599953E-03 -1.952529E-17  2.644747E-17 -2.127237E-04
        41   8  2.385431E-03 -5.848466E-04 -1.599953E-03  3.326494E-18  6.586717E-17 -2.127237E-04
        42   1  2.385431E-03 -4.294775E-04 -1.644493E-03  1.855106E-17  2.892266E-17 -6.848974E-05
        42   2  2.385431E-03 -4.294775E-04 -1.644493E-03  2.454797E-18 -1.558542E-17 -6.848974E-05
        42   3  2.385431E-03 -4.294775E-04 -1.599953E-03 -2.369915E-18  6.318981E-17 -2.241124E-04
        42   4  2.385431E-03 -4.294775E-04 -1.599953E-03 -1.846618E-17  1.669614E-17 -2.241124E-04
        42   5  2.385431E-03 -5.848466E-04 -1.644493E-03  2.864350E-17  2.004298E-17 -5.760822E-05
        42   6  2.385431E-03 -5.848466E-04 -1.644493E-03  1.155443E-17 -2.446510E-17 -5.760822E-05
        42   7  2.385431E-03 -5.848466E-04 -1.599953E-03  1.573263E-17  5.821040E-17 -2.127237E-04
        42   8  2.385431E-03 -5.848466E-04 -1.599953E-03 -1.356437E-18  1.171673E-17 -2.127237E-04
        43   1  2.385431E-03 -4.294775E-04 -1.644493E-03  1.812771E-18 -1.748662E-17 -6.848974E-05
        43   2  2.385431E-03 -4.294775E-04 -1.644493E-03 -2.565566E-18 -3.611629E-17 -6.848974E-05
        43   3  2.385431E-03 -4.294775E-04 -1.599953E-03 -5.547903E-19 -3.226745E-17 -2.241124E-04
        43   4  2.385431E-03 -4.294775E-04 -1.599953E-03 -4.933127E-18 -4.577045E-17 -2.241124E-04
        43   5  2.385431E-03 -5.848466E-04 -1.644493E-03  7.852663E-18  2.219799E-18 -5.760822E-05
        43   6  2.385431E-03 -5.848466E-04 -1.644493E-03  6.037657E-18 -1.640986E-17 -5.760822E-05
        43   7  2.385431E-03 -5.848466E-04 -1.599953E-03  3.729639E-18 -1.751715E-17 -2.127237E-04
        43   8  2.385431E-03 -5.848466E-04 -1.599953E-03  1.914633E-18 -3.102016E-17 -2.127237E-04
        44   1  2.385431E-03 -4.294775E-04 -1.644493E-03 -6.314825E-18 -3.922424E-17 -6.848974E-05
        44   2  2.385431E-03 -4.294775E-04 -1.644493E-03 -6.159127E-18 -2.568089E-17 -6.848974E-05
        44   3  2.385431E-03 -4.294775E-04 -1.599953E-03 -1.469342E-17 -3.497315E-17 -2.241124E-04
        44   4  2.385431E-03 -4.294775E-04 -1.599953E-03 -1.453772E-17 -3.094631E-17 -2.241124E-04
        44   5  2.385431E-03 -5.848466E-04 -1.644493E-03  5.234438E-18 -5.275956E-17 -5.760822E-05
        44   6  2.385431E-03 -5.848466E-04 -1.644493E-03  6.318794E-19 -3.921620E-17 -5.760822E-05
        44   7  2.385431E-03 -5.848466E-04 -1.599953E-03  5.505852E-18 -5.782459E-17 -2.127237E-04
        44   8  2.385431E-03 -5.848466E-04 -1.599953E-03  9.032928E-19 -5.379775E-17 -2.127237E-04
        45   1  2.385431E-03 -4.294775E-04 -1.644493E-03  1.493289E-18 -5.903515E-18 -6.848974E-05
        45   2  2.385431E-03 -4.294775E-04 -1.644493E-03  6.679571E-18  5.633402E-17 -6.848974E-05
        45   3  2.385431E-03 -4.294775E-04 -1.599953E-03  8.741141E-18  5.705441E-18 -2.241124E-04
        45   4  2.385431E-03 -4.294775E-04 -1.599953E-03  1.392742E-17  3.812546E-17 -2.241124E-04
        45   5  2.385431E-03 -5.848466E-04 -1.644493E-03 -4.159845E-18  1.974746E-18 -5.760822E-05
        45   6  2.385431E-03 -5.848466E-04 -1.644493E-03 -1.388232E-17  6.421228E-17 -5.760822E-05
        45   7  2.385431E-03 -5.848466E-04 -1.599953E-03 -2.722617E-18  1.847359E-17 -2.127237E-04
        45   8  2.385431E-03 -5.848466E-04 -1.599953E-03 -1.244509E-17  5.089361E-17 -2.127237E-04
        46   1  2.385431E-03 -4.294775E-04 -1.644493E-03  1.127281E-17  6.900870E-17 -6.848974E-05
        46   2  2.385431E-03 -4.294775E-04 -1.644493E-03  1.128110E-17  2.093473E-17 -6.848974E-05
        46   3  2.385431E-03 -4.294775E-04 -1.599953E-03  2.584156E-17  3.244016E-17 -2.241124E-04
        46   4  2.385431E-03 -4.294775E-04 -1.599953E-03  2.584984E-17  4.928013E-17 -2.241124E-04
        46   5  2.385431E-03 -5.848466E-04 -1.644493E-03 -4.209309E-19  7.109265E-17 -5.760822E-05
        46   6  2.385431E-03 -5.848466E-04 -1.644493E-03  3.204433E-17  2.301868E-17 -5.760822E-05
        46   7  2.385431E-03 -5.848466E-04 -1.599953E-03  1.518353E-17  3.001038E-17 -2.127237E-04
        46   8  2.385431E-03 -5.848466E-04 -1.599953E-03  4.764879E-17  4.685035E-17 -2.127237E-04
        47   1  2.385431E-03 -4.294775E-04 -1.644493E-03  2.289485E-18 -2.284676E-17 -6.848974E-05
        47   2  2.385431E-03 -4.294775E-04 -1.644493E-03 -2.678244E-18 -1.980478E-17 -6.848974E-05
        47   3  2.385431E-03 -4.294775E-04 -1.599953E-03 -2.669336E-18  3.574933E-17 -2.241124E-04
        47   4  2.385431E-03 -4.294775E-04 -1.599953E-03 -7.637066E-18 -1.459036E-17 -2.241124E-04
        47   5  2.385431E-03 -5.848466E-04 -1.644493E-03  2.245678E-17 -1.470423E-17 -5.760822E-05
        47   6  2.385431E-03 -5.848466E-04 -1.644493E-03 -9.201783E-18 -1.166225E-17 -5.760822E-05
        47   7  2.385431E-03 -5.848466E-04 -1.599953E-03  1.100846E-17  3.857420E-17 -2.127237E-04
        47   8  2.385431E-03 -5.848466E-04 -1.599953E-03 -2.065011E-17 -1.176549E-17 -2.127237E-04
        48   1  2.385431E-03 -4.294775E-04 -1.644493E-03 -1.315442E-18  4.120342E-17 -6.848974E-05
        48   2  2.385431E-03 -4.294775E-04 -1.644493E-03 -2.026677E-18  1.199510E-17 -6.848974E-05
        48   3  2.385431E-03 -4.294775E-04 -1.599953E-03  3.131982E-18 -2.299552E-18 -2.241124E-04
        48   4  2.385431E-03 -4.294775E-04 -1.599953E-03  2.420748E-18 -6.441422E-18 -2.241124E-04
        48   5  2.385431E-03 -5.848466E-04 -1.644493E-03 -7.917407E-18  3.343693E-17 -5.760822E-05
        48   6  2.385431E-03 -5.848466E-04 -1.644493E-03  3.904586E-18  4.228609E-18 -5.760822E-05
        48   7  2.385431E-03 -5.848466E-04 -1.599953E-03  3.998209E-18 -4.798988E-18 -2.127237E-04
        48   8  2.385431E-03 -5.848466E-04 -1.599953E-03  1.582020E-17 -8.940858E-18 -2.127237E-04
        49   1  2.385431E-03 -4.294775E-04 -1.644493E-03 -6.442155E-18 -8.774149E-17 -6.848974E-05
        49   2  2.385431E-03 -4.294775E-04 -1.644493E-03 -8.038690E-18 -4.576222E-17 -6.848974E-05
        49   3  2.385431E-03 -4.294775E-04 -1.599953E-03 -1.173819E-17 -5.953001E-17 -2.241124E-04
        49   4  2.385431E-03 -4.294775E-04 -1.599953E-03 -1.333472E-17 -5.104284E-17 -2.241124E-04
        49   5  2.385431E-03 -5.848466E-04 -1.644493E-03 -4.747656E-18 -9.272975E-17 -5.760822E-05
        49   6  2.385431E-03 -5.848466E-04 -1.644493E-03 -2.309025E-17 -5.075047E-17 -5.760822E-05
        49   7  2.385431E-03 -5.848466E-04 -1.599953E-03 -1.011515E-17 -6.805023E-17 -2.127237E-04
        49   8  2.385431E-03 -5.848466E-04 -1.599953E-03 -2.845774E-17 -5.956306E-17 -2.127237E-04
        50   1  2.385431E-03 -4.294775E-04 -1.644493E-03 -5.155887E-19  4.557035E-17 -6.848974E-05
        50   2  2.385431E-03 -4.294775E-04 -1.644493E-03  3.329639E-18  3.436289E-17 -6.848974E-05
        50   3  2.385431E-03 -4.294775E-04 -1.599953E-03  1.250769E-17 -2.979454E-18 -2.241124E-04
        50   4  2.385431E-03 -4.294775E-04 -1.599953E-03  1.635292E-17  1.030508E-17 -2.241124E-04
        50   5  2.385431E-03 -5.848466E-04 -1.644493E-03 -1.716177E-17  5.835344E-17 -5.760822E-05
        50   6  2.385431E-03 -5.848466E-04 -1.644493E-03 -1.070541E-18  4.714597E-17 -5.760822E-05
        50   7  2.385431E-03 -5.848466E-04 -1.599953E-03 -3.866312E-18  1.734681E-17 -2.127237E-04
        50   8  2.385431E-03 -5.848466E-04 -1.599953E-03  1.222491E-17  3.063134E-17 -2.127237E-04
        51   1  2.385431E-03 -5.424948E-04 -1.550495E-03 -5.815042E-18  5.864479E-18 -2.597247E-04
        51   2  2.385431E-03 -5.424948E-04 -1.550495E-03  1.543595E-17  3.928273E-17 -2.597247E-04
        51   3  2.385431E-03 -5.424948E-04 -1.459177E-03  2.653394E-17 -1.715265E-18 -4.923873E-04
        51   4  2.385431E-03 -5.424948E-04 -1.459177E-03  4.778494E-17  6.712386E-18 -4.923873E-04
        51   5  2.385431E-03 -7.747687E-04 -1.550495E-03 -1.963641E-17  2.653219E-17 -2.372839E-04
        51   6  2.385431E-03 -7.747687E-04 -1.550495E-03 -1.088071E-17  5.995044E-17 -2.372839E-04
        51   7  2.385431E-03 -7.747687E-04 -1.459177E-03  1.510582E-17  1.444192E-17 -4.691693E-04
        51   8  2.385431E-03 -7.747687E-04 -1.459177E-03  2.386151E-17  2.286957E-17 -4.691693E-04
        52   1  2.385431E-03 -5.424948E-04 -1.550495E-03 -7.583451E-18  5.306966E-17 -2.597247E-04
        52   2  2.385431E-03 -5.424948E-04 -1.550495E-03 -2.752411E-17  1.016650E-17 -2.597247E-04
        52   3  2.385431E-03 -5.424948E-04 -1.459177E-03 -1.014042E-17 -9.491742E-18 -4.923873E-04
        52   4  2.385431E-03 -5.424948E-04 -1.459177E-03 -3.008108E-17 -4.059982E-17 -4.923873E-04
        52   5  2.385431E-03 -7.747687E-04 -1.550495E-03 -1.288476E-17  4.608647E-17 -2.372839E-04
        52   6  2.385431E-03 -7.747687E-04 -1.550495E-03 -2.692788E-17  3.183319E-18 -2.372839E-04
        52   7  2.385431E-03 -7.747687E-04 -1.459177E-03 -1.434095E-17 -2.458467E-17 -4.691693E-04
        52   8  2.385431E-03 -7.747687E-04 -1.459177E-03 -2.838407E-17 -5.569275E-17 -4.691693E-04
        53   1  2.385431E-03 -5.424948E-04 -1.550495E-03 -5.247053E-18 -2.955570E-17 -2.597247E-04
        53   2  2.385431E-03 -5.424948E-04 -1.550495E-03 -2.034267E-17 -3.335586E-17 -2.597247E-04
        53   3  2.385431E-03 -5.424948E-04 -1.459177E-03  4.465323E-19 -7.714060E-18 -4.923873E-04
        53   4  2.385431E-03 -5.424948E-04 -1.459177E-03 -1.464909E-17  9.867778E-18 -4.923873E-04
        53   5  2.385431E-03 -7.747687E-04 -1.550495E-03 -1.220584E-17 -1.492291E-17 -2.372839E-04
        53   6  2.385431E-03 -7.747687E-04 -1.550495E-03 -1.661046E-17 -1.872307E-17 -2.372839E-04
        53   7  2.385431E-03 -7.747687E-04 -1.459177E-03  2.544709E-18  1.271191E-17 -4.691693E-04
        53   8  2.385431E-03 -7.747687E-04 -1.459177E-03 -1.859911E-18  3.029375E-17 -4.691693E-04
        54   1  2.385431E-03 -5.424948E-04 -1.550495E-03 -2.529987E-17 -2.251384E-17 -2.597247E-04
        54   2  2.385431E-03 -5.424948E-04 -1.550495E-03 -3.470945E-18 -2.788009E-17 -2.597247E-04
        54   3  2.385431E-03 -5.424948E-04 -1.459177E-03 -1.141445E-17  7.113639E-18 -4.923873E-04
        54   4  2.385431E-03 -5.424948E-04 -1.459177E-03  1.041447E-17 -1.439848E-17 -4.923873E-04
        54   5  2.385431E-03 -7.747687E-04 -1.550495E-03 -1.909421E-17 -4.517166E-17 -2.372839E-04
        54   6  2.385431E-03 -7.747687E-04 -1.550495E-03 -5.338228E-18 -5.053790E-17 -2.372839E-04
        54   7  2.385431E-03 -7.747687E-04 -1.459177E-03 -4.110311E-17 -4.850559E-18 -4.691693E-04
        54   8  2.385431E-03 -7.747687E-04 -1.459177E-03 -2.734713E-17 -2.636268E-17 -4.691693E-04
        55   1  2.385431E-03 -5.424948E-04 -1.550495E-03  1.624598E-17 -4.610350E-18 -2.597247E-04
        55   2  2.385431E-03 -5.424948E-04 -1.550495E-03  3.313055E-18  2.590813E-17 -2.597247E-04
        55   3  2.385431E-03 -5.424948E-04 -1.459177E-03  1.032416E-18 -4.393942E-17 -4.923873E-04
        55   4  2.385431E-03 -5.424948E-04 -1.459177E-03 -1.190050E-17  1.120147E-17 -4.923873E-04
        55   5  2.385431E-03 -7.747687E-04 -1.550495E-03  1.031389E-17  9.394115E-18 -2.372839E-04
        55   6  2.385431E-03 -7.747687E-04 -1.550495E-03  9.692176E-18  3.991260E-17 -2.372839E-04
        55   7  2.385431E-03 -7.747687E-04 -1.459177E-03  1.296537E-17 -3.171196E-17 -4.691693E-04
        55   8  2.385431E-03 -7.747687E-04 -1.459177E-03  1.234365E-17  2.342892E-17 -4.691693E-04
        56   1  2.385431E-03 -5.424948E-04 -1.550495E-03  1.098290E-17  2.382452E-17 -2.597247E-04
        56   2  2.385431E-03 -5.424948E-04 -1.550495E-03  1.860608E-17  5.050687E-17 -2.597247E-04
        56   3  2.385431E-03 -5.424948E-04 -1.459177E-03 -1.229144E-17  3.713327E-17 -4.923873E-04
        56   4  2.385431E-03 -5.424948E-04 -1.459177E-03 -4.668251E-18  2.579157E-17 -4.923873E-04
        56   5  2.385431E-03 -7.747687E-04 -1.550495E-03  2.111571E-17  1.841734E-17 -2.372839E-04
        56   6  2.385431E-03 -7.747687E-04 -1.550495E-03  9.726874E-18  4.509970E-17 -2.372839E-04
        56   7  2.385431E-03 -7.747687E-04 -1.459177E-03  5.849604E-20  2.737468E-17 -4.691693E-04
        56   8  2.385431E-03 -7.747687E-04 -1.459177E-03 -1.133034E-17  1.603298E-17 -4.691693E-04
        57   1  2.385431E-03 -5.424948E-04 -1.550495E-03  1.094181E-17  4.869120E-17 -2.597247E-04
        57   2  2.385431E-03 -5.424948E-04 -1.550495E-03  2.523865E-17 -9.866341E-18 -2.597247E-04
        57   3  2.385431E-03 -5.424948E-04 -1.459177E-03  3.743798E-17  2.556942E-17 -4.923873E-04
        57   4  2.385431E-03 -5.424948E-04 -1.459177E-03  5.173482E-17 -2.058015E-18 -4.923873E-04
        57   5  2.385431E-03 -7.747687E-04 -1.550495E-03 -8.472187E-18  4.946324E-17 -2.372839E-04
        57   6  2.385431E-03 -7.747687E-04 -1.550495E-03  2.128971E-17 -9.094293E-18 -2.372839E-04
        57   7  2.385431E-03 -7.747687E-04 -1.459177E-03  3.031851E-17  2.553994E-17 -4.691693E-04
        57   8  2.385431E-03 -7.747687E-04 -1.459177E-03  6.008040E-17 -2.087498E-18 -4.691693E-04
        58   1  2.385431E-03 -5.424948E-04 -1.550495E-03  2.652233E-17 -2.623367E-17 -2.597247E-04
        58   2  2.385431E-03 -5.424948E-04 -1.550495E-03 -6.861718E-18 -2.076719E-17 -2.597247E-04
        58   3  2.385431E-03 -5.424948E-04 -1.459177E-03  3.036630E-17 -4.782140E-17 -4.923873E-04
        58   4  2.385431E-03 -5.424948E-04 -1.459177E-03 -3.017748E-18 -4.117086E-17 -4.923873E-04
        58   5  2.385431E-03 -7.747687E-04 -1.550495E-03  4.275629E-17 -2.779816E-17 -2.372839E-04
        58   6  2.385431E-03 -7.747687E-04 -1.550495E-03  9.964265E-18 -2.233168E-17 -2.372839E-04
        58   7  2.385431E-03 -7.747687E-04 -1.459177E-03  3.236719E-17 -5.258150E-17 -4.691693E-04
        58   8  2.385431E-03 -7.747687E-04 -1.459177E-03 -4.248358E-19 -4.593097E-17 -4.691693E-04
        59   1  2.385431E-03 -5.424948E-04 -1.550495E-03 -2.895188E-17 -3.258660E-17 -2.597247E-04
        59   2  2.385431E-03 -5.424948E-04 -1.550495E-03 -2.909998E-17 -3.595564E-17 -2.597247E-04
        59   3  2.385431E-03 -5.424948E-04 -1.459177E-03 -5.211021E-18  1.313136E-17 -4.923873E-04
        59   4  2.385431E-03 -5.424948E-04 -1.459177E-03 -5.359122E-18  1.086267E-17 -4.923873E-04
        59   5  2.385431E-03 -7.747687E-04 -1.550495E-03 -2.100446E-17 -3.909105E-17 -2.372839E-04
        59   6  2.385431E-03 -7.747687E-04 -1.550495E-03 -2.060239E-17 -4.246009E-17 -2.372839E-04
        59   7  2.385431E-03 -7.747687E-04 -1.459177E-03 -2.157126E-18  1.551998E-17 -4.691693E-04
        59   8  2.385431E-03 -7.747687E-04 -1.459177E-03 -1.755054E-18  1.325128E-17 -4.691693E-04
        60   1  2.385431E-03 -5.424948E-04 -1.550495E-03 -5.914030E-18 -8.804217E-18 -2.597247E-04
        60   2  2.385431E-03 -5.424948E-04 -1.550495E-03  1.058737E-17  9.106346E-18 -2.597247E-04
        60   3  2.385431E-03 -5.424948E-04 -1.459177E-03 -2.198060E-17  2.376041E-17 -4.923873E-04
        60   4  2.385431E-03 -5.424948E-04 -1.459177E-03 -5.479200E-18  2.981752E-17 -4.923873E-04
        60   5  2.385431E-03 -7.747687E-04 -1.550495E-03  4.166985E-19  8.346396E-18 -2.372839E-04
        60   6  2.385431E-03 -7.747687E-04 -1.550495E-03  1.099137E-17  2.625696E-17 -2.372839E-04
        60   7  2.385431E-03 -7.747687E-04 -1.459177E-03 -2.108540E-17  2.425881E-17 -4.691693E-04
        60   8  2.385431E-03 -7.747687E-04 -1.459177E-03 -1.051072E-17  3.031593E-17 -4.691693E-04
