t_s,pad1_C,pad2_C,pad3_C,spread_C,interpolation_16_vs_32_C
1.250000000000000000e-01,1.999999999999999645e+01,1.999999999999999289e+01,2.000000000000000000e+01,7.105427357601001859e-15,3.552713678800500929e-14
2.500000000000000000e-01,2.000000000000003197e+01,1.999999999999999289e+01,2.000000000000000000e+01,3.907985046680551022e-14,4.618527782440651208e-14
3.750000000000000000e-01,2.000000000000028422e+01,1.999999999999999289e+01,2.000000000000000000e+01,2.913225216616410762e-13,1.243449787580175325e-13
5.000000000000000000e-01,2.000000000000174083e+01,1.999999999999999289e+01,2.000000000000000000e+01,1.747935129969846457e-12,5.471179065352771431e-13
6.250000000000000000e-01,2.000000000000827072e+01,1.999999999999999289e+01,2.000000000000000000e+01,8.277822871605167165e-12,2.366107310081133619e-12
7.500000000000000000e-01,2.000000000003264233e+01,1.999999999999999289e+01,2.000000000000000000e+01,3.264943870817660354e-11,8.864020628607249819e-12
8.750000000000000000e-01,2.000000000011135626e+01,1.999999999999999289e+01,2.000000000000000000e+01,1.113633629756805021e-10,2.900080176004848909e-11
1.000000000000000000e+00,2.000000000033740477e+01,1.999999999999999645e+01,2.000000000000000000e+01,3.374083235030411743e-10,8.446576771348190960e-11
1.125000000000000000e+00,2.000000000092627417e+01,1.999999999999999645e+01,2.000000000000000000e+01,9.262777211915818043e-10,2.230926554602774559e-10
1.250000000000000000e+00,2.000000000233854180e+01,2.000000000000000000e+01,2.000000000000000000e+01,2.338541804647320532e-09,5.421334492439200403e-10
1.375000000000000000e+00,2.000000000549305668e+01,2.000000000000001066e+01,2.000000000000000000e+01,5.493056676186824916e-09,1.226226231665350497e-09
1.500000000000000000e+00,2.000000001211635592e+01,2.000000000000003197e+01,2.000000000000000711e+01,1.211634881315148959e-08,2.605442972480886965e-09
1.625000000000000000e+00,2.000000002528677001e+01,2.000000000000009592e+01,2.000000000000001421e+01,2.528675580037997861e-08,5.239709111037882394e-09
1.750000000000000000e+00,2.000000005024426031e+01,2.000000000000024158e+01,2.000000000000003197e+01,5.024422833344033279e-08,1.003583349756809184e-08
1.875000000000000000e+00,2.000000009554806013e+01,2.000000000000056488e+01,2.000000000000007105e+01,9.554798907629447058e-08,1.840316699031063763e-08
2.000000000000000000e+00,2.000000017467260349e+01,2.000000000000125766e+01,2.000000000000015987e+01,1.746724436202384823e-07,3.245256507966587378e-08
2.125000000000000000e+00,2.000000030813723484e+01,2.000000000000266809e+01,2.000000000000035527e+01,3.081368795676553418e-07,5.524233159803770832e-08
2.250000000000000000e+00,2.000000052626498004e+01,2.000000000000544276e+01,2.000000000000075318e+01,5.262642268633044296e-07,9.107213472248076869e-08
2.375000000000000000e+00,2.000000087266097637e+01,2.000000000001070077e+01,2.000000000000154543e+01,8.726594309393931326e-07,1.458239822227369586e-07
2.500000000000000000e+00,2.000000140849071073e+01,2.000000000002037126e+01,2.000000000000306599e+01,1.408487644738443123e-06,2.273464154711746232e-07
2.625000000000000000e+00,2.000000221762275032e+01,2.000000000003763390e+01,2.000000000000590816e+01,2.217616842159486623e-06,3.458755699625726265e-07
2.750000000000000000e+00,2.000000341268091120e+01,2.000000000006764722e+01,2.000000000001105604e+01,3.412669855151762022e-06,5.144844372750867478e-07
2.875000000000000000e+00,2.000000514202719160e+01,2.000000000011852919e+01,2.000000000002013678e+01,5.142007054814712319e-06,7.495493434817035450e-07
3.000000000000000000e+00,2.000000759767076985e+01,2.000000000020278534e+01,2.000000000003579359e+01,7.597634976264089346e-06,1.071221380044562466e-06
3.125000000000000000e+00,2.000001102407121323e+01,2.000000000033931968e+01,2.000000000006215828e+01,1.102400905494960170e-05,1.503889201615038473e-06
3.250000000000000000e+00,2.000001572777680536e+01,2.000000000055608851e+01,2.000000000010561507e+01,1.572767119029094829e-05,2.076619566082626989e-06
3.375000000000000000e+00,2.000002208781280189e+01,2.000000000089374197e+01,2.000000000017580959e+01,2.208763699229621125e-05,2.823561878528835223e-06
3.500000000000000000e+00,2.000003056671098278e+01,2.000000000141035628e+01,2.000000000028708769e+01,3.056642389509534041e-05,3.784304183795939025e-06
3.625000000000000000e+00,2.000004172205118635e+01,2.000000000218757634e+01,2.000000000046039617e+01,4.172159079018911143e-05,5.004169025824012351e-06
3.750000000000000000e+00,2.000005621836907110e+01,2.000000000333846373e+01,2.000000000072579098e+01,5.621764328012091028e-05,6.534439659588997529e-06
3.875000000000000000e+00,2.000007483927209506e+01,2.000000000501736963e+01,2.000000000112586207e+01,7.483814623299167579e-05,8.432508913358560676e-06
4.000000000000000000e+00,2.000009849959798558e+01,2.000000000743222017e+01,2.000000000171997172e+01,9.849787801385900821e-05,1.076194532956264993e-05
4.125000000000000000e+00,2.000012825744683198e+01,2.000000001085956569e+01,2.000000000258987143e+01,1.282548569605523880e-04,1.359247351118142433e-05
4.250000000000000000e+00,2.000016532591929419e+01,2.000000001566284880e+01,2.000000000384659415e+01,1.653220727000359602e-04,1.699986789205354398e-05
4.375000000000000000e+00,2.000021108439864292e+01,2.000000002231436014e+01,2.000000000563922598e+01,2.110787594169494241e-04,2.106576136284843415e-05
4.500000000000000000e+00,2.000026708922353436e+01,2.000000003142125848e+01,2.000000000816561396e+01,2.670810579203930502e-04,2.587737207448981280e-05
4.625000000000000000e+00,2.000033508361030243e+01,2.000000004375622353e+01,2.000000001168545083e+01,3.350719248516043081e-04,3.152715377652270945e-05
4.750000000000000000e+00,2.000041700669858002e+01,2.000000006029311450e+01,2.000000001653614135e+01,4.169901624386795902e-04,3.811237620610086196e-05
4.875000000000000000e+00,2.000051500161035989e+01,2.000000008224817805e+01,2.000000002315169922e+01,5.149784586606642733e-04,4.573464364909796132e-05
5.000000000000000000e+00,2.000063142243103798e+01,2.000000011112722476e+01,2.000000003208525357e+01,6.313903457844105560e-04,5.449936037749125717e-05
5.125000000000000000e+00,2.000076884003958710e+01,2.000000014877919341e+01,2.000000004403544196e+01,7.687960041451447069e-04,6.451515251626460667e-05
5.250000000000000000e+00,2.000093004673453123e+01,2.000000019745649382e+01,2.000000005987721252e+01,9.299868573187097809e-04,7.589325620926956617e-05
5.375000000000000000e+00,2.000111805962126255e+01,2.000000025988259011e+01,2.000000008069743984e+01,1.117978923822704473e-03,8.874688196058855283e-05
5.500000000000000000e+00,2.000133612274500194e+01,2.000000033932695231e+01,2.000000010783586291e+01,1.336014909139038309e-03,1.031905649639952571e-04
5.625000000000000000e+00,2.000158770797117569e+01,2.000000043968787367e+01,2.000000014293168960e+01,1.587565039486094065e-03,1.193395109595485337e-04
5.750000000000000000e+00,2.000187651463155447e+01,2.000000056558319628e+01,2.000000018797640422e+01,1.876326655150251099e-03,1.373089464138388394e-04
5.875000000000000000e+00,2.000220646796931234e+01,2.000000072244915827e+01,2.000000024537313337e+01,2.206222596178974982e-03,1.572134813727643632e-04
6.000000000000000000e+00,2.000258171642957450e+01,2.000000091664751167e+01,2.000000031800301770e+01,2.581398426556802406e-03,1.791664925185898483e-04
6.125000000000000000e+00,2.000300662785330985e+01,2.000000115558081148e+01,2.000000040929887746e+01,3.006218554432393830e-03,2.032795327906455896e-04
6.250000000000000000e+00,2.000348578464218363e+01,2.000000144781597200e+01,2.000000052332663358e+01,3.485261315550047811e-03,2.296617734991457382e-04
6.375000000000000000e+00,2.000402397796947085e+01,2.000000180321583798e+01,2.000000066487465489e+01,4.023313094815961222e-03,2.584194833268327329e-04
6.500000000000000000e+00,2.000462620111812839e+01,2.000000223307876723e+01,2.000000083955137598e+01,4.625361566752417275e-03,2.896555481584073277e-04
6.625000000000000000e+00,2.000529764203090011e+01,2.000000275028576624e+01,2.000000105389137417e+01,5.296588139525937322e-03,3.234690342637236427e-04
6.750000000000000000e+00,2.000604367515985871e+01,2.000000336945506518e+01,2.000000131547001558e+01,6.042359689843124215e-03,3.599547968811123155e-04
6.875000000000000000e+00,2.000686985270355933e+01,2.000000410710368470e+01,2.000000163302683376e+01,6.868219676725573208e-03,3.992031350747993201e-04
7.000000000000000000e+00,2.000778189531959583e+01,2.000000498181551833e+01,2.000000201659765509e+01,7.779878721940747255e-03,4.412994932678770965e-04
7.125000000000000000e+00,2.000878568239872024e+01,2.000000601441553627e+01,2.000000247765546391e+01,8.783204743256334268e-03,4.863242090387132066e-04
7.250000000000000000e+00,2.000988724198441204e+01,2.000000722814957044e+01,2.000000302925991846e+01,9.884212724493579572e-03,5.343523062038002536e-04
7.375000000000000000e+00,2.001109274041846220e+01,2.000000864886910890e+01,2.000000368621545377e+01,1.108905420300843048e-02,5.854533319720189866e-04
7.500000000000000000e+00,2.001240847178959115e+01,2.000001030522045653e+01,2.000000446523763742e+01,1.240400655195372792e-02,6.396912363086926234e-04
7.625000000000000000e+00,2.001384084725786039e+01,2.000001222883773977e+01,2.000000538512773218e+01,1.383546213012820658e-02,6.971242915660980088e-04
7.750000000000000000e+00,2.001539638432313239e+01,2.000001445453899507e+01,2.000000646695496442e+01,1.538991736816797129e-02,7.578050499716937338e-04
7.875000000000000000e+00,2.001708169610115817e+01,2.000001702052473718e+01,2.000000773424624612e+01,1.707396185491205642e-02,8.217803366896703210e-04
8.000000000000000000e+00,2.001890348066578440e+01,2.000001996857833575e+01,2.000000921318297742e+01,1.889426748280698121e-02,8.890912758090507850e-04
8.125000000000000000e+00,2.002086851051051752e+01,2.000002334426746131e+01,2.000001093280432940e+01,2.085757770618812401e-02,9.597733464374869072e-04
8.250000000000000000e+00,2.002298362217757699e+01,2.000002719714596111e+01,2.000001292521665874e+01,2.297069696091824653e-02,1.033856466339244662e-03
8.375000000000000000e+00,2.002525570609684991e+01,2.000003158095549338e+01,2.000001522580842916e+01,2.524048028842074132e-02,1.111365100030070607e-03
8.500000000000000000e+00,2.002769169667203641e+01,2.000003655382619527e+01,2.000001787347007820e+01,2.767382320195821421e-02,1.192318388817170671e-03
8.625000000000000000e+00,2.003029856264547703e+01,2.000004217847580179e+01,2.000002091081822186e+01,3.027765182725516979e-02,1.276730299586859019e-03
8.750000000000000000e+00,2.003308329776804086e+01,2.000004852240651942e+01,2.000002438442354347e+01,3.305891334449739816e-02,1.364609789902715420e-03
8.875000000000000000e+00,2.003605291179501791e+01,2.000005565809911445e+01,2.000002834504178750e+01,3.602456675323040258e-02,1.455960986397997203e-03
9.000000000000000000e+00,2.003921442182391743e+01,2.000006366320350182e+01,2.000003284784704505e+01,3.918157397687238586e-02,1.550783374010933358e-03
9.125000000000000000e+00,2.004257484398522138e+01,2.000007262072541536e+01,2.000003795266678708e+01,4.253689131843430005e-02,1.649071993433892658e-03
9.250000000000000000e+00,2.004614118549270074e+01,2.000008261920856967e+01,2.000004372421778243e+01,4.609746127491831658e-02,1.750817644513347204e-03
9.375000000000000000e+00,2.004992043705562565e+01,2.000009375291175928e+01,2.000005023234240653e+01,4.987020471321912396e-02,1.856007093273603914e-03
9.500000000000000000e+00,2.005391956565171085e+01,2.000010612198055071e+01,2.000005755224444215e+01,5.386201340726870512e-02,1.964623280663602145e-03
9.625000000000000000e+00,2.005814550765641258e+01,2.000011983261302362e+01,2.000006576472376452e+01,5.807974293264805965e-02,2.076645531218446195e-03
9.750000000000000000e+00,2.006260516232157443e+01,2.000013499721929122e+01,2.000007495640923239e+01,6.253020591234204062e-02,2.192049760076031362e-03
9.875000000000000000e+00,2.006730538559449073e+01,2.000015173457429540e+01,2.000008521998908506e+01,6.722016560540566843e-02,2.310808677087550222e-03
1.000000000000000000e+01,2.007225298426669013e+01,2.000017016996370955e+01,2.000009665443814910e+01,7.215632982854103261e-02,2.432891986941854157e-03
1.012500000000000000e+01,2.007745471044107433e+01,2.000019043532257257e+01,2.000010936524127203e+01,7.734534519980229561e-02,2.558266584404833566e-03
1.025000000000000000e+01,2.008291725630500224e+01,2.000021266936643372e+01,2.000012346461233292e+01,8.279379169266931626e-02,2.686896744165778728e-03
1.037500000000000000e+01,2.008864724919699185e+01,2.000023701771483431e+01,2.000013907170818683e+01,8.850817748880501767e-02,2.818744304679654533e-03
1.050000000000000000e+01,2.009465124695452332e+01,2.000026363300688459e+01,2.000015631283707762e+01,9.449493411744569471e-02,2.953768845838311563e-03
1.062500000000000000e+01,2.010093573353059071e+01,2.000029267500887897e+01,2.000017532166083356e+01,1.007604118697571494e-01,3.091927860126020278e-03
1.075000000000000000e+01,2.010750711486697639e+01,2.000032431071378625e+01,2.000019623939046198e+01,1.073108754765144113e-01,3.233176917316171739e-03
1.087500000000000000e+01,2.011437171501245658e+01,2.000035871443254010e+01,2.000021921497456034e+01,1.141525000378962318e-01,3.377469822439138625e-03
1.090909090909091006e+01,2.011626580877505432e+01,2.000036830672661381e+01,2.000022563717097412e+01,1.160401716040802000e-01,3.417047222598057488e-03
1.103409090909091006e+01,2.012351199640262678e+01,2.000040647830807217e+01,2.000025144332083471e+01,1.232605530817920680e-01,3.565149536655098927e-03
1.115909090909091006e+01,2.013106546096105731e+01,2.000044784095741335e+01,2.000027967474428436e+01,1.307857862167729479e-01,3.716185053004750216e-03
1.128409090909091006e+01,2.013893223439220748e+01,2.000049259346682717e+01,2.000031050691875834e+01,1.386217274734491411e-01,3.870102810555664519e-03
1.140909090909091006e+01,2.014711825262928713e+01,2.000054094224474710e+01,2.000034412377476656e+01,1.467741288545205691e-01,4.026850685409755215e-03
1.153409090909091006e+01,2.015562935281635504e+01,2.000059310136390067e+01,2.000038071783988869e+01,1.552486349764663487e-01,4.186375512148288180e-03
1.165909090909091006e+01,2.016447127069399414e+01,2.000064929260134505e+01,2.000042049037342906e+01,1.640507803205650816e-01,4.348623197824252884e-03
1.178409090909091006e+01,2.017364963813465550e+01,2.000070974547061553e+01,2.000046365149131944e+01,1.731859866433360651e-01,4.513538827737306747e-03
1.190909090909091006e+01,2.018316998080604208e+01,2.000077469724599410e+01,2.000051042028110260e+01,1.826595605249394794e-01,4.681066761609287141e-03
1.203409090909091006e+01,2.019303771593477137e+01,2.000084439297922501e+01,2.000056102490685817e+01,1.924766910279132048e-01,4.851150718327090772e-03
1.215909090909091006e+01,2.020325815013505277e+01,2.000091908550865227e+01,2.000061570270386824e+01,2.026424474311845358e-01,5.023733846911682122e-03
1.228409090909091006e+01,2.021383647725746613e+01,2.000099903546104940e+01,2.000067470026286998e+01,2.131617769945961527e-01,5.198758780824874748e-03
1.240909090909091006e+01,2.022477777620253292e+01,2.000108451124630449e+01,2.000073827350390587e+01,2.240395026986270466e-01,5.376167672103804307e-03
1.253409090909091006e+01,2.023608700863239562e+01,2.000117578904513493e+01,2.000080668773955495e+01,2.352803208928406775e-01,5.555902201649587369e-03
1.265909090909091006e+01,2.024776901650297845e+01,2.000127315278999163e+01,2.000088021772760172e+01,2.468887987753767277e-01,5.737903561822577103e-03
1.278409090909091006e+01,2.025982851932942097e+01,2.000137689413944742e+01,2.000095914771308614e+01,2.588693716163348313e-01,5.922112407720447891e-03
1.290909090909091006e+01,2.027227011109069110e+01,2.000148731244617650e+01,2.000104377145967050e+01,2.712263396310206076e-01,6.108468774336017759e-03
1.303409090909091006e+01,2.028509825667563859e+01,2.000160471471879475e+01,2.000113439227042278e+01,2.839638644052158156e-01,6.296911957420547878e-03
1.315909090909091006e+01,2.029831728777395128e+01,2.000172941557774209e+01,2.000123132299794548e+01,2.970859647760057953e-01,6.487380357484084925e-03
1.328409090909091006e+01,2.031193139812163651e+01,2.000186173720541660e+01,2.000133488604394572e+01,3.105965120776907895e-01,6.679811287863657299e-03
1.340909090909091006e+01,2.032594463802162466e+01,2.000200200929079131e+01,2.000144541334824311e+01,3.244992246733815477e-01,6.874140749044244103e-03
1.353409090909091006e+01,2.034036090807691011e+01,2.000215056896869470e+01,2.000156324636722260e+01,3.387976617096875032e-01,7.070303173840386535e-03
1.365909090909091006e+01,2.035518395209397369e+01,2.000230776075390082e+01,2.000168873604184938e+01,3.534952160521243059e-01,7.268231148827908328e-03
1.378409090909091006e+01,2.037041734913905699e+01,2.000247393647034144e+01,2.000182224275516418e+01,3.685951063838928121e-01,7.467855119401178854e-03
1.390909090909091006e+01,2.038606450475644749e+01,2.000264945517548654e+01,2.000196413627935499e+01,3.841003684770925020e-01,7.669103086609396769e-03
1.403409090909091006e+01,2.040212864138631943e+01,2.000283468308009915e+01,2.000211479571234818e+01,4.000138456739712467e-01,7.871900304689205541e-03
1.415909090909091006e+01,2.041861278804769597e+01,2.000302999346353516e+01,2.000227460940390500e+01,4.163381786437909682e-01,8.076168988715437536e-03
1.428409090909091006e+01,2.043551976937875736e+01,2.000323576658465541e+01,2.000244397487119485e+01,4.330757945075625059e-01,8.281828041472039104e-03
1.440909090909091006e+01,2.045285219415123734e+01,2.000345238958850302e+01,2.000262329870377798e+01,4.502288954474593652e-01,8.488792808492462427e-03
1.453409090909091006e+01,2.047061244339658970e+01,2.000368025640877079e+01,2.000281299645785538e+01,4.677994469387343202e-01,8.696974869248919049e-03
1.465909090909091006e+01,2.048880265829811975e+01,2.000391976766616153e+01,2.000301349253971495e+01,4.857891657584048062e-01,8.906281871485788315e-03
1.478409090909091006e+01,2.050742472801579908e+01,2.000417133056254926e+01,2.000322522007822457e+01,5.041995079375745092e-01,9.116617414441918754e-03
1.490909090909091006e+01,2.052648027761760829e+01,2.000443535877109014e+01,2.000344862078619101e+01,5.230316568314172798e-01,9.327880985221526089e-03
1.503409090909091006e+01,2.054597065629363328e+01,2.000471227232209159e+01,2.000368414481036439e+01,5.422865114832688960e-01,9.539967951333494511e-03
1.515909090909091006e+01,2.056589692602679520e+01,2.000500249748457549e+01,2.000393225056998148e+01,5.619646754568137226e-01,9.752769610312128634e-03
1.528409090909091006e+01,2.058625985088763599e+01,2.000530646664349277e+01,2.000419340458353545e+01,5.820664463041005376e-01,9.966173296753311206e-03
1.540909090909091006e+01,2.060705988710966352e+01,2.000562461817234094e+01,2.000446808128360843e+01,6.025918058260550936e-01,1.018006254487957563e-02
1.553409090909091006e+01,2.062829717408837382e+01,2.000595739630107062e+01,2.000475676281958215e+01,6.235404112687916722e-01,1.039431730422535338e-02
1.565909090909091006e+01,2.064997152643018552e+01,2.000630525097896495e+01,2.000505993884793909e+01,6.449115875822464261e-01,1.060881420447046253e-02
1.578409090909091006e+01,2.067208242715937416e+01,2.000666863773239257e+01,2.000537810631010771e+01,6.667043208492664519e-01,1.082342686490278538e-02
1.590909090909091006e+01,2.069462902217123457e+01,2.000704801751698625e+01,2.000571176919751792e+01,6.889172529737166428e-01,1.103802624317751224e-02
1.603409090909091006e+01,2.071761011599921432e+01,2.000744385656404845e+01,2.000606143830393080e+01,7.115486776952835157e-01,1.125248101760689678e-02
1.615909090909091006e+01,2.074102416894321621e+01,2.000785662622092786e+01,2.000642763096485766e+01,7.345965379783585547e-01,1.146665799676682695e-02
1.628409090909091006e+01,2.076486929558624084e+01,2.000828680278488392e+01,2.000681087078397979e+01,7.580584248022610439e-01,1.168042255046231048e-02
1.640909090909091006e+01,2.078914326470696494e+01,2.000873486733022943e+01,2.000721168734678201e+01,7.819315773601829278e-01,1.189363905553619816e-02
1.653409090909091006e+01,2.081384350057791721e+01,2.000920130552843190e+01,2.000763061592124359e+01,8.062128846566736229e-01,1.210617135065206185e-02
1.665909090909091006e+01,2.083896708562218691e+01,2.000968660746077887e+01,2.000806819714592422e+01,8.308988884762626981e-01,1.231788319429583112e-02
1.678409090909091006e+01,2.086451076438665808e+01,2.001019126742334819e+01,2.000852497670554442e+01,8.559857876811136634e-01,1.252863872050369309e-02
1.690909090909091006e+01,2.089047094877651034e+01,2.001071578372398818e+01,2.000900150499430907e+01,8.814694437822012674e-01,1.273830288735666727e-02
1.703409090909091006e+01,2.091684372448467855e+01,2.001126065847108038e+01,2.000949833676748568e+01,9.073453877171928639e-01,1.294674191385780659e-02
1.715909090909091006e+01,2.094362485854034617e+01,2.001182639735377222e+01,2.001001603078146474e+01,9.336088277588814321e-01,1.315382370098205911e-02
1.728409090909091006e+01,2.097080980789339577e+01,2.001241350941360864e+01,2.001055514942287772e+01,9.602546584705180521e-01,1.335941823377950755e-02
1.740909090909091006e+01,2.099839372894582112e+01,2.001302250680731731e+01,2.001111625832734831e+01,9.872774706184728188e-01,1.356339796142691512e-02
1.753409090909091006e+01,2.102637148793726851e+01,2.001365390456069093e+01,2.001169992598846648e+01,1.014671561948802037e+00,1.376563815285081205e-02
1.765909090909091006e+01,2.105473767208963665e+01,2.001430822031355206e+01,2.001230672335762506e+01,1.042430948732011586e+00,1.396601722625234743e-02
1.778409090909091006e+01,2.108348660141455966e+01,2.001498597405572610e+01,2.001293722343555714e+01,1.070549377979002514e+00,1.416441705096715964e-02
1.790909090909091006e+01,2.111261234108807017e+01,2.001568768785416452e+01,2.001359200085625645e+01,1.099020340231813719e+00,1.436072322086445752e-02
1.803409090909091006e+01,2.114210871429835237e+01,2.001641388557129630e+01,2.001427163146419019e+01,1.127837082834162175e+00,1.455482529875240516e-02
1.815909090909091006e+01,2.117196931547479011e+01,2.001716509257481036e+01,2.001497669188565354e+01,1.156992623589136571e+00,1.474661703161928017e-02
1.828409090909091006e+01,2.120218752381014582e+01,2.001794183543909611e+01,2.001570775909514666e+01,1.186479764714999163e+00,1.493599653700528052e-02
1.840909090909091006e+01,2.123275651699128730e+01,2.001874464163864786e+01,2.001646540997779056e+01,1.216291107013496742e+00,1.512286646086380415e-02
1.853409090909091006e+01,2.126366928505896681e+01,2.001957403923378820e+01,2.001725022088864137e+01,1.246419064170325441e+00,1.530713410782880146e-02
1.865909090909091006e+01,2.129491864432159787e+01,2.002043055654912962e+01,2.001806276720994759e+01,1.276855877111650273e+00,1.548871154468756117e-02
1.878409090909091006e+01,2.132649725125362394e+01,2.002131472184519367e+01,2.001890362290730252e+01,1.307593628346321424e+00,1.566751567825619418e-02
1.890909090909091006e+01,2.135839761631427791e+01,2.002222706298381283e+01,2.001977336008567931e+01,1.338624256228598597e+00,1.584346830899008296e-02
1.903409090909091006e+01,2.139061211762818360e+01,2.002316810708769879e+01,2.002067254854629752e+01,1.369939569081886077e+00,1.601649616155498279e-02
1.915909090909091006e+01,2.142313301447475382e+01,2.002413838019498726e+01,2.002160175534536179e+01,1.401531259129392026e+00,1.618653089397170675e-02
1.928409090909091006e+01,2.145595246053887095e+01,2.002513840690918911e+01,2.002256154435551139e+01,1.433390916183359565e+00,1.635350908671640013e-02
1.940909090909091006e+01,2.148906251688065794e+01,2.002616871004541821e+01,2.002355247583102482e+01,1.465510041049633116e+00,1.651737221340709993e-02
1.953409090909091006e+01,2.152245516458737384e+01,2.002722981027342541e+01,2.002457510597759693e+01,1.497880058609776910e+00,1.667806659452253371e-02
1.965909090909091006e+01,2.155612231707551629e+01,2.002832222575827714e+01,2.002562998652758353e+01,1.530492330547932767e+00,1.683554333579095896e-02
1.978409090909091006e+01,2.159005583201588507e+01,2.002944647179938897e+01,2.002671766432160894e+01,1.563338167694276137e+00,1.698975825263815409e-02
1.990909090909091006e+01,2.162424752285890150e+01,2.003060306046865691e+01,2.002783868089723995e+01,1.596408841961661551e+00,1.714067178224709664e-02
2.003409090909091006e+01,2.165868916994172722e+01,2.003179250024844293e+01,2.002899357208556097e+01,1.629695597856166245e+00,1.728824888463620368e-02
2.015909090909091006e+01,2.169337253116260555e+01,2.003301529567026051e+01,2.003018286761635736e+01,1.663189663546248198e+00,1.743245893405642732e-02
2.028409090909091006e+01,2.172828935221149749e+01,2.003427194695481361e+01,2.003140709073255366e+01,1.696882261478943832e+00,1.757327560209631656e-02
2.040909090909091006e+01,2.176343137634943758e+01,2.003556294965424911e+01,2.003266675781457451e+01,1.730764618534863075e+00,1.771067673359283390e-02
2.053409090909091006e+01,2.179879035373212659e+01,2.003688879429735792e+01,2.003396237801516833e+01,1.764827975716958264e+00,1.784464421673348511e-02
2.065909090909091006e+01,2.183435805027589538e+01,2.003824996603838215e+01,2.003529445290527633e+01,1.799063597370619050e+00,1.797516384811359558e-02
2.078409090909091006e+01,2.187012625606687166e+01,2.003964694431033067e+01,2.003666347613136978e+01,1.833462779935501885e+00,1.810222519408810626e-02
2.090909090909091006e+01,2.190608679331621289e+01,2.004108020248328614e+01,2.003806993308477047e+01,1.868016860231442422e+00,1.822582144910001034e-02
2.103409090909091006e+01,2.194223152386636855e+01,2.004255020752861327e+01,2.003951430058329208e+01,1.902717223283076464e+00,1.834594929198374302e-02
2.115909090909091006e+01,2.197855235625500114e+01,2.004405741968949428e+01,2.004099704656553627e+01,1.937555309689464877e+00,1.846260874101801619e-02
2.128409090909091006e+01,2.201504125234468745e+01,2.004560229215864098e+01,2.004251862979817034e+01,1.972522622546517113e+00,1.857580300836048082e-02
2.140909090909091006e+01,2.205169023352788926e+01,2.004718527076356693e+01,2.004407949959643886e+01,2.007610733931450397e+00,1.868553835464226154e-02
2.153409090909091006e+01,2.208849138651770261e+01,2.004880679366017660e+01,2.004568009555807606e+01,2.042811290959626547e+00,1.879182394424105951e-02
2.165909090909091006e+01,2.212543686873586068e+01,2.005046729103502301e+01,2.004732084731083575e+01,2.078116021425024940e+00,1.889467170174796706e-02
2.178409090909091006e+01,2.216251891331011592e+01,2.005216718481688076e+01,2.004900217427369213e+01,2.113516739036423786e+00,1.899409617010405782e-02
2.190909090909091006e+01,2.219972983369397213e+01,2.005390688839794677e+01,2.005072448543186425e+01,2.149005348262107873e+00,1.909011437086505225e-02
2.203409090909091006e+01,2.223706202792183717e+01,2.005568680636520185e+01,2.005248817912563908e+01,2.184573848796198092e+00,1.918274566688538130e-02
2.215909090909091006e+01,2.227450798251336650e+01,2.005750733424224563e+01,2.005429364285307514e+01,2.220214339660291358e+00,1.927201162782310462e-02
2.228409090909091006e+01,2.231206027604068609e+01,2.005936885824194960e+01,2.005614125308646578e+01,2.255919022954220310e+00,1.935793589860068664e-02
2.240909090909091006e+01,2.234971158237254230e+01,2.006127175503027615e+01,2.005803137510260115e+01,2.291680207269941150e+00,1.944054407116624361e-02
2.253409090909091006e+01,2.238745467360929098e+01,2.006321639150143810e+01,2.005996436282664774e+01,2.327490310782643235e+00,1.951986355972934462e-02
2.265909090909091006e+01,2.242528242272275207e+01,2.006520312456475352e+01,2.006194055868957804e+01,2.363341864033174033e+00,1.959592347957084257e-02
2.278409090909091006e+01,2.246318780591460040e+01,2.006723230094324606e+01,2.006396029349902932e+01,2.399227512415571084e+00,1.966875452955463288e-02
2.290909090909091006e+01,2.250116390470716254e+01,2.006930425698423548e+01,2.006602388632332179e+01,2.435140018383840754e+00,1.973838887851542268e-02
2.303409090909091006e+01,2.253920390777985716e+01,2.007141931848202177e+01,2.006813164438854358e+01,2.471072263391313584e+00,1.980486005549408901e-02
2.315909090909091006e+01,2.257730111256451622e+01,2.007357780051273011e+01,2.007028386298844680e+01,2.507017249576069418e+00,1.986820284387036395e-02
2.328409090909091006e+01,2.261544892661249406e+01,2.007578000728132750e+01,2.007248082540691314e+01,2.542968101205580922e+00,1.992845317949587525e-02
2.340909090909091006e+01,2.265364086874600602e+01,2.007802623198094238e+01,2.007472280285274380e+01,2.578918065893262224e+00,1.998564805274938294e-02
2.353409090909091006e+01,2.269187057000593200e+01,2.008031675666435234e+01,2.007701005440653219e+01,2.614860515599399804e+00,2.003982541454618627e-02
2.365909090909091006e+01,2.273013177440777000e+01,2.008265185212766823e+01,2.007934282697931394e+01,2.650788947428456055e+00,2.009102408617380320e-02
2.378409090909091006e+01,2.276841833951729654e+01,2.008503177780610827e+01,2.008172135528264590e+01,2.686696984234650643e+00,2.013928367309603118e-02
2.390909090909091006e+01,2.280672423685675909e+01,2.008745678168185123e+01,2.008414586180999351e+01,2.722578375046765586e+00,2.018464448249801535e-02
2.403409090909091006e+01,2.284504355215227278e+01,2.008992710020367412e+01,2.008661655682886860e+01,2.758426995323404185e+00,2.022714744457942970e-02
2.415909090909091006e+01,2.288337048543254326e+01,2.009244295821843451e+01,2.008913363838361121e+01,2.794236847048932049e+00,2.026683403749274248e-02
2.428409090909091006e+01,2.292169935098871392e+01,2.009500456891409570e+01,2.009169729230831081e+01,2.830002058680403110e+00,2.030374621596209295e-02
2.440909090909091006e+01,2.296002457720457457e+01,2.009761213377413469e+01,2.009430769224971414e+01,2.865716884954860433e+00,2.033792634325237714e-02
2.453409090909091006e+01,2.299834070626615556e+01,2.010026584254318038e+01,2.009696499969962957e+01,2.901375706566525992e+00,2.036941712670881088e-02
2.465909090909091006e+01,2.303664239375913780e+01,2.010296587320360118e+01,2.009966936403655779e+01,2.936973029722580009e+00,2.039826155646196071e-02
2.478409090909091006e+01,2.307492440816224288e+01,2.010571239196283244e+01,2.010242092257621493e+01,2.972503485586027949e+00,2.042450284749364187e-02
2.490909090909091006e+01,2.311318163024430206e+01,2.010850555325119515e+01,2.010521980063058578e+01,3.007961829613716276e+00,2.044818438467999044e-02
2.503409090909091006e+01,2.315140905237233682e+01,2.011134549972992502e+01,2.010806611157515889e+01,3.043342940797177931e+00,2.046934967098223979e-02
2.515909090909091006e+01,2.318960177773767128e+01,2.011423236230916700e+01,2.011095995692403804e+01,3.078641820813633245e+00,2.048804227841571901e-02
2.528409090909091006e+01,2.322775501950658139e+01,2.011716626017559406e+01,2.011390142641251799e+01,3.113853593094063399e+00,2.050430580194984032e-02
2.540909090909091006e+01,2.326586409990187931e+01,2.012014730082944070e+01,2.011689059808687929e+01,3.148973501815000020e+00,2.051818381606196340e-02
2.553409090909091006e+01,2.330392444922118855e+01,2.012317558013059582e+01,2.011992753840102210e+01,3.183996910820166448e+00,2.052971983383500287e-02
2.565909090909091006e+01,2.334193160479767215e+01,2.012625118235338562e+01,2.012301230231955529e+01,3.218919302478116862e+00,2.053895726866983296e-02
2.578409090909091006e+01,2.337988120990839036e+01,2.012937418024993619e+01,2.012614493342712052e+01,3.253736276481269840e+00,2.054593939836024674e-02
2.590909090909091006e+01,2.341776901263522959e+01,2.013254463512152270e+01,2.012932546404355350e+01,3.288443548591676091e+00,2.055070933135638711e-02
2.603409090909091006e+01,2.345559086468329824e+01,2.013576259689784109e+01,2.013255391534457317e+01,3.323036949338725066e+00,2.055330997547599736e-02
2.615909090909091006e+01,2.349334272016091774e+01,2.013902810422373335e+01,2.013583029748772901e+01,3.357512422673188723e+00,2.055378400846663567e-02
2.628409090909091006e+01,2.353102063432559632e+01,2.014234118455304312e+01,2.013915460974322258e+01,3.391866024582373740e+00,2.055217385077057202e-02
2.640909090909091006e+01,2.356862076229977632e+01,2.014570185424939552e+01,2.014252684062940091e+01,3.426093921670375408e+00,2.054852164012643811e-02
2.653409090909091006e+01,2.360613935776002847e+01,2.014911011869343227e+01,2.014594696805252738e+01,3.460192389707501093e+00,2.054286920804315741e-02
2.665909090909091006e+01,2.364357277160313942e+01,2.015256597239629244e+01,2.014941495945065597e+01,3.494157812152483444e+00,2.053525805803246840e-02
2.678409090909091006e+01,2.368091745059226128e+01,2.015606939911896589e+01,2.015293077194118254e+01,3.527986678651078734e+00,2.052572934546503802e-02
2.690909090909091006e+01,2.371816993598622503e+01,2.015962037199721024e+01,2.015649435247195242e+01,3.561675583514272603e+00,2.051432385913187773e-02
2.703409090909091006e+01,2.375532686215467848e+01,2.016321885367174360e+01,2.016010563797554056e+01,3.595221224179137920e+00,2.050108200414157977e-02
2.715909090909091006e+01,2.379238495518181651e+01,2.016686479642338981e+01,2.016376455552651237e+01,3.628620399655304141e+00,2.048604378647667090e-02
2.728409090909091006e+01,2.382934103146104121e+01,2.017055814231281730e+01,2.016747102250140244e+01,3.661870008959638767e+00,2.046924879867617619e-02
2.740909090909091006e+01,2.386619199628291099e+01,2.017429882332472957e+01,2.017122494674111266e+01,3.694967049541798332e+00,2.045073620705650796e-02
2.753409090909091006e+01,2.390293484241838939e+01,2.017808676151598490e+01,2.017502622671559465e+01,3.727908615702794748e+00,2.043054473991290365e-02
2.765909090909091006e+01,2.393956664869953244e+01,2.018192186916760278e+01,2.017887475169046851e+01,3.760691897009063922e+00,2.040871267715260728e-02
2.778409090909091006e+01,2.397608457859923448e+01,2.018580404894015601e+01,2.018277040189549254e+01,3.793314176703741936e+00,2.038527784077359684e-02
2.790909090909091006e+01,2.401248587881190844e+01,2.018973319403243494e+01,2.018671304869450012e+01,3.825772830117408319e+00,2.036027758657965592e-02
2.803409090909091006e+01,2.404876787783654990e+01,2.019370918834301776e+01,2.019070255475675069e+01,3.858065323079799214e+00,2.033374879676230762e-02
2.815909090909091006e+01,2.408492798456369144e+01,2.019773190663452667e+01,2.019473877422943531e+01,3.890189210334256131e+00,2.030572787350237718e-02
2.828409090909091006e+01,2.412096368686759007e+01,2.020180121470033541e+01,2.019882155291110593e+01,3.922142133956484145e+00,2.027625073336736250e-02
2.840909090909091006e+01,2.415687255020480961e+01,2.020591696953339067e+01,2.020295072842590400e+01,3.953921821778905610e+00,2.024535280257566683e-02
2.853409090909091006e+01,2.419265221622047690e+01,2.021007901949700525e+01,2.020712613039838601e+01,3.985526085822090891e+00,2.021306901306374471e-02
2.865909090909091006e+01,2.422830040136306451e+01,2.021428720449736716e+01,2.021134758062875747e+01,4.016952820734307039e+00,2.017943379927444880e-02
2.878409090909091006e+01,2.426381489550880843e+01,2.021854135615747339e+01,2.021561489326840544e+01,4.048200002240402995e+00,2.014448109559197064e-02
2.890909090909091006e+01,2.429919356059655655e+01,2.022284129799234620e+01,2.021992787499546651e+01,4.079265685601090041e+00,2.010824433447311321e-02
2.903409090909091006e+01,2.433443432927387207e+01,2.022718684558531521e+01,2.022428632519043745e+01,4.110148004083434614e+00,2.007075644520384117e-02
2.915909090909091006e+01,2.436953520355510960e+01,2.023157780676508111e+01,2.022869003611151584e+01,4.140845167443593766e+00,2.003204985315676367e-02
2.928409090909091006e+01,2.440449425349207857e+01,2.023601398178349342e+01,2.023313879306967067e+01,4.171355460422407901e+00,1.999215647966323672e-02
2.940909090909091006e+01,2.443930961585797235e+01,2.024049516349370492e+01,2.023763237460325470e+01,4.201677241254717643e+00,1.995110774233666007e-02
2.953409090909091006e+01,2.447397949284500385e+01,2.024502113752869548e+01,2.024217055265211940e+01,4.231808940192884450e+00,1.990893455587183780e-02
2.965909090909091006e+01,2.450850215077629812e+01,2.024959168247983499e+01,2.024675309273127510e+01,4.261749058045023020e+00,1.986566733328842815e-02
2.978409090909091006e+01,2.454287591883242925e+01,2.025420657007546410e+01,2.025137975410420310e+01,4.291496164728226148e+00,1.982133598759361348e-02
2.990909090909091006e+01,2.457709918779293545e+01,2.025886556535938610e+01,2.025605028995649803e+01,4.321048897836437419e+00,1.977596993379293622e-02
3.003409090909091006e+01,2.461117040879328499e+01,2.026356842686920245e+01,2.026076444757065076e+01,4.350405961222634232e+00,1.972959809128127517e-02
3.015909090909091006e+01,2.464508809209743134e+01,2.026831490681468040e+01,2.026552196850381193e+01,4.379566123593619409e+00,1.968224888657488236e-02
3.028409090909091006e+01,2.467885080588624902e+01,2.027310475125649702e+01,2.027032258877112625e+01,4.408528217115122771e+00,1.963395025626368806e-02
3.040909090909091006e+01,2.471245717506214490e+01,2.027793770028597464e+01,2.027516603903864834e+01,4.437291136023496563e+00,1.958472965036150981e-02
3.053409090909091006e+01,2.474590588006991254e+01,2.028281348820700813e+01,2.028005204483115165e+01,4.465853835238760894e+00,1.953461403582679168e-02
3.065909090909091006e+01,2.477919565573406757e+01,2.028773184372180083e+01,2.028498032676204232e+01,4.494215328972025247e+00,1.948362990039242959e-02
3.078409090909091006e+01,2.481232529011265342e+01,2.029269249012295262e+01,2.028995060079423496e+01,4.522374689318418461e+00,1.943180325650217810e-02
3.090909090909091006e+01,2.484529362336785496e+01,2.029769514549528964e+01,2.029496257854274432e+01,4.550331044825110638e+00,1.937915964560588122e-02
3.103409090909091006e+01,2.487809954665313228e+01,2.030273952293190121e+01,2.030001596763135296e+01,4.578083579021779315e+00,1.932572414249023041e-02
3.115909090909091006e+01,2.491074200101728309e+01,2.030782533076994056e+01,2.030511047211725284e+01,4.605631528900030247e+00,1.927152135988308146e-02
3.128409090909091006e+01,2.494321997632513899e+01,2.031295227285326632e+01,2.031024579299842259e+01,4.632974183326716400e+00,1.921657545312172033e-02
3.140909090909091006e+01,2.497553251019515486e+01,2.031812004882987210e+01,2.031542162881910230e+01,4.660110881376052561e+00,1.916091012506271340e-02
3.153409090909091006e+01,2.500767868695366403e+01,2.032332835449359720e+01,2.032063767638862117e+01,4.687041010565042853e+00,1.910454863100952139e-02
3.165909090909091006e+01,2.503965763660588095e+01,2.032857688218040693e+01,2.032589363162809093e+01,4.713764004977790023e+00,1.904751378379643256e-02
3.178409090909091006e+01,2.507146853382359808e+01,2.033386532123064683e+01,2.033118919055798557e+01,4.740279343265612511e+00,1.898982795901105192e-02
3.190909090909091006e+01,2.510311059694943836e+01,2.033919335852891663e+01,2.033652405043768141e+01,4.766586546511756950e+00,1.893151310021323752e-02
3.203409090909090651e+01,2.513458308701764565e+01,2.034456067913385624e+01,2.034189791106532041e+01,4.792685175952325238e+00,1.887259072434588347e-02
3.215909090909090651e+01,2.516588530679128155e+01,2.034996696700970631e+01,2.034731047624320510e+01,4.818574830548076449e+00,1.881308192707109583e-02
3.228409090909090651e+01,2.519701659981578956e+01,2.035541190587105120e+01,2.035276145541046589e+01,4.844255144405323676e+00,1.875300738828400426e-02
3.240909090909090651e+01,2.522797634948869927e+01,2.036089518015140243e+01,2.035825056544093670e+01,4.869725784047762573e+00,1.869238737763012637e-02
3.253409090909090651e+01,2.525876397814546337e+01,2.036641647610463579e+01,2.036377753260044088e+01,4.894986445545022491e+00,1.863124176002983745e-02
3.265909090909090651e+01,2.528937894616122861e+01,2.037197548304692063e+01,2.036934209465370316e+01,4.920036851507525455e+00,1.856959000130586901e-02
3.278409090909090651e+01,2.531982075106841279e+01,2.037757189474459096e+01,2.037494400310768938e+01,4.944876747960723407e+00,1.850745117373264748e-02
3.290909090909090651e+01,2.535008892668993496e+01,2.038320541095107075e+01,2.038058302557472601e+01,4.969505901115208957e+00,1.844484396172418883e-02
3.303409090909090651e+01,2.538018304228802435e+01,2.038887573909373785e+01,2.038625894823595885e+01,4.993924094052065499e+00,1.838178666743317535e-02
3.315909090909090651e+01,2.541010270172830232e+01,2.039458259610872659e+01,2.039197157838312791e+01,5.018131123345174416e+00,1.831829721642108666e-02
3.328409090909090651e+01,2.543984754265910553e+01,2.040032571041917464e+01,2.039772074701498639e+01,5.042126795644119142e+00,1.825439316325727646e-02
3.340909090909090651e+01,2.546941723570583704e+01,2.040610482404981951e+01,2.040350631146315408e+01,5.065910924242682967e+00,1.819009169721041985e-02
3.353409090909090651e+01,2.549881148368019268e+01,2.041191969486814628e+01,2.040932815802164768e+01,5.089483325658544999e+00,1.812540964783337927e-02
3.365909090909090651e+01,2.552803002080406003e+01,2.041777009894017070e+01,2.041518620455401489e+01,5.112843816250045137e+00,1.806036349059425561e-02
3.378409090909090651e+01,2.555707261194798718e+01,2.042365583298659004e+01,2.042108040305260630e+01,5.135992208895380884e+00,1.799496935250033403e-02
3.390909090909090651e+01,2.558593905188394046e+01,2.042957671692319011e+01,2.042701074212508772e+01,5.158928309758852748e+00,1.792924301761900097e-02
3.403409090909090651e+01,2.561462916455231920e+01,2.043553259646803610e+01,2.043297724938492621e+01,5.181651915167392985e+00,1.786319993270524265e-02
3.415909090909090651e+01,2.564314280234294330e+01,2.044152334579631969e+01,2.043897999372410368e+01,5.204162808618839620e+00,1.779685521265861325e-02
3.428409090909090651e+01,2.567147984538988936e+01,2.044754887022331502e+01,2.044501908744842211e+01,5.226460757941467250e+00,1.773022364610099544e-02
3.440909090909090651e+01,2.569964020088000467e+01,2.045360910889494832e+01,2.045109468825791410e+01,5.248545512622090570e+00,1.766331970079448865e-02
3.453409090909090651e+01,2.572762380237495705e+01,2.045970403746558475e+01,2.045720700105752599e+01,5.270416801317431066e+00,1.759615752912679909e-02
3.465909090909090651e+01,2.575543060914659321e+01,2.046583367074260096e+01,2.046335627958549708e+01,5.292074329561096135e+00,1.752875097349360090e-02
3.478409090909090651e+01,2.578306060552549184e+01,2.047199806527782329e+01,2.046954282784972534e+01,5.313517777675766496e+00,1.746111357171287182e-02
3.490909090909090651e+01,2.581051380026257647e+01,2.047819732188670372e+01,2.047576700136474059e+01,5.334746798897835873e+00,1.739325856237172729e-02
3.503409090909090651e+01,2.583779022590355723e+01,2.048443158807709352e+01,2.048202920818458495e+01,5.355761017718972283e+00,1.732519889012351655e-02
3.515909090909090651e+01,2.586488993817610549e+01,2.049070106037058636e+01,2.048832990972918822e+01,5.376560028446917272e+00,1.725694721097426054e-02
3.528409090909090651e+01,2.589181301538963353e+01,2.049700598650105832e+01,2.049466962140401449e+01,5.397143393985619042e+00,1.718851589754422093e-02
3.540909090909090651e+01,2.591855955784748744e+01,2.050334666747632895e+01,2.050104891301499777e+01,5.417510644832489675e+00,1.711991704431881089e-02
3.553409090909090651e+01,2.594512968727140390e+01,2.050972345949065101e+01,2.050746840898246859e+01,5.437661278288935307e+00,1.705116247275384467e-02
3.565909090909090651e+01,2.597152354623818837e+01,2.051613677567748439e+01,2.051392878835950739e+01,5.457594757878680980e+00,1.698226373650157939e-02
3.578409090909090651e+01,2.599774129762837305e+01,2.052258708769354456e+01,2.052043078466160964e+01,5.477310512966763412e+00,1.691323212648043750e-02
3.590909090909090651e+01,2.602378312408678340e+01,2.052907492712714443e+01,2.052697518551580202e+01,5.496807938570981378e+00,1.684407867596959818e-02
3.603409090909090651e+01,2.604964922749489631e+01,2.053560088672510631e+01,2.053356283213843270e+01,5.516086395356463612e+00,1.677481416567871975e-02
3.615909090909090651e+01,2.607533982845487230e+01,2.054216562143463420e+01,2.054019461865152607e+01,5.535145209803346233e+00,1.670544912875726595e-02
3.628409090909090651e+01,2.610085516578506315e+01,2.054876984925757100e+01,2.054687149124853818e+01,5.553983674536524973e+00,1.663599385575054157e-02
3.640909090909090651e+01,2.612619549602701596e+01,2.055541435191625865e+01,2.055359444722060402e+01,5.572601048806411939e+00,1.656645839958414967e-02
3.653409090909090651e+01,2.615136109296378919e+01,2.056209997533142797e+01,2.056036453385492280e+01,5.590996559108866393e+00,1.649685258047384195e-02
3.665909090909090651e+01,2.617635224714942410e+01,2.056882762991375557e+01,2.056718284721701551e+01,5.609169399932408595e+00,1.642718599078563102e-02
3.678409090909090651e+01,2.620116926544957892e+01,2.057559829067198720e+01,2.057405053082870339e+01,5.627118734620875529e+00,1.635746799991011358e-02
3.690909090909090651e+01,2.622581247059313370e+01,2.058241299714135053e+01,2.058096877425372639e+01,5.644843696339407302e+00,1.628770775907284474e-02
3.703409090909090651e+01,2.625028220073464524e+01,2.058927285313716027e+01,2.058793881160267247e+01,5.662343389131972771e+00,1.621791420608076351e-02
3.715909090909090651e+01,2.627457880902768039e+01,2.059617902633916486e+01,2.059496191996878167e+01,5.679616889058898721e+00,1.614809607008282910e-02
3.728409090909090651e+01,2.629870266320876482e+01,2.060313274771287695e+01,2.060203941780577708e+01,5.696663245402987741e+00,1.607826187627381387e-02
3.740909090909090651e+01,2.632265414519192959e+01,2.061013531077491123e+01,2.060917266325860453e+01,5.713481481933325057e+00,1.600841995054125277e-02
3.753409090909090651e+01,2.634643365067368848e+01,2.061718807070970527e+01,2.061636305245741241e+01,5.730070598216276068e+00,1.593857842405554948e-02
3.765909090909090651e+01,2.637004158874849225e+01,2.062429244334538581e+01,2.062361201778464448e+01,5.746429570963847766e+00,1.586874523791337310e-02
3.778409090909090651e+01,2.639347838153432946e+01,2.063144990399698031e+01,2.063092102612451484e+01,5.762557355409814619e+00,1.579892814759986663e-02
3.790909090909090651e+01,2.641674446380849872e+01,2.063866198618519121e+01,2.063829157710346607e+01,5.778452886705032654e+00,1.572913472749348784e-02
3.803409090909090651e+01,2.643984028265346353e+01,2.064593028023915622e+01,2.064572520132973921e+01,5.794115081323724326e+00,1.565937237530334869e-02
3.815909090909090651e+01,2.646276629711258011e+01,2.065325643179167514e+01,2.065322345863916809e+01,5.809542838473412019e+00,1.558964831645681670e-02
3.828409090909090651e+01,2.648552297785560938e+01,2.066064214017515610e+01,2.066078793635401212e+01,5.824880837680453283e+00,1.551996960839829853e-02
3.840909090909090651e+01,2.650811080685396348e+01,2.066808915672661939e+01,2.066842024756060781e+01,5.840021650127344088e+00,1.545034314490578709e-02
3.853409090909090651e+01,2.653053027706544853e+01,2.067559928300980232e+01,2.067612202941113964e+01,5.854930994055646210e+00,1.538077566025819465e-02
3.865909090909090651e+01,2.655278189212840800e+01,2.068317436896229822e+01,2.068389494145400676e+01,5.869607523166109786e+00,1.531127373345242404e-02
3.878409090909090651e+01,2.657486616606524521e+01,2.069081631097538221e+01,2.069174066399680001e+01,5.884049855089863001e+00,1.524184379224280406e-02
3.890909090909090651e+01,2.659678362299495546e+01,2.069852704991395242e+01,2.069966089650506191e+01,5.898256573081003040e+00,1.517249211719473578e-02
3.903409090909090651e+01,2.661853479685477453e+01,2.070630856908389461e+01,2.070765735603963265e+01,5.912226227770879916e+00,1.510322484567439005e-02
3.915909090909090651e+01,2.664012023113059513e+01,2.071416289215377304e+01,2.071573177573468172e+01,5.925957338976822086e+00,1.503404797568919093e-02
3.928409090909090651e+01,2.666154047859613740e+01,2.072209208103760147e+01,2.072388590331824787e+01,5.939448397558535930e+00,1.496496736977448450e-02
3.940909090909090651e+01,2.668279610106063870e+01,2.073009823374522398e+01,2.073212149967639206e+01,5.952697867315414726e+00,1.489598875872388817e-02
3.953409090909090651e+01,2.670388766912493139e+01,2.073818348220657981e+01,2.074044033746192284e+01,5.965704186918351581e+00,1.482711774525924397e-02
3.965909090909090651e+01,2.672481576194571673e+01,2.074634999007577107e+01,2.074884419974818428e+01,5.978465771869945655e+00,1.475835980766149191e-02
3.978409090909090651e+01,2.674558096700793186e+01,2.075459995052065665e+01,2.075733487872803096e+01,5.990981016487275213e+00,1.468972030325588207e-02
3.981818181818182012e+01,2.675123205126537584e+01,2.075685618394861365e+01,2.075965700443266826e+01,5.994375867316762196e+00,1.467101091425249138e-02
3.994318181818182012e+01,2.677179075314253254e+01,2.076521534832336613e+01,2.076826060216545855e+01,6.006575404819166408e+00,1.460252831482122815e-02
4.006818181818182012e+01,2.679218792951936479e+01,2.077366304540268516e+01,2.077695511648358462e+01,6.018524884116679630e+00,1.453417657550559738e-02
4.019318181818182012e+01,2.681242419474875405e+01,2.078220154965866229e+01,2.078574236100596551e+01,6.030222645090091760e+00,1.446596018058698974e-02
4.031818181818182012e+01,2.683250016994093201e+01,2.079083315557185330e+01,2.079462415340156767e+01,6.041667014369078714e+00,1.439788387660101421e-02
4.044318181818182012e+01,2.685241648323291486e+01,2.079956017543437952e+01,2.080360231432499063e+01,6.052856307798535340e+00,1.432995240471512943e-02
4.056818181818182012e+01,2.687217376974861693e+01,2.080838493716024828e+01,2.081267866639058184e+01,6.063788832588368649e+00,1.426217043118072070e-02
4.069318181818182012e+01,2.689177267147177730e+01,2.081730978210875094e+01,2.082185503318507358e+01,6.074462889363026363e+00,1.419454253107943487e-02
4.081818181818182012e+01,2.691121383709599968e+01,2.082633706292382314e+01,2.083113323831789643e+01,6.084876774172176539e+00,1.412707318613115604e-02
4.094318181818182012e+01,2.693049792187123259e+01,2.083546914139056838e+01,2.084051510450779432e+01,6.095028780480664210e+00,1.405976678624298870e-02
4.106818181818182012e+01,2.694962558745233849e+01,2.084470838630856093e+01,2.085000245270369135e+01,6.104917201143777561e+00,1.399262763190378678e-02
4.119318181818182012e+01,2.696859750175196169e+01,2.085405717138007731e+01,2.085959710123759336e+01,6.114540330371884380e+00,1.392565993669236946e-02
4.131818181818182012e+01,2.698741433879814267e+01,2.086351787310960049e+01,2.086930086500689541e+01,6.123896465688542179e+00,1.385886782981415877e-02
4.144318181818182012e+01,2.700607677859693823e+01,2.087309286870913994e+01,2.087911555468257063e+01,6.132983909887798291e+00,1.379225535854544660e-02
4.156818181818182012e+01,2.702458550700005091e+01,2.088278453400180723e+01,2.088904297593961346e+01,6.141800972998243680e+00,1.372582649054265858e-02
4.169318181818182012e+01,2.704294121557739317e+01,2.089259524131420420e+01,2.089908492870477374e+01,6.150345974263188964e+00,1.365958511615872339e-02
4.181818181818182012e+01,2.706114460149446188e+01,2.090252735734615896e+01,2.090924320641626366e+01,6.158617244148302916e+00,1.359353505060667544e-02
4.194318181818182012e+01,2.707919636739431013e+01,2.091258324100465060e+01,2.091951959528864080e+01,6.166613126389659527e+00,1.352768003602022873e-02
4.206818181818182012e+01,2.709709722128409481e+01,2.092276524118757663e+01,2.092991587357544248e+01,6.174331980096518180e+00,1.346202374354987796e-02
4.219318181818182012e+01,2.711484787642581296e+01,2.093307569450203331e+01,2.094043381082077815e+01,6.181772181923779641e+00,1.339656977520675696e-02
4.231818181818182012e+01,2.713244905123128703e+01,2.094351692290173261e+01,2.095107516709025575e+01,6.188932128329554416e+00,1.344981947951495727e-02
4.244318181818182012e+01,2.714990146916103342e+01,2.095409123122859896e+01,2.096184169217044513e+01,6.195810237932434461e+00,1.362736590467861220e-02
4.256818181818182012e+01,2.716720585862689319e+01,2.096480090464486779e+01,2.097273512472559887e+01,6.202404953982025404e+00,1.380815657566358823e-02
4.269318181818182012e+01,2.718436295289828308e+01,2.097564820594386248e+01,2.098375719139943385e+01,6.208714746954420605e+00,1.399217827309584550e-02
4.281818181818182012e+01,2.720137349001182514e+01,2.098663537273045776e+01,2.099490960584981281e+01,6.214738117281367380e+00,1.417941439336445342e-02
4.294318181818182012e+01,2.721823821268417731e+01,2.099776461446509046e+01,2.100619406770390540e+01,6.220473598219086853e+00,1.436984479720848640e-02
4.306818181818182012e+01,2.723495786822800113e+01,2.100903810936921445e+01,2.101761226142213701e+01,6.225919758858786679e+00,1.456344564901002059e-02
4.319318181818182012e+01,2.725153320847071825e+01,2.102045800119389440e+01,2.102916585505960967e+01,6.231075207276823846e+00,1.476018925010436078e-02
4.331818181818182012e+01,2.726796498967602389e+01,2.103202639585732570e+01,2.104085649891520404e+01,6.235938593818698195e+00,1.496004387005811509e-02
4.344318181818182012e+01,2.728425397246792272e+01,2.104374535796155854e+01,2.105268582405972921e+01,6.240508614506364182e+00,1.516297358017837382e-02
4.356818181818182012e+01,2.730040092175716637e+01,2.105561690720231383e+01,2.106465544073666152e+01,6.244784014554852547e+00,1.536893809359440866e-02
4.369318181818182012e+01,2.731640660666990073e+01,2.106764301468994560e+01,2.107676693663076861e+01,6.248763591979955123e+00,1.557789261645581291e-02
4.381818181818182012e+01,2.733227180047837024e+01,2.107982559920271370e+01,2.108902187500251557e+01,6.252446201275656534e+00,1.578978771449257579e-02
4.394318181818182012e+01,2.734799728053356915e+01,2.109216652339643261e+01,2.110142179268848750e+01,6.255830757137136544e+00,1.600456919910087095e-02
4.406818181818182012e+01,2.736358382819960866e+01,2.110466758999691450e+01,2.111396819797064950e+01,6.258916238202694160e+00,1.622217803648950962e-02
4.419318181818182012e+01,2.737903222878973963e+01,2.111733053800319126e+01,2.112666256831996492e+01,6.261701690786548369e+00,1.644255028325503076e-02
4.431818181818182012e+01,2.739434327150383197e+01,2.113015703893057662e+01,2.113950634802218786e+01,6.264186232573255353e+00,1.666561705088298595e-02
4.444318181818182012e+01,2.740951774936720398e+01,2.114314869312295997e+01,2.115250094569631756e+01,6.266369056244244007e+00,1.689130450134257444e-02
4.456818181818182012e+01,2.742455645917063833e+01,2.115630702616343584e+01,2.116564773171821656e+01,6.268249433007202498e+00,1.711953387491504941e-02
4.469318181818182012e+01,2.743946020141144260e+01,2.116963348541165857e+01,2.117894803556403005e+01,6.269826715999784028e+00,1.735022155126841881e-02
4.481818181818182012e+01,2.745422978023550797e+01,2.118312943669477022e+01,2.119240314308965623e+01,6.271100343540737754e+00,1.758327914358659427e-02
4.494318181818182012e+01,2.746886600338007511e+01,2.119679616117709742e+01,2.120601429376407765e+01,6.272069842202977696e+00,1.781861362533732063e-02
4.506818181818182012e+01,2.748336968211726372e+01,2.121063485243161040e+01,2.121978267787522654e+01,6.272734829685653324e+00,1.805612748866280981e-02
4.519318181818182012e+01,2.749774163119806403e+01,2.122464661373340533e+01,2.123370943372815489e+01,6.273095017464658696e+00,1.829571893254211545e-02
4.531818181818182012e+01,2.751198266879683985e+01,2.123883245559306232e+01,2.124779564485533356e+01,6.273150213203777525e+00,1.853728207893823310e-02
4.544318181818182012e+01,2.752609361645604480e+01,2.125319329354466191e+01,2.126204233725927750e+01,6.272900322911382887e+00,1.878070721437552493e-02
4.556818181818182012e+01,2.754007529903117657e+01,2.126772994620024448e+01,2.127645047670738165e+01,6.272345352830932086e+00,1.902588105422253761e-02
4.569318181818182012e+01,2.755392854463575247e+01,2.128244313357965467e+01,2.129102096609830852e+01,6.271485411056097803e+00,1.927268702697659819e-02
4.581818181818182012e+01,2.756765418458623884e+01,2.129733347572166124e+01,2.130575464291855781e+01,6.270320708864577597e+00,1.952100557516800450e-02
4.594318181818182012e+01,2.758125305334677080e+01,2.131240149157946462e+01,2.132065227680682895e+01,6.268851561767306180e+00,1.977071446997058501e-02
4.606818181818182012e+01,2.759472598847361269e+01,2.132764759820100409e+01,2.133571456724254034e+01,6.267078390272608601e+00,2.002168913638513459e-02
4.619318181818182012e+01,2.760807383055912467e+01,2.134307211019186923e+01,2.135094214137355806e+01,6.265001720367255444e+00,2.027380298567749151e-02
4.631818181818182012e+01,2.762129742317526393e+01,2.135867523945651314e+01,2.136633555199662737e+01,6.262622183718750790e+00,2.052692775234632450e-02
4.644318181818182012e+01,2.763439761281638241e+01,2.137445709521103865e+01,2.138189527570241921e+01,6.259940517605343757e+00,2.078093383245160908e-02
4.656818181818182012e+01,2.764737524884127140e+01,2.139041768425929391e+01,2.139762171119539147e+01,6.256957564581977493e+00,2.103569062078847196e-02
4.669318181818182012e+01,2.766023118341427534e+01,2.140655691152215212e+01,2.141351517779706981e+01,6.253674271892123215e+00,2.129106684435555508e-02
4.681818181818182012e+01,2.767296627144548538e+01,2.142287458080858187e+01,2.142957591413946261e+01,6.250091690636903508e+00,2.154693088971271209e-02
4.694318181818182012e+01,2.768558137052973933e+01,2.143937039581602733e+01,2.144580407705375080e+01,6.246210974713712005e+00,2.180315112229891383e-02
4.706818181818182012e+01,2.769807734088441009e+01,2.145604396134638847e+01,2.146219974065775205e+01,6.242033379538021620e+00,2.205959619572439578e-02
4.719318181818182012e+01,2.771045504528591152e+01,2.147289478472376345e+01,2.147876289564393915e+01,6.237560260562148073e+00,2.231613534961951473e-02
4.731818181818182012e+01,2.772271534900470868e+01,2.148992227739896776e+01,2.149549344876842483e+01,6.232793071605740920e+00,2.257263869445580440e-02
4.744318181818182012e+01,2.773485911973878615e+01,2.150712575672605098e+01,2.151239122253980796e+01,6.227733363012735168e+00,2.282897748243684077e-02
4.756818181818182012e+01,2.774688722754549275e+01,2.152450444789566575e+01,2.152945595510536947e+01,6.222382779649827000e+00,2.308502436333270680e-02
4.769318181818182012e+01,2.775880054477167391e+01,2.154205748601022918e+01,2.154668730033122870e+01,6.216743058761444729e+00,2.334065362479975647e-02
4.781818181818182012e+01,2.777059994598187487e+01,2.155978391828593743e+01,2.156408482807144722e+01,6.210816027695937436e+00,2.359574141645737200e-02
4.794318181818182012e+01,2.778228630788471065e+01,2.157768270636705665e+01,2.158164802462058418e+01,6.204603601517653999e+00,2.385016595754763102e-02
4.806818181818182012e+01,2.779386050925720753e+01,2.159575272873828311e+01,2.159937629334298492e+01,6.198107780518924415e+00,2.410380772800735372e-02
4.819318181818182012e+01,2.780532343086704827e+01,2.161399278322136297e+01,2.161726895547159089e+01,6.191330647645685303e+00,2.435654964290989710e-02
4.831818181818182012e+01,2.781667595539265392e+01,2.163240158954279835e+01,2.163532525106819548e+01,6.184274365849855570e+00,2.460827721046499050e-02
4.844318181818182012e+01,2.782791896734106629e+01,2.165097779196005234e+01,2.165354434013675444e+01,6.176941175381013949e+00,2.485887867380043303e-02
4.856818181818182012e+01,2.783905335296356043e+01,2.166971996193430172e+01,2.167192530388079064e+01,6.169333391029258706e+00,2.510824513693066251e-02
4.869318181818182012e+01,2.785008000016885887e+01,2.168862660083846094e+01,2.169046714609570614e+01,6.161453399330397929e+00,2.535627067528878342e-02
4.881818181818182012e+01,2.786099979843407226e+01,2.170769614268990111e+01,2.170916879468655480e+01,6.153303655744171152e+00,2.560285243142246259e-02
4.894318181818182012e+01,2.787181363871314232e+01,2.172692695689800502e+01,2.172802910330172210e+01,6.144886681815137308e+00,2.584789069634041425e-02
4.906818181818182012e+01,2.788252241334285486e+01,2.174631735101745278e+01,2.174704685307280982e+01,6.136205062325402082e+00,2.609128897727686081e-02
4.919318181818182012e+01,2.789312701594641197e+01,2.176586557349877538e+01,2.176622075445125404e+01,6.127261442447636597e+00,2.633295405241042886e-02
4.931818181818182012e+01,2.790362834133454228e+01,2.178556981642839219e+01,2.178554944913201652e+01,6.118078892202525765e+00,2.657279601329065599e-02
4.944318181818182012e+01,2.791402728540407097e+01,2.180542821825117983e+01,2.180503151205504864e+01,6.108995773349022329e+00,2.681072829565067650e-02
4.956818181818182012e+01,2.792432474503405970e+01,2.182543886646905662e+01,2.182466545347532261e+01,6.099659291558737095e+00,2.704666769942321025e-02
4.969318181818182012e+01,2.793452161797945976e+01,2.184559980030990545e+01,2.184444972109246663e+01,6.090071896886993130e+00,2.728053439849986717e-02
4.981818181818182012e+01,2.794461880276236343e+01,2.186590901336161608e+01,2.186438270223133884e+01,6.080236100531024590e+00,2.751225194113260386e-02
4.994318181818182012e+01,2.795461719856078275e+01,2.188636445616671011e+01,2.188446272606521248e+01,6.070154472495570275e+00,2.774174724156708294e-02
5.006818181818182012e+01,2.796451770509510482e+01,2.190696403877344167e+01,2.190468806587350414e+01,6.059829639221600672e+00,2.796895056365045207e-02
5.019318181818182012e+01,2.797432122251219155e+01,2.192770563323994537e+01,2.192505694132637473e+01,6.049264281185816827e+00,2.819379549703882049e-02
5.031818181818182012e+01,2.798402865126725558e+01,2.194858707608828041e+01,2.194556752078893425e+01,6.038461130478321337e+00,2.841621892670787020e-02
5.044318181818182012e+01,2.799364089200346228e+01,2.196960617070589450e+01,2.196621792363811565e+01,6.027422968365346634e+00,2.863616099635635237e-02
5.056818181818182012e+01,2.800315884542946776e+01,2.199076068969218056e+01,2.198700622258571968e+01,6.016152622843748077e+00,2.885356506629932483e-02
5.069318181818182012e+01,2.801258341219486425e+01,2.201204837714848850e+01,2.200793044600145265e+01,6.004652966193411601e+00,2.906837766643377563e-02
5.081818181818182012e+01,2.802191549276367510e+01,2.203346695091005358e+01,2.202898858023025142e+01,5.992926912533423689e+00,2.928054844484151431e-02
5.094318181818182012e+01,2.803115598728594193e+01,2.205501410471872603e+01,2.205017857189861274e+01,5.980977415387329188e+00,2.949003011243434003e-02
5.106818181818182012e+01,2.804030579546761004e+01,2.207668751033576626e+01,2.207149833020485374e+01,5.968807465262756295e+00,2.969677838430584416e-02
5.119318181818182012e+01,2.804936581643866589e+01,2.209848481959406996e+01,2.209294572918886246e+01,5.956420087249803430e+00,2.990075191804208998e-02
5.131818181818182012e+01,2.805833694861978245e+01,2.212040366638955291e+01,2.211451860997703989e+01,5.943818338642742560e+00,3.010191224959513079e-02
5.144318181818182012e+01,2.806722008958747239e+01,2.214244166861165297e+01,2.213621478299864975e+01,5.931005306588822634e+00,3.030022372694674004e-02
5.156818181818182012e+01,2.807601613593798717e+01,2.216459643001295632e+01,2.215803203017010503e+01,5.917984105767882141e+00,3.049565344207394446e-02
5.169318181818182012e+01,2.808472598314997271e+01,2.218686554201837069e+01,2.217996810704397603e+01,5.904757876105996672e+00,3.068817116149702429e-02
5.181818181818182012e+01,2.809335052544609113e+01,2.220924658547417962e+01,2.220202074491997024e+01,5.891329780526120885e+00,3.087774925563380179e-02
5.194318181818182012e+01,2.810189065565371891e+01,2.223173713233759230e+01,2.222418765291529041e+01,5.877703002738428495e+00,3.106436262745404520e-02
5.206818181818182012e+01,2.811034726506484205e+01,2.225433474730757055e+01,2.224646651999226776e+01,5.863880745072574285e+00,3.124798864046951508e-02
5.219318181818182012e+01,2.811872124329532596e+01,2.227703698939757260e+01,2.226885501694114922e+01,5.849866226354176746e+00,3.142860704652861159e-02
5.231818181818182012e+01,2.812701347814364539e+01,2.229984141345126858e+01,2.229135079831656441e+01,5.835662679827080979e+00,3.160619991336943713e-02
5.244318181818182012e+01,2.813522485544929452e+01,2.232274557160211614e+01,2.231395150432604169e+01,5.821273351123252837e+00,3.178075155244286520e-02
5.256818181818182012e+01,2.814335625895092363e+01,2.234574701467785474e+01,2.233665476266961036e+01,5.806701496281313268e+00,3.195224844688837607e-02
5.269318181818182012e+01,2.815140857014445430e+01,2.236884329355100576e+01,2.235945819032922444e+01,5.791950379815229866e+00,3.212067918002148303e-02
5.281818181818182012e+01,2.815938266814121960e+01,2.239203196043650124e+01,2.238235939530753527e+01,5.777023272833684331e+00,3.228603436442512020e-02
5.294318181818182012e+01,2.816727942952634223e+01,2.241531057013767736e+01,2.240535597831522097e+01,5.761923451211121261e+00,3.244830657175157285e-02
5.306818181818182012e+01,2.817509972821745379e+01,2.243867668124169512e+01,2.242844553440658828e+01,5.746654193810865507e+00,3.260749026333797929e-02
5.319318181818182012e+01,2.818284443532394334e+01,2.246212785726575589e+01,2.245162565456313075e+01,5.731218780760812592e+00,3.276358172180238171e-02
5.331818181818182012e+01,2.819051441900680643e+01,2.248566166775523456e+01,2.247489392722501123e+01,5.715620491781795209e+00,3.291657898369138024e-02
5.344318181818182012e+01,2.819811054433933251e+01,2.250927568933498080e+01,2.249824793977052906e+01,5.699862604568803448e+00,3.306648177314031045e-02
5.356818181818182012e+01,2.820563367316864500e+01,2.253296750671510651e+01,2.252168527994369640e+01,5.683948393224948603e+00,3.321329143681950313e-02
5.369318181818182012e+01,2.821308466397835701e+01,2.255673471365237504e+01,2.254520353723025750e+01,5.667881126748099518e+00,3.335701088004938697e-02
5.381818181818182012e+01,2.822046437175236377e+01,2.258057491386854565e+01,2.256880030418257022e+01,5.651664067569793559e+00,3.349764450422654249e-02
5.394318181818182012e+01,2.822777364783999587e+01,2.260448572192676764e+01,2.259247317769379748e+01,5.635300470146198393e+00,3.363519814553583842e-02
5.406818181818182012e+01,2.823501333982257933e+01,2.262846476406733842e+01,2.261621976022200897e+01,5.618793579600570354e+00,3.376967901502325731e-02
5.419318181818182012e+01,2.824218429138159081e+01,2.265250967900400170e+01,2.264003766096492853e+01,5.602146630416662276e+00,3.390109564009691212e-02
5.431818181818182012e+01,2.824928734216846493e+01,2.267661811868189048e+01,2.266392449698590283e+01,5.585362845182562097e+00,3.402945780734611958e-02
5.444318181818182012e+01,2.825632332767623467e+01,2.270078774899837271e+01,2.268787789429201496e+01,5.568445433384219712e+00,3.415477650682774424e-02
5.456818181818182012e+01,2.826329307911303701e+01,2.272501625048786167e+01,2.271189548886513876e+01,5.551397590247898250e+00,3.427706387770967922e-02
5.469318181818182012e+01,2.827019742327769691e+01,2.274930131897177432e+01,2.273597492764682926e+01,5.534222495630867655e+00,3.439633315542067749e-02
5.481818181818182012e+01,2.827703718243733988e+01,2.277364066617467131e+01,2.276011386947790527e+01,5.516923312959434611e+00,3.451259862013245083e-02
5.494318181818182012e+01,2.828381317420732444e+01,2.279803202030768716e+01,2.278430998599385404e+01,5.499503188213470395e+00,3.462587554670903955e-02
5.506818181818182012e+01,2.829052621143338087e+01,2.282247312662031646e+01,2.280856096247687148e+01,5.481965248956509384e+00,3.473618015604529319e-02
5.519318181818182012e+01,2.829717710207619774e+01,2.284696174792151879e+01,2.283286449866563572e+01,5.464312603410562019e+00,3.484352956781577859e-02
5.531818181818182012e+01,2.830376664909850604e+01,2.287149566507120113e+01,2.285721830952387279e+01,5.446548339574633246e+00,3.494794175458437735e-02
5.544318181818182012e+01,2.831029565035464657e+01,2.289607267744304764e+01,2.288162012596868422e+01,5.428675524385962348e+00,3.504943549728878338e-02
5.556818181818182012e+01,2.831676489848284106e+01,2.292069060335963826e+01,2.290606769555977706e+01,5.410697202923063998e+00,3.514803034213187516e-02
5.569318181818182012e+01,2.832317518080010288e+01,2.294534728050071237e+01,2.293055878315056262e+01,5.392616397649540261e+00,3.524374655867745787e-02
5.581818181818182012e+01,2.832952727919993308e+01,2.297004056628568591e+01,2.295509117150230338e+01,5.374436107697629694e+00,3.533660509942038175e-02
5.594318181818182012e+01,2.833582197005285153e+01,2.299476833823101174e+01,2.297966266186231010e+01,5.356159308190541424e+00,3.542662756047931794e-02
5.606818181818182012e+01,2.834206002410974889e+01,2.301952849428352366e+01,2.300427107450718367e+01,5.337788949602565225e+00,3.551383614371417252e-02
5.619318181818182012e+01,2.834824220640821224e+01,2.304431895313037515e+01,2.302891424925234176e+01,5.319327957155870479e+00,3.559825361994128912e-02
5.631818181818182012e+01,2.835436927618176384e+01,2.306913765448652853e+01,2.305359004592872196e+01,5.300779230253041874e+00,3.567990329350934076e-02
5.644318181818182012e+01,2.836044198677215178e+01,2.309398255936050148e+01,2.307829634482775916e+01,5.282145641944392622e+00,3.575880896790550878e-02
5.656818181818182012e+01,2.836646108554464973e+01,2.311885165029917033e+01,2.310303104711568523e+01,5.263430038428964508e+00,3.583499491268327120e-02
5.669318181818182012e+01,2.837242731380640492e+01,2.314374293161235840e+01,2.312779207521813163e+01,5.244635238588273296e+00,3.590848583147732143e-02
5.681818181818182012e+01,2.837834140672790184e+01,2.316865442957791998e+01,2.315257737317609354e+01,5.225764033551808296e+00,3.597930683103811589e-02
5.694318181818182012e+01,2.838420409326757010e+01,2.319358419262809434e+01,2.317738490697417575e+01,5.206819186293394353e+00,3.604748339152763492e-02
5.706818181818182012e+01,2.839001609609943344e+01,2.321853029151766279e+01,2.320221266484213274e+01,5.187803431257300701e+00,3.611304133773529657e-02
5.719318181818182012e+01,2.839577813154397745e+01,2.324349081947476492e+01,2.322705865753068366e+01,5.168719474013293791e+00,3.617600681138455343e-02
5.731818181818182012e+01,2.840149090950213662e+01,2.326846389233481460e+01,2.325192091856247600e+01,5.149569990939660613e+00,3.623640624446977654e-02
5.744318181818182012e+01,2.840715513339241483e+01,2.329344764865830797e+01,2.327679750445914308e+01,5.130357628933271741e+00,3.629426633355947729e-02
5.756818181818182012e+01,2.841277150009122465e+01,2.331844024983300656e+01,2.330168649494540745e+01,5.111085005145817206e+00,3.634961401499126055e-02
5.769318181818182012e+01,2.841834069987626776e+01,2.334343988016117777e+01,2.332658599313099757e+01,5.091754706745270198e+00,3.640247644111482828e-02
5.781818181818182012e+01,2.842386341637317315e+01,2.336844474693235441e+01,2.335149412567134775e+01,5.072369290701825406e+00,3.645288095736276546e-02
5.794318181818182012e+01,2.842934032650518361e+01,2.339345308048230621e+01,2.337640904290783084e+01,5.052931283597352774e+00,3.650085508022016256e-02
5.806818181818182012e+01,2.843477210044600056e+01,2.341846313423862469e+01,2.340132891898842615e+01,5.033443181457574411e+00,3.654642647607531103e-02
5.819318181818182012e+01,2.844015940157571265e+01,2.344347318475349340e+01,2.342625195196954024e+01,5.013907449606172406e+00,3.658962294083067945e-02
5.831818181818182012e+01,2.844550288643982583e+01,2.346848153172420126e+01,2.345117636389991134e+01,4.994326522539914492e+00,3.663047238040917364e-02
5.844318181818182012e+01,2.845080320471132040e+01,2.349348649800182898e+01,2.347610040088740391e+01,4.974702803823916497e+00,3.666900279202423008e-02
5.856818181818182012e+01,2.845606099915577403e+01,2.351848642958852764e+01,2.350102233314997946e+01,4.955038666005794568e+00,3.670524224613558317e-02
5.869318181818182012e+01,2.846127690559944767e+01,2.354347969562401843e+01,2.352594045505238185e+01,4.935336450547065823e+00,3.673921886925768376e-02
5.881818181818182012e+01,2.846645155290041274e+01,2.356846468836159403e+01,2.355085308513121944e+01,4.915598467769193292e+00,3.677096082736852622e-02
5.894318181818182012e+01,2.847158556292259846e+01,2.359343982313415111e+01,2.357575856611252973e+01,4.895826996810068721e+00,3.680049631015336331e-02
5.906818181818182012e+01,2.847667955051280586e+01,2.361840353831065187e+01,2.360065526492810406e+01,4.876024285584701801e+00,3.682785351576711719e-02
5.919318181818182012e+01,2.848173412348066691e+01,2.364335429524335908e+01,2.362554157274013278e+01,4.856192550740534131e+00,3.685306063634286033e-02
5.931818181818182012e+01,2.848674988258161989e+01,2.366829057820638127e+01,2.365041590498751489e+01,4.836333977594104994e+00,3.687614584413623220e-02
5.944318181818182012e+01,2.849172742150296500e+01,2.369321089432575533e+01,2.367527670147219254e+01,4.816450720030772459e+00,3.689713727822763190e-02
5.956818181818182012e+01,2.849666732685314940e+01,2.371811377350156391e+01,2.370012242650922119e+01,4.796544900343928219e+00,3.691606303188876836e-02
5.969318181818182012e+01,2.850157017815449123e+01,2.374299776832233988e+01,2.372495156917018022e+01,4.776618608984311010e+00,3.693295114040040517e-02
5.981818181818182012e+01,2.850643654783976189e+01,2.376786145397220196e+01,2.374976264365525225e+01,4.756673904184509638e+00,3.694782956961262244e-02
5.994318181818182012e+01,2.851126700125303159e+01,2.379270342813100569e+01,2.377455418983483781e+01,4.736712811418193780e+00,3.696072620483192850e-02
6.006818181818182012e+01,2.851606209665546743e+01,2.381752231086785088e+01,2.379932477400562618e+01,4.716737322649841246e+00,3.697166884043312507e-02
6.019318181818182012e+01,2.852082238523696134e+01,2.384231674452827221e+01,2.382407298990965927e+01,4.696749395327302068e+00,3.698068516979802212e-02
6.031818181818182012e+01,2.852554841113452255e+01,2.386708539361535841e+01,2.384879746006568979e+01,4.676750951068832762e+00,3.698780277581548148e-02
6.044318181818182012e+01,2.853024071145883056e+01,2.389182694466524737e+01,2.387349683746201734e+01,4.656743873996813221e+00,3.699304912191792027e-02
6.056818181818182012e+01,2.853489981633035200e+01,2.391654010611710390e+01,2.389816980765680654e+01,4.636730008673545456e+00,3.699645154342334763e-02
6.069318181818182012e+01,2.853952624892674450e+01,2.394122360817800299e+01,2.392281509132708806e+01,4.616711157599656445e+00,3.699803723946004652e-02
6.081818181818182012e+01,2.854412052554344470e+01,2.396587620268289243e+01,2.394743144730063023e+01,4.596689078242814475e+00,3.699783326520389437e-02
6.094318181818182012e+01,2.854868315566953640e+01,2.399049666294997252e+01,2.397201767609564627e+01,4.576665479573890138e+00,3.699586652462016900e-02
6.106818181818182012e+01,2.855321464208107685e+01,2.401508378363168106e+01,2.399657262398311630e+01,4.556642018097960545e+00,3.699216376350733526e-02
6.119318181818182012e+01,2.855771548095416534e+01,2.403963638056164598e+01,2.402109518757461615e+01,4.536620293379549196e+00,3.698675156301334255e-02
6.131818181818182012e+01,2.856218616200010985e+01,2.406415329059761987e+01,2.404558431892621329e+01,4.516601843073896561e+00,3.697965633344679759e-02
6.144318181818182012e+01,2.856662716862490470e+01,2.408863337146092931e+01,2.407003903113633925e+01,4.496588137488565451e+00,3.697090430847538300e-02
6.156818181818182012e+01,2.857103897811528270e+01,2.411307550157245316e+01,2.409445840440314157e+01,4.476580573712141131e+00,3.696052153971152165e-02
6.169318181818182012e+01,2.857542206185326350e+01,2.413747857988534662e+01,2.411884159249495951e+01,4.456580469358303986e+00,3.694853389150409839e-02
6.181818181818182012e+01,2.857977688556111318e+01,2.416184152571494081e+01,2.414318782957686693e+01,4.436589055984246244e+00,3.693496703624532529e-02
6.194318181818182012e+01,2.858410390957810421e+01,2.418616327856572923e+01,2.416749643732682529e+01,4.416607472251278921e+00,3.691984644976642471e-02
6.206818181818182012e+01,2.858840358917032987e+01,2.421044279795593113e+01,2.419176683226722702e+01,4.396636756903102849e+00,3.690319740723069231e-02
6.219318181818182012e+01,2.859267637487432623e+01,2.423467906323962495e+01,2.421599853323157348e+01,4.376677841642752753e+00,3.688504497920064296e-02
6.231818181818182012e+01,2.859692271287491039e+01,2.425887107342678917e+01,2.424019116888210590e+01,4.356731543992804490e+00,3.686541402800713740e-02
6.244318181818182012e+01,2.860114304541716024e+01,2.428301784700135357e+01,2.426434448519191278e+01,4.336798560225247456e+00,3.684432920442759496e-02
6.256818181818182012e+01,2.860533781125201713e+01,2.430711842173759152e+01,2.428845835280498022e+01,4.316879458447036910e+00,3.682181494459157989e-02
6.269318181818182012e+01,2.860950744611463037e+01,2.433117185451485653e+01,2.431253277418895209e+01,4.296974671925678280e+00,3.679789546717415760e-02
6.281818181818182012e+01,2.861365238323393356e+01,2.435517722113110040e+01,2.433656789049887692e+01,4.277084492735056642e+00,3.677259477082372996e-02
6.294318181818182012e+01,2.861777305387178671e+01,2.437913361611508378e+01,2.436056398807448886e+01,4.257209065797297853e+00,3.674593663179592795e-02
6.306818181818182012e+01,2.862186988788936048e+01,2.440304015253780889e+01,2.438452150449982270e+01,4.237348383389537787e+00,3.671794460193211762e-02
6.319318181818182012e+01,2.862594331433829709e+01,2.442689596182309231e+01,2.440844103416063149e+01,4.217502280177665597e+00,3.668864200674093468e-02
6.331818181818182012e+01,2.862999376207370972e+01,2.445070019355761204e+01,2.443232333324295169e+01,4.197670428830758027e+00,3.665805194378535248e-02
6.344318181818182012e+01,2.863402166038596874e+01,2.447445201530064196e+01,2.445616932412441358e+01,4.177852336261555166e+00,3.662619728127936014e-02
6.356818181818182012e+01,2.863802743964780007e+01,2.449815061239361569e+01,2.447998009911871975e+01,4.158047340529080316e+00,3.659310065688714531e-02
6.369318181818182012e+01,2.864201153197338101e+01,2.452179518776977218e+01,2.450375692354239021e+01,4.138254608430990800e+00,3.655878447671412346e-02
6.381818181818182012e+01,2.864597437188557905e+01,2.454538496176410689e+01,2.452750123808206695e+01,4.118473133803512098e+00,3.652327091457152619e-02
6.394318181818182012e+01,2.864991639698782677e+01,2.456891917192375274e+01,2.455121466044904111e+01,4.098701736538785667e+00,3.648658191135112361e-02
6.406818181818181301e+01,2.865383804863688511e+01,2.459239707281912857e+01,2.457489898631624214e+01,4.078939062320642961e+00,3.644873917465574209e-02
6.419318181818181301e+01,2.865773977261277139e+01,2.461581793585597921e+01,2.459855618954087575e+01,4.059183583071895640e+00,3.640976417863939218e-02
6.431818181818181301e+01,2.866162201978238500e+01,2.463918104908853479e+01,2.462218842168296007e+01,4.039433598099424927e+00,3.636967816396108333e-02
6.444318181818181301e+01,2.866548524675333454e+01,2.466248571703405190e+01,2.464579801083693411e+01,4.019687235916400425e+00,3.632850213801219752e-02
6.456818181818181301e+01,2.866932991651460583e+01,2.468573126048884703e+01,2.466938745979928882e+01,3.999942456715317007e+00,3.628625687522202270e-02
6.469318181818181301e+01,2.867315649906101882e+01,2.470891701634620574e+01,2.469295944360026240e+01,3.980197055460756417e+00,3.624296291764395050e-02
6.481818181818181301e+01,2.867696547199856383e+01,2.473204233741618197e+01,2.471651680643205395e+01,3.960448665566509874e+00,3.619864057563404458e-02
6.494318181818181301e+01,2.868075732112788856e+01,2.475510659224760346e+01,2.474006255800954790e+01,3.940694763118340660e+00,3.615330992872500815e-02
6.506818181818181301e+01,2.868453254100358407e+01,2.477810916495249316e+01,2.476359986940240177e+01,3.920932671601182307e+00,3.610699082664226012e-02
6.519318181818181301e+01,2.868829163546696748e+01,2.480104945503308755e+01,2.478713206837933214e+01,3.901159567087635338e+00,3.605970289050830502e-02
6.531818181818181301e+01,2.869203511815059926e+01,2.482392687721152669e+01,2.481066263430722074e+01,3.881372483843378518e+00,3.601146551412881536e-02
6.544318181818181301e+01,2.869576351295273753e+01,2.484674086126264569e+01,2.483419519264832687e+01,3.861568320304410662e+00,3.596229786548832408e-02
6.556818181818181301e+01,2.869947735448045023e+01,2.486949085184980390e+01,2.485773350909958879e+01,3.841743845380861444e+00,3.591221888834184028e-02
6.569318181818181301e+01,2.870317718846028754e+01,2.489217630836398953e+01,2.488128148341773738e+01,3.821895705042550162e+00,3.586124730393791538e-02
6.581818181818181301e+01,2.870686357211544859e+01,2.491479670476645936e+01,2.490484314297374624e+01,3.802020429141702351e+00,3.580940161286250145e-02
6.594318181818181301e+01,2.871053707450908732e+01,2.493735152943488487e+01,2.492842263607925446e+01,3.782114438429832859e+00,3.575670009699649654e-02
6.606818181818181301e+01,2.871419827685316761e+01,2.495984028501327145e+01,2.495202422512641149e+01,3.762174051726756119e+00,3.570316082158697668e-02
6.619318181818181301e+01,2.871784777278280387e+01,2.498226248826570384e+01,2.497565227958122591e+01,3.742195493201577960e+00,3.564880163740724583e-02
6.631818181818181301e+01,2.872148616859610115e+01,2.500461766993400659e+01,2.499931126886894717e+01,3.722174899727153985e+00,3.559364018299504551e-02
6.644318181818181301e+01,2.872511408345969386e+01,2.502690537459944053e+01,2.502300575518790637e+01,3.702108328271787485e+00,3.553769388698313492e-02
6.656818181818181301e+01,2.872873214958045907e+01,2.504912516054858784e+01,2.504674038628629873e+01,3.681991763294160336e+00,3.548097997053289987e-02
6.669318181818181301e+01,2.873234101234392668e+01,2.507127659964325517e+01,2.507051988823451794e+01,3.661821124109408743e+00,3.542351544977506705e-02
6.681818181818181301e+01,2.873594133042011833e+01,2.509335927719473602e+01,2.509434905822294226e+01,3.642582053225382310e+00,3.536531713833213075e-02
6.694318181818181301e+01,2.873953377583768543e+01,2.511537279184222626e+01,2.511823275741344474e+01,3.624160983995459162e+00,3.530640164992604468e-02
6.706818181818181301e+01,2.874311903402725932e+01,2.513731675543550992e+01,2.514217590387020351e+01,3.605802278591749399e+00,3.524678540096104484e-02
6.719318181818181301e+01,2.874669780383511153e+01,2.515919079292191896e+01,2.516618346559344843e+01,3.587507010913192573e+00,3.518648461318818477e-02
6.731818181818181301e+01,2.875027079750823589e+01,2.518099454223752787e+01,2.519026045367739286e+01,3.569276255270708020e+00,3.512551531638763436e-02
6.744318181818181301e+01,2.875383874065210676e+01,2.520272765420252625e+01,2.521441191561131845e+01,3.551111086449580512e+00,3.506389335103321514e-02
6.756818181818181301e+01,2.875740237216231066e+01,2.522438979242076584e+01,2.523864292874057114e+01,3.533012579741544812e+00,3.500163437102798980e-02
6.769318181818181301e+01,2.876096244413141179e+01,2.524598063318342867e+01,2.526295859390152643e+01,3.514981810947983121e+00,3.493875384636879744e-02
6.781818181818181301e+01,2.876451972173236271e+01,2.526749986537664938e+01,2.528736402924256765e+01,3.497019856355713330e+00,3.487526706587829040e-02
6.794318181818181301e+01,2.876807498307985611e+01,2.528894719039317351e+01,2.531186436424029296e+01,3.479127792686682596e+00,3.481118913986591679e-02
6.806818181818181301e+01,2.877162901907088255e+01,2.531032232204770693e+01,2.533646473391776510e+01,3.461306697023175616e+00,3.474653500280666663e-02
6.819318181818181301e+01,2.877518263320603253e+01,2.533162498649611649e+01,2.536117027326934448e+01,3.443557646709916042e+00,3.468131941600205437e-02
6.831818181818181301e+01,2.877873664139271170e+01,2.535285492215814784e+01,2.538598611189399890e+01,3.425881719234563860e+00,3.461555697016294175e-02
6.844318181818181301e+01,2.878229187173176484e+01,2.537401187964360361e+01,2.541091736883709018e+01,3.408279992088161237e+00,3.454926208799946608e-02
6.856818181818181301e+01,2.878584916428874863e+01,2.539509562168186463e+01,2.543596914763813999e+01,3.390753542606883997e+00,3.448244902679320489e-02
6.869318181818181301e+01,2.878940937085119245e+01,2.541610592305451988e+01,2.546114653158079832e+01,3.373303447796672572e+00,3.441513188082723218e-02
6.872727272727273373e+01,2.879038057529061945e+01,2.542183048050550198e+01,2.546802246259658986e+01,3.368550094785117466e+00,3.439673585969060809e-02
6.885227272727273373e+01,2.879394565493097602e+01,2.544274702901740781e+01,2.549336652355395216e+01,3.351198625913568208e+00,3.432879578340575222e-02
6.897727272727273373e+01,2.879751562509926543e+01,2.546358966684817204e+01,2.551884764539565964e+01,3.333925958251093391e+00,3.426038319199875559e-02
6.910227272727273373e+01,2.880109137440249611e+01,2.548435820849615396e+01,2.554447081514068074e+01,3.316733165906342151e+00,3.419151157651256767e-02
6.922727272727273373e+01,2.880467380183030812e+01,2.550505247989122637e+01,2.557024098110177590e+01,3.299621321939081753e+00,3.412219434015639763e-02
6.935227272727273373e+01,2.880826381657472979e+01,2.552567231854034446e+01,2.559616304921623353e+01,3.282591498034385324e+00,3.405244475205648769e-02
6.947727272727273373e+01,2.881186233776268679e+01,2.554621757356255074e+01,2.562224187944329046e+01,3.265644764200136052e+00,3.398227593647362710e-02
6.960227272727273373e+01,2.881547029415877859e+01,2.556668810567831329e+01,2.564848228225954330e+01,3.248782188480465294e+00,3.391170087179062875e-02
6.972727272727273373e+01,2.881908862385577308e+01,2.558708378718004184e+01,2.567488901525421596e+01,3.232004836675731241e+00,3.384073239190144022e-02
6.985227272727273373e+01,2.882271827395855368e+01,2.560740450189486239e+01,2.570146677981015060e+01,3.215313772063691289e+00,3.376938318815803086e-02
6.997727272727273373e+01,2.882636020026386348e+01,2.562765014514437567e+01,2.572822021784689639e+01,3.198710055119487805e+00,3.369766581130662075e-02
7.010227272727273373e+01,2.883001536693720368e+01,2.564782062370325733e+01,2.575515390859339249e+01,3.182194743233946355e+00,3.362559267330311741e-02
7.022727272727273373e+01,2.883368474618777810e+01,2.566791585575771606e+01,2.578227236534985778e+01,3.165768890430062044e+00,3.355317604903618189e-02
7.035227272727273373e+01,2.883736931794208402e+01,2.568793577086389490e+01,2.580958003219044627e+01,3.149433547078189122e+00,3.348042807790818642e-02
7.047727272727273373e+01,2.884107006951693819e+01,2.570788030990653539e+01,2.583708128055059916e+01,3.133189759610402803e+00,3.340736076549433164e-02
7.060227272727273373e+01,2.884478799529219373e+01,2.572774942505770213e+01,2.586478040563714842e+01,3.117038570234491601e+00,3.333398598494596854e-02
7.072727272727273373e+01,2.884852409638374482e+01,2.574754307973547185e+01,2.589268162259520878e+01,3.100981016648272970e+00,3.326031547845076375e-02
7.085227272727273373e+01,2.885227938031683692e+01,2.576726124856261535e+01,2.592078906236483959e+01,3.085018131754221571e+00,3.318636085856851992e-02
7.097727272727273373e+01,2.885605486070003067e+01,2.578690391732497034e+01,2.594910676716297004e+01,3.069150943375060336e+00,3.311213360955989060e-02
7.110227272727273373e+01,2.885985155689968096e+01,2.580647108292942349e+01,2.597763868553201050e+01,3.053380473970257469e+00,3.303764508860140836e-02
7.122727272727273373e+01,2.886367049371489912e+01,2.582596275336135960e+01,2.600638866690651696e+01,3.037707740353539521e+00,3.296290652695432755e-02
7.135227272727273373e+01,2.886751270105261113e+01,2.584537894764145349e+01,2.603536045566222157e+01,3.022133753411157642e+00,3.288792903114412525e-02
7.147727272727273373e+01,2.887137921360231729e+01,2.586471969578154173e+01,2.606455768462808820e+01,3.006659517820775562e+00,3.281272358391973398e-02
7.160227272727273373e+01,2.887527107050989628e+01,2.588398503873961687e+01,2.609398386806003245e+01,2.991286031770279408e+00,3.273730104533001395e-02
7.172727272727273373e+01,2.887918931504964348e+01,2.590317502837365637e+01,2.612364239409442135e+01,2.976014286675987108e+00,3.266167215364035314e-02
7.185227272727273373e+01,2.888313499429356312e+01,2.592228972739422233e+01,2.615353651671920687e+01,2.960845266899340800e+00,3.258584752621018765e-02
7.197727272727273373e+01,2.888710915877662444e+01,2.594132920931567909e+01,2.618366934731975704e+01,2.945779949460945346e+00,3.250983766035986378e-02
7.210227272727273373e+01,2.889111286215680252e+01,2.596029355840590824e+01,2.621404384587400216e+01,2.930819303750894278e+00,3.243365293412736605e-02
7.222727272727273373e+01,2.889514716086818069e+01,2.597918286963445667e+01,2.624466281188709971e+01,2.915964291233724026e+00,3.235730360700728170e-02
7.235227272727273373e+01,2.889921311376558322e+01,2.599799724861886574e+01,2.627552887516837998e+01,2.901215865146717476e+00,3.228079982062936892e-02
7.247727272727273373e+01,2.890331178175884830e+01,2.601673681156920992e+01,2.630664448656301246e+01,2.886574970189638378e+00,3.220415159938383454e-02
7.260227272727273373e+01,2.890744422743485842e+01,2.603540168523065290e+01,2.633801190875679765e+01,2.872042542204205517e+00,3.212736885100753170e-02
7.272727272727273373e+01,2.891161151466539536e+01,2.605399200682393968e+01,2.636963320727515026e+01,2.857619507841455686e+00,3.205046136711331428e-02
7.285227272727273373e+01,2.891581470819880550e+01,2.607250792398368588e+01,2.640151024179660411e+01,2.843306784215119620e+00,3.197343882367675860e-02
7.297727272727273373e+01,2.892005487323349655e+01,2.609094959469435793e+01,2.643364465789732520e+01,2.829105278539138624e+00,3.189631078144117282e-02
7.310227272727273373e+01,2.892433307497136497e+01,2.610931718722391892e+01,2.646603787933630159e+01,2.815015887747446044e+00,3.181908668634392257e-02
7.322727272727273373e+01,2.892865037814933515e+01,2.612761088005486343e+01,2.649869110098173763e+01,2.801039498094471725e+00,3.174177586980064802e-02
7.335227272727273373e+01,2.893300784654733704e+01,2.614583086181268357e+01,2.653160528246837302e+01,2.787176984734653473e+00,3.166438754902856090e-02
7.347727272727273373e+01,2.893740654247115174e+01,2.616397733119161018e+01,2.656478114266237966e+01,2.773429211279541562e+00,3.158693082723473822e-02
7.360227272727273373e+01,2.894184752620901335e+01,2.618205049687743369e+01,2.659821915499744449e+01,2.759797029331579665e+00,3.150941469383283788e-02
7.372727272727273373e+01,2.894633185546079446e+01,2.620005057746742239e+01,2.663191954373102277e+01,2.746281277993372072e+00,3.143184802452836379e-02
7.385227272727273373e+01,2.895086058473911095e+01,2.621797780138713563e+01,2.666588228115582382e+01,2.732882783351975320e+00,3.135423958141814182e-02
7.397727272727273373e+01,2.895543476474188793e+01,2.623583240680401474e+01,2.670010708578721648e+01,2.719602357937873194e+00,3.127659801298676712e-02
7.410227272727273373e+01,2.896005544169630852e+01,2.625361464153769475e+01,2.673459342153396534e+01,2.706440800158613769e+00,3.119893185409949865e-02
7.422727272727273373e+01,2.896472365667435866e+01,2.627132476296682739e+01,2.676934049784678749e+01,2.693398893707531272e+00,3.112124952584238713e-02
7.435227272727273373e+01,2.896944044488057202e+01,2.628896303793242240e+01,2.680434727082767665e+01,2.680477406948149621e+00,3.104355933545477342e-02
7.447727272727273373e+01,2.897420683491278481e+01,2.630652974263744781e+01,2.683961244527227308e+01,2.667677092275337003e+00,3.096586947608059859e-02
7.460227272727273373e+01,2.897902384799734676e+01,2.632402516254269287e+01,2.687513447760833785e+01,2.654998685454653895e+00,3.088818802651260853e-02
7.472727272727273373e+01,2.898389249720016281e+01,2.634144959225871574e+01,2.691091157968563863e+01,2.642442904941447068e+00,3.081052295089747872e-02
7.485227272727273373e+01,2.898881378661557306e+01,2.635880333543384069e+01,2.694694172336548021e+01,2.630010451181732378e+00,3.073288209840896457e-02
7.497727272727273373e+01,2.899378871053517415e+01,2.637608670463797012e+01,2.698322264585341657e+01,2.617702005897204032e+00,3.065527320276828505e-02
7.510227272727273373e+01,2.899881825259904033e+01,2.639330002124235008e+01,2.701975185571424376e+01,2.605518231356690251e+00,3.057770388189595678e-02
7.522727272727273373e+01,2.900390338493196651e+01,2.641044361529487361e+01,2.705652663950578685e+01,2.593459769637092904e+00,3.050018163734335985e-02
7.535227272727273373e+01,2.900904506726763543e+01,2.642751782539124150e+01,2.709354406896619238e+01,2.581527241876393930e+00,3.042271385380246329e-02
7.547727272727273373e+01,2.901424424606362606e+01,2.644452299854154376e+01,2.713080100868878830e+01,2.569721247522082308e+00,3.034530779855515448e-02
7.560227272727273373e+01,2.901950185361055645e+01,2.646145949003246045e+01,2.716829412421893153e+01,2.558042363578096001e+00,3.026797062086927781e-02
7.572727272727273373e+01,2.902481880713840923e+01,2.647832766328492937e+01,2.720601989050799574e+01,2.546491143853479855e+00,3.019070935139112066e-02
7.585227272727273373e+01,2.903019600792360677e+01,2.649512788970728039e+01,2.724397460066160193e+01,2.535068118216326383e+00,3.011353090151658307e-02
7.597727272727273373e+01,2.903563434039984870e+01,2.651186054854381169e+01,2.728215437492149320e+01,2.523773791856037008e+00,3.003644206276234740e-02
7.610227272727273373e+01,2.904113467127636738e+01,2.652852602671881499e+01,2.732055516982287102e+01,2.512608644557552395e+00,2.995944950611573177e-02
7.622727272727273373e+01,2.904669784866662496e+01,2.654512471867606394e+01,2.735917278747256631e+01,2.501573129990561029e+00,2.988255978137033253e-02
7.635227272727273373e+01,2.905232470123084454e+01,2.656165702621378699e+01,2.739800288489651336e+01,2.490667675017057547e+00,2.980577931649008860e-02
7.647727272727273373e+01,2.905801603733547012e+01,2.657812335831521366e+01,2.743704098340865016e+01,2.479892679020256452e+00,2.972911441699466195e-02
7.660227272727273373e+01,2.906377264423255724e+01,2.659452413097467627e+01,2.747628247795724121e+01,2.469248513257880973e+00,2.965257126533415999e-02
7.672727272727273373e+01,2.906959528726196140e+01,2.661085976701944134e+01,2.751572264640812548e+01,2.458735520242520067e+00,2.957615592029227969e-02
7.685227272727273373e+01,2.907548470907919125e+01,2.662713069592727777e+01,2.755535665872845641e+01,2.448354013151913477e+00,2.949987431644274238e-02
7.697727272727273373e+01,2.908144162891126783e+01,2.664333735363996070e+01,2.759517958603803578e+01,2.438104275271307131e+00,2.942373226362704486e-02
7.710227272727273373e+01,2.908746674184315850e+01,2.665948018237275363e+01,2.763518640949909155e+01,2.427986559470404870e+00,2.934773544645707943e-02
7.722727272727273373e+01,2.909356071813689937e+01,2.667555963042009637e+01,2.767537202901882409e+01,2.418001087716802999e+00,2.927188942391723003e-02
7.735227272727273373e+01,2.909972420258529979e+01,2.669157615195754119e+01,2.771573127174246309e+01,2.408148050627758607e+00,2.919619962891673026e-02
7.747727272727273373e+01,2.910595781390215819e+01,2.670753020684024293e+01,2.775625890031775000e+01,2.398427607061915268e+00,2.912067136805873702e-02
7.760227272727273373e+01,2.911226214415042080e+01,2.672342226039809177e+01,2.779694962091485877e+01,2.388839883752329030e+00,2.904530982127795369e-02
7.772727272727273373e+01,2.911863775820963340e+01,2.673925278322772670e+01,2.783779809098850322e+01,2.379384974981906709e+00,2.897012004173404875e-02
7.785227272727273373e+01,2.912508519328391188e+01,2.675502225098157538e+01,2.787879892677166183e+01,2.370062942302336495e+00,2.889510695560204567e-02
7.797727272727273373e+01,2.913160495845123421e+01,2.677073114415424371e+01,2.791994671049283028e+01,2.360873814296990503e+00,2.882027536207587559e-02
7.810227272727273373e+01,2.913819753425486425e+01,2.678637994786637933e+01,2.796123599731088660e+01,2.351817586388484926e+00,2.874562993332574479e-02
7.822727272727273373e+01,2.914486337233730140e+01,2.680196915164632188e+01,2.800266132196364666e+01,2.342894220690979523e+00,2.867117521466511221e-02
7.835227272727273373e+01,2.915160289511726432e+01,2.681749924920968908e+01,2.804421720512810978e+01,2.334103645907575242e+00,2.859691562464661274e-02
7.847727272727273373e+01,2.915841649550966963e+01,2.683297073823723977e+01,2.808589815949204649e+01,2.325445757272429859e+00,2.852285545536403788e-02
7.860227272727273373e+01,2.916530453668862322e+01,2.684838412015121634e+01,2.812769869553791580e+01,2.316920416537406879e+00,2.844899887272589467e-02
7.872727272727273373e+01,2.917226735189327158e+01,2.686373989989042954e+01,2.816961332704162757e+01,2.308527452002842040e+00,2.837534991693857478e-02
7.885227272727273373e+01,2.917930524427610806e+01,2.687903858568433080e+01,2.821163657628956400e+01,2.300266658591777258e+00,2.830191250292202199e-02
7.897727272727273373e+01,2.918641848679321171e+01,2.689428068882635614e+01,2.825376297901843614e+01,2.292137797966855572e+00,2.822869042094566794e-02
7.910227272727273373e+01,2.919360732213580789e+01,2.690946672344677992e+01,2.829598708908337201e+01,2.284140598689027968e+00,2.815568733720041905e-02
7.922727272727273373e+01,2.920087196270240781e+01,2.692459720628537667e+01,2.833830348286029022e+01,2.276274756417031142e+00,2.808290679460156980e-02
7.935227272727273373e+01,2.920821259061051478e+01,2.693967265646406162e+01,2.838070676338928067e+01,2.268539934146453163e+00,2.801035221355263616e-02
7.947727272727273373e+01,2.921562935774717218e+01,2.695469359525985809e+01,2.842319156426621873e+01,2.260935762487314094e+00,2.793802689279090146e-02
7.960227272727273373e+01,2.922312238585696775e+01,2.696966054587843331e+01,2.846575255329013032e+01,2.253461839978534442e+00,2.786593401040704521e-02
7.972727272727273373e+01,2.923069176666661662e+01,2.698457403322834836e+01,2.850838443587433702e+01,2.246117733438268260e+00,2.779407662480082308e-02
7.985227272727273373e+01,2.923833756204471968e+01,2.699943458369642002e+01,2.855108195822941042e+01,2.238902978348299655e+00,2.772245767579306630e-02
7.997727272727273373e+01,2.924605980419549667e+01,2.701424272492430489e+01,2.859383991032625971e+01,2.231817079271191773e+00,2.765107998580518256e-02
8.010227272727273373e+01,2.925385849588510112e+01,2.702899898558660041e+01,2.863665312864776524e+01,2.224859510298500709e+00,2.757994626101023528e-02
8.022727272727273373e+01,2.926173361069923828e+01,2.704370389517067963e+01,2.867951649873729636e+01,2.218029715528558654e+00,2.750905909261902593e-02
8.035227272727273373e+01,2.926968509333052282e+01,2.705835798375845513e+01,2.872242495755263647e+01,2.211327109572067684e+00,2.743842095826920513e-02
8.047727272727273373e+01,2.927771285989428662e+01,2.707296178181033852e+01,2.876537349563351142e+01,2.204751078083948101e+00,2.736803422333267122e-02
8.060227272727273373e+01,2.928581679827124873e+01,2.708751581995147362e+01,2.880835715909111627e+01,2.198300978319775112e+00,2.729790114236507748e-02
8.072727272727273373e+01,2.929399676847570078e+01,2.710202062876064133e+01,2.885137105142764113e+01,2.191976139715059446e+00,2.722802386060863000e-02
8.085227272727273373e+01,2.930225260304760937e+01,2.711647673856177931e+01,2.889441033519388569e+01,2.185775864485830056e+00,2.715840441547001660e-02
8.097727272727273373e+01,2.931058410746731724e+01,2.713088467921849656e+01,2.893747023349259706e+01,2.179699428248820681e+00,2.708904473810491709e-02
8.110227272727273373e+01,2.931899106059116633e+01,2.714524497993165397e+01,2.898054603133530094e+01,2.173746080659512359e+00,2.701994665499185544e-02
8.122727272727273373e+01,2.932747321510681715e+01,2.715955816904013886e+01,2.902363307685989824e+01,2.167915046066678286e+00,2.695111188958065895e-02
8.135227272727273373e+01,2.933603029800666917e+01,2.717382477382510331e+01,2.906672678241618968e+01,2.162205524181565863e+00,2.688254206394091739e-02
8.147727272727273373e+01,2.934466201107804295e+01,2.718804532031762733e+01,2.910982262552638389e+01,2.156616690760415622e+00,2.681423870041754753e-02
8.160227272727273373e+01,2.935336803140864959e+01,2.720222033311016219e+01,2.915291614972707990e+01,2.151147698298487398e+00,2.674620322338583378e-02
8.172727272727273373e+01,2.936214801190616086e+01,2.721635033517162938e+01,2.919600296529942085e+01,2.145797676734531478e+00,2.667843696093186168e-02
8.185227272727273373e+01,2.937100158183033116e+01,2.723043584766651293e+01,2.923907874989335198e+01,2.140565734163818234e+00,2.661094114662532206e-02
8.197727272727273373e+01,2.937992834733649516e+01,2.724447738977784184e+01,2.928213924905228893e+01,2.135450957558653329e+00,2.654371692126034077e-02
8.210227272727273373e+01,2.938892789202922273e+01,2.725847547853436481e+01,2.932518027664356453e+01,2.130452413494857922e+00,2.647676533464959903e-02
8.222727272727273373e+01,2.939799977752473836e+01,2.727243062864178214e+01,2.936819771520038813e+01,2.125569148882956227e+00,2.641008734736161045e-02
8.235227272727273373e+01,2.940714354402113884e+01,2.728634335231833319e+01,2.941118751618048677e+01,2.124844163862153579e+00,2.634368383255747403e-02
8.247727272727273373e+01,2.941635871087508391e+01,2.730021415913458682e+01,2.945414570014637690e+01,2.153931541011790074e+00,2.627755557774591466e-02
8.260227272727273373e+01,2.942564477718393334e+01,2.731404355585770105e+01,2.949706835687219098e+01,2.183024801014489924e+00,2.621170328661293070e-02
8.272727272727273373e+01,2.943500122237229277e+01,2.732783204630000284e+01,2.953995164538147478e+01,2.212119599081471932e+00,2.614612758074841281e-02
8.285227272727273373e+01,2.944442750678191345e+01,2.734158013117213670e+01,2.958279179392036440e+01,2.241211662748227695e+00,2.608082900152908223e-02
8.297727272727273373e+01,2.945392307226395445e+01,2.735528830794058308e+01,2.962558509987034938e+01,2.270296791929766300e+00,2.601580801182024061e-02
8.310227272727273373e+01,2.946348734277274417e+01,2.736895707068985217e+01,2.966832792960440557e+01,2.299370858914553395e+00,2.595106499783383924e-02
8.322727272727273373e+01,2.947311972496011023e+01,2.738258690998906530e+01,2.971101671829036306e+01,2.328429808301297754e+00,2.588660027084443982e-02
8.335227272727273373e+01,2.948281960876940389e+01,2.739617831276322590e+01,2.975364796964499092e+01,2.357469656881765019e+00,2.582241406897978209e-02
8.347727272727273373e+01,2.949258636802849765e+01,2.740973176216896690e+01,2.979621825564219506e+01,2.386486493473228165e+00,2.575850655898648256e-02
8.360227272727273373e+01,2.950241936104091067e+01,2.742324773747488820e+01,2.983872421617851955e+01,2.415476478703631358e+00,2.569487783797796965e-02
8.372727272727273373e+01,2.951231793117442948e+01,2.743672671394645945e+01,2.988116255869891447e+01,2.444435844752455012e+00,2.563152793510070637e-02
8.385227272727273373e+01,2.952228140744647078e+01,2.745016916273547736e+01,2.992353005778577568e+01,2.473360895050298325e+00,2.556845681337804876e-02
8.397727272727273373e+01,2.953230910510557550e+01,2.746357555077402424e+01,2.996582355471378989e+01,2.502248003939765653e+00,2.550566437128054531e-02
8.410227272727273373e+01,2.954240032620850442e+01,2.747694634067293151e+01,3.000803995697328119e+01,2.531093616300349680e+00,2.544315044451295194e-02
8.422727272727273373e+01,2.955255436019224646e+01,2.749028199062476219e+01,3.005017623776446811e+01,2.559894247139705925e+00,2.538091480760229501e-02
8.435227272727273373e+01,2.956277048444049882e+01,2.750358295431119870e+01,3.009222943546485851e+01,2.588646481153659806e+00,2.531895717562093751e-02
8.447727272727273373e+01,2.957304796484416443e+01,2.751684968081486460e+01,3.013419665307197803e+01,2.617346972257113435e+00,2.525727720578885283e-02
8.460227272727273373e+01,2.958338605635535501e+01,2.753008261453548755e+01,3.017607505762352460e+01,2.645992443088037049e+00,2.519587449907589871e-02
8.472727272727273373e+01,2.959378400353445926e+01,2.754328219511042519e+01,3.021786187959680348e+01,2.674579684486378284e+00,2.513474860182540738e-02
8.485227272727273373e+01,2.960424104108998833e+01,2.755644885733941507e+01,3.025955441228934006e+01,2.703105554949924993e+00,2.507389900729251053e-02
8.497727272727273373e+01,2.961475639441077234e+01,2.756958303111361630e+01,3.030115001118230822e+01,2.731566980068691919e+00,2.501332515722154426e-02
8.510227272727273373e+01,2.962532928009022015e+01,2.758268514134876881e+01,3.034264609328841900e+01,2.759960951939650187e+00,2.495302644341634846e-02
8.522727272727273373e+01,2.963595890644227282e+01,2.759575560792246662e+01,3.038404013648588631e+01,2.788284528563419684e+00,2.489300220915424688e-02
8.535227272727273373e+01,2.964664447400897984e+01,2.760879484561548480e+01,3.042532967883976980e+01,2.816534833224284995e+00,2.483325175077766289e-02
8.547727272727273373e+01,2.965738517605918645e+01,2.762180326405713515e+01,3.046651231791206271e+01,2.844709053854927561e+00,2.477377431907257233e-02
8.560227272727273373e+01,2.966818019907835691e+01,2.763478126767448728e+01,3.050758571006196007e+01,2.872804442387472790e+00,2.471456912081393398e-02
8.572727272727273373e+01,2.967902872324923536e+01,2.764772925564547990e+01,3.054854756973730190e+01,2.900818314091822003e+00,2.465563532009440451e-02
8.585227272727273373e+01,2.968992992292319499e+01,2.766064762185576598e+01,3.058939566875844207e+01,2.928748046902676094e+00,2.459697203977384561e-02
8.597727272727273373e+01,2.970088296708214415e+01,2.767353675485938069e+01,3.063012783559556240e+01,2.956591080736181709e+00,2.453857836284711880e-02
8.610227272727273373e+01,2.971188701979085778e+01,2.768639703784291584e+01,3.067074195464039832e+01,2.984344916797482483e+00,2.448045333382253830e-02
8.622727272727273373e+01,2.972294124063967047e+01,2.769922884859334999e+01,3.071123596547346679e+01,3.012007116880116797e+00,2.442259595999018984e-02
8.635227272727273373e+01,2.973404478517741722e+01,2.771203255946935684e+01,3.075160786212739339e+01,3.039575302658036549e+00,2.436500521280748899e-02
8.647727272727273373e+01,2.974519680533456167e+01,2.772480853737603113e+01,3.079185569234748954e+01,3.067047154971458411e+00,2.430768002916394721e-02
8.660227272727273373e+01,2.975639644983645482e+01,2.773755714374292225e+01,3.083197755685008445e+01,3.094420413107162204e+00,2.425061931261751624e-02
8.672727272727273373e+01,2.976764286460677766e+01,2.775027873450533278e+01,3.087197160857950706e+01,3.121692874074174284e+00,2.419382193462737973e-02
8.685227272727273373e+01,2.977893519316103266e+01,2.776297366008892098e+01,3.091183605196431472e+01,3.148862391875393740e+00,2.413728673588266815e-02
8.697727272727273373e+01,2.979027257699019771e+01,2.777564226539720238e+01,3.095156914217349708e+01,3.175926876776294705e+00,2.408101252735050934e-02
8.710227272727273373e+01,2.980165415593446454e+01,2.778828488980236955e+01,3.099116918437308499e+01,3.202884294570715440e+00,2.402499809158342714e-02
8.722727272727273373e+01,2.981307906854715739e+01,2.780090186713924183e+01,3.103063453298392815e+01,3.229732665844686323e+00,2.396924218388463146e-02
8.735227272727273373e+01,2.982454645244884972e+01,2.781349352570306976e+01,3.106996359094100768e+01,3.256470065237937916e+00,2.391374353370068206e-02
8.747727272727273373e+01,2.983605544467172166e+01,2.782606018825256555e+01,3.110915480895488372e+01,3.283094620702318167e+00,2.385850084634810742e-02
8.760227272727273373e+01,2.984760518199425405e+01,2.783860217202108700e+01,3.114820668477564780e+01,3.309604512754560801e+00,2.380351280557846394e-02
8.772727272727273373e+01,2.985919480126622005e+01,2.785111978874156691e+01,3.118711776245980971e+01,3.335997973718242804e+00,2.374877807774211647e-02
8.785227272727273373e+01,2.987082343972423715e+01,2.786361334469442497e+01,3.122588663164062694e+01,3.362273286946201978e+00,2.369429531860234306e-02
8.797727272727273373e+01,2.988249023529784409e+01,2.787608314079275829e+01,3.126451192680213609e+01,3.388428786009377802e+00,2.364006318451217226e-02
8.810227272727273373e+01,2.989419432690617739e+01,2.788852947272568628e+01,3.130299232655719877e+01,3.414462853831512490e+00,2.358608034984044366e-02
8.822727272727273373e+01,2.990593485474549240e+01,2.790095263118789504e+01,3.134132655293004532e+01,3.440373921742150287e+00,2.353234553306648991e-02
8.835227272727273373e+01,2.991771096056753976e+01,2.791335290223159404e+01,3.137951337064345125e+01,3.466160468411857210e+00,2.347885753396639075e-02
8.847727272727273373e+01,2.992952178794893214e+01,2.792573056778498852e+01,3.141755158641086609e+01,3.491821018625877571e+00,2.342561528461217790e-02
8.860227272727273373e+01,2.994136648255183530e+01,2.793808590638852252e+01,3.145544004823385364e+01,3.517354141845331128e+00,2.337261791608824524e-02
8.872727272727273373e+01,2.995324419237593361e+01,2.795041919420589949e+01,3.149317764470487901e+01,3.542758450498979528e+00,2.331986484294290563e-02
8.885227272727273373e+01,2.996515406800214620e+01,2.796273070636999947e+01,3.153076330431581908e+01,3.568032597945819617e+00,2.326735586586536897e-02
8.897727272727273373e+01,2.997709526282816483e+01,2.797502071872464313e+01,3.156819599477239890e+01,3.593175276047755773e+00,2.321509129264853755e-02
8.910227272727273373e+01,2.998906693329641016e+01,2.798728951002026122e+01,3.160547472231456112e+01,3.618185212294299902e+00,2.316307207602719132e-02
8.922727272727273373e+01,3.000106823911460552e+01,2.799953736461540288e+01,3.164259853104321607e+01,3.643061166427813191e+00,2.311129996575900236e-02
8.935227272727273373e+01,3.001309834346966809e+01,2.801176457572681144e+01,3.167956650225323045e+01,3.667801926526419010e+00,2.305977767145606094e-02
8.947727272727273373e+01,3.002515641323550710e+01,2.802397144925823724e+01,3.171637775377302404e+01,3.692406304514786797e+00,2.300850903127837910e-02
8.960227272727273373e+01,3.003724161917547875e+01,2.803615830822355548e+01,3.175303143931079219e+01,3.716873131087236715e+00,2.295749918115319588e-02
8.972727272727273373e+01,3.004935313614048908e+01,2.804832549776302386e+01,3.178952674780747856e+01,3.741201250044454696e+00,2.290675471835612598e-02
8.985227272727273373e+01,3.006149014326371827e+01,2.806047339073441549e+01,3.182586290279665775e+01,3.765389512062242261e+00,2.285628385340032764e-02
8.997727272727273373e+01,3.007365182415329485e+01,2.807260239384270761e+01,3.186203916177135653e+01,3.789436767928648919e+00,2.280609654399512465e-02
9.010227272727273373e+01,3.008583736708426670e+01,2.808471295425567149e+01,3.189805481555796973e+01,3.813341861302298241e+00,2.275620460538974044e-02
9.022727272727273373e+01,3.009804596519143161e+01,2.809680556663684214e+01,3.193390918769729936e+01,3.837103621060457215e+00,2.270662179210347631e-02
9.035227272727273373e+01,3.011027681666472944e+01,2.810888078051430838e+01,3.196960163383283060e+01,3.860720853318522217e+00,2.265736384694960748e-02
9.047727272727273373e+01,3.012252912494907164e+01,2.812093920789244805e+01,3.200513154110632996e+01,3.884192333213881909e+00,2.260844851416976553e-02
9.060227272727273373e+01,3.013480209895057982e+01,2.813298153100613064e+01,3.204049832756074068e+01,3.907516796554610039e+00,2.255989551487402878e-02
9.072727272727273373e+01,3.014709495325123711e+01,2.814500851011149507e+01,3.207570144155059211e+01,3.930692931439097038e+00,2.251172648404775600e-02
9.085227272727273373e+01,3.015940690833412674e+01,2.815702099120544588e+01,3.211074036115984143e+01,3.953719369954395546e+00,2.246396486947688231e-02
9.097727272727273373e+01,3.017173719082140337e+01,2.816901991356701629e+01,3.214561459362734297e+01,3.976594680060326681e+00,2.241663579436092846e-02
9.110227272727273373e+01,3.018408503372710072e+01,2.818100631701711833e+01,3.218032367477987066e+01,3.999317357762752323e+00,2.236976588584838055e-02
9.122727272727273373e+01,3.019644967672687841e+01,2.819298134879928952e+01,3.221486716847286402e+01,4.021885819673574503e+00,2.232338307315373527e-02
9.135227272727273373e+01,3.020883036644666575e+01,2.820494626999213494e+01,3.224924466603893336e+01,4.044298396046798416e+00,2.227751635913932660e-02
9.147727272727273373e+01,3.022122635677210667e+01,2.821690246137389835e+01,3.228345578574413821e+01,4.066553324370239864e+00,2.223219557010835956e-02
9.160227272727273373e+01,3.023363690918041158e+01,2.822885142867031760e+01,3.231750017225222393e+01,4.088648743581906331e+00,2.218745108845254776e-02
9.172727272727273373e+01,3.024606129309614033e+01,2.824079480712919121e+01,3.235137749609675950e+01,4.110582688967568288e+00,2.214331357360421748e-02
9.185227272727273373e+01,3.025849878627202472e+01,2.825273436537684191e+01,3.238508745316127602e+01,4.132353087784434109e+00,2.209981367604996194e-02
9.197727272727273373e+01,3.027094867519596733e+01,2.826467200852435013e+01,3.241862976416760489e+01,4.153957755643254757e+00,2.205698174946846279e-02
9.210227272727273373e+01,3.028341025552460763e+01,2.827660978050338514e+01,3.245200417417233041e+01,4.175394393668945270e+00,2.201484756584193292e-02
9.222727272727273373e+01,3.029588283254392778e+01,2.828854986562298279e+01,3.248521045207147750e+01,4.196660586448494712e+00,2.197344003753443076e-02
9.235227272727273373e+01,3.030836572165690157e+01,2.830049458934966466e+01,3.251824839011358392e+01,4.217753800763919259e+00,2.193278695063227701e-02
9.247727272727273373e+01,3.032085824889772852e+01,2.831244641832299891e+01,3.255111780342116390e+01,4.238671385098164990e+00,2.189291471262677646e-02
9.260227272727273373e+01,3.033335975147207719e+01,2.832440795962783753e+01,3.258381852952064150e+01,4.259410569892803977e+00,2.185384811766155622e-02
9.272727272727273373e+01,3.034586957832228293e+01,2.833638195935207094e+01,3.261635042788091710e+01,4.279968468528846159e+00,2.181561013143706873e-02
9.285227272727273373e+01,3.035838709071611774e+01,2.834837130046558684e+01,3.264871337946041763e+01,4.300342078994830786e+00,2.177822169783638628e-02
9.297727272727273373e+01,3.037091166285760480e+01,2.836037900006144952e+01,3.268090728626307140e+01,4.320528286201621881e+00,2.174170156849442037e-02
9.310227272727273373e+01,3.038344268251793068e+01,2.837240820600494828e+01,3.271293207090283062e+01,4.340523864897882333e+00,2.170606615625558788e-02
9.322727272727273373e+01,3.039597955168413890e+01,2.838446219303916962e+01,3.274478767617718233e+01,4.360325483138012714e+00,2.167132941286809000e-02
9.335227272727273373e+01,3.040852168722342697e+01,2.839654435839837632e+01,3.277647406464943458e+01,4.379929706251058263e+00,2.163750273098585808e-02
9.347727272727273373e+01,3.042106852156030072e+01,2.840865821698169924e+01,3.280799121823993403e+01,4.399333001258234788e+00,2.160459487007315715e-02
9.360227272727273373e+01,3.043361950336380062e+01,2.842080739614028317e+01,3.283933913782632175e+01,4.418531741686038572e+00,2.157261190564341291e-02
9.372727272727273373e+01,3.044617409824201459e+01,2.843299563013102471e+01,3.287051784285262102e+01,4.437522212721596304e+00,2.154155720086947667e-02
9.385227272727273373e+01,3.045873178944068727e+01,2.844522675428911285e+01,3.290152737094742719e+01,4.456300616658314340e+00,2.151143139948530347e-02
9.397727272727273373e+01,3.047129207854299793e+01,2.845750469897055979e+01,3.293236777755102196e+01,4.474863078580462172e+00,2.148223243865032828e-02
9.410227272727273373e+01,3.048385448616731708e+01,2.846983348331412600e+01,3.296303913555146892e+01,4.493205652237342917e+00,2.145395558054374874e-02
9.422727272727273373e+01,3.049641855265977952e+01,2.848221720887003983e+01,3.299354153492968322e+01,4.511324326059643397e+00,2.142659346098696460e-02
9.435227272727273373e+01,3.050898383877863296e+01,2.849466005314065598e+01,3.302387508241341152e+01,4.529215029272755544e+00,2.140013615371572087e-02
9.447727272727273373e+01,3.052154992636723563e+01,2.850716626307574231e+01,3.305403990114007229e+01,4.546873638064329981e+00,2.137457124873165526e-02
9.460227272727273373e+01,3.053411641901283247e+01,2.851974014856231321e+01,3.308403613032832169e+01,4.564295981766008481e+00,2.134988394307768544e-02
9.472727272727273373e+01,3.054668294268800111e+01,2.853238607594624554e+01,3.311386392495848696e+01,4.581477849012241421e+00,2.132605714259128149e-02
9.485227272727273373e+01,3.055924914637233059e+01,2.854510846161993243e+01,3.314352345546153344e+01,4.598414993841601017e+00,2.130307157301558618e-02
9.497727272727273373e+01,3.057181470265134493e+01,2.855791176570735601e+01,3.317301490741655812e+01,4.615103141709202106e+00,2.128090589902242868e-02
9.510227272727273373e+01,3.058437930829053641e+01,2.857080048587489784e+01,3.320233848125671727e+01,4.631537995381819428e+00,2.125953684966930268e-02
9.522727272727273373e+01,3.059694268478197898e+01,2.858377915129320712e+01,3.323149439198350308e+01,4.647715240690295957e+00,2.123893934891896151e-02
9.535227272727273373e+01,3.060950457886149323e+01,2.859685231677244843e+01,3.326048286888901373e+01,4.663630552116565298e+00,2.121908664980054482e-02
9.547727272727273373e+01,3.062206476299447999e+01,2.861002455709012438e+01,3.328930415528635223e+01,4.679279598196227852e+00,2.119995047102563035e-02
9.560227272727273373e+01,3.063462303582866397e+01,2.862330046152778351e+01,3.331795850824780558e+01,4.694658046720022071e+00,2.118150113471628515e-02
9.572727272727273373e+01,3.064717922261218774e+01,2.863668462862995057e+01,3.334644619835070500e+01,4.709761569720754437e+00,2.116370770428233072e-02
9.585227272727273373e+01,3.065973317557582334e+01,2.865018166119565635e+01,3.337476750943069703e+01,4.724585848235040686e+00,2.114653812115463438e-02
9.597727272727273373e+01,3.067228477427816458e+01,2.866379616151028031e+01,3.340292273834239722e+01,4.739126576832116911e+00,2.112995933948269567e-02
9.610227272727273373e+01,3.068483392591290126e+01,2.867753272682281107e+01,3.343091219472710662e+01,4.753379467904295552e+00,2.111393745802203625e-02
9.622727272727273373e+01,3.069738056557741857e+01,2.869139594507095126e+01,3.345873620078739918e+01,4.767340255716447928e+00,2.109843784814557921e-02
9.635227272727273373e+01,3.070992465650233072e+01,2.870539039085451094e+01,3.348639509106841672e+01,4.781004700213905778e+00,2.108342527747453232e-02
9.647727272727273373e+01,3.072246619024156900e+01,2.871952062165516040e+01,3.351388921224568662e+01,4.794368590590526225e+00,2.106886402851060325e-02
9.660227272727273373e+01,3.073500518682284977e+01,2.873379117429902152e+01,3.354121892291905027e+01,4.807427748620028751e+00,2.105471801164782164e-02
9.672727272727273373e+01,3.074754169485855826e+01,2.874820656165676880e+01,3.356838459341287262e+01,4.820178031756103820e+00,2.104095087230106742e-02
9.685227272727273373e+01,3.076007579161738903e+01,2.876277126957462116e+01,3.359538660558183665e+01,4.832615336007215490e+00,2.102752609178892840e-02
9.697727272727273373e+01,3.077260758305682131e+01,2.877748975402855791e+01,3.362222535262252165e+01,4.844735598593963743e+00,2.101440708182877870e-02
9.710227272727273373e+01,3.078513720381713625e+01,2.879236643849285215e+01,3.364890123889023243e+01,4.856534800397380280e+00,2.100155727245933690e-02
9.722727272727273373e+01,3.079766481717747695e+01,2.880740571151359930e+01,3.367541467972110070e+01,4.868008968207501397e+00,2.098894019335517669e-02
9.735227272727273373e+01,3.081019061497466538e+01,2.882261192447712972e+01,3.370176610125907501e+01,4.879154176781945296e+00,2.097651954868240409e-02
9.747727272727273373e+01,3.082271481748566799e+01,2.883798938956286051e+01,3.372795594028761457e+01,4.889966550724754057e+00,2.096425928543155237e-02
9.760227272727273373e+01,3.083523767327453413e+01,2.885354237786969733e+01,3.375398464406597299e+01,4.900442266196275654e+00,2.095212365540888300e-02
9.763636363636364024e+01,3.083865287141848555e+01,2.885779720922774771e+01,3.376107130493836905e+01,4.903274095710621339e+00,2.094882309626200367e-02
9.776136363636364024e+01,3.085117439059742139e+01,2.887357928895876924e+01,3.378689555414423751e+01,4.913316265185468268e+00,2.093679816642080027e-02
9.788636363636364024e+01,3.086369522746075589e+01,2.888954644001897520e+01,3.381255971859481946e+01,4.923013278575844254e+00,2.092481813489399656e-02
9.801136363636364024e+01,3.087621572276250959e+01,2.890570278876984389e+01,3.383806428011646261e+01,4.932361491346618720e+00,2.091284850033048315e-02
9.813636363636364024e+01,3.088873624384075711e+01,2.892205241376702674e+01,3.386340972968234553e+01,4.941357315915318793e+00,2.090085534327812411e-02
9.826136363636364024e+01,3.090125718475078287e+01,2.893859934483911900e+01,3.388859656763321482e+01,4.949997222794095819e+00,2.088880530076409059e-02
9.838636363636364024e+01,3.091377896605370879e+01,2.895534756214341598e+01,3.391362530369409711e+01,4.958277741550681128e+00,2.087666557639167308e-02
9.851136363636364024e+01,3.092630203448471704e+01,2.897230099525999947e+01,3.393849645690850991e+01,4.966195461648510445e+00,2.086440395744659781e-02
9.863636363636364024e+01,3.093882686256633718e+01,2.898946352234167634e+01,3.396321055553929114e+01,4.973747033197614797e+00,2.085198883060357389e-02
9.876136363636364024e+01,3.095135394818754193e+01,2.900683896931879602e+01,3.398776813695587151e+01,4.980929167637075494e+00,2.083938919367156473e-02
9.888636363636364024e+01,3.096388381415552260e+01,2.902443110914915536e+01,3.401216974751626765e+01,4.987738638367112287e+00,2.082657466235104948e-02
9.901136363636364024e+01,3.097641700772351214e+01,2.904224366109825439e+01,3.403641594244702873e+01,4.994172281348774334e+00,2.081351547166221394e-02
9.913636363636364024e+01,3.098895410009637885e+01,2.906028029003102731e+01,3.406050728572324715e+01,5.000226995692219845e+00,2.080018247153603284e-02
9.926136363636364024e+01,3.100149568591541538e+01,2.907854460569190280e+01,3.408444434994918026e+01,5.005899744257277462e+00,2.078654711563032720e-02
9.938636363636364024e+01,3.101404238272331781e+01,2.909704016194632104e+01,3.410822771624006577e+01,5.011187554293744739e+00,2.077258144307947418e-02
9.951136363636364024e+01,3.102659483041023236e+01,2.911577045595172564e+01,3.413185797410525879e+01,5.016087518153533154e+00,2.075825805172826222e-02
9.963636363636364024e+01,3.103915369064151619e+01,2.913473892722210934e+01,3.415533572133273310e+01,5.020596794110623762e+00,2.074355006234540610e-02
9.976136363636364024e+01,3.105171964626769920e+01,2.915394895654574015e+01,3.417866156387498222e+01,5.024712607329242076e+00,2.072843107262656304e-02
9.988636363636364024e+01,3.106429340071683498e+01,2.917340386471234481e+01,3.420183611573636995e+01,5.028432251024025135e+00,2.071287510045394242e-02
1.000113636363636402e+02,3.107687567736930134e+01,2.919310691100370292e+01,3.422485999886169594e+01,5.031753087857993023e+00,2.069685651580144281e-02
1.001363636363636402e+02,3.108946721891478404e+01,2.921306129140063845e+01,3.424773384302609003e+01,5.034672551625451575e+00,2.068034996128531589e-02
1.002613636363636402e+02,3.110206878669098174e+01,2.923327013646016326e+01,3.427045828572597230e+01,5.037188149265809045e+00,2.066333026166944364e-02
1.003863636363636402e+02,3.111468116000337147e+01,2.925373650881898868e+01,3.429303397207127091e+01,5.039297463252282228e+00,2.064577232304998233e-02
1.005113636363636402e+02,3.112730513542503630e+01,2.927446340028478389e+01,3.431546155467854220e+01,5.040998154393758313e+00,2.062765102320440747e-02
1.006363636363636402e+02,3.113994152607551413e+01,2.929545372848237150e+01,3.433774169356512118e+01,5.042287965082749679e+00,2.060894109487421133e-02
1.007613636363636402e+02,3.115259116087724678e+01,2.931671033303101481e+01,3.435987505604409620e+01,5.043164723013081385e+00,2.058961700426564789e-02
1.008863636363636402e+02,3.116525488378834297e+01,2.933823597123845417e+01,3.438186231662021441e+01,5.043626345381760245e+00,2.056965282765688130e-02
1.010113636363636402e+02,3.117793355301005676e+01,2.936003331330850941e+01,3.440370415688645522e+01,5.043670843577945817e+00,2.054902212889331281e-02
1.011363636363636402e+02,3.119062804016756019e+01,2.938210493707070725e+01,3.442540126542133549e+01,5.043296328350628244e+00,2.052769784117458585e-02
1.012613636363636402e+02,3.120333922946244343e+01,2.940445332225272779e+01,3.444695433768687565e+01,5.042501015434147860e+00,2.050565215633781690e-02
1.013863636363636402e+02,3.121606801679567056e+01,2.942708084432833715e+01,3.446836407592712703e+01,5.041283231598789882e+00,2.048285642489133807e-02
1.015113636363636402e+02,3.122881530885977952e+01,2.944998976798488499e+01,3.448963118906725356e+01,5.039641421082368566e+00,2.045928106979388872e-02
1.016363636363636402e+02,3.124158202219933500e+01,2.947318224026515665e+01,3.451075639261298988e+01,5.037574152347833234e+00,2.043489551672195148e-02
1.017613636363636402e+02,3.125436908223900900e+01,2.949666028344762481e+01,3.453174040855073201e+01,5.035080125103107207e+00,2.040966814333344814e-02
1.018863636363636402e+02,3.126717742227901908e+01,2.952042578773671977e+01,3.455258396524770603e+01,5.032158177510986263e+00,2.038356624921533466e-02
1.020113636363636402e+02,3.128000798245784608e+01,2.954448050384107205e+01,3.457328779735264135e+01,5.028807293511569299e+00,2.035655604801434038e-02
1.021363636363636402e+02,3.129286170868284955e+01,2.956882603552163857e+01,3.459385264569664287e+01,5.025026610175004294e+00,2.032860268263902981e-02
1.022613636363636402e+02,3.130573955152953403e+01,2.959346383219409304e+01,3.461427925719412713e+01,5.020815425000034082e+00,2.029967026377121897e-02
1.023863636363636402e+02,3.131864246511105421e+01,2.961839518167019847e+01,3.463456838474404975e+01,5.016173203073851283e+00,2.026972193133858013e-02
1.025113636363636402e+02,3.133157140591940859e+01,2.964362120312165416e+01,3.465472078713104764e+01,5.011099584009393482e+00,2.023871993838710637e-02
1.026363636363636402e+02,3.134452733164092564e+01,2.966914284034686133e+01,3.467473722892657406e+01,5.005594388579712728e+00,2.020662575594656118e-02
1.027613636363636402e+02,3.135751119994835534e+01,2.969496085541663888e+01,3.469461848038994134e+01,4.999657624973302461e+00,2.017340019731150846e-02
1.028863636363636402e+02,3.137052396727285597e+01,2.972107582276911941e+01,3.471436531736917885e+01,4.993289494600059442e+00,2.013900355974485024e-02
1.030113636363636402e+02,3.138356658755905571e+01,2.974748812381742979e+01,3.473397852120156415e+01,4.986490397384134354e+00,2.010339578130171390e-02
1.031363636363636402e+02,3.139664001100695501e+01,2.977419794212594439e+01,3.475345887861384142e+01,4.979260936487897027e+00,2.006653661033297453e-02
1.032613636363636402e+02,3.140974518280462391e+01,2.980120525920285246e+01,3.477280718162188577e+01,4.971601922419033315e+00,2.002838578500742983e-02
1.033863636363636402e+02,3.142288304185573367e+01,2.982850985094816565e+01,3.479202422742985590e+01,4.963514376481690249e+00,1.998890322020940857e-02
1.035113636363636402e+02,3.143605451950634233e+01,2.985611128478747034e+01,3.481111081832860776e+01,4.954999533541137424e+00,1.994804919912951391e-02
1.036363636363636402e+02,3.144926053827519752e+01,2.988400891751311761e+01,3.483006776159332674e+01,4.946058844080209127e+00,1.990578456688396614e-02
1.037613636363636402e+02,3.146250201059200791e+01,2.991220189384586092e+01,3.484889586938020045e+01,4.936693975534339529e+00,1.986207092365788185e-02
1.038863636363636402e+02,3.147577983754822739e+01,2.994068914572194018e+01,3.486759595862210404e+01,4.926906812900163857e+00,1.981687081495664415e-02
1.040113636363636402e+02,3.148909490766446595e+01,2.996946939230272733e+01,3.488616885092299924e+01,4.916699458620271912e+00,1.977014791685860473e-02
1.041363636363636402e+02,3.150244809567903204e+01,2.999854114069688649e+01,3.490461537245111856e+01,4.906074231754232073e+00,1.972186721413748955e-02
1.042613636363636402e+02,3.151584026136154648e+01,3.002790268737854973e+01,3.492293635383065009e+01,4.895033666452100363e+00,1.967199516961670724e-02
1.043863636363636402e+02,3.152927224835562470e+01,3.005755212027903056e+01,3.494113263003188763e+01,4.883580509752857068e+00,1.962049988311775905e-02
1.045113636363636402e+02,3.154274488305424029e+01,3.008748732152448113e+01,3.495920504025963282e+01,4.871717718735151692e+00,1.956735123880903870e-02
1.046363636363636402e+02,3.155625897351142584e+01,3.011770597078749390e+01,3.497715442783975703e+01,4.859448457052263137e+00,1.951252103981104824e-02
1.047613636363636402e+02,3.156981530839319916e+01,3.014820554921701046e+01,3.499498164010383050e+01,4.846776090886820043e+00,1.945598312934038177e-02
1.048863636363636402e+02,3.158341465597089837e+01,3.017898334390769577e+01,3.501268752827163411e+01,4.833704184363938339e+00,1.939771349777430487e-02
1.050113636363636402e+02,3.159705776315935921e+01,3.021003645286788242e+01,3.503027294733143293e+01,4.820236494463550514e+00,1.933769037530197465e-02
1.051363636363636402e+02,3.161074535460227253e+01,3.024136179044337425e+01,3.504773875591796184e+01,4.806376965474587593e+00,1.927589430983545071e-02
1.052613636363636402e+02,3.162447813180674316e+01,3.027295609315340386e+01,3.506508581618788867e+01,4.792129723034484812e+00,1.921230823054287384e-02
1.053863636363636402e+02,3.163825677232861722e+01,3.030481592589448070e+01,3.508231499369289708e+01,4.777499067798416377e+00,1.914691749681196598e-02
1.055113636363636402e+02,3.165208192901004836e+01,3.033693768846785588e+01,3.509942715724992013e+01,4.762489468782064250e+00,1.907970993320162734e-02
1.056363636363636402e+02,3.166595422927026249e+01,3.036931762238689103e+01,3.511642317880887276e+01,4.747105556421981731e+00,1.901067585080085109e-02
1.057613636363636402e+02,3.167987427445039827e+01,3.040195181792126888e+01,3.513330393331742840e+01,4.731352115396159519e+00,1.893980805547812452e-02
1.058863636363636402e+02,3.169384263921273970e+01,3.043483622133631172e+01,3.515007029858304577e+01,4.715234077246734046e+00,1.886710184377449195e-02
1.060113636363636402e+02,3.170785987099472791e+01,3.046796664228707030e+01,3.516672315513213221e+01,4.698756512845061906e+00,1.879255498713661154e-02
1.061363636363636402e+02,3.172192648951754279e+01,3.050133876132854027e+01,3.518326338606620141e+01,4.681924624737661134e+00,1.871616770515061035e-02
1.062613636363636402e+02,3.173604298634914400e+01,3.053494813750534576e+01,3.519969187691510371e+01,4.664743739409757950e+00,1.863794262886386832e-02
1.063863636363636402e+02,3.175020982452111085e+01,3.056879021598615864e+01,3.521600951548741421e+01,4.647219299501255563e+00,1.855788475468145293e-02
1.065113636363636402e+02,3.176442743819871595e+01,3.060286033571040321e+01,3.523221719171774424e+01,4.629356856007341037e+00,1.847600139007710141e-02
1.066363636363636402e+02,3.177869623240322028e+01,3.063715373701696620e+01,3.524831579751121069e+01,4.611162060494244486e+00,1.839230209165165775e-02
1.067613636363636402e+02,3.179301658278547649e+01,3.067166556922682119e+01,3.526430622658503466e+01,4.592640657358213474e+00,1.830679859656925146e-02
1.068863636363636402e+02,3.180738883544950824e+01,3.070639089815409051e+01,3.528018937430726965e+01,4.573798476153179138e+00,1.821950474818834209e-02
1.070113636363636402e+02,3.182181330682482212e+01,3.074132471352185192e+01,3.529596613753282242e+01,4.554641424010970496e+00,1.813043641662304140e-02
1.071363636363636402e+02,3.183629028358596003e+01,3.077646193626169691e+01,3.531163741443675974e+01,4.535175478175062835e+00,1.803961141515131317e-02
1.072613636363636402e+02,3.185082002261782819e+01,3.081179742567803359e+01,3.532720410434503577e+01,4.515406678667002183e+00,1.794704941303493229e-02
1.073863636363636402e+02,3.186540275102501951e+01,3.084732598646015589e+01,3.534266710756271834e+01,4.495341121102562454e+00,1.785277184562517050e-02
1.075113636363636402e+02,3.188003866618365834e+01,3.088304237552745235e+01,3.535802732519995573e+01,4.474984949672503376e+00,1.775680182237948657e-02
1.076363636363636402e+02,3.189472793583381360e+01,3.091894130869475177e+01,3.537328565899557020e+01,4.454344350300818434e+00,1.765916403329370610e-02
1.077613636363636402e+02,3.190947069821084625e+01,3.095501746714683122e+01,3.538844301113867630e+01,4.433425543991845075e+00,1.755988465454549896e-02
1.078863636363636402e+02,3.192426706221379717e+01,3.099126550371296318e+01,3.540350028408833793e+01,4.412234780375374754e+00,1.745899125369376748e-02
1.080113636363636402e+02,3.193911710760905009e+01,3.102768004893374254e+01,3.541845838039145633e+01,4.390778331457713790e+00,1.735651269502369587e-02
1.081363636363636402e+02,3.195402088526733664e+01,3.106425571691428900e+01,3.543331820249905917e+01,4.369062485584770172e+00,1.725247904547799749e-02
1.082613636363636402e+02,3.196897841743239610e+01,3.110098711095909607e+01,3.544808065258117580e+01,4.347093541622079726e+00,1.714692148152252571e-02
1.083863636363636402e+02,3.198398969801928615e+01,3.113786882898532227e+01,3.546274663234056845e+01,4.324877803355246186e+00,1.703987219738323233e-02
1.085113636363636402e+02,3.199905469294073512e+01,3.117489546871239625e+01,3.547731704282528398e+01,4.302421574112887726e+00,1.693136431489961069e-02
1.086363636363636402e+02,3.201417334045957830e+01,3.121206163262696620e+01,3.549179278424050921e+01,4.279731151613543005e+00,1.682143179533923671e-02
1.087613636363636402e+02,3.202934555156564755e+01,3.124936193272329987e+01,3.550617475575977267e+01,4.256812823036472793e+00,1.671010935342209791e-02
1.088863636363636402e+02,3.204457121037535927e+01,3.128679099501997740e+01,3.552046385533567729e+01,4.233672860315699893e+00,1.659743237361510637e-02
1.090113636363636402e+02,3.205985017455230945e+01,3.132434346385477397e+01,3.553466097951054081e+01,4.210317515655766840e+00,1.648343682914799047e-02
1.091363636363636402e+02,3.207518227574724534e+01,3.136201400596020861e+01,3.554876702322694371e+01,4.186753017266735100e+00,1.636815920365464194e-02
1.092613636363636402e+02,3.209056732005586099e+01,3.139979731432283216e+01,3.556278287963853302e+01,4.162985565315700853e+00,1.625163641563887040e-02
1.093863636363636402e+02,3.210600508849289270e+01,3.143768811183007728e+01,3.557670943992135193e+01,4.139021328091274654e+00,1.613390574588180471e-02
1.095113636363636402e+02,3.212149533748085872e+01,3.147568115470883399e+01,3.559054759308570226e+01,4.114866438376868274e+00,1.601500476784423199e-02
1.096363636363636402e+02,3.213703779935233484e+01,3.151377123576048334e+01,3.560429822578893777e+01,4.090526990028454435e+00,1.589497128113492863e-02
1.097613636363636402e+02,3.215263218286398939e+01,3.155195318739716015e+01,3.561796222214938723e+01,4.066009034752227080e+00,1.577384324796327064e-02
1.098863636363636402e+02,3.216827817372140430e+01,3.159022188448484769e+01,3.563154046356147830e+01,4.041318579076630613e+00,1.565165873274310115e-02
1.100113636363636402e+02,3.218397543511315462e+01,3.162857224699864389e+01,3.564503382851238200e+01,4.016461581513738111e+00,1.552845584470219364e-02
1.101363636363636402e+02,3.219972360825303781e+01,3.166699924249600429e+01,3.565844319240041216e+01,3.991443949904407873e+00,1.540427268357547064e-02
1.102613636363636402e+02,3.221552231292933755e+01,3.170549788841389116e+01,3.567176942735520129e+01,3.966271538941310126e+00,1.527914728830026547e-02
1.103863636363636402e+02,3.223137114805982861e+01,3.174406325419574770e+01,3.568501340206012173e+01,3.940950147864374031e+00,1.515311758865323100e-02
1.105113636363636402e+02,3.224726969225164197e+01,3.178269046325449310e+01,3.569817598157678162e+01,3.915485518322288527e+00,1.502622135977915718e-02
1.106363636363636402e+02,3.226321750436494540e+01,3.182137469477754621e+01,3.571125802717209297e+01,3.889883332394546755e+00,1.489849617962946127e-02
1.107613636363636402e+02,3.227921412407938817e+01,3.186011118538002052e+01,3.572426039614792614e+01,3.864149210767905629e+00,1.476997938910784569e-02
1.108863636363636402e+02,3.229525907246245708e+01,3.189889523061227550e+01,3.573718394167354973e+01,3.838288711061274228e+00,1.464070805495865102e-02
1.110113636363636402e+02,3.231135185253897646e+01,3.193772218632770432e+01,3.575002951262097639e+01,3.812307326293272070e+00,1.451071893518118827e-02
1.111363636363636402e+02,3.232749194986072894e+01,3.197658746991699985e+01,3.576279795340340684e+01,3.786210483486406986e+00,1.438004844716544994e-02
1.112613636363636402e+02,3.234367883307573521e+01,3.201548656141451232e+01,3.577549010381696348e+01,3.760003542402451160e+00,1.424873263801629264e-02
1.113863636363636402e+02,3.235991195449609847e+01,3.205441500448276315e+01,3.578810679888569268e+01,3.733691794402929531e+00,1.411680715739294101e-02
1.115113636363636402e+02,3.237619075066408669e+01,3.209336840728073525e+01,3.580064886871012675e+01,3.707280461429391494e+00,1.398430723267551912e-02
1.116363636363636402e+02,3.239251464291558591e+01,3.213234244322130451e+01,3.581311713831945553e+01,3.680774695098151028e+00,1.385126764598965110e-02
1.117613636363636402e+02,3.240888303794045555e+01,3.217133285162372403e+01,3.582551242752735021e+01,3.654179575903626187e+00,1.371772271375704122e-02
1.118863636363636402e+02,3.242529532833910366e+01,3.221033543826588641e+01,3.583783555079169503e+01,3.627500112525808618e+00,1.358370626775240453e-02
1.120113636363636402e+02,3.244175089317494809e+01,3.224934607584192747e+01,3.585008731707814889e+01,3.600741241236221413e+00,1.344925163842702887e-02
1.121363636363636402e+02,3.245824909852207441e+01,3.228836070433008132e+01,3.586226852972778545e+01,3.573907825397704130e+00,1.331439163983105800e-02
1.122613636363636402e+02,3.247478929800782055e+01,3.232737533127541951e+01,3.587437998632874780e+01,3.547004655053328293e+00,1.317915855629792077e-02
1.123863636363636402e+02,3.249137083334966292e+01,3.236638603199246234e+01,3.588642247859208112e+01,3.520036446599618785e+00,1.304358413074169221e-02
1.125113636363636402e+02,3.250799303488633996e+01,3.240538894969191119e+01,3.589839679223167934e+01,3.493007842539768149e+00,1.290769955451764872e-02
1.126363636363636402e+02,3.252465522210250981e+01,3.244438029553604963e+01,3.591030370684867989e+01,3.465923411312630265e+00,1.277153545867548701e-02
1.127613636363636402e+02,3.254135670414676440e+01,3.248335634862686305e+01,3.592214399581993689e+01,3.438787647193073838e+00,1.263512190666915558e-02
1.128863636363636402e+02,3.255809678034285071e+01,3.252231345593101963e+01,3.593391842619095655e+01,3.411604970259936920e+00,1.249848838822487096e-02
1.130113636363636402e+02,3.257487474069352373e+01,3.256124803214554220e+01,3.594562775857318826e+01,3.384379726427646062e+00,1.236166381459469221e-02
1.131363636363636402e+02,3.259168986637705245e+01,3.260015655950783753e+01,3.595727274704564991e+01,3.365582880668597454e+00,1.222467651481196071e-02
1.132613636363636402e+02,3.260854143023600216e+01,3.263903558755369971e+01,3.596885413906101547e+01,3.360312708825013317e+00,1.208755423301255405e-02
1.133863636363636402e+02,3.262542869725811556e+01,3.267788173282678343e+01,3.598037267535609374e+01,3.354943978097978174e+00,1.195032412689300827e-02
1.135113636363636402e+02,3.264235092504921454e+01,3.271669167854259541e+01,3.599182908986666263e+01,3.349478164817448089e+00,1.181301276697865887e-02
1.136363636363636402e+02,3.265930736429781689e+01,3.275546217421029382e+01,3.600322410964680131e+01,3.343916745348984421e+00,1.167564613675153851e-02
1.137613636363636402e+02,3.267629725923134743e+01,3.279419003521517340e+01,3.601455845479257079e+01,3.338261195561223360e+00,1.153824963367355849e-02
1.138863636363636402e+02,3.269331984806404279e+01,3.283287214236479201e+01,3.602583283837005013e+01,3.332512990306007339e+00,1.140084807090602226e-02
1.140113636363636402e+02,3.271037436343605975e+01,3.287150544140128261e+01,3.603704796634774965e+01,3.326673602911689898e+00,1.126346567976810320e-02
1.141363636363636402e+02,3.272746003284409255e+01,3.291008694248252198e+01,3.604820453753340814e+01,3.320744504689315590e+00,1.112612611272822960e-02
1.142613636363636402e+02,3.274457607906310841e+01,3.294861371963457941e+01,3.605930324351500360e+01,3.314727164451895192e+00,1.098885244715575027e-02
1.143863636363636402e+02,3.276172172055940734e+01,3.298708291017780425e+01,3.607034476860599170e+01,3.308623048046584358e+00,1.085166718948471498e-02
1.145113636363636402e+02,3.277889617189471494e+01,3.302549171412868390e+01,3.608132978979492123e+01,3.302433617900206286e+00,1.071459227993187824e-02
1.146363636363636402e+02,3.279609864412148568e+01,3.306383739357963236e+01,3.609225897669904271e+01,3.296160332577557028e+00,1.057764909766234496e-02
1.147613636363636402e+02,3.281332834516928187e+01,3.310211727205869181e+01,3.610313299152213773e+01,3.289804646352855855e+00,1.044085846639575266e-02
1.148863636363636402e+02,3.283058448022228504e+01,3.314032873387095179e+01,3.611395248901636279e+01,3.283368008794077753e+00,1.030424066033930330e-02
1.150113636363636402e+02,3.284786625208781885e+01,3.317846922342364024e+01,3.612471811644811481e+01,3.276851864360295963e+00,1.016781541050448823e-02
1.151363636363636402e+02,3.286517286155613959e+01,3.321653624453637121e+01,3.613543051356785440e+01,3.270257652011714811e+00,1.003160191135066270e-02
1.152613636363636402e+02,3.288250350775122399e+01,3.325452735973824758e+01,3.614609031258377314e+01,3.263586804832549149e+00,9.895618827627572500e-03
1.153863636363636402e+02,3.289985738847283869e+01,3.329244018955336060e+01,3.615669813813929068e+01,3.256840749666451984e+00,9.759884301566046361e-03
1.155113636363636402e+02,3.291723370052974929e+01,3.333027241177597944e+01,3.616725460729431063e+01,3.250020906764561346e+00,9.624415960175269902e-03
1.156363636363636402e+02,3.293463164006427490e+01,3.336802176073692294e+01,3.617776032951012866e+01,3.243128689445853752e+00,9.489230922838487459e-03
1.157613636363636402e+02,3.295205040286810316e+01,3.340568602656225039e+01,3.618821590663792165e+01,3.236165503769818486e+00,9.354345808965547349e-03
1.158863636363636402e+02,3.296948918468953593e+01,3.344326305442555025e+01,3.619862193291078256e+01,3.229132748221246629e+00,9.219776745943875085e-03
1.160113636363636402e+02,3.298694718153229388e+01,3.348075074379485017e+01,3.620897899493918004e+01,3.222031813406886158e+00,9.085539376989970606e-03
1.161363636363636402e+02,3.300442358994609293e+01,3.351814704767532760e+01,3.621928767170979313e+01,3.214864081763700199e+00,8.951648869327755165e-03
1.162613636363636402e+02,3.302191760730998737e+01,3.355544997184863831e+01,3.622954853458760738e+01,3.207630927277620003e+00,8.818119922260336807e-03
1.163863636363636402e+02,3.303942843211001446e+01,3.359265757410999242e+01,3.623976214732122969e+01,3.200333715211215235e+00,8.726513052614848220e-03
1.165113636363636402e+02,3.305695526421501285e+01,3.362976796350363173e+01,3.624992906605131537e+01,3.192973801836302528e+00,8.713113034694686121e-03
1.166363636363636402e+02,3.307449730515745046e+01,3.366677929955771731e+01,3.626004983932202208e+01,3.185552534164571625e+00,8.699386167933198521e-03
1.167613636363636402e+02,3.309205375843082919e+01,3.370368979151925259e+01,3.627012500809539119e+01,3.178071249664562004e+00,8.685335772462110526e-03
1.168863636363636402e+02,3.310962382982219054e+01,3.374049769758978812e+01,3.628015510576867797e+01,3.170531275946487426e+00,8.670965268358088451e-03
1.170113636363636402e+02,3.312720672780658049e+01,3.377720132416260412e+01,3.629014065819433199e+01,3.162933930387751502e+00,8.656278201172540321e-03
1.171363636363636402e+02,3.314480166404058537e+01,3.381379902506198221e+01,3.630008218370281270e+01,3.155280519662227334e+00,8.641278283818110140e-03
1.172613636363636402e+02,3.316240785400334801e+01,3.385028920078506331e+01,3.630998019312787761e+01,3.147572339124529606e+00,8.625969459956195351e-03
1.173863636363636402e+02,3.318002451784482787e+01,3.388667029774696005e+01,3.631983518983451376e+01,3.139810671989685886e+00,8.610355994825624748e-03
1.175113636363636402e+02,3.319765088151172705e+01,3.392294080752952823e+01,3.632964766974923521e+01,3.131996788237508156e+00,8.594442598820251078e-03
1.176363636363636402e+02,3.321528617823053509e+01,3.395909926613432361e+01,3.633941812139278937e+01,3.124131943162254288e+00,8.578234588895838897e-03
1.177613636363636402e+02,3.323292965043258107e+01,3.399514425324005629e+01,3.634914702591508018e+01,3.116217375482499108e+00,8.561738091323434219e-03
1.178863636363636402e+02,3.325058055220863196e+01,3.403107439146515389e+01,3.635883485713235075e+01,3.108254304923718792e+00,8.544960288034531004e-03
1.180113636363636402e+02,3.326823815237794690e+01,3.406688834563564683e+01,3.636848208156645512e+01,3.100243929188508218e+00,8.527909706543823631e-03
1.181363636363636402e+02,3.328590173824986209e+01,3.410258482205882302e+01,3.637808915848619051e+01,3.092187420236328421e+00,8.510596551140281463e-03
1.182613636363636402e+02,3.330357062014452652e+01,3.413816256780289393e+01,3.638765653995051963e+01,3.084085919805993115e+00,8.493033070983813104e-03
1.183863636363636402e+02,3.332124413672343621e+01,3.417362036998316199e+01,3.639718467085389619e+01,3.075940534130459980e+00,8.475233958066041851e-03
1.185113636363636402e+02,3.333892166116127953e+01,3.420895705505489559e+01,3.640667398897316076e+01,3.067752327811881230e+00,8.457216766700526023e-03
1.186363636363636402e+02,3.335660260816823097e+01,3.424417148811325262e+01,3.641612492501651843e+01,3.059522316848287460e+00,8.439002343621382352e-03
1.187613636363636402e+02,3.337428644184858939e+01,3.427926257220056527e+01,3.642553790267407265e+01,3.051251460825483264e+00,8.420615257634267437e-03
1.188863636363636402e+02,3.339197268435694355e+01,3.431422924762130577e+01,3.643491333867019222e+01,3.042940654313248672e+00,8.402084216378113979e-03
1.190113636363636402e+02,3.340966092528968545e+01,3.434907049126515943e+01,3.644425164281753382e+01,3.034590717527848369e+00,8.383442458196554981e-03
1.191363636363636402e+02,3.342735083172748034e+01,3.438378531593831156e+01,3.645355321807286231e+01,3.026202386345381967e+00,8.364728107245866795e-03
1.192613636363636402e+02,3.344504215882417952e+01,3.441837276970353798e+01,3.646281846059449094e+01,3.017776301770311420e+00,8.345984480989443455e-03
1.193863636363636402e+02,3.346273476082158993e+01,3.445283193522936926e+01,3.647204775980164015e+01,3.009312998980050224e+00,8.327260340820430429e-03
1.195113636363636402e+02,3.348042860235578644e+01,3.448716192914859846e+01,3.648124149843555131e+01,3.000812896079764869e+00,8.308610077669698057e-03
1.196363636363636402e+02,3.349812376991179974e+01,3.452136190142680050e+01,3.649040005262259001e+01,2.992276282710790269e+00,8.290093826893496498e-03
1.197613636363636402e+02,3.351582048327829710e+01,3.455543103474096966e+01,3.649952379193933893e+01,2.983703308661041831e+00,8.271777508397804013e-03
1.198863636363636402e+02,3.353351910685241677e+01,3.458936854386887205e+01,3.650861307947999279e+01,2.975093972627576022e+00,8.253732790031165223e-03
1.200113636363636402e+02,3.355122016064771628e+01,3.462317367508958199e+01,3.651766827192605547e+01,2.966448111278339184e+00,8.236036974338389882e-03
1.201363636363636402e+02,3.356892433086366623e+01,3.465684570559544397e+01,3.652668971961862354e+01,2.957765388754957314e+00,8.218772810593577560e-03
1.202613636363636402e+02,3.358663247988454259e+01,3.469038394291616356e+01,3.653567776663348354e+01,2.949045286748940953e+00,8.202028235686498192e-03
1.203863636363636402e+02,3.360434565558644238e+01,3.472378772435528305e+01,3.654463275085929297e+01,2.940287095272850593e+00,8.185896048793495083e-03
1.205113636363636402e+02,3.362206509984497416e+01,3.475705641643948240e+01,3.655355500407908664e+01,2.931489904234112487e+00,8.170473526277532983e-03
1.206363636363636402e+02,3.363979225615084800e+01,3.479018941438126689e+01,3.656244485205539974e+01,2.922652595904551731e+00,8.155861983759393752e-03
1.207613636363636402e+02,3.365752877625651962e+01,3.482318614155526859e+01,3.657130261461944087e+01,2.913773838362921254e+00,8.142166293559682799e-03
1.208863636363636402e+02,3.367527652579325803e+01,3.485604604898865233e+01,3.658012860576448588e+01,2.904852079971227852e+00,8.129494365398670652e-03
1.210113636363636402e+02,3.369303758881471822e+01,3.488876861486588155e+01,3.658892313374404637e+01,2.895885544929328148e+00,8.117956599221543001e-03
1.211363636363636402e+02,3.371081427123867513e+01,3.492135334404824221e+01,3.659768650117495525e+01,2.886872229936280121e+00,8.107665318405565813e-03
1.212613636363636402e+02,3.372860910317427141e+01,3.495379976760831653e+01,3.660641900514589508e+01,2.877809901971623674e+00,8.098734191563039531e-03
1.213863636363636402e+02,3.374642484013653387e+01,3.498610744237957704e+01,3.661512093733172435e+01,2.868696097195190475e+00,8.091277650912331865e-03
1.215113636363636402e+02,3.376426446316267516e+01,3.501827595052139941e+01,3.662379258411380079e+01,2.859528120951125629e+00,8.085410314365049089e-03
1.216363636363636402e+02,3.378213117785733033e+01,3.505030489909943014e+01,3.663243422670684168e+01,2.850303048849511356e+00,8.081246418143450683e-03
1.217613636363636402e+02,3.380002841240370515e+01,3.508219391968151513e+01,3.664104614129246329e+01,2.841017728888758143e+00,8.078899265889560866e-03
1.218863636363636402e+02,3.381795981458685674e+01,3.511394266794902563e+01,3.664962859915991089e+01,2.831668784573054154e+00,8.078480699481360716e-03
1.220113636363636402e+02,3.383592924788299428e+01,3.514555082332362446e+01,3.665818186685402225e+01,2.822252618971027971e+00,8.080100596110639799e-03
1.221363636363636402e+02,3.385394078667442841e+01,3.517701808860924473e+01,3.666670620633076538e+01,2.812765419656336974e+00,8.083866395224958978e-03
1.222613636363636402e+02,3.387199871065477197e+01,3.520834418964915358e+01,3.667520187512060659e+01,2.803203164465834618e+00,8.089882658481428734e-03
1.223863636363636402e+02,3.389010749849231985e+01,3.523952887499777376e+01,3.668366912649981515e+01,2.793561628007495301e+00,8.098250664822614908e-03
1.225113636363636402e+02,3.390827182082155389e+01,3.527057191560702876e+01,3.669210820966975461e+01,2.783836388848200727e+00,8.109068042458034142e-03
1.226363636363636402e+02,3.392649653263426757e+01,3.530147310452676379e+01,3.670051936994430264e+01,2.774022837310035072e+00,8.122428438504414316e-03
1.227613636363636402e+02,3.394478666514157794e+01,3.533223225661888023e+01,3.670890284894551314e+01,2.764116183803935201e+00,8.138421227059211560e-03
1.228863636363636402e+02,3.396314741717786490e+01,3.536284920828464351e+01,3.671725888480725075e+01,2.754111467629385857e+00,8.157131255458693886e-03
1.230113636363636402e+02,3.398158414621589429e+01,3.539332381720479503e+01,3.672558771238691122e+01,2.744003566171016928e+00,8.178638628258738663e-03
1.231363636363636402e+02,3.400010235906108136e+01,3.542365596209167222e+01,3.673388956348503598e+01,2.733787204423954620e+00,8.203018528313066327e-03
1.232613636363636402e+02,3.401870770228973839e+01,3.545384554245308095e+01,3.674216466707259343e+01,2.723456964782855039e+00,8.230341073648617112e-03
1.233863636363636402e+02,3.403740595249384882e+01,3.548389247836696114e+01,3.675041324952582045e+01,2.713007297031971632e+00,8.260671208823566758e-03
1.235113636363636402e+02,3.405620300639131415e+01,3.551379671026647600e+01,3.675863553486807689e+01,2.702432528476762741e+00,8.294068629083994892e-03
1.236363636363636402e+02,3.407510487085750128e+01,3.554355819873478595e+01,3.676683174501872031e+01,2.691726874161219030e+00,8.330587735748906653e-03
1.237613636363636402e+02,3.409411765293010887e+01,3.557317692430870437e+01,3.677500210004831160e+01,2.680884447118202729e+00,8.370277620699084764e-03
1.238863636363636402e+02,3.411324754983543528e+01,3.560265288729081590e+01,3.678314681843995260e+01,2.669899268604517317e+00,8.413182078058412117e-03
1.240113636363636402e+02,3.413250083908051380e+01,3.563198610756912643e+01,3.679126611735610197e+01,2.658765278275588173e+00,8.459339641014196332e-03
1.241363636363636402e+02,3.415188386865141723e+01,3.566117662444372627e+01,3.679936021291055681e+01,2.647476344259139580e+00,8.508783641701711531e-03
1.242613636363636402e+02,3.417140304735407597e+01,3.569022449645972017e+01,3.680742932044492477e+01,2.636026273090848804e+00,8.561542291758428291e-03
1.243863636363636402e+02,3.419106483532991092e+01,3.571912980124569970e+01,3.681547365480909662e+01,2.624408819479185695e+00,8.617638781842629214e-03
1.245113636363636402e+02,3.421087573477467458e+01,3.574789263535735984e+01,3.682349343064502989e+01,2.612617695870355305e+00,8.677091397466085709e-03
1.246363636363636402e+02,3.423084228088504233e+01,3.577651311412513735e+01,3.683148886267343869e+01,2.600646581788396361e+00,8.739913649534969409e-03
1.247613636363636402e+02,3.425097103305328261e+01,3.580499137150582811e+01,3.683946016598252271e+01,2.588489132929240100e+00,8.806114417090782354e-03
1.248863636363636402e+02,3.427126856632717988e+01,3.583332755993707508e+01,3.684740755631822395e+01,2.576138989991044070e+00,8.875698100517581679e-03
1.250113636363636402e+02,3.429174146314846183e+01,3.586152185019450656e+01,3.685533125037536450e+01,2.563589787226902672e+00,8.948664783261506273e-03
1.251363636363636402e+02,3.431239630537976382e+01,3.588957443125070057e+01,3.686323146608891221e+01,2.550835160709148397e+00,9.025010400179667158e-03
1.252613636363636402e+02,3.433323966662700144e+01,3.591748551013579771e+01,3.687110842292482715e+01,2.537868756297825712e+00,9.104726910798888184e-03
1.253863636363636402e+02,3.435427810486143585e+01,3.594525531179880318e+01,3.687896234216981384e+01,2.524684237308377988e+00,9.187802475963735560e-03
1.255113636363636402e+02,3.437551815534266808e+01,3.597288407896945728e+01,3.688679344721914788e+01,2.511275291876479798e+00,9.274221636339063934e-03
1.256363636363636402e+02,3.439696632384202246e+01,3.600037207202026934e+01,3.689460196386220048e+01,2.497635640020178016e+00,9.363965491488102089e-03
1.257613636363636402e+02,3.441862908016327083e+01,3.602771956882797610e+01,3.690238812056489337e+01,2.483759040401622542e+00,9.457011878318155595e-03
1.258863636363636402e+02,3.444051285195611456e+01,3.605492686463437479e+01,3.691015214874830264e+01,2.469639296792188077e+00,9.553335547742847211e-03
1.260113636363636402e+02,3.446262401881620008e+01,3.608199427190604780e+01,3.691789428306319110e+01,2.455270264246991019e+00,9.652908338850352266e-03
1.261363636363636402e+02,3.448496890666367420e+01,3.610892212019265912e+01,3.692561476165948875e+01,2.440645854995814545e+00,9.755699349291546696e-03
1.262613636363636402e+02,3.450755378239145443e+01,3.613571075598363791e+01,3.693331382645041572e+01,2.425760044058961284e+00,9.861675101646483199e-03
1.263863636363636402e+02,3.453038484877278336e+01,3.616236054256283694e+01,3.694099172337048742e+01,2.410606874597704063e+00,9.970799704582589129e-03
1.265113636363636402e+02,3.455346823961656355e+01,3.618887185986106658e+01,3.694864870262720302e+01,2.395180463010639471e+00,1.008303500861984503e-02
1.265454545454545467e+02,3.455978251023260128e+01,3.619609181071050585e+01,3.695073540403647883e+01,2.390952893803877544e+00,1.011387679623965141e-02
1.266704545454545467e+02,3.458319521082448489e+01,3.622242744351056132e+01,3.695836610712131431e+01,2.375170896296829426e+00,1.023001456006511489e-02
1.267954545454545467e+02,3.460687389895675636e+01,3.624862552451537567e+01,3.696597647672867737e+01,2.359102577771921005e+00,1.034917055661566110e-02
1.269204545454545467e+02,3.463082445464251435e+01,3.627468648967776943e+01,3.697356677921428059e+01,2.342742324571766233e+00,1.047129899117749119e-02
1.270454545454545467e+02,3.465505266902571435e+01,3.630061078960349619e+01,3.698113728593154548e+01,2.326084616905831126e+00,1.059635331863262309e-02
1.271704545454545467e+02,3.467956424173872421e+01,3.632639889012145318e+01,3.698868827359046918e+01,2.309124031851744974e+00,1.072428569255379216e-02
1.272954545454545467e+02,3.470436477763055905e+01,3.635205127243425949e+01,3.699622002451964420e+01,2.291855246889085151e+00,1.085504689213223628e-02
1.274204545454545467e+02,3.472945978339733841e+01,3.637756843309225019e+01,3.700373282688415344e+01,2.274273043486815027e+00,1.098858637293176344e-02
1.275454545454545467e+02,3.475485466425310221e+01,3.640295088389015632e+01,3.701122697487951996e+01,2.256372310626417743e+00,1.112485234421001223e-02
1.276704545454545467e+02,3.478055472066324683e+01,3.642819915172725587e+01,3.701870276890948475e+01,2.238148048246237920e+00,1.126379184492520835e-02
1.277954545454545467e+02,3.480656514512727284e+01,3.645331377844874510e+01,3.702616051575046185e+01,2.219595370623189012e+00,1.140535081068350109e-02
1.279204545454545467e+02,3.483289101898231621e+01,3.647829532067607516e+01,3.703360052870419850e+01,2.200709509721882284e+00,1.154947412754125935e-02
1.280454545454545610e+02,3.485953730919072058e+01,3.650314434962997723e+01,3.704102312773877514e+01,2.181485818548054567e+00,1.169610567085044295e-02
1.281704545454545610e+02,3.488650886506728455e+01,3.652786145094820114e+01,3.704842863961849275e+01,2.161919774551208207e+00,1.184518832654646303e-02
1.282954545454545610e+02,3.491381041489520953e+01,3.655244722449882744e+01,3.705581739802234154e+01,2.142006983127132003e+00,1.199666399277532491e-02
1.284204545454545610e+02,3.494144656237386215e+01,3.657690228418979217e+01,3.706318974365127872e+01,2.121743181277416568e+00,1.215047355974974153e-02
1.285454545454545610e+02,3.496942178283607916e+01,3.660122725777503661e+01,3.707054602432429391e+01,2.101124241488214750e+00,1.230655686567416751e-02
1.286704545454545610e+02,3.499774041917064693e+01,3.662542278665755191e+01,3.707788659506297080e+01,2.080146175892323868e+00,1.246485262753793677e-02
1.287954545454545610e+02,3.502640667738472757e+01,3.664948952568934004e+01,3.708521181816479384e+01,2.058805140780066267e+00,1.262529834600911727e-02
1.289204545454545610e+02,3.505542462174397400e+01,3.667342814296866749e+01,3.709252206326500811e+01,2.037097441521034114e+00,1.278783018445750486e-02
1.290454545454545610e+02,3.508479816943432184e+01,3.669723931963453367e+01,3.709981770738708917e+01,2.015019537952767337e+00,1.295238282362021209e-02
1.291704545454545610e+02,3.511453108469889628e+01,3.672092374965856720e+01,3.710709913498160972e+01,1.992568050282713443e+00,1.311888929402726944e-02
1.292954545454545610e+02,3.514462697241648925e+01,3.674448213963443521e+01,3.711436673795387975e+01,1.969739765537390497e+00,1.328728078995311535e-02
1.294204545454545610e+02,3.517508927110343819e+01,3.676791520856468765e+01,3.712162091567980582e+01,1.946531644576367626e+00,1.345748646917854785e-02
1.295454545454545610e+02,3.520592124533888523e+01,3.679122368764542728e+01,3.712886207501048119e+01,1.922940829671595964e+00,1.362943324401300060e-02
1.296704545454545610e+02,3.523712597763263688e+01,3.681440832004848573e+01,3.713609063026505908e+01,1.898964652632422201e+00,1.380304556990807896e-02
1.297954545454545610e+02,3.526870635977455493e+01,3.683746986070140395e+01,3.714330700321216483e+01,1.874600643437609904e+00,1.397824523785118345e-02
1.299204545454545610e+02,3.530066508372436118e+01,3.686040907606524542e+01,3.715051162303964816e+01,1.849846539315286975e+00,1.415495117757359367e-02
1.300454545454545610e+02,3.533300463211899967e+01,3.688322674391013578e+01,3.715770492631269661e+01,1.824700294193696948e+00,1.433307927794658099e-02
1.301704545454545610e+02,3.536572726849149717e+01,3.690592365308852862e+01,3.716488735692025358e+01,1.799160088428756410e+00,1.451254223101017260e-02
1.302954545454545610e+02,3.539883502730952358e+01,3.692850060330639650e+01,3.717205936600961280e+01,1.773224338700089220e+00,1.469324940521232747e-02
1.304204545454545610e+02,3.543232970395283843e+01,3.695095840489204875e+01,3.717922141190919660e+01,1.746891707956358175e+00,1.487510675288916673e-02
1.305454545454545610e+02,3.546621284475696712e+01,3.697329787856268979e+01,3.718637396003934725e+01,1.720161115282380138e+00,1.505801675588003263e-02
1.306704545454545610e+02,3.550048573725482015e+01,3.699551985518858999e+01,3.719351748281111725e+01,1.693031745556297096e+00,1.524187841236823715e-02
1.307954545454545610e+02,3.553514940074902739e+01,3.701762517555472698e+01,3.720065245951281696e+01,1.665503058763789568e+00,1.542658726682333281e-02
1.309204545454545610e+02,3.557020457734530794e+01,3.703961469011984775e+01,3.720777937618444042e+01,1.637574798839132484e+00,1.561203548386913553e-02
1.310454545454545610e+02,3.560565172357207331e+01,3.706148925877282352e+01,3.721489872547960687e+01,1.609247001907533559e+00,1.579811196601355050e-02
1.311704545454545610e+02,3.564149100270289239e+01,3.708324975058595641e+01,3.722201100651510330e+01,1.580520003812210916e+00,1.598470251373385054e-02
1.312954545454545610e+02,3.567772227788847061e+01,3.710489704356530183e+01,3.722911672470787892e+01,1.551394446819408302e+00,1.617169002634000208e-02
1.314204545454545610e+02,3.571434510619177161e+01,3.712643202439756607e+01,3.723621639159944152e+01,1.521871285407669916e+00,1.635895474032622587e-02
1.315454545454545610e+02,3.575135873360677863e+01,3.714785558819356481e+01,3.724331052466756375e+01,1.491951791060785126e+00,1.654637450193519044e-02
1.316704545454545610e+02,3.578876209112581108e+01,3.716916863822780215e+01,3.725039964712527762e+01,1.461637555999466542e+00,1.673382506997000974e-02
1.317954545454545610e+02,3.582655379190556744e+01,3.719037208567404917e+01,3.725748428770724985e+01,1.430930495801682412e+00,1.692118044435630964e-02
1.319204545454545610e+02,3.586473212956639145e+01,3.721146684933667359e+01,3.726456498044356636e+01,1.399832850877174906e+00,1.710831321597794386e-02
1.320454545454545610e+02,3.590329507764366213e+01,3.723245385537732943e+01,3.727164226442079809e+01,1.368347186777135960e+00,1.729509493289782540e-02
1.321704545454545610e+02,3.594224029019633093e+01,3.725333403703697144e+01,3.727871668353083123e+01,1.336476393334500301e+00,1.748139647835245114e-02
1.322954545454545610e+02,3.598156510356277238e+01,3.727410833435261139e+01,3.728578878620740511e+01,1.304223682644632731e+00,1.766708845581632659e-02
1.324204545454545610e+02,3.602126653924237587e+01,3.729477769386897990e+01,3.729285912515061341e+01,1.273511154626604025e+00,1.785204157661723912e-02
1.325454545454545610e+02,3.606134130786868752e+01,3.731534306834455350e+01,3.729992825703968151e+01,1.254001760475865979e+00,1.803612704593149374e-02
1.326704545454545610e+02,3.610178581423056698e+01,3.733580541645180517e+01,3.730699674223448170e+01,1.234019602221238188e+00,1.821921694326533725e-02
1.327954545454545610e+02,3.614259616328823199e+01,3.735616570247165669e+01,3.731406514446585732e+01,1.213569539183424695e+00,1.840118459374195936e-02
1.329204545454545610e+02,3.618376816712394373e+01,3.737642489598174933e+01,3.732113403051559430e+01,1.192656728857805604e+00,1.858190492710320996e-02
1.330454545454545610e+02,3.622529735276106777e+01,3.739658397153861102e+01,3.732820396988626044e+01,1.171286618777543254e+00,1.876125482166202119e-02
1.331704545454545610e+02,3.626717897078012243e+01,3.741664390835345699e+01,3.733527553446153746e+01,1.149464937573334566e+00,1.893911343057652630e-02
1.332954545454545610e+02,3.630940800465771190e+01,3.743660568996185134e+01,3.734234929815774962e+01,1.127197685304139441e+00,1.911536248886136491e-02
1.334204545454545610e+02,3.635197918075114387e+01,3.745647030388681742e+01,3.734942583656705040e+01,1.104491123135673547e+00,1.928988659905428449e-02
1.335454545454545610e+02,3.639488697885158075e+01,3.747623874129588728e+01,3.735650572659319835e+01,1.081351762444306530e+00,1.946257349472091391e-02
1.336704545454545610e+02,3.643812564322730907e+01,3.749591199665184149e+01,3.736358954608036242e+01,1.057786353424532422e+00,1.963331428071057871e-02
1.337954545454545610e+02,3.648168919408068689e+01,3.751549106735753725e+01,3.737067787343600145e+01,1.033801873276850358e+00,1.980200364963025095e-02
1.339204545454545610e+02,3.652557143934316741e+01,3.753497695339467555e+01,3.737777128724842868e+01,1.009405514051508135e+00,1.996854007436610345e-02
1.340454545454545610e+02,3.656976598673557532e+01,3.755437065695718957e+01,3.738487036589994972e+01,9.846046702216142421e-01,2.013282597660293050e-02
1.341704545454545610e+02,3.661426625602353369e+01,3.757367318207916185e+01,3.739197568717636244e+01,9.594069260556281620e-01,2.029476787161144102e-02
1.342954545454545610e+02,3.665906549140142090e+01,3.759288553425767532e+01,3.739908782787382791e+01,9.338200428562544175e-01,2.045427648990738589e-02
1.344204545454545610e+02,3.670415677394183973e+01,3.761200872007117368e+01,3.740620736340367358e+01,9.078519461293339532e-01,2.061126687620173925e-02
1.345454545454545610e+02,3.674953303405164462e+01,3.763104374679341646e+01,3.741333486739637237e+01,8.815107127417718402e-01,2.076565846667222104e-02
1.346704545454545610e+02,3.679518706387993632e+01,3.764999162200381733e+01,3.742047091130518766e+01,8.548045581238810087e-01,2.091737514535907394e-02
1.347954545454545610e+02,3.684111152962741187e+01,3.766885335319435057e+01,3.742761606401064967e+01,8.277418235669387059e-01,2.106634528082906854e-02
1.349204545454545610e+02,3.688729898371121863e+01,3.768762994737375038e+01,3.743477089142657377e+01,8.003309636625317580e-01,2.121250174401723143e-02
1.350454545454545610e+02,3.693374187674351106e+01,3.770632241066950030e+01,3.744193595610833825e+01,7.725805339259892435e-01,2.135578190880949023e-02
1.351704545454545610e+02,3.698043256928646372e+01,3.772493174792813164e+01,3.744911181686454427e+01,7.444991786416679247e-01,2.149612763596309151e-02
1.352954545454545610e+02,3.702736334335047275e+01,3.774345896231450581e+01,3.745629902837252700e+01,7.160956189640330649e-01,2.163348524227615144e-02
1.354204545454545610e+02,3.707452641360666235e+01,3.776190505491067029e+01,3.746349814079870555e+01,6.873786413040079424e-01,2.176780545578793635e-02
1.355454545454545610e+02,3.712191393828829433e+01,3.778027102431489936e+01,3.747070969942440399e+01,6.583570860266050317e-01,2.189904335819647940e-02
1.356704545454545610e+02,3.716951802975995633e+01,3.779855786624165148e+01,3.747793424427785425e+01,6.290398364816951471e-01,2.202715831614199260e-02
1.357954545454545610e+02,3.721733076473634583e+01,3.781676657312289080e+01,3.748517230977314796e+01,5.994358083865449771e-01,2.215211390191029750e-02
1.359204545454545610e+02,3.726534419413638233e+01,3.783489813371168964e+01,3.749242442435659939e+01,5.695539395753073109e-01,2.227387780536105311e-02
1.360454545454545610e+02,3.731355035256085273e+01,3.785295353268864460e+01,3.749969111016129375e+01,5.394031801277918703e-01,2.239242173753552834e-02
1.361704545454545610e+02,3.736194126738524801e+01,3.787093375027161812e+01,3.750697288267024021e+01,5.089924828863701123e-01,2.250772132741474252e-02
1.362954545454545610e+02,3.741050896746165932e+01,3.788883976182965796e+01,3.751427025038879037e+01,4.783307943679986352e-01,2.261975601273746861e-02
1.364204545454545610e+02,3.745924549142627313e+01,3.790667253750171994e+01,3.752158371452665619e+01,4.474270460754468104e-01,2.272850892560995817e-02
1.365454545454545610e+02,3.750814289561111536e+01,3.792443304182054931e+01,3.752891376869000339e+01,4.162901462094339422e-01,2.283396677408688902e-02
1.366704545454545610e+02,3.755719326156064142e+01,3.794212223334260159e+01,3.753626089858414616e+01,4.058613347584554276e-01,2.293611972041276204e-02
1.367954545454545610e+02,3.760638870315565185e+01,3.795974106428451478e+01,3.754362558172700659e+01,4.161154825575081873e-01,2.303496125648507586e-02
1.369204545454545610e+02,3.765572137334854830e+01,3.797729048016655895e+01,3.755100828717377226e+01,4.262821929927866904e-01,2.313048807773299131e-02
1.370454545454545610e+02,3.770518347051532970e+01,3.799477141946368164e+01,3.755840947525294382e+01,4.363619442107378177e-01,2.322269995553227773e-02
1.371704545454545610e+02,3.775476724443102228e+01,3.801218481326479548e+01,3.756582959731414917e+01,4.463552159506463113e-01,2.331159960917261742e-02
1.372954545454545610e+02,3.780446500187619563e+01,3.802953158494045738e+01,3.757326909548774552e+01,4.562624894527118613e-01,2.339719257761885274e-02
1.374204545454545610e+02,3.785426911188321242e+01,3.804681264981968525e+01,3.758072840245650781e+01,4.660842473631774396e-01,2.347948709179092930e-02
1.375454545454545610e+02,3.790417201063168307e+01,3.806402891487623208e+01,3.758820794123938214e+01,4.758209736368499421e-01,2.355849394764675253e-02
1.376704545454545610e+02,3.795416620600300917e+01,3.808118127842463707e+01,3.759570812498762393e+01,4.854731534370131385e-01,2.363422638057954828e-02
1.377954545454545610e+02,3.800424428180458847e+01,3.809827062982647305e+01,3.760322935679305090e+01,4.950412730334221578e-01,2.370669994136420655e-02
1.379204545454545610e+02,3.805439890167482986e+01,3.811529784920716679e+01,3.761077202950878018e+01,5.045258196983866128e-01,2.377593237417841010e-02
1.380454545454545610e+02,3.810462281267984963e+01,3.813226380718356268e+01,3.761833652558217977e+01,5.139272816013829015e-01,2.384194349659907175e-02
1.381704545454545610e+02,3.815490884861364407e+01,3.814916936460253538e+01,3.762592321690006258e+01,5.289856317135814834e-01,2.390475508229172874e-02
1.382954545454545610e+02,3.820524993301324912e+01,3.816601537229094987e+01,3.763353246464622259e+01,5.717174683670265267e-01,2.396439074619394205e-02
1.384204545454545610e+02,3.825563908190038376e+01,3.818280267081704693e+01,3.764116461917094369e+01,6.144744627294400630e-01,2.402087583256218295e-02
1.385454545454545610e+02,3.830606940626144308e+01,3.819953209026346030e+01,3.764882001987261617e+01,6.572493863888269061e-01,2.407423730604563161e-02
1.386704545454545610e+02,3.835653411427733772e+01,3.821620445001208566e+01,3.765649899509116949e+01,7.000351191861682310e-01,2.412450364568741179e-02
1.387954545454545610e+02,3.840702651331461936e+01,3.823282055854069483e+01,3.766420186201324327e+01,7.428246513013760932e-01,2.417170474233643063e-02
1.389204545454545610e+02,3.845754001168929648e+01,3.824938121323158668e+01,3.767192892658890457e+01,7.856110851003919038e-01,2.421587179910744680e-02
1.390454545454545610e+02,3.850806812021435377e+01,3.826588720019218215e+01,3.767968048345966992e+01,8.283876367546838537e-01,2.425703723523042754e-02
1.391704545454545610e+02,3.855860445354204558e+01,3.828233929408764880e+01,3.768745681589771834e+01,8.711476376443272329e-01,2.429523459320392931e-02
1.392954545454545610e+02,3.860914273131147212e+01,3.829873825798537013e+01,3.769525819575601133e+01,9.138845355554607863e-01,2.433049844938039996e-02
1.394204545454545610e+02,3.865967677911179834e+01,3.831508484321156516e+01,3.770308488342904951e+01,9.565918956827488273e-01,2.436286432772050148e-02
1.395454545454545610e+02,3.871020052927141819e+01,3.833137978921965328e+01,3.771093712782407437e+01,9.992634014473438242e-01,2.439236861707172466e-02
1.396704545454545610e+02,3.876070802148251460e+01,3.834762382347036436e+01,3.771881516634251597e+01,1.041892855139998630e+00,2.441904849166576241e-02
1.397954545454545610e+02,3.881119340327080636e+01,3.836381766132367943e+01,3.772671922487119645e+01,1.084474178399609912e+00,2.444294183494122308e-02
1.399204545454545610e+02,3.886165093031928564e+01,3.837996200594221818e+01,3.773464951778331056e+01,1.127001412535975078e+00,2.446408716646431003e-02
1.400454545454545610e+02,3.891207496665514753e+01,3.839605754820603778e+01,3.774260624794866459e+01,1.169468718706482946e+00,2.448252357225300102e-02
1.401704545454545610e+02,3.896245998470791250e+01,3.841210496663869378e+01,3.775058960675298891e+01,1.211870377954923583e+00,2.449829063808550700e-02
1.402954545454545610e+02,3.901280056524727513e+01,3.842810492734436423e+01,3.775859977412604707e+01,1.254200791121228065e+00,2.451142838583564298e-02
1.404204545454545610e+02,3.906309139720835333e+01,3.844405808395576685e+01,3.776663691857812921e+01,1.296454478630224116e+00,2.452197721294169241e-02
1.405454545454545610e+02,3.911332727741159943e+01,3.845996507759279837e+01,3.777470119724488029e+01,1.338626080166719134e+00,2.452997783463217729e-02
1.406704545454545610e+02,3.916350311018492647e+01,3.847582653683150511e+01,3.778279275593979492e+01,1.380710354245131555e+00,2.453547122918564583e-02
1.407954545454545610e+02,3.921361390689442317e+01,3.849164307768331383e+01,3.779091172921440034e+01,1.422702177680022828e+00,2.453849858570578135e-02
1.409204545454545610e+02,3.926365478539059950e+01,3.850741530358408937e+01,3.779905824042576512e+01,1.464596544964834379e+00,2.453910125480973647e-02
1.410454545454545610e+02,3.931362096937596817e+01,3.852314380539293381e+01,3.780723240181077927e+01,1.506388567565188907e+00,2.453732070180336677e-02
1.411704545454545610e+02,3.936350778770014358e+01,3.853882916140037196e+01,3.781543431456730531e+01,1.548073473132838274e+00,2.453319846237889124e-02
1.412954545454545610e+02,3.941331067358787266e+01,3.855447193734561040e+01,3.782366406894157507e+01,1.589646604646297590e+00,2.452677610074260883e-02
1.414204545454545610e+02,3.946302516380556824e+01,3.857007268644274944e+01,3.783192174432170418e+01,1.631103419483864059e+00,2.451809517019398754e-02
1.415454545454545610e+02,3.951264689777096351e+01,3.858563194941539365e+01,3.784020740933696914e+01,1.672439488433994370e+00,2.450719717574401102e-02
1.416704545454545610e+02,3.956217161661117387e+01,3.860115025453971072e+01,3.784852112196259100e+01,1.713650494648582878e+00,2.449412353916358143e-02
1.417954545454545610e+02,3.961159516217336574e+01,3.861662811769533477e+01,3.785686292962974164e+01,1.754732232543624093e+00,2.447891556597170393e-02
1.419204545454545610e+02,3.966091347599234496e+01,3.863206604242400033e+01,3.786523286934042432e+01,1.795680606651920641e+00,2.446161441450556140e-02
1.420454545454545610e+02,3.971012259821923607e+01,3.864746451999556598e+01,3.787363096778705085e+01,1.836491630432185218e+00,2.444226106685931654e-02
1.421704545454545610e+02,3.975921866651495407e+01,3.866282402948109365e+01,3.788205724147638165e+01,1.877161425038572418e+00,2.442089630186217164e-02
1.422954545454545610e+02,3.980819791491214232e+01,3.867814503783274915e+01,3.789051169685760811e+01,1.917686218054534208e+00,2.439756066952725178e-02
1.424204545454545610e+02,3.985705667264883090e+01,3.869342799997017579e+01,3.789899433045417254e+01,1.958062342194658356e+00,2.437229446751842943e-02
1.425454545454545610e+02,3.990579136297725427e+01,3.870867335887307803e+01,3.790750512899936098e+01,1.998286233977893289e+00,2.434513771909507795e-02
1.426704545454545610e+02,3.995439850195055698e+01,3.872388154567965302e+01,3.791604406957507223e+01,2.038354432375484748e+00,2.431613015259159738e-02
1.427954545454545610e+02,4.000287469719037148e+01,3.873905297979068507e+01,3.792461111975384824e+01,2.078263577436523235e+00,2.428531118246723963e-02
1.429204545454545610e+02,4.005121664663786873e+01,3.875418806897894797e+01,3.793320623774360456e+01,2.118010408894264174e+00,2.425271989175570297e-02
1.430454545454545610e+02,4.009942113729074720e+01,3.876928720950367335e+01,3.794182937253513188e+01,2.157591764755615316e+00,2.421839501583633592e-02
1.431704545454545610e+02,4.014748504392851913e+01,3.878435078622960930e+01,3.795048046405195663e+01,2.197004579876562502e+00,2.418237492751273976e-02
1.432954545454545610e+02,4.019540532782826858e+01,3.879937917275083947e+01,3.795915944330236158e+01,2.236245884525907002e+00,2.414469762334192637e-02
1.434204545454545610e+02,4.024317903547284203e+01,3.881437273151851741e+01,3.796786623253345994e+01,2.275312802939382095e+00,2.410540071115718774e-02
1.435454545454545610e+02,4.029080329725346132e+01,3.882933181397267930e+01,3.797660074538697472e+01,2.314202551866486601e+00,2.406452139864256878e-02
1.436704545454545610e+02,4.033827532616851386e+01,3.884425676067776578e+01,3.798536288705664532e+01,2.352912439111868537e+00,2.402209648298736511e-02
1.437954545454545610e+02,4.038559241652010456e+01,3.885914790146146203e+01,3.799415255444699824e+01,2.391439862073106326e+00,2.397816234152827519e-02
1.439204545454545610e+02,4.043275194261005367e+01,3.887400555555669968e+01,3.800296963633331160e+01,2.429782306276742077e+00,2.393275492345026123e-02
1.440454545454545610e+02,4.047975135743655528e+01,3.888883003174672126e+01,3.801181401352259570e+01,2.467937343913959580e+00,2.388590974224769070e-02
1.441704545454545610e+02,4.052658819139305990e+01,3.890362162851261019e+01,3.802068555901546176e+01,2.505902632377598138e+00,2.383766186908076179e-02
1.442954545454545610e+02,4.057326005097044685e+01,3.891838063418346394e+01,3.802958413816860883e+01,2.543675912801838024e+00,2.378804592702721266e-02
1.444204545454545610e+02,4.061976461746370859e+01,3.893310732708866340e+01,3.803850960885786492e+01,2.581255008605843670e+00,2.373709608605878429e-02
1.445454545454545610e+02,4.066609964568412749e+01,3.894780197571220981e+01,3.804746182164161894e+01,2.618637824042508555e+00,2.368484605860032843e-02
1.446704545454545610e+02,4.071226296267805367e+01,3.896246483884878131e+01,3.805644061992441607e+01,2.655822342753637599e+00,2.363132909602683185e-02
1.447954545454545610e+02,4.075825246645301547e+01,3.897709616576146630e+01,3.806544584012064547e+01,2.692806626332370001e+00,2.357657798557966089e-02
1.449204545454545610e+02,4.080406612471220029e+01,3.899169619634082551e+01,3.807447731181820672e+01,2.729588812893993577e+00,2.352062504805729759e-02
1.450454545454545610e+02,4.084970197359773891e+01,3.900626516126509102e+01,3.808353485794197013e+01,2.766167115655768782e+00,2.346350213598924483e-02
1.451704545454545610e+02,4.089515811644390197e+01,3.902080328216147365e+01,3.809261829491697426e+01,2.802539821526927710e+00,2.340524063229310059e-02
1.452954545454545610e+02,4.094043272254052113e+01,3.903531077176827324e+01,3.810172743283132490e+01,2.838705289709196222e+00,2.334587144967770200e-02
1.454204545454545610e+02,4.098552402590730992e+01,3.904978783409761434e+01,3.811086207559898043e+01,2.874661950308329494e+00,2.328542503019548349e-02
1.455454545454545610e+02,4.103043032407967416e+01,3.906423466459880700e+01,3.812002202112249449e+01,2.910408302957179671e+00,2.322393134551248295e-02
1.456704545454545610e+02,4.107514997690644520e+01,3.907865145032221221e+01,3.812920706145677485e+01,2.945942915449670352e+00,2.316141989741282714e-02
1.457954545454545610e+02,4.111968140535994110e+01,3.909303837008367566e+01,3.813841698297461846e+01,2.981264422385322632e+00,2.309791971890007289e-02
1.459204545454545610e+02,4.116402309035872520e+01,3.910739559462972892e+01,3.814765156653636069e+01,3.016371523822364509e+00,2.303345937539091892e-02
1.460454545454545610e+02,4.120817357160353822e+01,3.912172328680409805e+01,3.815691058766625332e+01,3.051262983937284901e+00,2.296806696654130064e-02
1.461704545454545610e+02,4.125213144642650320e+01,3.913602160171618038e+01,3.816619381673989864e+01,3.085937629686604566e+00,2.290177012809380130e-02
1.462954545454545610e+02,4.129589536865416477e+01,3.915029068691313796e+01,3.817550101918816807e+01,3.120394349465996697e+00,2.283459603440007868e-02
1.464204545454545610e+02,4.133946404748417081e+01,3.916453068255712822e+01,3.818483195572466116e+01,3.154632091759509649e+00,2.276657140080828867e-02
1.465454545454545610e+02,4.138283624637632130e+01,3.917874172161069879e+01,3.819418638260538756e+01,3.188649863770933734e+00,2.269772248659762681e-02
1.466704545454545610e+02,4.142601078195771436e+01,3.919292393003382102e+01,3.820356405193086857e+01,3.222446730026845785e+00,2.262807509805497830e-02
1.467954545454545610e+02,4.146898652294238019e+01,3.920707742699721621e+01,3.821296471200213318e+01,3.256021810940247008e+00,2.255765459174341458e-02
1.469204545454545610e+02,4.151176238906549543e+01,3.922120232511765892e+01,3.822238810774330631e+01,3.289374281322189120e+00,2.248648587804069621e-02
1.470454545454545610e+02,4.155433735003224172e+01,3.923529873072209995e+01,3.823183398120414722e+01,3.322503368828094494e+00,2.241459342481988415e-02
1.471704545454545610e+02,4.159671042448132994e+01,3.924936674414854565e+01,3.824130207215597466e+01,3.355408352325355281e+00,2.234200126126495434e-02
1.472954545454545610e+02,4.163888067896338896e+01,3.926340646009261093e+01,3.825079211879447172e+01,3.388088560168917240e+00,2.226873298201326179e-02
1.474204545454545610e+02,4.168084722693414079e+01,3.927741796800955854e+01,3.826030385856131488e+01,3.420543368372825910e+00,2.219481175120563421e-02
1.475454545454545610e+02,4.172260922776241898e+01,3.929140135258209199e+01,3.826983702909600993e+01,3.452772198666409054e+00,2.212026030682068267e-02
1.476704545454545610e+02,4.176416588575307998e+01,3.930535669426497947e+01,3.827939136932658215e+01,3.484774516426497826e+00,2.204510096514411543e-02
1.477954545454545610e+02,4.180551644918461562e+01,3.931928406991713132e+01,3.828896662070572177e+01,3.516549828478893858e+00,2.196935562517410290e-02
1.479204545454545610e+02,4.184666020936178654e+01,3.933318355353182483e+01,3.829856252859626409e+01,3.548097680765522455e+00,2.189304577339612479e-02
1.480454545454545610e+02,4.188759649968277188e+01,3.934705521707504516e+01,3.830817884380641658e+01,3.579417655876355298e+00,2.181619248835886538e-02
1.481704545454545610e+02,4.192832469472126888e+01,3.936089913144108721e+01,3.831781532427243064e+01,3.610509370448838240e+00,2.173881644557695836e-02
1.482954545454545610e+02,4.196884420932303783e+01,3.937471536753287182e+01,3.832747173688281350e+01,3.641372472440224328e+00,2.166093792224899062e-02
1.484204545454545610e+02,4.200915449771720489e+01,3.938850399747347097e+01,3.833714785943509185e+01,3.672006638282113045e+00,2.158257680227393394e-02
1.485454545454545610e+02,4.204925505264191088e+01,3.940226509595292725e+01,3.834684348271321142e+01,3.702411569928699464e+00,2.150375258119652244e-02
1.486704545454545610e+02,4.208914540448445507e+01,3.941599874171261320e+01,3.835655841267083588e+01,3.732586991813619193e+00,2.142448437118105176e-02
1.487954545454545610e+02,4.212882512043572802e+01,3.942970501916740744e+01,3.836629247270353460e+01,3.762532647732193425e+00,2.134479090606333784e-02
1.489204545454545610e+02,4.216829380365877000e+01,3.944338402016325063e+01,3.837604550599091624e+01,3.792248297667853763e+00,2.126469054644530843e-02
1.490454545454545610e+02,4.220755109247157577e+01,3.945703584586576085e+01,3.838581737788796744e+01,3.821733714583608332e+00,2.118420128476827813e-02
1.491704545454545610e+02,4.224659665954369814e+01,3.947066060877308757e+01,3.839560797834442241e+01,3.850988681199275732e+00,2.110334075044306701e-02
1.492954545454545610e+02,4.228543021110680655e+01,3.948425843484413633e+01,3.840541722432966765e+01,3.880012986777138906e+00,2.102212621495880285e-02
1.494204545454545610e+02,4.232405148617894497e+01,3.949782946573135689e+01,3.841524506224126156e+01,3.908806423937683405e+00,2.094057459705567226e-02
1.495454545454545610e+02,4.236246025580240371e+01,3.951137386110517724e+01,3.842509147027500660e+01,3.937368785527397108e+00,2.085870246781951209e-02
1.496704545454545610e+02,4.240065632229502057e+01,3.952489180105618516e+01,3.843495646073549210e+01,3.965699861559528472e+00,2.077652605586877144e-02
1.497954545454545610e+02,4.243863951851487570e+01,3.953838348855906304e+01,3.844484008226697824e+01,3.993799436247897461e+00,2.069406125242778671e-02
1.499204545454545610e+02,4.247640970713814568e+01,3.955184915198189799e+01,3.845474242198598347e+01,4.021667285152162208e+00,2.061132361656348166e-02
1.500454545454545610e+02,4.251396677995003159e+01,3.956528904762333099e+01,3.846466360749846558e+01,4.049303172451566013e+00,2.052832838018758821e-02
1.501704545454545610e+02,4.255131065714866168e+01,3.957870346225971048e+01,3.847460380878624164e+01,4.076706848362420033e+00,2.044509045327913555e-02
1.502954545454545610e+02,4.258844128666176232e+01,3.959209271568403921e+01,3.848456323994960115e+01,4.103878046712161165e+00,2.036162442889377644e-02
1.504204545454545610e+02,4.262535864347599812e+01,3.960545716321882281e+01,3.849454216079455193e+01,4.130816482681446189e+00,2.027794458827969493e-02
1.505454545454545610e+02,4.266206272897889562e+01,3.961879719818494294e+01,3.850454087825579563e+01,4.157521850723099988e+00,2.019406490600772486e-02
1.506704545454545610e+02,4.269855357031310916e+01,3.963211325430949472e+01,3.851455974764820667e+01,4.183993822664902495e+00,2.010999905488120021e-02
1.507954545454545610e+02,4.273483121974305732e+01,3.964540580805607561e+01,3.852459917374181941e+01,4.210232046001237904e+00,2.002576041109449534e-02
1.509204545454545610e+02,4.277089575403359589e+01,3.965867538086215660e+01,3.853465961165733233e+01,4.236236142376263558e+00,1.994136205916419158e-02
1.510454545454545610e+02,4.280674727384086964e+01,3.967192254126897666e+01,3.854474156758070791e+01,4.262005706260161730e+00,1.985681679695971980e-02
1.511704545454545610e+02,4.284238590311495898e+01,3.968514790693101446e+01,3.855484559929770683e+01,4.287540303817252152e+00,1.977213714062742156e-02
1.512954545454545610e+02,4.287781178851435726e+01,3.969835214649293675e+01,3.856497231655025359e+01,4.312839471964103666e+00,1.968733532954303200e-02
1.514204545454545610e+02,4.291302509883219329e+01,3.971153598132379869e+01,3.857512238121833548e+01,4.337902717613857817e+00,1.960242333124995184e-02
1.515454545454545610e+02,4.294802602443391493e+01,3.972470018709930173e+01,3.858529650733234462e+01,4.362729517101570309e+00,1.951741284636909768e-02
1.516704545454545610e+02,4.298281477670654027e+01,3.973784559522457727e+01,3.859549546092186745e+01,4.387319315784672824e+00,1.943231531341638174e-02
1.517954545454545610e+02,4.301739158751917103e+01,3.975097309409149915e+01,3.860572005970801968e+01,4.411671527811151350e+00,1.934714191367703506e-02
1.519204545454545610e+02,4.305175670869478211e+01,3.976408363016558667e+01,3.861597117264699364e+01,4.435785536047788469e+00,1.926190357600177094e-02
1.520454545454545610e+02,4.308591041149320944e+01,3.977717820889961331e+01,3.862624971933360030e+01,4.459660692159609141e+00,1.917661098169531897e-02
1.521704545454545610e+02,4.311985298610515827e+01,3.979025789547154091e+01,3.863655666927353138e+01,4.483296316831626882e+00,1.909127456915626908e-02
1.522954545454545610e+02,4.315358474115708987e+01,3.980332381534651631e+01,3.864689304103422529e+01,4.506691700122864574e+00,1.900590453872297303e-02
1.524204545454545610e+02,4.318710600322705773e+01,3.981637715466331429e+01,3.865725990128354539e+01,4.529846101943512338e+00,1.892051085732759930e-02
1.525454545454545610e+02,4.322041711637132266e+01,3.982941916044688924e+01,3.866765836372653808e+01,4.552758752644784579e+00,1.883510326322834771e-02
1.526704545454545610e+02,4.325351844166148396e+01,3.984245114064981408e+01,3.867808958794991270e+01,4.575428853711571264e+00,1.874969127064218810e-02
1.527954545454545610e+02,4.328641035673234683e+01,3.985547446402622995e+01,3.868855477818416944e+01,4.597855578548177391e+00,1.866428417436338805e-02
1.529204545454545610e+02,4.331909325534022770e+01,3.986849055984269796e+01,3.869905518199308858e+01,4.620038073347139118e+00,1.857889105446730582e-02
1.530454545454545610e+02,4.335156754693154824e+01,3.988150091743128201e+01,3.870959208889989611e+01,4.641975458031652124e+00,1.849352078068733363e-02
1.531704545454545610e+02,4.338383365622188137e+01,3.989450708559048309e+01,3.872016682895936412e+01,4.663666827262517245e+00,1.840818201711869051e-02
1.532954545454545610e+02,4.341589202278505155e+01,3.990751067184046974e+01,3.873078077128454311e+01,4.685111251500508445e+00,1.832288322665220903e-02
1.534204545454545610e+02,4.344774310065250233e+01,3.992051334153924813e+01,3.874143532253653177e+01,4.706307778115970564e+00,1.823763267540812194e-02
1.535454545454545610e+02,4.347938735792248366e+01,3.993351681686697674e+01,3.875213192538514306e+01,4.727255432537340596e+00,1.815243843724800854e-02
1.536704545454545610e+02,4.351082527637927910e+01,3.994652287568538895e+01,3.876287205694795546e+01,4.747953219431323646e+00,1.806730839801673483e-02
1.537954545454545610e+02,4.354205735112222442e+01,3.995953335028011111e+01,3.877365722721459917e+01,4.768400123907625243e+00,1.798225026006861071e-02
1.539204545454545610e+02,4.357308409020441786e+01,3.997255012599309509e+01,3.878448897746274326e+01,4.788595112741674598e+00,1.789727154640274875e-02
1.540454545454545610e+02,4.360390601428094470e+01,3.998557513975283939e+01,3.879536887867157446e+01,4.808537135609370239e+00,1.781237960498316397e-02
1.541704545454545610e+02,4.363452365626680773e+01,3.999861037850966028e+01,3.880629852993814666e+01,4.828225126328661077e+00,1.772758161295939772e-02
1.542954545454545610e+02,4.366493756100395274e+01,4.001165787758353076e+01,3.881727955690155341e+01,4.847658004102399332e+00,1.764288458080898181e-02
1.544204545454545610e+02,4.369514828493778680e+01,4.002471971893156422e+01,3.882831361017898075e+01,4.866834674758806045e+00,1.755829535643727013e-02
1.545454545454545610e+02,4.372515639580269209e+01,4.003779802934202081e+01,3.883940236381785382e+01,4.885754031984838264e+00,1.747382062916358336e-02
1.546704545454545610e+02,4.375496247231664171e+01,4.005089497856199898e+01,3.885054751376704729e+01,4.904414958549594417e+00,1.738946693385656772e-02
1.547954545454545610e+02,4.378456710388463335e+01,4.006401277736483735e+01,3.886175077637048503e+01,4.922816327514148327e+00,1.730524065473559858e-02
1.549204545454545610e+02,4.381397089031091951e+01,4.007715367556392749e+01,3.887301388688535297e+01,4.940957003425566540e+00,1.722114802934271438e-02
1.550454545454545610e+02,4.384317444151982102e+01,4.009031995997872855e+01,3.888433859802727710e+01,4.958835843492543916e+00,1.713719515223033341e-02
1.551704545454545610e+02,4.387217837728509551e+01,4.010351395235886685e+01,3.889572667854404386e+01,4.976451698741051644e+00,1.705338797889055513e-02
1.552954545454545610e+02,4.390098332696746297e+01,4.011673800727164974e+01,3.890717991181941215e+01,4.993803415148050817e+00,1.696973232923681962e-02
1.554204545454545610e+02,4.392958992926055117e+01,4.012999450995830841e+01,3.891870009450808254e+01,5.010889834752468630e+00,1.688623389139820574e-02
1.554545454545454675e+02,4.393737683451078624e+01,4.013361233383542981e+01,3.892184694272368972e+01,5.015529891787096517e+00,1.686347999221027294e-02
1.555795454545454675e+02,4.396573189252696778e+01,4.014691339412566862e+01,3.893345477509144104e+01,5.032277117435526748e+00,1.678018426712668543e-02
1.557045454545454675e+02,4.399389007705207177e+01,4.016025241987187400e+01,3.894513367967843465e+01,5.048756397373637128e+00,1.669706187500707983e-02
1.558295454545454675e+02,4.402185206133019335e+01,4.017363188325607837e+01,3.895688548836857734e+01,5.064966572961616009e+00,1.661411540199253523e-02
1.559545454545454675e+02,4.404961852337294914e+01,4.018705427689398135e+01,3.896871204042889758e+01,5.080906482944051561e+00,1.653134928812249882e-02
1.560795454545454675e+02,4.407719014813998371e+01,4.020052211205759107e+01,3.898061518154352711e+01,5.096574966596456591e+00,1.644876839451825390e-02
1.562045454545454675e+02,4.410456762806926179e+01,4.021403791663104244e+01,3.899259676274743924e+01,5.111970865321822544e+00,1.636637761417603087e-02
1.563295454545454675e+02,4.413175166312208120e+01,4.022760423295403598e+01,3.900465863933754207e+01,5.127093023784539128e+00,1.628418176915857885e-02
1.564545454545454675e+02,4.415874296068223970e+01,4.024122361561771299e+01,3.901680266979142431e+01,5.141940290890815390e+00,1.620218558537800391e-02
1.565795454545454675e+02,4.418554223541053716e+01,4.025489862923991780e+01,3.902903071470461072e+01,5.156511520705926443e+00,1.612039368860962441e-02
1.567045454545454675e+02,4.421215020908614690e+01,4.026863184623195480e+01,3.904134463574996516e+01,5.170805573336181737e+00,1.603881060550804705e-02
1.568295454545454675e+02,4.423856761044584118e+01,4.028242584456191366e+01,3.905374629465924841e+01,5.184821315786592777e+00,1.595744076633565101e-02
1.569545454545454675e+02,4.426479517502452410e+01,4.029628320551546494e+01,3.906623755222592820e+01,5.198557622798595901e+00,1.587628850745659292e-02
1.570795454545454675e+02,4.429083364499926745e+01,4.031020651145362876e+01,3.907882026732686143e+01,5.212013377672406023e+00,1.579535807415766158e-02
1.572045454545454675e+02,4.431668376903737538e+01,4.032419834356439736e+01,3.909149629595998476e+01,5.225187473077390621e+00,1.571465362325596971e-02
1.573295454545454675e+02,4.434234630214875494e+01,4.033826127960396946e+01,3.910426749029457483e+01,5.238078811854180117e+00,1.563417922545795591e-02
1.574545454545454675e+02,4.436782200554316091e+01,4.035239789162180557e+01,3.911713569772981458e+01,5.250686307813346332e+00,1.555393886786760049e-02
1.575795454545454675e+02,4.439311164649197394e+01,4.036661074366251967e+01,3.913010275995654297e+01,5.263008886535430975e+00,1.547393645628858394e-02
1.577045454545454675e+02,4.441821599819459720e+01,4.038090238943622978e+01,3.914317051201684450e+01,5.275045486177752707e+00,1.539417581740565311e-02
1.578295454545454675e+02,4.444313583964951420e+01,4.039527536994891932e+01,3.915634078135489204e+01,5.286795058294622152e+00,1.531466070094467113e-02
1.579545454545454675e+02,4.446787195552965954e+01,4.040973221108286140e+01,3.916961538685204403e+01,5.298256568677615519e+00,1.523539478178292939e-02
1.580795454545454675e+02,4.449242513606217386e+01,4.042427542111856553e+01,3.918299613783843682e+01,5.309428998223737040e+00,1.515638166184629654e-02
1.582045454545454675e+02,4.451679617691226554e+01,4.043890748818881065e+01,3.919648483307285147e+01,5.320311343839414064e+00,1.507762487209163282e-02
1.583295454545454675e+02,4.454098587907109419e+01,4.045363087765737475e+01,3.921008325968217889e+01,5.330902619388915298e+00,1.499912787433288486e-02
1.584545454545454675e+02,4.456499504874742712e+01,4.046844802941584618e+01,3.922379319205152370e+01,5.341201856695903416e+00,1.492089406298902077e-02
1.585795454545454675e+02,4.458882449726303321e+01,4.048336135509416778e+01,3.923761639065611462e+01,5.351208106606918591e+00,1.484292676678933276e-02
1.587045454545454675e+02,4.461247504095149452e+01,4.049837323518275412e+01,3.925155460082630299e+01,5.360920440125191533e+00,1.476522925037926370e-02
1.588295454545454675e+02,4.463594750106042852e+01,4.051348601606629529e+01,3.926560955143736464e+01,5.370337949623063878e+00,1.468780471587649572e-02
1.589545454545454675e+02,4.465924270365671589e+01,4.052870200697273617e+01,3.927978295351672955e+01,5.379459750139986340e+00,1.461065630433466822e-02
1.590795454545454675e+02,4.468236147953498971e+01,4.054402347684316510e+01,3.929407649876200992e+01,5.388284980772979793e+00,1.453378709723551765e-02
1.592045454545454675e+02,4.470530466412868975e+01,4.055945265113172127e+01,3.930849185796483880e+01,5.396812806163850951e+00,1.445720011776785441e-02
1.593295454545454675e+02,4.472807309742393045e+01,4.057499170854701021e+01,3.932303067933635532e+01,5.405042418087575129e+00,1.438089833213496149e-02
1.594545454545454675e+02,4.475066762387587005e+01,4.059064277774942298e+01,3.933769458673258157e+01,5.412973037143288479e+00,1.430488465078383342e-02
1.595795454545454675e+02,4.477308909232743872e+01,4.060640793402080817e+01,3.935248517777897348e+01,5.420603914548465241e+00,1.422916192959178261e-02
1.597045454545454675e+02,4.479533835593021251e+01,4.062228919592514842e+01,3.936740402189599308e+01,5.427934334034219432e+00,1.415373297096778060e-02
1.598295454545454675e+02,4.481741627206740475e+01,4.063828852197994479e+01,3.938245265822879304e+01,5.434963613838611707e+00,1.407860052486853419e-02
1.599545454545454675e+02,4.483932370227872610e+01,4.065440780736002324e+01,3.939763259348666224e+01,5.441691108792063858e+00,1.400376728984298325e-02
1.600795454545454675e+02,4.486106151218707794e+01,4.067064888065500838e+01,3.941294529969920291e+01,5.448116212487875032e+00,1.392923591395600624e-02
1.602045454545454675e+02,4.488263057142673063e+01,4.068701350070293188e+01,3.942839221189841936e+01,5.454238359528311264e+00,1.385500899566238786e-02
1.603295454545454675e+02,4.490403175357303667e+01,4.070350335352171101e+01,3.944397472573722041e+01,5.460057027835816257e+00,1.378108908464525939e-02
1.604545454545454675e+02,4.492526593607355068e+01,4.072012004935956497e+01,3.945969419505642151e+01,5.465571741017129170e+00,1.370747868261190661e-02
1.605795454545454675e+02,4.494633400018020097e+01,4.073686511988490366e+01,3.947555192941353397e+01,5.470782070766667005e+00,1.363418024402562878e-02
1.607045454545454675e+02,4.496723683088261936e+01,4.075374001553417003e+01,3.949154919158783628e+01,5.475687639294783082e+00,1.356119617675233258e-02
1.608295454545454675e+02,4.498797531684242301e+01,4.077074610303529312e+01,3.950768719507665594e+01,5.480288121765767073e+00,1.348852884278528563e-02
1.609545454545454675e+02,4.500855035032816431e+01,4.078788466312200001e+01,3.952396710159860049e+01,5.484583248729563820e+00,1.341618055873539106e-02
1.610795454545454675e+02,4.502896282715110488e+01,4.080515688845233058e+01,3.954039001861984559e+01,5.488572808531259284e+00,1.334415359646357047e-02
1.612045454545454675e+02,4.504921364660143013e+01,4.082256388174295125e+01,3.955695699691921874e+01,5.492256649682211389e+00,1.327245018349998418e-02
1.613295454545454675e+02,4.506930371138485469e+01,4.084010665412805707e+01,3.957366902820817955e+01,5.495634683176675139e+00,1.320107250356983286e-02
1.614545454545454675e+02,4.508923392755967541e+01,4.085778612374986807e+01,3.959052704282085244e+01,5.498706884738822964e+00,1.313002269695573432e-02
1.615795454545454675e+02,4.510900520447378881e+01,4.087560311458534557e+01,3.960753190748913255e+01,5.501473296984656258e+00,1.305930286090983827e-02
1.617045454545454675e+02,4.512861845470187916e+01,4.089355835551171481e+01,3.962468442321685558e+01,5.503934031485023581e+00,1.298891504993804347e-02
1.618295454545454675e+02,4.514807459398254963e+01,4.091165247961106388e+01,3.964198532326589941e+01,5.506089270716650219e+00,1.291886127611263646e-02
1.619545454545454675e+02,4.516737454115514083e+01,4.092988602371275420e+01,3.965943527126664492e+01,5.507939269888495915e+00,1.284914350931387617e-02
1.620795454545454675e+02,4.518651921809636463e+01,4.094825942817008269e+01,3.967703485946329067e+01,5.509484358633073953e+00,1.277976367742184038e-02
1.622045454545454675e+02,4.520550954965641210e+01,4.096677303686657012e+01,3.969478460710378442e+01,5.510724942552627681e+00,1.282293405449053125e-02
1.623295454545454675e+02,4.522434646359464239e+01,4.098542709744509693e+01,3.971268495898262074e+01,5.511661504612021645e+00,1.307773501220310663e-02
1.624545454545454675e+02,4.524303089051447557e+01,4.100422176175250399e+01,3.973073628414357472e+01,5.512294606370900851e+00,1.333326404524370901e-02
1.625795454545454675e+02,4.526156376379763913e+01,4.102315708649044268e+01,3.974893887474762266e+01,5.512624889050016463e+00,1.358939629142241756e-02
1.627045454545454675e+02,4.527994601953747633e+01,4.104223303406306655e+01,3.976729294511081036e+01,5.512653074426665967e+00,1.384600683139325383e-02
1.628295454545454675e+02,4.529817859647131684e+01,4.106144947361055131e+01,3.978579863091449909e+01,5.512379965556817751e+00,1.410297095721801952e-02
1.629545454545454675e+02,4.531626243591176006e+01,4.108080618221756453e+01,3.980445598859004264e+01,5.511806447321717428e+00,1.436016443192755787e-02
1.630795454545454675e+02,4.533419848167675070e+01,4.110030284628485475e+01,3.982326499487795957e+01,5.510933486798791137e+00,1.461746373899330820e-02
1.632045454545454675e+02,4.535198768001841785e+01,4.111993906305200852e+01,3.984222554656123805e+01,5.509762133457179800e+00,1.487474632045149292e-02
1.633295454545454675e+02,4.536963097955052859e+01,4.113971434225922508e+01,3.986133746037072001e+01,5.508293519179808584e+00,1.513189080309018664e-02
1.634545454545454675e+02,4.538712933117444948e+01,4.115962810793593007e+01,3.988060047305967970e+01,5.506528858114769776e+00,1.538877721200293536e-02
1.635795454545454675e+02,4.540448368800367973e+01,4.117967970030403535e+01,3.990001424164426425e+01,5.504469446359415485e+00,1.564528717104707312e-02
1.637045454545454675e+02,4.542169500528653714e+01,4.119986837778400002e+01,3.991957834380471581e+01,5.502116661481821325e+00,1.590130408988699173e-02
1.638295454545454675e+02,4.543876424032744410e+01,4.122019331909167050e+01,3.993929227844245844e+01,5.499471961884985660e+00,1.615671333723156522e-02
1.639545454545454675e+02,4.545569235240613892e+01,4.124065362541478663e+01,3.995915546638701699e+01,5.496536886019121937e+00,1.641140240045046994e-02
1.640795454545454675e+02,4.547248030269526708e+01,4.126124832265796982e+01,3.997916725124613180e+01,5.493313051449135287e+00,1.666526103156229510e-02
1.642045454545454675e+02,4.548912905417591190e+01,4.128197636374559920e+01,3.999932690039231886e+01,5.489802153783593042e+00,1.691818137945233502e-02
1.643295454545454675e+02,4.550563957155138439e+01,4.130283663097245039e+01,4.001963360607843612e+01,5.486005965472948276e+00,1.717005810888139195e-02
1.644545454545454675e+02,4.552201282115875358e+01,4.132382793839252599e+01,4.004008648667452519e+01,5.481926334484228391e+00,1.742078850644190879e-02
1.645795454545454675e+02,4.553824977087852233e+01,4.134494903423698275e+01,4.006068458801827603e+01,5.477565182860246296e+00,1.767027257378828153e-02
1.647045454545454675e+02,4.555435139004221412e+01,4.136619860335243715e+01,4.008142688487088634e+01,5.472924505171327780e+00,1.791841310857478220e-02
1.648295454545454675e+02,4.557031864933772169e+01,4.138757526965204647e+01,4.010231228247030089e+01,5.468006366867420809e+00,1.816511577364110508e-02
1.649545454545454675e+02,4.558615252071271584e+01,4.140907759857152826e+01,4.012333961817373051e+01,5.462812902538985327e+00,1.841028915491449425e-02
1.650795454545454675e+02,4.560185397727581602e+01,4.143070409952339617e+01,4.014450766318124408e+01,5.457346314094571937e+00,1.865384480845477810e-02
1.652045454545454675e+02,4.561742399319557251e+01,4.145245322834320234e+01,4.016581512433261025e+01,5.451608868862962254e+00,1.889569729735285364e-02
1.653295454545454675e+02,4.563286354359752295e+01,4.147432338972170385e+01,4.018726064596918945e+01,5.445602897628333494e+00,1.913576421893736779e-02
1.654545454545454675e+02,4.564817360445884731e+01,4.149631293961794398e+01,4.020884281185350062e+01,5.439330792605346687e+00,1.937396622294329518e-02
1.655795454545454675e+02,4.566335515250114696e+01,4.151842018764818221e+01,4.023056014713865380e+01,5.432795005362493157e+00,1.961022702102610538e-02
1.657045454545454675e+02,4.567840916508097848e+01,4.154064339944660134e+01,4.025241112038047220e+01,5.425998044700506284e+00,1.984447338857364684e-02
1.658295454545454675e+02,4.569333662007845476e+01,4.156298079899374898e+01,4.027439414558533315e+01,5.418942474493121608e+00,2.007663515884416938e-02
1.659545454545454675e+02,4.570813849578374288e+01,4.158543057090935946e+01,4.029650758428675061e+01,5.411630911496992269e+00,2.030664521057445882e-02
1.660795454545454675e+02,4.572281577078165071e+01,4.160799086270650093e+01,4.031874974764443209e+01,5.404066023137218622e+00,2.053443944905808394e-02
1.662045454545454675e+02,4.573736942383433757e+01,4.163065978700445413e+01,4.034111889855958566e+01,5.396250525274751908e+00,2.075995678155351243e-02
1.663295454545454675e+02,4.575180043376204253e+01,4.165343542369798513e+01,4.036361325380042331e+01,5.388187179961619222e+00,2.098313908744842138e-02
1.664545454545454675e+02,4.576610977932221402e+01,4.167631582208111496e+01,4.038623098613268780e+01,5.379878793189526220e+00,2.120393118367047691e-02
1.665795454545454675e+02,4.578029843908674934e+01,4.169929900292369496e+01,4.040897022644968217e+01,5.371328212637067168e+00,2.142228078562169458e-02
1.667045454545454675e+02,4.579436739131776335e+01,4.172238296049950890e+01,4.043182906589700565e+01,5.362538325420757701e+00,2.163813846446771549e-02
1.668295454545454675e+02,4.580831761384172296e+01,4.174556566456479345e+01,4.045480555798751965e+01,5.353512055854203311e+00,2.185145760078910371e-02
1.669545454545454675e+02,4.582215008392209654e+01,4.176884506228628879e+01,4.047789772070208159e+01,5.344252363220014956e+00,2.206219433529810203e-02
1.670795454545454675e+02,4.583586577813079543e+01,4.179221908011836462e+01,4.050110353857242274e+01,5.334762239558372698e+00,2.227030751679848208e-02
1.672045454545454675e+02,4.584946567221817304e+01,4.181568562562861047e+01,4.052442096474219113e+01,5.325044707475981909e+00,2.247575864789297384e-02
1.673295454545454675e+02,4.586295074098204338e+01,4.183924258927176254e+01,4.054784792300316099e+01,5.315102817978882399e+00,2.267851182853775072e-02
1.674545454545454675e+02,4.587632195813554148e+01,4.186288784611197400e+01,4.057138230980324778e+01,5.304939648332293700e+00,2.287853369813319659e-02
1.675795454545454675e+02,4.588958029617406709e+01,4.188661925749345016e+01,4.059502199622394158e+01,5.294558299950125502e+00,2.307579337603726799e-02
1.677045454545454675e+02,4.590272672624151795e+01,4.191043467265961198e+01,4.061876482992428095e+01,5.283961896317237006e+00,2.327026240097751497e-02
1.678295454545454675e+02,4.591576221799564905e+01,4.193433193032127093e+01,4.064260863704947724e+01,5.273153580946171815e+00,2.346191466958913452e-02
1.679545454545454675e+02,4.592868773947304817e+01,4.195830886017418493e+01,4.066655122410193712e+01,5.262136515371111045e+00,2.365072637431353542e-02
1.680795454545454675e+02,4.594150425695352169e+01,4.198236328436652798e+01,4.069059037977318383e+01,5.250913877180337863e+00,2.383667594078531238e-02
1.682045454545454675e+02,4.595421273482423175e+01,4.200649301891694876e+01,4.071472387673492221e+01,5.239488858089309531e+00,2.401974396497763564e-02
1.683295454545454675e+02,4.596681413544357042e+01,4.203069587508396410e+01,4.073894947338811079e+01,5.227864662055459632e+00,2.419991315028369172e-02
1.684545454545454675e+02,4.597930941900504109e+01,4.205496966068720610e+01,4.076326491556886111e+01,5.216044503436179980e+00,2.437716824462654586e-02
1.685795454545454675e+02,4.599169954340105448e+01,4.207931218138168816e+01,4.078766793821020542e+01,5.204031605190849064e+00,2.455149597783901072e-02
1.687045454545454675e+02,4.600398546408710843e+01,4.210372124188560861e+01,4.081215626695911425e+01,5.191829197127994178e+00,2.472288499929220507e-02
1.688295454545454675e+02,4.601616813394603867e+01,4.212819464716288564e+01,4.083672761974797538e+01,5.179440514198063283e+00,2.489132581612807371e-02
1.689545454545454675e+02,4.602824850315290206e+01,4.215273020356103473e+01,4.086137970832029964e+01,5.166868794832602418e+00,2.505681073195376030e-02
1.690795454545454675e+02,4.604022751904027899e+01,4.217732571990561041e+01,4.088611023971027691e+01,5.154117279330002077e+00,2.521933378625362820e-02
1.692045454545454675e+02,4.605210612596438580e+01,4.220197900855198014e+01,4.091091691767608296e+01,5.141189208288302837e+00,2.537889069449050794e-02
1.693295454545454675e+02,4.606388526517179827e+01,4.222668788639553838e+01,4.093579744408670962e+01,5.128087821085088649e+00,2.553547878918038805e-02
1.694545454545454675e+02,4.607556587466729781e+01,4.225145017584119245e+01,4.096074952026278027e+01,5.114816354404517540e+00,2.568909696166343792e-02
1.695795454545454675e+02,4.608714888908266971e+01,4.227626370573329950e+01,4.098577084827113026e+01,5.101378040811539449e+00,2.583974560494084471e-02
1.697045454545454675e+02,4.609863523954662412e+01,4.230112631224687902e+01,4.101085913217363554e+01,5.087776107372988577e+00,2.598742655750641006e-02
1.698295454545454675e+02,4.611002585355608119e+01,4.232603583974115935e+01,4.103601207923070149e+01,5.074013774325379700e+00,2.613214304815159039e-02
1.699545454545454675e+02,4.612132165484870683e+01,4.235099014157644604e+01,4.106122740105973890e+01,5.060094253788967933e+00,2.627389964192161642e-02
1.700795454545454675e+02,4.613252356327709691e+01,4.237598708089525701e+01,4.108650281474911736e+01,5.046020748527979549e+00,2.641270218713742679e-02
1.702045454545454675e+02,4.614363249468441808e+01,4.240102453136873351e+01,4.111183604392830659e+01,5.031796450756111483e+00,2.654855776351183749e-02
1.703295454545454675e+02,4.615464936078177516e+01,4.242610037790921496e+01,4.113722481979471723e+01,5.017424540987057924e+00,2.668147463148073939e-02
1.704545454545454675e+02,4.616557506902748287e+01,4.245121251735001522e+01,4.116266688209802993e+01,5.002908186929452938e+00,2.681146218262142611e-02
1.705795454545454675e+02,4.617641052250799305e+01,4.247635885909319597e+01,4.118815998008260237e+01,4.988250542425390677e+00,2.693853089130016087e-02
1.707045454545454675e+02,4.618715661982102461e+01,4.250153732572645993e+01,4.121370187338879276e+01,4.973454746432231843e+00,2.706269226749213885e-02
1.708295454545454675e+02,4.619781425496061900e+01,4.252674585360980331e+01,4.123929033291409496e+01,4.958523922046524035e+00,2.718395881068147446e-02
1.709545454545454675e+02,4.620838431720437711e+01,4.255198239343306454e+01,4.126492314163472486e+01,4.943461175569652255e+00,2.730234396511832529e-02
1.710795454545454675e+02,4.621886769100291303e+01,4.257724491074502993e+01,4.129059809538860293e+01,4.928269595614310106e+00,2.741786207608498671e-02
1.712045454545454675e+02,4.622926525587156732e+01,4.260253138645507676e+01,4.131631300362067805e+01,4.912952252250889273e+00,2.753052834737701460e-02
1.713295454545454675e+02,4.623957788628456456e+01,4.262783981730814276e+01,4.134206569009131726e+01,4.897512196193247291e+00,2.764035880004200862e-02
1.714545454545454675e+02,4.624980645157149439e+01,4.265316821633388145e+01,4.136785399354876347e+01,4.881952458022730923e+00,2.774737023213447173e-02
1.715795454545454675e+02,4.625995181581635052e+01,4.267851461327062168e+01,4.139367576836666274e+01,4.866276047449687780e+00,2.785158017967148680e-02
1.717045454545454675e+02,4.627001483775906365e+01,4.270387705496521846e+01,4.141952888514725828e+01,4.850485952611805374e+00,2.795300687872526169e-02
1.718295454545454675e+02,4.627999637069970618e+01,4.272925360574932085e+01,4.144541123129159388e+01,4.834585139408112298e+00,2.805166922862412093e-02
1.719545454545454675e+02,4.628989726240521208e+01,4.275464234779273909e+01,4.147132071153730237e+01,4.818576550867909702e+00,2.814758675620510076e-02
1.720795454545454675e+02,4.629971835501894617e+01,4.278004138143501933e+01,4.149725524846506630e+01,4.802463106553879868e+00,2.824077958123183407e-02
1.722045454545454675e+02,4.630946048497284551e+01,4.280544882549539665e+01,4.152321278297459628e+01,4.786247701998249227e+00,2.833126838277877368e-02
1.723295454545454675e+02,4.631912448290245976e+01,4.283086281756231983e+01,4.154919127473115736e+01,4.769933208171302397e+00,2.841907436672386211e-02
1.724545454545454675e+02,4.632871117356462776e+01,4.285628151426288923e+01,4.157518870258330423e+01,4.753522470981323522e+00,2.850421923429991011e-02
1.725795454545454675e+02,4.633822137575818090e+01,4.288170309151293225e+01,4.160120306495299758e+01,4.737018310805183319e+00,2.858672515148441562e-02
1.727045454545454675e+02,4.634765590224728271e+01,4.290712574474852659e+01,4.162723238019889038e+01,4.720423522048392329e+00,2.866661471958309448e-02
1.728295454545454675e+02,4.635701555968778820e+01,4.293254768913935493e+01,4.165327468695338808e+01,4.703740872734400114e+00,2.874391094669448421e-02
1.729545454545454675e+02,4.636630114855638141e+01,4.295796715978461577e+01,4.167932804443488948e+01,4.686973104121491929e+00,2.881863722001298811e-02
1.730795454545454675e+02,4.637551346308271860e+01,4.298338241189216546e+01,4.170539053273551389e+01,4.670122930347204715e+00,2.889081727927589327e-02
1.732045454545454675e+02,4.638465329118429281e+01,4.300879172094127512e+01,4.173146025308551543e+01,4.653193038098777379e+00,2.896047519092803668e-02
1.733295454545454675e+02,4.639372141440441055e+01,4.303419338282965612e+01,4.175753532809495994e+01,4.636186086309450616e+00,2.902763532323149320e-02
1.734545454545454675e+02,4.640271860785296099e+01,4.305958571400540080e+01,4.178361390197372316e+01,4.619104705879237827e+00,2.909232232224212567e-02
1.735795454545454675e+02,4.641164564015010541e+01,4.308496705158420070e+01,4.180969414073024382e+01,4.601951499419861591e+00,2.915456108867431340e-02
1.737045454545454675e+02,4.642050327337284443e+01,4.311033575345247471e+01,4.183577423235022508e+01,4.584729041022619356e+00,2.921437675551175062e-02
1.738295454545454675e+02,4.642929226300458367e+01,4.313569019835680507e+01,4.186185238695570376e+01,4.567439876048879910e+00,2.927179466639273642e-02
1.739545454545454675e+02,4.643801335788743501e+01,4.316102878598030657e+01,4.188792683694538255e+01,4.550086520942052459e+00,2.932684035489074859e-02
1.740795454545454675e+02,4.644666730017753764e+01,4.318634993700632663e+01,4.191399583711714172e+01,4.532671463060395922e+00,2.937953952451977102e-02
1.742045454545454675e+02,4.645525482530310768e+01,4.321165209316988864e+01,4.194005766477355479e+01,4.515197160529552889e+00,2.942991802933647705e-02
1.743295454545454675e+02,4.646377666192539380e+01,4.323693371729749657e+01,4.196611061981183610e+01,4.497666042113557694e+00,2.947800185553717256e-02
1.744545454545454675e+02,4.647223353190245376e+01,4.326219329333545716e+01,4.199215302480011758e+01,4.480080507102336185e+00,2.952381710345264310e-02
1.745795454545454675e+02,4.648062615025570210e+01,4.328742932636752982e+01,4.201818322504335157e+01,4.462442925212350531e+00,2.956738997047381190e-02
1.747045454545454675e+02,4.648895522513925016e+01,4.331264034262198948e+01,4.204419958864311724e+01,4.444755636496132922e+00,2.960874673451030503e-02
1.748295454545454675e+02,4.649722145781213101e+01,4.333782488946856404e+01,4.207020050655904697e+01,4.427020951253084036e+00,2.964791373804587238e-02
1.749545454545454675e+02,4.650542554261318173e+01,4.336298153540592182e+01,4.209618439268160728e+01,4.409241149931574455e+00,2.968491737301803823e-02
1.750795454545454675e+02,4.651356816693898821e+01,4.338810887003958783e+01,4.212214968393075765e+01,4.391418483008230567e+00,2.971978406614539381e-02
1.752045454545454675e+02,4.652165001122462229e+01,4.341320550405120571e+01,4.214809484039891174e+01,4.373555170825710547e+00,2.975254026483753478e-02
1.753295454545454675e+02,4.652967174892769719e+01,4.343827006915901734e+01,4.217401834556200413e+01,4.355653403365693066e+00,2.978321242375159272e-02
1.754545454545454675e+02,4.653763404651563462e+01,4.346330121807034885e+01,4.219991870658742528e+01,4.337715339928209346e+00,2.981182699193851704e-02
1.755795454545454675e+02,4.654553756345687532e+01,4.348829762442598934e+01,4.222579445477253302e+01,4.319743108684342303e+00,2.983841040040857706e-02
1.757045454545454675e+02,4.655338295221608291e+01,4.351325798273728651e+01,4.225164414615176156e+01,4.301738806064321352e+00,2.986298905030082551e-02
1.758295454545454675e+02,4.656117085825437130e+01,4.353818100831578874e+01,4.227746636231391619e+01,4.283704495940455104e+00,2.988558930157125815e-02
1.759545454545454675e+02,4.656890192003518791e+01,4.356306543719621516e+01,4.230325971147287589e+01,4.265642208562312021e+00,2.990623746215703704e-02
1.760795454545454675e+02,4.657657676903670563e+01,4.358791002605259024e+01,4.232902282983583575e+01,4.247553939200869877e+00,2.992495977755282865e-02
1.762045454545454675e+02,4.658419602977208740e+01,4.361271355210828915e+01,4.235475438331161513e+01,4.229441646460472271e+00,2.994178242100531406e-02
1.763295454545454675e+02,4.659176031981893118e+01,4.363747481303988707e+01,4.238045306959810432e+01,4.211307250220826859e+00,2.995673148398481089e-02
1.764545454545454675e+02,4.659927024985931610e+01,4.366219262687542368e+01,4.240611762068361656e+01,4.193152629175699531e+00,2.996983296725375112e-02
1.765795454545454675e+02,4.660672642373233998e+01,4.368686583188704731e+01,4.243174680578903235e+01,4.174979617943307630e+00,2.998111277218384885e-02
1.767045454545454675e+02,4.661412943850072566e+01,4.371149328647859278e+01,4.245733943477045358e+01,4.156790003730272076e+00,2.999059669265591310e-02
1.768295454545454675e+02,4.662147988453374126e+01,4.373607386906807903e+01,4.248289436199193858e+01,4.138585522541802675e+00,2.999831040722256148e-02
1.769545454545454675e+02,4.662877834560817547e+01,4.376060647796558811e+01,4.250841049066788457e+01,4.120367854940290897e+00,3.000427947176120824e-02
1.770795454545454675e+02,4.663602539902940691e+01,4.378509003124669619e+01,4.253388677766400860e+01,4.102138621365398308e+00,3.000852931236863697e-02
1.772045454545454675e+02,4.664322161577483428e+01,4.380952346662154184e+01,4.255932223873499254e+01,4.083899377039841738e+00,3.001108521873163681e-02
1.773295454545454675e+02,4.665036756066103862e+01,4.383390574130015693e+01,4.258471595416656896e+01,4.065651606494469661e+00,3.001197233788843732e-02
1.774545454545454675e+02,4.665746379253693732e+01,4.385823583185366203e+01,4.261006707477984889e+01,4.047396717757088425e+00,3.001121566806119745e-02
1.775795454545454675e+02,4.666451086450409491e+01,4.388251273407230713e+01,4.263537482824722957e+01,4.029136036256865339e+00,3.000884005317772107e-02
1.777045454545454675e+02,4.667150932416571862e+01,4.390673546281986006e+01,4.266063852566117021e+01,4.010870798504548418e+00,3.000487017740027795e-02
1.778295454545454675e+02,4.667845971390521242e+01,4.393090305188508182e+01,4.268585756829131128e+01,3.992602145613901143e+00,2.999933056022285882e-02
1.779545454545454675e+02,4.668536257119504995e+01,4.395501455383012512e+01,4.271103145446033977e+01,3.974331116734710179e+00,2.999224555159685224e-02
1.780795454545454675e+02,4.669221842893645658e+01,4.397906903983635374e+01,4.273615978646601832e+01,3.956058642470438258e+00,2.998363932758962846e-02
1.782045454545454675e+02,4.669902781582949558e+01,4.400306559954761099e+01,4.276124227747513373e+01,3.937785538354361847e+00,2.997353588618523190e-02
1.783295454545454675e+02,4.670579125677357979e+01,4.402700334091115053e+01,4.278627875831497818e+01,3.919512498458601613e+00,2.996195904339060689e-02
1.784545454545454675e+02,4.671250927329749913e+01,4.405088139001652792e+01,4.281126918408929782e+01,3.901240089208201312e+00,2.994893242963314606e-02
1.785795454545454675e+02,4.671918238401772783e+01,4.407469889093252391e+01,4.283621364054862823e+01,3.882968743469099593e+00,2.993447948638561229e-02
1.787045454545454675e+02,4.672581110512358293e+01,4.409845500554243358e+01,4.286111235014818988e+01,3.864698754975393058e+00,2.991862346304685616e-02
1.788295454545454675e+02,4.673239595088753617e+01,4.412214891337780642e+01,4.288596567773195289e+01,3.846430273155583279e+00,2.990138741406411782e-02
1.789545454545454675e+02,4.673893743419827018e+01,4.414577981145095009e+01,4.291077413578689459e+01,3.828163298411375592e+00,2.988279419636796774e-02
1.790795454545454675e+02,4.674543606711450394e+01,4.416934691408623337e+01,4.293553838921759080e+01,3.809897677896913137e+00,2.986286646689961799e-02
1.792045454545454675e+02,4.675189236143647520e+01,4.419284945275059329e+01,4.296025925959862235e+01,3.791633101837852848e+00,2.984162668050061029e-02
1.793295454545454675e+02,4.675830682929267113e+01,4.421628667588336725e+01,4.298493772886887854e+01,3.773369100423792588e+00,2.981909708798724523e-02
1.794545454545454675e+02,4.676467998373856716e+01,4.423965784872552831e+01,4.300957494243922241e+01,3.755105041299344748e+00,2.979529973436001455e-02
1.795795454545454675e+02,4.677101233936451763e+01,4.426296225314875699e+01,4.303417221169230089e+01,3.736840127672216738e+00,2.977025645736830484e-02
1.797045454545454675e+02,4.677730441290949415e+01,4.428619918748443496e+01,4.305873101586009710e+01,3.718573397049397045e+00,2.974398888621720971e-02
1.798295454545454675e+02,4.678355672387749564e+01,4.430936796635270980e+01,4.308325300327204133e+01,3.700303720605454316e+00,2.971651844040223978e-02
1.799545454545454675e+02,4.678976979515373102e+01,4.433246792049204998e+01,4.310773999197231632e+01,3.682029803181414707e+00,2.968786632892772559e-02
1.800795454545454675e+02,4.679594415361719939e+01,4.435549839658919780e+01,4.313219396971167896e+01,3.663750183905520430e+00,2.965805354948258810e-02
1.802045454545454675e+02,4.680208033074677587e+01,4.437845875711003885e+01,4.315661709332427165e+01,3.645463237422504221e+00,2.962710088804243469e-02
1.803295454545454675e+02,4.680817886321793964e+01,4.440134838013142371e+01,4.318101168750486352e+01,3.627167175713076119e+00,2.959502891856402584e-02
1.804545454545454675e+02,4.681424029348744398e+01,4.442416665917413354e+01,4.320538024300677904e+01,3.608860050480664938e+00,2.956185800272237429e-02
1.805795454545454675e+02,4.682026517036305790e+01,4.444691300303728099e+01,4.322972541428423199e+01,3.590539756078825917e+00,2.952760829009548615e-02
1.807045454545454675e+02,4.682625404955649628e+01,4.446958683563432402e+01,4.325405001660656978e+01,3.572204032949926500e+00,2.949229971829225860e-02
1.808295454545454675e+02,4.683220749421673901e+01,4.449218759583084903e+01,4.327835702267441320e+01,3.553850471542325806e+00,2.945595201335748925e-02
1.809545454545454675e+02,4.683812607544222573e+01,4.451471473728432926e+01,4.330264955876994293e+01,3.535476516672282798e+00,2.941858469029767775e-02
1.810795454545454675e+02,4.684401037276988689e+01,4.453716772828612136e+01,4.332693090047565931e+01,3.517079472294227571e+00,2.938021705379867399e-02
1.812045454545454675e+02,4.684986097463953314e+01,4.455954605160577131e+01,4.335120446799686533e+01,3.498656506642667807e+00,2.934086819906411847e-02
1.813295454545454675e+02,4.685567847883223891e+01,4.458184920433784981e+01,4.337547382112381911e+01,3.480204657708419802e+00,2.930055701273914792e-02
1.814545454545454675e+02,4.686146349288154767e+01,4.460407669775152328e+01,4.339974265387041896e+01,3.461720839011128703e+00,2.925930217415384504e-02
1.815795454545454675e+02,4.686721663445673869e+01,4.462622805714288177e+01,4.342401478882553789e+01,3.443201845631200797e+00,2.921712215641036892e-02
1.817045454545454675e+02,4.687293853171726710e+01,4.464830282169040743e+01,4.344829417125320958e+01,3.424644360464057513e+00,2.917403522791772730e-02
1.818295454545454675e+02,4.687862982363795794e+01,4.467030054431341313e+01,4.347258486297689473e+01,3.406044960661063215e+00,2.913005945373470240e-02
1.819545454545454675e+02,4.688429116030457777e+01,4.469222079153388449e+01,4.349689103608199048e+01,3.387400124222587294e+00,2.908521269728225889e-02
1.820795454545454675e+02,4.688992320317967710e+01,4.471406314334148391e+01,4.352121696646982230e+01,3.368706236709854807e+00,2.903951262191384330e-02
1.822045454545454675e+02,4.689552662533878191e+01,4.473582719306231326e+01,4.354556702729442463e+01,3.349959598044357278e+00,2.899297669281253320e-02
1.823295454545454675e+02,4.690110211167688448e+01,4.475751254723091677e+01,4.356994568231215936e+01,3.331156429364725113e+00,2.894562217883844824e-02
1.824545454545454675e+02,4.690665035908570957e+01,4.477911882546607103e+01,4.359435747917229520e+01,3.312292879913414367e+00,2.889746615437616128e-02
1.825795454545454675e+02,4.691217207660218946e+01,4.480064566035028406e+01,4.361880704267507980e+01,3.293365033927109664e+00,2.884852550150185380e-02
1.827045454545454675e+02,4.691766798552849593e+01,4.482209269731284706e+01,4.364329906802169035e+01,3.274368917506805587e+00,2.879881691191599202e-02
1.828295454545454675e+02,4.692313881952455290e+01,4.484345959451681551e+01,4.366783831407877869e+01,3.255300505445774206e+00,2.874835688918864207e-02
1.829545454545454675e+02,4.692858532467343480e+01,4.486474602274972767e+01,4.369242959667840864e+01,3.236155727995026155e+00,2.869716175091241439e-02
1.830795454545454675e+02,4.693400825952068089e+01,4.488595166531796110e+01,4.371707778197236394e+01,3.216930477548316958e+00,2.864524763087672454e-02
1.832045454545454675e+02,4.693940839508827167e+01,4.490707621794503268e+01,4.374178777985776634e+01,3.197620615230505337e+00,2.859263048136995167e-02
1.833295454545454675e+02,4.694478651486415544e+01,4.492811938867351529e+01,4.376656453748947229e+01,3.178221977374683149e+00,2.853932607537501553e-02
1.834545454545454675e+02,4.695014341476837672e+01,4.494908089777074167e+01,4.379141303289270581e+01,3.158730381875670901e+00,2.848535000900653813e-02
1.835795454545454675e+02,4.695547990309673025e+01,4.496996047763805393e+01,4.381633826868775827e+01,3.139141634408971981e+00,2.843071770367089357e-02
1.837045454545454675e+02,4.696079680044276472e+01,4.499075787272374072e+01,4.384134526593687298e+01,3.119451534505891743e+00,2.837544440841810456e-02
1.838295454545454675e+02,4.696609493959965675e+01,4.501147283943942057e+01,4.386643905812187683e+01,3.099655881477779928e+00,2.831954520229373884e-02
1.839545454545454675e+02,4.697137516544226798e+01,4.503210514607993531e+01,4.389162468525942984e+01,3.079750480182838146e+00,2.826303499657711882e-02
1.840795454545454675e+02,4.697663833479115425e+01,4.505265457274642671e+01,4.391690718815921457e+01,3.059731146631939680e+00,2.820592853709769088e-02
1.842045454545454675e+02,4.698188531625897468e+01,4.507312091127275977e+01,4.394229160282910129e+01,3.039593713429873389e+00,2.814824040647323500e-02
1.843295454545454675e+02,4.698711699008056542e+01,4.509350396515505111e+01,4.396778295502957690e+01,3.019334035050988518e+00,2.808998502640491779e-02
1.843636363636363740e+02,4.698854267731661594e+01,4.509905667548898833e+01,4.397474306610639161e+01,3.013799611210224327e+00,2.807405629372539124e-02
1.844886363636363740e+02,4.699375607496902774e+01,4.511933349919406311e+01,4.400037728347307109e+01,2.993378791495956648e+00,2.801509735423479697e-02
1.846136363636363740e+02,4.699895620442403299e+01,4.513952662655704273e+01,4.402612979153616379e+01,2.972826412887869196e+00,2.795560395600915626e-02
1.847386363636363740e+02,4.700414398383963999e+01,4.515963590209847212e+01,4.405200554913451327e+01,2.952138434705126713e+00,2.789558958797044852e-02
1.848636363636363740e+02,4.700932034132749493e+01,4.517966118002270548e+01,4.407800948208045355e+01,2.931310859247041378e+00,2.783506789444345486e-02
1.849886363636363740e+02,4.701448621523999805e+01,4.519960232509495768e+01,4.410414647912139685e+01,2.910339736118601195e+00,2.777405245431907588e-02
1.851136363636363740e+02,4.701964255408063309e+01,4.521945921299191440e+01,4.413042138767791300e+01,2.889221166402720087e+00,2.771255672017503002e-02
1.852386363636363740e+02,4.702479031629668071e+01,4.523923173043181833e+01,4.415683900955545482e+01,2.867951306741225892e+00,2.765059400338287787e-02
1.853636363636363740e+02,4.702993047002945559e+01,4.525891977521058607e+01,4.418340409670689439e+01,2.846526373322561199e+00,2.758817747219666217e-02
1.854886363636363740e+02,4.703506399284557915e+01,4.527852325619665663e+01,4.421012134706734287e+01,2.824942645778236283e+00,2.752532015303899016e-02
1.856136363636363740e+02,4.704019187145631520e+01,4.529804209330707465e+01,4.423699540045919321e+01,2.803196470997121992e+00,2.746203493245502614e-02
1.857386363636363740e+02,4.704531510142837902e+01,4.531747621747476273e+01,4.426403083455279841e+01,2.781284266875580613e+00,2.739833455886753200e-02
1.858636363636363740e+02,4.705043468688745634e+01,4.533682557061166563e+01,4.429123216086004788e+01,2.759202526027408453e+00,2.733423164424664265e-02
1.859886363636363740e+02,4.705555164021542680e+01,4.535609010556987641e+01,4.431860382073197258e+01,2.736947819483454225e+00,2.726973866568727090e-02
1.861136363636363740e+02,4.706066698174207374e+01,4.537526978610186745e+01,4.434615018132526387e+01,2.714516800416809872e+00,2.720486796685861464e-02
1.862386363636363740e+02,4.706578173943167087e+01,4.539436458682031628e+01,4.437387553149874719e+01,2.691906207932923678e+00,2.713963175933997718e-02
1.863636363636363740e+02,4.707089694856509254e+01,4.541337449315774677e+01,4.440178407759643875e+01,2.669112870968653795e+00,2.707404212401343102e-02
1.864886363636363740e+02,4.707601365141746896e+01,4.543229950132609929e+01,4.442987993907297550e+01,2.646133712344493460e+00,2.700811101239253276e-02
1.866136363636363740e+02,4.708113289693204706e+01,4.545113961827608762e+01,4.445816714391671809e+01,2.622965753015328971e+00,2.694185024776629689e-02
1.867386363636363740e+02,4.708625574039001549e+01,4.546989486165642091e+01,4.448664962382927968e+01,2.599606116560735813e+00,2.687527152645685646e-02
1.868636363636363740e+02,4.709138324307647849e+01,4.548856525977260645e+01,4.451533120912435493e+01,2.576052033952123566e+00,2.680838641901317487e-02
1.869886363636363740e+02,4.709651647194262125e+01,4.550715085154543260e+01,4.454421562331722839e+01,2.552300848625392860e+00,2.674120637118448940e-02
1.871136363636363740e+02,4.710165649926372566e+01,4.552565168646880522e+01,4.457330647738527318e+01,2.528350021878452480e+00,2.667374270510691758e-02
1.872386363636363740e+02,4.710680440229266708e+01,4.554406782456682379e+01,4.460260726369153872e+01,2.504197138601128358e+00,2.660600662014189766e-02
1.873636363636363740e+02,4.711196126290882091e+01,4.556239933635019668e+01,4.463212134957628052e+01,2.479839913332540391e+00,2.653800919396331892e-02
1.874886363636363740e+02,4.711712816726129205e+01,4.558064630277142726e+01,4.466185197063457224e+01,2.455276196626719809e+00,2.646976138329648620e-02
1.876136363636363740e+02,4.712230620540626091e+01,4.559880881517912599e+01,4.469180222371194589e+01,2.430503981694315030e+00,2.640127402479208740e-02
1.877386363636363740e+02,4.712749647093741601e+01,4.561688697527090142e+01,4.472197505966282449e+01,2.405521411274591514e+00,2.633255783586463394e-02
1.878636363636363740e+02,4.713270006060835726e+01,4.563488089504500067e+01,4.475237327592889613e+01,2.380326784679461127e+00,2.626362341534616007e-02
1.879886363636363740e+02,4.713791807394644451e+01,4.565279069675033696e+01,4.478299950900454007e+01,2.354918564941904435e+00,2.619448124414702761e-02
1.881136363636363740e+02,4.714315161285630040e+01,4.567061651283497525e+01,4.481385622686555337e+01,2.329295385990747036e+00,2.612514168590251984e-02
1.882386363636363740e+02,4.714840178121231418e+01,4.568835848589279891e+01,4.484494572144323854e+01,2.303456059769075637e+00,2.605561498754838112e-02
1.883636363636363740e+02,4.715366968443848350e+01,4.570601676860834317e+01,4.487627010123066640e+01,2.277399583207817102e+00,2.598591127980398596e-02
1.884886363636363740e+02,4.715895642907447893e+01,4.572359152369968172e+01,4.490783128410878078e+01,2.251125144965698155e+00,2.591604057768392977e-02
1.886136363636363740e+02,4.716426312232657381e+01,4.574108292385908214e+01,4.493963099048005461e+01,2.224632131846519201e+00,2.584601278087461651e-02
1.887386363636363740e+02,4.716959087160205399e+01,4.575849115169154402e+01,4.497167073679422344e+01,2.197920134807830550e+00,2.577583767413216265e-02
1.888636363636363740e+02,4.717494078402597779e+01,4.577581639965100635e+01,4.500395182954587625e+01,2.170988954480101540e+00,2.570552492759503593e-02
1.889886363636363740e+02,4.718031396593906379e+01,4.579305886997399000e+01,4.503647535981713190e+01,2.143838606121931889e+00,2.563508409708958879e-02
1.891136363636363740e+02,4.718571152237563382e+01,4.581021877461083136e+01,4.506924219843097745e+01,2.116469323944656367e+00,2.556452462425795602e-02
1.892386363636363740e+02,4.719113455652084355e+01,4.582729633515415912e+01,4.510225299177142944e+01,2.088881564749414110e+00,2.549385583689200985e-02
1.893636363636363740e+02,4.719658416914619181e+01,4.584429178276455730e+01,4.513550815831724350e+01,2.061076010828948313e+00,2.542308694889072740e-02
1.894886363636363740e+02,4.720206145802298181e+01,4.586120535809345711e+01,4.516900788592553084e+01,2.033053572097450967e+00,2.535222706048756436e-02
1.896136363636363740e+02,4.720756751731337886e+01,4.587803731120287409e+01,4.520275212989123048e+01,2.004815387422148376e+00,2.528128515816518984e-02
1.897386363636363740e+02,4.721310343693888001e+01,4.589478790148220355e+01,4.523674061179818295e+01,1.976362825140697055e+00,2.521027011471232981e-02
1.898636363636363740e+02,4.721867030192627368e+01,4.591145739756164801e+01,4.527097281916736904e+01,1.947697482758904641e+00,2.513919068914560739e-02
1.899886363636363740e+02,4.722426919173179982e+01,4.592804607722246146e+01,4.530544800589871812e+01,1.918821185833081699e+00,2.506805552655322344e-02
1.901136363636363740e+02,4.722990117954360301e+01,4.594455422730369776e+01,4.534016519349374619e+01,1.889735986049856820e+00,2.499687315805942944e-02
1.902386363636363740e+02,4.723556733156401322e+01,4.596098214360549150e+01,4.537512317303854559e+01,1.860444158525467628e+00,2.492565200044793983e-02
1.903636363636363740e+02,4.724126870627227959e+01,4.597733013078870101e+01,4.541032050791927333e+01,1.830948198353006262e+00,2.485440035609798315e-02
1.904886363636363740e+02,4.724700635366951929e+01,4.599359850227086355e+01,4.544575553723652206e+01,1.801250816432997226e+00,2.478312641255797644e-02
1.906136363636363740e+02,4.725278131450719599e+01,4.600978758011842729e+01,4.548142637987906767e+01,1.771354934628128319e+00,2.471183824226841352e-02
1.907386363636363740e+02,4.725859461950125251e+01,4.602589769493505401e+01,4.551733093921387763e+01,1.741263680287374882e+00,2.464054380227764796e-02
1.908636363636363740e+02,4.726444728853373789e+01,4.604192918574603510e+01,4.555346690834531387e+01,1.710980380188424022e+00,2.456925093371609137e-02
1.909886363636363740e+02,4.727034032984423817e+01,4.605788239987870014e+01,4.558983177589432501e+01,1.680508553949913164e+00,2.449796736146225840e-02
1.911136363636363740e+02,4.727627473921338463e+01,4.607375769283885347e+01,4.562642283224696627e+01,1.649851906966418369e+00,2.442670069364538676e-02
1.912386363636363740e+02,4.728225149914101166e+01,4.608955542818300444e+01,4.566323717621990852e+01,1.619014322921103144e+00,2.435545842117647908e-02
1.913636363636363740e+02,4.728827157802147241e+01,4.610527597738659722e+01,4.570027172209164945e+01,1.587999855929822957e+00,2.428424791724381748e-02
1.914886363636363740e+02,4.729433592931887631e+01,4.612091971970804138e+01,4.573752320694726592e+01,1.556812722371610391e+00,2.421307643682979460e-02
1.916136363636363740e+02,4.730044549074483484e+01,4.613648704204855733e+01,4.577498819828673504e+01,1.525457292458099801e+00,2.414195111612826850e-02
1.917386363636363740e+02,4.730660118344154341e+01,4.615197833880796452e+01,4.581266310184746970e+01,1.493938081594073708e+00,2.407087897206139360e-02
1.918636363636363740e+02,4.731280391117282136e+01,4.616739401173617097e+01,4.585054416959405899e+01,1.462259741578762373e+00,2.399986690172539738e-02
1.919886363636363740e+02,4.731905455952605877e+01,4.618273446978071917e+01,4.588862750783009403e+01,1.430427051695964735e+00,2.392892168186477875e-02
1.921136363636363740e+02,4.732535399512735097e+01,4.619800012893013985e+01,4.592690908538974526e+01,1.398444909737605713e+00,2.385804996833229552e-02
1.922386363636363740e+02,4.733170306487284762e+01,4.621319141205326275e+01,4.596538474186877465e+01,1.366318323004072965e+00,2.378725829559158456e-02
1.923636363636363740e+02,4.733810259517838404e+01,4.622830874873466200e+01,4.600405019585846134e+01,1.334052399319922699e+00,2.371655307624820352e-02
1.924886363636363740e+02,4.734455339125015882e+01,4.624335257510614383e+01,4.604290105314743187e+01,1.301652338102726958e+00,2.364594060055935643e-02
1.926136363636363740e+02,4.735105623637844019e+01,4.625832333367439730e+01,4.608193281486051518e+01,1.269123421517925010e+00,2.357542703595782996e-02
1.927386363636363740e+02,4.735761189125673809e+01,4.627322147314505685e+01,4.612114088550576696e+01,1.236471005750971131e+00,2.350501842672514385e-02
1.928636363636363740e+02,4.736422109332810493e+01,4.628804744824315520e+01,4.616052058090426158e+01,1.203700512423843350e+00,2.343472069359364696e-02
1.929886363636363740e+02,4.737088455616070348e+01,4.630280171953005208e+01,4.620006713597933157e+01,1.170817420181371915e+00,2.336453963336282413e-02
1.931136363636363740e+02,4.737760296885416267e+01,4.631748475321714409e+01,4.623977571238557971e+01,1.137827256468582959e+00,2.329448091869323889e-02
1.932386363636363740e+02,4.738437699547822035e+01,4.633209702097641980e+01,4.627964140595949516e+01,1.104735589518725192e+00,2.322455009783652713e-02
1.933636363636363740e+02,4.739120727454512405e+01,4.634663899974798795e+01,4.631965925397695827e+01,1.071548020568165782e+00,2.315475259453592116e-02
1.934886363636363740e+02,4.739809441851683403e+01,4.636111117154479189e+01,4.635982424220450326e+01,1.038270176312330761e+00,2.308509370774913805e-02
1.936136363636363740e+02,4.740503901334807324e+01,4.637551402325470207e+01,4.640013131173375882e+01,1.029524990093371173e+00,2.301557861174075015e-02
1.937386363636363740e+02,4.741204161806603423e+01,4.638984804644017146e+01,4.644057536559064658e+01,1.022193571625862774e+00,2.294621235603244713e-02
1.938636363636363740e+02,4.741910276438750316e+01,4.640411373713561005e+01,4.648115127511226774e+01,1.014989027251893106e+00,2.287699986540303598e-02
1.939886363636363740e+02,4.742622295637369234e+01,4.641831159564277698e+01,4.652185388608685912e+01,1.007911360730915362e+00,2.280794594016555266e-02
1.941136363636363740e+02,4.743340267012321476e+01,4.643244212632424706e+01,4.656267802465310979e+01,1.000960543798967706e+00,2.273905525624542179e-02
1.942386363636363740e+02,4.744064235350353442e+01,4.644650583739536387e+01,4.660361850295714703e+01,9.941365161081705537e-01,2.267033236549309549e-02
1.943636363636363740e+02,4.744794242592068656e+01,4.646050324071472915e+01,4.664467012456644568e+01,9.874391852059574148e-01,2.260178169601090303e-02
1.944886363636363740e+02,4.745530327812715399e+01,4.647443485157347709e+01,4.668582768964127894e+01,9.808684265536768976e-01,2.253340755258648187e-02
1.946136363636363740e+02,4.746272527206789960e+01,4.648830118848376003e+01,4.672708599986506783e+01,9.744240835841395665e-01,2.246521411715463046e-02
1.947386363636363740e+02,4.747020874076393682e+01,4.650210277296633876e+01,4.676843986313659229e+01,9.681059677975980549e-01,2.239720544935153157e-02
1.948636363636363740e+02,4.747775398823310411e+01,4.651584012933771817e+01,4.680988409802687755e+01,9.619138588953859426e-01,2.232938548711160820e-02
1.949886363636363740e+02,4.748536128944729029e+01,4.652951378449709807e+01,4.685141353800524655e+01,9.558475049501922172e-01,2.226175804740648800e-02
1.951136363636363740e+02,4.749303089032559200e+01,4.654312426771317490e+01,4.689302303543882999e+01,9.499066226124170953e-01,2.219432682693422976e-02
1.952386363636363740e+02,4.750076300776248672e+01,4.655667211041112807e+01,4.693470746537079208e+01,9.440908973513586488e-01,2.212709540290802579e-02
1.953636363636363740e+02,4.750855782969028951e+01,4.657015784596018193e+01,4.697646172908307705e+01,9.383999837301075786e-01,2.206006723412912152e-02
1.954886363636363740e+02,4.751641551517463569e+01,4.658358200946145189e+01,4.701828075744914770e+01,9.328335057131837971e-01,2.199324566165472561e-02
1.956136363636363740e+02,4.752433619454249225e+01,4.659694513753701983e+01,4.706015951408334530e+01,9.273910570054724190e-01,2.192663391002724893e-02
1.957386363636363740e+02,4.753231996954107785e+01,4.661024776811969872e+01,4.710209299829307383e+01,9.220722014213791340e-01,2.186023508821932637e-02
1.958636363636363740e+02,4.754036691352698085e+01,4.662349044024432487e+01,4.714407624784045225e+01,9.168764732826559793e-01,2.179405219080621237e-02
1.959886363636363740e+02,4.754847707168413251e+01,4.663667369384030792e+01,4.718610434152008537e+01,9.118033778438245918e-01,2.172808809909554384e-02
1.961136363636363740e+02,4.755665046126945583e+01,4.664979806952592867e+01,4.722817240155978880e+01,9.068523917435271642e-01,2.166234558235657914e-02
1.962386363636363740e+02,4.756488707188496079e+01,4.666286410840449150e+01,4.727027559585098970e+01,9.020229634804692864e-01,2.159682729912049126e-02
1.963636363636363740e+02,4.757318686577515621e+01,4.667587235186235262e+01,4.731240914001539721e+01,8.973145139128035908e-01,2.153153579845934473e-02
1.964886363636363740e+02,4.758154977814830033e+01,4.668882334136934986e+01,4.735456829931504075e+01,8.927264367789504718e-01,2.146647352139297027e-02
1.966136363636363740e+02,4.758997571752041722e+01,4.670171761828142110e+01,4.739674839041191490e+01,8.882580992389961239e-01,2.140164280221767967e-02
1.967386363636363740e+02,4.759846456608076437e+01,4.671455572364578046e+01,4.743894478298390283e+01,8.839088424349839102e-01,2.133704586994866759e-02
1.968636363636363740e+02,4.760701618007733771e+01,4.672733819800885158e+01,4.748115290120348675e+01,8.796779820684861306e-01,2.127268484986188923e-02
1.969886363636363740e+02,4.761563039022129118e+01,4.674006558122690080e+01,4.752336822508545566e+01,8.755648089943903756e-01,2.120856176490804046e-02
1.971136363636363740e+02,4.762430700210906309e+01,4.675273841227977556e+01,4.756558629170956465e+01,8.715685898292875322e-01,2.114467853731838431e-02
1.972386363636363740e+02,4.763304579666069571e+01,4.676535722908754167e+01,4.760780269632454065e+01,8.676885675731540459e-01,2.108103699006846909e-02
1.973636363636363740e+02,4.764184653057341734e+01,4.677792256833046736e+01,4.765001309333874246e+01,8.720905250082751081e-01,2.101763884851948205e-02
1.974886363636363740e+02,4.765070893678908703e+01,4.679043496527233970e+01,4.769221319720346486e+01,9.017782319311251626e-01,2.095448574199565428e-02
1.976136363636363740e+02,4.765963272497445757e+01,4.680289495358710639e+01,4.773439878319418028e+01,9.315038296070738966e-01,2.089157920541850899e-02
1.977386363636363740e+02,4.766861758201284260e+01,4.681530306518914131e+01,4.777656568809492654e+01,9.612626229057852356e-01,2.082892068088426640e-02
1.978636363636363740e+02,4.767766317250642061e+01,4.682765983006706279e+01,4.781870981079111260e+01,9.910499807240498171e-01,2.076651151938335715e-02
1.979886363636363740e+02,4.768676913928777594e+01,4.683996577612130352e+01,4.786082711277535395e+01,1.020861336654050433e+00,2.070435298241335431e-02
1.981136363636363740e+02,4.769593510393967506e+01,4.685222142900543929e+01,4.790291361857128294e+01,1.050692189565843648e+00,2.064244624361322167e-02
1.982386363636363740e+02,4.770516066732209026e+01,4.686442731197135458e+01,4.794496541607969675e+01,1.080538104108342168e+00,2.058079239052545972e-02
1.983636363636363740e+02,4.771444541010549756e+01,4.687658394571829490e+01,4.798697865685142006e+01,1.110394711133125156e+00,2.051939242616640513e-02
1.984886363636363740e+02,4.772378889330924778e+01,4.688869184824594072e+01,4.802894955629106022e+01,1.140257708045119500e+00,2.045824727076706040e-02
1.986136363636363740e+02,4.773319065884442125e+01,4.690075153471141789e+01,4.807087439379552052e+01,1.170122859084102629e+00,2.039735776344286933e-02
1.987386363636363740e+02,4.774265023006000774e+01,4.691276351729038652e+01,4.811274951283123613e+01,1.199985995540849615e+00,2.033672466384217614e-02
1.988636363636363740e+02,4.775216711229153077e+01,4.692472830504220127e+01,4.815457132095359327e+01,1.229843015911392001e+00,2.027634865390126606e-02
1.989886363636363740e+02,4.776174079341147660e+01,4.693664640377919284e+01,4.819633628977211970e+01,1.259689885992926861e+00,2.021623033940045389e-02
1.991136363636363740e+02,4.777137074438066122e+01,4.694851831594000657e+01,4.823804095486467247e+01,1.289522638924665898e+00,2.015637025171201913e-02
1.992386363636363740e+02,4.778105641979956886e+01,4.696034454046718309e+01,4.827968191564383460e+01,1.319337375176651506e+00,2.009676884944866515e-02
1.993636363636363740e+02,4.779079725845936366e+01,4.697212557268880317e+01,4.832125583517845513e+01,1.349130262489651955e+00,2.003742652005513492e-02
1.994886363636363740e+02,4.780059268389140215e+01,4.698386190420428932e+01,4.836275943997323168e+01,1.378897535768942362e+00,1.997834358152061895e-02
1.996136363636363740e+02,4.781044210491509006e+01,4.699555402277442795e+01,4.840418951970907102e+01,1.408635496934643072e+00,1.991952028398458197e-02
1.997386363636363740e+02,4.782034491618294680e+01,4.700720241221544882e+01,4.844554292694683539e+01,1.438340514731386577e+00,1.986095681134969482e-02
1.998636363636363740e+02,4.783030049872284906e+01,4.701880755229724684e+01,4.848681657679674117e+01,1.468009024499494330e+00,1.980265328286634485e-02
1.999886363636363740e+02,4.784030822047640186e+01,4.703036991864578198e+01,4.852800744655601761e+01,1.497637527910235633e+00,1.974460975473135704e-02
2.001136363636363740e+02,4.785036743683329519e+01,4.704188998264946520e+01,4.856911257531690040e+01,1.527222592667435208e+00,1.968682622172934771e-02
2.002386363636363740e+02,4.786047749116093541e+01,4.705336821136971537e+01,4.861012906354697805e+01,1.556760852177262677e+00,1.962930261871065341e-02
2.003636363636363740e+02,4.787063771532906031e+01,4.706480506745543835e+01,4.865105407264416471e+01,1.586249005188726358e+00,1.957203882216163038e-02
2.004886363636363740e+02,4.788084743022875500e+01,4.707620100906166982e+01,4.869188482446776334e+01,1.615683815406093515e+00,1.951503465176074315e-02
2.006136363636363740e+02,4.789110594628569828e+01,4.708755648977199826e+01,4.873261860084787855e+01,1.645062111075880296e+00,1.945828987189202053e-02
2.007386363636363740e+02,4.790141256396697145e+01,4.709887195852500241e+01,4.877325274307456482e+01,1.674380784549562406e+00,1.940180419304482484e-02
2.008636363636363740e+02,4.791176657428140828e+01,4.711014785954464656e+01,4.881378465136838685e+01,1.703636791823740282e+00,1.934557727344810019e-02
2.009886363636363740e+02,4.792216725927306697e+01,4.712138463227441321e+01,4.885421178433398381e+01,1.732827152059570608e+00,1.928960872039908736e-02
2.011136363636363740e+02,4.793261389250733373e+01,4.713258271131519450e+01,4.889453165839807269e+01,1.761948947082878192e+00,1.923389809179099075e-02
2.012386363636363740e+02,4.794310573954985699e+01,4.714374252636702067e+01,4.893474184723309861e+01,1.790999320866077937e+00,1.917844489743458780e-02
2.013636363636363740e+02,4.795364205843752359e+01,4.715486450217446901e+01,4.897483998116807413e+01,1.819975478993605122e+00,1.912324860061431764e-02
2.014886363636363740e+02,4.796422210014182497e+01,4.716594905847563979e+01,4.901482374658766616e+01,1.848874688112026377e+00,1.906830861927488741e-02
2.016136363636363740e+02,4.797484510902394561e+01,4.717699660995465649e+01,4.905469088532065314e+01,1.877694275365996646e+00,1.901362432752762288e-02
2.017386363636363740e+02,4.798551032328177257e+01,4.718800756619790349e+01,4.909443919401900303e+01,1.906431627821099539e+00,1.895919505700049967e-02
2.018636363636363740e+02,4.799621697538841403e+01,4.719898233165341850e+01,4.913406652352848170e+01,1.935084191875063198e+00,1.890502009799632788e-02
2.019886363636363740e+02,4.800696429252226949e+01,4.720992130559390887e+01,4.917357077825170109e+01,1.963649472657792217e+00,1.885109870102041896e-02
2.021136363636363740e+02,4.801775149698849532e+01,4.722082488208300077e+01,4.921294991550480802e+01,1.992125033421807245e+00,1.879743007788903242e-02
2.022386363636363740e+02,4.802857780663175902e+01,4.723169344994468588e+01,4.925220194486831815e+01,2.020508494923632270e+00,1.874401340305098529e-02
2.023636363636363740e+02,4.803944243524018987e+01,4.724252739273616442e+01,4.929132492753318928e+01,2.048797534797024866e+00,1.869084781488083991e-02
2.024886363636363740e+02,4.805034459294054727e+01,4.725332708872352327e+01,4.933031697564275220e+01,2.076989886919228923e+00,1.863793241679445600e-02
2.026136363636363740e+02,4.806128348658442206e+01,4.726409291086078213e+01,4.936917625163131618e+01,2.105083340770534051e+00,1.858526627853507307e-02
2.027386363636363740e+02,4.807225832012566968e+01,4.727482522677179588e+01,4.940790096756010286e+01,2.133075740788306973e+00,1.853284843731728415e-02
2.028636363636363740e+02,4.808326829498875554e+01,4.728552439873527646e+01,4.944648938445114084e+01,2.160964985715864373e+00,1.848067789909180192e-02
2.029886363636363740e+02,4.809431261042829675e+01,4.729619078367331042e+01,4.948493981161973920e+01,2.188749027946428782e+00,1.842875363971074876e-02
2.031136363636363740e+02,4.810539046387967232e+01,4.730682473314415404e+01,4.952325060600614393e+01,2.216425872861989887e+00,1.837707460657611591e-02
2.032386363636363740e+02,4.811650105130065924e+01,4.731742659334118173e+01,4.956142017150681056e+01,2.243993578165628833e+00,1.832563972057243973e-02
2.033636363636363740e+02,4.812764356750422223e+01,4.732799670510183887e+01,4.959944695830606065e+01,2.271450253204221781e+00,1.827444787920740055e-02
2.034886363636363740e+02,4.813881720648262785e+01,4.733853540393283055e+01,4.963732946220818576e+01,2.298794058275355212e+00,1.822349796160693813e-02
2.036136363636363740e+02,4.815002116172252755e+01,4.734904302006167143e+01,4.967506622397090865e+01,2.326023203909237225e+00,1.817278883636674891e-02
2.037386363636363740e+02,4.816125462651153555e+01,4.735951987852968870e+01,4.971265582864020871e+01,2.353135950110520014e+00,1.812231937429231721e-02
2.038636363636363740e+02,4.817251679423603861e+01,4.736996629934738934e+01,4.975009690488720082e+01,2.380130605539811484e+00,1.807208846724250861e-02
2.039886363636363740e+02,4.818380685867052193e+01,4.738038259773958316e+01,4.978738812434731642e+01,2.407005526607733259e+00,1.802209505576968240e-02
2.041136363636363740e+02,4.819512401425846093e+01,4.739076908451471581e+01,4.982452820096213486e+01,2.433759116447419046e+00,1.797233816745347212e-02
2.042386363636363740e+02,4.820646745638469355e+01,4.740112606659929639e+01,4.986151589032417064e+01,2.460389823724874248e+00,1.792281696791064860e-02
2.043636363636363740e+02,4.821783638163988428e+01,4.741145384778396732e+01,4.989834998902499308e+01,2.486896141241025759e+00,1.787353082666953696e-02
2.044886363636363740e+02,4.822922998807674588e+01,4.742175272973194922e+01,4.993502933400692001e+01,2.513276604274970794e+00,1.782447939847031648e-02
2.046136363636363740e+02,4.824064747545857301e+01,4.743202301330235571e+01,4.997155280191859106e+01,2.539529788616235351e+00,1.777566272085095989e-02
2.047386363636363740e+02,4.825208804550024411e+01,4.744226500024062432e+01,5.000791930847447020e+01,2.565654308233845882e+00,1.772708132737932374e-02
2.048636363636363740e+02,4.826355090210203969e+01,4.745247899528458646e+01,5.004412780781883896e+01,2.591648812534252500e+00,1.767873637476924387e-02
2.049886363636363740e+02,4.827503525157669628e+01,4.746266530872909328e+01,5.008017729189427314e+01,2.617511983165179856e+00,1.763062978179874563e-02
2.051136363636363740e+02,4.828654030287013654e+01,4.747282425948272078e+01,5.011606678981478069e+01,2.643242530332059914e+00,1.758276437606554055e-02
2.052386363636363740e+02,4.829806526777673525e+01,4.748295617863966811e+01,5.015179536724391340e+01,2.668839188604245294e+00,1.753514404476419486e-02
2.053636363636363740e+02,4.830960936114944104e+01,4.749306141357649835e+01,5.018736212577800870e+01,2.694300712201510350e+00,1.748777388438327307e-02
2.054886363636363740e+02,4.832117180110606114e+01,4.750314033256971413e+01,5.022276620233456867e+01,2.719625869764854542e+00,1.744066034436997370e-02
2.056136363636363740e+02,4.833275180923242687e+01,4.751319332991514699e+01,5.025800676854612448e+01,2.744813438630977487e+00,1.739381135919160215e-02
2.057386363636363740e+02,4.834434861078355539e+01,4.752322083151605625e+01,5.029308303015962167e+01,2.769862198643565421e+00,1.734723646406877151e-02
2.058636363636363740e+02,4.835596143488447751e+01,4.753322330089251579e+01,5.032799422644144727e+01,2.794770925548931473e+00,1.730094688934968872e-02
2.059886363636363740e+02,4.836758951473157708e+01,4.754320124555247418e+01,5.036273962958827610e+01,2.819538384035801926e+00,1.725495562970280616e-02
2.061136363636363740e+02,4.837923208779664463e+01,4.755315522365401648e+01,5.039731854414380763e+01,2.844163320489791147e+00,1.720927748465328477e-02
2.062386363636363740e+02,4.839088839603469694e+01,4.756308585087950291e+01,5.043173030642149968e+01,2.868644455541996763e+00,1.716392906814689923e-02
2.063636363636363740e+02,4.840255768609789300e+01,4.757299380743620532e+01,5.046597428393347684e+01,2.892980476497271525e+00,1.711892878550003161e-02
2.064886363636363740e+02,4.841423920955708127e+01,4.758287984509365742e+01,5.050004987482553531e+01,2.917170029731877889e+00,1.707429677773575349e-02
2.066136363636363740e+02,4.842593222313293211e+01,4.759274479416670545e+01,5.053395650731867050e+01,2.941211713151965057e+00,1.703005483297204137e-02
2.067386363636363740e+02,4.843763598893866629e+01,4.760258957035415506e+01,5.056769363915674376e+01,2.965104068802588699e+00,1.698622626709322958e-02
2.068636363636363740e+02,4.844934977473622695e+01,4.761241518134535511e+01,5.060126075706084947e+01,2.988845575715494363e+00,1.694283577516841888e-02
2.069886363636363740e+02,4.846107285420779931e+01,4.762222273311257936e+01,5.063465737619021212e+01,3.012434643077632757e+00,1.689990925692086421e-02
2.071136363636363740e+02,4.847280450724430523e+01,4.763201343581296499e+01,5.066788303960970552e+01,3.035869603796740535e+00,1.685747361922551590e-02
2.072386363636363740e+02,4.848454402025279819e+01,4.764178860923212255e+01,5.070093731776419332e+01,3.059148708532070771e+00,1.681555655974875663e-02
2.073636363636363740e+02,4.849629068648388852e+01,4.765154968770986699e+01,5.073381980795971913e+01,3.082270120249852141e+00,1.677418633562410832e-02
2.074886363636363740e+02,4.850804380638100355e+01,4.766129822449859432e+01,5.076653013385166702e+01,3.105231909353072695e+00,1.673339152134900587e-02
2.076136363636363740e+02,4.851980268795189488e+01,4.767103589551410181e+01,5.079906794493983568e+01,3.128032049425733874e+00,1.669320076010194498e-02
2.077386363636363740e+02,4.853156664716399860e+01,4.768076450244946329e+01,5.083143291607086667e+01,3.150668413621403374e+00,1.665364251277168250e-02
2.078636363636363740e+02,4.854333500836371229e+01,4.769048597523152466e+01,5.086362474694760039e+01,3.173138771716075723e+00,1.661474480825120281e-02
2.079886363636363740e+02,4.855510710472011482e+01,4.770020237381012862e+01,5.089564316164604918e+01,3.195440787835920560e+00,1.657653499904654382e-02
2.081136363636363740e+02,4.856688227869307894e+01,4.770991588927837768e+01,5.092748790813953974e+01,3.217572018861162064e+00,1.653903952530555443e-02
2.082386363636363740e+02,4.857865988252569878e+01,4.771962884433098395e+01,5.095915875783042281e+01,3.239529913499438862e+00,1.650228369015138696e-02
2.083636363636363740e+02,4.859043927876027169e+01,4.772934369307525060e+01,5.099065550508940703e+01,3.261311812014156430e+00,1.646629144907052478e-02
2.084886363636363740e+02,4.860221984077707447e+01,4.773906302021582349e+01,5.102197796680256658e+01,3.282914946586743099e+00,1.643108521518144016e-02
2.086136363636363740e+02,4.861400095335488203e+01,4.774878953964017114e+01,5.105312598192592333e+01,3.304336442285752184e+00,1.639668568238761281e-02
2.087386363636363740e+02,4.862578201325173666e+01,4.775852609243685265e+01,5.108409941104814322e+01,3.325573318611290574e+00,1.636311166739545797e-02
2.088636363636363740e+02,4.863756242980438316e+01,4.776827564438208640e+01,5.111489813596089959e+01,3.346622491578813197e+00,1.633037997167718913e-02
2.089886363636363740e+02,4.864934162554457941e+01,4.777804128293400510e+01,5.114552205923734363e+01,3.367480776303338530e+00,1.629850526364151619e-02
2.091136363636363740e+02,4.866111903682998729e+01,4.778782621377567352e+01,5.117597110381855430e+01,3.388144890042880775e+00,1.626749998153798060e-02
2.092386363636363740e+02,4.867289411448765435e+01,4.779763375694977867e+01,5.120624521260808848e+01,3.408611455658309808e+00,1.623737425661886391e-02
2.093636363636363740e+02,4.868466632446740050e+01,4.780746734262879016e+01,5.123634434807470228e+01,3.428877005445912118e+00,1.620813585630997977e-02
2.094886363636363740e+02,4.869643514850287858e+01,4.781733050656453088e+01,5.126626849186322232e+01,3.448937985298691444e+00,1.617979014670822835e-02
2.096136363636363740e+02,4.870820008477730312e+01,4.782722688526092725e+01,5.129601764441365930e+01,3.468790759152732051e+00,1.615234007367405411e-02
2.097386363636363740e+02,4.871996064859136766e+01,4.783716021091260018e+01,5.132559182458847857e+01,3.488431613675878395e+00,1.612578616128246267e-02
2.098636363636363740e+02,4.873171637303047277e+01,4.784713430615133234e+01,5.135499106930824809e+01,3.507856763156915747e+00,1.610012652692205393e-02
2.099886363636363740e+02,4.874346680962855771e+01,4.785715307864023771e+01,5.138421543319535800e+01,3.527062354555120294e+00,1.607535691137229605e-02
2.101136363636363740e+02,4.875521152902561539e+01,4.786722051555393875e+01,5.141326498822608215e+01,3.546044472672143399e+00,1.605147072295665112e-02
2.102386363636363740e+02,4.876695012161621889e+01,4.787734067798102444e+01,5.144213982339081070e+01,3.564799145409786263e+00,1.602845909410177683e-02
2.103636363636363740e+02,4.877868219818638096e+01,4.788751769528248303e+01,5.147084004436238303e+01,3.583322349079899993e+00,1.600631094937199350e-02
2.104886363636363740e+02,4.879040739053603914e+01,4.789775575943754404e+01,5.149936577317264863e+01,3.601610013735104587e+00,1.598501308298949652e-02
2.106136363636363740e+02,4.880212535208464431e+01,4.790805911940601902e+01,5.152771714789697199e+01,3.619658028490952972e+00,1.596455024531451272e-02
2.107386363636363740e+02,4.881383575845745071e+01,4.791843207553304751e+01,5.155589432234677361e+01,3.637462246813726097e+00,1.594490523611824528e-02
2.108636363636363740e+02,4.882553830805019146e+01,4.792887897402026454e+01,5.158389746576992252e+01,3.655018491749657983e+00,1.592605900406596220e-02
2.109886363636363740e+02,4.883723272257000758e+01,4.793940420148436488e+01,5.161172676255903013e+01,3.672322561074665259e+00,1.590799075070492563e-02
2.111136363636363740e+02,4.884891874755049912e+01,4.795001217962140316e+01,5.163938241196726153e+01,3.689370232345858369e+00,1.589067803800503498e-02
2.112386363636363740e+02,4.886059615283913615e+01,4.796070735999307999e+01,5.166686462783192013e+01,3.706157267838840141e+00,1.587409689838636950e-02
2.113636363636363740e+02,4.887226473305538832e+01,4.797149421894850718e+01,5.169417363830532963e+01,3.722679419356822450e+00,1.585822194611807845e-02
2.114886363636363740e+02,4.888392430801777522e+01,4.798237725269274279e+01,5.172130968559312691e+01,3.738932432900384129e+00,1.584302648904412081e-02
2.116136363636363740e+02,4.889557472313890685e+01,4.799336097251125466e+01,5.174827302569967458e+01,3.754912053188419918e+00,1.582848264015979112e-02
2.117386363636363740e+02,4.890721584978685144e+01,4.800444990015733282e+01,5.177506392818049363e+01,3.770614028023160813e+00,1.581456142773873808e-02
2.118636363636363740e+02,4.891884758561216984e+01,4.801564856340768728e+01,5.180168267590163111e+01,3.786034112493943837e+00,1.580123290373336431e-02
2.119886363636363740e+02,4.893046985483952938e+01,4.802696149178976270e+01,5.182812956480560729e+01,3.801168073015844584e+00,1.578846624968122114e-02
2.121136363636363740e+02,4.894208260852350634e+01,4.803839321248238292e+01,5.185440490368391409e+01,3.816011691201531164e+00,1.577622987952764788e-02
2.122386363636363740e+02,4.895368582476766761e+01,4.804994824639047124e+01,5.188050901395598657e+01,3.830560767565515334e+00,1.576449153914438739e-02
2.123636363636363740e+02,4.896527950890685332e+01,4.806163110439274533e+01,5.190644222945413588e+01,3.844811125061390555e+00,1.575321840178389721e-02
2.124886363636363740e+02,4.897686369365237624e+01,4.807344628376074525e+01,5.193220489621459990e+01,3.858758612453854653e+00,1.574237715978199503e-02
2.126136363636363740e+02,4.898843843919992480e+01,4.808539826474590484e+01,5.195779737227439199e+01,3.872399107528487150e+00,1.573193411158513300e-02
2.127386363636363740e+02,4.900000383330052500e+01,4.809749150733120615e+01,5.198322002747359249e+01,3.885728520142386344e+00,1.572185524438651782e-02
2.128636363636363740e+02,4.901155999129436225e+01,4.810973044814285515e+01,5.200847324326329613e+01,3.898742795120440974e+00,1.571210631227870635e-02
2.129886363636363740e+02,4.902310705610813812e+01,4.812211949751663553e+01,5.203355741251856159e+01,3.911437915001926058e+00,1.570265290945371817e-02
2.131136363636363740e+02,4.903464519821604028e+01,4.813466303671373225e+01,5.205847293935647713e+01,3.923809902642744873e+00,1.569346053896225612e-02
2.132386363636363740e+02,4.904617461556516389e+01,4.814736541527936708e+01,5.208322023895911457e+01,3.935854823679747483e+00,1.568449467640675721e-02
2.132727272727272805e+02,4.904931830093410383e+01,4.815084154332103594e+01,5.208995685132582310e+01,3.939115308004787153e+00,1.568206673867678091e-02
2.133977272727272805e+02,4.906083692914736361e+01,4.816375190392792405e+01,5.211449063930538728e+01,3.950738735377463229e+00,1.567334197424230524e-02
2.135227272727272805e+02,4.907234737629224242e+01,4.817683085729353820e+01,5.213885717552075505e+01,3.962026318227216848e+00,1.566476587313303526e-02
2.136477272727272805e+02,4.908384993210086833e+01,4.819008263466982100e+01,5.216305691338129691e+01,3.972974278711475904e+00,1.565630390297201302e-02
2.137727272727272805e+02,4.909534491130958145e+01,4.820351142465227667e+01,5.218709031507664520e+01,3.983578890424368524e+00,1.564792194417208293e-02
2.138977272727272805e+02,4.910683265459391578e+01,4.821712137177769364e+01,5.221095785227586816e+01,3.993836480498174524e+00,1.563958617401794982e-02
2.140227272727272805e+02,4.911831352865126377e+01,4.823091657487989892e+01,5.223466000634193307e+01,4.003743431462034152e+00,1.563126305612883016e-02
2.141477272727272805e+02,4.912978792600958400e+01,4.824490108539163202e+01,5.225819726834937029e+01,4.013296182957738267e+00,1.562291935900361750e-02
2.142727272727272805e+02,4.914125626473163067e+01,4.825907890566445246e+01,5.228157013902120553e+01,4.022491233356753071e+00,1.561452218007275405e-02
2.143977272727272805e+02,4.915271898806588524e+01,4.827345398733011450e+01,5.230477912863108259e+01,4.031325141300968085e+00,1.560603896807322144e-02
2.145227272727272805e+02,4.916417656406114389e+01,4.828803022970681269e+01,5.232782475688989621e+01,4.039794527183083517e+00,1.559743754155107354e-02
2.146477272727272805e+02,4.917562948515085708e+01,4.830281147824391752e+01,5.235070755282544042e+01,4.047896074581522896e+00,1.558868610285202294e-02
2.147727272727272805e+02,4.918707826771033353e+01,4.831780152299403852e+01,5.237342805465913642e+01,4.055626531665097900e+00,1.557975324701743602e-02
2.148977272727272805e+02,4.919852345158862761e+01,4.833300409709704581e+01,5.239598680968212108e+01,4.062982712585075262e+00,1.557060796545783887e-02
2.150227272727272805e+02,4.920996559961628236e+01,4.834842287525785309e+01,5.241838437413171192e+01,4.069961498873858829e+00,1.556121964373602395e-02
2.151477272727272805e+02,4.922140529709023582e+01,4.836406147219634022e+01,5.244062131306877461e+01,4.076559840872434393e+00,1.555155805307606443e-02
2.152727272727272805e+02,4.923284315123649435e+01,4.837992344104496567e+01,5.246269820025653985e+01,4.082774759211574178e+00,1.554159333491611505e-02
2.153977272727272805e+02,4.924427979065139738e+01,4.839601227166664899e+01,5.248461561804077036e+01,4.088603346374121372e+00,1.553129597799340900e-02
2.155227272727272805e+02,4.925571586472202057e+01,4.841233138886290988e+01,5.250637415723150525e+01,4.094042768368595375e+00,1.552063678737169994e-02
2.156477272727272805e+02,4.926715204302595907e+01,4.842888415044077988e+01,5.252797441698625391e+01,4.099090266545474037e+00,1.550958684518377595e-02
2.157727272727272805e+02,4.927858901471087449e+01,4.844567384510533259e+01,5.254941700469480281e+01,4.103743159589470224e+00,1.549811746291140935e-02
2.158977272727272805e+02,4.929002748785366350e+01,4.846270369014516177e+01,5.257070253586518049e+01,4.107998845720018721e+00,1.548620012508195032e-02
2.160227272727272805e+02,4.930146818879929071e+01,4.847997682887906734e+01,5.259183163401129235e+01,4.111854805132225010e+00,1.547380642518447758e-02
2.161477272727272805e+02,4.931291186147880978e+01,4.849749632783469622e+01,5.261280493054151464e+01,4.115308602706818419e+00,1.546090799430999141e-02
2.162727272727272805e+02,4.932435926670648740e+01,4.851526517363367930e+01,5.263362306464877349e+01,4.118357891015094197e+00,1.544747642364541207e-02
2.163977272727272805e+02,4.933581118145511368e+01,4.853328626956289327e+01,5.265428668320143402e+01,4.121000413638540749e+00,1.543348318245563178e-02
2.165227272727272805e+02,4.934726839810898014e+01,4.855156243181755826e+01,5.267479644063554645e+01,4.123234008817988183e+00,1.541889953311681438e-02
2.166477272727272805e+02,4.935873172369400663e+01,4.857009638540937146e+01,5.269515299884767501e+01,4.125056613438303543e+00,1.540369644531836002e-02
2.167727272727272805e+02,4.937020197908405805e+01,4.858889075974048666e+01,5.271535702708904125e+01,4.126466267348554595e+00,1.538784451179964208e-02
2.168977272727272805e+02,4.938167999818269749e+01,4.860794808385278998e+01,5.273540920186005820e+01,4.127461118007268226e+00,1.537131386763945784e-02
2.170227272727272805e+02,4.939316662707989991e+01,4.862727078137043435e+01,5.275531020680589478e+01,4.128039425435460430e+00,1.535407411577693892e-02
2.171477272727272805e+02,4.940466272318292340e+01,4.864686116516224956e+01,5.277506073261254471e+01,4.128199567450295149e+00,1.533609426094528772e-02
2.172727272727272805e+02,4.941616915432096846e+01,4.866672143175853193e+01,5.279466147690354205e+01,4.127940045145010117e+00,1.531734265422812769e-02
2.173977272727272805e+02,4.942768679782346908e+01,4.868685365556425637e+01,5.281411314413708880e+01,4.127259488572832424e+00,1.529778695014982759e-02
2.175227272727272805e+02,4.943921653957161055e+01,4.870725978291741853e+01,5.283341644550384331e+01,4.126156662586424773e+00,1.527739407811168348e-02
2.176477272727272805e+02,4.945075927302372065e+01,4.872794162604660073e+01,5.285257209882487217e+01,4.124630472778271439e+00,1.525613022946004094e-02
2.177727272727272805e+02,4.946231589821466912e+01,4.874890085698617526e+01,5.287158082844993601e+01,4.122679971463760751e+00,1.523396086118822268e-02
2.178977272727272805e+02,4.947388732073020634e+01,4.877013900151058579e+01,5.289044336515617317e+01,4.120304363645587387e+00,1.521085071697569902e-02
2.180227272727272805e+02,4.948547445065712225e+01,4.879165743315093806e+01,5.290916044604671242e+01,4.117503012895774361e+00,1.518676386563555525e-02
2.181477272727272805e+02,4.949707820151101600e+01,4.881345736735720209e+01,5.292773281444952005e+01,4.114275447092317961e+00,1.516166375695604529e-02
2.182727272727272805e+02,4.950869948914285601e+01,4.883553985586893020e+01,5.294616121981618306e+01,4.110621363947252860e+00,1.513551329428253212e-02
2.183977272727272805e+02,4.952033923062695919e+01,4.885790578135482320e+01,5.296444641762066396e+01,4.106540636265840760e+00,1.510827492305821806e-02
2.185227272727272805e+02,4.953199834313207361e+01,4.888055585237852085e+01,5.298258916925781392e+01,4.102033316879293068e+00,1.507991073395231751e-02
2.186477272727272805e+02,4.954367774277869785e+01,4.890349059874414905e+01,5.300059024194175095e+01,4.097099643197601893e+00,1.505038257945301439e-02
2.187727272727272805e+02,4.955537834348517379e+01,4.892671036726981981e+01,5.301845040860382596e+01,4.091740041334006150e+00,1.501965220185752514e-02
2.188977272727272805e+02,4.956710105580570769e+01,4.895021531803200787e+01,5.303617044779011280e+01,4.085955129758104931e+00,1.498768137119554922e-02
2.190227272727272805e+02,4.957884678576345294e+01,4.897400542111793698e+01,5.305375114355861399e+01,4.079745722440677014e+00,1.495443203084789729e-02
2.191477272727272805e+02,4.959061643368224281e+01,4.899808045391618094e+01,5.307119328537545044e+01,4.073112831459269501e+00,1.491986644912657312e-02
2.192727272727272805e+02,4.960241089302029138e+01,4.902243999897012827e+01,5.308849766801071723e+01,4.066057669040588962e+00,1.488394737467757523e-02
2.193977272727272805e+02,4.961423104920933724e+01,4.904708344241127804e+01,5.310566509143336589e+01,4.058581649022087845e+00,1.484663819352505243e-02
2.195227272727272805e+02,4.962607777850308111e+01,4.907200997298403422e+01,5.312269636070497825e+01,4.050686387720944026e+00,1.480790308623625151e-02
2.196477272727272805e+02,4.963795194683822842e+01,4.909721858166659558e+01,5.313959228587273742e+01,4.042373704206141838e+00,1.476770718289088791e-02
2.197727272727272805e+02,4.964985440871182476e+01,4.912270806188713124e+01,5.315635368186124055e+01,4.033645619974109309e+00,1.472601671457596240e-02
2.198977272727272805e+02,4.966178600607809557e+01,4.914847701032835658e+01,5.317298136836279809e+01,4.024504358034441509e+00,1.468279915948755843e-02
2.200227272727272805e+02,4.967374756726852070e+01,4.917452382830909841e+01,5.318947616972666026e+01,4.014952341417561854e+00,1.463802338241038115e-02
2.201477272727272805e+02,4.968573990593775846e+01,4.920084672372613710e+01,5.320583891484650962e+01,4.004992191120372524e+00,1.459165976621079608e-02
2.202727272727272805e+02,4.969776382003901460e+01,4.922744371353593351e+01,5.322207043704650431e+01,3.994626723510570798e+00,1.454368033445518904e-02
2.203977272727272805e+02,4.970982009083118669e+01,4.925431262675192556e+01,5.323817157396555899e+01,3.983858947213633428e+00,1.449405886400256804e-02
2.205227272727272805e+02,4.972190948192074700e+01,4.928145110793017381e+01,5.325414316743977849e+01,3.972692059509604690e+00,1.444277098713797614e-02
2.206477272727272805e+02,4.973403273834057359e+01,4.930885662111334966e+01,5.326998606338305819e+01,3.961129442269708534e+00,1.438979428243669645e-02
2.207727272727272805e+02,4.974619058566792518e+01,4.933652645420127669e+01,5.328570111166558831e+01,3.949174657464311622e+00,1.433510835418871920e-02
2.208977272727272805e+02,4.975838372918349251e+01,4.936445772371429541e+01,5.330128916599024080e+01,3.936831442275945392e+00,1.427869490015609699e-02
2.210227272727272805e+02,4.977061285307318883e+01,4.939264737991507559e+01,5.331675108376689565e+01,3.924103703851820057e+00,1.422053776736476038e-02
2.211477272727272805e+02,4.978287861967415751e+01,4.942109221225331339e+01,5.333208772598435843e+01,3.910995513731045037e+00,1.416062299641396294e-02
2.212727272727272805e+02,4.979518166876606244e+01,4.944978885509804911e+01,5.334729995707991179e+01,3.897511101981862680e+00,1.409893885393387336e-02
2.213977272727272805e+02,4.980752261690868465e+01,4.947873379372184388e+01,5.336238864480665711e+01,3.883654851084813231e+00,1.403547585410080956e-02
2.215227272727272805e+02,4.981990205682655670e+01,4.950792337050198455e+01,5.337735466009813479e+01,3.869431289596150236e+00,1.397022676907511141e-02
2.216477272727272805e+02,4.983232055684097617e+01,4.953735379130422700e+01,5.339219887693070632e+01,3.854845085626479317e+00,1.390318662896561364e-02
2.217727272727272805e+02,4.984477866034984572e+01,4.956702113201586712e+01,5.340692217218316529e+01,3.839901040167298163e+00,1.383435271212363205e-02
2.218977272727272805e+02,4.985727688535522617e+01,4.959692134519562501e+01,5.342152542549392535e+01,3.824604080298300346e+00,1.376372452595120421e-02
2.220227272727272805e+02,4.986981572403853846e+01,4.962705026680973219e+01,5.343600951911565744e+01,3.808959252305925247e+00,1.369130377896965456e-02
2.221477272727272805e+02,4.988239564238305945e+01,4.965740362302474153e+01,5.345037533776722682e+01,3.792971714742485290e+00,1.361709434504376759e-02
2.222727272727272805e+02,4.989501707984323531e+01,4.968797703702910695e+01,5.346462376848323572e+01,3.776646731454128769e+00,1.354110221988946705e-02
2.223977272727272805e+02,4.990768044906009493e+01,4.971876603585766929e+01,5.347875570046089422e+01,3.759989664603224924e+00,1.346333547119371588e-02
2.225227272727272805e+02,4.992038613562213811e+01,4.974976605719449196e+01,5.349277202490451799e+01,3.743005967710026027e+00,1.338380418250295634e-02
2.226477272727272805e+02,4.993313449787046920e+01,4.978097245613140842e+01,5.350667363486748229e+01,3.725701178736073871e+00,1.330252039173274170e-02
2.227727272727272805e+02,4.994592586674749413e+01,4.981238051186166160e+01,5.352046142509182403e+01,3.708080913230162423e+00,1.321949802515121064e-02
2.228977272727272805e+02,4.995876054568779523e+01,4.984398543428928008e+01,5.353413629184559142e+01,3.690150857556311337e+00,1.313475282697140756e-02
2.230227272727272805e+02,4.997163881054995471e+01,4.987578237053729424e+01,5.354769913275784177e+01,3.671916762220547525e+00,1.304830228591669083e-02
2.231477272727272805e+02,4.998456090958820397e+01,4.990776641133876979e+01,5.356115084665156445e+01,3.653384435312794665e+00,1.296016555850343366e-02
2.232727272727272805e+02,4.999752706346236408e+01,4.993993259729721501e+01,5.357449233337464278e+01,3.634559736077427772e+00,1.287036339041947031e-02
2.233977272727272805e+02,5.001053746528469901e+01,4.997227592500364324e+01,5.358772449362876955e+01,3.615448568625126313e+00,1.277891803582065222e-02
2.235227272727272805e+02,5.002359228070223196e+01,5.000479135299997324e+01,5.360084822879660749e+01,3.596056875796634245e+00,1.268585317566817139e-02
2.236477272727272805e+02,5.003669164801301861e+01,5.003747380757920382e+01,5.361386444076742208e+01,3.577172792754403474e+00,1.259119383507822931e-02
2.237727272727272805e+02,5.004983567831486369e+01,5.007031818841458914e+01,5.362677403176095225e+01,3.576938353446088570e+00,1.249496630040880518e-02
2.238977272727272805e+02,5.006302445568495330e+01,5.010331937401149105e+01,5.363957790415014415e+01,3.576553448465190854e+00,1.239719803643879459e-02
2.240227272727272805e+02,5.007625803738882553e+01,5.013647222697622396e+01,5.365227696028257043e+01,3.576018922893744900e+00,1.229791760389531419e-02
2.241477272727272805e+02,5.008953645411716593e+01,5.016977159909811235e+01,5.366487210230076954e+01,3.575335648183603610e+00,1.219715457775549794e-02
2.242727272727272805e+02,5.010285971024894280e+01,5.020321233624162005e+01,5.367736423196178208e+01,3.574504521712839278e+00,1.209493946670647802e-02
2.243977272727272805e+02,5.011622778413928359e+01,5.023678928304630631e+01,5.368975425045600502e+01,3.573526466316721439e+00,1.199130363374223407e-02
2.245227272727272805e+02,5.012964062843059310e+01,5.027049728743378409e+01,5.370204305822533541e+01,3.572402429794742318e+00,1.188627921847285052e-02
2.246477272727272805e+02,5.014309817038549966e+01,5.030433120492101295e+01,5.371423155478129274e+01,3.571133384395793087e+00,1.177989906113907637e-02
2.247727272727272805e+02,5.015660031224022930e+01,5.033828590274085002e+01,5.372632063852266526e+01,3.569720326282435963e+00,1.167219662862351015e-02
2.248977272727272805e+02,5.017014693157673833e+01,5.037235626377038500e+01,5.373831120655334814e+01,3.568164274976609818e+00,1.156320594247972622e-02
2.250227272727272805e+02,5.018373788171248862e+01,5.040653719026946789e+01,5.375020415450039479e+01,3.566466272787906178e+00,1.145296150932750834e-02
2.251477272727272805e+02,5.019737299210645176e+01,5.044082360743127680e+01,5.376200037633241635e+01,3.564627384225964590e+00,1.134149825346497664e-02
2.252727272727272805e+02,5.021105206877984983e+01,5.047521046674792444e+01,5.377370076417861355e+01,3.562648695398763721e+00,1.122885145194629786e-02
2.253977272727272805e+02,5.022477489475067358e+01,5.050969274919440011e+01,5.378530620814859731e+01,3.560531313397923725e+00,1.111505667226708738e-02
2.255227272727272805e+02,5.023854123048040776e+01,5.054426546823422228e+01,5.379681759615313297e+01,3.558276365672725206e+00,1.100014971235196981e-02
2.256477272727272805e+02,5.025235081433208251e+01,5.057892367265109357e+01,5.380823581372604281e+01,3.555884999393960300e+00,1.088416654344115386e-02
2.257727272727272805e+02,5.026620336303822256e+01,5.061366244921038771e+01,5.381956174384750113e+01,3.553358380809278572e+00,1.076714325522942772e-02
2.258977272727272805e+02,5.028009857217789147e+01,5.064847692515523647e+01,5.383079626676872209e+01,3.550697694590830622e+00,1.064911600386153623e-02
2.260227272727272805e+02,5.029403611666144513e+01,5.068336227054161469e+01,5.384194025983848064e+01,3.547904143177035508e+00,1.053012096237893047e-02
2.261477272727272805e+02,5.030801565122229135e+01,5.071831370041736875e+01,5.385299459733135308e+01,3.544978946109061724e+00,1.041019427378842011e-02
2.262727272727272805e+02,5.032203681091444736e+01,5.075332647685002030e+01,5.386396015027801809e+01,3.541923339363570733e+00,1.028937200666035778e-02
2.263977272727272805e+02,5.033609921161503564e+01,5.078839591080826210e+01,5.387483778629781739e+01,3.538738574682781746e+00,1.016769011310714177e-02
2.265227272727272805e+02,5.035020245053098620e+01,5.082351736390242536e+01,5.388562836943350476e+01,3.535425918902518561e+00,1.004518438952572978e-02
2.266477272727272805e+02,5.036434610670876566e+01,5.085868624998864362e+01,5.389633275998863837e+01,3.531986653279872712e+00,9.921890439358094227e-03
2.267727272727272805e+02,5.037852974154672836e+01,5.089389803664214185e+01,5.390695181436744576e+01,3.528422072820717403e+00,9.797843638423842094e-03
2.268977272727272805e+02,5.039275289930901636e+01,5.092914824650443961e+01,5.391748638491759493e+01,3.524733485608578576e+00,9.673079102540782515e-03
2.270227272727272805e+02,5.040701510764031923e+01,5.096443245850967685e+01,5.392793731977578631e+01,3.520922212135467078e+00,9.547631657213173639e-03
2.271477272727272805e+02,5.042131587808108151e+01,5.099974630899502870e+01,5.393830546271637161e+01,3.516989584635290100e+00,9.421535809636338854e-03
2.272727272727272805e+02,5.043565470658214878e+01,5.103508549269994887e+01,5.394859165300313464e+01,3.512936946420985862e+00,9.294825722619748376e-03
2.273977272727272805e+02,5.045003107401844744e+01,5.107044576365939292e+01,5.395879672524430504e+01,3.508765651225857596e+00,9.167535190670150769e-03
2.275227272727272805e+02,5.046444444670104446e+01,5.110582293599550496e+01,5.396892150925093290e+01,3.504477062549888444e+00,9.039697617865272150e-03
2.276477272727272805e+02,5.047889427688716069e+01,5.114121288461251424e+01,5.397896682989873085e+01,3.500072553011570164e+00,8.911345997610453651e-03
2.277727272727272805e+02,5.049338000328737053e+01,5.117661154579952409e+01,5.398893350699339777e+01,3.495553503706027243e+00,8.782512894221383704e-03
2.278977272727272805e+02,5.050790105156987408e+01,5.121201491774543513e+01,5.399882235513963735e+01,3.490921303569763268e+00,8.653230426205027470e-03
2.280227272727272805e+02,5.052245683486098926e+01,5.124741906097038679e+01,5.400863418361385726e+01,3.486177348752867999e+00,8.523530251061117724e-03
2.281477272727272805e+02,5.053704675424182113e+01,5.128282009867813684e+01,5.401836979624052759e+01,3.481323041998706458e+00,8.393443551781842871e-03
2.282727272727272805e+02,5.055167019924040517e+01,5.131821421703300956e+01,5.402802999127260364e+01,3.476359792032198470e+00,8.263001024687355311e-03
2.283977272727272805e+02,5.056632654831918217e+01,5.135359766536593895e+01,5.403761556127552268e+01,3.471289012956340514e+00,8.132232868774735834e-03
2.285227272727272805e+02,5.058101516935738573e+01,5.138896675631281852e+01,5.404712729301537877e+01,3.466112123657993038e+00,8.001168776331724075e-03
2.286477272727272805e+02,5.059573542012794434e+01,5.142431786588945641e+01,5.405656596735093444e+01,3.460830547222990106e+00,7.970412252241487749e-03
2.287727272727272805e+02,5.061048664876877012e+01,5.145964743350625525e+01,5.406593235912968964e+01,3.455445710360919520e+00,7.966114383179956349e-03
2.288977272727272805e+02,5.062526819424802937e+01,5.149495196192621904e+01,5.407522723708794388e+01,3.449959042839914503e+00,7.961454084913555107e-03
2.290227272727272805e+02,5.064007938682324550e+01,5.153022801716964807e+01,5.408445136375488715e+01,3.444371976931641655e+00,7.956430870791564303e-03
2.291477272727272805e+02,5.065491954849400003e+01,5.156547222836866240e+01,5.409360549536087603e+01,3.438685946866876009e+00,7.951044434491905122e-03
2.292727272727272805e+02,5.066978799344789053e+01,5.160068128757450268e+01,5.410269038174961054e+01,3.432902388301720009e+00,7.945294645786304955e-03
2.293977272727272805e+02,5.068468402849979526e+01,5.163585194952078439e+01,5.411170676629449616e+01,3.427022737794700902e+00,7.939181546454676663e-03
2.295227272727272805e+02,5.069960695352408209e+01,5.167098103134527776e+01,5.412065538581909152e+01,3.421048432295009434e+00,7.932705345879753622e-03
2.296477272727272805e+02,5.071455606187971910e+01,5.170606541227297015e+01,5.412953697052147106e+01,3.414980908641751967e+00,7.925866416933047276e-03
2.297727272727272805e+02,5.072953064082809504e+01,5.174110203326318924e+01,5.413835224390290790e+01,3.408821603074812856e+00,7.918665291590798461e-03
2.298977272727272805e+02,5.074452997194345016e+01,5.177608789662290434e+01,5.414710192270030831e+01,3.402571950756858143e+00,7.911102656649404707e-03
2.300227272727272805e+02,5.075955333151586046e+01,5.181102006558888462e+01,5.415578671682285972e+01,3.396233385306999253e+00,7.903179349511901819e-03
2.301477272727272805e+02,5.077459999094664056e+01,5.184589566388069670e+01,5.416440732929250856e+01,3.389807338345868004e+00,7.894896353832336899e-03
2.302727272727272805e+02,5.078966921713607263e+01,5.188071187522695027e+01,5.417296445618855216e+01,3.383295239052479531e+00,7.886254795231195658e-03
2.303977272727272805e+02,5.080476027286344731e+01,5.191546594286653260e+01,5.418145878659598225e+01,3.376698513732534934e+00,7.877255937103200267e-03
2.305227272727272805e+02,5.081987241715932413e+01,5.195015516902716257e+01,5.418989100255787150e+01,3.370018585398547373e+00,7.867901176318525813e-03
2.306477272727272805e+02,5.083500490567005414e+01,5.198477691438262127e+01,5.419826177903139097e+01,3.363256873361336829e+00,7.858192039002176443e-03
2.307727272727272805e+02,5.085015699101442976e+01,5.201932859749094717e+01,5.420657178384780650e+01,3.356414792833376737e+00,7.848130176398626645e-03
2.308977272727272805e+02,5.086532792313247597e+01,5.205380769421482512e+01,5.421482167767618421e+01,3.349493754543708235e+00,7.837717360708040815e-03
2.310227272727272805e+02,5.088051694962645399e+01,5.208821173712604491e+01,5.422301211399055632e+01,3.342495164364102322e+00,7.826955480908281970e-03
2.311477272727272805e+02,5.089572331609397793e+01,5.212253831489542222e+01,5.423114373904108021e+01,3.335420422947102281e+00,7.815846538747450722e-03
2.312727272727272805e+02,5.091094626645330834e+01,5.215678507166958866e+01,5.423921719182841628e+01,3.328270925375107936e+00,7.804392644743529672e-03
2.313977272727272805e+02,5.092618504326082984e+01,5.219094970643607923e+01,5.424723310408190713e+01,3.321048060821077286e+00,7.792596014041919261e-03
2.315227272727272805e+02,5.094143888802072695e+01,5.222502997237795341e+01,5.425519210024096139e+01,3.313753212220234445e+00,7.780458962685088409e-03
2.316477272727272805e+02,5.095670704148692209e+01,5.225902367621915090e+01,5.426309479743991915e+01,3.306387755952997054e+00,7.767983903590902628e-03
2.317727272727272805e+02,5.097198874395726875e+01,5.229292867756174701e+01,5.427094180549637770e+01,3.298953061539108944e+00,7.755173342765431244e-03
2.318977272727272805e+02,5.098728323556009911e+01,5.232674288821621644e+01,5.427873372690245901e+01,3.291450491342359896e+00,7.742029875515754611e-03
2.320227272727272805e+02,5.100258975653309790e+01,5.236046427152567873e+01,5.428647115681945934e+01,3.283881400286361441e+00,7.728556182769352745e-03
2.321477272727272805e+02,5.101790754749471546e+01,5.239409084168507036e+01,5.429415468307561810e+01,3.276247135580902636e+00,7.714755027322439673e-03
2.322727272727272805e+02,5.103323584970797810e+01,5.242762066305635926e+01,5.430178488616678578e+01,3.268549036458807677e+00,7.700629250372514889e-03
2.323977272727272805e+02,5.104857390533693717e+01,5.246105184948018518e+01,5.430936233926016854e+01,3.260788433923231366e+00,7.686181767915911678e-03
2.325227272727272805e+02,5.106392095769567163e+01,5.249438256358536847e+01,5.431688760820088646e+01,3.252966650505214830e+00,7.671415567223505150e-03
2.326477272727272805e+02,5.107927625149014261e+01,5.252761101609650041e+01,5.432436125152133854e+01,3.245085000031195932e+00,7.656333703558004800e-03
2.327727272727272805e+02,5.109463903305266541e+01,5.256073546514060979e+01,5.433178382045343824e+01,3.237144787400772827e+00,7.640939296649662538e-03
2.328977272727272805e+02,5.111000855056941106e+01,5.259375421555350982e+01,5.433915585894327904e+01,3.229147308373867986e+00,7.625235527626728071e-03
2.330227272727272805e+02,5.112538405430082378e+01,5.262666561818638655e+01,5.434647790366857123e+01,3.221093849367747453e+00,7.609225635633265483e-03
2.331477272727272805e+02,5.114076479679503962e+01,5.265946806921333234e+01,5.435375048405847309e+01,3.212985687263433476e+00,7.592912914745397757e-03
2.332727272727272805e+02,5.115615003309451936e+01,5.269216000944027201e+01,5.436097412231595172e+01,3.204824089221432359e+00,7.576300710930183868e-03
2.333977272727272805e+02,5.117153902093586026e+01,5.272473992361589268e+01,5.436814933344240330e+01,3.196610312506543039e+00,7.559392418912125322e-03
2.335227272727272805e+02,5.118693102094306369e+01,5.275720633974489715e+01,5.437527662526460404e+01,3.188345604321540350e+00,7.542191479380733199e-03
2.336477272727272805e+02,5.120232529681400280e+01,5.278955782840415623e+01,5.438235649846384945e+01,3.180031201649846651e+00,7.524701375963616101e-03
2.337727272727272805e+02,5.121772111550075124e+01,5.282179300206223616e+01,5.438938944660722541e+01,3.171668331106474170e+00,7.506925632540628612e-03
2.338977272727272805e+02,5.123311774738316160e+01,5.285391051440248589e+01,5.439637595618093968e+01,3.163258208797778082e+00,7.488867810351962362e-03
2.340227272727272805e+02,5.124851446643660324e+01,5.288590905965017441e+01,5.440331650662557905e+01,3.154802040188975809e+00,7.470531505489930169e-03
2.341477272727272805e+02,5.126391055039319156e+01,5.291778737190399085e+01,5.441021157037337730e+01,3.146301019980185742e+00,7.451920346127849371e-03
2.342727272727272805e+02,5.127930528089714812e+01,5.294954422447222697e+01,5.441706161288722399e+01,3.137756331990075864e+00,7.433037990033142250e-03
2.343977272727272805e+02,5.129469794365417812e+01,5.298117842921390519e+01,5.442386709270140699e+01,3.129169149047228871e+00,7.413888122123069024e-03
2.345227272727272805e+02,5.131008782857499284e+01,5.301268883588507919e+01,5.443062846146423084e+01,3.120540632889237997e+00,7.394474451956511984e-03
2.346477272727272805e+02,5.132547422991314079e+01,5.304407433149062712e+01,5.443734616398197801e+01,3.111871934068837220e+00,7.374800711474449599e-03
2.347727272727272805e+02,5.134085644639718282e+01,5.307533383964167939e+01,5.444402063826463234e+01,3.103164191867449517e+00,7.354870652626743777e-03
2.348977272727272805e+02,5.135623378135734640e+01,5.310646631991890843e+01,5.445065231557300933e+01,3.094418534215662930e+00,7.334688045169457382e-03
2.350227272727272805e+02,5.137160554284682945e+01,5.313747076724190066e+01,5.445724162046728622e+01,3.085636077620456774e+00,7.314256674568753169e-03
2.351477272727272805e+02,5.138697104375772540e+01,5.316834621124475291e+01,5.446378897085688919e+01,3.076817927099163796e+00,7.293580339755578734e-03
2.352727272727272805e+02,5.140232960193182521e+01,5.319909171565797834e+01,5.447029477805168796e+01,3.067965176119862747e+00,7.272662851221411984e-03
2.353977272727272805e+02,5.141768054026631063e+01,5.322970637769693525e+01,5.447675944681432725e+01,3.059078906548016619e+00,7.251508028943476347e-03
2.355227272727272805e+02,5.143302318681449492e+01,5.326018932745692780e+01,5.448318337541385858e+01,3.050160188599363664e+00,7.230119700501802527e-03
2.356477272727272805e+02,5.144835687488163956e+01,5.329053972731495747e+01,5.448956695568027442e+01,3.041210080798634863e+00,7.208501699210501101e-03
2.357727272727272805e+02,5.146368094311608843e+01,5.332075677133838099e+01,5.449591057306022179e+01,3.032229629944133364e+00,7.186657862277456843e-03
2.358977272727272805e+02,5.147899473559567696e+01,5.335083968470036808e+01,5.450221460667363971e+01,3.023219871077962750e+00,7.164592029127447859e-03
2.360227272727272805e+02,5.149429760190970740e+01,5.338078772310241504e+01,5.450847942937129886e+01,3.014181827461591467e+00,7.142308039632894179e-03
2.361477272727272805e+02,5.150958889723625589e+01,5.341060017220389255e+01,5.451470540779318696e+01,3.005116510556931075e+00,7.119809732522242030e-03
2.362727272727272805e+02,5.152486798241544363e+01,5.344027634705864216e+01,5.452089290242774666e+01,2.996024920012303028e+00,7.097100943738610113e-03
2.363977272727272805e+02,5.154013422401819611e+01,5.346981559155871366e+01,5.452704226767183826e+01,2.986908043653642153e+00,7.074185504976071570e-03
2.365227272727272805e+02,5.155538699441105877e+01,5.349921727788527903e+01,5.453315385189130637e+01,2.977766857480247609e+00,7.051067242166197957e-03
2.366477272727272805e+02,5.157062567181687029e+01,5.352848080596670854e+01,5.453922799748232819e+01,2.968602325665457897e+00,7.027749974064079197e-03
2.367727272727272805e+02,5.158584964037153497e+01,5.355760560294390871e+01,5.454526504093333017e+01,2.959415400561795195e+00,7.004237510841448966e-03
2.368977272727272805e+02,5.160105829017700785e+01,5.358659112264274427e+01,5.455126531288732394e+01,2.950207022710316096e+00,6.980533652772180631e-03
2.370227272727272805e+02,5.161625101735046428e+01,5.361543684505382146e+01,5.455722913820488884e+01,2.940978120854424560e+00,6.956642188995942888e-03
2.371477272727272805e+02,5.163142722406986707e+01,5.364414227581939798e+01,5.456315683602751676e+01,2.931729611957649695e+00,6.932566896232117415e-03
2.372727272727272805e+02,5.164658631861602345e+01,5.367270694572747658e+01,5.456904871984133365e+01,2.922462401225310202e+00,6.908311537578981643e-03
2.373977272727272805e+02,5.166172771541114628e+01,5.370113041021316747e+01,5.457490509754130414e+01,2.913177382130157866e+00,6.883879861469210937e-03
2.375227272727272805e+02,5.167685083505409693e+01,5.372941224886712064e+01,5.458072627149564937e+01,2.903875436441552438e+00,6.859275600476166801e-03
2.376477272727272805e+02,5.169195510435228869e+01,5.375755206495114180e+01,5.458651253861053476e+01,2.894557434258246076e+00,6.834502470269399055e-03
2.377727272727272805e+02,5.170703995635059158e+01,5.378554948492097765e+01,5.459226419039502076e+01,2.885224234044429181e+00,6.809564168726467415e-03
2.378977272727272805e+02,5.172210483035689066e+01,5.381340415795600052e+01,5.459798151302626934e+01,2.875876682669378681e+00,6.784464374803178544e-03
2.380227272727272805e+02,5.173714917196491569e+01,5.384111575549616191e+01,5.460366478741480734e+01,2.866515615449891641e+00,6.759206747716461905e-03
2.381477272727272805e+02,5.175217243307398007e+01,5.386868397078573167e+01,5.460931428926993192e+01,2.857141856195951846e+00,6.733794925999347925e-03
2.382727272727272805e+02,5.176717407190595566e+01,5.389610851842416395e+01,5.461493028916528658e+01,2.847756217259330924e+00,6.708232526726476408e-03
2.383977272727272805e+02,5.178215355301958311e+01,5.392338913392369903e+01,5.462051305260435896e+01,2.838359499584775847e+00,6.682523144625918121e-03
2.385227272727272805e+02,5.179711034732196140e+01,5.395052557327397835e+01,5.462606284008612789e+01,2.828952492764166493e+00,6.656670351361526627e-03
2.386477272727272805e+02,5.181204393207760006e+01,5.397751761251333846e+01,5.463157990717061097e+01,2.819535975093010904e+00,6.630677694758446705e-03
2.387727272727272805e+02,5.182695379091490651e+01,5.400436504730691922e+01,5.463706450454436947e+01,2.810110713629462964e+00,6.604548698163625886e-03
2.388977272727272805e+02,5.184183941383030714e+01,5.403106769253143682e+01,5.464251687808601332e+01,2.800677464255706184e+00,6.578286859699744582e-03
2.390227272727272805e+02,5.185670029718996688e+01,5.405762538186652932e+01,5.464793726893150705e+01,2.791236971741540174e+00,6.551895651753625316e-03
2.391477272727272805e+02,5.187153594372927046e+01,5.408403796739279557e+01,5.465332591353941893e+01,2.781789969810148477e+00,6.525378520208846567e-03
2.392727272727272805e+02,5.188634586255013659e+01,5.411030531919621467e+01,5.465868304375600673e+01,2.772337181205870138e+00,6.498738884040733410e-03
2.393977272727272805e+02,5.190112956911614361e+01,5.413642732497905286e+01,5.466400888688011150e+01,2.762879317763967890e+00,6.471980134698185338e-03
2.395227272727272805e+02,5.191588658524567279e+01,5.416240388967715802e+01,5.466930366572776734e+01,2.753417080482094548e+00,6.445105635606296346e-03
2.396477272727272805e+02,5.193061643910309044e+01,5.418823493508350708e+01,5.467456759869679672e+01,2.743951159593706279e+00,6.418118721740029287e-03
2.397727272727272805e+02,5.194531866518785534e+01,5.421392039947803454e+01,5.467980089983085179e+01,2.734482234642996445e+00,6.391022699055781686e-03
2.398977272727272805e+02,5.195999280432205580e+01,5.423946023726361432e+01,5.468500377888351949e+01,2.725010974561463684e+00,6.363820844271117494e-03
2.400227272727272805e+02,5.197463840363587195e+01,5.426485441860811676e+01,5.469017644138181566e+01,2.715538037745943711e+00,6.336516404253700330e-03
2.401477272727272805e+02,5.198925501655159565e+01,5.429010292909252655e+01,5.469531908868960102e+01,2.706064072138005372e+00,6.309112595843657800e-03
2.402727272727272805e+02,5.200384220276572478e+01,5.431520576936500788e+01,5.470043191807056360e+01,2.696589715304838819e+00,6.281612605349096157e-03
2.403977272727272805e+02,5.201839952822975022e+01,5.434016295480080316e+01,5.470551512275087447e+01,2.687115594521124251e+00,6.254019588396886320e-03
2.405227272727272805e+02,5.203292656512915926e+01,5.436497451516800794e+01,5.471056889198143125e+01,2.677642326852271992e+00,6.226336669463705675e-03
2.406477272727272805e+02,5.204742289186117432e+01,5.438964049429908698e+01,5.471559341109983166e+01,2.668170519238657334e+00,6.198566941790772944e-03
2.407727272727272805e+02,5.206188809301087872e+01,5.441416094976791840e+01,5.472058886159181412e+01,2.658700768580935403e+00,6.170713467000155106e-03
2.408977272727272805e+02,5.207632175932617002e+01,5.443853595257269262e+01,5.472555542115239291e+01,2.649233661826222885e+00,6.142779274924237143e-03
2.410227272727272805e+02,5.209072348769127814e+01,5.446276558682399838e+01,5.473049326374648871e+01,2.639769776055210571e+00,6.114767363413875501e-03
2.411477272727272805e+02,5.210509288109906123e+01,5.448684994943868531e+01,5.473540255966923951e+01,2.630309678570178278e+00,6.086680698139446122e-03
2.412727272727272805e+02,5.211942954862217903e+01,5.451078914983882839e+01,5.474028347560564356e+01,2.620853926983464532e+00,6.058522212413208763e-03
2.413977272727272805e+02,5.213373310538300842e+01,5.453458330965615630e+01,5.474513617469001758e+01,2.611403069307009162e+00,6.030294807111147293e-03
2.415227272727272805e+02,5.214800317252249329e+01,5.455823256244168817e+01,5.474996081656475155e+01,2.601957644042258266e+00,6.002001350438490590e-03
2.416477272727272805e+02,5.216223937716800663e+01,5.458173705338040094e+01,5.475475755743867268e+01,2.592518180270666051e+00,5.973644677958134253e-03
2.417727272727272805e+02,5.217644135240016112e+01,5.460509693901113337e+01,5.475952655014494752e+01,2.583085197744786399e+00,5.945227592391688631e-03
2.418977272727272805e+02,5.219060873721858229e+01,5.462831238695147107e+01,5.476426794419840860e+01,2.573659206979826308e+00,5.916752863612373403e-03
2.420227272727272805e+02,5.220474117650697821e+01,5.465138357562745597e+01,5.476898188585239780e+01,2.564240709345419589e+00,5.888223228581068724e-03
2.421477272727272805e+02,5.221883832099710077e+01,5.467431069400829813e+01,5.477366851815515503e+01,2.554830197158054261e+00,5.859641391253944676e-03
2.422727272727272805e+02,5.223289982723203195e+01,5.469709394134578417e+01,5.477832798100552480e+01,2.545428153773492852e+00,5.831010022632199252e-03
2.423977272727272805e+02,5.224692535752865297e+01,5.471973352691850323e+01,5.478296041120832882e+01,2.536035053679675855e+00,5.802331760719425802e-03
2.425227272727272805e+02,5.226091457993937439e+01,5.474222966978067006e+01,5.478756594252902801e+01,2.526651362589653615e+00,5.773609210500296740e-03
2.426477272727272805e+02,5.227486716821309187e+01,5.476458259851553123e+01,5.479214470574790852e+01,2.517277537534816645e+00,5.744844944025828681e-03
2.427727272727272805e+02,5.228878280175558757e+01,5.478679255099329737e+01,5.479669682871372771e+01,2.507914026958140141e+00,5.716041500363644445e-03
2.428977272727272805e+02,5.230266116558921397e+01,5.480885977413356613e+01,5.480122243639682011e+01,2.506198608544352169e+00,5.687201385697449041e-03
2.430227272727272805e+02,5.231650195031203054e+01,5.483078452367205102e+01,5.480572165094157100e+01,2.514282573360020479e+00,5.658327073390978512e-03
2.431477272727272805e+02,5.233030485205633653e+01,5.485256706393168713e+01,5.481019459171838548e+01,2.522262211875350602e+00,5.629421003973789084e-03
2.432727272727272805e+02,5.234406957244672043e+01,5.487420766759795754e+01,5.481464137537510339e+01,2.530138095151237110e+00,5.600485585325998272e-03
2.433977272727272805e+02,5.235779581855763354e+01,5.489570661549836217e+01,5.481906211588775335e+01,2.537910796940728630e+00,5.571523192728022877e-03
2.435227272727272805e+02,5.237148335906360330e+01,5.491706433013342803e+01,5.482345693119667374e+01,2.545580971069824727e+00,5.542536005748388561e-03
2.436477272727272805e+02,5.238513185535968830e+01,5.493828097096036345e+01,5.482782592373263952e+01,2.553149115600675145e+00,5.513526494169695980e-03
2.437727272727272805e+02,5.239874103058742350e+01,5.495935684200381388e+01,5.483216919975753001e+01,2.560615811416390386e+00,5.484496938883864914e-03
2.438977272727272805e+02,5.241231061316857165e+01,5.498029225459448099e+01,5.483648686306049314e+01,2.567981641425909345e+00,5.455449586790450667e-03
2.440227272727272805e+02,5.242584033675845490e+01,5.500108752716656824e+01,5.484077901500553054e+01,2.575247190408113340e+00,5.499350051259455086e-03
2.441477272727272805e+02,5.243932994020035210e+01,5.502174298505997996e+01,5.484504575457832942e+01,2.582413044859627860e+00,5.570924696435497481e-03
2.442727272727272805e+02,5.245277916748007385e+01,5.504225896032667720e+01,5.484928717843271784e+01,2.589479792846603345e+00,5.641896856488415324e-03
2.443977272727272805e+02,5.246618776768045933e+01,5.506263579154073540e+01,5.485350338093670075e+01,2.596448023860276066e+00,5.712269069228170792e-03
2.445227272727272805e+02,5.247955549493572391e+01,5.508287382361236695e+01,5.485769445421784951e+01,2.603318328676643034e+00,5.782043899465350023e-03
2.446477272727272805e+02,5.249288210838563629e+01,5.510297340760534723e+01,5.486186048820831473e+01,2.610091299219710947e+00,5.851223938122984691e-03
2.447727272727272805e+02,5.250616737212948948e+01,5.512293490055829182e+01,5.486600157068916417e+01,2.616767528428802336e+00,5.919811800779939404e-03
2.448977272727272805e+02,5.251941105518002928e+01,5.514275866530909553e+01,5.487011778733425160e+01,2.623347610129066254e+00,5.987810126669046440e-03
2.450227272727272805e+02,5.253261293141704869e+01,5.516244507032308775e+01,5.487420922175341786e+01,2.629832138906039063e+00,6.055221577568659086e-03
2.451477272727272805e+02,5.254577277954116710e+01,5.518199448952432817e+01,5.487827595553527260e+01,2.636221709983161077e+00,6.122048836701310393e-03
2.452727272727272805e+02,5.255889038302717609e+01,5.520140730213037727e+01,5.488231806828922998e+01,2.642516919103201190e+00,6.188294607575528516e-03
2.453977272727272805e+02,5.257196553007763384e+01,5.522068389249010778e+01,5.488633563768720336e+01,2.648718362412473937e+00,6.253961613133185438e-03
2.455227272727272805e+02,5.258499801357609726e+01,5.523982464992485575e+01,5.489032873950446856e+01,2.654826636348758484e+00,6.319052594648155718e-03
2.456477272727272805e+02,5.259798763104055297e+01,5.525882996857268381e+01,5.489429744766024299e+01,2.660842337532130841e+00,6.383570310703134965e-03
2.457727272727272805e+02,5.261093418457673465e+01,5.527770024723559317e+01,5.489824183425739079e+01,2.666766062658858516e+00,6.447517536422253670e-03
2.458977272727272805e+02,5.262383748083139068e+01,5.529643588922986197e+01,5.490216196962190764e+01,2.672598408398471292e+00,6.510897062383946832e-03
2.460227272727272805e+02,5.263669733094558723e+01,5.531503730223935378e+01,5.490605792234154592e+01,2.678339971293766553e+00,6.573711693789618948e-03
2.461477272727272805e+02,5.264951355050813220e+01,5.533350489817167528e+01,5.490992975930407738e+01,2.683991347663543081e+00,6.635964249554149319e-03
2.462727272727272805e+02,5.266228595950887126e+01,5.535183909301717620e+01,5.491377754573491643e+01,2.689553133508304938e+00,6.697657561574033025e-03
2.463977272727272805e+02,5.267501438229216859e+01,5.537004030671089794e+01,5.491760134523423176e+01,2.695025924418729346e+00,6.758794473761042809e-03
2.465227272727272805e+02,5.268769864751044452e+01,5.538810896299715125e+01,5.492140121981344691e+01,2.700410315486706736e+00,6.819377841360108050e-03
2.466477272727272805e+02,5.270033858807772731e+01,5.540604548929685791e+01,5.492517722993130036e+01,2.705706901219130600e+00,6.879410530032714632e-03
2.467727272727272805e+02,5.271293404112333292e+01,5.542385031657758532e+01,5.492892943452928023e+01,2.710916275454252400e+00,6.938895415288470758e-03
2.468977272727272805e+02,5.272548484794575074e+01,5.544152387922615333e+01,5.493265789106654040e+01,2.716039031280402583e+00,6.997835381540085109e-03
2.470227272727272805e+02,5.273799085396646547e+01,5.545906661492386291e+01,5.493636265555433340e+01,2.721075760957397449e+00,7.056233321570459793e-03
2.471477272727272805e+02,5.275045190868412703e+01,5.547647896452427574e+01,5.494004378258985355e+01,2.726027055840148705e+00,7.114092135687144491e-03
2.472727272727272805e+02,5.276286786562865672e+01,5.549376137193335978e+01,5.494370132538956142e+01,2.730893506304703067e+00,7.171414731182323976e-03
2.473977272727272805e+02,5.277523858231567289e+01,5.551091428399225691e+01,5.494733533582205354e+01,2.735675701676584026e+00,7.228204021537010249e-03
2.475227272727272805e+02,5.278756392020099497e+01,5.552793815036228864e+01,5.495094586444034945e+01,2.740374230161293667e+00,7.284462925866819205e-03
2.476477272727272805e+02,5.279984374463537478e+01,5.554483342341247010e+01,5.495453296051366010e+01,2.744989678777095321e+00,7.340194368318009310e-03
2.477727272727272805e+02,5.281207792481935570e+01,5.556160055810921961e+01,5.495809667205870142e+01,2.749522633289863904e+00,7.395401277349833435e-03
2.478977272727272805e+02,5.282426633375843039e+01,5.557824001190838459e+01,5.496163704587052479e+01,2.753973678149954196e+00,7.450086585286896934e-03
2.480227272727272805e+02,5.283640884821826234e+01,5.559475224464955545e+01,5.496515412755272223e+01,2.758343396431293115e+00,7.504253227601509479e-03
2.481477272727272805e+02,5.284850534868024852e+01,5.561113771845247555e+01,5.496864796154729760e+01,2.762632369772227037e+00,7.557904142522886559e-03
2.482727272727272805e+02,5.286055571929720998e+01,5.562739689761569650e+01,5.497211859116390542e+01,2.766841178318486527e+00,7.611042270355028450e-03
2.483977272727272805e+02,5.287255984784938079e+01,5.564353024851737928e+01,5.497556605860873447e+01,2.770970400667998490e+00,7.663670552993551155e-03
2.485227272727272805e+02,5.288451762570062442e+01,5.565953823951801382e+01,5.497899040501282286e+01,2.775020613817389403e+00,7.715791933449622775e-03
2.486477272727272805e+02,5.289642894775481352e+01,5.567542134086536976e+01,5.498239167045993270e+01,2.778992393110556236e+00,7.767409355352583589e-03
2.487727272727272805e+02,5.290829371241255785e+01,5.569118002460134420e+01,5.498576989401396986e+01,2.782886312188786349e+00,7.818525762395722722e-03
2.488977272727272805e+02,5.292011182152814541e+01,5.570681476447079206e+01,5.498912511374591361e+01,2.786702942942646644e+00,7.869144097995217635e-03
2.490227272727272805e+02,5.293188318036673934e+01,5.572232603583240973e+01,5.499245736676025587e+01,2.790442855465670391e+00,7.919267304686172793e-03
2.491477272727272805e+02,5.294360769756184482e+01,5.573771431557130285e+01,5.499576668922106393e+01,2.794106618009458032e+00,7.968898323802875439e-03
2.492727272727272805e+02,5.295528528507309574e+01,5.575298008201364297e+01,5.499905311637758132e+01,2.797694796940547235e+00,8.018040095002731960e-03
2.493977272727272805e+02,5.296691585814420478e+01,5.576812381484296566e+01,5.500231668258929574e+01,2.801207956698760881e+00,8.066695555854153099e-03
2.495227272727272805e+02,5.297849933526136113e+01,5.578314599501842252e+01,5.500555742135062331e+01,2.804646659757061400e+00,8.114867641474177162e-03
2.496477272727272805e+02,5.299003563811169926e+01,5.579804710469478124e+01,5.500877536531525180e+01,2.808011466583081983e+00,8.162559284045300956e-03
2.497727272727272805e+02,5.300152469154230772e+01,5.581282762714403844e+01,5.501197054631987271e+01,2.811302935601730724e+00,8.209773412495735556e-03
2.498977272727272805e+02,5.301296642351935873e+01,5.582748804667883746e+01,5.501514299540762920e+01,2.814521623159478736e+00,8.256512952208083789e-03
2.500227272727272805e+02,5.302436076508755747e+01,5.584202884857759130e+01,5.501829274285108795e+01,2.817668083490033837e+00,8.302780824486433175e-03
2.501477272727272805e+02,5.303570765032991119e+01,5.585645051901114044e+01,5.502141981817479888e+01,2.820742868681229254e+00,8.348579946385825679e-03
2.502727272727272805e+02,5.304700701632789617e+01,5.587075354497110879e+01,5.502452425017743565e+01,2.823746528643212628e+00,8.393913230278826632e-03
2.503977272727272805e+02,5.305825880312170995e+01,5.588493841419982289e+01,5.502760606695360934e+01,2.826679611078112941e+00,8.438783583542885935e-03
2.505227272727272805e+02,5.306946295367112043e+01,5.589900561512178001e+01,5.503066529591517053e+01,2.829542661450659580e+00,8.483193908261910110e-03
2.506477272727272805e+02,5.308061941381637183e+01,5.591295563677657299e+01,5.503370196381213475e+01,2.832336222960201155e+00,8.527147100963361481e-03
2.507727272727272805e+02,5.309172813223955956e+01,5.592678896875350603e+01,5.503671609675335219e+01,2.835060836513946469e+00,8.570646052213248822e-03
2.508977272727272805e+02,5.310278906042624669e+01,5.594050610112741140e+01,5.503970772022659474e+01,2.837717040701164706e+00,8.613693646452702524e-03
2.510227272727272805e+02,5.311380215262747129e+01,5.595410752439617141e+01,5.504267685911842989e+01,2.840305371768700127e+00,8.656292761642703226e-03
2.511477272727272805e+02,5.312476736582199521e+01,5.596759372941946964e+01,5.504562353773360428e+01,2.842826363597474426e+00,8.698446269043813572e-03
2.512727272727272805e+02,5.313568465967890120e+01,5.598096520735898451e+01,5.504854777981410052e+01,2.845280547680083316e+00,8.740157032896433975e-03
2.513977272727272805e+02,5.314655399652059486e+01,5.599422244962003958e+01,5.505144960855788838e+01,2.847668453099444719e+00,8.781427910250272362e-03
2.515227272727272805e+02,5.315737534128595598e+01,5.600736594779439059e+01,5.505432904663722127e+01,2.849990606508434610e+00,8.822261750701443361e-03
2.516477272727272805e+02,5.316814866149402974e+01,5.602039619360459710e+01,5.505718611621657033e+01,2.852247532110567363e+00,8.862661396079829501e-03
2.517727272727272805e+02,5.317887392720783168e+01,5.603331367884942438e+01,5.506002083897038091e+01,2.854439751641592693e+00,8.902629680335394369e-03
2.518977272727272805e+02,5.318955111099870692e+01,5.604611889535064506e+01,5.506283323610024638e+01,2.856567784351938144e+00,8.942169429261070945e-03
2.520227272727272805e+02,5.320018018791076031e+01,5.605881233490109850e+01,5.506562332835185458e+01,2.858632146990338185e+00,8.981283460279598785e-03
2.521477272727272805e+02,5.321076113542584096e+01,5.607139448921387981e+01,5.506839113603165714e+01,2.860633353788038846e+00,9.019974582280099185e-03
2.522727272727272805e+02,5.322129393342878245e+01,5.608386584987282220e+01,5.507113667902310539e+01,2.862571916444039744e+00,9.058245595348068946e-03
2.523977272727272805e+02,5.323177856417283493e+01,5.609622690828400948e+01,5.507385997680264467e+01,2.864448344111174549e+00,9.096099290701431528e-03
2.525227272727272805e+02,5.324221501224569408e+01,5.610847815562868846e+01,5.507656104845524681e+01,2.866263143382994372e+00,9.133538450356581961e-03
2.526477272727272805e+02,5.325260326453560822e+01,5.612062008281702674e+01,5.507923991268982888e+01,2.868016818281418523e+00,9.170565847057332576e-03
2.527727272727272805e+02,5.326294331019798278e+01,5.613265318044314256e+01,5.508189658785418885e+01,2.869709870245159777e+00,9.207184244090171887e-03
2.528977272727272805e+02,5.327323514062216958e+01,5.614457793874119318e+01,5.508453109194972797e+01,2.871342798119023598e+00,9.243396395106628916e-03
2.530227272727272805e+02,5.328347874939874629e+01,5.615639484754256472e+01,5.508714344264576823e+01,2.872916098143818431e+00,9.279205043931426644e-03
2.531477272727272805e+02,5.329367413228700912e+01,5.616810439623396434e+01,5.508973365729374905e+01,2.874430263946955222e+00,9.314612924498533175e-03
2.532727272727272805e+02,5.330382128718279233e+01,5.617970707371674877e+01,5.509230175294092646e+01,2.875885786533956434e+00,9.349622760616682626e-03
2.533977272727272805e+02,5.331392021408669279e+01,5.619120336836709839e+01,5.509484774634393034e+01,2.877283154280405597e+00,9.384237265891215429e-03
2.535227272727272805e+02,5.332397091507253606e+01,5.620259376799721451e+01,5.509737165398195202e+01,2.878622852924678455e+00,9.418459143560653501e-03
2.536477272727272805e+02,5.333397339425623329e+01,5.621387875981757531e+01,5.509987349206964780e+01,2.879905365561342023e+00,9.452291086397224262e-03
2.537727272727272805e+02,5.334392765776490819e+01,5.622505883039998054e+01,5.510235327656988602e+01,2.881131172635072346e+00,9.485735776543435804e-03
2.538977272727272805e+02,5.335383371370637917e+01,5.623613446564169038e+01,5.510481102320605373e+01,2.882300751935311212e+00,9.518795885412600910e-03
2.540227272727272805e+02,5.336369157213896131e+01,5.624710615073038156e+01,5.510724674747417851e+01,2.883414578591420252e+00,9.551474073582255642e-03
2.541477272727272805e+02,5.337350124504154536e+01,5.625797437010999147e+01,5.510966046465482293e+01,2.884473125068446109e+00,9.583772990708894213e-03
2.542727272727272805e+02,5.338326274628410317e+01,5.626873960744755720e+01,5.511205218982463094e+01,2.885476861163454032e+00,9.615695275343227877e-03
2.543977272727272805e+02,5.339297609159834224e+01,5.627940234560072241e+01,5.511442193786765387e+01,2.886426254002380176e+00,9.647243554944395783e-03
2.545227272727272805e+02,5.340264129854887187e+01,5.628996306658630999e+01,5.511676972348644910e+01,2.887321768037438119e+00,9.678420445681013007e-03
2.546477272727272805e+02,5.341225838650451152e+01,5.630042225154954849e+01,5.511909556121295140e+01,2.888163865045036971e+00,9.709228552438275983e-03
2.547727272727272805e+02,5.342182737661002534e+01,5.631078038073421510e+01,5.512139946541894631e+01,2.888953004124189761e+00,9.739670468619010535e-03
2.548977272727272805e+02,5.343134829175811262e+01,5.632103793345352472e+01,5.512368145032655775e+01,2.889689641695412092e+00,9.769748776179199012e-03
2.550227272727272805e+02,5.344082115656174636e+01,5.633119538806180771e+01,5.512594153001823827e+01,2.890374231500061342e+00,9.799466045471660891e-03
2.551477272727272805e+02,5.345024599732677473e+01,5.634125322192700480e+01,5.512817971844670950e+01,2.891007224600230074e+00,9.828824835203420207e-03
2.552727272727272805e+02,5.345962284202481385e+01,5.635121191140380148e+01,5.513039602944460427e+01,2.891589069378987631e+00,9.857827692393072994e-03
2.553977272727272805e+02,5.346895172026660958e+01,5.636107193180767183e+01,5.513259047673382440e+01,2.892120211541062247e+00,9.886477152235784160e-03
2.555227272727272805e+02,5.347823266327545610e+01,5.637083375738944824e+01,5.513476307393481335e+01,2.892601094113992133e+00,9.914775738053549503e-03
2.556477272727272805e+02,5.348746570386107635e+01,5.638049786131076502e+01,5.513691383457553741e+01,2.893032157449688668e+00,9.942725961330722839e-03
2.557727272727272805e+02,5.349665087639377958e+01,5.639006471562007050e+01,5.513904277210019700e+01,2.893413839226290918e+00,9.970330321557696607e-03
2.558977272727272805e+02,5.350578821677888897e+01,5.639953479122942781e+01,5.514114989987783133e+01,2.893746574450538844e+00,9.997591306216691009e-03
2.560227272727272521e+02,5.351487776243145333e+01,5.640890855789191960e+01,5.514323523121059623e+01,2.894030795460466265e+00,1.002451139071069974e-02
2.561477272727272521e+02,5.352391955225131426e+01,5.641818648417970650e+01,5.514529877934201352e+01,2.894266931928392239e+00,1.005109303834927914e-02
2.562727272727272521e+02,5.353291362659835784e+01,5.642736903746272503e+01,5.514734055746482966e+01,2.894455410864367195e+00,1.007733870032723189e-02
2.563977272727272521e+02,5.354186002726822835e+01,5.643645668388808900e+01,5.514936057872880326e+01,2.894596656619860653e+00,1.010325081559670934e-02
2.565227272727272521e+02,5.355075879746810585e+01,5.644544988835998822e+01,5.515135885624822265e+01,2.894691090891882368e+00,1.012883181091694951e-02
2.566477272727272521e+02,5.355960998179295984e+01,5.645434911452029780e+01,5.515333540310928129e+01,2.894739132727337960e+00,1.015408410079032819e-02
2.567727272727272521e+02,5.356841362620198765e+01,5.646315482472967062e+01,5.515529023237730399e+01,2.894741198527682968e+00,1.017901008744104274e-02
2.568977272727272521e+02,5.357716977799535130e+01,5.647186748004936874e+01,5.515722335710364632e+01,2.894697702054017441e+00,1.020361216074405775e-02
2.570227272727272521e+02,5.358587848579119850e+01,5.648048754022345719e+01,5.515913479033258682e+01,2.894609054432258688e+00,1.022789269830326475e-02
2.571477272727272521e+02,5.359453979950300351e+01,5.648901546366174387e+01,5.516102454510790665e+01,2.894475664158740358e+00,1.025185406527384657e-02
2.572727272727272521e+02,5.360315377031707129e+01,5.649745170742315992e+01,5.516289263447932711e+01,2.894297937106088625e+00,1.027549861449017499e-02
2.573977272727272521e+02,5.361172045067043257e+01,5.650579672719968016e+01,5.516473907150889033e+01,2.894076276529247593e+00,1.029882868638054561e-02
2.575227272727272521e+02,5.362023989422894488e+01,5.651405097730079774e+01,5.516656386927699174e+01,2.893811083071852863e+00,1.032184660896717787e-02
2.576477272727272521e+02,5.362871215586564233e+01,5.652221491063856718e+01,5.516836704088835575e+01,2.893502754772924845e+00,1.034455469778805536e-02
2.577727272727272521e+02,5.363713729163946198e+01,5.653028897871296010e+01,5.517014859947784089e+01,2.893151687073498124e+00,1.036695525600350720e-02
2.578977272727272521e+02,5.364551535877405541e+01,5.653827363159793151e+01,5.517190855821604600e+01,2.892758272823876098e+00,1.038905057434647006e-02
2.580227272727272521e+02,5.365384641563703383e+01,5.654616931792786261e+01,5.517364693031480982e+01,2.892322902290828779e+00,1.041084293102301217e-02
2.581477272727272521e+02,5.366213052171936937e+01,5.655397648488447970e+01,5.517536372903249031e+01,2.891845963165110334e+00,1.043233459183312561e-02
2.582727272727272521e+02,5.367036773761506652e+01,5.656169557818421367e+01,5.517705896767922980e+01,2.891327840569147156e+00,1.045352781012098831e-02
2.583977272727272521e+02,5.367855812500116031e+01,5.656932704206611362e+01,5.517873265962181506e+01,2.890768917064953314e+00,1.047442482674654229e-02
2.585227272727272521e+02,5.368670174661784245e+01,5.657687131928010160e+01,5.518038481828870800e+01,2.890169572662259156e+00,1.049502787013523175e-02
2.586477272727272521e+02,5.369479866624890008e+01,5.658432885107565369e+01,5.518201545717468548e+01,2.889530184826753612e+00,1.051533915625668669e-02
2.587727272727272521e+02,5.370284894870248138e+01,5.659170007719104944e+01,5.518362458984546493e+01,2.888851128488568065e+00,1.053536088861761755e-02
2.588977272727272521e+02,5.371085265979195356e+01,5.659898543584284880e+01,5.518521222994213815e+01,2.888132776050895245e+00,1.055509525830444773e-02
2.590227272727272521e+02,5.371880986631709476e+01,5.660618536371592313e+01,5.518677839118556250e+01,2.887375497398828372e+00,1.057454444398331361e-02
2.591477272727272521e+02,5.372672063604555603e+01,5.661330029595382030e+01,5.518832308738038250e+01,2.886579659908264262e+00,1.059371061184322116e-02
2.592727272727272521e+02,5.373458503769442984e+01,5.662033066614954180e+01,5.518984633241930737e+01,2.885745628455111955e+00,1.061259591570262728e-02
2.593977272727272521e+02,5.374240314091220228e+01,5.662727690633664679e+01,5.519134814028684843e+01,2.884873765424444514e+00,1.063120249699522901e-02
2.595227272727272521e+02,5.375017501626088290e+01,5.663413944698084634e+01,5.519282852506319159e+01,2.883964430719963445e+00,1.064953248474864722e-02
2.596477272727272521e+02,5.375790073519830514e+01,5.664091871697188907e+01,5.519428750092795610e+01,2.883017981773583926e+00,1.066758799561995374e-02
2.597727272727272521e+02,5.376558037006078195e+01,5.664761514361575223e+01,5.519572508216362650e+01,2.882034773554970286e+00,1.068537113395251481e-02
2.598977272727272521e+02,5.377321399404581825e+01,5.665422915262732317e+01,5.519714128315902713e+01,2.881015158581504920e+00,1.070288399175467475e-02
2.600227272727272521e+02,5.378080168119522853e+01,5.666076116812335073e+01,5.519853611841271857e+01,2.879959486928122203e+00,1.072012864868554516e-02
2.601477272727272521e+02,5.378834350637835371e+01,5.666721161261568795e+01,5.519990960253618084e+01,2.878868106237334246e+00,1.073710717214737542e-02
2.602727272727272521e+02,5.379583954527558376e+01,5.667358090700492568e+01,5.520126175025682613e+01,2.877741361729341918e+00,1.075382161731397446e-02
2.603977272727272521e+02,5.380328987436193700e+01,5.667986947057436709e+01,5.520259257642110384e+01,2.876579596212430090e+00,1.077027402704544556e-02
2.605227272727272521e+02,5.381069457089107999e+01,5.668607772098425812e+01,5.520390209599732145e+01,2.875383150093178131e+00,1.078646643205161126e-02
2.606477272727272521e+02,5.381805371287943274e+01,5.669220607426635894e+01,5.520519032407845117e+01,2.874152361386926202e+00,1.080240085084227530e-02
2.607727272727272521e+02,5.382536737909046565e+01,5.669825494481884931e+01,5.520645727588480156e+01,2.872887565728383663e+00,1.081807928974143351e-02
2.608977272727272521e+02,5.383263564901922393e+01,5.670422474540144719e+01,5.520770296676657551e+01,2.871589096382223261e+00,1.083350374297253893e-02
2.610227272727272521e+02,5.383985860287710068e+01,5.671011588713089679e+01,5.520892741220635713e+01,2.870257284253796115e+00,1.084867619265139638e-02
2.611477272727272521e+02,5.384703632157683728e+01,5.671592877947670530e+01,5.521013062782150627e+01,2.868892457899868020e+00,1.086359860881458417e-02
2.612727272727272521e+02,5.385416888671759494e+01,5.672166383025716385e+01,5.521131262936641804e+01,2.867494943539568908e+00,1.087827294947629753e-02
2.613977272727272521e+02,5.386125638057032461e+01,5.672732144563561008e+01,5.521247343273473263e+01,2.866065065065285467e+00,1.089270116062834859e-02
2.615227272727272521e+02,5.386829888606337136e+01,5.673290203011704591e+01,5.521361305396141006e+01,2.864603144053674555e+00,1.090688517627569354e-02
2.616477272727272521e+02,5.387529648676814986e+01,5.673840598654489042e+01,5.521473150922479789e+01,2.863109499776740563e+00,1.092082691853590859e-02
2.617727272727272521e+02,5.388224926688511829e+01,5.674383371609802396e+01,5.521582881484847860e+01,2.861584449212905668e+00,1.093452829759655742e-02
2.618977272727272521e+02,5.388915731122991559e+01,5.674918561828823727e+01,5.521690498730316676e+01,2.860028307058321673e+00,1.094799121176492918e-02
2.620227272727272521e+02,5.389602070521968358e+01,5.675446209095763095e+01,5.521796004320842144e+01,2.858441385737947371e+00,1.096121754754619815e-02
2.621477272727272521e+02,5.390283953485952395e+01,5.675966353027649802e+01,5.521899399933435859e+01,2.856823995416974071e+00,1.097420917960789666e-02
2.622727272727272521e+02,5.390961388672928933e+01,5.676479033074133440e+01,5.522000687260322138e+01,2.855176444012045067e+00,1.098696797092202360e-02
2.623977272727272521e+02,5.391634384797031032e+01,5.676984288517306254e+01,5.522099868009086521e+01,2.853499037202752220e+00,1.099949577272241186e-02
2.625227272727272521e+02,5.392302950627261282e+01,5.677482158471555351e+01,5.522196943902825694e+01,2.851792078442940692e+00,1.101179442454736090e-02
2.626477272727272521e+02,5.392967094986202170e+01,5.677972681883429829e+01,5.522291916680277524e+01,2.850055868972276585e+00,1.102386575432490190e-02
2.627727272727272521e+02,5.393626826748766945e+01,5.678455897531528507e+01,5.522384788095953212e+01,2.848290707827615620e+00,1.103571157838700856e-02
2.628977272727272521e+02,5.394282154840953325e+01,5.678931844026413245e+01,5.522475559920259514e+01,2.846496891854599198e+00,1.104733370149091343e-02
2.630227272727272521e+02,5.394933088238617103e+01,5.679400559810535754e+01,5.522564233939606027e+01,2.844674715719186509e+00,1.105873391691147845e-02
2.631477272727272521e+02,5.395579635966272747e+01,5.679862083158198516e+01,5.522650811956524564e+01,2.842824471919257689e+00,1.106991400641277323e-02
2.632727272727272521e+02,5.396221807095894007e+01,5.680316452175507891e+01,5.522735295789757259e+01,2.840946450796138834e+00,1.108087574043281620e-02
2.633977272727272521e+02,5.396859610745747915e+01,5.680763704800381220e+01,5.522817687274361731e+01,2.839040940546333047e+00,1.109162087790593887e-02
2.635227272727272521e+02,5.397493056079235885e+01,5.681203878802539009e+01,5.522897988261786395e+01,2.837108227233031243e+00,1.110215116651147582e-02
2.636477272727272521e+02,5.398122152303746901e+01,5.681637011783536195e+01,5.522976200619965681e+01,2.835148594797892940e+00,1.111246834259560501e-02
2.637727272727272521e+02,5.398746908669546229e+01,5.682063141176804777e+01,5.523052326233385401e+01,2.833162325072585475e+00,1.112257413129924544e-02
2.638977272727272521e+02,5.399367334468652757e+01,5.682482304247712079e+01,5.523126367003153092e+01,2.831149697790593223e+00,1.113247024650831918e-02
2.640227272727272521e+02,5.399983439033754706e+01,5.682894538093633940e+01,5.523198324847066942e+01,2.829110990598792341e+00,1.114215839101007077e-02
2.641477272727272521e+02,5.400595231737131741e+01,5.683299879644055608e+01,5.523268201699664814e+01,2.827046479069238671e+00,1.115164025643622381e-02
2.642727272727272521e+02,5.401202721989587019e+01,5.683698365660669083e+01,5.523335999512279670e+01,2.824956436710820640e+00,1.116091752336956233e-02
2.643977272727272521e+02,5.401805919239407672e+01,5.684090032737502440e+01,5.523401720253089309e+01,2.822841134980947686e+00,1.116999186143630141e-02
2.645227272727272521e+02,5.402404832971332382e+01,5.684474917301058383e+01,5.523465365907152602e+01,2.820700843297260008e+00,1.117886492918529484e-02
2.646477272727272521e+02,5.402999472705528206e+01,5.684853055610468431e+01,5.523526938476446446e+01,2.818535829049402253e+00,1.118753837432251430e-02
2.647727272727272521e+02,5.403589847996592965e+01,5.685224483757656344e+01,5.523586439979892759e+01,2.816346357610633788e+00,1.119601383368262759e-02
2.648977272727272521e+02,5.404175968432568311e+01,5.685589237667527840e+01,5.523643872453392589e+01,2.814132692349595288e+00,1.120429293326452580e-02
2.650227272727272521e+02,5.404757843633966274e+01,5.685947353098155332e+01,5.523699237949838192e+01,2.811895094641890580e+00,1.121237728825263957e-02
2.651477272727272521e+02,5.405335483252807194e+01,5.686298865640998201e+01,5.523752538539129375e+01,2.809633823881910075e+00,1.122026850318746938e-02
2.652727272727272521e+02,5.405908896971671140e+01,5.686643810721113113e+01,5.523803776308191971e+01,2.807349137494419722e+00,1.122796817185900409e-02
2.653977272727272521e+02,5.406478094502781317e+01,5.686982223597400576e+01,5.523852953360974993e+01,2.805041290946192589e+00,1.123547787748435667e-02
2.655227272727272521e+02,5.407043085587065434e+01,5.687314139362842980e+01,5.523900071818460589e+01,2.802710537757775455e+00,1.124279919266513161e-02
2.656477272727272521e+02,5.407603879993264684e+01,5.687639592944764644e+01,5.523945133818652664e+01,2.800357129514999599e+00,1.124993367950111178e-02
2.657727272727272521e+02,5.408160487517041304e+01,5.687958619105105385e+01,5.523988141516579020e+01,2.797981315880640807e+00,1.125688288960446926e-02
2.658977272727272521e+02,5.408712917980099633e+01,5.688271252440699044e+01,5.524029097084274298e+01,2.795583344605994114e+00,1.126364836417081960e-02
2.660227272727272521e+02,5.409261181229312854e+01,5.688577527383569077e+01,5.524068002710772873e+01,2.793163461542562231e+00,1.127023163400053818e-02
2.661477272727272521e+02,5.409805287135883134e+01,5.688877478201229110e+01,5.524104860602081857e+01,2.790721910653459759e+00,1.127663421958402523e-02
2.662727272727272521e+02,5.410345245594493235e+01,5.689171138997001975e+01,5.524139672981161198e+01,2.788258934025087399e+00,1.128285763115144391e-02
2.663977272727272521e+02,5.410881066522487970e+01,5.689458543710341587e+01,5.524172442087899526e+01,2.785774771878536171e+00,1.128890336865140398e-02
2.665227272727272521e+02,5.411412759859044286e+01,5.689739726117161922e+01,5.524203170179087863e+01,2.783269662581176362e+00,1.129477292195701921e-02
2.666477272727272521e+02,5.411940335564384696e+01,5.690014719830193002e+01,5.524231859528372013e+01,2.780743842658083054e+00,1.130046777073800968e-02
2.667727272727272521e+02,5.412463803618977209e+01,5.690283558299326216e+01,5.524258512426233381e+01,2.778197546803490070e+00,1.130598938459570491e-02
2.668977272727272521e+02,5.412983174022761546e+01,5.690546274811974570e+01,5.524283131179937101e+01,2.775631007892130242e+00,1.131133922318383611e-02
2.670227272727272521e+02,5.413498456794373226e+01,5.690802902493453530e+01,5.524305718113492958e+01,2.773044456990803042e+00,1.131651873612327108e-02
2.671477272727272521e+02,5.414009661970400344e+01,5.691053474307351934e+01,5.524326275567606359e+01,2.770438123369515893e+00,1.132152936312280644e-02
2.672727272727272521e+02,5.414516799604632524e+01,5.691298023055928468e+01,5.524344805899636413e+01,2.767812234512959435e+00,1.132637253406443278e-02
2.673977272727272521e+02,5.415019879767322664e+01,5.691536581380502469e+01,5.524361311483527714e+01,2.765167016131798050e+00,1.133104966898201837e-02
2.675227272727272521e+02,5.415518912544480656e+01,5.691769181761861063e+01,5.524375794709770560e+01,2.762502692173804064e+00,1.133556217815367972e-02
2.676477272727272521e+02,5.416013908037147218e+01,5.691995856520671282e+01,5.524388257985332018e+01,2.759819484835240644e+00,1.133991146217994128e-02
2.677727272727272521e+02,5.416504876360703236e+01,5.692216637817904257e+01,5.524398703733602645e+01,2.757117614572010211e+00,1.134409891194820830e-02
2.678977272727272521e+02,5.416991827644174862e+01,5.692431557655249463e+01,5.524407134394323293e+01,2.754397300110746016e+00,1.134812590881750793e-02
2.680227272727272521e+02,5.417474772029559915e+01,5.692640647875565918e+01,5.524413552423526852e+01,2.751658758460060028e+00,1.135199382451190786e-02
2.681477272727272521e+02,5.417953719671157842e+01,5.692843940163313476e+01,5.524417960293465057e+01,2.748902204921556347e+00,1.135570402127683565e-02
2.682727272727272521e+02,5.418428680734909619e+01,5.693041466044998344e+01,5.524420360492538862e+01,2.746127853100887251e+00,1.135925785194302762e-02
2.683977272727272521e+02,5.418899665397755427e+01,5.693233256889632088e+01,5.524420755525220272e+01,2.743335914918766605e+00,1.136265665991942342e-02
2.685227272727272521e+02,5.419366683846991606e+01,5.693419343909194197e+01,5.524419147911981298e+01,2.740526600622025910e+00,1.136590177924290401e-02
2.686477272727272521e+02,5.419829746279646088e+01,5.693599758159086832e+01,5.524415540189212948e+01,2.737700118794407445e+00,1.136899453469197852e-02
2.687727272727272521e+02,5.420288862901859517e+01,5.693774530538621548e+01,5.524409934909142805e+01,2.734856676367620310e+00,1.137193624180099505e-02
2.688977272727272521e+02,5.420744043928277733e+01,5.693943691791486117e+01,5.524402334639756873e+01,2.731996478632083836e+00,1.137472820686014074e-02
2.690227272727272521e+02,5.421195299581452787e+01,5.694107272506231965e+01,5.524392741964709330e+01,2.729119729247791781e+00,1.137737172708597200e-02
2.691477272727272521e+02,5.421642640091254606e+01,5.694265303116763732e+01,5.524381159483239401e+01,2.726226630255091266e+00,1.137986809055746562e-02
2.692727272727272521e+02,5.422086075694288354e+01,5.694417813902828840e+01,5.524367589810083246e+01,2.723317382085404859e+00,1.138221857633681111e-02
2.693977272727272521e+02,5.422525616633327417e+01,5.694564834990516999e+01,5.524352035575375908e+01,2.720392183571895828e+00,1.138442445450493778e-02
2.695227272727272521e+02,5.422961273156748518e+01,5.694706396352766120e+01,5.524334499424568889e+01,2.717451231960176017e+00,1.138648698619704192e-02
2.696477272727272521e+02,5.423393055517979633e+01,5.694842527809868216e+01,5.524314984018330676e+01,2.714494722918885827e+00,1.138840742365232472e-02
2.697727272727272521e+02,5.423820973974959259e+01,5.694973259029977442e+01,5.524293492032450814e+01,2.711522850550181829e+00,1.139018701032057379e-02
2.698977272727272521e+02,5.424245038789596407e+01,5.695098619529634476e+01,5.524270026157739721e+01,2.708535807400380691e+00,1.139182698079110878e-02
2.700227272727272521e+02,5.424665260227244801e+01,5.695218638674279532e+01,5.524244589099941294e+01,2.705533784470347314e+00,1.139332856104147140e-02
2.701477272727272521e+02,5.425081648556189151e+01,5.695333345678781711e+01,5.524217183579615664e+01,2.702516971225925602e+00,1.139469296823136801e-02
2.702727272727272521e+02,5.425494214047128594e+01,5.695442769607964806e+01,5.524187812332048253e+01,2.699485555608362120e+00,1.139592141099399214e-02
2.703977272727272521e+02,5.425902966972683572e+01,5.695546939377135942e+01,5.524156478107146029e+01,2.696439724044523700e+00,1.139701508932233764e-02
2.705227272727272521e+02,5.426307917606888509e+01,5.695645883752627014e+01,5.524123183669326664e+01,2.693379661457385055e+00,1.139797519475393983e-02
2.706477272727272521e+02,5.426709076224726402e+01,5.695739631352331855e+01,5.524087931797417639e+01,2.690305551276054530e+00,1.139880291025008319e-02
2.707727272727272521e+02,5.427106453101629313e+01,5.695828210646243406e+01,5.524050725284547525e+01,2.687217575446140927e+00,1.139949941043028048e-02
2.708977272727272521e+02,5.427500058513027170e+01,5.695911649957000833e+01,5.524011566938033013e+01,2.684115914439736628e+00,1.140006586148700762e-02
2.710227272727272521e+02,5.427889902733874550e+01,5.695989977460442333e+01,5.523970459579278725e+01,2.681000747265677830e+00,1.140050342131360139e-02
2.711477272727272521e+02,5.428275996038199480e+01,5.696063221186147985e+01,5.523927406043657840e+01,2.677872251479485044e+00,1.140081323951847025e-02
2.712727272727272521e+02,5.428658348698661484e+01,5.696131409018000369e+01,5.523882409180402675e+01,2.674730603193388845e+00,1.140099645743219980e-02
2.713977272727272521e+02,5.429036970986099675e+01,5.696194568694730975e+01,5.523835471852494550e+01,2.671575977086313003e+00,1.140105420832071559e-02
2.715227272727272521e+02,5.429411873169114244e+01,5.696252727810492189e+01,5.523786596936545834e+01,2.668408546413779447e+00,1.140098761720054199e-02
2.716477272727272521e+02,5.429783065513636586e+01,5.696305913815402278e+01,5.523735787322684132e+01,2.665228483017656913e+00,1.140079780110880847e-02
2.717727272727272521e+02,5.430150558282507234e+01,5.696354154016123772e+01,5.523683045914444278e+01,2.662035957336165382e+00,1.140048586896824645e-02
2.718977272727272521e+02,5.430514361735070139e+01,5.696397475576414848e+01,5.523628375628644704e+01,2.658831138413447093e+00,1.140005292177903584e-02
2.720227272727272521e+02,5.430874486126766953e+01,5.696435905517706288e+01,5.523571779395269488e+01,2.655614193909393350e+00,1.139950005258327792e-02
2.721477272727272521e+02,5.431230941708741966e+01,5.696469470719663519e+01,5.523513260157356797e+01,2.652385290109215532e+00,1.139882834655026045e-02
2.722727272727272521e+02,5.431583738727445620e+01,5.696498197920762152e+01,5.523452820870870994e+01,2.649144591933165316e+00,1.139803888099777396e-02
2.723977272727272521e+02,5.431932887424261480e+01,5.696522113718857128e+01,5.523390464504591080e+01,2.645892262945956475e+00,1.139713272548448231e-02
2.725227272727272521e+02,5.432278398035117561e+01,5.696541244571758966e+01,5.523326194039988479e+01,2.642628465366414048e+00,1.139611094180281725e-02
2.726477272727272521e+02,5.432620280790125378e+01,5.696555616797806465e+01,5.523260012471099856e+01,2.639353360076810873e+00,1.139497458409266528e-02
2.727727272727272521e+02,5.432958545913209036e+01,5.696565256576444369e+01,5.523191922804417686e+01,2.636067106632353330e+00,1.139372469880584049e-02
2.728977272727272521e+02,5.433293203621749967e+01,5.696570189948803886e+01,5.523121928058752417e+01,2.632769863270539190e+00,1.139236232482687683e-02
2.730227272727272521e+02,5.433624264126235914e+01,5.696570442818277513e+01,5.523050031265130144e+01,2.629461786920415989e+00,1.139088849350144983e-02
2.731477272727272521e+02,5.433951737629911349e+01,5.696566040951101684e+01,5.522976235466646244e+01,2.626143033211903344e+00,1.138930422867190373e-02
2.732727272727272521e+02,5.434275634328447779e+01,5.696557009976938701e+01,5.522900543718363053e+01,2.622813756484909220e+00,1.138761054667014605e-02
2.733977272727272521e+02,5.434595964409596291e+01,5.696543375389455832e+01,5.522822959087173444e+01,2.619474109798595407e+00,1.138580845652370499e-02
2.735227272727272521e+02,5.434912738052868519e+01,5.696525162546912924e+01,5.522743484651676482e+01,2.616124244940444044e+00,1.138389895979941002e-02
2.736477272727272521e+02,5.435225965429214767e+01,5.696502396672741497e+01,5.522662123502063736e+01,2.612764312435267300e+00,1.138188305084497642e-02
2.737727272727272521e+02,5.435535656700706397e+01,5.696475102856130235e+01,5.522578878739980723e+01,2.609394461554238376e+00,1.137976171668952929e-02
2.738977272727272521e+02,5.435841822020219638e+01,5.696443306052613309e+01,5.522493753478411804e+01,2.606014840323936710e+00,1.137753593715018496e-02
2.740227272727272521e+02,5.436144471531142131e+01,5.696407031084653738e+01,5.522406750841549439e+01,2.602625595535116076e+00,1.137520668486047271e-02
2.741477272727272521e+02,5.436443615367063842e+01,5.696366302642223900e+01,5.522317873964665580e+01,2.599226872751600581e+00,1.137277492536270529e-02
2.742727272727272521e+02,5.436739263651483611e+01,5.696321145283398835e+01,5.522227125993996566e+01,2.595818816319152234e+00,1.137024161709376813e-02
2.743977272727272521e+02,5.437031426497527775e+01,5.696271583434945285e+01,5.522134510086608827e+01,2.592401569374175097e+00,1.136760771143485726e-02
2.745227272727272521e+02,5.437320114007657423e+01,5.696217641392897946e+01,5.522040029410268858e+01,2.588975273852405223e+00,1.136487415279674451e-02
2.746477272727272521e+02,5.437605336273395551e+01,5.696159343323152058e+01,5.521943687143326684e+01,2.585540070497565068e+00,1.136204187867662085e-02
2.747727272727272521e+02,5.437887103375052789e+01,5.696096713262056710e+01,5.521845486474582287e+01,2.582096098870039214e+00,1.135911181959414762e-02
2.748977272727272521e+02,5.438165425381455975e+01,5.696029775116983984e+01,5.521745430603165516e+01,2.578643497355280090e+00,1.135608489929751386e-02
2.750227272727272521e+02,5.438440312349692363e+01,5.695958552666940733e+01,5.521643522738398246e+01,2.575182403172483703e+00,1.135296203464264408e-02
2.751477272727272521e+02,5.438711774324842452e+01,5.695883069563130618e+01,5.521539766099677848e+01,2.571712952382881667e+00,1.134974413578504482e-02
2.752727272727272521e+02,5.438979821339729881e+01,5.695803349329557363e+01,5.521434163916349291e+01,2.568235279898274825e+00,1.134643210612296116e-02
2.753977272727272521e+02,5.439244463414675579e+01,5.695719415363605975e+01,5.521326719427571561e+01,2.564749519489303964e+00,1.134302684236132563e-02
2.755227272727272521e+02,5.439505710557251916e+01,5.695631290936624680e+01,5.521217435882195446e+01,2.561255803793727637e+00,1.133952923463255047e-02
2.756477272727272521e+02,5.439763572762042543e+01,5.695538999194519647e+01,5.521106316538644876e+01,2.557754264324771043e+00,1.133594016636152446e-02
2.757727272727272521e+02,5.440018060010402934e+01,5.695442563158331239e+01,5.520993364664770553e+01,2.554245031479283057e+00,1.133226051454272465e-02
2.758977272727272521e+02,5.440269182270242254e+01,5.695342005724820922e+01,5.520878583537744078e+01,2.550728234545786677e+00,1.132849114961231862e-02
2.760227272727272521e+02,5.440516949495783905e+01,5.695237349667061721e+01,5.520761976443915131e+01,2.547204001712778165e+00,1.132463293553342965e-02
2.761477272727272521e+02,5.440761371627351650e+01,5.695128617635014479e+01,5.520643546678701341e+01,2.543672460076628283e+00,1.132068672986719093e-02
2.762727272727272521e+02,5.441002458591152902e+01,5.695015832156116176e+01,5.520523297546445463e+01,2.540133735649632740e+00,1.131665338377274566e-02
2.763977272727272521e+02,5.441240220299060582e+01,5.694899015635857609e+01,5.520401232360298138e+01,2.536587953367970272e+00,1.131253374209961748e-02
2.765227272727272521e+02,5.441474666648409197e+01,5.694778190358367453e+01,5.520277354442098527e+01,2.533035237099582559e+00,1.130832864339481603e-02
2.766477272727272521e+02,5.441705807521789495e+01,5.694653378486994200e+01,5.520151667122231487e+01,2.529475709652047044e+00,1.130403891994546939e-02
2.767727272727272521e+02,5.441933652786842401e+01,5.694524602064887375e+01,5.520024173739518147e+01,2.525909492780449739e+00,1.129966539782145674e-02
2.768977272727272521e+02,5.442158212296070019e+01,5.694391883015568823e+01,5.519894877641080200e+01,2.522336707194988037e+00,1.129520889694646257e-02
2.770227272727272521e+02,5.442379495886640939e+01,5.694255243143523870e+01,5.519763782182224077e+01,2.518757472568829314e+00,1.129067023108376588e-02
2.771477272727272521e+02,5.442597513380198393e+01,5.694114704134765503e+01,5.519630890726309502e+01,2.515171907545671104e+00,1.128605020794282154e-02
2.772727272727272521e+02,5.442812274582675514e+01,5.693970287557424115e+01,5.519496206644623726e+01,2.511580129747486012e+00,1.128134962915083861e-02
2.773977272727272521e+02,5.443023789284121250e+01,5.693822014862308123e+01,5.519359733316267125e+01,2.507982255781868730e+00,1.127656929035225630e-02
2.775227272727272521e+02,5.443232067258514206e+01,5.693669907383491591e+01,5.519221474128015359e+01,2.504378401249773844e+00,1.127170998123006029e-02
2.776477272727272521e+02,5.443437118263595664e+01,5.693513986338881239e+01,5.519081432474210658e+01,2.500768680752855744e+00,1.126677248551288812e-02
2.777727272727272521e+02,5.443638952040693368e+01,5.693354272830789142e+01,5.518939611756626817e+01,2.497153207900957739e+00,1.126175758104608349e-02
2.778977272727272521e+02,5.443837578314560943e+01,5.693190787846499745e+01,5.518796015384354803e+01,2.493532095319388020e+00,1.125666603988406678e-02
2.780227272727272521e+02,5.444033006793212337e+01,5.693023552258851083e+01,5.518650646773670587e+01,2.489905454656387462e+00,1.125149862818375368e-02
2.781477272727272521e+02,5.444225247167764792e+01,5.692852586826791139e+01,5.518503509347924307e+01,2.486273396590263474e+00,1.124625610639640172e-02
2.782727272727272521e+02,5.444414309112278261e+01,5.692677912195949119e+01,5.518354606537413787e+01,2.482636030836708585e+00,1.124093922926050482e-02
2.783977272727272521e+02,5.444600202283604062e+01,5.692499548899208150e+01,5.518203941779258059e+01,2.478993466156040881e+00,1.123554874570942275e-02
2.785227272727272521e+02,5.444782936321242062e+01,5.692317517357255952e+01,5.518051518517283682e+01,2.475345810360138898e+00,1.123008539917691451e-02
2.786477272727272521e+02,5.444962520847185061e+01,5.692131837879162504e+01,5.517897340201901812e+01,2.471693170319774424e+00,1.122454992737687007e-02
2.787727272727272521e+02,5.445138965465781666e+01,5.691942530662930722e+01,5.517741410289987414e+01,2.468035651971490552e+00,1.121894306250226236e-02
2.788977272727272521e+02,5.445312279763599861e+01,5.691749615796064177e+01,5.517583732244760597e+01,2.464373360324643158e+00,1.121326553116830382e-02
2.790227272727272521e+02,5.445482473309283478e+01,5.691553113256123453e+01,5.517424309535667248e+01,2.460706399468399752e+00,1.120751805449771155e-02
2.791477272727272521e+02,5.445649555653419327e+01,5.691353042911282500e+01,5.517263145638257527e+01,2.457034872578631735e+00,1.120170134817044527e-02
2.792727272727272521e+02,5.445813536328414273e+01,5.691149424520884281e+01,5.517100244034073597e+01,2.453358881924700086e+00,1.119581612246633995e-02
2.793977272727272521e+02,5.445974424848363071e+01,5.690942277735999255e+01,5.516935608210528130e+01,2.449678528876361838e+00,1.118986308220115689e-02
2.795227272727272521e+02,5.446132230708920474e+01,5.690731622099976050e+01,5.516769241660782797e+01,2.445993913910555762e+00,1.118384292688290316e-02
2.796477272727272521e+02,5.446286963387188962e+01,5.690517477048990003e+01,5.516601147883640976e+01,2.442305136618010408e+00,1.117775635069762075e-02
2.797727272727272521e+02,5.446438632341592267e+01,5.690299861912595247e+01,5.516431330383423415e+01,2.438612295710029798e+00,1.117160404258044082e-02
2.798977272727272521e+02,5.446587247011761690e+01,5.690078795914271836e+01,5.516259792669858086e+01,2.434915489025101465e+00,1.116538668618716201e-02
2.800227272727272521e+02,5.446732816818428091e+01,5.689854298171976410e+01,5.516086538257959404e+01,2.431214813535483188e+00,1.115910495997951557e-02
2.801477272727272521e+02,5.446875351163306789e+01,5.689626387698680787e+01,5.515911570667918085e+01,2.427510365353739985e+00,1.115275953726069247e-02
2.802727272727272521e+02,5.447014859428986711e+01,5.689395083402919084e+01,5.515734893424982488e+01,2.423802239739323738e+00,1.114635108616823800e-02
2.803977272727272521e+02,5.447151350978836604e+01,5.689160404089327017e+01,5.515556510059350614e+01,2.420090531104904130e+00,1.113988026977352774e-02
2.805227272727272521e+02,5.447284835156895610e+01,5.688922368459183332e+01,5.515376424106052156e+01,2.416375333022877214e+00,1.113334774606755673e-02
2.806477272727272521e+02,5.447415321287772372e+01,5.688680995110945560e+01,5.515194639104839780e+01,2.412656738231731879e+00,1.112675416801778283e-02
2.807727272727272521e+02,5.447542818676552656e+01,5.688436302540789313e+01,5.515011158600071894e+01,2.408934838642366572e+00,1.112010018357523222e-02
2.808977272727272521e+02,5.447667336608702726e+01,5.688188309143138355e+01,5.514825986140604641e+01,2.405209725344356286e+00,1.111338643574555363e-02
2.810227272727272521e+02,5.447788884349976968e+01,5.687937033211198923e+01,5.514639125279683185e+01,2.401481488612219550e+00,1.110661356266007260e-02
2.811477272727272521e+02,5.447907471146331204e+01,5.687682492937494771e+01,5.514450579574826605e+01,2.397750217911635673e+00,1.109978219746210470e-02
2.812727272727272521e+02,5.448023106223833167e+01,5.687424706414390840e+01,5.514260352587720604e+01,2.394016001905576729e+00,1.109289296849169659e-02
2.813977272727272521e+02,5.448135798788575812e+01,5.687163691634619056e+01,5.514068447884108082e+01,2.390278928460432439e+00,1.108594649927852061e-02
2.815227272727272521e+02,5.448245558026600577e+01,5.686899466491806976e+01,5.513874869033681136e+01,2.386539084652063991e+00,1.107894340853476933e-02
2.816477272727272521e+02,5.448352393103814961e+01,5.686632048781006432e+01,5.513679619609970928e+01,2.382796556771914709e+00,1.107188431021199904e-02
2.817727272727272521e+02,5.448456313165907261e+01,5.686361456199203701e+01,5.513482703190247491e+01,2.379051430332964401e+00,1.106476981352955136e-02
2.818977272727272521e+02,5.448557327338286882e+01,5.686087706345843884e+01,5.513284123355398236e+01,2.375303790075570021e+00,1.105760052309534558e-02
2.820227272727272521e+02,5.448655444725998365e+01,5.685810816723353156e+01,5.513083883689839126e+01,2.371553719973547913e+00,1.105037703874955923e-02
2.821477272727272521e+02,5.448750674413651041e+01,5.685530804737648936e+01,5.512881987781393889e+01,2.367801303239978949e+00,1.104309995576358006e-02
2.822727272727272521e+02,5.448843025465357215e+01,5.685247687698652896e+01,5.512678439221205906e+01,2.364046622332956815e+00,1.103576986479737343e-02
2.823977272727272521e+02,5.448932506924657559e+01,5.684961482820811085e+01,5.512473241603612450e+01,2.360289758961535256e+00,1.102838735197764208e-02
2.825227272727272521e+02,5.449019127814460717e+01,5.684672207223590590e+01,5.512266398526061550e+01,2.356530794091298731e+00,1.102095299886229895e-02
2.826477272727272521e+02,5.449102897136980062e+01,5.684379877932002501e+01,5.512057913588998304e+01,2.352769807950224390e+00,1.101346738255415403e-02
2.827727272727272521e+02,5.449183823873670462e+01,5.684084511877097157e+01,5.511847790395761137e+01,2.349006880034266942e+00,1.100593107563696549e-02
2.828977272727272521e+02,5.449261916985172149e+01,5.683786125896470764e+01,5.511636032552484465e+01,2.345242089112986150e+00,1.099834464631044284e-02
2.830227272727272521e+02,5.449337185411251028e+01,5.683484736734769172e+01,5.511422643667999921e+01,2.341475513235181438e+00,1.099070865832629806e-02
2.831477272727272521e+02,5.449409638070748230e+01,5.683180361044189510e+01,5.511207627353726934e+01,2.337707229734412806e+00,1.098302367111614330e-02
2.832727272727272521e+02,5.449479283861521850e+01,5.682873015384971893e+01,5.510990987223581783e+01,2.333937315234500431e+00,1.097529023969912032e-02
2.833977272727272521e+02,5.449546131660398629e+01,5.682562716225899635e+01,5.510772726893871720e+01,2.330165845655010060e+00,1.096750891488795787e-02
2.835227272727272521e+02,5.449610190323124215e+01,5.682249479944798054e+01,5.510552849983204027e+01,2.326392896216738393e+00,1.095968024307580890e-02
2.836477272727272521e+02,5.449671468684316267e+01,5.681933322829015509e+01,5.510331360112375876e+01,2.322618541446992424e+00,1.095180476652757307e-02
2.837727272727272521e+02,5.449729975557416140e+01,5.681614261075923622e+01,5.510108260904293331e+01,2.318842855185074825e+00,1.094388302318094475e-02
2.838977272727272521e+02,5.449785719734645539e+01,5.681292310793395473e+01,5.509883555983861214e+01,2.315065910587499332e+00,1.093591554689510303e-02
2.840227272727272521e+02,5.449838709986967444e+01,5.680967488000305110e+01,5.509657248977890021e+01,2.311287780133376657e+00,1.092790286728728688e-02
2.841477272727272521e+02,5.449888955064042051e+01,5.680639808626996512e+01,5.509429343515005684e+01,2.307508535629544610e+00,1.091984550986069280e-02
2.842727272727272521e+02,5.449936463694187694e+01,5.680309288515773858e+01,5.509199843225553650e+01,2.303728248215861640e+00,1.091174399601158029e-02
2.843977272727272521e+02,5.449981244584346030e+01,5.679975943421382567e+01,5.508968751741495851e+01,2.299946988370365375e+00,1.090359884310032612e-02
2.845227272727272521e+02,5.450023306420043667e+01,5.679639789011480389e+01,5.508736072696331121e+01,2.296164825914367213e+00,1.089541056437326461e-02
2.846477272727272521e+02,5.450062657865359483e+01,5.679300840867119149e+01,5.508501809724995013e+01,2.292381830017596656e+00,1.088717966911900703e-02
2.847727272727272521e+02,5.450099307562894069e+01,5.678959114483215131e+01,5.508265966463763164e+01,2.288598069203210628e+00,1.087890666261159822e-02
2.848977272727272521e+02,5.450133264133731359e+01,5.678614625269022298e+01,5.508028546550171001e+01,2.284813611352909390e+00,1.087059204616735997e-02
2.850227272727272521e+02,5.450164536177418029e+01,5.678267388548599115e+01,5.507789553622914980e+01,2.281028523711810863e+00,1.086223631716620730e-02
2.851477272727272521e+02,5.450193132271931518e+01,5.677917419561278223e+01,5.507548991321765897e+01,2.277242872893467052e+00,1.085383996911559734e-02
2.852727272727272521e+02,5.450219060973650187e+01,5.677564733462134683e+01,5.507306863287477938e+01,2.273456724884844959e+00,1.084540349160789674e-02
2.853977272727272521e+02,5.450242330817335557e+01,5.677209345322438594e+01,5.507063173161698444e+01,2.269670145051030374e+00,1.083692737037722509e-02
2.855227272727272521e+02,5.450262950316103172e+01,5.676851270130131866e+01,5.506817924586888324e+01,2.265883198140286936e+00,1.082841208739893091e-02
2.856477272727272521e+02,5.450280927961400579e+01,5.676490522790273019e+01,5.506571121206218322e+01,2.262095948288724401e+00,1.081985812079722109e-02
2.857727272727272521e+02,5.450296272222988136e+01,5.676127118125502591e+01,5.506322766663501511e+01,2.258308459025144543e+00,1.081126594495174231e-02
2.858977272727272521e+02,5.450308991548919124e+01,5.675761070876494330e+01,5.506072864603091688e+01,2.254520793275752055e+00,1.080263603048337018e-02
2.860227272727272521e+02,5.450319094365523398e+01,5.675392395702411363e+01,5.505821418669808764e+01,2.250733013368879654e+00,1.079396884433236892e-02
2.861477272727272521e+02,5.450326589077386075e+01,5.675021107181350999e+01,5.505568432508844978e+01,2.246945181039649242e+00,1.078526484972286426e-02
2.862727272727272521e+02,5.450331484067333321e+01,5.674647219810801602e+01,5.505313909765688152e+01,2.243157357434682808e+00,1.077652450621258140e-02
2.863977272727272521e+02,5.450333787696423826e+01,5.674270748008083132e+01,5.505057854086035007e+01,2.239369603116593055e+00,1.076774826977811017e-02
2.865227272727272521e+02,5.450333508303923225e+01,5.673891706110791233e+01,5.504800269115708744e+01,2.235581978068680087e+00,1.075893659272253444e-02
2.866477272727272521e+02,5.450330654207307646e+01,5.673510108377244876e+01,5.504541158500575193e+01,2.231794541699372303e+00,1.075008992379622441e-02
2.867727272727272521e+02,5.450325233702242400e+01,5.673125968986921919e+01,5.504280525886467501e+01,2.228007352846795186e+00,1.074120870819683660e-02
2.868977272727272521e+02,5.450317255062573452e+01,5.672739302040900355e+01,5.504018374919093759e+01,2.224220469783269039e+00,1.073229338756931384e-02
2.870227272727272521e+02,5.450306726540327418e+01,5.672350121562293168e+01,5.503754709243970922e+01,2.220433950219657504e+00,1.072334440007693956e-02
2.871477272727272521e+02,5.450293656365688832e+01,5.671958441496682468e+01,5.503489532506335991e+01,2.216647851309936357e+00,1.071436218038712695e-02
2.872727272727272521e+02,5.450278052747012225e+01,5.671564275712550085e+01,5.503222848351067142e+01,2.212862229655378599e+00,1.070534715970694606e-02
2.873977272727272521e+02,5.450259923870802936e+01,5.671167638001711708e+01,5.502954660422613387e+01,2.209077141309087722e+00,1.069629976583286179e-02
2.875227272727272521e+02,5.450239277901724932e+01,5.670768542079740371e+01,5.502684972364906457e+01,2.205292641780154383e+00,1.068722042312231224e-02
2.876477272727272521e+02,5.450216122982585176e+01,5.670367001586396327e+01,5.502413787821291180e+01,2.201508786038111509e+00,1.067810955257897376e-02
2.877727272727272521e+02,5.450190467234345704e+01,5.669963030086047695e+01,5.502141110434450155e+01,2.197725628517019913e+00,1.066896757181723387e-02
2.878977272727272521e+02,5.450162318756109414e+01,5.669556641068088965e+01,5.501866943846322044e+01,2.193943223119795505e+00,1.065979489518298351e-02
2.880227272727272521e+02,5.450131685625137123e+01,5.669147847947374430e+01,5.501591291698029806e+01,2.190161623222373066e+00,1.065059193361861389e-02
2.881477272727272521e+02,5.450098575896830511e+01,5.668736664064617514e+01,5.501314157629809642e+01,2.186380881677870036e+00,1.064135909486196852e-02
2.882727272727272521e+02,5.450062997604747750e+01,5.668323102686820647e+01,5.501035545280929284e+01,2.182601050820728972e+00,1.063209678331844543e-02
2.883977272727272521e+02,5.450024958760601379e+01,5.667907177007678854e+01,5.500755458289626176e+01,2.178822182470774749e+00,1.062280540023152753e-02
2.885227272727272521e+02,5.449984467354266826e+01,5.667488900147999686e+01,5.500473900293025054e+01,2.175044327937328603e+00,1.061348534355488482e-02
2.886477272727272521e+02,5.449941531353780988e+01,5.667068285156104679e+01,5.500190874927070439e+01,2.171267538023236909e+00,1.060413700809448301e-02
2.887727272727272521e+02,5.449896158705352889e+01,5.666645345008245727e+01,5.499906385826457722e+01,2.167491863028928378e+00,1.059476078546595090e-02
2.888977272727272521e+02,5.449848357333373627e+01,5.666220092608999437e+01,5.499620436624557840e+01,2.163717352756258094e+00,1.058535706415852928e-02
2.890227272727272521e+02,5.449798135140419220e+01,5.665792540791681375e+01,5.499333030953351908e+01,2.159944056512621557e+00,1.057592622953507089e-02
2.891477272727272521e+02,5.449745500007261967e+01,5.665362702318738286e+01,5.499044172443357326e+01,2.156172023114763192e+00,1.056646866381072414e-02
2.892727272727272521e+02,5.449690459792877562e+01,5.664930589882153100e+01,5.498753864723565954e+01,2.152401300892755387e+00,1.055698474618793625e-02
2.893977272727272521e+02,5.449633022334462851e+01,5.664496216103842130e+01,5.498462111421369514e+01,2.148631937693792793e+00,1.054747485277829355e-02
2.895227272727272521e+02,5.449573195447437968e+01,5.664059593536045867e+01,5.498168916162497055e+01,2.144863980886078991e+00,1.053793935664515402e-02
2.896477272727272521e+02,5.449510986925466938e+01,5.663620734661727596e+01,5.497874282570946036e+01,2.141097477362606583e+00,1.052837862786759615e-02
2.897727272727272521e+02,5.449446404540463362e+01,5.663179651894958511e+01,5.497578214268914110e+01,2.137332473544951483e+00,1.051879303353331352e-02
2.898977272727272521e+02,5.449379456042611025e+01,5.662736357581312774e+01,5.497280714876739438e+01,2.133569015387017487e+00,1.050918293773861478e-02
2.900227272727272521e+02,5.449310149160376682e+01,5.662290863998253343e+01,5.496981788012833192e+01,2.129807148378766612e+00,1.049954870163105625e-02
2.901477272727272521e+02,5.449238491600518586e+01,5.661843183355513531e+01,5.496681437293611339e+01,2.126046917549949455e+00,1.048989068347339071e-02
2.902727272727272521e+02,5.449164491048115622e+01,5.661393327795484254e+01,5.496379666333439928e+01,2.122288367473686321e+00,1.048020923857961861e-02
2.903977272727272521e+02,5.449088155166575120e+01,5.660941309393594167e+01,5.496076478744561200e+01,2.118531542270190471e+00,1.047050471936472604e-02
2.905227272727272521e+02,5.449009491597651333e+01,5.660487140158687680e+01,5.495771878137040289e+01,2.114776485610363466e+00,1.046077747545126613e-02
2.906477272727272521e+02,5.448928507961464618e+01,5.660030832033403669e+01,5.495465868118700570e+01,2.111023240719390515e+00,1.045102785356277764e-02
2.907727272727272521e+02,5.448845211856525594e+01,5.659572396894552071e+01,5.495158452295061835e+01,2.107271850380264766e+00,1.044125619760194468e-02
2.908977272727272521e+02,5.448759610859747937e+01,5.659111846553482650e+01,5.494849634269279193e+01,2.103522356937347126e+00,1.043146284870744012e-02
2.910227272727272521e+02,5.448671712526467559e+01,5.658649192756462298e+01,5.494539417642082668e+01,2.099774802299947396e+00,1.042164814518287130e-02
2.911477272727272521e+02,5.448581524390476716e+01,5.658184447185040256e+01,5.494227806011721071e+01,2.096029227945635398e+00,1.041181242263178319e-02
2.912727272727272521e+02,5.448489053964027562e+01,5.657717621456415458e+01,5.493914802973903022e+01,2.092285674923878958e+00,1.040195601387239321e-02
2.913977272727272521e+02,5.448394308737870517e+01,5.657248727123808152e+01,5.493600412121733712e+01,2.088544183859376346e+00,1.039207924901575097e-02
2.915227272727272521e+02,5.448297296181266347e+01,5.656777775676815878e+01,5.493284637045663032e+01,2.084804794955495311e+00,1.038218245546573826e-02
2.916477272727272521e+02,5.448198023742016005e+01,5.656304778541777978e+01,5.492967481333426605e+01,2.081067547997619727e+00,1.037226595794749073e-02
2.917727272727272521e+02,5.448096498846486213e+01,5.655829747082138681e+01,5.492648948569988221e+01,2.077332482356524679e+00,1.036233007855003052e-02
2.918977272727272521e+02,5.447992728899622250e+01,5.655352692598800957e+01,5.492329042337482292e+01,2.073599636991787065e+00,1.035237513667652820e-02
2.920227272727272521e+02,5.447886721284992007e+01,5.654873626330481073e+01,5.492007766215169795e+01,2.069869050454890669e+00,1.034240144914377879e-02
2.921477272727272521e+02,5.447778483364795932e+01,5.654392559454072398e+01,5.491685123779365796e+01,2.066140760892764661e+00,1.033240933012535834e-02
2.922727272727272521e+02,5.447668022479903982e+01,5.653909503084984323e+01,5.491361118603398950e+01,2.062414806050803406e+00,1.032239909127241617e-02
2.923977272727272521e+02,5.447555345949877648e+01,5.653424468277501802e+01,5.491035754257553947e+01,2.058691223276241544e+00,1.031237104159288265e-02
2.925227272727272521e+02,5.447440461072994822e+01,5.652937466025131386e+01,5.490709034309016090e+01,2.054970049521365638e+00,1.030232548760778855e-02
2.926477272727272521e+02,5.447323375126288170e+01,5.652448507260946542e+01,5.490380962321825820e+01,2.051251321346583723e+00,1.029226273325889451e-02
2.927727272727272521e+02,5.447204095365565735e+01,5.651957602857934404e+01,5.490051541856816897e+01,2.047535074923686693e+00,1.028218308003658876e-02
2.928977272727272521e+02,5.447082629025439360e+01,5.651464763629336119e+01,5.489720776471571639e+01,2.043821346038967590e+00,1.027208682690172736e-02
2.930227272727272521e+02,5.446958983319360925e+01,5.650970000328991460e+01,5.489388669720372604e+01,2.040110170096305353e+00,1.026197427032826681e-02
2.931477272727272521e+02,5.446833165439646507e+01,5.650473323651675628e+01,5.489055225154145035e+01,2.036401582120291209e+00,1.025184570436010745e-02
2.932727272727272521e+02,5.446705182557510483e+01,5.649974744233432489e+01,5.488720446320414226e+01,2.032695616759220059e+00,1.024170142062530431e-02
2.933977272727272521e+02,5.446575041823095376e+01,5.649474272651922035e+01,5.488384336763249394e+01,2.028992308288266599e+00,1.023154170825080200e-02
2.935227272727272521e+02,5.446442750365503116e+01,5.648971919426739419e+01,5.488046900023221042e+01,2.025291690612363027e+00,1.022136685405428125e-02
2.936477272727272521e+02,5.446308315292830571e+01,5.648467695019758139e+01,5.487708139637354066e+01,2.021593797269275683e+00,1.021117714242336660e-02
2.937727272727272521e+02,5.446171743692195832e+01,5.647961609835454055e+01,5.487368059139071619e+01,2.017898661432582230e+00,1.020097285535825904e-02
2.938977272727272521e+02,5.446033042629777299e+01,5.647453674221236497e+01,5.487026662058158877e+01,2.014206315914591983e+00,1.019075427257121191e-02
2.940227272727272521e+02,5.445892219150844937e+01,5.646943898467773693e+01,5.486683951920707614e+01,2.010516793169287553e+00,1.018052167135863328e-02
2.941477272727272521e+02,5.445749280279790838e+01,5.646432292809314646e+01,5.486339932249077833e+01,2.006830125295238076e+00,1.017027532679293245e-02
2.942727272727272521e+02,5.445604233020169005e+01,5.645918867424017407e+01,5.485994606561847320e+01,2.003146344038484017e+00,1.016001551156620053e-02
2.943977272727272521e+02,5.445457084354724486e+01,5.645403632434265262e+01,5.485647978373768296e+01,1.999465480795407757e+00,1.014974249615363533e-02
2.945227272727272521e+02,5.445307841245436009e+01,5.644886597906991454e+01,5.485300051195721949e+01,1.995787566615554454e+00,1.013945654872117075e-02
2.946477272727272521e+02,5.445156510633542268e+01,5.644367773853991110e+01,5.484950828534680767e+01,1.992112632204488420e+00,1.012915793520363650e-02
2.947727272727272521e+02,5.445003099439584560e+01,5.643847170232240984e+01,5.484600313893656676e+01,1.988440707926564244e+00,1.011884691929054725e-02
2.948977272727272521e+02,5.444847614563438754e+01,5.643324796944207833e+01,5.484248510771662666e+01,1.984771823807690794e+00,1.010852376248294604e-02
2.950227272727272521e+02,5.444690062884355086e+01,5.642800663838169584e+01,5.483895422663672292e+01,1.981106009538144974e+00,1.009818872407208801e-02
2.951477272727272521e+02,5.444530451260990134e+01,5.642274780708518733e+01,5.483541053060571357e+01,1.977443294475285995e+00,1.008784206114654580e-02
2.952727272727272521e+02,5.444368786531454418e+01,5.641747157296077120e+01,5.483185405449127359e+01,1.973783707646227015e+00,1.007748402864194759e-02
2.953977272727272521e+02,5.444205075513335856e+01,5.641217803288394350e+01,5.482828483311939749e+01,1.970127277750584938e+00,1.006711487934808247e-02
2.955227272727272521e+02,5.444039325003745944e+01,5.640686728320061150e+01,5.482470290127399437e+01,1.966474033163152058e+00,1.005673486392311133e-02
2.956477272727272521e+02,5.443871541779361678e+01,5.640153941973011342e+01,5.482110829369656813e+01,1.962824001936496643e+00,1.004634423088646145e-02
2.957727272727272521e+02,5.443701732596453979e+01,5.639619453776820990e+01,5.481750104508573429e+01,1.959177211803670104e+00,1.003594322667566985e-02
2.958977272727272521e+02,5.443529904190931745e+01,5.639083273209013214e+01,5.481388119009690740e+01,1.955533690180814688e+00,1.002553209559664538e-02
2.960227272727272521e+02,5.443356063278385193e+01,5.638545409695350941e+01,5.481024876334190310e+01,1.951893464169657477e+00,1.001511107995867178e-02
2.961477272727272521e+02,5.443180216554115702e+01,5.638005872610139591e+01,5.480660379938851179e+01,1.948256560560238881e+00,1.000468041995361546e-02
2.962727272727272521e+02,5.443002370693186265e+01,5.637464671276520534e+01,5.480294633276015759e+01,1.944623005833342688e+00,9.994240353726979720e-03
2.963977272727272521e+02,5.442822532350450615e+01,5.636921814966763122e+01,5.479927639793556438e+01,1.940992826163125073e+00,9.983791117427642803e-03
2.965227272727272521e+02,5.442640708160603680e+01,5.636377312902558145e+01,5.479559402934830814e+01,1.937366047419544657e+00,9.973332945186541565e-03
2.966477272727272521e+02,5.442456904738213552e+01,5.635831174255308440e+01,5.479189926138654698e+01,1.933742695170948878e+00,9.962866069130882352e-03
2.967727272727272521e+02,5.442271128677769809e+01,5.635283408146415240e+01,5.478819212839262320e+01,1.930122794686454313e+00,9.952390719391246421e-03
2.968977272727272521e+02,5.442083386553717617e+01,5.634734023647568790e+01,5.478447266466269383e+01,1.926506370938511736e+00,9.941907124144222507e-03
2.970227272727272521e+02,5.441893684920504626e+01,5.634183029781034691e+01,5.478074090444644639e+01,1.922893448605300648e+00,9.931415509612406822e-03
2.971477272727272521e+02,5.441702030312618632e+01,5.633630435519928170e+01,5.477699688194668681e+01,1.919284052073095381e+00,9.920916100078613908e-03
2.972727272727272521e+02,5.441508429244632339e+01,5.633076249788508960e+01,5.477324063131906229e+01,1.915678205438766213e+00,9.910409117907192922e-03
2.973977272727272521e+02,5.441312888211241727e+01,5.632520481462454853e+01,5.476947218667170603e+01,1.912075932512131260e+00,9.899894783551133060e-03
2.975227272727272521e+02,5.441115413687315083e+01,5.631963139369143789e+01,5.476569158206487486e+01,1.908477256818287060e+00,9.889373315537852704e-03
2.976477272727272521e+02,5.440916012127927104e+01,5.631404232287925993e+01,5.476189885151072190e+01,1.904882201599988889e+00,9.878844930533148272e-03
2.977727272727272521e+02,5.440714689968405082e+01,5.630843768950408901e+01,5.475809402897287725e+01,1.901290789820038185e+00,9.868309843341194210e-03
2.978977272727272521e+02,5.440511453624374383e+01,5.630281758040722195e+01,5.475427714836614967e+01,1.897703044163478125e+00,9.857768266897437570e-03
2.980227272727272521e+02,5.440306309491798942e+01,5.629718208195793494e+01,5.475044824355632045e+01,1.894118987039945523e+00,9.847220412346757712e-03
2.981477272727272521e+02,5.440099263947024610e+01,5.629153128005627593e+01,5.474660734835968867e+01,1.890538640586029828e+00,9.836666488894252325e-03
2.982727272727272521e+02,5.439890323346821788e+01,5.628586526013560132e+01,5.474275449654287229e+01,1.886962026667383441e+00,9.826106704046821960e-03
2.983977272727272521e+02,5.439679494028432316e+01,5.628018410716543940e+01,5.473888972182248835e+01,1.883389166881116239e+00,9.815541263435534347e-03
2.985227272727272521e+02,5.439466782309609982e+01,5.627448790565397729e+01,5.473501305786483329e+01,1.879820082557877470e+00,9.804970370957732939e-03
2.986477272727272521e+02,5.439252194488669545e+01,5.626877673965086757e+01,5.473112453828561286e+01,1.876254794764172118e+00,9.794394228684666359e-03
2.987727272727272521e+02,5.439035736844519420e+01,5.626305069274975068e+01,5.472722419664970062e+01,1.872693324304556484e+00,9.783813036996491519e-03
2.988977272727272521e+02,5.438817415636721364e+01,5.625730984809096213e+01,5.472331206647076840e+01,1.869135691723748494e+00,9.773226994411743362e-03
2.990227272727272521e+02,5.438597237105523163e+01,5.625155428836406202e+01,5.471938818121108739e+01,1.865581917308830384e+00,9.762636297843130251e-03
2.991477272727272521e+02,5.438375207471909789e+01,5.624578409581046401e+01,5.471545257428122966e+01,1.862032021091366119e+00,9.752041142398581997e-03
2.992727272727272521e+02,5.438151332937647453e+01,5.623999935222601465e+01,5.471150527903975558e+01,1.858486022849540120e+00,9.741441721509147555e-03
2.993977272727272521e+02,5.437925619685321976e+01,5.623420013896355130e+01,5.470754632879304324e+01,1.854943942110331534e+00,9.730838226886362463e-03
2.995227272727272521e+02,5.437698073878396343e+01,5.622838653693541033e+01,5.470357575679499007e+01,1.851405798151446902e+00,9.720230848607513963e-03
2.996477272727272521e+02,5.437468701661244097e+01,5.622255862661602777e+01,5.469959359624672146e+01,1.847871610003586795e+00,9.709619775001954167e-03
2.997727272727272521e+02,5.437237509159199078e+01,5.621671648804439769e+01,5.469559988029632791e+01,1.844341396452406912e+00,9.699005192807419462e-03
2.998977272727272521e+02,5.437004502478606582e+01,5.621086020082660184e+01,5.469159464203870868e+01,1.840815176040536016e+00,9.688387287063449094e-03
3.000227272727272521e+02,5.436769687706859600e+01,5.620498984413830357e+01,5.468757791451528050e+01,1.837292967069707572e+00,9.677766241217966581e-03
3.001477272727272521e+02,5.436533070912448551e+01,5.619910549672717082e+01,5.468354973071367198e+01,1.833774787602685308e+00,9.667142237091752577e-03
3.002727272727272521e+02,5.436294658145010317e+01,5.619320723691539854e+01,5.467951012356758156e+01,1.830260655465295372e+00,9.656515454864234016e-03
3.003977272727272521e+02,5.436054455435369448e+01,5.618729514260212454e+01,5.467545912595651458e+01,1.826750588248430063e+00,9.645886073144538386e-03
3.005227272727272521e+02,5.435812468795587904e+01,5.618136929126588797e+01,5.467139677070553461e+01,1.823244603310008927e+00,9.635254268935966593e-03
3.006477272727272521e+02,5.435568704219008396e+01,5.617542975996695276e+01,5.466732309058505024e+01,1.819742717776868801e+00,9.624620217685730950e-03
3.007727272727272521e+02,5.435323167680301992e+01,5.616947662534983010e+01,5.466323811831061619e+01,1.816244948546810178e+00,9.613984093277849752e-03
3.008977272727272521e+02,5.435075865135515016e+01,5.616350996364564452e+01,5.465914188654266326e+01,1.812751312290494354e+00,9.603346068011830994e-03
3.010227272727272521e+02,5.434826802522115941e+01,5.615752985067440761e+01,5.465503442788633492e+01,1.809261825453248207e+00,9.592706312702148352e-03
3.011477272727272521e+02,5.434575985759040861e+01,5.615153636184749786e+01,5.465091577489126706e+01,1.805776504257089243e+00,9.582064996600081486e-03
3.012727272727272521e+02,5.434323420746737554e+01,5.614552957216994855e+01,5.464678596005136768e+01,1.802295364702573011e+00,9.571422287436348597e-03
3.013977272727272521e+02,5.434069113367219472e+01,5.613950955624278549e+01,5.464264501580460376e+01,1.798818422570590769e+00,9.560778351449528145e-03
3.015227272727272521e+02,5.433813069484109093e+01,5.613347638826537889e+01,5.463849297453280940e+01,1.795345693424287958e+00,9.550133353400269698e-03
3.016477272727272521e+02,5.433555294942678415e+01,5.612743014203770997e+01,5.463432986856151530e+01,1.791877192610925817e+00,9.539487456521555941e-03
3.017727272727272521e+02,5.433295795569908648e+01,5.612137089096268028e+01,5.463015573015976400e+01,1.788412935263593795e+00,9.528840822611073236e-03
3.018977272727272521e+02,5.433034577174524316e+01,5.611529870804840670e+01,5.462597059153983992e+01,1.784952936303163540e+00,9.518193611988579050e-03
3.020227272727272521e+02,5.432771645547050809e+01,5.610921366591043835e+01,5.462177448485715558e+01,1.781497210439930257e+00,9.507545983545639956e-03
3.021477272727272521e+02,5.432507006459854182e+01,5.610311583677411562e+01,5.461756744221005988e+01,1.778045772175573802e+00,9.496898094717209915e-03
3.022727272727272521e+02,5.432240665667194435e+01,5.609700529247666623e+01,5.461334949563965324e+01,1.774598635804721880e+00,9.486250101488735709e-03
3.023977272727272521e+02,5.431972628905268152e+01,5.609088210446953582e+01,5.460912067712959583e+01,1.771155815416854296e+00,9.475602158467211211e-03
3.025227272727272521e+02,5.431702901892256108e+01,5.608474634382057644e+01,5.460488101860595123e+01,1.767717324898015363e+00,9.464954418838544825e-03
3.026477272727272521e+02,5.431431490328375844e+01,5.607859808121623502e+01,5.460063055193702297e+01,1.764283177932476576e+00,9.454307034395981191e-03
3.027727272727272521e+02,5.431158399895924305e+01,5.607243738696377022e+01,5.459636930893316276e+01,1.760853388004527176e+00,9.443660155518784904e-03
3.028977272727272521e+02,5.430883636259322600e+01,5.606626433099336992e+01,5.459209732134664250e+01,1.757427968400143925e+00,9.433013931264611074e-03
3.030227272727272521e+02,5.430607205065174981e+01,5.606007898286037516e+01,5.458781462087144831e+01,1.754006932208625358e+00,9.422368509270029335e-03
3.031477272727272521e+02,5.430329111942300813e+01,5.605388141174742600e+01,5.458352123914318099e+01,1.750590292324417874e+00,9.411724035849999837e-03
3.032727272727272521e+02,5.430049362501797816e+01,5.604767168646655051e+01,5.457921720773888552e+01,1.747178061448572350e+00,9.401080655955240672e-03
3.033977272727272521e+02,5.429767962337075460e+01,5.604144987546132484e+01,5.457490255817685210e+01,1.743770252090570239e+00,9.390438513221965877e-03
3.035227272727272521e+02,5.429484917023914647e+01,5.603521604680897639e+01,5.457057732191653088e+01,1.740366876569829913e+00,9.379797749936358287e-03
3.036477272727272521e+02,5.429200232120508218e+01,5.602897026822249416e+01,5.456624153035833302e+01,1.736967947017411973e+00,9.369158507112729239e-03
3.037727272727272521e+02,5.428913913167509264e+01,5.602271260705273193e+01,5.456189521484358096e+01,1.733573475377639284e+00,9.358520924394042595e-03
3.038977272727272521e+02,5.428625965688082999e+01,5.601644313029040489e+01,5.455753840665427390e+01,1.730183473409574901e+00,9.347885140194023279e-03
3.040227272727272521e+02,5.428336395187949392e+01,5.601016190456827104e+01,5.455317113701295995e+01,1.726797952688777116e+00,9.337251291597681302e-03
3.041477272727272521e+02,5.428045207155436458e+01,5.600386899616309933e+01,5.454879343708271477e+01,1.723416924608734746e+00,9.326619514439471459e-03
3.042727272727272521e+02,5.427752407061520756e+01,5.599756447099771606e+01,5.454440533796683610e+01,1.720040400382508494e+00,9.315989943260660766e-03
3.043977272727272521e+02,5.427458000359883528e+01,5.599124839464304415e+01,5.454000687070889342e+01,1.716668391044208875e+00,9.305362711373277307e-03
3.045227272727272521e+02,5.427161992486952613e+01,5.598492083232014238e+01,5.453559806629249351e+01,1.713300907450616251e+00,9.294737950838793950e-03
3.046477272727272521e+02,5.426864388861952193e+01,5.597858184890219491e+01,5.453117895564116679e+01,1.709937960282672975e+00,9.284115792446812065e-03
3.047727272727272521e+02,5.426565194886948973e+01,5.597223150891646526e+01,5.452674956961834596e+01,1.706579560046975530e+00,9.273496365807432085e-03
3.048977272727272521e+02,5.426264415946905473e+01,5.596586987654632139e+01,5.452230993902710310e+01,1.703225717077266665e+00,9.262879799287304650e-03
3.050227272727272521e+02,5.425962057409721240e+01,5.595949701563318968e+01,5.451786009461014970e+01,1.699876441535977278e+00,9.252266220030946897e-03
3.051477272727272521e+02,5.425658124626281165e+01,5.595311298967851599e+01,5.451340006704970165e+01,1.696531743415704341e+00,9.241655754003375023e-03
3.052727272727272521e+02,5.425352622930510904e+01,5.594671786184568418e+01,5.450892988696735841e+01,1.693191632540575142e+00,9.231048525961682572e-03
3.053977272727272521e+02,5.425045557639416671e+01,5.594031169496199141e+01,5.450444958492398939e+01,1.689856118567824694e+00,9.220444659497673001e-03
3.055227272727272521e+02,5.424736934053134974e+01,5.593389455152053813e+01,5.449995919141968415e+01,1.686525210989188395e+00,9.209844277023648829e-03
3.056477272727272521e+02,5.424426757454980930e+01,5.592746649368217504e+01,5.449545873689357478e+01,1.683198919132365745e+00,9.199247499743989920e-03
3.057727272727272521e+02,5.424115033111496587e+01,5.592102758327734335e+01,5.449094825172385015e+01,1.679877252162377488e+00,9.188654447783051182e-03
3.058977272727272521e+02,5.423801766272499947e+01,5.591457788180800037e+01,5.448642776622750716e+01,1.676560219083000902e+00,9.178065240085686582e-03
3.060227272727272521e+02,5.423486962171131154e+01,5.590811745044955217e+01,5.448189731066044317e+01,1.673247828738240628e+00,9.167479994403038290e-03
3.061477272727272521e+02,5.423170626023896546e+01,5.590164635005257310e+01,5.447735691521722856e+01,1.669940089813607642e+00,9.156898827455961509e-03
3.062727272727272521e+02,5.422852763030722656e+01,5.589516464114483085e+01,5.447280661003107127e+01,1.666637010837604294e+00,9.146321854743177937e-03
3.063977272727272521e+02,5.422533378375001689e+01,5.588867238393300596e+01,5.446824642517373860e+01,1.663338600182989069e+00,9.135749190726016877e-03
3.065227272727272521e+02,5.422212477223637705e+01,5.588216963830456052e+01,5.446367639065547905e+01,1.660044866068183467e+00,9.125180948736044684e-03
3.066477272727272521e+02,5.421890064727095648e+01,5.587565646382960693e+01,5.445909653642492998e+01,1.656755816558650451e+00,9.114617240989275615e-03
3.067727272727272521e+02,5.421566146019445398e+01,5.586913291976264873e+01,5.445450689236904651e+01,1.653471459568194746e+00,9.104058178643015253e-03
3.068977272727272521e+02,5.421240726218419326e+01,5.586259906504443506e+01,5.444990748831303762e+01,1.650191802860241808e+00,9.093503871746122513e-03
3.070227272727272521e+02,5.420913810425446400e+01,5.585605495830372291e+01,5.444529835402028795e+01,1.646916854049258916e+00,9.082954429295853060e-03
3.071477272727272521e+02,5.420585403725709028e+01,5.584950065785905338e+01,5.444067951919227255e+01,1.643646620601963093e+00,9.072409959237859312e-03
3.072727272727272521e+02,5.420255511188189246e+01,5.584293622172057070e+01,5.443605101346857111e+01,1.640381109838678242e+00,9.061870568395136161e-03
3.073977272727272521e+02,5.419924137865709213e+01,5.583636170759167783e+01,5.443141286642666188e+01,1.637120328934585700e+00,9.051336362659867518e-03
3.075227272727272521e+02,5.419591288794989481e+01,5.582977717287091224e+01,5.442676510758201402e+01,1.633864284921017429e+00,9.040807446758947208e-03
3.076477272727272521e+02,5.419256968996688073e+01,5.582318267465358730e+01,5.442210776638791003e+01,1.630612984686706568e+00,9.030283924452930933e-03
3.077727272727272521e+02,5.418921183475451642e+01,5.581657826973354020e+01,5.441744087223545989e+01,1.627366434979023779e+00,9.019765898507614565e-03
3.078977272727272521e+02,5.418583937219959523e+01,5.580996401460491541e+01,5.441276445445353716e+01,1.624124642405320174e+00,9.009253470580347312e-03
3.080227272727272521e+02,5.418245235202977028e+01,5.580333996546376341e+01,5.440807854230867235e+01,1.620887613433993124e+00,8.998746741411878247e-03
3.081477272727272521e+02,5.417905082381395232e+01,5.579670617820980283e+01,5.440338316500507432e+01,1.617655354395850509e+00,8.988245810712669481e-03
3.082727272727272521e+02,5.417563483696283555e+01,5.579006270844814708e+01,5.439867835168457333e+01,1.614427871485311528e+00,8.977750777162896156e-03
3.083977272727272521e+02,5.417220444072930263e+01,5.578340961149086752e+01,5.439396413142653586e+01,1.611205170761564887e+00,8.967261738504817004e-03
3.085227272727272521e+02,5.416875968420900023e+01,5.577674694235876274e+01,5.438924053324782903e+01,1.607987258149762511e+00,8.956778791478825497e-03
3.086477272727272521e+02,5.416530061634070137e+01,5.577007475578296436e+01,5.438450758610281355e+01,1.604774139442262992e+00,8.946302031858976989e-03
3.087727272727272521e+02,5.416182728590685258e+01,5.576339310620660683e+01,5.437976531888328680e+01,1.601565820299754250e+00,8.935831554452988712e-03
3.088977272727272521e+02,5.415833974153397889e+01,5.575670204778646166e+01,5.437501376041842605e+01,1.598362306252482767e+00,8.925367453116450633e-03
3.090227272727272521e+02,5.415483803169324517e+01,5.575000163439454326e+01,5.437025293947479554e+01,1.595163602701298089e+00,8.914909820767036308e-03
3.091477272727272521e+02,5.415132220470077584e+01,5.574329191961975027e+01,5.436548288475626123e+01,1.591969714918974432e+00,8.904458749356081171e-03
3.092727272727272521e+02,5.414779230871824467e+01,5.573657295676946433e+01,5.436070362490402630e+01,1.588780648051219657e+00,8.894014329939636809e-03
3.093977272727272521e+02,5.414424839175332238e+01,5.572984479887119136e+01,5.435591518849652459e+01,1.585596407117868978e+00,8.883576652571889554e-03
3.095227272727272521e+02,5.414069050166011721e+01,5.572310749867403956e+01,5.435111760404947745e+01,1.582416997013922355e+00,8.873145806482796161e-03
3.096477272727272521e+02,5.413711868613962253e+01,5.571636110865044600e+01,5.434631090001579423e+01,1.579242422510823474e+00,8.862721879921764412e-03
3.097727272727272521e+02,5.413353299274022845e+01,5.570960568099763321e+01,5.434149510478559364e+01,1.576072688257404764e+00,8.852304960264234523e-03
3.098977272727272521e+02,5.412993346885811263e+01,5.570284126763920085e+01,5.433667024668618240e+01,1.572907798781088218e+00,8.841895133969046583e-03
3.100227272727272521e+02,5.412632016173785132e+01,5.569606792022675279e+01,5.433183635398201261e+01,1.569747758488901468e+00,8.831492486592651403e-03
3.101477272727272521e+02,5.412269311847267517e+01,5.568928569014129693e+01,5.432699345487468179e+01,1.566592571668621758e+00,8.821097102860164796e-03
3.102727272727272521e+02,5.411905238600509449e+01,5.568249462849490783e+01,5.432214157750289019e+01,1.563442242489813339e+00,8.810709066551680735e-03
3.103977272727272521e+02,5.411539801112729009e+01,5.567569478613219758e+01,5.431728074994252609e+01,1.560296775004907488e+00,8.800328460601747338e-03
3.105227272727272521e+02,5.411173004048158930e+01,5.566888621363181500e+01,5.431241100020648105e+01,1.557156173150225698e+00,8.789955367099366867e-03
3.106477272727272521e+02,5.410804852056089942e+01,5.566206896130798043e+01,5.430753235624483466e+01,1.554020440747081011e+00,8.779589867252468594e-03
3.107727272727272521e+02,5.410435349770924063e+01,5.565524307921200631e+01,5.430264484594468399e+01,1.550889581502765679e+00,8.769232041409225076e-03
3.108977272727272521e+02,5.410064501812212256e+01,5.564840861713369691e+01,5.429774849713021467e+01,1.547763599011574343e+00,8.758881969100684728e-03
3.110227272727272521e+02,5.409692312784699197e+01,5.564156562460294708e+01,5.429284333756271508e+01,1.544642496755955108e+00,8.748539728991033826e-03
3.111477272727272521e+02,5.409318787278380825e+01,5.563471415089109939e+01,5.428792939494055503e+01,1.541526278107291148e+00,8.738205398927334500e-03
3.112727272727272521e+02,5.408943929868534184e+01,5.562785424501252152e+01,5.428300669689911473e+01,1.538414946327179678e+00,8.727879055932419305e-03
3.113977272727272521e+02,5.408567745115777825e+01,5.562098595572594206e+01,5.427807527101090557e+01,1.535308504568163812e+00,8.717560776190680372e-03
3.115227272727272521e+02,5.408190237566103775e+01,5.561410933153597114e+01,5.427313514478551326e+01,1.532206955874933385e+00,8.707250635112018244e-03
3.116477272727272521e+02,5.407811411750931541e+01,5.560722442069455695e+01,5.426818634566955524e+01,1.529110303185241548e+00,8.696948707246576760e-03
3.117727272727272521e+02,5.407431272187152160e+01,5.560033127120231455e+01,5.426322890104680141e+01,1.526018549330792951e+00,8.686655066377113599e-03
3.118977272727272521e+02,5.407049823377173681e+01,5.559342993081003925e+01,5.425826283823805340e+01,1.522931697038302445e+00,8.676369785483473152e-03
3.120227272727272521e+02,5.406667069808959525e+01,5.558652044702007800e+01,5.425328818450125823e+01,1.519849748930482747e+00,8.666092936771008226e-03
3.121477272727272521e+02,5.406283015956081783e+01,5.557960286708775755e+01,5.424830496703145855e+01,1.516772707526939712e+00,8.655824591613736629e-03
3.122727272727272521e+02,5.405897666277763847e+01,5.557267723802269899e+01,5.424331321296084241e+01,1.513700575245060520e+00,8.645564820689344288e-03
3.123977272727272521e+02,5.405511025218922327e+01,5.556574360659035250e+01,5.423831294935872904e+01,1.510633354401129225e+00,8.635313693822865844e-03
3.125227272727272521e+02,5.405123097210216088e+01,5.555880201931323370e+01,5.423330420323155465e+01,1.507571047211072823e+00,8.625071280135898633e-03
3.126477272727272521e+02,5.404733886668087450e+01,5.555185252247233052e+01,5.422828700152300030e+01,1.504513655791456017e+00,8.614837647968442980e-03
3.127727272727272521e+02,5.404343397994808385e+01,5.554489516210853139e+01,5.422326137111389244e+01,1.501461182160447549e+00,8.604612864878902201e-03
3.128977272727272521e+02,5.403951635578524559e+01,5.553792998402387582e+01,5.421822733882228107e+01,1.498413628238630224e+00,8.594396997729347731e-03
3.130227272727272521e+02,5.403558603793299397e+01,5.553095703378301096e+01,5.421318493140346106e+01,1.495370995850016982e+00,8.584190112593148569e-03
3.131477272727272521e+02,5.403164306999160260e+01,5.552397635671442089e+01,5.420813417554997216e+01,1.492333286722818286e+00,8.573992274854447260e-03
3.132727272727272521e+02,5.402768749542140370e+01,5.551698799791181216e+01,5.420307509789162737e+01,1.489300502490408462e+00,8.563803549151316474e-03
3.133977272727272521e+02,5.402371935754323573e+01,5.550999200223547803e+01,5.419800772499556274e+01,1.486272644692242295e+00,8.553623999347337303e-03
3.135227272727272521e+02,5.401973869953890528e+01,5.550298841431349217e+01,5.419293208336625867e+01,1.483249714774586892e+00,8.543453688659496947e-03
3.136477272727272521e+02,5.401574556445157071e+01,5.549597727854310136e+01,5.418784819944553277e+01,1.480231714091530648e+00,8.533292679572923589e-03
3.137727272727272521e+02,5.401173999518626090e+01,5.548895863909206838e+01,5.418275609961259676e+01,1.477218643905807482e+00,8.523141033840886394e-03
3.138977272727272521e+02,5.400772203451025888e+01,5.548193253989982310e+01,5.417765581018413457e+01,1.474210505389564219e+00,8.512998812527428072e-03
3.140227272727272521e+02,5.400369172505352822e+01,5.547489902467886225e+01,5.417254735741423843e+01,1.471207299625334031e+00,8.502866076000259454e-03
3.141477272727272521e+02,5.399964910930918904e+01,5.546785813691597156e+01,5.416743076749449415e+01,1.468209027606782513e+00,8.492742883944970345e-03
3.142727272727272521e+02,5.399559422963393729e+01,5.546080991987351894e+01,5.416230606655406632e+01,1.465215690239581647e+00,8.482629295350818666e-03
3.143977272727272521e+02,5.399152712824846390e+01,5.545375441659069793e+01,5.415717328065962022e+01,1.462227288342234033e+00,8.472525368517835886e-03
3.145227272727272521e+02,5.398744784723791668e+01,5.544669166988479247e+01,5.415203243581547810e+01,1.459243822646875799e+00,8.462431161085248732e-03
3.146477272727272521e+02,5.398335642855228400e+01,5.543962172235239194e+01,5.414688355796356234e+01,1.456265293800107941e+00,8.452346730038584610e-03
3.147727272727272521e+02,5.397925291400692061e+01,5.543254461637067010e+01,5.414172667298352337e+01,1.453291702363749494e+00,8.442272131667039048e-03
3.148977272727272521e+02,5.397513734528284601e+01,5.542546039409860725e+01,5.413656180669268991e+01,1.450323048815761240e+00,8.432207421599002828e-03
3.150227272727272521e+02,5.397100976392727034e+01,5.541836909747816264e+01,5.413138898484618977e+01,1.447359333550892302e+00,8.422152654830483698e-03
3.151477272727272521e+02,5.396687021135402063e+01,5.541127076823557474e+01,5.412620823313696405e+01,1.444400556881554110e+00,8.412107885696684662e-03
3.152727272727272521e+02,5.396271872884390319e+01,5.540416544788250519e+01,5.412101957719579559e+01,1.441446719038601998e+00,8.402073167900425688e-03
3.153977272727272521e+02,5.395855535754517973e+01,5.539705317771725390e+01,5.411582304259140130e+01,1.438497820172074171e+00,8.392048554483722000e-03
3.155227272727272521e+02,5.395438013847400072e+01,5.538993399882595270e+01,5.411061865483041089e+01,1.435553860351951982e+00,8.382034097877522072e-03
3.156477272727272521e+02,5.395019311251477490e+01,5.538280795208379459e+01,5.410540643935749472e+01,1.432614839569019693e+00,8.372029849866180484e-03
3.157727272727272521e+02,5.394599432042069509e+01,5.537567507815614931e+01,5.410018642155535673e+01,1.429680757735454222e+00,8.362035861615879639e-03
3.158977272727272521e+02,5.394178380281402241e+01,5.536853541749978547e+01,5.409495862674481259e+01,1.426751614685763059e+00,8.352052183667524332e-03
3.160227272727272521e+02,5.393756160018661205e+01,5.536138901036398607e+01,5.408972308018481101e+01,1.423827410177374020e+00,8.342078865958058032e-03
3.161477272727272521e+02,5.393332775290029701e+01,5.535423589679175649e+01,5.408447980707256875e+01,1.420908143891459474e+00,8.332115957834673736e-03
3.162727272727272521e+02,5.392908230118732149e+01,5.534707611662096838e+01,5.407922883254349955e+01,1.417993815433646887e+00,8.322163507983759700e-03
3.163977272727272521e+02,5.392482528515074591e+01,5.533990970948548949e+01,5.407397018167141312e+01,1.415084424334743574e+00,8.312221564523269990e-03
3.165227272727272521e+02,5.392055674476483773e+01,5.533273671481630629e+01,5.406870387946842982e+01,1.412179970051468558e+00,8.302290174988513627e-03
3.166477272727272521e+02,5.391627671987556880e+01,5.532555717184272481e+01,5.406342995088510861e+01,1.409280451967156012e+00,8.292369386296627454e-03
3.167727272727272521e+02,5.391198525020095644e+01,5.531837111959337960e+01,5.405814842081058202e+01,1.406385869392423160e+00,8.282459244817630406e-03
3.168977272727272521e+02,5.390768237533148977e+01,5.531117859689750560e+01,5.405285931407245670e+01,1.403496221566015834e+00,8.272559796267842103e-03
3.170227272727272521e+02,5.390336813473054889e+01,5.530397964238589736e+01,5.404756265543698390e+01,1.400611507655348476e+00,8.262671085901729384e-03
3.171477272727272521e+02,5.389904256773485258e+01,5.529677429449210990e+01,5.404225846960908086e+01,1.397731726757257320e+00,8.252793158277427210e-03
3.172727272727272521e+02,5.389470571355481354e+01,5.528956259145353869e+01,5.403694678123244444e+01,1.394856877898725145e+00,8.242926057441479770e-03
3.173977272727272521e+02,5.389035761127500734e+01,5.528234457131249258e+01,5.403162761488954402e+01,1.391986960037485233e+00,8.233069826893313348e-03
3.175227272727272521e+02,5.388599829985449929e+01,5.527512027191727384e+01,5.402630099510171391e+01,1.389121972062774546e+00,8.223224509578130892e-03
3.176477272727272521e+02,5.388162781812734181e+01,5.526788973092332213e+01,5.402096694632926699e+01,1.386261912795980322e+00,8.213390147822963172e-03
3.177727272727272521e+02,5.387724620480291549e+01,5.526065298579420215e+01,5.401562549297145921e+01,1.383406780991286666e+00,8.203566783464566470e-03
3.178977272727272521e+02,5.387285349846638383e+01,5.525341007380269787e+01,5.401027665936666722e+01,1.380556575336314040e+00,8.193754457771262878e-03
3.180227272727272521e+02,5.386844973757906985e+01,5.524616103203190676e+01,5.400492046979238836e+01,1.377711294452836910e+00,8.183953211471362010e-03
3.181477272727272521e+02,5.386403496047883976e+01,5.523890589737629142e+01,5.399955694846532595e+01,1.374870936897451656e+00,8.174163084781582711e-03
3.182727272727272521e+02,5.385960920538056484e+01,5.523164470654263880e+01,5.399418611954148162e+01,1.372035501162073956e+00,8.164384117335998781e-03
3.183977272727272521e+02,5.385517251037646957e+01,5.522437749605124679e+01,5.398880800711616246e+01,1.369204985674777220e+00,8.154616348257093250e-03
3.185227272727272521e+02,5.385072491343657930e+01,5.521710430223679111e+01,5.398342263522417284e+01,1.366379388800211814e+00,8.144859816198390945e-03
3.186477272727272521e+02,5.384626645240905418e+01,5.520982516124954032e+01,5.397803002783977178e+01,1.363558708840486133e+00,8.135114559195244510e-03
3.187727272727272521e+02,5.384179716502065105e+01,5.520254010905622977e+01,5.397263020887676532e+01,1.360742944035578716e+00,8.125380614856680950e-03
3.188977272727272521e+02,5.383731708887709999e+01,5.519524918144114167e+01,5.396722320218864155e+01,1.357932092564041682e+00,8.115658020201976797e-03
3.190227272727272521e+02,5.383282626146349514e+01,5.518795241400707852e+01,5.396180903156857767e+01,1.355126152543583373e+00,8.105946811816977515e-03
3.191477272727272521e+02,5.382832472014467839e+01,5.518064984217644309e+01,5.395638772074963896e+01,1.352325122031764693e+00,8.096247025733305236e-03
3.192727272727272521e+02,5.382381250216565149e+01,5.517334150119219061e+01,5.395095929340462249e+01,1.349528999026539111e+00,8.086558697478096747e-03
3.193977272727272521e+02,5.381928964465201659e+01,5.516602742611877375e+01,5.394552377314636971e+01,1.346737781466757156e+00,8.076881862137952339e-03
3.195227272727272521e+02,5.381475618461023913e+01,5.515870765184322977e+01,5.394008118352775938e+01,1.343951467232990638e+00,8.067216554231038117e-03
3.196477272727272521e+02,5.381021215892816656e+01,5.515138221307606159e+01,5.393463154804176440e+01,1.341170054147895030e+00,8.057562807877616251e-03
3.197727272727272521e+02,5.380565760437536227e+01,5.514405114435233202e+01,5.392917489012150156e+01,1.338393539976969748e+00,8.047920656615303869e-03
3.198977272727272521e+02,5.380109255760351061e+01,5.513671448003248088e+01,5.392371123314045178e+01,1.335621922428970265e+00,8.038290133569603313e-03
3.200227272727272521e+02,5.379651705514676507e+01,5.512937225430344057e+01,5.391824060041236066e+01,1.332855199156675496e+00,8.028671271354426153e-03
3.201477272727272521e+02,5.379193113342221011e+01,5.512202450117948871e+01,5.391276301519147296e+01,1.330093367757278600e+00,8.019064102150252893e-03
3.202727272727272521e+02,5.378733482873017380e+01,5.511467125450325710e+01,5.390727850067252547e+01,1.327336425773083306e+00,8.009468657625973265e-03
3.203977272727272521e+02,5.378272817725465416e+01,5.510731254794664835e+01,5.390178707999086782e+01,1.324584370691994195e+00,7.999884968995729650e-03
3.205227272727272521e+02,5.377811121506370284e+01,5.509994841501180929e+01,5.389628877622254066e+01,1.321837199948106445e+00,7.990313067018917081e-03
3.206477272727272521e+02,5.377348397810976621e+01,5.509257888903201206e+01,5.389078361238435377e+01,1.319094910922245845e+00,7.980752982021499520e-03
3.207727272727272521e+02,5.376884650223013296e+01,5.508520400317265597e+01,5.388527161143395716e+01,1.316357500942523018e+00,7.971204743853377295e-03
3.208977272727272521e+02,5.376419882314725385e+01,5.507782379043213439e+01,5.387975279626996894e+01,1.313624967284880540e+00,7.961668381881281675e-03
3.210227272727272521e+02,5.375954097646916097e+01,5.507043828364280813e+01,5.387422718973206770e+01,1.310897307173647164e+00,7.952143925059829144e-03
3.211477272727272521e+02,5.375487299768983007e+01,5.506304751547185106e+01,5.386869481460101383e+01,1.308174517782020985e+00,7.942631401917310541e-03
3.212727272727272521e+02,5.375019492218955008e+01,5.505565151842220217e+01,5.386315569359875610e+01,1.305456596232652089e+00,7.933130840520163929e-03
3.213977272727272521e+02,5.374550678523532099e+01,5.504825032483350356e+01,5.385760984938863061e+01,1.302743539598182565e+00,7.923642268458763738e-03
3.215227272727272521e+02,5.374080862198120911e+01,5.504084396688288905e+01,5.385205730457528261e+01,1.300035344901679935e+00,7.914165712989529311e-03
3.216477272727272521e+02,5.373610046746873792e+01,5.503343247658600745e+01,5.384649808170486551e+01,1.297332009117269536e+00,7.904701200843078368e-03
3.217727272727272521e+02,5.373138235662724327e+01,5.502601588579781833e+01,5.384093220326507634e+01,1.294633529170575059e+00,7.895248758387651833e-03
3.218977272727272521e+02,5.372665432427426424e+01,5.501859422621351570e+01,5.383535969168534052e+01,1.291939901939251456e+00,7.885808411536743279e-03
3.220227272727272521e+02,5.372191640511589128e+01,5.501116752936938070e+01,5.382978056933677635e+01,1.289251124253489422e+00,7.876380185784626065e-03
3.221477272727272521e+02,5.371716863374716411e+01,5.500373582664367689e+01,5.382419485853237262e+01,1.286567192896512779e+00,7.866964106227669618e-03
3.222727272727272521e+02,5.371241104465241278e+01,5.499629914925750995e+01,5.381860258152705256e+01,1.283888104605097169e+00,7.857560197535917723e-03
3.223977272727272521e+02,5.370764367220566271e+01,5.498885752827568751e+01,5.381300376051778045e+01,1.281213856070024804e+00,7.848168483974404808e-03
3.225227272727272521e+02,5.370286655067092596e+01,5.498141099460755754e+01,5.380739841764363973e+01,1.278544443936631581e+00,7.838788989431577647e-03
3.226477272727272521e+02,5.369807971420267023e+01,5.497395957900788943e+01,5.380178657498595385e+01,1.275879864805219199e+00,7.829421737355346522e-03
3.227727272727272521e+02,5.369328319684610307e+01,5.496650331207771245e+01,5.379616825456832885e+01,1.273220115231609384e+00,7.820066750774401498e-03
3.228977272727272521e+02,5.368847703253757686e+01,5.495904222426514707e+01,5.379054347835685235e+01,1.270565191727570209e+00,7.810724052404793838e-03
3.230227272727272521e+02,5.368366125510492992e+01,5.495157634586625761e+01,5.378491226826005800e+01,1.267915090761327690e+00,7.801393664479405743e-03
3.231477272727272521e+02,5.367883589826783464e+01,5.494410570702585517e+01,5.377927464612910313e+01,1.265269808758020531e+00,7.792075608904269757e-03
3.232727272727272521e+02,5.367400099563822380e+01,5.493663033773833604e+01,5.377363063375788244e+01,1.262629342100112240e+00,7.782769907187514491e-03
3.233977272727272521e+02,5.366915658072056772e+01,5.492915026784855570e+01,5.376798025288305638e+01,1.259993687127987982e+00,7.773476580425153770e-03
3.235227272727272521e+02,5.366430268691227923e+01,5.492166552705258198e+01,5.376232352518422886e+01,1.257362840140302751e+00,7.764195649343719197e-03
3.236477272727272521e+02,5.365943934750406186e+01,5.491417614489849086e+01,5.375666047228394007e+01,1.254736797394429004e+00,7.754927134328681859e-03
3.237727272727272521e+02,5.365456659568026510e+01,5.490668215078724756e+01,5.375099111574789390e+01,1.252115555106982470e+00,7.745671055360503487e-03
3.238977272727272521e+02,5.364968446451921835e+01,5.489918357397345972e+01,5.374531547708497214e+01,1.249499109454241363e+00,7.736427432064374443e-03
3.240227272727272521e+02,5.364479298699365728e+01,5.489168044356620157e+01,5.373963357774732685e+01,1.246887456572544295e+00,7.727196283660475729e-03
3.241477272727272521e+02,5.363989219597094404e+01,5.488417278852978143e+01,5.373394543913056509e+01,1.244280592558837384e+00,7.717977629063454970e-03
3.242727272727272521e+02,5.363498212421356470e+01,5.487666063768451608e+01,5.372825108257377735e+01,1.241678513470951373e+00,7.708771486782950433e-03
3.243977272727272521e+02,5.363006280437939211e+01,5.486914401970760480e+01,5.372255052935962283e+01,1.239081215328212693e+00,7.699577874973329017e-03
3.245227272727272521e+02,5.362513426902204827e+01,5.486162296313379727e+01,5.371684380071447862e+01,1.236488694111748998e+00,7.690396811469213390e-03
3.246477272727272521e+02,5.362019655059125967e+01,5.485409749635620358e+01,5.371113091780858895e+01,1.233900945764943913e+00,7.681228313714427713e-03
3.247727272727272521e+02,5.361524968143324088e+01,5.484656764762712555e+01,5.370541190175602253e+01,1.231317966193884672e+00,7.672072398833051921e-03
3.248977272727272521e+02,5.361029369379096465e+01,5.483903344505875310e+01,5.369968677361491416e+01,1.228739751267788449e+00,7.662929083551262011e-03
3.250227272727272521e+02,5.360532861980455976e+01,5.483149491662392450e+01,5.369395555438750023e+01,1.226166296819364732e+00,7.653798384318122316e-03
3.251477272727272521e+02,5.360035449151166631e+01,5.482395209015695059e+01,5.368821826502022532e+01,1.223597598645284279e+00,7.644680317199004094e-03
3.252727272727272521e+02,5.359537134084771992e+01,5.481640499335429695e+01,5.368247492640389851e+01,1.221033652506577027e+00,7.635574897932428939e-03
3.253977272727272521e+02,5.359037919964637098e+01,5.480885365377534413e+01,5.367672555937371470e+01,1.218474454128973150e+00,7.626482141930068792e-03
3.255227272727272521e+02,5.358537809963976173e+01,5.480129809884317638e+01,5.367097018470941094e+01,1.215919999203414648e+00,7.617402064262535077e-03
3.256477272727272521e+02,5.358036807245889577e+01,5.479373835584529218e+01,5.366520882313537300e+01,1.213370283386396409e+00,7.608334679659378708e-03
3.257727272727272521e+02,5.357534914963395067e+01,5.478617445193429347e+01,5.365944149532072061e+01,1.210825302300342798e+00,7.599280002544617219e-03
3.258977272727272521e+02,5.357032136259467592e+01,5.477860641412869569e+01,5.365366822187944962e+01,1.208285051534019772e+00,7.590238047001207633e-03
3.260227272727272521e+02,5.356528474267066287e+01,5.477103426931363117e+01,5.364788902337048881e+01,1.205749526642968306e+00,7.581208826806573597e-03
3.261477272727272521e+02,5.356023932109171426e+01,5.476345804424152419e+01,5.364210392029781360e+01,1.203218723149809932e+00,7.572192355404183672e-03
3.262727272727272521e+02,5.355518512898820660e+01,5.475587776553285835e+01,5.363631293311061654e+01,1.200692636544651748e+00,7.563188645931973042e-03
3.263977272727272521e+02,5.355012219739133172e+01,5.474829345967687999e+01,5.363051608220333577e+01,1.198171262285548266e+00,7.554197711222343514e-03
3.265227272727272521e+02,5.354505055723349471e+01,5.474070515303230877e+01,5.362471338791579001e+01,1.195654595798814057e+00,7.545219563766636384e-03
3.266477272727272521e+02,5.353997023934867627e+01,5.473311287182803397e+01,5.361890487053329224e+01,1.193142632479357701e+00,7.536254215771975851e-03
3.267727272727272521e+02,5.353488127447273115e+01,5.472551664216381084e+01,5.361309055028678472e+01,1.190635367691079693e+00,7.527301679139952739e-03
3.268977272727272521e+02,5.352978369324365104e+01,5.471791649001097824e+01,5.360727044735288160e+01,1.188132796767327193e+00,7.518361965452413642e-03
3.270227272727272521e+02,5.352467752620201225e+01,5.471031244121314074e+01,5.360144458185402527e+01,1.185634915011128498e+00,7.509435086014093486e-03
3.271477272727272521e+02,5.351956280379123143e+01,5.470270452148685081e+01,5.359561297385859291e+01,1.183141717695619377e+00,7.500521051809982964e-03
3.272727272727272521e+02,5.351443955635787120e+01,5.469509275642230506e+01,5.358977564338097466e+01,1.180653200064433861e+00,7.491619873540855679e-03
3.273977272727272521e+02,5.350930781415205217e+01,5.468747717148402643e+01,5.358393261038172284e+01,1.178169357331974254e+00,7.482731561616162708e-03
3.275227272727272521e+02,5.350416760732770172e+01,5.467985779201153917e+01,5.357808389476765143e+01,1.175690184683837458e+00,7.473856126146927181e-03
3.276477272727272521e+02,5.349901896594288075e+01,5.467223464322003679e+01,5.357222951639191422e+01,1.173215677277156033e+00,7.464993576959955135e-03
3.277727272727272521e+02,5.349386191996016748e+01,5.466460775020103569e+01,5.356636949505413270e+01,1.170745830240868202e+00,7.456143923604940937e-03
3.278977272727272521e+02,5.348869649924688474e+01,5.465697713792309997e+01,5.356050385050055240e+01,1.168280638676215233e+00,7.447307175333151008e-03
3.280227272727272521e+02,5.348352273357554054e+01,5.464934283123243119e+01,5.355463260242407841e+01,1.165820097656890653e+00,7.438483341118740100e-03
3.281477272727272521e+02,5.347834065262399861e+01,5.464170485485356465e+01,5.354875577046441038e+01,1.163364202229566047e+00,7.429672429665856725e-03
3.282727272727272521e+02,5.347315028597596154e+01,5.463406323338999471e+01,5.354287337420819171e+01,1.160912947414033169e+00,7.420874449401537731e-03
3.283977272727272521e+02,5.346795166312112713e+01,5.462641799132491371e+01,5.353698543318910197e+01,1.158466328203786588e+00,7.412089408468602869e-03
3.285227272727272521e+02,5.346274481345563601e+01,5.461876915302170943e+01,5.353109196688789240e+01,1.156024339566073422e+00,7.403317314754076506e-03
3.286477272727272521e+02,5.345752976628232034e+01,5.461111674272476080e+01,5.352519299473263459e+01,1.153586976442440459e+00,7.394558175860765914e-03
3.287727272727272521e+02,5.345230655081098803e+01,5.460346078455994245e+01,5.351928853609872760e+01,1.151154233748954425e+00,7.385811999128577554e-03
3.288977272727272521e+02,5.344707519615884195e+01,5.459580130253537789e+01,5.351337861030906140e+01,1.148726106376535938e+00,7.377078791634517074e-03
3.290227272727272521e+02,5.344183573135068599e+01,5.458813832054197235e+01,5.350746323663406656e+01,1.146302589191286359e+00,7.368358560206900165e-03
3.291477272727272521e+02,5.343658818531928034e+01,5.458047186235410209e+01,5.350154243429193457e+01,1.143883677034821744e+00,7.359651311389825423e-03
3.292727272727272521e+02,5.343133258690566834e+01,5.457280195163022540e+01,5.349561622244860359e+01,1.141469364724557067e+00,7.350957051485806915e-03
3.293977272727272521e+02,5.342606896485945356e+01,5.456512861191347952e+01,5.348968462021797166e+01,1.139059647054025959e+00,7.342275786541563320e-03
3.295227272727272521e+02,5.342079734783911249e+01,5.455745186663235557e+01,5.348374764666196057e+01,1.136654518793243085e+00,7.333607522340912510e-03
3.296477272727272521e+02,5.341551776441232136e+01,5.454977173910123867e+01,5.347780532079062255e+01,1.134253974688917310e+00,7.324952264418982395e-03
3.297727272727272521e+02,5.341023024305624034e+01,5.454208825252104020e+01,5.347185766156230358e+01,1.131858009464799864e+00,7.316310018097738066e-03
3.298977272727272521e+02,5.340493481215784755e+01,5.453440142997988005e+01,5.346590468788367900e+01,1.129466617822032504e+00,7.307680788372294955e-03
3.300227272727272521e+02,5.339963150001419478e+01,5.452671129445353415e+01,5.345994641860995245e+01,1.127079794439339366e+00,7.299064580074343667e-03
3.301477272727272521e+02,5.339432033483276996e+01,5.451901786880620904e+01,5.345398287254491265e+01,1.124697533973439079e+00,7.290461397737146854e-03
3.302727272727272521e+02,5.338900134473173864e+01,5.451132117579098946e+01,5.344801406844102587e+01,1.122319831059250816e+00,7.281871245709226059e-03
3.303977272727272521e+02,5.338367455774031356e+01,5.450362123805052050e+01,5.344204002499962058e+01,1.119946680310206943e+00,7.273294128033569450e-03
3.305227272727272521e+02,5.337834000179897487e+01,5.449591807811760447e+01,5.343606076087097989e+01,1.117578076318629599e+00,7.264730048568424081e-03
3.306477272727272521e+02,5.337299770475985383e+01,5.448821171841568400e+01,5.343007629465439123e+01,1.115214013655830172e+00,7.256179010923347050e-03
3.307727272727272521e+02,5.336764769438695311e+01,5.448050218125955269e+01,5.342408664489833114e+01,1.112854486872599580e+00,7.247641018459205497e-03
3.308977272727272521e+02,5.336228999835649489e+01,5.447278948885583105e+01,5.341809183010060025e+01,1.110499490499336162e+00,7.239116074337914597e-03
3.310227272727272521e+02,5.335692464425719095e+01,5.446507366330360611e+01,5.341209186870831616e+01,1.108149019046415162e+00,7.230604181479804993e-03
3.311477272727272521e+02,5.335155165959056944e+01,5.445735472659498555e+01,5.340608677911816216e+01,1.105803067004416107e+00,7.222105342570728226e-03
3.312727272727272521e+02,5.334617107177120943e+01,5.444963270061566618e+01,5.340007657967641563e+01,1.103461628844456754e+00,7.213619560069162162e-03
3.313977272727272521e+02,5.334078290812713163e+01,5.444190760714547395e+01,5.339406128867912571e+01,1.101124699018342312e+00,7.205146836220421847e-03
3.315227272727272521e+02,5.333538719589995480e+01,5.443417946785896788e+01,5.338804092437214166e+01,1.098792271959013078e+00,7.196687173049554076e-03
3.316477272727272521e+02,5.332998396224535753e+01,5.442644830432597303e+01,5.338201550495132608e+01,1.096464342080615495e+00,7.188240572375548254e-03
3.317727272727272521e+02,5.332457323423318485e+01,5.441871413801212043e+01,5.337598504856259751e+01,1.094140903778935581e+00,7.179807035797125536e-03
3.318977272727272521e+02,5.331915503884786744e+01,5.441097699027949375e+01,5.336994957330210809e+01,1.091821951431626303e+00,7.171386564664317120e-03
3.320227272727272521e+02,5.331372940298869167e+01,5.440323688238702005e+01,5.336390909721625064e+01,1.089507479398328371e+00,7.162979160149518520e-03
3.321477272727272521e+02,5.330829635347001982e+01,5.439549383549116612e+01,5.335786363830192158e+01,1.087197482021146300e+00,7.154584823219067857e-03
3.322727272727272521e+02,5.330285591702165959e+01,5.438774787064639327e+01,5.335181321450650671e+01,1.084891953624733674e+00,7.146203554611929576e-03
3.323977272727272521e+02,5.329740812028910568e+01,5.437999900880573989e+01,5.334575784372806595e+01,1.082590888516634209e+00,7.137835354839694446e-03
3.325227272727272521e+02,5.329195298983379558e+01,5.437224727082128339e+01,5.333969754381539730e+01,1.080294280987487809e+00,7.129480224278950118e-03
3.326477272727272521e+02,5.328649055213349328e+01,5.436449267744481517e+01,5.333363233256824287e+01,1.078002125311321890e+00,7.121138163043383429e-03
3.327727272727272521e+02,5.328102083358243135e+01,5.435673524932823852e+01,5.332756222773731025e+01,1.075714415745807173e+00,7.112809171054834678e-03
3.328977272727272521e+02,5.327554386049173729e+01,5.434897500702414419e+01,5.332148724702439324e+01,1.073431146532406899e+00,7.104493248057508481e-03
3.330227272727272521e+02,5.327005965908959695e+01,5.434121197098637168e+01,5.331540740808258505e+01,1.071152311896774734e+00,7.096190393546919495e-03
3.331477272727272521e+02,5.326456825552160979e+01,5.433344616157043561e+01,5.330932272851624276e+01,1.068877906048825821e+00,7.087900606926211822e-03
3.332727272727272521e+02,5.325906967585102336e+01,5.432567759903417937e+01,5.330323322588124313e+01,1.066607923183156004e+00,7.079623887278785332e-03
3.382727272727272521e+02,5.302908482908674870e+01,5.401156898582233623e+01,5.305290374908865658e+01,9.824841567355875327e-01,6.769444499781229752e-03
3.432727272727272521e+02,5.279042688822196538e+01,5.369507485003649805e+01,5.279678509090082628e+01,9.046479618145326640e-01,6.478830196648743822e-03
3.482727272727272521e+02,5.254426352469110384e+01,5.337695920056125942e+01,5.253568681908551241e+01,8.412723814757470109e-01,6.207104667225848971e-03
3.500000000000000000e+02,5.245838875994769523e+01,5.326691641852947612e+01,5.244494032698300856e+01,8.219760915464675577e-01,6.115308331622770766e-03
