t_s,max_C,seat_max_C,input_J,loss_J,stored_part_and_copper_J,balance_J,copper_C,seal_band_max_C
1.250000000000000000e-01,1.405362103764107587e+03,1.511877839863026907e+02,1.268437500000000000e+02,6.489422267807121170e-02,1.267788558004726838e+02,2.315076130798843224e-08,2.199801911187150338e+01,2.000183018398457335e+01
2.500000000000000000e-01,1.345605066896763446e+03,2.432392119441102238e+02,2.536875000000000000e+02,2.996383321341021810e-01,2.533878616927642042e+02,1.747565647747251205e-09,2.199609283730785592e+01,2.000956559031802229e+01
3.750000000000000000e-01,1.445058240737709866e+03,3.247989878264099275e+02,3.805312500000000000e+02,6.771534949958151195e-01,3.798541031061775470e+02,6.576275040970358532e-06,2.199421969972350865e+01,2.003021557918927442e+01
5.000000000000000000e-01,1.599053480695918552e+03,3.847733761289257473e+02,5.073750000000000000e+02,1.231912415696237995e+00,5.061430997795961844e+02,5.594119045326806372e-06,2.199239837368459050e+01,2.007266545639648214e+01
6.250000000000000000e-01,1.526088527380546566e+03,4.325089759870593866e+02,6.342187500000000000e+02,1.948288518483813458e+00,6.322704740130192249e+02,3.362106468784986646e-07,2.199062770523508803e+01,2.014654167197436863e+01
7.500000000000000000e-01,1.613588943040239883e+03,4.775101202789212493e+02,7.610625000000000000e+02,2.766456038373565463e+00,7.582960564931325962e+02,3.140598892059642822e-12,2.198890672674555091e+01,2.026116494757903652e+01
8.750000000000000000e-01,1.601388717663179705e+03,5.122019011809477433e+02,8.879062500000000000e+02,3.706515621585187326e+00,8.841997469099210321e+02,7.105427357601001859e-14,2.198723466485394340e+01,2.042479597903853517e+01
1.000000000000000000e+00,1.500395867764813147e+03,5.309866361773292738e+02,1.014750000000000000e+03,4.726982026502351886e+00,1.010023036478550694e+03,5.973546791437911452e-06,2.198561094125426862e+01,2.064414223781351865e+01
1.125000000000000000e+00,1.573939234292192396e+03,5.490302641200820517e+02,1.141593750000000000e+03,5.820475015772265337e+00,1.135773293679399558e+03,1.901187260955339298e-07,2.198403516738060404e+01,2.092419825768003250e+01
1.250000000000000000e+00,1.516346057972804147e+03,5.485790725671345172e+02,1.268437500000000000e+03,6.979039641346892253e+00,1.261458479053828114e+03,3.097966327914036810e-12,2.198250713416637581e+01,2.126825115769110752e+01
1.375000000000000000e+00,1.505100313761896814e+03,5.575642833231941040e+02,1.395281250000000000e+03,8.186333423904732953e+00,1.387094935272186376e+03,9.161595926343579777e-10,2.198102679822105898e+01,2.167801568947775337e+01
1.500000000000000000e+00,1.470179900916703446e+03,5.726552129486741478e+02,1.522125000000000000e+03,9.442568230847966149e+00,1.512682450825270053e+03,3.600270019887830131e-07,2.197959426576554165e+01,2.215386708325008769e+01
1.625000000000000000e+00,1.449954665494929486e+03,5.767706811972841479e+02,1.648968750000000000e+03,1.075376879886423787e+01,1.638215000258843020e+03,1.589341991348192096e-09,2.197820977517232421e+01,2.269504251690700869e+01
1.750000000000000000e+00,1.454545751624861623e+03,5.746868481493129366e+02,1.775812500000000000e+03,1.211409601893070587e+01,1.763698423041317483e+03,2.540872401368687861e-09,2.197687367894856081e+01,2.329985647477523614e+01
1.875000000000000000e+00,1.490502091714998414e+03,5.875089024308706485e+02,1.902656250000000000e+03,1.351889717657007495e+01,1.889137371886884694e+03,3.206608312211756129e-09,2.197558642587645394e+01,2.396591589068844286e+01
2.000000000000000000e+00,1.472500501868569472e+03,6.004635186916867724e+02,2.029500000000000000e+03,1.498413359235745901e+01,2.014515885646201468e+03,1.751041338593495311e-07,2.197434854381475589e+01,2.469033785804213821e+01
2.125000000000000000e+00,1.444913108879844003e+03,6.074086326108562162e+02,2.156343750000000000e+03,1.650593042762153217e+01,2.139837838810938138e+03,8.384404281969182193e-13,2.197316062324804875e+01,2.546986233863491833e+01
2.250000000000000000e+00,1.476997633457904385e+03,6.122201826349423754e+02,2.283187500000000000e+03,1.809101760632228206e+01,2.265096521831350401e+03,2.019911316608613561e-05,2.197202330191614195e+01,2.630097566300808865e+01
2.375000000000000000e+00,1.488497003188299686e+03,6.066349925530441851e+02,2.410031250000000000e+03,1.972310927663836821e+01,2.390308180975336654e+03,8.143023109141722671e-07,2.197093725074359583e+01,2.718004242513935154e+01
2.500000000000000000e+00,1.484673788583656460e+03,6.115160790286897736e+02,2.536875000000000000e+03,2.138329266866077916e+01,2.515491747583322649e+03,8.540723683836404234e-12,2.196990316108606578e+01,2.810338311372794706e+01
2.625000000000000000e+00,1.501586596935716670e+03,6.244663873479779568e+02,2.663718750000000000e+03,2.310290714685377367e+01,2.640615883867160846e+03,7.620313908773823641e-07,2.196892173335938026e+01,2.906734774225068918e+01
2.750000000000000000e+00,1.498904487402902078e+03,6.273619782537857645e+02,2.790562500000000000e+03,2.488052391694792931e+01,2.765682017098123652e+03,1.056733367477136198e-09,2.196799366698769518e+01,3.006837521619278064e+01
2.875000000000000000e+00,1.521841744802632093e+03,6.275610955691331583e+02,2.917406250000000000e+03,2.671575694335289342e+01,2.890690534071720322e+03,1.506350599811412394e-12,2.196711965152926282e+01,3.110298815147164930e+01
3.000000000000000000e+00,1.529181298015231278e+03,6.199988887970021096e+02,3.044250000000000000e+03,2.860076322219380174e+01,3.015649277792924295e+03,4.507683115662075579e-11,2.196630035899205069e+01,3.216780288549217204e+01
3.125000000000000000e+00,1.467022290433853868e+03,6.161492518753234435e+02,3.171093750000000000e+03,3.052335689982651701e+01,3.140570434123446375e+03,8.154700026352657005e-09,2.196553643724395499e+01,3.325954757309987997e+01
3.250000000000000000e+00,1.479562823275867459e+03,6.290257382503818917e+02,3.297937500000000000e+03,3.248781346230499167e+01,3.265449727560968768e+03,8.952838470577262342e-13,2.196482850446465562e+01,3.437508237752862073e+01
3.375000000000000000e+00,1.459988700289047983e+03,6.338877521568274460e+02,3.424781250000000000e+03,3.449827354719009520e+01,3.390283017476087480e+03,3.623767952376510948e-12,2.196417714441922442e+01,3.551138110448172114e+01
3.500000000000000000e+00,1.491283479136968708e+03,6.322771406219286519e+02,3.551625000000000000e+03,3.656964989625041795e+01,3.515055391248076830e+03,1.210497941883659223e-07,2.196358290262043766e+01,3.666555287788515471e+01
3.625000000000000000e+00,1.519814462552173609e+03,6.305705152108740776e+02,3.678468750000000000e+03,3.869107601123424445e+01,3.639777715233013623e+03,9.992044169848668389e-08,2.196304628338081244e+01,3.783487528687182788e+01
3.750000000000000000e+00,1.457511012622196176e+03,6.308867278483650125e+02,3.805312500000000000e+03,4.085420494446632489e+01,3.764458336299810981e+03,2.957278866233536974e-11,2.196256774753998897e+01,3.901679126099264749e+01
3.875000000000000000e+00,1.446535819628512854e+03,6.412478596635719441e+02,3.932156250000000000e+03,4.305573748970819992e+01,3.889100553754571592e+03,2.685851541173178703e-12,2.196214771078394890e+01,4.020890810421659012e+01
4.000000000000000000e+00,1.500092302905865154e+03,6.475729265475142711e+02,4.059000000000000000e+03,4.531108350213651903e+01,4.013688957742240746e+03,9.747225249157054350e-11,2.196178654242069683e+01,4.140897769379867555e+01
4.125000000000000000e+00,1.489070494221201898e+03,6.425833812457649401e+02,4.185843750000000000e+03,4.762367805368123186e+01,4.138220113190853226e+03,1.569873120388365351e-10,2.196148456461409992e+01,4.261490084910520437e+01
4.250000000000000000e+00,1.502833754265079733e+03,6.326309441711570116e+02,4.312687500000000000e+03,4.995462168597311603e+01,4.262732922408553350e+03,2.849992114306587609e-06,2.196124205191967249e+01,4.382470472028635555e+01
4.375000000000000000e+00,1.505841454138774225e+03,6.361142334041176127e+02,4.439531250000000000e+03,5.231335835963109560e+01,4.387217935734894127e+03,-1.662670001678634435e-12,2.196105923107521818e+01,4.503652855188808957e+01
4.500000000000000000e+00,1.506153116322140704e+03,6.482077756671120596e+02,4.566375000000000000e+03,5.474884932122299119e+01,4.511626194834847411e+03,6.154502329991373699e-08,2.196093628110400431e+01,4.624862466459953225e+01
4.625000000000000000e+00,1.490070586223747114e+03,6.499971581786427350e+02,4.693218750000000000e+03,5.724196938395188283e+01,4.635976824772118562e+03,-3.979039320256561041e-13,2.196087333355956517e+01,4.745934463580352514e+01
4.750000000000000000e+00,1.545504868810844300e+03,6.529180672747196468e+02,4.820062500000000000e+03,5.980172313147841123e+01,4.760260821033103639e+03,8.511506166541948915e-09,2.196087047298583173e+01,4.866713250748020414e+01
4.875000000000000000e+00,1.496946362823918207e+03,6.512321192821385694e+02,4.946906250000000000e+03,6.240326265722432453e+01,4.884503032089767657e+03,5.824099389428738505e-07,2.196092773763678352e+01,4.987052223134768525e+01
5.000000000000000000e+00,1.515542158785896845e+03,6.633613096057641769e+02,5.073750000000000000e+03,6.502192174958530302e+01,5.008728122972000165e+03,-2.540694765684747836e-08,2.196104512045432600e+01,5.106814176399829819e+01
5.125000000000000000e+00,1.488327088237320368e+03,6.677718145404138568e+02,5.200593750000000000e+03,6.769454028926892875e+01,5.132899254447880594e+03,1.556399809032882331e-08,2.196122257020694946e+01,5.225871159640531971e+01
5.250000000000000000e+00,1.547773826516419376e+03,6.671848343520501885e+02,5.327437500000000000e+03,7.042027897096187417e+01,5.257017315416278507e+03,4.965009044610724231e-05,2.196145999270632032e+01,5.344104149541352200e+01
5.375000000000000000e+00,1.540901850153352598e+03,6.669284483601563807e+02,5.454281250000000000e+03,7.320238241350487840e+01,5.381078961995899590e+03,2.216400218912895070e-08,2.196175725214723329e+01,5.461403079446570530e+01
5.500000000000000000e+00,1.510827576249604590e+03,6.697531253693414328e+02,5.581125000000000000e+03,7.601917162742071810e+01,5.505105922782007838e+03,2.376054908381775022e-11,2.196211417254276554e+01,5.577666830134000975e+01
5.625000000000000000e+00,1.543621173640542111e+03,6.849527054815476959e+02,5.707968750000000000e+03,7.889745359367694277e+01,5.629071390815751329e+03,-4.121147867408581078e-13,2.196253053936844069e+01,5.692804238613338441e+01
5.750000000000000000e+00,1.513268601135443987e+03,6.884618433260520760e+02,5.834812500000000000e+03,8.183554707610336720e+01,5.752977047339497403e+03,6.172641064949857537e-09,2.196300610124454877e+01,5.806732990566451491e+01
5.875000000000000000e+00,1.517669731255024089e+03,6.834718775293666795e+02,5.961656250000000000e+03,8.480246309090388479e+01,5.876853881390838069e+03,6.614089897993835621e-08,2.196354057142216831e+01,5.919376802662181092e+01
6.000000000000000000e+00,1.569856911266961333e+03,6.772566790157104606e+02,6.088500000000000000e+03,8.784719099978086376e+01,6.000652904683821362e+03,1.201860428068357578e-06,2.196413362923817303e+01,6.030664275928723583e+01
6.125000000000000000e+00,1.563053695417915833e+03,6.710364892801558199e+02,6.215343750000000000e+03,9.097102492109429761e+01,6.124372820765313918e+03,2.806316956593946088e-09,2.196478492161379847e+01,6.140528750319901263e+01
6.250000000000000000e+00,1.574502590218536398e+03,6.874509739180856513e+02,6.342187500000000000e+03,9.412927248489340570e+01,6.248058323202288193e+03,7.730136530881281942e-10,2.196549406459655529e+01,6.248908552003677386e+01
6.375000000000000000e+00,1.569999072692268101e+03,6.956709678147760769e+02,6.469031250000000000e+03,9.731312943820215366e+01,6.371718216383229446e+03,1.342495608014360187e-07,2.196626064481380425e+01,6.355746563058173138e+01
6.500000000000000000e+00,1.559485110388887733e+03,6.974967449971700262e+02,6.595875000000000000e+03,1.005323515178405671e+02,6.495342744303590734e+03,5.684341886080801487e-14,2.196708422097712798e+01,6.460990353966701605e+01
6.625000000000000000e+00,1.558616754454784541e+03,6.897516459942971778e+02,6.722718750000000000e+03,1.038021770742950736e+02,6.618916668747164294e+03,2.761169071163749322e-11,2.196796432544419631e+01,6.564592143669354130e+01
6.750000000000000000e+00,1.535866058129721296e+03,6.744790107782687301e+02,6.849562500000000000e+03,1.071152853334759811e+02,6.742447310488266339e+03,2.825686351570766419e-10,2.196890046576950084e+01,6.666508351839294733e+01
6.875000000000000000e+00,1.566854534789277750e+03,6.694708617466158103e+02,6.976406250000000000e+03,1.104707249376229754e+02,6.865935620964451118e+03,8.033177323341078591e-08,2.196989212643011413e+01,6.766700255573906020e+01
7.000000000000000000e+00,1.521575764273174855e+03,6.708549234220873814e+02,7.103250000000000000e+03,1.138798979595058967e+02,6.989370198249838722e+03,3.072701844075709232e-07,2.197093877050175337e+01,6.865133923415716311e+01
7.125000000000000000e+00,1.540212483680441665e+03,6.697559151102316264e+02,7.230093750000000000e+03,1.173348420468036011e+02,7.112759004162543533e+03,2.756905814749188721e-12,2.197203984135710186e+01,6.961780392911755655e+01
7.250000000000000000e+00,1.564257485264974775e+03,6.630793239911967021e+02,7.356937500000000000e+03,1.208324813557091346e+02,7.236105114898088686e+03,4.445023193966335384e-08,2.197319476424705798e+01,7.056615219580959320e+01
7.375000000000000000e+00,1.572938826522191448e+03,6.772633803966344885e+02,7.483781250000000000e+03,1.243441368664758784e+02,7.359437217335079367e+03,7.947757566739710455e-06,2.197440294782554915e+01,7.149618035496476409e+01
7.500000000000000000e+00,1.549500743018395042e+03,6.844864216949230240e+02,7.610625000000000000e+03,1.279034500140180057e+02,7.482721654293034590e+03,1.054970510949715390e-07,2.197566378568915013e+01,7.240772422322145019e+01
7.625000000000000000e+00,1.508409338755642693e+03,6.861600525960786854e+02,7.737468750000000000e+03,1.314910719920749216e+02,7.605977782314977958e+03,-1.847411112976260483e-13,2.197697665777716836e+01,7.330065489886079888e+01
7.750000000000000000e+00,1.535433973962622986e+03,6.856601388292820047e+02,7.864312500000000000e+03,1.351342435908804305e+02,7.729178360719008197e+03,2.835321311067673378e-09,2.197834093177394266e+01,7.417487931560394543e+01
7.875000000000000000e+00,1.544843581648034842e+03,6.795341096325504395e+02,7.991156250000000000e+03,1.388276007414405058e+02,7.852328753847240478e+03,2.787924415770248743e-07,2.197975596444789304e+01,7.503033813268619667e+01
8.000000000000000000e+00,1.516002384427785955e+03,6.750125193863177628e+02,8.118000000000000000e+03,1.425346417855111838e+02,7.975465462803889750e+03,7.199361107268487103e-10,2.198122110289845565e+01,7.586700133782309763e+01
8.125000000000000000e+00,1.573327676040345978e+03,6.876433707414862511e+02,8.244843750000000000e+03,1.462796462702590361e+02,8.098564208319147838e+03,5.584865903074387461e-12,2.198273568583867288e+01,7.668486692119964232e+01
8.250000000000000000e+00,1.574437417176066674e+03,6.932729749120454699e+02,8.371687500000000000e+03,1.500691046935220925e+02,8.221618500455007961e+03,5.591236060809023911e-07,2.198429904460263273e+01,7.748395523051344469e+01
8.375000000000000000e+00,1.580848811124886652e+03,6.941742310912057974e+02,8.498531250000000000e+03,1.539198076135284339e+02,8.344611547562080887e+03,2.707963631110033020e-08,2.198591050403330627e+01,7.826430541961515530e+01
8.500000000000000000e+00,1.574315368299474812e+03,6.874861552471884352e+02,8.625375000000000000e+03,1.578036230746332649e+02,8.467571482384637420e+03,2.836609382939059287e-07,2.198756938336297750e+01,7.902597415434895822e+01
8.625000000000000000e+00,1.590774936455831266e+03,6.898486996041714292e+02,8.752218750000000000e+03,1.617421149968209306e+02,8.590476736787089976e+03,-3.675360503052615968e-06,2.198927499710057276e+01,7.976903540818037186e+01
8.750000000000000000e+00,1.591125104779302092e+03,7.004413854869088709e+02,8.879062500000000000e+03,1.657117629673384727e+02,8.713350838816571923e+03,9.947598300641402602e-14,2.199102665589125394e+01,8.049357989554773951e+01
8.875000000000000000e+00,1.588372403302807470e+03,7.023678698054094411e+02,9.005906250000000000e+03,1.697229328070642111e+02,8.836183418976987014e+03,1.413980044162599370e-10,2.199282366723080884e+01,8.119971381303388114e+01
9.000000000000000000e+00,1.602995148839812373e+03,7.008415311174807130e+02,9.132750000000000000e+03,1.738134522419706798e+02,8.958936649542089071e+03,8.455458555545192212e-12,2.199466533619454367e+01,8.188755905535592206e+01
9.125000000000000000e+00,1.594672860147043821e+03,6.894169974172101547e+02,9.259593750000000000e+03,1.779467245557892454e+02,9.081647127342595923e+03,1.143262693403812591e-07,2.199655096614812777e+01,8.255725378424291705e+01
9.250000000000000000e+00,1.622216531238201696e+03,6.960608096427008604e+02,9.386437500000000000e+03,1.821097651536116757e+02,9.204327838738026912e+03,1.993253690102392284e-06,2.199847985940225570e+01,8.320895192480423930e+01
9.375000000000000000e+00,1.582208795394517665e+03,7.075285338744045021e+02,9.513281250000000000e+03,1.863308296556427308e+02,9.326950524236253841e+03,2.580264890639227815e-10,2.200045131791312158e+01,8.384282293294202759e+01
9.500000000000000000e+00,1.543173157687866933e+03,7.092492239158315215e+02,9.640125000000000000e+03,1.905943212739693990e+02,9.449530795963995843e+03,1.334606956504558184e-05,2.200246464381239520e+01,8.445905064663099893e+01
9.625000000000000000e+00,1.586297612887068453e+03,7.074794583148275251e+02,9.766968750000000000e+03,1.949121005023843622e+02,9.572056777974818033e+03,1.123923740919963166e-05,2.200451913985777708e+01,8.505783156787657617e+01
9.750000000000000000e+00,1.591145708767780206e+03,6.999570636869755162e+02,9.893812500000000000e+03,1.992976483636634839e+02,9.694514980113563070e+03,2.444267011014744639e-11,2.200661410992690747e+01,8.563937367692558666e+01
9.875000000000000000e+00,1.588664284029970986e+03,7.115672720758452670e+02,1.002065625000000000e+04,2.037392245852720691e+02,9.816917153892210990e+03,2.566622470112633891e-10,2.200874885954280558e+01,8.658523420438919516e+01
1.000000000000000000e+01,1.546229505506310034e+03,7.184546730391584788e+02,1.014750000000000000e+04,2.082054208615651874e+02,9.939294707654227750e+03,3.830970740636985283e-08,2.201092269629939935e+01,8.768628473013571067e+01
1.012500000000000000e+01,1.559862059038866391e+03,7.207463239887468944e+02,1.027434375000000000e+04,2.127025986820031562e+02,1.006164127984348124e+04,9.692328717392229009e-09,2.201313493033267221e+01,8.877012592581212402e+01
1.025000000000000000e+01,1.541506922325851747e+03,7.138965587091307725e+02,1.040118750000000000e+04,2.172411958741860190e+02,1.018394643337849993e+04,7.272009270309354179e-07,2.201538487482185502e+01,8.983634849993757143e+01
1.037500000000000000e+01,1.516585936867005557e+03,7.354632067844908079e+02,1.052803125000000000e+04,2.218584567812815749e+02,1.030617292212584289e+04,-3.455610624314431334e-07,2.201767184646524811e+01,9.088458269091839270e+01
1.050000000000000000e+01,1.587668088521044410e+03,7.578917930871618864e+02,1.065487500000000000e+04,2.265110115969269486e+02,1.042836417499333766e+04,5.768314036913579912e-05,2.201999516606688445e+01,9.191450633298178730e+01
1.062500000000000000e+01,1.593479629537842357e+03,7.629906266210887225e+02,1.078171875000000000e+04,2.312085268175746080e+02,1.055051041416424232e+04,4.391552209881410818e-06,2.202235415907923155e+01,9.292584253489739865e+01
1.075000000000000000e+01,1.631095762103115931e+03,7.629330867161638707e+02,1.090856250000000000e+04,2.360347765649569851e+02,1.067252791444560353e+04,2.874439530842209933e-08,2.202474815610350589e+01,9.391835298864631909e+01
1.087500000000000000e+01,1.627920335826425116e+03,7.784147450563424400e+02,1.103540625000000000e+04,2.410643022505422550e+02,1.079434213876001559e+04,-2.046363078989088535e-12,2.202717649337677841e+01,9.489183541243276920e+01
1.090909090909091006e+01,1.655245444243439351e+03,7.865646895607663964e+02,1.107000000000000182e+04,2.424487636416880889e+02,1.082755142750570485e+04,1.368349060726359312e-07,2.202784130590702816e+01,9.515579472038406550e+01
1.103409090909091006e+01,1.386159070330584427e+03,7.097312147158902462e+02,1.107000000000000182e+04,2.472708811257002424e+02,1.082272931116371728e+04,1.142023795530633379e-06,2.203031245206789634e+01,9.610463620306759935e+01
1.115909090909091006e+01,1.049115716598046220e+03,6.309107376889937768e+02,1.107000000000000182e+04,2.514875789342888197e+02,1.081851261335513664e+04,8.115286220800044248e-12,2.203281643469396300e+01,9.703323239011622547e+01
1.128409090909091006e+01,8.438292779460326756e+02,5.593511010184384986e+02,1.107000000000000182e+04,2.553788841889044932e+02,1.081462130810054987e+04,2.917177610584076319e-11,2.203535257421545523e+01,9.794012541454344500e+01
1.140909090909091006e+01,7.024420658959637649e+02,4.982612530062746714e+02,1.107000000000000182e+04,2.590846510822223649e+02,1.081091554120729234e+04,5.976641404004112701e-11,2.203792016130806175e+01,9.882312971708566351e+01
1.153409090909091006e+01,5.989533939952016226e+02,4.475140233885722409e+02,1.107000000000000182e+04,2.626692079884718964e+02,1.080733098430106656e+04,2.368327756130383932e-11,2.204051844206529509e+01,9.967939182156824529e+01
1.165909090909091006e+01,5.218923361997759685e+02,4.060212839092413901e+02,1.107000000000000182e+04,2.661684343587402282e+02,1.080383175793080227e+04,4.284572696633404121e-12,2.204314660373792023e+01,1.005055476438836024e+02
1.178409090909091006e+01,4.637606845772405677e+02,3.721040669595421946e+02,1.107000000000000182e+04,2.696039851551079209e+02,1.080039625091817652e+04,4.378374190849854131e-05,2.204580376214656923e+01,1.012979341634116395e+02
1.190909090909091006e+01,4.199171923199227194e+02,3.449383342597143951e+02,1.107000000000000182e+04,2.729896968992059669e+02,1.079701055403728969e+04,1.486321189947403809e-05,2.204848895150988142e+01,1.020528149513562113e+02
1.203409090909091006e+01,3.854213453913425838e+02,3.225097406579960193e+02,1.107000000000000182e+04,2.763348555478164030e+02,1.079366540198892471e+04,6.600246022614442154e-06,2.205120111709535990e+01,1.027665893720120778e+02
1.215909090909091006e+01,3.599224277354649075e+02,3.036089047043701612e+02,1.107000000000000182e+04,2.796459860594883367e+02,1.079035427561656070e+04,4.139307554051896432e-06,2.205393911082277825e+01,1.034359668286285512e+02
1.228409090909091006e+01,3.406423413357728123e+02,2.875024787286938590e+02,1.107000000000000182e+04,2.829278731611374837e+02,1.078707239133264011e+04,2.817727692949745233e-06,2.205670168975588297e+01,1.040580988463021157e+02
1.240909090909091006e+01,3.253115276388601842e+02,2.736234820969045813e+02,1.107000000000000182e+04,2.861841712733510690e+02,1.078381609522150757e+04,2.001081798042037008e-06,2.205948751725706103e+01,1.046306663771940464e+02
1.253409090909091006e+01,3.131619324931905908e+02,2.615354382821460604e+02,1.107000000000000182e+04,2.894177695453079764e+02,1.078058249841661564e+04,1.467065646298948423e-06,2.206229516647832156e+01,1.051519223778618795e+02
1.265909090909091006e+01,3.032156656195166988e+02,2.509017757352949616e+02,1.107000000000000182e+04,2.926310151588804729e+02,1.077736925390554461e+04,1.102501654859366909e-06,2.206512312582295721e+01,1.056207043123302469e+02
1.278409090909091006e+01,2.939015443984280864e+02,2.415172670365032843e+02,1.107000000000000182e+04,2.958258564521158291e+02,1.077417441345645602e+04,8.441475292109146267e-07,2.206796980599471070e+01,1.060364172152780355e+02
1.290909090909091006e+01,2.851423002514089262e+02,2.333233292857939603e+02,1.107000000000000182e+04,2.990039387729282225e+02,1.077099633179174270e+04,6.560983201175929480e-07,2.207083354827030064e+01,1.063989990941245907e+02
1.303409090909091006e+01,2.769122532977219748e+02,2.258999715369506305e+02,1.107000000000000182e+04,3.021666709515378670e+02,1.076783360012899902e+04,5.158663247684103226e-07,2.207371263363435787e+01,1.067088711613650531e+02
1.315909090909091006e+01,2.691803796688226953e+02,2.191343298743466903e+02,1.107000000000000182e+04,3.053152735030330973e+02,1.076468499798555604e+04,4.080515516591276537e-07,2.207660529246116354e+01,1.069668805108687621e+02
1.328409090909091006e+01,2.619133904918238613e+02,2.129349557983544230e+02,1.107000000000000182e+04,3.084508141998521751e+02,1.076154945761414092e+04,3.254032909794091211e-07,2.207950971446488353e+01,1.071742407793058334e+02
1.340909090909091006e+01,2.550777460784524067e+02,2.072441891446624993e+02,1.107000000000000182e+04,3.115742349465946859e+02,1.075842603712757591e+04,2.601768569476803350e-07,2.208242405868537261e+01,1.073324731686913367e+02
1.353409090909091006e+01,2.486409143120279168e+02,2.021277572641224083e+02,1.107000000000000182e+04,3.146863724971319698e+02,1.075531389978525112e+04,2.082132559699800822e-07,2.208534646330484463e+01,1.074433474492304441e+02
1.365909090909091006e+01,2.425720945906194288e+02,1.973594367239093970e+02,1.107000000000000182e+04,3.177879747581168886e+02,1.075221229769158890e+04,1.673222391751494342e-07,2.208827505513148637e+01,1.075088255197123459e+02
1.378409090909091006e+01,2.368425893577168608e+02,1.929019418601477582e+02,1.107000000000000182e+04,3.208797139833152983e+02,1.074912055860023975e+04,1.338487276569821915e-07,2.209120795862846265e+01,1.075310108763300292e+02
1.390909090909091006e+01,2.314259465146220407e+02,1.887218696622217351e+02,1.107000000000000182e+04,3.239621975478849549e+02,1.074603807514183791e+04,1.061674907987253391e-07,2.209414330439661356e+01,1.075121040511640871e+02
1.403409090909091006e+01,2.262979577383419496e+02,1.847914433978044428e+02,1.107000000000000182e+04,3.270359766625804241e+02,1.074296429611060557e+04,8.346282731608312133e-08,2.209707923704486277e+01,1.074543632359979597e+02
1.415909090909091006e+01,2.214365833949055684e+02,1.810870912727861253e+02,1.107000000000000182e+04,3.301015536103083150e+02,1.073989871922615566e+04,6.327843005138333865e-08,2.210001392240922513e+01,1.073600708129379342e+02
1.428409090909091006e+01,2.168218543598218560e+02,1.775884023221075267e+02,1.107000000000000182e+04,3.331593877559417365e+02,1.073684088512787639e+04,4.735370184860698828e-08,2.210294555410105843e+01,1.072315052636354409e+02
1.440909090909091006e+01,2.124357184140289405e+02,1.742775681513065820e+02,1.107000000000000182e+04,3.362099004705519860e+02,1.073379037244711617e+04,3.385087898877259249e-08,2.210587235937994777e+01,1.070709177882398677e+02
1.453409090909091006e+01,2.082619424721547716e+02,1.711391139342790950e+02,1.107000000000000182e+04,3.392534794513433098e+02,1.073074679349046528e+04,2.414006861073403343e-08,2.210879260435930860e+01,1.068805132611690283e+02
1.465909090909091006e+01,2.042861074020268290e+02,1.681592840320846562e+02,1.107000000000000182e+04,3.422904820223935189e+02,1.072770979093648748e+04,1.707254027039084576e-08,2.211170459856302628e+01,1.066624350963083856e+02
1.478409090909091006e+01,2.005206899691465594e+02,1.653385016611961191e+02,1.107000000000000182e+04,3.453212379797047902e+02,1.072467903499152817e+04,1.235250790543318544e-08,2.211460669885914498e+01,1.064187535560674718e+02
1.490909090909091006e+01,1.970522601456481766e+02,1.627000633141037724e+02,1.107000000000000182e+04,3.483460522405369488e+02,1.072165422074056733e+04,9.871873984934609325e-09,2.211749731280209019e+01,1.061514570506527804e+02
1.503409090909091006e+01,1.937295835456440614e+02,1.601797575553454749e+02,1.107000000000000182e+04,3.513652070176171378e+02,1.071863506597205924e+04,8.571556353587084232e-09,2.212037490141861085e+01,1.058624460040607858e+02
1.515909090909091006e+01,1.905417917267828898e+02,1.577695301092670093e+02,1.107000000000000182e+04,3.543789637412174898e+02,1.071562130925595375e+04,7.495469134255472454e-09,2.212323798147501464e+01,1.055535288995506278e+02
1.528409090909091006e+01,1.874796295084281610e+02,1.554619996202077346e+02,1.107000000000000182e+04,3.573875649134531614e+02,1.071261270809029520e+04,6.576883926356913435e-09,2.212608512726444232e+01,1.052264201542590314e+02
1.540909090909091006e+01,1.845349914885753719e+02,1.532504124096741407e+02,1.107000000000000182e+04,3.603912358012898949e+02,1.070960903720824899e+04,5.790748325296135590e-09,2.212891497195328938e+01,1.048827395083164475e+02
1.553409090909091006e+01,1.817006392637113095e+02,1.511285900460858329e+02,1.107000000000000182e+04,3.633901859454439887e+02,1.070661008706920620e+04,5.112204881640991516e-09,2.213172620852544270e+01,1.045240126480655505e+02
1.565909090909091006e+01,1.789700302186044496e+02,1.490908758864883623e+02,1.107000000000000182e+04,3.663846105050945425e+02,1.070361566251408294e+04,4.526869545884437684e-09,2.213451759036210831e+01,1.041516728158658225e+02
1.578409090909091006e+01,1.763372032351387872e+02,1.471320842300383447e+02,1.107000000000000182e+04,3.693746914584775141e+02,1.070062558156472005e+04,4.019253818654533461e-09,2.213728793149356378e+01,1.037670631904527880e+02
1.590909090909091006e+01,1.737966962149661185e+02,1.452474536287825799e+02,1.107000000000000182e+04,3.723605986775044130e+02,1.069763967434926963e+04,3.577057317016851812e-09,2.214003610655750620e+01,1.033714398516513029e+02
1.603409090909091006e+01,1.713434829971348279e+02,1.434326047790229381e+02,1.107000000000000182e+04,3.753424908922783061e+02,1.069465778213768863e+04,3.192516029315584092e-09,2.214276105049678378e+01,1.029659751710775026e+02
1.615909090909091006e+01,1.689729230191786939e+02,1.416835028874323257e+02,1.107000000000000182e+04,3.783205165592195840e+02,1.069167975647360436e+04,2.856460845634956058e-09,2.214546175802723837e+01,1.025517614959812533e+02
1.628409090909091006e+01,1.666807198849219276e+02,1.399964241809363443e+02,1.107000000000000182e+04,3.812948146445964426e+02,1.068870545839078841e+04,2.560792911054932119e-09,2.214813728290425843e+01,1.021298150163579663e+02
1.640909090909091006e+01,1.644628864776776709e+02,1.383679261521706110e+02,1.107000000000000182e+04,3.842655153336001490e+02,1.068573475770408550e+04,2.300399426502508504e-09,2.215078673701454548e+01,1.017010797257979249e+02
1.653409090909091006e+01,1.623157150823303709e+02,1.367948211250651980e+02,1.107000000000000182e+04,3.872327406736956164e+02,1.068276753236606055e+04,2.070145832533398789e-09,2.215340928931748721e+01,1.012664314042624483e+02
1.665909090909091006e+01,1.602357514671828937e+02,1.352741527492227078e+02,1.107000000000000182e+04,3.901966051597794944e+02,1.067980366788184256e+04,1.866370169523179356e-09,2.215600416465841960e+01,1.008266815661951341e+02
1.678409090909091006e+01,1.582197721785099702e+02,1.338031750683590246e+02,1.107000000000000182e+04,3.931572162676624203e+02,1.067684305677564407e+04,1.685057426925595792e-09,2.215857064247416019e+01,1.003825813302749310e+02
1.690909090909091006e+01,1.562647644960006232e+02,1.323793338477976249e+02,1.107000000000000182e+04,3.961146749415281647e+02,1.067388559810330480e+04,1.527156179292887828e-09,2.216110805540924744e+01,9.993482517791386499e+01
1.703409090909091006e+01,1.543679086283434856e+02,1.310002498845288983e+02,1.107000000000000182e+04,3.990690760402894739e+02,1.067093119700592797e+04,1.384309555874096986e-09,2.216361578785955544e+01,9.948405457653666417e+01
1.715909090909091006e+01,1.525265618193362513e+02,1.296637040586828107e+02,1.107000000000000182e+04,4.020205087471329648e+02,1.066797976430034032e+04,1.256480253175595863e-09,2.216609327445832278e+01,9.903086145098768611e+01
1.728409090909091006e+01,1.507382441003209124e+02,1.283676239167795359e+02,1.107000000000000182e+04,4.049690569460098573e+02,1.066503121610260678e+04,1.143187322583116838e-09,2.216853999851797496e+01,9.857579149232151394e+01
1.740909090909091006e+01,1.490006254731281103e+02,1.271100716047541255e+02,1.107000000000000182e+04,4.079147995683709382e+02,1.066208547348128741e+04,1.041632557985394669e-09,2.217095549043979830e+01,9.811934729795778765e+01
1.753409090909091006e+01,1.473115143444452428e+02,1.258892329927516869e+02,1.107000000000000182e+04,4.108578109130476150e+02,1.065914246213756087e+04,9.506275766568705876e-10,2.217333932610209146e+01,9.766199134090703637e+01
1.765909090909091006e+01,1.456688470610847332e+02,1.247034078544055120e+02,1.107000000000000182e+04,4.137981609418415019e+02,1.065620211210963498e+04,8.677099039289259963e-10,2.217569112523624497e+01,9.720414876866998100e+01
1.778409090909091006e+01,1.440706784182918909e+02,1.235510009811614225e+02,1.107000000000000182e+04,4.167359155530899670e+02,1.065326435749918164e+04,7.947886793147063145e-10,2.217801054979907249e+01,9.674621003462382873e+01
1.790909090909091006e+01,1.425151730315330383e+02,1.224305141275413007e+02,1.107000000000000182e+04,4.196711368352190448e+02,1.065032913621778061e+04,7.273750490810471092e-10,2.218029730234867358e+01,9.628853336635911830e+01
1.803409090909091006e+01,1.410005974772123807e+02,1.213405386964553969e+02,1.107000000000000182e+04,4.226038833020737684e+02,1.064739638975159323e+04,6.668545715626805759e-10,2.218255112443020494e+01,9.583144707662634687e+01
1.815909090909091006e+01,1.395253131202208863e+02,1.202797490849987980e+02,1.107000000000000182e+04,4.255342101116219737e+02,1.064446606294265803e+04,6.128861862464418664e-10,2.218477179497708462e+01,9.537525172338131085e+01
1.828409090909091006e+01,1.380877695566706223e+02,1.192468966209757752e+02,1.107000000000000182e+04,4.284621692694580020e+02,1.064153810378538583e+04,5.639644307109392685e-10,2.218695912873237219e+01,9.492022212595654196e+01
1.840909090909091006e+01,1.366864986090163541e+02,1.182408040288263322e+02,1.107000000000000182e+04,4.313878098183848806e+02,1.063861246323697742e+04,5.187112961380080378e-10,2.218911297469441735e+01,9.446660924469438214e+01
1.853409090909091006e+01,1.353201088183075456e+02,1.172603603709360129e+02,1.107000000000000182e+04,4.343111780152230494e+02,1.063568909504061594e+04,4.775873030382626894e-10,2.219123321459023401e+01,9.401464193150553683e+01
1.865909090909091006e+01,1.339872803847893863e+02,1.163045164166237271e+02,1.107000000000000182e+04,4.372323174958789309e+02,1.063276795556040088e+04,4.402673781100929773e-10,2.219331976137948104e+01,9.356452855880755237e+01
1.878409090909091006e+01,1.326867605136555142e+02,1.153723195417080944e+02,1.107000000000000182e+04,4.401512694296049517e+02,1.062984900362708140e+04,4.064673042591948615e-10,2.219537255779147955e+01,9.311645853418306729e+01
1.890909090909091006e+01,1.314173591276006903e+02,1.144717038200965362e+02,1.107000000000000182e+04,4.430680726632940605e+02,1.062693220039376865e+04,3.762137268381593458e-10,2.219739157489721038e+01,9.267060370790595414e+01
1.903409090909091006e+01,1.301779449120320749e+02,1.135923067287533428e+02,1.107000000000000182e+04,4.459827638565707844e+02,1.062401750920083941e+04,3.476721133210958214e-10,2.219937681071788660e+01,9.222711968023534723e+01
1.915909090909091006e+01,1.289674416624837932e+02,1.127333238153589576e+02,1.107000000000000182e+04,4.488953776083719163e+02,1.062110489544936172e+04,3.234306156230104534e-10,2.220132828887130216e+01,9.178614701509123108e+01
1.928409090909091006e+01,1.277848249070022746e+02,1.118939914548172965e+02,1.107000000000000182e+04,4.518059465756453505e+02,1.061819432648238762e+04,2.984816838136339356e-10,2.220324605725687306e+01,9.134781236641411795e+01
1.940909090909091006e+01,1.266291187791091630e+02,1.110735842932587758e+02,1.107000000000000182e+04,4.547145015847407876e+02,1.061528577147356918e+04,2.773941076839037123e-10,2.220513018677999639e+01,9.091222952318577200e+01
1.953409090909091006e+01,1.254993931194439512e+02,1.102714128813267251e+02,1.107000000000000182e+04,4.576210717360150966e+02,1.061237920132255203e+04,2.573448121268029354e-10,2.220698077011615723e+01,9.047950037875641272e+01
1.965909090909091006e+01,1.243947607863989901e+02,1.094868214805408400e+02,1.107000000000000182e+04,4.605256845021303889e+02,1.060947458855667719e+04,2.400279974779095937e-10,2.220879792051492529e+01,9.004971582979322875e+01
1.978409090909091006e+01,1.233143751580126661e+02,1.087191860281290730e+02,1.107000000000000182e+04,4.634283658204823269e+02,1.060657190723854728e+04,2.225566397839884303e-10,2.221058177064387706e+01,8.962295660983942014e+01
1.990909090909091006e+01,1.222574278091210687e+02,1.079679122471068098e+02,1.107000000000000182e+04,4.663291401801597544e+02,1.060367113287907705e+04,2.077773508801783464e-10,2.221233247147225853e+01,8.919929406215553058e+01
2.003409090909091006e+01,1.212231463493101558e+02,1.072324338896487745e+02,1.107000000000000182e+04,4.692280307038043361e+02,1.060077224235562608e+04,1.931526050213960843e-10,2.221405019119410795e+01,8.877879085621012223e+01
2.015909090909091006e+01,1.202128766560190058e+02,1.065122111029138949e+02,1.107000000000000182e+04,4.721250592247091049e+02,1.059787521383490275e+04,1.811208960589283379e-10,2.221573511419040159e+01,8.836150165189336292e+01
2.028409090909091006e+01,1.192363603899331395e+02,1.058067289074774919e+02,1.107000000000000182e+04,4.750202463594677624e+02,1.059498002670031201e+04,1.688165163216126530e-10,2.221738744002971799e+01,8.794747371524884727e+01
2.040909090909091006e+01,1.182795568050841126e+02,1.051154957794419147e+02,1.107000000000000182e+04,4.779136115764630404e+02,1.059208666148347402e+04,1.569837593251577346e-10,2.221900738250679552e+01,8.753674748925536164e+01
2.053409090909091006e+01,1.173418680088524866e+02,1.044380423280778984e+02,1.107000000000000182e+04,4.808051732604594690e+02,1.058919509979962459e+04,1.472297839200109593e-10,2.222059516871831875e+01,8.715635306702188245e+01
2.065909090909091006e+01,1.164227200432827374e+02,1.037739200615896777e+02,1.107000000000000182e+04,4.836949487735470257e+02,1.058630532428667539e+04,1.376321279167314060e-10,2.222215103817516280e+01,8.678388893614905442e+01
2.078409090909091006e+01,1.155215617008830833e+02,1.031227002342483416e+02,1.107000000000000182e+04,4.865829545126627522e+02,1.058341731854768841e+04,1.293436469040898373e-10,2.222367524195033539e+01,8.641381357793638074e+01
2.090909090909091006e+01,1.146378634100084355e+02,1.024839727687090942e+02,1.107000000000000182e+04,4.894692059639019135e+02,1.058053106709657004e+04,1.211213351837159280e-10,2.222516804186174966e+01,8.604617728057411341e+01
2.103409090909091006e+01,1.137711161851029118e+02,1.018573452478812555e+02,1.107000000000000182e+04,4.923537177538138963e+02,1.057764655530677192e+04,1.131046367675025976e-10,2.222662970968898932e+01,8.568102473187471446e+01
2.115909090909091006e+01,1.129208306374399626e+02,1.012424419711806394e+02,1.107000000000000182e+04,4.952365036978656576e+02,1.057476376936282577e+04,1.062425702968994301e-10,2.222806052642314611e+01,8.531839541124811888e+01
2.128409090909091006e+01,1.120865360423309056e+02,1.006389030704367258e+02,1.107000000000000182e+04,4.981175768462410929e+02,1.057188269621455038e+04,9.973355474812706234e-11,2.222946078154884120e+01,8.495832395541461324e+01
2.140909090909091006e+01,1.112677794590754559e+02,1.000463836811155147e+02,1.107000000000000182e+04,5.009969495271346887e+02,1.056900332353375052e+04,9.392886468617689388e-11,2.223083077235750693e+01,8.460084049962655683e+01
2.153409090909091006e+01,1.104641249002072385e+02,9.946455316487970322e+01,1.107000000000000182e+04,5.038746333876857193e+02,1.056612563967328788e+04,8.846123833450292295e-11,2.223217080329099105e+01,8.424597099605199446e+01
2.165909090909091006e+01,1.096751525468409625e+02,9.889309437982730344e+01,1.107000000000000182e+04,5.067506394326904342e+02,1.056324963362836570e+04,8.329337219947774429e-11,2.223348118531455242e+01,8.389373751086237974e+01
2.178409090909091006e+01,1.089004580071633654e+02,9.833170299504892853e+01,1.107000000000000182e+04,5.096249780612200198e+02,1.056037529499991433e+04,7.834222159885939618e-11,2.223476223531833895e+01,8.354415850146298794e+01
2.190909090909091006e+01,1.081396516153248371e+02,9.778008684640208514e+01,1.107000000000000182e+04,5.124976591012635936e+02,1.055750261395994494e+04,7.339151508745089814e-11,2.223601427554639898e+01,8.319724907520692625e+01
2.203409090909091006e+01,1.073923577681854056e+02,9.723796533065885228e+01,1.107000000000000182e+04,5.153686918425088379e+02,1.055463158121876950e+04,6.893241533134641941e-11,2.223723763305233092e+01,8.285302123084268544e+01
2.215909090909091006e+01,1.066582142975519787e+02,9.670506883539692922e+01,1.107000000000000182e+04,5.182380850673639543e+02,1.055176218799397975e+04,6.537792529570651823e-11,2.223843263918064750e+01,8.251148408385986954e+01
2.228409090909091006e+01,1.059368718757097412e+02,9.618113820220278853e+01,1.107000000000000182e+04,5.211058470803196769e+02,1.054889442598108508e+04,6.117906181657417619e-11,2.223959962907296628e+01,8.217264407681823002e+01
2.240909090909091006e+01,1.052279934522054958e+02,9.566592422095888537e+01,1.107000000000000182e+04,5.239719857357434876e+02,1.054602828732571834e+04,5.760503185570087226e-11,2.224073894119817396e+01,8.183650517567077998e+01
2.253409090909091006e+01,1.045312537199828995e+02,9.515918715313247844e+01,1.107000000000000182e+04,5.268365084641912972e+02,1.054316376459732601e+04,5.484190879201378266e-11,2.224185091690565130e+01,8.150306905302265648e+01
2.265909090909091006e+01,1.038463386090996465e+02,9.466069628216317255e+01,1.107000000000000182e+04,5.296994222973189608e+02,1.054030085076425166e+04,5.257172475126026256e-11,2.224293590000076293e+01,8.117233525920239856e+01
2.278409090909091006e+01,1.031729448063785668e+02,9.417022948916967096e+01,1.107000000000000182e+04,5.325607338914682032e+02,1.053743953917015097e+04,4.836886446923926997e-11,2.224399423634175932e+01,8.084430138196272253e+01
2.290909090909091006e+01,1.025107792994563169e+02,9.368757285234006815e+01,1.107000000000000182e+04,5.354204495500000576e+02,1.053457982351166538e+04,4.599476355338083522e-11,2.224502627345728456e+01,8.051896319557131676e+01
2.303409090909091006e+01,1.018595589437955908e+02,9.321252026848083005e+01,1.107000000000000182e+04,5.382785752444418677e+02,1.053172169781726916e+04,4.486988558483062661e-11,2.224603236018371177e+01,8.019631480000037982e+01
2.315909090909091006e+01,1.012190100513239202e+02,9.274487309531752999e+01,1.107000000000000182e+04,5.411351166345117463e+02,1.052886515642724044e+04,4.096634143024857622e-11,2.224701284632152465e+01,7.987634875087479713e+01
2.328409090909091006e+01,1.005888679994486097e+02,9.228482845954606262e+01,1.107000000000000182e+04,5.439900790870802894e+02,1.052601019397471100e+04,3.924016667156138283e-11,2.224796808231001322e+01,7.955905618079381725e+01
2.340909090909091006e+01,9.996887685928140854e+01,9.183448315453416910e+01,1.107000000000000182e+04,5.468434676941252519e+02,1.052315680536770378e+04,3.695310724083356035e-11,2.224889841891955555e+01,7.924442691259898197e+01
2.353409090909091006e+01,9.935878904198024486e+01,9.139086097219879434e+01,1.107000000000000182e+04,5.496952872897325051e+02,1.052030498577213257e+04,3.606670517797283537e-11,2.224980420696075356e+01,7.893244956512202748e+01
2.365909090909091006e+01,9.875836496218748550e+01,9.095379552935176548e+01,1.107000000000000182e+04,5.525455424661935240e+02,1.051745473059570577e+04,3.353717303866687871e-11,2.225068579700978333e+01,7.862311165190988049e+01
2.378409090909091006e+01,9.816737271760847250e+01,9.052312610479143018e+01,1.107000000000000182e+04,5.553942375892460177e+02,1.051460603547268511e+04,3.222133670988114318e-11,2.225154353914926375e+01,7.831639967339029340e+01
2.390909090909091006e+01,9.758558778383532228e+01,9.009869739747929884e+01,1.107000000000000182e+04,5.582413768125022671e+02,1.051175889624945921e+04,3.018296723666935577e-11,2.225237778272400035e+01,7.801229920291007147e+01
2.403409090909091006e+01,9.701279272357646732e+01,8.968035929698670827e+01,1.107000000000000182e+04,5.610869640911080296e+02,1.050891330897088301e+04,2.896483053405063401e-11,2.225318887611101104e+01,7.771079496704838618e+01
2.415909090909091006e+01,9.644877690950626459e+01,8.926796666549935821e+01,1.107000000000000182e+04,5.639310031946710069e+02,1.050606926986734652e+04,2.700328849414290744e-11,2.225397716650320490e+01,7.741187092058086705e+01
2.428409090909091006e+01,9.589333625999599064e+01,8.886137913071003425e+01,1.107000000000000182e+04,5.667734977194962767e+02,1.050322677534254763e+04,2.591393766238070384e-11,2.225474299970613146e+01,7.711551031644428633e+01
2.440909090909091006e+01,9.534627298703421161e+01,8.846046088897276150e+01,1.107000000000000182e+04,5.696144511001654109e+02,1.050038582196190328e+04,2.499600526562062441e-11,2.225548671994726391e+01,7.682169577102847313e+01
2.453409090909091006e+01,9.480739535568609710e+01,8.806508051813773363e+01,1.107000000000000182e+04,5.724538666204913397e+02,1.049754640644160099e+04,2.356248529622462229e-11,2.225620866969725142e+01,7.653040932510012340e+01
2.465909090909091006e+01,9.427651745448109466e+01,8.767511079951728448e+01,1.107000000000000182e+04,5.752917474238820432e+02,1.049470852563823246e+04,2.257927178561658366e-11,2.225690918950261832e+01,7.624163250064245290e+01
2.478409090909091006e+01,9.375345897615414970e+01,8.729042854846747446e+01,1.107000000000000182e+04,5.781280965231427444e+02,1.049187217653899279e+04,2.145528199548607517e-11,2.225758861782941977e+01,7.595534635387608091e+01
2.490909090909091006e+01,9.323804500820116914e+01,8.691091445311393215e+01,1.107000000000000182e+04,5.809629168097449110e+02,1.048903735625241097e+04,2.020250633449904853e-11,2.225824729091734966e+01,7.567153152470861244e+01
2.503409090909091006e+01,9.273010583274043483e+01,8.653904471010564237e+01,1.107000000000000182e+04,5.837962110625895775e+02,1.048620406199958597e+04,1.942357386042203871e-11,2.225888554264384211e+01,7.539016828284390215e+01
2.515909090909091006e+01,9.222947673520157252e+01,8.617253360283547181e+01,1.107000000000000182e+04,5.866279819562901139e+02,1.048337229110590488e+04,1.872768606858699059e-11,2.225950370439772286e+01,7.511123657076677773e+01
2.528409090909091006e+01,9.173599782139224601e+01,8.581070216196663125e+01,1.107000000000000182e+04,5.894582320689991093e+02,1.048054204099321396e+04,1.765076973470058874e-11,2.226010210496195540e+01,7.483471604380466147e+01
2.540909090909091006e+01,9.124951384251781406e+01,8.545345183742099948e+01,1.107000000000000182e+04,5.922869638898026778e+02,1.047771330917242631e+04,1.654010262086558214e-11,2.226068107040506661e+01,7.456058610745445492e+01
2.553409090909091006e+01,9.076987402775441183e+01,8.510068693949165208e+01,1.107000000000000182e+04,5.951141798257027631e+02,1.047488609323654237e+04,1.629851809070714808e-11,2.226124092398087839e+01,7.428882595215019080e+01
2.565909090909091006e+01,9.029693192399820134e+01,8.475231453394813741e+01,1.107000000000000182e+04,5.979398822082098377e+02,1.047206039085405064e+04,1.485789269395354495e-11,2.226178198603611236e+01,7.401941458563594267e+01
2.578409090909091006e+01,8.983054524243530636e+01,8.440824434172711221e+01,1.107000000000000182e+04,6.007640732995645294e+02,1.046923619976271038e+04,1.428945850534546480e-11,2.226230457392553674e+01,7.375233086309761177e+01
2.590909090909091006e+01,8.937057571159651559e+01,8.406838864298501335e+01,1.107000000000000182e+04,6.035867552986071587e+02,1.046641351776368174e+04,1.379119041189369455e-11,2.226280900193426504e+01,7.348755351519683643e+01
2.603409090909091006e+01,8.891688893657968151e+01,8.373266218529059302e+01,1.107000000000000182e+04,6.064079303463130373e+02,1.046359234271598871e+04,1.335864752149973356e-11,2.226329558120689001e+01,7.322506117414141613e+01
2.615909090909091006e+01,8.846935426414071912e+01,8.340098209575637611e+01,1.107000000000000182e+04,6.092276005310101255e+02,1.046077267253130412e+04,1.247091319100945839e-11,2.226376461968310139e+01,7.296483239791776043e+01
2.628409090909091006e+01,8.802784465337009578e+01,8.307326779691194929e+01,1.107000000000000182e+04,6.120457678932951922e+02,1.045795450516903111e+04,1.238609215192809643e-11,2.226421642203947826e+01,7.270684569280258813e+01
2.640909090909091006e+01,8.759223655168729294e+01,8.274944092613580438e+01,1.107000000000000182e+04,6.148624344306637113e+02,1.045513783863167373e+04,1.132516302959629684e-11,2.226465128963717177e+01,7.245107953426378344e+01
2.653409090909091006e+01,8.716240977590052807e+01,8.242942525847594482e+01,1.107000000000000182e+04,6.176776021018677056e+02,1.045232267096048054e+04,1.093924950623659242e-11,2.226506952047513721e+01,7.219751238635298307e+01
2.665909090909091006e+01,8.673824739809251128e+01,8.211314663269223502e+01,1.107000000000000182e+04,6.204912728310155217e+02,1.044950900023134272e+04,1.041167152493471804e-11,2.226547140914868805e+01,7.194612271968632911e+01
2.678409090909091006e+01,8.631963563610518975e+01,8.180053288036921799e+01,1.107000000000000182e+04,6.233034485114260406e+02,1.044669682455094153e+04,1.023314766257499286e-11,2.226585724681307710e+01,7.169688902810294451e+01
2.690909090909091006e+01,8.590646374840981991e+01,8.149151375794576779e+01,1.107000000000000182e+04,6.261141310092506274e+02,1.044388614205312660e+04,9.854783655782739515e-12,2.226622732115183823e+01,7.144978984408581368e+01
2.703409090909091006e+01,8.549862393315886777e+01,8.118602088153282637e+01,1.107000000000000182e+04,6.289233221668735041e+02,1.044107695089551271e+04,9.305001213988361997e-12,2.226658191634967210e+01,7.120480375302349785e+01
2.715909090909091006e+01,8.509601123122747879e+01,8.088398766438014320e+01,1.107000000000000182e+04,6.317310238061025984e+02,1.043826924925629282e+04,8.483436175765746157e-12,2.226692131306961286e+01,7.096190940638692268e+01
2.728409090909091006e+01,8.469852343306203579e+01,8.058534925687150974e+01,1.107000000000000182e+04,6.345372377311609853e+02,1.043546303533124228e+04,8.670841822322472581e-12,2.226724578843426272e+01,7.072108553389010410e+01
2.740909090909091006e+01,8.430606098916287294e+01,8.029004248892769624e+01,1.107000000000000182e+04,6.373419657314897222e+02,1.043265830733092116e+04,7.566836046635216917e-12,2.226755561601086342e+01,7.048231095469974150e+01
2.753409090909091006e+01,8.391852692403747938e+01,7.999800581470964289e+01,1.107000000000000182e+04,6.401452095843702637e+02,1.042985506347804767e+04,7.947864588686570642e-12,2.226785106580001639e+01,7.024556458775457202e+01
2.765909090909091006e+01,8.353582675346798680e+01,7.970917925951020777e+01,1.107000000000000182e+04,6.429469710573778229e+02,1.042705330200504795e+04,7.265299473147024401e-12,2.226813240422783835e+01,7.001082546125078920e+01
2.778409090909091006e+01,8.315786840494561716e+01,7.942350436874231434e+01,1.107000000000000182e+04,6.457472519106721620e+02,1.042425302115176055e+04,7.196465645620264695e-12,2.226839989414137477e+01,6.977807272134755578e+01
2.790909090909091006e+01,8.278456214113194278e+01,7.914092415891757071e+01,1.107000000000000182e+04,6.485460538991356998e+02,1.042145421916330270e+04,6.519673689808769268e-12,2.226865379480706153e+01,6.954728564014209269e+01
2.803409090909091006e+01,8.241582048621343404e+01,7.886138307053590779e+01,1.107000000000000182e+04,6.513433787743657604e+02,1.041865689428808037e+04,7.091216502885799855e-12,2.226889436191209981e+01,6.931844362296119755e+01
2.815909090909091006e+01,8.205155815502303085e+01,7.858482692279292792e+01,1.107000000000000182e+04,6.541392282865293737e+02,1.041586104477592380e+04,6.319389456166391028e-12,2.226912184756854174e+01,6.909152621501344527e+01
2.828409090909091006e+01,8.169169198480818750e+01,7.831120287002518410e+01,1.107000000000000182e+04,6.569336041860872228e+02,1.041306666887637220e+04,6.211919867382675875e-12,2.226933650031996237e+01,6.886651310744285581e+01
2.840909090909091006e+01,8.133614086953113542e+01,7.804045935981991988e+01,1.107000000000000182e+04,6.597265082253933315e+02,1.041027376483707121e+04,5.041300710217910819e-12,2.226953856515052266e+01,6.864338414282275380e+01
2.853409090909091006e+01,8.098482569659297781e+01,7.777254609270954688e+01,1.107000000000000182e+04,6.625179421601776539e+02,1.040748233090229223e+04,5.774491995680364198e-12,2.226972828349632039e+01,6.842211932012619968e+01
2.865909090909091006e+01,8.063766928587752147e+01,7.750741398338490740e+01,1.107000000000000182e+04,6.653079077509173658e+02,1.040469236531155730e+04,5.184741524999481044e-12,2.226990589325885495e+01,6.820269879920674327e+01
2.878409090909091006e+01,8.029459633101696170e+01,7.724501512336367171e+01,1.107000000000000182e+04,6.680964067641025395e+02,1.040190386629837849e+04,5.606182185147190467e-12,2.227007162882051716e+01,6.798510290482131779e+01
2.890909090909091006e+01,7.995553334278525881e+01,7.698530274504169313e+01,1.107000000000000182e+04,6.708834409734017754e+02,1.039911683208908471e+04,5.056399743352812948e-12,2.227022572106191589e+01,6.776931213022552924e+01
2.903409090909091006e+01,1.342823037332188960e+03,1.485452368855472400e+02,1.119375000000000182e+04,6.737341211602652038e+02,1.052001615190960001e+04,7.378744726338481996e-09,2.227036840613289925e+01,6.755530714037043083e+01
2.915909090909091006e+01,1.265820743420998269e+03,2.376140792439656764e+02,1.131750000000000182e+04,6.767458473655935904e+02,1.064075442570495034e+04,6.777867156415595673e-10,2.227049994486297635e+01,6.734306877472968722e+01
2.928409090909091006e+01,1.415995703343279501e+03,3.172660083930165911e+02,1.144125000000000182e+04,6.798935238832215191e+02,1.076135674918733821e+04,1.641353719605831429e-11,2.227062064863911317e+01,6.713257804978213983e+01
2.940909090909091006e+01,1.487286481845220578e+03,3.775318324377247450e+02,1.156500000000000182e+04,6.832152003865538745e+02,1.088178509556713107e+04,2.288312497000788426e-05,2.227073090641445674e+01,6.692381616117333465e+01
2.953409090909091006e+01,1.457461995293892869e+03,4.215063622897447999e+02,1.168875000000000182e+04,6.866817351816506516e+02,1.100206856133812835e+04,5.660948687591371709e-07,2.227083120843791875e+01,6.671676448557688843e+01
2.965909090909091006e+01,1.524698813436564706e+03,4.626019700703099602e+02,1.181250000000000182e+04,6.902468551653597615e+02,1.112225344135443447e+04,1.618616352061508223e-11,2.227092216413468506e+01,6.651140458227479257e+01
2.978409090909091006e+01,1.501202659613051082e+03,4.944010334659916452e+02,1.193625000000000182e+04,6.939293265865481999e+02,1.124232096993324558e+04,2.415845301584340632e-13,2.227100451321318175e+01,6.630771819447461723e+01
2.990909090909091006e+01,1.448705976068415339e+03,5.102932879645119328e+02,1.206000000000000182e+04,6.976878145236977389e+02,1.136231250747950799e+04,2.548341139174681302e-05,2.227107913000896389e+01,6.610568725038008608e+01
3.003409090909091006e+01,1.507655161082606128e+03,5.305506080710817969e+02,1.218375000000000182e+04,7.015287531853597329e+02,1.148222156881785122e+04,4.760636329592671245e-12,2.227114702201338403e+01,6.590529386403122203e+01
3.015909090909091006e+01,1.457711455311433610e+03,5.347985231876516536e+02,1.230750000000000182e+04,7.054357535774221333e+02,1.160206457151831273e+04,3.092523158443327702e-06,2.227120932367996886e+01,6.570652033592887165e+01
3.028409090909091006e+01,1.453967277981561665e+03,5.485160081926447901e+02,1.243125000000000182e+04,7.093782514406348128e+02,1.172187209860035728e+04,2.494525702445571369e-05,2.227126728666435085e+01,6.550934915345810339e+01
3.040909090909091006e+01,1.445330896140526875e+03,5.623383624334620663e+02,1.255500000000000182e+04,7.133628641219761448e+02,1.184163748624877553e+04,3.297595299045497086e-07,2.227132226765123946e+01,6.531376299112397987e+01
3.053409090909091006e+01,1.414650786440613729e+03,5.642591940237318795e+02,1.267875000000000182e+04,7.173965470850848760e+02,1.196135380388021076e+04,5.945433798615340493e-07,2.227137571456362508e+01,6.511974471061296299e+01
3.065909090909091006e+01,1.417093677866522057e+03,5.597186553027456739e+02,1.280250000000000182e+04,7.214704758908325175e+02,1.208102987507449143e+04,2.864908310584723949e-11,2.227142915187680927e+01,6.492727736069171840e+01
3.078409090909091006e+01,1.426768028141172636e+03,5.572163534208948477e+02,1.292625000000000182e+04,7.255924989206466762e+02,1.220065789923992270e+04,4.719524633856053697e-05,2.227148416572584466e+01,6.473634417695548393e+01
3.090909090909091006e+01,1.420578998422713994e+03,5.675093993672087436e+02,1.305000000000000182e+04,7.297661714609803312e+02,1.232023426349159308e+04,3.679200465001031262e-05,2.227154238923619545e+01,6.454692858143641843e+01
3.103409090909091006e+01,1.400858804819296665e+03,5.759938079287387609e+02,1.317375000000000182e+04,7.339839943636019370e+02,1.243976644058910460e+04,1.333120280833099969e-10,2.227160548826383391e+01,6.435901418208295865e+01
3.115909090909091006e+01,1.429782806501839787e+03,5.817786804548909458e+02,1.329750000000000182e+04,7.382654203357545839e+02,1.255923501461695378e+04,1.122657522500958294e-12,2.227167514788043690e+01,6.417258477211942136e+01
3.128409090909091006e+01,1.426851440709410099e+03,5.808760719810907176e+02,1.342125000000000182e+04,7.425903448019342932e+02,1.267866009015078816e+04,1.337241428700508550e-11,2.227175305978634512e+01,6.398762432929500932e+01
3.140909090909091006e+01,1.425002404299378441e+03,5.795461924696310234e+02,1.354500000000000182e+04,7.469359212388909555e+02,1.279806451371383082e+04,-2.700062395888380706e-13,2.227184091081886308e+01,6.380411701503133060e+01
3.153409090909091006e+01,1.429496449689533847e+03,5.887761613476681077e+02,1.366875000000000182e+04,7.513515756491437969e+02,1.291739888388168038e+04,2.457810276723648713e-05,2.227194037267980420e+01,6.362204717347607641e+01
3.165909090909091006e+01,1.415635228104131102e+03,5.900332087305844198e+02,1.379250000000000182e+04,7.558195944930170072e+02,1.303668086534642680e+04,3.086204714008999872e-07,2.227205309275563039e+01,6.344139933047072333e+01
3.178409090909091006e+01,1.440820843526692897e+03,5.877818307975713878e+02,1.391625000000000182e+04,7.603528985719467528e+02,1.315589756171339832e+04,4.459005680246264092e-07,2.227218068608872059e+01,6.326215819243960681e+01
3.190909090909091006e+01,1.451744882200506026e+03,5.794313664542371498e+02,1.404000000000000182e+04,7.649297638070797802e+02,1.327507069647831668e+04,5.164224603504408151e-11,2.227232472847957823e+01,6.308430864520649806e+01
3.203409090909090651e+01,1.430677012074616641e+03,5.825778799481687429e+02,1.416375000000000182e+04,7.695334917859886446e+02,1.339421696849942418e+04,1.665512172621674836e-11,2.227248675058750749e+01,6.290783575274557649e+01
3.215909090909090651e+01,1.455587610322113051e+03,5.971556475361497860e+02,1.428750000000000182e+04,7.741856127988543221e+02,1.351331484752749748e+04,4.093968186680285726e-08,2.227266823305772547e+01,6.273272475587224051e+01
3.228409090909090651e+01,1.431027460795320849e+03,5.963102569700392905e+02,1.441125000000000182e+04,7.789004641016887263e+02,1.363234999622467512e+04,1.166711172118084505e-11,2.227287060248437101e+01,6.255896107087959024e+01
3.240909090909090651e+01,1.437821693137128022e+03,5.944221008288066059e+02,1.453500000000000182e+04,7.836647838398530439e+02,1.375133567744672473e+04,9.602145212284085574e-07,2.227309522818823240e+01,6.238653028812545642e+01
3.253409090909090651e+01,1.451304720133417050e+03,5.958518755668019367e+02,1.465875000000000182e+04,7.884597443959248722e+02,1.387029071689066768e+04,1.490718659624690190e-11,2.227334341972941445e+01,6.221541817057492807e+01
3.265909090909090651e+01,1.434893858036036363e+03,6.004009862230474255e+02,1.478250000000000182e+04,7.932643890889094109e+02,1.398923607219768746e+04,4.249045559845399112e-12,2.227361642504073913e+01,6.204561065230281969e+01
3.278409090909090651e+01,1.427578932160743534e+03,6.083712885657168954e+02,1.490625000000000182e+04,7.981312882773356705e+02,1.410811917303349401e+04,2.423277578600391280e-08,2.227391542913681732e+01,6.187709383696040533e+01
3.290909090909090651e+01,1.438542291542170688e+03,6.112731231201057653e+02,1.503000000000000182e+04,8.030563327888283993e+02,1.422694412852202368e+04,2.225419848400633782e-11,2.227424155323098631e+01,6.170985399621008582e+01
3.303409090909090651e+01,1.450980612388543022e+03,6.099481736373681997e+02,1.515375000000000182e+04,8.080315880775382311e+02,1.434571889728374845e+04,2.405043434805520519e-05,2.227459585428387001e+01,6.154387756813188304e+01
3.315909090909090651e+01,1.447030977452281149e+03,6.000461472305256621e+02,1.527750000000000182e+04,8.130342219011668021e+02,1.446446626346017183e+04,5.138645065017044544e-11,2.227497932487860055e+01,6.137915115560512191e+01
3.328409090909090651e+01,1.464581822077277138e+03,6.084257187097855422e+02,1.540125000000000182e+04,8.180775007604123630e+02,1.458317298468348235e+04,8.255626937625493156e-08,2.227539289343415163e+01,6.121566152466833444e+01
3.340909090909090651e+01,1.502779168460930805e+03,6.184740531277169566e+02,1.552500000000000182e+04,8.231697343081697227e+02,1.470183075113572340e+04,-1.904254531837068498e-12,2.227583742477023776e+01,6.105339560286069656e+01
3.353409090909090651e+01,1.457303488919589199e+03,6.210342946247491227e+02,1.564875000000000182e+04,8.283064907547826579e+02,1.482044399468911251e+04,1.193711796076968312e-12,2.227631372090469597e+01,6.089234047754743528e+01
3.365909090909090651e+01,1.530309824474288234e+03,6.223492032028383392e+02,1.577250000000000182e+04,8.334850501828161669e+02,1.493901543526111709e+04,3.866773568006465212e-11,2.227682252210831848e+01,6.073248339423214759e+01
3.378409090909090651e+01,1.483066762501616267e+03,6.129535800436470936e+02,1.589625000000000182e+04,8.386977402685461129e+02,1.505755274517539510e+04,8.768097359279636294e-12,2.227736450819593017e+01,6.057381175485804903e+01
3.390909090909090651e+01,1.463722777667791888e+03,6.251107866929488637e+02,1.602000000000000182e+04,8.439491503854115990e+02,1.517605133505854064e+04,1.048761077981907874e-11,2.227794030001421177e+01,6.041631311610093036e+01
3.403409090909090651e+01,1.465663952938471994e+03,6.297743049543835241e+02,1.614375000000000182e+04,8.492515780654508717e+02,1.529449890762125506e+04,2.427533445370499976e-07,2.227855046104333425e+01,6.025997518765549898e+01
3.415909090909090651e+01,1.455174932048347273e+03,6.294208792805209214e+02,1.626750000000000182e+04,8.546105925537582380e+02,1.541288989313294769e+04,7.815970093361102045e-13,2.227919549905028163e+01,6.010478583051715873e+01
3.428409090909090651e+01,1.502372894305292448e+03,6.268679828858553265e+02,1.639125000000000000e+04,8.600295401848184156e+02,1.553122095841233750e+04,1.291045035145543807e-05,2.227987586786931828e+01,5.995073305526126717e+01
3.440909090909090651e+01,1.457764502677254086e+03,6.362337346649246683e+02,1.651500000000000000e+04,8.654907662818687868e+02,1.564950973231543503e+04,1.478355216022464447e-10,2.228059196924598595e+01,5.979780502032119216e+01
3.453409090909090651e+01,1.478472433796884161e+03,6.429343410691449208e+02,1.663875000000000000e+04,8.709850816074182376e+02,1.576776541698989058e+04,4.490630090003833175e-12,2.228134415472188934e+01,5.964599003026713575e+01
3.465909090909090651e+01,1.524285281331463693e+03,6.494945667795938107e+02,1.676250000000000000e+04,8.765398678746204268e+02,1.588596063072269681e+04,8.924416761146858335e-12,2.228213272751100504e+01,5.949527653408676287e+01
3.478409090909090651e+01,1.505780464926978766e+03,6.510379900966729565e+02,1.688625000000000000e+04,8.821572328194354213e+02,1.600409326577788488e+04,3.836930773104541004e-12,2.228295794428473542e+01,5.934565312346936850e+01
3.490909090909090651e+01,1.500013027129375814e+03,6.483281920878276878e+02,1.701000000000000000e+04,8.878263698687434271e+02,1.612217413002422654e+04,1.295650292831851402e-06,2.228382001691268854e+01,5.919710853109452131e+01
3.503409090909090651e+01,1.520189204230839778e+03,6.637756742236999798e+02,1.713375000000000000e+04,8.935374936094825671e+02,1.624021300666924799e+04,3.857605719304046943e-07,2.228471911420827922e+01,5.904963162892651951e+01
3.515909090909090651e+01,1.497535782568412060e+03,6.746123795576752400e+02,1.725750000000000000e+04,8.992835703615652392e+02,1.635821694037102861e+04,1.045386279940885288e-05,2.228565536370196298e+01,5.890321142651562525e+01
3.528409090909090651e+01,1.481866861988208257e+03,6.796860459640805630e+02,1.738125000000000000e+04,9.050521474455381394e+02,1.647619836328705787e+04,3.012701199622824788e-12,2.228662885335316091e+01,5.875783706930712924e+01
3.540909090909090651e+01,1.521440854230520927e+03,6.823139241074636629e+02,1.750500000000000000e+04,9.108719899439170149e+02,1.659412852081535675e+04,2.667825071966944961e-08,2.228763963328697173e+01,5.861349783695921190e+01
3.553409090909090651e+01,1.514717133639278018e+03,6.733948322939669424e+02,1.762875000000000000e+04,9.167344415371121613e+02,1.671201606922372230e+04,1.562511897645890713e-09,2.228868771753639422e+01,5.847018314167030439e+01
3.565909090909090651e+01,1.465099655045219151e+03,6.549780801081828940e+02,1.775250000000000000e+04,9.226127635945600787e+02,1.682988774716629268e+04,1.844568942033220083e-11,2.228977308574451754e+01,5.832788252651681660e+01
3.578409090909090651e+01,1.518557823766394449e+03,6.397906176317285372e+02,1.787625000000000000e+04,9.285455801258082147e+02,1.694770493063423055e+04,-8.157456932167406194e-10,2.229089568495776064e+01,5.911857980174603000e+01
3.590909090909090651e+01,1.470838895188228889e+03,6.293491740710848035e+02,1.800000000000000000e+04,9.345404076675872602e+02,1.706546010363808091e+04,5.456296321426634677e-07,2.229205543139559609e+01,6.037188514562822661e+01
3.603409090909090651e+01,1.480704401482938692e+03,6.272719955910890803e+02,1.812375000000000000e+04,9.405723831049416503e+02,1.718317812841988780e+04,2.191602561651961878e-07,2.229325221219248832e+01,6.162295173025021455e+01
3.615909090909090651e+01,1.583184081814483989e+03,6.217878970783854129e+02,1.824750000000000000e+04,9.466393308839784595e+02,1.730086118064107723e+04,2.277147359563969076e-10,2.229448588711648327e+01,6.287073540959411844e+01
3.628409090909090651e+01,1.487554379052161494e+03,6.342417558636840340e+02,1.837125000000000000e+04,9.527337110212146172e+02,1.741851680050385403e+04,1.313082975684665143e-11,2.229575629022843586e+01,6.411422609972869679e+01
3.640909090909090651e+01,1.507472812937152185e+03,6.439946807224620215e+02,1.849500000000000000e+04,9.588609500549761151e+02,1.753613956150457307e+04,3.448114682669256581e-08,2.229706323148879576e+01,6.535243800873493569e+01
3.653409090909090651e+01,1.510011065364636124e+03,6.498352346596705047e+02,1.861875000000000000e+04,9.650329083329160085e+02,1.765371763197252221e+04,2.874588973611480469e-05,2.229840649825489507e+01,6.658439786722961173e+01
3.665909090909090651e+01,1.531320468342884851e+03,6.491509910897243572e+02,1.874250000000000000e+04,9.712784568225782778e+02,1.777122208348286949e+04,1.116973180614877492e-11,2.229978585674684055e+01,6.780915394207626434e+01
3.678409090909090651e+01,1.491851653495720257e+03,6.392287820882049800e+02,1.886625000000000000e+04,9.775743120334916512e+02,1.788867622827285595e+04,8.984386568045010790e-10,2.230120105345629611e+01,6.902577883982876017e+01
3.690909090909090651e+01,1.507055807837435395e+03,6.486879356957995242e+02,1.899000000000000000e+04,9.838879220935248213e+02,1.800611262828214603e+04,1.006932235725344071e-05,2.230265181646822015e+01,7.023336891159814854e+01
3.703409090909090651e+01,1.554950279962206196e+03,6.611805717079307669e+02,1.911375000000000000e+04,9.902368086776066320e+02,1.812351374861572185e+04,6.917659135297071771e-06,2.230413785676153893e+01,7.143105762875909193e+01
3.715909090909090651e+01,1.536632424925188161e+03,6.650542068067589980e+02,1.923750000000000000e+04,9.966393337537635944e+02,1.824086122353956671e+04,3.268496584496460855e-12,2.230565886943547582e+01,7.261801127638132414e+01
3.728409090909090651e+01,1.551683710562980878e+03,6.630090141078967463e+02,1.936125000000000000e+04,1.003108592874192027e+03,1.835814198307411061e+04,1.865497121400494507e-05,2.230721453490966510e+01,7.379343112902832047e+01
3.740909090909090651e+01,1.500385634859981792e+03,6.532387918401900606e+02,1.948500000000000000e+04,1.009606404203206353e+03,1.847539417408582813e+04,2.340733189498678257e-06,2.230880452007652437e+01,7.495655220605783597e+01
3.753409090909090651e+01,1.524658096066419148e+03,6.632034678843764368e+02,1.960875000000000000e+04,1.016129954312656878e+03,1.859262062472926118e+04,7.528852279392594937e-07,2.231042847942605789e+01,7.610665155064312160e+01
3.765909090909090651e+01,1.520256284759986102e+03,6.753721092478535866e+02,1.973250000000000000e+04,1.022708642898039443e+03,1.870979195652622730e+04,2.038234896417634445e-05,2.231208605618513729e+01,7.724305550198778292e+01
3.778409090909090651e+01,1.514666815834682666e+03,6.736363641404716418e+02,1.985625000000000000e+04,1.029316502552395832e+03,1.882693409772690211e+04,8.550308763233260834e-07,2.231377688331753362e+01,7.836512314323996975e+01
3.790909090909090651e+01,1.541907397641306261e+03,6.724922832775559982e+02,1.998000000000000000e+04,1.035976956911621528e+03,1.894402364562816365e+04,2.260487690364243463e-06,2.231550058445411011e+01,7.947224071001930668e+01
3.803409090909090651e+01,1.509923749439946050e+03,6.653153060891954738e+02,2.010375000000000000e+04,1.042666491234485648e+03,1.906108411131290268e+04,7.602125151606742293e-09,2.231725677475521152e+01,8.056381888012380443e+01
3.815909090909090651e+01,1.527602130161780224e+03,6.682515432640068411e+02,2.022750000000000000e+04,1.049378805282677604e+03,1.917812179726471368e+04,1.065814103640150279e-12,2.231904506174696579e+01,8.163929633286716125e+01
3.828409090909090651e+01,1.507000382304095865e+03,6.744381762862858523e+02,2.035125000000000000e+04,1.056136595507860648e+03,1.929511401588208901e+04,8.842559992672249791e-06,2.232086504615291744e+01,8.269814512766771486e+01
3.840909090909090651e+01,1.519663883566241111e+03,6.745720327722470984e+02,2.047500000000000000e+04,1.062920235017791356e+03,1.941208037794084521e+04,1.568685547681525350e-06,2.232271632260911076e+01,8.373986565012097572e+01
3.853409090909090651e+01,1.535318993844125089e+03,6.705866884587267123e+02,2.059875000000000000e+04,1.069753869139347444e+03,1.952899674381931254e+04,2.262368070660158992e-11,2.232459848033446193e+01,8.476398864779301334e+01
3.865909090909090651e+01,1.565319687578072035e+03,6.620942405765335934e+02,2.072250000000000000e+04,1.076645460345519268e+03,1.964585516960100722e+04,1.698786688564268843e-05,2.232651110384102822e+01,8.577008928690892731e+01
3.878409090909090651e+01,1.556233882624496573e+03,6.752428248604940109e+02,2.084625000000000000e+04,1.083608054956850310e+03,1.976264258332633108e+04,8.336656279084309062e-06,2.232845377367796047e+01,8.675779679104722675e+01
3.890909090909090651e+01,1.510130699975698462e+03,6.828046173614449117e+02,2.097000000000000000e+04,1.090604334473028757e+03,1.987939630384582051e+04,3.566690054412902100e-08,2.233042606712658440e+01,8.772679438390630935e+01
3.903409090909090651e+01,1.521478956973827508e+03,6.873205195340450473e+02,2.109375000000000000e+04,1.097633569725232292e+03,1.999611706862847495e+04,3.485649813228519633e-08,2.233242755892704778e+01,8.867682126583720503e+01
3.915909090909090651e+01,1.514317958978394245e+03,6.898694871100949513e+02,2.121750000000000000e+04,1.104699184545549315e+03,2.011280145380845715e+04,2.978595148306339979e-10,2.233445782198845109e+01,8.960766931065268182e+01
3.928409090909090651e+01,1.478935318209325033e+03,7.148993050732195798e+02,2.134125000000000000e+04,1.111841266743316282e+03,2.022940937368305822e+04,2.072367720984402695e-06,2.233651642806502480e+01,9.051917843998162994e+01
3.940909090909090651e+01,1.510021917752679428e+03,7.352495241229391922e+02,2.146500000000000000e+04,1.119023871987943949e+03,2.034597676843904628e+04,6.166942512209061533e-10,2.233860294843359284e+01,9.141123463718655273e+01
3.953409090909090651e+01,1.538423168725641290e+03,7.379137440085858088e+02,2.158875000000000000e+04,1.126238851801120518e+03,2.046251178865895417e+04,3.308360874143545516e-08,2.234071695448036365e+01,9.228376833813557312e+01
3.965909090909090651e+01,1.554447882152770262e+03,7.435709587636550850e+02,2.171250000000000000e+04,1.133570627231469416e+03,2.057893001322877899e+04,1.720081854728050530e-10,2.234285801821003759e+01,9.313674723270312938e+01
3.978409090909090651e+01,1.562725485028475532e+03,7.682310310020961879e+02,2.183625000000000000e+04,1.141083201536939441e+03,2.069516744122676755e+04,2.303457662833352515e-06,2.234502571273421978e+01,9.397017297251734647e+01
3.981818181818182012e+01,1.602087004881321946e+03,7.772394582751802545e+02,2.187000000000000364e+04,1.143146802467121006e+03,2.072685384037596305e+04,7.937122603607349447e-08,2.234561887249248713e+01,9.419593729580975605e+01
3.994318181818182012e+01,1.293772607535926682e+03,6.869098955097722410e+02,2.187000000000000364e+04,1.150467690648270946e+03,2.071953295415753018e+04,1.962716827286214993e-06,2.234781987875717846e+01,9.500444142284928262e+01
4.006818181818182012e+01,9.775102378126060785e+02,6.016874680444386740e+02,2.187000000000000364e+04,1.157217965637073348e+03,2.071278267916872210e+04,-4.282796339794003870e-12,2.235004653922150553e+01,9.579309216348931955e+01
4.019318181818182012e+01,7.865176850705673814e+02,5.287160693354887826e+02,2.187000000000000364e+04,1.163673175337327393e+03,2.070632746946852058e+04,5.409983572235432803e-11,2.235229840682716684e+01,9.656125929743070913e+01
4.031818181818182012e+01,6.545538882764880100e+02,4.688537487420088610e+02,2.187000000000000364e+04,1.169957438637368796e+03,2.070004320616853511e+04,5.700773186845253804e-11,2.235457500974776934e+01,9.730783833962182428e+01
4.044318181818182012e+01,5.586326870256489201e+02,4.203591651261071434e+02,2.187000000000000364e+04,1.176128991608996330e+03,2.069387165319692940e+04,2.109512564629767439e-11,2.235687583949712476e+01,9.803122587353962558e+01
4.056818181818182012e+01,4.877319328554042386e+02,3.814449212530184354e+02,2.187000000000000364e+04,1.182220484382534096e+03,2.068778016042339732e+04,4.839684208945982391e-12,2.235920033886303315e+01,9.872937063034383698e+01
4.069318181818182012e+01,4.347127119679964835e+02,3.506417785951206838e+02,2.187000000000000364e+04,1.188251693241208159e+03,2.068174898524870514e+04,3.368398295489072325e-05,2.236154789057875192e+01,9.939988116390351536e+01
4.081818181818182012e+01,3.944537210530847346e+02,3.255234743898195688e+02,2.187000000000000364e+04,1.194235289972681812e+03,2.067576539942550153e+04,1.090826956584578511e-05,2.236391780744327917e+01,1.000401659827396941e+02
4.094318181818182012e+01,3.639150237559250627e+02,3.045939998163273685e+02,2.187000000000000364e+04,1.200179810575049942e+03,2.066982088457978534e+04,5.756652204702561448e-06,2.236630932438602670e+01,1.006475836931165304e+02
4.106818181818182012e+01,3.402016902510227396e+02,2.869615008056174474e+02,2.187000000000000364e+04,1.206091271078542832e+03,2.066390942776126030e+04,3.684968721273662595e-06,2.236872159276564886e+01,1.012195848593107002e+02
4.119318181818182012e+01,3.218278725543283940e+02,2.719349884197324627e+02,2.187000000000000364e+04,1.211974102454563308e+03,2.065802659888587004e+04,2.500631282487120188e-06,2.237115367701022350e+01,1.017538330723447473e+02
4.131818181818182012e+01,3.085439950851697404e+02,2.589836411292235994e+02,2.187000000000000364e+04,1.217831704836082963e+03,2.065216899827636735e+04,1.772018190848712038e-06,2.237360455355642230e+01,1.022482984113581779e+02
4.144318181818182012e+01,2.967934074277230252e+02,2.477080085124552227e+02,2.187000000000000364e+04,1.223666774931665714e+03,2.064633392947718312e+04,1.296399323003072368e-06,2.237607311194427240e+01,1.027013214611176011e+02
4.156818181818182012e+01,2.867598777958045275e+02,2.378596955889918831e+02,2.187000000000000364e+04,1.229481508218691260e+03,2.064051919716286284e+04,9.727063208231356839e-07,2.237855815783984426e+01,1.031116507380670697e+02
4.169318181818182012e+01,2.780489923862523938e+02,2.291029526202013926e+02,2.187000000000000364e+04,1.235277729628721545e+03,2.063472297649601023e+04,7.431773774158045853e-07,2.238105841772535598e+01,1.034784582786528517e+02
4.181818181818182012e+01,2.701436421300878692e+02,2.213352956886134280e+02,2.187000000000000364e+04,1.241056981935291333e+03,2.062894372476518402e+04,5.757431100761323250e-07,2.238357254496571969e+01,1.038013345527258764e+02
4.194318181818182012e+01,2.626768410132040117e+02,2.144138840350314297e+02,2.187000000000000364e+04,1.246820587518406683e+03,2.062318011963280878e+04,4.507394333330694280e-07,2.238609912695099169e+01,1.040802672643255136e+02
4.206818181818182012e+01,2.556300375125536846e+02,2.081020432348566942e+02,2.187000000000000364e+04,1.252569693083766424e+03,2.061743101442288389e+04,3.554358816160174683e-07,2.238863669302166670e+01,1.043156087445364477e+02
4.219318181818182012e+01,2.489805395229617204e+02,2.023147290987947997e+02,2.187000000000000364e+04,1.258305302656648564e+03,2.061169540513054744e+04,2.805445049602894869e-07,2.239118372291201098e+01,1.045080346354106524e+02
4.231818181818182012e+01,2.427037832755603688e+02,1.970479540400343410e+02,2.187000000000000364e+04,1.264028302594827437e+03,2.060597240541563588e+04,2.232656859391113358e-07,2.239373865547644371e+01,1.046585009550668559e+02
4.244318181818182012e+01,2.367748402018431761e+02,1.922652822281779379e+02,2.187000000000000364e+04,1.269739480971416697e+03,2.060026122721813226e+04,1.790843979776468586e-07,2.239629989748944894e+01,1.047682001022006375e+02
4.256818181818182012e+01,2.311693655386832518e+02,1.878039924947029249e+02,2.187000000000000364e+04,1.275439542707595137e+03,2.059456116562560419e+04,1.436497214513110521e-07,2.239886583234292416e+01,1.048385179080116387e+02
4.269318181818182012e+01,2.258641650929466209e+02,1.836292300874383727e+02,2.187000000000000364e+04,1.281129121960508201e+03,2.058887158648677723e+04,1.140875376393069018e-07,2.240143482849775580e+01,1.048709925267203573e+02
4.281818181818182012e+01,2.208375139427825786e+02,1.797117035150221511e+02,2.187000000000000364e+04,1.286808792353612944e+03,2.058319191618212426e+04,8.845341703533904365e-08,2.240400524757826517e+01,1.048672768624423384e+02
4.294318181818182012e+01,2.160693211636162800e+02,1.760263354689932669e+02,2.187000000000000364e+04,1.292479075230221952e+03,2.057752163337182719e+04,6.631161930670259608e-08,2.240657545202566325e+01,1.048291050417869883e+02
4.306818181818182012e+01,2.115411885071418965e+02,1.725515489894448820e+02,2.187000000000000364e+04,1.298140446313760094e+03,2.057186026233564553e+04,4.735509584463670762e-08,2.240914381224969532e+01,1.047582627880193940e+02
4.319318181818182012e+01,2.072364457765797283e+02,1.692688529892752456e+02,2.187000000000000364e+04,1.303793341309626157e+03,2.056620736737211337e+04,3.233231904431477233e-08,2.241170871323730296e+01,1.046565616597560222e+02
4.331818181818182012e+01,2.031402208434153351e+02,1.661616518532774478e+02,2.187000000000000364e+04,1.309438160356312437e+03,2.056056254834643914e+04,2.101295226708543851e-08,2.241426856059410611e+01,1.045258170613080466e+02
4.344318181818182012e+01,1.992400904362363576e+02,1.632153721782524940e+02,2.187000000000000364e+04,1.315075271857102507e+03,2.055492543685976852e+04,1.411819461338836845e-08,2.241682178600887809e+01,1.043678297782218607e+02
4.356818181818182012e+01,1.955261887860180821e+02,1.604172059648792299e+02,2.187000000000000364e+04,1.320705015584656621e+03,2.054929569314391483e+04,1.169894137120763844e-08,2.241936685214289326e+01,1.041843707474812248e+02
4.369318181818182012e+01,1.919841621460523697e+02,1.577556389821349967e+02,2.187000000000000364e+04,1.326327705042464004e+03,2.054367300369622899e+04,1.012158445945487983e-08,2.242190225695535943e+01,1.039771687486316125e+02
4.381818181818182012e+01,1.886000304703105996e+02,1.552460915524722509e+02,2.187000000000000364e+04,1.331943629865041430e+03,2.053805707888244433e+04,8.791576355804409104e-09,2.242442653748336667e+01,1.037479006943807889e+02
4.394318181818182012e+01,1.853619029647630612e+02,1.528780919757367656e+02,2.187000000000000364e+04,1.337553058108820778e+03,2.053244765064633248e+04,7.666018930763129902e-09,2.242693827310019117e+01,1.034981842051403049e+02
4.406818181818182012e+01,1.822594096450155803e+02,1.506126755057725859e+02,2.187000000000000364e+04,1.343156238290665442e+03,2.052684447047119465e+04,6.706659227972977533e-09,2.242943608827963331e+01,1.032295721670795956e+02
4.419318181818182012e+01,1.792833582794927736e+02,1.484429497009718659e+02,2.187000000000000364e+04,1.348753401187386316e+03,2.052124730758036094e+04,5.888142418086772523e-09,2.243191865489675507e+01,1.029435489931894949e+02
4.431818181818182012e+01,1.764255101858568082e+02,1.463626393697790320e+02,2.187000000000000364e+04,1.354344761426475088e+03,2.051565594734645492e+04,5.184537243962950015e-09,2.243438469409688807e+01,1.026415283289582590e+02
4.444318181818182012e+01,1.736784231698618157e+02,1.443660197330067945e+02,2.187000000000000364e+04,1.359930518895901514e+03,2.051007018988160780e+04,4.579537637994235411e-09,2.243683297776555108e+01,1.023248519673277173e+02
4.456818181818182012e+01,1.710353350461765842e+02,1.424478570493634493e+02,2.187000000000000364e+04,1.365510859997371881e+03,2.050448984878419287e+04,4.055812574677020166e-09,2.243926232963191225e+01,1.019947897610392857e+02
4.469318181818182012e+01,1.684900733129628350e+02,1.406033562894879481e+02,2.187000000000000364e+04,1.371085958764007955e+03,2.049891475002115840e+04,3.602274034619767917e-09,2.244167162603793741e+01,1.016525403438734259e+02
4.481818181818182012e+01,1.660369826896439349e+02,1.388281151714133443e+02,2.187000000000000364e+04,1.376655977860320490e+03,2.049334473092805274e+04,3.207762055978946591e-09,2.244405979640442439e+01,1.012992324951980407e+02
4.494318181818182012e+01,1.636937454050082579e+02,1.371180838112917399e+02,2.187000000000000364e+04,1.382221069479687912e+03,2.048777963931154591e+04,2.861829884182043315e-09,2.244642582342387271e+01,1.009359270042221652e+02
4.506818181818182012e+01,1.614627031163135484e+02,1.354695292756656215e+02,2.187000000000000364e+04,1.387781376152295024e+03,2.048221933264149993e+04,2.560748946223156963e-09,2.244876874300867442e+01,1.005636189110065999e+02
4.519318181818182012e+01,1.593045417119286640e+02,1.338790043891190749e+02,2.187000000000000364e+04,1.393337031474589139e+03,2.047666367732149956e+04,2.295452716793988657e-09,2.245108764402153767e+01,1.001832400203019660e+02
4.531818181818182012e+01,1.572156347397765330e+02,1.323433202281598824e+02,2.187000000000000364e+04,1.398888160769712613e+03,2.047111254802843905e+04,2.061264048336397536e-09,2.245338166781327160e+01,9.979566160147521714e+01
4.544318181818182012e+01,1.551925996431230601e+02,1.308595218073956232e+02,2.187000000000000364e+04,1.404434881687036523e+03,2.046556582711296869e+04,1.855132936157133372e-09,2.245565000759141228e+01,9.940169720305870271e+01
4.556818181818182012e+01,1.532322767707449600e+02,1.294248665327114054e+02,2.187000000000000364e+04,1.409977304747787457e+03,2.046002340405388895e+04,1.672689542431271548e-09,2.245789190764137544e+01,9.900210552382418427e+01
4.569318181818182012e+01,1.513317106623147765e+02,1.280368050567746820e+02,2.187000000000000364e+04,1.415515533842808509e+03,2.045448517496038039e+04,1.511820002519925765e-09,2.246010666242011666e+01,9.859759329382309545e+01
4.581818181818182012e+01,1.494881332928860616e+02,1.266929642246920764e+02,2.187000000000000364e+04,1.421049666687692934e+03,2.044895104211686339e+04,1.369301116938004270e-09,2.246229361554068049e+01,9.818881812867485337e+01
4.594318181818182012e+01,1.476989490182888005e+02,1.253911318426226984e+02,2.187000000000000364e+04,1.426579795239841815e+03,2.044342091356595483e+04,1.239851776801970118e-09,2.246445215866431155e+01,9.777639132868270622e+01
4.606818181818182012e+01,1.459617210072885598e+02,1.241292430404498077e+02,2.187000000000000364e+04,1.432106006081415899e+03,2.043789470272550898e+04,1.126519322269814438e-09,2.246658173031541850e+01,9.736088060128038535e+01
4.619318181818182012e+01,1.442741589806118725e+02,1.229053680320907063e+02,2.187000000000000364e+04,1.437628380771657248e+03,2.043237232803629377e+04,1.024992535292312823e-09,2.246868181463315750e+01,9.694281269103477428e+01
4.631818181818182012e+01,1.426341081041236123e+02,1.217177011045863964e+02,2.187000000000000364e+04,1.443146996171627279e+03,2.042685371263725756e+04,9.331122541311742680e-10,2.247075194007209475e+01,9.652267590611211290e+01
4.644318181818182012e+01,1.410395389053828978e+02,1.205645506904288027e+02,2.187000000000000364e+04,1.448661924744042608e+03,2.042133878406569420e+04,8.517346827829896938e-10,2.247279167806319222e+01,9.610092253390978101e+01
4.656818181818182012e+01,1.394885381007831882e+02,1.194443303973671391e+02,2.187000000000000364e+04,1.454173234830576121e+03,2.041582747397993808e+04,7.766933762809458131e-10,2.247480064164509983e+01,9.567797114159995431e+01
4.669318181818182012e+01,1.379793002353997906e+02,1.183555508867484605e+02,2.187000000000000364e+04,1.459680990908718741e+03,2.041031971790250464e+04,7.108020838586526224e-10,2.247677848407480283e+01,9.525420875974620571e+01
4.681818181818182012e+01,1.365101200501717074e+02,1.172968125057435742e+02,2.187000000000000364e+04,1.465185253830056581e+03,2.040481545498181731e+04,6.521423401295578515e-10,2.247872489742554691e+01,9.482999294904539056e+01
4.694318181818182012e+01,1.350793855016259215e+02,1.162667985909965722e+02,2.187000000000000364e+04,1.470686081041620128e+03,2.039931462777085108e+04,5.971294569917517947e-10,2.248063961117915355e+01,9.440565375170666584e+01
4.706818181818182012e+01,1.336855713683684712e+02,1.152671324224509704e+02,2.187000000000000364e+04,1.476183526791776330e+03,2.039381718202124466e+04,5.482059250994097965e-10,2.248252239081896064e+01,9.398149553008433088e+01
4.719318181818182012e+01,1.323272333862991559e+02,1.143014644421016470e+02,2.187000000000000364e+04,1.481677642321983285e+03,2.038832306649154270e+04,5.043920836556026188e-10,2.248437303642888807e+01,9.355779869599773235e+01
4.731818181818182012e+01,1.310030028611787998e+02,1.133602878703734405e+02,2.187000000000000364e+04,1.487168476045586203e+03,2.038283223276840363e+04,4.646079077019749093e-10,2.248619138130341000e+01,9.313482133475406499e+01
4.744318181818182012e+01,1.297115817129563595e+02,1.124426134487572995e+02,2.187000000000000364e+04,1.492656073714716513e+03,2.037734463509970010e+04,4.273692510992077587e-10,2.248797729057260497e+01,9.271280072828638197e+01
4.756818181818182012e+01,1.284517379112929802e+02,1.115475050752413892e+02,2.187000000000000364e+04,1.498140478576249279e+03,2.037186023023856251e+04,3.944728987903545203e-10,2.248973065984592523e+01,9.229195478206422365e+01
4.769318181818182012e+01,1.272223012661117991e+02,1.106740762907066653e+02,2.187000000000000364e+04,1.503621731517677290e+03,2.036637897729749966e+04,3.643370050099292712e-10,2.249145141387771929e+01,9.187248336056386222e+01
4.781818181818182012e+01,1.260221595408503390e+02,1.098214870403904939e+02,2.187000000000000364e+04,1.509099871203684415e+03,2.036090083761182905e+04,3.366338319210626651e-10,2.249313950525718298e+01,9.145456953612119833e+01
4.794318181818182012e+01,1.248502548594734947e+02,1.089889406853877034e+02,2.187000000000000364e+04,1.514574934204119245e+03,2.035542577461170731e+04,3.114850599672536191e-10,2.249479491312493806e+01,9.103838075595521673e+01
4.806818181818182012e+01,1.237055803812832124e+02,1.081756812417994666e+02,2.187000000000000364e+04,1.520046955114012462e+03,2.034995375370210240e+04,2.884830152538597758e-10,2.249641764191806459e+01,9.062406993206259642e+01
4.819318181818182012e+01,1.225871772201944054e+02,1.073809908274265013e+02,2.187000000000000364e+04,1.525515966666218901e+03,2.034448474215016176e+04,2.673878896075621014e-10,2.249800772014510386e+01,9.021177645855429716e+01
4.831818181818182012e+01,1.214941315874728787e+02,1.066041872979436675e+02,2.187000000000000364e+04,1.530981999837214744e+03,2.033901870897941626e+04,2.485514016825618455e-10,2.249956519919223297e+01,8.980162716084836916e+01
4.844318181818182012e+01,1.204255721389997404e+02,1.058446220562972542e+02,2.187000000000000364e+04,1.536445083946533714e+03,2.033355562487032876e+04,2.305267088331675041e-10,2.250109015216156294e+01,8.939373718095568222e+01
4.856818181818182012e+01,1.193806675099616825e+02,1.051016780206507235e+02,2.187000000000000364e+04,1.541905246750286778e+03,2.032809546206679079e+04,2.147722000245266827e-10,2.250258267274222490e+01,8.898821080290434793e+01
4.869318181818182012e+01,1.183586240215040704e+02,1.043747677376313732e+02,2.187000000000000364e+04,1.547362514529168948e+03,2.032263819428810893e+04,1.991704579040742829e-10,2.250404287411478421e+01,8.858514222215124789e+01
4.881818181818182012e+01,1.173586835453409947e+02,1.036633316288947810e+02,2.187000000000000364e+04,1.552816912171326521e+03,2.031718379664613894e+04,1.868611931854502473e-10,2.250547088788922778e+01,8.818461626262846664e+01
4.894318181818182012e+01,1.163801215136222140e+02,1.029668363601419827e+02,2.187000000000000364e+04,1.558268463250425611e+03,2.031173224556721107e+04,1.728022169800169650e-10,2.250686686307673412e+01,8.778670904487144355e+01
4.906818181818182012e+01,1.154222450625239986e+02,1.022847733227380047e+02,2.187000000000000364e+04,1.563717190099238451e+03,2.030628351871855921e+04,1.615552136513542791e-10,2.250823096509514798e+01,8.739148860847842570e+01
4.919318181818182012e+01,1.144843912990766768e+02,1.016166572189812598e+02,2.187000000000000364e+04,1.569163113879035791e+03,2.030083759493891193e+04,1.503241975342461956e-10,2.250956337480808500e+01,8.699901549195833184e+01
4.931818181818182012e+01,1.135659256816825291e+02,1.009620247428766788e+02,2.187000000000000364e+04,1.574606254645053241e+03,2.029539445417303432e+04,1.402780114290180791e-10,2.251086428759739277e+01,8.660934327283715106e+01
4.944318181818182012e+01,1.126662405056224259e+02,1.003204333490000977e+02,2.187000000000000364e+04,1.580046631408280064e+03,2.028995407740994051e+04,1.318394282634471892e-10,2.251213391246864148e+01,8.622251907071401433e+01
4.956818181818182012e+01,1.117847534856107501e+02,9.969146010268222824e+01,2.187000000000000364e+04,1.585484262193798486e+03,2.028451644662454419e+04,1.228235291250712180e-10,2.251337247118924267e+01,8.583858401578665109e+01
4.969318181818182012e+01,1.109209064281426294e+02,9.907470060534515710e+01,2.187000000000000364e+04,1.590919164095885662e+03,2.027908154472257229e+04,1.148530159866822942e-10,2.251458019745866324e+01,8.545757368520261821e+01
4.981818181818182012e+01,1.100741639870004462e+02,9.846976798933933139e+01,2.187000000000000364e+04,1.596351353330075426e+03,2.027364935548849098e+04,1.079021316741091141e-10,2.251575733611022656e+01,8.507951850943813099e+01
4.994318181818182012e+01,1.092440124958429521e+02,9.787629197711706297e+01,2.187000000000000364e+04,1.601780845282362634e+03,2.026821986353630564e+04,1.016511319562596327e-10,2.251690414234388982e+01,8.470444415075959910e+01
5.006818181818182012e+01,1.084299588723092285e+02,9.729391800001673118e+01,2.187000000000000364e+04,1.607207654555719500e+03,2.026279305426304200e+04,9.502265641003759811e-11,2.251802088098932941e+01,8.433237185568579264e+01
5.019318181818182012e+01,1.076315295885293182e+02,9.672230637231389494e+01,2.187000000000000364e+04,1.612631795014083764e+03,2.025736891380476663e+04,8.901679393602535129e-11,2.251910782579870585e+01,8.396331878323786668e+01
5.031818181818182012e+01,1.068482697033489472e+02,9.616113151655939362e+01,2.187000000000000364e+04,1.618053279823963749e+03,2.025194742899496850e+04,8.321343614170473302e-11,2.252016525876835829e+01,8.359729831064352368e+01
5.044318181818182012e+01,1.060797419519550147e+02,9.561008123654954716e+01,2.187000000000000364e+04,1.623472121493800159e+03,2.024652858732521054e+04,7.875300411797070410e-11,2.252119346948873257e+01,8.323432031804722442e+01
5.056818181818182012e+01,1.053350609401716014e+02,9.506885603456240119e+01,2.187000000000000364e+04,1.628888331911211480e+03,2.024111237690787311e+04,7.375700050715749967e-11,2.252219275452178238e+01,8.287439145367090987e+01
5.069318181818182012e+01,1.046042591869003360e+02,9.454751252776057413e+01,2.187000000000000364e+04,1.634301922378243944e+03,2.023569878644090932e+04,6.892975079608731903e-11,2.252316341680510803e+01,8.251751538077090231e+01
5.081818181818182012e+01,1.038864992794246405e+02,9.403573967177595705e+01,2.187000000000000364e+04,1.639712903644737935e+03,2.023028780517448104e+04,6.521716500174079556e-11,2.252410576508205153e+01,8.216369300764256423e+01
5.094318181818182012e+01,1.031814312168299352e+02,9.353235497694521428e+01,2.187000000000000364e+04,1.645121285939916106e+03,2.022487942287936312e+04,6.187939050050772494e-11,2.252502011335700516e+01,8.181292270183780602e+01
5.106818181818182012e+01,1.024887174136410835e+02,9.303713546585548499e+01,2.187000000000000364e+04,1.650527079002291657e+03,2.021947362981704646e+04,5.766942479112913134e-11,2.252590678037514493e+01,8.146520048967933292e+01
5.119318181818182012e+01,1.018080321561892561e+02,9.254986620464757152e+01,2.187000000000000364e+04,1.655930292107988862e+03,2.021407041671140541e+04,5.482636566966903047e-11,2.252676608912585010e+01,8.112052024207984857e+01
5.131818181818182012e+01,1.011390610871673061e+02,9.207033994447820646e+01,2.187000000000000364e+04,1.661330934097563386e+03,2.020866977472188228e+04,5.192468677250872133e-11,2.252759836636903046e+01,8.077887384760454381e+01
5.144318181818182012e+01,1.004815007166907321e+02,9.159835678163467776e+01,2.187000000000000364e+04,1.666729013401402653e+03,2.020327169541809053e+04,4.849187718036773731e-11,2.252840394218362619e+01,8.044025137364914713e+01
5.156818181818182012e+01,9.983505795829428564e+01,9.113372383520798792e+01,2.187000000000000364e+04,1.672124538063783348e+03,2.019787617075575690e+04,4.663469610477477545e-11,2.252918314953752699e+01,8.010464121654568714e+01
5.169318181818182012e+01,9.919944968839962485e+01,9.067625494130331276e+01,2.187000000000000364e+04,1.677517515765658800e+03,2.019248319305392579e+04,4.331468517193570733e-11,2.252993632387817868e+01,7.977203024135104670e+01
5.181818181818182012e+01,9.857440232788609080e+01,9.022577036283271923e+01,2.187000000000000364e+04,1.682907953846241981e+03,2.018709275497338240e+04,4.147526766473674797e-11,2.253066380274317737e+01,7.944240391202080787e+01
5.194318181818182012e+01,9.795965144448666706e+01,8.978209651399284041e+01,2.187000000000000364e+04,1.688295859323449349e+03,2.018170484949621459e+04,3.888533939289118280e-11,2.253136592539010152e+01,7.911574641262218677e+01
5.206818181818182012e+01,9.735494137481464350e+01,8.934506569859074432e+01,2.187000000000000364e+04,1.693681238913265815e+03,2.017631946990643337e+04,3.669509140991067397e-11,2.253204303244494255e+01,7.879204076019428271e+01
5.219318181818182012e+01,9.676002486490361321e+01,8.891451586142767383e+01,2.187000000000000364e+04,1.699064099048086064e+03,2.017093660977164836e+04,3.506706036660034442e-11,2.253269546556840908e+01,7.847126890982178793e+01
5.231818181818182012e+01,9.617466272821557993e+01,8.849029035200891258e+01,2.187000000000000364e+04,1.704444445894087266e+03,2.016555626292567831e+04,3.264055692397960229e-11,2.253332356713946538e+01,7.815341185244864164e+01
5.244318181818182012e+01,9.559862352013834652e+01,8.807223769988712547e+01,2.187000000000000364e+04,1.709822285367681843e+03,2.016017842345211466e+04,3.132516468440371682e-11,2.253392767995546109e+01,7.783844970592241452e+01
5.256818181818182012e+01,9.503168322805559853e+01,8.766021140098396813e+01,2.187000000000000364e+04,1.715197623151099151e+03,2.015480308566872554e+04,2.957278866233536974e-11,2.253450814694818405e+01,7.752636179972546415e+01
5.269318181818182012e+01,9.447362497613005416e+01,8.725406971429490000e+01,2.187000000000000364e+04,1.720570464707141127e+03,2.014943024411271108e+04,2.832312162581729353e-11,2.253506531091527521e+01,7.721712675381820645e+01
5.281818181818182012e+01,9.392423874399446504e+01,8.685367546839221120e+01,2.187000000000000364e+04,1.725940815293152809e+03,2.014405989352672623e+04,2.679012567341487738e-11,2.253559951426636587e+01,7.691072255198996288e+01
5.294318181818182012e+01,9.338332109859474883e+01,8.645889587719958058e+01,2.187000000000000364e+04,1.731308679974249571e+03,2.013869202884565311e+04,2.509992214072553907e-11,2.253611109878336549e+01,7.660712661008625446e+01
5.306818181818182012e+01,9.285067493847519415e+01,8.606960236452984248e+01,2.187000000000000364e+04,1.736674063635838593e+03,2.013332664518408637e+04,2.400746268449438503e-11,2.253660040539434206e+01,7.630631583945570640e+01
5.319318181818182012e+01,9.232610924984081180e+01,8.568567039691245668e+01,2.187000000000000364e+04,1.742036970995470028e+03,2.012796373782447699e+04,2.264233245341529255e-11,2.253706777396045169e+01,7.600826670593646384e+01
5.331818181818182012e+01,9.180943887377013368e+01,8.530697932426690500e+01,2.187000000000000364e+04,1.747397406614051988e+03,2.012260330220591641e+04,2.220268413566373056e-11,2.253751354307535593e+01,7.571295528468024827e+01
5.344318181818182012e+01,9.130048428399058480e+01,8.493341222800091828e+01,2.187000000000000364e+04,1.752755374906461839e+03,2.011724533391352816e+04,2.143707433788222261e-11,2.253793804987664373e+01,7.542035731109164942e+01
5.356818181818182012e+01,9.079907137466355493e+01,8.456485577614392923e+01,2.187000000000000364e+04,1.758110880151584297e+03,2.011188982866842707e+04,2.007372046364253038e-11,2.253834162986875000e+01,7.513044822814197232e+01
5.369318181818182012e+01,9.030503125765878281e+01,8.420120008514082599e+01,2.187000000000000364e+04,1.763463926501805418e+03,2.010653678231822414e+04,1.861355514165552449e-11,2.253872461675687688e+01,7.484320323029845667e+01
5.381818181818182012e+01,8.981820006882793450e+01,8.384233858795602146e+01,2.187000000000000364e+04,1.768814517991989078e+03,2.010118619082805890e+04,1.807975991141574923e-11,2.253908734229146660e+01,7.455859730429455112e+01
5.394318181818182012e+01,8.933841878281708659e+01,8.348816790816552214e+01,2.187000000000000364e+04,1.774162658547962792e+03,2.009583805027210110e+04,1.674482774660646101e-11,2.253943013612275337e+01,7.427660526695076726e+01
5.406818181818182012e+01,8.886553303598304865e+01,8.313858773972091853e+01,2.187000000000000364e+04,1.779508351994537179e+03,2.009049235682554354e+04,1.627054047048659413e-11,2.253975332566498935e+01,7.399720180024210947e+01
5.419318181818182012e+01,8.839939295700423827e+01,8.279350073209468519e+01,2.187000000000000364e+04,1.784851602063082055e+03,2.008514910675701321e+04,1.566480278825110872e-11,2.254005723596988986e+01,7.372036148379457643e+01
5.431818181818182012e+01,8.793985300480075296e+01,8.245281238053502193e+01,2.187000000000000364e+04,1.790192412398682563e+03,2.007980829642142635e+04,1.493738466251670616e-11,2.254034218960891423e+01,7.344605882498156291e+01
5.444318181818182012e+01,8.748677181339844822e+01,8.211643092116651133e+01,2.187000000000000364e+04,1.795530786566895131e+03,2.007446992225322902e+04,1.420286110942470259e-11,2.254060850656397719e+01,7.317426828677876927e+01
5.456818181818182012e+01,8.704001204339476772e+01,8.178426723069431148e+01,2.187000000000000364e+04,1.800866728060123023e+03,2.006913398076001613e+04,1.339017785539908800e-11,2.254085650412623565e+01,7.290496431352654838e+01
5.469318181818182012e+01,8.659944023970113847e+01,8.145623473048014773e+01,2.187000000000000364e+04,1.806200240303632654e+03,2.006380046851652151e+04,1.347455480527059990e-11,2.254108649680254217e+01,7.263812135473797582e+01
5.481818181818182012e+01,8.616492669525594295e+01,8.113224929477074454e+01,2.187000000000000364e+04,1.811531326661226103e+03,2.005846938215893897e+04,1.210498368209300679e-11,2.254129879622926325e+01,7.237371388708233155e+01
5.494318181818182012e+01,8.573634532041896250e+01,8.081222916287491387e+01,2.187000000000000364e+04,1.816859990440588263e+03,2.005314071837958909e+04,1.134292659799029934e-11,2.254149371109309641e+01,7.211171643466479964e+01
5.506818181818182012e+01,8.531357351777333520e+01,8.049609485509368767e+01,2.187000000000000364e+04,1.822186234898325210e+03,2.004781447392186237e+04,1.162714369229433942e-11,2.254167154705855936e+01,7.185210358771510641e+01
5.519318181818182012e+01,8.489649206207681686e+01,8.018376909221838389e+01,2.187000000000000364e+04,1.827510063244707680e+03,2.004249064557548991e+04,1.065370014430300216e-11,2.254183260670185973e+01,7.159485001979106755e+01
5.531818181818182012e+01,8.448498498511790444e+01,7.987517671842434197e+01,2.187000000000000364e+04,1.832831478648136908e+03,2.003716923017207228e+04,1.060662668805889552e-11,2.254197718945081164e+01,7.133993050359488564e+01
5.544318181818182012e+01,8.407893946524484363e+01,7.957024462739731518e+01,2.187000000000000364e+04,1.838150484239344451e+03,2.003185022458087406e+04,1.024069717914244393e-11,2.254210559153055016e+01,7.108731992549495260e+01
5.556818181818182012e+01,8.367824572134907157e+01,7.926890169153101340e+01,2.187000000000000364e+04,1.843467083115340529e+03,2.002653362570488753e+04,1.031263963113815407e-11,2.254221810591471353e+01,7.083699329883879159e+01
5.569318181818182012e+01,8.328279691109533189e+01,7.897107869405799363e+01,2.187000000000000364e+04,1.848781278343123176e+03,2.002121943047711466e+04,8.818723529202543432e-12,2.254231502228187978e+01,7.058892577613778485e+01
5.581818181818182012e+01,8.289248903320192596e+01,7.867670826396599182e+01,2.187000000000000364e+04,1.854093072963159784e+03,2.001590763585708555e+04,8.805400852907041553e-12,2.254239662697696289e+01,7.034309266019873519e+01
5.594318181818182012e+01,8.250722083358532188e+01,7.838572481357192601e+01,2.187000000000000364e+04,1.859402469992654005e+03,2.001059823882759883e+04,7.949196856316120829e-12,2.254246320297733419e+01,7.009946941427284628e+01
5.606818181818182012e+01,8.212689371519191184e+01,7.809806447862882806e+01,2.187000000000000364e+04,1.864709472428607341e+03,2.000529123639165482e+04,8.072653656654438237e-12,2.254251502986343780e+01,6.985803167128742075e+01
5.619318181818182012e+01,8.175141165135035237e+01,7.781366506084627588e+01,2.187000000000000364e+04,1.870014083250686099e+03,1.999998662556958516e+04,7.493561327009956585e-12,2.254255238379365167e+01,6.961875524222213585e+01
5.631818181818182012e+01,8.138068110248498499e+01,7.753246597271413521e+01,2.187000000000000364e+04,1.875316305423903941e+03,1.999468440339637527e+04,7.560174708487465978e-12,2.254257553748320930e+01,6.938161612368736542e+01
5.644318181818182012e+01,8.101461093604031305e+01,7.725440818451819780e+01,2.187000000000000364e+04,1.880616141901130050e+03,1.998938456691915781e+04,7.259082224209123524e-12,2.254258476018693003e+01,6.914659050475800939e+01
5.656818181818182012e+01,8.065311234947289165e+01,7.697943417345513240e+01,2.187000000000000364e+04,1.885913595625429707e+03,1.998408711319486611e+04,6.946443420474679442e-12,2.254258031768560144e+01,6.891365477311349252e+01
5.669318181818182012e+01,8.029609879617521528e+01,7.670748787474362018e+01,2.187000000000000364e+04,1.891208669532248223e+03,1.997879203928805509e+04,6.266098750984383514e-12,2.254256247227578669e+01,6.868278552053095609e+01
5.681818181818182012e+01,7.994348591420283867e+01,7.643851463464473284e+01,2.187000000000000364e+04,1.896501366551445017e+03,1.997349934226886398e+04,6.707523425575345755e-12,2.254253148276288599e+01,6.845395954777529823e+01
5.694318181818182012e+01,7.959519145768143744e+01,7.617246116530479583e+01,2.187000000000000364e+04,1.901791689609184914e+03,1.996820901921113182e+04,6.040501432380551705e-12,2.254248760445727839e+01,6.822715386892799927e+01
5.706818181818182012e+01,7.925113523077796174e+01,7.590927550133852719e+01,2.187000000000000364e+04,1.907079641629696653e+03,1.996292106719062576e+04,5.457856389057269553e-12,2.254243108917336613e+01,6.800234571519239068e+01
5.719318181818182012e+01,7.891123902412496705e+01,7.564890695807613952e+01,2.187000000000000364e+04,1.912365225536901789e+03,1.995763548328342586e+04,5.783817869087215513e-12,2.254236218523136870e+01,6.777951253821224498e+01
5.731818181818182012e+01,7.857542655359247874e+01,7.539130609139937178e+01,2.187000000000000364e+04,1.917648444255924460e+03,1.995235226456440796e+04,5.549338766286382452e-12,2.254228113746168916e+01,6.755863201293702502e+01
5.744318181818182012e+01,7.824362340130743121e+01,7.513642465909629209e+01,2.187000000000000364e+04,1.922929300714484725e+03,1.994707140810585406e+04,5.193179219986632233e-12,2.254218818721174245e+01,6.733968204006542635e+01
5.756818181818182012e+01,7.791575695882541197e+01,7.488421558367001296e+01,2.187000000000000364e+04,1.928207797844185507e+03,1.994179291097615715e+04,4.864553204697585898e-12,2.254208357235506455e+01,6.712264074809694137e+01
5.769318181818182012e+01,7.759175637236376133e+01,7.463463291653533815e+01,2.187000000000000364e+04,1.933483938581694019e+03,1.993651677023865341e+04,4.828137889489880763e-12,2.254196752730258169e+01,6.690748649501905732e+01
5.781818181818182012e+01,7.727155249000925608e+01,7.438763180354460758e+01,2.187000000000000364e+04,1.938757725869828619e+03,1.993124298295052358e+04,3.859135233597044135e-12,2.254184028301592591e+01,6.669419786965598007e+01
5.794318181818182012e+01,1.343607684574443738e+03,1.516447297108062742e+02,2.199375000000000364e+04,1.944094741595853748e+03,2.004965596723247654e+04,7.976566962497599889e-09,2.254170208000026676e+01,6.648275369270584179e+01
5.806818181818182012e+01,1.289169747078502269e+03,2.403142248662936140e+02,2.211750000000000364e+04,1.949594283926157914e+03,2.016790642490399114e+04,1.820467332436237484e-09,2.254155319306123673e+01,6.627313301749161667e+01
5.819318181818182012e+01,1.421560752164682754e+03,3.181303012834794686e+02,2.224125000000000364e+04,1.955237108331905574e+03,2.028601360049825962e+04,1.588773557159584016e-11,2.254139396072183033e+01,6.606531513044723170e+01
5.831818181818182012e+01,1.533722986856080752e+03,3.829061460515271733e+02,2.236500000000000364e+04,1.961058283504989959e+03,2.040394242609730281e+04,7.721278336703107925e-07,2.254122481348721152e+01,6.585927955135834111e+01
5.844318181818182012e+01,1.486888782720876179e+03,4.242973121059522441e+02,2.248875000000000364e+04,1.967034498859426094e+03,2.052171621076904194e+04,2.617390748582693050e-08,2.254104629694403883e+01,6.565500603337488883e+01
5.856818181818182012e+01,1.540416789985128617e+03,4.603984762703771025e+02,2.261250000000000364e+04,1.973101950810052813e+03,2.063939875881842090e+04,4.504840944719035178e-12,2.254085908783282832e+01,6.545247456281138909e+01
5.869318181818182012e+01,1.534768559016536301e+03,4.935822175713730076e+02,2.273625000000000364e+04,1.979278233533436378e+03,2.075697247609503756e+04,1.506350599811412394e-12,2.254066400279161542e+01,6.525166535874915041e+01
5.881818181818182012e+01,1.452373851880451411e+03,5.094753268905953405e+02,2.286000000000000364e+04,1.985530789439172395e+03,2.087446992021347978e+04,2.417652922304114327e-08,2.254046200007185519e+01,6.505255887245500901e+01
5.894318181818182012e+01,1.491943540529955726e+03,5.253099122275639274e+02,2.298375000000000364e+04,1.991856617685292349e+03,2.099189409196736233e+04,8.952838470577262342e-13,2.254025417552817956e+01,6.485513578662927614e+01
5.906818181818182012e+01,1.453467422530486601e+03,5.282644430604898389e+02,2.310750000000000364e+04,1.998243922489580427e+03,2.110925678716324182e+04,1.663948978603002615e-10,2.254004175405898280e+01,6.465937701449585973e+01
5.919318181818182012e+01,1.448778673242305331e+03,5.360493922236532853e+02,2.323125000000000364e+04,2.004674507805488020e+03,2.122657623189943115e+04,3.005209819662013615e-05,2.253982607771146007e+01,6.446526369874668205e+01
5.931818181818182012e+01,1.445805536849575219e+03,5.506834833357345360e+02,2.335500000000000364e+04,2.011151503869812814e+03,2.134384924409721134e+04,8.262106007350666914e-06,2.253960859170088682e+01,6.427277721035169122e+01
5.944318181818182012e+01,1.427223770584008662e+03,5.544634239262768460e+02,2.347875000000000364e+04,2.017678951981582259e+03,2.146107179598604853e+04,6.060361101845046505e-10,2.253939082912377501e+01,6.408189914724582081e+01
5.956818181818182012e+01,1.426040010087447172e+03,5.528598380842671531e+02,2.360250000000000364e+04,2.024245295724677817e+03,2.157825545224297821e+04,2.624744865897810087e-11,2.253917439504379772e+01,6.389261133290293060e+01
5.969318181818182012e+01,1.434991688877545130e+03,5.616784847476177447e+02,2.372625000000000364e+04,2.030856732979226081e+03,2.169539405454375083e+04,3.955531929022981785e-05,2.253896095062729188e+01,6.370489581480671148e+01
5.981818181818182012e+01,1.426427369090270076e+03,5.763660500781790006e+02,2.385000000000000364e+04,2.037527785023866954e+03,2.181247303579091749e+04,3.329180802325026889e-05,2.253875219773945204e+01,6.351873486282762826e+01
5.994318181818182012e+01,1.409668781287057072e+03,5.833341861586177401e+02,2.397375000000000364e+04,2.044242055670482387e+03,2.192950876514432093e+04,1.828937001846497878e-11,2.253854986418309991e+01,6.333411096751496672e+01
6.006818181818182012e+01,1.454256223460213278e+03,5.888509924697787028e+02,2.409750000000000364e+04,2.051020415874566424e+03,2.204648041052861299e+04,5.588375429965708463e-06,2.253835568992606397e+01,6.315100683831192896e+01
6.019318181818182012e+01,1.447047579058573547e+03,5.903156334523959003e+02,2.422125000000000364e+04,2.057843109519132213e+03,2.216340771688408859e+04,4.183675628155469894e-11,2.253817141446620553e+01,6.296940540170127321e+01
6.031818181818182012e+01,1.431142991439108300e+03,5.936472507094781577e+02,2.434500000000000364e+04,2.064685700191178057e+03,2.228031512621203728e+04,-5.940137270954437554e-12,2.253799876535361335e+01,6.278928979928919318e+01
6.044318181818182012e+01,1.441408450542534638e+03,6.070778357003418932e+02,2.446875000000000364e+04,2.071595426431554188e+03,2.239715542930907395e+04,2.933741322408423002e-05,2.253783944802802353e+01,6.261064338583402389e+01
6.056818181818182012e+01,1.449866010916056211e+03,6.061783056979015782e+02,2.459250000000000364e+04,2.078569969233686152e+03,2.251393088660665308e+04,9.971010683784697903e-08,2.253769513686297543e+01,6.243344972722608333e+01
6.069318181818182012e+01,1.475908035505283578e+03,6.044032179191951855e+02,2.471625000000000364e+04,2.085602318423985707e+03,2.263064853859254436e+04,1.176190551177569432e-06,2.253756746744913997e+01,6.225769259842525116e+01
6.081818181818182012e+01,1.445154449893962237e+03,5.948844970543603949e+02,2.484000000000000364e+04,2.092672828007244789e+03,2.274732802900934985e+04,6.447464784287149087e-11,2.253745803005604031e+01,6.208335598136135047e+01
6.094318181818182012e+01,1.434600202337239580e+03,5.921365948567106443e+02,2.496375000000000364e+04,2.099756920617870492e+03,2.286399393639872142e+04,-2.501110429875552654e-12,2.253736836412510058e+01,6.191042406280347166e+01
6.106818181818182012e+01,1.446747947273438285e+03,6.017397746258636744e+02,2.508750000000000364e+04,2.106897425424642734e+03,2.298060346265824410e+04,3.106629587534825987e-05,2.253729995380619755e+01,6.173888123220317681e+01
6.119318181818182012e+01,1.465123487087013928e+03,6.038361144522441464e+02,2.521125000000000364e+04,2.114099158972097484e+03,2.309715172939847980e+04,2.876902840398543049e-07,2.253725422435408987e+01,6.156871207951652991e+01
6.131818181818182012e+01,1.464571145650123526e+03,6.035015543216341030e+02,2.533500000000000364e+04,2.121348774741987654e+03,2.321365211429689589e+04,6.683062707679710002e-07,2.253723253930598247e+01,6.139990139301031036e+01
6.144318181818182012e+01,1.454363474378252477e+03,5.960520813831275291e+02,2.545875000000000364e+04,2.128633320477282723e+03,2.333011756856161082e+04,1.107025582314236090e-11,2.253723619835352565e+01,6.123243415705653803e+01
6.156818181818182012e+01,1.439878867241963690e+03,6.038149340964035900e+02,2.558250000000000364e+04,2.135940245385639628e+03,2.344656064365326893e+04,1.655564574321033433e-11,2.253726643578024991e+01,6.106629554992033349e+01
6.169318181818182012e+01,1.456808469491714504e+03,6.149405621550082515e+02,2.570625000000000364e+04,2.143314047441071125e+03,2.356293684220232535e+04,6.044878659849928226e-07,2.253732441944770670e+01,6.090147094154547602e+01
6.181818181818182012e+01,1.515341177765063321e+03,6.208277801396243376e+02,2.583000000000000364e+04,2.150748456177953358e+03,2.367925243381390828e+04,3.484642689954853267e-07,2.253741125025235448e+01,6.073794589134222122e+01
6.194318181818182012e+01,1.536397658200306068e+03,6.202598086763048286e+02,2.595375000000000364e+04,2.158246936373661811e+03,2.379550395361839765e+04,1.994635567825753242e-10,2.253752796208251041e+01,6.057570614598153469e+01
6.206818181818182012e+01,1.458345957716000157e+03,6.140805481956166432e+02,2.607750000000000364e+04,2.165772478585330191e+03,2.391172841140676246e+04,3.143441063002683222e-11,2.253767552215490255e+01,6.041473763720055246e+01
6.219318181818182012e+01,1.458703149049452122e+03,6.272899123706981754e+02,2.620125000000000364e+04,2.173313340682742819e+03,2.402793754930935756e+04,6.380673767125699669e-12,2.253785483162259240e+01,6.025502647962306924e+01
6.231818181818182012e+01,1.458188915698995515e+03,6.390387188521031021e+02,2.632500000000000364e+04,2.180920618527041370e+03,2.414408027155750096e+04,9.244236309768893989e-08,2.253806672646692277e+01,6.009655896859977986e+01
6.244318181818182012e+01,1.443158402406963205e+03,6.393770919344607364e+02,2.644875000000000364e+04,2.188579226836792259e+03,2.426017166324775098e+04,8.384404281969182193e-13,2.253831197855961932e+01,5.993932157807213201e+01
6.256818181818182012e+01,1.494989332094993870e+03,6.380391237945834746e+02,2.657250000000000364e+04,2.196299593654052842e+03,2.437620129643052132e+04,2.954436695290496573e-11,2.253859129693896080e+01,5.978330095846430936e+01
6.269318181818182012e+01,1.582266468566607955e+03,6.289009061037932042e+02,2.669625000000000364e+04,2.204069505176372786e+03,2.449218138490822457e+04,2.246736130473436788e-11,2.253890532929927204e+01,5.962848393460721752e+01
6.281818181818182012e+01,1.487482799088720640e+03,6.312458960797396230e+02,2.682000000000000364e+04,2.211866082067667776e+03,2.460813480801724654e+04,3.163904693792574108e-10,2.253925466364680119e+01,5.947485750369889956e+01
6.294318181818182012e+01,1.491286721031462548e+03,6.373742087856496710e+02,2.694375000000000364e+04,2.219710774439811757e+03,2.472404011740132410e+04,1.756221564619409037e-06,2.253963983005507998e+01,5.980963262636133493e+01
6.306818181818182012e+01,1.498969307998266004e+03,6.352528506526442698e+02,2.706750000000000364e+04,2.227601972066285271e+03,2.483989896926527581e+04,4.949042529744929197e-05,2.254006130244064821e+01,6.086868952286853585e+01
6.319318181818182012e+01,1.548852042322750776e+03,6.334659421817667635e+02,2.719125000000000364e+04,2.235557279353569811e+03,2.495569366197837735e+04,3.855262775687151588e-10,2.254051950041571573e+01,6.191513957089811271e+01
6.331818181818182012e+01,1.494646823018327723e+03,6.290595323403155135e+02,2.731500000000000364e+04,2.243539860675050932e+03,2.507146108065691806e+04,2.142996891052462161e-11,2.254101479120311424e+01,6.294824779520421032e+01
6.344318181818182012e+01,1.493789419682407470e+03,6.389732454097966183e+02,2.743875000000000364e+04,2.251555406527160358e+03,2.518719556745363661e+04,3.264882703035709710e-05,2.254154749159574678e+01,6.396735442680340356e+01
6.356818181818182012e+01,1.497443958458302859e+03,6.468988335325966545e+02,2.756250000000000364e+04,2.259613840423949569e+03,2.530288713355685832e+04,9.805489753489382565e-12,2.254211786998098077e+01,6.497187678968639091e+01
6.369318181818182012e+01,1.481220605514411545e+03,6.458911608094521171e+02,2.768625000000000364e+04,2.267709785495541837e+03,2.541854118852424654e+04,3.898131240021029953e-08,2.254272614832603949e+01,6.596130519545002358e+01
6.381818181818182012e+01,1.500320673520213177e+03,6.438645351669817956e+02,2.781000000000000364e+04,2.275860913724196052e+03,2.553414006483894264e+04,4.543351479924240266e-06,2.254337250411757054e+01,6.693519552852571053e+01
6.394318181818182012e+01,1.487997432571649369e+03,6.451782762924010513e+02,2.793375000000000364e+04,2.284051858739277122e+03,2.564969912096894041e+04,1.145078982744962559e-06,2.254405707227752842e+01,6.789316501868015052e+01
6.406818181818181301e+01,1.493505289007504871e+03,6.570662767846746419e+02,2.805750000000000364e+04,2.292295702335632996e+03,2.576520527761743142e+04,2.448453813030937454e-07,2.254477994707102795e+01,6.883488775934986847e+01
6.419318181818181301e+01,1.487368710608440779e+03,6.647530486362098827e+02,2.818125000000000364e+04,2.300576283765495191e+03,2.588067469909222200e+04,2.904653030100234901e-06,2.254554118390607798e+01,6.976008685621188476e+01
6.431818181818181301e+01,1.541071265031805751e+03,6.702159561644946280e+02,2.830500000000000364e+04,2.308923736273381110e+03,2.599607724658593361e+04,1.596546894688799512e-09,2.254634080109063987e+01,7.066853024642918513e+01
6.444318181818181301e+01,1.549902187150909413e+03,6.642819027378075134e+02,2.842875000000000364e+04,2.317311846645277456e+03,2.611143913621509637e+04,1.059248688761726953e-09,2.254717878159879518e+01,7.156002771956393360e+01
6.456818181818181301e+01,1.489998548829270248e+03,6.474394504240526658e+02,2.855250000000000364e+04,2.325722544928952175e+03,2.622677843793145803e+04,3.790034952544374391e-11,2.254805507480144300e+01,7.243442623674157232e+01
6.469318181818181301e+01,1.513086508314410366e+03,6.593869746562639875e+02,2.867625000000000364e+04,2.334172535980391785e+03,2.634207844765248956e+04,7.724716795109998202e-07,2.254896959823272340e+01,7.329160844497711480e+01
6.481818181818181301e+01,1.479526456329470648e+03,6.616118258121510962e+02,2.880000000000000364e+04,2.342674991566952940e+03,2.645732599206592931e+04,1.449507180950604379e-12,2.254992223928907080e+01,7.413148971908765361e+01
6.494318181818181301e+01,1.519567086257552774e+03,6.591216274034812841e+02,2.892375000000000364e+04,2.351224426421631961e+03,2.657252655721125484e+04,2.927436071331612766e-12,2.255091285689625735e+01,7.495401743496232427e+01
6.506818181818181301e+01,1.557396455296022168e+03,6.504861684177592451e+02,2.904750000000000364e+04,2.359818373053818505e+03,2.668768261061565499e+04,3.658689706753648352e-08,2.255194128314007074e+01,7.575916973514242159e+01
6.519318181818181301e+01,1.501021164594202901e+03,6.420598344142478027e+02,2.917125000000000364e+04,2.368441959983648303e+03,2.680280902368586976e+04,4.442313183972146362e-11,2.255300732482132986e+01,7.654695223479632205e+01
6.531818181818181301e+01,1.522076641980128215e+03,6.552866362721961195e+02,2.929500000000000364e+04,2.377095734617038943e+03,2.691790524954026478e+04,4.877849590911864652e-07,2.255411076495588674e+01,7.731739602159004221e+01
6.544318181818181301e+01,1.512478297744935844e+03,6.575598255036948103e+02,2.941875000000000364e+04,2.385793785739768737e+03,2.703295719878952877e+04,3.719931527257358539e-07,2.255525136416976650e+01,7.807055545769956950e+01
6.556818181818181301e+01,1.530242729847763258e+03,6.581037840361198050e+02,2.954250000000000364e+04,2.394562688940646240e+03,2.714793829558866855e+04,1.824673745431937277e-11,2.255642886204853781e+01,7.880650685613350959e+01
6.569318181818181301e+01,1.517141622823732177e+03,6.552828544274775595e+02,2.966625000000000364e+04,2.403364660033601467e+03,2.726288632450039950e+04,4.687109367296216078e-09,2.255764297843757049e+01,7.952534613542674435e+01
6.581818181818181301e+01,1.519423134809092289e+03,6.699044619455943348e+02,2.979000000000000364e+04,2.412188387957851774e+03,2.737781262129700917e+04,2.472085903093557135e-05,2.255889341470024689e+01,8.022718581275982785e+01
6.594318181818181301e+01,1.515806945837811782e+03,6.790922856174190656e+02,2.991375000000000364e+04,2.421051538646450808e+03,2.749269948027207647e+04,9.663666077130983467e-06,2.256017985498291978e+01,8.091215246817914419e+01
6.606818181818181301e+01,1.505872054775571769e+03,6.800796698831770755e+02,3.003750000000000364e+04,2.429956139197508492e+03,2.760754487987614993e+04,1.551328949744856800e-07,2.256150196741862146e+01,8.158038493307928718e+01
6.619318181818181301e+01,1.553673945136403972e+03,6.776010173420584124e+02,3.016125000000000364e+04,2.438919442879684084e+03,2.772233157619415942e+04,1.851248043749365024e-10,2.256285940530706569e+01,8.223203346150056348e+01
6.631818181818181301e+01,1.542079737495894278e+03,6.692776223015189316e+02,3.028500000000000364e+04,2.447910437733798517e+03,2.783709058133688450e+04,-3.160323558404343203e-09,2.256425180827230648e+01,8.286725852322554431e+01
6.644318181818181301e+01,1.525984466403778470e+03,6.672805642800027499e+02,3.040875000000000364e+04,2.456942357270199409e+03,2.795180866252851774e+04,7.280351326244272059e-07,2.256567880341027177e+01,8.348622976678912266e+01
6.656818181818181301e+01,1.516875596223635966e+03,6.739206352398636000e+02,3.053250000000000364e+04,2.466027926464141274e+03,2.806647309524431694e+04,1.909740134919957200e-06,2.256714000643123796e+01,8.408912571410155579e+01
6.669318181818181301e+01,1.504555961272659033e+03,6.756313516610159695e+02,3.065625000000000364e+04,2.475152699718475105e+03,2.818109832449632086e+04,2.506336315377666324e-06,2.256863502266729071e+01,8.467613323286535376e+01
6.681818181818181301e+01,1.557430634071385384e+03,6.756914969823967567e+02,3.078000000000000364e+04,2.484340989183742295e+03,2.829566004009015160e+04,5.059097773596477055e-06,2.257016344804759811e+01,8.524744725333057715e+01
6.694318181818181301e+01,1.535746640363243387e+03,6.631198845412365017e+02,3.090375000000000364e+04,2.493563430640951992e+03,2.841018759864977983e+04,1.683963546383893117e-08,2.257172487001289340e+01,8.580327028018882629e+01
6.706818181818181301e+01,1.526976735584275048e+03,6.719977450997067763e+02,3.102750000000000364e+04,2.502806809796762536e+03,2.852469425321618473e+04,3.372221473796344071e-05,2.257331886838880664e+01,8.643716020304850645e+01
6.719318181818181301e+01,1.551907871766095695e+03,6.811219251876556200e+02,3.115125000000000364e+04,2.512091101912411887e+03,2.863915996206536147e+04,9.648264693851160700e-07,2.257494501626680261e+01,8.736711672541169094e+01
6.731818181818181301e+01,1.498307137958765225e+03,6.809746548271109532e+02,3.127500000000000364e+04,2.521418708284828881e+03,2.875358235569378303e+04,8.376730420422973111e-10,2.257660288079859612e+01,8.828135352935258595e+01
6.744318181818181301e+01,1.535805207850962006e+03,6.769129792671687937e+02,3.139875000000000364e+04,2.530796545008040994e+03,2.886795451897065141e+04,8.218137281801318750e-11,2.257829202391931034e+01,8.917958169754058417e+01
6.756818181818181301e+01,1.524307391658531742e+03,6.772642286700489649e+02,3.152250000000000364e+04,2.540237484161754310e+03,2.898226357982705667e+04,1.011963490782363806e-08,2.258001200305629652e+01,9.006153201232855565e+01
6.769318181818181301e+01,1.546971362085674173e+03,6.949487057471169464e+02,3.164625000000000364e+04,2.549730958532542900e+03,2.909652011796419902e+04,1.250792975326930900e-05,2.258176237181558221e+01,9.092695920845785906e+01
6.781818181818181301e+01,1.566093575786272595e+03,7.042934640626111786e+02,3.177000000000000364e+04,2.559254337589837178e+03,2.921074674562699875e+04,6.720094944512311486e-06,2.258354268057568603e+01,9.177564450434330467e+01
6.794318181818181301e+01,1.585889892848461841e+03,7.072382346409615366e+02,3.189375000000000364e+04,2.568803893505048563e+03,2.932494719034630180e+04,6.345145209252223140e-07,2.258535247710950244e+01,9.260740174012018144e+01
6.806818181818181301e+01,1.531769735994937946e+03,7.000979168107953683e+02,3.201750000000000364e+04,2.578394083846369995e+03,2.943910700000503493e+04,5.368860911403317004e-11,2.258719130722685975e+01,9.342208152468774074e+01
6.819318181818181301e+01,1.512917204462802601e+03,7.204397199877441835e+02,3.214125000000000364e+04,2.588063147312098408e+03,2.955318793653931061e+04,4.121147867408581078e-12,2.258905871542356536e+01,9.421957303029380171e+01
6.831818181818181301e+01,1.538670081050619729e+03,7.423438163351329422e+02,3.226500000000000364e+04,2.597773604869374140e+03,2.966722747898203670e+04,3.041122909053228796e-12,2.259095424557800058e+01,9.555555097948649745e+01
6.844318181818181301e+01,1.532509860951080327e+03,7.471993131985882428e+02,3.238875000000000364e+04,2.607534964147997016e+03,2.978121612007166550e+04,3.682525004933268065e-07,2.259287744161480305e+01,9.689005798242767753e+01
6.856818181818181301e+01,1.552956152743037592e+03,7.459705741672321437e+02,3.251250000000000364e+04,2.617411263284526740e+03,2.989508982093515806e+04,2.371791651967214420e-11,2.259482784813214806e+01,9.821335215297570187e+01
6.869318181818181301e+01,1.569010608527485829e+03,7.687335447152574943e+02,3.263625000000000364e+04,2.627469402323354643e+03,3.000878168361242206e+04,1.716090537229320034e-06,2.259680501098459615e+01,9.952464923203116598e+01
6.872727272727273373e+01,1.605085868606009399e+03,7.773925079807374914e+02,3.267000000000001455e+04,2.630225319903864147e+03,3.003977576632816999e+04,2.962446998822088062e-07,2.259734621627877260e+01,9.988109200460127113e+01
6.885227272727273373e+01,1.310335903694255194e+03,6.898764420950506064e+02,3.267000000000001455e+04,2.640078308758575531e+03,3.002992278017109493e+04,2.697635647308516127e-06,2.259935681435420207e+01,1.011754707410514271e+02
6.897727272727273373e+01,9.947779150134016390e+02,6.067679116115373290e+02,3.267000000000001455e+04,2.649345896303581867e+03,3.002065519262609450e+04,6.572520305780926719e-12,2.260139313270971329e+01,1.024537145645021923e+02
6.910227272727273373e+01,8.030875875796541550e+02,5.353774636879691116e+02,3.267000000000001455e+04,2.658303174271310127e+03,3.001169791465839808e+04,3.024069883394986391e-11,2.260345470073577090e+01,1.037118244901500930e+02
6.922727272727273373e+01,6.699982981405590863e+02,4.762536484772193148e+02,3.267000000000001455e+04,2.667081056742980309e+03,3.000292003218677564e+04,4.733635705633787438e-11,2.260554102548264410e+01,1.049444604580770743e+02
6.935227272727273373e+01,5.726375257606796367e+02,4.283005263804137144e+02,3.267000000000001455e+04,2.675740626577797229e+03,2.999426046235198010e+04,2.124522779922699556e-11,2.260765158009996867e+01,1.061452799571754468e+02
6.947727272727273373e+01,5.003805665750734875e+02,3.898168316471563912e+02,3.267000000000001455e+04,2.684316080255458928e+03,2.998568500867431794e+04,1.044497821567347273e-12,2.260978579188453708e+01,1.073073888013464625e+02
6.960227272727273373e+01,4.459913753399628149e+02,3.589905152556529515e+02,3.267000000000001455e+04,2.692828083790358960e+03,2.997717304365889504e+04,3.851947861122084760e-05,2.261194303088179680e+01,1.084238073941091614e+02
6.972727272727273373e+01,4.054182171533383325e+02,3.335846822961575526e+02,3.267000000000001455e+04,2.701289861684410425e+03,2.996871127858248656e+04,1.281764177107902469e-05,2.261412259980251349e+01,1.094878864849244451e+02
6.985227272727273373e+01,3.742131335613765373e+02,3.124378920969746787e+02,3.267000000000001455e+04,2.709710315663147867e+03,2.996029083037694363e+04,5.773194059699449099e-06,2.261632372580042016e+01,1.104936376617382194e+02
6.997727272727273373e+01,3.518576375861849215e+02,2.946443185840141155e+02,3.267000000000001455e+04,2.718095718607672552e+03,2.995190543112107480e+04,3.688655942468699322e-06,2.261854555444238812e+01,1.114359665691647905e+02
7.010227272727273373e+01,3.348114374880935316e+02,2.794976647448856966e+02,3.267000000000001455e+04,2.726450682479547595e+03,2.994355046975144069e+04,2.502242200108639736e-06,2.262078714601142337e+01,1.123108118799038522e+02
7.022727272727273373e+01,3.205800384861480552e+02,2.664544667590332665e+02,3.267000000000001455e+04,2.734778739392963871e+03,2.993522241461190424e+04,1.773878581801113796e-06,2.262304747411451800e+01,1.131151948090509194e+02
7.035227272727273373e+01,3.084090205995755696e+02,2.550984250702103395e+02,3.267000000000001455e+04,2.743082687389895909e+03,2.992691846791291027e+04,1.297937618716105135e-06,2.262532542647313605e+01,1.138472136021247394e+02
7.047727272727273373e+01,2.982708475191608954e+02,2.451099463324767953e+02,3.267000000000001455e+04,2.751364802870045878e+03,2.991863635340684414e+04,9.740834379101670493e-07,2.262761980767712799e+01,1.145059852383183312e+02
7.060227272727273373e+01,2.889119805898538402e+02,2.364722632703658292e+02,3.267000000000001455e+04,2.759626977278706818e+03,2.991037417974398704e+04,7.458027422302393461e-07,2.262992934362132758e+01,1.150915489132597713e+02
7.072727272727273373e+01,2.803159591170756357e+02,2.287468290706441678e+02,3.267000000000001455e+04,2.767870809043600275e+03,2.990213034855853039e+04,5.794354258625844523e-07,2.263225268733250317e+01,1.156047519509864685e+02
7.085227272727273373e+01,2.724361770619929644e+02,2.217456051815729836e+02,3.267000000000001455e+04,2.776097667950919458e+03,2.989390349010775026e+04,4.565403859402294984e-07,2.263458842589177422e+01,1.160471260954551269e+02
7.097727272727273373e+01,2.651840824324468144e+02,2.153625188691218000e+02,3.267000000000001455e+04,2.784308741192592606e+03,2.988569241722979132e+04,3.637136298806353807e-07,2.263693508816471933e+01,1.164207637093019940e+02
7.110227272727273373e+01,2.585738723506984797e+02,2.095119960845364915e+02,3.267000000000001455e+04,2.792505067685335234e+03,2.987749609102897375e+04,2.919235608800363480e-07,2.263929115306874351e+01,1.167281983286017777e+02
7.122727272727273373e+01,2.523324384555162680e+02,2.041236731748582542e+02,3.267000000000001455e+04,2.800687564144559929e+03,2.986931359480561150e+04,2.358643236277657707e-07,2.264165505814355939e+01,1.169722996458082775e+02
7.135227272727273373e+01,2.464351035406454002e+02,1.991390820671014410e+02,3.267000000000001455e+04,2.808857045308605393e+03,2.986114411383170591e+04,1.901409039106738419e-07,2.264402520822727638e+01,1.171561794949201243e+02
7.147727272727273373e+01,2.408578249407800058e+02,1.945096553977573706e+02,3.267000000000001455e+04,2.817014240002308725e+03,2.985298691929209599e+04,1.540932217380941438e-07,2.264639998405979071e+01,1.172831059219929273e+02
7.160227272727273373e+01,2.355777000850964100e+02,1.902168606887896090e+02,3.267000000000001455e+04,2.825159803742824806e+03,2.984484135567642443e+04,1.248425878230818853e-07,2.264877775067025212e+01,1.173564319889199794e+02
7.172727272727273373e+01,2.305732464800391881e+02,1.862811969248726882e+02,3.267000000000001455e+04,2.833294329088486847e+03,2.983670683043154349e+04,1.007805945363315914e-07,2.265115686543229145e+01,1.173795369464993286e+02
7.185227272727273373e+01,2.258245372383857443e+02,1.825798378010714202e+02,3.267000000000001455e+04,2.841418354156830901e+03,2.982858280544402078e+04,8.082010616305979056e-08,2.265353568570074216e+01,1.173557777022160735e+02
7.197727272727273373e+01,2.213296082818778245e+02,1.790908367926366509e+02,3.267000000000001455e+04,2.849532369604436099e+03,2.982046879006124436e+04,6.482934900020609348e-08,2.265591257596756947e+01,1.172884507116901318e+02
7.210227272727273373e+01,2.170643878432725558e+02,1.757951146612058153e+02,3.267000000000001455e+04,2.857636824301031993e+03,2.981236433541565202e+04,5.100455346962462500e-08,2.265828591449383822e+01,1.171807619876951065e+02
7.222727272727273373e+01,2.130008372678642559e+02,1.726760089509522231e+02,3.267000000000001455e+04,2.865732130479452280e+03,2.980426902927558695e+04,3.835559780895891890e-08,2.266065409939013620e+01,1.170358041110868044e+02
7.235227272727273373e+01,2.091255191063979737e+02,1.697190119211226431e+02,3.267000000000001455e+04,2.873818667903383357e+03,2.979618249187976107e+04,2.810542554243511404e-08,2.266301555413295432e+01,1.168565393708048390e+02
7.247727272727273373e+01,2.054262632970904292e+02,1.669113515891124848e+02,3.267000000000001455e+04,2.881896787173543089e+03,2.978810437262872438e+04,1.912289882000095531e-08,2.266536873251712692e+01,1.166457886204329952e+02
7.260227272727273373e+01,2.018922506607735841e+02,1.642412749639907190e+02,3.267000000000001455e+04,2.889966812745149127e+03,2.978003434706960252e+04,1.248361947148168838e-08,2.266771212305363647e+01,1.164062245952933949e+02
7.272727272727273373e+01,1.985145883404505298e+02,1.616985176783766747e+02,3.267000000000001455e+04,2.898029045476464489e+03,2.977197211434721248e+04,8.924544658839295153e-09,2.267004425282918589e+01,1.161403687806658667e+02
7.285227272727273373e+01,1.952856366003779272e+02,1.592738536064246659e+02,3.267000000000001455e+04,2.906083764546447583e+03,2.976391739528480321e+04,7.574735505500029831e-09,2.267236369084930558e+01,1.158505910590093038e+02
7.297727272727273373e+01,1.921942676629222717e+02,1.570044813661438070e+02,3.267000000000001455e+04,2.914131229030542272e+03,2.975586993080733009e+04,6.620197723350429442e-09,2.267466905089076334e+01,1.155391115024641238e+02
7.310227272727273373e+01,1.892303585448287890e+02,1.548324575764260658e+02,3.267000000000001455e+04,2.922171679580163072e+03,2.974782948026351369e+04,5.805151914728412521e-09,2.267695899389172709e+01,1.152080038035400946e+02
7.322727272727273373e+01,1.863851113636682157e+02,1.527508617699999434e+02,3.267000000000001455e+04,2.930205340039166003e+03,2.973979581980961666e+04,5.106800315957116254e-09,2.267923222990983234e+01,1.148591999342874033e+02
7.335227272727273373e+01,1.836507432463103271e+02,1.507538999715608270e+02,3.267000000000001455e+04,2.938232418898182914e+03,2.973176874095510721e+04,4.507368700501501735e-09,2.268148751967929755e+01,1.144944957005883452e+02
7.347727272727273373e+01,1.810202819788469810e+02,1.488362617807066499e+02,3.267000000000001455e+04,2.946253110594570444e+03,2.972374804926270735e+04,3.988922969710984034e-09,2.268372367579836535e+01,1.141155569194862665e+02
7.360227272727273373e+01,1.784874247931958280e+02,1.469930745806806840e+02,3.267000000000001455e+04,2.954267596675183086e+03,2.971573356318563310e+04,3.539231130389453028e-09,2.268593956357813823e+01,1.137239259974812313e+02
7.372727272727273373e+01,1.760464359784681392e+02,1.452198611238744661e+02,3.267000000000001455e+04,2.962276046838419461e+03,2.970772511302554267e+04,3.147555105442734202e-09,2.268813410158314170e+01,1.133210287292242526e+02
7.385227272727273373e+01,1.736920692695189530e+02,1.435125010061844080e+02,3.267000000000001455e+04,2.970278619870328839e+03,2.969972253999644090e+04,2.807928112247282115e-09,2.269030626189293187e+01,1.129081811710270955e+02
7.397727272727273373e+01,1.714195067506200587e+02,1.418671960418045046e+02,3.267000000000001455e+04,2.978275464487753197e+03,2.969172569538152675e+04,2.510225804996935040e-09,2.269245507011280694e+01,1.124865964734224946e+02
7.410227272727273373e+01,1.692243092769541022e+02,1.402804393145162862e+02,3.267000000000001455e+04,2.986266720099750273e+03,2.968373443977177885e+04,2.248685682104678563e-09,2.269457960516024997e+01,1.120573915825132616e+02
7.422727272727273373e+01,1.671023752807172684e+02,1.387489875858419737e+02,3.267000000000001455e+04,2.994252517497025110e+03,2.967574864237652218e+04,2.019094225147455290e-09,2.269667899885218176e+01,1.116215937415909281e+02
7.435227272727273373e+01,1.650499059169240184e+02,1.372698367153155061e+02,3.267000000000001455e+04,3.002232979477765639e+03,2.966776818039759746e+04,1.815518402281668386e-09,2.269875243531650710e+01,1.111801467428716848e+02
7.447727272727273373e+01,1.630633751586246092e+02,1.358401997572794926e+02,3.267000000000001455e+04,3.010208221417145978e+03,2.965979293845985376e+04,1.637187274639018142e-09,2.270079915024981787e+01,1.107339168945178045e+02
7.460227272727273373e+01,1.611597135998626698e+02,1.344574874232813784e+02,3.267000000000001455e+04,3.018178351786785242e+03,2.965182280809169242e+04,1.479105726787111053e-09,2.270281843004144307e+01,1.102836986806939024e+02
7.472727272727273373e+01,1.593221408130530961e+02,1.331192906296608385e+02,3.267000000000001455e+04,3.026143472629628377e+03,2.964385768725018715e+04,1.337800092926499929e-09,2.270480961078252946e+01,1.098302201025625351e+02
7.485227272727273373e+01,1.575386365114406431e+02,1.318233648813535694e+02,3.267000000000001455e+04,3.034103679995002949e+03,2.963589747988602539e+04,1.212533184968833666e-09,2.270677207717719881e+01,1.093741476961626944e+02
7.497727272727273373e+01,1.558067922895205015e+02,1.305676162728458678e+02,3.267000000000001455e+04,3.042059064338003282e+03,2.962794209554412737e+04,1.100593394198767783e-09,2.270870526137141709e+01,1.089160912293410775e+02
7.510227272727273373e+01,1.541243437322001455e+02,1.293500889145774124e+02,3.267000000000001455e+04,3.050009710886838093e+03,2.961999144899629391e+04,1.000105775972315314e-09,2.271060864171375115e+01,1.084566080846070406e+02
7.522727272727273373e+01,1.524891594719090335e+02,1.281689536174927468e+02,3.267000000000001455e+04,3.057955699981333510e+03,2.961204545990271072e+04,9.117826493820757605e-10,2.271248174146089127e+01,1.079962073382180279e+02
7.535227272727273373e+01,1.508992312795132875e+02,1.270224976898966958e+02,3.267000000000001455e+04,3.065897107385397248e+03,2.960410405249947871e+04,8.307479149038954347e-10,2.271432412743954998e+01,1.075353535482104377e+02
7.547727272727273373e+01,1.493526650670845015e+02,1.259177910764613415e+02,3.267000000000001455e+04,3.073834004575925974e+03,2.959616715530970760e+04,7.591252071392773360e-10,2.271613540867517500e+01,1.070744702656724456e+02
7.560227272727273373e+01,1.478476726989806309e+02,1.248483333883547601e+02,3.267000000000001455e+04,3.081766459010346352e+03,2.958823470087597889e+04,6.931921703312582395e-10,2.271791523499685539e+01,1.066139432844849040e+02
7.572727272727273373e+01,1.463825645224908953e+02,1.238080485751079607e+02,3.267000000000001455e+04,3.089694534374738851e+03,2.958030662551222122e+04,6.342979474993626354e-10,2.271966329562674503e+01,1.061541236451826933e+02
7.585227272727273373e+01,1.449557425413747467e+02,1.227956822365610492e+02,3.267000000000001455e+04,3.097618290814275497e+03,2.957238286907326619e+04,5.828271198993206781e-10,2.272137931776145692e+01,1.056953304086280951e+02
7.597727272727273373e+01,1.435656941656189929e+02,1.218100515207712533e+02,3.267000000000001455e+04,3.105537785147513659e+03,2.956446337474056418e+04,5.345048847971156647e-10,2.272306306515197960e+01,1.052378532149428452e+02
7.610227272727273373e+01,1.422109864791071345e+02,1.208500400956621945e+02,3.267000000000001455e+04,3.113453071065926451e+03,2.955654808882264479e+04,4.920712726175224816e-10,2.272471433668794560e+01,1.047819546426921278e+02
7.622727272727273373e+01,1.408902609739669174e+02,1.199145935404052068e+02,3.267000000000001455e+04,3.121364199319908494e+03,2.954863696056911431e+04,4.512248352739334223e-10,2.272633296499129330e+01,1.043278723827165635e+02
7.635227272727273373e+01,1.396022287063940439e+02,1.190027151158178356e+02,3.267000000000001455e+04,3.129271217892363893e+03,2.954072994199707318e+04,4.158184907510076300e-10,2.272791881502378075e+01,1.038758212403159007e+02
7.647727272727273373e+01,1.383456658339258638e+02,1.181134618775563183e+02,3.267000000000001455e+04,3.137174172160878243e+03,2.953282698772894219e+04,3.842615114990621805e-10,2.272947178271219570e+01,1.034259949787389559e+02
7.660227272727273373e+01,1.371194094986106506e+02,1.172459410998449556e+02,3.267000000000001455e+04,3.145073105049374590e+03,2.952492805484079872e+04,3.535927106668168562e-10,2.273099179359454780e+01,1.029785680161563022e+02
7.672727272727273373e+01,1.359223540243999366e+02,1.163993069809369985e+02,3.267000000000001455e+04,3.152968057170069187e+03,2.951703310272043018e+04,3.271782844649351318e-10,2.273247880149010669e+01,1.025336969875099840e+02
7.685227272727273373e+01,1.347534474004753235e+02,1.155727576045732690e+02,3.267000000000001455e+04,3.160859066956465540e+03,2.950914209293433669e+04,3.033902018501066777e-10,2.273393278719562716e+01,1.020915221818608387e+02
7.697727272727273373e+01,1.336116880251871351e+02,1.147655321343769117e+02,3.267000000000001455e+04,3.168746170788053860e+03,2.950125498910302849e+04,2.804485532692524430e-10,2.273535375720980412e+01,1.016521688651019844e+02
7.710227272727273373e+01,1.324961216878835444e+02,1.139769082205005617e+02,3.267000000000001455e+04,3.176629403107326652e+03,2.949337175678401763e+04,2.607283278166505625e-10,2.273674174248757396e+01,1.012157484971857855e+02
7.722727272727273373e+01,1.314058387682061380e+02,1.132061995999466433e+02,3.267000000000001455e+04,3.184508796529666142e+03,2.948549236336192189e+04,2.422515521516288572e-10,2.273809679722560517e+01,1.007823598523235660e+02
7.735227272727273373e+01,1.303399716344550257e+02,1.124527538738252304e+02,3.267000000000001455e+04,3.192384381946608300e+03,2.947761677794520438e+04,2.243698560278062359e-10,2.273941899768000496e+01,1.003520900499681119e+02
7.747727272727273373e+01,1.292976922244243099e+02,1.117159504464756594e+02,3.267000000000001455e+04,3.200256188622945501e+03,2.946974497126907590e+04,2.090319028980047733e-10,2.274070844101706967e+01,9.992501550377910746e+01
7.760227272727273373e+01,1.282782097937057983e+02,1.109951986128323256e+02,3.267000000000001455e+04,3.208124244288092996e+03,2.946187691560412350e+04,1.946380834283445438e-10,2.274196524419761900e+01,9.950120279520139377e+01
7.772727272727273373e+01,1.272807688178789078e+02,1.102899357817284454e+02,3.267000000000001455e+04,3.215988575222109830e+03,2.945401258467028674e+04,1.801661042577507033e-10,2.274318954289531192e+01,9.908070947775495085e+01
7.785227272727273373e+01,1.263046470362744031e+02,1.095996258239876795e+02,3.267000000000001455e+04,3.223849206336724365e+03,2.944615195355584001e+04,1.679367755968996789e-10,2.274438149044913260e+01,9.866358481764288513e+01
7.797727272727273373e+01,1.253491536261313684e+02,1.089237575352008491e+02,3.267000000000001455e+04,3.231706161251703179e+03,2.943829499864101672e+04,1.565751972520956770e-10,2.274554125685009254e+01,9.824987047582769151e+01
7.810227272727273373e+01,1.244136274969819311e+02,1.082618432040034406e+02,3.267000000000001455e+04,3.239559462366855769e+03,2.943044169752601010e+04,1.467848065317411965e-10,2.274666902776206001e+01,9.783960113630480748e+01
7.822727272727273373e+01,1.234974356960090205e+02,1.076134172775216058e+02,3.267000000000001455e+04,3.247409130929962430e+03,2.942259202896304123e+04,1.364659496516651416e-10,2.274776500357650733e+01,9.743280508491450576e+01
7.835227272727273373e+01,1.225999719159393351e+02,1.069780351163830687e+02,3.267000000000001455e+04,3.255255187100878175e+03,2.941474597279225418e+04,1.272697502940900449e-10,2.274882939850087737e+01,9.702950474267562697e+01
7.847727272727273373e+01,1.217206550977703046e+02,1.063552718323766868e+02,3.267000000000001455e+04,3.263097650012054601e+03,2.940690350988119826e+04,1.191757803553628037e-10,2.274986243968014676e+01,9.662971715729597122e+01
7.860227272727273373e+01,1.208589281212928341e+02,1.057447212024475078e+02,3.267000000000001455e+04,3.270936537825699361e+03,2.939906462206766446e+04,1.120401549314919976e-10,2.275086436635113074e+01,9.623345445621328054e+01
7.872727272727273373e+01,1.200142565769702827e+02,1.051459946532538368e+02,3.267000000000001455e+04,3.278771867787778319e+03,2.939122929210569055e+04,1.049267339681136946e-10,2.275183542902898992e+01,9.584072426424289404e+01
7.885227272727273373e+01,1.191861276132750476e+02,1.045587203110156196e+02,3.267000000000001455e+04,3.286603656279052757e+03,2.938339750361451661e+04,9.942890955016991938e-11,2.275277588872532775e+01,9.545153008865484878e+01
7.897727272727273373e+01,1.183740488540741183e+02,1.039825421118267172e+02,3.267000000000001455e+04,3.294431918863325791e+03,2.937556924103033452e+04,9.216805096912139561e-11,2.275368601619726050e+01,9.506587167427070995e+01
7.910227272727273373e+01,1.175775473810988956e+02,1.034171189680021996e+02,3.267000000000001455e+04,3.302256670333066268e+03,2.936774448956068227e+04,8.633094239485217258e-11,2.275456609122674578e+01,9.468374533095639833e+01
7.922727272727273373e+01,1.167961687769367529e+02,1.028621239864062886e+02,3.267000000000001455e+04,3.310077924752559738e+03,2.935992323514127202e+04,8.184919408904534066e-11,2.275541640192951220e+01,9.430514423569309201e+01
7.935227272727273373e+01,1.160294762243480733e+02,1.023172437350299617e+02,3.267000000000001455e+04,3.317895695498733858e+03,2.935210546439517566e+04,7.618883302029644256e-11,2.275623724409281223e+01,9.393005871122836936e+01
7.947727272727273373e+01,1.152770496580449873e+02,1.017821775544009455e+02,3.267000000000001455e+04,3.325709995299789625e+03,2.934429116459419311e+04,7.218137199060947751e-11,2.275702892054126636e+01,9.355847648314666287e+01
7.960227272727273373e+01,1.145384849653715378e+02,1.012566369106683908e+02,3.267000000000001455e+04,3.333520836271761254e+03,2.933648032362229060e+04,6.825651155395462411e-11,2.275779174053002762e+01,9.319038291704784172e+01
7.972727272727273373e+01,1.138133932326004754e+02,1.007403447874659150e+02,3.267000000000001455e+04,3.341328229953127448e+03,2.932867292994098898e+04,6.322942169845191529e-11,2.275852601916450269e+01,9.282576123738554941e+01
7.985227272727273373e+01,1.131014000338147980e+02,1.002330351138814848e+02,3.267000000000001455e+04,3.349132187337577307e+03,2.932086897255660006e+04,5.954259307827669545e-11,2.275923207684583716e+01,9.246459272939084428e+01
7.997727272727273373e+01,1.124021447595716126e+02,9.973445222606810034e+01,3.267000000000001455e+04,3.356932718905036381e+03,2.931306844098919828e+04,5.607336817092800629e-11,2.275991023874139429e+01,9.210685692539212255e+01
8.010227272727273373e+01,1.117152799827575507e+02,9.924435036022097734e+01,3.267000000000001455e+04,3.364729834651049259e+03,2.930527132524323679e+04,5.309264139441438601e-11,2.276056083427944543e+01,9.175253177673577909e+01
8.022727272727273373e+01,1.110404708592365353e+02,9.876249317482127310e+01,3.267000000000001455e+04,3.372523544114606466e+03,2.929747761577973142e+04,5.120170953887281939e-11,2.276118419666729409e+01,9.140159381241680592e+01
8.035227272727273373e+01,1.103773945610682858e+02,9.828865330020175861e+01,3.267000000000001455e+04,3.380313856404501621e+03,2.928968730348988538e+04,4.818456744715149398e-11,2.276178066243207354e+01,9.105401828543831755e+01
8.047727272727273373e+01,1.097257397402374863e+02,9.782261191363818398e+01,3.267000000000001455e+04,3.388100780224298887e+03,2.928190037967013268e+04,4.515676721439376706e-11,2.276235057098344683e+01,9.070977930783911347e+01
8.060227272727273373e+01,1.090852060209824543e+02,9.736415833830747601e+01,3.267000000000001455e+04,3.395884323895984835e+03,2.927411683599848766e+04,4.255351626625270001e-11,2.276289426419747386e+01,9.036884997525322660e+01
8.072727272727273373e+01,1.084555035189489161e+02,9.691308966456213625e+01,3.267000000000001455e+04,3.403664495382374298e+03,2.926633666451213867e+04,4.008438025948635186e-11,2.276341208602088884e+01,9.003120248179730822e+01
8.085227272727273373e+01,1.078363523855194046e+02,9.646921039210050708e+01,3.267000000000001455e+04,3.411441302308336162e+03,2.925855985758621318e+04,3.798827918899405631e-11,2.276390438209508460e+01,8.969680822601903003e+01
8.097727272727273373e+01,1.072274823757857121e+02,9.603233209170214479e+01,3.267000000000001455e+04,3.419214751980904566e+03,2.925078640791367798e+04,3.509637025445044856e-11,2.276437149939908267e+01,8.936563790858225786e+01
8.110227272727273373e+01,1.066286324387374265e+02,9.560227308530063794e+01,3.267000000000001455e+04,3.426984851408330087e+03,2.924301630848628702e+04,3.397637726720859064e-11,2.276481378591077842e+01,8.903766162231208625e+01
8.122727272727273373e+01,1.060395503283373415e+02,9.517885814324495186e+01,3.267000000000001455e+04,3.434751607318127299e+03,2.923524955257652255e+04,3.289546413043353823e-11,2.276523159028580778e+01,8.871284893517376702e+01
8.135227272727273373e+01,1.054599922342472240e+02,9.476191819769093172e+01,3.267000000000001455e+04,3.442515026174174182e+03,2.922748613372050750e+04,3.013767013726464938e-11,2.276562526155335675e+01,8.839116896671603740e+01
8.147727272727273373e+01,1.048897224310484120e+02,9.435129007113657451e+01,3.267000000000001455e+04,3.450275114192907949e+03,2.921972604570180192e+04,2.793321129956893856e-11,2.276599514882826014e+01,8.807259045846774370e+01
8.160227272727273373e+01,1.043285129448811688e+02,9.394681621916862468e+01,3.267000000000001455e+04,3.458031877358666407e+03,2.921196928253607257e+04,2.809485977195436135e-11,2.276634160103875715e+01,8.775708183873871349e+01
8.172727272727273373e+01,1.037761432364968073e+02,9.354834448657815926e+01,3.267000000000001455e+04,3.465785321438220308e+03,2.920421583845654459e+04,2.692157607953049592e-11,2.276666496666931394e+01,8.744461128224277502e+01
8.185227272727273373e+01,1.032323998997838572e+02,9.315572787603188942e+01,3.267000000000001455e+04,3.473535451994533560e+03,2.919646570790025726e+04,2.541256094445998315e-11,2.276696559351788451e+01,8.713514676492702904e+01
8.197727272727273373e+01,1.026970763748897753e+02,9.276882432856736216e+01,3.267000000000001455e+04,3.481282274399796279e+03,2.918871888549501818e+04,2.363975681873853318e-11,2.276724382846703421e+01,8.682865611436380959e+01
8.210227272727273373e+01,1.021699726751175206e+02,9.238749651520481621e+01,3.267000000000001455e+04,3.489025793847762543e+03,2.918097536604707420e+04,2.270450494279430131e-11,2.276750001726840011e+01,8.652510705603393149e+01
8.222727272727273373e+01,1.016508951268281749e+02,9.201161163903320528e+01,3.267000000000001455e+04,3.496766015365433759e+03,2.917323514452942618e+04,2.156497203031904064e-11,2.276773450433987733e+01,8.622446725580537930e+01
8.235227272727273373e+01,1.011396561216299972e+02,9.164104124716382671e+01,3.267000000000001455e+04,3.504502943824114936e+03,2.916549821607076592e+04,2.071498528266602079e-11,2.276794763257506560e+01,8.592670435888871339e+01
8.247727272727273373e+01,1.006360738801794810e+02,9.127566105197983859e+01,3.267000000000001455e+04,3.512236583949879332e+03,2.915776457594502062e+04,1.926458992329571629e-11,2.276813974316441858e+01,8.563178602552912366e+01
8.260227272727273373e+01,1.001399722269628114e+02,9.091535076115827962e+01,3.267000000000001455e+04,3.519966940333471484e+03,2.915003421956144666e+04,1.852473729968551197e-11,2.276831117542762684e+01,8.533967996367626085e+01
8.272727272727273373e+01,9.965118037546403684e+01,9.055999391596357384e+01,3.267000000000001455e+04,3.527694017439673644e+03,2.914230714245526178e+04,1.822986206434507039e-11,2.276846226665674777e+01,8.505035395885413152e+01
8.285227272727273373e+01,9.916953272316445123e+01,9.020947773735123576e+01,3.267000000000001455e+04,3.535417819616166526e+03,2.913458334027878664e+04,1.681677019860217115e-11,2.276859335196960998e+01,8.476377590143808050e+01
8.297727272727273373e+01,9.869486865584980251e+01,8.986369297944284540e+01,3.267000000000001455e+04,3.543138351101907119e+03,2.912686280879306287e+04,1.633271295986560290e-11,2.276870476417305511e+01,8.447991381152918677e+01
8.310227272727273373e+01,9.822703236073517985e+01,8.952253378996988431e+01,3.267000000000001455e+04,3.550855616035049479e+03,2.911914554385993688e+04,1.498001722666231217e-11,2.276879683363558016e+01,8.419873586160362322e+01
8.322727272727273373e+01,9.776587264794581245e+01,8.918589757730126166e+01,3.267000000000001455e+04,3.558569618460429410e+03,2.911143154143457286e+04,1.468603016974157072e-11,2.276886988816897883e+01,8.392021039710084551e+01
8.335227272727273373e+01,9.731124277992016403e+01,8.885368488369570628e+01,3.267000000000001455e+04,3.566280362336636244e+03,2.910372079755838058e+04,1.356248446882091230e-11,2.276892425291854138e+01,8.364430595510248168e+01
8.347727272727273373e+01,9.686300030832688890e+01,8.852709643040667231e+01,3.267000000000001455e+04,3.573987851542692169e+03,2.909601330835233966e+04,1.359357071351041668e-11,2.276896025026148251e+01,8.337099128124300762e+01
8.360227272727273373e+01,9.642100691811164381e+01,8.820581662035689874e+01,3.267000000000001455e+04,3.581692089884359120e+03,2.908830907001068408e+04,1.311661890213144943e-11,2.276897819971316395e+01,8.310023534498274955e+01
8.372727272727273373e+01,9.598512827831153515e+01,8.788853608685957397e+01,3.267000000000001455e+04,3.589393081100090512e+03,2.908060807879496497e+04,1.231992285966043710e-11,2.276897841784078835e+01,8.283200735336453135e+01
8.385227272727273373e+01,9.555523389929673783e+01,8.757517334221749650e+01,3.267000000000001455e+04,3.597090828866646007e+03,2.907291033102841902e+04,1.128785953596889158e-11,2.276896121818422714e+01,8.256627676336630373e+01
8.397727272727273373e+01,9.513119699611729629e+01,8.726564917576075686e+01,3.267000000000001455e+04,3.604785336804388407e+03,2.906521582309068617e+04,1.098321433801174862e-11,2.276892691118360190e+01,8.230301329295393487e+01
8.410227272727273373e+01,9.471289435765261544e+01,8.695988657342989825e+01,3.267000000000001455e+04,3.612476608482274514e+03,2.905752455141281098e+04,1.086508660819163197e-11,2.276887580411335676e+01,8.204218693093123704e+01
8.422727272727273373e+01,9.430020622127696583e+01,8.665781064075416396e+01,3.267000000000001455e+04,3.620164647422557664e+03,2.904983651247253874e+04,1.046718267616597586e-11,2.276880820102246261e+01,8.178376794567668640e+01
8.435227272727273373e+01,9.389301615277165070e+01,8.635934852905965897e+01,3.267000000000001455e+04,3.627849457105216516e+03,2.904215170278988808e+04,9.658940314238861902e-12,2.276872440268049758e+01,8.152772689285070840e+01
8.447727272727273373e+01,9.349121093122877824e+01,8.606442936475377792e+01,3.267000000000001455e+04,3.635531040972124174e+03,2.903447011892298906e+04,9.128697797677887138e-12,2.276862470652928394e+01,8.127403462215029606e+01
8.460227272727273373e+01,9.309468043870569431e+01,8.577298418153445425e+01,3.267000000000001455e+04,3.643209402430967657e+03,2.902679175746415422e+04,8.877343304902751697e-12,2.276850940663984346e+01,8.102266228318359254e+01
8.472727272727273373e+01,9.270331755440238908e+01,8.548494585538904289e+01,3.267000000000001455e+04,3.650884544858934078e+03,2.901911661503619689e+04,8.411937812979886075e-12,2.276837879367436912e+01,8.077358133053056122e+01
8.485227272727273373e+01,9.231701805314742160e+01,8.520024904225087425e+01,3.267000000000001455e+04,3.658556471606172181e+03,2.901144468828896788e+04,8.832934383917745436e-12,2.276823315485298949e+01,8.052676352805227111e+01
8.497727272727273373e+01,9.193568050798765512e+01,8.491883011818336513e+01,3.267000000000001455e+04,3.666225185999042878e+03,2.900377597389610673e+04,7.801759238645900041e-12,2.276807277392507700e+01,8.028218095250603881e+01
8.510227272727273373e+01,9.155920619669038274e+01,8.464062712198088434e+01,3.267000000000001455e+04,3.673890691343167873e+03,2.899611046855198947e+04,7.438494264988548821e-12,2.276789793114485505e+01,8.003980599652010142e+01
8.522727272727273373e+01,9.118749901197479346e+01,8.436557970006643359e+01,3.267000000000001455e+04,3.681552990926286839e+03,2.898844816896887642e+04,7.251088618431822397e-12,2.276770890325110841e+01,7.979961137097754431e+01
8.535227272727273373e+01,9.082046537530037256e+01,8.409362905358638329e+01,3.267000000000001455e+04,3.689212088020934516e+03,2.898078907187423465e+04,7.106315536020701984e-12,2.276750596345074840e+01,7.956157010685571151e+01
8.547727272727273373e+01,9.045801415404864088e+01,8.382471788759832521e+01,3.267000000000001455e+04,3.696867985886942279e+03,2.897313317400823144e+04,6.466827073836611817e-12,2.276728938140604086e+01,7.932565555656387346e+01
8.560227272727273373e+01,9.010005658194346267e+01,8.355879036225468326e+01,3.267000000000001455e+04,3.704520687773780082e+03,2.896548047212139863e+04,6.521005957438319456e-12,2.276705942322533005e+01,7.909184139481932618e+01
8.572727272727273373e+01,8.974650618256279699e+01,8.329579204589532537e+01,3.267000000000001455e+04,3.712170196922740161e+03,2.895783096297244629e+04,6.115108419635362225e-12,2.276681635145701676e+01,7.886010161909871385e+01
8.585227272727273373e+01,8.939727869580227093e+01,8.303566986996136734e+01,3.267000000000001455e+04,3.719816516568974293e+03,2.895018464332621807e+04,6.475708858033613069e-12,2.276656042508664513e+01,7.863041054969919230e+01
8.597727272727273373e+01,8.905229200715884019e+01,8.277837208564648108e+01,3.267000000000001455e+04,3.727459649943391923e+03,2.894254150995180680e+04,5.693223670277802739e-12,2.276629189953693100e+01,7.840274282944140793e+01
8.610227272727273373e+01,8.871146607970889875e+01,8.252384822221111449e+01,3.267000000000001455e+04,3.735099600274425029e+03,2.893490155962077915e+04,5.135447622706124093e-12,2.276601102667053311e+01,7.817707342304416329e+01
8.622727272727273373e+01,8.837472288866166537e+01,8.227204904688549902e+01,3.267000000000001455e+04,3.742736370789667490e+03,2.892726478910554215e+04,4.764189043271471746e-12,2.276571805479543897e+01,7.795337761619801142e+01
8.635227272727273373e+01,8.804221356116867980e+01,8.202292652628702285e+01,3.267000000000001455e+04,3.750369964717395305e+03,2.891963119517781888e+04,4.970246436641900800e-12,2.276541322867280570e+01,7.773163101436423972e+01
8.647727272727273373e+01,8.771369606972329791e+01,8.177643378929215601e+01,3.267000000000001455e+04,3.758000385287973586e+03,2.891200077460724424e+04,4.557243471481342567e-12,2.276509678952709592e+01,7.751180954132223633e+01
8.660227272727273373e+01,8.738901674610261239e+01,8.153252509129694658e+01,3.267000000000001455e+04,3.765627635735157128e+03,2.890437352416006615e+04,4.409805853811121779e-12,2.276476897505840213e+01,7.729388943748806184e+01
8.672727272727273373e+01,8.706810597876574320e+01,8.129115577980087437e+01,3.267000000000001455e+04,3.773251719297288673e+03,2.889674944059793779e+04,4.457767488474928541e-12,2.276443001945678546e+01,7.707784725802460457e+01
8.685227272727273373e+01,1.337973541359624278e+03,1.520706639707946124e+02,3.279375000000001455e+04,3.780938158450661376e+03,2.901281300145179193e+04,7.225068543448287528e-09,2.276408016026782377e+01,7.686365987076320039e+01
8.697727272727273373e+01,1.268544552643487350e+03,2.408055637484993667e+02,3.291750000000001455e+04,3.788783311888895696e+03,2.912871784801586546e+04,2.307345425833773334e-09,2.276371965429899547e+01,7.665130445395560344e+01
8.710227272727273373e+01,1.423498917886225399e+03,3.265556444903303372e+02,3.304125000000001455e+04,3.796760441118112340e+03,2.924449071878666655e+04,1.836042429204098880e-11,2.276334879963258118e+01,7.644075849387324695e+01
8.722727272727273373e+01,1.515362744123774291e+03,3.892611687308259434e+02,3.316500000000001455e+04,3.804906791151809102e+03,2.936009438177887205e+04,1.302590113994028798e-05,2.276296795939024165e+01,7.623199978226934093e+01
8.735227272727273373e+01,1.481699856512350607e+03,4.309445428265007649e+02,3.328875000000001455e+04,3.813193983172742719e+03,2.947555718979291487e+04,3.497645195693621645e-08,2.276257758337051129e+01,7.602500641371779011e+01
8.747727272727273373e+01,1.545051142597304533e+03,4.664128974412615776e+02,3.341250000000001455e+04,3.821577193307627113e+03,2.959092397965803320e+04,3.566924533515702933e-12,2.276217822507910782e+01,7.581975678284149467e+01
8.760227272727273373e+01,1.506381382079663808e+03,4.951885727735034948e+02,3.353625000000001455e+04,3.830077400478326126e+03,2.970617377248733828e+04,3.680611371237318963e-12,2.276177055306876085e+01,7.561622958144174333e+01
8.772727272727273373e+01,1.455784013721062365e+03,5.112204825477506347e+02,3.366000000000001455e+04,3.838655608951015893e+03,2.982134556401465306e+04,3.566924533515702933e-12,2.276135535639355112e+01,7.541440379553935713e+01
8.785227272727273373e+01,1.472302731160961230e+03,5.254861466079936463e+02,3.378375000000001455e+04,3.847314518685373969e+03,2.993643669153567680e+04,3.725538235244130192e-05,2.276093354482314268e+01,7.521425870233771604e+01
8.797727272727273373e+01,1.466787862778866383e+03,5.305165206621101106e+02,3.390750000000001455e+04,3.856041417314730552e+03,3.005145980113331098e+04,8.226991994320087542e-06,2.276050614471860456e+01,7.501577386711676354e+01
8.810227272727273373e+01,1.442029498693911819e+03,5.419710869872238845e+02,3.403125000000001455e+04,3.864818899407358458e+03,3.016643232076187996e+04,1.721197548931741039e-06,2.276007429154161699e+01,7.481892914006732553e+01
8.822727272727273373e+01,1.444105924613399111e+03,5.558806993743000930e+02,3.415500000000001455e+04,3.873639252172006309e+03,3.028136197982498561e+04,1.182775444874550885e-05,2.275963921998884842e+01,7.462370465307304812e+01
8.835227272727273373e+01,1.407084936247692440e+03,5.582822038617553062e+02,3.427875000000001455e+04,3.882512234698742304e+03,3.039623899729826735e+04,1.612932010175427422e-11,2.275920225244585282e+01,7.443008081644828167e+01
8.847727272727273373e+01,1.421523952658899589e+03,5.545979069871784759e+02,3.440250000000001455e+04,3.891423637169391441e+03,3.051107759482762049e+04,3.012701199622824788e-12,2.275876478640606138e+01,7.423803831563859035e+01
8.860227272727273373e+01,1.436250664809850605e+03,5.539240590903101520e+02,3.452625000000001455e+04,3.900386242465787745e+03,3.062586498953122282e+04,5.684341886080801487e-14,2.275832828145267328e+01,7.404755810789077941e+01
8.872727272727273373e+01,1.459172626644946604e+03,5.604707567165538649e+02,3.465000000000001455e+04,3.909405667145424559e+03,3.074059557084031621e+04,5.988730379158369033e-06,2.275789424627301827e+01,7.385862141889836607e+01
8.885227272727273373e+01,1.424764059764027934e+03,5.694166610232692847e+02,3.477375000000001455e+04,3.918470714127254723e+03,3.085528052385864794e+04,1.599573806743137538e-10,2.275746422590203366e+01,7.367120973942824946e+01
8.897727272727273373e+01,1.467763558959807142e+03,5.770930234465992044e+02,3.489750000000001455e+04,3.927593131665646524e+03,3.096990810632025750e+04,2.813749233609996736e-12,2.275703978949243123e+01,7.348530482193388025e+01
8.910227272727273373e+01,1.463989918125896111e+03,5.758873154524015945e+02,3.502125000000001455e+04,3.936772243397736929e+03,3.108447899458818574e+04,1.955413608811795712e-11,2.275662251881420417e+01,7.330088867715977585e+01
8.922727272727273373e+01,1.436131971655180223e+03,5.799203968909046125e+02,3.514500000000001455e+04,3.945984948885915401e+03,3.119901628910001455e+04,8.256506589532364160e-12,2.275621399758994556e+01,7.311794357074197137e+01
8.935227272727273373e+01,1.452385424938767983e+03,5.954076016410060674e+02,3.526875000000001455e+04,3.955253106622860287e+03,3.131349813136306693e+04,-1.577404873387422413e-12,2.275581580183518327e+01,7.293645201980844206e+01
8.947727272727273373e+01,1.413746647967610215e+03,5.971990012352720214e+02,3.539250000000001455e+04,3.964584358285294911e+03,3.142791687970063140e+04,7.673861546209082007e-13,2.275542949114592517e+01,7.275639678958344803e+01
8.960227272727273373e+01,1.479622996746819808e+03,5.959726110620645159e+02,3.551625000000001455e+04,3.973970276830410057e+03,3.154228096240602099e+04,1.250504823246956221e-06,2.275505660094102112e+01,7.257776088999938224e+01
8.972727272727273373e+01,1.481349959863820914e+03,5.883089851752714594e+02,3.564000000000001455e+04,3.983394749341427541e+03,3.165660648989505353e+04,4.898481620330130681e-11,2.275469863567156281e+01,7.240052757231907776e+01
8.985227272727273373e+01,1.475956110686527609e+03,5.899748303915729366e+02,3.576375000000001455e+04,3.992864016918824291e+03,3.177088722231768406e+04,2.752642558334628120e-11,2.275435706290295812e+01,7.222468032577198471e+01
8.997727272727273373e+01,1.478340293823307775e+03,6.032829545119719796e+02,3.588750000000001455e+04,4.002381725748655299e+03,3.188511951348785442e+04,2.444267011014744639e-12,2.275403330828133974e+01,7.205020287420653347e+01
9.010227272727273373e+01,1.431203075786749650e+03,6.069919081376651775e+02,3.601125000000001455e+04,4.011963969454275230e+03,3.199928726978223858e+04,4.789058039023075253e-12,2.275372875127363770e+01,7.187707917276136982e+01
9.022727272727273373e+01,1.450012018720871538e+03,6.054497260667345699e+02,3.613500000000001455e+04,4.021596076497011381e+03,3.211340517568972064e+04,1.295021915836969129e-05,2.275344472164639953e+01,7.170529340455775014e+01
9.035227272727273373e+01,1.475859810123432226e+03,6.018225468326396594e+02,3.625875000000001455e+04,4.031258740166715143e+03,3.222749251202003143e+04,1.304556462855543941e-11,2.275318249663576609e+01,7.153482997741498650e+01
9.047727272727273373e+01,1.445890003386571379e+03,6.027120565237186156e+02,3.638250000000001455e+04,4.040936449856703803e+03,3.234156480233004550e+04,3.808509063674136996e-12,2.275294329868961185e+01,7.136567352059103087e+01
9.060227272727273373e+01,1.480358690241178692e+03,6.144698558282318572e+02,3.650625000000001455e+04,4.050674789273251008e+03,3.245557646291350102e+04,4.476419235288631171e-12,2.275272829372277528e+01,7.119780888154966192e+01
9.072727272727273373e+01,1.501075043443419418e+03,6.212781258227548733e+02,3.663000000000001455e+04,4.060472476795162947e+03,3.256952877539158726e+04,1.847411112976260483e-13,2.275253858985996658e+01,7.103122112275582367e+01
9.085227272727273373e+01,1.509587062567005660e+03,6.195183968847437654e+02,3.675375000000001455e+04,4.070321256877448832e+03,3.268342999530930319e+04,3.083755473198834807e-12,2.275237523668367601e+01,7.086589551850074997e+01
9.097727272727273373e+01,1.489876317720330690e+03,6.102914189443428086e+02,3.687750000000001455e+04,4.080197296853297757e+03,3.279730395533348201e+04,2.975752977363299578e-11,2.275223922487245787e+01,7.070181755175771343e+01
9.110227272727273373e+01,1.472569206582674042e+03,6.209441962641192276e+02,3.700125000000001455e+04,4.090079040857302516e+03,3.291117221133106068e+04,1.584496089890308212e-09,2.275213148614805192e+01,7.053897291106972034e+01
9.122727272727273373e+01,1.529316402847722202e+03,6.309693656816936027e+02,3.712500000000001455e+04,4.100019710867857611e+03,3.302498154296977009e+04,1.649262017622277199e-06,2.275205289358338945e+01,7.037734748747008950e+01
9.135227272727273373e+01,1.480053034621108509e+03,6.284559080464695171e+02,3.724875000000001455e+04,4.110012688843873548e+03,3.313873856499374961e+04,-3.055333763768430799e-12,2.275200426215140226e+01,7.021692737143659713e+01
9.147727272727273373e+01,1.590016675740454275e+03,6.286707341094131607e+02,3.737250000000001455e+04,4.120061674847744143e+03,3.325243958644170198e+04,7.451821289805593551e-06,2.275198634959806299e+01,7.005769884988032459e+01
9.160227272727273373e+01,1.486740365367026925e+03,6.158455339737741951e+02,3.749625000000001455e+04,4.130146141380838344e+03,3.336610511993004184e+04,2.143563904155598721e-08,2.275199985755439513e+01,6.989964840316928019e+01
9.172727272727273373e+01,1.472990996739531511e+03,6.259895662790091819e+02,3.762000000000001455e+04,4.140240772601244316e+03,3.347976048872393585e+04,1.430326790341496235e-08,2.275204543280039360e+01,6.974276270218787488e+01
9.185227272727273373e+01,1.455234191257457724e+03,6.329956271922701490e+02,3.774375000000001455e+04,4.150379165526777797e+03,3.359337209579840419e+04,1.236344360222574323e-12,2.275212366865399360e+01,6.958702860543243673e+01
9.197727272727273373e+01,1.482002825179841466e+03,6.333956504426586207e+02,3.786750000000001455e+04,4.160585718757639370e+03,3.370691557806108904e+04,3.549354704546203720e-05,2.275223510641355062e+01,6.943243315614310518e+01
9.210227272727273373e+01,1.546413599819154797e+03,6.378444358580690050e+02,3.799125000000001455e+04,4.170851500523262075e+03,3.382039979631132883e+04,1.586275288900651503e-08,2.275238023690724631e+01,6.927896357947260242e+01
9.222727272727273373e+01,1.485064758278905629e+03,6.330424547768059256e+02,3.811500000000001455e+04,4.181163807009474112e+03,3.393383748982517864e+04,6.470202151831472293e-11,2.275255950209552225e+01,6.912660727969199570e+01
9.235227272727273373e+01,1.510593763800416582e+03,6.405443033931791206e+02,3.823875000000001455e+04,4.191504478369939534e+03,3.404724682103863597e+04,2.573925030446844175e-06,2.275277329671277471e+01,6.897535183743357834e+01
9.247727272727273373e+01,1.493534036303238736e+03,6.479748537693124035e+02,3.836250000000001455e+04,4.201888620271934087e+03,3.416061267913664051e+04,-8.526512829121202230e-13,2.275302196996427284e+01,6.882518500697122477e+01
9.260227272727273373e+01,1.498741178853584188e+03,6.462702670549991808e+02,3.848625000000001455e+04,4.212309757383332908e+03,3.427394154424268345e+04,2.217444759367026563e-06,2.275330582717582573e+01,6.867609471353789274e+01
9.272727272727273373e+01,1.496965000944717531e+03,6.398567929663058749e+02,3.861000000000001455e+04,4.222788538602178050e+03,3.438721276302410843e+04,2.668940624062088318e-10,2.275362513137925546e+01,6.852806905068062804e+01
9.285227272727273373e+01,1.513128623630957918e+03,6.350319708477958329e+02,3.873375000000001455e+04,4.233330461085497518e+03,3.450042084060314664e+04,6.235697469492151868e-08,2.275398010492389034e+01,6.838109627765301468e+01
9.297727272727273373e+01,1.513538740388581346e+03,6.460632731057776255e+02,3.885750000000001455e+04,4.243915502849331460e+03,3.461358579889580142e+04,5.648632850352441892e-08,2.275437093110167908e+01,6.834129433425263755e+01
9.310227272727273373e+01,1.503425997586127778e+03,6.516097864744394883e+02,3.898125000000001455e+04,4.254519849301354952e+03,3.472673145244408806e+04,3.133493464702041820e-10,2.275479775566739704e+01,6.920904561806388244e+01
9.322727272727273373e+01,1.543382277403252374e+03,6.554050403079868374e+02,3.910500000000001455e+04,4.265191963808529181e+03,3.483980933793692384e+04,1.209343736263690516e-11,2.275526068833634241e+01,7.006174800977275652e+01
9.335227272727273373e+01,1.506227296599119654e+03,6.496223496985468273e+02,3.922875000000001455e+04,4.275906604071300535e+03,3.495284469927581813e+04,1.601664521899692772e-06,2.275575980428616418e+01,7.089918771676640574e+01
9.347727272727273373e+01,1.483796130767748764e+03,6.414114992071355346e+02,3.935250000000001455e+04,4.286639014474300893e+03,3.506586228887287871e+04,5.890399279451230541e-11,2.275629514561202527e+01,7.172118905367725006e+01
9.360227272727273373e+01,1.516198629151581827e+03,6.494081597415693068e+02,3.947625000000001455e+04,4.297405331510185533e+03,3.517884597205819591e+04,2.212022138792235637e-07,2.275686672283156398e+01,7.252761149177490552e+01
9.372727272727273373e+01,1.499121528003649928e+03,6.519810408664642409e+02,3.960000000000001455e+04,4.308224579355481183e+03,3.529177672421462921e+04,1.728253096189291682e-09,2.275747451633930751e+01,7.331834704672206726e+01
9.385227272727273373e+01,1.553056886013202075e+03,6.518106925976177308e+02,3.972375000000001455e+04,4.319094404307675177e+03,3.540465689926243795e+04,1.122657522500958294e-12,2.275811847784600417e+01,7.409331818887103793e+01
9.397727272727273373e+01,1.580390822770318664e+03,6.455432903325480538e+02,3.984750000000001455e+04,4.330005048630947385e+03,3.551749625495424698e+04,1.508091429514024640e-08,2.275879853182821932e+01,7.485247628401783970e+01
9.410227272727273373e+01,1.488729733296333279e+03,6.519038581830172916e+02,3.997125000000001455e+04,4.340935999783288935e+03,3.563031530401678901e+04,2.148847215721616521e-07,2.275951457690723245e+01,7.559579958839587732e+01
9.422727272727273373e+01,1.504389559548707211e+03,6.661832917038522055e+02,4.009500000000001455e+04,4.351911862427805318e+03,3.574308944137954677e+04,7.274408631019468885e-09,2.276026648722707790e+01,7.632329158224229104e+01
9.435227272727273373e+01,1.502848697778494625e+03,6.660877797283020527e+02,4.021875000000001455e+04,4.362938499190933726e+03,3.585581280716139008e+04,2.544971607676416170e-06,2.276105411372632403e+01,7.703497901866019504e+01
9.447727272727273373e+01,1.518096117131403844e+03,6.636415145592233102e+02,4.034250000000001455e+04,4.374021395401544396e+03,3.596847991095079487e+04,1.558930762257659808e-11,2.276187728536885402e+01,7.773090980827804231e+01
9.460227272727273373e+01,1.553963307662783564e+03,6.560946779819995527e+02,4.046625000000001455e+04,4.385133172130880666e+03,3.608111813422159321e+04,1.310098696194472723e-10,2.276273581037776594e+01,7.841115112062108494e+01
9.472727272727273373e+01,1.514149543026759375e+03,6.595023124594499677e+02,4.059000000000001455e+04,4.396279595005632473e+03,3.619372171189920482e+04,5.523626214198884554e-07,2.276362947743043463e+01,7.907578764071411115e+01
9.485227272727273373e+01,1.503644053229586916e+03,6.717174256364125995e+02,4.071375000000001455e+04,4.407452091575870327e+03,3.630629921604870469e+04,7.197343308007475571e-07,2.276455805686117628e+01,7.972491998243279454e+01
9.497727272727273373e+01,1.508256705566026994e+03,6.773461513951442612e+02,4.083750000000001455e+04,4.418669514021472423e+03,3.641883179360310896e+04,8.242295734817162156e-12,2.276552130177391575e+01,8.035866325549362443e+01
9.510227272727273373e+01,1.538204678864724883e+03,6.747369210495942298e+02,4.096125000000001455e+04,4.429951461131466203e+03,3.653129984611638065e+04,-3.767344622929158504e-07,2.276651894916389907e+01,8.097714602226125180e+01
9.522727272727273373e+01,1.523048577657379155e+03,6.603158623303185095e+02,4.108500000000001455e+04,4.441244099637205181e+03,3.664375720761223783e+04,1.596617948962375522e-09,2.276755072096264954e+01,8.158050939274379232e+01
9.535227272727273373e+01,1.514150050635494836e+03,6.655284893346645276e+02,4.120875000000001455e+04,4.452551495284395060e+03,3.675619985175754118e+04,3.979249351004909840e-05,2.276861632504552801e+01,8.216890589486952479e+01
9.547727272727273373e+01,1.499728606311682597e+03,6.755888808850837677e+02,4.133250000000001455e+04,4.463921737837516048e+03,3.686857961176170647e+04,2.557287317017653550e-06,2.276971545628241955e+01,8.274249840635995668e+01
9.560227272727273373e+01,1.476693294371291813e+03,6.745767429781777764e+02,4.145625000000001455e+04,4.475333586796111376e+03,3.698091776281653438e+04,1.342651501090585953e-08,2.277084779743563203e+01,8.330145901880293025e+01
9.572727272727273373e+01,1.533902951759034067e+03,6.742330034004658046e+02,4.158000000000001455e+04,4.486796530188616998e+03,3.709320481942405604e+04,2.509636942704673856e-11,2.277201302010615791e+01,8.387036456947353713e+01
9.585227272727273373e+01,1.496402201884644228e+03,6.672328064832097425e+02,4.170375000000001455e+04,4.498280613436335443e+03,3.720547073617802380e+04,1.685862116573844105e-09,2.277321078556720835e+01,8.481082861448547305e+01
9.597727272727273373e+01,1.503980739102311873e+03,6.750596543634392219e+02,4.182750000000001455e+04,4.509792625004986803e+03,3.731770877971790469e+04,5.510853060286535765e-05,2.277444074550555797e+01,8.573789115722495069e+01
9.610227272727273373e+01,1.510358632353882740e+03,6.865364758662508393e+02,4.195125000000001455e+04,4.521367251285016209e+03,3.742988415343788802e+04,9.222844710166100413e-12,2.277570254279299178e+01,8.665122562977447274e+01
9.622727272727273373e+01,1.508663515947389897e+03,6.855791688432668707e+02,4.207500000000001455e+04,4.532980741411607596e+03,3.754202066430032573e+04,9.890308945159631548e-07,2.277699581208579360e+01,8.755052891942736437e+01
9.635227272727273373e+01,1.512777100666378601e+03,6.806490531135734727e+02,4.219875000000001455e+04,4.544641192554327972e+03,3.765411021315764083e+04,3.828404260275419801e-11,2.277832018039233830e+01,8.843552147834375887e+01
9.647727272727273373e+01,1.539128290521753343e+03,6.881130156395677204e+02,4.232250000000001455e+04,4.556351025709089299e+03,3.776615038001601351e+04,1.313216557718988042e-08,2.277967526774218854e+01,8.930594927927995741e+01
9.660227272727273373e+01,1.554453422138646147e+03,6.990995161337773425e+02,4.244625000000001455e+04,4.568122701510202205e+03,3.787812870450228365e+04,2.873860154295471148e-07,2.278106068793703898e+01,9.016158560551436096e+01
9.672727272727273373e+01,1.508607056249619063e+03,7.049783737322493380e+02,4.257000000000001455e+04,4.579923198568876614e+03,3.799007820744367928e+04,6.947686870262259617e-11,2.278247604923415537e+01,9.100223043001797407e+01
9.685227272727273373e+01,1.552931505695233909e+03,7.071482972597253820e+02,4.269375000000001455e+04,4.591759958223252397e+03,3.810199144778930349e+04,3.836930773104541004e-13,2.278392095507403781e+01,9.182771275226765795e+01
9.697727272727273373e+01,1.533077531266298138e+03,6.983127300734413438e+02,4.281750000000001455e+04,4.603652461077377666e+03,3.821384894493517641e+04,-3.737454790098126978e-12,2.278539500485833003e+01,9.263788920717715314e+01
9.710227272727273373e+01,1.530031178190110950e+03,7.196479280125031437e+02,4.294125000000001455e+04,4.615617542501532625e+03,3.832563386542881926e+04,1.917796495831680659e-06,2.278689779469263144e+01,9.343264285960590598e+01
9.722727272727273373e+01,1.595211128660940631e+03,7.409886714560540213e+02,4.306500000000001455e+04,4.627629422293400239e+03,3.843737199089837668e+04,5.261426011315961659e-06,2.278842891821689420e+01,9.421188328079956875e+01
9.735227272727273373e+01,1.541805605210002796e+03,7.433895728898384050e+02,4.318875000000001455e+04,4.639680538827396049e+03,3.854907087437373411e+04,9.354693020213744603e-09,2.278998796726016351e+01,9.497554469033342173e+01
9.747727272727273373e+01,1.548843150017257813e+03,7.409238795191926101e+02,4.331250000000001455e+04,4.651839432627085444e+03,3.866066198057417932e+04,1.365236812489456497e-10,2.279157453242917697e+01,9.572358330319677577e+01
9.760227272727273373e+01,1.558247135642388685e+03,7.557893989788524323e+02,4.343625000000001455e+04,4.664177878545794556e+03,3.877207354270123324e+04,8.045760665709167370e-06,2.279318820372871102e+01,9.645597493538521405e+01
9.763636363636364024e+01,1.595349930951553688e+03,7.642534342063081567e+02,4.347000000000001455e+04,4.667555700447998788e+03,3.880244572085980326e+04,6.077449654640076915e-08,2.279363030196001461e+01,9.665449404271380729e+01
9.776136363636364024e+01,1.294497961192713547e+03,6.853225520229589165e+02,4.347000000000001455e+04,4.679681589125328173e+03,3.879031983515562752e+04,2.973155782015624027e-06,2.279527790989717317e+01,9.736692537086025823e+01
9.788636363636364024e+01,9.824297831518289286e+02,6.062335166711741294e+02,4.347000000000001455e+04,4.691219209321627204e+03,3.877878221495933394e+04,3.803179993155936245e-12,2.279695167701766678e+01,9.806351892715839824e+01
9.801136363636364024e+01,7.940915196862001721e+02,5.362317914915288384e+02,4.347000000000001455e+04,4.702449542811663378e+03,3.876755188146932778e+04,3.320721475574828219e-11,2.279865116385560952e+01,9.874394509842265677e+01
9.813636363636364024e+01,6.635276197929059663e+02,4.783100588278400664e+02,4.347000000000001455e+04,4.713500997974025267e+03,3.875650042630701500e+04,5.125677660089422716e-11,2.280037590315928853e+01,9.940762747931057675e+01
9.826136363636364024e+01,5.680574552927745344e+02,4.301743669588891521e+02,4.347000000000001455e+04,4.724433768604848410e+03,3.874556765567621187e+04,1.845812391820800258e-11,2.280212538910078024e+01,1.002533761751038810e+02
9.838636363636364024e+01,4.971236069403092301e+02,3.912789002903208484e+02,4.347000000000001455e+04,4.735281744679797157e+03,3.873471977726242767e+04,9.766116538223457155e-05,2.280389906669193323e+01,1.013997528716322307e+02
9.851136363636364024e+01,4.435953921059622189e+02,3.601754376683705914e+02,4.347000000000001455e+04,4.746065506458170603e+03,3.872393605195299460e+04,3.646893679132290345e-05,2.280569632203889086e+01,1.025054208742738808e+02
9.863636363636364024e+01,4.036807479896204427e+02,3.345943270847039344e+02,4.347000000000001455e+04,4.756798247554787849e+03,3.871320332259149291e+04,1.173511211582933811e-05,2.280751647393726955e+01,1.035639135611810389e+02
9.876136363636364024e+01,3.732861151635323154e+02,3.133362699495461356e+02,4.347000000000001455e+04,4.767488849225586819e+03,3.870251272653847263e+04,5.617776384525541289e-06,2.280935876716094057e+01,1.045694098007489572e+02
9.888636363636364024e+01,3.495759200996370168e+02,2.954733428705739016e+02,4.347000000000001455e+04,4.778143562976086287e+03,3.869185801640051068e+04,3.612540494302152183e-06,2.281122236766208289e+01,1.055169599092037629e+02
9.901136363636364024e+01,3.327319758428910745e+02,2.802848975344155633e+02,4.347000000000001455e+04,4.788766978712249511e+03,3.868123460312753741e+04,2.463187808388056510e-06,2.281310635977586543e+01,1.064026118324534878e+02
9.913636363636364024e+01,3.201345309951378226e+02,2.672175557100413812e+02,4.347000000000001455e+04,4.799362608435124457e+03,3.867063897515877761e+04,1.754114174801202353e-06,2.281500974541702220e+01,1.072234539186858342e+02
9.926136363636364024e+01,3.090656320547589644e+02,2.560510897717608145e+02,4.347000000000001455e+04,4.809933232781193510e+03,3.866006835210132704e+04,1.288617204053821297e-06,2.281693144516253113e+01,1.079775909505422931e+02
9.938636363636364024e+01,2.988367621447196143e+02,2.464429330204936264e+02,4.347000000000001455e+04,4.820481113527542220e+03,3.864952047232475161e+04,9.697722038737310868e-07,2.281887030103358072e+01,1.086640739857112692e+02
9.951136363636364024e+01,2.893756084001349222e+02,2.378611925411483412e+02,4.347000000000001455e+04,4.831008130265396176e+03,3.863899345633092889e+04,7.440344447218194546e-07,2.282082508078249461e+01,1.092828036512444640e+02
9.963636363636364024e+01,2.809687510496327150e+02,2.301379009450256774e+02,4.347000000000001455e+04,4.841515872104615482e+03,3.862848571507088491e+04,5.791741646277159816e-07,2.282279448344103301e+01,1.098344225064182922e+02
9.976136363636364024e+01,2.734186034825092975e+02,2.231394043045363560e+02,4.347000000000001455e+04,4.852005701479052732e+03,3.861799588615327957e+04,4.568290563611299149e-07,2.282477714587423634e+01,1.103202015269661729e+02
9.988636363636364024e+01,2.662969949125741778e+02,2.167585768860835174e+02,4.347000000000001455e+04,4.862478800054088424e+03,3.860752278794300946e+04,3.647654267524558236e-07,2.282677165008309927e+01,1.107419236747486764e+02
1.000113636363636402e+02,2.595800222940524691e+02,2.109093636691251845e+02,4.347000000000001455e+04,4.872936202670780403e+03,3.859706538561893103e+04,2.926100535205478081e-07,2.282877653101781945e+01,1.111017754784792828e+02
1.001363636363636402e+02,2.532421877364409966e+02,2.055207905991941288e+02,4.347000000000001455e+04,4.883378823161943728e+03,3.858662276536406716e+04,2.363024957929837910e-07,2.283079028468512206e+01,1.114022491337802023e+02
1.002613636363636402e+02,2.472577952374487325e+02,2.005344633427667418e+02,4.347000000000001455e+04,4.893807474309267491e+03,3.857619411440927797e+04,1.925348964704198806e-07,2.283281137636468117e+01,1.116460535745597298e+02
1.003863636363636402e+02,2.416018241632899901e+02,1.959017135300705377e+02,4.347000000000001455e+04,4.904222883439811994e+03,3.856577870543504832e+04,1.563162186357658356e-07,2.283483824875840540e+01,1.118360420147207037e+02
1.005113636363636402e+02,2.362504639276722287e+02,1.915820303039043040e+02,4.347000000000001455e+04,4.914625705219636984e+03,3.855537588378120563e+04,1.259837798528451458e-07,2.283686932994199736e+01,1.119751501169600800e+02
1.006363636363636402e+02,2.311813912695658644e+02,1.875403388794190391e+02,4.347000000000001455e+04,4.925016532056213691e+03,3.854498505704656418e+04,1.019376902888780023e-07,2.283890304101411317e+01,1.120663453570931836e+02
1.007613636363636402e+02,2.263739097783945908e+02,1.837478335469805018e+02,4.347000000000001455e+04,4.935395902418785226e+03,3.853460568676591356e+04,8.192069422818804014e-08,2.284093780335715707e+01,1.121125867557584712e+02
1.008863636363636402e+02,2.218089807444426071e+02,1.801800223986082869e+02,4.347000000000001455e+04,4.945764307707441731e+03,3.852423728154275886e+04,6.550310871489273268e-08,2.284297204544290949e+01,1.121167914862441251e+02
1.010113636363636402e+02,2.174691677168660817e+02,1.768158039515182622e+02,4.347000000000001455e+04,4.956122198072724132e+03,3.851387939122898388e+04,5.150978488188684423e-08,2.284500420913750318e+01,1.120818080275413280e+02
1.011363636363636402e+02,2.133385678738133322e+02,1.736606496538263400e+02,4.347000000000001455e+04,4.966469987209867213e+03,3.850353160213061346e+04,3.877017462627918576e-08,2.284703275547988710e+01,1.120103955296171705e+02
1.012613636363636402e+02,2.094027688469537338e+02,1.707019572793126088e+02,4.347000000000001455e+04,4.976808056574001057e+03,3.849319353279478673e+04,2.830863010672146629e-08,2.284905616992410415e+01,1.119052086066321436e+02
1.013863636363636402e+02,2.056488868823416283e+02,1.678917516393269977e+02,4.347000000000001455e+04,4.987136758710457798e+03,3.848286483067800145e+04,1.967305607308844628e-08,2.285107296704467572e+01,1.117687868598094525e+02
1.015113636363636402e+02,2.020654438484098705e+02,1.652183749603876493e+02,4.347000000000001455e+04,4.997456420184465060e+03,3.847254516921683535e+04,1.283915906924448791e-08,2.285308169471313988e+01,1.116035482588102923e+02
1.016363636363636402e+02,1.986429901206197712e+02,1.626716573850387135e+02,4.347000000000001455e+04,5.007767344126341413e+03,3.846223424528403848e+04,9.078917173610534519e-09,2.285508093776100935e+01,1.114117855422865233e+02
1.017613636363636402e+02,1.953734554036211932e+02,1.602424285195077687e+02,4.347000000000001455e+04,5.018069812180834560e+03,3.845193177723725967e+04,7.717703809362319589e-09,2.285706932114966250e+01,1.111956649894581659e+02
1.018863636363636402e+02,1.922449389265051707e+02,1.579223509012560953e+02,4.347000000000001455e+04,5.028364086036383014e+03,3.844163750338846148e+04,6.751090353418476298e-09,2.285904551267172380e+01,1.109572270369885416e+02
1.020113636363636402e+02,1.892804024566599708e+02,1.557038399905997323e+02,4.347000000000001455e+04,5.038650409074379240e+03,3.843135118035638880e+04,5.925880230961411144e-09,2.286100822521114040e+01,1.106983883265912567e+02
1.021363636363636402e+02,1.864544225793289627e+02,1.535799941112843214e+02,4.347000000000001455e+04,5.048929007967456528e+03,3.842107258146852837e+04,5.218140586293884553e-09,2.286295621859085969e+01,1.104209448505440889e+02
1.022613636363636402e+02,1.837357137700425369e+02,1.515445274881963655e+02,4.347000000000001455e+04,5.059200094118154084e+03,3.841080149532244104e+04,4.608862624877474445e-09,2.286488830103800396e+01,1.101265759236700745e+02
1.023863636363636402e+02,1.811177811694676052e+02,1.495917073495634497e+02,4.347000000000001455e+04,5.069463864945740170e+03,3.840053772449893586e+04,4.082057358800739166e-09,2.286680333029661938e+01,1.098168487582269108e+02
1.025113636363636402e+02,1.785947264794677380e+02,1.477162963566752296e+02,4.347000000000001455e+04,5.079720505037874318e+03,3.839028108441042423e+04,3.626235312026437896e-09,2.286870021441786704e+01,1.094932234568371854e+02
1.026363636363636402e+02,1.761894423967256387e+02,1.459135008343344566e+02,4.347000000000001455e+04,5.089970187183102098e+03,3.838003140226842515e+04,3.229057909948096494e-09,2.287057791225681314e+01,1.091570582708083492e+02
1.027613636363636402e+02,1.738958363710693789e+02,1.441789246903742310e+02,4.347000000000001455e+04,5.100213073298656127e+03,3.836978851615575695e+04,2.882202920773124788e-09,2.287243543370399124e+01,1.088096149986186703e+02
1.028863636363636402e+02,1.716767794515016021e+02,1.425085286167102936e+02,4.347000000000001455e+04,5.110449315266301710e+03,3.835955227419068979e+04,2.577939639536452887e-09,2.287427183967868061e+01,1.084520644230009623e+02
1.030113636363636402e+02,1.695286008662417601e+02,1.408985940506697148e+02,4.347000000000001455e+04,5.120679055687320215e+03,3.834932253377198504e+04,2.312333435838809237e-09,2.287608624190946216e+01,1.080854917055405906e+02
1.031363636363636402e+02,1.674478759667454426e+02,1.393456913572163103e+02,4.347000000000001455e+04,5.130902428566226263e+03,3.833909916089515900e+04,2.076649963100862806e-09,2.287787780252608272e+01,1.077109016753829991e+02
1.032613636363636402e+02,1.654314040830452086e+02,1.378466517199684347e+02,4.347000000000001455e+04,5.141119559931516051e+03,3.832888202953174186e+04,1.870983368235101807e-09,2.287964573348515174e+01,1.073292239637791425e+02
1.033863636363636402e+02,1.634761892105844936e+02,1.363985422752975296e+02,4.347000000000001455e+04,5.151330568400632728e+03,3.831867102106431412e+04,1.687192607846554893e-09,2.288138929585052495e+01,1.069413179489969679e+02
1.035113636363636402e+02,1.615794229881252022e+02,1.349986440759238349e+02,4.347000000000001455e+04,5.161535565695366131e+03,3.830846602377110685e+04,1.524682602394022979e-09,2.288310779894776203e+01,1.065479774868100122e+02
1.036363636363636402e+02,1.597384695686286875e+02,1.336444325217497067e+02,4.347000000000001455e+04,5.171734657113091998e+03,3.829826693235475977e+04,1.379769187792589946e-09,2.288480059941039357e+01,1.061499354105529420e+02
1.037613636363636402e+02,1.579508520826113340e+02,1.323335599431343326e+02,4.347000000000001455e+04,5.181927941958558222e+03,3.828807364751054411e+04,1.251571291049913270e-09,2.288646710013431829e+01,1.057478677918359296e+02
1.038863636363636402e+02,1.562142404615044313e+02,1.310638400643292982e+02,4.347000000000001455e+04,5.192115513940322671e+03,3.827788607552991743e+04,1.137539840101453592e-09,2.288810674915518106e+01,1.053423979586515600e+02
1.040113636363636402e+02,1.545264404369096383e+02,1.298332341120447779e+02,4.347000000000001455e+04,5.202297461535441471e+03,3.826770412793583091e+04,1.035051155895416741e-09,2.288971903846222489e+01,1.049341002720058498e+02
1.041363636363636402e+02,1.528853835667853787e+02,1.286441013332108128e+02,4.347000000000001455e+04,5.212473868325564581e+03,3.825752772114665277e+04,9.427605363043767284e-10,2.289130350276084158e+01,1.045235036655542302e+02
1.042613636363636402e+02,1.512891181657354878e+02,1.275134540118092303e+02,4.347000000000001455e+04,5.222644813307218101e+03,3.824735677616586327e+04,8.601404033470316790e-10,2.289285971819480991e+01,1.041110949552052745e+02
1.043863636363636402e+02,1.497358010364667962e+02,1.264145453586550190e+02,4.347000000000001455e+04,5.232810371178730747e+03,3.823719121829513460e+04,7.859135564558528131e-10,2.289438730103813313e+01,1.036973219274257900e+02
1.045113636363636402e+02,1.482236899149755800e+02,1.253459732819059980e+02,4.347000000000001455e+04,5.242970612605971837e+03,3.822703097686861292e+04,7.186145012383349240e-10,2.289588590636531151e+01,1.032825962161819575e+02
1.046363636363636402e+02,1.467511365543412580e+02,1.243064177375078714e+02,4.347000000000001455e+04,5.253125604468833444e+03,3.821687598500640888e+04,6.577316469247307396e-10,2.289735522670791212e+01,1.028672959791949211e+02
1.047613636363636402e+02,1.453165803819883592e+02,1.232946348133263257e+02,4.347000000000001455e+04,5.263275410090164769e+03,3.820672617938568146e+04,6.037250699364449247e-10,2.289879499070447721e+01,1.024517683845784290e+02
1.048863636363636402e+02,1.439185426735071189e+02,1.223094513207641256e+02,4.347000000000001455e+04,5.273420089448700310e+03,3.819658150002769980e+04,5.569305017161241267e-10,2.290020496174990328e+01,1.020363319190401370e+02
1.050113636363636402e+02,1.425556211929999222e+02,1.213497598431530804e+02,4.347000000000001455e+04,5.283559699377335164e+03,3.818644189009957336e+04,5.107043676844114088e-10,2.290158493664977257e+01,1.016212785287336686e+02
1.051363636363636402e+02,1.412264852557428298e+02,1.204145141959807290e+02,4.347000000000001455e+04,5.293694293747986194e+03,3.817630729572939163e+04,4.704006073552591261e-10,2.290293474428435871e+01,1.012068756036005936e+02
1.052613636363636402e+02,1.399298711739274381e+02,1.195027252590677165e+02,4.347000000000001455e+04,5.303823923644129536e+03,3.816617766583368211e+04,4.336175862817981397e-10,2.290425424428648782e+01,1.007933678156821458e+02
1.053863636363636402e+02,1.386645780505383811e+02,1.186134571452557225e+02,4.347000000000001455e+04,5.313948637522013996e+03,3.815605295195619692e+04,3.995701547410135390e-10,2.290554332573681151e+01,1.003809788214463765e+02
1.055113636363636402e+02,1.374294638901486962e+02,1.177458236740124846e+02,4.347000000000001455e+04,5.324068481361441627e+03,3.814593310811714036e+04,3.680753479784470983e-10,2.290680190587957910e+01,9.996991283769042980e+01
1.056363636363636402e+02,1.362234419986670275e+02,1.168989851217655627e+02,4.347000000000001455e+04,5.334183498806920397e+03,3.813581809067200084e+04,3.411315674384240992e-10,2.290802992886153078e+01,9.956035610006603065e+01
1.057613636363636402e+02,1.350454776469278499e+02,1.160721452237779374e+02,4.347000000000001455e+04,5.344293731299923820e+03,3.812570785817931028e+04,3.155520289510604925e-10,2.290922736449611108e+01,9.915247821274955697e+01
1.058863636363636402e+02,1.338945849755308757e+02,1.152645484049738229e+02,4.347000000000001455e+04,5.354399218202927841e+03,3.811560237127659639e+04,2.928786102529556956e-10,2.291039420705486052e+01,9.874643339725264468e+01
1.060113636363636402e+02,1.327698241205619638e+02,1.144754772194789041e+02,4.347000000000001455e+04,5.364499996915818883e+03,3.810550159256397455e+04,2.719140468343539396e-10,2.291153047408747412e+01,9.834236164785136225e+01
1.061363636363636402e+02,1.316702985418019978e+02,1.137042499806518379e+02,4.347000000000001455e+04,5.374596102985229663e+03,3.809540548649481934e+04,2.524647157997605973e-10,2.291263620527173117e+01,9.794038980060982169e+01
1.062613636363636402e+02,1.305951525367854629e+02,1.129561885262282885e+02,4.347000000000001455e+04,5.384687570207307544e+03,3.808531401927297702e+04,2.331397297439252725e-10,2.291371146129428027e+01,9.754063252248992910e+01
1.063863636363636402e+02,1.295435689256355829e+02,1.122265771605245419e+02,4.347000000000001455e+04,5.394774430724371996e+03,3.807522715875612630e+04,2.168381030287491740e-10,2.291475632276293339e+01,9.714319322657881628e+01
1.065113636363636402e+02,1.285147668930027294e+02,1.115124806119266339e+02,4.347000000000001455e+04,5.404856715115876796e+03,3.806514487436482159e+04,2.034852286669774912e-10,2.291577088915103033e+01,9.674816491902828375e+01
1.066363636363636402e+02,1.275079999746814110e+02,1.108133688725917239e+02,4.347000000000001455e+04,5.414934452484077156e+03,3.805506713699681131e+04,1.890825274131202605e-10,2.291675527777414345e+01,9.635563098288869810e+01
1.067613636363636402e+02,1.265225541776071765e+02,1.101287361787175882e+02,4.347000000000001455e+04,5.425007670534737372e+03,3.804499391894632572e+04,1.760174228593314183e-10,2.291770962279930401e+01,9.596566590363384819e+01
1.068863636363636402e+02,1.255577462229399401e+02,1.094580996479941462e+02,4.347000000000001455e+04,5.435076395653224608e+03,3.803492519382799946e+04,1.634621327184504480e-10,2.291863407428673938e+01,9.557833594081101580e+01
1.070113636363636402e+02,1.246129219028487114e+02,1.088009980069215601e+02,4.347000000000001455e+04,5.445140652976273486e+03,3.802486093650510156e+04,1.526299087117877207e-10,2.291952879726403935e+01,9.519369974991396077e+01
1.071363636363636402e+02,1.236874545424291512e+02,1.081569904012075227e+02,4.347000000000001455e+04,5.455200466459709787e+03,3.801480112302181078e+04,1.444266928274373640e-10,2.292039397083249952e+01,9.481180895826294375e+01
1.072613636363636402e+02,1.227807435589219835e+02,1.075256552830571337e+02,4.347000000000001455e+04,5.465255858942380655e+03,3.800474573053927452e+04,1.327737919609717210e-10,2.292122978730532878e+01,9.443270869838438841e+01
1.073863636363636402e+02,1.218922131110666385e+02,1.069065893696632372e+02,4.347000000000001455e+04,5.475306852206535950e+03,3.799469473727524746e+04,1.258531057146683452e-10,2.292203645137733048e+01,9.405643810211412870e+01
1.075113636363636402e+02,1.210213108320266713e+02,1.062994066677008789e+02,4.347000000000001455e+04,5.485353467034878122e+03,3.798464812244701898e+04,1.172768548940439359e-10,2.292281417932558085e+01,9.368303075839661176e+01
1.076363636363636402e+02,1.201675066398681508e+02,1.057037375590338968e+02,4.347000000000001455e+04,5.495395723264478875e+03,3.797460586621752736e+04,1.098499069485114887e-10,2.292356319824058630e+01,9.331251513752394544e+01
1.077613636363636402e+02,1.193302916200671433e+02,1.051192279432556802e+02,4.347000000000001455e+04,5.505433639837759983e+03,3.796456794964434812e+04,1.029967222621053224e-10,2.292428374528731183e+01,9.294491498434415178e+01
1.078863636363636402e+02,1.185091769749716804e+02,1.045455384330156789e+02,4.347000000000001455e+04,5.515467234850706518e+03,3.795453435463149799e+04,9.753975405146775302e-11,2.292497606699550872e+01,9.258024968277153732e+01
1.080113636363636402e+02,1.177036930355503159e+02,1.039823435984239524e+02,4.347000000000001455e+04,5.525496525598483458e+03,3.794450506388381473e+04,9.084644148060760926e-11,2.292564041857863799e+01,9.221853459375154216e+01
1.081363636363636402e+02,1.169133883311315572e+02,1.034293312571106327e+02,4.347000000000001455e+04,5.535521528618598495e+03,3.793448006086378155e+04,8.570921750106208492e-11,2.292627706328073245e+01,9.185978136866428656e+01
1.082613636363636402e+02,1.161378287131757503e+02,1.028862018067859481e+02,4.347000000000001455e+04,5.545542259731765625e+03,3.792445932975069445e+04,8.058975708991056308e-11,2.292688627175049731e+01,9.150399823999835291e+01
1.083863636363636402e+02,1.153765965294296905e+02,1.023526675973907203e+02,4.347000000000001455e+04,5.555558734080586873e+03,3.791444285540194687e+04,7.637446231001376873e-11,2.292746832144192126e+01,9.115119029098332248e+01
1.085113636363636402e+02,1.146292898450943483e+02,1.018284523401572841e+02,4.347000000000001455e+04,5.565570966166189464e+03,3.790443062331641704e+04,7.087841424890939379e-11,2.292802349604066947e+01,9.080135970574004034e+01
1.086363636363636402e+02,1.138955217078945168e+02,1.013132905510893238e+02,4.347000000000001455e+04,5.575578969882925776e+03,3.789442261959974712e+04,6.701306176637444878e-11,2.292855208491551977e+01,9.045450600138690334e+01
1.087613636363636402e+02,1.131749194541725672e+02,1.008069270265816613e+02,4.347000000000001455e+04,5.585582758551248844e+03,3.788441883093148499e+04,6.320988177321851254e-11,2.292905438259409934e+01,9.011062624342994809e+01
1.088863636363636402e+02,1.124671240533442216e+02,1.003091163490426965e+02,4.347000000000001455e+04,5.595582344948861646e+03,3.787441924453392858e+04,5.838529659740743227e-11,2.292953068826219365e+01,8.976971524566285154e+01
1.090113636363636402e+02,1.117717894882515139e+02,9.981962242056502532e+01,4.347000000000001455e+04,5.605577741340240209e+03,3.786442384814260731e+04,5.547917680814862251e-11,2.292998130528586032e+01,8.943176575570883813e+01
1.091363636363636402e+02,1.110885821691276760e+02,9.933821802281897817e+01,4.347000000000001455e+04,5.615568959504609666e+03,3.785443262997829152e+04,5.256772794837161200e-11,2.293040654075564078e+01,8.909676862725069668e+01
1.092613636363636402e+02,1.104171803790554662e+02,9.886468440148439640e+01,4.347000000000001455e+04,5.625556010762469668e+03,3.784444557872047881e+04,5.019806792461167788e-11,2.293080670505212737e+01,8.876471297991501785e+01
1.093863636363636402e+02,1.097572737489524144e+02,9.839881087364767609e+01,4.347000000000001455e+04,5.635538906000739189e+03,3.783446268348225567e+04,4.738431869100168115e-11,2.293118211143216811e+01,8.843558634770431581e+01
1.095113636363636402e+02,1.091085627602554666e+02,9.794039445672299848e+01,4.347000000000001455e+04,5.645517655696598922e+03,3.782448393378643959e+04,4.488676097480492899e-11,2.293153307563499155e+01,8.810937481680251437e+01
1.096363636363636402e+02,1.084707582736082259e+02,9.748923951753346273e+01,4.347000000000001455e+04,5.655492269940093138e+03,3.781450931954298721e+04,4.228972727560176281e-11,2.293185991550758018e+01,8.778606315351785838e+01
1.097613636363636402e+02,1.078435810819704983e+02,9.704515744030484825e+01,4.347000000000001455e+04,5.665462758455571930e+03,3.780453883102754480e+04,3.942979276416735956e-11,2.293216295064857491e+01,8.746563492306968612e+01
1.098863636363636402e+02,1.072267614866810987e+02,9.660796631240744148e+01,4.347000000000001455e+04,5.675429130622016601e+03,3.779457245886114106e+04,3.829292438695119927e-11,2.293244250207006374e+01,8.714807259987290422e+01
1.100113636363636402e+02,1.066200388951035762e+02,9.617749062674536731e+01,4.347000000000001455e+04,5.685391395492320044e+03,3.778461019399087672e+04,3.575273410660884110e-11,2.293269889187658350e+01,8.683335766992564686e+01
1.101363636363636402e+02,1.060231614385797201e+02,9.575356099980061231e+01,4.347000000000001455e+04,5.695349561811571220e+03,3.777465202767166193e+04,3.410249860280600842e-11,2.293293244296068778e+01,8.652147072585991339e+01
1.102613636363636402e+02,1.054358856095000760e+02,9.533601390437367229e+01,4.347000000000001455e+04,5.705303638034397409e+03,3.776469795144887030e+04,3.213607158158993116e-11,2.293314347871448078e+01,8.621239155517520203e+01
1.103863636363636402e+02,1.048579759163810223e+02,9.492469141614772354e+01,4.347000000000001455e+04,5.715253632341409684e+03,3.775474795714188804e+04,3.063860276597552001e-11,2.293333232275647049e+01,8.590609922213516825e+01
1.105113636363636402e+02,1.042892045559109988e+02,9.451944097325869620e+01,4.347000000000001455e+04,5.725199552654801664e+03,3.774480203682852880e+04,2.963851386539317900e-11,2.293349929867316916e+01,8.560257214377350010e+01
1.106363636363636402e+02,1.037293511009967375e+02,9.412011514810154722e+01,4.347000000000001455e+04,5.735141406653142440e+03,3.773486018283021258e+04,2.765254691894369898e-11,2.293364472977486912e+01,8.530178816042236178e+01
1.107613636363636402e+02,1.031782022039034388e+02,9.372657143065842433e+01,4.347000000000001455e+04,5.745079201785405530e+03,3.772492238769797405e+04,2.598099513306806330e-11,2.293376893886499701e+01,8.500372460114616047e+01
1.108863636363636402e+02,1.026355513136411730e+02,9.333867202268498886e+01,4.347000000000001455e+04,5.755012945284272064e+03,3.771498864419913298e+04,2.467359649926947895e-11,2.293387224802253499e+01,8.470835834443664680e+01
1.110113636363636402e+02,1.021011984068040590e+02,9.295628364212505801e+01,4.347000000000001455e+04,5.764942644178745468e+03,3.770505894530468504e+04,2.403766075076418929e-11,2.293395497839696517e+01,8.441566587449884196e+01
1.111363636363636402e+02,1.015749497311187213e+02,9.257927733717551178e+01,4.347000000000001455e+04,5.774868305306115872e+03,3.769513328417734010e+04,2.301270285443024477e-11,2.293401745001522585e+01,8.412562333343423404e+01
1.112613636363636402e+02,1.010566175610061066e+02,9.220752830944819323e+01,4.347000000000001455e+04,5.784789935323296959e+03,3.768521165416017902e+04,2.107647389948397176e-11,2.293405998160017489e+01,8.383820656960546103e+01
1.113863636363636402e+02,1.005460199645034294e+02,9.184351170543060050e+01,4.347000000000001455e+04,5.794707540717579832e+03,3.767529404876591434e+04,2.083133665564673720e-11,2.293408289040008796e+01,8.355339118244638996e+01
1.115113636363636402e+02,1.000429805809334880e+02,9.148611035263255076e+01,4.347000000000001455e+04,5.804621127816822082e+03,3.766538046166668937e+04,2.029665324698726181e-11,2.293408649202873306e+01,8.327115256396324128e+01
1.116363636363636402e+02,9.954732840874680733e+01,9.113343200349819995e+01,4.347000000000001455e+04,5.814530702799107530e+03,3.765547088668442302e+04,1.987920938972820295e-11,2.293407110031553842e+01,8.299146593715430242e+01
1.117613636363636402e+02,9.906220466433384786e+01,9.078537463271310060e+01,4.347000000000001455e+04,5.824436271701899386e+03,3.764556531778164936e+04,1.789501880011812318e-11,2.293403702716546277e+01,8.271430639156048414e+01
1.118863636363636402e+02,9.858476066548229255e+01,9.044183924533749064e+01,4.347000000000001455e+04,5.834337840430712276e+03,3.763566374905285193e+04,1.641353719605831429e-11,2.293398458242810989e+01,8.243964891614344026e+01
1.120113636363636402e+02,9.811406911245282458e+01,9.010272976344091944e+01,4.347000000000001455e+04,5.844235414767326802e+03,3.762576617471624922e+04,1.535127580609696452e-11,2.293391407377571412e+01,8.216746842967471309e+01
1.121363636363636402e+02,9.764998462035987359e+01,8.976795291777173702e+01,4.347000000000001455e+04,5.854129000377573902e+03,3.761587258910601668e+04,1.586109021900483640e-11,2.293382580658956726e+01,8.189773980880639215e+01
1.122613636363636402e+02,9.719236595884750329e+01,8.943741814421514391e+01,4.347000000000001455e+04,5.864018602818701766e+03,3.760598298666490155e+04,1.458921872199425707e-11,2.293372008385455274e+01,8.163043791398146709e+01
1.123863636363636402e+02,9.674107590511960098e+01,8.911103748479126807e+01,4.347000000000001455e+04,5.873904227546354377e+03,3.759609736193725985e+04,1.407229888172878418e-11,2.293359720606138197e+01,8.136553761333217949e+01
1.125113636363636402e+02,9.629598110313426673e+01,8.878872549297187788e+01,4.347000000000001455e+04,5.883785879921175365e+03,3.758621570956244977e+04,1.346300848581449827e-11,2.293345747111622046e+01,8.110301380470328070e+01
1.126363636363636402e+02,9.585695192866440095e+01,8.847039914309371511e+01,4.347000000000001455e+04,5.893663565215056224e+03,3.757633802426858165e+04,1.327649101767747197e-11,2.293330117425733405e+01,8.084284143592842042e+01
1.127613636363636402e+02,9.542386235994221977e+01,8.815597774367091688e+01,4.347000000000001455e+04,5.903537288617050763e+03,3.756646430086660257e+04,1.215738620885531418e-11,2.293312860797845332e+01,8.058499552347896611e+01
1.128863636363636402e+02,9.499658985362285080e+01,8.784538285441102801e+01,4.347000000000001455e+04,5.913407055238966677e+03,3.755659453424470121e+04,1.222844048243132420e-11,2.293294006195852930e+01,8.032945116959594145e+01
1.130113636363636402e+02,9.457501522581310383e+01,8.753853820675485053e+01,4.347000000000001455e+04,5.923272870120653351e+03,3.754672871936302545e+04,1.091393642127513885e-11,2.293273582299757507e+01,8.007618357800900810e+01
1.131363636363636402e+02,9.415902253792872045e+01,8.723536962776732651e+01,4.347000000000001455e+04,5.933134738235000441e+03,3.753686685124869109e+04,1.099564883588755038e-11,2.293251617495833727e+01,7.982516806833881162e+01
1.132613636363636402e+02,9.374849898715305585e+01,8.693580496721740758e+01,4.347000000000001455e+04,5.942992664492659060e+03,3.752700892499104521e+04,9.244160992238903418e-12,2.293228139871347437e+01,7.957638008927237649e+01
1.133863636363636402e+02,9.334333480128394456e+01,8.663977402769666014e+01,4.347000000000001455e+04,5.952846653746503762e+03,3.751715493573720596e+04,8.991918321044067852e-12,2.293203177209799648e+01,7.932979523059563576e+01
1.135113636363636402e+02,9.294342313776581932e+01,8.634720849762531714e+01,4.347000000000001455e+04,5.962696710795844410e+03,3.750730487868787168e+04,9.187317573378095403e-12,2.293176756986672160e+01,7.908538923416141131e+01
1.136363636363636402e+02,9.254865998671516536e+01,8.605804188701320356e+01,4.347000000000001455e+04,5.972542840390401579e+03,3.749745874909332633e+04,8.860467914928449318e-12,2.293148906365647477e+01,7.884313800386536286e+01
1.137613636363636402e+02,9.215894407775731167e+01,8.577220946584465366e+01,4.347000000000001455e+04,5.982385047234054582e+03,3.748761654224968515e+04,8.544276397515204735e-12,2.293119652195281688e+01,7.860301761469820292e+01
1.138863636363636402e+02,9.177417679050128640e+01,8.548964820496010475e+01,4.347000000000001455e+04,5.992223335988379404e+03,3.747777825349536579e+04,7.608136343151272740e-12,2.293089021006105810e+01,7.836500432093785662e+01
1.140113636363636402e+02,9.139426206848970935e+01,8.521029671932674887e+01,4.347000000000001455e+04,6.002057711275982911e+03,3.746794387820777047e+04,7.862155371185508557e-12,2.293057039008134979e+01,7.812907456354032831e+01
1.141363636363636402e+02,9.101910633646744486e+01,8.493409521357538949e+01,4.347000000000001455e+04,6.011888177683638787e+03,3.745811341180012096e+04,7.439382443408248946e-12,2.293023732088764177e+01,7.789520497678492461e+01
1.142613636363636402e+02,9.064861842082179066e+01,8.466098542970846097e+01,4.347000000000001455e+04,6.021714739765247032e+03,3.744828684971851908e+04,7.569056492684467230e-12,2.292989125811029538e+01,7.766337239422546190e+01
1.143863636363636402e+02,9.028270947305371408e+01,8.439091059687643792e+01,4.347000000000001455e+04,6.031537402044612463e+03,3.743846418743916001e+04,6.027178756085049827e-12,2.292953245412218166e+01,7.743355385399546265e+01
1.145113636363636402e+02,8.992129289614702259e+01,8.412381538312509122e+01,4.347000000000001455e+04,6.041356169018060427e+03,3.742864542046572024e+04,6.965095167288382072e-12,2.292916115802805876e+01,7.720572660351243144e+01
1.146363636363636402e+02,8.956428427370912004e+01,8.385964584903040020e+01,4.347000000000001455e+04,6.051171045156895161e+03,3.741883054432689096e+04,6.357581128213496413e-12,2.292877761565705441e+01,7.697986810362334609e+01
1.147613636363636402e+02,8.921160130176232883e+01,8.359834940313015750e+01,4.347000000000001455e+04,6.060982034909707181e+03,3.740901955457408621e+04,7.196021556410414632e-12,2.292838206955810065e+01,7.675595603223042929e+01
1.148863636363636402e+02,8.886316372307193490e+01,8.333987475907481723e+01,4.347000000000001455e+04,6.070789142704536971e+03,3.739921244677926006e+04,5.750067089138610754e-12,2.292797475899813975e+01,7.653396828743397862e+01
1.150113636363636402e+02,8.851889326390192991e+01,8.308417189442067752e+01,4.347000000000001455e+04,6.080592372950906793e+03,3.738940921653289843e+04,5.396572078097960912e-12,2.292755591996295195e+01,7.631388299022647459e+01
1.151363636363636402e+02,8.817871357309473979e+01,8.283119201099168549e+01,4.347000000000001455e+04,6.090391730041721530e+03,3.737960985944209096e+04,5.494271704264974687e-12,2.292712578516046662e+01,7.609567848676998381e+01
1.152613636363636402e+02,8.784255016337654354e+01,8.258088749674197970e+01,4.347000000000001455e+04,6.100187218355047662e+03,3.736981437112877029e+04,4.087397087459976319e-12,2.292668458402639686e+01,7.587933335028665738e+01
1.153863636363636402e+02,8.751033035479416355e+01,8.233321188905054555e+01,4.347000000000001455e+04,6.109978842255778545e+03,3.736002274722804577e+04,4.822808818971680012e-12,2.292623254273206967e+01,7.566482638259046212e+01
1.155113636363636402e+02,8.718198322019426882e+01,8.208811983938970513e+01,4.347000000000001455e+04,6.119766606097186923e+03,3.735023498338663921e+04,4.941824727211496793e-12,2.292576988419433093e+01,7.545213661528593718e+01
1.156363636363636402e+02,8.685743953265966866e+01,8.184556707930563846e+01,4.347000000000001455e+04,6.129550514222375568e+03,3.734045107526145875e+04,4.616751425601250958e-12,2.292529682808737590e+01,7.524124331065863203e+01
1.157613636363636402e+02,8.631674139830832928e+02,9.299229883757894299e+01,4.359684375000001455e+04,6.139403405216965439e+03,3.745744193466771685e+04,4.008465026572594070e-07,2.292481359476395752e+01,7.503212596228212306e+01
1.158863636363636402e+02,1.056152195338904448e+03,1.469136903652949400e+02,4.372368750000001455e+04,6.149399575189315328e+03,3.757428951469859749e+04,3.227853540010983124e-09,2.292432041581293234e+01,7.482476429537237550e+01
1.160113636363636402e+02,1.167546617539273484e+03,1.934272790915387077e+02,4.385053125000001455e+04,6.159554511323512997e+03,3.769097832856446621e+04,6.943423613847699016e-11,2.292381755060977966e+01,7.462179059314038909e+01
1.161363636363636402e+02,1.256507917786318103e+03,2.343829656569660074e+02,4.397737500000001455e+04,6.169875982576964816e+03,3.780750060731102712e+04,1.500666257925331593e-11,2.292330530612207795e+01,7.442247731148331980e+01
1.162613636363636402e+02,1.269367494752269067e+03,2.678433961382190773e+02,4.410421875000001455e+04,6.180367585151453568e+03,3.792385275473656657e+04,2.984279490192420781e-11,2.292278405679778430e+01,7.422472988616291900e+01
1.163863636363636402e+02,1.268443472717622399e+03,2.950884435968890784e+02,4.423106250000001455e+04,6.191002942049733065e+03,3.804006114783829253e+04,6.338041202980093658e-12,2.292225426197124349e+01,7.402853258808436010e+01
1.165113636363636402e+02,1.285373084793436192e+03,3.172457740652862412e+02,4.435790625000001455e+04,6.201764190561781106e+03,3.815614364932629542e+04,5.033484740124549717e-11,2.292171647919926514e+01,7.383386980845212122e+01
1.166363636363636402e+02,1.285071499000978065e+03,3.339161733990667358e+02,4.448475000000001455e+04,6.212626665099886850e+03,3.827212495247012703e+04,2.768193458280165942e-05,2.292117137281377026e+01,7.364072606163009027e+01
1.167613636363636402e+02,1.290304126810485741e+03,3.473435256403956259e+02,4.461159375000001455e+04,6.223562900094249017e+03,3.838803246747578669e+04,2.496847173460992053e-11,2.292061971770629114e+01,7.344908598776113706e+01
1.168863636363636402e+02,1.278781004499133360e+03,3.606060326665774483e+02,4.473843750000001455e+04,6.234597327029306143e+03,3.850384179054090782e+04,1.816999883885728195e-10,2.292006239879742679e+01,7.325893435518285912e+01
1.170113636363636402e+02,1.300570566627569633e+03,3.740049533865091007e+02,4.486528125000001455e+04,6.245705220188550811e+03,3.861957764738166588e+04,5.528022484213579446e-12,2.291950040687978785e+01,7.307025606268027218e+01
1.171363636363636402e+02,1.292994636268743079e+03,3.839525147475173981e+02,4.499212500000001455e+04,6.256878985898253632e+03,3.873524763167210767e+04,1.479776301493984647e-10,2.291893483160803058e+01,7.288303614162217059e+01
1.172613636363636402e+02,1.261963918518529226e+03,3.899607365572493336e+02,4.511896875000001455e+04,6.268104779690743271e+03,3.885086558787969989e+04,7.825917691661743447e-11,2.291836685236258120e+01,7.269725975803142148e+01
1.173863636363636402e+02,1.282918302089606641e+03,3.953778669847139895e+02,4.524581250000001455e+04,6.279404121281449079e+03,3.896640999628925783e+04,2.611955096654128283e-10,2.291779772768315127e+01,7.251291221464434500e+01
1.175113636363636402e+02,1.288305220830613735e+03,4.057009576698446836e+02,4.537265625000001455e+04,6.290776624215449374e+03,3.908188124335531757e+04,5.887557108508190140e-11,2.291722878384345208e+01,7.232997895301589608e+01
1.176363636363636402e+02,1.277301683244830883e+03,4.136887064608838500e+02,4.549950000000001455e+04,6.302201310295163239e+03,3.919730033174599521e+04,2.447039153707919468e-05,2.291666140304008437e+01,7.214844555572875606e+01
1.177613636363636402e+02,1.317525901178636786e+03,4.184767650758619766e+02,4.562634375000001455e+04,6.313677761059720979e+03,3.931266763098149386e+04,5.292122295941226184e-11,2.291609701159187651e+01,7.196829774876296426e+01
1.178863636363636402e+02,1.316731922334482306e+03,4.210833196627023085e+02,4.575318750000001455e+04,6.325203972709947266e+03,3.942798516933132487e+04,5.621814125333912671e-11,2.291553706845530769e+01,7.178952140408017613e+01
1.180113636363636402e+02,1.313263311957599171e+03,4.218504706445489774e+02,4.588003125000001455e+04,6.336801646311083459e+03,3.954323124573021778e+04,2.877698079828405753e-11,2.291498305427591120e+01,7.161210254246978479e+01
1.181363636363636402e+02,1.309197953032456098e+03,4.251912945708094185e+02,4.600687500000001455e+04,6.348460058623020814e+03,3.965841658341828588e+04,6.210143510543275625e-12,2.291443646112585952e+01,7.143602733669813176e+01
1.182613636363636402e+02,1.308238754030013752e+03,4.305639661381907217e+02,4.613371875000001455e+04,6.360173253496992402e+03,3.977354713854437432e+04,6.176037459226790816e-11,2.291389878302125993e+01,7.126128211499158738e+01
1.183863636363636402e+02,1.297647740026658539e+03,4.333869988781741540e+02,4.626056250000001455e+04,6.371929298575710163e+03,3.988863484346571204e+04,5.577760475716786459e-11,2.291337150728470462e+01,7.108785336487375162e+01
1.185113636363636402e+02,1.322444761781905527e+03,4.345767479387404819e+02,4.638740625000001455e+04,6.383743425101234607e+03,4.000366446694028855e+04,1.022897322400240228e-10,2.291285610678561824e+01,7.091572773736501745e+01
1.186363636363636402e+02,1.305324411755139636e+03,4.339729793383515357e+02,4.651425000000001455e+04,6.395607204922113851e+03,4.011864443711942295e+04,1.563194018672220409e-11,2.291235403303678098e+01,7.074489205154019089e+01
1.187613636363636402e+02,1.305568232767825521e+03,4.345774258120165427e+02,4.664109375000001455e+04,6.407507207831207779e+03,4.023358818421047181e+04,1.402753468937589787e-10,2.291186671009563014e+01,7.057533329942684475e+01
1.188863636363636402e+02,1.344104330731094024e+03,4.398899113117313391e+02,4.676793750000001455e+04,6.419466522493781667e+03,4.034847261954791611e+04,1.746514044498326257e-11,2.291139552924691714e+01,7.040703865121481897e+01
1.190113636363636402e+02,1.342540807774136510e+03,4.427583387672982553e+02,4.689478125000001455e+04,6.431484730248594133e+03,4.046329816179326735e+04,1.634674617889686488e-10,2.291094184439806369e+01,7.023999546073524414e+01
1.191363636363636402e+02,1.398301053074441597e+03,4.438886495378911263e+02,4.702162500000001455e+04,6.443568605133249548e+03,4.057805805716422037e+04,2.025561030905009829e-05,2.291050696815974419e+01,7.007419127115720414e+01
1.192613636363636402e+02,1.374118873293331717e+03,4.458912974561775400e+02,4.714846875000001455e+04,6.455714120260499840e+03,4.069275629203701828e+04,4.719424850918585435e-11,2.291009216855488262e+01,6.990961382084040565e+01
1.193863636363636402e+02,1.356952593830522119e+03,4.519057711552136425e+02,4.727531250000001455e+04,6.467881594952359592e+03,4.080743256734523311e+04,7.597122930746991187e-11,2.290969866628924478e+01,6.974625104927515906e+01
1.195113636363636402e+02,1.335357740986846920e+03,4.575800292468093744e+02,4.740215625000001455e+04,6.480108930455576228e+03,4.092204898184267222e+04,6.591704959646449424e-10,2.290932763254063431e+01,6.958409110303456657e+01
1.196363636363636402e+02,1.320995817356787484e+03,4.599849590979285949e+02,4.752900000000001455e+04,6.492388118683218636e+03,4.103661354361509439e+04,6.733102964062709361e-11,2.290898018722772278e+01,6.942312234166065821e+01
1.197613636363636402e+02,1.332534433630231661e+03,4.608713108125635927e+02,4.765584375000001455e+04,6.504727601489036715e+03,4.115111783301100513e+04,2.220172845568413322e-05,2.290865739773209242e+01,6.926333334340360182e+01
1.198863636363636402e+02,1.313400451023085679e+03,4.594170794312474300e+02,4.778268750000001455e+04,6.517104648025633651e+03,4.126558453647446731e+04,5.633182809106074274e-11,2.290836027801292474e+01,6.910471291073348254e+01
1.200113636363636402e+02,1.310904962673440878e+03,4.592376366002388863e+02,4.790953125000001455e+04,6.529521849823615412e+03,4.138001110450655688e+04,1.983007412320603180e-05,2.290808978806135698e+01,6.894725007554549734e+01
1.201363636363636402e+02,1.383013981103514652e+03,4.634435776398281632e+02,4.803637500000001455e+04,6.541985001594251116e+03,4.149439170273592754e+04,5.357492227631155401e-12,2.290784683368924135e+01,6.879093410398294850e+01
1.202613636363636402e+02,1.360227332381990891e+03,4.642135804936988279e+02,4.816321875000001455e+04,6.554498461897358538e+03,4.160872199243294745e+04,1.238475988429854624e-10,2.290763226660720520e+01,6.863575450080718099e+01
1.203863636363636402e+02,1.406981736113068337e+03,4.638242131491888927e+02,4.829006250000001455e+04,6.567057864153969604e+03,4.172300636328240944e+04,2.310607311528656282e-05,2.290744688476927848e+01,6.848170101324929249e+01
1.205113636363636402e+02,1.350561933130016541e+03,4.658239259791984068e+02,4.841690625000001455e+04,6.579668365129435188e+03,4.183723961230710120e+04,1.595736875970032997e-10,2.290729143294633730e+01,6.832876363428590594e+01
1.206363636363636402e+02,1.345156413090740216e+03,4.709403586420478405e+02,4.854375000000001455e+04,6.592318364416356417e+03,4.195143336302019452e+04,1.080024958355352283e-11,2.290716660347768752e+01,6.817693260528895394e+01
1.207613636363636402e+02,1.331044087733771903e+03,4.748098602656099843e+02,4.867059375000001455e+04,6.605032334027158868e+03,4.206556316663647885e+04,2.322708701285591815e-05,2.290707303718387777e+01,6.802619841800749612e+01
1.208863636363636402e+02,1.324932479636657945e+03,4.755813349295261219e+02,4.879743750000001455e+04,6.617801323112302271e+03,4.217963792755141912e+04,8.425615760643268004e-11,2.290701132441093790e+01,6.787655181584871400e+01
1.210113636363636402e+02,1.351771426770265634e+03,4.803891172985319145e+02,4.892428125000001455e+04,6.630626517061731647e+03,4.229365650014936546e+04,1.654737505418779620e-05,2.290698200619425506e+01,6.772798379443435124e+01
1.211363636363636402e+02,1.383646354631733175e+03,4.871510916662903128e+02,4.905112500000001455e+04,6.643495177898993461e+03,4.240763158931228099e+04,1.789999259926844388e-10,2.290698557549264081e+01,6.758048560141676830e+01
1.212613636363636402e+02,1.395146470637173934e+03,4.916319993897070617e+02,4.917796875000001455e+04,6.656407349366658309e+03,4.252156316784462251e+04,3.652189661806914955e-12,2.290702247845075590e+01,6.796455592494103826e+01
1.213863636363636402e+02,1.404100657426399039e+03,4.955387361974031819e+02,4.930481250000001455e+04,6.669385974642262227e+03,4.263542830467784370e+04,1.210882257396406203e-05,2.290709311571270135e+01,6.898416472010690370e+01
1.215113636363636402e+02,1.385202873637013681e+03,4.956538665383610578e+02,4.943165625000001455e+04,6.682418917450010667e+03,4.274923911187013437e+04,4.288835953047964722e-11,2.290719784377387569e+01,6.999568456634801805e+01
1.216363636363636402e+02,1.382316018467316553e+03,4.935275494492935877e+02,4.955850000000001455e+04,6.695488719506035522e+03,4.286301305981422047e+04,1.109157210521516390e-10,2.290733697634930621e+01,7.099837395768258830e+01
1.217613636363636402e+02,1.440377509580116111e+03,4.899613581617937825e+02,4.968534375000001455e+04,6.708630251186918940e+03,4.297671527813339344e+04,5.492495347425574437e-11,2.290751078575678079e+01,7.199153584349126334e+01
1.218863636363636402e+02,1.447331485534080457e+03,4.947472772835626529e+02,4.981218750000001455e+04,6.721818875689571541e+03,4.309037040363075357e+04,1.065814103640150279e-11,2.290771950431137682e+01,7.297451500467248309e+01
1.220113636363636402e+02,1.449241362960489823e+03,4.968110528149044853e+02,4.993903125000001455e+04,6.735027170913564078e+03,4.320400585840678104e+04,1.840305685618659481e-11,2.290796332572930538e+01,7.394669675160768918e+01
1.221363636363636402e+02,1.438404541266793558e+03,4.983110750035368710e+02,5.006587500000001455e+04,6.748296407913253461e+03,4.331758037140710076e+04,1.230660018336493522e-11,2.290824240657316224e+01,7.490750828163270114e+01
1.222613636363636402e+02,1.390585000502032017e+03,4.971937444284746448e+02,5.019271875000001455e+04,6.761613847308485674e+03,4.343110668201207591e+04,2.061995019175810739e-10,2.290855686773715050e+01,7.585642067875369321e+01
1.223863636363636402e+02,1.345844934558758268e+03,4.929038309987438993e+02,5.031956250000001455e+04,6.774978628590258268e+03,4.354458565073036152e+04,5.728395535697927698e-11,2.290890679595250390e+01,7.679295076965534861e+01
1.225113636363636402e+02,1.421463402414924531e+03,4.889954254297542207e+02,5.044640625000001455e+04,6.788389876229171023e+03,4.365801817099142500e+04,1.789997848788971169e-05,2.290929224530956532e+01,7.771666268108316444e+01
1.226363636363636402e+02,1.414594686178835445e+03,4.914938675122642167e+02,5.057325000000001455e+04,6.801837403626507694e+03,4.377141439359412470e+04,3.406341875233920291e-11,2.290971323877772292e+01,7.862716739777705754e+01
1.227613636363636402e+02,1.432511958311779608e+03,4.930261999658934542e+02,5.070009375000001455e+04,6.815334643111231344e+03,4.388476090410940378e+04,5.542233338928781450e-13,2.291016976974701080e+01,7.952412237746779056e+01
1.228863636363636402e+02,1.421336315009116333e+03,4.943705720640561481e+02,5.082693750000001455e+04,6.828880426839235952e+03,4.399805887038155925e+04,1.631121904210885987e-10,2.291066180358438586e+01,8.040723060166062908e+01
1.230113636363636402e+02,1.400903986476090495e+03,5.002293071507304489e+02,5.095378125000001455e+04,6.842454059069182222e+03,4.411132898815169028e+04,7.611333785462193191e-11,2.291118927915574233e+01,8.127623732331908002e+01
1.231363636363636402e+02,1.416040443681695024e+03,5.048378769024250232e+02,5.108062500000001455e+04,6.856069949582712979e+03,4.422455686717599019e+04,1.953783407770970371e-05,2.291175211032177828e+01,8.213092611278013067e+01
1.232613636363636402e+02,1.423799454179520808e+03,5.064988375227662800e+02,5.120746875000001455e+04,6.869744050600814262e+03,4.433772651615791983e+04,3.348077370901592076e-11,2.291235018739886442e+01,8.297111447843363408e+01
1.233863636363636402e+02,1.419456793576011933e+03,5.067615006600541392e+02,5.133431250000001455e+04,6.883451094768147414e+03,4.445086323817554512e+04,1.618495885225001985e-05,2.291298337860354195e+01,8.379665023423447678e+01
1.235113636363636402e+02,1.412488572776424235e+03,5.054403753792379348e+02,5.146115625000001455e+04,6.897196208524910617e+03,4.456396187441886286e+04,8.202505341614596546e-11,2.291365153147946288e+01,8.460740851676872865e+01
1.236363636363636402e+02,1.436353497113712365e+03,5.058275480525488206e+02,5.158800000000001455e+04,6.910976935538602447e+03,4.467702489740523015e+04,6.177458544698311016e-11,2.291435447425333649e+01,8.540328805138244661e+01
1.237613636363636402e+02,1.462090609022478930e+03,5.101591664592793904e+02,5.171484375000001455e+04,6.924802912491713869e+03,4.479004268540164776e+04,1.494952662994819548e-05,2.291509201711978960e+01,8.618420828394448563e+01
1.238863636363636402e+02,1.445395952245186436e+03,5.117359133011232757e+02,5.184168750000001455e+04,6.938682890148930710e+03,4.490300645774445729e+04,2.803801635309355333e-11,2.291586395345721527e+01,8.695010745974829547e+01
1.240113636363636402e+02,1.425121844556081896e+03,5.121877506032440124e+02,5.196853125000001455e+04,6.952611386448829762e+03,4.501592173203302082e+04,2.058846457941854169e-05,2.291667006100897552e+01,8.770094236365167717e+01
1.241363636363636402e+02,1.392859876503078112e+03,5.100442630457508244e+02,5.209537500000001455e+04,6.966572153843595515e+03,4.512880471463841241e+04,1.556657025503227487e-10,2.291751010301481273e+01,8.843668860862064207e+01
1.242613636363636402e+02,1.380823969728417524e+03,5.159792135894640523e+02,5.222221875000001455e+04,6.980570436223628349e+03,4.524165018225838139e+04,2.700062395888380706e-13,2.291838382926484385e+01,8.915734042390360514e+01
1.243863636363636402e+02,1.399199724398192302e+03,5.206266623373305720e+02,5.234906250000001455e+04,6.994634592692365004e+03,4.535442978909178055e+04,1.330213854089379311e-05,2.291929097709577690e+01,8.986291040144359954e+01
1.245113636363636402e+02,1.420299581460474883e+03,5.219860690942882684e+02,5.247590625000001455e+04,7.008738096623582351e+03,4.546717003516059776e+04,3.758771072170929983e-11,2.292023127233370516e+01,9.055342887203985924e+01
1.246363636363636402e+02,1.437183937521530197e+03,5.217349785885170377e+02,5.260275000000001455e+04,7.022888869923300263e+03,4.557986301186101628e+04,1.350315415038494393e-10,2.292120443019893372e+01,9.122894326177848257e+01
1.247613636363636402e+02,1.434880919833287635e+03,5.226743740397245119e+02,5.272959375000001455e+04,7.037079840462043649e+03,4.569251579132238840e+04,1.139000005423440598e-10,2.292221015616588176e+01,9.188951729407553159e+01
1.248863636363636402e+02,1.413658193725088040e+03,5.287764054041501822e+02,5.285643750000001455e+04,7.051319900831794257e+03,4.580511950604894810e+04,2.509630778035898402e-05,2.292324814674582711e+01,9.253522952214109409e+01
1.250113636363636402e+02,1.449468660478551783e+03,5.341033942281050031e+02,5.298328125000001455e+04,7.065618342942151685e+03,4.591766483204154792e+04,1.810295347581813985e-05,2.292431809021174516e+01,9.316617158522551279e+01
1.251363636363636402e+02,1.439920119806844468e+03,5.362835022345741436e+02,5.311012500000001455e+04,7.079994825969583871e+03,4.603013209901416849e+04,5.344702458387473598e-11,2.292541966730457048e+01,9.378244704976521007e+01
1.252613636363636402e+02,1.436376614079550109e+03,5.360475579860080870e+02,5.323696875000001455e+04,7.094416982464885223e+03,4.614255369251893717e+04,7.135270152502926067e-11,2.292655255193816544e+01,9.438417077419215673e+01
1.253863636363636402e+02,1.433372288769094666e+03,5.414406599495417822e+02,5.336381250000001455e+04,7.108908812875995864e+03,4.625490561210807209e+04,2.486189032424590550e-10,2.292771641187257714e+01,9.497146870626826853e+01
1.255113636363636402e+02,1.431023299419591012e+03,5.477873779127118041e+02,5.349065625000001455e+04,7.123478653245840178e+03,4.636717954436814034e+04,2.262991229429189843e-05,2.292891090936445408e+01,9.554447772703085207e+01
1.256363636363636402e+02,1.444903352769012827e+03,5.518813641932886185e+02,5.361750000000001455e+04,7.138131576452520676e+03,4.647937037116148713e+04,2.701483481359900907e-11,2.293013570179401128e+01,9.610334564447256867e+01
1.257613636363636402e+02,1.454130556199229886e+03,5.588949792245786057e+02,5.374434375000001455e+04,7.152866627567326759e+03,4.659147907004673471e+04,5.218225851422175765e-11,2.293139044226629863e+01,9.664823134123976445e+01
1.258863636363636402e+02,1.464306161623065691e+03,5.704175870132909267e+02,5.387118750000001455e+04,7.167708641597875612e+03,4.670348080601624679e+04,5.944400527368998155e-11,2.293267478015593142e+01,9.734466095291725196e+01
1.260113636363636402e+02,1.501509320176066240e+03,5.793876176890356646e+02,5.399803125000001455e+04,7.182644287473474833e+03,4.681538891014064575e+04,1.705302565824240446e-13,2.293398836160213605e+01,9.831946282645053259e+01
1.261363636363636402e+02,1.521125358269533535e+03,5.875628991014268649e+02,5.412487500000001455e+04,7.197687811921706270e+03,4.692718913569254801e+04,1.320472620136570185e-10,2.293533082998822792e+01,9.928145142629335851e+01
1.262613636363636402e+02,1.567837359459466597e+03,5.915022404474511859e+02,5.425171875000001455e+04,7.212847894662095314e+03,4.703887280897995515e+04,6.027792537111054116e-06,2.293670182640645550e+01,1.002303499537458435e+02
1.263863636363636402e+02,1.564899761205240111e+03,5.917166469445493249e+02,5.437856250000001455e+04,7.228105213616775472e+03,4.715045926627784502e+04,2.625256863098002214e-05,2.293810099009313319e+01,1.011659160897589942e+02
1.265113636363636402e+02,1.562476522156833653e+03,5.960588162456966757e+02,5.450540625000001455e+04,7.243416404845698708e+03,4.726199182506214129e+04,1.321642173479631310e-08,2.293952795884298723e+01,1.020879401067618346e+02
1.265454545454545467e+02,1.615421430128571046e+03,5.974657783965939188e+02,5.454000000000001455e+04,7.247601977515771978e+03,4.729240000690920715e+04,4.517141029225513194e-06,2.293991919118163381e+01,1.023382735463695070e+02
1.266704545454545467e+02,1.340030564473664981e+03,5.724394482679507519e+02,5.454000000000001455e+04,7.262645581642495017e+03,4.727735640333493939e+04,5.524540664936239409e-07,2.294138105073232481e+01,1.032427199406236014e+02
1.267954545454545467e+02,1.057338824728379450e+03,5.378477901790547548e+02,5.454000000000001455e+04,7.276986780282170912e+03,4.726301520469526440e+04,4.281019982954603620e-12,2.294286987991402782e+01,1.041327817195403753e+02
1.269204545454545467e+02,8.759557588151113805e+02,5.025275404820681615e+02,5.454000000000001455e+04,7.290925689563025117e+03,4.724907629541441565e+04,7.663203405172680505e-12,2.294438529458937381e+01,1.050075411812183575e+02
1.270454545454545467e+02,7.470236334926213431e+02,4.682952434033536520e+02,5.454000000000001455e+04,7.304618951522232237e+03,4.723538303345523309e+04,2.632383200307231164e-11,2.294592688905714084e+01,1.058655829265712498e+02
1.271704545454545467e+02,6.498408333027396111e+02,4.366305798817419372e+02,5.454000000000001455e+04,7.318142671763419457e+03,4.722185931321405951e+04,1.391065040934336139e-11,2.294749422594991728e+01,1.067049825442768736e+02
1.272954545454545467e+02,5.768570712914187197e+02,4.081637112137287318e+02,5.454000000000001455e+04,7.331541563181469428e+03,4.720846042179601500e+04,2.884803507186006755e-12,2.294908682574595815e+01,1.075233684018870548e+02
1.274204545454545467e+02,5.205250483699288679e+02,3.830116594040794098e+02,5.454000000000001455e+04,7.344844141798598685e+03,4.719515789326560480e+04,5.008671738693237785e-05,2.295070415673232489e+01,1.083180347870111007e+02
1.275454545454545467e+02,4.750335769436523492e+02,3.611819564686774129e+02,5.454000000000001455e+04,7.358069577427696458e+03,4.718193248017829319e+04,2.254178772354009652e-05,2.295234562607672757e+01,1.090860819762161640e+02
1.276704545454545467e+02,4.379326857492530394e+02,3.423228099473850534e+02,5.454000000000001455e+04,7.371231269077443358e+03,4.716877079792547738e+04,9.396929439020595964e-06,2.295401057247115872e+01,1.098245619599887561e+02
1.277954545454545467e+02,4.073776530798131148e+02,3.256989003280903034e+02,5.454000000000001455e+04,7.384338943111214576e+03,4.715566312842103071e+04,4.529327659597015554e-06,2.295569826062333263e+01,1.105306136138776338e+02
1.279204545454545467e+02,3.819635574334765238e+02,3.110003381230897048e+02,5.454000000000001455e+04,7.397399887286093872e+03,4.714260218710174377e+04,2.855593081108054321e-06,2.295740787771536162e+01,1.112015783447859860e+02
1.280454545454545610e+02,3.609981053290760542e+02,2.979492453108223344e+02,5.454000000000001455e+04,7.410419709294566928e+03,4.712958236710863275e+04,2.015363710583528700e-06,2.295913853181911080e+01,1.118350900789008477e+02
1.281704545454545610e+02,3.443771873442868241e+02,2.863045058097794708e+02,5.454000000000001455e+04,7.423402835450245220e+03,4.711659924242618581e+04,1.473234449989035966e-06,2.296088925216330523e+01,1.124291388438596044e+02
1.282954545454545610e+02,3.300881121110253389e+02,2.758612222434688306e+02,5.454000000000001455e+04,7.436352842386268094e+03,4.710364923659637134e+04,1.106211414025892736e-06,2.296265899107759623e+01,1.129821076579790997e+02
1.284204545454545610e+02,3.174443376132318235e+02,2.664470637404615445e+02,5.454000000000001455e+04,7.449272677647729324e+03,4.709072940218310396e+04,8.481923767789112389e-07,2.296444662740170628e+01,1.134927893997941055e+02
1.285454545454545610e+02,3.062242071175754177e+02,2.580456550823996622e+02,5.454000000000001455e+04,7.462164810630101783e+03,4.707783726986174588e+04,6.610156848552151132e-07,2.296625097112374192e+01,1.139603855784227875e+02
1.286704545454545610e+02,2.978069553097072912e+02,2.504904706372983298e+02,5.454000000000001455e+04,7.475031339125942395e+03,4.706497074188847182e+04,5.225699588606858015e-07,2.296807076901618672e+01,1.143844909417695561e+02
1.287954545454545610e+02,2.899154050568319008e+02,2.435540106979613313e+02,5.454000000000001455e+04,7.487874066459986352e+03,4.705212801497207693e+04,4.176481187556646546e-07,2.296990471103371334e+01,1.147650676838462545e+02
1.289204545454545610e+02,2.825086043213726157e+02,2.371612453365694648e+02,5.454000000000001455e+04,7.500694558749822136e+03,4.703930752301867324e+04,3.364308351905265226e-07,2.297175143725010216e+01,1.151024111778634307e+02
1.290454545454545610e+02,2.755479499936631669e+02,2.312483152112949369e+02,5.454000000000001455e+04,7.513494188432940973e+03,4.702650789360857016e+04,2.730160595376673882e-07,2.297360954514038411e+01,1.153971135495649634e+02
1.291704545454545610e+02,2.689975441376443541e+02,2.257608226367285056e+02,5.454000000000001455e+04,7.526274167724496692e+03,4.701372791453978425e+04,2.227666193732602551e-07,2.297547759703172332e+01,1.156500242332805897e+02
1.292954545454545610e+02,2.628243134341036580e+02,2.206711079767884485e+02,5.454000000000001455e+04,7.539035574807838202e+03,4.700096650763931393e+04,1.828725562091904067e-07,2.297735412757591789e+01,1.158622124524106312e+02
1.294204545454545610e+02,2.569979825160463633e+02,2.160338329800685813e+02,5.454000000000001455e+04,7.551779374551796536e+03,4.698822270804583241e+04,1.504796145468390023e-07,2.297923765111395156e+01,1.160349293461717366e+02
1.295454545454545610e+02,2.514909557005476870e+02,2.116793394614386443e+02,5.454000000000001455e+04,7.564506435202077228e+03,4.697549564751999424e+04,1.244392890953349706e-07,2.298112666882422772e+01,1.161695713292871375e+02
1.296704545454545610e+02,2.462781563957005915e+02,2.075814090534193213e+02,5.454000000000001455e+04,7.577217541662956137e+03,4.696278454116247303e+04,1.033597030186683696e-07,2.298301967557089753e+01,1.162676464129986584e+02
1.297954545454545610e+02,2.413368355479114200e+02,2.037167414592049965e+02,5.454000000000001455e+04,7.589913406735166063e+03,4.695008867617620854e+04,8.594691536245591124e-08,2.298491516639046139e+01,1.163307438342752675e+02
1.299204545454545610e+02,2.366463710008723922e+02,2.000644543023370829e+02,5.454000000000001455e+04,7.602594680416676056e+03,4.693740740256659774e+04,7.189897033299530449e-08,2.298681164257062548e+01,1.163605078597117881e+02
1.300454545454545610e+02,2.323137282910164174e+02,1.966067014138879756e+02,5.454000000000001455e+04,7.615261957566529418e+03,4.692474012547595339e+04,5.920664136738196248e-08,2.298870761728921863e+01,1.163586146044616640e+02
1.301704545454545610e+02,2.281970115601732516e+02,1.933272561843707535e+02,5.454000000000001455e+04,7.627915784507781609e+03,4.691208629858267523e+04,4.797149344426543394e-08,2.299060162079364034e+01,1.163267518668042300e+02
1.302954545454545610e+02,2.242623923079849817e+02,1.902113714657099877e+02,5.454000000000001455e+04,7.640556664698208806e+03,4.689944541843130719e+04,3.905770284973186790e-08,2.299249220511336844e+01,1.162666022083766393e+02
1.304204545454545610e+02,2.204983761745365598e+02,1.872463844830186872e+02,5.454000000000001455e+04,7.653185063350557357e+03,4.688681701981017977e+04,3.121788694215865689e-08,2.299437794830676651e+01,1.161798288690060161e+02
1.305454545454545610e+02,2.169275025350089834e+02,1.844210687823866408e+02,5.454000000000001455e+04,7.665801411521422779e+03,4.687420067166391527e+04,2.460331849363228685e-08,2.299625745824974743e+01,1.160680640934626808e+02
1.306704545454545610e+02,2.135484137217689522e+02,1.817253576412587961e+02,5.454000000000001455e+04,7.678406109581917008e+03,4.686159597362217028e+04,1.874994381978467572e-08,2.299812937597910079e+01,1.159328996903726363e+02
1.307954545454545610e+02,2.103015093842479644e+02,1.791502026139364432e+02,5.454000000000001455e+04,7.690999530192092607e+03,4.684900255302563164e+04,1.363838819656848500e-08,2.299999237860767209e+01,1.157758796042222116e+02
1.309204545454545610e+02,2.071797766356341413e+02,1.766954132880009070e+02,5.454000000000001455e+04,7.703582020850295521e+03,4.683642006237780879e+04,1.038191577151792444e-08,2.300184518183186100e+01,1.155984942485284677e+02
1.310454545454545610e+02,2.041767972913586391e+02,1.743849695107606124e+02,5.454000000000001455e+04,7.716153905946664963e+03,4.682384817728945927e+04,8.021007857905715355e-09,2.300368654205412255e+01,1.154021763584135556e+02
1.311704545454545610e+02,2.012867926963927232e+02,1.721674291699880541e+02,5.454000000000001455e+04,7.728715488698581794e+03,4.681128659454354056e+04,5.996549035103271308e-09,2.300551525814449505e+01,1.151882981404479409e+02
1.312954545454545610e+02,1.985050237558983781e+02,1.700372285741009080e+02,5.454000000000001455e+04,7.741267052883690667e+03,4.679873503036309558e+04,4.666992126090008242e-09,2.300733017286593807e+01,1.149581695181812080e+02
1.314204545454545610e+02,1.958272183356641278e+02,1.679892195431755795e+02,5.454000000000001455e+04,7.753808864314735729e+03,4.678619321893613233e+04,4.080408899653775734e-09,2.300913017398841021e+01,1.147130372941884673e+02
1.315454545454545610e+02,1.932465610807212784e+02,1.660186151695365595e+02,5.454000000000001455e+04,7.766341172148748228e+03,4.677366091110574052e+04,3.623155109266917862e-09,2.301091419511651281e+01,1.144540850719155998e+02
1.316704545454545610e+02,1.907569513925908780e+02,1.641209648897044815e+02,5.454000000000001455e+04,7.778864210165116674e+03,4.676113787309260078e+04,3.226981348802837601e-09,2.301268121625496832e+01,1.141824338012617943e+02
1.317954545454545610e+02,1.883530587613245757e+02,1.622921352144601030e+02,5.454000000000001455e+04,7.791378197958959390e+03,4.674862388530164026e+04,2.881744620708559523e-09,2.301443026413550896e+01,1.138991428299515718e+02
1.319204545454545610e+02,1.860301100787255848e+02,1.605282892100207732e+02,5.454000000000001455e+04,7.803883342024344529e+03,4.673611874123883172e+04,2.575891500100624398e-09,2.301616041232779963e+01,1.136052113584273542e+02
1.320454545454545610e+02,1.837837691137979448e+02,1.588258648494799274e+02,5.454000000000001455e+04,7.816379836735588469e+03,4.672362224652989971e+04,2.309670676936548261e-09,2.301787078115599527e+01,1.133015802096824984e+02
1.321704545454545610e+02,1.816100605776877615e+02,1.571815534519986670e+02,5.454000000000001455e+04,7.828867865237155456e+03,4.671113421803040546e+04,2.075157823355766595e-09,2.301956053744136810e+01,1.129891338375904155e+02
1.322954545454545610e+02,1.795053176830011239e+02,1.555922790697479741e+02,5.454000000000001455e+04,7.841347600252041047e+03,4.669865448301738797e+04,1.870905208534168196e-09,2.302122889409025674e+01,1.126687025081818376e+02
1.324204545454545610e+02,1.774661432402864705e+02,1.540551792530059458e+02,5.454000000000001455e+04,7.853819204817515129e+03,4.668618287845360464e+04,1.687322281895831111e-09,2.302287510954537098e+01,1.123410645981585674e+02
1.325454545454545610e+02,1.754893792242174868e+02,1.525675873458228864e+02,5.454000000000001455e+04,7.866282832956105267e+03,4.667371925031654246e+04,1.524512072137440555e-09,2.302449848711723490e+01,1.120069489638015909e+02
1.326704545454545610e+02,1.735720820278266388e+02,1.511270163130882054e+02,5.454000000000001455e+04,7.878738630288745298e+03,4.666126345298528031e+04,1.380836778253069497e-09,2.302609837421134031e+01,1.116670373413737991e+02
1.327954545454545610e+02,1.717115017674943260e+02,1.497311440254097477e+02,5.454000000000001455e+04,7.891186734596190036e+03,4.664881534867909068e+04,1.251910575206238718e-09,2.302767416146535950e+01,1.113219667471663996e+02
1.329204545454545610e+02,1.699050646135467844e+02,1.483777998959062359e+02,5.454000000000001455e+04,7.903627276334043927e+03,4.663637480694237456e+04,1.136800875656263088e-09,2.302922528180967987e+01,1.109723318515243449e+02
1.330454545454545610e+02,1.681503574690878224e+02,1.470649527528688054e+02,5.454000000000001455e+04,7.916060379106120308e+03,4.662394170417133137e+04,1.036008612231853476e-09,2.303075120946331111e+01,1.106186873065524452e+02
1.331704545454545610e+02,1.664451145280688706e+02,1.457906998330951183e+02,5.454000000000001455e+04,7.928486160100280358e+03,4.661151592317811446e+04,9.421849966884110472e-10,2.303225145887621395e+01,1.102615500118107406e+02
1.332954545454545610e+02,1.647872053744617631e+02,1.445532567868813487e+02,5.454000000000001455e+04,7.940904730490417023e+03,4.659909735278883454e+04,8.598171064022608334e-10,2.303372558362811162e+01,1.099014013062132165e+02
1.334204545454545610e+02,1.631746243700689547e+02,1.433509485940551258e+02,5.454000000000001455e+04,7.953316195807827171e+03,4.658668588747220929e+04,7.863167894583966699e-10,2.303517317529282593e+01,1.095386890776227204e+02
1.335454545454545610e+02,1.616189812050781711e+02,1.421822012995249338e+02,5.454000000000001455e+04,7.965720656284839606e+03,4.657428142699591990e+04,7.212292985059320927e-10,2.303659386227635864e+01,1.091738297843562009e+02
1.336704545454545610e+02,1.601053742206569837e+02,1.410455344858042395e+02,5.454000000000001455e+04,7.978118207173252813e+03,4.656188387610816426e+04,6.594333967768761795e-10,2.303798730863607958e+01,1.088072103850474832e+02
1.337954545454545610e+02,1.586307670430829830e+02,1.399395544084671883e+02,5.454000000000001455e+04,7.990508939039858888e+03,4.654949314424216573e+04,6.055866919041363872e-10,2.303935321288763660e+01,1.084391901751275782e+02
1.339204545454545610e+02,1.571936387052480484e+02,1.388629477282598828e+02,5.454000000000001455e+04,8.002892938041070011e+03,4.653710914524151303e+04,5.552092119387452840e-10,2.304069130680543864e+01,1.080701025296327060e+02
1.340454545454545610e+02,1.557925476235998872e+02,1.378144757807258145e+02,5.454000000000001455e+04,8.015270286178461902e+03,4.652473179710463592e+04,5.127382962655246956e-10,2.304200135422199125e+01,1.077002565531972209e+02
1.341704545454545610e+02,1.544261263364932972e+02,1.367929693305292460e+02,5.454000000000001455e+04,8.027641061536861343e+03,4.651236102174670668e+04,4.705604794708051486e-10,2.304328314983066406e+01,1.073299386389768699e+02
1.342954545454545610e+02,1.530930766750669818e+02,1.357973237633775341e+02,5.454000000000001455e+04,8.040005338506422959e+03,4.649999674477757799e+04,4.346016879708258784e-10,2.304453651799601843e+01,1.069594139389242144e+02
1.344204545454545610e+02,1.517921653226668184e+02,1.348264946734948637e+02,5.454000000000001455e+04,8.052363187990014922e+03,4.648763889529438893e+04,4.008011700307179126e-10,2.304576131157521601e+01,1.065889277483353226e+02
1.345454545454545610e+02,1.505222197244474103e+02,1.338794938090899507e+02,5.454000000000001455e+04,8.064714677597085938e+03,4.647528740568768990e+04,3.703277684508066159e-10,2.304695741075364879e+01,1.062187068079425813e+02
1.346704545454545610e+02,1.492821243134841325e+02,1.329586641513216421e+02,5.454000000000001455e+04,8.077059871825084883e+03,4.646294221146003110e+04,3.429398987009335542e-10,2.304812472189746941e+01,1.058489605270632836e+02
1.347954545454545610e+02,1.480708170237007266e+02,1.320658471130579983e+02,5.454000000000001455e+04,8.089398832229393520e+03,4.645060325105603988e+04,3.163407313877542038e-10,2.304926317642534173e+01,1.054798821314558381e+02
1.349204545454545610e+02,1.468872860633075845e+02,1.311936316299004375e+02,5.454000000000001455e+04,8.101731617582648141e+03,4.643827046570307721e+04,2.942943666539576952e-10,2.305037272970135120e+01,1.051116497396012761e+02
1.350454545454545610e+02,1.457305669253544806e+02,1.303412556744421522e+02,5.454000000000001455e+04,8.114058284024240493e+03,4.642594379926176043e+04,2.738183013661910081e-10,2.305145335995075939e+01,1.047444273711336251e+02
1.351704545454545610e+02,1.445997396145252480e+02,1.295079947432919312e+02,5.454000000000001455e+04,8.126378885200726472e+03,4.641362319808553002e+04,2.526849840478462283e-10,2.305250506719997361e+01,1.043783658911025469e+02
1.352954545454545610e+02,1.434939260714889144e+02,1.286931595841022045e+02,5.454000000000001455e+04,8.138693472397793812e+03,4.640130861088870006e+04,2.361169038067600923e-10,2.305352787224181554e+01,1.040136038936762901e+02
1.354204545454545610e+02,1.424122877780391718e+02,1.278960940851541750e+02,5.454000000000001455e+04,8.151002094664391734e+03,4.638899998862232314e+04,2.192130921230273088e-10,2.305452181562704439e+01,1.036502685287902068e+02
1.355454545454545610e+02,1.413540235279326680e+02,1.271161733141207719e+02,5.454000000000001455e+04,8.163304798929573735e+03,4.637669728435734578e+04,2.030997592328276369e-10,2.305548695668278469e+01,1.032884762751248644e+02
1.356704545454545610e+02,1.403183673498213864e+02,1.263528016938584955e+02,5.454000000000001455e+04,8.175601630112552812e+03,4.636440045317455952e+04,1.901607760146362125e-10,2.305642337255839180e+01,1.029283336626626379e+02
1.357954545454545610e+02,1.393045865699845649e+02,1.256054113042044236e+02,5.454000000000001455e+04,8.187892631226432968e+03,4.635210945206085307e+04,1.754312251023293356e-10,2.305733115729909599e+01,1.025699379479283664e+02
1.359204545454545610e+02,1.383119800037261484e+02,1.248734602997579657e+02,5.454000000000001455e+04,8.200177843476038106e+03,4.633982423981141619e+04,1.646363045892940136e-10,2.305821042094764906e+01,1.022481093702185575e+02
1.360454545454545610e+02,1.373398762653426388e+02,1.241564314345178559e+02,5.454000000000001455e+04,8.212457306350232102e+03,4.632754477693737863e+04,1.547810768443014240e-10,2.305906128867405158e+01,1.019273667455991728e+02
1.361704545454545610e+02,1.363876321874852806e+02,1.234538306850771789e+02,5.454000000000001455e+04,8.224731057709081142e+03,4.631527102557867329e+04,1.442277408614245360e-10,2.305988389993333598e+01,1.016076061096825924e+02
1.362954545454545610e+02,1.354546313415691543e+02,1.227651859647851467e+02,5.454000000000001455e+04,8.236999133866202101e+03,4.630300294942168694e+04,1.346052158623933792e-10,2.306067840765127386e+01,1.012889232860467388e+02
1.364204545454545610e+02,1.345402826516196342e+02,1.220900459219657250e+02,5.454000000000001455e+04,8.249261569666590731e+03,4.629074051362142200e+04,1.263025239950366085e-10,2.306144497743782296e+01,1.009714067803862747e+02
1.365454545454545610e+02,1.336440190946121049e+02,1.214279788158655862e+02,5.454000000000001455e+04,8.261518398560214337e+03,4.627848368472791481e+04,1.188595888379495591e-10,2.306218378682798331e+01,1.006551382365916254e+02
1.366704545454545610e+02,1.327652964809585967e+02,1.207785714645461468e+02,5.454000000000001455e+04,8.273769652671635413e+03,4.626623243061660469e+04,1.104556446307469741e-10,2.306289502454978191e+01,1.003401928650962276e+02
1.367954545454545610e+02,1.319035923093317706e+02,1.201414282594249130e+02,5.454000000000001455e+04,8.286015362865911811e+03,4.625398672042243561e+04,1.053859222110986593e-10,2.306357888981890625e+01,1.000266398451277468e+02
1.369204545454545610e+02,1.310584046905070466e+02,1.195161702416054936e+02,5.454000000000001455e+04,8.298255558810986258e+03,4.624174652447745757e+04,9.777423315426858608e-11,2.306423559165961379e+01,9.971454270241650875e+01
1.370454545454545610e+02,1.302292513353386312e+02,1.189024342355394737e+02,5.454000000000001455e+04,8.310490269036783502e+03,4.622951181425175309e+04,9.154277336165250745e-11,2.306486534825137014e+01,9.940395966383191251e+01
1.371704545454545610e+02,1.294156686023889620e+02,1.182998720359347402e+02,5.454000000000001455e+04,8.322719520991211539e+03,4.621728256229741237e+04,8.639311488423118135e-11,2.306546838630071150e+01,9.909494399033896173e+01
1.372954545454545610e+02,1.286225068398389340e+02,1.177081496441356165e+02,5.454000000000001455e+04,8.334943341093239724e+03,4.620505874219546968e+04,8.164491305251431186e-11,2.306604494043780562e+01,9.878754428958930589e+01
1.374204545454545610e+02,1.278457124416654551e+02,1.171269465505223337e+02,5.454000000000001455e+04,8.347161754783230208e+03,4.619284032850555377e+04,7.597833473482751288e-11,2.306659525263708943e+01,9.848180480938715675e+01
1.375454545454545610e+02,1.270828716603418513e+02,1.165559550597384089e+02,5.454000000000001455e+04,8.359374786570677315e+03,4.618062729671817942e+04,7.211475860913196811e-11,2.306711957166145410e+01,9.817776571319895140e+01
1.376704545454545610e+02,1.263336037598022443e+02,1.159948796558073099e+02,5.454000000000001455e+04,8.371582460079504017e+03,4.616841962320941821e+04,6.740030755736370338e-11,2.306761815252931669e+01,9.787546333880754901e+01
1.377954545454545610e+02,1.255975416697328484e+02,1.154434364044239771e+02,5.454000000000001455e+04,8.383784798091042830e+03,4.615621728519794124e+04,6.387068651747540571e-11,2.306809125600400634e+01,9.757493044114664826e+01
1.379204545454545610e+02,1.248743313805545228e+02,1.149013523899258757e+02,5.454000000000001455e+04,8.395981822584846668e+03,4.614402026070419379e+04,5.965539173757861136e-11,2.306853914810483275e+01,9.727619642028903968e+01
1.380454545454545610e+02,1.241636313702242376e+02,1.143683651846240821e+02,5.454000000000001455e+04,8.408173554777440586e+03,4.613182852851165808e+04,5.782929690667515388e-11,2.306896209963921862e+01,9.697928753550375802e+01
1.381704545454545610e+02,1.234651120609159562e+02,1.138442223483584712e+02,5.454000000000001455e+04,8.420360015159118120e+03,4.611964206813003693e+04,5.318412377164349891e-11,2.306936038575526737e+01,9.668422710624170691e+01
1.382954545454545610e+02,1.227784553037770792e+02,1.133286809563003459e+02,5.454000000000001455e+04,8.432541223528909541e+03,4.610746085976030008e+04,5.084643817099276930e-11,2.306973428551414074e+01,9.639103570085634942e+01
1.384204545454545610e+02,1.221033538900786937e+02,1.128215071531639495e+02,5.454000000000001455e+04,8.444717199027800234e+03,4.609528488426145486e+04,4.767919392634212272e-11,2.307008408148165657e+01,9.609973131381646283e+01
1.385454545454545610e+02,1.214395110871949299e+02,1.123224757321372920e+02,5.454000000000001455e+04,8.456887960170308361e+03,4.608311412311899039e+04,4.504485673351155128e-11,2.307041005933846023e+01,9.581032953212178427e+01
1.386704545454545610e+02,1.207866401979491542e+02,1.118323227712476751e+02,5.454000000000001455e+04,8.469053524874492723e+03,4.607094855841484969e+04,4.268585485078801867e-11,2.307071250750818336e+01,9.552284369158735444e+01
1.387954545454545610e+02,1.201444641419657700e+02,1.113527673769292221e+02,5.454000000000001455e+04,8.481213910490492708e+03,4.605878817279889336e+04,4.048494872677110834e-11,2.307099171680298966e+01,9.523728502362136794e+01
1.389204545454545610e+02,1.195127150577542210e+02,1.108805686014731862e+02,5.454000000000001455e+04,8.493369133827660335e+03,4.604663294946176757e+04,3.858247055177344009e-11,2.307124798008591071e+01,9.495366279308242952e+01
1.390454545454545610e+02,1.188911339243366285e+02,1.104155390652972244e+02,5.454000000000001455e+04,8.505519211180368075e+03,4.603448287210909621e+04,3.584510466225765413e-11,2.307148159194940362e+01,9.467198442776518164e+01
1.391704545454545610e+02,1.182794702013079444e+02,1.099574978975987989e+02,5.454000000000001455e+04,8.517664158352552477e+03,4.602233792493694637e+04,3.434053041928564198e-11,2.307169284840956180e+01,9.439225564002904889e+01
1.392954545454545610e+02,1.176774814862893521e+02,1.095062704547040369e+02,5.454000000000001455e+04,8.529803990681069990e+03,4.601019809260846523e+04,3.309708063170546666e-11,2.307188204661541420e+01,9.411448054105262884e+01
1.394204545454545610e+02,1.170849331888014575e+02,1.090616880528292256e+02,5.454000000000001455e+04,8.541938723057915922e+03,4.599806336023165204e+04,3.169553508541866904e-11,2.307204948457276217e+01,9.383866174816557759e+01
1.395454545454545610e+02,1.165015982196472493e+02,1.086248839650315432e+02,5.454000000000001455e+04,8.554068369951362911e+03,4.598593371333823598e+04,2.877875715512345778e-11,2.307219546088206386e+01,9.356480048568226948e+01
1.396704545454545610e+02,1.159272566949504863e+02,1.081992023251985700e+02,5.454000000000001455e+04,8.566192945426086226e+03,4.597380913786354358e+04,2.833999701579159591e-11,2.307232027448977618e+01,9.329289667963378463e+01
1.397954545454545610e+02,1.153616956540500382e+02,1.077794205802416911e+02,5.454000000000001455e+04,8.578312463162310451e+03,4.596168962012734846e+04,2.642863705659692641e-11,2.307242422445271401e+01,9.302294904677115994e+01
1.399204545454545610e+02,1.148047087904993333e+02,1.073654034751024540e+02,5.454000000000001455e+04,8.590426936474043032e+03,4.594957514681563771e+04,2.497024809144932078e-11,2.307250760971490422e+01,9.275495517818833946e+01
1.400454545454545610e+02,1.142560961954666539e+02,1.069570199849078449e+02,5.454000000000001455e+04,8.602536378326421982e+03,4.593746570496328059e+04,2.492761552730371477e-11,2.307257072889643723e+01,9.248891161789207160e+01
1.401704545454545610e+02,1.137156641128752170e+02,1.065541431500488443e+02,5.454000000000001455e+04,8.614640801352237759e+03,4.592536128193749028e+04,2.251532293939817464e-11,2.307261388009388980e+01,9.222481393662543780e+01
1.402954545454545610e+02,1.131832247056618286e+02,1.061566499188301691e+02,5.454000000000001455e+04,8.626740217867660249e+03,4.591326186542209325e+04,2.241051788587355986e-11,2.307263736069182869e+01,9.196265680123238440e+01
1.404204545454545610e+02,1.126585958325699153e+02,1.057644209972976341e+02,5.454000000000001455e+04,8.638834639887212688e+03,4.590116744340256264e+04,2.054534320450329687e-11,2.307264146718498310e+01,9.170243403983265296e+01
1.405454545454545610e+02,1.121416008349282123e+02,1.053773407058726264e+02,5.454000000000001455e+04,8.650924079138036177e+03,4.588907800415175734e+04,2.087041650611354271e-11,2.307262649501063478e+01,9.144413870306021863e+01
1.406704545454545610e+02,1.116320683328984558e+02,1.049952968424384778e+02,5.454000000000001455e+04,8.663008547073461159e+03,4.587699353621635237e+04,1.941202754096593708e-11,2.307259273839082780e+01,9.118776312160177611e+01
1.407954545454545610e+02,1.111298320307062824e+02,1.046181805515541896e+02,5.454000000000001455e+04,8.675088054885940437e+03,4.586491402840389492e+04,1.823252659960417077e-11,2.307254049018399655e+01,9.093329896025780101e+01
1.409204545454545610e+02,1.106347305303963253e+02,1.042458861994801254e+02,5.454000000000001455e+04,8.687162613519360093e+03,4.585283946977049345e+04,1.626254686470929300e-11,2.307247004174561411e+01,9.068073726873493001e+01
1.410454545454545610e+02,1.101466071536821545e+02,1.038783112547208987e+02,5.454000000000001455e+04,8.699232233680770150e+03,4.584076984960909613e+04,1.598010612724465318e-11,2.307238168279748436e+01,9.043006852936471773e+01
1.411704545454545610e+02,1.096653097714823986e+02,1.035153561738142400e+02,5.454000000000001455e+04,8.711296925851545893e+03,4.582870515743833676e+04,1.622879608476068825e-11,2.307227570130534033e+01,9.018128270193298590e+01
1.412954545454545610e+02,1.091906906407610620e+02,1.031569242920954395e+02,5.454000000000001455e+04,8.723356700298025316e+03,4.581664538299187552e+04,1.547562078485498205e-11,2.307215238336435092e+01,8.993436926579155966e+01
1.414204545454545610e+02,1.087226062483099298e+02,1.028029217191953251e+02,5.454000000000001455e+04,8.735411567081635440e+03,4.580459051620827813e+04,1.487343581629829714e-11,2.307201201309224459e+01,8.968931725941443744e+01
1.415454545454545610e+02,1.082609171611314594e+02,1.024532572390366454e+02,5.454000000000001455e+04,8.747461536068538408e+03,4.579254054722138972e+04,1.321254217145906296e-11,2.307185487252970191e+01,8.944611531754974010e+01
1.416704545454545610e+02,1.078054878831007954e+02,1.021078422141087145e+02,5.454000000000001455e+04,8.759506616938817388e+03,4.578049546635112347e+04,1.319833131674386095e-11,2.307168124154767952e+01,8.920475170611047133e+01
1.417954545454545610e+02,1.073561867176010622e+02,1.017665904938069588e+02,5.454000000000001455e+04,8.771546819195220451e+03,4.576845526409472950e+04,1.234390367699234048e-11,2.307149139776139890e+01,8.896521435493740171e+01
1.419204545454545610e+02,1.069128856358455693e+02,1.014294183266487153e+02,5.454000000000001455e+04,8.783582152171495181e+03,4.575641993111846386e+04,1.203304123009729665e-11,2.307128561645068388e+01,8.872749088856019739e+01
1.420454545454545610e+02,1.064754601506142535e+02,1.010962442761689886e+02,5.454000000000001455e+04,8.795612625040315834e+03,4.574438945824965776e+04,1.214317535414011218e-11,2.307106417048635905e+01,8.849156865507458747e+01
1.421704545454545610e+02,1.060437891951475819e+02,1.007669891403260323e+02,5.454000000000001455e+04,8.807638246820841232e+03,4.573236383646914328e+04,1.057109955127089052e-11,2.307082733026246046e+01,8.825743475324652820e+01
1.422954545454545610e+02,1.056177550069538000e+02,1.004415758742468796e+02,5.454000000000001455e+04,8.819659026385905236e+03,4.572034305690409383e+04,1.039346386733086547e-11,2.307057536363394945e+01,8.802507605794752976e+01
1.424204545454545610e+02,1.051972430163003054e+02,1.001199295161518990e+02,5.454000000000001455e+04,8.831674972468859778e+03,4.570832711082114838e+04,8.956391184256062843e-12,2.307030853585972707e+01,8.779447924401928560e+01
1.425454545454545610e+02,1.047821417391702568e+02,9.980197711631572588e+01,5.454000000000001455e+04,8.843686093670101400e+03,4.569631598961991403e+04,9.050538096744276118e-12,2.307002710955067926e+01,8.756563080865946347e+01
1.426704545454545610e+02,1.043728690776804058e+02,9.948764766891271449e+01,5.454000000000001455e+04,8.855692398463274003e+03,4.568430968482675235e+04,8.204992241189756896e-12,2.306973134462250385e+01,8.733851709241541528e+01
1.427954545454545610e+02,1.039719925347286704e+02,9.917687204662210831e+01,5.454000000000001455e+04,8.867693895201175110e+03,4.567230818808886397e+04,9.368505970996920951e-12,2.306942149825313138e+01,8.711312429886670827e+01
1.429204545454545610e+02,1.035760785073996288e+02,9.886958293785423280e+01,5.454000000000001455e+04,8.879690592121385635e+03,4.566031149116866436e+04,8.023803843570931349e-12,2.306909782484448002e+01,8.688943851307375610e+01
1.430454545454545610e+02,1.031850316533371767e+02,9.856571478649073015e+01,5.454000000000001455e+04,8.891682497351615893e+03,4.564831958593844320e+04,8.832046205498045310e-12,2.306876057598836027e+01,8.666744571886391668e+01
1.431704545454545610e+02,1.027987590442081256e+02,9.826520373400657604e+01,5.454000000000001455e+04,8.903669618914804232e+03,4.563633246437526395e+04,7.736034035588090774e-12,2.306841000043633727e+01,8.644713181502288535e+01
1.432954545454545610e+02,1.024171700905919238e+02,9.796798756388301399e+01,5.454000000000001455e+04,8.915651964733960995e+03,4.562435011855611083e+04,7.940315072119119577e-12,2.306804634407331278e+01,8.622848263045534623e+01
1.434204545454545610e+02,1.020401764696228071e+02,9.767400564819267572e+01,5.454000000000001455e+04,8.927629542636786937e+03,4.561237254065329034e+04,7.172928917498211376e-12,2.306766984989470615e+01,8.601148393837459594e+01
1.435454545454545610e+02,1.016676920552686738e+02,9.738319889626995973e+01,5.454000000000001455e+04,8.939602360360055172e+03,4.560039972293002938e+04,7.126743639673804864e-12,2.306728075798699606e+01,8.579612146957751406e+01
1.436704545454545610e+02,1.012996328511371189e+02,9.709550970536497516e+01,5.454000000000001455e+04,8.951570425553787572e+03,4.558843165773630608e+04,6.965095167288382072e-12,2.306687930551148469e+01,8.558238092485827053e+01
1.437954545454545610e+02,1.009359169257033670e+02,9.681088191319889802e+01,5.454000000000001455e+04,8.963533745785223800e+03,4.557646833750487713e+04,7.169376203819410875e-12,2.306646572669110640e+01,8.537024798661040847e+01
1.439204545454545610e+02,1.005764643498607143e+02,9.652926075233273195e+01,5.454000000000001455e+04,8.975492328542602991e+03,4.556450975474750157e+04,6.021849685566849075e-12,2.306604025280014625e+01,8.515970832966469573e+01
1.440454545454545610e+02,1.002211971366977679e+02,9.625059280627162650e+01,5.454000000000001455e+04,8.987446181238745339e+03,4.555255590205136832e+04,5.735856234423408750e-12,2.306560311215666914e+01,8.495074763140682705e+01
1.441704545454545610e+02,9.987003918341149244e+01,9.597482596722643677e+01,5.454000000000001455e+04,8.999395311214471803e+03,4.554060677207564731e+04,4.469313807931030169e-12,2.306515453011757089e+01,8.474335158121692757e+01
1.442954545454545610e+02,9.952291621526974552e+01,9.570190939546453990e+01,5.454000000000001455e+04,9.011339725741847360e+03,4.552866235754828085e+04,5.963229909866640810e-12,2.306469472907606999e+01,8.453750588927000820e+01
1.444204545454545610e+02,9.917975573154025426e+01,9.543179348017348218e+01,5.454000000000001455e+04,9.023279432027266012e+03,4.551672265126286948e+04,6.160405519040068612e-12,2.306422392846153002e+01,8.433319629473452039e+01
1.445454545454545610e+02,9.884048695330665169e+01,9.516442980178146627e+01,5.454000000000001455e+04,9.035214437214375721e+03,4.550478764607576159e+04,5.437428285404166672e-12,2.306374234474147045e+01,8.413040857340406831e+01
1.446704545454545610e+02,8.413985801951204166e+02,9.489977109566659408e+01,5.466375000000001455e+04,9.047216324516055465e+03,4.561653575917145645e+04,3.973744355789676774e-07,2.306325019512452812e+01,8.392912854479544649e+01
1.447954545454545610e+02,1.021773068104695881e+03,1.463493273724367896e+02,5.478750000000001455e+04,9.059358433774448713e+03,4.572814364991683397e+04,3.769883960558217950e-09,2.306274770716604294e+01,8.372934207874554602e+01
1.449204545454545610e+02,1.120835858909266335e+03,1.907981332255419886e+02,5.491125000000001455e+04,9.071661631596745792e+03,4.583959045209456963e+04,3.505817858240334317e-11,2.306223513353926791e+01,8.353103510153690081e+01
1.450454545454545610e+02,1.181981462438397557e+03,2.285436755562078019e+02,5.503500000000001455e+04,9.084126285613348955e+03,4.595087579807797738e+04,1.021760454023024067e-11,2.306171276954740179e+01,8.333419360157984102e+01
1.451704545454545610e+02,1.223977658249691331e+03,2.601503116262630328e+02,5.515875000000001455e+04,9.096747610426824394e+03,4.606200447326450376e+04,4.718003765447065234e-12,2.306118097072182849e+01,8.313880363467730206e+01
1.452954545454545610e+02,1.228774297156945977e+03,2.854062774139970315e+02,5.528250000000001455e+04,9.109511280520375294e+03,4.617299080317107291e+04,1.175948227682965808e-10,2.306064016838192288e+01,8.294485132889592194e+01
1.454204545454545610e+02,1.260318666130142446e+03,3.060535413086957419e+02,5.540625000000001455e+04,9.122397345682382365e+03,4.628385478422675078e+04,4.621768454171615303e-05,2.306009088181234290e+01,8.275232288906633471e+01
1.455454545454545610e+02,1.254348243597502005e+03,3.215806631559956941e+02,5.553000000000001455e+04,9.135370622336975430e+03,4.639463150757216499e+04,8.157030606525950134e-12,2.305953372641045007e+01,8.256120460093303848e+01
1.456704545454545610e+02,1.266324370940980543e+03,3.388536410461608739e+02,5.565375000000001455e+04,9.148428209303367112e+03,4.650532392060577695e+04,2.216893335571512580e-12,2.305896941775545272e+01,8.237148283497425894e+01
1.457954545454545610e+02,1.249803144501144061e+03,3.545048692772388677e+02,5.577750000000001455e+04,9.161562013724664212e+03,4.661594011618450895e+04,2.781064267765032127e-11,2.305839877192327947e+01,8.218314404991004096e+01
1.459204545454545610e+02,1.244819993679304162e+03,3.657824889376350939e+02,5.590125000000001455e+04,9.174760900839113674e+03,4.672649122907009587e+04,3.562661277101142332e-11,2.305782270255867772e+01,8.199617479591661606e+01
1.460454545454545610e+02,1.252771237302309373e+03,3.749818447754901740e+02,5.602500000000001455e+04,9.188013195774961787e+03,4.683698895756217826e+04,2.342793096943296405e-05,2.305724221532728890e+01,8.181056171756375761e+01
1.461704545454545610e+02,1.251751196232511347e+03,3.806066397578205738e+02,5.614875000000001455e+04,9.201321457696825746e+03,4.694743069564032339e+04,9.166001291305292398e-12,2.305665840036835590e+01,8.162629155649109691e+01
1.462954545454545610e+02,1.241463024532881263e+03,3.835830733253892504e+02,5.627250000000001455e+04,9.214684015178545451e+03,4.705781813815873466e+04,1.314077735514729284e-10,2.305607242330904327e+01,8.144335115383896095e+01
1.464204545454545610e+02,1.268132256139652100e+03,3.875436662612873988e+02,5.639625000000001455e+04,9.228122665772227265e+03,4.716812948756513651e+04,8.363087999896379188e-11,2.305548551535470736e+01,8.126172745244737428e+01
1.465454545454545610e+02,1.268335719158896609e+03,3.946805578681812108e+02,5.652000000000001455e+04,9.241622107282921206e+03,4.727838007082971308e+04,2.477527209521213081e-05,2.305489896287982887e+01,8.108140749883776266e+01
1.466704545454545610e+02,1.253460017722408566e+03,3.990590691635665053e+02,5.664375000000001455e+04,9.255141479080670251e+03,4.738861069903206226e+04,9.832490377448266372e-11,2.305431409684590349e+01,8.090237844498975051e+01
1.467954545454545610e+02,1.272636573987568454e+03,4.028823491677163133e+02,5.676750000000001455e+04,9.268730071133189995e+03,4.749877213604065764e+04,2.906111261324895167e-05,2.305373228234264715e+01,8.072462754992560008e+01
1.469204545454545610e+02,1.245475954045743947e+03,4.043006939753045117e+02,5.689125000000001455e+04,9.282384379575119965e+03,4.760886782759890048e+04,1.702460394881200045e-10,2.305315490847881321e+01,8.054814218111376078e+01
1.470454545454545610e+02,1.287407638588007330e+03,4.063687109809886806e+02,5.701500000000001455e+04,9.296086131527401449e+03,4.771891607564669539e+04,7.941025614854879677e-11,2.305258337876009733e+01,8.037290981570266979e+01
1.471704545454545610e+02,1.337399540371290641e+03,4.119660508942353090e+02,5.713875000000001455e+04,9.309846501729753072e+03,4.782890572503091971e+04,1.958657512091122044e-05,2.305201910207205174e+01,8.019891804159512105e+01
1.472954545454545610e+02,1.344027993420687153e+03,4.151304167014975519e+02,5.726250000000001455e+04,9.323670054499190883e+03,4.793883217226149281e+04,1.358557710773311555e-11,2.305146348435005166e+01,8.002615455837296565e+01
1.474204545454545610e+02,1.341412768796185219e+03,4.173948649264195865e+02,5.738625000000001455e+04,9.337545949960180224e+03,4.804870630070013431e+04,2.389962865834149852e-05,2.305091792100519044e+01,7.985460717808172149e+01
1.475454545454545610e+02,1.305575027462957451e+03,4.177616657865829097e+02,5.751000000000001455e+04,9.351472660329385690e+03,4.815852959033109073e+04,1.623874368306132965e-10,2.305038379014018446e+01,7.968426382588344836e+01
1.476704545454545610e+02,1.283419925312581199e+03,4.201108950065868157e+02,5.763375000000001455e+04,9.365444767303339177e+03,4.826830748335724638e+04,1.110578295993036591e-10,2.304986244652016580e+01,7.951511254058664235e+01
1.477954545454545610e+02,1.312615245660653500e+03,4.249334651969321612e+02,5.775750000000001455e+04,9.379448694151931704e+03,4.837805357555002411e+04,1.904136995278804534e-05,2.304935521626954298e+01,7.934714147506046800e+01
1.479204545454545610e+02,1.298671205067208803e+03,4.274172012143928328e+02,5.788125000000001455e+04,9.393506024129863363e+03,4.848774624557210336e+04,1.159605744760483503e-11,2.304886339226539604e+01,7.918033889654115853e+01
1.480454545454545610e+02,1.293131532506528856e+03,4.288772199036546908e+02,5.800500000000001455e+04,9.407610877416998846e+03,4.859739140796394349e+04,1.567897875531798491e-05,2.304838823021161787e+01,7.901469318683730592e+01
1.481704545454545610e+02,1.278879696578966332e+03,4.333852048159892547e+02,5.812875000000001455e+04,9.421759759749616933e+03,4.870699252563139453e+04,6.750155989720951766e-11,2.304793094536827169e+01,7.885019284244066284e+01
1.482954545454545610e+02,1.284206003996910340e+03,4.384739189874062504e+02,5.825250000000001455e+04,9.435958507355901020e+03,4.881654377802523231e+04,1.226396761921932921e-10,2.304749270986288678e+01,7.868682647454861012e+01
1.484204545454545610e+02,1.288360154500384397e+03,4.428081534198315694e+02,5.837625000000001455e+04,9.450194722744216051e+03,4.892605758627739851e+04,2.364047838909755228e-05,2.304707465052561233e+01,7.852458280900425791e+01
1.485454545454545610e+02,1.301294470550618598e+03,4.442476777922300357e+02,5.850000000000001455e+04,9.464479974450248847e+03,4.903552233457139664e+04,3.205968823749572039e-11,2.304667784717998558e+01,7.836345068615945308e+01
1.486704545454545610e+02,1.305086773713117736e+03,4.441648865598473321e+02,5.862375000000001455e+04,9.478812925758849815e+03,4.914493938326294301e+04,1.470255028834799305e-10,2.304630333133398068e+01,7.820341906066626336e+01
1.487954545454545610e+02,1.316414329136320475e+03,4.417781588160917181e+02,5.874750000000001455e+04,9.493202477379905758e+03,4.925429983164208534e+04,1.970761331904213876e-10,2.304595208521135419e+01,7.804725408944204901e+01
1.489204545454545610e+02,1.321956185243476511e+03,4.471345147363556407e+02,5.887125000000001455e+04,9.507637432911675205e+03,4.936361490024805244e+04,2.413773508180838689e-05,2.304562504110091581e+01,7.789553007676813934e+01
1.490454545454545610e+02,1.316922496198543968e+03,4.514240339250405896e+02,5.899500000000001455e+04,9.522123360450166729e+03,4.947287898767618753e+04,1.496662328293041355e-05,2.304532308101973470e+01,7.774475676991259832e+01
1.491704545454545610e+02,1.284991848589707160e+03,4.520947118767532515e+02,5.911875000000001455e+04,9.536637384612695314e+03,4.958211496351368987e+04,3.410605131648480892e-11,2.304504703664971643e+01,7.759492591314578647e+01
1.492954545454545610e+02,1.330227068957808342e+03,4.513672909760048242e+02,5.924250000000001455e+04,9.551189985838393113e+03,4.969131236228800117e+04,6.664890861429739743e-12,2.304479768952130669e+01,7.744602931005468349e+01
1.494204545454545610e+02,1.313089266486052566e+03,4.481279959356714926e+02,5.936625000000001455e+04,9.565796817225829727e+03,4.980045553090075555e+04,1.892317413876298815e-10,2.304457577140497548e+01,7.729805882434907005e+01
1.495454545454545610e+02,1.303086279119755773e+03,4.486962964664247693e+02,5.949000000000001455e+04,9.580446344770945871e+03,4.990955602132532658e+04,1.796968781775376556e-05,2.304438196486050217e+01,7.715100638058771665e+01
1.496704545454545610e+02,1.316634866401619547e+03,4.519779878131334954e+02,5.961375000000001455e+04,9.595134125380840487e+03,5.001861824071544834e+04,1.787725523172412068e-11,2.304421690391727395e+01,7.700486396482858709e+01
1.497954545454545610e+02,1.329253252612578081e+03,4.526105339404906545e+02,5.973750000000001455e+04,9.609897167042405272e+03,5.012760519905389083e+04,3.694822225952520967e-12,2.304408117487373886e+01,7.685962362520754709e+01
1.499204545454545610e+02,1.328415875991923485e+03,4.563380689053487913e+02,5.986125000000001455e+04,9.624701007604056940e+03,5.023655135849243379e+04,1.957261019924771972e-10,2.304397531719636305e+01,7.671527747244886086e+01
1.500454545454545610e+02,1.336668155461686410e+03,4.632449342276112247e+02,5.998500000000001455e+04,9.639562319807670065e+03,5.034544004628887342e+04,5.573497219302225858e-11,2.304389982450855356e+01,7.657181768031166769e+01
1.501704545454545610e+02,1.304058170793480940e+03,4.684860938597457789e+02,6.010875000000001455e+04,9.654478231959856203e+03,5.045427415215827932e+04,1.802159373198719550e-05,2.304385514564912896e+01,7.642923648597584929e+01
1.502954545454545610e+02,1.355176508263711185e+03,4.725096563425342993e+02,6.023250000000001455e+04,9.669422444472313146e+03,5.056307993964587513e+04,5.455547125166049227e-11,2.304384168578999947e+01,7.628752619037011584e+01
1.504204545454545610e+02,1.383116464591099202e+03,4.737632386734621264e+02,6.035625000000001455e+04,9.684447776379045536e+03,5.067180460773914820e+04,6.480149750132113695e-12,2.304385980762152997e+01,7.614667915844647439e+01
1.505454545454545610e+02,1.365176840134664189e+03,4.789862946672396902e+02,6.048000000000001455e+04,9.699521158765870496e+03,5.078048122535233415e+04,1.291766693611862138e-11,2.304390983260432080e+01,7.600668781940296981e+01
1.506704545454545610e+02,1.344688244230123018e+03,4.852039941326387407e+02,6.060375000000001455e+04,9.714631930210474820e+03,5.088912045390858111e+04,8.529070782969938591e-10,2.304399204226177034e+01,7.586754466685850673e+01
1.507954545454545610e+02,1.337628300358597471e+03,4.901324009447472463e+02,6.072750000000001455e+04,9.729780931971290556e+03,5.099772146792864078e+04,1.578087255893478869e-05,2.304410667950767078e+01,7.572924225898175621e+01
1.509204545454545610e+02,1.354318193115485883e+03,4.923332510922884921e+02,6.085125000000001455e+04,9.744963422861006620e+03,5.110628897703901021e+04,8.600409273640252650e-11,2.304425395000065890e+01,7.559177321857718823e+01
1.510454545454545610e+02,1.369589247892407002e+03,4.932181275510264413e+02,6.097500000000001455e+04,9.760204831218390609e+03,5.121479758409680653e+04,1.541518074077430356e-05,2.304443402353414783e+01,7.545513023313057488e+01
1.511704545454545610e+02,1.347306509733947451e+03,4.912206056916861598e+02,6.109875000000001455e+04,9.775487478640627160e+03,5.132326493667466275e+04,9.157474778476171196e-11,2.304464703546115700e+01,7.531930605481610996e+01
1.512954545454545610e+02,1.367120905698618344e+03,4.864293546263350549e+02,6.122250000000001455e+04,9.790788229729478189e+03,5.143171418558586447e+04,5.650235834764316678e-11,2.304489308813493409e+01,7.518429350046770310e+01
1.514204545454545610e+02,1.399007439701658768e+03,4.812494778573225176e+02,6.134625000000001455e+04,9.806142750445282218e+03,5.154010968186521495e+04,1.699515330244594224e-05,2.304517225237776401e+01,7.505008545151633825e+01
1.515454545454545610e+02,1.388162722449539160e+03,4.744195133074016439e+02,6.147000000000001455e+04,9.821534887573017841e+03,5.164846754473762121e+04,1.421369688614504412e-10,2.304548456896522168e+01,7.491667485389540104e+01
1.516704545454545610e+02,1.380629901783737751e+03,4.742912888180197797e+02,6.159375000000001455e+04,9.836976116984718828e+03,5.175677633274266555e+04,1.741674829247585876e-05,2.304583005011712515e+01,7.484590940007946358e+01
1.517954545454545610e+02,1.369634887916022763e+03,4.753683094150297848e+02,6.171750000000001455e+04,9.852480796655710947e+03,5.186502165307196265e+04,2.881392902054358274e-10,2.304620868100883868e+01,7.591639140261571583e+01
1.519204545454545610e+02,1.386437606343004518e+03,4.806704673374482581e+02,6.184125000000001455e+04,9.868017028874022799e+03,5.197323542085369991e+04,4.786215868080034852e-11,2.304662042128007471e+01,7.698520931723167848e+01
1.520454545454545610e+02,1.416129478529790504e+03,4.839611002821380907e+02,6.196500000000001455e+04,9.883573829450777339e+03,5.208142863960535760e+04,1.932841011864638858e-05,2.304706520652544555e+01,7.805156997358338344e+01
1.521704545454545610e+02,1.408893363567502092e+03,4.852506254383004602e+02,6.208875000000001455e+04,9.899176007607884458e+03,5.218957646144832688e+04,7.904077392595354468e-11,2.304754294974763340e+01,7.911470816847582910e+01
1.522954545454545610e+02,1.394640026485043791e+03,4.856451423888961472e+02,6.221250000000001455e+04,9.914847176645722357e+03,5.229765531225471204e+04,1.984422165435262286e-05,2.304805354278295226e+01,8.017388735627362450e+01
1.524204545454545610e+02,1.376047161340619823e+03,4.834481621882139279e+02,6.233625000000001455e+04,9.930565875433316251e+03,5.240568661346766021e+04,5.451852302940096706e-10,2.304859685769045541e+01,8.122840021247219511e+01
1.525454545454545610e+02,1.389284642609470211e+03,4.870544059989383641e+02,6.246000000000001455e+04,9.946310948403870498e+03,5.251369156864110846e+04,2.814400244233183912e-05,2.304917274808389038e+01,8.227756596497705743e+01
1.526704545454545610e+02,1.401748503023070953e+03,4.913885190189171794e+02,6.258375000000001455e+04,9.962110896470858279e+03,5.262164163876377279e+04,1.818965159827712341e-05,2.304978105041072922e+01,8.332072972447961945e+01
1.527954545454545610e+02,1.373135405726990712e+03,4.933070077112636227e+02,6.270750000000001455e+04,9.977947186224886536e+03,5.272955534900984640e+04,1.023607865136000328e-10,2.305042158516920736e+01,8.435725900274744049e+01
1.529204545454545610e+02,1.389065600474561734e+03,4.937709940419789518e+02,6.283125000000001455e+04,9.993843385220441633e+03,5.283740916993836436e+04,1.992407123907469213e-05,2.305109415807436335e+01,8.538654500580001638e+01
1.530454545454545610e+02,1.405209617085331502e+03,4.922991824494233128e+02,6.295500000000001455e+04,1.000979256346236070e+04,5.294520999169695278e+04,5.087201770948013291e-10,2.305179856116057735e+01,8.640800025426217701e+01
1.531704545454545610e+02,1.411621381429790745e+03,4.977274177436644322e+02,6.307875000000001455e+04,1.002577391358004570e+04,5.305297866991135379e+04,2.833208671404463530e-05,2.305253457379845372e+01,8.742105301802985196e+01
1.532954545454545610e+02,1.417997848081155780e+03,5.015995056461607646e+02,6.320250000000001455e+04,1.004181338630336177e+04,5.316068920965144207e+04,1.246340255534050812e-05,2.305330196364034023e+01,8.842514519256896222e+01
1.534204545454545610e+02,1.376234524373409840e+03,5.028097373956343290e+02,6.332625000000001455e+04,1.005789699883989306e+04,5.326835559711520909e+04,2.979732016683556139e-10,2.305410048750158936e+01,8.941973242566876934e+01
1.535454545454545610e+02,1.386583475897029302e+03,5.024168646806116953e+02,6.345000000000001455e+04,1.007403155495624378e+04,5.337597104099888384e+04,2.452793523843865842e-11,2.305492989218502942e+01,9.040428529166638327e+01
1.536704545454545610e+02,1.397592899324120026e+03,5.035430500998979255e+02,6.357375000000001455e+04,1.009023515336393029e+04,5.348351744259126281e+04,6.582467904081568122e-11,2.305578991525809229e+01,9.137829120797832161e+01
1.537954545454545610e+02,1.389837304975563711e+03,5.087733846699857168e+02,6.369750000000001455e+04,1.010646922524496767e+04,5.359103340722470602e+04,3.651448039931892708e-05,2.305668028578937268e+01,9.234125570159943663e+01
1.539204545454545610e+02,1.372209942332533274e+03,5.131276269641523413e+02,6.382125000000001455e+04,1.012275396568240467e+04,5.369849866678728722e+04,1.801936377887614071e-11,2.305760072506148362e+01,9.329270537525495399e+01
1.540454545454545610e+02,1.394351653938819936e+03,5.151684551804231660e+02,6.394500000000001455e+04,1.013911113437055792e+04,5.380589149809917581e+04,4.384048679639818147e-11,2.305855094727855814e+01,9.423219244340528178e+01
1.541704545454545610e+02,1.413957897970392423e+03,5.154242217568995557e+02,6.406875000000001455e+04,1.015550898478681847e+04,5.391324364768292435e+04,1.256239556823857129e-11,2.305953066027714016e+01,9.515929874847363124e+01
1.542954545454545610e+02,1.409208423664885913e+03,5.197603909904094053e+02,6.419250000000001455e+04,1.017194165785863697e+04,5.402056097461123863e+04,1.364810486848000437e-10,2.306053956621860834e+01,9.607363684449643415e+01
1.544204545454545610e+02,1.403827030236996507e+03,5.269923438407959111e+02,6.431625000000001455e+04,1.018842370279944043e+04,5.412782892967043881e+04,5.030642569181509316e-12,2.306157736225787502e+01,9.697485056758554833e+01
1.545454545454545610e+02,1.432306361864533528e+03,5.317281634967773698e+02,6.444000000000001455e+04,1.020500668540249899e+04,5.423499594706743665e+04,5.942979441897477955e-11,2.306264374119815841e+01,9.786261797407692598e+01
1.546704545454545610e+02,1.451740047856469346e+03,5.363376038451376644e+02,6.456375000000001455e+04,1.022166263340725527e+04,5.434208999906270037e+04,2.022204625973245129e-11,2.306373839213257426e+01,9.873665409403902515e+01
1.547954545454545610e+02,1.447927270890853833e+03,5.487547236657786698e+02,6.468750000000001455e+04,1.023839739817378359e+04,5.444910523429622117e+04,4.945377440890297294e-11,2.306486100107888859e+01,9.959671617002969413e+01
1.549204545454545610e+02,1.425652858656428180e+03,5.575976451336263153e+02,6.481125000000001455e+04,1.025521558266711691e+04,5.455603705690727656e+04,7.104391059442605183e-06,2.306601125158169907e+01,1.004426053983479221e+02
1.550454545454545610e+02,1.450338186063095918e+03,5.647624661508012878e+02,6.493500000000001455e+04,1.027211373183512478e+04,5.466288890997464478e+04,2.235376314274617471e-06,2.306718882528219083e+01,1.012741678926239643e+02
1.551704545454545610e+02,1.475265244345671135e+03,5.683076158522596870e+02,6.505875000000001455e+04,1.028910321886653765e+04,5.476964942294341017e+04,1.769251412042649463e-10,2.306839340245709380e+01,1.020912945089521457e+02
1.552954545454545610e+02,1.488303985083886346e+03,5.730301568033841022e+02,6.518250000000001455e+04,1.030620907960041222e+04,5.487629358767786471e+04,2.546832560312850546e-05,2.306962466250679000e+01,1.028939182084920532e+02
1.554204545454545610e+02,1.515382865634177961e+03,5.779838608749564628e+02,6.530625000000001455e+04,1.032336454434545340e+04,5.498288814895560790e+04,2.602278355823273159e-05,2.307088228440210997e+01,1.036820105334911091e+02
1.554545454545454675e+02,1.555267051737680276e+03,5.793312084703513847e+02,6.534000000000001455e+04,1.032805490486627241e+04,5.501194778857546771e+04,1.406829852612645482e-07,2.307122722501483381e+01,1.038957808068010422e+02
1.555795454545454675e+02,1.223302175745631530e+03,5.513366023365008459e+02,6.534000000000001455e+04,1.034495718668080008e+04,5.499504550723642751e+04,4.754875178036854777e-07,2.307251795927006555e+01,1.046653445535826847e+02
1.557045454545454675e+02,9.720865468022377627e+02,5.148952014859453357e+02,6.534000000000001455e+04,1.036119705549498758e+04,5.497880563842223637e+04,-3.382183422218076885e-12,2.307383431980641220e+01,1.054202082078274287e+02
1.558295454545454675e+02,8.134022368764949533e+02,4.790578847169837786e+02,6.534000000000001455e+04,1.037707106156200462e+04,5.496293163235523389e+04,1.288036344249121612e-11,2.307517597259731446e+01,1.061600225272144087e+02
1.559545454545454675e+02,7.016965316254455729e+02,4.458712431713368574e+02,6.534000000000001455e+04,1.039271692501526559e+04,5.494728576890199474e+04,2.391509212884557201e-11,2.307654256870343445e+01,1.068841311038905957e+02
1.560795454545454675e+02,6.166985058373998072e+02,4.156857657991241126e+02,6.534000000000001455e+04,1.040820341519608519e+04,5.493179927872119151e+04,1.394440118929196615e-11,2.307793373629086986e+01,1.075915211550938437e+02
1.562045454545454675e+02,5.494199651952440036e+02,3.888554025438338613e+02,6.534000000000001455e+04,1.042357151175029685e+04,5.491643118216698349e+04,1.767475055203249212e-12,2.307934907192434792e+01,1.082808232032951423e+02
1.563295454545454675e+02,4.958139758257444782e+02,3.658974857397465144e+02,6.534000000000001455e+04,1.043884758243205943e+04,5.490115515664572740e+04,4.516050655034575811e-05,2.308078813177290556e+01,1.089503539010076310e+02
1.564545454545454675e+02,4.526380949836797640e+02,3.457178691951265250e+02,6.534000000000001455e+04,1.045404947800947593e+04,5.488595328031937970e+04,1.925106867517456521e-05,2.308225042329476651e+01,1.095981908131156644e+02
1.565795454545454675e+02,4.175250980126294280e+02,3.279618823047473484e+02,6.534000000000001455e+04,1.046918975751239304e+04,5.487081300829791144e+04,7.481448466961637678e-06,2.308373539786193263e+01,1.102222655800362645e+02
1.567045454545454675e+02,3.886962723365485886e+02,3.123151627439590925e+02,6.534000000000001455e+04,1.048427758657597769e+04,5.485572518310607848e+04,3.871749006734148679e-06,2.308524244466348918e+01,1.108204628239307397e+02
1.568295454545454675e+02,3.651889670918798743e+02,2.984840283154088070e+02,6.534000000000001455e+04,1.049931985226107827e+04,5.484068291999194480e+04,2.570969620308005688e-06,2.308677088610476247e+01,1.113907147212756428e+02
1.569545454545454675e+02,3.466830847222426542e+02,2.862052621365767777e+02,6.534000000000001455e+04,1.051432186442356397e+04,5.482568090963974100e+04,1.810284139480700105e-06,2.308831997480710996e+01,1.119310840885987801e+02
1.570795454545454675e+02,3.308051763101393021e+02,2.752511254874623887e+02,6.534000000000001455e+04,1.052928782449498613e+04,5.481071495088938536e+04,1.321064562631590888e-06,2.308988889221731000e+01,1.124398318066562297e+02
1.572045454545454675e+02,3.169567300403414833e+02,2.654282755448365378e+02,6.534000000000001455e+04,1.054422113408344921e+04,5.479578164229172398e+04,9.908011513459769048e-07,2.309147674875579170e+01,1.129154655558832872e+02
1.573295454545454675e+02,3.047511793835005278e+02,2.565741477187536930e+02,6.534000000000001455e+04,1.055912460053647010e+04,5.478087817659844586e+04,7.597419777738423363e-07,2.309308258538164793e+01,1.133567719885713245e+02
1.574545454545454675e+02,2.938907532424792066e+02,2.486596091274888067e+02,6.534000000000001455e+04,1.057400057832672064e+04,5.476600219940063107e+04,5.924331016871065003e-07,2.309470537641696808e+01,1.137628344912656218e+02
1.575795454545454675e+02,2.854833525293183811e+02,2.415595823422603132e+02,6.534000000000001455e+04,1.058885106939273828e+04,5.475115170880329242e+04,4.686777721474300051e-07,2.309634403344128373e+01,1.141330353876142851e+02
1.577045454545454675e+02,2.781829660869026384e+02,2.350397453870596962e+02,6.534000000000001455e+04,1.060367779604241878e+04,5.473632498252855294e+04,3.749435020239388905e-07,2.309799741006927576e+01,1.144670492708537637e+02
1.578295454545454675e+02,2.714398398806847013e+02,2.290295554501846027e+02,6.534000000000001455e+04,1.061848225521037421e+04,5.472152052366278076e+04,3.021795809132754584e-07,2.309966430742630905e+01,1.147648289230764931e+02
1.579545454545454675e+02,2.650776252076191781e+02,2.234689850743370982e+02,6.534000000000001455e+04,1.063326575965273150e+04,5.470673701946571964e+04,2.452940801589420516e-07,2.310134348013593097e+01,1.150265840159637776e+02
1.580795454545454675e+02,2.590682183992529417e+02,2.183069027652623788e+02,6.534000000000001455e+04,1.064802946971966412e+04,5.469197330959969986e+04,2.009148438730790076e-07,2.310303364264537507e+01,1.152527552732427267e+02
1.582045454545454675e+02,2.533853484620390759e+02,2.134995629747260182e+02,6.534000000000001455e+04,1.066277441809929769e+04,5.467722836138524872e+04,1.651835717098038003e-07,2.310473347573964986e+01,1.154439861737373434e+02
1.583295454545454675e+02,2.480046734889646700e+02,2.091348504356107583e+02,6.534000000000001455e+04,1.067750152959991283e+04,5.466250125002075220e+04,1.361208106231970305e-07,2.310644163310907473e+01,1.156010934161712669e+02
1.584545454545454675e+02,2.429196873890331005e+02,2.050361570138737761e+02,6.534000000000001455e+04,1.069221163694650204e+04,5.464779114278670750e+04,1.125441659866055488e-07,2.310815674786121221e+01,1.157250392919840323e+02
1.585795454545454675e+02,2.381240244546902431e+02,2.011768957253702297e+02,6.534000000000001455e+04,1.070690549372899659e+04,5.463309728609741433e+04,9.319811589136861585e-08,2.310987743888090051e+01,1.158169051495939357e+02
1.587045454545454675e+02,2.335594280298180649e+02,1.975352884074780206e+02,6.534000000000001455e+04,1.072158378493048258e+04,5.461841899497350823e+04,7.757596698354518594e-08,2.311160231696064571e+01,1.158778665228816038e+02
1.588295454545454675e+02,2.292107150955591521e+02,1.940921491502718936e+02,6.534000000000001455e+04,1.073624713563252772e+04,5.460375564433558611e+04,6.412438935399222828e-08,2.311332999064120841e+01,1.159091698927534964e+02
1.589545454545454675e+02,2.250637519084347389e+02,1.908301165242018556e+02,6.534000000000001455e+04,1.075089611858217904e+04,5.458910666143768321e+04,5.174797479412518442e-08,2.311505907171781615e+01,1.159121120915010863e+02
1.590795454545454675e+02,2.211054457255142154e+02,1.877342318330298951e+02,6.534000000000001455e+04,1.076553126043704287e+04,5.457447151962514181e+04,4.232090233813323721e-08,2.311678818038116390e+01,1.158880221478981412e+02
1.592045454545454675e+02,2.173236919656013129e+02,1.847913854289058975e+02,6.534000000000001455e+04,1.078015304688481592e+04,5.455984973321182042e+04,3.445265406298858579e-08,2.311851594997344606e+01,1.158382455324436080e+02
1.593295454545454675e+02,2.137073528036604841e+02,1.819899171424912936e+02,6.534000000000001455e+04,1.079476192708741837e+04,5.454524085303678294e+04,2.756713790574849554e-08,2.312024103134848829e+01,1.157641305858067966e+02
1.594545454545454675e+02,2.102462018799027419e+02,1.793194154564500877e+02,6.534000000000001455e+04,1.080935831754811443e+04,5.453064446259783290e+04,2.174572344415537373e-08,2.312196209683266090e+01,1.156670170017156209e+02
1.595795454545454675e+02,2.069308783653115995e+02,1.767706366616586706e+02,6.534000000000001455e+04,1.082394260545552606e+04,5.451606017470619554e+04,1.577670616370596690e-08,2.312367784378966817e+01,1.155482261947269080e+02
1.597045454545454675e+02,2.037529489478548896e+02,1.743350322068489220e+02,6.534000000000001455e+04,1.083851515160278359e+04,5.450148762856957910e+04,1.064054977462092211e-08,2.312538699779736007e+01,1.154090533767924569e+02
1.598295454545454675e+02,2.007049528886885525e+02,1.720048357827221537e+02,6.534000000000001455e+04,1.085307629287128839e+04,5.448692648730835208e+04,7.279401970095022989e-09,2.312708831544890486e+01,1.152507611534916094e+02
1.599545454545454675e+02,1.977809914597789316e+02,1.697731141991863240e+02,6.534000000000001455e+04,1.086762634417414665e+04,5.447237643601098534e+04,5.490123911044975102e-09,2.312878058679368465e+01,1.150745744687467322e+02
1.600795454545454675e+02,1.949745070200341104e+02,1.676424853806722126e+02,6.534000000000001455e+04,1.088216560003891573e+04,5.445783718015100749e+04,4.794232566496248182e-09,2.313046263743561326e+01,1.148816767344102203e+02
1.602045454545454675e+02,1.922771482178103497e+02,1.656251005410669563e+02,6.534000000000001455e+04,1.089669433606973143e+04,5.444330844412442821e+04,4.237815431906710728e-09,2.313213333030807206e+01,1.146732069885153749e+02
1.603295454545454675e+02,1.896976924503178168e+02,1.636848887751775123e+02,6.534000000000001455e+04,1.091121281044622810e+04,5.442878996975168411e+04,3.756412070288206451e-09,2.313379156714565710e+01,1.144502579362214902e+02
1.604545454545454675e+02,1.872327029446800850e+02,1.618173234724510223e+02,6.534000000000001455e+04,1.092572126533019946e+04,5.441428151487105060e+04,3.340161924825224560e-09,2.313543628967341448e+01,1.142138747408263129e+02
1.605795454545454675e+02,1.848878428512962273e+02,1.600182185206502368e+02,6.534000000000001455e+04,1.094021992813668476e+04,5.439978285206753935e+04,2.975736990151744976e-09,2.313706648053431181e+01,1.139650544468243680e+02
1.607045454545454675e+02,1.826212174071355605e+02,1.582837008484466708e+02,6.534000000000001455e+04,1.095470901268034322e+04,5.438529376752653479e+04,2.657108311154843250e-09,2.313868116397549457e+01,1.137047459311265953e+02
1.608295454545454675e+02,1.804287616056840022e+02,1.566101838905751436e+02,6.534000000000001455e+04,1.096918872021015159e+04,5.437081405999910203e+04,2.378849117690151616e-09,2.314027940631347491e+01,1.134338502913650331e+02
1.609545454545454675e+02,1.783067181063469491e+02,1.549943427366465869e+02,6.534000000000001455e+04,1.098365924034488489e+04,5.435634353986650240e+04,2.135143617465473653e-09,2.314186031619771811e+01,1.131532215915167399e+02
1.610795454545454675e+02,1.762516007977036452e+02,1.534330912799487123e+02,6.534000000000001455e+04,1.099812075192062730e+04,5.434188202829268266e+04,1.922918713148646930e-09,2.314342304469139222e+01,1.128636678950662002e+02
1.612045454545454675e+02,1.742601656252207079e+02,1.519235614183463952e+02,6.534000000000001455e+04,1.101257342376028282e+04,5.432742935645475518e+04,1.729960175111955323e-09,2.314496678518712969e+01,1.125659525248366890e+02
1.613295454545454675e+02,1.723293865380410352e+02,1.504630842250869023e+02,6.534000000000001455e+04,1.102701741537382259e+04,5.431298536484277429e+04,1.561529572313702374e-09,2.314649077317474379e+01,1.122607954966609896e+02
1.614545454545454675e+02,1.704564351743694033e+02,1.490491729474177305e+02,6.534000000000001455e+04,1.104145287759692474e+04,5.429854990262108186e+04,1.412681527312997787e-09,2.314799428587687302e+01,1.119488750813680014e+02
1.615795454545454675e+02,1.686386633787702465e+02,1.476795076703197083e+02,6.534000000000001455e+04,1.105587995317466266e+04,5.428412282704462268e+04,1.279698125244976836e-09,2.314947664176751019e+01,1.116308294562016101e+02
1.617045454545454675e+02,1.668735879381309815e+02,1.463519214817656575e+02,6.534000000000001455e+04,1.107029877729609871e+04,5.426970400292435079e+04,1.161804874527661013e-09,2.315093719998738209e+01,1.113072584127988449e+02
1.618295454545454675e+02,1.651588771073085695e+02,1.450652409591970127e+02,6.534000000000001455e+04,1.108470947808490018e+04,5.425529330213660432e+04,1.056214671280031325e-09,2.315237535966913640e+01,1.109787250942499384e+02
1.619545454545454675e+02,1.634923386137561181e+02,1.438180940190502213e+02,6.534000000000001455e+04,1.109911217705045965e+04,5.424089060317200347e+04,9.613554396992185502e-10,2.315379055918435114e+01,1.106457577385640576e+02
1.620795454545454675e+02,1.618719089084345057e+02,1.426072524525027347e+02,6.534000000000001455e+04,1.111350698950347214e+04,5.422649579071986955e+04,8.766765091650086106e-10,2.315518227532339779e+01,1.103088514100871862e+02
1.622045454545454675e+02,1.602956434833164963e+02,1.414310475551569084e+02,6.534000000000001455e+04,1.112789402493944181e+04,5.421210875528470206e+04,7.998988138524509850e-10,2.315655002241835092e+01,1.099684697040978563e+02
1.623295454545454675e+02,1.587617081129407097e+02,1.402879122720583212e+02,6.534000000000001455e+04,1.114227338739320658e+04,5.419772939283167216e+04,7.321396822135284310e-10,2.315789335141819194e+01,1.096250464129748394e+02
1.624545454545454675e+02,1.572683709043124338e+02,1.391763735448825514e+02,6.534000000000001455e+04,1.115664517576718026e+04,5.418335760445836786e+04,6.700311416807380738e-10,2.315921184892481577e+01,1.092789871450350603e+02
1.625795454545454675e+02,1.558139950594212735e+02,1.380950453453059197e+02,6.534000000000001455e+04,1.117100948413574952e+04,5.416899329609041888e+04,6.161631205259254784e-10,2.316050513619751072e+01,1.089306708894220463e+02
1.627045454545454675e+02,1.543970322699037467e+02,1.370426223234523491e+02,6.534000000000001455e+04,1.118536640202795206e+04,5.415463637819878204e+04,5.637570410499392892e-10,2.316177286813294245e+01,1.085804515223351814e+02
1.628295454545454675e+02,1.530160166753285296e+02,1.360178740084951698e+02,6.534000000000001455e+04,1.119971601469037159e+04,5.414028676553688274e+04,5.179412454481280292e-10,2.316301473222688045e+01,1.082286592514715551e+02
1.629545454545454675e+02,1.516695593261356407e+02,1.350196395057237737e+02,6.534000000000001455e+04,1.121405840333193919e+04,5.412594437689579354e+04,4.764650896049715811e-10,2.316423044752340843e+01,1.078756019968482747e+02
1.630795454545454675e+02,1.503563431000390835e+02,1.340468226407018904e+02,6.534000000000001455e+04,1.122839364535218738e+04,5.411160913487598737e+04,4.391296215544571169e-10,2.316541976355665255e+01,1.075215667072253467e+02
1.632045454545454675e+02,1.490751180271443559e+02,1.330983875067018687e+02,6.534000000000001455e+04,1.124272181455432292e+04,5.409728096567426110e+04,4.057163494053384056e-10,2.316658245928961435e+01,1.071668206121920974e+02
1.633295454545454675e+02,1.478246969844217062e+02,1.321733543764808587e+02,6.534000000000001455e+04,1.125704298134436249e+04,5.408295979888459988e+04,3.756603916826861678e-10,2.316771834205415814e+01,1.068116124106471290e+02
1.634545454545454675e+02,1.466039517247550350e+02,1.312707959437327645e+02,6.534000000000001455e+04,1.127135721291743721e+04,5.406864556731186894e+04,3.447535590339612099e-10,2.316882724649570591e+01,1.064561733969204624e+02
1.635795454545454675e+02,1.454118092096952068e+02,1.303898338633106562e+02,6.534000000000001455e+04,1.128566457343227012e+04,5.405433820679735800e+04,3.203712850563533721e-10,2.316990903352587239e+01,1.061007185261818506e+02
1.637045454545454675e+02,1.442472482184238345e+02,1.295296355626164200e+02,6.534000000000001455e+04,1.129996512417475060e+04,5.404003765605517401e+04,2.969642309835762717e-10,2.317096358928576549e+01,1.057454474210726971e+02
1.638295454545454675e+02,1.431092962083597797e+02,1.286894112994733632e+02,6.534000000000001455e+04,1.131425892371140799e+04,5.402574385651879129e+04,2.763602680033727665e-10,2.317199082412243172e+01,1.053905453217088137e+02
1.639545454545454675e+02,1.419970264054004190e+02,1.278684114443573492e+02,6.534000000000001455e+04,1.132854602803355738e+04,5.401145675219690020e+04,2.555200495635290281e-10,2.317299067158052139e+01,1.050361839813421767e+02
1.640795454545454675e+02,1.409095551040293799e+02,1.270659239671320790e+02,6.534000000000001455e+04,1.134282649069277795e+04,5.399717628953791427e+04,2.371738361262032413e-10,2.317396308741101763e+01,1.046825225100551648e+02
1.642045454545454675e+02,1.398460391594995542e+02,1.262812721104427993e+02,6.534000000000001455e+04,1.135710036292835503e+04,5.398290241730256093e+04,2.215081451595324324e-10,2.317490804859856368e+01,1.043297081689026271e+02
1.643295454545454675e+02,1.388056736560453714e+02,1.255138122337007331e+02,6.534000000000001455e+04,1.137136769378726058e+04,5.396863508644386457e+04,2.064588500161335105e-10,2.317582555240871400e+01,1.039778771169227696e+02
1.644545454545454675e+02,1.377876897366259925e+02,1.247678838905756749e+02,6.534000000000001455e+04,1.138562853023717253e+04,5.395437424999414361e+04,1.919655545634668670e-10,2.317671561545619241e+01,1.036271551134155118e+02
1.645795454545454675e+02,1.367913525810787121e+02,1.240386014033659450e+02,6.534000000000001455e+04,1.139988291727302021e+04,5.394011986295847601e+04,1.790994019756908529e-10,2.317757827279504923e+01,1.032776581778443727e+02
1.647045454545454675e+02,1.358159595207858104e+02,1.233244257603486744e+02,6.534000000000001455e+04,1.141413089801749084e+04,5.392587188221417455e+04,1.660023229987928062e-10,2.317841357703147409e+01,1.029294932096576076e+02
1.648295454545454675e+02,1.348608382790581572e+02,1.226248471729397238e+02,6.534000000000001455e+04,1.142837251381589340e+04,5.391163026641593024e+04,1.554312234475219157e-10,2.317922159745975819e+01,1.025827585702523947e+02
1.649545454545454675e+02,1.339253453274159256e+02,1.219393789282783018e+02,6.534000000000001455e+04,1.144260780432575120e+04,5.389739497590621613e+04,1.456967879676085431e-10,2.318000241922189986e+01,1.022375446292262069e+02
1.650795454545454675e+02,1.330088643488300590e+02,1.212675561024738045e+02,6.534000000000001455e+04,1.145683680760146126e+04,5.388316597263064614e+04,1.366888824350098730e-10,2.318075614249108085e+01,1.018939342769720753e+02
1.652045454545454675e+02,1.321108047997761048e+02,1.206089343584058327e+02,6.534000000000001455e+04,1.147105956017433709e+04,5.386894322005789581e+04,1.278355199474390247e-10,2.318148288167924065e+01,1.015520034055853529e+02
1.653295454545454675e+02,1.312306005636657460e+02,1.199630888216943276e+02,6.534000000000001455e+04,1.148527609712831872e+04,5.385472668310403242e+04,1.191420295754141989e-10,2.318218276466878081e+01,1.012118213599572982e+02
1.654545454545454675e+02,1.303677086888609153e+02,1.193296130289965760e+02,6.534000000000001455e+04,1.149948645217162266e+04,5.384051632806083944e+04,1.115889602942843339e-10,2.318285593206840645e+01,1.008734513608388141e+02
1.655795454545454675e+02,1.295216082050550597e+02,1.187081179432976654e+02,6.534000000000001455e+04,1.151369065770457564e+04,5.382631212252799014e+04,1.055830978202720871e-10,2.318350253649303383e+01,1.005369509015662857e+02
1.657045454545454675e+02,1.286917990123289997e+02,1.180982310312860193e+02,6.534000000000001455e+04,1.152788874488387410e+04,5.381211403534879355e+04,9.855583016360469628e-11,2.318412274186755084e+01,1.002023721200514359e+02
1.658295454545454675e+02,1.278778008376635569e+02,1.174995953983205368e+02,6.534000000000001455e+04,1.154208074368346024e+04,5.379792203654930199e+04,9.158540592579811346e-11,2.318471672275424567e+01,9.986976214754969305e+01
1.659545454545454675e+02,1.270791522541175169e+02,1.169118689768697550e+02,6.534000000000001455e+04,1.155626668295223681e+04,5.378373609728061274e+04,8.676259710682643345e-11,2.318528466370361585e+01,9.953916343563641078e+01
1.660795454545454675e+02,1.262954097582724415e+02,1.163347237646225381e+02,6.534000000000001455e+04,1.157044659046879133e+04,5.376955618976413825e+04,8.198597356567915995e-11,2.318582675862823095e+01,9.921061406273884131e+01
1.662045454545454675e+02,1.255261469018969080e+02,1.157678451087863323e+02,6.534000000000001455e+04,1.158462049299331375e+04,5.375538228723969223e+04,7.690381664815504337e-11,2.318634321019928279e+01,9.888414802149280547e+01
1.663295454545454675e+02,1.247709534741052551e+02,1.152109310333576104e+02,6.534000000000001455e+04,1.159878841631684918e+04,5.374121436391623138e+04,7.274891800079785753e-11,2.318683422926543969e+01,9.855979548811819768e+01
1.664545454545454675e+02,1.240294347305798652e+02,1.146636916064022245e+02,6.534000000000001455e+04,1.161295038530805505e+04,5.372705239492509281e+04,6.791012197027157526e-11,2.318730003429356401e+01,9.823758307493605457e+01
1.665795454545454675e+02,1.233012106666911762e+02,1.141258483446223977e+02,6.534000000000001455e+04,1.162710642395759896e+04,5.371289635627561074e+04,6.400213692359102424e-11,2.318774085083085978e+01,9.791753406708140517e+01
1.667045454545454675e+02,1.225859153315945491e+02,1.135971336526777975e+02,6.534000000000001455e+04,1.164125655542031200e+04,5.369874622481295955e+04,6.095035587350139394e-11,2.318815691098795995e+01,9.759966864440229983e+01
1.668295454545454675e+02,1.218831961806057222e+02,1.130772902949417613e+02,6.534000000000001455e+04,1.165540080205524464e+04,5.368460197817808512e+04,5.691269677754462464e-11,2.318854845294248790e+01,9.728400408947402411e+01
1.669545454545454675e+02,1.211927134633586007e+02,1.125660708975390065e+02,6.534000000000001455e+04,1.166953918546372188e+04,5.367046359476966609e+04,5.381295409279118758e-11,2.318891572046258176e+01,9.697055498259986450e+01
1.670795454545454675e+02,1.205141396454370124e+02,1.120632374786637229e+02,6.534000000000001455e+04,1.168367172652551017e+04,5.365633105370793055e+04,5.098321764762658859e-11,2.318925896244989460e+01,9.665933338461547919e+01
1.672045454545454675e+02,1.198471588613414553e+02,1.115685610053494514e+02,6.534000000000001455e+04,1.169779844543320723e+04,5.364220433480028441e+04,4.770406292209372623e-11,2.318957843250153061e+01,9.635034900826281046e+01
1.673295454545454675e+02,1.191914663968088917e+02,1.110818209749661492e+02,6.534000000000001455e+04,1.171191936172492933e+04,5.362808341850860597e+04,4.460609659417968942e-11,2.318987438849041283e+01,9.604360937885121530e+01
1.674545454545454675e+02,1.185467681986465038e+02,1.106028050198704875e+02,6.534000000000001455e+04,1.172603449431540503e+04,5.361396828591817030e+04,4.358824412520334590e-11,2.319014709216357062e+01,9.573911998487814401e+01
1.675795454545454675e+02,1.179127804103727186e+02,1.101313085337344262e+02,6.534000000000001455e+04,1.174014386152554835e+04,5.359985891870806518e+04,4.116706975310080452e-11,2.319039680875781073e+01,9.543688441923907817e+01
1.677045454545454675e+02,1.172892289320794958e+02,1.096671343181904916e+02,6.534000000000001455e+04,1.175424748111058943e+04,5.358575529912306229e+04,3.820410654498118674e-11,2.319062380663227074e+01,9.513690451161663475e+01
1.678295454545454675e+02,1.166758490030419182e+02,1.092100922485202261e+02,6.534000000000001455e+04,1.176834537028684827e+04,5.357165740994684165e+04,3.714539786869863747e-11,2.319082835691732214e+01,9.483918045260139706e+01
1.679545454545454675e+02,1.160723848057031233e+02,1.087599989572110246e+02,6.534000000000001455e+04,1.178243754575720777e+04,5.355756523447651853e+04,3.375966173280176008e-11,2.319101073317931849e+01,9.454371091006143502e+01
1.680795454545454675e+02,1.154785890897578611e+02,1.083166775342877202e+02,6.534000000000001455e+04,1.179652402373535733e+04,5.354347875649839989e+04,3.326761088828789070e-11,2.319117121110070201e+01,9.425049313824494845e+01
1.682045454545454675e+02,1.148942228151446159e+02,1.078799572433856895e+02,6.534000000000001455e+04,1.181060481996887393e+04,5.352939796026491240e+04,3.132427650598401669e-11,2.319131006817493201e+01,9.395952308006987153e+01
1.683295454545454675e+02,1.143190548128374928e+02,1.074496732526288696e+02,6.534000000000001455e+04,1.182467994976119371e+04,5.351532283047262172e+04,2.975220070311479503e-11,2.319142758341577704e+01,9.367079546302463200e+01
1.684545454545454675e+02,1.137528614624029615e+02,1.070256663794187943e+02,6.534000000000001455e+04,1.183874942799253040e+04,5.350125335224131413e+04,2.902211804212129209e-11,2.319152403708046606e+01,9.338430388907802637e+01
1.685795454545454675e+02,1.131954263853551481e+02,1.066077828483044811e+02,6.534000000000001455e+04,1.185281326913979137e+04,5.348718951109408226e+04,2.727595926899084589e-11,2.319159971040624413e+01,9.310004091897037881e+01
1.687045454545454675e+02,1.126465401534079547e+02,1.061958740611734697e+02,6.534000000000001455e+04,1.186687148729554974e+04,5.347313129293834936e+04,2.478728333699109498e-11,2.319165488535983854e+01,9.281799815123477515e+01
1.688295454545454675e+02,1.121060000107803063e+02,1.057897963790318840e+02,6.534000000000001455e+04,1.188092409618611055e+04,5.345907868404781038e+04,2.505906593341933331e-11,2.319168984439941283e+01,9.253816629627493739e+01
1.689545454545454675e+02,1.115736096097657537e+02,1.053894109147093445e+02,6.534000000000001455e+04,1.189497110918871113e+04,5.344503167104523163e+04,2.275157839903840795e-11,2.319170487024852889e+01,9.226053524580551368e+01
1.690795454545454675e+02,1.110491787588281056e+02,1.049945833358527238e+02,6.534000000000001455e+04,1.190901253934791384e+04,5.343099024088605074e+04,2.186162362249888247e-11,2.319170024568170163e+01,9.198509413794118927e+01
1.692045454545454675e+02,1.105325231825323300e+02,1.046051836776304640e+02,6.534000000000001455e+04,1.192304839939121666e+04,5.341695438084276975e+04,1.982058961402799468e-11,2.319167625332113047e+01,9.171183141820323215e+01
1.693295454545454675e+02,1.100234642926625526e+02,1.042210861645853868e+02,6.534000000000001455e+04,1.193707870174392156e+04,5.340292407849008305e+04,1.978506247723998968e-11,2.319163317544415648e+01,9.144073489669449373e+01
1.694545454545454675e+02,1.095218289699206053e+02,1.038421690411350653e+02,6.534000000000001455e+04,1.195110345854330080e+04,5.338889932169071835e+04,1.871214294624223839e-11,2.319157129380107918e+01,9.117179180167877917e+01
1.695795454545454675e+02,1.090274493556350990e+02,1.034683144102234849e+02,6.534000000000001455e+04,1.196512268165209935e+04,5.337488009858193982e+04,1.881161892924865242e-11,2.319149088944291037e+01,9.090498882978535278e+01
1.697045454545454675e+02,1.085401626529472452e+02,1.030994080796820640e+02,6.534000000000001455e+04,1.197913638267138776e+04,5.336086639756266959e+04,1.732125554099184228e-11,2.319139224255870957e+01,9.064031219304479237e+01
1.698295454545454675e+02,1.080598109369708197e+02,1.027353394158692055e+02,6.534000000000001455e+04,1.199314457295281136e+04,5.334685820728126419e+04,1.596767162936885143e-11,2.319127563232210676e+01,9.037774766295113693e+01
1.699545454545454675e+02,1.075862409734555598e+02,1.023760012042007048e+02,6.534000000000001455e+04,1.200714726361026260e+04,5.333285551662382932e+04,1.696598417311179219e-11,2.319114133674666078e+01,9.011728061173121773e+01
1.700795454545454675e+02,1.071193040455101766e+02,1.020212895161864708e+02,6.534000000000001455e+04,1.202114446553100606e+04,5.331885831470310222e+04,1.601918597771145869e-11,2.319098963254969803e+01,8.985889605099210087e+01
1.702045454545454675e+02,1.066588557879688182e+02,1.016711035826305931e+02,6.534000000000001455e+04,1.203513618938626496e+04,5.330486659084785788e+04,1.402256089022557717e-11,2.319082079502431171e+01,8.960257866790615822e+01
1.703295454545454675e+02,1.062047560290081663e+02,1.013253456726622375e+02,6.534000000000001455e+04,1.204912244564131834e+04,5.329088033459281723e+04,1.384314884944615187e-11,2.319063509791915223e+01,8.934831285908386178e+01
1.704545454545454675e+02,1.057568686386464378e+02,1.009839209782936820e+02,6.534000000000001455e+04,1.206310324456511626e+04,5.327689953566903569e+04,1.334932164809288224e-11,2.319043281332572448e+01,8.909608276227471890e+01
1.705795454545454675e+02,1.053150613837763245e+02,1.006467375042069392e+02,6.534000000000001455e+04,1.207707859623944387e+04,5.326292418399472081e+04,1.286615258777601412e-11,2.319021421157287577e+01,8.884587228602828191e+01
1.707045454545454675e+02,1.048792057894043239e+02,1.003137059625011744e+02,6.534000000000001455e+04,1.209104851056764528e+04,5.324895426966653031e+04,1.306688091062824242e-11,2.318997956112817249e+01,8.859766513743902294e+01
1.708295454545454675e+02,1.044491770057874191e+02,9.998473967214290781e+01,6.534000000000001455e+04,1.210501299728294180e+04,5.323498978295124107e+04,1.107736125049996190e-11,2.318972912850585288e+01,8.835144484809097776e+01
1.709545454545454675e+02,1.040248536811758981e+02,9.966068784489064569e+01,6.534000000000001455e+04,1.211897206595635180e+04,5.322103071427784016e+04,1.122124615449138219e-11,2.318946317818113201e+01,8.810719479831124090e+01
1.710795454545454675e+02,1.036061178398872329e+02,9.934152903392923406e+01,6.534000000000001455e+04,1.213292572600423591e+04,5.320707705422996514e+04,1.077715694464131957e-11,2.318918197251052149e+01,8.786489823983478686e+01
1.712045454545454675e+02,1.031928547654517132e+02,9.902606765778347153e+01,6.534000000000001455e+04,1.214687398669548020e+04,5.319312879353872995e+04,1.051247977557068225e-11,2.318888577165796860e+01,8.762453831697618511e+01
1.713295454545454675e+02,1.027849528885842858e+02,9.871423205719217719e+01,6.534000000000001455e+04,1.216081685715834465e+04,5.317918592307587824e+04,1.025846074753644643e-11,2.318857483352649496e+01,8.738609808639876064e+01
1.714545454545454675e+02,1.023823036797511463e+02,9.840595249076451978e+01,6.534000000000001455e+04,1.217475434638698061e+04,5.316524843384724954e+04,8.302691867356770672e-12,2.318824941369515358e+01,8.714956053556569771e+01
1.715795454545454675e+02,1.019848015461129194e+02,9.810116107014610520e+01,6.534000000000001455e+04,1.218868646324764086e+04,5.315131631698659476e+04,8.840927989695046563e-12,2.318790976536103798e+01,8.691490859995249707e+01
1.717045454545454675e+02,1.015923437326357970e+02,9.779979169780592940e+01,6.534000000000001455e+04,1.220261321648458761e+04,5.313738956374965346e+04,8.204992241189756896e-12,2.318755613928610870e+01,8.668212517909566373e+01
1.718295454545454675e+02,1.012048302271761315e+02,9.750178000731568773e+01,6.534000000000001455e+04,1.221653461472572599e+04,5.312346816550852236e+04,8.178346888598753139e-12,2.318718878374863834e+01,8.645119315154767037e+01
1.719545454545454675e+02,1.008221639969125789e+02,9.720706330600930301e+01,6.534000000000001455e+04,1.223045066648795728e+04,5.310955211374630017e+04,7.503331289626657963e-12,2.318680794449906202e+01,8.622209538880409241e+01
1.720795454545454675e+02,1.004451211502607748e+02,9.691558051991582090e+01,6.534000000000001455e+04,1.224436138018228485e+04,5.309564140005197987e+04,7.508660360144858714e-12,2.318641386472002353e+01,8.599481476826494486e+01
1.722045454545454675e+02,1.000727154756927746e+02,9.662727214085526839e+01,6.534000000000001455e+04,1.225826676411866720e+04,5.308173601611560298e+04,7.403855306620243937e-12,2.318600678499041834e+01,8.576933418528840036e+01
1.723295454545454675e+02,9.970485771606828962e+01,9.634208017561083182e+01,6.534000000000001455e+04,1.227216682651064184e+04,5.306783595372363197e+04,6.567191235262725968e-12,2.318558694325325931e+01,8.554563656439152908e+01
1.724545454545454675e+02,9.934146091162502046e+01,9.605994809707063098e+01,6.534000000000001455e+04,1.228606157547972180e+04,5.305394120475455566e+04,6.465938895416911691e-12,2.318515457478716968e+01,8.532370486964967427e+01
1.725795454545454675e+02,9.898244032647227186e+01,9.578082079726489440e+01,6.534000000000001455e+04,1.229995101905958109e+04,5.304005176117470546e+04,6.137312880127865355e-12,2.318470991218134003e+01,8.510352211434259573e+01
1.727045454545454675e+02,9.862771337788339565e+01,9.550464454219719812e+01,6.534000000000001455e+04,1.231383516520003286e+04,5.302616761503426096e+04,6.217248937900876626e-12,2.318425318531377854e+01,8.488507136989309743e+01
1.728295454545454675e+02,9.827719956826355485e+01,9.523136692841316631e+01,6.534000000000001455e+04,1.232771402177082200e+04,5.301228875846348092e+04,5.886846565772430040e-12,2.318378462133268059e+01,8.466833577414075762e+01
1.729545454545454675e+02,9.793082041967637963e+01,9.496093684120397427e+01,6.534000000000001455e+04,1.234158759656522307e+04,5.299841518366908713e+04,5.929479129918036051e-12,2.318330444464079321e+01,8.445329853899094985e+01
1.730795454545454675e+02,9.758849941081751922e+01,9.469330441439629453e+01,6.534000000000001455e+04,1.235545589730346546e+04,5.298454688293085201e+04,5.197620112085132860e-12,2.318281287688258274e+01,8.423994295747711192e+01
1.732045454545454675e+02,9.725016191632981588e+01,9.442842099164458602e+01,6.534000000000001455e+04,1.236931893163598943e+04,5.297068384859833168e+04,5.162092975297127850e-12,2.318231013693410958e+01,8.402825241027171899e+01
1.733295454545454675e+02,9.691573514835904746e+01,9.416623908916744767e+01,6.534000000000001455e+04,1.238317670714654378e+04,5.295682607308778097e+04,4.925837515656894539e-12,2.318179644089542180e+01,8.381821037167958366e+01
1.734545454545454675e+02,9.658514810025478425e+01,9.390671235986415866e+01,6.534000000000001455e+04,1.239702923135512719e+04,5.294297354887919937e+04,4.600764214046648704e-12,2.318127200208539662e+01,8.360980041514486061e+01
1.735795454545454675e+02,8.572060733213443200e+02,9.784411519421104231e+01,6.546375000000001455e+04,1.241094938837003247e+04,5.305280339228594676e+04,4.216561251269013155e-07,2.318073703654390627e+01,8.340300621830253647e+01
1.737045454545454675e+02,1.042752323544310684e+03,1.494765467107823440e+02,6.558750000000001455e+04,1.242501380262306338e+04,5.316248897803576256e+04,2.843222546289325692e-09,2.318019177573821565e+01,8.319781156760394936e+01
1.738295454545454675e+02,1.139674358311475771e+03,1.934188528244677912e+02,6.571125000000001455e+04,1.243923652133966061e+04,5.327201625931921444e+04,4.840217115997802466e-11,2.317963648436385071e+01,8.299420036254313970e+01
1.739545454545454675e+02,1.197238287488551350e+03,2.312115517429477336e+02,6.583500000000001455e+04,1.245361530713235516e+04,5.338138747352651990e+04,3.595346242946106941e-12,2.317907147994089812e+01,8.279215661950911453e+01
1.740795454545454675e+02,1.236760406673313128e+03,2.633413624311020271e+02,6.595875000000001455e+04,1.246814673161917926e+04,5.349060604903969943e+04,3.439026841078884900e-12,2.317849715129492338e+01,8.259166447528652100e+01
1.742045454545454675e+02,1.224095618256541684e+03,2.892190874143136625e+02,6.608250000000001455e+04,1.248281702564034822e+04,5.359968575501860323e+04,7.176481631177011877e-11,2.317791397391751218e+01,8.239270819022625858e+01
1.743295454545454675e+02,1.236223231207698518e+03,3.100756632994980464e+02,6.620625000000001455e+04,1.249761075153510683e+04,5.370864207101265492e+04,4.188880785704895970e-05,2.317732252114410230e+01,8.219527215110512941e+01
1.744545454545454675e+02,1.231120456199359523e+03,3.262577161460118305e+02,6.633000000000001455e+04,1.251249704388746432e+04,5.381750577866030653e+04,1.058708676282549277e-11,2.317672347079694362e+01,8.199934087369324232e+01
1.745795454545454675e+02,1.244649706366671126e+03,3.400652870671318055e+02,6.645375000000001455e+04,1.252746236735943239e+04,5.392629045518835483e+04,1.499245172453811392e-11,2.317611760748868477e+01,8.180489900504669265e+01
1.747045454545454675e+02,1.235428313543526656e+03,3.540871328395805335e+02,6.657750000000001455e+04,1.254250860982660924e+04,5.403499421272141626e+04,2.416982169961556792e-10,2.317550582107947932e+01,8.161193132554168983e+01
1.748295454545454675e+02,1.235549127536375408e+03,3.649471977138395005e+02,6.670125000000001455e+04,1.255762390333337316e+04,5.414362891921466507e+04,1.321609488513786346e-11,2.317488910192104257e+01,8.142042275066623347e+01
1.749545454545454675e+02,1.246967501475002564e+03,3.734496322310127425e+02,6.682500000000001455e+04,1.257280381634106925e+04,5.425219900620700355e+04,3.755928901227889583e-11,2.317426853360233707e+01,8.123035833258384741e+01
1.750795454545454675e+02,1.227601016404949178e+03,3.794049302252736879e+02,6.694875000000001455e+04,1.258804363304836625e+04,5.436070918949971383e+04,8.228084880101960152e-12,2.317364528386608669e+01,8.104172326148410832e+01
1.752045454545454675e+02,1.242083369597327646e+03,3.831898957493593798e+02,6.707250000000001455e+04,1.260334519755766632e+04,5.446915762499048287e+04,6.882316938572330400e-11,2.317302059429315619e+01,8.085450286673278697e+01
1.753295454545454675e+02,1.256861120050532918e+03,3.910465663969674779e+02,6.719625000000001455e+04,1.261871068994408961e+04,5.457754213260411052e+04,5.411493475548923016e-11,2.317239576927246958e+01,8.066868261783496052e+01
1.754545454545454675e+02,1.251071461634126536e+03,3.993143893613204227e+02,6.732000000000001455e+04,1.263413202675533284e+04,5.468587079579287092e+04,3.353761712787672877e-12,2.317177216468041578e+01,8.048424812522289074e+01
1.755795454545454675e+02,1.278467761760522080e+03,4.044087290654737217e+02,6.744375000000001455e+04,1.264959581554571378e+04,5.479415700700253365e+04,4.267519670975161716e-11,2.317115117661257173e+01,8.030118514088016468e+01
1.757045454545454675e+02,1.328568762554890100e+03,4.088519411039884517e+02,6.756750000000001455e+04,1.266511559794664208e+04,5.490238722460171266e+04,1.104893954106955789e-10,2.317053423043985205e+01,8.011947955881322514e+01
1.758295454545454675e+02,1.304298621318276673e+03,4.108738638669790362e+02,6.769125000000001455e+04,1.268069559753987050e+04,5.501055722500853881e+04,5.707079253625124693e-11,2.316992277038119852e+01,7.993911741538023819e+01
1.759545454545454675e+02,1.286893176783622494e+03,4.135840580632990964e+02,6.781500000000001455e+04,1.269632541163237511e+04,5.511867741091609787e+04,6.653522177657578140e-11,2.316931824972126464e+01,7.976008488948723141e+01
1.760795454545454675e+02,1.275836724792325185e+03,4.189236373326361900e+02,6.793875000000001455e+04,1.271200607721303822e+04,5.522674677132967918e+04,2.599424151128459926e-05,2.316872212176214418e+01,7.958236830266064032e+01
1.762045454545454675e+02,1.303757345421661057e+03,4.219806486593839168e+02,6.806250000000001455e+04,1.272773792248752579e+04,5.533476492605520616e+04,1.632827206776710227e-11,2.316813583157261647e+01,7.940595411900505951e+01
1.763295454545454675e+02,1.306283110555797521e+03,4.239959457925604056e+02,6.818625000000001455e+04,1.274351855500850252e+04,5.544273429353493702e+04,7.057394668663619086e-10,2.316756080857058464e+01,7.923082894505456863e+01
1.764545454545454675e+02,1.305876881624235466e+03,4.238108675976091035e+02,6.831000000000001455e+04,1.275936024347950661e+04,5.555064260506398568e+04,5.609024356090230867e-11,2.316699845993640139e+01,7.905697952952509411e+01
1.765795454545454675e+02,1.284578024833386280e+03,4.237765082428943515e+02,6.843375000000001455e+04,1.277524673148908187e+04,5.565850611705446499e+04,5.658762347593437880e-11,2.316645016480585539e+01,7.888439276297590652e+01
1.767045454545454675e+02,1.290866170856221061e+03,4.283884834928076657e+02,6.855750000000001455e+04,1.279117992865989254e+04,5.576632291988366342e+04,1.166711172118084505e-11,2.316591726920646011e+01,7.871305567738693298e+01
1.768295454545454675e+02,1.315230716600442292e+03,4.315357062693802845e+02,6.868125000000001455e+04,1.280716884094459056e+04,5.587408400759899814e+04,2.908961960201850161e-11,2.316540108168862488e+01,7.854295544565898979e+01
1.769545454545454675e+02,1.355970860679164616e+03,4.325336831396230082e+02,6.880500000000001455e+04,1.282321157187468452e+04,5.598179130405075557e+04,2.738185489192801469e-05,2.316490286960931400e+01,7.837407938104344396e+01
1.770795454545454675e+02,1.337495949057938105e+03,4.363494851012936806e+02,6.892875000000001455e+04,1.283930967137831976e+04,5.608944320454720582e+04,8.419931418757187203e-11,2.316442385602850962e+01,7.820641493650754228e+01
1.772045454545454675e+02,1.319637704971449239e+03,4.425849281761550174e+02,6.905250000000001455e+04,1.285545771649770359e+04,5.619704515942829312e+04,4.678923914980259724e-10,2.316396521716987067e+01,7.803994970404183107e+01
1.773295454545454675e+02,1.314428919479275237e+03,4.470323829555059660e+02,6.917625000000001455e+04,1.287165758337977240e+04,5.630459529254622612e+04,2.813749233609996736e-12,2.316352808039677669e+01,7.787467141391535108e+01
1.774545454545454675e+02,1.341561569732203679e+03,4.494046446919585378e+02,6.930000000000001455e+04,1.288790053531336343e+04,5.641210234061267693e+04,4.312994406063808128e-11,2.316311352264846946e+01,7.771056793388441974e+01
1.775795454545454675e+02,1.353266364090548677e+03,4.495612829179395362e+02,6.942375000000001455e+04,1.290420636327129250e+04,5.651954653143254109e+04,1.877779595815809444e-05,2.316272256929635631e+01,7.754762726836091247e+01
1.777045454545454675e+02,1.343044342654029379e+03,4.528181058382641027e+02,6.954750000000001455e+04,1.292054735310079013e+04,5.662695554160315078e+04,1.081303935279720463e-10,2.316235619337371787e+01,7.738583755754515892e+01
1.778295454545454675e+02,1.348416582017496694e+03,4.589312919075143782e+02,6.967125000000001455e+04,1.293692887658516884e+04,5.673432403645596787e+04,1.833719916533027572e-05,2.316201531513163658e+01,7.722518707652938019e+01
1.779545454545454675e+02,1.390695629359698614e+03,4.630758686256588703e+02,6.979500000000001455e+04,1.295336151061541386e+04,5.684164140242572466e+04,4.206412995699793100e-12,2.316170080190180869e+01,7.706566423437641333e+01
1.780795454545454675e+02,1.376778368166799964e+03,4.634893334800232765e+02,6.991875000000001455e+04,1.296984769101596794e+04,5.694890522202525608e+04,8.360245828953338787e-11,2.316141346822641722e+01,7.690725757317945011e+01
1.782045454545454675e+02,1.366777535118847254e+03,4.629664023983164043e+02,7.004250000000001455e+04,1.298638394052577132e+04,5.705611897251545452e+04,4.988010005035903305e-12,2.316115407623031430e+01,7.674995576710762180e+01
1.783295454545454675e+02,1.336709878913580042e+03,4.598620365862582275e+02,7.016625000000001455e+04,1.300298279693321820e+04,5.716327011610813497e+04,1.296740492762182839e-10,2.316092333619732813e+01,7.659374762144251747e+01
1.784545454545454675e+02,1.367820931860234168e+03,4.622890172680912997e+02,7.029000000000001455e+04,1.301961682954292883e+04,5.727038610974047333e+04,2.624205195900231047e-05,2.316072190731299330e+01,7.643862207161058109e+01
1.785795454545454675e+02,1.390612524759543021e+03,4.654734873894915950e+02,7.041375000000001455e+04,1.303630801084120685e+04,5.737744492844220804e+04,1.159605744760483503e-11,2.316055039855694986e+01,7.628456818221620495e+01
1.787045454545454675e+02,1.390724333787995647e+03,4.657706130673099096e+02,7.053750000000001455e+04,1.305305799691478023e+04,5.748444494236865285e+04,2.060573933704290539e-11,2.316040936973403319e+01,7.613157514608033694e+01
1.788295454545454675e+02,1.389641342597319863e+03,4.648822176588108732e+02,7.066125000000001455e+04,1.306985557234585758e+04,5.759139736693763552e+04,6.063771706976694986e-11,2.316029933263683205e+01,7.597963228328883645e+01
1.789545454545454675e+02,1.342018637487450405e+03,4.693442735534290478e+02,7.078500000000001455e+04,1.308669528121105941e+04,5.769830765807251009e+04,7.673861546209082007e-11,2.316022075231983735e+01,7.582872904025545324e+01
1.790795454545454675e+02,1.318161720902294974e+03,4.738423762467073175e+02,7.090875000000001455e+04,1.310357969975812193e+04,5.780517326008561213e+04,2.056016688811723725e-05,2.316017404844849281e+01,7.567885498880343675e+01
1.792045454545454675e+02,1.343574432948971889e+03,4.772807720602296513e+02,7.103250000000001455e+04,1.312050084285000776e+04,5.791200211699376086e+04,3.259970071667339653e-11,2.316015959671639735e+01,7.552999982526992540e+01
1.793295454545454675e+02,1.360571067886830633e+03,4.778867467753141796e+02,7.115625000000001455e+04,1.313748686920754335e+04,5.801876609063628712e+04,6.380673767125699669e-11,2.316017773032262994e+01,7.567845834933081051e+01
1.794545454545454675e+02,1.343577929722048793e+03,4.762404150059065842e+02,7.128000000000001455e+04,1.315450233147562722e+04,5.812550062836831785e+04,1.170121777249732986e-10,2.316022874148774946e+01,7.654607610126883799e+01
1.795795454545454675e+02,1.352351394450394992e+03,4.785206835041337854e+02,7.140375000000001455e+04,1.317155901482808986e+04,5.823219394501593342e+04,7.747757990728132427e-11,2.316031288297997293e+01,7.740261898814928543e+01
1.797045454545454675e+02,1.400830594685897040e+03,4.828974442977380477e+02,7.152750000000001455e+04,1.318866749771865761e+04,5.833883547982569871e+04,1.770033281900396105e-05,2.316043036963203861e+01,7.824767135649041450e+01
1.798295454545454675e+02,1.410222698605351525e+03,4.850131775896918498e+02,7.165125000000001455e+04,1.320581045610523324e+04,5.844544252143913764e+04,1.693933882052078843e-11,2.316058137984113330e+01,7.908085984413551728e+01
1.799545454545454675e+02,1.400338601424009539e+03,4.862913029029770087e+02,7.177500000000001455e+04,1.322300091154129041e+04,5.855200206600309320e+04,1.520561454526614398e-11,2.316076605706002667e+01,7.990185067064061286e+01
1.800795454545454675e+02,1.383700141424370258e+03,4.851026183823591964e+02,7.189875000000001455e+04,1.324024101594183594e+04,5.865851196160256222e+04,1.662670001678634435e-11,2.316098451129137459e+01,8.071034769948686005e+01
1.802045454545454675e+02,1.368948006231152704e+03,4.814168771235001145e+02,7.202250000000001455e+04,1.325753542848613870e+04,5.876496754905835405e+04,9.033840342453913763e-11,2.316123682057401112e+01,8.150609046876760999e+01
1.803295454545454675e+02,1.360211444006328293e+03,4.827997368560877476e+02,7.214625000000001455e+04,1.327485961965222486e+04,5.887139337103572325e+04,1.314345369962666155e-05,2.316152303245030097e+01,8.228885224748368898e+01
1.804545454545454675e+02,1.324276922929683451e+03,4.836672888310242797e+02,7.227000000000001455e+04,1.329221220159890618e+04,5.897779078908914380e+04,1.055298071150900796e-10,2.316184316539175114e+01,8.305843763037069039e+01
1.805795454545454675e+02,1.390510297947737627e+03,4.843017762163332236e+02,7.239375000000001455e+04,1.330962552836411487e+04,5.908412747543031583e+04,1.310637883022991446e-05,2.316219721019746558e+01,8.381468044900890391e+01
1.807045454545454675e+02,1.395182813237651544e+03,4.829697365483826843e+02,7.251750000000001455e+04,1.332710865136624852e+04,5.919039435242833861e+04,1.536903937449096702e-10,2.316258513138019026e+01,8.455744247741323250e+01
1.808295454545454675e+02,1.399847956570489714e+03,4.839000464894169227e+02,7.264125000000001455e+04,1.334461271896222934e+04,5.929664028483243601e+04,7.672440460737561807e-11,2.316300686852172319e+01,8.528661185049944038e+01
1.809545454545454675e+02,1.420037995585437784e+03,4.888305653134780755e+02,7.276500000000001455e+04,1.336216118670495052e+04,5.940284183252794173e+04,1.543822418170748278e-05,2.316346233760271289e+01,8.600210128746728344e+01
1.810795454545454675e+02,1.377503518945297628e+03,4.900637737701795231e+02,7.288875000000001455e+04,1.337976868477125936e+04,5.950898433446172567e+04,8.974154752650065348e-11,2.316395143230674236e+01,8.670384668298645181e+01
1.812045454545454675e+02,1.383237921440955006e+03,4.904647922348484599e+02,7.301250000000001455e+04,1.339740466781669238e+04,5.961509836939166416e+04,1.797537234438095766e-05,2.316447402530225119e+01,8.739180590632534518e+01
1.813295454545454675e+02,1.391946532306347308e+03,4.914975264873951346e+02,7.313625000000001455e+04,1.341507768404739909e+04,5.972117535316137946e+04,4.227729277772596106e-10,2.316502996950123361e+01,8.806595792712016646e+01
1.814545454545454675e+02,1.370398723980607201e+03,4.972717618970891635e+02,7.326000000000001455e+04,1.343278039894534049e+04,5.982722263826346170e+04,2.781064267765032127e-11,2.316561909927296625e+01,8.872630164966767552e+01
1.815795454545454675e+02,1.355099519052768756e+03,5.009787498881819374e+02,7.338375000000001455e+04,1.345051557578683060e+04,5.993323747140230989e+04,9.980337296155994409e-06,2.316624123161072291e+01,8.937285462776046074e+01
1.817045454545454675e+02,1.366753479199310959e+03,5.025168170265718572e+02,7.350750000000001455e+04,1.346828958170321130e+04,6.003921346548602742e+04,9.866596428764751181e-11,2.316689616724905321e+01,9.000565160530594255e+01
1.818295454545454675e+02,1.400409976693259978e+03,5.024951437081742256e+02,7.363125000000001455e+04,1.348610931118118424e+04,6.014514375603920053e+04,2.003114698823083017e-05,2.316758369174420906e+01,9.062474316375731576e+01
1.819545454545454675e+02,1.389520993985894393e+03,4.992247063263096152e+02,7.375500000000001455e+04,1.350397039570202105e+04,6.025103267151851469e+04,1.547704187032650225e-10,2.316830357650970740e+01,9.123019447469442866e+01
1.820795454545454675e+02,1.374281332116853036e+03,5.017736485789273502e+02,7.387875000000001455e+04,1.352185618219167554e+04,6.035689688502887293e+04,1.078603872883832082e-11,2.316905557978581598e+01,9.182208386642923870e+01
1.822045454545454675e+02,1.399866420521718737e+03,5.049781258790261518e+02,7.400250000000001455e+04,1.353981371284261149e+04,6.046268935437794426e+04,7.446487870765849948e-12,2.316983944754845481e+01,9.240050158492431365e+01
1.823295454545454675e+02,1.409155787312628945e+03,5.062826352342451628e+02,7.412625000000001455e+04,1.355783927289447456e+04,6.056841379432610847e+04,2.805222720780875534e-11,2.317065491437440983e+01,9.296554879600496690e+01
1.824545454545454675e+02,1.398292757222410955e+03,5.059034113411163389e+02,7.425000000000001455e+04,1.357590690311040271e+04,6.067409616411054594e+04,3.672226966955349781e-10,2.317150170427128941e+01,9.351733672967877453e+01
1.825795454545454675e+02,1.388191738476929231e+03,5.057240736103095742e+02,7.437375000000001455e+04,1.359403368280293034e+04,6.077971938441806560e+04,4.811795406567398459e-11,2.317237953148420715e+01,9.405598594077915209e+01
1.827045454545454675e+02,1.355427762525880098e+03,5.112347332188239761e+02,7.449750000000001455e+04,1.361220133553818414e+04,6.088530173168281908e+04,7.219114195322617888e-12,2.317328810127890648e+01,9.458162561738816976e+01
1.828295454545454675e+02,1.385861558192974599e+03,5.158685840258614235e+02,7.462125000000001455e+04,1.363041681612369030e+04,6.099083625109736022e+04,5.071854047855595127e-11,2.317422711069766450e+01,9.509439306400885528e+01
1.829545454545454675e+02,1.410437239134981382e+03,5.184268366754440649e+02,7.474500000000001455e+04,1.364871178566733033e+04,6.109629128155374201e+04,1.946887095982674509e-11,2.317519624930311650e+01,9.559443332594707954e+01
1.830795454545454675e+02,1.397992562063667037e+03,5.187802893860734912e+02,7.486875000000001455e+04,1.366706674806450974e+04,6.120168631915660080e+04,4.176570200797868893e-11,2.317619519992056354e+01,9.629686134149767440e+01
1.832045454545454675e+02,1.448992069522763359e+03,5.256410950889734295e+02,7.499250000000001455e+04,1.368549554941139650e+04,6.130700751781000145e+04,2.839470880644512363e-10,2.317722363936820074e+01,9.710370871866685150e+01
1.833295454545454675e+02,1.482531533902718593e+03,5.325370564427726094e+02,7.511625000000001455e+04,1.370398405138548878e+04,6.141226905593915581e+04,4.010324862235847831e-05,2.317828123919014160e+01,9.789806927685941673e+01
1.834545454545454675e+02,1.493116389055154059e+03,5.377625090341628038e+02,7.524000000000001455e+04,1.372254510971278978e+04,6.151745799761202215e+04,1.685691586317261681e-10,2.317936766638661439e+01,9.867977186720078464e+01
1.835795454545454675e+02,1.494050537312177539e+03,5.445800219365388557e+02,7.536375000000001455e+04,1.374118445248612261e+04,6.162256865483877482e+04,8.668621376273222268e-11,2.318048258413190865e+01,9.944867783061137345e+01
1.837045454545454675e+02,1.484565796513433952e+03,5.572473342138056296e+02,7.548750000000001455e+04,1.375993851365660339e+04,6.172756459366833587e+04,3.767297585000051185e-11,2.318162565246747775e+01,1.002046809313582258e+02
1.838295454545454675e+02,1.446549537428109716e+03,5.664433769434978103e+02,7.561125000000001455e+04,1.377878693783649032e+04,6.183246616948844894e+04,-3.169020601490046829e-12,2.318279652896192999e+01,1.009477066500524955e+02
1.839545454545454675e+02,1.465580690467178556e+03,5.743358941812265357e+02,7.573500000000001455e+04,1.379771003817525343e+04,6.193729307157722360e+04,2.427533956961269723e-06,2.318399486933763853e+01,1.020980830099090610e+02
1.840795454545454675e+02,1.486953750741125532e+03,5.779400403407368003e+02,7.585875000000001455e+04,1.381671129540629954e+04,6.204204181434716884e+04,9.951008905773051083e-10,2.318522032805688582e+01,1.032867510091316348e+02
1.842045454545454675e+02,1.514682927444323241e+03,5.808770975099416773e+02,7.598250000000001455e+04,1.383582416514756915e+04,6.214667894460589741e+04,-1.662670001678634435e-12,2.318647255885524672e+01,1.044693345714132846e+02
1.843295454545454675e+02,1.526380628654909060e+03,5.858523857602904172e+02,7.610625000000001455e+04,1.385499145331716500e+04,6.225126166136251413e+04,4.926210593225732737e-06,2.318775121522720895e+01,1.056451913481400737e+02
1.843636363636363740e+02,1.568075976841239935e+03,5.872207440862501926e+02,7.614000000000001455e+04,1.386022708330619935e+04,6.227977603155482211e+04,1.813480352552687691e-07,2.318810189666208643e+01,1.059651371467502088e+02
1.844886363636363740e+02,1.238240941007844413e+03,5.584898404899469142e+02,7.614000000000001455e+04,1.387911668745255338e+04,6.226088642779463407e+04,3.861661710402586323e-07,2.318941371238336657e+01,1.071312875589743641e+02
1.846136363636363740e+02,9.856937924664480306e+02,5.217034980439079845e+02,7.614000000000001455e+04,1.389731517444927158e+04,6.224268794079789950e+04,-2.046363078989088535e-11,2.319075116185936025e+01,1.082880837577938422e+02
1.847386363636363740e+02,8.260503377413696171e+02,4.862903275320896910e+02,7.614000000000001455e+04,1.391513432053823817e+04,6.222486879470894200e+04,1.148592332356201950e-11,2.319211388782298755e+01,1.094330962726948258e+02
1.848636363636363740e+02,7.128040533395942475e+02,4.528766755450483288e+02,7.614000000000001455e+04,1.393271778863345025e+04,6.220728532661375357e+04,2.491518102942791302e-11,2.319350151944945182e+01,1.105629371951192041e+02
1.849886363636363740e+02,6.264327561322801330e+02,4.224396097740600453e+02,7.614000000000001455e+04,1.395013686610041805e+04,6.218986624914679851e+04,1.179856212729646359e-11,2.319491366454047565e+01,1.116733675286166942e+02
1.851136363636363740e+02,5.580389587934906785e+02,3.959564872044737172e+02,7.614000000000001455e+04,1.396743389288263825e+04,6.217256932141775906e+04,9.905317958214254759e-05,2.319634990085579318e+01,1.127595193130764955e+02
1.852386363636363740e+02,5.036235770946175876e+02,3.727201614593153067e+02,7.614000000000001455e+04,1.398463605541930701e+04,6.215536720563409472e+04,4.675300551681971228e-05,2.319780976725243349e+01,1.138161770459706901e+02
1.853636363636363740e+02,4.598727051955352181e+02,3.523234876738363823e+02,7.614000000000001455e+04,1.400176173007211764e+04,6.213824155157276982e+04,2.059148746980099531e-05,2.319929275522928336e+01,1.148380645427939868e+02
1.854886363636363740e+02,4.243400136923435184e+02,3.344057643598748086e+02,7.614000000000001455e+04,1.401882382661013798e+04,6.212117946326687525e+04,8.232124955043218506e-06,2.320079830136826615e+01,1.158201051545412668e+02
1.856136363636363740e+02,3.951895679999464051e+02,3.186368012436944923e+02,7.614000000000001455e+04,1.403583176016852121e+04,6.210417153366633283e+04,3.957841087753877218e-06,2.320232578103702537e+01,1.167576359960904711e+02
1.857386363636363740e+02,3.720756672049095641e+02,3.047107378997168325e+02,7.614000000000001455e+04,1.405279261248976218e+04,6.208721068391916924e+04,2.574080678385826104e-06,2.320387450358699155e+01,1.176465670909986159e+02
1.858636363636363740e+02,3.529695410886104128e+02,2.923558546305212076e+02,7.614000000000001455e+04,1.406971184583602735e+04,6.207029145238562342e+04,1.812716224236510243e-06,2.320544370916392651e+01,1.184834851986337299e+02
1.859886363636363740e+02,3.369623190716599197e+02,2.813385842351613064e+02,7.614000000000001455e+04,1.408659377993511953e+04,6.205340951960811799e+04,1.321586704960964198e-06,2.320703256714622853e+01,1.192657074025399595e+02
1.861136363636363740e+02,3.233503451194489458e+02,2.714894350479872287e+02,7.614000000000001455e+04,1.410344191061797028e+04,6.203656138991558691e+04,9.903159394752947264e-07,2.320864017614525920e+01,1.199912921534953369e+02
1.862386363636363740e+02,3.113035396222628606e+02,2.628779903258007948e+02,7.614000000000001455e+04,1.412025912179729312e+04,6.201974417949446070e+04,7.582001977368690859e-07,2.321026556544321195e+01,1.206590164228139628e+02
1.863636363636363740e+02,3.009000785913959817e+02,2.550365125423291488e+02,7.614000000000001455e+04,1.413704783120399770e+04,6.200295547067830921e+04,5.905557003416106454e-07,2.321190769770657170e+01,1.212683293194397720e+02
1.864886363636363740e+02,2.928915848121751537e+02,2.478661120207264332e+02,7.614000000000001455e+04,1.415381009372067820e+04,6.198619320862829045e+04,4.666622359650318685e-07,2.321356547279185278e+01,1.218192886059025284e+02
1.866136363636363740e+02,2.853917823515691339e+02,2.412826904379649022e+02,7.614000000000001455e+04,1.417054767642467414e+04,6.196945562629716005e+04,3.728656992052492569e-07,2.321523773244829414e+01,1.223124876948288033e+02
1.867386363636363740e+02,2.783587750110862657e+02,2.352148496184047985e+02,7.614000000000001455e+04,1.418726211451268682e+04,6.195274118851003004e+04,3.008865085973866371e-07,2.321692326572394194e+01,1.227489778335261263e+02
1.868636363636363740e+02,2.717536933536020456e+02,2.296018165164391576e+02,7.614000000000001455e+04,1.420395475369356427e+04,6.193604854957416683e+04,2.450116340924068936e-07,2.321862081489699392e+01,1.231301930144756085e+02
1.869886363636363740e+02,2.656037582705786804e+02,2.243918780423902319e+02,7.614000000000001455e+04,1.422062678285699985e+04,6.191937652061157860e+04,2.008494135452565388e-07,2.322032908175772903e+01,1.234578762487530526e+02
1.871136363636363740e+02,2.599951985636324139e+02,2.195408257147375934e+02,7.614000000000001455e+04,1.423727925966785006e+04,6.190272404396628554e+04,1.655537928968442429e-07,2.322204673408988995e+01,1.237340139762929425e+02
1.872386363636363740e+02,2.546709610463488502e+02,2.150106948234870572e+02,7.614000000000001455e+04,1.425391313079172505e+04,6.188609017297944956e+04,1.370384374865807331e-07,2.322377241222253730e+01,1.239607750741934495e+02
1.873636363636363740e+02,2.496129077841368655e+02,2.107686687172636937e+02,7.614000000000001455e+04,1.427052924833695215e+04,6.186947405554800935e+04,1.137843739229538187e-07,2.322550473553898343e+01,1.241404572285353964e+02
1.874886363636363740e+02,2.448036962510814476e+02,2.067865693407200922e+02,7.614000000000001455e+04,1.428712838301676129e+04,6.185287492096329515e+04,9.509547282959829317e-08,2.322724230884581686e+01,1.242754381967421864e+02
1.876136363636363740e+02,2.402269369565597117e+02,2.030890551660651795e+02,7.614000000000001455e+04,1.430371123501236070e+04,6.183629206904711464e+04,7.941670787658949848e-08,2.322898372852457882e+01,1.243681363312153110e+02
1.877386363636363740e+02,2.358672795684427115e+02,1.996305092533858669e+02,7.614000000000001455e+04,1.432027844298965829e+04,6.181972486113624473e+04,6.643116989835107233e-08,2.323072758840468666e+01,1.244209780933026934e+02
1.878636363636363740e+02,2.317104368973727446e+02,1.963553622954929097e+02,7.614000000000001455e+04,1.433683059170593697e+04,6.180317271247546887e+04,5.550231207962497137e-08,2.323247248531160380e+01,1.244363702328201100e+02
1.879886363636363740e+02,2.277431502195258304e+02,1.932482731211061946e+02,7.614000000000001455e+04,1.435336821840992889e+04,6.178663508581741189e+04,4.593763591742572316e-08,2.323421702425796553e+01,1.244166778369648512e+02
1.881136363636363740e+02,2.239531534048534525e+02,1.902955994548888157e+02,7.614000000000001455e+04,1.436989181838091645e+04,6.177011148588417564e+04,3.774963985847534786e-08,2.323595982325567277e+01,1.243642065951242301e+02
1.882386363636363740e+02,2.203291363641704379e+02,1.874854323472077908e+02,7.614000000000001455e+04,1.438640184948138267e+04,6.175360145481495420e+04,3.124756631223135628e-08,2.323769951773635611e+01,1.242811893816472519e+02
1.883636363636363740e+02,2.168606851749713371e+02,1.848071991102119114e+02,7.614000000000001455e+04,1.440289873598999839e+04,6.173710456833176431e+04,2.542712707054306520e-08,2.323943476457453272e+01,1.241697758518107548e+02
1.884886363636363740e+02,2.135382057292459592e+02,1.822514169140071658e+02,7.614000000000001455e+04,1.441938287218571531e+04,6.172062043215624726e+04,2.020396649982103554e-08,2.324116424571541728e+01,1.240320252202656945e+02
1.886136363636363740e+02,2.103528656331485820e+02,1.798095562061124610e+02,7.614000000000001455e+04,1.443585462524158174e+04,6.170414867911600595e+04,1.562079177119812812e-08,2.324288667141488673e+01,1.238699017069655071e+02
1.887386363636363740e+02,2.072966153430170095e+02,1.774739918301796138e+02,7.614000000000001455e+04,1.445231433778664905e+04,6.168768896658272570e+04,1.178733555207145400e-08,2.324460078310305633e+01,1.236852720032185147e+02
1.888636363636363740e+02,2.043621439835742137e+02,1.752376770884517043e+02,7.614000000000001455e+04,1.446876233013666570e+04,6.167124097424108913e+04,8.381025651260642917e-09,2.324630535588607572e+01,1.234799044104537842e+02
1.889886363636363740e+02,2.015428900708187712e+02,1.730941082955545482e+02,7.614000000000001455e+04,1.448519890226504504e+04,6.165480440211832320e+04,5.613770781565108337e-09,2.324799920070309867e+01,1.232554693158720625e+02
1.891136363636363740e+02,1.988333582929460306e+02,1.710374542068906010e+02,7.614000000000001455e+04,1.450162433547203182e+04,6.163837896891553828e+04,4.205453763006516965e-09,2.324968116615703906e+01,1.230135406987220250e+02
1.892386363636363740e+02,1.962290568641485038e+02,1.690928402386782068e+02,7.614000000000001455e+04,1.451803889362101108e+04,6.162196441077023337e+04,3.675271642578081810e-09,2.325135014003878808e+01,1.227555984271225498e+02
1.893636363636363740e+02,1.937228850069510884e+02,1.672240530155857527e+02,7.614000000000001455e+04,1.453444282426901555e+04,6.160556048012549581e+04,3.263547654341891757e-09,2.325300505056517508e+01,1.224830311490753019e+02
1.894886363636363740e+02,1.913083684942481000e+02,1.654242738778455646e+02,7.614000000000001455e+04,1.455083635987470007e+04,6.158916694452271622e+04,2.904947393744805595e-09,2.325464486735112857e+01,1.221971396164913557e+02
1.896136363636363740e+02,1.889798619449983619e+02,1.636896044982828755e+02,7.614000000000001455e+04,1.456721971895429488e+04,6.157278358544571529e+04,2.595317738496305537e-09,2.325626860213639091e+01,1.218991403105128626e+02
1.897386363636363740e+02,1.867323338968871838e+02,1.620164254624926912e+02,7.614000000000001455e+04,1.458359310713560262e+04,6.155641019726672675e+04,2.318238045972975669e-09,2.325787530928674229e+01,1.215901692618876098e+02
1.898636363636363740e+02,1.845612367383805577e+02,1.604013757384610699e+02,7.614000000000001455e+04,1.459995671811490683e+04,6.154004658628949983e+04,2.079044492120374343e-09,2.325946408608917082e+01,1.212712859815721629e+02
1.899886363636363740e+02,1.824624216295147221e+02,1.588413324132478408e+02,7.614000000000001455e+04,1.461631073452588498e+04,6.152369256988038978e+04,1.868937005156112718e-09,2.326103407285969382e+01,1.209434774341294627e+02
1.901136363636363740e+02,1.804320787820959708e+02,1.573333913862956592e+02,7.614000000000001455e+04,1.463265532872960102e+04,6.150734797567835631e+04,1.683137185182204121e-09,2.326258445288170762e+01,1.206076620003621827e+02
1.902386363636363740e+02,1.784666929697069691e+02,1.558748493676426961e+02,7.614000000000001455e+04,1.464899066353397575e+04,6.149101264087549498e+04,1.517214798241184326e-09,2.326411445219195784e+01,1.202646933867272594e+02
1.903636363636363740e+02,1.765630087783606257e+02,1.544631873034715284e+02,7.614000000000001455e+04,1.466531689285028006e+04,6.147468641156056401e+04,1.372765012774834759e-09,2.326562333923015302e+01,1.199153644481095569e+02
1.904886363636363740e+02,1.747180024652240036e+02,1.530960552252144282e+02,7.614000000000001455e+04,1.468163416229331779e+04,6.145836914211876865e+04,1.243417813157066121e-09,2.326711042436741650e+01,1.195604108980249265e+02
1.906136363636363740e+02,1.729288585404598564e+02,1.517712584545188577e+02,7.614000000000001455e+04,1.469794260973121163e+04,6.144206069468200440e+04,1.126043258636855171e-09,2.326857505932773051e+01,1.192005148866392261e+02
1.907386363636363740e+02,1.711929498777400056e+02,1.504867450676445912e+02,7.614000000000001455e+04,1.471424236578997443e+04,6.142576093862426205e+04,1.021607687334835646e-09,2.327001663651554608e+01,1.188363084323543575e+02
1.908636363636363740e+02,1.695078205589822460e+02,1.492405945131353064e+02,7.614000000000001455e+04,1.473053355431746240e+04,6.140946975009770540e+04,9.305090031830332009e-10,2.327143458826186873e+01,1.184683766972671606e+02
1.909886363636363740e+02,1.678711709012079325e+02,1.480310072767708505e+02,7.614000000000001455e+04,1.474681629281072310e+04,6.139318701160529599e+04,8.497700321186130168e-10,2.327282838600007508e+01,1.180972611006445447e+02
1.911136363636363740e+02,1.662808442666534177e+02,1.468562954929964235e+02,7.614000000000001455e+04,1.476309069281032316e+04,6.137691261160647264e+04,7.735891927040938754e-10,2.327419753938194447e+01,1.177234622677526090e+02
1.912386363636363740e+02,1.647348153580931296e+02,1.457148744093622383e+02,7.614000000000001455e+04,1.477935686026481380e+04,6.136064644415269140e+04,7.078000408000661992e-10,2.327554159534344791e+01,1.173474428139913641e+02
1.913636363636363740e+02,1.632311797701131013e+02,1.446052546187418955e+02,7.614000000000001455e+04,1.479561489586811877e+04,6.134438840855003218e+04,6.489280224286630983e-10,2.327686013712901314e+01,1.169696299663838630e+02
1.914886363636363740e+02,1.617681446155905007e+02,1.435260349822778494e+02,7.614000000000001455e+04,1.481186489537234047e+04,6.132813840904640529e+04,5.936868774369941093e-10,2.327815278328229098e+01,1.165904180261101430e+02
1.916136363636363740e+02,1.603440200818729977e+02,1.424758961738137373e+02,7.614000000000001455e+04,1.482810694987819988e+04,6.131189635454109521e+04,5.453486551232344937e-10,2.327941918661061038e+01,1.162101706770248200e+02
1.917386363636363740e+02,1.589572117974582284e+02,1.414535947838435845e+02,7.614000000000001455e+04,1.484434114610507095e+04,6.129566215831472800e+04,5.015721171730547212e-10,2.328065903312969098e+01,1.158292231460098236e+02
1.918636363636363740e+02,1.576062139100722561e+02,1.404579579275764161e+02,7.614000000000001455e+04,1.486056756664239219e+04,6.127943573777786514e+04,4.608544657003221801e-10,2.328187204099451435e+01,1.154478842216447987e+02
1.919886363636363740e+02,1.562896027927391174e+02,1.394909608466703901e+02,7.614000000000001455e+04,1.487678629018401807e+04,6.126321701423666673e+04,4.236326844875293318e-10,2.328305795942167222e+01,1.150664381380788797e+02
1.921136363636363740e+02,1.550060313069080564e+02,1.385545387777680446e+02,7.614000000000001455e+04,1.489299739174693605e+04,6.124700591267413984e+04,3.903792844539566431e-10,2.328421656760791336e+01,1.146851463311998032e+02
1.922386363636363740e+02,1.537542235617894733e+02,1.376409634247600309e+02,7.614000000000001455e+04,1.490920094287563006e+04,6.123080236154580780e+04,3.616733579292485956e-10,2.328534767364916291e+01,1.143042490742603974e+02
1.923636363636363740e+02,1.525329701173120327e+02,1.367493463487557790e+02,7.614000000000001455e+04,1.492539701183322722e+04,6.121460629258854169e+04,3.347047083934739931e-10,2.328645111346376240e+01,1.139239670000695099e+02
1.924886363636363740e+02,1.513477706748574292e+02,1.358788448946329481e+02,7.614000000000001455e+04,1.494158566378048272e+04,6.119841764064159361e+04,3.090292466367827728e-10,2.328752674972323433e+01,1.135445025167140756e+02
1.926136363636363740e+02,1.502035970273999510e+02,1.350286592947245481e+02,7.614000000000001455e+04,1.495776696094351610e+04,6.118223634347884217e+04,2.855493619335902622e-10,2.328857447079354870e+01,1.131660411235700536e+02
1.927386363636363740e+02,1.490852542505099052e+02,1.341980299887326282e+02,7.614000000000001455e+04,1.497394096277118479e+04,6.116606234165143542e+04,2.648299357588257408e-10,2.328959418968939588e+01,1.127887526341074107e+02
1.928636363636363740e+02,1.479918607751199318e+02,1.333862351412788598e+02,7.614000000000001455e+04,1.499010772608282969e+04,6.114989557834003790e+04,2.461710835177655099e-10,2.329058584304373625e+01,1.124127923117057151e+02
1.929886363636363740e+02,1.469225747858312729e+02,1.325925883403235161e+02,7.614000000000001455e+04,1.500626730520713136e+04,6.113373599921596906e+04,2.299280765782896196e-10,2.329154939009450942e+01,1.120383019243917033e+02
1.931136363636363740e+02,1.458765919909827460e+02,1.318164364612700581e+02,7.614000000000001455e+04,1.502241975211268618e+04,6.111758355231062887e+04,2.129709741893748287e-10,2.329248481169018348e+01,1.116654107240922542e+02
1.932386363636363740e+02,1.448531435429270289e+02,1.310571576830347169e+02,7.614000000000001455e+04,1.503856511653091547e+04,6.110143818789259967e+04,1.968949447928025620e-10,2.329339210931548720e+01,1.112942363556757925e+02
1.933636363636363740e+02,1.438514940966155962e+02,1.303141596436002771e+02,7.614000000000001455e+04,1.505470344607181505e+04,6.108529985835188563e+04,1.835296359331550775e-10,2.329427130413854030e+01,1.109248857007379314e+02
1.934886363636363740e+02,1.428709399956959487e+02,1.295868777237863583e+02,7.614000000000001455e+04,1.507083478633306186e+04,6.106916851809080981e+04,1.715854125450277934e-10,2.329512243608028754e+01,1.105574556607749486e+02
1.936136363636363740e+02,1.419108075763022043e+02,1.288747734489547554e+02,7.614000000000001455e+04,1.508695918100290510e+04,6.105304412342112482e+04,1.604227861662366195e-10,2.329594556290704688e+01,1.101920338840880049e+02
1.937386363636363740e+02,1.409704515795988584e+02,1.281773329993227719e+02,7.614000000000001455e+04,1.510307667195726572e+04,6.103692663246691518e+04,1.484217193592485273e-10,2.329674075934673994e+01,1.098286994404709276e+02
1.938636363636363740e+02,1.400492536649200588e+02,1.274940658203903752e+02,7.614000000000001455e+04,1.511918729935142255e+04,6.102081600507289841e+04,1.400621840730309486e-10,2.329750811622929163e+01,1.094675234474580776e+02
1.939886363636363740e+02,1.391466210160546666e+02,1.268245033257361172e+02,7.614000000000001455e+04,1.513529110170663262e+04,6.100471220271781931e+04,1.303952501530147856e-10,2.329824773965148310e+01,1.091085696516466328e+02
1.941136363636363740e+02,1.382619850338615777e+02,1.261681976851155866e+02,7.614000000000001455e+04,1.515138811599201108e+04,6.098861518843255908e+04,1.205329169806645950e-10,2.329895975016649246e+01,1.087518949683598635e+02
1.942386363636363740e+02,1.373948001089726745e+02,1.255247206914082767e+02,7.614000000000001455e+04,1.516747837770196566e+04,6.097252492672271910e+04,1.150404216332390206e-10,2.329964428199818016e+01,1.083975499826847795e+02
1.943636363636363740e+02,1.365445424688599019e+02,1.248936627005179645e+02,7.614000000000001455e+04,1.518356192092946731e+04,6.095644138349532295e+04,1.078319655789528042e-10,2.330030148228015108e+01,1.080455794146991764e+02
1.944886363636363740e+02,1.357107090940124294e+02,1.242746316388152934e+02,7.614000000000001455e+04,1.519963877843540286e+04,6.094036452598948381e+04,1.002291583063197322e-10,2.330093151031946874e+01,1.076960225514982739e+02
1.946136363636363740e+02,1.348928166983937729e+02,1.236672520731866740e+02,7.614000000000001455e+04,1.521570898171425870e+04,6.092429432271072437e+04,9.503153819423459936e-11,2.330153453688491183e+01,1.073489136484402593e+02
1.947386363636363740e+02,1.340904007697373288e+02,1.230711643391376953e+02,7.614000000000001455e+04,1.523177256105634297e+04,6.090823074336873105e+04,8.857625743985408917e-11,2.330211074351949208e+01,1.070042823018523279e+02
1.948636363636363740e+02,1.333030146655881367e+02,1.224860237228006667e+02,7.614000000000001455e+04,1.524782954560676080e+04,6.089217375881839689e+04,8.327560863108374178e-11,2.330266032187700631e+01,1.066621537952733547e+02
1.949886363636363740e+02,1.325302287613204157e+02,1.219114996929990156e+02,7.614000000000001455e+04,1.526387996342133192e+04,6.087612334100390581e+04,7.906919563538394868e-11,2.330318347308225668e+01,1.063225494211554718e+02
1.951136363636363740e+02,1.317716296466503536e+02,1.213472751798651643e+02,7.614000000000001455e+04,1.527992384151961414e+04,6.086007946290569816e+04,7.357314757427957375e-11,2.330368040711459443e+01,1.059854867798041909e+02
1.952386363636363740e+02,1.310268193674322958e+02,1.207930458967595939e+02,7.614000000000001455e+04,1.529596120593522028e+04,6.084404209849016479e+04,7.062084250719635747e-11,2.330415134221435025e+01,1.056509800572049613e+02
1.953636363636363740e+02,1.302954147097667601e+02,1.202485197025072239e+02,7.614000000000001455e+04,1.531199208176356478e+04,6.082801122266188759e+04,6.455636025748390239e-11,2.330459650431176044e+01,1.053190402832604917e+02
1.954886363636363740e+02,1.295770465236735447e+02,1.197134160012030293e+02,7.614000000000001455e+04,1.532801649320719116e+04,6.081198681121832487e+04,6.113154427112021949e-11,2.330501612647787368e+01,1.049896755718512225e+02
1.956136363636363740e+02,1.288713590837859044e+02,1.191874651770349800e+02,7.614000000000001455e+04,1.534403446361881288e+04,6.079596884080675954e+04,5.836398031533462927e-11,2.330541044839699794e+01,1.046628913440253115e+02
1.957386363636363740e+02,1.281780094847089231e+02,1.186704080617863752e+02,7.614000000000001455e+04,1.536004601554219698e+04,6.077995728888343001e+04,5.549338766286382452e-11,2.330577971586016162e+01,1.043386905355274052e+02
1.958636363636363740e+02,1.274966670688557286e+02,1.181619954328441509e+02,7.614000000000001455e+04,1.537605117075100497e+04,6.076395213367467659e+04,5.205791353546374012e-11,2.330612418027909172e+01,1.040170737897867355e+02
1.959886363636363740e+02,1.268270128847337759e+02,1.176619875397044837e+02,7.614000000000001455e+04,1.539204995028570011e+04,6.074795335414003057e+04,4.720490665022225585e-11,2.330644409822017948e+01,1.036980396374011661e+02
1.961136363636363740e+02,1.261687391737967232e+02,1.171701536571217588e+02,7.614000000000001455e+04,1.540804237448863387e+04,6.073196092993714410e+04,4.642330964088614564e-11,2.330673973095790785e+01,1.033815846630773763e+02
1.962386363636363740e+02,1.255215488841108566e+02,1.166862716631713539e+02,7.614000000000001455e+04,1.542402846303739716e+04,6.071597484138842265e+04,4.327560532146890182e-11,2.330701134404718999e+01,1.030677036609166350e+02
1.963636363636363740e+02,1.248851552092080226e+02,1.162101276406410904e+02,7.614000000000001455e+04,1.544000823497653437e+04,6.069999506944932364e+04,4.131806008444982581e-11,2.330725920691411446e+01,1.027563897788703571e+02
1.964886363636363740e+02,1.242592811506091834e+02,1.157415155002628211e+02,7.614000000000001455e+04,1.545598170874770767e+04,6.068402159567819035e+04,3.859312869280984160e-11,2.330748359246451429e+01,1.024476346531285174e+02
1.966136363636363740e+02,1.236436591026060654e+02,1.152802366244061147e+02,7.614000000000001455e+04,1.547194890221838250e+04,6.066805440220755554e+04,3.774047740989772137e-11,2.330768477670988759e+01,1.021414285331485701e+02
1.967386363636363740e+02,1.230380304579869062e+02,1.148260995299741154e+02,7.614000000000001455e+04,1.548790983270913239e+04,6.065209347171684203e+04,3.417177651954261819e-11,2.330786303841005846e+01,1.018377603979808015e+02
1.968636363636363740e+02,1.224421452334774330e+02,1.143789195492875308e+02,7.614000000000001455e+04,1.550386451701960323e+04,6.063613878740640212e+04,3.291411587724724086e-11,2.330801865873212364e+01,1.015366180644980290e+02
1.969886363636363740e+02,1.218557617137531821e+02,1.139385185278770365e+02,7.614000000000001455e+04,1.551981297145323515e+04,6.062019033297280112e+04,3.111289004209538689e-11,2.330815192092511623e+01,1.012379882880936321e+02
1.971136363636363740e+02,1.212786461129533961e+02,1.135047245381419856e+02,7.614000000000001455e+04,1.553575521184078571e+04,6.060424809258527966e+04,3.042721630208689021e-11,2.330826311000989648e+01,1.009418568563711744e+02
1.972386363636363740e+02,1.207105722526977445e+02,1.130773716079203552e+02,7.614000000000001455e+04,1.555169125356272525e+04,6.058831205086336558e+04,2.776801011350471526e-11,2.330835251248373652e+01,1.006482086763108157e+02
1.973636363636363740e+02,1.201513212556713910e+02,1.126562994630800034e+02,7.614000000000001455e+04,1.556762111157055369e+04,6.057238219285556261e+04,2.681233013390738051e-11,2.330842041603912307e+01,1.003570278553630573e+02
1.974886363636363740e+02,1.196006812539045541e+02,1.122413532832970873e+02,7.614000000000001455e+04,1.558354480040709495e+04,6.055645850401904318e+04,2.498623530300392304e-11,2.330846710929628429e+01,1.000682977768880733e+02
1.976136363636363740e+02,1.190584471109295350e+02,1.118323834702455315e+02,7.614000000000001455e+04,1.559946233422583100e+04,6.054054097020033078e+04,2.416911115687980782e-11,2.330849288154894339e+01,9.978200117032892535e+01
1.977386363636363740e+02,1.185244201570475582e+02,1.114292454274713862e+02,7.614000000000001455e+04,1.561537372680930093e+04,6.052462957761688449e+04,2.393818476775777526e-11,2.330849802252284420e+01,9.949812017647951734e+01
1.978636363636363740e+02,1.179984079369888974e+02,1.110317993512758363e+02,7.614000000000001455e+04,1.563127899158662876e+04,6.050872431283957849e+04,2.188826897508988623e-11,2.330848282214658340e+01,9.921663640818194096e+01
1.979886363636363740e+02,1.174802239692925667e+02,1.106399100319744662e+02,7.614000000000001455e+04,1.564717814165021809e+04,6.049282516277601098e+04,2.064304283067031065e-11,2.330844757033429460e+01,9.893753100676546808e+01
1.981136363636363740e+02,1.169696875167742007e+02,1.102534466649395313e+02,7.614000000000001455e+04,1.566307118977165374e+04,6.047693211465459899e+04,2.097344520279875724e-11,2.330839255677976141e+01,9.866078469451588262e+01
1.982386363636363740e+02,1.164666233674891771e+02,1.098722826708718401e+02,7.614000000000001455e+04,1.567895814841684114e+04,6.046104515600942977e+04,1.817923589442216326e-11,2.330831807076150142e+01,9.838637782344481764e+01
1.983636363636363740e+02,1.159708616256351945e+02,1.094962955247820560e+02,7.614000000000001455e+04,1.569483902976044010e+04,6.044516427466584719e+04,1.871569565992103890e-11,2.330822440095843717e+01,9.811429042060943573e+01
1.984886363636363740e+02,1.154822375118698830e+02,1.091253665932009937e+02,7.614000000000001455e+04,1.571071384569960355e+04,6.042928945872670010e+04,1.654321124533453258e-11,2.330811183527573860e+01,9.784450223021518411e+01
1.986136363636363740e+02,1.150005911725534418e+02,1.087593809791543862e+02,7.614000000000001455e+04,1.572658260786706705e+04,6.041342069655925297e+04,1.720046327591262525e-11,2.330798066068041408e+01,9.757699275271860984e+01
1.987386363636363740e+02,1.145257674974522217e+02,1.083982273744854012e+02,7.614000000000001455e+04,1.574244532764362521e+04,6.039755797678270756e+04,1.498356994034111267e-11,2.330783116304632330e+01,9.731174128113168820e+01
1.988636363636363740e+02,1.140576159454693226e+02,1.080417979191192046e+02,7.614000000000001455e+04,1.575830201617001330e+04,6.038170128825633583e+04,1.488409395733469864e-11,2.330766362700817851e+01,9.704872693471591560e+01
1.989886363636363740e+02,1.135959903779919529e+02,1.076899880668939602e+02,7.614000000000001455e+04,1.577415268435822145e+04,6.036585062006814405e+04,1.488409395733469864e-11,2.330747833582422501e+01,9.678792869024076140e+01
1.991136363636363740e+02,1.131407488994697701e+02,1.073426964576042906e+02,7.614000000000001455e+04,1.578999734290228480e+04,6.035000596152409707e+04,1.374367286643973785e-11,2.330727557124722082e+01,9.652932541096960506e+01
1.992386363636363740e+02,1.126917537048604459e+02,1.069998247949319818e+02,7.614000000000001455e+04,1.580583600228855175e+04,6.033416730213784467e+04,1.254285564300516853e-11,2.330705561340337795e+01,9.627289587352478861e+01
1.993636363636363740e+02,1.122488709335999886e+02,1.066612777299433219e+02,7.614000000000001455e+04,1.582166867280547558e+04,6.031833463162093540e+04,1.298161578233703040e-11,2.330681874067895265e+01,9.601861879277362277e+01
1.994886363636363740e+02,1.118119705297739870e+02,1.063269627498699066e+02,7.614000000000001455e+04,1.583749536455293492e+04,6.030250793987348879e+04,1.130295856910379371e-11,2.330656522961415789e+01,9.576647284486702461e+01
1.996136363636363740e+02,1.113809261081850366e+02,1.059967900718858118e+02,7.614000000000001455e+04,1.585331608745111589e+04,6.028668721697531873e+04,1.134381477640999947e-11,2.330629535480407810e+01,9.551643668855363956e+01
1.997386363636363740e+02,1.109556148260282242e+02,1.056706725416372876e+02,7.614000000000001455e+04,1.586913085124897589e+04,6.027087245317747147e+04,1.154276674242282752e-11,2.330600938880632356e+01,9.526848898488461259e+01
1.998636363636363740e+02,1.105359172599024618e+02,1.053485255362620165e+02,7.614000000000001455e+04,1.588493966553229620e+04,6.025506363889416389e+04,1.078603872883832082e-11,2.330570760205509373e+01,9.502260841541536251e+01
1.999886363636363740e+02,1.101217172879008359e+02,1.050302668716870187e+02,7.614000000000001455e+04,1.590074253973136911e+04,6.023926076469510008e+04,9.888978524941194337e-12,2.330539026278140469e+01,9.477877369900494386e+01
2.001136363636363740e+02,1.097129019765370259e+02,1.047158167139730836e+02,7.614000000000001455e+04,1.591653948312829925e+04,6.022346382129818085e+04,9.771738973540777806e-12,2.330505763693919263e+01,9.453696360730552328e+01
2.002386363636363740e+02,1.093093614722780416e+02,1.044050974945100876e+02,7.614000000000001455e+04,1.593233050486397588e+04,6.020767279956251150e+04,9.814371537686383817e-12,2.330470998813705208e+01,9.429715697902928184e+01
2.003636363636363740e+02,1.089109888974656002e+02,1.040980338288676137e+02,7.614000000000001455e+04,1.594811561394469754e+04,6.019188769048179529e+04,8.380851568290381692e-12,2.330434757757535280e+01,9.405933273307377362e+01
2.004886363636363740e+02,1.085176802504213924e+02,1.037945524391224694e+02,7.614000000000001455e+04,1.596389481924849315e+04,6.017610848517801060e+04,8.705924869900627527e-12,2.330397066398847628e+01,9.382346988058179704e+01
2.006136363636363740e+02,1.081293343095405675e+02,1.034945820794828535e+02,7.614000000000001455e+04,1.597966812953113185e+04,6.016033517489537917e+04,8.300915510517370421e-12,2.330357950359196550e+01,9.358954753600622212e+01
2.007386363636363740e+02,1.077458525411895067e+02,1.031980534650582229e+02,7.614000000000001455e+04,1.599543555343184926e+04,6.014456775099466904e+04,8.931522188504459336e-12,2.330317435003436088e+01,9.335754492724642262e+01
2.008636363636363740e+02,1.073671390112331778e+02,1.029048992036137520e+02,7.614000000000001455e+04,1.601119709947879892e+04,6.012880620494772302e+04,7.240430477395420894e-12,2.330275545435348761e+01,9.312744140491759026e+01
2.009886363636363740e+02,1.069931003000262422e+02,1.026150537301696772e+02,7.614000000000001455e+04,1.602695277609424375e+04,6.011305052833228547e+04,6.671996288787340745e-12,2.330232306493700278e+01,9.289921645081101076e+01
2.011136363636363740e+02,1.066236454207112416e+02,1.023284532443040291e+02,7.614000000000001455e+04,1.604270259159948728e+04,6.009730071282704739e+04,7.071676577652397100e-12,2.330187742748700330e+01,9.267284968559947345e+01
2.012386363636363740e+02,1.062586857406747640e+02,1.020450356500330571e+02,7.614000000000001455e+04,1.605844655421958123e+04,6.008155675020696071e+04,7.027267656667390838e-12,2.330141878498849550e+01,9.244832087583766622e+01
2.013636363636363740e+02,1.058981349060202035e+02,1.017647404981476882e+02,7.614000000000001455e+04,1.607418467208779293e+04,6.006581863233875629e+04,5.485389920067973435e-12,2.330094737768153834e+01,9.222560994030531845e+01
2.014886363636363740e+02,1.055419087689231361e+02,1.014875089308862499e+02,7.614000000000001455e+04,1.608991695324986722e+04,6.005008635117668746e+04,6.275868713601084892e-12,2.330046344303689665e+01,9.200469695573713125e+01
2.016136363636363740e+02,1.051899253177419240e+02,1.012132836288373028e+02,7.614000000000001455e+04,1.610564340566806823e+04,6.003435989875849191e+04,5.462297281155770179e-12,2.329996721573501617e+01,9.178556216198035145e+01
2.017386363636363740e+02,1.048421046097627709e+02,1.009420087599671376e+02,7.614000000000001455e+04,1.612136403722503383e+04,6.001863926720153540e+04,5.924150059399835300e-12,2.329945892764816762e+01,9.156818596661905474e+01
2.018636363636363740e+02,1.044983687064639355e+02,1.006736299306754177e+02,7.614000000000001455e+04,1.613707885572743726e+04,6.000292444869913743e+04,5.764277943853812758e-12,2.329893880782558924e+01,9.135254894910109158e+01
2.019886363636363740e+02,1.041586416111900775e+02,1.004080941387814221e+02,7.614000000000001455e+04,1.615278786890947231e+04,5.998721543551710784e+04,5.355715870791755151e-12,2.329840708248149639e+01,9.113863186440137554e+01
2.021136363636363740e+02,1.038228492091331390e+02,1.001453497283593777e+02,7.614000000000001455e+04,1.616849108443615842e+04,5.997151221999042900e+04,6.254552431528281886e-12,2.329786397498578765e+01,9.092641564625311901e+01
2.022386363636363740e+02,1.034909192095204844e+02,9.988534634633265341e+01,7.614000000000001455e+04,1.618418850990649480e+04,5.995581479452009808e+04,5.449862783279968426e-12,2.329730970585733019e+01,9.071588140997685912e+01
2.023636363636363740e+02,1.031627810899167201e+02,9.962803490074904289e+01,7.614000000000001455e+04,1.619988015285644542e+04,5.994012315157015109e+04,4.764189043271471746e-12,2.329674449275966097e+01,9.050701045493462971e+01
2.024886363636363740e+02,8.534104703924739397e+02,1.018888585896238652e+02,7.626375000000001455e+04,1.621563734490340175e+04,6.004811595981640130e+04,2.932089842033747118e-07,2.329616855344011839e+01,9.029978426663556945e+01
2.026136363636363740e+02,1.034566311604840394e+03,1.533426651233965288e+02,7.638750000000001455e+04,1.623153464724978949e+04,6.015596865747386619e+04,3.851326368931040633e-09,2.329558211368843246e+01,9.009418451851804832e+01
2.027386363636363740e+02,1.130580517248798287e+03,1.966132175845879715e+02,7.651125000000001455e+04,1.624759153362032521e+04,6.026366177110336866e+04,3.655031832749955356e-11,2.329498541997446992e+01,8.989019307343110654e+01
2.028636363636363740e+02,1.195024662824384677e+03,2.333760991812045233e+02,7.663500000000001455e+04,1.626380855759995757e+04,6.037119474712374358e+04,7.077005648170597851e-12,2.329437875482918585e+01,8.968779198483679238e+01
2.029886363636363740e+02,1.234841850204922821e+03,2.642660759440011589e+02,7.675875000000001455e+04,1.628018520150212498e+04,6.047856810322157980e+04,3.112177182629238814e-12,2.329376245267842904e+01,8.948696349775367764e+01
2.031136363636363740e+02,1.231324242641981073e+03,2.893298105603066688e+02,7.688250000000001455e+04,1.629670984015833710e+04,6.058579346456542407e+04,5.768185928900493309e-11,2.329313691421052823e+01,8.928769004945930021e+01
2.032386363636363740e+02,1.231267955397197738e+03,3.095719714117944363e+02,7.700625000000001455e+04,1.631335807731802743e+04,6.069289527106332389e+04,4.365758886137882655e-05,2.329250261799489508e+01,8.908995426996938249e+01
2.033636363636363740e+02,1.223674203227708631e+03,3.255626439538548311e+02,7.713000000000001455e+04,1.633008993752470633e+04,6.079991341085665044e+04,3.097966327914036810e-12,2.329186012868229128e+01,8.889373898230908821e+01
2.034886363636363740e+02,1.224876913506487654e+03,3.423040959729968336e+02,7.725375000000001455e+04,1.634690350045303239e+04,6.090684984792832984e+04,2.671640686457976699e-12,2.329121010163310501e+01,8.869902720259182161e+01
2.036136363636363740e+02,1.220230084347399043e+03,3.575747736956969902e+02,7.737750000000001455e+04,1.636378811769476124e+04,6.101371523068664101e+04,3.814193405560217798e-11,2.329055328417658544e+01,8.850580213991918299e+01
2.037386363636363740e+02,1.209773605399761209e+03,3.684352724304405911e+02,7.750125000000001455e+04,1.638075199927288122e+04,6.112050138222036912e+04,3.311184629239960486e-05,2.328989051388647269e+01,8.831404719611535370e+01
2.038636363636363740e+02,1.245183473241018191e+03,3.782450596565984142e+02,7.762500000000001455e+04,1.639777569431302254e+04,6.122722771745112550e+04,3.027089898921531130e-05,2.328922271439979141e+01,8.812374596530804638e+01
2.039886363636363740e+02,1.225709224230008658e+03,3.841572404013491564e+02,7.774875000000001455e+04,1.641486475908500506e+04,6.133388865267918300e+04,4.015987542516086251e-11,2.328855088930965422e+01,8.793488223336780152e+01
2.041136363636363740e+02,1.242064677762338306e+03,3.874142806974466566e+02,7.787250000000001455e+04,1.643199608545485899e+04,6.144050732630943094e+04,1.038813479681266472e-10,2.328787611461358864e+01,8.774743997721641620e+01
2.042386363636363740e+02,1.287374590962643424e+03,3.923476997312531012e+02,7.799625000000001455e+04,1.644920179675613690e+04,6.154705161500823306e+04,8.031975085032172501e-11,2.328719953016060273e+01,8.756140336401460900e+01
2.043636363636363740e+02,1.296430188419618844e+03,4.005641856016007409e+02,7.812000000000001455e+04,1.646647021276928353e+04,6.165353319899509370e+04,8.355982572538778186e-12,2.328652233049119857e+01,8.737675675023859867e+01
2.044886363636363740e+02,1.283987783086829495e+03,4.056206332702015516e+02,7.824375000000001455e+04,1.648377581536355501e+04,6.175997759640093136e+04,1.122231196859502234e-10,2.328584575539123946e+01,8.719348468065460622e+01
2.046136363636363740e+02,1.282609506043188503e+03,4.095946647122254944e+02,7.836750000000001455e+04,1.650114637669169315e+04,6.186635706403012591e+04,2.895732886543100904e-05,2.328517108043838135e+01,8.701157188719965063e+01
2.047386363636363740e+02,1.294177474424140655e+03,4.115400545928314386e+02,7.849125000000001455e+04,1.651857586536321833e+04,6.197267757535879355e+04,1.911217850647517480e-10,2.328449960776216443e+01,8.683100328777648258e+01
2.048636363636363740e+02,1.303526224133276628e+03,4.152208237406323974e+02,7.861500000000001455e+04,1.653605706125069264e+04,6.207894637947141018e+04,8.888889624358853325e-11,2.328383265715849149e+01,8.665176398497047217e+01
2.049886363636363740e+02,1.319335248946714955e+03,4.211492832744060024e+02,7.873875000000001455e+04,1.655359147121504066e+04,6.218516199383489584e+04,2.432783557537732122e-05,2.328317155768574764e+01,8.647383926469477444e+01
2.051136363636363740e+02,1.294449049770539887e+03,4.243383932377532801e+02,7.886250000000001455e+04,1.657119167050305987e+04,6.229131179454689118e+04,1.438138497178442776e-11,2.328251763983759659e+01,8.629721459477079293e+01
2.052386363636363740e+02,1.277956759128902604e+03,4.263149189979322387e+02,7.898625000000001455e+04,1.658884389012955580e+04,6.239740959774288785e+04,2.282249191409846389e-05,2.328187222837135906e+01,8.612187562344988123e+01
2.053636363636363740e+02,1.295078949902949262e+03,4.263707138723300432e+02,7.911000000000001455e+04,1.660654958662275385e+04,6.250345390124986443e+04,1.730882104311604053e-10,2.328123663583804515e+01,8.594780817788183924e+01
2.054886363636363740e+02,1.291857021172424538e+03,4.292782145412568298e+02,7.923375000000001455e+04,1.662431040800186020e+04,6.260944307987089269e+04,1.335678234681836329e-10,2.328061215679499441e+01,8.577499826253588822e+01
2.056136363636363740e+02,1.320815714324842247e+03,4.333847183296927597e+02,7.935750000000001455e+04,1.664211951152837355e+04,6.271538399597969692e+04,1.963531913418137265e-05,2.328000006267475896e+01,8.560343205757880014e+01
2.057386363636363740e+02,1.345279075613592113e+03,4.351632642284513963e+02,7.948125000000001455e+04,1.665999194184557200e+04,6.282126156566252030e+04,1.963940121640916914e-11,2.327940159728146696e+01,8.543309591721487095e+01
2.058636363636363740e+02,1.362066879722098065e+03,4.359722449738616774e+02,7.960500000000001455e+04,1.667792135118360238e+04,6.292708217526154476e+04,1.893705749012042361e-05,2.327881797289981236e+01,8.526397636799241297e+01
2.059886363636363740e+02,1.325503455935147031e+03,4.376735732497539857e+02,7.972875000000001455e+04,1.669589669063378824e+04,6.303285683581159537e+04,2.383160335739376023e-10,2.327825036699210415e+01,8.509606010708030510e+01
2.061136363636363740e+02,1.302418900302233396e+03,4.389674813416033885e+02,7.985250000000001455e+04,1.671391653037229480e+04,6.313858699607315793e+04,7.220535280794138089e-11,2.327769991941966765e+01,8.492933400051911974e+01
2.062386363636363740e+02,1.317277639231868307e+03,4.427367414318416650e+02,7.997625000000001455e+04,1.673197960879951279e+04,6.324427393612661399e+04,1.848067550724863395e-05,2.327716773012983253e+01,8.476378508144945556e+01
2.063636363636363740e+02,1.353647683852223508e+03,4.444355045901002654e+02,8.010000000000001455e+04,1.675009737233191481e+04,6.334990617259422288e+04,1.300293206440983340e-11,2.327665485726302208e+01,8.459940054832154033e+01
2.064886363636363740e+02,1.353329080881773962e+03,4.452251985210867247e+02,8.022375000000001455e+04,1.676826672384807171e+04,6.345548683763363078e+04,1.655556354762666160e-05,2.327616231565867011e+01,8.443616776308897443e+01
2.066136363636363740e+02,1.331416707435801754e+03,4.464129573431495146e+02,8.034750000000001455e+04,1.678646740606121602e+04,6.356103615542079933e+04,3.145856908304267563e-10,2.327569107572309193e+01,8.427407424938910196e+01
2.067386363636363740e+02,1.303017845491204753e+03,4.525594014580535713e+02,8.047125000000001455e+04,1.680471082369260330e+04,6.366654275616957602e+04,1.838016316924040439e-05,2.327524206260680373e+01,8.411310769071327798e+01
2.068636363636363740e+02,1.323798250982834588e+03,4.568040604745279438e+02,8.059500000000001455e+04,1.682299261534637844e+04,6.377201097898322769e+04,1.446742504640496918e-05,2.327481615566459183e+01,8.395325592856896435e+01
2.069886363636363740e+02,1.313888476370546869e+03,4.579218976770372365e+02,8.071875000000001455e+04,1.684131760625550669e+04,6.387743598807412491e+04,2.279421096318401396e-11,2.327441418816820473e+01,8.379450696063635462e+01
2.071136363636363740e+02,1.316959613656286592e+03,4.575715244273801545e+02,8.084250000000001455e+04,1.685968099118237660e+04,6.398282260314734594e+04,8.911626991903176531e-11,2.327403694724885952e+01,8.363684893892146022e+01
2.072386363636363740e+02,1.309842456601554659e+03,4.582983727286176077e+02,8.096625000000001455e+04,1.687809784877644415e+04,6.408815574555340572e+04,1.295461515837814659e-10,2.327368517404437753e+01,8.348027016790766197e+01
2.073636363636363740e+02,1.323087212957053453e+03,4.636991339658820834e+02,8.109000000000001455e+04,1.689655571614046858e+04,6.419344789509484690e+04,1.690546345400889550e-05,2.327335956401704919e+01,8.332475910270751740e+01
2.074886363636363740e+02,1.366984713878195407e+03,4.673211127569348946e+02,8.121375000000001455e+04,1.691505076716358235e+04,6.429870284407173313e+04,1.918465386552270502e-12,2.327306076742814511e+01,8.317030434721681331e+01
2.076136363636363740e+02,1.378697730897809151e+03,4.679735639140005219e+02,8.133750000000001455e+04,1.693360868079088323e+04,6.440389493044444680e+04,1.354294454358750954e-11,2.327278938995384294e+01,8.301689465227210007e+01
2.077386363636363740e+02,1.375437439219565931e+03,4.693530724374352303e+02,8.146125000000001455e+04,1.695219912685716918e+04,6.450905450119965099e+04,1.682148722181864287e-05,2.327254599343064712e+01,8.286451891381322810e+01
2.078636363636363740e+02,1.358916512963380228e+03,4.726280879850706924e+02,8.158500000000001455e+04,1.697082512385681548e+04,6.461417850420015020e+04,1.465707555325934663e-10,2.327233109671483291e+01,8.271316617105240709e+01
2.079886363636363740e+02,1.378186766819194872e+03,4.764517971157246166e+02,8.170875000000001455e+04,1.698950129002805625e+04,6.471925236083543132e+04,2.280652140029815200e-05,2.327214517663220406e+01,8.256282560465101028e+01
2.081136363636363740e+02,1.387642942573411574e+03,4.792013311594508309e+02,8.183250000000001455e+04,1.700821601808466585e+04,6.482428763277886901e+04,4.902744876744691283e-11,2.327198866900027951e+01,8.241348653490494769e+01
2.082386363636363740e+02,1.389744320588931942e+03,4.792066798221056843e+02,8.195625000000001455e+04,1.702700717160343629e+04,6.492924647926010948e+04,9.251266419596504420e-12,2.327186196972274956e+01,8.226513841994012921e+01
2.083636363636363740e+02,1.360691318370176305e+03,4.772635879057392003e+02,8.208000000000001455e+04,1.704584653906146559e+04,6.503415711180208746e+04,1.057287590811029077e-11,2.327176543595416902e+01,8.211777085391864262e+01
2.084886363636363740e+02,1.354521277988335214e+03,4.778593934346174592e+02,8.220375000000001455e+04,1.706472221066735801e+04,6.513903144019691536e+04,7.160281256801681593e-10,2.327169938731499244e+01,8.197137356525658447e+01
2.086136363636363740e+02,1.389665405635539400e+03,4.825193679973998542e+02,8.232750000000001455e+04,1.708363888601974759e+04,6.524386478274776891e+04,1.790324014905309014e-05,2.327166410714856326e+01,8.182593641485460978e+01
2.087386363636363740e+02,1.388517150614191905e+03,4.845121404286383040e+02,8.245125000000001455e+04,1.710259352639905774e+04,6.534866014236852789e+04,6.855316314613446593e-11,2.327165984380821939e+01,8.168144939434151297e+01
2.088636363636363740e+02,1.377791134676867841e+03,4.859749284408957806e+02,8.257500000000001455e+04,1.712161356693261769e+04,6.545339011822750035e+04,1.639253414964514377e-05,2.327168681197922595e+01,8.153790262433189184e+01
2.089886363636363740e+02,1.343325654039595292e+03,4.844692493617997116e+02,8.269875000000001455e+04,1.714067837439227515e+04,6.555807531076793384e+04,9.501377462584059685e-11,2.327174519402548825e+01,8.139528635269832080e+01
2.091136363636363740e+02,1.324591780141398431e+03,4.820577775289775673e+02,8.282250000000001455e+04,1.715975453984031992e+04,6.566274914531994727e+04,5.651656920235836878e-11,2.327183514132862996e+01,8.125359095285850231e+01
2.092386363636363740e+02,1.339114567325223788e+03,4.822523465814210795e+02,8.294625000000001455e+04,1.717888821724840091e+04,6.576736548629259050e+04,1.838072270743396075e-05,2.327195677561191545e+01,8.192609956852392372e+01
2.093636363636363740e+02,1.330308757629318961e+03,4.833740723110375939e+02,8.307000000000001455e+04,1.719805284590356678e+04,6.587195085763762472e+04,1.933528892550384626e-10,2.327211019022641736e+01,8.264828554839606056e+01
2.094886363636363740e+02,1.371271007186345969e+03,4.837516109687275616e+02,8.319375000000001455e+04,1.721727204705349504e+04,6.597648167553574604e+04,1.904805094454786740e-05,2.327229545140827227e+01,8.335861839249086813e+01
2.096136363636363740e+02,1.396564281825165835e+03,4.824384895607635144e+02,8.331750000000001455e+04,1.723655570657837961e+04,6.608094801601112704e+04,2.616644678710144944e-10,2.327251259952033990e+01,8.405695423229445851e+01
2.097386363636363740e+02,1.387119569559741421e+03,4.872153999290025581e+02,8.344125000000001455e+04,1.725586878421078654e+04,6.618538493837873102e+04,1.534772309241816401e-11,2.327276165025842403e+01,8.474316845748116123e+01
2.098636363636363740e+02,1.379661768389249801e+03,4.909904577465763396e+02,8.356500000000001455e+04,1.727520589027527967e+04,6.628979785631346749e+04,2.399923570806095086e-05,2.327304259582073698e+01,8.541715456815340701e+01
2.099886363636363740e+02,1.354319338208272256e+03,4.921171343467840416e+02,8.368875000000001455e+04,1.729459042627378949e+04,6.639416332031507045e+04,1.200675114887417294e-10,2.327335540603109720e+01,8.607882346376491967e+01
2.101136363636363740e+02,1.404435601088384374e+03,4.920935282948959184e+02,8.381250000000001455e+04,1.731403949924913104e+04,6.649846426800852350e+04,2.066879164885904174e-05,2.327370002943071370e+01,8.672810312606765137e+01
2.102386363636363740e+02,1.395635549826737588e+03,4.897531673732711965e+02,8.393625000000001455e+04,1.733353931930966064e+04,6.660271444794839772e+04,4.053930524605675600e-10,2.327407639433601361e+01,8.736493859441986842e+01
2.103636363636363740e+02,1.387057912877726949e+03,4.931348098793479267e+02,8.406000000000001455e+04,1.735306586521432837e+04,6.670693790204373363e+04,5.741185304941609502e-12,2.327448440985446965e+01,8.798929198816531994e+01
2.104886363636363740e+02,1.400145126848143036e+03,4.964869649109783154e+02,8.418375000000001455e+04,1.737264201666202644e+04,6.681111176304001128e+04,1.244397279265285761e-05,2.327492396687950560e+01,8.860114254454627769e+01
2.106136363636363740e+02,1.382513268810257387e+03,4.977981867565692937e+02,8.430750000000001455e+04,1.739225088922683426e+04,6.691525289047532715e+04,1.211617473018122837e-10,2.327539493906364143e+01,8.920048663734850436e+01
2.107386363636363740e+02,1.423686060167845881e+03,4.978079034577893367e+02,8.443125000000001455e+04,1.741191707426095672e+04,6.701933673074822582e+04,2.530702386138727888e-05,2.327589718379526573e+01,8.978733776511718645e+01
2.108636363636363740e+02,1.417759746127607514e+03,4.948052245439247940e+02,8.455500000000001455e+04,1.743162494507452720e+04,6.712337885993506643e+04,4.119016239201300777e-10,2.327643054314687632e+01,9.036172647904501787e+01
2.109886363636363740e+02,1.403884103617877599e+03,4.995706013914024197e+02,8.467875000000001455e+04,1.745135598515505990e+04,6.722739784999542462e+04,3.014089156749832910e-05,2.327699484477832215e+01,9.092370000670783270e+01
2.111136363636363740e+02,1.389263707109816778e+03,5.031270856141698005e+02,8.480250000000001455e+04,1.747113538041261927e+04,6.733136845473787980e+04,1.702460394881200045e-11,2.327758990281328266e+01,9.147332148535836893e+01
2.112386363636363740e+02,1.389770553315221605e+03,5.048218505301921368e+02,8.492625000000001455e+04,1.749096934316688203e+04,6.743528449198363523e+04,1.961097950697876513e-11,2.327821551870249905e+01,9.201066895689814373e+01
2.113636363636363740e+02,1.397366220491386457e+03,5.047896861085864657e+02,8.505000000000001455e+04,1.751084605775634191e+04,6.753915777739421173e+04,3.217337507521733642e-11,2.327887148208140644e+01,9.253583423848706957e+01
2.114886363636363740e+02,1.382086887891167862e+03,5.073818062602318832e+02,8.517375000000001455e+04,1.753077784908757167e+04,6.764297598606307292e+04,9.057998795469757169e-11,2.327955757160217232e+01,9.304892178300215733e+01
2.116136363636363740e+02,1.375876342443706108e+03,5.141350104953924074e+02,8.529750000000001455e+04,1.755073783234697476e+04,6.774676602316283970e+04,2.035916351417199621e-05,2.328027355571521184e+01,9.355004756152892753e+01
2.117386363636363740e+02,1.404606860354976334e+03,5.184071479272935221e+02,8.542125000000001455e+04,1.757074368099768253e+04,6.785051017451217922e+04,4.463629466044949368e-11,2.328101919341965953e+01,9.414707710596526624e+01
2.118636363636363740e+02,1.429453667349405123e+03,5.210926953044962602e+02,8.554500000000001455e+04,1.759082966177269918e+04,6.795417419373718440e+04,2.648903318913653493e-11,2.328179423500320411e+01,9.496307532891422909e+01
2.119886363636363740e+02,1.426015295160563483e+03,5.276815300350116331e+02,8.566875000000001455e+04,1.761098270012022840e+04,6.805777115538982616e+04,1.715108055577729829e-10,2.328259842278043834e+01,9.576845809091621220e+01
2.121136363636363740e+02,1.400857966698270275e+03,5.359439353426665775e+02,8.579250000000001455e+04,1.763120034272432531e+04,6.816130352855680394e+04,1.577107792627430172e-05,2.328343149182262195e+01,9.656299550479842253e+01
2.122386363636363740e+02,1.387666867655085071e+03,5.423401843366029880e+02,8.591625000000001455e+04,1.765146744011067130e+04,6.826478643117046158e+04,6.465938895416911691e-12,2.328429317067458726e+01,9.734648370853612676e+01
2.123636363636363740e+02,1.406477534173344566e+03,5.467752941554364270e+02,8.604000000000001455e+04,1.767181059579143766e+04,6.836819327548998990e+04,3.012132765434216708e-10,2.328518318203176563e+01,9.811874383605244532e+01
2.124886363636363740e+02,1.426615320105611090e+03,5.499223516722580598e+02,8.616375000000001455e+04,1.769223486787268121e+04,6.847151900340880093e+04,5.199751740292413160e-11,2.328610124338309006e+01,9.887962232552160913e+01
2.126136363636363740e+02,1.450813413450613098e+03,5.591965515984920785e+02,8.628750000000001455e+04,1.771274965773280201e+04,6.857475421354878927e+04,1.133173554990207776e-10,2.328704706763338095e+01,9.962899120304555822e+01
2.127386363636363740e+02,1.482621988634367199e+03,5.679321882035443423e+02,8.641125000000001455e+04,1.773336434573306178e+04,6.867788952554852585e+04,1.136868377216160297e-13,2.328802036368421824e+01,1.003667477743082372e+02
2.128636363636363740e+02,1.500958476140956009e+03,5.754580427480453864e+02,8.653500000000001455e+04,1.775405377401443548e+04,6.878095010266965255e+04,5.402496682904711633e-06,2.328902083697825276e+01,1.010928145067586428e+02
2.129886363636363740e+02,1.512973188729671620e+03,5.786001896125422945e+02,8.665875000000001455e+04,1.777482444349190700e+04,6.888392943319308688e+04,9.010250323626678437e-10,2.329004819002108206e+01,1.018071383910266547e+02
2.131136363636363740e+02,1.516700861232873194e+03,5.806233438135174083e+02,8.678250000000001455e+04,1.779570645219322250e+04,6.898679744721268071e+04,2.272091441568591108e-05,2.329110212286697390e+01,1.025096893129304618e+02
2.132386363636363740e+02,1.513243272153877570e+03,5.826680601478759627e+02,8.690625000000001455e+04,1.781663999916654939e+04,6.908961391622669180e+04,1.598733069840818644e-05,2.329218233355853940e+01,1.032004584647281291e+02
2.132727272727272805e+02,1.564959331971772599e+03,5.841458891616000528e+02,8.694000000000001455e+04,1.782235989441179117e+04,6.911764402102425811e+04,4.281814369733183412e-08,2.329247888344239925e+01,1.033879107222331015e+02
2.133977272727272805e+02,1.235935065026293614e+03,5.579721930956500273e+02,8.694000000000001455e+04,1.784303135235668378e+04,6.909697256372316042e+04,6.437927204672178050e-07,2.329359212279573654e+01,1.040636784439191871e+02
2.135227272727272805e+02,9.831579025685755369e+02,5.236639707509956452e+02,8.694000000000001455e+04,1.786302335896518343e+04,6.907698055711464258e+04,-1.593036813574144617e-11,2.329473094047892445e+01,1.047275979836235962e+02
2.136477272727272805e+02,8.238861063922436188e+02,4.892778440479723940e+02,8.694000000000001455e+04,1.788263606091831025e+04,6.905736785516153031e+04,8.427036846114788204e-12,2.329589501389519057e+01,1.053794998842009818e+02
2.137727272727272805e+02,7.083082190262733775e+02,4.561191653881482466e+02,8.694000000000001455e+04,1.790201277885282252e+04,6.903799113722704351e+04,2.162536816285864916e-11,2.329708400264779655e+01,1.060190501485115391e+02
2.138977272727272805e+02,6.235833592259409670e+02,4.256592278878324578e+02,8.694000000000001455e+04,1.792122454723558258e+04,6.901877936884429073e+04,1.094946355806314386e-11,2.329829754094593852e+01,1.066457143927389097e+02
2.140227272727272805e+02,5.562763018817956890e+02,3.987124508930277216e+02,8.694000000000001455e+04,1.794031363076916023e+04,6.899969038049411029e+04,9.518340041481110347e-05,2.329953522962838619e+01,1.074143955770797021e+02
2.141477272727272805e+02,5.025843914264978025e+02,3.752728964150567776e+02,8.694000000000001455e+04,1.795930721993234329e+04,6.898069683577799879e+04,4.444707517237134198e-05,2.330079662830245013e+01,1.084474234658545981e+02
2.142727272727272805e+02,4.593312012910560611e+02,3.547151045599258623e+02,8.694000000000001455e+04,1.797822370248035440e+04,6.896178037320789008e+04,1.997790027985502093e-05,2.330208124803166214e+01,1.094493917754346768e+02
2.143977272727272805e+02,4.241555326766290932e+02,3.366717148712130552e+02,8.694000000000001455e+04,1.799707598948785380e+04,6.894292809410588234e+04,7.905495564841658052e-06,2.330338854492203993e+01,1.104154320466475099e+02
2.145227272727272805e+02,3.958344977712708328e+02,3.208068167101181984e+02,8.694000000000001455e+04,1.801587348875905445e+04,6.892413059871901351e+04,3.884334248027698777e-06,2.330471791486125710e+01,1.113410953703025399e+02
2.146477272727272805e+02,3.723919803337202552e+02,3.068088317771274092e+02,8.694000000000001455e+04,1.803462326685531661e+04,6.890538082315951760e+04,2.536761520843811013e-06,2.330606868958088640e+01,1.122224956965069964e+02
2.147727272727272805e+02,3.532321244714686372e+02,2.944005611357073349e+02,8.694000000000001455e+04,1.805333076818960035e+04,6.888667332362015441e+04,1.794914545882875245e-06,2.330744013412946813e+01,1.130563969186375033e+02
2.148977272727272805e+02,3.372931762455804119e+02,2.833435663232148727e+02,8.694000000000001455e+04,1.807200029534047644e+04,6.886800379778360366e+04,1.314325945855898681e-06,2.330883144577073196e+01,1.138402515878019159e+02
2.150227272727272805e+02,3.233882406052384795e+02,2.735123488951369950e+02,8.694000000000001455e+04,1.809063532896293691e+04,6.884936876514944015e+04,9.883038067926008807e-07,2.331024175426545497e+01,1.145722015713668327e+02
2.151477272727272805e+02,3.111307028290872267e+02,2.648991627146384644e+02,8.694000000000001455e+04,1.810923874034608525e+04,6.883076535452500684e+04,7.587100121497769578e-07,2.331167012343031786e+01,1.152510474202834985e+02
2.152727272727272805e+02,3.002226390168364674e+02,2.570589172583618165e+02,8.694000000000001455e+04,1.812781293715837455e+04,6.881219115830479132e+04,5.920713981311109819e-07,2.331311555384160172e+01,1.158762002395035324e+02
2.153977272727272805e+02,2.919588021638268742e+02,2.498908461162679373e+02,8.694000000000001455e+04,1.814635996649672597e+04,6.879364412943471689e+04,4.682779888298682636e-07,2.331457698652851462e+01,1.164476211461447548e+02
2.155227272727272805e+02,2.845445137218394507e+02,2.433096919460103322e+02,8.694000000000001455e+04,1.816488158962445959e+04,6.877512250668169872e+04,3.747128332065585710e-07,2.331605330748573479e+01,1.169657542771786041e+02
2.156477272727272805e+02,2.775988397099251301e+02,2.372433463305650037e+02,8.694000000000001455e+04,1.818337933750563025e+04,6.875662475910288049e+04,3.023587318295994919e-07,2.331754335283022783e+01,1.174314560897680479e+02
2.157727272727272805e+02,2.710915092834087545e+02,2.316307197280683283e+02,8.694000000000001455e+04,1.820185455291875041e+04,6.873814954393578228e+04,2.460278807348004193e-07,2.331904591443784369e+01,1.178459260361904768e+02
2.158977272727272805e+02,2.651509159768814925e+02,2.264198685281630219e+02,8.694000000000001455e+04,1.822030842283715538e+04,6.871969567421912507e+04,2.017424094447051175e-07,2.332055974590745251e+01,1.182106415515764439e+02
2.160227272727272805e+02,2.595175172676945294e+02,2.215665406686516121e+02,8.694000000000001455e+04,1.823874200381437913e+04,6.870126209340838250e+04,1.664793316535906342e-07,2.332208356871391430e+01,1.185272992609987739e+02
2.161477272727272805e+02,2.541722247353566786e+02,2.170327748693183025e+02,8.694000000000001455e+04,1.825715624214955096e+04,6.868284785521084268e+04,1.376264897601231496e-07,2.332361607842995710e+01,1.187977596165075340e+02
2.162727272727272805e+02,2.490964637501735695e+02,2.127858296815185781e+02,8.694000000000001455e+04,1.827555199021152293e+04,6.866445210726330697e+04,1.144364247807061474e-07,2.332515595090226768e+01,1.190240013750674706e+02
2.163977272727272805e+02,2.442724733516288325e+02,2.087977506861684560e+02,8.694000000000001455e+04,1.829393001948883102e+04,6.864607407808168500e+04,9.569018644128846063e-08,2.332670184829299842e+01,1.192080812924077691e+02
2.165227272727272805e+02,2.396922948724707965e+02,2.050437434273628696e+02,8.694000000000001455e+04,1.831229103139241124e+04,6.862771306625798752e+04,7.988433381456161442e-08,2.332825242491862738e+01,1.193520996629888486e+02
2.166477272727272805e+02,2.354432711619503777e+02,2.015023866205993670e+02,8.694000000000001455e+04,1.833063566617832839e+04,6.860936843153880909e+04,6.673565877690634807e-08,2.332980633282808824e+01,1.194581726186226405e+02
2.167727272727272805e+02,2.313835089625962951e+02,1.981545538355400708e+02,8.694000000000001455e+04,1.834896451049724055e+04,6.859103958727561985e+04,5.571500949486107857e-08,2.333136222707557650e+01,1.195284090315055323e+02
2.168977272727272805e+02,2.275012850845449748e+02,1.949838258475856776e+02,8.694000000000001455e+04,1.836727810365160622e+04,6.857272599416754383e+04,4.629222161156576476e-08,2.333291877065241593e+01,1.195648908774185628e+02
2.170227272727272805e+02,2.237857194630384470e+02,1.919953555789156781e+02,8.694000000000001455e+04,1.838557694301654192e+04,6.855442715484120708e+04,3.859328501221170882e-08,2.333447463905589458e+01,1.195696573611079145e+02
2.171477272727272805e+02,2.202267290875620915e+02,1.891829522287912084e+02,8.694000000000001455e+04,1.840386148860765752e+04,6.853614260928190197e+04,3.180574381644873938e-08,2.333602852448282050e+01,1.195446923798745047e+02
2.172727272727272805e+02,2.168149822539821514e+02,1.865017581267997002e+02,8.694000000000001455e+04,1.842213216704607476e+04,6.851787193086954358e+04,2.605597160254546907e-08,2.333757913964420894e+01,1.194919149072540421e+02
2.173977272727272805e+02,2.135418478441308707e+02,1.839423629243057690e+02,8.694000000000001455e+04,1.844038937496954168e+04,6.849961472296698776e+04,2.091596940090312273e-08,2.333912522120415645e+01,1.194131720080930563e+02
2.175227272727272805e+02,2.103993602322418326e+02,1.814962987265419656e+02,8.694000000000001455e+04,1.845863348203732676e+04,6.848137061591529346e+04,1.609573985206225188e-08,2.334066553284967682e+01,1.193102340857017225e+02
2.176477272727272805e+02,2.073801779217155001e+02,1.791559799793338357e+02,8.694000000000001455e+04,1.847686483350713024e+04,6.846313926445759716e+04,1.211119027288987127e-08,2.334219886800219257e+01,1.191847919988854159e+02
2.177727272727272805e+02,2.044776322315393600e+02,1.769144314602535815e+02,8.694000000000001455e+04,1.849508375237582368e+04,6.844492034559760941e+04,8.700101972181073506e-09,2.334372405218466540e+01,1.190384556353680949e+02
2.178977272727272805e+02,2.016857495126306503e+02,1.747651974486769291e+02,8.694000000000001455e+04,1.851329054136187915e+04,6.842671355661751295e+04,5.953847193040928687e-09,2.334523994506058742e+01,1.188727536322598013e+02
2.180227272727272805e+02,1.989996523145857736e+02,1.727024855537498240e+02,8.694000000000001455e+04,1.853148548457792640e+04,6.840851861340583127e+04,4.367056050114115351e-09,2.334674544216263925e+01,1.186891340016790224e+02
2.181477272727272805e+02,1.964151590108776588e+02,1.707209826393590788e+02,8.694000000000001455e+04,1.854966884878619749e+04,6.839033524920130731e+04,3.749281773934853845e-09,2.334823947632987284e+01,1.184889654649094410e+02
2.182727272727272805e+02,1.939256235104208770e+02,1.688157882223021033e+02,8.694000000000001455e+04,1.856784088450469426e+04,6.837216321348614292e+04,3.334587717063186574e-09,2.334972101887278839e+01,1.182735393369244008e+02
2.183977272727272805e+02,1.915689235081894992e+02,1.669823751950164592e+02,8.694000000000001455e+04,1.858600182718971701e+04,6.835400227080409240e+04,2.970192980455976794e-09,2.335118908048594477e+01,1.180440718302217249e+02
2.185227272727272805e+02,1.893062849298161723e+02,1.652165594881398931e+02,8.694000000000001455e+04,1.860415189838093647e+04,6.833585219961551775e+04,2.652420505455665989e-09,2.335264271192753327e+01,1.178017066691782162e+02
2.186477272727272805e+02,1.871171648096534454e+02,1.635144724037693038e+02,8.694000000000001455e+04,1.862229130674837870e+04,6.831771279125045112e+04,2.373770513486306299e-09,2.335408100448507795e+01,1.175475179252199922e+02
2.187727272727272805e+02,1.849978089398669567e+02,1.618725342501728619e+02,8.694000000000001455e+04,1.864042024904361460e+04,6.829958384895735071e+04,2.131706366981234169e-09,2.335550309024580784e+01,1.172825129993069311e+02
2.188977272727272805e+02,1.829447595567857263e+02,1.602874294832975863e+02,8.694000000000001455e+04,1.865853891096399821e+04,6.828146518703889160e+04,1.916632186294009443e-09,2.335690814218961009e+01,1.170076356917102629e+02
2.190227272727272805e+02,1.809548142356875076e+02,1.587560836677693601e+02,8.694000000000001455e+04,1.867664746793867744e+04,6.826335663006594405e+04,1.726363052512169816e-09,2.335829537412168477e+01,1.167237693101621403e+02
2.191477272727272805e+02,1.790249945945483887e+02,1.572756423906378416e+02,8.694000000000001455e+04,1.869474608584467205e+04,6.824525801216150285e+04,1.559648410420777509e-09,2.335966404046112999e+01,1.164317397766063920e+02
2.192727272727272805e+02,1.771525216361599178e+02,1.558434521097221079e+02,8.694000000000001455e+04,1.871283492166038559e+04,6.822716917634720448e+04,1.409581784628244350e-09,2.336101343590083346e+01,1.161323187004026494e+02
2.193977272727272805e+02,1.753347957176937086e+02,1.544570428323920623e+02,8.694000000000001455e+04,1.873091412406315794e+04,6.820908997394570906e+04,1.276632133340172004e-09,2.336234289495310890e+01,1.158262263922689215e+02
2.195227272727272805e+02,1.735693798505190841e+02,1.531141124815102330e+02,8.694000000000001455e+04,1.874898383397672296e+04,6.819102026403330092e+04,1.161037488373040105e-09,2.336365179139450987e+01,1.155141347987361513e+02
2.196477272727272805e+02,1.718539854761484662e+02,1.518125127933569445e+02,8.694000000000001455e+04,1.876704418507369337e+04,6.817295991293738189e+04,1.053386711191706127e-09,2.336493953762244757e+01,1.151966703415945972e+02
2.197727272727272805e+02,1.701864601423810370e+02,1.505502365948242414e+02,8.694000000000001455e+04,1.878509530423763499e+04,6.815490879377440433e+04,9.601492934052657802e-10,2.336620558393518365e+01,1.148744166508457880e+02
2.198977272727272805e+02,1.685647766809440782e+02,1.493489309728947489e+02,8.694000000000001455e+04,1.880313731198872847e+04,6.813686678602418397e+04,8.762022218888887437e-10,2.336744941774598061e+01,1.145479171831135119e+02
2.200227272727272805e+02,1.669870236028053512e+02,1.481892515995184283e+02,8.694000000000001455e+04,1.882117032287658731e+04,6.811883377513712912e+04,8.008065321973845130e-10,2.336867056274127918e+01,1.142176777203703608e+02
2.201477272727272805e+02,1.654513965032576834e+02,1.470614731269297693e+02,8.694000000000001455e+04,1.883919444584332814e+04,6.810080965217112680e+04,7.323315287521836581e-10,2.336986857799194794e+01,1.138841687462575436e+02
2.202727272727272805e+02,1.639561903201534392e+02,1.459642132704124151e+02,8.694000000000001455e+04,1.885720978455970908e+04,6.808279431345542253e+04,6.700240362533804728e-10,2.337104305702589713e+01,1.135478276992631095e+02
2.203977272727272805e+02,1.624997923241069202e+02,1.448961686107660114e+02,8.694000000000001455e+04,1.887521643773679898e+04,6.806478766027894744e+04,6.138130004273989471e-10,2.337219362686954582e+01,1.132090611036286134e+02
2.205227272727272805e+02,1.610806757445709252e+02,1.438561090861157084e+02,8.694000000000001455e+04,1.889321449941537139e+04,6.804678959860093892e+04,5.631690669360978063e-10,2.337331994706503124e+01,1.128682465801225021e+02
2.206477272727272805e+02,1.596973939539047649e+02,1.428428729352748405e+02,8.694000000000001455e+04,1.891120405923498402e+04,6.802880003878184652e+04,5.184581652883935021e-10,2.337442170866926006e+01,1.125257347397976559e+02
2.207727272727272805e+02,1.583485751450896828e+02,1.418553620509788686e+02,8.694000000000001455e+04,1.892918520268451903e+04,6.801081889533279173e+04,4.758398119975026930e-10,2.337549863324040444e+01,1.121818509645831909e+02
2.208977272727272805e+02,1.570329174490654225e+02,1.408925377053496675e+02,8.694000000000001455e+04,1.894715801133573041e+04,6.799284608668202418e+04,4.383444718314422062e-10,2.337655047181684509e+01,1.118368970790866825e+02
2.210227272727272805e+02,1.557491844456949366e+02,1.399534166136322142e+02,8.694000000000001455e+04,1.896512256306123163e+04,6.797488153495691950e+04,4.053077873322763480e-10,2.337757700389295934e+01,1.114911529183381589e+02
2.211477272727272805e+02,1.544962010287563885e+02,1.390370673056200985e+02,8.694000000000001455e+04,1.898307893223817882e+04,6.795692516578033974e+04,3.755609156996797537e-10,2.337857803639581888e+01,1.111448777964226338e+02
2.212727272727272805e+02,1.532728495905389536e+02,1.381426067771993189e+02,8.694000000000001455e+04,1.900102718993880262e+04,6.793897690808006155e+04,3.470930209914513398e-10,2.337955340266622883e+01,1.107983118810515890e+02
2.213977272727272805e+02,1.520780664958846842e+02,1.372691973972042092e+02,8.694000000000001455e+04,1.901896740410881830e+04,6.792103669391036965e+04,3.197619946604390861e-10,2.338050296144729856e+01,1.104516774791382687e+02
2.215227272727272805e+02,1.509108388190837786e+02,1.364160440471880236e+02,8.694000000000001455e+04,1.903689963973465274e+04,6.790310445828482625e+04,2.965947487609810196e-10,2.338142659588321948e+01,1.101051802383871063e+02
2.216477272727272805e+02,1.497702013200445776e+02,1.355823914739462452e+02,8.694000000000001455e+04,1.905482395900033225e+04,6.788518013901941595e+04,2.761559869668417377e-10,2.338232421253068694e+01,1.097590102698005126e+02
2.217727272727272805e+02,1.486552336387360924e+02,1.347675218365663738e+02,8.694000000000001455e+04,1.907274042143480619e+04,6.786726367658519302e+04,2.561542089551949175e-10,2.338319574038497706e+01,1.094133431958597527e+02
2.218977272727272805e+02,1.475650576891248704e+02,1.339707524315360843e+02,8.694000000000001455e+04,1.909064908405039023e+04,6.784935501396984910e+04,2.373781171627342701e-10,2.338404112992252593e+01,1.090683411289614781e+02
2.220227272727272805e+02,1.464988352357571273e+02,1.331914335810305658e+02,8.694000000000001455e+04,1.910855000147300962e+04,6.783145409654744435e+04,2.214122218902048189e-10,2.338486035216149261e+01,1.087241535844990494e+02
2.221477272727272805e+02,1.454557656378252375e+02,1.324289466708904968e+02,8.694000000000001455e+04,1.912644322606476635e+04,6.781356087195589498e+04,2.059437065327074379e-10,2.338565339774159568e+01,1.083809183327706620e+02
2.222727272727272805e+02,1.444350837470418014e+02,1.316827023260645149e+02,8.694000000000001455e+04,1.914432880803941225e+04,6.779567528998144553e+04,1.920099634844518732e-10,2.338642027602430673e+01,1.080387621936850167e+02
2.223977272727272805e+02,1.434360579469555717e+02,1.309521387124273133e+02,8.694000000000001455e+04,1.916220679557119365e+04,6.777779730244983512e+04,1.782645142611727351e-10,2.338716101421426785e+01,1.076978017780208177e+02
2.225227272727272805e+02,1.424579883225037236e+02,1.302367199548871781e+02,8.694000000000001455e+04,1.918007723489751515e+04,6.775992686312367732e+04,1.667714855102531146e-10,2.338787565650265421e+01,1.073581441787835900e+02
2.226477272727272805e+02,1.415002049496297332e+02,1.295359346626209458e+02,8.694000000000001455e+04,1.919794017041584084e+04,6.774206392760550079e+04,1.540847449632565258e-10,2.338856426323299331e+01,1.070198876159949890e+02
2.227727272727272805e+02,1.405620662957182958e+02,1.288539768504192011e+02,8.694000000000001455e+04,1.921579564477521490e+04,6.772420845324627589e+04,1.450395359370304504e-10,2.338922691008988863e+01,1.066831220380465197e+02
2.228977272727272805e+02,1.396429577224239154e+02,1.281874483386631312e+02,8.694000000000001455e+04,1.923364369896272547e+04,6.770636039905890357e+04,1.365165758215880487e-10,2.338986368731091403e+01,1.063479296825544509e+02
2.230227272727272805e+02,1.387422900832102073e+02,1.275337868607406051e+02,8.694000000000001455e+04,1.925148437238527913e+04,6.768851972563647723e+04,1.278479544453148264e-10,2.339047469892182818e+01,1.060143855994650153e+02
2.231477272727272805e+02,1.378594984085826241e+02,1.268925867855020755e+02,8.694000000000001455e+04,1.926931770294692615e+04,6.767068639507495391e+04,1.200710642024205299e-10,2.339106006199521914e+01,1.056825581389799140e+02
2.232727272727272805e+02,1.369940406725959008e+02,1.262634596145778119e+02,8.694000000000001455e+04,1.928714372712206750e+04,6.765286037089992897e+04,1.129905058405711316e-10,2.339161990593253293e+01,1.053525094067043995e+02
2.233977272727272805e+02,1.361453966347600897e+02,1.256460330940723367e+02,8.694000000000001455e+04,1.930496248002475113e+04,6.763504161799735448e+04,1.058175769230729202e-10,2.339215437176940426e+01,1.050242956882568137e+02
2.235227272727272805e+02,1.353130667519554891e+02,1.250399503802354957e+02,8.694000000000001455e+04,1.932277399547432287e+04,6.761723010254788096e+04,9.929834732247400098e-11,2.339266361150412266e+01,1.046979678454306537e+02
2.236477272727272805e+02,1.344965711554119423e+02,1.244448692553804534e+02,8.694000000000001455e+04,1.934057830605763957e+04,6.759942579196466249e+04,9.281109214498428628e-11,2.339314778744902057e+01,1.043735716858555946e+02
2.237727272727272805e+02,1.336954486882068238e+02,1.238604613905932013e+02,8.694000000000001455e+04,1.935837544318805521e+04,6.758162865483433416e+04,8.623857183920335956e-11,2.339360707160449593e+01,1.040511483079713599e+02
2.238977272727272805e+02,1.329092559991023563e+02,1.232864116520407265e+02,8.694000000000001455e+04,1.937616543716135493e+04,6.756383866086111811e+04,8.083489433374779765e-11,2.339404164505536343e+01,1.037307344230037245e+02
2.240227272727272805e+02,1.321375666888724254e+02,1.227224174479437124e+02,8.694000000000001455e+04,1.939394831720883303e+04,6.754605578081372369e+04,7.642952937203517649e-11,2.339445169738916164e+01,1.034123626555142437e+02
2.241477272727272805e+02,1.313799705055720040e+02,1.221681881134817331e+02,8.694000000000001455e+04,1.941172411154765723e+04,6.752827998647496861e+04,7.207390240182576235e-11,2.339483742613606054e+01,1.030960618239867301e+02
2.242727272727272805e+02,1.306360725854758300e+02,1.216234443311306990e+02,8.694000000000001455e+04,1.942949284742869713e+04,6.751051125059399055e+04,6.847145073152205441e-11,2.339519903622989716e+01,1.027818572028117075e+02
2.243977272727272805e+02,1.299054927366643710e+02,1.210879175840811399e+02,8.694000000000001455e+04,1.944725455118194077e+04,6.749274954684081604e+04,6.377831596182659268e-11,2.339553673948995183e+01,1.024697707669342606e+02
2.245227272727272805e+02,1.291878647624635050e+02,1.205613496406005680e+02,8.694000000000001455e+04,1.946500924825963011e+04,6.747499484976318490e+04,6.158273890832788311e-11,2.339585075412297144e+01,1.021598214203434623e+02
2.246477272727272805e+02,1.284828358221550388e+02,1.200434920673297228e+02,8.694000000000001455e+04,1.948275696327726837e+04,6.745724713474560122e+04,5.664801960847398732e-11,2.339614130424498128e+01,1.018520252094986205e+02
2.247727272727272805e+02,1.277900658265646996e+02,1.195341057696576001e+02,8.694000000000001455e+04,1.950049772005259001e+04,6.743950637797033414e+04,5.394795721258560661e-11,2.339640861942238459e+01,1.015463955227109807e+02
2.248977272727272805e+02,1.271092268663122411e+02,1.190329605574559793e+02,8.694000000000001455e+04,1.951823154164260268e+04,6.742177255638036877e+04,5.245581746748939622e-11,2.339665293423188075e+01,1.012429432764285622e+02
2.250227272727272805e+02,1.264400026706676385e+02,1.185398347345750949e+02,8.694000000000001455e+04,1.953595845037883555e+04,6.740404564764419047e+04,4.930811314807215240e-11,2.339687448783866230e+01,1.009416770893057418e+02
2.251477272727272805e+02,1.257820880951055074e+02,1.180545147106136739e+02,8.694000000000001455e+04,1.955367846790084150e+04,6.738632563012222818e+04,4.672173758990538772e-11,2.339707352359242520e+01,1.006426034448774516e+02
2.252727272727272805e+02,1.251351886357873155e+02,1.175767946335848819e+02,8.694000000000001455e+04,1.957139161518808760e+04,6.736861248283502937e+04,4.437694656189705711e-11,2.339725028864064527e+01,1.003457268436008576e+02
2.253977272727272805e+02,1.244990199693234132e+02,1.171064760421839424e+02,8.694000000000001455e+04,1.958909791259030317e+04,6.735090618543286109e+04,4.121147867408581078e-11,2.339740503355865542e+01,1.000510499449746789e+02
2.255227272727272805e+02,1.238733075162840436e+02,1.166433675364716152e+02,8.694000000000001455e+04,1.960679737985635438e+04,6.733320671816683898e+04,3.790034952544374391e-11,2.339753801199599081e+01,9.975857370039645389e+01
2.256477272727272805e+02,1.232577860270338164e+02,1.161872844658554698e+02,8.694000000000001455e+04,1.962449003616174741e+04,6.731551406186148233e+04,3.655387104117835406e-11,2.339764948033850089e+01,9.946829747737263006e+01
2.257727272727272805e+02,1.226521991885608003e+02,1.157380486333259171e+02,8.694000000000001455e+04,1.964217590013480367e+04,6.729782819788846246e+04,3.435474127400084399e-11,2.339773969738574166e+01,9.918021917565441470e+01
2.258977272727272805e+02,1.220562992510640470e+02,1.152954880149774226e+02,8.694000000000001455e+04,1.965985498988158361e+04,6.728014910814171890e+04,3.249311930630938150e-11,2.339780892404315793e+01,9.889433533583166991e+01
2.260227272727272805e+02,1.214698466731440050e+02,1.148594364939243917e+02,8.694000000000001455e+04,1.967752732300963908e+04,6.726247677501369617e+04,3.173994400640367530e-11,2.339785742302854743e+01,9.861064124088170502e+01
2.261477272727272805e+02,1.208926097845189105e+02,1.144297336077453906e+02,8.694000000000001455e+04,1.969519291665063065e+04,6.724481118137273006e+04,3.066347176172712352e-11,2.339788545859237345e+01,9.832913101113510379e+01
2.262727272727272805e+02,1.203243644652608566e+02,1.140062243086885871e+02,8.694000000000001455e+04,1.971285178748188264e+04,6.722715231054151081e+04,2.832933887475519441e-11,2.339789329625140368e+01,9.804979769308937421e+01
2.263977272727272805e+02,1.197648938406117338e+02,1.135887587358866142e+02,8.694000000000001455e+04,1.973050395174691221e+04,6.720950014627650671e+04,2.777511554086231627e-11,2.339788120253524895e+01,9.777263334247180637e+01
2.265227272727272805e+02,1.192139879904991346e+02,1.131771919988998718e+02,8.694000000000001455e+04,1.974814942527499807e+04,6.719185467274844996e+04,2.674838128768897150e-11,2.339784944474534711e+01,9.749762910192586673e+01
2.266477272727272805e+02,1.186714436729300388e+02,1.127713839719367996e+02,8.694000000000001455e+04,1.976578822349983966e+04,6.717421587452363747e+04,2.452438252475985792e-11,2.339779829072593031e+01,9.722477527366959293e+01
2.267727272727272805e+02,1.181370640604923921e+02,1.123711990981560263e+02,8.694000000000001455e+04,1.978342036147732142e+04,6.715658373654617753e+04,2.224709305664873682e-11,2.339772800864656688e+01,9.695406138745146052e+01
2.268977272727272805e+02,1.176106584892427094e+02,1.119765062034784080e+02,8.694000000000001455e+04,1.980104585390247303e+04,6.713895824412105139e+04,2.260236442452878691e-11,2.339763886679584104e+01,9.668547626410736484e+01
2.270227272727272805e+02,1.170920422193043180e+02,1.115871783193788218e+02,8.694000000000001455e+04,1.981866471512561839e+04,6.712133938289793150e+04,2.081534944409213495e-11,2.339753113338575830e+01,9.641900807500117310e+01
2.271477272727272805e+02,1.165810362065415546e+02,1.112030925141692137e+02,8.694000000000001455e+04,1.983627695916778976e+04,6.710372713885577105e+04,1.917754843816510402e-11,2.339740507636648204e+01,9.615464439761349524e+01
2.272727272727272805e+02,1.160775749017710297e+02,1.108241297322967966e+02,8.694000000000001455e+04,1.985388259973541426e+04,6.708612149828816473e+04,1.932320969899592455e-11,2.339726096325101423e+01,9.589237226752510423e+01
2.273977272727272805e+02,1.155857687400288967e+02,1.104501746412257717e+02,8.694000000000001455e+04,1.987148165023431284e+04,6.706852244778927707e+04,1.878319721981824841e-11,2.339709906094941516e+01,9.563217822702486615e+01
2.275227272727272805e+02,1.151008970661906403e+02,1.100811154854941236e+02,8.694000000000001455e+04,1.988907412378307708e+04,6.705092997424052737e+04,1.680788841440516990e-11,2.339691963561222821e+01,9.537404837055755991e+01
2.276477272727272805e+02,1.146228084246052248e+02,1.097168439475553612e+02,8.694000000000001455e+04,1.990666003322579127e+04,6.703334406479782774e+04,1.718447606435802300e-11,2.339672295248272960e+01,9.511796838721207337e+01
2.277727272727272805e+02,1.141513557438159694e+02,1.093572550150485654e+02,8.694000000000001455e+04,1.992423939114420500e+04,6.701576470687943220e+04,1.481481604059808888e-11,2.339650927575763717e+01,9.486392360043765848e+01
2.278977272727272805e+02,1.136863961799543574e+02,1.090022468541480407e+02,8.694000000000001455e+04,1.994181220986930566e+04,6.699819188815435336e+04,1.525890525044815149e-11,2.339627886845599392e+01,9.461189900516349383e+01
2.280227272727272805e+02,1.132277909667517974e+02,1.086517206886821612e+02,8.694000000000001455e+04,1.995937850149238511e+04,6.698062559653128847e+04,1.463362764297926333e-11,2.339603199229583197e+01,9.436187930248549094e+01
2.281477272727272805e+02,1.127754052718472053e+02,1.083055806847160909e+02,8.694000000000001455e+04,1.997693827787558985e+04,6.696306582014809828e+04,1.488942302785289939e-11,2.339576890757835770e+01,9.411384893207340951e+01
2.282727272727272805e+02,1.123291080590867210e+02,1.079637338403096862e+02,8.694000000000001455e+04,1.999449155066197272e+04,6.694551254736173723e+04,1.402966631758317817e-11,2.339548987307930261e+01,9.386779210244165483e+01
2.283977272727272805e+02,1.118887719565270942e+02,1.076260898801944279e+02,8.694000000000001455e+04,2.001203833128509359e+04,6.692796576673863456e+04,1.166355900750204455e-11,2.339519514594718430e+01,9.362369281921773734e+01
2.285227272727272805e+02,1.114542731298704865e+02,1.072947626837019044e+02,8.694000000000001455e+04,2.002957863097817972e+04,6.691042546704555571e+04,1.092104184863273986e-11,2.339488498160815766e+01,9.338153491153346408e+01
2.286477272727272805e+02,1.110254911610743846e+02,1.069684094547958040e+02,8.694000000000001455e+04,2.004711246078286058e+04,6.689289163724088576e+04,1.100985969060275238e-11,2.339455963367718283e+01,9.314130205665691165e+01
2.287727272727272805e+02,1.106023089318916419e+02,1.066458748808686607e+02,8.694000000000001455e+04,2.006463983155749156e+04,6.687536426646626205e+04,1.258726456399017479e-11,2.339421935387527185e+01,9.290297780297422037e+01
2.288977272727272805e+02,1.101846125121108457e+02,1.063270837382209066e+02,8.694000000000001455e+04,2.008216075398511748e+04,6.685784334403864341e+04,1.067235189111670479e-11,2.339386439195250134e+01,9.266654559142428127e+01
2.290227272727272805e+02,1.097722910522782769e+02,1.060119628489124324e+02,8.694000000000001455e+04,2.009967523858104687e+04,6.684032885944272857e+04,9.425349389857728966e-12,2.339349499561658874e+01,9.243198877548284997e+01
2.291477272727272805e+02,1.093652366806943235e+02,1.057004410106117120e+02,8.694000000000001455e+04,2.011718329570009155e+04,6.682282080232369481e+04,1.097077984013594687e-11,2.339311141046675857e+01,9.219929063978584338e+01
2.292727272727272805e+02,1.089633444044884101e+02,1.053924489293078324e+02,8.694000000000001455e+04,2.013468493554346787e+04,6.680531916248032940e+04,8.562039965909207240e-12,2.339271387993267837e+01,9.196843441747654424e+01
2.293977272727272805e+02,1.085665120145863654e+02,1.050879191547492724e+02,8.694000000000001455e+04,2.015218016816538147e+04,6.678782392985842307e+04,9.674039347373764031e-12,2.339230264521824054e+01,9.173940330635581120e+01
2.295227272727272805e+02,1.081746399943937718e+02,1.047867860184898632e+02,8.694000000000001455e+04,2.016966900347931369e+04,6.677033509454449813e+04,7.990053063622326590e-12,2.339187794524996278e+01,9.151218048390929027e+01
2.296477272727272805e+02,1.077876314320279363e+02,1.044889855744136753e+02,8.694000000000001455e+04,2.018715145126400603e+04,6.675285264675981307e+04,9.162448577626491897e-12,2.339144001662980088e+01,9.128674912128148833e+01
2.297727272727272805e+02,1.074053919359396048e+02,1.041944555416306883e+02,8.694000000000001455e+04,2.020462752116917909e+04,6.673537657685464364e+04,7.918998790046316572e-12,2.339098909359217870e+01,9.106309239626160945e+01
2.298977272727272805e+02,1.070278295537737989e+02,1.039031352496324843e+02,8.694000000000001455e+04,2.022209722272098952e+04,6.671790687530284049e+04,8.025580200410331599e-12,2.339052540796503976e+01,9.084119350534221837e+01
2.300227272727272805e+02,1.066548546943264455e+02,1.036149655856053329e+02,8.694000000000001455e+04,2.023956056532722141e+04,6.670044353269661951e+04,7.702283255639486015e-12,2.339004918913472153e+01,9.062103567490841272e+01
2.301477272727272805e+02,1.062863800524603732e+02,1.033298889438062815e+02,8.694000000000001455e+04,2.025701755828225942e+04,6.668298653974158515e+04,7.474909580196253955e-12,2.338956066401447842e+01,9.040260217161093692e+01
2.302727272727272805e+02,1.059233520831598412e+02,1.030478491769005274e+02,8.694000000000001455e+04,2.027446821077181085e+04,6.666553588725204463e+04,8.256506589532364160e-12,2.338906005701649349e+01,9.018587631197385690e+01
2.303977272727272805e+02,1.055659691368074249e+02,1.027687915491895012e+02,8.694000000000001455e+04,2.029191253187741677e+04,6.664809156614643871e+04,6.288303211476886645e-12,2.338854759002718708e+01,8.997084147128400389e+01
2.305227272727272805e+02,1.052127735677034366e+02,1.024926626916256396e+02,8.694000000000001455e+04,2.030935053058076301e+04,6.663065356744310702e+04,6.316724920907290652e-12,2.338802348238568385e+01,8.975748109180673850e+01
2.306477272727272805e+02,1.048636885300169723e+02,1.022194105585519424e+02,8.694000000000001455e+04,2.032678221576776923e+04,6.661322188225611171e+04,6.028955112924450077e-12,2.338748795086526755e+01,8.954577869036981497e+01
2.307727272727272805e+02,1.045186390545353987e+02,1.019489843860785072e+02,8.694000000000001455e+04,2.034420759623251797e+04,6.659579650179136661e+04,6.739497848684550263e-12,2.338694120965768874e+01,8.933571786535402737e+01
2.308977272727272805e+02,1.041775519919837052e+02,1.016813346520314383e+02,8.694000000000001455e+04,2.036162668068097264e+04,6.657837741734291194e+04,4.487077376325032674e-12,2.338638347036017251e+01,8.912728230312819733e+01
2.310227272727272805e+02,1.038403559583687752e+02,1.014164130374042543e+02,8.694000000000001455e+04,2.037903947773453910e+04,6.656096462028934911e+04,5.798028723802417517e-12,2.338581494196499833e+01,8.892045578396219696e+01
2.311477272727272805e+02,1.035069812822662811e+02,1.011541723892466678e+02,8.694000000000001455e+04,2.039644599593345265e+04,6.654355810209043557e+04,4.934719299853895791e-12,2.338523583085151003e+01,8.871522218745096211e+01
2.312727272727272805e+02,1.031773599539696704e+02,1.008945666849250813e+02,8.694000000000001455e+04,2.041384624374001214e+04,6.652615785428388335e+04,4.526157226791838184e-12,2.338464634078043858e+01,8.851156549747985025e+01
2.313977272727272805e+02,1.028514255764273315e+02,1.006375509977043379e+02,8.694000000000001455e+04,2.043124022954165775e+04,6.650876386848224502e+04,4.668265773943858221e-12,2.338404667289040617e+01,8.830946980675979319e+01
2.315227272727272805e+02,1.025291133178937741e+02,1.003830814635872599e+02,8.694000000000001455e+04,2.044862796165391046e+04,6.649137613637000322e+04,4.604316927725449204e-12,2.338343702569651938e+01,8.810891932095917412e+01
2.316477272727272805e+02,1.022103598662276340e+02,1.001311152493640009e+02,8.694000000000001455e+04,2.046600944832316600e+04,6.647399464970074769e+04,5.204725539442733862e-12,2.338281759509089497e+01,8.790989836245792333e+01
2.317727272727272805e+02,1.018951033847700813e+02,9.988161052181517618e+01,8.694000000000001455e+04,2.048338469772935787e+04,6.645661940029455582e+04,4.018119170723366551e-12,2.338218857434507214e+01,8.771239137374728045e+01
2.318977272727272805e+02,1.015832834697407776e+02,9.963452641802319931e+01,8.694000000000001455e+04,2.050075371798850392e+04,6.643925038003541704e+04,4.501288231040234677e-12,2.338155015411414794e+01,8.751638292049756274e+01
2.320227272727272805e+02,1.012748411090913123e+02,9.938982301674987241e+01,8.694000000000001455e+04,2.051811651715511834e+04,6.642188758086880262e+04,3.502975687297293916e-12,2.338090252244258238e+01,8.732185769431524136e+01
2.321477272727272805e+02,1.009697186427594744e+02,9.914746131082702618e+01,8.694000000000001455e+04,2.053547310322451813e+04,6.640453099479941011e+04,4.053646307511371560e-12,2.338024586477154543e+01,8.712880051520849634e+01
2.322727272727272805e+02,1.006678597242683395e+02,9.890740318052488078e+01,8.694000000000001455e+04,2.055282348413501677e+04,6.638718061388892238e+04,4.476419235288631171e-12,2.337958036394775263e+01,8.693719633378032086e+01
2.323977272727272805e+02,1.003692092836191421e+02,9.866961136785857889e+01,8.694000000000001455e+04,2.057016766777001612e+04,6.636983643025392666e+04,3.559819106158101931e-12,2.337890620023366495e+01,8.674703023316617134e+01
2.325227272727272805e+02,1.000737134914267159e+02,9.843404945179156584e+01,8.694000000000001455e+04,2.058750566195999636e+04,6.635249843606395007e+04,3.471001264188089408e-12,2.337822355131898888e+01,8.655828743073290354e+01
2.326477272727272805e+02,9.978131972425082097e+01,9.820068182429824333e+01,8.694000000000001455e+04,2.060483747448440408e+04,6.633516662353953870e+04,3.847588914140942506e-12,2.337753259233340941e+01,8.637095327955402979e+01
2.327727272727272805e+02,9.949197653107599137e+01,9.796947366725842699e+01,8.694000000000001455e+04,2.062216311307346405e+04,6.631784098495048238e+04,3.659295089164515957e-12,2.337683349586045267e+01,8.618501326967623299e+01
2.328977272727272805e+02,9.920563360089741423e+01,9.774039093014157231e+01,8.694000000000001455e+04,2.063948258540988900e+04,6.630052151261405379e+04,2.927436071331612766e-12,2.337612643195241446e+01,8.600045302919033929e+01
2.330227272727272805e+02,9.892224173137049092e+01,9.751340030845499030e+01,8.694000000000001455e+04,2.065679589913051677e+04,6.628320819889342238e+04,3.161915174132445827e-12,2.337541156814631549e+01,8.581725832511976648e+01
2.331477272727272805e+02,9.864175279848329581e+01,9.728846922292295574e+01,8.694000000000001455e+04,2.067410306182785644e+04,6.626590103619608271e+04,3.986144747614162043e-12,2.337468906948075897e+01,8.563541506413852744e+01
2.332727272727272805e+02,9.836411972721450070e+01,9.706556579936999185e+01,8.694000000000001455e+04,2.069140408105157258e+04,6.624860001697237021e+04,3.108624468950438313e-12,2.337395909851368359e+01,8.545490929313001516e+01
2.333977272727272805e+02,9.808929646313939088e+01,9.684465884928061996e+01,8.694000000000001455e+04,2.070869896430989320e+04,6.623130513371404959e+04,3.080202759520034306e-12,2.337322181534091925e+01,8.527572719959729852e+01
2.335227272727272805e+02,9.781723794494823210e+01,9.662571785100425359e+01,8.694000000000001455e+04,2.072598771907093396e+04,6.621401637895300519e+04,1.236344360222574323e-12,2.337247737761549615e+01,8.509785511193496177e+01
2.336477272727272805e+02,9.754790007784438899e+01,9.640871293158701860e+01,8.694000000000001455e+04,2.074327035276398601e+04,6.619673374525996041e+04,2.145839061995502561e-12,2.337172594056764652e+01,8.492127949957192357e+01
2.337727272727272805e+02,9.728123970778872831e+01,9.619361484920455041e+01,8.694000000000001455e+04,2.076054687278070560e+04,6.617945722524324083e+04,1.445954467271803878e-12,2.337096765702546008e+01,8.474598697299394701e+01
2.338977272727272805e+02,9.701721459655963997e+01,9.598039497616630911e+01,8.694000000000001455e+04,2.077781728647627824e+04,6.616218681154766819e+04,2.234656903965515085e-12,2.337020267743612578e+01,8.457196428365448071e+01
2.340227272727272805e+02,9.675578339759890412e+01,9.576902528247995861e+01,8.694000000000001455e+04,2.079508160117050284e+04,6.614492249685345450e+04,2.728484105318784714e-12,2.336943114988773118e+01,8.439919832378136277e+01
2.341477272727272805e+02,9.649690563261505361e+01,9.555947831994765806e+01,8.694000000000001455e+04,2.081233982414882121e+04,6.612766427387513977e+04,1.556088591314619407e-12,2.336865322013154156e+01,8.422767612608707566e+01
2.342727272727272805e+02,9.624054166891673390e+01,9.535172720677218194e+01,8.694000000000001455e+04,2.082959196266331492e+04,6.611041213536064606e+04,2.277289468111121096e-12,2.336786903160476569e+01,8.405738486338908899e+01
2.343977272727272805e+02,9.598665269744962814e+01,9.514574561266259423e+01,8.694000000000001455e+04,2.084683802393363294e+04,6.609316607409033168e+04,8.881784197001252323e-13,2.336707872545370179e+01,8.388831184814735309e+01
2.345227272727272805e+02,9.573520071151234845e+01,9.494150774441280305e+01,8.694000000000001455e+04,2.086407801514787570e+04,6.607592608287608891e+04,2.373212737438734621e-12,2.336628244055729553e+01,8.372044453192451385e+01
2.346477272727272805e+02,9.548614848612562866e+01,9.473898833193639746e+01,8.694000000000001455e+04,2.088131194346344637e+04,6.605869215456051461e+04,1.875832822406664491e-12,2.336548031355100719e+01,8.355377050477510181e+01
2.347727272727272805e+02,9.523945955803407060e+01,9.453816261474396754e+01,8.694000000000001455e+04,2.089853981600784027e+04,6.604146428201612434e+04,1.364242052659392357e-12,2.336467247885098786e+01,8.338827749456872596e+01
2.348977272727272805e+02,9.499509820631566015e+01,9.433900632884530069e+01,8.694000000000001455e+04,2.091576163987941254e+04,6.602424245814455207e+04,1.303845920119783841e-12,2.336385906867853990e+01,8.322395336625265827e+01
2.350227272727272805e+02,9.475302943357939967e+01,9.414149569405948625e+01,8.694000000000001455e+04,2.093297742214809114e+04,6.600702667587588076e+04,2.497557716196752153e-12,2.336304021308478340e+01,8.306078612105844172e+01
2.351477272727272805e+02,9.451321894772954124e+01,9.394560740172008195e+01,8.694000000000001455e+04,2.095018716985606079e+04,6.598981692816791474e+04,1.435296326235402375e-12,2.336221603997555718e+01,8.289876389565716863e+01
2.352727272727272805e+02,9.427563314427735008e+01,9.375131860275674001e+01,8.694000000000001455e+04,2.096739089001840694e+04,6.597261320800556859e+04,7.673861546209082007e-13,2.336138667513647249e+01,8.273787496126739427e+01
2.353977272727272805e+02,9.404023908918119901e+01,9.355860689614979719e+01,8.694000000000001455e+04,2.098458858962373051e+04,6.595541550840024138e+04,2.177813485104707070e-12,2.336055224225811600e+01,8.257810772272000577e+01
2.355227272727272805e+02,9.380700450219595155e+01,9.336820033264402241e+01,8.694000000000001455e+04,2.100178027563473006e+04,6.593822382238924911e+04,1.531219595563015901e-12,2.335971286296139482e+01,8.241945071748361329e+01
2.356477272727272805e+02,9.357589774071632860e+01,9.318049735438238201e+01,8.694000000000001455e+04,2.101896595498875104e+04,6.592103814303522813e+04,1.666222715357434936e-12,2.335886865682295266e+01,8.226189261465373193e+01
2.357727272727272805e+02,9.335753477689851820e+01,9.299428245072957111e+01,8.694000000000001455e+04,2.103614563459830242e+04,6.590385846342568402e+04,9.627854069549357519e-13,2.335801974140066051e+01,8.210542221390969075e+01
2.358977272727272805e+02,9.314225555726700634e+01,9.280953523903608016e+01,8.694000000000001455e+04,2.105331932135155512e+04,6.588668477667243860e+04,1.577404873387422413e-12,2.335716623225917132e+01,8.195002844444161383e+01
2.360227272727272805e+02,9.293279647752602557e+01,9.262623572717271259e+01,8.694000000000001455e+04,2.107048702211280397e+04,6.586951707591119339e+04,2.525979425627156161e-12,2.335630824299549246e+01,8.179570036385092635e+01
2.361477272727272805e+02,9.272513589210949192e+01,9.244657263952218784e+01,8.694000000000001455e+04,2.108764874372291160e+04,6.585235535430107848e+04,1.286082351725781336e-12,2.335544588526456877e+01,8.164242715702677344e+01
2.362727272727272805e+02,9.251924749790673275e+01,9.227144703449323515e+01,8.694000000000001455e+04,2.110480449299972679e+04,6.583519960502425965e+04,1.165290086646564305e-12,2.335457926880484791e+01,8.149019813500115106e+01
2.363977272727272805e+02,9.231811861599381075e+01,9.209897931860670894e+01,8.694000000000001455e+04,2.112195427673847735e+04,6.581804982128551637e+04,1.740829702612245455e-12,2.335370850146383148e+01,8.133900273378506540e+01
2.365227272727272805e+02,9.211915997493588293e+01,9.193629125922338119e+01,8.694000000000001455e+04,2.113909810171214122e+04,6.580090599631184887e+04,9.663381206337362528e-13,2.335283368922355862e+01,8.118883051318778143e+01
2.366477272727272805e+02,9.192184897829577039e+01,9.178170611795799516e+01,8.694000000000001455e+04,2.115623597467180298e+04,6.578376812335218710e+04,2.039257651631487533e-12,2.335195493622605412e+01,8.103967115562156209e+01
2.367727272727272805e+02,9.173039282396169369e+01,9.162941094691078092e+01,8.694000000000001455e+04,2.117336790234698492e+04,6.576663619567701244e+04,1.506350599811412394e-12,2.335107234479867344e+01,8.089151446489368880e+01
2.368977272727272805e+02,9.154403622319883027e+01,9.148070596110008523e+01,8.694000000000001455e+04,2.119049389144595989e+04,6.574951020657803747e+04,4.831690603168681264e-13,2.335018601547937678e+01,8.074561853536680189e+01
2.370227272727272805e+02,9.135915200855305329e+01,9.133572901862721949e+01,8.694000000000001455e+04,2.120761394865604962e+04,6.573239014936794410e+04,1.151079231931362301e-12,2.334929604704187867e+01,8.060147425931353382e+01
2.371477272727272805e+02,9.121236570342759364e+01,9.119164985569416615e+01,8.694000000000001455e+04,2.122472808064391211e+04,6.571527601738007797e+04,1.065814103640150279e-12,2.334840253652070174e+01,8.045825210319644327e+01
2.372727272727272805e+02,9.107265817537707164e+01,9.104916927691249384e+01,8.694000000000001455e+04,2.124183629405578904e+04,6.569816780396820104e+04,2.401634446869138628e-12,2.334750557923608838e+01,8.031594352507173085e+01
2.373977272727272805e+02,9.093377622916793257e+01,9.090977935604645666e+01,8.694000000000001455e+04,2.125893859551776768e+04,6.568106550250621513e+04,9.094947017729282379e-13,2.334660526881877729e+01,8.017454006812698708e+01
2.375227272727272805e+02,9.079571092937541721e+01,9.077121178757234077e+01,8.694000000000001455e+04,2.127603499163601737e+04,6.566396910638797272e+04,8.206768598029157147e-13,2.334570169723462030e+01,8.003403336028068793e+01
2.376477272727272805e+02,9.065845348265231962e+01,9.063392272907793767e+01,8.694000000000001455e+04,2.129312548899700050e+04,6.564687860902698594e+04,1.204369937113369815e-12,2.334479495480905697e+01,7.989441511375342486e+01
2.377727272727272805e+02,9.052199523476136278e+01,9.049922994033607893e+01,8.694000000000001455e+04,2.131021009416768720e+04,6.562979400385629560e+04,3.232969447708455846e-13,2.334388513025140455e+01,7.975567712461298697e+01
2.378977272727272805e+02,9.039140965745602330e+01,9.036530488308335407e+01,8.694000000000001455e+04,2.132728881369575174e+04,6.561271528432823834e+04,9.769962616701377556e-13,2.334297231067898082e+01,7.961781127229512833e+01
2.380227272727272805e+02,9.026166361062684018e+01,9.023213951657641019e+01,8.694000000000001455e+04,2.134436165410975445e+04,6.559564244391424290e+04,8.100187187665142119e-13,2.334205658164103525e+01,7.948080951910183956e+01
2.381477272727272805e+02,9.013365234411742222e+01,9.010034957132121747e+01,8.694000000000001455e+04,2.136142862191931999e+04,6.557857547610467009e+04,2.131628207280300558e-13,2.334113802714249530e+01,7.934466390967891414e+01
2.382727272727272805e+02,9.000759677161964589e+01,8.997471870677853190e+01,8.694000000000001455e+04,2.137848972361529741e+04,6.556151437440869631e+04,1.126210236179758795e-12,2.334021672966749961e+01,7.920936657047424490e+01
2.383977272727272805e+02,8.988219153756151059e+01,8.984996384546066395e+01,8.694000000000001455e+04,2.139554496566991656e+04,6.554445913235408079e+04,4.192202140984591097e-13,2.333929277020275350e+01,7.907490970917858419e+01
2.385227272727272805e+02,8.975743068247123801e+01,8.972754609513773971e+01,8.694000000000001455e+04,2.141259435453693004e+04,6.552740974348707095e+04,2.167155344068305567e-13,2.333836622826063945e+01,7.894128561415016065e+01
2.386477272727272805e+02,8.963585096112410611e+01,8.960573469659610168e+01,8.694000000000001455e+04,2.142963789665174772e+04,6.551036620137225691e+04,1.154631945610162802e-12,2.333743718190214267e+01,7.880848665382443130e+01
2.387727272727272805e+02,8.951612605143338897e+01,8.948452437535024728e+01,8.694000000000001455e+04,2.144667559843156778e+04,6.549332849959244049e+04,1.055155962603748776e-12,2.333650570775954236e+01,7.867650527611034761e+01
2.388977272727272805e+02,8.939697350042307278e+01,8.936390992069620154e+01,8.694000000000001455e+04,2.146370746627549670e+04,6.547629663174851157e+04,6.856737400084966794e-13,2.333557188105886837e+01,7.854533400777442864e+01
2.390227272727272805e+02,8.927838859986708542e+01,8.924388618481991386e+01,8.694000000000001455e+04,2.148073350656465846e+04,6.545927059145935345e+04,4.760636329592671245e-13,2.333463577564215186e+01,7.841496545381356498e+01
2.391477272727272805e+02,8.916036669318503982e+01,8.912444808191803247e+01,8.694000000000001455e+04,2.149775372566230362e+04,6.544225037236170465e+04,4.867217739956686273e-13,2.333369746398943079e+01,7.828539229681787504e+01
2.392727272727272805e+02,8.904290317487325979e+01,8.900559058733148277e+01,8.694000000000001455e+04,2.151476812991390761e+04,6.542523596811010066e+04,-1.776356839400250465e-13,2.333275701724051743e+01,7.815660729632465120e+01
2.393977272727272805e+02,8.892599348993837793e+01,8.888730873669128130e+01,8.694000000000001455e+04,2.153177672564726527e+04,6.540822737237674301e+04,6.643574579356936738e-13,2.333181450521653133e+01,7.802860328816406366e+01
2.395227272727272805e+02,8.880963313333364795e+01,8.876959762507676999e+01,8.694000000000001455e+04,2.154877951917257087e+04,6.539122457885144104e+04,6.110667527536861598e-13,2.333086999644120141e+01,7.790137318379792930e+01
2.396477272727272805e+02,8.869381764939797108e+01,8.865245240618564537e+01,8.694000000000001455e+04,2.156577651678250913e+04,6.537422758124150278e+04,1.854516540333861485e-12,2.332992355816190511e+01,7.777490996965224213e+01
2.397727272727272805e+02,8.857854263129830485e+01,8.853677763735078088e+01,8.694000000000001455e+04,2.158276772475232792e+04,6.535723637327168399e+04,1.364242052659392357e-12,2.332897525637048375e+01,7.764920670644411871e+01
2.398977272727272805e+02,8.846380372047502760e+01,8.842199236647029181e+01,8.694000000000001455e+04,2.159975314933991103e+04,6.534025094868410088e+04,1.669775429036235437e-13,2.332802515582379499e+01,7.752425652850432414e+01
2.400227272727272805e+02,8.834959660609106891e+01,8.830773927039663818e+01,8.694000000000001455e+04,2.161673279678584368e+04,6.532327130123817187e+04,5.080380560684716329e-13,2.332707332006403433e+01,7.740005264309564836e+01
2.401477272727272805e+02,8.823591702448426588e+01,8.819401411095766719e+01,8.694000000000001455e+04,2.163370667331348159e+04,6.530629742471053760e+04,7.709388682997087017e-13,2.332611981143878666e+01,7.727658832972817038e+01
2.402727272727272805e+02,8.812276075862379798e+01,8.808081269517816736e+01,8.694000000000001455e+04,2.165067478512900198e+04,6.528932931289501721e+04,-1.421085471520200372e-14,2.332516469112085389e+01,7.715385693947189338e+01
2.403977272727272805e+02,8.801012363757020296e+01,8.796813087479844739e+01,8.694000000000001455e+04,2.166763713842146899e+04,6.527236695960255020e+04,1.126210236179758795e-12,2.332420801912780917e+01,7.703185189426737622e+01
2.405227272727272805e+02,8.789800153593958498e+01,8.785596454579442138e+01,8.694000000000001455e+04,2.168459373936288102e+04,6.525541035866113816e+04,1.378452907374594361e-12,2.332324985434132003e+01,7.691056668623497217e+01
2.406477272727272805e+02,8.778639037337168816e+01,8.774430964789999621e+01,8.694000000000001455e+04,2.170154459410822165e+04,6.523845950391580118e+04,7.780442956573097035e-13,2.332229025452620164e+01,7.678999487698311555e+01
2.407727272727272805e+02,8.767528611400240379e+01,8.763316216413143422e+01,8.694000000000001455e+04,2.171848970879549961e+04,6.522151438922851958e+04,1.882938249764265493e-13,2.332132927634924258e+01,7.667013009691628156e+01
2.408977272727272805e+02,8.756468476594029937e+01,8.752251812031403233e+01,8.694000000000001455e+04,2.173542908954580707e+04,6.520457500847821211e+04,2.131628207280300558e-14,2.332036697539776071e+01,7.655096604454303133e+01
2.410227272727272805e+02,8.745458238074775181e+01,8.741237358461123108e+01,8.694000000000001455e+04,2.175236274246334506e+04,6.518764135556067049e+04,3.765876499528530985e-13,2.331940340619791385e+01,7.643249648578452593e+01
2.411477272727272805e+02,8.734497505292631558e+01,8.730272466705650913e+01,8.694000000000001455e+04,2.176929067363547438e+04,6.517071342438854481e+04,-1.776356839400250465e-14,2.331843862223277242e+01,7.631471525328410621e+01
2.412727272727272805e+02,8.723585891940665249e+01,8.719356751908779302e+01,8.694000000000001455e+04,2.178621288913274111e+04,6.515379120889127807e+04,6.004086117172846571e-13,2.331747267596012918e+01,7.619761624571809477e+01
2.413977272727272805e+02,8.712723015904319368e+01,8.708489833308495065e+01,8.694000000000001455e+04,2.180312939500892389e+04,6.513687470301509893e+04,1.424638185199000873e-12,2.331650561883007100e+01,7.608119342710836008e+01
2.415227272727272805e+02,8.701908499211312176e+01,8.697671334191015546e+01,8.694000000000001455e+04,2.182004019730105938e+04,6.511996390072296344e+04,-7.460698725481051952e-14,2.331553750130229119e+01,7.596544082613694115e+01
2.416477272727272805e+02,8.691141967982024141e+01,8.686900881845134847e+01,8.694000000000001455e+04,2.183694530202947135e+04,6.510305879599454784e+04,-8.526512829121202230e-14,2.331456837286317096e+01,7.585035253546300282e+01
2.417727272727272805e+02,8.680526458477750396e+01,8.676178107516891203e+01,8.694000000000001455e+04,2.185384471519780709e+04,6.508615938282621210e+04,-2.060573933704290539e-13,2.331359828204261575e+01,7.573592271104240581e+01
2.418977272727272805e+02,8.669958263506345020e+01,8.665643832598213692e+01,8.694000000000001455e+04,2.187073844279305922e+04,6.506926565523095633e+04,7.460698725481051952e-14,2.331262727643062860e+01,7.562214557145041738e+01
2.420227272727272805e+02,8.659435384965836136e+01,8.655185311020338190e+01,8.694000000000001455e+04,2.188762649078560207e+04,6.505237760723841347e+04,5.435651928564766422e-13,2.331165540269366332e+01,7.550901539720734945e+01
2.421477272727272805e+02,8.648957494647122246e+01,8.644771236326049291e+01,8.694000000000001455e+04,2.190450886512920260e+04,6.503549523289481294e+04,-2.735589532676385716e-13,2.331068270659073605e+01,7.539652653010780625e+01
2.422727272727272805e+02,8.638524267474606688e+01,8.634401286745784887e+01,8.694000000000001455e+04,2.192138557176106406e+04,6.501861852626295149e+04,4.654054919228656217e-13,2.330970923298928454e+01,7.528467337255362679e+01
2.423977272727272805e+02,8.628135381480153399e+01,8.624075143677779920e+01,8.694000000000001455e+04,2.193825661660183323e+04,6.500174748142218596e+04,1.953992523340275511e-13,2.330873502588079660e+01,7.517345038689060743e+01
2.425227272727272805e+02,8.617790517776835202e+01,8.613792491657332562e+01,8.694000000000001455e+04,2.195512200555563322e+04,6.498488209246838960e+04,-2.486899575160350651e-14,2.330776012839620748e+01,7.506285209474928877e+01
2.426477272727272805e+02,8.607573469966648361e+01,8.603553018326070401e+01,8.694000000000001455e+04,2.197198174451008163e+04,6.496802235351394484e+04,4.263256414560601115e-14,2.330678458282106646e+01,7.495287307639007679e+01
2.427727272727272805e+02,8.597421330127080807e+01,8.593356414401308996e+01,8.694000000000001455e+04,2.198883583933631235e+04,6.495116825868771411e+04,9.947598300641402602e-14,2.330580843061046536e+01,7.484350797005271261e+01
2.428977272727272805e+02,8.587311071235347981e+01,8.583255152960383327e+01,8.694000000000001455e+04,2.200568429588900472e+04,6.493431980213501811e+04,4.689582056016661227e-13,2.330483171240372897e+01,7.473475147131031804e+01
2.430227272727272805e+02,8.577242400681956269e+01,8.573197972666945077e+01,8.694000000000001455e+04,2.202252712000639804e+04,6.491747697801762843e+04,1.143973804573761299e-12,2.330385446803890304e+01,7.462659833242810237e+01
2.431477272727272805e+02,8.567215028644248775e+01,8.563182157532759220e+01,8.694000000000001455e+04,2.203936431751030614e+04,6.490063978051372396e+04,6.110667527536861598e-13,2.330287673656699710e+01,7.451904336172701449e+01
2.432727272727272805e+02,8.557228668060598409e+01,8.553207416439948929e+01,8.694000000000001455e+04,2.205619589420614648e+04,6.488380820381788362e+04,-5.186961971048731357e-13,2.330189855626600703e+01,7.441208142295218408e+01
2.433977272727272805e+02,8.547283034604559759e+01,8.543273461153613368e+01,8.694000000000001455e+04,2.207302185588296197e+04,6.486698224214107177e+04,-4.085620730620576069e-13,2.330091996465472803e+01,7.430570743464654981e+01
2.435227272727272805e+02,8.537378129514758029e+01,8.533380288485597021e+01,8.694000000000001455e+04,2.208984220845283562e+04,6.485016241442068713e+04,5.248494869860564904e-04,2.329994099887596448e+01,7.419991955319427746e+01
2.436477272727272805e+02,8.527513386670408124e+01,8.523527329351668413e+01,8.694000000000001455e+04,2.210665695768025762e+04,6.483334818593596719e+04,5.207426995781361256e-04,2.329896169496097613e+01,7.409470956652131690e+01
2.437727272727272805e+02,8.517688529881606030e+01,8.513714304070516903e+01,8.694000000000001455e+04,2.212346610930422321e+04,6.481653955099818995e+04,5.166861851932935679e-04,2.329798208822206718e+01,7.399007255484252710e+01
2.438977272727272805e+02,8.507903285587910602e+01,8.503940935716011040e+01,8.694000000000001455e+04,2.214026966904740038e+04,6.479973650393410935e+04,5.126790973299932830e-04,2.329700221326553589e+01,7.388600365061694220e+01
2.440227272727272805e+02,8.498157382833083773e+01,8.494206950088566543e+01,8.694000000000001455e+04,2.215706764261616263e+04,6.478293903908595530e+04,5.087206093392637740e-04,2.329602210400440754e+01,7.378249803798685491e+01
2.441477272727272805e+02,8.488450553239840701e+01,8.484512075686357946e+01,8.694000000000001455e+04,2.217386003570062167e+04,6.476614715081141185e+04,5.048099127904492889e-04,2.329504179367097194e+01,7.367955095220642647e+01
2.442727272727272805e+02,8.478782530984705090e+01,8.474856043676399509e+01,8.694000000000001455e+04,2.219064685397464564e+04,6.474936083348360262e+04,5.009462149168086853e-04,2.329406131482910425e+01,7.357715767906678650e+01
2.443977272727272805e+02,8.469153052772894341e+01,8.465238587865582076e+01,8.694000000000001455e+04,2.220742810309588458e+04,6.473258008149109810e+04,4.971287379369471182e-04,2.329308069938639036e+01,7.347531355432134603e+01
2.445227272727272805e+02,8.459561857813170604e+01,8.455659444671647407e+01,8.694000000000001455e+04,2.222420378870579952e+04,6.471580488923790836e+04,4.933567212432876659e-04,2.329209997860604275e+01,7.337401396311359747e+01
2.446477272727272805e+02,8.450008687792686146e+01,8.446118353094189501e+01,8.694000000000001455e+04,2.224097391642966977e+04,6.469903525114346121e+04,4.896294222298536170e-04,2.329111918311863860e+01,7.327325433940850985e+01
2.447727272727272805e+02,8.440493286851840082e+01,8.436615054685792359e+01,8.694000000000001455e+04,2.225773849187662563e+04,6.468227116164260951e+04,4.859461077160176501e-04,2.329013834293363772e+01,7.317303016542814476e+01
2.448977272727272805e+02,8.431015401559143640e+01,8.427149293523321205e+01,8.694000000000001455e+04,2.227449752063967026e+04,6.466551261518563115e+04,4.823060667860090689e-04,2.328915748745072634e+01,7.307333697109223181e+01
2.450227272727272805e+02,8.421574780886231792e+01,8.417720816179478049e+01,8.694000000000001455e+04,2.229125100829570147e+04,6.464875960623819992e+04,4.787085986563965889e-04,2.328817664547095845e+01,7.297417033346357584e+01
2.451477272727272805e+02,8.412171176182947363e+01,8.408329371694608767e+01,8.694000000000001455e+04,2.230799896040552630e+04,6.463201212928139284e+04,4.751530161648531703e-04,2.328719584520772301e+01,7.287552587619899214e+01
2.452727272727272805e+02,8.402804341152615564e+01,8.398974711548808614e+01,8.694000000000001455e+04,2.232474138251389377e+04,6.461527017881167558e+04,4.716386497101154873e-04,2.328621511429750868e+01,7.277739926900548539e+01
2.453977272727272805e+02,8.393474031827476267e+01,8.389656589634338957e+01,8.694000000000001455e+04,2.234147828014950937e+04,6.459853374934090243e+04,4.681648406226202042e-04,2.328523447981050865e+01,7.267978622710212733e+01
2.455227272727272805e+02,8.384180006544292496e+01,8.380374762228323959e+01,8.694000000000001455e+04,2.235820965882506425e+04,6.458180283539628726e+04,4.647309407488364741e-04,2.328425396826101590e+01,7.258268251068739119e+01
2.456477272727272805e+02,8.374922025920157864e+01,8.371128987965767010e+01,8.694000000000001455e+04,2.237493552403725334e+04,6.456507743152041803e+04,4.613363217487176371e-04,2.328327360561767279e+01,7.248608392441231274e+01
2.457727272727272805e+02,8.365699852828494443e+01,8.361919027812848526e+01,8.694000000000001455e+04,2.239165588126680450e+04,6.454835753227122768e+04,4.579803622526412710e-04,2.328229341731352164e+01,7.238998631685919349e+01
2.458977272727272805e+02,8.356513252375229683e+01,8.352744645040512239e+01,8.694000000000001455e+04,2.240837073597849667e+04,6.453164313222199416e+04,4.546624560646250757e-04,2.328131342825588845e+01,7.229438558002617299e+01
2.460227272727272805e+02,8.347361991875190768e+01,8.343605605198344222e+01,8.694000000000001455e+04,2.242508009362118901e+04,6.451493422596130404e+04,4.513820066200935344e-04,2.328033366283610661e+01,7.219927764881735754e+01
2.461477272727272805e+02,8.338245840828658118e+01,8.334501676088713396e+01,8.694000000000001455e+04,2.244178395962784634e+04,6.449823080809307430e+04,4.481384319667824911e-04,2.327935414493905242e+01,7.210465850053886072e+01
2.462727272727272805e+02,8.329164570898130648e+01,8.325432627741200520e+01,8.694000000000001455e+04,2.245848233941556464e+04,6.448153287323651602e+04,4.449311580039250202e-04,2.327837489795254200e+01,7.201052415440025811e+01
2.463977272727272805e+02,8.320117955885281447e+01,8.316398232387285816e+01,8.694000000000001455e+04,2.247517523838559282e+04,6.446484041602611251e+04,4.417596266463874599e-04,2.327739594477653995e+01,7.191687067102201070e+01
2.465227272727272805e+02,8.311105771708083978e+01,8.307398264435305180e+01,8.694000000000001455e+04,2.249186266192336188e+04,6.444815343111162656e+04,4.386232859836525222e-04,2.327641730783221874e+01,7.182369415194825990e+01
2.466477272727272805e+02,8.302127796378147195e+01,8.298432500445667870e+01,8.694000000000001455e+04,2.250854461539851764e+04,6.443147191315807140e+04,4.355215972680070990e-04,2.327543900907086538e+01,7.173099073916542068e+01
2.467727272727272805e+02,8.293183809978229704e+01,8.289500719106342785e+01,8.694000000000001455e+04,2.252522110416493888e+04,6.441479585684568156e+04,4.324540308253688181e-04,2.327446106998262110e+01,7.163875661462624578e+01
2.468977272727272805e+02,8.284273594639941507e+01,8.280602701208594851e+01,8.694000000000001455e+04,2.254189213356077016e+04,6.439812525686992012e+04,4.294200684640259169e-04,2.327348351160506823e+01,7.154698799977948909e+01
2.470227272727272805e+02,8.275396934521647552e+01,8.271738229622977201e+01,8.694000000000001455e+04,2.255855770890845452e+04,6.438146010794144240e+04,4.264192035599023711e-04,2.327250635453167504e+01,7.145568115510494067e+01
2.471477272727272805e+02,8.266553615786551745e+01,8.262907089275601891e+01,8.694000000000001455e+04,2.257521783551475528e+04,6.436480040478607407e+04,4.234509337770475668e-04,2.327152961892008420e+01,7.136483237965414617e+01
2.472727272727272805e+02,8.257743426580978507e+01,8.254109067124628041e+01,8.694000000000001455e+04,2.259187251867078521e+04,6.434814614214481844e+04,4.205147735909520179e-04,2.327055332450025560e+01,7.127443801059628470e+01
2.473977272727272805e+02,8.248966157012844747e+01,8.245343952137044141e+01,8.694000000000001455e+04,2.260852176365205014e+04,6.433149731477379100e+04,4.176102398503189761e-04,2.326957749058246705e+01,7.118449442276954642e+01
2.475227272727272805e+02,8.240221599130329366e+01,8.236611535265672046e+01,8.694000000000001455e+04,2.262516557571845988e+04,6.431485391744424123e+04,4.147368623641511931e-04,2.326860213606516936e+01,7.109499802823785330e+01
2.476477272727272805e+02,8.231509546900731777e+01,8.227911609426435291e+01,8.694000000000001455e+04,2.264180396011437551e+04,6.429821594494250166e+04,4.118941775352880086e-04,2.326762727944270281e+01,7.100594527585282378e+01
2.477727272727272805e+02,8.222829796189533624e+01,8.219243969475888889e+01,8.694000000000001455e+04,2.265843692206863489e+04,6.428158339206997334e+04,4.090817340198782404e-04,2.326665293881288221e+01,7.091733265082093851e+01
2.478977272727272805e+02,8.214182144739648095e+01,8.210608412188969396e+01,8.694000000000001455e+04,2.267506446679458531e+04,6.426495625364311127e+04,4.062990856326109679e-04,2.326567913188443626e+01,7.082915667427593576e+01
2.480227272727272805e+02,8.205566392150873867e+01,8.202004736237023508e+01,8.694000000000001455e+04,2.269168659949011271e+04,6.424833452449338074e+04,4.035457971305334013e-04,2.326470587598430839e+01,7.074141390285640796e+01
2.481477272727272805e+02,8.196982339859530953e+01,8.193432742166058347e+01,8.694000000000001455e+04,2.270830332533768160e+04,6.423171819946725009e+04,4.008214393742548509e-04,2.326373318806485457e+01,7.065410092828838629e+01
2.482727272727272805e+02,8.188429791118319656e+01,8.184892232375261756e+01,8.694000000000001455e+04,2.272491464950436421e+04,6.421510727342615428e+04,3.981255902232305743e-04,2.326276108471087767e+01,7.056721437697301269e+01
2.483977272727272805e+02,8.179908550976345794e+01,8.176383011095734332e+01,8.694000000000001455e+04,2.274152057714188049e+04,6.419850174124647310e+04,3.954578366958116931e-04,2.326178958214655879e+01,7.048075090957922839e+01
2.485227272727272805e+02,8.171418426259369028e+01,8.167904884369495733e+01,8.694000000000001455e+04,2.275812111338661998e+04,6.418190159781950933e+04,3.928177752072770090e-04,2.326081869624225007e+01,7.039470722064145036e+01
2.486477272727272805e+02,8.162959225550233100e+01,8.159457660028712667e+01,8.694000000000001455e+04,2.277471626335969268e+04,6.416530683805144508e+04,3.902050068127493887e-04,2.325984844252115025e+01,7.030908003816210794e+01
2.487727272727272805e+02,8.154530759169502119e+01,8.151041147675169896e+01,8.694000000000001455e+04,2.279130603216695818e+04,6.414871745686331997e+04,3.876191417155894214e-04,2.325887883616585583e+01,7.022386612321903954e+01
2.488977272727272805e+02,8.146136045774575507e+01,8.142655158659975712e+01,8.694000000000001455e+04,2.280789042489905478e+04,6.413213344919101655e+04,3.850597957963941553e-04,2.325790989202480574e+01,7.013906226957773526e+01
2.490227272727272805e+02,8.137778884486333197e+01,8.134299506063514684e+01,8.694000000000001455e+04,2.282446944663144677e+04,6.411555480998521671e+04,3.825265925598841932e-04,2.325694162461858383e+01,7.005466530330824071e+01
2.491477272727272805e+02,8.129451805555103761e+01,8.125974004675616413e+01,8.694000000000001455e+04,2.284104310242446081e+04,6.409898153421136522e+04,3.800191605236591386e-04,2.325597404814613611e+01,6.997067208240697767e+01
2.492727272727272805e+02,8.121154626539808419e+01,8.117678470975971550e+01,8.694000000000001455e+04,2.285761139732331139e+04,6.408241361684965523e+04,3.775371402774396756e-04,2.325500717649085303e+01,6.988707949642301287e+01
2.493977272727272805e+02,8.112887166655919202e+01,8.109412723114768085e+01,8.694000000000001455e+04,2.287417433635815541e+04,6.406585105289498460e+04,3.750801722475216593e-04,2.325404102322654509e+01,6.980388446608903052e+01
2.495227272727272805e+02,8.104649246756480352e+01,8.101176580893557855e+01,8.694000000000001455e+04,2.289073192454411765e+04,6.404929383735692682e+04,3.726479069676713607e-04,2.325307560162331555e+01,6.972108394295692335e+01
2.496477272727272805e+02,8.096440689313375572e+01,8.092969865746360369e+01,8.694000000000001455e+04,2.290728416688133802e+04,6.403274196525970910e+04,3.702399998033456541e-04,2.325211092465332641e+01,6.963867490903786006e+01
2.497727272727272805e+02,8.088261318398788546e+01,8.084798037829793316e+01,8.694000000000001455e+04,2.292383106835500439e+04,6.401619543164215429e+04,3.678561132041124893e-04,2.325114700499644371e+01,6.955665437644678661e+01
2.498977272727272805e+02,8.080110959666906467e+01,8.076685292961772689e+01,8.694000000000001455e+04,2.294037263393539615e+04,6.399965423155768076e+04,3.654959166716764685e-04,2.325018385504579754e+01,6.947501938705133284e+01
2.500227272727272805e+02,8.071989440335836719e+01,8.068601015090813178e+01,8.694000000000001455e+04,2.295690886857792066e+04,6.398311836007423699e+04,3.631590815125207428e-04,2.324922148691323187e+01,6.939376701212520970e+01
2.501477272727272805e+02,8.063896589169743834e+01,8.060545038266627671e+01,8.694000000000001455e+04,2.297343977722316049e+04,6.396658781227428699e+04,3.608452890446756101e-04,2.324825991243464784e+01,6.931289435200584137e+01
2.502727272727272805e+02,8.055832236461196771e+01,8.052517197965231333e+01,8.694000000000001455e+04,2.298996536479690258e+04,6.395006258325476665e+04,3.585542239754602178e-04,2.324729914317526180e+01,6.923239853575624636e+01
2.503977272727272805e+02,8.047796214013732197e+01,8.044517331073990363e+01,8.694000000000001455e+04,2.300648563621019275e+04,6.393354266812705464e+04,3.562855780465667976e-04,2.324633919043474961e+01,6.915227672083119614e+01
2.505227272727272805e+02,8.039788355124636610e+01,8.036545275876829919e+01,8.694000000000001455e+04,2.302300059635937214e+04,6.391702806201692147e+04,3.540390435361473465e-04,2.324538006525231992e+01,6.907252609274756594e+01
2.506477272727272805e+02,8.031808494567918899e+01,8.028600872039559988e+01,8.694000000000001455e+04,2.303951025012610990e+04,6.390051876006450766e+04,3.518143269864992817e-04,2.324442177841166668e+01,6.899314386475876404e+01
2.507727272727272805e+02,8.023856468577508849e+01,8.020683960595357576e+01,8.694000000000001455e+04,2.305601460237746142e+04,6.388401475742428738e+04,3.496111322007777744e-04,2.324346434044584342e+01,6.891412727753322542e+01
2.508977272727272805e+02,8.015932114830660282e+01,8.012794383930382480e+01,8.694000000000001455e+04,2.307251365796589744e+04,6.386751604926502478e+04,3.474291712031174484e-04,2.324250776164205590e+01,6.883547359883702654e+01
2.510227272727272805e+02,8.008035272431537521e+01,8.004931985769533753e+01,8.694000000000001455e+04,2.308900742172935497e+04,6.385102263076972304e+04,3.452681583731020964e-04,2.324155205204634456e+01,6.875718012322043649e+01
2.511477272727272805e+02,8.000165781895024963e+01,7.997096611162348267e+01,8.694000000000001455e+04,2.310549589849127733e+04,6.383453449713561713e+04,3.431278184713448809e-04,2.324059722146819951e+01,6.867924417170834772e+01
2.512727272727272805e+02,7.992323485130721394e+01,7.989288106469035711e+01,8.694000000000001455e+04,2.312197909306065412e+04,6.381805164357411559e+04,3.410078751961975740e-04,2.323964327948507957e+01,6.860166309149475694e+01
2.513977272727272805e+02,7.984508225427147465e+01,7.981506319346659950e+01,8.694000000000001455e+04,2.313845701023207221e+04,6.380157406531075685e+04,3.389080601507998836e-04,2.323869023544684609e+01,6.852443425564084123e+01
2.515227272727272805e+02,7.976719847436113753e+01,7.973751098735451137e+01,8.694000000000001455e+04,2.315492965478575570e+04,6.378510175758518017e+04,3.368281072262391262e-04,2.323773809848012206e+01,6.844755506277712698e+01
2.516477272727272805e+02,7.968958197157326140e+01,7.966022294845265606e+01,8.694000000000001455e+04,2.317139703148760964e+04,6.376863471565108193e+04,3.347677573302121345e-04,2.323678687749256255e+01,6.837102293680916887e+01
2.517727272727272805e+02,7.961223121923148938e+01,7.958319759142173666e+01,8.694000000000001455e+04,2.318785914508926726e+04,6.375217293477617932e+04,3.327267547810208725e-04,2.323583658117705042e+01,6.829483532662705159e+01
2.518977272727272805e+02,7.953514470383566959e+01,7.950643344335198037e+01,8.694000000000001455e+04,2.320431600032813003e+04,6.373571641024216660e+04,3.307048475775786756e-04,2.323488721801580681e+01,6.821898970581855792e+01
2.520227272727272805e+02,7.945832092491338017e+01,7.942992904363177331e+01,8.694000000000001455e+04,2.322076760192741858e+04,6.371926513734466425e+04,3.287017882662723878e-04,2.323393879628443770e+01,6.814348357238590381e+01
2.521477272727272805e+02,7.938175839487315955e+01,7.935368294381774490e+01,8.694000000000001455e+04,2.323721395459621635e+04,6.370281911139319709e+04,3.267173332339723402e-04,2.323299132405588807e+01,6.806831444846605450e+01
2.522727272727272805e+02,7.930545563885971205e+01,7.927769370750623068e+01,8.694000000000001455e+04,2.325365506302950962e+04,6.368637832771114336e+04,3.247512435038402145e-04,2.323204480920433923e+01,6.799347988005457921e+01
2.523977272727272805e+02,7.922941119461090409e+01,7.920195991020602833e+01,8.694000000000001455e+04,2.327009093190824206e+04,6.366994278163569106e+04,3.228032828062055160e-04,2.323109925940901732e+01,6.791897743673300170e+01
2.525227272727272805e+02,7.915362361231633770e+01,7.912648013921248946e+01,8.694000000000001455e+04,2.328652156589935475e+04,6.365351246851780161e+04,3.208732213089149354e-04,2.323015468215794144e+01,6.784480471139957558e+01
2.526477272727272805e+02,7.907809145447797050e+01,7.905125299348304679e+01,8.694000000000001455e+04,2.330294696965583353e+04,6.363708738372215157e+04,3.189608298796997587e-04,2.322921108475159713e+01,6.777095932000345613e+01
2.527727272727272805e+02,7.900281329577221356e+01,7.897627708351400599e+01,8.694000000000001455e+04,2.331936714781675619e+04,6.362066752262711816e+04,3.170658844844354007e-04,2.322826847430654240e+01,6.769743890128219732e+01
2.528977272727272805e+02,7.892778772291394773e+01,7.890155103121867342e+01,8.694000000000001455e+04,2.333578210500733621e+04,6.360425288062470645e+04,3.151881649046117673e-04,2.322732685775893913e+01,6.762424111650257430e+01
2.530227272727272805e+02,7.885301333452214578e+01,7.882707346980681962e+01,8.694000000000001455e+04,2.335219184583897368e+04,6.358784345312052028e+04,3.133274537496788525e-04,2.322638624186803114e+01,6.755136364920474534e+01
2.531477272727272805e+02,7.877848874098715726e+01,7.875284304366543608e+01,8.694000000000001455e+04,2.336859637490930254e+04,6.357143923553373315e+04,3.114835400488402684e-04,2.322544663321955127e+01,6.747880420494952602e+01
2.532727272727272805e+02,7.870421256433969859e+01,7.867885840824078514e+01,8.694000000000001455e+04,2.338499569680223067e+04,6.355504022329701547e+04,3.096562131297275755e-04,2.322450803822905741e+01,6.740656051106893187e+01
2.533977272727272805e+02,7.863018343812146327e+01,7.860511822992179987e+01,8.694000000000001455e+04,2.340138981608799440e+04,6.353864641185651271e+04,3.078452651372742821e-04,2.322357046314521156e+01,6.733463031641981900e+01
2.535227272727272805e+02,7.855640000725736627e+01,7.853162118592467777e+01,8.694000000000001455e+04,2.341777873732320586e+04,6.352225779667179449e+04,3.060504926715168494e-04,2.322263391405299870e+01,6.726301139114062266e+01
2.536477272727272805e+02,7.848286092792930901e+01,7.845836596417879605e+01,8.694000000000001455e+04,2.343416246505089657e+04,6.350587437321580364e+04,3.042716984715809758e-04,2.322169839687688864e+01,6.719170152641123650e+01
2.537727272727272805e+02,7.840956486745166387e+01,7.838535126321393420e+01,8.694000000000001455e+04,2.345054100380056116e+04,6.348949613697481982e+04,3.025086826262679551e-04,2.322076391738392331e+01,6.712069853421581911e+01
2.538977272727272805e+02,7.833651050414822237e+01,7.831257579204864783e+01,8.694000000000001455e+04,2.346691435808821916e+04,6.347312308344841585e+04,3.007612525784963964e-04,2.321983048118675796e+01,6.705000024710864182e+01
2.540227272727272805e+02,7.826369652723070658e+01,7.824003827008002077e+01,8.694000000000001455e+04,2.348328253241644779e+04,6.345675520814940683e+04,2.990292195192978397e-04,2.321889809374664893e+01,6.697960451798286385e+01
2.541477272727272805e+02,7.819112163667875848e+01,7.816773742697446892e+01,8.694000000000001455e+04,2.349964553127443651e+04,6.344039250660381367e+04,2.973123934708610250e-04,2.321796676037637042e+01,6.690950921984220656e+01
2.542727272727272805e+02,7.811878454312163456e+01,7.809567200255996511e+01,8.694000000000001455e+04,2.351600335913803792e+04,6.342403497435080499e+04,2.956105922820029264e-04,2.321703648624308514e+01,6.683971224557558344e+01
2.543977272727272805e+02,7.804668396772099470e+01,7.802384074671937242e+01,8.694000000000001455e+04,2.353235602046981148e+04,6.340768260694266064e+04,2.939236318120208580e-04,2.321610727637116867e+01,6.677021150773440183e+01
2.545227272727272805e+02,7.797481864205566637e+01,7.795224241928495701e+01,8.694000000000001455e+04,2.354870351971907439e+04,6.339133539994472812e+04,2.922513340202215204e-04,2.321517913564495927e+01,6.670100493831280630e+01
2.546477272727272805e+02,7.790318730800744618e+01,7.788087578993420834e+01,8.694000000000001455e+04,2.356504586132194527e+04,6.337499334893537889e+04,2.905935228731948428e-04,2.321425206881147574e+01,6.663209048853059357e+01
2.547727272727272805e+02,7.783178871764843620e+01,7.780973963808668259e+01,8.694000000000001455e+04,2.358138304970139870e+04,6.335865644950595015e+04,2.889500252649668255e-04,2.321332608048307833e+01,6.656346612861892709e+01
2.548977272727272805e+02,7.776062163313001463e+01,7.773883275280221028e+01,8.694000000000001455e+04,2.359771508926731258e+04,6.334232469726070849e+04,2.873206704983033433e-04,2.321240117514006940e+01,6.649512984760862366e+01
2.550227272727272805e+02,7.768968482657287211e+01,7.766815393268005607e+01,8.694000000000001455e+04,2.361404198441650806e+04,6.332599808781679894e+04,2.857052904765566836e-04,2.321147735713325488e+01,6.642707965312125395e+01
2.551477272727272805e+02,7.761897707995861140e+01,7.759770198575941436e+01,8.694000000000001455e+04,2.363036373953281145e+04,6.330967661680420861e+04,2.841037182577110798e-04,2.321055463068646318e+01,6.635931357116272977e+01
2.552727272727272805e+02,7.754849718502279643e+01,7.752747572942092802e+01,8.694000000000001455e+04,2.364668035898709786e+04,6.329336027986571571e+04,2.825157925663290825e-04,2.320963299989899653e+01,6.629182964591946359e+01
2.553977272727272805e+02,7.747824394314910990e+01,7.745747399028942937e+01,8.694000000000001455e+04,2.366299184713733121e+04,6.327704907265683141e+04,2.809413524076376234e-04,2.320871246874805749e+01,6.622462593955719967e+01
2.555227272727272805e+02,7.740821616526501714e+01,7.738769560413764736e+01,8.694000000000001455e+04,2.367929820832862606e+04,6.326074299084577797e+04,2.793802386555910289e-04,2.320779304109111152e+01,6.615770053202224688e+01
2.556477272727272805e+02,7.733841267173863798e+01,7.731813941579125071e+01,8.694000000000001455e+04,2.369559944689328768e+04,6.324444203011341597e+04,2.778322978649327979e-04,2.320687472066822110e+01,6.609105152084525514e+01
2.557727272727272805e+02,7.726883229227706806e+01,7.724880427903472935e+01,8.694000000000001455e+04,2.371189556715086292e+04,6.322814618615321524e+04,2.762973758478892705e-04,2.320595751110431948e+01,6.602467702094740787e+01
2.558977272727272805e+02,7.719947386582579441e+01,7.717968905651864020e+01,8.694000000000001455e+04,2.372818657340819482e+04,6.321185545467120392e+04,2.747753201042257842e-04,2.320504141591145597e+01,6.595857516444904434e+01
2.560227272727272521e+02,7.713033624046940417e+01,7.711079261966764875e+01,8.694000000000001455e+04,2.374447246995945898e+04,6.319556983138592477e+04,2.732659841555573621e-04,2.320412643849099155e+01,6.589274410048065533e+01
2.561477272727272521e+02,7.706141827333374295e+01,7.704211384858987799e+01,8.694000000000001455e+04,2.376075326108622539e+04,6.317928931202837703e+04,2.717692192746312685e-04,2.320321258213574822e+01,6.582718199499625200e+01
2.562727272727272521e+02,7.699271883048902509e+01,7.697365163198709581e+01,8.694000000000001455e+04,2.377702895105749849e+04,6.316301389234198723e+04,2.702848820561598586e-04,2.320229985003212292e+01,6.576188703058903684e+01
2.563977272727272521e+02,7.692423678685425159e+01,7.690540486706618140e+01,8.694000000000001455e+04,2.379329954412976440e+04,6.314674356808255106e+04,2.688128319583427128e-04,2.320138824526216936e+01,6.569685740630939108e+01
2.565227272727272521e+02,7.685597102610299203e+01,7.683737245945135896e+01,8.694000000000001455e+04,2.380956504454705282e+04,6.313047833501818968e+04,2.673529252703588099e-04,2.320047777080562668e+01,6.563209133748505053e+01
2.566477272727272521e+02,7.678792044057009036e+01,7.676955332309771052e+01,8.694000000000001455e+04,2.382582545654097339e+04,6.311421818892929878e+04,2.659050273834395739e-04,2.319956842954191245e+01,6.556758705554364042e+01
2.567727272727272521e+02,7.672008393115973490e+01,7.670194638020552702e+01,8.694000000000001455e+04,2.384208078433076662e+04,6.309796312560850492e+04,2.644690011841532851e-04,2.319866022425208740e+01,6.550334280783728502e+01
2.568977272727272521e+02,7.665246040725457988e+01,7.663455056113572539e+01,8.694000000000001455e+04,2.385833103212335118e+04,6.308171314086062921e+04,2.630447117830669868e-04,2.319775315762077028e+01,6.543935685746943420e+01
2.570227272727272521e+02,7.658504878662604654e+01,7.656736480432618919e+01,8.694000000000001455e+04,2.387457620411338212e+04,6.306546823050262901e+04,2.616320287529561028e-04,2.319684723223802436e+01,6.537562748312389260e+01
2.571477272727272521e+02,7.651784799534569004e+01,7.650038805620926041e+01,8.694000000000001455e+04,2.389081630448328724e+04,6.304922839036354708e+04,2.602308192756197514e-04,2.319594245060120485e+01,6.531215297889580995e+01
2.572727272727272521e+02,7.645085696769778849e+01,7.643361927112994181e+01,8.694000000000001455e+04,2.390705133740332167e+04,6.303299361628446786e+04,2.588409585406736824e-04,2.319503881511677434e+01,6.524893165412495932e+01
2.573977272727272521e+02,7.638407464609291253e+01,7.636705741126533553e+01,8.694000000000001455e+04,2.392328130703161878e+04,6.301676390411848843e+04,2.574623176379020606e-04,2.319413632810208270e+01,6.518596183323086279e+01
2.575227272727272521e+02,7.631749998098264598e+01,7.630070144654477815e+01,8.694000000000001455e+04,2.393950621751423387e+04,6.300053924973065295e+04,2.560947757750398068e-04,2.319323499178710790e+01,6.512324185555014822e+01
2.576477272727272521e+02,7.625113193077530127e+01,7.623455035457109830e+01,8.694000000000001455e+04,2.395572607298519142e+04,6.298431964899790182e+04,2.547382050686053390e-04,2.319233480831617200e+01,6.506077007517578181e+01
2.577727272727272521e+02,7.618496946175282858e+01,7.616860312054265592e+01,8.694000000000001455e+04,2.397194087756653971e+04,6.296810509780903521e+04,2.533924865169012719e-04,2.319143577974962156e+01,6.499854486079823346e+01
2.578977272727272521e+02,7.611901154798853497e+01,7.610285873717647576e+01,8.694000000000001455e+04,2.398815063536839807e+04,6.295189559206467675e+04,2.520575026458971024e-04,2.319053790806546900e+01,6.493656459554880200e+01
2.580227272727272521e+02,7.605325717126609675e+01,7.603731620463204877e+01,8.694000000000001455e+04,2.400435535048899692e+04,6.293569112767720799e+04,2.507331325851680504e-04,2.318964119516101619e+01,6.487482767684461749e+01
2.581477272727272521e+02,7.598770532099931074e+01,7.597197453043629878e+01,8.694000000000001455e+04,2.402055502701473597e+04,6.291949170057073206e+04,2.494192637492176345e-04,2.318874564285444251e+01,6.481333251623568970e+01
2.582727272727272521e+02,7.592235499415311040e+01,7.590683272940918869e+01,8.694000000000001455e+04,2.403674966902022788e+04,6.290329730668102275e+04,2.481157803302380671e-04,2.318785125288634674e+01,6.475207753925381837e+01
2.583977272727272521e+02,7.585720519516534921e+01,7.584188982359037823e+01,8.694000000000001455e+04,2.405293928056834193e+04,6.288710794195547351e+04,2.468225692204839561e-04,2.318695802692128893e+01,6.469106118526330818e+01
2.585227272727272521e+02,7.579225493586967843e+01,7.577714484216660651e+01,8.694000000000001455e+04,2.406912386571026582e+04,6.287092360235306842e+04,2.455395204208343785e-04,2.318606596654927898e+01,6.463028190731354528e+01
2.586477272727272521e+02,7.572750323541934847e+01,7.571259682140009772e+01,8.694000000000001455e+04,2.408530342848553482e+04,6.285474428384432395e+04,2.442665244153374715e-04,2.318517507328725102e+01,6.456973817199327925e+01
2.587727272727272521e+02,7.566294912021196239e+01,7.564824480455767741e+01,8.694000000000001455e+04,2.410147797292208998e+04,6.283856998241123802e+04,2.430034729741237243e-04,2.318428534858049872e+01,6.450942845928689451e+01
2.588977272727272521e+02,7.559859162381515318e+01,7.558408784184072715e+01,8.694000000000001455e+04,2.411764750303633264e+04,6.282240069404725364e+04,2.417502594447284991e-04,2.318339679380408924e+01,6.444935126243217383e+01
2.590227272727272521e+02,7.553442978689314202e+01,7.552012499031600612e+01,8.694000000000001455e+04,2.413381202283315724e+04,6.280623641475720797e+04,2.405067779562841679e-04,2.318250941026425593e+01,6.438950508777995196e+01
2.591477272727272521e+02,7.547046265713436242e+01,7.545635531384736794e+01,8.694000000000001455e+04,2.414997153630600587e+04,6.279007714055728866e+04,2.392729272422400300e-04,2.318162319919975545e+01,6.432988845465546035e+01
2.592727272727272521e+02,7.540668928917975222e+01,7.539277788302814542e+01,8.694000000000001455e+04,2.416612604743691918e+04,6.277392286747498292e+04,2.380486039221807459e-04,2.318073816178320001e+01,6.427049989522130602e+01
2.593977272727272521e+02,7.534310874455215412e+01,7.532939177511437379e+01,8.694000000000001455e+04,2.418227556019657641e+04,6.275777359154903388e+04,2.368337073654913638e-04,2.317985429912237194e+01,6.421133795434212743e+01
2.595227272727272521e+02,7.527972009158644084e+01,7.526619607395886646e+01,8.694000000000001455e+04,2.419842007854434632e+04,6.274162930882940418e+04,2.356281382667191338e-04,2.317897161226150260e+01,6.415240118945092718e+01
2.596477272727272521e+02,7.521652240536052147e+01,7.520318986994594468e+01,8.694000000000001455e+04,2.421455960642833452e+04,6.272549001537721779e+04,2.344317985212285294e-04,2.317809010218254073e+01,6.409368817041693944e+01
2.597727272727272521e+02,7.515351476762728566e+01,7.514037225992709068e+01,8.694000000000001455e+04,2.423069414778543069e+04,6.270935570726471633e+04,2.332445927351045611e-04,2.317720976980637815e+01,6.403519747941518858e+01
2.598977272727272521e+02,7.509069626674731524e+01,7.507774234715725470e+01,8.694000000000001455e+04,2.424682370654135229e+04,6.269322638057521544e+04,2.320664232478009126e-04,2.317633061599407185e+01,6.397692771079754692e+01
2.600227272727272521e+02,7.502806599762239159e+01,7.501529924123195769e+01,8.694000000000001455e+04,2.426294828661069914e+04,6.267710203140306839e+04,2.308971986906271923e-04,2.317545264154803064e+01,6.391887747096540551e+01
2.601477272727272521e+02,7.496562306162995526e+01,7.495304205802504782e+01,8.694000000000001455e+04,2.427906789189698611e+04,6.266098265585360787e+04,2.297368246111375356e-04,2.317457584721318042e+01,6.386104537824382277e+01
2.602727272727272521e+02,7.490336656655817649e+01,7.489096991962738059e+01,8.694000000000001455e+04,2.429518252629270137e+04,6.264486825004310231e+04,2.285852107846153558e-04,2.317370023367811172e+01,6.380343006275722217e+01
2.603977272727272521e+02,7.484129562654207746e+01,7.482908195428598219e+01,8.694000000000001455e+04,2.431129219367935366e+04,6.262875881009871955e+04,2.274422657890795563e-04,2.317282580157620586e+01,6.374603016630653229e+01
2.605227272727272521e+02,7.477940936200013766e+01,7.476737729634416496e+01,8.694000000000001455e+04,2.432739689792750869e+04,6.261265433215846861e+04,2.263079005544454958e-04,2.317195255148673283e+01,6.368884434224791136e+01
2.606477272727272521e+02,7.471770689957189404e+01,7.470585508618216863e+01,8.694000000000001455e+04,2.434349664289684006e+04,6.259655481237116328e+04,2.251820291654382800e-04,2.317108048393593478e+01,6.363187125537276501e+01
2.607727272727272521e+02,7.465618737205630850e+01,7.464451447015852636e+01,8.694000000000001455e+04,2.435959143243617655e+04,6.258046024689638580e+04,2.240645627367143788e-04,2.317020959939808833e+01,6.357510958178934146e+01
2.608977272727272521e+02,7.459484991835076073e+01,7.458335460055226918e+01,8.694000000000001455e+04,2.437568127038355306e+04,6.256437063190442859e+04,2.229554166710556729e-04,2.316933989829654195e+01,6.351855800880565539e+01
2.610227272727272521e+02,7.453369368339076573e+01,7.452237463550565622e+01,8.694000000000001455e+04,2.439176616056623971e+04,6.254828596357625065e+04,2.218545072167898979e-04,2.316847138100473913e+01,6.346221523481383997e+01
2.611477272727272521e+02,7.447271781809070035e+01,7.446157373896758713e+01,8.694000000000001455e+04,2.440784610680080732e+04,6.253220623810343386e+04,2.207617497802516482e-04,2.316760404784722027e+01,6.340607996917589162e+01
2.612727272727272521e+02,7.441192147928488509e+01,7.440095108063769658e+01,8.694000000000001455e+04,2.442392111289315653e+04,6.251613145168814663e+04,2.196770628408728498e-04,2.316673789910060677e+01,6.335015093211071502e+01
2.613977272727272521e+02,7.435130382966968909e+01,7.434050583591132977e+01,8.694000000000001455e+04,2.443999118263857599e+04,6.250006160054309294e+04,2.186003662387747681e-04,2.316587293499456734e+01,6.329442685458256790e+01
2.615227272727272521e+02,7.429086403774610403e+01,7.428023718582463175e+01,8.694000000000001455e+04,2.445605631982177511e+04,6.248399668089146871e+04,2.175315786772102911e-04,2.316500915571275243e+01,6.323890647819082744e+01
2.616477272727272521e+02,7.423060127776325601e+01,7.422014431700088721e+01,8.694000000000001455e+04,2.447211652821694224e+04,6.246793668896692543e+04,2.164706211971179073e-04,2.316414656139373918e+01,6.318358855506102856e+01
2.617727272727272521e+02,7.417095146810925144e+01,7.416022642159710188e+01,8.694000000000001455e+04,2.448817181158777748e+04,6.245188162101351190e+04,2.154174167721123467e-04,2.316328515213193384e+01,6.312847184773720244e+01
2.618977272727272521e+02,7.411153672876456255e+01,7.410048269725132286e+01,8.694000000000001455e+04,2.450422217368754355e+04,6.243583147328563064e+04,2.143718870257771414e-04,2.316242492797845998e+01,6.307355512907550832e+01
2.620227272727272521e+02,7.405229291620253207e+01,7.404091234703054170e+01,8.694000000000001455e+04,2.452026761825910944e+04,6.241978624204802327e+04,2.133339579266646524e-04,2.316156588894204305e+01,6.301883718213910157e+01
2.621477272727272521e+02,7.399321926160730811e+01,7.398151457937932207e+01,8.694000000000001455e+04,2.453630814903499777e+04,6.240374592357569054e+04,2.123035541679030302e-04,2.316070803498987374e+01,6.296431680009425236e+01
2.622727272727272521e+02,7.393431500123084277e+01,7.392228860806889656e+01,8.694000000000001455e+04,2.455234376973742110e+04,6.238771051415387046e+04,2.112805999558986514e-04,2.315985136604843575e+01,6.290999278610765089e+01
2.623977272727272521e+02,7.387557937634603888e+01,7.386323365214686021e+01,8.694000000000001455e+04,2.456837448407833290e+04,6.237168001007798011e+04,2.102650232167491140e-04,2.315899588200435133e+01,6.285586395324502007e+01
2.625227272727272521e+02,7.381701163320060743e+01,7.380434893588758882e+01,8.694000000000001455e+04,2.458440029575947119e+04,6.235565440765359381e+04,2.092567521536636832e-04,2.315814158270518774e+01,6.280192912437075847e+01
2.626477272727272521e+02,7.375861102297132277e+01,7.374563368874311209e+01,8.694000000000001455e+04,2.460042120847240221e+04,6.233963370319637761e+04,2.082557164477805145e-04,2.315728846796024598e+01,6.274818713204893328e+01
2.627727272727272521e+02,7.370037680171878947e+01,7.368711552873057258e+01,8.694000000000001455e+04,2.461643722589855315e+04,6.232361789303206751e+04,2.072618428528016921e-04,2.315643653754135300e+01,6.269463681844526803e+01
2.628977272727272521e+02,7.364230823034286288e+01,7.362885920848833621e+01,8.694000000000001455e+04,2.463244835170927399e+04,6.230760697349641123e+04,2.062750647198186016e-04,2.315558579118362559e+01,6.264127703523045199e+01
2.630227272727272521e+02,7.358440457453842498e+01,7.357076923545362490e+01,8.694000000000001455e+04,2.464845458956587026e+04,6.229160094093512453e+04,2.052953127424927970e-04,2.315473622858622349e+01,6.258810664348439445e+01
2.631477272727272521e+02,7.352666510475170014e+01,7.351284486659163520e+01,8.694000000000001455e+04,2.466445594311964305e+04,6.227559979170386941e+04,2.043225190284658765e-04,2.315388784941308487e+01,6.253512451360174396e+01
2.632727272727272521e+02,7.346908909613712524e+01,7.345508536373269237e+01,8.694000000000001455e+04,2.468045241601194357e+04,6.225960352216818865e+04,2.033566171633083286e-04,2.315304065329365457e+01,6.248232952519841632e+01
2.633977272727272521e+02,7.341167582851463180e+01,7.339748999352730152e+01,8.694000000000001455e+04,2.469644401187420226e+04,6.224361212870346935e+04,2.023975397875688031e-04,2.315219463982359471e+01,6.242972056701926675e+01
2.635227272727272521e+02,7.335442458632749663e+01,7.334005802740173863e+01,8.694000000000001455e+04,2.471243073432797974e+04,6.222762560769491392e+04,2.014452241656528031e-04,2.315134980856547742e+01,6.237729653684679931e+01
2.636477272727272521e+02,7.329733465860054764e+01,7.328278874151430955e+01,8.694000000000001455e+04,2.472841258698501042e+04,6.221164395553748909e+04,2.004996041460316292e-04,2.315050615904947762e+01,6.232505634141094220e+01
2.637727272727272521e+02,7.324040533889895244e+01,7.322568141671177955e+01,8.694000000000001455e+04,2.474438957344724258e+04,6.219566716863587499e+04,1.995606173608166500e-04,2.314966369077403741e+01,6.227299889629988172e+01
2.638977272727272521e+02,7.318363592528741890e+01,7.316873533848681177e+01,8.694000000000001455e+04,2.476036169730687470e+04,6.217969524340444332e+04,1.986282002075512310e-04,2.314882240320653040e+01,6.222112312587191241e+01
2.640227272727272521e+02,7.312702572028989323e+01,7.311194979693530627e+01,8.694000000000001455e+04,2.477632896214640641e+04,6.216372817626719916e+04,1.977022903112413132e-04,2.314798229578390121e+01,6.216942796316829600e+01
2.641477272727272521e+02,7.307057403084967007e+01,7.305532408671479061e+01,8.694000000000001455e+04,2.479229137153867850e+04,6.214776596365775185e+04,1.967828271478566649e-04,2.314714336791330496e+01,6.211791234982716503e+01
2.642727272727272521e+02,7.301428016828994316e+01,7.299885750700283893e+01,8.694000000000001455e+04,2.480824892904691296e+04,6.213180860201927135e+04,1.958697498931627479e-04,2.314630561897273253e+01,6.206657523599836424e+01
2.643977272727272521e+02,7.295814344827482500e+01,7.294254936145622992e+01,8.694000000000001455e+04,2.482420163822474933e+04,6.211585608780442999e+04,1.949629993145407525e-04,2.314546904831161100e+01,6.201541558025933654e+01
2.645227272727272521e+02,7.290216319077084961e+01,7.288639895817053116e+01,8.694000000000001455e+04,2.484014950261629565e+04,6.209990841747539525e+04,1.940625153817876480e-04,2.314463365525141469e+01,6.196443234953190426e+01
2.646477272727272521e+02,7.284633872000880217e+01,7.283040560964008137e+01,8.694000000000001455e+04,2.485609252575616483e+04,6.208396558750376425e+04,1.931682419336056000e-04,2.314379943908624782e+01,6.191362451900005937e+01
2.647727272727272521e+02,7.279066936444608871e+01,7.277456863271845577e+01,8.694000000000001455e+04,2.487203071116951469e+04,6.206802759437053464e+04,1.922801196485579567e-04,2.314296639908341646e+01,6.186299107202866310e+01
2.648977272727272521e+02,7.273515445672941837e+01,7.271888734857941472e+01,8.694000000000001455e+04,2.488796406237209158e+04,6.205209443456604640e+04,1.913980912036095106e-04,2.314213453448400415e+01,6.181253100008309787e+01
2.650227272727272521e+02,7.267979333365801153e+01,7.266336108267827854e+01,8.694000000000001455e+04,2.490389258287027042e+04,6.203616610458996729e+04,1.905221017608482725e-04,2.314130384450341893e+01,6.176224330264980011e+01
2.651477272727272521e+02,7.262458533614707790e+01,7.260798916471372877e+01,8.694000000000001455e+04,2.491981627616109108e+04,6.202024260095124191e+04,1.896520952211488975e-04,2.314047432833194762e+01,6.171212698715775957e+01
2.652727272727272521e+02,7.256952980919191987e+01,7.255277092859006416e+01,8.694000000000001455e+04,2.493573514573230568e+04,6.200432392016804806e+04,1.887880173612188628e-04,2.313964598513528159e+01,6.166218106890086403e+01
2.653977272727272521e+02,7.251462610183217805e+01,7.249770571237989714e+01,8.694000000000001455e+04,2.495164919506241131e+04,6.198841005876775307e+04,1.879298121902905905e-04,2.313881881405504259e+01,6.161240457096113232e+01
2.655227272727272521e+02,7.245987356711664518e+01,7.244279285828721981e+01,8.694000000000001455e+04,2.496755842762069733e+04,6.197250101328689198e+04,1.870774269594477346e-04,2.313799281420930498e+01,6.156279652413284253e+01
2.656477272727272521e+02,7.240527156206844950e+01,7.238803171261091052e+01,8.694000000000001455e+04,2.498346284686727813e+04,6.195659678027112386e+04,1.862308109377153187e-04,2.313716798469309666e+01,6.151335596684749163e+01
2.657727272727272521e+02,7.235081944765057926e+01,7.233342162570876610e+01,8.694000000000001455e+04,2.499936245625314041e+04,6.194069735627516638e+04,1.853899082497889594e-04,2.313634432457888934e+01,6.146408194509962186e+01
2.658977272727272521e+02,7.229651658873183351e+01,7.227896195196170481e+01,8.694000000000001455e+04,2.501525725922017955e+04,6.192480273786279577e+04,1.845546704082323686e-04,2.313552183291709241e+01,6.141497351237349989e+01
2.660227272727272521e+02,7.224236235405305706e+01,7.222465204973862285e+01,8.694000000000001455e+04,2.503114725920123237e+04,6.190891292160678859e+04,1.837250441560911440e-04,2.313470050873653250e+01,6.136602972957058455e+01
2.661477272727272521e+02,7.218835611619391557e+01,7.217049128136147829e+01,8.694000000000001455e+04,2.504703245962012807e+04,6.189302790408887086e+04,1.829009794658276178e-04,2.313388035104491181e+01,6.131724966493786155e+01
2.662727272727272521e+02,7.213449725153986947e+01,7.211647901307080133e+01,8.694000000000001455e+04,2.506291286389171728e+04,6.187714768189971073e+04,1.820824279548105551e-04,2.313306135882927705e+01,6.126863239399693128e+01
2.663977272727272521e+02,7.208078514024960270e+01,7.206261461499165932e+01,8.694000000000001455e+04,2.507878847542191215e+04,6.186127225163885305e+04,1.812693387304165071e-04,2.313224353105646713e+01,6.122017699947392089e+01
2.665227272727272521e+02,7.202721916622282095e+01,7.200889746109997702e+01,8.694000000000001455e+04,2.509465929760773724e+04,6.184540160991469020e+04,1.804616626479571551e-04,2.313142686667355008e+01,6.117188257123020634e+01
2.666477272727272521e+02,7.197379871706836241e+01,7.195532692918914108e+01,8.694000000000001455e+04,2.511052533383734772e+04,6.182953575334443303e+04,1.796593533835988410e-04,2.313061136460827072e+01,6.112374820619389482e+01
2.667727272727272521e+02,7.192052318407259293e+01,7.190190240083713036e+01,8.694000000000001455e+04,2.512638658749008755e+04,6.181367467855405266e+04,1.788623624712215587e-04,2.312979702376946634e+01,6.107577300829201761e+01
2.668977272727272521e+02,7.186739196216836945e+01,7.184862326137385935e+01,8.694000000000001455e+04,2.514224306193651137e+04,6.179781838217827317e+04,1.780706421232736147e-04,2.312898384304748944e+01,6.102795608838358987e+01
2.670227272727272521e+02,7.181440444990407457e+01,7.179548889984903326e+01,8.694000000000001455e+04,2.515809476053843173e+04,6.178196686086049885e+04,1.772841473002273460e-04,2.312817182131460925e+01,6.098029656419330991e+01
2.671477272727272521e+02,7.176156004941316269e+01,7.174249870900023041e+01,8.694000000000001455e+04,2.517394168664895551e+04,6.176612011125280696e+04,1.765028304117066682e-04,2.312736095742543441e+01,6.093279356024608973e+01
2.672727272727272521e+02,7.170885816638397614e+01,7.168965208522143939e+01,8.694000000000001455e+04,2.518978384361252392e+04,6.175027813001588947e+04,1.757266470452378826e-04,2.312655125021728253e+01,6.088544620780224648e+01
2.673977272727272521e+02,7.165629821002994504e+01,7.163694842853186628e+01,8.694000000000001455e+04,2.520562123476493798e+04,6.173444091381902399e+04,1.749555520422774180e-04,2.312574269851059228e+01,6.083825364479341857e+01
2.675227272727272521e+02,7.160387959306001449e+01,7.158438714254515389e+01,8.694000000000001455e+04,2.522145386343341306e+04,6.171860845934005192e+04,1.741895023599226988e-04,2.312493530110928575e+01,6.079121501575928477e+01
2.676477272727272521e+02,7.155160173164946968e+01,7.153196763443892792e+01,8.694000000000001455e+04,2.523728173293660075e+04,6.170278076326531300e+04,1.734284513723594046e-04,2.312412905680115216e+01,6.074432947178480902e+01
2.677727272727272521e+02,7.149946404541104528e+01,7.147968931492457045e+01,8.694000000000001455e+04,2.525310484658463974e+04,6.168695782228963071e+04,1.726723569532850888e-04,2.312332396435821025e+01,6.069759617043839484e+01
2.678977272727272521e+02,7.144746595736641837e+01,7.142755159821753352e+01,8.694000000000001455e+04,2.526892320767918136e+04,6.167113963311626867e+04,1.719211770350170809e-04,2.312252002253707062e+01,6.065101427571052284e+01
2.680227272727272521e+02,7.139560689391784365e+01,7.137555390200776628e+01,8.694000000000001455e+04,2.528473681951342951e+04,6.165532619245688693e+04,1.711748688837388954e-04,2.312171723007928392e+01,6.060458295795319117e+01
2.681477272727272521e+02,7.134388628482031436e+01,7.132369564743066803e+01,8.694000000000001455e+04,2.530054568537217710e+04,6.163951749703152745e+04,1.704333894050336085e-04,2.312091558571169259e+01,6.055830139382000254e+01
2.682727272727272521e+02,7.129230356315382267e+01,7.127197625903816913e+01,8.694000000000001455e+04,2.531634980853184607e+04,6.162371354356855591e+04,1.696966980286873650e-04,2.312011508814677185e+01,6.051216876620686946e+01
2.683977272727272521e+02,7.124085816529604642e+01,7.122039516477022403e+01,8.694000000000001455e+04,2.533214919226052007e+04,6.160791432880463253e+04,1.689647536569083286e-04,2.311931573608295665e+01,6.046618426419340864e+01
2.685227272727272521e+02,7.118954953089529170e+01,7.116895179592664533e+01,8.694000000000001455e+04,2.534794383981798092e+04,6.159211984948469035e+04,1.682375162488369824e-04,2.311851752820496841e+01,6.042034708298495360e+01
2.686477272727272521e+02,7.113837710284370530e+01,7.111764558713917950e+01,8.694000000000001455e+04,2.536373375445574493e+04,6.157633010236186965e+04,1.675149433708611468e-04,2.311772046318414908e+01,6.037465642385522102e+01
2.687727272727272521e+02,7.108734032725079999e+01,7.106650474320258581e+01,8.694000000000001455e+04,2.537951893941709568e+04,6.156054508419751801e+04,1.667969986236528257e-04,2.311692453967876304e+01,6.032911149408960938e+01
2.688977272727272521e+02,7.103643865341723540e+01,7.101550928473793078e+01,8.694000000000001455e+04,2.539529939793712037e+04,6.154476479176113207e+04,1.660836408952093279e-04,2.311612975633430977e+01,6.028371150692908742e+01
2.690227272727272521e+02,7.098567153380896855e+01,7.096464917929178284e+01,8.694000000000001455e+04,2.541107513324274987e+04,6.152898922183033574e+04,1.653748320862291621e-04,2.311533611178382941e+01,6.023845568151472207e+01
2.691477272727272521e+02,7.093503842403147530e+01,7.091392387490145666e+01,8.694000000000001455e+04,2.542684614855279142e+04,6.151321837119082920e+04,1.646705324169772666e-04,2.311454360464820112e+01,6.019334324283281035e+01
2.692727272727272521e+02,7.088453878280451192e+01,7.086333282280111234e+01,8.694000000000001455e+04,2.544261244707795777e+04,6.149745223663636716e+04,1.639707070264506683e-04,2.311375223353643804e+01,6.014837342166057965e+01
2.693977272727272521e+02,7.083417207193696186e+01,7.081287547739563593e+01,8.694000000000001455e+04,2.545837403202091082e+04,6.148169081496872968e+04,1.632753135716313864e-04,2.311296199704596432e+01,6.010354545451251340e+01
2.695227272727272521e+02,7.078393775630195250e+01,7.076255129623473294e+01,8.694000000000001455e+04,2.547413090657629073e+04,6.146593410299767129e+04,1.625843190211639921e-04,2.311217289376290651e+01,6.005885858358723084e+01
2.696477272727272521e+02,7.073383530381234152e+01,7.071235973998737734e+01,8.694000000000001455e+04,2.548988307393074865e+04,6.145018209754089912e+04,1.618976849435682652e-04,2.311138492226236707e+01,6.001431205671496372e+01
2.697727272727272521e+02,7.068386418539638782e+01,7.066230027241647349e+01,8.694000000000001455e+04,2.550563053726299040e+04,6.143443479542402929e+04,1.612153753622891372e-04,2.311059808110869085e+01,5.996990512730558720e+01
2.698977272727272521e+02,7.063402387497369261e+01,7.061237236035377407e+01,8.694000000000001455e+04,2.552137329974380191e+04,6.141869219348057231e+04,1.605373541604393495e-04,2.310981236885574219e+01,5.992563705429721210e+01
2.700227272727272521e+02,7.058431384943132514e+01,7.056257547367519578e+01,8.694000000000001455e+04,2.553711136453608196e+04,6.140295428855187492e+04,1.598635873687470621e-04,2.310902778404715363e+01,5.988150710210532424e+01
2.701477272727272521e+02,7.053473358860041742e+01,7.051290908527619195e+01,8.694000000000001455e+04,2.555284473479488588e+04,6.138722107748711278e+04,1.591940385896606358e-04,2.310824432521658878e+01,5.983751454057252772e+01
2.702727272727272521e+02,7.048528257523270213e+01,7.046337267104765090e+01,8.694000000000001455e+04,2.556857341366744731e+04,6.137149255714322499e+04,1.585286711911493285e-04,2.310746199088799813e+01,5.979365864491872173e+01
2.703977272727272521e+02,7.043596029497751942e+01,7.041396570985168069e+01,8.694000000000001455e+04,2.558429740429322192e+04,6.135576872438490682e+04,1.578674528506240904e-04,2.310668077957585353e+01,5.974993869569191673e+01
2.705227272727272521e+02,7.038676623635899432e+01,7.036468768349807590e+01,8.694000000000001455e+04,2.560001670980390918e+04,6.134004957608456607e+04,1.572103494957843850e-04,2.310590068978540401e+01,5.970635397871951966e+01
2.706477272727272521e+02,7.033769989075341300e+01,7.031553807672071343e+01,8.694000000000001455e+04,2.561573133332349971e+04,6.132433510912230122e+04,1.565573280561949332e-04,2.310512172001290665e+01,5.966290378506015912e+01
2.707727272727272521e+02,7.028876075236691179e+01,7.026651637715434617e+01,8.694000000000001455e+04,2.563144127796830071e+04,6.130862532038585778e+04,1.559083528519522588e-04,2.310434386874585755e+01,5.961958741095601511e+01
2.708977272727272521e+02,7.023994831821329399e+01,7.021762207531158140e+01,8.694000000000001455e+04,2.564714654684696507e+04,6.129292020677058463e+04,1.552633929726709994e-04,2.310356713446322274e+01,5.957640415778565313e+01
2.710227272727272521e+02,7.019126208809223044e+01,7.016885466456017184e+01,8.694000000000001455e+04,2.566284714306052774e+04,6.127721976517943403e+04,1.546224147173091978e-04,2.310279151563566913e+01,5.953335333201740553e+01
2.711477272727272521e+02,7.014270156456751693e+01,7.012021364110046306e+01,8.694000000000001455e+04,2.567854306970244215e+04,6.126152399252291070e+04,1.539853868735008291e-04,2.310201701072577762e+01,5.949043424516318623e+01
2.712727272727272521e+02,7.009426625294565838e+01,7.007169850394306820e+01,8.694000000000001455e+04,2.569423432985860563e+04,6.124583288571902085e+04,1.533522771701711918e-04,2.310124361818826344e+01,5.944764621373283120e+01
2.713977272727272521e+02,7.004595566125463790e+01,7.002330875488692641e+01,8.694000000000001455e+04,2.570992092660739945e+04,6.123014644169327948e+04,1.527230528868273041e-04,2.310047133647018569e+01,5.940498855918895060e+01
2.715227272727272521e+02,6.999776930022294152e+01,6.997504389849738970e+01,8.694000000000001455e+04,2.572560286301971064e+04,6.121446465737865219e+04,1.520976834470388894e-04,2.309970016401115700e+01,5.936246060790217882e+01
2.716477272727272521e+02,6.994970668325871088e+01,6.992690344208463671e+01,8.694000000000001455e+04,2.574128014215897565e+04,6.119878752971552603e+04,1.514761378569318140e-04,2.309893009924354956e+01,5.932006169110695026e+01
2.717727272727272521e+02,6.990176732642923696e+01,6.987888689568241318e+01,8.694000000000001455e+04,2.575695276708120218e+04,6.118311505565168773e+04,1.508583874443303330e-04,2.309816114059269765e+01,5.927779114485775125e+01
2.718977272727272521e+02,6.985395074844053909e+01,6.983099377202671576e+01,8.694000000000001455e+04,2.577262074083500556e+04,6.116744723214228725e+04,1.502443986023394018e-04,2.309739328647708234e+01,5.923564830998586217e+01
2.720227272727272521e+02,6.980625647061724237e+01,6.978322358653498725e+01,8.694000000000001455e+04,2.578828406646163785e+04,6.115178405614980147e+04,1.496341430122782867e-04,2.309662653530854470e+01,5.919363253205643360e+01
2.721477272727272521e+02,6.975868401688262566e+01,6.973557585728538299e+01,8.694000000000001455e+04,2.580394274699502421e+04,6.113612552464400505e+04,1.490275909024063594e-04,2.309586088549245986e+01,5.915174316132615218e+01
2.722727272727272521e+02,6.971123291373879738e+01,6.968805010499619357e+01,8.694000000000001455e+04,2.581959678546178475e+04,6.112047163460195588e+04,1.484247124476922863e-04,2.309509633542792884e+01,5.910997955270125459e+01
2.723977272727272521e+02,6.966390269024726933e+01,6.964064585300567956e+01,8.694000000000001455e+04,2.583524618488127453e+04,6.110482238300794415e+04,1.478254787183885810e-04,2.309433288350796332e+01,5.906834106569603904e+01
2.725227272727272521e+02,6.961669287800948780e+01,6.959336262725187794e+01,8.694000000000001455e+04,2.585089094826561268e+04,6.108917776685347053e+04,1.472298623372836346e-04,2.309357052811965971e+01,5.902682706439179583e+01
2.726477272727272521e+02,6.956960301114774836e+01,6.954619995625282058e+01,8.694000000000001455e+04,2.586653107861970784e+04,6.107353778313720977e+04,1.466378326391293285e-04,2.309280926764438036e+01,5.898543691739615724e+01
2.727727272727272521e+02,6.952263262628619600e+01,6.949915737108675273e+01,8.694000000000001455e+04,2.588216657894129457e+04,6.105790242886498891e+04,1.460493627725156784e-04,2.309204910045792047e+01,5.894416999780287370e+01
2.728977272727272521e+02,6.947578126253205255e+01,6.945223440537276360e+01,8.694000000000001455e+04,2.589779745222095880e+04,6.104227170104975085e+04,1.454644256906334476e-04,2.309129002493068583e+01,5.890302568315202336e+01
2.730227272727272521e+02,6.942904846145704312e+01,6.940543059525144542e+01,8.694000000000001455e+04,2.591342370144217057e+04,6.102664559671152529e+04,1.448829902148673909e-04,2.309053203942785260e+01,5.886200335539062678e+01
2.731477272727272521e+02,6.938243376707896459e+01,6.935874547936583667e+01,8.694000000000001455e+04,2.592904532958131676e+04,6.101102411287741415e+04,1.443050333627127202e-04,2.308977514230953432e+01,5.882110240083364516e+01
2.732727272727272521e+02,6.933593672584350998e+01,6.931217859884255006e+01,8.694000000000001455e+04,2.594466233960772661e+04,6.099540724658152612e+04,1.437305243445763381e-04,2.308901933193093470e+01,5.878032221012545477e+01
2.733977272727272521e+02,6.928955688660622059e+01,6.926572949727304263e+01,8.694000000000001455e+04,2.596027473448370438e+04,6.097979499486499117e+04,1.431594384673218201e-04,2.308826460664251456e+01,5.873966217820163394e+01
2.735227272727272521e+02,6.924329380061458039e+01,6.921939772069509900e+01,8.694000000000001455e+04,2.597588251716455125e+04,6.096418735477589507e+04,1.425917490713857205e-04,2.308751096479014109e+01,5.869912170425121900e+01
2.736477272727272521e+02,6.919714702149040875e+01,6.917318281757454201e+01,8.694000000000001455e+04,2.599148569059861256e+04,6.094858432336926489e+04,1.420274294297030337e-04,2.308675840471524054e+01,5.865870019167928717e+01
2.737727272727272521e+02,6.915111610521231000e+01,6.912708433878714231e+01,8.694000000000001455e+04,2.600708425772728515e+04,6.093298589770704712e+04,1.414664542629395783e-04,2.308600692475494398e+01,5.861839704806999407e+01
2.738977272727272521e+02,6.910520061009832204e+01,6.908110183760051370e+01,8.694000000000001455e+04,2.602267822148506093e+04,6.091739207485806401e+04,1.409087965136279763e-04,2.308525652324223998e+01,5.857821168514990973e+01
2.740227272727272521e+02,6.905940009678879221e+01,6.903523486965644906e+01,8.694000000000001455e+04,2.603826758479955606e+04,6.090180285189799906e+04,1.403544311706639292e-04,2.308450719850610611e+01,5.853814351875183064e+01
2.741477272727272521e+02,6.901371412822939533e+01,6.898948299295332731e+01,8.694000000000001455e+04,2.605385235059152910e+04,6.088621822590936063e+04,1.398033330595183088e-04,2.308375894887166524e+01,5.849819196877886895e+01
2.742727272727272521e+02,6.896814226965426542e+01,6.894384576782857721e+01,8.694000000000001455e+04,2.606943252177492468e+04,6.087063819398144551e+04,1.392554782491117749e-04,2.308301177266030635e+01,5.845835645916896084e+01
2.743977272727272521e+02,6.892268408856934059e+01,6.889832275694155328e+01,8.694000000000001455e+04,2.608500810125688440e+04,6.085506275321032444e+04,1.387108410284554338e-04,2.308226566818983017e+01,5.841863641785975148e+01
2.745227272727272521e+02,6.887733915473586421e+01,6.885291352525636910e+01,8.694000000000001455e+04,2.610057909193779051e+04,6.083949190069881297e+04,1.381693971929109921e-04,2.308152063377458063e+01,5.837903127675380688e+01
2.746477272727272521e+02,6.883210704015408510e+01,6.880761764002501479e+01,8.694000000000001455e+04,2.611614549671129134e+04,6.082392563355643506e+04,1.376311204630553675e-04,2.308077666772557279e+01,5.833954047168415258e+01
2.747727272727272521e+02,6.878698731904701447e+01,6.876243467077057403e+01,8.694000000000001455e+04,2.613170731846431954e+04,6.080836394889940129e+04,1.370959909205993199e-04,2.308003376835062070e+01,5.830016344238027415e+01
2.748977272727272521e+02,6.874197956784443875e+01,6.871736418927068257e+01,8.694000000000001455e+04,2.614726456007713205e+04,6.079280684385057248e+04,1.365639817176855786e-04,2.307929193395446532e+01,5.826089963243435932e+01
2.750227272727272521e+02,6.869708336516703184e+01,6.867245160146961780e+01,8.694000000000001455e+04,2.616281722442333194e+04,6.077725431553944509e+04,1.360350696835155304e-04,2.307855116283889174e+01,5.822174848926789537e+01
2.751477272727272521e+02,6.865229829181068055e+01,6.862784107527026833e+01,8.694000000000001455e+04,2.617836531436989753e+04,6.076170636110210762e+04,1.355092311552397177e-04,2.307781145330286066e+01,5.818270946409866440e+01
2.752727272727272521e+02,6.860762393073083842e+01,6.858334049709627322e+01,8.694000000000001455e+04,2.619390883277720786e+04,6.074616297768124059e+04,1.349864453263904807e-04,2.307707280364261493e+01,5.814378201190802287e+01
2.753977272727272521e+02,6.856305986702719224e+01,6.853894945639422076e+01,8.694000000000001455e+04,2.620944778249907904e+04,6.073062416242605832e+04,1.344666865765731245e-04,2.307633521215180039e+01,5.810496559140852213e+01
2.755227272727272521e+02,6.851860568792835693e+01,6.849466754470665819e+01,8.694000000000001455e+04,2.622498216638277518e+04,6.071508991249229439e+04,1.339499327492887915e-04,2.307559867712157953e+01,5.806625966501189140e+01
2.756477272727272521e+02,6.847426098277675521e+01,6.845049435565712770e+01,8.694000000000001455e+04,2.624051198726905204e+04,6.069956022504217981e+04,1.334361636420311470e-04,2.307486319684074871e+01,5.802766369879726938e+01
2.757727272727272521e+02,6.843002534301363937e+01,6.840642948493562869e+01,8.694000000000001455e+04,2.625603724799217525e+04,6.068403509724441392e+04,1.329253551922704446e-04,2.307412876959584125e+01,5.798917716247984089e+01
2.758977272727272521e+02,6.838589836216426932e+01,6.836247253028406590e+01,8.694000000000001455e+04,2.627155795137994937e+04,6.066851452627412800e+04,1.324174850338977194e-04,2.307339539367123393e+01,5.795079952937972223e+01
2.760227272727272521e+02,6.834187963582317593e+01,6.831862309148186796e+01,8.694000000000001455e+04,2.628707410025374338e+04,6.065299850931286346e+04,1.319125316534552894e-04,2.307266306734925720e+01,5.791253027639122308e+01
2.761477272727272521e+02,6.829796876163969443e+01,6.827488077033169134e+01,8.694000000000001455e+04,2.630258569742851978e+04,6.063748704354856454e+04,1.314104750935740640e-04,2.307193178891029461e+01,5.787436888395233581e+01
2.762727272727272521e+02,6.825416533930344087e+01,6.823124517064536576e+01,8.694000000000001455e+04,2.631809274571285641e+04,6.062198012617552013e+04,1.309112916025867435e-04,2.307120155663289651e+01,5.783631483601460133e+01
2.763977272727272521e+02,6.821046897053007285e+01,6.818771589822986812e+01,8.694000000000001455e+04,2.633359524790898286e+04,6.060647775439435645e+04,1.304149619212324751e-04,2.307047236879385821e+01,5.779836762001328765e+01
2.765227272727272521e+02,6.816687925904719236e+01,6.814429256087350950e+01,8.694000000000001455e+04,2.634909320681279496e+04,6.059097992541200801e+04,1.299214629106870689e-04,2.306974422366834077e+01,5.776052672683775313e+01
2.766477272727272521e+02,6.812339581058026283e+01,6.810097476833216490e+01,8.694000000000001455e+04,2.636458662521389124e+04,6.057548663644168846e+04,1.294307751855683364e-04,2.306901711952994916e+01,5.772279165080225738e+01
2.767727272727272521e+02,6.808001823283873932e+01,6.805776213231570182e+01,8.694000000000001455e+04,2.638007550589558741e+04,6.055999788470286876e+04,1.289428780903989491e-04,2.306829105465083529e+01,5.768519702834311857e+01
2.768977272727272521e+02,6.803674613550234085e+01,6.801465426647455104e+01,8.694000000000001455e+04,2.639555985163494915e+04,6.054451366742125538e+04,1.284577512539186728e-04,2.306756602730179040e+01,5.764812358537352566e+01
2.770227272727272521e+02,6.799357913020740796e+01,6.797165078638629154e+01,8.694000000000001455e+04,2.641103966520282120e+04,6.052903398182875389e+04,1.279753740277556062e-04,2.306684203575233383e+01,5.761115031793426056e+01
2.771477272727272521e+02,6.795051683053341662e+01,6.792875130954247709e+01,8.694000000000001455e+04,2.642651494936384915e+04,6.051355882516345446e+04,1.274957262769049748e-04,2.306611907827080188e+01,5.757427676979978060e+01
2.772727272727272521e+02,6.790755885198954900e+01,6.788595545533550535e+01,8.694000000000001455e+04,2.644198570687650135e+04,6.049808819466958812e+04,1.270187899251595809e-04,2.306539715312443306e+01,5.753750248767201469e+01
2.773977272727272521e+02,6.786470481200153415e+01,6.784326284504568605e+01,8.694000000000001455e+04,2.645745194049310157e+04,6.048262208759753412e+04,1.265445424980526923e-04,2.306467625857946047e+01,5.750082702115690836e+01
2.775227272727272521e+02,6.782195432989843198e+01,6.780067310182832330e+01,8.694000000000001455e+04,2.647291365295984724e+04,6.046716050120375439e+04,1.260729666672233407e-04,2.306395639290118993e+01,5.746424992274111787e+01
2.776477272727272521e+02,6.777930702689970133e+01,6.775818585070103950e+01,8.694000000000001455e+04,2.648837084701683852e+04,6.045170343275080813e+04,1.256040425303694974e-04,2.306323755435408174e+01,5.742777074776894608e+01
2.777727272727272521e+02,6.773676252610226811e+01,6.771580071853114191e+01,8.694000000000001455e+04,2.650382352539810017e+04,6.043625087950729358e+04,1.251377510449458441e-04,2.306251974120183235e+01,5.739138905441951977e+01
2.778977272727272521e+02,6.769432045246774976e+01,6.767351733402301761e+01,8.694000000000001455e+04,2.651927169083161425e+04,6.042080283874785528e+04,1.246740724809569656e-04,2.306180295170745964e+01,5.735510440368410201e+01
2.780227272727272521e+02,6.765198043280983597e+01,6.763133532770586953e+01,8.694000000000001455e+04,2.653471534603933469e+04,6.040535930775312590e+04,1.242129892933263591e-04,2.306108718413337044e+01,5.731891635934371010e+01
2.781477272727272521e+02,6.760974209578174055e+01,6.758925433192136722e+01,8.694000000000001455e+04,2.655015449373722004e+04,6.038992028380971897e+04,1.237544817822566756e-04,2.306037243674144577e+01,5.728282448794684711e+01
2.782727272727272521e+02,6.756760507186373843e+01,6.754727398081149659e+01,8.694000000000001455e+04,2.656558913663525163e+04,6.037448576421022153e+04,1.232985322801027905e-04,2.305965870779311189e+01,5.724682835878755327e+01
2.783977272727272521e+02,6.752556899335091600e+01,6.750539391030643799e+01,8.694000000000001455e+04,2.658101927743746273e+04,6.035905574625313602e+04,1.228451239541072937e-04,2.305894599554941138e+01,5.721092754388352830e+01
2.785227272727272521e+02,6.748363349434093550e+01,6.746361375811274286e+01,8.694000000000001455e+04,2.659644491884195668e+04,6.034363022724287293e+04,1.223942349000139984e-04,2.305823429827107773e+01,5.717512161795458070e+01
2.786477272727272521e+02,6.744179821072195580e+01,6.742193316370132550e+01,8.694000000000001455e+04,2.661186606354093965e+04,6.032820920448973629e+04,1.219458495160807843e-04,2.305752361421860286e+01,5.713941015840118354e+01
2.787727272727272521e+02,6.740006278016066688e+01,6.738035176829588124e+01,8.694000000000001455e+04,2.662728271422073885e+04,6.031279267530988727e+04,1.214999501311098129e-04,2.305681394165231524e+01,5.710379274528328608e+01
2.788977272727272521e+02,6.735842684209038111e+01,6.733886921486113408e+01,8.694000000000001455e+04,2.664269487356182799e+04,6.029738063702531508e+04,1.210565194682544643e-04,2.305610527883243677e+01,5.706826896129927462e+01
2.790227272727272521e+02,6.731689003769929514e+01,6.729748514809136850e+01,8.694000000000001455e+04,2.665810254423884908e+04,6.028197308696383698e+04,1.206155382984519520e-04,2.305539762401915382e+01,5.703283839176518200e+01
2.791477272727272521e+02,6.727545200991882268e+01,6.725619921439897553e+01,8.694000000000001455e+04,2.667350572892063792e+04,6.026657002245904005e+04,1.201769903094174197e-04,2.305469097547268120e+01,5.699750062459403210e+01
2.792727272727272521e+02,6.723411240341205541e+01,6.721501106190314090e+01,8.694000000000001455e+04,2.668890443027024594e+04,6.025117144085029577e+04,1.197408614110884173e-04,2.305398533145333317e+01,5.696225525027539760e+01
2.793977272727272521e+02,6.719287086456228053e+01,6.717392034041864690e+01,8.694000000000001455e+04,2.670429865094496927e+04,6.023577733948270179e+04,1.193071304683712697e-04,2.305328069022157322e+01,5.692710186185519916e+01
2.795227272727272521e+02,6.715172704146164051e+01,6.713292670144466001e+01,8.694000000000001455e+04,2.671968839359636331e+04,6.022038771570708923e+04,1.188757820678176813e-04,2.305257705003808510e+01,5.689204005491557581e+01
2.796477272727272521e+02,6.711068058389989233e+01,6.709202979815380274e+01,8.694000000000001455e+04,2.673507366087027549e+04,6.020500256687997171e+04,1.184467967014768419e-04,2.305187440916383323e+01,5.685706942755502524e+01
2.797727272727272521e+02,6.706973114335325192e+01,6.705122928538116867e+01,8.694000000000001455e+04,2.675045445540685614e+04,6.018962189036355267e+04,1.180201642387856964e-04,2.305117276586011954e+01,5.682218958036872891e+01
2.798977272727272521e+02,6.702887837297330975e+01,6.701052481961346530e+01,8.694000000000001455e+04,2.676583077984059491e+04,6.017424568352568167e+04,1.175958638146568092e-04,2.305047211838863674e+01,5.678740011642899077e+01
2.800227272727272521e+02,6.698812192757614525e+01,6.696991605897832756e+01,8.694000000000001455e+04,2.678120263680033167e+04,6.015887394373982534e+04,1.171738786283071931e-04,2.304977246501153232e+01,5.675270064126590341e+01
2.801477272727272521e+02,6.694746146363139871e+01,6.692940266323367382e+01,8.694000000000001455e+04,2.679657002890928925e+04,6.014350666838506004e+04,1.167541950248818239e-04,2.304907380399146177e+01,5.671809076284822737e+01
2.802727272727272521e+02,6.690689663925152786e+01,6.688898429375709043e+01,8.694000000000001455e+04,2.681193295878509161e+04,6.012814385484605737e+04,1.163367965357764433e-04,2.304837613359164195e+01,5.668357009156433435e+01
2.803977272727272521e+02,6.686642711418114970e+01,6.684866061353544353e+01,8.694000000000001455e+04,2.682729142903978209e+04,6.011278550051303318e+04,1.159216658184192283e-04,2.304767945207590429e+01,5.664913824020344180e+01
2.805227272727272521e+02,6.682605254978646769e+01,6.680843128715441992e+01,8.694000000000001455e+04,2.684264544227984879e+04,6.009743160278175492e+04,1.155087896957951443e-04,2.304698375770875174e+01,5.661479482393692564e+01
2.806477272727272521e+02,6.678577260904476987e+01,6.676829598078833783e+01,8.694000000000001455e+04,2.685799500110625377e+04,6.008208215905349789e+04,1.150981501680803376e-04,2.304628904875540485e+01,5.658053946029987458e+01
2.807727272727272521e+02,6.674558695653401230e+01,6.672825436218990092e+01,8.694000000000001455e+04,2.687334010811444750e+04,6.006673716673503804e+04,1.146897324382223360e-04,2.304559532348185513e+01,5.654637176917275809e+01
2.808977272727272521e+02,6.670549525842257310e+01,6.668830610068008014e+01,8.694000000000001455e+04,2.688868076589438715e+04,6.005139662323862285e+04,1.142835220342419689e-04,2.304490258015491122e+01,5.651229137276330050e+01
2.810227272727272521e+02,6.666549718245897793e+01,6.664845086713818034e+01,8.694000000000001455e+04,2.690401697703057289e+04,6.003606052598194219e+04,1.138795041377704820e-04,2.304421081704225571e+01,5.647829789558848290e+01
2.811477272727272521e+02,6.662559239796181032e+01,6.660868833399179323e+01,8.694000000000001455e+04,2.691934874410205157e+04,6.002072887238812109e+04,1.134776617153221423e-04,2.304352003241248070e+01,5.644439096445672988e+01
2.812727272727272521e+02,6.658578057580966458e+01,6.656901817520702025e+01,8.694000000000001455e+04,2.693467606968245673e+04,6.000540165988569788e+04,1.130779821636451743e-04,2.304283022453514107e+01,5.641057020845025960e+01
2.813977272727272521e+02,6.654606138843119822e+01,6.652944006627870976e+01,8.694000000000001455e+04,2.694999895634001587e+04,5.999007888590858784e+04,1.126804490816368798e-04,2.304214139168080067e+01,5.637683525890759029e+01
2.815227272727272521e+02,6.650643450979521276e+01,6.648995368422072261e+01,8.694000000000001455e+04,2.696531740663757591e+04,5.997476054789607588e+04,1.122850491004356854e-04,2.304145353212107850e+01,5.634318574940617452e+01
2.816477272727272521e+02,6.646689961540094771e+01,6.645055870755642502e+01,8.694000000000001455e+04,2.698063142313262870e+04,5.995944664329278748e+04,1.118917678155639805e-04,2.304076664412868425e+01,5.630962131574525387e+01
2.817727272727272521e+02,6.642745638226828930e+01,6.641125481630905369e+01,8.694000000000001455e+04,2.699594100837732913e+04,5.994413716954867414e+04,1.115005883711717161e-04,2.304008072597746803e+01,5.627614159592878451e+01
2.818977272727272521e+02,6.638810448892823501e+01,6.637204169199239345e+01,8.694000000000001455e+04,2.701124616491851702e+04,5.992883212411898421e+04,1.111114996987794257e-04,2.303939577594246302e+01,5.624274623014860452e+01
2.820227272727272521e+02,6.634884361541330122e+01,6.633291901760134124e+01,8.694000000000001455e+04,2.702654689529773532e+04,5.991353150446425570e+04,1.107244865039547221e-04,2.303871179229992094e+01,5.620943486076767925e+01
2.821477272727272521e+02,6.630967344324807300e+01,6.629388647760266906e+01,8.694000000000001455e+04,2.704184320205125550e+04,5.989823530805027258e+04,1.103395339878687764e-04,2.303802877332735832e+01,5.617620713230351726e+01
2.822727272727272521e+02,6.627059365543988179e+01,6.625494375792582957e+01,8.694000000000001455e+04,2.705713508771009583e+04,5.988294353234805749e+04,1.099566294406884026e-04,2.303734671730359196e+01,5.614306269141179939e+01
2.823977272727272521e+02,6.623160393646941202e+01,6.621609054595373323e+01,8.694000000000001455e+04,2.707242255480004678e+04,5.986765617483386450e+04,1.095757579943068549e-04,2.303666562250877803e+01,5.611000118687002214e+01
2.825227272727272521e+02,6.619270397228153513e+01,6.617732653051385228e+01,8.694000000000001455e+04,2.708770560584167833e+04,5.985237323298914271e+04,1.091969073154785974e-04,2.303598548722445472e+01,5.607702226956141089e+01
2.826477272727272521e+02,6.615389345027614354e+01,6.613865140186916847e+01,8.694000000000001455e+04,2.710298424335037998e+04,5.983709470430050715e+04,1.088200629268953890e-04,2.303530630973357063e+01,5.604412559245891856e+01
2.827727272727272521e+02,6.611517205929915519e+01,6.610006485170924861e+01,8.694000000000001455e+04,2.711825846983636438e+04,5.982182058625973877e+04,1.084452112358746945e-04,2.303462808832053099e+01,5.601131081060937333e+01
2.828977272727272521e+02,6.607653948963341861e+01,6.606156657314147651e+01,8.694000000000001455e+04,2.713352828780469645e+04,5.980655087636374810e+04,1.080723399962124631e-04,2.303395082127122251e+01,5.597857758111776150e+01
2.830227272727272521e+02,6.603799543298985952e+01,6.602315626068228482e+01,8.694000000000001455e+04,2.714879369975530790e+04,5.979128557211456791e+04,1.077014344890159236e-04,2.303327450687305955e+01,5.594592556313168785e+01
2.831477272727272521e+02,6.599953958249857067e+01,6.598483361024844385e+01,8.694000000000001455e+04,2.716405470818303002e+04,5.977602467101933144e+04,1.073324831537547652e-04,2.303259914341500902e+01,5.591335441782591431e+01
2.832727272727272521e+02,6.596117163270014316e+01,6.594659831914846393e+01,8.694000000000001455e+04,2.717931131557759363e+04,5.976076817059023597e+04,1.069654724155100212e-04,2.303192472918762945e+01,5.588086380838707612e+01
2.833977272727272521e+02,6.592289127953689842e+01,6.590845008607414002e+01,8.694000000000001455e+04,2.719456352442366915e+04,5.974551606834455015e+04,1.066003891612155030e-04,2.303125126248310295e+01,5.584845339999851888e+01
2.835227272727272521e+02,6.588469822034429058e+01,6.587038861109195409e+01,8.694000000000001455e+04,2.720981133720087382e+04,5.973026836180456303e+04,1.062372191338312177e-04,2.303057874159526008e+01,5.581612285982529187e+01
2.836477272727272521e+02,6.584659215384230890e+01,6.583241359563476180e+01,8.694000000000001455e+04,2.722505475638379357e+04,5.971502504849759862e+04,1.058759538192788341e-04,2.302990716481962252e+01,5.578387185699924800e+01
2.837727272727272521e+02,6.580857278012702238e+01,6.579452474249345073e+01,8.694000000000001455e+04,2.724029378444200484e+04,5.969978612595596496e+04,1.055165782108957728e-04,2.302923653045342434e+01,5.575170006260427158e+01
2.838977272727272521e+02,6.577063980066219528e+01,6.575672175580864121e+01,8.694000000000001455e+04,2.725552842384009273e+04,5.968455159171695414e+04,1.051590778224920086e-04,2.302856683679564753e+01,5.571960714966165540e+01
2.840227272727272521e+02,6.573279291827087434e+01,6.571900434106254352e+01,8.694000000000001455e+04,2.727075867703767290e+04,5.966932144332282041e+04,1.048034433015487821e-04,2.302789808214705047e+01,5.568759279311561983e+01
2.841477272727272521e+02,6.569503183712716066e+01,6.568137220507078666e+01,8.694000000000001455e+04,2.728598454648940969e+04,5.965409567832074390e+04,1.044496621034340933e-04,2.302723026481019275e+01,5.565565666981890303e+01
2.842727272727272521e+02,6.565735626274795322e+01,6.564382505597437500e+01,8.694000000000001455e+04,2.730120603464503074e+04,5.963887429426284507e+04,1.040977208859317216e-04,2.302656338308947070e+01,5.562379845851852878e+01
2.843977272727272521e+02,6.561976590198483450e+01,6.560636260323170177e+01,8.694000000000001455e+04,2.731642314394935238e+04,5.962365728870613384e+04,1.037476072536236416e-04,2.302589743529113875e+01,5.559201783984170930e+01
2.845227272727272521e+02,6.558226046301601286e+01,6.556919651609018729e+01,8.694000000000001455e+04,2.733163587684229788e+04,5.960844465921250230e+04,1.033993110048925246e-04,2.302523241972333423e+01,5.556031449628180496e+01
2.846477272727272521e+02,6.554483965533822243e+01,6.553215622376698946e+01,8.694000000000001455e+04,2.734684423575891560e+04,5.959323640334870288e+04,1.030528198011637642e-04,2.302456833469611297e+01,5.552868811218447576e+01
2.847727272727272521e+02,6.550750318975887865e+01,6.549519860218453005e+01,8.694000000000001455e+04,2.736204822312939359e+04,5.957803251868634834e+04,1.027081210871472194e-04,2.302390517852146345e+01,5.549713837373391101e+01
2.848977272727272521e+02,6.547025077838810603e+01,6.545832337275871282e+01,8.694000000000001455e+04,2.737724784137908500e+04,5.956283300280186086e+04,1.023652034746191930e-04,2.302324294951334593e+01,5.546566496893919407e+01
2.850227272727272521e+02,6.543308213463096479e+01,6.542153025813266254e+01,8.694000000000001455e+04,2.739244309292852267e+04,5.954763785327647929e+04,1.020240571811825703e-04,2.302258164598769952e+01,5.543426758762082329e+01
2.851477272727272521e+02,6.539599697317966331e+01,6.538481898216967636e+01,8.694000000000001455e+04,2.740763398019343731e+04,5.953244706769623008e+04,1.016846680776950507e-04,2.302192126626248481e+01,5.540294592139724728e+01
2.852727272727272521e+02,6.535899501000587009e+01,6.534818926994594790e+01,8.694000000000001455e+04,2.742282050558478295e+04,5.951726064365191269e+04,1.013470252662074245e-04,2.302126180865769456e+01,5.537169966367165586e+01
2.853977272727272521e+02,6.532243723565899529e+01,6.531164084774366074e+01,8.694000000000001455e+04,2.743800267150874424e+04,5.950207857873907051e+04,1.010111177617289968e-04,2.302060327149537855e+01,5.534052850961874270e+01
2.855227272727272521e+02,6.528606654424918077e+01,6.527517344304395408e+01,8.694000000000001455e+04,2.745318048036676555e+04,5.948690087055798358e+04,1.006769356504122470e-04,2.301994565309967200e+01,5.530943215617170949e+01
2.856477272727272521e+02,6.524977613113816233e+01,6.523878678452004465e+01,8.694000000000001455e+04,2.746835393455555823e+04,5.947172751671365404e+04,1.003444677998288626e-04,2.301928895179680978e+01,5.527841030200931272e+01
2.857727272727272521e+02,6.521356572904907978e+01,6.520248060203027762e+01,8.694000000000001455e+04,2.748352303646713335e+04,5.945655851481577702e+04,1.000137009121715437e-04,2.301863316591515130e+01,5.524746264754303127e+01
2.858977272727272521e+02,6.517743507186111174e+01,6.516625462661133383e+01,8.694000000000001455e+04,2.749868778848880174e+04,5.944139386247873335e+04,9.968462525122845364e-05,2.301797829378520532e+01,5.521658889490432642e+01
2.860227272727272521e+02,6.514138389460295286e+01,6.513010859047146539e+01,8.694000000000001455e+04,2.751384819300321033e+04,5.942623355732155323e+04,9.935723058340784064e-05,2.301732433373964781e+01,5.518578874793209366e+01
2.861477272727272521e+02,6.510541193344623423e+01,6.509404222698377396e+01,8.694000000000001455e+04,2.752900425238834578e+04,5.941107759696792345e+04,9.903150582424302684e-05,2.301667128411333252e+01,5.515506191216011445e+01
2.862727272727272521e+02,6.506951892569910001e+01,6.505805527067951743e+01,8.694000000000001455e+04,2.754415596901755634e+04,5.939592597904615104e+04,9.870744025342048644e-05,2.301601914324333009e+01,5.512440809480469994e+01
2.863977272727272521e+02,6.503370460979975576e+01,6.502214745724153033e+01,8.694000000000001455e+04,2.755930334525957733e+04,5.938077870118915598e+04,9.838502384162950420e-05,2.301536790946892808e+01,5.509382700475237726e+01
2.865227272727272521e+02,6.499796872531013037e+01,6.498631852349761573e+01,8.694000000000001455e+04,2.757444638347853470e+04,5.936563576103444211e+04,9.806424425207183049e-05,2.301471758113165578e+01,5.506331835254775342e+01
2.866477272727272521e+02,6.496231101290953802e+01,6.495056820741402248e+01,8.694000000000001455e+04,2.758958508603397422e+04,5.935049715622409713e+04,9.774509321225366421e-05,2.301406815657531268e+01,5.503288185038141478e+01
2.867727272727272521e+02,6.492673121438838280e+01,6.491489624808899350e+01,8.694000000000001455e+04,2.760471945528087599e+04,5.933536288440475619e+04,9.742755902664157475e-05,2.301341963414597203e+01,5.500251721207795441e+01
2.868977272727272521e+02,6.489122907264194851e+01,6.487930238574637087e+01,8.694000000000001455e+04,2.761984949356966899e+04,5.932023294322759466e+04,9.711163301240333112e-05,2.301277201219200563e+01,5.497222415308411314e+01
2.870227272727272521e+02,6.485580433166423120e+01,6.484378636172917254e+01,8.694000000000001455e+04,2.763497520324625293e+04,5.930510733034831355e+04,9.679730212575066162e-05,2.301212528906409460e+01,5.494200239045703427e+01
2.871477272727272521e+02,6.482045673654172901e+01,6.480834791849324006e+01,8.694000000000001455e+04,2.765009658665200550e+04,5.928998604342711769e+04,9.648455925237442443e-05,2.301147946311525416e+01,5.491185164285258935e+01
2.872727272727272521e+02,6.478518603344743099e+01,6.477298679960102845e+01,8.694000000000001455e+04,2.766521364612381512e+04,5.927486908012870117e+04,9.617339360090682021e-05,2.301083453270084433e+01,5.488177163051378926e+01
2.873977272727272521e+02,6.474999196963472059e+01,6.473770274971535343e+01,8.694000000000001455e+04,2.768032638399408461e+04,5.925975643812222552e+04,9.586379369075359591e-05,2.301019049617858769e+01,5.485176207525936576e+01
2.875227272727272521e+02,6.471487429343137876e+01,6.470249551459316706e+01,8.694000000000001455e+04,2.769543480259075295e+04,5.924464811508131243e+04,9.555575159581053413e-05,2.300954735190858003e+01,5.482182270047237438e+01
2.876477272727272521e+02,6.467983275423360112e+01,6.466736484107944705e+01,8.694000000000001455e+04,2.771053890423731355e+04,5.922954410868400737e+04,9.524925702919517789e-05,2.300890509825331165e+01,5.479195323108890392e+01
2.877727272727272521e+02,6.464486710250012891e+01,6.463231047710110033e+01,8.694000000000001455e+04,2.772563869125282872e+04,5.921444441661278688e+04,9.494429935941184340e-05,2.300826373357768162e+01,5.476215339358694933e+01
2.878977272727272521e+02,6.460997708974632303e+01,6.459733217166086661e+01,8.694000000000001455e+04,2.774073416595195158e+04,5.919934903655453672e+04,9.464086991783915437e-05,2.300762325624900484e+01,5.473242291597530595e+01
2.880227272727272521e+02,6.457516246853838027e+01,6.456242967483140660e+01,8.694000000000001455e+04,2.775582533064492964e+04,5.918425796620051551e+04,9.433895946209247541e-05,2.300698366463703337e+01,5.470276152778258449e+01
2.881477272727272521e+02,6.454042299248746417e+01,6.452760273774920563e+01,8.694000000000001455e+04,2.777091218763764118e+04,5.916917120324636198e+04,9.403855668921323741e-05,2.300634495711396710e+01,5.467316896004632554e+01
2.882727272727272521e+02,6.450575841624404916e+01,6.449285111260877557e+01,8.694000000000001455e+04,2.778599473923159167e+04,5.915408874539206590e+04,9.373965526826566474e-05,2.300570713205446438e+01,5.464364494530217797e+01
2.883977272727272521e+02,6.447116849549217932e+01,6.445817455265671470e+01,8.694000000000001455e+04,2.780107298772394279e+04,5.913901059034195350e+04,9.344224145380053415e-05,2.300507018783565627e+01,5.461418921757322664e+01
2.885227272727272521e+02,6.443665298694374144e+01,6.442357281218588128e+01,8.694000000000001455e+04,2.781614693540752342e+04,5.912393673580468021e+04,9.314631104473392043e-05,2.300443412283716427e+01,5.458480151235935551e+01
2.886477272727272521e+02,6.440221164833292278e+01,6.438904564652963813e+01,8.694000000000001455e+04,2.783121658457085141e+04,5.910886717949320155e+04,9.285185143248497752e-05,2.300379893544110033e+01,5.455548156662670323e+01
2.887727272727272521e+02,6.436784423841058356e+01,6.435459281205602622e+01,8.694000000000001455e+04,2.784628193749814454e+04,5.909380191912476585e+04,9.255885369441330113e-05,2.300316462403209172e+01,5.452622911879724654e+01
2.888977272727272521e+02,6.433355051693870053e+01,6.432021406616209447e+01,8.694000000000001455e+04,2.786134299646933505e+04,5.907874095242088515e+04,9.226731116562802981e-05,2.300253118699728461e+01,5.449704390873843352e+01
2.890227272727272521e+02,6.429933024468492420e+01,6.428590916726827231e+01,8.694000000000001455e+04,2.787639976376008781e+04,5.906368427710734250e+04,9.197721204046160892e-05,2.300189862272635821e+01,5.446792567775292326e+01
2.891477272727272521e+02,6.426518318341700819e+01,6.425175385482393153e+01,8.694000000000001455e+04,2.789145224164182218e+04,5.904863189091415552e+04,9.168854919217039878e-05,2.300126692961153196e+01,5.443887416856841099e+01
2.892727272727272521e+02,6.423110909589748019e+01,6.421785822185586312e+01,8.694000000000001455e+04,2.790650043238172293e+04,5.903358379157556919e+04,9.140131296803133409e-05,2.300063610604757969e+01,5.440988912532753119e+01
2.893977272727272521e+02,6.419710774587819913e+01,6.418403462136231497e+01,8.694000000000001455e+04,2.792154433824274747e+04,5.901853997683004127e+04,9.111549423224118982e-05,2.300000615043184027e+01,5.438097029357785317e+01
2.895227272727272521e+02,6.416317889809499775e+01,6.415028282150373684e+01,8.694000000000001455e+04,2.793658396148365864e+04,5.900350044442022045e+04,9.083108630747460666e-05,2.299937706116422120e+01,5.435211742026193349e+01
2.896477272727272521e+02,6.412932231826239615e+01,6.411660259139759432e+01,8.694000000000001455e+04,2.795161930435902468e+04,5.898846519209293183e+04,9.054807807729048363e-05,2.299874883664721636e+01,5.432333025370751756e+01
2.897727272727272521e+02,6.409553777306832956e+01,6.408299370111322446e+01,8.694000000000001455e+04,2.796665036911924835e+04,5.897343421759916964e+04,9.026646207566102476e-05,2.299812147528591311e+01,5.429460854361774125e+01
2.898977272727272521e+02,6.406182503016883345e+01,6.404945592166680512e+01,8.694000000000001455e+04,2.798167715801057057e+04,5.895840751869407541e+04,8.998622947586909504e-05,2.299749497548799226e+01,5.426595204106144621e+01
2.900227272727272521e+02,6.402818385818297031e+01,6.401598902501635280e+01,8.694000000000001455e+04,2.799669967327508857e+04,5.894338509313693066e+04,8.970737278524154590e-05,2.299686933566374947e+01,5.423736049846363727e+01
2.901477272727272521e+02,6.399461402668753607e+01,6.398259278405665640e+01,8.694000000000001455e+04,2.801171791715078143e+04,5.892836693869112059e+04,8.942988241145144457e-05,2.299624455422609870e+01,5.420883366959590433e+01
2.902727272727272521e+02,6.396111530621200814e+01,6.394926697261434612e+01,8.694000000000001455e+04,2.802673189187151365e+04,5.891335305312414130e+04,8.915375081741672147e-05,2.299562062959057940e+01,5.418037130956700764e+01
2.903977272727272521e+02,6.392768746823341530e+01,6.391601136544296224e+01,8.694000000000001455e+04,2.804174159966704974e+04,5.889834343420757796e+04,8.887896989406840476e-05,2.299499756017536711e+01,5.415197317481352712e+01
2.905227272727272521e+02,6.389433028517129998e+01,6.388282573821808796e+01,8.694000000000001455e+04,2.805674704276307966e+04,5.888333807971708302e+04,8.860553071521337642e-05,2.299437534440127351e+01,5.412363902309055419e+01
2.906477272727272521e+02,6.386104353038265913e+01,6.384970986753243238e+01,8.694000000000001455e+04,2.807174822338122249e+04,5.886833698743236164e+04,8.833342467440274959e-05,2.299375398069176413e+01,5.409536861346251158e+01
2.907727272727272521e+02,6.382782697815698469e+01,6.381666353089102017e+01,8.694000000000001455e+04,2.808674514373905185e+04,5.885334015513717895e+04,8.806264489891191261e-05,2.299313346747295839e+01,5.406716170629402995e+01
2.908977272727272521e+02,6.379468040371131821e+01,6.378368650670643802e+01,8.694000000000001455e+04,2.810173780605010325e+04,5.883834758061930916e+04,8.779318260110358096e-05,2.299251380317364379e+01,5.403901806324084589e+01
2.910227272727272521e+02,6.376160358318528409e+01,6.375077857429398165e+01,8.694000000000001455e+04,2.811672621252388853e+04,5.882335926167055004e+04,8.752503019948676410e-05,2.299189498622526884e+01,5.401093744724087031e+01
2.911477272727272521e+02,6.372859629363623668e+01,6.371793951386703725e+01,8.694000000000001455e+04,2.813171036536591782e+04,5.880837519608670118e+04,8.725818146970709677e-05,2.299127701506196786e+01,5.398291962250526410e+01
2.912727272727272521e+02,6.369565831303440007e+01,6.368516910653227114e+01,8.694000000000001455e+04,2.814669026677770671e+04,5.879339538166753482e+04,8.699262466294044316e-05,2.299065988812055394e+01,5.395496435450961314e+01
2.913977272727272521e+02,6.366278942025805776e+01,6.365246713428505387e+01,8.694000000000001455e+04,2.816166591895679812e+04,5.877841981621679588e+04,8.672835516954080504e-05,2.299004360384052603e+01,5.392707140998516024e+01
2.915227272727272521e+02,6.362998939508874940e+01,6.361983338000475641e+01,8.694000000000001455e+04,2.817663732409676595e+04,5.876344849754219467e+04,8.646536389811387835e-05,2.298942816066407957e+01,5.389924055691012228e+01
2.916477272727272521e+02,6.359725801820648883e+01,6.358726762745018135e+01,8.694000000000001455e+04,2.819160448438724052e+04,5.874848142345536326e+04,8.620364322808882207e-05,2.298881355703611362e+01,5.387147156450107843e+01
2.917727272727272521e+02,6.356459507118509578e+01,6.355476966125497285e+01,8.694000000000001455e+04,2.820656740201391585e+04,5.873351859177186998e+04,8.594318681431900586e-05,2.298819979140422731e+01,5.384376420320441525e+01
2.918977272727272521e+02,6.353239958525718123e+01,6.352233926692309751e+01,8.694000000000001455e+04,2.822152607915857152e+04,5.871856000031119765e+04,8.568398552100120469e-05,2.298758686221873049e+01,5.381611824468786409e+01
2.920227272727272521e+02,6.350034333688903843e+01,6.348997623082428277e+01,8.694000000000001455e+04,2.823648051799907626e+04,5.870360564689672174e+04,8.542603243988367012e-05,2.298697476793265082e+01,5.378853346183208117e+01
2.921477272727272521e+02,6.346835296155937556e+01,6.345768034018959725e+01,8.694000000000001455e+04,2.825143072070941344e+04,5.868865552935570304e+04,8.516932004987154414e-05,2.298636350700173381e+01,5.376100962872232714e+01
2.922727272727272521e+02,6.343642825383150807e+01,6.342545138310694597e+01,8.694000000000001455e+04,2.826637668945968471e+04,5.867370964551927318e+04,8.491384124198475547e-05,2.298575307788445343e+01,5.373354652064017500e+01
2.923977272727272521e+02,6.340456900907842908e+01,6.339328914851665786e+01,8.694000000000001455e+04,2.828131842641613184e+04,5.865876799322241277e+04,8.465958856085364914e-05,2.298514347904200505e+01,5.370614391405534604e+01
2.925227272727272521e+02,6.337277502347874503e+01,6.336119342620713013e+01,8.694000000000001455e+04,2.829625593374114760e+04,5.864383057030395139e+04,8.440655448360701030e-05,2.298453470893832318e+01,5.367880158661753143e+01
2.926477272727272521e+02,6.334104609401264696e+01,6.332916400681039448e+01,8.694000000000001455e+04,2.831118921359329033e+04,5.862889737460653851e+04,8.415473263667649917e-05,2.298392676604007789e+01,5.365151931714834177e+01
2.927727272727272521e+02,6.330938201845793145e+01,6.329720068179784676e+01,8.694000000000001455e+04,2.832611826812729487e+04,5.861396840397664346e+04,8.390411475112102835e-05,2.298331964881668199e+01,5.362429688563331354e+01
2.928977272727272521e+02,6.327778259538600736e+01,6.326549907513513205e+01,8.694000000000001455e+04,2.834104309949409435e+04,5.859904365626454091e+04,8.365469477844555968e-05,2.298271335574028740e+01,5.359713407321397938e+01
2.930227272727272521e+02,6.324624762415800916e+01,6.323392678845162607e+01,8.694000000000001455e+04,2.835596370984082387e+04,5.858412312932427449e+04,8.340646344606739149e-05,2.298210788528579229e+01,5.357003066217995979e+01
2.931477272727272521e+02,6.321477690492080370e+01,6.320241890754870440e+01,8.694000000000001455e+04,2.837088010131083865e+04,5.856920682101367129e+04,8.315941551906291807e-05,2.298150323593085531e+01,5.354298643596116847e+01
2.932727272727272521e+02,6.318337023860320301e+01,6.317097523271563375e+01,8.694000000000001455e+04,2.838579227604373227e+04,5.855429472919432010e+04,8.291354507150572317e-05,2.298089940615587778e+01,5.351600117912008159e+01
2.933977272727272521e+02,6.315202742691199944e+01,6.313959556502292969e+01,8.694000000000001455e+04,2.840070023617534025e+04,5.853938685173155682e+04,8.266884253416151296e-05,2.298029639444402505e+01,5.348907467734404264e+01
2.935227272727272521e+02,6.312074827232813590e+01,6.310827970631842732e+01,8.694000000000001455e+04,2.841560398383776192e+04,5.852448318649443536e+04,8.242530330804243022e-05,2.297969419928121937e+01,5.346220671743763120e+01
2.936477272727272521e+02,6.308953257810295412e+01,6.307702745922350118e+01,8.694000000000001455e+04,2.843050352115937130e+04,5.850958373135574220e+04,8.218291917927444956e-05,2.297909281915614699e+01,5.343539708731512405e+01
2.937727272727272521e+02,6.305838014825430804e+01,6.304583862712921416e+01,8.694000000000001455e+04,2.844539885026483171e+04,5.849468848419196729e+04,8.194168435871063139e-05,2.297849225256025463e+01,5.340864557599297058e+01
2.938977272727272521e+02,6.302729078756284764e+01,6.301471301419250892e+01,8.694000000000001455e+04,2.846028997327509933e+04,5.847979744288328948e+04,8.170159063780602082e-05,2.297789249798775657e+01,5.338195197358237465e+01
2.940227272727272521e+02,6.299626430156827439e+01,6.298365042533248470e+01,8.694000000000001455e+04,2.847517689230745236e+04,5.846491060531356925e+04,8.146263274078080485e-05,2.297729355393563822e+01,5.335531607128190501e+01
2.941477272727272521e+02,6.296530049656561800e+01,6.295265066622668826e+01,8.694000000000001455e+04,2.849005960947549465e+04,5.845002796937032690e+04,8.122480340944093768e-05,2.297669541890365252e+01,5.332873766137016958e+01
2.942727272727272521e+02,6.293439917960149188e+01,6.292171354330725563e+01,8.694000000000001455e+04,2.850493812688917023e+04,5.843514953294474981e+04,8.098809582257615602e-05,2.297609809139432357e+01,5.330221653719856789e+01
2.943977272727272521e+02,6.290356015847040538e+01,6.289083886375733101e+01,8.694000000000001455e+04,2.851981244665477789e+04,5.842027529393164878e+04,8.075250521777377344e-05,2.297550156991295367e+01,5.327575249318409334e+01
2.945227272727272521e+02,6.287278324171120403e+01,6.286002643550735058e+01,8.694000000000001455e+04,2.853468257087497841e+04,5.840540525022947259e+04,8.051802156217036099e-05,2.297490585296761978e+01,5.324934532480214955e+01
2.946477272727272521e+02,6.284206823860333913e+01,6.282927606723141878e+01,8.694000000000001455e+04,2.854954850164881282e+04,5.839053939974027890e+04,8.028464271525592721e-05,2.297431093906916999e+01,5.322299482857950892e+01
2.947727272727272521e+02,6.281141495916331507e+01,6.279858756834364897e+01,8.694000000000001455e+04,2.856441024107171688e+04,5.837567774036973424e+04,8.005235893726592167e-05,2.297371682673123772e+01,5.319670080208725693e+01
2.948977272727272521e+02,6.278082321414103717e+01,6.276796074899453259e+01,8.694000000000001455e+04,2.857926779123553206e+04,5.836082027002708492e+04,7.982116517624149310e-05,2.297312351447023104e+01,5.317046304393381462e+01
2.950227272727272521e+02,6.275029281501633704e+01,6.273739542006742909e+01,8.694000000000001455e+04,2.859412115422851275e+04,5.834596698662515701e+04,7.959105518295928050e-05,2.297253100080533628e+01,5.314428135375802498e+01
2.951477272727272521e+02,6.271982357399534180e+01,6.270689139317494920e+01,8.694000000000001455e+04,2.860897033213534814e+04,5.833111788808034180e+04,7.936202183600471471e-05,2.297193928425852505e+01,5.311815553222228914e+01
2.952727272727272521e+02,6.268941530400697104e+01,6.267644848065540941e+01,8.694000000000001455e+04,2.862381532703716948e+04,5.831627297231258126e+04,7.913406056481164796e-05,2.297134836335454722e+01,5.309208538100575225e+01
2.953977272727272521e+02,6.265906781869948361e+01,6.264606649556935736e+01,8.694000000000001455e+04,2.863865614101156098e+04,5.830143223724535346e+04,7.890716365466232673e-05,2.297075823662093441e+01,5.306607070279754623e+01
2.955227272727272521e+02,6.262878093243695332e+01,6.261574525169599781e+01,8.694000000000001455e+04,2.865349277613257436e+04,5.828659568080566532e+04,7.868132488830781313e-05,2.297016890258800004e+01,5.304011130129008222e+01
2.956477272727272521e+02,6.259855446029579440e+01,6.258548456352981049e+01,8.694000000000001455e+04,2.866832523447074709e+04,5.827176330092403077e+04,7.845653962057497210e-05,2.296958035978884283e+01,5.301420698117242125e+01
2.957727272727272521e+02,6.256838821806133666e+01,6.255528424627701156e+01,8.694000000000001455e+04,2.868315351809310596e+04,5.825693509553447075e+04,7.823280117946751488e-05,2.296899260675933974e+01,5.298835754812365906e+01
2.958977272727272521e+02,6.253828202222448596e+01,6.252514411585217857e+01,8.694000000000001455e+04,2.869797762906318530e+04,5.824211106257449865e+04,7.801010241692551972e-05,2.296840564203815305e+01,5.296256280880638911e+01
2.960227272727272521e+02,6.250823568997818569e+01,6.249506398887479719e+01,8.694000000000001455e+04,2.871279756944103065e+04,5.822729119998509123e+04,7.778843844263860774e-05,2.296781946416672682e+01,5.293682257086018694e+01
2.961477272727272521e+02,6.247824903921416251e+01,6.246504368266587903e+01,8.694000000000001455e+04,2.872761334128322414e+04,5.821247550571070315e+04,7.756780443735067365e-05,2.296723407168929043e+01,5.291113664289520813e+01
2.962727272727272521e+02,6.244832188851950150e+01,6.243508301524462212e+01,8.694000000000001455e+04,2.874242494664288461e+04,5.819766397769923788e+04,7.734819280713622902e-05,2.296664946315285150e+01,5.288550483448576500e+01
2.963977272727272521e+02,6.241845405717334216e+01,6.240518180532500025e+01,8.694000000000001455e+04,2.875723238756968567e+04,5.818285661390203313e+04,7.712959716776879304e-05,2.296606563710720295e+01,5.285992695616400283e+01
2.965227272727272521e+02,6.238864536514355308e+01,6.237533987231248034e+01,8.694000000000001455e+04,2.877203566610987036e+04,5.816805341227386089e+04,7.691201306947448302e-05,2.296548259210491594e+01,5.283440281941359018e+01
2.966477272727272521e+02,6.235889563308342076e+01,6.234555703630068280e+01,8.694000000000001455e+04,2.878683478430625473e+04,5.815325437077290553e+04,7.669543358446162529e-05,2.296490032670134340e+01,5.280893223666350877e+01
2.967727272727272521e+02,6.232920468232844513e+01,6.231583311806811309e+01,8.694000000000001455e+04,2.880162974419824968e+04,5.813845948736076389e+04,7.647985520087274836e-05,2.296431883945461649e+01,5.278351502128182204e+01
2.968977272727272521e+02,6.229957233489295021e+01,6.228616793907486482e+01,8.694000000000001455e+04,2.881642054782186460e+04,5.812366876000241609e+04,7.626526957871249124e-05,2.296373812892565169e+01,5.275815098756956445e+01
2.970227272727272521e+02,6.226999841346699327e+01,6.225656132145936539e+01,8.694000000000001455e+04,2.883120719720972193e+04,5.810888218666623288e+04,7.605167223623254813e-05,2.296315819367813660e+01,5.273283995075463082e+01
2.971477272727272521e+02,6.224048274141306081e+01,6.222701308803519282e+01,8.694000000000001455e+04,2.884598969439106804e+04,5.809409976532394649e+04,7.583905967223358857e-05,2.296257903227853703e+01,5.270758172698572253e+01
2.972727272727272521e+02,6.221102514276287820e+01,6.219752306228780014e+01,8.694000000000001455e+04,2.886076804139179148e+04,5.807932149395064334e+04,7.562742250222243001e-05,2.296200064329609702e+01,5.268237613332635050e+01
2.973977272727272521e+02,6.218162544221429755e+01,6.216809106837136767e+01,8.694000000000001455e+04,2.887554224023442293e+04,5.806454737052476412e+04,7.541675658195856613e-05,2.296142302530283530e+01,5.265722298774888088e+01
2.975227272727272521e+02,6.215228346512802204e+01,6.213871693110559846e+01,8.694000000000001455e+04,2.889031229293816068e+04,5.804977739302808914e+04,7.520705814911821108e-05,2.296084617687354523e+01,5.263212210912863753e+01
2.976477272727272521e+02,6.212299903752455066e+01,6.210940047597255642e+01,8.694000000000001455e+04,2.890507820151886699e+04,5.803501155944570201e+04,7.499831945168011771e-05,2.296027009658578777e+01,5.260707331723803293e+01
2.977727272727272521e+02,6.209377198608105175e+01,6.208014152911354699e+01,8.694000000000001455e+04,2.891983996798909357e+04,5.802024986776601145e+04,7.479053641112898276e-05,2.295969478301990208e+01,5.258207643274074172e+01
2.978977272727272521e+02,6.206460213812826510e+01,6.205093991732605474e+01,8.694000000000001455e+04,2.893459759435808155e+04,5.800549231598072947e+04,7.458370267876546222e-05,2.295912023475898778e+01,5.255713127718593825e+01
2.980227272727272521e+02,6.203548932164732577e+01,6.202179546806048904e+01,8.694000000000001455e+04,2.894935108263178336e+04,5.799073890208484227e+04,7.437781262176201835e-05,2.295854645038891917e+01,5.253223767300256952e+01
2.981477272727272521e+02,6.200643336526680827e+01,6.199270800941727089e+01,8.694000000000001455e+04,2.896410043481286266e+04,5.797598962407662475e+04,7.417286421507185423e-05,2.295797342849833456e+01,5.250739544349367804e+01
2.982727272727272521e+02,6.197743409825962857e+01,6.196367737014365673e+01,8.694000000000001455e+04,2.897884565290071623e+04,5.796124447995761875e+04,7.396884767629785529e-05,2.295740116767863270e+01,5.248260441283076005e+01
2.983977272727272521e+02,6.194849135054005274e+01,6.193470337963074712e+01,8.694000000000001455e+04,2.899358673889148122e+04,5.794650346773261117e+04,7.376576102302578875e-05,2.295682966652397994e+01,5.245786440604816647e+01
2.985227272727272521e+02,6.191960495266058473e+01,6.190604172244310632e+01,8.694000000000001455e+04,2.900832369477804605e+04,5.793176658540964127e+04,7.356359683718949327e-05,2.295625892363129950e+01,5.243317524903755356e+01
2.986477272727272521e+02,6.189077473580910294e+01,6.187764003338580210e+01,8.694000000000001455e+04,2.902305652255005771e+04,5.791703383099997882e+04,7.336235149146830281e-05,2.295568893760027152e+01,5.240853676854238330e+01
2.987727272727272521e+02,6.186200053180574798e+01,6.184929274133650523e+01,8.694000000000001455e+04,2.903778522419393994e+04,5.790230520251811686e+04,7.316201926066412398e-05,2.295511970703333660e+01,5.238394879215243805e+01
2.988977272727272521e+02,6.183328217310010899e+01,6.182099968622127051e+01,8.694000000000001455e+04,2.905250980169289687e+04,5.788758069798175711e+04,7.296259509637081919e-05,2.295455123053568514e+01,5.235941114829841325e+01
2.990227272727272521e+02,6.180461949276814693e+01,6.179276070854757563e+01,8.694000000000001455e+04,2.906723025702693485e+04,5.787286031541179545e+04,7.276407385070626788e-05,2.295398350671526089e+01,5.233492366624654579e+01
2.991477272727272521e+02,6.177601232450933111e+01,6.176457564940173484e+01,8.694000000000001455e+04,2.908194659217285880e+04,5.785814405283232190e+04,7.256645075237599940e-05,2.295341653418275740e+01,5.231048617609323514e+01
2.992727272727272521e+02,6.174746050264374730e+01,6.173644435044633383e+01,8.694000000000001455e+04,2.909665880910429405e+04,5.784343190827060607e+04,7.236971934609925938e-05,2.295285031155161093e+01,5.228609850875978537e+01
2.993977272727272521e+02,6.171896386210917029e+01,6.170836665391767184e+01,8.694000000000001455e+04,2.911136690979169725e+04,5.782872387975708261e+04,7.217387816638165532e-05,2.295228483743801107e+01,5.226176049598711160e+01
2.995227272727272521e+02,6.169052223845820038e+01,6.168034240262318235e+01,8.694000000000001455e+04,2.912607089620235638e+04,5.781401996532534395e+04,7.197891854815452461e-05,2.295172011046087945e+01,5.223747197033054590e+01
2.996477272727272521e+02,6.166213546785539279e+01,6.165237143993891777e+01,8.694000000000001455e+04,2.914077077030041619e+04,5.779932016301211843e+04,7.178483689962433800e-05,2.295115612924188397e+01,5.221323276515465750e+01
2.997727272727272521e+02,6.163380338707443684e+01,6.162445360980705544e+01,8.694000000000001455e+04,2.915546653404687822e+04,5.778462447085728490e+04,7.159162911207772595e-05,2.295059289240542455e+01,5.218904271462808708e+01
2.998977272727272521e+02,6.160552583349535638e+01,6.159658875673333966e+01,8.694000000000001455e+04,2.917015818939961173e+04,5.776993288690383633e+04,7.139928933774797315e-05,2.295003039857863669e+01,5.216490165371847354e+01
3.000227272727272521e+02,6.157775030615237455e+01,6.156877672578463034e+01,8.694000000000001455e+04,2.918484573831337548e+04,5.775524540919788706e+04,7.120781387293106945e-05,2.294946864639138795e+01,5.214080941818738069e+01
3.001477272727272521e+02,6.155008680160201351e+01,6.154101736258641608e+01,8.694000000000001455e+04,2.919952918273981413e+04,5.774056203578864370e+04,7.101719723223709479e-05,2.294890763447627435e+01,5.211676584458528794e+01
3.002727272727272521e+02,6.152247543045136524e+01,6.151331051332030597e+01,8.694000000000001455e+04,2.921420852462747280e+04,5.772588276472841972e+04,7.082743418429515714e-05,2.294834736146861687e+01,5.209277077024658098e+01
3.003977272727272521e+02,6.149491604120713362e+01,6.148565602472167768e+01,8.694000000000001455e+04,2.922888376592181521e+04,5.771120759407259902e+04,7.063852065947173742e-05,2.294778782600645428e+01,5.206882403328462061e+01
3.005227272727272521e+02,6.146740848291668868e+01,6.145805374407708399e+01,8.694000000000001455e+04,2.924355490856522738e+04,5.769653652187964326e+04,7.045045233944335905e-05,2.294722902673055032e+01,5.204492547258683999e+01
3.006477272727272521e+02,6.143995260516572188e+01,6.143060556469006173e+01,8.694000000000001455e+04,2.925822195449702485e+04,5.768186954621106997e+04,7.026322305669907564e-05,2.294667096228438652e+01,5.202107492780985609e+01
3.007727272727272521e+02,6.141254825807588702e+01,6.140326902648263996e+01,8.694000000000001455e+04,2.927288490565347092e+04,5.766720666513145261e+04,7.007683013249277337e-05,2.294611363131414805e+01,5.199727223937464515e+01
3.008977272727272521e+02,6.138519529230251948e+01,6.137598363356208608e+01,8.694000000000001455e+04,2.928754376396778025e+04,5.765254787670840597e+04,6.989126769418874119e-05,2.294555703246874145e+01,5.197351724846175358e+01
3.010227272727272521e+02,6.135789355903226294e+01,6.134874923814842873e+01,8.694000000000001455e+04,2.930219853137013706e+04,5.763789317901257891e+04,6.970653195814691117e-05,2.294500116439977333e+01,5.194980979700651602e+01
3.011477272727272521e+02,6.133064290998081702e+01,6.132156569298483362e+01,8.694000000000001455e+04,2.931684920978769151e+04,5.762324257011763984e+04,6.952261694159744820e-05,2.294444602576155390e+01,5.192614972769433734e+01
3.012727272727272521e+02,6.130344319739064218e+01,6.129443285133530850e+01,8.694000000000001455e+04,2.933149580114458877e+04,5.760859604810026212e+04,6.933952074028582047e-05,2.294389161521109699e+01,5.190253688395601017e+01
3.013977272727272521e+02,6.127629427402867890e+01,6.126735056698252890e+01,8.694000000000001455e+04,2.934613830736195814e+04,5.759395361104013136e+04,6.915723660760875191e-05,2.294333793140810940e+01,5.187897110996303240e+01
3.015227272727272521e+02,6.124919599318408103e+01,6.124031869422552887e+01,8.694000000000001455e+04,2.936077673035794214e+04,5.757931525701990904e+04,6.897576051656528762e-05,2.294278497301499087e+01,5.185545225062302421e+01
3.016477272727272521e+02,6.122214820866598473e+01,6.121333708787759065e+01,8.694000000000001455e+04,2.937541107204769651e+04,5.756468098412524705e+04,6.879508939761080910e-05,2.294223273869683410e+01,5.183198015157511662e+01
3.017727272727272521e+02,6.119515077480123466e+01,6.118640560326399225e+01,8.694000000000001455e+04,2.939004133434339747e+04,5.755005079044476588e+04,6.861521715961771406e-05,2.294168122712141766e+01,5.180855465918541825e+01
3.018977272727272521e+02,6.116820354643218138e+01,6.115952409621976926e+01,8.694000000000001455e+04,2.940466751915425630e+04,5.753542467407004733e+04,6.843614017881805012e-05,2.294113043695920240e+01,5.178517562054248202e+01
3.020227272727272521e+02,6.114130637891447151e+01,6.113269242308768980e+01,8.694000000000001455e+04,2.941928962838653388e+04,5.752080263309561997e+04,6.825785374431347918e-05,2.294058036688332791e+01,5.176184288345282880e+01
3.021477272727272521e+02,6.111445912811481662e+01,6.110591044071590261e+01,8.694000000000001455e+04,2.943390766394354068e+04,5.750618466561896639e+04,6.808035560901259942e-05,2.294003101556960900e+01,5.173855629643649223e+01
3.022727272727272521e+02,6.108766165040879059e+01,6.107917800645591910e+01,8.694000000000001455e+04,2.944852162772565498e+04,5.749157076974048687e+04,6.790363828734768958e-05,2.293948238169653209e+01,5.171531570872262051e+01
3.023977272727272521e+02,6.106091380267870505e+01,6.105249497816043203e+01,8.694000000000001455e+04,2.946313152163032646e+04,5.747696094356351387e+04,6.772769931728817028e-05,2.293893446394524815e+01,5.169212097024507813e+01
3.025227272727272521e+02,6.103421544231137830e+01,6.102586121418114828e+01,8.694000000000001455e+04,2.947773734755208716e+04,5.746235518519429024e+04,6.755253443735398378e-05,2.293838726099957981e+01,5.166897193163809021e+01
3.026477272727272521e+02,6.100756642719601786e+01,6.099927657336673548e+01,8.694000000000001455e+04,2.949233910738256236e+04,5.744775349274195469e+04,6.737813878210374696e-05,2.293784077154600709e+01,5.164586844423193668e+01
3.027727272727272521e+02,6.098117169101156065e+01,6.097274091506063343e+01,8.694000000000001455e+04,2.950693680301048153e+04,5.743315586431854172e+04,6.720450970831848281e-05,2.293729499427366392e+01,5.162281036004866053e+01
3.028977272727272521e+02,6.095503315912667830e+01,6.094625409909899361e+01,8.694000000000001455e+04,2.952153043632168919e+04,5.741856229803897440e+04,6.703164074117751170e-05,2.293674992787433808e+01,5.159979753179782591e+01
3.030227272727272521e+02,6.092894204832971639e+01,6.091981598580863988e+01,8.694000000000001455e+04,2.953612000919914499e+04,5.740397279202104983e+04,6.685953039742287274e-05,2.293620557104246771e+01,5.157682981287226198e+01
3.031477272727272521e+02,6.090289822504455231e+01,6.089342643600488714e+01,8.694000000000001455e+04,2.955070552352294180e+04,5.738938734438542451e+04,6.668817285415684637e-05,2.293566192247513769e+01,5.155390705734390622e+01
3.032727272727272521e+02,6.087690155614990317e+01,6.086708531098953046e+01,8.694000000000001455e+04,2.956528698117031672e+04,5.737480595325561444e+04,6.651756342890280393e-05,2.293511898087206546e+01,5.153102911995963353e+01
3.033977272727272521e+02,6.085095190897730788e+01,6.084079247254881295e+01,8.694000000000001455e+04,2.957986438401565101e+04,5.736022861675798049e+04,6.634770026181513458e-05,2.293457674493561527e+01,5.150819585613712803e+01
3.035227272727272521e+02,6.082504915130943601e+01,6.081454778295135100e+01,8.694000000000001455e+04,2.959443773393049196e+04,5.734565533302171389e+04,6.617857818014272198e-05,2.293403521337077677e+01,5.148540712196078317e+01
3.036477272727272521e+02,6.079919315137819069e+01,6.078835110494605942e+01,8.694000000000001455e+04,2.960900703278354922e+04,5.733108610017885076e+04,6.601019290108922632e-05,2.293349438488517222e+01,5.146266277417761614e+01
3.037727272727272521e+02,6.077338377786288248e+01,6.076220230176017623e+01,8.694000000000001455e+04,2.962357228244071666e+04,5.731652091636422119e+04,6.584254049890603255e-05,2.293295425818904576e+01,5.143996267019326751e+01
3.038977272727272521e+02,6.074762089988854541e+01,6.073610123709724462e+01,8.694000000000001455e+04,2.963813348476506872e+04,5.730195977971548564e+04,6.567561796799736840e-05,2.293241483199526698e+01,5.141730666806794403e+01
3.040227272727272521e+02,6.072190438702401849e+01,6.071004777513508799e+01,8.694000000000001455e+04,2.965269064161687857e+04,5.728740268837309850e+04,6.550942122629521691e-05,2.293187610501931317e+01,5.139469462651248932e+01
3.041477272727272521e+02,6.069623410928025464e+01,6.068404178052383457e+01,8.694000000000001455e+04,2.966724375485362543e+04,5.727284964048029360e+04,6.534394415425026637e-05,2.293133807597927998e+01,5.137212640488439774e+01
3.042727272727272521e+02,6.067060993710846617e+01,6.065808311838388533e+01,8.694000000000001455e+04,2.968179282633000184e+04,5.725830063418309874e+04,6.517918626869345644e-05,2.293080074359586717e+01,5.134960186318391351e+01
3.043977272727272521e+02,6.064503174139841946e+01,6.063217165430400968e+01,8.694000000000001455e+04,2.969633785789792819e+04,5.724375566763031384e+04,6.501514175383249494e-05,2.293026410659238223e+01,5.132712086205012270e+01
3.045227272727272521e+02,6.061949939347665861e+01,6.060630725433932753e+01,8.694000000000001455e+04,2.971087885140654907e+04,5.722921473897349642e+04,6.485180713511340400e-05,2.292972816369472966e+01,5.130468326275709501e+01
3.046477272727272521e+02,6.059401276510474332e+01,6.058048978500934822e+01,8.694000000000001455e+04,2.972541580870225880e+04,5.721467784636696888e+04,6.468917971780285825e-05,2.292919291363140388e+01,5.128228892721005394e+01
3.047727272727272521e+02,6.056857172847749382e+01,6.055471911329605916e+01,8.694000000000001455e+04,2.973994873162869771e+04,5.720014498796778207e+04,6.452725317629415258e-05,2.292865835513349637e+01,5.125993771794158249e+01
3.048977272727272521e+02,6.054317615622132820e+01,6.052899510664199312e+01,8.694000000000001455e+04,2.975447762202676313e+04,5.718561616193574446e+04,6.436602682136083331e-05,2.292812448693468497e+01,5.123762949810780754e+01
3.050227272727272521e+02,6.051782592139243633e+01,6.050331763294826004e+01,8.694000000000001455e+04,2.976900248173462751e+04,5.717109136643337115e+04,6.420549403252095999e-05,2.292759130777122323e+01,5.121536413148467659e+01
3.051477272727272521e+02,6.049252089747513850e+01,6.047768656057265702e+01,8.694000000000001455e+04,2.978352331258773484e+04,5.715657059962592029e+04,6.404565390916161505e-05,2.292705881638194754e+01,5.119314148246422747e+01
3.052727272727272521e+02,6.046726095838014459e+01,6.045210175832777111e+01,8.694000000000001455e+04,2.979804011641881880e+04,5.714205385968133487e+04,6.388650036370790986e-05,2.292652701150826289e+01,5.117096141605088633e+01
3.053977272727272521e+02,6.044204597844285587e+01,6.042656309547906091e+01,8.694000000000001455e+04,2.981255289505790279e+04,5.712754114477027906e+04,6.372803065346488438e-05,2.292599589189414644e+01,5.114882379785778710e+01
3.055227272727272521e+02,6.041687583242166681e+01,6.040130909832781470e+01,8.694000000000001455e+04,2.982706165033231446e+04,5.711303245306610916e+04,6.357024264680433134e-05,2.292546545628613686e+01,5.112672849410316900e+01
3.056477272727272521e+02,6.039175039549623847e+01,6.037624049705959095e+01,8.694000000000001455e+04,2.984156638406669663e+04,5.709852778274485900e+04,6.341313005897575295e-05,2.292493570343333076e+01,5.110467537160671725e+01
3.057727272727272521e+02,6.036666954326594947e+01,6.035121630041420104e+01,8.694000000000001455e+04,2.985606709808301093e+04,5.708402713198523270e+04,6.325669131612698948e-05,2.292440663208738272e+01,5.108266429778596773e+01
3.058977272727272521e+02,6.034163315174808417e+01,6.032623638511739017e+01,8.694000000000001455e+04,2.987056379420054873e+04,5.706953049896861921e+04,6.310092247652221431e-05,2.292387824100249816e+01,5.106069514065278980e+01
3.060227272727272521e+02,6.031664109737621260e+01,6.030130062830755122e+01,8.694000000000001455e+04,2.988505647423593837e+04,5.705503788187904865e+04,6.294581974763957533e-05,2.292335052893542269e+01,5.103876776880979094e+01
3.061477272727272521e+02,6.029169325699859172e+01,6.027640890753416159e+01,8.694000000000001455e+04,2.989954514000315248e+04,5.704054927890321414e+04,6.279137916109789330e-05,2.292282349464544922e+01,5.101688205144684218e+01
3.062727272727272521e+02,6.026678950787643174e+01,6.025156110075611338e+01,8.694000000000001455e+04,2.991402979331352253e+04,5.702606468823044270e+04,6.263759815361424899e-05,2.292229713689440374e+01,5.099503785833758229e+01
3.063977272727272521e+02,6.024192972768231868e+01,6.022675708634011471e+01,8.694000000000001455e+04,2.992851043597573880e+04,5.701158410805270250e+04,6.248447271595125585e-05,2.292177145444664532e+01,5.097323505983593606e+01
3.065227272727272521e+02,6.021711379449854462e+01,6.020199674305909099e+01,8.694000000000001455e+04,2.994298706979586495e+04,5.699710753656457382e+04,6.233199973415537443e-05,2.292124644606906259e+01,5.095147352687269660e+01
3.066477272727272521e+02,6.019234158681550895e+01,6.017727995009052933e+01,8.694000000000001455e+04,2.995745969657734531e+04,5.698263497196327080e+04,6.218017634296302276e-05,2.292072211053105946e+01,5.092975313095210765e+01
3.067727272727272521e+02,6.016761298353009835e+01,6.015260658701496510e+01,8.694000000000001455e+04,2.997192831812100849e+04,5.696816641244860512e+04,6.202899583485077528e-05,2.292019844660456585e+01,5.090807374414846720e+01
3.068977272727272521e+02,6.014292786394403834e+01,6.012797653381432639e+01,8.694000000000001455e+04,2.998639293622508558e+04,5.695370185622298595e+04,6.187845892746679510e-05,2.291967545306401988e+01,5.088643523910276656e+01
3.070227272727272521e+02,6.011828610776235138e+01,6.010338967087038498e+01,8.694000000000001455e+04,3.000085355268520652e+04,5.693924130149142729e+04,6.172856030062234822e-05,2.291915312868636789e+01,5.086483748901935797e+01
3.071477272727272521e+02,6.009368759509168711e+01,6.007898463085733454e+01,8.694000000000001455e+04,3.001531016929441830e+04,5.692478474646151153e+04,6.157929768590975073e-05,2.291863147225106445e+01,5.084328036766262926e+01
3.072727272727272521e+02,6.006913220643883022e+01,6.005469880919601167e+01,8.694000000000001455e+04,3.002976278784318856e+04,5.691033218934341130e+04,6.143066763364402050e-05,2.291811048254005811e+01,5.082176374935370688e+01
3.073977272727272521e+02,6.004461982270903775e+01,6.003045506124479402e+01,8.694000000000001455e+04,3.004421141011940927e+04,5.689588362834985310e+04,6.128266403493398684e-05,2.291759015833779856e+01,5.080028750896720169e+01
3.075227272727272521e+02,6.002015032520447591e+01,6.000625327210335058e+01,8.694000000000001455e+04,3.005865603790841851e+04,5.688143906169613183e+04,6.113528866080741864e-05,2.291707049843121524e+01,5.077885152192795459e+01
3.076477272727272521e+02,5.999572359562269952e+01,5.998209332724680110e+01,8.694000000000001455e+04,3.007309667299298962e+04,5.686699848760008899e+04,6.098853279290494811e-05,2.291655150160973164e+01,5.075745566420781785e+01
3.077727272727272521e+02,5.997133951605505331e+01,5.995797511252432344e+01,8.694000000000001455e+04,3.008753331715336026e+04,5.685256190428211994e+04,6.084239724124529403e-05,2.291603316666524748e+01,5.073609981232243626e+01
3.078977272727272521e+02,5.994699796898515842e+01,5.993389851415770408e+01,8.694000000000001455e+04,3.010196597216722148e+04,5.683812930996513751e+04,6.069687795751121939e-05,2.291551549239213514e+01,5.071478384332811373e+01
3.080227272727272521e+02,5.992313520879553579e+01,5.990986341873993837e+01,8.694000000000001455e+04,3.011639463980973596e+04,5.682370070287459384e+04,6.055197028764780498e-05,2.291499847758724329e+01,5.069350763481860156e+01
3.081477272727272521e+02,5.989941728764556927e+01,5.988607394258986005e+01,8.694000000000001455e+04,3.013081932185354526e+04,5.680927608123845857e+04,6.040767221193732439e-05,2.291448212104987903e+01,5.067227106492201472e+01
3.082727272727272521e+02,5.987573967152404464e+01,5.986234609041284216e+01,8.694000000000001455e+04,3.014524002006877345e+04,5.679485544328721153e+04,6.026398029668200707e-05,2.291396642158181862e+01,5.065107401229771256e+01
3.083977272727272521e+02,5.985210225211307744e+01,5.983865862293540516e+01,8.694000000000001455e+04,3.015965673622304166e+04,5.678043878725383547e+04,6.012089182050317504e-05,2.291345137798728615e+01,5.062991635613319374e+01
3.085227272727272521e+02,5.982850492143936805e+01,5.981501143140614118e+01,8.694000000000001455e+04,3.017406947208147176e+04,5.676602611137380882e+04,5.997840258231690314e-05,2.291293698907296061e+01,5.060879797614103381e+01
3.086477272727272521e+02,5.980494757187293686e+01,5.979140440742105511e+01,8.694000000000001455e+04,3.018847822940668993e+04,5.675161741388509836e+04,5.983650993535150064e-05,2.291242325364796883e+01,5.058771875255586536e+01
3.087727272727272521e+02,5.978143009612583825e+01,5.976783744292235667e+01,8.694000000000001455e+04,3.020288300995884128e+04,5.673721269302815926e+04,5.969521176041325816e-05,2.291191017052387835e+01,5.056667856613132273e+01
3.088977272727272521e+02,5.975795238725100944e+01,5.974431043019711041e+01,8.694000000000001455e+04,3.021728381549559708e+04,5.672281194704590598e+04,5.955450503947190555e-05,2.291139773851469030e+01,5.054567729813706478e+01
3.090227272727272521e+02,5.973451433864099158e+01,5.972082326187609169e+01,8.694000000000001455e+04,3.023168064777215841e+04,5.670841517418372678e+04,5.941438436174450999e-05,2.291088595643683590e+01,5.052471483035578359e+01
3.091477272727272521e+02,5.971111584402667205e+01,5.969737583093240829e+01,8.694000000000001455e+04,3.024607350854126707e+04,5.669402237268946919e+04,5.927484900247748101e-05,2.291037482310917994e+01,5.050379104508026273e+01
3.092727272727272521e+02,5.968775679747611207e+01,5.967396803068033506e+01,8.694000000000001455e+04,3.026046239955321289e+04,5.667963354081341822e+04,5.913589424189069632e-05,2.290986433735300665e+01,5.048290582511040725e+01
3.093977272727272521e+02,5.966443709339326773e+01,5.965059975477399945e+01,8.694000000000001455e+04,3.027484732255584095e+04,5.666524867680831085e+04,5.899751958615695457e-05,2.290935449799201606e+01,5.046205905375035883e+01
3.095227272727272521e+02,5.964115662651686023e+01,5.962727089720623042e+01,8.694000000000001455e+04,3.028922827929455889e+04,5.665086777892931423e+04,5.885971888019980724e-05,2.290884530385231699e+01,5.044125061480558259e+01
3.096477272727272521e+02,5.961791529191909689e+01,5.960398135230724392e+01,8.694000000000001455e+04,3.030360527151234055e+04,5.663649084543402569e+04,5.872249344740509969e-05,2.290833675376243050e+01,5.042048039257998937e+01
3.097727272727272521e+02,5.959471298500444192e+01,5.958073101474341371e+01,8.694000000000001455e+04,3.031797830094974051e+04,5.662211787458245817e+04,5.858583524975813361e-05,2.290782884655327933e+01,5.039974827187307937e+01
3.098977272727272521e+02,5.957154960150852929e+01,5.955751977951612020e+01,8.694000000000001455e+04,3.033234736934490138e+04,5.660774886463704752e+04,5.844974580071493619e-05,2.290732158105818073e+01,5.037905413797712129e+01
3.100227272727272521e+02,5.954842503749684113e+01,5.953434754196046441e+01,8.694000000000001455e+04,3.034671247843355013e+04,5.659338381386261608e+04,5.831421893809363155e-05,2.290681495611284646e+01,5.035839787667433143e+01
3.101477272727272521e+02,5.952533918936362767e+01,5.951121419774405297e+01,8.694000000000001455e+04,3.036107362994902360e+04,5.657902272052639455e+04,5.817925314843819251e-05,2.290630897055537218e+01,5.033777937423405291e+01
3.102727272727272521e+02,5.950229195383059988e+01,5.948811964286582565e+01,8.694000000000001455e+04,3.037543082562225754e+04,5.656466558289800741e+04,5.804484592175640500e-05,2.290580362322624097e+01,5.031719851740999161e+01
3.103977272727272521e+02,5.947928322794584943e+01,5.946506377365479779e+01,8.694000000000001455e+04,3.038978406718180850e+04,5.655031239924945112e+04,5.791099274254918328e-05,2.290529891296831266e+01,5.029665519343749480e+01
3.105227272727272521e+02,5.945631290908265498e+01,5.944204648676891622e+01,8.694000000000001455e+04,3.040413335635385010e+04,5.653596316785510135e+04,5.777769411885458339e-05,2.290479483862681676e+01,5.027614929003074451e+01
3.106477272727272521e+02,5.943338089493824583e+01,5.941906767919381593e+01,8.694000000000001455e+04,3.041847869486219133e+04,5.652161788699170575e+04,5.764494458304625368e-05,2.290429139904935241e+01,5.025568069538009297e+01
3.107727272727272521e+02,5.941048708353272900e+01,5.939612724824167600e+01,8.694000000000001455e+04,3.043282008442826918e+04,5.650727655493836937e+04,5.751274022003372011e-05,2.290378859308588133e+01,5.023524929814934126e+01
3.108977272727272521e+02,5.938763137320782448e+01,5.937322509154996197e+01,8.694000000000001455e+04,3.044715752677117416e+04,5.649293916997654742e+04,5.738108109731854256e-05,2.290328641958872069e+01,5.021485498747306053e+01
3.110227272727272521e+02,5.936481366262578518e+01,5.935036110708028900e+01,8.694000000000001455e+04,3.046149102360763936e+04,5.647860573039004521e+04,5.724996295519702016e-05,2.290278487741254665e+01,5.019449765295391330e+01
3.111477272727272521e+02,5.934203385076819615e+01,5.932753519311727786e+01,8.694000000000001455e+04,3.047582057665206230e+04,5.646427623446501093e+04,5.711938415586814699e-05,2.290228396541437661e+01,5.017417718466003862e+01
3.112727272727272521e+02,5.931929183693487317e+01,5.930474724826730437e+01,8.694000000000001455e+04,3.049014618761650127e+04,5.644995068048991379e+04,5.698934102049690864e-05,2.290178368245357277e+01,5.015389347312240176e+01
3.113977272727272521e+02,5.929658752074267625e+01,5.928199717145738390e+01,8.694000000000001455e+04,3.050446785821068625e+04,5.643562906675555860e+04,5.685983091829882596e-05,2.290128402739183500e+01,5.013364640933220073e+01
3.115227272727272521e+02,5.927392080212437264e+01,5.925928486193401312e+01,8.694000000000001455e+04,3.051878559014203347e+04,5.642131139155506389e+04,5.673085099111574436e-05,2.290078499909319731e+01,5.011343588473825861e+01
3.116477272727272521e+02,5.925129158132750007e+01,5.923661021926194792e+01,8.694000000000001455e+04,3.053309938511563814e+04,5.640699765318385471e+04,5.660239781590803432e-05,2.290028659642402076e+01,5.009326179124446554e+01
3.117727272727272521e+02,5.922869975891326533e+01,5.921397314332315176e+01,8.694000000000001455e+04,3.054740924483429262e+04,5.639268784993966983e+04,5.647447054180076975e-05,2.289978881825299339e+01,5.007312402120722084e+01
3.118977272727272521e+02,5.920614523575538612e+01,5.919137353431554516e+01,8.694000000000001455e+04,3.056171517099849370e+04,5.637838198012253270e+04,5.634706580437409684e-05,2.289929166345111256e+01,5.005302246743290340e+01
3.120227272727272521e+02,5.918362791303898973e+01,5.916881129275192563e+01,8.694000000000001455e+04,3.057601716530643534e+04,5.636408004203477321e+04,5.622018076856249991e-05,2.289879513089169549e+01,5.003295702317532090e+01
3.121477272727272521e+02,5.916114769225946901e+01,5.914628631945879533e+01,8.694000000000001455e+04,3.059031522945403412e+04,5.634978203398098412e+04,5.609381252114076233e-05,2.289829921945036872e+01,5.001292758213325840e+01
3.122727272727272521e+02,5.913870447522138107e+01,5.912379851557524546e+01,8.694000000000001455e+04,3.060460936513492561e+04,5.633548795426805009e+04,5.596795980800095549e-05,2.289780392800505382e+01,4.999293403844794170e+01
3.123977272727272521e+02,5.911629816403736015e+01,5.910134778255181942e+01,8.694000000000001455e+04,3.061889957404047527e+04,5.632119780120511859e+04,5.584261702296089425e-05,2.289730925543597806e+01,4.997297628670060021e+01
3.125227272727272521e+02,5.909392866112696652e+01,5.907893402214936884e+01,8.694000000000001455e+04,3.063318585785978212e+04,5.630691157310359995e+04,5.571778576651809090e-05,2.289681520062566022e+01,4.995305422191000844e+01
3.126477272727272521e+02,5.907159586921562067e+01,5.905655713643795934e+01,8.694000000000001455e+04,3.064746821827968233e+04,5.629262926827716001e+04,5.559345974326390660e-05,2.289632176245890705e+01,4.993316773953005594e+01
3.127727272727272521e+02,5.904929969133350909e+01,5.903421702779571945e+01,8.694000000000001455e+04,3.066174665698477111e+04,5.627835088504171290e+04,5.546963764935242125e-05,2.289582893982280609e+01,4.991331673544731728e+01
3.128977272727272521e+02,5.902704003081446871e+01,5.901191359890776766e+01,8.694000000000001455e+04,3.067602117565738808e+04,5.626407642171541374e+04,5.534631812231793901e-05,2.289533673160672578e+01,4.989350110597866461e+01
3.130227272727272521e+02,5.900481679129487844e+01,5.898964675276508274e+01,8.694000000000001455e+04,3.069029177597764283e+04,5.624980587661865866e+04,5.522349666797765622e-05,2.289484513670230470e+01,4.987372074786885889e+01
3.131477272727272521e+02,5.898262987671267155e+01,5.896741639266338098e+01,8.694000000000001455e+04,3.070455845962341118e+04,5.623553924807406293e+04,5.510117403417780224e-05,2.289435415400345519e+01,4.985397555828822647e+01
3.132727272727272521e+02,5.896047919130617032e+01,5.894522242220205754e+01,8.694000000000001455e+04,3.071882122827034254e+04,5.622127653440647555e+04,5.497934382248104157e-05,2.289386378240634912e+01,4.983426543483025029e+01
3.133977272727272521e+02,5.893836463961301320e+01,5.892306474528306381e+01,8.694000000000001455e+04,3.073308008359187079e+04,5.620701773394295014e+04,5.485800576643384829e-05,2.289337402080941786e+01,4.981459027550928909e+01
3.135227272727272521e+02,5.891628612646913155e+01,5.890094326610982023e+01,8.694000000000001455e+04,3.074733502725921790e+04,5.619276284501275950e+04,5.473715627957176366e-05,2.289288486811334522e+01,4.979494997875821127e+01
3.136477272727272521e+02,5.889424355700761282e+01,5.887885788918613628e+01,8.694000000000001455e+04,3.076158606094140123e+04,5.617851186594737374e+04,5.461679415219578004e-05,2.289239632322106388e+01,4.977534444342611408e+01
3.137727272727272521e+02,5.887223683665774132e+01,5.885680851931509494e+01,8.694000000000001455e+04,3.077583318630523718e+04,5.616426479508045304e+04,5.449691690451174964e-05,2.289190838503775183e+01,4.975577356877602142e+01
3.138977272727272521e+02,5.885026587114382579e+01,5.883479506159804373e+01,8.694000000000001455e+04,3.079007640501535570e+04,5.615002163074785494e+04,5.437752064274548047e-05,2.289142105247082526e+01,4.973623725448262434e+01
3.140227272727272521e+02,5.882833056648425440e+01,5.881281742143346492e+01,8.694000000000001455e+04,3.080431571873420035e+04,5.613578237128761248e+04,5.425860429220108472e-05,2.289093432442993148e+01,4.971673540063000729e+01
3.141477272727272521e+02,5.880643082899034368e+01,5.879087550451593103e+01,8.694000000000001455e+04,3.081855112912203185e+04,5.612154701503994147e+04,5.414016519189601695e-05,2.289044819982694889e+01,4.969726790770941705e+01
3.142727272727272521e+02,5.878456656526536506e+01,5.876896921683501773e+01,8.694000000000001455e+04,3.083278263783694638e+04,5.610731556034722598e+04,5.402220098282839444e-05,2.288996267757597991e+01,4.967783467661704577e+01
3.143977272727272521e+02,5.876273768220349325e+01,5.874738232199008792e+01,8.694000000000001455e+04,3.084701024653486820e+04,5.609308800555401831e+04,5.390470948718473210e-05,2.288947775659334383e+01,4.965843560865177864e+01
3.145227272727272521e+02,5.874094408698871916e+01,5.872613139619479483e+01,8.694000000000001455e+04,3.086123395686956064e+04,5.607886434900700988e+04,5.378768675612377592e-05,2.288899343579757328e+01,4.963907060551304085e+01
3.146477272727272521e+02,5.871918568709386932e+01,5.870491387862398369e+01,8.694000000000001455e+04,3.087545377049264061e+04,5.606464458905506035e+04,5.367113383414334749e-05,2.288850971410941426e+01,4.961973956929857366e+01
3.147727272727272521e+02,5.869746239027956847e+01,5.868372968376919374e+01,8.694000000000001455e+04,3.088966968905357498e+04,5.605042872404916852e+04,5.355504344706218944e-05,2.288802659045181187e+01,4.960044240250229564e+01
3.148977272727272521e+02,5.867577410459319509e+01,5.866257872637655169e+01,8.694000000000001455e+04,3.090388171419969149e+04,5.603621675234247232e+04,5.343941825408649038e-05,2.288754406374991390e+01,4.958117900801214262e+01
3.150227272727272521e+02,5.865412073836788664e+01,5.864146092144589062e+01,8.694000000000001455e+04,3.091808984757618236e+04,5.602200867229023424e+04,5.332425308246513396e-05,2.288706213293106373e+01,4.956194928910792896e+01
3.151477272727272521e+02,5.863250220022147374e+01,5.862037618422994711e+01,8.694000000000001455e+04,3.093229409082611164e+04,5.600780448224984866e+04,5.320954695164914483e-05,2.288658079692478609e+01,4.954275314945919462e+01
3.152727272727272521e+02,5.861091839905554224e+01,5.859932443023352278e+01,8.694000000000001455e+04,3.094649444559042604e+04,5.599360418058083451e+04,5.309529642261168192e-05,2.288610005466279773e+01,4.952359049312313743e+01
3.153977272727272521e+02,5.858936924405436031e+01,5.857830557521268844e+01,8.694000000000001455e+04,3.096069091350795134e+04,5.597940776564480620e+04,5.298149994104051075e-05,2.288561990507899324e+01,4.950446122454248865e+01
3.155227272727272521e+02,5.856785464468390501e+01,5.855731953517395993e+01,8.694000000000001455e+04,3.097488349621541056e+04,5.596521523580550274e+04,5.286815531668764834e-05,2.288514034710944145e+01,4.948536524854343810e+01
3.156477272727272521e+02,5.854637451069084619e+01,5.853636622637346676e+01,8.694000000000001455e+04,3.098907219534741671e+04,5.595102658942875860e+04,5.275526000758645750e-05,2.288466137969238190e+01,4.946630247033357364e+01
3.157727272727272521e+02,5.852492875210157308e+01,5.851544556531614916e+01,8.694000000000001455e+04,3.100325701253649095e+04,5.593684182488249644e+04,5.264281253047897735e-05,2.288418300176821774e+01,4.944727279549979926e+01
3.158977272727272521e+02,5.850351727922114975e+01,5.849455746875493389e+01,8.694000000000001455e+04,3.101743794941306260e+04,5.592266094053673442e+04,5.253081048017804733e-05,2.288370521227950860e+01,4.942827613000631715e+01
3.160227272727272521e+02,5.848214000263240564e+01,5.847370185368996687e+01,8.694000000000001455e+04,3.103161500760547642e+04,5.590848393476357160e+04,5.241925046739481786e-05,2.288322801017097419e+01,4.940931238019260263e+01
3.161477272727272521e+02,5.846079683319489817e+01,5.845287863736775336e+01,8.694000000000001455e+04,3.104578818873999990e+04,5.589431080593718070e+04,5.230813077439222525e-05,2.288275139438948358e+01,4.939038145277137914e+01
3.162727272727272521e+02,5.843948768204388955e+01,5.843208773728040484e+01,8.694000000000001455e+04,3.105995749444082685e+04,5.588014155243380083e+04,5.219745052364999083e-05,2.288227536388405170e+01,4.937148325482660738e+01
3.163977272727272521e+02,5.841821246058947281e+01,5.841132907116482187e+01,8.694000000000001455e+04,3.107412292633008474e+04,5.586597617263174470e+04,5.208720555494039672e-05,2.288179991760583221e+01,4.935261769381151709e+01
3.165227272727272521e+02,5.839697108051554864e+01,5.839060255700188407e+01,8.694000000000001455e+04,3.108828448602784192e+04,5.585181466491138417e+04,5.197739621642938346e-05,2.288132505450811394e+01,4.933378467754663177e+01
3.166477272727272521e+02,5.837576345377881637e+01,5.836990811301564719e+01,8.694000000000001455e+04,3.110244217515210767e+04,5.583765702765513561e+04,5.186801882750557979e-05,2.288085077354632091e+01,4.931498411421778627e+01
3.167727272727272521e+02,5.835458949260785744e+01,5.834924565767261839e+01,8.694000000000001455e+04,3.111659599531885033e+04,5.582350325924746721e+04,5.175907074317365186e-05,2.288037707367799811e+01,4.929621591237419409e+01
3.168977272727272521e+02,5.833344910950216899e+01,5.832861510968086804e+01,8.694000000000001455e+04,3.113074594814199008e+04,5.580935335807487718e+04,5.165054979983096928e-05,2.287990395386281151e+01,4.927747998092651471e+01
3.170227272727272521e+02,5.831234221723119759e+01,5.830801638798932629e+01,8.694000000000001455e+04,3.114489203523340984e+04,5.579520732252591552e+04,5.154245647354116500e-05,2.287943141306254802e+01,4.925877622914492804e+01
3.171477272727272521e+02,5.829126872883336574e+01,5.828744941178696592e+01,8.694000000000001455e+04,3.115903425820296616e+04,5.578106515099114768e+04,5.143478584912486440e-05,2.287895945024110134e+01,4.924010456665720881e+01
3.172727272727272521e+02,5.827022855761516951e+01,5.826691410050202080e+01,8.694000000000001455e+04,3.117317261865848559e+04,5.576692684186316183e+04,5.132753727821182110e-05,2.287848806436447191e+01,4.922146490344684366e+01
3.173977272727272521e+02,5.824922161715017666e+01,5.824641037380118291e+01,8.694000000000001455e+04,3.118730711820578290e+04,5.575279239353657613e+04,5.122070724183913626e-05,2.287801725440076694e+01,4.920285714985115533e+01
3.175227272727272521e+02,5.822824782127812426e+01,5.822593815158888475e+01,8.694000000000001455e+04,3.120143775844865013e+04,5.573866180440800235e+04,5.111429557302926696e-05,2.287754701932018975e+01,4.918428121655941965e+01
3.176477272727272521e+02,5.820751686918915624e+01,5.820549735400648217e+01,8.694000000000001455e+04,3.121556454098887843e+04,5.572453507287607499e+04,5.100829950421825743e-05,2.287707735809502907e+01,4.916573701461098267e+01
3.177727272727272521e+02,5.818760143285535946e+01,5.818508790143150122e+01,8.694000000000001455e+04,3.122968746742625808e+04,5.571041219734141487e+04,5.090271571717153165e-05,2.287660826969966976e+01,4.914722445539344164e+01
3.178977272727272521e+02,5.816771565611108485e+01,5.816470971447683525e+01,8.694000000000001455e+04,3.124380653935857845e+04,5.569629317620664369e+04,5.079754481940312871e-05,2.287613975311057501e+01,4.912874345064081183e+01
3.180227272727272521e+02,5.814785946568561315e+01,5.814436271399004852e+01,8.694000000000001455e+04,3.125792175838163894e+04,5.568217800787636952e+04,5.069278288871714722e-05,2.287567180730628280e+01,4.911029391243167908e+01
3.181477272727272521e+02,5.812803278851482958e+01,5.812404682105253073e+01,8.694000000000001455e+04,3.127203312608925626e+04,5.566806669075717946e+04,5.058842767091675796e-05,2.287520443126741299e+01,4.909187575318740926e+01
3.182727272727272521e+02,5.810823555174059152e+01,5.810376195697880064e+01,8.694000000000001455e+04,3.128614064407326805e+04,5.565395922325764695e+04,5.048447989253190826e-05,2.287473762397664601e+01,4.907348888567032219e+01
3.183977272727272521e+02,5.808846768271016003e+01,5.808350804331573158e+01,8.694000000000001455e+04,3.130024431392354018e+04,5.563985560378830996e+04,5.038093388876063727e-05,2.287427138441872998e+01,4.905513322298192946e+01
3.185227272727272521e+02,5.806872910897556750e+01,5.806328500184177699e+01,8.694000000000001455e+04,3.131434413722796671e+04,5.562575583076167095e+04,5.027778970223550914e-05,2.287380571158047005e+01,4.903680867856115100e+01
3.186477272727272521e+02,5.804901975829300653e+01,5.804309275456619588e+01,8.694000000000001455e+04,3.132844011557248450e+04,5.561165990259219689e+04,5.017504543225470570e-05,2.287334060445072481e+01,4.901851516618253868e+01
3.187727272727272521e+02,5.802933955862228288e+01,5.802293122372839207e+01,8.694000000000001455e+04,3.134253225054106952e+04,5.559756781769631198e+04,5.007269814782944195e-05,2.287287606202040635e+01,4.900025259995451421e+01
3.188977272727272521e+02,5.800968843812621145e+01,5.800280033179706862e+01,8.694000000000001455e+04,3.135662054371574777e+04,5.558347957449238311e+04,4.997074698742665078e-05,2.287241208328246955e+01,4.898202089431766382e+01
3.190227272727272521e+02,5.799006632516996262e+01,5.798270000146953862e+01,8.694000000000001455e+04,3.137070499667659897e+04,5.556939517140071985e+04,4.986918983540533645e-05,2.287194866723190856e+01,4.896381996404296189e+01
3.191477272727272521e+02,5.797047314832053644e+01,5.796263015567096488e+01,8.694000000000001455e+04,3.138478561100176375e+04,5.555531460684358171e+04,4.976802449085937496e-05,2.287148581286575322e+01,4.894564972423010829e+01
3.192727272727272521e+02,5.795090883634615153e+01,5.794259071755361390e+01,8.694000000000001455e+04,3.139886238826745102e+04,5.554123787924514181e+04,4.966724953270329479e-05,2.287102351918306198e+01,4.892751009030573783e+01
3.193977272727272521e+02,5.793137331821563407e+01,5.792258161049612397e+01,8.694000000000001455e+04,3.141293533004793790e+04,5.552716498703151592e+04,4.956686231594176206e-05,2.287056178518492189e+01,4.890940097802180730e+01
3.195227272727272521e+02,5.791186652309787064e+01,5.790260275810277335e+01,8.694000000000001455e+04,3.142700443791557700e+04,5.551309592863074067e+04,4.946686110862685837e-05,2.287010060987444149e+01,4.889132230345384755e+01
3.196477272727272521e+02,5.789238838036117585e+01,5.788265408420274127e+01,8.694000000000001455e+04,3.144106971344080375e+04,5.549903070247275900e+04,4.936724443282969332e-05,2.286963999225674371e+01,4.887327398299931502e+01
3.197727272727272521e+02,5.787293881957272390e+01,5.786273949185186893e+01,8.694000000000001455e+04,3.145513115819213999e+04,5.548496930698943470e+04,4.926801077687059660e-05,2.286917993133896587e+01,4.885525593337592198e+01
3.198977272727272521e+02,5.785351777049799438e+01,5.784320837521654823e+01,8.694000000000001455e+04,3.146918877373620126e+04,5.547091174061453057e+04,4.916915692732004572e-05,2.286872042613025258e+01,4.883726807161998806e+01
3.200227272727272521e+02,5.783412516310013274e+01,5.782370606260030854e+01,8.694000000000001455e+04,3.148324256163770042e+04,5.545685800178371574e+04,4.907068362314248589e-05,2.286826147564175216e+01,4.881931031508477759e+01
3.201477272727272521e+02,5.781476092753943163e+01,5.780423248282941984e+01,8.694000000000001455e+04,3.149729252345945497e+04,5.544280808893454378e+04,4.897258584790620262e-05,2.286780307888660602e+01,4.880138258143887953e+01
3.202727272727272521e+02,5.779542499417270562e+01,5.778478756493295521e+01,8.694000000000001455e+04,3.151133866076239065e+04,5.542876200050647458e+04,4.887486305804600306e-05,2.286734523487995219e+01,4.878348478866458748e+01
3.203977272727272521e+02,5.777611729355271564e+01,5.776537123814218688e+01,8.694000000000001455e+04,3.152538097510554144e+04,5.541471973494083795e+04,4.877751457144086089e-05,2.286688794263891822e+01,4.876561685505628674e+01
3.205227272727272521e+02,5.775683775642764317e+01,5.774598343188998939e+01,8.694000000000001455e+04,3.153941946804607142e+04,5.540068129068084818e+04,4.868053717643761047e-05,2.286643120118261407e+01,4.874777869921883422e+01
3.206477272727272521e+02,5.773758631374043659e+01,5.772662407581020716e+01,8.694000000000001455e+04,3.155345414113925654e+04,5.538664666617158946e+04,4.858392997064697738e-05,2.286597500953213213e+01,4.872997024006600242e+01
3.207727272727272521e+02,5.771836289662829955e+01,5.770729309973702925e+01,8.694000000000001455e+04,3.156748499593851375e+04,5.537261585986002319e+04,4.848769139620401347e-05,2.286551936671053653e+01,4.871219139681885935e+01
3.208977272727272521e+02,5.769916743642210122e+01,5.768799043370447066e+01,8.694000000000001455e+04,3.158151203399538645e+04,5.535858887019496615e+04,4.839181791282953782e-05,2.286506427174286316e+01,4.869444208900421245e+01
3.210227272727272521e+02,5.767999986464577944e+01,5.766871600794563335e+01,8.694000000000001455e+04,3.159553525685955901e+04,5.534456569562710501e+04,4.829631054548144675e-05,2.286460972365611610e+01,4.867672223645305962e+01
3.211477272727272521e+02,5.766086011301582914e+01,5.764946975289220177e+01,8.694000000000001455e+04,3.160955466607886774e+04,5.533054633460896002e+04,4.820116500781068680e-05,2.286415572147925701e+01,4.865903175929901892e+01
3.212727272727272521e+02,5.764174811344066995e+01,5.763025159917380336e+01,8.694000000000001455e+04,3.162357026319928991e+04,5.531653078559492133e+04,4.810638075625206511e-05,2.286370226424320506e+01,4.864137057797679375e+01
3.213977272727272521e+02,5.762266379802011329e+01,5.761106147761740459e+01,8.694000000000001455e+04,3.163758204976496563e+04,5.530251904704120534e+04,4.801195638926003539e-05,2.286324935098083344e+01,4.862373861322066659e+01
3.215227272727272521e+02,5.760360709904480103e+01,5.759189931924671413e+01,8.694000000000001455e+04,3.165159002731819055e+04,5.528851111740586930e+04,4.791788885505354756e-05,2.286279698072696220e+01,4.860613578606290730e+01
3.216477272727272521e+02,5.758457794899565840e+01,5.757276505528162147e+01,8.694000000000001455e+04,3.166559419739943041e+04,5.527450699514880398e+04,4.782417654958237563e-05,2.286234515251835475e+01,4.858856201783233075e+01
3.217727272727272521e+02,5.756557628054327580e+01,5.755365861713752906e+01,8.694000000000001455e+04,3.167959456154731743e+04,5.526050667873174098e+04,4.773082038767029189e-05,2.286189386539371426e+01,4.857101723015277628e+01
3.218977272727272521e+02,5.754660202654738299e+01,5.753457993642480517e+01,8.694000000000001455e+04,3.169359112129865753e+04,5.524651016661821632e+04,4.763781530847666090e-05,2.286144311839367305e+01,4.855350134494159420e+01
3.220227272727272521e+02,5.752765512005631621e+01,5.751552894494820123e+01,8.694000000000001455e+04,3.170758387818844494e+04,5.523251745727359230e+04,4.754516155713872649e-05,2.286099291056079963e+01,4.853601428440816790e+01
3.221477272727272521e+02,5.750873549430641418e+01,5.749650557470623369e+01,8.694000000000001455e+04,3.172157283374985491e+04,5.521852854916504293e+04,4.745285760243689310e-05,2.286054324093958456e+01,4.851855597105245721e+01
3.222727272727272521e+02,5.748984308272149235e+01,5.747750975789061556e+01,8.694000000000001455e+04,3.173555798951425459e+04,5.520454344076154666e+04,4.736090003909509960e-05,2.286009410857644042e+01,4.850112632766352050e+01
3.223977272727272521e+02,5.747097781891227442e+01,5.745854142688563115e+01,8.694000000000001455e+04,3.174953934701120306e+04,5.519056213053388637e+04,4.726928997911272745e-05,2.285964551251969112e+01,4.848372527731805803e+01
3.225227272727272521e+02,5.745213963667585233e+01,5.743960051426761027e+01,8.694000000000001455e+04,3.176351690776846590e+04,5.517658461695464939e+04,4.717802362463885402e-05,2.285919745181957907e+01,4.846635274337896249e+01
3.226477272727272521e+02,5.743332846999511787e+01,5.742068695280428159e+01,8.694000000000001455e+04,3.177749067331201149e+04,5.516261089849820564e+04,4.708709966472213182e-05,2.285874992552825091e+01,4.844900864949389074e+01
3.227727272727272521e+02,5.741454425303821552e+01,5.740180067545424691e+01,8.694000000000001455e+04,3.179146064516601837e+04,5.514864097364071495e+04,4.699651675110771976e-05,2.285830293269975755e+01,4.843169291959383571e+01
3.228977272727272521e+02,5.739578692015802375e+01,5.738294161536636295e+01,8.694000000000001455e+04,3.180542682485287878e+04,5.513467484086012701e+04,4.690627272019298744e-05,2.285785647239004348e+01,4.841440547789168392e+01
3.230227272727272521e+02,5.737705640589155109e+01,5.736410970587918001e+01,8.694000000000001455e+04,3.181938921389320603e+04,5.512071249863616686e+04,4.681636730019533843e-05,2.285741054365695391e+01,4.839714624888083705e+01
3.231477272727272521e+02,5.735835264495947428e+01,5.734530488052033093e+01,8.694000000000001455e+04,3.183334781380584172e+04,5.510675394545032759e+04,4.672679707518057057e-05,2.285696514556022052e+01,4.837991515733379799e+01
3.232727272727272521e+02,5.733967557226549161e+01,5.732652707300604078e+01,8.694000000000001455e+04,3.184730262610785576e+04,5.509279917978587764e+04,4.663756262601737035e-05,2.285652027716146151e+01,4.836271212830074973e+01
3.233977272727272521e+02,5.732102512289587537e+01,5.730777621724045190e+01,8.694000000000001455e+04,3.186125365231454998e+04,5.507884820012784621e+04,4.654866083875219829e-05,2.285607593752417444e+01,4.834553708710821951e+01
3.235227272727272521e+02,5.730240123211885361e+01,5.728905224731509094e+01,8.694000000000001455e+04,3.187520089393946546e+04,5.506490100496302330e+04,4.646009053743682671e-05,2.285563212571373271e+01,4.832838995935767912e+01
3.236477272727272521e+02,5.728380383538415543e+01,5.727035509750834308e+01,8.694000000000001455e+04,3.188914435249439339e+04,5.505095759277994512e+04,4.637184993505627517e-05,2.285518884079738200e+01,4.831127067092417349e+01
3.237727272727272521e+02,5.726523286832236437e+01,5.725168470228478412e+01,8.694000000000001455e+04,3.190308402948936782e+04,5.503701796206890867e+04,4.628393756789250801e-05,2.285474608184424028e+01,4.829417914795494937e+01
3.238977272727272521e+02,5.724668826674449207e+01,5.723321079058960237e+01,8.694000000000001455e+04,3.191701992643268022e+04,5.502308211132194992e+04,4.619635152103285236e-05,2.285430384792528002e+01,4.827711531686814084e+01
3.240227272727272521e+02,5.722816996664136013e+01,5.721502058679705272e+01,8.694000000000001455e+04,3.193095204483087582e+04,5.500915003903284378e+04,4.610909234159521475e-05,2.285386213811334244e+01,4.826007910435140502e+01
3.241477272727272521e+02,5.720967790418312404e+01,5.719685560013105885e+01,8.694000000000001455e+04,3.194488038618876817e+04,5.499522174369710410e+04,4.602215567217626813e-05,2.285342095148311969e+01,4.824307043736059342e+01
3.242727272727272521e+02,5.719130253922981666e+01,5.717871577043261766e+01,8.694000000000001455e+04,3.195880495200943551e+04,5.498129722381197644e+04,4.593554147014344835e-05,2.285298028711115137e+01,4.822608924311842316e+01
3.243977272727272521e+02,5.717330075487236485e+01,5.716060103770610823e+01,8.694000000000001455e+04,3.197272574379423168e+04,5.496737647787643073e+04,4.584924748485263990e-05,2.285254014407582446e+01,4.820913544911316251e+01
3.245227272727272521e+02,5.715532364560554157e+01,5.714251134211902183e+01,8.694000000000001455e+04,3.198664276304278610e+04,5.495345950439115404e+04,4.576327356176079775e-05,2.285210052145736981e+01,4.819220898309732348e+01
3.246477272727272521e+02,5.713737115299948499e+01,5.712444662400140771e+01,8.694000000000001455e+04,3.200055601125300745e+04,5.493954630185855058e+04,4.567761732410247077e-05,2.285166141833785858e+01,4.817530977308636153e+01
3.247727272727272521e+02,5.711944321878117137e+01,5.710640682384541122e+01,8.694000000000001455e+04,3.201446548992109092e+04,5.492563686878274166e+04,4.559227726552705917e-05,2.285122283380118802e+01,4.815843774735737526e+01
3.248977272727272521e+02,5.710153978483401005e+01,5.708839188230485462e+01,8.694000000000001455e+04,3.202837120054152911e+04,5.491173120366955845e+04,4.550725148710910162e-05,2.285078476693308858e+01,4.814159283444783455e+01
3.250227272727272521e+02,5.708366079319743847e+01,5.707040174019483203e+01,8.694000000000001455e+04,3.204227314460710113e+04,5.489782930502652016e+04,4.542253823736075447e-05,2.285034721682111325e+01,4.812477496315428738e+01
3.251477272727272521e+02,5.706580618606644606e+01,5.705243633849114815e+01,8.694000000000001455e+04,3.205617132360889445e+04,5.488393117136286310e+04,4.533813697804589538e-05,2.284991018255463757e+01,4.810798406253111636e+01
3.252727272727272521e+02,5.704797590579123323e+01,5.703449561832997716e+01,8.694000000000001455e+04,3.207006573903629396e+04,5.487003680118951161e+04,4.525404733080051756e-05,2.284947366322485252e+01,4.809122006188924559e+01
3.253977272727272521e+02,5.703016989487677080e+01,5.701657952100742222e+01,8.694000000000001455e+04,3.208395639237700016e+04,5.485614619301907078e+04,4.517026644279553693e-05,2.284903765792476449e+01,4.807448289079491133e+01
3.255227272727272521e+02,5.701238809598236656e+01,5.699868798797897540e+01,8.694000000000001455e+04,3.209784328511702188e+04,5.484225934536584100e+04,4.508679138481852533e-05,2.284860216574918113e+01,4.805777247906840444e+01
3.256477272727272521e+02,5.699463045192123190e+01,5.698082096085916248e+01,8.694000000000001455e+04,3.211172641874068722e+04,5.482837625674580340e+04,4.500362400072788205e-05,2.284816718579471839e+01,4.804108875678284107e+01
3.257727272727272521e+02,5.697689690566010512e+01,5.696297838142106684e+01,8.694000000000001455e+04,3.212560579473064718e+04,5.481449692567660531e+04,4.492076046425097502e-05,2.284773271715978638e+01,4.802443165426293348e+01
3.258977272727272521e+02,5.695918740031885363e+01,5.694516019159590314e+01,8.694000000000001455e+04,3.213948141456788289e+04,5.480062135067756753e+04,4.483820032774588071e-05,2.284729875894459994e+01,4.800780110208375362e+01
3.260227272727272521e+02,5.694150187916996231e+01,5.692736633347254838e+01,8.694000000000001455e+04,3.215335327973170206e+04,5.478674953026969160e+04,4.475594169228713781e-05,2.284686531025115386e+01,4.799119703106951818e+01
3.261477272727272521e+02,5.692384028563824927e+01,5.690959674929713685e+01,8.694000000000001455e+04,3.216722139169975344e+04,5.477288146297562344e+04,4.467398334639938184e-05,2.284643237018323703e+01,4.797461937229240192e+01
3.262727272727272521e+02,5.690620256330036852e+01,5.689185138147261256e+01,8.694000000000001455e+04,3.218108575194802324e+04,5.475901714731968241e+04,4.459232504316901213e-05,2.284599993784642180e+01,4.795806805707132270e+01
3.263977272727272521e+02,5.688858865588441915e+01,5.687413017255828152e+01,8.694000000000001455e+04,3.219494636195083876e+04,5.474515658182782499e+04,4.451096284441291573e-05,2.284556801234805334e+01,4.794154301697074061e+01
3.265227272727272521e+02,5.687099850726956873e+01,5.685643306526939966e+01,8.694000000000001455e+04,3.220880322318088292e+04,5.473129976502767386e+04,4.442989781594519627e-05,2.284513659279725672e+01,4.792504418379949271e+01
3.266477272727272521e+02,5.685343206148557726e+01,5.683876000247671811e+01,8.694000000000001455e+04,3.222265633710919064e+04,5.471744669544849603e+04,4.434912678163982491e-05,2.284470567830492271e+01,4.790857148960958511e+01
3.267727272727272521e+02,5.683588926271247743e+01,5.682111092720604262e+01,8.694000000000001455e+04,3.223650570520514884e+04,5.470359737162118836e+04,4.426864918549711092e-05,2.284427526798371133e+01,4.789212486669505608e+01
3.268977272727272521e+02,5.681837005528007012e+01,5.680348578263784276e+01,8.694000000000001455e+04,3.225035132893651462e+04,5.468975179207828478e+04,4.418846328135828117e-05,2.284384536094804119e+01,4.787570424759078946e+01
3.270227272727272521e+02,5.680087438366759045e+01,5.678588451210675458e+01,8.694000000000001455e+04,3.226419320976940435e+04,5.467590995535396360e+04,4.410856992542733224e-05,2.284341595631409660e+01,4.785930956507135647e+01
3.271477272727272521e+02,5.678340219250328857e+01,5.676830705910121111e+01,8.694000000000001455e+04,3.227803134916831186e+04,5.466207185998401837e+04,4.402896386856980371e-05,2.284298705319980627e+01,4.784294075214987174e+01
3.272727272727272521e+02,5.676595342656398202e+01,5.675075336726297337e+01,8.694000000000001455e+04,3.229186574859609755e+04,5.464823750450587977e+04,4.394964714116156301e-05,2.284255865072485392e+01,4.782659774207684933e+01
3.273977272727272521e+02,5.674852803077471464e+01,5.673322338038674673e+01,8.694000000000001455e+04,3.230569640951401016e+04,5.463440688745858643e+04,4.387061696853322701e-05,2.284213074801067123e+01,4.781028046833908007e+01
3.275227272727272521e+02,5.673112595020833737e+01,5.671589244003140351e+01,8.694000000000001455e+04,3.231952333338167227e+04,5.462058000738279225e+04,4.379187212144586283e-05,2.284170334418042714e+01,4.779398886465846630e+01
3.276477272727272521e+02,5.671374713008505353e+01,5.669871020409586038e+01,8.694000000000001455e+04,3.233334652165710213e+04,5.460675686282077368e+04,4.371341028885922242e-05,2.284127643835902788e+01,4.777772286499093468e+01
3.277727272727272521e+02,5.669639151577207059e+01,5.668155058554135906e+01,8.694000000000001455e+04,3.234716597579670633e+04,5.459293745231640060e+04,4.363523286521342470e-05,2.284085002967311695e+01,4.776148240352530649e+01
3.278977272727272521e+02,5.667905905278318102e+01,5.666441353180992024e+01,8.694000000000001455e+04,3.236098169725529078e+04,5.457912177441515087e+04,4.355733584304743999e-05,2.284042411725106447e+01,4.774526741468218205e+01
3.280227272727272521e+02,5.666174968677840695e+01,5.664729899048198547e+01,8.694000000000001455e+04,3.237479368748605339e+04,5.456530982766410307e+04,4.347971892393331927e-05,2.283999870022296719e+01,4.772907783311283936e+01
3.281477272727272521e+02,5.664446336356350997e+01,5.663020690927608314e+01,8.694000000000001455e+04,3.238860194794060590e+04,5.455150161061192921e+04,4.340238172950705575e-05,2.283957377772064490e+01,4.771291359369816121e+01
3.282727272727272521e+02,5.662720002908966421e+01,5.661313723604841641e+01,8.694000000000001455e+04,3.240240648006896299e+04,5.453769712180889474e+04,4.332532092732321871e-05,2.283914934887763337e+01,4.769677463154750541e+01
3.283977272727272521e+02,5.660995962945305138e+01,5.659608991879260742e+01,8.694000000000001455e+04,3.241620728531955319e+04,5.452389635980684398e+04,4.324853737180944790e-05,2.283872541282918434e+01,4.768066088199766739e+01
3.285227272727272521e+02,5.659274211089447704e+01,5.657906490563925672e+01,8.694000000000001455e+04,3.243000436513921886e+04,5.451009932315920742e+04,4.317202933457053859e-05,2.283830196871225482e+01,4.766457228061177176e+01
3.286477272727272521e+02,5.657554741979890167e+01,5.656206214485560935e+01,8.694000000000001455e+04,3.244379772097323075e+04,5.449630601042099443e+04,4.309579420969100738e-05,2.283787901566551071e+01,4.764850876317820649e+01
3.287727272727272521e+02,5.655837550269513514e+01,5.654508158484520663e+01,8.694000000000001455e+04,3.245758735426527710e+04,5.448251642014877871e+04,4.301983131504982794e-05,2.283745655282931963e+01,4.763247026570957132e+01
3.288977272727272521e+02,5.654122630625541035e+01,5.652812317414750964e+01,8.694000000000001455e+04,3.247137326645747817e+04,5.446873055090072012e+04,4.294413988681355931e-05,2.283703457934574388e+01,4.761645672444159771e+01
3.290227272727272521e+02,5.652409977729495694e+01,5.651118686143757941e+01,8.694000000000001455e+04,3.248515545899038625e+04,5.445494840123652830e+04,4.286871871350683705e-05,2.283661309435854392e+01,4.760046807583213990e+01
3.291477272727272521e+02,5.650699586277166730e+01,5.649427259552567193e+01,8.694000000000001455e+04,3.249893393330299295e+04,5.444116996971748449e+04,4.279356488900987188e-05,2.283619209701316777e+01,4.758450425656009486e+01
3.292727272727272521e+02,5.648991450978569873e+01,5.647742926170812439e+01,8.694000000000001455e+04,3.251270869083272555e+04,5.442739525490643427e+04,4.271868100502729249e-05,2.283577158645675098e+01,4.756856520352436490e+01
3.293977272727272521e+02,5.647285566557901149e+01,5.646084599936016701e+01,8.694000000000001455e+04,3.252647973301546517e+04,5.441362425536775845e+04,4.264406207177273700e-05,2.283535156183811310e+01,4.755265085384283452e+01
3.295227272727272521e+02,5.645581927753505624e+01,5.644428375410264209e+01,8.694000000000001455e+04,3.254024706128553225e+04,5.439985696966740215e+04,4.256970868254938978e-05,2.283493202230774344e+01,4.753676114485135429e+01
3.296477272727272521e+02,5.643880529317838324e+01,5.642774247816013400e+01,8.694000000000001455e+04,3.255401067707570837e+04,5.438609339637284575e+04,4.249561919955624489e-05,2.283451296701781530e+01,4.752089601410271058e+01
3.297727272727272521e+02,5.642181366017421595e+01,5.641122212387912072e+01,8.694000000000001455e+04,3.256777058181722532e+04,5.437233353405311937e+04,4.242179247349042726e-05,2.283409439512216821e+01,4.750505539936560240e+01
3.298977272727272521e+02,5.640484432632809586e+01,5.639472264372771804e+01,8.694000000000001455e+04,3.258152677693978330e+04,5.435857738127878838e+04,4.234822648285785363e-05,2.283367630577631147e+01,4.748923923862364660e+01
3.300227272727272521e+02,5.638789723958549160e+01,5.637824399029535982e+01,8.694000000000001455e+04,3.259527926387154002e+04,5.434482493662195338e+04,4.227492251374087573e-05,2.283325869813740994e+01,4.747344747007437604e+01
3.301477272727272521e+02,5.637097234803137979e+01,5.636178611629252089e+01,8.694000000000001455e+04,3.260902804403912523e+04,5.433107619865624292e+04,4.220187545911358029e-05,2.283284157136429471e+01,4.745768003212824482e+01
3.302727272727272521e+02,5.635406959988991105e+01,5.634534897455042568e+01,8.694000000000001455e+04,3.262277311886764073e+04,5.431733116595681349e+04,4.212908799061665377e-05,2.283242492461744888e+01,4.744193686340761928e+01
3.303977272727272521e+02,5.633718894352402629e+01,5.632893251802077828e+01,8.694000000000001455e+04,3.263651448978066765e+04,5.430358983710034227e+04,4.205655628730653461e-05,2.283200875705901112e+01,4.742621790274581883e+01
3.305227272727272521e+02,5.632033032743503043e+01,5.631253669977537868e+01,8.694000000000001455e+04,3.265025215820026278e+04,5.428985221066502709e+04,4.198427999746456862e-05,2.283159306785276144e+01,4.741052308918611402e+01
3.306477272727272521e+02,5.630349370026222289e+01,5.629616147300599494e+01,8.694000000000001455e+04,3.266398612554696956e+04,5.427611828523057920e+04,4.191225902516748647e-05,2.283117785616412476e+01,4.739485236198078866e+01
3.307727272727272521e+02,5.628667901078257785e+01,5.627980679102390837e+01,8.694000000000001455e+04,3.267771639323981799e+04,5.426238805937822326e+04,4.184049101496611911e-05,2.283076312116016737e+01,4.737920566059012373e+01
3.308977272727272521e+02,5.626988620791028950e+01,5.626347260725971466e+01,8.694000000000001455e+04,3.269144296269633560e+04,5.424866153169068275e+04,4.176897562047088286e-05,2.283034886200959335e+01,4.736358292468148790e+01
3.310227272727272521e+02,5.625311524069645230e+01,5.624715887526302538e+01,8.694000000000001455e+04,3.270516583533253652e+04,5.423493870075219456e+04,4.169771086814932914e-05,2.282993507788273746e+01,4.734798409412834275e+01
3.311477272727272521e+02,5.623636605832862045e+01,5.623086554870214826e+01,8.694000000000001455e+04,3.271888501256294330e+04,5.422121956514847989e+04,4.162669504914617846e-05,2.282952176795156518e+01,4.733240910900930487e+01
3.312727272727272521e+02,5.621963861013049524e+01,5.621459258136382431e+01,8.694000000000001455e+04,3.273260049580057603e+04,5.420750412346677331e+04,4.155592820254128128e-05,2.282910893138966557e+01,4.731685790960720794e+01
3.313977272727272521e+02,5.620293284556152713e+01,5.619833992715292936e+01,8.694000000000001455e+04,3.274631228645696319e+04,5.419379237429579371e+04,4.148540992687799189e-05,2.282869656737224417e+01,4.730133043640816481e+01
3.315227272727272521e+02,5.618624871421649658e+01,5.618210754009216856e+01,8.694000000000001455e+04,3.276002038594214901e+04,5.418008431622574426e+04,4.141513736577451255e-05,2.282828467507613368e+01,4.728582663010062248e+01
3.316477272727272521e+02,5.616958616582523689e+01,5.616589537432184898e+01,8.694000000000001455e+04,3.277372479566468246e+04,5.416637994784831972e+04,4.134510994902029779e-05,2.282787325367977260e+01,4.727034643157444549e+01
3.317727272727272521e+02,5.615294515025217237e+01,5.614970338409951722e+01,8.694000000000001455e+04,3.278742551703163917e+04,5.415267926775669184e+04,4.127532688258384042e-05,2.282746230236321239e+01,4.725488978191997091e+01
3.318977272727272521e+02,5.613632561749597727e+01,5.613353152379970368e+01,8.694000000000001455e+04,3.280112255144861410e+04,5.413898227454550215e+04,4.120578821442677508e-05,2.282705182030810676e+01,4.723945662242713439e+01
3.320227272727272521e+02,5.611972751768923473e+01,5.611737974791365247e+01,8.694000000000001455e+04,3.281481590031972883e+04,5.412528896681087645e+04,4.113649035453192937e-05,2.282664180669772236e+01,4.722404689458451088e+01
3.321477272727272521e+02,5.610370945682189614e+01,5.610124801104901593e+01,8.694000000000001455e+04,3.282850556504763517e+04,5.411159934315040300e+04,4.106743298315507218e-05,2.282623226071691391e+01,4.720866054007843360e+01
3.322727272727272521e+02,5.608786450268942048e+01,5.608513626792958462e+01,8.694000000000001455e+04,3.284219154703350796e+04,5.409791340216313984e+04,4.099861600970200470e-05,2.282582318155213841e+01,4.719329750079210584e+01
3.323977272727272521e+02,5.607203869001769903e+01,5.606904447339494624e+01,8.694000000000001455e+04,3.285587384767707408e+04,5.408423114244960743e+04,4.093003815519580257e-05,2.282541456839144089e+01,4.717795771880467015e+01
3.325227272727272521e+02,5.605623197635301835e+01,5.605297258240030089e+01,8.694000000000001455e+04,3.286955246837659797e+04,5.407055256261178147e+04,4.086169773920289572e-05,2.282500642042445449e+01,4.716264113639033440e+01
3.326477272727272521e+02,5.604044431934682535e+01,5.603692055001609162e+01,8.694000000000001455e+04,3.288322741052887432e+04,5.405687766125310009e+04,4.079359491804268600e-05,2.282459873684240037e+01,4.714744116191794632e+01
3.327727272727272521e+02,5.602467567675552829e+01,5.602088833142774149e+01,8.694000000000001455e+04,3.289689867552926444e+04,5.404320643697843479e+04,4.072572560254172913e-05,2.282419151683807712e+01,4.713230203839726329e+01
3.328977272727272521e+02,5.600892600644024100e+01,5.600487588193539779e+01,8.694000000000001455e+04,3.291056626477166719e+04,5.402953888839412684e+04,4.065809192255187554e-05,2.282378475960586073e+01,4.711718585831474115e+01
3.330227272727272521e+02,5.599319526636656974e+01,5.598888315695361939e+01,8.694000000000001455e+04,3.292423017964854080e+04,5.401587501410794357e+04,4.059069275186288905e-05,2.282337846434170103e+01,4.710209256394583832e+01
3.331477272727272521e+02,5.597748341460437160e+01,5.597291011201109256e+01,8.694000000000001455e+04,3.293789042155090283e+04,5.400221481272910751e+04,4.052352309891205095e-05,2.282297263024312173e+01,4.708702209776332381e+01
3.332727272727272521e+02,5.596179040932752002e+01,5.595695670275038935e+01,8.694000000000001455e+04,3.295154699186833022e+04,5.398855828286826727e+04,4.045658732465540197e-05,2.282256725650920615e+01,4.707197440243634645e+01
3.382727272727272521e+02,5.536205768323915066e+01,5.535580564636208578e+01,8.694000000000001455e+04,3.349217744566241163e+04,5.344792782907505898e+04,8.752749636187218130e-10,2.280703988787520231e+01,4.650318462275173914e+01
3.432727272727272521e+02,5.479945696351965978e+01,5.479436786011894611e+01,8.694000000000001455e+04,3.402709334661118191e+04,5.291301192812707450e+04,7.904645826783962548e-10,2.279215680848157177e+01,4.596470837269524168e+01
3.482727272727272521e+02,5.427444444263920076e+01,5.426778238304858348e+01,8.694000000000001455e+04,3.455637492563057458e+04,5.238373034910832939e+04,6.493792170658707619e-10,2.277787729626270519e+01,4.545398220414239177e+01
3.500000000000000000e+02,5.409956446771424510e+01,5.409254145555214421e+01,8.694000000000001455e+04,3.473851424848853640e+04,5.220159102625036758e+04,1.705302565824240446e-12,2.277301493213462180e+01,4.528077555014614575e+01
