ELMER SOLVER (v 9.0) STARTED AT: 2026/09/08 08:54:22
ParCommInit: Initialize #PEs: 1
MAIN: 
MAIN: =============================================================
MAIN: ElmerSolver finite element software, Welcome!
MAIN: This program is free software licensed under (L)GPL
MAIN: Copyright 1st April 1995 - , CSC - IT Center for Science Ltd.
MAIN: Webpage http://www.csc.fi/elmer, Email elmeradm@csc.fi
MAIN: Version: 9.0 (Rev: Release, Compiled: 2026-01-20)
MAIN:  Running one task without MPI parallelization.
MAIN:  Running with just one thread per task.
MAIN:  Lua interpreter linked in.
MAIN: =============================================================
MAIN: 
MAIN: 
MAIN: -------------------------------------
MAIN: Reading Model: case.sif
LoadInputFile: Scanning input file: case.sif
LoadInputFile: Scanning only size info
LoadInputFile: First time visiting
LoadInputFile: Reading base load of sif file
LoadInputFile: Loading input file: case.sif
LoadInputFile: Reading base load of sif file
Loading user function library: [ReferenceCallbacks]...[DormantCondition]
Loading user function library: [ReferenceCallbacks]...[BirthSource]
Loading user function library: [ReferenceCallbacks]...[SurfaceFlux]
Loading user function library: [ReferenceCallbacks]...[ReferenceDensity]
Loading user function library: [ReferenceCallbacks]...[SecantCapacity]
Loading user function library: [ReferenceCallbacks]...[ReferenceConductivity]
Loading user function library: [ReferenceCallbacks]...[ReferenceDensity]
Loading user function library: [ReferenceCallbacks]...[SecantCapacity]
Loading user function library: [ReferenceCallbacks]...[ReferenceConductivity]
Loading user function library: [ReferenceCallbacks]...[ReferenceDensity]
Loading user function library: [ReferenceCallbacks]...[SecantCapacity]
Loading user function library: [ReferenceCallbacks]...[ReferenceConductivity]
LoadInputFile: Number of BCs: 1
LoadInputFile: Number of Body Forces: 1
LoadInputFile: Number of Initial Conditions: 1
LoadInputFile: Number of Materials: 3
LoadInputFile: Number of Equations: 1
LoadInputFile: Number of Solvers: 3
LoadInputFile: Number of Bodies: 3
MAIN: 
MAIN: -------------------------------------
MAIN: Time: 1/600:   1.000E-01
MAIN: -------------------------------------
MAIN: 
ComputeChange: NS (ITER=1) (NRM,RELC): (  150.20941      2.0000000     ) :: heat equation
ComputeChange: NS (ITER=2) (NRM,RELC): (  150.11324     0.64045475E-03 ) :: heat equation
ComputeChange: NS (ITER=3) (NRM,RELC): (  150.11604     0.18625648E-04 ) :: heat equation
ComputeChange: NS (ITER=4) (NRM,RELC): (  150.11594     0.62514887E-06 ) :: heat equation
ComputeChange: NS (ITER=5) (NRM,RELC): (  150.11595     0.23039705E-07 ) :: heat equation
ComputeChange: NS (ITER=6) (NRM,RELC): (  150.11595     0.74342839E-09 ) :: heat equation
REF time=   0.100 max=   609.379 energy residual= -1.5868E-01
MAIN: 
MAIN: -------------------------------------
MAIN: Time: 2/600:   2.000E-01
MAIN: Estimated time left: 19.2 minutes
MAIN: -------------------------------------
MAIN: 
ComputeChange: NS (ITER=1) (NRM,RELC): (  152.71364     0.17156146E-01 ) :: heat equation
ComputeChange: NS (ITER=2) (NRM,RELC): (  152.66853     0.29547109E-03 ) :: heat equation
ComputeChange: NS (ITER=3) (NRM,RELC): (  152.66954     0.66341812E-05 ) :: heat equation
ComputeChange: NS (ITER=4) (NRM,RELC): (  152.66951     0.18171893E-06 ) :: heat equation
ComputeChange: NS (ITER=5) (NRM,RELC): (  152.66951     0.54563555E-08 ) :: heat equation
REF time=   0.200 max=   865.922 energy residual= -3.5080E-01
MAIN: 
MAIN: -------------------------------------
MAIN: Time: 3/600:   3.000E-01
MAIN: Estimated time left: 14.8 minutes
MAIN: -------------------------------------
MAIN: 
ComputeChange: NS (ITER=1) (NRM,RELC): (  154.72143     0.13350517E-01 ) :: heat equation
ComputeChange: NS (ITER=2) (NRM,RELC): (  154.69872     0.14674033E-03 ) :: heat equation
ComputeChange: NS (ITER=3) (NRM,RELC): (  154.69899     0.16957813E-05 ) :: heat equation
ComputeChange: NS (ITER=4) (NRM,RELC): (  154.69898     0.24474385E-07 ) :: heat equation
ComputeChange: NS (ITER=5) (NRM,RELC): (  154.69898     0.25792862E-09 ) :: heat equation
REF time=   0.300 max=   993.086 energy residual= -5.1410E-01
MAIN: 
MAIN: -------------------------------------
MAIN: Time: 4/600:   4.000E-01
MAIN: Estimated time left: 15.5 minutes
MAIN: -------------------------------------
MAIN: 
ComputeChange: NS (ITER=1) (NRM,RELC): (  156.42525     0.11096961E-01 ) :: heat equation
ComputeChange: NS (ITER=2) (NRM,RELC): (  156.41281     0.79491112E-04 ) :: heat equation
ComputeChange: NS (ITER=3) (NRM,RELC): (  156.41295     0.86278377E-06 ) :: heat equation
ComputeChange: NS (ITER=4) (NRM,RELC): (  156.41295     0.79805838E-08 ) :: heat equation
MAIN: 
MAIN: -------------------------------------
MAIN: Time: 5/600:   5.000E-01
MAIN: Estimated time left: 12.4 minutes
MAIN: -------------------------------------
MAIN: 
ComputeChange: NS (ITER=1) (NRM,RELC): (  157.92502     0.96206855E-02 ) :: heat equation
ComputeChange: NS (ITER=2) (NRM,RELC): (  157.91506     0.63087357E-04 ) :: heat equation
ComputeChange: NS (ITER=3) (NRM,RELC): (  157.91515     0.54846415E-06 ) :: heat equation
ComputeChange: NS (ITER=4) (NRM,RELC): (  157.91514     0.49852432E-08 ) :: heat equation
MAIN: 
MAIN: -------------------------------------
MAIN: Time: 6/600:   6.000E-01
MAIN: Estimated time left: 12.2 minutes
MAIN: -------------------------------------
MAIN: 
ComputeChange: NS (ITER=1) (NRM,RELC): (  159.27505     0.85747252E-02 ) :: heat equation
ComputeChange: NS (ITER=2) (NRM,RELC): (  159.26711     0.49892244E-04 ) :: heat equation
ComputeChange: NS (ITER=3) (NRM,RELC): (  159.26717     0.36548591E-06 ) :: heat equation
ComputeChange: NS (ITER=4) (NRM,RELC): (  159.26717     0.26279988E-08 ) :: heat equation
MAIN: 
MAIN: -------------------------------------
MAIN: Time: 7/600:   7.000E-01
MAIN: Estimated time left: 12.0 minutes
MAIN: -------------------------------------
MAIN: 
ComputeChange: NS (ITER=1) (NRM,RELC): (  160.51310     0.77924404E-02 ) :: heat equation
ComputeChange: NS (ITER=2) (NRM,RELC): (  160.50694     0.38379950E-04 ) :: heat equation
ComputeChange: NS (ITER=3) (NRM,RELC): (  160.50697     0.21760213E-06 ) :: heat equation
ComputeChange: NS (ITER=4) (NRM,RELC): (  160.50697     0.12076244E-08 ) :: heat equation
MAIN: 
MAIN: -------------------------------------
MAIN: Time: 8/600:   8.000E-01
MAIN: Estimated time left: 11.6 minutes
MAIN: -------------------------------------
MAIN: 
ComputeChange: NS (ITER=1) (NRM,RELC): (  161.66321     0.71777849E-02 ) :: heat equation
ComputeChange: NS (ITER=2) (NRM,RELC): (  161.65864     0.28255201E-04 ) :: heat equation
ComputeChange: NS (ITER=3) (NRM,RELC): (  161.65866     0.14314944E-06 ) :: heat equation
ComputeChange: NS (ITER=4) (NRM,RELC): (  161.65866     0.65653144E-09 ) :: heat equation
MAIN: 
MAIN: -------------------------------------
MAIN: Time: 9/600:   9.000E-01
MAIN: Estimated time left: 11.5 minutes
MAIN: -------------------------------------
MAIN: 
ComputeChange: NS (ITER=1) (NRM,RELC): (  162.74131     0.66747537E-02 ) :: heat equation
ComputeChange: NS (ITER=2) (NRM,RELC): (  162.73734     0.24382848E-04 ) :: heat equation
ComputeChange: NS (ITER=3) (NRM,RELC): (  162.73736     0.11639706E-06 ) :: heat equation
ComputeChange: NS (ITER=4) (NRM,RELC): (  162.73736     0.50201929E-09 ) :: heat equation
MAIN: 
MAIN: -------------------------------------
MAIN: Time: 10/600:   1.000E+00
MAIN: Estimated time left: 11.2 minutes
MAIN: -------------------------------------
MAIN: 
ComputeChange: NS (ITER=1) (NRM,RELC): (  163.75911     0.62588883E-02 ) :: heat equation
ComputeChange: NS (ITER=2) (NRM,RELC): (  163.75548     0.22167573E-04 ) :: heat equation
ComputeChange: NS (ITER=3) (NRM,RELC): (  163.75550     0.10693324E-06 ) :: heat equation
ComputeChange: NS (ITER=4) (NRM,RELC): (  163.75550     0.46841865E-09 ) :: heat equation
MAIN: 
MAIN: -------------------------------------
MAIN: Time: 11/600:   1.100E+00
MAIN: Estimated time left: 11.1 minutes
MAIN: -------------------------------------
MAIN: 
ComputeChange: NS (ITER=1) (NRM,RELC): (  164.72614     0.59098364E-02 ) :: heat equation
ComputeChange: NS (ITER=2) (NRM,RELC): (  164.72288     0.19775893E-04 ) :: heat equation
ComputeChange: NS (ITER=3) (NRM,RELC): (  164.72289     0.95034003E-07 ) :: heat equation
ComputeChange: NS (ITER=4) (NRM,RELC): (  164.72289     0.39951453E-09 ) :: heat equation
MAIN: 
MAIN: -------------------------------------
MAIN: Time: 12/600:   1.200E+00
MAIN: Estimated time left: 11.4 minutes
MAIN: -------------------------------------
MAIN: 
ComputeChange: NS (ITER=1) (NRM,RELC): (  165.64881     0.56052908E-02 ) :: heat equation
ComputeChange: NS (ITER=2) (NRM,RELC): (  165.64574     0.18546036E-04 ) :: heat equation
ComputeChange: NS (ITER=3) (NRM,RELC): (  165.64575     0.86694696E-07 ) :: heat equation
ComputeChange: NS (ITER=4) (NRM,RELC): (  165.64575     0.36599556E-09 ) :: heat equation
MAIN: 
MAIN: -------------------------------------
MAIN: Time: 13/600:   1.300E+00
MAIN: Estimated time left: 11.3 minutes
MAIN: -------------------------------------
MAIN: 
ComputeChange: NS (ITER=1) (NRM,RELC): (  166.53287     0.53411924E-02 ) :: heat equation
ComputeChange: NS (ITER=2) (NRM,RELC): (  166.53002     0.17062653E-04 ) :: heat equation
ComputeChange: NS (ITER=3) (NRM,RELC): (  166.53004     0.73516902E-07 ) :: heat equation
ComputeChange: NS (ITER=4) (NRM,RELC): (  166.53004     0.30170680E-09 ) :: heat equation
MAIN: 
MAIN: -------------------------------------
MAIN: Time: 14/600:   1.400E+00
MAIN: Estimated time left: 11.8 minutes
MAIN: -------------------------------------
MAIN: 
ComputeChange: NS (ITER=1) (NRM,RELC): (  167.95686     0.85314247E-02 ) :: heat equation
ComputeChange: NS (ITER=2) (NRM,RELC): (  167.94027     0.98776720E-04 ) :: heat equation
ComputeChange: NS (ITER=3) (NRM,RELC): (  167.94114     0.51678068E-05 ) :: heat equation
ComputeChange: NS (ITER=4) (NRM,RELC): (  167.94105     0.52340795E-06 ) :: heat equation
ComputeChange: NS (ITER=5) (NRM,RELC): (  167.94106     0.56545093E-07 ) :: heat equation
ComputeChange: NS (ITER=6) (NRM,RELC): (  167.94106     0.61364793E-08 ) :: heat equation
MAIN: 
MAIN: -------------------------------------
MAIN: Time: 15/600:   1.500E+00
MAIN: Estimated time left: 16.9 minutes
MAIN: -------------------------------------
MAIN: 
ComputeChange: NS (ITER=1) (NRM,RELC): (  169.31818     0.81665210E-02 ) :: heat equation
ComputeChange: NS (ITER=2) (NRM,RELC): (  169.31065     0.44432001E-04 ) :: heat equation
ComputeChange: NS (ITER=3) (NRM,RELC): (  169.31071     0.31763155E-06 ) :: heat equation
ComputeChange: NS (ITER=4) (NRM,RELC): (  169.31071     0.24756671E-08 ) :: heat equation
MAIN: 
MAIN: -------------------------------------
MAIN: Time: 16/600:   1.600E+00
MAIN: Estimated time left: 10.8 minutes
MAIN: -------------------------------------
MAIN: 
ComputeChange: NS (ITER=1) (NRM,RELC): (  170.38088     0.63008476E-02 ) :: heat equation
ComputeChange: NS (ITER=2) (NRM,RELC): (  170.37527     0.32903723E-04 ) :: heat equation
ComputeChange: NS (ITER=3) (NRM,RELC): (  170.37542     0.85046963E-06 ) :: heat equation
ComputeChange: NS (ITER=4) (NRM,RELC): (  170.37541     0.49420660E-07 ) :: heat equation
ComputeChange: NS (ITER=5) (NRM,RELC): (  170.37541     0.30712122E-08 ) :: heat equation
MAIN: 
MAIN: -------------------------------------
MAIN: Time: 17/600:   1.700E+00
MAIN: Estimated time left: 13.9 minutes
MAIN: -------------------------------------
MAIN: 
ComputeChange: NS (ITER=1) (NRM,RELC): (  171.28265     0.53108107E-02 ) :: heat equation
ComputeChange: NS (ITER=2) (NRM,RELC): (  171.27956     0.18025627E-04 ) :: heat equation
ComputeChange: NS (ITER=3) (NRM,RELC): (  171.27964     0.42019074E-06 ) :: heat equation
ComputeChange: NS (ITER=4) (NRM,RELC): (  171.27963     0.25816915E-07 ) :: heat equation
ComputeChange: NS (ITER=5) (NRM,RELC): (  171.27963     0.38316778E-08 ) :: heat equation
MAIN: 
MAIN: -------------------------------------
MAIN: Time: 18/600:   1.800E+00
MAIN: Estimated time left: 13.3 minutes
MAIN: -------------------------------------
MAIN: 
ComputeChange: NS (ITER=1) (NRM,RELC): (  172.09324     0.47389307E-02 ) :: heat equation
ComputeChange: NS (ITER=2) (NRM,RELC): (  172.09094     0.13389292E-04 ) :: heat equation
ComputeChange: NS (ITER=3) (NRM,RELC): (  172.09095     0.47484228E-07 ) :: heat equation
ComputeChange: NS (ITER=4) (NRM,RELC): (  172.09095     0.16120168E-09 ) :: heat equation
MAIN: 
MAIN: -------------------------------------
MAIN: Time: 19/600:   1.900E+00
MAIN: Estimated time left: 10.7 minutes
MAIN: -------------------------------------
MAIN: 
ComputeChange: NS (ITER=1) (NRM,RELC): (  172.84158     0.43523582E-02 ) :: heat equation
ComputeChange: NS (ITER=2) (NRM,RELC): (  172.83951     0.12000756E-04 ) :: heat equation
ComputeChange: NS (ITER=3) (NRM,RELC): (  172.83951     0.14790990E-08 ) :: heat equation
MAIN: 
MAIN: -------------------------------------
MAIN: Time: 20/600:   2.000E+00
MAIN: Estimated time left:  8.0 minutes
MAIN: -------------------------------------
MAIN: 
ComputeChange: NS (ITER=1) (NRM,RELC): (  173.54474     0.40719500E-02 ) :: heat equation
ComputeChange: NS (ITER=2) (NRM,RELC): (  173.54252     0.12784880E-04 ) :: heat equation
ComputeChange: NS (ITER=3) (NRM,RELC): (  173.54253     0.46430650E-07 ) :: heat equation
ComputeChange: NS (ITER=4) (NRM,RELC): (  173.54253     0.17299552E-09 ) :: heat equation
MAIN: 
MAIN: -------------------------------------
MAIN: Time: 21/600:   2.100E+00
MAIN: Estimated time left: 11.6 minutes
MAIN: -------------------------------------
MAIN: 
ComputeChange: NS (ITER=1) (NRM,RELC): (  174.21182     0.38492072E-02 ) :: heat equation
ComputeChange: NS (ITER=2) (NRM,RELC): (  174.20843     0.19434231E-04 ) :: heat equation
ComputeChange: NS (ITER=3) (NRM,RELC): (  174.20842     0.35892642E-07 ) :: heat equation
ComputeChange: NS (ITER=4) (NRM,RELC): (  174.20842     0.87221372E-09 ) :: heat equation
MAIN: 
MAIN: -------------------------------------
MAIN: Time: 22/600:   2.200E+00
MAIN: Estimated time left: 11.6 minutes
MAIN: -------------------------------------
MAIN: 
ComputeChange: NS (ITER=1) (NRM,RELC): (  174.84535     0.36494193E-02 ) :: heat equation
ComputeChange: NS (ITER=2) (NRM,RELC): (  174.84318     0.12382286E-04 ) :: heat equation
ComputeChange: NS (ITER=3) (NRM,RELC): (  174.84319     0.47793550E-07 ) :: heat equation
ComputeChange: NS (ITER=4) (NRM,RELC): (  174.84319     0.19218863E-09 ) :: heat equation
MAIN: 
MAIN: -------------------------------------
MAIN: Time: 23/600:   2.300E+00
MAIN: Estimated time left: 11.4 minutes
MAIN: -------------------------------------
MAIN: 
ComputeChange: NS (ITER=1) (NRM,RELC): (  175.45416     0.34883042E-02 ) :: heat equation
ComputeChange: NS (ITER=2) (NRM,RELC): (  175.45199     0.12383826E-04 ) :: heat equation
ComputeChange: NS (ITER=3) (NRM,RELC): (  175.45200     0.47999400E-07 ) :: heat equation
ComputeChange: NS (ITER=4) (NRM,RELC): (  175.45200     0.19375691E-09 ) :: heat equation
MAIN: 
MAIN: -------------------------------------
MAIN: Time: 24/600:   2.400E+00
MAIN: Estimated time left: 11.6 minutes
MAIN: -------------------------------------
MAIN: 
ComputeChange: NS (ITER=1) (NRM,RELC): (  176.04064     0.33493711E-02 ) :: heat equation
ComputeChange: NS (ITER=2) (NRM,RELC): (  176.03861     0.11511585E-04 ) :: heat equation
ComputeChange: NS (ITER=3) (NRM,RELC): (  176.03862     0.41598516E-07 ) :: heat equation
ComputeChange: NS (ITER=4) (NRM,RELC): (  176.03862     0.16178577E-09 ) :: heat equation
MAIN: 
MAIN: -------------------------------------
MAIN: Time: 25/600:   2.500E+00
MAIN: Estimated time left: 10.8 minutes
MAIN: -------------------------------------
MAIN: 
ComputeChange: NS (ITER=1) (NRM,RELC): (  176.60647     0.32205593E-02 ) :: heat equation
ComputeChange: NS (ITER=2) (NRM,RELC): (  176.60413     0.13264974E-04 ) :: heat equation
ComputeChange: NS (ITER=3) (NRM,RELC): (  176.60422     0.52512285E-06 ) :: heat equation
ComputeChange: NS (ITER=4) (NRM,RELC): (  176.60421     0.93328755E-07 ) :: heat equation
ComputeChange: NS (ITER=5) (NRM,RELC): (  176.60421     0.17366298E-07 ) :: heat equation
ComputeChange: NS (ITER=6) (NRM,RELC): (  176.60421     0.30959479E-08 ) :: heat equation
MAIN: 
MAIN: -------------------------------------
MAIN: Time: 26/600:   2.600E+00
MAIN: Estimated time left: 16.6 minutes
MAIN: -------------------------------------
MAIN: 
ComputeChange: NS (ITER=1) (NRM,RELC): (  177.15150     0.30941524E-02 ) :: heat equation
ComputeChange: NS (ITER=2) (NRM,RELC): (  177.14676     0.26735878E-04 ) :: heat equation
ComputeChange: NS (ITER=3) (NRM,RELC): (  177.14675     0.57045007E-07 ) :: heat equation
ComputeChange: NS (ITER=4) (NRM,RELC): (  177.14675     0.34161805E-09 ) :: heat equation
MAIN: 
MAIN: -------------------------------------
MAIN: Time: 27/600:   2.700E+00
MAIN: Estimated time left: 13.0 minutes
MAIN: -------------------------------------
MAIN: 
ComputeChange: NS (ITER=1) (NRM,RELC): (  178.05752     0.51281372E-02 ) :: heat equation
ComputeChange: NS (ITER=2) (NRM,RELC): (  178.05308     0.24909211E-04 ) :: heat equation
ComputeChange: NS (ITER=3) (NRM,RELC): (  178.05311     0.15816098E-06 ) :: heat equation
ComputeChange: NS (ITER=4) (NRM,RELC): (  178.05311     0.11914180E-08 ) :: heat equation
MAIN: 
MAIN: -------------------------------------
MAIN: Time: 28/600:   2.800E+00
MAIN: Estimated time left: 12.2 minutes
MAIN: -------------------------------------
MAIN: 
ComputeChange: NS (ITER=1) (NRM,RELC): (  179.13599     0.60633481E-02 ) :: heat equation
ComputeChange: NS (ITER=2) (NRM,RELC): (  179.12731     0.48468854E-04 ) :: heat equation
ComputeChange: NS (ITER=3) (NRM,RELC): (  179.12739     0.45344092E-06 ) :: heat equation
ComputeChange: NS (ITER=4) (NRM,RELC): (  179.12739     0.46559697E-08 ) :: heat equation
MAIN: 
MAIN: -------------------------------------
MAIN: Time: 29/600:   2.900E+00
MAIN: Estimated time left: 10.9 minutes
MAIN: -------------------------------------
MAIN: 
ComputeChange: NS (ITER=1) (NRM,RELC): (  179.96156     0.46460495E-02 ) :: heat equation
ComputeChange: NS (ITER=2) (NRM,RELC): (  179.95239     0.50981923E-04 ) :: heat equation
ComputeChange: NS (ITER=3) (NRM,RELC): (  179.95277     0.21053185E-05 ) :: heat equation
ComputeChange: NS (ITER=4) (NRM,RELC): (  179.95275     0.12292193E-06 ) :: heat equation
ComputeChange: NS (ITER=5) (NRM,RELC): (  179.95275     0.73308839E-08 ) :: heat equation
MAIN: 
MAIN: -------------------------------------
MAIN: Time: 30/600:   3.000E+00
MAIN: Estimated time left: 13.4 minutes
MAIN: -------------------------------------
MAIN: 
ComputeChange: NS (ITER=1) (NRM,RELC): (  180.61426     0.36692866E-02 ) :: heat equation
ComputeChange: NS (ITER=2) (NRM,RELC): (  180.61206     0.12177358E-04 ) :: heat equation
ComputeChange: NS (ITER=3) (NRM,RELC): (  180.61207     0.36923748E-07 ) :: heat equation
ComputeChange: NS (ITER=4) (NRM,RELC): (  180.61207     0.12274840E-09 ) :: heat equation
MAIN: 
MAIN: -------------------------------------
MAIN: Time: 31/600:   3.100E+00
MAIN: Estimated time left: 10.5 minutes
MAIN: -------------------------------------
MAIN: 
ComputeChange: NS (ITER=1) (NRM,RELC): (  181.18351     0.31589337E-02 ) :: heat equation
ComputeChange: NS (ITER=2) (NRM,RELC): (  181.18152     0.10983599E-04 ) :: heat equation
ComputeChange: NS (ITER=3) (NRM,RELC): (  181.18153     0.33506599E-07 ) :: heat equation
ComputeChange: NS (ITER=4) (NRM,RELC): (  181.18153     0.11564109E-09 ) :: heat equation
MAIN: 
MAIN: -------------------------------------
MAIN: Time: 32/600:   3.200E+00
MAIN: Estimated time left: 11.0 minutes
MAIN: -------------------------------------
MAIN: 
ComputeChange: NS (ITER=1) (NRM,RELC): (  181.69654     0.28385166E-02 ) :: heat equation
ComputeChange: NS (ITER=2) (NRM,RELC): (  181.69456     0.10895455E-04 ) :: heat equation
ComputeChange: NS (ITER=3) (NRM,RELC): (  181.69457     0.32901401E-07 ) :: heat equation
ComputeChange: NS (ITER=4) (NRM,RELC): (  181.69457     0.12869850E-09 ) :: heat equation
MAIN: 
MAIN: -------------------------------------
MAIN: Time: 33/600:   3.300E+00
MAIN: Estimated time left: 11.5 minutes
MAIN: -------------------------------------
MAIN: 
ComputeChange: NS (ITER=1) (NRM,RELC): (  182.17010     0.26137572E-02 ) :: heat equation
ComputeChange: NS (ITER=2) (NRM,RELC): (  182.16803     0.11351268E-04 ) :: heat equation
ComputeChange: NS (ITER=3) (NRM,RELC): (  182.16804     0.36273961E-07 ) :: heat equation
ComputeChange: NS (ITER=4) (NRM,RELC): (  182.16804     0.15977098E-09 ) :: heat equation
MAIN: 
MAIN: -------------------------------------
MAIN: Time: 34/600:   3.400E+00
MAIN: Estimated time left: 11.9 minutes
MAIN: -------------------------------------
MAIN: 
ComputeChange: NS (ITER=1) (NRM,RELC): (  182.61479     0.24494218E-02 ) :: heat equation
ComputeChange: NS (ITER=2) (NRM,RELC): (  182.61262     0.11872809E-04 ) :: heat equation
ComputeChange: NS (ITER=3) (NRM,RELC): (  182.61263     0.37902558E-07 ) :: heat equation
ComputeChange: NS (ITER=4) (NRM,RELC): (  182.61263     0.17673423E-09 ) :: heat equation
MAIN: 
MAIN: -------------------------------------
MAIN: Time: 35/600:   3.500E+00
MAIN: Estimated time left: 11.5 minutes
MAIN: -------------------------------------
MAIN: 
ComputeChange: NS (ITER=1) (NRM,RELC): (  183.03840     0.23288407E-02 ) :: heat equation
ComputeChange: NS (ITER=2) (NRM,RELC): (  183.03161     0.37087197E-04 ) :: heat equation
ComputeChange: NS (ITER=3) (NRM,RELC): (  183.03161     0.28679167E-09 ) :: heat equation
MAIN: 
MAIN: -------------------------------------
MAIN: Time: 36/600:   3.600E+00
MAIN: Estimated time left:  9.4 minutes
MAIN: -------------------------------------
MAIN: 
ComputeChange: NS (ITER=1) (NRM,RELC): (  183.43804     0.22180896E-02 ) :: heat equation
ComputeChange: NS (ITER=2) (NRM,RELC): (  183.43599     0.11202990E-04 ) :: heat equation
ComputeChange: NS (ITER=3) (NRM,RELC): (  183.43599     0.33215975E-07 ) :: heat equation
ComputeChange: NS (ITER=4) (NRM,RELC): (  183.43599     0.15008428E-09 ) :: heat equation
MAIN: 
MAIN: -------------------------------------
MAIN: Time: 37/600:   3.700E+00
MAIN: Estimated time left: 12.0 minutes
MAIN: -------------------------------------
MAIN: 
ComputeChange: NS (ITER=1) (NRM,RELC): (  183.82860     0.21379953E-02 ) :: heat equation
ComputeChange: NS (ITER=2) (NRM,RELC): (  183.82515     0.18760956E-04 ) :: heat equation
ComputeChange: NS (ITER=3) (NRM,RELC): (  183.82528     0.70106821E-06 ) :: heat equation
ComputeChange: NS (ITER=4) (NRM,RELC): (  183.82527     0.59605811E-07 ) :: heat equation
ComputeChange: NS (ITER=5) (NRM,RELC): (  183.82527     0.51919414E-08 ) :: heat equation
MAIN: 
MAIN: -------------------------------------
MAIN: Time: 38/600:   3.800E+00
MAIN: Estimated time left: 14.8 minutes
MAIN: -------------------------------------
MAIN: 
ComputeChange: NS (ITER=1) (NRM,RELC): (  184.20513     0.20642771E-02 ) :: heat equation
ComputeChange: NS (ITER=2) (NRM,RELC): (  184.20347     0.89893123E-05 ) :: heat equation
ComputeChange: NS (ITER=3) (NRM,RELC): (  184.20347     0.17816547E-07 ) :: heat equation
ComputeChange: NS (ITER=4) (NRM,RELC): (  184.20347     0.29744872E-10 ) :: heat equation
MAIN: 
MAIN: -------------------------------------
MAIN: Time: 39/600:   3.900E+00
MAIN: Estimated time left: 13.1 minutes
MAIN: -------------------------------------
MAIN: 
ComputeChange: NS (ITER=1) (NRM,RELC): (  184.57352     0.20068706E-02 ) :: heat equation
ComputeChange: NS (ITER=2) (NRM,RELC): (  184.57202     0.81307349E-05 ) :: heat equation
ComputeChange: NS (ITER=3) (NRM,RELC): (  184.57202     0.15404428E-07 ) :: heat equation
ComputeChange: NS (ITER=4) (NRM,RELC): (  184.57202     0.30257079E-10 ) :: heat equation
MAIN: 
MAIN: -------------------------------------
MAIN: Time: 40/600:   4.000E+00
MAIN: Estimated time left: 12.6 minutes
MAIN: -------------------------------------
MAIN: 
ComputeChange: NS (ITER=1) (NRM,RELC): (  184.93298     0.19537537E-02 ) :: heat equation
ComputeChange: NS (ITER=2) (NRM,RELC): (  184.93151     0.79720450E-05 ) :: heat equation
ComputeChange: NS (ITER=3) (NRM,RELC): (  184.93151     0.14994055E-07 ) :: heat equation
ComputeChange: NS (ITER=4) (NRM,RELC): (  184.93151     0.31651226E-10 ) :: heat equation
MAIN: 
MAIN: -------------------------------------
MAIN: Time: 41/600:   4.100E+00
MAIN: Estimated time left: 12.5 minutes
MAIN: -------------------------------------
MAIN: 
ComputeChange: NS (ITER=1) (NRM,RELC): (  186.10996     0.63521047E-02 ) :: heat equation
ComputeChange: NS (ITER=2) (NRM,RELC): (  186.08015     0.16016955E-03 ) :: heat equation
ComputeChange: NS (ITER=3) (NRM,RELC): (  186.08191     0.94765773E-05 ) :: heat equation
ComputeChange: NS (ITER=4) (NRM,RELC): (  186.08182     0.49842069E-06 ) :: heat equation
ComputeChange: NS (ITER=5) (NRM,RELC): (  186.08184     0.81013964E-07 ) :: heat equation
ComputeChange: NS (ITER=6) (NRM,RELC): (  186.08184     0.29669522E-08 ) :: heat equation
MAIN: 
MAIN: -------------------------------------
MAIN: Time: 42/600:   4.200E+00
MAIN: Estimated time left: 18.6 minutes
MAIN: -------------------------------------
MAIN: 
ComputeChange: NS (ITER=1) (NRM,RELC): (  186.85002     0.41196960E-02 ) :: heat equation
ComputeChange: NS (ITER=2) (NRM,RELC): (  186.84574     0.22891134E-04 ) :: heat equation
ComputeChange: NS (ITER=3) (NRM,RELC): (  186.84576     0.10249177E-06 ) :: heat equation
ComputeChange: NS (ITER=4) (NRM,RELC): (  186.84576     0.57652400E-09 ) :: heat equation
MAIN: 
MAIN: -------------------------------------
MAIN: Time: 43/600:   4.300E+00
MAIN: Estimated time left: 12.8 minutes
MAIN: -------------------------------------
MAIN: 
ComputeChange: NS (ITER=1) (NRM,RELC): (  187.41795     0.30576933E-02 ) :: heat equation
ComputeChange: NS (ITER=2) (NRM,RELC): (  187.41533     0.13992610E-04 ) :: heat equation
ComputeChange: NS (ITER=3) (NRM,RELC): (  187.41534     0.35753738E-07 ) :: heat equation
ComputeChange: NS (ITER=4) (NRM,RELC): (  187.41534     0.14473367E-09 ) :: heat equation
MAIN: 
MAIN: -------------------------------------
MAIN: Time: 44/600:   4.400E+00
MAIN: Estimated time left: 13.7 minutes
MAIN: -------------------------------------
MAIN: 
ComputeChange: NS (ITER=1) (NRM,RELC): (  187.88012     0.24768920E-02 ) :: heat equation
ComputeChange: NS (ITER=2) (NRM,RELC): (  187.87794     0.11603022E-04 ) :: heat equation
ComputeChange: NS (ITER=3) (NRM,RELC): (  187.87794     0.27634581E-07 ) :: heat equation
ComputeChange: NS (ITER=4) (NRM,RELC): (  187.87794     0.11968820E-09 ) :: heat equation
MAIN: 
MAIN: -------------------------------------
MAIN: Time: 45/600:   4.500E+00
MAIN: Estimated time left: 10.7 minutes
MAIN: -------------------------------------
MAIN: 
ComputeChange: NS (ITER=1) (NRM,RELC): (  188.28081     0.21419792E-02 ) :: heat equation
ComputeChange: NS (ITER=2) (NRM,RELC): (  188.27861     0.11672698E-04 ) :: heat equation
ComputeChange: NS (ITER=3) (NRM,RELC): (  188.27861     0.30884719E-07 ) :: heat equation
ComputeChange: NS (ITER=4) (NRM,RELC): (  188.27861     0.14359469E-09 ) :: heat equation
MAIN: 
MAIN: -------------------------------------
MAIN: Time: 46/600:   4.600E+00
MAIN: Estimated time left: 11.7 minutes
MAIN: -------------------------------------
MAIN: 
ComputeChange: NS (ITER=1) (NRM,RELC): (  188.64421     0.19398969E-02 ) :: heat equation
ComputeChange: NS (ITER=2) (NRM,RELC): (  188.64430     0.47713800E-06 ) :: heat equation
ComputeChange: NS (ITER=3) (NRM,RELC): (  188.64428     0.10262045E-06 ) :: heat equation
ComputeChange: NS (ITER=4) (NRM,RELC): (  188.64429     0.25234722E-07 ) :: heat equation
ComputeChange: NS (ITER=5) (NRM,RELC): (  188.64429     0.34916737E-08 ) :: heat equation
MAIN: 
MAIN: -------------------------------------
MAIN: Time: 47/600:   4.700E+00
MAIN: Estimated time left: 14.4 minutes
MAIN: -------------------------------------
MAIN: 
ComputeChange: NS (ITER=1) (NRM,RELC): (  188.98525     0.18058145E-02 ) :: heat equation
ComputeChange: NS (ITER=2) (NRM,RELC): (  188.98082     0.23433802E-04 ) :: heat equation
ComputeChange: NS (ITER=3) (NRM,RELC): (  188.98095     0.68587512E-06 ) :: heat equation
ComputeChange: NS (ITER=4) (NRM,RELC): (  188.98094     0.38010390E-07 ) :: heat equation
ComputeChange: NS (ITER=5) (NRM,RELC): (  188.98094     0.20265391E-08 ) :: heat equation
MAIN: 
MAIN: -------------------------------------
MAIN: Time: 48/600:   4.800E+00
MAIN: Estimated time left: 15.2 minutes
MAIN: -------------------------------------
MAIN: 
ComputeChange: NS (ITER=1) (NRM,RELC): (  189.30277     0.17015215E-02 ) :: heat equation
ComputeChange: NS (ITER=2) (NRM,RELC): (  189.29918     0.18979395E-04 ) :: heat equation
ComputeChange: NS (ITER=3) (NRM,RELC): (  189.29903     0.80985844E-06 ) :: heat equation
ComputeChange: NS (ITER=4) (NRM,RELC): (  189.29901     0.94651112E-07 ) :: heat equation
ComputeChange: NS (ITER=5) (NRM,RELC): (  189.29901     0.10443132E-07 ) :: heat equation
ComputeChange: NS (ITER=6) (NRM,RELC): (  189.29901     0.11358031E-08 ) :: heat equation
MAIN: 
MAIN: -------------------------------------
MAIN: Time: 49/600:   4.900E+00
MAIN: Estimated time left: 17.7 minutes
MAIN: -------------------------------------
MAIN: 
ComputeChange: NS (ITER=1) (NRM,RELC): (  189.60530     0.16167081E-02 ) :: heat equation
ComputeChange: NS (ITER=2) (NRM,RELC): (  189.60317     0.11226248E-04 ) :: heat equation
ComputeChange: NS (ITER=3) (NRM,RELC): (  189.60317     0.29325620E-07 ) :: heat equation
ComputeChange: NS (ITER=4) (NRM,RELC): (  189.60317     0.14026014E-09 ) :: heat equation
MAIN: 
MAIN: -------------------------------------
MAIN: Time: 50/600:   5.000E+00
MAIN: Estimated time left: 11.1 minutes
MAIN: -------------------------------------
MAIN: 
ComputeChange: NS (ITER=1) (NRM,RELC): (  189.90139     0.15716227E-02 ) :: heat equation
ComputeChange: NS (ITER=2) (NRM,RELC): (  189.89934     0.10827343E-04 ) :: heat equation
ComputeChange: NS (ITER=3) (NRM,RELC): (  189.89934     0.21997667E-07 ) :: heat equation
ComputeChange: NS (ITER=4) (NRM,RELC): (  189.89934     0.93169351E-10 ) :: heat equation
REF time=   5.000 max=  1441.606 energy residual= -2.3633E+00
MAIN: 
MAIN: -------------------------------------
MAIN: Time: 51/600:   5.100E+00
MAIN: Estimated time left: 12.3 minutes
MAIN: -------------------------------------
MAIN: 
ComputeChange: NS (ITER=1) (NRM,RELC): (  190.19113     0.15353734E-02 ) :: heat equation
ComputeChange: NS (ITER=2) (NRM,RELC): (  190.18366     0.39267934E-04 ) :: heat equation
ComputeChange: NS (ITER=3) (NRM,RELC): (  190.18372     0.31190784E-06 ) :: heat equation
ComputeChange: NS (ITER=4) (NRM,RELC): (  190.18371     0.62796948E-07 ) :: heat equation
ComputeChange: NS (ITER=5) (NRM,RELC): (  190.18371     0.62811368E-08 ) :: heat equation
MAIN: 
MAIN: -------------------------------------
MAIN: Time: 52/600:   5.200E+00
MAIN: Estimated time left: 13.5 minutes
MAIN: -------------------------------------
MAIN: 
ComputeChange: NS (ITER=1) (NRM,RELC): (  190.46550     0.14805433E-02 ) :: heat equation
ComputeChange: NS (ITER=2) (NRM,RELC): (  190.46393     0.82421648E-05 ) :: heat equation
ComputeChange: NS (ITER=3) (NRM,RELC): (  190.46393     0.14262737E-07 ) :: heat equation
ComputeChange: NS (ITER=4) (NRM,RELC): (  190.46393     0.53159409E-11 ) :: heat equation
MAIN: 
MAIN: -------------------------------------
MAIN: Time: 53/600:   5.300E+00
MAIN: Estimated time left: 11.8 minutes
MAIN: -------------------------------------
MAIN: 
ComputeChange: NS (ITER=1) (NRM,RELC): (  190.74243     0.14611509E-02 ) :: heat equation
ComputeChange: NS (ITER=2) (NRM,RELC): (  190.74194     0.25829914E-05 ) :: heat equation
ComputeChange: NS (ITER=3) (NRM,RELC): (  190.74200     0.32468663E-06 ) :: heat equation
ComputeChange: NS (ITER=4) (NRM,RELC): (  190.74200     0.17816914E-07 ) :: heat equation
ComputeChange: NS (ITER=5) (NRM,RELC): (  190.74200     0.10504048E-08 ) :: heat equation
MAIN: 
MAIN: -------------------------------------
MAIN: Time: 54/600:   5.400E+00
MAIN: Estimated time left: 13.2 minutes
MAIN: -------------------------------------
MAIN: 
ComputeChange: NS (ITER=1) (NRM,RELC): (  191.62904     0.46396581E-02 ) :: heat equation
ComputeChange: NS (ITER=2) (NRM,RELC): (  191.60619     0.11923514E-03 ) :: heat equation
ComputeChange: NS (ITER=3) (NRM,RELC): (  191.60644     0.13160593E-05 ) :: heat equation
ComputeChange: NS (ITER=4) (NRM,RELC): (  191.60644     0.16305177E-07 ) :: heat equation
ComputeChange: NS (ITER=5) (NRM,RELC): (  191.60644     0.19705492E-09 ) :: heat equation
MAIN: 
MAIN: -------------------------------------
MAIN: Time: 55/600:   5.500E+00
MAIN: Estimated time left: 12.7 minutes
MAIN: -------------------------------------
MAIN: 
ComputeChange: NS (ITER=1) (NRM,RELC): (  192.40507     0.41594352E-02 ) :: heat equation
ComputeChange: NS (ITER=2) (NRM,RELC): (  192.39870     0.33120375E-04 ) :: heat equation
ComputeChange: NS (ITER=3) (NRM,RELC): (  192.39874     0.21575244E-06 ) :: heat equation
ComputeChange: NS (ITER=4) (NRM,RELC): (  192.39874     0.17043548E-08 ) :: heat equation
MAIN: 
MAIN: -------------------------------------
MAIN: Time: 56/600:   5.600E+00
MAIN: Estimated time left: 11.6 minutes
MAIN: -------------------------------------
MAIN: 
ComputeChange: NS (ITER=1) (NRM,RELC): (  192.95579     0.28910822E-02 ) :: heat equation
ComputeChange: NS (ITER=2) (NRM,RELC): (  192.95280     0.15464971E-04 ) :: heat equation
ComputeChange: NS (ITER=3) (NRM,RELC): (  192.95281     0.42817905E-07 ) :: heat equation
ComputeChange: NS (ITER=4) (NRM,RELC): (  192.95281     0.18906944E-09 ) :: heat equation
MAIN: 
MAIN: -------------------------------------
MAIN: Time: 57/600:   5.700E+00
MAIN: Estimated time left: 10.8 minutes
MAIN: -------------------------------------
MAIN: 
ComputeChange: NS (ITER=1) (NRM,RELC): (  193.37876     0.22050719E-02 ) :: heat equation
ComputeChange: NS (ITER=2) (NRM,RELC): (  193.37555     0.16603752E-04 ) :: heat equation
ComputeChange: NS (ITER=3) (NRM,RELC): (  193.37568     0.68111933E-06 ) :: heat equation
ComputeChange: NS (ITER=4) (NRM,RELC): (  193.37566     0.95948555E-07 ) :: heat equation
ComputeChange: NS (ITER=5) (NRM,RELC): (  193.37566     0.13984417E-07 ) :: heat equation
ComputeChange: NS (ITER=6) (NRM,RELC): (  193.37566     0.18976028E-08 ) :: heat equation
MAIN: 
MAIN: -------------------------------------
MAIN: Time: 58/600:   5.800E+00
MAIN: Estimated time left: 18.4 minutes
MAIN: -------------------------------------
MAIN: 
ComputeChange: NS (ITER=1) (NRM,RELC): (  193.72862     0.18235880E-02 ) :: heat equation
ComputeChange: NS (ITER=2) (NRM,RELC): (  193.72631     0.11922324E-04 ) :: heat equation
ComputeChange: NS (ITER=3) (NRM,RELC): (  193.72632     0.29652110E-07 ) :: heat equation
ComputeChange: NS (ITER=4) (NRM,RELC): (  193.72632     0.14202396E-09 ) :: heat equation
MAIN: 
MAIN: -------------------------------------
MAIN: Time: 59/600:   5.900E+00
MAIN: Estimated time left: 12.4 minutes
MAIN: -------------------------------------
MAIN: 
ComputeChange: NS (ITER=1) (NRM,RELC): (  194.04282     0.16324409E-02 ) :: heat equation
ComputeChange: NS (ITER=2) (NRM,RELC): (  194.04058     0.11541235E-04 ) :: heat equation
ComputeChange: NS (ITER=3) (NRM,RELC): (  194.04059     0.31544065E-07 ) :: heat equation
ComputeChange: NS (ITER=4) (NRM,RELC): (  194.04059     0.15342330E-09 ) :: heat equation
MAIN: 
MAIN: -------------------------------------
MAIN: Time: 60/600:   6.000E+00
MAIN: Estimated time left: 10.9 minutes
MAIN: -------------------------------------
MAIN: 
ComputeChange: NS (ITER=1) (NRM,RELC): (  194.33196     0.15004911E-02 ) :: heat equation
ComputeChange: NS (ITER=2) (NRM,RELC): (  194.32971     0.11601525E-04 ) :: heat equation
ComputeChange: NS (ITER=3) (NRM,RELC): (  194.32971     0.33162273E-07 ) :: heat equation
ComputeChange: NS (ITER=4) (NRM,RELC): (  194.32971     0.16466363E-09 ) :: heat equation
MAIN: 
MAIN: -------------------------------------
MAIN: Time: 61/600:   6.100E+00
MAIN: Estimated time left: 11.1 minutes
MAIN: -------------------------------------
MAIN: 
ComputeChange: NS (ITER=1) (NRM,RELC): (  194.60476     0.14143376E-02 ) :: heat equation
ComputeChange: NS (ITER=2) (NRM,RELC): (  194.60531     0.28378009E-05 ) :: heat equation
ComputeChange: NS (ITER=3) (NRM,RELC): (  194.60527     0.19963986E-06 ) :: heat equation
ComputeChange: NS (ITER=4) (NRM,RELC): (  194.60526     0.32416883E-07 ) :: heat equation
ComputeChange: NS (ITER=5) (NRM,RELC): (  194.60526     0.48857024E-08 ) :: heat equation
MAIN: 
MAIN: -------------------------------------
MAIN: Time: 62/600:   6.200E+00
MAIN: Estimated time left: 15.6 minutes
MAIN: -------------------------------------
MAIN: 
ComputeChange: NS (ITER=1) (NRM,RELC): (  194.86886     0.13536095E-02 ) :: heat equation
ComputeChange: NS (ITER=2) (NRM,RELC): (  194.86658     0.11682873E-04 ) :: heat equation
ComputeChange: NS (ITER=3) (NRM,RELC): (  194.86667     0.41870659E-06 ) :: heat equation
ComputeChange: NS (ITER=4) (NRM,RELC): (  194.86667     0.46518945E-08 ) :: heat equation
MAIN: 
MAIN: -------------------------------------
MAIN: Time: 63/600:   6.300E+00
MAIN: Estimated time left: 12.4 minutes
MAIN: -------------------------------------
MAIN: 
ComputeChange: NS (ITER=1) (NRM,RELC): (  195.12308     0.13149744E-02 ) :: heat equation
ComputeChange: NS (ITER=2) (NRM,RELC): (  195.11819     0.25084388E-04 ) :: heat equation
ComputeChange: NS (ITER=3) (NRM,RELC): (  195.11801     0.92426650E-06 ) :: heat equation
ComputeChange: NS (ITER=4) (NRM,RELC): (  195.11799     0.55404564E-07 ) :: heat equation
ComputeChange: NS (ITER=5) (NRM,RELC): (  195.11799     0.32009733E-08 ) :: heat equation
MAIN: 
MAIN: -------------------------------------
MAIN: Time: 64/600:   6.400E+00
MAIN: Estimated time left: 17.9 minutes
MAIN: -------------------------------------
MAIN: 
ComputeChange: NS (ITER=1) (NRM,RELC): (  195.36489     0.12645748E-02 ) :: heat equation
ComputeChange: NS (ITER=2) (NRM,RELC): (  195.36321     0.86043206E-05 ) :: heat equation
ComputeChange: NS (ITER=3) (NRM,RELC): (  195.36321     0.14736292E-07 ) :: heat equation
ComputeChange: NS (ITER=4) (NRM,RELC): (  195.36321     0.94088626E-11 ) :: heat equation
MAIN: 
MAIN: -------------------------------------
MAIN: Time: 65/600:   6.500E+00
MAIN: Estimated time left: 13.7 minutes
MAIN: -------------------------------------
MAIN: 
ComputeChange: NS (ITER=1) (NRM,RELC): (  195.60662     0.12451676E-02 ) :: heat equation
ComputeChange: NS (ITER=2) (NRM,RELC): (  195.60193     0.24007076E-04 ) :: heat equation
ComputeChange: NS (ITER=3) (NRM,RELC): (  195.60169     0.12053928E-05 ) :: heat equation
ComputeChange: NS (ITER=4) (NRM,RELC): (  195.60168     0.84693876E-07 ) :: heat equation
ComputeChange: NS (ITER=5) (NRM,RELC): (  195.60168     0.58092408E-08 ) :: heat equation
MAIN: 
MAIN: -------------------------------------
MAIN: Time: 66/600:   6.600E+00
MAIN: Estimated time left: 22.8 minutes
MAIN: -------------------------------------
MAIN: 
ComputeChange: NS (ITER=1) (NRM,RELC): (  195.83792     0.12070647E-02 ) :: heat equation
ComputeChange: NS (ITER=2) (NRM,RELC): (  195.83520     0.13915685E-04 ) :: heat equation
ComputeChange: NS (ITER=3) (NRM,RELC): (  195.83542     0.11219697E-05 ) :: heat equation
ComputeChange: NS (ITER=4) (NRM,RELC): (  195.83538     0.19656089E-06 ) :: heat equation
ComputeChange: NS (ITER=5) (NRM,RELC): (  195.83538     0.34419168E-07 ) :: heat equation
ComputeChange: NS (ITER=6) (NRM,RELC): (  195.83538     0.60085299E-08 ) :: heat equation
MAIN: 
MAIN: -------------------------------------
MAIN: Time: 67/600:   6.700E+00
MAIN: Estimated time left: 25.3 minutes
MAIN: -------------------------------------
MAIN: 
ComputeChange: NS (ITER=1) (NRM,RELC): (  196.50361     0.34063831E-02 ) :: heat equation
ComputeChange: NS (ITER=2) (NRM,RELC): (  196.49824     0.27345145E-04 ) :: heat equation
ComputeChange: NS (ITER=3) (NRM,RELC): (  196.49828     0.18725121E-06 ) :: heat equation
ComputeChange: NS (ITER=4) (NRM,RELC): (  196.49828     0.16527748E-08 ) :: heat equation
MAIN: 
MAIN: -------------------------------------
MAIN: Time: 68/600:   6.800E+00
MAIN: Estimated time left: 22.3 minutes
MAIN: -------------------------------------
MAIN: 
ComputeChange: NS (ITER=1) (NRM,RELC): (  197.29316     0.40370715E-02 ) :: heat equation
ComputeChange: NS (ITER=2) (NRM,RELC): (  197.28732     0.29596870E-04 ) :: heat equation
ComputeChange: NS (ITER=3) (NRM,RELC): (  197.28761     0.14898041E-05 ) :: heat equation
ComputeChange: NS (ITER=4) (NRM,RELC): (  197.28763     0.11524996E-06 ) :: heat equation
ComputeChange: NS (ITER=5) (NRM,RELC): (  197.28764     0.12017961E-07 ) :: heat equation
ComputeChange: NS (ITER=6) (NRM,RELC): (  197.28764     0.11961849E-08 ) :: heat equation
MAIN: 
MAIN: -------------------------------------
MAIN: Time: 69/600:   6.900E+00
MAIN: Estimated time left: 33.8 minutes
MAIN: -------------------------------------
MAIN: 
ComputeChange: NS (ITER=1) (NRM,RELC): (  197.86790     0.29368649E-02 ) :: heat equation
ComputeChange: NS (ITER=2) (NRM,RELC): (  197.86038     0.37963957E-04 ) :: heat equation
ComputeChange: NS (ITER=3) (NRM,RELC): (  197.86077     0.19433534E-05 ) :: heat equation
ComputeChange: NS (ITER=4) (NRM,RELC): (  197.86074     0.17303545E-06 ) :: heat equation
ComputeChange: NS (ITER=5) (NRM,RELC): (  197.86074     0.15740927E-07 ) :: heat equation
ComputeChange: NS (ITER=6) (NRM,RELC): (  197.86074     0.13438539E-08 ) :: heat equation
MAIN: 
MAIN: -------------------------------------
MAIN: Time: 70/600:   7.000E+00
MAIN: Estimated time left: 27.6 minutes
MAIN: -------------------------------------
MAIN: 
ComputeChange: NS (ITER=1) (NRM,RELC): (  198.27820     0.21076562E-02 ) :: heat equation
ComputeChange: NS (ITER=2) (NRM,RELC): (  198.27569     0.12681363E-04 ) :: heat equation
ComputeChange: NS (ITER=3) (NRM,RELC): (  198.27569     0.29178581E-07 ) :: heat equation
ComputeChange: NS (ITER=4) (NRM,RELC): (  198.27569     0.13171401E-09 ) :: heat equation
MAIN: 
MAIN: -------------------------------------
MAIN: Time: 71/600:   7.100E+00
MAIN: Estimated time left: 14.5 minutes
MAIN: -------------------------------------
MAIN: 
ComputeChange: NS (ITER=1) (NRM,RELC): (  198.61419     0.17057404E-02 ) :: heat equation
ComputeChange: NS (ITER=2) (NRM,RELC): (  198.61185     0.11777864E-04 ) :: heat equation
ComputeChange: NS (ITER=3) (NRM,RELC): (  198.61185     0.28265374E-07 ) :: heat equation
ComputeChange: NS (ITER=4) (NRM,RELC): (  198.61185     0.13705258E-09 ) :: heat equation
MAIN: 
MAIN: -------------------------------------
MAIN: Time: 72/600:   7.200E+00
MAIN: Estimated time left: 11.9 minutes
MAIN: -------------------------------------
MAIN: 
ComputeChange: NS (ITER=1) (NRM,RELC): (  198.90421     0.14708922E-02 ) :: heat equation
ComputeChange: NS (ITER=2) (NRM,RELC): (  198.90391     0.14907469E-05 ) :: heat equation
ComputeChange: NS (ITER=3) (NRM,RELC): (  198.90385     0.30008879E-06 ) :: heat equation
ComputeChange: NS (ITER=4) (NRM,RELC): (  198.90387     0.10576592E-06 ) :: heat equation
ComputeChange: NS (ITER=5) (NRM,RELC): (  198.90387     0.16417097E-09 ) :: heat equation
MAIN: 
MAIN: -------------------------------------
MAIN: Time: 73/600:   7.300E+00
MAIN: Estimated time left: 14.6 minutes
MAIN: -------------------------------------
MAIN: 
ComputeChange: NS (ITER=1) (NRM,RELC): (  199.17350     0.13546474E-02 ) :: heat equation
ComputeChange: NS (ITER=2) (NRM,RELC): (  199.17000     0.17577687E-04 ) :: heat equation
ComputeChange: NS (ITER=3) (NRM,RELC): (  199.17015     0.77040092E-06 ) :: heat equation
ComputeChange: NS (ITER=4) (NRM,RELC): (  199.17013     0.91380041E-07 ) :: heat equation
ComputeChange: NS (ITER=5) (NRM,RELC): (  199.17013     0.11139236E-07 ) :: heat equation
ComputeChange: NS (ITER=6) (NRM,RELC): (  199.17013     0.12495381E-08 ) :: heat equation
MAIN: 
MAIN: -------------------------------------
MAIN: Time: 74/600:   7.400E+00
MAIN: Estimated time left: 17.4 minutes
MAIN: -------------------------------------
MAIN: 
ComputeChange: NS (ITER=1) (NRM,RELC): (  199.41818     0.12446407E-02 ) :: heat equation
ComputeChange: NS (ITER=2) (NRM,RELC): (  199.41598     0.11050178E-04 ) :: heat equation
ComputeChange: NS (ITER=3) (NRM,RELC): (  199.41599     0.29310972E-07 ) :: heat equation
ComputeChange: NS (ITER=4) (NRM,RELC): (  199.41599     0.14468412E-09 ) :: heat equation
MAIN: 
MAIN: -------------------------------------
MAIN: Time: 75/600:   7.500E+00
MAIN: Estimated time left: 10.7 minutes
MAIN: -------------------------------------
MAIN: 
ComputeChange: NS (ITER=1) (NRM,RELC): (  199.65332     0.11894404E-02 ) :: heat equation
ComputeChange: NS (ITER=2) (NRM,RELC): (  199.65326     0.28538004E-06 ) :: heat equation
ComputeChange: NS (ITER=3) (NRM,RELC): (  199.65307     0.94856311E-06 ) :: heat equation
ComputeChange: NS (ITER=4) (NRM,RELC): (  199.65309     0.99802049E-07 ) :: heat equation
ComputeChange: NS (ITER=5) (NRM,RELC): (  199.65309     0.10017628E-07 ) :: heat equation
ComputeChange: NS (ITER=6) (NRM,RELC): (  199.65309     0.81544600E-09 ) :: heat equation
MAIN: 
MAIN: -------------------------------------
MAIN: Time: 76/600:   7.600E+00
MAIN: Estimated time left: 15.3 minutes
MAIN: -------------------------------------
MAIN: 
ComputeChange: NS (ITER=1) (NRM,RELC): (  199.88554     0.11636068E-02 ) :: heat equation
ComputeChange: NS (ITER=2) (NRM,RELC): (  199.88130     0.21240656E-04 ) :: heat equation
ComputeChange: NS (ITER=3) (NRM,RELC): (  199.88115     0.72781194E-06 ) :: heat equation
ComputeChange: NS (ITER=4) (NRM,RELC): (  199.88114     0.45615863E-07 ) :: heat equation
ComputeChange: NS (ITER=5) (NRM,RELC): (  199.88114     0.27569637E-08 ) :: heat equation
MAIN: 
MAIN: -------------------------------------
MAIN: Time: 77/600:   7.700E+00
MAIN: Estimated time left: 12.6 minutes
MAIN: -------------------------------------
MAIN: 
ComputeChange: NS (ITER=1) (NRM,RELC): (  200.10476     0.11181360E-02 ) :: heat equation
ComputeChange: NS (ITER=2) (NRM,RELC): (  200.10203     0.13654624E-04 ) :: heat equation
ComputeChange: NS (ITER=3) (NRM,RELC): (  200.10188     0.74401513E-06 ) :: heat equation
ComputeChange: NS (ITER=4) (NRM,RELC): (  200.10186     0.10192991E-06 ) :: heat equation
ComputeChange: NS (ITER=5) (NRM,RELC): (  200.10186     0.13503514E-07 ) :: heat equation
ComputeChange: NS (ITER=6) (NRM,RELC): (  200.10186     0.19510146E-08 ) :: heat equation
MAIN: 
MAIN: -------------------------------------
MAIN: Time: 78/600:   7.800E+00
MAIN: Estimated time left: 18.5 minutes
MAIN: -------------------------------------
MAIN: 
ComputeChange: NS (ITER=1) (NRM,RELC): (  200.31729     0.10760247E-02 ) :: heat equation
ComputeChange: NS (ITER=2) (NRM,RELC): (  200.31575     0.76727854E-05 ) :: heat equation
ComputeChange: NS (ITER=3) (NRM,RELC): (  200.31575     0.11888224E-07 ) :: heat equation
ComputeChange: NS (ITER=4) (NRM,RELC): (  200.31575     0.11943699E-10 ) :: heat equation
MAIN: 
MAIN: -------------------------------------
MAIN: Time: 79/600:   7.900E+00
MAIN: Estimated time left: 12.2 minutes
MAIN: -------------------------------------
MAIN: 
ComputeChange: NS (ITER=1) (NRM,RELC): (  200.52870     0.10625026E-02 ) :: heat equation
ComputeChange: NS (ITER=2) (NRM,RELC): (  200.52327     0.27096600E-04 ) :: heat equation
ComputeChange: NS (ITER=3) (NRM,RELC): (  200.52329     0.12283094E-06 ) :: heat equation
ComputeChange: NS (ITER=4) (NRM,RELC): (  200.52323     0.30832700E-06 ) :: heat equation
ComputeChange: NS (ITER=5) (NRM,RELC): (  200.52324     0.11575587E-07 ) :: heat equation
ComputeChange: NS (ITER=6) (NRM,RELC): (  200.52323     0.50005638E-08 ) :: heat equation
MAIN: 
MAIN: -------------------------------------
MAIN: Time: 80/600:   8.000E+00
MAIN: Estimated time left: 18.6 minutes
MAIN: -------------------------------------
MAIN: 
ComputeChange: NS (ITER=1) (NRM,RELC): (  200.72680     0.10146661E-02 ) :: heat equation
ComputeChange: NS (ITER=2) (NRM,RELC): (  200.72536     0.71611272E-05 ) :: heat equation
ComputeChange: NS (ITER=3) (NRM,RELC): (  200.72537     0.11603234E-07 ) :: heat equation
ComputeChange: NS (ITER=4) (NRM,RELC): (  200.72537     0.43199220E-11 ) :: heat equation
MAIN: 
MAIN: -------------------------------------
MAIN: Time: 81/600:   8.100E+00
MAIN: Estimated time left: 12.7 minutes
MAIN: -------------------------------------
MAIN: 
ComputeChange: NS (ITER=1) (NRM,RELC): (  201.76833     0.51825028E-02 ) :: heat equation
ComputeChange: NS (ITER=2) (NRM,RELC): (  201.75527     0.64717681E-04 ) :: heat equation
ComputeChange: NS (ITER=3) (NRM,RELC): (  201.75581     0.26638470E-05 ) :: heat equation
ComputeChange: NS (ITER=4) (NRM,RELC): (  201.75582     0.49402483E-07 ) :: heat equation
ComputeChange: NS (ITER=5) (NRM,RELC): (  201.75582     0.40749497E-08 ) :: heat equation
MAIN: 
MAIN: -------------------------------------
MAIN: Time: 82/600:   8.200E+00
MAIN: Estimated time left: 13.9 minutes
MAIN: -------------------------------------
MAIN: 
ComputeChange: NS (ITER=1) (NRM,RELC): (  202.38874     0.31321307E-02 ) :: heat equation
ComputeChange: NS (ITER=2) (NRM,RELC): (  202.37158     0.84772292E-04 ) :: heat equation
ComputeChange: NS (ITER=3) (NRM,RELC): (  202.37190     0.15763577E-05 ) :: heat equation
ComputeChange: NS (ITER=4) (NRM,RELC): (  202.37186     0.17373834E-06 ) :: heat equation
ComputeChange: NS (ITER=5) (NRM,RELC): (  202.37187     0.26537762E-07 ) :: heat equation
ComputeChange: NS (ITER=6) (NRM,RELC): (  202.37187     0.41018757E-08 ) :: heat equation
MAIN: 
MAIN: -------------------------------------
MAIN: Time: 83/600:   8.300E+00
MAIN: Estimated time left: 16.4 minutes
MAIN: -------------------------------------
MAIN: 
ComputeChange: NS (ITER=1) (NRM,RELC): (  202.80755     0.21505728E-02 ) :: heat equation
ComputeChange: NS (ITER=2) (NRM,RELC): (  202.80488     0.13187947E-04 ) :: heat equation
ComputeChange: NS (ITER=3) (NRM,RELC): (  202.80488     0.33645641E-07 ) :: heat equation
ComputeChange: NS (ITER=4) (NRM,RELC): (  202.80488     0.14305515E-09 ) :: heat equation
MAIN: 
MAIN: -------------------------------------
MAIN: Time: 84/600:   8.400E+00
MAIN: Estimated time left: 10.3 minutes
MAIN: -------------------------------------
MAIN: 
ComputeChange: NS (ITER=1) (NRM,RELC): (  203.14169     0.16593811E-02 ) :: heat equation
ComputeChange: NS (ITER=2) (NRM,RELC): (  203.14162     0.37707098E-06 ) :: heat equation
ComputeChange: NS (ITER=3) (NRM,RELC): (  203.14180     0.91831753E-06 ) :: heat equation
ComputeChange: NS (ITER=4) (NRM,RELC): (  203.14182     0.71996877E-07 ) :: heat equation
ComputeChange: NS (ITER=5) (NRM,RELC): (  203.14182     0.58152639E-08 ) :: heat equation
MAIN: 
MAIN: -------------------------------------
MAIN: Time: 85/600:   8.500E+00
MAIN: Estimated time left: 14.1 minutes
MAIN: -------------------------------------
MAIN: 
ComputeChange: NS (ITER=1) (NRM,RELC): (  203.42588     0.13973630E-02 ) :: heat equation
ComputeChange: NS (ITER=2) (NRM,RELC): (  203.42242     0.17025033E-04 ) :: heat equation
ComputeChange: NS (ITER=3) (NRM,RELC): (  203.42258     0.77641801E-06 ) :: heat equation
ComputeChange: NS (ITER=4) (NRM,RELC): (  203.42256     0.98818872E-07 ) :: heat equation
ComputeChange: NS (ITER=5) (NRM,RELC): (  203.42256     0.12929045E-07 ) :: heat equation
ComputeChange: NS (ITER=6) (NRM,RELC): (  203.42256     0.15718494E-08 ) :: heat equation
MAIN: 
MAIN: -------------------------------------
MAIN: Time: 86/600:   8.600E+00
MAIN: Estimated time left: 17.0 minutes
MAIN: -------------------------------------
MAIN: 
ComputeChange: NS (ITER=1) (NRM,RELC): (  203.67083     0.12197136E-02 ) :: heat equation
ComputeChange: NS (ITER=2) (NRM,RELC): (  203.66776     0.15065433E-04 ) :: heat equation
ComputeChange: NS (ITER=3) (NRM,RELC): (  203.66770     0.30844047E-06 ) :: heat equation
ComputeChange: NS (ITER=4) (NRM,RELC): (  203.66769     0.27059578E-07 ) :: heat equation
ComputeChange: NS (ITER=5) (NRM,RELC): (  203.66769     0.21064880E-08 ) :: heat equation
MAIN: 
MAIN: -------------------------------------
MAIN: Time: 87/600:   8.700E+00
MAIN: Estimated time left: 12.9 minutes
MAIN: -------------------------------------
MAIN: 
ComputeChange: NS (ITER=1) (NRM,RELC): (  203.89634     0.11220294E-02 ) :: heat equation
ComputeChange: NS (ITER=2) (NRM,RELC): (  203.89705     0.34680333E-05 ) :: heat equation
ComputeChange: NS (ITER=3) (NRM,RELC): (  203.89701     0.17222704E-06 ) :: heat equation
ComputeChange: NS (ITER=4) (NRM,RELC): (  203.89701     0.29046395E-08 ) :: heat equation
MAIN: 
MAIN: -------------------------------------
MAIN: Time: 88/600:   8.800E+00
MAIN: Estimated time left: 11.3 minutes
MAIN: -------------------------------------
MAIN: 
ComputeChange: NS (ITER=1) (NRM,RELC): (  204.11566     0.10717479E-02 ) :: heat equation
ComputeChange: NS (ITER=2) (NRM,RELC): (  204.11350     0.10550786E-04 ) :: heat equation
ComputeChange: NS (ITER=3) (NRM,RELC): (  204.11351     0.26895456E-07 ) :: heat equation
ComputeChange: NS (ITER=4) (NRM,RELC): (  204.11351     0.13673057E-09 ) :: heat equation
MAIN: 
MAIN: -------------------------------------
MAIN: Time: 89/600:   8.900E+00
MAIN: Estimated time left: 11.0 minutes
MAIN: -------------------------------------
MAIN: 
ComputeChange: NS (ITER=1) (NRM,RELC): (  204.32385     0.10299724E-02 ) :: heat equation
ComputeChange: NS (ITER=2) (NRM,RELC): (  204.32334     0.24851201E-05 ) :: heat equation
ComputeChange: NS (ITER=3) (NRM,RELC): (  204.32314     0.97127689E-06 ) :: heat equation
ComputeChange: NS (ITER=4) (NRM,RELC): (  204.32317     0.13925026E-06 ) :: heat equation
ComputeChange: NS (ITER=5) (NRM,RELC): (  204.32317     0.19198392E-07 ) :: heat equation
ComputeChange: NS (ITER=6) (NRM,RELC): (  204.32317     0.24727474E-08 ) :: heat equation
MAIN: 
MAIN: -------------------------------------
MAIN: Time: 90/600:   9.000E+00
MAIN: Estimated time left: 13.4 minutes
MAIN: -------------------------------------
MAIN: 
ComputeChange: NS (ITER=1) (NRM,RELC): (  204.53159     0.10195580E-02 ) :: heat equation
ComputeChange: NS (ITER=2) (NRM,RELC): (  204.52827     0.16245474E-04 ) :: heat equation
ComputeChange: NS (ITER=3) (NRM,RELC): (  204.52811     0.79264178E-06 ) :: heat equation
ComputeChange: NS (ITER=4) (NRM,RELC): (  204.52809     0.74046503E-07 ) :: heat equation
ComputeChange: NS (ITER=5) (NRM,RELC): (  204.52809     0.67215147E-08 ) :: heat equation
MAIN: 
MAIN: -------------------------------------
MAIN: Time: 91/600:   9.100E+00
MAIN: Estimated time left: 11.0 minutes
MAIN: -------------------------------------
MAIN: 
ComputeChange: NS (ITER=1) (NRM,RELC): (  204.72739     0.97395857E-03 ) :: heat equation
ComputeChange: NS (ITER=2) (NRM,RELC): (  204.72538     0.98006360E-05 ) :: heat equation
ComputeChange: NS (ITER=3) (NRM,RELC): (  204.72530     0.38977291E-06 ) :: heat equation
ComputeChange: NS (ITER=4) (NRM,RELC): (  204.72529     0.64529088E-07 ) :: heat equation
ComputeChange: NS (ITER=5) (NRM,RELC): (  204.72529     0.10199733E-07 ) :: heat equation
ComputeChange: NS (ITER=6) (NRM,RELC): (  204.72529     0.17403638E-08 ) :: heat equation
MAIN: 
MAIN: -------------------------------------
MAIN: Time: 92/600:   9.200E+00
MAIN: Estimated time left: 13.3 minutes
MAIN: -------------------------------------
MAIN: 
ComputeChange: NS (ITER=1) (NRM,RELC): (  204.91707     0.93635715E-03 ) :: heat equation
ComputeChange: NS (ITER=2) (NRM,RELC): (  204.91362     0.16825675E-04 ) :: heat equation
ComputeChange: NS (ITER=3) (NRM,RELC): (  204.91388     0.12473174E-05 ) :: heat equation
ComputeChange: NS (ITER=4) (NRM,RELC): (  204.91385     0.16775101E-06 ) :: heat equation
ComputeChange: NS (ITER=5) (NRM,RELC): (  204.91385     0.22345799E-07 ) :: heat equation
ComputeChange: NS (ITER=6) (NRM,RELC): (  204.91385     0.28683515E-08 ) :: heat equation
MAIN: 
MAIN: -------------------------------------
MAIN: Time: 93/600:   9.300E+00
MAIN: Estimated time left: 13.4 minutes
MAIN: -------------------------------------
MAIN: 
ComputeChange: NS (ITER=1) (NRM,RELC): (  205.10203     0.91789635E-03 ) :: heat equation
ComputeChange: NS (ITER=2) (NRM,RELC): (  205.09994     0.10159386E-04 ) :: heat equation
ComputeChange: NS (ITER=3) (NRM,RELC): (  205.09973     0.10192469E-05 ) :: heat equation
ComputeChange: NS (ITER=4) (NRM,RELC): (  205.09971     0.13016229E-06 ) :: heat equation
ComputeChange: NS (ITER=5) (NRM,RELC): (  205.09970     0.14446984E-07 ) :: heat equation
ComputeChange: NS (ITER=6) (NRM,RELC): (  205.09970     0.17465106E-08 ) :: heat equation
MAIN: 
MAIN: -------------------------------------
MAIN: Time: 94/600:   9.400E+00
MAIN: Estimated time left: 13.8 minutes
MAIN: -------------------------------------
MAIN: 
ComputeChange: NS (ITER=1) (NRM,RELC): (  205.91270     0.39560621E-02 ) :: heat equation
ComputeChange: NS (ITER=2) (NRM,RELC): (  205.90018     0.60787420E-04 ) :: heat equation
ComputeChange: NS (ITER=3) (NRM,RELC): (  205.90076     0.28199599E-05 ) :: heat equation
ComputeChange: NS (ITER=4) (NRM,RELC): (  205.90067     0.44112449E-06 ) :: heat equation
ComputeChange: NS (ITER=5) (NRM,RELC): (  205.90069     0.83213624E-07 ) :: heat equation
ComputeChange: NS (ITER=6) (NRM,RELC): (  205.90069     0.16001138E-07 ) :: heat equation
ComputeChange: NS (ITER=7) (NRM,RELC): (  205.90069     0.30371153E-08 ) :: heat equation
MAIN: 
MAIN: -------------------------------------
MAIN: Time: 95/600:   9.500E+00
MAIN: Estimated time left: 16.2 minutes
MAIN: -------------------------------------
MAIN: 
ComputeChange: NS (ITER=1) (NRM,RELC): (  206.58646     0.33250897E-02 ) :: heat equation
ComputeChange: NS (ITER=2) (NRM,RELC): (  206.58232     0.20061621E-04 ) :: heat equation
ComputeChange: NS (ITER=3) (NRM,RELC): (  206.58246     0.67047590E-06 ) :: heat equation
ComputeChange: NS (ITER=4) (NRM,RELC): (  206.58246     0.26639520E-07 ) :: heat equation
ComputeChange: NS (ITER=5) (NRM,RELC): (  206.58246     0.14328502E-08 ) :: heat equation
MAIN: 
MAIN: -------------------------------------
MAIN: Time: 96/600:   9.600E+00
MAIN: Estimated time left: 12.0 minutes
MAIN: -------------------------------------
MAIN: 
ComputeChange: NS (ITER=1) (NRM,RELC): (  207.05083     0.22646204E-02 ) :: heat equation
ComputeChange: NS (ITER=2) (NRM,RELC): (  207.04973     0.52741555E-05 ) :: heat equation
ComputeChange: NS (ITER=3) (NRM,RELC): (  207.04992     0.91696386E-06 ) :: heat equation
ComputeChange: NS (ITER=4) (NRM,RELC): (  207.04994     0.85264884E-07 ) :: heat equation
ComputeChange: NS (ITER=5) (NRM,RELC): (  207.04994     0.83192580E-08 ) :: heat equation
MAIN: 
MAIN: -------------------------------------
MAIN: Time: 97/600:   9.700E+00
MAIN: Estimated time left: 14.4 minutes
MAIN: -------------------------------------
MAIN: 
ComputeChange: NS (ITER=1) (NRM,RELC): (  207.39808     0.16799884E-02 ) :: heat equation
ComputeChange: NS (ITER=2) (NRM,RELC): (  207.39543     0.12763717E-04 ) :: heat equation
ComputeChange: NS (ITER=3) (NRM,RELC): (  207.39549     0.29492004E-06 ) :: heat equation
ComputeChange: NS (ITER=4) (NRM,RELC): (  207.39548     0.49922254E-07 ) :: heat equation
ComputeChange: NS (ITER=5) (NRM,RELC): (  207.39548     0.91390627E-08 ) :: heat equation
MAIN: 
MAIN: -------------------------------------
MAIN: Time: 98/600:   9.800E+00
MAIN: Estimated time left: 15.6 minutes
MAIN: -------------------------------------
MAIN: 
ComputeChange: NS (ITER=1) (NRM,RELC): (  207.66874     0.13166900E-02 ) :: heat equation
ComputeChange: NS (ITER=2) (NRM,RELC): (  207.66653     0.10647586E-04 ) :: heat equation
ComputeChange: NS (ITER=3) (NRM,RELC): (  207.66651     0.70820145E-07 ) :: heat equation
ComputeChange: NS (ITER=4) (NRM,RELC): (  207.66652     0.19144592E-07 ) :: heat equation
ComputeChange: NS (ITER=5) (NRM,RELC): (  207.66652     0.36257671E-08 ) :: heat equation
MAIN: 
MAIN: -------------------------------------
MAIN: Time: 99/600:   9.900E+00
MAIN: Estimated time left: 13.3 minutes
MAIN: -------------------------------------
MAIN: 
ComputeChange: NS (ITER=1) (NRM,RELC): (  207.90655     0.11552075E-02 ) :: heat equation
ComputeChange: NS (ITER=2) (NRM,RELC): (  207.90420     0.11334211E-04 ) :: heat equation
ComputeChange: NS (ITER=3) (NRM,RELC): (  207.90420     0.29705960E-07 ) :: heat equation
ComputeChange: NS (ITER=4) (NRM,RELC): (  207.90420     0.15608480E-09 ) :: heat equation
MAIN: 
MAIN: -------------------------------------
MAIN: Time: 100/600:   1.000E+01
MAIN: Estimated time left: 11.4 minutes
MAIN: -------------------------------------
MAIN: 
ComputeChange: NS (ITER=1) (NRM,RELC): (  208.12221     0.10480571E-02 ) :: heat equation
ComputeChange: NS (ITER=2) (NRM,RELC): (  208.11994     0.10902671E-04 ) :: heat equation
ComputeChange: NS (ITER=3) (NRM,RELC): (  208.11995     0.27254310E-07 ) :: heat equation
ComputeChange: NS (ITER=4) (NRM,RELC): (  208.11995     0.14230428E-09 ) :: heat equation
REF time=  10.000 max=  1490.395 energy residual= -2.6814E+00
MAIN: 
MAIN: -------------------------------------
MAIN: Time: 101/600:   1.010E+01
MAIN: Estimated time left: 11.5 minutes
MAIN: -------------------------------------
MAIN: 
ComputeChange: NS (ITER=1) (NRM,RELC): (  208.32412     0.98056449E-03 ) :: heat equation
ComputeChange: NS (ITER=2) (NRM,RELC): (  208.32358     0.26229713E-05 ) :: heat equation
ComputeChange: NS (ITER=3) (NRM,RELC): (  208.32334     0.11271592E-05 ) :: heat equation
ComputeChange: NS (ITER=4) (NRM,RELC): (  208.32334     0.17334480E-07 ) :: heat equation
ComputeChange: NS (ITER=5) (NRM,RELC): (  208.32334     0.99061685E-08 ) :: heat equation
MAIN: 
MAIN: -------------------------------------
MAIN: Time: 102/600:   1.020E+01
MAIN: Estimated time left: 11.7 minutes
MAIN: -------------------------------------
MAIN: 
ComputeChange: NS (ITER=1) (NRM,RELC): (  208.51882     0.93792646E-03 ) :: heat equation
ComputeChange: NS (ITER=2) (NRM,RELC): (  208.51670     0.10153398E-04 ) :: heat equation
ComputeChange: NS (ITER=3) (NRM,RELC): (  208.51671     0.21040117E-07 ) :: heat equation
ComputeChange: NS (ITER=4) (NRM,RELC): (  208.51671     0.99509177E-10 ) :: heat equation
MAIN: 
MAIN: -------------------------------------
MAIN: Time: 103/600:   1.030E+01
MAIN: Estimated time left:  9.6 minutes
MAIN: -------------------------------------
MAIN: 
ComputeChange: NS (ITER=1) (NRM,RELC): (  208.70559     0.90541156E-03 ) :: heat equation
ComputeChange: NS (ITER=2) (NRM,RELC): (  208.70556     0.13062591E-06 ) :: heat equation
ComputeChange: NS (ITER=3) (NRM,RELC): (  208.70535     0.99531741E-06 ) :: heat equation
ComputeChange: NS (ITER=4) (NRM,RELC): (  208.70538     0.13808161E-06 ) :: heat equation
ComputeChange: NS (ITER=5) (NRM,RELC): (  208.70538     0.18517838E-07 ) :: heat equation
ComputeChange: NS (ITER=6) (NRM,RELC): (  208.70538     0.23142441E-08 ) :: heat equation
MAIN: 
MAIN: -------------------------------------
MAIN: Time: 104/600:   1.040E+01
MAIN: Estimated time left: 15.7 minutes
MAIN: -------------------------------------
MAIN: 
ComputeChange: NS (ITER=1) (NRM,RELC): (  208.89282     0.89770580E-03 ) :: heat equation
ComputeChange: NS (ITER=2) (NRM,RELC): (  208.89064     0.10416327E-04 ) :: heat equation
ComputeChange: NS (ITER=3) (NRM,RELC): (  208.89056     0.36732345E-06 ) :: heat equation
ComputeChange: NS (ITER=4) (NRM,RELC): (  208.89056     0.37537193E-07 ) :: heat equation
ComputeChange: NS (ITER=5) (NRM,RELC): (  208.89056     0.36090509E-08 ) :: heat equation
MAIN: 
MAIN: -------------------------------------
MAIN: Time: 105/600:   1.050E+01
MAIN: Estimated time left: 15.9 minutes
MAIN: -------------------------------------
MAIN: 
ComputeChange: NS (ITER=1) (NRM,RELC): (  209.07205     0.86847199E-03 ) :: heat equation
ComputeChange: NS (ITER=2) (NRM,RELC): (  209.06791     0.19777088E-04 ) :: heat equation
ComputeChange: NS (ITER=3) (NRM,RELC): (  209.06805     0.62647248E-06 ) :: heat equation
ComputeChange: NS (ITER=4) (NRM,RELC): (  209.06799     0.27557599E-06 ) :: heat equation
ComputeChange: NS (ITER=5) (NRM,RELC): (  209.06799     0.11990494E-07 ) :: heat equation
ComputeChange: NS (ITER=6) (NRM,RELC): (  209.06799     0.60670910E-08 ) :: heat equation
MAIN: 
MAIN: -------------------------------------
MAIN: Time: 106/600:   1.060E+01
MAIN: Estimated time left: 14.6 minutes
MAIN: -------------------------------------
MAIN: 
ComputeChange: NS (ITER=1) (NRM,RELC): (  209.23901     0.81769838E-03 ) :: heat equation
ComputeChange: NS (ITER=2) (NRM,RELC): (  209.23760     0.67697861E-05 ) :: heat equation
ComputeChange: NS (ITER=3) (NRM,RELC): (  209.23760     0.11483998E-07 ) :: heat equation
ComputeChange: NS (ITER=4) (NRM,RELC): (  209.23760     0.22685740E-11 ) :: heat equation
MAIN: 
MAIN: -------------------------------------
MAIN: Time: 107/600:   1.070E+01
MAIN: Estimated time left: 10.3 minutes
MAIN: -------------------------------------
MAIN: 
ComputeChange: NS (ITER=1) (NRM,RELC): (  209.86516     0.29947995E-02 ) :: heat equation
ComputeChange: NS (ITER=2) (NRM,RELC): (  209.85305     0.57725410E-04 ) :: heat equation
ComputeChange: NS (ITER=3) (NRM,RELC): (  209.85343     0.18321359E-05 ) :: heat equation
ComputeChange: NS (ITER=4) (NRM,RELC): (  209.85332     0.56591553E-06 ) :: heat equation
ComputeChange: NS (ITER=5) (NRM,RELC): (  209.85333     0.72600308E-07 ) :: heat equation
ComputeChange: NS (ITER=6) (NRM,RELC): (  209.85333     0.14538114E-07 ) :: heat equation
ComputeChange: NS (ITER=7) (NRM,RELC): (  209.85333     0.22273191E-08 ) :: heat equation
MAIN: 
MAIN: -------------------------------------
MAIN: Time: 108/600:   1.080E+01
MAIN: Estimated time left: 18.3 minutes
MAIN: -------------------------------------
MAIN: 
ComputeChange: NS (ITER=1) (NRM,RELC): (  210.55284     0.33277733E-02 ) :: heat equation
ComputeChange: NS (ITER=2) (NRM,RELC): (  210.54804     0.22796691E-04 ) :: heat equation
ComputeChange: NS (ITER=3) (NRM,RELC): (  210.54823     0.89720455E-06 ) :: heat equation
ComputeChange: NS (ITER=4) (NRM,RELC): (  210.54822     0.11276662E-07 ) :: heat equation
ComputeChange: NS (ITER=5) (NRM,RELC): (  210.54822     0.43946056E-08 ) :: heat equation
MAIN: 
MAIN: -------------------------------------
MAIN: Time: 109/600:   1.090E+01
MAIN: Estimated time left: 13.1 minutes
MAIN: -------------------------------------
MAIN: 
ComputeChange: NS (ITER=1) (NRM,RELC): (  211.05538     0.24058395E-02 ) :: heat equation
ComputeChange: NS (ITER=2) (NRM,RELC): (  211.05780     0.11458873E-04 ) :: heat equation
ComputeChange: NS (ITER=3) (NRM,RELC): (  211.05813     0.15660304E-05 ) :: heat equation
ComputeChange: NS (ITER=4) (NRM,RELC): (  211.05815     0.85725795E-07 ) :: heat equation
ComputeChange: NS (ITER=5) (NRM,RELC): (  211.05815     0.48955627E-08 ) :: heat equation
MAIN: 
MAIN: -------------------------------------
MAIN: Time: 110/600:   1.100E+01
MAIN: Estimated time left: 11.9 minutes
MAIN: -------------------------------------
MAIN: 
ComputeChange: NS (ITER=1) (NRM,RELC): (  211.41806     0.17038159E-02 ) :: heat equation
ComputeChange: NS (ITER=2) (NRM,RELC): (  211.41374     0.20408068E-04 ) :: heat equation
ComputeChange: NS (ITER=3) (NRM,RELC): (  211.41398     0.11009059E-05 ) :: heat equation
ComputeChange: NS (ITER=4) (NRM,RELC): (  211.41395     0.12796375E-06 ) :: heat equation
ComputeChange: NS (ITER=5) (NRM,RELC): (  211.41395     0.15126484E-07 ) :: heat equation
ComputeChange: NS (ITER=6) (NRM,RELC): (  211.41395     0.16862959E-08 ) :: heat equation
MAIN: 
MAIN: -------------------------------------
MAIN: Time: 111/600:   1.110E+01
MAIN: Estimated time left: 13.1 minutes
MAIN: -------------------------------------
MAIN: 
ComputeChange: NS (ITER=1) (NRM,RELC): (  211.68899     0.13001084E-02 ) :: heat equation
ComputeChange: NS (ITER=2) (NRM,RELC): (  211.68674     0.10660217E-04 ) :: heat equation
ComputeChange: NS (ITER=3) (NRM,RELC): (  211.68674     0.27994685E-07 ) :: heat equation
ComputeChange: NS (ITER=4) (NRM,RELC): (  211.68674     0.13026108E-09 ) :: heat equation
MAIN: 
MAIN: -------------------------------------
MAIN: Time: 112/600:   1.120E+01
MAIN: Estimated time left:  8.8 minutes
MAIN: -------------------------------------
MAIN: 
ComputeChange: NS (ITER=1) (NRM,RELC): (  211.92081     0.11051342E-02 ) :: heat equation
ComputeChange: NS (ITER=2) (NRM,RELC): (  211.91852     0.10815886E-04 ) :: heat equation
ComputeChange: NS (ITER=3) (NRM,RELC): (  211.91853     0.29027128E-07 ) :: heat equation
ComputeChange: NS (ITER=4) (NRM,RELC): (  211.91853     0.14686664E-09 ) :: heat equation
MAIN: 
MAIN: -------------------------------------
MAIN: Time: 113/600:   1.130E+01
MAIN: Estimated time left:  8.5 minutes
MAIN: -------------------------------------
MAIN: 
ComputeChange: NS (ITER=1) (NRM,RELC): (  212.12725     0.98441417E-03 ) :: heat equation
ComputeChange: NS (ITER=2) (NRM,RELC): (  212.12629     0.44812105E-05 ) :: heat equation
ComputeChange: NS (ITER=3) (NRM,RELC): (  212.12621     0.40757298E-06 ) :: heat equation
ComputeChange: NS (ITER=4) (NRM,RELC): (  212.12621     0.24034675E-08 ) :: heat equation
MAIN: 
MAIN: -------------------------------------
MAIN: Time: 114/600:   1.140E+01
MAIN: Estimated time left:  8.4 minutes
MAIN: -------------------------------------
MAIN: 
ComputeChange: NS (ITER=1) (NRM,RELC): (  212.31990     0.91269002E-03 ) :: heat equation
ComputeChange: NS (ITER=2) (NRM,RELC): (  212.31768     0.10466521E-04 ) :: heat equation
ComputeChange: NS (ITER=3) (NRM,RELC): (  212.31769     0.25327910E-07 ) :: heat equation
ComputeChange: NS (ITER=4) (NRM,RELC): (  212.31769     0.13554206E-09 ) :: heat equation
MAIN: 
MAIN: -------------------------------------
MAIN: Time: 115/600:   1.150E+01
MAIN: Estimated time left:  8.5 minutes
MAIN: -------------------------------------
MAIN: 
ComputeChange: NS (ITER=1) (NRM,RELC): (  212.50114     0.86369386E-03 ) :: heat equation
ComputeChange: NS (ITER=2) (NRM,RELC): (  212.50152     0.17582649E-05 ) :: heat equation
ComputeChange: NS (ITER=3) (NRM,RELC): (  212.50137     0.68667891E-06 ) :: heat equation
ComputeChange: NS (ITER=4) (NRM,RELC): (  212.50138     0.46619212E-07 ) :: heat equation
ComputeChange: NS (ITER=5) (NRM,RELC): (  212.50138     0.30182607E-08 ) :: heat equation
MAIN: 
MAIN: -------------------------------------
MAIN: Time: 116/600:   1.160E+01
MAIN: Estimated time left: 13.4 minutes
MAIN: -------------------------------------
MAIN: 
ComputeChange: NS (ITER=1) (NRM,RELC): (  212.68075     0.84372531E-03 ) :: heat equation
ComputeChange: NS (ITER=2) (NRM,RELC): (  212.67822     0.11906813E-04 ) :: heat equation
ComputeChange: NS (ITER=3) (NRM,RELC): (  212.67819     0.10077937E-06 ) :: heat equation
ComputeChange: NS (ITER=4) (NRM,RELC): (  212.67819     0.10979975E-08 ) :: heat equation
MAIN: 
MAIN: -------------------------------------
MAIN: Time: 117/600:   1.170E+01
MAIN: Estimated time left: 11.1 minutes
MAIN: -------------------------------------
MAIN: 
ComputeChange: NS (ITER=1) (NRM,RELC): (  212.84977     0.80642384E-03 ) :: heat equation
ComputeChange: NS (ITER=2) (NRM,RELC): (  212.85044     0.31417877E-05 ) :: heat equation
ComputeChange: NS (ITER=3) (NRM,RELC): (  212.85023     0.99706752E-06 ) :: heat equation
ComputeChange: NS (ITER=4) (NRM,RELC): (  212.85025     0.10324494E-06 ) :: heat equation
ComputeChange: NS (ITER=5) (NRM,RELC): (  212.85025     0.10349649E-07 ) :: heat equation
ComputeChange: NS (ITER=6) (NRM,RELC): (  212.85025     0.83744506E-09 ) :: heat equation
MAIN: 
MAIN: -------------------------------------
MAIN: Time: 118/600:   1.180E+01
MAIN: Estimated time left: 16.2 minutes
MAIN: -------------------------------------
MAIN: 
ComputeChange: NS (ITER=1) (NRM,RELC): (  213.02107     0.80221278E-03 ) :: heat equation
ComputeChange: NS (ITER=2) (NRM,RELC): (  213.01585     0.24505345E-04 ) :: heat equation
ComputeChange: NS (ITER=3) (NRM,RELC): (  213.01591     0.30118015E-06 ) :: heat equation
ComputeChange: NS (ITER=4) (NRM,RELC): (  213.01586     0.23493788E-06 ) :: heat equation
ComputeChange: NS (ITER=5) (NRM,RELC): (  213.01587     0.28631924E-07 ) :: heat equation
ComputeChange: NS (ITER=6) (NRM,RELC): (  213.01587     0.55126213E-08 ) :: heat equation
MAIN: 
MAIN: -------------------------------------
MAIN: Time: 119/600:   1.190E+01
MAIN: Estimated time left: 15.0 minutes
MAIN: -------------------------------------
MAIN: 
ComputeChange: NS (ITER=1) (NRM,RELC): (  213.17728     0.75747814E-03 ) :: heat equation
ComputeChange: NS (ITER=2) (NRM,RELC): (  213.17432     0.13907579E-04 ) :: heat equation
ComputeChange: NS (ITER=3) (NRM,RELC): (  213.17412     0.92701815E-06 ) :: heat equation
ComputeChange: NS (ITER=4) (NRM,RELC): (  213.17410     0.11487770E-06 ) :: heat equation
ComputeChange: NS (ITER=5) (NRM,RELC): (  213.17409     0.13847197E-07 ) :: heat equation
ComputeChange: NS (ITER=6) (NRM,RELC): (  213.17409     0.18394594E-08 ) :: heat equation
MAIN: 
MAIN: -------------------------------------
MAIN: Time: 120/600:   1.200E+01
MAIN: Estimated time left: 15.2 minutes
MAIN: -------------------------------------
MAIN: 
ComputeChange: NS (ITER=1) (NRM,RELC): (  213.33163     0.73872358E-03 ) :: heat equation
ComputeChange: NS (ITER=2) (NRM,RELC): (  213.32713     0.21063887E-04 ) :: heat equation
ComputeChange: NS (ITER=3) (NRM,RELC): (  213.32741     0.12908486E-05 ) :: heat equation
ComputeChange: NS (ITER=4) (NRM,RELC): (  213.32738     0.12007289E-06 ) :: heat equation
ComputeChange: NS (ITER=5) (NRM,RELC): (  213.32739     0.11021453E-07 ) :: heat equation
ComputeChange: NS (ITER=6) (NRM,RELC): (  213.32739     0.86049182E-09 ) :: heat equation
MAIN: 
MAIN: -------------------------------------
MAIN: Time: 121/600:   1.210E+01
MAIN: Estimated time left: 15.1 minutes
MAIN: -------------------------------------
MAIN: 
ComputeChange: NS (ITER=1) (NRM,RELC): (  214.32004     0.46423849E-02 ) :: heat equation
ComputeChange: NS (ITER=2) (NRM,RELC): (  214.28120     0.18122841E-03 ) :: heat equation
ComputeChange: NS (ITER=3) (NRM,RELC): (  214.28188     0.31822167E-05 ) :: heat equation
ComputeChange: NS (ITER=4) (NRM,RELC): (  214.28187     0.76640680E-07 ) :: heat equation
ComputeChange: NS (ITER=5) (NRM,RELC): (  214.28187     0.97142129E-08 ) :: heat equation
MAIN: 
MAIN: -------------------------------------
MAIN: Time: 122/600:   1.220E+01
MAIN: Estimated time left: 13.1 minutes
MAIN: -------------------------------------
MAIN: 
ComputeChange: NS (ITER=1) (NRM,RELC): (  214.84887     0.26425652E-02 ) :: heat equation
ComputeChange: NS (ITER=2) (NRM,RELC): (  214.85028     0.65471025E-05 ) :: heat equation
ComputeChange: NS (ITER=3) (NRM,RELC): (  214.85093     0.30426200E-05 ) :: heat equation
ComputeChange: NS (ITER=4) (NRM,RELC): (  214.85090     0.15463652E-06 ) :: heat equation
ComputeChange: NS (ITER=5) (NRM,RELC): (  214.85091     0.40694251E-07 ) :: heat equation
ComputeChange: NS (ITER=6) (NRM,RELC): (  214.85091     0.58460654E-08 ) :: heat equation
MAIN: 
MAIN: -------------------------------------
MAIN: Time: 123/600:   1.230E+01
MAIN: Estimated time left: 13.5 minutes
MAIN: -------------------------------------
MAIN: 
ComputeChange: NS (ITER=1) (NRM,RELC): (  215.23600     0.17907955E-02 ) :: heat equation
ComputeChange: NS (ITER=2) (NRM,RELC): (  215.22889     0.33038081E-04 ) :: heat equation
ComputeChange: NS (ITER=3) (NRM,RELC): (  215.22930     0.18990008E-05 ) :: heat equation
ComputeChange: NS (ITER=4) (NRM,RELC): (  215.22927     0.16797497E-06 ) :: heat equation
ComputeChange: NS (ITER=5) (NRM,RELC): (  215.22927     0.14768626E-07 ) :: heat equation
ComputeChange: NS (ITER=6) (NRM,RELC): (  215.22927     0.11991543E-08 ) :: heat equation
MAIN: 
MAIN: -------------------------------------
MAIN: Time: 124/600:   1.240E+01
MAIN: Estimated time left: 14.7 minutes
MAIN: -------------------------------------
MAIN: 
ComputeChange: NS (ITER=1) (NRM,RELC): (  215.51313     0.13179912E-02 ) :: heat equation
ComputeChange: NS (ITER=2) (NRM,RELC): (  215.51088     0.10424309E-04 ) :: heat equation
ComputeChange: NS (ITER=3) (NRM,RELC): (  215.51089     0.27212376E-07 ) :: heat equation
ComputeChange: NS (ITER=4) (NRM,RELC): (  215.51089     0.12365180E-09 ) :: heat equation
MAIN: 
MAIN: -------------------------------------
MAIN: Time: 125/600:   1.250E+01
MAIN: Estimated time left:  9.0 minutes
MAIN: -------------------------------------
MAIN: 
ComputeChange: NS (ITER=1) (NRM,RELC): (  215.74711     0.10954880E-02 ) :: heat equation
ComputeChange: NS (ITER=2) (NRM,RELC): (  215.74230     0.22282360E-04 ) :: heat equation
ComputeChange: NS (ITER=3) (NRM,RELC): (  215.74205     0.11285888E-05 ) :: heat equation
ComputeChange: NS (ITER=4) (NRM,RELC): (  215.74203     0.99938057E-07 ) :: heat equation
ComputeChange: NS (ITER=5) (NRM,RELC): (  215.74203     0.84719147E-08 ) :: heat equation
MAIN: 
MAIN: -------------------------------------
MAIN: Time: 126/600:   1.260E+01
MAIN: Estimated time left: 12.0 minutes
MAIN: -------------------------------------
MAIN: 
ComputeChange: NS (ITER=1) (NRM,RELC): (  215.94526     0.94157172E-03 ) :: heat equation
ComputeChange: NS (ITER=2) (NRM,RELC): (  215.94301     0.10453146E-04 ) :: heat equation
ComputeChange: NS (ITER=3) (NRM,RELC): (  215.94301     0.27017356E-07 ) :: heat equation
ComputeChange: NS (ITER=4) (NRM,RELC): (  215.94301     0.13694745E-09 ) :: heat equation
MAIN: 
MAIN: -------------------------------------
MAIN: Time: 127/600:   1.270E+01
MAIN: Estimated time left: 10.8 minutes
MAIN: -------------------------------------
MAIN: 
ComputeChange: NS (ITER=1) (NRM,RELC): (  216.12930     0.86232263E-03 ) :: heat equation
ComputeChange: NS (ITER=2) (NRM,RELC): (  216.12791     0.64577547E-05 ) :: heat equation
ComputeChange: NS (ITER=3) (NRM,RELC): (  216.12782     0.41996967E-06 ) :: heat equation
ComputeChange: NS (ITER=4) (NRM,RELC): (  216.12782     0.30305257E-08 ) :: heat equation
MAIN: 
MAIN: -------------------------------------
MAIN: Time: 128/600:   1.280E+01
MAIN: Estimated time left: 10.1 minutes
MAIN: -------------------------------------
MAIN: 
ComputeChange: NS (ITER=1) (NRM,RELC): (  216.30174     0.80439910E-03 ) :: heat equation
ComputeChange: NS (ITER=2) (NRM,RELC): (  216.30114     0.27638712E-05 ) :: heat equation
ComputeChange: NS (ITER=3) (NRM,RELC): (  216.30126     0.55543301E-06 ) :: heat equation
ComputeChange: NS (ITER=4) (NRM,RELC): (  216.30127     0.37818334E-07 ) :: heat equation
ComputeChange: NS (ITER=5) (NRM,RELC): (  216.30127     0.26727151E-08 ) :: heat equation
MAIN: 
MAIN: -------------------------------------
MAIN: Time: 129/600:   1.290E+01
MAIN: Estimated time left: 12.4 minutes
MAIN: -------------------------------------
MAIN: 
ComputeChange: NS (ITER=1) (NRM,RELC): (  216.46834     0.77209411E-03 ) :: heat equation
ComputeChange: NS (ITER=2) (NRM,RELC): (  216.46966     0.60993811E-05 ) :: heat equation
ComputeChange: NS (ITER=3) (NRM,RELC): (  216.46958     0.39578560E-06 ) :: heat equation
ComputeChange: NS (ITER=4) (NRM,RELC): (  216.46958     0.12596708E-07 ) :: heat equation
ComputeChange: NS (ITER=5) (NRM,RELC): (  216.46958     0.22925087E-09 ) :: heat equation
MAIN: 
MAIN: -------------------------------------
MAIN: Time: 130/600:   1.300E+01
MAIN: Estimated time left: 12.4 minutes
MAIN: -------------------------------------
MAIN: 
ComputeChange: NS (ITER=1) (NRM,RELC): (  216.63303     0.75481680E-03 ) :: heat equation
ComputeChange: NS (ITER=2) (NRM,RELC): (  216.62921     0.17677159E-04 ) :: heat equation
ComputeChange: NS (ITER=3) (NRM,RELC): (  216.62904     0.75307506E-06 ) :: heat equation
ComputeChange: NS (ITER=4) (NRM,RELC): (  216.62903     0.51777597E-07 ) :: heat equation
ComputeChange: NS (ITER=5) (NRM,RELC): (  216.62903     0.34730037E-08 ) :: heat equation
MAIN: 
MAIN: -------------------------------------
MAIN: Time: 131/600:   1.310E+01
MAIN: Estimated time left: 13.5 minutes
MAIN: -------------------------------------
MAIN: 
ComputeChange: NS (ITER=1) (NRM,RELC): (  216.78454     0.71760087E-03 ) :: heat equation
ComputeChange: NS (ITER=2) (NRM,RELC): (  216.78564     0.50679080E-05 ) :: heat equation
ComputeChange: NS (ITER=3) (NRM,RELC): (  216.78559     0.23896106E-06 ) :: heat equation
ComputeChange: NS (ITER=4) (NRM,RELC): (  216.78558     0.39190326E-07 ) :: heat equation
ComputeChange: NS (ITER=5) (NRM,RELC): (  216.78558     0.12343370E-07 ) :: heat equation
ComputeChange: NS (ITER=6) (NRM,RELC): (  216.78558     0.27078146E-08 ) :: heat equation
MAIN: 
MAIN: -------------------------------------
MAIN: Time: 132/600:   1.320E+01
MAIN: Estimated time left: 13.8 minutes
MAIN: -------------------------------------
MAIN: 
ComputeChange: NS (ITER=1) (NRM,RELC): (  216.93819     0.70373107E-03 ) :: heat equation
ComputeChange: NS (ITER=2) (NRM,RELC): (  216.93339     0.22153212E-04 ) :: heat equation
ComputeChange: NS (ITER=3) (NRM,RELC): (  216.93331     0.35598536E-06 ) :: heat equation
ComputeChange: NS (ITER=4) (NRM,RELC): (  216.93331     0.77601699E-08 ) :: heat equation
MAIN: 
MAIN: -------------------------------------
MAIN: Time: 133/600:   1.330E+01
MAIN: Estimated time left:  9.3 minutes
MAIN: -------------------------------------
MAIN: 
ComputeChange: NS (ITER=1) (NRM,RELC): (  217.08274     0.68860116E-03 ) :: heat equation
ComputeChange: NS (ITER=2) (NRM,RELC): (  217.07446     0.38125029E-04 ) :: heat equation
ComputeChange: NS (ITER=3) (NRM,RELC): (  217.07442     0.21047245E-06 ) :: heat equation
ComputeChange: NS (ITER=4) (NRM,RELC): (  217.07439     0.11766880E-06 ) :: heat equation
ComputeChange: NS (ITER=5) (NRM,RELC): (  217.07439     0.40698447E-08 ) :: heat equation
MAIN: 
MAIN: -------------------------------------
MAIN: Time: 134/600:   1.340E+01
MAIN: Estimated time left: 13.2 minutes
MAIN: -------------------------------------
MAIN: 
ComputeChange: NS (ITER=1) (NRM,RELC): (  217.84125     0.35264631E-02 ) :: heat equation
ComputeChange: NS (ITER=2) (NRM,RELC): (  217.82086     0.93578678E-04 ) :: heat equation
ComputeChange: NS (ITER=3) (NRM,RELC): (  217.82135     0.22192733E-05 ) :: heat equation
ComputeChange: NS (ITER=4) (NRM,RELC): (  217.82131     0.15295453E-06 ) :: heat equation
ComputeChange: NS (ITER=5) (NRM,RELC): (  217.82131     0.10502713E-07 ) :: heat equation
ComputeChange: NS (ITER=6) (NRM,RELC): (  217.82131     0.28784539E-08 ) :: heat equation
MAIN: 
MAIN: -------------------------------------
MAIN: Time: 135/600:   1.350E+01
MAIN: Estimated time left: 12.3 minutes
MAIN: -------------------------------------
MAIN: 
ComputeChange: NS (ITER=1) (NRM,RELC): (  218.45362     0.28986507E-02 ) :: heat equation
ComputeChange: NS (ITER=2) (NRM,RELC): (  218.45211     0.68762202E-05 ) :: heat equation
ComputeChange: NS (ITER=3) (NRM,RELC): (  218.45311     0.45861172E-05 ) :: heat equation
ComputeChange: NS (ITER=4) (NRM,RELC): (  218.45305     0.30537677E-06 ) :: heat equation
ComputeChange: NS (ITER=5) (NRM,RELC): (  218.45306     0.63730381E-07 ) :: heat equation
ComputeChange: NS (ITER=6) (NRM,RELC): (  218.45306     0.93255030E-08 ) :: heat equation
MAIN: 
MAIN: -------------------------------------
MAIN: Time: 136/600:   1.360E+01
MAIN: Estimated time left: 13.2 minutes
MAIN: -------------------------------------
MAIN: 
ComputeChange: NS (ITER=1) (NRM,RELC): (  218.87069     0.19099254E-02 ) :: heat equation
ComputeChange: NS (ITER=2) (NRM,RELC): (  218.86422     0.29538904E-04 ) :: heat equation
ComputeChange: NS (ITER=3) (NRM,RELC): (  218.86449     0.12387622E-05 ) :: heat equation
ComputeChange: NS (ITER=4) (NRM,RELC): (  218.86448     0.85951456E-07 ) :: heat equation
ComputeChange: NS (ITER=5) (NRM,RELC): (  218.86448     0.61046938E-08 ) :: heat equation
MAIN: 
MAIN: -------------------------------------
MAIN: Time: 137/600:   1.370E+01
MAIN: Estimated time left: 11.4 minutes
MAIN: -------------------------------------
MAIN: 
ComputeChange: NS (ITER=1) (NRM,RELC): (  219.16046     0.13514470E-02 ) :: heat equation
ComputeChange: NS (ITER=2) (NRM,RELC): (  219.15822     0.10244237E-04 ) :: heat equation
ComputeChange: NS (ITER=3) (NRM,RELC): (  219.15822     0.26901044E-07 ) :: heat equation
ComputeChange: NS (ITER=4) (NRM,RELC): (  219.15822     0.11869636E-09 ) :: heat equation
MAIN: 
MAIN: -------------------------------------
MAIN: Time: 138/600:   1.380E+01
MAIN: Estimated time left:  9.5 minutes
MAIN: -------------------------------------
MAIN: 
ComputeChange: NS (ITER=1) (NRM,RELC): (  219.39614     0.10850093E-02 ) :: heat equation
ComputeChange: NS (ITER=2) (NRM,RELC): (  219.39395     0.99739467E-05 ) :: heat equation
ComputeChange: NS (ITER=3) (NRM,RELC): (  219.39396     0.27501713E-07 ) :: heat equation
ComputeChange: NS (ITER=4) (NRM,RELC): (  219.39396     0.13081329E-09 ) :: heat equation
MAIN: 
MAIN: -------------------------------------
MAIN: Time: 139/600:   1.390E+01
MAIN: Estimated time left: 10.4 minutes
MAIN: -------------------------------------
MAIN: 
ComputeChange: NS (ITER=1) (NRM,RELC): (  219.59877     0.93309754E-03 ) :: heat equation
ComputeChange: NS (ITER=2) (NRM,RELC): (  219.59540     0.15347827E-04 ) :: heat equation
ComputeChange: NS (ITER=3) (NRM,RELC): (  219.59519     0.94224299E-06 ) :: heat equation
ComputeChange: NS (ITER=4) (NRM,RELC): (  219.59515     0.17058796E-06 ) :: heat equation
ComputeChange: NS (ITER=5) (NRM,RELC): (  219.59515     0.29817589E-07 ) :: heat equation
ComputeChange: NS (ITER=6) (NRM,RELC): (  219.59515     0.51481855E-08 ) :: heat equation
MAIN: 
MAIN: -------------------------------------
MAIN: Time: 140/600:   1.400E+01
MAIN: Estimated time left: 14.4 minutes
MAIN: -------------------------------------
MAIN: 
ComputeChange: NS (ITER=1) (NRM,RELC): (  219.77385     0.81345905E-03 ) :: heat equation
ComputeChange: NS (ITER=2) (NRM,RELC): (  219.77184     0.91403342E-05 ) :: heat equation
ComputeChange: NS (ITER=3) (NRM,RELC): (  219.77187     0.13606918E-06 ) :: heat equation
ComputeChange: NS (ITER=4) (NRM,RELC): (  219.77188     0.18474516E-07 ) :: heat equation
ComputeChange: NS (ITER=5) (NRM,RELC): (  219.77188     0.32084140E-08 ) :: heat equation
MAIN: 
MAIN: -------------------------------------
MAIN: Time: 141/600:   1.410E+01
MAIN: Estimated time left: 10.3 minutes
MAIN: -------------------------------------
MAIN: 
ComputeChange: NS (ITER=1) (NRM,RELC): (  219.94157     0.77186198E-03 ) :: heat equation
ComputeChange: NS (ITER=2) (NRM,RELC): (  219.94147     0.47107524E-06 ) :: heat equation
ComputeChange: NS (ITER=3) (NRM,RELC): (  219.94146     0.67937116E-07 ) :: heat equation
ComputeChange: NS (ITER=4) (NRM,RELC): (  219.94146     0.48705326E-08 ) :: heat equation
MAIN: 
MAIN: -------------------------------------
MAIN: Time: 142/600:   1.420E+01
MAIN: Estimated time left:  7.9 minutes
MAIN: -------------------------------------
MAIN: 
ComputeChange: NS (ITER=1) (NRM,RELC): (  220.10060     0.72331696E-03 ) :: heat equation
ComputeChange: NS (ITER=2) (NRM,RELC): (  220.09766     0.13354018E-04 ) :: heat equation
ComputeChange: NS (ITER=3) (NRM,RELC): (  220.09755     0.51936877E-06 ) :: heat equation
ComputeChange: NS (ITER=4) (NRM,RELC): (  220.09756     0.71614963E-07 ) :: heat equation
ComputeChange: NS (ITER=5) (NRM,RELC): (  220.09756     0.15280454E-07 ) :: heat equation
ComputeChange: NS (ITER=6) (NRM,RELC): (  220.09756     0.29229214E-08 ) :: heat equation
MAIN: 
MAIN: -------------------------------------
MAIN: Time: 143/600:   1.430E+01
MAIN: Estimated time left: 12.7 minutes
MAIN: -------------------------------------
MAIN: 
ComputeChange: NS (ITER=1) (NRM,RELC): (  220.25199     0.70140255E-03 ) :: heat equation
ComputeChange: NS (ITER=2) (NRM,RELC): (  220.25026     0.78520753E-05 ) :: heat equation
ComputeChange: NS (ITER=3) (NRM,RELC): (  220.25026     0.11301506E-07 ) :: heat equation
ComputeChange: NS (ITER=4) (NRM,RELC): (  220.25026     0.18135674E-10 ) :: heat equation
MAIN: 
MAIN: -------------------------------------
MAIN: Time: 144/600:   1.440E+01
MAIN: Estimated time left:  8.9 minutes
MAIN: -------------------------------------
MAIN: 
ComputeChange: NS (ITER=1) (NRM,RELC): (  220.39945     0.67711738E-03 ) :: heat equation
ComputeChange: NS (ITER=2) (NRM,RELC): (  220.39613     0.15075950E-04 ) :: heat equation
ComputeChange: NS (ITER=3) (NRM,RELC): (  220.39590     0.10351121E-05 ) :: heat equation
ComputeChange: NS (ITER=4) (NRM,RELC): (  220.39590     0.33448382E-08 ) :: heat equation
MAIN: 
MAIN: -------------------------------------
MAIN: Time: 145/600:   1.450E+01
MAIN: Estimated time left:  9.8 minutes
MAIN: -------------------------------------
MAIN: 
ComputeChange: NS (ITER=1) (NRM,RELC): (  220.54226     0.66384356E-03 ) :: heat equation
ComputeChange: NS (ITER=2) (NRM,RELC): (  220.53628     0.27089838E-04 ) :: heat equation
ComputeChange: NS (ITER=3) (NRM,RELC): (  220.53623     0.23108646E-06 ) :: heat equation
ComputeChange: NS (ITER=4) (NRM,RELC): (  220.53622     0.70174020E-07 ) :: heat equation
ComputeChange: NS (ITER=5) (NRM,RELC): (  220.53621     0.96472301E-08 ) :: heat equation
MAIN: 
MAIN: -------------------------------------
MAIN: Time: 146/600:   1.460E+01
MAIN: Estimated time left: 12.6 minutes
MAIN: -------------------------------------
MAIN: 
ComputeChange: NS (ITER=1) (NRM,RELC): (  220.67390     0.62411974E-03 ) :: heat equation
ComputeChange: NS (ITER=2) (NRM,RELC): (  220.66788     0.27254775E-04 ) :: heat equation
ComputeChange: NS (ITER=3) (NRM,RELC): (  220.66797     0.39448152E-06 ) :: heat equation
ComputeChange: NS (ITER=4) (NRM,RELC): (  220.66797     0.14201044E-07 ) :: heat equation
ComputeChange: NS (ITER=5) (NRM,RELC): (  220.66797     0.26589194E-09 ) :: heat equation
MAIN: 
MAIN: -------------------------------------
MAIN: Time: 147/600:   1.470E+01
MAIN: Estimated time left: 11.8 minutes
MAIN: -------------------------------------
MAIN: 
ComputeChange: NS (ITER=1) (NRM,RELC): (  221.25584     0.26604955E-02 ) :: heat equation
ComputeChange: NS (ITER=2) (NRM,RELC): (  221.24117     0.66277172E-04 ) :: heat equation
ComputeChange: NS (ITER=3) (NRM,RELC): (  221.24156     0.17331126E-05 ) :: heat equation
ComputeChange: NS (ITER=4) (NRM,RELC): (  221.24153     0.10183753E-06 ) :: heat equation
ComputeChange: NS (ITER=5) (NRM,RELC): (  221.24153     0.51191062E-08 ) :: heat equation
MAIN: 
MAIN: -------------------------------------
MAIN: Time: 148/600:   1.480E+01
MAIN: Estimated time left: 10.4 minutes
MAIN: -------------------------------------
MAIN: 
ComputeChange: NS (ITER=1) (NRM,RELC): (  221.89475     0.29481500E-02 ) :: heat equation
ComputeChange: NS (ITER=2) (NRM,RELC): (  221.88612     0.38903261E-04 ) :: heat equation
ComputeChange: NS (ITER=3) (NRM,RELC): (  221.88752     0.63113236E-05 ) :: heat equation
ComputeChange: NS (ITER=4) (NRM,RELC): (  221.88728     0.10588460E-05 ) :: heat equation
ComputeChange: NS (ITER=5) (NRM,RELC): (  221.88732     0.18579148E-06 ) :: heat equation
ComputeChange: NS (ITER=6) (NRM,RELC): (  221.88732     0.40361737E-07 ) :: heat equation
ComputeChange: NS (ITER=7) (NRM,RELC): (  221.88732     0.78731106E-08 ) :: heat equation
MAIN: 
MAIN: -------------------------------------
MAIN: Time: 149/600:   1.490E+01
MAIN: Estimated time left: 16.3 minutes
MAIN: -------------------------------------
MAIN: 
ComputeChange: NS (ITER=1) (NRM,RELC): (  222.34673     0.20683149E-02 ) :: heat equation
ComputeChange: NS (ITER=2) (NRM,RELC): (  222.33793     0.39558600E-04 ) :: heat equation
ComputeChange: NS (ITER=3) (NRM,RELC): (  222.33847     0.24090144E-05 ) :: heat equation
ComputeChange: NS (ITER=4) (NRM,RELC): (  222.33842     0.22365392E-06 ) :: heat equation
ComputeChange: NS (ITER=5) (NRM,RELC): (  222.33842     0.20088349E-07 ) :: heat equation
ComputeChange: NS (ITER=6) (NRM,RELC): (  222.33842     0.16550792E-08 ) :: heat equation
MAIN: 
MAIN: -------------------------------------
MAIN: Time: 150/600:   1.500E+01
MAIN: Estimated time left: 16.2 minutes
MAIN: -------------------------------------
MAIN: 
ComputeChange: NS (ITER=1) (NRM,RELC): (  222.65301     0.14139146E-02 ) :: heat equation
ComputeChange: NS (ITER=2) (NRM,RELC): (  222.65073     0.10216326E-04 ) :: heat equation
ComputeChange: NS (ITER=3) (NRM,RELC): (  222.65074     0.27034041E-07 ) :: heat equation
ComputeChange: NS (ITER=4) (NRM,RELC): (  222.65074     0.11616392E-09 ) :: heat equation
REF time=  15.000 max=  1550.832 energy residual= -2.5574E+00
MAIN: 
MAIN: -------------------------------------
MAIN: Time: 151/600:   1.510E+01
MAIN: Estimated time left:  9.6 minutes
MAIN: -------------------------------------
MAIN: 
ComputeChange: NS (ITER=1) (NRM,RELC): (  222.89660     0.11036396E-02 ) :: heat equation
ComputeChange: NS (ITER=2) (NRM,RELC): (  222.89412     0.11132147E-04 ) :: heat equation
ComputeChange: NS (ITER=3) (NRM,RELC): (  222.89409     0.15214737E-06 ) :: heat equation
ComputeChange: NS (ITER=4) (NRM,RELC): (  222.89408     0.20041220E-07 ) :: heat equation
ComputeChange: NS (ITER=5) (NRM,RELC): (  222.89408     0.21685715E-08 ) :: heat equation
MAIN: 
MAIN: -------------------------------------
MAIN: Time: 152/600:   1.520E+01
MAIN: Estimated time left: 12.6 minutes
MAIN: -------------------------------------
MAIN: 
ComputeChange: NS (ITER=1) (NRM,RELC): (  223.10021     0.92433087E-03 ) :: heat equation
ComputeChange: NS (ITER=2) (NRM,RELC): (  223.09564     0.20479010E-04 ) :: heat equation
ComputeChange: NS (ITER=3) (NRM,RELC): (  223.09548     0.68499279E-06 ) :: heat equation
ComputeChange: NS (ITER=4) (NRM,RELC): (  223.09547     0.42556869E-07 ) :: heat equation
ComputeChange: NS (ITER=5) (NRM,RELC): (  223.09547     0.25068733E-08 ) :: heat equation
MAIN: 
MAIN: -------------------------------------
MAIN: Time: 153/600:   1.530E+01
MAIN: Estimated time left: 11.1 minutes
MAIN: -------------------------------------
MAIN: 
ComputeChange: NS (ITER=1) (NRM,RELC): (  223.27546     0.80645092E-03 ) :: heat equation
ComputeChange: NS (ITER=2) (NRM,RELC): (  223.27305     0.10789423E-04 ) :: heat equation
ComputeChange: NS (ITER=3) (NRM,RELC): (  223.27296     0.41710148E-06 ) :: heat equation
ComputeChange: NS (ITER=4) (NRM,RELC): (  223.27294     0.10304466E-06 ) :: heat equation
ComputeChange: NS (ITER=5) (NRM,RELC): (  223.27293     0.21810304E-07 ) :: heat equation
ComputeChange: NS (ITER=6) (NRM,RELC): (  223.27293     0.43417339E-08 ) :: heat equation
MAIN: 
MAIN: -------------------------------------
MAIN: Time: 154/600:   1.540E+01
MAIN: Estimated time left: 13.2 minutes
MAIN: -------------------------------------
MAIN: 
ComputeChange: NS (ITER=1) (NRM,RELC): (  223.43409     0.72156357E-03 ) :: heat equation
ComputeChange: NS (ITER=2) (NRM,RELC): (  223.43255     0.68962490E-05 ) :: heat equation
ComputeChange: NS (ITER=3) (NRM,RELC): (  223.43246     0.40697896E-06 ) :: heat equation
ComputeChange: NS (ITER=4) (NRM,RELC): (  223.43248     0.71498425E-07 ) :: heat equation
ComputeChange: NS (ITER=5) (NRM,RELC): (  223.43248     0.11790788E-07 ) :: heat equation
ComputeChange: NS (ITER=6) (NRM,RELC): (  223.43248     0.18621646E-08 ) :: heat equation
MAIN: 
MAIN: -------------------------------------
MAIN: Time: 155/600:   1.550E+01
MAIN: Estimated time left: 17.1 minutes
MAIN: -------------------------------------
MAIN: 
ComputeChange: NS (ITER=1) (NRM,RELC): (  223.58608     0.68723406E-03 ) :: heat equation
ComputeChange: NS (ITER=2) (NRM,RELC): (  223.58401     0.92448902E-05 ) :: heat equation
ComputeChange: NS (ITER=3) (NRM,RELC): (  223.58402     0.15628881E-07 ) :: heat equation
ComputeChange: NS (ITER=4) (NRM,RELC): (  223.58402     0.28193148E-10 ) :: heat equation
MAIN: 
MAIN: -------------------------------------
MAIN: Time: 156/600:   1.560E+01
MAIN: Estimated time left: 10.9 minutes
MAIN: -------------------------------------
MAIN: 
ComputeChange: NS (ITER=1) (NRM,RELC): (  223.73073     0.65596680E-03 ) :: heat equation
ComputeChange: NS (ITER=2) (NRM,RELC): (  223.72679     0.17604104E-04 ) :: heat equation
ComputeChange: NS (ITER=3) (NRM,RELC): (  223.72654     0.11185973E-05 ) :: heat equation
ComputeChange: NS (ITER=4) (NRM,RELC): (  223.72656     0.10594780E-06 ) :: heat equation
ComputeChange: NS (ITER=5) (NRM,RELC): (  223.72656     0.14508674E-07 ) :: heat equation
ComputeChange: NS (ITER=6) (NRM,RELC): (  223.72656     0.17318859E-08 ) :: heat equation
MAIN: 
MAIN: -------------------------------------
MAIN: Time: 157/600:   1.570E+01
MAIN: Estimated time left: 14.8 minutes
MAIN: -------------------------------------
MAIN: 
ComputeChange: NS (ITER=1) (NRM,RELC): (  223.86742     0.62942685E-03 ) :: heat equation
ComputeChange: NS (ITER=2) (NRM,RELC): (  223.86587     0.69634604E-05 ) :: heat equation
ComputeChange: NS (ITER=3) (NRM,RELC): (  223.86587     0.10663957E-07 ) :: heat equation
ComputeChange: NS (ITER=4) (NRM,RELC): (  223.86587     0.12657397E-10 ) :: heat equation
MAIN: 
MAIN: -------------------------------------
MAIN: Time: 158/600:   1.580E+01
MAIN: Estimated time left: 10.3 minutes
MAIN: -------------------------------------
MAIN: 
ComputeChange: NS (ITER=1) (NRM,RELC): (  224.00273     0.61116906E-03 ) :: heat equation
ComputeChange: NS (ITER=2) (NRM,RELC): (  223.99738     0.23874869E-04 ) :: heat equation
ComputeChange: NS (ITER=3) (NRM,RELC): (  223.99722     0.70185131E-06 ) :: heat equation
ComputeChange: NS (ITER=4) (NRM,RELC): (  223.99723     0.92177686E-08 ) :: heat equation
MAIN: 
MAIN: -------------------------------------
MAIN: Time: 159/600:   1.590E+01
MAIN: Estimated time left:  8.8 minutes
MAIN: -------------------------------------
MAIN: 
ComputeChange: NS (ITER=1) (NRM,RELC): (  224.12904     0.58828774E-03 ) :: heat equation
ComputeChange: NS (ITER=2) (NRM,RELC): (  224.12136     0.34251739E-04 ) :: heat equation
ComputeChange: NS (ITER=3) (NRM,RELC): (  224.12136     0.15262180E-07 ) :: heat equation
ComputeChange: NS (ITER=4) (NRM,RELC): (  224.12136     0.17050355E-07 ) :: heat equation
ComputeChange: NS (ITER=5) (NRM,RELC): (  224.12136     0.38679079E-08 ) :: heat equation
MAIN: 
MAIN: -------------------------------------
MAIN: Time: 160/600:   1.600E+01
MAIN: Estimated time left: 10.3 minutes
MAIN: -------------------------------------
MAIN: 
ComputeChange: NS (ITER=1) (NRM,RELC): (  224.24576     0.55490352E-03 ) :: heat equation
ComputeChange: NS (ITER=2) (NRM,RELC): (  224.23905     0.29898914E-04 ) :: heat equation
ComputeChange: NS (ITER=3) (NRM,RELC): (  224.23923     0.78807510E-06 ) :: heat equation
ComputeChange: NS (ITER=4) (NRM,RELC): (  224.23917     0.24933421E-06 ) :: heat equation
ComputeChange: NS (ITER=5) (NRM,RELC): (  224.23917     0.10468769E-08 ) :: heat equation
MAIN: 
MAIN: -------------------------------------
MAIN: Time: 161/600:   1.610E+01
MAIN: Estimated time left:  9.8 minutes
MAIN: -------------------------------------
MAIN: 
ComputeChange: NS (ITER=1) (NRM,RELC): (  225.16702     0.41292228E-02 ) :: heat equation
ComputeChange: NS (ITER=2) (NRM,RELC): (  225.14639     0.91623478E-04 ) :: heat equation
ComputeChange: NS (ITER=3) (NRM,RELC): (  225.14888     0.11045700E-04 ) :: heat equation
ComputeChange: NS (ITER=4) (NRM,RELC): (  225.14855     0.14546421E-05 ) :: heat equation
ComputeChange: NS (ITER=5) (NRM,RELC): (  225.14864     0.37521614E-06 ) :: heat equation
ComputeChange: NS (ITER=6) (NRM,RELC): (  225.14862     0.73649136E-07 ) :: heat equation
ComputeChange: NS (ITER=7) (NRM,RELC): (  225.14862     0.16560107E-07 ) :: heat equation
ComputeChange: NS (ITER=8) (NRM,RELC): (  225.14862     0.34167911E-08 ) :: heat equation
MAIN: 
MAIN: -------------------------------------
MAIN: Time: 162/600:   1.620E+01
MAIN: Estimated time left: 16.4 minutes
MAIN: -------------------------------------
MAIN: 
ComputeChange: NS (ITER=1) (NRM,RELC): (  225.67596     0.23394177E-02 ) :: heat equation
ComputeChange: NS (ITER=2) (NRM,RELC): (  225.66042     0.68865761E-04 ) :: heat equation
ComputeChange: NS (ITER=3) (NRM,RELC): (  225.66101     0.26177046E-05 ) :: heat equation
ComputeChange: NS (ITER=4) (NRM,RELC): (  225.66094     0.27401433E-06 ) :: heat equation
ComputeChange: NS (ITER=5) (NRM,RELC): (  225.66095     0.24593643E-07 ) :: heat equation
ComputeChange: NS (ITER=6) (NRM,RELC): (  225.66095     0.21157322E-08 ) :: heat equation
MAIN: 
MAIN: -------------------------------------
MAIN: Time: 163/600:   1.630E+01
MAIN: Estimated time left: 12.5 minutes
MAIN: -------------------------------------
MAIN: 
ComputeChange: NS (ITER=1) (NRM,RELC): (  226.00052     0.15036597E-02 ) :: heat equation
ComputeChange: NS (ITER=2) (NRM,RELC): (  225.99812     0.10607473E-04 ) :: heat equation
ComputeChange: NS (ITER=3) (NRM,RELC): (  225.99813     0.29432467E-07 ) :: heat equation
ComputeChange: NS (ITER=4) (NRM,RELC): (  225.99813     0.68043644E-10 ) :: heat equation
MAIN: 
MAIN: -------------------------------------
MAIN: Time: 164/600:   1.640E+01
MAIN: Estimated time left:  8.5 minutes
MAIN: -------------------------------------
MAIN: 
ComputeChange: NS (ITER=1) (NRM,RELC): (  226.25317     0.11278575E-02 ) :: heat equation
ComputeChange: NS (ITER=2) (NRM,RELC): (  226.25104     0.93873843E-05 ) :: heat equation
ComputeChange: NS (ITER=3) (NRM,RELC): (  226.25105     0.25963175E-07 ) :: heat equation
ComputeChange: NS (ITER=4) (NRM,RELC): (  226.25105     0.11723759E-09 ) :: heat equation
MAIN: 
MAIN: -------------------------------------
MAIN: Time: 165/600:   1.650E+01
MAIN: Estimated time left:  8.0 minutes
MAIN: -------------------------------------
MAIN: 
ComputeChange: NS (ITER=1) (NRM,RELC): (  226.45979     0.92215558E-03 ) :: heat equation
ComputeChange: NS (ITER=2) (NRM,RELC): (  226.45738     0.10604383E-04 ) :: heat equation
ComputeChange: NS (ITER=3) (NRM,RELC): (  226.45735     0.13560897E-06 ) :: heat equation
ComputeChange: NS (ITER=4) (NRM,RELC): (  226.45735     0.24719782E-07 ) :: heat equation
ComputeChange: NS (ITER=5) (NRM,RELC): (  226.45735     0.36496843E-08 ) :: heat equation
MAIN: 
MAIN: -------------------------------------
MAIN: Time: 166/600:   1.660E+01
MAIN: Estimated time left:  9.6 minutes
MAIN: -------------------------------------
MAIN: 
ComputeChange: NS (ITER=1) (NRM,RELC): (  226.63794     0.79714412E-03 ) :: heat equation
ComputeChange: NS (ITER=2) (NRM,RELC): (  226.63495     0.13178245E-04 ) :: heat equation
ComputeChange: NS (ITER=3) (NRM,RELC): (  226.63487     0.34808474E-06 ) :: heat equation
ComputeChange: NS (ITER=4) (NRM,RELC): (  226.63487     0.27815066E-07 ) :: heat equation
ComputeChange: NS (ITER=5) (NRM,RELC): (  226.63487     0.19369287E-08 ) :: heat equation
MAIN: 
MAIN: -------------------------------------
MAIN: Time: 167/600:   1.670E+01
MAIN: Estimated time left:  9.8 minutes
MAIN: -------------------------------------
MAIN: 
ComputeChange: NS (ITER=1) (NRM,RELC): (  226.79712     0.71567957E-03 ) :: heat equation
ComputeChange: NS (ITER=2) (NRM,RELC): (  226.79284     0.18874258E-04 ) :: heat equation
ComputeChange: NS (ITER=3) (NRM,RELC): (  226.79249     0.15572039E-05 ) :: heat equation
ComputeChange: NS (ITER=4) (NRM,RELC): (  226.79243     0.24209418E-06 ) :: heat equation
ComputeChange: NS (ITER=5) (NRM,RELC): (  226.79242     0.36755024E-07 ) :: heat equation
ComputeChange: NS (ITER=6) (NRM,RELC): (  226.79242     0.55062102E-08 ) :: heat equation
MAIN: 
MAIN: -------------------------------------
MAIN: Time: 168/600:   1.680E+01
MAIN: Estimated time left: 12.6 minutes
MAIN: -------------------------------------
MAIN: 
ComputeChange: NS (ITER=1) (NRM,RELC): (  226.93569     0.63149967E-03 ) :: heat equation
ComputeChange: NS (ITER=2) (NRM,RELC): (  226.93506     0.27744984E-05 ) :: heat equation
ComputeChange: NS (ITER=3) (NRM,RELC): (  226.93493     0.55972166E-06 ) :: heat equation
ComputeChange: NS (ITER=4) (NRM,RELC): (  226.93494     0.55599942E-07 ) :: heat equation
ComputeChange: NS (ITER=5) (NRM,RELC): (  226.93494     0.52535646E-08 ) :: heat equation
MAIN: 
MAIN: -------------------------------------
MAIN: Time: 169/600:   1.690E+01
MAIN: Estimated time left: 11.9 minutes
MAIN: -------------------------------------
MAIN: 
ComputeChange: NS (ITER=1) (NRM,RELC): (  227.07446     0.61461957E-03 ) :: heat equation
ComputeChange: NS (ITER=2) (NRM,RELC): (  227.07267     0.79121228E-05 ) :: heat equation
ComputeChange: NS (ITER=3) (NRM,RELC): (  227.07266     0.16335190E-07 ) :: heat equation
ComputeChange: NS (ITER=4) (NRM,RELC): (  227.07266     0.44531956E-08 ) :: heat equation
MAIN: 
MAIN: -------------------------------------
MAIN: Time: 170/600:   1.700E+01
MAIN: Estimated time left: 10.2 minutes
MAIN: -------------------------------------
MAIN: 
ComputeChange: NS (ITER=1) (NRM,RELC): (  227.20520     0.58349703E-03 ) :: heat equation
ComputeChange: NS (ITER=2) (NRM,RELC): (  227.20394     0.55181652E-05 ) :: heat equation
ComputeChange: NS (ITER=3) (NRM,RELC): (  227.20380     0.63181614E-06 ) :: heat equation
ComputeChange: NS (ITER=4) (NRM,RELC): (  227.20381     0.25370542E-07 ) :: heat equation
ComputeChange: NS (ITER=5) (NRM,RELC): (  227.20381     0.10953323E-08 ) :: heat equation
MAIN: 
MAIN: -------------------------------------
MAIN: Time: 171/600:   1.710E+01
MAIN: Estimated time left: 12.6 minutes
MAIN: -------------------------------------
MAIN: 
ComputeChange: NS (ITER=1) (NRM,RELC): (  227.33268     0.56706450E-03 ) :: heat equation
ComputeChange: NS (ITER=2) (NRM,RELC): (  227.32899     0.16248775E-04 ) :: heat equation
ComputeChange: NS (ITER=3) (NRM,RELC): (  227.32924     0.11178129E-05 ) :: heat equation
ComputeChange: NS (ITER=4) (NRM,RELC): (  227.32921     0.13935365E-06 ) :: heat equation
ComputeChange: NS (ITER=5) (NRM,RELC): (  227.32921     0.17215596E-07 ) :: heat equation
ComputeChange: NS (ITER=6) (NRM,RELC): (  227.32921     0.19173095E-08 ) :: heat equation
MAIN: 
MAIN: -------------------------------------
MAIN: Time: 172/600:   1.720E+01
MAIN: Estimated time left: 16.2 minutes
MAIN: -------------------------------------
MAIN: 
ComputeChange: NS (ITER=1) (NRM,RELC): (  227.45246     0.54198021E-03 ) :: heat equation
ComputeChange: NS (ITER=2) (NRM,RELC): (  227.44755     0.21547427E-04 ) :: heat equation
ComputeChange: NS (ITER=3) (NRM,RELC): (  227.44760     0.21005067E-06 ) :: heat equation
ComputeChange: NS (ITER=4) (NRM,RELC): (  227.44760     0.20002919E-07 ) :: heat equation
ComputeChange: NS (ITER=5) (NRM,RELC): (  227.44760     0.19571608E-08 ) :: heat equation
MAIN: 
MAIN: -------------------------------------
MAIN: Time: 173/600:   1.730E+01
MAIN: Estimated time left: 12.7 minutes
MAIN: -------------------------------------
MAIN: 
ComputeChange: NS (ITER=1) (NRM,RELC): (  227.56643     0.52232459E-03 ) :: heat equation
ComputeChange: NS (ITER=2) (NRM,RELC): (  227.55791     0.37455517E-04 ) :: heat equation
ComputeChange: NS (ITER=3) (NRM,RELC): (  227.55828     0.16552901E-05 ) :: heat equation
ComputeChange: NS (ITER=4) (NRM,RELC): (  227.55824     0.20735325E-06 ) :: heat equation
ComputeChange: NS (ITER=5) (NRM,RELC): (  227.55824     0.26499782E-07 ) :: heat equation
ComputeChange: NS (ITER=6) (NRM,RELC): (  227.55824     0.33532096E-08 ) :: heat equation
MAIN: 
MAIN: -------------------------------------
MAIN: Time: 174/600:   1.740E+01
MAIN: Estimated time left: 14.1 minutes
MAIN: -------------------------------------
MAIN: 
ComputeChange: NS (ITER=1) (NRM,RELC): (  228.27863     0.31607192E-02 ) :: heat equation
ComputeChange: NS (ITER=2) (NRM,RELC): (  228.26047     0.79532314E-04 ) :: heat equation
ComputeChange: NS (ITER=3) (NRM,RELC): (  228.26190     0.62506175E-05 ) :: heat equation
ComputeChange: NS (ITER=4) (NRM,RELC): (  228.26162     0.12120932E-05 ) :: heat equation
ComputeChange: NS (ITER=5) (NRM,RELC): (  228.26169     0.29577911E-06 ) :: heat equation
ComputeChange: NS (ITER=6) (NRM,RELC): (  228.26168     0.59872431E-07 ) :: heat equation
ComputeChange: NS (ITER=7) (NRM,RELC): (  228.26168     0.14089305E-07 ) :: heat equation
ComputeChange: NS (ITER=8) (NRM,RELC): (  228.26168     0.29267257E-08 ) :: heat equation
MAIN: 
MAIN: -------------------------------------
MAIN: Time: 175/600:   1.750E+01
MAIN: Estimated time left: 20.1 minutes
MAIN: -------------------------------------
MAIN: 
ComputeChange: NS (ITER=1) (NRM,RELC): (  228.85828     0.26102360E-02 ) :: heat equation
ComputeChange: NS (ITER=2) (NRM,RELC): (  228.84362     0.64059340E-04 ) :: heat equation
ComputeChange: NS (ITER=3) (NRM,RELC): (  228.84434     0.31781677E-05 ) :: heat equation
ComputeChange: NS (ITER=4) (NRM,RELC): (  228.84422     0.55386888E-06 ) :: heat equation
ComputeChange: NS (ITER=5) (NRM,RELC): (  228.84423     0.43482812E-07 ) :: heat equation
ComputeChange: NS (ITER=6) (NRM,RELC): (  228.84422     0.71890895E-08 ) :: heat equation
MAIN: 
MAIN: -------------------------------------
MAIN: Time: 176/600:   1.760E+01
MAIN: Estimated time left: 14.7 minutes
MAIN: -------------------------------------
MAIN: 
ComputeChange: NS (ITER=1) (NRM,RELC): (  229.21648     0.16253493E-02 ) :: heat equation
ComputeChange: NS (ITER=2) (NRM,RELC): (  229.21383     0.11552480E-04 ) :: heat equation
ComputeChange: NS (ITER=3) (NRM,RELC): (  229.21384     0.34926771E-07 ) :: heat equation
ComputeChange: NS (ITER=4) (NRM,RELC): (  229.21384     0.14971472E-09 ) :: heat equation
MAIN: 
MAIN: -------------------------------------
MAIN: Time: 177/600:   1.770E+01
MAIN: Estimated time left:  8.5 minutes
MAIN: -------------------------------------
MAIN: 
ComputeChange: NS (ITER=1) (NRM,RELC): (  229.48230     0.11705292E-02 ) :: heat equation
ComputeChange: NS (ITER=2) (NRM,RELC): (  229.48017     0.92549956E-05 ) :: heat equation
ComputeChange: NS (ITER=3) (NRM,RELC): (  229.48018     0.25554853E-07 ) :: heat equation
ComputeChange: NS (ITER=4) (NRM,RELC): (  229.48018     0.11238815E-09 ) :: heat equation
MAIN: 
MAIN: -------------------------------------
MAIN: Time: 178/600:   1.780E+01
MAIN: Estimated time left:  8.5 minutes
MAIN: -------------------------------------
MAIN: 
ComputeChange: NS (ITER=1) (NRM,RELC): (  229.69291     0.92656157E-03 ) :: heat equation
ComputeChange: NS (ITER=2) (NRM,RELC): (  229.69079     0.92129969E-05 ) :: heat equation
ComputeChange: NS (ITER=3) (NRM,RELC): (  229.69079     0.26717625E-07 ) :: heat equation
ComputeChange: NS (ITER=4) (NRM,RELC): (  229.69079     0.12492009E-09 ) :: heat equation
MAIN: 
MAIN: -------------------------------------
MAIN: Time: 179/600:   1.790E+01
MAIN: Estimated time left:  8.8 minutes
MAIN: -------------------------------------
MAIN: 
ComputeChange: NS (ITER=1) (NRM,RELC): (  229.87210     0.78904260E-03 ) :: heat equation
ComputeChange: NS (ITER=2) (NRM,RELC): (  229.87146     0.28155692E-05 ) :: heat equation
ComputeChange: NS (ITER=3) (NRM,RELC): (  229.87154     0.36249811E-06 ) :: heat equation
ComputeChange: NS (ITER=4) (NRM,RELC): (  229.87154     0.93974763E-08 ) :: heat equation
MAIN: 
MAIN: -------------------------------------
MAIN: Time: 180/600:   1.800E+01
MAIN: Estimated time left:  8.4 minutes
MAIN: -------------------------------------
MAIN: 
ComputeChange: NS (ITER=1) (NRM,RELC): (  230.03387     0.70592689E-03 ) :: heat equation
ComputeChange: NS (ITER=2) (NRM,RELC): (  230.02855     0.23125435E-04 ) :: heat equation
ComputeChange: NS (ITER=3) (NRM,RELC): (  230.02833     0.94430391E-06 ) :: heat equation
ComputeChange: NS (ITER=4) (NRM,RELC): (  230.02832     0.58080779E-07 ) :: heat equation
ComputeChange: NS (ITER=5) (NRM,RELC): (  230.02832     0.34386904E-08 ) :: heat equation
MAIN: 
MAIN: -------------------------------------
MAIN: Time: 181/600:   1.810E+01
MAIN: Estimated time left: 10.9 minutes
MAIN: -------------------------------------
MAIN: 
ComputeChange: NS (ITER=1) (NRM,RELC): (  230.17289     0.62830930E-03 ) :: heat equation
ComputeChange: NS (ITER=2) (NRM,RELC): (  230.16657     0.27484874E-04 ) :: heat equation
ComputeChange: NS (ITER=3) (NRM,RELC): (  230.16613     0.19146952E-05 ) :: heat equation
ComputeChange: NS (ITER=4) (NRM,RELC): (  230.16609     0.18061577E-06 ) :: heat equation
ComputeChange: NS (ITER=5) (NRM,RELC): (  230.16608     0.16522654E-07 ) :: heat equation
ComputeChange: NS (ITER=6) (NRM,RELC): (  230.16608     0.16895279E-08 ) :: heat equation
MAIN: 
MAIN: -------------------------------------
MAIN: Time: 182/600:   1.820E+01
MAIN: Estimated time left: 12.5 minutes
MAIN: -------------------------------------
MAIN: 
ComputeChange: NS (ITER=1) (NRM,RELC): (  230.29612     0.56479748E-03 ) :: heat equation
ComputeChange: NS (ITER=2) (NRM,RELC): (  230.29672     0.26466152E-05 ) :: heat equation
ComputeChange: NS (ITER=3) (NRM,RELC): (  230.29670     0.11918662E-06 ) :: heat equation
ComputeChange: NS (ITER=4) (NRM,RELC): (  230.29670     0.16939656E-08 ) :: heat equation
MAIN: 
MAIN: -------------------------------------
MAIN: Time: 183/600:   1.830E+01
MAIN: Estimated time left:  8.2 minutes
MAIN: -------------------------------------
MAIN: 
ComputeChange: NS (ITER=1) (NRM,RELC): (  230.42412     0.55315968E-03 ) :: heat equation
ComputeChange: NS (ITER=2) (NRM,RELC): (  230.42262     0.65177165E-05 ) :: heat equation
ComputeChange: NS (ITER=3) (NRM,RELC): (  230.42238     0.10527433E-05 ) :: heat equation
ComputeChange: NS (ITER=4) (NRM,RELC): (  230.42239     0.39168943E-07 ) :: heat equation
ComputeChange: NS (ITER=5) (NRM,RELC): (  230.42238     0.31812422E-07 ) :: heat equation
ComputeChange: NS (ITER=6) (NRM,RELC): (  230.42238     0.18326390E-08 ) :: heat equation
MAIN: 
MAIN: -------------------------------------
MAIN: Time: 184/600:   1.840E+01
MAIN: Estimated time left: 13.0 minutes
MAIN: -------------------------------------
MAIN: 
ComputeChange: NS (ITER=1) (NRM,RELC): (  230.54461     0.53029437E-03 ) :: heat equation
ComputeChange: NS (ITER=2) (NRM,RELC): (  230.54191     0.11705007E-04 ) :: heat equation
ComputeChange: NS (ITER=3) (NRM,RELC): (  230.54211     0.88840973E-06 ) :: heat equation
ComputeChange: NS (ITER=4) (NRM,RELC): (  230.54207     0.16206201E-06 ) :: heat equation
ComputeChange: NS (ITER=5) (NRM,RELC): (  230.54208     0.29449431E-07 ) :: heat equation
ComputeChange: NS (ITER=6) (NRM,RELC): (  230.54208     0.52325962E-08 ) :: heat equation
MAIN: 
MAIN: -------------------------------------
MAIN: Time: 185/600:   1.850E+01
MAIN: Estimated time left: 12.9 minutes
MAIN: -------------------------------------
MAIN: 
ComputeChange: NS (ITER=1) (NRM,RELC): (  230.65747     0.50040733E-03 ) :: heat equation
ComputeChange: NS (ITER=2) (NRM,RELC): (  230.65438     0.13424196E-04 ) :: heat equation
ComputeChange: NS (ITER=3) (NRM,RELC): (  230.65442     0.18272742E-06 ) :: heat equation
ComputeChange: NS (ITER=4) (NRM,RELC): (  230.65442     0.14997960E-07 ) :: heat equation
ComputeChange: NS (ITER=5) (NRM,RELC): (  230.65441     0.15761078E-07 ) :: heat equation
ComputeChange: NS (ITER=6) (NRM,RELC): (  230.65441     0.69147298E-09 ) :: heat equation
MAIN: 
MAIN: -------------------------------------
MAIN: Time: 186/600:   1.860E+01
MAIN: Estimated time left: 13.5 minutes
MAIN: -------------------------------------
MAIN: 
ComputeChange: NS (ITER=1) (NRM,RELC): (  230.76521     0.48024514E-03 ) :: heat equation
ComputeChange: NS (ITER=2) (NRM,RELC): (  230.76011     0.22088649E-04 ) :: heat equation
ComputeChange: NS (ITER=3) (NRM,RELC): (  230.76025     0.57466334E-06 ) :: heat equation
ComputeChange: NS (ITER=4) (NRM,RELC): (  230.76018     0.29165971E-06 ) :: heat equation
ComputeChange: NS (ITER=5) (NRM,RELC): (  230.76018     0.27941745E-07 ) :: heat equation
ComputeChange: NS (ITER=6) (NRM,RELC): (  230.76018     0.70251875E-08 ) :: heat equation
MAIN: 
MAIN: -------------------------------------
MAIN: Time: 187/600:   1.870E+01
MAIN: Estimated time left: 11.6 minutes
MAIN: -------------------------------------
MAIN: 
ComputeChange: NS (ITER=1) (NRM,RELC): (  231.30733     0.23682570E-02 ) :: heat equation
ComputeChange: NS (ITER=2) (NRM,RELC): (  231.29904     0.35857417E-04 ) :: heat equation
ComputeChange: NS (ITER=3) (NRM,RELC): (  231.29944     0.17633139E-05 ) :: heat equation
ComputeChange: NS (ITER=4) (NRM,RELC): (  231.29930     0.63526646E-06 ) :: heat equation
ComputeChange: NS (ITER=5) (NRM,RELC): (  231.29933     0.12623293E-06 ) :: heat equation
ComputeChange: NS (ITER=6) (NRM,RELC): (  231.29932     0.37381605E-07 ) :: heat equation
ComputeChange: NS (ITER=7) (NRM,RELC): (  231.29932     0.86419722E-08 ) :: heat equation
MAIN: 
MAIN: -------------------------------------
MAIN: Time: 188/600:   1.880E+01
MAIN: Estimated time left: 15.3 minutes
MAIN: -------------------------------------
MAIN: 
ComputeChange: NS (ITER=1) (NRM,RELC): (  231.89519     0.25728892E-02 ) :: heat equation
ComputeChange: NS (ITER=2) (NRM,RELC): (  231.89729     0.90357902E-05 ) :: heat equation
ComputeChange: NS (ITER=3) (NRM,RELC): (  231.89794     0.28129743E-05 ) :: heat equation
ComputeChange: NS (ITER=4) (NRM,RELC): (  231.89784     0.45643240E-06 ) :: heat equation
ComputeChange: NS (ITER=5) (NRM,RELC): (  231.89786     0.86464261E-07 ) :: heat equation
ComputeChange: NS (ITER=6) (NRM,RELC): (  231.89785     0.15313840E-07 ) :: heat equation
ComputeChange: NS (ITER=7) (NRM,RELC): (  231.89785     0.25623247E-08 ) :: heat equation
MAIN: 
MAIN: -------------------------------------
MAIN: Time: 189/600:   1.890E+01
MAIN: Estimated time left: 16.7 minutes
MAIN: -------------------------------------
MAIN: 
ComputeChange: NS (ITER=1) (NRM,RELC): (  232.31430     0.17942246E-02 ) :: heat equation
ComputeChange: NS (ITER=2) (NRM,RELC): (  232.30730     0.30129191E-04 ) :: heat equation
ComputeChange: NS (ITER=3) (NRM,RELC): (  232.30719     0.50909823E-06 ) :: heat equation
ComputeChange: NS (ITER=4) (NRM,RELC): (  232.30718     0.16054253E-07 ) :: heat equation
ComputeChange: NS (ITER=5) (NRM,RELC): (  232.30718     0.56495204E-09 ) :: heat equation
MAIN: 
MAIN: -------------------------------------
MAIN: Time: 190/600:   1.900E+01
MAIN: Estimated time left: 10.2 minutes
MAIN: -------------------------------------
MAIN: 
ComputeChange: NS (ITER=1) (NRM,RELC): (  232.59363     0.12323037E-02 ) :: heat equation
ComputeChange: NS (ITER=2) (NRM,RELC): (  232.59146     0.93489138E-05 ) :: heat equation
ComputeChange: NS (ITER=3) (NRM,RELC): (  232.59146     0.25675146E-07 ) :: heat equation
ComputeChange: NS (ITER=4) (NRM,RELC): (  232.59146     0.56348901E-10 ) :: heat equation
MAIN: 
MAIN: -------------------------------------
MAIN: Time: 191/600:   1.910E+01
MAIN: Estimated time left:  7.8 minutes
MAIN: -------------------------------------
MAIN: 
ComputeChange: NS (ITER=1) (NRM,RELC): (  232.81069     0.94210371E-03 ) :: heat equation
ComputeChange: NS (ITER=2) (NRM,RELC): (  232.80862     0.88879105E-05 ) :: heat equation
ComputeChange: NS (ITER=3) (NRM,RELC): (  232.80863     0.25648335E-07 ) :: heat equation
ComputeChange: NS (ITER=4) (NRM,RELC): (  232.80863     0.11813873E-09 ) :: heat equation
MAIN: 
MAIN: -------------------------------------
MAIN: Time: 192/600:   1.920E+01
MAIN: Estimated time left:  8.1 minutes
MAIN: -------------------------------------
MAIN: 
ComputeChange: NS (ITER=1) (NRM,RELC): (  232.99074     0.78192095E-03 ) :: heat equation
ComputeChange: NS (ITER=2) (NRM,RELC): (  232.99074     0.22333673E-07 ) :: heat equation
ComputeChange: NS (ITER=3) (NRM,RELC): (  232.99088     0.60960151E-06 ) :: heat equation
ComputeChange: NS (ITER=4) (NRM,RELC): (  232.99089     0.37843304E-07 ) :: heat equation
ComputeChange: NS (ITER=5) (NRM,RELC): (  232.99089     0.24412484E-08 ) :: heat equation
MAIN: 
MAIN: -------------------------------------
MAIN: Time: 193/600:   1.930E+01
MAIN: Estimated time left: 10.3 minutes
MAIN: -------------------------------------
MAIN: 
ComputeChange: NS (ITER=1) (NRM,RELC): (  233.15268     0.69413011E-03 ) :: heat equation
ComputeChange: NS (ITER=2) (NRM,RELC): (  233.14974     0.12582249E-04 ) :: heat equation
ComputeChange: NS (ITER=3) (NRM,RELC): (  233.14966     0.34481934E-06 ) :: heat equation
ComputeChange: NS (ITER=4) (NRM,RELC): (  233.14965     0.32403552E-07 ) :: heat equation
ComputeChange: NS (ITER=5) (NRM,RELC): (  233.14965     0.27616967E-08 ) :: heat equation
MAIN: 
MAIN: -------------------------------------
MAIN: Time: 194/600:   1.940E+01
MAIN: Estimated time left: 10.1 minutes
MAIN: -------------------------------------
MAIN: 
ComputeChange: NS (ITER=1) (NRM,RELC): (  233.29430     0.62022850E-03 ) :: heat equation
ComputeChange: NS (ITER=2) (NRM,RELC): (  233.28725     0.30252889E-04 ) :: heat equation
ComputeChange: NS (ITER=3) (NRM,RELC): (  233.28721     0.17663256E-06 ) :: heat equation
ComputeChange: NS (ITER=4) (NRM,RELC): (  233.28721     0.17124338E-08 ) :: heat equation
MAIN: 
MAIN: -------------------------------------
MAIN: Time: 195/600:   1.950E+01
MAIN: Estimated time left:  8.7 minutes
MAIN: -------------------------------------
MAIN: 
ComputeChange: NS (ITER=1) (NRM,RELC): (  233.41839     0.56215950E-03 ) :: heat equation
ComputeChange: NS (ITER=2) (NRM,RELC): (  233.41002     0.35834661E-04 ) :: heat equation
ComputeChange: NS (ITER=3) (NRM,RELC): (  233.40982     0.87774085E-06 ) :: heat equation
ComputeChange: NS (ITER=4) (NRM,RELC): (  233.40982     0.25579628E-07 ) :: heat equation
ComputeChange: NS (ITER=5) (NRM,RELC): (  233.40982     0.49634534E-08 ) :: heat equation
MAIN: 
MAIN: -------------------------------------
MAIN: Time: 196/600:   1.960E+01
MAIN: Estimated time left: 10.8 minutes
MAIN: -------------------------------------
MAIN: 
ComputeChange: NS (ITER=1) (NRM,RELC): (  233.53132     0.52037979E-03 ) :: heat equation
ComputeChange: NS (ITER=2) (NRM,RELC): (  233.52962     0.72724949E-05 ) :: heat equation
ComputeChange: NS (ITER=3) (NRM,RELC): (  233.52962     0.99710727E-08 ) :: heat equation
MAIN: 
MAIN: -------------------------------------
MAIN: Time: 197/600:   1.970E+01
MAIN: Estimated time left:  5.8 minutes
MAIN: -------------------------------------
MAIN: 
ComputeChange: NS (ITER=1) (NRM,RELC): (  233.64676     0.50148537E-03 ) :: heat equation
ComputeChange: NS (ITER=2) (NRM,RELC): (  233.64579     0.41755442E-05 ) :: heat equation
ComputeChange: NS (ITER=3) (NRM,RELC): (  233.64541     0.16094733E-05 ) :: heat equation
ComputeChange: NS (ITER=4) (NRM,RELC): (  233.64540     0.36611682E-07 ) :: heat equation
ComputeChange: NS (ITER=5) (NRM,RELC): (  233.64540     0.14553525E-07 ) :: heat equation
ComputeChange: NS (ITER=6) (NRM,RELC): (  233.64540     0.82066800E-09 ) :: heat equation
MAIN: 
MAIN: -------------------------------------
MAIN: Time: 198/600:   1.980E+01
MAIN: Estimated time left: 11.6 minutes
MAIN: -------------------------------------
MAIN: 
ComputeChange: NS (ITER=1) (NRM,RELC): (  233.75798     0.48174270E-03 ) :: heat equation
ComputeChange: NS (ITER=2) (NRM,RELC): (  233.75128     0.28646623E-04 ) :: heat equation
ComputeChange: NS (ITER=3) (NRM,RELC): (  233.75162     0.14199818E-05 ) :: heat equation
ComputeChange: NS (ITER=4) (NRM,RELC): (  233.75158     0.15081265E-06 ) :: heat equation
ComputeChange: NS (ITER=5) (NRM,RELC): (  233.75159     0.16956472E-07 ) :: heat equation
ComputeChange: NS (ITER=6) (NRM,RELC): (  233.75158     0.17971811E-08 ) :: heat equation
MAIN: 
MAIN: -------------------------------------
MAIN: Time: 199/600:   1.990E+01
MAIN: Estimated time left: 13.4 minutes
MAIN: -------------------------------------
MAIN: 
ComputeChange: NS (ITER=1) (NRM,RELC): (  233.85559     0.44483579E-03 ) :: heat equation
ComputeChange: NS (ITER=2) (NRM,RELC): (  233.85469     0.38274513E-05 ) :: heat equation
ComputeChange: NS (ITER=3) (NRM,RELC): (  233.85451     0.77369403E-06 ) :: heat equation
ComputeChange: NS (ITER=4) (NRM,RELC): (  233.85449     0.10705559E-06 ) :: heat equation
ComputeChange: NS (ITER=5) (NRM,RELC): (  233.85449     0.20257469E-08 ) :: heat equation
MAIN: 
MAIN: -------------------------------------
MAIN: Time: 200/600:   2.000E+01
MAIN: Estimated time left: 10.9 minutes
MAIN: -------------------------------------
MAIN: 
ComputeChange: NS (ITER=1) (NRM,RELC): (  233.95384     0.42473874E-03 ) :: heat equation
ComputeChange: NS (ITER=2) (NRM,RELC): (  233.94559     0.35261259E-04 ) :: heat equation
ComputeChange: NS (ITER=3) (NRM,RELC): (  233.94558     0.28475666E-07 ) :: heat equation
ComputeChange: NS (ITER=4) (NRM,RELC): (  233.94558     0.23344875E-08 ) :: heat equation
REF time=  20.000 max=  1531.739 energy residual= -2.0883E+00
MAIN: 
MAIN: -------------------------------------
MAIN: Time: 201/600:   2.010E+01
MAIN: Estimated time left:  8.7 minutes
MAIN: -------------------------------------
MAIN: 
ComputeChange: NS (ITER=1) (NRM,RELC): (  234.83561     0.37972051E-02 ) :: heat equation
ComputeChange: NS (ITER=2) (NRM,RELC): (  234.80430     0.13333640E-03 ) :: heat equation
ComputeChange: NS (ITER=3) (NRM,RELC): (  234.80772     0.14586546E-04 ) :: heat equation
ComputeChange: NS (ITER=4) (NRM,RELC): (  234.80715     0.24366927E-05 ) :: heat equation
ComputeChange: NS (ITER=5) (NRM,RELC): (  234.80728     0.54986296E-06 ) :: heat equation
ComputeChange: NS (ITER=6) (NRM,RELC): (  234.80725     0.12170851E-06 ) :: heat equation
ComputeChange: NS (ITER=7) (NRM,RELC): (  234.80726     0.27726751E-07 ) :: heat equation
ComputeChange: NS (ITER=8) (NRM,RELC): (  234.80726     0.62721844E-08 ) :: heat equation
MAIN: 
MAIN: -------------------------------------
MAIN: Time: 202/600:   2.020E+01
MAIN: Estimated time left: 15.8 minutes
MAIN: -------------------------------------
MAIN: 
ComputeChange: NS (ITER=1) (NRM,RELC): (  235.29347     0.20685522E-02 ) :: heat equation
ComputeChange: NS (ITER=2) (NRM,RELC): (  235.28054     0.54966155E-04 ) :: heat equation
ComputeChange: NS (ITER=3) (NRM,RELC): (  235.28049     0.19217863E-06 ) :: heat equation
ComputeChange: NS (ITER=4) (NRM,RELC): (  235.28047     0.10548064E-06 ) :: heat equation
ComputeChange: NS (ITER=5) (NRM,RELC): (  235.28047     0.11557344E-07 ) :: heat equation
ComputeChange: NS (ITER=6) (NRM,RELC): (  235.28047     0.15306800E-08 ) :: heat equation
MAIN: 
MAIN: -------------------------------------
MAIN: Time: 203/600:   2.030E+01
MAIN: Estimated time left: 13.4 minutes
MAIN: -------------------------------------
MAIN: 
ComputeChange: NS (ITER=1) (NRM,RELC): (  235.59290     0.13270415E-02 ) :: heat equation
ComputeChange: NS (ITER=2) (NRM,RELC): (  235.59057     0.98988154E-05 ) :: heat equation
ComputeChange: NS (ITER=3) (NRM,RELC): (  235.59057     0.27810452E-07 ) :: heat equation
ComputeChange: NS (ITER=4) (NRM,RELC): (  235.59057     0.64098103E-10 ) :: heat equation
MAIN: 
MAIN: -------------------------------------
MAIN: Time: 204/600:   2.040E+01
MAIN: Estimated time left:  7.3 minutes
MAIN: -------------------------------------
MAIN: 
ComputeChange: NS (ITER=1) (NRM,RELC): (  235.81987     0.97280083E-03 ) :: heat equation
ComputeChange: NS (ITER=2) (NRM,RELC): (  235.81781     0.87404852E-05 ) :: heat equation
ComputeChange: NS (ITER=3) (NRM,RELC): (  235.81781     0.24923509E-07 ) :: heat equation
ComputeChange: NS (ITER=4) (NRM,RELC): (  235.81781     0.11195934E-09 ) :: heat equation
MAIN: 
MAIN: -------------------------------------
MAIN: Time: 205/600:   2.050E+01
MAIN: Estimated time left:  7.1 minutes
MAIN: -------------------------------------
MAIN: 
ComputeChange: NS (ITER=1) (NRM,RELC): (  236.00271     0.78377121E-03 ) :: heat equation
ComputeChange: NS (ITER=2) (NRM,RELC): (  236.00272     0.46515787E-07 ) :: heat equation
ComputeChange: NS (ITER=3) (NRM,RELC): (  236.00287     0.63012877E-06 ) :: heat equation
ComputeChange: NS (ITER=4) (NRM,RELC): (  236.00288     0.41510596E-07 ) :: heat equation
ComputeChange: NS (ITER=5) (NRM,RELC): (  236.00288     0.28358835E-08 ) :: heat equation
MAIN: 
MAIN: -------------------------------------
MAIN: Time: 206/600:   2.060E+01
MAIN: Estimated time left:  9.6 minutes
MAIN: -------------------------------------
MAIN: 
ComputeChange: NS (ITER=1) (NRM,RELC): (  236.16388     0.68193326E-03 ) :: heat equation
ComputeChange: NS (ITER=2) (NRM,RELC): (  236.16187     0.85116836E-05 ) :: heat equation
ComputeChange: NS (ITER=3) (NRM,RELC): (  236.16187     0.23801332E-07 ) :: heat equation
ComputeChange: NS (ITER=4) (NRM,RELC): (  236.16187     0.11302294E-09 ) :: heat equation
MAIN: 
MAIN: -------------------------------------
MAIN: Time: 207/600:   2.070E+01
MAIN: Estimated time left:  7.3 minutes
MAIN: -------------------------------------
MAIN: 
ComputeChange: NS (ITER=1) (NRM,RELC): (  236.30536     0.60739851E-03 ) :: heat equation
ComputeChange: NS (ITER=2) (NRM,RELC): (  236.30028     0.21497046E-04 ) :: heat equation
ComputeChange: NS (ITER=3) (NRM,RELC): (  236.29999     0.12166022E-05 ) :: heat equation
ComputeChange: NS (ITER=4) (NRM,RELC): (  236.29995     0.16011917E-06 ) :: heat equation
ComputeChange: NS (ITER=5) (NRM,RELC): (  236.29995     0.23131167E-07 ) :: heat equation
ComputeChange: NS (ITER=6) (NRM,RELC): (  236.29995     0.33880650E-08 ) :: heat equation
MAIN: 
MAIN: -------------------------------------
MAIN: Time: 208/600:   2.080E+01
MAIN: Estimated time left: 11.0 minutes
MAIN: -------------------------------------
MAIN: 
ComputeChange: NS (ITER=1) (NRM,RELC): (  236.42590     0.53286399E-03 ) :: heat equation
ComputeChange: NS (ITER=2) (NRM,RELC): (  236.42171     0.17720649E-04 ) :: heat equation
ComputeChange: NS (ITER=3) (NRM,RELC): (  236.42133     0.15780615E-05 ) :: heat equation
ComputeChange: NS (ITER=4) (NRM,RELC): (  236.42127     0.25734352E-06 ) :: heat equation
ComputeChange: NS (ITER=5) (NRM,RELC): (  236.42126     0.41218659E-07 ) :: heat equation
ComputeChange: NS (ITER=6) (NRM,RELC): (  236.42126     0.65140802E-08 ) :: heat equation
MAIN: 
MAIN: -------------------------------------
MAIN: Time: 209/600:   2.090E+01
MAIN: Estimated time left: 10.7 minutes
MAIN: -------------------------------------
MAIN: 
ComputeChange: NS (ITER=1) (NRM,RELC): (  236.53371     0.47552649E-03 ) :: heat equation
ComputeChange: NS (ITER=2) (NRM,RELC): (  236.53429     0.24459289E-05 ) :: heat equation
ComputeChange: NS (ITER=3) (NRM,RELC): (  236.53422     0.29393784E-06 ) :: heat equation
ComputeChange: NS (ITER=4) (NRM,RELC): (  236.53423     0.10567682E-07 ) :: heat equation
ComputeChange: NS (ITER=5) (NRM,RELC): (  236.53423     0.26751316E-09 ) :: heat equation
MAIN: 
MAIN: -------------------------------------
MAIN: Time: 210/600:   2.100E+01
MAIN: Estimated time left:  8.8 minutes
MAIN: -------------------------------------
MAIN: 
ComputeChange: NS (ITER=1) (NRM,RELC): (  236.64562     0.47082126E-03 ) :: heat equation
ComputeChange: NS (ITER=2) (NRM,RELC): (  236.64466     0.40636189E-05 ) :: heat equation
ComputeChange: NS (ITER=3) (NRM,RELC): (  236.64454     0.46918416E-06 ) :: heat equation
ComputeChange: NS (ITER=4) (NRM,RELC): (  236.64457     0.94081083E-07 ) :: heat equation
ComputeChange: NS (ITER=5) (NRM,RELC): (  236.64456     0.18241315E-07 ) :: heat equation
ComputeChange: NS (ITER=6) (NRM,RELC): (  236.64456     0.33702459E-08 ) :: heat equation
MAIN: 
MAIN: -------------------------------------
MAIN: Time: 211/600:   2.110E+01
MAIN: Estimated time left: 10.3 minutes
MAIN: -------------------------------------
MAIN: 
ComputeChange: NS (ITER=1) (NRM,RELC): (  236.75641     0.47251809E-03 ) :: heat equation
ComputeChange: NS (ITER=2) (NRM,RELC): (  236.74817     0.34788314E-04 ) :: heat equation
ComputeChange: NS (ITER=3) (NRM,RELC): (  236.74831     0.57014147E-06 ) :: heat equation
ComputeChange: NS (ITER=4) (NRM,RELC): (  236.74826     0.18297004E-06 ) :: heat equation
ComputeChange: NS (ITER=5) (NRM,RELC): (  236.74827     0.14888715E-07 ) :: heat equation
ComputeChange: NS (ITER=6) (NRM,RELC): (  236.74827     0.23712028E-08 ) :: heat equation
MAIN: 
MAIN: -------------------------------------
MAIN: Time: 212/600:   2.120E+01
MAIN: Estimated time left: 10.9 minutes
MAIN: -------------------------------------
MAIN: 
ComputeChange: NS (ITER=1) (NRM,RELC): (  236.84528     0.40969035E-03 ) :: heat equation
ComputeChange: NS (ITER=2) (NRM,RELC): (  236.84528     0.12110534E-07 ) :: heat equation
ComputeChange: NS (ITER=3) (NRM,RELC): (  236.84511     0.75135829E-06 ) :: heat equation
ComputeChange: NS (ITER=4) (NRM,RELC): (  236.84513     0.10401509E-06 ) :: heat equation
ComputeChange: NS (ITER=5) (NRM,RELC): (  236.84513     0.13793139E-07 ) :: heat equation
ComputeChange: NS (ITER=6) (NRM,RELC): (  236.84513     0.16687753E-08 ) :: heat equation
MAIN: 
MAIN: -------------------------------------
MAIN: Time: 213/600:   2.130E+01
MAIN: Estimated time left: 13.0 minutes
MAIN: -------------------------------------
MAIN: 
ComputeChange: NS (ITER=1) (NRM,RELC): (  236.94225     0.40998852E-03 ) :: heat equation
ComputeChange: NS (ITER=2) (NRM,RELC): (  236.93301     0.39013280E-04 ) :: heat equation
ComputeChange: NS (ITER=3) (NRM,RELC): (  236.93289     0.50185631E-06 ) :: heat equation
ComputeChange: NS (ITER=4) (NRM,RELC): (  236.93285     0.15670638E-06 ) :: heat equation
ComputeChange: NS (ITER=5) (NRM,RELC): (  236.93285     0.63983946E-08 ) :: heat equation
MAIN: 
MAIN: -------------------------------------
MAIN: Time: 214/600:   2.140E+01
MAIN: Estimated time left: 10.4 minutes
MAIN: -------------------------------------
MAIN: 
ComputeChange: NS (ITER=1) (NRM,RELC): (  237.61880     0.28909489E-02 ) :: heat equation
ComputeChange: NS (ITER=2) (NRM,RELC): (  237.59473     0.10130543E-03 ) :: heat equation
ComputeChange: NS (ITER=3) (NRM,RELC): (  237.59764     0.12256812E-04 ) :: heat equation
ComputeChange: NS (ITER=4) (NRM,RELC): (  237.59708     0.23808916E-05 ) :: heat equation
ComputeChange: NS (ITER=5) (NRM,RELC): (  237.59722     0.62135560E-06 ) :: heat equation
ComputeChange: NS (ITER=6) (NRM,RELC): (  237.59719     0.15844535E-06 ) :: heat equation
ComputeChange: NS (ITER=7) (NRM,RELC): (  237.59720     0.41643262E-07 ) :: heat equation
ComputeChange: NS (ITER=8) (NRM,RELC): (  237.59719     0.10908162E-07 ) :: heat equation
ComputeChange: NS (ITER=9) (NRM,RELC): (  237.59720     0.28002980E-08 ) :: heat equation
MAIN: 
MAIN: -------------------------------------
MAIN: Time: 215/600:   2.150E+01
MAIN: Estimated time left: 19.9 minutes
MAIN: -------------------------------------
MAIN: 
ComputeChange: NS (ITER=1) (NRM,RELC): (  238.15178     0.23314327E-02 ) :: heat equation
ComputeChange: NS (ITER=2) (NRM,RELC): (  238.13918     0.52914231E-04 ) :: heat equation
ComputeChange: NS (ITER=3) (NRM,RELC): (  238.13958     0.16652545E-05 ) :: heat equation
ComputeChange: NS (ITER=4) (NRM,RELC): (  238.13956     0.73019617E-07 ) :: heat equation
ComputeChange: NS (ITER=5) (NRM,RELC): (  238.13956     0.32222179E-08 ) :: heat equation
MAIN: 
MAIN: -------------------------------------
MAIN: Time: 216/600:   2.160E+01
MAIN: Estimated time left: 16.5 minutes
MAIN: -------------------------------------
MAIN: 
ComputeChange: NS (ITER=1) (NRM,RELC): (  238.49021     0.14713559E-02 ) :: heat equation
ComputeChange: NS (ITER=2) (NRM,RELC): (  238.48356     0.27881031E-04 ) :: heat equation
ComputeChange: NS (ITER=3) (NRM,RELC): (  238.48345     0.43766999E-06 ) :: heat equation
ComputeChange: NS (ITER=4) (NRM,RELC): (  238.48345     0.11409304E-07 ) :: heat equation
ComputeChange: NS (ITER=5) (NRM,RELC): (  238.48345     0.35668753E-09 ) :: heat equation
MAIN: 
MAIN: -------------------------------------
MAIN: Time: 217/600:   2.170E+01
MAIN: Estimated time left: 17.1 minutes
MAIN: -------------------------------------
MAIN: 
ComputeChange: NS (ITER=1) (NRM,RELC): (  238.72719     0.10214956E-02 ) :: heat equation
ComputeChange: NS (ITER=2) (NRM,RELC): (  238.72510     0.87242860E-05 ) :: heat equation
ComputeChange: NS (ITER=3) (NRM,RELC): (  238.72511     0.24364438E-07 ) :: heat equation
ComputeChange: NS (ITER=4) (NRM,RELC): (  238.72511     0.10720608E-09 ) :: heat equation
MAIN: 
MAIN: -------------------------------------
MAIN: Time: 218/600:   2.180E+01
MAIN: Estimated time left: 11.6 minutes
MAIN: -------------------------------------
MAIN: 
ComputeChange: NS (ITER=1) (NRM,RELC): (  238.91496     0.79497112E-03 ) :: heat equation
ComputeChange: NS (ITER=2) (NRM,RELC): (  238.91478     0.75483749E-06 ) :: heat equation
ComputeChange: NS (ITER=3) (NRM,RELC): (  238.91494     0.64842207E-06 ) :: heat equation
ComputeChange: NS (ITER=4) (NRM,RELC): (  238.91495     0.50073643E-07 ) :: heat equation
ComputeChange: NS (ITER=5) (NRM,RELC): (  238.91495     0.40029282E-08 ) :: heat equation
MAIN: 
MAIN: -------------------------------------
MAIN: Time: 219/600:   2.190E+01
MAIN: Estimated time left: 23.2 minutes
MAIN: -------------------------------------
MAIN: 
ComputeChange: NS (ITER=1) (NRM,RELC): (  239.07678     0.67713723E-03 ) :: heat equation
ComputeChange: NS (ITER=2) (NRM,RELC): (  239.07479     0.83319153E-05 ) :: heat equation
ComputeChange: NS (ITER=3) (NRM,RELC): (  239.07480     0.23566026E-07 ) :: heat equation
ComputeChange: NS (ITER=4) (NRM,RELC): (  239.07480     0.11076446E-09 ) :: heat equation
MAIN: 
MAIN: -------------------------------------
MAIN: Time: 220/600:   2.200E+01
MAIN: Estimated time left: 22.4 minutes
MAIN: -------------------------------------
MAIN: 
ComputeChange: NS (ITER=1) (NRM,RELC): (  239.21646     0.59237706E-03 ) :: heat equation
ComputeChange: NS (ITER=2) (NRM,RELC): (  239.21409     0.99101236E-05 ) :: heat equation
ComputeChange: NS (ITER=3) (NRM,RELC): (  239.21403     0.23880474E-06 ) :: heat equation
ComputeChange: NS (ITER=4) (NRM,RELC): (  239.21403     0.37935204E-07 ) :: heat equation
ComputeChange: NS (ITER=5) (NRM,RELC): (  239.21402     0.53693145E-08 ) :: heat equation
MAIN: 
MAIN: -------------------------------------
MAIN: Time: 221/600:   2.210E+01
MAIN: Estimated time left: 31.3 minutes
MAIN: -------------------------------------
MAIN: 
ComputeChange: NS (ITER=1) (NRM,RELC): (  239.34131     0.53193814E-03 ) :: heat equation
ComputeChange: NS (ITER=2) (NRM,RELC): (  239.33559     0.23887546E-04 ) :: heat equation
ComputeChange: NS (ITER=3) (NRM,RELC): (  239.33534     0.10498387E-05 ) :: heat equation
ComputeChange: NS (ITER=4) (NRM,RELC): (  239.33532     0.64450028E-07 ) :: heat equation
ComputeChange: NS (ITER=5) (NRM,RELC): (  239.33532     0.38349544E-08 ) :: heat equation
MAIN: 
MAIN: -------------------------------------
MAIN: Time: 222/600:   2.220E+01
MAIN: Estimated time left: 28.5 minutes
MAIN: -------------------------------------
MAIN: 
ComputeChange: NS (ITER=1) (NRM,RELC): (  239.45048     0.48106598E-03 ) :: heat equation
ComputeChange: NS (ITER=2) (NRM,RELC): (  239.44372     0.28232033E-04 ) :: heat equation
ComputeChange: NS (ITER=3) (NRM,RELC): (  239.44328     0.18503938E-05 ) :: heat equation
ComputeChange: NS (ITER=4) (NRM,RELC): (  239.44327     0.41828865E-07 ) :: heat equation
ComputeChange: NS (ITER=5) (NRM,RELC): (  239.44327     0.11576052E-07 ) :: heat equation
ComputeChange: NS (ITER=6) (NRM,RELC): (  239.44327     0.50643759E-09 ) :: heat equation
MAIN: 
MAIN: -------------------------------------
MAIN: Time: 223/600:   2.230E+01
MAIN: Estimated time left: 20.1 minutes
MAIN: -------------------------------------
MAIN: 
ComputeChange: NS (ITER=1) (NRM,RELC): (  239.54929     0.44267440E-03 ) :: heat equation
ComputeChange: NS (ITER=2) (NRM,RELC): (  239.54770     0.66245082E-05 ) :: heat equation
ComputeChange: NS (ITER=3) (NRM,RELC): (  239.54770     0.94021154E-08 ) :: heat equation
MAIN: 
MAIN: -------------------------------------
MAIN: Time: 224/600:   2.240E+01
MAIN: Estimated time left:  8.1 minutes
MAIN: -------------------------------------
MAIN: 
ComputeChange: NS (ITER=1) (NRM,RELC): (  239.65050     0.42904361E-03 ) :: heat equation
ComputeChange: NS (ITER=2) (NRM,RELC): (  239.65002     0.20083536E-05 ) :: heat equation
ComputeChange: NS (ITER=3) (NRM,RELC): (  239.65001     0.30932903E-07 ) :: heat equation
ComputeChange: NS (ITER=4) (NRM,RELC): (  239.64996     0.19883364E-06 ) :: heat equation
ComputeChange: NS (ITER=5) (NRM,RELC): (  239.64997     0.11371964E-07 ) :: heat equation
ComputeChange: NS (ITER=6) (NRM,RELC): (  239.64997     0.59885872E-08 ) :: heat equation
MAIN: 
MAIN: -------------------------------------
MAIN: Time: 225/600:   2.250E+01
MAIN: Estimated time left: 17.2 minutes
MAIN: -------------------------------------
MAIN: 
ComputeChange: NS (ITER=1) (NRM,RELC): (  239.74099     0.37973346E-03 ) :: heat equation
ComputeChange: NS (ITER=2) (NRM,RELC): (  239.73953     0.60894768E-05 ) :: heat equation
ComputeChange: NS (ITER=3) (NRM,RELC): (  239.73953     0.91788138E-08 ) :: heat equation
MAIN: 
MAIN: -------------------------------------
MAIN: Time: 226/600:   2.260E+01
MAIN: Estimated time left:  8.3 minutes
MAIN: -------------------------------------
MAIN: 
ComputeChange: NS (ITER=1) (NRM,RELC): (  239.83064     0.37998883E-03 ) :: heat equation
ComputeChange: NS (ITER=2) (NRM,RELC): (  239.82708     0.14877935E-04 ) :: heat equation
ComputeChange: NS (ITER=3) (NRM,RELC): (  239.82723     0.65288608E-06 ) :: heat equation
ComputeChange: NS (ITER=4) (NRM,RELC): (  239.82719     0.19445883E-06 ) :: heat equation
ComputeChange: NS (ITER=5) (NRM,RELC): (  239.82719     0.10421682E-07 ) :: heat equation
ComputeChange: NS (ITER=6) (NRM,RELC): (  239.82719     0.34399447E-08 ) :: heat equation
MAIN: 
MAIN: -------------------------------------
MAIN: Time: 227/600:   2.270E+01
MAIN: Estimated time left: 15.2 minutes
MAIN: -------------------------------------
MAIN: 
ComputeChange: NS (ITER=1) (NRM,RELC): (  240.34528     0.21579213E-02 ) :: heat equation
ComputeChange: NS (ITER=2) (NRM,RELC): (  240.33079     0.60277232E-04 ) :: heat equation
ComputeChange: NS (ITER=3) (NRM,RELC): (  240.33190     0.46155752E-05 ) :: heat equation
ComputeChange: NS (ITER=4) (NRM,RELC): (  240.33177     0.55117358E-06 ) :: heat equation
ComputeChange: NS (ITER=5) (NRM,RELC): (  240.33178     0.81331944E-07 ) :: heat equation
ComputeChange: NS (ITER=6) (NRM,RELC): (  240.33178     0.10331926E-07 ) :: heat equation
ComputeChange: NS (ITER=7) (NRM,RELC): (  240.33178     0.15990508E-08 ) :: heat equation
MAIN: 
MAIN: -------------------------------------
MAIN: Time: 228/600:   2.280E+01
MAIN: Estimated time left: 17.4 minutes
MAIN: -------------------------------------
MAIN: 
ComputeChange: NS (ITER=1) (NRM,RELC): (  240.91364     0.24181215E-02 ) :: heat equation
ComputeChange: NS (ITER=2) (NRM,RELC): (  240.89272     0.86834792E-04 ) :: heat equation
ComputeChange: NS (ITER=3) (NRM,RELC): (  240.89353     0.33663834E-05 ) :: heat equation
ComputeChange: NS (ITER=4) (NRM,RELC): (  240.89344     0.39141978E-06 ) :: heat equation
ComputeChange: NS (ITER=5) (NRM,RELC): (  240.89344     0.30717118E-07 ) :: heat equation
ComputeChange: NS (ITER=6) (NRM,RELC): (  240.89344     0.28728303E-08 ) :: heat equation
MAIN: 
MAIN: -------------------------------------
MAIN: Time: 229/600:   2.290E+01
MAIN: Estimated time left: 15.5 minutes
MAIN: -------------------------------------
MAIN: 
ComputeChange: NS (ITER=1) (NRM,RELC): (  241.28244     0.16135067E-02 ) :: heat equation
ComputeChange: NS (ITER=2) (NRM,RELC): (  241.27769     0.19680387E-04 ) :: heat equation
ComputeChange: NS (ITER=3) (NRM,RELC): (  241.27749     0.81252860E-06 ) :: heat equation
ComputeChange: NS (ITER=4) (NRM,RELC): (  241.27747     0.92622195E-07 ) :: heat equation
ComputeChange: NS (ITER=5) (NRM,RELC): (  241.27747     0.98435798E-08 ) :: heat equation
MAIN: 
MAIN: -------------------------------------
MAIN: Time: 230/600:   2.300E+01
MAIN: Estimated time left: 11.3 minutes
MAIN: -------------------------------------
MAIN: 
ComputeChange: NS (ITER=1) (NRM,RELC): (  241.53936     0.10848450E-02 ) :: heat equation
ComputeChange: NS (ITER=2) (NRM,RELC): (  241.53724     0.87817403E-05 ) :: heat equation
ComputeChange: NS (ITER=3) (NRM,RELC): (  241.53725     0.24341013E-07 ) :: heat equation
ComputeChange: NS (ITER=4) (NRM,RELC): (  241.53725     0.52745618E-10 ) :: heat equation
MAIN: 
MAIN: -------------------------------------
MAIN: Time: 231/600:   2.310E+01
MAIN: Estimated time left:  9.8 minutes
MAIN: -------------------------------------
MAIN: 
ComputeChange: NS (ITER=1) (NRM,RELC): (  241.73446     0.81616255E-03 ) :: heat equation
ComputeChange: NS (ITER=2) (NRM,RELC): (  241.73390     0.23003947E-05 ) :: heat equation
ComputeChange: NS (ITER=3) (NRM,RELC): (  241.73405     0.60854182E-06 ) :: heat equation
ComputeChange: NS (ITER=4) (NRM,RELC): (  241.73406     0.56486041E-07 ) :: heat equation
ComputeChange: NS (ITER=5) (NRM,RELC): (  241.73407     0.54389296E-08 ) :: heat equation
MAIN: 
MAIN: -------------------------------------
MAIN: Time: 232/600:   2.320E+01
MAIN: Estimated time left: 12.6 minutes
MAIN: -------------------------------------
MAIN: 
ComputeChange: NS (ITER=1) (NRM,RELC): (  241.89810     0.67835583E-03 ) :: heat equation
ComputeChange: NS (ITER=2) (NRM,RELC): (  241.89613     0.81709464E-05 ) :: heat equation
ComputeChange: NS (ITER=3) (NRM,RELC): (  241.89613     0.23445262E-07 ) :: heat equation
ComputeChange: NS (ITER=4) (NRM,RELC): (  241.89613     0.10865080E-09 ) :: heat equation
MAIN: 
MAIN: -------------------------------------
MAIN: Time: 233/600:   2.330E+01
MAIN: Estimated time left: 11.1 minutes
MAIN: -------------------------------------
MAIN: 
ComputeChange: NS (ITER=1) (NRM,RELC): (  242.03697     0.58205792E-03 ) :: heat equation
ComputeChange: NS (ITER=2) (NRM,RELC): (  242.03504     0.79799048E-05 ) :: heat equation
ComputeChange: NS (ITER=3) (NRM,RELC): (  242.03504     0.22499086E-07 ) :: heat equation
ComputeChange: NS (ITER=4) (NRM,RELC): (  242.03504     0.10606797E-09 ) :: heat equation
MAIN: 
MAIN: -------------------------------------
MAIN: Time: 234/600:   2.340E+01
MAIN: Estimated time left: 11.0 minutes
MAIN: -------------------------------------
MAIN: 
ComputeChange: NS (ITER=1) (NRM,RELC): (  242.16173     0.52328008E-03 ) :: heat equation
ComputeChange: NS (ITER=2) (NRM,RELC): (  242.15768     0.16738450E-04 ) :: heat equation
ComputeChange: NS (ITER=3) (NRM,RELC): (  242.15743     0.10037582E-05 ) :: heat equation
ComputeChange: NS (ITER=4) (NRM,RELC): (  242.15740     0.14614651E-06 ) :: heat equation
ComputeChange: NS (ITER=5) (NRM,RELC): (  242.15739     0.24236383E-07 ) :: heat equation
ComputeChange: NS (ITER=6) (NRM,RELC): (  242.15739     0.42470100E-08 ) :: heat equation
MAIN: 
MAIN: -------------------------------------
MAIN: Time: 235/600:   2.350E+01
MAIN: Estimated time left: 14.2 minutes
MAIN: -------------------------------------
MAIN: 
ComputeChange: NS (ITER=1) (NRM,RELC): (  242.26788     0.45615451E-03 ) :: heat equation
ComputeChange: NS (ITER=2) (NRM,RELC): (  242.26450     0.13925216E-04 ) :: heat equation
ComputeChange: NS (ITER=3) (NRM,RELC): (  242.26420     0.12412427E-05 ) :: heat equation
ComputeChange: NS (ITER=4) (NRM,RELC): (  242.26415     0.22911173E-06 ) :: heat equation
ComputeChange: NS (ITER=5) (NRM,RELC): (  242.26414     0.41620483E-07 ) :: heat equation
ComputeChange: NS (ITER=6) (NRM,RELC): (  242.26414     0.74634298E-08 ) :: heat equation
MAIN: 
MAIN: -------------------------------------
MAIN: Time: 236/600:   2.360E+01
MAIN: Estimated time left: 15.3 minutes
MAIN: -------------------------------------
MAIN: 
ComputeChange: NS (ITER=1) (NRM,RELC): (  242.36184     0.40320158E-03 ) :: heat equation
ComputeChange: NS (ITER=2) (NRM,RELC): (  242.36259     0.30946142E-05 ) :: heat equation
ComputeChange: NS (ITER=3) (NRM,RELC): (  242.36253     0.24891381E-06 ) :: heat equation
ComputeChange: NS (ITER=4) (NRM,RELC): (  242.36253     0.75273941E-08 ) :: heat equation
MAIN: 
MAIN: -------------------------------------
MAIN: Time: 237/600:   2.370E+01
MAIN: Estimated time left: 13.0 minutes
MAIN: -------------------------------------
MAIN: 
ComputeChange: NS (ITER=1) (NRM,RELC): (  242.46039     0.40369249E-03 ) :: heat equation
ComputeChange: NS (ITER=2) (NRM,RELC): (  242.46076     0.15184747E-05 ) :: heat equation
ComputeChange: NS (ITER=3) (NRM,RELC): (  242.46076     0.14009681E-07 ) :: heat equation
ComputeChange: NS (ITER=4) (NRM,RELC): (  242.46076     0.21699973E-07 ) :: heat equation
ComputeChange: NS (ITER=5) (NRM,RELC): (  242.46076     0.12614311E-08 ) :: heat equation
MAIN: 
MAIN: -------------------------------------
MAIN: Time: 238/600:   2.380E+01
MAIN: Estimated time left: 18.7 minutes
MAIN: -------------------------------------
MAIN: 
ComputeChange: NS (ITER=1) (NRM,RELC): (  242.55727     0.39795209E-03 ) :: heat equation
ComputeChange: NS (ITER=2) (NRM,RELC): (  242.54762     0.39799283E-04 ) :: heat equation
ComputeChange: NS (ITER=3) (NRM,RELC): (  242.54752     0.41225723E-06 ) :: heat equation
ComputeChange: NS (ITER=4) (NRM,RELC): (  242.54750     0.76525806E-07 ) :: heat equation
ComputeChange: NS (ITER=5) (NRM,RELC): (  242.54750     0.57658121E-08 ) :: heat equation
MAIN: 
MAIN: -------------------------------------
MAIN: Time: 239/600:   2.390E+01
MAIN: Estimated time left: 14.4 minutes
MAIN: -------------------------------------
MAIN: 
ComputeChange: NS (ITER=1) (NRM,RELC): (  242.63322     0.35337548E-03 ) :: heat equation
ComputeChange: NS (ITER=2) (NRM,RELC): (  242.63115     0.85328773E-05 ) :: heat equation
ComputeChange: NS (ITER=3) (NRM,RELC): (  242.63123     0.32817674E-06 ) :: heat equation
ComputeChange: NS (ITER=4) (NRM,RELC): (  242.63122     0.65005199E-07 ) :: heat equation
ComputeChange: NS (ITER=5) (NRM,RELC): (  242.63122     0.16116105E-07 ) :: heat equation
ComputeChange: NS (ITER=6) (NRM,RELC): (  242.63122     0.37613192E-08 ) :: heat equation
MAIN: 
MAIN: -------------------------------------
MAIN: Time: 240/600:   2.400E+01
MAIN: Estimated time left: 18.4 minutes
MAIN: -------------------------------------
MAIN: 
ComputeChange: NS (ITER=1) (NRM,RELC): (  242.71297     0.33687235E-03 ) :: heat equation
ComputeChange: NS (ITER=2) (NRM,RELC): (  242.70524     0.31861150E-04 ) :: heat equation
ComputeChange: NS (ITER=3) (NRM,RELC): (  242.70502     0.90195511E-06 ) :: heat equation
ComputeChange: NS (ITER=4) (NRM,RELC): (  242.70497     0.17698985E-06 ) :: heat equation
ComputeChange: NS (ITER=5) (NRM,RELC): (  242.70498     0.20820287E-08 ) :: heat equation
MAIN: 
MAIN: -------------------------------------
MAIN: Time: 241/600:   2.410E+01
MAIN: Estimated time left: 16.7 minutes
MAIN: -------------------------------------
MAIN: 
ComputeChange: NS (ITER=1) (NRM,RELC): (  243.55144     0.34815630E-02 ) :: heat equation
ComputeChange: NS (ITER=2) (NRM,RELC): (  243.52294     0.11703546E-03 ) :: heat equation
ComputeChange: NS (ITER=3) (NRM,RELC): (  243.52523     0.94107742E-05 ) :: heat equation
ComputeChange: NS (ITER=4) (NRM,RELC): (  243.52493     0.12308887E-05 ) :: heat equation
ComputeChange: NS (ITER=5) (NRM,RELC): (  243.52498     0.19883901E-06 ) :: heat equation
ComputeChange: NS (ITER=6) (NRM,RELC): (  243.52497     0.33319668E-07 ) :: heat equation
ComputeChange: NS (ITER=7) (NRM,RELC): (  243.52497     0.50731689E-08 ) :: heat equation
MAIN: 
MAIN: -------------------------------------
MAIN: Time: 242/600:   2.420E+01
MAIN: Estimated time left: 27.0 minutes
MAIN: -------------------------------------
MAIN: 
ComputeChange: NS (ITER=1) (NRM,RELC): (  243.97363     0.18406526E-02 ) :: heat equation
ComputeChange: NS (ITER=2) (NRM,RELC): (  243.96984     0.15516980E-04 ) :: heat equation
ComputeChange: NS (ITER=3) (NRM,RELC): (  243.96986     0.73184275E-07 ) :: heat equation
ComputeChange: NS (ITER=4) (NRM,RELC): (  243.96986     0.42687120E-09 ) :: heat equation
MAIN: 
MAIN: -------------------------------------
MAIN: Time: 243/600:   2.430E+01
MAIN: Estimated time left:  9.8 minutes
MAIN: -------------------------------------
MAIN: 
ComputeChange: NS (ITER=1) (NRM,RELC): (  244.26319     0.12015990E-02 ) :: heat equation
ComputeChange: NS (ITER=2) (NRM,RELC): (  244.25630     0.28225557E-04 ) :: heat equation
ComputeChange: NS (ITER=3) (NRM,RELC): (  244.25628     0.62609705E-07 ) :: heat equation
ComputeChange: NS (ITER=4) (NRM,RELC): (  244.25628     0.44977068E-09 ) :: heat equation
MAIN: 
MAIN: -------------------------------------
MAIN: Time: 244/600:   2.440E+01
MAIN: Estimated time left:  9.7 minutes
MAIN: -------------------------------------
MAIN: 
ComputeChange: NS (ITER=1) (NRM,RELC): (  244.46472     0.85299171E-03 ) :: heat equation
ComputeChange: NS (ITER=2) (NRM,RELC): (  244.46361     0.45590008E-05 ) :: heat equation
ComputeChange: NS (ITER=3) (NRM,RELC): (  244.46372     0.44833840E-06 ) :: heat equation
ComputeChange: NS (ITER=4) (NRM,RELC): (  244.46373     0.49234483E-07 ) :: heat equation
ComputeChange: NS (ITER=5) (NRM,RELC): (  244.46373     0.56884713E-08 ) :: heat equation
MAIN: 
MAIN: -------------------------------------
MAIN: Time: 245/600:   2.450E+01
MAIN: Estimated time left: 11.7 minutes
MAIN: -------------------------------------
MAIN: 
ComputeChange: NS (ITER=1) (NRM,RELC): (  244.63201     0.68814750E-03 ) :: heat equation
ComputeChange: NS (ITER=2) (NRM,RELC): (  244.63002     0.81470414E-05 ) :: heat equation
ComputeChange: NS (ITER=3) (NRM,RELC): (  244.63003     0.23743124E-07 ) :: heat equation
ComputeChange: NS (ITER=4) (NRM,RELC): (  244.63003     0.10855958E-09 ) :: heat equation
MAIN: 
MAIN: -------------------------------------
MAIN: Time: 246/600:   2.460E+01
MAIN: Estimated time left: 10.3 minutes
MAIN: -------------------------------------
MAIN: 
ComputeChange: NS (ITER=1) (NRM,RELC): (  244.77122     0.57700833E-03 ) :: heat equation
ComputeChange: NS (ITER=2) (NRM,RELC): (  244.76932     0.77556190E-05 ) :: heat equation
ComputeChange: NS (ITER=3) (NRM,RELC): (  244.76933     0.22371817E-07 ) :: heat equation
ComputeChange: NS (ITER=4) (NRM,RELC): (  244.76933     0.10428057E-09 ) :: heat equation
MAIN: 
MAIN: -------------------------------------
MAIN: Time: 247/600:   2.470E+01
MAIN: Estimated time left: 10.1 minutes
MAIN: -------------------------------------
MAIN: 
ComputeChange: NS (ITER=1) (NRM,RELC): (  244.89431     0.51050165E-03 ) :: heat equation
ComputeChange: NS (ITER=2) (NRM,RELC): (  244.89214     0.88783004E-05 ) :: heat equation
ComputeChange: NS (ITER=3) (NRM,RELC): (  244.89210     0.16685150E-06 ) :: heat equation
ComputeChange: NS (ITER=4) (NRM,RELC): (  244.89209     0.30510188E-07 ) :: heat equation
ComputeChange: NS (ITER=5) (NRM,RELC): (  244.89209     0.48181025E-08 ) :: heat equation
MAIN: 
MAIN: -------------------------------------
MAIN: Time: 248/600:   2.480E+01
MAIN: Estimated time left: 13.0 minutes
MAIN: -------------------------------------
MAIN: 
ComputeChange: NS (ITER=1) (NRM,RELC): (  245.00471     0.45977296E-03 ) :: heat equation
ComputeChange: NS (ITER=2) (NRM,RELC): (  244.99935     0.21903656E-04 ) :: heat equation
ComputeChange: NS (ITER=3) (NRM,RELC): (  244.99906     0.11621563E-05 ) :: heat equation
ComputeChange: NS (ITER=4) (NRM,RELC): (  244.99904     0.86917986E-07 ) :: heat equation
ComputeChange: NS (ITER=5) (NRM,RELC): (  244.99904     0.63403966E-08 ) :: heat equation
MAIN: 
MAIN: -------------------------------------
MAIN: Time: 249/600:   2.490E+01
MAIN: Estimated time left: 12.9 minutes
MAIN: -------------------------------------
MAIN: 
ComputeChange: NS (ITER=1) (NRM,RELC): (  245.10047     0.41390590E-03 ) :: heat equation
ComputeChange: NS (ITER=2) (NRM,RELC): (  245.09412     0.25908566E-04 ) :: heat equation
ComputeChange: NS (ITER=3) (NRM,RELC): (  245.09363     0.19633268E-05 ) :: heat equation
ComputeChange: NS (ITER=4) (NRM,RELC): (  245.09362     0.48891714E-07 ) :: heat equation
ComputeChange: NS (ITER=5) (NRM,RELC): (  245.09362     0.12302222E-07 ) :: heat equation
ComputeChange: NS (ITER=6) (NRM,RELC): (  245.09362     0.30114298E-09 ) :: heat equation
MAIN: 
MAIN: -------------------------------------
MAIN: Time: 250/600:   2.500E+01
MAIN: Estimated time left: 14.2 minutes
MAIN: -------------------------------------
MAIN: 
ComputeChange: NS (ITER=1) (NRM,RELC): (  245.18673     0.37981282E-03 ) :: heat equation
ComputeChange: NS (ITER=2) (NRM,RELC): (  245.18675     0.99413489E-07 ) :: heat equation
ComputeChange: NS (ITER=3) (NRM,RELC): (  245.18682     0.27767290E-06 ) :: heat equation
ComputeChange: NS (ITER=4) (NRM,RELC): (  245.18682     0.10780912E-07 ) :: heat equation
ComputeChange: NS (ITER=5) (NRM,RELC): (  245.18682     0.46371897E-09 ) :: heat equation
REF time=  25.000 max=  1528.133 energy residual= -1.5659E+00
MAIN: 
MAIN: -------------------------------------
MAIN: Time: 251/600:   2.510E+01
MAIN: Estimated time left: 13.6 minutes
MAIN: -------------------------------------
MAIN: 
ComputeChange: NS (ITER=1) (NRM,RELC): (  245.27880     0.37507712E-03 ) :: heat equation
ComputeChange: NS (ITER=2) (NRM,RELC): (  245.27208     0.27411653E-04 ) :: heat equation
ComputeChange: NS (ITER=3) (NRM,RELC): (  245.27226     0.72798023E-06 ) :: heat equation
ComputeChange: NS (ITER=4) (NRM,RELC): (  245.27223     0.95570530E-07 ) :: heat equation
ComputeChange: NS (ITER=5) (NRM,RELC): (  245.27224     0.23678027E-08 ) :: heat equation
MAIN: 
MAIN: -------------------------------------
MAIN: Time: 252/600:   2.520E+01
MAIN: Estimated time left: 20.6 minutes
MAIN: -------------------------------------
MAIN: 
ComputeChange: NS (ITER=1) (NRM,RELC): (  245.35598     0.34136467E-03 ) :: heat equation
ComputeChange: NS (ITER=2) (NRM,RELC): (  245.35066     0.21682247E-04 ) :: heat equation
ComputeChange: NS (ITER=3) (NRM,RELC): (  245.35076     0.43987166E-06 ) :: heat equation
ComputeChange: NS (ITER=4) (NRM,RELC): (  245.35074     0.81780287E-07 ) :: heat equation
ComputeChange: NS (ITER=5) (NRM,RELC): (  245.35075     0.10498079E-07 ) :: heat equation
ComputeChange: NS (ITER=6) (NRM,RELC): (  245.35075     0.13113374E-08 ) :: heat equation
MAIN: 
MAIN: -------------------------------------
MAIN: Time: 253/600:   2.530E+01
MAIN: Estimated time left: 29.1 minutes
MAIN: -------------------------------------
MAIN: 
ComputeChange: NS (ITER=1) (NRM,RELC): (  245.43112     0.32754616E-03 ) :: heat equation
ComputeChange: NS (ITER=2) (NRM,RELC): (  245.42474     0.26008519E-04 ) :: heat equation
ComputeChange: NS (ITER=3) (NRM,RELC): (  245.42465     0.35486373E-06 ) :: heat equation
ComputeChange: NS (ITER=4) (NRM,RELC): (  245.42459     0.24471656E-06 ) :: heat equation
ComputeChange: NS (ITER=5) (NRM,RELC): (  245.42459     0.14653500E-07 ) :: heat equation
ComputeChange: NS (ITER=6) (NRM,RELC): (  245.42459     0.63958930E-08 ) :: heat equation
MAIN: 
MAIN: -------------------------------------
MAIN: Time: 254/600:   2.540E+01
MAIN: Estimated time left: 26.7 minutes
MAIN: -------------------------------------
MAIN: 
ComputeChange: NS (ITER=1) (NRM,RELC): (  246.07437     0.26440853E-02 ) :: heat equation
ComputeChange: NS (ITER=2) (NRM,RELC): (  246.05244     0.89139089E-04 ) :: heat equation
ComputeChange: NS (ITER=3) (NRM,RELC): (  246.05423     0.72918186E-05 ) :: heat equation
ComputeChange: NS (ITER=4) (NRM,RELC): (  246.05402     0.85369140E-06 ) :: heat equation
ComputeChange: NS (ITER=5) (NRM,RELC): (  246.05407     0.18268659E-06 ) :: heat equation
ComputeChange: NS (ITER=6) (NRM,RELC): (  246.05406     0.31499591E-07 ) :: heat equation
ComputeChange: NS (ITER=7) (NRM,RELC): (  246.05406     0.60301090E-08 ) :: heat equation
MAIN: 
MAIN: -------------------------------------
MAIN: Time: 255/600:   2.550E+01
MAIN: Estimated time left: 16.3 minutes
MAIN: -------------------------------------
MAIN: 
ComputeChange: NS (ITER=1) (NRM,RELC): (  246.58264     0.21459133E-02 ) :: heat equation
ComputeChange: NS (ITER=2) (NRM,RELC): (  246.56462     0.73057584E-04 ) :: heat equation
ComputeChange: NS (ITER=3) (NRM,RELC): (  246.56477     0.58099643E-06 ) :: heat equation
ComputeChange: NS (ITER=4) (NRM,RELC): (  246.56476     0.28249864E-07 ) :: heat equation
ComputeChange: NS (ITER=5) (NRM,RELC): (  246.56476     0.44823615E-10 ) :: heat equation
MAIN: 
MAIN: -------------------------------------
MAIN: Time: 256/600:   2.560E+01
MAIN: Estimated time left: 16.4 minutes
MAIN: -------------------------------------
MAIN: 
ComputeChange: NS (ITER=1) (NRM,RELC): (  246.89310     0.13307804E-02 ) :: heat equation
ComputeChange: NS (ITER=2) (NRM,RELC): (  246.88814     0.20097163E-04 ) :: heat equation
ComputeChange: NS (ITER=3) (NRM,RELC): (  246.88793     0.84492453E-06 ) :: heat equation
ComputeChange: NS (ITER=4) (NRM,RELC): (  246.88791     0.71156747E-07 ) :: heat equation
ComputeChange: NS (ITER=5) (NRM,RELC): (  246.88791     0.56840437E-08 ) :: heat equation
MAIN: 
MAIN: -------------------------------------
MAIN: Time: 257/600:   2.570E+01
MAIN: Estimated time left: 15.6 minutes
MAIN: -------------------------------------
MAIN: 
ComputeChange: NS (ITER=1) (NRM,RELC): (  247.11099     0.90314385E-03 ) :: heat equation
ComputeChange: NS (ITER=2) (NRM,RELC): (  247.10909     0.76995016E-05 ) :: heat equation
ComputeChange: NS (ITER=3) (NRM,RELC): (  247.10911     0.87286207E-07 ) :: heat equation
ComputeChange: NS (ITER=4) (NRM,RELC): (  247.10911     0.87639629E-08 ) :: heat equation
MAIN: 
MAIN: -------------------------------------
MAIN: Time: 258/600:   2.580E+01
MAIN: Estimated time left: 17.4 minutes
MAIN: -------------------------------------
MAIN: 
ComputeChange: NS (ITER=1) (NRM,RELC): (  247.28408     0.70783084E-03 ) :: heat equation
ComputeChange: NS (ITER=2) (NRM,RELC): (  247.28208     0.81000609E-05 ) :: heat equation
ComputeChange: NS (ITER=3) (NRM,RELC): (  247.28209     0.23639688E-07 ) :: heat equation
ComputeChange: NS (ITER=4) (NRM,RELC): (  247.28209     0.10676866E-09 ) :: heat equation
MAIN: 
MAIN: -------------------------------------
MAIN: Time: 259/600:   2.590E+01
MAIN: Estimated time left: 15.6 minutes
MAIN: -------------------------------------
MAIN: 
ComputeChange: NS (ITER=1) (NRM,RELC): (  247.42472     0.57664543E-03 ) :: heat equation
ComputeChange: NS (ITER=2) (NRM,RELC): (  247.42283     0.76429548E-05 ) :: heat equation
ComputeChange: NS (ITER=3) (NRM,RELC): (  247.42284     0.22310919E-07 ) :: heat equation
ComputeChange: NS (ITER=4) (NRM,RELC): (  247.42284     0.10347488E-09 ) :: heat equation
MAIN: 
MAIN: -------------------------------------
MAIN: Time: 260/600:   2.600E+01
MAIN: Estimated time left: 13.8 minutes
MAIN: -------------------------------------
MAIN: 
ComputeChange: NS (ITER=1) (NRM,RELC): (  247.54707     0.50196873E-03 ) :: heat equation
ComputeChange: NS (ITER=2) (NRM,RELC): (  247.54519     0.75795297E-05 ) :: heat equation
ComputeChange: NS (ITER=3) (NRM,RELC): (  247.54519     0.21465957E-07 ) :: heat equation
ComputeChange: NS (ITER=4) (NRM,RELC): (  247.54519     0.10119760E-09 ) :: heat equation
MAIN: 
MAIN: -------------------------------------
MAIN: Time: 261/600:   2.610E+01
MAIN: Estimated time left: 13.2 minutes
MAIN: -------------------------------------
MAIN: 
ComputeChange: NS (ITER=1) (NRM,RELC): (  247.65757     0.45385451E-03 ) :: heat equation
ComputeChange: NS (ITER=2) (NRM,RELC): (  247.65348     0.16520078E-04 ) :: heat equation
ComputeChange: NS (ITER=3) (NRM,RELC): (  247.65322     0.10317983E-05 ) :: heat equation
ComputeChange: NS (ITER=4) (NRM,RELC): (  247.65319     0.14992953E-06 ) :: heat equation
ComputeChange: NS (ITER=5) (NRM,RELC): (  247.65318     0.24721424E-07 ) :: heat equation
ComputeChange: NS (ITER=6) (NRM,RELC): (  247.65318     0.43036570E-08 ) :: heat equation
MAIN: 
MAIN: -------------------------------------
MAIN: Time: 262/600:   2.620E+01
MAIN: Estimated time left: 25.0 minutes
MAIN: -------------------------------------
MAIN: 
ComputeChange: NS (ITER=1) (NRM,RELC): (  247.75062     0.39336801E-03 ) :: heat equation
ComputeChange: NS (ITER=2) (NRM,RELC): (  247.74713     0.14082729E-04 ) :: heat equation
ComputeChange: NS (ITER=3) (NRM,RELC): (  247.74678     0.13873563E-05 ) :: heat equation
ComputeChange: NS (ITER=4) (NRM,RELC): (  247.74672     0.24300580E-06 ) :: heat equation
ComputeChange: NS (ITER=5) (NRM,RELC): (  247.74671     0.41936775E-07 ) :: heat equation
ComputeChange: NS (ITER=6) (NRM,RELC): (  247.74671     0.71418326E-08 ) :: heat equation
MAIN: 
MAIN: -------------------------------------
MAIN: Time: 263/600:   2.630E+01
MAIN: Estimated time left: 23.3 minutes
MAIN: -------------------------------------
MAIN: 
ComputeChange: NS (ITER=1) (NRM,RELC): (  247.83222     0.34509214E-03 ) :: heat equation
ComputeChange: NS (ITER=2) (NRM,RELC): (  247.83468     0.99063996E-05 ) :: heat equation
ComputeChange: NS (ITER=3) (NRM,RELC): (  247.83466     0.73781210E-07 ) :: heat equation
ComputeChange: NS (ITER=4) (NRM,RELC): (  247.83466     0.27121207E-09 ) :: heat equation
MAIN: 
MAIN: -------------------------------------
MAIN: Time: 264/600:   2.640E+01
MAIN: Estimated time left: 10.7 minutes
MAIN: -------------------------------------
MAIN: 
ComputeChange: NS (ITER=1) (NRM,RELC): (  247.92237     0.35385473E-03 ) :: heat equation
ComputeChange: NS (ITER=2) (NRM,RELC): (  247.91723     0.20726039E-04 ) :: heat equation
ComputeChange: NS (ITER=3) (NRM,RELC): (  247.91762     0.15577790E-05 ) :: heat equation
ComputeChange: NS (ITER=4) (NRM,RELC): (  247.91758     0.17306244E-06 ) :: heat equation
ComputeChange: NS (ITER=5) (NRM,RELC): (  247.91758     0.18312836E-07 ) :: heat equation
ComputeChange: NS (ITER=6) (NRM,RELC): (  247.91758     0.17746494E-08 ) :: heat equation
MAIN: 
MAIN: -------------------------------------
MAIN: Time: 265/600:   2.650E+01
MAIN: Estimated time left: 25.6 minutes
MAIN: -------------------------------------
MAIN: 
ComputeChange: NS (ITER=1) (NRM,RELC): (  247.99846     0.32617492E-03 ) :: heat equation
ComputeChange: NS (ITER=2) (NRM,RELC): (  247.99395     0.18166059E-04 ) :: heat equation
ComputeChange: NS (ITER=3) (NRM,RELC): (  247.99363     0.13102251E-05 ) :: heat equation
ComputeChange: NS (ITER=4) (NRM,RELC): (  247.99363     0.74428913E-08 ) :: heat equation
MAIN: 
MAIN: -------------------------------------
MAIN: Time: 266/600:   2.660E+01
MAIN: Estimated time left:  9.8 minutes
MAIN: -------------------------------------
MAIN: 
ComputeChange: NS (ITER=1) (NRM,RELC): (  248.06587     0.29127170E-03 ) :: heat equation
ComputeChange: NS (ITER=2) (NRM,RELC): (  248.06504     0.33644530E-05 ) :: heat equation
ComputeChange: NS (ITER=3) (NRM,RELC): (  248.06505     0.76769984E-07 ) :: heat equation
ComputeChange: NS (ITER=4) (NRM,RELC): (  248.06505     0.22595796E-07 ) :: heat equation
ComputeChange: NS (ITER=5) (NRM,RELC): (  248.06505     0.35057328E-08 ) :: heat equation
MAIN: 
MAIN: -------------------------------------
MAIN: Time: 267/600:   2.670E+01
MAIN: Estimated time left: 10.5 minutes
MAIN: -------------------------------------
MAIN: 
ComputeChange: NS (ITER=1) (NRM,RELC): (  248.56579     0.20165614E-02 ) :: heat equation
ComputeChange: NS (ITER=2) (NRM,RELC): (  248.54158     0.97427977E-04 ) :: heat equation
ComputeChange: NS (ITER=3) (NRM,RELC): (  248.54245     0.35175155E-05 ) :: heat equation
ComputeChange: NS (ITER=4) (NRM,RELC): (  248.54242     0.12421015E-06 ) :: heat equation
ComputeChange: NS (ITER=5) (NRM,RELC): (  248.54243     0.24536347E-07 ) :: heat equation
ComputeChange: NS (ITER=6) (NRM,RELC): (  248.54243     0.22352642E-08 ) :: heat equation
MAIN: 
MAIN: -------------------------------------
MAIN: Time: 268/600:   2.680E+01
MAIN: Estimated time left: 10.6 minutes
MAIN: -------------------------------------
MAIN: 
ComputeChange: NS (ITER=1) (NRM,RELC): (  249.08786     0.21921165E-02 ) :: heat equation
ComputeChange: NS (ITER=2) (NRM,RELC): (  249.07290     0.60059158E-04 ) :: heat equation
ComputeChange: NS (ITER=3) (NRM,RELC): (  249.07321     0.12556430E-05 ) :: heat equation
ComputeChange: NS (ITER=4) (NRM,RELC): (  249.07316     0.19603851E-06 ) :: heat equation
ComputeChange: NS (ITER=5) (NRM,RELC): (  249.07316     0.64867623E-09 ) :: heat equation
MAIN: 
MAIN: -------------------------------------
MAIN: Time: 269/600:   2.690E+01
MAIN: Estimated time left:  7.9 minutes
MAIN: -------------------------------------
MAIN: 
ComputeChange: NS (ITER=1) (NRM,RELC): (  249.43961     0.14701771E-02 ) :: heat equation
ComputeChange: NS (ITER=2) (NRM,RELC): (  249.43613     0.13981738E-04 ) :: heat equation
ComputeChange: NS (ITER=3) (NRM,RELC): (  249.43604     0.35561713E-06 ) :: heat equation
ComputeChange: NS (ITER=4) (NRM,RELC): (  249.43602     0.62728884E-07 ) :: heat equation
ComputeChange: NS (ITER=5) (NRM,RELC): (  249.43602     0.96866309E-08 ) :: heat equation
MAIN: 
MAIN: -------------------------------------
MAIN: Time: 270/600:   2.700E+01
MAIN: Estimated time left:  7.6 minutes
MAIN: -------------------------------------
MAIN: 
ComputeChange: NS (ITER=1) (NRM,RELC): (  249.67759     0.96801589E-03 ) :: heat equation
ComputeChange: NS (ITER=2) (NRM,RELC): (  249.67553     0.82544822E-05 ) :: heat equation
ComputeChange: NS (ITER=3) (NRM,RELC): (  249.67554     0.23202256E-07 ) :: heat equation
ComputeChange: NS (ITER=4) (NRM,RELC): (  249.67554     0.48930655E-10 ) :: heat equation
MAIN: 
MAIN: -------------------------------------
MAIN: Time: 271/600:   2.710E+01
MAIN: Estimated time left:  5.8 minutes
MAIN: -------------------------------------
MAIN: 
ComputeChange: NS (ITER=1) (NRM,RELC): (  249.85488     0.71806167E-03 ) :: heat equation
ComputeChange: NS (ITER=2) (NRM,RELC): (  249.85621     0.53031162E-05 ) :: heat equation
ComputeChange: NS (ITER=3) (NRM,RELC): (  249.85631     0.40932242E-06 ) :: heat equation
ComputeChange: NS (ITER=4) (NRM,RELC): (  249.85632     0.11286283E-07 ) :: heat equation
ComputeChange: NS (ITER=5) (NRM,RELC): (  249.85632     0.35745519E-09 ) :: heat equation
MAIN: 
MAIN: -------------------------------------
MAIN: Time: 272/600:   2.720E+01
MAIN: Estimated time left:  7.1 minutes
MAIN: -------------------------------------
MAIN: 
ComputeChange: NS (ITER=1) (NRM,RELC): (  250.00202     0.58297306E-03 ) :: heat equation
ComputeChange: NS (ITER=2) (NRM,RELC): (  250.00012     0.75763509E-05 ) :: heat equation
ComputeChange: NS (ITER=3) (NRM,RELC): (  250.00013     0.21941282E-07 ) :: heat equation
ComputeChange: NS (ITER=4) (NRM,RELC): (  250.00013     0.10103776E-09 ) :: heat equation
MAIN: 
MAIN: -------------------------------------
MAIN: Time: 273/600:   2.730E+01
MAIN: Estimated time left:  5.6 minutes
MAIN: -------------------------------------
MAIN: 
ComputeChange: NS (ITER=1) (NRM,RELC): (  250.12436     0.49681383E-03 ) :: heat equation
ComputeChange: NS (ITER=2) (NRM,RELC): (  250.12252     0.73845910E-05 ) :: heat equation
ComputeChange: NS (ITER=3) (NRM,RELC): (  250.12252     0.21248581E-07 ) :: heat equation
ComputeChange: NS (ITER=4) (NRM,RELC): (  250.12252     0.99030569E-10 ) :: heat equation
MAIN: 
MAIN: -------------------------------------
MAIN: Time: 274/600:   2.740E+01
MAIN: Estimated time left:  5.8 minutes
MAIN: -------------------------------------
MAIN: 
ComputeChange: NS (ITER=1) (NRM,RELC): (  250.23326     0.44262120E-03 ) :: heat equation
ComputeChange: NS (ITER=2) (NRM,RELC): (  250.23099     0.90556068E-05 ) :: heat equation
ComputeChange: NS (ITER=3) (NRM,RELC): (  250.23093     0.21663576E-06 ) :: heat equation
ComputeChange: NS (ITER=4) (NRM,RELC): (  250.23093     0.36184690E-07 ) :: heat equation
ComputeChange: NS (ITER=5) (NRM,RELC): (  250.23092     0.53821404E-08 ) :: heat equation
MAIN: 
MAIN: -------------------------------------
MAIN: Time: 275/600:   2.750E+01
MAIN: Estimated time left:  7.4 minutes
MAIN: -------------------------------------
MAIN: 
ComputeChange: NS (ITER=1) (NRM,RELC): (  250.33097     0.39973986E-03 ) :: heat equation
ComputeChange: NS (ITER=2) (NRM,RELC): (  250.32542     0.22194134E-04 ) :: heat equation
ComputeChange: NS (ITER=3) (NRM,RELC): (  250.32515     0.10681117E-05 ) :: heat equation
ComputeChange: NS (ITER=4) (NRM,RELC): (  250.32513     0.65984920E-07 ) :: heat equation
ComputeChange: NS (ITER=5) (NRM,RELC): (  250.32513     0.39884063E-08 ) :: heat equation
MAIN: 
MAIN: -------------------------------------
MAIN: Time: 276/600:   2.760E+01
MAIN: Estimated time left:  7.5 minutes
MAIN: -------------------------------------
MAIN: 
ComputeChange: NS (ITER=1) (NRM,RELC): (  250.41470     0.35775697E-03 ) :: heat equation
ComputeChange: NS (ITER=2) (NRM,RELC): (  250.40890     0.23168424E-04 ) :: heat equation
ComputeChange: NS (ITER=3) (NRM,RELC): (  250.40853     0.14886080E-05 ) :: heat equation
ComputeChange: NS (ITER=4) (NRM,RELC): (  250.40853     0.89093645E-09 ) :: heat equation
MAIN: 
MAIN: -------------------------------------
MAIN: Time: 277/600:   2.770E+01
MAIN: Estimated time left:  5.7 minutes
MAIN: -------------------------------------
MAIN: 
ComputeChange: NS (ITER=1) (NRM,RELC): (  250.49229     0.33445093E-03 ) :: heat equation
ComputeChange: NS (ITER=2) (NRM,RELC): (  250.48859     0.14779654E-04 ) :: heat equation
ComputeChange: NS (ITER=3) (NRM,RELC): (  250.48900     0.16553104E-05 ) :: heat equation
ComputeChange: NS (ITER=4) (NRM,RELC): (  250.48893     0.31388912E-06 ) :: heat equation
ComputeChange: NS (ITER=5) (NRM,RELC): (  250.48894     0.59345153E-07 ) :: heat equation
ComputeChange: NS (ITER=6) (NRM,RELC): (  250.48894     0.11189866E-07 ) :: heat equation
ComputeChange: NS (ITER=7) (NRM,RELC): (  250.48894     0.19284665E-08 ) :: heat equation
MAIN: 
MAIN: -------------------------------------
MAIN: Time: 278/600:   2.780E+01
MAIN: Estimated time left:  9.7 minutes
MAIN: -------------------------------------
MAIN: 
ComputeChange: NS (ITER=1) (NRM,RELC): (  250.56172     0.29051273E-03 ) :: heat equation
ComputeChange: NS (ITER=2) (NRM,RELC): (  250.56284     0.44590482E-05 ) :: heat equation
ComputeChange: NS (ITER=3) (NRM,RELC): (  250.56272     0.47601109E-06 ) :: heat equation
ComputeChange: NS (ITER=4) (NRM,RELC): (  250.56271     0.21844960E-07 ) :: heat equation
ComputeChange: NS (ITER=5) (NRM,RELC): (  250.56271     0.23539103E-08 ) :: heat equation
MAIN: 
MAIN: -------------------------------------
MAIN: Time: 279/600:   2.790E+01
MAIN: Estimated time left:  6.9 minutes
MAIN: -------------------------------------
MAIN: 
ComputeChange: NS (ITER=1) (NRM,RELC): (  250.63713     0.29698261E-03 ) :: heat equation
ComputeChange: NS (ITER=2) (NRM,RELC): (  250.63010     0.28083546E-04 ) :: heat equation
ComputeChange: NS (ITER=3) (NRM,RELC): (  250.63022     0.48022717E-06 ) :: heat equation
ComputeChange: NS (ITER=4) (NRM,RELC): (  250.63020     0.67568127E-07 ) :: heat equation
ComputeChange: NS (ITER=5) (NRM,RELC): (  250.63020     0.97239369E-08 ) :: heat equation
MAIN: 
MAIN: -------------------------------------
MAIN: Time: 280/600:   2.800E+01
MAIN: Estimated time left:  7.4 minutes
MAIN: -------------------------------------
MAIN: 
ComputeChange: NS (ITER=1) (NRM,RELC): (  250.69773     0.26939526E-03 ) :: heat equation
ComputeChange: NS (ITER=2) (NRM,RELC): (  250.68892     0.35124100E-04 ) :: heat equation
ComputeChange: NS (ITER=3) (NRM,RELC): (  250.68912     0.76478777E-06 ) :: heat equation
ComputeChange: NS (ITER=4) (NRM,RELC): (  250.68900     0.44871072E-06 ) :: heat equation
ComputeChange: NS (ITER=5) (NRM,RELC): (  250.68901     0.19223022E-07 ) :: heat equation
ComputeChange: NS (ITER=6) (NRM,RELC): (  250.68901     0.11350072E-07 ) :: heat equation
ComputeChange: NS (ITER=7) (NRM,RELC): (  250.68901     0.11229065E-08 ) :: heat equation
MAIN: 
MAIN: -------------------------------------
MAIN: Time: 281/600:   2.810E+01
MAIN: Estimated time left: 10.5 minutes
MAIN: -------------------------------------
MAIN: 
ComputeChange: NS (ITER=1) (NRM,RELC): (  251.48507     0.31704641E-02 ) :: heat equation
ComputeChange: NS (ITER=2) (NRM,RELC): (  251.47426     0.42961502E-04 ) :: heat equation
ComputeChange: NS (ITER=3) (NRM,RELC): (  251.47545     0.47280761E-05 ) :: heat equation
ComputeChange: NS (ITER=4) (NRM,RELC): (  251.47534     0.44143268E-06 ) :: heat equation
ComputeChange: NS (ITER=5) (NRM,RELC): (  251.47536     0.56215589E-07 ) :: heat equation
ComputeChange: NS (ITER=6) (NRM,RELC): (  251.47535     0.82902217E-08 ) :: heat equation
MAIN: 
MAIN: -------------------------------------
MAIN: Time: 282/600:   2.820E+01
MAIN: Estimated time left:  8.9 minutes
MAIN: -------------------------------------
MAIN: 
ComputeChange: NS (ITER=1) (NRM,RELC): (  251.89995     0.16869962E-02 ) :: heat equation
ComputeChange: NS (ITER=2) (NRM,RELC): (  251.89627     0.14590987E-04 ) :: heat equation
ComputeChange: NS (ITER=3) (NRM,RELC): (  251.89629     0.68850018E-07 ) :: heat equation
ComputeChange: NS (ITER=4) (NRM,RELC): (  251.89629     0.40071714E-09 ) :: heat equation
MAIN: 
MAIN: -------------------------------------
MAIN: Time: 283/600:   2.830E+01
MAIN: Estimated time left:  6.2 minutes
MAIN: -------------------------------------
MAIN: 
ComputeChange: NS (ITER=1) (NRM,RELC): (  252.16978     0.10851441E-02 ) :: heat equation
ComputeChange: NS (ITER=2) (NRM,RELC): (  252.16421     0.22121466E-04 ) :: heat equation
ComputeChange: NS (ITER=3) (NRM,RELC): (  252.16404     0.64986769E-06 ) :: heat equation
ComputeChange: NS (ITER=4) (NRM,RELC): (  252.16403     0.30580887E-07 ) :: heat equation
ComputeChange: NS (ITER=5) (NRM,RELC): (  252.16403     0.13649472E-08 ) :: heat equation
MAIN: 
MAIN: -------------------------------------
MAIN: Time: 284/600:   2.840E+01
MAIN: Estimated time left:  8.0 minutes
MAIN: -------------------------------------
MAIN: 
ComputeChange: NS (ITER=1) (NRM,RELC): (  252.35465     0.75562169E-03 ) :: heat equation
ComputeChange: NS (ITER=2) (NRM,RELC): (  252.35518     0.21307643E-05 ) :: heat equation
ComputeChange: NS (ITER=3) (NRM,RELC): (  252.35535     0.64977177E-06 ) :: heat equation
ComputeChange: NS (ITER=4) (NRM,RELC): (  252.35536     0.39597555E-07 ) :: heat equation
ComputeChange: NS (ITER=5) (NRM,RELC): (  252.35536     0.26558595E-08 ) :: heat equation
MAIN: 
MAIN: -------------------------------------
MAIN: Time: 285/600:   2.850E+01
MAIN: Estimated time left:  8.1 minutes
MAIN: -------------------------------------
MAIN: 
ComputeChange: NS (ITER=1) (NRM,RELC): (  252.50619     0.59752509E-03 ) :: heat equation
ComputeChange: NS (ITER=2) (NRM,RELC): (  252.50426     0.76722707E-05 ) :: heat equation
ComputeChange: NS (ITER=3) (NRM,RELC): (  252.50426     0.22256066E-07 ) :: heat equation
ComputeChange: NS (ITER=4) (NRM,RELC): (  252.50426     0.10142293E-09 ) :: heat equation
MAIN: 
MAIN: -------------------------------------
MAIN: Time: 286/600:   2.860E+01
MAIN: Estimated time left:  5.8 minutes
MAIN: -------------------------------------
MAIN: 
ComputeChange: NS (ITER=1) (NRM,RELC): (  252.62959     0.49622249E-03 ) :: heat equation
ComputeChange: NS (ITER=2) (NRM,RELC): (  252.62777     0.72001796E-05 ) :: heat equation
ComputeChange: NS (ITER=3) (NRM,RELC): (  252.62778     0.21033092E-07 ) :: heat equation
ComputeChange: NS (ITER=4) (NRM,RELC): (  252.62778     0.97601187E-10 ) :: heat equation
MAIN: 
MAIN: -------------------------------------
MAIN: Time: 287/600:   2.870E+01
MAIN: Estimated time left:  6.4 minutes
MAIN: -------------------------------------
MAIN: 
ComputeChange: NS (ITER=1) (NRM,RELC): (  252.73766     0.43487245E-03 ) :: heat equation
ComputeChange: NS (ITER=2) (NRM,RELC): (  252.73582     0.72819765E-05 ) :: heat equation
ComputeChange: NS (ITER=3) (NRM,RELC): (  252.73583     0.20737249E-07 ) :: heat equation
ComputeChange: NS (ITER=4) (NRM,RELC): (  252.73583     0.98708875E-10 ) :: heat equation
MAIN: 
MAIN: -------------------------------------
MAIN: Time: 288/600:   2.880E+01
MAIN: Estimated time left:  5.7 minutes
MAIN: -------------------------------------
MAIN: 
ComputeChange: NS (ITER=1) (NRM,RELC): (  252.83580     0.39548825E-03 ) :: heat equation
ComputeChange: NS (ITER=2) (NRM,RELC): (  252.83103     0.18877433E-04 ) :: heat equation
ComputeChange: NS (ITER=3) (NRM,RELC): (  252.83071     0.12587665E-05 ) :: heat equation
ComputeChange: NS (ITER=4) (NRM,RELC): (  252.83067     0.16839548E-06 ) :: heat equation
ComputeChange: NS (ITER=5) (NRM,RELC): (  252.83066     0.25149705E-07 ) :: heat equation
ComputeChange: NS (ITER=6) (NRM,RELC): (  252.83066     0.38718073E-08 ) :: heat equation
MAIN: 
MAIN: -------------------------------------
MAIN: Time: 289/600:   2.890E+01
MAIN: Estimated time left:  8.2 minutes
MAIN: -------------------------------------
MAIN: 
ComputeChange: NS (ITER=1) (NRM,RELC): (  252.91677     0.34053679E-03 ) :: heat equation
ComputeChange: NS (ITER=2) (NRM,RELC): (  252.91317     0.14237325E-04 ) :: heat equation
ComputeChange: NS (ITER=3) (NRM,RELC): (  252.91277     0.15918984E-05 ) :: heat equation
ComputeChange: NS (ITER=4) (NRM,RELC): (  252.91272     0.19434485E-06 ) :: heat equation
ComputeChange: NS (ITER=5) (NRM,RELC): (  252.91271     0.35712139E-07 ) :: heat equation
ComputeChange: NS (ITER=6) (NRM,RELC): (  252.91271     0.39209390E-08 ) :: heat equation
MAIN: 
MAIN: -------------------------------------
MAIN: Time: 290/600:   2.900E+01
MAIN: Estimated time left:  8.1 minutes
MAIN: -------------------------------------
MAIN: 
ComputeChange: NS (ITER=1) (NRM,RELC): (  252.99249     0.31540805E-03 ) :: heat equation
ComputeChange: NS (ITER=2) (NRM,RELC): (  252.99101     0.58498229E-05 ) :: heat equation
ComputeChange: NS (ITER=3) (NRM,RELC): (  252.99101     0.96538294E-08 ) :: heat equation
MAIN: 
MAIN: -------------------------------------
MAIN: Time: 291/600:   2.910E+01
MAIN: Estimated time left:  4.2 minutes
MAIN: -------------------------------------
MAIN: 
ComputeChange: NS (ITER=1) (NRM,RELC): (  253.06857     0.30652085E-03 ) :: heat equation
ComputeChange: NS (ITER=2) (NRM,RELC): (  253.06045     0.32094960E-04 ) :: heat equation
ComputeChange: NS (ITER=3) (NRM,RELC): (  253.06043     0.10266164E-06 ) :: heat equation
ComputeChange: NS (ITER=4) (NRM,RELC): (  253.06044     0.73327903E-07 ) :: heat equation
ComputeChange: NS (ITER=5) (NRM,RELC): (  253.06044     0.89034876E-08 ) :: heat equation
MAIN: 
MAIN: -------------------------------------
MAIN: Time: 292/600:   2.920E+01
MAIN: Estimated time left:  6.7 minutes
MAIN: -------------------------------------
MAIN: 
ComputeChange: NS (ITER=1) (NRM,RELC): (  253.13293     0.28640099E-03 ) :: heat equation
ComputeChange: NS (ITER=2) (NRM,RELC): (  253.12659     0.25040741E-04 ) :: heat equation
ComputeChange: NS (ITER=3) (NRM,RELC): (  253.12647     0.46224919E-06 ) :: heat equation
ComputeChange: NS (ITER=4) (NRM,RELC): (  253.12645     0.86689643E-07 ) :: heat equation
ComputeChange: NS (ITER=5) (NRM,RELC): (  253.12645     0.37138401E-08 ) :: heat equation
MAIN: 
MAIN: -------------------------------------
MAIN: Time: 293/600:   2.930E+01
MAIN: Estimated time left:  7.0 minutes
MAIN: -------------------------------------
MAIN: 
ComputeChange: NS (ITER=1) (NRM,RELC): (  253.18967     0.24972495E-03 ) :: heat equation
ComputeChange: NS (ITER=2) (NRM,RELC): (  253.18467     0.19755314E-04 ) :: heat equation
ComputeChange: NS (ITER=3) (NRM,RELC): (  253.18508     0.16123566E-05 ) :: heat equation
ComputeChange: NS (ITER=4) (NRM,RELC): (  253.18501     0.26523958E-06 ) :: heat equation
ComputeChange: NS (ITER=5) (NRM,RELC): (  253.18502     0.38237014E-07 ) :: heat equation
ComputeChange: NS (ITER=6) (NRM,RELC): (  253.18502     0.53545886E-08 ) :: heat equation
MAIN: 
MAIN: -------------------------------------
MAIN: Time: 294/600:   2.940E+01
MAIN: Estimated time left:  7.9 minutes
MAIN: -------------------------------------
MAIN: 
ComputeChange: NS (ITER=1) (NRM,RELC): (  253.80436     0.24432074E-02 ) :: heat equation
ComputeChange: NS (ITER=2) (NRM,RELC): (  253.78665     0.69778456E-04 ) :: heat equation
ComputeChange: NS (ITER=3) (NRM,RELC): (  253.78766     0.39943709E-05 ) :: heat equation
ComputeChange: NS (ITER=4) (NRM,RELC): (  253.78761     0.20770362E-06 ) :: heat equation
ComputeChange: NS (ITER=5) (NRM,RELC): (  253.78762     0.51390135E-07 ) :: heat equation
ComputeChange: NS (ITER=6) (NRM,RELC): (  253.78762     0.58516671E-08 ) :: heat equation
MAIN: 
MAIN: -------------------------------------
MAIN: Time: 295/600:   2.950E+01
MAIN: Estimated time left:  7.9 minutes
MAIN: -------------------------------------
MAIN: 
ComputeChange: NS (ITER=1) (NRM,RELC): (  254.29066     0.19801534E-02 ) :: heat equation
ComputeChange: NS (ITER=2) (NRM,RELC): (  254.27284     0.70086998E-04 ) :: heat equation
ComputeChange: NS (ITER=3) (NRM,RELC): (  254.27276     0.30408875E-06 ) :: heat equation
ComputeChange: NS (ITER=4) (NRM,RELC): (  254.27275     0.49196011E-07 ) :: heat equation
ComputeChange: NS (ITER=5) (NRM,RELC): (  254.27275     0.28968621E-08 ) :: heat equation
MAIN: 
MAIN: -------------------------------------
MAIN: Time: 296/600:   2.960E+01
MAIN: Estimated time left:  6.5 minutes
MAIN: -------------------------------------
MAIN: 
ComputeChange: NS (ITER=1) (NRM,RELC): (  254.58183     0.12148397E-02 ) :: heat equation
ComputeChange: NS (ITER=2) (NRM,RELC): (  254.57785     0.15657044E-04 ) :: heat equation
ComputeChange: NS (ITER=3) (NRM,RELC): (  254.57767     0.71615946E-06 ) :: heat equation
ComputeChange: NS (ITER=4) (NRM,RELC): (  254.57764     0.86982144E-07 ) :: heat equation
ComputeChange: NS (ITER=5) (NRM,RELC): (  254.57764     0.99786308E-08 ) :: heat equation
MAIN: 
MAIN: -------------------------------------
MAIN: Time: 297/600:   2.970E+01
MAIN: Estimated time left:  6.6 minutes
MAIN: -------------------------------------
MAIN: 
ComputeChange: NS (ITER=1) (NRM,RELC): (  254.78340     0.80793105E-03 ) :: heat equation
ComputeChange: NS (ITER=2) (NRM,RELC): (  254.78295     0.17886732E-05 ) :: heat equation
ComputeChange: NS (ITER=3) (NRM,RELC): (  254.78310     0.59467142E-06 ) :: heat equation
ComputeChange: NS (ITER=4) (NRM,RELC): (  254.78311     0.55429847E-07 ) :: heat equation
ComputeChange: NS (ITER=5) (NRM,RELC): (  254.78312     0.53443989E-08 ) :: heat equation
MAIN: 
MAIN: -------------------------------------
MAIN: Time: 298/600:   2.980E+01
MAIN: Estimated time left:  7.0 minutes
MAIN: -------------------------------------
MAIN: 
ComputeChange: NS (ITER=1) (NRM,RELC): (  254.94131     0.62070313E-03 ) :: heat equation
ComputeChange: NS (ITER=2) (NRM,RELC): (  254.93936     0.76558409E-05 ) :: heat equation
ComputeChange: NS (ITER=3) (NRM,RELC): (  254.93936     0.22277303E-07 ) :: heat equation
ComputeChange: NS (ITER=4) (NRM,RELC): (  254.93936     0.10007624E-09 ) :: heat equation
MAIN: 
MAIN: -------------------------------------
MAIN: Time: 299/600:   2.990E+01
MAIN: Estimated time left:  5.2 minutes
MAIN: -------------------------------------
MAIN: 
ComputeChange: NS (ITER=1) (NRM,RELC): (  255.06694     0.50031156E-03 ) :: heat equation
ComputeChange: NS (ITER=2) (NRM,RELC): (  255.06512     0.71483656E-05 ) :: heat equation
ComputeChange: NS (ITER=3) (NRM,RELC): (  255.06513     0.21121402E-07 ) :: heat equation
ComputeChange: NS (ITER=4) (NRM,RELC): (  255.06513     0.97106001E-10 ) :: heat equation
MAIN: 
MAIN: -------------------------------------
MAIN: Time: 300/600:   3.000E+01
MAIN: Estimated time left:  5.3 minutes
MAIN: -------------------------------------
MAIN: 
ComputeChange: NS (ITER=1) (NRM,RELC): (  255.17487     0.43016256E-03 ) :: heat equation
ComputeChange: NS (ITER=2) (NRM,RELC): (  255.17307     0.70642501E-05 ) :: heat equation
ComputeChange: NS (ITER=3) (NRM,RELC): (  255.17307     0.20448142E-07 ) :: heat equation
ComputeChange: NS (ITER=4) (NRM,RELC): (  255.17307     0.95598577E-10 ) :: heat equation
REF time=  30.000 max=  1546.075 energy residual= -1.0769E+00
MAIN: 
MAIN: -------------------------------------
MAIN: Time: 301/600:   3.010E+01
MAIN: Estimated time left:  5.4 minutes
MAIN: -------------------------------------
MAIN: 
ComputeChange: NS (ITER=1) (NRM,RELC): (  255.27152     0.38573009E-03 ) :: heat equation
ComputeChange: NS (ITER=2) (NRM,RELC): (  255.26899     0.98954175E-05 ) :: heat equation
ComputeChange: NS (ITER=3) (NRM,RELC): (  255.26891     0.32299603E-06 ) :: heat equation
ComputeChange: NS (ITER=4) (NRM,RELC): (  255.26890     0.42849174E-07 ) :: heat equation
ComputeChange: NS (ITER=5) (NRM,RELC): (  255.26890     0.52711340E-08 ) :: heat equation
MAIN: 
MAIN: -------------------------------------
MAIN: Time: 302/600:   3.020E+01
MAIN: Estimated time left:  6.4 minutes
MAIN: -------------------------------------
MAIN: 
ComputeChange: NS (ITER=1) (NRM,RELC): (  255.35796     0.34883009E-03 ) :: heat equation
ComputeChange: NS (ITER=2) (NRM,RELC): (  255.35163     0.24790268E-04 ) :: heat equation
ComputeChange: NS (ITER=3) (NRM,RELC): (  255.35145     0.68594813E-06 ) :: heat equation
ComputeChange: NS (ITER=4) (NRM,RELC): (  255.35145     0.22036177E-07 ) :: heat equation
ComputeChange: NS (ITER=5) (NRM,RELC): (  255.35145     0.61746840E-09 ) :: heat equation
MAIN: 
MAIN: -------------------------------------
MAIN: Time: 303/600:   3.030E+01
MAIN: Estimated time left:  6.7 minutes
MAIN: -------------------------------------
MAIN: 
ComputeChange: NS (ITER=1) (NRM,RELC): (  255.43104     0.31163155E-03 ) :: heat equation
ComputeChange: NS (ITER=2) (NRM,RELC): (  255.42541     0.22018235E-04 ) :: heat equation
ComputeChange: NS (ITER=3) (NRM,RELC): (  255.42531     0.39852787E-06 ) :: heat equation
ComputeChange: NS (ITER=4) (NRM,RELC): (  255.42531     0.81335380E-08 ) :: heat equation
MAIN: 
MAIN: -------------------------------------
MAIN: Time: 304/600:   3.040E+01
MAIN: Estimated time left:  5.4 minutes
MAIN: -------------------------------------
MAIN: 
ComputeChange: NS (ITER=1) (NRM,RELC): (  255.49927     0.28951851E-03 ) :: heat equation
ComputeChange: NS (ITER=2) (NRM,RELC): (  255.49224     0.27536661E-04 ) :: heat equation
ComputeChange: NS (ITER=3) (NRM,RELC): (  255.49266     0.16384361E-05 ) :: heat equation
ComputeChange: NS (ITER=4) (NRM,RELC): (  255.49263     0.11085304E-06 ) :: heat equation
ComputeChange: NS (ITER=5) (NRM,RELC): (  255.49263     0.21348382E-08 ) :: heat equation
MAIN: 
MAIN: -------------------------------------
MAIN: Time: 305/600:   3.050E+01
MAIN: Estimated time left:  6.4 minutes
MAIN: -------------------------------------
MAIN: 
ComputeChange: NS (ITER=1) (NRM,RELC): (  255.56106     0.26781693E-03 ) :: heat equation
ComputeChange: NS (ITER=2) (NRM,RELC): (  255.55783     0.12660435E-04 ) :: heat equation
ComputeChange: NS (ITER=3) (NRM,RELC): (  255.55775     0.31461447E-06 ) :: heat equation
ComputeChange: NS (ITER=4) (NRM,RELC): (  255.55772     0.99963167E-07 ) :: heat equation
ComputeChange: NS (ITER=5) (NRM,RELC): (  255.55772     0.55455182E-08 ) :: heat equation
MAIN: 
MAIN: -------------------------------------
MAIN: Time: 306/600:   3.060E+01
MAIN: Estimated time left:  6.4 minutes
MAIN: -------------------------------------
MAIN: 
ComputeChange: NS (ITER=1) (NRM,RELC): (  255.61719     0.23266334E-03 ) :: heat equation
ComputeChange: NS (ITER=2) (NRM,RELC): (  255.61336     0.14984699E-04 ) :: heat equation
ComputeChange: NS (ITER=3) (NRM,RELC): (  255.61374     0.14833098E-05 ) :: heat equation
ComputeChange: NS (ITER=4) (NRM,RELC): (  255.61366     0.28055301E-06 ) :: heat equation
ComputeChange: NS (ITER=5) (NRM,RELC): (  255.61368     0.56141533E-07 ) :: heat equation
ComputeChange: NS (ITER=6) (NRM,RELC): (  255.61368     0.11295258E-07 ) :: heat equation
ComputeChange: NS (ITER=7) (NRM,RELC): (  255.61368     0.21959939E-08 ) :: heat equation
MAIN: 
MAIN: -------------------------------------
MAIN: Time: 307/600:   3.070E+01
MAIN: Estimated time left:  8.8 minutes
MAIN: -------------------------------------
MAIN: 
ComputeChange: NS (ITER=1) (NRM,RELC): (  256.08063     0.18251260E-02 ) :: heat equation
ComputeChange: NS (ITER=2) (NRM,RELC): (  256.06983     0.42173184E-04 ) :: heat equation
ComputeChange: NS (ITER=3) (NRM,RELC): (  256.06996     0.49850156E-06 ) :: heat equation
ComputeChange: NS (ITER=4) (NRM,RELC): (  256.06989     0.28019018E-06 ) :: heat equation
ComputeChange: NS (ITER=5) (NRM,RELC): (  256.06990     0.47531689E-07 ) :: heat equation
ComputeChange: NS (ITER=6) (NRM,RELC): (  256.06989     0.11325695E-07 ) :: heat equation
ComputeChange: NS (ITER=7) (NRM,RELC): (  256.06990     0.26559659E-08 ) :: heat equation
MAIN: 
MAIN: -------------------------------------
MAIN: Time: 308/600:   3.080E+01
MAIN: Estimated time left:  8.9 minutes
MAIN: -------------------------------------
MAIN: 
ComputeChange: NS (ITER=1) (NRM,RELC): (  256.59048     0.20309045E-02 ) :: heat equation
ComputeChange: NS (ITER=2) (NRM,RELC): (  256.57547     0.58486280E-04 ) :: heat equation
ComputeChange: NS (ITER=3) (NRM,RELC): (  256.57581     0.13040593E-05 ) :: heat equation
ComputeChange: NS (ITER=4) (NRM,RELC): (  256.57576     0.16100157E-06 ) :: heat equation
ComputeChange: NS (ITER=5) (NRM,RELC): (  256.57576     0.57724528E-08 ) :: heat equation
MAIN: 
MAIN: -------------------------------------
MAIN: Time: 309/600:   3.090E+01
MAIN: Estimated time left:  6.3 minutes
MAIN: -------------------------------------
MAIN: 
ComputeChange: NS (ITER=1) (NRM,RELC): (  256.92266     0.13511114E-02 ) :: heat equation
ComputeChange: NS (ITER=2) (NRM,RELC): (  256.91986     0.10913114E-04 ) :: heat equation
ComputeChange: NS (ITER=3) (NRM,RELC): (  256.91987     0.39420629E-07 ) :: heat equation
ComputeChange: NS (ITER=4) (NRM,RELC): (  256.91987     0.18470072E-09 ) :: heat equation
MAIN: 
MAIN: -------------------------------------
MAIN: Time: 310/600:   3.100E+01
MAIN: Estimated time left:  5.0 minutes
MAIN: -------------------------------------
MAIN: 
ComputeChange: NS (ITER=1) (NRM,RELC): (  257.14904     0.89161409E-03 ) :: heat equation
ComputeChange: NS (ITER=2) (NRM,RELC): (  257.14286     0.24039016E-04 ) :: heat equation
ComputeChange: NS (ITER=3) (NRM,RELC): (  257.14290     0.15723134E-06 ) :: heat equation
ComputeChange: NS (ITER=4) (NRM,RELC): (  257.14291     0.24376811E-07 ) :: heat equation
ComputeChange: NS (ITER=5) (NRM,RELC): (  257.14291     0.32103042E-08 ) :: heat equation
MAIN: 
MAIN: -------------------------------------
MAIN: Time: 311/600:   3.110E+01
MAIN: Estimated time left:  6.2 minutes
MAIN: -------------------------------------
MAIN: 
ComputeChange: NS (ITER=1) (NRM,RELC): (  257.31065     0.65210559E-03 ) :: heat equation
ComputeChange: NS (ITER=2) (NRM,RELC): (  257.30871     0.75215027E-05 ) :: heat equation
ComputeChange: NS (ITER=3) (NRM,RELC): (  257.30872     0.22446578E-07 ) :: heat equation
ComputeChange: NS (ITER=4) (NRM,RELC): (  257.30872     0.10103890E-09 ) :: heat equation
MAIN: 
MAIN: -------------------------------------
MAIN: Time: 312/600:   3.120E+01
MAIN: Estimated time left:  5.0 minutes
MAIN: -------------------------------------
MAIN: 
ComputeChange: NS (ITER=1) (NRM,RELC): (  257.43979     0.50928952E-03 ) :: heat equation
ComputeChange: NS (ITER=2) (NRM,RELC): (  257.43796     0.71320831E-05 ) :: heat equation
ComputeChange: NS (ITER=3) (NRM,RELC): (  257.43796     0.20793130E-07 ) :: heat equation
ComputeChange: NS (ITER=4) (NRM,RELC): (  257.43796     0.95086959E-10 ) :: heat equation
MAIN: 
MAIN: -------------------------------------
MAIN: Time: 313/600:   3.130E+01
MAIN: Estimated time left:  4.9 minutes
MAIN: -------------------------------------
MAIN: 
ComputeChange: NS (ITER=1) (NRM,RELC): (  257.54831     0.42852760E-03 ) :: heat equation
ComputeChange: NS (ITER=2) (NRM,RELC): (  257.54652     0.69270619E-05 ) :: heat equation
ComputeChange: NS (ITER=3) (NRM,RELC): (  257.54653     0.20140483E-07 ) :: heat equation
ComputeChange: NS (ITER=4) (NRM,RELC): (  257.54653     0.93524190E-10 ) :: heat equation
MAIN: 
MAIN: -------------------------------------
MAIN: Time: 314/600:   3.140E+01
MAIN: Estimated time left:  4.9 minutes
MAIN: -------------------------------------
MAIN: 
ComputeChange: NS (ITER=1) (NRM,RELC): (  257.64408     0.37869802E-03 ) :: heat equation
ComputeChange: NS (ITER=2) (NRM,RELC): (  257.64223     0.71764422E-05 ) :: heat equation
ComputeChange: NS (ITER=3) (NRM,RELC): (  257.64223     0.19759758E-07 ) :: heat equation
ComputeChange: NS (ITER=4) (NRM,RELC): (  257.64223     0.92149787E-10 ) :: heat equation
MAIN: 
MAIN: -------------------------------------
MAIN: Time: 315/600:   3.150E+01
MAIN: Estimated time left:  4.9 minutes
MAIN: -------------------------------------
MAIN: 
ComputeChange: NS (ITER=1) (NRM,RELC): (  257.73146     0.34623725E-03 ) :: heat equation
ComputeChange: NS (ITER=2) (NRM,RELC): (  257.72552     0.23049331E-04 ) :: heat equation
ComputeChange: NS (ITER=3) (NRM,RELC): (  257.72517     0.13295907E-05 ) :: heat equation
ComputeChange: NS (ITER=4) (NRM,RELC): (  257.72513     0.14834028E-06 ) :: heat equation
ComputeChange: NS (ITER=5) (NRM,RELC): (  257.72513     0.17401693E-07 ) :: heat equation
ComputeChange: NS (ITER=6) (NRM,RELC): (  257.72513     0.21925124E-08 ) :: heat equation
MAIN: 
MAIN: -------------------------------------
MAIN: Time: 316/600:   3.160E+01
MAIN: Estimated time left:  7.6 minutes
MAIN: -------------------------------------
MAIN: 
ComputeChange: NS (ITER=1) (NRM,RELC): (  257.80160     0.29668157E-03 ) :: heat equation
ComputeChange: NS (ITER=2) (NRM,RELC): (  257.79814     0.13450459E-04 ) :: heat equation
ComputeChange: NS (ITER=3) (NRM,RELC): (  257.79769     0.17177500E-05 ) :: heat equation
ComputeChange: NS (ITER=4) (NRM,RELC): (  257.79766     0.13172163E-06 ) :: heat equation
ComputeChange: NS (ITER=5) (NRM,RELC): (  257.79765     0.21216622E-07 ) :: heat equation
ComputeChange: NS (ITER=6) (NRM,RELC): (  257.79765     0.11474442E-08 ) :: heat equation
MAIN: 
MAIN: -------------------------------------
MAIN: Time: 317/600:   3.170E+01
MAIN: Estimated time left:  7.5 minutes
MAIN: -------------------------------------
MAIN: 
ComputeChange: NS (ITER=1) (NRM,RELC): (  257.86805     0.27301580E-03 ) :: heat equation
ComputeChange: NS (ITER=2) (NRM,RELC): (  257.86328     0.18466001E-04 ) :: heat equation
ComputeChange: NS (ITER=3) (NRM,RELC): (  257.86381     0.20437358E-05 ) :: heat equation
ComputeChange: NS (ITER=4) (NRM,RELC): (  257.86372     0.33583119E-06 ) :: heat equation
ComputeChange: NS (ITER=5) (NRM,RELC): (  257.86374     0.55034585E-07 ) :: heat equation
ComputeChange: NS (ITER=6) (NRM,RELC): (  257.86374     0.90262521E-08 ) :: heat equation
MAIN: 
MAIN: -------------------------------------
MAIN: Time: 318/600:   3.180E+01
MAIN: Estimated time left:  7.3 minutes
MAIN: -------------------------------------
MAIN: 
ComputeChange: NS (ITER=1) (NRM,RELC): (  257.92449     0.23557551E-03 ) :: heat equation
ComputeChange: NS (ITER=2) (NRM,RELC): (  257.92555     0.41171118E-05 ) :: heat equation
ComputeChange: NS (ITER=3) (NRM,RELC): (  257.92538     0.66278135E-06 ) :: heat equation
ComputeChange: NS (ITER=4) (NRM,RELC): (  257.92538     0.11757067E-07 ) :: heat equation
ComputeChange: NS (ITER=5) (NRM,RELC): (  257.92538     0.40013143E-08 ) :: heat equation
MAIN: 
MAIN: -------------------------------------
MAIN: Time: 319/600:   3.190E+01
MAIN: Estimated time left:  6.2 minutes
MAIN: -------------------------------------
MAIN: 
ComputeChange: NS (ITER=1) (NRM,RELC): (  257.98788     0.24227816E-03 ) :: heat equation
ComputeChange: NS (ITER=2) (NRM,RELC): (  257.98012     0.30065296E-04 ) :: heat equation
ComputeChange: NS (ITER=3) (NRM,RELC): (  257.98044     0.12129553E-05 ) :: heat equation
ComputeChange: NS (ITER=4) (NRM,RELC): (  257.98035     0.33873950E-06 ) :: heat equation
ComputeChange: NS (ITER=5) (NRM,RELC): (  257.98036     0.59219812E-07 ) :: heat equation
ComputeChange: NS (ITER=6) (NRM,RELC): (  257.98036     0.12719525E-07 ) :: heat equation
ComputeChange: NS (ITER=7) (NRM,RELC): (  257.98036     0.26089202E-08 ) :: heat equation
MAIN: 
MAIN: -------------------------------------
MAIN: Time: 320/600:   3.200E+01
MAIN: Estimated time left:  8.5 minutes
MAIN: -------------------------------------
MAIN: 
ComputeChange: NS (ITER=1) (NRM,RELC): (  258.03297     0.20391445E-03 ) :: heat equation
ComputeChange: NS (ITER=2) (NRM,RELC): (  258.02702     0.23084738E-04 ) :: heat equation
ComputeChange: NS (ITER=3) (NRM,RELC): (  258.02707     0.20336650E-06 ) :: heat equation
ComputeChange: NS (ITER=4) (NRM,RELC): (  258.02703     0.14343070E-06 ) :: heat equation
ComputeChange: NS (ITER=5) (NRM,RELC): (  258.02703     0.95893164E-08 ) :: heat equation
MAIN: 
MAIN: -------------------------------------
MAIN: Time: 321/600:   3.210E+01
MAIN: Estimated time left:  6.1 minutes
MAIN: -------------------------------------
MAIN: 
ComputeChange: NS (ITER=1) (NRM,RELC): (  258.79425     0.29689815E-02 ) :: heat equation
ComputeChange: NS (ITER=2) (NRM,RELC): (  258.78296     0.43620806E-04 ) :: heat equation
ComputeChange: NS (ITER=3) (NRM,RELC): (  258.78410     0.44094382E-05 ) :: heat equation
ComputeChange: NS (ITER=4) (NRM,RELC): (  258.78400     0.36285419E-06 ) :: heat equation
ComputeChange: NS (ITER=5) (NRM,RELC): (  258.78402     0.42801377E-07 ) :: heat equation
ComputeChange: NS (ITER=6) (NRM,RELC): (  258.78401     0.48570650E-08 ) :: heat equation
MAIN: 
MAIN: -------------------------------------
MAIN: Time: 322/600:   3.220E+01
MAIN: Estimated time left:  7.4 minutes
MAIN: -------------------------------------
MAIN: 
ComputeChange: NS (ITER=1) (NRM,RELC): (  259.19211     0.15757524E-02 ) :: heat equation
ComputeChange: NS (ITER=2) (NRM,RELC): (  259.18491     0.27795920E-04 ) :: heat equation
ComputeChange: NS (ITER=3) (NRM,RELC): (  259.18484     0.27579286E-06 ) :: heat equation
ComputeChange: NS (ITER=4) (NRM,RELC): (  259.18484     0.76669044E-08 ) :: heat equation
MAIN: 
MAIN: -------------------------------------
MAIN: Time: 323/600:   3.230E+01
MAIN: Estimated time left:  4.8 minutes
MAIN: -------------------------------------
MAIN: 
ComputeChange: NS (ITER=1) (NRM,RELC): (  259.44140     0.98939300E-03 ) :: heat equation
ComputeChange: NS (ITER=2) (NRM,RELC): (  259.43661     0.18449801E-04 ) :: heat equation
ComputeChange: NS (ITER=3) (NRM,RELC): (  259.43641     0.76408336E-06 ) :: heat equation
ComputeChange: NS (ITER=4) (NRM,RELC): (  259.43640     0.55961541E-07 ) :: heat equation
ComputeChange: NS (ITER=5) (NRM,RELC): (  259.43640     0.39142066E-08 ) :: heat equation
MAIN: 
MAIN: -------------------------------------
MAIN: Time: 324/600:   3.240E+01
MAIN: Estimated time left:  5.9 minutes
MAIN: -------------------------------------
MAIN: 
ComputeChange: NS (ITER=1) (NRM,RELC): (  259.61192     0.67632900E-03 ) :: heat equation
ComputeChange: NS (ITER=2) (NRM,RELC): (  259.61342     0.57622027E-05 ) :: heat equation
ComputeChange: NS (ITER=3) (NRM,RELC): (  259.61353     0.42920089E-06 ) :: heat equation
ComputeChange: NS (ITER=4) (NRM,RELC): (  259.61353     0.12752629E-07 ) :: heat equation
ComputeChange: NS (ITER=5) (NRM,RELC): (  259.61353     0.42558306E-09 ) :: heat equation
MAIN: 
MAIN: -------------------------------------
MAIN: Time: 325/600:   3.250E+01
MAIN: Estimated time left:  5.9 minutes
MAIN: -------------------------------------
MAIN: 
ComputeChange: NS (ITER=1) (NRM,RELC): (  259.75011     0.52593412E-03 ) :: heat equation
ComputeChange: NS (ITER=2) (NRM,RELC): (  259.74823     0.72204078E-05 ) :: heat equation
ComputeChange: NS (ITER=3) (NRM,RELC): (  259.74824     0.20978398E-07 ) :: heat equation
ComputeChange: NS (ITER=4) (NRM,RELC): (  259.74824     0.95003668E-10 ) :: heat equation
MAIN: 
MAIN: -------------------------------------
MAIN: Time: 326/600:   3.260E+01
MAIN: Estimated time left:  4.7 minutes
MAIN: -------------------------------------
MAIN: 
ComputeChange: NS (ITER=1) (NRM,RELC): (  259.86022     0.43103669E-03 ) :: heat equation
ComputeChange: NS (ITER=2) (NRM,RELC): (  259.85846     0.67955103E-05 ) :: heat equation
ComputeChange: NS (ITER=3) (NRM,RELC): (  259.85846     0.20000979E-07 ) :: heat equation
ComputeChange: NS (ITER=4) (NRM,RELC): (  259.85846     0.92349774E-10 ) :: heat equation
MAIN: 
MAIN: -------------------------------------
MAIN: Time: 327/600:   3.270E+01
MAIN: Estimated time left:  4.7 minutes
MAIN: -------------------------------------
MAIN: 
ComputeChange: NS (ITER=1) (NRM,RELC): (  259.95576     0.37433215E-03 ) :: heat equation
ComputeChange: NS (ITER=2) (NRM,RELC): (  259.95397     0.68798398E-05 ) :: heat equation
ComputeChange: NS (ITER=3) (NRM,RELC): (  259.95397     0.19837338E-07 ) :: heat equation
ComputeChange: NS (ITER=4) (NRM,RELC): (  259.95397     0.94010297E-10 ) :: heat equation
MAIN: 
MAIN: -------------------------------------
MAIN: Time: 328/600:   3.280E+01
MAIN: Estimated time left:  4.7 minutes
MAIN: -------------------------------------
MAIN: 
ComputeChange: NS (ITER=1) (NRM,RELC): (  260.04178     0.33772806E-03 ) :: heat equation
ComputeChange: NS (ITER=2) (NRM,RELC): (  260.03876     0.11616736E-04 ) :: heat equation
ComputeChange: NS (ITER=3) (NRM,RELC): (  260.03860     0.60485691E-06 ) :: heat equation
ComputeChange: NS (ITER=4) (NRM,RELC): (  260.03858     0.86329861E-07 ) :: heat equation
ComputeChange: NS (ITER=5) (NRM,RELC): (  260.03858     0.14176776E-07 ) :: heat equation
ComputeChange: NS (ITER=6) (NRM,RELC): (  260.03858     0.27643204E-08 ) :: heat equation
MAIN: 
MAIN: -------------------------------------
MAIN: Time: 329/600:   3.290E+01
MAIN: Estimated time left:  7.0 minutes
MAIN: -------------------------------------
MAIN: 
ComputeChange: NS (ITER=1) (NRM,RELC): (  260.11218     0.28302030E-03 ) :: heat equation
ComputeChange: NS (ITER=2) (NRM,RELC): (  260.11029     0.72839878E-05 ) :: heat equation
ComputeChange: NS (ITER=3) (NRM,RELC): (  260.11015     0.54509129E-06 ) :: heat equation
ComputeChange: NS (ITER=4) (NRM,RELC): (  260.11011     0.14639581E-06 ) :: heat equation
ComputeChange: NS (ITER=5) (NRM,RELC): (  260.11010     0.33110525E-07 ) :: heat equation
ComputeChange: NS (ITER=6) (NRM,RELC): (  260.11010     0.63827838E-08 ) :: heat equation
MAIN: 
MAIN: -------------------------------------
MAIN: Time: 330/600:   3.300E+01
MAIN: Estimated time left:  7.9 minutes
MAIN: -------------------------------------
MAIN: 
ComputeChange: NS (ITER=1) (NRM,RELC): (  260.17721     0.25799319E-03 ) :: heat equation
ComputeChange: NS (ITER=2) (NRM,RELC): (  260.17558     0.62610454E-05 ) :: heat equation
ComputeChange: NS (ITER=3) (NRM,RELC): (  260.17564     0.21047406E-06 ) :: heat equation
ComputeChange: NS (ITER=4) (NRM,RELC): (  260.17563     0.43408332E-07 ) :: heat equation
ComputeChange: NS (ITER=5) (NRM,RELC): (  260.17563     0.92871177E-08 ) :: heat equation
MAIN: 
MAIN: -------------------------------------
MAIN: Time: 331/600:   3.310E+01
MAIN: Estimated time left:  6.1 minutes
MAIN: -------------------------------------
MAIN: 
ComputeChange: NS (ITER=1) (NRM,RELC): (  260.23595     0.23182470E-03 ) :: heat equation
ComputeChange: NS (ITER=2) (NRM,RELC): (  260.23239     0.13668814E-04 ) :: heat equation
ComputeChange: NS (ITER=3) (NRM,RELC): (  260.23221     0.71828558E-06 ) :: heat equation
ComputeChange: NS (ITER=4) (NRM,RELC): (  260.23224     0.10658890E-06 ) :: heat equation
ComputeChange: NS (ITER=5) (NRM,RELC): (  260.23223     0.14909488E-07 ) :: heat equation
ComputeChange: NS (ITER=6) (NRM,RELC): (  260.23223     0.19460837E-08 ) :: heat equation
MAIN: 
MAIN: -------------------------------------
MAIN: Time: 332/600:   3.320E+01
MAIN: Estimated time left:  7.0 minutes
MAIN: -------------------------------------
MAIN: 
ComputeChange: NS (ITER=1) (NRM,RELC): (  260.29360     0.23580964E-03 ) :: heat equation
ComputeChange: NS (ITER=2) (NRM,RELC): (  260.28815     0.20962212E-04 ) :: heat equation
ComputeChange: NS (ITER=3) (NRM,RELC): (  260.28812     0.10199592E-06 ) :: heat equation
ComputeChange: NS (ITER=4) (NRM,RELC): (  260.28808     0.15841938E-06 ) :: heat equation
ComputeChange: NS (ITER=5) (NRM,RELC): (  260.28808     0.28222833E-08 ) :: heat equation
MAIN: 
MAIN: -------------------------------------
MAIN: Time: 333/600:   3.330E+01
MAIN: Estimated time left:  6.1 minutes
MAIN: -------------------------------------
MAIN: 
ComputeChange: NS (ITER=1) (NRM,RELC): (  260.33680     0.18715176E-03 ) :: heat equation
ComputeChange: NS (ITER=2) (NRM,RELC): (  260.33240     0.16885817E-04 ) :: heat equation
ComputeChange: NS (ITER=3) (NRM,RELC): (  260.33262     0.81758705E-06 ) :: heat equation
ComputeChange: NS (ITER=4) (NRM,RELC): (  260.33258     0.12384887E-06 ) :: heat equation
ComputeChange: NS (ITER=5) (NRM,RELC): (  260.33259     0.20552434E-07 ) :: heat equation
ComputeChange: NS (ITER=6) (NRM,RELC): (  260.33259     0.33792822E-08 ) :: heat equation
MAIN: 
MAIN: -------------------------------------
MAIN: Time: 334/600:   3.340E+01
MAIN: Estimated time left:  7.1 minutes
MAIN: -------------------------------------
MAIN: 
ComputeChange: NS (ITER=1) (NRM,RELC): (  260.92512     0.22734839E-02 ) :: heat equation
ComputeChange: NS (ITER=2) (NRM,RELC): (  260.91209     0.49956188E-04 ) :: heat equation
ComputeChange: NS (ITER=3) (NRM,RELC): (  260.91300     0.34986646E-05 ) :: heat equation
ComputeChange: NS (ITER=4) (NRM,RELC): (  260.91288     0.48392949E-06 ) :: heat equation
ComputeChange: NS (ITER=5) (NRM,RELC): (  260.91290     0.90862127E-07 ) :: heat equation
ComputeChange: NS (ITER=6) (NRM,RELC): (  260.91290     0.15559637E-07 ) :: heat equation
ComputeChange: NS (ITER=7) (NRM,RELC): (  260.91290     0.27201750E-08 ) :: heat equation
MAIN: 
MAIN: -------------------------------------
MAIN: Time: 335/600:   3.350E+01
MAIN: Estimated time left:  8.1 minutes
MAIN: -------------------------------------
MAIN: 
ComputeChange: NS (ITER=1) (NRM,RELC): (  261.38404     0.18041378E-02 ) :: heat equation
ComputeChange: NS (ITER=2) (NRM,RELC): (  261.37712     0.26498345E-04 ) :: heat equation
ComputeChange: NS (ITER=3) (NRM,RELC): (  261.37696     0.60068885E-06 ) :: heat equation
ComputeChange: NS (ITER=4) (NRM,RELC): (  261.37694     0.65153496E-07 ) :: heat equation
ComputeChange: NS (ITER=5) (NRM,RELC): (  261.37694     0.55843382E-08 ) :: heat equation
MAIN: 
MAIN: -------------------------------------
MAIN: Time: 336/600:   3.360E+01
MAIN: Estimated time left:  6.2 minutes
MAIN: -------------------------------------
MAIN: 
ComputeChange: NS (ITER=1) (NRM,RELC): (  261.66885     0.11161678E-02 ) :: heat equation
ComputeChange: NS (ITER=2) (NRM,RELC): (  261.66545     0.12967246E-04 ) :: heat equation
ComputeChange: NS (ITER=3) (NRM,RELC): (  261.66531     0.52684159E-06 ) :: heat equation
ComputeChange: NS (ITER=4) (NRM,RELC): (  261.66529     0.76881440E-07 ) :: heat equation
ComputeChange: NS (ITER=5) (NRM,RELC): (  261.66529     0.10479161E-07 ) :: heat equation
ComputeChange: NS (ITER=6) (NRM,RELC): (  261.66529     0.15534126E-08 ) :: heat equation
MAIN: 
MAIN: -------------------------------------
MAIN: Time: 337/600:   3.370E+01
MAIN: Estimated time left:  7.7 minutes
MAIN: -------------------------------------
MAIN: 
ComputeChange: NS (ITER=1) (NRM,RELC): (  261.85632     0.72977592E-03 ) :: heat equation
ComputeChange: NS (ITER=2) (NRM,RELC): (  261.85670     0.14407270E-05 ) :: heat equation
ComputeChange: NS (ITER=3) (NRM,RELC): (  261.85687     0.65814560E-06 ) :: heat equation
ComputeChange: NS (ITER=4) (NRM,RELC): (  261.85688     0.46207108E-07 ) :: heat equation
ComputeChange: NS (ITER=5) (NRM,RELC): (  261.85688     0.33369434E-08 ) :: heat equation
MAIN: 
MAIN: -------------------------------------
MAIN: Time: 338/600:   3.380E+01
MAIN: Estimated time left:  6.0 minutes
MAIN: -------------------------------------
MAIN: 
ComputeChange: NS (ITER=1) (NRM,RELC): (  262.00112     0.55066497E-03 ) :: heat equation
ComputeChange: NS (ITER=2) (NRM,RELC): (  261.99923     0.72076486E-05 ) :: heat equation
ComputeChange: NS (ITER=3) (NRM,RELC): (  261.99923     0.21137397E-07 ) :: heat equation
ComputeChange: NS (ITER=4) (NRM,RELC): (  261.99923     0.94423487E-10 ) :: heat equation
MAIN: 
MAIN: -------------------------------------
MAIN: Time: 339/600:   3.390E+01
MAIN: Estimated time left:  4.5 minutes
MAIN: -------------------------------------
MAIN: 
ComputeChange: NS (ITER=1) (NRM,RELC): (  262.11410     0.43832469E-03 ) :: heat equation
ComputeChange: NS (ITER=2) (NRM,RELC): (  262.11232     0.67811813E-05 ) :: heat equation
ComputeChange: NS (ITER=3) (NRM,RELC): (  262.11233     0.20048334E-07 ) :: heat equation
ComputeChange: NS (ITER=4) (NRM,RELC): (  262.11233     0.91590588E-10 ) :: heat equation
MAIN: 
MAIN: -------------------------------------
MAIN: Time: 340/600:   3.400E+01
MAIN: Estimated time left:  4.6 minutes
MAIN: -------------------------------------
MAIN: 
ComputeChange: NS (ITER=1) (NRM,RELC): (  262.21001     0.37260906E-03 ) :: heat equation
ComputeChange: NS (ITER=2) (NRM,RELC): (  262.20826     0.66707012E-05 ) :: heat equation
ComputeChange: NS (ITER=3) (NRM,RELC): (  262.20827     0.19501898E-07 ) :: heat equation
ComputeChange: NS (ITER=4) (NRM,RELC): (  262.20827     0.91081228E-10 ) :: heat equation
MAIN: 
MAIN: -------------------------------------
MAIN: Time: 341/600:   3.410E+01
MAIN: Estimated time left:  4.5 minutes
MAIN: -------------------------------------
MAIN: 
ComputeChange: NS (ITER=1) (NRM,RELC): (  262.29515     0.33129725E-03 ) :: heat equation
ComputeChange: NS (ITER=2) (NRM,RELC): (  262.29307     0.79316136E-05 ) :: heat equation
ComputeChange: NS (ITER=3) (NRM,RELC): (  262.29303     0.15344168E-06 ) :: heat equation
ComputeChange: NS (ITER=4) (NRM,RELC): (  262.29302     0.27817231E-07 ) :: heat equation
ComputeChange: NS (ITER=5) (NRM,RELC): (  262.29302     0.44680805E-08 ) :: heat equation
MAIN: 
MAIN: -------------------------------------
MAIN: Time: 342/600:   3.420E+01
MAIN: Estimated time left:  5.7 minutes
MAIN: -------------------------------------
MAIN: 
ComputeChange: NS (ITER=1) (NRM,RELC): (  262.37053     0.29544803E-03 ) :: heat equation
ComputeChange: NS (ITER=2) (NRM,RELC): (  262.36569     0.18414336E-04 ) :: heat equation
ComputeChange: NS (ITER=3) (NRM,RELC): (  262.36552     0.66088136E-06 ) :: heat equation
ComputeChange: NS (ITER=4) (NRM,RELC): (  262.36552     0.71364903E-08 ) :: heat equation
MAIN: 
MAIN: -------------------------------------
MAIN: Time: 343/600:   3.430E+01
MAIN: Estimated time left:  5.3 minutes
MAIN: -------------------------------------
MAIN: 
ComputeChange: NS (ITER=1) (NRM,RELC): (  262.43553     0.26677892E-03 ) :: heat equation
ComputeChange: NS (ITER=2) (NRM,RELC): (  262.42938     0.23412295E-04 ) :: heat equation
ComputeChange: NS (ITER=3) (NRM,RELC): (  262.42896     0.15994895E-05 ) :: heat equation
ComputeChange: NS (ITER=4) (NRM,RELC): (  262.42896     0.24042569E-07 ) :: heat equation
ComputeChange: NS (ITER=5) (NRM,RELC): (  262.42895     0.51509143E-08 ) :: heat equation
MAIN: 
MAIN: -------------------------------------
MAIN: Time: 344/600:   3.440E+01
MAIN: Estimated time left:  5.9 minutes
MAIN: -------------------------------------
MAIN: 
ComputeChange: NS (ITER=1) (NRM,RELC): (  262.49151     0.23835373E-03 ) :: heat equation
ComputeChange: NS (ITER=2) (NRM,RELC): (  262.48346     0.30668563E-04 ) :: heat equation
ComputeChange: NS (ITER=3) (NRM,RELC): (  262.48390     0.16603120E-05 ) :: heat equation
ComputeChange: NS (ITER=4) (NRM,RELC): (  262.48387     0.12067400E-06 ) :: heat equation
ComputeChange: NS (ITER=5) (NRM,RELC): (  262.48387     0.83661036E-08 ) :: heat equation
MAIN: 
MAIN: -------------------------------------
MAIN: Time: 345/600:   3.450E+01
MAIN: Estimated time left:  6.3 minutes
MAIN: -------------------------------------
MAIN: 
ComputeChange: NS (ITER=1) (NRM,RELC): (  262.54175     0.22050445E-03 ) :: heat equation
ComputeChange: NS (ITER=2) (NRM,RELC): (  262.53866     0.11786672E-04 ) :: heat equation
ComputeChange: NS (ITER=3) (NRM,RELC): (  262.53870     0.15187170E-06 ) :: heat equation
ComputeChange: NS (ITER=4) (NRM,RELC): (  262.53868     0.76544998E-07 ) :: heat equation
ComputeChange: NS (ITER=5) (NRM,RELC): (  262.53868     0.31535486E-08 ) :: heat equation
MAIN: 
MAIN: -------------------------------------
MAIN: Time: 346/600:   3.460E+01
MAIN: Estimated time left:  7.1 minutes
MAIN: -------------------------------------
MAIN: 
ComputeChange: NS (ITER=1) (NRM,RELC): (  262.59073     0.19823856E-03 ) :: heat equation
ComputeChange: NS (ITER=2) (NRM,RELC): (  262.58238     0.31786116E-04 ) :: heat equation
ComputeChange: NS (ITER=3) (NRM,RELC): (  262.58255     0.62238619E-06 ) :: heat equation
ComputeChange: NS (ITER=4) (NRM,RELC): (  262.58253     0.69788457E-07 ) :: heat equation
ComputeChange: NS (ITER=5) (NRM,RELC): (  262.58253     0.47442171E-09 ) :: heat equation
MAIN: 
MAIN: -------------------------------------
MAIN: Time: 347/600:   3.470E+01
MAIN: Estimated time left:  5.9 minutes
MAIN: -------------------------------------
MAIN: 
ComputeChange: NS (ITER=1) (NRM,RELC): (  263.03035     0.17039759E-02 ) :: heat equation
ComputeChange: NS (ITER=2) (NRM,RELC): (  263.02014     0.38814195E-04 ) :: heat equation
ComputeChange: NS (ITER=3) (NRM,RELC): (  263.02037     0.87550706E-06 ) :: heat equation
ComputeChange: NS (ITER=4) (NRM,RELC): (  263.02028     0.33885897E-06 ) :: heat equation
ComputeChange: NS (ITER=5) (NRM,RELC): (  263.02029     0.41559062E-07 ) :: heat equation
ComputeChange: NS (ITER=6) (NRM,RELC): (  263.02029     0.12052965E-07 ) :: heat equation
ComputeChange: NS (ITER=7) (NRM,RELC): (  263.02029     0.18722594E-08 ) :: heat equation
MAIN: 
MAIN: -------------------------------------
MAIN: Time: 348/600:   3.480E+01
MAIN: Estimated time left:  7.7 minutes
MAIN: -------------------------------------
MAIN: 
ComputeChange: NS (ITER=1) (NRM,RELC): (  263.51917     0.18949681E-02 ) :: heat equation
ComputeChange: NS (ITER=2) (NRM,RELC): (  263.50432     0.56385720E-04 ) :: heat equation
ComputeChange: NS (ITER=3) (NRM,RELC): (  263.50467     0.13327542E-05 ) :: heat equation
ComputeChange: NS (ITER=4) (NRM,RELC): (  263.50463     0.12168867E-06 ) :: heat equation
ComputeChange: NS (ITER=5) (NRM,RELC): (  263.50463     0.55506508E-08 ) :: heat equation
MAIN: 
MAIN: -------------------------------------
MAIN: Time: 349/600:   3.490E+01
MAIN: Estimated time left:  5.5 minutes
MAIN: -------------------------------------
MAIN: 
ComputeChange: NS (ITER=1) (NRM,RELC): (  263.83437     0.12505717E-02 ) :: heat equation
ComputeChange: NS (ITER=2) (NRM,RELC): (  263.83163     0.10371402E-04 ) :: heat equation
ComputeChange: NS (ITER=3) (NRM,RELC): (  263.83164     0.37571078E-07 ) :: heat equation
ComputeChange: NS (ITER=4) (NRM,RELC): (  263.83164     0.17600451E-09 ) :: heat equation
MAIN: 
MAIN: -------------------------------------
MAIN: Time: 350/600:   3.500E+01
MAIN: Estimated time left:  4.4 minutes
MAIN: -------------------------------------
MAIN: 
ComputeChange: NS (ITER=1) (NRM,RELC): (  264.04641     0.81368991E-03 ) :: heat equation
ComputeChange: NS (ITER=2) (NRM,RELC): (  264.04157     0.18312607E-04 ) :: heat equation
ComputeChange: NS (ITER=3) (NRM,RELC): (  264.04160     0.11294808E-06 ) :: heat equation
ComputeChange: NS (ITER=4) (NRM,RELC): (  264.04161     0.41431023E-07 ) :: heat equation
ComputeChange: NS (ITER=5) (NRM,RELC): (  264.04162     0.51706920E-08 ) :: heat equation
REF time=  35.000 max=  1573.611 energy residual= -4.7099E-01
MAIN: 
MAIN: -------------------------------------
MAIN: Time: 351/600:   3.510E+01
MAIN: Estimated time left:  6.0 minutes
MAIN: -------------------------------------
MAIN: 
ComputeChange: NS (ITER=1) (NRM,RELC): (  264.19567     0.58326516E-03 ) :: heat equation
ComputeChange: NS (ITER=2) (NRM,RELC): (  264.19378     0.71456206E-05 ) :: heat equation
ComputeChange: NS (ITER=3) (NRM,RELC): (  264.19378     0.21323601E-07 ) :: heat equation
ComputeChange: NS (ITER=4) (NRM,RELC): (  264.19378     0.95570623E-10 ) :: heat equation
MAIN: 
MAIN: -------------------------------------
MAIN: Time: 352/600:   3.520E+01
MAIN: Estimated time left:  4.7 minutes
MAIN: -------------------------------------
MAIN: 
ComputeChange: NS (ITER=1) (NRM,RELC): (  264.31264     0.44977261E-03 ) :: heat equation
ComputeChange: NS (ITER=2) (NRM,RELC): (  264.31085     0.67544345E-05 ) :: heat equation
ComputeChange: NS (ITER=3) (NRM,RELC): (  264.31086     0.19819889E-07 ) :: heat equation
ComputeChange: NS (ITER=4) (NRM,RELC): (  264.31086     0.90142905E-10 ) :: heat equation
MAIN: 
MAIN: -------------------------------------
MAIN: Time: 353/600:   3.530E+01
MAIN: Estimated time left:  5.2 minutes
MAIN: -------------------------------------
MAIN: 
ComputeChange: NS (ITER=1) (NRM,RELC): (  264.40960     0.37349705E-03 ) :: heat equation
ComputeChange: NS (ITER=2) (NRM,RELC): (  264.40787     0.65419266E-05 ) :: heat equation
ComputeChange: NS (ITER=3) (NRM,RELC): (  264.40787     0.19218762E-07 ) :: heat equation
ComputeChange: NS (ITER=4) (NRM,RELC): (  264.40787     0.88821002E-10 ) :: heat equation
MAIN: 
MAIN: -------------------------------------
MAIN: Time: 354/600:   3.540E+01
MAIN: Estimated time left:  5.0 minutes
MAIN: -------------------------------------
MAIN: 
ComputeChange: NS (ITER=1) (NRM,RELC): (  264.49435     0.32701262E-03 ) :: heat equation
ComputeChange: NS (ITER=2) (NRM,RELC): (  264.49254     0.68308494E-05 ) :: heat equation
ComputeChange: NS (ITER=3) (NRM,RELC): (  264.49255     0.18679889E-07 ) :: heat equation
ComputeChange: NS (ITER=4) (NRM,RELC): (  264.49255     0.15605194E-10 ) :: heat equation
MAIN: 
MAIN: -------------------------------------
MAIN: Time: 355/600:   3.550E+01
MAIN: Estimated time left:  4.4 minutes
MAIN: -------------------------------------
MAIN: 
ComputeChange: NS (ITER=1) (NRM,RELC): (  264.57090     0.29620325E-03 ) :: heat equation
ComputeChange: NS (ITER=2) (NRM,RELC): (  264.56632     0.17308243E-04 ) :: heat equation
ComputeChange: NS (ITER=3) (NRM,RELC): (  264.56600     0.12258133E-05 ) :: heat equation
ComputeChange: NS (ITER=4) (NRM,RELC): (  264.56596     0.16155138E-06 ) :: heat equation
ComputeChange: NS (ITER=5) (NRM,RELC): (  264.56595     0.23703229E-07 ) :: heat equation
ComputeChange: NS (ITER=6) (NRM,RELC): (  264.56595     0.35787155E-08 ) :: heat equation
MAIN: 
MAIN: -------------------------------------
MAIN: Time: 356/600:   3.560E+01
MAIN: Estimated time left:  6.5 minutes
MAIN: -------------------------------------
MAIN: 
ComputeChange: NS (ITER=1) (NRM,RELC): (  264.63149     0.24768164E-03 ) :: heat equation
ComputeChange: NS (ITER=2) (NRM,RELC): (  264.62930     0.82473585E-05 ) :: heat equation
ComputeChange: NS (ITER=3) (NRM,RELC): (  264.62892     0.14603918E-05 ) :: heat equation
ComputeChange: NS (ITER=4) (NRM,RELC): (  264.62886     0.20876638E-06 ) :: heat equation
ComputeChange: NS (ITER=5) (NRM,RELC): (  264.62885     0.29530451E-07 ) :: heat equation
ComputeChange: NS (ITER=6) (NRM,RELC): (  264.62885     0.36430478E-08 ) :: heat equation
MAIN: 
MAIN: -------------------------------------
MAIN: Time: 357/600:   3.570E+01
MAIN: Estimated time left:  6.5 minutes
MAIN: -------------------------------------
MAIN: 
ComputeChange: NS (ITER=1) (NRM,RELC): (  264.68827     0.22448914E-03 ) :: heat equation
ComputeChange: NS (ITER=2) (NRM,RELC): (  264.68298     0.19962228E-04 ) :: heat equation
ComputeChange: NS (ITER=3) (NRM,RELC): (  264.68353     0.20715776E-05 ) :: heat equation
ComputeChange: NS (ITER=4) (NRM,RELC): (  264.68345     0.30877991E-06 ) :: heat equation
ComputeChange: NS (ITER=5) (NRM,RELC): (  264.68346     0.46202691E-07 ) :: heat equation
ComputeChange: NS (ITER=6) (NRM,RELC): (  264.68346     0.69681554E-08 ) :: heat equation
MAIN: 
MAIN: -------------------------------------
MAIN: Time: 358/600:   3.580E+01
MAIN: Estimated time left:  8.7 minutes
MAIN: -------------------------------------
MAIN: 
ComputeChange: NS (ITER=1) (NRM,RELC): (  264.73410     0.19129860E-03 ) :: heat equation
ComputeChange: NS (ITER=2) (NRM,RELC): (  264.73502     0.34781633E-05 ) :: heat equation
ComputeChange: NS (ITER=3) (NRM,RELC): (  264.73486     0.58119553E-06 ) :: heat equation
ComputeChange: NS (ITER=4) (NRM,RELC): (  264.73488     0.42797540E-07 ) :: heat equation
ComputeChange: NS (ITER=5) (NRM,RELC): (  264.73488     0.25663456E-08 ) :: heat equation
MAIN: 
MAIN: -------------------------------------
MAIN: Time: 359/600:   3.590E+01
MAIN: Estimated time left:  7.4 minutes
MAIN: -------------------------------------
MAIN: 
ComputeChange: NS (ITER=1) (NRM,RELC): (  264.78628     0.19417349E-03 ) :: heat equation
ComputeChange: NS (ITER=2) (NRM,RELC): (  264.77887     0.27998208E-04 ) :: heat equation
ComputeChange: NS (ITER=3) (NRM,RELC): (  264.77920     0.12256751E-05 ) :: heat equation
ComputeChange: NS (ITER=4) (NRM,RELC): (  264.77910     0.37416225E-06 ) :: heat equation
ComputeChange: NS (ITER=5) (NRM,RELC): (  264.77911     0.43457558E-07 ) :: heat equation
ComputeChange: NS (ITER=6) (NRM,RELC): (  264.77911     0.84144870E-08 ) :: heat equation
MAIN: 
MAIN: -------------------------------------
MAIN: Time: 360/600:   3.600E+01
MAIN: Estimated time left:  7.6 minutes
MAIN: -------------------------------------
MAIN: 
ComputeChange: NS (ITER=1) (NRM,RELC): (  264.81878     0.14981788E-03 ) :: heat equation
ComputeChange: NS (ITER=2) (NRM,RELC): (  264.81629     0.94023564E-05 ) :: heat equation
ComputeChange: NS (ITER=3) (NRM,RELC): (  264.81640     0.40533816E-06 ) :: heat equation
ComputeChange: NS (ITER=4) (NRM,RELC): (  264.81639     0.25464228E-08 ) :: heat equation
MAIN: 
MAIN: -------------------------------------
MAIN: Time: 361/600:   3.610E+01
MAIN: Estimated time left:  4.4 minutes
MAIN: -------------------------------------
MAIN: 
ComputeChange: NS (ITER=1) (NRM,RELC): (  265.56122     0.28086653E-02 ) :: heat equation
ComputeChange: NS (ITER=2) (NRM,RELC): (  265.54617     0.56691181E-04 ) :: heat equation
ComputeChange: NS (ITER=3) (NRM,RELC): (  265.54716     0.37488143E-05 ) :: heat equation
ComputeChange: NS (ITER=4) (NRM,RELC): (  265.54708     0.30616472E-06 ) :: heat equation
ComputeChange: NS (ITER=5) (NRM,RELC): (  265.54709     0.32407257E-07 ) :: heat equation
ComputeChange: NS (ITER=6) (NRM,RELC): (  265.54709     0.31817542E-08 ) :: heat equation
MAIN: 
MAIN: -------------------------------------
MAIN: Time: 362/600:   3.620E+01
MAIN: Estimated time left:  6.9 minutes
MAIN: -------------------------------------
MAIN: 
ComputeChange: NS (ITER=1) (NRM,RELC): (  265.93701     0.14673031E-02 ) :: heat equation
ComputeChange: NS (ITER=2) (NRM,RELC): (  265.93038     0.24930743E-04 ) :: heat equation
ComputeChange: NS (ITER=3) (NRM,RELC): (  265.93026     0.44340762E-06 ) :: heat equation
ComputeChange: NS (ITER=4) (NRM,RELC): (  265.93026     0.19577611E-07 ) :: heat equation
ComputeChange: NS (ITER=5) (NRM,RELC): (  265.93026     0.64421638E-09 ) :: heat equation
MAIN: 
MAIN: -------------------------------------
MAIN: Time: 363/600:   3.630E+01
MAIN: Estimated time left:  6.3 minutes
MAIN: -------------------------------------
MAIN: 
ComputeChange: NS (ITER=1) (NRM,RELC): (  266.17214     0.90915700E-03 ) :: heat equation
ComputeChange: NS (ITER=2) (NRM,RELC): (  266.16784     0.16158113E-04 ) :: heat equation
ComputeChange: NS (ITER=3) (NRM,RELC): (  266.16764     0.74915942E-06 ) :: heat equation
ComputeChange: NS (ITER=4) (NRM,RELC): (  266.16762     0.66779160E-07 ) :: heat equation
ComputeChange: NS (ITER=5) (NRM,RELC): (  266.16762     0.56877868E-08 ) :: heat equation
MAIN: 
MAIN: -------------------------------------
MAIN: Time: 364/600:   3.640E+01
MAIN: Estimated time left:  5.9 minutes
MAIN: -------------------------------------
MAIN: 
ComputeChange: NS (ITER=1) (NRM,RELC): (  266.33037     0.61124789E-03 ) :: heat equation
ComputeChange: NS (ITER=2) (NRM,RELC): (  266.33238     0.75762640E-05 ) :: heat equation
ComputeChange: NS (ITER=3) (NRM,RELC): (  266.33244     0.19294114E-06 ) :: heat equation
ComputeChange: NS (ITER=4) (NRM,RELC): (  266.33244     0.20635394E-08 ) :: heat equation
MAIN: 
MAIN: -------------------------------------
MAIN: Time: 365/600:   3.650E+01
MAIN: Estimated time left:  6.0 minutes
MAIN: -------------------------------------
MAIN: 
ComputeChange: NS (ITER=1) (NRM,RELC): (  266.45689     0.46719604E-03 ) :: heat equation
ComputeChange: NS (ITER=2) (NRM,RELC): (  266.45508     0.68214609E-05 ) :: heat equation
ComputeChange: NS (ITER=3) (NRM,RELC): (  266.45508     0.19933763E-07 ) :: heat equation
ComputeChange: NS (ITER=4) (NRM,RELC): (  266.45508     0.89863582E-10 ) :: heat equation
MAIN: 
MAIN: -------------------------------------
MAIN: Time: 366/600:   3.660E+01
MAIN: Estimated time left:  6.6 minutes
MAIN: -------------------------------------
MAIN: 
ComputeChange: NS (ITER=1) (NRM,RELC): (  266.55591     0.37833909E-03 ) :: heat equation
ComputeChange: NS (ITER=2) (NRM,RELC): (  266.55419     0.64595736E-05 ) :: heat equation
ComputeChange: NS (ITER=3) (NRM,RELC): (  266.55420     0.19097107E-07 ) :: heat equation
ComputeChange: NS (ITER=4) (NRM,RELC): (  266.55420     0.87689323E-10 ) :: heat equation
MAIN: 
MAIN: -------------------------------------
MAIN: Time: 367/600:   3.670E+01
MAIN: Estimated time left:  4.9 minutes
MAIN: -------------------------------------
MAIN: 
ComputeChange: NS (ITER=1) (NRM,RELC): (  266.64083     0.32498092E-03 ) :: heat equation
ComputeChange: NS (ITER=2) (NRM,RELC): (  266.63909     0.65383868E-05 ) :: heat equation
ComputeChange: NS (ITER=3) (NRM,RELC): (  266.63910     0.18998914E-07 ) :: heat equation
ComputeChange: NS (ITER=4) (NRM,RELC): (  266.63910     0.89819259E-10 ) :: heat equation
MAIN: 
MAIN: -------------------------------------
MAIN: Time: 368/600:   3.680E+01
MAIN: Estimated time left:  5.0 minutes
MAIN: -------------------------------------
MAIN: 
ComputeChange: NS (ITER=1) (NRM,RELC): (  266.71660     0.29063412E-03 ) :: heat equation
ComputeChange: NS (ITER=2) (NRM,RELC): (  266.71415     0.91985270E-05 ) :: heat equation
ComputeChange: NS (ITER=3) (NRM,RELC): (  266.71406     0.34047378E-06 ) :: heat equation
ComputeChange: NS (ITER=4) (NRM,RELC): (  266.71405     0.40327606E-07 ) :: heat equation
ComputeChange: NS (ITER=5) (NRM,RELC): (  266.71405     0.45083389E-08 ) :: heat equation
MAIN: 
MAIN: -------------------------------------
MAIN: Time: 369/600:   3.690E+01
MAIN: Estimated time left:  7.2 minutes
MAIN: -------------------------------------
MAIN: 
ComputeChange: NS (ITER=1) (NRM,RELC): (  266.78317     0.25913643E-03 ) :: heat equation
ComputeChange: NS (ITER=2) (NRM,RELC): (  266.77758     0.20969211E-04 ) :: heat equation
ComputeChange: NS (ITER=3) (NRM,RELC): (  266.77722     0.13403703E-05 ) :: heat equation
ComputeChange: NS (ITER=4) (NRM,RELC): (  266.77713     0.34361118E-06 ) :: heat equation
ComputeChange: NS (ITER=5) (NRM,RELC): (  266.77710     0.83804151E-07 ) :: heat equation
ComputeChange: NS (ITER=6) (NRM,RELC): (  266.77710     0.19303990E-07 ) :: heat equation
ComputeChange: NS (ITER=7) (NRM,RELC): (  266.77710     0.43107496E-08 ) :: heat equation
MAIN: 
MAIN: -------------------------------------
MAIN: Time: 370/600:   3.700E+01
MAIN: Estimated time left: 10.6 minutes
MAIN: -------------------------------------
MAIN: 
ComputeChange: NS (ITER=1) (NRM,RELC): (  266.83106     0.20225503E-03 ) :: heat equation
ComputeChange: NS (ITER=2) (NRM,RELC): (  266.83136     0.11334678E-05 ) :: heat equation
ComputeChange: NS (ITER=3) (NRM,RELC): (  266.83150     0.52993960E-06 ) :: heat equation
ComputeChange: NS (ITER=4) (NRM,RELC): (  266.83147     0.13912920E-06 ) :: heat equation
ComputeChange: NS (ITER=5) (NRM,RELC): (  266.83147     0.30497415E-07 ) :: heat equation
ComputeChange: NS (ITER=6) (NRM,RELC): (  266.83147     0.66204815E-08 ) :: heat equation
MAIN: 
MAIN: -------------------------------------
MAIN: Time: 371/600:   3.710E+01
MAIN: Estimated time left:  8.4 minutes
MAIN: -------------------------------------
MAIN: 
ComputeChange: NS (ITER=1) (NRM,RELC): (  266.87863     0.17672987E-03 ) :: heat equation
ComputeChange: NS (ITER=2) (NRM,RELC): (  266.87837     0.97832195E-06 ) :: heat equation
ComputeChange: NS (ITER=3) (NRM,RELC): (  266.87820     0.63735985E-06 ) :: heat equation
ComputeChange: NS (ITER=4) (NRM,RELC): (  266.87823     0.10460422E-06 ) :: heat equation
ComputeChange: NS (ITER=5) (NRM,RELC): (  266.87823     0.16642671E-07 ) :: heat equation
ComputeChange: NS (ITER=6) (NRM,RELC): (  266.87823     0.24962804E-08 ) :: heat equation
MAIN: 
MAIN: -------------------------------------
MAIN: Time: 372/600:   3.720E+01
MAIN: Estimated time left:  8.5 minutes
MAIN: -------------------------------------
MAIN: 
ComputeChange: NS (ITER=1) (NRM,RELC): (  266.93014     0.19449445E-03 ) :: heat equation
ComputeChange: NS (ITER=2) (NRM,RELC): (  266.92445     0.21315537E-04 ) :: heat equation
ComputeChange: NS (ITER=3) (NRM,RELC): (  266.92477     0.12148406E-05 ) :: heat equation
ComputeChange: NS (ITER=4) (NRM,RELC): (  266.92466     0.41747002E-06 ) :: heat equation
ComputeChange: NS (ITER=5) (NRM,RELC): (  266.92468     0.78018363E-07 ) :: heat equation
ComputeChange: NS (ITER=6) (NRM,RELC): (  266.92468     0.22101925E-07 ) :: heat equation
ComputeChange: NS (ITER=7) (NRM,RELC): (  266.92468     0.45929436E-08 ) :: heat equation
MAIN: 
MAIN: -------------------------------------
MAIN: Time: 373/600:   3.730E+01
MAIN: Estimated time left: 10.7 minutes
MAIN: -------------------------------------
MAIN: 
ComputeChange: NS (ITER=1) (NRM,RELC): (  266.96086     0.13552552E-03 ) :: heat equation
ComputeChange: NS (ITER=2) (NRM,RELC): (  266.95886     0.74714690E-05 ) :: heat equation
ComputeChange: NS (ITER=3) (NRM,RELC): (  266.95894     0.28371032E-06 ) :: heat equation
ComputeChange: NS (ITER=4) (NRM,RELC): (  266.95893     0.33407478E-07 ) :: heat equation
ComputeChange: NS (ITER=5) (NRM,RELC): (  266.95893     0.48307222E-08 ) :: heat equation
MAIN: 
MAIN: -------------------------------------
MAIN: Time: 374/600:   3.740E+01
MAIN: Estimated time left:  7.2 minutes
MAIN: -------------------------------------
MAIN: 
ComputeChange: NS (ITER=1) (NRM,RELC): (  267.53023     0.21377274E-02 ) :: heat equation
ComputeChange: NS (ITER=2) (NRM,RELC): (  267.51788     0.46127438E-04 ) :: heat equation
ComputeChange: NS (ITER=3) (NRM,RELC): (  267.51874     0.31796360E-05 ) :: heat equation
ComputeChange: NS (ITER=4) (NRM,RELC): (  267.51861     0.48516168E-06 ) :: heat equation
ComputeChange: NS (ITER=5) (NRM,RELC): (  267.51863     0.75176490E-07 ) :: heat equation
ComputeChange: NS (ITER=6) (NRM,RELC): (  267.51862     0.13633965E-07 ) :: heat equation
ComputeChange: NS (ITER=7) (NRM,RELC): (  267.51862     0.22116598E-08 ) :: heat equation
MAIN: 
MAIN: -------------------------------------
MAIN: Time: 375/600:   3.750E+01
MAIN: Estimated time left: 10.0 minutes
MAIN: -------------------------------------
MAIN: 
ComputeChange: NS (ITER=1) (NRM,RELC): (  267.97064     0.16882354E-02 ) :: heat equation
ComputeChange: NS (ITER=2) (NRM,RELC): (  267.96417     0.24140428E-04 ) :: heat equation
ComputeChange: NS (ITER=3) (NRM,RELC): (  267.96402     0.55333345E-06 ) :: heat equation
ComputeChange: NS (ITER=4) (NRM,RELC): (  267.96400     0.69984397E-07 ) :: heat equation
ComputeChange: NS (ITER=5) (NRM,RELC): (  267.96400     0.69804091E-08 ) :: heat equation
MAIN: 
MAIN: -------------------------------------
MAIN: Time: 376/600:   3.760E+01
MAIN: Estimated time left:  7.0 minutes
MAIN: -------------------------------------
MAIN: 
ComputeChange: NS (ITER=1) (NRM,RELC): (  268.24092     0.10328838E-02 ) :: heat equation
ComputeChange: NS (ITER=2) (NRM,RELC): (  268.23789     0.11300642E-04 ) :: heat equation
ComputeChange: NS (ITER=3) (NRM,RELC): (  268.23779     0.38278388E-06 ) :: heat equation
ComputeChange: NS (ITER=4) (NRM,RELC): (  268.23777     0.62064556E-07 ) :: heat equation
ComputeChange: NS (ITER=5) (NRM,RELC): (  268.23777     0.92523981E-08 ) :: heat equation
MAIN: 
MAIN: -------------------------------------
MAIN: Time: 377/600:   3.770E+01
MAIN: Estimated time left:  7.1 minutes
MAIN: -------------------------------------
MAIN: 
ComputeChange: NS (ITER=1) (NRM,RELC): (  268.41616     0.66481866E-03 ) :: heat equation
ComputeChange: NS (ITER=2) (NRM,RELC): (  268.41698     0.30761752E-05 ) :: heat equation
ComputeChange: NS (ITER=3) (NRM,RELC): (  268.41715     0.61253924E-06 ) :: heat equation
ComputeChange: NS (ITER=4) (NRM,RELC): (  268.41715     0.34725997E-07 ) :: heat equation
ComputeChange: NS (ITER=5) (NRM,RELC): (  268.41716     0.20479525E-08 ) :: heat equation
MAIN: 
MAIN: -------------------------------------
MAIN: Time: 378/600:   3.780E+01
MAIN: Estimated time left:  5.9 minutes
MAIN: -------------------------------------
MAIN: 
ComputeChange: NS (ITER=1) (NRM,RELC): (  268.54964     0.49346528E-03 ) :: heat equation
ComputeChange: NS (ITER=2) (NRM,RELC): (  268.54780     0.68572790E-05 ) :: heat equation
ComputeChange: NS (ITER=3) (NRM,RELC): (  268.54781     0.20145052E-07 ) :: heat equation
ComputeChange: NS (ITER=4) (NRM,RELC): (  268.54781     0.89764440E-10 ) :: heat equation
MAIN: 
MAIN: -------------------------------------
MAIN: Time: 379/600:   3.790E+01
MAIN: Estimated time left:  4.2 minutes
MAIN: -------------------------------------
MAIN: 
ComputeChange: NS (ITER=1) (NRM,RELC): (  268.65191     0.38759344E-03 ) :: heat equation
ComputeChange: NS (ITER=2) (NRM,RELC): (  268.65018     0.64595077E-05 ) :: heat equation
ComputeChange: NS (ITER=3) (NRM,RELC): (  268.65018     0.19124627E-07 ) :: heat equation
ComputeChange: NS (ITER=4) (NRM,RELC): (  268.65018     0.87056382E-10 ) :: heat equation
MAIN: 
MAIN: -------------------------------------
MAIN: Time: 380/600:   3.800E+01
MAIN: Estimated time left:  4.3 minutes
MAIN: -------------------------------------
MAIN: 
ComputeChange: NS (ITER=1) (NRM,RELC): (  268.73763     0.32546550E-03 ) :: heat equation
ComputeChange: NS (ITER=2) (NRM,RELC): (  268.73593     0.63427096E-05 ) :: heat equation
ComputeChange: NS (ITER=3) (NRM,RELC): (  268.73593     0.18648862E-07 ) :: heat equation
ComputeChange: NS (ITER=4) (NRM,RELC): (  268.73593     0.86964935E-10 ) :: heat equation
MAIN: 
MAIN: -------------------------------------
MAIN: Time: 381/600:   3.810E+01
MAIN: Estimated time left:  4.1 minutes
MAIN: -------------------------------------
MAIN: 
ComputeChange: NS (ITER=1) (NRM,RELC): (  268.81298     0.28663941E-03 ) :: heat equation
ComputeChange: NS (ITER=2) (NRM,RELC): (  268.81115     0.67835524E-05 ) :: heat equation
ComputeChange: NS (ITER=3) (NRM,RELC): (  268.81115     0.22621903E-07 ) :: heat equation
ComputeChange: NS (ITER=4) (NRM,RELC): (  268.81114     0.70079256E-08 ) :: heat equation
MAIN: 
MAIN: -------------------------------------
MAIN: Time: 382/600:   3.820E+01
MAIN: Estimated time left:  4.3 minutes
MAIN: -------------------------------------
MAIN: 
ComputeChange: NS (ITER=1) (NRM,RELC): (  268.87888     0.25193690E-03 ) :: heat equation
ComputeChange: NS (ITER=2) (NRM,RELC): (  268.87499     0.14472544E-04 ) :: heat equation
ComputeChange: NS (ITER=3) (NRM,RELC): (  268.87480     0.70521634E-06 ) :: heat equation
ComputeChange: NS (ITER=4) (NRM,RELC): (  268.87479     0.33924354E-07 ) :: heat equation
ComputeChange: NS (ITER=5) (NRM,RELC): (  268.87479     0.12404200E-08 ) :: heat equation
MAIN: 
MAIN: -------------------------------------
MAIN: Time: 383/600:   3.830E+01
MAIN: Estimated time left:  5.1 minutes
MAIN: -------------------------------------
MAIN: 
ComputeChange: NS (ITER=1) (NRM,RELC): (  268.93501     0.22396333E-03 ) :: heat equation
ComputeChange: NS (ITER=2) (NRM,RELC): (  268.92969     0.19781530E-04 ) :: heat equation
ComputeChange: NS (ITER=3) (NRM,RELC): (  268.92919     0.18706691E-05 ) :: heat equation
ComputeChange: NS (ITER=4) (NRM,RELC): (  268.92917     0.62359735E-07 ) :: heat equation
ComputeChange: NS (ITER=5) (NRM,RELC): (  268.92917     0.10772925E-07 ) :: heat equation
ComputeChange: NS (ITER=6) (NRM,RELC): (  268.92917     0.15853852E-09 ) :: heat equation
MAIN: 
MAIN: -------------------------------------
MAIN: Time: 384/600:   3.840E+01
MAIN: Estimated time left:  5.9 minutes
MAIN: -------------------------------------
MAIN: 
ComputeChange: NS (ITER=1) (NRM,RELC): (  268.98218     0.19708952E-03 ) :: heat equation
ComputeChange: NS (ITER=2) (NRM,RELC): (  268.97389     0.30806702E-04 ) :: heat equation
ComputeChange: NS (ITER=3) (NRM,RELC): (  268.97428     0.14353148E-05 ) :: heat equation
ComputeChange: NS (ITER=4) (NRM,RELC): (  268.97425     0.93837241E-07 ) :: heat equation
ComputeChange: NS (ITER=5) (NRM,RELC): (  268.97425     0.63639450E-08 ) :: heat equation
MAIN: 
MAIN: -------------------------------------
MAIN: Time: 385/600:   3.850E+01
MAIN: Estimated time left:  5.1 minutes
MAIN: -------------------------------------
MAIN: 
ComputeChange: NS (ITER=1) (NRM,RELC): (  269.01963     0.16868240E-03 ) :: heat equation
ComputeChange: NS (ITER=2) (NRM,RELC): (  269.01987     0.88520904E-06 ) :: heat equation
ComputeChange: NS (ITER=3) (NRM,RELC): (  269.01991     0.16925865E-06 ) :: heat equation
ComputeChange: NS (ITER=4) (NRM,RELC): (  269.01989     0.67349829E-07 ) :: heat equation
ComputeChange: NS (ITER=5) (NRM,RELC): (  269.01990     0.29027696E-08 ) :: heat equation
MAIN: 
MAIN: -------------------------------------
MAIN: Time: 386/600:   3.860E+01
MAIN: Estimated time left:  4.9 minutes
MAIN: -------------------------------------
MAIN: 
ComputeChange: NS (ITER=1) (NRM,RELC): (  269.06302     0.16029830E-03 ) :: heat equation
ComputeChange: NS (ITER=2) (NRM,RELC): (  269.05383     0.34173432E-04 ) :: heat equation
ComputeChange: NS (ITER=3) (NRM,RELC): (  269.05403     0.74164749E-06 ) :: heat equation
ComputeChange: NS (ITER=4) (NRM,RELC): (  269.05399     0.12957136E-06 ) :: heat equation
ComputeChange: NS (ITER=5) (NRM,RELC): (  269.05400     0.12374153E-07 ) :: heat equation
ComputeChange: NS (ITER=6) (NRM,RELC): (  269.05399     0.25921091E-08 ) :: heat equation
MAIN: 
MAIN: -------------------------------------
MAIN: Time: 387/600:   3.870E+01
MAIN: Estimated time left:  6.3 minutes
MAIN: -------------------------------------
MAIN: 
ComputeChange: NS (ITER=1) (NRM,RELC): (  269.48174     0.15885536E-02 ) :: heat equation
ComputeChange: NS (ITER=2) (NRM,RELC): (  269.47481     0.25723409E-04 ) :: heat equation
ComputeChange: NS (ITER=3) (NRM,RELC): (  269.47511     0.11125165E-05 ) :: heat equation
ComputeChange: NS (ITER=4) (NRM,RELC): (  269.47503     0.29223976E-06 ) :: heat equation
ComputeChange: NS (ITER=5) (NRM,RELC): (  269.47504     0.31915893E-07 ) :: heat equation
ComputeChange: NS (ITER=6) (NRM,RELC): (  269.47504     0.10056835E-07 ) :: heat equation
ComputeChange: NS (ITER=7) (NRM,RELC): (  269.47504     0.11058639E-08 ) :: heat equation
MAIN: 
MAIN: -------------------------------------
MAIN: Time: 388/600:   3.880E+01
MAIN: Estimated time left:  7.3 minutes
MAIN: -------------------------------------
MAIN: 
ComputeChange: NS (ITER=1) (NRM,RELC): (  269.95476     0.17786145E-02 ) :: heat equation
ComputeChange: NS (ITER=2) (NRM,RELC): (  269.94015     0.54095228E-04 ) :: heat equation
ComputeChange: NS (ITER=3) (NRM,RELC): (  269.94051     0.13385788E-05 ) :: heat equation
ComputeChange: NS (ITER=4) (NRM,RELC): (  269.94049     0.92934694E-07 ) :: heat equation
ComputeChange: NS (ITER=5) (NRM,RELC): (  269.94049     0.37302865E-08 ) :: heat equation
MAIN: 
MAIN: -------------------------------------
MAIN: Time: 389/600:   3.890E+01
MAIN: Estimated time left:  5.6 minutes
MAIN: -------------------------------------
MAIN: 
ComputeChange: NS (ITER=1) (NRM,RELC): (  270.25515     0.11649872E-02 ) :: heat equation
ComputeChange: NS (ITER=2) (NRM,RELC): (  270.25247     0.98981641E-05 ) :: heat equation
ComputeChange: NS (ITER=3) (NRM,RELC): (  270.25248     0.35892194E-07 ) :: heat equation
ComputeChange: NS (ITER=4) (NRM,RELC): (  270.25248     0.16815528E-09 ) :: heat equation
MAIN: 
MAIN: -------------------------------------
MAIN: Time: 390/600:   3.900E+01
MAIN: Estimated time left:  4.8 minutes
MAIN: -------------------------------------
MAIN: 
ComputeChange: NS (ITER=1) (NRM,RELC): (  270.45468     0.74789707E-03 ) :: heat equation
ComputeChange: NS (ITER=2) (NRM,RELC): (  270.45060     0.15091422E-04 ) :: heat equation
ComputeChange: NS (ITER=3) (NRM,RELC): (  270.45062     0.74658771E-07 ) :: heat equation
ComputeChange: NS (ITER=4) (NRM,RELC): (  270.45063     0.37466999E-07 ) :: heat equation
ComputeChange: NS (ITER=5) (NRM,RELC): (  270.45063     0.47297839E-08 ) :: heat equation
MAIN: 
MAIN: -------------------------------------
MAIN: Time: 391/600:   3.910E+01
MAIN: Estimated time left:  5.7 minutes
MAIN: -------------------------------------
MAIN: 
ComputeChange: NS (ITER=1) (NRM,RELC): (  270.59321     0.52705140E-03 ) :: heat equation
ComputeChange: NS (ITER=2) (NRM,RELC): (  270.59136     0.68206610E-05 ) :: heat equation
ComputeChange: NS (ITER=3) (NRM,RELC): (  270.59137     0.20261744E-07 ) :: heat equation
ComputeChange: NS (ITER=4) (NRM,RELC): (  270.59137     0.32139404E-10 ) :: heat equation
MAIN: 
MAIN: -------------------------------------
MAIN: Time: 392/600:   3.920E+01
MAIN: Estimated time left:  4.4 minutes
MAIN: -------------------------------------
MAIN: 
ComputeChange: NS (ITER=1) (NRM,RELC): (  270.69981     0.40066680E-03 ) :: heat equation
ComputeChange: NS (ITER=2) (NRM,RELC): (  270.69806     0.64361955E-05 ) :: heat equation
ComputeChange: NS (ITER=3) (NRM,RELC): (  270.69807     0.18967661E-07 ) :: heat equation
ComputeChange: NS (ITER=4) (NRM,RELC): (  270.69807     0.85997545E-10 ) :: heat equation
MAIN: 
MAIN: -------------------------------------
MAIN: Time: 393/600:   3.930E+01
MAIN: Estimated time left:  4.2 minutes
MAIN: -------------------------------------
MAIN: 
ComputeChange: NS (ITER=1) (NRM,RELC): (  270.78694     0.32824571E-03 ) :: heat equation
ComputeChange: NS (ITER=2) (NRM,RELC): (  270.78526     0.62219042E-05 ) :: heat equation
ComputeChange: NS (ITER=3) (NRM,RELC): (  270.78526     0.18410521E-07 ) :: heat equation
ComputeChange: NS (ITER=4) (NRM,RELC): (  270.78526     0.84734682E-10 ) :: heat equation
MAIN: 
MAIN: -------------------------------------
MAIN: Time: 394/600:   3.940E+01
MAIN: Estimated time left:  4.4 minutes
MAIN: -------------------------------------
MAIN: 
ComputeChange: NS (ITER=1) (NRM,RELC): (  270.86226     0.28431148E-03 ) :: heat equation
ComputeChange: NS (ITER=2) (NRM,RELC): (  270.86049     0.65143947E-05 ) :: heat equation
ComputeChange: NS (ITER=3) (NRM,RELC): (  270.86050     0.17839511E-07 ) :: heat equation
ComputeChange: NS (ITER=4) (NRM,RELC): (  270.86050     0.14961926E-10 ) :: heat equation
MAIN: 
MAIN: -------------------------------------
MAIN: Time: 395/600:   3.950E+01
MAIN: Estimated time left:  4.1 minutes
MAIN: -------------------------------------
MAIN: 
ComputeChange: NS (ITER=1) (NRM,RELC): (  270.92959     0.25506146E-03 ) :: heat equation
ComputeChange: NS (ITER=2) (NRM,RELC): (  270.92576     0.14132849E-04 ) :: heat equation
ComputeChange: NS (ITER=3) (NRM,RELC): (  270.92549     0.10239016E-05 ) :: heat equation
ComputeChange: NS (ITER=4) (NRM,RELC): (  270.92545     0.14582956E-06 ) :: heat equation
ComputeChange: NS (ITER=5) (NRM,RELC): (  270.92544     0.23399021E-07 ) :: heat equation
ComputeChange: NS (ITER=6) (NRM,RELC): (  270.92544     0.39342894E-08 ) :: heat equation
MAIN: 
MAIN: -------------------------------------
MAIN: Time: 396/600:   3.960E+01
MAIN: Estimated time left:  6.5 minutes
MAIN: -------------------------------------
MAIN: 
ComputeChange: NS (ITER=1) (NRM,RELC): (  270.98178     0.20793037E-03 ) :: heat equation
ComputeChange: NS (ITER=2) (NRM,RELC): (  270.98028     0.55461468E-05 ) :: heat equation
ComputeChange: NS (ITER=3) (NRM,RELC): (  270.97995     0.12037297E-05 ) :: heat equation
ComputeChange: NS (ITER=4) (NRM,RELC): (  270.97989     0.23243678E-06 ) :: heat equation
ComputeChange: NS (ITER=5) (NRM,RELC): (  270.97988     0.29616758E-07 ) :: heat equation
ComputeChange: NS (ITER=6) (NRM,RELC): (  270.97988     0.54046515E-08 ) :: heat equation
MAIN: 
MAIN: -------------------------------------
MAIN: Time: 397/600:   3.970E+01
MAIN: Estimated time left:  6.3 minutes
MAIN: -------------------------------------
MAIN: 
ComputeChange: NS (ITER=1) (NRM,RELC): (  271.03014     0.18547410E-03 ) :: heat equation
ComputeChange: NS (ITER=2) (NRM,RELC): (  271.02466     0.20240028E-04 ) :: heat equation
ComputeChange: NS (ITER=3) (NRM,RELC): (  271.02520     0.20062252E-05 ) :: heat equation
ComputeChange: NS (ITER=4) (NRM,RELC): (  271.02512     0.28319272E-06 ) :: heat equation
ComputeChange: NS (ITER=5) (NRM,RELC): (  271.02513     0.40392033E-07 ) :: heat equation
ComputeChange: NS (ITER=6) (NRM,RELC): (  271.02513     0.58429920E-08 ) :: heat equation
MAIN: 
MAIN: -------------------------------------
MAIN: Time: 398/600:   3.980E+01
MAIN: Estimated time left:  6.0 minutes
MAIN: -------------------------------------
MAIN: 
ComputeChange: NS (ITER=1) (NRM,RELC): (  271.06717     0.15510353E-03 ) :: heat equation
ComputeChange: NS (ITER=2) (NRM,RELC): (  271.06774     0.20967545E-05 ) :: heat equation
ComputeChange: NS (ITER=3) (NRM,RELC): (  271.06760     0.51637808E-06 ) :: heat equation
ComputeChange: NS (ITER=4) (NRM,RELC): (  271.06761     0.39037154E-07 ) :: heat equation
ComputeChange: NS (ITER=5) (NRM,RELC): (  271.06761     0.19176094E-08 ) :: heat equation
MAIN: 
MAIN: -------------------------------------
MAIN: Time: 399/600:   3.990E+01
MAIN: Estimated time left:  5.1 minutes
MAIN: -------------------------------------
MAIN: 
ComputeChange: NS (ITER=1) (NRM,RELC): (  271.11055     0.15838895E-03 ) :: heat equation
ComputeChange: NS (ITER=2) (NRM,RELC): (  271.10307     0.27583806E-04 ) :: heat equation
ComputeChange: NS (ITER=3) (NRM,RELC): (  271.10340     0.12017476E-05 ) :: heat equation
ComputeChange: NS (ITER=4) (NRM,RELC): (  271.10329     0.39238488E-06 ) :: heat equation
ComputeChange: NS (ITER=5) (NRM,RELC): (  271.10330     0.39231891E-07 ) :: heat equation
ComputeChange: NS (ITER=6) (NRM,RELC): (  271.10330     0.84697540E-08 ) :: heat equation
MAIN: 
MAIN: -------------------------------------
MAIN: Time: 400/600:   4.000E+01
MAIN: Estimated time left:  6.2 minutes
MAIN: -------------------------------------
MAIN: 
ComputeChange: NS (ITER=1) (NRM,RELC): (  271.13139     0.10360629E-03 ) :: heat equation
ComputeChange: NS (ITER=2) (NRM,RELC): (  271.13220     0.29849461E-05 ) :: heat equation
ComputeChange: NS (ITER=3) (NRM,RELC): (  271.13225     0.20552977E-06 ) :: heat equation
ComputeChange: NS (ITER=4) (NRM,RELC): (  271.13225     0.61628170E-08 ) :: heat equation
REF time=  40.000 max=  1543.896 energy residual=  3.0393E-01
MAIN: 
MAIN: -------------------------------------
MAIN: Time: 401/600:   4.010E+01
MAIN: Estimated time left:  4.1 minutes
MAIN: -------------------------------------
MAIN: 
ComputeChange: NS (ITER=1) (NRM,RELC): (  265.80644     0.19837681E-01 ) :: heat equation
ComputeChange: NS (ITER=2) (NRM,RELC): (  265.19432     0.23055615E-02 ) :: heat equation
ComputeChange: NS (ITER=3) (NRM,RELC): (  265.16806     0.98994455E-04 ) :: heat equation
ComputeChange: NS (ITER=4) (NRM,RELC): (  265.16665     0.53409030E-05 ) :: heat equation
ComputeChange: NS (ITER=5) (NRM,RELC): (  265.16656     0.31781953E-06 ) :: heat equation
ComputeChange: NS (ITER=6) (NRM,RELC): (  265.16656     0.19965145E-07 ) :: heat equation
ComputeChange: NS (ITER=7) (NRM,RELC): (  265.16656     0.12992818E-08 ) :: heat equation
MAIN: 
MAIN: -------------------------------------
MAIN: Time: 402/600:   4.020E+01
MAIN: Estimated time left:  6.7 minutes
MAIN: -------------------------------------
MAIN: 
ComputeChange: NS (ITER=1) (NRM,RELC): (  261.84565     0.12602788E-01 ) :: heat equation
ComputeChange: NS (ITER=2) (NRM,RELC): (  261.83458     0.42259350E-04 ) :: heat equation
ComputeChange: NS (ITER=3) (NRM,RELC): (  261.83440     0.70755713E-06 ) :: heat equation
ComputeChange: NS (ITER=4) (NRM,RELC): (  261.83439     0.61013601E-08 ) :: heat equation
MAIN: 
MAIN: -------------------------------------
MAIN: Time: 403/600:   4.030E+01
MAIN: Estimated time left:  4.1 minutes
MAIN: -------------------------------------
MAIN: 
ComputeChange: NS (ITER=1) (NRM,RELC): (  259.49418     0.89778771E-02 ) :: heat equation
ComputeChange: NS (ITER=2) (NRM,RELC): (  259.48026     0.53638521E-04 ) :: heat equation
ComputeChange: NS (ITER=3) (NRM,RELC): (  259.48010     0.61638404E-06 ) :: heat equation
ComputeChange: NS (ITER=4) (NRM,RELC): (  259.48010     0.69209904E-08 ) :: heat equation
MAIN: 
MAIN: -------------------------------------
MAIN: Time: 404/600:   4.040E+01
MAIN: Estimated time left:  3.8 minutes
MAIN: -------------------------------------
MAIN: 
ComputeChange: NS (ITER=1) (NRM,RELC): (  257.65705     0.70505699E-02 ) :: heat equation
ComputeChange: NS (ITER=2) (NRM,RELC): (  257.64156     0.60087548E-04 ) :: heat equation
ComputeChange: NS (ITER=3) (NRM,RELC): (  257.64139     0.69643719E-06 ) :: heat equation
ComputeChange: NS (ITER=4) (NRM,RELC): (  257.64138     0.91766941E-08 ) :: heat equation
MAIN: 
MAIN: -------------------------------------
MAIN: Time: 405/600:   4.050E+01
MAIN: Estimated time left:  3.7 minutes
MAIN: -------------------------------------
MAIN: 
ComputeChange: NS (ITER=1) (NRM,RELC): (  256.14743     0.58154510E-02 ) :: heat equation
ComputeChange: NS (ITER=2) (NRM,RELC): (  256.13629     0.43461187E-04 ) :: heat equation
ComputeChange: NS (ITER=3) (NRM,RELC): (  256.13618     0.42458845E-06 ) :: heat equation
ComputeChange: NS (ITER=4) (NRM,RELC): (  256.13618     0.46842609E-08 ) :: heat equation
MAIN: 
MAIN: -------------------------------------
MAIN: Time: 406/600:   4.060E+01
MAIN: Estimated time left:  3.6 minutes
MAIN: -------------------------------------
MAIN: 
ComputeChange: NS (ITER=1) (NRM,RELC): (  254.87601     0.49320775E-02 ) :: heat equation
ComputeChange: NS (ITER=2) (NRM,RELC): (  254.86776     0.32379958E-04 ) :: heat equation
ComputeChange: NS (ITER=3) (NRM,RELC): (  254.86769     0.26357419E-06 ) :: heat equation
ComputeChange: NS (ITER=4) (NRM,RELC): (  254.86769     0.23274742E-08 ) :: heat equation
MAIN: 
MAIN: -------------------------------------
MAIN: Time: 407/600:   4.070E+01
MAIN: Estimated time left:  3.9 minutes
MAIN: -------------------------------------
MAIN: 
ComputeChange: NS (ITER=1) (NRM,RELC): (  253.78100     0.42728333E-02 ) :: heat equation
ComputeChange: NS (ITER=2) (NRM,RELC): (  253.77475     0.24627281E-04 ) :: heat equation
ComputeChange: NS (ITER=3) (NRM,RELC): (  253.77471     0.17156746E-06 ) :: heat equation
ComputeChange: NS (ITER=4) (NRM,RELC): (  253.77471     0.11831038E-08 ) :: heat equation
MAIN: 
MAIN: -------------------------------------
MAIN: Time: 408/600:   4.080E+01
MAIN: Estimated time left:  3.6 minutes
MAIN: -------------------------------------
MAIN: 
ComputeChange: NS (ITER=1) (NRM,RELC): (  252.82134     0.37638015E-02 ) :: heat equation
ComputeChange: NS (ITER=2) (NRM,RELC): (  252.81660     0.18748864E-04 ) :: heat equation
ComputeChange: NS (ITER=3) (NRM,RELC): (  252.81658     0.11270168E-06 ) :: heat equation
ComputeChange: NS (ITER=4) (NRM,RELC): (  252.81658     0.67621853E-09 ) :: heat equation
MAIN: 
MAIN: -------------------------------------
MAIN: Time: 409/600:   4.090E+01
MAIN: Estimated time left:  3.7 minutes
MAIN: -------------------------------------
MAIN: 
ComputeChange: NS (ITER=1) (NRM,RELC): (  251.96838     0.33606098E-02 ) :: heat equation
ComputeChange: NS (ITER=2) (NRM,RELC): (  251.96474     0.14464544E-04 ) :: heat equation
ComputeChange: NS (ITER=3) (NRM,RELC): (  251.96472     0.75271876E-07 ) :: heat equation
ComputeChange: NS (ITER=4) (NRM,RELC): (  251.96472     0.39450638E-09 ) :: heat equation
MAIN: 
MAIN: -------------------------------------
MAIN: Time: 410/600:   4.100E+01
MAIN: Estimated time left:  3.7 minutes
MAIN: -------------------------------------
MAIN: 
ComputeChange: NS (ITER=1) (NRM,RELC): (  251.20115     0.30350759E-02 ) :: heat equation
ComputeChange: NS (ITER=2) (NRM,RELC): (  251.19829     0.11356772E-04 ) :: heat equation
ComputeChange: NS (ITER=3) (NRM,RELC): (  251.19828     0.51377962E-07 ) :: heat equation
ComputeChange: NS (ITER=4) (NRM,RELC): (  251.19828     0.23640597E-09 ) :: heat equation
MAIN: 
MAIN: -------------------------------------
MAIN: Time: 411/600:   4.110E+01
MAIN: Estimated time left:  3.8 minutes
MAIN: -------------------------------------
MAIN: 
ComputeChange: NS (ITER=1) (NRM,RELC): (  250.50395     0.27678812E-02 ) :: heat equation
ComputeChange: NS (ITER=2) (NRM,RELC): (  250.50170     0.90109036E-05 ) :: heat equation
ComputeChange: NS (ITER=3) (NRM,RELC): (  250.50169     0.35510660E-07 ) :: heat equation
ComputeChange: NS (ITER=4) (NRM,RELC): (  250.50169     0.14386303E-09 ) :: heat equation
MAIN: 
MAIN: -------------------------------------
MAIN: Time: 412/600:   4.120E+01
MAIN: Estimated time left:  3.6 minutes
MAIN: -------------------------------------
MAIN: 
ComputeChange: NS (ITER=1) (NRM,RELC): (  249.86489     0.25453250E-02 ) :: heat equation
ComputeChange: NS (ITER=2) (NRM,RELC): (  249.86307     0.72997518E-05 ) :: heat equation
ComputeChange: NS (ITER=3) (NRM,RELC): (  249.86306     0.25210416E-07 ) :: heat equation
ComputeChange: NS (ITER=4) (NRM,RELC): (  249.86306     0.18550176E-09 ) :: heat equation
MAIN: 
MAIN: -------------------------------------
MAIN: Time: 413/600:   4.130E+01
MAIN: Estimated time left:  3.4 minutes
MAIN: -------------------------------------
MAIN: 
ComputeChange: NS (ITER=1) (NRM,RELC): (  249.27464     0.23577516E-02 ) :: heat equation
ComputeChange: NS (ITER=2) (NRM,RELC): (  249.27315     0.59800845E-05 ) :: heat equation
ComputeChange: NS (ITER=3) (NRM,RELC): (  249.27314     0.18179150E-07 ) :: heat equation
ComputeChange: NS (ITER=4) (NRM,RELC): (  249.27314     0.12563213E-09 ) :: heat equation
MAIN: 
MAIN: -------------------------------------
MAIN: Time: 414/600:   4.140E+01
MAIN: Estimated time left:  3.3 minutes
MAIN: -------------------------------------
MAIN: 
ComputeChange: NS (ITER=1) (NRM,RELC): (  248.72589     0.21977994E-02 ) :: heat equation
ComputeChange: NS (ITER=2) (NRM,RELC): (  248.72467     0.49144580E-05 ) :: heat equation
ComputeChange: NS (ITER=3) (NRM,RELC): (  248.72467     0.13165993E-07 ) :: heat equation
ComputeChange: NS (ITER=4) (NRM,RELC): (  248.72467     0.85315407E-10 ) :: heat equation
MAIN: 
MAIN: -------------------------------------
MAIN: Time: 415/600:   4.150E+01
MAIN: Estimated time left:  3.3 minutes
MAIN: -------------------------------------
MAIN: 
ComputeChange: NS (ITER=1) (NRM,RELC): (  248.21283     0.20599793E-02 ) :: heat equation
ComputeChange: NS (ITER=2) (NRM,RELC): (  248.21180     0.41294049E-05 ) :: heat equation
ComputeChange: NS (ITER=3) (NRM,RELC): (  248.21180     0.98195229E-08 ) :: heat equation
MAIN: 
MAIN: -------------------------------------
MAIN: Time: 416/600:   4.160E+01
MAIN: Estimated time left:  2.6 minutes
MAIN: -------------------------------------
MAIN: 
ComputeChange: NS (ITER=1) (NRM,RELC): (  247.73067     0.19402453E-02 ) :: heat equation
ComputeChange: NS (ITER=2) (NRM,RELC): (  247.72981     0.35052270E-05 ) :: heat equation
ComputeChange: NS (ITER=3) (NRM,RELC): (  247.72980     0.74572264E-08 ) :: heat equation
MAIN: 
MAIN: -------------------------------------
MAIN: Time: 417/600:   4.170E+01
MAIN: Estimated time left:  2.5 minutes
MAIN: -------------------------------------
MAIN: 
ComputeChange: NS (ITER=1) (NRM,RELC): (  247.27554     0.18353764E-02 ) :: heat equation
ComputeChange: NS (ITER=2) (NRM,RELC): (  247.27480     0.30106796E-05 ) :: heat equation
ComputeChange: NS (ITER=3) (NRM,RELC): (  247.27480     0.57926929E-08 ) :: heat equation
MAIN: 
MAIN: -------------------------------------
MAIN: Time: 418/600:   4.180E+01
MAIN: Estimated time left:  2.5 minutes
MAIN: -------------------------------------
MAIN: 
ComputeChange: NS (ITER=1) (NRM,RELC): (  246.84421     0.17428432E-02 ) :: heat equation
ComputeChange: NS (ITER=2) (NRM,RELC): (  246.84357     0.26158555E-05 ) :: heat equation
ComputeChange: NS (ITER=3) (NRM,RELC): (  246.84356     0.45904188E-08 ) :: heat equation
MAIN: 
MAIN: -------------------------------------
MAIN: Time: 419/600:   4.190E+01
MAIN: Estimated time left:  3.0 minutes
MAIN: -------------------------------------
MAIN: 
ComputeChange: NS (ITER=1) (NRM,RELC): (  246.43399     0.16606344E-02 ) :: heat equation
ComputeChange: NS (ITER=2) (NRM,RELC): (  246.43342     0.22988889E-05 ) :: heat equation
ComputeChange: NS (ITER=3) (NRM,RELC): (  246.43342     0.37281294E-08 ) :: heat equation
MAIN: 
MAIN: -------------------------------------
MAIN: Time: 420/600:   4.200E+01
MAIN: Estimated time left:  2.7 minutes
MAIN: -------------------------------------
MAIN: 
ComputeChange: NS (ITER=1) (NRM,RELC): (  246.04260     0.15871624E-02 ) :: heat equation
ComputeChange: NS (ITER=2) (NRM,RELC): (  246.04210     0.20288436E-05 ) :: heat equation
ComputeChange: NS (ITER=3) (NRM,RELC): (  246.04210     0.30423775E-08 ) :: heat equation
MAIN: 
MAIN: -------------------------------------
MAIN: Time: 421/600:   4.210E+01
MAIN: Estimated time left:  2.4 minutes
MAIN: -------------------------------------
MAIN: 
ComputeChange: NS (ITER=1) (NRM,RELC): (  245.66813     0.15210910E-02 ) :: heat equation
ComputeChange: NS (ITER=2) (NRM,RELC): (  245.66769     0.18140534E-05 ) :: heat equation
ComputeChange: NS (ITER=3) (NRM,RELC): (  245.66769     0.25426232E-08 ) :: heat equation
MAIN: 
MAIN: -------------------------------------
MAIN: Time: 422/600:   4.220E+01
MAIN: Estimated time left:  2.5 minutes
MAIN: -------------------------------------
MAIN: 
ComputeChange: NS (ITER=1) (NRM,RELC): (  245.30893     0.14613891E-02 ) :: heat equation
ComputeChange: NS (ITER=2) (NRM,RELC): (  245.30853     0.16232948E-05 ) :: heat equation
ComputeChange: NS (ITER=3) (NRM,RELC): (  245.30853     0.21175646E-08 ) :: heat equation
MAIN: 
MAIN: -------------------------------------
MAIN: Time: 423/600:   4.230E+01
MAIN: Estimated time left:  2.5 minutes
MAIN: -------------------------------------
MAIN: 
ComputeChange: NS (ITER=1) (NRM,RELC): (  244.96359     0.14071434E-02 ) :: heat equation
ComputeChange: NS (ITER=2) (NRM,RELC): (  244.96323     0.14595858E-05 ) :: heat equation
ComputeChange: NS (ITER=3) (NRM,RELC): (  244.96323     0.17862777E-08 ) :: heat equation
MAIN: 
MAIN: -------------------------------------
MAIN: Time: 424/600:   4.240E+01
MAIN: Estimated time left:  2.4 minutes
MAIN: -------------------------------------
MAIN: 
ComputeChange: NS (ITER=1) (NRM,RELC): (  244.63089     0.13576239E-02 ) :: heat equation
ComputeChange: NS (ITER=2) (NRM,RELC): (  244.63057     0.13322701E-05 ) :: heat equation
ComputeChange: NS (ITER=3) (NRM,RELC): (  244.63057     0.15480445E-08 ) :: heat equation
MAIN: 
MAIN: -------------------------------------
MAIN: Time: 425/600:   4.250E+01
MAIN: Estimated time left:  2.4 minutes
MAIN: -------------------------------------
MAIN: 
ComputeChange: NS (ITER=1) (NRM,RELC): (  244.30976     0.13122456E-02 ) :: heat equation
ComputeChange: NS (ITER=2) (NRM,RELC): (  244.30946     0.12219536E-05 ) :: heat equation
ComputeChange: NS (ITER=3) (NRM,RELC): (  244.30946     0.13523626E-08 ) :: heat equation
MAIN: 
MAIN: -------------------------------------
MAIN: Time: 426/600:   4.260E+01
MAIN: Estimated time left:  2.3 minutes
MAIN: -------------------------------------
MAIN: 
ComputeChange: NS (ITER=1) (NRM,RELC): (  243.99926     0.12705022E-02 ) :: heat equation
ComputeChange: NS (ITER=2) (NRM,RELC): (  243.99899     0.11246182E-05 ) :: heat equation
ComputeChange: NS (ITER=3) (NRM,RELC): (  243.99899     0.11833359E-08 ) :: heat equation
MAIN: 
MAIN: -------------------------------------
MAIN: Time: 427/600:   4.270E+01
MAIN: Estimated time left:  2.4 minutes
MAIN: -------------------------------------
MAIN: 
ComputeChange: NS (ITER=1) (NRM,RELC): (  243.69858     0.12319556E-02 ) :: heat equation
ComputeChange: NS (ITER=2) (NRM,RELC): (  243.69833     0.10354292E-05 ) :: heat equation
ComputeChange: NS (ITER=3) (NRM,RELC): (  243.69832     0.93244852E-09 ) :: heat equation
MAIN: 
MAIN: -------------------------------------
MAIN: Time: 428/600:   4.280E+01
MAIN: Estimated time left:  2.3 minutes
MAIN: -------------------------------------
MAIN: 
ComputeChange: NS (ITER=1) (NRM,RELC): (  243.40698     0.11962436E-02 ) :: heat equation
ComputeChange: NS (ITER=2) (NRM,RELC): (  243.40674     0.95738973E-06 ) :: heat equation
ComputeChange: NS (ITER=3) (NRM,RELC): (  243.40674     0.82034352E-09 ) :: heat equation
MAIN: 
MAIN: -------------------------------------
MAIN: Time: 429/600:   4.290E+01
MAIN: Estimated time left:  2.3 minutes
MAIN: -------------------------------------
MAIN: 
ComputeChange: NS (ITER=1) (NRM,RELC): (  243.12381     0.11630577E-02 ) :: heat equation
ComputeChange: NS (ITER=2) (NRM,RELC): (  243.12360     0.88349358E-06 ) :: heat equation
ComputeChange: NS (ITER=3) (NRM,RELC): (  243.12360     0.71894510E-09 ) :: heat equation
MAIN: 
MAIN: -------------------------------------
MAIN: Time: 430/600:   4.300E+01
MAIN: Estimated time left:  2.4 minutes
MAIN: -------------------------------------
MAIN: 
ComputeChange: NS (ITER=1) (NRM,RELC): (  242.84851     0.11321296E-02 ) :: heat equation
ComputeChange: NS (ITER=2) (NRM,RELC): (  242.84831     0.82024542E-06 ) :: heat equation
ComputeChange: NS (ITER=3) (NRM,RELC): (  242.84831     0.63551666E-09 ) :: heat equation
MAIN: 
MAIN: -------------------------------------
MAIN: Time: 431/600:   4.310E+01
MAIN: Estimated time left:  2.4 minutes
MAIN: -------------------------------------
MAIN: 
ComputeChange: NS (ITER=1) (NRM,RELC): (  242.58053     0.11032379E-02 ) :: heat equation
ComputeChange: NS (ITER=2) (NRM,RELC): (  242.58035     0.76219273E-06 ) :: heat equation
ComputeChange: NS (ITER=3) (NRM,RELC): (  242.58035     0.56061735E-09 ) :: heat equation
MAIN: 
MAIN: -------------------------------------
MAIN: Time: 432/600:   4.320E+01
MAIN: Estimated time left:  2.3 minutes
MAIN: -------------------------------------
MAIN: 
ComputeChange: NS (ITER=1) (NRM,RELC): (  242.31943     0.10761857E-02 ) :: heat equation
ComputeChange: NS (ITER=2) (NRM,RELC): (  242.31926     0.70742820E-06 ) :: heat equation
ComputeChange: NS (ITER=3) (NRM,RELC): (  242.31926     0.57896251E-09 ) :: heat equation
MAIN: 
MAIN: -------------------------------------
MAIN: Time: 433/600:   4.330E+01
MAIN: Estimated time left:  2.3 minutes
MAIN: -------------------------------------
MAIN: 
ComputeChange: NS (ITER=1) (NRM,RELC): (  242.06476     0.10508002E-02 ) :: heat equation
ComputeChange: NS (ITER=2) (NRM,RELC): (  242.06460     0.65987279E-06 ) :: heat equation
ComputeChange: NS (ITER=3) (NRM,RELC): (  242.06460     0.51918781E-09 ) :: heat equation
MAIN: 
MAIN: -------------------------------------
MAIN: Time: 434/600:   4.340E+01
MAIN: Estimated time left:  2.2 minutes
MAIN: -------------------------------------
MAIN: 
ComputeChange: NS (ITER=1) (NRM,RELC): (  241.81614     0.10269412E-02 ) :: heat equation
ComputeChange: NS (ITER=2) (NRM,RELC): (  241.81599     0.62015124E-06 ) :: heat equation
ComputeChange: NS (ITER=3) (NRM,RELC): (  241.81599     0.47255101E-09 ) :: heat equation
MAIN: 
MAIN: -------------------------------------
MAIN: Time: 435/600:   4.350E+01
MAIN: Estimated time left:  2.4 minutes
MAIN: -------------------------------------
MAIN: 
ComputeChange: NS (ITER=1) (NRM,RELC): (  241.57322     0.10044780E-02 ) :: heat equation
ComputeChange: NS (ITER=2) (NRM,RELC): (  241.57307     0.58367001E-06 ) :: heat equation
ComputeChange: NS (ITER=3) (NRM,RELC): (  241.57307     0.43053594E-09 ) :: heat equation
MAIN: 
MAIN: -------------------------------------
MAIN: Time: 436/600:   4.360E+01
MAIN: Estimated time left:  2.6 minutes
MAIN: -------------------------------------
MAIN: 
ComputeChange: NS (ITER=1) (NRM,RELC): (  241.33565     0.98329381E-03 ) :: heat equation
ComputeChange: NS (ITER=2) (NRM,RELC): (  241.33552     0.55010609E-06 ) :: heat equation
ComputeChange: NS (ITER=3) (NRM,RELC): (  241.33552     0.39319869E-09 ) :: heat equation
MAIN: 
MAIN: -------------------------------------
MAIN: Time: 437/600:   4.370E+01
MAIN: Estimated time left:  2.3 minutes
MAIN: -------------------------------------
MAIN: 
ComputeChange: NS (ITER=1) (NRM,RELC): (  241.10316     0.96328524E-03 ) :: heat equation
ComputeChange: NS (ITER=2) (NRM,RELC): (  241.10303     0.51894941E-06 ) :: heat equation
ComputeChange: NS (ITER=3) (NRM,RELC): (  241.10303     0.35857655E-09 ) :: heat equation
MAIN: 
MAIN: -------------------------------------
MAIN: Time: 438/600:   4.380E+01
MAIN: Estimated time left:  2.2 minutes
MAIN: -------------------------------------
MAIN: 
ComputeChange: NS (ITER=1) (NRM,RELC): (  240.87545     0.94435990E-03 ) :: heat equation
ComputeChange: NS (ITER=2) (NRM,RELC): (  240.87533     0.48883119E-06 ) :: heat equation
ComputeChange: NS (ITER=3) (NRM,RELC): (  240.87533     0.32553151E-09 ) :: heat equation
MAIN: 
MAIN: -------------------------------------
MAIN: Time: 439/600:   4.390E+01
MAIN: Estimated time left:  2.3 minutes
MAIN: -------------------------------------
MAIN: 
ComputeChange: NS (ITER=1) (NRM,RELC): (  240.65228     0.92643736E-03 ) :: heat equation
ComputeChange: NS (ITER=2) (NRM,RELC): (  240.65217     0.46146147E-06 ) :: heat equation
ComputeChange: NS (ITER=3) (NRM,RELC): (  240.65217     0.29703460E-09 ) :: heat equation
MAIN: 
MAIN: -------------------------------------
MAIN: Time: 440/600:   4.400E+01
MAIN: Estimated time left:  2.5 minutes
MAIN: -------------------------------------
MAIN: 
ComputeChange: NS (ITER=1) (NRM,RELC): (  240.43341     0.90944127E-03 ) :: heat equation
ComputeChange: NS (ITER=2) (NRM,RELC): (  240.43331     0.43659784E-06 ) :: heat equation
ComputeChange: NS (ITER=3) (NRM,RELC): (  240.43331     0.27164400E-09 ) :: heat equation
MAIN: 
MAIN: -------------------------------------
MAIN: Time: 441/600:   4.410E+01
MAIN: Estimated time left:  2.4 minutes
MAIN: -------------------------------------
MAIN: 
ComputeChange: NS (ITER=1) (NRM,RELC): (  240.21862     0.89330683E-03 ) :: heat equation
ComputeChange: NS (ITER=2) (NRM,RELC): (  240.21852     0.41282170E-06 ) :: heat equation
ComputeChange: NS (ITER=3) (NRM,RELC): (  240.21852     0.24817149E-09 ) :: heat equation
MAIN: 
MAIN: -------------------------------------
MAIN: Time: 442/600:   4.420E+01
MAIN: Estimated time left:  2.7 minutes
MAIN: -------------------------------------
MAIN: 
ComputeChange: NS (ITER=1) (NRM,RELC): (  240.00771     0.87797508E-03 ) :: heat equation
ComputeChange: NS (ITER=2) (NRM,RELC): (  240.00761     0.39107314E-06 ) :: heat equation
ComputeChange: NS (ITER=3) (NRM,RELC): (  240.00761     0.22856689E-09 ) :: heat equation
MAIN: 
MAIN: -------------------------------------
MAIN: Time: 443/600:   4.430E+01
MAIN: Estimated time left:  2.3 minutes
MAIN: -------------------------------------
MAIN: 
ComputeChange: NS (ITER=1) (NRM,RELC): (  239.80048     0.86339057E-03 ) :: heat equation
ComputeChange: NS (ITER=2) (NRM,RELC): (  239.80039     0.37244593E-06 ) :: heat equation
ComputeChange: NS (ITER=3) (NRM,RELC): (  239.80039     0.21212741E-09 ) :: heat equation
MAIN: 
MAIN: -------------------------------------
MAIN: Time: 444/600:   4.440E+01
MAIN: Estimated time left:  2.4 minutes
MAIN: -------------------------------------
MAIN: 
ComputeChange: NS (ITER=1) (NRM,RELC): (  239.59677     0.84950140E-03 ) :: heat equation
ComputeChange: NS (ITER=2) (NRM,RELC): (  239.59669     0.35395964E-06 ) :: heat equation
ComputeChange: NS (ITER=3) (NRM,RELC): (  239.59669     0.19599519E-09 ) :: heat equation
MAIN: 
MAIN: -------------------------------------
MAIN: Time: 445/600:   4.450E+01
MAIN: Estimated time left:  2.0 minutes
MAIN: -------------------------------------
MAIN: 
ComputeChange: NS (ITER=1) (NRM,RELC): (  239.39640     0.83626199E-03 ) :: heat equation
ComputeChange: NS (ITER=2) (NRM,RELC): (  239.39632     0.33746524E-06 ) :: heat equation
ComputeChange: NS (ITER=3) (NRM,RELC): (  239.39632     0.18218916E-09 ) :: heat equation
MAIN: 
MAIN: -------------------------------------
MAIN: Time: 446/600:   4.460E+01
MAIN: Estimated time left:  2.0 minutes
MAIN: -------------------------------------
MAIN: 
ComputeChange: NS (ITER=1) (NRM,RELC): (  239.19923     0.82363270E-03 ) :: heat equation
ComputeChange: NS (ITER=2) (NRM,RELC): (  239.19915     0.32180061E-06 ) :: heat equation
ComputeChange: NS (ITER=3) (NRM,RELC): (  239.19915     0.16917049E-09 ) :: heat equation
MAIN: 
MAIN: -------------------------------------
MAIN: Time: 447/600:   4.470E+01
MAIN: Estimated time left:  2.0 minutes
MAIN: -------------------------------------
MAIN: 
ComputeChange: NS (ITER=1) (NRM,RELC): (  239.00510     0.81157368E-03 ) :: heat equation
ComputeChange: NS (ITER=2) (NRM,RELC): (  239.00503     0.30735847E-06 ) :: heat equation
ComputeChange: NS (ITER=3) (NRM,RELC): (  239.00503     0.15753216E-09 ) :: heat equation
MAIN: 
MAIN: -------------------------------------
MAIN: Time: 448/600:   4.480E+01
MAIN: Estimated time left:  2.0 minutes
MAIN: -------------------------------------
MAIN: 
ComputeChange: NS (ITER=1) (NRM,RELC): (  238.81389     0.80004997E-03 ) :: heat equation
ComputeChange: NS (ITER=2) (NRM,RELC): (  238.81382     0.29367345E-06 ) :: heat equation
ComputeChange: NS (ITER=3) (NRM,RELC): (  238.81382     0.14673191E-09 ) :: heat equation
MAIN: 
MAIN: -------------------------------------
MAIN: Time: 449/600:   4.490E+01
MAIN: Estimated time left:  1.9 minutes
MAIN: -------------------------------------
MAIN: 
ComputeChange: NS (ITER=1) (NRM,RELC): (  238.62546     0.78902863E-03 ) :: heat equation
ComputeChange: NS (ITER=2) (NRM,RELC): (  238.62540     0.28103935E-06 ) :: heat equation
ComputeChange: NS (ITER=3) (NRM,RELC): (  238.62540     0.13648496E-09 ) :: heat equation
MAIN: 
MAIN: -------------------------------------
MAIN: Time: 450/600:   4.500E+01
MAIN: Estimated time left:  1.9 minutes
MAIN: -------------------------------------
MAIN: 
ComputeChange: NS (ITER=1) (NRM,RELC): (  238.43970     0.77847940E-03 ) :: heat equation
ComputeChange: NS (ITER=2) (NRM,RELC): (  238.43964     0.26951119E-06 ) :: heat equation
ComputeChange: NS (ITER=3) (NRM,RELC): (  238.43964     0.12842951E-09 ) :: heat equation
REF time=  45.000 max=   418.880 energy residual=  3.7615E+00
MAIN: 
MAIN: -------------------------------------
MAIN: Time: 451/600:   4.510E+01
MAIN: Estimated time left:  2.0 minutes
MAIN: -------------------------------------
MAIN: 
ComputeChange: NS (ITER=1) (NRM,RELC): (  238.25650     0.76837544E-03 ) :: heat equation
ComputeChange: NS (ITER=2) (NRM,RELC): (  238.25644     0.25888283E-06 ) :: heat equation
ComputeChange: NS (ITER=3) (NRM,RELC): (  238.25644     0.12064257E-09 ) :: heat equation
MAIN: 
MAIN: -------------------------------------
MAIN: Time: 452/600:   4.520E+01
MAIN: Estimated time left:  1.9 minutes
MAIN: -------------------------------------
MAIN: 
ComputeChange: NS (ITER=1) (NRM,RELC): (  238.07574     0.75869151E-03 ) :: heat equation
ComputeChange: NS (ITER=2) (NRM,RELC): (  238.07568     0.24878995E-06 ) :: heat equation
ComputeChange: NS (ITER=3) (NRM,RELC): (  238.07568     0.11240400E-09 ) :: heat equation
MAIN: 
MAIN: -------------------------------------
MAIN: Time: 453/600:   4.530E+01
MAIN: Estimated time left:  1.9 minutes
MAIN: -------------------------------------
MAIN: 
ComputeChange: NS (ITER=1) (NRM,RELC): (  237.89734     0.74940295E-03 ) :: heat equation
ComputeChange: NS (ITER=2) (NRM,RELC): (  237.89728     0.24006193E-06 ) :: heat equation
ComputeChange: NS (ITER=3) (NRM,RELC): (  237.89728     0.10613294E-09 ) :: heat equation
MAIN: 
MAIN: -------------------------------------
MAIN: Time: 454/600:   4.540E+01
MAIN: Estimated time left:  1.8 minutes
MAIN: -------------------------------------
MAIN: 
ComputeChange: NS (ITER=1) (NRM,RELC): (  237.72118     0.74048925E-03 ) :: heat equation
ComputeChange: NS (ITER=2) (NRM,RELC): (  237.72113     0.23089824E-06 ) :: heat equation
ComputeChange: NS (ITER=3) (NRM,RELC): (  237.72113     0.99610613E-10 ) :: heat equation
MAIN: 
MAIN: -------------------------------------
MAIN: Time: 455/600:   4.550E+01
MAIN: Estimated time left:  1.9 minutes
MAIN: -------------------------------------
MAIN: 
ComputeChange: NS (ITER=1) (NRM,RELC): (  237.54720     0.73192924E-03 ) :: heat equation
ComputeChange: NS (ITER=2) (NRM,RELC): (  237.54714     0.22288127E-06 ) :: heat equation
ComputeChange: NS (ITER=3) (NRM,RELC): (  237.54714     0.94263219E-10 ) :: heat equation
MAIN: 
MAIN: -------------------------------------
MAIN: Time: 456/600:   4.560E+01
MAIN: Estimated time left:  2.0 minutes
MAIN: -------------------------------------
MAIN: 
ComputeChange: NS (ITER=1) (NRM,RELC): (  237.37529     0.72370446E-03 ) :: heat equation
ComputeChange: NS (ITER=2) (NRM,RELC): (  237.37524     0.21635913E-06 ) :: heat equation
ComputeChange: NS (ITER=3) (NRM,RELC): (  237.37524     0.90195657E-10 ) :: heat equation
MAIN: 
MAIN: -------------------------------------
MAIN: Time: 457/600:   4.570E+01
MAIN: Estimated time left:  1.8 minutes
MAIN: -------------------------------------
MAIN: 
ComputeChange: NS (ITER=1) (NRM,RELC): (  237.20539     0.71579737E-03 ) :: heat equation
ComputeChange: NS (ITER=2) (NRM,RELC): (  237.20534     0.21021239E-06 ) :: heat equation
ComputeChange: NS (ITER=3) (NRM,RELC): (  237.20534     0.86444984E-10 ) :: heat equation
MAIN: 
MAIN: -------------------------------------
MAIN: Time: 458/600:   4.580E+01
MAIN: Estimated time left:  1.8 minutes
MAIN: -------------------------------------
MAIN: 
ComputeChange: NS (ITER=1) (NRM,RELC): (  237.03741     0.70819063E-03 ) :: heat equation
ComputeChange: NS (ITER=2) (NRM,RELC): (  237.03736     0.20430988E-06 ) :: heat equation
ComputeChange: NS (ITER=3) (NRM,RELC): (  237.03736     0.82885384E-10 ) :: heat equation
MAIN: 
MAIN: -------------------------------------
MAIN: Time: 459/600:   4.590E+01
MAIN: Estimated time left:  1.9 minutes
MAIN: -------------------------------------
MAIN: 
ComputeChange: NS (ITER=1) (NRM,RELC): (  236.87129     0.70086836E-03 ) :: heat equation
ComputeChange: NS (ITER=2) (NRM,RELC): (  236.87124     0.19844829E-06 ) :: heat equation
ComputeChange: NS (ITER=3) (NRM,RELC): (  236.87124     0.78933394E-10 ) :: heat equation
MAIN: 
MAIN: -------------------------------------
MAIN: Time: 460/600:   4.600E+01
MAIN: Estimated time left:  1.8 minutes
MAIN: -------------------------------------
MAIN: 
ComputeChange: NS (ITER=1) (NRM,RELC): (  236.70695     0.69381473E-03 ) :: heat equation
ComputeChange: NS (ITER=2) (NRM,RELC): (  236.70691     0.19285078E-06 ) :: heat equation
ComputeChange: NS (ITER=3) (NRM,RELC): (  236.70691     0.75614309E-10 ) :: heat equation
MAIN: 
MAIN: -------------------------------------
MAIN: Time: 461/600:   4.610E+01
MAIN: Estimated time left:  1.8 minutes
MAIN: -------------------------------------
MAIN: 
ComputeChange: NS (ITER=1) (NRM,RELC): (  236.54434     0.68701592E-03 ) :: heat equation
ComputeChange: NS (ITER=2) (NRM,RELC): (  236.54430     0.18810486E-06 ) :: heat equation
ComputeChange: NS (ITER=3) (NRM,RELC): (  236.54430     0.72964270E-10 ) :: heat equation
MAIN: 
MAIN: -------------------------------------
MAIN: Time: 462/600:   4.620E+01
MAIN: Estimated time left:  2.0 minutes
MAIN: -------------------------------------
MAIN: 
ComputeChange: NS (ITER=1) (NRM,RELC): (  236.38339     0.68045943E-03 ) :: heat equation
ComputeChange: NS (ITER=2) (NRM,RELC): (  236.38335     0.18376007E-06 ) :: heat equation
ComputeChange: NS (ITER=3) (NRM,RELC): (  236.38335     0.70442709E-10 ) :: heat equation
MAIN: 
MAIN: -------------------------------------
MAIN: Time: 463/600:   4.630E+01
MAIN: Estimated time left:  1.9 minutes
MAIN: -------------------------------------
MAIN: 
ComputeChange: NS (ITER=1) (NRM,RELC): (  236.22405     0.67413281E-03 ) :: heat equation
ComputeChange: NS (ITER=2) (NRM,RELC): (  236.22401     0.17941188E-06 ) :: heat equation
ComputeChange: NS (ITER=3) (NRM,RELC): (  236.22401     0.67975485E-10 ) :: heat equation
MAIN: 
MAIN: -------------------------------------
MAIN: Time: 464/600:   4.640E+01
MAIN: Estimated time left:  2.0 minutes
MAIN: -------------------------------------
MAIN: 
ComputeChange: NS (ITER=1) (NRM,RELC): (  236.06626     0.66802424E-03 ) :: heat equation
ComputeChange: NS (ITER=2) (NRM,RELC): (  236.06622     0.17533918E-06 ) :: heat equation
ComputeChange: NS (ITER=3) (NRM,RELC): (  236.06622     0.65619479E-10 ) :: heat equation
MAIN: 
MAIN: -------------------------------------
MAIN: Time: 465/600:   4.650E+01
MAIN: Estimated time left:  1.8 minutes
MAIN: -------------------------------------
MAIN: 
ComputeChange: NS (ITER=1) (NRM,RELC): (  235.90996     0.66212292E-03 ) :: heat equation
ComputeChange: NS (ITER=2) (NRM,RELC): (  235.90992     0.17122738E-06 ) :: heat equation
ComputeChange: NS (ITER=3) (NRM,RELC): (  235.90992     0.63286906E-10 ) :: heat equation
MAIN: 
MAIN: -------------------------------------
MAIN: Time: 466/600:   4.660E+01
MAIN: Estimated time left:  1.8 minutes
MAIN: -------------------------------------
MAIN: 
ComputeChange: NS (ITER=1) (NRM,RELC): (  235.75512     0.65641829E-03 ) :: heat equation
ComputeChange: NS (ITER=2) (NRM,RELC): (  235.75508     0.16748299E-06 ) :: heat equation
ComputeChange: NS (ITER=3) (NRM,RELC): (  235.75508     0.61366061E-10 ) :: heat equation
MAIN: 
MAIN: -------------------------------------
MAIN: Time: 467/600:   4.670E+01
MAIN: Estimated time left:  1.7 minutes
MAIN: -------------------------------------
MAIN: 
ComputeChange: NS (ITER=1) (NRM,RELC): (  235.60168     0.65090101E-03 ) :: heat equation
ComputeChange: NS (ITER=2) (NRM,RELC): (  235.60164     0.16398639E-06 ) :: heat equation
ComputeChange: NS (ITER=3) (NRM,RELC): (  235.60164     0.59290459E-10 ) :: heat equation
MAIN: 
MAIN: -------------------------------------
MAIN: Time: 468/600:   4.680E+01
MAIN: Estimated time left:  1.7 minutes
MAIN: -------------------------------------
MAIN: 
ComputeChange: NS (ITER=1) (NRM,RELC): (  235.44959     0.64556167E-03 ) :: heat equation
ComputeChange: NS (ITER=2) (NRM,RELC): (  235.44955     0.15998021E-06 ) :: heat equation
ComputeChange: NS (ITER=3) (NRM,RELC): (  235.44955     0.56864289E-10 ) :: heat equation
MAIN: 
MAIN: -------------------------------------
MAIN: Time: 469/600:   4.690E+01
MAIN: Estimated time left:  1.7 minutes
MAIN: -------------------------------------
MAIN: 
ComputeChange: NS (ITER=1) (NRM,RELC): (  235.29882     0.64039073E-03 ) :: heat equation
ComputeChange: NS (ITER=2) (NRM,RELC): (  235.29878     0.15673899E-06 ) :: heat equation
ComputeChange: NS (ITER=3) (NRM,RELC): (  235.29878     0.55165216E-10 ) :: heat equation
MAIN: 
MAIN: -------------------------------------
MAIN: Time: 470/600:   4.700E+01
MAIN: Estimated time left:  1.8 minutes
MAIN: -------------------------------------
MAIN: 
ComputeChange: NS (ITER=1) (NRM,RELC): (  235.14933     0.63538097E-03 ) :: heat equation
ComputeChange: NS (ITER=2) (NRM,RELC): (  235.14929     0.15360595E-06 ) :: heat equation
ComputeChange: NS (ITER=3) (NRM,RELC): (  235.14929     0.53511296E-10 ) :: heat equation
MAIN: 
MAIN: -------------------------------------
MAIN: Time: 471/600:   4.710E+01
MAIN: Estimated time left:  1.7 minutes
MAIN: -------------------------------------
MAIN: 
ComputeChange: NS (ITER=1) (NRM,RELC): (  235.00107     0.63052461E-03 ) :: heat equation
ComputeChange: NS (ITER=2) (NRM,RELC): (  235.00104     0.15061859E-06 ) :: heat equation
ComputeChange: NS (ITER=3) (NRM,RELC): (  235.00104     0.51878220E-10 ) :: heat equation
MAIN: 
MAIN: -------------------------------------
MAIN: Time: 472/600:   4.720E+01
MAIN: Estimated time left:  1.7 minutes
MAIN: -------------------------------------
MAIN: 
ComputeChange: NS (ITER=1) (NRM,RELC): (  234.85401     0.62581433E-03 ) :: heat equation
ComputeChange: NS (ITER=2) (NRM,RELC): (  234.85398     0.14745741E-06 ) :: heat equation
ComputeChange: NS (ITER=3) (NRM,RELC): (  234.85398     0.50029348E-10 ) :: heat equation
MAIN: 
MAIN: -------------------------------------
MAIN: Time: 473/600:   4.730E+01
MAIN: Estimated time left:  1.7 minutes
MAIN: -------------------------------------
MAIN: 
ComputeChange: NS (ITER=1) (NRM,RELC): (  234.70812     0.62124262E-03 ) :: heat equation
ComputeChange: NS (ITER=2) (NRM,RELC): (  234.70809     0.14442484E-06 ) :: heat equation
ComputeChange: NS (ITER=3) (NRM,RELC): (  234.70809     0.48434760E-10 ) :: heat equation
MAIN: 
MAIN: -------------------------------------
MAIN: Time: 474/600:   4.740E+01
MAIN: Estimated time left:  1.8 minutes
MAIN: -------------------------------------
MAIN: 
ComputeChange: NS (ITER=1) (NRM,RELC): (  234.56337     0.61680324E-03 ) :: heat equation
ComputeChange: NS (ITER=2) (NRM,RELC): (  234.56333     0.14177917E-06 ) :: heat equation
ComputeChange: NS (ITER=3) (NRM,RELC): (  234.56333     0.47169843E-10 ) :: heat equation
MAIN: 
MAIN: -------------------------------------
MAIN: Time: 475/600:   4.750E+01
MAIN: Estimated time left:  1.8 minutes
MAIN: -------------------------------------
MAIN: 
ComputeChange: NS (ITER=1) (NRM,RELC): (  234.41971     0.61249052E-03 ) :: heat equation
ComputeChange: NS (ITER=2) (NRM,RELC): (  234.41968     0.13944862E-06 ) :: heat equation
ComputeChange: NS (ITER=3) (NRM,RELC): (  234.41968     0.46119325E-10 ) :: heat equation
MAIN: 
MAIN: -------------------------------------
MAIN: Time: 476/600:   4.760E+01
MAIN: Estimated time left:  2.0 minutes
MAIN: -------------------------------------
MAIN: 
ComputeChange: NS (ITER=1) (NRM,RELC): (  234.27712     0.60829908E-03 ) :: heat equation
ComputeChange: NS (ITER=2) (NRM,RELC): (  234.27709     0.13725837E-06 ) :: heat equation
ComputeChange: NS (ITER=3) (NRM,RELC): (  234.27709     0.45140709E-10 ) :: heat equation
MAIN: 
MAIN: -------------------------------------
MAIN: Time: 477/600:   4.770E+01
MAIN: Estimated time left:  1.8 minutes
MAIN: -------------------------------------
MAIN: 
ComputeChange: NS (ITER=1) (NRM,RELC): (  234.13558     0.60422345E-03 ) :: heat equation
ComputeChange: NS (ITER=2) (NRM,RELC): (  234.13555     0.13516313E-06 ) :: heat equation
ComputeChange: NS (ITER=3) (NRM,RELC): (  234.13555     0.44197242E-10 ) :: heat equation
MAIN: 
MAIN: -------------------------------------
MAIN: Time: 478/600:   4.780E+01
MAIN: Estimated time left:  1.6 minutes
MAIN: -------------------------------------
MAIN: 
ComputeChange: NS (ITER=1) (NRM,RELC): (  233.99505     0.60025841E-03 ) :: heat equation
ComputeChange: NS (ITER=2) (NRM,RELC): (  233.99501     0.13313010E-06 ) :: heat equation
ComputeChange: NS (ITER=3) (NRM,RELC): (  233.99501     0.43289129E-10 ) :: heat equation
MAIN: 
MAIN: -------------------------------------
MAIN: Time: 479/600:   4.790E+01
MAIN: Estimated time left:  1.6 minutes
MAIN: -------------------------------------
MAIN: 
ComputeChange: NS (ITER=1) (NRM,RELC): (  233.85550     0.59639898E-03 ) :: heat equation
ComputeChange: NS (ITER=2) (NRM,RELC): (  233.85547     0.13118069E-06 ) :: heat equation
ComputeChange: NS (ITER=3) (NRM,RELC): (  233.85547     0.42424592E-10 ) :: heat equation
MAIN: 
MAIN: -------------------------------------
MAIN: Time: 480/600:   4.800E+01
MAIN: Estimated time left:  1.6 minutes
MAIN: -------------------------------------
MAIN: 
ComputeChange: NS (ITER=1) (NRM,RELC): (  233.71692     0.59264048E-03 ) :: heat equation
ComputeChange: NS (ITER=2) (NRM,RELC): (  233.71689     0.12930694E-06 ) :: heat equation
ComputeChange: NS (ITER=3) (NRM,RELC): (  233.71689     0.41581592E-10 ) :: heat equation
MAIN: 
MAIN: -------------------------------------
MAIN: Time: 481/600:   4.810E+01
MAIN: Estimated time left:  1.6 minutes
MAIN: -------------------------------------
MAIN: 
ComputeChange: NS (ITER=1) (NRM,RELC): (  233.57928     0.58897845E-03 ) :: heat equation
ComputeChange: NS (ITER=2) (NRM,RELC): (  233.57925     0.12750726E-06 ) :: heat equation
ComputeChange: NS (ITER=3) (NRM,RELC): (  233.57925     0.40763954E-10 ) :: heat equation
MAIN: 
MAIN: -------------------------------------
MAIN: Time: 482/600:   4.820E+01
MAIN: Estimated time left:  1.5 minutes
MAIN: -------------------------------------
MAIN: 
ComputeChange: NS (ITER=1) (NRM,RELC): (  233.44255     0.58540864E-03 ) :: heat equation
ComputeChange: NS (ITER=2) (NRM,RELC): (  233.44252     0.12575293E-06 ) :: heat equation
ComputeChange: NS (ITER=3) (NRM,RELC): (  233.44252     0.39998522E-10 ) :: heat equation
MAIN: 
MAIN: -------------------------------------
MAIN: Time: 483/600:   4.830E+01
MAIN: Estimated time left:  1.5 minutes
MAIN: -------------------------------------
MAIN: 
ComputeChange: NS (ITER=1) (NRM,RELC): (  233.30671     0.58192702E-03 ) :: heat equation
ComputeChange: NS (ITER=2) (NRM,RELC): (  233.30668     0.12404982E-06 ) :: heat equation
ComputeChange: NS (ITER=3) (NRM,RELC): (  233.30668     0.39263839E-10 ) :: heat equation
MAIN: 
MAIN: -------------------------------------
MAIN: Time: 484/600:   4.840E+01
MAIN: Estimated time left:  1.5 minutes
MAIN: -------------------------------------
MAIN: 
ComputeChange: NS (ITER=1) (NRM,RELC): (  233.17175     0.57852980E-03 ) :: heat equation
ComputeChange: NS (ITER=2) (NRM,RELC): (  233.17172     0.12239682E-06 ) :: heat equation
ComputeChange: NS (ITER=3) (NRM,RELC): (  233.17172     0.38553874E-10 ) :: heat equation
MAIN: 
MAIN: -------------------------------------
MAIN: Time: 485/600:   4.850E+01
MAIN: Estimated time left:  1.5 minutes
MAIN: -------------------------------------
MAIN: 
ComputeChange: NS (ITER=1) (NRM,RELC): (  233.03763     0.57521336E-03 ) :: heat equation
ComputeChange: NS (ITER=2) (NRM,RELC): (  233.03760     0.12078987E-06 ) :: heat equation
ComputeChange: NS (ITER=3) (NRM,RELC): (  233.03760     0.37865390E-10 ) :: heat equation
MAIN: 
MAIN: -------------------------------------
MAIN: Time: 486/600:   4.860E+01
MAIN: Estimated time left:  1.5 minutes
MAIN: -------------------------------------
MAIN: 
ComputeChange: NS (ITER=1) (NRM,RELC): (  232.90435     0.57197428E-03 ) :: heat equation
ComputeChange: NS (ITER=2) (NRM,RELC): (  232.90432     0.11923309E-06 ) :: heat equation
ComputeChange: NS (ITER=3) (NRM,RELC): (  232.90432     0.37205389E-10 ) :: heat equation
MAIN: 
MAIN: -------------------------------------
MAIN: Time: 487/600:   4.870E+01
MAIN: Estimated time left:  1.5 minutes
MAIN: -------------------------------------
MAIN: 
ComputeChange: NS (ITER=1) (NRM,RELC): (  232.77188     0.56880931E-03 ) :: heat equation
ComputeChange: NS (ITER=2) (NRM,RELC): (  232.77186     0.11772747E-06 ) :: heat equation
ComputeChange: NS (ITER=3) (NRM,RELC): (  232.77186     0.36563553E-10 ) :: heat equation
MAIN: 
MAIN: -------------------------------------
MAIN: Time: 488/600:   4.880E+01
MAIN: Estimated time left:  1.4 minutes
MAIN: -------------------------------------
MAIN: 
ComputeChange: NS (ITER=1) (NRM,RELC): (  232.64021     0.56571538E-03 ) :: heat equation
ComputeChange: NS (ITER=2) (NRM,RELC): (  232.64018     0.11626259E-06 ) :: heat equation
ComputeChange: NS (ITER=3) (NRM,RELC): (  232.64018     0.35950429E-10 ) :: heat equation
MAIN: 
MAIN: -------------------------------------
MAIN: Time: 489/600:   4.890E+01
MAIN: Estimated time left:  1.4 minutes
MAIN: -------------------------------------
MAIN: 
ComputeChange: NS (ITER=1) (NRM,RELC): (  232.50932     0.56268953E-03 ) :: heat equation
ComputeChange: NS (ITER=2) (NRM,RELC): (  232.50929     0.11482770E-06 ) :: heat equation
ComputeChange: NS (ITER=3) (NRM,RELC): (  232.50929     0.35361062E-10 ) :: heat equation
MAIN: 
MAIN: -------------------------------------
MAIN: Time: 490/600:   4.900E+01
MAIN: Estimated time left:  1.4 minutes
MAIN: -------------------------------------
MAIN: 
ComputeChange: NS (ITER=1) (NRM,RELC): (  232.37918     0.55972898E-03 ) :: heat equation
ComputeChange: NS (ITER=2) (NRM,RELC): (  232.37916     0.11343330E-06 ) :: heat equation
ComputeChange: NS (ITER=3) (NRM,RELC): (  232.37916     0.34789140E-10 ) :: heat equation
MAIN: 
MAIN: -------------------------------------
MAIN: Time: 491/600:   4.910E+01
MAIN: Estimated time left:  1.4 minutes
MAIN: -------------------------------------
MAIN: 
ComputeChange: NS (ITER=1) (NRM,RELC): (  232.24980     0.55683107E-03 ) :: heat equation
ComputeChange: NS (ITER=2) (NRM,RELC): (  232.24977     0.11207751E-06 ) :: heat equation
ComputeChange: NS (ITER=3) (NRM,RELC): (  232.24977     0.34235069E-10 ) :: heat equation
MAIN: 
MAIN: -------------------------------------
MAIN: Time: 492/600:   4.920E+01
MAIN: Estimated time left:  1.5 minutes
MAIN: -------------------------------------
MAIN: 
ComputeChange: NS (ITER=1) (NRM,RELC): (  232.12114     0.55399328E-03 ) :: heat equation
ComputeChange: NS (ITER=2) (NRM,RELC): (  232.12112     0.11075843E-06 ) :: heat equation
ComputeChange: NS (ITER=3) (NRM,RELC): (  232.12112     0.33696069E-10 ) :: heat equation
MAIN: 
MAIN: -------------------------------------
MAIN: Time: 493/600:   4.930E+01
MAIN: Estimated time left:  1.4 minutes
MAIN: -------------------------------------
MAIN: 
ComputeChange: NS (ITER=1) (NRM,RELC): (  231.99320     0.55121322E-03 ) :: heat equation
ComputeChange: NS (ITER=2) (NRM,RELC): (  231.99318     0.10947447E-06 ) :: heat equation
ComputeChange: NS (ITER=3) (NRM,RELC): (  231.99318     0.33177074E-10 ) :: heat equation
MAIN: 
MAIN: -------------------------------------
MAIN: Time: 494/600:   4.940E+01
MAIN: Estimated time left:  1.5 minutes
MAIN: -------------------------------------
MAIN: 
ComputeChange: NS (ITER=1) (NRM,RELC): (  231.86597     0.54848862E-03 ) :: heat equation
ComputeChange: NS (ITER=2) (NRM,RELC): (  231.86594     0.10822429E-06 ) :: heat equation
ComputeChange: NS (ITER=3) (NRM,RELC): (  231.86594     0.32670522E-10 ) :: heat equation
MAIN: 
MAIN: -------------------------------------
MAIN: Time: 495/600:   4.950E+01
MAIN: Estimated time left:  1.4 minutes
MAIN: -------------------------------------
MAIN: 
ComputeChange: NS (ITER=1) (NRM,RELC): (  231.73942     0.54581730E-03 ) :: heat equation
ComputeChange: NS (ITER=2) (NRM,RELC): (  231.73939     0.10700606E-06 ) :: heat equation
ComputeChange: NS (ITER=3) (NRM,RELC): (  231.73939     0.32183065E-10 ) :: heat equation
MAIN: 
MAIN: -------------------------------------
MAIN: Time: 496/600:   4.960E+01
MAIN: Estimated time left:  1.4 minutes
MAIN: -------------------------------------
MAIN: 
ComputeChange: NS (ITER=1) (NRM,RELC): (  231.61355     0.54319719E-03 ) :: heat equation
ComputeChange: NS (ITER=2) (NRM,RELC): (  231.61352     0.10581838E-06 ) :: heat equation
ComputeChange: NS (ITER=3) (NRM,RELC): (  231.61352     0.31711425E-10 ) :: heat equation
MAIN: 
MAIN: -------------------------------------
MAIN: Time: 497/600:   4.970E+01
MAIN: Estimated time left:  1.4 minutes
MAIN: -------------------------------------
MAIN: 
ComputeChange: NS (ITER=1) (NRM,RELC): (  231.48834     0.54062635E-03 ) :: heat equation
ComputeChange: NS (ITER=2) (NRM,RELC): (  231.48832     0.10465988E-06 ) :: heat equation
ComputeChange: NS (ITER=3) (NRM,RELC): (  231.48832     0.31244709E-10 ) :: heat equation
MAIN: 
MAIN: -------------------------------------
MAIN: Time: 498/600:   4.980E+01
MAIN: Estimated time left:  1.3 minutes
MAIN: -------------------------------------
MAIN: 
ComputeChange: NS (ITER=1) (NRM,RELC): (  231.36379     0.53810288E-03 ) :: heat equation
ComputeChange: NS (ITER=2) (NRM,RELC): (  231.36376     0.10352944E-06 ) :: heat equation
ComputeChange: NS (ITER=3) (NRM,RELC): (  231.36376     0.30799266E-10 ) :: heat equation
MAIN: 
MAIN: -------------------------------------
MAIN: Time: 499/600:   4.990E+01
MAIN: Estimated time left:  1.3 minutes
MAIN: -------------------------------------
MAIN: 
ComputeChange: NS (ITER=1) (NRM,RELC): (  231.23987     0.53562502E-03 ) :: heat equation
ComputeChange: NS (ITER=2) (NRM,RELC): (  231.23985     0.10242577E-06 ) :: heat equation
ComputeChange: NS (ITER=3) (NRM,RELC): (  231.23985     0.30365920E-10 ) :: heat equation
MAIN: 
MAIN: -------------------------------------
MAIN: Time: 500/600:   5.000E+01
MAIN: Estimated time left:  1.3 minutes
MAIN: -------------------------------------
MAIN: 
ComputeChange: NS (ITER=1) (NRM,RELC): (  231.11659     0.53319107E-03 ) :: heat equation
ComputeChange: NS (ITER=2) (NRM,RELC): (  231.11656     0.10134781E-06 ) :: heat equation
ComputeChange: NS (ITER=3) (NRM,RELC): (  231.11656     0.29943218E-10 ) :: heat equation
REF time=  50.000 max=   379.678 energy residual=  4.0170E+00
MAIN: 
MAIN: -------------------------------------
MAIN: Time: 501/600:   5.010E+01
MAIN: Estimated time left:  1.3 minutes
MAIN: -------------------------------------
MAIN: 
ComputeChange: NS (ITER=1) (NRM,RELC): (  230.99392     0.53079940E-03 ) :: heat equation
ComputeChange: NS (ITER=2) (NRM,RELC): (  230.99390     0.10029467E-06 ) :: heat equation
ComputeChange: NS (ITER=3) (NRM,RELC): (  230.99390     0.29527737E-10 ) :: heat equation
MAIN: 
MAIN: -------------------------------------
MAIN: Time: 502/600:   5.020E+01
MAIN: Estimated time left:  1.3 minutes
MAIN: -------------------------------------
MAIN: 
ComputeChange: NS (ITER=1) (NRM,RELC): (  230.87186     0.52844847E-03 ) :: heat equation
ComputeChange: NS (ITER=2) (NRM,RELC): (  230.87184     0.99265152E-07 ) :: heat equation
ComputeChange: NS (ITER=3) (NRM,RELC): (  230.87184     0.29127127E-10 ) :: heat equation
MAIN: 
MAIN: -------------------------------------
MAIN: Time: 503/600:   5.030E+01
MAIN: Estimated time left:  1.2 minutes
MAIN: -------------------------------------
MAIN: 
ComputeChange: NS (ITER=1) (NRM,RELC): (  230.75040     0.52613683E-03 ) :: heat equation
ComputeChange: NS (ITER=2) (NRM,RELC): (  230.75038     0.98258348E-07 ) :: heat equation
ComputeChange: NS (ITER=3) (NRM,RELC): (  230.75038     0.28739074E-10 ) :: heat equation
MAIN: 
MAIN: -------------------------------------
MAIN: Time: 504/600:   5.040E+01
MAIN: Estimated time left:  1.4 minutes
MAIN: -------------------------------------
MAIN: 
ComputeChange: NS (ITER=1) (NRM,RELC): (  230.62953     0.52386305E-03 ) :: heat equation
ComputeChange: NS (ITER=2) (NRM,RELC): (  230.62950     0.97273390E-07 ) :: heat equation
ComputeChange: NS (ITER=3) (NRM,RELC): (  230.62950     0.28361755E-10 ) :: heat equation
MAIN: 
MAIN: -------------------------------------
MAIN: Time: 505/600:   5.050E+01
MAIN: Estimated time left:  1.4 minutes
MAIN: -------------------------------------
MAIN: 
ComputeChange: NS (ITER=1) (NRM,RELC): (  230.50923     0.52162581E-03 ) :: heat equation
ComputeChange: NS (ITER=2) (NRM,RELC): (  230.50921     0.96309329E-07 ) :: heat equation
ComputeChange: NS (ITER=3) (NRM,RELC): (  230.50921     0.27985203E-10 ) :: heat equation
MAIN: 
MAIN: -------------------------------------
MAIN: Time: 506/600:   5.060E+01
MAIN: Estimated time left:  1.3 minutes
MAIN: -------------------------------------
MAIN: 
ComputeChange: NS (ITER=1) (NRM,RELC): (  230.38951     0.51942382E-03 ) :: heat equation
ComputeChange: NS (ITER=2) (NRM,RELC): (  230.38949     0.95365623E-07 ) :: heat equation
ComputeChange: NS (ITER=3) (NRM,RELC): (  230.38949     0.27624720E-10 ) :: heat equation
MAIN: 
MAIN: -------------------------------------
MAIN: Time: 507/600:   5.070E+01
MAIN: Estimated time left:  1.4 minutes
MAIN: -------------------------------------
MAIN: 
ComputeChange: NS (ITER=1) (NRM,RELC): (  230.27035     0.51725588E-03 ) :: heat equation
ComputeChange: NS (ITER=2) (NRM,RELC): (  230.27033     0.94441935E-07 ) :: heat equation
ComputeChange: NS (ITER=3) (NRM,RELC): (  230.27033     0.27274286E-10 ) :: heat equation
MAIN: 
MAIN: -------------------------------------
MAIN: Time: 508/600:   5.080E+01
MAIN: Estimated time left:  1.4 minutes
MAIN: -------------------------------------
MAIN: 
ComputeChange: NS (ITER=1) (NRM,RELC): (  230.15174     0.51512081E-03 ) :: heat equation
ComputeChange: NS (ITER=2) (NRM,RELC): (  230.15172     0.93541741E-07 ) :: heat equation
ComputeChange: NS (ITER=3) (NRM,RELC): (  230.15172     0.26931206E-10 ) :: heat equation
MAIN: 
MAIN: -------------------------------------
MAIN: Time: 509/600:   5.090E+01
MAIN: Estimated time left:  1.4 minutes
MAIN: -------------------------------------
MAIN: 
ComputeChange: NS (ITER=1) (NRM,RELC): (  230.03368     0.51301753E-03 ) :: heat equation
ComputeChange: NS (ITER=2) (NRM,RELC): (  230.03365     0.92656335E-07 ) :: heat equation
ComputeChange: NS (ITER=3) (NRM,RELC): (  230.03365     0.26597469E-10 ) :: heat equation
MAIN: 
MAIN: -------------------------------------
MAIN: Time: 510/600:   5.100E+01
MAIN: Estimated time left:  1.4 minutes
MAIN: -------------------------------------
MAIN: 
ComputeChange: NS (ITER=1) (NRM,RELC): (  229.91615     0.51094495E-03 ) :: heat equation
ComputeChange: NS (ITER=2) (NRM,RELC): (  229.91613     0.91787955E-07 ) :: heat equation
ComputeChange: NS (ITER=3) (NRM,RELC): (  229.91613     0.26271734E-10 ) :: heat equation
MAIN: 
MAIN: -------------------------------------
MAIN: Time: 511/600:   5.110E+01
MAIN: Estimated time left:  1.6 minutes
MAIN: -------------------------------------
MAIN: 
ComputeChange: NS (ITER=1) (NRM,RELC): (  229.79915     0.50890208E-03 ) :: heat equation
ComputeChange: NS (ITER=2) (NRM,RELC): (  229.79913     0.90934577E-07 ) :: heat equation
ComputeChange: NS (ITER=3) (NRM,RELC): (  229.79913     0.25948327E-10 ) :: heat equation
MAIN: 
MAIN: -------------------------------------
MAIN: Time: 512/600:   5.120E+01
MAIN: Estimated time left:  1.2 minutes
MAIN: -------------------------------------
MAIN: 
ComputeChange: NS (ITER=1) (NRM,RELC): (  229.68268     0.50688792E-03 ) :: heat equation
ComputeChange: NS (ITER=2) (NRM,RELC): (  229.68266     0.90097675E-07 ) :: heat equation
ComputeChange: NS (ITER=3) (NRM,RELC): (  229.68266     0.25634803E-10 ) :: heat equation
MAIN: 
MAIN: -------------------------------------
MAIN: Time: 513/600:   5.130E+01
MAIN: Estimated time left:  1.2 minutes
MAIN: -------------------------------------
MAIN: 
ComputeChange: NS (ITER=1) (NRM,RELC): (  229.56672     0.50490157E-03 ) :: heat equation
ComputeChange: NS (ITER=2) (NRM,RELC): (  229.56670     0.89276442E-07 ) :: heat equation
ComputeChange: NS (ITER=3) (NRM,RELC): (  229.56670     0.25329942E-10 ) :: heat equation
MAIN: 
MAIN: -------------------------------------
MAIN: Time: 514/600:   5.140E+01
MAIN: Estimated time left:  1.2 minutes
MAIN: -------------------------------------
MAIN: 
ComputeChange: NS (ITER=1) (NRM,RELC): (  229.45127     0.50294214E-03 ) :: heat equation
ComputeChange: NS (ITER=2) (NRM,RELC): (  229.45125     0.88470330E-07 ) :: heat equation
ComputeChange: NS (ITER=3) (NRM,RELC): (  229.45125     0.25038962E-10 ) :: heat equation
MAIN: 
MAIN: -------------------------------------
MAIN: Time: 515/600:   5.150E+01
MAIN: Estimated time left:  1.1 minutes
MAIN: -------------------------------------
MAIN: 
ComputeChange: NS (ITER=1) (NRM,RELC): (  229.33632     0.50100877E-03 ) :: heat equation
ComputeChange: NS (ITER=2) (NRM,RELC): (  229.33630     0.87678635E-07 ) :: heat equation
ComputeChange: NS (ITER=3) (NRM,RELC): (  229.33630     0.24737473E-10 ) :: heat equation
MAIN: 
MAIN: -------------------------------------
MAIN: Time: 516/600:   5.160E+01
MAIN: Estimated time left:  1.2 minutes
MAIN: -------------------------------------
MAIN: 
ComputeChange: NS (ITER=1) (NRM,RELC): (  229.22187     0.49910067E-03 ) :: heat equation
ComputeChange: NS (ITER=2) (NRM,RELC): (  229.22185     0.86901024E-07 ) :: heat equation
ComputeChange: NS (ITER=3) (NRM,RELC): (  229.22185     0.24455095E-10 ) :: heat equation
MAIN: 
MAIN: -------------------------------------
MAIN: Time: 517/600:   5.170E+01
MAIN: Estimated time left:  1.1 minutes
MAIN: -------------------------------------
MAIN: 
ComputeChange: NS (ITER=1) (NRM,RELC): (  229.10790     0.49721706E-03 ) :: heat equation
ComputeChange: NS (ITER=2) (NRM,RELC): (  229.10788     0.86137115E-07 ) :: heat equation
ComputeChange: NS (ITER=3) (NRM,RELC): (  229.10788     0.24175733E-10 ) :: heat equation
MAIN: 
MAIN: -------------------------------------
MAIN: Time: 518/600:   5.180E+01
MAIN: Estimated time left:  1.1 minutes
MAIN: -------------------------------------
MAIN: 
ComputeChange: NS (ITER=1) (NRM,RELC): (  228.99442     0.49535719E-03 ) :: heat equation
ComputeChange: NS (ITER=2) (NRM,RELC): (  228.99440     0.85386169E-07 ) :: heat equation
ComputeChange: NS (ITER=3) (NRM,RELC): (  228.99440     0.23896043E-10 ) :: heat equation
MAIN: 
MAIN: -------------------------------------
MAIN: Time: 519/600:   5.190E+01
MAIN: Estimated time left:  1.0 minutes
MAIN: -------------------------------------
MAIN: 
ComputeChange: NS (ITER=1) (NRM,RELC): (  228.88142     0.49352036E-03 ) :: heat equation
ComputeChange: NS (ITER=2) (NRM,RELC): (  228.88140     0.84648064E-07 ) :: heat equation
ComputeChange: NS (ITER=3) (NRM,RELC): (  228.88140     0.23627947E-10 ) :: heat equation
MAIN: 
MAIN: -------------------------------------
MAIN: Time: 520/600:   5.200E+01
MAIN: Estimated time left:  1.0 minutes
MAIN: -------------------------------------
MAIN: 
ComputeChange: NS (ITER=1) (NRM,RELC): (  228.76888     0.49170589E-03 ) :: heat equation
ComputeChange: NS (ITER=2) (NRM,RELC): (  228.76886     0.83922221E-07 ) :: heat equation
ComputeChange: NS (ITER=3) (NRM,RELC): (  228.76886     0.23365502E-10 ) :: heat equation
MAIN: 
MAIN: -------------------------------------
MAIN: Time: 521/600:   5.210E+01
MAIN: Estimated time left:  1.1 minutes
MAIN: -------------------------------------
MAIN: 
ComputeChange: NS (ITER=1) (NRM,RELC): (  228.65681     0.48991312E-03 ) :: heat equation
ComputeChange: NS (ITER=2) (NRM,RELC): (  228.65680     0.83208452E-07 ) :: heat equation
ComputeChange: NS (ITER=3) (NRM,RELC): (  228.65680     0.23102875E-10 ) :: heat equation
MAIN: 
MAIN: -------------------------------------
MAIN: Time: 522/600:   5.220E+01
MAIN: Estimated time left:  1.1 minutes
MAIN: -------------------------------------
MAIN: 
ComputeChange: NS (ITER=1) (NRM,RELC): (  228.54521     0.48814144E-03 ) :: heat equation
ComputeChange: NS (ITER=2) (NRM,RELC): (  228.54519     0.82511981E-07 ) :: heat equation
ComputeChange: NS (ITER=3) (NRM,RELC): (  228.54519     0.22848526E-10 ) :: heat equation
MAIN: 
MAIN: -------------------------------------
MAIN: Time: 523/600:   5.230E+01
MAIN: Estimated time left:  1.0 minutes
MAIN: -------------------------------------
MAIN: 
ComputeChange: NS (ITER=1) (NRM,RELC): (  228.43405     0.48639025E-03 ) :: heat equation
ComputeChange: NS (ITER=2) (NRM,RELC): (  228.43403     0.81827772E-07 ) :: heat equation
ComputeChange: NS (ITER=3) (NRM,RELC): (  228.43403     0.22599233E-10 ) :: heat equation
MAIN: 
MAIN: -------------------------------------
MAIN: Time: 524/600:   5.240E+01
MAIN: Estimated time left:  1.0 minutes
MAIN: -------------------------------------
MAIN: 
ComputeChange: NS (ITER=1) (NRM,RELC): (  228.32335     0.48465899E-03 ) :: heat equation
ComputeChange: NS (ITER=2) (NRM,RELC): (  228.32333     0.81150856E-07 ) :: heat equation
ComputeChange: NS (ITER=3) (NRM,RELC): (  228.32333     0.22359612E-10 ) :: heat equation
MAIN: 
MAIN: -------------------------------------
MAIN: Time: 525/600:   5.250E+01
MAIN: Estimated time left:  1.0 minutes
MAIN: -------------------------------------
MAIN: 
ComputeChange: NS (ITER=1) (NRM,RELC): (  228.21309     0.48294709E-03 ) :: heat equation
ComputeChange: NS (ITER=2) (NRM,RELC): (  228.21307     0.80489889E-07 ) :: heat equation
ComputeChange: NS (ITER=3) (NRM,RELC): (  228.21307     0.22118595E-10 ) :: heat equation
MAIN: 
MAIN: -------------------------------------
MAIN: Time: 526/600:   5.260E+01
MAIN: Estimated time left:  1.0 minutes
MAIN: -------------------------------------
MAIN: 
ComputeChange: NS (ITER=1) (NRM,RELC): (  228.10327     0.48125404E-03 ) :: heat equation
ComputeChange: NS (ITER=2) (NRM,RELC): (  228.10325     0.79844234E-07 ) :: heat equation
ComputeChange: NS (ITER=3) (NRM,RELC): (  228.10325     0.21883408E-10 ) :: heat equation
MAIN: 
MAIN: -------------------------------------
MAIN: Time: 527/600:   5.270E+01
MAIN: Estimated time left: 57.1 seconds
MAIN: -------------------------------------
MAIN: 
ComputeChange: NS (ITER=1) (NRM,RELC): (  227.99388     0.47957935E-03 ) :: heat equation
ComputeChange: NS (ITER=2) (NRM,RELC): (  227.99386     0.79210832E-07 ) :: heat equation
ComputeChange: NS (ITER=3) (NRM,RELC): (  227.99386     0.21652939E-10 ) :: heat equation
MAIN: 
MAIN: -------------------------------------
MAIN: Time: 528/600:   5.280E+01
MAIN: Estimated time left: 54.7 seconds
MAIN: -------------------------------------
MAIN: 
ComputeChange: NS (ITER=1) (NRM,RELC): (  227.88493     0.47792251E-03 ) :: heat equation
ComputeChange: NS (ITER=2) (NRM,RELC): (  227.88491     0.78580482E-07 ) :: heat equation
ComputeChange: NS (ITER=3) (NRM,RELC): (  227.88491     0.21427198E-10 ) :: heat equation
MAIN: 
MAIN: -------------------------------------
MAIN: Time: 529/600:   5.290E+01
MAIN: Estimated time left: 54.4 seconds
MAIN: -------------------------------------
MAIN: 
ComputeChange: NS (ITER=1) (NRM,RELC): (  227.77640     0.47628305E-03 ) :: heat equation
ComputeChange: NS (ITER=2) (NRM,RELC): (  227.77638     0.77957448E-07 ) :: heat equation
ComputeChange: NS (ITER=3) (NRM,RELC): (  227.77638     0.21204445E-10 ) :: heat equation
MAIN: 
MAIN: -------------------------------------
MAIN: Time: 530/600:   5.300E+01
MAIN: Estimated time left: 56.8 seconds
MAIN: -------------------------------------
MAIN: 
ComputeChange: NS (ITER=1) (NRM,RELC): (  227.66829     0.47466053E-03 ) :: heat equation
ComputeChange: NS (ITER=2) (NRM,RELC): (  227.66827     0.77339887E-07 ) :: heat equation
ComputeChange: NS (ITER=3) (NRM,RELC): (  227.66827     0.20984312E-10 ) :: heat equation
MAIN: 
MAIN: -------------------------------------
MAIN: Time: 531/600:   5.310E+01
MAIN: Estimated time left: 53.5 seconds
MAIN: -------------------------------------
MAIN: 
ComputeChange: NS (ITER=1) (NRM,RELC): (  227.56060     0.47305452E-03 ) :: heat equation
ComputeChange: NS (ITER=2) (NRM,RELC): (  227.56058     0.76735240E-07 ) :: heat equation
ComputeChange: NS (ITER=3) (NRM,RELC): (  227.56058     0.20770177E-10 ) :: heat equation
MAIN: 
MAIN: -------------------------------------
MAIN: Time: 532/600:   5.320E+01
MAIN: Estimated time left: 52.4 seconds
MAIN: -------------------------------------
MAIN: 
ComputeChange: NS (ITER=1) (NRM,RELC): (  227.45332     0.47146460E-03 ) :: heat equation
ComputeChange: NS (ITER=2) (NRM,RELC): (  227.45330     0.76133785E-07 ) :: heat equation
ComputeChange: NS (ITER=3) (NRM,RELC): (  227.45330     0.20563924E-10 ) :: heat equation
MAIN: 
MAIN: -------------------------------------
MAIN: Time: 533/600:   5.330E+01
MAIN: Estimated time left: 51.1 seconds
MAIN: -------------------------------------
MAIN: 
ComputeChange: NS (ITER=1) (NRM,RELC): (  227.34645     0.46989039E-03 ) :: heat equation
ComputeChange: NS (ITER=2) (NRM,RELC): (  227.34643     0.75536866E-07 ) :: heat equation
ComputeChange: NS (ITER=3) (NRM,RELC): (  227.34643     0.20353939E-10 ) :: heat equation
MAIN: 
MAIN: -------------------------------------
MAIN: Time: 534/600:   5.340E+01
MAIN: Estimated time left: 50.7 seconds
MAIN: -------------------------------------
MAIN: 
ComputeChange: NS (ITER=1) (NRM,RELC): (  227.23998     0.46833148E-03 ) :: heat equation
ComputeChange: NS (ITER=2) (NRM,RELC): (  227.23996     0.74948033E-07 ) :: heat equation
ComputeChange: NS (ITER=3) (NRM,RELC): (  227.23996     0.20155603E-10 ) :: heat equation
MAIN: 
MAIN: -------------------------------------
MAIN: Time: 535/600:   5.350E+01
MAIN: Estimated time left: 49.8 seconds
MAIN: -------------------------------------
MAIN: 
ComputeChange: NS (ITER=1) (NRM,RELC): (  227.13392     0.46678752E-03 ) :: heat equation
ComputeChange: NS (ITER=2) (NRM,RELC): (  227.13390     0.74367243E-07 ) :: heat equation
ComputeChange: NS (ITER=3) (NRM,RELC): (  227.13390     0.19955419E-10 ) :: heat equation
MAIN: 
MAIN: -------------------------------------
MAIN: Time: 536/600:   5.360E+01
MAIN: Estimated time left: 48.8 seconds
MAIN: -------------------------------------
MAIN: 
ComputeChange: NS (ITER=1) (NRM,RELC): (  227.02825     0.46525815E-03 ) :: heat equation
ComputeChange: NS (ITER=2) (NRM,RELC): (  227.02823     0.73794633E-07 ) :: heat equation
ComputeChange: NS (ITER=3) (NRM,RELC): (  227.02823     0.19753386E-10 ) :: heat equation
MAIN: 
MAIN: -------------------------------------
MAIN: Time: 537/600:   5.370E+01
MAIN: Estimated time left: 49.7 seconds
MAIN: -------------------------------------
MAIN: 
ComputeChange: NS (ITER=1) (NRM,RELC): (  226.92297     0.46374304E-03 ) :: heat equation
ComputeChange: NS (ITER=2) (NRM,RELC): (  226.92296     0.73229605E-07 ) :: heat equation
ComputeChange: NS (ITER=3) (NRM,RELC): (  226.92296     0.19565033E-10 ) :: heat equation
MAIN: 
MAIN: -------------------------------------
MAIN: Time: 538/600:   5.380E+01
MAIN: Estimated time left: 47.4 seconds
MAIN: -------------------------------------
MAIN: 
ComputeChange: NS (ITER=1) (NRM,RELC): (  226.81809     0.46224185E-03 ) :: heat equation
ComputeChange: NS (ITER=2) (NRM,RELC): (  226.81807     0.72672106E-07 ) :: heat equation
ComputeChange: NS (ITER=3) (NRM,RELC): (  226.81807     0.19377099E-10 ) :: heat equation
MAIN: 
MAIN: -------------------------------------
MAIN: Time: 539/600:   5.390E+01
MAIN: Estimated time left: 46.5 seconds
MAIN: -------------------------------------
MAIN: 
ComputeChange: NS (ITER=1) (NRM,RELC): (  226.71359     0.46075428E-03 ) :: heat equation
ComputeChange: NS (ITER=2) (NRM,RELC): (  226.71357     0.72121742E-07 ) :: heat equation
ComputeChange: NS (ITER=3) (NRM,RELC): (  226.71357     0.19186452E-10 ) :: heat equation
MAIN: 
MAIN: -------------------------------------
MAIN: Time: 540/600:   5.400E+01
MAIN: Estimated time left: 47.1 seconds
MAIN: -------------------------------------
MAIN: 
ComputeChange: NS (ITER=1) (NRM,RELC): (  226.60947     0.45928003E-03 ) :: heat equation
ComputeChange: NS (ITER=2) (NRM,RELC): (  226.60945     0.71578187E-07 ) :: heat equation
ComputeChange: NS (ITER=3) (NRM,RELC): (  226.60945     0.19004626E-10 ) :: heat equation
MAIN: 
MAIN: -------------------------------------
MAIN: Time: 541/600:   5.410E+01
MAIN: Estimated time left: 47.8 seconds
MAIN: -------------------------------------
MAIN: 
ComputeChange: NS (ITER=1) (NRM,RELC): (  226.50573     0.45781879E-03 ) :: heat equation
ComputeChange: NS (ITER=2) (NRM,RELC): (  226.50572     0.71041905E-07 ) :: heat equation
ComputeChange: NS (ITER=3) (NRM,RELC): (  226.50572     0.18822602E-10 ) :: heat equation
MAIN: 
MAIN: -------------------------------------
MAIN: Time: 542/600:   5.420E+01
MAIN: Estimated time left: 46.5 seconds
MAIN: -------------------------------------
MAIN: 
ComputeChange: NS (ITER=1) (NRM,RELC): (  226.40237     0.45637029E-03 ) :: heat equation
ComputeChange: NS (ITER=2) (NRM,RELC): (  226.40235     0.70512475E-07 ) :: heat equation
ComputeChange: NS (ITER=3) (NRM,RELC): (  226.40235     0.18644774E-10 ) :: heat equation
MAIN: 
MAIN: -------------------------------------
MAIN: Time: 543/600:   5.430E+01
MAIN: Estimated time left: 44.7 seconds
MAIN: -------------------------------------
MAIN: 
ComputeChange: NS (ITER=1) (NRM,RELC): (  226.29938     0.45493426E-03 ) :: heat equation
ComputeChange: NS (ITER=2) (NRM,RELC): (  226.29936     0.69989677E-07 ) :: heat equation
ComputeChange: NS (ITER=3) (NRM,RELC): (  226.29936     0.18466628E-10 ) :: heat equation
MAIN: 
MAIN: -------------------------------------
MAIN: Time: 544/600:   5.440E+01
MAIN: Estimated time left: 45.8 seconds
MAIN: -------------------------------------
MAIN: 
ComputeChange: NS (ITER=1) (NRM,RELC): (  226.19676     0.45351044E-03 ) :: heat equation
ComputeChange: NS (ITER=2) (NRM,RELC): (  226.19674     0.69473250E-07 ) :: heat equation
ComputeChange: NS (ITER=3) (NRM,RELC): (  226.19674     0.18298969E-10 ) :: heat equation
MAIN: 
MAIN: -------------------------------------
MAIN: Time: 545/600:   5.450E+01
MAIN: Estimated time left: 43.7 seconds
MAIN: -------------------------------------
MAIN: 
ComputeChange: NS (ITER=1) (NRM,RELC): (  226.09450     0.45209857E-03 ) :: heat equation
ComputeChange: NS (ITER=2) (NRM,RELC): (  226.09448     0.68963093E-07 ) :: heat equation
ComputeChange: NS (ITER=3) (NRM,RELC): (  226.09448     0.18123084E-10 ) :: heat equation
MAIN: 
MAIN: -------------------------------------
MAIN: Time: 546/600:   5.460E+01
MAIN: Estimated time left: 43.8 seconds
MAIN: -------------------------------------
MAIN: 
ComputeChange: NS (ITER=1) (NRM,RELC): (  225.99261     0.45069841E-03 ) :: heat equation
ComputeChange: NS (ITER=2) (NRM,RELC): (  225.99259     0.68459413E-07 ) :: heat equation
ComputeChange: NS (ITER=3) (NRM,RELC): (  225.99259     0.17962983E-10 ) :: heat equation
MAIN: 
MAIN: -------------------------------------
MAIN: Time: 547/600:   5.470E+01
MAIN: Estimated time left: 42.9 seconds
MAIN: -------------------------------------
MAIN: 
ComputeChange: NS (ITER=1) (NRM,RELC): (  225.89107     0.44930973E-03 ) :: heat equation
ComputeChange: NS (ITER=2) (NRM,RELC): (  225.89106     0.67963523E-07 ) :: heat equation
ComputeChange: NS (ITER=3) (NRM,RELC): (  225.89106     0.17791889E-10 ) :: heat equation
MAIN: 
MAIN: -------------------------------------
MAIN: Time: 548/600:   5.480E+01
MAIN: Estimated time left: 40.8 seconds
MAIN: -------------------------------------
MAIN: 
ComputeChange: NS (ITER=1) (NRM,RELC): (  225.78990     0.44793231E-03 ) :: heat equation
ComputeChange: NS (ITER=2) (NRM,RELC): (  225.78988     0.67475456E-07 ) :: heat equation
ComputeChange: NS (ITER=3) (NRM,RELC): (  225.78988     0.17634585E-10 ) :: heat equation
MAIN: 
MAIN: -------------------------------------
MAIN: Time: 549/600:   5.490E+01
MAIN: Estimated time left: 39.4 seconds
MAIN: -------------------------------------
MAIN: 
ComputeChange: NS (ITER=1) (NRM,RELC): (  225.68907     0.44656593E-03 ) :: heat equation
ComputeChange: NS (ITER=2) (NRM,RELC): (  225.68906     0.66990463E-07 ) :: heat equation
ComputeChange: NS (ITER=3) (NRM,RELC): (  225.68906     0.17467920E-10 ) :: heat equation
MAIN: 
MAIN: -------------------------------------
MAIN: Time: 550/600:   5.500E+01
MAIN: Estimated time left: 38.5 seconds
MAIN: -------------------------------------
MAIN: 
ComputeChange: NS (ITER=1) (NRM,RELC): (  225.58860     0.44521037E-03 ) :: heat equation
ComputeChange: NS (ITER=2) (NRM,RELC): (  225.58859     0.66511199E-07 ) :: heat equation
ComputeChange: NS (ITER=3) (NRM,RELC): (  225.58859     0.17311788E-10 ) :: heat equation
REF time=  55.000 max=   348.778 energy residual=  4.1483E+00
MAIN: 
MAIN: -------------------------------------
MAIN: Time: 551/600:   5.510E+01
MAIN: Estimated time left: 39.6 seconds
MAIN: -------------------------------------
MAIN: 
ComputeChange: NS (ITER=1) (NRM,RELC): (  225.48848     0.44386543E-03 ) :: heat equation
ComputeChange: NS (ITER=2) (NRM,RELC): (  225.48846     0.66036234E-07 ) :: heat equation
ComputeChange: NS (ITER=3) (NRM,RELC): (  225.48846     0.17155364E-10 ) :: heat equation
MAIN: 
MAIN: -------------------------------------
MAIN: Time: 552/600:   5.520E+01
MAIN: Estimated time left: 36.9 seconds
MAIN: -------------------------------------
MAIN: 
ComputeChange: NS (ITER=1) (NRM,RELC): (  225.38870     0.44253091E-03 ) :: heat equation
ComputeChange: NS (ITER=2) (NRM,RELC): (  225.38869     0.65566577E-07 ) :: heat equation
ComputeChange: NS (ITER=3) (NRM,RELC): (  225.38869     0.17001802E-10 ) :: heat equation
MAIN: 
MAIN: -------------------------------------
MAIN: Time: 553/600:   5.530E+01
MAIN: Estimated time left: 37.1 seconds
MAIN: -------------------------------------
MAIN: 
ComputeChange: NS (ITER=1) (NRM,RELC): (  225.28926     0.44120662E-03 ) :: heat equation
ComputeChange: NS (ITER=2) (NRM,RELC): (  225.28925     0.65101998E-07 ) :: heat equation
ComputeChange: NS (ITER=3) (NRM,RELC): (  225.28925     0.16853377E-10 ) :: heat equation
MAIN: 
MAIN: -------------------------------------
MAIN: Time: 554/600:   5.540E+01
MAIN: Estimated time left: 36.0 seconds
MAIN: -------------------------------------
MAIN: 
ComputeChange: NS (ITER=1) (NRM,RELC): (  225.19017     0.43989237E-03 ) :: heat equation
ComputeChange: NS (ITER=2) (NRM,RELC): (  225.19015     0.64642911E-07 ) :: heat equation
ComputeChange: NS (ITER=3) (NRM,RELC): (  225.19015     0.16704290E-10 ) :: heat equation
MAIN: 
MAIN: -------------------------------------
MAIN: Time: 555/600:   5.550E+01
MAIN: Estimated time left: 34.6 seconds
MAIN: -------------------------------------
MAIN: 
ComputeChange: NS (ITER=1) (NRM,RELC): (  225.09141     0.43858798E-03 ) :: heat equation
ComputeChange: NS (ITER=2) (NRM,RELC): (  225.09140     0.64188793E-07 ) :: heat equation
ComputeChange: NS (ITER=3) (NRM,RELC): (  225.09140     0.16556184E-10 ) :: heat equation
MAIN: 
MAIN: -------------------------------------
MAIN: Time: 556/600:   5.560E+01
MAIN: Estimated time left: 34.6 seconds
MAIN: -------------------------------------
MAIN: 
ComputeChange: NS (ITER=1) (NRM,RELC): (  224.99299     0.43729329E-03 ) :: heat equation
ComputeChange: NS (ITER=2) (NRM,RELC): (  224.99297     0.63739552E-07 ) :: heat equation
ComputeChange: NS (ITER=3) (NRM,RELC): (  224.99297     0.16409818E-10 ) :: heat equation
MAIN: 
MAIN: -------------------------------------
MAIN: Time: 557/600:   5.570E+01
MAIN: Estimated time left: 37.6 seconds
MAIN: -------------------------------------
MAIN: 
ComputeChange: NS (ITER=1) (NRM,RELC): (  224.89489     0.43600813E-03 ) :: heat equation
ComputeChange: NS (ITER=2) (NRM,RELC): (  224.89488     0.63294947E-07 ) :: heat equation
ComputeChange: NS (ITER=3) (NRM,RELC): (  224.89488     0.16263174E-10 ) :: heat equation
MAIN: 
MAIN: -------------------------------------
MAIN: Time: 558/600:   5.580E+01
MAIN: Estimated time left: 42.3 seconds
MAIN: -------------------------------------
MAIN: 
ComputeChange: NS (ITER=1) (NRM,RELC): (  224.79713     0.43473232E-03 ) :: heat equation
ComputeChange: NS (ITER=2) (NRM,RELC): (  224.79712     0.62855674E-07 ) :: heat equation
ComputeChange: NS (ITER=3) (NRM,RELC): (  224.79712     0.16122067E-10 ) :: heat equation
MAIN: 
MAIN: -------------------------------------
MAIN: Time: 559/600:   5.590E+01
MAIN: Estimated time left: 35.1 seconds
MAIN: -------------------------------------
MAIN: 
ComputeChange: NS (ITER=1) (NRM,RELC): (  224.69970     0.43346572E-03 ) :: heat equation
ComputeChange: NS (ITER=2) (NRM,RELC): (  224.69968     0.62421019E-07 ) :: heat equation
ComputeChange: NS (ITER=3) (NRM,RELC): (  224.69968     0.15984862E-10 ) :: heat equation
MAIN: 
MAIN: -------------------------------------
MAIN: Time: 560/600:   5.600E+01
MAIN: Estimated time left: 33.7 seconds
MAIN: -------------------------------------
MAIN: 
ComputeChange: NS (ITER=1) (NRM,RELC): (  224.60259     0.43220817E-03 ) :: heat equation
ComputeChange: NS (ITER=2) (NRM,RELC): (  224.60257     0.61990680E-07 ) :: heat equation
ComputeChange: NS (ITER=3) (NRM,RELC): (  224.60257     0.15850806E-10 ) :: heat equation
MAIN: 
MAIN: -------------------------------------
MAIN: Time: 561/600:   5.610E+01
MAIN: Estimated time left: 31.6 seconds
MAIN: -------------------------------------
MAIN: 
ComputeChange: NS (ITER=1) (NRM,RELC): (  224.50580     0.43095953E-03 ) :: heat equation
ComputeChange: NS (ITER=2) (NRM,RELC): (  224.50579     0.61564822E-07 ) :: heat equation
ComputeChange: NS (ITER=3) (NRM,RELC): (  224.50579     0.15712433E-10 ) :: heat equation
MAIN: 
MAIN: -------------------------------------
MAIN: Time: 562/600:   5.620E+01
MAIN: Estimated time left: 29.8 seconds
MAIN: -------------------------------------
MAIN: 
ComputeChange: NS (ITER=1) (NRM,RELC): (  224.40933     0.42971965E-03 ) :: heat equation
ComputeChange: NS (ITER=2) (NRM,RELC): (  224.40932     0.61143549E-07 ) :: heat equation
ComputeChange: NS (ITER=3) (NRM,RELC): (  224.40932     0.15574298E-10 ) :: heat equation
MAIN: 
MAIN: -------------------------------------
MAIN: Time: 563/600:   5.630E+01
MAIN: Estimated time left: 29.1 seconds
MAIN: -------------------------------------
MAIN: 
ComputeChange: NS (ITER=1) (NRM,RELC): (  224.31318     0.42848840E-03 ) :: heat equation
ComputeChange: NS (ITER=2) (NRM,RELC): (  224.31317     0.60726863E-07 ) :: heat equation
ComputeChange: NS (ITER=3) (NRM,RELC): (  224.31317     0.15442611E-10 ) :: heat equation
MAIN: 
MAIN: -------------------------------------
MAIN: Time: 564/600:   5.640E+01
MAIN: Estimated time left: 27.8 seconds
MAIN: -------------------------------------
MAIN: 
ComputeChange: NS (ITER=1) (NRM,RELC): (  224.21735     0.42726563E-03 ) :: heat equation
ComputeChange: NS (ITER=2) (NRM,RELC): (  224.21733     0.60314629E-07 ) :: heat equation
ComputeChange: NS (ITER=3) (NRM,RELC): (  224.21733     0.15315607E-10 ) :: heat equation
MAIN: 
MAIN: -------------------------------------
MAIN: Time: 565/600:   5.650E+01
MAIN: Estimated time left: 27.2 seconds
MAIN: -------------------------------------
MAIN: 
ComputeChange: NS (ITER=1) (NRM,RELC): (  224.12183     0.42605123E-03 ) :: heat equation
ComputeChange: NS (ITER=2) (NRM,RELC): (  224.12181     0.59906527E-07 ) :: heat equation
ComputeChange: NS (ITER=3) (NRM,RELC): (  224.12181     0.15181625E-10 ) :: heat equation
MAIN: 
MAIN: -------------------------------------
MAIN: Time: 566/600:   5.660E+01
MAIN: Estimated time left: 26.2 seconds
MAIN: -------------------------------------
MAIN: 
ComputeChange: NS (ITER=1) (NRM,RELC): (  224.02662     0.42484505E-03 ) :: heat equation
ComputeChange: NS (ITER=2) (NRM,RELC): (  224.02660     0.59502650E-07 ) :: heat equation
ComputeChange: NS (ITER=3) (NRM,RELC): (  224.02660     0.15056389E-10 ) :: heat equation
MAIN: 
MAIN: -------------------------------------
MAIN: Time: 567/600:   5.670E+01
MAIN: Estimated time left: 25.4 seconds
MAIN: -------------------------------------
MAIN: 
ComputeChange: NS (ITER=1) (NRM,RELC): (  223.93171     0.42364699E-03 ) :: heat equation
ComputeChange: NS (ITER=2) (NRM,RELC): (  223.93170     0.58908934E-07 ) :: heat equation
ComputeChange: NS (ITER=3) (NRM,RELC): (  223.93170     0.18710806E-09 ) :: heat equation
MAIN: 
MAIN: -------------------------------------
MAIN: Time: 568/600:   5.680E+01
MAIN: Estimated time left: 26.0 seconds
MAIN: -------------------------------------
MAIN: 
ComputeChange: NS (ITER=1) (NRM,RELC): (  223.83712     0.42245692E-03 ) :: heat equation
ComputeChange: NS (ITER=2) (NRM,RELC): (  223.83711     0.58514106E-07 ) :: heat equation
ComputeChange: NS (ITER=3) (NRM,RELC): (  223.83711     0.18606582E-09 ) :: heat equation
MAIN: 
MAIN: -------------------------------------
MAIN: Time: 569/600:   5.690E+01
MAIN: Estimated time left: 24.6 seconds
MAIN: -------------------------------------
MAIN: 
ComputeChange: NS (ITER=1) (NRM,RELC): (  223.74283     0.42127472E-03 ) :: heat equation
ComputeChange: NS (ITER=2) (NRM,RELC): (  223.74282     0.58123064E-07 ) :: heat equation
ComputeChange: NS (ITER=3) (NRM,RELC): (  223.74282     0.18501799E-09 ) :: heat equation
MAIN: 
MAIN: -------------------------------------
MAIN: Time: 570/600:   5.700E+01
MAIN: Estimated time left: 23.1 seconds
MAIN: -------------------------------------
MAIN: 
ComputeChange: NS (ITER=1) (NRM,RELC): (  223.64884     0.42010027E-03 ) :: heat equation
ComputeChange: NS (ITER=2) (NRM,RELC): (  223.64883     0.57735957E-07 ) :: heat equation
ComputeChange: NS (ITER=3) (NRM,RELC): (  223.64883     0.18398581E-09 ) :: heat equation
MAIN: 
MAIN: -------------------------------------
MAIN: Time: 571/600:   5.710E+01
MAIN: Estimated time left: 23.2 seconds
MAIN: -------------------------------------
MAIN: 
ComputeChange: NS (ITER=1) (NRM,RELC): (  223.55515     0.41893348E-03 ) :: heat equation
ComputeChange: NS (ITER=2) (NRM,RELC): (  223.55514     0.57352613E-07 ) :: heat equation
ComputeChange: NS (ITER=3) (NRM,RELC): (  223.55514     0.18297210E-09 ) :: heat equation
MAIN: 
MAIN: -------------------------------------
MAIN: Time: 572/600:   5.720E+01
MAIN: Estimated time left: 21.8 seconds
MAIN: -------------------------------------
MAIN: 
ComputeChange: NS (ITER=1) (NRM,RELC): (  223.46177     0.41777423E-03 ) :: heat equation
ComputeChange: NS (ITER=2) (NRM,RELC): (  223.46175     0.56972986E-07 ) :: heat equation
ComputeChange: NS (ITER=3) (NRM,RELC): (  223.46175     0.18195564E-09 ) :: heat equation
MAIN: 
MAIN: -------------------------------------
MAIN: Time: 573/600:   5.730E+01
MAIN: Estimated time left: 21.3 seconds
MAIN: -------------------------------------
MAIN: 
ComputeChange: NS (ITER=1) (NRM,RELC): (  223.36867     0.41662241E-03 ) :: heat equation
ComputeChange: NS (ITER=2) (NRM,RELC): (  223.36866     0.56596924E-07 ) :: heat equation
ComputeChange: NS (ITER=3) (NRM,RELC): (  223.36866     0.18094623E-09 ) :: heat equation
MAIN: 
MAIN: -------------------------------------
MAIN: Time: 574/600:   5.740E+01
MAIN: Estimated time left: 21.3 seconds
MAIN: -------------------------------------
MAIN: 
ComputeChange: NS (ITER=1) (NRM,RELC): (  223.27588     0.41547793E-03 ) :: heat equation
ComputeChange: NS (ITER=2) (NRM,RELC): (  223.27586     0.56224440E-07 ) :: heat equation
ComputeChange: NS (ITER=3) (NRM,RELC): (  223.27586     0.17995026E-09 ) :: heat equation
MAIN: 
MAIN: -------------------------------------
MAIN: Time: 575/600:   5.750E+01
MAIN: Estimated time left: 19.8 seconds
MAIN: -------------------------------------
MAIN: 
ComputeChange: NS (ITER=1) (NRM,RELC): (  223.18337     0.41434069E-03 ) :: heat equation
ComputeChange: NS (ITER=2) (NRM,RELC): (  223.18336     0.55855384E-07 ) :: heat equation
ComputeChange: NS (ITER=3) (NRM,RELC): (  223.18336     0.17896468E-09 ) :: heat equation
MAIN: 
MAIN: -------------------------------------
MAIN: Time: 576/600:   5.760E+01
MAIN: Estimated time left: 18.8 seconds
MAIN: -------------------------------------
MAIN: 
ComputeChange: NS (ITER=1) (NRM,RELC): (  223.09115     0.41321058E-03 ) :: heat equation
ComputeChange: NS (ITER=2) (NRM,RELC): (  223.09114     0.55489842E-07 ) :: heat equation
ComputeChange: NS (ITER=3) (NRM,RELC): (  223.09114     0.17797793E-09 ) :: heat equation
MAIN: 
MAIN: -------------------------------------
MAIN: Time: 577/600:   5.770E+01
MAIN: Estimated time left: 17.9 seconds
MAIN: -------------------------------------
MAIN: 
ComputeChange: NS (ITER=1) (NRM,RELC): (  222.99923     0.41208753E-03 ) :: heat equation
ComputeChange: NS (ITER=2) (NRM,RELC): (  222.99922     0.55127594E-07 ) :: heat equation
ComputeChange: NS (ITER=3) (NRM,RELC): (  222.99922     0.17701409E-09 ) :: heat equation
MAIN: 
MAIN: -------------------------------------
MAIN: Time: 578/600:   5.780E+01
MAIN: Estimated time left: 17.4 seconds
MAIN: -------------------------------------
MAIN: 
ComputeChange: NS (ITER=1) (NRM,RELC): (  222.90759     0.41097143E-03 ) :: heat equation
ComputeChange: NS (ITER=2) (NRM,RELC): (  222.90758     0.54768858E-07 ) :: heat equation
ComputeChange: NS (ITER=3) (NRM,RELC): (  222.90758     0.17604783E-09 ) :: heat equation
MAIN: 
MAIN: -------------------------------------
MAIN: Time: 579/600:   5.790E+01
MAIN: Estimated time left: 16.6 seconds
MAIN: -------------------------------------
MAIN: 
ComputeChange: NS (ITER=1) (NRM,RELC): (  222.81623     0.40986219E-03 ) :: heat equation
ComputeChange: NS (ITER=2) (NRM,RELC): (  222.81622     0.54413490E-07 ) :: heat equation
ComputeChange: NS (ITER=3) (NRM,RELC): (  222.81622     0.17509458E-09 ) :: heat equation
MAIN: 
MAIN: -------------------------------------
MAIN: Time: 580/600:   5.800E+01
MAIN: Estimated time left: 15.5 seconds
MAIN: -------------------------------------
MAIN: 
ComputeChange: NS (ITER=1) (NRM,RELC): (  222.72516     0.40875974E-03 ) :: heat equation
ComputeChange: NS (ITER=2) (NRM,RELC): (  222.72515     0.54063990E-07 ) :: heat equation
ComputeChange: NS (ITER=3) (NRM,RELC): (  222.72515     0.17415653E-09 ) :: heat equation
MAIN: 
MAIN: -------------------------------------
MAIN: Time: 581/600:   5.810E+01
MAIN: Estimated time left: 15.2 seconds
MAIN: -------------------------------------
MAIN: 
ComputeChange: NS (ITER=1) (NRM,RELC): (  222.63437     0.40766399E-03 ) :: heat equation
ComputeChange: NS (ITER=2) (NRM,RELC): (  222.63436     0.53718048E-07 ) :: heat equation
ComputeChange: NS (ITER=3) (NRM,RELC): (  222.63436     0.17323933E-09 ) :: heat equation
MAIN: 
MAIN: -------------------------------------
MAIN: Time: 582/600:   5.820E+01
MAIN: Estimated time left: 14.2 seconds
MAIN: -------------------------------------
MAIN: 
ComputeChange: NS (ITER=1) (NRM,RELC): (  222.54386     0.40657485E-03 ) :: heat equation
ComputeChange: NS (ITER=2) (NRM,RELC): (  222.54385     0.53373140E-07 ) :: heat equation
ComputeChange: NS (ITER=3) (NRM,RELC): (  222.54385     0.17230047E-09 ) :: heat equation
MAIN: 
MAIN: -------------------------------------
MAIN: Time: 583/600:   5.830E+01
MAIN: Estimated time left: 13.5 seconds
MAIN: -------------------------------------
MAIN: 
ComputeChange: NS (ITER=1) (NRM,RELC): (  222.45363     0.40549226E-03 ) :: heat equation
ComputeChange: NS (ITER=2) (NRM,RELC): (  222.45361     0.53031379E-07 ) :: heat equation
ComputeChange: NS (ITER=3) (NRM,RELC): (  222.45361     0.17138159E-09 ) :: heat equation
MAIN: 
MAIN: -------------------------------------
MAIN: Time: 584/600:   5.840E+01
MAIN: Estimated time left: 12.7 seconds
MAIN: -------------------------------------
MAIN: 
ComputeChange: NS (ITER=1) (NRM,RELC): (  222.36367     0.40441612E-03 ) :: heat equation
ComputeChange: NS (ITER=2) (NRM,RELC): (  222.36366     0.52691769E-07 ) :: heat equation
ComputeChange: NS (ITER=3) (NRM,RELC): (  222.36366     0.17046329E-09 ) :: heat equation
MAIN: 
MAIN: -------------------------------------
MAIN: Time: 585/600:   5.850E+01
MAIN: Estimated time left: 12.2 seconds
MAIN: -------------------------------------
MAIN: 
ComputeChange: NS (ITER=1) (NRM,RELC): (  222.27399     0.40334636E-03 ) :: heat equation
ComputeChange: NS (ITER=2) (NRM,RELC): (  222.27397     0.52356475E-07 ) :: heat equation
ComputeChange: NS (ITER=3) (NRM,RELC): (  222.27397     0.16954851E-09 ) :: heat equation
MAIN: 
MAIN: -------------------------------------
MAIN: Time: 586/600:   5.860E+01
MAIN: Estimated time left: 13.2 seconds
MAIN: -------------------------------------
MAIN: 
ComputeChange: NS (ITER=1) (NRM,RELC): (  222.18457     0.40228290E-03 ) :: heat equation
ComputeChange: NS (ITER=2) (NRM,RELC): (  222.18456     0.52026207E-07 ) :: heat equation
ComputeChange: NS (ITER=3) (NRM,RELC): (  222.18456     0.16865939E-09 ) :: heat equation
MAIN: 
MAIN: -------------------------------------
MAIN: Time: 587/600:   5.870E+01
MAIN: Estimated time left: 10.8 seconds
MAIN: -------------------------------------
MAIN: 
ComputeChange: NS (ITER=1) (NRM,RELC): (  222.09543     0.40122568E-03 ) :: heat equation
ComputeChange: NS (ITER=2) (NRM,RELC): (  222.09542     0.51699822E-07 ) :: heat equation
ComputeChange: NS (ITER=3) (NRM,RELC): (  222.09542     0.16777076E-09 ) :: heat equation
MAIN: 
MAIN: -------------------------------------
MAIN: Time: 588/600:   5.880E+01
MAIN: Estimated time left:  9.8 seconds
MAIN: -------------------------------------
MAIN: 
ComputeChange: NS (ITER=1) (NRM,RELC): (  222.00656     0.40017462E-03 ) :: heat equation
ComputeChange: NS (ITER=2) (NRM,RELC): (  222.00655     0.51380601E-07 ) :: heat equation
ComputeChange: NS (ITER=3) (NRM,RELC): (  222.00655     0.16693600E-09 ) :: heat equation
MAIN: 
MAIN: -------------------------------------
MAIN: Time: 589/600:   5.890E+01
MAIN: Estimated time left:  9.1 seconds
MAIN: -------------------------------------
MAIN: 
ComputeChange: NS (ITER=1) (NRM,RELC): (  221.91796     0.39912967E-03 ) :: heat equation
ComputeChange: NS (ITER=2) (NRM,RELC): (  221.91795     0.51063324E-07 ) :: heat equation
ComputeChange: NS (ITER=3) (NRM,RELC): (  221.91795     0.16609628E-09 ) :: heat equation
MAIN: 
MAIN: -------------------------------------
MAIN: Time: 590/600:   5.900E+01
MAIN: Estimated time left:  8.2 seconds
MAIN: -------------------------------------
MAIN: 
ComputeChange: NS (ITER=1) (NRM,RELC): (  221.82962     0.39809074E-03 ) :: heat equation
ComputeChange: NS (ITER=2) (NRM,RELC): (  221.82961     0.50745916E-07 ) :: heat equation
ComputeChange: NS (ITER=3) (NRM,RELC): (  221.82961     0.16523557E-09 ) :: heat equation
MAIN: 
MAIN: -------------------------------------
MAIN: Time: 591/600:   5.910E+01
MAIN: Estimated time left:  7.8 seconds
MAIN: -------------------------------------
MAIN: 
ComputeChange: NS (ITER=1) (NRM,RELC): (  221.74155     0.39705777E-03 ) :: heat equation
ComputeChange: NS (ITER=2) (NRM,RELC): (  221.74154     0.50430024E-07 ) :: heat equation
ComputeChange: NS (ITER=3) (NRM,RELC): (  221.74154     0.16437283E-09 ) :: heat equation
MAIN: 
MAIN: -------------------------------------
MAIN: Time: 592/600:   5.920E+01
MAIN: Estimated time left:  7.7 seconds
MAIN: -------------------------------------
MAIN: 
ComputeChange: NS (ITER=1) (NRM,RELC): (  221.65374     0.39603069E-03 ) :: heat equation
ComputeChange: NS (ITER=2) (NRM,RELC): (  221.65373     0.50113447E-07 ) :: heat equation
ComputeChange: NS (ITER=3) (NRM,RELC): (  221.65373     0.16350293E-09 ) :: heat equation
MAIN: 
MAIN: -------------------------------------
MAIN: Time: 593/600:   5.930E+01
MAIN: Estimated time left:  6.3 seconds
MAIN: -------------------------------------
MAIN: 
ComputeChange: NS (ITER=1) (NRM,RELC): (  221.56619     0.39500943E-03 ) :: heat equation
ComputeChange: NS (ITER=2) (NRM,RELC): (  221.56618     0.49798990E-07 ) :: heat equation
ComputeChange: NS (ITER=3) (NRM,RELC): (  221.56618     0.16264612E-09 ) :: heat equation
MAIN: 
MAIN: -------------------------------------
MAIN: Time: 594/600:   5.940E+01
MAIN: Estimated time left:  5.5 seconds
MAIN: -------------------------------------
MAIN: 
ComputeChange: NS (ITER=1) (NRM,RELC): (  221.47890     0.39399394E-03 ) :: heat equation
ComputeChange: NS (ITER=2) (NRM,RELC): (  221.47889     0.49487083E-07 ) :: heat equation
ComputeChange: NS (ITER=3) (NRM,RELC): (  221.47889     0.16179076E-09 ) :: heat equation
MAIN: 
MAIN: -------------------------------------
MAIN: Time: 595/600:   5.950E+01
MAIN: Estimated time left:  4.7 seconds
MAIN: -------------------------------------
MAIN: 
ComputeChange: NS (ITER=1) (NRM,RELC): (  221.39187     0.39298414E-03 ) :: heat equation
ComputeChange: NS (ITER=2) (NRM,RELC): (  221.39186     0.49177828E-07 ) :: heat equation
ComputeChange: NS (ITER=3) (NRM,RELC): (  221.39186     0.16093736E-09 ) :: heat equation
MAIN: 
MAIN: -------------------------------------
MAIN: Time: 596/600:   5.960E+01
MAIN: Estimated time left:  3.9 seconds
MAIN: -------------------------------------
MAIN: 
ComputeChange: NS (ITER=1) (NRM,RELC): (  221.30509     0.39197999E-03 ) :: heat equation
ComputeChange: NS (ITER=2) (NRM,RELC): (  221.30508     0.48871298E-07 ) :: heat equation
ComputeChange: NS (ITER=3) (NRM,RELC): (  221.30508     0.16009403E-09 ) :: heat equation
MAIN: 
MAIN: -------------------------------------
MAIN: Time: 597/600:   5.970E+01
MAIN: Estimated time left:  3.1 seconds
MAIN: -------------------------------------
MAIN: 
ComputeChange: NS (ITER=1) (NRM,RELC): (  221.21857     0.39098143E-03 ) :: heat equation
ComputeChange: NS (ITER=2) (NRM,RELC): (  221.21856     0.48567281E-07 ) :: heat equation
ComputeChange: NS (ITER=3) (NRM,RELC): (  221.21856     0.15925627E-09 ) :: heat equation
MAIN: 
MAIN: -------------------------------------
MAIN: Time: 598/600:   5.980E+01
MAIN: Estimated time left:  2.2 seconds
MAIN: -------------------------------------
MAIN: 
ComputeChange: NS (ITER=1) (NRM,RELC): (  221.13231     0.38998838E-03 ) :: heat equation
ComputeChange: NS (ITER=2) (NRM,RELC): (  221.13230     0.48265777E-07 ) :: heat equation
ComputeChange: NS (ITER=3) (NRM,RELC): (  221.13230     0.15842628E-09 ) :: heat equation
MAIN: 
MAIN: -------------------------------------
MAIN: Time: 599/600:   5.990E+01
MAIN: Estimated time left:  1.6 seconds
MAIN: -------------------------------------
MAIN: 
ComputeChange: NS (ITER=1) (NRM,RELC): (  221.04629     0.38900081E-03 ) :: heat equation
ComputeChange: NS (ITER=2) (NRM,RELC): (  221.04628     0.47966772E-07 ) :: heat equation
ComputeChange: NS (ITER=3) (NRM,RELC): (  221.04628     0.15759714E-09 ) :: heat equation
MAIN: 
MAIN: -------------------------------------
MAIN: Time: 600/600:   6.000E+01
MAIN: -------------------------------------
MAIN: 
ComputeChange: NS (ITER=1) (NRM,RELC): (  220.96053     0.38801865E-03 ) :: heat equation
ComputeChange: NS (ITER=2) (NRM,RELC): (  220.96052     0.47670167E-07 ) :: heat equation
ComputeChange: NS (ITER=3) (NRM,RELC): (  220.96052     0.15677927E-09 ) :: heat equation
REF time=  60.000 max=   324.675 energy residual=  4.2293E+00
MAIN: *** Elmer Solver: ALL DONE ***
MAIN: The end
SOLVER TOTAL TIME(CPU,REAL):       834.15      834.15
ELMER SOLVER FINISHED AT: 2026/09/08 09:08:16
