$MeshFormat
4.1 0 8
$EndMeshFormat
$Entities
108 169 63 1
1 38.690991823809 -13.56492357847 0 0 
2 41 -1.004210375301e-14 0 0 
3 38.690991823809 13.564923578477 0 0 
4 37 11.588939280197 0 0 
5 37 -11.58893928019 0 0 
6 39 -13.58893928019 0 0 
7 72.98 -13.58893928019 0 0 
8 73.767955493762 -13.42717923728 0 0 
9 74.98 -1.806418589701e-14 0 0 
10 73.767955493762 13.427179237289 0 0 
11 72.98 13.588939280197 0 0 
12 39 13.588939280197 0 0 
13 30.370677868219 27.543092161645 0 0 
14 27.543092161645 30.370677868219 0 0 
15 13.564923578477 38.690991823809 0 0 
16 11.588939280197 37 0 0 
17 -11.58893928019 37 0 0 
18 -13.56492357847 38.690991823809 0 0 
19 -27.54309216164 30.370677868219 0 0 
20 -30.37067786821 27.543092161645 0 0 
21 -38.6909918238 13.564923578477 0 0 
22 -37 11.588939280197 0 0 
23 -37 -11.58893928019 0 0 
24 -38.6909918238 -13.56492357847 0 0 
25 -30.37067786821 -27.54309216164 0 0 
26 -27.54309216164 -30.37067786821 0 0 
27 -13.56492357847 -38.6909918238 0 0 
28 -11.58893928019 -37 0 0 
29 11.588939280197 -37 0 0 
30 13.564923578477 -38.6909918238 0 0 
31 27.543092161645 -30.37067786821 0 0 
32 30.370677868219 -27.54309216164 0 0 
33 20 -4.898587196589e-15 0 0 
34 38.690991823809 13.564923578477 12 0 
35 39 13.588939280197 12 0 
36 72.98 13.588939280197 12 0 
37 73.767955493762 13.427179237289 12 0 
38 74.98 -1.806418589701e-14 12 0 
39 73.767955493762 -13.42717923728 12 0 
40 72.98 -13.58893928019 12 0 
41 39 -13.58893928019 12 0 
42 38.690991823809 -13.56492357847 12 0 
43 30.370677868219 -27.54309216164 12 0 
44 27.543092161645 -30.37067786821 12 0 
45 13.564923578477 -38.6909918238 12 0 
46 -27.54309216164 -30.37067786821 12 0 
47 -13.56492357847 -38.6909918238 12 0 
48 -30.37067786821 -27.54309216164 12 0 
49 -38.6909918238 -13.56492357847 12 0 
50 -30.37067786821 27.543092161645 12 0 
51 -38.6909918238 13.564923578477 12 0 
52 -27.54309216164 30.370677868219 12 0 
53 -13.56492357847 38.690991823809 12 0 
54 27.543092161645 30.370677868219 12 0 
55 13.564923578477 38.690991823809 12 0 
56 30.370677868219 27.543092161645 12 0 
57 20 -4.898587196589e-15 12 0 
58 41 -1.004210375301e-14 12 0 
59 37 -11.58893928019 12 0 
60 37 11.588939280197 12 0 
61 11.588939280197 37 12 0 
62 -11.58893928019 37 12 0 
63 -37 11.588939280197 12 0 
64 -37 -11.58893928019 12 0 
65 -11.58893928019 -37 12 0 
66 11.588939280197 -37 12 0 
67 13.588939280197 -39 12 0 
68 13.588939280197 -39 0 0 
69 -13.58893928019 -39 0 0 
70 -13.58893928019 -72.98 0 0 
71 -13.42717923728 -73.76795549376 0 0 
72 -1.59872115546e-14 -74.98 0 0 
73 13.427179237289 -73.76795549376 0 0 
74 13.588939280197 -72.98 0 0 
75 -13.58893928019 -39 12 0 
76 -39 -13.58893928019 12 0 
77 -39 -13.58893928019 0 0 
78 -39 13.588939280197 0 0 
79 -72.98 13.588939280197 0 0 
80 -73.76795549376 13.427179237289 0 0 
81 -74.98 8.881784197001e-15 0 0 
82 -73.76795549376 -13.42717923728 0 0 
83 -72.98 -13.58893928019 0 0 
84 -39 13.588939280197 12 0 
85 -13.58893928019 39 12 0 
86 -13.58893928019 39 0 0 
87 13.588939280197 39 0 0 
88 13.588939280197 72.98 0 0 
89 13.427179237289 73.767955493762 0 0 
90 8.881784197001e-15 74.98 0 0 
91 -13.42717923728 73.767955493762 0 0 
92 -13.58893928019 72.98 0 0 
93 13.588939280197 39 12 0 
94 -13.58893928019 -72.98 12 0 
95 -13.42717923728 -73.76795549376 12 0 
96 -1.59872115546e-14 -74.98 12 0 
97 13.427179237289 -73.76795549376 12 0 
98 13.588939280197 -72.98 12 0 
99 -72.98 13.588939280197 12 0 
100 -73.76795549376 13.427179237289 12 0 
101 -74.98 8.881784197001e-15 12 0 
102 -73.76795549376 -13.42717923728 12 0 
103 -72.98 -13.58893928019 12 0 
104 13.588939280197 72.98 12 0 
105 13.427179237289 73.767955493762 12 0 
106 8.881784197001e-15 74.98 12 0 
107 -13.42717923728 73.767955493762 12 0 
108 -13.58893928019 72.98 12 0 
1 38.69099172381145 -13.56492367847088 -1e-07 41.0000001 9.999998962229029e-08 1e-07 0 2 1 -2 
2 38.69099172380927 -1.000000002804313e-07 -1e-07 41.0000001 13.5649236784771 1e-07 0 2 2 -3 
3 36.9999999 11.588939180197 -1e-07 38.69099192380908 13.56492367847651 1e-07 0 2 4 -3 
4 36.9999999 -11.58893938019 -1e-07 37.0000001 11.588939380197 1e-07 0 2 5 -4 
5 36.9999999 -13.56492367846951 -1e-07 38.69099192380908 -11.58893918019 1e-07 0 2 5 -1 
6 38.69099172380908 -13.58893938019 -1e-07 39.0000001 -13.56492347846951 1e-07 0 2 1 -6 
7 38.9999999 -13.58893938019 -1e-07 72.9800001 -13.58893918019 1e-07 0 2 6 -7 
8 72.97999990000001 -13.58893938019 -1e-07 73.76795559376279 -13.42717913728185 1e-07 0 2 8 -7 
9 73.767955393764 -13.42717933728041 -1e-07 74.9800001 9.999998162868451e-08 1e-07 0 2 8 -9 
10 73.76795539376243 -1.000000002804313e-07 -1e-07 74.9800001 13.42717933728908 1e-07 0 2 9 -10 
11 72.97999990000001 13.42717913728916 -1e-07 73.76795559376207 13.588939380197 1e-07 0 2 10 -11 
12 38.9999999 13.588939180197 -1e-07 72.9800001 13.588939380197 1e-07 0 2 12 -11 
13 38.69099172380908 13.56492347847651 -1e-07 39.0000001 13.588939380197 1e-07 0 2 3 -12 
14 30.37067776821902 13.5649234784771 -1e-07 38.69099192380927 27.54309226164502 1e-07 0 2 3 -13 
15 26.991377928648 26.991377928648 -1e-07 30.37067796821879 30.37067796821879 1e-07 0 2 14 -13 
16 13.56492347847709 30.37067776821902 -1e-07 27.54309226164502 38.69099192380927 1e-07 0 2 14 -15 
17 11.588939180197 36.9999999 -1e-07 13.56492367847651 38.69099192380908 1e-07 0 2 16 -15 
18 -11.58893938019 36.9999999 -1e-07 11.588939380197 37.0000001 1e-07 0 2 16 -17 
19 -13.56492367846951 36.9999999 -1e-07 -11.58893918019 38.69099192380908 1e-07 0 2 17 -18 
20 -27.54309226164227 30.37067776822151 -1e-07 -13.56492347847086 38.69099192381147 1e-07 0 2 18 -19 
21 -30.37067796821027 26.991377928648 -1e-07 -26.99137792864 30.37067796822029 1e-07 0 2 20 -19 
22 -38.69099192380828 13.56492347847992 -1e-07 -30.37067776821496 27.5430922616495 1e-07 0 2 20 -21 
23 -38.69099192380029 11.588939180197 -1e-07 -36.9999999 13.56492367847513 1e-07 0 2 22 -21 
24 -37.0000001 -11.58893938019 -1e-07 -36.9999999 11.588939380197 1e-07 0 2 22 -23 
25 -38.69099192380029 -13.56492367846813 -1e-07 -36.9999999 -11.58893918019 1e-07 0 2 23 -24 
26 -38.69099192381048 -27.54309226164675 -1e-07 -30.37067776821745 -13.56492347847367 1e-07 0 2 24 -25 
27 -30.37067796821177 -30.37067796821177 -1e-07 -26.99137792864 -26.99137792864 1e-07 0 2 26 -25 
28 -27.54309226164676 -38.69099192381046 -1e-07 -13.5649234784737 -30.37067776821744 1e-07 0 2 26 -27 
29 -13.56492367846813 -38.69099192380029 -1e-07 -11.58893918019 -36.9999999 1e-07 0 2 28 -27 
30 -11.58893938019 -37.00000010000001 -1e-07 11.588939380197 -36.9999999 1e-07 0 2 28 -29 
31 11.588939180197 -38.69099192380029 -1e-07 13.56492367847513 -36.9999999 1e-07 0 2 29 -30 
32 13.5649234784799 -38.69099192380829 -1e-07 27.54309226164949 -30.37067776821497 1e-07 0 2 30 -31 
33 26.991377928648 -30.37067796821027 -1e-07 30.37067796822029 -26.99137792864 1e-07 0 2 32 -31 
34 30.37067776822152 -27.54309226164227 -1e-07 38.69099192381145 -13.56492347847088 1e-07 0 2 32 -1 
35 -20.0000001 -20.0000001 -1e-07 20.0000001 20.0000001 1e-07 0 2 33 -33 
36 38.69099172380908 13.56492347847651 11.9999999 39.0000001 13.588939380197 12.0000001 0 2 34 -35 
37 38.9999999 13.588939180197 -1.000000002804313e-07 39.0000001 13.588939380197 12.0000001 0 2 12 -35 
38 38.69099172381 13.564923478476 -1.000000002804313e-07 38.69099192381 13.564923678476 12.0000001 0 2 3 -34 
39 38.9999999 13.588939180197 11.9999999 72.9800001 13.588939380197 12.0000001 0 2 35 -36 
40 72.97999990000001 13.588939180197 -1.000000002804313e-07 72.9800001 13.588939380197 12.0000001 0 2 11 -36 
41 73.76795539376201 13.427179137289 -1.000000002804313e-07 73.767955593762 13.427179337289 12.0000001 0 2 10 -37 
42 72.97999990000001 13.42717913728916 11.9999999 73.76795559376207 13.588939380197 12.0000001 0 2 37 -36 
43 73.76795539376243 -1.000000002804313e-07 11.9999999 74.9800001 13.42717933728908 12.0000001 0 2 38 -37 
44 74.97999990000001 -1.000000183648034e-07 -1.000000002804313e-07 74.9800001 9.999998163519659e-08 12.0000001 0 2 9 -38 
45 73.767955393764 -13.42717933728041 11.9999999 74.9800001 9.999998162868451e-08 12.0000001 0 2 39 -38 
46 73.76795539376201 -13.42717933728 -1.000000002804313e-07 73.767955593762 -13.42717913728 12.0000001 0 2 8 -39 
47 72.97999990000001 -13.58893938019 11.9999999 73.76795559376279 -13.42717913728185 12.0000001 0 2 39 -40 
48 72.97999990000001 -13.58893938019 -1.000000002804313e-07 72.9800001 -13.58893918019 12.0000001 0 2 7 -40 
49 38.9999999 -13.58893938019 -1.000000002804313e-07 39.0000001 -13.58893918019 12.0000001 0 2 6 -41 
50 38.9999999 -13.58893938019 11.9999999 72.9800001 -13.58893918019 12.0000001 0 2 41 -40 
51 38.69099172381 -13.56492367847 -1.000000002804313e-07 38.69099192381 -13.56492347847 12.0000001 0 2 1 -42 
52 38.69099172380908 -13.58893938019 11.9999999 39.0000001 -13.56492347846951 12.0000001 0 2 42 -41 
53 30.37067776822152 -27.54309226164227 11.9999999 38.69099192381145 -13.56492347847088 12.0000001 0 2 43 -42 
54 30.370677768219 -27.54309226164 -1.000000002804313e-07 30.370677968219 -27.54309206164 12.0000001 0 2 32 -43 
55 27.543092061645 -30.37067796821 -1.000000002804313e-07 27.543092261645 -30.37067776821 12.0000001 0 2 31 -44 
56 26.991377928648 -30.37067796821027 11.9999999 30.37067796822029 -26.99137792864 12.0000001 0 2 43 -44 
57 13.5649234784799 -38.69099192380829 11.9999999 27.54309226164949 -30.37067776821497 12.0000001 0 2 45 -44 
58 13.564923478476 -38.69099192381 -1.000000002804313e-07 13.564923678476 -38.69099172381 12.0000001 0 2 30 -45 
59 -13.5649236784737 -41.0000001 -1e-07 13.5649236784799 -38.69099172380829 1e-07 0 2 27 -30 
60 -27.54309226164676 -38.69099192381046 11.9999999 -13.5649234784737 -30.37067776821744 12.0000001 0 2 46 -47 
61 -27.54309226164 -30.37067796821 -1.000000002804313e-07 -27.54309206164 -30.37067776821 12.0000001 0 2 26 -46 
62 -13.56492367847 -38.69099192381 -1.000000002804313e-07 -13.56492347847 -38.69099172381 12.0000001 0 2 27 -47 
63 -30.37067796821 -27.54309226164 -1.000000002804313e-07 -30.37067776821 -27.54309206164 12.0000001 0 2 25 -48 
64 -30.37067796821177 -30.37067796821177 11.9999999 -26.99137792864 -26.99137792864 12.0000001 0 2 46 -48 
65 -38.69099192381048 -27.54309226164675 11.9999999 -30.37067776821745 -13.56492347847367 12.0000001 0 2 49 -48 
66 -38.69099192381 -13.56492367847 -1.000000002804313e-07 -38.69099172381 -13.56492347847 12.0000001 0 2 24 -49 
67 -41.0000001 -13.56492367847367 -1e-07 -38.69099172380828 13.56492367847991 1e-07 0 2 21 -24 
68 -38.69099192380828 13.56492347847992 11.9999999 -30.37067776821496 27.5430922616495 12.0000001 0 2 50 -51 
69 -30.37067796821 27.543092061645 -1.000000002804313e-07 -30.37067776821 27.543092261645 12.0000001 0 2 20 -50 
70 -38.69099192381 13.564923478476 -1.000000002804313e-07 -38.69099172381 13.564923678476 12.0000001 0 2 21 -51 
71 -27.54309226164 30.370677768219 -1.000000002804313e-07 -27.54309206164 30.370677968219 12.0000001 0 2 19 -52 
72 -30.37067796821027 26.991377928648 11.9999999 -26.99137792864 30.37067796822029 12.0000001 0 2 50 -52 
73 -27.54309226164227 30.37067776822151 11.9999999 -13.56492347847086 38.69099192381147 12.0000001 0 2 53 -52 
74 -13.56492367847 38.69099172381 -1.000000002804313e-07 -13.56492347847 38.69099192381 12.0000001 0 2 18 -53 
75 -13.56492367847086 38.69099172380927 -1e-07 13.56492367847709 41.0000001 1e-07 0 2 15 -18 
76 13.56492347847709 30.37067776821902 11.9999999 27.54309226164502 38.69099192380927 12.0000001 0 2 54 -55 
77 27.543092061645 30.370677768219 -1.000000002804313e-07 27.543092261645 30.370677968219 12.0000001 0 2 14 -54 
78 13.564923478476 38.69099172381 -1.000000002804313e-07 13.564923678476 38.69099192381 12.0000001 0 2 15 -55 
79 30.370677768219 27.543092061645 -1.000000002804313e-07 30.370677968219 27.543092261645 12.0000001 0 2 13 -56 
80 26.991377928648 26.991377928648 11.9999999 30.37067796821879 30.37067796821879 12.0000001 0 2 54 -56 
81 30.37067776821902 13.5649234784771 11.9999999 38.69099192380927 27.54309226164502 12.0000001 0 2 34 -56 
82 -20.0000001 -20.0000001 11.9999999 20.0000001 20.0000001 12.0000001 0 2 57 -57 
83 19.9999999 -1.000000048985872e-07 -1.000000002804313e-07 20.0000001 9.99999951014128e-08 12.0000001 0 2 33 -57 
84 38.69099172381145 -13.56492367847088 11.9999999 41.0000001 9.999998962229029e-08 12.0000001 0 2 42 -58 
85 38.69099172380927 -1.000000002804313e-07 11.9999999 41.0000001 13.5649236784771 12.0000001 0 2 58 -34 
86 36.9999999 -13.56492367846951 11.9999999 38.69099192380908 -11.58893918019 12.0000001 0 2 59 -42 
87 36.9999999 -11.58893938019 11.9999999 37.0000001 11.588939380197 12.0000001 0 2 59 -60 
88 36.9999999 11.588939180197 11.9999999 38.69099192380908 13.56492367847651 12.0000001 0 2 60 -34 
89 11.588939180197 36.9999999 11.9999999 13.56492367847651 38.69099192380908 12.0000001 0 2 61 -55 
90 -11.58893938019 36.9999999 11.9999999 11.588939380197 37.0000001 12.0000001 0 2 61 -62 
91 -13.56492367846951 36.9999999 11.9999999 -11.58893918019 38.69099192380908 12.0000001 0 2 62 -53 
92 -38.69099192380029 11.588939180197 11.9999999 -36.9999999 13.56492367847513 12.0000001 0 2 63 -51 
93 -37.0000001 -11.58893938019 11.9999999 -36.9999999 11.588939380197 12.0000001 0 2 63 -64 
94 -38.69099192380029 -13.56492367846813 11.9999999 -36.9999999 -11.58893918019 12.0000001 0 2 64 -49 
95 -13.56492367846813 -38.69099192380029 11.9999999 -11.58893918019 -36.9999999 12.0000001 0 2 65 -47 
96 -11.58893938019 -37.00000010000001 11.9999999 11.588939380197 -36.9999999 12.0000001 0 2 65 -66 
97 11.588939180197 -38.69099192380029 11.9999999 13.56492367847513 -36.9999999 12.0000001 0 2 66 -45 
98 13.56492347847513 -39.0000001 11.9999999 13.588939380197 -38.69099172380029 12.0000001 0 2 45 -67 
99 13.588939180197 -39.0000001 -1.000000002804313e-07 13.588939380197 -38.9999999 12.0000001 0 2 68 -67 
100 13.56492347847513 -39.0000001 -1e-07 13.588939380197 -38.69099172380029 1e-07 0 2 30 -68 
101 -13.58893938019 -39.0000001 -1e-07 -13.56492347846813 -38.69099172380029 1e-07 0 2 27 -69 
102 -13.58893938019001 -72.9800001 -1e-07 -13.58893918019 -38.9999999 1e-07 0 2 69 -70 
103 -13.58893938019 -73.7679555937611 -1e-07 -13.42717913728257 -72.97999990000001 1e-07 0 2 71 -70 
104 -13.42717933728074 -74.9800001 -1e-07 9.999998606957661e-08 -73.76795539376394 1e-07 0 2 71 -72 
105 -1.000000136031076e-07 -74.9800001 -1e-07 13.42717933728942 -73.76795539376236 1e-07 0 2 72 -73 
106 13.42717913728988 -73.76795559376038 -1e-07 13.588939380197 -72.97999990000001 1e-07 0 2 73 -74 
107 13.58893918019699 -72.9800001 -1e-07 13.588939380197 -38.9999999 1e-07 0 2 68 -74 
108 -13.58893938019 -39.0000001 -1.000000002804313e-07 -13.58893918019 -38.9999999 12.0000001 0 2 69 -75 
109 -13.58893938019 -39.0000001 11.9999999 -13.56492347846813 -38.69099172380029 12.0000001 0 2 47 -75 
110 -39.0000001 -13.58893938019 11.9999999 -38.69099172380029 -13.56492347846813 12.0000001 0 2 49 -76 
111 -39.0000001 -13.58893938019 -1.000000002804313e-07 -38.9999999 -13.58893918019 12.0000001 0 2 77 -76 
112 -39.0000001 -13.58893938019 -1e-07 -38.69099172380029 -13.56492347846813 1e-07 0 2 24 -77 
113 -39.0000001 13.56492347847513 -1e-07 -38.69099172380029 13.588939380197 1e-07 0 2 21 -78 
114 -72.9800001 13.588939180197 -1e-07 -38.9999999 13.588939380197 1e-07 0 2 78 -79 
115 -73.76795559376038 13.42717913728988 -1e-07 -72.97999990000001 13.588939380197 1e-07 0 2 80 -79 
116 -74.9800001 -9.999999051046871e-08 -1e-07 -73.76795539376236 13.42717933728945 1e-07 0 2 80 -81 
117 -74.9800001 -13.42717933728071 -1e-07 -73.76795539376396 1.000000091622155e-07 1e-07 0 2 81 -82 
118 -73.7679555937611 -13.58893938019 -1e-07 -72.97999990000001 -13.42717913728257 1e-07 0 2 82 -83 
119 -72.9800001 -13.58893938019 -1e-07 -38.9999999 -13.58893918019 1e-07 0 2 77 -83 
120 -39.0000001 13.588939180197 -1.000000002804313e-07 -38.9999999 13.588939380197 12.0000001 0 2 78 -84 
121 -39.0000001 13.56492347847513 11.9999999 -38.69099172380029 13.588939380197 12.0000001 0 2 51 -84 
122 -13.58893938019 38.69099172380908 11.9999999 -13.56492347846951 39.0000001 12.0000001 0 2 53 -85 
123 -13.58893938019 38.9999999 -1.000000002804313e-07 -13.58893918019 39.0000001 12.0000001 0 2 86 -85 
124 -13.58893938019 38.69099172380908 -1e-07 -13.56492347846951 39.0000001 1e-07 0 2 18 -86 
125 13.56492347847651 38.69099172380908 -1e-07 13.588939380197 39.0000001 1e-07 0 2 15 -87 
126 13.588939180197 38.9999999 -1e-07 13.588939380197 72.9800001 1e-07 0 2 87 -88 
127 13.42717913728916 72.97999990000001 -1e-07 13.588939380197 73.76795559376207 1e-07 0 2 89 -88 
128 -9.999999583953922e-08 73.76795539376243 -1e-07 13.42717933728908 74.9800001 1e-07 0 2 89 -90 
129 -13.42717933728036 73.76795539376403 -1e-07 1.000000047213234e-07 74.9800001 1e-07 0 2 90 -91 
130 -13.58893938019 72.97999990000001 -1e-07 -13.42717913728185 73.76795559376279 1e-07 0 2 91 -92 
131 -13.58893938019 38.9999999 -1e-07 -13.58893918019 72.9800001 1e-07 0 2 86 -92 
132 13.588939180197 38.9999999 -1.000000002804313e-07 13.588939380197 39.0000001 12.0000001 0 2 87 -93 
133 13.56492347847651 38.69099172380908 11.9999999 13.588939380197 39.0000001 12.0000001 0 2 55 -93 
134 -13.5649236784737 -41.0000001 11.9999999 13.5649236784799 -38.69099172380829 12.0000001 0 2 47 -45 
135 -41.0000001 -13.56492367847367 11.9999999 -38.69099172380828 13.56492367847991 12.0000001 0 2 51 -49 
136 -13.56492367847086 38.69099172380927 11.9999999 13.56492367847709 41.0000001 12.0000001 0 2 55 -53 
137 -13.58893938019001 -72.9800001 11.9999999 -13.58893918019 -38.9999999 12.0000001 0 2 75 -94 
138 -13.58893938019 -73.7679555937611 11.9999999 -13.42717913728257 -72.97999990000001 12.0000001 0 2 95 -94 
139 -13.42717933728074 -74.9800001 11.9999999 9.999998606957661e-08 -73.76795539376394 12.0000001 0 2 95 -96 
140 -1.000000136031076e-07 -74.9800001 11.9999999 13.42717933728942 -73.76795539376236 12.0000001 0 2 96 -97 
141 13.42717913728988 -73.76795559376038 11.9999999 13.588939380197 -72.97999990000001 12.0000001 0 2 97 -98 
142 13.58893918019699 -72.9800001 11.9999999 13.588939380197 -38.9999999 12.0000001 0 2 67 -98 
143 13.588939180197 -72.9800001 -1.000000002804313e-07 13.588939380197 -72.97999990000001 12.0000001 0 2 74 -98 
144 13.427179137289 -73.76795559375999 -1.000000002804313e-07 13.427179337289 -73.76795539376 12.0000001 0 2 73 -97 
145 -1.000000166489045e-07 -74.9800001 -1.000000002804313e-07 9.999998335109551e-08 -74.97999990000001 12.0000001 0 2 72 -96 
146 -13.42717933728 -73.76795559375999 -1.000000002804313e-07 -13.42717913728 -73.76795539376 12.0000001 0 2 71 -95 
147 -13.58893938019 -72.9800001 -1.000000002804313e-07 -13.58893918019 -72.97999990000001 12.0000001 0 2 70 -94 
148 -72.9800001 13.588939180197 11.9999999 -38.9999999 13.588939380197 12.0000001 0 2 84 -99 
149 -73.76795559376038 13.42717913728988 11.9999999 -72.97999990000001 13.588939380197 12.0000001 0 2 100 -99 
150 -74.9800001 -9.999999051046871e-08 11.9999999 -73.76795539376236 13.42717933728945 12.0000001 0 2 100 -101 
151 -74.9800001 -13.42717933728071 11.9999999 -73.76795539376396 1.000000091622155e-07 12.0000001 0 2 101 -102 
152 -73.7679555937611 -13.58893938019 11.9999999 -72.97999990000001 -13.42717913728257 12.0000001 0 2 102 -103 
153 -72.9800001 -13.58893938019 11.9999999 -38.9999999 -13.58893918019 12.0000001 0 2 76 -103 
154 -72.9800001 -13.58893938019 -1.000000002804313e-07 -72.97999990000001 -13.58893918019 12.0000001 0 2 83 -103 
155 -73.76795559375999 -13.42717933728 -1.000000002804313e-07 -73.76795539376 -13.42717913728 12.0000001 0 2 82 -102 
156 -74.9800001 -9.99999908175983e-08 -1.000000002804313e-07 -74.97999990000001 1.000000091824017e-07 12.0000001 0 2 81 -101 
157 -73.76795559375999 13.427179137289 -1.000000002804313e-07 -73.76795539376 13.427179337289 12.0000001 0 2 80 -100 
158 -72.9800001 13.588939180197 -1.000000002804313e-07 -72.97999990000001 13.588939380197 12.0000001 0 2 79 -99 
159 13.588939180197 38.9999999 11.9999999 13.588939380197 72.9800001 12.0000001 0 2 93 -104 
160 13.42717913728916 72.97999990000001 11.9999999 13.588939380197 73.76795559376207 12.0000001 0 2 105 -104 
161 -9.999999583953922e-08 73.76795539376243 11.9999999 13.42717933728908 74.9800001 12.0000001 0 2 105 -106 
162 -13.42717933728036 73.76795539376403 11.9999999 1.000000047213234e-07 74.9800001 12.0000001 0 2 106 -107 
163 -13.58893938019 72.97999990000001 11.9999999 -13.42717913728185 73.76795559376279 12.0000001 0 2 107 -108 
164 -13.58893938019 38.9999999 11.9999999 -13.58893918019 72.9800001 12.0000001 0 2 85 -108 
165 -13.58893938019 72.97999990000001 -1.000000002804313e-07 -13.58893918019 72.9800001 12.0000001 0 2 92 -108 
166 -13.42717933728 73.76795539376201 -1.000000002804313e-07 -13.42717913728 73.767955593762 12.0000001 0 2 91 -107 
167 -9.999999167554775e-08 74.97999990000001 -1.000000002804313e-07 1.000000083244522e-07 74.9800001 12.0000001 0 2 90 -106 
168 13.427179137289 73.76795539376201 -1.000000002804313e-07 13.427179337289 73.767955593762 12.0000001 0 2 89 -105 
169 13.588939180197 72.97999990000001 -1.000000002804313e-07 13.588939380197 72.9800001 12.0000001 0 2 88 -104 
1 36.9999999 -13.56492367847088 -1e-07 41.0000001 13.5649236784771 1e-07 0 5 1 2 -3 -4 5 
2 38.69099172380908 -13.58893938019 -1e-07 74.9800001 13.588939380197 1e-07 0 10 -1 6 7 -8 9 10 11 -12 -13 -2 
3 -38.69099192381049 -38.69099192381047 -1e-07 38.69099192381145 38.69099192381147 1e-07 0 25 -5 4 3 14 -15 16 -17 18 19 20 -21 22 -23 24 25 26 -27 28 -29 30 31 32 -33 34 -35 
4 38.69099172380887 13.56492347847648 -1.000000002804313e-07 39.00000010000021 13.588939380197 12.0000001 0 4 36 -37 -13 38 
5 38.9999999 13.588939180197 -1.000000002804313e-07 72.9800001 13.588939380197 12.0000001 0 4 -12 37 39 -40 
6 72.9799998999998 13.4271791372889 -1.000000002804313e-07 73.76795559376266 13.588939380197 12.0000001 0 4 -41 11 40 -42 
7 73.76795539376243 -1.000000002804313e-07 -1.000000002804313e-07 74.9800001 13.42717933728908 12.0000001 0 4 -43 -44 10 41 
8 73.76795539376019 -13.42717933730138 -1.000000002804313e-07 74.9800001 1.000310154708473e-07 12.0000001 0 4 44 -45 -46 9 
9 72.9799998999998 -13.58893938019 -1.000000002804313e-07 73.76795559376336 -13.4271791372816 12.0000001 0 4 47 -48 -8 46 
10 38.9999999 -13.58893938019 -1.000000002804313e-07 72.9800001 -13.58893918019 12.0000001 0 4 -7 49 50 -48 
11 38.69099172380847 -13.58893938019 -1.000000002804313e-07 39.00000010000021 -13.56492347846941 12.0000001 0 4 -51 6 49 -52 
12 30.37067776820644 -27.54309226165889 -1.000000002804313e-07 38.69099192381145 -13.56492347847088 12.0000001 0 4 -53 -54 34 51 
13 26.991377928648 -30.37067796821031 -1.000000002804313e-07 30.37067796822029 -26.99137792864 12.0000001 0 4 -54 33 55 -56 
14 13.56492347847657 -38.69099192380946 -1.000000002804313e-07 27.54309226165051 -30.37067776821404 12.0000001 0 4 -57 -58 32 55 
15 -13.5649236784737 -41.0000001 -1e-07 13.5649236784799 -36.9999999 1e-07 0 4 59 -31 -30 29 
16 -27.54309226164676 -38.69099192381046 -1.000000002804313e-07 -13.5649234784737 -30.37067776821744 12.0000001 0 4 -60 -61 28 62 
17 -30.37067796821177 -30.37067796821177 -1.000000002804313e-07 -26.99137792864 -26.99137792864 12.0000001 0 4 -61 27 63 -64 
18 -38.69099192381086 -27.54309226164735 -1.000000002804313e-07 -30.37067776821691 -13.56492347847259 12.0000001 0 4 -65 -66 26 63 
19 -41.0000001 -13.56492367847367 -1e-07 -36.9999999 13.56492367847991 1e-07 0 4 67 -25 -24 23 
20 -38.69099192380828 13.56492347847992 -1.000000002804313e-07 -30.37067776821496 27.5430922616495 12.0000001 0 4 -68 -69 22 70 
21 -30.37067796821027 26.991377928648 -1.000000002804313e-07 -26.99137792864 30.37067796822029 12.0000001 0 4 -69 21 71 -72 
22 -27.5430922616442 30.37067776821976 -1.000000002804313e-07 -13.56492347846859 38.69099192381226 12.0000001 0 4 -73 -74 20 71 
23 -13.56492367847086 36.9999999 -1e-07 13.56492367847709 41.0000001 1e-07 0 4 17 75 -19 -18 
24 13.56492347846058 30.37067776821902 -1.000000002804313e-07 27.54309226164502 38.69099192381506 12.0000001 0 4 -76 -77 16 78 
25 26.991377928648 26.991377928648 -1.000000002804313e-07 30.37067796821879 30.37067796821879 12.0000001 0 4 -77 15 79 -80 
26 30.37067776821902 13.56492347846458 -1.000000002804313e-07 38.69099192381366 27.54309226164502 12.0000001 0 4 -81 -38 14 79 
27 -20.0000001 -20.0000001 -1.000000002804313e-07 20.0000001 20.0000001 12.0000001 0 4 -82 -83 35 83 
28 38.69099172380908 -13.58893938019 11.9999999 74.9800001 13.588939380197 12.0000001 0 10 -84 52 50 -47 45 43 42 -39 -36 -85 
29 -38.69099192381049 -38.69099192381047 11.9999999 38.69099192381145 38.69099192381147 12.0000001 0 25 -86 87 88 81 -80 76 -89 90 91 73 -72 68 -92 93 94 65 -64 60 -95 96 97 57 -56 53 -82 
30 13.5649234784751 -39.00000010000021 -1.000000002804313e-07 13.588939380197 -38.69099172380009 12.0000001 0 4 98 -99 -100 58 
31 -13.58893938019001 -74.9800001 -1e-07 13.588939380197 -38.69099172380029 1e-07 0 9 -59 101 102 -103 104 105 106 -107 -100 
32 -13.58893938019 -39.00000010000021 -1.000000002804313e-07 -13.56492347846804 -38.69099172379968 12.0000001 0 4 -62 101 108 -109 
33 -39.00000010000021 -13.58893938019 -1.000000002804313e-07 -38.69099172380009 -13.5649234784681 12.0000001 0 4 110 -111 -112 66 
34 -74.9800001 -13.58893938019 -1e-07 -38.69099172380029 13.588939380197 1e-07 0 9 -67 113 114 -115 116 117 118 -119 -112 
35 -39.00000010000021 13.56492347847504 -1.000000002804313e-07 -38.69099172379968 13.588939380197 12.0000001 0 4 -70 113 120 -121 
36 -13.58893938019 38.69099172380887 -1.000000002804313e-07 -13.56492347846948 39.00000010000021 12.0000001 0 4 122 -123 -124 74 
37 -13.58893938019 38.69099172380908 -1e-07 13.588939380197 74.9800001 1e-07 0 9 -75 125 126 -127 128 129 130 -131 -124 
38 13.56492347847641 38.69099172380847 -1.000000002804313e-07 13.588939380197 39.00000010000021 12.0000001 0 4 -78 125 132 -133 
39 36.9999999 -13.56492367847088 11.9999999 41.0000001 13.5649236784771 12.0000001 0 5 84 85 -88 -87 86 
40 -13.5649236784737 -41.0000001 11.9999999 13.5649236784799 -36.9999999 12.0000001 0 4 134 -97 -96 95 
41 -41.0000001 -13.56492367847367 11.9999999 -36.9999999 13.56492367847991 12.0000001 0 4 135 -94 -93 92 
42 -13.56492367847086 36.9999999 11.9999999 13.56492367847709 41.0000001 12.0000001 0 4 89 136 -91 -90 
43 -13.58893938019001 -74.9800001 11.9999999 13.588939380197 -38.69099172380029 12.0000001 0 9 -134 109 137 -138 139 140 141 -142 -98 
44 13.58893918019699 -72.9800001 -1.000000002804313e-07 13.588939380197 -38.9999999 12.0000001 0 4 -107 99 142 -143 
45 13.4271791372889 -73.76795559376266 -1.000000002804313e-07 13.588939380197 -72.9799998999998 12.0000001 0 4 -144 106 143 -141 
46 -1.000000136031076e-07 -74.9800001 -1.000000002804313e-07 13.42717933728942 -73.76795539376236 12.0000001 0 4 -145 105 144 -140 
47 -13.42717933730904 -74.9800001 -1.000000002804313e-07 1.000232279224633e-07 -73.7679553937588 12.0000001 0 4 -146 104 145 -139 
48 -13.58893938019 -73.76795559376266 -1.000000002804313e-07 -13.4271791372819 -72.9799998999998 12.0000001 0 4 138 -147 -103 146 
49 -13.58893938019001 -72.9800001 -1.000000002804313e-07 -13.58893918019 -38.9999999 12.0000001 0 4 -102 108 137 -147 
50 -74.9800001 -13.58893938019 11.9999999 -38.69099172380029 13.588939380197 12.0000001 0 9 -135 121 148 -149 150 151 152 -153 -110 
51 -72.9800001 -13.58893938019 -1.000000002804313e-07 -38.9999999 -13.58893918019 12.0000001 0 4 -119 111 153 -154 
52 -73.76795559376266 -13.58893938019 -1.000000002804313e-07 -72.9799998999998 -13.4271791372819 12.0000001 0 4 -155 118 154 -152 
53 -74.9800001 -13.42717933728071 -1.000000002804313e-07 -73.76795539376396 1.000000091622155e-07 12.0000001 0 4 -156 117 155 -151 
54 -74.9800001 -1.000155078756393e-07 -1.000000002804313e-07 -73.7679553937574 13.42717933731663 12.0000001 0 4 -157 116 156 -150 
55 -73.76795559376266 13.4271791372889 -1.000000002804313e-07 -72.9799998999998 13.588939380197 12.0000001 0 4 149 -158 -115 157 
56 -72.9800001 13.588939180197 -1.000000002804313e-07 -38.9999999 13.588939380197 12.0000001 0 4 -114 120 148 -158 
57 -13.58893938019 38.69099172380908 11.9999999 13.588939380197 74.9800001 12.0000001 0 9 -136 133 159 -160 161 162 163 -164 -122 
58 -13.58893938019 38.9999999 -1.000000002804313e-07 -13.58893918019 72.9800001 12.0000001 0 4 -131 123 164 -165 
59 -13.58893938019 72.9799998999998 -1.000000002804313e-07 -13.42717913728177 73.76795559376298 12.0000001 0 4 -166 130 165 -163 
60 -13.42717933728036 73.76795539376403 -1.000000002804313e-07 1.000000047213234e-07 74.9800001 12.0000001 0 4 -167 129 166 -162 
61 -1.000077540780353e-07 73.76795539375603 -1.000000002804313e-07 13.42717933732428 74.9800001 12.0000001 0 4 -168 128 167 -161 
62 13.4271791372889 72.9799998999998 -1.000000002804313e-07 13.588939380197 73.76795559376266 12.0000001 0 4 160 -169 -127 168 
63 13.588939180197 38.9999999 -1.000000002804313e-07 13.588939380197 72.9800001 12.0000001 0 4 -126 132 159 -169 
1 -74.9800001 -74.9800001 -1.000000002804313e-07 74.9800001 74.9800001 12.0000001 0 63 -1 -2 -3 4 5 6 7 8 9 -10 11 12 -13 14 -15 16 -17 18 -19 20 -21 22 -23 24 -25 26 -27 28 29 30 -31 32 33 -34 35 36 -37 38 39 40 41 42 43 44 45 46 47 48 -49 50 51 52 53 54 55 -56 57 58 59 60 61 62 -63 
$EndEntities
$Nodes
341 2604 1 2604
0 1 0 1
1
38.690991823809 -13.56492357847 0
0 2 0 1
2
41 -1.004210375301e-14 0
0 3 0 1
3
38.690991823809 13.564923578477 0
0 4 0 1
4
37 11.588939280197 0
0 5 0 1
5
37 -11.58893928019 0
0 6 0 1
6
39 -13.58893928019 0
0 7 0 1
7
72.98 -13.58893928019 0
0 8 0 1
8
73.767955493762 -13.42717923728 0
0 9 0 1
9
74.98 -1.806418589701e-14 0
0 10 0 1
10
73.767955493762 13.427179237289 0
0 11 0 1
11
72.98 13.588939280197 0
0 12 0 1
12
39 13.588939280197 0
0 13 0 1
13
30.370677868219 27.543092161645 0
0 14 0 1
14
27.543092161645 30.370677868219 0
0 15 0 1
15
13.564923578477 38.690991823809 0
0 16 0 1
16
11.588939280197 37 0
0 17 0 1
17
-11.58893928019 37 0
0 18 0 1
18
-13.56492357847 38.690991823809 0
0 19 0 1
19
-27.54309216164 30.370677868219 0
0 20 0 1
20
-30.37067786821 27.543092161645 0
0 21 0 1
21
-38.6909918238 13.564923578477 0
0 22 0 1
22
-37 11.588939280197 0
0 23 0 1
23
-37 -11.58893928019 0
0 24 0 1
24
-38.6909918238 -13.56492357847 0
0 25 0 1
25
-30.37067786821 -27.54309216164 0
0 26 0 1
26
-27.54309216164 -30.37067786821 0
0 27 0 1
27
-13.56492357847 -38.6909918238 0
0 28 0 1
28
-11.58893928019 -37 0
0 29 0 1
29
11.588939280197 -37 0
0 30 0 1
30
13.564923578477 -38.6909918238 0
0 31 0 1
31
27.543092161645 -30.37067786821 0
0 32 0 1
32
30.370677868219 -27.54309216164 0
0 33 0 1
33
20 -4.898587196589e-15 0
0 34 0 1
34
38.690991823809 13.564923578477 12
0 35 0 1
35
39 13.588939280197 12
0 36 0 1
36
72.98 13.588939280197 12
0 37 0 1
37
73.767955493762 13.427179237289 12
0 38 0 1
38
74.98 -1.806418589701e-14 12
0 39 0 1
39
73.767955493762 -13.42717923728 12
0 40 0 1
40
72.98 -13.58893928019 12
0 41 0 1
41
39 -13.58893928019 12
0 42 0 1
42
38.690991823809 -13.56492357847 12
0 43 0 1
43
30.370677868219 -27.54309216164 12
0 44 0 1
44
27.543092161645 -30.37067786821 12
0 45 0 1
45
13.564923578477 -38.6909918238 12
0 46 0 1
46
-27.54309216164 -30.37067786821 12
0 47 0 1
47
-13.56492357847 -38.6909918238 12
0 48 0 1
48
-30.37067786821 -27.54309216164 12
0 49 0 1
49
-38.6909918238 -13.56492357847 12
0 50 0 1
50
-30.37067786821 27.543092161645 12
0 51 0 1
51
-38.6909918238 13.564923578477 12
0 52 0 1
52
-27.54309216164 30.370677868219 12
0 53 0 1
53
-13.56492357847 38.690991823809 12
0 54 0 1
54
27.543092161645 30.370677868219 12
0 55 0 1
55
13.564923578477 38.690991823809 12
0 56 0 1
56
30.370677868219 27.543092161645 12
0 57 0 1
57
20 -4.898587196589e-15 12
0 58 0 1
58
41 -1.004210375301e-14 12
0 59 0 1
59
37 -11.58893928019 12
0 60 0 1
60
37 11.588939280197 12
0 61 0 1
61
11.588939280197 37 12
0 62 0 1
62
-11.58893928019 37 12
0 63 0 1
63
-37 11.588939280197 12
0 64 0 1
64
-37 -11.58893928019 12
0 65 0 1
65
-11.58893928019 -37 12
0 66 0 1
66
11.588939280197 -37 12
0 67 0 1
67
13.588939280197 -39 12
0 68 0 1
68
13.588939280197 -39 0
0 69 0 1
69
-13.58893928019 -39 0
0 70 0 1
70
-13.58893928019 -72.98 0
0 71 0 1
71
-13.42717923728 -73.76795549376 0
0 72 0 1
72
-1.59872115546e-14 -74.98 0
0 73 0 1
73
13.427179237289 -73.76795549376 0
0 74 0 1
74
13.588939280197 -72.98 0
0 75 0 1
75
-13.58893928019 -39 12
0 76 0 1
76
-39 -13.58893928019 12
0 77 0 1
77
-39 -13.58893928019 0
0 78 0 1
78
-39 13.588939280197 0
0 79 0 1
79
-72.98 13.588939280197 0
0 80 0 1
80
-73.76795549376 13.427179237289 0
0 81 0 1
81
-74.98 8.881784197001e-15 0
0 82 0 1
82
-73.76795549376 -13.42717923728 0
0 83 0 1
83
-72.98 -13.58893928019 0
0 84 0 1
84
-39 13.588939280197 12
0 85 0 1
85
-13.58893928019 39 12
0 86 0 1
86
-13.58893928019 39 0
0 87 0 1
87
13.588939280197 39 0
0 88 0 1
88
13.588939280197 72.98 0
0 89 0 1
89
13.427179237289 73.767955493762 0
0 90 0 1
90
8.881784197001e-15 74.98 0
0 91 0 1
91
-13.42717923728 73.767955493762 0
0 92 0 1
92
-13.58893928019 72.98 0
0 93 0 1
93
13.588939280197 39 12
0 94 0 1
94
-13.58893928019 -72.98 12
0 95 0 1
95
-13.42717923728 -73.76795549376 12
0 96 0 1
96
-1.59872115546e-14 -74.98 12
0 97 0 1
97
13.427179237289 -73.76795549376 12
0 98 0 1
98
13.588939280197 -72.98 12
0 99 0 1
99
-72.98 13.588939280197 12
0 100 0 1
100
-73.76795549376 13.427179237289 12
0 101 0 1
101
-74.98 8.881784197001e-15 12
0 102 0 1
102
-73.76795549376 -13.42717923728 12
0 103 0 1
103
-72.98 -13.58893928019 12
0 104 0 1
104
13.588939280197 72.98 12
0 105 0 1
105
13.427179237289 73.767955493762 12
0 106 0 1
106
8.881784197001e-15 74.98 12
0 107 0 1
107
-13.42717923728 73.767955493762 12
0 108 0 1
108
-13.58893928019 72.98 12
1 1 0 3
109
110
111
39.69577932405915 -10.25890363808911 0
40.41862605764989 -6.880019448509232 0
40.85439797845298 -3.452269661856842 0
1 2 0 3
112
113
114
40.85439797845284 3.452269661858497 0
40.41862605764934 6.880019448512473 0
39.69577932405791 10.25890363809391 0
1 3 0 1
115
37.48045790575222 12.88932069494003 0
1 4 0 5
116
117
118
119
120
37 -7.725959520125507 0
37 -3.862979760061018 0
37 3.485212118903291e-12 0
37 3.86297976006799 0
37 7.725959520132495 0
1 5 0 1
121
37.48045790575222 -12.88932069493303 0
1 6 0 0
1 7 0 8
122
123
124
125
126
127
128
129
42.77555555555556 -13.58893928019 0
46.55111111111113 -13.58893928019 0
50.3266666666667 -13.58893928019 0
54.10222222222227 -13.58893928019 0
57.87777777777782 -13.58893928019 0
61.65333333333337 -13.58893928019 0
65.42888888888891 -13.58893928019 0
69.20444444444445 -13.58893928019 0
1 8 0 0
1 9 0 3
130
131
132
74.29741837170756 -10.09425694637558 0
74.67637411833286 -6.740886331840074 0
74.90405506844272 -3.373860445202418 0
1 10 0 3
133
134
135
74.90405506844262 3.373860445204619 0
74.67637411833246 6.740886331844417 0
74.29741837170668 10.0942569463821 0
1 11 0 0
1 12 0 8
136
137
138
139
140
141
142
143
42.77555555555556 13.588939280197 0
46.55111111111113 13.588939280197 0
50.3266666666667 13.588939280197 0
54.10222222222227 13.588939280197 0
57.87777777777782 13.588939280197 0
61.65333333333337 13.588939280197 0
65.42888888888891 13.588939280197 0
69.20444444444445 13.588939280197 0
1 13 0 0
1 14 0 3
144
145
146
37.1460395062735 17.3543005908728 0
35.23103538639719 20.97079267940125 0
32.9650568876545 24.37837206200821 0
1 15 0 2
147
148
27.0637990451117 28.45804955366362 0
28.45804955366361 27.0637990451117 0
1 16 0 3
149
150
151
24.37837206200821 32.96505688765451 0
20.97079267940124 35.2310353863972 0
17.35430059087279 37.14603950627351 0
1 17 0 1
152
12.88932069494003 37.48045790575222 0
1 18 0 5
153
154
155
156
157
7.725959520132506 37 0
3.862979760068017 37 0
3.513633828333695e-12 37 0
-3.862979760060991 37 0
-7.725959520125496 37 0
1 19 0 1
158
-12.88932069493303 37.48045790575222 0
1 20 0 3
159
160
161
-17.35430059086747 37.146039506276 0
-20.97079267939681 35.23103538639983 0
-24.37837206200463 32.96505688765715 0
1 21 0 2
162
163
-28.45804955365448 27.06379904511201 0
-27.06379904510327 28.45804955366518 0
1 22 0 3
164
165
166
-32.96505688765135 24.37837206201247 0
-35.23103538639486 20.97079267940517 0
-37.1460395062719 17.35430059087622 0
1 23 0 1
167
-37.48045790574933 12.88932069493665 0
1 24 0 5
168
169
170
171
172
-37 7.725959520132506 0
-37 3.862979760068017 0
-37 3.513633828333695e-12 0
-37 -3.862979760060991 0
-37 -7.725959520125496 0
1 25 0 1
173
-37.48045790574933 -12.88932069492965 0
1 26 0 3
174
175
176
-37.14603950627441 -17.35430059087086 0
-35.23103538639752 -20.9707926794007 0
-32.965056887654 -24.3783720620089 0
1 27 0 2
177
178
-27.06379904510358 -28.45804955365605 0
-28.45804955365604 -27.06379904510358 0
1 28 0 3
179
180
181
-24.37837206200892 -32.96505688765398 0
-20.97079267940073 -35.2310353863975 0
-17.35430059087089 -37.1460395062744 0
1 29 0 1
182
-12.88932069492965 -37.48045790574933 0
1 30 0 5
183
184
185
186
187
-7.725959520125507 -37 0
-3.862979760061018 -37 0
3.485212118903291e-12 -37 0
3.86297976006799 -37.00000000000001 0
7.725959520132495 -37.00000000000001 0
1 31 0 1
188
12.88932069493665 -37.48045790574933 0
1 32 0 3
189
190
191
17.35430059087619 -37.14603950627192 0
20.97079267940513 -35.23103538639488 0
24.37837206201245 -32.96505688765136 0
1 33 0 2
192
193
28.45804955366518 -27.06379904510327 0
27.06379904511201 -28.45804955365449 0
1 34 0 3
194
195
196
32.96505688765714 -24.37837206200464 0
35.23103538639983 -20.97079267939682 0
37.14603950627598 -17.3543005908675 0
1 35 0 29
197
198
199
200
201
202
203
204
205
206
207
208
209
210
211
212
213
214
215
216
217
218
219
220
221
222
223
224
225
19.56295201467611 4.158233816355184 0
18.27090915285202 8.134732861516001 0
16.18033988749895 11.75570504584946 0
13.38261212717718 14.86289650954787 0
10.00000000000001 17.32050807568876 0
6.180339887498958 19.02113032590307 0
2.090569265353078 19.89043790736547 0
-2.090569265353062 19.89043790736547 0
-6.180339887498935 19.02113032590308 0
-9.99999999999998 17.32050807568878 0
-13.38261212717715 14.8628965095479 0
-16.18033988749894 11.75570504584947 0
-18.27090915285201 8.134732861516008 0
-19.56295201467611 4.158233816355194 0
-20 2.449212707644755e-15 0
-19.56295201467611 -4.158233816355182 0
-18.27090915285202 -8.134732861515989 0
-16.18033988749896 -11.75570504584945 0
-13.38261212717718 -14.86289650954787 0
-10.00000000000004 -17.32050807568875 0
-6.180339887498985 -19.02113032590306 0
-2.090569265353103 -19.89043790736546 0
2.090569265353042 -19.89043790736547 0
6.180339887498928 -19.02113032590308 0
9.999999999999986 -17.32050807568878 0
13.38261212717714 -14.8628965095479 0
16.18033988749893 -11.75570504584948 0
18.27090915285201 -8.134732861516019 0
19.56295201467611 -4.158233816355198 0
1 36 0 0
1 37 0 2
226
227
39 13.588939280197 3.99999999999999
39 13.588939280197 7.999999999999977
1 38 0 2
228
229
38.69099182381 13.564923578476 3.99999999999999
38.69099182381 13.564923578476 7.999999999999977
1 39 0 8
230
231
232
233
234
235
236
237
42.77555555555556 13.588939280197 12
46.55111111111113 13.588939280197 12
50.3266666666667 13.588939280197 12
54.10222222222227 13.588939280197 12
57.87777777777782 13.588939280197 12
61.65333333333337 13.588939280197 12
65.42888888888891 13.588939280197 12
69.20444444444445 13.588939280197 12
1 40 0 2
238
239
72.98 13.588939280197 3.99999999999999
72.98 13.588939280197 7.999999999999977
1 41 0 2
240
241
73.767955493762 13.427179237289 3.99999999999999
73.767955493762 13.427179237289 7.999999999999977
1 42 0 0
1 43 0 3
242
243
244
74.90405506844262 3.373860445204619 12
74.67637411833246 6.740886331844417 12
74.29741837170668 10.0942569463821 12
1 44 0 2
245
246
74.98 -1.836480340001e-14 3.99999999999999
74.98 -1.836480340001e-14 7.999999999999976
1 45 0 3
247
248
249
74.29741837170756 -10.09425694637558 12
74.67637411833286 -6.740886331840074 12
74.90405506844272 -3.373860445202418 12
1 46 0 2
250
251
73.767955493762 -13.42717923728 3.99999999999999
73.767955493762 -13.42717923728 7.999999999999977
1 47 0 0
1 48 0 2
252
253
72.98 -13.58893928019 3.99999999999999
72.98 -13.58893928019 7.999999999999977
1 49 0 2
254
255
39 -13.58893928019 3.99999999999999
39 -13.58893928019 7.999999999999977
1 50 0 8
256
257
258
259
260
261
262
263
42.77555555555556 -13.58893928019 12
46.55111111111113 -13.58893928019 12
50.3266666666667 -13.58893928019 12
54.10222222222227 -13.58893928019 12
57.87777777777782 -13.58893928019 12
61.65333333333337 -13.58893928019 12
65.42888888888891 -13.58893928019 12
69.20444444444445 -13.58893928019 12
1 51 0 2
264
265
38.69099182381 -13.56492357847 3.99999999999999
38.69099182381 -13.56492357847 7.999999999999977
1 52 0 0
1 53 0 3
266
267
268
32.96505688765714 -24.37837206200464 12
35.23103538639983 -20.97079267939682 12
37.14603950627598 -17.3543005908675 12
1 54 0 2
269
270
30.370677868219 -27.54309216164 3.99999999999999
30.370677868219 -27.54309216164 7.999999999999977
1 55 0 2
271
272
27.543092161645 -30.37067786821 3.99999999999999
27.543092161645 -30.37067786821 7.999999999999977
1 56 0 2
273
274
28.45804955366518 -27.06379904510327 12
27.06379904511201 -28.45804955365449 12
1 57 0 3
275
276
277
17.35430059087619 -37.14603950627192 12
20.97079267940513 -35.23103538639488 12
24.37837206201245 -32.96505688765136 12
1 58 0 2
278
279
13.564923578476 -38.69099182381 3.99999999999999
13.564923578476 -38.69099182381 7.999999999999977
1 59 0 6
280
281
282
283
284
285
-9.780112057900926 -39.816446452878 0
-5.904589000964554 -40.57259948203576 0
-1.974300279105144 -40.95243751485283 0
1.97430027911164 -40.95243751485251 0
5.904589000971026 -40.57259948203482 0
9.780112057907314 -39.81644645287643 0
1 60 0 3
286
287
288
-24.37837206200892 -32.96505688765398 12
-20.97079267940073 -35.2310353863975 12
-17.35430059087089 -37.1460395062744 12
1 61 0 2
289
290
-27.54309216164 -30.37067786821 3.99999999999999
-27.54309216164 -30.37067786821 7.999999999999977
1 62 0 2
291
292
-13.56492357847 -38.69099182381 3.99999999999999
-13.56492357847 -38.69099182381 7.999999999999977
1 63 0 2
293
294
-30.37067786821 -27.54309216164 3.99999999999999
-30.37067786821 -27.54309216164 7.999999999999977
1 64 0 2
295
296
-27.06379904510358 -28.45804955365605 12
-28.45804955365604 -27.06379904510358 12
1 65 0 3
297
298
299
-37.14603950627441 -17.35430059087086 12
-35.23103538639752 -20.9707926794007 12
-32.965056887654 -24.3783720620089 12
1 66 0 2
300
301
-38.69099182381 -13.56492357847 3.99999999999999
-38.69099182381 -13.56492357847 7.999999999999977
1 67 0 6
302
303
304
305
306
307
-39.81644645287642 9.780112057907344 0
-40.57259948203481 5.904589000971093 0
-40.95243751485251 1.974300279111725 0
-40.95243751485283 -1.974300279105059 0
-40.57259948203577 -5.904589000964506 0
-39.816446452878 -9.78011205790088 0
1 68 0 3
308
309
310
-32.96505688765135 24.37837206201247 12
-35.23103538639486 20.97079267940517 12
-37.1460395062719 17.35430059087622 12
1 69 0 2
311
312
-30.37067786821 27.543092161645 3.99999999999999
-30.37067786821 27.543092161645 7.999999999999977
1 70 0 2
313
314
-38.69099182381 13.564923578476 3.99999999999999
-38.69099182381 13.564923578476 7.999999999999977
1 71 0 2
315
316
-27.54309216164 30.370677868219 3.99999999999999
-27.54309216164 30.370677868219 7.999999999999977
1 72 0 2
317
318
-28.45804955365448 27.06379904511201 12
-27.06379904510327 28.45804955366518 12
1 73 0 3
319
320
321
-17.35430059086747 37.146039506276 12
-20.97079267939681 35.23103538639983 12
-24.37837206200463 32.96505688765715 12
1 74 0 2
322
323
-13.56492357847 38.69099182381 3.99999999999999
-13.56492357847 38.69099182381 7.999999999999977
1 75 0 6
324
325
326
327
328
329
9.780112057905255 39.81644645287693 0
5.904589000969802 40.572599482035 0
1.97430027911125 40.95243751485253 0
-1.974300279104689 40.95243751485285 0
-5.904589000963292 40.57259948203595 0
-9.780112057898849 39.81644645287851 0
1 76 0 3
330
331
332
24.37837206200821 32.96505688765451 12
20.97079267940124 35.2310353863972 12
17.35430059087279 37.14603950627351 12
1 77 0 2
333
334
27.543092161645 30.370677868219 3.99999999999999
27.543092161645 30.370677868219 7.999999999999977
1 78 0 2
335
336
13.564923578476 38.69099182381 3.99999999999999
13.564923578476 38.69099182381 7.999999999999977
1 79 0 2
337
338
30.370677868219 27.543092161645 3.99999999999999
30.370677868219 27.543092161645 7.999999999999977
1 80 0 2
339
340
27.0637990451117 28.45804955366362 12
28.45804955366361 27.0637990451117 12
1 81 0 3
341
342
343
37.1460395062735 17.3543005908728 12
35.23103538639719 20.97079267940125 12
32.9650568876545 24.37837206200821 12
1 82 0 29
344
345
346
347
348
349
350
351
352
353
354
355
356
357
358
359
360
361
362
363
364
365
366
367
368
369
370
371
372
19.56295201467611 4.158233816355184 12
18.27090915285202 8.134732861516001 12
16.18033988749895 11.75570504584946 12
13.38261212717718 14.86289650954787 12
10.00000000000001 17.32050807568876 12
6.180339887498958 19.02113032590307 12
2.090569265353078 19.89043790736547 12
-2.090569265353062 19.89043790736547 12
-6.180339887498935 19.02113032590308 12
-9.99999999999998 17.32050807568878 12
-13.38261212717715 14.8628965095479 12
-16.18033988749894 11.75570504584947 12
-18.27090915285201 8.134732861516008 12
-19.56295201467611 4.158233816355194 12
-20 2.449212707644755e-15 12
-19.56295201467611 -4.158233816355182 12
-18.27090915285202 -8.134732861515989 12
-16.18033988749896 -11.75570504584945 12
-13.38261212717718 -14.86289650954787 12
-10.00000000000004 -17.32050807568875 12
-6.180339887498985 -19.02113032590306 12
-2.090569265353103 -19.89043790736546 12
2.090569265353042 -19.89043790736547 12
6.180339887498928 -19.02113032590308 12
9.999999999999986 -17.32050807568878 12
13.38261212717714 -14.8628965095479 12
16.18033988749893 -11.75570504584948 12
18.27090915285201 -8.134732861516019 12
19.56295201467611 -4.158233816355198 12
1 83 0 2
373
374
20 -4.898587196589e-15 3.99999999999999
20 -4.898587196589e-15 7.999999999999977
1 84 0 3
375
376
377
39.69577932405915 -10.25890363808911 12
40.41862605764989 -6.880019448509232 12
40.85439797845298 -3.452269661856842 12
1 85 0 3
378
379
380
40.85439797845284 3.452269661858497 12
40.41862605764934 6.880019448512473 12
39.69577932405791 10.25890363809391 12
1 86 0 1
381
37.48045790575222 -12.88932069493303 12
1 87 0 5
382
383
384
385
386
37 -7.725959520125507 12
37 -3.862979760061018 12
37 3.485212118903291e-12 12
37 3.86297976006799 12
37 7.725959520132495 12
1 88 0 1
387
37.48045790575222 12.88932069494003 12
1 89 0 1
388
12.88932069494003 37.48045790575222 12
1 90 0 5
389
390
391
392
393
7.725959520132506 37 12
3.862979760068017 37 12
3.513633828333695e-12 37 12
-3.862979760060991 37 12
-7.725959520125496 37 12
1 91 0 1
394
-12.88932069493303 37.48045790575222 12
1 92 0 1
395
-37.48045790574933 12.88932069493665 12
1 93 0 5
396
397
398
399
400
-37 7.725959520132506 12
-37 3.862979760068017 12
-37 3.513633828333695e-12 12
-37 -3.862979760060991 12
-37 -7.725959520125496 12
1 94 0 1
401
-37.48045790574933 -12.88932069492965 12
1 95 0 1
402
-12.88932069492965 -37.48045790574933 12
1 96 0 5
403
404
405
406
407
-7.725959520125507 -37 12
-3.862979760061018 -37 12
3.485212118903291e-12 -37 12
3.86297976006799 -37.00000000000001 12
7.725959520132495 -37.00000000000001 12
1 97 0 1
408
12.88932069493665 -37.48045790574933 12
1 98 0 0
1 99 0 2
409
410
13.588939280197 -39 3.99999999999999
13.588939280197 -39 7.999999999999977
1 100 0 0
1 101 0 0
1 102 0 8
411
412
413
414
415
416
417
418
-13.58893928019 -42.77555555555556 0
-13.58893928019 -46.55111111111113 0
-13.58893928019 -50.3266666666667 0
-13.58893928019 -54.10222222222227 0
-13.58893928019001 -57.87777777777782 0
-13.58893928019001 -61.65333333333337 0
-13.58893928019001 -65.42888888888891 0
-13.58893928019001 -69.20444444444445 0
1 103 0 0
1 104 0 3
419
420
421
-10.09425694637584 -74.29741837170754 0
-6.740886331840202 -74.67637411833283 0
-3.373860445202546 -74.9040550684427 0
1 105 0 3
422
423
424
3.373860445204715 -74.90405506844262 0
6.740886331844619 -74.67637411833243 0
10.09425694638235 -74.29741837170664 0
1 106 0 0
1 107 0 8
425
426
427
428
429
430
431
432
13.588939280197 -42.77555555555556 0
13.588939280197 -46.55111111111113 0
13.588939280197 -50.3266666666667 0
13.588939280197 -54.10222222222227 0
13.58893928019699 -57.87777777777782 0
13.58893928019699 -61.65333333333337 0
13.58893928019699 -65.42888888888891 0
13.58893928019699 -69.20444444444445 0
1 108 0 2
433
434
-13.58893928019 -39 3.99999999999999
-13.58893928019 -39 7.999999999999977
1 109 0 0
1 110 0 0
1 111 0 2
435
436
-39 -13.58893928019 3.99999999999999
-39 -13.58893928019 7.999999999999977
1 112 0 0
1 113 0 0
1 114 0 8
437
438
439
440
441
442
443
444
-42.77555555555556 13.588939280197 0
-46.55111111111113 13.588939280197 0
-50.3266666666667 13.588939280197 0
-54.10222222222227 13.588939280197 0
-57.87777777777782 13.588939280197 0
-61.65333333333337 13.588939280197 0
-65.42888888888891 13.588939280197 0
-69.20444444444445 13.588939280197 0
1 115 0 0
1 116 0 3
445
446
447
-74.29741837170664 10.09425694638237 0
-74.67637411833243 6.740886331844608 0
-74.90405506844262 3.373860445204704 0
1 117 0 3
448
449
450
-74.90405506844272 -3.373860445202491 0
-74.67637411833284 -6.74088633184018 0
-74.29741837170754 -10.09425694637579 0
1 118 0 0
1 119 0 8
451
452
453
454
455
456
457
458
-42.77555555555556 -13.58893928019 0
-46.55111111111113 -13.58893928019 0
-50.3266666666667 -13.58893928019 0
-54.10222222222227 -13.58893928019 0
-57.87777777777782 -13.58893928019 0
-61.65333333333337 -13.58893928019 0
-65.42888888888891 -13.58893928019 0
-69.20444444444445 -13.58893928019 0
1 120 0 2
459
460
-39 13.588939280197 3.99999999999999
-39 13.588939280197 7.999999999999977
1 121 0 0
1 122 0 0
1 123 0 2
461
462
-13.58893928019 39 3.99999999999999
-13.58893928019 39 7.999999999999977
1 124 0 0
1 125 0 0
1 126 0 8
463
464
465
466
467
468
469
470
13.588939280197 42.77555555555556 0
13.588939280197 46.55111111111113 0
13.588939280197 50.3266666666667 0
13.588939280197 54.10222222222227 0
13.588939280197 57.87777777777782 0
13.588939280197 61.65333333333337 0
13.588939280197 65.42888888888891 0
13.588939280197 69.20444444444445 0
1 127 0 0
1 128 0 3
471
472
473
10.0942569463821 74.29741837170668 0
6.740886331844405 74.67637411833246 0
3.373860445204617 74.90405506844262 0
1 129 0 3
474
475
476
-3.373860445202395 74.90405506844272 0
-6.740886331840001 74.67637411833286 0
-10.09425694637551 74.29741837170758 0
1 130 0 0
1 131 0 8
477
478
479
480
481
482
483
484
-13.58893928019 42.77555555555556 0
-13.58893928019 46.55111111111113 0
-13.58893928019 50.3266666666667 0
-13.58893928019 54.10222222222227 0
-13.58893928019 57.87777777777782 0
-13.58893928019 61.65333333333337 0
-13.58893928019 65.42888888888891 0
-13.58893928019 69.20444444444445 0
1 132 0 2
485
486
13.588939280197 39 3.99999999999999
13.588939280197 39 7.999999999999977
1 133 0 0
1 134 0 6
487
488
489
490
491
492
-9.780112057900926 -39.816446452878 12
-5.904589000964554 -40.57259948203576 12
-1.974300279105144 -40.95243751485283 12
1.97430027911164 -40.95243751485251 12
5.904589000971026 -40.57259948203482 12
9.780112057907314 -39.81644645287643 12
1 135 0 6
493
494
495
496
497
498
-39.81644645287642 9.780112057907344 12
-40.57259948203481 5.904589000971093 12
-40.95243751485251 1.974300279111725 12
-40.95243751485283 -1.974300279105059 12
-40.57259948203577 -5.904589000964506 12
-39.816446452878 -9.78011205790088 12
1 136 0 6
499
500
501
502
503
504
9.780112057905255 39.81644645287693 12
5.904589000969802 40.572599482035 12
1.97430027911125 40.95243751485253 12
-1.974300279104689 40.95243751485285 12
-5.904589000963292 40.57259948203595 12
-9.780112057898849 39.81644645287851 12
1 137 0 8
505
506
507
508
509
510
511
512
-13.58893928019 -42.77555555555556 12
-13.58893928019 -46.55111111111113 12
-13.58893928019 -50.3266666666667 12
-13.58893928019 -54.10222222222227 12
-13.58893928019001 -57.87777777777782 12
-13.58893928019001 -61.65333333333337 12
-13.58893928019001 -65.42888888888891 12
-13.58893928019001 -69.20444444444445 12
1 138 0 0
1 139 0 3
513
514
515
-10.09425694637584 -74.29741837170754 12
-6.740886331840202 -74.67637411833283 12
-3.373860445202546 -74.9040550684427 12
1 140 0 3
516
517
518
3.373860445204715 -74.90405506844262 12
6.740886331844619 -74.67637411833243 12
10.09425694638235 -74.29741837170664 12
1 141 0 0
1 142 0 8
519
520
521
522
523
524
525
526
13.588939280197 -42.77555555555556 12
13.588939280197 -46.55111111111113 12
13.588939280197 -50.3266666666667 12
13.588939280197 -54.10222222222227 12
13.58893928019699 -57.87777777777782 12
13.58893928019699 -61.65333333333337 12
13.58893928019699 -65.42888888888891 12
13.58893928019699 -69.20444444444445 12
1 143 0 2
527
528
13.588939280197 -72.98 3.99999999999999
13.588939280197 -72.98 7.999999999999977
1 144 0 2
529
530
13.427179237289 -73.76795549376 3.99999999999999
13.427179237289 -73.76795549376 7.999999999999977
1 145 0 2
531
532
-1.664890447728e-14 -74.98 3.99999999999999
-1.664890447728e-14 -74.98 7.999999999999976
1 146 0 2
533
534
-13.42717923728 -73.76795549376 3.99999999999999
-13.42717923728 -73.76795549376 7.999999999999977
1 147 0 2
535
536
-13.58893928019 -72.98 3.99999999999999
-13.58893928019 -72.98 7.999999999999977
1 148 0 8
537
538
539
540
541
542
543
544
-42.77555555555556 13.588939280197 12
-46.55111111111113 13.588939280197 12
-50.3266666666667 13.588939280197 12
-54.10222222222227 13.588939280197 12
-57.87777777777782 13.588939280197 12
-61.65333333333337 13.588939280197 12
-65.42888888888891 13.588939280197 12
-69.20444444444445 13.588939280197 12
1 149 0 0
1 150 0 3
545
546
547
-74.29741837170664 10.09425694638237 12
-74.67637411833243 6.740886331844608 12
-74.90405506844262 3.373860445204704 12
1 151 0 3
548
549
550
-74.90405506844272 -3.373860445202491 12
-74.67637411833284 -6.74088633184018 12
-74.29741837170754 -10.09425694637579 12
1 152 0 0
1 153 0 8
551
552
553
554
555
556
557
558
-42.77555555555556 -13.58893928019 12
-46.55111111111113 -13.58893928019 12
-50.3266666666667 -13.58893928019 12
-54.10222222222227 -13.58893928019 12
-57.87777777777782 -13.58893928019 12
-61.65333333333337 -13.58893928019 12
-65.42888888888891 -13.58893928019 12
-69.20444444444445 -13.58893928019 12
1 154 0 2
559
560
-72.98 -13.58893928019 3.99999999999999
-72.98 -13.58893928019 7.999999999999977
1 155 0 2
561
562
-73.76795549376 -13.42717923728 3.99999999999999
-73.76795549376 -13.42717923728 7.999999999999977
1 156 0 2
563
564
-74.98 9.182401700007e-15 3.99999999999999
-74.98 9.182401700007e-15 7.999999999999976
1 157 0 2
565
566
-73.76795549376 13.427179237289 3.99999999999999
-73.76795549376 13.427179237289 7.999999999999977
1 158 0 2
567
568
-72.98 13.588939280197 3.99999999999999
-72.98 13.588939280197 7.999999999999977
1 159 0 8
569
570
571
572
573
574
575
576
13.588939280197 42.77555555555556 12
13.588939280197 46.55111111111113 12
13.588939280197 50.3266666666667 12
13.588939280197 54.10222222222227 12
13.588939280197 57.87777777777782 12
13.588939280197 61.65333333333337 12
13.588939280197 65.42888888888891 12
13.588939280197 69.20444444444445 12
1 160 0 0
1 161 0 3
577
578
579
10.0942569463821 74.29741837170668 12
6.740886331844405 74.67637411833246 12
3.373860445204617 74.90405506844262 12
1 162 0 3
580
581
582
-3.373860445202395 74.90405506844272 12
-6.740886331840001 74.67637411833286 12
-10.09425694637551 74.29741837170758 12
1 163 0 0
1 164 0 8
583
584
585
586
587
588
589
590
-13.58893928019 42.77555555555556 12
-13.58893928019 46.55111111111113 12
-13.58893928019 50.3266666666667 12
-13.58893928019 54.10222222222227 12
-13.58893928019 57.87777777777782 12
-13.58893928019 61.65333333333337 12
-13.58893928019 65.42888888888891 12
-13.58893928019 69.20444444444445 12
1 165 0 2
591
592
-13.58893928019 72.98 3.99999999999999
-13.58893928019 72.98 7.999999999999977
1 166 0 2
593
594
-13.42717923728 73.767955493762 3.99999999999999
-13.42717923728 73.767955493762 7.999999999999977
1 167 0 2
595
596
8.324452238639e-15 74.98 3.99999999999999
8.324452238639e-15 74.98 7.999999999999976
1 168 0 2
597
598
13.427179237289 73.767955493762 3.99999999999999
13.427179237289 73.767955493762 7.999999999999977
1 169 0 2
599
600
13.588939280197 72.98 3.99999999999999
13.588939280197 72.98 7.999999999999977
2 1 0 2
601
602
38.99999999999856 -1.644853790847666 0
39.00000000000144 1.644853790848565 0
2 2 0 71
603
604
605
606
607
608
609
610
611
612
613
614
615
616
617
618
619
620
621
622
623
624
625
626
627
628
629
630
631
632
633
634
635
636
637
638
639
640
641
642
643
644
645
646
647
648
649
650
651
652
653
654
655
656
657
658
659
660
661
662
663
664
665
666
667
668
669
670
671
672
673
60.04762206616427 9.891525276450007 0
72.05617262512985 -1.668356827201329 0
55.84509022406532 -10.23090459243183 0
43.91398922892046 1.800933696416276 0
63.49136506913807 -10.31265778952861 0
52.24127297885984 10.84505889450324 0
71.63313461589024 5.126060182420293 0
48.55170529307926 -10.64878743924036 0
71.6127226278148 -7.958056564469422 0
67.43412773214362 10.67720881480869 0
43.58152845904792 -5.458035834471321 0
44.59193260087597 11.00390054806959 0
71.42603226767571 11.05121565617418 0
42.76779256647088 -9.520462946835583 0
43.5053228321547 5.349306901223304 0
46.86672254095563 3.709012551372002 0
46.96204417149278 0.03302254818282613 0
50.01562552706289 1.933779453726107 0
50.12945697526609 -1.695767465919703 0
53.22894277540892 0.2136971504758698 0
53.31940241186793 -3.230203594267721 0
56.43950447084716 -1.245650241259547 0
56.49386269094038 2.68615997132952 0
59.67507610208691 0.5949108068788629 0
59.73598926561516 -3.432800335365611 0
62.92954861945908 -1.078312849489949 0
62.82380740854125 2.418559858387972 0
65.90923394028155 0.8009332527843434 0
66.53806910772602 -3.044236640014766 0
65.7086378601108 4.189354491417014 0
50.1036595357547 -5.236488407035161 0
49.53355394154026 5.665690956868421 0
62.29576077679053 6.358538845575712 0
53.64066304596792 -6.912966396185679 0
43.85347386521362 -1.838630595366979 0
48.75853608719751 10.02597289094177 0
46.82217553071727 -3.863498963732189 0
71.72181426093168 -11.3019181518368 0
68.93360216809873 -9.408102212970798 0
69.15415698541273 -5.921168634897276 0
65.67672081044287 -7.237931028535933 0
61.61883831922677 -6.994939120139895 0
59.68149380067933 -10.26814880568126 0
57.78647208926925 -7.022874091960194 0
68.99063672572603 2.729058270569404 0
63.58933008160993 10.31165301617229 0
58.27052997645945 6.28376346697252 0
55.67094118626518 9.620380340752138 0
55.03646106920377 5.845666657415347 0
69.47440435489138 8.018483551108208 0
52.12948757494235 -10.51537134058931 0
45.90849151134679 7.463443369395211 0
46.66920950911802 -7.542966559854484 0
72.16636886240723 1.624450694690221 0
68.79772255977394 -0.8905389227167113 0
72.10083720527535 -4.875515565164614 0
66.1497480850328 7.497903036561649 0
63.33116381905585 -4.23099595149151 0
52.81667062712394 3.607243023811705 0
59.91758737358147 3.656748647591744 0
45.46307480706697 -10.97801910126208 0
52.34290598169842 7.60166879404877 0
56.19675788006098 -4.297485301956895 0
42.19488106535667 9.026776367896215 0
50.21894499177245 -8.171316028581 0
68.39622770465056 5.43217950028799 0
72.34634966328034 8.201086827753578 0
41.65162970916922 11.49349182289075 0
41.01063783759465 -11.88398419238391 0
66.35210421539614 -10.89269387790244 0
70.00173442427854 -3.299364046803147 0
2 3 0 331
674
675
676
677
678
679
680
681
682
683
684
685
686
687
688
689
690
691
692
693
694
695
696
697
698
699
700
701
702
703
704
705
706
707
708
709
710
711
712
713
714
715
716
717
718
719
720
721
722
723
724
725
726
727
728
729
730
731
732
733
734
735
736
737
738
739
740
741
742
743
744
745
746
747
748
749
750
751
752
753
754
755
756
757
758
759
760
761
762
763
764
765
766
767
768
769
770
771
772
773
774
775
776
777
778
779
780
781
782
783
784
785
786
787
788
789
790
791
792
793
794
795
796
797
798
799
800
801
802
803
804
805
806
807
808
809
810
811
812
813
814
815
816
817
818
819
820
821
822
823
824
825
826
827
828
829
830
831
832
833
834
835
836
837
838
839
840
841
842
843
844
845
846
847
848
849
850
851
852
853
854
855
856
857
858
859
860
861
862
863
864
865
866
867
868
869
870
871
872
873
874
875
876
877
878
879
880
881
882
883
884
885
886
887
888
889
890
891
892
893
894
895
896
897
898
899
900
901
902
903
904
905
906
907
908
909
910
911
912
913
914
915
916
917
918
919
920
921
922
923
924
925
926
927
928
929
930
931
932
933
934
935
936
937
938
939
940
941
942
943
944
945
946
947
948
949
950
951
952
953
954
955
956
957
958
959
960
961
962
963
964
965
966
967
968
969
970
971
972
973
974
975
976
977
978
979
980
981
982
983
984
985
986
987
988
989
990
991
992
993
994
995
996
997
998
999
1000
1001
1002
1003
1004
26.40922427509344 26.4821664561529 0
26.5534679397442 -26.55346793973281 0
-26.55346793973279 26.55346793974421 0
-26.55346793973477 -26.55346793973478 0
-9.817258055447059 -21.34475971595408 0
-9.028836626954739 21.11867762834705 0
9.57024009809712 21.3090727260667 0
9.029817350124492 -21.12319520436857 0
-33.05656342508205 17.50410441897541 0
-34.42490610014293 9.93329773467064 0
-33.0565634250839 -17.50410441897064 0
-34.42490610014288 -9.933297734663594 0
33.05656342508427 17.50410441897228 0
34.5340524938578 9.889393830128652 0
33.0565634250861 -17.50410441896756 0
34.42490610014276 -9.933297734664583 0
17.47238274932305 15.73220409101027 0
-17.48419945300813 15.38596560626833 0
17.48431877896602 -15.38681809359792 0
-17.47238274932305 -15.73220409101026 0
-9.612553564177418 -34.43350209234297 0
9.657449400164753 34.49092104510927 0
-10.03005093913195 34.66304903466003 0
10.12463798869403 -34.51875331799429 0
20.8191774736389 31.53864546356287 0
20.7640979073387 -31.15552612460642 0
-20.7641144874424 31.15503755240275 0
-20.81762451535822 -31.57671913924345 0
-33.60988587183287 1.930369027704404 0
33.68505191800634 2.034922630169279 0
-2.057253401787852 -33.77181948652691 0
-2.274549419874648 34.00626138619059 0
22.06676400276092 7.603245869127271 0
-22.19211245882316 7.737043271617196 0
22.02162017240817 -7.879327202173874 0
-22.28967094563641 -7.693800748699101 0
12.32436852307509 34.43589602597808 0
10.93474444871157 31.74126112207137 0
-12.83990234056522 35.40866080126274 0
-12.44939734374968 32.64843610467605 0
-9.456695082700168 31.48749278052097 0
12.8556668488295 -35.38461151515188 0
12.46717726768103 -32.62099058098053 0
9.57076887651705 -31.3151755394871 0
-12.32436852306829 -34.43589602597794 0
-10.93474444870451 -31.74126112207085 0
7.757960361188156 31.92266684668128 0
12.22465018183037 -29.50235655708005 0
-12.20294065779685 29.53378336063319 0
-0.7046957672228735 22.99508988778403 0
-3.623545317926898e-14 -23.51141009169893 0
-28.04560769012118 -24.96115914481898 0
-25.84262617805342 -24.31047669865049 0
-27.60429706364323 -22.56245177043791 0
-24.92729476352328 -21.7853283492256 0
-23.0536197075835 -23.93829752551591 0
-28.0332353145843 24.96339197903787 0
-25.56780614686156 24.37640290381542 0
-27.57395568129891 22.54548591195705 0
-24.87099269177569 21.79241593799482 0
-23.15088305790723 23.55026271094768 0
28.0332353145982 -24.96339197902842 0
25.56747505925082 -24.37655928087698 0
27.57390050004566 -22.545511974792 0
24.87092831364382 -21.79244634463294 0
23.1504608540651 -23.55139286795664 0
28.02156707935237 24.94927556422887 0
25.69776308004418 24.28851299529962 0
27.60604283983208 22.52625202385855 0
24.96121955991413 21.78702118126953 0
22.86079522397871 23.91254873173746 0
-35.36106484778954 -12.60598023963982 0
-35.36106484778959 12.60598023964678 0
35.36106484779 -12.60598023964278 0
35.37925591340921 12.59866292222591 0
-27.02598137937459 19.724484148343 0
-27.0404219550614 -19.72613052662175 0
27.04636705049739 19.72037937420377 0
27.02596145282622 -19.72449355991302 0
23.99329885722927 -18.90681757838314 0
26.35573469423011 -16.6059805445221 0
24.13750254982442 18.89862421423269 0
26.36887707436344 16.63892328815195 0
-24.08755875985877 -18.88804008014068 0
-26.36222363561784 -16.63834793318548 0
-23.99331290799466 18.90681094202858 0
-26.35574035709695 16.60597786987879 0
9.290762125958645 28.47640934725044 0
12.98787686844668 28.73645555823607 0
5.74653630321367 29.22443539509308 0
9.263175195315142 -28.07991813628448 0
6.481331191017443 -29.95650139836434 0
-9.240263929256553 28.09240097581943 0
25.13341725305282 -28.15763307964063 0
-25.05139979737421 -27.80477612829869 0
25.29209652505774 28.05480081990629 0
-25.13381455819396 28.1574454271637 0
-14.68124485188926 -31.87706188325226 0
-12.63344821510104 -28.89262137094956 0
-9.222300481962762 -28.84700537327065 0
-32.31975594432674 -12.38517747689046 0
-30.83574208229955 -9.022421197386338 0
32.27717544365755 -12.37245490387289 0
31.43801459850301 -9.230747770213393 0
-32.27061611471004 12.39474718661961 0
-30.53524853081706 9.276998590058653 0
32.28018224851213 12.39004534658848 0
31.16770770642406 8.656044830708318 0
5.943531662329955 -26.58458531436485 0
3.30306837946931 -28.67116360904781 0
-6.524297696147487 29.97117314425332 0
-5.937710499550461 26.58424053240335 0
12.11016305023639 -26.28552599914325 0
15.05477348031148 -27.71189303881597 0
15.01028489552646 -24.41782715739435 0
-12.10283444876111 26.29099301308123 0
-15.05062613818327 27.71584002728624 0
-15.00834805952685 24.41691501459124 0
23.1139641725918 -15.81379472611306 0
25.55782257818808 -13.32727994097626 0
23.25857168708588 15.69168089228107 0
25.59775526033129 13.3221400613813 0
-23.26361769099489 -15.68994719697825 0
-25.63560652956899 -13.46031747139527 0
-23.11396417256669 15.81379472613448 0
-25.5924804757774 13.32566816724244 0
17.87999830809939 -25.95080535286296 0
17.89921474998693 -22.51123591078029 0
-17.87923085141048 25.9485079379934 0
-17.89894408324973 22.50698907849914 0
-3.269233329113428 28.4590468961892 0
-14.56321885139441 -18.24515701798895 0
-18.42695857815108 -19.70072498250649 0
-15.61753002215181 -22.15715683082988 0
13.09581981940059 19.64826356133116 0
-15.80712646079512 -28.45070024064347 0
-4.155888526078847 -23.49683199473029 0
-2.037050397585718 -26.99261569886244 0
5.854612913071907 23.02614391549129 0
14.93157910432861 -21.11338714112809 0
-14.93095050153513 21.11108621067786 0
23.38642355445111 3.100613659079695 0
23.27972851429059 -3.619308886219667 0
26.35324198175726 5.601554504500402 0
27.43213008280541 1.60673433274184 0
-23.46216426716475 3.11873070131209 0
-24.4106432925326 -0.9374203965077268 0
-27.3313386316609 1.538112676267354 0
-28.04115402316729 -2.326003521246874 0
12.65506741919281 23.31302451126714 0
16.0819083390411 22.04613138807825 0
15.26695619909101 25.82663333342134 0
-22.67876474279618 12.0245223451114 0
22.67617497421357 11.9848049564289 0
-22.19167156885179 -12.30600402354284 0
22.5400352029812 -12.10364030133183 0
-29.33233772591507 20.69540434800359 0
29.35767914249256 20.68805721450256 0
-29.35614096816322 -20.69644739429924 0
29.33232270436615 -20.69541144287858 0
-26.47536022893338 5.312505524308966 0
26.34021266185916 -6.540464036215242 0
3.810007040308447 -31.83134193426702 0
19.36511032602331 23.91765784244044 0
19.25608218579854 20.75979784714895 0
4.328272106059234 32.44630045810207 0
2.439594395986092 29.87801727434185 0
-10.40311312743722 -25.26810778215945 0
18.47359745749965 27.43584852236253 0
-20.73870285941306 17.5410756142556 0
20.73887396901456 -17.54186600843001 0
-19.42561965963762 -23.06767319261821 0
-5.932079539372996 -34.05606837851923 0
33.1344301486258 -6.057893067350866 0
-33.28317544694005 -5.939586893854443 0
-4.120753613835119 -30.26666935450103 0
-6.25988855457182 33.65538776289969 0
-28.86149667103473 14.42741172917323 0
-28.9808774615012 -14.33448692952497 0
28.86681125971015 14.42931630402393 0
28.87181163130984 -14.37299040357408 0
-15.08113101873251 34.16912259551675 0
15.08653461052369 -34.16138938802871 0
30.17292751694141 4.533603128878429 0
-17.22878911344668 -25.54484410225468 0
-20.35604303715054 -25.95332264889302 0
9.333240622770326 24.76702886208248 0
-33.72284257629756 -1.830898286885545 0
33.42319396584638 -2.065069926654187 0
29.89554621336765 -3.816801298225445 0
-7.419460697811662 -25.83329529142408 0
-33.13443014862663 6.057893067357605 0
14.59198736536046 31.75411352245212 0
17.78988844404267 33.47803761340963 0
3.778303422118912 26.28288310943481 0
4.846949028830316 -22.80310234014257 0
-4.84199565644023 22.77979855525266 0
-26.45862769663777 9.363656438175163 0
25.60503892758405 9.428331392928373 0
0.1159925411135973 -30.42193829361824 0
-17.84801094224321 -33.59980354483265 0
33.92662327253827 6.11715061668086 0
7.074084004766442 -33.19225573964199 0
-17.92102790643783 29.28793810990216 0
-20.5357677492863 27.74521319685542 0
17.9215322562007 -29.28938205588557 0
20.53569102809784 -27.74682885258977 0
9.037125722257658 -24.78020722709729 0
-9.036923587985896 24.77908475212845 0
30.04527730814635 -23.31206630096781 0
30.0952419442019 23.30107766776469 0
-30.09650267428911 -23.30450778844467 0
-30.04528157215134 23.31206428702169 0
-12.40051810634804 -22.9818979779191 0
-29.8371676002458 -17.77463578145804 0
29.81519138058959 -17.77513051963678 0
-29.81372361639815 17.7829022545696 0
29.82289195834957 17.78624483820937 0
-29.49239280111968 -5.753041516626721 0
-26.80467851150002 -8.147466823739247 0
-25.57579233528965 -4.700135466790648 0
-21.91557044852228 -21.10154030505893 0
21.54743366734407 -21.09886906668807 0
-21.6432277310592 21.09703296140443 0
25.01788432717713 -9.738008415886309 0
-30.15779338634297 3.564785359457368 0
21.48469426007252 26.57083958321529 0
21.94813199873218 21.24165513006821 0
17.91931652950197 -19.21777139064068 0
-17.93509827272256 19.21575290406726 0
16.72689203734517 18.85445847546381 0
-36.53113621425868 -14.40621822211451 0
-36.53113621425899 14.40621822212153 0
36.53113621426088 -14.40621822211895 0
36.52547999049791 14.49251782293575 0
15.71974888567756 28.8228056960549 0
20.44389988155383 17.99207091625337 0
-30.61150127807884 -0.05632889102788614 0
-25.45083985944838 -29.83819335933441 0
-23.21753623111704 -29.59240635885157 0
-25.46732281161209 29.90872721911425 0
-23.21753623111632 29.59240635886372 0
25.4672433505898 -29.90876474960189 0
23.21753623112228 -29.59240635884799 0
25.49897920498995 29.88819829766071 0
23.21536794669501 29.45991961910416 0
30.34939278459028 -0.04791778155807229 0
-14.01508750754665 -25.54922138412603 0
-29.98717893478756 -25.45018604040457 0
29.97445938645743 -25.45214430974855 0
-29.97446023925035 25.45214390696576 0
29.98211866661828 25.4471233001517 0
28.39825794078691 -10.32253098871336 0
-20.91230403160194 -17.64642206987603 0
-15.05326417557286 30.93396849680053 0
15.05856838262348 -30.92666138918997 0
-17.85743847640831 32.98719027454967 0
17.85930440449464 -32.98500564172957 0
20.48869139979576 -24.33806935642708 0
-20.49682750446228 24.33482678126887 0
23.52096282358983 -26.33090824801027 0
-23.52230045536578 26.33000361695128 0
1.37681380763544 33.97480377319241 0
-7.693725404565892 -31.31161534355401 0
-22.89173320554693 -26.97856489784407 0
12.01984682168366 -22.89215927116938 0
-12.01779853969652 22.89157367448371 0
14.78389069491785 -36.56938656048613 0
-14.7823478304773 36.57170306876808 0
0.4288050314156879 26.74634124841227 0
2.85475040386219 -25.55726788077773 0
24.0948335097847 25.91896182053676 0
-2.779083554812019 25.36687339988824 0
14.46579603872549 -17.84581895288279 0
-14.46746599847935 17.84459259788598 0
28.61169535993565 11.02763099202204 0
-28.2574770349097 11.54317640893359 0
6.758503577766083 26.35468154186134 0
1.743920891939142 -34.09281032702523 0
-14.48325499734924 -35.59533087876987 0
14.46220071382118 35.56037169416685 0
20.61967522566134 -14.38869497775207 0
20.61444265938562 14.49962332305207 0
-20.61223200910346 -14.49438662813811 0
-20.64736304650565 14.37254281021044 0
-6.638383642847252 -28.51560072450005 0
34.31608292620944 14.93808765108711 0
34.31349265175911 -14.92199219673236 0
-34.31239943026419 14.92570757719366 0
-34.3205894018684 -14.92411262556761 0
18.02329270945944 30.34686661754093 0
-28.65288142448219 -11.28887539674366 0
-12.1136840740065 -20.02791996923386 0
-24.80521723680419 -10.52348226227296 0
12.08940786297245 -20.05901372904752 0
24.90345324470695 -0.3660865682465255 0
26.87048423591951 -2.729102111024881 0
-12.08901033333314 20.05728763741668 0
-3.843323615457371 31.35383486349259 0
-0.8569821882347048 30.73638424030315 0
6.585658928235739 34.53919597527819 0
-7.316566567118711 -22.96447142295407 0
-18.34319012505732 -27.73089309764246 0
-20.8760726376016 -28.61502774901582 0
20.4032259694731 29.07042396115716 0
19.37337740542053 -11.35796663739094 0
19.45379226636171 11.46952023443716 0
-19.29450858672502 -11.25062084167321 0
-19.40201603816416 11.33769397228227 0
-18.04926851914004 -30.49966603036507 0
-31.97332439194516 20.61968242386258 0
-31.98504681197519 -20.61792290893164 0
31.98338035987464 20.61789776086894 0
31.97349682988381 -20.61875830169982 0
11.97572635168691 26.12458759058066 0
2.289518972947342 23.78817921369757 0
28.15267675705223 7.939908016501827 0
-31.66295985149783 15.4069746333063 0
-31.70299076660521 -15.38450344648235 0
31.66850636357312 15.40955971177623 0
31.66684690648044 -15.38933448855673 0
29.68231860753852 -7.045711437318422 0
0.7899564493291003 -27.17919702722864 0
-29.35229199827156 6.715167795871551 0
-24.71204321045745 -25.93152873471753 0
-22.41621443778192 -3.343079793924226 0
-4.806407281148014 -26.67736946028779 0
-30.92039116179862 -3.197416775170284 0
4.843390243442903 -34.62328160018686 0
12.81620730300832 36.11918140647428 0
-12.82147087388429 -36.12792120262429 0
2 4 0 0
2 5 0 26
1005
1006
1007
1008
1009
1010
1011
1012
1013
1014
1015
1016
1017
1018
1019
1020
1021
1022
1023
1024
1025
1026
1027
1028
1029
1030
63.54111111111114 13.588939280197 8.730272975489438
55.91913714361402 13.588939280197 8.771185664699443
48.43888888888892 13.588939280197 3.26972702451059
67.29336238680207 13.588939280197 3.083917155730123
59.71493922956557 13.588939280197 3.041819091964226
44.68663761319796 13.588939280197 8.916082844269862
59.68288222310522 13.588939280197 8.867913454404647
52.20263396838016 13.588939280197 8.827348527288759
53.94671762070847 13.588939280197 5.843180023827843
63.52879101013537 13.588939280197 3.020956041282395
44.68663761319796 13.588939280197 3.083917155730132
67.29336238680207 13.588939280197 8.916082844269877
48.43986625315766 13.588939280197 8.846249173719597
42.22636818120214 13.588939280197 5.999999999999986
69.75363181879787 13.588939280197 5.999999999999988
57.81783492505446 13.588939280197 5.875380772970122
52.18852701085886 13.588939280197 2.973863337304643
61.61907456464344 13.588939280197 5.92272372268514
55.94133646436457 13.588939280197 2.955707204344472
65.42888888888891 13.588939280197 6.000000000000008
50.32666666666672 13.588939280197 6.002086572564868
46.55111111111113 13.588939280197 6.000000000000001
70.2575559452153 13.588939280197 9.212167775202889
41.72244405478474 13.588939280197 2.787832224797119
41.72244405478473 13.588939280197 9.212167775202875
70.25755594521529 13.588939280197 2.787832224797111
2 6 0 0
2 7 0 11
1031
1032
1033
1034
1035
1036
1037
1038
1039
1040
1041
74.89997866097627 3.463177238505212 5.999999999999983
74.50576478257184 8.419703923777789 9.077472688936524
74.50576478257184 8.419703923777789 2.922527311063476
74.80917889215581 5.058374588880252 2.922689202187517
74.80915996557697 5.058654489557152 9.077472688936522
74.2559916705452 10.39461884938172 5.999999999999984
74.65919841795777 6.928527375136343 5.999999028356806
74.15056451386235 11.12178862753374 2.548844495611308
74.9435968834684 2.336169122342312 2.547690688971576
74.94358218507725 2.336640594651586 9.451155504380981
74.15051968367989 11.12208751270196 9.452166302791396
2 8 0 11
1042
1043
1044
1045
1046
1047
1048
1049
1050
1051
1052
74.89997866097625 -3.463177238505587 5.999999999999983
74.50576478257244 -8.419703923772385 9.077472688938485
74.50576478257246 -8.419703923772319 2.922527311061515
74.80915996557719 -5.058654489553878 2.922527311061555
74.80917889215617 -5.058374588874971 9.077310797813242
74.25599167054897 -10.39461884935487 5.999999999999984
74.65919841795895 -6.928527375123574 6.00000097164315
74.1505196836779 -11.12208751271527 2.547833697218903
74.94358218507725 -2.336640594651201 2.548844495625906
74.94359688346893 -2.336169122325525 9.452309311022999
74.1505645138637 -11.12178862752475 9.451155504378294
2 9 0 0
2 10 0 26
1053
1054
1055
1056
1057
1058
1059
1060
1061
1062
1063
1064
1065
1066
1067
1068
1069
1070
1071
1072
1073
1074
1075
1076
1077
1078
63.47024825472512 -13.58893928019 8.771185664699457
55.99000000000005 -13.58893928019 3.269727024510578
48.43888888888892 -13.58893928019 3.26972702451059
67.2131778184702 -13.58893928019 2.870340118993449
52.21444444444448 -13.58893928019 8.730272975489417
44.68663761319796 -13.58893928019 8.916082844269862
52.21444444444448 -13.58893928019 3.269727024510584
55.99000000000005 -13.58893928019 8.730272975489422
59.75374507949127 -13.58893928019 8.827348527288766
61.49782873181958 -13.58893928019 5.843180023827856
44.68663761319796 -13.58893928019 3.083917155730132
48.43989993809865 -13.58893928019 8.785142386100564
67.28665330654049 -13.58893928019 8.787008783191292
42.22636818120214 -13.58893928019 5.999999999999986
69.69108339261561 -13.58893928019 5.966856048959992
59.73963812196996 -13.58893928019 2.973863337304648
65.45001710254702 -13.58893928019 5.827792840432772
54.10222222222227 -13.58893928019 6.000347762094144
50.32666666666671 -13.58893928019 6
57.87777777777782 -13.58893928019 6.002086572564864
63.49714733283817 -13.58893928019 2.919196053426454
46.55111111111113 -13.58893928019 6.000000000000001
70.2575559452153 -13.58893928019 9.212167775202889
41.72244405478474 -13.58893928019 2.787832224797119
41.72244405478473 -13.58893928019 9.212167775202875
70.41374113110606 -13.58893928019 2.567439233590687
2 11 0 0
2 12 0 11
1079
1080
1081
1082
1083
1084
1085
1086
1087
1088
1089
32.58732186599651 -24.88104607129582 5.999999999999984
37.40781083175141 -16.78260077508555 5.999999999999984
36.2336859325904 -19.18645365194935 8.75293731825561
34.261053390243 -22.52066208154011 8.580189081881466
35.31382593919196 -20.83107528517077 5.215370004908824
33.65686385464503 -23.41400255124887 3.094569878062483
36.71855692896741 -18.24136993359268 3.044313508115192
37.62038969219114 -16.30049936068459 9.087988059698132
32.2648927857197 -25.29776064251563 9.0879880596951
32.07114476288296 -25.54293784195946 2.59266572094035
37.82435716716831 -15.82144130256416 2.381782377981215
2 13 0 4
1090
1091
1092
1093
27.57716446627589 -27.57716446626592 10.31228960767424
27.57716446627589 -27.57716446626592 1.687710392325754
27.57878872715345 -27.57554206875512 4.16912002929272
27.58126469486444 -27.57307609115073 6.951026343873333
2 14 0 11
1094
1095
1096
1097
1098
1099
1100
1101
1102
1103
1104
24.88104607130344 -32.5873218659907 5.999999999999984
16.78260077509062 -37.40781083174913 5.999999999999984
19.18645365195786 -36.23368593258589 8.752937318253263
22.52066208154758 -34.26105339023809 8.580189081881979
20.83107528517951 -35.31382593918681 5.215370004907971
23.41526057702968 -33.65598865149855 3.094935582769275
18.24203270642113 -36.71822766335355 3.044113906818227
16.30049936068932 -37.62038969218909 9.087988059697395
25.29776064252263 -32.26489278571421 9.087988059696382
25.54210035031713 -32.07181176195585 2.597245692837174
15.82070555280279 -37.82466491340691 2.378720020826965
2 15 0 0
2 16 0 11
1105
1106
1107
1108
1109
1110
1111
1112
1113
1114
1115
-24.88104607130039 -32.58732186599303 5.999999999999984
-16.78260077508552 -37.40781083175142 5.999999999999984
-19.18645365195301 -36.23368593258846 8.752937318253792
-22.52066208154376 -34.2610533902406 8.580189081881104
-20.83107528517463 -35.31382593918969 5.215370004907438
-23.41400255124758 -33.65686385464593 3.094569878062016
-18.24136993359591 -36.71855692896581 3.044313508116235
-16.30049936068519 -37.62038969219088 9.087988059699249
-25.29776064251884 -32.26489278571719 9.087988059698082
-25.5429378419492 -32.07114476289113 2.592665720931129
-15.82144130256561 -37.82435716716771 2.381782377980209
2 17 0 4
1116
1117
1118
1119
-27.5771644662669 -27.57716446626691 10.31228960767454
-27.5771644662669 -27.57716446626691 1.687710392325465
-27.57878872714542 -27.57554206875515 4.169120029292305
-27.58126469485592 -27.57307609115125 6.951026343872234
2 18 0 11
1120
1121
1122
1123
1124
1125
1126
1127
1128
1129
1130
-32.58732186599303 -24.88104607130038 5.999999999999984
-37.40781083175143 -16.78260077508551 5.999999999999984
-36.23368593258847 -19.18645365195299 8.752937318253299
-34.26105339024084 -22.5206620815434 8.580189081881368
-35.31382593918957 -20.83107528517484 5.215370004907275
-33.65598865150125 -23.4152605770258 3.094935582769125
-36.71822766335606 -18.24203270641608 3.044113906818051
-37.62038969219129 -16.30049936068425 9.087988059697475
-32.26489278571671 -25.29776064251944 9.087988059696769
-32.07181176195844 -25.54210035031387 2.597245692836787
-37.82466491340882 -15.82070555279819 2.378720020826425
2 19 0 0
2 20 0 11
1131
1132
1133
1134
1135
1136
1137
1138
1139
1140
1141
-32.58732186599069 24.88104607130346 5.999999999999984
-37.40781083174913 16.78260077509061 5.999999999999984
-36.23368593258588 19.18645365195789 8.752937318253373
-34.26105339023788 22.52066208154789 8.580189081881604
-35.31382593918688 20.83107528517939 5.215370004907905
-33.65686385464316 23.41400255125157 3.094569878061866
-36.71855692896321 18.24136993360114 3.044313508116595
-37.62038969218876 16.30049936069009 9.087988059698821
-32.26489278571474 25.29776064252196 9.087988059697835
-32.0711447628882 25.54293784195288 2.59266572093077
-37.82435716716535 15.82144130257125 2.381782377981044
2 21 0 4
1142
1143
1144
1145
-27.57716446626592 27.5771644662759 10.31228960767424
-27.57716446626591 27.5771644662759 1.687710392325757
-27.57554206875466 27.57878872715391 4.16912002929269
-27.57307609115032 27.58126469486485 6.951026343873232
2 22 0 11
1146
1147
1148
1149
1150
1151
1152
1153
1154
1155
1156
-24.88104607129581 32.58732186599653 5.999999999999984
-16.78260077508552 37.40781083175143 5.999999999999984
-19.18645365194932 36.23368593259042 8.752937318255144
-22.52066208153952 34.26105339024339 8.580189081881729
-20.83107528517086 35.31382593919191 5.215370004908699
-23.41526057702103 33.65598865150457 3.09493558276937
-18.24203270641274 36.71822766335772 3.044113906817085
-16.30049936068374 37.62038969219151 9.08798805969653
-25.29776064251502 32.26489278572019 9.087988059696432
-25.54210035030896 32.07181176196236 2.597245692837566
-15.8207055527949 37.8246649134102 2.378720020826786
2 23 0 0
2 24 0 11
1157
1158
1159
1160
1161
1162
1163
1164
1165
1166
1167
24.88104607129887 32.58732186599419 5.999999999999984
16.7826007750906 37.40781083174914 5.999999999999984
19.18645365195421 36.23368593258783 8.752937318255064
22.52066208154387 34.26105339024053 8.580189081882121
20.8310752851755 35.31382593918918 5.215370004909277
23.41400255124828 33.65686385464544 3.094569878061893
18.24136993359695 36.71855692896529 3.04431350811605
16.3004993606884 37.62038969218949 9.087988059695666
25.2977606425177 32.26489278571808 9.087988059697174
25.54293784195148 32.07114476288932 2.592665720933205
15.82144130257054 37.82435716716564 2.381782377986713
2 25 0 4
1168
1169
1170
1171
27.5771644662749 27.57716446627491 10.31228960767409
27.5771644662749 27.57716446627491 1.68771039232591
27.57878872715397 27.5755420687626 4.169120029293027
27.58126469486532 27.57307609115786 6.951026343874148
2 26 0 11
1172
1173
1174
1175
1176
1177
1178
1179
1180
1181
1182
32.5873218659942 24.88104607129887 5.999999999999984
37.40781083174914 16.7826007750906 5.999999999999984
36.23368593258783 19.18645365195422 8.752937318255077
34.2610533902406 22.52066208154378 8.580189081882201
35.31382593918917 20.83107528517551 5.215370004909317
33.65598865150229 23.41526057702432 3.094935582768891
36.71822766335568 18.24203270641683 3.044113906817196
37.62038969218941 16.30049936068857 9.087988059695968
32.26489278571798 25.29776064251782 9.087988059696899
32.07181176195942 25.54210035031264 2.597245692835107
37.82466491340958 15.82070555279638 2.37872002082847
2 27 0 89
1183
1184
1185
1186
1187
1188
1189
1190
1191
1192
1193
1194
1195
1196
1197
1198
1199
1200
1201
1202
1203
1204
1205
1206
1207
1208
1209
1210
1211
1212
1213
1214
1215
1216
1217
1218
1219
1220
1221
1222
1223
1224
1225
1226
1227
1228
1229
1230
1231
1232
1233
1234
1235
1236
1237
1238
1239
1240
1241
1242
1243
1244
1245
1246
1247
1248
1249
1250
1251
1252
1253
1254
1255
1256
1257
1258
1259
1260
1261
1262
1263
1264
1265
1266
1267
1268
1269
1270
1271
19.53873113452862 4.270595468152186 5.999999999999988
19.53876291849874 -4.270450048261711 6.000348103415065
-14.8628965095479 -13.38261212717715 8.380685740699757
-8.134732861516051 -18.270909152852 3.619314259300249
-19.02113032590308 -6.180339887498938 3.619314259300246
11.75570504584945 -16.18033988749896 8.380685740699752
14.86289650954789 13.38261212717715 3.619314259300248
-4.181987855572975 19.55788786080542 3.601094908424659
-11.75570504584945 16.18033988749896 8.380685740699745
8.157306918980838 18.2608418160157 8.398743779183979
-19.89043790736547 2.090569265353075 8.380685740699747
-17.32050807568877 10.00000000000001 3.619314259300257
17.32050807568877 -10.00000000000001 3.61931425930026
-3.920095584947214e-14 -20 3.61931425930026
8.134732861515978 -18.27090915285203 3.619314259300253
17.32050807568877 9.999999999999996 8.38068574069975
1.010639055082363e-14 20 8.380685740699747
4.158233816355193 19.56295201467611 3.619314259300257
4.158233816355171 -19.56295201467612 8.380685740699739
-4.158233816355214 -19.56295201467611 8.380685740699739
-14.8628965095479 -13.38261212717715 3.619314259300242
-19.02113032590308 -6.180339887498938 8.380685740699754
-19.89043790736547 2.090569265353075 3.619314259300254
-11.73368083073741 16.19631853732154 3.703248651671548
-17.32050807568877 10.00000000000001 8.380685740699743
17.32050807568876 -10.00000000000002 8.380685740699741
14.86330634572438 13.38215694397392 8.392832490842693
11.75646799152056 16.17978554753902 8.380336499635906
10.00014661550466 17.3204234263603 4.761296658302557
14.86289650954787 -13.38261212717718 3.619314259300266
-8.134729965805745 -18.27091044210502 8.392395450328166
-4.158233816355214 -19.56295201467611 3.619314259300304
11.75570504584946 -16.18033988749895 3.619314259300261
-17.32050807568878 -9.999999999999988 8.380685740699711
-17.32050807568878 -9.999999999999988 3.619314259300289
-14.86289650954788 13.38261212717717 3.619314259300259
-14.86289650954788 13.38261212717717 8.380685740699743
-8.134732861515989 18.27090915285202 3.619314259300255
-6.182335527459086 19.02048178742897 6.774553007377294
-0.03107962735823455 19.9999758514045 3.695566232658309
-19.02113032590307 6.180339887498959 8.380685740699704
-19.89043790736547 -2.090569265353061 8.380685740699743
8.134732861515996 -18.27090915285202 8.380685740699754
-19.89043790736547 -2.090569265353061 3.619314259300257
-2.143738745546964e-14 -20 8.380685740699734
-19.02113130540928 6.180336872888013 3.607604549671801
-11.75629822344132 -16.17990890213881 8.393765109068797
14.86289650954786 -13.38261212717719 8.380685740699752
4.188876647388589 19.55641358820585 8.304447915176359
4.158233816355154 -19.56295201467612 3.619314259300268
17.32050807568877 9.999999999999996 3.619314259300246
-11.75570504584949 -16.18033988749893 3.619314259300244
18.94812359800417 6.400672786102829 8.513408503552771
18.94812359800417 6.400672786102842 3.486591496447223
18.94812359800514 -6.400672786099978 8.513408503557411
18.94812359800512 -6.400672786100028 3.486591496442541
6.984405707061494 18.74081313388421 5.249202132809771
-2.935233116176824 19.78343768291292 6.750697707232014
-9.253759436222516 17.73042403036438 6.750697707230073
12.43377560201354 15.66528723894882 3.131331862732989
19.73153332184181 -3.265975010474854 9.024879248868029
19.74673348074881 3.172777464663135 9.047693204712775
19.73153340608289 -3.265974501528571 2.975139948214212
19.74673348074881 3.172777464663125 2.952306795287209
16.18020627925432 11.75588893962421 6.013031859994388
-19.56295201467611 -4.158233816355182 5.997477572411581
6.180339887498928 -19.02113032590308 5.997477572411507
13.38261212717714 -14.8628965095479 6.002522427588538
9.999999999999986 -17.32050807568878 6.002522427588517
-13.38261212717715 14.8628965095479 5.997477572411555
-20 1.133099690464601e-14 6.002522427588429
-16.18021381984427 -11.7558785611336 6.001609604753715
2.09072116475141 19.89042194150895 6.001158869460068
-13.38235446885029 -14.86312850210354 6.000917258859824
-18.27101656725012 -8.134491600540976 5.999468338447817
-16.18046128641004 11.75553795276873 5.998392300585737
-9.999170192073622 -17.32098713901567 5.999999999999981
-2.090569265353085 -19.89043790736547 5.997477572411601
16.18033988749892 -11.75570504584949 6.002522427588542
-19.5630948284132 4.157561873804495 6.001047005062852
2.090569265353024 -19.89043790736547 5.997477572411517
-18.27100935512837 8.134507799787986 5.99955780779852
-6.179686554020457 -19.02134259441375 5.998952994937152
18.25677422967968 8.166406475709127 6.000000000000002
18.24223325822081 -8.198836853643487 6.001359383408139
13.38358030746431 14.86202469899891 6.028925126816831
-8.134732861515989 18.27090915285202 9.648569142663945
-4.158921684759349 19.56280579109342 9.645797403875818
7.627804549426989 18.48828271516154 2.541049000307463
2 28 0 71
1272
1273
1274
1275
1276
1277
1278
1279
1280
1281
1282
1283
1284
1285
1286
1287
1288
1289
1290
1291
1292
1293
1294
1295
1296
1297
1298
1299
1300
1301
1302
1303
1304
1305
1306
1307
1308
1309
1310
1311
1312
1313
1314
1315
1316
1317
1318
1319
1320
1321
1322
1323
1324
1325
1326
1327
1328
1329
1330
1331
1332
1333
1334
1335
1336
1337
1338
1339
1340
1341
1342
60.04762206616427 9.891525276450015 12
72.05617262512985 -1.668356827201317 12
55.84509022406532 -10.23090459243184 12
43.91398922892046 1.800933696416276 12
63.49136506913807 -10.31265778952862 12
52.24127297885984 10.84505889450325 12
71.63313461589024 5.126060182420296 12
48.55170529307926 -10.64878743924036 12
71.6127226278148 -7.958056564469422 12
67.43412773214362 10.67720881480869 12
43.58152845904792 -5.458035834471321 12
44.59193260087597 11.00390054806959 12
71.42603226767565 11.05121565617419 12
42.76779256647088 -9.520462946835583 12
43.5053228321547 5.349306901223301 12
46.86672254095563 3.709012551372002 12
46.96204417149278 0.03302254818282613 12
50.0156255270629 1.933779453726109 12
50.12945697526609 -1.695767465919703 12
53.22894277540893 0.2136971504758698 12
53.31940241186793 -3.230203594267723 12
56.43950447084717 -1.245650241259543 12
56.49386269094038 2.686159971329527 12
59.67507610208691 0.5949108068788682 12
59.73598926561517 -3.432800335365609 12
62.92954861945908 -1.078312849489942 12
62.82380740854124 2.418559858387983 12
65.90923394028155 0.8009332527843647 12
66.53806910772602 -3.044236640014756 12
65.7086378601108 4.189354491417028 12
50.1036595357547 -5.236488407035161 12
49.53355394154026 5.665690956868421 12
62.29576077679052 6.358538845575723 12
53.64066304596793 -6.912966396185682 12
43.85347386521362 -1.838630595366979 12
48.7585360871975 10.02597289094177 12
46.82217553071727 -3.863498963732189 12
71.72181426093188 -11.30191815183656 12
68.93360216809876 -9.408102212970757 12
69.15415698541274 -5.921168634897265 12
65.67672081044289 -7.237931028535925 12
61.61883831922678 -6.994939120139897 12
59.68149380067934 -10.26814880568126 12
57.78647208926925 -7.022874091960198 12
68.99063672572602 2.729058270569425 12
63.58933008160993 10.31165301617229 12
58.27052997645944 6.283763466972534 12
55.67094118626517 9.620380340752142 12
55.03646106920375 5.845666657415357 12
69.47440435489136 8.018483551108215 12
52.12948757494235 -10.51537134058932 12
45.90849151134679 7.463443369395211 12
46.66920950911802 -7.542966559854484 12
72.16636886240724 1.62445069469023 12
68.79772255977394 -0.8905389227166758 12
72.10083720527535 -4.875515565164614 12
66.1497480850328 7.497903036561656 12
63.33116381905586 -4.230995951491508 12
52.81667062712395 3.607243023811712 12
59.91758737358145 3.656748647591748 12
45.46307480706697 -10.97801910126208 12
52.34290598169841 7.601668794048773 12
56.19675788006099 -4.297485301956899 12
42.19488106535667 9.026776367896211 12
50.21894499177245 -8.171316028581 12
68.39622770465056 5.43217950028799 12
72.34634966328032 8.201086827753581 12
41.65162970916922 11.49349182289074 12
41.01063783759465 -11.88398419238391 12
66.35210421539614 -10.89269387790243 12
70.00173442427854 -3.299364046803134 12
2 29 0 331
1343
1344
1345
1346
1347
1348
1349
1350
1351
1352
1353
1354
1355
1356
1357
1358
1359
1360
1361
1362
1363
1364
1365
1366
1367
1368
1369
1370
1371
1372
1373
1374
1375
1376
1377
1378
1379
1380
1381
1382
1383
1384
1385
1386
1387
1388
1389
1390
1391
1392
1393
1394
1395
1396
1397
1398
1399
1400
1401
1402
1403
1404
1405
1406
1407
1408
1409
1410
1411
1412
1413
1414
1415
1416
1417
1418
1419
1420
1421
1422
1423
1424
1425
1426
1427
1428
1429
1430
1431
1432
1433
1434
1435
1436
1437
1438
1439
1440
1441
1442
1443
1444
1445
1446
1447
1448
1449
1450
1451
1452
1453
1454
1455
1456
1457
1458
1459
1460
1461
1462
1463
1464
1465
1466
1467
1468
1469
1470
1471
1472
1473
1474
1475
1476
1477
1478
1479
1480
1481
1482
1483
1484
1485
1486
1487
1488
1489
1490
1491
1492
1493
1494
1495
1496
1497
1498
1499
1500
1501
1502
1503
1504
1505
1506
1507
1508
1509
1510
1511
1512
1513
1514
1515
1516
1517
1518
1519
1520
1521
1522
1523
1524
1525
1526
1527
1528
1529
1530
1531
1532
1533
1534
1535
1536
1537
1538
1539
1540
1541
1542
1543
1544
1545
1546
1547
1548
1549
1550
1551
1552
1553
1554
1555
1556
1557
1558
1559
1560
1561
1562
1563
1564
1565
1566
1567
1568
1569
1570
1571
1572
1573
1574
1575
1576
1577
1578
1579
1580
1581
1582
1583
1584
1585
1586
1587
1588
1589
1590
1591
1592
1593
1594
1595
1596
1597
1598
1599
1600
1601
1602
1603
1604
1605
1606
1607
1608
1609
1610
1611
1612
1613
1614
1615
1616
1617
1618
1619
1620
1621
1622
1623
1624
1625
1626
1627
1628
1629
1630
1631
1632
1633
1634
1635
1636
1637
1638
1639
1640
1641
1642
1643
1644
1645
1646
1647
1648
1649
1650
1651
1652
1653
1654
1655
1656
1657
1658
1659
1660
1661
1662
1663
1664
1665
1666
1667
1668
1669
1670
1671
1672
1673
26.40922427509344 26.48216645615289 12
26.5534679397442 -26.55346793973281 12
-26.55346793973279 26.55346793974421 12
-26.55346793973477 -26.55346793973478 12
-9.817258055447059 -21.34475971595408 12
-9.028836626954739 21.11867762834705 12
9.57024009809712 21.3090727260667 12
9.029817350124492 -21.12319520436857 12
-33.05656342508205 17.50410441897541 12
-34.42490610014293 9.93329773467064 12
-33.0565634250839 -17.50410441897064 12
-34.42490610014288 -9.933297734663594 12
33.05656342508427 17.50410441897228 12
34.5340524938578 9.889393830128652 12
33.0565634250861 -17.50410441896756 12
34.42490610014276 -9.933297734664583 12
17.47238274932305 15.73220409101027 12
-17.48419945300813 15.38596560626833 12
17.48431877896602 -15.38681809359792 12
-17.47238274932305 -15.73220409101026 12
-9.612553564177418 -34.43350209234297 12
9.657449400164753 34.49092104510927 12
-10.03005093913195 34.66304903466003 12
10.12463798869403 -34.51875331799429 12
20.81917747363893 31.53864546356288 12
20.76409790733883 -31.15552612460644 12
-20.76411448744248 31.15503755240275 12
-20.817624515357 -31.57671913924343 12
-33.60988587183287 1.930369027704403 12
33.68505191800634 2.034922630169282 12
-2.057253401787852 -33.77181948652691 12
-2.274549419874648 34.00626138619059 12
22.06676400276095 7.603245869127258 12
-22.19211245882316 7.737043271617196 12
22.02162017240817 -7.879327202173874 12
-22.28967094563641 -7.693800748699101 12
12.32436852307509 34.43589602597808 12
10.93474444871157 31.74126112207137 12
-12.83990234056522 35.40866080126274 12
-12.44939734374968 32.64843610467605 12
-9.456695082700168 31.48749278052097 12
12.8556668488295 -35.38461151515188 12
12.46717726768103 -32.62099058098053 12
9.57076887651705 -31.3151755394871 12
-12.32436852306829 -34.43589602597794 12
-10.93474444870451 -31.74126112207085 12
7.757960361188156 31.92266684668128 12
12.22465018183037 -29.50235655708005 12
-12.20294065779685 29.53378336063319 12
-0.7046957672228735 22.99508988778403 12
-3.623545317926898e-14 -23.51141009169893 12
-28.0456076901194 -24.96115914481942 12
-25.84262617805313 -24.31047669865056 12
-27.60429706364298 -22.56245177043797 12
-24.9272947635232 -21.78532834922562 12
-23.05361970758348 -23.93829752551591 12
-28.03323531458536 24.9633919790376 12
-25.56780614686173 24.37640290381538 12
-27.57395568129911 22.54548591195699 12
-24.87099269177575 21.7924159379948 12
-23.15088305790728 23.55026271094766 12
28.03323531459889 -24.96339197902825 12
25.56747505925093 -24.37655928087695 12
27.5739005000458 -22.54551197479197 12
24.87092831364385 -21.79244634463294 12
23.15046085406513 -23.55139286795662 12
28.02156707935238 24.94927556422886 12
25.69776308004419 24.28851299529959 12
27.6060428398321 22.52625202385855 12
24.96121955991417 21.78702118126949 12
22.86079522397873 23.91254873173744 12
-35.36106484778954 -12.60598023963982 12
-35.36106484778959 12.60598023964678 12
35.36106484779 -12.60598023964278 12
35.37925591340922 12.59866292222591 12
-27.02598137937463 19.72448414834298 12
-27.04042195506134 -19.72613052662176 12
27.04636705049747 19.72037937420375 12
27.02596145282624 -19.72449355991301 12
23.99329885722928 -18.90681757838314 12
26.35573469423012 -16.6059805445221 12
24.13750254982448 18.89862421423264 12
26.36887707436355 16.63892328815192 12
-24.08755875985874 -18.88804008014069 12
-26.36222363561783 -16.63834793318548 12
-23.99331290799468 18.90681094202857 12
-26.35574035709696 16.60597786987878 12
9.290762125958645 28.47640934725044 12
12.98787686844668 28.73645555823607 12
5.74653630321367 29.22443539509308 12
9.263175195315142 -28.07991813628448 12
6.481331191017443 -29.95650139836434 12
-9.240263929256553 28.09240097581943 12
25.13341725305375 -28.15763307963941 12
-25.05139979737288 -27.80477612830039 12
25.29209652505778 28.05480081990626 12
-25.13381455819459 28.15744542716291 12
-14.68124485188926 -31.87706188325226 12
-12.63344821510104 -28.89262137094956 12
-9.222300481962762 -28.84700537327065 12
-32.31975594432674 -12.38517747689046 12
-30.83574208229955 -9.022421197386338 12
32.27717544365755 -12.37245490387289 12
31.43801459850301 -9.230747770213393 12
-32.27061611471004 12.39474718661961 12
-30.53524853081706 9.276998590058653 12
32.28018224851216 12.39004534658847 12
31.1677077064241 8.656044830708296 12
5.943531662329955 -26.58458531436485 12
3.30306837946931 -28.67116360904781 12
-6.524297696147487 29.97117314425332 12
-5.937710499550461 26.58424053240335 12
12.11016305023639 -26.28552599914325 12
15.05477348031148 -27.71189303881597 12
15.01028489552646 -24.41782715739435 12
-12.10283444876111 26.29099301308123 12
-15.05062613818327 27.71584002728624 12
-15.00834805952685 24.41691501459124 12
23.1139641725918 -15.81379472611306 12
25.55782257818808 -13.32727994097626 12
23.25857168708598 15.69168089228101 12
25.59775526033143 13.32214006138125 12
-23.26361769099488 -15.68994719697825 12
-25.63560652956899 -13.46031747139527 12
-23.11396417256669 15.81379472613448 12
-25.5924804757774 13.32566816724244 12
17.87999830809939 -25.95080535286296 12
17.89921474998693 -22.51123591078029 12
-17.87923085141048 25.9485079379934 12
-17.89894408324973 22.50698907849914 12
-3.269233329113428 28.4590468961892 12
-14.56321885139441 -18.24515701798895 12
-18.42695857815108 -19.70072498250649 12
-15.61753002215181 -22.15715683082988 12
13.09581981940059 19.64826356133116 12
-15.80712646079512 -28.45070024064347 12
-4.155888526078847 -23.49683199473029 12
-2.037050397585718 -26.99261569886244 12
5.854612913071907 23.02614391549129 12
14.93157910432861 -21.11338714112809 12
-14.93095050153513 21.11108621067786 12
23.38642355445112 3.100613659079693 12
23.2797285142906 -3.61930888621967 12
26.35324198175726 5.601554504500402 12
27.43213008280542 1.606734332741846 12
-23.46216426716475 3.11873070131209 12
-24.4106432925326 -0.9374203965077268 12
-27.3313386316609 1.538112676267354 12
-28.04115402316729 -2.326003521246874 12
12.65506741919281 23.31302451126714 12
16.0819083390411 22.04613138807824 12
15.26695619909101 25.82663333342134 12
-22.67876474279618 12.0245223451114 12
22.67617497421363 11.98480495642886 12
-22.19167156885179 -12.30600402354284 12
22.5400352029812 -12.10364030133183 12
-29.33233772591511 20.69540434800358 12
29.35767914249259 20.68805721450255 12
-29.35614096816316 -20.69644739429926 12
29.33232270436619 -20.69541144287857 12
-26.47536022893338 5.312505524308965 12
26.34021266185916 -6.540464036215245 12
3.810007040308447 -31.83134193426702 12
19.36511032602333 23.91765784244042 12
19.25608218579854 20.75979784714892 12
4.328272106059234 32.44630045810207 12
2.439594395986092 29.87801727434185 12
-10.40311312743722 -25.26810778215945 12
18.47359745749967 27.43584852236252 12
-20.73870285941306 17.5410756142556 12
20.73887396901457 -17.54186600843001 12
-19.42561965963762 -23.06767319261821 12
-5.932079539372996 -34.05606837851923 12
33.1344301486258 -6.057893067350866 12
-33.28317544694005 -5.939586893854443 12
-4.120753613835119 -30.26666935450103 12
-6.25988855457182 33.65538776289969 12
-28.86149667103474 14.42741172917323 12
-28.9808774615012 -14.33448692952497 12
28.86681125971026 14.4293163040239 12
28.87181163130985 -14.37299040357408 12
-15.08113101873251 34.16912259551675 12
15.08653461052369 -34.16138938802871 12
30.17292751694141 4.533603128878429 12
-17.22878911344668 -25.54484410225468 12
-20.35604303714995 -25.95332264889305 12
9.333240622770328 24.76702886208248 12
-33.72284257629757 -1.830898286885545 12
33.42319396584638 -2.065069926654187 12
29.89554621336765 -3.816801298225445 12
-7.419460697811662 -25.83329529142408 12
-33.13443014862663 6.057893067357605 12
14.59198736536046 31.75411352245212 12
17.78988844404267 33.47803761340962 12
3.778303422118912 26.28288310943481 12
4.846949028830316 -22.80310234014257 12
-4.84199565644023 22.77979855525266 12
-26.45862769663777 9.363656438175163 12
25.60503892758404 9.428331392928344 12
0.1159925411135973 -30.42193829361824 12
-17.84801094224301 -33.59980354483265 12
33.92662327253827 6.117150616680857 12
7.074084004766442 -33.19225573964199 12
-17.92102790643784 29.28793810990216 12
-20.53576774928667 27.74521319685545 12
17.92153225620072 -29.28938205588558 12
20.53569102809838 -27.74682885258982 12
9.037125722257658 -24.78020722709729 12
-9.036923587985896 24.77908475212845 12
30.04527730814666 -23.31206630096773 12
30.09524194420185 23.30107766776467 12
-30.09650267428833 -23.30450778844486 12
-30.04528157215181 23.31206428702158 12
-12.40051810634804 -22.9818979779191 12
-29.83716760024578 -17.77463578145804 12
29.8151913805896 -17.77513051963678 12
-29.81372361639817 17.78290225456959 12
29.82289195834964 17.78624483820935 12
-29.49239280111968 -5.753041516626721 12
-26.80467851150002 -8.147466823739247 12
-25.57579233528965 -4.700135466790648 12
-21.91557044852228 -21.10154030505893 12
21.54743366734408 -21.09886906668807 12
-21.64322773105921 21.09703296140442 12
25.01788432717713 -9.738008415886309 12
-30.15779338634298 3.564785359457368 12
21.48469426007257 26.57083958321529 12
21.94813199873221 21.24165513006817 12
17.91931652950198 -19.21777139064068 12
-17.93509827272256 19.21575290406726 12
16.72689203734517 18.85445847546381 12
-36.53113621425921 -14.4062182221148 12
-36.53113621425899 14.40621822212153 12
36.531136214261 -14.40621822211902 12
36.52547999049792 14.49251782293575 12
15.71974888567756 28.8228056960549 12
20.44389988155386 17.99207091625333 12
-30.61150127807885 -0.0563288910278863 12
-25.45083985944878 -29.8381933593358 12
-23.21753623111176 -29.59240635885113 12
-25.46732281161191 29.90872721911389 12
-23.21753623111842 29.59240635886388 12
25.46724335058965 -29.90876474960076 12
23.21753623112536 -29.59240635884826 12
25.49897920498994 29.88819829766077 12
23.21536794669511 29.45991961910421 12
30.34939278459028 -0.04791778155807128 12
-14.01508750754665 -25.54922138412603 12
-29.98717893478591 -25.45018604040298 12
29.97445938645788 -25.45214430974923 12
-29.97446023925159 25.45214390696663 12
29.98211866661822 25.44712330015173 12
28.39825794078691 -10.32253098871336 12
-20.91230403160194 -17.64642206987603 12
-15.05326417557286 30.93396849680053 12
15.05856838262348 -30.92666138918997 12
-17.85743847640833 32.98719027454967 12
17.85930440449467 -32.98500564172958 12
20.48869139979581 -24.33806935642708 12
-20.49682750446232 24.33482678126887 12
23.52096282359051 -26.33090824801013 12
-23.52230045536625 26.3300036169512 12
1.37681380763544 33.97480377319241 12
-7.693725404565892 -31.31161534355401 12
-22.8917332055449 -26.97856489784433 12
12.01984682168366 -22.89215927116938 12
-12.01779853969652 22.89157367448371 12
14.7838906949182 -36.56938656048671 12
-14.78234783047739 36.57170306876826 12
0.4288050314156879 26.74634124841227 12
2.85475040386219 -25.55726788077773 12
24.09483350978469 25.91896182053674 12
-2.779083554812019 25.36687339988824 12
14.46579603872549 -17.84581895288279 12
-14.46746599847935 17.84459259788598 12
28.6116953599357 11.02763099202201 12
-28.2574770349097 11.54317640893359 12
6.758503577766083 26.35468154186135 12
1.743920891939142 -34.09281032702523 12
-14.48325499734921 -35.59533087876987 12
14.46220071382118 35.56037169416684 12
20.61967522566134 -14.38869497775207 12
20.61444265938566 14.49962332305205 12
-20.61223200910346 -14.49438662813812 12
-20.64736304650565 14.37254281021044 12
-6.638383642847252 -28.51560072450005 12
34.31608292620947 14.93808765108711 12
34.31349265175913 -14.92199219673237 12
-34.31239943026419 14.92570757719366 12
-34.32058940186849 -14.92411262556766 12
18.02329270945944 30.34686661754094 12
-28.65288142448219 -11.28887539674366 12
-12.1136840740065 -20.02791996923386 12
-24.80521723680419 -10.52348226227296 12
12.08940786297245 -20.05901372904752 12
24.90345324470696 -0.3660865682465255 12
26.87048423591951 -2.729102111024897 12
-12.08901033333314 20.05728763741668 12
-3.843323615457371 31.35383486349259 12
-0.8569821882347048 30.73638424030315 12
6.585658928235739 34.53919597527819 12
-7.316566567118711 -22.96447142295407 12
-18.34319012505732 -27.73089309764246 12
-20.87607263759666 -28.61502774901608 12
20.40322596947314 29.07042396115717 12
19.37337740542053 -11.35796663739094 12
19.45379226636174 11.46952023443716 12
-19.29450858672502 -11.25062084167321 12
-19.40201603816416 11.33769397228227 12
-18.0492685191395 -30.4996660303651 12
-31.97332439194523 20.61968242386256 12
-31.98504681197509 -20.61792290893166 12
31.98338035987465 20.61789776086892 12
31.97349682988385 -20.61875830169981 12
11.97572635168691 26.12458759058066 12
2.289518972947342 23.78817921369757 12
28.15267675705223 7.93990801650183 12
-31.66295985149783 15.4069746333063 12
-31.70299076660523 -15.38450344648236 12
31.66850636357316 15.40955971177622 12
31.66684690648044 -15.38933448855673 12
29.68231860753852 -7.045711437318422 12
0.7899564493291003 -27.17919702722864 12
-29.35229199827156 6.71516779587155 12
-24.71204321045693 -25.93152873471782 12
-22.41621443778192 -3.343079793924226 12
-4.806407281148014 -26.67736946028779 12
-30.92039116179863 -3.197416775170284 12
4.843390243442903 -34.62328160018686 12
12.81620730300832 36.11918140647428 12
-12.82147087388429 -36.12792120262429 12
2 30 0 0
2 31 0 70
1674
1675
1676
1677
1678
1679
1680
1681
1682
1683
1684
1685
1686
1687
1688
1689
1690
1691
1692
1693
1694
1695
1696
1697
1698
1699
1700
1701
1702
1703
1704
1705
1706
1707
1708
1709
1710
1711
1712
1713
1714
1715
1716
1717
1718
1719
1720
1721
1722
1723
1724
1725
1726
1727
1728
1729
1730
1731
1732
1733
1734
1735
1736
1737
1738
1739
1740
1741
1742
1743
-10.30687966275998 -59.80198835084863 0
1.19606577326131 -72.47040356119643 0
10.48229716619302 -55.96708971423276 0
0.1039168837776181 -44.35750954105204 0
10.50028571724405 -63.26638245648568 0
-10.37571623914287 -52.58187095264191 0
-4.937648263669935 -72.12811661400366 0
10.3915595635325 -48.82790424737421 0
8.071070774099553 -70.86548649209783 0
-10.65163570937902 -67.68783314081116 0
-8.437285607503497 -42.91055995463734 0
8.240274138702411 -43.14641105258741 0
4.29620829607634 -44.15034031540664 0
2.433416359454927 -47.79111820913394 0
-1.601756649883116 -47.89214315192758 0
0.7062044242949419 -51.23039818749191 0
-3.131543269120407 -51.50164293646417 0
-0.9686036958771478 -54.64606490093817 0
2.81636383846886 -54.350887533372 0
1.169496477310087 -57.76809053946289 0
-2.58726937049898 -58.05548317895222 0
-0.4451928158416454 -61.14164397220345 0
3.253353220367224 -60.83964478072298 0
1.659164011686482 -64.18035052995593 0
-1.984402364717274 -64.45782172460356 0
-5.657188549603339 -48.41429414101269 0
5.133938693161358 -64.00643260572292 0
3.718232675328295 -67.06619804205394 0
7.096538659040981 -67.06361369391473 0
7.142734095311937 -61.06105958155908 0
-11.04756235539313 -71.4622758974852 0
-4.479269051771942 -44.52132548617502 0
6.769850767921852 -47.46047928276854 0
0.07727861753796894 -67.2179648169234 0
-3.625051790677134 -67.23715358542272 0
-5.842871163334754 -64.22719631598764 0
11.14128246766726 -71.09222222222223 0
-9.850676300945645 -63.92428610913377 0
-4.579875523225422 -54.87207245969531 0
-6.734114406991194 -58.07462603189869 0
-7.830880390263446 -69.88774271570225 0
10.47319085072655 -52.313951546602 0
7.00589969385911 -54.22578096318907 0
-10.3823397157258 -56.18913773302604 0
-9.802609886615127 -48.83304819801278 0
-4.185233959005563 -61.27490464388909 0
4.878083237608848 -57.66429657691336 0
-1.744142441964195 -70.12436583522484 0
4.628505785019165 -51.01061395729113 0
10.53064127324648 -59.59432648776048 0
4.529566192991542 -71.91967479685135 0
-6.835582231437876 -51.85099122039637 0
10.2645264314846 -67.32522045051272 0
-7.383955098607428 -61.46060029035156 0
11.85113971779478 -73.01193768191385 0
5.277767322216434 -69.25547226225609 0
7.784630123618722 -50.63418649280894 0
-7.846996310536788 -46.17846429098503 0
8.007931093243879 -57.70251066473095 0
-7.360177053868727 -67.01003158227167 0
10.76354011196541 -44.94153983786244 0
-10.87774133437848 -44.6894194813466 0
12.0016776412417 -40.88777777777778 0
-12.00167764123549 -40.88777777777779 0
2.103511497597708 -69.45605688874947 0
-8.130246857508512 -72.49038554344631 0
-7.699449425080742 -54.69634106276692 0
-1.771917075515075 -72.92138821577353 0
7.864628841946423 -64.35550495553517 0
-5.250612139459944 -69.37444685559416 0
2 32 0 0
2 33 0 0
2 34 0 70
1744
1745
1746
1747
1748
1749
1750
1751
1752
1753
1754
1755
1756
1757
1758
1759
1760
1761
1762
1763
1764
1765
1766
1767
1768
1769
1770
1771
1772
1773
1774
1775
1776
1777
1778
1779
1780
1781
1782
1783
1784
1785
1786
1787
1788
1789
1790
1791
1792
1793
1794
1795
1796
1797
1798
1799
1800
1801
1802
1803
1804
1805
1806
1807
1808
1809
1810
1811
1812
1813
-59.80198835084857 10.30687966276715 0
-72.47040356119825 -1.196065773256759 0
-55.96708971423281 -10.4822971661855 0
-44.35750954105205 -0.1039168837704967 0
-63.2663824564852 -10.5002857172355 0
-52.58187095264157 10.37571623915016 0
-72.12811661400499 4.937648263675092 0
-48.82790424737463 -10.3915595635253 0
-70.86548649209783 -8.071070774092039 0
-67.68783314081121 10.65163570938581 0
-42.91055995463658 8.437285607510283 0
-43.14641105258817 -8.240274138695629 0
-44.15034031540723 -4.296208296069278 0
-47.79111820913432 -2.433416359447325 0
-47.89214315192736 1.601756649890762 0
-51.23039818749204 -0.7062044242868186 0
-51.50164293646377 3.131543269128473 0
-54.64606490093799 0.9686036958857347 0
-54.3508875333724 -2.816363838460198 0
-57.76809053946293 -1.169496477300962 0
-58.05548317895165 2.587269370507922 0
-61.14164397220294 0.4451928158511311 0
-60.83964478072299 -3.25335322035729 0
-64.18035052995526 -1.65916401167628 0
-64.45782172460224 1.98440236472703 0
-48.41429414101218 5.657188549610858 0
-64.00643260572244 -5.133938693150927 0
-67.06619804205303 -3.718232675317328 0
-67.06361369391402 -7.096538659030188 0
-61.06105958155884 -7.142734095302711 0
-71.46227589748506 11.04756235539969 0
-44.52132548617448 4.479269051779063 0
-47.46047928276926 -6.769850767914438 0
-67.21796481692343 -0.07727861752768916 0
-67.23715358542304 3.625051790686083 0
-64.22719631598724 5.842871163343011 0
-71.09222222222222 -11.14128246766109 0
-63.9242861091337 9.850676300952953 0
-54.87207245969462 4.57987552323379 0
-58.07462603189812 6.734114406999271 0
-69.88774271570247 7.830880390269432 0
-52.31395154660227 -10.47319085071929 0
-54.22578096318956 -7.005899693850974 0
-56.18913773302566 10.38233971573324 0
-48.83304819801236 9.802609886622395 0
-61.2749046438885 4.185233959014313 0
-57.66429657691352 -4.878083237599963 0
-70.12436583522575 1.744142441971038 0
-51.01061395729175 -4.628505785011189 0
-59.59432648776041 -10.53064127323856 0
-71.91967479685151 -4.529566192984667 0
-51.85099122039574 6.83558223144561 0
-67.32522045051235 -10.26452643147659 0
-61.46060029035123 7.383955098615338 0
-73.0119376819132 -11.85113971778856 0
-69.25547226225561 -5.27776732220638 0
-50.63418649280986 -7.784630123610977 0
-46.17846429098437 7.846996310544045 0
-57.70251066473103 -8.007931093235538 0
-67.01003158227172 7.36017705387585 0
-44.94153983786276 -10.76354011195848 0
-44.6894194813463 10.87774133438541 0
-40.88777777777779 12.00167764124171 0
-40.88777777777779 -12.00167764123547 0
-69.45605688874912 -2.103511497587835 0
-72.49038554344632 8.130246857514239 0
-54.6963410627656 7.69944942508888 0
-72.92138821577433 1.771917075518816 0
-64.35550495553372 -7.864628841937368 0
-69.37444685559414 5.250612139466888 0
2 35 0 0
2 36 0 0
2 37 0 70
1814
1815
1816
1817
1818
1819
1820
1821
1822
1823
1824
1825
1826
1827
1828
1829
1830
1831
1832
1833
1834
1835
1836
1837
1838
1839
1840
1841
1842
1843
1844
1845
1846
1847
1848
1849
1850
1851
1852
1853
1854
1855
1856
1857
1858
1859
1860
1861
1862
1863
1864
1865
1866
1867
1868
1869
1870
1871
1872
1873
1874
1875
1876
1877
1878
1879
1880
1881
1882
1883
10.3068796627674 59.80198835084836 0
-1.196065773255151 72.47040356119851 0
-10.4822971661849 55.9670897142326 0
-0.1039168837703386 44.35750954105143 0
-10.50028571723401 63.26638245648436 0
10.37571623915058 52.58187095264051 0
4.937648263675715 72.12811661400548 0
-10.39155956352505 48.82790424737425 0
-8.071070774090373 70.86548649209722 0
10.6516357093858 67.68783314081119 0
8.437285607509518 42.9105599546366 0
-8.240274138694346 43.14641105258806 0
-4.296208296068126 44.15034031540692 0
-2.4334163594465 47.7911182091335 0
1.601756649891263 47.89214315192594 0
-0.7062044242857102 51.2303981874907 0
3.131543269129564 51.50164293646156 0
0.9686036958876549 54.64606490093596 0
-2.816363838458017 54.35088753337102 0
-1.169496477298269 57.7680905394611 0
2.587269370510507 58.0554831789491 0
0.4451928158543943 61.1416439722007 0
-3.253353220353972 60.83964478072144 0
-1.659164011672395 64.18035052995334 0
1.984402364730904 64.45782172459965 0
5.657188549611256 48.41429414101106 0
-5.133938693147304 64.00643260572096 0
-3.718232675312908 67.06619804205145 0
-7.096538659026429 67.06361369391279 0
-7.142734095300277 61.06105958155765 0
11.04756235539949 71.46227589748531 0
4.479269051779006 44.52132548617411 0
-6.769850767913635 47.46047928276873 0
-0.07727861752332998 67.21796481692198 0
3.625051790688953 67.23715358542219 0
5.842871163344951 64.22719631598619 0
-11.14128246766096 71.09222222222223 0
9.850676300953506 63.92428610913352 0
4.579875523235559 54.87207245969189 0
6.734114407000871 58.07462603189644 0
7.830880390269383 69.88774271570253 0
-10.4731908507192 52.31395154660197 0
-7.005899693849933 54.22578096318877 0
10.38233971573391 56.18913773302461 0
9.802609886622744 48.83304819801164 0
4.185233959016795 61.27490464388683 0
-4.878083237597696 57.66429657691218 0
1.744142441973118 70.1243658352256 0
-4.628505785010525 51.01061395729103 0
-10.53064127323749 59.59432648775982 0
-4.529566192982465 71.91967479685104 0
6.83558223144651 51.85099122039357 0
-10.26452643147527 67.32522045051167 0
7.383955098616704 61.46060029035027 0
-11.85113971778869 73.01193768191288 0
-5.277767322202582 69.25547226225451 0
-7.784630123610928 50.63418649280888 0
7.846996310544315 46.17846429098411 0
-8.007931093234056 57.70251066473021 0
7.360177053876218 67.01003158227165 0
-10.76354011195791 44.94153983786259 0
10.8777413343852 44.68941948134614 0
12.00167764124063 40.88777777777779 0
-12.00167764123444 40.88777777777779 0
-2.103511497583671 69.45605688874807 0
8.130246857514219 72.49038554344649 0
7.69944942509062 54.69634106276223 0
1.77191707551966 72.92138821577444 0
-7.864628841935119 64.35550495553169 0
5.250612139467536 69.37444685559457 0
2 38 0 0
2 39 0 2
1884
1885
38.99999999999856 -1.644853790847666 12
39.00000000000144 1.644853790848565 12
2 40 0 0
2 41 0 0
2 42 0 0
2 43 0 70
1886
1887
1888
1889
1890
1891
1892
1893
1894
1895
1896
1897
1898
1899
1900
1901
1902
1903
1904
1905
1906
1907
1908
1909
1910
1911
1912
1913
1914
1915
1916
1917
1918
1919
1920
1921
1922
1923
1924
1925
1926
1927
1928
1929
1930
1931
1932
1933
1934
1935
1936
1937
1938
1939
1940
1941
1942
1943
1944
1945
1946
1947
1948
1949
1950
1951
1952
1953
1954
1955
-10.30687966275998 -59.80198835084863 12
1.19606577326131 -72.47040356119643 12
10.48229716619302 -55.96708971423276 12
0.1039168837776181 -44.35750954105204 12
10.50028571724405 -63.26638245648568 12
-10.37571623914287 -52.58187095264191 12
-4.937648263669935 -72.12811661400366 12
10.3915595635325 -48.82790424737421 12
8.071070774099553 -70.86548649209783 12
-10.65163570937902 -67.68783314081116 12
-8.437285607503497 -42.91055995463734 12
8.240274138702411 -43.14641105258741 12
4.29620829607634 -44.15034031540664 12
2.433416359454927 -47.79111820913394 12
-1.601756649883116 -47.89214315192758 12
0.7062044242949419 -51.23039818749191 12
-3.131543269120407 -51.50164293646417 12
-0.9686036958771478 -54.64606490093817 12
2.81636383846886 -54.350887533372 12
1.169496477310087 -57.76809053946289 12
-2.58726937049898 -58.05548317895222 12
-0.4451928158416454 -61.14164397220345 12
3.253353220367224 -60.83964478072298 12
1.659164011686482 -64.18035052995593 12
-1.984402364717274 -64.45782172460356 12
-5.657188549603339 -48.41429414101269 12
5.133938693161358 -64.00643260572292 12
3.718232675328295 -67.06619804205394 12
7.096538659040981 -67.06361369391473 12
7.142734095311937 -61.06105958155908 12
-11.04756235539313 -71.4622758974852 12
-4.479269051771942 -44.52132548617502 12
6.769850767921852 -47.46047928276854 12
0.07727861753796894 -67.2179648169234 12
-3.625051790677134 -67.23715358542272 12
-5.842871163334754 -64.22719631598764 12
11.14128246766726 -71.09222222222223 12
-9.850676300945645 -63.92428610913377 12
-4.579875523225422 -54.87207245969531 12
-6.734114406991194 -58.07462603189869 12
-7.830880390263446 -69.88774271570225 12
10.47319085072655 -52.313951546602 12
7.00589969385911 -54.22578096318907 12
-10.3823397157258 -56.18913773302604 12
-9.802609886615127 -48.83304819801278 12
-4.185233959005563 -61.27490464388909 12
4.878083237608848 -57.66429657691336 12
-1.744142441964195 -70.12436583522484 12
4.628505785019165 -51.01061395729113 12
10.53064127324648 -59.59432648776048 12
4.529566192991542 -71.91967479685135 12
-6.835582231437876 -51.85099122039637 12
10.2645264314846 -67.32522045051272 12
-7.383955098607428 -61.46060029035156 12
11.85113971779478 -73.01193768191385 12
5.277767322216434 -69.25547226225609 12
7.784630123618722 -50.63418649280894 12
-7.846996310536788 -46.17846429098503 12
8.007931093243879 -57.70251066473095 12
-7.360177053868727 -67.01003158227167 12
10.76354011196541 -44.94153983786244 12
-10.87774133437848 -44.6894194813466 12
12.0016776412417 -40.88777777777778 12
-12.00167764123549 -40.88777777777779 12
2.103511497597708 -69.45605688874947 12
-8.130246857508512 -72.49038554344631 12
-7.699449425080742 -54.69634106276692 12
-1.771917075515075 -72.92138821577353 12
7.864628841946423 -64.35550495553517 12
-5.250612139459944 -69.37444685559416 12
2 44 0 26
1956
1957
1958
1959
1960
1961
1962
1963
1964
1965
1966
1967
1968
1969
1970
1971
1972
1973
1974
1975
1976
1977
1978
1979
1980
1981
13.58893928019699 -63.54111111111114 3.269727024510563
13.588939280197 -55.99000000000005 3.269727024510578
13.588939280197 -48.43888888888892 3.26972702451059
13.58893928019699 -67.29336238680207 8.916082844269871
13.58893928019699 -59.76555555555559 8.730272975489431
13.588939280197 -52.21444444444448 8.730272975489417
13.588939280197 -44.68663761319796 8.916082844269862
13.588939280197 -52.21444444444448 3.269727024510584
13.58893928019699 -59.76555555555561 3.269727024510576
13.588939280197 -44.68663761319796 3.083917155730132
13.588939280197 -55.99000000000004 8.730272975489411
13.588939280197 -48.43989993809865 8.785142386100564
13.58893928019699 -67.29336238680207 3.083917155730123
13.58893928019699 -63.5401000619014 8.785142386100571
13.58893928019699 -69.75363181879787 5.999999999999986
13.588939280197 -42.22636818120214 5.999999999999986
13.58893928019699 -57.87777777777782 5.999999999999995
13.588939280197 -54.10222222222227 5.999999999999997
13.58893928019699 -61.65333333333335 6.000000000000006
13.588939280197 -50.32666666666671 6
13.58893928019699 -65.42888888888888 5.999999999999992
13.588939280197 -46.55111111111113 6.000000000000001
13.58893928019699 -70.25755594521527 2.787832224797117
13.588939280197 -41.72244405478474 2.787832224797119
13.588939280197 -41.72244405478473 9.212167775202875
13.58893928019699 -70.2575559452153 9.212167775202889
2 45 0 0
2 46 0 11
1982
1983
1984
1985
1986
1987
1988
1989
1990
1991
1992
3.463177238505023 -74.89997866097627 5.999999999999983
8.419703923778044 -74.5057647825718 9.077472688936485
8.419703923777977 -74.50576478257182 2.922527311063515
5.058374588878726 -74.80917889215591 2.922689202188463
5.0586544895573 -74.80915996557695 9.077472688936455
10.39461884937318 -74.25599167054639 5.999999999999984
6.928527375132096 -74.65919841795815 5.9999990283568
11.12178862753269 -74.15056451386251 2.548844495617569
2.336169122350787 -74.94359688346813 2.547690688965346
2.336640594650703 -74.94358218507726 9.451155504385504
11.12208751271115 -74.15051968367852 9.452166302786164
2 47 0 11
1993
1994
1995
1996
1997
1998
1999
2000
2001
2002
2003
-10.00565396042098 -74.30940242542873 5.999999999999984
-5.058654489554006 -74.80915996557718 9.077472688938387
-5.058654489554006 -74.80915996557718 2.922527311061612
-8.419982689196518 -74.50573327948415 2.922689202187564
-8.419703923772513 -74.50576478257243 9.077472688938434
-3.070935302065578 -74.91708587745875 5.999999999999983
-6.553202718382646 -74.69307822102247 5.999999028356807
-2.33664059465093 -74.94358218507726 2.548844495624441
-11.12225511068384 -74.15049454489746 2.547690688974696
-11.12178862752448 -74.15056451386374 9.451155504375899
-2.33633851286117 -74.94359160297378 9.452166302779656
2 48 0 0
2 49 0 26
2004
2005
2006
2007
2008
2009
2010
2011
2012
2013
2014
2015
2016
2017
2018
2019
2020
2021
2022
2023
2024
2025
2026
2027
2028
2029
-13.58893928019001 -63.47024825472512 8.771185664699457
-13.58893928019 -55.99000000000005 3.269727024510578
-13.58893928019 -48.43888888888892 3.26972702451059
-13.58893928019001 -67.2131778184702 2.870340118993449
-13.58893928019 -52.21444444444448 8.730272975489417
-13.58893928019 -44.68663761319796 8.916082844269862
-13.58893928019 -52.21444444444448 3.269727024510584
-13.58893928019 -55.99000000000005 8.730272975489422
-13.58893928019001 -59.75374507949127 8.827348527288766
-13.58893928019001 -61.49782873181958 5.843180023827856
-13.58893928019 -44.68663761319796 3.083917155730132
-13.58893928019 -48.43989993809865 8.785142386100564
-13.58893928019001 -67.28665330654049 8.787008783191292
-13.58893928019 -42.22636818120214 5.999999999999986
-13.58893928019001 -69.69108339261561 5.966856048959992
-13.58893928019001 -59.73963812196996 2.973863337304648
-13.58893928019001 -65.45001710254702 5.827792840432772
-13.58893928019 -54.10222222222227 6.000347762094144
-13.58893928019 -50.32666666666671 6
-13.58893928019001 -57.87777777777782 6.002086572564864
-13.58893928019001 -63.49714733283817 2.919196053426454
-13.58893928019 -46.55111111111113 6.000000000000001
-13.58893928019001 -70.2575559452153 9.212167775202889
-13.58893928019 -41.72244405478474 2.787832224797119
-13.58893928019 -41.72244405478473 9.212167775202875
-13.58893928019001 -70.41374113110606 2.567439233590687
2 50 0 70
2030
2031
2032
2033
2034
2035
2036
2037
2038
2039
2040
2041
2042
2043
2044
2045
2046
2047
2048
2049
2050
2051
2052
2053
2054
2055
2056
2057
2058
2059
2060
2061
2062
2063
2064
2065
2066
2067
2068
2069
2070
2071
2072
2073
2074
2075
2076
2077
2078
2079
2080
2081
2082
2083
2084
2085
2086
2087
2088
2089
2090
2091
2092
2093
2094
2095
2096
2097
2098
2099
-59.80198835084857 10.30687966276715 12
-72.47040356119825 -1.196065773256759 12
-55.96708971423281 -10.4822971661855 12
-44.35750954105205 -0.1039168837704967 12
-63.26638245648521 -10.50028571723549 12
-52.58187095264157 10.37571623915016 12
-72.12811661400499 4.937648263675092 12
-48.82790424737463 -10.3915595635253 12
-70.86548649209783 -8.071070774092032 12
-67.68783314081121 10.65163570938581 12
-42.91055995463658 8.437285607510283 12
-43.14641105258817 -8.240274138695629 12
-44.15034031540723 -4.296208296069278 12
-47.79111820913432 -2.433416359447325 12
-47.89214315192736 1.601756649890762 12
-51.23039818749204 -0.7062044242868186 12
-51.50164293646377 3.131543269128473 12
-54.64606490093799 0.9686036958857347 12
-54.3508875333724 -2.816363838460198 12
-57.76809053946293 -1.169496477300962 12
-58.05548317895165 2.587269370507922 12
-61.14164397220294 0.4451928158511311 12
-60.83964478072299 -3.25335322035729 12
-64.18035052995526 -1.65916401167628 12
-64.45782172460224 1.98440236472703 12
-48.41429414101218 5.657188549610858 12
-64.00643260572244 -5.133938693150927 12
-67.06619804205303 -3.718232675317328 12
-67.06361369391402 -7.096538659030188 12
-61.06105958155884 -7.142734095302711 12
-71.46227589748506 11.04756235539969 12
-44.52132548617448 4.479269051779063 12
-47.46047928276926 -6.769850767914438 12
-67.21796481692343 -0.07727861752768916 12
-67.23715358542304 3.625051790686083 12
-64.22719631598724 5.842871163343011 12
-71.09222222222223 -11.14128246766109 12
-63.9242861091337 9.850676300952953 12
-54.87207245969462 4.57987552323379 12
-58.07462603189812 6.734114406999271 12
-69.88774271570247 7.830880390269432 12
-52.31395154660227 -10.47319085071929 12
-54.22578096318956 -7.005899693850974 12
-56.18913773302566 10.38233971573324 12
-48.83304819801236 9.802609886622395 12
-61.2749046438885 4.185233959014313 12
-57.66429657691352 -4.878083237599963 12
-70.12436583522575 1.744142441971038 12
-51.01061395729175 -4.628505785011189 12
-59.59432648776041 -10.53064127323856 12
-71.91967479685152 -4.529566192984667 12
-51.85099122039574 6.83558223144561 12
-67.32522045051235 -10.26452643147659 12
-61.46060029035123 7.383955098615338 12
-73.0119376819132 -11.85113971778855 12
-69.25547226225561 -5.27776732220638 12
-50.63418649280986 -7.784630123610977 12
-46.17846429098437 7.846996310544045 12
-57.70251066473103 -8.007931093235538 12
-67.01003158227172 7.36017705387585 12
-44.94153983786276 -10.76354011195848 12
-44.6894194813463 10.87774133438541 12
-40.88777777777779 12.00167764124171 12
-40.88777777777779 -12.00167764123547 12
-69.45605688874912 -2.103511497587835 12
-72.49038554344632 8.130246857514239 12
-54.6963410627656 7.69944942508888 12
-72.92138821577433 1.771917075518816 12
-64.35550495553372 -7.864628841937368 12
-69.37444685559414 5.250612139466888 12
2 51 0 26
2100
2101
2102
2103
2104
2105
2106
2107
2108
2109
2110
2111
2112
2113
2114
2115
2116
2117
2118
2119
2120
2121
2122
2123
2124
2125
-63.47024825472512 -13.58893928019 8.771185664699457
-55.99000000000005 -13.58893928019 3.269727024510578
-48.43888888888892 -13.58893928019 3.26972702451059
-67.2131778184702 -13.58893928019 2.870340118993449
-52.21444444444448 -13.58893928019 8.730272975489417
-44.68663761319796 -13.58893928019 8.916082844269862
-52.21444444444448 -13.58893928019 3.269727024510584
-55.99000000000005 -13.58893928019 8.730272975489422
-59.75374507949127 -13.58893928019 8.827348527288766
-61.49782873181958 -13.58893928019 5.843180023827856
-44.68663761319796 -13.58893928019 3.083917155730132
-48.43989993809865 -13.58893928019 8.785142386100564
-67.28665330654049 -13.58893928019 8.787008783191292
-42.22636818120214 -13.58893928019 5.999999999999986
-69.69108339261561 -13.58893928019 5.966856048959992
-59.73963812196996 -13.58893928019 2.973863337304648
-65.45001710254702 -13.58893928019 5.827792840432772
-54.10222222222227 -13.58893928019 6.000347762094144
-50.32666666666671 -13.58893928019 6
-57.87777777777782 -13.58893928019 6.002086572564864
-63.49714733283817 -13.58893928019 2.919196053426454
-46.55111111111113 -13.58893928019 6.000000000000001
-70.2575559452153 -13.58893928019 9.212167775202889
-41.72244405478474 -13.58893928019 2.787832224797119
-41.72244405478473 -13.58893928019 9.212167775202875
-70.41374113110606 -13.58893928019 2.567439233590687
2 52 0 0
2 53 0 11
2126
2127
2128
2129
2130
2131
2132
2133
2134
2135
2136
-74.89997866097627 -3.463177238505094 5.999999999999983
-74.50576478257243 -8.419703923772524 9.077472688938395
-74.50576478257244 -8.41970392377249 2.922527311061605
-74.80917889215607 -5.058374588876505 2.922689202185983
-74.80915996557718 -5.05865448955395 9.077472688938359
-74.25599167054764 -10.39461884936431 5.999999999999984
-74.65919841795855 -6.928527375127824 5.999999028356803
-74.1505645138635 -11.12178862752607 2.548844495616322
-74.94359688346829 -2.336169122346099 2.547690688966452
-74.94358218507732 -2.33664059464881 9.451155504385261
-74.15051968367936 -11.12208751270556 9.452166302786853
2 54 0 11
2137
2138
2139
2140
2141
2142
2143
2144
2145
2146
2147
-74.89997866097626 3.463177238505379 5.999999999999983
-74.5057647825718 8.419703923778034 9.077472688936473
-74.5057647825718 8.419703923778034 2.922527311063527
-74.80915996557695 5.05865448955729 2.922527311063544
-74.80917889215586 5.058374588879612 9.07731079781195
-74.25599167054837 10.39461884935912 5.999999999999984
-74.65919841795876 6.928527375125687 6.00000097164316
-74.15051968367621 11.12208751272652 2.547833697222804
-74.94358218507722 2.336640594652423 2.548844495622435
-74.94359688346862 2.336169122335301 9.452309311024932
-74.15056451386278 11.1217886275309 9.451155504373776
2 55 0 0
2 56 0 26
2148
2149
2150
2151
2152
2153
2154
2155
2156
2157
2158
2159
2160
2161
2162
2163
2164
2165
2166
2167
2168
2169
2170
2171
2172
2173
-63.54111111111114 13.588939280197 3.269727024510563
-55.99000000000005 13.588939280197 3.269727024510578
-48.43888888888892 13.588939280197 3.26972702451059
-67.29336238680207 13.588939280197 8.916082844269871
-59.76555555555559 13.588939280197 8.730272975489431
-52.21444444444448 13.588939280197 8.730272975489417
-44.68663761319796 13.588939280197 8.916082844269862
-52.21444444444448 13.588939280197 3.269727024510584
-59.76555555555561 13.588939280197 3.269727024510576
-44.68663761319796 13.588939280197 3.083917155730132
-55.99000000000004 13.588939280197 8.730272975489411
-48.43989993809865 13.588939280197 8.785142386100564
-67.29336238680207 13.588939280197 3.083917155730123
-63.5401000619014 13.588939280197 8.785142386100571
-69.75363181879787 13.588939280197 5.999999999999986
-42.22636818120214 13.588939280197 5.999999999999986
-57.87777777777782 13.588939280197 5.999999999999995
-54.10222222222227 13.588939280197 5.999999999999997
-61.65333333333335 13.588939280197 6.000000000000006
-50.32666666666671 13.588939280197 6
-65.42888888888888 13.588939280197 5.999999999999992
-46.55111111111113 13.588939280197 6.000000000000001
-70.25755594521527 13.588939280197 2.787832224797117
-41.72244405478474 13.588939280197 2.787832224797119
-41.72244405478473 13.588939280197 9.212167775202875
-70.2575559452153 13.588939280197 9.212167775202889
2 57 0 70
2174
2175
2176
2177
2178
2179
2180
2181
2182
2183
2184
2185
2186
2187
2188
2189
2190
2191
2192
2193
2194
2195
2196
2197
2198
2199
2200
2201
2202
2203
2204
2205
2206
2207
2208
2209
2210
2211
2212
2213
2214
2215
2216
2217
2218
2219
2220
2221
2222
2223
2224
2225
2226
2227
2228
2229
2230
2231
2232
2233
2234
2235
2236
2237
2238
2239
2240
2241
2242
2243
10.3068796627674 59.80198835084836 12
-1.196065773255151 72.47040356119851 12
-10.4822971661849 55.9670897142326 12
-0.1039168837703386 44.35750954105143 12
-10.50028571723401 63.26638245648436 12
10.37571623915058 52.58187095264051 12
4.937648263675719 72.12811661400551 12
-10.39155956352505 48.82790424737425 12
-8.071070774090373 70.86548649209722 12
10.65163570938581 67.68783314081122 12
8.437285607509518 42.9105599546366 12
-8.240274138694346 43.14641105258806 12
-4.296208296068126 44.15034031540692 12
-2.4334163594465 47.7911182091335 12
1.601756649891263 47.89214315192594 12
-0.7062044242857102 51.2303981874907 12
3.131543269129564 51.50164293646156 12
0.9686036958876549 54.64606490093596 12
-2.816363838458017 54.35088753337102 12
-1.169496477298269 57.7680905394611 12
2.587269370510507 58.0554831789491 12
0.4451928158543943 61.1416439722007 12
-3.253353220353972 60.83964478072144 12
-1.659164011672395 64.18035052995334 12
1.984402364730904 64.45782172459965 12
5.657188549611256 48.41429414101106 12
-5.133938693147304 64.00643260572096 12
-3.718232675312908 67.06619804205145 12
-7.096538659026429 67.06361369391279 12
-7.142734095300277 61.06105958155765 12
11.0475623553995 71.46227589748531 12
4.479269051779006 44.52132548617411 12
-6.769850767913635 47.46047928276873 12
-0.07727861752332998 67.21796481692198 12
3.625051790688953 67.23715358542219 12
5.84287116334495 64.22719631598619 12
-11.14128246766096 71.09222222222223 12
9.850676300953504 63.92428610913353 12
4.579875523235559 54.87207245969189 12
6.734114407000871 58.07462603189644 12
7.830880390269398 69.88774271570256 12
-10.4731908507192 52.31395154660197 12
-7.005899693849933 54.22578096318877 12
10.38233971573391 56.18913773302461 12
9.802609886622744 48.83304819801164 12
4.185233959016795 61.27490464388682 12
-4.878083237597696 57.66429657691218 12
1.744142441973121 70.12436583522562 12
-4.628505785010525 51.01061395729103 12
-10.53064127323749 59.59432648775982 12
-4.529566192982465 71.91967479685104 12
6.83558223144651 51.85099122039357 12
-10.26452643147527 67.32522045051167 12
7.383955098616704 61.46060029035027 12
-11.85113971778869 73.01193768191288 12
-5.277767322202582 69.25547226225451 12
-7.784630123610928 50.63418649280888 12
7.846996310544315 46.17846429098411 12
-8.007931093234056 57.70251066473021 12
7.360177053876215 67.01003158227167 12
-10.76354011195791 44.94153983786259 12
10.8777413343852 44.68941948134614 12
12.00167764124063 40.88777777777779 12
-12.00167764123444 40.88777777777779 12
-2.103511497583671 69.45605688874807 12
8.130246857514223 72.49038554344651 12
7.69944942509062 54.69634106276223 12
1.771917075519662 72.92138821577444 12
-7.864628841935119 64.35550495553169 12
5.25061213946754 69.37444685559458 12
2 58 0 26
2244
2245
2246
2247
2248
2249
2250
2251
2252
2253
2254
2255
2256
2257
2258
2259
2260
2261
2262
2263
2264
2265
2266
2267
2268
2269
-13.58893928019 63.47024825472512 8.771185664699457
-13.58893928019 55.99000000000005 3.269727024510578
-13.58893928019 48.43888888888892 3.26972702451059
-13.58893928019 67.2131778184702 2.870340118993449
-13.58893928019 52.21444444444448 8.730272975489417
-13.58893928019 44.68663761319796 8.916082844269862
-13.58893928019 52.21444444444448 3.269727024510584
-13.58893928019 55.99000000000005 8.730272975489422
-13.58893928019 59.75374507949127 8.827348527288766
-13.58893928019 61.49782873181958 5.843180023827856
-13.58893928019 44.68663761319796 3.083917155730132
-13.58893928019 48.43989993809865 8.785142386100564
-13.58893928019 67.28665330654049 8.787008783191292
-13.58893928019 42.22636818120214 5.999999999999986
-13.58893928019 69.69108339261561 5.966856048959992
-13.58893928019 59.73963812196996 2.973863337304648
-13.58893928019 65.45001710254702 5.827792840432772
-13.58893928019 54.10222222222227 6.000347762094144
-13.58893928019 50.32666666666671 6
-13.58893928019 57.87777777777782 6.002086572564864
-13.58893928019 63.49714733283817 2.919196053426454
-13.58893928019 46.55111111111113 6.000000000000001
-13.58893928019 70.2575559452153 9.212167775202889
-13.58893928019 41.72244405478474 2.787832224797119
-13.58893928019 41.72244405478473 9.212167775202875
-13.58893928019 70.41374113110606 2.567439233590687
2 59 0 0
2 60 0 11
2270
2271
2272
2273
2274
2275
2276
2277
2278
2279
2280
-10.00565396042041 74.3094024254288 5.999999999999984
-5.058654489553822 74.80915996557719 9.077472688938444
-5.058654489553822 74.80915996557719 2.922527311061556
-8.41970392377228 74.50576478257246 2.922527311061546
-8.419982689192661 74.50573327948459 9.077310797814562
-3.070935302052967 74.91708587745926 5.999999999999983
-6.553202718376375 74.69307822102303 6.000000971643161
-2.336338512873832 74.94359160297338 2.547833697212915
-11.12178862752624 74.15056451386347 2.548844495614328
-11.12225511066506 74.15049454490028 9.452309311033021
-2.336640594648981 74.94358218507732 9.451155504384138
2 61 0 11
2281
2282
2283
2284
2285
2286
2287
2288
2289
2290
2291
10.00565396042937 74.30940242542759 5.999999999999984
5.058654489557153 74.80915996557697 9.077472688936529
5.058654489557153 74.80915996557697 2.92252731106347
8.41998268919871 74.50573327948391 2.922689202187642
8.419703923777782 74.50576478257184 9.077472688936528
3.070935302059197 74.917085877459 5.999999999999983
6.553202718383864 74.69307822102238 5.999999028356807
2.336640594652069 74.94358218507722 2.548844495621177
11.12225511069248 74.15049454489616 2.547690688979946
11.12178862753025 74.15056451386288 9.451155504372114
2.336338512869581 74.94359160297351 9.452166302782063
2 62 0 0
2 63 0 26
2292
2293
2294
2295
2296
2297
2298
2299
2300
2301
2302
2303
2304
2305
2306
2307
2308
2309
2310
2311
2312
2313
2314
2315
2316
2317
13.588939280197 63.54111111111114 8.730272975489438
13.588939280197 55.91913714361402 8.771185664699443
13.588939280197 48.43888888888892 3.26972702451059
13.588939280197 67.29336238680207 3.083917155730123
13.588939280197 59.71493922956557 3.041819091964226
13.588939280197 44.68663761319796 8.916082844269862
13.588939280197 59.68288222310522 8.867913454404647
13.588939280197 52.20263396838016 8.827348527288759
13.588939280197 53.94671762070847 5.843180023827843
13.588939280197 63.52879101013537 3.020956041282395
13.588939280197 44.68663761319796 3.083917155730132
13.588939280197 67.29336238680207 8.916082844269877
13.588939280197 48.43986625315766 8.846249173719597
13.588939280197 42.22636818120214 5.999999999999986
13.588939280197 69.75363181879787 5.999999999999988
13.588939280197 57.81783492505446 5.875380772970122
13.588939280197 52.18852701085886 2.973863337304643
13.588939280197 61.61907456464344 5.92272372268514
13.588939280197 55.94133646436457 2.955707204344472
13.588939280197 65.42888888888891 6.000000000000008
13.588939280197 50.32666666666672 6.002086572564868
13.588939280197 46.55111111111113 6.000000000000001
13.588939280197 70.2575559452153 9.212167775202889
13.588939280197 41.72244405478474 2.787832224797119
13.588939280197 41.72244405478473 9.212167775202875
13.588939280197 70.25755594521529 2.787832224797111
3 1 0 287
2318
2319
2320
2321
2322
2323
2324
2325
2326
2327
2328
2329
2330
2331
2332
2333
2334
2335
2336
2337
2338
2339
2340
2341
2342
2343
2344
2345
2346
2347
2348
2349
2350
2351
2352
2353
2354
2355
2356
2357
2358
2359
2360
2361
2362
2363
2364
2365
2366
2367
2368
2369
2370
2371
2372
2373
2374
2375
2376
2377
2378
2379
2380
2381
2382
2383
2384
2385
2386
2387
2388
2389
2390
2391
2392
2393
2394
2395
2396
2397
2398
2399
2400
2401
2402
2403
2404
2405
2406
2407
2408
2409
2410
2411
2412
2413
2414
2415
2416
2417
2418
2419
2420
2421
2422
2423
2424
2425
2426
2427
2428
2429
2430
2431
2432
2433
2434
2435
2436
2437
2438
2439
2440
2441
2442
2443
2444
2445
2446
2447
2448
2449
2450
2451
2452
2453
2454
2455
2456
2457
2458
2459
2460
2461
2462
2463
2464
2465
2466
2467
2468
2469
2470
2471
2472
2473
2474
2475
2476
2477
2478
2479
2480
2481
2482
2483
2484
2485
2486
2487
2488
2489
2490
2491
2492
2493
2494
2495
2496
2497
2498
2499
2500
2501
2502
2503
2504
2505
2506
2507
2508
2509
2510
2511
2512
2513
2514
2515
2516
2517
2518
2519
2520
2521
2522
2523
2524
2525
2526
2527
2528
2529
2530
2531
2532
2533
2534
2535
2536
2537
2538
2539
2540
2541
2542
2543
2544
2545
2546
2547
2548
2549
2550
2551
2552
2553
2554
2555
2556
2557
2558
2559
2560
2561
2562
2563
2564
2565
2566
2567
2568
2569
2570
2571
2572
2573
2574
2575
2576
2577
2578
2579
2580
2581
2582
2583
2584
2585
2586
2587
2588
2589
2590
2591
2592
2593
2594
2595
2596
2597
2598
2599
2600
2601
2602
2603
2604
25.37710834911248 18.14107615605818 7.272299849682549
27.73473648307686 14.64471823424556 7.035809875986632
22.12361648345538 20.94031558913527 7.706456706162516
21.53467886869133 14.23339527103412 5.073823222967563
-5.098113192478541 -55.83864294294357 4.299181910400324
-9.519600277613858 -51.99942249640454 6.000047618947145
23.40611137149685 26.29854452168017 5.740579291099031
53.32307476468237 8.881693426541954 6.285910343071574
59.44669613531664 8.707737605574877 7.977151043850586
59.71622419045092 2.01697839004088 7.390910862027202
63.95012002887794 8.609890040582084 6.546335919281274
28.06022466108976 22.94395876997065 4.388495806564179
52.09191460603949 4.787739476604224 4.870386374306094
57.01125683399121 5.222442560052552 6.258431899814751
31.99036416283264 1.672856756394385 7.973521039483021
37.3650118632955 1.111887104634149 7.07093087699604
13.21344689276957 34.07775670442985 6.828488626659333
19.43565317612192 27.56510693199401 5.133646809994982
17.90486423819883 17.34203493038162 6.280963483817131
31.59513976521543 18.05505168652374 5.274727307086335
20.49612840685467 23.31531282590584 4.207542571227126
13.86102323391974 23.56019003042145 4.865938390522087
22.78985377901502 8.097662208793064 7.63558938728365
8.184882389863823 23.42848128386626 5.559888499394036
25.09132624640931 11.37642014967726 6.269747280456369
25.01140541505552 3.748692783908153 7.38468778110986
28.23196267402285 6.80350147770239 7.011953171451402
21.70173509901188 18.57149093153241 4.006404082045107
16.99563842738069 25.27621187445041 8.100189615739811
32.59718995321238 6.309677188631484 7.26565513856712
61.01402045118279 5.814483915375475 4.794733596032147
11.99008892589209 27.36001914495758 6.57053549071954
15.18015368808056 30.22533592723152 6.000000000000003
30.838157141186 10.08877249692613 3.994910233132575
24.8612659472748 6.933855226832332 4.101822643539434
36.11122101016164 5.109636427799237 5.076799718684978
33.00764785170566 -0.3665924817059677 4.057430802261944
-1.588945639432988 25.34121890998441 4.389467192751452
-7.604362763651584 23.56493237194281 5.66532194312952
-0.2641718177739354 43.02298108353872 4.208878201783742
0.4271211191389682 47.15515510549929 4.724268387051712
-6.581984281631573 45.88617983428134 4.617162283464737
42.53036328601755 9.247949729303183 4.499999999999996
40.44188422710499 6.830752280301095 7.347615214690078
27.78016267408318 -0.6047269914047618 8.247563154871731
28.17764596352449 -6.8082599843731 7.738879618382561
25.43013551669253 -5.192926319163433 4.16670234993865
29.39087685256542 -2.813316098936212 4.865981911134598
27.34741635699429 1.574296784383454 4.544139467247298
36.96030124000931 9.680668379306566 6.800555959857516
41.65421348233519 2.16149454937862 5.954631796505264
32.53299291266035 -4.789504855875116 7.274636084826772
46.85111343257552 8.704057714411938 5.467043040306566
34.55487866053441 13.4760586449895 6.347148705282629
24.05330287398472 -0.7872985905280506 5.882447487561176
59.80885613353194 -9.468936810741322 4.30271225429709
55.93830236924144 -8.805766817813813 6.52899288682752
-58.17824849815237 9.215610582907509 4.252252454800526
-55.475771075407 5.662480041048085 4.225756608988572
-59.38658716847716 6.336811363208743 7.176467378103172
3.317218204524196 23.98462484115748 7.389367198454137
45.43249342440552 4.408887044164339 6.000000000002563
-51.99942249884919 9.519600280403658 6
38.47302382496247 -4.411573772236273 4.681165362948296
-63.36278842191825 8.771822711144701 5.824826171269683
48.40007442400328 -9.352893738973581 6.508895307434983
30.5780348207269 -11.90662091715337 8.070324564110038
33.26181898232449 -15.11642596198059 6.500807947083503
49.7034425062573 -0.4857546699261903 4.000588609516843
52.84731826879352 -5.8233831854666 7.248478429127368
46.32198587136074 -1.116887595315327 7.15650931720673
22.70523404618843 -9.786624764908879 5.605493743663922
32.04991873659166 -9.719217128294805 4.264121464501893
26.4330393682322 -13.75725205659696 7.87645458227356
27.13652199269399 -10.84108180843868 4.771118961020647
41.97590076561526 -3.525345659098555 7.019640693894268
2.494850627978678 34.30039441363595 4.800266163323075
6.913560165593917 28.32733063120775 5.814911749638387
-11.8993396886042 21.14726549968321 5.602421541396655
0.5864865488157633 28.56280552620368 6.177678761559827
-4.797046583785582 26.70780993217488 7.015393942091309
6.864077328667049 32.51704525862372 6.925672304227231
4.28068149337528 -24.52574870311245 6.328669754107707
9.868742391160552 -22.22253140672625 5.609650727478914
11.11961687560504 -32.33532081347685 8.000226294970672
14.98928299351172 -32.98563166979906 5.536455538750627
20.13017492437326 -21.00585256526453 7.151645453273164
15.1234821187539 -19.08261952854887 5.536861022911509
15.55955798061621 -23.40615857006692 7.003914905210005
8.556944943263119 -27.1520736417129 7.029549551768221
19.48379899324553 -15.376893209541 5.700418025258995
24.11333079462509 -24.67840267028952 3.991888587964768
24.44452065671237 -20.39042617313883 5.999999999999996
29.26213841867833 -16.16703182282654 4.229756537542034
31.15487463209633 -19.19622528153516 6.511484914830003
13.93597022631243 -27.78714493627757 5.022008045107617
23.02359379203834 -28.70481498388926 6.185765798780837
24.5516874498489 -16.37168627096104 4.626137863381606
-9.565489214499774 49.37649751531799 4.670537306868667
-7.575885232968674 52.26995895083105 7.967662023494136
18.46565461131831 -31.87881050614465 7.91898690033528
18.62074627061857 -27.66236788632168 5.971075708566786
35.66792586776053 -7.813797427189614 7.273253608720074
40.48723604972376 -9.494766447440654 6.340386278978313
44.18108154968454 -7.116111697874598 4.055318752586389
28.66117458390793 -22.46735300721562 5.394919583949024
2.016575166165382 55.37825694920724 7.16990269849147
7.601344932203252 60.04575763778495 7.295755967173305
9.087818866132469 56.19753357626442 5.568133254512068
8.853463884859639 63.94616548812864 5.987375963487129
7.442514107465332 -32.19150094371911 5.027853266635298
8.916536849883645 -46.29790766074237 5.301160012555925
9.354159302423534 -41.30909220944899 3.987539535359273
4.338168329370029 -37.95105378320699 5.095652238331759
8.871909989460114 -38.17536081914797 6.872467872585911
2.203931297226294 -28.72805526490797 6.99576670034053
6.037120417947047 -41.82094597737546 7.181991846974799
-1.188290627621342 -29.69417113370264 4.68220733339316
-5.297909930918687 -50.06670965423966 5.88561173529129
-4.347566284089694 -43.14067498695159 4.782432098694322
-4.346212852958748 -33.3055611943912 5.801529715145746
-0.07790885407420588 -35.74730543777792 7.203563864523622
-4.553608760562748 -23.84778102848308 5.999615678838561
3.246924834013626 -32.20414370202954 4.803772422293997
-8.924110247826036 -40.57969845933563 6.386154447927286
-0.5234852062872307 -25.10352773261684 5.926526351653298
-7.738409271142789 -35.88778446072616 7.102227114755043
-5.58191030693254 -28.4434814161784 6.264392573839306
4.902597563274111 57.71514663467524 4.641799147041495
-9.463318668356926 -45.60159991536361 5.505456562091418
-1.723866058673063 -46.63673047426556 5.574736325587548
-0.6756214595464997 -38.80042776504532 3.88497347375042
-17.38776831875229 -26.60167727482956 4.327831334745426
-14.81784219607225 -23.79246550171228 8.150012820006394
-18.05619227076147 -20.88217447564072 7.189085697221022
-20.72970668841582 -25.00101508910473 6.975211334503367
-9.478186766612366 -22.40422091266757 5.999888317981124
3.618368617059652 -46.71456745243509 5.959838741703765
9.042762270657599 42.87384391998187 7.62848093116139
-14.02153329069444 -19.68368448600945 6.000134474848399
-4.996225118275151 -38.81977426571521 5.002791677232381
70.47760506539532 3.469119825586278 5.680739098804252
68.57979990686292 -1.792910482066309 6.989450081610429
68.51995120790085 8.357000611763144 7.535650256333527
70.07179395665975 -5.852412795349235 7.612148734432454
66.77711735952654 5.826196849225821 3.978438383913716
63.74379452414421 -2.075487682318838 7.078945825202593
67.5275520314139 -8.769352498537183 5.471733580399734
64.3294806876482 2.453749361641831 6.027752818462423
63.47934920946872 -6.342868589820993 6.546827780985964
57.21966755509879 -4.649883274504324 4.966390616103889
8.948181277940986 46.72873524086923 5.671568975689507
-31.42919276554607 -17.61859490181214 7.824800072863004
-34.56995196282082 -13.46839760625734 6.348596541236865
-27.81977807098381 -14.61486831406625 4.967592278918182
57.09287763139586 -0.09026519703663693 4.818101863937852
52.62830494711346 -0.8442605620619342 7.095314180049586
46.58899986456511 -5.57330728553973 7.770764368411374
-0.5500918641879583 -59.85249891760885 4.837977194501407
-0.756101049393322 -41.64141085665683 7.25122821382633
-5.622014905954415 -53.75107344110194 8.084534720779711
-0.4065512817806359 -56.46355208543608 7.951192088819879
-6.33681136320053 -59.38658716847773 7.176467378103265
-1.067783926393205 -53.33331983058721 4.816894326014443
8.420138054499434 -55.03152225988019 8.070879015773382
9.294335196361919 -58.4476881632076 5.502465427149103
6.168957061222569 -59.73606559460899 8.005032817080012
3.727756560251053 -57.01917014404248 4.823415985882905
3.381001477019695 -50.79563422993645 6.98678567670095
-1.316662110489254 -50.58094123004435 8.205223274730962
-9.10369694674857 -56.21822999423631 5.607660357408499
4.345406605165306 -63.02269453033691 4.37873549886267
7.020805431581019 -51.43128138184894 4.96860483892196
3.33624025086561 -66.76530214595979 6.930837378780517
9.004667007169889 -66.09655540214924 6.318323963016594
6.081959585524036 -70.22732453883543 5.658328687252675
-0.5347372237431488 -65.07839746219368 5.93164389666553
-9.008917919637545 -66.92235184403364 7.765621830498227
-0.8858188734326295 -70.76209644172793 5.86006175381476
-4.660353175128752 -64.85694951132541 4.892342844008805
-8.409099842562512 -62.79026870763293 4.184991538309587
-6.107090400955073 -70.30178463211357 5.474408736759397
-59.74162589630233 -8.761005519607066 8.028519127435422
-13.53706969432323 -28.12458060362446 7.100271260359101
-16.98721423426931 -32.48005023488437 6.508380848035304
-20.98392381201255 -30.34215888312242 6.965131300865576
-9.381131406860659 -31.93613386223893 5.961804831004926
-23.46880076642307 -16.65603257930801 4.538964831446763
-56.0541115802649 -9.307477118527386 5.590948484764991
-56.2946233002999 -4.896405145493321 4.747074356632279
-52.87640238251723 -6.682999653140691 7.198392451634817
-70.10525501949839 -9.278597971751379 7.251342563019286
-61.5149883483616 -4.409235837955696 7.191481258547357
-65.0711252122977 -9.55815639477099 7.893186645112195
-66.4621297412825 -6.055968393230672 4.954560908576203
-62.54942294083562 -8.097301347759908 4.483075963738686
-68.31121614767744 9.134366519048495 5.651406598500711
-67.58680586858857 4.705761938496829 6.993959637211747
-70.50711778836173 -1.104910445487627 5.999257969235291
-65.37624995550838 -1.762755185092265 7.145490058173818
-61.37348059114075 -1.432171217408391 4.020080471568969
-24.15135418921707 -14.21416291069412 7.901466684492341
-40.42754836944034 -8.176253527762144 4.042851462916516
-39.35525639554805 -1.955433220421662 4.66266981133176
-24.40061575301302 -11.11775099630408 4.921830116275713
-57.31265734901115 1.507119264640665 4.810513725338902
-52.25378370650277 4.176282828756328 7.19938510397849
-53.81808774840998 -0.4639192462111479 6.754852151430539
-63.89742223864704 4.589947632280873 4.375154517607712
-47.86934641257807 -9.524393237564755 6
-48.23654270832863 -5.743119639106615 5.277871740201747
-19.57870451283954 -15.46094615678993 6.269727642826725
-49.86823670915082 -0.5816442372749785 4.776927957554097
-45.01577641257567 -1.438785834008596 7.327481565256287
-41.1331665275466 8.505145863892345 4.017812688025408
-37.72838718537724 6.583614783241986 7.230050256627809
-32.54587163188987 -1.734796939466527 7.079595757671824
-36.22435906918031 -5.078914055618301 7.318835641060724
-44.54458239193818 9.694589735476677 6.479134270952471
-44.23109351556022 -7.158034857941866 7.302006905618878
-38.21004749383712 1.341169731436401 7.475092852334198
-32.47664945655002 -9.757695678700401 5.938088727862332
-29.16756357099359 18.71689918125525 6.977865464250463
-61.83678821428387 1.514551823495356 7.19096972590029
-33.49799412886293 9.569003250304823 5.347979939613495
-27.33130941102452 -21.18930962133851 5.999999999999993
-30.31338595948618 -12.74617482819794 8.286373064896152
-36.93878557040741 -9.70433214059017 6.832289151238015
-43.76673587915523 3.028546341098936 4.619488586076193
-22.92816531825623 -20.8041494122993 6.964858202979672
-18.94064149925979 29.00157664682416 4.510934771006076
-14.13201960682234 26.58544323575943 6.001332103206402
-18.52727029547984 24.67235846289908 6.126462114340195
-35.27779759004443 0.2916368319448601 4.077939840929089
-28.92277277619051 0.406408611988707 7.020830924705526
-30.60361760942066 4.69231462140826 4.855369919237749
-12.98566180689103 30.67689172655928 6.00173903499777
-27.17644216102909 -6.669639659000616 5.997899975515121
-24.18341501505533 3.427360785932576 6.502343383868032
-22.95425603803207 -7.271730132114973 6.208418427905777
-24.6301940382982 7.688965181768209 3.894457226084992
-34.70660903542205 3.675943124506426 7.830497448925117
-29.16184974262687 8.701560909589386 6.439242859298171
-25.63451939525194 -2.248203024253874 5.992196785180453
-23.02070760952869 28.70577763569593 6.18539993914434
-22.4358138288547 22.38671486651951 6.000000000000004
-3.064882411600784 31.97500152497103 7.580196166191389
-47.30546921355432 3.015118217748339 7.342978431517985
-33.26000970665454 15.13167865821772 5.50171487133097
-24.66374874482216 -24.49447088355468 4.146070669193435
-20.37654165976461 18.60272491014804 7.099096337952531
-20.46053175114809 12.41175897970665 6.42589572174986
-29.3059569676883 13.48203529196723 7.672465353110258
-25.52213789488311 10.67566150971788 7.28437184272821
-25.56533446763479 15.80564235554534 7.033087791998749
-5.288330461810833 62.03401573479239 6.723699025257773
-2.318534426250665 58.35739147680077 7.140375401901435
2.315213387434869 61.20827430804373 6.00000000000002
-9.230425327253666 62.95217272773103 5.568399741266629
-8.432675178871817 69.52206623455974 5.995263459042405
-6.233994127239194 37.76114679335406 5.11488459433787
-9.796910203629684 57.87814067936772 8.1820202488943
-3.591610029599301 65.91232572967654 4.987666582673796
-0.4246591602023402 69.67401631158795 6.571803978624852
5.760654731753639 36.90369496904637 4.047026316665074
-7.630208377846726 29.9000393973622 4.997933646615476
-16.78878981101228 20.35648955782768 4.288865646649018
-9.150916414213373 42.3706359208936 5.615473256272568
-48.12921722193528 7.19737853691165 7.832284762416828
3.766875181991062 69.84692213653061 5.777428867384875
1.890642569561396 65.57267605673111 7.088888586995071
-11.40340304686068 35.25907531053841 6.772171176333728
-3.244498399873905 41.52225802157865 7.26060805616777
-6.202195289709845 56.75526519785078 5.689211041555394
-3.149506832260558 52.41321033344207 4.310283968587473
1.376831676734694 51.66337443606112 3.973231825589237
-3.779936845902064 48.37369303733921 7.326454122415728
9.65067622809887 36.95155444748218 6.820990566541262
1.953973401491701 39.34418247061659 4.638837537966208
-1.191054700524977 37.8311077342708 7.322926831048601
5.939122971772252 39.92579272606887 7.195001049113126
8.488986858538317 68.42496834304077 7.478154435153495
-16.55733069796338 33.12126652511746 5.910981816090532
5.575392321556619 43.39734957573297 4.661992096906651
2.59007494393557 44.91051367823681 8.031421583533964
4.374469091287149 50.94835419847549 7.195196584712584
9.485464009448789 51.96435150180134 5.980808862511991
$EndNodes
$Elements
341 13490 1 13490
0 1 15 1
1 1 
0 2 15 1
2 2 
0 3 15 1
3 3 
0 4 15 1
4 4 
0 5 15 1
5 5 
0 6 15 1
6 6 
0 7 15 1
7 7 
0 8 15 1
8 8 
0 9 15 1
9 9 
0 10 15 1
10 10 
0 11 15 1
11 11 
0 12 15 1
12 12 
0 13 15 1
13 13 
0 14 15 1
14 14 
0 15 15 1
15 15 
0 16 15 1
16 16 
0 17 15 1
17 17 
0 18 15 1
18 18 
0 19 15 1
19 19 
0 20 15 1
20 20 
0 21 15 1
21 21 
0 22 15 1
22 22 
0 23 15 1
23 23 
0 24 15 1
24 24 
0 25 15 1
25 25 
0 26 15 1
26 26 
0 27 15 1
27 27 
0 28 15 1
28 28 
0 29 15 1
29 29 
0 30 15 1
30 30 
0 31 15 1
31 31 
0 32 15 1
32 32 
0 33 15 1
33 33 
0 34 15 1
34 34 
0 35 15 1
35 35 
0 36 15 1
36 36 
0 37 15 1
37 37 
0 38 15 1
38 38 
0 39 15 1
39 39 
0 40 15 1
40 40 
0 41 15 1
41 41 
0 42 15 1
42 42 
0 43 15 1
43 43 
0 44 15 1
44 44 
0 45 15 1
45 45 
0 46 15 1
46 46 
0 47 15 1
47 47 
0 48 15 1
48 48 
0 49 15 1
49 49 
0 50 15 1
50 50 
0 51 15 1
51 51 
0 52 15 1
52 52 
0 53 15 1
53 53 
0 54 15 1
54 54 
0 55 15 1
55 55 
0 56 15 1
56 56 
0 57 15 1
57 57 
0 58 15 1
58 58 
0 59 15 1
59 59 
0 60 15 1
60 60 
0 61 15 1
61 61 
0 62 15 1
62 62 
0 63 15 1
63 63 
0 64 15 1
64 64 
0 65 15 1
65 65 
0 66 15 1
66 66 
0 67 15 1
67 67 
0 68 15 1
68 68 
0 69 15 1
69 69 
0 70 15 1
70 70 
0 71 15 1
71 71 
0 72 15 1
72 72 
0 73 15 1
73 73 
0 74 15 1
74 74 
0 75 15 1
75 75 
0 76 15 1
76 76 
0 77 15 1
77 77 
0 78 15 1
78 78 
0 79 15 1
79 79 
0 80 15 1
80 80 
0 81 15 1
81 81 
0 82 15 1
82 82 
0 83 15 1
83 83 
0 84 15 1
84 84 
0 85 15 1
85 85 
0 86 15 1
86 86 
0 87 15 1
87 87 
0 88 15 1
88 88 
0 89 15 1
89 89 
0 90 15 1
90 90 
0 91 15 1
91 91 
0 92 15 1
92 92 
0 93 15 1
93 93 
0 94 15 1
94 94 
0 95 15 1
95 95 
0 96 15 1
96 96 
0 97 15 1
97 97 
0 98 15 1
98 98 
0 99 15 1
99 99 
0 100 15 1
100 100 
0 101 15 1
101 101 
0 102 15 1
102 102 
0 103 15 1
103 103 
0 104 15 1
104 104 
0 105 15 1
105 105 
0 106 15 1
106 106 
0 107 15 1
107 107 
0 108 15 1
108 108 
1 1 1 4
109 1 109 
110 109 110 
111 110 111 
112 111 2 
1 2 1 4
113 2 112 
114 112 113 
115 113 114 
116 114 3 
1 3 1 2
117 4 115 
118 115 3 
1 4 1 6
119 5 116 
120 116 117 
121 117 118 
122 118 119 
123 119 120 
124 120 4 
1 5 1 2
125 5 121 
126 121 1 
1 6 1 1
127 1 6 
1 7 1 9
128 6 122 
129 122 123 
130 123 124 
131 124 125 
132 125 126 
133 126 127 
134 127 128 
135 128 129 
136 129 7 
1 8 1 1
137 8 7 
1 9 1 4
138 8 130 
139 130 131 
140 131 132 
141 132 9 
1 10 1 4
142 9 133 
143 133 134 
144 134 135 
145 135 10 
1 11 1 1
146 10 11 
1 12 1 9
147 12 136 
148 136 137 
149 137 138 
150 138 139 
151 139 140 
152 140 141 
153 141 142 
154 142 143 
155 143 11 
1 13 1 1
156 3 12 
1 14 1 4
157 3 144 
158 144 145 
159 145 146 
160 146 13 
1 15 1 3
161 14 147 
162 147 148 
163 148 13 
1 16 1 4
164 14 149 
165 149 150 
166 150 151 
167 151 15 
1 17 1 2
168 16 152 
169 152 15 
1 18 1 6
170 16 153 
171 153 154 
172 154 155 
173 155 156 
174 156 157 
175 157 17 
1 19 1 2
176 17 158 
177 158 18 
1 20 1 4
178 18 159 
179 159 160 
180 160 161 
181 161 19 
1 21 1 3
182 20 162 
183 162 163 
184 163 19 
1 22 1 4
185 20 164 
186 164 165 
187 165 166 
188 166 21 
1 23 1 2
189 22 167 
190 167 21 
1 24 1 6
191 22 168 
192 168 169 
193 169 170 
194 170 171 
195 171 172 
196 172 23 
1 25 1 2
197 23 173 
198 173 24 
1 26 1 4
199 24 174 
200 174 175 
201 175 176 
202 176 25 
1 27 1 3
203 26 177 
204 177 178 
205 178 25 
1 28 1 4
206 26 179 
207 179 180 
208 180 181 
209 181 27 
1 29 1 2
210 28 182 
211 182 27 
1 30 1 6
212 28 183 
213 183 184 
214 184 185 
215 185 186 
216 186 187 
217 187 29 
1 31 1 2
218 29 188 
219 188 30 
1 32 1 4
220 30 189 
221 189 190 
222 190 191 
223 191 31 
1 33 1 3
224 32 192 
225 192 193 
226 193 31 
1 34 1 4
227 32 194 
228 194 195 
229 195 196 
230 196 1 
1 35 1 30
231 33 197 
232 197 198 
233 198 199 
234 199 200 
235 200 201 
236 201 202 
237 202 203 
238 203 204 
239 204 205 
240 205 206 
241 206 207 
242 207 208 
243 208 209 
244 209 210 
245 210 211 
246 211 212 
247 212 213 
248 213 214 
249 214 215 
250 215 216 
251 216 217 
252 217 218 
253 218 219 
254 219 220 
255 220 221 
256 221 222 
257 222 223 
258 223 224 
259 224 225 
260 225 33 
1 36 1 1
261 34 35 
1 37 1 3
262 12 226 
263 226 227 
264 227 35 
1 38 1 3
265 3 228 
266 228 229 
267 229 34 
1 39 1 9
268 35 230 
269 230 231 
270 231 232 
271 232 233 
272 233 234 
273 234 235 
274 235 236 
275 236 237 
276 237 36 
1 40 1 3
277 11 238 
278 238 239 
279 239 36 
1 41 1 3
280 10 240 
281 240 241 
282 241 37 
1 42 1 1
283 37 36 
1 43 1 4
284 38 242 
285 242 243 
286 243 244 
287 244 37 
1 44 1 3
288 9 245 
289 245 246 
290 246 38 
1 45 1 4
291 39 247 
292 247 248 
293 248 249 
294 249 38 
1 46 1 3
295 8 250 
296 250 251 
297 251 39 
1 47 1 1
298 39 40 
1 48 1 3
299 7 252 
300 252 253 
301 253 40 
1 49 1 3
302 6 254 
303 254 255 
304 255 41 
1 50 1 9
305 41 256 
306 256 257 
307 257 258 
308 258 259 
309 259 260 
310 260 261 
311 261 262 
312 262 263 
313 263 40 
1 51 1 3
314 1 264 
315 264 265 
316 265 42 
1 52 1 1
317 42 41 
1 53 1 4
318 43 266 
319 266 267 
320 267 268 
321 268 42 
1 54 1 3
322 32 269 
323 269 270 
324 270 43 
1 55 1 3
325 31 271 
326 271 272 
327 272 44 
1 56 1 3
328 43 273 
329 273 274 
330 274 44 
1 57 1 4
331 45 275 
332 275 276 
333 276 277 
334 277 44 
1 58 1 3
335 30 278 
336 278 279 
337 279 45 
1 59 1 7
338 27 280 
339 280 281 
340 281 282 
341 282 283 
342 283 284 
343 284 285 
344 285 30 
1 60 1 4
345 46 286 
346 286 287 
347 287 288 
348 288 47 
1 61 1 3
349 26 289 
350 289 290 
351 290 46 
1 62 1 3
352 27 291 
353 291 292 
354 292 47 
1 63 1 3
355 25 293 
356 293 294 
357 294 48 
1 64 1 3
358 46 295 
359 295 296 
360 296 48 
1 65 1 4
361 49 297 
362 297 298 
363 298 299 
364 299 48 
1 66 1 3
365 24 300 
366 300 301 
367 301 49 
1 67 1 7
368 21 302 
369 302 303 
370 303 304 
371 304 305 
372 305 306 
373 306 307 
374 307 24 
1 68 1 4
375 50 308 
376 308 309 
377 309 310 
378 310 51 
1 69 1 3
379 20 311 
380 311 312 
381 312 50 
1 70 1 3
382 21 313 
383 313 314 
384 314 51 
1 71 1 3
385 19 315 
386 315 316 
387 316 52 
1 72 1 3
388 50 317 
389 317 318 
390 318 52 
1 73 1 4
391 53 319 
392 319 320 
393 320 321 
394 321 52 
1 74 1 3
395 18 322 
396 322 323 
397 323 53 
1 75 1 7
398 15 324 
399 324 325 
400 325 326 
401 326 327 
402 327 328 
403 328 329 
404 329 18 
1 76 1 4
405 54 330 
406 330 331 
407 331 332 
408 332 55 
1 77 1 3
409 14 333 
410 333 334 
411 334 54 
1 78 1 3
412 15 335 
413 335 336 
414 336 55 
1 79 1 3
415 13 337 
416 337 338 
417 338 56 
1 80 1 3
418 54 339 
419 339 340 
420 340 56 
1 81 1 4
421 34 341 
422 341 342 
423 342 343 
424 343 56 
1 82 1 30
425 57 344 
426 344 345 
427 345 346 
428 346 347 
429 347 348 
430 348 349 
431 349 350 
432 350 351 
433 351 352 
434 352 353 
435 353 354 
436 354 355 
437 355 356 
438 356 357 
439 357 358 
440 358 359 
441 359 360 
442 360 361 
443 361 362 
444 362 363 
445 363 364 
446 364 365 
447 365 366 
448 366 367 
449 367 368 
450 368 369 
451 369 370 
452 370 371 
453 371 372 
454 372 57 
1 83 1 3
455 33 373 
456 373 374 
457 374 57 
1 84 1 4
458 42 375 
459 375 376 
460 376 377 
461 377 58 
1 85 1 4
462 58 378 
463 378 379 
464 379 380 
465 380 34 
1 86 1 2
466 59 381 
467 381 42 
1 87 1 6
468 59 382 
469 382 383 
470 383 384 
471 384 385 
472 385 386 
473 386 60 
1 88 1 2
474 60 387 
475 387 34 
1 89 1 2
476 61 388 
477 388 55 
1 90 1 6
478 61 389 
479 389 390 
480 390 391 
481 391 392 
482 392 393 
483 393 62 
1 91 1 2
484 62 394 
485 394 53 
1 92 1 2
486 63 395 
487 395 51 
1 93 1 6
488 63 396 
489 396 397 
490 397 398 
491 398 399 
492 399 400 
493 400 64 
1 94 1 2
494 64 401 
495 401 49 
1 95 1 2
496 65 402 
497 402 47 
1 96 1 6
498 65 403 
499 403 404 
500 404 405 
501 405 406 
502 406 407 
503 407 66 
1 97 1 2
504 66 408 
505 408 45 
1 98 1 1
506 45 67 
1 99 1 3
507 68 409 
508 409 410 
509 410 67 
1 100 1 1
510 30 68 
1 101 1 1
511 27 69 
1 102 1 9
512 69 411 
513 411 412 
514 412 413 
515 413 414 
516 414 415 
517 415 416 
518 416 417 
519 417 418 
520 418 70 
1 103 1 1
521 71 70 
1 104 1 4
522 71 419 
523 419 420 
524 420 421 
525 421 72 
1 105 1 4
526 72 422 
527 422 423 
528 423 424 
529 424 73 
1 106 1 1
530 73 74 
1 107 1 9
531 68 425 
532 425 426 
533 426 427 
534 427 428 
535 428 429 
536 429 430 
537 430 431 
538 431 432 
539 432 74 
1 108 1 3
540 69 433 
541 433 434 
542 434 75 
1 109 1 1
543 47 75 
1 110 1 1
544 49 76 
1 111 1 3
545 77 435 
546 435 436 
547 436 76 
1 112 1 1
548 24 77 
1 113 1 1
549 21 78 
1 114 1 9
550 78 437 
551 437 438 
552 438 439 
553 439 440 
554 440 441 
555 441 442 
556 442 443 
557 443 444 
558 444 79 
1 115 1 1
559 80 79 
1 116 1 4
560 80 445 
561 445 446 
562 446 447 
563 447 81 
1 117 1 4
564 81 448 
565 448 449 
566 449 450 
567 450 82 
1 118 1 1
568 82 83 
1 119 1 9
569 77 451 
570 451 452 
571 452 453 
572 453 454 
573 454 455 
574 455 456 
575 456 457 
576 457 458 
577 458 83 
1 120 1 3
578 78 459 
579 459 460 
580 460 84 
1 121 1 1
581 51 84 
1 122 1 1
582 53 85 
1 123 1 3
583 86 461 
584 461 462 
585 462 85 
1 124 1 1
586 18 86 
1 125 1 1
587 15 87 
1 126 1 9
588 87 463 
589 463 464 
590 464 465 
591 465 466 
592 466 467 
593 467 468 
594 468 469 
595 469 470 
596 470 88 
1 127 1 1
597 89 88 
1 128 1 4
598 89 471 
599 471 472 
600 472 473 
601 473 90 
1 129 1 4
602 90 474 
603 474 475 
604 475 476 
605 476 91 
1 130 1 1
606 91 92 
1 131 1 9
607 86 477 
608 477 478 
609 478 479 
610 479 480 
611 480 481 
612 481 482 
613 482 483 
614 483 484 
615 484 92 
1 132 1 3
616 87 485 
617 485 486 
618 486 93 
1 133 1 1
619 55 93 
1 134 1 7
620 47 487 
621 487 488 
622 488 489 
623 489 490 
624 490 491 
625 491 492 
626 492 45 
1 135 1 7
627 51 493 
628 493 494 
629 494 495 
630 495 496 
631 496 497 
632 497 498 
633 498 49 
1 136 1 7
634 55 499 
635 499 500 
636 500 501 
637 501 502 
638 502 503 
639 503 504 
640 504 53 
1 137 1 9
641 75 505 
642 505 506 
643 506 507 
644 507 508 
645 508 509 
646 509 510 
647 510 511 
648 511 512 
649 512 94 
1 138 1 1
650 95 94 
1 139 1 4
651 95 513 
652 513 514 
653 514 515 
654 515 96 
1 140 1 4
655 96 516 
656 516 517 
657 517 518 
658 518 97 
1 141 1 1
659 97 98 
1 142 1 9
660 67 519 
661 519 520 
662 520 521 
663 521 522 
664 522 523 
665 523 524 
666 524 525 
667 525 526 
668 526 98 
1 143 1 3
669 74 527 
670 527 528 
671 528 98 
1 144 1 3
672 73 529 
673 529 530 
674 530 97 
1 145 1 3
675 72 531 
676 531 532 
677 532 96 
1 146 1 3
678 71 533 
679 533 534 
680 534 95 
1 147 1 3
681 70 535 
682 535 536 
683 536 94 
1 148 1 9
684 84 537 
685 537 538 
686 538 539 
687 539 540 
688 540 541 
689 541 542 
690 542 543 
691 543 544 
692 544 99 
1 149 1 1
693 100 99 
1 150 1 4
694 100 545 
695 545 546 
696 546 547 
697 547 101 
1 151 1 4
698 101 548 
699 548 549 
700 549 550 
701 550 102 
1 152 1 1
702 102 103 
1 153 1 9
703 76 551 
704 551 552 
705 552 553 
706 553 554 
707 554 555 
708 555 556 
709 556 557 
710 557 558 
711 558 103 
1 154 1 3
712 83 559 
713 559 560 
714 560 103 
1 155 1 3
715 82 561 
716 561 562 
717 562 102 
1 156 1 3
718 81 563 
719 563 564 
720 564 101 
1 157 1 3
721 80 565 
722 565 566 
723 566 100 
1 158 1 3
724 79 567 
725 567 568 
726 568 99 
1 159 1 9
727 93 569 
728 569 570 
729 570 571 
730 571 572 
731 572 573 
732 573 574 
733 574 575 
734 575 576 
735 576 104 
1 160 1 1
736 105 104 
1 161 1 4
737 105 577 
738 577 578 
739 578 579 
740 579 106 
1 162 1 4
741 106 580 
742 580 581 
743 581 582 
744 582 107 
1 163 1 1
745 107 108 
1 164 1 9
746 85 583 
747 583 584 
748 584 585 
749 585 586 
750 586 587 
751 587 588 
752 588 589 
753 589 590 
754 590 108 
1 165 1 3
755 92 591 
756 591 592 
757 592 108 
1 166 1 3
758 91 593 
759 593 594 
760 594 107 
1 167 1 3
761 90 595 
762 595 596 
763 596 106 
1 168 1 3
764 89 597 
765 597 598 
766 598 105 
1 169 1 3
767 88 599 
768 599 600 
769 600 104 
2 1 2 20
770 110 117 111 
771 112 119 113 
772 117 110 116 
773 113 119 120 
774 110 109 116 
775 114 113 120 
776 111 117 601 
777 119 112 602 
778 118 119 602 
779 117 118 601 
780 112 2 602 
781 2 111 601 
782 2 601 602 
783 601 118 602 
784 109 1 121 
785 3 114 115 
786 114 4 115 
787 114 120 4 
788 109 5 116 
789 109 121 5 
2 2 2 178
790 634 638 664 
791 603 635 649 
792 635 603 648 
793 654 617 666 
794 627 644 646 
795 10 135 615 
796 614 654 666 
797 638 634 654 
798 139 140 650 
799 638 608 664 
800 122 6 671 
801 12 136 670 
802 7 129 640 
803 608 139 650 
804 631 642 643 
805 649 625 651 
806 640 129 641 
807 140 603 650 
808 619 621 639 
809 143 11 615 
810 647 656 657 
811 625 649 662 
812 644 645 646 
813 641 129 672 
814 639 633 655 
815 637 619 639 
816 605 636 646 
817 616 122 671 
818 127 126 645 
819 656 604 657 
820 644 627 660 
821 621 633 639 
822 642 631 673 
823 612 652 659 
824 614 666 670 
825 122 616 663 
826 659 652 668 
827 643 607 644 
828 603 649 650 
829 627 646 665 
830 126 605 645 
831 655 633 667 
832 636 605 653 
833 616 613 655 
834 631 643 660 
835 607 127 645 
836 114 12 670 
837 6 109 671 
838 606 619 637 
839 136 614 670 
840 617 113 666 
841 608 650 664 
842 612 615 652 
843 645 605 646 
844 635 648 659 
845 613 637 639 
846 138 608 638 
847 112 113 617 
848 650 649 651 
849 607 643 672 
850 142 612 648 
851 2 606 637 
852 605 125 653 
853 613 111 637 
854 614 137 638 
855 136 137 614 
856 142 143 612 
857 650 651 664 
858 630 632 647 
859 124 123 610 
860 628 630 631 
861 128 127 607 
862 628 629 630 
863 627 626 628 
864 138 139 608 
865 603 141 648 
866 141 142 648 
867 644 607 645 
868 137 138 638 
869 628 626 629 
870 624 625 626 
871 624 626 627 
872 614 638 654 
873 630 629 632 
874 126 125 605 
875 140 141 603 
876 110 613 616 
877 624 622 625 
878 623 622 624 
879 649 635 662 
880 621 623 633 
881 2 112 606 
882 630 647 657 
883 633 623 636 
884 646 636 665 
885 111 2 637 
886 125 124 653 
887 134 133 609 
888 632 629 635 
889 9 132 604 
890 621 622 623 
891 110 111 613 
892 620 618 634 
893 124 610 653 
894 606 618 619 
895 621 620 622 
896 619 620 621 
897 131 130 611 
898 606 112 617 
899 606 617 618 
900 619 618 620 
901 612 143 615 
902 643 641 672 
903 109 110 616 
904 634 618 654 
905 661 634 664 
906 618 617 654 
907 642 641 643 
908 647 609 656 
909 616 655 663 
910 631 657 673 
911 613 639 655 
912 611 130 640 
913 643 644 660 
914 651 625 661 
915 611 641 642 
916 133 9 656 
917 627 628 660 
918 129 128 672 
919 123 122 663 
920 626 625 662 
921 609 133 656 
922 9 604 656 
923 631 630 657 
924 624 627 665 
925 625 622 661 
926 132 131 658 
927 604 132 658 
928 131 611 658 
929 609 647 668 
930 109 616 671 
931 636 623 665 
932 620 634 661 
933 611 642 658 
934 635 629 662 
935 652 609 668 
936 610 655 667 
937 651 661 664 
938 648 612 659 
939 611 640 641 
940 609 652 669 
941 134 609 669 
942 632 635 659 
943 655 610 663 
944 652 615 669 
945 628 631 660 
946 633 636 667 
947 632 659 668 
948 615 135 669 
949 629 626 662 
950 636 653 667 
951 622 620 661 
952 610 123 663 
953 113 114 666 
954 623 624 665 
955 128 607 672 
956 666 114 670 
957 647 632 668 
958 135 134 669 
959 653 610 667 
960 657 604 673 
961 604 658 673 
962 658 642 673 
963 114 3 12 
964 109 6 1 
965 8 7 640 
966 130 8 640 
967 11 10 615 
2 3 2 776
968 200 808 904 
969 837 744 901 
970 919 769 945 
971 736 675 934 
972 731 676 935 
973 182 953 1004 
974 152 954 1003 
975 19 161 914 
976 149 14 918 
977 31 191 916 
978 179 26 912 
979 900 919 945 
980 897 803 903 
981 896 801 902 
982 21 166 906 
983 144 3 908 
984 174 24 905 
985 1 196 907 
986 871 779 950 
987 779 871 997 
988 870 679 882 
989 153 16 695 
990 29 187 697 
991 183 28 694 
992 17 157 696 
993 869 681 881 
994 189 30 941 
995 159 18 942 
996 675 767 934 
997 676 770 935 
998 826 707 871 
999 690 200 904 
1000 706 827 872 
1001 841 678 975 
1002 27 181 953 
1003 15 151 954 
1004 864 841 975 
1005 843 897 903 
1006 838 837 901 
1007 849 811 873 
1008 844 896 902 
1009 707 826 982 
1010 827 706 980 
1011 828 709 981 
1012 708 829 979 
1013 776 854 926 
1014 160 159 930 
1015 190 189 931 
1016 853 780 949 
1017 778 851 950 
1018 744 837 900 
1019 690 904 910 
1020 926 835 995 
1021 829 708 898 
1022 220 681 869 
1023 159 855 930 
1024 189 856 931 
1025 205 679 870 
1026 709 828 967 
1027 958 691 982 
1028 693 957 981 
1029 690 956 980 
1030 955 692 979 
1031 815 706 817 
1032 919 900 978 
1033 805 216 966 
1034 898 835 926 
1035 871 834 997 
1036 704 846 849 
1037 819 211 820 
1038 825 762 909 
1039 785 870 882 
1040 782 869 881 
1041 818 920 970 
1042 801 896 932 
1043 803 897 933 
1044 857 781 875 
1045 729 845 859 
1046 215 216 805 
1047 17 696 712 
1048 29 697 715 
1049 200 201 808 
1050 858 807 921 
1051 762 825 988 
1052 807 887 921 
1053 704 184 846 
1054 779 778 950 
1055 780 781 949 
1056 816 33 969 
1057 709 893 894 
1058 678 841 887 
1059 217 218 810 
1060 878 933 935 
1061 880 932 934 
1062 202 203 812 
1063 693 806 927 
1064 714 696 850 
1065 724 219 869 
1066 904 838 910 
1067 174 905 963 
1068 906 166 962 
1069 907 196 961 
1070 144 908 960 
1071 784 714 850 
1072 723 204 870 
1073 799 826 871 
1074 197 706 815 
1075 893 892 894 
1076 707 819 834 
1077 169 168 865 
1078 172 171 848 
1079 117 116 847 
1080 777 776 926 
1081 691 208 982 
1082 214 693 981 
1083 199 690 980 
1084 692 223 979 
1085 704 849 873 
1086 225 33 816 
1087 827 795 872 
1088 707 834 871 
1089 210 211 819 
1090 4 120 687 
1091 116 5 689 
1092 168 22 683 
1093 23 172 685 
1094 221 947 968 
1095 206 948 971 
1096 217 810 975 
1097 724 869 944 
1098 702 169 865 
1099 848 171 861 
1100 117 847 862 
1101 812 203 989 
1102 723 870 946 
1103 680 812 860 
1104 156 705 850 
1105 4 687 748 
1106 689 5 747 
1107 683 22 746 
1108 23 685 745 
1109 154 839 936 
1110 920 863 970 
1111 693 805 806 
1112 693 927 957 
1113 936 840 973 
1114 883 833 987 
1115 886 830 984 
1116 201 680 808 
1117 164 886 984 
1118 194 883 987 
1119 221 222 947 
1120 206 207 948 
1121 693 215 805 
1122 209 707 982 
1123 709 213 981 
1124 706 198 980 
1125 224 708 979 
1126 893 709 967 
1127 808 680 823 
1128 695 16 710 
1129 694 28 718 
1130 839 840 936 
1131 839 154 974 
1132 887 807 966 
1133 807 805 966 
1134 180 179 701 
1135 161 160 700 
1136 191 190 699 
1137 150 149 698 
1138 684 174 963 
1139 166 682 962 
1140 196 688 961 
1141 686 144 960 
1142 33 815 969 
1143 781 687 875 
1144 718 28 1004 
1145 710 16 1003 
1146 857 703 920 
1147 852 774 965 
1148 712 696 713 
1149 715 697 716 
1150 700 160 930 
1151 806 845 895 
1152 885 176 985 
1153 884 146 986 
1154 699 190 931 
1155 806 807 845 
1156 680 202 812 
1157 819 820 821 
1158 216 217 678 
1159 205 206 679 
1160 201 202 680 
1161 220 221 681 
1162 845 729 895 
1163 690 910 956 
1164 830 890 984 
1165 888 832 985 
1166 891 831 986 
1167 833 889 987 
1168 815 817 818 
1169 933 734 935 
1170 806 805 807 
1171 697 187 876 
1172 214 215 693 
1173 207 208 691 
1174 222 223 692 
1175 199 200 690 
1176 932 739 934 
1177 808 823 824 
1178 831 884 986 
1179 832 885 985 
1180 878 802 933 
1181 880 800 932 
1182 171 170 861 
1183 118 117 862 
1184 781 857 990 
1185 175 174 684 
1186 196 195 688 
1187 166 165 682 
1188 145 144 686 
1189 824 825 837 
1190 771 874 983 
1191 739 736 934 
1192 734 731 935 
1193 180 701 874 
1194 170 702 861 
1195 703 118 862 
1196 824 823 825 
1197 218 724 810 
1198 191 699 917 
1199 701 179 913 
1200 698 149 919 
1201 161 700 915 
1202 823 680 860 
1203 849 846 937 
1204 777 926 995 
1205 150 698 867 
1206 810 724 811 
1207 692 844 902 
1208 811 849 1000 
1209 691 843 903 
1210 818 817 857 
1211 821 820 822 
1212 849 959 1000 
1213 845 858 859 
1214 845 807 858 
1215 818 857 920 
1216 824 837 838 
1217 819 821 834 
1218 892 822 894 
1219 866 867 964 
1220 708 816 835 
1221 877 802 878 
1222 879 800 880 
1223 809 771 983 
1224 770 915 935 
1225 817 706 872 
1226 767 917 934 
1227 703 857 875 
1228 790 791 802 
1229 787 788 800 
1230 708 225 816 
1231 837 825 842 
1232 184 183 846 
1233 707 210 819 
1234 800 788 801 
1235 802 791 803 
1236 862 847 863 
1237 197 198 706 
1238 224 225 708 
1239 209 210 707 
1240 212 213 709 
1241 33 197 815 
1242 203 204 723 
1243 218 219 724 
1244 860 761 988 
1245 890 682 984 
1246 684 888 985 
1247 686 891 986 
1248 889 688 987 
1249 850 705 972 
1250 700 877 878 
1251 699 879 880 
1252 843 691 958 
1253 844 692 955 
1254 943 804 973 
1255 876 187 1002 
1256 913 768 938 
1257 156 155 705 
1258 185 184 704 
1259 170 169 702 
1260 119 118 703 
1261 716 697 717 
1262 219 220 869 
1263 713 696 714 
1264 711 710 866 
1265 762 711 866 
1266 204 205 870 
1267 851 778 991 
1268 774 852 992 
1269 780 853 993 
1270 854 776 994 
1271 797 965 967 
1272 846 694 937 
1273 179 912 913 
1274 916 191 917 
1275 149 918 919 
1276 914 161 915 
1277 860 812 951 
1278 761 762 988 
1279 834 821 899 
1280 806 895 927 
1281 896 739 932 
1282 809 858 921 
1283 840 763 868 
1284 897 734 933 
1285 722 789 790 
1286 721 786 787 
1287 168 683 865 
1288 685 172 848 
1289 181 180 874 
1290 116 689 847 
1291 754 793 854 
1292 795 756 853 
1293 797 758 852 
1294 760 799 851 
1295 969 818 970 
1296 790 789 791 
1297 787 786 788 
1298 700 878 915 
1299 119 703 875 
1300 157 156 850 
1301 699 880 917 
1302 874 771 953 
1303 719 772 773 
1304 798 759 843 
1305 792 753 844 
1306 750 832 888 
1307 830 749 890 
1308 833 752 889 
1309 751 831 891 
1310 808 824 904 
1311 915 878 935 
1312 917 880 934 
1313 793 829 898 
1314 909 866 964 
1315 151 150 867 
1316 120 119 875 
1317 752 754 889 
1318 758 750 888 
1319 756 751 891 
1320 749 760 890 
1321 764 717 765 
1322 790 802 877 
1323 787 800 879 
1324 761 711 762 
1325 772 771 809 
1326 729 859 938 
1327 773 772 841 
1328 721 717 764 
1329 722 714 766 
1330 773 841 864 
1331 738 739 896 
1332 733 734 897 
1333 722 766 789 
1334 721 764 786 
1335 839 763 840 
1336 801 788 813 
1337 803 791 814 
1338 748 687 780 
1339 689 747 776 
1340 683 746 778 
1341 745 685 774 
1342 783 765 836 
1343 702 865 899 
1344 873 811 996 
1345 753 738 896 
1346 759 733 897 
1347 683 779 865 
1348 775 685 848 
1349 689 777 847 
1350 678 217 975 
1351 717 697 876 
1352 761 860 951 
1353 18 158 942 
1354 30 188 941 
1355 716 717 721 
1356 713 714 722 
1357 719 771 772 
1358 862 863 920 
1359 774 775 965 
1360 177 178 677 
1361 192 193 675 
1362 162 163 676 
1363 147 148 674 
1364 155 154 936 
1365 694 719 937 
1366 869 782 944 
1367 766 714 784 
1368 866 710 954 
1369 720 763 839 
1370 783 836 873 
1371 728 757 895 
1372 183 694 846 
1373 782 765 783 
1374 793 792 829 
1375 794 795 827 
1376 796 797 828 
1377 799 798 826 
1378 720 761 763 
1379 195 194 987 
1380 176 175 985 
1381 146 145 986 
1382 165 164 984 
1383 775 892 893 
1384 764 765 782 
1385 825 823 988 
1386 186 185 952 
1387 766 784 785 
1388 786 764 881 
1389 867 866 954 
1390 789 766 882 
1391 712 713 855 
1392 715 716 856 
1393 822 820 894 
1394 729 728 895 
1395 785 784 804 
1396 870 785 946 
1397 754 792 793 
1398 794 756 795 
1399 796 758 797 
1400 760 798 799 
1401 754 854 889 
1402 852 758 888 
1403 853 756 891 
1404 760 851 890 
1405 849 937 959 
1406 766 785 882 
1407 719 718 771 
1408 720 711 761 
1409 754 753 792 
1410 755 756 794 
1411 757 758 796 
1412 760 759 798 
1413 3 115 908 
1414 121 1 907 
1415 167 21 906 
1416 24 173 905 
1417 784 850 972 
1418 840 943 973 
1419 764 782 881 
1420 820 211 999 
1421 695 711 720 
1422 708 835 898 
1423 836 765 876 
1424 863 835 970 
1425 837 842 900 
1426 835 863 995 
1427 772 809 921 
1428 732 749 830 
1429 750 727 832 
1430 751 742 831 
1431 737 752 833 
1432 738 736 739 
1433 674 741 945 
1434 733 731 734 
1435 913 938 977 
1436 775 848 892 
1437 844 753 896 
1438 843 759 897 
1439 765 717 876 
1440 771 718 953 
1441 713 722 928 
1442 749 759 760 
1443 755 751 756 
1444 757 750 758 
1445 752 753 754 
1446 716 721 929 
1447 965 893 967 
1448 703 862 920 
1449 857 817 990 
1450 861 702 911 
1451 216 678 966 
1452 804 943 946 
1453 687 120 875 
1454 821 822 911 
1455 741 743 744 
1456 726 728 729 
1457 887 841 921 
1458 943 868 989 
1459 749 733 759 
1460 743 751 755 
1461 728 750 757 
1462 752 738 753 
1463 790 877 928 
1464 842 825 909 
1465 787 879 929 
1466 187 186 1002 
1467 763 761 951 
1468 824 838 904 
1469 741 742 743 
1470 732 731 733 
1471 737 736 738 
1472 726 727 728 
1473 696 157 850 
1474 782 783 944 
1475 813 788 939 
1476 814 791 940 
1477 797 852 965 
1478 929 879 931 
1479 928 877 930 
1480 800 801 932 
1481 802 803 933 
1482 688 195 987 
1483 145 686 986 
1484 175 684 985 
1485 682 165 984 
1486 769 674 945 
1487 762 866 909 
1488 211 212 999 
1489 798 843 958 
1490 792 844 955 
1491 743 742 751 
1492 732 733 749 
1493 737 738 752 
1494 728 727 750 
1495 863 847 995 
1496 786 881 939 
1497 222 692 947 
1498 207 691 948 
1499 789 882 940 
1500 858 809 976 
1501 855 713 928 
1502 811 724 996 
1503 856 716 929 
1504 705 936 973 
1505 722 790 928 
1506 186 952 1002 
1507 721 787 929 
1508 841 772 921 
1509 801 813 902 
1510 803 814 903 
1511 689 776 777 
1512 780 687 781 
1513 774 685 775 
1514 683 778 779 
1515 785 804 946 
1516 812 868 951 
1517 681 221 968 
1518 679 206 971 
1519 847 777 995 
1520 854 793 926 
1521 742 740 884 
1522 727 725 885 
1523 886 164 924 
1524 883 194 923 
1525 848 861 1001 
1526 154 153 974 
1527 695 710 711 
1528 694 718 719 
1529 723 943 989 
1530 755 794 910 
1531 730 731 732 
1532 741 740 742 
1533 735 736 737 
1534 726 725 727 
1535 810 864 975 
1536 730 676 731 
1537 677 725 726 
1538 674 740 741 
1539 735 675 736 
1540 212 709 999 
1541 705 155 936 
1542 867 698 964 
1543 147 674 769 
1544 676 163 770 
1545 675 193 767 
1546 177 677 768 
1547 719 773 937 
1548 864 810 1000 
1549 744 900 945 
1550 146 884 925 
1551 176 885 922 
1552 695 720 974 
1553 855 159 942 
1554 856 189 941 
1555 743 755 901 
1556 162 676 730 
1557 677 178 725 
1558 674 148 740 
1559 192 675 735 
1560 799 871 950 
1561 873 836 952 
1562 813 939 968 
1563 814 940 971 
1564 872 795 949 
1565 835 816 970 
1566 838 901 910 
1567 757 796 927 
1568 874 701 983 
1569 901 755 910 
1570 788 786 939 
1571 791 789 940 
1572 726 729 998 
1573 832 727 885 
1574 831 742 884 
1575 881 681 939 
1576 977 976 983 
1577 882 679 940 
1578 730 732 886 
1579 735 737 883 
1580 793 898 926 
1581 732 830 886 
1582 737 833 883 
1583 203 723 989 
1584 702 899 911 
1585 810 811 1000 
1586 704 873 952 
1587 744 743 901 
1588 840 868 943 
1589 20 162 924 
1590 32 192 923 
1591 178 25 922 
1592 148 13 925 
1593 899 821 911 
1594 815 818 969 
1595 823 860 988 
1596 895 757 927 
1597 877 700 930 
1598 879 699 931 
1599 185 704 952 
1600 927 796 957 
1601 910 794 956 
1602 856 929 931 
1603 834 899 997 
1604 855 928 930 
1605 868 763 951 
1606 937 773 959 
1607 682 890 991 
1608 888 684 992 
1609 891 686 993 
1610 688 889 994 
1611 795 853 949 
1612 692 902 947 
1613 709 894 999 
1614 691 903 948 
1615 223 224 979 
1616 198 199 980 
1617 213 214 981 
1618 208 209 982 
1619 851 799 950 
1620 859 858 976 
1621 153 695 974 
1622 783 873 996 
1623 865 779 997 
1624 826 958 982 
1625 956 827 980 
1626 957 828 981 
1627 829 955 979 
1628 775 893 965 
1629 181 874 953 
1630 829 792 955 
1631 794 827 956 
1632 796 828 957 
1633 826 798 958 
1634 773 864 959 
1635 892 848 1001 
1636 701 977 983 
1637 949 781 990 
1638 193 31 916 
1639 163 19 914 
1640 26 177 912 
1641 14 147 918 
1642 151 867 954 
1643 748 780 960 
1644 776 747 961 
1645 778 746 962 
1646 745 774 963 
1647 868 812 989 
1648 741 744 945 
1649 724 944 996 
1650 939 681 968 
1651 940 679 971 
1652 720 839 974 
1653 804 784 972 
1654 828 797 967 
1655 884 740 925 
1656 885 725 922 
1657 817 872 990 
1658 938 859 977 
1659 842 964 978 
1660 902 813 947 
1661 903 814 948 
1662 948 814 971 
1663 947 813 968 
1664 899 865 997 
1665 767 916 917 
1666 770 914 915 
1667 912 768 913 
1668 918 769 919 
1669 730 886 924 
1670 735 883 923 
1671 729 938 998 
1672 952 836 1002 
1673 890 851 991 
1674 852 888 992 
1675 853 891 993 
1676 889 854 994 
1677 678 887 966 
1678 162 730 924 
1679 192 735 923 
1680 964 698 978 
1681 725 178 922 
1682 740 148 925 
1683 943 723 946 
1684 938 768 998 
1685 953 718 1004 
1686 954 710 1003 
1687 677 726 998 
1688 842 909 964 
1689 861 911 1001 
1690 911 822 1001 
1691 767 193 916 
1692 770 163 914 
1693 177 768 912 
1694 147 769 918 
1695 715 856 941 
1696 712 855 942 
1697 872 949 990 
1698 188 715 941 
1699 158 712 942 
1700 836 876 1002 
1701 768 677 998 
1702 894 820 999 
1703 701 913 977 
1704 962 682 991 
1705 684 963 992 
1706 686 960 993 
1707 961 688 994 
1708 804 972 973 
1709 822 892 1001 
1710 900 842 978 
1711 698 919 978 
1712 972 705 973 
1713 976 809 983 
1714 28 182 1004 
1715 16 152 1003 
1716 115 4 748 
1717 5 121 747 
1718 22 167 746 
1719 173 23 745 
1720 816 969 970 
1721 944 783 996 
1722 778 962 991 
1723 963 774 992 
1724 960 780 993 
1725 776 961 994 
1726 115 748 908 
1727 747 121 907 
1728 746 167 906 
1729 173 745 905 
1730 859 976 977 
1731 908 748 960 
1732 747 907 961 
1733 746 906 962 
1734 905 745 963 
1735 959 864 1000 
1736 158 17 712 
1737 188 29 715 
1738 13 146 925 
1739 164 20 924 
1740 25 176 922 
1741 194 32 923 
1742 152 15 954 
1743 182 27 953 
2 4 2 6
1744 12 3 228 
1745 226 12 228 
1746 35 227 34 
1747 227 229 34 
1748 226 229 227 
1749 226 228 229 
2 5 2 74
1750 1018 1026 1015 
1751 1019 1024 1016 
1752 1010 1026 1018 
1753 1008 1024 1019 
1754 1021 1023 139 
1755 1011 1022 1020 
1756 234 1011 1006 
1757 137 1007 138 
1758 234 1006 233 
1759 235 1011 234 
1760 1005 1011 235 
1761 1006 1013 1012 
1762 140 1009 141 
1763 1006 1012 233 
1764 233 1012 232 
1765 236 1005 235 
1766 236 1016 1005 
1767 237 1016 236 
1768 136 1015 137 
1769 137 1015 1007 
1770 232 1017 231 
1771 1012 1017 232 
1772 141 1014 142 
1773 1009 1014 141 
1774 231 1010 230 
1775 142 1008 143 
1776 142 1014 1008 
1777 231 1017 1010 
1778 1013 1023 1021 
1779 1020 1022 1009 
1780 1011 1020 1006 
1781 138 1021 139 
1782 140 1023 1009 
1783 1013 1025 1012 
1784 227 1018 226 
1785 238 1019 239 
1786 239 1027 36 
1787 226 1028 12 
1788 35 1029 227 
1789 11 1030 238 
1790 12 1028 136 
1791 36 1027 237 
1792 230 1029 35 
1793 143 1030 11 
1794 1009 1023 1020 
1795 1021 1025 1013 
1796 1007 1021 138 
1797 1006 1020 1013 
1798 1005 1022 1011 
1799 139 1023 140 
1800 1007 1026 1025 
1801 1005 1024 1022 
1802 1016 1024 1005 
1803 1009 1022 1014 
1804 1015 1026 1007 
1805 1012 1025 1017 
1806 1022 1024 1014 
1807 1025 1026 1017 
1808 1014 1024 1008 
1809 1017 1026 1010 
1810 1020 1023 1013 
1811 1007 1025 1021 
1812 136 1028 1015 
1813 237 1027 1016 
1814 1010 1029 230 
1815 1008 1030 143 
1816 1015 1028 1018 
1817 1016 1027 1019 
1818 1018 1029 1010 
1819 1019 1030 1008 
1820 1018 1028 226 
1821 227 1029 1018 
1822 1019 1027 239 
1823 238 1030 1019 
2 6 2 6
1824 10 11 240 
1825 240 11 238 
1826 37 239 36 
1827 37 241 239 
1828 241 238 239 
1829 241 240 238 
2 7 2 34
1830 245 1031 246 
1831 1034 1037 1031 
1832 1031 1037 1035 
1833 135 1033 134 
1834 1033 1037 1034 
1835 134 1034 133 
1836 242 1035 243 
1837 1033 1034 134 
1838 243 1032 244 
1839 1036 1037 1033 
1840 1035 1037 1032 
1841 241 1036 240 
1842 243 1035 1032 
1843 1032 1037 1036 
1844 240 1038 10 
1845 9 1039 245 
1846 246 1040 38 
1847 37 1041 241 
1848 245 1039 1031 
1849 1031 1040 246 
1850 1033 1038 1036 
1851 10 1038 135 
1852 133 1039 9 
1853 38 1040 242 
1854 244 1041 37 
1855 1031 1039 1034 
1856 1036 1041 1032 
1857 1035 1040 1031 
1858 1036 1038 240 
1859 241 1041 1036 
1860 135 1038 1033 
1861 1034 1039 133 
1862 242 1040 1035 
1863 1032 1041 244 
2 8 2 34
1864 246 1042 245 
1865 1042 1048 1045 
1866 1046 1048 1042 
1867 1045 1048 1044 
1868 131 1044 130 
1869 132 1045 131 
1870 248 1046 249 
1871 131 1045 1044 
1872 247 1043 248 
1873 1043 1048 1046 
1874 1044 1048 1047 
1875 250 1047 251 
1876 1043 1046 248 
1877 8 1049 250 
1878 1047 1048 1043 
1879 245 1050 9 
1880 38 1051 246 
1881 251 1052 39 
1882 1042 1050 245 
1883 246 1051 1042 
1884 1047 1049 1044 
1885 130 1049 8 
1886 9 1050 132 
1887 249 1051 38 
1888 39 1052 247 
1889 1045 1050 1042 
1890 1042 1051 1046 
1891 1043 1052 1047 
1892 250 1049 1047 
1893 1047 1052 251 
1894 1044 1049 130 
1895 132 1050 1045 
1896 1046 1051 249 
1897 247 1052 1043 
2 9 2 6
1898 252 7 8 
1899 252 8 250 
1900 40 251 39 
1901 40 253 251 
1902 253 250 251 
1903 252 250 253 
2 10 2 74
1904 1067 1065 1069 
1905 1056 1067 1069 
1906 1066 1063 1074 
1907 1058 1066 1074 
1908 1068 127 1073 
1909 125 1054 1059 
1910 259 1057 1060 
1911 260 1060 1061 
1912 123 124 1055 
1913 125 126 1054 
1914 260 259 1060 
1915 261 260 1061 
1916 1053 261 1061 
1917 1055 124 1059 
1918 124 125 1059 
1919 259 258 1057 
1920 262 261 1053 
1921 1053 1061 1062 
1922 262 1053 1065 
1923 263 262 1065 
1924 122 123 1063 
1925 123 1055 1063 
1926 1057 258 1064 
1927 258 257 1064 
1928 257 256 1058 
1929 128 129 1056 
1930 257 1058 1064 
1931 1062 1068 1073 
1932 126 127 1068 
1933 1065 1053 1069 
1934 1062 1061 1072 
1935 128 1056 1073 
1936 255 254 1066 
1937 252 253 1067 
1938 253 40 1075 
1939 254 6 1076 
1940 41 255 1077 
1941 7 252 1078 
1942 6 122 1076 
1943 40 263 1075 
1944 256 41 1077 
1945 129 7 1078 
1946 1068 1062 1072 
1947 1056 1069 1073 
1948 1054 126 1068 
1949 1053 1062 1069 
1950 1070 1054 1072 
1951 1060 1057 1070 
1952 1059 1054 1070 
1953 1060 1070 1072 
1954 1059 1070 1071 
1955 1070 1057 1071 
1956 1055 1059 1071 
1957 1061 1060 1072 
1958 127 128 1073 
1959 1055 1071 1074 
1960 1057 1064 1071 
1961 1063 1055 1074 
1962 1071 1064 1074 
1963 1064 1058 1074 
1964 1054 1068 1072 
1965 1069 1062 1073 
1966 122 1063 1076 
1967 263 1065 1075 
1968 1058 256 1077 
1969 1056 129 1078 
1970 1063 1066 1076 
1971 1065 1067 1075 
1972 1066 1058 1077 
1973 1067 1056 1078 
1974 1066 254 1076 
1975 255 1066 1077 
1976 1067 253 1075 
1977 252 1067 1078 
2 11 2 6
1978 1 6 254 
1979 1 254 264 
1980 42 255 41 
1981 265 255 42 
1982 264 254 255 
1983 265 264 255 
2 12 2 34
1984 195 1085 1083 
1985 1083 1084 195 
1986 1079 1083 1082 
1987 1079 1084 1083 
1988 1081 1083 1080 
1989 265 1080 264 
1990 269 1079 270 
1991 266 1082 267 
1992 1082 1083 1081 
1993 196 1085 195 
1994 1083 1085 1080 
1995 195 1084 194 
1996 267 1081 268 
1997 43 1087 266 
1998 268 1086 42 
1999 42 1086 265 
2000 270 1087 43 
2001 267 1082 1081 
2002 194 1088 32 
2003 32 1088 269 
2004 1080 1089 264 
2005 266 1087 1082 
2006 1 1089 196 
2007 269 1088 1079 
2008 264 1089 1 
2009 265 1086 1080 
2010 1079 1087 270 
2011 1082 1087 1079 
2012 1080 1086 1081 
2013 1081 1086 268 
2014 1085 1089 1080 
2015 1079 1088 1084 
2016 1084 1088 194 
2017 196 1089 1085 
2 13 2 18
2018 272 271 1093 
2019 269 270 1093 
2020 271 1092 1093 
2021 1092 269 1093 
2022 1090 272 1093 
2023 270 1090 1093 
2024 271 1091 1092 
2025 1091 269 1092 
2026 193 192 1091 
2027 273 274 1090 
2028 31 193 1091 
2029 271 31 1091 
2030 192 32 1091 
2031 32 269 1091 
2032 270 43 1090 
2033 43 273 1090 
2034 44 272 1090 
2035 274 44 1090 
2 14 2 34
2036 1098 1100 190 
2037 190 1099 1098 
2038 1097 1098 1094 
2039 1098 1099 1094 
2040 1095 1098 1096 
2041 278 1095 279 
2042 272 1094 271 
2043 276 1097 277 
2044 1096 1098 1097 
2045 190 1100 189 
2046 1095 1100 1098 
2047 191 1099 190 
2048 275 1096 276 
2049 277 1102 44 
2050 45 1101 275 
2051 44 1102 272 
2052 279 1101 45 
2053 1096 1097 276 
2054 31 1103 191 
2055 271 1103 31 
2056 278 1104 1095 
2057 1097 1102 277 
2058 189 1104 30 
2059 1094 1103 271 
2060 30 1104 278 
2061 1095 1101 279 
2062 272 1102 1094 
2063 1094 1102 1097 
2064 1096 1101 1095 
2065 275 1101 1096 
2066 1095 1104 1100 
2067 1099 1103 1094 
2068 191 1103 1099 
2069 1100 1104 189 
2 15 2 15
2070 282 185 283 
2071 185 282 184 
2072 185 186 283 
2073 284 187 285 
2074 280 183 281 
2075 281 183 184 
2076 186 187 284 
2077 282 281 184 
2078 283 186 284 
2079 27 182 280 
2080 280 182 28 
2081 183 280 28 
2082 285 187 29 
2083 285 29 188 
2084 30 285 188 
2 16 2 34
2085 180 1111 1109 
2086 1109 1110 180 
2087 1105 1109 1108 
2088 1105 1110 1109 
2089 1107 1109 1106 
2090 292 1106 291 
2091 289 1105 290 
2092 286 1108 287 
2093 1108 1109 1107 
2094 181 1111 180 
2095 1109 1111 1106 
2096 180 1110 179 
2097 287 1107 288 
2098 46 1113 286 
2099 288 1112 47 
2100 290 1113 46 
2101 47 1112 292 
2102 287 1108 1107 
2103 179 1114 26 
2104 26 1114 289 
2105 1106 1115 291 
2106 286 1113 1108 
2107 27 1115 181 
2108 289 1114 1105 
2109 291 1115 27 
2110 292 1112 1106 
2111 1105 1113 290 
2112 1108 1113 1105 
2113 1106 1112 1107 
2114 1107 1112 288 
2115 1111 1115 1106 
2116 1105 1114 1110 
2117 1110 1114 179 
2118 181 1115 1111 
2 17 2 18
2119 289 290 1119 
2120 294 293 1119 
2121 1118 289 1119 
2122 293 1118 1119 
2123 290 1116 1119 
2124 1116 294 1119 
2125 1117 289 1118 
2126 293 1117 1118 
2127 295 296 1116 
2128 178 177 1117 
2129 25 178 1117 
2130 293 25 1117 
2131 177 26 1117 
2132 26 289 1117 
2133 290 46 1116 
2134 46 295 1116 
2135 48 294 1116 
2136 296 48 1116 
2 18 2 34
2137 1124 1126 175 
2138 175 1125 1124 
2139 1123 1124 1120 
2140 1124 1125 1120 
2141 1121 1124 1122 
2142 300 1121 301 
2143 294 1120 293 
2144 298 1123 299 
2145 1122 1124 1123 
2146 175 1126 174 
2147 1121 1126 1124 
2148 176 1125 175 
2149 297 1122 298 
2150 299 1128 48 
2151 49 1127 297 
2152 48 1128 294 
2153 301 1127 49 
2154 1122 1123 298 
2155 25 1129 176 
2156 293 1129 25 
2157 300 1130 1121 
2158 1123 1128 299 
2159 174 1130 24 
2160 1120 1129 293 
2161 24 1130 300 
2162 1121 1127 301 
2163 294 1128 1120 
2164 1120 1128 1123 
2165 1122 1127 1121 
2166 297 1127 1122 
2167 1121 1130 1126 
2168 1125 1129 1120 
2169 176 1129 1125 
2170 1126 1130 174 
2 19 2 15
2171 304 170 305 
2172 170 171 305 
2173 170 304 169 
2174 303 302 168 
2175 172 307 306 
2176 171 172 306 
2177 303 168 169 
2178 305 171 306 
2179 304 303 169 
2180 302 21 167 
2181 302 167 22 
2182 302 22 168 
2183 307 172 23 
2184 173 307 23 
2185 307 173 24 
2 20 2 34
2186 165 1137 1135 
2187 1135 1136 165 
2188 1131 1135 1134 
2189 1131 1136 1135 
2190 1133 1135 1132 
2191 314 1132 313 
2192 311 1131 312 
2193 308 1134 309 
2194 1134 1135 1133 
2195 166 1137 165 
2196 1135 1137 1132 
2197 165 1136 164 
2198 309 1133 310 
2199 50 1139 308 
2200 310 1138 51 
2201 312 1139 50 
2202 51 1138 314 
2203 309 1134 1133 
2204 164 1140 20 
2205 20 1140 311 
2206 1132 1141 313 
2207 308 1139 1134 
2208 21 1141 166 
2209 311 1140 1131 
2210 313 1141 21 
2211 314 1138 1132 
2212 1131 1139 312 
2213 1134 1139 1131 
2214 1132 1138 1133 
2215 1133 1138 310 
2216 1137 1141 1132 
2217 1131 1140 1136 
2218 1136 1140 164 
2219 166 1141 1137 
2 21 2 18
2220 311 312 1145 
2221 316 315 1145 
2222 1144 311 1145 
2223 315 1144 1145 
2224 312 1142 1145 
2225 1142 316 1145 
2226 1143 311 1144 
2227 315 1143 1144 
2228 317 318 1142 
2229 163 162 1143 
2230 19 163 1143 
2231 315 19 1143 
2232 162 20 1143 
2233 20 311 1143 
2234 312 50 1142 
2235 50 317 1142 
2236 52 316 1142 
2237 318 52 1142 
2 22 2 34
2238 1150 1152 160 
2239 160 1151 1150 
2240 1149 1150 1146 
2241 1150 1151 1146 
2242 1147 1150 1148 
2243 322 1147 323 
2244 316 1146 315 
2245 320 1149 321 
2246 1148 1150 1149 
2247 160 1152 159 
2248 1147 1152 1150 
2249 161 1151 160 
2250 319 1148 320 
2251 321 1154 52 
2252 53 1153 319 
2253 52 1154 316 
2254 323 1153 53 
2255 1148 1149 320 
2256 19 1155 161 
2257 315 1155 19 
2258 322 1156 1147 
2259 1149 1154 321 
2260 159 1156 18 
2261 1146 1155 315 
2262 18 1156 322 
2263 1147 1153 323 
2264 316 1154 1146 
2265 1146 1154 1149 
2266 1148 1153 1147 
2267 319 1153 1148 
2268 1147 1156 1152 
2269 1151 1155 1146 
2270 161 1155 1151 
2271 1152 1156 159 
2 23 2 15
2272 326 155 327 
2273 155 156 327 
2274 326 154 155 
2275 325 324 153 
2276 328 157 329 
2277 156 157 328 
2278 154 325 153 
2279 156 328 327 
2280 325 154 326 
2281 324 15 152 
2282 16 324 152 
2283 324 16 153 
2284 329 157 17 
2285 158 329 17 
2286 158 18 329 
2 24 2 34
2287 150 1163 1161 
2288 1161 1162 150 
2289 1157 1161 1160 
2290 1157 1162 1161 
2291 1159 1161 1158 
2292 333 1157 334 
2293 336 1158 335 
2294 330 1160 331 
2295 1160 1161 1159 
2296 151 1163 150 
2297 1161 1163 1158 
2298 150 1162 149 
2299 331 1159 332 
2300 332 1164 55 
2301 54 1165 330 
2302 334 1165 54 
2303 55 1164 336 
2304 331 1160 1159 
2305 149 1166 14 
2306 14 1166 333 
2307 1158 1167 335 
2308 330 1165 1160 
2309 15 1167 151 
2310 333 1166 1157 
2311 335 1167 15 
2312 1157 1165 334 
2313 336 1164 1158 
2314 1160 1165 1157 
2315 1158 1164 1159 
2316 1159 1164 332 
2317 1163 1167 1158 
2318 1157 1166 1162 
2319 1162 1166 149 
2320 151 1167 1163 
2 25 2 18
2321 333 334 1171 
2322 338 337 1171 
2323 1170 333 1171 
2324 337 1170 1171 
2325 334 1168 1171 
2326 1168 338 1171 
2327 337 1169 1170 
2328 1169 333 1170 
2329 339 340 1168 
2330 148 147 1169 
2331 13 148 1169 
2332 337 13 1169 
2333 147 14 1169 
2334 14 333 1169 
2335 334 54 1168 
2336 54 339 1168 
2337 56 338 1168 
2338 340 56 1168 
2 26 2 34
2339 1176 1178 145 
2340 145 1177 1176 
2341 1175 1176 1172 
2342 1176 1177 1172 
2343 1173 1176 1174 
2344 338 1172 337 
2345 228 1173 229 
2346 342 1175 343 
2347 1174 1176 1175 
2348 145 1178 144 
2349 1173 1178 1176 
2350 146 1177 145 
2351 341 1174 342 
2352 34 1179 341 
2353 343 1180 56 
2354 56 1180 338 
2355 229 1179 34 
2356 1174 1175 342 
2357 13 1181 146 
2358 337 1181 13 
2359 228 1182 1173 
2360 1175 1180 343 
2361 144 1182 3 
2362 1172 1181 337 
2363 3 1182 228 
2364 338 1180 1172 
2365 1173 1179 229 
2366 1172 1180 1175 
2367 1174 1179 1173 
2368 341 1179 1174 
2369 1173 1182 1178 
2370 1177 1181 1172 
2371 146 1181 1177 
2372 1178 1182 144 
2 27 2 242
2373 1183 1235 1266 
2374 1236 1183 1266 
2375 1184 1238 1267 
2376 1237 1184 1267 
2377 1231 1200 1239 
2378 1191 1206 1241 
2379 1222 1199 1240 
2380 1211 201 1242 
2381 345 346 1198 
2382 348 1192 1210 
2383 1210 1192 1211 
2384 1198 346 1209 
2385 347 348 1210 
2386 199 198 1233 
2387 1189 199 1233 
2388 1209 347 1210 
2389 214 213 1217 
2390 360 361 1216 
2391 363 364 1213 
2392 218 217 1214 
2393 364 1202 1213 
2394 363 1213 1229 
2395 356 357 1223 
2396 217 1186 1214 
2397 361 1185 1216 
2398 362 363 1229 
2399 357 1193 1223 
2400 1204 360 1216 
2401 213 1187 1217 
2402 1203 214 1217 
2403 221 1197 1215 
2404 223 222 1212 
2405 1185 362 1229 
2406 1207 356 1223 
2407 207 1206 1218 
2408 1187 212 1226 
2409 217 216 1186 
2410 358 359 1224 
2411 1195 223 1212 
2412 359 1204 1224 
2413 366 1201 1227 
2414 212 211 1226 
2415 1196 218 1214 
2416 220 219 1232 
2417 222 221 1215 
2418 208 207 1218 
2419 348 349 1192 
2420 353 354 1191 
2421 1191 354 1219 
2422 357 358 1193 
2423 211 210 1205 
2424 1212 222 1215 
2425 365 366 1227 
2426 1202 365 1227 
2427 1186 216 1234 
2428 221 220 1197 
2429 355 1207 1219 
2430 361 362 1185 
2431 203 1200 1222 
2432 209 1194 1228 
2433 215 214 1203 
2434 219 1196 1232 
2435 1197 220 1232 
2436 1193 358 1224 
2437 366 367 1201 
2438 204 203 1222 
2439 207 206 1206 
2440 211 1205 1226 
2441 350 351 1199 
2442 350 1199 1231 
2443 354 355 1219 
2444 355 356 1207 
2445 364 365 1202 
2446 1201 367 1225 
2447 203 202 1200 
2448 206 205 1220 
2449 213 212 1187 
2450 224 223 1195 
2451 369 370 1230 
2452 370 371 1208 
2453 205 204 1190 
2454 205 1190 1220 
2455 1206 206 1220 
2456 210 209 1228 
2457 1205 210 1228 
2458 219 218 1196 
2459 349 350 1231 
2460 1192 349 1231 
2461 359 360 1204 
2462 367 368 1225 
2463 368 369 1188 
2464 370 1208 1230 
2465 1220 1190 1221 
2466 200 199 1189 
2467 1190 204 1222 
2468 216 215 1234 
2469 1194 208 1218 
2470 215 1203 1234 
2471 209 208 1194 
2472 1188 369 1230 
2473 368 1188 1225 
2474 346 347 1209 
2475 201 1211 1271 
2476 1199 1222 1255 
2477 1206 1191 1252 
2478 1200 1231 1255 
2479 374 373 1184 
2480 373 374 1183 
2481 344 345 1235 
2482 198 197 1236 
2483 371 372 1237 
2484 225 224 1238 
2485 345 1198 1235 
2486 1233 198 1236 
2487 1208 371 1237 
2488 224 1195 1238 
2489 1192 1231 1239 
2490 201 200 1242 
2491 1190 1222 1240 
2492 1206 1220 1241 
2493 1210 1211 1268 
2494 1200 202 1271 
2495 1199 351 1270 
2496 353 1191 1269 
2497 33 225 1245 
2498 372 57 1243 
2499 197 33 1246 
2500 57 344 1244 
2501 57 374 1243 
2502 373 33 1245 
2503 374 57 1244 
2504 33 373 1246 
2505 1211 1242 1268 
2506 1191 1241 1269 
2507 1239 1200 1271 
2508 1240 1199 1270 
2509 344 1235 1244 
2510 1236 197 1246 
2511 225 1238 1245 
2512 1237 372 1243 
2513 1211 1192 1239 
2514 1221 1190 1240 
2515 1220 1221 1241 
2516 200 1189 1242 
2517 1269 1221 1270 
2518 1189 1247 1268 
2519 1258 1207 1264 
2520 1203 1254 1256 
2521 1189 1233 1247 
2522 1202 1260 1265 
2523 1215 1197 1251 
2524 1201 1249 1263 
2525 1213 1202 1265 
2526 1195 1212 1261 
2527 1201 1225 1249 
2528 1212 1215 1250 
2529 1250 1215 1251 
2530 1212 1250 1261 
2531 1227 1201 1263 
2532 1252 1219 1258 
2533 1203 1217 1254 
2534 1191 1219 1252 
2535 1222 1200 1255 
2536 1204 1216 1257 
2537 1224 1204 1248 
2538 1226 1205 1253 
2539 1205 1228 1262 
2540 1219 1207 1258 
2541 1202 1227 1260 
2542 1248 1204 1257 
2543 1253 1205 1262 
2544 1260 1227 1263 
2545 1194 1258 1264 
2546 1254 1185 1256 
2547 1254 1217 1257 
2548 1216 1254 1257 
2549 1248 1226 1253 
2550 1224 1248 1253 
2551 1197 1249 1251 
2552 1249 1225 1251 
2553 1228 1194 1264 
2554 1234 1203 1256 
2555 1229 1213 1259 
2556 1186 1234 1259 
2557 1185 1229 1256 
2558 1207 1223 1264 
2559 1234 1256 1259 
2560 1256 1229 1259 
2561 1198 1209 1247 
2562 1259 1213 1265 
2563 1262 1228 1264 
2564 1260 1214 1265 
2565 1214 1186 1265 
2566 1216 1185 1254 
2567 1218 1206 1252 
2568 1218 1252 1258 
2569 1217 1187 1257 
2570 1187 1226 1248 
2571 1223 1193 1262 
2572 1231 1199 1255 
2573 1249 1232 1263 
2574 1193 1224 1253 
2575 1194 1218 1258 
2576 1187 1248 1257 
2577 1196 1214 1260 
2578 1232 1196 1263 
2579 1197 1232 1249 
2580 1225 1188 1251 
2581 1188 1250 1251 
2582 1193 1253 1262 
2583 1188 1230 1250 
2584 1230 1208 1261 
2585 1250 1230 1261 
2586 1196 1260 1263 
2587 1186 1259 1265 
2588 1223 1262 1264 
2589 1247 1209 1268 
2590 351 352 1270 
2591 202 201 1271 
2592 1209 1210 1268 
2593 352 353 1269 
2594 352 1269 1270 
2595 1235 1183 1244 
2596 1183 1236 1246 
2597 1238 1184 1245 
2598 1184 1237 1243 
2599 1195 1261 1267 
2600 1247 1233 1266 
2601 1198 1247 1266 
2602 1261 1208 1267 
2603 374 1184 1243 
2604 1184 373 1245 
2605 1183 374 1244 
2606 373 1183 1246 
2607 1235 1198 1266 
2608 1238 1195 1267 
2609 1233 1236 1266 
2610 1208 1237 1267 
2611 1241 1221 1269 
2612 1242 1189 1268 
2613 1211 1239 1271 
2614 1221 1240 1270 
2 28 2 178
2615 1303 1333 1307 
2616 1272 1318 1304 
2617 1304 1317 1272 
2618 1323 1335 1286 
2619 1296 1315 1313 
2620 37 1284 244 
2621 1283 1335 1323 
2622 1307 1323 1303 
2623 233 1319 234 
2624 1307 1333 1277 
2625 256 1340 41 
2626 35 1339 230 
2627 40 1309 263 
2628 1277 1319 233 
2629 1300 1312 1311 
2630 1318 1320 1294 
2631 1309 1310 263 
2632 234 1319 1272 
2633 1288 1308 1290 
2634 237 1284 36 
2635 1316 1326 1325 
2636 1294 1331 1318 
2637 1313 1315 1314 
2638 1310 1341 263 
2639 1308 1324 1302 
2640 1306 1308 1288 
2641 1274 1315 1305 
2642 1285 1340 256 
2643 261 1314 260 
2644 1325 1326 1273 
2645 1313 1329 1296 
2646 1290 1308 1302 
2647 1311 1342 1300 
2648 1281 1328 1321 
2649 1283 1339 1335 
2650 256 1332 1285 
2651 1328 1337 1321 
2652 1312 1313 1276 
2653 1272 1319 1318 
2654 1296 1334 1315 
2655 260 1314 1274 
2656 1324 1336 1302 
2657 1305 1322 1274 
2658 1285 1324 1282 
2659 1300 1329 1312 
2660 1276 1314 261 
2661 380 1339 35 
2662 41 1340 375 
2663 1275 1306 1288 
2664 230 1339 1283 
2665 1286 1335 379 
2666 1277 1333 1319 
2667 1281 1321 1284 
2668 1314 1315 1274 
2669 1304 1328 1317 
2670 1282 1308 1306 
2671 232 1307 1277 
2672 378 1286 379 
2673 1319 1320 1318 
2674 1276 1341 1312 
2675 236 1317 1281 
2676 58 1306 1275 
2677 1274 1322 259 
2678 1282 1306 377 
2679 1283 1307 231 
2680 230 1283 231 
2681 236 1281 237 
2682 1319 1333 1320 
2683 1299 1316 1301 
2684 258 1279 257 
2685 1297 1300 1299 
2686 262 1276 261 
2687 1297 1299 1298 
2688 1296 1297 1295 
2689 232 1277 233 
2690 1272 1317 235 
2691 235 1317 236 
2692 1313 1314 1276 
2693 231 1307 232 
2694 1297 1298 1295 
2695 1293 1295 1294 
2696 1293 1296 1295 
2697 1283 1323 1307 
2698 1299 1301 1298 
2699 260 1274 259 
2700 234 1272 235 
2701 376 1285 1282 
2702 1293 1294 1291 
2703 1292 1293 1291 
2704 1318 1331 1304 
2705 1290 1302 1292 
2706 58 1275 378 
2707 1299 1326 1316 
2708 1302 1305 1292 
2709 1315 1334 1305 
2710 377 1306 58 
2711 259 1322 258 
2712 243 1278 242 
2713 1301 1304 1298 
2714 38 1273 249 
2715 1290 1292 1291 
2716 376 1282 377 
2717 1289 1303 1287 
2718 258 1322 1279 
2719 1275 1288 1287 
2720 1290 1291 1289 
2721 1288 1290 1289 
2722 248 1280 247 
2723 1275 1286 378 
2724 1275 1287 1286 
2725 1288 1289 1287 
2726 1281 1284 237 
2727 1312 1341 1310 
2728 375 1285 376 
2729 1303 1323 1287 
2730 1330 1333 1303 
2731 1287 1323 1286 
2732 1311 1312 1310 
2733 1316 1325 1278 
2734 1285 1332 1324 
2735 1300 1342 1326 
2736 1282 1324 1308 
2737 1280 1309 247 
2738 1312 1329 1313 
2739 1320 1330 1294 
2740 1280 1311 1310 
2741 242 1325 38 
2742 1296 1329 1297 
2743 263 1341 262 
2744 257 1332 256 
2745 1295 1331 1294 
2746 1278 1325 242 
2747 38 1325 1273 
2748 1300 1326 1299 
2749 1293 1334 1296 
2750 1294 1330 1291 
2751 249 1327 248 
2752 1273 1327 249 
2753 248 1327 1280 
2754 1278 1337 1316 
2755 375 1340 1285 
2756 1305 1334 1292 
2757 1289 1330 1303 
2758 1280 1327 1311 
2759 1304 1331 1298 
2760 1321 1337 1278 
2761 1279 1336 1324 
2762 1320 1333 1330 
2763 1317 1328 1281 
2764 1280 1310 1309 
2765 1278 1338 1321 
2766 243 1338 1278 
2767 1301 1328 1304 
2768 1324 1332 1279 
2769 1321 1338 1284 
2770 1297 1329 1300 
2771 1302 1336 1305 
2772 1301 1337 1328 
2773 1284 1338 244 
2774 1298 1331 1295 
2775 1305 1336 1322 
2776 1291 1330 1289 
2777 1279 1332 257 
2778 379 1335 380 
2779 1292 1334 1293 
2780 262 1341 1276 
2781 1335 1339 380 
2782 1316 1337 1301 
2783 244 1338 243 
2784 1322 1336 1279 
2785 1326 1342 1273 
2786 1273 1342 1327 
2787 1327 1342 1311 
2788 380 35 34 
2789 36 1284 37 
2790 39 1309 40 
2791 247 1309 39 
2792 375 42 41 
2 29 2 776
2793 347 1573 1477 
2794 1506 1570 1413 
2795 1588 1614 1438 
2796 1405 1603 1344 
2797 1400 1604 1345 
2798 402 1673 1622 
2799 388 1672 1623 
2800 52 1583 321 
2801 330 1587 54 
2802 286 1581 46 
2803 44 1585 277 
2804 1569 1614 1588 
2805 1566 1572 1472 
2806 1565 1571 1470 
2807 51 1575 310 
2808 341 1577 34 
2809 297 1574 49 
2810 42 1576 268 
2811 1540 1619 1448 
2812 1448 1666 1540 
2813 1539 1551 1348 
2814 389 1364 61 
2815 66 1366 407 
2816 403 1363 65 
2817 62 1365 393 
2818 1538 1550 1350 
2819 275 1610 45 
2820 319 1611 53 
2821 1344 1603 1436 
2822 1345 1604 1439 
2823 1495 1540 1376 
2824 1359 1573 347 
2825 1375 1541 1496 
2826 1510 1644 1347 
2827 47 1622 288 
2828 55 1623 332 
2829 1533 1644 1510 
2830 1512 1572 1566 
2831 1507 1570 1506 
2832 1518 1542 1480 
2833 1513 1571 1565 
2834 1376 1651 1495 
2835 1496 1649 1375 
2836 1497 1650 1378 
2837 1377 1648 1498 
2838 1445 1595 1523 
2839 320 1599 319 
2840 276 1600 275 
2841 1522 1618 1449 
2842 1447 1619 1520 
2843 1413 1569 1506 
2844 1359 1579 1573 
2845 1595 1664 1504 
2846 1498 1567 1377 
2847 367 1538 1350 
2848 319 1599 1524 
2849 275 1600 1525 
2850 352 1539 1348 
2851 1378 1636 1497 
2852 1627 1651 1360 
2853 1362 1650 1626 
2854 1359 1649 1625 
2855 1624 1648 1361 
2856 1484 1486 1375 
2857 1588 1647 1569 
2858 1474 1635 363 
2859 1567 1595 1504 
2860 1540 1666 1503 
2861 1373 1518 1515 
2862 1488 1489 358 
2863 1494 1578 1431 
2864 1454 1551 1539 
2865 1451 1550 1538 
2866 1487 1639 1589 
2867 1470 1601 1565 
2868 1472 1602 1566 
2869 1526 1544 1450 
2870 1398 1528 1514 
2871 362 1474 363 
2872 62 1381 1365 
2873 66 1384 1366 
2874 347 1477 348 
2875 1527 1590 1476 
2876 1431 1657 1494 
2877 1476 1590 1556 
2878 1373 1515 404 
2879 1448 1619 1447 
2880 1449 1618 1450 
2881 1485 1638 57 
2882 1378 1563 1562 
2883 1347 1556 1510 
2884 364 1479 365 
2885 1547 1604 1602 
2886 1549 1603 1601 
2887 349 1481 350 
2888 1362 1596 1475 
2889 1383 1519 1365 
2890 1393 1538 366 
2891 1573 1579 1507 
2892 297 1632 1574 
2893 1575 1631 310 
2894 1576 1630 268 
2895 341 1629 1577 
2896 1453 1519 1383 
2897 1392 1539 351 
2898 1468 1540 1495 
2899 344 1484 1375 
2900 1562 1563 1561 
2901 1376 1503 1488 
2902 397 1534 396 
2903 400 1517 399 
2904 383 1516 382 
2905 1446 1595 1445 
2906 1360 1651 355 
2907 361 1650 1362 
2908 346 1649 1359 
2909 1361 1648 370 
2910 1373 1542 1518 
2911 372 1485 57 
2912 1496 1541 1464 
2913 1376 1540 1503 
2914 357 1488 358 
2915 60 1356 386 
2916 382 1358 59 
2917 396 1352 63 
2918 64 1354 400 
2919 368 1637 1616 
2920 353 1640 1617 
2921 364 1644 1479 
2922 1393 1613 1538 
2923 1371 1534 397 
2924 1517 1530 399 
2925 383 1531 1516 
2926 1481 1658 350 
2927 1392 1615 1539 
2928 1349 1529 1481 
2929 392 1519 1374 
2930 60 1417 1356 
2931 1358 1416 59 
2932 1352 1415 63 
2933 64 1414 1354 
2934 390 1605 1508 
2935 1589 1639 1532 
2936 1362 1475 1474 
2937 1362 1626 1596 
2938 1605 1642 1509 
2939 1552 1656 1502 
2940 1555 1653 1499 
2941 348 1477 1349 
2942 308 1653 1555 
2943 266 1656 1552 
2944 368 1616 369 
2945 353 1617 354 
2946 1362 1474 362 
2947 356 1651 1376 
2948 1378 1650 360 
2949 1375 1649 345 
2950 371 1648 1377 
2951 1562 1636 1378 
2952 1477 1492 1349 
2953 1364 1379 61 
2954 1363 1387 65 
2955 1508 1605 1509 
2956 1508 1643 390 
2957 1556 1635 1476 
2958 1476 1635 1474 
2959 287 1370 286 
2960 321 1369 320 
2961 277 1368 276 
2962 331 1367 330 
2963 1353 1632 297 
2964 310 1631 1351 
2965 268 1630 1357 
2966 1355 1629 341 
2967 57 1638 1484 
2968 1450 1544 1356 
2969 1387 1673 65 
2970 1379 1672 61 
2971 1526 1589 1372 
2972 1521 1634 1443 
2973 1381 1382 1365 
2974 1384 1385 1366 
2975 1369 1599 320 
2976 1475 1564 1514 
2977 1554 1654 299 
2978 1553 1655 343 
2979 1368 1600 276 
2980 1475 1514 1476 
2981 1349 1481 349 
2982 1488 1490 1489 
2983 363 1347 364 
2984 352 1348 353 
2985 348 1349 349 
2986 367 1350 368 
2987 1514 1564 1398 
2988 1359 1625 1579 
2989 1499 1653 1559 
2990 1557 1654 1501 
2991 1560 1655 1500 
2992 1502 1656 1558 
2993 1484 1487 1486 
2994 1602 1604 1403 
2995 1475 1476 1474 
2996 1366 1545 407 
2997 361 1362 362 
2998 354 1360 355 
2999 369 1361 370 
3000 346 1359 347 
3001 1601 1603 1408 
3002 1477 1493 1492 
3003 1500 1655 1553 
3004 1501 1654 1554 
3005 1547 1602 1471 
3006 1549 1601 1469 
3007 399 1530 398 
3008 384 1531 383 
3009 1450 1659 1526 
3010 298 1353 297 
3011 268 1357 267 
3012 310 1351 309 
3013 342 1355 341 
3014 1493 1506 1494 
3015 1440 1652 1543 
3016 1408 1603 1405 
3017 1403 1604 1400 
3018 287 1543 1370 
3019 398 1530 1371 
3020 1372 1531 384 
3021 1493 1494 1492 
3022 365 1479 1393 
3023 277 1586 1368 
3024 1370 1582 286 
3025 1367 1588 330 
3026 321 1584 1369 
3027 1492 1529 1349 
3028 1518 1606 1515 
3029 1446 1664 1595 
3030 331 1536 1367 
3031 1479 1480 1393 
3032 1361 1571 1513 
3033 1480 1669 1518 
3034 1360 1572 1512 
3035 1487 1526 1486 
3036 1490 1491 1489 
3037 1518 1669 1628 
3038 1514 1528 1527 
3039 1514 1527 1476 
3040 1487 1589 1526 
3041 1493 1507 1506 
3042 1488 1503 1490 
3043 1561 1563 1491 
3044 1535 1633 1536 
3045 1377 1504 1485 
3046 1546 1547 1471 
3047 1548 1549 1469 
3048 1478 1652 1440 
3049 1439 1604 1584 
3050 1486 1541 1375 
3051 1436 1603 1586 
3052 1372 1544 1526 
3053 1459 1471 1460 
3054 1456 1469 1457 
3055 1377 1485 372 
3056 1506 1511 1494 
3057 404 1515 403 
3058 1376 1488 357 
3059 1469 1470 1457 
3060 1471 1472 1460 
3061 1531 1532 1516 
3062 344 1375 345 
3063 371 1377 372 
3064 356 1376 357 
3065 359 1378 360 
3066 57 1484 344 
3067 350 1392 351 
3068 365 1393 366 
3069 1529 1657 1430 
3070 1559 1653 1351 
3071 1353 1654 1557 
3072 1355 1655 1560 
3073 1558 1656 1357 
3074 1519 1641 1374 
3075 1369 1547 1546 
3076 1368 1549 1548 
3077 1512 1627 1360 
3078 1513 1624 1361 
3079 1612 1642 1473 
3080 1545 1671 407 
3081 1582 1607 1437 
3082 392 1374 391 
3083 405 1373 404 
3084 398 1371 397 
3085 385 1372 384 
3086 1385 1386 1366 
3087 366 1538 367 
3088 1382 1383 1365 
3089 1380 1535 1379 
3090 1431 1535 1380 
3091 351 1539 352 
3092 1520 1660 1447 
3093 1443 1661 1521 
3094 1449 1662 1522 
3095 1523 1663 1445 
3096 1466 1636 1634 
3097 1515 1606 1363 
3098 1585 1586 277 
3099 286 1582 1581 
3100 330 1588 1587 
3101 1583 1584 321 
3102 1529 1620 1481 
3103 1430 1657 1431 
3104 1503 1568 1490 
3105 1475 1596 1564 
3106 1565 1601 1408 
3107 1478 1590 1527 
3108 1509 1537 1432 
3109 1566 1602 1403 
3110 1391 1459 1458 
3111 1390 1456 1455 
3112 396 1534 1352 
3113 1354 1517 400 
3114 288 1543 287 
3115 382 1516 1358 
3116 1423 1523 1462 
3117 1464 1522 1425 
3118 1466 1521 1427 
3119 1429 1520 1468 
3120 1638 1639 1487 
3121 1459 1460 1458 
3122 1456 1457 1455 
3123 1369 1584 1547 
3124 385 1544 1372 
3125 393 1519 392 
3126 1368 1586 1549 
3127 1543 1622 1440 
3128 1388 1442 1441 
3129 1467 1512 1428 
3130 1461 1513 1422 
3131 1419 1557 1501 
3132 1499 1559 1418 
3133 1502 1558 1421 
3134 1420 1560 1500 
3135 1477 1573 1493 
3136 1584 1604 1547 
3137 1586 1603 1549 
3138 1462 1567 1498 
3139 1578 1633 1535 
3140 332 1536 331 
3141 386 1544 385 
3142 1421 1558 1423 
3143 1427 1557 1419 
3144 1425 1560 1420 
3145 1418 1559 1429 
3146 1433 1434 1386 
3147 1459 1546 1471 
3148 1456 1548 1469 
3149 1430 1431 1380 
3150 1441 1478 1440 
3151 1398 1607 1528 
3152 1442 1510 1441 
3153 1390 1433 1386 
3154 1391 1435 1383 
3155 1442 1533 1510 
3156 1407 1565 1408 
3157 1402 1566 1403 
3158 1391 1458 1435 
3159 1390 1455 1433 
3160 1508 1509 1432 
3161 1470 1482 1457 
3162 1472 1483 1460 
3163 1417 1449 1356 
3164 1358 1445 1416 
3165 1352 1447 1415 
3166 1414 1443 1354 
3167 1452 1505 1434 
3168 1371 1568 1534 
3169 1542 1665 1480 
3170 1422 1565 1407 
3171 1428 1566 1402 
3172 1352 1534 1448 
3173 1444 1517 1354 
3174 1358 1516 1446 
3175 1347 1644 364 
3176 1386 1545 1366 
3177 1430 1620 1529 
3178 53 1611 394 
3179 45 1610 408 
3180 1385 1390 1386 
3181 1382 1391 1383 
3182 1388 1441 1440 
3183 1531 1589 1532 
3184 1443 1634 1444 
3185 295 1346 296 
3186 273 1344 274 
3187 317 1345 318 
3188 339 1343 340 
3189 391 1605 390 
3190 1363 1606 1388 
3191 1538 1613 1451 
3192 1435 1453 1383 
3193 1535 1623 1379 
3194 1389 1508 1432 
3195 1452 1542 1505 
3196 1397 1564 1426 
3197 403 1515 1363 
3198 1451 1452 1434 
3199 1462 1498 1461 
3200 1463 1496 1464 
3201 1465 1497 1466 
3202 1468 1495 1467 
3203 1389 1432 1430 
3204 267 1656 266 
3205 299 1654 298 
3206 343 1655 342 
3207 309 1653 308 
3208 1444 1562 1561 
3209 1433 1451 1434 
3210 1494 1657 1492 
3211 406 1621 405 
3212 1435 1454 1453 
3213 1455 1550 1433 
3214 1536 1623 1535 
3215 1458 1551 1435 
3216 1381 1524 1382 
3217 1384 1525 1385 
3218 1491 1563 1489 
3219 1398 1564 1397 
3220 1454 1473 1453 
3221 1539 1615 1454 
3222 1423 1462 1461 
3223 1463 1464 1425 
3224 1465 1466 1427 
3225 1429 1468 1467 
3226 1423 1558 1523 
3227 1521 1557 1427 
3228 1522 1560 1425 
3229 1429 1559 1520 
3230 1518 1628 1606 
3231 1435 1551 1454 
3232 1388 1440 1387 
3233 1389 1430 1380 
3234 1423 1461 1422 
3235 1424 1463 1425 
3236 1426 1465 1427 
3237 1429 1467 1428 
3238 34 1577 387 
3239 381 1576 42 
3240 395 1575 51 
3241 49 1574 401 
3242 1453 1641 1519 
3243 1509 1642 1612 
3244 1433 1550 1451 
3245 1489 1668 358 
3246 1364 1389 1380 
3247 1377 1567 1504 
3248 1505 1545 1434 
3249 1532 1639 1504 
3250 1506 1569 1511 
3251 1504 1664 1532 
3252 1441 1590 1478 
3253 1401 1499 1418 
3254 1419 1501 1396 
3255 1420 1500 1411 
3256 1406 1502 1421 
3257 1407 1408 1405 
3258 1343 1614 1410 
3259 1402 1403 1400 
3260 1582 1646 1607 
3261 1444 1561 1517 
3262 1513 1565 1422 
3263 1512 1566 1428 
3264 1434 1545 1386 
3265 1440 1622 1387 
3266 1382 1597 1391 
3267 1418 1429 1428 
3268 1424 1425 1420 
3269 1426 1427 1419 
3270 1421 1423 1422 
3271 1385 1598 1390 
3272 1634 1636 1562 
3273 1372 1589 1531 
3274 1526 1659 1486 
3275 1530 1580 1371 
3276 363 1635 1347 
3277 1473 1615 1612 
3278 1356 1544 386 
3279 1490 1580 1491 
3280 1410 1413 1412 
3281 1395 1398 1397 
3282 1556 1590 1510 
3283 1612 1658 1537 
3284 1418 1428 1402 
3285 1412 1424 1420 
3286 1397 1426 1419 
3287 1421 1422 1407 
3288 1459 1597 1546 
3289 1511 1578 1494 
3290 1456 1598 1548 
3291 407 1671 406 
3292 1432 1620 1430 
3293 1493 1573 1507 
3294 1410 1412 1411 
3295 1401 1402 1400 
3296 1406 1407 1405 
3297 1395 1397 1396 
3298 1365 1519 393 
3299 1451 1613 1452 
3300 1482 1608 1457 
3301 1483 1609 1460 
3302 1466 1634 1521 
3303 1598 1600 1548 
3304 1597 1599 1546 
3305 1469 1601 1470 
3306 1471 1602 1472 
3307 1357 1656 267 
3308 342 1655 1355 
3309 298 1654 1353 
3310 1351 1653 309 
3311 1438 1614 1343 
3312 1431 1578 1535 
3313 358 1668 359 
3314 1467 1627 1512 
3315 1461 1624 1513 
3316 1412 1420 1411 
3317 1401 1418 1402 
3318 1406 1421 1407 
3319 1397 1419 1396 
3320 1532 1664 1516 
3321 1455 1608 1550 
3322 369 1616 1361 
3323 354 1617 1360 
3324 1458 1609 1551 
3325 1527 1645 1478 
3326 1524 1597 1382 
3327 1480 1665 1393 
3328 1525 1598 1385 
3329 1374 1642 1605 
3330 1391 1597 1459 
3331 406 1671 1621 
3332 1390 1598 1456 
3333 1510 1590 1441 
3334 1470 1571 1482 
3335 1472 1572 1483 
3336 1358 1446 1445 
3337 1449 1450 1356 
3338 1443 1444 1354 
3339 1352 1448 1447 
3340 1454 1615 1473 
3341 1481 1620 1537 
3342 1350 1637 368 
3343 1348 1640 353 
3344 1516 1664 1446 
3345 1523 1595 1462 
3346 1411 1553 1409 
3347 1396 1554 1394 
3348 1555 1593 308 
3349 1552 1592 266 
3350 1517 1670 1530 
3351 390 1643 389 
3352 1364 1380 1379 
3353 1363 1388 1387 
3354 1392 1658 1612 
3355 1424 1579 1463 
3356 1399 1401 1400 
3357 1410 1411 1409 
3358 1404 1406 1405 
3359 1395 1396 1394 
3360 1479 1644 1533 
3361 1399 1400 1345 
3362 1346 1395 1394 
3363 1343 1410 1409 
3364 1404 1405 1344 
3365 359 1668 1378 
3366 1374 1605 391 
3367 1536 1633 1367 
3368 339 1438 1343 
3369 1345 1439 318 
3370 1344 1436 274 
3371 295 1437 1346 
3372 1388 1606 1442 
3373 1533 1669 1479 
3374 1413 1614 1569 
3375 299 1591 1554 
3376 343 1594 1553 
3377 1364 1643 1389 
3378 1524 1611 319 
3379 1525 1610 275 
3380 1412 1570 1424 
3381 317 1399 1345 
3382 1346 1394 296 
3383 1343 1409 340 
3384 273 1404 1344 
3385 1468 1619 1540 
3386 1542 1621 1505 
3387 1482 1637 1608 
3388 1483 1640 1609 
3389 1541 1618 1464 
3390 1504 1639 1485 
3391 1507 1579 1570 
3392 1426 1596 1465 
3393 1543 1652 1370 
3394 1570 1579 1424 
3395 1457 1608 1455 
3396 1460 1609 1458 
3397 1395 1667 1398 
3398 1501 1554 1396 
3399 1500 1553 1411 
3400 1550 1608 1350 
3401 1646 1652 1645 
3402 1551 1609 1348 
3403 1399 1555 1401 
3404 1404 1552 1406 
3405 1462 1595 1567 
3406 1401 1555 1499 
3407 1406 1552 1502 
3408 350 1658 1392 
3409 1371 1580 1568 
3410 1479 1669 1480 
3411 1373 1621 1542 
3412 1413 1570 1412 
3413 1509 1612 1537 
3414 50 1593 317 
3415 43 1592 273 
3416 296 1591 48 
3417 340 1594 56 
3418 1568 1580 1490 
3419 1484 1638 1487 
3420 1492 1657 1529 
3421 1564 1596 1426 
3422 1546 1599 1369 
3423 1548 1600 1368 
3424 405 1621 1373 
3425 1596 1626 1465 
3426 1579 1625 1463 
3427 1525 1600 1598 
3428 1503 1666 1568 
3429 1524 1599 1597 
3430 1537 1620 1432 
3431 1606 1628 1442 
3432 1351 1660 1559 
3433 1557 1661 1353 
3434 1560 1662 1355 
3435 1357 1663 1558 
3436 1464 1618 1522 
3437 1361 1616 1571 
3438 1378 1668 1563 
3439 1360 1617 1572 
3440 370 1648 371 
3441 345 1649 346 
3442 360 1650 361 
3443 355 1651 356 
3444 1520 1619 1468 
3445 1528 1645 1527 
3446 389 1643 1364 
3447 1452 1665 1542 
3448 1534 1666 1448 
3449 1495 1651 1627 
3450 1625 1649 1496 
3451 1626 1650 1497 
3452 1498 1648 1624 
3453 1444 1634 1562 
3454 288 1622 1543 
3455 1498 1624 1461 
3456 1463 1625 1496 
3457 1465 1626 1497 
3458 1495 1627 1467 
3459 1442 1628 1533 
3460 1561 1670 1517 
3461 1370 1652 1646 
3462 1618 1659 1450 
3463 46 1581 295 
3464 318 1583 52 
3465 274 1585 44 
3466 54 1587 339 
3467 332 1623 1536 
3468 1417 1629 1449 
3469 1445 1630 1416 
3470 1447 1631 1415 
3471 1414 1632 1443 
3472 1537 1658 1481 
3473 1410 1614 1413 
3474 1393 1665 1613 
3475 1608 1637 1350 
3476 1609 1640 1348 
3477 1389 1643 1508 
3478 1473 1641 1453 
3479 1497 1636 1466 
3480 1554 1591 1394 
3481 1553 1594 1409 
3482 1486 1659 1541 
3483 1607 1646 1528 
3484 1511 1647 1633 
3485 1571 1616 1482 
3486 1572 1617 1483 
3487 1617 1640 1483 
3488 1616 1637 1482 
3489 1568 1666 1534 
3490 1581 1582 1437 
3491 1436 1586 1585 
3492 1439 1584 1583 
3493 1587 1588 1438 
3494 1399 1593 1555 
3495 1404 1592 1552 
3496 1398 1667 1607 
3497 1621 1671 1505 
3498 1559 1660 1520 
3499 1521 1661 1557 
3500 1522 1662 1560 
3501 1558 1663 1523 
3502 1347 1635 1556 
3503 317 1593 1399 
3504 273 1592 1404 
3505 1633 1647 1367 
3506 1394 1591 296 
3507 1409 1594 340 
3508 1612 1615 1392 
3509 1607 1667 1437 
3510 1622 1673 1387 
3511 1623 1672 1379 
3512 1346 1667 1395 
3513 1511 1633 1578 
3514 1530 1670 1580 
3515 1580 1670 1491 
3516 295 1581 1437 
3517 1439 1583 318 
3518 1436 1585 274 
3519 339 1587 1438 
3520 1384 1610 1525 
3521 1381 1611 1524 
3522 1541 1659 1618 
3523 408 1610 1384 
3524 394 1611 1381 
3525 1505 1671 1545 
3526 1437 1667 1346 
3527 1563 1668 1489 
3528 1370 1646 1582 
3529 1631 1660 1351 
3530 1353 1661 1632 
3531 1355 1662 1629 
3532 1630 1663 1357 
3533 1473 1642 1641 
3534 1491 1670 1561 
3535 1569 1647 1511 
3536 1367 1647 1588 
3537 1641 1642 1374 
3538 1645 1652 1478 
3539 65 1673 402 
3540 61 1672 388 
3541 387 1417 60 
3542 59 1416 381 
3543 63 1415 395 
3544 401 1414 64 
3545 1485 1639 1638 
3546 1613 1665 1452 
3547 1447 1660 1631 
3548 1632 1661 1443 
3549 1629 1662 1449 
3550 1445 1663 1630 
3551 387 1577 1417 
3552 1416 1576 381 
3553 1415 1575 395 
3554 401 1574 1414 
3555 1528 1646 1645 
3556 1577 1629 1417 
3557 1416 1630 1576 
3558 1415 1631 1575 
3559 1574 1632 1414 
3560 1628 1669 1533 
3561 394 1381 62 
3562 408 1384 66 
3563 266 1592 43 
3564 48 1591 299 
3565 308 1593 50 
3566 56 1594 343 
3567 402 1622 47 
3568 388 1623 55 
2 30 2 6
3569 68 30 409 
3570 409 30 278 
3571 67 279 45 
3572 410 279 67 
3573 409 278 279 
3574 410 409 279 
2 31 2 175
3575 1718 1699 1725 
3576 1682 1702 1726 
3577 419 71 1704 
3578 1702 1682 1729 
3579 1711 1709 1733 
3580 1706 1685 1734 
3581 1699 1718 1731 
3582 1709 1711 1727 
3583 1681 1706 1734 
3584 1679 1718 1725 
3585 432 74 1710 
3586 1710 1682 1726 
3587 1734 1685 1736 
3588 1684 1735 1737 
3589 1713 1674 1717 
3590 1688 1699 1705 
3591 1677 1688 1705 
3592 1686 1685 1706 
3593 425 1734 1736 
3594 1735 411 1737 
3595 27 280 1737 
3596 285 30 1736 
3597 1677 1686 1687 
3598 1677 283 1686 
3599 70 418 1704 
3600 411 69 1737 
3601 68 425 1736 
3602 1678 1703 1723 
3603 1678 431 1726 
3604 1713 1717 1740 
3605 1678 1726 1742 
3606 1689 1687 1722 
3607 1703 1678 1742 
3608 1683 1711 1733 
3609 1692 1716 1720 
3610 1710 74 1728 
3611 424 1710 1728 
3612 1726 1702 1742 
3613 1684 281 1705 
3614 282 1677 1705 
3615 1705 1699 1731 
3616 1687 1706 1722 
3617 283 284 1686 
3618 1687 1686 1706 
3619 1677 1687 1688 
3620 1684 1705 1731 
3621 1716 1692 1722 
3622 1704 1683 1714 
3623 1697 1701 1707 
3624 1685 285 1736 
3625 280 1684 1737 
3626 1692 1689 1722 
3627 1688 1687 1689 
3628 1729 1724 1738 
3629 1698 1697 1707 
3630 1721 1680 1743 
3631 1697 1700 1701 
3632 1695 1696 1697 
3633 1695 1697 1698 
3634 1698 1707 1708 
3635 418 417 1683 
3636 1694 1693 1695 
3637 416 1674 1711 
3638 1695 1698 1719 
3639 1691 1692 1693 
3640 1683 417 1711 
3641 1690 1689 1691 
3642 1688 1689 1690 
3643 430 431 1678 
3644 284 285 1685 
3645 280 281 1684 
3646 1695 1693 1696 
3647 1691 1694 1712 
3648 1701 1700 1702 
3649 1712 1694 1713 
3650 1690 1691 1712 
3651 1697 1696 1700 
3652 1691 1693 1694 
3653 1691 1689 1692 
3654 1698 1709 1719 
3655 284 1685 1686 
3656 281 282 1705 
3657 282 283 1677 
3658 1696 1693 1720 
3659 1674 1713 1727 
3660 1688 1690 1699 
3661 417 416 1711 
3662 1703 1696 1720 
3663 428 429 1676 
3664 416 415 1674 
3665 1713 1694 1719 
3666 415 414 1717 
3667 1674 415 1717 
3668 1694 1695 1719 
3669 428 1676 1715 
3670 427 428 1715 
3671 1715 1676 1716 
3672 430 1678 1723 
3673 1693 1692 1720 
3674 413 412 1718 
3675 414 413 1679 
3676 426 427 1681 
3677 414 1679 1717 
3678 1698 1708 1709 
3679 1709 1708 1733 
3680 1681 427 1715 
3681 1700 1696 1703 
3682 1679 413 1718 
3683 1708 1721 1743 
3684 421 420 1680 
3685 422 72 1675 
3686 1676 429 1723 
3687 1708 1707 1721 
3688 424 423 1682 
3689 418 1683 1704 
3690 1699 1690 1725 
3691 1724 1675 1738 
3692 431 432 1726 
3693 429 430 1723 
3694 1733 1708 1743 
3695 424 1682 1710 
3696 1719 1709 1727 
3697 1675 1721 1738 
3698 423 422 1724 
3699 1720 1716 1732 
3700 1690 1712 1725 
3701 1721 1707 1738 
3702 422 1675 1724 
3703 1682 423 1724 
3704 1712 1713 1740 
3705 1713 1719 1727 
3706 1711 1674 1727 
3707 425 426 1734 
3708 412 411 1735 
3709 1680 1721 1741 
3710 1700 1703 1742 
3711 1716 1676 1732 
3712 1714 1680 1739 
3713 1706 1681 1730 
3714 421 1680 1741 
3715 1675 72 1741 
3716 1680 420 1739 
3717 1715 1716 1730 
3718 1721 1675 1741 
3719 1717 1679 1740 
3720 1716 1722 1730 
3721 1704 1714 1739 
3722 432 1710 1726 
3723 1701 1729 1738 
3724 1676 1723 1732 
3725 1682 1724 1729 
3726 419 1704 1739 
3727 1681 1715 1730 
3728 1707 1701 1738 
3729 1701 1702 1729 
3730 1679 1725 1740 
3731 1723 1703 1732 
3732 1703 1720 1732 
3733 1680 1714 1743 
3734 1714 1683 1733 
3735 1718 412 1735 
3736 426 1681 1734 
3737 420 419 1739 
3738 1722 1706 1730 
3739 72 421 1741 
3740 1702 1700 1742 
3741 1725 1712 1740 
3742 74 73 1728 
3743 1714 1733 1743 
3744 1731 1718 1735 
3745 1684 1731 1735 
3746 69 27 1737 
3747 30 68 1736 
3748 73 424 1728 
3749 71 70 1704 
2 32 2 6
3750 291 27 69 
3751 47 434 75 
3752 292 434 47 
3753 291 69 433 
3754 291 433 292 
3755 292 433 434 
2 33 2 6
3756 77 24 300 
3757 436 49 76 
3758 436 301 49 
3759 435 77 300 
3760 435 300 301 
3761 436 435 301 
2 34 2 175
3762 1788 1769 1795 
3763 1752 1772 1796 
3764 445 80 1774 
3765 1772 1752 1799 
3766 1781 1779 1803 
3767 1776 1755 1804 
3768 1769 1788 1801 
3769 1779 1781 1797 
3770 1751 1776 1804 
3771 1749 1788 1795 
3772 458 83 1780 
3773 1780 1752 1796 
3774 1804 1755 1807 
3775 1754 1805 1806 
3776 1783 1744 1787 
3777 1758 1769 1775 
3778 1747 1758 1775 
3779 1756 1755 1776 
3780 451 1804 1807 
3781 1805 437 1806 
3782 307 24 1807 
3783 21 302 1806 
3784 1747 1756 1757 
3785 1747 305 1756 
3786 79 444 1774 
3787 77 451 1807 
3788 437 78 1806 
3789 1748 1773 1793 
3790 1748 457 1796 
3791 1783 1787 1810 
3792 1748 1796 1812 
3793 1759 1757 1792 
3794 1773 1748 1812 
3795 1753 1781 1803 
3796 1762 1786 1790 
3797 1780 83 1798 
3798 450 1780 1798 
3799 1796 1772 1812 
3800 1754 303 1775 
3801 304 1747 1775 
3802 1775 1769 1801 
3803 1757 1776 1792 
3804 305 306 1756 
3805 1757 1756 1776 
3806 1747 1757 1758 
3807 1754 1775 1801 
3808 1786 1762 1792 
3809 1774 1753 1784 
3810 1767 1771 1777 
3811 1755 307 1807 
3812 302 1754 1806 
3813 1762 1759 1792 
3814 1758 1757 1759 
3815 1799 1794 1808 
3816 1768 1767 1777 
3817 1791 1750 1813 
3818 1767 1770 1771 
3819 1765 1766 1767 
3820 1765 1767 1768 
3821 1768 1777 1778 
3822 444 443 1753 
3823 1764 1763 1765 
3824 442 1744 1781 
3825 1765 1768 1789 
3826 1761 1762 1763 
3827 1753 443 1781 
3828 1760 1759 1761 
3829 1758 1759 1760 
3830 456 457 1748 
3831 306 307 1755 
3832 302 303 1754 
3833 1765 1763 1766 
3834 1761 1764 1782 
3835 1771 1770 1772 
3836 1782 1764 1783 
3837 1760 1761 1782 
3838 1767 1766 1770 
3839 1761 1763 1764 
3840 1761 1759 1762 
3841 1768 1779 1789 
3842 306 1755 1756 
3843 303 304 1775 
3844 304 305 1747 
3845 1766 1763 1790 
3846 1744 1783 1797 
3847 1758 1760 1769 
3848 443 442 1781 
3849 1773 1766 1790 
3850 454 455 1746 
3851 442 441 1744 
3852 1783 1764 1789 
3853 441 440 1787 
3854 1744 441 1787 
3855 1764 1765 1789 
3856 454 1746 1785 
3857 453 454 1785 
3858 1785 1746 1786 
3859 456 1748 1793 
3860 1763 1762 1790 
3861 439 438 1788 
3862 440 439 1749 
3863 452 453 1751 
3864 440 1749 1787 
3865 1768 1778 1779 
3866 1779 1778 1803 
3867 1751 453 1785 
3868 1770 1766 1773 
3869 1749 439 1788 
3870 1778 1791 1813 
3871 447 446 1750 
3872 448 81 1745 
3873 1746 455 1793 
3874 1778 1777 1791 
3875 450 449 1752 
3876 444 1753 1774 
3877 1769 1760 1795 
3878 1794 1745 1808 
3879 457 458 1796 
3880 455 456 1793 
3881 1803 1778 1813 
3882 450 1752 1780 
3883 1789 1779 1797 
3884 1745 1791 1808 
3885 449 448 1794 
3886 1790 1786 1802 
3887 1760 1782 1795 
3888 1791 1777 1808 
3889 448 1745 1794 
3890 1752 449 1794 
3891 1782 1783 1810 
3892 1783 1789 1797 
3893 1781 1744 1797 
3894 451 452 1804 
3895 438 437 1805 
3896 1750 1791 1811 
3897 1770 1773 1812 
3898 1786 1746 1802 
3899 1784 1750 1809 
3900 1776 1751 1800 
3901 447 1750 1811 
3902 1745 81 1811 
3903 1750 446 1809 
3904 1785 1786 1800 
3905 1791 1745 1811 
3906 1787 1749 1810 
3907 1786 1792 1800 
3908 1774 1784 1809 
3909 458 1780 1796 
3910 1771 1799 1808 
3911 1746 1793 1802 
3912 1752 1794 1799 
3913 445 1774 1809 
3914 1751 1785 1800 
3915 1777 1771 1808 
3916 1771 1772 1799 
3917 1749 1795 1810 
3918 1793 1773 1802 
3919 1773 1790 1802 
3920 1750 1784 1813 
3921 1784 1753 1803 
3922 1788 438 1805 
3923 452 1751 1804 
3924 446 445 1809 
3925 1792 1776 1800 
3926 81 447 1811 
3927 1772 1770 1812 
3928 1795 1782 1810 
3929 83 82 1798 
3930 1784 1803 1813 
3931 1801 1788 1805 
3932 1754 1801 1805 
3933 78 21 1806 
3934 24 77 1807 
3935 82 450 1798 
3936 80 79 1774 
2 35 2 6
3937 313 21 78 
3938 51 460 84 
3939 51 314 460 
3940 313 78 459 
3941 313 460 314 
3942 313 459 460 
2 36 2 6
3943 86 18 322 
3944 85 323 53 
3945 85 462 323 
3946 86 322 461 
3947 462 322 323 
3948 461 322 462 
2 37 2 175
3949 1858 1839 1865 
3950 1822 1842 1866 
3951 471 89 1844 
3952 1842 1822 1869 
3953 1851 1849 1873 
3954 1846 1825 1874 
3955 1839 1858 1871 
3956 1849 1851 1867 
3957 1821 1846 1874 
3958 1819 1858 1865 
3959 484 92 1850 
3960 1850 1822 1866 
3961 1874 1825 1877 
3962 1824 1875 1876 
3963 1853 1814 1857 
3964 1828 1839 1845 
3965 1817 1828 1845 
3966 1826 1825 1846 
3967 477 1874 1877 
3968 1875 463 1876 
3969 329 18 1877 
3970 15 324 1876 
3971 1817 1826 1827 
3972 1817 327 1826 
3973 88 470 1844 
3974 86 477 1877 
3975 463 87 1876 
3976 1818 1843 1863 
3977 1818 483 1866 
3978 1853 1857 1880 
3979 1818 1866 1882 
3980 1829 1827 1862 
3981 1843 1818 1882 
3982 1823 1851 1873 
3983 1832 1856 1860 
3984 1850 92 1868 
3985 476 1850 1868 
3986 1866 1842 1882 
3987 1824 325 1845 
3988 326 1817 1845 
3989 1845 1839 1871 
3990 1827 1846 1862 
3991 327 328 1826 
3992 1827 1826 1846 
3993 1817 1827 1828 
3994 1824 1845 1871 
3995 1856 1832 1862 
3996 1844 1823 1854 
3997 1837 1841 1847 
3998 1825 329 1877 
3999 324 1824 1876 
4000 1832 1829 1862 
4001 1828 1827 1829 
4002 1869 1864 1878 
4003 1838 1837 1847 
4004 1861 1820 1883 
4005 1837 1840 1841 
4006 1835 1836 1837 
4007 1835 1837 1838 
4008 1838 1847 1848 
4009 470 469 1823 
4010 1834 1833 1835 
4011 468 1814 1851 
4012 1835 1838 1859 
4013 1831 1832 1833 
4014 1823 469 1851 
4015 1830 1829 1831 
4016 1828 1829 1830 
4017 482 483 1818 
4018 328 329 1825 
4019 324 325 1824 
4020 1835 1833 1836 
4021 1831 1834 1852 
4022 1841 1840 1842 
4023 1852 1834 1853 
4024 1830 1831 1852 
4025 1837 1836 1840 
4026 1831 1833 1834 
4027 1831 1829 1832 
4028 1838 1849 1859 
4029 328 1825 1826 
4030 325 326 1845 
4031 326 327 1817 
4032 1836 1833 1860 
4033 1814 1853 1867 
4034 1828 1830 1839 
4035 469 468 1851 
4036 1843 1836 1860 
4037 480 481 1816 
4038 468 467 1814 
4039 1853 1834 1859 
4040 467 466 1857 
4041 1814 467 1857 
4042 1834 1835 1859 
4043 480 1816 1855 
4044 479 480 1855 
4045 1855 1816 1856 
4046 482 1818 1863 
4047 1833 1832 1860 
4048 465 464 1858 
4049 466 465 1819 
4050 478 479 1821 
4051 466 1819 1857 
4052 1838 1848 1849 
4053 1849 1848 1873 
4054 1821 479 1855 
4055 1840 1836 1843 
4056 1819 465 1858 
4057 1848 1861 1883 
4058 473 472 1820 
4059 474 90 1815 
4060 1816 481 1863 
4061 1848 1847 1861 
4062 476 475 1822 
4063 470 1823 1844 
4064 1839 1830 1865 
4065 1864 1815 1878 
4066 483 484 1866 
4067 481 482 1863 
4068 1873 1848 1883 
4069 476 1822 1850 
4070 1859 1849 1867 
4071 1815 1861 1878 
4072 475 474 1864 
4073 1860 1856 1872 
4074 1830 1852 1865 
4075 1861 1847 1878 
4076 474 1815 1864 
4077 1822 475 1864 
4078 1852 1853 1880 
4079 1853 1859 1867 
4080 1851 1814 1867 
4081 477 478 1874 
4082 464 463 1875 
4083 1820 1861 1881 
4084 1840 1843 1882 
4085 1856 1816 1872 
4086 1854 1820 1879 
4087 1846 1821 1870 
4088 473 1820 1881 
4089 1815 90 1881 
4090 1820 472 1879 
4091 1855 1856 1870 
4092 1861 1815 1881 
4093 1857 1819 1880 
4094 1856 1862 1870 
4095 1844 1854 1879 
4096 484 1850 1866 
4097 1841 1869 1878 
4098 1816 1863 1872 
4099 1822 1864 1869 
4100 471 1844 1879 
4101 1821 1855 1870 
4102 1847 1841 1878 
4103 1841 1842 1869 
4104 1819 1865 1880 
4105 1863 1843 1872 
4106 1843 1860 1872 
4107 1820 1854 1883 
4108 1854 1823 1873 
4109 1858 464 1875 
4110 478 1821 1874 
4111 472 471 1879 
4112 1862 1846 1870 
4113 90 473 1881 
4114 1842 1840 1882 
4115 1865 1852 1880 
4116 92 91 1868 
4117 1854 1873 1883 
4118 1871 1858 1875 
4119 1824 1871 1875 
4120 87 15 1876 
4121 18 86 1877 
4122 91 476 1868 
4123 89 88 1844 
2 38 2 6
4124 15 87 335 
4125 55 336 93 
4126 335 87 485 
4127 336 486 93 
4128 336 335 485 
4129 336 485 486 
2 39 2 20
4130 376 377 383 
4131 385 378 379 
4132 383 382 376 
4133 385 379 386 
4134 376 382 375 
4135 386 379 380 
4136 377 1884 383 
4137 385 1885 378 
4138 384 1885 385 
4139 383 1884 384 
4140 378 1885 58 
4141 58 1884 377 
4142 58 1885 1884 
4143 1884 1885 384 
4144 380 34 387 
4145 42 375 381 
4146 375 59 381 
4147 375 382 59 
4148 380 60 386 
4149 380 387 60 
2 40 2 15
4150 489 490 405 
4151 405 404 489 
4152 405 490 406 
4153 407 491 492 
4154 488 403 487 
4155 404 403 488 
4156 406 491 407 
4157 489 404 488 
4158 406 490 491 
4159 45 408 492 
4160 487 402 47 
4161 487 65 402 
4162 487 403 65 
4163 492 66 407 
4164 492 408 66 
2 41 2 15
4165 495 496 398 
4166 398 496 399 
4167 398 397 495 
4168 494 396 493 
4169 497 498 400 
4170 399 497 400 
4171 494 397 396 
4172 496 497 399 
4173 495 397 494 
4174 498 49 401 
4175 51 493 395 
4176 493 63 395 
4177 493 396 63 
4178 400 498 64 
4179 64 498 401 
2 42 2 15
4180 501 502 391 
4181 391 502 392 
4182 390 501 391 
4183 500 389 499 
4184 503 504 393 
4185 392 503 393 
4186 390 389 500 
4187 392 502 503 
4188 500 501 390 
4189 53 394 504 
4190 499 388 55 
4191 61 388 499 
4192 499 389 61 
4193 504 62 393 
4194 504 394 62 
2 43 2 175
4195 1930 1937 1911 
4196 1894 1938 1914 
4197 513 1916 95 
4198 1914 1941 1894 
4199 1923 1945 1921 
4200 1918 1946 1897 
4201 1911 1943 1930 
4202 1921 1939 1923 
4203 1893 1946 1918 
4204 1891 1937 1930 
4205 526 1922 98 
4206 1922 1938 1894 
4207 1946 1948 1897 
4208 1896 1949 1947 
4209 1925 1929 1886 
4210 1900 1917 1911 
4211 1889 1917 1900 
4212 1898 1918 1897 
4213 519 1948 1946 
4214 1947 1949 505 
4215 47 1949 487 
4216 492 1948 45 
4217 1889 1899 1898 
4218 1889 1898 490 
4219 94 1916 512 
4220 505 1949 75 
4221 67 1948 519 
4222 1890 1935 1915 
4223 1890 1938 525 
4224 1925 1952 1929 
4225 1890 1954 1938 
4226 1901 1934 1899 
4227 1915 1954 1890 
4228 1895 1945 1923 
4229 1904 1932 1928 
4230 1922 1940 98 
4231 518 1940 1922 
4232 1938 1954 1914 
4233 1896 1917 488 
4234 489 1917 1889 
4235 1917 1943 1911 
4236 1899 1934 1918 
4237 490 1898 491 
4238 1899 1918 1898 
4239 1889 1900 1899 
4240 1896 1943 1917 
4241 1928 1934 1904 
4242 1916 1926 1895 
4243 1909 1919 1913 
4244 1897 1948 492 
4245 487 1949 1896 
4246 1904 1934 1901 
4247 1900 1901 1899 
4248 1941 1950 1936 
4249 1910 1919 1909 
4250 1933 1955 1892 
4251 1909 1913 1912 
4252 1907 1909 1908 
4253 1907 1910 1909 
4254 1910 1920 1919 
4255 512 1895 511 
4256 1906 1907 1905 
4257 510 1923 1886 
4258 1907 1931 1910 
4259 1903 1905 1904 
4260 1895 1923 511 
4261 1902 1903 1901 
4262 1900 1902 1901 
4263 524 1890 525 
4264 491 1897 492 
4265 487 1896 488 
4266 1907 1908 1905 
4267 1903 1924 1906 
4268 1913 1914 1912 
4269 1924 1925 1906 
4270 1902 1924 1903 
4271 1909 1912 1908 
4272 1903 1906 1905 
4273 1903 1904 1901 
4274 1910 1931 1921 
4275 491 1898 1897 
4276 488 1917 489 
4277 489 1889 490 
4278 1908 1932 1905 
4279 1886 1939 1925 
4280 1900 1911 1902 
4281 511 1923 510 
4282 1915 1932 1908 
4283 522 1888 523 
4284 510 1886 509 
4285 1925 1931 1906 
4286 509 1929 508 
4287 1886 1929 509 
4288 1906 1931 1907 
4289 522 1927 1888 
4290 521 1927 522 
4291 1927 1928 1888 
4292 524 1935 1890 
4293 1905 1932 1904 
4294 507 1930 506 
4295 508 1891 507 
4296 520 1893 521 
4297 508 1929 1891 
4298 1910 1921 1920 
4299 1921 1945 1920 
4300 1893 1927 521 
4301 1912 1915 1908 
4302 1891 1930 507 
4303 1920 1955 1933 
4304 515 1892 514 
4305 516 1887 96 
4306 1888 1935 523 
4307 1920 1933 1919 
4308 518 1894 517 
4309 512 1916 1895 
4310 1911 1937 1902 
4311 1936 1950 1887 
4312 525 1938 526 
4313 523 1935 524 
4314 1945 1955 1920 
4315 518 1922 1894 
4316 1931 1939 1921 
4317 1887 1950 1933 
4318 517 1936 516 
4319 1932 1944 1928 
4320 1902 1937 1924 
4321 1933 1950 1919 
4322 516 1936 1887 
4323 1894 1936 517 
4324 1924 1952 1925 
4325 1925 1939 1931 
4326 1923 1939 1886 
4327 519 1946 520 
4328 506 1947 505 
4329 1892 1953 1933 
4330 1912 1954 1915 
4331 1928 1944 1888 
4332 1926 1951 1892 
4333 1918 1942 1893 
4334 515 1953 1892 
4335 1887 1953 96 
4336 1892 1951 514 
4337 1927 1942 1928 
4338 1933 1953 1887 
4339 1929 1952 1891 
4340 1928 1942 1934 
4341 1916 1951 1926 
4342 526 1938 1922 
4343 1913 1950 1941 
4344 1888 1944 1935 
4345 1894 1941 1936 
4346 513 1951 1916 
4347 1893 1942 1927 
4348 1919 1950 1913 
4349 1913 1941 1914 
4350 1891 1952 1937 
4351 1935 1944 1915 
4352 1915 1944 1932 
4353 1892 1955 1926 
4354 1926 1945 1895 
4355 1930 1947 506 
4356 520 1946 1893 
4357 514 1951 513 
4358 1934 1942 1918 
4359 96 1953 515 
4360 1914 1954 1912 
4361 1937 1952 1924 
4362 98 1940 97 
4363 1926 1955 1945 
4364 1943 1947 1930 
4365 1896 1947 1943 
4366 45 1948 67 
4367 75 1949 47 
4368 97 1940 518 
4369 95 1916 94 
2 44 2 74
4370 1968 1976 1970 
4371 1971 1977 1965 
4372 1970 1976 1959 
4373 1962 1977 1971 
4374 1957 1964 429 
4375 1960 1966 523 
4376 523 1966 522 
4377 428 1963 1957 
4378 522 1966 1961 
4379 426 1958 427 
4380 428 1957 429 
4381 429 1964 430 
4382 524 1960 523 
4383 1958 1963 427 
4384 430 1964 1956 
4385 427 1963 428 
4386 522 1961 521 
4387 430 1956 431 
4388 431 1968 432 
4389 425 1965 426 
4390 426 1965 1958 
4391 1956 1968 431 
4392 1961 1967 521 
4393 524 1969 1960 
4394 525 1969 524 
4395 521 1967 520 
4396 520 1962 519 
4397 526 1959 525 
4398 1959 1969 525 
4399 520 1967 1962 
4400 527 1970 528 
4401 410 1971 409 
4402 74 1978 527 
4403 409 1979 68 
4404 67 1980 410 
4405 528 1981 98 
4406 432 1978 74 
4407 68 1979 425 
4408 519 1980 67 
4409 98 1981 526 
4410 1972 1973 1966 
4411 1960 1972 1966 
4412 1966 1973 1961 
4413 1957 1972 1964 
4414 1957 1973 1972 
4415 1963 1973 1957 
4416 1973 1975 1961 
4417 1964 1974 1956 
4418 1963 1975 1973 
4419 1972 1974 1964 
4420 1960 1974 1972 
4421 1958 1975 1963 
4422 1974 1976 1956 
4423 1956 1976 1968 
4424 1958 1977 1975 
4425 1961 1975 1967 
4426 1969 1974 1960 
4427 1965 1977 1958 
4428 1969 1976 1974 
4429 1975 1977 1967 
4430 1959 1976 1969 
4431 1967 1977 1962 
4432 1968 1978 432 
4433 425 1979 1965 
4434 1962 1980 519 
4435 526 1981 1959 
4436 1970 1978 1968 
4437 1965 1979 1971 
4438 1959 1981 1970 
4439 1971 1980 1962 
4440 1971 1979 409 
4441 527 1978 1970 
4442 1970 1981 528 
4443 410 1980 1971 
2 45 2 6
4444 529 73 74 
4445 529 74 527 
4446 97 528 98 
4447 97 530 528 
4448 530 527 528 
4449 530 529 527 
2 46 2 34
4450 531 1982 532 
4451 1985 1988 1982 
4452 1982 1988 1986 
4453 424 1984 423 
4454 1984 1988 1985 
4455 423 1985 422 
4456 516 1986 517 
4457 1984 1985 423 
4458 517 1983 518 
4459 1987 1988 1984 
4460 1986 1988 1983 
4461 530 1987 529 
4462 517 1986 1983 
4463 1983 1988 1987 
4464 529 1989 73 
4465 72 1990 531 
4466 532 1991 96 
4467 97 1992 530 
4468 531 1990 1982 
4469 1982 1991 532 
4470 1984 1989 1987 
4471 73 1989 424 
4472 422 1990 72 
4473 96 1991 516 
4474 518 1992 97 
4475 1982 1990 1985 
4476 1987 1992 1983 
4477 1986 1991 1982 
4478 1987 1989 529 
4479 530 1992 1987 
4480 424 1989 1984 
4481 1985 1990 422 
4482 516 1991 1986 
4483 1983 1992 518 
2 47 2 34
4484 533 1993 534 
4485 1996 1999 1993 
4486 1993 1999 1997 
4487 421 1995 420 
4488 1995 1999 1996 
4489 420 1996 419 
4490 513 1997 514 
4491 1995 1996 420 
4492 514 1994 515 
4493 1998 1999 1995 
4494 1997 1999 1994 
4495 532 1998 531 
4496 514 1997 1994 
4497 1994 1999 1998 
4498 531 2000 72 
4499 71 2001 533 
4500 534 2002 95 
4501 96 2003 532 
4502 533 2001 1993 
4503 1993 2002 534 
4504 1995 2000 1998 
4505 72 2000 421 
4506 419 2001 71 
4507 95 2002 513 
4508 515 2003 96 
4509 1993 2001 1996 
4510 1998 2003 1994 
4511 1997 2002 1993 
4512 1998 2000 531 
4513 532 2003 1998 
4514 421 2000 1995 
4515 1996 2001 419 
4516 513 2002 1997 
4517 1994 2003 515 
2 48 2 6
4518 535 70 71 
4519 535 71 533 
4520 536 95 94 
4521 536 534 95 
4522 536 533 534 
4523 535 533 536 
2 49 2 74
4524 2018 2016 2020 
4525 2007 2018 2020 
4526 2017 2014 2025 
4527 2009 2017 2025 
4528 2019 416 2024 
4529 414 2005 2010 
4530 508 2008 2011 
4531 509 2011 2012 
4532 412 413 2006 
4533 414 415 2005 
4534 509 508 2011 
4535 510 509 2012 
4536 2004 510 2012 
4537 2006 413 2010 
4538 413 414 2010 
4539 508 507 2008 
4540 511 510 2004 
4541 2004 2012 2013 
4542 511 2004 2016 
4543 512 511 2016 
4544 411 412 2014 
4545 412 2006 2014 
4546 2008 507 2015 
4547 507 506 2015 
4548 506 505 2009 
4549 417 418 2007 
4550 506 2009 2015 
4551 2013 2019 2024 
4552 415 416 2019 
4553 2016 2004 2020 
4554 2013 2012 2023 
4555 417 2007 2024 
4556 434 433 2017 
4557 535 536 2018 
4558 536 94 2026 
4559 433 69 2027 
4560 75 434 2028 
4561 70 535 2029 
4562 69 411 2027 
4563 94 512 2026 
4564 505 75 2028 
4565 418 70 2029 
4566 2019 2013 2023 
4567 2007 2020 2024 
4568 2005 415 2019 
4569 2004 2013 2020 
4570 2021 2005 2023 
4571 2011 2008 2021 
4572 2010 2005 2021 
4573 2011 2021 2023 
4574 2010 2021 2022 
4575 2021 2008 2022 
4576 2006 2010 2022 
4577 2012 2011 2023 
4578 416 417 2024 
4579 2006 2022 2025 
4580 2008 2015 2022 
4581 2014 2006 2025 
4582 2022 2015 2025 
4583 2015 2009 2025 
4584 2005 2019 2023 
4585 2020 2013 2024 
4586 411 2014 2027 
4587 512 2016 2026 
4588 2009 505 2028 
4589 2007 418 2029 
4590 2014 2017 2027 
4591 2016 2018 2026 
4592 2017 2009 2028 
4593 2018 2007 2029 
4594 2017 433 2027 
4595 434 2017 2028 
4596 2018 536 2026 
4597 535 2018 2029 
2 50 2 175
4598 2074 2081 2055 
4599 2038 2082 2058 
4600 545 2060 100 
4601 2058 2085 2038 
4602 2067 2089 2065 
4603 2062 2090 2041 
4604 2055 2087 2074 
4605 2065 2083 2067 
4606 2037 2090 2062 
4607 2035 2081 2074 
4608 558 2066 103 
4609 2066 2082 2038 
4610 2090 2093 2041 
4611 2040 2092 2091 
4612 2069 2073 2030 
4613 2044 2061 2055 
4614 2033 2061 2044 
4615 2042 2062 2041 
4616 551 2093 2090 
4617 2091 2092 537 
4618 498 2093 49 
4619 51 2092 493 
4620 2033 2043 2042 
4621 2033 2042 496 
4622 99 2060 544 
4623 76 2093 551 
4624 537 2092 84 
4625 2034 2079 2059 
4626 2034 2082 557 
4627 2069 2096 2073 
4628 2034 2098 2082 
4629 2045 2078 2043 
4630 2059 2098 2034 
4631 2039 2089 2067 
4632 2048 2076 2072 
4633 2066 2084 103 
4634 550 2084 2066 
4635 2082 2098 2058 
4636 2040 2061 494 
4637 495 2061 2033 
4638 2061 2087 2055 
4639 2043 2078 2062 
4640 496 2042 497 
4641 2043 2062 2042 
4642 2033 2044 2043 
4643 2040 2087 2061 
4644 2072 2078 2048 
4645 2060 2070 2039 
4646 2053 2063 2057 
4647 2041 2093 498 
4648 493 2092 2040 
4649 2048 2078 2045 
4650 2044 2045 2043 
4651 2085 2094 2080 
4652 2054 2063 2053 
4653 2077 2099 2036 
4654 2053 2057 2056 
4655 2051 2053 2052 
4656 2051 2054 2053 
4657 2054 2064 2063 
4658 544 2039 543 
4659 2050 2051 2049 
4660 542 2067 2030 
4661 2051 2075 2054 
4662 2047 2049 2048 
4663 2039 2067 543 
4664 2046 2047 2045 
4665 2044 2046 2045 
4666 556 2034 557 
4667 497 2041 498 
4668 493 2040 494 
4669 2051 2052 2049 
4670 2047 2068 2050 
4671 2057 2058 2056 
4672 2068 2069 2050 
4673 2046 2068 2047 
4674 2053 2056 2052 
4675 2047 2050 2049 
4676 2047 2048 2045 
4677 2054 2075 2065 
4678 497 2042 2041 
4679 494 2061 495 
4680 495 2033 496 
4681 2052 2076 2049 
4682 2030 2083 2069 
4683 2044 2055 2046 
4684 543 2067 542 
4685 2059 2076 2052 
4686 554 2032 555 
4687 542 2030 541 
4688 2069 2075 2050 
4689 541 2073 540 
4690 2030 2073 541 
4691 2050 2075 2051 
4692 554 2071 2032 
4693 553 2071 554 
4694 2071 2072 2032 
4695 556 2079 2034 
4696 2049 2076 2048 
4697 539 2074 538 
4698 540 2035 539 
4699 552 2037 553 
4700 540 2073 2035 
4701 2054 2065 2064 
4702 2065 2089 2064 
4703 2037 2071 553 
4704 2056 2059 2052 
4705 2035 2074 539 
4706 2064 2099 2077 
4707 547 2036 546 
4708 548 2031 101 
4709 2032 2079 555 
4710 2064 2077 2063 
4711 550 2038 549 
4712 544 2060 2039 
4713 2055 2081 2046 
4714 2080 2094 2031 
4715 557 2082 558 
4716 555 2079 556 
4717 2089 2099 2064 
4718 550 2066 2038 
4719 2075 2083 2065 
4720 2031 2094 2077 
4721 549 2080 548 
4722 2076 2088 2072 
4723 2046 2081 2068 
4724 2077 2094 2063 
4725 548 2080 2031 
4726 2038 2080 549 
4727 2068 2096 2069 
4728 2069 2083 2075 
4729 2067 2083 2030 
4730 551 2090 552 
4731 538 2091 537 
4732 2036 2097 2077 
4733 2056 2098 2059 
4734 2072 2088 2032 
4735 2070 2095 2036 
4736 2062 2086 2037 
4737 547 2097 2036 
4738 2031 2097 101 
4739 2036 2095 546 
4740 2071 2086 2072 
4741 2077 2097 2031 
4742 2073 2096 2035 
4743 2072 2086 2078 
4744 2060 2095 2070 
4745 558 2082 2066 
4746 2057 2094 2085 
4747 2032 2088 2079 
4748 2038 2085 2080 
4749 545 2095 2060 
4750 2037 2086 2071 
4751 2063 2094 2057 
4752 2057 2085 2058 
4753 2035 2096 2081 
4754 2079 2088 2059 
4755 2059 2088 2076 
4756 2036 2099 2070 
4757 2070 2089 2039 
4758 2074 2091 538 
4759 552 2090 2037 
4760 546 2095 545 
4761 2078 2086 2062 
4762 101 2097 547 
4763 2058 2098 2056 
4764 2081 2096 2068 
4765 103 2084 102 
4766 2070 2099 2089 
4767 2087 2091 2074 
4768 2040 2091 2087 
4769 49 2093 76 
4770 84 2092 51 
4771 102 2084 550 
4772 100 2060 99 
2 51 2 74
4773 2114 2116 2112 
4774 2103 2116 2114 
4775 2113 2121 2110 
4776 2105 2121 2113 
4777 2115 2120 456 
4778 454 2106 2101 
4779 554 2107 2104 
4780 555 2108 2107 
4781 452 2102 453 
4782 454 2101 455 
4783 555 2107 554 
4784 556 2108 555 
4785 2100 2108 556 
4786 2102 2106 453 
4787 453 2106 454 
4788 554 2104 553 
4789 557 2100 556 
4790 2100 2109 2108 
4791 557 2112 2100 
4792 558 2112 557 
4793 451 2110 452 
4794 452 2110 2102 
4795 2104 2111 553 
4796 553 2111 552 
4797 552 2105 551 
4798 457 2103 458 
4799 552 2111 2105 
4800 2109 2120 2115 
4801 455 2115 456 
4802 2112 2116 2100 
4803 2109 2119 2108 
4804 457 2120 2103 
4805 436 2113 435 
4806 559 2114 560 
4807 560 2122 103 
4808 435 2123 77 
4809 76 2124 436 
4810 83 2125 559 
4811 77 2123 451 
4812 103 2122 558 
4813 551 2124 76 
4814 458 2125 83 
4815 2115 2119 2109 
4816 2103 2120 2116 
4817 2101 2115 455 
4818 2100 2116 2109 
4819 2117 2119 2101 
4820 2107 2117 2104 
4821 2106 2117 2101 
4822 2107 2119 2117 
4823 2106 2118 2117 
4824 2117 2118 2104 
4825 2102 2118 2106 
4826 2108 2119 2107 
4827 456 2120 457 
4828 2102 2121 2118 
4829 2104 2118 2111 
4830 2110 2121 2102 
4831 2118 2121 2111 
4832 2111 2121 2105 
4833 2101 2119 2115 
4834 2116 2120 2109 
4835 451 2123 2110 
4836 558 2122 2112 
4837 2105 2124 551 
4838 2103 2125 458 
4839 2110 2123 2113 
4840 2112 2122 2114 
4841 2113 2124 2105 
4842 2114 2125 2103 
4843 2113 2123 435 
4844 436 2124 2113 
4845 2114 2122 560 
4846 559 2125 2114 
2 52 2 6
4847 82 83 559 
4848 561 82 559 
4849 562 103 102 
4850 562 560 103 
4851 561 559 560 
4852 562 561 560 
2 53 2 34
4853 563 2126 564 
4854 2129 2132 2126 
4855 2126 2132 2130 
4856 450 2128 449 
4857 2128 2132 2129 
4858 449 2129 448 
4859 548 2130 549 
4860 2128 2129 449 
4861 549 2127 550 
4862 2131 2132 2128 
4863 2130 2132 2127 
4864 562 2131 561 
4865 549 2130 2127 
4866 2127 2132 2131 
4867 561 2133 82 
4868 81 2134 563 
4869 564 2135 101 
4870 102 2136 562 
4871 563 2134 2126 
4872 2126 2135 564 
4873 2128 2133 2131 
4874 82 2133 450 
4875 448 2134 81 
4876 101 2135 548 
4877 550 2136 102 
4878 2126 2134 2129 
4879 2131 2136 2127 
4880 2130 2135 2126 
4881 2131 2133 561 
4882 562 2136 2131 
4883 450 2133 2128 
4884 2129 2134 448 
4885 548 2135 2130 
4886 2127 2136 550 
2 54 2 34
4887 564 2137 563 
4888 2137 2143 2140 
4889 2141 2143 2137 
4890 2140 2143 2139 
4891 446 2139 445 
4892 447 2140 446 
4893 546 2141 547 
4894 446 2140 2139 
4895 545 2138 546 
4896 2138 2143 2141 
4897 2139 2143 2142 
4898 565 2142 566 
4899 2138 2141 546 
4900 80 2144 565 
4901 2142 2143 2138 
4902 563 2145 81 
4903 101 2146 564 
4904 566 2147 100 
4905 2137 2145 563 
4906 564 2146 2137 
4907 2142 2144 2139 
4908 445 2144 80 
4909 81 2145 447 
4910 547 2146 101 
4911 100 2147 545 
4912 2140 2145 2137 
4913 2137 2146 2141 
4914 2138 2147 2142 
4915 565 2144 2142 
4916 2142 2147 566 
4917 2139 2144 445 
4918 447 2145 2140 
4919 2141 2146 547 
4920 545 2147 2138 
2 55 2 6
4921 79 80 565 
4922 567 79 565 
4923 99 568 100 
4924 568 566 100 
4925 568 565 566 
4926 567 565 568 
2 56 2 74
4927 2160 2162 2168 
4928 2163 2157 2169 
4929 2162 2151 2168 
4930 2154 2163 2169 
4931 2149 441 2156 
4932 2152 541 2158 
4933 541 540 2158 
4934 440 2149 2155 
4935 540 2153 2158 
4936 438 439 2150 
4937 440 441 2149 
4938 441 442 2156 
4939 542 541 2152 
4940 2150 439 2155 
4941 442 2148 2156 
4942 439 440 2155 
4943 540 539 2153 
4944 442 443 2148 
4945 443 444 2160 
4946 437 438 2157 
4947 438 2150 2157 
4948 2148 443 2160 
4949 2153 539 2159 
4950 542 2152 2161 
4951 543 542 2161 
4952 539 538 2159 
4953 538 537 2154 
4954 544 543 2151 
4955 2151 543 2161 
4956 538 2154 2159 
4957 567 568 2162 
4958 460 459 2163 
4959 79 567 2170 
4960 459 78 2171 
4961 84 460 2172 
4962 568 99 2173 
4963 444 79 2170 
4964 78 437 2171 
4965 537 84 2172 
4966 99 544 2173 
4967 2164 2158 2165 
4968 2152 2158 2164 
4969 2158 2153 2165 
4970 2149 2156 2164 
4971 2149 2164 2165 
4972 2155 2149 2165 
4973 2165 2153 2167 
4974 2156 2148 2166 
4975 2155 2165 2167 
4976 2164 2156 2166 
4977 2152 2164 2166 
4978 2150 2155 2167 
4979 2166 2148 2168 
4980 2148 2160 2168 
4981 2150 2167 2169 
4982 2153 2159 2167 
4983 2161 2152 2166 
4984 2157 2150 2169 
4985 2161 2166 2168 
4986 2167 2159 2169 
4987 2151 2161 2168 
4988 2159 2154 2169 
4989 2160 444 2170 
4990 437 2157 2171 
4991 2154 537 2172 
4992 544 2151 2173 
4993 2162 2160 2170 
4994 2157 2163 2171 
4995 2151 2162 2173 
4996 2163 2154 2172 
4997 2163 459 2171 
4998 567 2162 2170 
4999 2162 568 2173 
5000 460 2163 2172 
2 57 2 175
5001 2218 2225 2199 
5002 2182 2226 2202 
5003 577 2204 105 
5004 2202 2229 2182 
5005 2211 2233 2209 
5006 2206 2234 2185 
5007 2199 2231 2218 
5008 2209 2227 2211 
5009 2181 2234 2206 
5010 2179 2225 2218 
5011 590 2210 108 
5012 2210 2226 2182 
5013 2234 2237 2185 
5014 2184 2236 2235 
5015 2213 2217 2174 
5016 2188 2205 2199 
5017 2177 2205 2188 
5018 2186 2206 2185 
5019 583 2237 2234 
5020 2235 2236 569 
5021 504 2237 53 
5022 55 2236 499 
5023 2177 2187 2186 
5024 2177 2186 502 
5025 104 2204 576 
5026 85 2237 583 
5027 569 2236 93 
5028 2178 2223 2203 
5029 2178 2226 589 
5030 2213 2240 2217 
5031 2178 2242 2226 
5032 2189 2222 2187 
5033 2203 2242 2178 
5034 2183 2233 2211 
5035 2192 2220 2216 
5036 2210 2228 108 
5037 582 2228 2210 
5038 2226 2242 2202 
5039 2184 2205 500 
5040 501 2205 2177 
5041 2205 2231 2199 
5042 2187 2222 2206 
5043 502 2186 503 
5044 2187 2206 2186 
5045 2177 2188 2187 
5046 2184 2231 2205 
5047 2216 2222 2192 
5048 2204 2214 2183 
5049 2197 2207 2201 
5050 2185 2237 504 
5051 499 2236 2184 
5052 2192 2222 2189 
5053 2188 2189 2187 
5054 2229 2238 2224 
5055 2198 2207 2197 
5056 2221 2243 2180 
5057 2197 2201 2200 
5058 2195 2197 2196 
5059 2195 2198 2197 
5060 2198 2208 2207 
5061 576 2183 575 
5062 2194 2195 2193 
5063 574 2211 2174 
5064 2195 2219 2198 
5065 2191 2193 2192 
5066 2183 2211 575 
5067 2190 2191 2189 
5068 2188 2190 2189 
5069 588 2178 589 
5070 503 2185 504 
5071 499 2184 500 
5072 2195 2196 2193 
5073 2191 2212 2194 
5074 2201 2202 2200 
5075 2212 2213 2194 
5076 2190 2212 2191 
5077 2197 2200 2196 
5078 2191 2194 2193 
5079 2191 2192 2189 
5080 2198 2219 2209 
5081 503 2186 2185 
5082 500 2205 501 
5083 501 2177 502 
5084 2196 2220 2193 
5085 2174 2227 2213 
5086 2188 2199 2190 
5087 575 2211 574 
5088 2203 2220 2196 
5089 586 2176 587 
5090 574 2174 573 
5091 2213 2219 2194 
5092 573 2217 572 
5093 2174 2217 573 
5094 2194 2219 2195 
5095 586 2215 2176 
5096 585 2215 586 
5097 2215 2216 2176 
5098 588 2223 2178 
5099 2193 2220 2192 
5100 571 2218 570 
5101 572 2179 571 
5102 584 2181 585 
5103 572 2217 2179 
5104 2198 2209 2208 
5105 2209 2233 2208 
5106 2181 2215 585 
5107 2200 2203 2196 
5108 2179 2218 571 
5109 2208 2243 2221 
5110 579 2180 578 
5111 580 2175 106 
5112 2176 2223 587 
5113 2208 2221 2207 
5114 582 2182 581 
5115 576 2204 2183 
5116 2199 2225 2190 
5117 2224 2238 2175 
5118 589 2226 590 
5119 587 2223 588 
5120 2233 2243 2208 
5121 582 2210 2182 
5122 2219 2227 2209 
5123 2175 2238 2221 
5124 581 2224 580 
5125 2220 2232 2216 
5126 2190 2225 2212 
5127 2221 2238 2207 
5128 580 2224 2175 
5129 2182 2224 581 
5130 2212 2240 2213 
5131 2213 2227 2219 
5132 2211 2227 2174 
5133 583 2234 584 
5134 570 2235 569 
5135 2180 2241 2221 
5136 2200 2242 2203 
5137 2216 2232 2176 
5138 2214 2239 2180 
5139 2206 2230 2181 
5140 579 2241 2180 
5141 2175 2241 106 
5142 2180 2239 578 
5143 2215 2230 2216 
5144 2221 2241 2175 
5145 2217 2240 2179 
5146 2216 2230 2222 
5147 2204 2239 2214 
5148 590 2226 2210 
5149 2201 2238 2229 
5150 2176 2232 2223 
5151 2182 2229 2224 
5152 577 2239 2204 
5153 2181 2230 2215 
5154 2207 2238 2201 
5155 2201 2229 2202 
5156 2179 2240 2225 
5157 2223 2232 2203 
5158 2203 2232 2220 
5159 2180 2243 2214 
5160 2214 2233 2183 
5161 2218 2235 570 
5162 584 2234 2181 
5163 578 2239 577 
5164 2222 2230 2206 
5165 106 2241 579 
5166 2202 2242 2200 
5167 2225 2240 2212 
5168 108 2228 107 
5169 2214 2243 2233 
5170 2231 2235 2218 
5171 2184 2235 2231 
5172 53 2237 85 
5173 93 2236 55 
5174 107 2228 582 
5175 105 2204 104 
2 58 2 74
5176 2258 2260 2256 
5177 2247 2260 2258 
5178 2257 2265 2254 
5179 2249 2265 2257 
5180 2259 2264 482 
5181 480 2250 2245 
5182 586 2251 2248 
5183 587 2252 2251 
5184 478 2246 479 
5185 480 2245 481 
5186 587 2251 586 
5187 588 2252 587 
5188 2244 2252 588 
5189 2246 2250 479 
5190 479 2250 480 
5191 586 2248 585 
5192 589 2244 588 
5193 2244 2253 2252 
5194 589 2256 2244 
5195 590 2256 589 
5196 477 2254 478 
5197 478 2254 2246 
5198 2248 2255 585 
5199 585 2255 584 
5200 584 2249 583 
5201 483 2247 484 
5202 584 2255 2249 
5203 2253 2264 2259 
5204 481 2259 482 
5205 2256 2260 2244 
5206 2253 2263 2252 
5207 483 2264 2247 
5208 462 2257 461 
5209 591 2258 592 
5210 592 2266 108 
5211 461 2267 86 
5212 85 2268 462 
5213 92 2269 591 
5214 86 2267 477 
5215 108 2266 590 
5216 583 2268 85 
5217 484 2269 92 
5218 2259 2263 2253 
5219 2247 2264 2260 
5220 2245 2259 481 
5221 2244 2260 2253 
5222 2261 2263 2245 
5223 2251 2261 2248 
5224 2250 2261 2245 
5225 2251 2263 2261 
5226 2250 2262 2261 
5227 2261 2262 2248 
5228 2246 2262 2250 
5229 2252 2263 2251 
5230 482 2264 483 
5231 2246 2265 2262 
5232 2248 2262 2255 
5233 2254 2265 2246 
5234 2262 2265 2255 
5235 2255 2265 2249 
5236 2245 2263 2259 
5237 2260 2264 2253 
5238 477 2267 2254 
5239 590 2266 2256 
5240 2249 2268 583 
5241 2247 2269 484 
5242 2254 2267 2257 
5243 2256 2266 2258 
5244 2257 2268 2249 
5245 2258 2269 2247 
5246 2257 2267 461 
5247 462 2268 2257 
5248 2258 2266 592 
5249 591 2269 2258 
2 59 2 6
5250 91 92 593 
5251 593 92 591 
5252 594 108 107 
5253 594 592 108 
5254 593 591 592 
5255 594 593 592 
2 60 2 34
5256 594 2270 593 
5257 2270 2276 2273 
5258 2274 2276 2270 
5259 2273 2276 2272 
5260 475 2272 474 
5261 476 2273 475 
5262 581 2274 582 
5263 475 2273 2272 
5264 580 2271 581 
5265 2272 2276 2275 
5266 2271 2276 2274 
5267 595 2275 596 
5268 2271 2274 581 
5269 2275 2276 2271 
5270 90 2277 595 
5271 593 2278 91 
5272 107 2279 594 
5273 596 2280 106 
5274 2270 2278 593 
5275 594 2279 2270 
5276 2275 2277 2272 
5277 474 2277 90 
5278 91 2278 476 
5279 582 2279 107 
5280 106 2280 580 
5281 2273 2278 2270 
5282 2271 2280 2275 
5283 2270 2279 2274 
5284 595 2277 2275 
5285 2275 2280 596 
5286 2272 2277 474 
5287 476 2278 2273 
5288 2274 2279 582 
5289 580 2280 2271 
2 61 2 34
5290 597 2281 598 
5291 2284 2287 2281 
5292 2281 2287 2285 
5293 473 2283 472 
5294 2283 2287 2284 
5295 472 2284 471 
5296 577 2285 578 
5297 2283 2284 472 
5298 578 2282 579 
5299 2286 2287 2283 
5300 2285 2287 2282 
5301 596 2286 595 
5302 578 2285 2282 
5303 2282 2287 2286 
5304 595 2288 90 
5305 89 2289 597 
5306 598 2290 105 
5307 106 2291 596 
5308 597 2289 2281 
5309 2281 2290 598 
5310 2283 2288 2286 
5311 90 2288 473 
5312 471 2289 89 
5313 105 2290 577 
5314 579 2291 106 
5315 2281 2289 2284 
5316 2286 2291 2282 
5317 2285 2290 2281 
5318 2286 2288 595 
5319 596 2291 2286 
5320 473 2288 2283 
5321 2284 2289 471 
5322 577 2290 2285 
5323 2282 2291 579 
2 62 2 6
5324 599 88 89 
5325 599 89 597 
5326 104 600 105 
5327 600 598 105 
5328 599 597 598 
5329 599 598 600 
2 63 2 74
5330 2305 2302 2313 
5331 2306 2303 2311 
5332 2297 2305 2313 
5333 2295 2306 2311 
5334 2308 466 2310 
5335 2298 2307 2309 
5336 573 2293 2298 
5337 464 465 2294 
5338 573 572 2293 
5339 574 573 2298 
5340 2292 574 2298 
5341 2293 2299 2300 
5342 467 468 2296 
5343 2293 572 2299 
5344 572 571 2299 
5345 575 574 2292 
5346 575 2292 2303 
5347 576 575 2303 
5348 463 464 2302 
5349 464 2294 2302 
5350 571 570 2304 
5351 2299 571 2304 
5352 468 469 2301 
5353 2296 468 2301 
5354 570 569 2297 
5355 469 470 2295 
5356 469 2295 2301 
5357 570 2297 2304 
5358 2300 2308 2310 
5359 2307 2296 2309 
5360 2298 2293 2307 
5361 465 466 2308 
5362 467 2296 2310 
5363 2300 2299 2312 
5364 486 485 2305 
5365 599 600 2306 
5366 600 104 2314 
5367 485 87 2315 
5368 93 486 2316 
5369 88 599 2317 
5370 87 463 2315 
5371 104 576 2314 
5372 569 93 2316 
5373 470 88 2317 
5374 2296 2307 2310 
5375 2308 2300 2312 
5376 2294 465 2308 
5377 2293 2300 2307 
5378 2292 2298 2309 
5379 466 467 2310 
5380 2294 2312 2313 
5381 2292 2309 2311 
5382 2303 2292 2311 
5383 2296 2301 2309 
5384 2302 2294 2313 
5385 2299 2304 2312 
5386 2309 2301 2311 
5387 2312 2304 2313 
5388 2301 2295 2311 
5389 2304 2297 2313 
5390 2307 2300 2310 
5391 2294 2308 2312 
5392 463 2302 2315 
5393 576 2303 2314 
5394 2297 569 2316 
5395 2295 470 2317 
5396 2302 2305 2315 
5397 2303 2306 2314 
5398 2305 2297 2316 
5399 2306 2295 2317 
5400 2305 485 2315 
5401 486 2305 2316 
5402 2306 600 2314 
5403 599 2306 2317 
3 1 4 8087
5404 795 756 2318 2319 
5405 2320 1570 1424 1412 
5406 2321 956 1189 690 
5407 2322 2323 1725 1740 
5408 2324 900 919 945 
5409 2325 1013 1021 1025 
5410 650 1020 2325 2326 
5411 145 144 1178 686 
5412 2327 2326 1318 1331 
5413 1174 342 1655 1355 
5414 2328 659 648 612 
5415 2329 1175 1172 1180 
5416 2330 1330 2331 1320 
5417 986 145 1178 686 
5418 1594 1553 1409 1180 
5419 1175 1655 343 1553 
5420 2332 1372 2333 385 
5421 340 1409 1343 1168 
5422 2293 572 2179 2299 
5423 1587 1168 339 1438 
5424 2179 571 2218 2299 
5425 2329 884 1177 986 
5426 1594 340 56 1168 
5427 918 919 769 1170 
5428 2330 651 661 664 
5429 343 1553 1594 1180 
5430 2334 1379 1535 1623 
5431 2329 740 741 1169 
5432 1179 1355 1629 341 
5433 1175 1553 343 1180 
5434 1174 341 342 1355 
5435 2335 900 842 978 
5436 1166 2335 1157 1162 
5437 2321 1189 2336 690 
5438 2318 1560 2337 1500 
5439 2338 2339 825 837 
5440 1247 1233 2340 1266 
5441 2339 1211 2341 680 
5442 2342 1463 2318 2321 
5443 2340 1486 2343 2344 
5444 2337 1176 1172 1175 
5445 2319 1425 1463 1464 
5446 2318 1424 1579 1463 
5447 1343 1409 1410 1168 
5448 338 1180 1594 1409 
5449 1343 1410 1614 1168 
5450 1343 1614 1438 1168 
5451 338 56 1594 1180 
5452 2335 1166 2324 919 
5453 866 1163 867 954 
5454 338 2329 1180 1409 
5455 1588 1614 2324 1168 
5456 2335 842 825 909 
5457 1409 2329 1410 1171 
5458 2338 2345 838 901 
5459 2320 1579 2318 1424 
5460 1410 1409 1171 1168 
5461 2324 1410 1171 1168 
5462 2329 2337 986 1177 
5463 2346 1657 1492 1494 
5464 2332 2333 2347 385 
5465 2348 629 662 635 
5466 2346 1657 2349 1492 
5467 2324 1410 1614 1413 
5468 2320 2345 2321 2336 
5469 2350 1536 1633 1159 
5470 1544 2332 2347 385 
5471 2318 1560 1500 1420 
5472 2319 1425 2318 1463 
5473 2324 1614 1588 1569 
5474 2339 1492 2341 1349 
5475 2336 1625 1579 1359 
5476 2324 744 945 741 
5477 2321 956 794 827 
5478 2329 741 740 742 
5479 2351 990 2352 872 
5480 2329 2338 744 743 
5481 1594 1409 340 1168 
5482 2320 1413 1412 1410 
5483 2329 831 751 742 
5484 2329 1500 2337 1175 
5485 1588 2335 2324 1569 
5486 2334 336 1672 1623 
5487 1623 388 336 1672 
5488 2332 2347 2353 2354 
5489 2355 1190 2356 870 
5490 2345 910 956 690 
5491 2329 1553 1409 1411 
5492 2349 1657 1529 1492 
5493 148 674 740 1169 
5494 919 2324 333 1166 
5495 2349 761 988 860 
5496 2337 1173 1176 1174 
5497 2349 2350 825 762 
5498 236 1016 1317 1005 
5499 2346 1493 2336 1507 
5500 1017 1277 1012 232 
5501 146 1177 1181 884 
5502 2329 1410 1412 1411 
5503 334 2324 1157 333 
5504 769 945 674 1169 
5505 1827 2357 2358 2359 
5506 2335 964 1161 698 
5507 2350 866 964 909 
5508 674 741 740 1169 
5509 1587 1168 1588 334 
5510 1588 2335 1569 1647 
5511 2324 1614 1410 1168 
5512 2332 2353 2333 2354 
5513 2340 2344 2342 1541 
5514 2320 2336 2321 1579 
5515 2332 2333 2353 2347 
5516 2351 1618 1450 1449 
5517 2329 741 1170 1169 
5518 2329 831 884 986 
5519 2318 1425 1420 1424 
5520 2340 2352 827 2342 
5521 860 2349 2339 988 
5522 2335 698 1161 1162 
5523 2329 337 925 1169 
5524 2336 1268 1189 1247 
5525 2351 2353 875 687 
5526 2336 1209 1268 1247 
5527 1649 2321 1198 1247 
5528 2320 2321 2345 2318 
5529 2337 1355 1174 1655 
5530 227 2360 226 1018 
5531 2329 2345 2338 743 
5532 2339 823 988 825 
5533 120 113 2361 2353 
5534 2352 872 990 817 
5535 2362 2363 2364 2365 
5536 2352 817 990 857 
5537 2366 815 817 818 
5538 980 199 198 1233 
5539 2345 910 755 794 
5540 980 1233 706 827 
5541 980 198 706 1233 
5542 2351 1618 2344 1450 
5543 827 2321 2340 2342 
5544 2338 744 743 901 
5545 1649 346 1198 345 
5546 2332 1589 1372 1526 
5547 2340 1236 2352 1183 
5548 2339 1349 1192 1477 
5549 2321 1463 1579 1625 
5550 2319 1662 1522 1449 
5551 2321 1625 1649 1496 
5552 755 2329 2318 751 
5553 2320 2329 1412 2318 
5554 986 145 1177 1176 
5555 2318 1424 1463 1425 
5556 2332 1531 1372 1589 
5557 2337 831 891 751 
5558 2367 60 1417 1356 
5559 2368 2361 385 378 
5560 2332 1589 2362 2369 
5561 2319 2318 2337 751 
5562 2343 1246 2352 815 
5563 2370 634 654 638 
5564 2371 1417 229 1577 
5565 2370 1323 1303 1307 
5566 2353 857 2347 875 
5567 228 115 4 748 
5568 34 341 1179 1577 
5569 2351 993 2337 2371 
5570 2362 1638 2372 1485 
5571 2371 1355 1662 1629 
5572 2366 2344 2347 857 
5573 2370 664 2330 634 
5574 2353 119 113 112 
5575 1179 1629 1577 341 
5576 2337 2371 993 960 
5577 2371 1629 1417 1577 
5578 380 387 34 229 
5579 1175 1655 1553 1500 
5580 2351 781 687 875 
5581 2329 751 755 743 
5582 748 2367 228 2371 
5583 2337 1172 1176 1177 
5584 2318 1424 1420 1412 
5585 2319 2371 1662 1449 
5586 2373 605 2374 646 
5587 2337 2371 1178 1173 
5588 2337 1174 1176 1175 
5589 2361 380 2367 386 
5590 2351 2344 2347 1450 
5591 2319 1464 1618 1522 
5592 2367 226 229 227 
5593 2353 875 687 120 
5594 2375 1783 2376 2377 
5595 2371 229 1179 1577 
5596 2378 1481 1620 1537 
5597 1027 1041 239 36 
5598 2337 1174 1175 1655 
5599 14 333 918 1169 
5600 1175 1655 342 343 
5601 2351 2319 1618 1449 
5602 2329 743 742 751 
5603 1182 3 115 908 
5604 1178 686 144 960 
5605 229 60 387 1417 
5606 1553 1175 2329 1180 
5607 2353 119 118 703 
5608 2337 831 986 891 
5609 2340 2343 1484 1244 
5610 2340 2352 1233 827 
5611 2351 2371 2319 1449 
5612 2329 2337 2318 751 
5613 2336 1573 1493 1477 
5614 2366 857 818 817 
5615 2332 2343 2362 1487 
5616 2337 2371 1173 1174 
5617 2340 1484 1375 1244 
5618 2320 2324 2329 2338 
5619 1355 1179 2371 1174 
5620 2337 1560 1655 1500 
5621 2371 1173 1182 1178 
5622 2362 1638 1485 1639 
5623 2367 228 229 226 
5624 2366 815 2352 817 
5625 2347 2344 1526 1450 
5626 2360 114 113 120 
5627 2366 857 920 818 
5628 2318 2342 2321 795 
5629 2351 875 2347 857 
5630 2340 1375 1649 345 
5631 2367 229 2371 1417 
5632 986 1178 1176 686 
5633 2361 227 380 1029 
5634 115 1182 748 228 
5635 2368 2379 606 617 
5636 385 2347 386 2353 
5637 2368 1286 378 1275 
5638 2342 1464 1496 1541 
5639 2347 1526 1544 1450 
5640 2343 374 2372 1638 
5641 2344 1618 1659 1450 
5642 2367 4 687 748 
5643 2354 118 117 862 
5644 2366 857 2354 920 
5645 2344 1526 1659 1486 
5646 2332 1526 2343 1487 
5647 2353 857 875 703 
5648 2342 1464 1463 1496 
5649 2375 2377 2376 2380 
5650 2321 1625 2336 1209 
5651 2353 118 2354 703 
5652 2343 1183 374 1244 
5653 2371 960 1182 748 
5654 2361 1286 1323 1335 
5655 2375 2156 1787 1744 
5656 2325 650 664 608 
5657 2333 2369 2354 2381 
5658 2352 706 815 1246 
5659 2375 2382 2156 1744 
5660 2332 2343 1526 2344 
5661 2383 1074 1064 1058 
5662 2384 2385 1416 1445 
5663 2370 1323 2379 1303 
5664 2386 623 2387 633 
5665 2325 1021 650 608 
5666 2333 1884 1885 384 
5667 2370 1015 1026 1007 
5668 2332 2366 2362 2343 
5669 2368 2388 1275 1306 
5670 2351 990 872 949 
5671 2351 993 2371 780 
5672 228 3 114 115 
5673 2361 379 386 385 
5674 2353 112 2368 602 
5675 2337 1178 2371 960 
5676 2332 2366 2343 2344 
5677 2354 2381 2369 847 
5678 2332 2362 2365 2369 
5679 2352 1246 1236 706 
5680 2342 795 2319 949 
5681 2353 2354 857 703 
5682 2321 1189 980 1233 
5683 2340 1496 2321 1649 
5684 1375 1235 344 345 
5685 1484 2340 1375 1486 
5686 2342 1463 2319 2318 
5687 2321 1625 1209 1247 
5688 2340 1183 1244 1235 
5689 344 1244 1484 57 
5690 2332 2365 2354 2369 
5691 1484 57 374 1638 
5692 1484 374 57 1244 
5693 2364 2365 2363 995 
5694 1375 344 1235 1244 
5695 2364 708 2389 1238 
5696 57 372 1243 1485 
5697 1484 2340 1486 2343 
5698 2372 1183 1246 373 
5699 2351 2337 2319 2371 
5700 2352 706 1236 1233 
5701 2390 689 747 776 
5702 2354 920 862 863 
5703 863 2354 847 862 
5704 2363 2391 2384 1595 
5705 2354 920 857 703 
5706 2354 118 862 703 
5707 2364 708 1245 816 
5708 2343 1484 374 1638 
5709 57 1485 374 1638 
5710 2372 816 1245 373 
5711 2343 1487 1484 1638 
5712 2332 2369 1531 1589 
5713 2372 1638 374 1485 
5714 2332 2362 1589 1487 
5715 863 2354 2365 847 
5716 2351 1450 2347 1449 
5717 2342 2319 1463 1464 
5718 2343 1484 1487 1486 
5719 2353 113 2368 112 
5720 1236 706 198 1233 
5721 1236 706 197 198 
5722 1236 197 706 1246 
5723 2352 872 817 706 
5724 2351 875 2353 2347 
5725 980 199 1189 690 
5726 2319 795 756 853 
5727 2344 1618 1541 1659 
5728 2362 2369 1589 1532 
5729 2364 816 2372 969 
5730 2366 2352 857 817 
5731 815 33 1246 197 
5732 2363 995 2390 2392 
5733 815 373 33 969 
5734 2333 1884 2393 58 
5735 2343 1487 1526 1486 
5736 2365 970 920 863 
5737 33 816 969 373 
5738 2364 970 2365 863 
5739 33 1245 816 373 
5740 2343 2352 1246 1183 
5741 2339 1492 1349 1477 
5742 2342 2319 2351 949 
5743 2372 1246 815 373 
5744 2362 1487 2343 1638 
5745 33 1245 225 816 
5746 2340 1496 2342 2321 
5747 2342 2351 2352 872 
5748 2339 808 2336 1242 
5749 2320 1570 1412 1413 
5750 2336 690 1189 1242 
5751 1189 200 1242 690 
5752 1189 199 200 690 
5753 2336 1573 1209 1359 
5754 2336 1210 1268 1209 
5755 2342 872 795 949 
5756 2342 795 872 827 
5757 808 1211 680 201 
5758 200 1242 690 904 
5759 2339 860 988 823 
5760 2353 112 602 119 
5761 2394 840 763 2395 
5762 2339 2336 808 904 
5763 2350 1159 1160 1161 
5764 2321 1247 2336 1189 
5765 1247 1233 2321 2340 
5766 2346 2339 2349 2350 
5767 2350 909 825 762 
5768 2341 1192 1481 1231 
5769 2341 860 812 951 
5770 2320 1579 1570 1507 
5771 1210 1192 348 1477 
5772 1210 348 347 1477 
5773 1209 1573 347 1359 
5774 2338 825 2339 2335 
5775 2318 1412 1420 1411 
5776 1209 347 346 1359 
5777 2336 690 1242 904 
5778 2321 1233 980 827 
5779 2343 1526 2344 1486 
5780 2342 2321 795 827 
5781 2352 872 706 827 
5782 2319 1464 1522 1425 
5783 1649 1209 346 1359 
5784 2341 1192 1231 1239 
5785 2319 1522 1618 1449 
5786 2339 1210 1211 1268 
5787 57 1243 374 1485 
5788 2356 2396 1269 1348 
5789 1658 350 1392 1199 
5790 1649 346 1209 1198 
5791 2397 804 943 2355 
5792 2341 2395 951 868 
5793 2398 2356 1270 1539 
5794 1166 2335 2324 1157 
5795 120 113 2360 2361 
5796 2334 336 1164 1158 
5797 2399 2349 2395 711 
5798 2350 1161 867 1163 
5799 2375 1787 1783 1744 
5800 210 819 1205 1228 
5801 1197 221 681 220 
5802 2400 2401 1249 1201 
5803 716 2402 697 2403 
5804 1197 1232 220 681 
5805 2401 1550 1608 1350 
5806 1225 367 1201 1350 
5807 2404 801 902 896 
5808 2375 1783 1797 1744 
5809 1225 368 367 1350 
5810 2401 1350 1608 1637 
5811 2401 1225 1350 1637 
5812 2402 2403 1384 279 
5813 2405 968 2401 1215 
5814 371 1377 1237 372 
5815 371 1648 370 1208 
5816 2406 1601 1470 1469 
5817 1361 369 1230 1616 
5818 1361 1230 369 370 
5819 1208 1361 1648 370 
5820 2406 1469 1457 1456 
5821 368 1188 1616 1637 
5822 368 1188 369 1616 
5823 369 1188 1230 1616 
5824 1208 1361 370 1230 
5825 2407 1608 2401 1550 
5826 2408 902 692 844 
5827 2375 2156 2149 1787 
5828 2409 2404 2410 896 
5829 2390 747 2385 776 
5830 2390 2385 2411 776 
5831 2406 1457 1470 1482 
5832 2411 889 2412 833 
5833 2408 2405 1212 692 
5834 2406 2405 2401 1637 
5835 2389 1238 1195 1267 
5836 2332 1589 1526 1487 
5837 2410 2408 844 2404 
5838 2410 896 2404 844 
5839 2406 1482 1608 1457 
5840 2407 1433 1455 1550 
5841 2413 787 788 800 
5842 2404 1601 2414 1603 
5843 1225 368 1350 1637 
5844 2408 829 2389 2415 
5845 2408 1498 2389 1648 
5846 2416 2417 2262 2255 
5847 2404 801 2405 902 
5848 1225 1188 368 1637 
5849 2405 1212 947 1215 
5850 1195 692 1212 223 
5851 692 222 1212 223 
5852 692 222 947 1212 
5853 2404 1408 1565 1601 
5854 2405 947 692 902 
5855 947 222 1215 1212 
5856 2408 1461 1624 1513 
5857 2408 1195 2389 979 
5858 2405 939 2401 968 
5859 947 1215 221 968 
5860 1608 2407 2406 1455 
5861 2401 1249 1197 1232 
5862 2406 1469 1470 1457 
5863 2401 1232 1197 681 
5864 2406 1470 1571 1482 
5865 2406 813 2405 801 
5866 2416 2250 2246 2262 
5867 1195 692 223 979 
5868 2405 939 968 813 
5869 2401 1232 681 869 
5870 2405 947 813 968 
5871 2405 1251 2401 1188 
5872 2385 1523 2412 1558 
5873 224 708 225 1238 
5874 2364 2389 708 898 
5875 2405 1230 1188 1616 
5876 2408 902 2404 2405 
5877 1195 224 979 223 
5878 2408 979 692 1195 
5879 225 816 1245 708 
5880 980 199 1233 1189 
5881 2364 1238 2389 1184 
5882 1236 2340 1233 1266 
5883 2364 1237 2389 1377 
5884 225 708 1245 1238 
5885 1095 2418 1101 1096 
5886 2415 753 754 752 
5887 2364 2365 995 863 
5888 2336 1507 1573 1579 
5889 2340 1486 2344 1541 
5890 2364 2363 2372 1485 
5891 2364 2372 970 969 
5892 2352 1246 1183 1236 
5893 1236 2340 2352 1233 
5894 2333 2381 2393 1884 
5895 2389 708 829 979 
5896 2363 1504 1485 1377 
5897 2408 1261 2389 1195 
5898 2364 1184 1237 1243 
5899 371 1208 1377 1648 
5900 1485 1237 1377 372 
5901 2419 932 880 800 
5902 2406 1482 2405 1637 
5903 2404 896 932 801 
5904 2364 1245 708 1238 
5905 2363 2392 2384 2391 
5906 2384 1358 1446 1445 
5907 2408 692 979 955 
5908 1649 1625 1209 1359 
5909 2364 1485 1237 1377 
5910 2392 835 995 926 
5911 2389 1208 1377 1237 
5912 2389 1267 1208 1237 
5913 2416 2250 1821 2246 
5914 1485 1237 372 1243 
5915 2408 979 2389 829 
5916 2408 844 955 792 
5917 2369 1516 2420 383 
5918 1375 1484 344 1244 
5919 2321 980 1189 956 
5920 117 2354 862 847 
5921 2389 1195 1261 1267 
5922 2408 1571 2404 1513 
5923 1558 2385 1663 1357 
5924 2365 847 995 863 
5925 116 2390 689 5 
5926 2321 1209 2336 1247 
5927 2416 1821 1874 2246 
5928 2390 2411 854 776 
5929 2333 383 2369 2381 
5930 2332 2347 2344 1526 
5931 2420 2421 382 375 
5932 2343 1183 2372 374 
5933 2369 2420 2381 383 
5934 2384 1663 2385 1445 
5935 2420 383 382 376 
5936 2369 1531 1589 1532 
5937 2363 2384 2369 1446 
5938 2391 1461 1462 1498 
5939 1086 1357 2385 1081 
5940 2385 1357 2412 1081 
5941 2363 2390 2384 2392 
5942 2421 1077 1066 1058 
5943 2421 254 109 1076 
5944 2390 689 847 116 
5945 2393 2 637 111 
5946 2420 2385 265 1416 
5947 2332 2347 1526 1544 
5948 2385 1080 1085 1089 
5949 2340 1649 1198 345 
5950 2422 639 613 637 
5951 2422 1063 616 663 
5952 2368 2388 2393 637 
5953 385 1885 2368 378 
5954 1066 2422 1076 2421 
5955 2393 1884 383 377 
5956 2340 1541 2342 1496 
5957 2383 1058 1066 1074 
5958 5 2421 116 2420 
5959 2343 2366 2372 815 
5960 2389 1195 708 979 
5961 2390 2420 2385 264 
5962 2353 2354 2347 857 
5963 2366 970 818 920 
5964 2416 1821 2359 1874 
5965 2393 1884 2381 383 
5966 2385 1083 2412 1085 
5967 2379 618 617 654 
5968 2369 2381 2420 847 
5969 2369 1531 1532 1516 
5970 2368 2393 2388 1306 
5971 121 264 1089 1 
5972 121 1089 907 1 
5973 2416 2246 2265 2262 
5974 121 109 264 1 
5975 2385 688 994 961 
5976 2385 1085 961 1089 
5977 2390 264 747 5 
5978 2383 1066 2422 1063 
5979 121 109 5 264 
5980 2370 618 654 634 
5981 815 373 1246 33 
5982 2391 2363 2392 2389 
5983 2351 781 875 857 
5984 2369 1516 1532 1664 
5985 2385 961 747 1089 
5986 1089 121 747 264 
5987 2363 2365 2390 995 
5988 2364 1243 2372 1184 
5989 2408 1230 1361 1208 
5990 2368 606 112 617 
5991 2420 59 1416 265 
5992 2392 829 2389 898 
5993 2390 2385 2384 2411 
5994 2390 2365 847 995 
5995 2412 987 2423 833 
5996 2385 1083 1085 1080 
5997 2389 708 898 829 
5998 2385 265 1080 264 
5999 2390 926 776 854 
6000 2363 2369 1664 1446 
6001 2392 793 829 898 
6002 2404 932 2419 801 
6003 688 1085 1083 987 
6004 2412 1083 1079 1084 
6005 2385 1357 1630 1663 
6006 2408 2404 902 844 
6007 2385 1416 1630 1086 
6008 2412 1082 1552 1087 
6009 2412 2423 1502 1421 
6010 1085 1083 987 195 
6011 2412 1656 1357 1558 
6012 688 1085 987 195 
6013 2410 1422 2404 1565 
6014 1357 267 1656 1081 
6015 2412 1082 1656 1552 
6016 2385 1080 1089 264 
6017 2410 896 753 738 
6018 1630 1086 1576 268 
6019 1357 1630 268 1086 
6020 1630 1416 1576 1086 
6021 1576 1086 42 268 
6022 2412 1502 1558 1421 
6023 1357 268 1081 1086 
6024 59 381 265 375 
6025 2385 776 747 961 
6026 2385 1523 1558 1663 
6027 2364 970 816 969 
6028 116 2390 5 2420 
6029 2384 1523 1663 1445 
6030 1576 42 1086 265 
6031 2363 2384 2390 2369 
6032 381 42 265 375 
6033 121 5 747 264 
6034 2367 4 114 120 
6035 747 1089 961 907 
6036 2362 2343 2372 1638 
6037 2420 382 59 375 
6038 2412 1083 688 1085 
6039 827 2321 1233 2340 
6040 2364 708 835 898 
6041 2408 2410 2415 1513 
6042 2385 1630 1416 1445 
6043 2411 2410 2391 2415 
6044 2385 1083 1080 1081 
6045 2391 1423 2410 2412 
6046 1357 268 267 1081 
6047 2411 2415 754 752 
6048 2410 1422 1565 1407 
6049 2340 1649 2321 1198 
6050 2391 2415 2408 2389 
6051 792 2408 829 955 
6052 2423 269 735 1088 
6053 2385 2412 1083 1081 
6054 371 1377 1208 1237 
6055 2391 1498 2408 1624 
6056 2412 1502 2423 1552 
6057 2408 979 829 955 
6058 2408 1195 692 1212 
6059 2415 2410 753 752 
6060 1195 708 224 1238 
6061 2416 2262 2265 2255 
6062 2410 2391 1461 1422 
6063 2393 2420 376 383 
6064 2408 1208 2389 1261 
6065 2361 2367 2353 386 
6066 2364 1245 2372 816 
6067 2408 1361 2405 1571 
6068 961 1089 196 907 
6069 2411 2412 2410 2423 
6070 1461 1513 2410 1422 
6071 196 907 1089 1 
6072 2391 1558 1523 1423 
6073 2410 1407 1406 1421 
6074 2385 688 961 1085 
6075 2404 2419 2414 1601 
6076 2416 2181 2417 2255 
6077 2405 1215 947 968 
6078 2412 1421 1558 1423 
6079 2410 1423 1422 1421 
6080 2423 735 883 1088 
6081 2389 1377 1208 1648 
6082 2416 1846 1821 1870 
6083 2412 889 987 833 
6084 2423 1502 1406 1552 
6085 2333 1885 1884 58 
6086 2423 987 1084 883 
6087 2412 1656 1558 1502 
6088 2409 934 736 675 
6089 2412 987 688 1083 
6090 1461 1513 2415 2410 
6091 2409 934 2414 880 
6092 2412 987 1083 1084 
6093 1603 2409 2414 2404 
6094 2412 987 889 688 
6095 735 1092 1091 269 
6096 1091 271 1092 767 
6097 2409 2414 2419 880 
6098 2409 2423 2410 1405 
6099 1091 916 767 193 
6100 1091 271 767 916 
6101 675 2409 735 736 
6102 1091 923 269 32 
6103 735 923 883 1088 
6104 2414 2419 880 699 
6105 2418 1098 1096 1095 
6106 735 1091 192 923 
6107 735 1091 675 192 
6108 1095 2418 2403 1101 
6109 2406 1608 1482 1637 
6110 2416 1846 2359 1821 
6111 2419 1469 2406 1456 
6112 2408 1212 1261 1195 
6113 2418 2413 2403 1598 
6114 2415 754 753 792 
6115 2409 2410 2423 738 
6116 2391 1461 1498 1624 
6117 2419 800 880 879 
6118 2411 2423 2410 752 
6119 2409 1093 1405 1603 
6120 2403 931 1100 856 
6121 735 1091 923 269 
6122 2423 883 737 833 
6123 2414 272 1093 1090 
6124 2406 2401 2405 939 
6125 2418 2413 1598 1456 
6126 2409 2414 1093 1603 
6127 2413 2419 879 787 
6128 2414 1603 1549 1586 
6129 2414 880 934 917 
6130 2414 1586 1368 1102 
6131 2364 2363 1485 1377 
6132 2414 1601 1549 1603 
6133 2412 1081 1357 1656 
6134 2418 1549 2414 2419 
6135 2414 1103 1094 1099 
6136 2403 2413 879 929 
6137 2418 1368 1549 1548 
6138 2406 1571 2405 1482 
6139 1404 1592 273 1090 
6140 1404 273 1344 1090 
6141 1404 1344 1405 1090 
6142 1405 1344 1603 1090 
6143 2403 721 929 716 
6144 1344 1090 274 1436 
6145 1344 1090 273 274 
6146 2423 1405 1404 1406 
6147 2423 737 752 833 
6148 2419 879 880 699 
6149 2423 1088 1079 269 
6150 2412 1083 1081 1082 
6151 1093 1090 1405 1603 
6152 2412 1081 1656 1082 
6153 961 688 196 1085 
6154 2410 1513 2404 1422 
6155 2408 2415 844 792 
6156 2423 1087 1404 270 
6157 2423 735 737 883 
6158 2391 2389 2408 1498 
6159 1603 1090 1344 1436 
6160 1656 1081 267 1082 
6161 1656 267 266 1082 
6162 1656 266 1552 1082 
6163 2409 739 932 896 
6164 2411 854 776 994 
6165 2410 753 752 738 
6166 2409 2423 1092 735 
6167 1404 270 1592 1090 
6168 2411 688 889 994 
6169 2390 2392 926 854 
6170 2411 2410 2415 752 
6171 2411 2412 2423 833 
6172 1404 1087 1552 1592 
6173 2424 2425 2213 2426 
6174 2420 2393 376 2421 
6175 2385 2412 688 1085 
6176 2332 1526 1372 1544 
6177 2385 1080 1086 1081 
6178 2412 1083 1082 1079 
6179 2423 1405 1093 1404 
6180 961 196 1089 1085 
6181 2423 1093 269 270 
6182 987 1084 194 195 
6183 2404 2406 2405 801 
6184 2384 2392 2411 2391 
6185 2425 2174 2227 2213 
6186 2423 1421 1406 1502 
6187 43 1087 1592 266 
6188 2410 1407 1405 1406 
6189 2409 1091 1092 767 
6190 2410 752 2423 738 
6191 2423 1406 1404 1552 
6192 1558 2385 1357 2412 
6193 2425 2211 2227 2174 
6194 2364 1184 2372 1245 
6195 2414 917 1103 1099 
6196 1091 192 923 32 
6197 2423 883 1084 1088 
6198 2409 932 934 880 
6199 1091 916 193 31 
6200 2410 1407 1565 1408 
6201 2423 1084 1079 1088 
6202 277 1585 44 1102 
6203 277 276 1368 1097 
6204 2385 1089 747 264 
6205 1552 266 1592 1087 
6206 44 1102 1585 272 
6207 277 1586 1585 1102 
6208 43 1592 270 1090 
6209 274 1585 1436 1090 
6210 688 196 1085 195 
6211 1436 1585 272 1090 
6212 2418 1548 1456 1598 
6213 2414 1586 1549 1368 
6214 2414 917 934 767 
6215 2413 2419 787 800 
6216 1099 2418 1094 2414 
6217 2403 931 1098 1100 
6218 1098 190 699 1099 
6219 2409 2423 737 738 
6220 43 273 1592 1090 
6221 2419 1549 1469 1548 
6222 2409 736 737 735 
6223 2411 776 2385 994 
6224 1098 699 190 931 
6225 1096 1600 1525 275 
6226 2414 1601 2419 1549 
6227 277 1102 1368 1586 
6228 1648 2408 1624 1361 
6229 699 190 191 1099 
6230 699 191 917 1099 
6231 916 917 2414 767 
6232 735 269 923 1088 
6233 916 917 1103 2414 
6234 2419 932 800 801 
6235 2423 1079 1087 270 
6236 2408 1624 1498 1648 
6237 917 191 1103 1099 
6238 917 191 916 1103 
6239 2409 934 675 767 
6240 44 272 1585 1090 
6241 2418 2414 1099 699 
6242 2412 2423 987 1084 
6243 2411 752 889 833 
6244 2404 1571 1565 1513 
6245 675 1091 767 193 
6246 2410 1405 2423 1406 
6247 2409 1093 2423 1405 
6248 2413 786 721 764 
6249 2410 896 844 753 
6250 923 269 32 1088 
6251 190 1100 931 189 
6252 923 1088 32 194 
6253 916 191 31 1103 
6254 941 1104 189 856 
6255 941 715 1104 856 
6256 941 1104 715 188 
6257 2409 2419 932 880 
6258 2425 2211 2427 2227 
6259 2402 1366 66 1384 
6260 931 189 1100 856 
6261 2418 2419 2403 2413 
6262 2418 1549 2419 1548 
6263 2403 1098 1095 1100 
6264 2423 1404 1087 1552 
6265 2413 939 2406 788 
6266 2405 1361 1616 1571 
6267 2406 1457 1608 1455 
6268 2413 786 788 787 
6269 2419 1469 1549 1601 
6270 716 2402 2428 697 
6271 2413 939 788 786 
6272 2429 1965 1958 1734 
6273 2430 1734 1685 1736 
6274 2425 2227 2219 2213 
6275 1099 2418 1098 1094 
6276 697 29 715 278 
6277 2431 952 1002 186 
6278 715 29 188 278 
6279 2432 1545 1671 407 
6280 2407 881 2400 2401 
6281 2429 1977 1965 1971 
6282 2433 1451 1613 1452 
6283 941 1104 30 189 
6284 2434 491 2432 406 
6285 2431 2434 406 490 
6286 2418 1598 1525 1600 
6287 2414 1093 1603 1090 
6288 2433 783 2435 996 
6289 2405 1616 1361 1230 
6290 2402 1545 2428 2432 
6291 2430 284 1685 1686 
6292 2403 721 2413 929 
6293 941 1104 188 30 
6294 1980 2430 1946 1897 
6295 2425 2427 1814 1867 
6296 1115 182 27 953 
6297 1948 1897 2432 1980 
6298 2436 1690 1725 1699 
6299 285 2432 29 187 
6300 2428 2407 2413 764 
6301 2432 407 406 491 
6302 2432 66 407 492 
6303 2437 1731 1705 1699 
6304 2438 404 1373 1515 
6305 2439 1671 1621 406 
6306 2440 1000 864 810 
6307 2441 876 2428 1002 
6308 2429 1918 1946 1897 
6309 2435 811 873 849 
6310 2441 952 2439 704 
6311 2428 1002 876 187 
6312 2441 1671 1505 1621 
6313 2428 717 765 764 
6314 2442 2028 2009 1947 
6315 1971 1979 2430 409 
6316 2440 1479 2443 1227 
6317 2435 996 873 811 
6318 2444 403 1515 1363 
6319 2435 849 2445 1000 
6320 2441 876 1002 836 
6321 2431 2434 2430 2432 
6322 2441 2435 783 873 
6323 2407 2413 2406 1455 
6324 2401 1201 1538 1350 
6325 2401 1201 1225 1249 
6326 1853 2425 2446 2426 
6327 2433 2443 944 996 
6328 2406 1456 1457 1455 
6329 1197 968 221 1215 
6330 704 2441 873 2435 
6331 2447 2027 2442 1684 
6332 2448 1899 1889 1900 
6333 185 2431 2449 283 
6334 2441 2428 2431 1002 
6335 2440 1227 2443 1260 
6336 2449 2437 282 1677 
6337 2402 2403 279 278 
6338 1859 2427 2425 1867 
6339 2440 1202 1644 1479 
6340 2403 1525 1384 1101 
6341 2450 2451 2452 2453 
6342 2443 724 811 810 
6343 1232 219 869 1196 
6344 1232 219 220 869 
6345 2400 1613 1538 1393 
6346 2400 944 2443 724 
6347 2400 1232 869 1196 
6348 219 724 1196 218 
6349 219 724 869 1196 
6350 2410 1406 2423 1421 
6351 2454 1214 1186 1265 
6352 2400 1550 1538 1451 
6353 2455 1686 1687 1677 
6354 2440 1479 1644 1533 
6355 2433 1613 2443 1665 
6356 1201 1538 366 1227 
6357 2441 836 952 873 
6358 1201 366 1538 367 
6359 1232 220 681 869 
6360 2443 1393 1665 1613 
6361 2441 2439 2435 704 
6362 2406 939 813 788 
6363 1201 367 1538 1350 
6364 2418 2419 2413 1456 
6365 1188 2401 1225 1251 
6366 1648 2408 1361 1208 
6367 2404 902 844 896 
6368 2406 2401 1608 1637 
6369 2336 1242 808 904 
6370 2428 717 721 716 
6371 2405 2401 1251 1215 
6372 2456 2305 2297 2316 
6373 2401 881 681 939 
6374 2420 1416 59 1358 
6375 2400 2401 869 1232 
6376 2404 2406 1470 1571 
6377 2405 1637 1482 1616 
6378 2404 2419 2406 801 
6379 2408 902 2405 692 
6380 2405 813 947 902 
6381 2405 1250 1212 1215 
6382 2405 1188 2401 1637 
6383 2401 1197 1215 968 
6384 2408 2405 2404 1571 
6385 2400 2401 881 869 
6386 2413 2401 2406 939 
6387 2406 788 813 801 
6388 2403 1104 715 856 
6389 2402 1366 2432 66 
6390 2409 2419 2404 932 
6391 2409 735 1092 1091 
6392 2402 1598 1385 1525 
6393 2408 2389 1208 1648 
6394 2410 1422 1407 1421 
6395 2402 2432 2428 697 
6396 2400 1249 2401 1232 
6397 2407 782 2400 881 
6398 2413 2406 2419 800 
6399 2401 939 681 968 
6400 2405 1188 1637 1616 
6401 2419 800 2406 801 
6402 2418 2403 1098 1095 
6403 2409 675 1091 767 
6404 2407 1390 1455 1433 
6405 2400 881 782 869 
6406 2418 2419 699 931 
6407 675 192 1091 193 
6408 2402 721 2428 2413 
6409 2418 2419 2414 699 
6410 2407 1550 2400 1451 
6411 2441 2439 2431 1671 
6412 2343 2352 2366 815 
6413 2433 1665 1480 1542 
6414 2401 1225 1201 1350 
6415 2364 2372 1243 1485 
6416 2391 1567 2389 1498 
6417 2412 1552 2423 1087 
6418 2384 1595 1523 1445 
6419 366 1227 1393 365 
6420 2445 773 841 864 
6421 2440 1202 1479 1227 
6422 2441 783 836 873 
6423 2401 681 1197 968 
6424 1538 366 1227 1393 
6425 2441 2428 1505 1671 
6426 2435 2438 849 704 
6427 2409 896 2410 738 
6428 2450 2452 807 845 
6429 2454 2457 1635 1213 
6430 2407 782 881 764 
6431 2433 2435 2443 996 
6432 2400 869 724 1196 
6433 2405 1251 1250 1215 
6434 2435 849 1000 811 
6435 715 188 1104 278 
6436 2400 869 782 944 
6437 2438 937 849 846 
6438 2400 2401 1201 1538 
6439 2400 1451 1538 1613 
6440 2400 2443 1393 1227 
6441 694 846 2458 183 
6442 2431 2432 1671 406 
6443 2432 1671 406 407 
6444 2400 1249 1263 1201 
6445 2418 2414 1097 1094 
6446 1188 2401 1637 1225 
6447 1980 1962 2430 1971 
6448 2430 285 1685 284 
6449 1948 279 2432 492 
6450 2403 1104 1095 278 
6451 2418 699 1098 931 
6452 2414 1436 272 1090 
6453 2419 1548 1469 1456 
6454 2431 185 2449 952 
6455 408 492 66 279 
6456 2418 1525 2403 1101 
6457 2432 492 407 491 
6458 2402 721 2403 716 
6459 2413 2401 939 786 
6460 2402 66 2432 279 
6461 408 279 1610 45 
6462 1610 275 45 1101 
6463 1610 1525 275 1101 
6464 1610 1101 45 279 
6465 2432 1545 407 1366 
6466 2401 881 869 681 
6467 2403 879 2419 931 
6468 2414 1102 1368 1097 
6469 1384 1101 1610 279 
6470 66 1384 408 279 
6471 2418 1598 2403 1525 
6472 276 1096 275 1600 
6473 2403 1100 1095 1104 
6474 2414 880 917 699 
6475 2418 1096 1525 1101 
6476 2433 2443 1480 1665 
6477 2407 2401 2400 1550 
6478 1325 38 1040 242 
6479 2459 1039 1034 1031 
6480 1325 246 38 1273 
6481 249 1327 1051 1046 
6482 2460 631 673 642 
6483 2460 630 657 631 
6484 38 246 1051 1273 
6485 38 1051 249 1273 
6486 2459 630 647 657 
6487 1034 2459 652 609 
6488 2461 1016 2328 1281 
6489 2462 611 1045 1044 
6490 1309 253 1047 1052 
6491 249 1327 1046 248 
6492 2463 2348 2328 635 
6493 1008 2463 612 652 
6494 2460 1050 1045 673 
6495 2460 1342 1326 1300 
6496 2464 628 660 627 
6497 2459 1040 1325 246 
6498 2459 1040 1035 1278 
6499 2465 1073 1056 1069 
6500 1337 2466 1316 1301 
6501 2462 2465 611 1044 
6502 2463 630 2466 632 
6503 2461 1035 1037 1032 
6504 2465 631 642 643 
6505 2460 245 1050 604 
6506 2464 1297 1296 1329 
6507 2456 2316 2297 2235 
6508 2462 2465 1047 1075 
6509 2467 1296 1315 1313 
6510 1280 248 247 1043 
6511 1280 1043 1046 248 
6512 1280 1046 1327 248 
6513 1325 246 1040 38 
6514 1341 1276 1053 262 
6515 1341 1053 1065 262 
6516 2373 1062 1068 1073 
6517 1341 262 1065 263 
6518 1341 1065 1310 263 
6519 2373 646 2468 644 
6520 2465 2467 643 607 
6521 2462 1310 2465 1075 
6522 2460 1042 1045 1050 
6523 2373 1069 2465 2467 
6524 2464 1299 1298 1297 
6525 1309 1075 40 263 
6526 2462 1311 1300 1312 
6527 253 1075 1309 1047 
6528 1309 1052 247 39 
6529 1280 1043 247 1052 
6530 1310 1065 1075 263 
6531 40 251 253 1052 
6532 642 611 658 1045 
6533 1280 1047 1309 1310 
6534 1276 2465 2467 1312 
6535 1052 251 253 1047 
6536 1309 1052 39 40 
6537 2467 1314 1061 1276 
6538 1309 253 1052 40 
6539 2462 1048 1045 1042 
6540 1047 1067 252 253 
6541 2465 641 672 643 
6542 640 1049 641 252 
6543 2465 2467 2460 631 
6544 2373 1314 2467 1315 
6545 2465 1067 1065 1069 
6546 2462 2460 1051 1042 
6547 1310 1075 1309 263 
6548 129 7 640 1078 
6549 2462 1045 1048 1044 
6550 1056 1073 672 128 
6551 2462 1051 1327 1046 
6552 672 128 1073 607 
6553 2465 1341 1276 1053 
6554 1053 2373 2467 1069 
6555 1314 1061 2373 2467 
6556 641 1049 640 611 
6557 1067 1078 2465 252 
6558 129 1056 672 128 
6559 2465 1310 1312 1341 
6560 253 250 252 1047 
6561 250 252 1047 1049 
6562 1067 1075 253 1047 
6563 7 8 640 252 
6564 2456 2297 2469 2235 
6565 640 7 252 1078 
6566 2470 992 2471 2472 
6567 2462 673 2460 1045 
6568 2326 2331 2325 650 
6569 1047 1067 1075 2465 
6570 2465 1065 1067 1075 
6571 1313 1276 1314 2467 
6572 2462 1327 1342 1311 
6573 8 640 252 1049 
6574 1280 1043 1047 2462 
6575 1049 1044 130 611 
6576 130 131 611 1044 
6577 2462 1327 1280 1046 
6578 1045 673 658 642 
6579 9 132 1050 604 
6580 9 1050 245 604 
6581 1310 2462 1047 1075 
6582 642 611 1045 2462 
6583 2462 611 2465 642 
6584 1050 658 604 132 
6585 1050 658 673 604 
6586 2462 1300 2467 1312 
6587 1045 658 1050 132 
6588 2465 1044 1049 611 
6589 249 1273 1051 1327 
6590 2465 631 2460 642 
6591 2327 628 2473 626 
6592 2460 2464 630 631 
6593 2361 2368 2353 113 
6594 1169 918 769 1170 
6595 2462 1051 2460 1273 
6596 2466 2460 2459 1316 
6597 2460 1342 1273 1326 
6598 2373 2374 1072 1061 
6599 1280 1043 1052 1047 
6600 2465 672 1073 607 
6601 2463 668 632 659 
6602 2463 652 2461 1033 
6603 2465 252 641 1049 
6604 2460 246 1325 1273 
6605 2462 1311 1342 1300 
6606 2460 1050 673 604 
6607 2467 1061 1053 1276 
6608 1045 1050 658 673 
6609 2374 1305 2387 1322 
6610 2465 642 641 643 
6611 2467 660 643 644 
6612 2467 1296 2468 1315 
6613 2465 1341 1053 1065 
6614 2468 624 627 665 
6615 2461 1281 2328 1328 
6616 2373 2465 1073 607 
6617 2467 644 2468 627 
6618 2463 2459 652 1033 
6619 1045 131 658 132 
6620 2374 1070 2383 1059 
6621 2373 1073 1068 607 
6622 2473 626 625 662 
6623 2468 1334 2374 1315 
6624 2462 2467 2465 1312 
6625 2374 1070 1060 1057 
6626 126 1068 127 645 
6627 2374 1274 1322 1057 
6628 2409 739 896 738 
6629 916 271 1103 31 
6630 128 127 1073 607 
6631 641 640 252 1078 
6632 611 1045 131 658 
6633 2465 1044 1047 1049 
6634 129 672 1056 641 
6635 1309 1075 253 40 
6636 2463 2466 2461 2328 
6637 126 1054 1068 645 
6638 2373 1072 1068 1062 
6639 2473 624 626 627 
6640 1049 2465 252 1047 
6641 2373 646 644 645 
6642 2463 659 632 635 
6643 2464 2467 1300 1329 
6644 1061 1276 1314 261 
6645 1053 262 1276 261 
6646 1068 607 1073 127 
6647 640 1049 130 611 
6648 1061 1314 260 261 
6649 1053 1276 1061 261 
6650 2459 246 2460 245 
6651 1552 1082 266 1087 
6652 2374 653 636 605 
6653 260 259 1274 1060 
6654 260 1274 1314 1060 
6655 2468 1334 1315 1296 
6656 2374 1072 1061 1060 
6657 2430 409 1736 285 
6658 1314 2467 1315 1313 
6659 2468 665 646 636 
6660 2374 1060 1314 1274 
6661 2463 652 668 659 
6662 2473 2468 624 627 
6663 2460 1316 1299 1326 
6664 2373 1061 1062 1053 
6665 274 44 1585 1090 
6666 2374 1274 1305 1322 
6667 1061 260 1314 1060 
6668 1093 1404 1090 270 
6669 277 1368 1102 1097 
6670 2474 1291 1292 1293 
6671 2387 1305 1336 1322 
6672 2474 1294 1291 1293 
6673 2373 1062 1073 1069 
6674 2374 2383 2387 653 
6675 2326 1022 1020 1011 
6676 2386 619 2379 618 
6677 2387 1322 2383 1057 
6678 2383 663 1055 1063 
6679 2383 1059 1070 1071 
6680 2387 1290 2475 1302 
6681 603 2326 2348 2328 
6682 2475 1285 1332 1324 
6683 2387 2383 2475 633 
6684 2383 2475 1285 1332 
6685 2467 1312 1300 1329 
6686 2388 1290 1288 1308 
6687 2464 660 2467 627 
6688 2387 1336 2383 1322 
6689 2373 644 2467 607 
6690 2374 1072 1060 1070 
6691 258 1279 1064 257 
6692 258 1279 1057 1064 
6693 2423 833 987 883 
6694 2403 879 2413 2419 
6695 2383 1279 1336 1324 
6696 1279 1332 1064 257 
6697 2383 1071 1064 1074 
6698 2383 1071 1070 1057 
6699 2384 2420 1358 1416 
6700 1322 1057 1274 259 
6701 662 2327 2331 2473 
6702 2463 2459 2461 2466 
6703 1274 1060 259 1057 
6704 1045 673 642 2462 
6705 2374 2387 2383 1057 
6706 1047 1310 1280 2462 
6707 2474 2387 1292 1290 
6708 2411 854 754 793 
6709 2468 646 2374 636 
6710 1436 1102 1585 1586 
6711 1436 1585 1102 272 
6712 2459 1035 1040 1031 
6713 2373 1314 1315 2374 
6714 2383 1285 1058 1332 
6715 1091 271 916 31 
6716 2387 623 636 633 
6717 2374 1059 2383 653 
6718 1064 1332 1058 257 
6719 2463 2328 612 659 
6720 5 2421 2420 264 
6721 2383 1063 1055 1074 
6722 2383 1285 2421 1058 
6723 2383 1059 1071 1055 
6724 2422 1076 2421 616 
6725 2383 1336 2475 1324 
6726 2383 653 610 667 
6727 2386 622 2474 623 
6728 124 1055 610 123 
6729 124 610 1055 1059 
6730 124 125 653 1059 
6731 2390 926 2392 995 
6732 2327 2348 2466 629 
6733 2387 1302 1336 1305 
6734 2387 2475 2383 1336 
6735 124 653 610 1059 
6736 653 605 1059 125 
6737 1055 1063 663 123 
6738 2463 612 652 659 
6739 1066 2422 2421 2383 
6740 2374 2383 1070 1057 
6741 1055 663 610 123 
6742 2474 2387 1334 1292 
6743 2374 646 605 636 
6744 2422 2393 2388 637 
6745 126 125 1054 605 
6746 2373 605 646 645 
6747 2383 1071 1057 1064 
6748 2383 1059 1055 610 
6749 1297 2327 1296 1295 
6750 2462 642 2460 673 
6751 2374 1054 1070 1059 
6752 2373 1315 2467 2468 
6753 2409 932 2404 896 
6754 2374 1274 1315 1305 
6755 1008 2463 652 2461 
6756 2473 624 625 626 
6757 2374 1061 1314 1060 
6758 2325 1320 2330 2331 
6759 2387 1334 1292 1305 
6760 1334 2374 1305 2387 
6761 2475 1306 1282 1308 
6762 2422 2475 2388 2393 
6763 2370 654 2379 2360 
6764 2475 1290 1308 1302 
6765 2387 653 2383 667 
6766 1334 2374 1315 1305 
6767 2360 1018 1029 1010 
6768 2461 1035 2459 1037 
6769 2326 2348 2331 650 
6770 2475 1306 2393 1282 
6771 2465 1049 641 611 
6772 2374 1059 653 605 
6773 2422 2381 2393 111 
6774 2420 59 382 1358 
6775 2421 1076 109 616 
6776 2422 655 2383 663 
6777 2393 111 2381 601 
6778 2387 633 636 667 
6779 2422 2383 1063 663 
6780 2387 2383 633 667 
6781 2475 1282 1285 1324 
6782 2388 2475 1290 1308 
6783 2463 2328 2348 2466 
6784 2368 2 606 637 
6785 2390 5 2420 264 
6786 2379 619 606 618 
6787 2390 847 2420 116 
6788 2475 1282 2393 2421 
6789 1086 1357 1630 2385 
6790 254 109 6 1 
6791 2390 5 747 689 
6792 2340 2352 2343 1183 
6793 1089 121 907 747 
6794 2411 688 2385 2412 
6795 2410 1565 2404 1408 
6796 2383 1064 1279 1332 
6797 1076 109 6 254 
6798 2340 1244 1375 1235 
6799 2390 926 995 777 
6800 6 671 1076 122 
6801 1076 122 671 616 
6802 254 109 1 264 
6803 1076 122 616 1063 
6804 616 122 663 1063 
6805 2369 2420 1516 1446 
6806 2384 2420 2369 1446 
6807 2421 382 375 376 
6808 2388 1287 1275 1288 
6809 2468 627 646 665 
6810 2383 667 610 655 
6811 2383 1066 1063 1074 
6812 2383 1322 1279 1057 
6813 2340 2344 2343 2352 
6814 2422 2381 111 110 
6815 2381 110 117 111 
6816 2393 2420 383 2381 
6817 2421 5 116 109 
6818 2421 1285 375 1340 
6819 109 616 1076 671 
6820 2421 255 1066 1077 
6821 2414 1603 1436 1090 
6822 1576 1416 265 1086 
6823 2390 264 2385 747 
6824 2383 1285 2475 2421 
6825 2391 2385 1523 2412 
6826 2412 1656 1502 1552 
6827 2393 58 1884 377 
6828 1059 605 1054 125 
6829 2421 616 109 110 
6830 2383 655 633 667 
6831 2383 1064 1332 1058 
6832 2340 1541 1496 1375 
6833 2421 1077 1285 1340 
6834 2421 376 1285 1282 
6835 1083 1084 987 195 
6836 1087 2412 1079 2423 
6837 2383 1324 2475 1332 
6838 2383 655 610 663 
6839 2387 1302 2475 1336 
6840 2468 2387 2474 623 
6841 1058 1332 1285 256 
6842 2383 1058 2421 1066 
6843 2340 2342 2344 2352 
6844 2364 1184 2389 1237 
6845 1076 109 671 6 
6846 2421 5 109 264 
6847 2340 1198 1235 345 
6848 42 375 41 255 
6849 42 375 255 265 
6850 2408 2404 2410 1513 
6851 1576 381 42 265 
6852 2420 265 2421 375 
6853 2421 1077 1058 1285 
6854 1077 1340 255 41 
6855 2383 1055 1071 1074 
6856 2422 2421 2381 110 
6857 663 122 123 1063 
6858 2462 1051 1046 1042 
6859 258 1057 1322 259 
6860 2374 1314 1315 1274 
6861 1340 2421 255 375 
6862 2361 386 2353 385 
6863 2373 2467 2465 607 
6864 2352 815 706 817 
6865 1077 1285 1340 256 
6866 2420 59 265 375 
6867 2383 1322 1336 1279 
6868 1077 256 1340 41 
6869 2393 383 376 377 
6870 2475 1308 1324 1302 
6871 2368 2379 1286 1275 
6872 2421 109 116 110 
6873 2332 384 2333 1372 
6874 2361 227 2367 380 
6875 2420 2421 265 264 
6876 111 2422 637 2393 
6877 59 381 1416 265 
6878 2351 2347 2353 2367 
6879 2383 610 1055 663 
6880 2428 765 717 876 
6881 2403 1100 1104 856 
6882 2408 2415 1461 1513 
6883 2405 1212 692 947 
6884 2429 2430 1946 1962 
6885 2406 939 2405 813 
6886 1979 2430 409 1736 
6887 2402 1434 2428 1545 
6888 410 67 1948 1980 
6889 2403 1101 1384 279 
6890 1384 1525 1610 1101 
6891 1946 519 520 1962 
6892 1946 520 1967 1962 
6893 1946 1967 520 1893 
6894 2429 1706 2455 1686 
6895 2404 1601 1565 1470 
6896 1087 2412 1082 1079 
6897 285 278 409 30 
6898 2402 2403 278 697 
6899 2441 2433 1621 1505 
6900 2322 1694 2476 1719 
6901 2437 281 2458 282 
6902 2432 2434 2430 1897 
6903 2455 2477 2448 1889 
6904 2340 1235 1375 345 
6905 2437 1705 281 282 
6906 2428 697 2432 187 
6907 2437 2442 2458 281 
6908 2431 284 2434 283 
6909 2478 2322 2479 2480 
6910 952 2449 2439 704 
6911 2481 1692 1693 1691 
6912 2429 2455 2434 1686 
6913 2447 1947 1930 1943 
6914 2429 1975 1958 1977 
6915 2482 2483 2484 2485 
6916 2486 1899 2487 1901 
6917 1901 2479 2487 2486 
6918 285 2430 409 2432 
6919 1971 2432 409 2430 
6920 2340 1266 1235 1198 
6921 2430 1897 2429 1946 
6922 2430 1971 1965 1979 
6923 1957 2482 2483 1972 
6924 2448 2486 1899 2487 
6925 2455 1898 2477 1889 
6926 2487 1900 1911 1902 
6927 2010 2488 2021 2005 
6928 2484 1954 1915 1912 
6929 2429 1962 1946 1967 
6930 2480 1886 1923 1939 
6931 2478 2480 1906 1924 
6932 2482 1928 1942 1934 
6933 2489 1700 1696 1703 
6934 2486 2481 2479 2487 
6935 1706 2429 2455 2486 
6936 2486 1722 2490 1692 
6937 2362 1487 1639 1589 
6938 2490 1893 1942 1927 
6939 2482 1928 1932 1944 
6940 2455 1898 1889 1899 
6941 2431 2428 2432 187 
6942 492 1948 279 45 
6943 2429 1681 1706 1734 
6944 30 1736 409 285 
6945 258 1057 1279 1322 
6946 2430 2434 284 1686 
6947 2437 2447 1684 1731 
6948 43 1592 1087 270 
6949 2483 1732 1723 1703 
6950 1888 1935 1966 523 
6951 2408 692 955 844 
6952 2486 1692 1689 1722 
6953 2414 1099 699 917 
6954 2431 1002 2428 187 
6955 2403 697 716 715 
6956 1096 275 1525 1101 
6957 2408 1624 1361 1513 
6958 279 278 409 2432 
6959 2491 1941 1914 1913 
6960 2423 1093 1092 269 
6961 2482 1935 2483 1960 
6962 2490 1681 1958 1963 
6963 2486 2455 1722 1687 
6964 2483 1723 1957 1964 
6965 2418 2414 1549 1368 
6966 1966 1935 1960 523 
6967 2423 752 737 738 
6968 1927 1975 1893 1967 
6969 278 285 29 188 
6970 2354 2365 920 863 
6971 2418 1548 2419 1456 
6972 1958 1681 427 1963 
6973 1958 426 427 1681 
6974 522 1966 1927 1961 
6975 2403 278 697 715 
6976 427 1715 428 1963 
6977 427 1681 1715 1963 
6978 1893 1975 2429 1967 
6979 2429 1962 1967 1977 
6980 1093 1404 1405 1090 
6981 2486 1722 1689 1687 
6982 1975 2482 1961 1927 
6983 1893 1975 2490 2429 
6984 1975 1927 1893 2490 
6985 2483 1716 1676 1732 
6986 2482 1904 2486 2485 
6987 428 1957 1676 429 
6988 1957 1964 1723 429 
6989 428 1957 1963 1715 
6990 2482 1961 1973 1975 
6991 2482 1942 2486 1934 
6992 2490 1957 2483 1676 
6993 2482 2485 2486 2490 
6994 2455 1889 2448 1899 
6995 2437 2448 2477 1917 
6996 1934 2482 1928 1904 
6997 2429 2434 1918 1897 
6998 491 2432 1897 2434 
6999 2478 1925 1924 1952 
7000 2430 2429 1685 1734 
7001 2489 1678 2483 2492 
7002 2490 2429 1942 1893 
7003 2483 1956 1678 1964 
7004 2429 1734 1706 1685 
7005 1958 426 1681 1734 
7006 2486 1901 1904 1934 
7007 2429 1685 1706 1686 
7008 2447 2006 2022 2025 
7009 2490 1716 2485 1692 
7010 2431 186 185 952 
7011 2431 186 187 284 
7012 2490 2483 1716 1676 
7013 2489 1697 1696 1700 
7014 2437 1917 2477 489 
7015 1962 2429 2430 1971 
7016 2430 1965 2429 1734 
7017 2437 2442 2447 1896 
7018 67 1948 1980 519 
7019 2485 1696 2476 1693 
7020 2429 1918 1942 1893 
7021 1980 410 1971 2432 
7022 2430 1965 1734 1979 
7023 2434 491 406 490 
7024 2403 716 929 856 
7025 2432 29 697 278 
7026 279 410 1948 2432 
7027 2434 1897 1898 1918 
7028 2432 1366 407 66 
7029 188 30 1104 278 
7030 67 279 410 1948 
7031 2362 2372 2366 2365 
7032 2322 2488 2323 1740 
7033 409 410 279 2432 
7034 1736 1734 425 1979 
7035 425 1734 1965 1979 
7036 425 1734 426 1965 
7037 2429 1977 1967 1975 
7038 2441 765 2433 2428 
7039 2362 1589 1639 1532 
7040 410 1971 2432 409 
7041 1957 1723 1676 429 
7042 68 1979 1736 425 
7043 428 1676 1957 1715 
7044 2409 737 2423 735 
7045 2362 1487 1638 1639 
7046 522 1888 1966 523 
7047 1967 521 1927 1961 
7048 2490 1681 1715 1730 
7049 2433 1451 2400 1613 
7050 2490 1716 1715 1676 
7051 2362 2372 2343 2366 
7052 2402 1384 66 279 
7053 408 279 1384 1610 
7054 2407 2406 2413 2401 
7055 2429 1977 1958 1965 
7056 2332 2347 2354 857 
7057 2402 1386 1434 1545 
7058 522 1966 1888 1927 
7059 2490 1730 2429 1681 
7060 1958 1965 426 1734 
7061 2418 931 2403 2419 
7062 2332 2354 2366 857 
7063 2428 2413 721 764 
7064 1104 856 1100 189 
7065 530 1992 97 528 
7066 530 1987 1992 528 
7067 2493 1987 1981 1992 
7068 2493 1981 1987 1970 
7069 424 1984 1682 423 
7070 402 487 292 65 
7071 640 130 1049 8 
7072 1989 73 424 1728 
7073 1989 529 74 527 
7074 74 1989 1978 1728 
7075 1989 424 1984 1682 
7076 1702 2491 2493 2492 
7077 1728 74 1710 1978 
7078 2462 1312 2465 1310 
7079 2493 1989 1984 1682 
7080 1987 528 527 1970 
7081 1908 2491 1909 2494 
7082 74 1710 1978 432 
7083 2493 1710 1989 1682 
7084 250 8 252 1049 
7085 1987 527 1989 1978 
7086 1989 1710 424 1682 
7087 129 1056 1078 641 
7088 1987 1970 527 1978 
7089 2493 2492 1981 1970 
7090 2489 1908 2476 2494 
7091 1968 1726 431 432 
7092 2491 2489 1697 2494 
7093 1989 1728 1710 1978 
7094 2483 1964 1678 1723 
7095 1968 431 1726 1956 
7096 1959 1969 1938 525 
7097 2484 1954 2492 1890 
7098 1959 1938 526 525 
7099 1959 1938 1981 526 
7100 2491 1913 1914 1912 
7101 1981 98 526 1922 
7102 2484 2476 2479 2485 
7103 1981 1922 526 1938 
7104 1981 1940 98 1922 
7105 98 1992 1981 528 
7106 1987 529 1989 527 
7107 74 1989 527 1978 
7108 1957 2482 1972 1973 
7109 431 1678 1956 430 
7110 126 1054 645 605 
7111 2492 1970 1959 1981 
7112 2414 271 1103 916 
7113 2409 2414 2404 2419 
7114 2493 1729 1682 1724 
7115 1726 1956 431 1678 
7116 2493 1987 1988 1984 
7117 1710 2493 1726 1682 
7118 2407 1550 1451 1433 
7119 1068 607 127 645 
7120 2429 1893 1946 1918 
7121 1720 2483 1732 1716 
7122 2483 1703 1720 1732 
7123 2483 1974 2492 1956 
7124 2482 1972 1973 1966 
7125 2486 1722 1706 2490 
7126 2490 1958 2429 1975 
7127 2437 1684 281 1705 
7128 2476 1695 1698 1719 
7129 2489 1695 1696 1697 
7130 2489 1700 1703 1742 
7131 2482 1966 1888 1935 
7132 2419 800 879 787 
7133 2490 2429 1918 1942 
7134 2489 2494 2476 1697 
7135 1960 1935 524 523 
7136 2483 1676 1957 1723 
7137 1978 1726 1968 432 
7138 2465 1310 1341 1065 
7139 2484 2492 1954 1912 
7140 2483 1676 1723 1732 
7141 2492 1914 1938 1954 
7142 2492 1981 1959 1938 
7143 2492 1976 1959 1970 
7144 2482 1927 1888 1966 
7145 2490 1958 1975 1963 
7146 430 1723 1964 429 
7147 1706 2429 2486 2490 
7148 2374 1322 2387 1057 
7149 1404 1087 1592 270 
7150 1969 524 1890 525 
7151 2383 1279 1324 1332 
7152 1981 1922 1992 1940 
7153 2492 1678 1726 1742 
7154 1960 1969 1890 2483 
7155 2491 1738 1707 1701 
7156 2484 2483 1944 1935 
7157 1969 2483 1974 2492 
7158 2484 1944 1915 1935 
7159 1989 73 1728 74 
7160 529 1989 74 73 
7161 1989 1728 424 1710 
7162 2491 1950 1913 1919 
7163 2493 1983 1987 1992 
7164 1992 528 98 97 
7165 2489 2485 2483 1703 
7166 2493 1981 2492 1894 
7167 1992 1922 518 1940 
7168 2483 1960 1969 1974 
7169 2489 2485 1703 1720 
7170 1960 1890 524 1935 
7171 2493 1986 1991 1982 
7172 2493 1970 1987 1978 
7173 1969 525 1890 1938 
7174 2493 2492 1726 1702 
7175 2493 1988 1987 1983 
7176 2484 1932 2479 1905 
7177 2491 2493 1738 1701 
7178 1956 430 1678 1964 
7179 2493 1894 1941 1936 
7180 1950 1887 1991 1936 
7181 2495 1920 1921 1945 
7182 2493 1985 1682 1984 
7183 2496 1919 1920 1933 
7184 2476 2494 2497 1698 
7185 2479 1901 2487 1903 
7186 517 1986 1936 1983 
7187 517 1986 516 1936 
7188 2491 1950 1941 1913 
7189 517 1983 1936 1894 
7190 2494 2497 1920 1910 
7191 2493 1978 1987 1989 
7192 2486 1692 2481 1689 
7193 2322 1690 1712 1725 
7194 2491 1912 2489 1908 
7195 2476 1931 2480 2494 
7196 2496 1919 2494 1920 
7197 2493 1988 1985 1984 
7198 2484 2483 1890 2492 
7199 2493 2496 1982 1991 
7200 2429 1967 1946 1893 
7201 2484 1915 1890 1935 
7202 2491 2494 1919 1909 
7203 2492 1956 1726 1678 
7204 1960 1972 2482 1966 
7205 2493 1988 1983 1986 
7206 2489 2492 1702 1742 
7207 2492 1912 1914 1954 
7208 2492 1976 1974 1969 
7209 2476 2480 1931 1906 
7210 2491 2489 1701 1697 
7211 1975 2482 1927 2490 
7212 1987 1981 1992 528 
7213 2489 1696 2485 1720 
7214 2491 1950 2493 1941 
7215 2496 1675 1990 531 
7216 2492 1959 1969 1938 
7217 2476 1931 1907 1906 
7218 2478 1924 2479 1903 
7219 2478 2487 1902 1903 
7220 2493 1978 1989 1710 
7221 2492 1970 1978 1968 
7222 2482 1928 1904 1932 
7223 2491 1707 2496 2494 
7224 2322 2323 2436 1725 
7225 2491 2494 2496 1919 
7226 2495 2480 1939 1921 
7227 1678 1964 430 1723 
7228 2485 1720 1696 1693 
7229 2484 2485 2479 1932 
7230 2491 2496 2493 1950 
7231 1991 1887 516 1936 
7232 2486 2490 2485 1692 
7233 2492 1968 1978 1726 
7234 2431 186 284 283 
7235 1981 1992 1922 1894 
7236 2494 1909 1908 1907 
7237 2478 2323 2322 2488 
7238 2495 2007 2498 1683 
7239 2480 1719 2497 2498 
7240 2497 1719 1698 1709 
7241 2491 2496 1707 1738 
7242 2497 2498 1719 1709 
7243 2485 1693 2476 2481 
7244 2492 1976 1956 1974 
7245 2492 1726 1702 1742 
7246 2484 1954 1890 1915 
7247 2496 1721 1707 1738 
7248 2499 1743 1680 1714 
7249 2495 1939 1923 1921 
7250 2493 2492 1914 1894 
7251 2476 2494 2480 2497 
7252 2492 1981 1938 1894 
7253 2492 1970 1968 1976 
7254 1738 1724 1990 1675 
7255 2493 1982 2496 1990 
7256 1985 1682 1984 423 
7257 1710 1726 1978 432 
7258 2476 2494 1908 1907 
7259 2493 1983 1992 1894 
7260 2492 1938 1890 1954 
7261 2491 1914 2493 2492 
7262 2464 1296 2467 1329 
7263 2493 1989 1987 1984 
7264 1991 1887 532 96 
7265 1991 1936 516 1986 
7266 1985 1682 423 1724 
7267 2479 2480 2322 2476 
7268 2493 2492 1970 1978 
7269 1992 98 1940 97 
7270 1992 1940 518 97 
7271 1985 423 422 1724 
7272 2493 1936 1941 1950 
7273 1991 516 1887 96 
7274 518 1983 517 1894 
7275 1992 518 1922 1894 
7276 2499 1680 1739 1714 
7277 2495 2018 1993 2026 
7278 1675 1741 72 531 
7279 2493 1990 1985 1982 
7280 2493 2496 1738 1990 
7281 2499 2029 2007 1683 
7282 2489 1695 2476 1696 
7283 1985 422 1990 1724 
7284 2483 1974 1956 1964 
7285 2493 1936 1950 1991 
7286 1983 1936 1894 2493 
7287 2491 1701 2489 1702 
7288 1741 2496 1721 1680 
7289 2491 2492 2489 1912 
7290 2478 1937 1952 1924 
7291 1990 72 1675 422 
7292 72 531 1741 2000 
7293 72 1741 421 2000 
7294 2493 1982 1985 1988 
7295 2496 1990 1982 531 
7296 2496 1892 1933 1955 
7297 1741 2496 1680 2000 
7298 2000 1680 421 1995 
7299 421 1680 420 1995 
7300 420 1996 1995 1739 
7301 420 419 1996 1739 
7302 1739 1995 2499 1996 
7303 2478 2436 2322 2323 
7304 1704 1996 419 1739 
7305 1739 2499 1704 1996 
7306 1739 2499 1714 1704 
7307 2499 1704 1996 2001 
7308 1739 1995 1680 2499 
7309 420 1739 1995 1680 
7310 2493 1724 1738 1729 
7311 2493 1738 1701 1729 
7312 2499 2001 2029 1704 
7313 2494 1910 1909 1907 
7314 2478 1902 1924 1903 
7315 2494 1920 1919 1910 
7316 2480 1886 2488 2012 
7317 2478 1902 1937 1924 
7318 2499 2029 1714 1704 
7319 2484 1932 1905 1908 
7320 2499 1743 1714 1733 
7321 1698 2476 1697 1695 
7322 2499 1994 1997 1999 
7323 2493 1992 1981 1894 
7324 1704 1996 2001 419 
7325 1916 1997 1951 513 
7326 2478 1902 2436 1937 
7327 2499 1892 1997 1994 
7328 2499 1955 1926 1892 
7329 1892 1997 1994 514 
7330 2493 1950 2496 1991 
7331 2499 1721 1680 1743 
7332 2476 1931 2494 1907 
7333 1994 515 1892 514 
7334 1741 421 2000 1680 
7335 1994 1892 515 2003 
7336 1892 1997 514 1951 
7337 2496 1675 1738 1990 
7338 2499 2007 2029 2018 
7339 2492 1894 1938 1914 
7340 2478 1937 2436 2323 
7341 2478 2487 2479 2481 
7342 2495 1923 2498 2004 
7343 2496 1982 1991 532 
7344 1990 422 1675 1724 
7345 2496 1721 1675 1741 
7346 1990 1675 72 531 
7347 2493 1988 1986 1982 
7348 2496 1991 1950 1887 
7349 2493 1985 1990 1724 
7350 2489 1702 1700 1742 
7351 2496 1933 1920 1955 
7352 2495 2018 2026 2016 
7353 2455 2477 283 1677 
7354 2496 1741 1675 531 
7355 2484 2479 2476 1908 
7356 2478 2323 2488 1952 
7357 2495 2499 2007 1683 
7358 2499 1994 1999 1998 
7359 2495 2497 2480 1921 
7360 1708 2499 2497 1733 
7361 2492 1969 1959 1976 
7362 2478 2479 2487 1903 
7363 1916 1997 513 2002 
7364 2495 1916 1951 1926 
7365 2495 1993 1997 2002 
7366 2494 2497 1698 1708 
7367 2493 1729 1701 1702 
7368 2495 2007 2018 2020 
7369 2496 1721 1738 1675 
7370 2497 1931 1921 1910 
7371 2002 95 513 1916 
7372 1997 1951 513 514 
7373 2499 1680 2496 2000 
7374 95 536 94 2002 
7375 2002 1916 94 95 
7376 94 2026 512 1916 
7377 1895 511 2016 512 
7378 2495 2020 2016 2004 
7379 1895 1923 2016 511 
7380 2495 1926 1895 1916 
7381 419 2001 1704 71 
7382 2494 1931 2497 1910 
7383 2322 1691 2481 1694 
7384 2493 1936 1991 1986 
7385 2002 536 1993 534 
7386 2495 1993 2499 1997 
7387 535 533 2001 1993 
7388 2029 1683 1704 418 
7389 1951 2499 1997 2495 
7390 532 2003 96 1953 
7391 2002 536 94 2026 
7392 2496 1892 1994 2003 
7393 2494 1907 1931 1910 
7394 1683 417 418 2007 
7395 1683 2007 1711 417 
7396 2499 2018 2029 1993 
7397 2495 2002 1997 1916 
7398 535 536 1993 2018 
7399 2029 1704 70 418 
7400 2495 1895 2026 1916 
7401 2476 2497 2480 1719 
7402 2499 2496 1994 1998 
7403 2029 2007 1683 418 
7404 2499 1994 2496 1892 
7405 2476 1698 2497 1719 
7406 2024 417 416 1711 
7407 2495 2002 1916 2026 
7408 2499 1714 2029 1683 
7409 416 2019 1674 415 
7410 2498 1711 2007 2024 
7411 2013 2480 2004 2498 
7412 2498 1683 1711 1733 
7413 2004 1923 510 511 
7414 2495 2020 2018 2016 
7415 2482 1927 1966 1961 
7416 2499 1892 2496 1955 
7417 2499 2496 1721 1708 
7418 2499 1999 1997 1993 
7419 2488 1679 2005 2010 
7420 2004 1886 2012 510 
7421 2024 1711 416 1674 
7422 2024 416 2019 1674 
7423 2498 1727 1674 1713 
7424 2322 2481 2476 1694 
7425 2480 1886 2004 1923 
7426 2004 1886 510 1923 
7427 2499 2496 1920 1955 
7428 2494 1698 1707 1708 
7429 2498 2020 2004 2013 
7430 2495 2004 2498 2020 
7431 509 1929 2011 508 
7432 2323 2006 1718 2010 
7433 2436 2447 2323 1930 
7434 2492 1968 1726 1956 
7435 2493 1726 1682 1702 
7436 1720 2483 1716 2485 
7437 2482 1904 2485 1932 
7438 2494 1697 1707 1698 
7439 2496 532 1887 1953 
7440 2493 1682 1985 1724 
7441 2479 1904 1901 1903 
7442 1688 2436 2481 2448 
7443 1901 2479 2486 1904 
7444 2489 1703 2483 1678 
7445 2496 1708 1707 1721 
7446 2499 1721 2496 1680 
7447 70 1704 2001 71 
7448 2496 1991 1887 532 
7449 2497 1709 1708 1733 
7450 2497 1920 1910 1921 
7451 2016 1923 2004 511 
7452 2480 1929 2488 1886 
7453 2431 2477 2434 490 
7454 2488 1679 1740 1717 
7455 2495 2018 2499 1993 
7456 2495 1683 2498 1733 
7457 2480 2004 2498 1923 
7458 2486 2485 2479 2481 
7459 2488 2323 1679 2010 
7460 2488 2023 2019 2013 
7461 2488 2019 2005 1717 
7462 2480 1713 2498 2488 
7463 2455 2434 2477 1898 
7464 2429 1977 1971 1962 
7465 2490 1715 1681 1963 
7466 2447 2009 2015 1947 
7467 2323 1891 2011 1929 
7468 2436 1930 1911 1943 
7469 2436 1917 2447 1943 
7470 2323 1937 1930 1891 
7471 2488 1679 2323 1740 
7472 1952 2323 1891 1937 
7473 2480 2497 1931 1921 
7474 1717 1679 414 2005 
7475 2455 2477 2434 283 
7476 2323 1718 1679 2010 
7477 2479 1908 1905 1907 
7478 2436 1699 2448 1688 
7479 414 2005 1679 2010 
7480 414 1679 413 2010 
7481 1674 1717 415 2019 
7482 2479 2476 1908 1907 
7483 2323 2021 2022 2010 
7484 2500 2059 2079 2088 
7485 2478 1902 2487 2436 
7486 2012 509 1886 1929 
7487 2012 2011 509 1929 
7488 535 70 2029 2001 
7489 2498 2019 2024 2013 
7490 2499 1892 1926 1951 
7491 2008 1891 507 508 
7492 2323 1930 2008 1891 
7493 2323 1679 1725 1740 
7494 2322 1725 1712 1740 
7495 489 2458 2437 488 
7496 2447 2027 1735 2014 
7497 2447 1896 2442 1947 
7498 2008 1891 1930 507 
7499 2006 2010 413 1718 
7500 1687 2486 2448 1689 
7501 2323 2008 2011 1891 
7502 2006 1718 413 412 
7503 2480 1925 1886 1939 
7504 2478 2487 2481 2436 
7505 2447 2025 2015 2009 
7506 2437 1684 1705 1731 
7507 2458 2438 2444 404 
7508 411 69 2027 1737 
7509 2486 1934 1899 1901 
7510 2483 1890 1935 2484 
7511 2015 506 1930 1947 
7512 2447 1947 2015 1930 
7513 1735 411 2027 1737 
7514 2009 505 506 1947 
7515 2447 1735 2027 1684 
7516 2442 434 2017 2028 
7517 2447 2022 2015 2025 
7518 2015 2009 506 1947 
7519 2457 1229 1259 1256 
7520 1112 288 47 1622 
7521 89 599 2289 88 
7522 2501 841 772 921 
7523 489 2458 2477 2437 
7524 2502 1112 1543 1107 
7525 2503 1110 1109 1105 
7526 292 1622 1673 1387 
7527 2450 858 807 921 
7528 2457 887 807 966 
7529 718 28 694 2442 
7530 809 2501 921 2450 
7531 846 2438 694 2458 
7532 2503 1582 1113 1370 
7533 1622 402 1112 292 
7534 28 291 182 280 
7535 2435 1518 2445 2438 
7536 2504 719 771 772 
7537 2442 487 488 403 
7538 2505 796 758 797 
7539 2504 773 719 772 
7540 718 2442 2444 292 
7541 2444 1363 2504 1387 
7542 291 1004 953 718 
7543 2500 2088 2079 2032 
7544 2028 505 1949 75 
7545 2447 2442 2027 2017 
7546 718 953 2502 771 
7547 1735 1737 2027 1684 
7548 2447 2017 2014 2025 
7549 2444 292 65 1387 
7550 27 1115 953 181 
7551 2444 1606 2438 2504 
7552 2449 704 185 184 
7553 2400 1550 2401 1538 
7554 291 2442 718 292 
7555 2445 1606 1518 1628 
7556 182 27 291 1115 
7557 2444 718 292 2504 
7558 2432 279 66 492 
7559 2458 846 184 183 
7560 2504 718 719 694 
7561 182 291 953 1115 
7562 2447 1735 1684 1731 
7563 278 409 2432 285 
7564 2442 292 487 65 
7565 2436 1718 2323 2447 
7566 1112 1622 47 402 
7567 2485 1720 1693 1692 
7568 2440 811 2443 2435 
7569 2433 1613 2400 2443 
7570 2491 1909 1913 1912 
7571 2488 1952 2323 1929 
7572 2449 283 1677 282 
7573 2430 1971 2429 1965 
7574 292 1673 65 1387 
7575 2441 2439 1671 1621 
7576 718 719 771 2504 
7577 694 2444 2438 2504 
7578 434 2442 292 487 
7579 2503 913 977 701 
7580 2442 487 1949 1896 
7581 2504 771 2501 772 
7582 2500 2506 2088 2032 
7583 2028 1949 434 75 
7584 2458 694 2444 2438 
7585 2028 1896 1949 1947 
7586 2028 1947 1949 505 
7587 2498 1711 1709 1733 
7588 2455 283 1686 1677 
7589 2015 1930 506 507 
7590 2442 488 2444 403 
7591 2495 2007 2499 2018 
7592 2447 1718 2006 1735 
7593 2498 2024 2020 2013 
7594 2011 1891 508 1929 
7595 2488 2323 2021 2011 
7596 2495 1955 1920 1945 
7597 2490 1730 1722 1706 
7598 2447 2009 2442 2017 
7599 2488 1679 1717 2005 
7600 2436 2447 1930 1943 
7601 2488 2023 2012 2011 
7602 2478 2481 2479 2322 
7603 2436 1725 2323 1718 
7604 68 30 1736 409 
7605 1952 1929 2488 2480 
7606 2323 1718 1725 1679 
7607 2476 1694 1695 1719 
7608 2480 2498 1713 1719 
7609 2491 1914 2492 1912 
7610 1688 2436 1690 2481 
7611 2483 1703 2485 1720 
7612 2428 1545 1505 1671 
7613 2429 1706 1681 1730 
7614 2448 1705 1677 1688 
7615 2447 2014 2006 2025 
7616 2066 2122 2082 558 
7617 2500 2506 2507 2508 
7618 2066 103 2122 558 
7619 2066 103 2084 2122 
7620 2509 1796 2125 1780 
7621 550 2136 2084 102 
7622 550 2038 2127 549 
7623 550 2038 2136 2127 
7624 2084 103 102 2136 
7625 562 103 560 2136 
7626 2492 1976 1968 1956 
7627 2066 2122 2084 2136 
7628 2002 2026 94 1916 
7629 2082 558 2112 557 
7630 2500 2510 2511 2056 
7631 2511 2056 2512 2058 
7632 2497 2498 1709 1733 
7633 2499 2497 2496 1708 
7634 2066 550 2038 2136 
7635 71 535 533 2001 
7636 2495 2498 2007 2020 
7637 2500 2510 2056 2059 
7638 2495 2004 2016 1923 
7639 2509 2038 2066 2082 
7640 1798 559 2133 82 
7641 2511 2112 2114 2116 
7642 2500 2508 2076 2088 
7643 2133 82 450 1798 
7644 2509 559 2125 2114 
7645 2509 1752 2133 2128 
7646 2500 2108 2100 2109 
7647 2133 450 1780 1798 
7648 1796 457 2103 458 
7649 2120 1796 1748 457 
7650 2495 1955 2499 1920 
7651 2509 2122 2136 560 
7652 560 561 562 2131 
7653 2500 2513 2511 2510 
7654 2514 1784 2139 1774 
7655 2509 2130 2132 2127 
7656 2131 559 561 2133 
7657 2509 2136 2038 2127 
7658 2512 1796 1752 1772 
7659 2100 556 2108 2034 
7660 2513 2116 2103 2120 
7661 2513 2507 1802 1773 
7662 2509 2133 1780 2125 
7663 2100 2034 557 556 
7664 2500 2506 2508 2088 
7665 2511 557 2112 2100 
7666 2515 1778 2516 1791 
7667 2509 2058 2085 2038 
7668 2495 1926 1955 1945 
7669 2517 1767 2512 1771 
7670 2518 2512 2513 2510 
7671 2120 457 1748 456 
7672 2511 557 2100 2034 
7673 2120 456 1748 2115 
7674 2495 2498 2480 2497 
7675 456 2115 455 1793 
7676 1748 2115 456 1793 
7677 2500 2115 2513 2506 
7678 2519 1466 1465 1497 
7679 2500 2506 2513 2507 
7680 2518 2510 2513 2507 
7681 306 2520 171 2521 
7682 2133 1780 2125 1798 
7683 2108 2079 556 555 
7684 2108 2107 2079 555 
7685 2108 2034 556 2079 
7686 2117 2508 2106 2506 
7687 2500 2076 2510 2059 
7688 2519 2522 2505 2472 
7689 2120 1796 457 2103 
7690 2500 2079 2107 2032 
7691 2498 2024 2007 2020 
7692 2509 2131 2132 2128 
7693 2506 2117 2101 2106 
7694 2513 2116 2120 2109 
7695 2114 2511 2103 2509 
7696 2506 2119 2117 2107 
7697 555 2032 554 2107 
7698 2523 2524 2525 1761 
7699 2515 2054 2064 2063 
7700 2526 2375 2377 1789 
7701 2508 2086 2072 2071 
7702 2527 2118 2106 2102 
7703 2527 1785 1786 1800 
7704 2508 2104 2117 2118 
7705 2500 2109 2115 2119 
7706 2528 1776 1800 1792 
7707 2129 2509 2512 2516 
7708 2382 2526 2515 2514 
7709 1808 2512 2517 2516 
7710 2500 2119 2108 2109 
7711 2513 1796 2512 1812 
7712 2507 2525 2510 2049 
7713 2523 2050 2047 2068 
7714 2527 2062 2528 2086 
7715 2514 2144 2170 1774 
7716 2525 2049 2076 2048 
7717 2506 2106 2101 1785 
7718 2506 1785 2101 1746 
7719 2377 2523 2068 2050 
7720 2506 1802 1746 1793 
7721 2380 2074 2035 2081 
7722 2523 1764 1761 1763 
7723 2513 2115 1748 1793 
7724 2526 1778 1768 1777 
7725 2516 563 2137 2145 
7726 2508 2072 2076 2088 
7727 2511 2512 2509 2058 
7728 2518 1767 2517 1768 
7729 2032 2508 2088 2072 
7730 2513 1812 2512 1770 
7731 1796 458 2125 1780 
7732 2512 1812 1796 1772 
7733 2509 2131 2136 2127 
7734 2509 559 2131 2133 
7735 2128 1799 2129 2512 
7736 2509 2122 2066 2136 
7737 2498 1674 2488 1713 
7738 2513 1773 1802 1793 
7739 2513 2103 2512 1796 
7740 2510 2056 2517 2512 
7741 2382 2377 2030 2083 
7742 2509 1796 2512 2103 
7743 2517 1777 1808 2516 
7744 2516 1808 1799 1794 
7745 2516 2031 564 2135 
7746 2509 2058 2512 2085 
7747 2516 2129 2132 2126 
7748 2526 1797 1789 1779 
7749 2516 2145 2137 1791 
7750 1794 2129 448 449 
7751 1794 2129 2134 448 
7752 1794 2134 1745 448 
7753 2128 1794 1799 1752 
7754 2511 2056 2510 2512 
7755 1791 1745 563 1811 
7756 2516 563 564 2137 
7757 2515 2064 2089 2099 
7758 2514 2151 2168 2162 
7759 2147 2060 99 100 
7760 2515 2514 2143 2138 
7761 561 2133 559 82 
7762 1794 449 2128 2129 
7763 2515 2036 2077 2099 
7764 2516 2134 1794 2129 
7765 2515 2064 2054 2065 
7766 1794 2128 449 1752 
7767 559 2133 2125 1798 
7768 450 1752 449 2128 
7769 2097 2516 2146 2515 
7770 2133 1752 450 2128 
7771 2002 2026 1993 536 
7772 2080 2127 2130 2509 
7773 2513 2507 1773 1766 
7774 2136 2131 560 562 
7775 2512 1799 1772 1752 
7776 2509 1780 2133 1752 
7777 2127 2080 2130 549 
7778 2056 2098 2500 2059 
7779 2515 2089 2514 2070 
7780 2036 547 2146 2097 
7781 548 2135 2031 2080 
7782 2507 2506 1802 1786 
7783 2516 2097 564 2031 
7784 2516 2077 2031 2094 
7785 2509 2130 2516 2132 
7786 2516 2077 2097 2031 
7787 2128 1799 2512 1752 
7788 2516 563 2134 2126 
7789 1789 2518 2526 1768 
7790 2514 2060 2070 2039 
7791 2070 2515 2141 2138 
7792 2516 1745 1794 2134 
7793 2516 2097 2146 564 
7794 2097 2516 2515 2077 
7795 2058 2085 2517 2512 
7796 2516 2094 2080 2085 
7797 2507 1790 1773 1766 
7798 2514 1803 1813 1784 
7799 2514 2039 2067 2151 
7800 2516 563 1745 2134 
7801 2082 2122 2112 558 
7802 2519 1465 1466 1427 
7803 2513 1802 2506 1793 
7804 2500 2115 2506 2119 
7805 2519 2505 2522 2529 
7806 2516 1745 1791 1808 
7807 101 2031 548 2135 
7808 2127 2038 2080 549 
7809 2130 2135 548 2080 
7810 2530 2528 1756 2531 
7811 2519 1636 1466 1497 
7812 2527 1751 1804 2102 
7813 2520 1807 1755 307 
7814 494 2532 493 2533 
7815 2534 1530 2535 1517 
7816 2471 1632 1414 1574 
7817 2471 963 774 992 
7818 2532 2536 2157 1805 
7819 1807 2537 1755 1804 
7820 1756 2531 1747 2530 
7821 2471 1121 1127 301 
7822 172 171 306 2520 
7823 2538 2535 2534 398 
7824 300 745 2539 2471 
7825 2530 1758 1757 1759 
7826 2071 2107 2506 2117 
7827 2500 2034 2079 2059 
7828 2045 2524 2525 2047 
7829 2525 2048 2078 2045 
7830 2382 2067 2089 2065 
7831 2540 1555 1139 1134 
7832 1759 2525 1760 1761 
7833 2541 2051 2050 2075 
7834 2537 2123 1807 435 
7835 2507 2048 2508 2525 
7836 2515 1791 2137 2140 
7837 2511 2509 2112 2082 
7838 2527 2062 2037 2090 
7839 2528 2062 2537 2042 
7840 2513 1773 1770 1766 
7841 2528 2531 2043 2042 
7842 2542 63 2533 1352 
7843 2500 2100 2511 2109 
7844 2149 2156 441 1787 
7845 1761 2376 1764 2523 
7846 1786 2528 2508 2527 
7847 2380 2035 2073 2096 
7848 2507 1802 1790 1786 
7849 2377 2069 2073 2030 
7850 2537 497 496 2042 
7851 2513 2120 1748 2115 
7852 2528 2530 2525 2045 
7853 2528 2043 2530 2045 
7854 2537 2105 2124 2090 
7855 553 554 2071 2104 
7856 2508 2072 2078 2048 
7857 2526 1768 2517 1777 
7858 2508 1785 2506 1786 
7859 2528 2537 2531 2042 
7860 2500 2100 2108 2034 
7861 2071 554 2032 2107 
7862 2071 2104 554 2107 
7863 2519 2522 1636 1497 
7864 2518 2512 2517 1767 
7865 498 2124 436 2093 
7866 49 1574 301 401 
7867 2093 436 49 76 
7868 2471 1122 1127 1121 
7869 49 297 1127 1574 
7870 963 905 1130 300 
7871 2124 76 436 2093 
7872 2470 1123 2543 1501 
7873 1127 1353 297 1122 
7874 2508 2078 2525 2048 
7875 551 76 2124 2093 
7876 2519 2472 2544 2522 
7877 2124 436 2537 498 
7878 49 1574 1127 301 
7879 300 2471 963 745 
7880 436 301 2520 498 
7881 551 2090 2124 2105 
7882 2470 1123 1501 1654 
7883 2535 172 171 848 
7884 2471 301 2545 300 
7885 2471 1127 1632 1574 
7886 2113 2123 2527 2537 
7887 329 158 322 18 
7888 2123 2113 435 2537 
7889 551 2124 2090 2093 
7890 2537 497 2521 496 
7891 2545 64 1414 1354 
7892 2537 2521 2520 306 
7893 2521 305 306 2531 
7894 305 1756 2531 1747 
7895 905 300 24 1130 
7896 24 905 1130 174 
7897 2544 1661 1443 1632 
7898 2528 1804 2527 1751 
7899 2508 2506 2071 2032 
7900 2546 495 2061 2033 
7901 2471 1121 300 1130 
7902 2519 1426 2547 1596 
7903 2545 498 64 400 
7904 2539 2545 300 2471 
7905 301 435 436 2520 
7906 2545 300 307 23 
7907 2527 2037 2086 2071 
7908 2527 1785 2508 1786 
7909 497 2520 498 2537 
7910 2520 2535 172 171 
7911 452 2102 1804 1751 
7912 2528 1756 1757 2530 
7913 2470 1124 1120 1123 
7914 2519 1426 1465 1427 
7915 905 300 173 24 
7916 2471 963 684 1126 
7917 455 2101 1746 1793 
7918 2508 2106 2506 1785 
7919 2506 1746 2101 1793 
7920 2506 2107 2071 2032 
7921 2101 454 1746 1785 
7922 2101 2106 454 1785 
7923 2114 2511 2116 2103 
7924 2528 1800 1786 1792 
7925 2106 1785 1751 453 
7926 2528 2525 2508 2078 
7927 2056 2098 2511 2500 
7928 1755 306 2520 307 
7929 2506 2119 2115 2101 
7930 2500 2107 2506 2032 
7931 454 1785 2106 453 
7932 2548 2549 2550 802 
7933 2528 2043 2062 2042 
7934 2527 2086 2508 2071 
7935 2037 2111 553 2104 
7936 2079 555 2107 2032 
7937 552 2090 2105 2111 
7938 2523 1761 2525 1762 
7939 2527 2537 2062 2090 
7940 2037 553 2071 2104 
7941 2500 2098 2034 2059 
7942 2517 1777 1768 1767 
7943 2037 552 553 2111 
7944 2500 2108 2119 2107 
7945 2527 2508 2104 2071 
7946 2513 1812 1770 1773 
7947 2508 2071 2072 2032 
7948 2545 64 301 1414 
7949 2537 498 497 2041 
7950 2110 1804 452 2102 
7951 2548 2550 2549 1546 
7952 2535 496 497 399 
7953 2106 1751 2102 453 
7954 2521 305 171 306 
7955 2041 2124 498 2093 
7956 435 2537 436 2520 
7957 2507 1792 1786 1762 
7958 1756 1757 1776 2528 
7959 2527 2106 2508 1785 
7960 2551 2535 171 861 
7961 2552 1503 2553 1568 
7962 2380 1788 1795 1749 
7963 2528 2062 2043 2078 
7964 2032 2508 2506 2088 
7965 305 2531 2521 2546 
7966 2554 2548 2549 1546 
7967 2500 2511 2100 2034 
7968 2375 2164 2149 2156 
7969 2123 1807 1804 2537 
7970 2527 2106 1751 2102 
7971 2551 2535 2521 171 
7972 2518 1767 1768 1765 
7973 2535 398 399 1530 
7974 455 1746 2101 454 
7975 2531 496 495 2033 
7976 2551 2521 2538 304 
7977 1804 2537 2528 2527 
7978 2510 2053 2517 2056 
7979 2071 2107 2117 2104 
7980 497 2520 2521 2535 
7981 2535 2539 1517 1354 
7982 2117 2508 2506 2071 
7983 2544 2555 2539 1444 
7984 2552 1001 2534 911 
7985 2534 2539 2535 848 
7986 2380 1749 1810 1787 
7987 2534 848 2535 861 
7988 2556 1224 1193 1489 
7989 2536 2040 2172 2091 
7990 2557 1257 1204 1216 
7991 1262 2558 1228 1205 
7992 2532 1775 2546 1801 
7993 2535 2545 2539 1354 
7994 2548 802 878 877 
7995 2534 2539 1561 1517 
7996 2535 1530 399 1517 
7997 2556 1253 1205 1262 
7998 2559 1534 2553 2560 
7999 2519 1426 1596 1465 
8000 2556 1253 2561 1205 
8001 2470 1521 1557 1427 
8002 2375 1810 1783 1787 
8003 2529 2457 1203 1256 
8004 2527 2537 2528 2062 
8005 2535 1517 399 400 
8006 2556 819 821 834 
8007 2522 828 797 967 
8008 2471 1126 1130 963 
8009 2539 774 745 685 
8010 2548 878 700 877 
8011 2544 1634 2555 1444 
8012 2471 963 992 684 
8013 2537 2521 2531 496 
8014 307 2545 23 172 
8015 300 1807 2520 307 
8016 2037 552 2111 2090 
8017 2548 933 2562 878 
8018 2470 684 992 888 
8019 2561 822 820 894 
8020 2563 733 759 749 
8021 2553 834 899 997 
8022 2520 2521 2535 171 
8023 2470 2471 1121 1122 
8024 2470 1419 2543 1427 
8025 2557 1224 2561 1668 
8026 2470 992 2472 888 
8027 2520 1807 2537 1755 
8028 2529 2457 806 693 
8029 2544 2522 2539 2555 
8030 2470 1353 1661 1632 
8031 2471 1443 1414 1632 
8032 2471 1354 1414 1443 
8033 2537 2041 497 2042 
8034 2470 985 684 888 
8035 2522 1216 2529 1257 
8036 2505 796 797 828 
8037 2470 1501 1557 1654 
8038 684 1126 985 1124 
8039 684 985 1126 175 
8040 300 173 745 905 
8041 2506 1746 1802 1786 
8042 2548 2550 2562 933 
8043 1130 174 963 1126 
8044 2527 2105 2090 2111 
8045 2545 64 498 301 
8046 2544 2472 2539 2522 
8047 2471 1130 1126 1121 
8048 2548 877 700 930 
8049 684 963 174 1126 
8050 560 561 2131 559 
8051 684 174 175 1126 
8052 1001 848 892 2539 
8053 301 401 1414 64 
8054 2470 1127 2471 1122 
8055 2551 2535 2538 2521 
8056 2110 1804 451 452 
8057 2519 2543 2505 2547 
8058 1127 297 1632 1574 
8059 1980 2430 1962 1946 
8060 2522 2555 1634 1636 
8061 2557 1224 1668 1204 
8062 2564 1374 1641 1642 
8063 2555 1491 1561 1563 
8064 2471 774 2472 992 
8065 2519 2543 2547 1427 
8066 2564 2398 2397 1473 
8067 2535 497 2545 400 
8068 2535 172 2539 2545 
8069 2544 1443 2471 1632 
8070 2522 2529 1217 1257 
8071 1125 2470 1124 1120 
8072 806 2505 927 895 
8073 2355 804 2398 2397 
8074 2547 1564 1397 1398 
8075 2471 1414 301 1574 
8076 2543 1128 294 1394 
8077 2543 294 1120 1119 
8078 2539 965 2522 2472 
8079 2470 1654 1353 1122 
8080 1127 1353 1632 297 
8081 2545 400 64 1354 
8082 300 745 173 23 
8083 297 1122 1353 298 
8084 963 905 300 745 
8085 1353 298 1122 1654 
8086 2376 2380 2377 2096 
8087 2532 2172 2536 493 
8088 2520 498 2545 497 
8089 2534 1670 1517 1561 
8090 2527 1804 2110 2102 
8091 2537 496 2531 2042 
8092 1593 312 1399 1139 
8093 27 280 291 1737 
8094 2355 1222 1190 723 
8095 2506 1785 1746 1786 
8096 2565 2043 2531 2044 
8097 2545 400 497 498 
8098 2552 1489 1490 1491 
8099 2522 1217 981 709 
8100 1634 2519 2544 2522 
8101 2470 1654 1122 1123 
8102 1257 2522 1187 1217 
8103 1489 1224 358 1668 
8104 2553 821 911 899 
8105 2522 1217 709 1187 
8106 2557 1668 1563 1378 
8107 2556 821 2553 834 
8108 2539 1561 1517 1444 
8109 2503 1113 1582 1437 
8110 2505 2472 758 750 
8111 2555 1444 1634 1562 
8112 2556 821 819 820 
8113 2561 1563 1489 1491 
8114 358 359 1668 1224 
8115 1668 1204 359 1378 
8116 1668 1224 359 1204 
8117 1751 1800 2527 2528 
8118 2452 806 845 895 
8119 2470 1654 1557 1353 
8120 2470 1125 1124 985 
8121 2505 758 2472 797 
8122 2529 1650 1185 1216 
8123 2529 1254 1257 1216 
8124 2519 1634 2544 1466 
8125 2505 750 758 757 
8126 2519 1636 1634 1466 
8127 2557 2522 1216 1497 
8128 2470 1121 1126 1124 
8129 2450 809 2502 983 
8130 2454 1265 1186 1259 
8131 28 183 694 2442 
8132 2503 1607 1119 1437 
8133 2519 1596 2529 1626 
8134 2543 1118 1129 725 
8135 1126 175 985 1124 
8136 2355 946 943 723 
8137 2555 1562 1634 1636 
8138 2522 2472 965 797 
8139 2519 1465 1596 1626 
8140 2552 2561 1489 1491 
8141 2566 1141 1137 962 
8142 1650 1216 360 361 
8143 2457 1203 805 693 
8144 1650 360 1216 1378 
8145 2355 1240 1190 1222 
8146 2519 2547 2529 1596 
8147 895 2452 806 2505 
8148 2470 1121 2471 1126 
8149 2450 807 858 845 
8150 2505 828 2529 957 
8151 2503 290 1113 1437 
8152 2503 2567 2453 938 
8153 2505 2543 750 757 
8154 2529 806 2457 2452 
8155 2543 727 885 832 
8156 2552 911 821 822 
8157 2471 1414 2545 301 
8158 2557 2561 1224 1248 
8159 2558 707 871 826 
8160 2557 1668 2561 1563 
8161 2522 981 828 709 
8162 981 214 213 1217 
8163 981 213 709 1217 
8164 2470 1126 2471 684 
8165 981 214 1203 693 
8166 981 2529 1203 1217 
8167 436 2537 498 2520 
8168 2555 2552 1001 2534 
8169 2534 848 861 1001 
8170 1497 1216 1378 1650 
8171 709 1187 1217 213 
8172 709 212 1187 213 
8173 2534 1530 1670 1580 
8174 2540 1653 1133 1351 
8175 1204 1378 1216 360 
8176 2557 1636 1497 1378 
8177 2552 1491 1561 2555 
8178 2555 2561 1491 1563 
8179 2551 2538 2533 169 
8180 2558 707 834 871 
8181 957 981 1203 693 
8182 2545 23 172 685 
8183 2539 2555 1561 1444 
8184 2568 1258 2569 1218 
8185 2556 1490 1488 1503 
8186 820 211 1226 999 
8187 2570 1619 1447 1448 
8188 2471 1354 2545 1414 
8189 2561 1226 1253 1248 
8190 2539 1517 1354 1444 
8191 2555 1563 1561 1562 
8192 359 1378 1204 360 
8193 2557 1226 2561 1248 
8194 1187 999 1226 212 
8195 2553 1666 2560 1534 
8196 2552 1580 1670 1491 
8197 1226 211 212 999 
8198 2558 982 2569 1194 
8199 2542 1352 1447 1415 
8200 2563 2562 933 935 
8201 2563 1604 1400 1403 
8202 2569 1495 1651 1627 
8203 2569 958 982 826 
8204 2557 2522 2555 893 
8205 2519 2547 1426 1427 
8206 2505 895 2547 757 
8207 1186 678 216 217 
8208 937 2445 773 2504 
8209 1186 217 1214 975 
8210 363 1635 1229 1213 
8211 363 1635 1474 1229 
8212 363 1474 362 1229 
8213 363 1347 1213 364 
8214 362 1229 1474 1185 
8215 1650 1185 1216 361 
8216 1626 1185 1650 1362 
8217 2503 1113 290 1105 
8218 362 1474 1362 1185 
8219 362 1362 361 1185 
8220 2450 2503 2501 1645 
8221 2445 959 849 937 
8222 2445 1606 2438 1518 
8223 2451 1590 1510 1556 
8224 2457 805 1203 1234 
8225 2457 1474 2452 1476 
8226 2457 1256 1259 1234 
8227 806 2505 2529 927 
8228 2457 1259 1186 1234 
8229 2452 845 806 807 
8230 363 1213 1347 1635 
8231 2451 1556 1476 1590 
8232 2503 2453 977 938 
8233 2452 1475 1564 1514 
8234 2457 805 806 693 
8235 2450 977 2503 2453 
8236 1186 678 217 975 
8237 2457 1362 1474 1185 
8238 2558 826 871 799 
8239 2547 1397 2543 1395 
8240 2519 2472 2505 2543 
8241 2529 1626 1596 1362 
8242 1564 2453 2452 1514 
8243 2529 1626 1650 1497 
8244 2529 2452 1362 1475 
8245 2519 2472 2543 1427 
8246 2451 2452 2453 1514 
8247 1203 693 214 215 
8248 1203 693 215 805 
8249 1203 215 1234 805 
8250 981 2529 957 1203 
8251 1186 966 216 678 
8252 2451 1590 2501 1510 
8253 2529 1596 2452 1475 
8254 981 214 1217 1203 
8255 2457 1229 1474 1635 
8256 2529 927 957 693 
8257 1234 805 216 966 
8258 2529 1203 1217 1254 
8259 2471 963 745 774 
8260 215 216 1234 805 
8261 2372 374 1243 1485 
8262 2503 1652 1645 1646 
8263 2454 2440 1644 1533 
8264 2454 1259 1213 1265 
8265 2528 2062 2078 2086 
8266 1186 966 1234 216 
8267 2438 694 937 846 
8268 2457 806 805 807 
8269 2445 773 2501 841 
8270 981 2522 828 2529 
8271 2454 2440 864 975 
8272 2457 1362 2452 1474 
8273 2454 2445 2440 1533 
8274 2503 701 2502 1109 
8275 2501 772 771 809 
8276 809 2501 772 921 
8277 2435 849 873 704 
8278 2502 874 771 953 
8279 2442 280 183 281 
8280 2501 2502 1478 1645 
8281 2454 1213 1202 1265 
8282 2428 721 717 764 
8283 2503 290 1119 1105 
8284 768 1114 2567 1118 
8285 1347 1213 364 1644 
8286 2454 841 678 975 
8287 2457 1213 1229 1635 
8288 2452 1596 2547 1564 
8289 2440 1669 1479 1533 
8290 2529 981 957 828 
8291 2503 913 2567 938 
8292 364 1202 1644 1213 
8293 2389 1195 1238 708 
8294 2402 2403 2413 1598 
8295 280 291 1737 2442 
8296 2443 944 996 724 
8297 2454 966 2457 1186 
8298 2402 2432 697 278 
8299 1393 1479 365 1227 
8300 2472 2543 888 750 
8301 2445 1669 1533 1628 
8302 1479 1202 365 1227 
8303 2433 1480 2443 2435 
8304 2428 717 716 697 
8305 2440 1000 2445 864 
8306 2503 2453 2567 1119 
8307 2503 1113 1108 1370 
8308 2405 1482 1571 1616 
8309 364 365 1479 1202 
8310 2400 1538 1201 1227 
8311 2443 1480 1665 1393 
8312 2454 1644 2440 1202 
8313 2400 1538 1227 1393 
8314 2454 887 678 841 
8315 2428 876 697 187 
8316 2400 1393 2443 1613 
8317 2445 1442 1606 1628 
8318 2445 1669 1628 1518 
8319 2435 2438 2439 1542 
8320 2400 1263 2443 1227 
8321 2450 2502 2503 983 
8322 1196 1214 218 810 
8323 1196 218 724 810 
8324 2435 1518 2438 1542 
8325 218 1214 217 810 
8326 950 2558 871 799 
8327 2441 2431 2428 1671 
8328 2433 1613 1665 1452 
8329 2403 1095 1101 279 
8330 1214 975 217 810 
8331 2435 2440 2445 1480 
8332 782 2433 944 783 
8333 2454 1644 1510 1533 
8334 2519 1521 2472 1427 
8335 1353 1127 1632 2470 
8336 2400 1249 1232 1263 
8337 2557 2555 894 893 
8338 2503 1370 2502 1652 
8339 2451 1510 2454 1556 
8340 2457 1229 1256 1185 
8341 2440 2443 811 810 
8342 2435 2438 2445 849 
8343 2501 771 2502 809 
8344 2435 2439 2438 704 
8345 2547 1398 1397 1395 
8346 2444 404 1515 403 
8347 2437 1684 2447 2442 
8348 2401 1538 1550 1350 
8349 2438 404 2439 1373 
8350 2443 996 2435 811 
8351 2445 1510 2501 1442 
8352 2441 1002 2431 952 
8353 2445 1510 1442 1533 
8354 694 2442 2458 2444 
8355 2504 2502 292 1387 
8356 2458 404 488 489 
8357 2438 184 846 704 
8358 1980 1946 519 1948 
8359 2440 1479 1669 1480 
8360 2539 2522 965 2555 
8361 2454 864 841 975 
8362 2440 2443 1479 1480 
8363 2451 1635 2454 2457 
8364 2504 1363 1606 1388 
8365 2504 2502 2501 771 
8366 2445 849 2438 937 
8367 2436 1690 1699 1688 
8368 2445 773 864 959 
8369 2433 2435 2439 1542 
8370 2444 2438 1606 1515 
8371 2489 2476 1695 1697 
8372 2443 1480 1393 1479 
8373 2454 1635 1347 1213 
8374 1106 953 1111 2502 
8375 2440 1202 1227 1260 
8376 937 2445 959 773 
8377 1106 291 953 718 
8378 2504 1440 2502 1387 
8379 2451 1527 1476 1514 
8380 2457 1186 966 1234 
8381 2454 1213 1644 1202 
8382 2430 1980 1971 2432 
8383 2504 1363 1388 1387 
8384 2504 1388 1440 1387 
8385 2400 1201 1263 1227 
8386 2457 1635 1474 1476 
8387 2504 1606 1442 1388 
8388 1949 2442 2028 434 
8389 183 2442 281 2458 
8390 2458 2477 404 489 
8391 2558 2571 826 799 
8392 2454 887 966 678 
8393 2504 1388 2501 1440 
8394 47 1949 75 434 
8395 487 47 292 434 
8396 47 487 292 402 
8397 1527 2450 2451 2501 
8398 1917 2436 2448 2487 
8399 2444 404 2438 1515 
8400 2437 2447 2436 1917 
8401 1000 2435 811 2440 
8402 280 183 28 2442 
8403 2558 2571 2569 826 
8404 2451 1476 2452 1514 
8405 2503 1646 2453 1607 
8406 2501 1388 1442 1441 
8407 2450 983 977 976 
8408 2502 1106 1112 1107 
8409 2501 841 773 772 
8410 2567 938 913 768 
8411 1527 2450 2501 1645 
8412 2502 983 771 874 
8413 2501 1388 1441 1440 
8414 2502 809 771 983 
8415 1004 182 291 953 
8416 1622 402 292 1673 
8417 2502 874 1111 1109 
8418 2502 1111 1106 1109 
8419 291 953 1115 1106 
8420 1112 47 292 402 
8421 1543 1107 288 287 
8422 1543 1108 287 1370 
8423 2501 2502 1440 1478 
8424 2558 707 819 834 
8425 1112 1543 1107 288 
8426 433 291 292 2442 
8427 2437 2436 2448 1917 
8428 2009 2028 505 1947 
8429 1543 1108 1107 287 
8430 2450 1527 2451 2453 
8431 2503 913 1110 1114 
8432 289 2503 1118 1119 
8433 2457 2450 921 2451 
8434 2503 1607 2453 1119 
8435 2450 2452 2457 807 
8436 291 1004 28 182 
8437 2431 2439 2477 490 
8438 2502 1478 1645 1652 
8439 937 719 694 2504 
8440 2457 921 2454 2451 
8441 2502 1622 1112 292 
8442 694 937 2504 2438 
8443 2502 1109 1107 1108 
8444 2440 2445 1669 1533 
8445 2502 1622 1440 1543 
8446 2442 2017 2009 2028 
8447 2445 773 2504 2501 
8448 2445 2438 2504 937 
8449 2502 1622 292 1387 
8450 2454 1213 1347 1644 
8451 2558 819 2556 834 
8452 2442 1949 2028 1896 
8453 718 28 291 1004 
8454 2027 1737 2442 1684 
8455 1684 280 1737 2442 
8456 2558 2560 2556 2571 
8457 2451 2453 1527 1514 
8458 2323 2008 1930 2015 
8459 301 300 435 2520 
8460 2442 2017 434 433 
8461 1735 2027 411 2014 
8462 182 27 280 291 
8463 1737 433 69 2027 
8464 953 1111 181 1115 
8465 2502 1107 1543 1108 
8466 953 181 1111 874 
8467 2502 1106 1107 1109 
8468 2436 1911 1917 1943 
8469 180 179 1110 701 
8470 1110 179 913 701 
8471 1110 1114 913 179 
8472 2323 2015 2447 2022 
8473 913 179 1114 912 
8474 2503 1110 913 701 
8475 2503 983 2502 701 
8476 2442 433 291 1737 
8477 2447 1731 1718 1735 
8478 2503 1110 701 1109 
8479 2457 1213 1259 1229 
8480 2010 2488 2323 2021 
8481 1111 180 874 181 
8482 2558 819 707 1228 
8483 2444 1606 2504 1363 
8484 433 291 1737 69 
8485 2503 977 983 701 
8486 2570 1619 1520 1447 
8487 2436 1911 1930 1937 
8488 2447 1896 1947 1943 
8489 2008 1930 2015 507 
8490 1113 286 1581 46 
8491 2012 509 510 1886 
8492 1113 1581 290 46 
8493 2503 1646 1607 1582 
8494 290 1105 289 1119 
8495 2503 1370 1646 1582 
8496 1113 286 1108 1370 
8497 2488 2023 2021 2005 
8498 2570 1447 1520 1660 
8499 415 2005 1717 414 
8500 1114 179 26 912 
8501 2502 874 953 1111 
8502 2498 1711 2024 1674 
8503 2478 2480 2479 1906 
8504 1114 2503 2567 1118 
8505 2570 2566 1447 1660 
8506 177 178 1117 677 
8507 26 912 177 1117 
8508 289 2503 1119 1105 
8509 177 1117 912 768 
8510 177 1117 768 677 
8511 2570 2566 2542 1447 
8512 1114 768 913 912 
8513 2457 921 887 2454 
8514 922 885 1129 725 
8515 922 176 1129 885 
8516 1747 1756 2530 1757 
8517 455 2115 2101 1793 
8518 2547 1426 1419 1397 
8519 1129 176 1125 885 
8520 2570 2566 2540 851 
8521 2529 1185 1256 1254 
8522 922 25 1129 176 
8523 2513 1796 1812 1748 
8524 1808 2512 1771 2517 
8525 2567 1119 2453 1667 
8526 2567 1667 2453 1395 
8527 2570 1619 2571 1468 
8528 1128 1591 299 48 
8529 1128 1554 1123 299 
8530 293 1120 294 1119 
8531 1128 1591 1554 299 
8532 293 1129 1118 1117 
8533 2472 774 965 852 
8534 2527 2062 2086 2037 
8535 2543 750 832 888 
8536 176 1125 885 985 
8537 1125 175 1124 985 
8538 1001 848 2539 2534 
8539 2519 1466 1521 1427 
8540 552 2090 551 2105 
8541 2528 2078 2508 2086 
8542 2508 2048 2076 2072 
8543 2470 1521 1661 1557 
8544 1128 1591 1394 1554 
8545 2505 828 2522 2529 
8546 1123 299 1654 298 
8547 2470 684 985 1124 
8548 985 2543 885 832 
8549 1123 299 1554 1654 
8550 2543 1397 1396 1395 
8551 1129 922 1117 25 
8552 2567 1119 1667 1395 
8553 2542 2560 2553 779 
8554 2547 728 2543 757 
8555 2543 725 885 727 
8556 2543 294 1119 1394 
8557 2543 1501 1396 1419 
8558 2543 727 750 728 
8559 2543 1396 1394 1395 
8560 2543 1394 1119 1395 
8561 2557 709 2522 893 
8562 300 2471 1130 963 
8563 2471 1121 301 300 
8564 2519 2544 2472 1521 
8565 2567 845 2453 859 
8566 1419 2547 1427 1426 
8567 2543 1123 1128 1554 
8568 2543 1129 1125 885 
8569 2543 1129 885 725 
8570 2567 729 845 859 
8571 2542 2560 2559 2553 
8572 2567 998 677 726 
8573 1352 396 2533 2559 
8574 677 2567 1117 768 
8575 2442 1684 280 281 
8576 2529 1362 2457 1185 
8577 2505 797 2522 828 
8578 2470 1126 684 1124 
8579 2543 1125 1129 1120 
8580 2567 1117 768 1118 
8581 2522 965 967 797 
8582 2470 2543 1125 985 
8583 2503 2502 2501 1645 
8584 2570 2572 2540 1429 
8585 2503 1645 2453 1646 
8586 2567 2453 938 859 
8587 2567 938 729 859 
8588 2503 1118 1114 289 
8589 2502 1112 1622 1543 
8590 2502 1543 1652 1370 
8591 2503 1652 2502 1645 
8592 2567 998 938 768 
8593 2502 292 1112 1106 
8594 2547 1419 2543 1397 
8595 2502 1108 1543 1370 
8596 2442 292 433 434 
8597 2542 313 2533 314 
8598 2543 1554 1128 1394 
8599 2457 1474 1229 1185 
8600 1117 293 1129 25 
8601 1125 2470 1120 2543 
8602 1106 2502 292 718 
8603 2542 2566 313 314 
8604 677 2567 725 1117 
8605 2450 809 983 976 
8606 1118 1114 289 1117 
8607 1117 725 677 178 
8608 2504 773 937 719 
8609 2470 1521 2544 1661 
8610 1117 1118 1114 768 
8611 2509 2133 2131 2128 
8612 1129 1118 1117 725 
8613 768 1114 913 2567 
8614 2509 2085 2512 2516 
8615 1796 458 2103 2125 
8616 2449 2458 2438 184 
8617 294 1591 1116 1394 
8618 2470 1501 2543 1419 
8619 2472 888 758 750 
8620 2557 2555 2561 894 
8621 2529 1650 1626 1185 
8622 2454 1186 1214 975 
8623 2519 1466 2544 1521 
8624 290 1437 1116 1581 
8625 2444 65 403 1363 
8626 2529 1626 1362 1185 
8627 2437 1677 2448 1705 
8628 291 2442 28 718 
8629 2529 1203 2457 693 
8630 2529 2547 2452 1596 
8631 2454 887 2457 966 
8632 2450 1527 2453 1645 
8633 2452 1474 1362 1475 
8634 2453 2547 1398 1564 
8635 2567 2453 2547 1395 
8636 2542 2566 746 313 
8637 2457 807 805 966 
8638 2567 2547 2543 1395 
8639 2543 1120 294 1128 
8640 2542 683 778 779 
8641 985 2543 1125 885 
8642 2453 1398 1514 1564 
8643 1119 1667 1116 1437 
8644 1116 1346 1394 296 
8645 1116 295 1346 296 
8646 2453 1119 1607 1667 
8647 1116 296 1394 1591 
8648 2453 1398 2547 1395 
8649 2529 693 806 927 
8650 2454 1265 2440 1214 
8651 294 1591 1128 48 
8652 1113 1437 290 1581 
8653 2543 888 832 985 
8654 2453 1667 1398 1395 
8655 1116 1667 1395 1346 
8656 2543 1123 1554 1501 
8657 2502 1440 1622 1387 
8658 2543 727 832 750 
8659 2552 1491 1490 1580 
8660 2470 2471 992 684 
8661 2529 1650 1216 1497 
8662 2470 1557 1501 1419 
8663 1116 1346 1395 1394 
8664 2552 2534 2551 911 
8665 1120 1119 293 1118 
8666 2457 2450 807 921 
8667 1632 2544 2470 2471 
8668 294 1116 1119 1394 
8669 1123 1554 1501 1654 
8670 2539 2545 23 300 
8671 1116 1581 1437 295 
8672 1122 298 1123 1654 
8673 1807 77 435 2123 
8674 2528 2525 2078 2045 
8675 294 1128 1591 1394 
8676 1804 2123 451 1807 
8677 895 2453 845 2452 
8678 2567 2543 1119 1395 
8679 922 725 1117 178 
8680 2509 1752 2512 1796 
8681 2543 728 750 757 
8682 2567 895 2453 845 
8683 290 1437 1119 1116 
8684 290 1581 1116 46 
8685 2503 289 1114 1105 
8686 2567 895 845 729 
8687 2457 2452 806 807 
8688 2547 1564 1596 1426 
8689 1116 1667 1346 1437 
8690 1119 1394 1116 1395 
8691 1113 1582 286 1370 
8692 1113 1582 1581 286 
8693 2547 1564 1426 1397 
8694 2011 1891 2008 508 
8695 2543 1554 1396 1501 
8696 2503 1113 1105 1108 
8697 1419 2547 2543 1427 
8698 1113 1582 1437 1581 
8699 2431 406 2439 490 
8700 2444 65 1363 1387 
8701 2502 2504 292 718 
8702 2573 2574 1836 2575 
8703 2540 1144 1131 1145 
8704 914 915 1155 2562 
8705 1459 2554 2549 1546 
8706 2515 2514 1803 1813 
8707 1058 1285 1077 256 
8708 2326 1011 1020 1006 
8709 2552 2551 2553 911 
8710 2368 1275 58 1306 
8711 2421 264 109 254 
8712 2381 116 117 110 
8713 2387 1292 1290 1302 
8714 2325 1333 1319 1277 
8715 2472 992 852 888 
8716 922 178 1117 25 
8717 2567 728 2547 895 
8718 2382 2526 2514 1803 
8719 2515 1791 2516 2137 
8720 2375 2377 2382 2526 
8721 167 302 22 313 
8722 2552 2553 821 911 
8723 2171 437 1805 2157 
8724 2514 2173 2060 2039 
8725 2382 2148 1781 2160 
8726 2532 2546 303 2538 
8727 2380 2165 2155 2149 
8728 1041 1338 244 1284 
8729 2460 1326 1299 1300 
8730 2461 1038 1030 1036 
8731 2459 657 647 656 
8732 2457 1203 1256 1234 
8733 1130 963 174 905 
8734 2470 888 2543 985 
8735 286 287 1108 1370 
8736 2543 1120 1128 1123 
8737 2518 2513 1770 1766 
8738 2142 2147 568 566 
8739 2382 1781 1797 1779 
8740 2518 2507 2523 2510 
8741 2516 1808 1791 1777 
8742 2514 2144 2139 2142 
8743 2495 1916 1997 1951 
8744 1953 2496 1892 1933 
8745 2499 1721 1743 1708 
8746 1951 2499 2495 1926 
8747 1953 515 1892 2003 
8748 1992 1983 518 1894 
8749 2202 2576 2226 2577 
8750 474 1864 1815 2277 
8751 2578 696 157 850 
8752 2417 2216 2579 2176 
8753 2175 2280 2224 580 
8754 2577 2580 2581 2229 
8755 2333 1531 2369 383 
8756 338 1409 1594 1168 
8757 2475 1282 2421 1285 
8758 2386 2387 2475 633 
8759 2342 1463 2321 1496 
8760 385 2347 1544 386 
8761 2539 2555 892 1001 
8762 2539 2472 774 965 
8763 2557 2561 1226 999 
8764 2529 1254 1256 1203 
8765 2541 2377 2526 2065 
8766 2045 2565 2044 2043 
8767 981 2522 2529 1217 
8768 364 1479 1644 1202 
8769 2451 1635 2457 1476 
8770 2421 255 264 254 
8771 2454 1510 2445 1533 
8772 2444 694 718 2504 
8773 2552 2553 2556 821 
8774 2272 1822 2273 475 
8775 1247 1209 1649 1625 
8776 2336 1493 1573 1507 
8777 2351 780 2371 748 
8778 2352 706 1233 827 
8779 2329 1500 1553 1411 
8780 2460 1273 1051 246 
8781 2552 2556 2561 821 
8782 1588 334 1165 1587 
8783 2447 1917 1896 1943 
8784 2493 1729 1702 1682 
8785 415 2005 2019 1717 
8786 2488 2012 2023 2013 
8787 2582 154 325 153 
8788 2583 784 850 972 
8789 2563 1604 1403 1602 
8790 2584 1472 2568 1572 
8791 1544 2332 385 1372 
8792 2437 2477 2448 1677 
8793 2490 1715 1957 1676 
8794 2511 2082 557 2034 
8795 2514 1781 1803 1753 
8796 1536 331 1160 1159 
8797 2290 105 600 598 
8798 652 1030 612 1008 
8799 2559 2533 2538 397 
8800 2469 1871 1839 1858 
8801 2469 1858 1839 1865 
8802 2585 2257 461 462 
8803 2426 2212 2240 2213 
8804 2542 2553 2559 865 
8805 2557 894 2561 999 
8806 2552 1580 2534 1670 
8807 2561 1253 1224 1248 
8808 2529 2457 1256 1185 
8809 2331 662 2473 625 
8810 2378 2341 1481 1231 
8811 2564 850 705 972 
8812 2234 2185 2237 2268 
8813 2559 2551 2538 2533 
8814 2460 2467 2464 631 
8815 2460 1273 1325 1326 
8816 2462 1046 1280 1043 
8817 487 47 434 1949 
8818 2407 2401 2413 786 
8819 2490 2429 1958 1681 
8820 2323 2022 2006 2010 
8821 2436 1718 2447 1699 
8822 2557 1562 1636 1378 
8823 2454 1510 1347 1556 
8824 2570 2560 2571 1619 
8825 2556 1205 2561 820 
8826 2459 1278 1325 1040 
8827 2474 1330 1291 1294 
8828 343 1594 56 1180 
8829 2466 629 630 628 
8830 2318 1560 1420 1425 
8831 2428 1545 1434 1505 
8832 521 1961 522 1927 
8833 2409 1092 2423 1093 
8834 1608 2407 2401 2406 
8835 2491 1738 2493 2496 
8836 2491 1919 1913 1909 
8837 2483 1964 1957 1972 
8838 2488 2012 1886 1929 
8839 2500 2088 2076 2059 
8840 2402 1525 1385 1384 
8841 1749 2149 2155 440 
8842 2586 2091 2536 2074 
8843 311 1143 924 20 
8844 984 1137 1135 165 
8845 2380 2153 2159 2167 
8846 2586 1788 2380 2150 
8847 2326 1022 1011 1005 
8848 2329 1171 2324 1410 
8849 2380 1788 1749 2155 
8850 2376 1789 2377 1783 
8851 2536 2169 2159 2154 
8852 2563 1402 1400 1401 
8853 2558 982 1194 707 
8854 2453 1528 1514 1398 
8855 2513 2120 1796 1748 
8856 2567 729 728 895 
8857 2503 1110 1105 1114 
8858 1112 1622 1543 288 
8859 2452 1596 1564 1475 
8860 2435 1480 2445 1518 
8861 2342 2351 2344 2352 
8862 677 2567 768 998 
8863 2440 811 1000 810 
8864 2504 1442 2501 1388 
8865 2329 1172 338 1180 
8866 2422 637 2388 639 
8867 2362 2364 2372 2365 
8868 2354 2369 2365 847 
8869 904 2339 2336 2338 
8870 2320 1413 1506 1570 
8871 954 15 335 1167 
8872 55 499 336 388 
8873 2417 2181 2230 2215 
8874 2510 2053 2056 2052 
8875 2546 2586 2565 2061 
8876 2375 2158 2380 2165 
8877 2342 872 2352 827 
8878 2329 744 2338 2324 
8879 2340 1198 2321 1247 
8880 2337 1178 1176 1173 
8881 2364 1237 1485 1243 
8882 2581 2286 2587 595 
8883 2425 2213 2426 2217 
8884 2427 1859 2575 1849 
8885 1278 1032 1338 243 
8886 2323 2447 2015 1930 
8887 2467 660 644 627 
8888 2480 2478 2488 1952 
8889 895 2452 2505 2547 
8890 2520 301 300 2545 
8891 2421 1066 254 1076 
8892 2336 1579 1573 1359 
8893 2363 1639 1485 1504 
8894 2364 835 970 863 
8895 795 756 2321 2318 
8896 2364 1245 1238 1184 
8897 2391 2408 1461 1624 
8898 2364 995 835 863 
8899 2320 1412 2329 1410 
8900 2335 1588 2324 1165 
8901 2320 1424 2318 1412 
8902 2345 2321 794 756 
8903 2334 1431 2350 1535 
8904 2349 1431 2334 1380 
8905 1106 2502 718 953 
8906 2529 1254 1216 1185 
8907 2567 727 2543 728 
8908 2567 727 728 726 
8909 101 2146 547 2097 
8910 2007 417 2024 1711 
8911 2581 2224 2238 2175 
8912 2258 591 592 2270 
8913 2577 591 2270 2278 
8914 2382 1779 2526 1803 
8915 2325 650 2331 651 
8916 2361 1335 2360 1029 
8917 2419 879 699 931 
8918 2389 1261 1208 1267 
8919 2404 1470 1565 1571 
8920 2204 104 2290 105 
8921 599 2281 598 597 
8922 2581 1847 2587 2588 
8923 27 69 1737 291 
8924 2321 1579 2336 1625 
8925 2336 1210 1573 1477 
8926 2282 2180 579 2291 
8927 2575 1835 1838 1859 
8928 2580 1841 1842 1869 
8929 2509 560 2136 2131 
8930 2513 2109 2120 2115 
8931 2377 2096 2073 2069 
8932 2320 1413 2324 1506 
8933 2320 2336 2338 2345 
8934 2344 1486 1659 1541 
8935 706 197 815 1246 
8936 1247 1209 1198 1649 
8937 2564 1641 1453 1473 
8938 2516 2094 2031 2080 
8939 2070 2514 2147 2060 
8940 1895 512 2026 1916 
8941 2559 397 398 1371 
8942 2073 2375 2152 2158 
8943 2509 2085 2080 2038 
8944 2568 691 2569 958 
8945 2575 1835 1834 1833 
8946 2577 2210 2226 2182 
8947 2411 688 2412 889 
8948 2408 1361 1571 1513 
8949 2422 1063 1076 616 
8950 2382 2065 2526 2377 
8951 2576 2256 2260 2244 
8952 2576 2577 2260 2256 
8953 1318 2327 1294 2331 
8954 2337 686 1178 960 
8955 2329 755 2345 743 
8956 2337 1176 986 1177 
8957 2462 2460 2467 1300 
8958 2467 1296 1313 1329 
8959 2463 2461 2459 1033 
8960 2563 731 1144 935 
8961 2559 397 2538 398 
8962 2589 2578 2583 850 
8963 2445 2501 2504 1442 
8964 183 694 2442 2458 
8965 2504 2501 2502 1440 
8966 2453 1607 1398 1667 
8967 2324 1170 333 1171 
8968 2342 2344 2351 2319 
8969 2559 1371 1534 397 
8970 980 1189 956 690 
8971 117 2354 847 2381 
8972 2381 2421 116 110 
8973 2329 925 884 740 
8974 2353 119 602 118 
8975 1114 2503 913 2567 
8976 2073 2375 2377 2152 
8977 2514 2139 2144 1774 
8978 2506 2119 2101 2117 
8979 2405 813 902 801 
8980 2451 2454 1635 1556 
8981 2409 1405 2410 1408 
8982 2565 2061 2044 2033 
8983 676 163 162 1143 
8984 2558 2560 2571 950 
8985 2173 99 2147 2060 
8986 2272 1822 475 1864 
8987 2576 1842 2580 1882 
8988 2587 2282 2286 2291 
8989 2577 2270 592 2279 
8990 2581 2207 2238 2201 
8991 2569 958 826 798 
8992 2396 1617 1640 1483 
8993 2543 1396 1554 1394 
8994 922 1117 725 1129 
8995 2470 1120 2543 1123 
8996 2529 2452 2457 1362 
8997 2559 2551 2533 169 
8998 2356 789 2549 766 
8999 2559 2538 2551 2534 
9000 2336 1242 1189 1268 
9001 2540 1134 1131 1135 
9002 1737 2442 433 2027 
9003 2551 2552 2559 2534 
9004 2449 2438 2458 2439 
9005 2170 2144 79 1774 
9006 2382 2067 2030 2161 
9007 2266 2279 2228 2210 
9008 2153 539 540 2035 
9009 2348 2466 2328 1304 
9010 2325 1012 1025 1017 
9011 2551 170 702 861 
9012 13 148 925 1169 
9013 1367 2335 1160 1588 
9014 2346 1506 2324 1569 
9015 2329 2337 1172 1175 
9016 2427 1814 1867 1851 
9017 405 2477 489 404 
9018 2437 1684 2442 281 
9019 2323 1891 1929 1952 
9020 1116 1437 1346 295 
9021 292 402 65 1673 
9022 1111 874 180 1109 
9023 1114 289 1117 26 
9024 2414 1436 1603 1586 
9025 2407 1455 1608 1550 
9026 2403 715 716 856 
9027 2558 2569 2571 1264 
9028 2553 702 865 899 
9029 779 950 2560 2558 
9030 567 2514 2142 2144 
9031 2546 2061 494 2040 
9032 2380 1795 1810 1749 
9033 2402 2403 1598 1525 
9034 2490 1963 1973 1957 
9035 1927 1975 1967 1961 
9036 2482 1966 1973 1961 
9037 2430 2429 2434 1686 
9038 2318 1579 2321 1463 
9039 2332 2333 384 1531 
9040 2351 2347 2371 1449 
9041 2339 1349 2341 1192 
9042 2410 1407 1408 1405 
9043 1098 931 190 1100 
9044 1687 2486 2455 2448 
9045 2429 1958 1681 1734 
9046 2579 2252 2223 2178 
9047 2581 1847 1878 1861 
9048 474 1815 90 2277 
9049 2382 2515 2526 2065 
9050 484 1850 92 2269 
9051 2462 2465 2460 642 
9052 2461 1337 1278 1321 
9053 1276 2465 1312 1341 
9054 2579 2223 2252 587 
9055 1877 1874 477 2267 
9056 2394 1605 1509 1508 
9057 940 2356 789 2396 
9058 1877 322 461 86 
9059 1877 461 2267 86 
9060 2551 170 169 702 
9061 2557 1204 1668 1378 
9062 2540 1133 2566 1351 
9063 2453 1646 1528 1607 
9064 2551 861 702 911 
9065 2462 1342 2460 1300 
9066 2461 2328 1301 1328 
9067 2462 1280 1311 1310 
9068 2469 2231 2218 2199 
9069 2496 1953 1887 1933 
9070 2480 2495 1939 1923 
9071 1993 533 534 536 
9072 2590 2186 2185 503 
9073 2245 1816 480 481 
9074 1872 2576 1863 2579 
9075 2358 1845 1817 1828 
9076 2551 2534 861 911 
9077 2485 1716 1720 1692 
9078 912 1114 768 1117 
9079 2567 725 2543 727 
9080 1119 1607 1667 1437 
9081 436 498 2093 49 
9082 2445 1480 1669 1518 
9083 2204 2290 577 105 
9084 2577 1869 1842 1822 
9085 2324 333 1166 1157 
9086 2551 304 169 170 
9087 2404 2406 2419 1601 
9088 2479 1932 1904 1905 
9089 2573 1840 2580 1836 
9090 2551 304 2538 169 
9091 2552 1371 2559 2534 
9092 2569 1207 1223 1264 
9093 2568 2569 691 1218 
9094 2517 1777 1767 1771 
9095 912 1117 26 1114 
9096 2130 2080 548 549 
9097 559 2509 560 2114 
9098 2136 103 2122 2084 
9099 2453 859 977 938 
9100 2444 1515 1606 1363 
9101 2542 2532 2533 313 
9102 2577 2274 2270 2279 
9103 2546 1775 304 1747 
9104 2156 1744 442 441 
9105 2490 1722 1716 1692 
9106 434 2442 487 1949 
9107 2495 1926 2499 1955 
9108 2006 2014 1735 412 
9109 2454 1186 2457 1259 
9110 2328 1328 1304 1301 
9111 2586 2167 2380 2159 
9112 2153 539 2035 2074 
9113 2556 1224 2561 1253 
9114 2551 702 2553 911 
9115 1735 2014 411 412 
9116 1679 1718 413 2010 
9117 2323 2022 2008 2015 
9118 2543 1419 1396 1397 
9119 2172 84 2092 460 
9120 2515 2065 2541 2526 
9121 2551 169 865 702 
9122 2558 707 1194 1228 
9123 2333 2381 2354 118 
9124 751 891 2319 756 
9125 2390 2411 2384 2392 
9126 2483 1723 1678 1703 
9127 2431 1671 2439 406 
9128 2450 2451 2501 921 
9129 2403 879 931 929 
9130 2591 2416 1856 2592 
9131 2416 1874 2254 2246 
9132 2509 1796 2103 2125 
9133 2133 1780 450 1752 
9134 2137 2145 2140 1791 
9135 535 1993 536 533 
9136 2579 2573 2576 2203 
9137 2592 2593 2594 2358 
9138 2129 2509 2132 2128 
9139 1789 2518 1768 1765 
9140 2514 2139 2143 2142 
9141 2128 2512 2509 1752 
9142 2578 156 328 327 
9143 2561 1668 1489 1563 
9144 2527 2105 2537 2090 
9145 2556 1488 1223 1376 
9146 2520 2545 307 172 
9147 2513 2103 1796 2120 
9148 2458 2439 2438 404 
9149 2547 895 728 757 
9150 2435 2440 1480 2443 
9151 2376 2524 2380 2096 
9152 2552 2555 2561 1491 
9153 2323 2021 2011 2008 
9154 2480 2495 1923 2498 
9155 2414 1102 1436 1586 
9156 2465 1310 1065 1075 
9157 2373 1072 1062 1061 
9158 2433 1480 2435 1542 
9159 2404 1601 1603 1408 
9160 1960 1890 1969 524 
9161 1960 1972 2483 2482 
9162 2029 2001 70 1704 
9163 1710 2493 1978 1726 
9164 96 515 1953 2003 
9165 2501 1478 1527 1645 
9166 2403 715 1104 278 
9167 2502 701 874 1109 
9168 2502 1478 1652 1440 
9169 2323 2447 1718 2006 
9170 520 521 1893 1967 
9171 108 2279 594 107 
9172 2416 2359 2592 2594 
9173 2563 733 734 897 
9174 478 2246 1874 1821 
9175 1749 1787 2149 440 
9176 2272 475 474 1864 
9177 2581 1864 1878 1869 
9178 2552 1371 2534 1580 
9179 2431 2477 2449 283 
9180 2458 846 2438 184 
9181 2422 111 613 110 
9182 2369 1531 1516 383 
9183 1340 2421 1077 255 
9184 2374 653 2387 636 
9185 2422 616 655 663 
9186 1175 1655 1174 342 
9187 2578 393 392 503 
9188 2357 1827 1817 1826 
9189 2582 325 324 153 
9190 1857 2310 1819 466 
9191 2399 2334 2595 1364 
9192 2357 2596 2597 327 
9193 2334 1164 1159 1158 
9194 2336 1573 1210 1209 
9195 2598 1643 2399 2595 
9196 334 2324 333 1171 
9197 2469 1875 2302 1824 
9198 2394 2598 2399 2582 
9199 2591 2216 2192 2220 
9200 579 2180 2241 2291 
9201 1818 1866 483 2247 
9202 2548 2550 1546 1547 
9203 2513 1802 2507 2506 
9204 452 453 2102 1751 
9205 2520 2545 2535 497 
9206 2511 2112 2509 2114 
9207 2532 303 1754 302 
9208 2599 2204 2285 2239 
9209 2375 2380 2158 2073 
9210 2396 1640 1348 1609 
9211 2566 1631 1133 1138 
9212 2527 2508 2106 2118 
9213 2318 1420 1500 1411 
9214 2400 2443 1263 1196 
9215 2400 869 944 724 
9216 2573 2200 2196 2197 
9217 2600 1597 1599 1546 
9218 942 1156 158 18 
9219 2581 2229 2580 2201 
9220 2370 1007 638 614 
9221 2532 1754 1806 302 
9222 1801 2532 1754 1805 
9223 2443 996 811 724 
9224 2423 1404 1093 270 
9225 285 284 2431 187 
9226 2404 1565 1422 1513 
9227 2361 378 2368 1286 
9228 2465 1047 1067 252 
9229 535 2001 2029 1993 
9230 2499 2029 2001 1993 
9231 2479 1932 2485 1904 
9232 2491 2496 1950 1919 
9233 530 527 1987 528 
9234 535 1993 2029 2018 
9235 1983 1936 2493 1986 
9236 1887 1953 532 96 
9237 1953 2496 2003 1892 
9238 401 498 64 301 
9239 2041 2090 2124 2093 
9240 2546 2531 495 2033 
9241 2558 2571 1223 1264 
9242 2557 894 709 893 
9243 2447 1735 2006 2014 
9244 2552 1490 2556 1503 
9245 2488 2323 2011 1929 
9246 2488 1674 2019 1717 
9247 2503 977 913 938 
9248 2348 648 2328 635 
9249 313 1806 2532 459 
9250 2349 711 2334 2350 
9251 2346 1511 1578 1494 
9252 2589 393 1365 1519 
9253 2585 2185 2359 2234 
9254 2320 1579 1424 1570 
9255 2598 2399 1643 390 
9256 2378 868 812 989 
9257 2469 2601 1839 1871 
9258 2583 714 784 766 
9259 2437 282 1677 1705 
9260 2434 2430 1897 2429 
9261 2499 1920 2496 2497 
9262 2453 1646 1645 1528 
9263 2408 1230 1208 1261 
9264 530 529 1987 527 
9265 2495 1920 2497 1921 
9266 1708 2499 1733 1743 
9267 2374 1060 1274 1057 
9268 2386 639 621 633 
9269 2468 624 665 623 
9270 2465 672 1056 1073 
9271 1879 2289 1844 471 
9272 2335 698 919 978 
9273 2578 157 156 850 
9274 1168 2324 334 1171 
9275 1021 138 608 638 
9276 2329 742 884 831 
9277 2454 1347 1510 1644 
9278 2502 701 983 874 
9279 1197 221 968 681 
9280 1576 265 1416 381 
9281 2474 1330 1289 1291 
9282 2325 1023 1021 1013 
9283 2430 1734 1736 1979 
9284 2498 1713 1719 1727 
9285 1967 521 1893 1927 
9286 2482 1932 2484 1944 
9287 2443 1196 724 810 
9288 2471 301 1127 1574 
9289 2563 1428 1402 1418 
9290 2558 2553 2556 2560 
9291 2555 892 1001 822 
9292 2445 1442 2504 1606 
9293 2478 2488 2322 2480 
9294 2532 302 168 303 
9295 2461 1033 652 1038 
9296 2378 1658 1537 1612 
9297 1588 1160 1367 330 
9298 61 1379 2595 2334 
9299 1003 954 152 335 
9300 559 2125 83 1798 
9301 2509 1752 1796 1780 
9302 2540 1139 1131 1134 
9303 2536 2091 2159 2074 
9304 255 1340 375 41 
9305 883 1084 1088 194 
9306 782 2433 2400 944 
9307 2447 1699 1718 1731 
9308 792 2408 2415 829 
9309 2413 879 929 787 
9310 2460 673 657 604 
9311 2413 788 2406 800 
9312 2382 2067 2161 2151 
9313 2336 1209 1625 1359 
9314 1650 1362 1185 361 
9315 1182 3 228 115 
9316 986 1178 145 1176 
9317 2540 1136 984 1135 
9318 2431 2434 2477 283 
9319 2505 895 757 927 
9320 176 175 1125 985 
9321 2411 2423 752 833 
9322 2344 2352 990 857 
9323 2371 1356 1417 1449 
9324 2386 2330 2379 1289 
9325 2368 606 2388 637 
9326 2437 2458 2442 488 
9327 2432 278 285 29 
9328 2502 1440 1652 1543 
9329 2117 2508 2071 2104 
9330 1116 46 1581 295 
9331 300 745 23 2539 
9332 2546 2565 1769 1758 
9333 2355 2356 1190 1240 
9334 2554 928 2600 713 
9335 2349 1430 1431 1380 
9336 2504 2501 773 772 
9337 2529 1362 1596 1475 
9338 2407 786 2413 764 
9339 1309 1075 1310 1047 
9340 98 1992 1940 1981 
9341 1280 247 1309 1052 
9342 2388 637 619 639 
9343 2492 1938 1969 1890 
9344 1118 1129 293 1120 
9345 2511 2082 2034 2098 
9346 1119 1395 1116 1667 
9347 129 640 641 1078 
9348 2339 1242 2336 1268 
9349 2600 928 855 713 
9350 2339 1192 1210 1477 
9351 2397 1612 1509 1642 
9352 2454 966 1186 678 
9353 301 1414 401 1574 
9354 2524 2047 2523 2525 
9355 2128 2512 2129 2509 
9356 2085 2517 2094 2057 
9357 2382 2156 1744 2148 
9358 2509 2125 559 2133 
9359 2499 1714 1683 1733 
9360 2125 1780 83 1798 
9361 2066 2084 550 2136 
9362 2333 383 1884 384 
9363 2370 1303 2325 1307 
9364 2453 1527 1514 1528 
9365 111 2422 613 637 
9366 2509 2103 2114 2125 
9367 1116 296 1591 48 
9368 2432 2430 1980 1897 
9369 2507 2525 2508 2528 
9370 987 1084 883 194 
9371 2465 1053 1069 1065 
9372 1987 1970 1981 528 
9373 2420 265 2385 264 
9374 2532 2546 2040 2536 
9375 2566 1138 1132 314 
9376 2515 2514 2140 2143 
9377 2406 800 788 801 
9378 675 2409 1091 735 
9379 2456 2598 2601 324 
9380 2570 799 2571 950 
9381 2571 2569 1223 1264 
9382 1593 1555 308 1139 
9383 180 1110 1109 701 
9384 2532 2040 2546 494 
9385 2557 1204 1378 1216 
9386 2437 488 2442 1896 
9387 563 2145 2516 1791 
9388 2325 1020 1023 1013 
9389 2345 956 910 794 
9390 2602 2199 2603 2188 
9391 2350 1578 1535 1431 
9392 1553 1175 1500 2329 
9393 2467 644 643 607 
9394 2460 1051 1042 246 
9395 2424 2192 2189 2191 
9396 2425 2296 2427 2309 
9397 1823 2317 470 1844 
9398 2427 2296 1814 2301 
9399 2174 2292 574 2298 
9400 2542 746 2566 778 
9401 808 1242 1211 201 
9402 2562 1547 1369 1584 
9403 2356 882 766 785 
9404 2337 1655 1175 1500 
9405 2321 980 956 827 
9406 2335 978 964 698 
9407 2385 994 776 961 
9408 2467 631 643 660 
9409 2354 862 920 703 
9410 2411 2415 2392 793 
9411 2405 1188 1230 1250 
9412 945 741 674 1169 
9413 2537 2521 306 2531 
9414 2470 2472 1521 1427 
9415 2376 1764 1783 1782 
9416 2380 2035 2158 2073 
9417 2555 2552 2561 1001 
9418 2576 1866 1842 1882 
9419 2511 2058 2082 2098 
9420 886 1131 1144 311 
9421 2172 2092 84 537 
9422 2417 2215 2251 2248 
9423 2524 2530 2525 1760 
9424 2401 1215 1197 1251 
9425 2410 2391 2415 1461 
9426 2334 2350 711 866 
9427 2433 2428 765 782 
9428 458 2125 1780 83 
9429 2516 2126 2134 2129 
9430 285 284 2430 2431 
9431 2503 2502 1370 1108 
9432 2498 1674 2024 2019 
9433 2503 1370 1652 1646 
9434 2542 2566 314 1415 
9435 2541 2049 2523 2050 
9436 2529 1217 1257 1254 
9437 1895 2016 2026 512 
9438 2511 2103 2509 2512 
9439 1993 2026 2018 536 
9440 2493 1738 1724 1990 
9441 1066 2422 1063 1076 
9442 883 1088 923 194 
9443 1897 492 1948 2432 
9444 307 173 23 300 
9445 2385 1080 265 1086 
9446 338 1171 1409 1168 
9447 2462 1327 1311 1280 
9448 2399 2394 974 839 
9449 2329 741 743 744 
9450 2480 1931 1939 1921 
9451 2436 1725 1718 1699 
9452 2497 1698 1708 1709 
9453 2454 1214 2440 975 
9454 2323 2021 2008 2022 
9455 2466 630 629 632 
9456 2405 1251 1188 1250 
9457 2403 1095 279 278 
9458 2442 2027 2017 433 
9459 313 1806 302 2532 
9460 2402 2403 721 2413 
9461 2512 1799 2516 1808 
9462 2503 1119 2567 1118 
9463 2516 2126 2132 2130 
9464 2532 459 1806 2171 
9465 2328 1009 1022 1014 
9466 1058 257 1332 256 
9467 2329 1409 1553 1180 
9468 2488 2021 2023 2011 
9469 2391 1422 1423 1461 
9470 2386 622 2330 2474 
9471 2604 2218 2179 2225 
9472 1798 559 82 83 
9473 2509 2080 2516 2130 
9474 2178 2244 589 2226 
9475 2349 1430 1529 1657 
9476 229 1417 387 1577 
9477 2329 925 740 1169 
9478 2367 1417 2371 1356 
9479 1649 2321 1247 1625 
9480 1118 1129 1120 2543 
9481 2509 2136 2066 2038 
9482 2572 749 759 760 
9483 2540 1401 1555 1499 
9484 2440 1669 2445 1480 
9485 2455 1687 2448 1677 
9486 2495 1993 2002 2026 
9487 1980 1946 1962 519 
9488 2085 2517 2516 2094 
9489 2490 1715 1963 1957 
9490 1766 2507 1763 2518 
9491 484 2247 1866 2269 
9492 2442 292 65 2444 
9493 2532 2171 1806 1805 
9494 945 1170 741 1169 
9495 2499 1995 1998 1999 
9496 2468 665 636 623 
9497 2536 2154 2159 2091 
9498 2136 103 560 2122 
9499 2495 2499 1683 1733 
9500 1120 1119 1118 2543 
9501 2514 1753 2170 2160 
9502 2532 1806 1754 1805 
9503 2549 1458 1435 1391 
9504 2463 632 668 647 
9505 2489 1678 2492 1742 
9506 2593 1839 1830 1865 
9507 2549 1458 1609 1551 
9508 1611 394 1381 323 
9509 2421 376 375 1285 
9510 2604 2294 2308 2312 
9511 2395 868 2397 840 
9512 2368 2360 2379 617 
9513 593 2278 92 91 
9514 2556 2571 2560 1503 
9515 2397 1537 1509 1612 
9516 2399 2334 711 695 
9517 2569 1258 1207 1264 
9518 2538 495 2546 2531 
9519 2331 2474 1294 1330 
9520 2557 999 709 894 
9521 1195 979 224 708 
9522 2465 1053 2467 1069 
9523 1000 2435 2440 2445 
9524 2355 2356 2398 785 
9525 2548 2600 2554 928 
9526 2456 1824 2315 324 
9527 2241 2581 2291 2587 
9528 1349 348 1192 1477 
9529 2559 398 2538 2534 
9530 2530 1759 1757 1792 
9531 2457 805 1234 966 
9532 2563 749 2572 2540 
9533 2377 2030 2073 2152 
9534 543 544 2151 2039 
9535 2330 1330 1320 1333 
9536 2570 1559 2540 1660 
9537 2573 2220 2574 2196 
9538 2542 2533 2532 168 
9539 2409 737 736 738 
9540 2350 1633 1535 1578 
9541 2514 1774 2170 1753 
9542 294 1116 1591 48 
9543 253 1047 251 250 
9544 1714 1704 2029 1683 
9545 2602 2231 2469 2199 
9546 2556 2561 821 820 
9547 2552 2561 2556 1489 
9548 81 1745 563 2134 
9549 2341 1271 1239 1200 
9550 2376 1810 1782 1783 
9551 2499 1997 1892 1951 
9552 2376 1810 1795 1782 
9553 2351 853 993 780 
9554 2454 678 1186 975 
9555 2404 2406 1601 1470 
9556 2321 795 794 756 
9557 2376 2523 2524 2377 
9558 2488 2012 1929 2011 
9559 2470 2471 1127 1632 
9560 2375 2165 2380 2149 
9561 2423 1092 735 269 
9562 1823 2317 2295 470 
9563 2588 2208 2198 2209 
9564 2515 2517 2054 2063 
9565 1634 2519 2522 1636 
9566 971 1206 206 1220 
9567 2499 1680 2000 1995 
9568 1047 1309 1052 1280 
9569 2000 2499 1995 1998 
9570 2496 1708 2494 1707 
9571 2498 1711 1683 2007 
9572 611 131 1045 1044 
9573 1981 1922 1938 1894 
9574 2453 1528 1645 1527 
9575 2423 269 1079 270 
9576 2509 2082 2066 2122 
9577 2409 1405 1408 1603 
9578 2519 2529 2522 1216 
9579 2324 1588 334 1165 
9580 2500 2507 2510 2076 
9581 2498 2019 2488 1674 
9582 2483 1956 2492 1678 
9583 874 180 1109 701 
9584 2603 2604 2426 2240 
9585 2505 2543 2472 750 
9586 2562 1547 1584 1604 
9587 709 999 1187 212 
9588 2470 1557 1419 1427 
9589 2142 566 568 565 
9590 2577 2258 2260 2256 
9591 2350 964 867 1161 
9592 2502 2504 718 771 
9593 2557 1636 2522 1497 
9594 2492 1969 2483 1890 
9595 2378 1537 2397 1612 
9596 435 300 1807 2520 
9597 2323 2022 2447 2006 
9598 2576 1843 1872 1863 
9599 2556 1224 1253 1193 
9600 2394 973 705 936 
9601 2426 1857 1814 2296 
9602 108 2279 2228 2266 
9603 2526 1803 1779 1778 
9604 2529 693 957 1203 
9605 2355 2378 1612 1392 
9606 2341 1239 1231 1200 
9607 2535 497 400 399 
9608 2567 725 727 726 
9609 2402 2428 721 716 
9610 2433 1452 1665 1542 
9611 2449 184 2438 704 
9612 1367 2335 1588 1647 
9613 2527 2086 2528 2508 
9614 947 222 221 1215 
9615 2329 2324 741 744 
9616 2362 2363 2369 1532 
9617 2385 265 1416 1086 
9618 61 1379 2334 1672 
9619 2464 1300 1297 1329 
9620 2515 2036 2141 2146 
9621 2322 2476 2480 1719 
9622 2419 2406 1469 1601 
9623 2382 2067 2065 2083 
9624 782 2428 765 764 
9625 2573 2580 2577 2202 
9626 2466 1299 2460 1316 
9627 2500 2508 2507 2076 
9628 2538 496 2531 2521 
9629 1409 2329 1411 1410 
9630 2548 933 878 802 
9631 2420 2381 2393 2421 
9632 2445 959 1000 849 
9633 2444 2504 292 1387 
9634 2511 557 2082 2112 
9635 2480 2012 2004 1886 
9636 1632 2544 1661 2470 
9637 2376 1795 1760 1782 
9638 2383 1057 1279 1064 
9639 2006 1735 1718 412 
9640 2584 1218 948 1206 
9641 2337 2371 1174 1355 
9642 2329 1181 1177 884 
9643 2346 2336 2320 1507 
9644 2329 1170 337 1169 
9645 2329 337 1181 925 
9646 2461 1036 1037 1033 
9647 2335 1166 919 1162 
9648 1335 1010 2370 2360 
9649 2370 2360 1010 1026 
9650 2329 337 1170 1171 
9651 148 740 925 1169 
9652 2327 1318 2326 2331 
9653 2325 1021 1007 1025 
9654 2427 2303 2211 2292 
9655 338 1594 56 1168 
9656 2456 500 2598 499 
9657 333 918 919 1166 
9658 2319 2318 751 756 
9659 2329 1412 2318 1411 
9660 2351 2367 2353 687 
9661 2351 2319 2337 853 
9662 2329 831 2337 751 
9663 755 2329 2345 2318 
9664 146 1177 986 145 
9665 2325 638 1021 608 
9666 2329 1500 2318 2337 
9667 146 1177 884 986 
9668 149 698 919 1162 
9669 918 919 1170 333 
9670 2329 1177 1181 1172 
9671 338 2329 1409 1171 
9672 2329 1172 2337 1177 
9673 2329 743 741 742 
9674 238 239 1036 241 
9675 338 2329 337 1172 
9676 2376 1795 2524 1760 
9677 149 918 1166 919 
9678 1169 918 1170 333 
9679 146 884 1181 925 
9680 13 925 337 1169 
9681 919 2324 769 1170 
9682 2376 1810 2380 1795 
9683 2308 2294 1858 465 
9684 2329 925 1181 884 
9685 1182 960 908 748 
9686 1181 337 13 925 
9687 612 1014 648 2328 
9688 146 925 1181 13 
9689 1021 138 638 1007 
9690 2376 2380 2524 1795 
9691 1587 1168 54 339 
9692 339 340 1343 1168 
9693 339 1343 1438 1168 
9694 334 1587 54 1165 
9695 236 1005 1317 235 
9696 2461 1032 1037 1036 
9697 2425 2211 2174 2292 
9698 1587 330 54 1165 
9699 1587 1588 330 1165 
9700 1168 1438 1587 1588 
9701 2350 1161 1158 1159 
9702 2375 2377 2380 2096 
9703 1588 1160 330 1165 
9704 2586 2524 2565 2055 
9705 2324 945 1170 741 
9706 2599 2306 2295 2317 
9707 2345 794 755 756 
9708 336 55 93 2236 
9709 2582 974 2399 2394 
9710 2399 974 720 839 
9711 2346 2324 2320 2338 
9712 2578 504 393 503 
9713 2346 2324 2335 1569 
9714 2395 763 868 840 
9715 1160 330 331 1367 
9716 2456 2184 500 499 
9717 2335 1367 1633 1647 
9718 150 1161 698 1162 
9719 2604 2300 2293 2299 
9720 2603 2190 2189 2188 
9721 1170 769 945 2324 
9722 2320 2336 1579 1507 
9723 2426 1880 1853 1857 
9724 334 54 1587 1168 
9725 954 1167 2334 1163 
9726 2587 1848 2588 1847 
9727 2293 2217 2179 572 
9728 2586 2087 2074 2055 
9729 2326 1020 1009 603 
9730 2306 599 2281 600 
9731 2338 824 837 838 
9732 2603 2593 1852 1865 
9733 825 2349 762 988 
9734 2426 2300 2604 2308 
9735 150 698 149 1162 
9736 2324 334 1157 1165 
9737 1588 1168 1438 1614 
9738 2318 756 755 751 
9739 1633 1160 1536 1367 
9740 1170 769 1169 945 
9741 147 674 148 1169 
9742 147 769 674 1169 
9743 2346 2335 2339 2350 
9744 2349 1430 2395 1529 
9745 149 14 1166 918 
9746 2324 1168 334 1588 
9747 147 918 769 1169 
9748 149 919 1166 1162 
9749 14 918 147 1169 
9750 2604 1858 1819 2308 
9751 2335 1160 1633 1367 
9752 1166 918 14 333 
9753 2456 2315 2305 485 
9754 2334 1159 2350 1158 
9755 2599 2282 2587 2180 
9756 1844 2289 88 89 
9757 2425 2309 2427 2292 
9758 599 2281 2289 2317 
9759 1876 335 87 485 
9760 2346 1506 1493 1507 
9761 2580 1837 1841 1847 
9762 2339 1477 2336 1493 
9763 2350 2335 964 1161 
9764 2604 2225 2179 2240 
9765 152 16 335 324 
9766 867 698 150 1161 
9767 867 150 1163 1161 
9768 867 151 1163 150 
9769 867 151 954 1163 
9770 919 2324 1170 333 
9771 2586 2536 2159 2074 
9772 2350 964 2335 909 
9773 2399 2397 2395 1509 
9774 2350 1536 1535 1633 
9775 2351 687 780 748 
9776 1431 1657 2349 2346 
9777 2339 1192 2341 1211 
9778 335 954 1167 2334 
9779 2335 1161 1157 1162 
9780 964 867 1161 698 
9781 866 2334 954 710 
9782 2586 2159 2380 2074 
9783 2590 328 1826 327 
9784 1164 1536 332 1623 
9785 486 336 2236 499 
9786 335 710 2334 2595 
9787 2334 336 61 1672 
9788 1509 2399 2397 2394 
9789 2598 2596 2597 501 
9790 2595 335 324 485 
9791 15 324 335 1876 
9792 55 499 2236 336 
9793 2357 2590 1826 327 
9794 1876 87 335 15 
9795 2334 710 711 695 
9796 2341 2395 860 951 
9797 954 335 710 2334 
9798 2583 766 784 785 
9799 2600 1152 1150 1147 
9800 2399 720 974 695 
9801 2416 2592 2359 1862 
9802 2397 943 973 840 
9803 2578 156 705 850 
9804 2334 1164 336 1623 
9805 2456 2235 2231 2184 
9806 2586 2055 2074 2081 
9807 2582 154 2596 325 
9808 2355 1240 1222 1199 
9809 2469 2294 2604 2312 
9810 904 2339 2338 824 
9811 2378 868 2341 812 
9812 2346 1633 2350 1578 
9813 2582 324 2595 153 
9814 1509 2399 2394 1508 
9815 2399 1389 1430 1380 
9816 2339 1210 2336 1477 
9817 2339 808 1211 680 
9818 2598 2602 2596 501 
9819 2397 804 973 943 
9820 2586 2074 2380 2081 
9821 2335 978 919 900 
9822 2349 2350 762 711 
9823 2397 1509 1605 1642 
9824 2342 1618 2319 1464 
9825 2355 943 989 723 
9826 2378 989 812 1200 
9827 2399 711 2395 720 
9828 2395 2397 2394 840 
9829 2356 1269 2396 1241 
9830 349 1231 1481 1192 
9831 2341 951 812 868 
9832 2378 1620 2341 2395 
9833 2349 1578 2350 1431 
9834 2398 1453 1435 1454 
9835 2349 762 988 761 
9836 2334 1535 1536 1623 
9837 2399 711 720 695 
9838 2395 711 761 720 
9839 2399 2349 711 2334 
9840 349 1349 348 1192 
9841 350 1481 349 1231 
9842 349 1481 1349 1192 
9843 812 989 203 1200 
9844 2341 1349 1481 1192 
9845 202 812 203 1200 
9846 202 1271 812 1200 
9847 2320 1570 1506 1507 
9848 2335 919 698 1162 
9849 2346 2324 2338 2335 
9850 680 812 202 1271 
9851 680 1211 1271 201 
9852 680 202 201 1271 
9853 825 2349 988 2339 
9854 1003 152 16 335 
9855 808 201 200 1242 
9856 808 1242 200 904 
9857 2334 711 710 866 
9858 2349 2395 711 761 
9859 2320 2324 1413 1410 
9860 2320 2321 2318 1579 
9861 2335 1160 1157 1161 
9862 2341 1481 1529 1620 
9863 2346 2335 2350 1633 
9864 2469 2313 2294 2312 
9865 2341 812 680 1271 
9866 2582 325 2596 2601 
9867 2378 1537 2395 2397 
9868 2324 945 919 769 
9869 2368 2388 2379 1275 
9870 2321 1189 1233 1247 
9871 2341 1349 1529 1481 
9872 2346 2320 1506 1507 
9873 690 2345 904 2336 
9874 2586 2380 2524 2081 
9875 1573 1477 1210 347 
9876 1209 1573 1210 347 
9877 2340 1183 2343 1244 
9878 2351 2371 2367 687 
9879 2334 1672 1379 1623 
9880 2341 1492 1529 1349 
9881 2334 1536 1164 1623 
9882 2350 1158 1161 1163 
9883 2350 909 2335 825 
9884 2329 884 742 740 
9885 2335 2324 1157 1165 
9886 2395 951 868 763 
9887 2399 1432 1389 1508 
9888 2378 812 2341 1200 
9889 2355 2398 2356 1240 
9890 2399 1432 2395 1430 
9891 2596 326 154 155 
9892 2564 804 2583 972 
9893 2355 1255 2378 1199 
9894 2355 785 946 870 
9895 1658 1231 350 1199 
9896 2378 1620 2395 1537 
9897 2549 1551 1435 1458 
9898 2399 720 763 839 
9899 356 1376 1223 357 
9900 2399 2394 2395 2397 
9901 2349 2395 761 860 
9902 2378 1481 1537 1658 
9903 2356 1221 1220 1190 
9904 2589 2578 393 1519 
9905 1658 1481 350 1231 
9906 2395 761 860 951 
9907 2395 720 761 763 
9908 2395 1529 1430 1620 
9909 2334 2350 1163 1158 
9910 2378 1481 1658 1231 
9911 2350 1159 1633 1160 
9912 2346 2339 2338 2336 
9913 2339 823 808 680 
9914 2341 1529 2395 1620 
9915 2341 812 1271 1200 
9916 2341 860 680 812 
9917 2339 1192 1211 1210 
9918 2334 1536 2350 1159 
9919 2350 867 964 866 
9920 2456 2302 2315 1824 
9921 763 2399 839 2394 
9922 2349 1430 2399 2395 
9923 2339 1211 808 1242 
9924 2394 974 839 154 
9925 940 2356 882 789 
9926 2355 1392 1240 1199 
9927 2349 1529 2341 1492 
9928 2586 2524 2055 2081 
9929 973 2564 804 2397 
9930 2583 804 784 972 
9931 2578 2597 156 327 
9932 2602 2199 2188 2205 
9933 2398 1435 2356 1551 
9934 2578 2585 504 503 
9935 2548 930 2600 928 
9936 2426 2240 2604 2217 
9937 2349 2350 2339 825 
9938 2595 336 485 486 
9939 2564 1641 1473 1642 
9940 2399 2595 2334 695 
9941 2595 153 16 695 
9942 2595 2305 486 485 
9943 2598 390 1643 389 
9944 2338 825 2335 837 
9945 2335 919 2324 900 
9946 2350 1633 2335 1160 
9947 2595 1364 1379 61 
9948 2341 1271 680 1211 
9949 2456 2315 485 324 
9950 2320 2329 2324 1410 
9951 16 710 335 2595 
9952 2456 500 2184 2205 
9953 710 2595 695 2334 
9954 335 152 324 15 
9955 2399 1509 2395 1432 
9956 2334 1431 1535 1380 
9957 2595 16 153 324 
9958 2335 842 900 837 
9959 1633 1159 1536 1160 
9960 486 93 2316 2236 
9961 332 331 1536 1159 
9962 568 100 2147 99 
9963 1875 1876 463 2315 
9964 1164 1159 332 1536 
9965 1536 1160 331 1367 
9966 2595 61 336 499 
9967 2586 1769 2524 2380 
9968 2335 1157 1160 1165 
9969 2346 2350 2349 1578 
9970 2335 837 825 842 
9971 2350 1160 2335 1161 
9972 2334 1535 1379 1380 
9973 2375 2380 1810 1787 
9974 2345 956 2321 690 
9975 2350 867 866 1163 
9976 2339 808 824 904 
9977 2462 1045 2460 1042 
9978 1039 656 9 245 
9979 1053 2373 1069 1062 
9980 1039 9 656 133 
9981 2459 246 245 1031 
9982 2459 1325 1278 1316 
9983 609 2463 647 2459 
9984 469 470 1823 2295 
9985 2473 624 2468 623 
9986 2459 1040 246 1031 
9987 2328 1014 1024 1008 
9988 2331 662 625 649 
9989 2459 1033 1037 1034 
9990 2326 1272 1317 1005 
9991 2465 2467 631 643 
9992 2461 1281 1027 1016 
9993 662 2327 626 629 
9994 2426 2300 2307 2293 
9995 2375 2164 2158 2165 
9996 2463 2328 659 635 
9997 239 1041 37 36 
9998 2462 2460 1342 1273 
9999 2382 2168 2166 2148 
10000 652 1030 1008 2461 
10001 2461 2459 1035 1278 
10002 2459 656 1039 245 
10003 236 1317 1016 1281 
10004 1027 1041 1036 239 
10005 1278 1032 243 1035 
10006 2459 609 1039 656 
10007 1278 242 1325 1040 
10008 2348 649 603 635 
10009 2459 2460 630 657 
10010 2462 1311 1312 1310 
10011 2461 1338 1032 1041 
10012 134 669 1034 1033 
10013 1041 239 37 241 
10014 629 2327 628 2466 
10015 2426 2310 2307 2300 
10016 2328 603 1014 648 
10017 2461 1008 2328 1024 
10018 2461 1032 1036 1041 
10019 2461 1338 1284 1321 
10020 2599 2281 2306 2317 
10021 1041 36 1284 37 
10022 2599 2303 2427 2311 
10023 1036 1041 241 239 
10024 1027 1284 1041 36 
10025 2587 2283 2288 2286 
10026 1041 1284 244 37 
10027 2459 1034 1039 609 
10028 2463 2328 2461 1008 
10029 2459 2460 657 604 
10030 1844 2289 89 471 
10031 1027 1036 1019 239 
10032 1027 1284 36 237 
10033 2461 1037 2459 1033 
10034 2382 2166 2168 2161 
10035 238 1036 240 241 
10036 240 11 10 1038 
10037 2461 1035 1032 1278 
10038 2461 1033 1038 1036 
10039 2459 604 656 245 
10040 1034 2459 1033 652 
10041 652 669 1033 1034 
10042 135 1038 615 669 
10043 2461 1321 1278 1338 
10044 2599 2311 2427 2295 
10045 1027 1016 1281 237 
10046 2463 652 2459 609 
10047 2348 603 648 635 
10048 652 1030 1038 615 
10049 1027 1281 1284 237 
10050 11 143 615 1030 
10051 615 143 612 1030 
10052 2459 245 1039 1031 
10053 238 1030 1038 1036 
10054 238 1038 240 1036 
10055 2461 1337 2466 2459 
10056 1038 652 615 669 
10057 238 1019 1030 1036 
10058 2461 1036 1027 1041 
10059 1014 142 1008 612 
10060 612 143 1008 1030 
10061 2599 2295 2427 1823 
10062 1014 648 142 612 
10063 2328 1009 1014 603 
10064 2461 1338 1041 1284 
10065 11 10 1038 615 
10066 135 615 1038 10 
10067 11 1038 238 1030 
10068 2461 1284 1281 1321 
10069 2461 652 1030 1038 
10070 1033 1038 135 669 
10071 2459 245 2460 604 
10072 11 615 1038 1030 
10073 238 239 1019 1036 
10074 2599 2588 2427 2209 
10075 599 2289 88 2317 
10076 2426 1857 2296 2310 
10077 2587 1861 1820 1883 
10078 1875 2294 464 1858 
10079 1038 652 669 1033 
10080 2459 647 609 656 
10081 2382 2161 2152 2166 
10082 2459 656 604 657 
10083 2375 2073 2377 2096 
10084 2326 1318 1331 1304 
10085 2466 630 2464 628 
10086 1032 243 244 1338 
10087 2460 657 673 631 
10088 2326 1319 1011 1006 
10089 134 609 1034 669 
10090 1035 242 1278 1040 
10091 1035 242 243 1278 
10092 2459 1037 1035 1031 
10093 609 2463 668 647 
10094 134 669 1033 135 
10095 1039 133 656 609 
10096 2461 1301 1337 1328 
10097 2461 1321 1281 1328 
10098 133 1034 134 609 
10099 1039 1034 133 609 
10100 2459 1034 1037 1031 
10101 656 604 9 245 
10102 2461 1030 1008 1019 
10103 1032 244 1041 1338 
10104 2459 1316 1278 1337 
10105 2459 1325 2460 246 
10106 2464 2468 2473 627 
10107 2466 630 2460 2464 
10108 2461 1036 1030 1019 
10109 2328 635 648 659 
10110 2463 2328 1008 612 
10111 2463 2348 632 2466 
10112 2326 1020 2325 1006 
10113 2328 1317 1328 1281 
10114 2326 1272 1304 1317 
10115 2466 2464 2460 1299 
10116 652 1030 615 612 
10117 2461 1041 1027 1284 
10118 2459 1316 2460 1325 
10119 2461 1008 1024 1019 
10120 652 669 1034 609 
10121 2326 1304 2328 1317 
10122 1277 1017 1012 2325 
10123 2473 622 624 623 
10124 2328 1304 2466 1301 
10125 2467 1313 1312 1329 
10126 2328 1016 1317 1281 
10127 612 1014 2328 1008 
10128 2379 618 606 617 
10129 2466 1304 1298 1301 
10130 2465 1276 2467 1053 
10131 2386 2330 622 661 
10132 2325 1012 1277 1006 
10133 603 141 140 1009 
10134 2388 1289 1287 1288 
10135 2461 1284 1027 1281 
10136 2463 632 2348 635 
10137 142 1008 612 143 
10138 2594 2357 2358 2602 
10139 2597 2357 2590 2602 
10140 1014 648 603 141 
10141 1014 603 1009 141 
10142 1014 142 648 141 
10143 2466 1301 1299 1316 
10144 2326 1009 1020 1022 
10145 2461 1301 2328 2466 
10146 1272 1005 1011 235 
10147 2357 1817 2358 1845 
10148 2326 2328 1009 1022 
10149 2361 2370 2360 1335 
10150 2361 1286 2379 1323 
10151 2388 1290 1289 1288 
10152 630 2459 647 2463 
10153 1272 1011 234 235 
10154 2461 1337 2459 1278 
10155 2461 1337 1321 1328 
10156 2473 2468 2474 623 
10157 1317 1005 1272 235 
10158 236 1281 1016 237 
10159 2373 2374 1061 1314 
10160 1319 1006 234 1011 
10161 2374 1054 1059 605 
10162 1319 234 1272 1011 
10163 2327 2348 2326 1304 
10164 2466 630 2459 2460 
10165 1337 2466 2459 1316 
10166 2464 2467 2468 627 
10167 2460 1325 1316 1326 
10168 2461 1301 2466 1337 
10169 2462 1327 1051 1273 
10170 2331 2348 662 649 
10171 2468 1334 1296 1293 
10172 2463 668 652 609 
10173 2463 630 632 647 
10174 2357 2358 2601 1845 
10175 2473 2474 622 623 
10176 2473 622 625 624 
10177 2327 2473 2464 2468 
10178 2327 2464 1298 1297 
10179 603 2326 2328 1009 
10180 2460 1299 2464 1300 
10181 2325 1277 1319 1006 
10182 2387 636 653 667 
10183 2474 1334 1293 1292 
10184 2373 2467 1061 1053 
10185 2330 625 2331 2473 
10186 2357 2601 2596 326 
10187 2326 2325 1319 1006 
10188 2468 2474 1334 1293 
10189 2331 650 2348 649 
10190 2327 2466 1304 1298 
10191 2332 384 1372 1531 
10192 2326 2331 1318 1320 
10193 2464 627 2473 628 
10194 1017 1307 1277 232 
10195 2325 1333 1307 1303 
10196 2351 2337 993 853 
10197 2468 2374 2387 636 
10198 2325 608 664 638 
10199 1339 230 1283 1010 
10200 2326 1318 1319 1320 
10201 748 2367 4 228 
10202 2325 1333 1277 1307 
10203 2353 687 2367 120 
10204 2325 1023 650 1021 
10205 630 2459 2463 2466 
10206 233 1319 1277 1006 
10207 233 234 1319 1006 
10208 2357 2602 2601 2358 
10209 2326 1317 2328 1005 
10210 1012 233 1277 1006 
10211 1012 1277 233 232 
10212 2325 2330 1333 1303 
10213 2325 1007 1021 638 
10214 2367 60 229 1417 
10215 226 114 228 12 
10216 1277 1017 2325 1307 
10217 2368 2361 2333 385 
10218 137 1007 638 138 
10219 2360 670 666 114 
10220 2360 1029 1335 1010 
10221 228 114 4 115 
10222 2370 1025 1026 1017 
10223 2325 1013 1012 1006 
10224 2370 2330 2325 1303 
10225 650 1009 1020 603 
10226 650 1009 1023 1020 
10227 2357 2601 2602 2596 
10228 1021 650 608 139 
10229 226 2367 114 2360 
10230 1009 650 140 603 
10231 2325 651 2330 664 
10232 2368 1275 378 58 
10233 650 140 139 1023 
10234 1021 650 139 1023 
10235 139 608 1021 138 
10236 2325 1013 1025 1012 
10237 2348 603 2328 648 
10238 2330 2473 2331 2474 
10239 2330 618 634 620 
10240 2386 2474 2388 2475 
10241 1009 650 1023 140 
10242 2348 632 2466 629 
10243 2326 1319 2325 2331 
10244 2357 327 1817 326 
10245 2373 2465 1069 1073 
10246 2327 2464 1296 2468 
10247 2327 1298 1295 1297 
10248 2473 625 622 661 
10249 2386 619 618 620 
10250 2370 2325 638 1007 
10251 2370 1307 2325 1017 
10252 2386 622 620 661 
10253 2348 632 629 635 
10254 2465 643 672 607 
10255 2368 601 2333 602 
10256 2370 664 2325 2330 
10257 2464 2467 1296 2468 
10258 2330 625 2473 661 
10259 629 2327 626 628 
10260 227 2360 2367 226 
10261 2368 113 2360 617 
10262 2361 379 378 1286 
10263 228 114 3 12 
10264 2386 2475 639 633 
10265 2361 227 2360 2367 
10266 226 2367 228 114 
10267 2370 2325 1025 1017 
10268 2360 226 1028 114 
10269 136 1015 1028 614 
10270 2360 670 1028 614 
10271 2371 1174 1179 1173 
10272 2468 636 2387 623 
10273 2360 113 114 666 
10274 2370 1026 1010 1017 
10275 2420 382 2421 376 
10276 2333 118 602 601 
10277 2386 2474 2330 1289 
10278 2333 2381 118 601 
10279 2370 2330 2379 634 
10280 2386 623 2474 2387 
10281 2368 2379 2388 606 
10282 2360 1028 670 114 
10283 2361 2353 2333 385 
10284 2370 1335 1323 1283 
10285 2333 1885 385 384 
10286 2333 383 2381 1884 
10287 2325 650 651 664 
10288 2361 2333 2353 2368 
10289 2337 1662 2371 1355 
10290 2337 993 686 960 
10291 2367 687 2371 748 
10292 2330 2331 625 651 
10293 2361 1323 2370 1335 
10294 1028 114 226 12 
10295 227 380 35 34 
10296 385 1885 2333 2368 
10297 2357 2596 327 326 
10298 2332 2354 2333 2369 
10299 2325 1020 1013 1006 
10300 115 1182 908 748 
10301 137 638 1007 614 
10302 670 114 1028 12 
10303 136 1028 670 614 
10304 1179 1174 1355 341 
10305 2351 2371 687 748 
10306 2370 2379 2330 1303 
10307 2370 638 654 614 
10308 2417 2261 2262 2248 
10309 2361 2379 2370 1323 
10310 1015 137 1007 614 
10311 2379 619 2388 606 
10312 136 137 1015 614 
10313 136 12 670 1028 
10314 2371 1179 1629 1577 
10315 1182 3 908 144 
10316 1182 1178 144 960 
10317 1182 144 908 960 
10318 2367 60 380 229 
10319 380 387 229 60 
10320 2353 703 875 119 
10321 2367 380 60 386 
10322 2370 2379 618 634 
10323 227 380 34 229 
10324 2330 622 2473 2474 
10325 2360 1018 227 1029 
10326 2360 1028 1015 614 
10327 2368 112 113 617 
10328 2370 1010 1283 1017 
10329 2361 378 379 385 
10330 2367 120 687 4 
10331 2361 2360 227 1029 
10332 2370 618 2379 654 
10333 2360 226 1018 1028 
10334 380 1029 227 35 
10335 2371 1182 228 748 
10336 2367 229 380 227 
10337 1355 1179 1629 2371 
10338 2332 2369 2333 1531 
10339 2342 2351 872 949 
10340 2371 780 960 748 
10341 34 1179 229 1577 
10342 2361 380 1335 1029 
10343 34 1577 229 387 
10344 2361 2367 2360 120 
10345 2360 1018 1010 1026 
10346 2360 666 670 614 
10347 2368 601 602 2 
10348 1339 1029 380 35 
10349 231 1307 1017 232 
10350 2370 2360 1015 614 
10351 231 1307 1283 1017 
10352 2370 1283 1307 1017 
10353 1339 230 1010 1029 
10354 231 1017 1283 1010 
10355 230 1010 231 1283 
10356 230 1029 1339 35 
10357 2368 378 1885 58 
10358 2370 664 634 638 
10359 2333 385 1372 384 
10360 2353 602 2333 118 
10361 2386 620 2330 661 
10362 1010 1335 1283 1339 
10363 2360 2367 114 120 
10364 1335 380 1339 1029 
10365 1010 1335 1339 1029 
10366 2368 1885 2333 58 
10367 2386 621 623 633 
10368 2386 2387 2474 2475 
10369 2379 617 2360 654 
10370 2361 2360 2370 2379 
10371 2370 1283 1323 1307 
10372 2325 1320 2331 1319 
10373 2373 644 607 645 
10374 2361 379 380 386 
10375 2370 1015 2360 1026 
10376 2381 847 117 116 
10377 2416 2417 2206 2594 
10378 2332 2347 2366 2344 
10379 2333 1531 383 384 
10380 2367 4 228 114 
10381 2598 500 501 390 
10382 2334 1158 1167 335 
10383 2399 720 2395 763 
10384 2456 2236 2184 499 
10385 486 2236 2316 499 
10386 2334 2350 1536 1535 
10387 2339 1477 1493 1492 
10388 2334 336 2595 61 
10389 2334 954 1163 866 
10390 1876 324 335 485 
10391 2446 2603 1852 1865 
10392 2469 1875 1824 1871 
10393 2417 2262 2255 2248 
10394 2426 2300 2308 2310 
10395 2595 336 486 499 
10396 2334 1164 1536 1159 
10397 2598 2597 390 501 
10398 2575 1836 1837 1835 
10399 2425 2307 2426 2296 
10400 2585 2267 2254 1874 
10401 2593 1829 1831 1830 
10402 1255 2355 2378 989 
10403 2604 1819 1858 1865 
10404 2585 2249 2265 2257 
10405 2456 2235 2469 2231 
10406 2426 2293 2298 2217 
10407 2582 2595 2399 695 
10408 2604 2218 2304 2299 
10409 2417 2176 2579 2251 
10410 2603 2190 2188 2199 
10411 2427 2311 2301 2295 
10412 2593 1839 1828 1830 
10413 2604 2293 2179 2299 
10414 2286 2581 2291 596 
10415 2417 2594 2592 2222 
10416 2592 2593 2358 1829 
10417 2585 2249 2257 2268 
10418 2599 2303 2183 2211 
10419 2603 2594 2188 2189 
10420 2592 2591 1833 1832 
10421 2424 2189 2190 2191 
10422 2425 2292 2174 2298 
10423 2456 2469 2602 2231 
10424 2174 2211 574 2292 
10425 2304 570 2218 2235 
10426 2564 2583 850 972 
10427 2456 2601 2602 2469 
10428 2179 572 571 2299 
10429 2604 1858 2308 2294 
10430 2599 2183 2233 2211 
10431 2425 2209 2575 2219 
10432 2306 2281 599 2317 
10433 2599 2180 2243 2214 
10434 2599 2306 2281 600 
10435 2580 1878 1841 1869 
10436 2599 1854 2587 2284 
10437 2594 2357 2602 2590 
10438 2304 570 571 2218 
10439 2304 2218 571 2299 
10440 2592 1833 2591 2574 
10441 2349 2334 2399 1380 
10442 2378 1658 1612 1392 
10443 2596 2601 325 326 
10444 2604 2179 2293 2217 
10445 2596 325 154 326 
10446 2469 2235 2304 2218 
10447 2602 2231 2199 2205 
10448 2469 2313 2302 2294 
10449 2604 2304 2312 2299 
10450 1865 2426 1819 1880 
10451 2456 2316 2236 499 
10452 2604 2312 2300 2299 
10453 2604 2312 2308 2300 
10454 2592 1829 1862 1832 
10455 2427 1867 1849 1851 
10456 2456 2598 500 2205 
10457 2302 2456 2305 2313 
10458 2599 2208 2209 2233 
10459 1819 2308 1858 465 
10460 1819 466 2308 465 
10461 1819 2310 2308 466 
10462 1862 2416 1856 1870 
10463 1865 2426 2604 1819 
10464 2587 2180 2221 2243 
10465 2576 2577 2573 2580 
10466 2205 2598 501 2602 
10467 2587 2180 2282 2291 
10468 2604 2179 2218 2299 
10469 2573 1836 2580 2575 
10470 2358 1828 1827 1829 
10471 2425 2427 2296 1814 
10472 2592 1862 1856 1832 
10473 2456 486 2595 2305 
10474 2426 2604 2293 2217 
10475 2426 1819 1857 2310 
10476 2417 2181 2206 2230 
10477 2416 2254 2265 2246 
10478 2604 2240 2179 2217 
10479 2250 480 1816 1855 
10480 2245 1872 1816 1863 
10481 2575 2198 2588 2195 
10482 2602 2177 2590 501 
10483 2469 2294 1875 1858 
10484 2602 2594 2187 2188 
10485 2456 2305 2595 485 
10486 2425 2209 2219 2227 
10487 2469 2218 2603 2199 
10488 2469 2235 2218 2231 
10489 2456 2601 2598 2602 
10490 2594 2593 2603 2358 
10491 2595 1364 2334 1379 
10492 763 2399 2394 2395 
10493 2564 2597 392 1374 
10494 1167 151 954 15 
10495 2597 390 501 391 
10496 335 710 1003 954 
10497 2592 1856 2591 1832 
10498 2595 16 710 695 
10499 2346 2335 1633 1511 
10500 2346 1578 1431 1494 
10501 335 16 2595 324 
10502 2469 2304 2313 2312 
10503 2426 1853 1814 1857 
10504 2597 2357 2602 2596 
10505 2315 1876 485 324 
10506 2315 1824 1876 324 
10507 2592 2574 2591 2192 
10508 2469 2294 2302 1875 
10509 2469 1858 1875 1871 
10510 866 2334 2350 1163 
10511 710 1003 16 335 
10512 2315 1876 87 485 
10513 2579 2251 2252 2263 
10514 2456 2231 2602 2205 
10515 2456 485 2595 324 
10516 2302 1875 2315 1824 
10517 2316 569 2235 2236 
10518 2316 93 569 2236 
10519 2579 2253 2263 2252 
10520 1875 1876 2315 1824 
10521 2394 840 839 763 
10522 2469 2604 2304 2312 
10523 463 87 2315 1876 
10524 464 465 1858 2294 
10525 2456 2316 486 2305 
10526 2469 1824 2601 1871 
10527 2469 2604 1858 1865 
10528 2602 2597 2596 501 
10529 2359 1827 1826 1846 
10530 2302 1875 2294 464 
10531 2302 463 1875 464 
10532 2302 1875 463 2315 
10533 2297 2304 2235 570 
10534 2297 2235 2316 569 
10535 2297 2235 569 570 
10536 336 388 61 1672 
10537 1623 388 1164 336 
10538 486 336 93 2236 
10539 388 499 336 61 
10540 1164 55 336 388 
10541 2302 2456 2313 2469 
10542 1164 1623 55 388 
10543 1164 332 55 1623 
10544 2355 868 989 943 
10545 2334 1163 1167 1158 
10546 1167 1163 954 151 
10547 1879 2289 471 2284 
10548 1854 1879 2283 2284 
10549 2599 2290 2285 2204 
10550 599 2281 597 2289 
10551 89 599 597 2289 
10552 2599 2204 2239 2214 
10553 2290 598 600 2281 
10554 2281 599 598 600 
10555 1844 88 2289 2317 
10556 1851 2295 469 1823 
10557 240 11 1038 238 
10558 2599 2285 2287 2282 
10559 2599 2287 2281 2284 
10560 40 251 1052 39 
10561 2603 2426 1865 2446 
10562 2574 2220 2193 2196 
10563 1851 2295 2301 469 
10564 470 88 1844 2317 
10565 2575 2219 2198 2195 
10566 2599 2243 2587 2208 
10567 105 2290 600 104 
10568 2425 2174 2213 2217 
10569 2427 2301 1851 2295 
10570 2425 1853 2446 1867 
10571 2599 2281 2287 2285 
10572 2469 2235 2297 2304 
10573 1881 2587 2288 595 
10574 2603 1839 2358 2593 
10575 1833 2446 2424 1831 
10576 2575 2588 2197 2195 
10577 1878 2277 1815 1864 
10578 2599 2295 1823 2317 
10579 2426 2604 2300 2293 
10580 468 469 1851 2301 
10581 2426 1819 1880 1857 
10582 2575 2209 2588 2219 
10583 2596 154 2394 155 
10584 2425 2309 2292 2298 
10585 2587 1881 1820 1861 
10586 2575 1837 2588 1838 
10587 2573 2220 2196 2203 
10588 1814 2296 468 2301 
10589 467 2296 1814 1857 
10590 1814 468 1851 2301 
10591 467 468 1814 2296 
10592 2426 2308 2604 1819 
10593 2598 1643 2595 389 
10594 2603 2426 2424 2212 
10595 2579 2576 2253 2252 
10596 467 2296 1857 2310 
10597 467 2310 1857 466 
10598 574 2292 2211 575 
10599 2183 576 575 2303 
10600 2211 2303 575 2292 
10601 2599 2303 2311 2306 
10602 2183 575 2211 2303 
10603 573 2298 2174 574 
10604 2599 2314 2183 2303 
10605 1880 2446 1865 2426 
10606 573 2174 2298 2217 
10607 573 2217 2298 2293 
10608 573 2217 2293 572 
10609 104 2314 2290 600 
10610 2183 2314 576 2303 
10611 2575 2219 2588 2198 
10612 2424 2425 2446 2575 
10613 1854 2317 1844 2289 
10614 2579 2576 2252 2178 
10615 2599 2290 2314 600 
10616 2427 2309 2296 2301 
10617 2425 2298 2426 2307 
10618 2204 104 2314 2290 
10619 2204 2285 577 2290 
10620 2204 576 2183 2314 
10621 2239 2599 2282 2285 
10622 2204 2314 104 576 
10623 2574 2575 2195 2194 
10624 2599 2208 2588 2209 
10625 2599 1873 1854 1823 
10626 2214 2239 2282 2180 
10627 2283 2587 1854 2284 
10628 2599 2311 2295 2306 
10629 2259 2579 2576 2253 
10630 2587 2588 1848 1849 
10631 2599 2317 1854 2289 
10632 2204 2285 2239 577 
10633 579 2291 2241 106 
10634 2599 2287 2587 2282 
10635 2580 1841 1878 1847 
10636 2576 1840 1843 1882 
10637 2579 2261 2251 2263 
10638 2603 2426 2604 1865 
10639 2587 1820 2288 2283 
10640 2577 2210 2266 2226 
10641 2580 2197 2588 2207 
10642 2427 2211 2209 2227 
10643 2588 2198 2197 2195 
10644 2575 1859 1838 1849 
10645 2603 1839 2593 1865 
10646 2577 2182 2279 2210 
10647 2587 1873 2427 1849 
10648 2587 2427 2588 1849 
10649 2209 2599 2233 2211 
10650 2577 1869 2580 1842 
10651 90 1881 595 1815 
10652 2581 2238 2207 2221 
10653 2577 592 2258 2266 
10654 2587 2180 2241 2221 
10655 2239 2599 2214 2282 
10656 1854 1879 1820 2283 
10657 2424 2213 2212 2426 
10658 2587 2243 2221 2208 
10659 2425 2588 2575 2209 
10660 2581 2224 2229 2238 
10661 2425 2427 2211 2292 
10662 2577 2258 591 2269 
10663 2588 2209 2198 2219 
10664 2282 2599 2214 2180 
10665 2426 2296 2307 2310 
10666 2426 2308 1819 2310 
10667 2427 1814 1851 2301 
10668 2580 1837 2575 1836 
10669 2425 2309 2298 2307 
10670 2601 325 1824 324 
10671 2427 2309 2301 2311 
10672 2592 2574 2192 2424 
10673 2581 2271 2280 2275 
10674 2588 2221 2207 2208 
10675 2601 1871 1845 1839 
10676 2456 2316 2235 2236 
10677 2426 2307 2298 2293 
10678 2424 2425 2575 2194 
10679 2577 2279 2266 2210 
10680 2446 2593 2603 2424 
10681 2581 1878 1864 2277 
10682 2573 1840 1836 1843 
10683 2425 2296 2426 1814 
10684 2587 2283 2287 2284 
10685 2599 2289 1854 2284 
10686 2425 2219 2575 2194 
10687 2603 2426 2212 2240 
10688 2576 2178 2242 2226 
10689 2417 2591 2216 2192 
10690 2581 2587 1847 1861 
10691 2575 1836 1833 2574 
10692 2425 2426 2298 2217 
10693 2581 2286 595 596 
10694 2599 2208 2587 2588 
10695 2588 1838 1848 1849 
10696 2588 2207 2198 2208 
10697 2599 2233 2183 2214 
10698 2599 2427 2587 1873 
10699 2599 2317 2289 2281 
10700 2587 1848 1883 1873 
10701 2209 2599 2211 2427 
10702 2427 2295 1851 1823 
10703 2575 2194 2219 2195 
10704 2599 2180 2587 2243 
10705 2599 2243 2208 2233 
10706 2599 2314 2306 600 
10707 1854 2317 1823 1844 
10708 2425 2427 2588 2209 
10709 2289 1854 2284 1879 
10710 2289 1854 1879 1844 
10711 2425 2588 2427 2575 
10712 2599 2427 1873 1823 
10713 2587 2286 2288 595 
10714 2587 1883 1854 1873 
10715 2581 1847 2580 1878 
10716 473 2288 1820 2283 
10717 2283 2587 1820 1854 
10718 472 1879 2283 1820 
10719 2580 2588 1837 1847 
10720 2427 1867 1859 1849 
10721 472 2283 1879 2284 
10722 472 1879 471 2284 
10723 2285 577 578 2239 
10724 2282 2239 578 2180 
10725 2581 2291 596 2241 
10726 1881 1820 473 2288 
10727 2282 2239 2285 578 
10728 2577 2581 2271 2224 
10729 2282 579 2180 578 
10730 2599 2290 2204 2314 
10731 596 106 2241 2291 
10732 2599 2587 1854 1873 
10733 2581 2580 2207 2201 
10734 2581 596 2175 2241 
10735 2576 1843 2573 2591 
10736 2576 1840 2573 1843 
10737 2580 2200 2197 2201 
10738 2587 1848 1873 1849 
10739 2599 2281 2290 600 
10740 473 1820 472 2283 
10741 2170 79 2144 567 
10742 90 2288 1881 473 
10743 90 595 2277 1815 
10744 2587 2180 2291 2241 
10745 90 595 1881 2288 
10746 1881 2587 595 1861 
10747 1881 595 1815 1861 
10748 2278 91 476 1868 
10749 2577 2229 2581 2224 
10750 2576 2203 2573 2242 
10751 2272 474 2277 1864 
10752 2576 2256 2244 2226 
10753 2514 2162 567 2142 
10754 2599 2214 2243 2233 
10755 2599 2281 2285 2290 
10756 2588 1838 1847 1848 
10757 2577 2274 2271 2276 
10758 107 2228 108 2279 
10759 2577 591 2278 2269 
10760 2577 2182 2224 2271 
10761 92 2278 591 2269 
10762 2278 476 2273 1822 
10763 2577 2229 2182 2202 
10764 2577 2271 2275 2276 
10765 2573 2580 2200 2197 
10766 2577 2276 2275 2272 
10767 2202 2576 2242 2226 
10768 2588 1837 1847 1838 
10769 2425 2307 2296 2309 
10770 2577 1864 2581 1869 
10771 2581 2280 2175 596 
10772 2417 2181 2215 2248 
10773 2580 1837 1836 1840 
10774 2581 595 2587 1861 
10775 1863 2579 2259 2245 
10776 2573 2575 2580 2588 
10777 2581 1878 2580 1869 
10778 2577 1866 1822 1842 
10779 2580 1842 1840 1882 
10780 2581 1815 595 1861 
10781 2577 1822 1866 1850 
10782 2579 2176 2216 2232 
10783 2577 2272 2581 1864 
10784 2271 2182 2224 581 
10785 2581 2238 2229 2201 
10786 2575 1838 2588 1849 
10787 2581 2241 2175 2221 
10788 2581 2272 2275 2277 
10789 2574 2195 2193 2194 
10790 2271 2182 581 2274 
10791 2224 2271 580 2280 
10792 2175 2280 580 106 
10793 2175 596 2280 106 
10794 2175 2241 596 106 
10795 2577 1822 1864 1869 
10796 2575 1835 1837 1838 
10797 2581 2275 595 2277 
10798 2581 2277 595 1815 
10799 2581 1878 1815 1861 
10800 2259 2579 2253 2263 
10801 2581 2271 2224 2280 
10802 2580 2588 2575 1837 
10803 2581 1878 2277 1815 
10804 2178 588 589 2244 
10805 2577 2580 2229 2202 
10806 2515 2541 2065 2054 
10807 2562 1145 1142 316 
10808 2266 2228 108 2210 
10809 2577 2258 2269 2247 
10810 2599 2588 2587 2427 
10811 581 580 2224 2271 
10812 2162 568 567 2142 
10813 2278 593 92 591 
10814 2173 99 568 2147 
10815 582 2274 581 2182 
10816 2228 2279 582 2210 
10817 582 2279 2274 2182 
10818 582 2279 2182 2210 
10819 107 582 2228 2279 
10820 2382 2030 2067 2083 
10821 2575 1836 1835 1833 
10822 2577 2274 2182 2271 
10823 2278 91 1868 92 
10824 2417 2215 2216 2176 
10825 2223 587 588 2252 
10826 2515 2070 2514 2138 
10827 2541 2049 2051 2052 
10828 2576 1866 2577 1842 
10829 568 100 566 2147 
10830 1813 1791 2140 1750 
10831 2036 2146 547 2141 
10832 2577 592 2266 2279 
10833 2577 2260 2258 2247 
10834 108 2279 2266 592 
10835 92 2278 2269 1868 
10836 2577 2271 2581 2275 
10837 2278 476 1850 1868 
10838 2278 1868 1850 2269 
10839 2577 2272 1822 2273 
10840 2270 593 2278 591 
10841 476 2273 1822 475 
10842 2278 1850 476 1822 
10843 1850 1868 92 2269 
10844 2382 2168 2148 2160 
10845 2577 2278 2270 2273 
10846 2577 2581 2580 1869 
10847 2577 2274 2279 2182 
10848 592 2270 594 2279 
10849 2432 697 29 187 
10850 2279 108 594 592 
10851 592 593 594 2270 
10852 2577 2273 2270 2276 
10853 2577 591 2258 2270 
10854 2266 108 590 2210 
10855 2266 2226 590 2256 
10856 2266 590 2226 2210 
10857 2577 2266 2258 2256 
10858 2577 2276 2272 2273 
10859 2577 2224 2182 2229 
10860 2170 79 444 1774 
10861 2576 1843 1818 1882 
10862 2577 1822 2278 2273 
10863 2577 2182 2226 2202 
10864 484 1866 1850 2269 
10865 2250 1816 2591 1855 
10866 2602 2187 2594 2177 
10867 2576 1842 2577 2580 
10868 2573 2580 2197 2588 
10869 2599 2183 2204 2214 
10870 2603 2190 2225 2212 
10871 2382 2067 2514 2089 
10872 1818 483 2264 2247 
10873 483 1866 484 2247 
10874 2573 2574 2197 2196 
10875 2576 2577 1866 2247 
10876 2592 1831 1829 1832 
10877 1818 2264 483 482 
10878 2576 2242 2573 2202 
10879 2577 2226 2266 2256 
10880 2577 2275 2581 2272 
10881 2581 1864 2272 2277 
10882 2579 2232 2203 2223 
10883 2577 2270 2274 2276 
10884 2576 1818 1843 1863 
10885 2579 2245 2263 2259 
10886 2250 1816 2261 2591 
10887 2259 2264 1818 482 
10888 2579 2245 2261 2263 
10889 2583 2398 785 804 
10890 2579 2252 2251 587 
10891 2259 1818 1863 482 
10892 2220 2579 2591 2216 
10893 2591 2192 2574 2220 
10894 2416 2234 2181 2255 
10895 2259 1863 481 482 
10896 2591 1843 1836 1860 
10897 311 924 1144 886 
10898 52 1142 1583 318 
10899 1872 2576 2579 2591 
10900 589 2244 2256 2226 
10901 589 2256 590 2226 
10902 2579 2591 2576 2573 
10903 2223 588 2178 2252 
10904 2178 2252 588 2244 
10905 2577 2269 1866 2247 
10906 2358 2593 1839 1828 
10907 2576 2580 1840 1882 
10908 2577 1850 2278 1822 
10909 1859 2427 2575 2425 
10910 2357 1826 1817 327 
10911 2576 1882 1818 1866 
10912 2603 2225 2240 2212 
10913 2582 325 2601 324 
10914 2250 480 2245 1816 
10915 2577 1850 1866 2269 
10916 2580 2197 2207 2201 
10917 2588 2207 2197 2198 
10918 2577 1864 1822 2272 
10919 2599 2427 2303 2211 
10920 2579 2223 2203 2178 
10921 2247 1818 1866 2576 
10922 2417 2592 2591 2192 
10923 2581 2224 2175 2280 
10924 2590 502 2177 2186 
10925 2587 2221 2588 2208 
10926 2585 2234 2359 2249 
10927 2581 2580 1847 2588 
10928 2456 2313 2469 2297 
10929 2592 2594 2359 1827 
10930 2427 2292 2309 2311 
10931 2576 1863 2259 1818 
10932 2574 2197 2196 2195 
10933 2574 2193 2424 2194 
10934 2573 2200 2580 2202 
10935 2574 2575 2197 2195 
10936 2599 1823 1854 2317 
10937 2356 679 882 870 
10938 2577 2269 2278 1850 
10939 2599 2314 2204 2183 
10940 2562 315 1155 914 
10941 2579 2245 1872 2591 
10942 2416 1846 1870 1862 
10943 2581 2207 2580 2588 
10944 2599 2587 2287 2284 
10945 2576 2252 2178 2244 
10946 2581 2207 2588 2221 
10947 1825 1874 1877 2267 
10948 2573 2242 2200 2202 
10949 2427 1851 1873 1823 
10950 2416 1855 1821 2250 
10951 2574 2196 2193 2195 
10952 2594 2603 2593 2189 
10953 2599 2314 2303 2306 
10954 2593 1831 1852 1830 
10955 2591 2416 2261 2250 
10956 2585 2249 2359 2265 
10957 2579 2573 2203 2220 
10958 2601 1845 2358 1839 
10959 2601 2358 2603 1839 
10960 1865 2469 2603 1839 
10961 2416 1874 2359 2254 
10962 159 855 942 1156 
10963 2356 2549 2396 1609 
10964 2181 2234 584 2255 
10965 2573 2203 2196 2200 
10966 2254 1874 477 478 
10967 2247 1818 2576 2264 
10968 2245 1816 481 1863 
10969 1833 2591 2574 1836 
10970 1816 2261 2245 2250 
10971 1148 319 1524 1153 
10972 1827 2357 2359 1826 
10973 2359 1825 1874 1846 
10974 2554 1597 1391 1382 
10975 2416 1870 1855 1856 
10976 2576 2260 2577 2247 
10977 2416 1855 2591 1856 
10978 2245 481 2259 1863 
10979 2417 2215 2176 2251 
10980 2591 1833 1832 1860 
10981 2579 2245 1863 1872 
10982 914 19 315 1155 
10983 2579 2576 1863 2259 
10984 2585 461 2257 2267 
10985 2600 930 1150 1152 
10986 2446 1852 1853 1880 
10987 1150 160 700 1151 
10988 2562 878 935 915 
10989 2594 2189 2187 2188 
10990 2564 1605 1374 1642 
10991 2599 2281 2289 2284 
10992 1877 2585 2267 461 
10993 2417 2251 2261 2248 
10994 1821 479 2250 1855 
10995 2254 477 1874 2267 
10996 2578 322 2585 329 
10997 2597 501 502 391 
10998 2548 1150 2562 1149 
10999 2416 2262 2417 2261 
11000 2548 2550 933 802 
11001 2446 1853 2426 1880 
11002 478 2246 1821 479 
11003 1821 2250 479 2246 
11004 479 480 2250 1855 
11005 2254 1874 478 2246 
11006 1156 2589 1147 2600 
11007 2359 2186 2206 2185 
11008 2416 2234 2206 2181 
11009 1150 700 160 930 
11010 1877 477 86 2267 
11011 942 712 158 1156 
11012 2563 2584 2550 2568 
11013 2417 2230 2216 2215 
11014 2578 17 322 329 
11015 2359 2186 2594 2206 
11016 2446 2424 2603 2426 
11017 2399 1508 1509 1432 
11018 2585 2267 2257 2254 
11019 2357 2358 2359 2594 
11020 2578 696 17 157 
11021 85 462 2237 323 
11022 2589 1381 62 323 
11023 2585 1877 1825 329 
11024 2585 462 504 2268 
11025 1612 2398 2397 2355 
11026 2359 1826 1825 1846 
11027 2359 328 1825 1826 
11028 2589 712 2600 1156 
11029 2602 2603 2469 2601 
11030 2589 1153 2600 1524 
11031 2396 1252 2584 1206 
11032 1150 930 160 1152 
11033 1459 2554 1546 1597 
11034 562 103 2136 102 
11035 2585 2234 2249 2268 
11036 2585 1825 1877 2267 
11037 2578 392 2590 503 
11038 2549 1459 1546 1471 
11039 2591 2416 2417 2261 
11040 2591 2416 2250 1855 
11041 2237 504 462 2268 
11042 2589 712 1156 322 
11043 322 1877 461 2585 
11044 2548 2562 2550 1547 
11045 2563 732 1144 731 
11046 2554 2549 1391 1459 
11047 2554 1391 1597 1459 
11048 1877 18 322 86 
11049 2446 1834 1853 1852 
11050 2578 157 17 329 
11051 504 53 2237 323 
11052 329 18 322 1877 
11053 2564 392 2578 1519 
11054 2597 501 2590 502 
11055 2585 2359 1874 2254 
11056 2579 2251 2176 587 
11057 2602 2590 2597 501 
11058 2358 2593 1828 1829 
11059 2356 2549 1609 1551 
11060 2357 2359 2590 2594 
11061 2416 2254 2359 2265 
11062 2456 2601 1824 324 
11063 2603 2225 2604 2240 
11064 2417 2222 2592 2192 
11065 2590 2185 2585 503 
11066 2446 1831 2593 2424 
11067 2592 1831 2593 1829 
11068 1862 2416 2592 1856 
11069 2585 2265 2359 2254 
11070 2585 2257 2265 2254 
11071 2592 2358 2594 1827 
11072 2358 1839 1845 1828 
11073 2234 2237 583 2268 
11074 2416 1821 1855 1870 
11075 2592 2189 2594 2593 
11076 2592 2189 2424 2192 
11077 2359 1846 1874 1821 
11078 2603 2424 2190 2212 
11079 2592 1829 2358 1827 
11080 2237 462 504 323 
11081 2585 2185 2234 2268 
11082 2578 392 2597 2590 
11083 319 1611 1153 53 
11084 2237 2185 504 2268 
11085 2222 2592 2192 2189 
11086 2446 1834 1859 1853 
11087 85 2237 462 2268 
11088 85 2237 53 323 
11089 2583 2549 2356 1435 
11090 2589 17 2578 696 
11091 2249 2416 2255 2234 
11092 2579 2591 2573 2220 
11093 2446 1834 2575 1859 
11094 2234 583 584 2249 
11095 2234 583 2249 2268 
11096 583 2237 85 2268 
11097 2220 2579 2216 2232 
11098 2592 1827 2359 1862 
11099 2416 2592 2417 2594 
11100 2234 584 2255 2249 
11101 2591 2416 2592 2417 
11102 2416 2265 2359 2249 
11103 2563 1566 1472 1602 
11104 585 2181 584 2255 
11105 585 2248 2181 2255 
11106 2576 2264 2260 2247 
11107 2579 2245 2591 2261 
11108 2215 2248 586 2251 
11109 2215 585 586 2248 
11110 2215 2181 585 2248 
11111 2579 2203 2232 2220 
11112 2579 2176 2232 2223 
11113 2176 2251 586 587 
11114 2176 2215 586 2251 
11115 2417 2261 2579 2591 
11116 2590 2177 2594 2186 
11117 2446 2424 2575 1833 
11118 2359 1827 1846 1862 
11119 2592 1829 1827 1862 
11120 2416 2206 2359 2594 
11121 2446 2575 1834 1833 
11122 2585 1874 2359 1825 
11123 2587 1848 1847 1861 
11124 2206 2417 2230 2222 
11125 2573 2197 2574 2575 
11126 2417 2230 2222 2216 
11127 2416 2234 2359 2206 
11128 2594 2177 2187 2186 
11129 2597 1605 2394 390 
11130 2417 2255 2181 2248 
11131 2603 2594 2358 2188 
11132 2600 855 1152 1156 
11133 322 1877 2585 329 
11134 2573 2197 2575 2588 
11135 2591 1856 1855 1816 
11136 2592 1833 2574 2424 
11137 2417 2216 2222 2192 
11138 2427 2303 2292 2311 
11139 2574 2424 2575 2194 
11140 2416 2359 1846 1862 
11141 2576 2178 2226 2244 
11142 2173 544 99 2060 
11143 2382 2161 2030 2152 
11144 2515 1803 2514 2526 
11145 2514 1803 1784 1753 
11146 443 1753 1781 2160 
11147 2514 2162 2168 2160 
11148 2147 2060 100 545 
11149 2517 1777 1771 1808 
11150 2514 2060 2173 2147 
11151 2514 2070 2089 2039 
11152 1811 2145 81 563 
11153 2514 2039 2089 2067 
11154 2030 2161 542 2152 
11155 51 493 314 395 
11156 2173 568 2142 2147 
11157 2173 2039 544 2060 
11158 50 312 1593 1139 
11159 2170 444 1753 1774 
11160 79 565 2144 567 
11161 2516 1777 1791 1778 
11162 80 1774 79 2144 
11163 2144 2142 567 565 
11164 2170 2160 1753 444 
11165 567 2142 568 565 
11166 1811 81 1745 563 
11167 2382 2514 2168 2160 
11168 2140 446 2139 1809 
11169 2425 2213 2219 2194 
11170 80 79 565 2144 
11171 2516 564 2146 2137 
11172 2140 1813 1750 1784 
11173 80 445 1774 2144 
11174 567 2514 2144 2170 
11175 443 1781 2148 2160 
11176 2382 1781 2148 1744 
11177 311 924 886 1140 
11178 2540 1401 1499 1418 
11179 2173 568 2162 2142 
11180 2515 2137 2146 2141 
11181 2532 22 302 313 
11182 2151 544 2173 2039 
11183 442 2148 1781 1744 
11184 2568 1617 1572 1360 
11185 2380 2150 1788 2155 
11186 2514 2151 2173 2039 
11187 2382 2065 2377 2083 
11188 2546 2530 1758 1747 
11189 2586 1788 2150 2536 
11190 2514 1781 1753 2160 
11191 443 1781 442 2148 
11192 2382 1779 1803 1781 
11193 2139 1784 1809 1774 
11194 2382 1781 2514 2160 
11195 2425 1853 1867 1814 
11196 2156 442 1744 2148 
11197 2572 2540 760 851 
11198 443 444 1753 2160 
11199 2156 1744 441 1787 
11200 2536 2061 2040 2087 
11201 2382 2514 2067 2151 
11202 2375 1810 2376 1783 
11203 1853 2425 2426 1814 
11204 2524 1769 1760 1795 
11205 2514 2142 2138 2147 
11206 2030 2161 2067 542 
11207 2382 2514 1781 1803 
11208 2158 540 2073 2035 
11209 2154 2091 2172 537 
11210 1561 2534 2552 2555 
11211 2524 1760 2525 1761 
11212 2515 1778 1813 1803 
11213 2515 2063 2064 2077 
11214 2515 2077 2064 2099 
11215 2515 2070 2036 2099 
11216 2067 2151 543 2161 
11217 2067 543 2151 2039 
11218 2067 543 542 2161 
11219 1429 2570 1468 1520 
11220 2524 2081 2380 2096 
11221 52 1583 1142 316 
11222 2446 1853 1859 1867 
11223 541 2152 2030 542 
11224 2586 2087 2091 2074 
11225 2524 2377 2068 2096 
11226 2375 1797 2382 1744 
11227 2523 2510 2507 2525 
11228 2523 1762 2507 1763 
11229 2515 1813 1791 2140 
11230 2375 2382 2166 2156 
11231 2518 2523 1765 1789 
11232 2500 2507 2513 2510 
11233 2375 2382 2152 2166 
11234 2526 2377 2523 1789 
11235 2512 2129 2516 1799 
11236 2516 1745 1808 1794 
11237 2382 2168 2514 2151 
11238 2509 2516 2080 2085 
11239 2376 2377 2524 2096 
11240 2507 2530 1792 1762 
11241 2524 2068 2377 2523 
11242 2541 2049 2050 2051 
11243 2376 1764 2523 1789 
11244 2375 2377 1789 1783 
11245 2518 2513 2512 1770 
11246 2425 2446 1859 1867 
11247 2500 2109 2513 2115 
11248 2517 2063 2516 2094 
11249 2518 2507 2513 1766 
11250 2513 2506 2115 1793 
11251 2598 2601 2582 2596 
11252 2523 1761 1762 1763 
11253 2515 2517 2541 2054 
11254 2500 2119 2506 2107 
11255 1791 1745 2516 563 
11256 2380 2167 2150 2155 
11257 2514 1784 1774 1753 
11258 2518 2510 2541 2517 
11259 2514 567 2162 2170 
11260 2515 1778 2526 1777 
11261 2598 2595 2582 324 
11262 2516 2080 2031 2135 
11263 1809 2140 1784 2139 
11264 2514 2170 2162 2160 
11265 2515 2516 1778 1777 
11266 2516 2130 2080 2135 
11267 2515 2516 2063 2077 
11268 2516 1794 1799 2129 
11269 2375 1789 1797 1783 
11270 2140 447 1750 1811 
11271 81 448 1745 2134 
11272 2516 2135 564 2126 
11273 2516 2126 564 563 
11274 2147 2095 2138 2070 
11275 2140 447 446 1750 
11276 2382 2166 2156 2148 
11277 1811 1791 1750 2140 
11278 447 81 1811 2145 
11279 1811 1791 2140 2145 
11280 1809 2140 1750 1784 
11281 2070 2514 2138 2147 
11282 2139 1809 446 445 
11283 2598 2582 2601 324 
11284 2140 447 1811 2145 
11285 2382 2514 2515 2089 
11286 1774 2139 445 1809 
11287 2515 2036 2146 2097 
11288 1774 2139 2144 445 
11289 2456 2601 2469 1824 
11290 2140 446 1809 1750 
11291 101 564 2146 2097 
11292 2095 2141 546 2138 
11293 101 2135 564 2031 
11294 2518 2517 2541 2526 
11295 2516 2077 2094 2063 
11296 2515 2089 2070 2099 
11297 2070 2515 2036 2141 
11298 2516 2126 2130 2135 
11299 2515 2514 1813 2140 
11300 101 2031 564 2097 
11301 2512 1771 1799 1808 
11302 2515 2140 2137 2143 
11303 2382 1797 2526 1779 
11304 546 2141 2036 547 
11305 2380 2149 1749 1787 
11306 2128 1794 2129 1799 
11307 2515 2036 2097 2077 
11308 2382 2089 2515 2065 
11309 563 2145 1791 1811 
11310 2517 2063 2094 2057 
11311 2129 2509 2516 2132 
11312 2518 1770 2512 1767 
11313 2515 2143 2137 2141 
11314 2514 2173 2142 2147 
11315 2514 2140 2143 2139 
11316 1369 1149 320 1599 
11317 2548 700 1150 930 
11318 1369 320 1149 321 
11319 1584 1154 1583 321 
11320 2589 62 504 323 
11321 1584 1439 1583 1154 
11322 2548 1151 2562 1150 
11323 320 1599 1148 319 
11324 52 1154 1583 316 
11325 52 321 1583 1154 
11326 1439 1142 1604 1345 
11327 1439 1142 1345 318 
11328 1439 1583 1142 318 
11329 2562 700 915 1151 
11330 2600 712 855 1156 
11331 2562 2550 1547 1602 
11332 2562 1547 1604 1602 
11333 317 1345 1142 318 
11334 317 1593 1142 1399 
11335 50 1142 1593 312 
11336 317 1142 1345 1399 
11337 308 309 1134 1653 
11338 308 1139 1555 1134 
11339 308 1134 1555 1653 
11340 309 1653 1133 1134 
11341 2563 933 2550 803 
11342 2540 1429 1418 1559 
11343 2540 1559 1351 1660 
11344 1604 1400 1345 1142 
11345 1439 1583 1154 316 
11346 1345 1400 1399 1142 
11347 1439 1142 1583 316 
11348 2562 933 935 878 
11349 2540 1136 830 984 
11350 2570 2542 2560 1448 
11351 1399 1145 1400 1401 
11352 1593 1399 1555 1139 
11353 1400 1142 2562 1145 
11354 1399 312 1142 1145 
11355 1399 1142 1400 1145 
11356 2563 2540 1401 1145 
11357 1399 1139 312 1145 
11358 1369 1154 1584 321 
11359 2562 1154 1146 316 
11360 2554 713 2589 714 
11361 2548 878 915 700 
11362 2562 1604 1584 1439 
11363 2456 2315 2302 2305 
11364 2548 877 930 928 
11365 2584 1218 691 948 
11366 2563 803 2584 897 
11367 2563 2540 732 749 
11368 2549 1459 1458 1391 
11369 2570 1447 2542 1448 
11370 2396 1640 1191 1241 
11371 2568 1467 2569 1627 
11372 2355 1222 1255 1199 
11373 2549 790 791 802 
11374 2570 799 2572 2571 
11375 2540 1131 1136 1135 
11376 2568 2569 1360 1627 
11377 2540 886 830 1136 
11378 2540 682 984 890 
11379 2542 1352 1534 1448 
11380 2540 830 732 749 
11381 2540 890 749 760 
11382 2540 830 749 890 
11383 2571 1540 1468 1619 
11384 2540 984 830 890 
11385 2572 1468 2571 1495 
11386 2566 1415 1138 314 
11387 2396 1640 1617 1191 
11388 1144 1143 924 311 
11389 1144 1143 731 730 
11390 1144 731 732 730 
11391 1144 315 770 1143 
11392 1144 311 1131 1145 
11393 2563 1428 1566 1402 
11394 731 935 676 1143 
11395 731 1143 676 730 
11396 676 1143 935 770 
11397 676 162 730 1143 
11398 1144 730 732 886 
11399 2563 1144 2540 1145 
11400 2548 877 928 790 
11401 2562 935 1144 770 
11402 676 770 163 1143 
11403 1144 770 935 1143 
11404 2562 1604 1439 1142 
11405 2356 1539 1348 1270 
11406 2563 2562 1144 1145 
11407 2548 802 877 790 
11408 2550 802 791 803 
11409 2570 2571 2572 1468 
11410 2584 1572 2568 1617 
11411 2356 2396 679 1220 
11412 2562 2563 1604 1400 
11413 1144 935 731 1143 
11414 2568 1219 2569 1258 
11415 2356 1270 1221 1240 
11416 2548 1150 2600 930 
11417 2540 682 2566 1135 
11418 2570 2542 778 950 
11419 2584 803 814 903 
11420 2570 950 2571 2560 
11421 2540 1133 1134 1135 
11422 2562 1155 315 1146 
11423 2540 760 851 890 
11424 2550 2549 791 802 
11425 886 1131 732 1144 
11426 984 1136 165 1135 
11427 984 164 1136 886 
11428 984 165 1136 164 
11429 1631 1133 1138 310 
11430 1559 2570 1429 1520 
11431 2542 865 683 779 
11432 2540 732 830 886 
11433 309 1351 1133 1653 
11434 1136 164 1140 886 
11435 1136 1140 1131 886 
11436 164 20 1140 924 
11437 984 682 1137 165 
11438 1555 1134 1499 1653 
11439 2570 799 950 851 
11440 2570 778 2542 2566 
11441 1144 1143 730 924 
11442 2562 1149 1146 1154 
11443 317 1593 50 1142 
11444 50 1593 308 1139 
11445 2558 1205 2556 819 
11446 164 924 1140 886 
11447 2548 1369 2600 1149 
11448 886 1144 730 924 
11449 924 730 162 1143 
11450 2570 1520 1559 1660 
11451 161 19 914 1155 
11452 914 915 2562 770 
11453 1418 2563 1401 1402 
11454 2563 2562 1604 1602 
11455 914 315 19 1143 
11456 2456 2602 2598 2205 
11457 2572 826 799 798 
11458 2563 1400 1145 1401 
11459 161 1151 1155 915 
11460 2396 971 1206 948 
11461 914 163 770 1143 
11462 962 2566 1141 313 
11463 2568 1258 1218 1252 
11464 2562 315 914 770 
11465 886 1131 311 1140 
11466 2562 1369 1149 1154 
11467 2562 1155 1151 915 
11468 2562 315 1145 316 
11469 2554 714 722 713 
11470 2550 2584 1483 1472 
11471 914 19 163 1143 
11472 914 1143 770 315 
11473 2563 2568 759 897 
11474 161 1151 915 700 
11475 2562 1151 1155 1146 
11476 2562 1439 1584 1154 
11477 160 930 159 1152 
11478 2600 930 855 928 
11479 2589 1381 1365 62 
11480 2562 1439 1154 316 
11481 1547 2548 1369 1546 
11482 2600 855 930 1152 
11483 2589 713 712 696 
11484 2600 1152 1147 1156 
11485 1612 2398 2355 1615 
11486 159 1152 930 855 
11487 159 1156 942 18 
11488 855 712 942 1156 
11489 158 322 712 17 
11490 159 1152 855 1156 
11491 158 1156 322 18 
11492 158 1156 712 322 
11493 329 158 17 322 
11494 2564 392 1519 1374 
11495 2589 1383 1365 1382 
11496 2548 2549 802 790 
11497 2564 972 705 973 
11498 2589 17 712 322 
11499 2564 2583 2589 2578 
11500 2598 2596 2602 2601 
11501 2355 868 2378 989 
11502 2355 1199 2378 1392 
11503 2548 915 2562 700 
11504 311 924 1140 20 
11505 2550 1483 1460 1472 
11506 2562 770 1144 315 
11507 2548 1151 1150 700 
11508 2550 1472 1460 1471 
11509 2600 855 712 713 
11510 2563 732 731 733 
11511 2378 2395 2341 868 
11512 2600 1149 1369 1599 
11513 1148 1524 319 1599 
11514 2550 1547 1471 1546 
11515 2355 1612 2378 2397 
11516 319 1611 1524 1153 
11517 2589 2583 1519 1383 
11518 2589 1153 1381 323 
11519 2589 1382 1365 1381 
11520 2564 2597 1374 1605 
11521 1611 1153 53 323 
11522 1611 1381 1153 323 
11523 1611 53 394 323 
11524 2554 1524 1597 1382 
11525 2548 2554 2549 790 
11526 2550 933 802 803 
11527 394 62 1381 323 
11528 320 1599 1149 1148 
11529 2562 1151 1146 1150 
11530 1611 1524 1153 1381 
11531 2554 2589 1382 1383 
11532 2589 504 62 393 
11533 2564 1453 2398 1473 
11534 2357 1826 2590 2359 
11535 2589 1519 1365 1383 
11536 2597 2596 155 327 
11537 2564 2397 2398 804 
11538 2564 1519 2583 1453 
11539 394 504 62 323 
11540 2597 705 156 155 
11541 2356 789 766 882 
11542 2583 785 784 804 
11543 2355 804 946 785 
11544 2578 328 156 157 
11545 2564 705 2394 973 
11546 973 2564 972 804 
11547 2578 2590 2597 327 
11548 2598 389 500 390 
11549 2397 1612 1642 1473 
11550 766 2554 714 722 
11551 2378 1481 2341 1620 
11552 2585 1825 2359 328 
11553 2355 989 1222 723 
11554 2597 1605 390 391 
11555 2583 1435 2398 1453 
11556 2398 1539 1615 1454 
11557 2357 2597 2590 327 
11558 2564 1641 1519 1453 
11559 2578 156 2597 705 
11560 2339 2341 860 823 
11561 1509 2395 1537 2397 
11562 2469 2304 2297 2313 
11563 2597 155 2596 2394 
11564 2554 2589 1524 1382 
11565 2564 2583 2398 1453 
11566 2564 1605 2397 2394 
11567 2578 2590 2585 503 
11568 2394 2598 390 2399 
11569 2585 329 1825 328 
11570 1551 2398 1454 1539 
11571 2548 2600 1150 1149 
11572 2564 850 2583 2578 
11573 2598 2399 2582 2595 
11574 2355 2397 868 943 
11575 2349 762 761 711 
11576 2564 1519 2589 2583 
11577 2597 2394 705 155 
11578 2378 2397 2395 868 
11579 2339 1211 1242 1268 
11580 2456 2184 2231 2205 
11581 2589 696 712 17 
11582 2399 1389 1432 1430 
11583 2397 973 2394 840 
11584 2578 328 157 329 
11585 2396 1483 2584 1617 
11586 2398 1473 1615 1612 
11587 2356 1348 1539 1551 
11588 2356 1221 1241 1220 
11589 2355 1190 870 723 
11590 2583 714 850 784 
11591 2356 882 785 870 
11592 2600 1524 1148 1599 
11593 2564 2597 2394 705 
11594 679 205 1190 1220 
11595 679 1190 205 870 
11596 2396 1483 1609 1460 
11597 205 870 1190 204 
11598 679 1220 971 206 
11599 2583 766 2356 2549 
11600 2356 1241 2396 1220 
11601 2564 2589 1519 2578 
11602 2356 2396 2549 789 
11603 1190 1222 204 723 
11604 1190 204 870 723 
11605 2583 2398 2356 785 
11606 2356 940 882 679 
11607 1269 2356 1270 1221 
11608 2554 1524 2589 2600 
11609 1222 989 203 723 
11610 2356 1609 2396 1348 
11611 2399 1380 2334 1364 
11612 1222 203 989 1200 
11613 1222 989 1255 1200 
11614 1615 2355 1240 2398 
11615 2349 2341 2395 860 
11616 2554 2589 2583 714 
11617 2583 2356 2398 1435 
11618 2398 2397 1473 1612 
11619 2396 2584 1191 1617 
11620 1269 2356 1348 1270 
11621 1240 1392 1270 1199 
11622 1270 2398 1539 1615 
11623 351 1270 1392 1199 
11624 351 1392 350 1199 
11625 351 1270 1539 1392 
11626 351 1270 352 1539 
11627 2589 322 2578 17 
11628 2554 1435 2583 1383 
11629 2456 2595 486 499 
11630 2339 823 824 808 
11631 2583 2356 766 785 
11632 1348 353 1640 1269 
11633 1348 352 353 1269 
11634 2396 1269 1348 1640 
11635 1640 1617 1191 353 
11636 1640 1191 1269 353 
11637 2398 1270 2356 1240 
11638 2396 2584 971 948 
11639 2584 1252 1191 1617 
11640 2396 2550 1483 1460 
11641 2548 2562 1151 700 
11642 2584 691 903 948 
11643 2549 1460 1609 1458 
11644 2549 789 722 766 
11645 2548 928 2554 790 
11646 2563 1403 1566 1602 
11647 2563 2550 2584 803 
11648 2396 1191 1206 1241 
11649 2584 814 971 948 
11650 2563 1428 2568 1566 
11651 2562 1150 1146 1149 
11652 2549 1460 1459 1471 
11653 2562 915 935 770 
11654 2600 1597 1524 1599 
11655 2563 759 733 897 
11656 2562 2563 1400 1145 
11657 2584 1483 1572 1617 
11658 2355 2397 2378 868 
11659 161 1151 700 160 
11660 2562 1142 1439 316 
11661 2356 1435 2549 1551 
11662 789 2396 791 940 
11663 2583 1435 1453 1383 
11664 2562 1584 1369 1154 
11665 2554 2548 1546 2600 
11666 2355 2398 804 785 
11667 2550 1471 2549 1546 
11668 2355 2356 785 870 
11669 679 205 1220 206 
11670 2598 499 500 389 
11671 1547 2548 2562 1369 
11672 2584 1218 1206 1252 
11673 2563 732 733 749 
11674 971 1206 948 206 
11675 2548 1546 2600 1369 
11676 2563 2568 2550 1472 
11677 2554 722 928 713 
11678 2563 1472 2550 1602 
11679 2396 1206 2584 948 
11680 2568 1219 1617 1360 
11681 2570 2560 2542 950 
11682 2600 1369 1546 1599 
11683 1194 691 1218 208 
11684 691 208 207 1218 
11685 691 207 948 1218 
11686 691 1194 958 982 
11687 2598 2595 499 389 
11688 2602 2177 2205 2188 
11689 161 1155 914 915 
11690 1400 1142 1604 2562 
11691 948 207 206 1206 
11692 204 1222 203 723 
11693 2356 1220 679 1190 
11694 2570 2540 2566 1660 
11695 2584 2568 897 843 
11696 2550 1460 2549 1471 
11697 2572 760 759 798 
11698 2571 1376 2569 1495 
11699 2548 2562 1369 1149 
11700 2550 1472 1471 1602 
11701 2356 1609 1348 1551 
11702 1369 1149 1154 321 
11703 2563 2584 2568 897 
11704 208 1194 982 209 
11705 2569 1651 1360 1627 
11706 2558 997 779 871 
11707 2572 2569 826 798 
11708 1194 209 707 982 
11709 1194 707 209 1228 
11710 2558 982 707 826 
11711 2568 2569 798 958 
11712 2584 897 803 903 
11713 2558 997 2560 779 
11714 2569 1467 1495 1627 
11715 1651 1219 2569 1360 
11716 1219 354 1360 355 
11717 2568 1617 1219 1252 
11718 1219 355 1360 1651 
11719 2357 1827 2358 1817 
11720 1219 1207 355 1651 
11721 2584 1483 1472 1572 
11722 1219 354 1617 1360 
11723 1219 354 1191 1617 
11724 2563 2572 2568 1428 
11725 1219 1617 1191 1252 
11726 1429 2570 2572 1468 
11727 1207 356 355 1651 
11728 2572 2540 749 760 
11729 2563 733 731 734 
11730 1207 1223 356 1376 
11731 1207 356 1651 1376 
11732 2569 1376 1651 1495 
11733 2563 732 2540 1144 
11734 1191 353 1617 354 
11735 2396 2549 2550 1460 
11736 2396 1269 1640 1241 
11737 2572 1429 1428 1418 
11738 2569 1376 1207 1651 
11739 2572 798 799 760 
11740 2572 2540 1429 1418 
11741 2584 2568 691 1218 
11742 2550 2396 791 2549 
11743 2568 1219 1258 1252 
11744 2563 1403 1400 1402 
11745 2568 1512 1467 1627 
11746 2584 2568 1252 1617 
11747 2568 843 759 897 
11748 2584 903 814 948 
11749 2584 897 903 843 
11750 2356 1190 679 870 
11751 1348 1539 352 1270 
11752 1348 352 1269 1270 
11753 2356 1221 1269 1241 
11754 1640 1269 1191 1241 
11755 2398 1454 1435 1551 
11756 1615 1392 1270 1240 
11757 2568 1512 1428 1467 
11758 2396 1252 1206 1191 
11759 2550 791 2584 803 
11760 826 2572 2571 2569 
11761 2558 834 2553 997 
11762 2396 2584 1252 1191 
11763 2584 2568 843 691 
11764 1194 691 208 982 
11765 2550 1471 1547 1602 
11766 1651 1219 1207 2569 
11767 2556 1488 1376 1503 
11768 2552 1503 2556 2553 
11769 2557 1187 709 999 
11770 1205 1226 820 211 
11771 1205 820 819 211 
11772 2555 1001 2561 822 
11773 2561 1205 1253 1226 
11774 2533 169 168 865 
11775 2555 1561 1444 1562 
11776 2555 965 775 893 
11777 2561 821 820 822 
11778 2552 1001 911 822 
11779 2561 999 820 1226 
11780 2561 820 1205 1226 
11781 2561 1489 1668 1224 
11782 2551 2552 2553 2559 
11783 1194 691 958 2569 
11784 2566 962 682 991 
11785 2558 2556 2553 834 
11786 2566 682 1137 1135 
11787 2558 1223 2556 1262 
11788 2566 682 890 991 
11789 2566 1132 313 314 
11790 2558 2553 2560 997 
11791 2556 2561 1224 1489 
11792 2505 2472 2522 797 
11793 2542 2560 779 950 
11794 2570 1619 1468 1520 
11795 2542 1447 2566 1415 
11796 1193 1223 1488 357 
11797 2552 2553 2559 1568 
11798 1193 1488 358 357 
11799 2531 496 2033 2042 
11800 1193 358 1489 1224 
11801 1193 358 1488 1489 
11802 2559 2553 2551 865 
11803 2557 1248 1187 1226 
11804 2557 1563 1562 1378 
11805 1418 2572 2540 2563 
11806 2539 685 23 2545 
11807 2556 1223 2571 1376 
11808 2560 1666 1540 1448 
11809 2553 899 865 997 
11810 2602 2205 2177 501 
11811 2542 63 1352 1415 
11812 1223 1376 1488 357 
11813 2602 2603 2601 2358 
11814 1257 2522 2557 1187 
11815 2558 2569 982 826 
11816 2558 2571 2556 1223 
11817 2558 871 834 997 
11818 2556 819 1205 820 
11819 1615 1392 1539 1270 
11820 2584 843 903 691 
11821 210 707 819 1228 
11822 2557 1563 2555 1562 
11823 2561 820 999 894 
11824 2556 1488 1490 1489 
11825 2563 759 2568 2572 
11826 2569 1194 1218 1258 
11827 2571 1376 1495 1540 
11828 962 2566 313 746 
11829 2553 1568 1666 1534 
11830 2542 2553 865 779 
11831 2572 1468 1495 1467 
11832 2396 1609 2549 1460 
11833 830 886 984 1136 
11834 2571 2569 1376 1223 
11835 948 207 1206 1218 
11836 209 707 210 1228 
11837 2602 2188 2603 2358 
11838 2552 821 2561 822 
11839 2563 2572 749 759 
11840 2563 2550 2562 1602 
11841 2602 2358 2594 2188 
11842 2571 1540 2560 1503 
11843 2558 1262 1228 1264 
11844 2570 2540 2572 851 
11845 2569 1207 1258 1219 
11846 2552 1490 1568 1580 
11847 2540 886 1136 1131 
11848 2571 1540 1495 1468 
11849 2540 1499 1134 1653 
11850 2569 1194 1258 1264 
11851 2540 2566 682 890 
11852 2563 734 731 935 
11853 2398 1454 1615 1473 
11854 950 2558 799 2571 
11855 2568 798 759 843 
11856 1262 2558 1205 2556 
11857 2563 734 935 933 
11858 1399 1401 1139 1145 
11859 2522 2555 2544 1634 
11860 2552 1568 2559 1371 
11861 2560 1540 1619 1448 
11862 2557 1562 2555 1636 
11863 2553 702 899 911 
11864 2563 1566 2568 1472 
11865 2553 865 779 997 
11866 210 1205 819 211 
11867 2571 1376 1540 1503 
11868 494 2538 2546 2532 
11869 2570 778 2566 851 
11870 1559 2570 2540 1429 
11871 2532 2157 2536 2171 
11872 2533 63 314 493 
11873 2552 1491 1670 1561 
11874 2552 1490 1503 1568 
11875 2534 1371 398 1530 
11876 2551 171 2521 170 
11877 2559 398 2534 1371 
11878 2542 168 683 865 
11879 1807 77 2123 451 
11880 2535 400 2545 1354 
11881 2539 2555 1001 2534 
11882 2361 2367 120 2353 
11883 1631 1133 310 1351 
11884 2566 1351 1133 1631 
11885 310 1631 1575 1138 
11886 2540 1131 1144 732 
11887 1575 1138 314 51 
11888 2568 2569 1219 1360 
11889 2540 1131 732 886 
11890 2570 2560 1619 1448 
11891 2540 1351 2566 1660 
11892 2566 1660 1351 1631 
11893 2361 2379 2368 2360 
11894 2563 933 803 897 
11895 2540 1351 1559 1653 
11896 2566 1133 1132 1138 
11897 2540 1145 1131 1139 
11898 2551 2521 304 170 
11899 2361 379 1335 380 
11900 2558 1194 2569 1264 
11901 1131 312 1139 1145 
11902 2569 1223 1207 1376 
11903 2542 746 778 683 
11904 2566 778 962 991 
11905 2571 2560 1540 1619 
11906 2356 2396 940 679 
11907 2560 1503 1540 1666 
11908 2552 2561 1001 822 
11909 2560 1534 1666 1448 
11910 63 314 395 1415 
11911 493 395 63 314 
11912 2533 396 63 493 
11913 2535 400 1354 1517 
11914 592 593 2270 591 
11915 2532 2171 2163 459 
11916 493 460 51 314 
11917 2361 379 1286 1335 
11918 1575 1631 1415 1138 
11919 1575 1138 1415 314 
11920 2542 1447 1352 1448 
11921 2556 1376 2571 1503 
11922 2542 22 2532 313 
11923 1575 1415 395 314 
11924 2540 1133 1653 1134 
11925 1418 2572 2563 1428 
11926 2558 1228 1194 1264 
11927 2569 958 1194 982 
11928 313 906 962 746 
11929 313 906 1141 962 
11930 2361 2360 2368 113 
11931 906 167 746 313 
11932 313 906 167 21 
11933 1137 682 962 166 
11934 962 166 906 1141 
11935 906 166 21 1141 
11936 2566 1415 1631 1138 
11937 2540 1401 1145 1139 
11938 2553 834 821 899 
11939 2396 2550 2584 1483 
11940 2540 1499 1555 1134 
11941 826 2572 799 2571 
11942 2558 1223 1262 1264 
11943 2559 2542 1352 1534 
11944 2566 962 1137 682 
11945 2540 2566 1133 1135 
11946 2540 1139 1555 1401 
11947 2570 2572 799 851 
11948 313 906 21 1141 
11949 167 22 746 313 
11950 2542 2559 2533 865 
11951 2327 1294 2331 2473 
11952 21 302 167 313 
11953 2542 314 63 1415 
11954 2540 1418 1499 1559 
11955 2558 1205 819 1228 
11956 1137 166 962 1141 
11957 2532 2172 493 460 
11958 436 498 49 301 
11959 662 2327 2348 2331 
11960 2533 493 314 460 
11961 398 2535 496 2538 
11962 2542 2533 63 314 
11963 2040 493 2532 2536 
11964 2534 2535 2539 1517 
11965 2551 2534 2535 861 
11966 2538 398 495 496 
11967 2534 398 2535 1530 
11968 2538 495 398 397 
11969 2586 2167 2159 2169 
11970 2559 397 1534 396 
11971 2566 1660 1631 1447 
11972 1194 691 2569 1218 
11973 2535 171 861 848 
11974 2559 2542 2533 1352 
11975 1297 2327 2464 1296 
11976 2534 1670 1530 1517 
11977 2538 2521 2535 496 
11978 436 2113 2124 2537 
11979 2327 2464 2466 1298 
11980 2524 2523 2047 2068 
11981 2123 451 2110 1804 
11982 398 2535 399 496 
11983 2534 1561 2539 2555 
11984 2536 493 2172 2040 
11985 2523 2524 1761 2376 
11986 2586 2536 2546 1801 
11987 2536 2172 2154 2091 
11988 2538 494 2546 495 
11989 2525 1762 1761 1759 
11990 2327 628 2464 2473 
11991 2530 1758 1747 1757 
11992 2172 2532 2536 2163 
11993 1759 2525 2530 1760 
11994 305 2531 2546 1747 
11995 2327 628 2466 2464 
11996 2546 2530 2565 1758 
11997 2375 2380 2073 2096 
11998 2541 2377 2065 2075 
11999 2586 2087 2055 2061 
12000 2546 2061 2565 2033 
12001 2167 2586 2380 2150 
12002 779 950 2558 871 
12003 2375 2152 2382 2377 
12004 2586 1769 2546 2565 
12005 2506 2101 2115 1793 
12006 2528 2530 1757 1792 
12007 2527 1751 2106 1785 
12008 1788 1749 2155 439 
12009 1788 2155 2150 439 
12010 1788 2150 438 439 
12011 2524 2068 2081 2096 
12012 2541 2065 2054 2075 
12013 2172 2532 2163 460 
12014 1788 438 2150 1805 
12015 2540 984 682 1135 
12016 2159 2074 538 539 
12017 2524 2046 2055 2081 
12018 2532 313 459 460 
12019 2380 2081 2035 2096 
12020 2526 2375 1789 1797 
12021 2158 2073 541 2152 
12022 2158 2073 540 541 
12023 2382 2030 2377 2152 
12024 2586 1788 2536 1801 
12025 2153 540 2158 2035 
12026 2380 1769 1795 1788 
12027 2375 2165 2149 2164 
12028 2586 2546 1769 1801 
12029 1749 440 2155 439 
12030 2559 1568 1534 1371 
12031 309 310 1133 1351 
12032 2377 2068 2069 2050 
12033 2538 2531 2546 2521 
12034 2540 851 2566 890 
12035 1806 437 2171 78 
12036 2532 303 2546 1775 
12037 1806 78 2171 459 
12038 2565 2044 2046 2045 
12039 1806 1805 2171 437 
12040 2536 2172 2163 2154 
12041 2532 302 22 168 
12042 984 1135 1137 682 
12043 2532 2157 2171 1805 
12044 2542 1534 2559 2560 
12045 1806 459 313 78 
12046 2566 890 851 991 
12047 2566 1447 1631 1415 
12048 2327 1298 1331 1295 
12049 2566 851 778 991 
12050 2150 2157 1805 438 
12051 1805 437 438 2157 
12052 2566 1132 1141 313 
12053 2565 2046 2524 2045 
12054 2566 1141 1132 1137 
12055 2546 1769 1775 1758 
12056 2380 2153 2158 2035 
12057 2150 2169 2586 2536 
12058 2536 2157 2150 2169 
12059 2536 1788 1805 1801 
12060 1761 2376 1782 1764 
12061 2586 2159 2536 2169 
12062 2159 2091 538 2074 
12063 2524 2068 2047 2046 
12064 2536 2163 2157 2169 
12065 21 302 313 1806 
12066 1137 682 166 165 
12067 2159 539 2153 2074 
12068 2565 2530 2524 1760 
12069 2536 2171 2157 2163 
12070 2536 1805 2150 2157 
12071 2566 746 962 778 
12072 2167 2586 2150 2169 
12073 2572 760 799 851 
12074 2565 2524 2530 2045 
12075 2536 1805 1788 2150 
12076 2375 2166 2152 2164 
12077 2565 1769 1758 1760 
12078 2172 2040 2092 2091 
12079 2536 2040 2091 2087 
12080 2500 2098 2511 2034 
12081 2154 2091 537 538 
12082 2542 779 778 950 
12083 493 460 2092 51 
12084 2532 1754 1775 1801 
12085 2568 1428 2572 1467 
12086 310 1138 1575 51 
12087 2540 1559 1499 1653 
12088 51 2092 84 460 
12089 1575 314 395 51 
12090 1806 78 313 21 
12091 2380 2155 1749 2149 
12092 2542 313 746 22 
12093 2568 798 2572 759 
12094 2172 2092 493 460 
12095 1555 1139 1399 1401 
12096 2542 2533 168 865 
12097 2073 2030 541 2152 
12098 2382 2161 2168 2151 
12099 924 162 20 1143 
12100 2532 2546 2536 1801 
12101 1593 1142 1399 312 
12102 2563 1566 1403 1402 
12103 1131 311 312 1145 
12104 2380 2158 2153 2165 
12105 1801 2532 1805 2536 
12106 2380 2153 2167 2165 
12107 2559 169 2533 865 
12108 2546 2061 2040 2536 
12109 2527 2104 2037 2071 
12110 2532 2171 2536 2163 
12111 2327 1331 1294 1295 
12112 2586 2087 2536 2091 
12113 2149 441 440 1787 
12114 2525 2530 1762 1759 
12115 2528 1804 1751 1776 
12116 2565 1758 2530 1760 
12117 2375 2166 2164 2156 
12118 2507 2076 2525 2049 
12119 2376 2523 2377 1789 
12120 2159 2091 2154 538 
12121 2532 303 168 169 
12122 2045 2524 2047 2046 
12123 2382 1797 1781 1744 
12124 2537 2113 2124 2105 
12125 2532 2163 460 459 
12126 2565 2524 1769 1760 
12127 2500 2079 2108 2107 
12128 2565 2043 2530 2531 
12129 2376 1760 2524 1761 
12130 1561 2534 1670 2552 
12131 2380 2165 2167 2155 
12132 2172 2091 2092 537 
12133 2546 1758 1775 1747 
12134 2565 2061 2055 2044 
12135 2172 493 2092 2040 
12136 2380 2074 2153 2035 
12137 2536 2163 2169 2154 
12138 2553 779 2560 997 
12139 2113 435 2537 436 
12140 2533 493 460 2532 
12141 2530 1762 1759 1792 
12142 2546 1775 1769 1801 
12143 2095 2138 546 545 
12144 2147 2095 2070 2060 
12145 2141 2095 2070 2138 
12146 2095 2060 2147 545 
12147 2095 2147 2138 545 
12148 2095 2036 546 2141 
12149 2515 2143 2141 2138 
12150 1318 2327 1331 1294 
12151 2514 1813 2140 1784 
12152 2375 2149 2380 1787 
12153 2141 2095 2036 2070 
12154 2515 2516 2146 2137 
12155 2514 2173 2151 2162 
12156 2514 1784 2140 2139 
12157 2518 2512 2510 2517 
12158 95 536 2002 534 
12159 307 173 300 24 
12160 394 504 323 53 
12161 71 535 2001 70 
12162 492 45 279 408 
12163 498 49 301 401 
12164 2453 1528 1398 1607 
12165 2450 2453 2452 845 
12166 2450 2453 2503 1645 
12167 2501 1440 1441 1478 
12168 2501 1442 1510 1441 
12169 2501 1441 1590 1478 
12170 2501 1510 1590 1441 
12171 405 2477 404 2439 
12172 952 2449 704 185 
12173 2439 1373 1621 1542 
12174 2439 490 406 405 
12175 2449 283 2477 1677 
12176 2439 405 1373 404 
12177 2439 406 1621 405 
12178 2439 1621 1373 405 
12179 2438 846 849 704 
12180 2433 765 783 782 
12181 2438 1373 2439 1542 
12182 2438 1518 1373 1542 
12183 2438 1515 1373 1518 
12184 2448 1687 1689 1688 
12185 2438 1518 1606 1515 
12186 2445 959 864 1000 
12187 2445 2504 2438 1606 
12188 2445 1442 1628 1533 
12189 2442 1896 2028 1947 
12190 65 403 487 2442 
12191 65 403 2442 2444 
12192 2444 403 488 404 
12193 1106 953 1115 1111 
12194 1890 1935 1960 2483 
12195 2435 1480 1518 1542 
12196 2435 996 783 873 
12197 2433 1434 2407 1451 
12198 2433 2439 1621 1542 
12199 2400 724 2443 1196 
12200 2443 1479 1393 1227 
12201 2443 1260 1263 1196 
12202 2443 1263 1260 1227 
12203 2454 1347 1635 1556 
12204 2440 864 975 810 
12205 2454 2440 1265 1202 
12206 2440 1196 2443 810 
12207 2440 1214 1196 810 
12208 2440 1265 1202 1260 
12209 2440 1260 2443 1196 
12210 2440 1214 1260 1196 
12211 2440 975 1214 810 
12212 2440 1265 1260 1214 
12213 2454 1259 2457 1213 
12214 921 887 807 2457 
12215 895 2453 2452 2547 
12216 1564 2453 2547 2452 
12217 2452 1474 1475 1476 
12218 2452 1476 1475 1514 
12219 2451 2501 2454 1510 
12220 2451 1635 1476 1556 
12221 2454 841 2501 921 
12222 2454 887 841 921 
12223 2454 864 2440 2445 
12224 2454 864 2445 841 
12225 2454 2501 2445 1510 
12226 2454 841 2445 2501 
12227 1497 1216 2557 1378 
12228 2555 822 2561 894 
12229 2555 892 822 894 
12230 2555 893 892 894 
12231 2555 775 892 893 
12232 2472 992 774 852 
12233 2544 2539 1354 1444 
12234 2505 828 957 796 
12235 2472 852 965 797 
12236 2472 852 758 888 
12237 2519 1216 2522 1497 
12238 2472 852 797 758 
12239 2522 965 2555 893 
12240 2522 967 965 893 
12241 2557 1216 2522 1257 
12242 2557 1187 999 1226 
12243 2522 709 967 893 
12244 2522 828 967 709 
12245 1354 2544 2471 2539 
12246 2535 2539 172 848 
12247 2544 1354 1443 1444 
12248 2539 774 775 965 
12249 2539 774 2471 745 
12250 306 305 1756 2531 
12251 2520 435 2537 1807 
12252 2537 2124 2041 2090 
12253 2519 2529 1216 1497 
12254 2546 2586 2061 2536 
12255 2539 2545 172 685 
12256 2539 172 848 685 
12257 2539 2545 2471 1354 
12258 2539 685 775 774 
12259 2539 2472 2471 774 
12260 2539 775 2555 965 
12261 2539 848 775 685 
12262 2327 1295 1294 1293 
12263 2539 892 2555 775 
12264 2539 848 892 775 
12265 2539 685 745 23 
12266 2552 2556 1490 1489 
12267 2553 2560 1666 1503 
12268 2559 2533 397 396 
12269 2534 1001 861 911 
12270 2534 1371 1530 1580 
12271 2542 22 683 168 
12272 2552 1568 1371 1580 
12273 2551 2538 2535 2534 
12274 2327 1294 2473 1293 
12275 460 313 2533 2532 
12276 2521 497 2535 496 
12277 2123 2527 2110 2113 
12278 2521 170 171 305 
12279 2546 304 305 1747 
12280 2542 1534 2560 1448 
12281 2537 498 2041 2124 
12282 2521 304 170 305 
12283 1755 1804 2528 1776 
12284 2327 1295 1293 1296 
12285 2546 2565 2531 2033 
12286 2565 2044 2055 2046 
12287 2531 2033 2043 2042 
12288 2531 2033 2044 2043 
12289 2537 2062 2041 2042 
12290 2537 2041 2062 2090 
12291 2113 2527 2105 2537 
12292 1755 306 2537 2520 
12293 2530 1760 1758 1759 
12294 2546 2531 2530 1747 
12295 2045 2565 2043 2530 
12296 2527 2110 2113 2121 
12297 2527 2111 2037 2104 
12298 2524 2380 1769 1795 
12299 2524 2046 2081 2068 
12300 2376 1760 1761 1782 
12301 2507 2508 2506 1786 
12302 2525 2045 2047 2048 
12303 2518 2526 2523 1789 
12304 2380 2159 2153 2074 
12305 2525 2048 2047 2049 
12306 2047 2523 2049 2050 
12307 2507 1790 1802 1773 
12308 1786 2528 2527 1800 
12309 2326 1011 1319 1272 
12310 1786 2507 2508 2528 
12311 307 300 1807 24 
12312 2528 2078 2043 2045 
12313 2117 2508 2118 2106 
12314 306 1755 2537 2531 
12315 2508 2086 2078 2072 
12316 2527 2037 2111 2090 
12317 2528 1757 1776 1792 
12318 2527 1751 1785 1800 
12319 2527 2110 2121 2102 
12320 2528 2531 2530 2043 
12321 24 77 300 1807 
12322 2531 306 1755 1756 
12323 77 435 300 1807 
12324 2528 1792 2507 2530 
12325 1751 1800 2528 1776 
12326 2527 2104 2508 2118 
12327 2527 2111 2104 2118 
12328 2113 2527 2121 2105 
12329 2527 2121 2105 2111 
12330 2527 2121 2118 2102 
12331 2527 2118 2121 2111 
12332 2512 1771 1767 1770 
12333 2512 1772 1799 1771 
12334 2080 2127 2509 2038 
12335 2058 2085 2057 2517 
12336 2512 1772 1770 1812 
12337 2511 2058 2509 2082 
12338 2512 1771 1770 1772 
12339 2507 2510 2076 2049 
12340 2518 1763 2523 2507 
12341 2507 2508 2048 2076 
12342 2052 2541 2053 2051 
12343 2517 2056 2057 2058 
12344 2517 2516 2512 2085 
12345 2326 1011 1272 1005 
12346 2517 2056 2058 2512 
12347 2517 2057 2056 2053 
12348 2517 2053 2063 2057 
12349 2517 2054 2063 2053 
12350 1786 2507 2528 1792 
12351 2510 2052 2076 2049 
12352 2510 2056 2059 2052 
12353 2510 2059 2076 2052 
12354 2507 2048 2525 2076 
12355 2377 2068 2096 2069 
12356 2518 2517 2526 1768 
12357 2507 1790 1762 1786 
12358 2507 2525 2528 2530 
12359 2507 2525 2530 1762 
12360 2565 2055 2524 2046 
12361 2507 1762 1790 1763 
12362 2523 2525 2507 1762 
12363 2447 2009 2017 2025 
12364 291 1106 292 718 
12365 2442 1896 488 487 
12366 2442 280 291 28 
12367 2437 2447 1731 1699 
12368 2447 1947 2442 2009 
12369 2447 2027 2014 2017 
12370 2437 1917 488 1896 
12371 2437 1917 489 488 
12372 2477 1898 490 1889 
12373 2449 2438 2439 704 
12374 2326 1304 2348 2328 
12375 2477 490 2439 405 
12376 2477 489 490 405 
12377 2477 1889 489 1917 
12378 2477 1889 490 489 
12379 2488 2019 2023 2005 
12380 2485 1693 2481 1692 
12381 2448 1889 2477 1917 
12382 2448 1900 1889 1917 
12383 2448 1677 1687 1688 
12384 2448 1699 1705 1688 
12385 2436 1930 2323 1937 
12386 2479 2480 2476 1906 
12387 2487 1900 1917 1911 
12388 2481 1689 1690 1688 
12389 2496 2497 2494 1708 
12390 1952 2323 1937 2478 
12391 2436 1902 1911 1937 
12392 2482 1973 2490 1975 
12393 2487 1911 2436 1902 
12394 2482 2485 2484 1932 
12395 2326 1272 1319 1318 
12396 2322 1694 1713 1712 
12397 2481 2448 1689 1688 
12398 1952 1929 2480 1925 
12399 2480 2488 2498 2013 
12400 2322 1719 1713 1694 
12401 2480 2012 2488 2013 
12402 2488 1740 1713 1717 
12403 2488 1713 1674 1717 
12404 2322 1712 1713 1740 
12405 1702 2491 2492 2489 
12406 2481 1690 1691 1712 
12407 2487 1900 2448 1917 
12408 1917 2436 2487 1911 
12409 2478 1906 2479 1924 
12410 2326 1318 1304 1272 
12411 2481 1691 1689 1692 
12412 2478 2481 2322 2436 
12413 2484 1905 2479 1908 
12414 2481 1690 1689 1691 
12415 2498 2488 2019 2013 
12416 2498 1727 1711 1674 
12417 2461 1019 1027 1036 
12418 2013 2480 2012 2004 
12419 2493 1726 2492 1978 
12420 2498 1711 1727 1709 
12421 2480 1929 1886 1925 
12422 2498 1719 1709 1727 
12423 1697 1707 2491 2494 
12424 2489 1703 1696 1720 
12425 2494 1910 1919 1909 
12426 2491 1941 2493 1914 
12427 2322 1713 2488 1740 
12428 2322 1719 2480 1713 
12429 2480 1931 1925 1939 
12430 2493 1914 1941 1894 
12431 2479 1906 2476 1907 
12432 2480 1925 1906 1924 
12433 2480 2497 2494 1931 
12434 2480 1906 1925 1931 
12435 1698 2476 2494 1697 
12436 1908 2491 2494 2489 
12437 2489 1703 1678 1742 
12438 2476 1691 2481 1693 
12439 2476 2481 1691 1694 
12440 2476 1691 1693 1694 
12441 2322 2436 1690 1725 
12442 2476 1693 1696 1695 
12443 2476 1693 1695 1694 
12444 2496 2000 1741 531 
12445 2461 1016 1027 1019 
12446 2000 2499 1998 2496 
12447 2496 1920 2494 2497 
12448 2491 1912 1908 1909 
12449 2496 1933 1950 1919 
12450 2496 1887 1950 1933 
12451 2496 1994 1998 2003 
12452 2496 2003 532 1953 
12453 2461 1019 1024 1016 
12454 2496 2000 531 1998 
12455 2496 2003 1998 532 
12456 2496 531 1982 532 
12457 2496 531 532 1998 
12458 2482 2490 2486 1942 
12459 2482 1935 1960 1966 
12460 2483 1974 1964 1972 
12461 2483 1974 1972 1960 
12462 2434 1897 491 1898 
12463 2434 2477 1898 490 
12464 2434 1898 491 490 
12465 1946 1948 1980 1897 
12466 2486 2485 2481 1692 
12467 2434 284 1686 283 
12468 2455 2434 1686 283 
12469 2455 2448 2477 1677 
12470 2455 1706 1722 1687 
12471 2431 2432 2430 285 
12472 2455 1706 1687 1686 
12473 2455 1918 2434 1898 
12474 2455 1918 1898 1899 
12475 2486 2487 2448 2481 
12476 2429 2434 2455 1918 
12477 2490 1706 2429 1730 
12478 2490 1975 1973 1963 
12479 2490 1730 1716 1722 
12480 2490 1716 2483 2485 
12481 2490 1730 1715 1716 
12482 2461 1024 2328 1016 
12483 2421 265 255 375 
12484 2421 264 255 265 
12485 2421 255 254 1066 
12486 2393 111 601 2 
12487 2383 1059 610 653 
12488 1335 1010 1283 2370 
12489 2381 111 117 601 
12490 2381 117 118 601 
12491 2369 1516 1664 1446 
12492 2393 376 2421 1282 
12493 2460 2464 2467 1300 
12494 2393 376 1282 377 
12495 2393 1306 58 377 
12496 2370 654 2360 614 
12497 2422 2388 2475 639 
12498 2393 377 1282 1306 
12499 2475 1324 1336 1302 
12500 2475 1308 1282 1324 
12501 2388 1306 2475 1308 
12502 2388 1306 1308 1288 
12503 2388 1275 1306 1288 
12504 2388 637 606 619 
12505 2370 2325 664 638 
12506 2388 2393 2475 1306 
12507 2374 1054 1072 1070 
12508 2387 1305 1292 1302 
12509 2473 627 626 628 
12510 2370 1015 1007 614 
12511 2327 1304 1331 1298 
12512 2467 1312 1313 1276 
12513 2474 1292 1291 1290 
12514 2474 2387 1290 2475 
12515 2386 2379 2388 1289 
12516 2474 1290 2388 2475 
12517 2474 1289 2388 1290 
12518 2474 1291 1289 1290 
12519 2468 1334 2474 2387 
12520 2468 2387 2374 1334 
12521 2325 2331 2330 651 
12522 2346 1506 1511 1494 
12523 2348 650 603 649 
12524 2468 627 644 646 
12525 2462 1327 1273 1342 
12526 2468 2327 1293 1296 
12527 2327 626 2473 662 
12528 2473 1294 2474 1293 
12529 2327 2466 2348 1304 
12530 2473 2474 2468 1293 
12531 2464 1300 1299 1297 
12532 2464 631 2467 660 
12533 2464 631 660 628 
12534 2460 1042 1050 245 
12535 2464 628 630 631 
12536 2461 1278 1032 1338 
12537 2460 1042 245 246 
12538 2465 611 641 642 
12539 2465 641 1056 672 
12540 2465 1056 1067 1069 
12541 2465 1078 1067 1056 
12542 2465 1078 1056 641 
12543 252 641 1078 2465 
12544 1044 2462 1047 1048 
12545 2403 929 931 856 
12546 2401 1249 1225 1251 
12547 2401 1251 1197 1249 
12548 2401 786 881 939 
12549 2400 1263 1232 1196 
12550 2431 2430 2434 284 
12551 2407 881 786 764 
12552 2413 929 721 787 
12553 2413 787 721 786 
12554 2413 1456 2406 1455 
12555 2413 1390 1456 1455 
12556 2418 1098 699 1099 
12557 2413 1598 1456 1390 
12558 2407 881 2401 786 
12559 2413 1456 2419 2406 
12560 2407 1390 2413 1455 
12561 2418 1097 1098 1094 
12562 2433 944 783 996 
12563 782 2428 764 2407 
12564 2433 1621 1505 1542 
12565 2441 2433 765 783 
12566 2407 1433 1451 1434 
12567 1433 2402 1434 2407 
12568 2433 1434 1451 1452 
12569 2433 2443 2400 944 
12570 2428 876 717 697 
12571 876 2441 765 836 
12572 2402 1390 1433 1386 
12573 2402 2413 2407 1390 
12574 2402 1390 2407 1433 
12575 2402 2403 1525 1384 
12576 2428 2432 1545 1671 
12577 2433 2407 2428 782 
12578 2433 2400 2407 782 
12579 2433 1434 2428 2407 
12580 2433 1451 2407 2400 
12581 2441 1621 2433 2439 
12582 2433 1505 2428 1434 
12583 2433 1505 1434 1452 
12584 2433 1505 1452 1542 
12585 2402 2413 1390 1598 
12586 2402 279 2432 278 
12587 2414 1436 1102 272 
12588 2414 767 1092 271 
12589 2414 271 916 767 
12590 2409 736 739 738 
12591 2389 1498 1377 1648 
12592 2414 1102 1097 1094 
12593 2414 272 1102 1094 
12594 2414 1094 1103 271 
12595 2414 1093 272 271 
12596 2414 272 1094 271 
12597 2412 1079 2423 1084 
12598 2414 271 1092 1093 
12599 2404 2405 2406 1571 
12600 2415 753 2410 844 
12601 2411 889 854 994 
12602 2364 2389 2363 1377 
12603 2392 898 835 926 
12604 2415 753 844 792 
12605 2410 2423 2412 1421 
12606 2410 1421 2412 1423 
12607 2391 1462 1567 1498 
12608 2415 829 793 792 
12609 2415 792 793 754 
12610 2346 1494 1493 1506 
12611 2391 2412 1558 1423 
12612 2391 1461 2408 2415 
12613 2389 1567 1377 1498 
12614 2389 1238 1267 1184 
12615 2389 1184 1267 1237 
12616 2390 854 2411 2392 
12617 2391 1558 2412 1523 
12618 2346 2335 2338 2339 
12619 2364 2372 2365 970 
12620 2392 926 793 898 
12621 2392 2415 2389 829 
12622 2392 793 2415 829 
12623 2411 2385 688 994 
12624 2392 793 926 854 
12625 2411 754 889 752 
12626 2363 2384 1446 1595 
12627 2384 1358 2420 1446 
12628 2408 2405 1250 1212 
12629 2408 1250 1261 1212 
12630 2408 1230 2405 1361 
12631 2408 2405 1230 1250 
12632 2408 1230 1261 1250 
12633 2410 2408 2415 844 
12634 1422 2391 1423 2410 
12635 2384 2385 2420 1416 
12636 2385 1663 1630 1445 
12637 2384 1523 2385 1663 
12638 2420 847 2381 116 
12639 2390 926 777 776 
12640 2390 847 2365 2369 
12641 2420 383 1516 382 
12642 2420 2381 2421 116 
12643 2420 382 1516 1358 
12644 2420 1516 1446 1358 
12645 2363 2391 1595 1567 
12646 2354 118 2381 117 
12647 2332 2365 2362 2366 
12648 2337 1355 1655 1560 
12649 2351 949 853 780 
12650 2372 1243 374 1184 
12651 2372 1245 1184 373 
12652 2372 969 816 373 
12653 2366 2365 970 920 
12654 2372 815 969 373 
12655 2372 1184 374 373 
12656 2362 1639 2363 1532 
12657 2372 374 1183 373 
12658 2344 1526 1450 1659 
12659 2371 1182 960 1178 
12660 2347 1450 1356 1449 
12661 2347 1544 1356 1450 
12662 2347 1356 1544 386 
12663 2371 228 1182 1173 
12664 2371 993 960 780 
12665 2371 1179 229 1173 
12666 2371 1417 1629 1449 
12667 2371 2347 1356 1449 
12668 2367 60 1356 386 
12669 2371 1629 1662 1449 
12670 2319 2337 853 891 
12671 2371 1173 229 228 
12672 2367 2371 229 228 
12673 2367 1356 2371 2347 
12674 2367 1356 2347 386 
12675 2337 1560 1662 1355 
12676 2351 2347 2367 2371 
12677 2337 993 853 891 
12678 2337 891 686 993 
12679 2337 686 1176 1178 
12680 2337 986 1176 686 
12681 2337 891 986 686 
12682 2319 795 853 949 
12683 2340 1266 1183 1235 
12684 2321 794 795 827 
12685 2321 1496 1463 1625 
12686 2345 2318 2321 756 
12687 2319 853 756 891 
12688 751 891 2337 2319 
12689 2318 756 2345 755 
12690 2319 1560 2318 1425 
12691 2319 1522 1560 1425 
12692 2319 1662 2337 1560 
12693 2319 1662 1560 1522 
12694 2319 2371 2337 1662 
12695 2351 949 2319 853 
12696 2319 2337 2318 1560 
12697 2329 986 2337 831 
12698 2329 2318 1500 1411 
12699 2324 744 900 945 
12700 2324 1413 1614 1569 
12701 2335 1160 1588 1165 
12702 2338 743 2345 901 
12703 2324 1506 1413 1569 
12704 2335 1647 1511 1569 
12705 2346 1492 2349 2339 
12706 2335 842 964 978 
12707 2335 964 842 909 
12708 2346 1511 1506 1569 
12709 2335 1647 1633 1511 
12710 2399 1380 1364 1389 
12711 2350 762 711 866 
12712 2350 909 762 866 
12713 15 152 954 335 
12714 2334 1380 1379 1364 
12715 2349 2399 1430 1380 
12716 2334 335 336 1158 
12717 2595 1364 61 389 
12718 2595 485 336 335 
12719 2595 61 499 389 
12720 2595 1643 1364 389 
12721 2456 486 2316 499 
12722 2597 2598 390 2394 
12723 2205 2598 500 501 
12724 2595 336 2334 335 
12725 2339 2336 1210 1268 
12726 2397 840 868 943 
12727 2394 840 973 936 
12728 2394 1605 2397 1509 
12729 2394 390 1605 1508 
12730 2394 705 155 936 
12731 2394 154 936 155 
12732 2394 839 840 936 
12733 2394 154 839 936 
12734 1509 2395 1432 1537 
12735 2395 1620 1432 1537 
12736 2395 1430 1432 1620 
12737 2395 761 951 763 
12738 2399 1364 2595 1643 
12739 2399 1389 1364 1643 
12740 2399 1389 1643 1508 
12741 2399 390 2394 1508 
12742 2399 1643 390 1508 
12743 2582 2399 974 695 
12744 2456 2235 2184 2236 
12745 2341 1271 1211 1239 
12746 2346 1578 2349 1431 
12747 2339 2341 823 680 
12748 2341 860 823 680 
12749 2349 2350 2334 1431 
12750 2346 2335 1511 1569 
12751 2341 1239 1211 1192 
12752 2346 2320 2324 1506 
12753 2345 2321 956 794 
12754 2339 2350 2335 825 
12755 2338 838 2345 2336 
12756 2339 824 825 837 
12757 2339 823 825 824 
12758 2466 1298 2464 1299 
12759 2466 1298 1299 1301 
12760 2326 2328 1022 1005 
12761 2326 603 2348 650 
12762 2326 1319 2331 1320 
12763 2328 1022 1024 1014 
12764 2328 1317 1304 1328 
12765 2326 603 650 1020 
12766 2328 1005 1317 1016 
12767 2328 1024 1005 1016 
12768 2328 1022 1005 1024 
12769 662 2327 629 2348 
12770 2331 2474 2473 1294 
12771 2325 1320 1319 1333 
12772 2468 2327 2473 1293 
12773 2348 662 649 635 
12774 2327 2331 2326 2348 
12775 2327 2326 1331 1304 
12776 2331 651 650 649 
12777 650 1020 1023 2325 
12778 2331 625 651 649 
12779 2330 625 661 651 
12780 2368 58 2393 1306 
12781 2331 1318 1320 1294 
12782 2331 1294 1320 1330 
12783 2330 2473 622 661 
12784 2330 661 634 664 
12785 2330 620 634 661 
12786 2330 1330 1333 1303 
12787 2330 2474 1330 1289 
12788 2330 1330 1303 1289 
12789 2386 2388 2474 1289 
12790 2386 2475 2388 639 
12791 2330 2474 2331 1330 
12792 2325 2330 1320 1333 
12793 2360 1028 1018 1015 
12794 2360 1018 1026 1015 
12795 2360 654 666 614 
12796 2379 2330 618 634 
12797 2360 617 113 666 
12798 2360 654 617 666 
12799 2386 618 2379 2330 
12800 2379 1275 2388 1287 
12801 2379 1286 1275 1287 
12802 2379 1323 1286 1287 
12803 2379 1303 1323 1287 
12804 2379 1289 2330 1303 
12805 2379 1289 1303 1287 
12806 2386 618 2330 620 
12807 2379 2388 1289 1287 
12808 2370 1025 2325 1007 
12809 2370 1026 1025 1007 
12810 2368 2393 2 637 
12811 2368 112 606 2 
12812 2368 602 112 2 
12813 2368 2381 2333 601 
12814 601 2368 2381 2393 
12815 2368 2333 2393 58 
12816 2368 2393 2333 2381 
12817 601 2368 2393 2 
12818 2426 2240 2217 2213 
12819 2425 2427 2209 2227 
12820 2346 1492 1493 1494 
12821 2446 2593 1831 1852 
12822 2359 1827 2594 2358 
12823 2446 1852 2603 2593 
12824 2425 2446 2575 1859 
12825 2424 2213 2194 2212 
12826 2424 2193 2192 2191 
12827 1833 2446 1831 1834 
12828 1880 2446 1852 1865 
12829 2593 1830 1852 1865 
12830 2592 2424 2593 1831 
12831 2424 2190 2212 2191 
12832 2424 2194 2193 2191 
12833 2424 2194 2191 2212 
12834 2590 2594 2359 2186 
12835 2585 2257 462 2268 
12836 2593 1828 1829 1830 
12837 2222 2592 2189 2594 
12838 2598 2596 2582 2394 
12839 2358 1828 1817 1827 
12840 2357 1845 2601 326 
12841 2416 2206 2417 2181 
12842 2359 2185 2206 2234 
12843 2603 2424 2593 2189 
12844 2603 2190 2424 2189 
12845 2603 2218 2604 2225 
12846 2603 2199 2218 2225 
12847 2603 2199 2225 2190 
12848 2469 2604 2294 1858 
12849 2456 2313 2297 2305 
12850 2602 2187 2177 2188 
12851 2601 1845 325 326 
12852 2601 1824 1845 1871 
12853 2456 499 2598 2595 
12854 2601 1824 325 1845 
12855 2469 1839 2601 2603 
12856 1865 2469 2604 2603 
12857 2456 2595 2598 324 
12858 2469 2604 2603 2218 
12859 2469 2304 2604 2218 
12860 2597 155 156 327 
12861 2596 327 326 155 
12862 2346 1492 2339 1493 
12863 2564 1473 2397 1642 
12864 2578 2585 328 329 
12865 2357 1817 1845 326 
12866 2578 328 2590 327 
12867 2575 1834 1835 1859 
12868 1431 1657 2346 1494 
12869 2349 1657 1431 1430 
12870 2424 2425 2426 2446 
12871 2446 1852 1831 1834 
12872 2425 2298 2174 2217 
12873 2587 1820 1881 2288 
12874 2427 1849 1873 1851 
12875 2425 2424 2213 2194 
12876 2427 1849 2575 2588 
12877 2587 1883 1820 1854 
12878 2587 1883 1848 1861 
12879 2587 2287 2286 2282 
12880 2587 2283 2286 2287 
12881 2580 1840 1842 1841 
12882 2580 2202 2200 2201 
12883 2580 2229 2202 2201 
12884 2580 1837 1840 1841 
12885 2581 2275 2280 596 
12886 2581 2275 596 595 
12887 2286 2581 2587 2291 
12888 2241 2581 2587 2221 
12889 2581 2588 2587 2221 
12890 2581 2175 2238 2221 
12891 2577 2258 592 2270 
12892 2574 2192 2424 2193 
12893 2574 2192 2193 2220 
12894 1833 2591 1836 1860 
12895 2592 2189 2593 2424 
12896 2249 2416 2265 2255 
12897 2602 2469 2603 2199 
12898 2574 2575 2424 1833 
12899 2579 2176 2223 587 
12900 2591 1832 1856 1860 
12901 2591 1843 1860 1872 
12902 2591 2261 2245 1816 
12903 2579 2203 2576 2178 
12904 2591 1816 2245 1872 
12905 2591 1856 1816 1872 
12906 2591 1860 1856 1872 
12907 2576 2573 2577 2202 
12908 2576 2203 2242 2178 
12909 2576 2580 2573 1840 
12910 2573 2591 1843 1836 
12911 2573 2574 2591 1836 
12912 2573 2591 2574 2220 
12913 2576 2577 2256 2226 
12914 2573 2242 2203 2200 
12915 2576 1843 2591 1872 
12916 2349 2395 2341 1529 
12917 2576 2253 2252 2244 
12918 2576 2264 2259 2253 
12919 2576 2259 2264 1818 
12920 2576 2260 2253 2244 
12921 2576 2253 2260 2264 
12922 2585 1825 2267 1874 
12923 2416 2359 2234 2249 
12924 2592 1832 1833 1831 
12925 2592 1833 2424 1831 
12926 2417 2591 2579 2216 
12927 2590 328 2359 1826 
12928 2417 2251 2579 2261 
12929 2416 2262 2261 2250 
12930 2594 2187 2189 2222 
12931 2594 2186 2187 2206 
12932 1270 2398 1615 1240 
12933 2590 2177 502 501 
12934 2585 504 2185 2268 
12935 2590 328 2585 2359 
12936 2594 2187 2222 2206 
12937 2206 2417 2222 2594 
12938 2585 461 322 462 
12939 2585 2185 504 503 
12940 2585 504 462 323 
12941 2585 462 322 323 
12942 2590 392 502 503 
12943 2590 502 2186 503 
12944 2590 2359 2585 2185 
12945 2590 2186 2359 2185 
12946 2602 2594 2590 2177 
12947 2597 2598 2394 2596 
12948 2564 2394 2397 973 
12949 2597 391 1374 1605 
12950 2597 502 2590 392 
12951 2597 502 392 391 
12952 2597 392 1374 391 
12953 2564 850 2578 705 
12954 2578 392 393 1519 
12955 2554 1597 2600 1546 
12956 2578 2585 2590 328 
12957 2554 1382 1391 1383 
12958 2589 2600 712 713 
12959 2589 1381 1524 1382 
12960 2589 393 2578 504 
12961 2523 1764 1765 1789 
12962 2377 2065 2075 2083 
12963 2523 2049 2510 2525 
12964 2541 2510 2049 2052 
12965 2523 1763 1765 1764 
12966 2375 2380 2376 1810 
12967 2047 2523 2525 2049 
12968 2541 2050 2377 2075 
12969 2565 2044 2531 2033 
12970 2375 2158 2164 2152 
12971 2377 2050 2069 2075 
12972 2376 1764 1789 1783 
12973 2375 2526 2382 1797 
12974 2377 2069 2030 2083 
12975 2377 2069 2083 2075 
12976 2515 2526 1778 1803 
12977 2526 1789 1768 1779 
12978 2526 1768 1778 1779 
12979 2515 1778 1791 1813 
12980 2541 2054 2051 2075 
12981 2541 2054 2517 2053 
12982 2541 2051 2054 2053 
12983 2541 2523 2377 2050 
12984 2541 2510 2523 2049 
12985 2052 2541 2510 2053 
12986 2541 2517 2510 2053 
12987 2349 2341 2339 1492 
12988 2541 2523 2526 2377 
12989 2514 2142 2173 2162 
12990 2514 2143 2138 2142 
12991 2515 2089 2064 2065 
12992 2515 2526 2517 1777 
12993 2515 2517 2516 1777 
12994 2515 2526 2541 2517 
12995 2515 2516 2517 2063 
12996 2524 2525 2530 2045 
12997 860 2349 2341 2339 
12998 2586 2055 2565 2061 
12999 2586 1769 2565 2524 
13000 2586 2536 2087 2061 
13001 2586 1769 2380 1788 
13002 2586 1769 1788 1801 
13003 2538 2531 496 495 
13004 2546 304 2521 305 
13005 2546 2531 2565 2530 
13006 2346 2338 2320 2336 
13007 460 313 314 2533 
13008 2533 63 396 1352 
13009 2546 494 2061 495 
13010 2538 397 494 495 
13011 303 2538 304 169 
13012 2546 303 304 1775 
13013 2559 1568 2553 1534 
13014 2551 865 2553 702 
13015 2551 171 170 861 
13016 303 2538 2546 304 
13017 2538 2521 2546 304 
13018 2542 746 683 22 
13019 2553 1666 1568 1503 
13020 2538 169 303 2532 
13021 2532 1754 303 1775 
13022 2538 169 2532 2533 
13023 2542 168 2532 22 
13024 2532 168 2533 169 
13025 2559 2551 169 865 
13026 1352 396 2559 1534 
13027 2533 2538 397 494 
13028 2533 397 396 494 
13029 494 2538 2532 2533 
13030 494 2532 2040 493 
13031 2533 396 493 494 
13032 2566 1133 1135 1132 
13033 2566 1137 1132 1135 
13034 2570 778 851 950 
13035 2572 1429 1468 1467 
13036 2568 798 843 958 
13037 2568 843 691 958 
13038 2572 1428 1429 1467 
13039 2572 1495 2571 2569 
13040 2572 1495 2569 1467 
13041 2568 1360 1512 1627 
13042 2568 2569 2572 798 
13043 2568 2572 2569 1467 
13044 2568 1472 1566 1572 
13045 2584 2568 1218 1252 
13046 2568 1512 1566 1428 
13047 2568 1360 1572 1512 
13048 2568 1572 1566 1512 
13049 2556 2560 2553 1503 
13050 2378 1255 1231 1199 
13051 2556 1193 1253 1262 
13052 2556 1193 1488 1489 
13053 2556 1193 1262 1223 
13054 2556 1488 1193 1223 
13055 2396 1483 1640 1609 
13056 2396 679 1220 971 
13057 2584 803 791 814 
13058 2549 791 790 789 
13059 2549 1459 1460 1458 
13060 2549 722 789 790 
13061 2563 933 2562 2550 
13062 1418 2563 2540 1401 
13063 2550 2568 2584 1472 
13064 2396 940 679 971 
13065 2396 1206 971 1220 
13066 2396 1241 1206 1220 
13067 2396 814 2584 791 
13068 2396 814 791 940 
13069 2378 1231 1658 1199 
13070 2589 713 696 714 
13071 2396 2584 814 971 
13072 2396 814 940 971 
13073 789 2396 2549 791 
13074 2550 2396 2584 791 
13075 2378 1199 1658 1392 
13076 2355 946 804 943 
13077 1551 2398 1539 2356 
13078 2356 1240 1221 1190 
13079 2398 1453 1454 1473 
13080 2548 878 2562 915 
13081 766 2554 2583 714 
13082 2355 1612 1615 1392 
13083 2564 705 2578 2597 
13084 2355 870 946 723 
13085 2564 2398 2583 804 
13086 2564 2394 2597 1605 
13087 2564 1374 1519 1641 
13088 2564 2397 1605 1642 
13089 2583 1453 1519 1383 
13090 2589 62 1365 393 
13091 2554 1391 1435 1383 
13092 850 714 2583 2589 
13093 850 714 2589 696 
13094 2589 1153 1524 1381 
13095 2600 1148 1524 1153 
13096 2600 1147 1148 1153 
13097 2554 1524 2600 1597 
13098 2600 1149 1599 1148 
13099 2600 1150 1149 1148 
13100 2600 1150 1148 1147 
13101 2564 2597 2578 392 
13102 2589 504 2578 2585 
13103 2589 504 2585 323 
13104 2589 1147 2600 1153 
13105 2589 1147 1153 323 
13106 2589 2578 850 696 
13107 2589 2585 2578 322 
13108 2589 2585 322 323 
13109 1156 2589 322 1147 
13110 2589 322 1147 323 
13111 2554 722 2549 790 
13112 2554 928 722 790 
13113 2554 2583 2589 1383 
13114 2554 2549 2583 1435 
13115 2554 1391 2549 1435 
13116 2554 2600 2589 713 
13117 2554 2583 2549 766 
13118 1255 2355 989 1222 
13119 2554 2549 722 766 
13120 2562 1146 315 316 
13121 2563 734 933 897 
13122 2563 1144 2562 935 
13123 2562 315 1144 1145 
13124 677 2567 726 725 
13125 2567 725 1117 1118 
13126 2503 1607 1437 1582 
13127 2503 1119 290 1437 
13128 2567 998 729 938 
13129 2567 2547 2453 895 
13130 2567 2543 2547 728 
13131 2567 728 729 726 
13132 2567 1118 2543 725 
13133 2567 729 998 726 
13134 2567 2543 1118 1119 
13135 2503 1109 2502 1108 
13136 2503 1109 1108 1105 
13137 2451 2454 2501 921 
13138 2450 2452 2451 2457 
13139 2450 983 2503 977 
13140 2451 1590 1476 1527 
13141 1527 2501 2451 1590 
13142 1615 2355 1392 1240 
13143 1527 2501 1590 1478 
13144 2451 2457 2452 1476 
13145 2450 2501 2503 2502 
13146 2450 858 921 809 
13147 2450 809 2501 2502 
13148 2450 2453 845 859 
13149 2450 845 858 859 
13150 2450 977 2453 859 
13151 2450 976 977 859 
13152 2450 858 809 976 
13153 2450 859 858 976 
13154 2557 1224 1204 1248 
13155 2557 2555 2522 1636 
13156 2557 2522 709 1187 
13157 2557 1257 1187 1248 
13158 2557 2561 2555 1563 
13159 2557 1204 1257 1248 
13160 2505 757 2547 2543 
13161 2505 757 758 796 
13162 2519 1626 2529 1497 
13163 806 2505 2452 2529 
13164 2505 2452 2529 2547 
13165 2505 957 2529 927 
13166 2505 957 927 796 
13167 2505 927 757 796 
13168 2519 1465 1626 1497 
13169 2519 2547 2505 2529 
13170 2544 1466 1634 1521 
13171 2544 1443 1634 1444 
13172 2544 1521 1443 1661 
13173 1354 2544 1443 2471 
13174 2544 2471 2539 2472 
13175 2544 1521 1634 1443 
13176 2470 1121 1124 1122 
13177 1353 1127 2470 1122 
13178 2470 2472 2544 1521 
13179 2470 1557 1661 1353 
13180 2470 2543 2472 1427 
13181 2470 2472 2543 888 
13182 2470 2471 2544 2472 
13183 2470 1123 1122 1124 
13184 300 2520 2545 307 
13185 1755 2537 2531 2528 
13186 497 2520 2537 2521 
13187 2520 307 306 172 
13188 1756 1755 2528 1776 
13189 301 2520 498 2545 
13190 2520 172 2535 2545 
13191 2527 2123 1804 2537 
13192 2527 1804 2123 2110 
13193 1755 2531 1756 2528 
13194 2537 1755 1804 2528 
13195 2509 2082 2122 2112 
13196 2509 2122 2114 2112 
13197 2509 2132 2131 2127 
13198 2511 2098 2056 2058 
13199 2509 2082 2058 2038 
13200 559 2509 2131 560 
13201 2509 560 2114 2122 
13202 2500 2511 2513 2109 
13203 2500 2034 2108 2079 
13204 2513 1773 1748 1812 
13205 2513 1748 1773 1793 
13206 1766 2507 1790 1763 
13207 2518 2526 2541 2523 
13208 2518 1765 2523 1763 
13209 2518 1765 1763 1766 
13210 2518 1770 1767 1766 
13211 2518 2523 2541 2510 
13212 2518 1767 1765 1766 
13213 2511 2116 2513 2109 
13214 2511 2100 2116 2109 
13215 2511 2100 2112 2116 
13216 2511 2513 2116 2103 
13217 2511 2512 2513 2103 
13218 2511 2510 2513 2512 
13219 2378 1255 989 1200 
13220 2458 2444 488 404 
13221 2458 282 281 184 
13222 2458 2477 2439 404 
13223 2449 2477 2437 1677 
13224 694 718 2442 2444 
13225 2458 281 183 184 
13226 2437 2447 1917 1896 
13227 2458 2444 2442 488 
13228 2437 2436 2447 1699 
13229 2437 2448 2436 1699 
13230 2437 1705 2448 1699 
13231 2449 2458 184 282 
13232 2449 184 185 282 
13233 2449 2458 2437 2477 
13234 2449 2437 2458 282 
13235 2449 185 283 282 
13236 2431 186 1002 187 
13237 2431 2432 285 187 
13238 185 2431 283 186 
13239 2449 2439 2458 2477 
13240 2322 2481 1691 1712 
13241 2322 1691 1694 1712 
13242 2322 2436 2481 1690 
13243 2322 1690 2481 1712 
13244 1934 2482 1904 2486 
13245 2480 2478 1952 1925 
13246 2322 1713 2480 2488 
13247 2478 1925 2480 1924 
13248 2487 1899 2448 1900 
13249 2487 1901 1899 1900 
13250 2486 1689 2481 2448 
13251 2487 1901 1902 1903 
13252 2487 2448 2481 2436 
13253 2487 1902 1901 1900 
13254 2479 1905 1906 1907 
13255 2479 2476 2322 2481 
13256 2479 1906 1903 1924 
13257 2378 1231 1255 1200 
13258 2486 1904 2479 2485 
13259 2479 2481 2485 2476 
13260 2479 1906 1905 1903 
13261 2479 1905 1904 1903 
13262 2499 1996 1995 1999 
13263 2499 1996 1993 2001 
13264 2499 1996 1999 1993 
13265 2495 2497 2499 1733 
13266 2495 2498 2497 1733 
13267 2495 1920 2499 2497 
13268 2495 2026 1895 2016 
13269 2495 1895 1926 1945 
13270 2495 1923 1945 1921 
13271 2495 2016 1895 1923 
13272 2495 1923 1895 1945 
13273 2489 2476 2485 1696 
13274 2491 2493 1701 1702 
13275 2489 1701 1700 1702 
13276 1697 1707 1701 2491 
13277 2489 1697 1700 1701 
13278 2484 2489 2492 1912 
13279 2484 1908 2489 1912 
13280 2484 1915 1908 1912 
13281 2484 2489 1908 2476 
13282 2484 2485 2489 2476 
13283 2484 1932 1915 1944 
13284 2484 1932 1908 1915 
13285 2484 2492 2489 2483 
13286 2484 2483 2489 2485 
13287 2430 1685 2429 1686 
13288 1736 68 409 1979 
13289 2432 1980 410 1948 
13290 30 285 278 188 
13291 2432 1897 492 491 
13292 45 279 67 1948 
13293 2430 1736 1685 285 
13294 2431 2449 2477 2439 
13295 2431 2449 2439 952 
13296 704 2441 952 873 
13297 2431 2432 2428 1671 
13298 2431 2434 2432 406 
13299 2486 1918 2490 2429 
13300 2486 1722 2455 1706 
13301 2486 1918 2429 2455 
13302 2486 1942 2490 1918 
13303 2486 1942 1918 1934 
13304 2486 1918 2455 1899 
13305 2486 1934 1918 1899 
13306 2448 2486 2455 1899 
13307 2482 1927 2490 1942 
13308 2482 1927 1942 1928 
13309 2482 2490 1973 1957 
13310 2482 2483 2490 1957 
13311 2378 2341 1231 1200 
13312 2482 2483 1935 1944 
13313 2482 1935 1888 1944 
13314 2482 2484 2483 1944 
13315 2482 2485 2490 2483 
13316 2482 1927 1928 1888 
13317 2482 1888 1928 1944 
13318 2422 2383 655 633 
13319 2422 2475 2383 633 
13320 2422 639 2475 633 
13321 2422 639 633 655 
13322 2422 2421 2393 2381 
13323 2422 2421 110 616 
13324 2422 110 613 616 
13325 2422 2421 2383 2475 
13326 2422 639 655 613 
13327 2422 2421 2475 2393 
13328 2422 613 655 616 
13329 2386 622 623 621 
13330 2386 2388 2379 619 
13331 2386 639 2388 619 
13332 2386 639 619 621 
13333 2386 620 622 621 
13334 2386 619 620 621 
13335 2373 607 1068 645 
13336 2373 2468 2467 644 
13337 2373 2374 2468 646 
13338 2373 2374 1054 1072 
13339 2373 1054 1068 1072 
13340 2373 1054 2374 605 
13341 2373 645 1054 605 
13342 2373 1315 2468 2374 
13343 2373 1068 1054 645 
13344 1044 2462 2465 1047 
13345 2462 1043 1047 1048 
13346 2462 1048 1042 1046 
13347 2462 1048 1046 1043 
13348 2462 2460 2465 2467 
13349 2441 2435 2433 783 
13350 876 2441 2428 765 
13351 2441 836 783 765 
13352 2441 2439 2433 2435 
13353 2441 2431 2439 952 
13354 2441 836 1002 952 
13355 2441 2428 2433 1505 
13356 2402 1545 2432 1366 
13357 2402 2413 2428 2407 
13358 2402 2407 2428 1434 
13359 1433 2402 1386 1434 
13360 2402 1390 1385 1598 
13361 2402 1384 1385 1366 
13362 2402 1386 1545 1366 
13363 2402 1390 1386 1385 
13364 2402 1385 1386 1366 
13365 2418 2403 931 1098 
13366 2418 1097 1096 1098 
13367 2418 1525 1096 1600 
13368 2418 1097 276 1096 
13369 2418 1096 276 1600 
13370 2418 1598 1600 1548 
13371 2418 2414 1368 1097 
13372 2418 1368 1548 1600 
13373 2418 1097 1368 276 
13374 2418 276 1368 1600 
13375 2409 1408 2410 2404 
13376 1603 2409 2404 1408 
13377 2409 739 934 932 
13378 2409 2414 934 767 
13379 2409 1092 2414 767 
13380 2409 736 934 739 
13381 2409 2414 1092 1093 
13382 2411 2391 2410 2412 
13383 2411 793 2392 854 
13384 2411 754 2415 793 
13385 2391 2363 2389 1567 
13386 2384 1595 2391 1523 
13387 2384 1416 1358 1445 
13388 2362 2363 1639 1485 
13389 2391 1462 1595 1567 
13390 2391 1461 1423 1462 
13391 2391 2389 2392 2415 
13392 2391 1523 1595 1462 
13393 2391 1423 1523 1462 
13394 2411 2415 2391 2392 
13395 2411 754 854 889 
13396 2411 2385 2391 2412 
13397 2384 2391 2411 2385 
13398 2384 1523 2391 2385 
13399 2363 1446 1664 1595 
13400 2363 1377 2389 1567 
13401 2363 1504 1377 1567 
13402 2384 1446 1595 1445 
13403 2390 776 777 689 
13404 2390 2420 2384 2385 
13405 2390 777 995 847 
13406 2390 689 777 847 
13407 2364 995 2363 2392 
13408 2390 2369 2420 847 
13409 2390 2369 2384 2420 
13410 2362 2372 2364 2363 
13411 2363 1639 1504 1532 
13412 2363 2369 2390 2365 
13413 2332 2365 2366 2354 
13414 2363 2369 1532 1664 
13415 2363 1595 1504 1567 
13416 2363 1532 1504 1664 
13417 2363 1664 1504 1595 
13418 2364 995 2392 835 
13419 2364 898 2392 2389 
13420 2364 2392 898 835 
13421 2364 835 816 970 
13422 2364 708 816 835 
13423 2362 2369 2363 2365 
13424 2364 2392 2363 2389 
13425 2366 920 2354 2365 
13426 2343 2372 1246 815 
13427 2343 1246 2372 1183 
13428 2366 2352 2344 857 
13429 2366 2372 815 969 
13430 2366 815 818 969 
13431 2366 2365 2372 970 
13432 2366 970 2372 969 
13433 2366 969 818 970 
13434 2340 1496 1649 1375 
13435 2343 374 1484 1244 
13436 2343 2344 2366 2352 
13437 2362 2372 2363 1485 
13438 2353 2367 2347 386 
13439 2361 2368 2379 1286 
13440 2353 602 2368 2333 
13441 2353 120 113 119 
13442 2353 875 120 119 
13443 2353 2333 2354 118 
13444 2353 385 2347 2333 
13445 2332 2366 2347 857 
13446 2351 2347 2344 857 
13447 2351 781 780 687 
13448 2342 1618 1464 1541 
13449 2351 2319 2344 1618 
13450 2351 990 2344 2352 
13451 2351 2344 990 857 
13452 2351 990 781 857 
13453 2351 781 949 780 
13454 2351 990 949 781 
13455 2342 2344 2319 1618 
13456 2342 2344 1618 1541 
13457 2340 1375 1486 1541 
13458 2340 1198 1247 1266 
13459 2340 1236 1183 1266 
13460 2318 2342 795 2319 
13461 2338 824 2339 837 
13462 2345 2321 2336 690 
13463 2582 2394 2596 154 
13464 2345 755 901 743 
13465 2338 824 838 904 
13466 2338 838 2336 904 
13467 2345 904 2336 838 
13468 690 2345 910 904 
13469 2345 904 838 910 
13470 2346 1633 1578 1511 
13471 2345 755 910 901 
13472 2345 910 838 901 
13473 2338 838 837 901 
13474 2338 837 744 901 
13475 2338 900 2324 744 
13476 2338 837 900 744 
13477 2346 1493 2339 2336 
13478 2338 900 2335 2324 
13479 2338 2335 900 837 
13480 338 2329 1171 337 
13481 2329 2324 1171 1170 
13482 2329 741 2324 1170 
13483 2329 1172 1181 337 
13484 2320 2338 2329 2345 
13485 2320 2345 2329 2318 
13486 2582 974 2394 154 
13487 2582 974 154 153 
13488 2582 153 2595 695 
13489 2582 974 153 695 
13490 2456 2469 2302 1824 
$EndElements
