ISO-10303-21;
HEADER;
FILE_DESCRIPTION(('Open CASCADE Model'),'2;1');
FILE_NAME('Open CASCADE Shape Model','2026-10-08T10:55:21',('Author'),(
    'Open CASCADE'),'Open CASCADE STEP processor 7.8','Open CASCADE 7.8'
  ,'Unknown');
FILE_SCHEMA(('AUTOMOTIVE_DESIGN { 1 0 10303 214 1 1 1 1 }'));
ENDSEC;
DATA;
#1 = APPLICATION_PROTOCOL_DEFINITION('international standard',
  'automotive_design',2000,#2);
#2 = APPLICATION_CONTEXT(
  'core data for automotive mechanical design processes');
#3 = SHAPE_DEFINITION_REPRESENTATION(#4,#10);
#4 = PRODUCT_DEFINITION_SHAPE('','',#5);
#5 = PRODUCT_DEFINITION('design','',#6,#9);
#6 = PRODUCT_DEFINITION_FORMATION('','',#7);
#7 = PRODUCT('Open CASCADE STEP translator 7.8 4',
  'Open CASCADE STEP translator 7.8 4','',(#8));
#8 = PRODUCT_CONTEXT('',#2,'mechanical');
#9 = PRODUCT_DEFINITION_CONTEXT('part definition',#2,'design');
#10 = ADVANCED_BREP_SHAPE_REPRESENTATION('',(#11,#15),#2741);
#11 = AXIS2_PLACEMENT_3D('',#12,#13,#14);
#12 = CARTESIAN_POINT('',(0.,0.,0.));
#13 = DIRECTION('',(0.,0.,1.));
#14 = DIRECTION('',(1.,0.,-0.));
#15 = MANIFOLD_SOLID_BREP('',#16);
#16 = CLOSED_SHELL('',(#17,#977,#1603,#1653,#1703,#1731,#1781,#1831,
    #1859,#1909,#1959,#1987,#2037,#2087,#2115,#2165,#2215,#2243,#2293,
    #2343,#2371,#2421,#2471,#2499,#2549,#2600,#2630,#2658,#2665,#2672,
    #2679,#2686,#2693,#2700,#2707,#2714));
#17 = ADVANCED_FACE('',(#18),#33,.T.);
#18 = FACE_BOUND('',#19,.T.);
#19 = EDGE_LOOP('',(#20,#56,#84,#113,#136,#163,#164,#188,#216,#240,#268,
    #297,#325,#349,#377,#406,#434,#458,#486,#515,#543,#567,#595,#624,
    #652,#676,#704,#733,#761,#785,#813,#842,#870,#894,#922,#951));
#20 = ORIENTED_EDGE('',*,*,#21,.F.);
#21 = EDGE_CURVE('',#22,#24,#26,.T.);
#22 = VERTEX_POINT('',#23);
#23 = CARTESIAN_POINT('',(73.940443388663,12.442316162512,115.));
#24 = VERTEX_POINT('',#25);
#25 = CARTESIAN_POINT('',(61.081835056243,43.485742791884,115.));
#26 = SURFACE_CURVE('',#27,(#32,#44),.PCURVE_S1.);
#27 = CIRCLE('',#28,74.98);
#28 = AXIS2_PLACEMENT_3D('',#29,#30,#31);
#29 = CARTESIAN_POINT('',(0.,0.,115.));
#30 = DIRECTION('',(0.,0.,1.));
#31 = DIRECTION('',(1.,0.,-0.));
#32 = PCURVE('',#33,#38);
#33 = CYLINDRICAL_SURFACE('',#34,74.98);
#34 = AXIS2_PLACEMENT_3D('',#35,#36,#37);
#35 = CARTESIAN_POINT('',(0.,0.,100.));
#36 = DIRECTION('',(0.,0.,1.));
#37 = DIRECTION('',(1.,0.,-0.));
#38 = DEFINITIONAL_REPRESENTATION('',(#39),#43);
#39 = LINE('',#40,#41);
#40 = CARTESIAN_POINT('',(0.,15.));
#41 = VECTOR('',#42,1.);
#42 = DIRECTION('',(1.,0.));
#43 = ( GEOMETRIC_REPRESENTATION_CONTEXT(2) 
PARAMETRIC_REPRESENTATION_CONTEXT() REPRESENTATION_CONTEXT('2D SPACE',''
  ) );
#44 = PCURVE('',#45,#50);
#45 = PLANE('',#46);
#46 = AXIS2_PLACEMENT_3D('',#47,#48,#49);
#47 = CARTESIAN_POINT('',(0.,0.,115.));
#48 = DIRECTION('',(0.,0.,1.));
#49 = DIRECTION('',(1.,0.,-0.));
#50 = DEFINITIONAL_REPRESENTATION('',(#51),#55);
#51 = CIRCLE('',#52,74.98);
#52 = AXIS2_PLACEMENT_2D('',#53,#54);
#53 = CARTESIAN_POINT('',(0.,0.));
#54 = DIRECTION('',(1.,0.));
#55 = ( GEOMETRIC_REPRESENTATION_CONTEXT(2) 
PARAMETRIC_REPRESENTATION_CONTEXT() REPRESENTATION_CONTEXT('2D SPACE',''
  ) );
#56 = ORIENTED_EDGE('',*,*,#57,.T.);
#57 = EDGE_CURVE('',#22,#58,#60,.T.);
#58 = VERTEX_POINT('',#59);
#59 = CARTESIAN_POINT('',(73.940443388663,12.442316162512,113.5));
#60 = SURFACE_CURVE('',#61,(#65,#72),.PCURVE_S1.);
#61 = LINE('',#62,#63);
#62 = CARTESIAN_POINT('',(73.940443388663,12.442316162512,115.));
#63 = VECTOR('',#64,1.);
#64 = DIRECTION('',(0.,0.,-1.));
#65 = PCURVE('',#33,#66);
#66 = DEFINITIONAL_REPRESENTATION('',(#67),#71);
#67 = LINE('',#68,#69);
#68 = CARTESIAN_POINT('',(0.166712975827,15.));
#69 = VECTOR('',#70,1.);
#70 = DIRECTION('',(0.,-1.));
#71 = ( GEOMETRIC_REPRESENTATION_CONTEXT(2) 
PARAMETRIC_REPRESENTATION_CONTEXT() REPRESENTATION_CONTEXT('2D SPACE',''
  ) );
#72 = PCURVE('',#73,#78);
#73 = PLANE('',#74);
#74 = AXIS2_PLACEMENT_3D('',#75,#76,#77);
#75 = CARTESIAN_POINT('',(71.133962633151,11.970056066903,
    114.29875967169));
#76 = DIRECTION('',(-0.16594179998,0.986135547995,0.));
#77 = DIRECTION('',(0.,0.,1.));
#78 = DEFINITIONAL_REPRESENTATION('',(#79),#83);
#79 = LINE('',#80,#81);
#80 = CARTESIAN_POINT('',(0.701240328309,2.845938128099));
#81 = VECTOR('',#82,1.);
#82 = DIRECTION('',(-1.,0.));
#83 = ( GEOMETRIC_REPRESENTATION_CONTEXT(2) 
PARAMETRIC_REPRESENTATION_CONTEXT() REPRESENTATION_CONTEXT('2D SPACE',''
  ) );
#84 = ORIENTED_EDGE('',*,*,#85,.F.);
#85 = EDGE_CURVE('',#86,#58,#88,.T.);
#86 = VERTEX_POINT('',#87);
#87 = CARTESIAN_POINT('',(74.98,-1.464018653169E-12,113.5));
#88 = SURFACE_CURVE('',#89,(#94,#101),.PCURVE_S1.);
#89 = CIRCLE('',#90,74.98);
#90 = AXIS2_PLACEMENT_3D('',#91,#92,#93);
#91 = CARTESIAN_POINT('',(0.,0.,113.5));
#92 = DIRECTION('',(-0.,0.,1.));
#93 = DIRECTION('',(0.986135547995,-0.16594179998,0.));
#94 = PCURVE('',#33,#95);
#95 = DEFINITIONAL_REPRESENTATION('',(#96),#100);
#96 = LINE('',#97,#98);
#97 = CARTESIAN_POINT('',(-0.166712975827,13.5));
#98 = VECTOR('',#99,1.);
#99 = DIRECTION('',(1.,0.));
#100 = ( GEOMETRIC_REPRESENTATION_CONTEXT(2) 
PARAMETRIC_REPRESENTATION_CONTEXT() REPRESENTATION_CONTEXT('2D SPACE',''
  ) );
#101 = PCURVE('',#102,#107);
#102 = PLANE('',#103);
#103 = AXIS2_PLACEMENT_3D('',#104,#105,#106);
#104 = CARTESIAN_POINT('',(0.,0.,113.5));
#105 = DIRECTION('',(0.,0.,1.));
#106 = DIRECTION('',(0.986135547995,-0.16594179998,0.));
#107 = DEFINITIONAL_REPRESENTATION('',(#108),#112);
#108 = CIRCLE('',#109,74.98);
#109 = AXIS2_PLACEMENT_2D('',#110,#111);
#110 = CARTESIAN_POINT('',(0.,0.));
#111 = DIRECTION('',(1.,0.));
#112 = ( GEOMETRIC_REPRESENTATION_CONTEXT(2) 
PARAMETRIC_REPRESENTATION_CONTEXT() REPRESENTATION_CONTEXT('2D SPACE',''
  ) );
#113 = ORIENTED_EDGE('',*,*,#114,.F.);
#114 = EDGE_CURVE('',#115,#86,#117,.T.);
#115 = VERTEX_POINT('',#116);
#116 = CARTESIAN_POINT('',(74.98,-1.836480340001E-14,100.));
#117 = SEAM_CURVE('',#118,(#122,#129),.PCURVE_S1.);
#118 = LINE('',#119,#120);
#119 = CARTESIAN_POINT('',(74.98,-1.836480340001E-14,100.));
#120 = VECTOR('',#121,1.);
#121 = DIRECTION('',(0.,0.,1.));
#122 = PCURVE('',#33,#123);
#123 = DEFINITIONAL_REPRESENTATION('',(#124),#128);
#124 = LINE('',#125,#126);
#125 = CARTESIAN_POINT('',(6.28318530718,-0.));
#126 = VECTOR('',#127,1.);
#127 = DIRECTION('',(0.,1.));
#128 = ( GEOMETRIC_REPRESENTATION_CONTEXT(2) 
PARAMETRIC_REPRESENTATION_CONTEXT() REPRESENTATION_CONTEXT('2D SPACE',''
  ) );
#129 = PCURVE('',#33,#130);
#130 = DEFINITIONAL_REPRESENTATION('',(#131),#135);
#131 = LINE('',#132,#133);
#132 = CARTESIAN_POINT('',(0.,-0.));
#133 = VECTOR('',#134,1.);
#134 = DIRECTION('',(0.,1.));
#135 = ( GEOMETRIC_REPRESENTATION_CONTEXT(2) 
PARAMETRIC_REPRESENTATION_CONTEXT() REPRESENTATION_CONTEXT('2D SPACE',''
  ) );
#136 = ORIENTED_EDGE('',*,*,#137,.T.);
#137 = EDGE_CURVE('',#115,#115,#138,.T.);
#138 = SURFACE_CURVE('',#139,(#144,#151),.PCURVE_S1.);
#139 = CIRCLE('',#140,74.98);
#140 = AXIS2_PLACEMENT_3D('',#141,#142,#143);
#141 = CARTESIAN_POINT('',(0.,0.,100.));
#142 = DIRECTION('',(0.,0.,1.));
#143 = DIRECTION('',(1.,0.,-0.));
#144 = PCURVE('',#33,#145);
#145 = DEFINITIONAL_REPRESENTATION('',(#146),#150);
#146 = LINE('',#147,#148);
#147 = CARTESIAN_POINT('',(0.,0.));
#148 = VECTOR('',#149,1.);
#149 = DIRECTION('',(1.,0.));
#150 = ( GEOMETRIC_REPRESENTATION_CONTEXT(2) 
PARAMETRIC_REPRESENTATION_CONTEXT() REPRESENTATION_CONTEXT('2D SPACE',''
  ) );
#151 = PCURVE('',#152,#157);
#152 = PLANE('',#153);
#153 = AXIS2_PLACEMENT_3D('',#154,#155,#156);
#154 = CARTESIAN_POINT('',(0.,0.,100.));
#155 = DIRECTION('',(0.,0.,1.));
#156 = DIRECTION('',(1.,0.,-0.));
#157 = DEFINITIONAL_REPRESENTATION('',(#158),#162);
#158 = CIRCLE('',#159,74.98);
#159 = AXIS2_PLACEMENT_2D('',#160,#161);
#160 = CARTESIAN_POINT('',(0.,0.));
#161 = DIRECTION('',(1.,0.));
#162 = ( GEOMETRIC_REPRESENTATION_CONTEXT(2) 
PARAMETRIC_REPRESENTATION_CONTEXT() REPRESENTATION_CONTEXT('2D SPACE',''
  ) );
#163 = ORIENTED_EDGE('',*,*,#114,.T.);
#164 = ORIENTED_EDGE('',*,*,#165,.F.);
#165 = EDGE_CURVE('',#166,#86,#168,.T.);
#166 = VERTEX_POINT('',#167);
#167 = CARTESIAN_POINT('',(73.940443388663,-12.44231616251,113.5));
#168 = SURFACE_CURVE('',#169,(#174,#181),.PCURVE_S1.);
#169 = CIRCLE('',#170,74.98);
#170 = AXIS2_PLACEMENT_3D('',#171,#172,#173);
#171 = CARTESIAN_POINT('',(0.,0.,113.5));
#172 = DIRECTION('',(-0.,0.,1.));
#173 = DIRECTION('',(0.986135547995,-0.16594179998,0.));
#174 = PCURVE('',#33,#175);
#175 = DEFINITIONAL_REPRESENTATION('',(#176),#180);
#176 = LINE('',#177,#178);
#177 = CARTESIAN_POINT('',(6.116472331353,13.5));
#178 = VECTOR('',#179,1.);
#179 = DIRECTION('',(1.,0.));
#180 = ( GEOMETRIC_REPRESENTATION_CONTEXT(2) 
PARAMETRIC_REPRESENTATION_CONTEXT() REPRESENTATION_CONTEXT('2D SPACE',''
  ) );
#181 = PCURVE('',#102,#182);
#182 = DEFINITIONAL_REPRESENTATION('',(#183),#187);
#183 = CIRCLE('',#184,74.98);
#184 = AXIS2_PLACEMENT_2D('',#185,#186);
#185 = CARTESIAN_POINT('',(0.,0.));
#186 = DIRECTION('',(1.,0.));
#187 = ( GEOMETRIC_REPRESENTATION_CONTEXT(2) 
PARAMETRIC_REPRESENTATION_CONTEXT() REPRESENTATION_CONTEXT('2D SPACE',''
  ) );
#188 = ORIENTED_EDGE('',*,*,#189,.F.);
#189 = EDGE_CURVE('',#190,#166,#192,.T.);
#190 = VERTEX_POINT('',#191);
#191 = CARTESIAN_POINT('',(73.940443388663,-12.44231616251,115.));
#192 = SURFACE_CURVE('',#193,(#197,#204),.PCURVE_S1.);
#193 = LINE('',#194,#195);
#194 = CARTESIAN_POINT('',(73.940443388663,-12.44231616251,115.));
#195 = VECTOR('',#196,1.);
#196 = DIRECTION('',(0.,0.,-1.));
#197 = PCURVE('',#33,#198);
#198 = DEFINITIONAL_REPRESENTATION('',(#199),#203);
#199 = LINE('',#200,#201);
#200 = CARTESIAN_POINT('',(6.116472331353,15.));
#201 = VECTOR('',#202,1.);
#202 = DIRECTION('',(0.,-1.));
#203 = ( GEOMETRIC_REPRESENTATION_CONTEXT(2) 
PARAMETRIC_REPRESENTATION_CONTEXT() REPRESENTATION_CONTEXT('2D SPACE',''
  ) );
#204 = PCURVE('',#205,#210);
#205 = PLANE('',#206);
#206 = AXIS2_PLACEMENT_3D('',#207,#208,#209);
#207 = CARTESIAN_POINT('',(71.133962633151,-11.9700560669,
    114.29875967169));
#208 = DIRECTION('',(0.16594179998,0.986135547995,0.));
#209 = DIRECTION('',(0.,0.,1.));
#210 = DEFINITIONAL_REPRESENTATION('',(#211),#215);
#211 = LINE('',#212,#213);
#212 = CARTESIAN_POINT('',(0.701240328309,2.845938128099));
#213 = VECTOR('',#214,1.);
#214 = DIRECTION('',(-1.,0.));
#215 = ( GEOMETRIC_REPRESENTATION_CONTEXT(2) 
PARAMETRIC_REPRESENTATION_CONTEXT() REPRESENTATION_CONTEXT('2D SPACE',''
  ) );
#216 = ORIENTED_EDGE('',*,*,#217,.F.);
#217 = EDGE_CURVE('',#218,#190,#220,.T.);
#218 = VERTEX_POINT('',#219);
#219 = CARTESIAN_POINT('',(61.081835056243,-43.48574279188,115.));
#220 = SURFACE_CURVE('',#221,(#226,#233),.PCURVE_S1.);
#221 = CIRCLE('',#222,74.98);
#222 = AXIS2_PLACEMENT_3D('',#223,#224,#225);
#223 = CARTESIAN_POINT('',(0.,0.,115.));
#224 = DIRECTION('',(0.,0.,1.));
#225 = DIRECTION('',(1.,0.,-0.));
#226 = PCURVE('',#33,#227);
#227 = DEFINITIONAL_REPRESENTATION('',(#228),#232);
#228 = LINE('',#229,#230);
#229 = CARTESIAN_POINT('',(0.,15.));
#230 = VECTOR('',#231,1.);
#231 = DIRECTION('',(1.,0.));
#232 = ( GEOMETRIC_REPRESENTATION_CONTEXT(2) 
PARAMETRIC_REPRESENTATION_CONTEXT() REPRESENTATION_CONTEXT('2D SPACE',''
  ) );
#233 = PCURVE('',#45,#234);
#234 = DEFINITIONAL_REPRESENTATION('',(#235),#239);
#235 = CIRCLE('',#236,74.98);
#236 = AXIS2_PLACEMENT_2D('',#237,#238);
#237 = CARTESIAN_POINT('',(0.,0.));
#238 = DIRECTION('',(1.,0.));
#239 = ( GEOMETRIC_REPRESENTATION_CONTEXT(2) 
PARAMETRIC_REPRESENTATION_CONTEXT() REPRESENTATION_CONTEXT('2D SPACE',''
  ) );
#240 = ORIENTED_EDGE('',*,*,#241,.T.);
#241 = EDGE_CURVE('',#218,#242,#244,.T.);
#242 = VERTEX_POINT('',#243);
#243 = CARTESIAN_POINT('',(61.081835056243,-43.48574279188,113.5));
#244 = SURFACE_CURVE('',#245,(#249,#256),.PCURVE_S1.);
#245 = LINE('',#246,#247);
#246 = CARTESIAN_POINT('',(61.081835056243,-43.48574279188,115.));
#247 = VECTOR('',#248,1.);
#248 = DIRECTION('',(0.,0.,-1.));
#249 = PCURVE('',#33,#250);
#250 = DEFINITIONAL_REPRESENTATION('',(#251),#255);
#251 = LINE('',#252,#253);
#252 = CARTESIAN_POINT('',(5.664500119609,15.));
#253 = VECTOR('',#254,1.);
#254 = DIRECTION('',(0.,-1.));
#255 = ( GEOMETRIC_REPRESENTATION_CONTEXT(2) 
PARAMETRIC_REPRESENTATION_CONTEXT() REPRESENTATION_CONTEXT('2D SPACE',''
  ) );
#256 = PCURVE('',#257,#262);
#257 = PLANE('',#258);
#258 = AXIS2_PLACEMENT_3D('',#259,#260,#261);
#259 = CARTESIAN_POINT('',(58.763415166662,-41.83519953448,
    114.29875967169));
#260 = DIRECTION('',(0.579964561108,0.814641705205,0.));
#261 = DIRECTION('',(0.,0.,1.));
#262 = DEFINITIONAL_REPRESENTATION('',(#263),#267);
#263 = LINE('',#264,#265);
#264 = CARTESIAN_POINT('',(0.701240328309,2.845938128099));
#265 = VECTOR('',#266,1.);
#266 = DIRECTION('',(-1.,0.));
#267 = ( GEOMETRIC_REPRESENTATION_CONTEXT(2) 
PARAMETRIC_REPRESENTATION_CONTEXT() REPRESENTATION_CONTEXT('2D SPACE',''
  ) );
#268 = ORIENTED_EDGE('',*,*,#269,.F.);
#269 = EDGE_CURVE('',#270,#242,#272,.T.);
#270 = VERTEX_POINT('',#271);
#271 = CARTESIAN_POINT('',(43.485742791884,-61.08183505624,113.5));
#272 = SURFACE_CURVE('',#273,(#278,#285),.PCURVE_S1.);
#273 = CIRCLE('',#274,74.98);
#274 = AXIS2_PLACEMENT_3D('',#275,#276,#277);
#275 = CARTESIAN_POINT('',(0.,0.,113.5));
#276 = DIRECTION('',(-0.,0.,1.));
#277 = DIRECTION('',(0.579964561108,-0.814641705205,0.));
#278 = PCURVE('',#33,#279);
#279 = DEFINITIONAL_REPRESENTATION('',(#280),#284);
#280 = LINE('',#281,#282);
#281 = CARTESIAN_POINT('',(5.331074167956,13.5));
#282 = VECTOR('',#283,1.);
#283 = DIRECTION('',(1.,0.));
#284 = ( GEOMETRIC_REPRESENTATION_CONTEXT(2) 
PARAMETRIC_REPRESENTATION_CONTEXT() REPRESENTATION_CONTEXT('2D SPACE',''
  ) );
#285 = PCURVE('',#286,#291);
#286 = PLANE('',#287);
#287 = AXIS2_PLACEMENT_3D('',#288,#289,#290);
#288 = CARTESIAN_POINT('',(0.,0.,113.5));
#289 = DIRECTION('',(0.,0.,1.));
#290 = DIRECTION('',(0.579964561108,-0.814641705205,0.));
#291 = DEFINITIONAL_REPRESENTATION('',(#292),#296);
#292 = CIRCLE('',#293,74.98);
#293 = AXIS2_PLACEMENT_2D('',#294,#295);
#294 = CARTESIAN_POINT('',(0.,0.));
#295 = DIRECTION('',(1.,0.));
#296 = ( GEOMETRIC_REPRESENTATION_CONTEXT(2) 
PARAMETRIC_REPRESENTATION_CONTEXT() REPRESENTATION_CONTEXT('2D SPACE',''
  ) );
#297 = ORIENTED_EDGE('',*,*,#298,.F.);
#298 = EDGE_CURVE('',#299,#270,#301,.T.);
#299 = VERTEX_POINT('',#300);
#300 = CARTESIAN_POINT('',(43.485742791884,-61.08183505624,115.));
#301 = SURFACE_CURVE('',#302,(#306,#313),.PCURVE_S1.);
#302 = LINE('',#303,#304);
#303 = CARTESIAN_POINT('',(43.485742791884,-61.08183505624,115.));
#304 = VECTOR('',#305,1.);
#305 = DIRECTION('',(0.,0.,-1.));
#306 = PCURVE('',#33,#307);
#307 = DEFINITIONAL_REPRESENTATION('',(#308),#312);
#308 = LINE('',#309,#310);
#309 = CARTESIAN_POINT('',(5.331074167956,15.));
#310 = VECTOR('',#311,1.);
#311 = DIRECTION('',(0.,-1.));
#312 = ( GEOMETRIC_REPRESENTATION_CONTEXT(2) 
PARAMETRIC_REPRESENTATION_CONTEXT() REPRESENTATION_CONTEXT('2D SPACE',''
  ) );
#313 = PCURVE('',#314,#319);
#314 = PLANE('',#315);
#315 = AXIS2_PLACEMENT_3D('',#316,#317,#318);
#316 = CARTESIAN_POINT('',(41.835199534481,-58.76341516666,
    114.29875967169));
#317 = DIRECTION('',(0.814641705205,0.579964561108,0.));
#318 = DIRECTION('',(0.,0.,1.));
#319 = DEFINITIONAL_REPRESENTATION('',(#320),#324);
#320 = LINE('',#321,#322);
#321 = CARTESIAN_POINT('',(0.701240328309,2.845938128099));
#322 = VECTOR('',#323,1.);
#323 = DIRECTION('',(-1.,0.));
#324 = ( GEOMETRIC_REPRESENTATION_CONTEXT(2) 
PARAMETRIC_REPRESENTATION_CONTEXT() REPRESENTATION_CONTEXT('2D SPACE',''
  ) );
#325 = ORIENTED_EDGE('',*,*,#326,.F.);
#326 = EDGE_CURVE('',#327,#299,#329,.T.);
#327 = VERTEX_POINT('',#328);
#328 = CARTESIAN_POINT('',(12.442316162512,-73.94044338866,115.));
#329 = SURFACE_CURVE('',#330,(#335,#342),.PCURVE_S1.);
#330 = CIRCLE('',#331,74.98);
#331 = AXIS2_PLACEMENT_3D('',#332,#333,#334);
#332 = CARTESIAN_POINT('',(0.,0.,115.));
#333 = DIRECTION('',(0.,0.,1.));
#334 = DIRECTION('',(1.,0.,-0.));
#335 = PCURVE('',#33,#336);
#336 = DEFINITIONAL_REPRESENTATION('',(#337),#341);
#337 = LINE('',#338,#339);
#338 = CARTESIAN_POINT('',(0.,15.));
#339 = VECTOR('',#340,1.);
#340 = DIRECTION('',(1.,0.));
#341 = ( GEOMETRIC_REPRESENTATION_CONTEXT(2) 
PARAMETRIC_REPRESENTATION_CONTEXT() REPRESENTATION_CONTEXT('2D SPACE',''
  ) );
#342 = PCURVE('',#45,#343);
#343 = DEFINITIONAL_REPRESENTATION('',(#344),#348);
#344 = CIRCLE('',#345,74.98);
#345 = AXIS2_PLACEMENT_2D('',#346,#347);
#346 = CARTESIAN_POINT('',(0.,0.));
#347 = DIRECTION('',(1.,0.));
#348 = ( GEOMETRIC_REPRESENTATION_CONTEXT(2) 
PARAMETRIC_REPRESENTATION_CONTEXT() REPRESENTATION_CONTEXT('2D SPACE',''
  ) );
#349 = ORIENTED_EDGE('',*,*,#350,.T.);
#350 = EDGE_CURVE('',#327,#351,#353,.T.);
#351 = VERTEX_POINT('',#352);
#352 = CARTESIAN_POINT('',(12.442316162512,-73.94044338866,113.5));
#353 = SURFACE_CURVE('',#354,(#358,#365),.PCURVE_S1.);
#354 = LINE('',#355,#356);
#355 = CARTESIAN_POINT('',(12.442316162512,-73.94044338866,115.));
#356 = VECTOR('',#357,1.);
#357 = DIRECTION('',(0.,0.,-1.));
#358 = PCURVE('',#33,#359);
#359 = DEFINITIONAL_REPRESENTATION('',(#360),#364);
#360 = LINE('',#361,#362);
#361 = CARTESIAN_POINT('',(4.879101956211,15.));
#362 = VECTOR('',#363,1.);
#363 = DIRECTION('',(0.,-1.));
#364 = ( GEOMETRIC_REPRESENTATION_CONTEXT(2) 
PARAMETRIC_REPRESENTATION_CONTEXT() REPRESENTATION_CONTEXT('2D SPACE',''
  ) );
#365 = PCURVE('',#366,#371);
#366 = PLANE('',#367);
#367 = AXIS2_PLACEMENT_3D('',#368,#369,#370);
#368 = CARTESIAN_POINT('',(11.970056066903,-71.13396263315,
    114.29875967169));
#369 = DIRECTION('',(0.986135547995,0.16594179998,0.));
#370 = DIRECTION('',(0.,0.,1.));
#371 = DEFINITIONAL_REPRESENTATION('',(#372),#376);
#372 = LINE('',#373,#374);
#373 = CARTESIAN_POINT('',(0.701240328309,2.845938128099));
#374 = VECTOR('',#375,1.);
#375 = DIRECTION('',(-1.,-0.));
#376 = ( GEOMETRIC_REPRESENTATION_CONTEXT(2) 
PARAMETRIC_REPRESENTATION_CONTEXT() REPRESENTATION_CONTEXT('2D SPACE',''
  ) );
#377 = ORIENTED_EDGE('',*,*,#378,.F.);
#378 = EDGE_CURVE('',#379,#351,#381,.T.);
#379 = VERTEX_POINT('',#380);
#380 = CARTESIAN_POINT('',(-12.44231616251,-73.94044338866,113.5));
#381 = SURFACE_CURVE('',#382,(#387,#394),.PCURVE_S1.);
#382 = CIRCLE('',#383,74.98);
#383 = AXIS2_PLACEMENT_3D('',#384,#385,#386);
#384 = CARTESIAN_POINT('',(0.,0.,113.5));
#385 = DIRECTION('',(0.,0.,1.));
#386 = DIRECTION('',(-0.16594179998,-0.986135547995,0.));
#387 = PCURVE('',#33,#388);
#388 = DEFINITIONAL_REPRESENTATION('',(#389),#393);
#389 = LINE('',#390,#391);
#390 = CARTESIAN_POINT('',(4.545676004558,13.5));
#391 = VECTOR('',#392,1.);
#392 = DIRECTION('',(1.,0.));
#393 = ( GEOMETRIC_REPRESENTATION_CONTEXT(2) 
PARAMETRIC_REPRESENTATION_CONTEXT() REPRESENTATION_CONTEXT('2D SPACE',''
  ) );
#394 = PCURVE('',#395,#400);
#395 = PLANE('',#396);
#396 = AXIS2_PLACEMENT_3D('',#397,#398,#399);
#397 = CARTESIAN_POINT('',(0.,0.,113.5));
#398 = DIRECTION('',(0.,0.,1.));
#399 = DIRECTION('',(-0.16594179998,-0.986135547995,0.));
#400 = DEFINITIONAL_REPRESENTATION('',(#401),#405);
#401 = CIRCLE('',#402,74.98);
#402 = AXIS2_PLACEMENT_2D('',#403,#404);
#403 = CARTESIAN_POINT('',(0.,0.));
#404 = DIRECTION('',(1.,0.));
#405 = ( GEOMETRIC_REPRESENTATION_CONTEXT(2) 
PARAMETRIC_REPRESENTATION_CONTEXT() REPRESENTATION_CONTEXT('2D SPACE',''
  ) );
#406 = ORIENTED_EDGE('',*,*,#407,.F.);
#407 = EDGE_CURVE('',#408,#379,#410,.T.);
#408 = VERTEX_POINT('',#409);
#409 = CARTESIAN_POINT('',(-12.44231616251,-73.94044338866,115.));
#410 = SURFACE_CURVE('',#411,(#415,#422),.PCURVE_S1.);
#411 = LINE('',#412,#413);
#412 = CARTESIAN_POINT('',(-12.44231616251,-73.94044338866,115.));
#413 = VECTOR('',#414,1.);
#414 = DIRECTION('',(0.,-0.,-1.));
#415 = PCURVE('',#33,#416);
#416 = DEFINITIONAL_REPRESENTATION('',(#417),#421);
#417 = LINE('',#418,#419);
#418 = CARTESIAN_POINT('',(4.545676004558,15.));
#419 = VECTOR('',#420,1.);
#420 = DIRECTION('',(0.,-1.));
#421 = ( GEOMETRIC_REPRESENTATION_CONTEXT(2) 
PARAMETRIC_REPRESENTATION_CONTEXT() REPRESENTATION_CONTEXT('2D SPACE',''
  ) );
#422 = PCURVE('',#423,#428);
#423 = PLANE('',#424);
#424 = AXIS2_PLACEMENT_3D('',#425,#426,#427);
#425 = CARTESIAN_POINT('',(-11.9700560669,-71.13396263315,
    114.29875967169));
#426 = DIRECTION('',(0.986135547995,-0.16594179998,0.));
#427 = DIRECTION('',(0.,0.,1.));
#428 = DEFINITIONAL_REPRESENTATION('',(#429),#433);
#429 = LINE('',#430,#431);
#430 = CARTESIAN_POINT('',(0.701240328309,2.845938128099));
#431 = VECTOR('',#432,1.);
#432 = DIRECTION('',(-1.,-0.));
#433 = ( GEOMETRIC_REPRESENTATION_CONTEXT(2) 
PARAMETRIC_REPRESENTATION_CONTEXT() REPRESENTATION_CONTEXT('2D SPACE',''
  ) );
#434 = ORIENTED_EDGE('',*,*,#435,.F.);
#435 = EDGE_CURVE('',#436,#408,#438,.T.);
#436 = VERTEX_POINT('',#437);
#437 = CARTESIAN_POINT('',(-43.48574279188,-61.08183505624,115.));
#438 = SURFACE_CURVE('',#439,(#444,#451),.PCURVE_S1.);
#439 = CIRCLE('',#440,74.98);
#440 = AXIS2_PLACEMENT_3D('',#441,#442,#443);
#441 = CARTESIAN_POINT('',(0.,0.,115.));
#442 = DIRECTION('',(0.,0.,1.));
#443 = DIRECTION('',(1.,0.,-0.));
#444 = PCURVE('',#33,#445);
#445 = DEFINITIONAL_REPRESENTATION('',(#446),#450);
#446 = LINE('',#447,#448);
#447 = CARTESIAN_POINT('',(0.,15.));
#448 = VECTOR('',#449,1.);
#449 = DIRECTION('',(1.,0.));
#450 = ( GEOMETRIC_REPRESENTATION_CONTEXT(2) 
PARAMETRIC_REPRESENTATION_CONTEXT() REPRESENTATION_CONTEXT('2D SPACE',''
  ) );
#451 = PCURVE('',#45,#452);
#452 = DEFINITIONAL_REPRESENTATION('',(#453),#457);
#453 = CIRCLE('',#454,74.98);
#454 = AXIS2_PLACEMENT_2D('',#455,#456);
#455 = CARTESIAN_POINT('',(0.,0.));
#456 = DIRECTION('',(1.,0.));
#457 = ( GEOMETRIC_REPRESENTATION_CONTEXT(2) 
PARAMETRIC_REPRESENTATION_CONTEXT() REPRESENTATION_CONTEXT('2D SPACE',''
  ) );
#458 = ORIENTED_EDGE('',*,*,#459,.T.);
#459 = EDGE_CURVE('',#436,#460,#462,.T.);
#460 = VERTEX_POINT('',#461);
#461 = CARTESIAN_POINT('',(-43.48574279188,-61.08183505624,113.5));
#462 = SURFACE_CURVE('',#463,(#467,#474),.PCURVE_S1.);
#463 = LINE('',#464,#465);
#464 = CARTESIAN_POINT('',(-43.48574279188,-61.08183505624,115.));
#465 = VECTOR('',#466,1.);
#466 = DIRECTION('',(0.,0.,-1.));
#467 = PCURVE('',#33,#468);
#468 = DEFINITIONAL_REPRESENTATION('',(#469),#473);
#469 = LINE('',#470,#471);
#470 = CARTESIAN_POINT('',(4.093703792814,15.));
#471 = VECTOR('',#472,1.);
#472 = DIRECTION('',(0.,-1.));
#473 = ( GEOMETRIC_REPRESENTATION_CONTEXT(2) 
PARAMETRIC_REPRESENTATION_CONTEXT() REPRESENTATION_CONTEXT('2D SPACE',''
  ) );
#474 = PCURVE('',#475,#480);
#475 = PLANE('',#476);
#476 = AXIS2_PLACEMENT_3D('',#477,#478,#479);
#477 = CARTESIAN_POINT('',(-41.83519953448,-58.76341516666,
    114.29875967169));
#478 = DIRECTION('',(0.814641705205,-0.579964561108,0.));
#479 = DIRECTION('',(0.,0.,1.));
#480 = DEFINITIONAL_REPRESENTATION('',(#481),#485);
#481 = LINE('',#482,#483);
#482 = CARTESIAN_POINT('',(0.701240328309,2.845938128099));
#483 = VECTOR('',#484,1.);
#484 = DIRECTION('',(-1.,-0.));
#485 = ( GEOMETRIC_REPRESENTATION_CONTEXT(2) 
PARAMETRIC_REPRESENTATION_CONTEXT() REPRESENTATION_CONTEXT('2D SPACE',''
  ) );
#486 = ORIENTED_EDGE('',*,*,#487,.F.);
#487 = EDGE_CURVE('',#488,#460,#490,.T.);
#488 = VERTEX_POINT('',#489);
#489 = CARTESIAN_POINT('',(-61.08183505624,-43.48574279188,113.5));
#490 = SURFACE_CURVE('',#491,(#496,#503),.PCURVE_S1.);
#491 = CIRCLE('',#492,74.98);
#492 = AXIS2_PLACEMENT_3D('',#493,#494,#495);
#493 = CARTESIAN_POINT('',(0.,0.,113.5));
#494 = DIRECTION('',(0.,0.,1.));
#495 = DIRECTION('',(-0.814641705205,-0.579964561108,0.));
#496 = PCURVE('',#33,#497);
#497 = DEFINITIONAL_REPRESENTATION('',(#498),#502);
#498 = LINE('',#499,#500);
#499 = CARTESIAN_POINT('',(3.760277841161,13.5));
#500 = VECTOR('',#501,1.);
#501 = DIRECTION('',(1.,0.));
#502 = ( GEOMETRIC_REPRESENTATION_CONTEXT(2) 
PARAMETRIC_REPRESENTATION_CONTEXT() REPRESENTATION_CONTEXT('2D SPACE',''
  ) );
#503 = PCURVE('',#504,#509);
#504 = PLANE('',#505);
#505 = AXIS2_PLACEMENT_3D('',#506,#507,#508);
#506 = CARTESIAN_POINT('',(0.,0.,113.5));
#507 = DIRECTION('',(0.,0.,1.));
#508 = DIRECTION('',(-0.814641705205,-0.579964561108,0.));
#509 = DEFINITIONAL_REPRESENTATION('',(#510),#514);
#510 = CIRCLE('',#511,74.98);
#511 = AXIS2_PLACEMENT_2D('',#512,#513);
#512 = CARTESIAN_POINT('',(0.,0.));
#513 = DIRECTION('',(1.,0.));
#514 = ( GEOMETRIC_REPRESENTATION_CONTEXT(2) 
PARAMETRIC_REPRESENTATION_CONTEXT() REPRESENTATION_CONTEXT('2D SPACE',''
  ) );
#515 = ORIENTED_EDGE('',*,*,#516,.F.);
#516 = EDGE_CURVE('',#517,#488,#519,.T.);
#517 = VERTEX_POINT('',#518);
#518 = CARTESIAN_POINT('',(-61.08183505624,-43.48574279188,115.));
#519 = SURFACE_CURVE('',#520,(#524,#531),.PCURVE_S1.);
#520 = LINE('',#521,#522);
#521 = CARTESIAN_POINT('',(-61.08183505624,-43.48574279188,115.));
#522 = VECTOR('',#523,1.);
#523 = DIRECTION('',(0.,-0.,-1.));
#524 = PCURVE('',#33,#525);
#525 = DEFINITIONAL_REPRESENTATION('',(#526),#530);
#526 = LINE('',#527,#528);
#527 = CARTESIAN_POINT('',(3.760277841161,15.));
#528 = VECTOR('',#529,1.);
#529 = DIRECTION('',(0.,-1.));
#530 = ( GEOMETRIC_REPRESENTATION_CONTEXT(2) 
PARAMETRIC_REPRESENTATION_CONTEXT() REPRESENTATION_CONTEXT('2D SPACE',''
  ) );
#531 = PCURVE('',#532,#537);
#532 = PLANE('',#533);
#533 = AXIS2_PLACEMENT_3D('',#534,#535,#536);
#534 = CARTESIAN_POINT('',(-58.76341516666,-41.83519953448,
    114.29875967169));
#535 = DIRECTION('',(0.579964561108,-0.814641705205,0.));
#536 = DIRECTION('',(0.,0.,1.));
#537 = DEFINITIONAL_REPRESENTATION('',(#538),#542);
#538 = LINE('',#539,#540);
#539 = CARTESIAN_POINT('',(0.701240328309,2.845938128099));
#540 = VECTOR('',#541,1.);
#541 = DIRECTION('',(-1.,-0.));
#542 = ( GEOMETRIC_REPRESENTATION_CONTEXT(2) 
PARAMETRIC_REPRESENTATION_CONTEXT() REPRESENTATION_CONTEXT('2D SPACE',''
  ) );
#543 = ORIENTED_EDGE('',*,*,#544,.F.);
#544 = EDGE_CURVE('',#545,#517,#547,.T.);
#545 = VERTEX_POINT('',#546);
#546 = CARTESIAN_POINT('',(-73.94044338866,-12.44231616251,115.));
#547 = SURFACE_CURVE('',#548,(#553,#560),.PCURVE_S1.);
#548 = CIRCLE('',#549,74.98);
#549 = AXIS2_PLACEMENT_3D('',#550,#551,#552);
#550 = CARTESIAN_POINT('',(0.,0.,115.));
#551 = DIRECTION('',(0.,0.,1.));
#552 = DIRECTION('',(1.,0.,-0.));
#553 = PCURVE('',#33,#554);
#554 = DEFINITIONAL_REPRESENTATION('',(#555),#559);
#555 = LINE('',#556,#557);
#556 = CARTESIAN_POINT('',(0.,15.));
#557 = VECTOR('',#558,1.);
#558 = DIRECTION('',(1.,0.));
#559 = ( GEOMETRIC_REPRESENTATION_CONTEXT(2) 
PARAMETRIC_REPRESENTATION_CONTEXT() REPRESENTATION_CONTEXT('2D SPACE',''
  ) );
#560 = PCURVE('',#45,#561);
#561 = DEFINITIONAL_REPRESENTATION('',(#562),#566);
#562 = CIRCLE('',#563,74.98);
#563 = AXIS2_PLACEMENT_2D('',#564,#565);
#564 = CARTESIAN_POINT('',(0.,0.));
#565 = DIRECTION('',(1.,0.));
#566 = ( GEOMETRIC_REPRESENTATION_CONTEXT(2) 
PARAMETRIC_REPRESENTATION_CONTEXT() REPRESENTATION_CONTEXT('2D SPACE',''
  ) );
#567 = ORIENTED_EDGE('',*,*,#568,.T.);
#568 = EDGE_CURVE('',#545,#569,#571,.T.);
#569 = VERTEX_POINT('',#570);
#570 = CARTESIAN_POINT('',(-73.94044338866,-12.44231616251,113.5));
#571 = SURFACE_CURVE('',#572,(#576,#583),.PCURVE_S1.);
#572 = LINE('',#573,#574);
#573 = CARTESIAN_POINT('',(-73.94044338866,-12.44231616251,115.));
#574 = VECTOR('',#575,1.);
#575 = DIRECTION('',(-0.,0.,-1.));
#576 = PCURVE('',#33,#577);
#577 = DEFINITIONAL_REPRESENTATION('',(#578),#582);
#578 = LINE('',#579,#580);
#579 = CARTESIAN_POINT('',(3.308305629416,15.));
#580 = VECTOR('',#581,1.);
#581 = DIRECTION('',(0.,-1.));
#582 = ( GEOMETRIC_REPRESENTATION_CONTEXT(2) 
PARAMETRIC_REPRESENTATION_CONTEXT() REPRESENTATION_CONTEXT('2D SPACE',''
  ) );
#583 = PCURVE('',#584,#589);
#584 = PLANE('',#585);
#585 = AXIS2_PLACEMENT_3D('',#586,#587,#588);
#586 = CARTESIAN_POINT('',(-71.13396263315,-11.9700560669,
    114.29875967169));
#587 = DIRECTION('',(0.16594179998,-0.986135547995,0.));
#588 = DIRECTION('',(0.,0.,1.));
#589 = DEFINITIONAL_REPRESENTATION('',(#590),#594);
#590 = LINE('',#591,#592);
#591 = CARTESIAN_POINT('',(0.701240328309,2.845938128099));
#592 = VECTOR('',#593,1.);
#593 = DIRECTION('',(-1.,0.));
#594 = ( GEOMETRIC_REPRESENTATION_CONTEXT(2) 
PARAMETRIC_REPRESENTATION_CONTEXT() REPRESENTATION_CONTEXT('2D SPACE',''
  ) );
#595 = ORIENTED_EDGE('',*,*,#596,.F.);
#596 = EDGE_CURVE('',#597,#569,#599,.T.);
#597 = VERTEX_POINT('',#598);
#598 = CARTESIAN_POINT('',(-73.94044338866,12.442316162512,113.5));
#599 = SURFACE_CURVE('',#600,(#605,#612),.PCURVE_S1.);
#600 = CIRCLE('',#601,74.98);
#601 = AXIS2_PLACEMENT_3D('',#602,#603,#604);
#602 = CARTESIAN_POINT('',(0.,0.,113.5));
#603 = DIRECTION('',(0.,0.,1.));
#604 = DIRECTION('',(-0.986135547995,0.16594179998,0.));
#605 = PCURVE('',#33,#606);
#606 = DEFINITIONAL_REPRESENTATION('',(#607),#611);
#607 = LINE('',#608,#609);
#608 = CARTESIAN_POINT('',(2.974879677763,13.5));
#609 = VECTOR('',#610,1.);
#610 = DIRECTION('',(1.,0.));
#611 = ( GEOMETRIC_REPRESENTATION_CONTEXT(2) 
PARAMETRIC_REPRESENTATION_CONTEXT() REPRESENTATION_CONTEXT('2D SPACE',''
  ) );
#612 = PCURVE('',#613,#618);
#613 = PLANE('',#614);
#614 = AXIS2_PLACEMENT_3D('',#615,#616,#617);
#615 = CARTESIAN_POINT('',(0.,0.,113.5));
#616 = DIRECTION('',(0.,0.,1.));
#617 = DIRECTION('',(-0.986135547995,0.16594179998,0.));
#618 = DEFINITIONAL_REPRESENTATION('',(#619),#623);
#619 = CIRCLE('',#620,74.98);
#620 = AXIS2_PLACEMENT_2D('',#621,#622);
#621 = CARTESIAN_POINT('',(0.,0.));
#622 = DIRECTION('',(1.,0.));
#623 = ( GEOMETRIC_REPRESENTATION_CONTEXT(2) 
PARAMETRIC_REPRESENTATION_CONTEXT() REPRESENTATION_CONTEXT('2D SPACE',''
  ) );
#624 = ORIENTED_EDGE('',*,*,#625,.F.);
#625 = EDGE_CURVE('',#626,#597,#628,.T.);
#626 = VERTEX_POINT('',#627);
#627 = CARTESIAN_POINT('',(-73.94044338866,12.442316162512,115.));
#628 = SURFACE_CURVE('',#629,(#633,#640),.PCURVE_S1.);
#629 = LINE('',#630,#631);
#630 = CARTESIAN_POINT('',(-73.94044338866,12.442316162512,115.));
#631 = VECTOR('',#632,1.);
#632 = DIRECTION('',(-0.,0.,-1.));
#633 = PCURVE('',#33,#634);
#634 = DEFINITIONAL_REPRESENTATION('',(#635),#639);
#635 = LINE('',#636,#637);
#636 = CARTESIAN_POINT('',(2.974879677763,15.));
#637 = VECTOR('',#638,1.);
#638 = DIRECTION('',(0.,-1.));
#639 = ( GEOMETRIC_REPRESENTATION_CONTEXT(2) 
PARAMETRIC_REPRESENTATION_CONTEXT() REPRESENTATION_CONTEXT('2D SPACE',''
  ) );
#640 = PCURVE('',#641,#646);
#641 = PLANE('',#642);
#642 = AXIS2_PLACEMENT_3D('',#643,#644,#645);
#643 = CARTESIAN_POINT('',(-71.13396263315,11.970056066903,
    114.29875967169));
#644 = DIRECTION('',(-0.16594179998,-0.986135547995,0.));
#645 = DIRECTION('',(0.,0.,1.));
#646 = DEFINITIONAL_REPRESENTATION('',(#647),#651);
#647 = LINE('',#648,#649);
#648 = CARTESIAN_POINT('',(0.701240328309,2.845938128099));
#649 = VECTOR('',#650,1.);
#650 = DIRECTION('',(-1.,0.));
#651 = ( GEOMETRIC_REPRESENTATION_CONTEXT(2) 
PARAMETRIC_REPRESENTATION_CONTEXT() REPRESENTATION_CONTEXT('2D SPACE',''
  ) );
#652 = ORIENTED_EDGE('',*,*,#653,.F.);
#653 = EDGE_CURVE('',#654,#626,#656,.T.);
#654 = VERTEX_POINT('',#655);
#655 = CARTESIAN_POINT('',(-61.08183505624,43.485742791884,115.));
#656 = SURFACE_CURVE('',#657,(#662,#669),.PCURVE_S1.);
#657 = CIRCLE('',#658,74.98);
#658 = AXIS2_PLACEMENT_3D('',#659,#660,#661);
#659 = CARTESIAN_POINT('',(0.,0.,115.));
#660 = DIRECTION('',(0.,0.,1.));
#661 = DIRECTION('',(1.,0.,-0.));
#662 = PCURVE('',#33,#663);
#663 = DEFINITIONAL_REPRESENTATION('',(#664),#668);
#664 = LINE('',#665,#666);
#665 = CARTESIAN_POINT('',(0.,15.));
#666 = VECTOR('',#667,1.);
#667 = DIRECTION('',(1.,0.));
#668 = ( GEOMETRIC_REPRESENTATION_CONTEXT(2) 
PARAMETRIC_REPRESENTATION_CONTEXT() REPRESENTATION_CONTEXT('2D SPACE',''
  ) );
#669 = PCURVE('',#45,#670);
#670 = DEFINITIONAL_REPRESENTATION('',(#671),#675);
#671 = CIRCLE('',#672,74.98);
#672 = AXIS2_PLACEMENT_2D('',#673,#674);
#673 = CARTESIAN_POINT('',(0.,0.));
#674 = DIRECTION('',(1.,0.));
#675 = ( GEOMETRIC_REPRESENTATION_CONTEXT(2) 
PARAMETRIC_REPRESENTATION_CONTEXT() REPRESENTATION_CONTEXT('2D SPACE',''
  ) );
#676 = ORIENTED_EDGE('',*,*,#677,.T.);
#677 = EDGE_CURVE('',#654,#678,#680,.T.);
#678 = VERTEX_POINT('',#679);
#679 = CARTESIAN_POINT('',(-61.08183505624,43.485742791884,113.5));
#680 = SURFACE_CURVE('',#681,(#685,#692),.PCURVE_S1.);
#681 = LINE('',#682,#683);
#682 = CARTESIAN_POINT('',(-61.08183505624,43.485742791884,115.));
#683 = VECTOR('',#684,1.);
#684 = DIRECTION('',(-0.,0.,-1.));
#685 = PCURVE('',#33,#686);
#686 = DEFINITIONAL_REPRESENTATION('',(#687),#691);
#687 = LINE('',#688,#689);
#688 = CARTESIAN_POINT('',(2.522907466019,15.));
#689 = VECTOR('',#690,1.);
#690 = DIRECTION('',(0.,-1.));
#691 = ( GEOMETRIC_REPRESENTATION_CONTEXT(2) 
PARAMETRIC_REPRESENTATION_CONTEXT() REPRESENTATION_CONTEXT('2D SPACE',''
  ) );
#692 = PCURVE('',#693,#698);
#693 = PLANE('',#694);
#694 = AXIS2_PLACEMENT_3D('',#695,#696,#697);
#695 = CARTESIAN_POINT('',(-58.76341516666,41.835199534481,
    114.29875967169));
#696 = DIRECTION('',(-0.579964561108,-0.814641705205,0.));
#697 = DIRECTION('',(0.,0.,1.));
#698 = DEFINITIONAL_REPRESENTATION('',(#699),#703);
#699 = LINE('',#700,#701);
#700 = CARTESIAN_POINT('',(0.701240328309,2.845938128099));
#701 = VECTOR('',#702,1.);
#702 = DIRECTION('',(-1.,0.));
#703 = ( GEOMETRIC_REPRESENTATION_CONTEXT(2) 
PARAMETRIC_REPRESENTATION_CONTEXT() REPRESENTATION_CONTEXT('2D SPACE',''
  ) );
#704 = ORIENTED_EDGE('',*,*,#705,.F.);
#705 = EDGE_CURVE('',#706,#678,#708,.T.);
#706 = VERTEX_POINT('',#707);
#707 = CARTESIAN_POINT('',(-43.48574279188,61.081835056243,113.5));
#708 = SURFACE_CURVE('',#709,(#714,#721),.PCURVE_S1.);
#709 = CIRCLE('',#710,74.98);
#710 = AXIS2_PLACEMENT_3D('',#711,#712,#713);
#711 = CARTESIAN_POINT('',(0.,0.,113.5));
#712 = DIRECTION('',(0.,0.,1.));
#713 = DIRECTION('',(-0.579964561108,0.814641705205,0.));
#714 = PCURVE('',#33,#715);
#715 = DEFINITIONAL_REPRESENTATION('',(#716),#720);
#716 = LINE('',#717,#718);
#717 = CARTESIAN_POINT('',(2.189481514366,13.5));
#718 = VECTOR('',#719,1.);
#719 = DIRECTION('',(1.,0.));
#720 = ( GEOMETRIC_REPRESENTATION_CONTEXT(2) 
PARAMETRIC_REPRESENTATION_CONTEXT() REPRESENTATION_CONTEXT('2D SPACE',''
  ) );
#721 = PCURVE('',#722,#727);
#722 = PLANE('',#723);
#723 = AXIS2_PLACEMENT_3D('',#724,#725,#726);
#724 = CARTESIAN_POINT('',(0.,0.,113.5));
#725 = DIRECTION('',(0.,0.,1.));
#726 = DIRECTION('',(-0.579964561108,0.814641705205,0.));
#727 = DEFINITIONAL_REPRESENTATION('',(#728),#732);
#728 = CIRCLE('',#729,74.98);
#729 = AXIS2_PLACEMENT_2D('',#730,#731);
#730 = CARTESIAN_POINT('',(0.,0.));
#731 = DIRECTION('',(1.,0.));
#732 = ( GEOMETRIC_REPRESENTATION_CONTEXT(2) 
PARAMETRIC_REPRESENTATION_CONTEXT() REPRESENTATION_CONTEXT('2D SPACE',''
  ) );
#733 = ORIENTED_EDGE('',*,*,#734,.F.);
#734 = EDGE_CURVE('',#735,#706,#737,.T.);
#735 = VERTEX_POINT('',#736);
#736 = CARTESIAN_POINT('',(-43.48574279188,61.081835056243,115.));
#737 = SURFACE_CURVE('',#738,(#742,#749),.PCURVE_S1.);
#738 = LINE('',#739,#740);
#739 = CARTESIAN_POINT('',(-43.48574279188,61.081835056243,115.));
#740 = VECTOR('',#741,1.);
#741 = DIRECTION('',(-0.,0.,-1.));
#742 = PCURVE('',#33,#743);
#743 = DEFINITIONAL_REPRESENTATION('',(#744),#748);
#744 = LINE('',#745,#746);
#745 = CARTESIAN_POINT('',(2.189481514366,15.));
#746 = VECTOR('',#747,1.);
#747 = DIRECTION('',(0.,-1.));
#748 = ( GEOMETRIC_REPRESENTATION_CONTEXT(2) 
PARAMETRIC_REPRESENTATION_CONTEXT() REPRESENTATION_CONTEXT('2D SPACE',''
  ) );
#749 = PCURVE('',#750,#755);
#750 = PLANE('',#751);
#751 = AXIS2_PLACEMENT_3D('',#752,#753,#754);
#752 = CARTESIAN_POINT('',(-41.83519953448,58.763415166662,
    114.29875967169));
#753 = DIRECTION('',(-0.814641705205,-0.579964561108,0.));
#754 = DIRECTION('',(0.,0.,1.));
#755 = DEFINITIONAL_REPRESENTATION('',(#756),#760);
#756 = LINE('',#757,#758);
#757 = CARTESIAN_POINT('',(0.701240328309,2.845938128099));
#758 = VECTOR('',#759,1.);
#759 = DIRECTION('',(-1.,0.));
#760 = ( GEOMETRIC_REPRESENTATION_CONTEXT(2) 
PARAMETRIC_REPRESENTATION_CONTEXT() REPRESENTATION_CONTEXT('2D SPACE',''
  ) );
#761 = ORIENTED_EDGE('',*,*,#762,.F.);
#762 = EDGE_CURVE('',#763,#735,#765,.T.);
#763 = VERTEX_POINT('',#764);
#764 = CARTESIAN_POINT('',(-12.44231616251,73.940443388663,115.));
#765 = SURFACE_CURVE('',#766,(#771,#778),.PCURVE_S1.);
#766 = CIRCLE('',#767,74.98);
#767 = AXIS2_PLACEMENT_3D('',#768,#769,#770);
#768 = CARTESIAN_POINT('',(0.,0.,115.));
#769 = DIRECTION('',(0.,0.,1.));
#770 = DIRECTION('',(1.,0.,-0.));
#771 = PCURVE('',#33,#772);
#772 = DEFINITIONAL_REPRESENTATION('',(#773),#777);
#773 = LINE('',#774,#775);
#774 = CARTESIAN_POINT('',(0.,15.));
#775 = VECTOR('',#776,1.);
#776 = DIRECTION('',(1.,0.));
#777 = ( GEOMETRIC_REPRESENTATION_CONTEXT(2) 
PARAMETRIC_REPRESENTATION_CONTEXT() REPRESENTATION_CONTEXT('2D SPACE',''
  ) );
#778 = PCURVE('',#45,#779);
#779 = DEFINITIONAL_REPRESENTATION('',(#780),#784);
#780 = CIRCLE('',#781,74.98);
#781 = AXIS2_PLACEMENT_2D('',#782,#783);
#782 = CARTESIAN_POINT('',(0.,0.));
#783 = DIRECTION('',(1.,0.));
#784 = ( GEOMETRIC_REPRESENTATION_CONTEXT(2) 
PARAMETRIC_REPRESENTATION_CONTEXT() REPRESENTATION_CONTEXT('2D SPACE',''
  ) );
#785 = ORIENTED_EDGE('',*,*,#786,.T.);
#786 = EDGE_CURVE('',#763,#787,#789,.T.);
#787 = VERTEX_POINT('',#788);
#788 = CARTESIAN_POINT('',(-12.44231616251,73.940443388663,113.5));
#789 = SURFACE_CURVE('',#790,(#794,#801),.PCURVE_S1.);
#790 = LINE('',#791,#792);
#791 = CARTESIAN_POINT('',(-12.44231616251,73.940443388663,115.));
#792 = VECTOR('',#793,1.);
#793 = DIRECTION('',(0.,0.,-1.));
#794 = PCURVE('',#33,#795);
#795 = DEFINITIONAL_REPRESENTATION('',(#796),#800);
#796 = LINE('',#797,#798);
#797 = CARTESIAN_POINT('',(1.737509302622,15.));
#798 = VECTOR('',#799,1.);
#799 = DIRECTION('',(0.,-1.));
#800 = ( GEOMETRIC_REPRESENTATION_CONTEXT(2) 
PARAMETRIC_REPRESENTATION_CONTEXT() REPRESENTATION_CONTEXT('2D SPACE',''
  ) );
#801 = PCURVE('',#802,#807);
#802 = PLANE('',#803);
#803 = AXIS2_PLACEMENT_3D('',#804,#805,#806);
#804 = CARTESIAN_POINT('',(-11.9700560669,71.133962633151,
    114.29875967169));
#805 = DIRECTION('',(-0.986135547995,-0.16594179998,0.));
#806 = DIRECTION('',(0.,0.,1.));
#807 = DEFINITIONAL_REPRESENTATION('',(#808),#812);
#808 = LINE('',#809,#810);
#809 = CARTESIAN_POINT('',(0.701240328309,2.845938128099));
#810 = VECTOR('',#811,1.);
#811 = DIRECTION('',(-1.,0.));
#812 = ( GEOMETRIC_REPRESENTATION_CONTEXT(2) 
PARAMETRIC_REPRESENTATION_CONTEXT() REPRESENTATION_CONTEXT('2D SPACE',''
  ) );
#813 = ORIENTED_EDGE('',*,*,#814,.F.);
#814 = EDGE_CURVE('',#815,#787,#817,.T.);
#815 = VERTEX_POINT('',#816);
#816 = CARTESIAN_POINT('',(12.442316162512,73.940443388663,113.5));
#817 = SURFACE_CURVE('',#818,(#823,#830),.PCURVE_S1.);
#818 = CIRCLE('',#819,74.98);
#819 = AXIS2_PLACEMENT_3D('',#820,#821,#822);
#820 = CARTESIAN_POINT('',(0.,0.,113.5));
#821 = DIRECTION('',(0.,-0.,1.));
#822 = DIRECTION('',(0.16594179998,0.986135547995,0.));
#823 = PCURVE('',#33,#824);
#824 = DEFINITIONAL_REPRESENTATION('',(#825),#829);
#825 = LINE('',#826,#827);
#826 = CARTESIAN_POINT('',(1.404083350968,13.5));
#827 = VECTOR('',#828,1.);
#828 = DIRECTION('',(1.,0.));
#829 = ( GEOMETRIC_REPRESENTATION_CONTEXT(2) 
PARAMETRIC_REPRESENTATION_CONTEXT() REPRESENTATION_CONTEXT('2D SPACE',''
  ) );
#830 = PCURVE('',#831,#836);
#831 = PLANE('',#832);
#832 = AXIS2_PLACEMENT_3D('',#833,#834,#835);
#833 = CARTESIAN_POINT('',(0.,0.,113.5));
#834 = DIRECTION('',(0.,0.,1.));
#835 = DIRECTION('',(0.16594179998,0.986135547995,0.));
#836 = DEFINITIONAL_REPRESENTATION('',(#837),#841);
#837 = CIRCLE('',#838,74.98);
#838 = AXIS2_PLACEMENT_2D('',#839,#840);
#839 = CARTESIAN_POINT('',(0.,0.));
#840 = DIRECTION('',(1.,0.));
#841 = ( GEOMETRIC_REPRESENTATION_CONTEXT(2) 
PARAMETRIC_REPRESENTATION_CONTEXT() REPRESENTATION_CONTEXT('2D SPACE',''
  ) );
#842 = ORIENTED_EDGE('',*,*,#843,.F.);
#843 = EDGE_CURVE('',#844,#815,#846,.T.);
#844 = VERTEX_POINT('',#845);
#845 = CARTESIAN_POINT('',(12.442316162512,73.940443388663,115.));
#846 = SURFACE_CURVE('',#847,(#851,#858),.PCURVE_S1.);
#847 = LINE('',#848,#849);
#848 = CARTESIAN_POINT('',(12.442316162512,73.940443388663,115.));
#849 = VECTOR('',#850,1.);
#850 = DIRECTION('',(0.,0.,-1.));
#851 = PCURVE('',#33,#852);
#852 = DEFINITIONAL_REPRESENTATION('',(#853),#857);
#853 = LINE('',#854,#855);
#854 = CARTESIAN_POINT('',(1.404083350968,15.));
#855 = VECTOR('',#856,1.);
#856 = DIRECTION('',(0.,-1.));
#857 = ( GEOMETRIC_REPRESENTATION_CONTEXT(2) 
PARAMETRIC_REPRESENTATION_CONTEXT() REPRESENTATION_CONTEXT('2D SPACE',''
  ) );
#858 = PCURVE('',#859,#864);
#859 = PLANE('',#860);
#860 = AXIS2_PLACEMENT_3D('',#861,#862,#863);
#861 = CARTESIAN_POINT('',(11.970056066903,71.133962633151,
    114.29875967169));
#862 = DIRECTION('',(-0.986135547995,0.16594179998,0.));
#863 = DIRECTION('',(0.,0.,1.));
#864 = DEFINITIONAL_REPRESENTATION('',(#865),#869);
#865 = LINE('',#866,#867);
#866 = CARTESIAN_POINT('',(0.701240328309,2.845938128099));
#867 = VECTOR('',#868,1.);
#868 = DIRECTION('',(-1.,0.));
#869 = ( GEOMETRIC_REPRESENTATION_CONTEXT(2) 
PARAMETRIC_REPRESENTATION_CONTEXT() REPRESENTATION_CONTEXT('2D SPACE',''
  ) );
#870 = ORIENTED_EDGE('',*,*,#871,.F.);
#871 = EDGE_CURVE('',#872,#844,#874,.T.);
#872 = VERTEX_POINT('',#873);
#873 = CARTESIAN_POINT('',(43.485742791884,61.081835056243,115.));
#874 = SURFACE_CURVE('',#875,(#880,#887),.PCURVE_S1.);
#875 = CIRCLE('',#876,74.98);
#876 = AXIS2_PLACEMENT_3D('',#877,#878,#879);
#877 = CARTESIAN_POINT('',(0.,0.,115.));
#878 = DIRECTION('',(0.,0.,1.));
#879 = DIRECTION('',(1.,0.,-0.));
#880 = PCURVE('',#33,#881);
#881 = DEFINITIONAL_REPRESENTATION('',(#882),#886);
#882 = LINE('',#883,#884);
#883 = CARTESIAN_POINT('',(0.,15.));
#884 = VECTOR('',#885,1.);
#885 = DIRECTION('',(1.,0.));
#886 = ( GEOMETRIC_REPRESENTATION_CONTEXT(2) 
PARAMETRIC_REPRESENTATION_CONTEXT() REPRESENTATION_CONTEXT('2D SPACE',''
  ) );
#887 = PCURVE('',#45,#888);
#888 = DEFINITIONAL_REPRESENTATION('',(#889),#893);
#889 = CIRCLE('',#890,74.98);
#890 = AXIS2_PLACEMENT_2D('',#891,#892);
#891 = CARTESIAN_POINT('',(0.,0.));
#892 = DIRECTION('',(1.,0.));
#893 = ( GEOMETRIC_REPRESENTATION_CONTEXT(2) 
PARAMETRIC_REPRESENTATION_CONTEXT() REPRESENTATION_CONTEXT('2D SPACE',''
  ) );
#894 = ORIENTED_EDGE('',*,*,#895,.T.);
#895 = EDGE_CURVE('',#872,#896,#898,.T.);
#896 = VERTEX_POINT('',#897);
#897 = CARTESIAN_POINT('',(43.485742791884,61.081835056243,113.5));
#898 = SURFACE_CURVE('',#899,(#903,#910),.PCURVE_S1.);
#899 = LINE('',#900,#901);
#900 = CARTESIAN_POINT('',(43.485742791884,61.081835056243,115.));
#901 = VECTOR('',#902,1.);
#902 = DIRECTION('',(0.,0.,-1.));
#903 = PCURVE('',#33,#904);
#904 = DEFINITIONAL_REPRESENTATION('',(#905),#909);
#905 = LINE('',#906,#907);
#906 = CARTESIAN_POINT('',(0.952111139224,15.));
#907 = VECTOR('',#908,1.);
#908 = DIRECTION('',(0.,-1.));
#909 = ( GEOMETRIC_REPRESENTATION_CONTEXT(2) 
PARAMETRIC_REPRESENTATION_CONTEXT() REPRESENTATION_CONTEXT('2D SPACE',''
  ) );
#910 = PCURVE('',#911,#916);
#911 = PLANE('',#912);
#912 = AXIS2_PLACEMENT_3D('',#913,#914,#915);
#913 = CARTESIAN_POINT('',(41.835199534481,58.763415166662,
    114.29875967169));
#914 = DIRECTION('',(-0.814641705205,0.579964561108,0.));
#915 = DIRECTION('',(0.,0.,1.));
#916 = DEFINITIONAL_REPRESENTATION('',(#917),#921);
#917 = LINE('',#918,#919);
#918 = CARTESIAN_POINT('',(0.701240328309,2.845938128099));
#919 = VECTOR('',#920,1.);
#920 = DIRECTION('',(-1.,0.));
#921 = ( GEOMETRIC_REPRESENTATION_CONTEXT(2) 
PARAMETRIC_REPRESENTATION_CONTEXT() REPRESENTATION_CONTEXT('2D SPACE',''
  ) );
#922 = ORIENTED_EDGE('',*,*,#923,.F.);
#923 = EDGE_CURVE('',#924,#896,#926,.T.);
#924 = VERTEX_POINT('',#925);
#925 = CARTESIAN_POINT('',(61.081835056243,43.485742791884,113.5));
#926 = SURFACE_CURVE('',#927,(#932,#939),.PCURVE_S1.);
#927 = CIRCLE('',#928,74.98);
#928 = AXIS2_PLACEMENT_3D('',#929,#930,#931);
#929 = CARTESIAN_POINT('',(0.,0.,113.5));
#930 = DIRECTION('',(0.,-0.,1.));
#931 = DIRECTION('',(0.814641705205,0.579964561108,0.));
#932 = PCURVE('',#33,#933);
#933 = DEFINITIONAL_REPRESENTATION('',(#934),#938);
#934 = LINE('',#935,#936);
#935 = CARTESIAN_POINT('',(0.618685187571,13.5));
#936 = VECTOR('',#937,1.);
#937 = DIRECTION('',(1.,0.));
#938 = ( GEOMETRIC_REPRESENTATION_CONTEXT(2) 
PARAMETRIC_REPRESENTATION_CONTEXT() REPRESENTATION_CONTEXT('2D SPACE',''
  ) );
#939 = PCURVE('',#940,#945);
#940 = PLANE('',#941);
#941 = AXIS2_PLACEMENT_3D('',#942,#943,#944);
#942 = CARTESIAN_POINT('',(0.,0.,113.5));
#943 = DIRECTION('',(0.,0.,1.));
#944 = DIRECTION('',(0.814641705205,0.579964561108,0.));
#945 = DEFINITIONAL_REPRESENTATION('',(#946),#950);
#946 = CIRCLE('',#947,74.98);
#947 = AXIS2_PLACEMENT_2D('',#948,#949);
#948 = CARTESIAN_POINT('',(0.,0.));
#949 = DIRECTION('',(1.,0.));
#950 = ( GEOMETRIC_REPRESENTATION_CONTEXT(2) 
PARAMETRIC_REPRESENTATION_CONTEXT() REPRESENTATION_CONTEXT('2D SPACE',''
  ) );
#951 = ORIENTED_EDGE('',*,*,#952,.F.);
#952 = EDGE_CURVE('',#24,#924,#953,.T.);
#953 = SURFACE_CURVE('',#954,(#958,#965),.PCURVE_S1.);
#954 = LINE('',#955,#956);
#955 = CARTESIAN_POINT('',(61.081835056243,43.485742791884,115.));
#956 = VECTOR('',#957,1.);
#957 = DIRECTION('',(0.,0.,-1.));
#958 = PCURVE('',#33,#959);
#959 = DEFINITIONAL_REPRESENTATION('',(#960),#964);
#960 = LINE('',#961,#962);
#961 = CARTESIAN_POINT('',(0.618685187571,15.));
#962 = VECTOR('',#963,1.);
#963 = DIRECTION('',(0.,-1.));
#964 = ( GEOMETRIC_REPRESENTATION_CONTEXT(2) 
PARAMETRIC_REPRESENTATION_CONTEXT() REPRESENTATION_CONTEXT('2D SPACE',''
  ) );
#965 = PCURVE('',#966,#971);
#966 = PLANE('',#967);
#967 = AXIS2_PLACEMENT_3D('',#968,#969,#970);
#968 = CARTESIAN_POINT('',(58.763415166662,41.835199534481,
    114.29875967169));
#969 = DIRECTION('',(-0.579964561108,0.814641705205,0.));
#970 = DIRECTION('',(0.,0.,1.));
#971 = DEFINITIONAL_REPRESENTATION('',(#972),#976);
#972 = LINE('',#973,#974);
#973 = CARTESIAN_POINT('',(0.701240328309,2.845938128099));
#974 = VECTOR('',#975,1.);
#975 = DIRECTION('',(-1.,0.));
#976 = ( GEOMETRIC_REPRESENTATION_CONTEXT(2) 
PARAMETRIC_REPRESENTATION_CONTEXT() REPRESENTATION_CONTEXT('2D SPACE',''
  ) );
#977 = ADVANCED_FACE('',(#978,#1572),#45,.T.);
#978 = FACE_BOUND('',#979,.T.);
#979 = EDGE_LOOP('',(#980,#1003,#1032,#1053,#1054,#1077,#1106,#1127,
    #1128,#1151,#1180,#1201,#1202,#1225,#1254,#1275,#1276,#1299,#1328,
    #1349,#1350,#1373,#1402,#1423,#1424,#1447,#1476,#1497,#1498,#1521,
    #1550,#1571));
#980 = ORIENTED_EDGE('',*,*,#981,.F.);
#981 = EDGE_CURVE('',#982,#190,#984,.T.);
#982 = VERTEX_POINT('',#983);
#983 = CARTESIAN_POINT('',(68.023630100693,-11.44666536263,115.));
#984 = SURFACE_CURVE('',#985,(#989,#996),.PCURVE_S1.);
#985 = LINE('',#986,#987);
#986 = CARTESIAN_POINT('',(68.023630100693,-11.44666536263,115.));
#987 = VECTOR('',#988,1.);
#988 = DIRECTION('',(0.986135547995,-0.16594179998,0.));
#989 = PCURVE('',#45,#990);
#990 = DEFINITIONAL_REPRESENTATION('',(#991),#995);
#991 = LINE('',#992,#993);
#992 = CARTESIAN_POINT('',(68.023630100693,-11.44666536263));
#993 = VECTOR('',#994,1.);
#994 = DIRECTION('',(0.986135547995,-0.16594179998));
#995 = ( GEOMETRIC_REPRESENTATION_CONTEXT(2) 
PARAMETRIC_REPRESENTATION_CONTEXT() REPRESENTATION_CONTEXT('2D SPACE',''
  ) );
#996 = PCURVE('',#205,#997);
#997 = DEFINITIONAL_REPRESENTATION('',(#998),#1002);
#998 = LINE('',#999,#1000);
#999 = CARTESIAN_POINT('',(0.701240328309,-3.154061871901));
#1000 = VECTOR('',#1001,1.);
#1001 = DIRECTION('',(0.,1.));
#1002 = ( GEOMETRIC_REPRESENTATION_CONTEXT(2) 
PARAMETRIC_REPRESENTATION_CONTEXT() REPRESENTATION_CONTEXT('2D SPACE',''
  ) );
#1003 = ORIENTED_EDGE('',*,*,#1004,.T.);
#1004 = EDGE_CURVE('',#982,#1005,#1007,.T.);
#1005 = VERTEX_POINT('',#1006);
#1006 = CARTESIAN_POINT('',(68.023630100693,11.446665362631,115.));
#1007 = SURFACE_CURVE('',#1008,(#1013,#1020),.PCURVE_S1.);
#1008 = CIRCLE('',#1009,68.98);
#1009 = AXIS2_PLACEMENT_3D('',#1010,#1011,#1012);
#1010 = CARTESIAN_POINT('',(0.,0.,115.));
#1011 = DIRECTION('',(-0.,0.,1.));
#1012 = DIRECTION('',(0.986135547995,-0.16594179998,0.));
#1013 = PCURVE('',#45,#1014);
#1014 = DEFINITIONAL_REPRESENTATION('',(#1015),#1019);
#1015 = CIRCLE('',#1016,68.98);
#1016 = AXIS2_PLACEMENT_2D('',#1017,#1018);
#1017 = CARTESIAN_POINT('',(0.,0.));
#1018 = DIRECTION('',(0.986135547995,-0.16594179998));
#1019 = ( GEOMETRIC_REPRESENTATION_CONTEXT(2) 
PARAMETRIC_REPRESENTATION_CONTEXT() REPRESENTATION_CONTEXT('2D SPACE',''
  ) );
#1020 = PCURVE('',#1021,#1026);
#1021 = TOROIDAL_SURFACE('',#1022,70.48,1.5);
#1022 = AXIS2_PLACEMENT_3D('',#1023,#1024,#1025);
#1023 = CARTESIAN_POINT('',(0.,0.,115.));
#1024 = DIRECTION('',(-0.,0.,-1.));
#1025 = DIRECTION('',(0.986135547995,-0.16594179998,0.));
#1026 = DEFINITIONAL_REPRESENTATION('',(#1027),#1031);
#1027 = LINE('',#1028,#1029);
#1028 = CARTESIAN_POINT('',(-0.,3.14159265359));
#1029 = VECTOR('',#1030,1.);
#1030 = DIRECTION('',(-1.,0.));
#1031 = ( GEOMETRIC_REPRESENTATION_CONTEXT(2) 
PARAMETRIC_REPRESENTATION_CONTEXT() REPRESENTATION_CONTEXT('2D SPACE',''
  ) );
#1032 = ORIENTED_EDGE('',*,*,#1033,.T.);
#1033 = EDGE_CURVE('',#1005,#22,#1034,.T.);
#1034 = SURFACE_CURVE('',#1035,(#1039,#1046),.PCURVE_S1.);
#1035 = LINE('',#1036,#1037);
#1036 = CARTESIAN_POINT('',(68.023630100693,11.446665362631,115.));
#1037 = VECTOR('',#1038,1.);
#1038 = DIRECTION('',(0.986135547995,0.16594179998,0.));
#1039 = PCURVE('',#45,#1040);
#1040 = DEFINITIONAL_REPRESENTATION('',(#1041),#1045);
#1041 = LINE('',#1042,#1043);
#1042 = CARTESIAN_POINT('',(68.023630100693,11.446665362631));
#1043 = VECTOR('',#1044,1.);
#1044 = DIRECTION('',(0.986135547995,0.16594179998));
#1045 = ( GEOMETRIC_REPRESENTATION_CONTEXT(2) 
PARAMETRIC_REPRESENTATION_CONTEXT() REPRESENTATION_CONTEXT('2D SPACE',''
  ) );
#1046 = PCURVE('',#73,#1047);
#1047 = DEFINITIONAL_REPRESENTATION('',(#1048),#1052);
#1048 = LINE('',#1049,#1050);
#1049 = CARTESIAN_POINT('',(0.701240328309,-3.154061871901));
#1050 = VECTOR('',#1051,1.);
#1051 = DIRECTION('',(0.,1.));
#1052 = ( GEOMETRIC_REPRESENTATION_CONTEXT(2) 
PARAMETRIC_REPRESENTATION_CONTEXT() REPRESENTATION_CONTEXT('2D SPACE',''
  ) );
#1053 = ORIENTED_EDGE('',*,*,#21,.T.);
#1054 = ORIENTED_EDGE('',*,*,#1055,.F.);
#1055 = EDGE_CURVE('',#1056,#24,#1058,.T.);
#1056 = VERTEX_POINT('',#1057);
#1057 = CARTESIAN_POINT('',(56.193984825015,40.005955425236,115.));
#1058 = SURFACE_CURVE('',#1059,(#1063,#1070),.PCURVE_S1.);
#1059 = LINE('',#1060,#1061);
#1060 = CARTESIAN_POINT('',(56.193984825015,40.005955425236,115.));
#1061 = VECTOR('',#1062,1.);
#1062 = DIRECTION('',(0.814641705205,0.579964561108,0.));
#1063 = PCURVE('',#45,#1064);
#1064 = DEFINITIONAL_REPRESENTATION('',(#1065),#1069);
#1065 = LINE('',#1066,#1067);
#1066 = CARTESIAN_POINT('',(56.193984825015,40.005955425236));
#1067 = VECTOR('',#1068,1.);
#1068 = DIRECTION('',(0.814641705205,0.579964561108));
#1069 = ( GEOMETRIC_REPRESENTATION_CONTEXT(2) 
PARAMETRIC_REPRESENTATION_CONTEXT() REPRESENTATION_CONTEXT('2D SPACE',''
  ) );
#1070 = PCURVE('',#966,#1071);
#1071 = DEFINITIONAL_REPRESENTATION('',(#1072),#1076);
#1072 = LINE('',#1073,#1074);
#1073 = CARTESIAN_POINT('',(0.701240328309,-3.154061871901));
#1074 = VECTOR('',#1075,1.);
#1075 = DIRECTION('',(0.,1.));
#1076 = ( GEOMETRIC_REPRESENTATION_CONTEXT(2) 
PARAMETRIC_REPRESENTATION_CONTEXT() REPRESENTATION_CONTEXT('2D SPACE',''
  ) );
#1077 = ORIENTED_EDGE('',*,*,#1078,.T.);
#1078 = EDGE_CURVE('',#1056,#1079,#1081,.T.);
#1079 = VERTEX_POINT('',#1080);
#1080 = CARTESIAN_POINT('',(40.005955425236,56.193984825015,115.));
#1081 = SURFACE_CURVE('',#1082,(#1087,#1094),.PCURVE_S1.);
#1082 = CIRCLE('',#1083,68.98);
#1083 = AXIS2_PLACEMENT_3D('',#1084,#1085,#1086);
#1084 = CARTESIAN_POINT('',(0.,0.,115.));
#1085 = DIRECTION('',(0.,-0.,1.));
#1086 = DIRECTION('',(0.814641705205,0.579964561108,0.));
#1087 = PCURVE('',#45,#1088);
#1088 = DEFINITIONAL_REPRESENTATION('',(#1089),#1093);
#1089 = CIRCLE('',#1090,68.98);
#1090 = AXIS2_PLACEMENT_2D('',#1091,#1092);
#1091 = CARTESIAN_POINT('',(0.,0.));
#1092 = DIRECTION('',(0.814641705205,0.579964561108));
#1093 = ( GEOMETRIC_REPRESENTATION_CONTEXT(2) 
PARAMETRIC_REPRESENTATION_CONTEXT() REPRESENTATION_CONTEXT('2D SPACE',''
  ) );
#1094 = PCURVE('',#1095,#1100);
#1095 = TOROIDAL_SURFACE('',#1096,70.48,1.5);
#1096 = AXIS2_PLACEMENT_3D('',#1097,#1098,#1099);
#1097 = CARTESIAN_POINT('',(0.,0.,115.));
#1098 = DIRECTION('',(0.,-0.,-1.));
#1099 = DIRECTION('',(0.814641705205,0.579964561108,0.));
#1100 = DEFINITIONAL_REPRESENTATION('',(#1101),#1105);
#1101 = LINE('',#1102,#1103);
#1102 = CARTESIAN_POINT('',(-0.,3.14159265359));
#1103 = VECTOR('',#1104,1.);
#1104 = DIRECTION('',(-1.,0.));
#1105 = ( GEOMETRIC_REPRESENTATION_CONTEXT(2) 
PARAMETRIC_REPRESENTATION_CONTEXT() REPRESENTATION_CONTEXT('2D SPACE',''
  ) );
#1106 = ORIENTED_EDGE('',*,*,#1107,.T.);
#1107 = EDGE_CURVE('',#1079,#872,#1108,.T.);
#1108 = SURFACE_CURVE('',#1109,(#1113,#1120),.PCURVE_S1.);
#1109 = LINE('',#1110,#1111);
#1110 = CARTESIAN_POINT('',(40.005955425236,56.193984825015,115.));
#1111 = VECTOR('',#1112,1.);
#1112 = DIRECTION('',(0.579964561108,0.814641705205,0.));
#1113 = PCURVE('',#45,#1114);
#1114 = DEFINITIONAL_REPRESENTATION('',(#1115),#1119);
#1115 = LINE('',#1116,#1117);
#1116 = CARTESIAN_POINT('',(40.005955425236,56.193984825015));
#1117 = VECTOR('',#1118,1.);
#1118 = DIRECTION('',(0.579964561108,0.814641705205));
#1119 = ( GEOMETRIC_REPRESENTATION_CONTEXT(2) 
PARAMETRIC_REPRESENTATION_CONTEXT() REPRESENTATION_CONTEXT('2D SPACE',''
  ) );
#1120 = PCURVE('',#911,#1121);
#1121 = DEFINITIONAL_REPRESENTATION('',(#1122),#1126);
#1122 = LINE('',#1123,#1124);
#1123 = CARTESIAN_POINT('',(0.701240328309,-3.154061871901));
#1124 = VECTOR('',#1125,1.);
#1125 = DIRECTION('',(0.,1.));
#1126 = ( GEOMETRIC_REPRESENTATION_CONTEXT(2) 
PARAMETRIC_REPRESENTATION_CONTEXT() REPRESENTATION_CONTEXT('2D SPACE',''
  ) );
#1127 = ORIENTED_EDGE('',*,*,#871,.T.);
#1128 = ORIENTED_EDGE('',*,*,#1129,.F.);
#1129 = EDGE_CURVE('',#1130,#844,#1132,.T.);
#1130 = VERTEX_POINT('',#1131);
#1131 = CARTESIAN_POINT('',(11.446665362631,68.023630100693,115.));
#1132 = SURFACE_CURVE('',#1133,(#1137,#1144),.PCURVE_S1.);
#1133 = LINE('',#1134,#1135);
#1134 = CARTESIAN_POINT('',(11.446665362631,68.023630100693,115.));
#1135 = VECTOR('',#1136,1.);
#1136 = DIRECTION('',(0.16594179998,0.986135547995,0.));
#1137 = PCURVE('',#45,#1138);
#1138 = DEFINITIONAL_REPRESENTATION('',(#1139),#1143);
#1139 = LINE('',#1140,#1141);
#1140 = CARTESIAN_POINT('',(11.446665362631,68.023630100693));
#1141 = VECTOR('',#1142,1.);
#1142 = DIRECTION('',(0.16594179998,0.986135547995));
#1143 = ( GEOMETRIC_REPRESENTATION_CONTEXT(2) 
PARAMETRIC_REPRESENTATION_CONTEXT() REPRESENTATION_CONTEXT('2D SPACE',''
  ) );
#1144 = PCURVE('',#859,#1145);
#1145 = DEFINITIONAL_REPRESENTATION('',(#1146),#1150);
#1146 = LINE('',#1147,#1148);
#1147 = CARTESIAN_POINT('',(0.701240328309,-3.154061871901));
#1148 = VECTOR('',#1149,1.);
#1149 = DIRECTION('',(0.,1.));
#1150 = ( GEOMETRIC_REPRESENTATION_CONTEXT(2) 
PARAMETRIC_REPRESENTATION_CONTEXT() REPRESENTATION_CONTEXT('2D SPACE',''
  ) );
#1151 = ORIENTED_EDGE('',*,*,#1152,.T.);
#1152 = EDGE_CURVE('',#1130,#1153,#1155,.T.);
#1153 = VERTEX_POINT('',#1154);
#1154 = CARTESIAN_POINT('',(-11.44666536263,68.023630100693,115.));
#1155 = SURFACE_CURVE('',#1156,(#1161,#1168),.PCURVE_S1.);
#1156 = CIRCLE('',#1157,68.98);
#1157 = AXIS2_PLACEMENT_3D('',#1158,#1159,#1160);
#1158 = CARTESIAN_POINT('',(0.,0.,115.));
#1159 = DIRECTION('',(0.,-0.,1.));
#1160 = DIRECTION('',(0.16594179998,0.986135547995,0.));
#1161 = PCURVE('',#45,#1162);
#1162 = DEFINITIONAL_REPRESENTATION('',(#1163),#1167);
#1163 = CIRCLE('',#1164,68.98);
#1164 = AXIS2_PLACEMENT_2D('',#1165,#1166);
#1165 = CARTESIAN_POINT('',(0.,0.));
#1166 = DIRECTION('',(0.16594179998,0.986135547995));
#1167 = ( GEOMETRIC_REPRESENTATION_CONTEXT(2) 
PARAMETRIC_REPRESENTATION_CONTEXT() REPRESENTATION_CONTEXT('2D SPACE',''
  ) );
#1168 = PCURVE('',#1169,#1174);
#1169 = TOROIDAL_SURFACE('',#1170,70.48,1.5);
#1170 = AXIS2_PLACEMENT_3D('',#1171,#1172,#1173);
#1171 = CARTESIAN_POINT('',(0.,0.,115.));
#1172 = DIRECTION('',(0.,-0.,-1.));
#1173 = DIRECTION('',(0.16594179998,0.986135547995,0.));
#1174 = DEFINITIONAL_REPRESENTATION('',(#1175),#1179);
#1175 = LINE('',#1176,#1177);
#1176 = CARTESIAN_POINT('',(-0.,3.14159265359));
#1177 = VECTOR('',#1178,1.);
#1178 = DIRECTION('',(-1.,0.));
#1179 = ( GEOMETRIC_REPRESENTATION_CONTEXT(2) 
PARAMETRIC_REPRESENTATION_CONTEXT() REPRESENTATION_CONTEXT('2D SPACE',''
  ) );
#1180 = ORIENTED_EDGE('',*,*,#1181,.T.);
#1181 = EDGE_CURVE('',#1153,#763,#1182,.T.);
#1182 = SURFACE_CURVE('',#1183,(#1187,#1194),.PCURVE_S1.);
#1183 = LINE('',#1184,#1185);
#1184 = CARTESIAN_POINT('',(-11.44666536263,68.023630100693,115.));
#1185 = VECTOR('',#1186,1.);
#1186 = DIRECTION('',(-0.16594179998,0.986135547995,0.));
#1187 = PCURVE('',#45,#1188);
#1188 = DEFINITIONAL_REPRESENTATION('',(#1189),#1193);
#1189 = LINE('',#1190,#1191);
#1190 = CARTESIAN_POINT('',(-11.44666536263,68.023630100693));
#1191 = VECTOR('',#1192,1.);
#1192 = DIRECTION('',(-0.16594179998,0.986135547995));
#1193 = ( GEOMETRIC_REPRESENTATION_CONTEXT(2) 
PARAMETRIC_REPRESENTATION_CONTEXT() REPRESENTATION_CONTEXT('2D SPACE',''
  ) );
#1194 = PCURVE('',#802,#1195);
#1195 = DEFINITIONAL_REPRESENTATION('',(#1196),#1200);
#1196 = LINE('',#1197,#1198);
#1197 = CARTESIAN_POINT('',(0.701240328309,-3.154061871901));
#1198 = VECTOR('',#1199,1.);
#1199 = DIRECTION('',(0.,1.));
#1200 = ( GEOMETRIC_REPRESENTATION_CONTEXT(2) 
PARAMETRIC_REPRESENTATION_CONTEXT() REPRESENTATION_CONTEXT('2D SPACE',''
  ) );
#1201 = ORIENTED_EDGE('',*,*,#762,.T.);
#1202 = ORIENTED_EDGE('',*,*,#1203,.F.);
#1203 = EDGE_CURVE('',#1204,#735,#1206,.T.);
#1204 = VERTEX_POINT('',#1205);
#1205 = CARTESIAN_POINT('',(-40.00595542523,56.193984825015,115.));
#1206 = SURFACE_CURVE('',#1207,(#1211,#1218),.PCURVE_S1.);
#1207 = LINE('',#1208,#1209);
#1208 = CARTESIAN_POINT('',(-40.00595542523,56.193984825015,115.));
#1209 = VECTOR('',#1210,1.);
#1210 = DIRECTION('',(-0.579964561108,0.814641705205,0.));
#1211 = PCURVE('',#45,#1212);
#1212 = DEFINITIONAL_REPRESENTATION('',(#1213),#1217);
#1213 = LINE('',#1214,#1215);
#1214 = CARTESIAN_POINT('',(-40.00595542523,56.193984825015));
#1215 = VECTOR('',#1216,1.);
#1216 = DIRECTION('',(-0.579964561108,0.814641705205));
#1217 = ( GEOMETRIC_REPRESENTATION_CONTEXT(2) 
PARAMETRIC_REPRESENTATION_CONTEXT() REPRESENTATION_CONTEXT('2D SPACE',''
  ) );
#1218 = PCURVE('',#750,#1219);
#1219 = DEFINITIONAL_REPRESENTATION('',(#1220),#1224);
#1220 = LINE('',#1221,#1222);
#1221 = CARTESIAN_POINT('',(0.701240328309,-3.154061871901));
#1222 = VECTOR('',#1223,1.);
#1223 = DIRECTION('',(0.,1.));
#1224 = ( GEOMETRIC_REPRESENTATION_CONTEXT(2) 
PARAMETRIC_REPRESENTATION_CONTEXT() REPRESENTATION_CONTEXT('2D SPACE',''
  ) );
#1225 = ORIENTED_EDGE('',*,*,#1226,.T.);
#1226 = EDGE_CURVE('',#1204,#1227,#1229,.T.);
#1227 = VERTEX_POINT('',#1228);
#1228 = CARTESIAN_POINT('',(-56.19398482501,40.005955425236,115.));
#1229 = SURFACE_CURVE('',#1230,(#1235,#1242),.PCURVE_S1.);
#1230 = CIRCLE('',#1231,68.98);
#1231 = AXIS2_PLACEMENT_3D('',#1232,#1233,#1234);
#1232 = CARTESIAN_POINT('',(0.,0.,115.));
#1233 = DIRECTION('',(0.,0.,1.));
#1234 = DIRECTION('',(-0.579964561108,0.814641705205,0.));
#1235 = PCURVE('',#45,#1236);
#1236 = DEFINITIONAL_REPRESENTATION('',(#1237),#1241);
#1237 = CIRCLE('',#1238,68.98);
#1238 = AXIS2_PLACEMENT_2D('',#1239,#1240);
#1239 = CARTESIAN_POINT('',(0.,0.));
#1240 = DIRECTION('',(-0.579964561108,0.814641705205));
#1241 = ( GEOMETRIC_REPRESENTATION_CONTEXT(2) 
PARAMETRIC_REPRESENTATION_CONTEXT() REPRESENTATION_CONTEXT('2D SPACE',''
  ) );
#1242 = PCURVE('',#1243,#1248);
#1243 = TOROIDAL_SURFACE('',#1244,70.48,1.5);
#1244 = AXIS2_PLACEMENT_3D('',#1245,#1246,#1247);
#1245 = CARTESIAN_POINT('',(0.,0.,115.));
#1246 = DIRECTION('',(0.,0.,-1.));
#1247 = DIRECTION('',(-0.579964561108,0.814641705205,0.));
#1248 = DEFINITIONAL_REPRESENTATION('',(#1249),#1253);
#1249 = LINE('',#1250,#1251);
#1250 = CARTESIAN_POINT('',(-0.,3.14159265359));
#1251 = VECTOR('',#1252,1.);
#1252 = DIRECTION('',(-1.,0.));
#1253 = ( GEOMETRIC_REPRESENTATION_CONTEXT(2) 
PARAMETRIC_REPRESENTATION_CONTEXT() REPRESENTATION_CONTEXT('2D SPACE',''
  ) );
#1254 = ORIENTED_EDGE('',*,*,#1255,.T.);
#1255 = EDGE_CURVE('',#1227,#654,#1256,.T.);
#1256 = SURFACE_CURVE('',#1257,(#1261,#1268),.PCURVE_S1.);
#1257 = LINE('',#1258,#1259);
#1258 = CARTESIAN_POINT('',(-56.19398482501,40.005955425236,115.));
#1259 = VECTOR('',#1260,1.);
#1260 = DIRECTION('',(-0.814641705205,0.579964561108,0.));
#1261 = PCURVE('',#45,#1262);
#1262 = DEFINITIONAL_REPRESENTATION('',(#1263),#1267);
#1263 = LINE('',#1264,#1265);
#1264 = CARTESIAN_POINT('',(-56.19398482501,40.005955425236));
#1265 = VECTOR('',#1266,1.);
#1266 = DIRECTION('',(-0.814641705205,0.579964561108));
#1267 = ( GEOMETRIC_REPRESENTATION_CONTEXT(2) 
PARAMETRIC_REPRESENTATION_CONTEXT() REPRESENTATION_CONTEXT('2D SPACE',''
  ) );
#1268 = PCURVE('',#693,#1269);
#1269 = DEFINITIONAL_REPRESENTATION('',(#1270),#1274);
#1270 = LINE('',#1271,#1272);
#1271 = CARTESIAN_POINT('',(0.701240328309,-3.154061871901));
#1272 = VECTOR('',#1273,1.);
#1273 = DIRECTION('',(0.,1.));
#1274 = ( GEOMETRIC_REPRESENTATION_CONTEXT(2) 
PARAMETRIC_REPRESENTATION_CONTEXT() REPRESENTATION_CONTEXT('2D SPACE',''
  ) );
#1275 = ORIENTED_EDGE('',*,*,#653,.T.);
#1276 = ORIENTED_EDGE('',*,*,#1277,.F.);
#1277 = EDGE_CURVE('',#1278,#626,#1280,.T.);
#1278 = VERTEX_POINT('',#1279);
#1279 = CARTESIAN_POINT('',(-68.02363010069,11.446665362631,115.));
#1280 = SURFACE_CURVE('',#1281,(#1285,#1292),.PCURVE_S1.);
#1281 = LINE('',#1282,#1283);
#1282 = CARTESIAN_POINT('',(-68.02363010069,11.446665362631,115.));
#1283 = VECTOR('',#1284,1.);
#1284 = DIRECTION('',(-0.986135547995,0.16594179998,0.));
#1285 = PCURVE('',#45,#1286);
#1286 = DEFINITIONAL_REPRESENTATION('',(#1287),#1291);
#1287 = LINE('',#1288,#1289);
#1288 = CARTESIAN_POINT('',(-68.02363010069,11.446665362631));
#1289 = VECTOR('',#1290,1.);
#1290 = DIRECTION('',(-0.986135547995,0.16594179998));
#1291 = ( GEOMETRIC_REPRESENTATION_CONTEXT(2) 
PARAMETRIC_REPRESENTATION_CONTEXT() REPRESENTATION_CONTEXT('2D SPACE',''
  ) );
#1292 = PCURVE('',#641,#1293);
#1293 = DEFINITIONAL_REPRESENTATION('',(#1294),#1298);
#1294 = LINE('',#1295,#1296);
#1295 = CARTESIAN_POINT('',(0.701240328309,-3.154061871901));
#1296 = VECTOR('',#1297,1.);
#1297 = DIRECTION('',(0.,1.));
#1298 = ( GEOMETRIC_REPRESENTATION_CONTEXT(2) 
PARAMETRIC_REPRESENTATION_CONTEXT() REPRESENTATION_CONTEXT('2D SPACE',''
  ) );
#1299 = ORIENTED_EDGE('',*,*,#1300,.T.);
#1300 = EDGE_CURVE('',#1278,#1301,#1303,.T.);
#1301 = VERTEX_POINT('',#1302);
#1302 = CARTESIAN_POINT('',(-68.02363010069,-11.44666536263,115.));
#1303 = SURFACE_CURVE('',#1304,(#1309,#1316),.PCURVE_S1.);
#1304 = CIRCLE('',#1305,68.98);
#1305 = AXIS2_PLACEMENT_3D('',#1306,#1307,#1308);
#1306 = CARTESIAN_POINT('',(0.,0.,115.));
#1307 = DIRECTION('',(0.,0.,1.));
#1308 = DIRECTION('',(-0.986135547995,0.16594179998,0.));
#1309 = PCURVE('',#45,#1310);
#1310 = DEFINITIONAL_REPRESENTATION('',(#1311),#1315);
#1311 = CIRCLE('',#1312,68.98);
#1312 = AXIS2_PLACEMENT_2D('',#1313,#1314);
#1313 = CARTESIAN_POINT('',(0.,0.));
#1314 = DIRECTION('',(-0.986135547995,0.16594179998));
#1315 = ( GEOMETRIC_REPRESENTATION_CONTEXT(2) 
PARAMETRIC_REPRESENTATION_CONTEXT() REPRESENTATION_CONTEXT('2D SPACE',''
  ) );
#1316 = PCURVE('',#1317,#1322);
#1317 = TOROIDAL_SURFACE('',#1318,70.48,1.5);
#1318 = AXIS2_PLACEMENT_3D('',#1319,#1320,#1321);
#1319 = CARTESIAN_POINT('',(0.,0.,115.));
#1320 = DIRECTION('',(0.,0.,-1.));
#1321 = DIRECTION('',(-0.986135547995,0.16594179998,0.));
#1322 = DEFINITIONAL_REPRESENTATION('',(#1323),#1327);
#1323 = LINE('',#1324,#1325);
#1324 = CARTESIAN_POINT('',(-0.,3.14159265359));
#1325 = VECTOR('',#1326,1.);
#1326 = DIRECTION('',(-1.,0.));
#1327 = ( GEOMETRIC_REPRESENTATION_CONTEXT(2) 
PARAMETRIC_REPRESENTATION_CONTEXT() REPRESENTATION_CONTEXT('2D SPACE',''
  ) );
#1328 = ORIENTED_EDGE('',*,*,#1329,.T.);
#1329 = EDGE_CURVE('',#1301,#545,#1330,.T.);
#1330 = SURFACE_CURVE('',#1331,(#1335,#1342),.PCURVE_S1.);
#1331 = LINE('',#1332,#1333);
#1332 = CARTESIAN_POINT('',(-68.02363010069,-11.44666536263,115.));
#1333 = VECTOR('',#1334,1.);
#1334 = DIRECTION('',(-0.986135547995,-0.16594179998,0.));
#1335 = PCURVE('',#45,#1336);
#1336 = DEFINITIONAL_REPRESENTATION('',(#1337),#1341);
#1337 = LINE('',#1338,#1339);
#1338 = CARTESIAN_POINT('',(-68.02363010069,-11.44666536263));
#1339 = VECTOR('',#1340,1.);
#1340 = DIRECTION('',(-0.986135547995,-0.16594179998));
#1341 = ( GEOMETRIC_REPRESENTATION_CONTEXT(2) 
PARAMETRIC_REPRESENTATION_CONTEXT() REPRESENTATION_CONTEXT('2D SPACE',''
  ) );
#1342 = PCURVE('',#584,#1343);
#1343 = DEFINITIONAL_REPRESENTATION('',(#1344),#1348);
#1344 = LINE('',#1345,#1346);
#1345 = CARTESIAN_POINT('',(0.701240328309,-3.154061871901));
#1346 = VECTOR('',#1347,1.);
#1347 = DIRECTION('',(0.,1.));
#1348 = ( GEOMETRIC_REPRESENTATION_CONTEXT(2) 
PARAMETRIC_REPRESENTATION_CONTEXT() REPRESENTATION_CONTEXT('2D SPACE',''
  ) );
#1349 = ORIENTED_EDGE('',*,*,#544,.T.);
#1350 = ORIENTED_EDGE('',*,*,#1351,.F.);
#1351 = EDGE_CURVE('',#1352,#517,#1354,.T.);
#1352 = VERTEX_POINT('',#1353);
#1353 = CARTESIAN_POINT('',(-56.19398482501,-40.00595542523,115.));
#1354 = SURFACE_CURVE('',#1355,(#1359,#1366),.PCURVE_S1.);
#1355 = LINE('',#1356,#1357);
#1356 = CARTESIAN_POINT('',(-56.19398482501,-40.00595542523,115.));
#1357 = VECTOR('',#1358,1.);
#1358 = DIRECTION('',(-0.814641705205,-0.579964561108,0.));
#1359 = PCURVE('',#45,#1360);
#1360 = DEFINITIONAL_REPRESENTATION('',(#1361),#1365);
#1361 = LINE('',#1362,#1363);
#1362 = CARTESIAN_POINT('',(-56.19398482501,-40.00595542523));
#1363 = VECTOR('',#1364,1.);
#1364 = DIRECTION('',(-0.814641705205,-0.579964561108));
#1365 = ( GEOMETRIC_REPRESENTATION_CONTEXT(2) 
PARAMETRIC_REPRESENTATION_CONTEXT() REPRESENTATION_CONTEXT('2D SPACE',''
  ) );
#1366 = PCURVE('',#532,#1367);
#1367 = DEFINITIONAL_REPRESENTATION('',(#1368),#1372);
#1368 = LINE('',#1369,#1370);
#1369 = CARTESIAN_POINT('',(0.701240328309,-3.154061871901));
#1370 = VECTOR('',#1371,1.);
#1371 = DIRECTION('',(0.,1.));
#1372 = ( GEOMETRIC_REPRESENTATION_CONTEXT(2) 
PARAMETRIC_REPRESENTATION_CONTEXT() REPRESENTATION_CONTEXT('2D SPACE',''
  ) );
#1373 = ORIENTED_EDGE('',*,*,#1374,.T.);
#1374 = EDGE_CURVE('',#1352,#1375,#1377,.T.);
#1375 = VERTEX_POINT('',#1376);
#1376 = CARTESIAN_POINT('',(-40.00595542523,-56.19398482501,115.));
#1377 = SURFACE_CURVE('',#1378,(#1383,#1390),.PCURVE_S1.);
#1378 = CIRCLE('',#1379,68.98);
#1379 = AXIS2_PLACEMENT_3D('',#1380,#1381,#1382);
#1380 = CARTESIAN_POINT('',(0.,0.,115.));
#1381 = DIRECTION('',(0.,0.,1.));
#1382 = DIRECTION('',(-0.814641705205,-0.579964561108,0.));
#1383 = PCURVE('',#45,#1384);
#1384 = DEFINITIONAL_REPRESENTATION('',(#1385),#1389);
#1385 = CIRCLE('',#1386,68.98);
#1386 = AXIS2_PLACEMENT_2D('',#1387,#1388);
#1387 = CARTESIAN_POINT('',(0.,0.));
#1388 = DIRECTION('',(-0.814641705205,-0.579964561108));
#1389 = ( GEOMETRIC_REPRESENTATION_CONTEXT(2) 
PARAMETRIC_REPRESENTATION_CONTEXT() REPRESENTATION_CONTEXT('2D SPACE',''
  ) );
#1390 = PCURVE('',#1391,#1396);
#1391 = TOROIDAL_SURFACE('',#1392,70.48,1.5);
#1392 = AXIS2_PLACEMENT_3D('',#1393,#1394,#1395);
#1393 = CARTESIAN_POINT('',(0.,0.,115.));
#1394 = DIRECTION('',(0.,0.,-1.));
#1395 = DIRECTION('',(-0.814641705205,-0.579964561108,0.));
#1396 = DEFINITIONAL_REPRESENTATION('',(#1397),#1401);
#1397 = LINE('',#1398,#1399);
#1398 = CARTESIAN_POINT('',(-0.,3.14159265359));
#1399 = VECTOR('',#1400,1.);
#1400 = DIRECTION('',(-1.,0.));
#1401 = ( GEOMETRIC_REPRESENTATION_CONTEXT(2) 
PARAMETRIC_REPRESENTATION_CONTEXT() REPRESENTATION_CONTEXT('2D SPACE',''
  ) );
#1402 = ORIENTED_EDGE('',*,*,#1403,.T.);
#1403 = EDGE_CURVE('',#1375,#436,#1404,.T.);
#1404 = SURFACE_CURVE('',#1405,(#1409,#1416),.PCURVE_S1.);
#1405 = LINE('',#1406,#1407);
#1406 = CARTESIAN_POINT('',(-40.00595542523,-56.19398482501,115.));
#1407 = VECTOR('',#1408,1.);
#1408 = DIRECTION('',(-0.579964561108,-0.814641705205,0.));
#1409 = PCURVE('',#45,#1410);
#1410 = DEFINITIONAL_REPRESENTATION('',(#1411),#1415);
#1411 = LINE('',#1412,#1413);
#1412 = CARTESIAN_POINT('',(-40.00595542523,-56.19398482501));
#1413 = VECTOR('',#1414,1.);
#1414 = DIRECTION('',(-0.579964561108,-0.814641705205));
#1415 = ( GEOMETRIC_REPRESENTATION_CONTEXT(2) 
PARAMETRIC_REPRESENTATION_CONTEXT() REPRESENTATION_CONTEXT('2D SPACE',''
  ) );
#1416 = PCURVE('',#475,#1417);
#1417 = DEFINITIONAL_REPRESENTATION('',(#1418),#1422);
#1418 = LINE('',#1419,#1420);
#1419 = CARTESIAN_POINT('',(0.701240328309,-3.154061871901));
#1420 = VECTOR('',#1421,1.);
#1421 = DIRECTION('',(0.,1.));
#1422 = ( GEOMETRIC_REPRESENTATION_CONTEXT(2) 
PARAMETRIC_REPRESENTATION_CONTEXT() REPRESENTATION_CONTEXT('2D SPACE',''
  ) );
#1423 = ORIENTED_EDGE('',*,*,#435,.T.);
#1424 = ORIENTED_EDGE('',*,*,#1425,.F.);
#1425 = EDGE_CURVE('',#1426,#408,#1428,.T.);
#1426 = VERTEX_POINT('',#1427);
#1427 = CARTESIAN_POINT('',(-11.44666536263,-68.02363010069,115.));
#1428 = SURFACE_CURVE('',#1429,(#1433,#1440),.PCURVE_S1.);
#1429 = LINE('',#1430,#1431);
#1430 = CARTESIAN_POINT('',(-11.44666536263,-68.02363010069,115.));
#1431 = VECTOR('',#1432,1.);
#1432 = DIRECTION('',(-0.16594179998,-0.986135547995,0.));
#1433 = PCURVE('',#45,#1434);
#1434 = DEFINITIONAL_REPRESENTATION('',(#1435),#1439);
#1435 = LINE('',#1436,#1437);
#1436 = CARTESIAN_POINT('',(-11.44666536263,-68.02363010069));
#1437 = VECTOR('',#1438,1.);
#1438 = DIRECTION('',(-0.16594179998,-0.986135547995));
#1439 = ( GEOMETRIC_REPRESENTATION_CONTEXT(2) 
PARAMETRIC_REPRESENTATION_CONTEXT() REPRESENTATION_CONTEXT('2D SPACE',''
  ) );
#1440 = PCURVE('',#423,#1441);
#1441 = DEFINITIONAL_REPRESENTATION('',(#1442),#1446);
#1442 = LINE('',#1443,#1444);
#1443 = CARTESIAN_POINT('',(0.701240328309,-3.154061871901));
#1444 = VECTOR('',#1445,1.);
#1445 = DIRECTION('',(0.,1.));
#1446 = ( GEOMETRIC_REPRESENTATION_CONTEXT(2) 
PARAMETRIC_REPRESENTATION_CONTEXT() REPRESENTATION_CONTEXT('2D SPACE',''
  ) );
#1447 = ORIENTED_EDGE('',*,*,#1448,.T.);
#1448 = EDGE_CURVE('',#1426,#1449,#1451,.T.);
#1449 = VERTEX_POINT('',#1450);
#1450 = CARTESIAN_POINT('',(11.446665362631,-68.02363010069,115.));
#1451 = SURFACE_CURVE('',#1452,(#1457,#1464),.PCURVE_S1.);
#1452 = CIRCLE('',#1453,68.98);
#1453 = AXIS2_PLACEMENT_3D('',#1454,#1455,#1456);
#1454 = CARTESIAN_POINT('',(0.,0.,115.));
#1455 = DIRECTION('',(0.,0.,1.));
#1456 = DIRECTION('',(-0.16594179998,-0.986135547995,0.));
#1457 = PCURVE('',#45,#1458);
#1458 = DEFINITIONAL_REPRESENTATION('',(#1459),#1463);
#1459 = CIRCLE('',#1460,68.98);
#1460 = AXIS2_PLACEMENT_2D('',#1461,#1462);
#1461 = CARTESIAN_POINT('',(0.,0.));
#1462 = DIRECTION('',(-0.16594179998,-0.986135547995));
#1463 = ( GEOMETRIC_REPRESENTATION_CONTEXT(2) 
PARAMETRIC_REPRESENTATION_CONTEXT() REPRESENTATION_CONTEXT('2D SPACE',''
  ) );
#1464 = PCURVE('',#1465,#1470);
#1465 = TOROIDAL_SURFACE('',#1466,70.48,1.5);
#1466 = AXIS2_PLACEMENT_3D('',#1467,#1468,#1469);
#1467 = CARTESIAN_POINT('',(0.,0.,115.));
#1468 = DIRECTION('',(0.,0.,-1.));
#1469 = DIRECTION('',(-0.16594179998,-0.986135547995,0.));
#1470 = DEFINITIONAL_REPRESENTATION('',(#1471),#1475);
#1471 = LINE('',#1472,#1473);
#1472 = CARTESIAN_POINT('',(-0.,3.14159265359));
#1473 = VECTOR('',#1474,1.);
#1474 = DIRECTION('',(-1.,0.));
#1475 = ( GEOMETRIC_REPRESENTATION_CONTEXT(2) 
PARAMETRIC_REPRESENTATION_CONTEXT() REPRESENTATION_CONTEXT('2D SPACE',''
  ) );
#1476 = ORIENTED_EDGE('',*,*,#1477,.T.);
#1477 = EDGE_CURVE('',#1449,#327,#1478,.T.);
#1478 = SURFACE_CURVE('',#1479,(#1483,#1490),.PCURVE_S1.);
#1479 = LINE('',#1480,#1481);
#1480 = CARTESIAN_POINT('',(11.446665362631,-68.02363010069,115.));
#1481 = VECTOR('',#1482,1.);
#1482 = DIRECTION('',(0.16594179998,-0.986135547995,0.));
#1483 = PCURVE('',#45,#1484);
#1484 = DEFINITIONAL_REPRESENTATION('',(#1485),#1489);
#1485 = LINE('',#1486,#1487);
#1486 = CARTESIAN_POINT('',(11.446665362631,-68.02363010069));
#1487 = VECTOR('',#1488,1.);
#1488 = DIRECTION('',(0.16594179998,-0.986135547995));
#1489 = ( GEOMETRIC_REPRESENTATION_CONTEXT(2) 
PARAMETRIC_REPRESENTATION_CONTEXT() REPRESENTATION_CONTEXT('2D SPACE',''
  ) );
#1490 = PCURVE('',#366,#1491);
#1491 = DEFINITIONAL_REPRESENTATION('',(#1492),#1496);
#1492 = LINE('',#1493,#1494);
#1493 = CARTESIAN_POINT('',(0.701240328309,-3.154061871901));
#1494 = VECTOR('',#1495,1.);
#1495 = DIRECTION('',(0.,1.));
#1496 = ( GEOMETRIC_REPRESENTATION_CONTEXT(2) 
PARAMETRIC_REPRESENTATION_CONTEXT() REPRESENTATION_CONTEXT('2D SPACE',''
  ) );
#1497 = ORIENTED_EDGE('',*,*,#326,.T.);
#1498 = ORIENTED_EDGE('',*,*,#1499,.F.);
#1499 = EDGE_CURVE('',#1500,#299,#1502,.T.);
#1500 = VERTEX_POINT('',#1501);
#1501 = CARTESIAN_POINT('',(40.005955425236,-56.19398482501,115.));
#1502 = SURFACE_CURVE('',#1503,(#1507,#1514),.PCURVE_S1.);
#1503 = LINE('',#1504,#1505);
#1504 = CARTESIAN_POINT('',(40.005955425236,-56.19398482501,115.));
#1505 = VECTOR('',#1506,1.);
#1506 = DIRECTION('',(0.579964561108,-0.814641705205,0.));
#1507 = PCURVE('',#45,#1508);
#1508 = DEFINITIONAL_REPRESENTATION('',(#1509),#1513);
#1509 = LINE('',#1510,#1511);
#1510 = CARTESIAN_POINT('',(40.005955425236,-56.19398482501));
#1511 = VECTOR('',#1512,1.);
#1512 = DIRECTION('',(0.579964561108,-0.814641705205));
#1513 = ( GEOMETRIC_REPRESENTATION_CONTEXT(2) 
PARAMETRIC_REPRESENTATION_CONTEXT() REPRESENTATION_CONTEXT('2D SPACE',''
  ) );
#1514 = PCURVE('',#314,#1515);
#1515 = DEFINITIONAL_REPRESENTATION('',(#1516),#1520);
#1516 = LINE('',#1517,#1518);
#1517 = CARTESIAN_POINT('',(0.701240328309,-3.154061871901));
#1518 = VECTOR('',#1519,1.);
#1519 = DIRECTION('',(0.,1.));
#1520 = ( GEOMETRIC_REPRESENTATION_CONTEXT(2) 
PARAMETRIC_REPRESENTATION_CONTEXT() REPRESENTATION_CONTEXT('2D SPACE',''
  ) );
#1521 = ORIENTED_EDGE('',*,*,#1522,.T.);
#1522 = EDGE_CURVE('',#1500,#1523,#1525,.T.);
#1523 = VERTEX_POINT('',#1524);
#1524 = CARTESIAN_POINT('',(56.193984825015,-40.00595542523,115.));
#1525 = SURFACE_CURVE('',#1526,(#1531,#1538),.PCURVE_S1.);
#1526 = CIRCLE('',#1527,68.98);
#1527 = AXIS2_PLACEMENT_3D('',#1528,#1529,#1530);
#1528 = CARTESIAN_POINT('',(0.,0.,115.));
#1529 = DIRECTION('',(-0.,0.,1.));
#1530 = DIRECTION('',(0.579964561108,-0.814641705205,0.));
#1531 = PCURVE('',#45,#1532);
#1532 = DEFINITIONAL_REPRESENTATION('',(#1533),#1537);
#1533 = CIRCLE('',#1534,68.98);
#1534 = AXIS2_PLACEMENT_2D('',#1535,#1536);
#1535 = CARTESIAN_POINT('',(0.,0.));
#1536 = DIRECTION('',(0.579964561108,-0.814641705205));
#1537 = ( GEOMETRIC_REPRESENTATION_CONTEXT(2) 
PARAMETRIC_REPRESENTATION_CONTEXT() REPRESENTATION_CONTEXT('2D SPACE',''
  ) );
#1538 = PCURVE('',#1539,#1544);
#1539 = TOROIDAL_SURFACE('',#1540,70.48,1.5);
#1540 = AXIS2_PLACEMENT_3D('',#1541,#1542,#1543);
#1541 = CARTESIAN_POINT('',(0.,0.,115.));
#1542 = DIRECTION('',(-0.,0.,-1.));
#1543 = DIRECTION('',(0.579964561108,-0.814641705205,0.));
#1544 = DEFINITIONAL_REPRESENTATION('',(#1545),#1549);
#1545 = LINE('',#1546,#1547);
#1546 = CARTESIAN_POINT('',(-0.,3.14159265359));
#1547 = VECTOR('',#1548,1.);
#1548 = DIRECTION('',(-1.,0.));
#1549 = ( GEOMETRIC_REPRESENTATION_CONTEXT(2) 
PARAMETRIC_REPRESENTATION_CONTEXT() REPRESENTATION_CONTEXT('2D SPACE',''
  ) );
#1550 = ORIENTED_EDGE('',*,*,#1551,.T.);
#1551 = EDGE_CURVE('',#1523,#218,#1552,.T.);
#1552 = SURFACE_CURVE('',#1553,(#1557,#1564),.PCURVE_S1.);
#1553 = LINE('',#1554,#1555);
#1554 = CARTESIAN_POINT('',(56.193984825015,-40.00595542523,115.));
#1555 = VECTOR('',#1556,1.);
#1556 = DIRECTION('',(0.814641705205,-0.579964561108,0.));
#1557 = PCURVE('',#45,#1558);
#1558 = DEFINITIONAL_REPRESENTATION('',(#1559),#1563);
#1559 = LINE('',#1560,#1561);
#1560 = CARTESIAN_POINT('',(56.193984825015,-40.00595542523));
#1561 = VECTOR('',#1562,1.);
#1562 = DIRECTION('',(0.814641705205,-0.579964561108));
#1563 = ( GEOMETRIC_REPRESENTATION_CONTEXT(2) 
PARAMETRIC_REPRESENTATION_CONTEXT() REPRESENTATION_CONTEXT('2D SPACE',''
  ) );
#1564 = PCURVE('',#257,#1565);
#1565 = DEFINITIONAL_REPRESENTATION('',(#1566),#1570);
#1566 = LINE('',#1567,#1568);
#1567 = CARTESIAN_POINT('',(0.701240328309,-3.154061871901));
#1568 = VECTOR('',#1569,1.);
#1569 = DIRECTION('',(0.,1.));
#1570 = ( GEOMETRIC_REPRESENTATION_CONTEXT(2) 
PARAMETRIC_REPRESENTATION_CONTEXT() REPRESENTATION_CONTEXT('2D SPACE',''
  ) );
#1571 = ORIENTED_EDGE('',*,*,#217,.T.);
#1572 = FACE_BOUND('',#1573,.T.);
#1573 = EDGE_LOOP('',(#1574));
#1574 = ORIENTED_EDGE('',*,*,#1575,.F.);
#1575 = EDGE_CURVE('',#1576,#1576,#1578,.T.);
#1576 = VERTEX_POINT('',#1577);
#1577 = CARTESIAN_POINT('',(20.,-4.898587196589E-15,115.));
#1578 = SURFACE_CURVE('',#1579,(#1584,#1591),.PCURVE_S1.);
#1579 = CIRCLE('',#1580,20.);
#1580 = AXIS2_PLACEMENT_3D('',#1581,#1582,#1583);
#1581 = CARTESIAN_POINT('',(0.,0.,115.));
#1582 = DIRECTION('',(0.,0.,1.));
#1583 = DIRECTION('',(1.,0.,-0.));
#1584 = PCURVE('',#45,#1585);
#1585 = DEFINITIONAL_REPRESENTATION('',(#1586),#1590);
#1586 = CIRCLE('',#1587,20.);
#1587 = AXIS2_PLACEMENT_2D('',#1588,#1589);
#1588 = CARTESIAN_POINT('',(0.,0.));
#1589 = DIRECTION('',(1.,0.));
#1590 = ( GEOMETRIC_REPRESENTATION_CONTEXT(2) 
PARAMETRIC_REPRESENTATION_CONTEXT() REPRESENTATION_CONTEXT('2D SPACE',''
  ) );
#1591 = PCURVE('',#1592,#1597);
#1592 = CYLINDRICAL_SURFACE('',#1593,20.);
#1593 = AXIS2_PLACEMENT_3D('',#1594,#1595,#1596);
#1594 = CARTESIAN_POINT('',(0.,0.,100.));
#1595 = DIRECTION('',(0.,0.,1.));
#1596 = DIRECTION('',(1.,0.,-0.));
#1597 = DEFINITIONAL_REPRESENTATION('',(#1598),#1602);
#1598 = LINE('',#1599,#1600);
#1599 = CARTESIAN_POINT('',(0.,15.));
#1600 = VECTOR('',#1601,1.);
#1601 = DIRECTION('',(1.,0.));
#1602 = ( GEOMETRIC_REPRESENTATION_CONTEXT(2) 
PARAMETRIC_REPRESENTATION_CONTEXT() REPRESENTATION_CONTEXT('2D SPACE',''
  ) );
#1603 = ADVANCED_FACE('',(#1604),#966,.T.);
#1604 = FACE_BOUND('',#1605,.T.);
#1605 = EDGE_LOOP('',(#1606,#1607,#1608,#1631));
#1606 = ORIENTED_EDGE('',*,*,#1055,.T.);
#1607 = ORIENTED_EDGE('',*,*,#952,.T.);
#1608 = ORIENTED_EDGE('',*,*,#1609,.T.);
#1609 = EDGE_CURVE('',#924,#1610,#1612,.T.);
#1610 = VERTEX_POINT('',#1611);
#1611 = CARTESIAN_POINT('',(57.415947382822,40.875902266898,113.5));
#1612 = SURFACE_CURVE('',#1613,(#1617,#1624),.PCURVE_S1.);
#1613 = LINE('',#1614,#1615);
#1614 = CARTESIAN_POINT('',(61.081835056243,43.485742791884,113.5));
#1615 = VECTOR('',#1616,1.);
#1616 = DIRECTION('',(-0.814641705205,-0.579964561108,0.));
#1617 = PCURVE('',#966,#1618);
#1618 = DEFINITIONAL_REPRESENTATION('',(#1619),#1623);
#1619 = LINE('',#1620,#1621);
#1620 = CARTESIAN_POINT('',(-0.798759671691,2.845938128099));
#1621 = VECTOR('',#1622,1.);
#1622 = DIRECTION('',(0.,-1.));
#1623 = ( GEOMETRIC_REPRESENTATION_CONTEXT(2) 
PARAMETRIC_REPRESENTATION_CONTEXT() REPRESENTATION_CONTEXT('2D SPACE',''
  ) );
#1624 = PCURVE('',#940,#1625);
#1625 = DEFINITIONAL_REPRESENTATION('',(#1626),#1630);
#1626 = LINE('',#1627,#1628);
#1627 = CARTESIAN_POINT('',(74.98,0.));
#1628 = VECTOR('',#1629,1.);
#1629 = DIRECTION('',(-1.,0.));
#1630 = ( GEOMETRIC_REPRESENTATION_CONTEXT(2) 
PARAMETRIC_REPRESENTATION_CONTEXT() REPRESENTATION_CONTEXT('2D SPACE',''
  ) );
#1631 = ORIENTED_EDGE('',*,*,#1632,.T.);
#1632 = EDGE_CURVE('',#1610,#1056,#1633,.T.);
#1633 = SURFACE_CURVE('',#1634,(#1639,#1646),.PCURVE_S1.);
#1634 = CIRCLE('',#1635,1.5);
#1635 = AXIS2_PLACEMENT_3D('',#1636,#1637,#1638);
#1636 = CARTESIAN_POINT('',(57.415947382822,40.875902266898,115.));
#1637 = DIRECTION('',(-0.579964561108,0.814641705205,0.));
#1638 = DIRECTION('',(-1.543567322348E-14,-1.098905615716E-14,-1.));
#1639 = PCURVE('',#966,#1640);
#1640 = DEFINITIONAL_REPRESENTATION('',(#1641),#1645);
#1641 = CIRCLE('',#1642,1.5);
#1642 = AXIS2_PLACEMENT_2D('',#1643,#1644);
#1643 = CARTESIAN_POINT('',(0.701240328309,-1.654061871901));
#1644 = DIRECTION('',(-1.,-1.894780628694E-14));
#1645 = ( GEOMETRIC_REPRESENTATION_CONTEXT(2) 
PARAMETRIC_REPRESENTATION_CONTEXT() REPRESENTATION_CONTEXT('2D SPACE',''
  ) );
#1646 = PCURVE('',#1095,#1647);
#1647 = DEFINITIONAL_REPRESENTATION('',(#1648),#1652);
#1648 = LINE('',#1649,#1650);
#1649 = CARTESIAN_POINT('',(-0.,1.570796326795));
#1650 = VECTOR('',#1651,1.);
#1651 = DIRECTION('',(-0.,1.));
#1652 = ( GEOMETRIC_REPRESENTATION_CONTEXT(2) 
PARAMETRIC_REPRESENTATION_CONTEXT() REPRESENTATION_CONTEXT('2D SPACE',''
  ) );
#1653 = ADVANCED_FACE('',(#1654),#940,.T.);
#1654 = FACE_BOUND('',#1655,.T.);
#1655 = EDGE_LOOP('',(#1656,#1657,#1680,#1702));
#1656 = ORIENTED_EDGE('',*,*,#923,.T.);
#1657 = ORIENTED_EDGE('',*,*,#1658,.T.);
#1658 = EDGE_CURVE('',#896,#1659,#1661,.T.);
#1659 = VERTEX_POINT('',#1660);
#1660 = CARTESIAN_POINT('',(40.875902266898,57.415947382822,113.5));
#1661 = SURFACE_CURVE('',#1662,(#1666,#1673),.PCURVE_S1.);
#1662 = LINE('',#1663,#1664);
#1663 = CARTESIAN_POINT('',(43.485742791884,61.081835056243,113.5));
#1664 = VECTOR('',#1665,1.);
#1665 = DIRECTION('',(-0.579964561108,-0.814641705205,0.));
#1666 = PCURVE('',#940,#1667);
#1667 = DEFINITIONAL_REPRESENTATION('',(#1668),#1672);
#1668 = LINE('',#1669,#1670);
#1669 = CARTESIAN_POINT('',(70.850599320141,24.539620534492));
#1670 = VECTOR('',#1671,1.);
#1671 = DIRECTION('',(-0.944926638039,-0.327282215717));
#1672 = ( GEOMETRIC_REPRESENTATION_CONTEXT(2) 
PARAMETRIC_REPRESENTATION_CONTEXT() REPRESENTATION_CONTEXT('2D SPACE',''
  ) );
#1673 = PCURVE('',#911,#1674);
#1674 = DEFINITIONAL_REPRESENTATION('',(#1675),#1679);
#1675 = LINE('',#1676,#1677);
#1676 = CARTESIAN_POINT('',(-0.798759671691,2.845938128099));
#1677 = VECTOR('',#1678,1.);
#1678 = DIRECTION('',(0.,-1.));
#1679 = ( GEOMETRIC_REPRESENTATION_CONTEXT(2) 
PARAMETRIC_REPRESENTATION_CONTEXT() REPRESENTATION_CONTEXT('2D SPACE',''
  ) );
#1680 = ORIENTED_EDGE('',*,*,#1681,.F.);
#1681 = EDGE_CURVE('',#1610,#1659,#1682,.T.);
#1682 = SURFACE_CURVE('',#1683,(#1688,#1695),.PCURVE_S1.);
#1683 = CIRCLE('',#1684,70.48);
#1684 = AXIS2_PLACEMENT_3D('',#1685,#1686,#1687);
#1685 = CARTESIAN_POINT('',(0.,0.,113.5));
#1686 = DIRECTION('',(0.,-0.,1.));
#1687 = DIRECTION('',(0.814641705205,0.579964561108,0.));
#1688 = PCURVE('',#940,#1689);
#1689 = DEFINITIONAL_REPRESENTATION('',(#1690),#1694);
#1690 = CIRCLE('',#1691,70.48);
#1691 = AXIS2_PLACEMENT_2D('',#1692,#1693);
#1692 = CARTESIAN_POINT('',(0.,0.));
#1693 = DIRECTION('',(1.,0.));
#1694 = ( GEOMETRIC_REPRESENTATION_CONTEXT(2) 
PARAMETRIC_REPRESENTATION_CONTEXT() REPRESENTATION_CONTEXT('2D SPACE',''
  ) );
#1695 = PCURVE('',#1095,#1696);
#1696 = DEFINITIONAL_REPRESENTATION('',(#1697),#1701);
#1697 = LINE('',#1698,#1699);
#1698 = CARTESIAN_POINT('',(-0.,1.570796326795));
#1699 = VECTOR('',#1700,1.);
#1700 = DIRECTION('',(-1.,0.));
#1701 = ( GEOMETRIC_REPRESENTATION_CONTEXT(2) 
PARAMETRIC_REPRESENTATION_CONTEXT() REPRESENTATION_CONTEXT('2D SPACE',''
  ) );
#1702 = ORIENTED_EDGE('',*,*,#1609,.F.);
#1703 = ADVANCED_FACE('',(#1704),#911,.F.);
#1704 = FACE_BOUND('',#1705,.F.);
#1705 = EDGE_LOOP('',(#1706,#1707,#1708,#1709));
#1706 = ORIENTED_EDGE('',*,*,#1107,.T.);
#1707 = ORIENTED_EDGE('',*,*,#895,.T.);
#1708 = ORIENTED_EDGE('',*,*,#1658,.T.);
#1709 = ORIENTED_EDGE('',*,*,#1710,.T.);
#1710 = EDGE_CURVE('',#1659,#1079,#1711,.T.);
#1711 = SURFACE_CURVE('',#1712,(#1717,#1724),.PCURVE_S1.);
#1712 = CIRCLE('',#1713,1.5);
#1713 = AXIS2_PLACEMENT_3D('',#1714,#1715,#1716);
#1714 = CARTESIAN_POINT('',(40.875902266898,57.415947382822,115.));
#1715 = DIRECTION('',(-0.814641705205,0.579964561108,1.577721810442E-30)
  );
#1716 = DIRECTION('',(-1.098905615716E-14,-1.543567322348E-14,-1.));
#1717 = PCURVE('',#911,#1718);
#1718 = DEFINITIONAL_REPRESENTATION('',(#1719),#1723);
#1719 = CIRCLE('',#1720,1.5);
#1720 = AXIS2_PLACEMENT_2D('',#1721,#1722);
#1721 = CARTESIAN_POINT('',(0.701240328309,-1.654061871901));
#1722 = DIRECTION('',(-1.,-1.894780628694E-14));
#1723 = ( GEOMETRIC_REPRESENTATION_CONTEXT(2) 
PARAMETRIC_REPRESENTATION_CONTEXT() REPRESENTATION_CONTEXT('2D SPACE',''
  ) );
#1724 = PCURVE('',#1095,#1725);
#1725 = DEFINITIONAL_REPRESENTATION('',(#1726),#1730);
#1726 = LINE('',#1727,#1728);
#1727 = CARTESIAN_POINT('',(-0.333425951653,1.570796326795));
#1728 = VECTOR('',#1729,1.);
#1729 = DIRECTION('',(-0.,1.));
#1730 = ( GEOMETRIC_REPRESENTATION_CONTEXT(2) 
PARAMETRIC_REPRESENTATION_CONTEXT() REPRESENTATION_CONTEXT('2D SPACE',''
  ) );
#1731 = ADVANCED_FACE('',(#1732),#859,.T.);
#1732 = FACE_BOUND('',#1733,.T.);
#1733 = EDGE_LOOP('',(#1734,#1735,#1736,#1759));
#1734 = ORIENTED_EDGE('',*,*,#1129,.T.);
#1735 = ORIENTED_EDGE('',*,*,#843,.T.);
#1736 = ORIENTED_EDGE('',*,*,#1737,.T.);
#1737 = EDGE_CURVE('',#815,#1738,#1740,.T.);
#1738 = VERTEX_POINT('',#1739);
#1739 = CARTESIAN_POINT('',(11.695578062602,69.502833422686,113.5));
#1740 = SURFACE_CURVE('',#1741,(#1745,#1752),.PCURVE_S1.);
#1741 = LINE('',#1742,#1743);
#1742 = CARTESIAN_POINT('',(12.442316162512,73.940443388663,113.5));
#1743 = VECTOR('',#1744,1.);
#1744 = DIRECTION('',(-0.16594179998,-0.986135547995,0.));
#1745 = PCURVE('',#859,#1746);
#1746 = DEFINITIONAL_REPRESENTATION('',(#1747),#1751);
#1747 = LINE('',#1748,#1749);
#1748 = CARTESIAN_POINT('',(-0.798759671691,2.845938128099));
#1749 = VECTOR('',#1750,1.);
#1750 = DIRECTION('',(0.,-1.));
#1751 = ( GEOMETRIC_REPRESENTATION_CONTEXT(2) 
PARAMETRIC_REPRESENTATION_CONTEXT() REPRESENTATION_CONTEXT('2D SPACE',''
  ) );
#1752 = PCURVE('',#831,#1753);
#1753 = DEFINITIONAL_REPRESENTATION('',(#1754),#1758);
#1754 = LINE('',#1755,#1756);
#1755 = CARTESIAN_POINT('',(74.98,0.));
#1756 = VECTOR('',#1757,1.);
#1757 = DIRECTION('',(-1.,0.));
#1758 = ( GEOMETRIC_REPRESENTATION_CONTEXT(2) 
PARAMETRIC_REPRESENTATION_CONTEXT() REPRESENTATION_CONTEXT('2D SPACE',''
  ) );
#1759 = ORIENTED_EDGE('',*,*,#1760,.T.);
#1760 = EDGE_CURVE('',#1738,#1130,#1761,.T.);
#1761 = SURFACE_CURVE('',#1762,(#1767,#1774),.PCURVE_S1.);
#1762 = CIRCLE('',#1763,1.5);
#1763 = AXIS2_PLACEMENT_3D('',#1764,#1765,#1766);
#1764 = CARTESIAN_POINT('',(11.695578062602,69.502833422686,115.));
#1765 = DIRECTION('',(-0.986135547995,0.16594179998,0.));
#1766 = DIRECTION('',(-3.14423308093E-15,-1.868510533607E-14,-1.));
#1767 = PCURVE('',#859,#1768);
#1768 = DEFINITIONAL_REPRESENTATION('',(#1769),#1773);
#1769 = CIRCLE('',#1770,1.5);
#1770 = AXIS2_PLACEMENT_2D('',#1771,#1772);
#1771 = CARTESIAN_POINT('',(0.701240328309,-1.654061871901));
#1772 = DIRECTION('',(-1.,-1.894780628694E-14));
#1773 = ( GEOMETRIC_REPRESENTATION_CONTEXT(2) 
PARAMETRIC_REPRESENTATION_CONTEXT() REPRESENTATION_CONTEXT('2D SPACE',''
  ) );
#1774 = PCURVE('',#1169,#1775);
#1775 = DEFINITIONAL_REPRESENTATION('',(#1776),#1780);
#1776 = LINE('',#1777,#1778);
#1777 = CARTESIAN_POINT('',(-0.,1.570796326795));
#1778 = VECTOR('',#1779,1.);
#1779 = DIRECTION('',(-0.,1.));
#1780 = ( GEOMETRIC_REPRESENTATION_CONTEXT(2) 
PARAMETRIC_REPRESENTATION_CONTEXT() REPRESENTATION_CONTEXT('2D SPACE',''
  ) );
#1781 = ADVANCED_FACE('',(#1782),#831,.T.);
#1782 = FACE_BOUND('',#1783,.T.);
#1783 = EDGE_LOOP('',(#1784,#1785,#1808,#1830));
#1784 = ORIENTED_EDGE('',*,*,#814,.T.);
#1785 = ORIENTED_EDGE('',*,*,#1786,.T.);
#1786 = EDGE_CURVE('',#787,#1787,#1789,.T.);
#1787 = VERTEX_POINT('',#1788);
#1788 = CARTESIAN_POINT('',(-11.6955780626,69.502833422686,113.5));
#1789 = SURFACE_CURVE('',#1790,(#1794,#1801),.PCURVE_S1.);
#1790 = LINE('',#1791,#1792);
#1791 = CARTESIAN_POINT('',(-12.44231616251,73.940443388663,113.5));
#1792 = VECTOR('',#1793,1.);
#1793 = DIRECTION('',(0.16594179998,-0.986135547995,0.));
#1794 = PCURVE('',#831,#1795);
#1795 = DEFINITIONAL_REPRESENTATION('',(#1796),#1800);
#1796 = LINE('',#1797,#1798);
#1797 = CARTESIAN_POINT('',(70.850599320141,24.539620534492));
#1798 = VECTOR('',#1799,1.);
#1799 = DIRECTION('',(-0.944926638039,-0.327282215717));
#1800 = ( GEOMETRIC_REPRESENTATION_CONTEXT(2) 
PARAMETRIC_REPRESENTATION_CONTEXT() REPRESENTATION_CONTEXT('2D SPACE',''
  ) );
#1801 = PCURVE('',#802,#1802);
#1802 = DEFINITIONAL_REPRESENTATION('',(#1803),#1807);
#1803 = LINE('',#1804,#1805);
#1804 = CARTESIAN_POINT('',(-0.798759671691,2.845938128099));
#1805 = VECTOR('',#1806,1.);
#1806 = DIRECTION('',(0.,-1.));
#1807 = ( GEOMETRIC_REPRESENTATION_CONTEXT(2) 
PARAMETRIC_REPRESENTATION_CONTEXT() REPRESENTATION_CONTEXT('2D SPACE',''
  ) );
#1808 = ORIENTED_EDGE('',*,*,#1809,.F.);
#1809 = EDGE_CURVE('',#1738,#1787,#1810,.T.);
#1810 = SURFACE_CURVE('',#1811,(#1816,#1823),.PCURVE_S1.);
#1811 = CIRCLE('',#1812,70.48);
#1812 = AXIS2_PLACEMENT_3D('',#1813,#1814,#1815);
#1813 = CARTESIAN_POINT('',(0.,0.,113.5));
#1814 = DIRECTION('',(0.,-0.,1.));
#1815 = DIRECTION('',(0.16594179998,0.986135547995,0.));
#1816 = PCURVE('',#831,#1817);
#1817 = DEFINITIONAL_REPRESENTATION('',(#1818),#1822);
#1818 = CIRCLE('',#1819,70.48);
#1819 = AXIS2_PLACEMENT_2D('',#1820,#1821);
#1820 = CARTESIAN_POINT('',(0.,0.));
#1821 = DIRECTION('',(1.,0.));
#1822 = ( GEOMETRIC_REPRESENTATION_CONTEXT(2) 
PARAMETRIC_REPRESENTATION_CONTEXT() REPRESENTATION_CONTEXT('2D SPACE',''
  ) );
#1823 = PCURVE('',#1169,#1824);
#1824 = DEFINITIONAL_REPRESENTATION('',(#1825),#1829);
#1825 = LINE('',#1826,#1827);
#1826 = CARTESIAN_POINT('',(-0.,1.570796326795));
#1827 = VECTOR('',#1828,1.);
#1828 = DIRECTION('',(-1.,0.));
#1829 = ( GEOMETRIC_REPRESENTATION_CONTEXT(2) 
PARAMETRIC_REPRESENTATION_CONTEXT() REPRESENTATION_CONTEXT('2D SPACE',''
  ) );
#1830 = ORIENTED_EDGE('',*,*,#1737,.F.);
#1831 = ADVANCED_FACE('',(#1832),#802,.F.);
#1832 = FACE_BOUND('',#1833,.F.);
#1833 = EDGE_LOOP('',(#1834,#1835,#1836,#1837));
#1834 = ORIENTED_EDGE('',*,*,#1181,.T.);
#1835 = ORIENTED_EDGE('',*,*,#786,.T.);
#1836 = ORIENTED_EDGE('',*,*,#1786,.T.);
#1837 = ORIENTED_EDGE('',*,*,#1838,.T.);
#1838 = EDGE_CURVE('',#1787,#1153,#1839,.T.);
#1839 = SURFACE_CURVE('',#1840,(#1845,#1852),.PCURVE_S1.);
#1840 = CIRCLE('',#1841,1.5);
#1841 = AXIS2_PLACEMENT_3D('',#1842,#1843,#1844);
#1842 = CARTESIAN_POINT('',(-11.6955780626,69.502833422686,115.));
#1843 = DIRECTION('',(-0.986135547995,-0.16594179998,3.944304526105E-31)
  );
#1844 = DIRECTION('',(3.14423308093E-15,-1.868510533607E-14,-1.));
#1845 = PCURVE('',#802,#1846);
#1846 = DEFINITIONAL_REPRESENTATION('',(#1847),#1851);
#1847 = CIRCLE('',#1848,1.5);
#1848 = AXIS2_PLACEMENT_2D('',#1849,#1850);
#1849 = CARTESIAN_POINT('',(0.701240328309,-1.654061871901));
#1850 = DIRECTION('',(-1.,-1.894780628694E-14));
#1851 = ( GEOMETRIC_REPRESENTATION_CONTEXT(2) 
PARAMETRIC_REPRESENTATION_CONTEXT() REPRESENTATION_CONTEXT('2D SPACE',''
  ) );
#1852 = PCURVE('',#1169,#1853);
#1853 = DEFINITIONAL_REPRESENTATION('',(#1854),#1858);
#1854 = LINE('',#1855,#1856);
#1855 = CARTESIAN_POINT('',(-0.333425951653,1.570796326795));
#1856 = VECTOR('',#1857,1.);
#1857 = DIRECTION('',(-0.,1.));
#1858 = ( GEOMETRIC_REPRESENTATION_CONTEXT(2) 
PARAMETRIC_REPRESENTATION_CONTEXT() REPRESENTATION_CONTEXT('2D SPACE',''
  ) );
#1859 = ADVANCED_FACE('',(#1860),#750,.T.);
#1860 = FACE_BOUND('',#1861,.T.);
#1861 = EDGE_LOOP('',(#1862,#1863,#1864,#1887));
#1862 = ORIENTED_EDGE('',*,*,#1203,.T.);
#1863 = ORIENTED_EDGE('',*,*,#734,.T.);
#1864 = ORIENTED_EDGE('',*,*,#1865,.T.);
#1865 = EDGE_CURVE('',#706,#1866,#1868,.T.);
#1866 = VERTEX_POINT('',#1867);
#1867 = CARTESIAN_POINT('',(-40.87590226689,57.415947382822,113.5));
#1868 = SURFACE_CURVE('',#1869,(#1873,#1880),.PCURVE_S1.);
#1869 = LINE('',#1870,#1871);
#1870 = CARTESIAN_POINT('',(-43.48574279188,61.081835056243,113.5));
#1871 = VECTOR('',#1872,1.);
#1872 = DIRECTION('',(0.579964561108,-0.814641705205,0.));
#1873 = PCURVE('',#750,#1874);
#1874 = DEFINITIONAL_REPRESENTATION('',(#1875),#1879);
#1875 = LINE('',#1876,#1877);
#1876 = CARTESIAN_POINT('',(-0.798759671691,2.845938128099));
#1877 = VECTOR('',#1878,1.);
#1878 = DIRECTION('',(0.,-1.));
#1879 = ( GEOMETRIC_REPRESENTATION_CONTEXT(2) 
PARAMETRIC_REPRESENTATION_CONTEXT() REPRESENTATION_CONTEXT('2D SPACE',''
  ) );
#1880 = PCURVE('',#722,#1881);
#1881 = DEFINITIONAL_REPRESENTATION('',(#1882),#1886);
#1882 = LINE('',#1883,#1884);
#1883 = CARTESIAN_POINT('',(74.98,0.));
#1884 = VECTOR('',#1885,1.);
#1885 = DIRECTION('',(-1.,0.));
#1886 = ( GEOMETRIC_REPRESENTATION_CONTEXT(2) 
PARAMETRIC_REPRESENTATION_CONTEXT() REPRESENTATION_CONTEXT('2D SPACE',''
  ) );
#1887 = ORIENTED_EDGE('',*,*,#1888,.T.);
#1888 = EDGE_CURVE('',#1866,#1204,#1889,.T.);
#1889 = SURFACE_CURVE('',#1890,(#1895,#1902),.PCURVE_S1.);
#1890 = CIRCLE('',#1891,1.5);
#1891 = AXIS2_PLACEMENT_3D('',#1892,#1893,#1894);
#1892 = CARTESIAN_POINT('',(-40.87590226689,57.415947382822,115.));
#1893 = DIRECTION('',(-0.814641705205,-0.579964561108,
    -1.577721810442E-30));
#1894 = DIRECTION('',(1.098905615716E-14,-1.543567322348E-14,-1.));
#1895 = PCURVE('',#750,#1896);
#1896 = DEFINITIONAL_REPRESENTATION('',(#1897),#1901);
#1897 = CIRCLE('',#1898,1.5);
#1898 = AXIS2_PLACEMENT_2D('',#1899,#1900);
#1899 = CARTESIAN_POINT('',(0.701240328309,-1.654061871901));
#1900 = DIRECTION('',(-1.,-1.894780628694E-14));
#1901 = ( GEOMETRIC_REPRESENTATION_CONTEXT(2) 
PARAMETRIC_REPRESENTATION_CONTEXT() REPRESENTATION_CONTEXT('2D SPACE',''
  ) );
#1902 = PCURVE('',#1243,#1903);
#1903 = DEFINITIONAL_REPRESENTATION('',(#1904),#1908);
#1904 = LINE('',#1905,#1906);
#1905 = CARTESIAN_POINT('',(-0.,1.570796326795));
#1906 = VECTOR('',#1907,1.);
#1907 = DIRECTION('',(-0.,1.));
#1908 = ( GEOMETRIC_REPRESENTATION_CONTEXT(2) 
PARAMETRIC_REPRESENTATION_CONTEXT() REPRESENTATION_CONTEXT('2D SPACE',''
  ) );
#1909 = ADVANCED_FACE('',(#1910),#722,.T.);
#1910 = FACE_BOUND('',#1911,.T.);
#1911 = EDGE_LOOP('',(#1912,#1913,#1936,#1958));
#1912 = ORIENTED_EDGE('',*,*,#705,.T.);
#1913 = ORIENTED_EDGE('',*,*,#1914,.T.);
#1914 = EDGE_CURVE('',#678,#1915,#1917,.T.);
#1915 = VERTEX_POINT('',#1916);
#1916 = CARTESIAN_POINT('',(-57.41594738282,40.875902266898,113.5));
#1917 = SURFACE_CURVE('',#1918,(#1922,#1929),.PCURVE_S1.);
#1918 = LINE('',#1919,#1920);
#1919 = CARTESIAN_POINT('',(-61.08183505624,43.485742791884,113.5));
#1920 = VECTOR('',#1921,1.);
#1921 = DIRECTION('',(0.814641705205,-0.579964561108,0.));
#1922 = PCURVE('',#722,#1923);
#1923 = DEFINITIONAL_REPRESENTATION('',(#1924),#1928);
#1924 = LINE('',#1925,#1926);
#1925 = CARTESIAN_POINT('',(70.850599320141,24.539620534492));
#1926 = VECTOR('',#1927,1.);
#1927 = DIRECTION('',(-0.944926638039,-0.327282215717));
#1928 = ( GEOMETRIC_REPRESENTATION_CONTEXT(2) 
PARAMETRIC_REPRESENTATION_CONTEXT() REPRESENTATION_CONTEXT('2D SPACE',''
  ) );
#1929 = PCURVE('',#693,#1930);
#1930 = DEFINITIONAL_REPRESENTATION('',(#1931),#1935);
#1931 = LINE('',#1932,#1933);
#1932 = CARTESIAN_POINT('',(-0.798759671691,2.845938128099));
#1933 = VECTOR('',#1934,1.);
#1934 = DIRECTION('',(0.,-1.));
#1935 = ( GEOMETRIC_REPRESENTATION_CONTEXT(2) 
PARAMETRIC_REPRESENTATION_CONTEXT() REPRESENTATION_CONTEXT('2D SPACE',''
  ) );
#1936 = ORIENTED_EDGE('',*,*,#1937,.F.);
#1937 = EDGE_CURVE('',#1866,#1915,#1938,.T.);
#1938 = SURFACE_CURVE('',#1939,(#1944,#1951),.PCURVE_S1.);
#1939 = CIRCLE('',#1940,70.48);
#1940 = AXIS2_PLACEMENT_3D('',#1941,#1942,#1943);
#1941 = CARTESIAN_POINT('',(0.,0.,113.5));
#1942 = DIRECTION('',(0.,0.,1.));
#1943 = DIRECTION('',(-0.579964561108,0.814641705205,0.));
#1944 = PCURVE('',#722,#1945);
#1945 = DEFINITIONAL_REPRESENTATION('',(#1946),#1950);
#1946 = CIRCLE('',#1947,70.48);
#1947 = AXIS2_PLACEMENT_2D('',#1948,#1949);
#1948 = CARTESIAN_POINT('',(0.,0.));
#1949 = DIRECTION('',(1.,0.));
#1950 = ( GEOMETRIC_REPRESENTATION_CONTEXT(2) 
PARAMETRIC_REPRESENTATION_CONTEXT() REPRESENTATION_CONTEXT('2D SPACE',''
  ) );
#1951 = PCURVE('',#1243,#1952);
#1952 = DEFINITIONAL_REPRESENTATION('',(#1953),#1957);
#1953 = LINE('',#1954,#1955);
#1954 = CARTESIAN_POINT('',(-0.,1.570796326795));
#1955 = VECTOR('',#1956,1.);
#1956 = DIRECTION('',(-1.,0.));
#1957 = ( GEOMETRIC_REPRESENTATION_CONTEXT(2) 
PARAMETRIC_REPRESENTATION_CONTEXT() REPRESENTATION_CONTEXT('2D SPACE',''
  ) );
#1958 = ORIENTED_EDGE('',*,*,#1865,.F.);
#1959 = ADVANCED_FACE('',(#1960),#693,.F.);
#1960 = FACE_BOUND('',#1961,.F.);
#1961 = EDGE_LOOP('',(#1962,#1963,#1964,#1965));
#1962 = ORIENTED_EDGE('',*,*,#1255,.T.);
#1963 = ORIENTED_EDGE('',*,*,#677,.T.);
#1964 = ORIENTED_EDGE('',*,*,#1914,.T.);
#1965 = ORIENTED_EDGE('',*,*,#1966,.T.);
#1966 = EDGE_CURVE('',#1915,#1227,#1967,.T.);
#1967 = SURFACE_CURVE('',#1968,(#1973,#1980),.PCURVE_S1.);
#1968 = CIRCLE('',#1969,1.5);
#1969 = AXIS2_PLACEMENT_3D('',#1970,#1971,#1972);
#1970 = CARTESIAN_POINT('',(-57.41594738282,40.875902266898,115.));
#1971 = DIRECTION('',(-0.579964561108,-0.814641705205,1.577721810442E-30
    ));
#1972 = DIRECTION('',(1.543567322348E-14,-1.098905615716E-14,-1.));
#1973 = PCURVE('',#693,#1974);
#1974 = DEFINITIONAL_REPRESENTATION('',(#1975),#1979);
#1975 = CIRCLE('',#1976,1.5);
#1976 = AXIS2_PLACEMENT_2D('',#1977,#1978);
#1977 = CARTESIAN_POINT('',(0.701240328309,-1.654061871901));
#1978 = DIRECTION('',(-1.,-1.894780628694E-14));
#1979 = ( GEOMETRIC_REPRESENTATION_CONTEXT(2) 
PARAMETRIC_REPRESENTATION_CONTEXT() REPRESENTATION_CONTEXT('2D SPACE',''
  ) );
#1980 = PCURVE('',#1243,#1981);
#1981 = DEFINITIONAL_REPRESENTATION('',(#1982),#1986);
#1982 = LINE('',#1983,#1984);
#1983 = CARTESIAN_POINT('',(-0.333425951653,1.570796326795));
#1984 = VECTOR('',#1985,1.);
#1985 = DIRECTION('',(-0.,1.));
#1986 = ( GEOMETRIC_REPRESENTATION_CONTEXT(2) 
PARAMETRIC_REPRESENTATION_CONTEXT() REPRESENTATION_CONTEXT('2D SPACE',''
  ) );
#1987 = ADVANCED_FACE('',(#1988),#641,.T.);
#1988 = FACE_BOUND('',#1989,.T.);
#1989 = EDGE_LOOP('',(#1990,#1991,#1992,#2015));
#1990 = ORIENTED_EDGE('',*,*,#1277,.T.);
#1991 = ORIENTED_EDGE('',*,*,#625,.T.);
#1992 = ORIENTED_EDGE('',*,*,#1993,.T.);
#1993 = EDGE_CURVE('',#597,#1994,#1996,.T.);
#1994 = VERTEX_POINT('',#1995);
#1995 = CARTESIAN_POINT('',(-69.50283342268,11.695578062602,113.5));
#1996 = SURFACE_CURVE('',#1997,(#2001,#2008),.PCURVE_S1.);
#1997 = LINE('',#1998,#1999);
#1998 = CARTESIAN_POINT('',(-73.94044338866,12.442316162512,113.5));
#1999 = VECTOR('',#2000,1.);
#2000 = DIRECTION('',(0.986135547995,-0.16594179998,0.));
#2001 = PCURVE('',#641,#2002);
#2002 = DEFINITIONAL_REPRESENTATION('',(#2003),#2007);
#2003 = LINE('',#2004,#2005);
#2004 = CARTESIAN_POINT('',(-0.798759671691,2.845938128099));
#2005 = VECTOR('',#2006,1.);
#2006 = DIRECTION('',(0.,-1.));
#2007 = ( GEOMETRIC_REPRESENTATION_CONTEXT(2) 
PARAMETRIC_REPRESENTATION_CONTEXT() REPRESENTATION_CONTEXT('2D SPACE',''
  ) );
#2008 = PCURVE('',#613,#2009);
#2009 = DEFINITIONAL_REPRESENTATION('',(#2010),#2014);
#2010 = LINE('',#2011,#2012);
#2011 = CARTESIAN_POINT('',(74.98,0.));
#2012 = VECTOR('',#2013,1.);
#2013 = DIRECTION('',(-1.,0.));
#2014 = ( GEOMETRIC_REPRESENTATION_CONTEXT(2) 
PARAMETRIC_REPRESENTATION_CONTEXT() REPRESENTATION_CONTEXT('2D SPACE',''
  ) );
#2015 = ORIENTED_EDGE('',*,*,#2016,.T.);
#2016 = EDGE_CURVE('',#1994,#1278,#2017,.T.);
#2017 = SURFACE_CURVE('',#2018,(#2023,#2030),.PCURVE_S1.);
#2018 = CIRCLE('',#2019,1.5);
#2019 = AXIS2_PLACEMENT_3D('',#2020,#2021,#2022);
#2020 = CARTESIAN_POINT('',(-69.50283342268,11.695578062602,115.));
#2021 = DIRECTION('',(-0.16594179998,-0.986135547995,0.));
#2022 = DIRECTION('',(1.868510533607E-14,-3.14423308093E-15,-1.));
#2023 = PCURVE('',#641,#2024);
#2024 = DEFINITIONAL_REPRESENTATION('',(#2025),#2029);
#2025 = CIRCLE('',#2026,1.5);
#2026 = AXIS2_PLACEMENT_2D('',#2027,#2028);
#2027 = CARTESIAN_POINT('',(0.701240328309,-1.654061871901));
#2028 = DIRECTION('',(-1.,-1.894780628694E-14));
#2029 = ( GEOMETRIC_REPRESENTATION_CONTEXT(2) 
PARAMETRIC_REPRESENTATION_CONTEXT() REPRESENTATION_CONTEXT('2D SPACE',''
  ) );
#2030 = PCURVE('',#1317,#2031);
#2031 = DEFINITIONAL_REPRESENTATION('',(#2032),#2036);
#2032 = LINE('',#2033,#2034);
#2033 = CARTESIAN_POINT('',(-0.,1.570796326795));
#2034 = VECTOR('',#2035,1.);
#2035 = DIRECTION('',(-0.,1.));
#2036 = ( GEOMETRIC_REPRESENTATION_CONTEXT(2) 
PARAMETRIC_REPRESENTATION_CONTEXT() REPRESENTATION_CONTEXT('2D SPACE',''
  ) );
#2037 = ADVANCED_FACE('',(#2038),#613,.T.);
#2038 = FACE_BOUND('',#2039,.T.);
#2039 = EDGE_LOOP('',(#2040,#2041,#2064,#2086));
#2040 = ORIENTED_EDGE('',*,*,#596,.T.);
#2041 = ORIENTED_EDGE('',*,*,#2042,.T.);
#2042 = EDGE_CURVE('',#569,#2043,#2045,.T.);
#2043 = VERTEX_POINT('',#2044);
#2044 = CARTESIAN_POINT('',(-69.50283342268,-11.6955780626,113.5));
#2045 = SURFACE_CURVE('',#2046,(#2050,#2057),.PCURVE_S1.);
#2046 = LINE('',#2047,#2048);
#2047 = CARTESIAN_POINT('',(-73.94044338866,-12.44231616251,113.5));
#2048 = VECTOR('',#2049,1.);
#2049 = DIRECTION('',(0.986135547995,0.16594179998,0.));
#2050 = PCURVE('',#613,#2051);
#2051 = DEFINITIONAL_REPRESENTATION('',(#2052),#2056);
#2052 = LINE('',#2053,#2054);
#2053 = CARTESIAN_POINT('',(70.850599320141,24.539620534492));
#2054 = VECTOR('',#2055,1.);
#2055 = DIRECTION('',(-0.944926638039,-0.327282215717));
#2056 = ( GEOMETRIC_REPRESENTATION_CONTEXT(2) 
PARAMETRIC_REPRESENTATION_CONTEXT() REPRESENTATION_CONTEXT('2D SPACE',''
  ) );
#2057 = PCURVE('',#584,#2058);
#2058 = DEFINITIONAL_REPRESENTATION('',(#2059),#2063);
#2059 = LINE('',#2060,#2061);
#2060 = CARTESIAN_POINT('',(-0.798759671691,2.845938128099));
#2061 = VECTOR('',#2062,1.);
#2062 = DIRECTION('',(0.,-1.));
#2063 = ( GEOMETRIC_REPRESENTATION_CONTEXT(2) 
PARAMETRIC_REPRESENTATION_CONTEXT() REPRESENTATION_CONTEXT('2D SPACE',''
  ) );
#2064 = ORIENTED_EDGE('',*,*,#2065,.F.);
#2065 = EDGE_CURVE('',#1994,#2043,#2066,.T.);
#2066 = SURFACE_CURVE('',#2067,(#2072,#2079),.PCURVE_S1.);
#2067 = CIRCLE('',#2068,70.48);
#2068 = AXIS2_PLACEMENT_3D('',#2069,#2070,#2071);
#2069 = CARTESIAN_POINT('',(0.,0.,113.5));
#2070 = DIRECTION('',(0.,0.,1.));
#2071 = DIRECTION('',(-0.986135547995,0.16594179998,0.));
#2072 = PCURVE('',#613,#2073);
#2073 = DEFINITIONAL_REPRESENTATION('',(#2074),#2078);
#2074 = CIRCLE('',#2075,70.48);
#2075 = AXIS2_PLACEMENT_2D('',#2076,#2077);
#2076 = CARTESIAN_POINT('',(0.,0.));
#2077 = DIRECTION('',(1.,0.));
#2078 = ( GEOMETRIC_REPRESENTATION_CONTEXT(2) 
PARAMETRIC_REPRESENTATION_CONTEXT() REPRESENTATION_CONTEXT('2D SPACE',''
  ) );
#2079 = PCURVE('',#1317,#2080);
#2080 = DEFINITIONAL_REPRESENTATION('',(#2081),#2085);
#2081 = LINE('',#2082,#2083);
#2082 = CARTESIAN_POINT('',(-0.,1.570796326795));
#2083 = VECTOR('',#2084,1.);
#2084 = DIRECTION('',(-1.,0.));
#2085 = ( GEOMETRIC_REPRESENTATION_CONTEXT(2) 
PARAMETRIC_REPRESENTATION_CONTEXT() REPRESENTATION_CONTEXT('2D SPACE',''
  ) );
#2086 = ORIENTED_EDGE('',*,*,#1993,.F.);
#2087 = ADVANCED_FACE('',(#2088),#584,.F.);
#2088 = FACE_BOUND('',#2089,.F.);
#2089 = EDGE_LOOP('',(#2090,#2091,#2092,#2093));
#2090 = ORIENTED_EDGE('',*,*,#1329,.T.);
#2091 = ORIENTED_EDGE('',*,*,#568,.T.);
#2092 = ORIENTED_EDGE('',*,*,#2042,.T.);
#2093 = ORIENTED_EDGE('',*,*,#2094,.T.);
#2094 = EDGE_CURVE('',#2043,#1301,#2095,.T.);
#2095 = SURFACE_CURVE('',#2096,(#2101,#2108),.PCURVE_S1.);
#2096 = CIRCLE('',#2097,1.5);
#2097 = AXIS2_PLACEMENT_3D('',#2098,#2099,#2100);
#2098 = CARTESIAN_POINT('',(-69.50283342268,-11.6955780626,115.));
#2099 = DIRECTION('',(0.16594179998,-0.986135547995,7.88860905221E-31));
#2100 = DIRECTION('',(1.868510533607E-14,3.14423308093E-15,-1.));
#2101 = PCURVE('',#584,#2102);
#2102 = DEFINITIONAL_REPRESENTATION('',(#2103),#2107);
#2103 = CIRCLE('',#2104,1.5);
#2104 = AXIS2_PLACEMENT_2D('',#2105,#2106);
#2105 = CARTESIAN_POINT('',(0.701240328309,-1.654061871901));
#2106 = DIRECTION('',(-1.,-1.894780628694E-14));
#2107 = ( GEOMETRIC_REPRESENTATION_CONTEXT(2) 
PARAMETRIC_REPRESENTATION_CONTEXT() REPRESENTATION_CONTEXT('2D SPACE',''
  ) );
#2108 = PCURVE('',#1317,#2109);
#2109 = DEFINITIONAL_REPRESENTATION('',(#2110),#2114);
#2110 = LINE('',#2111,#2112);
#2111 = CARTESIAN_POINT('',(-0.333425951653,1.570796326795));
#2112 = VECTOR('',#2113,1.);
#2113 = DIRECTION('',(-0.,1.));
#2114 = ( GEOMETRIC_REPRESENTATION_CONTEXT(2) 
PARAMETRIC_REPRESENTATION_CONTEXT() REPRESENTATION_CONTEXT('2D SPACE',''
  ) );
#2115 = ADVANCED_FACE('',(#2116),#532,.T.);
#2116 = FACE_BOUND('',#2117,.T.);
#2117 = EDGE_LOOP('',(#2118,#2119,#2120,#2143));
#2118 = ORIENTED_EDGE('',*,*,#1351,.T.);
#2119 = ORIENTED_EDGE('',*,*,#516,.T.);
#2120 = ORIENTED_EDGE('',*,*,#2121,.T.);
#2121 = EDGE_CURVE('',#488,#2122,#2124,.T.);
#2122 = VERTEX_POINT('',#2123);
#2123 = CARTESIAN_POINT('',(-57.41594738282,-40.87590226689,113.5));
#2124 = SURFACE_CURVE('',#2125,(#2129,#2136),.PCURVE_S1.);
#2125 = LINE('',#2126,#2127);
#2126 = CARTESIAN_POINT('',(-61.08183505624,-43.48574279188,113.5));
#2127 = VECTOR('',#2128,1.);
#2128 = DIRECTION('',(0.814641705205,0.579964561108,0.));
#2129 = PCURVE('',#532,#2130);
#2130 = DEFINITIONAL_REPRESENTATION('',(#2131),#2135);
#2131 = LINE('',#2132,#2133);
#2132 = CARTESIAN_POINT('',(-0.798759671691,2.845938128099));
#2133 = VECTOR('',#2134,1.);
#2134 = DIRECTION('',(0.,-1.));
#2135 = ( GEOMETRIC_REPRESENTATION_CONTEXT(2) 
PARAMETRIC_REPRESENTATION_CONTEXT() REPRESENTATION_CONTEXT('2D SPACE',''
  ) );
#2136 = PCURVE('',#504,#2137);
#2137 = DEFINITIONAL_REPRESENTATION('',(#2138),#2142);
#2138 = LINE('',#2139,#2140);
#2139 = CARTESIAN_POINT('',(74.98,-7.105427357601E-15));
#2140 = VECTOR('',#2141,1.);
#2141 = DIRECTION('',(-1.,0.));
#2142 = ( GEOMETRIC_REPRESENTATION_CONTEXT(2) 
PARAMETRIC_REPRESENTATION_CONTEXT() REPRESENTATION_CONTEXT('2D SPACE',''
  ) );
#2143 = ORIENTED_EDGE('',*,*,#2144,.T.);
#2144 = EDGE_CURVE('',#2122,#1352,#2145,.T.);
#2145 = SURFACE_CURVE('',#2146,(#2151,#2158),.PCURVE_S1.);
#2146 = CIRCLE('',#2147,1.5);
#2147 = AXIS2_PLACEMENT_3D('',#2148,#2149,#2150);
#2148 = CARTESIAN_POINT('',(-57.41594738282,-40.87590226689,115.));
#2149 = DIRECTION('',(0.579964561108,-0.814641705205,0.));
#2150 = DIRECTION('',(1.543567322348E-14,1.098905615716E-14,-1.));
#2151 = PCURVE('',#532,#2152);
#2152 = DEFINITIONAL_REPRESENTATION('',(#2153),#2157);
#2153 = CIRCLE('',#2154,1.5);
#2154 = AXIS2_PLACEMENT_2D('',#2155,#2156);
#2155 = CARTESIAN_POINT('',(0.701240328309,-1.654061871901));
#2156 = DIRECTION('',(-1.,-1.894780628694E-14));
#2157 = ( GEOMETRIC_REPRESENTATION_CONTEXT(2) 
PARAMETRIC_REPRESENTATION_CONTEXT() REPRESENTATION_CONTEXT('2D SPACE',''
  ) );
#2158 = PCURVE('',#1391,#2159);
#2159 = DEFINITIONAL_REPRESENTATION('',(#2160),#2164);
#2160 = LINE('',#2161,#2162);
#2161 = CARTESIAN_POINT('',(-0.,1.570796326795));
#2162 = VECTOR('',#2163,1.);
#2163 = DIRECTION('',(-0.,1.));
#2164 = ( GEOMETRIC_REPRESENTATION_CONTEXT(2) 
PARAMETRIC_REPRESENTATION_CONTEXT() REPRESENTATION_CONTEXT('2D SPACE',''
  ) );
#2165 = ADVANCED_FACE('',(#2166),#504,.T.);
#2166 = FACE_BOUND('',#2167,.T.);
#2167 = EDGE_LOOP('',(#2168,#2169,#2192,#2214));
#2168 = ORIENTED_EDGE('',*,*,#487,.T.);
#2169 = ORIENTED_EDGE('',*,*,#2170,.T.);
#2170 = EDGE_CURVE('',#460,#2171,#2173,.T.);
#2171 = VERTEX_POINT('',#2172);
#2172 = CARTESIAN_POINT('',(-40.87590226689,-57.41594738282,113.5));
#2173 = SURFACE_CURVE('',#2174,(#2178,#2185),.PCURVE_S1.);
#2174 = LINE('',#2175,#2176);
#2175 = CARTESIAN_POINT('',(-43.48574279188,-61.08183505624,113.5));
#2176 = VECTOR('',#2177,1.);
#2177 = DIRECTION('',(0.579964561108,0.814641705205,0.));
#2178 = PCURVE('',#504,#2179);
#2179 = DEFINITIONAL_REPRESENTATION('',(#2180),#2184);
#2180 = LINE('',#2181,#2182);
#2181 = CARTESIAN_POINT('',(70.850599320141,24.539620534492));
#2182 = VECTOR('',#2183,1.);
#2183 = DIRECTION('',(-0.944926638039,-0.327282215717));
#2184 = ( GEOMETRIC_REPRESENTATION_CONTEXT(2) 
PARAMETRIC_REPRESENTATION_CONTEXT() REPRESENTATION_CONTEXT('2D SPACE',''
  ) );
#2185 = PCURVE('',#475,#2186);
#2186 = DEFINITIONAL_REPRESENTATION('',(#2187),#2191);
#2187 = LINE('',#2188,#2189);
#2188 = CARTESIAN_POINT('',(-0.798759671691,2.845938128099));
#2189 = VECTOR('',#2190,1.);
#2190 = DIRECTION('',(0.,-1.));
#2191 = ( GEOMETRIC_REPRESENTATION_CONTEXT(2) 
PARAMETRIC_REPRESENTATION_CONTEXT() REPRESENTATION_CONTEXT('2D SPACE',''
  ) );
#2192 = ORIENTED_EDGE('',*,*,#2193,.F.);
#2193 = EDGE_CURVE('',#2122,#2171,#2194,.T.);
#2194 = SURFACE_CURVE('',#2195,(#2200,#2207),.PCURVE_S1.);
#2195 = CIRCLE('',#2196,70.48);
#2196 = AXIS2_PLACEMENT_3D('',#2197,#2198,#2199);
#2197 = CARTESIAN_POINT('',(0.,0.,113.5));
#2198 = DIRECTION('',(0.,0.,1.));
#2199 = DIRECTION('',(-0.814641705205,-0.579964561108,0.));
#2200 = PCURVE('',#504,#2201);
#2201 = DEFINITIONAL_REPRESENTATION('',(#2202),#2206);
#2202 = CIRCLE('',#2203,70.48);
#2203 = AXIS2_PLACEMENT_2D('',#2204,#2205);
#2204 = CARTESIAN_POINT('',(0.,0.));
#2205 = DIRECTION('',(1.,0.));
#2206 = ( GEOMETRIC_REPRESENTATION_CONTEXT(2) 
PARAMETRIC_REPRESENTATION_CONTEXT() REPRESENTATION_CONTEXT('2D SPACE',''
  ) );
#2207 = PCURVE('',#1391,#2208);
#2208 = DEFINITIONAL_REPRESENTATION('',(#2209),#2213);
#2209 = LINE('',#2210,#2211);
#2210 = CARTESIAN_POINT('',(-0.,1.570796326795));
#2211 = VECTOR('',#2212,1.);
#2212 = DIRECTION('',(-1.,0.));
#2213 = ( GEOMETRIC_REPRESENTATION_CONTEXT(2) 
PARAMETRIC_REPRESENTATION_CONTEXT() REPRESENTATION_CONTEXT('2D SPACE',''
  ) );
#2214 = ORIENTED_EDGE('',*,*,#2121,.F.);
#2215 = ADVANCED_FACE('',(#2216),#475,.F.);
#2216 = FACE_BOUND('',#2217,.F.);
#2217 = EDGE_LOOP('',(#2218,#2219,#2220,#2221));
#2218 = ORIENTED_EDGE('',*,*,#1403,.T.);
#2219 = ORIENTED_EDGE('',*,*,#459,.T.);
#2220 = ORIENTED_EDGE('',*,*,#2170,.T.);
#2221 = ORIENTED_EDGE('',*,*,#2222,.T.);
#2222 = EDGE_CURVE('',#2171,#1375,#2223,.T.);
#2223 = SURFACE_CURVE('',#2224,(#2229,#2236),.PCURVE_S1.);
#2224 = CIRCLE('',#2225,1.5);
#2225 = AXIS2_PLACEMENT_3D('',#2226,#2227,#2228);
#2226 = CARTESIAN_POINT('',(-40.87590226689,-57.41594738282,115.));
#2227 = DIRECTION('',(0.814641705205,-0.579964561108,1.577721810442E-30)
  );
#2228 = DIRECTION('',(1.098905615716E-14,1.543567322348E-14,-1.));
#2229 = PCURVE('',#475,#2230);
#2230 = DEFINITIONAL_REPRESENTATION('',(#2231),#2235);
#2231 = CIRCLE('',#2232,1.5);
#2232 = AXIS2_PLACEMENT_2D('',#2233,#2234);
#2233 = CARTESIAN_POINT('',(0.701240328309,-1.654061871901));
#2234 = DIRECTION('',(-1.,-1.894780628694E-14));
#2235 = ( GEOMETRIC_REPRESENTATION_CONTEXT(2) 
PARAMETRIC_REPRESENTATION_CONTEXT() REPRESENTATION_CONTEXT('2D SPACE',''
  ) );
#2236 = PCURVE('',#1391,#2237);
#2237 = DEFINITIONAL_REPRESENTATION('',(#2238),#2242);
#2238 = LINE('',#2239,#2240);
#2239 = CARTESIAN_POINT('',(-0.333425951653,1.570796326795));
#2240 = VECTOR('',#2241,1.);
#2241 = DIRECTION('',(-0.,1.));
#2242 = ( GEOMETRIC_REPRESENTATION_CONTEXT(2) 
PARAMETRIC_REPRESENTATION_CONTEXT() REPRESENTATION_CONTEXT('2D SPACE',''
  ) );
#2243 = ADVANCED_FACE('',(#2244),#423,.T.);
#2244 = FACE_BOUND('',#2245,.T.);
#2245 = EDGE_LOOP('',(#2246,#2247,#2248,#2271));
#2246 = ORIENTED_EDGE('',*,*,#1425,.T.);
#2247 = ORIENTED_EDGE('',*,*,#407,.T.);
#2248 = ORIENTED_EDGE('',*,*,#2249,.T.);
#2249 = EDGE_CURVE('',#379,#2250,#2252,.T.);
#2250 = VERTEX_POINT('',#2251);
#2251 = CARTESIAN_POINT('',(-11.6955780626,-69.50283342268,113.5));
#2252 = SURFACE_CURVE('',#2253,(#2257,#2264),.PCURVE_S1.);
#2253 = LINE('',#2254,#2255);
#2254 = CARTESIAN_POINT('',(-12.44231616251,-73.94044338866,113.5));
#2255 = VECTOR('',#2256,1.);
#2256 = DIRECTION('',(0.16594179998,0.986135547995,0.));
#2257 = PCURVE('',#423,#2258);
#2258 = DEFINITIONAL_REPRESENTATION('',(#2259),#2263);
#2259 = LINE('',#2260,#2261);
#2260 = CARTESIAN_POINT('',(-0.798759671691,2.845938128099));
#2261 = VECTOR('',#2262,1.);
#2262 = DIRECTION('',(0.,-1.));
#2263 = ( GEOMETRIC_REPRESENTATION_CONTEXT(2) 
PARAMETRIC_REPRESENTATION_CONTEXT() REPRESENTATION_CONTEXT('2D SPACE',''
  ) );
#2264 = PCURVE('',#395,#2265);
#2265 = DEFINITIONAL_REPRESENTATION('',(#2266),#2270);
#2266 = LINE('',#2267,#2268);
#2267 = CARTESIAN_POINT('',(74.98,0.));
#2268 = VECTOR('',#2269,1.);
#2269 = DIRECTION('',(-1.,0.));
#2270 = ( GEOMETRIC_REPRESENTATION_CONTEXT(2) 
PARAMETRIC_REPRESENTATION_CONTEXT() REPRESENTATION_CONTEXT('2D SPACE',''
  ) );
#2271 = ORIENTED_EDGE('',*,*,#2272,.T.);
#2272 = EDGE_CURVE('',#2250,#1426,#2273,.T.);
#2273 = SURFACE_CURVE('',#2274,(#2279,#2286),.PCURVE_S1.);
#2274 = CIRCLE('',#2275,1.5);
#2275 = AXIS2_PLACEMENT_3D('',#2276,#2277,#2278);
#2276 = CARTESIAN_POINT('',(-11.6955780626,-69.50283342268,115.));
#2277 = DIRECTION('',(0.986135547995,-0.16594179998,3.944304526105E-31)
  );
#2278 = DIRECTION('',(3.14423308093E-15,1.868510533607E-14,-1.));
#2279 = PCURVE('',#423,#2280);
#2280 = DEFINITIONAL_REPRESENTATION('',(#2281),#2285);
#2281 = CIRCLE('',#2282,1.5);
#2282 = AXIS2_PLACEMENT_2D('',#2283,#2284);
#2283 = CARTESIAN_POINT('',(0.701240328309,-1.654061871901));
#2284 = DIRECTION('',(-1.,-1.894780628694E-14));
#2285 = ( GEOMETRIC_REPRESENTATION_CONTEXT(2) 
PARAMETRIC_REPRESENTATION_CONTEXT() REPRESENTATION_CONTEXT('2D SPACE',''
  ) );
#2286 = PCURVE('',#1465,#2287);
#2287 = DEFINITIONAL_REPRESENTATION('',(#2288),#2292);
#2288 = LINE('',#2289,#2290);
#2289 = CARTESIAN_POINT('',(-0.,1.570796326795));
#2290 = VECTOR('',#2291,1.);
#2291 = DIRECTION('',(-0.,1.));
#2292 = ( GEOMETRIC_REPRESENTATION_CONTEXT(2) 
PARAMETRIC_REPRESENTATION_CONTEXT() REPRESENTATION_CONTEXT('2D SPACE',''
  ) );
#2293 = ADVANCED_FACE('',(#2294),#395,.T.);
#2294 = FACE_BOUND('',#2295,.T.);
#2295 = EDGE_LOOP('',(#2296,#2297,#2320,#2342));
#2296 = ORIENTED_EDGE('',*,*,#378,.T.);
#2297 = ORIENTED_EDGE('',*,*,#2298,.T.);
#2298 = EDGE_CURVE('',#351,#2299,#2301,.T.);
#2299 = VERTEX_POINT('',#2300);
#2300 = CARTESIAN_POINT('',(11.695578062602,-69.50283342268,113.5));
#2301 = SURFACE_CURVE('',#2302,(#2306,#2313),.PCURVE_S1.);
#2302 = LINE('',#2303,#2304);
#2303 = CARTESIAN_POINT('',(12.442316162512,-73.94044338866,113.5));
#2304 = VECTOR('',#2305,1.);
#2305 = DIRECTION('',(-0.16594179998,0.986135547995,0.));
#2306 = PCURVE('',#395,#2307);
#2307 = DEFINITIONAL_REPRESENTATION('',(#2308),#2312);
#2308 = LINE('',#2309,#2310);
#2309 = CARTESIAN_POINT('',(70.850599320141,24.539620534492));
#2310 = VECTOR('',#2311,1.);
#2311 = DIRECTION('',(-0.944926638039,-0.327282215717));
#2312 = ( GEOMETRIC_REPRESENTATION_CONTEXT(2) 
PARAMETRIC_REPRESENTATION_CONTEXT() REPRESENTATION_CONTEXT('2D SPACE',''
  ) );
#2313 = PCURVE('',#366,#2314);
#2314 = DEFINITIONAL_REPRESENTATION('',(#2315),#2319);
#2315 = LINE('',#2316,#2317);
#2316 = CARTESIAN_POINT('',(-0.798759671691,2.845938128099));
#2317 = VECTOR('',#2318,1.);
#2318 = DIRECTION('',(0.,-1.));
#2319 = ( GEOMETRIC_REPRESENTATION_CONTEXT(2) 
PARAMETRIC_REPRESENTATION_CONTEXT() REPRESENTATION_CONTEXT('2D SPACE',''
  ) );
#2320 = ORIENTED_EDGE('',*,*,#2321,.F.);
#2321 = EDGE_CURVE('',#2250,#2299,#2322,.T.);
#2322 = SURFACE_CURVE('',#2323,(#2328,#2335),.PCURVE_S1.);
#2323 = CIRCLE('',#2324,70.48);
#2324 = AXIS2_PLACEMENT_3D('',#2325,#2326,#2327);
#2325 = CARTESIAN_POINT('',(0.,0.,113.5));
#2326 = DIRECTION('',(0.,0.,1.));
#2327 = DIRECTION('',(-0.16594179998,-0.986135547995,0.));
#2328 = PCURVE('',#395,#2329);
#2329 = DEFINITIONAL_REPRESENTATION('',(#2330),#2334);
#2330 = CIRCLE('',#2331,70.48);
#2331 = AXIS2_PLACEMENT_2D('',#2332,#2333);
#2332 = CARTESIAN_POINT('',(0.,0.));
#2333 = DIRECTION('',(1.,0.));
#2334 = ( GEOMETRIC_REPRESENTATION_CONTEXT(2) 
PARAMETRIC_REPRESENTATION_CONTEXT() REPRESENTATION_CONTEXT('2D SPACE',''
  ) );
#2335 = PCURVE('',#1465,#2336);
#2336 = DEFINITIONAL_REPRESENTATION('',(#2337),#2341);
#2337 = LINE('',#2338,#2339);
#2338 = CARTESIAN_POINT('',(-0.,1.570796326795));
#2339 = VECTOR('',#2340,1.);
#2340 = DIRECTION('',(-1.,0.));
#2341 = ( GEOMETRIC_REPRESENTATION_CONTEXT(2) 
PARAMETRIC_REPRESENTATION_CONTEXT() REPRESENTATION_CONTEXT('2D SPACE',''
  ) );
#2342 = ORIENTED_EDGE('',*,*,#2249,.F.);
#2343 = ADVANCED_FACE('',(#2344),#366,.F.);
#2344 = FACE_BOUND('',#2345,.F.);
#2345 = EDGE_LOOP('',(#2346,#2347,#2348,#2349));
#2346 = ORIENTED_EDGE('',*,*,#1477,.T.);
#2347 = ORIENTED_EDGE('',*,*,#350,.T.);
#2348 = ORIENTED_EDGE('',*,*,#2298,.T.);
#2349 = ORIENTED_EDGE('',*,*,#2350,.T.);
#2350 = EDGE_CURVE('',#2299,#1449,#2351,.T.);
#2351 = SURFACE_CURVE('',#2352,(#2357,#2364),.PCURVE_S1.);
#2352 = CIRCLE('',#2353,1.5);
#2353 = AXIS2_PLACEMENT_3D('',#2354,#2355,#2356);
#2354 = CARTESIAN_POINT('',(11.695578062602,-69.50283342268,115.));
#2355 = DIRECTION('',(0.986135547995,0.16594179998,3.944304526105E-31));
#2356 = DIRECTION('',(-3.14423308093E-15,1.868510533607E-14,-1.));
#2357 = PCURVE('',#366,#2358);
#2358 = DEFINITIONAL_REPRESENTATION('',(#2359),#2363);
#2359 = CIRCLE('',#2360,1.5);
#2360 = AXIS2_PLACEMENT_2D('',#2361,#2362);
#2361 = CARTESIAN_POINT('',(0.701240328309,-1.654061871901));
#2362 = DIRECTION('',(-1.,-1.894780628694E-14));
#2363 = ( GEOMETRIC_REPRESENTATION_CONTEXT(2) 
PARAMETRIC_REPRESENTATION_CONTEXT() REPRESENTATION_CONTEXT('2D SPACE',''
  ) );
#2364 = PCURVE('',#1465,#2365);
#2365 = DEFINITIONAL_REPRESENTATION('',(#2366),#2370);
#2366 = LINE('',#2367,#2368);
#2367 = CARTESIAN_POINT('',(-0.333425951653,1.570796326795));
#2368 = VECTOR('',#2369,1.);
#2369 = DIRECTION('',(-0.,1.));
#2370 = ( GEOMETRIC_REPRESENTATION_CONTEXT(2) 
PARAMETRIC_REPRESENTATION_CONTEXT() REPRESENTATION_CONTEXT('2D SPACE',''
  ) );
#2371 = ADVANCED_FACE('',(#2372),#314,.T.);
#2372 = FACE_BOUND('',#2373,.T.);
#2373 = EDGE_LOOP('',(#2374,#2375,#2376,#2399));
#2374 = ORIENTED_EDGE('',*,*,#1499,.T.);
#2375 = ORIENTED_EDGE('',*,*,#298,.T.);
#2376 = ORIENTED_EDGE('',*,*,#2377,.T.);
#2377 = EDGE_CURVE('',#270,#2378,#2380,.T.);
#2378 = VERTEX_POINT('',#2379);
#2379 = CARTESIAN_POINT('',(40.875902266898,-57.41594738282,113.5));
#2380 = SURFACE_CURVE('',#2381,(#2385,#2392),.PCURVE_S1.);
#2381 = LINE('',#2382,#2383);
#2382 = CARTESIAN_POINT('',(43.485742791884,-61.08183505624,113.5));
#2383 = VECTOR('',#2384,1.);
#2384 = DIRECTION('',(-0.579964561108,0.814641705205,0.));
#2385 = PCURVE('',#314,#2386);
#2386 = DEFINITIONAL_REPRESENTATION('',(#2387),#2391);
#2387 = LINE('',#2388,#2389);
#2388 = CARTESIAN_POINT('',(-0.798759671691,2.845938128099));
#2389 = VECTOR('',#2390,1.);
#2390 = DIRECTION('',(0.,-1.));
#2391 = ( GEOMETRIC_REPRESENTATION_CONTEXT(2) 
PARAMETRIC_REPRESENTATION_CONTEXT() REPRESENTATION_CONTEXT('2D SPACE',''
  ) );
#2392 = PCURVE('',#286,#2393);
#2393 = DEFINITIONAL_REPRESENTATION('',(#2394),#2398);
#2394 = LINE('',#2395,#2396);
#2395 = CARTESIAN_POINT('',(74.98,7.105427357601E-15));
#2396 = VECTOR('',#2397,1.);
#2397 = DIRECTION('',(-1.,0.));
#2398 = ( GEOMETRIC_REPRESENTATION_CONTEXT(2) 
PARAMETRIC_REPRESENTATION_CONTEXT() REPRESENTATION_CONTEXT('2D SPACE',''
  ) );
#2399 = ORIENTED_EDGE('',*,*,#2400,.T.);
#2400 = EDGE_CURVE('',#2378,#1500,#2401,.T.);
#2401 = SURFACE_CURVE('',#2402,(#2407,#2414),.PCURVE_S1.);
#2402 = CIRCLE('',#2403,1.5);
#2403 = AXIS2_PLACEMENT_3D('',#2404,#2405,#2406);
#2404 = CARTESIAN_POINT('',(40.875902266898,-57.41594738282,115.));
#2405 = DIRECTION('',(0.814641705205,0.579964561108,0.));
#2406 = DIRECTION('',(-1.098905615716E-14,1.543567322348E-14,-1.));
#2407 = PCURVE('',#314,#2408);
#2408 = DEFINITIONAL_REPRESENTATION('',(#2409),#2413);
#2409 = CIRCLE('',#2410,1.5);
#2410 = AXIS2_PLACEMENT_2D('',#2411,#2412);
#2411 = CARTESIAN_POINT('',(0.701240328309,-1.654061871901));
#2412 = DIRECTION('',(-1.,-1.894780628694E-14));
#2413 = ( GEOMETRIC_REPRESENTATION_CONTEXT(2) 
PARAMETRIC_REPRESENTATION_CONTEXT() REPRESENTATION_CONTEXT('2D SPACE',''
  ) );
#2414 = PCURVE('',#1539,#2415);
#2415 = DEFINITIONAL_REPRESENTATION('',(#2416),#2420);
#2416 = LINE('',#2417,#2418);
#2417 = CARTESIAN_POINT('',(-0.,1.570796326795));
#2418 = VECTOR('',#2419,1.);
#2419 = DIRECTION('',(-0.,1.));
#2420 = ( GEOMETRIC_REPRESENTATION_CONTEXT(2) 
PARAMETRIC_REPRESENTATION_CONTEXT() REPRESENTATION_CONTEXT('2D SPACE',''
  ) );
#2421 = ADVANCED_FACE('',(#2422),#286,.T.);
#2422 = FACE_BOUND('',#2423,.T.);
#2423 = EDGE_LOOP('',(#2424,#2425,#2448,#2470));
#2424 = ORIENTED_EDGE('',*,*,#269,.T.);
#2425 = ORIENTED_EDGE('',*,*,#2426,.T.);
#2426 = EDGE_CURVE('',#242,#2427,#2429,.T.);
#2427 = VERTEX_POINT('',#2428);
#2428 = CARTESIAN_POINT('',(57.415947382822,-40.87590226689,113.5));
#2429 = SURFACE_CURVE('',#2430,(#2434,#2441),.PCURVE_S1.);
#2430 = LINE('',#2431,#2432);
#2431 = CARTESIAN_POINT('',(61.081835056243,-43.48574279188,113.5));
#2432 = VECTOR('',#2433,1.);
#2433 = DIRECTION('',(-0.814641705205,0.579964561108,0.));
#2434 = PCURVE('',#286,#2435);
#2435 = DEFINITIONAL_REPRESENTATION('',(#2436),#2440);
#2436 = LINE('',#2437,#2438);
#2437 = CARTESIAN_POINT('',(70.850599320141,24.539620534492));
#2438 = VECTOR('',#2439,1.);
#2439 = DIRECTION('',(-0.944926638039,-0.327282215717));
#2440 = ( GEOMETRIC_REPRESENTATION_CONTEXT(2) 
PARAMETRIC_REPRESENTATION_CONTEXT() REPRESENTATION_CONTEXT('2D SPACE',''
  ) );
#2441 = PCURVE('',#257,#2442);
#2442 = DEFINITIONAL_REPRESENTATION('',(#2443),#2447);
#2443 = LINE('',#2444,#2445);
#2444 = CARTESIAN_POINT('',(-0.798759671691,2.845938128099));
#2445 = VECTOR('',#2446,1.);
#2446 = DIRECTION('',(0.,-1.));
#2447 = ( GEOMETRIC_REPRESENTATION_CONTEXT(2) 
PARAMETRIC_REPRESENTATION_CONTEXT() REPRESENTATION_CONTEXT('2D SPACE',''
  ) );
#2448 = ORIENTED_EDGE('',*,*,#2449,.F.);
#2449 = EDGE_CURVE('',#2378,#2427,#2450,.T.);
#2450 = SURFACE_CURVE('',#2451,(#2456,#2463),.PCURVE_S1.);
#2451 = CIRCLE('',#2452,70.48);
#2452 = AXIS2_PLACEMENT_3D('',#2453,#2454,#2455);
#2453 = CARTESIAN_POINT('',(0.,0.,113.5));
#2454 = DIRECTION('',(-0.,0.,1.));
#2455 = DIRECTION('',(0.579964561108,-0.814641705205,0.));
#2456 = PCURVE('',#286,#2457);
#2457 = DEFINITIONAL_REPRESENTATION('',(#2458),#2462);
#2458 = CIRCLE('',#2459,70.48);
#2459 = AXIS2_PLACEMENT_2D('',#2460,#2461);
#2460 = CARTESIAN_POINT('',(0.,0.));
#2461 = DIRECTION('',(1.,0.));
#2462 = ( GEOMETRIC_REPRESENTATION_CONTEXT(2) 
PARAMETRIC_REPRESENTATION_CONTEXT() REPRESENTATION_CONTEXT('2D SPACE',''
  ) );
#2463 = PCURVE('',#1539,#2464);
#2464 = DEFINITIONAL_REPRESENTATION('',(#2465),#2469);
#2465 = LINE('',#2466,#2467);
#2466 = CARTESIAN_POINT('',(-0.,1.570796326795));
#2467 = VECTOR('',#2468,1.);
#2468 = DIRECTION('',(-1.,0.));
#2469 = ( GEOMETRIC_REPRESENTATION_CONTEXT(2) 
PARAMETRIC_REPRESENTATION_CONTEXT() REPRESENTATION_CONTEXT('2D SPACE',''
  ) );
#2470 = ORIENTED_EDGE('',*,*,#2377,.F.);
#2471 = ADVANCED_FACE('',(#2472),#257,.F.);
#2472 = FACE_BOUND('',#2473,.F.);
#2473 = EDGE_LOOP('',(#2474,#2475,#2476,#2477));
#2474 = ORIENTED_EDGE('',*,*,#1551,.T.);
#2475 = ORIENTED_EDGE('',*,*,#241,.T.);
#2476 = ORIENTED_EDGE('',*,*,#2426,.T.);
#2477 = ORIENTED_EDGE('',*,*,#2478,.T.);
#2478 = EDGE_CURVE('',#2427,#1523,#2479,.T.);
#2479 = SURFACE_CURVE('',#2480,(#2485,#2492),.PCURVE_S1.);
#2480 = CIRCLE('',#2481,1.5);
#2481 = AXIS2_PLACEMENT_3D('',#2482,#2483,#2484);
#2482 = CARTESIAN_POINT('',(57.415947382822,-40.87590226689,115.));
#2483 = DIRECTION('',(0.579964561108,0.814641705205,1.577721810442E-30)
  );
#2484 = DIRECTION('',(-1.543567322348E-14,1.098905615716E-14,-1.));
#2485 = PCURVE('',#257,#2486);
#2486 = DEFINITIONAL_REPRESENTATION('',(#2487),#2491);
#2487 = CIRCLE('',#2488,1.5);
#2488 = AXIS2_PLACEMENT_2D('',#2489,#2490);
#2489 = CARTESIAN_POINT('',(0.701240328309,-1.654061871901));
#2490 = DIRECTION('',(-1.,-1.894780628694E-14));
#2491 = ( GEOMETRIC_REPRESENTATION_CONTEXT(2) 
PARAMETRIC_REPRESENTATION_CONTEXT() REPRESENTATION_CONTEXT('2D SPACE',''
  ) );
#2492 = PCURVE('',#1539,#2493);
#2493 = DEFINITIONAL_REPRESENTATION('',(#2494),#2498);
#2494 = LINE('',#2495,#2496);
#2495 = CARTESIAN_POINT('',(-0.333425951653,1.570796326795));
#2496 = VECTOR('',#2497,1.);
#2497 = DIRECTION('',(-0.,1.));
#2498 = ( GEOMETRIC_REPRESENTATION_CONTEXT(2) 
PARAMETRIC_REPRESENTATION_CONTEXT() REPRESENTATION_CONTEXT('2D SPACE',''
  ) );
#2499 = ADVANCED_FACE('',(#2500),#205,.T.);
#2500 = FACE_BOUND('',#2501,.T.);
#2501 = EDGE_LOOP('',(#2502,#2503,#2504,#2527));
#2502 = ORIENTED_EDGE('',*,*,#981,.T.);
#2503 = ORIENTED_EDGE('',*,*,#189,.T.);
#2504 = ORIENTED_EDGE('',*,*,#2505,.T.);
#2505 = EDGE_CURVE('',#166,#2506,#2508,.T.);
#2506 = VERTEX_POINT('',#2507);
#2507 = CARTESIAN_POINT('',(69.502833422686,-11.6955780626,113.5));
#2508 = SURFACE_CURVE('',#2509,(#2513,#2520),.PCURVE_S1.);
#2509 = LINE('',#2510,#2511);
#2510 = CARTESIAN_POINT('',(73.940443388663,-12.44231616251,113.5));
#2511 = VECTOR('',#2512,1.);
#2512 = DIRECTION('',(-0.986135547995,0.16594179998,0.));
#2513 = PCURVE('',#205,#2514);
#2514 = DEFINITIONAL_REPRESENTATION('',(#2515),#2519);
#2515 = LINE('',#2516,#2517);
#2516 = CARTESIAN_POINT('',(-0.798759671691,2.845938128099));
#2517 = VECTOR('',#2518,1.);
#2518 = DIRECTION('',(0.,-1.));
#2519 = ( GEOMETRIC_REPRESENTATION_CONTEXT(2) 
PARAMETRIC_REPRESENTATION_CONTEXT() REPRESENTATION_CONTEXT('2D SPACE',''
  ) );
#2520 = PCURVE('',#102,#2521);
#2521 = DEFINITIONAL_REPRESENTATION('',(#2522),#2526);
#2522 = LINE('',#2523,#2524);
#2523 = CARTESIAN_POINT('',(74.98,0.));
#2524 = VECTOR('',#2525,1.);
#2525 = DIRECTION('',(-1.,0.));
#2526 = ( GEOMETRIC_REPRESENTATION_CONTEXT(2) 
PARAMETRIC_REPRESENTATION_CONTEXT() REPRESENTATION_CONTEXT('2D SPACE',''
  ) );
#2527 = ORIENTED_EDGE('',*,*,#2528,.T.);
#2528 = EDGE_CURVE('',#2506,#982,#2529,.T.);
#2529 = SURFACE_CURVE('',#2530,(#2535,#2542),.PCURVE_S1.);
#2530 = CIRCLE('',#2531,1.5);
#2531 = AXIS2_PLACEMENT_3D('',#2532,#2533,#2534);
#2532 = CARTESIAN_POINT('',(69.502833422686,-11.6955780626,115.));
#2533 = DIRECTION('',(0.16594179998,0.986135547995,3.944304526105E-31));
#2534 = DIRECTION('',(-1.868510533607E-14,3.14423308093E-15,-1.));
#2535 = PCURVE('',#205,#2536);
#2536 = DEFINITIONAL_REPRESENTATION('',(#2537),#2541);
#2537 = CIRCLE('',#2538,1.5);
#2538 = AXIS2_PLACEMENT_2D('',#2539,#2540);
#2539 = CARTESIAN_POINT('',(0.701240328309,-1.654061871901));
#2540 = DIRECTION('',(-1.,-1.894780628694E-14));
#2541 = ( GEOMETRIC_REPRESENTATION_CONTEXT(2) 
PARAMETRIC_REPRESENTATION_CONTEXT() REPRESENTATION_CONTEXT('2D SPACE',''
  ) );
#2542 = PCURVE('',#1021,#2543);
#2543 = DEFINITIONAL_REPRESENTATION('',(#2544),#2548);
#2544 = LINE('',#2545,#2546);
#2545 = CARTESIAN_POINT('',(-0.,1.570796326795));
#2546 = VECTOR('',#2547,1.);
#2547 = DIRECTION('',(-0.,1.));
#2548 = ( GEOMETRIC_REPRESENTATION_CONTEXT(2) 
PARAMETRIC_REPRESENTATION_CONTEXT() REPRESENTATION_CONTEXT('2D SPACE',''
  ) );
#2549 = ADVANCED_FACE('',(#2550),#102,.T.);
#2550 = FACE_BOUND('',#2551,.T.);
#2551 = EDGE_LOOP('',(#2552,#2553,#2554,#2577,#2599));
#2552 = ORIENTED_EDGE('',*,*,#165,.T.);
#2553 = ORIENTED_EDGE('',*,*,#85,.T.);
#2554 = ORIENTED_EDGE('',*,*,#2555,.T.);
#2555 = EDGE_CURVE('',#58,#2556,#2558,.T.);
#2556 = VERTEX_POINT('',#2557);
#2557 = CARTESIAN_POINT('',(69.502833422686,11.695578062602,113.5));
#2558 = SURFACE_CURVE('',#2559,(#2563,#2570),.PCURVE_S1.);
#2559 = LINE('',#2560,#2561);
#2560 = CARTESIAN_POINT('',(73.940443388663,12.442316162512,113.5));
#2561 = VECTOR('',#2562,1.);
#2562 = DIRECTION('',(-0.986135547995,-0.16594179998,0.));
#2563 = PCURVE('',#102,#2564);
#2564 = DEFINITIONAL_REPRESENTATION('',(#2565),#2569);
#2565 = LINE('',#2566,#2567);
#2566 = CARTESIAN_POINT('',(70.850599320141,24.539620534492));
#2567 = VECTOR('',#2568,1.);
#2568 = DIRECTION('',(-0.944926638039,-0.327282215717));
#2569 = ( GEOMETRIC_REPRESENTATION_CONTEXT(2) 
PARAMETRIC_REPRESENTATION_CONTEXT() REPRESENTATION_CONTEXT('2D SPACE',''
  ) );
#2570 = PCURVE('',#73,#2571);
#2571 = DEFINITIONAL_REPRESENTATION('',(#2572),#2576);
#2572 = LINE('',#2573,#2574);
#2573 = CARTESIAN_POINT('',(-0.798759671691,2.845938128099));
#2574 = VECTOR('',#2575,1.);
#2575 = DIRECTION('',(0.,-1.));
#2576 = ( GEOMETRIC_REPRESENTATION_CONTEXT(2) 
PARAMETRIC_REPRESENTATION_CONTEXT() REPRESENTATION_CONTEXT('2D SPACE',''
  ) );
#2577 = ORIENTED_EDGE('',*,*,#2578,.F.);
#2578 = EDGE_CURVE('',#2506,#2556,#2579,.T.);
#2579 = SURFACE_CURVE('',#2580,(#2585,#2592),.PCURVE_S1.);
#2580 = CIRCLE('',#2581,70.48);
#2581 = AXIS2_PLACEMENT_3D('',#2582,#2583,#2584);
#2582 = CARTESIAN_POINT('',(0.,0.,113.5));
#2583 = DIRECTION('',(-0.,0.,1.));
#2584 = DIRECTION('',(0.986135547995,-0.16594179998,0.));
#2585 = PCURVE('',#102,#2586);
#2586 = DEFINITIONAL_REPRESENTATION('',(#2587),#2591);
#2587 = CIRCLE('',#2588,70.48);
#2588 = AXIS2_PLACEMENT_2D('',#2589,#2590);
#2589 = CARTESIAN_POINT('',(0.,0.));
#2590 = DIRECTION('',(1.,0.));
#2591 = ( GEOMETRIC_REPRESENTATION_CONTEXT(2) 
PARAMETRIC_REPRESENTATION_CONTEXT() REPRESENTATION_CONTEXT('2D SPACE',''
  ) );
#2592 = PCURVE('',#1021,#2593);
#2593 = DEFINITIONAL_REPRESENTATION('',(#2594),#2598);
#2594 = LINE('',#2595,#2596);
#2595 = CARTESIAN_POINT('',(-0.,1.570796326795));
#2596 = VECTOR('',#2597,1.);
#2597 = DIRECTION('',(-1.,0.));
#2598 = ( GEOMETRIC_REPRESENTATION_CONTEXT(2) 
PARAMETRIC_REPRESENTATION_CONTEXT() REPRESENTATION_CONTEXT('2D SPACE',''
  ) );
#2599 = ORIENTED_EDGE('',*,*,#2505,.F.);
#2600 = ADVANCED_FACE('',(#2601,#2604),#152,.F.);
#2601 = FACE_BOUND('',#2602,.F.);
#2602 = EDGE_LOOP('',(#2603));
#2603 = ORIENTED_EDGE('',*,*,#137,.T.);
#2604 = FACE_BOUND('',#2605,.F.);
#2605 = EDGE_LOOP('',(#2606));
#2606 = ORIENTED_EDGE('',*,*,#2607,.F.);
#2607 = EDGE_CURVE('',#2608,#2608,#2610,.T.);
#2608 = VERTEX_POINT('',#2609);
#2609 = CARTESIAN_POINT('',(20.,-4.898587196589E-15,100.));
#2610 = SURFACE_CURVE('',#2611,(#2616,#2623),.PCURVE_S1.);
#2611 = CIRCLE('',#2612,20.);
#2612 = AXIS2_PLACEMENT_3D('',#2613,#2614,#2615);
#2613 = CARTESIAN_POINT('',(0.,0.,100.));
#2614 = DIRECTION('',(0.,0.,1.));
#2615 = DIRECTION('',(1.,0.,-0.));
#2616 = PCURVE('',#152,#2617);
#2617 = DEFINITIONAL_REPRESENTATION('',(#2618),#2622);
#2618 = CIRCLE('',#2619,20.);
#2619 = AXIS2_PLACEMENT_2D('',#2620,#2621);
#2620 = CARTESIAN_POINT('',(0.,0.));
#2621 = DIRECTION('',(1.,0.));
#2622 = ( GEOMETRIC_REPRESENTATION_CONTEXT(2) 
PARAMETRIC_REPRESENTATION_CONTEXT() REPRESENTATION_CONTEXT('2D SPACE',''
  ) );
#2623 = PCURVE('',#1592,#2624);
#2624 = DEFINITIONAL_REPRESENTATION('',(#2625),#2629);
#2625 = LINE('',#2626,#2627);
#2626 = CARTESIAN_POINT('',(0.,0.));
#2627 = VECTOR('',#2628,1.);
#2628 = DIRECTION('',(1.,0.));
#2629 = ( GEOMETRIC_REPRESENTATION_CONTEXT(2) 
PARAMETRIC_REPRESENTATION_CONTEXT() REPRESENTATION_CONTEXT('2D SPACE',''
  ) );
#2630 = ADVANCED_FACE('',(#2631),#73,.F.);
#2631 = FACE_BOUND('',#2632,.F.);
#2632 = EDGE_LOOP('',(#2633,#2634,#2635,#2636));
#2633 = ORIENTED_EDGE('',*,*,#1033,.T.);
#2634 = ORIENTED_EDGE('',*,*,#57,.T.);
#2635 = ORIENTED_EDGE('',*,*,#2555,.T.);
#2636 = ORIENTED_EDGE('',*,*,#2637,.T.);
#2637 = EDGE_CURVE('',#2556,#1005,#2638,.T.);
#2638 = SURFACE_CURVE('',#2639,(#2644,#2651),.PCURVE_S1.);
#2639 = CIRCLE('',#2640,1.5);
#2640 = AXIS2_PLACEMENT_3D('',#2641,#2642,#2643);
#2641 = CARTESIAN_POINT('',(69.502833422686,11.695578062602,115.));
#2642 = DIRECTION('',(-0.16594179998,0.986135547995,3.944304526105E-31)
  );
#2643 = DIRECTION('',(-1.868510533607E-14,-3.14423308093E-15,-1.));
#2644 = PCURVE('',#73,#2645);
#2645 = DEFINITIONAL_REPRESENTATION('',(#2646),#2650);
#2646 = CIRCLE('',#2647,1.5);
#2647 = AXIS2_PLACEMENT_2D('',#2648,#2649);
#2648 = CARTESIAN_POINT('',(0.701240328309,-1.654061871901));
#2649 = DIRECTION('',(-1.,-1.894780628694E-14));
#2650 = ( GEOMETRIC_REPRESENTATION_CONTEXT(2) 
PARAMETRIC_REPRESENTATION_CONTEXT() REPRESENTATION_CONTEXT('2D SPACE',''
  ) );
#2651 = PCURVE('',#1021,#2652);
#2652 = DEFINITIONAL_REPRESENTATION('',(#2653),#2657);
#2653 = LINE('',#2654,#2655);
#2654 = CARTESIAN_POINT('',(-0.333425951653,1.570796326795));
#2655 = VECTOR('',#2656,1.);
#2656 = DIRECTION('',(-0.,1.));
#2657 = ( GEOMETRIC_REPRESENTATION_CONTEXT(2) 
PARAMETRIC_REPRESENTATION_CONTEXT() REPRESENTATION_CONTEXT('2D SPACE',''
  ) );
#2658 = ADVANCED_FACE('',(#2659),#1539,.F.);
#2659 = FACE_BOUND('',#2660,.T.);
#2660 = EDGE_LOOP('',(#2661,#2662,#2663,#2664));
#2661 = ORIENTED_EDGE('',*,*,#2449,.T.);
#2662 = ORIENTED_EDGE('',*,*,#2478,.T.);
#2663 = ORIENTED_EDGE('',*,*,#1522,.F.);
#2664 = ORIENTED_EDGE('',*,*,#2400,.F.);
#2665 = ADVANCED_FACE('',(#2666),#1465,.F.);
#2666 = FACE_BOUND('',#2667,.T.);
#2667 = EDGE_LOOP('',(#2668,#2669,#2670,#2671));
#2668 = ORIENTED_EDGE('',*,*,#2321,.T.);
#2669 = ORIENTED_EDGE('',*,*,#2350,.T.);
#2670 = ORIENTED_EDGE('',*,*,#1448,.F.);
#2671 = ORIENTED_EDGE('',*,*,#2272,.F.);
#2672 = ADVANCED_FACE('',(#2673),#1391,.F.);
#2673 = FACE_BOUND('',#2674,.T.);
#2674 = EDGE_LOOP('',(#2675,#2676,#2677,#2678));
#2675 = ORIENTED_EDGE('',*,*,#2193,.T.);
#2676 = ORIENTED_EDGE('',*,*,#2222,.T.);
#2677 = ORIENTED_EDGE('',*,*,#1374,.F.);
#2678 = ORIENTED_EDGE('',*,*,#2144,.F.);
#2679 = ADVANCED_FACE('',(#2680),#1317,.F.);
#2680 = FACE_BOUND('',#2681,.T.);
#2681 = EDGE_LOOP('',(#2682,#2683,#2684,#2685));
#2682 = ORIENTED_EDGE('',*,*,#2065,.T.);
#2683 = ORIENTED_EDGE('',*,*,#2094,.T.);
#2684 = ORIENTED_EDGE('',*,*,#1300,.F.);
#2685 = ORIENTED_EDGE('',*,*,#2016,.F.);
#2686 = ADVANCED_FACE('',(#2687),#1243,.F.);
#2687 = FACE_BOUND('',#2688,.T.);
#2688 = EDGE_LOOP('',(#2689,#2690,#2691,#2692));
#2689 = ORIENTED_EDGE('',*,*,#1937,.T.);
#2690 = ORIENTED_EDGE('',*,*,#1966,.T.);
#2691 = ORIENTED_EDGE('',*,*,#1226,.F.);
#2692 = ORIENTED_EDGE('',*,*,#1888,.F.);
#2693 = ADVANCED_FACE('',(#2694),#1169,.F.);
#2694 = FACE_BOUND('',#2695,.T.);
#2695 = EDGE_LOOP('',(#2696,#2697,#2698,#2699));
#2696 = ORIENTED_EDGE('',*,*,#1809,.T.);
#2697 = ORIENTED_EDGE('',*,*,#1838,.T.);
#2698 = ORIENTED_EDGE('',*,*,#1152,.F.);
#2699 = ORIENTED_EDGE('',*,*,#1760,.F.);
#2700 = ADVANCED_FACE('',(#2701),#1095,.F.);
#2701 = FACE_BOUND('',#2702,.T.);
#2702 = EDGE_LOOP('',(#2703,#2704,#2705,#2706));
#2703 = ORIENTED_EDGE('',*,*,#1681,.T.);
#2704 = ORIENTED_EDGE('',*,*,#1710,.T.);
#2705 = ORIENTED_EDGE('',*,*,#1078,.F.);
#2706 = ORIENTED_EDGE('',*,*,#1632,.F.);
#2707 = ADVANCED_FACE('',(#2708),#1021,.F.);
#2708 = FACE_BOUND('',#2709,.T.);
#2709 = EDGE_LOOP('',(#2710,#2711,#2712,#2713));
#2710 = ORIENTED_EDGE('',*,*,#2578,.T.);
#2711 = ORIENTED_EDGE('',*,*,#2637,.T.);
#2712 = ORIENTED_EDGE('',*,*,#1004,.F.);
#2713 = ORIENTED_EDGE('',*,*,#2528,.F.);
#2714 = ADVANCED_FACE('',(#2715),#1592,.F.);
#2715 = FACE_BOUND('',#2716,.F.);
#2716 = EDGE_LOOP('',(#2717,#2718,#2739,#2740));
#2717 = ORIENTED_EDGE('',*,*,#1575,.F.);
#2718 = ORIENTED_EDGE('',*,*,#2719,.F.);
#2719 = EDGE_CURVE('',#2608,#1576,#2720,.T.);
#2720 = SEAM_CURVE('',#2721,(#2725,#2732),.PCURVE_S1.);
#2721 = LINE('',#2722,#2723);
#2722 = CARTESIAN_POINT('',(20.,-4.898587196589E-15,100.));
#2723 = VECTOR('',#2724,1.);
#2724 = DIRECTION('',(0.,0.,1.));
#2725 = PCURVE('',#1592,#2726);
#2726 = DEFINITIONAL_REPRESENTATION('',(#2727),#2731);
#2727 = LINE('',#2728,#2729);
#2728 = CARTESIAN_POINT('',(6.28318530718,-0.));
#2729 = VECTOR('',#2730,1.);
#2730 = DIRECTION('',(0.,1.));
#2731 = ( GEOMETRIC_REPRESENTATION_CONTEXT(2) 
PARAMETRIC_REPRESENTATION_CONTEXT() REPRESENTATION_CONTEXT('2D SPACE',''
  ) );
#2732 = PCURVE('',#1592,#2733);
#2733 = DEFINITIONAL_REPRESENTATION('',(#2734),#2738);
#2734 = LINE('',#2735,#2736);
#2735 = CARTESIAN_POINT('',(0.,-0.));
#2736 = VECTOR('',#2737,1.);
#2737 = DIRECTION('',(0.,1.));
#2738 = ( GEOMETRIC_REPRESENTATION_CONTEXT(2) 
PARAMETRIC_REPRESENTATION_CONTEXT() REPRESENTATION_CONTEXT('2D SPACE',''
  ) );
#2739 = ORIENTED_EDGE('',*,*,#2607,.T.);
#2740 = ORIENTED_EDGE('',*,*,#2719,.T.);
#2741 = ( GEOMETRIC_REPRESENTATION_CONTEXT(3) 
GLOBAL_UNCERTAINTY_ASSIGNED_CONTEXT((#2745)) 
GLOBAL_UNIT_ASSIGNED_CONTEXT((#2742,#2743,#2744)) REPRESENTATION_CONTEXT
('Context #1','3D Context with UNIT and UNCERTAINTY') );
#2742 = ( LENGTH_UNIT() NAMED_UNIT(*) SI_UNIT(.MILLI.,.METRE.) );
#2743 = ( NAMED_UNIT(*) PLANE_ANGLE_UNIT() SI_UNIT($,.RADIAN.) );
#2744 = ( NAMED_UNIT(*) SI_UNIT($,.STERADIAN.) SOLID_ANGLE_UNIT() );
#2745 = UNCERTAINTY_MEASURE_WITH_UNIT(LENGTH_MEASURE(1.E-07),#2742,
  'distance_accuracy_value','confusion accuracy');
#2746 = PRODUCT_RELATED_PRODUCT_CATEGORY('part',$,(#7));
#2747 = SHAPE_DEFINITION_REPRESENTATION(#2748,#2754);
#2748 = PRODUCT_DEFINITION_SHAPE('','',#2749);
#2749 = PRODUCT_DEFINITION('design','',#2750,#2753);
#2750 = PRODUCT_DEFINITION_FORMATION('','',#2751);
#2751 = PRODUCT('Open CASCADE STEP translator 7.8 5',
  'Open CASCADE STEP translator 7.8 5','',(#2752));
#2752 = PRODUCT_CONTEXT('',#2,'mechanical');
#2753 = PRODUCT_DEFINITION_CONTEXT('part definition',#2,'design');
#2754 = ADVANCED_BREP_SHAPE_REPRESENTATION('',(#11,#2755),#3409);
#2755 = MANIFOLD_SOLID_BREP('',#2756);
#2756 = CLOSED_SHELL('',(#2757,#2988,#3065,#3189,#3239,#3290,#3317,#3367
    ,#3395,#3402));
#2757 = ADVANCED_FACE('',(#2758),#2772,.T.);
#2758 = FACE_BOUND('',#2759,.F.);
#2759 = EDGE_LOOP('',(#2760,#2795,#2824,#2852,#2881,#2909,#2938,#2966));
#2760 = ORIENTED_EDGE('',*,*,#2761,.F.);
#2761 = EDGE_CURVE('',#2762,#2764,#2766,.T.);
#2762 = VERTEX_POINT('',#2763);
#2763 = CARTESIAN_POINT('',(68.023630100693,-11.44666536263,115.));
#2764 = VERTEX_POINT('',#2765);
#2765 = CARTESIAN_POINT('',(73.940443388663,-12.44231616251,115.));
#2766 = SURFACE_CURVE('',#2767,(#2771,#2783),.PCURVE_S1.);
#2767 = LINE('',#2768,#2769);
#2768 = CARTESIAN_POINT('',(68.023630100693,-11.44666536263,115.));
#2769 = VECTOR('',#2770,1.);
#2770 = DIRECTION('',(0.986135547995,-0.16594179998,0.));
#2771 = PCURVE('',#2772,#2777);
#2772 = PLANE('',#2773);
#2773 = AXIS2_PLACEMENT_3D('',#2774,#2775,#2776);
#2774 = CARTESIAN_POINT('',(0.,0.,115.));
#2775 = DIRECTION('',(0.,0.,1.));
#2776 = DIRECTION('',(0.986135547995,-0.16594179998,-0.));
#2777 = DEFINITIONAL_REPRESENTATION('',(#2778),#2782);
#2778 = LINE('',#2779,#2780);
#2779 = CARTESIAN_POINT('',(68.98,-0.));
#2780 = VECTOR('',#2781,1.);
#2781 = DIRECTION('',(1.,-0.));
#2782 = ( GEOMETRIC_REPRESENTATION_CONTEXT(2) 
PARAMETRIC_REPRESENTATION_CONTEXT() REPRESENTATION_CONTEXT('2D SPACE',''
  ) );
#2783 = PCURVE('',#2784,#2789);
#2784 = PLANE('',#2785);
#2785 = AXIS2_PLACEMENT_3D('',#2786,#2787,#2788);
#2786 = CARTESIAN_POINT('',(71.133962633151,-11.9700560669,
    114.29875967169));
#2787 = DIRECTION('',(0.16594179998,0.986135547995,0.));
#2788 = DIRECTION('',(0.,0.,1.));
#2789 = DEFINITIONAL_REPRESENTATION('',(#2790),#2794);
#2790 = LINE('',#2791,#2792);
#2791 = CARTESIAN_POINT('',(0.701240328309,-3.154061871901));
#2792 = VECTOR('',#2793,1.);
#2793 = DIRECTION('',(0.,1.));
#2794 = ( GEOMETRIC_REPRESENTATION_CONTEXT(2) 
PARAMETRIC_REPRESENTATION_CONTEXT() REPRESENTATION_CONTEXT('2D SPACE',''
  ) );
#2795 = ORIENTED_EDGE('',*,*,#2796,.T.);
#2796 = EDGE_CURVE('',#2762,#2797,#2799,.T.);
#2797 = VERTEX_POINT('',#2798);
#2798 = CARTESIAN_POINT('',(68.023630100693,11.446665362631,115.));
#2799 = SURFACE_CURVE('',#2800,(#2805,#2812),.PCURVE_S1.);
#2800 = CIRCLE('',#2801,68.98);
#2801 = AXIS2_PLACEMENT_3D('',#2802,#2803,#2804);
#2802 = CARTESIAN_POINT('',(0.,0.,115.));
#2803 = DIRECTION('',(-0.,0.,1.));
#2804 = DIRECTION('',(0.986135547995,-0.16594179998,0.));
#2805 = PCURVE('',#2772,#2806);
#2806 = DEFINITIONAL_REPRESENTATION('',(#2807),#2811);
#2807 = CIRCLE('',#2808,68.98);
#2808 = AXIS2_PLACEMENT_2D('',#2809,#2810);
#2809 = CARTESIAN_POINT('',(0.,0.));
#2810 = DIRECTION('',(1.,-0.));
#2811 = ( GEOMETRIC_REPRESENTATION_CONTEXT(2) 
PARAMETRIC_REPRESENTATION_CONTEXT() REPRESENTATION_CONTEXT('2D SPACE',''
  ) );
#2812 = PCURVE('',#2813,#2818);
#2813 = TOROIDAL_SURFACE('',#2814,70.48,1.5);
#2814 = AXIS2_PLACEMENT_3D('',#2815,#2816,#2817);
#2815 = CARTESIAN_POINT('',(0.,0.,115.));
#2816 = DIRECTION('',(-0.,0.,-1.));
#2817 = DIRECTION('',(0.986135547995,-0.16594179998,0.));
#2818 = DEFINITIONAL_REPRESENTATION('',(#2819),#2823);
#2819 = LINE('',#2820,#2821);
#2820 = CARTESIAN_POINT('',(-0.,3.14159265359));
#2821 = VECTOR('',#2822,1.);
#2822 = DIRECTION('',(-1.,0.));
#2823 = ( GEOMETRIC_REPRESENTATION_CONTEXT(2) 
PARAMETRIC_REPRESENTATION_CONTEXT() REPRESENTATION_CONTEXT('2D SPACE',''
  ) );
#2824 = ORIENTED_EDGE('',*,*,#2825,.T.);
#2825 = EDGE_CURVE('',#2797,#2826,#2828,.T.);
#2826 = VERTEX_POINT('',#2827);
#2827 = CARTESIAN_POINT('',(73.940443388663,12.442316162512,115.));
#2828 = SURFACE_CURVE('',#2829,(#2833,#2840),.PCURVE_S1.);
#2829 = LINE('',#2830,#2831);
#2830 = CARTESIAN_POINT('',(68.023630100693,11.446665362631,115.));
#2831 = VECTOR('',#2832,1.);
#2832 = DIRECTION('',(0.986135547995,0.16594179998,0.));
#2833 = PCURVE('',#2772,#2834);
#2834 = DEFINITIONAL_REPRESENTATION('',(#2835),#2839);
#2835 = LINE('',#2836,#2837);
#2836 = CARTESIAN_POINT('',(65.181039491909,22.575927240187));
#2837 = VECTOR('',#2838,1.);
#2838 = DIRECTION('',(0.944926638039,0.327282215717));
#2839 = ( GEOMETRIC_REPRESENTATION_CONTEXT(2) 
PARAMETRIC_REPRESENTATION_CONTEXT() REPRESENTATION_CONTEXT('2D SPACE',''
  ) );
#2840 = PCURVE('',#2841,#2846);
#2841 = PLANE('',#2842);
#2842 = AXIS2_PLACEMENT_3D('',#2843,#2844,#2845);
#2843 = CARTESIAN_POINT('',(71.133962633151,11.970056066903,
    114.29875967169));
#2844 = DIRECTION('',(-0.16594179998,0.986135547995,0.));
#2845 = DIRECTION('',(0.,0.,1.));
#2846 = DEFINITIONAL_REPRESENTATION('',(#2847),#2851);
#2847 = LINE('',#2848,#2849);
#2848 = CARTESIAN_POINT('',(0.701240328309,-3.154061871901));
#2849 = VECTOR('',#2850,1.);
#2850 = DIRECTION('',(0.,1.));
#2851 = ( GEOMETRIC_REPRESENTATION_CONTEXT(2) 
PARAMETRIC_REPRESENTATION_CONTEXT() REPRESENTATION_CONTEXT('2D SPACE',''
  ) );
#2852 = ORIENTED_EDGE('',*,*,#2853,.F.);
#2853 = EDGE_CURVE('',#2854,#2826,#2856,.T.);
#2854 = VERTEX_POINT('',#2855);
#2855 = CARTESIAN_POINT('',(74.062897082601,11.691350466562,115.));
#2856 = SURFACE_CURVE('',#2857,(#2862,#2869),.PCURVE_S1.);
#2857 = CIRCLE('',#2858,74.98);
#2858 = AXIS2_PLACEMENT_3D('',#2859,#2860,#2861);
#2859 = CARTESIAN_POINT('',(0.,0.,115.));
#2860 = DIRECTION('',(-0.,0.,1.));
#2861 = DIRECTION('',(0.986135547995,-0.16594179998,0.));
#2862 = PCURVE('',#2772,#2863);
#2863 = DEFINITIONAL_REPRESENTATION('',(#2864),#2868);
#2864 = CIRCLE('',#2865,74.98);
#2865 = AXIS2_PLACEMENT_2D('',#2866,#2867);
#2866 = CARTESIAN_POINT('',(0.,0.));
#2867 = DIRECTION('',(1.,-0.));
#2868 = ( GEOMETRIC_REPRESENTATION_CONTEXT(2) 
PARAMETRIC_REPRESENTATION_CONTEXT() REPRESENTATION_CONTEXT('2D SPACE',''
  ) );
#2869 = PCURVE('',#2870,#2875);
#2870 = CYLINDRICAL_SURFACE('',#2871,74.98);
#2871 = AXIS2_PLACEMENT_3D('',#2872,#2873,#2874);
#2872 = CARTESIAN_POINT('',(0.,0.,115.));
#2873 = DIRECTION('',(-0.,0.,-1.));
#2874 = DIRECTION('',(0.986135547995,-0.16594179998,0.));
#2875 = DEFINITIONAL_REPRESENTATION('',(#2876),#2880);
#2876 = LINE('',#2877,#2878);
#2877 = CARTESIAN_POINT('',(-0.,0.));
#2878 = VECTOR('',#2879,1.);
#2879 = DIRECTION('',(-1.,0.));
#2880 = ( GEOMETRIC_REPRESENTATION_CONTEXT(2) 
PARAMETRIC_REPRESENTATION_CONTEXT() REPRESENTATION_CONTEXT('2D SPACE',''
  ) );
#2881 = ORIENTED_EDGE('',*,*,#2882,.F.);
#2882 = EDGE_CURVE('',#2883,#2854,#2885,.T.);
#2883 = VERTEX_POINT('',#2884);
#2884 = CARTESIAN_POINT('',(68.827722975669,10.864941324487,115.));
#2885 = SURFACE_CURVE('',#2886,(#2890,#2897),.PCURVE_S1.);
#2886 = LINE('',#2887,#2888);
#2887 = CARTESIAN_POINT('',(68.827722975669,10.864941324487,115.));
#2888 = VECTOR('',#2889,1.);
#2889 = DIRECTION('',(0.987768699421,0.155926253222,0.));
#2890 = PCURVE('',#2772,#2891);
#2891 = DEFINITIONAL_REPRESENTATION('',(#2892),#2896);
#2892 = LINE('',#2893,#2894);
#2893 = CARTESIAN_POINT('',(66.070516393793,22.135701106075));
#2894 = VECTOR('',#2895,1.);
#2895 = DIRECTION('',(0.948199144572,0.317676537114));
#2896 = ( GEOMETRIC_REPRESENTATION_CONTEXT(2) 
PARAMETRIC_REPRESENTATION_CONTEXT() REPRESENTATION_CONTEXT('2D SPACE',''
  ) );
#2897 = PCURVE('',#2898,#2903);
#2898 = PLANE('',#2899);
#2899 = AXIS2_PLACEMENT_3D('',#2900,#2901,#2902);
#2900 = CARTESIAN_POINT('',(71.529011479025,11.291358759506,
    114.61678217158));
#2901 = DIRECTION('',(-0.155926253222,0.987768699421,0.));
#2902 = DIRECTION('',(0.,0.,1.));
#2903 = DEFINITIONAL_REPRESENTATION('',(#2904),#2908);
#2904 = LINE('',#2905,#2906);
#2905 = CARTESIAN_POINT('',(0.383217828417,-2.734737904672));
#2906 = VECTOR('',#2907,1.);
#2907 = DIRECTION('',(0.,1.));
#2908 = ( GEOMETRIC_REPRESENTATION_CONTEXT(2) 
PARAMETRIC_REPRESENTATION_CONTEXT() REPRESENTATION_CONTEXT('2D SPACE',''
  ) );
#2909 = ORIENTED_EDGE('',*,*,#2910,.F.);
#2910 = EDGE_CURVE('',#2911,#2883,#2913,.T.);
#2911 = VERTEX_POINT('',#2912);
#2912 = CARTESIAN_POINT('',(68.827722975669,-10.86494132448,115.));
#2913 = SURFACE_CURVE('',#2914,(#2919,#2926),.PCURVE_S1.);
#2914 = CIRCLE('',#2915,69.68);
#2915 = AXIS2_PLACEMENT_3D('',#2916,#2917,#2918);
#2916 = CARTESIAN_POINT('',(0.,0.,115.));
#2917 = DIRECTION('',(-0.,0.,1.));
#2918 = DIRECTION('',(0.987768699421,-0.155926253222,0.));
#2919 = PCURVE('',#2772,#2920);
#2920 = DEFINITIONAL_REPRESENTATION('',(#2921),#2925);
#2921 = CIRCLE('',#2922,69.68);
#2922 = AXIS2_PLACEMENT_2D('',#2923,#2924);
#2923 = CARTESIAN_POINT('',(0.,0.));
#2924 = DIRECTION('',(0.99994851082,1.014769477844E-02));
#2925 = ( GEOMETRIC_REPRESENTATION_CONTEXT(2) 
PARAMETRIC_REPRESENTATION_CONTEXT() REPRESENTATION_CONTEXT('2D SPACE',''
  ) );
#2926 = PCURVE('',#2927,#2932);
#2927 = TOROIDAL_SURFACE('',#2928,70.48,0.8);
#2928 = AXIS2_PLACEMENT_3D('',#2929,#2930,#2931);
#2929 = CARTESIAN_POINT('',(0.,0.,115.));
#2930 = DIRECTION('',(-0.,0.,-1.));
#2931 = DIRECTION('',(0.987768699421,-0.155926253222,0.));
#2932 = DEFINITIONAL_REPRESENTATION('',(#2933),#2937);
#2933 = LINE('',#2934,#2935);
#2934 = CARTESIAN_POINT('',(-0.,3.14159265359));
#2935 = VECTOR('',#2936,1.);
#2936 = DIRECTION('',(-1.,0.));
#2937 = ( GEOMETRIC_REPRESENTATION_CONTEXT(2) 
PARAMETRIC_REPRESENTATION_CONTEXT() REPRESENTATION_CONTEXT('2D SPACE',''
  ) );
#2938 = ORIENTED_EDGE('',*,*,#2939,.T.);
#2939 = EDGE_CURVE('',#2911,#2940,#2942,.T.);
#2940 = VERTEX_POINT('',#2941);
#2941 = CARTESIAN_POINT('',(74.062897082601,-11.69135046656,115.));
#2942 = SURFACE_CURVE('',#2943,(#2947,#2954),.PCURVE_S1.);
#2943 = LINE('',#2944,#2945);
#2944 = CARTESIAN_POINT('',(68.827722975669,-10.86494132448,115.));
#2945 = VECTOR('',#2946,1.);
#2946 = DIRECTION('',(0.987768699421,-0.155926253222,0.));
#2947 = PCURVE('',#2772,#2948);
#2948 = DEFINITIONAL_REPRESENTATION('',(#2949),#2953);
#2949 = LINE('',#2950,#2951);
#2950 = CARTESIAN_POINT('',(69.676412233922,0.707091372162));
#2951 = VECTOR('',#2952,1.);
#2952 = DIRECTION('',(0.99994851082,1.014769477844E-02));
#2953 = ( GEOMETRIC_REPRESENTATION_CONTEXT(2) 
PARAMETRIC_REPRESENTATION_CONTEXT() REPRESENTATION_CONTEXT('2D SPACE',''
  ) );
#2954 = PCURVE('',#2955,#2960);
#2955 = PLANE('',#2956);
#2956 = AXIS2_PLACEMENT_3D('',#2957,#2958,#2959);
#2957 = CARTESIAN_POINT('',(71.529011479025,-11.2913587595,
    114.61678217158));
#2958 = DIRECTION('',(0.155926253222,0.987768699421,0.));
#2959 = DIRECTION('',(0.,0.,1.));
#2960 = DEFINITIONAL_REPRESENTATION('',(#2961),#2965);
#2961 = LINE('',#2962,#2963);
#2962 = CARTESIAN_POINT('',(0.383217828417,-2.734737904672));
#2963 = VECTOR('',#2964,1.);
#2964 = DIRECTION('',(0.,1.));
#2965 = ( GEOMETRIC_REPRESENTATION_CONTEXT(2) 
PARAMETRIC_REPRESENTATION_CONTEXT() REPRESENTATION_CONTEXT('2D SPACE',''
  ) );
#2966 = ORIENTED_EDGE('',*,*,#2967,.F.);
#2967 = EDGE_CURVE('',#2764,#2940,#2968,.T.);
#2968 = SURFACE_CURVE('',#2969,(#2974,#2981),.PCURVE_S1.);
#2969 = CIRCLE('',#2970,74.98);
#2970 = AXIS2_PLACEMENT_3D('',#2971,#2972,#2973);
#2971 = CARTESIAN_POINT('',(0.,0.,115.));
#2972 = DIRECTION('',(-0.,0.,1.));
#2973 = DIRECTION('',(0.986135547995,-0.16594179998,0.));
#2974 = PCURVE('',#2772,#2975);
#2975 = DEFINITIONAL_REPRESENTATION('',(#2976),#2980);
#2976 = CIRCLE('',#2977,74.98);
#2977 = AXIS2_PLACEMENT_2D('',#2978,#2979);
#2978 = CARTESIAN_POINT('',(0.,0.));
#2979 = DIRECTION('',(1.,-0.));
#2980 = ( GEOMETRIC_REPRESENTATION_CONTEXT(2) 
PARAMETRIC_REPRESENTATION_CONTEXT() REPRESENTATION_CONTEXT('2D SPACE',''
  ) );
#2981 = PCURVE('',#2870,#2982);
#2982 = DEFINITIONAL_REPRESENTATION('',(#2983),#2987);
#2983 = LINE('',#2984,#2985);
#2984 = CARTESIAN_POINT('',(-0.,0.));
#2985 = VECTOR('',#2986,1.);
#2986 = DIRECTION('',(-1.,0.));
#2987 = ( GEOMETRIC_REPRESENTATION_CONTEXT(2) 
PARAMETRIC_REPRESENTATION_CONTEXT() REPRESENTATION_CONTEXT('2D SPACE',''
  ) );
#2988 = ADVANCED_FACE('',(#2989),#2784,.F.);
#2989 = FACE_BOUND('',#2990,.F.);
#2990 = EDGE_LOOP('',(#2991,#2992,#3015,#3043));
#2991 = ORIENTED_EDGE('',*,*,#2761,.T.);
#2992 = ORIENTED_EDGE('',*,*,#2993,.T.);
#2993 = EDGE_CURVE('',#2764,#2994,#2996,.T.);
#2994 = VERTEX_POINT('',#2995);
#2995 = CARTESIAN_POINT('',(73.940443388663,-12.44231616251,113.5));
#2996 = SURFACE_CURVE('',#2997,(#3001,#3008),.PCURVE_S1.);
#2997 = LINE('',#2998,#2999);
#2998 = CARTESIAN_POINT('',(73.940443388663,-12.44231616251,115.));
#2999 = VECTOR('',#3000,1.);
#3000 = DIRECTION('',(0.,0.,-1.));
#3001 = PCURVE('',#2784,#3002);
#3002 = DEFINITIONAL_REPRESENTATION('',(#3003),#3007);
#3003 = LINE('',#3004,#3005);
#3004 = CARTESIAN_POINT('',(0.701240328309,2.845938128099));
#3005 = VECTOR('',#3006,1.);
#3006 = DIRECTION('',(-1.,0.));
#3007 = ( GEOMETRIC_REPRESENTATION_CONTEXT(2) 
PARAMETRIC_REPRESENTATION_CONTEXT() REPRESENTATION_CONTEXT('2D SPACE',''
  ) );
#3008 = PCURVE('',#2870,#3009);
#3009 = DEFINITIONAL_REPRESENTATION('',(#3010),#3014);
#3010 = LINE('',#3011,#3012);
#3011 = CARTESIAN_POINT('',(-0.,0.));
#3012 = VECTOR('',#3013,1.);
#3013 = DIRECTION('',(-0.,1.));
#3014 = ( GEOMETRIC_REPRESENTATION_CONTEXT(2) 
PARAMETRIC_REPRESENTATION_CONTEXT() REPRESENTATION_CONTEXT('2D SPACE',''
  ) );
#3015 = ORIENTED_EDGE('',*,*,#3016,.T.);
#3016 = EDGE_CURVE('',#2994,#3017,#3019,.T.);
#3017 = VERTEX_POINT('',#3018);
#3018 = CARTESIAN_POINT('',(69.502833422686,-11.6955780626,113.5));
#3019 = SURFACE_CURVE('',#3020,(#3024,#3031),.PCURVE_S1.);
#3020 = LINE('',#3021,#3022);
#3021 = CARTESIAN_POINT('',(73.940443388663,-12.44231616251,113.5));
#3022 = VECTOR('',#3023,1.);
#3023 = DIRECTION('',(-0.986135547995,0.16594179998,0.));
#3024 = PCURVE('',#2784,#3025);
#3025 = DEFINITIONAL_REPRESENTATION('',(#3026),#3030);
#3026 = LINE('',#3027,#3028);
#3027 = CARTESIAN_POINT('',(-0.798759671691,2.845938128099));
#3028 = VECTOR('',#3029,1.);
#3029 = DIRECTION('',(0.,-1.));
#3030 = ( GEOMETRIC_REPRESENTATION_CONTEXT(2) 
PARAMETRIC_REPRESENTATION_CONTEXT() REPRESENTATION_CONTEXT('2D SPACE',''
  ) );
#3031 = PCURVE('',#3032,#3037);
#3032 = PLANE('',#3033);
#3033 = AXIS2_PLACEMENT_3D('',#3034,#3035,#3036);
#3034 = CARTESIAN_POINT('',(0.,0.,113.5));
#3035 = DIRECTION('',(0.,0.,1.));
#3036 = DIRECTION('',(0.986135547995,-0.16594179998,0.));
#3037 = DEFINITIONAL_REPRESENTATION('',(#3038),#3042);
#3038 = LINE('',#3039,#3040);
#3039 = CARTESIAN_POINT('',(74.98,0.));
#3040 = VECTOR('',#3041,1.);
#3041 = DIRECTION('',(-1.,0.));
#3042 = ( GEOMETRIC_REPRESENTATION_CONTEXT(2) 
PARAMETRIC_REPRESENTATION_CONTEXT() REPRESENTATION_CONTEXT('2D SPACE',''
  ) );
#3043 = ORIENTED_EDGE('',*,*,#3044,.T.);
#3044 = EDGE_CURVE('',#3017,#2762,#3045,.T.);
#3045 = SURFACE_CURVE('',#3046,(#3051,#3058),.PCURVE_S1.);
#3046 = CIRCLE('',#3047,1.5);
#3047 = AXIS2_PLACEMENT_3D('',#3048,#3049,#3050);
#3048 = CARTESIAN_POINT('',(69.502833422686,-11.6955780626,115.));
#3049 = DIRECTION('',(0.16594179998,0.986135547995,3.944304526105E-31));
#3050 = DIRECTION('',(-1.868510533607E-14,3.14423308093E-15,-1.));
#3051 = PCURVE('',#2784,#3052);
#3052 = DEFINITIONAL_REPRESENTATION('',(#3053),#3057);
#3053 = CIRCLE('',#3054,1.5);
#3054 = AXIS2_PLACEMENT_2D('',#3055,#3056);
#3055 = CARTESIAN_POINT('',(0.701240328309,-1.654061871901));
#3056 = DIRECTION('',(-1.,-1.894780628694E-14));
#3057 = ( GEOMETRIC_REPRESENTATION_CONTEXT(2) 
PARAMETRIC_REPRESENTATION_CONTEXT() REPRESENTATION_CONTEXT('2D SPACE',''
  ) );
#3058 = PCURVE('',#2813,#3059);
#3059 = DEFINITIONAL_REPRESENTATION('',(#3060),#3064);
#3060 = LINE('',#3061,#3062);
#3061 = CARTESIAN_POINT('',(-0.,1.570796326795));
#3062 = VECTOR('',#3063,1.);
#3063 = DIRECTION('',(-0.,1.));
#3064 = ( GEOMETRIC_REPRESENTATION_CONTEXT(2) 
PARAMETRIC_REPRESENTATION_CONTEXT() REPRESENTATION_CONTEXT('2D SPACE',''
  ) );
#3065 = ADVANCED_FACE('',(#3066),#2870,.T.);
#3066 = FACE_BOUND('',#3067,.F.);
#3067 = EDGE_LOOP('',(#3068,#3069,#3070,#3093,#3122,#3143,#3144,#3167));
#3068 = ORIENTED_EDGE('',*,*,#2993,.F.);
#3069 = ORIENTED_EDGE('',*,*,#2967,.T.);
#3070 = ORIENTED_EDGE('',*,*,#3071,.T.);
#3071 = EDGE_CURVE('',#2940,#3072,#3074,.T.);
#3072 = VERTEX_POINT('',#3073);
#3073 = CARTESIAN_POINT('',(74.062897082601,-11.69135046656,114.2));
#3074 = SURFACE_CURVE('',#3075,(#3079,#3086),.PCURVE_S1.);
#3075 = LINE('',#3076,#3077);
#3076 = CARTESIAN_POINT('',(74.062897082601,-11.69135046656,115.));
#3077 = VECTOR('',#3078,1.);
#3078 = DIRECTION('',(0.,0.,-1.));
#3079 = PCURVE('',#2870,#3080);
#3080 = DEFINITIONAL_REPRESENTATION('',(#3081),#3085);
#3081 = LINE('',#3082,#3083);
#3082 = CARTESIAN_POINT('',(-1.014786894752E-02,0.));
#3083 = VECTOR('',#3084,1.);
#3084 = DIRECTION('',(-0.,1.));
#3085 = ( GEOMETRIC_REPRESENTATION_CONTEXT(2) 
PARAMETRIC_REPRESENTATION_CONTEXT() REPRESENTATION_CONTEXT('2D SPACE',''
  ) );
#3086 = PCURVE('',#2955,#3087);
#3087 = DEFINITIONAL_REPRESENTATION('',(#3088),#3092);
#3088 = LINE('',#3089,#3090);
#3089 = CARTESIAN_POINT('',(0.383217828417,2.565262095328));
#3090 = VECTOR('',#3091,1.);
#3091 = DIRECTION('',(-1.,0.));
#3092 = ( GEOMETRIC_REPRESENTATION_CONTEXT(2) 
PARAMETRIC_REPRESENTATION_CONTEXT() REPRESENTATION_CONTEXT('2D SPACE',''
  ) );
#3093 = ORIENTED_EDGE('',*,*,#3094,.T.);
#3094 = EDGE_CURVE('',#3072,#3095,#3097,.T.);
#3095 = VERTEX_POINT('',#3096);
#3096 = CARTESIAN_POINT('',(74.062897082601,11.691350466562,114.2));
#3097 = SURFACE_CURVE('',#3098,(#3103,#3110),.PCURVE_S1.);
#3098 = CIRCLE('',#3099,74.98);
#3099 = AXIS2_PLACEMENT_3D('',#3100,#3101,#3102);
#3100 = CARTESIAN_POINT('',(0.,0.,114.2));
#3101 = DIRECTION('',(-0.,0.,1.));
#3102 = DIRECTION('',(0.987768699421,-0.155926253222,0.));
#3103 = PCURVE('',#2870,#3104);
#3104 = DEFINITIONAL_REPRESENTATION('',(#3105),#3109);
#3105 = LINE('',#3106,#3107);
#3106 = CARTESIAN_POINT('',(-1.014786894752E-02,0.8));
#3107 = VECTOR('',#3108,1.);
#3108 = DIRECTION('',(-1.,0.));
#3109 = ( GEOMETRIC_REPRESENTATION_CONTEXT(2) 
PARAMETRIC_REPRESENTATION_CONTEXT() REPRESENTATION_CONTEXT('2D SPACE',''
  ) );
#3110 = PCURVE('',#3111,#3116);
#3111 = PLANE('',#3112);
#3112 = AXIS2_PLACEMENT_3D('',#3113,#3114,#3115);
#3113 = CARTESIAN_POINT('',(0.,0.,114.2));
#3114 = DIRECTION('',(0.,0.,1.));
#3115 = DIRECTION('',(0.987768699421,-0.155926253222,0.));
#3116 = DEFINITIONAL_REPRESENTATION('',(#3117),#3121);
#3117 = CIRCLE('',#3118,74.98);
#3118 = AXIS2_PLACEMENT_2D('',#3119,#3120);
#3119 = CARTESIAN_POINT('',(0.,0.));
#3120 = DIRECTION('',(1.,0.));
#3121 = ( GEOMETRIC_REPRESENTATION_CONTEXT(2) 
PARAMETRIC_REPRESENTATION_CONTEXT() REPRESENTATION_CONTEXT('2D SPACE',''
  ) );
#3122 = ORIENTED_EDGE('',*,*,#3123,.F.);
#3123 = EDGE_CURVE('',#2854,#3095,#3124,.T.);
#3124 = SURFACE_CURVE('',#3125,(#3129,#3136),.PCURVE_S1.);
#3125 = LINE('',#3126,#3127);
#3126 = CARTESIAN_POINT('',(74.062897082601,11.691350466562,115.));
#3127 = VECTOR('',#3128,1.);
#3128 = DIRECTION('',(0.,0.,-1.));
#3129 = PCURVE('',#2870,#3130);
#3130 = DEFINITIONAL_REPRESENTATION('',(#3131),#3135);
#3131 = LINE('',#3132,#3133);
#3132 = CARTESIAN_POINT('',(-0.323278082706,0.));
#3133 = VECTOR('',#3134,1.);
#3134 = DIRECTION('',(-0.,1.));
#3135 = ( GEOMETRIC_REPRESENTATION_CONTEXT(2) 
PARAMETRIC_REPRESENTATION_CONTEXT() REPRESENTATION_CONTEXT('2D SPACE',''
  ) );
#3136 = PCURVE('',#2898,#3137);
#3137 = DEFINITIONAL_REPRESENTATION('',(#3138),#3142);
#3138 = LINE('',#3139,#3140);
#3139 = CARTESIAN_POINT('',(0.383217828417,2.565262095328));
#3140 = VECTOR('',#3141,1.);
#3141 = DIRECTION('',(-1.,0.));
#3142 = ( GEOMETRIC_REPRESENTATION_CONTEXT(2) 
PARAMETRIC_REPRESENTATION_CONTEXT() REPRESENTATION_CONTEXT('2D SPACE',''
  ) );
#3143 = ORIENTED_EDGE('',*,*,#2853,.T.);
#3144 = ORIENTED_EDGE('',*,*,#3145,.T.);
#3145 = EDGE_CURVE('',#2826,#3146,#3148,.T.);
#3146 = VERTEX_POINT('',#3147);
#3147 = CARTESIAN_POINT('',(73.940443388663,12.442316162512,113.5));
#3148 = SURFACE_CURVE('',#3149,(#3153,#3160),.PCURVE_S1.);
#3149 = LINE('',#3150,#3151);
#3150 = CARTESIAN_POINT('',(73.940443388663,12.442316162512,115.));
#3151 = VECTOR('',#3152,1.);
#3152 = DIRECTION('',(0.,0.,-1.));
#3153 = PCURVE('',#2870,#3154);
#3154 = DEFINITIONAL_REPRESENTATION('',(#3155),#3159);
#3155 = LINE('',#3156,#3157);
#3156 = CARTESIAN_POINT('',(-0.333425951653,0.));
#3157 = VECTOR('',#3158,1.);
#3158 = DIRECTION('',(-0.,1.));
#3159 = ( GEOMETRIC_REPRESENTATION_CONTEXT(2) 
PARAMETRIC_REPRESENTATION_CONTEXT() REPRESENTATION_CONTEXT('2D SPACE',''
  ) );
#3160 = PCURVE('',#2841,#3161);
#3161 = DEFINITIONAL_REPRESENTATION('',(#3162),#3166);
#3162 = LINE('',#3163,#3164);
#3163 = CARTESIAN_POINT('',(0.701240328309,2.845938128099));
#3164 = VECTOR('',#3165,1.);
#3165 = DIRECTION('',(-1.,0.));
#3166 = ( GEOMETRIC_REPRESENTATION_CONTEXT(2) 
PARAMETRIC_REPRESENTATION_CONTEXT() REPRESENTATION_CONTEXT('2D SPACE',''
  ) );
#3167 = ORIENTED_EDGE('',*,*,#3168,.F.);
#3168 = EDGE_CURVE('',#2994,#3146,#3169,.T.);
#3169 = SURFACE_CURVE('',#3170,(#3175,#3182),.PCURVE_S1.);
#3170 = CIRCLE('',#3171,74.98);
#3171 = AXIS2_PLACEMENT_3D('',#3172,#3173,#3174);
#3172 = CARTESIAN_POINT('',(0.,0.,113.5));
#3173 = DIRECTION('',(-0.,0.,1.));
#3174 = DIRECTION('',(0.986135547995,-0.16594179998,0.));
#3175 = PCURVE('',#2870,#3176);
#3176 = DEFINITIONAL_REPRESENTATION('',(#3177),#3181);
#3177 = LINE('',#3178,#3179);
#3178 = CARTESIAN_POINT('',(-0.,1.5));
#3179 = VECTOR('',#3180,1.);
#3180 = DIRECTION('',(-1.,0.));
#3181 = ( GEOMETRIC_REPRESENTATION_CONTEXT(2) 
PARAMETRIC_REPRESENTATION_CONTEXT() REPRESENTATION_CONTEXT('2D SPACE',''
  ) );
#3182 = PCURVE('',#3032,#3183);
#3183 = DEFINITIONAL_REPRESENTATION('',(#3184),#3188);
#3184 = CIRCLE('',#3185,74.98);
#3185 = AXIS2_PLACEMENT_2D('',#3186,#3187);
#3186 = CARTESIAN_POINT('',(0.,0.));
#3187 = DIRECTION('',(1.,0.));
#3188 = ( GEOMETRIC_REPRESENTATION_CONTEXT(2) 
PARAMETRIC_REPRESENTATION_CONTEXT() REPRESENTATION_CONTEXT('2D SPACE',''
  ) );
#3189 = ADVANCED_FACE('',(#3190),#2955,.T.);
#3190 = FACE_BOUND('',#3191,.T.);
#3191 = EDGE_LOOP('',(#3192,#3193,#3194,#3217));
#3192 = ORIENTED_EDGE('',*,*,#2939,.T.);
#3193 = ORIENTED_EDGE('',*,*,#3071,.T.);
#3194 = ORIENTED_EDGE('',*,*,#3195,.T.);
#3195 = EDGE_CURVE('',#3072,#3196,#3198,.T.);
#3196 = VERTEX_POINT('',#3197);
#3197 = CARTESIAN_POINT('',(69.617937935206,-10.98968232706,114.2));
#3198 = SURFACE_CURVE('',#3199,(#3203,#3210),.PCURVE_S1.);
#3199 = LINE('',#3200,#3201);
#3200 = CARTESIAN_POINT('',(74.062897082601,-11.69135046656,114.2));
#3201 = VECTOR('',#3202,1.);
#3202 = DIRECTION('',(-0.987768699421,0.155926253222,0.));
#3203 = PCURVE('',#2955,#3204);
#3204 = DEFINITIONAL_REPRESENTATION('',(#3205),#3209);
#3205 = LINE('',#3206,#3207);
#3206 = CARTESIAN_POINT('',(-0.416782171583,2.565262095328));
#3207 = VECTOR('',#3208,1.);
#3208 = DIRECTION('',(0.,-1.));
#3209 = ( GEOMETRIC_REPRESENTATION_CONTEXT(2) 
PARAMETRIC_REPRESENTATION_CONTEXT() REPRESENTATION_CONTEXT('2D SPACE',''
  ) );
#3210 = PCURVE('',#3111,#3211);
#3211 = DEFINITIONAL_REPRESENTATION('',(#3212),#3216);
#3212 = LINE('',#3213,#3214);
#3213 = CARTESIAN_POINT('',(74.98,1.7763568394E-15));
#3214 = VECTOR('',#3215,1.);
#3215 = DIRECTION('',(-1.,0.));
#3216 = ( GEOMETRIC_REPRESENTATION_CONTEXT(2) 
PARAMETRIC_REPRESENTATION_CONTEXT() REPRESENTATION_CONTEXT('2D SPACE',''
  ) );
#3217 = ORIENTED_EDGE('',*,*,#3218,.T.);
#3218 = EDGE_CURVE('',#3196,#2911,#3219,.T.);
#3219 = SURFACE_CURVE('',#3220,(#3225,#3232),.PCURVE_S1.);
#3220 = CIRCLE('',#3221,0.8);
#3221 = AXIS2_PLACEMENT_3D('',#3222,#3223,#3224);
#3222 = CARTESIAN_POINT('',(69.617937935206,-10.98968232706,115.));
#3223 = DIRECTION('',(0.155926253222,0.987768699421,0.));
#3224 = DIRECTION('',(0.,0.,-1.));
#3225 = PCURVE('',#2955,#3226);
#3226 = DEFINITIONAL_REPRESENTATION('',(#3227),#3231);
#3227 = CIRCLE('',#3228,0.8);
#3228 = AXIS2_PLACEMENT_2D('',#3229,#3230);
#3229 = CARTESIAN_POINT('',(0.383217828417,-1.934737904672));
#3230 = DIRECTION('',(-1.,0.));
#3231 = ( GEOMETRIC_REPRESENTATION_CONTEXT(2) 
PARAMETRIC_REPRESENTATION_CONTEXT() REPRESENTATION_CONTEXT('2D SPACE',''
  ) );
#3232 = PCURVE('',#2927,#3233);
#3233 = DEFINITIONAL_REPRESENTATION('',(#3234),#3238);
#3234 = LINE('',#3235,#3236);
#3235 = CARTESIAN_POINT('',(-0.,1.570796326795));
#3236 = VECTOR('',#3237,1.);
#3237 = DIRECTION('',(-0.,1.));
#3238 = ( GEOMETRIC_REPRESENTATION_CONTEXT(2) 
PARAMETRIC_REPRESENTATION_CONTEXT() REPRESENTATION_CONTEXT('2D SPACE',''
  ) );
#3239 = ADVANCED_FACE('',(#3240),#2927,.F.);
#3240 = FACE_BOUND('',#3241,.T.);
#3241 = EDGE_LOOP('',(#3242,#3266,#3288,#3289));
#3242 = ORIENTED_EDGE('',*,*,#3243,.T.);
#3243 = EDGE_CURVE('',#3196,#3244,#3246,.T.);
#3244 = VERTEX_POINT('',#3245);
#3245 = CARTESIAN_POINT('',(69.617937935206,10.989682327065,114.2));
#3246 = SURFACE_CURVE('',#3247,(#3252,#3259),.PCURVE_S1.);
#3247 = CIRCLE('',#3248,70.48);
#3248 = AXIS2_PLACEMENT_3D('',#3249,#3250,#3251);
#3249 = CARTESIAN_POINT('',(0.,0.,114.2));
#3250 = DIRECTION('',(-0.,0.,1.));
#3251 = DIRECTION('',(0.987768699421,-0.155926253222,0.));
#3252 = PCURVE('',#2927,#3253);
#3253 = DEFINITIONAL_REPRESENTATION('',(#3254),#3258);
#3254 = LINE('',#3255,#3256);
#3255 = CARTESIAN_POINT('',(-0.,1.570796326795));
#3256 = VECTOR('',#3257,1.);
#3257 = DIRECTION('',(-1.,0.));
#3258 = ( GEOMETRIC_REPRESENTATION_CONTEXT(2) 
PARAMETRIC_REPRESENTATION_CONTEXT() REPRESENTATION_CONTEXT('2D SPACE',''
  ) );
#3259 = PCURVE('',#3111,#3260);
#3260 = DEFINITIONAL_REPRESENTATION('',(#3261),#3265);
#3261 = CIRCLE('',#3262,70.48);
#3262 = AXIS2_PLACEMENT_2D('',#3263,#3264);
#3263 = CARTESIAN_POINT('',(0.,0.));
#3264 = DIRECTION('',(1.,0.));
#3265 = ( GEOMETRIC_REPRESENTATION_CONTEXT(2) 
PARAMETRIC_REPRESENTATION_CONTEXT() REPRESENTATION_CONTEXT('2D SPACE',''
  ) );
#3266 = ORIENTED_EDGE('',*,*,#3267,.T.);
#3267 = EDGE_CURVE('',#3244,#2883,#3268,.T.);
#3268 = SURFACE_CURVE('',#3269,(#3274,#3281),.PCURVE_S1.);
#3269 = CIRCLE('',#3270,0.8);
#3270 = AXIS2_PLACEMENT_3D('',#3271,#3272,#3273);
#3271 = CARTESIAN_POINT('',(69.617937935206,10.989682327065,115.));
#3272 = DIRECTION('',(-0.155926253222,0.987768699421,0.));
#3273 = DIRECTION('',(0.,0.,-1.));
#3274 = PCURVE('',#2927,#3275);
#3275 = DEFINITIONAL_REPRESENTATION('',(#3276),#3280);
#3276 = LINE('',#3277,#3278);
#3277 = CARTESIAN_POINT('',(-0.313130213758,1.570796326795));
#3278 = VECTOR('',#3279,1.);
#3279 = DIRECTION('',(-0.,1.));
#3280 = ( GEOMETRIC_REPRESENTATION_CONTEXT(2) 
PARAMETRIC_REPRESENTATION_CONTEXT() REPRESENTATION_CONTEXT('2D SPACE',''
  ) );
#3281 = PCURVE('',#2898,#3282);
#3282 = DEFINITIONAL_REPRESENTATION('',(#3283),#3287);
#3283 = CIRCLE('',#3284,0.8);
#3284 = AXIS2_PLACEMENT_2D('',#3285,#3286);
#3285 = CARTESIAN_POINT('',(0.383217828417,-1.934737904672));
#3286 = DIRECTION('',(-1.,0.));
#3287 = ( GEOMETRIC_REPRESENTATION_CONTEXT(2) 
PARAMETRIC_REPRESENTATION_CONTEXT() REPRESENTATION_CONTEXT('2D SPACE',''
  ) );
#3288 = ORIENTED_EDGE('',*,*,#2910,.F.);
#3289 = ORIENTED_EDGE('',*,*,#3218,.F.);
#3290 = ADVANCED_FACE('',(#3291),#2898,.F.);
#3291 = FACE_BOUND('',#3292,.F.);
#3292 = EDGE_LOOP('',(#3293,#3294,#3295,#3316));
#3293 = ORIENTED_EDGE('',*,*,#2882,.T.);
#3294 = ORIENTED_EDGE('',*,*,#3123,.T.);
#3295 = ORIENTED_EDGE('',*,*,#3296,.T.);
#3296 = EDGE_CURVE('',#3095,#3244,#3297,.T.);
#3297 = SURFACE_CURVE('',#3298,(#3302,#3309),.PCURVE_S1.);
#3298 = LINE('',#3299,#3300);
#3299 = CARTESIAN_POINT('',(74.062897082601,11.691350466562,114.2));
#3300 = VECTOR('',#3301,1.);
#3301 = DIRECTION('',(-0.987768699421,-0.155926253222,0.));
#3302 = PCURVE('',#2898,#3303);
#3303 = DEFINITIONAL_REPRESENTATION('',(#3304),#3308);
#3304 = LINE('',#3305,#3306);
#3305 = CARTESIAN_POINT('',(-0.416782171583,2.565262095328));
#3306 = VECTOR('',#3307,1.);
#3307 = DIRECTION('',(0.,-1.));
#3308 = ( GEOMETRIC_REPRESENTATION_CONTEXT(2) 
PARAMETRIC_REPRESENTATION_CONTEXT() REPRESENTATION_CONTEXT('2D SPACE',''
  ) );
#3309 = PCURVE('',#3111,#3310);
#3310 = DEFINITIONAL_REPRESENTATION('',(#3311),#3315);
#3311 = LINE('',#3312,#3313);
#3312 = CARTESIAN_POINT('',(71.334023053295,23.096700089668));
#3313 = VECTOR('',#3314,1.);
#3314 = DIRECTION('',(-0.951374007112,-0.308038144701));
#3315 = ( GEOMETRIC_REPRESENTATION_CONTEXT(2) 
PARAMETRIC_REPRESENTATION_CONTEXT() REPRESENTATION_CONTEXT('2D SPACE',''
  ) );
#3316 = ORIENTED_EDGE('',*,*,#3267,.T.);
#3317 = ADVANCED_FACE('',(#3318),#2841,.T.);
#3318 = FACE_BOUND('',#3319,.T.);
#3319 = EDGE_LOOP('',(#3320,#3321,#3322,#3345));
#3320 = ORIENTED_EDGE('',*,*,#2825,.T.);
#3321 = ORIENTED_EDGE('',*,*,#3145,.T.);
#3322 = ORIENTED_EDGE('',*,*,#3323,.T.);
#3323 = EDGE_CURVE('',#3146,#3324,#3326,.T.);
#3324 = VERTEX_POINT('',#3325);
#3325 = CARTESIAN_POINT('',(69.502833422686,11.695578062602,113.5));
#3326 = SURFACE_CURVE('',#3327,(#3331,#3338),.PCURVE_S1.);
#3327 = LINE('',#3328,#3329);
#3328 = CARTESIAN_POINT('',(73.940443388663,12.442316162512,113.5));
#3329 = VECTOR('',#3330,1.);
#3330 = DIRECTION('',(-0.986135547995,-0.16594179998,0.));
#3331 = PCURVE('',#2841,#3332);
#3332 = DEFINITIONAL_REPRESENTATION('',(#3333),#3337);
#3333 = LINE('',#3334,#3335);
#3334 = CARTESIAN_POINT('',(-0.798759671691,2.845938128099));
#3335 = VECTOR('',#3336,1.);
#3336 = DIRECTION('',(0.,-1.));
#3337 = ( GEOMETRIC_REPRESENTATION_CONTEXT(2) 
PARAMETRIC_REPRESENTATION_CONTEXT() REPRESENTATION_CONTEXT('2D SPACE',''
  ) );
#3338 = PCURVE('',#3032,#3339);
#3339 = DEFINITIONAL_REPRESENTATION('',(#3340),#3344);
#3340 = LINE('',#3341,#3342);
#3341 = CARTESIAN_POINT('',(70.850599320141,24.539620534492));
#3342 = VECTOR('',#3343,1.);
#3343 = DIRECTION('',(-0.944926638039,-0.327282215717));
#3344 = ( GEOMETRIC_REPRESENTATION_CONTEXT(2) 
PARAMETRIC_REPRESENTATION_CONTEXT() REPRESENTATION_CONTEXT('2D SPACE',''
  ) );
#3345 = ORIENTED_EDGE('',*,*,#3346,.T.);
#3346 = EDGE_CURVE('',#3324,#2797,#3347,.T.);
#3347 = SURFACE_CURVE('',#3348,(#3353,#3360),.PCURVE_S1.);
#3348 = CIRCLE('',#3349,1.5);
#3349 = AXIS2_PLACEMENT_3D('',#3350,#3351,#3352);
#3350 = CARTESIAN_POINT('',(69.502833422686,11.695578062602,115.));
#3351 = DIRECTION('',(-0.16594179998,0.986135547995,3.944304526105E-31)
  );
#3352 = DIRECTION('',(-1.868510533607E-14,-3.14423308093E-15,-1.));
#3353 = PCURVE('',#2841,#3354);
#3354 = DEFINITIONAL_REPRESENTATION('',(#3355),#3359);
#3355 = CIRCLE('',#3356,1.5);
#3356 = AXIS2_PLACEMENT_2D('',#3357,#3358);
#3357 = CARTESIAN_POINT('',(0.701240328309,-1.654061871901));
#3358 = DIRECTION('',(-1.,-1.894780628694E-14));
#3359 = ( GEOMETRIC_REPRESENTATION_CONTEXT(2) 
PARAMETRIC_REPRESENTATION_CONTEXT() REPRESENTATION_CONTEXT('2D SPACE',''
  ) );
#3360 = PCURVE('',#2813,#3361);
#3361 = DEFINITIONAL_REPRESENTATION('',(#3362),#3366);
#3362 = LINE('',#3363,#3364);
#3363 = CARTESIAN_POINT('',(-0.333425951653,1.570796326795));
#3364 = VECTOR('',#3365,1.);
#3365 = DIRECTION('',(-0.,1.));
#3366 = ( GEOMETRIC_REPRESENTATION_CONTEXT(2) 
PARAMETRIC_REPRESENTATION_CONTEXT() REPRESENTATION_CONTEXT('2D SPACE',''
  ) );
#3367 = ADVANCED_FACE('',(#3368),#2813,.T.);
#3368 = FACE_BOUND('',#3369,.F.);
#3369 = EDGE_LOOP('',(#3370,#3392,#3393,#3394));
#3370 = ORIENTED_EDGE('',*,*,#3371,.T.);
#3371 = EDGE_CURVE('',#3017,#3324,#3372,.T.);
#3372 = SURFACE_CURVE('',#3373,(#3378,#3385),.PCURVE_S1.);
#3373 = CIRCLE('',#3374,70.48);
#3374 = AXIS2_PLACEMENT_3D('',#3375,#3376,#3377);
#3375 = CARTESIAN_POINT('',(0.,0.,113.5));
#3376 = DIRECTION('',(-0.,0.,1.));
#3377 = DIRECTION('',(0.986135547995,-0.16594179998,0.));
#3378 = PCURVE('',#2813,#3379);
#3379 = DEFINITIONAL_REPRESENTATION('',(#3380),#3384);
#3380 = LINE('',#3381,#3382);
#3381 = CARTESIAN_POINT('',(-0.,1.570796326795));
#3382 = VECTOR('',#3383,1.);
#3383 = DIRECTION('',(-1.,0.));
#3384 = ( GEOMETRIC_REPRESENTATION_CONTEXT(2) 
PARAMETRIC_REPRESENTATION_CONTEXT() REPRESENTATION_CONTEXT('2D SPACE',''
  ) );
#3385 = PCURVE('',#3032,#3386);
#3386 = DEFINITIONAL_REPRESENTATION('',(#3387),#3391);
#3387 = CIRCLE('',#3388,70.48);
#3388 = AXIS2_PLACEMENT_2D('',#3389,#3390);
#3389 = CARTESIAN_POINT('',(0.,0.));
#3390 = DIRECTION('',(1.,0.));
#3391 = ( GEOMETRIC_REPRESENTATION_CONTEXT(2) 
PARAMETRIC_REPRESENTATION_CONTEXT() REPRESENTATION_CONTEXT('2D SPACE',''
  ) );
#3392 = ORIENTED_EDGE('',*,*,#3346,.T.);
#3393 = ORIENTED_EDGE('',*,*,#2796,.F.);
#3394 = ORIENTED_EDGE('',*,*,#3044,.F.);
#3395 = ADVANCED_FACE('',(#3396),#3032,.F.);
#3396 = FACE_BOUND('',#3397,.F.);
#3397 = EDGE_LOOP('',(#3398,#3399,#3400,#3401));
#3398 = ORIENTED_EDGE('',*,*,#3168,.T.);
#3399 = ORIENTED_EDGE('',*,*,#3323,.T.);
#3400 = ORIENTED_EDGE('',*,*,#3371,.F.);
#3401 = ORIENTED_EDGE('',*,*,#3016,.F.);
#3402 = ADVANCED_FACE('',(#3403),#3111,.T.);
#3403 = FACE_BOUND('',#3404,.T.);
#3404 = EDGE_LOOP('',(#3405,#3406,#3407,#3408));
#3405 = ORIENTED_EDGE('',*,*,#3094,.T.);
#3406 = ORIENTED_EDGE('',*,*,#3296,.T.);
#3407 = ORIENTED_EDGE('',*,*,#3243,.F.);
#3408 = ORIENTED_EDGE('',*,*,#3195,.F.);
#3409 = ( GEOMETRIC_REPRESENTATION_CONTEXT(3) 
GLOBAL_UNCERTAINTY_ASSIGNED_CONTEXT((#3413)) 
GLOBAL_UNIT_ASSIGNED_CONTEXT((#3410,#3411,#3412)) REPRESENTATION_CONTEXT
('Context #1','3D Context with UNIT and UNCERTAINTY') );
#3410 = ( LENGTH_UNIT() NAMED_UNIT(*) SI_UNIT(.MILLI.,.METRE.) );
#3411 = ( NAMED_UNIT(*) PLANE_ANGLE_UNIT() SI_UNIT($,.RADIAN.) );
#3412 = ( NAMED_UNIT(*) SI_UNIT($,.STERADIAN.) SOLID_ANGLE_UNIT() );
#3413 = UNCERTAINTY_MEASURE_WITH_UNIT(LENGTH_MEASURE(1.E-07),#3410,
  'distance_accuracy_value','confusion accuracy');
#3414 = PRODUCT_RELATED_PRODUCT_CATEGORY('part',$,(#2751));
#3415 = SHAPE_DEFINITION_REPRESENTATION(#3416,#3422);
#3416 = PRODUCT_DEFINITION_SHAPE('','',#3417);
#3417 = PRODUCT_DEFINITION('design','',#3418,#3421);
#3418 = PRODUCT_DEFINITION_FORMATION('','',#3419);
#3419 = PRODUCT('Open CASCADE STEP translator 7.8 6',
  'Open CASCADE STEP translator 7.8 6','',(#3420));
#3420 = PRODUCT_CONTEXT('',#2,'mechanical');
#3421 = PRODUCT_DEFINITION_CONTEXT('part definition',#2,'design');
#3422 = ADVANCED_BREP_SHAPE_REPRESENTATION('',(#11,#3423),#4077);
#3423 = MANIFOLD_SOLID_BREP('',#3424);
#3424 = CLOSED_SHELL('',(#3425,#3656,#3733,#3857,#3907,#3958,#3985,#4035
    ,#4063,#4070));
#3425 = ADVANCED_FACE('',(#3426),#3440,.T.);
#3426 = FACE_BOUND('',#3427,.F.);
#3427 = EDGE_LOOP('',(#3428,#3463,#3492,#3520,#3549,#3577,#3606,#3634));
#3428 = ORIENTED_EDGE('',*,*,#3429,.F.);
#3429 = EDGE_CURVE('',#3430,#3432,#3434,.T.);
#3430 = VERTEX_POINT('',#3431);
#3431 = CARTESIAN_POINT('',(56.193984825015,40.005955425236,115.));
#3432 = VERTEX_POINT('',#3433);
#3433 = CARTESIAN_POINT('',(61.081835056243,43.485742791884,115.));
#3434 = SURFACE_CURVE('',#3435,(#3439,#3451),.PCURVE_S1.);
#3435 = LINE('',#3436,#3437);
#3436 = CARTESIAN_POINT('',(56.193984825015,40.005955425236,115.));
#3437 = VECTOR('',#3438,1.);
#3438 = DIRECTION('',(0.814641705205,0.579964561108,0.));
#3439 = PCURVE('',#3440,#3445);
#3440 = PLANE('',#3441);
#3441 = AXIS2_PLACEMENT_3D('',#3442,#3443,#3444);
#3442 = CARTESIAN_POINT('',(0.,0.,115.));
#3443 = DIRECTION('',(0.,0.,1.));
#3444 = DIRECTION('',(0.814641705205,0.579964561108,-0.));
#3445 = DEFINITIONAL_REPRESENTATION('',(#3446),#3450);
#3446 = LINE('',#3447,#3448);
#3447 = CARTESIAN_POINT('',(68.98,-0.));
#3448 = VECTOR('',#3449,1.);
#3449 = DIRECTION('',(1.,-0.));
#3450 = ( GEOMETRIC_REPRESENTATION_CONTEXT(2) 
PARAMETRIC_REPRESENTATION_CONTEXT() REPRESENTATION_CONTEXT('2D SPACE',''
  ) );
#3451 = PCURVE('',#3452,#3457);
#3452 = PLANE('',#3453);
#3453 = AXIS2_PLACEMENT_3D('',#3454,#3455,#3456);
#3454 = CARTESIAN_POINT('',(58.763415166662,41.835199534481,
    114.29875967169));
#3455 = DIRECTION('',(-0.579964561108,0.814641705205,0.));
#3456 = DIRECTION('',(0.,0.,1.));
#3457 = DEFINITIONAL_REPRESENTATION('',(#3458),#3462);
#3458 = LINE('',#3459,#3460);
#3459 = CARTESIAN_POINT('',(0.701240328309,-3.154061871901));
#3460 = VECTOR('',#3461,1.);
#3461 = DIRECTION('',(0.,1.));
#3462 = ( GEOMETRIC_REPRESENTATION_CONTEXT(2) 
PARAMETRIC_REPRESENTATION_CONTEXT() REPRESENTATION_CONTEXT('2D SPACE',''
  ) );
#3463 = ORIENTED_EDGE('',*,*,#3464,.T.);
#3464 = EDGE_CURVE('',#3430,#3465,#3467,.T.);
#3465 = VERTEX_POINT('',#3466);
#3466 = CARTESIAN_POINT('',(40.005955425236,56.193984825015,115.));
#3467 = SURFACE_CURVE('',#3468,(#3473,#3480),.PCURVE_S1.);
#3468 = CIRCLE('',#3469,68.98);
#3469 = AXIS2_PLACEMENT_3D('',#3470,#3471,#3472);
#3470 = CARTESIAN_POINT('',(0.,0.,115.));
#3471 = DIRECTION('',(0.,-0.,1.));
#3472 = DIRECTION('',(0.814641705205,0.579964561108,0.));
#3473 = PCURVE('',#3440,#3474);
#3474 = DEFINITIONAL_REPRESENTATION('',(#3475),#3479);
#3475 = CIRCLE('',#3476,68.98);
#3476 = AXIS2_PLACEMENT_2D('',#3477,#3478);
#3477 = CARTESIAN_POINT('',(0.,0.));
#3478 = DIRECTION('',(1.,-0.));
#3479 = ( GEOMETRIC_REPRESENTATION_CONTEXT(2) 
PARAMETRIC_REPRESENTATION_CONTEXT() REPRESENTATION_CONTEXT('2D SPACE',''
  ) );
#3480 = PCURVE('',#3481,#3486);
#3481 = TOROIDAL_SURFACE('',#3482,70.48,1.5);
#3482 = AXIS2_PLACEMENT_3D('',#3483,#3484,#3485);
#3483 = CARTESIAN_POINT('',(0.,0.,115.));
#3484 = DIRECTION('',(0.,-0.,-1.));
#3485 = DIRECTION('',(0.814641705205,0.579964561108,0.));
#3486 = DEFINITIONAL_REPRESENTATION('',(#3487),#3491);
#3487 = LINE('',#3488,#3489);
#3488 = CARTESIAN_POINT('',(-0.,3.14159265359));
#3489 = VECTOR('',#3490,1.);
#3490 = DIRECTION('',(-1.,0.));
#3491 = ( GEOMETRIC_REPRESENTATION_CONTEXT(2) 
PARAMETRIC_REPRESENTATION_CONTEXT() REPRESENTATION_CONTEXT('2D SPACE',''
  ) );
#3492 = ORIENTED_EDGE('',*,*,#3493,.T.);
#3493 = EDGE_CURVE('',#3465,#3494,#3496,.T.);
#3494 = VERTEX_POINT('',#3495);
#3495 = CARTESIAN_POINT('',(43.485742791884,61.081835056243,115.));
#3496 = SURFACE_CURVE('',#3497,(#3501,#3508),.PCURVE_S1.);
#3497 = LINE('',#3498,#3499);
#3498 = CARTESIAN_POINT('',(40.005955425236,56.193984825015,115.));
#3499 = VECTOR('',#3500,1.);
#3500 = DIRECTION('',(0.579964561108,0.814641705205,0.));
#3501 = PCURVE('',#3440,#3502);
#3502 = DEFINITIONAL_REPRESENTATION('',(#3503),#3507);
#3503 = LINE('',#3504,#3505);
#3504 = CARTESIAN_POINT('',(65.181039491909,22.575927240187));
#3505 = VECTOR('',#3506,1.);
#3506 = DIRECTION('',(0.944926638039,0.327282215717));
#3507 = ( GEOMETRIC_REPRESENTATION_CONTEXT(2) 
PARAMETRIC_REPRESENTATION_CONTEXT() REPRESENTATION_CONTEXT('2D SPACE',''
  ) );
#3508 = PCURVE('',#3509,#3514);
#3509 = PLANE('',#3510);
#3510 = AXIS2_PLACEMENT_3D('',#3511,#3512,#3513);
#3511 = CARTESIAN_POINT('',(41.835199534481,58.763415166662,
    114.29875967169));
#3512 = DIRECTION('',(-0.814641705205,0.579964561108,0.));
#3513 = DIRECTION('',(0.,0.,1.));
#3514 = DEFINITIONAL_REPRESENTATION('',(#3515),#3519);
#3515 = LINE('',#3516,#3517);
#3516 = CARTESIAN_POINT('',(0.701240328309,-3.154061871901));
#3517 = VECTOR('',#3518,1.);
#3518 = DIRECTION('',(0.,1.));
#3519 = ( GEOMETRIC_REPRESENTATION_CONTEXT(2) 
PARAMETRIC_REPRESENTATION_CONTEXT() REPRESENTATION_CONTEXT('2D SPACE',''
  ) );
#3520 = ORIENTED_EDGE('',*,*,#3521,.F.);
#3521 = EDGE_CURVE('',#3522,#3494,#3524,.T.);
#3522 = VERTEX_POINT('',#3523);
#3523 = CARTESIAN_POINT('',(44.103343565294,60.637409957564,115.));
#3524 = SURFACE_CURVE('',#3525,(#3530,#3537),.PCURVE_S1.);
#3525 = CIRCLE('',#3526,74.98);
#3526 = AXIS2_PLACEMENT_3D('',#3527,#3528,#3529);
#3527 = CARTESIAN_POINT('',(0.,0.,115.));
#3528 = DIRECTION('',(0.,-0.,1.));
#3529 = DIRECTION('',(0.814641705205,0.579964561108,0.));
#3530 = PCURVE('',#3440,#3531);
#3531 = DEFINITIONAL_REPRESENTATION('',(#3532),#3536);
#3532 = CIRCLE('',#3533,74.98);
#3533 = AXIS2_PLACEMENT_2D('',#3534,#3535);
#3534 = CARTESIAN_POINT('',(0.,0.));
#3535 = DIRECTION('',(1.,-0.));
#3536 = ( GEOMETRIC_REPRESENTATION_CONTEXT(2) 
PARAMETRIC_REPRESENTATION_CONTEXT() REPRESENTATION_CONTEXT('2D SPACE',''
  ) );
#3537 = PCURVE('',#3538,#3543);
#3538 = CYLINDRICAL_SURFACE('',#3539,74.98);
#3539 = AXIS2_PLACEMENT_3D('',#3540,#3541,#3542);
#3540 = CARTESIAN_POINT('',(0.,0.,115.));
#3541 = DIRECTION('',(0.,-0.,-1.));
#3542 = DIRECTION('',(0.814641705205,0.579964561108,0.));
#3543 = DEFINITIONAL_REPRESENTATION('',(#3544),#3548);
#3544 = LINE('',#3545,#3546);
#3545 = CARTESIAN_POINT('',(-0.,0.));
#3546 = VECTOR('',#3547,1.);
#3547 = DIRECTION('',(-1.,0.));
#3548 = ( GEOMETRIC_REPRESENTATION_CONTEXT(2) 
PARAMETRIC_REPRESENTATION_CONTEXT() REPRESENTATION_CONTEXT('2D SPACE',''
  ) );
#3549 = ORIENTED_EDGE('',*,*,#3550,.F.);
#3550 = EDGE_CURVE('',#3551,#3522,#3553,.T.);
#3551 = VERTEX_POINT('',#3552);
#3552 = CARTESIAN_POINT('',(40.985875961986,56.351223337464,115.));
#3553 = SURFACE_CURVE('',#3554,(#3558,#3565),.PCURVE_S1.);
#3554 = LINE('',#3555,#3556);
#3555 = CARTESIAN_POINT('',(40.985875961986,56.351223337464,115.));
#3556 = VECTOR('',#3557,1.);
#3557 = DIRECTION('',(0.588201434586,0.808714456623,0.));
#3558 = PCURVE('',#3440,#3559);
#3559 = DEFINITIONAL_REPRESENTATION('',(#3560),#3564);
#3560 = LINE('',#3561,#3562);
#3561 = CARTESIAN_POINT('',(66.070516393793,22.135701106075));
#3562 = VECTOR('',#3563,1.);
#3563 = DIRECTION('',(0.948199144572,0.317676537114));
#3564 = ( GEOMETRIC_REPRESENTATION_CONTEXT(2) 
PARAMETRIC_REPRESENTATION_CONTEXT() REPRESENTATION_CONTEXT('2D SPACE',''
  ) );
#3565 = PCURVE('',#3566,#3571);
#3566 = PLANE('',#3567);
#3567 = AXIS2_PLACEMENT_3D('',#3568,#3569,#3570);
#3568 = CARTESIAN_POINT('',(42.594452720732,58.562845416046,
    114.61678217158));
#3569 = DIRECTION('',(-0.808714456623,0.588201434586,0.));
#3570 = DIRECTION('',(0.,0.,1.));
#3571 = DEFINITIONAL_REPRESENTATION('',(#3572),#3576);
#3572 = LINE('',#3573,#3574);
#3573 = CARTESIAN_POINT('',(0.383217828417,-2.734737904672));
#3574 = VECTOR('',#3575,1.);
#3575 = DIRECTION('',(0.,1.));
#3576 = ( GEOMETRIC_REPRESENTATION_CONTEXT(2) 
PARAMETRIC_REPRESENTATION_CONTEXT() REPRESENTATION_CONTEXT('2D SPACE',''
  ) );
#3577 = ORIENTED_EDGE('',*,*,#3578,.F.);
#3578 = EDGE_CURVE('',#3579,#3551,#3581,.T.);
#3579 = VERTEX_POINT('',#3580);
#3580 = CARTESIAN_POINT('',(56.351223337464,40.985875961986,115.));
#3581 = SURFACE_CURVE('',#3582,(#3587,#3594),.PCURVE_S1.);
#3582 = CIRCLE('',#3583,69.68);
#3583 = AXIS2_PLACEMENT_3D('',#3584,#3585,#3586);
#3584 = CARTESIAN_POINT('',(0.,0.,115.));
#3585 = DIRECTION('',(0.,-0.,1.));
#3586 = DIRECTION('',(0.808714456623,0.588201434586,0.));
#3587 = PCURVE('',#3440,#3588);
#3588 = DEFINITIONAL_REPRESENTATION('',(#3589),#3593);
#3589 = CIRCLE('',#3590,69.68);
#3590 = AXIS2_PLACEMENT_2D('',#3591,#3592);
#3591 = CARTESIAN_POINT('',(0.,0.));
#3592 = DIRECTION('',(0.99994851082,1.014769477844E-02));
#3593 = ( GEOMETRIC_REPRESENTATION_CONTEXT(2) 
PARAMETRIC_REPRESENTATION_CONTEXT() REPRESENTATION_CONTEXT('2D SPACE',''
  ) );
#3594 = PCURVE('',#3595,#3600);
#3595 = TOROIDAL_SURFACE('',#3596,70.48,0.8);
#3596 = AXIS2_PLACEMENT_3D('',#3597,#3598,#3599);
#3597 = CARTESIAN_POINT('',(0.,0.,115.));
#3598 = DIRECTION('',(0.,-0.,-1.));
#3599 = DIRECTION('',(0.808714456623,0.588201434586,0.));
#3600 = DEFINITIONAL_REPRESENTATION('',(#3601),#3605);
#3601 = LINE('',#3602,#3603);
#3602 = CARTESIAN_POINT('',(-0.,3.14159265359));
#3603 = VECTOR('',#3604,1.);
#3604 = DIRECTION('',(-1.,0.));
#3605 = ( GEOMETRIC_REPRESENTATION_CONTEXT(2) 
PARAMETRIC_REPRESENTATION_CONTEXT() REPRESENTATION_CONTEXT('2D SPACE',''
  ) );
#3606 = ORIENTED_EDGE('',*,*,#3607,.T.);
#3607 = EDGE_CURVE('',#3579,#3608,#3610,.T.);
#3608 = VERTEX_POINT('',#3609);
#3609 = CARTESIAN_POINT('',(60.637409957564,44.103343565294,115.));
#3610 = SURFACE_CURVE('',#3611,(#3615,#3622),.PCURVE_S1.);
#3611 = LINE('',#3612,#3613);
#3612 = CARTESIAN_POINT('',(56.351223337464,40.985875961986,115.));
#3613 = VECTOR('',#3614,1.);
#3614 = DIRECTION('',(0.808714456623,0.588201434586,0.));
#3615 = PCURVE('',#3440,#3616);
#3616 = DEFINITIONAL_REPRESENTATION('',(#3617),#3621);
#3617 = LINE('',#3618,#3619);
#3618 = CARTESIAN_POINT('',(69.676412233922,0.707091372162));
#3619 = VECTOR('',#3620,1.);
#3620 = DIRECTION('',(0.99994851082,1.014769477844E-02));
#3621 = ( GEOMETRIC_REPRESENTATION_CONTEXT(2) 
PARAMETRIC_REPRESENTATION_CONTEXT() REPRESENTATION_CONTEXT('2D SPACE',''
  ) );
#3622 = PCURVE('',#3623,#3628);
#3623 = PLANE('',#3624);
#3624 = AXIS2_PLACEMENT_3D('',#3625,#3626,#3627);
#3625 = CARTESIAN_POINT('',(58.562845416046,42.594452720732,
    114.61678217158));
#3626 = DIRECTION('',(-0.588201434586,0.808714456623,0.));
#3627 = DIRECTION('',(0.,0.,1.));
#3628 = DEFINITIONAL_REPRESENTATION('',(#3629),#3633);
#3629 = LINE('',#3630,#3631);
#3630 = CARTESIAN_POINT('',(0.383217828417,-2.734737904672));
#3631 = VECTOR('',#3632,1.);
#3632 = DIRECTION('',(0.,1.));
#3633 = ( GEOMETRIC_REPRESENTATION_CONTEXT(2) 
PARAMETRIC_REPRESENTATION_CONTEXT() REPRESENTATION_CONTEXT('2D SPACE',''
  ) );
#3634 = ORIENTED_EDGE('',*,*,#3635,.F.);
#3635 = EDGE_CURVE('',#3432,#3608,#3636,.T.);
#3636 = SURFACE_CURVE('',#3637,(#3642,#3649),.PCURVE_S1.);
#3637 = CIRCLE('',#3638,74.98);
#3638 = AXIS2_PLACEMENT_3D('',#3639,#3640,#3641);
#3639 = CARTESIAN_POINT('',(0.,0.,115.));
#3640 = DIRECTION('',(0.,-0.,1.));
#3641 = DIRECTION('',(0.814641705205,0.579964561108,0.));
#3642 = PCURVE('',#3440,#3643);
#3643 = DEFINITIONAL_REPRESENTATION('',(#3644),#3648);
#3644 = CIRCLE('',#3645,74.98);
#3645 = AXIS2_PLACEMENT_2D('',#3646,#3647);
#3646 = CARTESIAN_POINT('',(0.,0.));
#3647 = DIRECTION('',(1.,-0.));
#3648 = ( GEOMETRIC_REPRESENTATION_CONTEXT(2) 
PARAMETRIC_REPRESENTATION_CONTEXT() REPRESENTATION_CONTEXT('2D SPACE',''
  ) );
#3649 = PCURVE('',#3538,#3650);
#3650 = DEFINITIONAL_REPRESENTATION('',(#3651),#3655);
#3651 = LINE('',#3652,#3653);
#3652 = CARTESIAN_POINT('',(-0.,0.));
#3653 = VECTOR('',#3654,1.);
#3654 = DIRECTION('',(-1.,0.));
#3655 = ( GEOMETRIC_REPRESENTATION_CONTEXT(2) 
PARAMETRIC_REPRESENTATION_CONTEXT() REPRESENTATION_CONTEXT('2D SPACE',''
  ) );
#3656 = ADVANCED_FACE('',(#3657),#3452,.F.);
#3657 = FACE_BOUND('',#3658,.F.);
#3658 = EDGE_LOOP('',(#3659,#3660,#3683,#3711));
#3659 = ORIENTED_EDGE('',*,*,#3429,.T.);
#3660 = ORIENTED_EDGE('',*,*,#3661,.T.);
#3661 = EDGE_CURVE('',#3432,#3662,#3664,.T.);
#3662 = VERTEX_POINT('',#3663);
#3663 = CARTESIAN_POINT('',(61.081835056243,43.485742791884,113.5));
#3664 = SURFACE_CURVE('',#3665,(#3669,#3676),.PCURVE_S1.);
#3665 = LINE('',#3666,#3667);
#3666 = CARTESIAN_POINT('',(61.081835056243,43.485742791884,115.));
#3667 = VECTOR('',#3668,1.);
#3668 = DIRECTION('',(0.,0.,-1.));
#3669 = PCURVE('',#3452,#3670);
#3670 = DEFINITIONAL_REPRESENTATION('',(#3671),#3675);
#3671 = LINE('',#3672,#3673);
#3672 = CARTESIAN_POINT('',(0.701240328309,2.845938128099));
#3673 = VECTOR('',#3674,1.);
#3674 = DIRECTION('',(-1.,0.));
#3675 = ( GEOMETRIC_REPRESENTATION_CONTEXT(2) 
PARAMETRIC_REPRESENTATION_CONTEXT() REPRESENTATION_CONTEXT('2D SPACE',''
  ) );
#3676 = PCURVE('',#3538,#3677);
#3677 = DEFINITIONAL_REPRESENTATION('',(#3678),#3682);
#3678 = LINE('',#3679,#3680);
#3679 = CARTESIAN_POINT('',(-0.,0.));
#3680 = VECTOR('',#3681,1.);
#3681 = DIRECTION('',(-0.,1.));
#3682 = ( GEOMETRIC_REPRESENTATION_CONTEXT(2) 
PARAMETRIC_REPRESENTATION_CONTEXT() REPRESENTATION_CONTEXT('2D SPACE',''
  ) );
#3683 = ORIENTED_EDGE('',*,*,#3684,.T.);
#3684 = EDGE_CURVE('',#3662,#3685,#3687,.T.);
#3685 = VERTEX_POINT('',#3686);
#3686 = CARTESIAN_POINT('',(57.415947382822,40.875902266898,113.5));
#3687 = SURFACE_CURVE('',#3688,(#3692,#3699),.PCURVE_S1.);
#3688 = LINE('',#3689,#3690);
#3689 = CARTESIAN_POINT('',(61.081835056243,43.485742791884,113.5));
#3690 = VECTOR('',#3691,1.);
#3691 = DIRECTION('',(-0.814641705205,-0.579964561108,0.));
#3692 = PCURVE('',#3452,#3693);
#3693 = DEFINITIONAL_REPRESENTATION('',(#3694),#3698);
#3694 = LINE('',#3695,#3696);
#3695 = CARTESIAN_POINT('',(-0.798759671691,2.845938128099));
#3696 = VECTOR('',#3697,1.);
#3697 = DIRECTION('',(0.,-1.));
#3698 = ( GEOMETRIC_REPRESENTATION_CONTEXT(2) 
PARAMETRIC_REPRESENTATION_CONTEXT() REPRESENTATION_CONTEXT('2D SPACE',''
  ) );
#3699 = PCURVE('',#3700,#3705);
#3700 = PLANE('',#3701);
#3701 = AXIS2_PLACEMENT_3D('',#3702,#3703,#3704);
#3702 = CARTESIAN_POINT('',(0.,0.,113.5));
#3703 = DIRECTION('',(0.,0.,1.));
#3704 = DIRECTION('',(0.814641705205,0.579964561108,0.));
#3705 = DEFINITIONAL_REPRESENTATION('',(#3706),#3710);
#3706 = LINE('',#3707,#3708);
#3707 = CARTESIAN_POINT('',(74.98,0.));
#3708 = VECTOR('',#3709,1.);
#3709 = DIRECTION('',(-1.,0.));
#3710 = ( GEOMETRIC_REPRESENTATION_CONTEXT(2) 
PARAMETRIC_REPRESENTATION_CONTEXT() REPRESENTATION_CONTEXT('2D SPACE',''
  ) );
#3711 = ORIENTED_EDGE('',*,*,#3712,.T.);
#3712 = EDGE_CURVE('',#3685,#3430,#3713,.T.);
#3713 = SURFACE_CURVE('',#3714,(#3719,#3726),.PCURVE_S1.);
#3714 = CIRCLE('',#3715,1.5);
#3715 = AXIS2_PLACEMENT_3D('',#3716,#3717,#3718);
#3716 = CARTESIAN_POINT('',(57.415947382822,40.875902266898,115.));
#3717 = DIRECTION('',(-0.579964561108,0.814641705205,0.));
#3718 = DIRECTION('',(-1.543567322348E-14,-1.098905615716E-14,-1.));
#3719 = PCURVE('',#3452,#3720);
#3720 = DEFINITIONAL_REPRESENTATION('',(#3721),#3725);
#3721 = CIRCLE('',#3722,1.5);
#3722 = AXIS2_PLACEMENT_2D('',#3723,#3724);
#3723 = CARTESIAN_POINT('',(0.701240328309,-1.654061871901));
#3724 = DIRECTION('',(-1.,-1.894780628694E-14));
#3725 = ( GEOMETRIC_REPRESENTATION_CONTEXT(2) 
PARAMETRIC_REPRESENTATION_CONTEXT() REPRESENTATION_CONTEXT('2D SPACE',''
  ) );
#3726 = PCURVE('',#3481,#3727);
#3727 = DEFINITIONAL_REPRESENTATION('',(#3728),#3732);
#3728 = LINE('',#3729,#3730);
#3729 = CARTESIAN_POINT('',(-0.,1.570796326795));
#3730 = VECTOR('',#3731,1.);
#3731 = DIRECTION('',(-0.,1.));
#3732 = ( GEOMETRIC_REPRESENTATION_CONTEXT(2) 
PARAMETRIC_REPRESENTATION_CONTEXT() REPRESENTATION_CONTEXT('2D SPACE',''
  ) );
#3733 = ADVANCED_FACE('',(#3734),#3538,.T.);
#3734 = FACE_BOUND('',#3735,.F.);
#3735 = EDGE_LOOP('',(#3736,#3737,#3738,#3761,#3790,#3811,#3812,#3835));
#3736 = ORIENTED_EDGE('',*,*,#3661,.F.);
#3737 = ORIENTED_EDGE('',*,*,#3635,.T.);
#3738 = ORIENTED_EDGE('',*,*,#3739,.T.);
#3739 = EDGE_CURVE('',#3608,#3740,#3742,.T.);
#3740 = VERTEX_POINT('',#3741);
#3741 = CARTESIAN_POINT('',(60.637409957564,44.103343565294,114.2));
#3742 = SURFACE_CURVE('',#3743,(#3747,#3754),.PCURVE_S1.);
#3743 = LINE('',#3744,#3745);
#3744 = CARTESIAN_POINT('',(60.637409957564,44.103343565294,115.));
#3745 = VECTOR('',#3746,1.);
#3746 = DIRECTION('',(0.,0.,-1.));
#3747 = PCURVE('',#3538,#3748);
#3748 = DEFINITIONAL_REPRESENTATION('',(#3749),#3753);
#3749 = LINE('',#3750,#3751);
#3750 = CARTESIAN_POINT('',(-1.014786894752E-02,0.));
#3751 = VECTOR('',#3752,1.);
#3752 = DIRECTION('',(-0.,1.));
#3753 = ( GEOMETRIC_REPRESENTATION_CONTEXT(2) 
PARAMETRIC_REPRESENTATION_CONTEXT() REPRESENTATION_CONTEXT('2D SPACE',''
  ) );
#3754 = PCURVE('',#3623,#3755);
#3755 = DEFINITIONAL_REPRESENTATION('',(#3756),#3760);
#3756 = LINE('',#3757,#3758);
#3757 = CARTESIAN_POINT('',(0.383217828417,2.565262095328));
#3758 = VECTOR('',#3759,1.);
#3759 = DIRECTION('',(-1.,0.));
#3760 = ( GEOMETRIC_REPRESENTATION_CONTEXT(2) 
PARAMETRIC_REPRESENTATION_CONTEXT() REPRESENTATION_CONTEXT('2D SPACE',''
  ) );
#3761 = ORIENTED_EDGE('',*,*,#3762,.T.);
#3762 = EDGE_CURVE('',#3740,#3763,#3765,.T.);
#3763 = VERTEX_POINT('',#3764);
#3764 = CARTESIAN_POINT('',(44.103343565294,60.637409957564,114.2));
#3765 = SURFACE_CURVE('',#3766,(#3771,#3778),.PCURVE_S1.);
#3766 = CIRCLE('',#3767,74.98);
#3767 = AXIS2_PLACEMENT_3D('',#3768,#3769,#3770);
#3768 = CARTESIAN_POINT('',(0.,0.,114.2));
#3769 = DIRECTION('',(0.,-0.,1.));
#3770 = DIRECTION('',(0.808714456623,0.588201434586,0.));
#3771 = PCURVE('',#3538,#3772);
#3772 = DEFINITIONAL_REPRESENTATION('',(#3773),#3777);
#3773 = LINE('',#3774,#3775);
#3774 = CARTESIAN_POINT('',(-1.014786894752E-02,0.8));
#3775 = VECTOR('',#3776,1.);
#3776 = DIRECTION('',(-1.,0.));
#3777 = ( GEOMETRIC_REPRESENTATION_CONTEXT(2) 
PARAMETRIC_REPRESENTATION_CONTEXT() REPRESENTATION_CONTEXT('2D SPACE',''
  ) );
#3778 = PCURVE('',#3779,#3784);
#3779 = PLANE('',#3780);
#3780 = AXIS2_PLACEMENT_3D('',#3781,#3782,#3783);
#3781 = CARTESIAN_POINT('',(0.,0.,114.2));
#3782 = DIRECTION('',(0.,0.,1.));
#3783 = DIRECTION('',(0.808714456623,0.588201434586,0.));
#3784 = DEFINITIONAL_REPRESENTATION('',(#3785),#3789);
#3785 = CIRCLE('',#3786,74.98);
#3786 = AXIS2_PLACEMENT_2D('',#3787,#3788);
#3787 = CARTESIAN_POINT('',(0.,0.));
#3788 = DIRECTION('',(1.,0.));
#3789 = ( GEOMETRIC_REPRESENTATION_CONTEXT(2) 
PARAMETRIC_REPRESENTATION_CONTEXT() REPRESENTATION_CONTEXT('2D SPACE',''
  ) );
#3790 = ORIENTED_EDGE('',*,*,#3791,.F.);
#3791 = EDGE_CURVE('',#3522,#3763,#3792,.T.);
#3792 = SURFACE_CURVE('',#3793,(#3797,#3804),.PCURVE_S1.);
#3793 = LINE('',#3794,#3795);
#3794 = CARTESIAN_POINT('',(44.103343565294,60.637409957564,115.));
#3795 = VECTOR('',#3796,1.);
#3796 = DIRECTION('',(0.,0.,-1.));
#3797 = PCURVE('',#3538,#3798);
#3798 = DEFINITIONAL_REPRESENTATION('',(#3799),#3803);
#3799 = LINE('',#3800,#3801);
#3800 = CARTESIAN_POINT('',(-0.323278082706,0.));
#3801 = VECTOR('',#3802,1.);
#3802 = DIRECTION('',(-0.,1.));
#3803 = ( GEOMETRIC_REPRESENTATION_CONTEXT(2) 
PARAMETRIC_REPRESENTATION_CONTEXT() REPRESENTATION_CONTEXT('2D SPACE',''
  ) );
#3804 = PCURVE('',#3566,#3805);
#3805 = DEFINITIONAL_REPRESENTATION('',(#3806),#3810);
#3806 = LINE('',#3807,#3808);
#3807 = CARTESIAN_POINT('',(0.383217828417,2.565262095328));
#3808 = VECTOR('',#3809,1.);
#3809 = DIRECTION('',(-1.,0.));
#3810 = ( GEOMETRIC_REPRESENTATION_CONTEXT(2) 
PARAMETRIC_REPRESENTATION_CONTEXT() REPRESENTATION_CONTEXT('2D SPACE',''
  ) );
#3811 = ORIENTED_EDGE('',*,*,#3521,.T.);
#3812 = ORIENTED_EDGE('',*,*,#3813,.T.);
#3813 = EDGE_CURVE('',#3494,#3814,#3816,.T.);
#3814 = VERTEX_POINT('',#3815);
#3815 = CARTESIAN_POINT('',(43.485742791884,61.081835056243,113.5));
#3816 = SURFACE_CURVE('',#3817,(#3821,#3828),.PCURVE_S1.);
#3817 = LINE('',#3818,#3819);
#3818 = CARTESIAN_POINT('',(43.485742791884,61.081835056243,115.));
#3819 = VECTOR('',#3820,1.);
#3820 = DIRECTION('',(0.,0.,-1.));
#3821 = PCURVE('',#3538,#3822);
#3822 = DEFINITIONAL_REPRESENTATION('',(#3823),#3827);
#3823 = LINE('',#3824,#3825);
#3824 = CARTESIAN_POINT('',(-0.333425951653,0.));
#3825 = VECTOR('',#3826,1.);
#3826 = DIRECTION('',(-0.,1.));
#3827 = ( GEOMETRIC_REPRESENTATION_CONTEXT(2) 
PARAMETRIC_REPRESENTATION_CONTEXT() REPRESENTATION_CONTEXT('2D SPACE',''
  ) );
#3828 = PCURVE('',#3509,#3829);
#3829 = DEFINITIONAL_REPRESENTATION('',(#3830),#3834);
#3830 = LINE('',#3831,#3832);
#3831 = CARTESIAN_POINT('',(0.701240328309,2.845938128099));
#3832 = VECTOR('',#3833,1.);
#3833 = DIRECTION('',(-1.,0.));
#3834 = ( GEOMETRIC_REPRESENTATION_CONTEXT(2) 
PARAMETRIC_REPRESENTATION_CONTEXT() REPRESENTATION_CONTEXT('2D SPACE',''
  ) );
#3835 = ORIENTED_EDGE('',*,*,#3836,.F.);
#3836 = EDGE_CURVE('',#3662,#3814,#3837,.T.);
#3837 = SURFACE_CURVE('',#3838,(#3843,#3850),.PCURVE_S1.);
#3838 = CIRCLE('',#3839,74.98);
#3839 = AXIS2_PLACEMENT_3D('',#3840,#3841,#3842);
#3840 = CARTESIAN_POINT('',(0.,0.,113.5));
#3841 = DIRECTION('',(0.,-0.,1.));
#3842 = DIRECTION('',(0.814641705205,0.579964561108,0.));
#3843 = PCURVE('',#3538,#3844);
#3844 = DEFINITIONAL_REPRESENTATION('',(#3845),#3849);
#3845 = LINE('',#3846,#3847);
#3846 = CARTESIAN_POINT('',(-0.,1.5));
#3847 = VECTOR('',#3848,1.);
#3848 = DIRECTION('',(-1.,0.));
#3849 = ( GEOMETRIC_REPRESENTATION_CONTEXT(2) 
PARAMETRIC_REPRESENTATION_CONTEXT() REPRESENTATION_CONTEXT('2D SPACE',''
  ) );
#3850 = PCURVE('',#3700,#3851);
#3851 = DEFINITIONAL_REPRESENTATION('',(#3852),#3856);
#3852 = CIRCLE('',#3853,74.98);
#3853 = AXIS2_PLACEMENT_2D('',#3854,#3855);
#3854 = CARTESIAN_POINT('',(0.,0.));
#3855 = DIRECTION('',(1.,0.));
#3856 = ( GEOMETRIC_REPRESENTATION_CONTEXT(2) 
PARAMETRIC_REPRESENTATION_CONTEXT() REPRESENTATION_CONTEXT('2D SPACE',''
  ) );
#3857 = ADVANCED_FACE('',(#3858),#3623,.T.);
#3858 = FACE_BOUND('',#3859,.T.);
#3859 = EDGE_LOOP('',(#3860,#3861,#3862,#3885));
#3860 = ORIENTED_EDGE('',*,*,#3607,.T.);
#3861 = ORIENTED_EDGE('',*,*,#3739,.T.);
#3862 = ORIENTED_EDGE('',*,*,#3863,.T.);
#3863 = EDGE_CURVE('',#3740,#3864,#3866,.T.);
#3864 = VERTEX_POINT('',#3865);
#3865 = CARTESIAN_POINT('',(56.998194902762,41.456437109655,114.2));
#3866 = SURFACE_CURVE('',#3867,(#3871,#3878),.PCURVE_S1.);
#3867 = LINE('',#3868,#3869);
#3868 = CARTESIAN_POINT('',(60.637409957564,44.103343565294,114.2));
#3869 = VECTOR('',#3870,1.);
#3870 = DIRECTION('',(-0.808714456623,-0.588201434586,0.));
#3871 = PCURVE('',#3623,#3872);
#3872 = DEFINITIONAL_REPRESENTATION('',(#3873),#3877);
#3873 = LINE('',#3874,#3875);
#3874 = CARTESIAN_POINT('',(-0.416782171583,2.565262095328));
#3875 = VECTOR('',#3876,1.);
#3876 = DIRECTION('',(0.,-1.));
#3877 = ( GEOMETRIC_REPRESENTATION_CONTEXT(2) 
PARAMETRIC_REPRESENTATION_CONTEXT() REPRESENTATION_CONTEXT('2D SPACE',''
  ) );
#3878 = PCURVE('',#3779,#3879);
#3879 = DEFINITIONAL_REPRESENTATION('',(#3880),#3884);
#3880 = LINE('',#3881,#3882);
#3881 = CARTESIAN_POINT('',(74.98,0.));
#3882 = VECTOR('',#3883,1.);
#3883 = DIRECTION('',(-1.,0.));
#3884 = ( GEOMETRIC_REPRESENTATION_CONTEXT(2) 
PARAMETRIC_REPRESENTATION_CONTEXT() REPRESENTATION_CONTEXT('2D SPACE',''
  ) );
#3885 = ORIENTED_EDGE('',*,*,#3886,.T.);
#3886 = EDGE_CURVE('',#3864,#3579,#3887,.T.);
#3887 = SURFACE_CURVE('',#3888,(#3893,#3900),.PCURVE_S1.);
#3888 = CIRCLE('',#3889,0.8);
#3889 = AXIS2_PLACEMENT_3D('',#3890,#3891,#3892);
#3890 = CARTESIAN_POINT('',(56.998194902762,41.456437109655,115.));
#3891 = DIRECTION('',(-0.588201434586,0.808714456623,0.));
#3892 = DIRECTION('',(0.,0.,-1.));
#3893 = PCURVE('',#3623,#3894);
#3894 = DEFINITIONAL_REPRESENTATION('',(#3895),#3899);
#3895 = CIRCLE('',#3896,0.8);
#3896 = AXIS2_PLACEMENT_2D('',#3897,#3898);
#3897 = CARTESIAN_POINT('',(0.383217828417,-1.934737904672));
#3898 = DIRECTION('',(-1.,0.));
#3899 = ( GEOMETRIC_REPRESENTATION_CONTEXT(2) 
PARAMETRIC_REPRESENTATION_CONTEXT() REPRESENTATION_CONTEXT('2D SPACE',''
  ) );
#3900 = PCURVE('',#3595,#3901);
#3901 = DEFINITIONAL_REPRESENTATION('',(#3902),#3906);
#3902 = LINE('',#3903,#3904);
#3903 = CARTESIAN_POINT('',(-0.,1.570796326795));
#3904 = VECTOR('',#3905,1.);
#3905 = DIRECTION('',(-0.,1.));
#3906 = ( GEOMETRIC_REPRESENTATION_CONTEXT(2) 
PARAMETRIC_REPRESENTATION_CONTEXT() REPRESENTATION_CONTEXT('2D SPACE',''
  ) );
#3907 = ADVANCED_FACE('',(#3908),#3595,.F.);
#3908 = FACE_BOUND('',#3909,.T.);
#3909 = EDGE_LOOP('',(#3910,#3934,#3956,#3957));
#3910 = ORIENTED_EDGE('',*,*,#3911,.T.);
#3911 = EDGE_CURVE('',#3864,#3912,#3914,.T.);
#3912 = VERTEX_POINT('',#3913);
#3913 = CARTESIAN_POINT('',(41.456437109655,56.998194902762,114.2));
#3914 = SURFACE_CURVE('',#3915,(#3920,#3927),.PCURVE_S1.);
#3915 = CIRCLE('',#3916,70.48);
#3916 = AXIS2_PLACEMENT_3D('',#3917,#3918,#3919);
#3917 = CARTESIAN_POINT('',(0.,0.,114.2));
#3918 = DIRECTION('',(0.,-0.,1.));
#3919 = DIRECTION('',(0.808714456623,0.588201434586,0.));
#3920 = PCURVE('',#3595,#3921);
#3921 = DEFINITIONAL_REPRESENTATION('',(#3922),#3926);
#3922 = LINE('',#3923,#3924);
#3923 = CARTESIAN_POINT('',(-0.,1.570796326795));
#3924 = VECTOR('',#3925,1.);
#3925 = DIRECTION('',(-1.,0.));
#3926 = ( GEOMETRIC_REPRESENTATION_CONTEXT(2) 
PARAMETRIC_REPRESENTATION_CONTEXT() REPRESENTATION_CONTEXT('2D SPACE',''
  ) );
#3927 = PCURVE('',#3779,#3928);
#3928 = DEFINITIONAL_REPRESENTATION('',(#3929),#3933);
#3929 = CIRCLE('',#3930,70.48);
#3930 = AXIS2_PLACEMENT_2D('',#3931,#3932);
#3931 = CARTESIAN_POINT('',(0.,0.));
#3932 = DIRECTION('',(1.,0.));
#3933 = ( GEOMETRIC_REPRESENTATION_CONTEXT(2) 
PARAMETRIC_REPRESENTATION_CONTEXT() REPRESENTATION_CONTEXT('2D SPACE',''
  ) );
#3934 = ORIENTED_EDGE('',*,*,#3935,.T.);
#3935 = EDGE_CURVE('',#3912,#3551,#3936,.T.);
#3936 = SURFACE_CURVE('',#3937,(#3942,#3949),.PCURVE_S1.);
#3937 = CIRCLE('',#3938,0.8);
#3938 = AXIS2_PLACEMENT_3D('',#3939,#3940,#3941);
#3939 = CARTESIAN_POINT('',(41.456437109655,56.998194902762,115.));
#3940 = DIRECTION('',(-0.808714456623,0.588201434586,0.));
#3941 = DIRECTION('',(0.,0.,-1.));
#3942 = PCURVE('',#3595,#3943);
#3943 = DEFINITIONAL_REPRESENTATION('',(#3944),#3948);
#3944 = LINE('',#3945,#3946);
#3945 = CARTESIAN_POINT('',(-0.313130213758,1.570796326795));
#3946 = VECTOR('',#3947,1.);
#3947 = DIRECTION('',(-0.,1.));
#3948 = ( GEOMETRIC_REPRESENTATION_CONTEXT(2) 
PARAMETRIC_REPRESENTATION_CONTEXT() REPRESENTATION_CONTEXT('2D SPACE',''
  ) );
#3949 = PCURVE('',#3566,#3950);
#3950 = DEFINITIONAL_REPRESENTATION('',(#3951),#3955);
#3951 = CIRCLE('',#3952,0.8);
#3952 = AXIS2_PLACEMENT_2D('',#3953,#3954);
#3953 = CARTESIAN_POINT('',(0.383217828417,-1.934737904672));
#3954 = DIRECTION('',(-1.,0.));
#3955 = ( GEOMETRIC_REPRESENTATION_CONTEXT(2) 
PARAMETRIC_REPRESENTATION_CONTEXT() REPRESENTATION_CONTEXT('2D SPACE',''
  ) );
#3956 = ORIENTED_EDGE('',*,*,#3578,.F.);
#3957 = ORIENTED_EDGE('',*,*,#3886,.F.);
#3958 = ADVANCED_FACE('',(#3959),#3566,.F.);
#3959 = FACE_BOUND('',#3960,.F.);
#3960 = EDGE_LOOP('',(#3961,#3962,#3963,#3984));
#3961 = ORIENTED_EDGE('',*,*,#3550,.T.);
#3962 = ORIENTED_EDGE('',*,*,#3791,.T.);
#3963 = ORIENTED_EDGE('',*,*,#3964,.T.);
#3964 = EDGE_CURVE('',#3763,#3912,#3965,.T.);
#3965 = SURFACE_CURVE('',#3966,(#3970,#3977),.PCURVE_S1.);
#3966 = LINE('',#3967,#3968);
#3967 = CARTESIAN_POINT('',(44.103343565294,60.637409957564,114.2));
#3968 = VECTOR('',#3969,1.);
#3969 = DIRECTION('',(-0.588201434586,-0.808714456623,0.));
#3970 = PCURVE('',#3566,#3971);
#3971 = DEFINITIONAL_REPRESENTATION('',(#3972),#3976);
#3972 = LINE('',#3973,#3974);
#3973 = CARTESIAN_POINT('',(-0.416782171583,2.565262095328));
#3974 = VECTOR('',#3975,1.);
#3975 = DIRECTION('',(0.,-1.));
#3976 = ( GEOMETRIC_REPRESENTATION_CONTEXT(2) 
PARAMETRIC_REPRESENTATION_CONTEXT() REPRESENTATION_CONTEXT('2D SPACE',''
  ) );
#3977 = PCURVE('',#3779,#3978);
#3978 = DEFINITIONAL_REPRESENTATION('',(#3979),#3983);
#3979 = LINE('',#3980,#3981);
#3980 = CARTESIAN_POINT('',(71.334023053294,23.096700089668));
#3981 = VECTOR('',#3982,1.);
#3982 = DIRECTION('',(-0.951374007112,-0.308038144701));
#3983 = ( GEOMETRIC_REPRESENTATION_CONTEXT(2) 
PARAMETRIC_REPRESENTATION_CONTEXT() REPRESENTATION_CONTEXT('2D SPACE',''
  ) );
#3984 = ORIENTED_EDGE('',*,*,#3935,.T.);
#3985 = ADVANCED_FACE('',(#3986),#3509,.T.);
#3986 = FACE_BOUND('',#3987,.T.);
#3987 = EDGE_LOOP('',(#3988,#3989,#3990,#4013));
#3988 = ORIENTED_EDGE('',*,*,#3493,.T.);
#3989 = ORIENTED_EDGE('',*,*,#3813,.T.);
#3990 = ORIENTED_EDGE('',*,*,#3991,.T.);
#3991 = EDGE_CURVE('',#3814,#3992,#3994,.T.);
#3992 = VERTEX_POINT('',#3993);
#3993 = CARTESIAN_POINT('',(40.875902266898,57.415947382822,113.5));
#3994 = SURFACE_CURVE('',#3995,(#3999,#4006),.PCURVE_S1.);
#3995 = LINE('',#3996,#3997);
#3996 = CARTESIAN_POINT('',(43.485742791884,61.081835056243,113.5));
#3997 = VECTOR('',#3998,1.);
#3998 = DIRECTION('',(-0.579964561108,-0.814641705205,0.));
#3999 = PCURVE('',#3509,#4000);
#4000 = DEFINITIONAL_REPRESENTATION('',(#4001),#4005);
#4001 = LINE('',#4002,#4003);
#4002 = CARTESIAN_POINT('',(-0.798759671691,2.845938128099));
#4003 = VECTOR('',#4004,1.);
#4004 = DIRECTION('',(0.,-1.));
#4005 = ( GEOMETRIC_REPRESENTATION_CONTEXT(2) 
PARAMETRIC_REPRESENTATION_CONTEXT() REPRESENTATION_CONTEXT('2D SPACE',''
  ) );
#4006 = PCURVE('',#3700,#4007);
#4007 = DEFINITIONAL_REPRESENTATION('',(#4008),#4012);
#4008 = LINE('',#4009,#4010);
#4009 = CARTESIAN_POINT('',(70.850599320141,24.539620534492));
#4010 = VECTOR('',#4011,1.);
#4011 = DIRECTION('',(-0.944926638039,-0.327282215717));
#4012 = ( GEOMETRIC_REPRESENTATION_CONTEXT(2) 
PARAMETRIC_REPRESENTATION_CONTEXT() REPRESENTATION_CONTEXT('2D SPACE',''
  ) );
#4013 = ORIENTED_EDGE('',*,*,#4014,.T.);
#4014 = EDGE_CURVE('',#3992,#3465,#4015,.T.);
#4015 = SURFACE_CURVE('',#4016,(#4021,#4028),.PCURVE_S1.);
#4016 = CIRCLE('',#4017,1.5);
#4017 = AXIS2_PLACEMENT_3D('',#4018,#4019,#4020);
#4018 = CARTESIAN_POINT('',(40.875902266898,57.415947382822,115.));
#4019 = DIRECTION('',(-0.814641705205,0.579964561108,1.577721810442E-30)
  );
#4020 = DIRECTION('',(-1.098905615716E-14,-1.543567322348E-14,-1.));
#4021 = PCURVE('',#3509,#4022);
#4022 = DEFINITIONAL_REPRESENTATION('',(#4023),#4027);
#4023 = CIRCLE('',#4024,1.5);
#4024 = AXIS2_PLACEMENT_2D('',#4025,#4026);
#4025 = CARTESIAN_POINT('',(0.701240328309,-1.654061871901));
#4026 = DIRECTION('',(-1.,-1.894780628694E-14));
#4027 = ( GEOMETRIC_REPRESENTATION_CONTEXT(2) 
PARAMETRIC_REPRESENTATION_CONTEXT() REPRESENTATION_CONTEXT('2D SPACE',''
  ) );
#4028 = PCURVE('',#3481,#4029);
#4029 = DEFINITIONAL_REPRESENTATION('',(#4030),#4034);
#4030 = LINE('',#4031,#4032);
#4031 = CARTESIAN_POINT('',(-0.333425951653,1.570796326795));
#4032 = VECTOR('',#4033,1.);
#4033 = DIRECTION('',(-0.,1.));
#4034 = ( GEOMETRIC_REPRESENTATION_CONTEXT(2) 
PARAMETRIC_REPRESENTATION_CONTEXT() REPRESENTATION_CONTEXT('2D SPACE',''
  ) );
#4035 = ADVANCED_FACE('',(#4036),#3481,.T.);
#4036 = FACE_BOUND('',#4037,.F.);
#4037 = EDGE_LOOP('',(#4038,#4060,#4061,#4062));
#4038 = ORIENTED_EDGE('',*,*,#4039,.T.);
#4039 = EDGE_CURVE('',#3685,#3992,#4040,.T.);
#4040 = SURFACE_CURVE('',#4041,(#4046,#4053),.PCURVE_S1.);
#4041 = CIRCLE('',#4042,70.48);
#4042 = AXIS2_PLACEMENT_3D('',#4043,#4044,#4045);
#4043 = CARTESIAN_POINT('',(0.,0.,113.5));
#4044 = DIRECTION('',(0.,-0.,1.));
#4045 = DIRECTION('',(0.814641705205,0.579964561108,0.));
#4046 = PCURVE('',#3481,#4047);
#4047 = DEFINITIONAL_REPRESENTATION('',(#4048),#4052);
#4048 = LINE('',#4049,#4050);
#4049 = CARTESIAN_POINT('',(-0.,1.570796326795));
#4050 = VECTOR('',#4051,1.);
#4051 = DIRECTION('',(-1.,0.));
#4052 = ( GEOMETRIC_REPRESENTATION_CONTEXT(2) 
PARAMETRIC_REPRESENTATION_CONTEXT() REPRESENTATION_CONTEXT('2D SPACE',''
  ) );
#4053 = PCURVE('',#3700,#4054);
#4054 = DEFINITIONAL_REPRESENTATION('',(#4055),#4059);
#4055 = CIRCLE('',#4056,70.48);
#4056 = AXIS2_PLACEMENT_2D('',#4057,#4058);
#4057 = CARTESIAN_POINT('',(0.,0.));
#4058 = DIRECTION('',(1.,0.));
#4059 = ( GEOMETRIC_REPRESENTATION_CONTEXT(2) 
PARAMETRIC_REPRESENTATION_CONTEXT() REPRESENTATION_CONTEXT('2D SPACE',''
  ) );
#4060 = ORIENTED_EDGE('',*,*,#4014,.T.);
#4061 = ORIENTED_EDGE('',*,*,#3464,.F.);
#4062 = ORIENTED_EDGE('',*,*,#3712,.F.);
#4063 = ADVANCED_FACE('',(#4064),#3700,.F.);
#4064 = FACE_BOUND('',#4065,.F.);
#4065 = EDGE_LOOP('',(#4066,#4067,#4068,#4069));
#4066 = ORIENTED_EDGE('',*,*,#3836,.T.);
#4067 = ORIENTED_EDGE('',*,*,#3991,.T.);
#4068 = ORIENTED_EDGE('',*,*,#4039,.F.);
#4069 = ORIENTED_EDGE('',*,*,#3684,.F.);
#4070 = ADVANCED_FACE('',(#4071),#3779,.T.);
#4071 = FACE_BOUND('',#4072,.T.);
#4072 = EDGE_LOOP('',(#4073,#4074,#4075,#4076));
#4073 = ORIENTED_EDGE('',*,*,#3762,.T.);
#4074 = ORIENTED_EDGE('',*,*,#3964,.T.);
#4075 = ORIENTED_EDGE('',*,*,#3911,.F.);
#4076 = ORIENTED_EDGE('',*,*,#3863,.F.);
#4077 = ( GEOMETRIC_REPRESENTATION_CONTEXT(3) 
GLOBAL_UNCERTAINTY_ASSIGNED_CONTEXT((#4081)) 
GLOBAL_UNIT_ASSIGNED_CONTEXT((#4078,#4079,#4080)) REPRESENTATION_CONTEXT
('Context #1','3D Context with UNIT and UNCERTAINTY') );
#4078 = ( LENGTH_UNIT() NAMED_UNIT(*) SI_UNIT(.MILLI.,.METRE.) );
#4079 = ( NAMED_UNIT(*) PLANE_ANGLE_UNIT() SI_UNIT($,.RADIAN.) );
#4080 = ( NAMED_UNIT(*) SI_UNIT($,.STERADIAN.) SOLID_ANGLE_UNIT() );
#4081 = UNCERTAINTY_MEASURE_WITH_UNIT(LENGTH_MEASURE(1.E-07),#4078,
  'distance_accuracy_value','confusion accuracy');
#4082 = PRODUCT_RELATED_PRODUCT_CATEGORY('part',$,(#3419));
#4083 = SHAPE_DEFINITION_REPRESENTATION(#4084,#4090);
#4084 = PRODUCT_DEFINITION_SHAPE('','',#4085);
#4085 = PRODUCT_DEFINITION('design','',#4086,#4089);
#4086 = PRODUCT_DEFINITION_FORMATION('','',#4087);
#4087 = PRODUCT('Open CASCADE STEP translator 7.8 7',
  'Open CASCADE STEP translator 7.8 7','',(#4088));
#4088 = PRODUCT_CONTEXT('',#2,'mechanical');
#4089 = PRODUCT_DEFINITION_CONTEXT('part definition',#2,'design');
#4090 = ADVANCED_BREP_SHAPE_REPRESENTATION('',(#11,#4091),#4745);
#4091 = MANIFOLD_SOLID_BREP('',#4092);
#4092 = CLOSED_SHELL('',(#4093,#4324,#4401,#4525,#4575,#4626,#4653,#4703
    ,#4731,#4738));
#4093 = ADVANCED_FACE('',(#4094),#4108,.T.);
#4094 = FACE_BOUND('',#4095,.F.);
#4095 = EDGE_LOOP('',(#4096,#4131,#4160,#4188,#4217,#4245,#4274,#4302));
#4096 = ORIENTED_EDGE('',*,*,#4097,.F.);
#4097 = EDGE_CURVE('',#4098,#4100,#4102,.T.);
#4098 = VERTEX_POINT('',#4099);
#4099 = CARTESIAN_POINT('',(11.446665362631,68.023630100693,115.));
#4100 = VERTEX_POINT('',#4101);
#4101 = CARTESIAN_POINT('',(12.442316162512,73.940443388663,115.));
#4102 = SURFACE_CURVE('',#4103,(#4107,#4119),.PCURVE_S1.);
#4103 = LINE('',#4104,#4105);
#4104 = CARTESIAN_POINT('',(11.446665362631,68.023630100693,115.));
#4105 = VECTOR('',#4106,1.);
#4106 = DIRECTION('',(0.16594179998,0.986135547995,0.));
#4107 = PCURVE('',#4108,#4113);
#4108 = PLANE('',#4109);
#4109 = AXIS2_PLACEMENT_3D('',#4110,#4111,#4112);
#4110 = CARTESIAN_POINT('',(0.,0.,115.));
#4111 = DIRECTION('',(0.,0.,1.));
#4112 = DIRECTION('',(0.16594179998,0.986135547995,-0.));
#4113 = DEFINITIONAL_REPRESENTATION('',(#4114),#4118);
#4114 = LINE('',#4115,#4116);
#4115 = CARTESIAN_POINT('',(68.98,1.7763568394E-15));
#4116 = VECTOR('',#4117,1.);
#4117 = DIRECTION('',(1.,-0.));
#4118 = ( GEOMETRIC_REPRESENTATION_CONTEXT(2) 
PARAMETRIC_REPRESENTATION_CONTEXT() REPRESENTATION_CONTEXT('2D SPACE',''
  ) );
#4119 = PCURVE('',#4120,#4125);
#4120 = PLANE('',#4121);
#4121 = AXIS2_PLACEMENT_3D('',#4122,#4123,#4124);
#4122 = CARTESIAN_POINT('',(11.970056066903,71.133962633151,
    114.29875967169));
#4123 = DIRECTION('',(-0.986135547995,0.16594179998,0.));
#4124 = DIRECTION('',(0.,0.,1.));
#4125 = DEFINITIONAL_REPRESENTATION('',(#4126),#4130);
#4126 = LINE('',#4127,#4128);
#4127 = CARTESIAN_POINT('',(0.701240328309,-3.154061871901));
#4128 = VECTOR('',#4129,1.);
#4129 = DIRECTION('',(0.,1.));
#4130 = ( GEOMETRIC_REPRESENTATION_CONTEXT(2) 
PARAMETRIC_REPRESENTATION_CONTEXT() REPRESENTATION_CONTEXT('2D SPACE',''
  ) );
#4131 = ORIENTED_EDGE('',*,*,#4132,.T.);
#4132 = EDGE_CURVE('',#4098,#4133,#4135,.T.);
#4133 = VERTEX_POINT('',#4134);
#4134 = CARTESIAN_POINT('',(-11.44666536263,68.023630100693,115.));
#4135 = SURFACE_CURVE('',#4136,(#4141,#4148),.PCURVE_S1.);
#4136 = CIRCLE('',#4137,68.98);
#4137 = AXIS2_PLACEMENT_3D('',#4138,#4139,#4140);
#4138 = CARTESIAN_POINT('',(0.,0.,115.));
#4139 = DIRECTION('',(0.,-0.,1.));
#4140 = DIRECTION('',(0.16594179998,0.986135547995,0.));
#4141 = PCURVE('',#4108,#4142);
#4142 = DEFINITIONAL_REPRESENTATION('',(#4143),#4147);
#4143 = CIRCLE('',#4144,68.98);
#4144 = AXIS2_PLACEMENT_2D('',#4145,#4146);
#4145 = CARTESIAN_POINT('',(0.,0.));
#4146 = DIRECTION('',(1.,-0.));
#4147 = ( GEOMETRIC_REPRESENTATION_CONTEXT(2) 
PARAMETRIC_REPRESENTATION_CONTEXT() REPRESENTATION_CONTEXT('2D SPACE',''
  ) );
#4148 = PCURVE('',#4149,#4154);
#4149 = TOROIDAL_SURFACE('',#4150,70.48,1.5);
#4150 = AXIS2_PLACEMENT_3D('',#4151,#4152,#4153);
#4151 = CARTESIAN_POINT('',(0.,0.,115.));
#4152 = DIRECTION('',(0.,-0.,-1.));
#4153 = DIRECTION('',(0.16594179998,0.986135547995,0.));
#4154 = DEFINITIONAL_REPRESENTATION('',(#4155),#4159);
#4155 = LINE('',#4156,#4157);
#4156 = CARTESIAN_POINT('',(-0.,3.14159265359));
#4157 = VECTOR('',#4158,1.);
#4158 = DIRECTION('',(-1.,0.));
#4159 = ( GEOMETRIC_REPRESENTATION_CONTEXT(2) 
PARAMETRIC_REPRESENTATION_CONTEXT() REPRESENTATION_CONTEXT('2D SPACE',''
  ) );
#4160 = ORIENTED_EDGE('',*,*,#4161,.T.);
#4161 = EDGE_CURVE('',#4133,#4162,#4164,.T.);
#4162 = VERTEX_POINT('',#4163);
#4163 = CARTESIAN_POINT('',(-12.44231616251,73.940443388663,115.));
#4164 = SURFACE_CURVE('',#4165,(#4169,#4176),.PCURVE_S1.);
#4165 = LINE('',#4166,#4167);
#4166 = CARTESIAN_POINT('',(-11.44666536263,68.023630100693,115.));
#4167 = VECTOR('',#4168,1.);
#4168 = DIRECTION('',(-0.16594179998,0.986135547995,0.));
#4169 = PCURVE('',#4108,#4170);
#4170 = DEFINITIONAL_REPRESENTATION('',(#4171),#4175);
#4171 = LINE('',#4172,#4173);
#4172 = CARTESIAN_POINT('',(65.181039491909,22.575927240187));
#4173 = VECTOR('',#4174,1.);
#4174 = DIRECTION('',(0.944926638039,0.327282215717));
#4175 = ( GEOMETRIC_REPRESENTATION_CONTEXT(2) 
PARAMETRIC_REPRESENTATION_CONTEXT() REPRESENTATION_CONTEXT('2D SPACE',''
  ) );
#4176 = PCURVE('',#4177,#4182);
#4177 = PLANE('',#4178);
#4178 = AXIS2_PLACEMENT_3D('',#4179,#4180,#4181);
#4179 = CARTESIAN_POINT('',(-11.9700560669,71.133962633151,
    114.29875967169));
#4180 = DIRECTION('',(-0.986135547995,-0.16594179998,0.));
#4181 = DIRECTION('',(0.,0.,1.));
#4182 = DEFINITIONAL_REPRESENTATION('',(#4183),#4187);
#4183 = LINE('',#4184,#4185);
#4184 = CARTESIAN_POINT('',(0.701240328309,-3.154061871901));
#4185 = VECTOR('',#4186,1.);
#4186 = DIRECTION('',(0.,1.));
#4187 = ( GEOMETRIC_REPRESENTATION_CONTEXT(2) 
PARAMETRIC_REPRESENTATION_CONTEXT() REPRESENTATION_CONTEXT('2D SPACE',''
  ) );
#4188 = ORIENTED_EDGE('',*,*,#4189,.F.);
#4189 = EDGE_CURVE('',#4190,#4162,#4192,.T.);
#4190 = VERTEX_POINT('',#4191);
#4191 = CARTESIAN_POINT('',(-11.69135046656,74.062897082601,115.));
#4192 = SURFACE_CURVE('',#4193,(#4198,#4205),.PCURVE_S1.);
#4193 = CIRCLE('',#4194,74.98);
#4194 = AXIS2_PLACEMENT_3D('',#4195,#4196,#4197);
#4195 = CARTESIAN_POINT('',(0.,0.,115.));
#4196 = DIRECTION('',(0.,-0.,1.));
#4197 = DIRECTION('',(0.16594179998,0.986135547995,0.));
#4198 = PCURVE('',#4108,#4199);
#4199 = DEFINITIONAL_REPRESENTATION('',(#4200),#4204);
#4200 = CIRCLE('',#4201,74.98);
#4201 = AXIS2_PLACEMENT_2D('',#4202,#4203);
#4202 = CARTESIAN_POINT('',(0.,0.));
#4203 = DIRECTION('',(1.,-0.));
#4204 = ( GEOMETRIC_REPRESENTATION_CONTEXT(2) 
PARAMETRIC_REPRESENTATION_CONTEXT() REPRESENTATION_CONTEXT('2D SPACE',''
  ) );
#4205 = PCURVE('',#4206,#4211);
#4206 = CYLINDRICAL_SURFACE('',#4207,74.98);
#4207 = AXIS2_PLACEMENT_3D('',#4208,#4209,#4210);
#4208 = CARTESIAN_POINT('',(0.,0.,115.));
#4209 = DIRECTION('',(0.,-0.,-1.));
#4210 = DIRECTION('',(0.16594179998,0.986135547995,0.));
#4211 = DEFINITIONAL_REPRESENTATION('',(#4212),#4216);
#4212 = LINE('',#4213,#4214);
#4213 = CARTESIAN_POINT('',(-0.,0.));
#4214 = VECTOR('',#4215,1.);
#4215 = DIRECTION('',(-1.,0.));
#4216 = ( GEOMETRIC_REPRESENTATION_CONTEXT(2) 
PARAMETRIC_REPRESENTATION_CONTEXT() REPRESENTATION_CONTEXT('2D SPACE',''
  ) );
#4217 = ORIENTED_EDGE('',*,*,#4218,.F.);
#4218 = EDGE_CURVE('',#4219,#4190,#4221,.T.);
#4219 = VERTEX_POINT('',#4220);
#4220 = CARTESIAN_POINT('',(-10.86494132448,68.827722975669,115.));
#4221 = SURFACE_CURVE('',#4222,(#4226,#4233),.PCURVE_S1.);
#4222 = LINE('',#4223,#4224);
#4223 = CARTESIAN_POINT('',(-10.86494132448,68.827722975669,115.));
#4224 = VECTOR('',#4225,1.);
#4225 = DIRECTION('',(-0.155926253222,0.987768699421,0.));
#4226 = PCURVE('',#4108,#4227);
#4227 = DEFINITIONAL_REPRESENTATION('',(#4228),#4232);
#4228 = LINE('',#4229,#4230);
#4229 = CARTESIAN_POINT('',(66.070516393793,22.135701106075));
#4230 = VECTOR('',#4231,1.);
#4231 = DIRECTION('',(0.948199144572,0.317676537114));
#4232 = ( GEOMETRIC_REPRESENTATION_CONTEXT(2) 
PARAMETRIC_REPRESENTATION_CONTEXT() REPRESENTATION_CONTEXT('2D SPACE',''
  ) );
#4233 = PCURVE('',#4234,#4239);
#4234 = PLANE('',#4235);
#4235 = AXIS2_PLACEMENT_3D('',#4236,#4237,#4238);
#4236 = CARTESIAN_POINT('',(-11.2913587595,71.529011479025,
    114.61678217158));
#4237 = DIRECTION('',(-0.987768699421,-0.155926253222,0.));
#4238 = DIRECTION('',(0.,0.,1.));
#4239 = DEFINITIONAL_REPRESENTATION('',(#4240),#4244);
#4240 = LINE('',#4241,#4242);
#4241 = CARTESIAN_POINT('',(0.383217828417,-2.734737904672));
#4242 = VECTOR('',#4243,1.);
#4243 = DIRECTION('',(0.,1.));
#4244 = ( GEOMETRIC_REPRESENTATION_CONTEXT(2) 
PARAMETRIC_REPRESENTATION_CONTEXT() REPRESENTATION_CONTEXT('2D SPACE',''
  ) );
#4245 = ORIENTED_EDGE('',*,*,#4246,.F.);
#4246 = EDGE_CURVE('',#4247,#4219,#4249,.T.);
#4247 = VERTEX_POINT('',#4248);
#4248 = CARTESIAN_POINT('',(10.864941324487,68.827722975669,115.));
#4249 = SURFACE_CURVE('',#4250,(#4255,#4262),.PCURVE_S1.);
#4250 = CIRCLE('',#4251,69.68);
#4251 = AXIS2_PLACEMENT_3D('',#4252,#4253,#4254);
#4252 = CARTESIAN_POINT('',(0.,0.,115.));
#4253 = DIRECTION('',(0.,-0.,1.));
#4254 = DIRECTION('',(0.155926253222,0.987768699421,0.));
#4255 = PCURVE('',#4108,#4256);
#4256 = DEFINITIONAL_REPRESENTATION('',(#4257),#4261);
#4257 = CIRCLE('',#4258,69.68);
#4258 = AXIS2_PLACEMENT_2D('',#4259,#4260);
#4259 = CARTESIAN_POINT('',(0.,0.));
#4260 = DIRECTION('',(0.99994851082,1.014769477844E-02));
#4261 = ( GEOMETRIC_REPRESENTATION_CONTEXT(2) 
PARAMETRIC_REPRESENTATION_CONTEXT() REPRESENTATION_CONTEXT('2D SPACE',''
  ) );
#4262 = PCURVE('',#4263,#4268);
#4263 = TOROIDAL_SURFACE('',#4264,70.48,0.8);
#4264 = AXIS2_PLACEMENT_3D('',#4265,#4266,#4267);
#4265 = CARTESIAN_POINT('',(0.,0.,115.));
#4266 = DIRECTION('',(0.,-0.,-1.));
#4267 = DIRECTION('',(0.155926253222,0.987768699421,0.));
#4268 = DEFINITIONAL_REPRESENTATION('',(#4269),#4273);
#4269 = LINE('',#4270,#4271);
#4270 = CARTESIAN_POINT('',(-0.,3.14159265359));
#4271 = VECTOR('',#4272,1.);
#4272 = DIRECTION('',(-1.,0.));
#4273 = ( GEOMETRIC_REPRESENTATION_CONTEXT(2) 
PARAMETRIC_REPRESENTATION_CONTEXT() REPRESENTATION_CONTEXT('2D SPACE',''
  ) );
#4274 = ORIENTED_EDGE('',*,*,#4275,.T.);
#4275 = EDGE_CURVE('',#4247,#4276,#4278,.T.);
#4276 = VERTEX_POINT('',#4277);
#4277 = CARTESIAN_POINT('',(11.691350466562,74.062897082601,115.));
#4278 = SURFACE_CURVE('',#4279,(#4283,#4290),.PCURVE_S1.);
#4279 = LINE('',#4280,#4281);
#4280 = CARTESIAN_POINT('',(10.864941324487,68.827722975669,115.));
#4281 = VECTOR('',#4282,1.);
#4282 = DIRECTION('',(0.155926253222,0.987768699421,0.));
#4283 = PCURVE('',#4108,#4284);
#4284 = DEFINITIONAL_REPRESENTATION('',(#4285),#4289);
#4285 = LINE('',#4286,#4287);
#4286 = CARTESIAN_POINT('',(69.676412233922,0.707091372162));
#4287 = VECTOR('',#4288,1.);
#4288 = DIRECTION('',(0.99994851082,1.014769477844E-02));
#4289 = ( GEOMETRIC_REPRESENTATION_CONTEXT(2) 
PARAMETRIC_REPRESENTATION_CONTEXT() REPRESENTATION_CONTEXT('2D SPACE',''
  ) );
#4290 = PCURVE('',#4291,#4296);
#4291 = PLANE('',#4292);
#4292 = AXIS2_PLACEMENT_3D('',#4293,#4294,#4295);
#4293 = CARTESIAN_POINT('',(11.291358759506,71.529011479025,
    114.61678217158));
#4294 = DIRECTION('',(-0.987768699421,0.155926253222,0.));
#4295 = DIRECTION('',(0.,0.,1.));
#4296 = DEFINITIONAL_REPRESENTATION('',(#4297),#4301);
#4297 = LINE('',#4298,#4299);
#4298 = CARTESIAN_POINT('',(0.383217828417,-2.734737904672));
#4299 = VECTOR('',#4300,1.);
#4300 = DIRECTION('',(0.,1.));
#4301 = ( GEOMETRIC_REPRESENTATION_CONTEXT(2) 
PARAMETRIC_REPRESENTATION_CONTEXT() REPRESENTATION_CONTEXT('2D SPACE',''
  ) );
#4302 = ORIENTED_EDGE('',*,*,#4303,.F.);
#4303 = EDGE_CURVE('',#4100,#4276,#4304,.T.);
#4304 = SURFACE_CURVE('',#4305,(#4310,#4317),.PCURVE_S1.);
#4305 = CIRCLE('',#4306,74.98);
#4306 = AXIS2_PLACEMENT_3D('',#4307,#4308,#4309);
#4307 = CARTESIAN_POINT('',(0.,0.,115.));
#4308 = DIRECTION('',(0.,-0.,1.));
#4309 = DIRECTION('',(0.16594179998,0.986135547995,0.));
#4310 = PCURVE('',#4108,#4311);
#4311 = DEFINITIONAL_REPRESENTATION('',(#4312),#4316);
#4312 = CIRCLE('',#4313,74.98);
#4313 = AXIS2_PLACEMENT_2D('',#4314,#4315);
#4314 = CARTESIAN_POINT('',(0.,0.));
#4315 = DIRECTION('',(1.,-0.));
#4316 = ( GEOMETRIC_REPRESENTATION_CONTEXT(2) 
PARAMETRIC_REPRESENTATION_CONTEXT() REPRESENTATION_CONTEXT('2D SPACE',''
  ) );
#4317 = PCURVE('',#4206,#4318);
#4318 = DEFINITIONAL_REPRESENTATION('',(#4319),#4323);
#4319 = LINE('',#4320,#4321);
#4320 = CARTESIAN_POINT('',(-0.,0.));
#4321 = VECTOR('',#4322,1.);
#4322 = DIRECTION('',(-1.,0.));
#4323 = ( GEOMETRIC_REPRESENTATION_CONTEXT(2) 
PARAMETRIC_REPRESENTATION_CONTEXT() REPRESENTATION_CONTEXT('2D SPACE',''
  ) );
#4324 = ADVANCED_FACE('',(#4325),#4120,.F.);
#4325 = FACE_BOUND('',#4326,.F.);
#4326 = EDGE_LOOP('',(#4327,#4328,#4351,#4379));
#4327 = ORIENTED_EDGE('',*,*,#4097,.T.);
#4328 = ORIENTED_EDGE('',*,*,#4329,.T.);
#4329 = EDGE_CURVE('',#4100,#4330,#4332,.T.);
#4330 = VERTEX_POINT('',#4331);
#4331 = CARTESIAN_POINT('',(12.442316162512,73.940443388663,113.5));
#4332 = SURFACE_CURVE('',#4333,(#4337,#4344),.PCURVE_S1.);
#4333 = LINE('',#4334,#4335);
#4334 = CARTESIAN_POINT('',(12.442316162512,73.940443388663,115.));
#4335 = VECTOR('',#4336,1.);
#4336 = DIRECTION('',(0.,0.,-1.));
#4337 = PCURVE('',#4120,#4338);
#4338 = DEFINITIONAL_REPRESENTATION('',(#4339),#4343);
#4339 = LINE('',#4340,#4341);
#4340 = CARTESIAN_POINT('',(0.701240328309,2.845938128099));
#4341 = VECTOR('',#4342,1.);
#4342 = DIRECTION('',(-1.,0.));
#4343 = ( GEOMETRIC_REPRESENTATION_CONTEXT(2) 
PARAMETRIC_REPRESENTATION_CONTEXT() REPRESENTATION_CONTEXT('2D SPACE',''
  ) );
#4344 = PCURVE('',#4206,#4345);
#4345 = DEFINITIONAL_REPRESENTATION('',(#4346),#4350);
#4346 = LINE('',#4347,#4348);
#4347 = CARTESIAN_POINT('',(-0.,0.));
#4348 = VECTOR('',#4349,1.);
#4349 = DIRECTION('',(-0.,1.));
#4350 = ( GEOMETRIC_REPRESENTATION_CONTEXT(2) 
PARAMETRIC_REPRESENTATION_CONTEXT() REPRESENTATION_CONTEXT('2D SPACE',''
  ) );
#4351 = ORIENTED_EDGE('',*,*,#4352,.T.);
#4352 = EDGE_CURVE('',#4330,#4353,#4355,.T.);
#4353 = VERTEX_POINT('',#4354);
#4354 = CARTESIAN_POINT('',(11.695578062602,69.502833422686,113.5));
#4355 = SURFACE_CURVE('',#4356,(#4360,#4367),.PCURVE_S1.);
#4356 = LINE('',#4357,#4358);
#4357 = CARTESIAN_POINT('',(12.442316162512,73.940443388663,113.5));
#4358 = VECTOR('',#4359,1.);
#4359 = DIRECTION('',(-0.16594179998,-0.986135547995,0.));
#4360 = PCURVE('',#4120,#4361);
#4361 = DEFINITIONAL_REPRESENTATION('',(#4362),#4366);
#4362 = LINE('',#4363,#4364);
#4363 = CARTESIAN_POINT('',(-0.798759671691,2.845938128099));
#4364 = VECTOR('',#4365,1.);
#4365 = DIRECTION('',(0.,-1.));
#4366 = ( GEOMETRIC_REPRESENTATION_CONTEXT(2) 
PARAMETRIC_REPRESENTATION_CONTEXT() REPRESENTATION_CONTEXT('2D SPACE',''
  ) );
#4367 = PCURVE('',#4368,#4373);
#4368 = PLANE('',#4369);
#4369 = AXIS2_PLACEMENT_3D('',#4370,#4371,#4372);
#4370 = CARTESIAN_POINT('',(0.,0.,113.5));
#4371 = DIRECTION('',(0.,0.,1.));
#4372 = DIRECTION('',(0.16594179998,0.986135547995,0.));
#4373 = DEFINITIONAL_REPRESENTATION('',(#4374),#4378);
#4374 = LINE('',#4375,#4376);
#4375 = CARTESIAN_POINT('',(74.98,0.));
#4376 = VECTOR('',#4377,1.);
#4377 = DIRECTION('',(-1.,0.));
#4378 = ( GEOMETRIC_REPRESENTATION_CONTEXT(2) 
PARAMETRIC_REPRESENTATION_CONTEXT() REPRESENTATION_CONTEXT('2D SPACE',''
  ) );
#4379 = ORIENTED_EDGE('',*,*,#4380,.T.);
#4380 = EDGE_CURVE('',#4353,#4098,#4381,.T.);
#4381 = SURFACE_CURVE('',#4382,(#4387,#4394),.PCURVE_S1.);
#4382 = CIRCLE('',#4383,1.5);
#4383 = AXIS2_PLACEMENT_3D('',#4384,#4385,#4386);
#4384 = CARTESIAN_POINT('',(11.695578062602,69.502833422686,115.));
#4385 = DIRECTION('',(-0.986135547995,0.16594179998,0.));
#4386 = DIRECTION('',(-3.14423308093E-15,-1.868510533607E-14,-1.));
#4387 = PCURVE('',#4120,#4388);
#4388 = DEFINITIONAL_REPRESENTATION('',(#4389),#4393);
#4389 = CIRCLE('',#4390,1.5);
#4390 = AXIS2_PLACEMENT_2D('',#4391,#4392);
#4391 = CARTESIAN_POINT('',(0.701240328309,-1.654061871901));
#4392 = DIRECTION('',(-1.,-1.894780628694E-14));
#4393 = ( GEOMETRIC_REPRESENTATION_CONTEXT(2) 
PARAMETRIC_REPRESENTATION_CONTEXT() REPRESENTATION_CONTEXT('2D SPACE',''
  ) );
#4394 = PCURVE('',#4149,#4395);
#4395 = DEFINITIONAL_REPRESENTATION('',(#4396),#4400);
#4396 = LINE('',#4397,#4398);
#4397 = CARTESIAN_POINT('',(-0.,1.570796326795));
#4398 = VECTOR('',#4399,1.);
#4399 = DIRECTION('',(-0.,1.));
#4400 = ( GEOMETRIC_REPRESENTATION_CONTEXT(2) 
PARAMETRIC_REPRESENTATION_CONTEXT() REPRESENTATION_CONTEXT('2D SPACE',''
  ) );
#4401 = ADVANCED_FACE('',(#4402),#4206,.T.);
#4402 = FACE_BOUND('',#4403,.F.);
#4403 = EDGE_LOOP('',(#4404,#4405,#4406,#4429,#4458,#4479,#4480,#4503));
#4404 = ORIENTED_EDGE('',*,*,#4329,.F.);
#4405 = ORIENTED_EDGE('',*,*,#4303,.T.);
#4406 = ORIENTED_EDGE('',*,*,#4407,.T.);
#4407 = EDGE_CURVE('',#4276,#4408,#4410,.T.);
#4408 = VERTEX_POINT('',#4409);
#4409 = CARTESIAN_POINT('',(11.691350466562,74.062897082601,114.2));
#4410 = SURFACE_CURVE('',#4411,(#4415,#4422),.PCURVE_S1.);
#4411 = LINE('',#4412,#4413);
#4412 = CARTESIAN_POINT('',(11.691350466562,74.062897082601,115.));
#4413 = VECTOR('',#4414,1.);
#4414 = DIRECTION('',(0.,0.,-1.));
#4415 = PCURVE('',#4206,#4416);
#4416 = DEFINITIONAL_REPRESENTATION('',(#4417),#4421);
#4417 = LINE('',#4418,#4419);
#4418 = CARTESIAN_POINT('',(-1.014786894752E-02,0.));
#4419 = VECTOR('',#4420,1.);
#4420 = DIRECTION('',(-0.,1.));
#4421 = ( GEOMETRIC_REPRESENTATION_CONTEXT(2) 
PARAMETRIC_REPRESENTATION_CONTEXT() REPRESENTATION_CONTEXT('2D SPACE',''
  ) );
#4422 = PCURVE('',#4291,#4423);
#4423 = DEFINITIONAL_REPRESENTATION('',(#4424),#4428);
#4424 = LINE('',#4425,#4426);
#4425 = CARTESIAN_POINT('',(0.383217828417,2.565262095328));
#4426 = VECTOR('',#4427,1.);
#4427 = DIRECTION('',(-1.,0.));
#4428 = ( GEOMETRIC_REPRESENTATION_CONTEXT(2) 
PARAMETRIC_REPRESENTATION_CONTEXT() REPRESENTATION_CONTEXT('2D SPACE',''
  ) );
#4429 = ORIENTED_EDGE('',*,*,#4430,.T.);
#4430 = EDGE_CURVE('',#4408,#4431,#4433,.T.);
#4431 = VERTEX_POINT('',#4432);
#4432 = CARTESIAN_POINT('',(-11.69135046656,74.062897082601,114.2));
#4433 = SURFACE_CURVE('',#4434,(#4439,#4446),.PCURVE_S1.);
#4434 = CIRCLE('',#4435,74.98);
#4435 = AXIS2_PLACEMENT_3D('',#4436,#4437,#4438);
#4436 = CARTESIAN_POINT('',(0.,0.,114.2));
#4437 = DIRECTION('',(0.,-0.,1.));
#4438 = DIRECTION('',(0.155926253222,0.987768699421,0.));
#4439 = PCURVE('',#4206,#4440);
#4440 = DEFINITIONAL_REPRESENTATION('',(#4441),#4445);
#4441 = LINE('',#4442,#4443);
#4442 = CARTESIAN_POINT('',(-1.014786894752E-02,0.8));
#4443 = VECTOR('',#4444,1.);
#4444 = DIRECTION('',(-1.,0.));
#4445 = ( GEOMETRIC_REPRESENTATION_CONTEXT(2) 
PARAMETRIC_REPRESENTATION_CONTEXT() REPRESENTATION_CONTEXT('2D SPACE',''
  ) );
#4446 = PCURVE('',#4447,#4452);
#4447 = PLANE('',#4448);
#4448 = AXIS2_PLACEMENT_3D('',#4449,#4450,#4451);
#4449 = CARTESIAN_POINT('',(0.,0.,114.2));
#4450 = DIRECTION('',(0.,0.,1.));
#4451 = DIRECTION('',(0.155926253222,0.987768699421,0.));
#4452 = DEFINITIONAL_REPRESENTATION('',(#4453),#4457);
#4453 = CIRCLE('',#4454,74.98);
#4454 = AXIS2_PLACEMENT_2D('',#4455,#4456);
#4455 = CARTESIAN_POINT('',(0.,0.));
#4456 = DIRECTION('',(1.,0.));
#4457 = ( GEOMETRIC_REPRESENTATION_CONTEXT(2) 
PARAMETRIC_REPRESENTATION_CONTEXT() REPRESENTATION_CONTEXT('2D SPACE',''
  ) );
#4458 = ORIENTED_EDGE('',*,*,#4459,.F.);
#4459 = EDGE_CURVE('',#4190,#4431,#4460,.T.);
#4460 = SURFACE_CURVE('',#4461,(#4465,#4472),.PCURVE_S1.);
#4461 = LINE('',#4462,#4463);
#4462 = CARTESIAN_POINT('',(-11.69135046656,74.062897082601,115.));
#4463 = VECTOR('',#4464,1.);
#4464 = DIRECTION('',(0.,0.,-1.));
#4465 = PCURVE('',#4206,#4466);
#4466 = DEFINITIONAL_REPRESENTATION('',(#4467),#4471);
#4467 = LINE('',#4468,#4469);
#4468 = CARTESIAN_POINT('',(-0.323278082706,0.));
#4469 = VECTOR('',#4470,1.);
#4470 = DIRECTION('',(-0.,1.));
#4471 = ( GEOMETRIC_REPRESENTATION_CONTEXT(2) 
PARAMETRIC_REPRESENTATION_CONTEXT() REPRESENTATION_CONTEXT('2D SPACE',''
  ) );
#4472 = PCURVE('',#4234,#4473);
#4473 = DEFINITIONAL_REPRESENTATION('',(#4474),#4478);
#4474 = LINE('',#4475,#4476);
#4475 = CARTESIAN_POINT('',(0.383217828417,2.565262095328));
#4476 = VECTOR('',#4477,1.);
#4477 = DIRECTION('',(-1.,0.));
#4478 = ( GEOMETRIC_REPRESENTATION_CONTEXT(2) 
PARAMETRIC_REPRESENTATION_CONTEXT() REPRESENTATION_CONTEXT('2D SPACE',''
  ) );
#4479 = ORIENTED_EDGE('',*,*,#4189,.T.);
#4480 = ORIENTED_EDGE('',*,*,#4481,.T.);
#4481 = EDGE_CURVE('',#4162,#4482,#4484,.T.);
#4482 = VERTEX_POINT('',#4483);
#4483 = CARTESIAN_POINT('',(-12.44231616251,73.940443388663,113.5));
#4484 = SURFACE_CURVE('',#4485,(#4489,#4496),.PCURVE_S1.);
#4485 = LINE('',#4486,#4487);
#4486 = CARTESIAN_POINT('',(-12.44231616251,73.940443388663,115.));
#4487 = VECTOR('',#4488,1.);
#4488 = DIRECTION('',(0.,0.,-1.));
#4489 = PCURVE('',#4206,#4490);
#4490 = DEFINITIONAL_REPRESENTATION('',(#4491),#4495);
#4491 = LINE('',#4492,#4493);
#4492 = CARTESIAN_POINT('',(-0.333425951653,0.));
#4493 = VECTOR('',#4494,1.);
#4494 = DIRECTION('',(-0.,1.));
#4495 = ( GEOMETRIC_REPRESENTATION_CONTEXT(2) 
PARAMETRIC_REPRESENTATION_CONTEXT() REPRESENTATION_CONTEXT('2D SPACE',''
  ) );
#4496 = PCURVE('',#4177,#4497);
#4497 = DEFINITIONAL_REPRESENTATION('',(#4498),#4502);
#4498 = LINE('',#4499,#4500);
#4499 = CARTESIAN_POINT('',(0.701240328309,2.845938128099));
#4500 = VECTOR('',#4501,1.);
#4501 = DIRECTION('',(-1.,0.));
#4502 = ( GEOMETRIC_REPRESENTATION_CONTEXT(2) 
PARAMETRIC_REPRESENTATION_CONTEXT() REPRESENTATION_CONTEXT('2D SPACE',''
  ) );
#4503 = ORIENTED_EDGE('',*,*,#4504,.F.);
#4504 = EDGE_CURVE('',#4330,#4482,#4505,.T.);
#4505 = SURFACE_CURVE('',#4506,(#4511,#4518),.PCURVE_S1.);
#4506 = CIRCLE('',#4507,74.98);
#4507 = AXIS2_PLACEMENT_3D('',#4508,#4509,#4510);
#4508 = CARTESIAN_POINT('',(0.,0.,113.5));
#4509 = DIRECTION('',(0.,-0.,1.));
#4510 = DIRECTION('',(0.16594179998,0.986135547995,0.));
#4511 = PCURVE('',#4206,#4512);
#4512 = DEFINITIONAL_REPRESENTATION('',(#4513),#4517);
#4513 = LINE('',#4514,#4515);
#4514 = CARTESIAN_POINT('',(-0.,1.5));
#4515 = VECTOR('',#4516,1.);
#4516 = DIRECTION('',(-1.,0.));
#4517 = ( GEOMETRIC_REPRESENTATION_CONTEXT(2) 
PARAMETRIC_REPRESENTATION_CONTEXT() REPRESENTATION_CONTEXT('2D SPACE',''
  ) );
#4518 = PCURVE('',#4368,#4519);
#4519 = DEFINITIONAL_REPRESENTATION('',(#4520),#4524);
#4520 = CIRCLE('',#4521,74.98);
#4521 = AXIS2_PLACEMENT_2D('',#4522,#4523);
#4522 = CARTESIAN_POINT('',(0.,0.));
#4523 = DIRECTION('',(1.,0.));
#4524 = ( GEOMETRIC_REPRESENTATION_CONTEXT(2) 
PARAMETRIC_REPRESENTATION_CONTEXT() REPRESENTATION_CONTEXT('2D SPACE',''
  ) );
#4525 = ADVANCED_FACE('',(#4526),#4291,.T.);
#4526 = FACE_BOUND('',#4527,.T.);
#4527 = EDGE_LOOP('',(#4528,#4529,#4530,#4553));
#4528 = ORIENTED_EDGE('',*,*,#4275,.T.);
#4529 = ORIENTED_EDGE('',*,*,#4407,.T.);
#4530 = ORIENTED_EDGE('',*,*,#4531,.T.);
#4531 = EDGE_CURVE('',#4408,#4532,#4534,.T.);
#4532 = VERTEX_POINT('',#4533);
#4533 = CARTESIAN_POINT('',(10.989682327065,69.617937935206,114.2));
#4534 = SURFACE_CURVE('',#4535,(#4539,#4546),.PCURVE_S1.);
#4535 = LINE('',#4536,#4537);
#4536 = CARTESIAN_POINT('',(11.691350466562,74.062897082601,114.2));
#4537 = VECTOR('',#4538,1.);
#4538 = DIRECTION('',(-0.155926253222,-0.987768699421,0.));
#4539 = PCURVE('',#4291,#4540);
#4540 = DEFINITIONAL_REPRESENTATION('',(#4541),#4545);
#4541 = LINE('',#4542,#4543);
#4542 = CARTESIAN_POINT('',(-0.416782171583,2.565262095328));
#4543 = VECTOR('',#4544,1.);
#4544 = DIRECTION('',(0.,-1.));
#4545 = ( GEOMETRIC_REPRESENTATION_CONTEXT(2) 
PARAMETRIC_REPRESENTATION_CONTEXT() REPRESENTATION_CONTEXT('2D SPACE',''
  ) );
#4546 = PCURVE('',#4447,#4547);
#4547 = DEFINITIONAL_REPRESENTATION('',(#4548),#4552);
#4548 = LINE('',#4549,#4550);
#4549 = CARTESIAN_POINT('',(74.98,1.7763568394E-15));
#4550 = VECTOR('',#4551,1.);
#4551 = DIRECTION('',(-1.,0.));
#4552 = ( GEOMETRIC_REPRESENTATION_CONTEXT(2) 
PARAMETRIC_REPRESENTATION_CONTEXT() REPRESENTATION_CONTEXT('2D SPACE',''
  ) );
#4553 = ORIENTED_EDGE('',*,*,#4554,.T.);
#4554 = EDGE_CURVE('',#4532,#4247,#4555,.T.);
#4555 = SURFACE_CURVE('',#4556,(#4561,#4568),.PCURVE_S1.);
#4556 = CIRCLE('',#4557,0.8);
#4557 = AXIS2_PLACEMENT_3D('',#4558,#4559,#4560);
#4558 = CARTESIAN_POINT('',(10.989682327065,69.617937935206,115.));
#4559 = DIRECTION('',(-0.987768699421,0.155926253222,0.));
#4560 = DIRECTION('',(0.,0.,-1.));
#4561 = PCURVE('',#4291,#4562);
#4562 = DEFINITIONAL_REPRESENTATION('',(#4563),#4567);
#4563 = CIRCLE('',#4564,0.8);
#4564 = AXIS2_PLACEMENT_2D('',#4565,#4566);
#4565 = CARTESIAN_POINT('',(0.383217828417,-1.934737904672));
#4566 = DIRECTION('',(-1.,0.));
#4567 = ( GEOMETRIC_REPRESENTATION_CONTEXT(2) 
PARAMETRIC_REPRESENTATION_CONTEXT() REPRESENTATION_CONTEXT('2D SPACE',''
  ) );
#4568 = PCURVE('',#4263,#4569);
#4569 = DEFINITIONAL_REPRESENTATION('',(#4570),#4574);
#4570 = LINE('',#4571,#4572);
#4571 = CARTESIAN_POINT('',(-0.,1.570796326795));
#4572 = VECTOR('',#4573,1.);
#4573 = DIRECTION('',(-0.,1.));
#4574 = ( GEOMETRIC_REPRESENTATION_CONTEXT(2) 
PARAMETRIC_REPRESENTATION_CONTEXT() REPRESENTATION_CONTEXT('2D SPACE',''
  ) );
#4575 = ADVANCED_FACE('',(#4576),#4263,.F.);
#4576 = FACE_BOUND('',#4577,.T.);
#4577 = EDGE_LOOP('',(#4578,#4602,#4624,#4625));
#4578 = ORIENTED_EDGE('',*,*,#4579,.T.);
#4579 = EDGE_CURVE('',#4532,#4580,#4582,.T.);
#4580 = VERTEX_POINT('',#4581);
#4581 = CARTESIAN_POINT('',(-10.98968232706,69.617937935206,114.2));
#4582 = SURFACE_CURVE('',#4583,(#4588,#4595),.PCURVE_S1.);
#4583 = CIRCLE('',#4584,70.48);
#4584 = AXIS2_PLACEMENT_3D('',#4585,#4586,#4587);
#4585 = CARTESIAN_POINT('',(0.,0.,114.2));
#4586 = DIRECTION('',(0.,-0.,1.));
#4587 = DIRECTION('',(0.155926253222,0.987768699421,0.));
#4588 = PCURVE('',#4263,#4589);
#4589 = DEFINITIONAL_REPRESENTATION('',(#4590),#4594);
#4590 = LINE('',#4591,#4592);
#4591 = CARTESIAN_POINT('',(-0.,1.570796326795));
#4592 = VECTOR('',#4593,1.);
#4593 = DIRECTION('',(-1.,0.));
#4594 = ( GEOMETRIC_REPRESENTATION_CONTEXT(2) 
PARAMETRIC_REPRESENTATION_CONTEXT() REPRESENTATION_CONTEXT('2D SPACE',''
  ) );
#4595 = PCURVE('',#4447,#4596);
#4596 = DEFINITIONAL_REPRESENTATION('',(#4597),#4601);
#4597 = CIRCLE('',#4598,70.48);
#4598 = AXIS2_PLACEMENT_2D('',#4599,#4600);
#4599 = CARTESIAN_POINT('',(0.,0.));
#4600 = DIRECTION('',(1.,0.));
#4601 = ( GEOMETRIC_REPRESENTATION_CONTEXT(2) 
PARAMETRIC_REPRESENTATION_CONTEXT() REPRESENTATION_CONTEXT('2D SPACE',''
  ) );
#4602 = ORIENTED_EDGE('',*,*,#4603,.T.);
#4603 = EDGE_CURVE('',#4580,#4219,#4604,.T.);
#4604 = SURFACE_CURVE('',#4605,(#4610,#4617),.PCURVE_S1.);
#4605 = CIRCLE('',#4606,0.8);
#4606 = AXIS2_PLACEMENT_3D('',#4607,#4608,#4609);
#4607 = CARTESIAN_POINT('',(-10.98968232706,69.617937935206,115.));
#4608 = DIRECTION('',(-0.987768699421,-0.155926253222,-0.));
#4609 = DIRECTION('',(0.,0.,-1.));
#4610 = PCURVE('',#4263,#4611);
#4611 = DEFINITIONAL_REPRESENTATION('',(#4612),#4616);
#4612 = LINE('',#4613,#4614);
#4613 = CARTESIAN_POINT('',(-0.313130213758,1.570796326795));
#4614 = VECTOR('',#4615,1.);
#4615 = DIRECTION('',(-0.,1.));
#4616 = ( GEOMETRIC_REPRESENTATION_CONTEXT(2) 
PARAMETRIC_REPRESENTATION_CONTEXT() REPRESENTATION_CONTEXT('2D SPACE',''
  ) );
#4617 = PCURVE('',#4234,#4618);
#4618 = DEFINITIONAL_REPRESENTATION('',(#4619),#4623);
#4619 = CIRCLE('',#4620,0.8);
#4620 = AXIS2_PLACEMENT_2D('',#4621,#4622);
#4621 = CARTESIAN_POINT('',(0.383217828417,-1.934737904672));
#4622 = DIRECTION('',(-1.,0.));
#4623 = ( GEOMETRIC_REPRESENTATION_CONTEXT(2) 
PARAMETRIC_REPRESENTATION_CONTEXT() REPRESENTATION_CONTEXT('2D SPACE',''
  ) );
#4624 = ORIENTED_EDGE('',*,*,#4246,.F.);
#4625 = ORIENTED_EDGE('',*,*,#4554,.F.);
#4626 = ADVANCED_FACE('',(#4627),#4234,.F.);
#4627 = FACE_BOUND('',#4628,.F.);
#4628 = EDGE_LOOP('',(#4629,#4630,#4631,#4652));
#4629 = ORIENTED_EDGE('',*,*,#4218,.T.);
#4630 = ORIENTED_EDGE('',*,*,#4459,.T.);
#4631 = ORIENTED_EDGE('',*,*,#4632,.T.);
#4632 = EDGE_CURVE('',#4431,#4580,#4633,.T.);
#4633 = SURFACE_CURVE('',#4634,(#4638,#4645),.PCURVE_S1.);
#4634 = LINE('',#4635,#4636);
#4635 = CARTESIAN_POINT('',(-11.69135046656,74.062897082601,114.2));
#4636 = VECTOR('',#4637,1.);
#4637 = DIRECTION('',(0.155926253222,-0.987768699421,0.));
#4638 = PCURVE('',#4234,#4639);
#4639 = DEFINITIONAL_REPRESENTATION('',(#4640),#4644);
#4640 = LINE('',#4641,#4642);
#4641 = CARTESIAN_POINT('',(-0.416782171583,2.565262095328));
#4642 = VECTOR('',#4643,1.);
#4643 = DIRECTION('',(0.,-1.));
#4644 = ( GEOMETRIC_REPRESENTATION_CONTEXT(2) 
PARAMETRIC_REPRESENTATION_CONTEXT() REPRESENTATION_CONTEXT('2D SPACE',''
  ) );
#4645 = PCURVE('',#4447,#4646);
#4646 = DEFINITIONAL_REPRESENTATION('',(#4647),#4651);
#4647 = LINE('',#4648,#4649);
#4648 = CARTESIAN_POINT('',(71.334023053295,23.096700089668));
#4649 = VECTOR('',#4650,1.);
#4650 = DIRECTION('',(-0.951374007112,-0.308038144701));
#4651 = ( GEOMETRIC_REPRESENTATION_CONTEXT(2) 
PARAMETRIC_REPRESENTATION_CONTEXT() REPRESENTATION_CONTEXT('2D SPACE',''
  ) );
#4652 = ORIENTED_EDGE('',*,*,#4603,.T.);
#4653 = ADVANCED_FACE('',(#4654),#4177,.T.);
#4654 = FACE_BOUND('',#4655,.T.);
#4655 = EDGE_LOOP('',(#4656,#4657,#4658,#4681));
#4656 = ORIENTED_EDGE('',*,*,#4161,.T.);
#4657 = ORIENTED_EDGE('',*,*,#4481,.T.);
#4658 = ORIENTED_EDGE('',*,*,#4659,.T.);
#4659 = EDGE_CURVE('',#4482,#4660,#4662,.T.);
#4660 = VERTEX_POINT('',#4661);
#4661 = CARTESIAN_POINT('',(-11.6955780626,69.502833422686,113.5));
#4662 = SURFACE_CURVE('',#4663,(#4667,#4674),.PCURVE_S1.);
#4663 = LINE('',#4664,#4665);
#4664 = CARTESIAN_POINT('',(-12.44231616251,73.940443388663,113.5));
#4665 = VECTOR('',#4666,1.);
#4666 = DIRECTION('',(0.16594179998,-0.986135547995,0.));
#4667 = PCURVE('',#4177,#4668);
#4668 = DEFINITIONAL_REPRESENTATION('',(#4669),#4673);
#4669 = LINE('',#4670,#4671);
#4670 = CARTESIAN_POINT('',(-0.798759671691,2.845938128099));
#4671 = VECTOR('',#4672,1.);
#4672 = DIRECTION('',(0.,-1.));
#4673 = ( GEOMETRIC_REPRESENTATION_CONTEXT(2) 
PARAMETRIC_REPRESENTATION_CONTEXT() REPRESENTATION_CONTEXT('2D SPACE',''
  ) );
#4674 = PCURVE('',#4368,#4675);
#4675 = DEFINITIONAL_REPRESENTATION('',(#4676),#4680);
#4676 = LINE('',#4677,#4678);
#4677 = CARTESIAN_POINT('',(70.850599320141,24.539620534492));
#4678 = VECTOR('',#4679,1.);
#4679 = DIRECTION('',(-0.944926638039,-0.327282215717));
#4680 = ( GEOMETRIC_REPRESENTATION_CONTEXT(2) 
PARAMETRIC_REPRESENTATION_CONTEXT() REPRESENTATION_CONTEXT('2D SPACE',''
  ) );
#4681 = ORIENTED_EDGE('',*,*,#4682,.T.);
#4682 = EDGE_CURVE('',#4660,#4133,#4683,.T.);
#4683 = SURFACE_CURVE('',#4684,(#4689,#4696),.PCURVE_S1.);
#4684 = CIRCLE('',#4685,1.5);
#4685 = AXIS2_PLACEMENT_3D('',#4686,#4687,#4688);
#4686 = CARTESIAN_POINT('',(-11.6955780626,69.502833422686,115.));
#4687 = DIRECTION('',(-0.986135547995,-0.16594179998,3.944304526105E-31)
  );
#4688 = DIRECTION('',(3.14423308093E-15,-1.868510533607E-14,-1.));
#4689 = PCURVE('',#4177,#4690);
#4690 = DEFINITIONAL_REPRESENTATION('',(#4691),#4695);
#4691 = CIRCLE('',#4692,1.5);
#4692 = AXIS2_PLACEMENT_2D('',#4693,#4694);
#4693 = CARTESIAN_POINT('',(0.701240328309,-1.654061871901));
#4694 = DIRECTION('',(-1.,-1.894780628694E-14));
#4695 = ( GEOMETRIC_REPRESENTATION_CONTEXT(2) 
PARAMETRIC_REPRESENTATION_CONTEXT() REPRESENTATION_CONTEXT('2D SPACE',''
  ) );
#4696 = PCURVE('',#4149,#4697);
#4697 = DEFINITIONAL_REPRESENTATION('',(#4698),#4702);
#4698 = LINE('',#4699,#4700);
#4699 = CARTESIAN_POINT('',(-0.333425951653,1.570796326795));
#4700 = VECTOR('',#4701,1.);
#4701 = DIRECTION('',(-0.,1.));
#4702 = ( GEOMETRIC_REPRESENTATION_CONTEXT(2) 
PARAMETRIC_REPRESENTATION_CONTEXT() REPRESENTATION_CONTEXT('2D SPACE',''
  ) );
#4703 = ADVANCED_FACE('',(#4704),#4149,.T.);
#4704 = FACE_BOUND('',#4705,.F.);
#4705 = EDGE_LOOP('',(#4706,#4728,#4729,#4730));
#4706 = ORIENTED_EDGE('',*,*,#4707,.T.);
#4707 = EDGE_CURVE('',#4353,#4660,#4708,.T.);
#4708 = SURFACE_CURVE('',#4709,(#4714,#4721),.PCURVE_S1.);
#4709 = CIRCLE('',#4710,70.48);
#4710 = AXIS2_PLACEMENT_3D('',#4711,#4712,#4713);
#4711 = CARTESIAN_POINT('',(0.,0.,113.5));
#4712 = DIRECTION('',(0.,-0.,1.));
#4713 = DIRECTION('',(0.16594179998,0.986135547995,0.));
#4714 = PCURVE('',#4149,#4715);
#4715 = DEFINITIONAL_REPRESENTATION('',(#4716),#4720);
#4716 = LINE('',#4717,#4718);
#4717 = CARTESIAN_POINT('',(-0.,1.570796326795));
#4718 = VECTOR('',#4719,1.);
#4719 = DIRECTION('',(-1.,0.));
#4720 = ( GEOMETRIC_REPRESENTATION_CONTEXT(2) 
PARAMETRIC_REPRESENTATION_CONTEXT() REPRESENTATION_CONTEXT('2D SPACE',''
  ) );
#4721 = PCURVE('',#4368,#4722);
#4722 = DEFINITIONAL_REPRESENTATION('',(#4723),#4727);
#4723 = CIRCLE('',#4724,70.48);
#4724 = AXIS2_PLACEMENT_2D('',#4725,#4726);
#4725 = CARTESIAN_POINT('',(0.,0.));
#4726 = DIRECTION('',(1.,0.));
#4727 = ( GEOMETRIC_REPRESENTATION_CONTEXT(2) 
PARAMETRIC_REPRESENTATION_CONTEXT() REPRESENTATION_CONTEXT('2D SPACE',''
  ) );
#4728 = ORIENTED_EDGE('',*,*,#4682,.T.);
#4729 = ORIENTED_EDGE('',*,*,#4132,.F.);
#4730 = ORIENTED_EDGE('',*,*,#4380,.F.);
#4731 = ADVANCED_FACE('',(#4732),#4368,.F.);
#4732 = FACE_BOUND('',#4733,.F.);
#4733 = EDGE_LOOP('',(#4734,#4735,#4736,#4737));
#4734 = ORIENTED_EDGE('',*,*,#4504,.T.);
#4735 = ORIENTED_EDGE('',*,*,#4659,.T.);
#4736 = ORIENTED_EDGE('',*,*,#4707,.F.);
#4737 = ORIENTED_EDGE('',*,*,#4352,.F.);
#4738 = ADVANCED_FACE('',(#4739),#4447,.T.);
#4739 = FACE_BOUND('',#4740,.T.);
#4740 = EDGE_LOOP('',(#4741,#4742,#4743,#4744));
#4741 = ORIENTED_EDGE('',*,*,#4430,.T.);
#4742 = ORIENTED_EDGE('',*,*,#4632,.T.);
#4743 = ORIENTED_EDGE('',*,*,#4579,.F.);
#4744 = ORIENTED_EDGE('',*,*,#4531,.F.);
#4745 = ( GEOMETRIC_REPRESENTATION_CONTEXT(3) 
GLOBAL_UNCERTAINTY_ASSIGNED_CONTEXT((#4749)) 
GLOBAL_UNIT_ASSIGNED_CONTEXT((#4746,#4747,#4748)) REPRESENTATION_CONTEXT
('Context #1','3D Context with UNIT and UNCERTAINTY') );
#4746 = ( LENGTH_UNIT() NAMED_UNIT(*) SI_UNIT(.MILLI.,.METRE.) );
#4747 = ( NAMED_UNIT(*) PLANE_ANGLE_UNIT() SI_UNIT($,.RADIAN.) );
#4748 = ( NAMED_UNIT(*) SI_UNIT($,.STERADIAN.) SOLID_ANGLE_UNIT() );
#4749 = UNCERTAINTY_MEASURE_WITH_UNIT(LENGTH_MEASURE(1.E-07),#4746,
  'distance_accuracy_value','confusion accuracy');
#4750 = PRODUCT_RELATED_PRODUCT_CATEGORY('part',$,(#4087));
#4751 = SHAPE_DEFINITION_REPRESENTATION(#4752,#4758);
#4752 = PRODUCT_DEFINITION_SHAPE('','',#4753);
#4753 = PRODUCT_DEFINITION('design','',#4754,#4757);
#4754 = PRODUCT_DEFINITION_FORMATION('','',#4755);
#4755 = PRODUCT('Open CASCADE STEP translator 7.8 8',
  'Open CASCADE STEP translator 7.8 8','',(#4756));
#4756 = PRODUCT_CONTEXT('',#2,'mechanical');
#4757 = PRODUCT_DEFINITION_CONTEXT('part definition',#2,'design');
#4758 = ADVANCED_BREP_SHAPE_REPRESENTATION('',(#11,#4759),#5413);
#4759 = MANIFOLD_SOLID_BREP('',#4760);
#4760 = CLOSED_SHELL('',(#4761,#4992,#5069,#5193,#5243,#5294,#5321,#5371
    ,#5399,#5406));
#4761 = ADVANCED_FACE('',(#4762),#4776,.T.);
#4762 = FACE_BOUND('',#4763,.F.);
#4763 = EDGE_LOOP('',(#4764,#4799,#4828,#4856,#4885,#4913,#4942,#4970));
#4764 = ORIENTED_EDGE('',*,*,#4765,.F.);
#4765 = EDGE_CURVE('',#4766,#4768,#4770,.T.);
#4766 = VERTEX_POINT('',#4767);
#4767 = CARTESIAN_POINT('',(-40.00595542523,56.193984825015,115.));
#4768 = VERTEX_POINT('',#4769);
#4769 = CARTESIAN_POINT('',(-43.48574279188,61.081835056243,115.));
#4770 = SURFACE_CURVE('',#4771,(#4775,#4787),.PCURVE_S1.);
#4771 = LINE('',#4772,#4773);
#4772 = CARTESIAN_POINT('',(-40.00595542523,56.193984825015,115.));
#4773 = VECTOR('',#4774,1.);
#4774 = DIRECTION('',(-0.579964561108,0.814641705205,0.));
#4775 = PCURVE('',#4776,#4781);
#4776 = PLANE('',#4777);
#4777 = AXIS2_PLACEMENT_3D('',#4778,#4779,#4780);
#4778 = CARTESIAN_POINT('',(0.,0.,115.));
#4779 = DIRECTION('',(0.,0.,1.));
#4780 = DIRECTION('',(-0.579964561108,0.814641705205,-0.));
#4781 = DEFINITIONAL_REPRESENTATION('',(#4782),#4786);
#4782 = LINE('',#4783,#4784);
#4783 = CARTESIAN_POINT('',(68.98,-0.));
#4784 = VECTOR('',#4785,1.);
#4785 = DIRECTION('',(1.,-0.));
#4786 = ( GEOMETRIC_REPRESENTATION_CONTEXT(2) 
PARAMETRIC_REPRESENTATION_CONTEXT() REPRESENTATION_CONTEXT('2D SPACE',''
  ) );
#4787 = PCURVE('',#4788,#4793);
#4788 = PLANE('',#4789);
#4789 = AXIS2_PLACEMENT_3D('',#4790,#4791,#4792);
#4790 = CARTESIAN_POINT('',(-41.83519953448,58.763415166662,
    114.29875967169));
#4791 = DIRECTION('',(-0.814641705205,-0.579964561108,0.));
#4792 = DIRECTION('',(0.,0.,1.));
#4793 = DEFINITIONAL_REPRESENTATION('',(#4794),#4798);
#4794 = LINE('',#4795,#4796);
#4795 = CARTESIAN_POINT('',(0.701240328309,-3.154061871901));
#4796 = VECTOR('',#4797,1.);
#4797 = DIRECTION('',(0.,1.));
#4798 = ( GEOMETRIC_REPRESENTATION_CONTEXT(2) 
PARAMETRIC_REPRESENTATION_CONTEXT() REPRESENTATION_CONTEXT('2D SPACE',''
  ) );
#4799 = ORIENTED_EDGE('',*,*,#4800,.T.);
#4800 = EDGE_CURVE('',#4766,#4801,#4803,.T.);
#4801 = VERTEX_POINT('',#4802);
#4802 = CARTESIAN_POINT('',(-56.19398482501,40.005955425236,115.));
#4803 = SURFACE_CURVE('',#4804,(#4809,#4816),.PCURVE_S1.);
#4804 = CIRCLE('',#4805,68.98);
#4805 = AXIS2_PLACEMENT_3D('',#4806,#4807,#4808);
#4806 = CARTESIAN_POINT('',(0.,0.,115.));
#4807 = DIRECTION('',(0.,0.,1.));
#4808 = DIRECTION('',(-0.579964561108,0.814641705205,0.));
#4809 = PCURVE('',#4776,#4810);
#4810 = DEFINITIONAL_REPRESENTATION('',(#4811),#4815);
#4811 = CIRCLE('',#4812,68.98);
#4812 = AXIS2_PLACEMENT_2D('',#4813,#4814);
#4813 = CARTESIAN_POINT('',(0.,0.));
#4814 = DIRECTION('',(1.,-0.));
#4815 = ( GEOMETRIC_REPRESENTATION_CONTEXT(2) 
PARAMETRIC_REPRESENTATION_CONTEXT() REPRESENTATION_CONTEXT('2D SPACE',''
  ) );
#4816 = PCURVE('',#4817,#4822);
#4817 = TOROIDAL_SURFACE('',#4818,70.48,1.5);
#4818 = AXIS2_PLACEMENT_3D('',#4819,#4820,#4821);
#4819 = CARTESIAN_POINT('',(0.,0.,115.));
#4820 = DIRECTION('',(0.,0.,-1.));
#4821 = DIRECTION('',(-0.579964561108,0.814641705205,0.));
#4822 = DEFINITIONAL_REPRESENTATION('',(#4823),#4827);
#4823 = LINE('',#4824,#4825);
#4824 = CARTESIAN_POINT('',(-0.,3.14159265359));
#4825 = VECTOR('',#4826,1.);
#4826 = DIRECTION('',(-1.,0.));
#4827 = ( GEOMETRIC_REPRESENTATION_CONTEXT(2) 
PARAMETRIC_REPRESENTATION_CONTEXT() REPRESENTATION_CONTEXT('2D SPACE',''
  ) );
#4828 = ORIENTED_EDGE('',*,*,#4829,.T.);
#4829 = EDGE_CURVE('',#4801,#4830,#4832,.T.);
#4830 = VERTEX_POINT('',#4831);
#4831 = CARTESIAN_POINT('',(-61.08183505624,43.485742791884,115.));
#4832 = SURFACE_CURVE('',#4833,(#4837,#4844),.PCURVE_S1.);
#4833 = LINE('',#4834,#4835);
#4834 = CARTESIAN_POINT('',(-56.19398482501,40.005955425236,115.));
#4835 = VECTOR('',#4836,1.);
#4836 = DIRECTION('',(-0.814641705205,0.579964561108,0.));
#4837 = PCURVE('',#4776,#4838);
#4838 = DEFINITIONAL_REPRESENTATION('',(#4839),#4843);
#4839 = LINE('',#4840,#4841);
#4840 = CARTESIAN_POINT('',(65.181039491909,22.575927240187));
#4841 = VECTOR('',#4842,1.);
#4842 = DIRECTION('',(0.944926638039,0.327282215717));
#4843 = ( GEOMETRIC_REPRESENTATION_CONTEXT(2) 
PARAMETRIC_REPRESENTATION_CONTEXT() REPRESENTATION_CONTEXT('2D SPACE',''
  ) );
#4844 = PCURVE('',#4845,#4850);
#4845 = PLANE('',#4846);
#4846 = AXIS2_PLACEMENT_3D('',#4847,#4848,#4849);
#4847 = CARTESIAN_POINT('',(-58.76341516666,41.835199534481,
    114.29875967169));
#4848 = DIRECTION('',(-0.579964561108,-0.814641705205,0.));
#4849 = DIRECTION('',(0.,0.,1.));
#4850 = DEFINITIONAL_REPRESENTATION('',(#4851),#4855);
#4851 = LINE('',#4852,#4853);
#4852 = CARTESIAN_POINT('',(0.701240328309,-3.154061871901));
#4853 = VECTOR('',#4854,1.);
#4854 = DIRECTION('',(0.,1.));
#4855 = ( GEOMETRIC_REPRESENTATION_CONTEXT(2) 
PARAMETRIC_REPRESENTATION_CONTEXT() REPRESENTATION_CONTEXT('2D SPACE',''
  ) );
#4856 = ORIENTED_EDGE('',*,*,#4857,.F.);
#4857 = EDGE_CURVE('',#4858,#4830,#4860,.T.);
#4858 = VERTEX_POINT('',#4859);
#4859 = CARTESIAN_POINT('',(-60.63740995756,44.103343565294,115.));
#4860 = SURFACE_CURVE('',#4861,(#4866,#4873),.PCURVE_S1.);
#4861 = CIRCLE('',#4862,74.98);
#4862 = AXIS2_PLACEMENT_3D('',#4863,#4864,#4865);
#4863 = CARTESIAN_POINT('',(0.,0.,115.));
#4864 = DIRECTION('',(0.,0.,1.));
#4865 = DIRECTION('',(-0.579964561108,0.814641705205,0.));
#4866 = PCURVE('',#4776,#4867);
#4867 = DEFINITIONAL_REPRESENTATION('',(#4868),#4872);
#4868 = CIRCLE('',#4869,74.98);
#4869 = AXIS2_PLACEMENT_2D('',#4870,#4871);
#4870 = CARTESIAN_POINT('',(0.,0.));
#4871 = DIRECTION('',(1.,-0.));
#4872 = ( GEOMETRIC_REPRESENTATION_CONTEXT(2) 
PARAMETRIC_REPRESENTATION_CONTEXT() REPRESENTATION_CONTEXT('2D SPACE',''
  ) );
#4873 = PCURVE('',#4874,#4879);
#4874 = CYLINDRICAL_SURFACE('',#4875,74.98);
#4875 = AXIS2_PLACEMENT_3D('',#4876,#4877,#4878);
#4876 = CARTESIAN_POINT('',(0.,0.,115.));
#4877 = DIRECTION('',(0.,0.,-1.));
#4878 = DIRECTION('',(-0.579964561108,0.814641705205,0.));
#4879 = DEFINITIONAL_REPRESENTATION('',(#4880),#4884);
#4880 = LINE('',#4881,#4882);
#4881 = CARTESIAN_POINT('',(-0.,0.));
#4882 = VECTOR('',#4883,1.);
#4883 = DIRECTION('',(-1.,0.));
#4884 = ( GEOMETRIC_REPRESENTATION_CONTEXT(2) 
PARAMETRIC_REPRESENTATION_CONTEXT() REPRESENTATION_CONTEXT('2D SPACE',''
  ) );
#4885 = ORIENTED_EDGE('',*,*,#4886,.F.);
#4886 = EDGE_CURVE('',#4887,#4858,#4889,.T.);
#4887 = VERTEX_POINT('',#4888);
#4888 = CARTESIAN_POINT('',(-56.35122333746,40.985875961986,115.));
#4889 = SURFACE_CURVE('',#4890,(#4894,#4901),.PCURVE_S1.);
#4890 = LINE('',#4891,#4892);
#4891 = CARTESIAN_POINT('',(-56.35122333746,40.985875961986,115.));
#4892 = VECTOR('',#4893,1.);
#4893 = DIRECTION('',(-0.808714456623,0.588201434586,0.));
#4894 = PCURVE('',#4776,#4895);
#4895 = DEFINITIONAL_REPRESENTATION('',(#4896),#4900);
#4896 = LINE('',#4897,#4898);
#4897 = CARTESIAN_POINT('',(66.070516393793,22.135701106075));
#4898 = VECTOR('',#4899,1.);
#4899 = DIRECTION('',(0.948199144572,0.317676537114));
#4900 = ( GEOMETRIC_REPRESENTATION_CONTEXT(2) 
PARAMETRIC_REPRESENTATION_CONTEXT() REPRESENTATION_CONTEXT('2D SPACE',''
  ) );
#4901 = PCURVE('',#4902,#4907);
#4902 = PLANE('',#4903);
#4903 = AXIS2_PLACEMENT_3D('',#4904,#4905,#4906);
#4904 = CARTESIAN_POINT('',(-58.56284541604,42.594452720732,
    114.61678217158));
#4905 = DIRECTION('',(-0.588201434586,-0.808714456623,0.));
#4906 = DIRECTION('',(0.,0.,1.));
#4907 = DEFINITIONAL_REPRESENTATION('',(#4908),#4912);
#4908 = LINE('',#4909,#4910);
#4909 = CARTESIAN_POINT('',(0.383217828417,-2.734737904672));
#4910 = VECTOR('',#4911,1.);
#4911 = DIRECTION('',(0.,1.));
#4912 = ( GEOMETRIC_REPRESENTATION_CONTEXT(2) 
PARAMETRIC_REPRESENTATION_CONTEXT() REPRESENTATION_CONTEXT('2D SPACE',''
  ) );
#4913 = ORIENTED_EDGE('',*,*,#4914,.F.);
#4914 = EDGE_CURVE('',#4915,#4887,#4917,.T.);
#4915 = VERTEX_POINT('',#4916);
#4916 = CARTESIAN_POINT('',(-40.98587596198,56.351223337464,115.));
#4917 = SURFACE_CURVE('',#4918,(#4923,#4930),.PCURVE_S1.);
#4918 = CIRCLE('',#4919,69.68);
#4919 = AXIS2_PLACEMENT_3D('',#4920,#4921,#4922);
#4920 = CARTESIAN_POINT('',(0.,0.,115.));
#4921 = DIRECTION('',(0.,0.,1.));
#4922 = DIRECTION('',(-0.588201434586,0.808714456623,0.));
#4923 = PCURVE('',#4776,#4924);
#4924 = DEFINITIONAL_REPRESENTATION('',(#4925),#4929);
#4925 = CIRCLE('',#4926,69.68);
#4926 = AXIS2_PLACEMENT_2D('',#4927,#4928);
#4927 = CARTESIAN_POINT('',(0.,0.));
#4928 = DIRECTION('',(0.99994851082,1.014769477844E-02));
#4929 = ( GEOMETRIC_REPRESENTATION_CONTEXT(2) 
PARAMETRIC_REPRESENTATION_CONTEXT() REPRESENTATION_CONTEXT('2D SPACE',''
  ) );
#4930 = PCURVE('',#4931,#4936);
#4931 = TOROIDAL_SURFACE('',#4932,70.48,0.8);
#4932 = AXIS2_PLACEMENT_3D('',#4933,#4934,#4935);
#4933 = CARTESIAN_POINT('',(0.,0.,115.));
#4934 = DIRECTION('',(0.,0.,-1.));
#4935 = DIRECTION('',(-0.588201434586,0.808714456623,0.));
#4936 = DEFINITIONAL_REPRESENTATION('',(#4937),#4941);
#4937 = LINE('',#4938,#4939);
#4938 = CARTESIAN_POINT('',(-0.,3.14159265359));
#4939 = VECTOR('',#4940,1.);
#4940 = DIRECTION('',(-1.,0.));
#4941 = ( GEOMETRIC_REPRESENTATION_CONTEXT(2) 
PARAMETRIC_REPRESENTATION_CONTEXT() REPRESENTATION_CONTEXT('2D SPACE',''
  ) );
#4942 = ORIENTED_EDGE('',*,*,#4943,.T.);
#4943 = EDGE_CURVE('',#4915,#4944,#4946,.T.);
#4944 = VERTEX_POINT('',#4945);
#4945 = CARTESIAN_POINT('',(-44.10334356529,60.637409957564,115.));
#4946 = SURFACE_CURVE('',#4947,(#4951,#4958),.PCURVE_S1.);
#4947 = LINE('',#4948,#4949);
#4948 = CARTESIAN_POINT('',(-40.98587596198,56.351223337464,115.));
#4949 = VECTOR('',#4950,1.);
#4950 = DIRECTION('',(-0.588201434586,0.808714456623,0.));
#4951 = PCURVE('',#4776,#4952);
#4952 = DEFINITIONAL_REPRESENTATION('',(#4953),#4957);
#4953 = LINE('',#4954,#4955);
#4954 = CARTESIAN_POINT('',(69.676412233922,0.707091372162));
#4955 = VECTOR('',#4956,1.);
#4956 = DIRECTION('',(0.99994851082,1.014769477844E-02));
#4957 = ( GEOMETRIC_REPRESENTATION_CONTEXT(2) 
PARAMETRIC_REPRESENTATION_CONTEXT() REPRESENTATION_CONTEXT('2D SPACE',''
  ) );
#4958 = PCURVE('',#4959,#4964);
#4959 = PLANE('',#4960);
#4960 = AXIS2_PLACEMENT_3D('',#4961,#4962,#4963);
#4961 = CARTESIAN_POINT('',(-42.59445272073,58.562845416046,
    114.61678217158));
#4962 = DIRECTION('',(-0.808714456623,-0.588201434586,0.));
#4963 = DIRECTION('',(0.,0.,1.));
#4964 = DEFINITIONAL_REPRESENTATION('',(#4965),#4969);
#4965 = LINE('',#4966,#4967);
#4966 = CARTESIAN_POINT('',(0.383217828417,-2.734737904672));
#4967 = VECTOR('',#4968,1.);
#4968 = DIRECTION('',(0.,1.));
#4969 = ( GEOMETRIC_REPRESENTATION_CONTEXT(2) 
PARAMETRIC_REPRESENTATION_CONTEXT() REPRESENTATION_CONTEXT('2D SPACE',''
  ) );
#4970 = ORIENTED_EDGE('',*,*,#4971,.F.);
#4971 = EDGE_CURVE('',#4768,#4944,#4972,.T.);
#4972 = SURFACE_CURVE('',#4973,(#4978,#4985),.PCURVE_S1.);
#4973 = CIRCLE('',#4974,74.98);
#4974 = AXIS2_PLACEMENT_3D('',#4975,#4976,#4977);
#4975 = CARTESIAN_POINT('',(0.,0.,115.));
#4976 = DIRECTION('',(0.,0.,1.));
#4977 = DIRECTION('',(-0.579964561108,0.814641705205,0.));
#4978 = PCURVE('',#4776,#4979);
#4979 = DEFINITIONAL_REPRESENTATION('',(#4980),#4984);
#4980 = CIRCLE('',#4981,74.98);
#4981 = AXIS2_PLACEMENT_2D('',#4982,#4983);
#4982 = CARTESIAN_POINT('',(0.,0.));
#4983 = DIRECTION('',(1.,-0.));
#4984 = ( GEOMETRIC_REPRESENTATION_CONTEXT(2) 
PARAMETRIC_REPRESENTATION_CONTEXT() REPRESENTATION_CONTEXT('2D SPACE',''
  ) );
#4985 = PCURVE('',#4874,#4986);
#4986 = DEFINITIONAL_REPRESENTATION('',(#4987),#4991);
#4987 = LINE('',#4988,#4989);
#4988 = CARTESIAN_POINT('',(-0.,0.));
#4989 = VECTOR('',#4990,1.);
#4990 = DIRECTION('',(-1.,0.));
#4991 = ( GEOMETRIC_REPRESENTATION_CONTEXT(2) 
PARAMETRIC_REPRESENTATION_CONTEXT() REPRESENTATION_CONTEXT('2D SPACE',''
  ) );
#4992 = ADVANCED_FACE('',(#4993),#4788,.F.);
#4993 = FACE_BOUND('',#4994,.F.);
#4994 = EDGE_LOOP('',(#4995,#4996,#5019,#5047));
#4995 = ORIENTED_EDGE('',*,*,#4765,.T.);
#4996 = ORIENTED_EDGE('',*,*,#4997,.T.);
#4997 = EDGE_CURVE('',#4768,#4998,#5000,.T.);
#4998 = VERTEX_POINT('',#4999);
#4999 = CARTESIAN_POINT('',(-43.48574279188,61.081835056243,113.5));
#5000 = SURFACE_CURVE('',#5001,(#5005,#5012),.PCURVE_S1.);
#5001 = LINE('',#5002,#5003);
#5002 = CARTESIAN_POINT('',(-43.48574279188,61.081835056243,115.));
#5003 = VECTOR('',#5004,1.);
#5004 = DIRECTION('',(-0.,0.,-1.));
#5005 = PCURVE('',#4788,#5006);
#5006 = DEFINITIONAL_REPRESENTATION('',(#5007),#5011);
#5007 = LINE('',#5008,#5009);
#5008 = CARTESIAN_POINT('',(0.701240328309,2.845938128099));
#5009 = VECTOR('',#5010,1.);
#5010 = DIRECTION('',(-1.,0.));
#5011 = ( GEOMETRIC_REPRESENTATION_CONTEXT(2) 
PARAMETRIC_REPRESENTATION_CONTEXT() REPRESENTATION_CONTEXT('2D SPACE',''
  ) );
#5012 = PCURVE('',#4874,#5013);
#5013 = DEFINITIONAL_REPRESENTATION('',(#5014),#5018);
#5014 = LINE('',#5015,#5016);
#5015 = CARTESIAN_POINT('',(-0.,0.));
#5016 = VECTOR('',#5017,1.);
#5017 = DIRECTION('',(-0.,1.));
#5018 = ( GEOMETRIC_REPRESENTATION_CONTEXT(2) 
PARAMETRIC_REPRESENTATION_CONTEXT() REPRESENTATION_CONTEXT('2D SPACE',''
  ) );
#5019 = ORIENTED_EDGE('',*,*,#5020,.T.);
#5020 = EDGE_CURVE('',#4998,#5021,#5023,.T.);
#5021 = VERTEX_POINT('',#5022);
#5022 = CARTESIAN_POINT('',(-40.87590226689,57.415947382822,113.5));
#5023 = SURFACE_CURVE('',#5024,(#5028,#5035),.PCURVE_S1.);
#5024 = LINE('',#5025,#5026);
#5025 = CARTESIAN_POINT('',(-43.48574279188,61.081835056243,113.5));
#5026 = VECTOR('',#5027,1.);
#5027 = DIRECTION('',(0.579964561108,-0.814641705205,0.));
#5028 = PCURVE('',#4788,#5029);
#5029 = DEFINITIONAL_REPRESENTATION('',(#5030),#5034);
#5030 = LINE('',#5031,#5032);
#5031 = CARTESIAN_POINT('',(-0.798759671691,2.845938128099));
#5032 = VECTOR('',#5033,1.);
#5033 = DIRECTION('',(0.,-1.));
#5034 = ( GEOMETRIC_REPRESENTATION_CONTEXT(2) 
PARAMETRIC_REPRESENTATION_CONTEXT() REPRESENTATION_CONTEXT('2D SPACE',''
  ) );
#5035 = PCURVE('',#5036,#5041);
#5036 = PLANE('',#5037);
#5037 = AXIS2_PLACEMENT_3D('',#5038,#5039,#5040);
#5038 = CARTESIAN_POINT('',(0.,0.,113.5));
#5039 = DIRECTION('',(0.,0.,1.));
#5040 = DIRECTION('',(-0.579964561108,0.814641705205,0.));
#5041 = DEFINITIONAL_REPRESENTATION('',(#5042),#5046);
#5042 = LINE('',#5043,#5044);
#5043 = CARTESIAN_POINT('',(74.98,0.));
#5044 = VECTOR('',#5045,1.);
#5045 = DIRECTION('',(-1.,0.));
#5046 = ( GEOMETRIC_REPRESENTATION_CONTEXT(2) 
PARAMETRIC_REPRESENTATION_CONTEXT() REPRESENTATION_CONTEXT('2D SPACE',''
  ) );
#5047 = ORIENTED_EDGE('',*,*,#5048,.T.);
#5048 = EDGE_CURVE('',#5021,#4766,#5049,.T.);
#5049 = SURFACE_CURVE('',#5050,(#5055,#5062),.PCURVE_S1.);
#5050 = CIRCLE('',#5051,1.5);
#5051 = AXIS2_PLACEMENT_3D('',#5052,#5053,#5054);
#5052 = CARTESIAN_POINT('',(-40.87590226689,57.415947382822,115.));
#5053 = DIRECTION('',(-0.814641705205,-0.579964561108,
    -1.577721810442E-30));
#5054 = DIRECTION('',(1.098905615716E-14,-1.543567322348E-14,-1.));
#5055 = PCURVE('',#4788,#5056);
#5056 = DEFINITIONAL_REPRESENTATION('',(#5057),#5061);
#5057 = CIRCLE('',#5058,1.5);
#5058 = AXIS2_PLACEMENT_2D('',#5059,#5060);
#5059 = CARTESIAN_POINT('',(0.701240328309,-1.654061871901));
#5060 = DIRECTION('',(-1.,-1.894780628694E-14));
#5061 = ( GEOMETRIC_REPRESENTATION_CONTEXT(2) 
PARAMETRIC_REPRESENTATION_CONTEXT() REPRESENTATION_CONTEXT('2D SPACE',''
  ) );
#5062 = PCURVE('',#4817,#5063);
#5063 = DEFINITIONAL_REPRESENTATION('',(#5064),#5068);
#5064 = LINE('',#5065,#5066);
#5065 = CARTESIAN_POINT('',(-0.,1.570796326795));
#5066 = VECTOR('',#5067,1.);
#5067 = DIRECTION('',(-0.,1.));
#5068 = ( GEOMETRIC_REPRESENTATION_CONTEXT(2) 
PARAMETRIC_REPRESENTATION_CONTEXT() REPRESENTATION_CONTEXT('2D SPACE',''
  ) );
#5069 = ADVANCED_FACE('',(#5070),#4874,.T.);
#5070 = FACE_BOUND('',#5071,.F.);
#5071 = EDGE_LOOP('',(#5072,#5073,#5074,#5097,#5126,#5147,#5148,#5171));
#5072 = ORIENTED_EDGE('',*,*,#4997,.F.);
#5073 = ORIENTED_EDGE('',*,*,#4971,.T.);
#5074 = ORIENTED_EDGE('',*,*,#5075,.T.);
#5075 = EDGE_CURVE('',#4944,#5076,#5078,.T.);
#5076 = VERTEX_POINT('',#5077);
#5077 = CARTESIAN_POINT('',(-44.10334356529,60.637409957564,114.2));
#5078 = SURFACE_CURVE('',#5079,(#5083,#5090),.PCURVE_S1.);
#5079 = LINE('',#5080,#5081);
#5080 = CARTESIAN_POINT('',(-44.10334356529,60.637409957564,115.));
#5081 = VECTOR('',#5082,1.);
#5082 = DIRECTION('',(-0.,0.,-1.));
#5083 = PCURVE('',#4874,#5084);
#5084 = DEFINITIONAL_REPRESENTATION('',(#5085),#5089);
#5085 = LINE('',#5086,#5087);
#5086 = CARTESIAN_POINT('',(-1.014786894752E-02,0.));
#5087 = VECTOR('',#5088,1.);
#5088 = DIRECTION('',(-0.,1.));
#5089 = ( GEOMETRIC_REPRESENTATION_CONTEXT(2) 
PARAMETRIC_REPRESENTATION_CONTEXT() REPRESENTATION_CONTEXT('2D SPACE',''
  ) );
#5090 = PCURVE('',#4959,#5091);
#5091 = DEFINITIONAL_REPRESENTATION('',(#5092),#5096);
#5092 = LINE('',#5093,#5094);
#5093 = CARTESIAN_POINT('',(0.383217828417,2.565262095328));
#5094 = VECTOR('',#5095,1.);
#5095 = DIRECTION('',(-1.,0.));
#5096 = ( GEOMETRIC_REPRESENTATION_CONTEXT(2) 
PARAMETRIC_REPRESENTATION_CONTEXT() REPRESENTATION_CONTEXT('2D SPACE',''
  ) );
#5097 = ORIENTED_EDGE('',*,*,#5098,.T.);
#5098 = EDGE_CURVE('',#5076,#5099,#5101,.T.);
#5099 = VERTEX_POINT('',#5100);
#5100 = CARTESIAN_POINT('',(-60.63740995756,44.103343565294,114.2));
#5101 = SURFACE_CURVE('',#5102,(#5107,#5114),.PCURVE_S1.);
#5102 = CIRCLE('',#5103,74.98);
#5103 = AXIS2_PLACEMENT_3D('',#5104,#5105,#5106);
#5104 = CARTESIAN_POINT('',(0.,0.,114.2));
#5105 = DIRECTION('',(0.,0.,1.));
#5106 = DIRECTION('',(-0.588201434586,0.808714456623,0.));
#5107 = PCURVE('',#4874,#5108);
#5108 = DEFINITIONAL_REPRESENTATION('',(#5109),#5113);
#5109 = LINE('',#5110,#5111);
#5110 = CARTESIAN_POINT('',(-1.014786894752E-02,0.8));
#5111 = VECTOR('',#5112,1.);
#5112 = DIRECTION('',(-1.,0.));
#5113 = ( GEOMETRIC_REPRESENTATION_CONTEXT(2) 
PARAMETRIC_REPRESENTATION_CONTEXT() REPRESENTATION_CONTEXT('2D SPACE',''
  ) );
#5114 = PCURVE('',#5115,#5120);
#5115 = PLANE('',#5116);
#5116 = AXIS2_PLACEMENT_3D('',#5117,#5118,#5119);
#5117 = CARTESIAN_POINT('',(0.,0.,114.2));
#5118 = DIRECTION('',(0.,0.,1.));
#5119 = DIRECTION('',(-0.588201434586,0.808714456623,0.));
#5120 = DEFINITIONAL_REPRESENTATION('',(#5121),#5125);
#5121 = CIRCLE('',#5122,74.98);
#5122 = AXIS2_PLACEMENT_2D('',#5123,#5124);
#5123 = CARTESIAN_POINT('',(0.,0.));
#5124 = DIRECTION('',(1.,0.));
#5125 = ( GEOMETRIC_REPRESENTATION_CONTEXT(2) 
PARAMETRIC_REPRESENTATION_CONTEXT() REPRESENTATION_CONTEXT('2D SPACE',''
  ) );
#5126 = ORIENTED_EDGE('',*,*,#5127,.F.);
#5127 = EDGE_CURVE('',#4858,#5099,#5128,.T.);
#5128 = SURFACE_CURVE('',#5129,(#5133,#5140),.PCURVE_S1.);
#5129 = LINE('',#5130,#5131);
#5130 = CARTESIAN_POINT('',(-60.63740995756,44.103343565294,115.));
#5131 = VECTOR('',#5132,1.);
#5132 = DIRECTION('',(-0.,0.,-1.));
#5133 = PCURVE('',#4874,#5134);
#5134 = DEFINITIONAL_REPRESENTATION('',(#5135),#5139);
#5135 = LINE('',#5136,#5137);
#5136 = CARTESIAN_POINT('',(-0.323278082706,0.));
#5137 = VECTOR('',#5138,1.);
#5138 = DIRECTION('',(-0.,1.));
#5139 = ( GEOMETRIC_REPRESENTATION_CONTEXT(2) 
PARAMETRIC_REPRESENTATION_CONTEXT() REPRESENTATION_CONTEXT('2D SPACE',''
  ) );
#5140 = PCURVE('',#4902,#5141);
#5141 = DEFINITIONAL_REPRESENTATION('',(#5142),#5146);
#5142 = LINE('',#5143,#5144);
#5143 = CARTESIAN_POINT('',(0.383217828417,2.565262095328));
#5144 = VECTOR('',#5145,1.);
#5145 = DIRECTION('',(-1.,0.));
#5146 = ( GEOMETRIC_REPRESENTATION_CONTEXT(2) 
PARAMETRIC_REPRESENTATION_CONTEXT() REPRESENTATION_CONTEXT('2D SPACE',''
  ) );
#5147 = ORIENTED_EDGE('',*,*,#4857,.T.);
#5148 = ORIENTED_EDGE('',*,*,#5149,.T.);
#5149 = EDGE_CURVE('',#4830,#5150,#5152,.T.);
#5150 = VERTEX_POINT('',#5151);
#5151 = CARTESIAN_POINT('',(-61.08183505624,43.485742791884,113.5));
#5152 = SURFACE_CURVE('',#5153,(#5157,#5164),.PCURVE_S1.);
#5153 = LINE('',#5154,#5155);
#5154 = CARTESIAN_POINT('',(-61.08183505624,43.485742791884,115.));
#5155 = VECTOR('',#5156,1.);
#5156 = DIRECTION('',(-0.,0.,-1.));
#5157 = PCURVE('',#4874,#5158);
#5158 = DEFINITIONAL_REPRESENTATION('',(#5159),#5163);
#5159 = LINE('',#5160,#5161);
#5160 = CARTESIAN_POINT('',(-0.333425951653,0.));
#5161 = VECTOR('',#5162,1.);
#5162 = DIRECTION('',(-0.,1.));
#5163 = ( GEOMETRIC_REPRESENTATION_CONTEXT(2) 
PARAMETRIC_REPRESENTATION_CONTEXT() REPRESENTATION_CONTEXT('2D SPACE',''
  ) );
#5164 = PCURVE('',#4845,#5165);
#5165 = DEFINITIONAL_REPRESENTATION('',(#5166),#5170);
#5166 = LINE('',#5167,#5168);
#5167 = CARTESIAN_POINT('',(0.701240328309,2.845938128099));
#5168 = VECTOR('',#5169,1.);
#5169 = DIRECTION('',(-1.,0.));
#5170 = ( GEOMETRIC_REPRESENTATION_CONTEXT(2) 
PARAMETRIC_REPRESENTATION_CONTEXT() REPRESENTATION_CONTEXT('2D SPACE',''
  ) );
#5171 = ORIENTED_EDGE('',*,*,#5172,.F.);
#5172 = EDGE_CURVE('',#4998,#5150,#5173,.T.);
#5173 = SURFACE_CURVE('',#5174,(#5179,#5186),.PCURVE_S1.);
#5174 = CIRCLE('',#5175,74.98);
#5175 = AXIS2_PLACEMENT_3D('',#5176,#5177,#5178);
#5176 = CARTESIAN_POINT('',(0.,0.,113.5));
#5177 = DIRECTION('',(0.,0.,1.));
#5178 = DIRECTION('',(-0.579964561108,0.814641705205,0.));
#5179 = PCURVE('',#4874,#5180);
#5180 = DEFINITIONAL_REPRESENTATION('',(#5181),#5185);
#5181 = LINE('',#5182,#5183);
#5182 = CARTESIAN_POINT('',(-0.,1.5));
#5183 = VECTOR('',#5184,1.);
#5184 = DIRECTION('',(-1.,0.));
#5185 = ( GEOMETRIC_REPRESENTATION_CONTEXT(2) 
PARAMETRIC_REPRESENTATION_CONTEXT() REPRESENTATION_CONTEXT('2D SPACE',''
  ) );
#5186 = PCURVE('',#5036,#5187);
#5187 = DEFINITIONAL_REPRESENTATION('',(#5188),#5192);
#5188 = CIRCLE('',#5189,74.98);
#5189 = AXIS2_PLACEMENT_2D('',#5190,#5191);
#5190 = CARTESIAN_POINT('',(0.,0.));
#5191 = DIRECTION('',(1.,0.));
#5192 = ( GEOMETRIC_REPRESENTATION_CONTEXT(2) 
PARAMETRIC_REPRESENTATION_CONTEXT() REPRESENTATION_CONTEXT('2D SPACE',''
  ) );
#5193 = ADVANCED_FACE('',(#5194),#4959,.T.);
#5194 = FACE_BOUND('',#5195,.T.);
#5195 = EDGE_LOOP('',(#5196,#5197,#5198,#5221));
#5196 = ORIENTED_EDGE('',*,*,#4943,.T.);
#5197 = ORIENTED_EDGE('',*,*,#5075,.T.);
#5198 = ORIENTED_EDGE('',*,*,#5199,.T.);
#5199 = EDGE_CURVE('',#5076,#5200,#5202,.T.);
#5200 = VERTEX_POINT('',#5201);
#5201 = CARTESIAN_POINT('',(-41.45643710965,56.998194902762,114.2));
#5202 = SURFACE_CURVE('',#5203,(#5207,#5214),.PCURVE_S1.);
#5203 = LINE('',#5204,#5205);
#5204 = CARTESIAN_POINT('',(-44.10334356529,60.637409957564,114.2));
#5205 = VECTOR('',#5206,1.);
#5206 = DIRECTION('',(0.588201434586,-0.808714456623,0.));
#5207 = PCURVE('',#4959,#5208);
#5208 = DEFINITIONAL_REPRESENTATION('',(#5209),#5213);
#5209 = LINE('',#5210,#5211);
#5210 = CARTESIAN_POINT('',(-0.416782171583,2.565262095328));
#5211 = VECTOR('',#5212,1.);
#5212 = DIRECTION('',(0.,-1.));
#5213 = ( GEOMETRIC_REPRESENTATION_CONTEXT(2) 
PARAMETRIC_REPRESENTATION_CONTEXT() REPRESENTATION_CONTEXT('2D SPACE',''
  ) );
#5214 = PCURVE('',#5115,#5215);
#5215 = DEFINITIONAL_REPRESENTATION('',(#5216),#5220);
#5216 = LINE('',#5217,#5218);
#5217 = CARTESIAN_POINT('',(74.98,0.));
#5218 = VECTOR('',#5219,1.);
#5219 = DIRECTION('',(-1.,0.));
#5220 = ( GEOMETRIC_REPRESENTATION_CONTEXT(2) 
PARAMETRIC_REPRESENTATION_CONTEXT() REPRESENTATION_CONTEXT('2D SPACE',''
  ) );
#5221 = ORIENTED_EDGE('',*,*,#5222,.T.);
#5222 = EDGE_CURVE('',#5200,#4915,#5223,.T.);
#5223 = SURFACE_CURVE('',#5224,(#5229,#5236),.PCURVE_S1.);
#5224 = CIRCLE('',#5225,0.8);
#5225 = AXIS2_PLACEMENT_3D('',#5226,#5227,#5228);
#5226 = CARTESIAN_POINT('',(-41.45643710965,56.998194902762,115.));
#5227 = DIRECTION('',(-0.808714456623,-0.588201434586,0.));
#5228 = DIRECTION('',(-0.,0.,-1.));
#5229 = PCURVE('',#4959,#5230);
#5230 = DEFINITIONAL_REPRESENTATION('',(#5231),#5235);
#5231 = CIRCLE('',#5232,0.8);
#5232 = AXIS2_PLACEMENT_2D('',#5233,#5234);
#5233 = CARTESIAN_POINT('',(0.383217828417,-1.934737904672));
#5234 = DIRECTION('',(-1.,0.));
#5235 = ( GEOMETRIC_REPRESENTATION_CONTEXT(2) 
PARAMETRIC_REPRESENTATION_CONTEXT() REPRESENTATION_CONTEXT('2D SPACE',''
  ) );
#5236 = PCURVE('',#4931,#5237);
#5237 = DEFINITIONAL_REPRESENTATION('',(#5238),#5242);
#5238 = LINE('',#5239,#5240);
#5239 = CARTESIAN_POINT('',(-0.,1.570796326795));
#5240 = VECTOR('',#5241,1.);
#5241 = DIRECTION('',(-0.,1.));
#5242 = ( GEOMETRIC_REPRESENTATION_CONTEXT(2) 
PARAMETRIC_REPRESENTATION_CONTEXT() REPRESENTATION_CONTEXT('2D SPACE',''
  ) );
#5243 = ADVANCED_FACE('',(#5244),#4931,.F.);
#5244 = FACE_BOUND('',#5245,.T.);
#5245 = EDGE_LOOP('',(#5246,#5270,#5292,#5293));
#5246 = ORIENTED_EDGE('',*,*,#5247,.T.);
#5247 = EDGE_CURVE('',#5200,#5248,#5250,.T.);
#5248 = VERTEX_POINT('',#5249);
#5249 = CARTESIAN_POINT('',(-56.99819490276,41.456437109655,114.2));
#5250 = SURFACE_CURVE('',#5251,(#5256,#5263),.PCURVE_S1.);
#5251 = CIRCLE('',#5252,70.48);
#5252 = AXIS2_PLACEMENT_3D('',#5253,#5254,#5255);
#5253 = CARTESIAN_POINT('',(0.,0.,114.2));
#5254 = DIRECTION('',(0.,0.,1.));
#5255 = DIRECTION('',(-0.588201434586,0.808714456623,0.));
#5256 = PCURVE('',#4931,#5257);
#5257 = DEFINITIONAL_REPRESENTATION('',(#5258),#5262);
#5258 = LINE('',#5259,#5260);
#5259 = CARTESIAN_POINT('',(-0.,1.570796326795));
#5260 = VECTOR('',#5261,1.);
#5261 = DIRECTION('',(-1.,0.));
#5262 = ( GEOMETRIC_REPRESENTATION_CONTEXT(2) 
PARAMETRIC_REPRESENTATION_CONTEXT() REPRESENTATION_CONTEXT('2D SPACE',''
  ) );
#5263 = PCURVE('',#5115,#5264);
#5264 = DEFINITIONAL_REPRESENTATION('',(#5265),#5269);
#5265 = CIRCLE('',#5266,70.48);
#5266 = AXIS2_PLACEMENT_2D('',#5267,#5268);
#5267 = CARTESIAN_POINT('',(0.,0.));
#5268 = DIRECTION('',(1.,0.));
#5269 = ( GEOMETRIC_REPRESENTATION_CONTEXT(2) 
PARAMETRIC_REPRESENTATION_CONTEXT() REPRESENTATION_CONTEXT('2D SPACE',''
  ) );
#5270 = ORIENTED_EDGE('',*,*,#5271,.T.);
#5271 = EDGE_CURVE('',#5248,#4887,#5272,.T.);
#5272 = SURFACE_CURVE('',#5273,(#5278,#5285),.PCURVE_S1.);
#5273 = CIRCLE('',#5274,0.8);
#5274 = AXIS2_PLACEMENT_3D('',#5275,#5276,#5277);
#5275 = CARTESIAN_POINT('',(-56.99819490276,41.456437109655,115.));
#5276 = DIRECTION('',(-0.588201434586,-0.808714456623,0.));
#5277 = DIRECTION('',(-0.,0.,-1.));
#5278 = PCURVE('',#4931,#5279);
#5279 = DEFINITIONAL_REPRESENTATION('',(#5280),#5284);
#5280 = LINE('',#5281,#5282);
#5281 = CARTESIAN_POINT('',(-0.313130213758,1.570796326795));
#5282 = VECTOR('',#5283,1.);
#5283 = DIRECTION('',(-0.,1.));
#5284 = ( GEOMETRIC_REPRESENTATION_CONTEXT(2) 
PARAMETRIC_REPRESENTATION_CONTEXT() REPRESENTATION_CONTEXT('2D SPACE',''
  ) );
#5285 = PCURVE('',#4902,#5286);
#5286 = DEFINITIONAL_REPRESENTATION('',(#5287),#5291);
#5287 = CIRCLE('',#5288,0.8);
#5288 = AXIS2_PLACEMENT_2D('',#5289,#5290);
#5289 = CARTESIAN_POINT('',(0.383217828417,-1.934737904672));
#5290 = DIRECTION('',(-1.,0.));
#5291 = ( GEOMETRIC_REPRESENTATION_CONTEXT(2) 
PARAMETRIC_REPRESENTATION_CONTEXT() REPRESENTATION_CONTEXT('2D SPACE',''
  ) );
#5292 = ORIENTED_EDGE('',*,*,#4914,.F.);
#5293 = ORIENTED_EDGE('',*,*,#5222,.F.);
#5294 = ADVANCED_FACE('',(#5295),#4902,.F.);
#5295 = FACE_BOUND('',#5296,.F.);
#5296 = EDGE_LOOP('',(#5297,#5298,#5299,#5320));
#5297 = ORIENTED_EDGE('',*,*,#4886,.T.);
#5298 = ORIENTED_EDGE('',*,*,#5127,.T.);
#5299 = ORIENTED_EDGE('',*,*,#5300,.T.);
#5300 = EDGE_CURVE('',#5099,#5248,#5301,.T.);
#5301 = SURFACE_CURVE('',#5302,(#5306,#5313),.PCURVE_S1.);
#5302 = LINE('',#5303,#5304);
#5303 = CARTESIAN_POINT('',(-60.63740995756,44.103343565294,114.2));
#5304 = VECTOR('',#5305,1.);
#5305 = DIRECTION('',(0.808714456623,-0.588201434586,0.));
#5306 = PCURVE('',#4902,#5307);
#5307 = DEFINITIONAL_REPRESENTATION('',(#5308),#5312);
#5308 = LINE('',#5309,#5310);
#5309 = CARTESIAN_POINT('',(-0.416782171583,2.565262095328));
#5310 = VECTOR('',#5311,1.);
#5311 = DIRECTION('',(0.,-1.));
#5312 = ( GEOMETRIC_REPRESENTATION_CONTEXT(2) 
PARAMETRIC_REPRESENTATION_CONTEXT() REPRESENTATION_CONTEXT('2D SPACE',''
  ) );
#5313 = PCURVE('',#5115,#5314);
#5314 = DEFINITIONAL_REPRESENTATION('',(#5315),#5319);
#5315 = LINE('',#5316,#5317);
#5316 = CARTESIAN_POINT('',(71.334023053294,23.096700089668));
#5317 = VECTOR('',#5318,1.);
#5318 = DIRECTION('',(-0.951374007112,-0.308038144701));
#5319 = ( GEOMETRIC_REPRESENTATION_CONTEXT(2) 
PARAMETRIC_REPRESENTATION_CONTEXT() REPRESENTATION_CONTEXT('2D SPACE',''
  ) );
#5320 = ORIENTED_EDGE('',*,*,#5271,.T.);
#5321 = ADVANCED_FACE('',(#5322),#4845,.T.);
#5322 = FACE_BOUND('',#5323,.T.);
#5323 = EDGE_LOOP('',(#5324,#5325,#5326,#5349));
#5324 = ORIENTED_EDGE('',*,*,#4829,.T.);
#5325 = ORIENTED_EDGE('',*,*,#5149,.T.);
#5326 = ORIENTED_EDGE('',*,*,#5327,.T.);
#5327 = EDGE_CURVE('',#5150,#5328,#5330,.T.);
#5328 = VERTEX_POINT('',#5329);
#5329 = CARTESIAN_POINT('',(-57.41594738282,40.875902266898,113.5));
#5330 = SURFACE_CURVE('',#5331,(#5335,#5342),.PCURVE_S1.);
#5331 = LINE('',#5332,#5333);
#5332 = CARTESIAN_POINT('',(-61.08183505624,43.485742791884,113.5));
#5333 = VECTOR('',#5334,1.);
#5334 = DIRECTION('',(0.814641705205,-0.579964561108,0.));
#5335 = PCURVE('',#4845,#5336);
#5336 = DEFINITIONAL_REPRESENTATION('',(#5337),#5341);
#5337 = LINE('',#5338,#5339);
#5338 = CARTESIAN_POINT('',(-0.798759671691,2.845938128099));
#5339 = VECTOR('',#5340,1.);
#5340 = DIRECTION('',(0.,-1.));
#5341 = ( GEOMETRIC_REPRESENTATION_CONTEXT(2) 
PARAMETRIC_REPRESENTATION_CONTEXT() REPRESENTATION_CONTEXT('2D SPACE',''
  ) );
#5342 = PCURVE('',#5036,#5343);
#5343 = DEFINITIONAL_REPRESENTATION('',(#5344),#5348);
#5344 = LINE('',#5345,#5346);
#5345 = CARTESIAN_POINT('',(70.850599320141,24.539620534492));
#5346 = VECTOR('',#5347,1.);
#5347 = DIRECTION('',(-0.944926638039,-0.327282215717));
#5348 = ( GEOMETRIC_REPRESENTATION_CONTEXT(2) 
PARAMETRIC_REPRESENTATION_CONTEXT() REPRESENTATION_CONTEXT('2D SPACE',''
  ) );
#5349 = ORIENTED_EDGE('',*,*,#5350,.T.);
#5350 = EDGE_CURVE('',#5328,#4801,#5351,.T.);
#5351 = SURFACE_CURVE('',#5352,(#5357,#5364),.PCURVE_S1.);
#5352 = CIRCLE('',#5353,1.5);
#5353 = AXIS2_PLACEMENT_3D('',#5354,#5355,#5356);
#5354 = CARTESIAN_POINT('',(-57.41594738282,40.875902266898,115.));
#5355 = DIRECTION('',(-0.579964561108,-0.814641705205,1.577721810442E-30
    ));
#5356 = DIRECTION('',(1.543567322348E-14,-1.098905615716E-14,-1.));
#5357 = PCURVE('',#4845,#5358);
#5358 = DEFINITIONAL_REPRESENTATION('',(#5359),#5363);
#5359 = CIRCLE('',#5360,1.5);
#5360 = AXIS2_PLACEMENT_2D('',#5361,#5362);
#5361 = CARTESIAN_POINT('',(0.701240328309,-1.654061871901));
#5362 = DIRECTION('',(-1.,-1.894780628694E-14));
#5363 = ( GEOMETRIC_REPRESENTATION_CONTEXT(2) 
PARAMETRIC_REPRESENTATION_CONTEXT() REPRESENTATION_CONTEXT('2D SPACE',''
  ) );
#5364 = PCURVE('',#4817,#5365);
#5365 = DEFINITIONAL_REPRESENTATION('',(#5366),#5370);
#5366 = LINE('',#5367,#5368);
#5367 = CARTESIAN_POINT('',(-0.333425951653,1.570796326795));
#5368 = VECTOR('',#5369,1.);
#5369 = DIRECTION('',(-0.,1.));
#5370 = ( GEOMETRIC_REPRESENTATION_CONTEXT(2) 
PARAMETRIC_REPRESENTATION_CONTEXT() REPRESENTATION_CONTEXT('2D SPACE',''
  ) );
#5371 = ADVANCED_FACE('',(#5372),#4817,.T.);
#5372 = FACE_BOUND('',#5373,.F.);
#5373 = EDGE_LOOP('',(#5374,#5396,#5397,#5398));
#5374 = ORIENTED_EDGE('',*,*,#5375,.T.);
#5375 = EDGE_CURVE('',#5021,#5328,#5376,.T.);
#5376 = SURFACE_CURVE('',#5377,(#5382,#5389),.PCURVE_S1.);
#5377 = CIRCLE('',#5378,70.48);
#5378 = AXIS2_PLACEMENT_3D('',#5379,#5380,#5381);
#5379 = CARTESIAN_POINT('',(0.,0.,113.5));
#5380 = DIRECTION('',(0.,0.,1.));
#5381 = DIRECTION('',(-0.579964561108,0.814641705205,0.));
#5382 = PCURVE('',#4817,#5383);
#5383 = DEFINITIONAL_REPRESENTATION('',(#5384),#5388);
#5384 = LINE('',#5385,#5386);
#5385 = CARTESIAN_POINT('',(-0.,1.570796326795));
#5386 = VECTOR('',#5387,1.);
#5387 = DIRECTION('',(-1.,0.));
#5388 = ( GEOMETRIC_REPRESENTATION_CONTEXT(2) 
PARAMETRIC_REPRESENTATION_CONTEXT() REPRESENTATION_CONTEXT('2D SPACE',''
  ) );
#5389 = PCURVE('',#5036,#5390);
#5390 = DEFINITIONAL_REPRESENTATION('',(#5391),#5395);
#5391 = CIRCLE('',#5392,70.48);
#5392 = AXIS2_PLACEMENT_2D('',#5393,#5394);
#5393 = CARTESIAN_POINT('',(0.,0.));
#5394 = DIRECTION('',(1.,0.));
#5395 = ( GEOMETRIC_REPRESENTATION_CONTEXT(2) 
PARAMETRIC_REPRESENTATION_CONTEXT() REPRESENTATION_CONTEXT('2D SPACE',''
  ) );
#5396 = ORIENTED_EDGE('',*,*,#5350,.T.);
#5397 = ORIENTED_EDGE('',*,*,#4800,.F.);
#5398 = ORIENTED_EDGE('',*,*,#5048,.F.);
#5399 = ADVANCED_FACE('',(#5400),#5036,.F.);
#5400 = FACE_BOUND('',#5401,.F.);
#5401 = EDGE_LOOP('',(#5402,#5403,#5404,#5405));
#5402 = ORIENTED_EDGE('',*,*,#5172,.T.);
#5403 = ORIENTED_EDGE('',*,*,#5327,.T.);
#5404 = ORIENTED_EDGE('',*,*,#5375,.F.);
#5405 = ORIENTED_EDGE('',*,*,#5020,.F.);
#5406 = ADVANCED_FACE('',(#5407),#5115,.T.);
#5407 = FACE_BOUND('',#5408,.T.);
#5408 = EDGE_LOOP('',(#5409,#5410,#5411,#5412));
#5409 = ORIENTED_EDGE('',*,*,#5098,.T.);
#5410 = ORIENTED_EDGE('',*,*,#5300,.T.);
#5411 = ORIENTED_EDGE('',*,*,#5247,.F.);
#5412 = ORIENTED_EDGE('',*,*,#5199,.F.);
#5413 = ( GEOMETRIC_REPRESENTATION_CONTEXT(3) 
GLOBAL_UNCERTAINTY_ASSIGNED_CONTEXT((#5417)) 
GLOBAL_UNIT_ASSIGNED_CONTEXT((#5414,#5415,#5416)) REPRESENTATION_CONTEXT
('Context #1','3D Context with UNIT and UNCERTAINTY') );
#5414 = ( LENGTH_UNIT() NAMED_UNIT(*) SI_UNIT(.MILLI.,.METRE.) );
#5415 = ( NAMED_UNIT(*) PLANE_ANGLE_UNIT() SI_UNIT($,.RADIAN.) );
#5416 = ( NAMED_UNIT(*) SI_UNIT($,.STERADIAN.) SOLID_ANGLE_UNIT() );
#5417 = UNCERTAINTY_MEASURE_WITH_UNIT(LENGTH_MEASURE(1.E-07),#5414,
  'distance_accuracy_value','confusion accuracy');
#5418 = PRODUCT_RELATED_PRODUCT_CATEGORY('part',$,(#4755));
#5419 = SHAPE_DEFINITION_REPRESENTATION(#5420,#5426);
#5420 = PRODUCT_DEFINITION_SHAPE('','',#5421);
#5421 = PRODUCT_DEFINITION('design','',#5422,#5425);
#5422 = PRODUCT_DEFINITION_FORMATION('','',#5423);
#5423 = PRODUCT('Open CASCADE STEP translator 7.8 9',
  'Open CASCADE STEP translator 7.8 9','',(#5424));
#5424 = PRODUCT_CONTEXT('',#2,'mechanical');
#5425 = PRODUCT_DEFINITION_CONTEXT('part definition',#2,'design');
#5426 = ADVANCED_BREP_SHAPE_REPRESENTATION('',(#11,#5427),#6081);
#5427 = MANIFOLD_SOLID_BREP('',#5428);
#5428 = CLOSED_SHELL('',(#5429,#5660,#5737,#5861,#5911,#5962,#5989,#6039
    ,#6067,#6074));
#5429 = ADVANCED_FACE('',(#5430),#5444,.T.);
#5430 = FACE_BOUND('',#5431,.F.);
#5431 = EDGE_LOOP('',(#5432,#5467,#5496,#5524,#5553,#5581,#5610,#5638));
#5432 = ORIENTED_EDGE('',*,*,#5433,.F.);
#5433 = EDGE_CURVE('',#5434,#5436,#5438,.T.);
#5434 = VERTEX_POINT('',#5435);
#5435 = CARTESIAN_POINT('',(-68.02363010069,11.446665362631,115.));
#5436 = VERTEX_POINT('',#5437);
#5437 = CARTESIAN_POINT('',(-73.94044338866,12.442316162512,115.));
#5438 = SURFACE_CURVE('',#5439,(#5443,#5455),.PCURVE_S1.);
#5439 = LINE('',#5440,#5441);
#5440 = CARTESIAN_POINT('',(-68.02363010069,11.446665362631,115.));
#5441 = VECTOR('',#5442,1.);
#5442 = DIRECTION('',(-0.986135547995,0.16594179998,0.));
#5443 = PCURVE('',#5444,#5449);
#5444 = PLANE('',#5445);
#5445 = AXIS2_PLACEMENT_3D('',#5446,#5447,#5448);
#5446 = CARTESIAN_POINT('',(0.,0.,115.));
#5447 = DIRECTION('',(0.,0.,1.));
#5448 = DIRECTION('',(-0.986135547995,0.16594179998,-0.));
#5449 = DEFINITIONAL_REPRESENTATION('',(#5450),#5454);
#5450 = LINE('',#5451,#5452);
#5451 = CARTESIAN_POINT('',(68.98,-0.));
#5452 = VECTOR('',#5453,1.);
#5453 = DIRECTION('',(1.,-0.));
#5454 = ( GEOMETRIC_REPRESENTATION_CONTEXT(2) 
PARAMETRIC_REPRESENTATION_CONTEXT() REPRESENTATION_CONTEXT('2D SPACE',''
  ) );
#5455 = PCURVE('',#5456,#5461);
#5456 = PLANE('',#5457);
#5457 = AXIS2_PLACEMENT_3D('',#5458,#5459,#5460);
#5458 = CARTESIAN_POINT('',(-71.13396263315,11.970056066903,
    114.29875967169));
#5459 = DIRECTION('',(-0.16594179998,-0.986135547995,0.));
#5460 = DIRECTION('',(0.,0.,1.));
#5461 = DEFINITIONAL_REPRESENTATION('',(#5462),#5466);
#5462 = LINE('',#5463,#5464);
#5463 = CARTESIAN_POINT('',(0.701240328309,-3.154061871901));
#5464 = VECTOR('',#5465,1.);
#5465 = DIRECTION('',(0.,1.));
#5466 = ( GEOMETRIC_REPRESENTATION_CONTEXT(2) 
PARAMETRIC_REPRESENTATION_CONTEXT() REPRESENTATION_CONTEXT('2D SPACE',''
  ) );
#5467 = ORIENTED_EDGE('',*,*,#5468,.T.);
#5468 = EDGE_CURVE('',#5434,#5469,#5471,.T.);
#5469 = VERTEX_POINT('',#5470);
#5470 = CARTESIAN_POINT('',(-68.02363010069,-11.44666536263,115.));
#5471 = SURFACE_CURVE('',#5472,(#5477,#5484),.PCURVE_S1.);
#5472 = CIRCLE('',#5473,68.98);
#5473 = AXIS2_PLACEMENT_3D('',#5474,#5475,#5476);
#5474 = CARTESIAN_POINT('',(0.,0.,115.));
#5475 = DIRECTION('',(0.,0.,1.));
#5476 = DIRECTION('',(-0.986135547995,0.16594179998,0.));
#5477 = PCURVE('',#5444,#5478);
#5478 = DEFINITIONAL_REPRESENTATION('',(#5479),#5483);
#5479 = CIRCLE('',#5480,68.98);
#5480 = AXIS2_PLACEMENT_2D('',#5481,#5482);
#5481 = CARTESIAN_POINT('',(0.,0.));
#5482 = DIRECTION('',(1.,-0.));
#5483 = ( GEOMETRIC_REPRESENTATION_CONTEXT(2) 
PARAMETRIC_REPRESENTATION_CONTEXT() REPRESENTATION_CONTEXT('2D SPACE',''
  ) );
#5484 = PCURVE('',#5485,#5490);
#5485 = TOROIDAL_SURFACE('',#5486,70.48,1.5);
#5486 = AXIS2_PLACEMENT_3D('',#5487,#5488,#5489);
#5487 = CARTESIAN_POINT('',(0.,0.,115.));
#5488 = DIRECTION('',(0.,0.,-1.));
#5489 = DIRECTION('',(-0.986135547995,0.16594179998,0.));
#5490 = DEFINITIONAL_REPRESENTATION('',(#5491),#5495);
#5491 = LINE('',#5492,#5493);
#5492 = CARTESIAN_POINT('',(-0.,3.14159265359));
#5493 = VECTOR('',#5494,1.);
#5494 = DIRECTION('',(-1.,0.));
#5495 = ( GEOMETRIC_REPRESENTATION_CONTEXT(2) 
PARAMETRIC_REPRESENTATION_CONTEXT() REPRESENTATION_CONTEXT('2D SPACE',''
  ) );
#5496 = ORIENTED_EDGE('',*,*,#5497,.T.);
#5497 = EDGE_CURVE('',#5469,#5498,#5500,.T.);
#5498 = VERTEX_POINT('',#5499);
#5499 = CARTESIAN_POINT('',(-73.94044338866,-12.44231616251,115.));
#5500 = SURFACE_CURVE('',#5501,(#5505,#5512),.PCURVE_S1.);
#5501 = LINE('',#5502,#5503);
#5502 = CARTESIAN_POINT('',(-68.02363010069,-11.44666536263,115.));
#5503 = VECTOR('',#5504,1.);
#5504 = DIRECTION('',(-0.986135547995,-0.16594179998,0.));
#5505 = PCURVE('',#5444,#5506);
#5506 = DEFINITIONAL_REPRESENTATION('',(#5507),#5511);
#5507 = LINE('',#5508,#5509);
#5508 = CARTESIAN_POINT('',(65.181039491909,22.575927240187));
#5509 = VECTOR('',#5510,1.);
#5510 = DIRECTION('',(0.944926638039,0.327282215717));
#5511 = ( GEOMETRIC_REPRESENTATION_CONTEXT(2) 
PARAMETRIC_REPRESENTATION_CONTEXT() REPRESENTATION_CONTEXT('2D SPACE',''
  ) );
#5512 = PCURVE('',#5513,#5518);
#5513 = PLANE('',#5514);
#5514 = AXIS2_PLACEMENT_3D('',#5515,#5516,#5517);
#5515 = CARTESIAN_POINT('',(-71.13396263315,-11.9700560669,
    114.29875967169));
#5516 = DIRECTION('',(0.16594179998,-0.986135547995,0.));
#5517 = DIRECTION('',(0.,0.,1.));
#5518 = DEFINITIONAL_REPRESENTATION('',(#5519),#5523);
#5519 = LINE('',#5520,#5521);
#5520 = CARTESIAN_POINT('',(0.701240328309,-3.154061871901));
#5521 = VECTOR('',#5522,1.);
#5522 = DIRECTION('',(0.,1.));
#5523 = ( GEOMETRIC_REPRESENTATION_CONTEXT(2) 
PARAMETRIC_REPRESENTATION_CONTEXT() REPRESENTATION_CONTEXT('2D SPACE',''
  ) );
#5524 = ORIENTED_EDGE('',*,*,#5525,.F.);
#5525 = EDGE_CURVE('',#5526,#5498,#5528,.T.);
#5526 = VERTEX_POINT('',#5527);
#5527 = CARTESIAN_POINT('',(-74.0628970826,-11.69135046656,115.));
#5528 = SURFACE_CURVE('',#5529,(#5534,#5541),.PCURVE_S1.);
#5529 = CIRCLE('',#5530,74.98);
#5530 = AXIS2_PLACEMENT_3D('',#5531,#5532,#5533);
#5531 = CARTESIAN_POINT('',(0.,0.,115.));
#5532 = DIRECTION('',(0.,0.,1.));
#5533 = DIRECTION('',(-0.986135547995,0.16594179998,0.));
#5534 = PCURVE('',#5444,#5535);
#5535 = DEFINITIONAL_REPRESENTATION('',(#5536),#5540);
#5536 = CIRCLE('',#5537,74.98);
#5537 = AXIS2_PLACEMENT_2D('',#5538,#5539);
#5538 = CARTESIAN_POINT('',(0.,0.));
#5539 = DIRECTION('',(1.,-0.));
#5540 = ( GEOMETRIC_REPRESENTATION_CONTEXT(2) 
PARAMETRIC_REPRESENTATION_CONTEXT() REPRESENTATION_CONTEXT('2D SPACE',''
  ) );
#5541 = PCURVE('',#5542,#5547);
#5542 = CYLINDRICAL_SURFACE('',#5543,74.98);
#5543 = AXIS2_PLACEMENT_3D('',#5544,#5545,#5546);
#5544 = CARTESIAN_POINT('',(0.,0.,115.));
#5545 = DIRECTION('',(0.,0.,-1.));
#5546 = DIRECTION('',(-0.986135547995,0.16594179998,0.));
#5547 = DEFINITIONAL_REPRESENTATION('',(#5548),#5552);
#5548 = LINE('',#5549,#5550);
#5549 = CARTESIAN_POINT('',(-0.,0.));
#5550 = VECTOR('',#5551,1.);
#5551 = DIRECTION('',(-1.,0.));
#5552 = ( GEOMETRIC_REPRESENTATION_CONTEXT(2) 
PARAMETRIC_REPRESENTATION_CONTEXT() REPRESENTATION_CONTEXT('2D SPACE',''
  ) );
#5553 = ORIENTED_EDGE('',*,*,#5554,.F.);
#5554 = EDGE_CURVE('',#5555,#5526,#5557,.T.);
#5555 = VERTEX_POINT('',#5556);
#5556 = CARTESIAN_POINT('',(-68.82772297566,-10.86494132448,115.));
#5557 = SURFACE_CURVE('',#5558,(#5562,#5569),.PCURVE_S1.);
#5558 = LINE('',#5559,#5560);
#5559 = CARTESIAN_POINT('',(-68.82772297566,-10.86494132448,115.));
#5560 = VECTOR('',#5561,1.);
#5561 = DIRECTION('',(-0.987768699421,-0.155926253222,0.));
#5562 = PCURVE('',#5444,#5563);
#5563 = DEFINITIONAL_REPRESENTATION('',(#5564),#5568);
#5564 = LINE('',#5565,#5566);
#5565 = CARTESIAN_POINT('',(66.070516393793,22.135701106075));
#5566 = VECTOR('',#5567,1.);
#5567 = DIRECTION('',(0.948199144572,0.317676537114));
#5568 = ( GEOMETRIC_REPRESENTATION_CONTEXT(2) 
PARAMETRIC_REPRESENTATION_CONTEXT() REPRESENTATION_CONTEXT('2D SPACE',''
  ) );
#5569 = PCURVE('',#5570,#5575);
#5570 = PLANE('',#5571);
#5571 = AXIS2_PLACEMENT_3D('',#5572,#5573,#5574);
#5572 = CARTESIAN_POINT('',(-71.52901147902,-11.2913587595,
    114.61678217158));
#5573 = DIRECTION('',(0.155926253222,-0.987768699421,0.));
#5574 = DIRECTION('',(0.,0.,1.));
#5575 = DEFINITIONAL_REPRESENTATION('',(#5576),#5580);
#5576 = LINE('',#5577,#5578);
#5577 = CARTESIAN_POINT('',(0.383217828417,-2.734737904672));
#5578 = VECTOR('',#5579,1.);
#5579 = DIRECTION('',(0.,1.));
#5580 = ( GEOMETRIC_REPRESENTATION_CONTEXT(2) 
PARAMETRIC_REPRESENTATION_CONTEXT() REPRESENTATION_CONTEXT('2D SPACE',''
  ) );
#5581 = ORIENTED_EDGE('',*,*,#5582,.F.);
#5582 = EDGE_CURVE('',#5583,#5555,#5585,.T.);
#5583 = VERTEX_POINT('',#5584);
#5584 = CARTESIAN_POINT('',(-68.82772297566,10.864941324487,115.));
#5585 = SURFACE_CURVE('',#5586,(#5591,#5598),.PCURVE_S1.);
#5586 = CIRCLE('',#5587,69.68);
#5587 = AXIS2_PLACEMENT_3D('',#5588,#5589,#5590);
#5588 = CARTESIAN_POINT('',(0.,0.,115.));
#5589 = DIRECTION('',(0.,0.,1.));
#5590 = DIRECTION('',(-0.987768699421,0.155926253222,0.));
#5591 = PCURVE('',#5444,#5592);
#5592 = DEFINITIONAL_REPRESENTATION('',(#5593),#5597);
#5593 = CIRCLE('',#5594,69.68);
#5594 = AXIS2_PLACEMENT_2D('',#5595,#5596);
#5595 = CARTESIAN_POINT('',(0.,0.));
#5596 = DIRECTION('',(0.99994851082,1.014769477844E-02));
#5597 = ( GEOMETRIC_REPRESENTATION_CONTEXT(2) 
PARAMETRIC_REPRESENTATION_CONTEXT() REPRESENTATION_CONTEXT('2D SPACE',''
  ) );
#5598 = PCURVE('',#5599,#5604);
#5599 = TOROIDAL_SURFACE('',#5600,70.48,0.8);
#5600 = AXIS2_PLACEMENT_3D('',#5601,#5602,#5603);
#5601 = CARTESIAN_POINT('',(0.,0.,115.));
#5602 = DIRECTION('',(0.,0.,-1.));
#5603 = DIRECTION('',(-0.987768699421,0.155926253222,0.));
#5604 = DEFINITIONAL_REPRESENTATION('',(#5605),#5609);
#5605 = LINE('',#5606,#5607);
#5606 = CARTESIAN_POINT('',(-0.,3.14159265359));
#5607 = VECTOR('',#5608,1.);
#5608 = DIRECTION('',(-1.,0.));
#5609 = ( GEOMETRIC_REPRESENTATION_CONTEXT(2) 
PARAMETRIC_REPRESENTATION_CONTEXT() REPRESENTATION_CONTEXT('2D SPACE',''
  ) );
#5610 = ORIENTED_EDGE('',*,*,#5611,.T.);
#5611 = EDGE_CURVE('',#5583,#5612,#5614,.T.);
#5612 = VERTEX_POINT('',#5613);
#5613 = CARTESIAN_POINT('',(-74.0628970826,11.691350466562,115.));
#5614 = SURFACE_CURVE('',#5615,(#5619,#5626),.PCURVE_S1.);
#5615 = LINE('',#5616,#5617);
#5616 = CARTESIAN_POINT('',(-68.82772297566,10.864941324487,115.));
#5617 = VECTOR('',#5618,1.);
#5618 = DIRECTION('',(-0.987768699421,0.155926253222,0.));
#5619 = PCURVE('',#5444,#5620);
#5620 = DEFINITIONAL_REPRESENTATION('',(#5621),#5625);
#5621 = LINE('',#5622,#5623);
#5622 = CARTESIAN_POINT('',(69.676412233922,0.707091372162));
#5623 = VECTOR('',#5624,1.);
#5624 = DIRECTION('',(0.99994851082,1.014769477844E-02));
#5625 = ( GEOMETRIC_REPRESENTATION_CONTEXT(2) 
PARAMETRIC_REPRESENTATION_CONTEXT() REPRESENTATION_CONTEXT('2D SPACE',''
  ) );
#5626 = PCURVE('',#5627,#5632);
#5627 = PLANE('',#5628);
#5628 = AXIS2_PLACEMENT_3D('',#5629,#5630,#5631);
#5629 = CARTESIAN_POINT('',(-71.52901147902,11.291358759506,
    114.61678217158));
#5630 = DIRECTION('',(-0.155926253222,-0.987768699421,0.));
#5631 = DIRECTION('',(0.,0.,1.));
#5632 = DEFINITIONAL_REPRESENTATION('',(#5633),#5637);
#5633 = LINE('',#5634,#5635);
#5634 = CARTESIAN_POINT('',(0.383217828417,-2.734737904672));
#5635 = VECTOR('',#5636,1.);
#5636 = DIRECTION('',(0.,1.));
#5637 = ( GEOMETRIC_REPRESENTATION_CONTEXT(2) 
PARAMETRIC_REPRESENTATION_CONTEXT() REPRESENTATION_CONTEXT('2D SPACE',''
  ) );
#5638 = ORIENTED_EDGE('',*,*,#5639,.F.);
#5639 = EDGE_CURVE('',#5436,#5612,#5640,.T.);
#5640 = SURFACE_CURVE('',#5641,(#5646,#5653),.PCURVE_S1.);
#5641 = CIRCLE('',#5642,74.98);
#5642 = AXIS2_PLACEMENT_3D('',#5643,#5644,#5645);
#5643 = CARTESIAN_POINT('',(0.,0.,115.));
#5644 = DIRECTION('',(0.,0.,1.));
#5645 = DIRECTION('',(-0.986135547995,0.16594179998,0.));
#5646 = PCURVE('',#5444,#5647);
#5647 = DEFINITIONAL_REPRESENTATION('',(#5648),#5652);
#5648 = CIRCLE('',#5649,74.98);
#5649 = AXIS2_PLACEMENT_2D('',#5650,#5651);
#5650 = CARTESIAN_POINT('',(0.,0.));
#5651 = DIRECTION('',(1.,-0.));
#5652 = ( GEOMETRIC_REPRESENTATION_CONTEXT(2) 
PARAMETRIC_REPRESENTATION_CONTEXT() REPRESENTATION_CONTEXT('2D SPACE',''
  ) );
#5653 = PCURVE('',#5542,#5654);
#5654 = DEFINITIONAL_REPRESENTATION('',(#5655),#5659);
#5655 = LINE('',#5656,#5657);
#5656 = CARTESIAN_POINT('',(-0.,0.));
#5657 = VECTOR('',#5658,1.);
#5658 = DIRECTION('',(-1.,0.));
#5659 = ( GEOMETRIC_REPRESENTATION_CONTEXT(2) 
PARAMETRIC_REPRESENTATION_CONTEXT() REPRESENTATION_CONTEXT('2D SPACE',''
  ) );
#5660 = ADVANCED_FACE('',(#5661),#5456,.F.);
#5661 = FACE_BOUND('',#5662,.F.);
#5662 = EDGE_LOOP('',(#5663,#5664,#5687,#5715));
#5663 = ORIENTED_EDGE('',*,*,#5433,.T.);
#5664 = ORIENTED_EDGE('',*,*,#5665,.T.);
#5665 = EDGE_CURVE('',#5436,#5666,#5668,.T.);
#5666 = VERTEX_POINT('',#5667);
#5667 = CARTESIAN_POINT('',(-73.94044338866,12.442316162512,113.5));
#5668 = SURFACE_CURVE('',#5669,(#5673,#5680),.PCURVE_S1.);
#5669 = LINE('',#5670,#5671);
#5670 = CARTESIAN_POINT('',(-73.94044338866,12.442316162512,115.));
#5671 = VECTOR('',#5672,1.);
#5672 = DIRECTION('',(-0.,0.,-1.));
#5673 = PCURVE('',#5456,#5674);
#5674 = DEFINITIONAL_REPRESENTATION('',(#5675),#5679);
#5675 = LINE('',#5676,#5677);
#5676 = CARTESIAN_POINT('',(0.701240328309,2.845938128099));
#5677 = VECTOR('',#5678,1.);
#5678 = DIRECTION('',(-1.,0.));
#5679 = ( GEOMETRIC_REPRESENTATION_CONTEXT(2) 
PARAMETRIC_REPRESENTATION_CONTEXT() REPRESENTATION_CONTEXT('2D SPACE',''
  ) );
#5680 = PCURVE('',#5542,#5681);
#5681 = DEFINITIONAL_REPRESENTATION('',(#5682),#5686);
#5682 = LINE('',#5683,#5684);
#5683 = CARTESIAN_POINT('',(-0.,0.));
#5684 = VECTOR('',#5685,1.);
#5685 = DIRECTION('',(-0.,1.));
#5686 = ( GEOMETRIC_REPRESENTATION_CONTEXT(2) 
PARAMETRIC_REPRESENTATION_CONTEXT() REPRESENTATION_CONTEXT('2D SPACE',''
  ) );
#5687 = ORIENTED_EDGE('',*,*,#5688,.T.);
#5688 = EDGE_CURVE('',#5666,#5689,#5691,.T.);
#5689 = VERTEX_POINT('',#5690);
#5690 = CARTESIAN_POINT('',(-69.50283342268,11.695578062602,113.5));
#5691 = SURFACE_CURVE('',#5692,(#5696,#5703),.PCURVE_S1.);
#5692 = LINE('',#5693,#5694);
#5693 = CARTESIAN_POINT('',(-73.94044338866,12.442316162512,113.5));
#5694 = VECTOR('',#5695,1.);
#5695 = DIRECTION('',(0.986135547995,-0.16594179998,0.));
#5696 = PCURVE('',#5456,#5697);
#5697 = DEFINITIONAL_REPRESENTATION('',(#5698),#5702);
#5698 = LINE('',#5699,#5700);
#5699 = CARTESIAN_POINT('',(-0.798759671691,2.845938128099));
#5700 = VECTOR('',#5701,1.);
#5701 = DIRECTION('',(0.,-1.));
#5702 = ( GEOMETRIC_REPRESENTATION_CONTEXT(2) 
PARAMETRIC_REPRESENTATION_CONTEXT() REPRESENTATION_CONTEXT('2D SPACE',''
  ) );
#5703 = PCURVE('',#5704,#5709);
#5704 = PLANE('',#5705);
#5705 = AXIS2_PLACEMENT_3D('',#5706,#5707,#5708);
#5706 = CARTESIAN_POINT('',(0.,0.,113.5));
#5707 = DIRECTION('',(0.,0.,1.));
#5708 = DIRECTION('',(-0.986135547995,0.16594179998,0.));
#5709 = DEFINITIONAL_REPRESENTATION('',(#5710),#5714);
#5710 = LINE('',#5711,#5712);
#5711 = CARTESIAN_POINT('',(74.98,0.));
#5712 = VECTOR('',#5713,1.);
#5713 = DIRECTION('',(-1.,0.));
#5714 = ( GEOMETRIC_REPRESENTATION_CONTEXT(2) 
PARAMETRIC_REPRESENTATION_CONTEXT() REPRESENTATION_CONTEXT('2D SPACE',''
  ) );
#5715 = ORIENTED_EDGE('',*,*,#5716,.T.);
#5716 = EDGE_CURVE('',#5689,#5434,#5717,.T.);
#5717 = SURFACE_CURVE('',#5718,(#5723,#5730),.PCURVE_S1.);
#5718 = CIRCLE('',#5719,1.5);
#5719 = AXIS2_PLACEMENT_3D('',#5720,#5721,#5722);
#5720 = CARTESIAN_POINT('',(-69.50283342268,11.695578062602,115.));
#5721 = DIRECTION('',(-0.16594179998,-0.986135547995,0.));
#5722 = DIRECTION('',(1.868510533607E-14,-3.14423308093E-15,-1.));
#5723 = PCURVE('',#5456,#5724);
#5724 = DEFINITIONAL_REPRESENTATION('',(#5725),#5729);
#5725 = CIRCLE('',#5726,1.5);
#5726 = AXIS2_PLACEMENT_2D('',#5727,#5728);
#5727 = CARTESIAN_POINT('',(0.701240328309,-1.654061871901));
#5728 = DIRECTION('',(-1.,-1.894780628694E-14));
#5729 = ( GEOMETRIC_REPRESENTATION_CONTEXT(2) 
PARAMETRIC_REPRESENTATION_CONTEXT() REPRESENTATION_CONTEXT('2D SPACE',''
  ) );
#5730 = PCURVE('',#5485,#5731);
#5731 = DEFINITIONAL_REPRESENTATION('',(#5732),#5736);
#5732 = LINE('',#5733,#5734);
#5733 = CARTESIAN_POINT('',(-0.,1.570796326795));
#5734 = VECTOR('',#5735,1.);
#5735 = DIRECTION('',(-0.,1.));
#5736 = ( GEOMETRIC_REPRESENTATION_CONTEXT(2) 
PARAMETRIC_REPRESENTATION_CONTEXT() REPRESENTATION_CONTEXT('2D SPACE',''
  ) );
#5737 = ADVANCED_FACE('',(#5738),#5542,.T.);
#5738 = FACE_BOUND('',#5739,.F.);
#5739 = EDGE_LOOP('',(#5740,#5741,#5742,#5765,#5794,#5815,#5816,#5839));
#5740 = ORIENTED_EDGE('',*,*,#5665,.F.);
#5741 = ORIENTED_EDGE('',*,*,#5639,.T.);
#5742 = ORIENTED_EDGE('',*,*,#5743,.T.);
#5743 = EDGE_CURVE('',#5612,#5744,#5746,.T.);
#5744 = VERTEX_POINT('',#5745);
#5745 = CARTESIAN_POINT('',(-74.0628970826,11.691350466562,114.2));
#5746 = SURFACE_CURVE('',#5747,(#5751,#5758),.PCURVE_S1.);
#5747 = LINE('',#5748,#5749);
#5748 = CARTESIAN_POINT('',(-74.0628970826,11.691350466562,115.));
#5749 = VECTOR('',#5750,1.);
#5750 = DIRECTION('',(-0.,0.,-1.));
#5751 = PCURVE('',#5542,#5752);
#5752 = DEFINITIONAL_REPRESENTATION('',(#5753),#5757);
#5753 = LINE('',#5754,#5755);
#5754 = CARTESIAN_POINT('',(-1.014786894752E-02,0.));
#5755 = VECTOR('',#5756,1.);
#5756 = DIRECTION('',(-0.,1.));
#5757 = ( GEOMETRIC_REPRESENTATION_CONTEXT(2) 
PARAMETRIC_REPRESENTATION_CONTEXT() REPRESENTATION_CONTEXT('2D SPACE',''
  ) );
#5758 = PCURVE('',#5627,#5759);
#5759 = DEFINITIONAL_REPRESENTATION('',(#5760),#5764);
#5760 = LINE('',#5761,#5762);
#5761 = CARTESIAN_POINT('',(0.383217828417,2.565262095328));
#5762 = VECTOR('',#5763,1.);
#5763 = DIRECTION('',(-1.,0.));
#5764 = ( GEOMETRIC_REPRESENTATION_CONTEXT(2) 
PARAMETRIC_REPRESENTATION_CONTEXT() REPRESENTATION_CONTEXT('2D SPACE',''
  ) );
#5765 = ORIENTED_EDGE('',*,*,#5766,.T.);
#5766 = EDGE_CURVE('',#5744,#5767,#5769,.T.);
#5767 = VERTEX_POINT('',#5768);
#5768 = CARTESIAN_POINT('',(-74.0628970826,-11.69135046656,114.2));
#5769 = SURFACE_CURVE('',#5770,(#5775,#5782),.PCURVE_S1.);
#5770 = CIRCLE('',#5771,74.98);
#5771 = AXIS2_PLACEMENT_3D('',#5772,#5773,#5774);
#5772 = CARTESIAN_POINT('',(0.,0.,114.2));
#5773 = DIRECTION('',(0.,0.,1.));
#5774 = DIRECTION('',(-0.987768699421,0.155926253222,0.));
#5775 = PCURVE('',#5542,#5776);
#5776 = DEFINITIONAL_REPRESENTATION('',(#5777),#5781);
#5777 = LINE('',#5778,#5779);
#5778 = CARTESIAN_POINT('',(-1.014786894752E-02,0.8));
#5779 = VECTOR('',#5780,1.);
#5780 = DIRECTION('',(-1.,0.));
#5781 = ( GEOMETRIC_REPRESENTATION_CONTEXT(2) 
PARAMETRIC_REPRESENTATION_CONTEXT() REPRESENTATION_CONTEXT('2D SPACE',''
  ) );
#5782 = PCURVE('',#5783,#5788);
#5783 = PLANE('',#5784);
#5784 = AXIS2_PLACEMENT_3D('',#5785,#5786,#5787);
#5785 = CARTESIAN_POINT('',(0.,0.,114.2));
#5786 = DIRECTION('',(0.,0.,1.));
#5787 = DIRECTION('',(-0.987768699421,0.155926253222,0.));
#5788 = DEFINITIONAL_REPRESENTATION('',(#5789),#5793);
#5789 = CIRCLE('',#5790,74.98);
#5790 = AXIS2_PLACEMENT_2D('',#5791,#5792);
#5791 = CARTESIAN_POINT('',(0.,0.));
#5792 = DIRECTION('',(1.,0.));
#5793 = ( GEOMETRIC_REPRESENTATION_CONTEXT(2) 
PARAMETRIC_REPRESENTATION_CONTEXT() REPRESENTATION_CONTEXT('2D SPACE',''
  ) );
#5794 = ORIENTED_EDGE('',*,*,#5795,.F.);
#5795 = EDGE_CURVE('',#5526,#5767,#5796,.T.);
#5796 = SURFACE_CURVE('',#5797,(#5801,#5808),.PCURVE_S1.);
#5797 = LINE('',#5798,#5799);
#5798 = CARTESIAN_POINT('',(-74.0628970826,-11.69135046656,115.));
#5799 = VECTOR('',#5800,1.);
#5800 = DIRECTION('',(-0.,0.,-1.));
#5801 = PCURVE('',#5542,#5802);
#5802 = DEFINITIONAL_REPRESENTATION('',(#5803),#5807);
#5803 = LINE('',#5804,#5805);
#5804 = CARTESIAN_POINT('',(-0.323278082706,0.));
#5805 = VECTOR('',#5806,1.);
#5806 = DIRECTION('',(-0.,1.));
#5807 = ( GEOMETRIC_REPRESENTATION_CONTEXT(2) 
PARAMETRIC_REPRESENTATION_CONTEXT() REPRESENTATION_CONTEXT('2D SPACE',''
  ) );
#5808 = PCURVE('',#5570,#5809);
#5809 = DEFINITIONAL_REPRESENTATION('',(#5810),#5814);
#5810 = LINE('',#5811,#5812);
#5811 = CARTESIAN_POINT('',(0.383217828417,2.565262095328));
#5812 = VECTOR('',#5813,1.);
#5813 = DIRECTION('',(-1.,0.));
#5814 = ( GEOMETRIC_REPRESENTATION_CONTEXT(2) 
PARAMETRIC_REPRESENTATION_CONTEXT() REPRESENTATION_CONTEXT('2D SPACE',''
  ) );
#5815 = ORIENTED_EDGE('',*,*,#5525,.T.);
#5816 = ORIENTED_EDGE('',*,*,#5817,.T.);
#5817 = EDGE_CURVE('',#5498,#5818,#5820,.T.);
#5818 = VERTEX_POINT('',#5819);
#5819 = CARTESIAN_POINT('',(-73.94044338866,-12.44231616251,113.5));
#5820 = SURFACE_CURVE('',#5821,(#5825,#5832),.PCURVE_S1.);
#5821 = LINE('',#5822,#5823);
#5822 = CARTESIAN_POINT('',(-73.94044338866,-12.44231616251,115.));
#5823 = VECTOR('',#5824,1.);
#5824 = DIRECTION('',(-0.,0.,-1.));
#5825 = PCURVE('',#5542,#5826);
#5826 = DEFINITIONAL_REPRESENTATION('',(#5827),#5831);
#5827 = LINE('',#5828,#5829);
#5828 = CARTESIAN_POINT('',(-0.333425951653,0.));
#5829 = VECTOR('',#5830,1.);
#5830 = DIRECTION('',(-0.,1.));
#5831 = ( GEOMETRIC_REPRESENTATION_CONTEXT(2) 
PARAMETRIC_REPRESENTATION_CONTEXT() REPRESENTATION_CONTEXT('2D SPACE',''
  ) );
#5832 = PCURVE('',#5513,#5833);
#5833 = DEFINITIONAL_REPRESENTATION('',(#5834),#5838);
#5834 = LINE('',#5835,#5836);
#5835 = CARTESIAN_POINT('',(0.701240328309,2.845938128099));
#5836 = VECTOR('',#5837,1.);
#5837 = DIRECTION('',(-1.,0.));
#5838 = ( GEOMETRIC_REPRESENTATION_CONTEXT(2) 
PARAMETRIC_REPRESENTATION_CONTEXT() REPRESENTATION_CONTEXT('2D SPACE',''
  ) );
#5839 = ORIENTED_EDGE('',*,*,#5840,.F.);
#5840 = EDGE_CURVE('',#5666,#5818,#5841,.T.);
#5841 = SURFACE_CURVE('',#5842,(#5847,#5854),.PCURVE_S1.);
#5842 = CIRCLE('',#5843,74.98);
#5843 = AXIS2_PLACEMENT_3D('',#5844,#5845,#5846);
#5844 = CARTESIAN_POINT('',(0.,0.,113.5));
#5845 = DIRECTION('',(0.,0.,1.));
#5846 = DIRECTION('',(-0.986135547995,0.16594179998,0.));
#5847 = PCURVE('',#5542,#5848);
#5848 = DEFINITIONAL_REPRESENTATION('',(#5849),#5853);
#5849 = LINE('',#5850,#5851);
#5850 = CARTESIAN_POINT('',(-0.,1.5));
#5851 = VECTOR('',#5852,1.);
#5852 = DIRECTION('',(-1.,0.));
#5853 = ( GEOMETRIC_REPRESENTATION_CONTEXT(2) 
PARAMETRIC_REPRESENTATION_CONTEXT() REPRESENTATION_CONTEXT('2D SPACE',''
  ) );
#5854 = PCURVE('',#5704,#5855);
#5855 = DEFINITIONAL_REPRESENTATION('',(#5856),#5860);
#5856 = CIRCLE('',#5857,74.98);
#5857 = AXIS2_PLACEMENT_2D('',#5858,#5859);
#5858 = CARTESIAN_POINT('',(0.,0.));
#5859 = DIRECTION('',(1.,0.));
#5860 = ( GEOMETRIC_REPRESENTATION_CONTEXT(2) 
PARAMETRIC_REPRESENTATION_CONTEXT() REPRESENTATION_CONTEXT('2D SPACE',''
  ) );
#5861 = ADVANCED_FACE('',(#5862),#5627,.T.);
#5862 = FACE_BOUND('',#5863,.T.);
#5863 = EDGE_LOOP('',(#5864,#5865,#5866,#5889));
#5864 = ORIENTED_EDGE('',*,*,#5611,.T.);
#5865 = ORIENTED_EDGE('',*,*,#5743,.T.);
#5866 = ORIENTED_EDGE('',*,*,#5867,.T.);
#5867 = EDGE_CURVE('',#5744,#5868,#5870,.T.);
#5868 = VERTEX_POINT('',#5869);
#5869 = CARTESIAN_POINT('',(-69.6179379352,10.989682327065,114.2));
#5870 = SURFACE_CURVE('',#5871,(#5875,#5882),.PCURVE_S1.);
#5871 = LINE('',#5872,#5873);
#5872 = CARTESIAN_POINT('',(-74.0628970826,11.691350466562,114.2));
#5873 = VECTOR('',#5874,1.);
#5874 = DIRECTION('',(0.987768699421,-0.155926253222,0.));
#5875 = PCURVE('',#5627,#5876);
#5876 = DEFINITIONAL_REPRESENTATION('',(#5877),#5881);
#5877 = LINE('',#5878,#5879);
#5878 = CARTESIAN_POINT('',(-0.416782171583,2.565262095328));
#5879 = VECTOR('',#5880,1.);
#5880 = DIRECTION('',(0.,-1.));
#5881 = ( GEOMETRIC_REPRESENTATION_CONTEXT(2) 
PARAMETRIC_REPRESENTATION_CONTEXT() REPRESENTATION_CONTEXT('2D SPACE',''
  ) );
#5882 = PCURVE('',#5783,#5883);
#5883 = DEFINITIONAL_REPRESENTATION('',(#5884),#5888);
#5884 = LINE('',#5885,#5886);
#5885 = CARTESIAN_POINT('',(74.98,1.7763568394E-15));
#5886 = VECTOR('',#5887,1.);
#5887 = DIRECTION('',(-1.,0.));
#5888 = ( GEOMETRIC_REPRESENTATION_CONTEXT(2) 
PARAMETRIC_REPRESENTATION_CONTEXT() REPRESENTATION_CONTEXT('2D SPACE',''
  ) );
#5889 = ORIENTED_EDGE('',*,*,#5890,.T.);
#5890 = EDGE_CURVE('',#5868,#5583,#5891,.T.);
#5891 = SURFACE_CURVE('',#5892,(#5897,#5904),.PCURVE_S1.);
#5892 = CIRCLE('',#5893,0.8);
#5893 = AXIS2_PLACEMENT_3D('',#5894,#5895,#5896);
#5894 = CARTESIAN_POINT('',(-69.6179379352,10.989682327065,115.));
#5895 = DIRECTION('',(-0.155926253222,-0.987768699421,0.));
#5896 = DIRECTION('',(-0.,0.,-1.));
#5897 = PCURVE('',#5627,#5898);
#5898 = DEFINITIONAL_REPRESENTATION('',(#5899),#5903);
#5899 = CIRCLE('',#5900,0.8);
#5900 = AXIS2_PLACEMENT_2D('',#5901,#5902);
#5901 = CARTESIAN_POINT('',(0.383217828417,-1.934737904672));
#5902 = DIRECTION('',(-1.,0.));
#5903 = ( GEOMETRIC_REPRESENTATION_CONTEXT(2) 
PARAMETRIC_REPRESENTATION_CONTEXT() REPRESENTATION_CONTEXT('2D SPACE',''
  ) );
#5904 = PCURVE('',#5599,#5905);
#5905 = DEFINITIONAL_REPRESENTATION('',(#5906),#5910);
#5906 = LINE('',#5907,#5908);
#5907 = CARTESIAN_POINT('',(-0.,1.570796326795));
#5908 = VECTOR('',#5909,1.);
#5909 = DIRECTION('',(-0.,1.));
#5910 = ( GEOMETRIC_REPRESENTATION_CONTEXT(2) 
PARAMETRIC_REPRESENTATION_CONTEXT() REPRESENTATION_CONTEXT('2D SPACE',''
  ) );
#5911 = ADVANCED_FACE('',(#5912),#5599,.F.);
#5912 = FACE_BOUND('',#5913,.T.);
#5913 = EDGE_LOOP('',(#5914,#5938,#5960,#5961));
#5914 = ORIENTED_EDGE('',*,*,#5915,.T.);
#5915 = EDGE_CURVE('',#5868,#5916,#5918,.T.);
#5916 = VERTEX_POINT('',#5917);
#5917 = CARTESIAN_POINT('',(-69.6179379352,-10.98968232706,114.2));
#5918 = SURFACE_CURVE('',#5919,(#5924,#5931),.PCURVE_S1.);
#5919 = CIRCLE('',#5920,70.48);
#5920 = AXIS2_PLACEMENT_3D('',#5921,#5922,#5923);
#5921 = CARTESIAN_POINT('',(0.,0.,114.2));
#5922 = DIRECTION('',(0.,0.,1.));
#5923 = DIRECTION('',(-0.987768699421,0.155926253222,0.));
#5924 = PCURVE('',#5599,#5925);
#5925 = DEFINITIONAL_REPRESENTATION('',(#5926),#5930);
#5926 = LINE('',#5927,#5928);
#5927 = CARTESIAN_POINT('',(-0.,1.570796326795));
#5928 = VECTOR('',#5929,1.);
#5929 = DIRECTION('',(-1.,0.));
#5930 = ( GEOMETRIC_REPRESENTATION_CONTEXT(2) 
PARAMETRIC_REPRESENTATION_CONTEXT() REPRESENTATION_CONTEXT('2D SPACE',''
  ) );
#5931 = PCURVE('',#5783,#5932);
#5932 = DEFINITIONAL_REPRESENTATION('',(#5933),#5937);
#5933 = CIRCLE('',#5934,70.48);
#5934 = AXIS2_PLACEMENT_2D('',#5935,#5936);
#5935 = CARTESIAN_POINT('',(0.,0.));
#5936 = DIRECTION('',(1.,0.));
#5937 = ( GEOMETRIC_REPRESENTATION_CONTEXT(2) 
PARAMETRIC_REPRESENTATION_CONTEXT() REPRESENTATION_CONTEXT('2D SPACE',''
  ) );
#5938 = ORIENTED_EDGE('',*,*,#5939,.T.);
#5939 = EDGE_CURVE('',#5916,#5555,#5940,.T.);
#5940 = SURFACE_CURVE('',#5941,(#5946,#5953),.PCURVE_S1.);
#5941 = CIRCLE('',#5942,0.8);
#5942 = AXIS2_PLACEMENT_3D('',#5943,#5944,#5945);
#5943 = CARTESIAN_POINT('',(-69.6179379352,-10.98968232706,115.));
#5944 = DIRECTION('',(0.155926253222,-0.987768699421,-0.));
#5945 = DIRECTION('',(-0.,0.,-1.));
#5946 = PCURVE('',#5599,#5947);
#5947 = DEFINITIONAL_REPRESENTATION('',(#5948),#5952);
#5948 = LINE('',#5949,#5950);
#5949 = CARTESIAN_POINT('',(-0.313130213758,1.570796326795));
#5950 = VECTOR('',#5951,1.);
#5951 = DIRECTION('',(-0.,1.));
#5952 = ( GEOMETRIC_REPRESENTATION_CONTEXT(2) 
PARAMETRIC_REPRESENTATION_CONTEXT() REPRESENTATION_CONTEXT('2D SPACE',''
  ) );
#5953 = PCURVE('',#5570,#5954);
#5954 = DEFINITIONAL_REPRESENTATION('',(#5955),#5959);
#5955 = CIRCLE('',#5956,0.8);
#5956 = AXIS2_PLACEMENT_2D('',#5957,#5958);
#5957 = CARTESIAN_POINT('',(0.383217828417,-1.934737904672));
#5958 = DIRECTION('',(-1.,0.));
#5959 = ( GEOMETRIC_REPRESENTATION_CONTEXT(2) 
PARAMETRIC_REPRESENTATION_CONTEXT() REPRESENTATION_CONTEXT('2D SPACE',''
  ) );
#5960 = ORIENTED_EDGE('',*,*,#5582,.F.);
#5961 = ORIENTED_EDGE('',*,*,#5890,.F.);
#5962 = ADVANCED_FACE('',(#5963),#5570,.F.);
#5963 = FACE_BOUND('',#5964,.F.);
#5964 = EDGE_LOOP('',(#5965,#5966,#5967,#5988));
#5965 = ORIENTED_EDGE('',*,*,#5554,.T.);
#5966 = ORIENTED_EDGE('',*,*,#5795,.T.);
#5967 = ORIENTED_EDGE('',*,*,#5968,.T.);
#5968 = EDGE_CURVE('',#5767,#5916,#5969,.T.);
#5969 = SURFACE_CURVE('',#5970,(#5974,#5981),.PCURVE_S1.);
#5970 = LINE('',#5971,#5972);
#5971 = CARTESIAN_POINT('',(-74.0628970826,-11.69135046656,114.2));
#5972 = VECTOR('',#5973,1.);
#5973 = DIRECTION('',(0.987768699421,0.155926253222,0.));
#5974 = PCURVE('',#5570,#5975);
#5975 = DEFINITIONAL_REPRESENTATION('',(#5976),#5980);
#5976 = LINE('',#5977,#5978);
#5977 = CARTESIAN_POINT('',(-0.416782171583,2.565262095328));
#5978 = VECTOR('',#5979,1.);
#5979 = DIRECTION('',(0.,-1.));
#5980 = ( GEOMETRIC_REPRESENTATION_CONTEXT(2) 
PARAMETRIC_REPRESENTATION_CONTEXT() REPRESENTATION_CONTEXT('2D SPACE',''
  ) );
#5981 = PCURVE('',#5783,#5982);
#5982 = DEFINITIONAL_REPRESENTATION('',(#5983),#5987);
#5983 = LINE('',#5984,#5985);
#5984 = CARTESIAN_POINT('',(71.334023053294,23.096700089668));
#5985 = VECTOR('',#5986,1.);
#5986 = DIRECTION('',(-0.951374007112,-0.308038144701));
#5987 = ( GEOMETRIC_REPRESENTATION_CONTEXT(2) 
PARAMETRIC_REPRESENTATION_CONTEXT() REPRESENTATION_CONTEXT('2D SPACE',''
  ) );
#5988 = ORIENTED_EDGE('',*,*,#5939,.T.);
#5989 = ADVANCED_FACE('',(#5990),#5513,.T.);
#5990 = FACE_BOUND('',#5991,.T.);
#5991 = EDGE_LOOP('',(#5992,#5993,#5994,#6017));
#5992 = ORIENTED_EDGE('',*,*,#5497,.T.);
#5993 = ORIENTED_EDGE('',*,*,#5817,.T.);
#5994 = ORIENTED_EDGE('',*,*,#5995,.T.);
#5995 = EDGE_CURVE('',#5818,#5996,#5998,.T.);
#5996 = VERTEX_POINT('',#5997);
#5997 = CARTESIAN_POINT('',(-69.50283342268,-11.6955780626,113.5));
#5998 = SURFACE_CURVE('',#5999,(#6003,#6010),.PCURVE_S1.);
#5999 = LINE('',#6000,#6001);
#6000 = CARTESIAN_POINT('',(-73.94044338866,-12.44231616251,113.5));
#6001 = VECTOR('',#6002,1.);
#6002 = DIRECTION('',(0.986135547995,0.16594179998,0.));
#6003 = PCURVE('',#5513,#6004);
#6004 = DEFINITIONAL_REPRESENTATION('',(#6005),#6009);
#6005 = LINE('',#6006,#6007);
#6006 = CARTESIAN_POINT('',(-0.798759671691,2.845938128099));
#6007 = VECTOR('',#6008,1.);
#6008 = DIRECTION('',(0.,-1.));
#6009 = ( GEOMETRIC_REPRESENTATION_CONTEXT(2) 
PARAMETRIC_REPRESENTATION_CONTEXT() REPRESENTATION_CONTEXT('2D SPACE',''
  ) );
#6010 = PCURVE('',#5704,#6011);
#6011 = DEFINITIONAL_REPRESENTATION('',(#6012),#6016);
#6012 = LINE('',#6013,#6014);
#6013 = CARTESIAN_POINT('',(70.850599320141,24.539620534492));
#6014 = VECTOR('',#6015,1.);
#6015 = DIRECTION('',(-0.944926638039,-0.327282215717));
#6016 = ( GEOMETRIC_REPRESENTATION_CONTEXT(2) 
PARAMETRIC_REPRESENTATION_CONTEXT() REPRESENTATION_CONTEXT('2D SPACE',''
  ) );
#6017 = ORIENTED_EDGE('',*,*,#6018,.T.);
#6018 = EDGE_CURVE('',#5996,#5469,#6019,.T.);
#6019 = SURFACE_CURVE('',#6020,(#6025,#6032),.PCURVE_S1.);
#6020 = CIRCLE('',#6021,1.5);
#6021 = AXIS2_PLACEMENT_3D('',#6022,#6023,#6024);
#6022 = CARTESIAN_POINT('',(-69.50283342268,-11.6955780626,115.));
#6023 = DIRECTION('',(0.16594179998,-0.986135547995,7.88860905221E-31));
#6024 = DIRECTION('',(1.868510533607E-14,3.14423308093E-15,-1.));
#6025 = PCURVE('',#5513,#6026);
#6026 = DEFINITIONAL_REPRESENTATION('',(#6027),#6031);
#6027 = CIRCLE('',#6028,1.5);
#6028 = AXIS2_PLACEMENT_2D('',#6029,#6030);
#6029 = CARTESIAN_POINT('',(0.701240328309,-1.654061871901));
#6030 = DIRECTION('',(-1.,-1.894780628694E-14));
#6031 = ( GEOMETRIC_REPRESENTATION_CONTEXT(2) 
PARAMETRIC_REPRESENTATION_CONTEXT() REPRESENTATION_CONTEXT('2D SPACE',''
  ) );
#6032 = PCURVE('',#5485,#6033);
#6033 = DEFINITIONAL_REPRESENTATION('',(#6034),#6038);
#6034 = LINE('',#6035,#6036);
#6035 = CARTESIAN_POINT('',(-0.333425951653,1.570796326795));
#6036 = VECTOR('',#6037,1.);
#6037 = DIRECTION('',(-0.,1.));
#6038 = ( GEOMETRIC_REPRESENTATION_CONTEXT(2) 
PARAMETRIC_REPRESENTATION_CONTEXT() REPRESENTATION_CONTEXT('2D SPACE',''
  ) );
#6039 = ADVANCED_FACE('',(#6040),#5485,.T.);
#6040 = FACE_BOUND('',#6041,.F.);
#6041 = EDGE_LOOP('',(#6042,#6064,#6065,#6066));
#6042 = ORIENTED_EDGE('',*,*,#6043,.T.);
#6043 = EDGE_CURVE('',#5689,#5996,#6044,.T.);
#6044 = SURFACE_CURVE('',#6045,(#6050,#6057),.PCURVE_S1.);
#6045 = CIRCLE('',#6046,70.48);
#6046 = AXIS2_PLACEMENT_3D('',#6047,#6048,#6049);
#6047 = CARTESIAN_POINT('',(0.,0.,113.5));
#6048 = DIRECTION('',(0.,0.,1.));
#6049 = DIRECTION('',(-0.986135547995,0.16594179998,0.));
#6050 = PCURVE('',#5485,#6051);
#6051 = DEFINITIONAL_REPRESENTATION('',(#6052),#6056);
#6052 = LINE('',#6053,#6054);
#6053 = CARTESIAN_POINT('',(-0.,1.570796326795));
#6054 = VECTOR('',#6055,1.);
#6055 = DIRECTION('',(-1.,0.));
#6056 = ( GEOMETRIC_REPRESENTATION_CONTEXT(2) 
PARAMETRIC_REPRESENTATION_CONTEXT() REPRESENTATION_CONTEXT('2D SPACE',''
  ) );
#6057 = PCURVE('',#5704,#6058);
#6058 = DEFINITIONAL_REPRESENTATION('',(#6059),#6063);
#6059 = CIRCLE('',#6060,70.48);
#6060 = AXIS2_PLACEMENT_2D('',#6061,#6062);
#6061 = CARTESIAN_POINT('',(0.,0.));
#6062 = DIRECTION('',(1.,0.));
#6063 = ( GEOMETRIC_REPRESENTATION_CONTEXT(2) 
PARAMETRIC_REPRESENTATION_CONTEXT() REPRESENTATION_CONTEXT('2D SPACE',''
  ) );
#6064 = ORIENTED_EDGE('',*,*,#6018,.T.);
#6065 = ORIENTED_EDGE('',*,*,#5468,.F.);
#6066 = ORIENTED_EDGE('',*,*,#5716,.F.);
#6067 = ADVANCED_FACE('',(#6068),#5704,.F.);
#6068 = FACE_BOUND('',#6069,.F.);
#6069 = EDGE_LOOP('',(#6070,#6071,#6072,#6073));
#6070 = ORIENTED_EDGE('',*,*,#5840,.T.);
#6071 = ORIENTED_EDGE('',*,*,#5995,.T.);
#6072 = ORIENTED_EDGE('',*,*,#6043,.F.);
#6073 = ORIENTED_EDGE('',*,*,#5688,.F.);
#6074 = ADVANCED_FACE('',(#6075),#5783,.T.);
#6075 = FACE_BOUND('',#6076,.T.);
#6076 = EDGE_LOOP('',(#6077,#6078,#6079,#6080));
#6077 = ORIENTED_EDGE('',*,*,#5766,.T.);
#6078 = ORIENTED_EDGE('',*,*,#5968,.T.);
#6079 = ORIENTED_EDGE('',*,*,#5915,.F.);
#6080 = ORIENTED_EDGE('',*,*,#5867,.F.);
#6081 = ( GEOMETRIC_REPRESENTATION_CONTEXT(3) 
GLOBAL_UNCERTAINTY_ASSIGNED_CONTEXT((#6085)) 
GLOBAL_UNIT_ASSIGNED_CONTEXT((#6082,#6083,#6084)) REPRESENTATION_CONTEXT
('Context #1','3D Context with UNIT and UNCERTAINTY') );
#6082 = ( LENGTH_UNIT() NAMED_UNIT(*) SI_UNIT(.MILLI.,.METRE.) );
#6083 = ( NAMED_UNIT(*) PLANE_ANGLE_UNIT() SI_UNIT($,.RADIAN.) );
#6084 = ( NAMED_UNIT(*) SI_UNIT($,.STERADIAN.) SOLID_ANGLE_UNIT() );
#6085 = UNCERTAINTY_MEASURE_WITH_UNIT(LENGTH_MEASURE(1.E-07),#6082,
  'distance_accuracy_value','confusion accuracy');
#6086 = PRODUCT_RELATED_PRODUCT_CATEGORY('part',$,(#5423));
#6087 = SHAPE_DEFINITION_REPRESENTATION(#6088,#6094);
#6088 = PRODUCT_DEFINITION_SHAPE('','',#6089);
#6089 = PRODUCT_DEFINITION('design','',#6090,#6093);
#6090 = PRODUCT_DEFINITION_FORMATION('','',#6091);
#6091 = PRODUCT('Open CASCADE STEP translator 7.8 10',
  'Open CASCADE STEP translator 7.8 10','',(#6092));
#6092 = PRODUCT_CONTEXT('',#2,'mechanical');
#6093 = PRODUCT_DEFINITION_CONTEXT('part definition',#2,'design');
#6094 = ADVANCED_BREP_SHAPE_REPRESENTATION('',(#11,#6095),#6749);
#6095 = MANIFOLD_SOLID_BREP('',#6096);
#6096 = CLOSED_SHELL('',(#6097,#6328,#6405,#6529,#6579,#6630,#6657,#6707
    ,#6735,#6742));
#6097 = ADVANCED_FACE('',(#6098),#6112,.T.);
#6098 = FACE_BOUND('',#6099,.F.);
#6099 = EDGE_LOOP('',(#6100,#6135,#6164,#6192,#6221,#6249,#6278,#6306));
#6100 = ORIENTED_EDGE('',*,*,#6101,.F.);
#6101 = EDGE_CURVE('',#6102,#6104,#6106,.T.);
#6102 = VERTEX_POINT('',#6103);
#6103 = CARTESIAN_POINT('',(-56.19398482501,-40.00595542523,115.));
#6104 = VERTEX_POINT('',#6105);
#6105 = CARTESIAN_POINT('',(-61.08183505624,-43.48574279188,115.));
#6106 = SURFACE_CURVE('',#6107,(#6111,#6123),.PCURVE_S1.);
#6107 = LINE('',#6108,#6109);
#6108 = CARTESIAN_POINT('',(-56.19398482501,-40.00595542523,115.));
#6109 = VECTOR('',#6110,1.);
#6110 = DIRECTION('',(-0.814641705205,-0.579964561108,0.));
#6111 = PCURVE('',#6112,#6117);
#6112 = PLANE('',#6113);
#6113 = AXIS2_PLACEMENT_3D('',#6114,#6115,#6116);
#6114 = CARTESIAN_POINT('',(0.,0.,115.));
#6115 = DIRECTION('',(0.,0.,1.));
#6116 = DIRECTION('',(-0.814641705205,-0.579964561108,-0.));
#6117 = DEFINITIONAL_REPRESENTATION('',(#6118),#6122);
#6118 = LINE('',#6119,#6120);
#6119 = CARTESIAN_POINT('',(68.98,-7.105427357601E-15));
#6120 = VECTOR('',#6121,1.);
#6121 = DIRECTION('',(1.,-0.));
#6122 = ( GEOMETRIC_REPRESENTATION_CONTEXT(2) 
PARAMETRIC_REPRESENTATION_CONTEXT() REPRESENTATION_CONTEXT('2D SPACE',''
  ) );
#6123 = PCURVE('',#6124,#6129);
#6124 = PLANE('',#6125);
#6125 = AXIS2_PLACEMENT_3D('',#6126,#6127,#6128);
#6126 = CARTESIAN_POINT('',(-58.76341516666,-41.83519953448,
    114.29875967169));
#6127 = DIRECTION('',(0.579964561108,-0.814641705205,0.));
#6128 = DIRECTION('',(0.,0.,1.));
#6129 = DEFINITIONAL_REPRESENTATION('',(#6130),#6134);
#6130 = LINE('',#6131,#6132);
#6131 = CARTESIAN_POINT('',(0.701240328309,-3.154061871901));
#6132 = VECTOR('',#6133,1.);
#6133 = DIRECTION('',(0.,1.));
#6134 = ( GEOMETRIC_REPRESENTATION_CONTEXT(2) 
PARAMETRIC_REPRESENTATION_CONTEXT() REPRESENTATION_CONTEXT('2D SPACE',''
  ) );
#6135 = ORIENTED_EDGE('',*,*,#6136,.T.);
#6136 = EDGE_CURVE('',#6102,#6137,#6139,.T.);
#6137 = VERTEX_POINT('',#6138);
#6138 = CARTESIAN_POINT('',(-40.00595542523,-56.19398482501,115.));
#6139 = SURFACE_CURVE('',#6140,(#6145,#6152),.PCURVE_S1.);
#6140 = CIRCLE('',#6141,68.98);
#6141 = AXIS2_PLACEMENT_3D('',#6142,#6143,#6144);
#6142 = CARTESIAN_POINT('',(0.,0.,115.));
#6143 = DIRECTION('',(0.,0.,1.));
#6144 = DIRECTION('',(-0.814641705205,-0.579964561108,0.));
#6145 = PCURVE('',#6112,#6146);
#6146 = DEFINITIONAL_REPRESENTATION('',(#6147),#6151);
#6147 = CIRCLE('',#6148,68.98);
#6148 = AXIS2_PLACEMENT_2D('',#6149,#6150);
#6149 = CARTESIAN_POINT('',(0.,0.));
#6150 = DIRECTION('',(1.,-0.));
#6151 = ( GEOMETRIC_REPRESENTATION_CONTEXT(2) 
PARAMETRIC_REPRESENTATION_CONTEXT() REPRESENTATION_CONTEXT('2D SPACE',''
  ) );
#6152 = PCURVE('',#6153,#6158);
#6153 = TOROIDAL_SURFACE('',#6154,70.48,1.5);
#6154 = AXIS2_PLACEMENT_3D('',#6155,#6156,#6157);
#6155 = CARTESIAN_POINT('',(0.,0.,115.));
#6156 = DIRECTION('',(0.,0.,-1.));
#6157 = DIRECTION('',(-0.814641705205,-0.579964561108,0.));
#6158 = DEFINITIONAL_REPRESENTATION('',(#6159),#6163);
#6159 = LINE('',#6160,#6161);
#6160 = CARTESIAN_POINT('',(-0.,3.14159265359));
#6161 = VECTOR('',#6162,1.);
#6162 = DIRECTION('',(-1.,0.));
#6163 = ( GEOMETRIC_REPRESENTATION_CONTEXT(2) 
PARAMETRIC_REPRESENTATION_CONTEXT() REPRESENTATION_CONTEXT('2D SPACE',''
  ) );
#6164 = ORIENTED_EDGE('',*,*,#6165,.T.);
#6165 = EDGE_CURVE('',#6137,#6166,#6168,.T.);
#6166 = VERTEX_POINT('',#6167);
#6167 = CARTESIAN_POINT('',(-43.48574279188,-61.08183505624,115.));
#6168 = SURFACE_CURVE('',#6169,(#6173,#6180),.PCURVE_S1.);
#6169 = LINE('',#6170,#6171);
#6170 = CARTESIAN_POINT('',(-40.00595542523,-56.19398482501,115.));
#6171 = VECTOR('',#6172,1.);
#6172 = DIRECTION('',(-0.579964561108,-0.814641705205,0.));
#6173 = PCURVE('',#6112,#6174);
#6174 = DEFINITIONAL_REPRESENTATION('',(#6175),#6179);
#6175 = LINE('',#6176,#6177);
#6176 = CARTESIAN_POINT('',(65.181039491909,22.575927240187));
#6177 = VECTOR('',#6178,1.);
#6178 = DIRECTION('',(0.944926638039,0.327282215717));
#6179 = ( GEOMETRIC_REPRESENTATION_CONTEXT(2) 
PARAMETRIC_REPRESENTATION_CONTEXT() REPRESENTATION_CONTEXT('2D SPACE',''
  ) );
#6180 = PCURVE('',#6181,#6186);
#6181 = PLANE('',#6182);
#6182 = AXIS2_PLACEMENT_3D('',#6183,#6184,#6185);
#6183 = CARTESIAN_POINT('',(-41.83519953448,-58.76341516666,
    114.29875967169));
#6184 = DIRECTION('',(0.814641705205,-0.579964561108,0.));
#6185 = DIRECTION('',(0.,0.,1.));
#6186 = DEFINITIONAL_REPRESENTATION('',(#6187),#6191);
#6187 = LINE('',#6188,#6189);
#6188 = CARTESIAN_POINT('',(0.701240328309,-3.154061871901));
#6189 = VECTOR('',#6190,1.);
#6190 = DIRECTION('',(0.,1.));
#6191 = ( GEOMETRIC_REPRESENTATION_CONTEXT(2) 
PARAMETRIC_REPRESENTATION_CONTEXT() REPRESENTATION_CONTEXT('2D SPACE',''
  ) );
#6192 = ORIENTED_EDGE('',*,*,#6193,.F.);
#6193 = EDGE_CURVE('',#6194,#6166,#6196,.T.);
#6194 = VERTEX_POINT('',#6195);
#6195 = CARTESIAN_POINT('',(-44.10334356529,-60.63740995756,115.));
#6196 = SURFACE_CURVE('',#6197,(#6202,#6209),.PCURVE_S1.);
#6197 = CIRCLE('',#6198,74.98);
#6198 = AXIS2_PLACEMENT_3D('',#6199,#6200,#6201);
#6199 = CARTESIAN_POINT('',(0.,0.,115.));
#6200 = DIRECTION('',(0.,0.,1.));
#6201 = DIRECTION('',(-0.814641705205,-0.579964561108,0.));
#6202 = PCURVE('',#6112,#6203);
#6203 = DEFINITIONAL_REPRESENTATION('',(#6204),#6208);
#6204 = CIRCLE('',#6205,74.98);
#6205 = AXIS2_PLACEMENT_2D('',#6206,#6207);
#6206 = CARTESIAN_POINT('',(0.,0.));
#6207 = DIRECTION('',(1.,-0.));
#6208 = ( GEOMETRIC_REPRESENTATION_CONTEXT(2) 
PARAMETRIC_REPRESENTATION_CONTEXT() REPRESENTATION_CONTEXT('2D SPACE',''
  ) );
#6209 = PCURVE('',#6210,#6215);
#6210 = CYLINDRICAL_SURFACE('',#6211,74.98);
#6211 = AXIS2_PLACEMENT_3D('',#6212,#6213,#6214);
#6212 = CARTESIAN_POINT('',(0.,0.,115.));
#6213 = DIRECTION('',(0.,0.,-1.));
#6214 = DIRECTION('',(-0.814641705205,-0.579964561108,0.));
#6215 = DEFINITIONAL_REPRESENTATION('',(#6216),#6220);
#6216 = LINE('',#6217,#6218);
#6217 = CARTESIAN_POINT('',(-0.,0.));
#6218 = VECTOR('',#6219,1.);
#6219 = DIRECTION('',(-1.,0.));
#6220 = ( GEOMETRIC_REPRESENTATION_CONTEXT(2) 
PARAMETRIC_REPRESENTATION_CONTEXT() REPRESENTATION_CONTEXT('2D SPACE',''
  ) );
#6221 = ORIENTED_EDGE('',*,*,#6222,.F.);
#6222 = EDGE_CURVE('',#6223,#6194,#6225,.T.);
#6223 = VERTEX_POINT('',#6224);
#6224 = CARTESIAN_POINT('',(-40.98587596198,-56.35122333746,115.));
#6225 = SURFACE_CURVE('',#6226,(#6230,#6237),.PCURVE_S1.);
#6226 = LINE('',#6227,#6228);
#6227 = CARTESIAN_POINT('',(-40.98587596198,-56.35122333746,115.));
#6228 = VECTOR('',#6229,1.);
#6229 = DIRECTION('',(-0.588201434586,-0.808714456623,0.));
#6230 = PCURVE('',#6112,#6231);
#6231 = DEFINITIONAL_REPRESENTATION('',(#6232),#6236);
#6232 = LINE('',#6233,#6234);
#6233 = CARTESIAN_POINT('',(66.070516393793,22.135701106075));
#6234 = VECTOR('',#6235,1.);
#6235 = DIRECTION('',(0.948199144572,0.317676537114));
#6236 = ( GEOMETRIC_REPRESENTATION_CONTEXT(2) 
PARAMETRIC_REPRESENTATION_CONTEXT() REPRESENTATION_CONTEXT('2D SPACE',''
  ) );
#6237 = PCURVE('',#6238,#6243);
#6238 = PLANE('',#6239);
#6239 = AXIS2_PLACEMENT_3D('',#6240,#6241,#6242);
#6240 = CARTESIAN_POINT('',(-42.59445272073,-58.56284541604,
    114.61678217158));
#6241 = DIRECTION('',(0.808714456623,-0.588201434586,0.));
#6242 = DIRECTION('',(0.,0.,1.));
#6243 = DEFINITIONAL_REPRESENTATION('',(#6244),#6248);
#6244 = LINE('',#6245,#6246);
#6245 = CARTESIAN_POINT('',(0.383217828417,-2.734737904672));
#6246 = VECTOR('',#6247,1.);
#6247 = DIRECTION('',(0.,1.));
#6248 = ( GEOMETRIC_REPRESENTATION_CONTEXT(2) 
PARAMETRIC_REPRESENTATION_CONTEXT() REPRESENTATION_CONTEXT('2D SPACE',''
  ) );
#6249 = ORIENTED_EDGE('',*,*,#6250,.F.);
#6250 = EDGE_CURVE('',#6251,#6223,#6253,.T.);
#6251 = VERTEX_POINT('',#6252);
#6252 = CARTESIAN_POINT('',(-56.35122333746,-40.98587596198,115.));
#6253 = SURFACE_CURVE('',#6254,(#6259,#6266),.PCURVE_S1.);
#6254 = CIRCLE('',#6255,69.68);
#6255 = AXIS2_PLACEMENT_3D('',#6256,#6257,#6258);
#6256 = CARTESIAN_POINT('',(0.,0.,115.));
#6257 = DIRECTION('',(0.,0.,1.));
#6258 = DIRECTION('',(-0.808714456623,-0.588201434586,0.));
#6259 = PCURVE('',#6112,#6260);
#6260 = DEFINITIONAL_REPRESENTATION('',(#6261),#6265);
#6261 = CIRCLE('',#6262,69.68);
#6262 = AXIS2_PLACEMENT_2D('',#6263,#6264);
#6263 = CARTESIAN_POINT('',(0.,0.));
#6264 = DIRECTION('',(0.99994851082,1.014769477844E-02));
#6265 = ( GEOMETRIC_REPRESENTATION_CONTEXT(2) 
PARAMETRIC_REPRESENTATION_CONTEXT() REPRESENTATION_CONTEXT('2D SPACE',''
  ) );
#6266 = PCURVE('',#6267,#6272);
#6267 = TOROIDAL_SURFACE('',#6268,70.48,0.8);
#6268 = AXIS2_PLACEMENT_3D('',#6269,#6270,#6271);
#6269 = CARTESIAN_POINT('',(0.,0.,115.));
#6270 = DIRECTION('',(0.,0.,-1.));
#6271 = DIRECTION('',(-0.808714456623,-0.588201434586,0.));
#6272 = DEFINITIONAL_REPRESENTATION('',(#6273),#6277);
#6273 = LINE('',#6274,#6275);
#6274 = CARTESIAN_POINT('',(-0.,3.14159265359));
#6275 = VECTOR('',#6276,1.);
#6276 = DIRECTION('',(-1.,0.));
#6277 = ( GEOMETRIC_REPRESENTATION_CONTEXT(2) 
PARAMETRIC_REPRESENTATION_CONTEXT() REPRESENTATION_CONTEXT('2D SPACE',''
  ) );
#6278 = ORIENTED_EDGE('',*,*,#6279,.T.);
#6279 = EDGE_CURVE('',#6251,#6280,#6282,.T.);
#6280 = VERTEX_POINT('',#6281);
#6281 = CARTESIAN_POINT('',(-60.63740995756,-44.10334356529,115.));
#6282 = SURFACE_CURVE('',#6283,(#6287,#6294),.PCURVE_S1.);
#6283 = LINE('',#6284,#6285);
#6284 = CARTESIAN_POINT('',(-56.35122333746,-40.98587596198,115.));
#6285 = VECTOR('',#6286,1.);
#6286 = DIRECTION('',(-0.808714456623,-0.588201434586,0.));
#6287 = PCURVE('',#6112,#6288);
#6288 = DEFINITIONAL_REPRESENTATION('',(#6289),#6293);
#6289 = LINE('',#6290,#6291);
#6290 = CARTESIAN_POINT('',(69.676412233922,0.707091372162));
#6291 = VECTOR('',#6292,1.);
#6292 = DIRECTION('',(0.99994851082,1.014769477844E-02));
#6293 = ( GEOMETRIC_REPRESENTATION_CONTEXT(2) 
PARAMETRIC_REPRESENTATION_CONTEXT() REPRESENTATION_CONTEXT('2D SPACE',''
  ) );
#6294 = PCURVE('',#6295,#6300);
#6295 = PLANE('',#6296);
#6296 = AXIS2_PLACEMENT_3D('',#6297,#6298,#6299);
#6297 = CARTESIAN_POINT('',(-58.56284541604,-42.59445272073,
    114.61678217158));
#6298 = DIRECTION('',(0.588201434586,-0.808714456623,0.));
#6299 = DIRECTION('',(0.,0.,1.));
#6300 = DEFINITIONAL_REPRESENTATION('',(#6301),#6305);
#6301 = LINE('',#6302,#6303);
#6302 = CARTESIAN_POINT('',(0.383217828417,-2.734737904672));
#6303 = VECTOR('',#6304,1.);
#6304 = DIRECTION('',(0.,1.));
#6305 = ( GEOMETRIC_REPRESENTATION_CONTEXT(2) 
PARAMETRIC_REPRESENTATION_CONTEXT() REPRESENTATION_CONTEXT('2D SPACE',''
  ) );
#6306 = ORIENTED_EDGE('',*,*,#6307,.F.);
#6307 = EDGE_CURVE('',#6104,#6280,#6308,.T.);
#6308 = SURFACE_CURVE('',#6309,(#6314,#6321),.PCURVE_S1.);
#6309 = CIRCLE('',#6310,74.98);
#6310 = AXIS2_PLACEMENT_3D('',#6311,#6312,#6313);
#6311 = CARTESIAN_POINT('',(0.,0.,115.));
#6312 = DIRECTION('',(0.,0.,1.));
#6313 = DIRECTION('',(-0.814641705205,-0.579964561108,0.));
#6314 = PCURVE('',#6112,#6315);
#6315 = DEFINITIONAL_REPRESENTATION('',(#6316),#6320);
#6316 = CIRCLE('',#6317,74.98);
#6317 = AXIS2_PLACEMENT_2D('',#6318,#6319);
#6318 = CARTESIAN_POINT('',(0.,0.));
#6319 = DIRECTION('',(1.,-0.));
#6320 = ( GEOMETRIC_REPRESENTATION_CONTEXT(2) 
PARAMETRIC_REPRESENTATION_CONTEXT() REPRESENTATION_CONTEXT('2D SPACE',''
  ) );
#6321 = PCURVE('',#6210,#6322);
#6322 = DEFINITIONAL_REPRESENTATION('',(#6323),#6327);
#6323 = LINE('',#6324,#6325);
#6324 = CARTESIAN_POINT('',(-0.,0.));
#6325 = VECTOR('',#6326,1.);
#6326 = DIRECTION('',(-1.,0.));
#6327 = ( GEOMETRIC_REPRESENTATION_CONTEXT(2) 
PARAMETRIC_REPRESENTATION_CONTEXT() REPRESENTATION_CONTEXT('2D SPACE',''
  ) );
#6328 = ADVANCED_FACE('',(#6329),#6124,.F.);
#6329 = FACE_BOUND('',#6330,.F.);
#6330 = EDGE_LOOP('',(#6331,#6332,#6355,#6383));
#6331 = ORIENTED_EDGE('',*,*,#6101,.T.);
#6332 = ORIENTED_EDGE('',*,*,#6333,.T.);
#6333 = EDGE_CURVE('',#6104,#6334,#6336,.T.);
#6334 = VERTEX_POINT('',#6335);
#6335 = CARTESIAN_POINT('',(-61.08183505624,-43.48574279188,113.5));
#6336 = SURFACE_CURVE('',#6337,(#6341,#6348),.PCURVE_S1.);
#6337 = LINE('',#6338,#6339);
#6338 = CARTESIAN_POINT('',(-61.08183505624,-43.48574279188,115.));
#6339 = VECTOR('',#6340,1.);
#6340 = DIRECTION('',(0.,-0.,-1.));
#6341 = PCURVE('',#6124,#6342);
#6342 = DEFINITIONAL_REPRESENTATION('',(#6343),#6347);
#6343 = LINE('',#6344,#6345);
#6344 = CARTESIAN_POINT('',(0.701240328309,2.845938128099));
#6345 = VECTOR('',#6346,1.);
#6346 = DIRECTION('',(-1.,-0.));
#6347 = ( GEOMETRIC_REPRESENTATION_CONTEXT(2) 
PARAMETRIC_REPRESENTATION_CONTEXT() REPRESENTATION_CONTEXT('2D SPACE',''
  ) );
#6348 = PCURVE('',#6210,#6349);
#6349 = DEFINITIONAL_REPRESENTATION('',(#6350),#6354);
#6350 = LINE('',#6351,#6352);
#6351 = CARTESIAN_POINT('',(-0.,0.));
#6352 = VECTOR('',#6353,1.);
#6353 = DIRECTION('',(-0.,1.));
#6354 = ( GEOMETRIC_REPRESENTATION_CONTEXT(2) 
PARAMETRIC_REPRESENTATION_CONTEXT() REPRESENTATION_CONTEXT('2D SPACE',''
  ) );
#6355 = ORIENTED_EDGE('',*,*,#6356,.T.);
#6356 = EDGE_CURVE('',#6334,#6357,#6359,.T.);
#6357 = VERTEX_POINT('',#6358);
#6358 = CARTESIAN_POINT('',(-57.41594738282,-40.87590226689,113.5));
#6359 = SURFACE_CURVE('',#6360,(#6364,#6371),.PCURVE_S1.);
#6360 = LINE('',#6361,#6362);
#6361 = CARTESIAN_POINT('',(-61.08183505624,-43.48574279188,113.5));
#6362 = VECTOR('',#6363,1.);
#6363 = DIRECTION('',(0.814641705205,0.579964561108,0.));
#6364 = PCURVE('',#6124,#6365);
#6365 = DEFINITIONAL_REPRESENTATION('',(#6366),#6370);
#6366 = LINE('',#6367,#6368);
#6367 = CARTESIAN_POINT('',(-0.798759671691,2.845938128099));
#6368 = VECTOR('',#6369,1.);
#6369 = DIRECTION('',(0.,-1.));
#6370 = ( GEOMETRIC_REPRESENTATION_CONTEXT(2) 
PARAMETRIC_REPRESENTATION_CONTEXT() REPRESENTATION_CONTEXT('2D SPACE',''
  ) );
#6371 = PCURVE('',#6372,#6377);
#6372 = PLANE('',#6373);
#6373 = AXIS2_PLACEMENT_3D('',#6374,#6375,#6376);
#6374 = CARTESIAN_POINT('',(0.,0.,113.5));
#6375 = DIRECTION('',(0.,0.,1.));
#6376 = DIRECTION('',(-0.814641705205,-0.579964561108,0.));
#6377 = DEFINITIONAL_REPRESENTATION('',(#6378),#6382);
#6378 = LINE('',#6379,#6380);
#6379 = CARTESIAN_POINT('',(74.98,-7.105427357601E-15));
#6380 = VECTOR('',#6381,1.);
#6381 = DIRECTION('',(-1.,0.));
#6382 = ( GEOMETRIC_REPRESENTATION_CONTEXT(2) 
PARAMETRIC_REPRESENTATION_CONTEXT() REPRESENTATION_CONTEXT('2D SPACE',''
  ) );
#6383 = ORIENTED_EDGE('',*,*,#6384,.T.);
#6384 = EDGE_CURVE('',#6357,#6102,#6385,.T.);
#6385 = SURFACE_CURVE('',#6386,(#6391,#6398),.PCURVE_S1.);
#6386 = CIRCLE('',#6387,1.5);
#6387 = AXIS2_PLACEMENT_3D('',#6388,#6389,#6390);
#6388 = CARTESIAN_POINT('',(-57.41594738282,-40.87590226689,115.));
#6389 = DIRECTION('',(0.579964561108,-0.814641705205,0.));
#6390 = DIRECTION('',(1.543567322348E-14,1.098905615716E-14,-1.));
#6391 = PCURVE('',#6124,#6392);
#6392 = DEFINITIONAL_REPRESENTATION('',(#6393),#6397);
#6393 = CIRCLE('',#6394,1.5);
#6394 = AXIS2_PLACEMENT_2D('',#6395,#6396);
#6395 = CARTESIAN_POINT('',(0.701240328309,-1.654061871901));
#6396 = DIRECTION('',(-1.,-1.894780628694E-14));
#6397 = ( GEOMETRIC_REPRESENTATION_CONTEXT(2) 
PARAMETRIC_REPRESENTATION_CONTEXT() REPRESENTATION_CONTEXT('2D SPACE',''
  ) );
#6398 = PCURVE('',#6153,#6399);
#6399 = DEFINITIONAL_REPRESENTATION('',(#6400),#6404);
#6400 = LINE('',#6401,#6402);
#6401 = CARTESIAN_POINT('',(-0.,1.570796326795));
#6402 = VECTOR('',#6403,1.);
#6403 = DIRECTION('',(-0.,1.));
#6404 = ( GEOMETRIC_REPRESENTATION_CONTEXT(2) 
PARAMETRIC_REPRESENTATION_CONTEXT() REPRESENTATION_CONTEXT('2D SPACE',''
  ) );
#6405 = ADVANCED_FACE('',(#6406),#6210,.T.);
#6406 = FACE_BOUND('',#6407,.F.);
#6407 = EDGE_LOOP('',(#6408,#6409,#6410,#6433,#6462,#6483,#6484,#6507));
#6408 = ORIENTED_EDGE('',*,*,#6333,.F.);
#6409 = ORIENTED_EDGE('',*,*,#6307,.T.);
#6410 = ORIENTED_EDGE('',*,*,#6411,.T.);
#6411 = EDGE_CURVE('',#6280,#6412,#6414,.T.);
#6412 = VERTEX_POINT('',#6413);
#6413 = CARTESIAN_POINT('',(-60.63740995756,-44.10334356529,114.2));
#6414 = SURFACE_CURVE('',#6415,(#6419,#6426),.PCURVE_S1.);
#6415 = LINE('',#6416,#6417);
#6416 = CARTESIAN_POINT('',(-60.63740995756,-44.10334356529,115.));
#6417 = VECTOR('',#6418,1.);
#6418 = DIRECTION('',(0.,-0.,-1.));
#6419 = PCURVE('',#6210,#6420);
#6420 = DEFINITIONAL_REPRESENTATION('',(#6421),#6425);
#6421 = LINE('',#6422,#6423);
#6422 = CARTESIAN_POINT('',(-1.014786894752E-02,0.));
#6423 = VECTOR('',#6424,1.);
#6424 = DIRECTION('',(-0.,1.));
#6425 = ( GEOMETRIC_REPRESENTATION_CONTEXT(2) 
PARAMETRIC_REPRESENTATION_CONTEXT() REPRESENTATION_CONTEXT('2D SPACE',''
  ) );
#6426 = PCURVE('',#6295,#6427);
#6427 = DEFINITIONAL_REPRESENTATION('',(#6428),#6432);
#6428 = LINE('',#6429,#6430);
#6429 = CARTESIAN_POINT('',(0.383217828417,2.565262095328));
#6430 = VECTOR('',#6431,1.);
#6431 = DIRECTION('',(-1.,-0.));
#6432 = ( GEOMETRIC_REPRESENTATION_CONTEXT(2) 
PARAMETRIC_REPRESENTATION_CONTEXT() REPRESENTATION_CONTEXT('2D SPACE',''
  ) );
#6433 = ORIENTED_EDGE('',*,*,#6434,.T.);
#6434 = EDGE_CURVE('',#6412,#6435,#6437,.T.);
#6435 = VERTEX_POINT('',#6436);
#6436 = CARTESIAN_POINT('',(-44.10334356529,-60.63740995756,114.2));
#6437 = SURFACE_CURVE('',#6438,(#6443,#6450),.PCURVE_S1.);
#6438 = CIRCLE('',#6439,74.98);
#6439 = AXIS2_PLACEMENT_3D('',#6440,#6441,#6442);
#6440 = CARTESIAN_POINT('',(0.,0.,114.2));
#6441 = DIRECTION('',(0.,0.,1.));
#6442 = DIRECTION('',(-0.808714456623,-0.588201434586,0.));
#6443 = PCURVE('',#6210,#6444);
#6444 = DEFINITIONAL_REPRESENTATION('',(#6445),#6449);
#6445 = LINE('',#6446,#6447);
#6446 = CARTESIAN_POINT('',(-1.014786894752E-02,0.8));
#6447 = VECTOR('',#6448,1.);
#6448 = DIRECTION('',(-1.,0.));
#6449 = ( GEOMETRIC_REPRESENTATION_CONTEXT(2) 
PARAMETRIC_REPRESENTATION_CONTEXT() REPRESENTATION_CONTEXT('2D SPACE',''
  ) );
#6450 = PCURVE('',#6451,#6456);
#6451 = PLANE('',#6452);
#6452 = AXIS2_PLACEMENT_3D('',#6453,#6454,#6455);
#6453 = CARTESIAN_POINT('',(0.,0.,114.2));
#6454 = DIRECTION('',(0.,0.,1.));
#6455 = DIRECTION('',(-0.808714456623,-0.588201434586,0.));
#6456 = DEFINITIONAL_REPRESENTATION('',(#6457),#6461);
#6457 = CIRCLE('',#6458,74.98);
#6458 = AXIS2_PLACEMENT_2D('',#6459,#6460);
#6459 = CARTESIAN_POINT('',(0.,0.));
#6460 = DIRECTION('',(1.,0.));
#6461 = ( GEOMETRIC_REPRESENTATION_CONTEXT(2) 
PARAMETRIC_REPRESENTATION_CONTEXT() REPRESENTATION_CONTEXT('2D SPACE',''
  ) );
#6462 = ORIENTED_EDGE('',*,*,#6463,.F.);
#6463 = EDGE_CURVE('',#6194,#6435,#6464,.T.);
#6464 = SURFACE_CURVE('',#6465,(#6469,#6476),.PCURVE_S1.);
#6465 = LINE('',#6466,#6467);
#6466 = CARTESIAN_POINT('',(-44.10334356529,-60.63740995756,115.));
#6467 = VECTOR('',#6468,1.);
#6468 = DIRECTION('',(0.,0.,-1.));
#6469 = PCURVE('',#6210,#6470);
#6470 = DEFINITIONAL_REPRESENTATION('',(#6471),#6475);
#6471 = LINE('',#6472,#6473);
#6472 = CARTESIAN_POINT('',(-0.323278082706,0.));
#6473 = VECTOR('',#6474,1.);
#6474 = DIRECTION('',(-0.,1.));
#6475 = ( GEOMETRIC_REPRESENTATION_CONTEXT(2) 
PARAMETRIC_REPRESENTATION_CONTEXT() REPRESENTATION_CONTEXT('2D SPACE',''
  ) );
#6476 = PCURVE('',#6238,#6477);
#6477 = DEFINITIONAL_REPRESENTATION('',(#6478),#6482);
#6478 = LINE('',#6479,#6480);
#6479 = CARTESIAN_POINT('',(0.383217828417,2.565262095328));
#6480 = VECTOR('',#6481,1.);
#6481 = DIRECTION('',(-1.,-0.));
#6482 = ( GEOMETRIC_REPRESENTATION_CONTEXT(2) 
PARAMETRIC_REPRESENTATION_CONTEXT() REPRESENTATION_CONTEXT('2D SPACE',''
  ) );
#6483 = ORIENTED_EDGE('',*,*,#6193,.T.);
#6484 = ORIENTED_EDGE('',*,*,#6485,.T.);
#6485 = EDGE_CURVE('',#6166,#6486,#6488,.T.);
#6486 = VERTEX_POINT('',#6487);
#6487 = CARTESIAN_POINT('',(-43.48574279188,-61.08183505624,113.5));
#6488 = SURFACE_CURVE('',#6489,(#6493,#6500),.PCURVE_S1.);
#6489 = LINE('',#6490,#6491);
#6490 = CARTESIAN_POINT('',(-43.48574279188,-61.08183505624,115.));
#6491 = VECTOR('',#6492,1.);
#6492 = DIRECTION('',(0.,0.,-1.));
#6493 = PCURVE('',#6210,#6494);
#6494 = DEFINITIONAL_REPRESENTATION('',(#6495),#6499);
#6495 = LINE('',#6496,#6497);
#6496 = CARTESIAN_POINT('',(-0.333425951653,0.));
#6497 = VECTOR('',#6498,1.);
#6498 = DIRECTION('',(-0.,1.));
#6499 = ( GEOMETRIC_REPRESENTATION_CONTEXT(2) 
PARAMETRIC_REPRESENTATION_CONTEXT() REPRESENTATION_CONTEXT('2D SPACE',''
  ) );
#6500 = PCURVE('',#6181,#6501);
#6501 = DEFINITIONAL_REPRESENTATION('',(#6502),#6506);
#6502 = LINE('',#6503,#6504);
#6503 = CARTESIAN_POINT('',(0.701240328309,2.845938128099));
#6504 = VECTOR('',#6505,1.);
#6505 = DIRECTION('',(-1.,-0.));
#6506 = ( GEOMETRIC_REPRESENTATION_CONTEXT(2) 
PARAMETRIC_REPRESENTATION_CONTEXT() REPRESENTATION_CONTEXT('2D SPACE',''
  ) );
#6507 = ORIENTED_EDGE('',*,*,#6508,.F.);
#6508 = EDGE_CURVE('',#6334,#6486,#6509,.T.);
#6509 = SURFACE_CURVE('',#6510,(#6515,#6522),.PCURVE_S1.);
#6510 = CIRCLE('',#6511,74.98);
#6511 = AXIS2_PLACEMENT_3D('',#6512,#6513,#6514);
#6512 = CARTESIAN_POINT('',(0.,0.,113.5));
#6513 = DIRECTION('',(0.,0.,1.));
#6514 = DIRECTION('',(-0.814641705205,-0.579964561108,0.));
#6515 = PCURVE('',#6210,#6516);
#6516 = DEFINITIONAL_REPRESENTATION('',(#6517),#6521);
#6517 = LINE('',#6518,#6519);
#6518 = CARTESIAN_POINT('',(-0.,1.5));
#6519 = VECTOR('',#6520,1.);
#6520 = DIRECTION('',(-1.,0.));
#6521 = ( GEOMETRIC_REPRESENTATION_CONTEXT(2) 
PARAMETRIC_REPRESENTATION_CONTEXT() REPRESENTATION_CONTEXT('2D SPACE',''
  ) );
#6522 = PCURVE('',#6372,#6523);
#6523 = DEFINITIONAL_REPRESENTATION('',(#6524),#6528);
#6524 = CIRCLE('',#6525,74.98);
#6525 = AXIS2_PLACEMENT_2D('',#6526,#6527);
#6526 = CARTESIAN_POINT('',(0.,0.));
#6527 = DIRECTION('',(1.,0.));
#6528 = ( GEOMETRIC_REPRESENTATION_CONTEXT(2) 
PARAMETRIC_REPRESENTATION_CONTEXT() REPRESENTATION_CONTEXT('2D SPACE',''
  ) );
#6529 = ADVANCED_FACE('',(#6530),#6295,.T.);
#6530 = FACE_BOUND('',#6531,.T.);
#6531 = EDGE_LOOP('',(#6532,#6533,#6534,#6557));
#6532 = ORIENTED_EDGE('',*,*,#6279,.T.);
#6533 = ORIENTED_EDGE('',*,*,#6411,.T.);
#6534 = ORIENTED_EDGE('',*,*,#6535,.T.);
#6535 = EDGE_CURVE('',#6412,#6536,#6538,.T.);
#6536 = VERTEX_POINT('',#6537);
#6537 = CARTESIAN_POINT('',(-56.99819490276,-41.45643710965,114.2));
#6538 = SURFACE_CURVE('',#6539,(#6543,#6550),.PCURVE_S1.);
#6539 = LINE('',#6540,#6541);
#6540 = CARTESIAN_POINT('',(-60.63740995756,-44.10334356529,114.2));
#6541 = VECTOR('',#6542,1.);
#6542 = DIRECTION('',(0.808714456623,0.588201434586,0.));
#6543 = PCURVE('',#6295,#6544);
#6544 = DEFINITIONAL_REPRESENTATION('',(#6545),#6549);
#6545 = LINE('',#6546,#6547);
#6546 = CARTESIAN_POINT('',(-0.416782171583,2.565262095328));
#6547 = VECTOR('',#6548,1.);
#6548 = DIRECTION('',(0.,-1.));
#6549 = ( GEOMETRIC_REPRESENTATION_CONTEXT(2) 
PARAMETRIC_REPRESENTATION_CONTEXT() REPRESENTATION_CONTEXT('2D SPACE',''
  ) );
#6550 = PCURVE('',#6451,#6551);
#6551 = DEFINITIONAL_REPRESENTATION('',(#6552),#6556);
#6552 = LINE('',#6553,#6554);
#6553 = CARTESIAN_POINT('',(74.98,-7.105427357601E-15));
#6554 = VECTOR('',#6555,1.);
#6555 = DIRECTION('',(-1.,0.));
#6556 = ( GEOMETRIC_REPRESENTATION_CONTEXT(2) 
PARAMETRIC_REPRESENTATION_CONTEXT() REPRESENTATION_CONTEXT('2D SPACE',''
  ) );
#6557 = ORIENTED_EDGE('',*,*,#6558,.T.);
#6558 = EDGE_CURVE('',#6536,#6251,#6559,.T.);
#6559 = SURFACE_CURVE('',#6560,(#6565,#6572),.PCURVE_S1.);
#6560 = CIRCLE('',#6561,0.8);
#6561 = AXIS2_PLACEMENT_3D('',#6562,#6563,#6564);
#6562 = CARTESIAN_POINT('',(-56.99819490276,-41.45643710965,115.));
#6563 = DIRECTION('',(0.588201434586,-0.808714456623,0.));
#6564 = DIRECTION('',(0.,-0.,-1.));
#6565 = PCURVE('',#6295,#6566);
#6566 = DEFINITIONAL_REPRESENTATION('',(#6567),#6571);
#6567 = CIRCLE('',#6568,0.8);
#6568 = AXIS2_PLACEMENT_2D('',#6569,#6570);
#6569 = CARTESIAN_POINT('',(0.383217828417,-1.934737904672));
#6570 = DIRECTION('',(-1.,-0.));
#6571 = ( GEOMETRIC_REPRESENTATION_CONTEXT(2) 
PARAMETRIC_REPRESENTATION_CONTEXT() REPRESENTATION_CONTEXT('2D SPACE',''
  ) );
#6572 = PCURVE('',#6267,#6573);
#6573 = DEFINITIONAL_REPRESENTATION('',(#6574),#6578);
#6574 = LINE('',#6575,#6576);
#6575 = CARTESIAN_POINT('',(-0.,1.570796326795));
#6576 = VECTOR('',#6577,1.);
#6577 = DIRECTION('',(-0.,1.));
#6578 = ( GEOMETRIC_REPRESENTATION_CONTEXT(2) 
PARAMETRIC_REPRESENTATION_CONTEXT() REPRESENTATION_CONTEXT('2D SPACE',''
  ) );
#6579 = ADVANCED_FACE('',(#6580),#6267,.F.);
#6580 = FACE_BOUND('',#6581,.T.);
#6581 = EDGE_LOOP('',(#6582,#6606,#6628,#6629));
#6582 = ORIENTED_EDGE('',*,*,#6583,.T.);
#6583 = EDGE_CURVE('',#6536,#6584,#6586,.T.);
#6584 = VERTEX_POINT('',#6585);
#6585 = CARTESIAN_POINT('',(-41.45643710965,-56.99819490276,114.2));
#6586 = SURFACE_CURVE('',#6587,(#6592,#6599),.PCURVE_S1.);
#6587 = CIRCLE('',#6588,70.48);
#6588 = AXIS2_PLACEMENT_3D('',#6589,#6590,#6591);
#6589 = CARTESIAN_POINT('',(0.,0.,114.2));
#6590 = DIRECTION('',(0.,0.,1.));
#6591 = DIRECTION('',(-0.808714456623,-0.588201434586,0.));
#6592 = PCURVE('',#6267,#6593);
#6593 = DEFINITIONAL_REPRESENTATION('',(#6594),#6598);
#6594 = LINE('',#6595,#6596);
#6595 = CARTESIAN_POINT('',(-0.,1.570796326795));
#6596 = VECTOR('',#6597,1.);
#6597 = DIRECTION('',(-1.,0.));
#6598 = ( GEOMETRIC_REPRESENTATION_CONTEXT(2) 
PARAMETRIC_REPRESENTATION_CONTEXT() REPRESENTATION_CONTEXT('2D SPACE',''
  ) );
#6599 = PCURVE('',#6451,#6600);
#6600 = DEFINITIONAL_REPRESENTATION('',(#6601),#6605);
#6601 = CIRCLE('',#6602,70.48);
#6602 = AXIS2_PLACEMENT_2D('',#6603,#6604);
#6603 = CARTESIAN_POINT('',(0.,0.));
#6604 = DIRECTION('',(1.,0.));
#6605 = ( GEOMETRIC_REPRESENTATION_CONTEXT(2) 
PARAMETRIC_REPRESENTATION_CONTEXT() REPRESENTATION_CONTEXT('2D SPACE',''
  ) );
#6606 = ORIENTED_EDGE('',*,*,#6607,.T.);
#6607 = EDGE_CURVE('',#6584,#6223,#6608,.T.);
#6608 = SURFACE_CURVE('',#6609,(#6614,#6621),.PCURVE_S1.);
#6609 = CIRCLE('',#6610,0.8);
#6610 = AXIS2_PLACEMENT_3D('',#6611,#6612,#6613);
#6611 = CARTESIAN_POINT('',(-41.45643710965,-56.99819490276,115.));
#6612 = DIRECTION('',(0.808714456623,-0.588201434586,0.));
#6613 = DIRECTION('',(0.,0.,-1.));
#6614 = PCURVE('',#6267,#6615);
#6615 = DEFINITIONAL_REPRESENTATION('',(#6616),#6620);
#6616 = LINE('',#6617,#6618);
#6617 = CARTESIAN_POINT('',(-0.313130213758,1.570796326795));
#6618 = VECTOR('',#6619,1.);
#6619 = DIRECTION('',(-0.,1.));
#6620 = ( GEOMETRIC_REPRESENTATION_CONTEXT(2) 
PARAMETRIC_REPRESENTATION_CONTEXT() REPRESENTATION_CONTEXT('2D SPACE',''
  ) );
#6621 = PCURVE('',#6238,#6622);
#6622 = DEFINITIONAL_REPRESENTATION('',(#6623),#6627);
#6623 = CIRCLE('',#6624,0.8);
#6624 = AXIS2_PLACEMENT_2D('',#6625,#6626);
#6625 = CARTESIAN_POINT('',(0.383217828417,-1.934737904672));
#6626 = DIRECTION('',(-1.,-0.));
#6627 = ( GEOMETRIC_REPRESENTATION_CONTEXT(2) 
PARAMETRIC_REPRESENTATION_CONTEXT() REPRESENTATION_CONTEXT('2D SPACE',''
  ) );
#6628 = ORIENTED_EDGE('',*,*,#6250,.F.);
#6629 = ORIENTED_EDGE('',*,*,#6558,.F.);
#6630 = ADVANCED_FACE('',(#6631),#6238,.F.);
#6631 = FACE_BOUND('',#6632,.F.);
#6632 = EDGE_LOOP('',(#6633,#6634,#6635,#6656));
#6633 = ORIENTED_EDGE('',*,*,#6222,.T.);
#6634 = ORIENTED_EDGE('',*,*,#6463,.T.);
#6635 = ORIENTED_EDGE('',*,*,#6636,.T.);
#6636 = EDGE_CURVE('',#6435,#6584,#6637,.T.);
#6637 = SURFACE_CURVE('',#6638,(#6642,#6649),.PCURVE_S1.);
#6638 = LINE('',#6639,#6640);
#6639 = CARTESIAN_POINT('',(-44.10334356529,-60.63740995756,114.2));
#6640 = VECTOR('',#6641,1.);
#6641 = DIRECTION('',(0.588201434586,0.808714456623,0.));
#6642 = PCURVE('',#6238,#6643);
#6643 = DEFINITIONAL_REPRESENTATION('',(#6644),#6648);
#6644 = LINE('',#6645,#6646);
#6645 = CARTESIAN_POINT('',(-0.416782171583,2.565262095328));
#6646 = VECTOR('',#6647,1.);
#6647 = DIRECTION('',(0.,-1.));
#6648 = ( GEOMETRIC_REPRESENTATION_CONTEXT(2) 
PARAMETRIC_REPRESENTATION_CONTEXT() REPRESENTATION_CONTEXT('2D SPACE',''
  ) );
#6649 = PCURVE('',#6451,#6650);
#6650 = DEFINITIONAL_REPRESENTATION('',(#6651),#6655);
#6651 = LINE('',#6652,#6653);
#6652 = CARTESIAN_POINT('',(71.334023053294,23.096700089668));
#6653 = VECTOR('',#6654,1.);
#6654 = DIRECTION('',(-0.951374007112,-0.308038144701));
#6655 = ( GEOMETRIC_REPRESENTATION_CONTEXT(2) 
PARAMETRIC_REPRESENTATION_CONTEXT() REPRESENTATION_CONTEXT('2D SPACE',''
  ) );
#6656 = ORIENTED_EDGE('',*,*,#6607,.T.);
#6657 = ADVANCED_FACE('',(#6658),#6181,.T.);
#6658 = FACE_BOUND('',#6659,.T.);
#6659 = EDGE_LOOP('',(#6660,#6661,#6662,#6685));
#6660 = ORIENTED_EDGE('',*,*,#6165,.T.);
#6661 = ORIENTED_EDGE('',*,*,#6485,.T.);
#6662 = ORIENTED_EDGE('',*,*,#6663,.T.);
#6663 = EDGE_CURVE('',#6486,#6664,#6666,.T.);
#6664 = VERTEX_POINT('',#6665);
#6665 = CARTESIAN_POINT('',(-40.87590226689,-57.41594738282,113.5));
#6666 = SURFACE_CURVE('',#6667,(#6671,#6678),.PCURVE_S1.);
#6667 = LINE('',#6668,#6669);
#6668 = CARTESIAN_POINT('',(-43.48574279188,-61.08183505624,113.5));
#6669 = VECTOR('',#6670,1.);
#6670 = DIRECTION('',(0.579964561108,0.814641705205,0.));
#6671 = PCURVE('',#6181,#6672);
#6672 = DEFINITIONAL_REPRESENTATION('',(#6673),#6677);
#6673 = LINE('',#6674,#6675);
#6674 = CARTESIAN_POINT('',(-0.798759671691,2.845938128099));
#6675 = VECTOR('',#6676,1.);
#6676 = DIRECTION('',(0.,-1.));
#6677 = ( GEOMETRIC_REPRESENTATION_CONTEXT(2) 
PARAMETRIC_REPRESENTATION_CONTEXT() REPRESENTATION_CONTEXT('2D SPACE',''
  ) );
#6678 = PCURVE('',#6372,#6679);
#6679 = DEFINITIONAL_REPRESENTATION('',(#6680),#6684);
#6680 = LINE('',#6681,#6682);
#6681 = CARTESIAN_POINT('',(70.850599320141,24.539620534492));
#6682 = VECTOR('',#6683,1.);
#6683 = DIRECTION('',(-0.944926638039,-0.327282215717));
#6684 = ( GEOMETRIC_REPRESENTATION_CONTEXT(2) 
PARAMETRIC_REPRESENTATION_CONTEXT() REPRESENTATION_CONTEXT('2D SPACE',''
  ) );
#6685 = ORIENTED_EDGE('',*,*,#6686,.T.);
#6686 = EDGE_CURVE('',#6664,#6137,#6687,.T.);
#6687 = SURFACE_CURVE('',#6688,(#6693,#6700),.PCURVE_S1.);
#6688 = CIRCLE('',#6689,1.5);
#6689 = AXIS2_PLACEMENT_3D('',#6690,#6691,#6692);
#6690 = CARTESIAN_POINT('',(-40.87590226689,-57.41594738282,115.));
#6691 = DIRECTION('',(0.814641705205,-0.579964561108,1.577721810442E-30)
  );
#6692 = DIRECTION('',(1.098905615716E-14,1.543567322348E-14,-1.));
#6693 = PCURVE('',#6181,#6694);
#6694 = DEFINITIONAL_REPRESENTATION('',(#6695),#6699);
#6695 = CIRCLE('',#6696,1.5);
#6696 = AXIS2_PLACEMENT_2D('',#6697,#6698);
#6697 = CARTESIAN_POINT('',(0.701240328309,-1.654061871901));
#6698 = DIRECTION('',(-1.,-1.894780628694E-14));
#6699 = ( GEOMETRIC_REPRESENTATION_CONTEXT(2) 
PARAMETRIC_REPRESENTATION_CONTEXT() REPRESENTATION_CONTEXT('2D SPACE',''
  ) );
#6700 = PCURVE('',#6153,#6701);
#6701 = DEFINITIONAL_REPRESENTATION('',(#6702),#6706);
#6702 = LINE('',#6703,#6704);
#6703 = CARTESIAN_POINT('',(-0.333425951653,1.570796326795));
#6704 = VECTOR('',#6705,1.);
#6705 = DIRECTION('',(-0.,1.));
#6706 = ( GEOMETRIC_REPRESENTATION_CONTEXT(2) 
PARAMETRIC_REPRESENTATION_CONTEXT() REPRESENTATION_CONTEXT('2D SPACE',''
  ) );
#6707 = ADVANCED_FACE('',(#6708),#6153,.T.);
#6708 = FACE_BOUND('',#6709,.F.);
#6709 = EDGE_LOOP('',(#6710,#6732,#6733,#6734));
#6710 = ORIENTED_EDGE('',*,*,#6711,.T.);
#6711 = EDGE_CURVE('',#6357,#6664,#6712,.T.);
#6712 = SURFACE_CURVE('',#6713,(#6718,#6725),.PCURVE_S1.);
#6713 = CIRCLE('',#6714,70.48);
#6714 = AXIS2_PLACEMENT_3D('',#6715,#6716,#6717);
#6715 = CARTESIAN_POINT('',(0.,0.,113.5));
#6716 = DIRECTION('',(0.,0.,1.));
#6717 = DIRECTION('',(-0.814641705205,-0.579964561108,0.));
#6718 = PCURVE('',#6153,#6719);
#6719 = DEFINITIONAL_REPRESENTATION('',(#6720),#6724);
#6720 = LINE('',#6721,#6722);
#6721 = CARTESIAN_POINT('',(-0.,1.570796326795));
#6722 = VECTOR('',#6723,1.);
#6723 = DIRECTION('',(-1.,0.));
#6724 = ( GEOMETRIC_REPRESENTATION_CONTEXT(2) 
PARAMETRIC_REPRESENTATION_CONTEXT() REPRESENTATION_CONTEXT('2D SPACE',''
  ) );
#6725 = PCURVE('',#6372,#6726);
#6726 = DEFINITIONAL_REPRESENTATION('',(#6727),#6731);
#6727 = CIRCLE('',#6728,70.48);
#6728 = AXIS2_PLACEMENT_2D('',#6729,#6730);
#6729 = CARTESIAN_POINT('',(0.,0.));
#6730 = DIRECTION('',(1.,0.));
#6731 = ( GEOMETRIC_REPRESENTATION_CONTEXT(2) 
PARAMETRIC_REPRESENTATION_CONTEXT() REPRESENTATION_CONTEXT('2D SPACE',''
  ) );
#6732 = ORIENTED_EDGE('',*,*,#6686,.T.);
#6733 = ORIENTED_EDGE('',*,*,#6136,.F.);
#6734 = ORIENTED_EDGE('',*,*,#6384,.F.);
#6735 = ADVANCED_FACE('',(#6736),#6372,.F.);
#6736 = FACE_BOUND('',#6737,.F.);
#6737 = EDGE_LOOP('',(#6738,#6739,#6740,#6741));
#6738 = ORIENTED_EDGE('',*,*,#6508,.T.);
#6739 = ORIENTED_EDGE('',*,*,#6663,.T.);
#6740 = ORIENTED_EDGE('',*,*,#6711,.F.);
#6741 = ORIENTED_EDGE('',*,*,#6356,.F.);
#6742 = ADVANCED_FACE('',(#6743),#6451,.T.);
#6743 = FACE_BOUND('',#6744,.T.);
#6744 = EDGE_LOOP('',(#6745,#6746,#6747,#6748));
#6745 = ORIENTED_EDGE('',*,*,#6434,.T.);
#6746 = ORIENTED_EDGE('',*,*,#6636,.T.);
#6747 = ORIENTED_EDGE('',*,*,#6583,.F.);
#6748 = ORIENTED_EDGE('',*,*,#6535,.F.);
#6749 = ( GEOMETRIC_REPRESENTATION_CONTEXT(3) 
GLOBAL_UNCERTAINTY_ASSIGNED_CONTEXT((#6753)) 
GLOBAL_UNIT_ASSIGNED_CONTEXT((#6750,#6751,#6752)) REPRESENTATION_CONTEXT
('Context #1','3D Context with UNIT and UNCERTAINTY') );
#6750 = ( LENGTH_UNIT() NAMED_UNIT(*) SI_UNIT(.MILLI.,.METRE.) );
#6751 = ( NAMED_UNIT(*) PLANE_ANGLE_UNIT() SI_UNIT($,.RADIAN.) );
#6752 = ( NAMED_UNIT(*) SI_UNIT($,.STERADIAN.) SOLID_ANGLE_UNIT() );
#6753 = UNCERTAINTY_MEASURE_WITH_UNIT(LENGTH_MEASURE(1.E-07),#6750,
  'distance_accuracy_value','confusion accuracy');
#6754 = PRODUCT_RELATED_PRODUCT_CATEGORY('part',$,(#6091));
#6755 = SHAPE_DEFINITION_REPRESENTATION(#6756,#6762);
#6756 = PRODUCT_DEFINITION_SHAPE('','',#6757);
#6757 = PRODUCT_DEFINITION('design','',#6758,#6761);
#6758 = PRODUCT_DEFINITION_FORMATION('','',#6759);
#6759 = PRODUCT('Open CASCADE STEP translator 7.8 11',
  'Open CASCADE STEP translator 7.8 11','',(#6760));
#6760 = PRODUCT_CONTEXT('',#2,'mechanical');
#6761 = PRODUCT_DEFINITION_CONTEXT('part definition',#2,'design');
#6762 = ADVANCED_BREP_SHAPE_REPRESENTATION('',(#11,#6763),#7417);
#6763 = MANIFOLD_SOLID_BREP('',#6764);
#6764 = CLOSED_SHELL('',(#6765,#6996,#7073,#7197,#7247,#7298,#7325,#7375
    ,#7403,#7410));
#6765 = ADVANCED_FACE('',(#6766),#6780,.T.);
#6766 = FACE_BOUND('',#6767,.F.);
#6767 = EDGE_LOOP('',(#6768,#6803,#6832,#6860,#6889,#6917,#6946,#6974));
#6768 = ORIENTED_EDGE('',*,*,#6769,.F.);
#6769 = EDGE_CURVE('',#6770,#6772,#6774,.T.);
#6770 = VERTEX_POINT('',#6771);
#6771 = CARTESIAN_POINT('',(-11.44666536263,-68.02363010069,115.));
#6772 = VERTEX_POINT('',#6773);
#6773 = CARTESIAN_POINT('',(-12.44231616251,-73.94044338866,115.));
#6774 = SURFACE_CURVE('',#6775,(#6779,#6791),.PCURVE_S1.);
#6775 = LINE('',#6776,#6777);
#6776 = CARTESIAN_POINT('',(-11.44666536263,-68.02363010069,115.));
#6777 = VECTOR('',#6778,1.);
#6778 = DIRECTION('',(-0.16594179998,-0.986135547995,0.));
#6779 = PCURVE('',#6780,#6785);
#6780 = PLANE('',#6781);
#6781 = AXIS2_PLACEMENT_3D('',#6782,#6783,#6784);
#6782 = CARTESIAN_POINT('',(0.,0.,115.));
#6783 = DIRECTION('',(0.,0.,1.));
#6784 = DIRECTION('',(-0.16594179998,-0.986135547995,-0.));
#6785 = DEFINITIONAL_REPRESENTATION('',(#6786),#6790);
#6786 = LINE('',#6787,#6788);
#6787 = CARTESIAN_POINT('',(68.98,-1.7763568394E-15));
#6788 = VECTOR('',#6789,1.);
#6789 = DIRECTION('',(1.,-0.));
#6790 = ( GEOMETRIC_REPRESENTATION_CONTEXT(2) 
PARAMETRIC_REPRESENTATION_CONTEXT() REPRESENTATION_CONTEXT('2D SPACE',''
  ) );
#6791 = PCURVE('',#6792,#6797);
#6792 = PLANE('',#6793);
#6793 = AXIS2_PLACEMENT_3D('',#6794,#6795,#6796);
#6794 = CARTESIAN_POINT('',(-11.9700560669,-71.13396263315,
    114.29875967169));
#6795 = DIRECTION('',(0.986135547995,-0.16594179998,0.));
#6796 = DIRECTION('',(0.,0.,1.));
#6797 = DEFINITIONAL_REPRESENTATION('',(#6798),#6802);
#6798 = LINE('',#6799,#6800);
#6799 = CARTESIAN_POINT('',(0.701240328309,-3.154061871901));
#6800 = VECTOR('',#6801,1.);
#6801 = DIRECTION('',(0.,1.));
#6802 = ( GEOMETRIC_REPRESENTATION_CONTEXT(2) 
PARAMETRIC_REPRESENTATION_CONTEXT() REPRESENTATION_CONTEXT('2D SPACE',''
  ) );
#6803 = ORIENTED_EDGE('',*,*,#6804,.T.);
#6804 = EDGE_CURVE('',#6770,#6805,#6807,.T.);
#6805 = VERTEX_POINT('',#6806);
#6806 = CARTESIAN_POINT('',(11.446665362631,-68.02363010069,115.));
#6807 = SURFACE_CURVE('',#6808,(#6813,#6820),.PCURVE_S1.);
#6808 = CIRCLE('',#6809,68.98);
#6809 = AXIS2_PLACEMENT_3D('',#6810,#6811,#6812);
#6810 = CARTESIAN_POINT('',(0.,0.,115.));
#6811 = DIRECTION('',(0.,0.,1.));
#6812 = DIRECTION('',(-0.16594179998,-0.986135547995,0.));
#6813 = PCURVE('',#6780,#6814);
#6814 = DEFINITIONAL_REPRESENTATION('',(#6815),#6819);
#6815 = CIRCLE('',#6816,68.98);
#6816 = AXIS2_PLACEMENT_2D('',#6817,#6818);
#6817 = CARTESIAN_POINT('',(0.,0.));
#6818 = DIRECTION('',(1.,-0.));
#6819 = ( GEOMETRIC_REPRESENTATION_CONTEXT(2) 
PARAMETRIC_REPRESENTATION_CONTEXT() REPRESENTATION_CONTEXT('2D SPACE',''
  ) );
#6820 = PCURVE('',#6821,#6826);
#6821 = TOROIDAL_SURFACE('',#6822,70.48,1.5);
#6822 = AXIS2_PLACEMENT_3D('',#6823,#6824,#6825);
#6823 = CARTESIAN_POINT('',(0.,0.,115.));
#6824 = DIRECTION('',(0.,0.,-1.));
#6825 = DIRECTION('',(-0.16594179998,-0.986135547995,0.));
#6826 = DEFINITIONAL_REPRESENTATION('',(#6827),#6831);
#6827 = LINE('',#6828,#6829);
#6828 = CARTESIAN_POINT('',(-0.,3.14159265359));
#6829 = VECTOR('',#6830,1.);
#6830 = DIRECTION('',(-1.,0.));
#6831 = ( GEOMETRIC_REPRESENTATION_CONTEXT(2) 
PARAMETRIC_REPRESENTATION_CONTEXT() REPRESENTATION_CONTEXT('2D SPACE',''
  ) );
#6832 = ORIENTED_EDGE('',*,*,#6833,.T.);
#6833 = EDGE_CURVE('',#6805,#6834,#6836,.T.);
#6834 = VERTEX_POINT('',#6835);
#6835 = CARTESIAN_POINT('',(12.442316162512,-73.94044338866,115.));
#6836 = SURFACE_CURVE('',#6837,(#6841,#6848),.PCURVE_S1.);
#6837 = LINE('',#6838,#6839);
#6838 = CARTESIAN_POINT('',(11.446665362631,-68.02363010069,115.));
#6839 = VECTOR('',#6840,1.);
#6840 = DIRECTION('',(0.16594179998,-0.986135547995,0.));
#6841 = PCURVE('',#6780,#6842);
#6842 = DEFINITIONAL_REPRESENTATION('',(#6843),#6847);
#6843 = LINE('',#6844,#6845);
#6844 = CARTESIAN_POINT('',(65.181039491909,22.575927240187));
#6845 = VECTOR('',#6846,1.);
#6846 = DIRECTION('',(0.944926638039,0.327282215717));
#6847 = ( GEOMETRIC_REPRESENTATION_CONTEXT(2) 
PARAMETRIC_REPRESENTATION_CONTEXT() REPRESENTATION_CONTEXT('2D SPACE',''
  ) );
#6848 = PCURVE('',#6849,#6854);
#6849 = PLANE('',#6850);
#6850 = AXIS2_PLACEMENT_3D('',#6851,#6852,#6853);
#6851 = CARTESIAN_POINT('',(11.970056066903,-71.13396263315,
    114.29875967169));
#6852 = DIRECTION('',(0.986135547995,0.16594179998,0.));
#6853 = DIRECTION('',(0.,0.,1.));
#6854 = DEFINITIONAL_REPRESENTATION('',(#6855),#6859);
#6855 = LINE('',#6856,#6857);
#6856 = CARTESIAN_POINT('',(0.701240328309,-3.154061871901));
#6857 = VECTOR('',#6858,1.);
#6858 = DIRECTION('',(0.,1.));
#6859 = ( GEOMETRIC_REPRESENTATION_CONTEXT(2) 
PARAMETRIC_REPRESENTATION_CONTEXT() REPRESENTATION_CONTEXT('2D SPACE',''
  ) );
#6860 = ORIENTED_EDGE('',*,*,#6861,.F.);
#6861 = EDGE_CURVE('',#6862,#6834,#6864,.T.);
#6862 = VERTEX_POINT('',#6863);
#6863 = CARTESIAN_POINT('',(11.691350466562,-74.0628970826,115.));
#6864 = SURFACE_CURVE('',#6865,(#6870,#6877),.PCURVE_S1.);
#6865 = CIRCLE('',#6866,74.98);
#6866 = AXIS2_PLACEMENT_3D('',#6867,#6868,#6869);
#6867 = CARTESIAN_POINT('',(0.,0.,115.));
#6868 = DIRECTION('',(0.,0.,1.));
#6869 = DIRECTION('',(-0.16594179998,-0.986135547995,0.));
#6870 = PCURVE('',#6780,#6871);
#6871 = DEFINITIONAL_REPRESENTATION('',(#6872),#6876);
#6872 = CIRCLE('',#6873,74.98);
#6873 = AXIS2_PLACEMENT_2D('',#6874,#6875);
#6874 = CARTESIAN_POINT('',(0.,0.));
#6875 = DIRECTION('',(1.,-0.));
#6876 = ( GEOMETRIC_REPRESENTATION_CONTEXT(2) 
PARAMETRIC_REPRESENTATION_CONTEXT() REPRESENTATION_CONTEXT('2D SPACE',''
  ) );
#6877 = PCURVE('',#6878,#6883);
#6878 = CYLINDRICAL_SURFACE('',#6879,74.98);
#6879 = AXIS2_PLACEMENT_3D('',#6880,#6881,#6882);
#6880 = CARTESIAN_POINT('',(0.,0.,115.));
#6881 = DIRECTION('',(0.,0.,-1.));
#6882 = DIRECTION('',(-0.16594179998,-0.986135547995,0.));
#6883 = DEFINITIONAL_REPRESENTATION('',(#6884),#6888);
#6884 = LINE('',#6885,#6886);
#6885 = CARTESIAN_POINT('',(-0.,0.));
#6886 = VECTOR('',#6887,1.);
#6887 = DIRECTION('',(-1.,0.));
#6888 = ( GEOMETRIC_REPRESENTATION_CONTEXT(2) 
PARAMETRIC_REPRESENTATION_CONTEXT() REPRESENTATION_CONTEXT('2D SPACE',''
  ) );
#6889 = ORIENTED_EDGE('',*,*,#6890,.F.);
#6890 = EDGE_CURVE('',#6891,#6862,#6893,.T.);
#6891 = VERTEX_POINT('',#6892);
#6892 = CARTESIAN_POINT('',(10.864941324487,-68.82772297566,115.));
#6893 = SURFACE_CURVE('',#6894,(#6898,#6905),.PCURVE_S1.);
#6894 = LINE('',#6895,#6896);
#6895 = CARTESIAN_POINT('',(10.864941324487,-68.82772297566,115.));
#6896 = VECTOR('',#6897,1.);
#6897 = DIRECTION('',(0.155926253222,-0.987768699421,0.));
#6898 = PCURVE('',#6780,#6899);
#6899 = DEFINITIONAL_REPRESENTATION('',(#6900),#6904);
#6900 = LINE('',#6901,#6902);
#6901 = CARTESIAN_POINT('',(66.070516393793,22.135701106075));
#6902 = VECTOR('',#6903,1.);
#6903 = DIRECTION('',(0.948199144572,0.317676537114));
#6904 = ( GEOMETRIC_REPRESENTATION_CONTEXT(2) 
PARAMETRIC_REPRESENTATION_CONTEXT() REPRESENTATION_CONTEXT('2D SPACE',''
  ) );
#6905 = PCURVE('',#6906,#6911);
#6906 = PLANE('',#6907);
#6907 = AXIS2_PLACEMENT_3D('',#6908,#6909,#6910);
#6908 = CARTESIAN_POINT('',(11.291358759506,-71.52901147902,
    114.61678217158));
#6909 = DIRECTION('',(0.987768699421,0.155926253222,0.));
#6910 = DIRECTION('',(0.,0.,1.));
#6911 = DEFINITIONAL_REPRESENTATION('',(#6912),#6916);
#6912 = LINE('',#6913,#6914);
#6913 = CARTESIAN_POINT('',(0.383217828417,-2.734737904672));
#6914 = VECTOR('',#6915,1.);
#6915 = DIRECTION('',(0.,1.));
#6916 = ( GEOMETRIC_REPRESENTATION_CONTEXT(2) 
PARAMETRIC_REPRESENTATION_CONTEXT() REPRESENTATION_CONTEXT('2D SPACE',''
  ) );
#6917 = ORIENTED_EDGE('',*,*,#6918,.F.);
#6918 = EDGE_CURVE('',#6919,#6891,#6921,.T.);
#6919 = VERTEX_POINT('',#6920);
#6920 = CARTESIAN_POINT('',(-10.86494132448,-68.82772297566,115.));
#6921 = SURFACE_CURVE('',#6922,(#6927,#6934),.PCURVE_S1.);
#6922 = CIRCLE('',#6923,69.68);
#6923 = AXIS2_PLACEMENT_3D('',#6924,#6925,#6926);
#6924 = CARTESIAN_POINT('',(0.,0.,115.));
#6925 = DIRECTION('',(0.,0.,1.));
#6926 = DIRECTION('',(-0.155926253222,-0.987768699421,0.));
#6927 = PCURVE('',#6780,#6928);
#6928 = DEFINITIONAL_REPRESENTATION('',(#6929),#6933);
#6929 = CIRCLE('',#6930,69.68);
#6930 = AXIS2_PLACEMENT_2D('',#6931,#6932);
#6931 = CARTESIAN_POINT('',(0.,0.));
#6932 = DIRECTION('',(0.99994851082,1.014769477844E-02));
#6933 = ( GEOMETRIC_REPRESENTATION_CONTEXT(2) 
PARAMETRIC_REPRESENTATION_CONTEXT() REPRESENTATION_CONTEXT('2D SPACE',''
  ) );
#6934 = PCURVE('',#6935,#6940);
#6935 = TOROIDAL_SURFACE('',#6936,70.48,0.8);
#6936 = AXIS2_PLACEMENT_3D('',#6937,#6938,#6939);
#6937 = CARTESIAN_POINT('',(0.,0.,115.));
#6938 = DIRECTION('',(0.,0.,-1.));
#6939 = DIRECTION('',(-0.155926253222,-0.987768699421,0.));
#6940 = DEFINITIONAL_REPRESENTATION('',(#6941),#6945);
#6941 = LINE('',#6942,#6943);
#6942 = CARTESIAN_POINT('',(-0.,3.14159265359));
#6943 = VECTOR('',#6944,1.);
#6944 = DIRECTION('',(-1.,0.));
#6945 = ( GEOMETRIC_REPRESENTATION_CONTEXT(2) 
PARAMETRIC_REPRESENTATION_CONTEXT() REPRESENTATION_CONTEXT('2D SPACE',''
  ) );
#6946 = ORIENTED_EDGE('',*,*,#6947,.T.);
#6947 = EDGE_CURVE('',#6919,#6948,#6950,.T.);
#6948 = VERTEX_POINT('',#6949);
#6949 = CARTESIAN_POINT('',(-11.69135046656,-74.0628970826,115.));
#6950 = SURFACE_CURVE('',#6951,(#6955,#6962),.PCURVE_S1.);
#6951 = LINE('',#6952,#6953);
#6952 = CARTESIAN_POINT('',(-10.86494132448,-68.82772297566,115.));
#6953 = VECTOR('',#6954,1.);
#6954 = DIRECTION('',(-0.155926253222,-0.987768699421,0.));
#6955 = PCURVE('',#6780,#6956);
#6956 = DEFINITIONAL_REPRESENTATION('',(#6957),#6961);
#6957 = LINE('',#6958,#6959);
#6958 = CARTESIAN_POINT('',(69.676412233922,0.707091372162));
#6959 = VECTOR('',#6960,1.);
#6960 = DIRECTION('',(0.99994851082,1.014769477844E-02));
#6961 = ( GEOMETRIC_REPRESENTATION_CONTEXT(2) 
PARAMETRIC_REPRESENTATION_CONTEXT() REPRESENTATION_CONTEXT('2D SPACE',''
  ) );
#6962 = PCURVE('',#6963,#6968);
#6963 = PLANE('',#6964);
#6964 = AXIS2_PLACEMENT_3D('',#6965,#6966,#6967);
#6965 = CARTESIAN_POINT('',(-11.2913587595,-71.52901147902,
    114.61678217158));
#6966 = DIRECTION('',(0.987768699421,-0.155926253222,0.));
#6967 = DIRECTION('',(0.,0.,1.));
#6968 = DEFINITIONAL_REPRESENTATION('',(#6969),#6973);
#6969 = LINE('',#6970,#6971);
#6970 = CARTESIAN_POINT('',(0.383217828417,-2.734737904672));
#6971 = VECTOR('',#6972,1.);
#6972 = DIRECTION('',(0.,1.));
#6973 = ( GEOMETRIC_REPRESENTATION_CONTEXT(2) 
PARAMETRIC_REPRESENTATION_CONTEXT() REPRESENTATION_CONTEXT('2D SPACE',''
  ) );
#6974 = ORIENTED_EDGE('',*,*,#6975,.F.);
#6975 = EDGE_CURVE('',#6772,#6948,#6976,.T.);
#6976 = SURFACE_CURVE('',#6977,(#6982,#6989),.PCURVE_S1.);
#6977 = CIRCLE('',#6978,74.98);
#6978 = AXIS2_PLACEMENT_3D('',#6979,#6980,#6981);
#6979 = CARTESIAN_POINT('',(0.,0.,115.));
#6980 = DIRECTION('',(0.,0.,1.));
#6981 = DIRECTION('',(-0.16594179998,-0.986135547995,0.));
#6982 = PCURVE('',#6780,#6983);
#6983 = DEFINITIONAL_REPRESENTATION('',(#6984),#6988);
#6984 = CIRCLE('',#6985,74.98);
#6985 = AXIS2_PLACEMENT_2D('',#6986,#6987);
#6986 = CARTESIAN_POINT('',(0.,0.));
#6987 = DIRECTION('',(1.,-0.));
#6988 = ( GEOMETRIC_REPRESENTATION_CONTEXT(2) 
PARAMETRIC_REPRESENTATION_CONTEXT() REPRESENTATION_CONTEXT('2D SPACE',''
  ) );
#6989 = PCURVE('',#6878,#6990);
#6990 = DEFINITIONAL_REPRESENTATION('',(#6991),#6995);
#6991 = LINE('',#6992,#6993);
#6992 = CARTESIAN_POINT('',(-0.,0.));
#6993 = VECTOR('',#6994,1.);
#6994 = DIRECTION('',(-1.,0.));
#6995 = ( GEOMETRIC_REPRESENTATION_CONTEXT(2) 
PARAMETRIC_REPRESENTATION_CONTEXT() REPRESENTATION_CONTEXT('2D SPACE',''
  ) );
#6996 = ADVANCED_FACE('',(#6997),#6792,.F.);
#6997 = FACE_BOUND('',#6998,.F.);
#6998 = EDGE_LOOP('',(#6999,#7000,#7023,#7051));
#6999 = ORIENTED_EDGE('',*,*,#6769,.T.);
#7000 = ORIENTED_EDGE('',*,*,#7001,.T.);
#7001 = EDGE_CURVE('',#6772,#7002,#7004,.T.);
#7002 = VERTEX_POINT('',#7003);
#7003 = CARTESIAN_POINT('',(-12.44231616251,-73.94044338866,113.5));
#7004 = SURFACE_CURVE('',#7005,(#7009,#7016),.PCURVE_S1.);
#7005 = LINE('',#7006,#7007);
#7006 = CARTESIAN_POINT('',(-12.44231616251,-73.94044338866,115.));
#7007 = VECTOR('',#7008,1.);
#7008 = DIRECTION('',(0.,-0.,-1.));
#7009 = PCURVE('',#6792,#7010);
#7010 = DEFINITIONAL_REPRESENTATION('',(#7011),#7015);
#7011 = LINE('',#7012,#7013);
#7012 = CARTESIAN_POINT('',(0.701240328309,2.845938128099));
#7013 = VECTOR('',#7014,1.);
#7014 = DIRECTION('',(-1.,-0.));
#7015 = ( GEOMETRIC_REPRESENTATION_CONTEXT(2) 
PARAMETRIC_REPRESENTATION_CONTEXT() REPRESENTATION_CONTEXT('2D SPACE',''
  ) );
#7016 = PCURVE('',#6878,#7017);
#7017 = DEFINITIONAL_REPRESENTATION('',(#7018),#7022);
#7018 = LINE('',#7019,#7020);
#7019 = CARTESIAN_POINT('',(-0.,0.));
#7020 = VECTOR('',#7021,1.);
#7021 = DIRECTION('',(-0.,1.));
#7022 = ( GEOMETRIC_REPRESENTATION_CONTEXT(2) 
PARAMETRIC_REPRESENTATION_CONTEXT() REPRESENTATION_CONTEXT('2D SPACE',''
  ) );
#7023 = ORIENTED_EDGE('',*,*,#7024,.T.);
#7024 = EDGE_CURVE('',#7002,#7025,#7027,.T.);
#7025 = VERTEX_POINT('',#7026);
#7026 = CARTESIAN_POINT('',(-11.6955780626,-69.50283342268,113.5));
#7027 = SURFACE_CURVE('',#7028,(#7032,#7039),.PCURVE_S1.);
#7028 = LINE('',#7029,#7030);
#7029 = CARTESIAN_POINT('',(-12.44231616251,-73.94044338866,113.5));
#7030 = VECTOR('',#7031,1.);
#7031 = DIRECTION('',(0.16594179998,0.986135547995,0.));
#7032 = PCURVE('',#6792,#7033);
#7033 = DEFINITIONAL_REPRESENTATION('',(#7034),#7038);
#7034 = LINE('',#7035,#7036);
#7035 = CARTESIAN_POINT('',(-0.798759671691,2.845938128099));
#7036 = VECTOR('',#7037,1.);
#7037 = DIRECTION('',(0.,-1.));
#7038 = ( GEOMETRIC_REPRESENTATION_CONTEXT(2) 
PARAMETRIC_REPRESENTATION_CONTEXT() REPRESENTATION_CONTEXT('2D SPACE',''
  ) );
#7039 = PCURVE('',#7040,#7045);
#7040 = PLANE('',#7041);
#7041 = AXIS2_PLACEMENT_3D('',#7042,#7043,#7044);
#7042 = CARTESIAN_POINT('',(0.,0.,113.5));
#7043 = DIRECTION('',(0.,0.,1.));
#7044 = DIRECTION('',(-0.16594179998,-0.986135547995,0.));
#7045 = DEFINITIONAL_REPRESENTATION('',(#7046),#7050);
#7046 = LINE('',#7047,#7048);
#7047 = CARTESIAN_POINT('',(74.98,0.));
#7048 = VECTOR('',#7049,1.);
#7049 = DIRECTION('',(-1.,0.));
#7050 = ( GEOMETRIC_REPRESENTATION_CONTEXT(2) 
PARAMETRIC_REPRESENTATION_CONTEXT() REPRESENTATION_CONTEXT('2D SPACE',''
  ) );
#7051 = ORIENTED_EDGE('',*,*,#7052,.T.);
#7052 = EDGE_CURVE('',#7025,#6770,#7053,.T.);
#7053 = SURFACE_CURVE('',#7054,(#7059,#7066),.PCURVE_S1.);
#7054 = CIRCLE('',#7055,1.5);
#7055 = AXIS2_PLACEMENT_3D('',#7056,#7057,#7058);
#7056 = CARTESIAN_POINT('',(-11.6955780626,-69.50283342268,115.));
#7057 = DIRECTION('',(0.986135547995,-0.16594179998,3.944304526105E-31)
  );
#7058 = DIRECTION('',(3.14423308093E-15,1.868510533607E-14,-1.));
#7059 = PCURVE('',#6792,#7060);
#7060 = DEFINITIONAL_REPRESENTATION('',(#7061),#7065);
#7061 = CIRCLE('',#7062,1.5);
#7062 = AXIS2_PLACEMENT_2D('',#7063,#7064);
#7063 = CARTESIAN_POINT('',(0.701240328309,-1.654061871901));
#7064 = DIRECTION('',(-1.,-1.894780628694E-14));
#7065 = ( GEOMETRIC_REPRESENTATION_CONTEXT(2) 
PARAMETRIC_REPRESENTATION_CONTEXT() REPRESENTATION_CONTEXT('2D SPACE',''
  ) );
#7066 = PCURVE('',#6821,#7067);
#7067 = DEFINITIONAL_REPRESENTATION('',(#7068),#7072);
#7068 = LINE('',#7069,#7070);
#7069 = CARTESIAN_POINT('',(-0.,1.570796326795));
#7070 = VECTOR('',#7071,1.);
#7071 = DIRECTION('',(-0.,1.));
#7072 = ( GEOMETRIC_REPRESENTATION_CONTEXT(2) 
PARAMETRIC_REPRESENTATION_CONTEXT() REPRESENTATION_CONTEXT('2D SPACE',''
  ) );
#7073 = ADVANCED_FACE('',(#7074),#6878,.T.);
#7074 = FACE_BOUND('',#7075,.F.);
#7075 = EDGE_LOOP('',(#7076,#7077,#7078,#7101,#7130,#7151,#7152,#7175));
#7076 = ORIENTED_EDGE('',*,*,#7001,.F.);
#7077 = ORIENTED_EDGE('',*,*,#6975,.T.);
#7078 = ORIENTED_EDGE('',*,*,#7079,.T.);
#7079 = EDGE_CURVE('',#6948,#7080,#7082,.T.);
#7080 = VERTEX_POINT('',#7081);
#7081 = CARTESIAN_POINT('',(-11.69135046656,-74.0628970826,114.2));
#7082 = SURFACE_CURVE('',#7083,(#7087,#7094),.PCURVE_S1.);
#7083 = LINE('',#7084,#7085);
#7084 = CARTESIAN_POINT('',(-11.69135046656,-74.0628970826,115.));
#7085 = VECTOR('',#7086,1.);
#7086 = DIRECTION('',(0.,-0.,-1.));
#7087 = PCURVE('',#6878,#7088);
#7088 = DEFINITIONAL_REPRESENTATION('',(#7089),#7093);
#7089 = LINE('',#7090,#7091);
#7090 = CARTESIAN_POINT('',(-1.014786894752E-02,0.));
#7091 = VECTOR('',#7092,1.);
#7092 = DIRECTION('',(-0.,1.));
#7093 = ( GEOMETRIC_REPRESENTATION_CONTEXT(2) 
PARAMETRIC_REPRESENTATION_CONTEXT() REPRESENTATION_CONTEXT('2D SPACE',''
  ) );
#7094 = PCURVE('',#6963,#7095);
#7095 = DEFINITIONAL_REPRESENTATION('',(#7096),#7100);
#7096 = LINE('',#7097,#7098);
#7097 = CARTESIAN_POINT('',(0.383217828417,2.565262095328));
#7098 = VECTOR('',#7099,1.);
#7099 = DIRECTION('',(-1.,-0.));
#7100 = ( GEOMETRIC_REPRESENTATION_CONTEXT(2) 
PARAMETRIC_REPRESENTATION_CONTEXT() REPRESENTATION_CONTEXT('2D SPACE',''
  ) );
#7101 = ORIENTED_EDGE('',*,*,#7102,.T.);
#7102 = EDGE_CURVE('',#7080,#7103,#7105,.T.);
#7103 = VERTEX_POINT('',#7104);
#7104 = CARTESIAN_POINT('',(11.691350466562,-74.0628970826,114.2));
#7105 = SURFACE_CURVE('',#7106,(#7111,#7118),.PCURVE_S1.);
#7106 = CIRCLE('',#7107,74.98);
#7107 = AXIS2_PLACEMENT_3D('',#7108,#7109,#7110);
#7108 = CARTESIAN_POINT('',(0.,0.,114.2));
#7109 = DIRECTION('',(0.,0.,1.));
#7110 = DIRECTION('',(-0.155926253222,-0.987768699421,0.));
#7111 = PCURVE('',#6878,#7112);
#7112 = DEFINITIONAL_REPRESENTATION('',(#7113),#7117);
#7113 = LINE('',#7114,#7115);
#7114 = CARTESIAN_POINT('',(-1.014786894752E-02,0.8));
#7115 = VECTOR('',#7116,1.);
#7116 = DIRECTION('',(-1.,0.));
#7117 = ( GEOMETRIC_REPRESENTATION_CONTEXT(2) 
PARAMETRIC_REPRESENTATION_CONTEXT() REPRESENTATION_CONTEXT('2D SPACE',''
  ) );
#7118 = PCURVE('',#7119,#7124);
#7119 = PLANE('',#7120);
#7120 = AXIS2_PLACEMENT_3D('',#7121,#7122,#7123);
#7121 = CARTESIAN_POINT('',(0.,0.,114.2));
#7122 = DIRECTION('',(0.,0.,1.));
#7123 = DIRECTION('',(-0.155926253222,-0.987768699421,0.));
#7124 = DEFINITIONAL_REPRESENTATION('',(#7125),#7129);
#7125 = CIRCLE('',#7126,74.98);
#7126 = AXIS2_PLACEMENT_2D('',#7127,#7128);
#7127 = CARTESIAN_POINT('',(0.,0.));
#7128 = DIRECTION('',(1.,0.));
#7129 = ( GEOMETRIC_REPRESENTATION_CONTEXT(2) 
PARAMETRIC_REPRESENTATION_CONTEXT() REPRESENTATION_CONTEXT('2D SPACE',''
  ) );
#7130 = ORIENTED_EDGE('',*,*,#7131,.F.);
#7131 = EDGE_CURVE('',#6862,#7103,#7132,.T.);
#7132 = SURFACE_CURVE('',#7133,(#7137,#7144),.PCURVE_S1.);
#7133 = LINE('',#7134,#7135);
#7134 = CARTESIAN_POINT('',(11.691350466562,-74.0628970826,115.));
#7135 = VECTOR('',#7136,1.);
#7136 = DIRECTION('',(0.,0.,-1.));
#7137 = PCURVE('',#6878,#7138);
#7138 = DEFINITIONAL_REPRESENTATION('',(#7139),#7143);
#7139 = LINE('',#7140,#7141);
#7140 = CARTESIAN_POINT('',(-0.323278082706,0.));
#7141 = VECTOR('',#7142,1.);
#7142 = DIRECTION('',(-0.,1.));
#7143 = ( GEOMETRIC_REPRESENTATION_CONTEXT(2) 
PARAMETRIC_REPRESENTATION_CONTEXT() REPRESENTATION_CONTEXT('2D SPACE',''
  ) );
#7144 = PCURVE('',#6906,#7145);
#7145 = DEFINITIONAL_REPRESENTATION('',(#7146),#7150);
#7146 = LINE('',#7147,#7148);
#7147 = CARTESIAN_POINT('',(0.383217828417,2.565262095328));
#7148 = VECTOR('',#7149,1.);
#7149 = DIRECTION('',(-1.,-0.));
#7150 = ( GEOMETRIC_REPRESENTATION_CONTEXT(2) 
PARAMETRIC_REPRESENTATION_CONTEXT() REPRESENTATION_CONTEXT('2D SPACE',''
  ) );
#7151 = ORIENTED_EDGE('',*,*,#6861,.T.);
#7152 = ORIENTED_EDGE('',*,*,#7153,.T.);
#7153 = EDGE_CURVE('',#6834,#7154,#7156,.T.);
#7154 = VERTEX_POINT('',#7155);
#7155 = CARTESIAN_POINT('',(12.442316162512,-73.94044338866,113.5));
#7156 = SURFACE_CURVE('',#7157,(#7161,#7168),.PCURVE_S1.);
#7157 = LINE('',#7158,#7159);
#7158 = CARTESIAN_POINT('',(12.442316162512,-73.94044338866,115.));
#7159 = VECTOR('',#7160,1.);
#7160 = DIRECTION('',(0.,0.,-1.));
#7161 = PCURVE('',#6878,#7162);
#7162 = DEFINITIONAL_REPRESENTATION('',(#7163),#7167);
#7163 = LINE('',#7164,#7165);
#7164 = CARTESIAN_POINT('',(-0.333425951653,0.));
#7165 = VECTOR('',#7166,1.);
#7166 = DIRECTION('',(-0.,1.));
#7167 = ( GEOMETRIC_REPRESENTATION_CONTEXT(2) 
PARAMETRIC_REPRESENTATION_CONTEXT() REPRESENTATION_CONTEXT('2D SPACE',''
  ) );
#7168 = PCURVE('',#6849,#7169);
#7169 = DEFINITIONAL_REPRESENTATION('',(#7170),#7174);
#7170 = LINE('',#7171,#7172);
#7171 = CARTESIAN_POINT('',(0.701240328309,2.845938128099));
#7172 = VECTOR('',#7173,1.);
#7173 = DIRECTION('',(-1.,-0.));
#7174 = ( GEOMETRIC_REPRESENTATION_CONTEXT(2) 
PARAMETRIC_REPRESENTATION_CONTEXT() REPRESENTATION_CONTEXT('2D SPACE',''
  ) );
#7175 = ORIENTED_EDGE('',*,*,#7176,.F.);
#7176 = EDGE_CURVE('',#7002,#7154,#7177,.T.);
#7177 = SURFACE_CURVE('',#7178,(#7183,#7190),.PCURVE_S1.);
#7178 = CIRCLE('',#7179,74.98);
#7179 = AXIS2_PLACEMENT_3D('',#7180,#7181,#7182);
#7180 = CARTESIAN_POINT('',(0.,0.,113.5));
#7181 = DIRECTION('',(0.,0.,1.));
#7182 = DIRECTION('',(-0.16594179998,-0.986135547995,0.));
#7183 = PCURVE('',#6878,#7184);
#7184 = DEFINITIONAL_REPRESENTATION('',(#7185),#7189);
#7185 = LINE('',#7186,#7187);
#7186 = CARTESIAN_POINT('',(-0.,1.5));
#7187 = VECTOR('',#7188,1.);
#7188 = DIRECTION('',(-1.,0.));
#7189 = ( GEOMETRIC_REPRESENTATION_CONTEXT(2) 
PARAMETRIC_REPRESENTATION_CONTEXT() REPRESENTATION_CONTEXT('2D SPACE',''
  ) );
#7190 = PCURVE('',#7040,#7191);
#7191 = DEFINITIONAL_REPRESENTATION('',(#7192),#7196);
#7192 = CIRCLE('',#7193,74.98);
#7193 = AXIS2_PLACEMENT_2D('',#7194,#7195);
#7194 = CARTESIAN_POINT('',(0.,0.));
#7195 = DIRECTION('',(1.,0.));
#7196 = ( GEOMETRIC_REPRESENTATION_CONTEXT(2) 
PARAMETRIC_REPRESENTATION_CONTEXT() REPRESENTATION_CONTEXT('2D SPACE',''
  ) );
#7197 = ADVANCED_FACE('',(#7198),#6963,.T.);
#7198 = FACE_BOUND('',#7199,.T.);
#7199 = EDGE_LOOP('',(#7200,#7201,#7202,#7225));
#7200 = ORIENTED_EDGE('',*,*,#6947,.T.);
#7201 = ORIENTED_EDGE('',*,*,#7079,.T.);
#7202 = ORIENTED_EDGE('',*,*,#7203,.T.);
#7203 = EDGE_CURVE('',#7080,#7204,#7206,.T.);
#7204 = VERTEX_POINT('',#7205);
#7205 = CARTESIAN_POINT('',(-10.98968232706,-69.6179379352,114.2));
#7206 = SURFACE_CURVE('',#7207,(#7211,#7218),.PCURVE_S1.);
#7207 = LINE('',#7208,#7209);
#7208 = CARTESIAN_POINT('',(-11.69135046656,-74.0628970826,114.2));
#7209 = VECTOR('',#7210,1.);
#7210 = DIRECTION('',(0.155926253222,0.987768699421,0.));
#7211 = PCURVE('',#6963,#7212);
#7212 = DEFINITIONAL_REPRESENTATION('',(#7213),#7217);
#7213 = LINE('',#7214,#7215);
#7214 = CARTESIAN_POINT('',(-0.416782171583,2.565262095328));
#7215 = VECTOR('',#7216,1.);
#7216 = DIRECTION('',(0.,-1.));
#7217 = ( GEOMETRIC_REPRESENTATION_CONTEXT(2) 
PARAMETRIC_REPRESENTATION_CONTEXT() REPRESENTATION_CONTEXT('2D SPACE',''
  ) );
#7218 = PCURVE('',#7119,#7219);
#7219 = DEFINITIONAL_REPRESENTATION('',(#7220),#7224);
#7220 = LINE('',#7221,#7222);
#7221 = CARTESIAN_POINT('',(74.98,1.7763568394E-15));
#7222 = VECTOR('',#7223,1.);
#7223 = DIRECTION('',(-1.,0.));
#7224 = ( GEOMETRIC_REPRESENTATION_CONTEXT(2) 
PARAMETRIC_REPRESENTATION_CONTEXT() REPRESENTATION_CONTEXT('2D SPACE',''
  ) );
#7225 = ORIENTED_EDGE('',*,*,#7226,.T.);
#7226 = EDGE_CURVE('',#7204,#6919,#7227,.T.);
#7227 = SURFACE_CURVE('',#7228,(#7233,#7240),.PCURVE_S1.);
#7228 = CIRCLE('',#7229,0.8);
#7229 = AXIS2_PLACEMENT_3D('',#7230,#7231,#7232);
#7230 = CARTESIAN_POINT('',(-10.98968232706,-69.6179379352,115.));
#7231 = DIRECTION('',(0.987768699421,-0.155926253222,0.));
#7232 = DIRECTION('',(0.,-0.,-1.));
#7233 = PCURVE('',#6963,#7234);
#7234 = DEFINITIONAL_REPRESENTATION('',(#7235),#7239);
#7235 = CIRCLE('',#7236,0.8);
#7236 = AXIS2_PLACEMENT_2D('',#7237,#7238);
#7237 = CARTESIAN_POINT('',(0.383217828417,-1.934737904672));
#7238 = DIRECTION('',(-1.,-0.));
#7239 = ( GEOMETRIC_REPRESENTATION_CONTEXT(2) 
PARAMETRIC_REPRESENTATION_CONTEXT() REPRESENTATION_CONTEXT('2D SPACE',''
  ) );
#7240 = PCURVE('',#6935,#7241);
#7241 = DEFINITIONAL_REPRESENTATION('',(#7242),#7246);
#7242 = LINE('',#7243,#7244);
#7243 = CARTESIAN_POINT('',(-0.,1.570796326795));
#7244 = VECTOR('',#7245,1.);
#7245 = DIRECTION('',(-0.,1.));
#7246 = ( GEOMETRIC_REPRESENTATION_CONTEXT(2) 
PARAMETRIC_REPRESENTATION_CONTEXT() REPRESENTATION_CONTEXT('2D SPACE',''
  ) );
#7247 = ADVANCED_FACE('',(#7248),#6935,.F.);
#7248 = FACE_BOUND('',#7249,.T.);
#7249 = EDGE_LOOP('',(#7250,#7274,#7296,#7297));
#7250 = ORIENTED_EDGE('',*,*,#7251,.T.);
#7251 = EDGE_CURVE('',#7204,#7252,#7254,.T.);
#7252 = VERTEX_POINT('',#7253);
#7253 = CARTESIAN_POINT('',(10.989682327065,-69.6179379352,114.2));
#7254 = SURFACE_CURVE('',#7255,(#7260,#7267),.PCURVE_S1.);
#7255 = CIRCLE('',#7256,70.48);
#7256 = AXIS2_PLACEMENT_3D('',#7257,#7258,#7259);
#7257 = CARTESIAN_POINT('',(0.,0.,114.2));
#7258 = DIRECTION('',(0.,0.,1.));
#7259 = DIRECTION('',(-0.155926253222,-0.987768699421,0.));
#7260 = PCURVE('',#6935,#7261);
#7261 = DEFINITIONAL_REPRESENTATION('',(#7262),#7266);
#7262 = LINE('',#7263,#7264);
#7263 = CARTESIAN_POINT('',(-0.,1.570796326795));
#7264 = VECTOR('',#7265,1.);
#7265 = DIRECTION('',(-1.,0.));
#7266 = ( GEOMETRIC_REPRESENTATION_CONTEXT(2) 
PARAMETRIC_REPRESENTATION_CONTEXT() REPRESENTATION_CONTEXT('2D SPACE',''
  ) );
#7267 = PCURVE('',#7119,#7268);
#7268 = DEFINITIONAL_REPRESENTATION('',(#7269),#7273);
#7269 = CIRCLE('',#7270,70.48);
#7270 = AXIS2_PLACEMENT_2D('',#7271,#7272);
#7271 = CARTESIAN_POINT('',(0.,0.));
#7272 = DIRECTION('',(1.,0.));
#7273 = ( GEOMETRIC_REPRESENTATION_CONTEXT(2) 
PARAMETRIC_REPRESENTATION_CONTEXT() REPRESENTATION_CONTEXT('2D SPACE',''
  ) );
#7274 = ORIENTED_EDGE('',*,*,#7275,.T.);
#7275 = EDGE_CURVE('',#7252,#6891,#7276,.T.);
#7276 = SURFACE_CURVE('',#7277,(#7282,#7289),.PCURVE_S1.);
#7277 = CIRCLE('',#7278,0.8);
#7278 = AXIS2_PLACEMENT_3D('',#7279,#7280,#7281);
#7279 = CARTESIAN_POINT('',(10.989682327065,-69.6179379352,115.));
#7280 = DIRECTION('',(0.987768699421,0.155926253222,0.));
#7281 = DIRECTION('',(0.,0.,-1.));
#7282 = PCURVE('',#6935,#7283);
#7283 = DEFINITIONAL_REPRESENTATION('',(#7284),#7288);
#7284 = LINE('',#7285,#7286);
#7285 = CARTESIAN_POINT('',(-0.313130213758,1.570796326795));
#7286 = VECTOR('',#7287,1.);
#7287 = DIRECTION('',(-0.,1.));
#7288 = ( GEOMETRIC_REPRESENTATION_CONTEXT(2) 
PARAMETRIC_REPRESENTATION_CONTEXT() REPRESENTATION_CONTEXT('2D SPACE',''
  ) );
#7289 = PCURVE('',#6906,#7290);
#7290 = DEFINITIONAL_REPRESENTATION('',(#7291),#7295);
#7291 = CIRCLE('',#7292,0.8);
#7292 = AXIS2_PLACEMENT_2D('',#7293,#7294);
#7293 = CARTESIAN_POINT('',(0.383217828417,-1.934737904672));
#7294 = DIRECTION('',(-1.,-0.));
#7295 = ( GEOMETRIC_REPRESENTATION_CONTEXT(2) 
PARAMETRIC_REPRESENTATION_CONTEXT() REPRESENTATION_CONTEXT('2D SPACE',''
  ) );
#7296 = ORIENTED_EDGE('',*,*,#6918,.F.);
#7297 = ORIENTED_EDGE('',*,*,#7226,.F.);
#7298 = ADVANCED_FACE('',(#7299),#6906,.F.);
#7299 = FACE_BOUND('',#7300,.F.);
#7300 = EDGE_LOOP('',(#7301,#7302,#7303,#7324));
#7301 = ORIENTED_EDGE('',*,*,#6890,.T.);
#7302 = ORIENTED_EDGE('',*,*,#7131,.T.);
#7303 = ORIENTED_EDGE('',*,*,#7304,.T.);
#7304 = EDGE_CURVE('',#7103,#7252,#7305,.T.);
#7305 = SURFACE_CURVE('',#7306,(#7310,#7317),.PCURVE_S1.);
#7306 = LINE('',#7307,#7308);
#7307 = CARTESIAN_POINT('',(11.691350466562,-74.0628970826,114.2));
#7308 = VECTOR('',#7309,1.);
#7309 = DIRECTION('',(-0.155926253222,0.987768699421,0.));
#7310 = PCURVE('',#6906,#7311);
#7311 = DEFINITIONAL_REPRESENTATION('',(#7312),#7316);
#7312 = LINE('',#7313,#7314);
#7313 = CARTESIAN_POINT('',(-0.416782171583,2.565262095328));
#7314 = VECTOR('',#7315,1.);
#7315 = DIRECTION('',(0.,-1.));
#7316 = ( GEOMETRIC_REPRESENTATION_CONTEXT(2) 
PARAMETRIC_REPRESENTATION_CONTEXT() REPRESENTATION_CONTEXT('2D SPACE',''
  ) );
#7317 = PCURVE('',#7119,#7318);
#7318 = DEFINITIONAL_REPRESENTATION('',(#7319),#7323);
#7319 = LINE('',#7320,#7321);
#7320 = CARTESIAN_POINT('',(71.334023053295,23.096700089668));
#7321 = VECTOR('',#7322,1.);
#7322 = DIRECTION('',(-0.951374007112,-0.308038144701));
#7323 = ( GEOMETRIC_REPRESENTATION_CONTEXT(2) 
PARAMETRIC_REPRESENTATION_CONTEXT() REPRESENTATION_CONTEXT('2D SPACE',''
  ) );
#7324 = ORIENTED_EDGE('',*,*,#7275,.T.);
#7325 = ADVANCED_FACE('',(#7326),#6849,.T.);
#7326 = FACE_BOUND('',#7327,.T.);
#7327 = EDGE_LOOP('',(#7328,#7329,#7330,#7353));
#7328 = ORIENTED_EDGE('',*,*,#6833,.T.);
#7329 = ORIENTED_EDGE('',*,*,#7153,.T.);
#7330 = ORIENTED_EDGE('',*,*,#7331,.T.);
#7331 = EDGE_CURVE('',#7154,#7332,#7334,.T.);
#7332 = VERTEX_POINT('',#7333);
#7333 = CARTESIAN_POINT('',(11.695578062602,-69.50283342268,113.5));
#7334 = SURFACE_CURVE('',#7335,(#7339,#7346),.PCURVE_S1.);
#7335 = LINE('',#7336,#7337);
#7336 = CARTESIAN_POINT('',(12.442316162512,-73.94044338866,113.5));
#7337 = VECTOR('',#7338,1.);
#7338 = DIRECTION('',(-0.16594179998,0.986135547995,0.));
#7339 = PCURVE('',#6849,#7340);
#7340 = DEFINITIONAL_REPRESENTATION('',(#7341),#7345);
#7341 = LINE('',#7342,#7343);
#7342 = CARTESIAN_POINT('',(-0.798759671691,2.845938128099));
#7343 = VECTOR('',#7344,1.);
#7344 = DIRECTION('',(0.,-1.));
#7345 = ( GEOMETRIC_REPRESENTATION_CONTEXT(2) 
PARAMETRIC_REPRESENTATION_CONTEXT() REPRESENTATION_CONTEXT('2D SPACE',''
  ) );
#7346 = PCURVE('',#7040,#7347);
#7347 = DEFINITIONAL_REPRESENTATION('',(#7348),#7352);
#7348 = LINE('',#7349,#7350);
#7349 = CARTESIAN_POINT('',(70.850599320141,24.539620534492));
#7350 = VECTOR('',#7351,1.);
#7351 = DIRECTION('',(-0.944926638039,-0.327282215717));
#7352 = ( GEOMETRIC_REPRESENTATION_CONTEXT(2) 
PARAMETRIC_REPRESENTATION_CONTEXT() REPRESENTATION_CONTEXT('2D SPACE',''
  ) );
#7353 = ORIENTED_EDGE('',*,*,#7354,.T.);
#7354 = EDGE_CURVE('',#7332,#6805,#7355,.T.);
#7355 = SURFACE_CURVE('',#7356,(#7361,#7368),.PCURVE_S1.);
#7356 = CIRCLE('',#7357,1.5);
#7357 = AXIS2_PLACEMENT_3D('',#7358,#7359,#7360);
#7358 = CARTESIAN_POINT('',(11.695578062602,-69.50283342268,115.));
#7359 = DIRECTION('',(0.986135547995,0.16594179998,3.944304526105E-31));
#7360 = DIRECTION('',(-3.14423308093E-15,1.868510533607E-14,-1.));
#7361 = PCURVE('',#6849,#7362);
#7362 = DEFINITIONAL_REPRESENTATION('',(#7363),#7367);
#7363 = CIRCLE('',#7364,1.5);
#7364 = AXIS2_PLACEMENT_2D('',#7365,#7366);
#7365 = CARTESIAN_POINT('',(0.701240328309,-1.654061871901));
#7366 = DIRECTION('',(-1.,-1.894780628694E-14));
#7367 = ( GEOMETRIC_REPRESENTATION_CONTEXT(2) 
PARAMETRIC_REPRESENTATION_CONTEXT() REPRESENTATION_CONTEXT('2D SPACE',''
  ) );
#7368 = PCURVE('',#6821,#7369);
#7369 = DEFINITIONAL_REPRESENTATION('',(#7370),#7374);
#7370 = LINE('',#7371,#7372);
#7371 = CARTESIAN_POINT('',(-0.333425951653,1.570796326795));
#7372 = VECTOR('',#7373,1.);
#7373 = DIRECTION('',(-0.,1.));
#7374 = ( GEOMETRIC_REPRESENTATION_CONTEXT(2) 
PARAMETRIC_REPRESENTATION_CONTEXT() REPRESENTATION_CONTEXT('2D SPACE',''
  ) );
#7375 = ADVANCED_FACE('',(#7376),#6821,.T.);
#7376 = FACE_BOUND('',#7377,.F.);
#7377 = EDGE_LOOP('',(#7378,#7400,#7401,#7402));
#7378 = ORIENTED_EDGE('',*,*,#7379,.T.);
#7379 = EDGE_CURVE('',#7025,#7332,#7380,.T.);
#7380 = SURFACE_CURVE('',#7381,(#7386,#7393),.PCURVE_S1.);
#7381 = CIRCLE('',#7382,70.48);
#7382 = AXIS2_PLACEMENT_3D('',#7383,#7384,#7385);
#7383 = CARTESIAN_POINT('',(0.,0.,113.5));
#7384 = DIRECTION('',(0.,0.,1.));
#7385 = DIRECTION('',(-0.16594179998,-0.986135547995,0.));
#7386 = PCURVE('',#6821,#7387);
#7387 = DEFINITIONAL_REPRESENTATION('',(#7388),#7392);
#7388 = LINE('',#7389,#7390);
#7389 = CARTESIAN_POINT('',(-0.,1.570796326795));
#7390 = VECTOR('',#7391,1.);
#7391 = DIRECTION('',(-1.,0.));
#7392 = ( GEOMETRIC_REPRESENTATION_CONTEXT(2) 
PARAMETRIC_REPRESENTATION_CONTEXT() REPRESENTATION_CONTEXT('2D SPACE',''
  ) );
#7393 = PCURVE('',#7040,#7394);
#7394 = DEFINITIONAL_REPRESENTATION('',(#7395),#7399);
#7395 = CIRCLE('',#7396,70.48);
#7396 = AXIS2_PLACEMENT_2D('',#7397,#7398);
#7397 = CARTESIAN_POINT('',(0.,0.));
#7398 = DIRECTION('',(1.,0.));
#7399 = ( GEOMETRIC_REPRESENTATION_CONTEXT(2) 
PARAMETRIC_REPRESENTATION_CONTEXT() REPRESENTATION_CONTEXT('2D SPACE',''
  ) );
#7400 = ORIENTED_EDGE('',*,*,#7354,.T.);
#7401 = ORIENTED_EDGE('',*,*,#6804,.F.);
#7402 = ORIENTED_EDGE('',*,*,#7052,.F.);
#7403 = ADVANCED_FACE('',(#7404),#7040,.F.);
#7404 = FACE_BOUND('',#7405,.F.);
#7405 = EDGE_LOOP('',(#7406,#7407,#7408,#7409));
#7406 = ORIENTED_EDGE('',*,*,#7176,.T.);
#7407 = ORIENTED_EDGE('',*,*,#7331,.T.);
#7408 = ORIENTED_EDGE('',*,*,#7379,.F.);
#7409 = ORIENTED_EDGE('',*,*,#7024,.F.);
#7410 = ADVANCED_FACE('',(#7411),#7119,.T.);
#7411 = FACE_BOUND('',#7412,.T.);
#7412 = EDGE_LOOP('',(#7413,#7414,#7415,#7416));
#7413 = ORIENTED_EDGE('',*,*,#7102,.T.);
#7414 = ORIENTED_EDGE('',*,*,#7304,.T.);
#7415 = ORIENTED_EDGE('',*,*,#7251,.F.);
#7416 = ORIENTED_EDGE('',*,*,#7203,.F.);
#7417 = ( GEOMETRIC_REPRESENTATION_CONTEXT(3) 
GLOBAL_UNCERTAINTY_ASSIGNED_CONTEXT((#7421)) 
GLOBAL_UNIT_ASSIGNED_CONTEXT((#7418,#7419,#7420)) REPRESENTATION_CONTEXT
('Context #1','3D Context with UNIT and UNCERTAINTY') );
#7418 = ( LENGTH_UNIT() NAMED_UNIT(*) SI_UNIT(.MILLI.,.METRE.) );
#7419 = ( NAMED_UNIT(*) PLANE_ANGLE_UNIT() SI_UNIT($,.RADIAN.) );
#7420 = ( NAMED_UNIT(*) SI_UNIT($,.STERADIAN.) SOLID_ANGLE_UNIT() );
#7421 = UNCERTAINTY_MEASURE_WITH_UNIT(LENGTH_MEASURE(1.E-07),#7418,
  'distance_accuracy_value','confusion accuracy');
#7422 = PRODUCT_RELATED_PRODUCT_CATEGORY('part',$,(#6759));
#7423 = SHAPE_DEFINITION_REPRESENTATION(#7424,#7430);
#7424 = PRODUCT_DEFINITION_SHAPE('','',#7425);
#7425 = PRODUCT_DEFINITION('design','',#7426,#7429);
#7426 = PRODUCT_DEFINITION_FORMATION('','',#7427);
#7427 = PRODUCT('Open CASCADE STEP translator 7.8 12',
  'Open CASCADE STEP translator 7.8 12','',(#7428));
#7428 = PRODUCT_CONTEXT('',#2,'mechanical');
#7429 = PRODUCT_DEFINITION_CONTEXT('part definition',#2,'design');
#7430 = ADVANCED_BREP_SHAPE_REPRESENTATION('',(#11,#7431),#8085);
#7431 = MANIFOLD_SOLID_BREP('',#7432);
#7432 = CLOSED_SHELL('',(#7433,#7664,#7741,#7865,#7915,#7966,#7993,#8043
    ,#8071,#8078));
#7433 = ADVANCED_FACE('',(#7434),#7448,.T.);
#7434 = FACE_BOUND('',#7435,.F.);
#7435 = EDGE_LOOP('',(#7436,#7471,#7500,#7528,#7557,#7585,#7614,#7642));
#7436 = ORIENTED_EDGE('',*,*,#7437,.F.);
#7437 = EDGE_CURVE('',#7438,#7440,#7442,.T.);
#7438 = VERTEX_POINT('',#7439);
#7439 = CARTESIAN_POINT('',(40.005955425236,-56.19398482501,115.));
#7440 = VERTEX_POINT('',#7441);
#7441 = CARTESIAN_POINT('',(43.485742791884,-61.08183505624,115.));
#7442 = SURFACE_CURVE('',#7443,(#7447,#7459),.PCURVE_S1.);
#7443 = LINE('',#7444,#7445);
#7444 = CARTESIAN_POINT('',(40.005955425236,-56.19398482501,115.));
#7445 = VECTOR('',#7446,1.);
#7446 = DIRECTION('',(0.579964561108,-0.814641705205,0.));
#7447 = PCURVE('',#7448,#7453);
#7448 = PLANE('',#7449);
#7449 = AXIS2_PLACEMENT_3D('',#7450,#7451,#7452);
#7450 = CARTESIAN_POINT('',(0.,0.,115.));
#7451 = DIRECTION('',(0.,0.,1.));
#7452 = DIRECTION('',(0.579964561108,-0.814641705205,-0.));
#7453 = DEFINITIONAL_REPRESENTATION('',(#7454),#7458);
#7454 = LINE('',#7455,#7456);
#7455 = CARTESIAN_POINT('',(68.98,-0.));
#7456 = VECTOR('',#7457,1.);
#7457 = DIRECTION('',(1.,-0.));
#7458 = ( GEOMETRIC_REPRESENTATION_CONTEXT(2) 
PARAMETRIC_REPRESENTATION_CONTEXT() REPRESENTATION_CONTEXT('2D SPACE',''
  ) );
#7459 = PCURVE('',#7460,#7465);
#7460 = PLANE('',#7461);
#7461 = AXIS2_PLACEMENT_3D('',#7462,#7463,#7464);
#7462 = CARTESIAN_POINT('',(41.835199534481,-58.76341516666,
    114.29875967169));
#7463 = DIRECTION('',(0.814641705205,0.579964561108,0.));
#7464 = DIRECTION('',(0.,0.,1.));
#7465 = DEFINITIONAL_REPRESENTATION('',(#7466),#7470);
#7466 = LINE('',#7467,#7468);
#7467 = CARTESIAN_POINT('',(0.701240328309,-3.154061871901));
#7468 = VECTOR('',#7469,1.);
#7469 = DIRECTION('',(0.,1.));
#7470 = ( GEOMETRIC_REPRESENTATION_CONTEXT(2) 
PARAMETRIC_REPRESENTATION_CONTEXT() REPRESENTATION_CONTEXT('2D SPACE',''
  ) );
#7471 = ORIENTED_EDGE('',*,*,#7472,.T.);
#7472 = EDGE_CURVE('',#7438,#7473,#7475,.T.);
#7473 = VERTEX_POINT('',#7474);
#7474 = CARTESIAN_POINT('',(56.193984825015,-40.00595542523,115.));
#7475 = SURFACE_CURVE('',#7476,(#7481,#7488),.PCURVE_S1.);
#7476 = CIRCLE('',#7477,68.98);
#7477 = AXIS2_PLACEMENT_3D('',#7478,#7479,#7480);
#7478 = CARTESIAN_POINT('',(0.,0.,115.));
#7479 = DIRECTION('',(-0.,0.,1.));
#7480 = DIRECTION('',(0.579964561108,-0.814641705205,0.));
#7481 = PCURVE('',#7448,#7482);
#7482 = DEFINITIONAL_REPRESENTATION('',(#7483),#7487);
#7483 = CIRCLE('',#7484,68.98);
#7484 = AXIS2_PLACEMENT_2D('',#7485,#7486);
#7485 = CARTESIAN_POINT('',(0.,0.));
#7486 = DIRECTION('',(1.,-0.));
#7487 = ( GEOMETRIC_REPRESENTATION_CONTEXT(2) 
PARAMETRIC_REPRESENTATION_CONTEXT() REPRESENTATION_CONTEXT('2D SPACE',''
  ) );
#7488 = PCURVE('',#7489,#7494);
#7489 = TOROIDAL_SURFACE('',#7490,70.48,1.5);
#7490 = AXIS2_PLACEMENT_3D('',#7491,#7492,#7493);
#7491 = CARTESIAN_POINT('',(0.,0.,115.));
#7492 = DIRECTION('',(-0.,0.,-1.));
#7493 = DIRECTION('',(0.579964561108,-0.814641705205,0.));
#7494 = DEFINITIONAL_REPRESENTATION('',(#7495),#7499);
#7495 = LINE('',#7496,#7497);
#7496 = CARTESIAN_POINT('',(-0.,3.14159265359));
#7497 = VECTOR('',#7498,1.);
#7498 = DIRECTION('',(-1.,0.));
#7499 = ( GEOMETRIC_REPRESENTATION_CONTEXT(2) 
PARAMETRIC_REPRESENTATION_CONTEXT() REPRESENTATION_CONTEXT('2D SPACE',''
  ) );
#7500 = ORIENTED_EDGE('',*,*,#7501,.T.);
#7501 = EDGE_CURVE('',#7473,#7502,#7504,.T.);
#7502 = VERTEX_POINT('',#7503);
#7503 = CARTESIAN_POINT('',(61.081835056243,-43.48574279188,115.));
#7504 = SURFACE_CURVE('',#7505,(#7509,#7516),.PCURVE_S1.);
#7505 = LINE('',#7506,#7507);
#7506 = CARTESIAN_POINT('',(56.193984825015,-40.00595542523,115.));
#7507 = VECTOR('',#7508,1.);
#7508 = DIRECTION('',(0.814641705205,-0.579964561108,0.));
#7509 = PCURVE('',#7448,#7510);
#7510 = DEFINITIONAL_REPRESENTATION('',(#7511),#7515);
#7511 = LINE('',#7512,#7513);
#7512 = CARTESIAN_POINT('',(65.181039491909,22.575927240187));
#7513 = VECTOR('',#7514,1.);
#7514 = DIRECTION('',(0.944926638039,0.327282215717));
#7515 = ( GEOMETRIC_REPRESENTATION_CONTEXT(2) 
PARAMETRIC_REPRESENTATION_CONTEXT() REPRESENTATION_CONTEXT('2D SPACE',''
  ) );
#7516 = PCURVE('',#7517,#7522);
#7517 = PLANE('',#7518);
#7518 = AXIS2_PLACEMENT_3D('',#7519,#7520,#7521);
#7519 = CARTESIAN_POINT('',(58.763415166662,-41.83519953448,
    114.29875967169));
#7520 = DIRECTION('',(0.579964561108,0.814641705205,0.));
#7521 = DIRECTION('',(0.,0.,1.));
#7522 = DEFINITIONAL_REPRESENTATION('',(#7523),#7527);
#7523 = LINE('',#7524,#7525);
#7524 = CARTESIAN_POINT('',(0.701240328309,-3.154061871901));
#7525 = VECTOR('',#7526,1.);
#7526 = DIRECTION('',(0.,1.));
#7527 = ( GEOMETRIC_REPRESENTATION_CONTEXT(2) 
PARAMETRIC_REPRESENTATION_CONTEXT() REPRESENTATION_CONTEXT('2D SPACE',''
  ) );
#7528 = ORIENTED_EDGE('',*,*,#7529,.F.);
#7529 = EDGE_CURVE('',#7530,#7502,#7532,.T.);
#7530 = VERTEX_POINT('',#7531);
#7531 = CARTESIAN_POINT('',(60.637409957564,-44.10334356529,115.));
#7532 = SURFACE_CURVE('',#7533,(#7538,#7545),.PCURVE_S1.);
#7533 = CIRCLE('',#7534,74.98);
#7534 = AXIS2_PLACEMENT_3D('',#7535,#7536,#7537);
#7535 = CARTESIAN_POINT('',(0.,0.,115.));
#7536 = DIRECTION('',(-0.,0.,1.));
#7537 = DIRECTION('',(0.579964561108,-0.814641705205,0.));
#7538 = PCURVE('',#7448,#7539);
#7539 = DEFINITIONAL_REPRESENTATION('',(#7540),#7544);
#7540 = CIRCLE('',#7541,74.98);
#7541 = AXIS2_PLACEMENT_2D('',#7542,#7543);
#7542 = CARTESIAN_POINT('',(0.,0.));
#7543 = DIRECTION('',(1.,-0.));
#7544 = ( GEOMETRIC_REPRESENTATION_CONTEXT(2) 
PARAMETRIC_REPRESENTATION_CONTEXT() REPRESENTATION_CONTEXT('2D SPACE',''
  ) );
#7545 = PCURVE('',#7546,#7551);
#7546 = CYLINDRICAL_SURFACE('',#7547,74.98);
#7547 = AXIS2_PLACEMENT_3D('',#7548,#7549,#7550);
#7548 = CARTESIAN_POINT('',(0.,0.,115.));
#7549 = DIRECTION('',(-0.,0.,-1.));
#7550 = DIRECTION('',(0.579964561108,-0.814641705205,0.));
#7551 = DEFINITIONAL_REPRESENTATION('',(#7552),#7556);
#7552 = LINE('',#7553,#7554);
#7553 = CARTESIAN_POINT('',(-0.,0.));
#7554 = VECTOR('',#7555,1.);
#7555 = DIRECTION('',(-1.,0.));
#7556 = ( GEOMETRIC_REPRESENTATION_CONTEXT(2) 
PARAMETRIC_REPRESENTATION_CONTEXT() REPRESENTATION_CONTEXT('2D SPACE',''
  ) );
#7557 = ORIENTED_EDGE('',*,*,#7558,.F.);
#7558 = EDGE_CURVE('',#7559,#7530,#7561,.T.);
#7559 = VERTEX_POINT('',#7560);
#7560 = CARTESIAN_POINT('',(56.351223337464,-40.98587596198,115.));
#7561 = SURFACE_CURVE('',#7562,(#7566,#7573),.PCURVE_S1.);
#7562 = LINE('',#7563,#7564);
#7563 = CARTESIAN_POINT('',(56.351223337464,-40.98587596198,115.));
#7564 = VECTOR('',#7565,1.);
#7565 = DIRECTION('',(0.808714456623,-0.588201434586,0.));
#7566 = PCURVE('',#7448,#7567);
#7567 = DEFINITIONAL_REPRESENTATION('',(#7568),#7572);
#7568 = LINE('',#7569,#7570);
#7569 = CARTESIAN_POINT('',(66.070516393793,22.135701106075));
#7570 = VECTOR('',#7571,1.);
#7571 = DIRECTION('',(0.948199144572,0.317676537114));
#7572 = ( GEOMETRIC_REPRESENTATION_CONTEXT(2) 
PARAMETRIC_REPRESENTATION_CONTEXT() REPRESENTATION_CONTEXT('2D SPACE',''
  ) );
#7573 = PCURVE('',#7574,#7579);
#7574 = PLANE('',#7575);
#7575 = AXIS2_PLACEMENT_3D('',#7576,#7577,#7578);
#7576 = CARTESIAN_POINT('',(58.562845416046,-42.59445272073,
    114.61678217158));
#7577 = DIRECTION('',(0.588201434586,0.808714456623,0.));
#7578 = DIRECTION('',(0.,0.,1.));
#7579 = DEFINITIONAL_REPRESENTATION('',(#7580),#7584);
#7580 = LINE('',#7581,#7582);
#7581 = CARTESIAN_POINT('',(0.383217828417,-2.734737904672));
#7582 = VECTOR('',#7583,1.);
#7583 = DIRECTION('',(0.,1.));
#7584 = ( GEOMETRIC_REPRESENTATION_CONTEXT(2) 
PARAMETRIC_REPRESENTATION_CONTEXT() REPRESENTATION_CONTEXT('2D SPACE',''
  ) );
#7585 = ORIENTED_EDGE('',*,*,#7586,.F.);
#7586 = EDGE_CURVE('',#7587,#7559,#7589,.T.);
#7587 = VERTEX_POINT('',#7588);
#7588 = CARTESIAN_POINT('',(40.985875961986,-56.35122333746,115.));
#7589 = SURFACE_CURVE('',#7590,(#7595,#7602),.PCURVE_S1.);
#7590 = CIRCLE('',#7591,69.68);
#7591 = AXIS2_PLACEMENT_3D('',#7592,#7593,#7594);
#7592 = CARTESIAN_POINT('',(0.,0.,115.));
#7593 = DIRECTION('',(-0.,0.,1.));
#7594 = DIRECTION('',(0.588201434586,-0.808714456623,0.));
#7595 = PCURVE('',#7448,#7596);
#7596 = DEFINITIONAL_REPRESENTATION('',(#7597),#7601);
#7597 = CIRCLE('',#7598,69.68);
#7598 = AXIS2_PLACEMENT_2D('',#7599,#7600);
#7599 = CARTESIAN_POINT('',(0.,0.));
#7600 = DIRECTION('',(0.99994851082,1.014769477844E-02));
#7601 = ( GEOMETRIC_REPRESENTATION_CONTEXT(2) 
PARAMETRIC_REPRESENTATION_CONTEXT() REPRESENTATION_CONTEXT('2D SPACE',''
  ) );
#7602 = PCURVE('',#7603,#7608);
#7603 = TOROIDAL_SURFACE('',#7604,70.48,0.8);
#7604 = AXIS2_PLACEMENT_3D('',#7605,#7606,#7607);
#7605 = CARTESIAN_POINT('',(0.,0.,115.));
#7606 = DIRECTION('',(-0.,0.,-1.));
#7607 = DIRECTION('',(0.588201434586,-0.808714456623,0.));
#7608 = DEFINITIONAL_REPRESENTATION('',(#7609),#7613);
#7609 = LINE('',#7610,#7611);
#7610 = CARTESIAN_POINT('',(-0.,3.14159265359));
#7611 = VECTOR('',#7612,1.);
#7612 = DIRECTION('',(-1.,0.));
#7613 = ( GEOMETRIC_REPRESENTATION_CONTEXT(2) 
PARAMETRIC_REPRESENTATION_CONTEXT() REPRESENTATION_CONTEXT('2D SPACE',''
  ) );
#7614 = ORIENTED_EDGE('',*,*,#7615,.T.);
#7615 = EDGE_CURVE('',#7587,#7616,#7618,.T.);
#7616 = VERTEX_POINT('',#7617);
#7617 = CARTESIAN_POINT('',(44.103343565294,-60.63740995756,115.));
#7618 = SURFACE_CURVE('',#7619,(#7623,#7630),.PCURVE_S1.);
#7619 = LINE('',#7620,#7621);
#7620 = CARTESIAN_POINT('',(40.985875961986,-56.35122333746,115.));
#7621 = VECTOR('',#7622,1.);
#7622 = DIRECTION('',(0.588201434586,-0.808714456623,0.));
#7623 = PCURVE('',#7448,#7624);
#7624 = DEFINITIONAL_REPRESENTATION('',(#7625),#7629);
#7625 = LINE('',#7626,#7627);
#7626 = CARTESIAN_POINT('',(69.676412233922,0.707091372162));
#7627 = VECTOR('',#7628,1.);
#7628 = DIRECTION('',(0.99994851082,1.014769477844E-02));
#7629 = ( GEOMETRIC_REPRESENTATION_CONTEXT(2) 
PARAMETRIC_REPRESENTATION_CONTEXT() REPRESENTATION_CONTEXT('2D SPACE',''
  ) );
#7630 = PCURVE('',#7631,#7636);
#7631 = PLANE('',#7632);
#7632 = AXIS2_PLACEMENT_3D('',#7633,#7634,#7635);
#7633 = CARTESIAN_POINT('',(42.594452720732,-58.56284541604,
    114.61678217158));
#7634 = DIRECTION('',(0.808714456623,0.588201434586,0.));
#7635 = DIRECTION('',(0.,0.,1.));
#7636 = DEFINITIONAL_REPRESENTATION('',(#7637),#7641);
#7637 = LINE('',#7638,#7639);
#7638 = CARTESIAN_POINT('',(0.383217828417,-2.734737904672));
#7639 = VECTOR('',#7640,1.);
#7640 = DIRECTION('',(0.,1.));
#7641 = ( GEOMETRIC_REPRESENTATION_CONTEXT(2) 
PARAMETRIC_REPRESENTATION_CONTEXT() REPRESENTATION_CONTEXT('2D SPACE',''
  ) );
#7642 = ORIENTED_EDGE('',*,*,#7643,.F.);
#7643 = EDGE_CURVE('',#7440,#7616,#7644,.T.);
#7644 = SURFACE_CURVE('',#7645,(#7650,#7657),.PCURVE_S1.);
#7645 = CIRCLE('',#7646,74.98);
#7646 = AXIS2_PLACEMENT_3D('',#7647,#7648,#7649);
#7647 = CARTESIAN_POINT('',(0.,0.,115.));
#7648 = DIRECTION('',(-0.,0.,1.));
#7649 = DIRECTION('',(0.579964561108,-0.814641705205,0.));
#7650 = PCURVE('',#7448,#7651);
#7651 = DEFINITIONAL_REPRESENTATION('',(#7652),#7656);
#7652 = CIRCLE('',#7653,74.98);
#7653 = AXIS2_PLACEMENT_2D('',#7654,#7655);
#7654 = CARTESIAN_POINT('',(0.,0.));
#7655 = DIRECTION('',(1.,-0.));
#7656 = ( GEOMETRIC_REPRESENTATION_CONTEXT(2) 
PARAMETRIC_REPRESENTATION_CONTEXT() REPRESENTATION_CONTEXT('2D SPACE',''
  ) );
#7657 = PCURVE('',#7546,#7658);
#7658 = DEFINITIONAL_REPRESENTATION('',(#7659),#7663);
#7659 = LINE('',#7660,#7661);
#7660 = CARTESIAN_POINT('',(-0.,0.));
#7661 = VECTOR('',#7662,1.);
#7662 = DIRECTION('',(-1.,0.));
#7663 = ( GEOMETRIC_REPRESENTATION_CONTEXT(2) 
PARAMETRIC_REPRESENTATION_CONTEXT() REPRESENTATION_CONTEXT('2D SPACE',''
  ) );
#7664 = ADVANCED_FACE('',(#7665),#7460,.F.);
#7665 = FACE_BOUND('',#7666,.F.);
#7666 = EDGE_LOOP('',(#7667,#7668,#7691,#7719));
#7667 = ORIENTED_EDGE('',*,*,#7437,.T.);
#7668 = ORIENTED_EDGE('',*,*,#7669,.T.);
#7669 = EDGE_CURVE('',#7440,#7670,#7672,.T.);
#7670 = VERTEX_POINT('',#7671);
#7671 = CARTESIAN_POINT('',(43.485742791884,-61.08183505624,113.5));
#7672 = SURFACE_CURVE('',#7673,(#7677,#7684),.PCURVE_S1.);
#7673 = LINE('',#7674,#7675);
#7674 = CARTESIAN_POINT('',(43.485742791884,-61.08183505624,115.));
#7675 = VECTOR('',#7676,1.);
#7676 = DIRECTION('',(0.,0.,-1.));
#7677 = PCURVE('',#7460,#7678);
#7678 = DEFINITIONAL_REPRESENTATION('',(#7679),#7683);
#7679 = LINE('',#7680,#7681);
#7680 = CARTESIAN_POINT('',(0.701240328309,2.845938128099));
#7681 = VECTOR('',#7682,1.);
#7682 = DIRECTION('',(-1.,0.));
#7683 = ( GEOMETRIC_REPRESENTATION_CONTEXT(2) 
PARAMETRIC_REPRESENTATION_CONTEXT() REPRESENTATION_CONTEXT('2D SPACE',''
  ) );
#7684 = PCURVE('',#7546,#7685);
#7685 = DEFINITIONAL_REPRESENTATION('',(#7686),#7690);
#7686 = LINE('',#7687,#7688);
#7687 = CARTESIAN_POINT('',(-0.,0.));
#7688 = VECTOR('',#7689,1.);
#7689 = DIRECTION('',(-0.,1.));
#7690 = ( GEOMETRIC_REPRESENTATION_CONTEXT(2) 
PARAMETRIC_REPRESENTATION_CONTEXT() REPRESENTATION_CONTEXT('2D SPACE',''
  ) );
#7691 = ORIENTED_EDGE('',*,*,#7692,.T.);
#7692 = EDGE_CURVE('',#7670,#7693,#7695,.T.);
#7693 = VERTEX_POINT('',#7694);
#7694 = CARTESIAN_POINT('',(40.875902266898,-57.41594738282,113.5));
#7695 = SURFACE_CURVE('',#7696,(#7700,#7707),.PCURVE_S1.);
#7696 = LINE('',#7697,#7698);
#7697 = CARTESIAN_POINT('',(43.485742791884,-61.08183505624,113.5));
#7698 = VECTOR('',#7699,1.);
#7699 = DIRECTION('',(-0.579964561108,0.814641705205,0.));
#7700 = PCURVE('',#7460,#7701);
#7701 = DEFINITIONAL_REPRESENTATION('',(#7702),#7706);
#7702 = LINE('',#7703,#7704);
#7703 = CARTESIAN_POINT('',(-0.798759671691,2.845938128099));
#7704 = VECTOR('',#7705,1.);
#7705 = DIRECTION('',(0.,-1.));
#7706 = ( GEOMETRIC_REPRESENTATION_CONTEXT(2) 
PARAMETRIC_REPRESENTATION_CONTEXT() REPRESENTATION_CONTEXT('2D SPACE',''
  ) );
#7707 = PCURVE('',#7708,#7713);
#7708 = PLANE('',#7709);
#7709 = AXIS2_PLACEMENT_3D('',#7710,#7711,#7712);
#7710 = CARTESIAN_POINT('',(0.,0.,113.5));
#7711 = DIRECTION('',(0.,0.,1.));
#7712 = DIRECTION('',(0.579964561108,-0.814641705205,0.));
#7713 = DEFINITIONAL_REPRESENTATION('',(#7714),#7718);
#7714 = LINE('',#7715,#7716);
#7715 = CARTESIAN_POINT('',(74.98,7.105427357601E-15));
#7716 = VECTOR('',#7717,1.);
#7717 = DIRECTION('',(-1.,0.));
#7718 = ( GEOMETRIC_REPRESENTATION_CONTEXT(2) 
PARAMETRIC_REPRESENTATION_CONTEXT() REPRESENTATION_CONTEXT('2D SPACE',''
  ) );
#7719 = ORIENTED_EDGE('',*,*,#7720,.T.);
#7720 = EDGE_CURVE('',#7693,#7438,#7721,.T.);
#7721 = SURFACE_CURVE('',#7722,(#7727,#7734),.PCURVE_S1.);
#7722 = CIRCLE('',#7723,1.5);
#7723 = AXIS2_PLACEMENT_3D('',#7724,#7725,#7726);
#7724 = CARTESIAN_POINT('',(40.875902266898,-57.41594738282,115.));
#7725 = DIRECTION('',(0.814641705205,0.579964561108,0.));
#7726 = DIRECTION('',(-1.098905615716E-14,1.543567322348E-14,-1.));
#7727 = PCURVE('',#7460,#7728);
#7728 = DEFINITIONAL_REPRESENTATION('',(#7729),#7733);
#7729 = CIRCLE('',#7730,1.5);
#7730 = AXIS2_PLACEMENT_2D('',#7731,#7732);
#7731 = CARTESIAN_POINT('',(0.701240328309,-1.654061871901));
#7732 = DIRECTION('',(-1.,-1.894780628694E-14));
#7733 = ( GEOMETRIC_REPRESENTATION_CONTEXT(2) 
PARAMETRIC_REPRESENTATION_CONTEXT() REPRESENTATION_CONTEXT('2D SPACE',''
  ) );
#7734 = PCURVE('',#7489,#7735);
#7735 = DEFINITIONAL_REPRESENTATION('',(#7736),#7740);
#7736 = LINE('',#7737,#7738);
#7737 = CARTESIAN_POINT('',(-0.,1.570796326795));
#7738 = VECTOR('',#7739,1.);
#7739 = DIRECTION('',(-0.,1.));
#7740 = ( GEOMETRIC_REPRESENTATION_CONTEXT(2) 
PARAMETRIC_REPRESENTATION_CONTEXT() REPRESENTATION_CONTEXT('2D SPACE',''
  ) );
#7741 = ADVANCED_FACE('',(#7742),#7546,.T.);
#7742 = FACE_BOUND('',#7743,.F.);
#7743 = EDGE_LOOP('',(#7744,#7745,#7746,#7769,#7798,#7819,#7820,#7843));
#7744 = ORIENTED_EDGE('',*,*,#7669,.F.);
#7745 = ORIENTED_EDGE('',*,*,#7643,.T.);
#7746 = ORIENTED_EDGE('',*,*,#7747,.T.);
#7747 = EDGE_CURVE('',#7616,#7748,#7750,.T.);
#7748 = VERTEX_POINT('',#7749);
#7749 = CARTESIAN_POINT('',(44.103343565294,-60.63740995756,114.2));
#7750 = SURFACE_CURVE('',#7751,(#7755,#7762),.PCURVE_S1.);
#7751 = LINE('',#7752,#7753);
#7752 = CARTESIAN_POINT('',(44.103343565294,-60.63740995756,115.));
#7753 = VECTOR('',#7754,1.);
#7754 = DIRECTION('',(0.,0.,-1.));
#7755 = PCURVE('',#7546,#7756);
#7756 = DEFINITIONAL_REPRESENTATION('',(#7757),#7761);
#7757 = LINE('',#7758,#7759);
#7758 = CARTESIAN_POINT('',(-1.014786894752E-02,0.));
#7759 = VECTOR('',#7760,1.);
#7760 = DIRECTION('',(-0.,1.));
#7761 = ( GEOMETRIC_REPRESENTATION_CONTEXT(2) 
PARAMETRIC_REPRESENTATION_CONTEXT() REPRESENTATION_CONTEXT('2D SPACE',''
  ) );
#7762 = PCURVE('',#7631,#7763);
#7763 = DEFINITIONAL_REPRESENTATION('',(#7764),#7768);
#7764 = LINE('',#7765,#7766);
#7765 = CARTESIAN_POINT('',(0.383217828417,2.565262095328));
#7766 = VECTOR('',#7767,1.);
#7767 = DIRECTION('',(-1.,0.));
#7768 = ( GEOMETRIC_REPRESENTATION_CONTEXT(2) 
PARAMETRIC_REPRESENTATION_CONTEXT() REPRESENTATION_CONTEXT('2D SPACE',''
  ) );
#7769 = ORIENTED_EDGE('',*,*,#7770,.T.);
#7770 = EDGE_CURVE('',#7748,#7771,#7773,.T.);
#7771 = VERTEX_POINT('',#7772);
#7772 = CARTESIAN_POINT('',(60.637409957564,-44.10334356529,114.2));
#7773 = SURFACE_CURVE('',#7774,(#7779,#7786),.PCURVE_S1.);
#7774 = CIRCLE('',#7775,74.98);
#7775 = AXIS2_PLACEMENT_3D('',#7776,#7777,#7778);
#7776 = CARTESIAN_POINT('',(0.,0.,114.2));
#7777 = DIRECTION('',(-0.,0.,1.));
#7778 = DIRECTION('',(0.588201434586,-0.808714456623,0.));
#7779 = PCURVE('',#7546,#7780);
#7780 = DEFINITIONAL_REPRESENTATION('',(#7781),#7785);
#7781 = LINE('',#7782,#7783);
#7782 = CARTESIAN_POINT('',(-1.014786894752E-02,0.8));
#7783 = VECTOR('',#7784,1.);
#7784 = DIRECTION('',(-1.,0.));
#7785 = ( GEOMETRIC_REPRESENTATION_CONTEXT(2) 
PARAMETRIC_REPRESENTATION_CONTEXT() REPRESENTATION_CONTEXT('2D SPACE',''
  ) );
#7786 = PCURVE('',#7787,#7792);
#7787 = PLANE('',#7788);
#7788 = AXIS2_PLACEMENT_3D('',#7789,#7790,#7791);
#7789 = CARTESIAN_POINT('',(0.,0.,114.2));
#7790 = DIRECTION('',(0.,0.,1.));
#7791 = DIRECTION('',(0.588201434586,-0.808714456623,0.));
#7792 = DEFINITIONAL_REPRESENTATION('',(#7793),#7797);
#7793 = CIRCLE('',#7794,74.98);
#7794 = AXIS2_PLACEMENT_2D('',#7795,#7796);
#7795 = CARTESIAN_POINT('',(0.,0.));
#7796 = DIRECTION('',(1.,0.));
#7797 = ( GEOMETRIC_REPRESENTATION_CONTEXT(2) 
PARAMETRIC_REPRESENTATION_CONTEXT() REPRESENTATION_CONTEXT('2D SPACE',''
  ) );
#7798 = ORIENTED_EDGE('',*,*,#7799,.F.);
#7799 = EDGE_CURVE('',#7530,#7771,#7800,.T.);
#7800 = SURFACE_CURVE('',#7801,(#7805,#7812),.PCURVE_S1.);
#7801 = LINE('',#7802,#7803);
#7802 = CARTESIAN_POINT('',(60.637409957564,-44.10334356529,115.));
#7803 = VECTOR('',#7804,1.);
#7804 = DIRECTION('',(0.,0.,-1.));
#7805 = PCURVE('',#7546,#7806);
#7806 = DEFINITIONAL_REPRESENTATION('',(#7807),#7811);
#7807 = LINE('',#7808,#7809);
#7808 = CARTESIAN_POINT('',(-0.323278082706,0.));
#7809 = VECTOR('',#7810,1.);
#7810 = DIRECTION('',(-0.,1.));
#7811 = ( GEOMETRIC_REPRESENTATION_CONTEXT(2) 
PARAMETRIC_REPRESENTATION_CONTEXT() REPRESENTATION_CONTEXT('2D SPACE',''
  ) );
#7812 = PCURVE('',#7574,#7813);
#7813 = DEFINITIONAL_REPRESENTATION('',(#7814),#7818);
#7814 = LINE('',#7815,#7816);
#7815 = CARTESIAN_POINT('',(0.383217828417,2.565262095328));
#7816 = VECTOR('',#7817,1.);
#7817 = DIRECTION('',(-1.,0.));
#7818 = ( GEOMETRIC_REPRESENTATION_CONTEXT(2) 
PARAMETRIC_REPRESENTATION_CONTEXT() REPRESENTATION_CONTEXT('2D SPACE',''
  ) );
#7819 = ORIENTED_EDGE('',*,*,#7529,.T.);
#7820 = ORIENTED_EDGE('',*,*,#7821,.T.);
#7821 = EDGE_CURVE('',#7502,#7822,#7824,.T.);
#7822 = VERTEX_POINT('',#7823);
#7823 = CARTESIAN_POINT('',(61.081835056243,-43.48574279188,113.5));
#7824 = SURFACE_CURVE('',#7825,(#7829,#7836),.PCURVE_S1.);
#7825 = LINE('',#7826,#7827);
#7826 = CARTESIAN_POINT('',(61.081835056243,-43.48574279188,115.));
#7827 = VECTOR('',#7828,1.);
#7828 = DIRECTION('',(0.,0.,-1.));
#7829 = PCURVE('',#7546,#7830);
#7830 = DEFINITIONAL_REPRESENTATION('',(#7831),#7835);
#7831 = LINE('',#7832,#7833);
#7832 = CARTESIAN_POINT('',(-0.333425951653,0.));
#7833 = VECTOR('',#7834,1.);
#7834 = DIRECTION('',(-0.,1.));
#7835 = ( GEOMETRIC_REPRESENTATION_CONTEXT(2) 
PARAMETRIC_REPRESENTATION_CONTEXT() REPRESENTATION_CONTEXT('2D SPACE',''
  ) );
#7836 = PCURVE('',#7517,#7837);
#7837 = DEFINITIONAL_REPRESENTATION('',(#7838),#7842);
#7838 = LINE('',#7839,#7840);
#7839 = CARTESIAN_POINT('',(0.701240328309,2.845938128099));
#7840 = VECTOR('',#7841,1.);
#7841 = DIRECTION('',(-1.,0.));
#7842 = ( GEOMETRIC_REPRESENTATION_CONTEXT(2) 
PARAMETRIC_REPRESENTATION_CONTEXT() REPRESENTATION_CONTEXT('2D SPACE',''
  ) );
#7843 = ORIENTED_EDGE('',*,*,#7844,.F.);
#7844 = EDGE_CURVE('',#7670,#7822,#7845,.T.);
#7845 = SURFACE_CURVE('',#7846,(#7851,#7858),.PCURVE_S1.);
#7846 = CIRCLE('',#7847,74.98);
#7847 = AXIS2_PLACEMENT_3D('',#7848,#7849,#7850);
#7848 = CARTESIAN_POINT('',(0.,0.,113.5));
#7849 = DIRECTION('',(-0.,0.,1.));
#7850 = DIRECTION('',(0.579964561108,-0.814641705205,0.));
#7851 = PCURVE('',#7546,#7852);
#7852 = DEFINITIONAL_REPRESENTATION('',(#7853),#7857);
#7853 = LINE('',#7854,#7855);
#7854 = CARTESIAN_POINT('',(-0.,1.5));
#7855 = VECTOR('',#7856,1.);
#7856 = DIRECTION('',(-1.,0.));
#7857 = ( GEOMETRIC_REPRESENTATION_CONTEXT(2) 
PARAMETRIC_REPRESENTATION_CONTEXT() REPRESENTATION_CONTEXT('2D SPACE',''
  ) );
#7858 = PCURVE('',#7708,#7859);
#7859 = DEFINITIONAL_REPRESENTATION('',(#7860),#7864);
#7860 = CIRCLE('',#7861,74.98);
#7861 = AXIS2_PLACEMENT_2D('',#7862,#7863);
#7862 = CARTESIAN_POINT('',(0.,0.));
#7863 = DIRECTION('',(1.,0.));
#7864 = ( GEOMETRIC_REPRESENTATION_CONTEXT(2) 
PARAMETRIC_REPRESENTATION_CONTEXT() REPRESENTATION_CONTEXT('2D SPACE',''
  ) );
#7865 = ADVANCED_FACE('',(#7866),#7631,.T.);
#7866 = FACE_BOUND('',#7867,.T.);
#7867 = EDGE_LOOP('',(#7868,#7869,#7870,#7893));
#7868 = ORIENTED_EDGE('',*,*,#7615,.T.);
#7869 = ORIENTED_EDGE('',*,*,#7747,.T.);
#7870 = ORIENTED_EDGE('',*,*,#7871,.T.);
#7871 = EDGE_CURVE('',#7748,#7872,#7874,.T.);
#7872 = VERTEX_POINT('',#7873);
#7873 = CARTESIAN_POINT('',(41.456437109655,-56.99819490276,114.2));
#7874 = SURFACE_CURVE('',#7875,(#7879,#7886),.PCURVE_S1.);
#7875 = LINE('',#7876,#7877);
#7876 = CARTESIAN_POINT('',(44.103343565294,-60.63740995756,114.2));
#7877 = VECTOR('',#7878,1.);
#7878 = DIRECTION('',(-0.588201434586,0.808714456623,0.));
#7879 = PCURVE('',#7631,#7880);
#7880 = DEFINITIONAL_REPRESENTATION('',(#7881),#7885);
#7881 = LINE('',#7882,#7883);
#7882 = CARTESIAN_POINT('',(-0.416782171583,2.565262095328));
#7883 = VECTOR('',#7884,1.);
#7884 = DIRECTION('',(0.,-1.));
#7885 = ( GEOMETRIC_REPRESENTATION_CONTEXT(2) 
PARAMETRIC_REPRESENTATION_CONTEXT() REPRESENTATION_CONTEXT('2D SPACE',''
  ) );
#7886 = PCURVE('',#7787,#7887);
#7887 = DEFINITIONAL_REPRESENTATION('',(#7888),#7892);
#7888 = LINE('',#7889,#7890);
#7889 = CARTESIAN_POINT('',(74.98,0.));
#7890 = VECTOR('',#7891,1.);
#7891 = DIRECTION('',(-1.,0.));
#7892 = ( GEOMETRIC_REPRESENTATION_CONTEXT(2) 
PARAMETRIC_REPRESENTATION_CONTEXT() REPRESENTATION_CONTEXT('2D SPACE',''
  ) );
#7893 = ORIENTED_EDGE('',*,*,#7894,.T.);
#7894 = EDGE_CURVE('',#7872,#7587,#7895,.T.);
#7895 = SURFACE_CURVE('',#7896,(#7901,#7908),.PCURVE_S1.);
#7896 = CIRCLE('',#7897,0.8);
#7897 = AXIS2_PLACEMENT_3D('',#7898,#7899,#7900);
#7898 = CARTESIAN_POINT('',(41.456437109655,-56.99819490276,115.));
#7899 = DIRECTION('',(0.808714456623,0.588201434586,0.));
#7900 = DIRECTION('',(0.,0.,-1.));
#7901 = PCURVE('',#7631,#7902);
#7902 = DEFINITIONAL_REPRESENTATION('',(#7903),#7907);
#7903 = CIRCLE('',#7904,0.8);
#7904 = AXIS2_PLACEMENT_2D('',#7905,#7906);
#7905 = CARTESIAN_POINT('',(0.383217828417,-1.934737904672));
#7906 = DIRECTION('',(-1.,0.));
#7907 = ( GEOMETRIC_REPRESENTATION_CONTEXT(2) 
PARAMETRIC_REPRESENTATION_CONTEXT() REPRESENTATION_CONTEXT('2D SPACE',''
  ) );
#7908 = PCURVE('',#7603,#7909);
#7909 = DEFINITIONAL_REPRESENTATION('',(#7910),#7914);
#7910 = LINE('',#7911,#7912);
#7911 = CARTESIAN_POINT('',(-0.,1.570796326795));
#7912 = VECTOR('',#7913,1.);
#7913 = DIRECTION('',(-0.,1.));
#7914 = ( GEOMETRIC_REPRESENTATION_CONTEXT(2) 
PARAMETRIC_REPRESENTATION_CONTEXT() REPRESENTATION_CONTEXT('2D SPACE',''
  ) );
#7915 = ADVANCED_FACE('',(#7916),#7603,.F.);
#7916 = FACE_BOUND('',#7917,.T.);
#7917 = EDGE_LOOP('',(#7918,#7942,#7964,#7965));
#7918 = ORIENTED_EDGE('',*,*,#7919,.T.);
#7919 = EDGE_CURVE('',#7872,#7920,#7922,.T.);
#7920 = VERTEX_POINT('',#7921);
#7921 = CARTESIAN_POINT('',(56.998194902762,-41.45643710965,114.2));
#7922 = SURFACE_CURVE('',#7923,(#7928,#7935),.PCURVE_S1.);
#7923 = CIRCLE('',#7924,70.48);
#7924 = AXIS2_PLACEMENT_3D('',#7925,#7926,#7927);
#7925 = CARTESIAN_POINT('',(0.,0.,114.2));
#7926 = DIRECTION('',(-0.,0.,1.));
#7927 = DIRECTION('',(0.588201434586,-0.808714456623,0.));
#7928 = PCURVE('',#7603,#7929);
#7929 = DEFINITIONAL_REPRESENTATION('',(#7930),#7934);
#7930 = LINE('',#7931,#7932);
#7931 = CARTESIAN_POINT('',(-0.,1.570796326795));
#7932 = VECTOR('',#7933,1.);
#7933 = DIRECTION('',(-1.,0.));
#7934 = ( GEOMETRIC_REPRESENTATION_CONTEXT(2) 
PARAMETRIC_REPRESENTATION_CONTEXT() REPRESENTATION_CONTEXT('2D SPACE',''
  ) );
#7935 = PCURVE('',#7787,#7936);
#7936 = DEFINITIONAL_REPRESENTATION('',(#7937),#7941);
#7937 = CIRCLE('',#7938,70.48);
#7938 = AXIS2_PLACEMENT_2D('',#7939,#7940);
#7939 = CARTESIAN_POINT('',(0.,0.));
#7940 = DIRECTION('',(1.,0.));
#7941 = ( GEOMETRIC_REPRESENTATION_CONTEXT(2) 
PARAMETRIC_REPRESENTATION_CONTEXT() REPRESENTATION_CONTEXT('2D SPACE',''
  ) );
#7942 = ORIENTED_EDGE('',*,*,#7943,.T.);
#7943 = EDGE_CURVE('',#7920,#7559,#7944,.T.);
#7944 = SURFACE_CURVE('',#7945,(#7950,#7957),.PCURVE_S1.);
#7945 = CIRCLE('',#7946,0.8);
#7946 = AXIS2_PLACEMENT_3D('',#7947,#7948,#7949);
#7947 = CARTESIAN_POINT('',(56.998194902762,-41.45643710965,115.));
#7948 = DIRECTION('',(0.588201434586,0.808714456623,0.));
#7949 = DIRECTION('',(0.,0.,-1.));
#7950 = PCURVE('',#7603,#7951);
#7951 = DEFINITIONAL_REPRESENTATION('',(#7952),#7956);
#7952 = LINE('',#7953,#7954);
#7953 = CARTESIAN_POINT('',(-0.313130213758,1.570796326795));
#7954 = VECTOR('',#7955,1.);
#7955 = DIRECTION('',(-0.,1.));
#7956 = ( GEOMETRIC_REPRESENTATION_CONTEXT(2) 
PARAMETRIC_REPRESENTATION_CONTEXT() REPRESENTATION_CONTEXT('2D SPACE',''
  ) );
#7957 = PCURVE('',#7574,#7958);
#7958 = DEFINITIONAL_REPRESENTATION('',(#7959),#7963);
#7959 = CIRCLE('',#7960,0.8);
#7960 = AXIS2_PLACEMENT_2D('',#7961,#7962);
#7961 = CARTESIAN_POINT('',(0.383217828417,-1.934737904672));
#7962 = DIRECTION('',(-1.,0.));
#7963 = ( GEOMETRIC_REPRESENTATION_CONTEXT(2) 
PARAMETRIC_REPRESENTATION_CONTEXT() REPRESENTATION_CONTEXT('2D SPACE',''
  ) );
#7964 = ORIENTED_EDGE('',*,*,#7586,.F.);
#7965 = ORIENTED_EDGE('',*,*,#7894,.F.);
#7966 = ADVANCED_FACE('',(#7967),#7574,.F.);
#7967 = FACE_BOUND('',#7968,.F.);
#7968 = EDGE_LOOP('',(#7969,#7970,#7971,#7992));
#7969 = ORIENTED_EDGE('',*,*,#7558,.T.);
#7970 = ORIENTED_EDGE('',*,*,#7799,.T.);
#7971 = ORIENTED_EDGE('',*,*,#7972,.T.);
#7972 = EDGE_CURVE('',#7771,#7920,#7973,.T.);
#7973 = SURFACE_CURVE('',#7974,(#7978,#7985),.PCURVE_S1.);
#7974 = LINE('',#7975,#7976);
#7975 = CARTESIAN_POINT('',(60.637409957564,-44.10334356529,114.2));
#7976 = VECTOR('',#7977,1.);
#7977 = DIRECTION('',(-0.808714456623,0.588201434586,0.));
#7978 = PCURVE('',#7574,#7979);
#7979 = DEFINITIONAL_REPRESENTATION('',(#7980),#7984);
#7980 = LINE('',#7981,#7982);
#7981 = CARTESIAN_POINT('',(-0.416782171583,2.565262095328));
#7982 = VECTOR('',#7983,1.);
#7983 = DIRECTION('',(0.,-1.));
#7984 = ( GEOMETRIC_REPRESENTATION_CONTEXT(2) 
PARAMETRIC_REPRESENTATION_CONTEXT() REPRESENTATION_CONTEXT('2D SPACE',''
  ) );
#7985 = PCURVE('',#7787,#7986);
#7986 = DEFINITIONAL_REPRESENTATION('',(#7987),#7991);
#7987 = LINE('',#7988,#7989);
#7988 = CARTESIAN_POINT('',(71.334023053294,23.096700089668));
#7989 = VECTOR('',#7990,1.);
#7990 = DIRECTION('',(-0.951374007112,-0.308038144701));
#7991 = ( GEOMETRIC_REPRESENTATION_CONTEXT(2) 
PARAMETRIC_REPRESENTATION_CONTEXT() REPRESENTATION_CONTEXT('2D SPACE',''
  ) );
#7992 = ORIENTED_EDGE('',*,*,#7943,.T.);
#7993 = ADVANCED_FACE('',(#7994),#7517,.T.);
#7994 = FACE_BOUND('',#7995,.T.);
#7995 = EDGE_LOOP('',(#7996,#7997,#7998,#8021));
#7996 = ORIENTED_EDGE('',*,*,#7501,.T.);
#7997 = ORIENTED_EDGE('',*,*,#7821,.T.);
#7998 = ORIENTED_EDGE('',*,*,#7999,.T.);
#7999 = EDGE_CURVE('',#7822,#8000,#8002,.T.);
#8000 = VERTEX_POINT('',#8001);
#8001 = CARTESIAN_POINT('',(57.415947382822,-40.87590226689,113.5));
#8002 = SURFACE_CURVE('',#8003,(#8007,#8014),.PCURVE_S1.);
#8003 = LINE('',#8004,#8005);
#8004 = CARTESIAN_POINT('',(61.081835056243,-43.48574279188,113.5));
#8005 = VECTOR('',#8006,1.);
#8006 = DIRECTION('',(-0.814641705205,0.579964561108,0.));
#8007 = PCURVE('',#7517,#8008);
#8008 = DEFINITIONAL_REPRESENTATION('',(#8009),#8013);
#8009 = LINE('',#8010,#8011);
#8010 = CARTESIAN_POINT('',(-0.798759671691,2.845938128099));
#8011 = VECTOR('',#8012,1.);
#8012 = DIRECTION('',(0.,-1.));
#8013 = ( GEOMETRIC_REPRESENTATION_CONTEXT(2) 
PARAMETRIC_REPRESENTATION_CONTEXT() REPRESENTATION_CONTEXT('2D SPACE',''
  ) );
#8014 = PCURVE('',#7708,#8015);
#8015 = DEFINITIONAL_REPRESENTATION('',(#8016),#8020);
#8016 = LINE('',#8017,#8018);
#8017 = CARTESIAN_POINT('',(70.850599320141,24.539620534492));
#8018 = VECTOR('',#8019,1.);
#8019 = DIRECTION('',(-0.944926638039,-0.327282215717));
#8020 = ( GEOMETRIC_REPRESENTATION_CONTEXT(2) 
PARAMETRIC_REPRESENTATION_CONTEXT() REPRESENTATION_CONTEXT('2D SPACE',''
  ) );
#8021 = ORIENTED_EDGE('',*,*,#8022,.T.);
#8022 = EDGE_CURVE('',#8000,#7473,#8023,.T.);
#8023 = SURFACE_CURVE('',#8024,(#8029,#8036),.PCURVE_S1.);
#8024 = CIRCLE('',#8025,1.5);
#8025 = AXIS2_PLACEMENT_3D('',#8026,#8027,#8028);
#8026 = CARTESIAN_POINT('',(57.415947382822,-40.87590226689,115.));
#8027 = DIRECTION('',(0.579964561108,0.814641705205,1.577721810442E-30)
  );
#8028 = DIRECTION('',(-1.543567322348E-14,1.098905615716E-14,-1.));
#8029 = PCURVE('',#7517,#8030);
#8030 = DEFINITIONAL_REPRESENTATION('',(#8031),#8035);
#8031 = CIRCLE('',#8032,1.5);
#8032 = AXIS2_PLACEMENT_2D('',#8033,#8034);
#8033 = CARTESIAN_POINT('',(0.701240328309,-1.654061871901));
#8034 = DIRECTION('',(-1.,-1.894780628694E-14));
#8035 = ( GEOMETRIC_REPRESENTATION_CONTEXT(2) 
PARAMETRIC_REPRESENTATION_CONTEXT() REPRESENTATION_CONTEXT('2D SPACE',''
  ) );
#8036 = PCURVE('',#7489,#8037);
#8037 = DEFINITIONAL_REPRESENTATION('',(#8038),#8042);
#8038 = LINE('',#8039,#8040);
#8039 = CARTESIAN_POINT('',(-0.333425951653,1.570796326795));
#8040 = VECTOR('',#8041,1.);
#8041 = DIRECTION('',(-0.,1.));
#8042 = ( GEOMETRIC_REPRESENTATION_CONTEXT(2) 
PARAMETRIC_REPRESENTATION_CONTEXT() REPRESENTATION_CONTEXT('2D SPACE',''
  ) );
#8043 = ADVANCED_FACE('',(#8044),#7489,.T.);
#8044 = FACE_BOUND('',#8045,.F.);
#8045 = EDGE_LOOP('',(#8046,#8068,#8069,#8070));
#8046 = ORIENTED_EDGE('',*,*,#8047,.T.);
#8047 = EDGE_CURVE('',#7693,#8000,#8048,.T.);
#8048 = SURFACE_CURVE('',#8049,(#8054,#8061),.PCURVE_S1.);
#8049 = CIRCLE('',#8050,70.48);
#8050 = AXIS2_PLACEMENT_3D('',#8051,#8052,#8053);
#8051 = CARTESIAN_POINT('',(0.,0.,113.5));
#8052 = DIRECTION('',(-0.,0.,1.));
#8053 = DIRECTION('',(0.579964561108,-0.814641705205,0.));
#8054 = PCURVE('',#7489,#8055);
#8055 = DEFINITIONAL_REPRESENTATION('',(#8056),#8060);
#8056 = LINE('',#8057,#8058);
#8057 = CARTESIAN_POINT('',(-0.,1.570796326795));
#8058 = VECTOR('',#8059,1.);
#8059 = DIRECTION('',(-1.,0.));
#8060 = ( GEOMETRIC_REPRESENTATION_CONTEXT(2) 
PARAMETRIC_REPRESENTATION_CONTEXT() REPRESENTATION_CONTEXT('2D SPACE',''
  ) );
#8061 = PCURVE('',#7708,#8062);
#8062 = DEFINITIONAL_REPRESENTATION('',(#8063),#8067);
#8063 = CIRCLE('',#8064,70.48);
#8064 = AXIS2_PLACEMENT_2D('',#8065,#8066);
#8065 = CARTESIAN_POINT('',(0.,0.));
#8066 = DIRECTION('',(1.,0.));
#8067 = ( GEOMETRIC_REPRESENTATION_CONTEXT(2) 
PARAMETRIC_REPRESENTATION_CONTEXT() REPRESENTATION_CONTEXT('2D SPACE',''
  ) );
#8068 = ORIENTED_EDGE('',*,*,#8022,.T.);
#8069 = ORIENTED_EDGE('',*,*,#7472,.F.);
#8070 = ORIENTED_EDGE('',*,*,#7720,.F.);
#8071 = ADVANCED_FACE('',(#8072),#7708,.F.);
#8072 = FACE_BOUND('',#8073,.F.);
#8073 = EDGE_LOOP('',(#8074,#8075,#8076,#8077));
#8074 = ORIENTED_EDGE('',*,*,#7844,.T.);
#8075 = ORIENTED_EDGE('',*,*,#7999,.T.);
#8076 = ORIENTED_EDGE('',*,*,#8047,.F.);
#8077 = ORIENTED_EDGE('',*,*,#7692,.F.);
#8078 = ADVANCED_FACE('',(#8079),#7787,.T.);
#8079 = FACE_BOUND('',#8080,.T.);
#8080 = EDGE_LOOP('',(#8081,#8082,#8083,#8084));
#8081 = ORIENTED_EDGE('',*,*,#7770,.T.);
#8082 = ORIENTED_EDGE('',*,*,#7972,.T.);
#8083 = ORIENTED_EDGE('',*,*,#7919,.F.);
#8084 = ORIENTED_EDGE('',*,*,#7871,.F.);
#8085 = ( GEOMETRIC_REPRESENTATION_CONTEXT(3) 
GLOBAL_UNCERTAINTY_ASSIGNED_CONTEXT((#8089)) 
GLOBAL_UNIT_ASSIGNED_CONTEXT((#8086,#8087,#8088)) REPRESENTATION_CONTEXT
('Context #1','3D Context with UNIT and UNCERTAINTY') );
#8086 = ( LENGTH_UNIT() NAMED_UNIT(*) SI_UNIT(.MILLI.,.METRE.) );
#8087 = ( NAMED_UNIT(*) PLANE_ANGLE_UNIT() SI_UNIT($,.RADIAN.) );
#8088 = ( NAMED_UNIT(*) SI_UNIT($,.STERADIAN.) SOLID_ANGLE_UNIT() );
#8089 = UNCERTAINTY_MEASURE_WITH_UNIT(LENGTH_MEASURE(1.E-07),#8086,
  'distance_accuracy_value','confusion accuracy');
#8090 = PRODUCT_RELATED_PRODUCT_CATEGORY('part',$,(#7427));
#8091 = SHAPE_DEFINITION_REPRESENTATION(#8092,#8098);
#8092 = PRODUCT_DEFINITION_SHAPE('','',#8093);
#8093 = PRODUCT_DEFINITION('design','',#8094,#8097);
#8094 = PRODUCT_DEFINITION_FORMATION('','',#8095);
#8095 = PRODUCT('Open CASCADE STEP translator 7.8 13',
  'Open CASCADE STEP translator 7.8 13','',(#8096));
#8096 = PRODUCT_CONTEXT('',#2,'mechanical');
#8097 = PRODUCT_DEFINITION_CONTEXT('part definition',#2,'design');
#8098 = ADVANCED_BREP_SHAPE_REPRESENTATION('',(#11,#8099),#8435);
#8099 = MANIFOLD_SOLID_BREP('',#8100);
#8100 = CLOSED_SHELL('',(#8101,#8223,#8300,#8372,#8421,#8428));
#8101 = ADVANCED_FACE('',(#8102),#8117,.T.);
#8102 = FACE_BOUND('',#8103,.F.);
#8103 = EDGE_LOOP('',(#8104,#8140,#8168,#8197));
#8104 = ORIENTED_EDGE('',*,*,#8105,.T.);
#8105 = EDGE_CURVE('',#8106,#8108,#8110,.T.);
#8106 = VERTEX_POINT('',#8107);
#8107 = CARTESIAN_POINT('',(68.827722975669,-10.86494132448,115.));
#8108 = VERTEX_POINT('',#8109);
#8109 = CARTESIAN_POINT('',(68.827722975669,10.864941324487,115.));
#8110 = SURFACE_CURVE('',#8111,(#8116,#8128),.PCURVE_S1.);
#8111 = CIRCLE('',#8112,69.68);
#8112 = AXIS2_PLACEMENT_3D('',#8113,#8114,#8115);
#8113 = CARTESIAN_POINT('',(0.,0.,115.));
#8114 = DIRECTION('',(-0.,0.,1.));
#8115 = DIRECTION('',(0.987768699421,-0.155926253222,0.));
#8116 = PCURVE('',#8117,#8122);
#8117 = PLANE('',#8118);
#8118 = AXIS2_PLACEMENT_3D('',#8119,#8120,#8121);
#8119 = CARTESIAN_POINT('',(0.,0.,115.));
#8120 = DIRECTION('',(0.,0.,1.));
#8121 = DIRECTION('',(0.987768699421,-0.155926253222,-0.));
#8122 = DEFINITIONAL_REPRESENTATION('',(#8123),#8127);
#8123 = CIRCLE('',#8124,69.68);
#8124 = AXIS2_PLACEMENT_2D('',#8125,#8126);
#8125 = CARTESIAN_POINT('',(0.,0.));
#8126 = DIRECTION('',(1.,-0.));
#8127 = ( GEOMETRIC_REPRESENTATION_CONTEXT(2) 
PARAMETRIC_REPRESENTATION_CONTEXT() REPRESENTATION_CONTEXT('2D SPACE',''
  ) );
#8128 = PCURVE('',#8129,#8134);
#8129 = TOROIDAL_SURFACE('',#8130,70.48,0.8);
#8130 = AXIS2_PLACEMENT_3D('',#8131,#8132,#8133);
#8131 = CARTESIAN_POINT('',(0.,0.,115.));
#8132 = DIRECTION('',(-0.,0.,-1.));
#8133 = DIRECTION('',(0.987768699421,-0.155926253222,0.));
#8134 = DEFINITIONAL_REPRESENTATION('',(#8135),#8139);
#8135 = LINE('',#8136,#8137);
#8136 = CARTESIAN_POINT('',(-0.,3.14159265359));
#8137 = VECTOR('',#8138,1.);
#8138 = DIRECTION('',(-1.,0.));
#8139 = ( GEOMETRIC_REPRESENTATION_CONTEXT(2) 
PARAMETRIC_REPRESENTATION_CONTEXT() REPRESENTATION_CONTEXT('2D SPACE',''
  ) );
#8140 = ORIENTED_EDGE('',*,*,#8141,.T.);
#8141 = EDGE_CURVE('',#8108,#8142,#8144,.T.);
#8142 = VERTEX_POINT('',#8143);
#8143 = CARTESIAN_POINT('',(74.062897082601,11.691350466562,115.));
#8144 = SURFACE_CURVE('',#8145,(#8149,#8156),.PCURVE_S1.);
#8145 = LINE('',#8146,#8147);
#8146 = CARTESIAN_POINT('',(68.827722975669,10.864941324487,115.));
#8147 = VECTOR('',#8148,1.);
#8148 = DIRECTION('',(0.987768699421,0.155926253222,0.));
#8149 = PCURVE('',#8117,#8150);
#8150 = DEFINITIONAL_REPRESENTATION('',(#8151),#8155);
#8151 = LINE('',#8152,#8153);
#8152 = CARTESIAN_POINT('',(66.291740815598,21.464097922753));
#8153 = VECTOR('',#8154,1.);
#8154 = DIRECTION('',(0.951374007112,0.308038144701));
#8155 = ( GEOMETRIC_REPRESENTATION_CONTEXT(2) 
PARAMETRIC_REPRESENTATION_CONTEXT() REPRESENTATION_CONTEXT('2D SPACE',''
  ) );
#8156 = PCURVE('',#8157,#8162);
#8157 = PLANE('',#8158);
#8158 = AXIS2_PLACEMENT_3D('',#8159,#8160,#8161);
#8159 = CARTESIAN_POINT('',(71.529011479025,11.291358759506,
    114.61678217158));
#8160 = DIRECTION('',(-0.155926253222,0.987768699421,0.));
#8161 = DIRECTION('',(0.,0.,1.));
#8162 = DEFINITIONAL_REPRESENTATION('',(#8163),#8167);
#8163 = LINE('',#8164,#8165);
#8164 = CARTESIAN_POINT('',(0.383217828417,-2.734737904672));
#8165 = VECTOR('',#8166,1.);
#8166 = DIRECTION('',(0.,1.));
#8167 = ( GEOMETRIC_REPRESENTATION_CONTEXT(2) 
PARAMETRIC_REPRESENTATION_CONTEXT() REPRESENTATION_CONTEXT('2D SPACE',''
  ) );
#8168 = ORIENTED_EDGE('',*,*,#8169,.F.);
#8169 = EDGE_CURVE('',#8170,#8142,#8172,.T.);
#8170 = VERTEX_POINT('',#8171);
#8171 = CARTESIAN_POINT('',(74.062897082601,-11.69135046656,115.));
#8172 = SURFACE_CURVE('',#8173,(#8178,#8185),.PCURVE_S1.);
#8173 = CIRCLE('',#8174,74.98);
#8174 = AXIS2_PLACEMENT_3D('',#8175,#8176,#8177);
#8175 = CARTESIAN_POINT('',(0.,0.,115.));
#8176 = DIRECTION('',(-0.,0.,1.));
#8177 = DIRECTION('',(0.987768699421,-0.155926253222,0.));
#8178 = PCURVE('',#8117,#8179);
#8179 = DEFINITIONAL_REPRESENTATION('',(#8180),#8184);
#8180 = CIRCLE('',#8181,74.98);
#8181 = AXIS2_PLACEMENT_2D('',#8182,#8183);
#8182 = CARTESIAN_POINT('',(0.,0.));
#8183 = DIRECTION('',(1.,-0.));
#8184 = ( GEOMETRIC_REPRESENTATION_CONTEXT(2) 
PARAMETRIC_REPRESENTATION_CONTEXT() REPRESENTATION_CONTEXT('2D SPACE',''
  ) );
#8185 = PCURVE('',#8186,#8191);
#8186 = CYLINDRICAL_SURFACE('',#8187,74.98);
#8187 = AXIS2_PLACEMENT_3D('',#8188,#8189,#8190);
#8188 = CARTESIAN_POINT('',(0.,0.,115.));
#8189 = DIRECTION('',(-0.,0.,-1.));
#8190 = DIRECTION('',(0.987768699421,-0.155926253222,0.));
#8191 = DEFINITIONAL_REPRESENTATION('',(#8192),#8196);
#8192 = LINE('',#8193,#8194);
#8193 = CARTESIAN_POINT('',(-0.,0.));
#8194 = VECTOR('',#8195,1.);
#8195 = DIRECTION('',(-1.,0.));
#8196 = ( GEOMETRIC_REPRESENTATION_CONTEXT(2) 
PARAMETRIC_REPRESENTATION_CONTEXT() REPRESENTATION_CONTEXT('2D SPACE',''
  ) );
#8197 = ORIENTED_EDGE('',*,*,#8198,.F.);
#8198 = EDGE_CURVE('',#8106,#8170,#8199,.T.);
#8199 = SURFACE_CURVE('',#8200,(#8204,#8211),.PCURVE_S1.);
#8200 = LINE('',#8201,#8202);
#8201 = CARTESIAN_POINT('',(68.827722975669,-10.86494132448,115.));
#8202 = VECTOR('',#8203,1.);
#8203 = DIRECTION('',(0.987768699421,-0.155926253222,0.));
#8204 = PCURVE('',#8117,#8205);
#8205 = DEFINITIONAL_REPRESENTATION('',(#8206),#8210);
#8206 = LINE('',#8207,#8208);
#8207 = CARTESIAN_POINT('',(69.68,-0.));
#8208 = VECTOR('',#8209,1.);
#8209 = DIRECTION('',(1.,-0.));
#8210 = ( GEOMETRIC_REPRESENTATION_CONTEXT(2) 
PARAMETRIC_REPRESENTATION_CONTEXT() REPRESENTATION_CONTEXT('2D SPACE',''
  ) );
#8211 = PCURVE('',#8212,#8217);
#8212 = PLANE('',#8213);
#8213 = AXIS2_PLACEMENT_3D('',#8214,#8215,#8216);
#8214 = CARTESIAN_POINT('',(71.529011479025,-11.2913587595,
    114.61678217158));
#8215 = DIRECTION('',(0.155926253222,0.987768699421,0.));
#8216 = DIRECTION('',(0.,0.,1.));
#8217 = DEFINITIONAL_REPRESENTATION('',(#8218),#8222);
#8218 = LINE('',#8219,#8220);
#8219 = CARTESIAN_POINT('',(0.383217828417,-2.734737904672));
#8220 = VECTOR('',#8221,1.);
#8221 = DIRECTION('',(0.,1.));
#8222 = ( GEOMETRIC_REPRESENTATION_CONTEXT(2) 
PARAMETRIC_REPRESENTATION_CONTEXT() REPRESENTATION_CONTEXT('2D SPACE',''
  ) );
#8223 = ADVANCED_FACE('',(#8224),#8186,.T.);
#8224 = FACE_BOUND('',#8225,.F.);
#8225 = EDGE_LOOP('',(#8226,#8227,#8250,#8279));
#8226 = ORIENTED_EDGE('',*,*,#8169,.T.);
#8227 = ORIENTED_EDGE('',*,*,#8228,.T.);
#8228 = EDGE_CURVE('',#8142,#8229,#8231,.T.);
#8229 = VERTEX_POINT('',#8230);
#8230 = CARTESIAN_POINT('',(74.062897082601,11.691350466562,114.2));
#8231 = SURFACE_CURVE('',#8232,(#8236,#8243),.PCURVE_S1.);
#8232 = LINE('',#8233,#8234);
#8233 = CARTESIAN_POINT('',(74.062897082601,11.691350466562,115.));
#8234 = VECTOR('',#8235,1.);
#8235 = DIRECTION('',(0.,0.,-1.));
#8236 = PCURVE('',#8186,#8237);
#8237 = DEFINITIONAL_REPRESENTATION('',(#8238),#8242);
#8238 = LINE('',#8239,#8240);
#8239 = CARTESIAN_POINT('',(-0.313130213758,0.));
#8240 = VECTOR('',#8241,1.);
#8241 = DIRECTION('',(-0.,1.));
#8242 = ( GEOMETRIC_REPRESENTATION_CONTEXT(2) 
PARAMETRIC_REPRESENTATION_CONTEXT() REPRESENTATION_CONTEXT('2D SPACE',''
  ) );
#8243 = PCURVE('',#8157,#8244);
#8244 = DEFINITIONAL_REPRESENTATION('',(#8245),#8249);
#8245 = LINE('',#8246,#8247);
#8246 = CARTESIAN_POINT('',(0.383217828417,2.565262095328));
#8247 = VECTOR('',#8248,1.);
#8248 = DIRECTION('',(-1.,0.));
#8249 = ( GEOMETRIC_REPRESENTATION_CONTEXT(2) 
PARAMETRIC_REPRESENTATION_CONTEXT() REPRESENTATION_CONTEXT('2D SPACE',''
  ) );
#8250 = ORIENTED_EDGE('',*,*,#8251,.F.);
#8251 = EDGE_CURVE('',#8252,#8229,#8254,.T.);
#8252 = VERTEX_POINT('',#8253);
#8253 = CARTESIAN_POINT('',(74.062897082601,-11.69135046656,114.2));
#8254 = SURFACE_CURVE('',#8255,(#8260,#8267),.PCURVE_S1.);
#8255 = CIRCLE('',#8256,74.98);
#8256 = AXIS2_PLACEMENT_3D('',#8257,#8258,#8259);
#8257 = CARTESIAN_POINT('',(0.,0.,114.2));
#8258 = DIRECTION('',(-0.,0.,1.));
#8259 = DIRECTION('',(0.987768699421,-0.155926253222,0.));
#8260 = PCURVE('',#8186,#8261);
#8261 = DEFINITIONAL_REPRESENTATION('',(#8262),#8266);
#8262 = LINE('',#8263,#8264);
#8263 = CARTESIAN_POINT('',(-0.,0.8));
#8264 = VECTOR('',#8265,1.);
#8265 = DIRECTION('',(-1.,0.));
#8266 = ( GEOMETRIC_REPRESENTATION_CONTEXT(2) 
PARAMETRIC_REPRESENTATION_CONTEXT() REPRESENTATION_CONTEXT('2D SPACE',''
  ) );
#8267 = PCURVE('',#8268,#8273);
#8268 = PLANE('',#8269);
#8269 = AXIS2_PLACEMENT_3D('',#8270,#8271,#8272);
#8270 = CARTESIAN_POINT('',(0.,0.,114.2));
#8271 = DIRECTION('',(0.,0.,1.));
#8272 = DIRECTION('',(0.987768699421,-0.155926253222,0.));
#8273 = DEFINITIONAL_REPRESENTATION('',(#8274),#8278);
#8274 = CIRCLE('',#8275,74.98);
#8275 = AXIS2_PLACEMENT_2D('',#8276,#8277);
#8276 = CARTESIAN_POINT('',(0.,0.));
#8277 = DIRECTION('',(1.,0.));
#8278 = ( GEOMETRIC_REPRESENTATION_CONTEXT(2) 
PARAMETRIC_REPRESENTATION_CONTEXT() REPRESENTATION_CONTEXT('2D SPACE',''
  ) );
#8279 = ORIENTED_EDGE('',*,*,#8280,.F.);
#8280 = EDGE_CURVE('',#8170,#8252,#8281,.T.);
#8281 = SURFACE_CURVE('',#8282,(#8286,#8293),.PCURVE_S1.);
#8282 = LINE('',#8283,#8284);
#8283 = CARTESIAN_POINT('',(74.062897082601,-11.69135046656,115.));
#8284 = VECTOR('',#8285,1.);
#8285 = DIRECTION('',(0.,0.,-1.));
#8286 = PCURVE('',#8186,#8287);
#8287 = DEFINITIONAL_REPRESENTATION('',(#8288),#8292);
#8288 = LINE('',#8289,#8290);
#8289 = CARTESIAN_POINT('',(-0.,0.));
#8290 = VECTOR('',#8291,1.);
#8291 = DIRECTION('',(-0.,1.));
#8292 = ( GEOMETRIC_REPRESENTATION_CONTEXT(2) 
PARAMETRIC_REPRESENTATION_CONTEXT() REPRESENTATION_CONTEXT('2D SPACE',''
  ) );
#8293 = PCURVE('',#8212,#8294);
#8294 = DEFINITIONAL_REPRESENTATION('',(#8295),#8299);
#8295 = LINE('',#8296,#8297);
#8296 = CARTESIAN_POINT('',(0.383217828417,2.565262095328));
#8297 = VECTOR('',#8298,1.);
#8298 = DIRECTION('',(-1.,0.));
#8299 = ( GEOMETRIC_REPRESENTATION_CONTEXT(2) 
PARAMETRIC_REPRESENTATION_CONTEXT() REPRESENTATION_CONTEXT('2D SPACE',''
  ) );
#8300 = ADVANCED_FACE('',(#8301),#8268,.F.);
#8301 = FACE_BOUND('',#8302,.F.);
#8302 = EDGE_LOOP('',(#8303,#8304,#8327,#8351));
#8303 = ORIENTED_EDGE('',*,*,#8251,.T.);
#8304 = ORIENTED_EDGE('',*,*,#8305,.T.);
#8305 = EDGE_CURVE('',#8229,#8306,#8308,.T.);
#8306 = VERTEX_POINT('',#8307);
#8307 = CARTESIAN_POINT('',(69.617937935206,10.989682327065,114.2));
#8308 = SURFACE_CURVE('',#8309,(#8313,#8320),.PCURVE_S1.);
#8309 = LINE('',#8310,#8311);
#8310 = CARTESIAN_POINT('',(74.062897082601,11.691350466562,114.2));
#8311 = VECTOR('',#8312,1.);
#8312 = DIRECTION('',(-0.987768699421,-0.155926253222,0.));
#8313 = PCURVE('',#8268,#8314);
#8314 = DEFINITIONAL_REPRESENTATION('',(#8315),#8319);
#8315 = LINE('',#8316,#8317);
#8316 = CARTESIAN_POINT('',(71.334023053295,23.096700089668));
#8317 = VECTOR('',#8318,1.);
#8318 = DIRECTION('',(-0.951374007112,-0.308038144701));
#8319 = ( GEOMETRIC_REPRESENTATION_CONTEXT(2) 
PARAMETRIC_REPRESENTATION_CONTEXT() REPRESENTATION_CONTEXT('2D SPACE',''
  ) );
#8320 = PCURVE('',#8157,#8321);
#8321 = DEFINITIONAL_REPRESENTATION('',(#8322),#8326);
#8322 = LINE('',#8323,#8324);
#8323 = CARTESIAN_POINT('',(-0.416782171583,2.565262095328));
#8324 = VECTOR('',#8325,1.);
#8325 = DIRECTION('',(0.,-1.));
#8326 = ( GEOMETRIC_REPRESENTATION_CONTEXT(2) 
PARAMETRIC_REPRESENTATION_CONTEXT() REPRESENTATION_CONTEXT('2D SPACE',''
  ) );
#8327 = ORIENTED_EDGE('',*,*,#8328,.F.);
#8328 = EDGE_CURVE('',#8329,#8306,#8331,.T.);
#8329 = VERTEX_POINT('',#8330);
#8330 = CARTESIAN_POINT('',(69.617937935206,-10.98968232706,114.2));
#8331 = SURFACE_CURVE('',#8332,(#8337,#8344),.PCURVE_S1.);
#8332 = CIRCLE('',#8333,70.48);
#8333 = AXIS2_PLACEMENT_3D('',#8334,#8335,#8336);
#8334 = CARTESIAN_POINT('',(0.,0.,114.2));
#8335 = DIRECTION('',(-0.,0.,1.));
#8336 = DIRECTION('',(0.987768699421,-0.155926253222,0.));
#8337 = PCURVE('',#8268,#8338);
#8338 = DEFINITIONAL_REPRESENTATION('',(#8339),#8343);
#8339 = CIRCLE('',#8340,70.48);
#8340 = AXIS2_PLACEMENT_2D('',#8341,#8342);
#8341 = CARTESIAN_POINT('',(0.,0.));
#8342 = DIRECTION('',(1.,0.));
#8343 = ( GEOMETRIC_REPRESENTATION_CONTEXT(2) 
PARAMETRIC_REPRESENTATION_CONTEXT() REPRESENTATION_CONTEXT('2D SPACE',''
  ) );
#8344 = PCURVE('',#8129,#8345);
#8345 = DEFINITIONAL_REPRESENTATION('',(#8346),#8350);
#8346 = LINE('',#8347,#8348);
#8347 = CARTESIAN_POINT('',(-0.,1.570796326795));
#8348 = VECTOR('',#8349,1.);
#8349 = DIRECTION('',(-1.,0.));
#8350 = ( GEOMETRIC_REPRESENTATION_CONTEXT(2) 
PARAMETRIC_REPRESENTATION_CONTEXT() REPRESENTATION_CONTEXT('2D SPACE',''
  ) );
#8351 = ORIENTED_EDGE('',*,*,#8352,.F.);
#8352 = EDGE_CURVE('',#8252,#8329,#8353,.T.);
#8353 = SURFACE_CURVE('',#8354,(#8358,#8365),.PCURVE_S1.);
#8354 = LINE('',#8355,#8356);
#8355 = CARTESIAN_POINT('',(74.062897082601,-11.69135046656,114.2));
#8356 = VECTOR('',#8357,1.);
#8357 = DIRECTION('',(-0.987768699421,0.155926253222,0.));
#8358 = PCURVE('',#8268,#8359);
#8359 = DEFINITIONAL_REPRESENTATION('',(#8360),#8364);
#8360 = LINE('',#8361,#8362);
#8361 = CARTESIAN_POINT('',(74.98,1.7763568394E-15));
#8362 = VECTOR('',#8363,1.);
#8363 = DIRECTION('',(-1.,0.));
#8364 = ( GEOMETRIC_REPRESENTATION_CONTEXT(2) 
PARAMETRIC_REPRESENTATION_CONTEXT() REPRESENTATION_CONTEXT('2D SPACE',''
  ) );
#8365 = PCURVE('',#8212,#8366);
#8366 = DEFINITIONAL_REPRESENTATION('',(#8367),#8371);
#8367 = LINE('',#8368,#8369);
#8368 = CARTESIAN_POINT('',(-0.416782171583,2.565262095328));
#8369 = VECTOR('',#8370,1.);
#8370 = DIRECTION('',(0.,-1.));
#8371 = ( GEOMETRIC_REPRESENTATION_CONTEXT(2) 
PARAMETRIC_REPRESENTATION_CONTEXT() REPRESENTATION_CONTEXT('2D SPACE',''
  ) );
#8372 = ADVANCED_FACE('',(#8373),#8129,.T.);
#8373 = FACE_BOUND('',#8374,.F.);
#8374 = EDGE_LOOP('',(#8375,#8376,#8398,#8399));
#8375 = ORIENTED_EDGE('',*,*,#8328,.T.);
#8376 = ORIENTED_EDGE('',*,*,#8377,.T.);
#8377 = EDGE_CURVE('',#8306,#8108,#8378,.T.);
#8378 = SURFACE_CURVE('',#8379,(#8384,#8391),.PCURVE_S1.);
#8379 = CIRCLE('',#8380,0.8);
#8380 = AXIS2_PLACEMENT_3D('',#8381,#8382,#8383);
#8381 = CARTESIAN_POINT('',(69.617937935206,10.989682327065,115.));
#8382 = DIRECTION('',(-0.155926253222,0.987768699421,0.));
#8383 = DIRECTION('',(0.,0.,-1.));
#8384 = PCURVE('',#8129,#8385);
#8385 = DEFINITIONAL_REPRESENTATION('',(#8386),#8390);
#8386 = LINE('',#8387,#8388);
#8387 = CARTESIAN_POINT('',(-0.313130213758,1.570796326795));
#8388 = VECTOR('',#8389,1.);
#8389 = DIRECTION('',(-0.,1.));
#8390 = ( GEOMETRIC_REPRESENTATION_CONTEXT(2) 
PARAMETRIC_REPRESENTATION_CONTEXT() REPRESENTATION_CONTEXT('2D SPACE',''
  ) );
#8391 = PCURVE('',#8157,#8392);
#8392 = DEFINITIONAL_REPRESENTATION('',(#8393),#8397);
#8393 = CIRCLE('',#8394,0.8);
#8394 = AXIS2_PLACEMENT_2D('',#8395,#8396);
#8395 = CARTESIAN_POINT('',(0.383217828417,-1.934737904672));
#8396 = DIRECTION('',(-1.,0.));
#8397 = ( GEOMETRIC_REPRESENTATION_CONTEXT(2) 
PARAMETRIC_REPRESENTATION_CONTEXT() REPRESENTATION_CONTEXT('2D SPACE',''
  ) );
#8398 = ORIENTED_EDGE('',*,*,#8105,.F.);
#8399 = ORIENTED_EDGE('',*,*,#8400,.F.);
#8400 = EDGE_CURVE('',#8329,#8106,#8401,.T.);
#8401 = SURFACE_CURVE('',#8402,(#8407,#8414),.PCURVE_S1.);
#8402 = CIRCLE('',#8403,0.8);
#8403 = AXIS2_PLACEMENT_3D('',#8404,#8405,#8406);
#8404 = CARTESIAN_POINT('',(69.617937935206,-10.98968232706,115.));
#8405 = DIRECTION('',(0.155926253222,0.987768699421,0.));
#8406 = DIRECTION('',(0.,0.,-1.));
#8407 = PCURVE('',#8129,#8408);
#8408 = DEFINITIONAL_REPRESENTATION('',(#8409),#8413);
#8409 = LINE('',#8410,#8411);
#8410 = CARTESIAN_POINT('',(-0.,1.570796326795));
#8411 = VECTOR('',#8412,1.);
#8412 = DIRECTION('',(-0.,1.));
#8413 = ( GEOMETRIC_REPRESENTATION_CONTEXT(2) 
PARAMETRIC_REPRESENTATION_CONTEXT() REPRESENTATION_CONTEXT('2D SPACE',''
  ) );
#8414 = PCURVE('',#8212,#8415);
#8415 = DEFINITIONAL_REPRESENTATION('',(#8416),#8420);
#8416 = CIRCLE('',#8417,0.8);
#8417 = AXIS2_PLACEMENT_2D('',#8418,#8419);
#8418 = CARTESIAN_POINT('',(0.383217828417,-1.934737904672));
#8419 = DIRECTION('',(-1.,0.));
#8420 = ( GEOMETRIC_REPRESENTATION_CONTEXT(2) 
PARAMETRIC_REPRESENTATION_CONTEXT() REPRESENTATION_CONTEXT('2D SPACE',''
  ) );
#8421 = ADVANCED_FACE('',(#8422),#8212,.F.);
#8422 = FACE_BOUND('',#8423,.F.);
#8423 = EDGE_LOOP('',(#8424,#8425,#8426,#8427));
#8424 = ORIENTED_EDGE('',*,*,#8198,.T.);
#8425 = ORIENTED_EDGE('',*,*,#8280,.T.);
#8426 = ORIENTED_EDGE('',*,*,#8352,.T.);
#8427 = ORIENTED_EDGE('',*,*,#8400,.T.);
#8428 = ADVANCED_FACE('',(#8429),#8157,.T.);
#8429 = FACE_BOUND('',#8430,.T.);
#8430 = EDGE_LOOP('',(#8431,#8432,#8433,#8434));
#8431 = ORIENTED_EDGE('',*,*,#8141,.T.);
#8432 = ORIENTED_EDGE('',*,*,#8228,.T.);
#8433 = ORIENTED_EDGE('',*,*,#8305,.T.);
#8434 = ORIENTED_EDGE('',*,*,#8377,.T.);
#8435 = ( GEOMETRIC_REPRESENTATION_CONTEXT(3) 
GLOBAL_UNCERTAINTY_ASSIGNED_CONTEXT((#8439)) 
GLOBAL_UNIT_ASSIGNED_CONTEXT((#8436,#8437,#8438)) REPRESENTATION_CONTEXT
('Context #1','3D Context with UNIT and UNCERTAINTY') );
#8436 = ( LENGTH_UNIT() NAMED_UNIT(*) SI_UNIT(.MILLI.,.METRE.) );
#8437 = ( NAMED_UNIT(*) PLANE_ANGLE_UNIT() SI_UNIT($,.RADIAN.) );
#8438 = ( NAMED_UNIT(*) SI_UNIT($,.STERADIAN.) SOLID_ANGLE_UNIT() );
#8439 = UNCERTAINTY_MEASURE_WITH_UNIT(LENGTH_MEASURE(1.E-07),#8436,
  'distance_accuracy_value','confusion accuracy');
#8440 = PRODUCT_RELATED_PRODUCT_CATEGORY('part',$,(#8095));
#8441 = SHAPE_DEFINITION_REPRESENTATION(#8442,#8448);
#8442 = PRODUCT_DEFINITION_SHAPE('','',#8443);
#8443 = PRODUCT_DEFINITION('design','',#8444,#8447);
#8444 = PRODUCT_DEFINITION_FORMATION('','',#8445);
#8445 = PRODUCT('Open CASCADE STEP translator 7.8 14',
  'Open CASCADE STEP translator 7.8 14','',(#8446));
#8446 = PRODUCT_CONTEXT('',#2,'mechanical');
#8447 = PRODUCT_DEFINITION_CONTEXT('part definition',#2,'design');
#8448 = ADVANCED_BREP_SHAPE_REPRESENTATION('',(#11,#8449),#8785);
#8449 = MANIFOLD_SOLID_BREP('',#8450);
#8450 = CLOSED_SHELL('',(#8451,#8573,#8650,#8722,#8771,#8778));
#8451 = ADVANCED_FACE('',(#8452),#8467,.T.);
#8452 = FACE_BOUND('',#8453,.F.);
#8453 = EDGE_LOOP('',(#8454,#8490,#8518,#8547));
#8454 = ORIENTED_EDGE('',*,*,#8455,.T.);
#8455 = EDGE_CURVE('',#8456,#8458,#8460,.T.);
#8456 = VERTEX_POINT('',#8457);
#8457 = CARTESIAN_POINT('',(56.351223337464,40.985875961986,115.));
#8458 = VERTEX_POINT('',#8459);
#8459 = CARTESIAN_POINT('',(40.985875961986,56.351223337464,115.));
#8460 = SURFACE_CURVE('',#8461,(#8466,#8478),.PCURVE_S1.);
#8461 = CIRCLE('',#8462,69.68);
#8462 = AXIS2_PLACEMENT_3D('',#8463,#8464,#8465);
#8463 = CARTESIAN_POINT('',(0.,0.,115.));
#8464 = DIRECTION('',(0.,-0.,1.));
#8465 = DIRECTION('',(0.808714456623,0.588201434586,0.));
#8466 = PCURVE('',#8467,#8472);
#8467 = PLANE('',#8468);
#8468 = AXIS2_PLACEMENT_3D('',#8469,#8470,#8471);
#8469 = CARTESIAN_POINT('',(0.,0.,115.));
#8470 = DIRECTION('',(0.,0.,1.));
#8471 = DIRECTION('',(0.808714456623,0.588201434586,-0.));
#8472 = DEFINITIONAL_REPRESENTATION('',(#8473),#8477);
#8473 = CIRCLE('',#8474,69.68);
#8474 = AXIS2_PLACEMENT_2D('',#8475,#8476);
#8475 = CARTESIAN_POINT('',(0.,0.));
#8476 = DIRECTION('',(1.,-0.));
#8477 = ( GEOMETRIC_REPRESENTATION_CONTEXT(2) 
PARAMETRIC_REPRESENTATION_CONTEXT() REPRESENTATION_CONTEXT('2D SPACE',''
  ) );
#8478 = PCURVE('',#8479,#8484);
#8479 = TOROIDAL_SURFACE('',#8480,70.48,0.8);
#8480 = AXIS2_PLACEMENT_3D('',#8481,#8482,#8483);
#8481 = CARTESIAN_POINT('',(0.,0.,115.));
#8482 = DIRECTION('',(0.,-0.,-1.));
#8483 = DIRECTION('',(0.808714456623,0.588201434586,0.));
#8484 = DEFINITIONAL_REPRESENTATION('',(#8485),#8489);
#8485 = LINE('',#8486,#8487);
#8486 = CARTESIAN_POINT('',(-0.,3.14159265359));
#8487 = VECTOR('',#8488,1.);
#8488 = DIRECTION('',(-1.,0.));
#8489 = ( GEOMETRIC_REPRESENTATION_CONTEXT(2) 
PARAMETRIC_REPRESENTATION_CONTEXT() REPRESENTATION_CONTEXT('2D SPACE',''
  ) );
#8490 = ORIENTED_EDGE('',*,*,#8491,.T.);
#8491 = EDGE_CURVE('',#8458,#8492,#8494,.T.);
#8492 = VERTEX_POINT('',#8493);
#8493 = CARTESIAN_POINT('',(44.103343565294,60.637409957564,115.));
#8494 = SURFACE_CURVE('',#8495,(#8499,#8506),.PCURVE_S1.);
#8495 = LINE('',#8496,#8497);
#8496 = CARTESIAN_POINT('',(40.985875961986,56.351223337464,115.));
#8497 = VECTOR('',#8498,1.);
#8498 = DIRECTION('',(0.588201434586,0.808714456623,0.));
#8499 = PCURVE('',#8467,#8500);
#8500 = DEFINITIONAL_REPRESENTATION('',(#8501),#8505);
#8501 = LINE('',#8502,#8503);
#8502 = CARTESIAN_POINT('',(66.291740815598,21.464097922753));
#8503 = VECTOR('',#8504,1.);
#8504 = DIRECTION('',(0.951374007112,0.308038144701));
#8505 = ( GEOMETRIC_REPRESENTATION_CONTEXT(2) 
PARAMETRIC_REPRESENTATION_CONTEXT() REPRESENTATION_CONTEXT('2D SPACE',''
  ) );
#8506 = PCURVE('',#8507,#8512);
#8507 = PLANE('',#8508);
#8508 = AXIS2_PLACEMENT_3D('',#8509,#8510,#8511);
#8509 = CARTESIAN_POINT('',(42.594452720732,58.562845416046,
    114.61678217158));
#8510 = DIRECTION('',(-0.808714456623,0.588201434586,0.));
#8511 = DIRECTION('',(0.,0.,1.));
#8512 = DEFINITIONAL_REPRESENTATION('',(#8513),#8517);
#8513 = LINE('',#8514,#8515);
#8514 = CARTESIAN_POINT('',(0.383217828417,-2.734737904672));
#8515 = VECTOR('',#8516,1.);
#8516 = DIRECTION('',(0.,1.));
#8517 = ( GEOMETRIC_REPRESENTATION_CONTEXT(2) 
PARAMETRIC_REPRESENTATION_CONTEXT() REPRESENTATION_CONTEXT('2D SPACE',''
  ) );
#8518 = ORIENTED_EDGE('',*,*,#8519,.F.);
#8519 = EDGE_CURVE('',#8520,#8492,#8522,.T.);
#8520 = VERTEX_POINT('',#8521);
#8521 = CARTESIAN_POINT('',(60.637409957564,44.103343565294,115.));
#8522 = SURFACE_CURVE('',#8523,(#8528,#8535),.PCURVE_S1.);
#8523 = CIRCLE('',#8524,74.98);
#8524 = AXIS2_PLACEMENT_3D('',#8525,#8526,#8527);
#8525 = CARTESIAN_POINT('',(0.,0.,115.));
#8526 = DIRECTION('',(0.,-0.,1.));
#8527 = DIRECTION('',(0.808714456623,0.588201434586,0.));
#8528 = PCURVE('',#8467,#8529);
#8529 = DEFINITIONAL_REPRESENTATION('',(#8530),#8534);
#8530 = CIRCLE('',#8531,74.98);
#8531 = AXIS2_PLACEMENT_2D('',#8532,#8533);
#8532 = CARTESIAN_POINT('',(0.,0.));
#8533 = DIRECTION('',(1.,-0.));
#8534 = ( GEOMETRIC_REPRESENTATION_CONTEXT(2) 
PARAMETRIC_REPRESENTATION_CONTEXT() REPRESENTATION_CONTEXT('2D SPACE',''
  ) );
#8535 = PCURVE('',#8536,#8541);
#8536 = CYLINDRICAL_SURFACE('',#8537,74.98);
#8537 = AXIS2_PLACEMENT_3D('',#8538,#8539,#8540);
#8538 = CARTESIAN_POINT('',(0.,0.,115.));
#8539 = DIRECTION('',(0.,-0.,-1.));
#8540 = DIRECTION('',(0.808714456623,0.588201434586,0.));
#8541 = DEFINITIONAL_REPRESENTATION('',(#8542),#8546);
#8542 = LINE('',#8543,#8544);
#8543 = CARTESIAN_POINT('',(-0.,0.));
#8544 = VECTOR('',#8545,1.);
#8545 = DIRECTION('',(-1.,0.));
#8546 = ( GEOMETRIC_REPRESENTATION_CONTEXT(2) 
PARAMETRIC_REPRESENTATION_CONTEXT() REPRESENTATION_CONTEXT('2D SPACE',''
  ) );
#8547 = ORIENTED_EDGE('',*,*,#8548,.F.);
#8548 = EDGE_CURVE('',#8456,#8520,#8549,.T.);
#8549 = SURFACE_CURVE('',#8550,(#8554,#8561),.PCURVE_S1.);
#8550 = LINE('',#8551,#8552);
#8551 = CARTESIAN_POINT('',(56.351223337464,40.985875961986,115.));
#8552 = VECTOR('',#8553,1.);
#8553 = DIRECTION('',(0.808714456623,0.588201434586,0.));
#8554 = PCURVE('',#8467,#8555);
#8555 = DEFINITIONAL_REPRESENTATION('',(#8556),#8560);
#8556 = LINE('',#8557,#8558);
#8557 = CARTESIAN_POINT('',(69.68,-7.105427357601E-15));
#8558 = VECTOR('',#8559,1.);
#8559 = DIRECTION('',(1.,-0.));
#8560 = ( GEOMETRIC_REPRESENTATION_CONTEXT(2) 
PARAMETRIC_REPRESENTATION_CONTEXT() REPRESENTATION_CONTEXT('2D SPACE',''
  ) );
#8561 = PCURVE('',#8562,#8567);
#8562 = PLANE('',#8563);
#8563 = AXIS2_PLACEMENT_3D('',#8564,#8565,#8566);
#8564 = CARTESIAN_POINT('',(58.562845416046,42.594452720732,
    114.61678217158));
#8565 = DIRECTION('',(-0.588201434586,0.808714456623,0.));
#8566 = DIRECTION('',(0.,0.,1.));
#8567 = DEFINITIONAL_REPRESENTATION('',(#8568),#8572);
#8568 = LINE('',#8569,#8570);
#8569 = CARTESIAN_POINT('',(0.383217828417,-2.734737904672));
#8570 = VECTOR('',#8571,1.);
#8571 = DIRECTION('',(0.,1.));
#8572 = ( GEOMETRIC_REPRESENTATION_CONTEXT(2) 
PARAMETRIC_REPRESENTATION_CONTEXT() REPRESENTATION_CONTEXT('2D SPACE',''
  ) );
#8573 = ADVANCED_FACE('',(#8574),#8536,.T.);
#8574 = FACE_BOUND('',#8575,.F.);
#8575 = EDGE_LOOP('',(#8576,#8577,#8600,#8629));
#8576 = ORIENTED_EDGE('',*,*,#8519,.T.);
#8577 = ORIENTED_EDGE('',*,*,#8578,.T.);
#8578 = EDGE_CURVE('',#8492,#8579,#8581,.T.);
#8579 = VERTEX_POINT('',#8580);
#8580 = CARTESIAN_POINT('',(44.103343565294,60.637409957564,114.2));
#8581 = SURFACE_CURVE('',#8582,(#8586,#8593),.PCURVE_S1.);
#8582 = LINE('',#8583,#8584);
#8583 = CARTESIAN_POINT('',(44.103343565294,60.637409957564,115.));
#8584 = VECTOR('',#8585,1.);
#8585 = DIRECTION('',(0.,0.,-1.));
#8586 = PCURVE('',#8536,#8587);
#8587 = DEFINITIONAL_REPRESENTATION('',(#8588),#8592);
#8588 = LINE('',#8589,#8590);
#8589 = CARTESIAN_POINT('',(-0.313130213758,0.));
#8590 = VECTOR('',#8591,1.);
#8591 = DIRECTION('',(-0.,1.));
#8592 = ( GEOMETRIC_REPRESENTATION_CONTEXT(2) 
PARAMETRIC_REPRESENTATION_CONTEXT() REPRESENTATION_CONTEXT('2D SPACE',''
  ) );
#8593 = PCURVE('',#8507,#8594);
#8594 = DEFINITIONAL_REPRESENTATION('',(#8595),#8599);
#8595 = LINE('',#8596,#8597);
#8596 = CARTESIAN_POINT('',(0.383217828417,2.565262095328));
#8597 = VECTOR('',#8598,1.);
#8598 = DIRECTION('',(-1.,0.));
#8599 = ( GEOMETRIC_REPRESENTATION_CONTEXT(2) 
PARAMETRIC_REPRESENTATION_CONTEXT() REPRESENTATION_CONTEXT('2D SPACE',''
  ) );
#8600 = ORIENTED_EDGE('',*,*,#8601,.F.);
#8601 = EDGE_CURVE('',#8602,#8579,#8604,.T.);
#8602 = VERTEX_POINT('',#8603);
#8603 = CARTESIAN_POINT('',(60.637409957564,44.103343565294,114.2));
#8604 = SURFACE_CURVE('',#8605,(#8610,#8617),.PCURVE_S1.);
#8605 = CIRCLE('',#8606,74.98);
#8606 = AXIS2_PLACEMENT_3D('',#8607,#8608,#8609);
#8607 = CARTESIAN_POINT('',(0.,0.,114.2));
#8608 = DIRECTION('',(0.,-0.,1.));
#8609 = DIRECTION('',(0.808714456623,0.588201434586,0.));
#8610 = PCURVE('',#8536,#8611);
#8611 = DEFINITIONAL_REPRESENTATION('',(#8612),#8616);
#8612 = LINE('',#8613,#8614);
#8613 = CARTESIAN_POINT('',(-0.,0.8));
#8614 = VECTOR('',#8615,1.);
#8615 = DIRECTION('',(-1.,0.));
#8616 = ( GEOMETRIC_REPRESENTATION_CONTEXT(2) 
PARAMETRIC_REPRESENTATION_CONTEXT() REPRESENTATION_CONTEXT('2D SPACE',''
  ) );
#8617 = PCURVE('',#8618,#8623);
#8618 = PLANE('',#8619);
#8619 = AXIS2_PLACEMENT_3D('',#8620,#8621,#8622);
#8620 = CARTESIAN_POINT('',(0.,0.,114.2));
#8621 = DIRECTION('',(0.,0.,1.));
#8622 = DIRECTION('',(0.808714456623,0.588201434586,0.));
#8623 = DEFINITIONAL_REPRESENTATION('',(#8624),#8628);
#8624 = CIRCLE('',#8625,74.98);
#8625 = AXIS2_PLACEMENT_2D('',#8626,#8627);
#8626 = CARTESIAN_POINT('',(0.,0.));
#8627 = DIRECTION('',(1.,0.));
#8628 = ( GEOMETRIC_REPRESENTATION_CONTEXT(2) 
PARAMETRIC_REPRESENTATION_CONTEXT() REPRESENTATION_CONTEXT('2D SPACE',''
  ) );
#8629 = ORIENTED_EDGE('',*,*,#8630,.F.);
#8630 = EDGE_CURVE('',#8520,#8602,#8631,.T.);
#8631 = SURFACE_CURVE('',#8632,(#8636,#8643),.PCURVE_S1.);
#8632 = LINE('',#8633,#8634);
#8633 = CARTESIAN_POINT('',(60.637409957564,44.103343565294,115.));
#8634 = VECTOR('',#8635,1.);
#8635 = DIRECTION('',(0.,0.,-1.));
#8636 = PCURVE('',#8536,#8637);
#8637 = DEFINITIONAL_REPRESENTATION('',(#8638),#8642);
#8638 = LINE('',#8639,#8640);
#8639 = CARTESIAN_POINT('',(-0.,0.));
#8640 = VECTOR('',#8641,1.);
#8641 = DIRECTION('',(-0.,1.));
#8642 = ( GEOMETRIC_REPRESENTATION_CONTEXT(2) 
PARAMETRIC_REPRESENTATION_CONTEXT() REPRESENTATION_CONTEXT('2D SPACE',''
  ) );
#8643 = PCURVE('',#8562,#8644);
#8644 = DEFINITIONAL_REPRESENTATION('',(#8645),#8649);
#8645 = LINE('',#8646,#8647);
#8646 = CARTESIAN_POINT('',(0.383217828417,2.565262095328));
#8647 = VECTOR('',#8648,1.);
#8648 = DIRECTION('',(-1.,0.));
#8649 = ( GEOMETRIC_REPRESENTATION_CONTEXT(2) 
PARAMETRIC_REPRESENTATION_CONTEXT() REPRESENTATION_CONTEXT('2D SPACE',''
  ) );
#8650 = ADVANCED_FACE('',(#8651),#8618,.F.);
#8651 = FACE_BOUND('',#8652,.F.);
#8652 = EDGE_LOOP('',(#8653,#8654,#8677,#8701));
#8653 = ORIENTED_EDGE('',*,*,#8601,.T.);
#8654 = ORIENTED_EDGE('',*,*,#8655,.T.);
#8655 = EDGE_CURVE('',#8579,#8656,#8658,.T.);
#8656 = VERTEX_POINT('',#8657);
#8657 = CARTESIAN_POINT('',(41.456437109655,56.998194902762,114.2));
#8658 = SURFACE_CURVE('',#8659,(#8663,#8670),.PCURVE_S1.);
#8659 = LINE('',#8660,#8661);
#8660 = CARTESIAN_POINT('',(44.103343565294,60.637409957564,114.2));
#8661 = VECTOR('',#8662,1.);
#8662 = DIRECTION('',(-0.588201434586,-0.808714456623,0.));
#8663 = PCURVE('',#8618,#8664);
#8664 = DEFINITIONAL_REPRESENTATION('',(#8665),#8669);
#8665 = LINE('',#8666,#8667);
#8666 = CARTESIAN_POINT('',(71.334023053294,23.096700089668));
#8667 = VECTOR('',#8668,1.);
#8668 = DIRECTION('',(-0.951374007112,-0.308038144701));
#8669 = ( GEOMETRIC_REPRESENTATION_CONTEXT(2) 
PARAMETRIC_REPRESENTATION_CONTEXT() REPRESENTATION_CONTEXT('2D SPACE',''
  ) );
#8670 = PCURVE('',#8507,#8671);
#8671 = DEFINITIONAL_REPRESENTATION('',(#8672),#8676);
#8672 = LINE('',#8673,#8674);
#8673 = CARTESIAN_POINT('',(-0.416782171583,2.565262095328));
#8674 = VECTOR('',#8675,1.);
#8675 = DIRECTION('',(0.,-1.));
#8676 = ( GEOMETRIC_REPRESENTATION_CONTEXT(2) 
PARAMETRIC_REPRESENTATION_CONTEXT() REPRESENTATION_CONTEXT('2D SPACE',''
  ) );
#8677 = ORIENTED_EDGE('',*,*,#8678,.F.);
#8678 = EDGE_CURVE('',#8679,#8656,#8681,.T.);
#8679 = VERTEX_POINT('',#8680);
#8680 = CARTESIAN_POINT('',(56.998194902762,41.456437109655,114.2));
#8681 = SURFACE_CURVE('',#8682,(#8687,#8694),.PCURVE_S1.);
#8682 = CIRCLE('',#8683,70.48);
#8683 = AXIS2_PLACEMENT_3D('',#8684,#8685,#8686);
#8684 = CARTESIAN_POINT('',(0.,0.,114.2));
#8685 = DIRECTION('',(0.,-0.,1.));
#8686 = DIRECTION('',(0.808714456623,0.588201434586,0.));
#8687 = PCURVE('',#8618,#8688);
#8688 = DEFINITIONAL_REPRESENTATION('',(#8689),#8693);
#8689 = CIRCLE('',#8690,70.48);
#8690 = AXIS2_PLACEMENT_2D('',#8691,#8692);
#8691 = CARTESIAN_POINT('',(0.,0.));
#8692 = DIRECTION('',(1.,0.));
#8693 = ( GEOMETRIC_REPRESENTATION_CONTEXT(2) 
PARAMETRIC_REPRESENTATION_CONTEXT() REPRESENTATION_CONTEXT('2D SPACE',''
  ) );
#8694 = PCURVE('',#8479,#8695);
#8695 = DEFINITIONAL_REPRESENTATION('',(#8696),#8700);
#8696 = LINE('',#8697,#8698);
#8697 = CARTESIAN_POINT('',(-0.,1.570796326795));
#8698 = VECTOR('',#8699,1.);
#8699 = DIRECTION('',(-1.,0.));
#8700 = ( GEOMETRIC_REPRESENTATION_CONTEXT(2) 
PARAMETRIC_REPRESENTATION_CONTEXT() REPRESENTATION_CONTEXT('2D SPACE',''
  ) );
#8701 = ORIENTED_EDGE('',*,*,#8702,.F.);
#8702 = EDGE_CURVE('',#8602,#8679,#8703,.T.);
#8703 = SURFACE_CURVE('',#8704,(#8708,#8715),.PCURVE_S1.);
#8704 = LINE('',#8705,#8706);
#8705 = CARTESIAN_POINT('',(60.637409957564,44.103343565294,114.2));
#8706 = VECTOR('',#8707,1.);
#8707 = DIRECTION('',(-0.808714456623,-0.588201434586,0.));
#8708 = PCURVE('',#8618,#8709);
#8709 = DEFINITIONAL_REPRESENTATION('',(#8710),#8714);
#8710 = LINE('',#8711,#8712);
#8711 = CARTESIAN_POINT('',(74.98,0.));
#8712 = VECTOR('',#8713,1.);
#8713 = DIRECTION('',(-1.,0.));
#8714 = ( GEOMETRIC_REPRESENTATION_CONTEXT(2) 
PARAMETRIC_REPRESENTATION_CONTEXT() REPRESENTATION_CONTEXT('2D SPACE',''
  ) );
#8715 = PCURVE('',#8562,#8716);
#8716 = DEFINITIONAL_REPRESENTATION('',(#8717),#8721);
#8717 = LINE('',#8718,#8719);
#8718 = CARTESIAN_POINT('',(-0.416782171583,2.565262095328));
#8719 = VECTOR('',#8720,1.);
#8720 = DIRECTION('',(0.,-1.));
#8721 = ( GEOMETRIC_REPRESENTATION_CONTEXT(2) 
PARAMETRIC_REPRESENTATION_CONTEXT() REPRESENTATION_CONTEXT('2D SPACE',''
  ) );
#8722 = ADVANCED_FACE('',(#8723),#8479,.T.);
#8723 = FACE_BOUND('',#8724,.F.);
#8724 = EDGE_LOOP('',(#8725,#8726,#8748,#8749));
#8725 = ORIENTED_EDGE('',*,*,#8678,.T.);
#8726 = ORIENTED_EDGE('',*,*,#8727,.T.);
#8727 = EDGE_CURVE('',#8656,#8458,#8728,.T.);
#8728 = SURFACE_CURVE('',#8729,(#8734,#8741),.PCURVE_S1.);
#8729 = CIRCLE('',#8730,0.8);
#8730 = AXIS2_PLACEMENT_3D('',#8731,#8732,#8733);
#8731 = CARTESIAN_POINT('',(41.456437109655,56.998194902762,115.));
#8732 = DIRECTION('',(-0.808714456623,0.588201434586,0.));
#8733 = DIRECTION('',(0.,0.,-1.));
#8734 = PCURVE('',#8479,#8735);
#8735 = DEFINITIONAL_REPRESENTATION('',(#8736),#8740);
#8736 = LINE('',#8737,#8738);
#8737 = CARTESIAN_POINT('',(-0.313130213758,1.570796326795));
#8738 = VECTOR('',#8739,1.);
#8739 = DIRECTION('',(-0.,1.));
#8740 = ( GEOMETRIC_REPRESENTATION_CONTEXT(2) 
PARAMETRIC_REPRESENTATION_CONTEXT() REPRESENTATION_CONTEXT('2D SPACE',''
  ) );
#8741 = PCURVE('',#8507,#8742);
#8742 = DEFINITIONAL_REPRESENTATION('',(#8743),#8747);
#8743 = CIRCLE('',#8744,0.8);
#8744 = AXIS2_PLACEMENT_2D('',#8745,#8746);
#8745 = CARTESIAN_POINT('',(0.383217828417,-1.934737904672));
#8746 = DIRECTION('',(-1.,0.));
#8747 = ( GEOMETRIC_REPRESENTATION_CONTEXT(2) 
PARAMETRIC_REPRESENTATION_CONTEXT() REPRESENTATION_CONTEXT('2D SPACE',''
  ) );
#8748 = ORIENTED_EDGE('',*,*,#8455,.F.);
#8749 = ORIENTED_EDGE('',*,*,#8750,.F.);
#8750 = EDGE_CURVE('',#8679,#8456,#8751,.T.);
#8751 = SURFACE_CURVE('',#8752,(#8757,#8764),.PCURVE_S1.);
#8752 = CIRCLE('',#8753,0.8);
#8753 = AXIS2_PLACEMENT_3D('',#8754,#8755,#8756);
#8754 = CARTESIAN_POINT('',(56.998194902762,41.456437109655,115.));
#8755 = DIRECTION('',(-0.588201434586,0.808714456623,0.));
#8756 = DIRECTION('',(0.,0.,-1.));
#8757 = PCURVE('',#8479,#8758);
#8758 = DEFINITIONAL_REPRESENTATION('',(#8759),#8763);
#8759 = LINE('',#8760,#8761);
#8760 = CARTESIAN_POINT('',(-0.,1.570796326795));
#8761 = VECTOR('',#8762,1.);
#8762 = DIRECTION('',(-0.,1.));
#8763 = ( GEOMETRIC_REPRESENTATION_CONTEXT(2) 
PARAMETRIC_REPRESENTATION_CONTEXT() REPRESENTATION_CONTEXT('2D SPACE',''
  ) );
#8764 = PCURVE('',#8562,#8765);
#8765 = DEFINITIONAL_REPRESENTATION('',(#8766),#8770);
#8766 = CIRCLE('',#8767,0.8);
#8767 = AXIS2_PLACEMENT_2D('',#8768,#8769);
#8768 = CARTESIAN_POINT('',(0.383217828417,-1.934737904672));
#8769 = DIRECTION('',(-1.,0.));
#8770 = ( GEOMETRIC_REPRESENTATION_CONTEXT(2) 
PARAMETRIC_REPRESENTATION_CONTEXT() REPRESENTATION_CONTEXT('2D SPACE',''
  ) );
#8771 = ADVANCED_FACE('',(#8772),#8562,.F.);
#8772 = FACE_BOUND('',#8773,.F.);
#8773 = EDGE_LOOP('',(#8774,#8775,#8776,#8777));
#8774 = ORIENTED_EDGE('',*,*,#8548,.T.);
#8775 = ORIENTED_EDGE('',*,*,#8630,.T.);
#8776 = ORIENTED_EDGE('',*,*,#8702,.T.);
#8777 = ORIENTED_EDGE('',*,*,#8750,.T.);
#8778 = ADVANCED_FACE('',(#8779),#8507,.T.);
#8779 = FACE_BOUND('',#8780,.T.);
#8780 = EDGE_LOOP('',(#8781,#8782,#8783,#8784));
#8781 = ORIENTED_EDGE('',*,*,#8491,.T.);
#8782 = ORIENTED_EDGE('',*,*,#8578,.T.);
#8783 = ORIENTED_EDGE('',*,*,#8655,.T.);
#8784 = ORIENTED_EDGE('',*,*,#8727,.T.);
#8785 = ( GEOMETRIC_REPRESENTATION_CONTEXT(3) 
GLOBAL_UNCERTAINTY_ASSIGNED_CONTEXT((#8789)) 
GLOBAL_UNIT_ASSIGNED_CONTEXT((#8786,#8787,#8788)) REPRESENTATION_CONTEXT
('Context #1','3D Context with UNIT and UNCERTAINTY') );
#8786 = ( LENGTH_UNIT() NAMED_UNIT(*) SI_UNIT(.MILLI.,.METRE.) );
#8787 = ( NAMED_UNIT(*) PLANE_ANGLE_UNIT() SI_UNIT($,.RADIAN.) );
#8788 = ( NAMED_UNIT(*) SI_UNIT($,.STERADIAN.) SOLID_ANGLE_UNIT() );
#8789 = UNCERTAINTY_MEASURE_WITH_UNIT(LENGTH_MEASURE(1.E-07),#8786,
  'distance_accuracy_value','confusion accuracy');
#8790 = PRODUCT_RELATED_PRODUCT_CATEGORY('part',$,(#8445));
#8791 = SHAPE_DEFINITION_REPRESENTATION(#8792,#8798);
#8792 = PRODUCT_DEFINITION_SHAPE('','',#8793);
#8793 = PRODUCT_DEFINITION('design','',#8794,#8797);
#8794 = PRODUCT_DEFINITION_FORMATION('','',#8795);
#8795 = PRODUCT('Open CASCADE STEP translator 7.8 15',
  'Open CASCADE STEP translator 7.8 15','',(#8796));
#8796 = PRODUCT_CONTEXT('',#2,'mechanical');
#8797 = PRODUCT_DEFINITION_CONTEXT('part definition',#2,'design');
#8798 = ADVANCED_BREP_SHAPE_REPRESENTATION('',(#11,#8799),#9135);
#8799 = MANIFOLD_SOLID_BREP('',#8800);
#8800 = CLOSED_SHELL('',(#8801,#8923,#9000,#9072,#9121,#9128));
#8801 = ADVANCED_FACE('',(#8802),#8817,.T.);
#8802 = FACE_BOUND('',#8803,.F.);
#8803 = EDGE_LOOP('',(#8804,#8840,#8868,#8897));
#8804 = ORIENTED_EDGE('',*,*,#8805,.T.);
#8805 = EDGE_CURVE('',#8806,#8808,#8810,.T.);
#8806 = VERTEX_POINT('',#8807);
#8807 = CARTESIAN_POINT('',(10.864941324487,68.827722975669,115.));
#8808 = VERTEX_POINT('',#8809);
#8809 = CARTESIAN_POINT('',(-10.86494132448,68.827722975669,115.));
#8810 = SURFACE_CURVE('',#8811,(#8816,#8828),.PCURVE_S1.);
#8811 = CIRCLE('',#8812,69.68);
#8812 = AXIS2_PLACEMENT_3D('',#8813,#8814,#8815);
#8813 = CARTESIAN_POINT('',(0.,0.,115.));
#8814 = DIRECTION('',(0.,-0.,1.));
#8815 = DIRECTION('',(0.155926253222,0.987768699421,0.));
#8816 = PCURVE('',#8817,#8822);
#8817 = PLANE('',#8818);
#8818 = AXIS2_PLACEMENT_3D('',#8819,#8820,#8821);
#8819 = CARTESIAN_POINT('',(0.,0.,115.));
#8820 = DIRECTION('',(0.,0.,1.));
#8821 = DIRECTION('',(0.155926253222,0.987768699421,-0.));
#8822 = DEFINITIONAL_REPRESENTATION('',(#8823),#8827);
#8823 = CIRCLE('',#8824,69.68);
#8824 = AXIS2_PLACEMENT_2D('',#8825,#8826);
#8825 = CARTESIAN_POINT('',(0.,0.));
#8826 = DIRECTION('',(1.,-0.));
#8827 = ( GEOMETRIC_REPRESENTATION_CONTEXT(2) 
PARAMETRIC_REPRESENTATION_CONTEXT() REPRESENTATION_CONTEXT('2D SPACE',''
  ) );
#8828 = PCURVE('',#8829,#8834);
#8829 = TOROIDAL_SURFACE('',#8830,70.48,0.8);
#8830 = AXIS2_PLACEMENT_3D('',#8831,#8832,#8833);
#8831 = CARTESIAN_POINT('',(0.,0.,115.));
#8832 = DIRECTION('',(0.,-0.,-1.));
#8833 = DIRECTION('',(0.155926253222,0.987768699421,0.));
#8834 = DEFINITIONAL_REPRESENTATION('',(#8835),#8839);
#8835 = LINE('',#8836,#8837);
#8836 = CARTESIAN_POINT('',(-0.,3.14159265359));
#8837 = VECTOR('',#8838,1.);
#8838 = DIRECTION('',(-1.,0.));
#8839 = ( GEOMETRIC_REPRESENTATION_CONTEXT(2) 
PARAMETRIC_REPRESENTATION_CONTEXT() REPRESENTATION_CONTEXT('2D SPACE',''
  ) );
#8840 = ORIENTED_EDGE('',*,*,#8841,.T.);
#8841 = EDGE_CURVE('',#8808,#8842,#8844,.T.);
#8842 = VERTEX_POINT('',#8843);
#8843 = CARTESIAN_POINT('',(-11.69135046656,74.062897082601,115.));
#8844 = SURFACE_CURVE('',#8845,(#8849,#8856),.PCURVE_S1.);
#8845 = LINE('',#8846,#8847);
#8846 = CARTESIAN_POINT('',(-10.86494132448,68.827722975669,115.));
#8847 = VECTOR('',#8848,1.);
#8848 = DIRECTION('',(-0.155926253222,0.987768699421,0.));
#8849 = PCURVE('',#8817,#8850);
#8850 = DEFINITIONAL_REPRESENTATION('',(#8851),#8855);
#8851 = LINE('',#8852,#8853);
#8852 = CARTESIAN_POINT('',(66.291740815598,21.464097922753));
#8853 = VECTOR('',#8854,1.);
#8854 = DIRECTION('',(0.951374007112,0.308038144701));
#8855 = ( GEOMETRIC_REPRESENTATION_CONTEXT(2) 
PARAMETRIC_REPRESENTATION_CONTEXT() REPRESENTATION_CONTEXT('2D SPACE',''
  ) );
#8856 = PCURVE('',#8857,#8862);
#8857 = PLANE('',#8858);
#8858 = AXIS2_PLACEMENT_3D('',#8859,#8860,#8861);
#8859 = CARTESIAN_POINT('',(-11.2913587595,71.529011479025,
    114.61678217158));
#8860 = DIRECTION('',(-0.987768699421,-0.155926253222,0.));
#8861 = DIRECTION('',(0.,0.,1.));
#8862 = DEFINITIONAL_REPRESENTATION('',(#8863),#8867);
#8863 = LINE('',#8864,#8865);
#8864 = CARTESIAN_POINT('',(0.383217828417,-2.734737904672));
#8865 = VECTOR('',#8866,1.);
#8866 = DIRECTION('',(0.,1.));
#8867 = ( GEOMETRIC_REPRESENTATION_CONTEXT(2) 
PARAMETRIC_REPRESENTATION_CONTEXT() REPRESENTATION_CONTEXT('2D SPACE',''
  ) );
#8868 = ORIENTED_EDGE('',*,*,#8869,.F.);
#8869 = EDGE_CURVE('',#8870,#8842,#8872,.T.);
#8870 = VERTEX_POINT('',#8871);
#8871 = CARTESIAN_POINT('',(11.691350466562,74.062897082601,115.));
#8872 = SURFACE_CURVE('',#8873,(#8878,#8885),.PCURVE_S1.);
#8873 = CIRCLE('',#8874,74.98);
#8874 = AXIS2_PLACEMENT_3D('',#8875,#8876,#8877);
#8875 = CARTESIAN_POINT('',(0.,0.,115.));
#8876 = DIRECTION('',(0.,-0.,1.));
#8877 = DIRECTION('',(0.155926253222,0.987768699421,0.));
#8878 = PCURVE('',#8817,#8879);
#8879 = DEFINITIONAL_REPRESENTATION('',(#8880),#8884);
#8880 = CIRCLE('',#8881,74.98);
#8881 = AXIS2_PLACEMENT_2D('',#8882,#8883);
#8882 = CARTESIAN_POINT('',(0.,0.));
#8883 = DIRECTION('',(1.,-0.));
#8884 = ( GEOMETRIC_REPRESENTATION_CONTEXT(2) 
PARAMETRIC_REPRESENTATION_CONTEXT() REPRESENTATION_CONTEXT('2D SPACE',''
  ) );
#8885 = PCURVE('',#8886,#8891);
#8886 = CYLINDRICAL_SURFACE('',#8887,74.98);
#8887 = AXIS2_PLACEMENT_3D('',#8888,#8889,#8890);
#8888 = CARTESIAN_POINT('',(0.,0.,115.));
#8889 = DIRECTION('',(0.,-0.,-1.));
#8890 = DIRECTION('',(0.155926253222,0.987768699421,0.));
#8891 = DEFINITIONAL_REPRESENTATION('',(#8892),#8896);
#8892 = LINE('',#8893,#8894);
#8893 = CARTESIAN_POINT('',(-0.,0.));
#8894 = VECTOR('',#8895,1.);
#8895 = DIRECTION('',(-1.,0.));
#8896 = ( GEOMETRIC_REPRESENTATION_CONTEXT(2) 
PARAMETRIC_REPRESENTATION_CONTEXT() REPRESENTATION_CONTEXT('2D SPACE',''
  ) );
#8897 = ORIENTED_EDGE('',*,*,#8898,.F.);
#8898 = EDGE_CURVE('',#8806,#8870,#8899,.T.);
#8899 = SURFACE_CURVE('',#8900,(#8904,#8911),.PCURVE_S1.);
#8900 = LINE('',#8901,#8902);
#8901 = CARTESIAN_POINT('',(10.864941324487,68.827722975669,115.));
#8902 = VECTOR('',#8903,1.);
#8903 = DIRECTION('',(0.155926253222,0.987768699421,0.));
#8904 = PCURVE('',#8817,#8905);
#8905 = DEFINITIONAL_REPRESENTATION('',(#8906),#8910);
#8906 = LINE('',#8907,#8908);
#8907 = CARTESIAN_POINT('',(69.68,-0.));
#8908 = VECTOR('',#8909,1.);
#8909 = DIRECTION('',(1.,-0.));
#8910 = ( GEOMETRIC_REPRESENTATION_CONTEXT(2) 
PARAMETRIC_REPRESENTATION_CONTEXT() REPRESENTATION_CONTEXT('2D SPACE',''
  ) );
#8911 = PCURVE('',#8912,#8917);
#8912 = PLANE('',#8913);
#8913 = AXIS2_PLACEMENT_3D('',#8914,#8915,#8916);
#8914 = CARTESIAN_POINT('',(11.291358759506,71.529011479025,
    114.61678217158));
#8915 = DIRECTION('',(-0.987768699421,0.155926253222,0.));
#8916 = DIRECTION('',(0.,0.,1.));
#8917 = DEFINITIONAL_REPRESENTATION('',(#8918),#8922);
#8918 = LINE('',#8919,#8920);
#8919 = CARTESIAN_POINT('',(0.383217828417,-2.734737904672));
#8920 = VECTOR('',#8921,1.);
#8921 = DIRECTION('',(0.,1.));
#8922 = ( GEOMETRIC_REPRESENTATION_CONTEXT(2) 
PARAMETRIC_REPRESENTATION_CONTEXT() REPRESENTATION_CONTEXT('2D SPACE',''
  ) );
#8923 = ADVANCED_FACE('',(#8924),#8886,.T.);
#8924 = FACE_BOUND('',#8925,.F.);
#8925 = EDGE_LOOP('',(#8926,#8927,#8950,#8979));
#8926 = ORIENTED_EDGE('',*,*,#8869,.T.);
#8927 = ORIENTED_EDGE('',*,*,#8928,.T.);
#8928 = EDGE_CURVE('',#8842,#8929,#8931,.T.);
#8929 = VERTEX_POINT('',#8930);
#8930 = CARTESIAN_POINT('',(-11.69135046656,74.062897082601,114.2));
#8931 = SURFACE_CURVE('',#8932,(#8936,#8943),.PCURVE_S1.);
#8932 = LINE('',#8933,#8934);
#8933 = CARTESIAN_POINT('',(-11.69135046656,74.062897082601,115.));
#8934 = VECTOR('',#8935,1.);
#8935 = DIRECTION('',(0.,0.,-1.));
#8936 = PCURVE('',#8886,#8937);
#8937 = DEFINITIONAL_REPRESENTATION('',(#8938),#8942);
#8938 = LINE('',#8939,#8940);
#8939 = CARTESIAN_POINT('',(-0.313130213758,0.));
#8940 = VECTOR('',#8941,1.);
#8941 = DIRECTION('',(-0.,1.));
#8942 = ( GEOMETRIC_REPRESENTATION_CONTEXT(2) 
PARAMETRIC_REPRESENTATION_CONTEXT() REPRESENTATION_CONTEXT('2D SPACE',''
  ) );
#8943 = PCURVE('',#8857,#8944);
#8944 = DEFINITIONAL_REPRESENTATION('',(#8945),#8949);
#8945 = LINE('',#8946,#8947);
#8946 = CARTESIAN_POINT('',(0.383217828417,2.565262095328));
#8947 = VECTOR('',#8948,1.);
#8948 = DIRECTION('',(-1.,0.));
#8949 = ( GEOMETRIC_REPRESENTATION_CONTEXT(2) 
PARAMETRIC_REPRESENTATION_CONTEXT() REPRESENTATION_CONTEXT('2D SPACE',''
  ) );
#8950 = ORIENTED_EDGE('',*,*,#8951,.F.);
#8951 = EDGE_CURVE('',#8952,#8929,#8954,.T.);
#8952 = VERTEX_POINT('',#8953);
#8953 = CARTESIAN_POINT('',(11.691350466562,74.062897082601,114.2));
#8954 = SURFACE_CURVE('',#8955,(#8960,#8967),.PCURVE_S1.);
#8955 = CIRCLE('',#8956,74.98);
#8956 = AXIS2_PLACEMENT_3D('',#8957,#8958,#8959);
#8957 = CARTESIAN_POINT('',(0.,0.,114.2));
#8958 = DIRECTION('',(0.,-0.,1.));
#8959 = DIRECTION('',(0.155926253222,0.987768699421,0.));
#8960 = PCURVE('',#8886,#8961);
#8961 = DEFINITIONAL_REPRESENTATION('',(#8962),#8966);
#8962 = LINE('',#8963,#8964);
#8963 = CARTESIAN_POINT('',(-0.,0.8));
#8964 = VECTOR('',#8965,1.);
#8965 = DIRECTION('',(-1.,0.));
#8966 = ( GEOMETRIC_REPRESENTATION_CONTEXT(2) 
PARAMETRIC_REPRESENTATION_CONTEXT() REPRESENTATION_CONTEXT('2D SPACE',''
  ) );
#8967 = PCURVE('',#8968,#8973);
#8968 = PLANE('',#8969);
#8969 = AXIS2_PLACEMENT_3D('',#8970,#8971,#8972);
#8970 = CARTESIAN_POINT('',(0.,0.,114.2));
#8971 = DIRECTION('',(0.,0.,1.));
#8972 = DIRECTION('',(0.155926253222,0.987768699421,0.));
#8973 = DEFINITIONAL_REPRESENTATION('',(#8974),#8978);
#8974 = CIRCLE('',#8975,74.98);
#8975 = AXIS2_PLACEMENT_2D('',#8976,#8977);
#8976 = CARTESIAN_POINT('',(0.,0.));
#8977 = DIRECTION('',(1.,0.));
#8978 = ( GEOMETRIC_REPRESENTATION_CONTEXT(2) 
PARAMETRIC_REPRESENTATION_CONTEXT() REPRESENTATION_CONTEXT('2D SPACE',''
  ) );
#8979 = ORIENTED_EDGE('',*,*,#8980,.F.);
#8980 = EDGE_CURVE('',#8870,#8952,#8981,.T.);
#8981 = SURFACE_CURVE('',#8982,(#8986,#8993),.PCURVE_S1.);
#8982 = LINE('',#8983,#8984);
#8983 = CARTESIAN_POINT('',(11.691350466562,74.062897082601,115.));
#8984 = VECTOR('',#8985,1.);
#8985 = DIRECTION('',(0.,0.,-1.));
#8986 = PCURVE('',#8886,#8987);
#8987 = DEFINITIONAL_REPRESENTATION('',(#8988),#8992);
#8988 = LINE('',#8989,#8990);
#8989 = CARTESIAN_POINT('',(-0.,0.));
#8990 = VECTOR('',#8991,1.);
#8991 = DIRECTION('',(-0.,1.));
#8992 = ( GEOMETRIC_REPRESENTATION_CONTEXT(2) 
PARAMETRIC_REPRESENTATION_CONTEXT() REPRESENTATION_CONTEXT('2D SPACE',''
  ) );
#8993 = PCURVE('',#8912,#8994);
#8994 = DEFINITIONAL_REPRESENTATION('',(#8995),#8999);
#8995 = LINE('',#8996,#8997);
#8996 = CARTESIAN_POINT('',(0.383217828417,2.565262095328));
#8997 = VECTOR('',#8998,1.);
#8998 = DIRECTION('',(-1.,0.));
#8999 = ( GEOMETRIC_REPRESENTATION_CONTEXT(2) 
PARAMETRIC_REPRESENTATION_CONTEXT() REPRESENTATION_CONTEXT('2D SPACE',''
  ) );
#9000 = ADVANCED_FACE('',(#9001),#8968,.F.);
#9001 = FACE_BOUND('',#9002,.F.);
#9002 = EDGE_LOOP('',(#9003,#9004,#9027,#9051));
#9003 = ORIENTED_EDGE('',*,*,#8951,.T.);
#9004 = ORIENTED_EDGE('',*,*,#9005,.T.);
#9005 = EDGE_CURVE('',#8929,#9006,#9008,.T.);
#9006 = VERTEX_POINT('',#9007);
#9007 = CARTESIAN_POINT('',(-10.98968232706,69.617937935206,114.2));
#9008 = SURFACE_CURVE('',#9009,(#9013,#9020),.PCURVE_S1.);
#9009 = LINE('',#9010,#9011);
#9010 = CARTESIAN_POINT('',(-11.69135046656,74.062897082601,114.2));
#9011 = VECTOR('',#9012,1.);
#9012 = DIRECTION('',(0.155926253222,-0.987768699421,0.));
#9013 = PCURVE('',#8968,#9014);
#9014 = DEFINITIONAL_REPRESENTATION('',(#9015),#9019);
#9015 = LINE('',#9016,#9017);
#9016 = CARTESIAN_POINT('',(71.334023053295,23.096700089668));
#9017 = VECTOR('',#9018,1.);
#9018 = DIRECTION('',(-0.951374007112,-0.308038144701));
#9019 = ( GEOMETRIC_REPRESENTATION_CONTEXT(2) 
PARAMETRIC_REPRESENTATION_CONTEXT() REPRESENTATION_CONTEXT('2D SPACE',''
  ) );
#9020 = PCURVE('',#8857,#9021);
#9021 = DEFINITIONAL_REPRESENTATION('',(#9022),#9026);
#9022 = LINE('',#9023,#9024);
#9023 = CARTESIAN_POINT('',(-0.416782171583,2.565262095328));
#9024 = VECTOR('',#9025,1.);
#9025 = DIRECTION('',(0.,-1.));
#9026 = ( GEOMETRIC_REPRESENTATION_CONTEXT(2) 
PARAMETRIC_REPRESENTATION_CONTEXT() REPRESENTATION_CONTEXT('2D SPACE',''
  ) );
#9027 = ORIENTED_EDGE('',*,*,#9028,.F.);
#9028 = EDGE_CURVE('',#9029,#9006,#9031,.T.);
#9029 = VERTEX_POINT('',#9030);
#9030 = CARTESIAN_POINT('',(10.989682327065,69.617937935206,114.2));
#9031 = SURFACE_CURVE('',#9032,(#9037,#9044),.PCURVE_S1.);
#9032 = CIRCLE('',#9033,70.48);
#9033 = AXIS2_PLACEMENT_3D('',#9034,#9035,#9036);
#9034 = CARTESIAN_POINT('',(0.,0.,114.2));
#9035 = DIRECTION('',(0.,-0.,1.));
#9036 = DIRECTION('',(0.155926253222,0.987768699421,0.));
#9037 = PCURVE('',#8968,#9038);
#9038 = DEFINITIONAL_REPRESENTATION('',(#9039),#9043);
#9039 = CIRCLE('',#9040,70.48);
#9040 = AXIS2_PLACEMENT_2D('',#9041,#9042);
#9041 = CARTESIAN_POINT('',(0.,0.));
#9042 = DIRECTION('',(1.,0.));
#9043 = ( GEOMETRIC_REPRESENTATION_CONTEXT(2) 
PARAMETRIC_REPRESENTATION_CONTEXT() REPRESENTATION_CONTEXT('2D SPACE',''
  ) );
#9044 = PCURVE('',#8829,#9045);
#9045 = DEFINITIONAL_REPRESENTATION('',(#9046),#9050);
#9046 = LINE('',#9047,#9048);
#9047 = CARTESIAN_POINT('',(-0.,1.570796326795));
#9048 = VECTOR('',#9049,1.);
#9049 = DIRECTION('',(-1.,0.));
#9050 = ( GEOMETRIC_REPRESENTATION_CONTEXT(2) 
PARAMETRIC_REPRESENTATION_CONTEXT() REPRESENTATION_CONTEXT('2D SPACE',''
  ) );
#9051 = ORIENTED_EDGE('',*,*,#9052,.F.);
#9052 = EDGE_CURVE('',#8952,#9029,#9053,.T.);
#9053 = SURFACE_CURVE('',#9054,(#9058,#9065),.PCURVE_S1.);
#9054 = LINE('',#9055,#9056);
#9055 = CARTESIAN_POINT('',(11.691350466562,74.062897082601,114.2));
#9056 = VECTOR('',#9057,1.);
#9057 = DIRECTION('',(-0.155926253222,-0.987768699421,0.));
#9058 = PCURVE('',#8968,#9059);
#9059 = DEFINITIONAL_REPRESENTATION('',(#9060),#9064);
#9060 = LINE('',#9061,#9062);
#9061 = CARTESIAN_POINT('',(74.98,1.7763568394E-15));
#9062 = VECTOR('',#9063,1.);
#9063 = DIRECTION('',(-1.,0.));
#9064 = ( GEOMETRIC_REPRESENTATION_CONTEXT(2) 
PARAMETRIC_REPRESENTATION_CONTEXT() REPRESENTATION_CONTEXT('2D SPACE',''
  ) );
#9065 = PCURVE('',#8912,#9066);
#9066 = DEFINITIONAL_REPRESENTATION('',(#9067),#9071);
#9067 = LINE('',#9068,#9069);
#9068 = CARTESIAN_POINT('',(-0.416782171583,2.565262095328));
#9069 = VECTOR('',#9070,1.);
#9070 = DIRECTION('',(0.,-1.));
#9071 = ( GEOMETRIC_REPRESENTATION_CONTEXT(2) 
PARAMETRIC_REPRESENTATION_CONTEXT() REPRESENTATION_CONTEXT('2D SPACE',''
  ) );
#9072 = ADVANCED_FACE('',(#9073),#8829,.T.);
#9073 = FACE_BOUND('',#9074,.F.);
#9074 = EDGE_LOOP('',(#9075,#9076,#9098,#9099));
#9075 = ORIENTED_EDGE('',*,*,#9028,.T.);
#9076 = ORIENTED_EDGE('',*,*,#9077,.T.);
#9077 = EDGE_CURVE('',#9006,#8808,#9078,.T.);
#9078 = SURFACE_CURVE('',#9079,(#9084,#9091),.PCURVE_S1.);
#9079 = CIRCLE('',#9080,0.8);
#9080 = AXIS2_PLACEMENT_3D('',#9081,#9082,#9083);
#9081 = CARTESIAN_POINT('',(-10.98968232706,69.617937935206,115.));
#9082 = DIRECTION('',(-0.987768699421,-0.155926253222,-0.));
#9083 = DIRECTION('',(0.,0.,-1.));
#9084 = PCURVE('',#8829,#9085);
#9085 = DEFINITIONAL_REPRESENTATION('',(#9086),#9090);
#9086 = LINE('',#9087,#9088);
#9087 = CARTESIAN_POINT('',(-0.313130213758,1.570796326795));
#9088 = VECTOR('',#9089,1.);
#9089 = DIRECTION('',(-0.,1.));
#9090 = ( GEOMETRIC_REPRESENTATION_CONTEXT(2) 
PARAMETRIC_REPRESENTATION_CONTEXT() REPRESENTATION_CONTEXT('2D SPACE',''
  ) );
#9091 = PCURVE('',#8857,#9092);
#9092 = DEFINITIONAL_REPRESENTATION('',(#9093),#9097);
#9093 = CIRCLE('',#9094,0.8);
#9094 = AXIS2_PLACEMENT_2D('',#9095,#9096);
#9095 = CARTESIAN_POINT('',(0.383217828417,-1.934737904672));
#9096 = DIRECTION('',(-1.,0.));
#9097 = ( GEOMETRIC_REPRESENTATION_CONTEXT(2) 
PARAMETRIC_REPRESENTATION_CONTEXT() REPRESENTATION_CONTEXT('2D SPACE',''
  ) );
#9098 = ORIENTED_EDGE('',*,*,#8805,.F.);
#9099 = ORIENTED_EDGE('',*,*,#9100,.F.);
#9100 = EDGE_CURVE('',#9029,#8806,#9101,.T.);
#9101 = SURFACE_CURVE('',#9102,(#9107,#9114),.PCURVE_S1.);
#9102 = CIRCLE('',#9103,0.8);
#9103 = AXIS2_PLACEMENT_3D('',#9104,#9105,#9106);
#9104 = CARTESIAN_POINT('',(10.989682327065,69.617937935206,115.));
#9105 = DIRECTION('',(-0.987768699421,0.155926253222,0.));
#9106 = DIRECTION('',(0.,0.,-1.));
#9107 = PCURVE('',#8829,#9108);
#9108 = DEFINITIONAL_REPRESENTATION('',(#9109),#9113);
#9109 = LINE('',#9110,#9111);
#9110 = CARTESIAN_POINT('',(-0.,1.570796326795));
#9111 = VECTOR('',#9112,1.);
#9112 = DIRECTION('',(-0.,1.));
#9113 = ( GEOMETRIC_REPRESENTATION_CONTEXT(2) 
PARAMETRIC_REPRESENTATION_CONTEXT() REPRESENTATION_CONTEXT('2D SPACE',''
  ) );
#9114 = PCURVE('',#8912,#9115);
#9115 = DEFINITIONAL_REPRESENTATION('',(#9116),#9120);
#9116 = CIRCLE('',#9117,0.8);
#9117 = AXIS2_PLACEMENT_2D('',#9118,#9119);
#9118 = CARTESIAN_POINT('',(0.383217828417,-1.934737904672));
#9119 = DIRECTION('',(-1.,0.));
#9120 = ( GEOMETRIC_REPRESENTATION_CONTEXT(2) 
PARAMETRIC_REPRESENTATION_CONTEXT() REPRESENTATION_CONTEXT('2D SPACE',''
  ) );
#9121 = ADVANCED_FACE('',(#9122),#8912,.F.);
#9122 = FACE_BOUND('',#9123,.F.);
#9123 = EDGE_LOOP('',(#9124,#9125,#9126,#9127));
#9124 = ORIENTED_EDGE('',*,*,#8898,.T.);
#9125 = ORIENTED_EDGE('',*,*,#8980,.T.);
#9126 = ORIENTED_EDGE('',*,*,#9052,.T.);
#9127 = ORIENTED_EDGE('',*,*,#9100,.T.);
#9128 = ADVANCED_FACE('',(#9129),#8857,.T.);
#9129 = FACE_BOUND('',#9130,.T.);
#9130 = EDGE_LOOP('',(#9131,#9132,#9133,#9134));
#9131 = ORIENTED_EDGE('',*,*,#8841,.T.);
#9132 = ORIENTED_EDGE('',*,*,#8928,.T.);
#9133 = ORIENTED_EDGE('',*,*,#9005,.T.);
#9134 = ORIENTED_EDGE('',*,*,#9077,.T.);
#9135 = ( GEOMETRIC_REPRESENTATION_CONTEXT(3) 
GLOBAL_UNCERTAINTY_ASSIGNED_CONTEXT((#9139)) 
GLOBAL_UNIT_ASSIGNED_CONTEXT((#9136,#9137,#9138)) REPRESENTATION_CONTEXT
('Context #1','3D Context with UNIT and UNCERTAINTY') );
#9136 = ( LENGTH_UNIT() NAMED_UNIT(*) SI_UNIT(.MILLI.,.METRE.) );
#9137 = ( NAMED_UNIT(*) PLANE_ANGLE_UNIT() SI_UNIT($,.RADIAN.) );
#9138 = ( NAMED_UNIT(*) SI_UNIT($,.STERADIAN.) SOLID_ANGLE_UNIT() );
#9139 = UNCERTAINTY_MEASURE_WITH_UNIT(LENGTH_MEASURE(1.E-07),#9136,
  'distance_accuracy_value','confusion accuracy');
#9140 = PRODUCT_RELATED_PRODUCT_CATEGORY('part',$,(#8795));
#9141 = SHAPE_DEFINITION_REPRESENTATION(#9142,#9148);
#9142 = PRODUCT_DEFINITION_SHAPE('','',#9143);
#9143 = PRODUCT_DEFINITION('design','',#9144,#9147);
#9144 = PRODUCT_DEFINITION_FORMATION('','',#9145);
#9145 = PRODUCT('Open CASCADE STEP translator 7.8 16',
  'Open CASCADE STEP translator 7.8 16','',(#9146));
#9146 = PRODUCT_CONTEXT('',#2,'mechanical');
#9147 = PRODUCT_DEFINITION_CONTEXT('part definition',#2,'design');
#9148 = ADVANCED_BREP_SHAPE_REPRESENTATION('',(#11,#9149),#9485);
#9149 = MANIFOLD_SOLID_BREP('',#9150);
#9150 = CLOSED_SHELL('',(#9151,#9273,#9350,#9422,#9471,#9478));
#9151 = ADVANCED_FACE('',(#9152),#9167,.T.);
#9152 = FACE_BOUND('',#9153,.F.);
#9153 = EDGE_LOOP('',(#9154,#9190,#9218,#9247));
#9154 = ORIENTED_EDGE('',*,*,#9155,.T.);
#9155 = EDGE_CURVE('',#9156,#9158,#9160,.T.);
#9156 = VERTEX_POINT('',#9157);
#9157 = CARTESIAN_POINT('',(-40.98587596198,56.351223337464,115.));
#9158 = VERTEX_POINT('',#9159);
#9159 = CARTESIAN_POINT('',(-56.35122333746,40.985875961986,115.));
#9160 = SURFACE_CURVE('',#9161,(#9166,#9178),.PCURVE_S1.);
#9161 = CIRCLE('',#9162,69.68);
#9162 = AXIS2_PLACEMENT_3D('',#9163,#9164,#9165);
#9163 = CARTESIAN_POINT('',(0.,0.,115.));
#9164 = DIRECTION('',(0.,0.,1.));
#9165 = DIRECTION('',(-0.588201434586,0.808714456623,0.));
#9166 = PCURVE('',#9167,#9172);
#9167 = PLANE('',#9168);
#9168 = AXIS2_PLACEMENT_3D('',#9169,#9170,#9171);
#9169 = CARTESIAN_POINT('',(0.,0.,115.));
#9170 = DIRECTION('',(0.,0.,1.));
#9171 = DIRECTION('',(-0.588201434586,0.808714456623,-0.));
#9172 = DEFINITIONAL_REPRESENTATION('',(#9173),#9177);
#9173 = CIRCLE('',#9174,69.68);
#9174 = AXIS2_PLACEMENT_2D('',#9175,#9176);
#9175 = CARTESIAN_POINT('',(0.,0.));
#9176 = DIRECTION('',(1.,-0.));
#9177 = ( GEOMETRIC_REPRESENTATION_CONTEXT(2) 
PARAMETRIC_REPRESENTATION_CONTEXT() REPRESENTATION_CONTEXT('2D SPACE',''
  ) );
#9178 = PCURVE('',#9179,#9184);
#9179 = TOROIDAL_SURFACE('',#9180,70.48,0.8);
#9180 = AXIS2_PLACEMENT_3D('',#9181,#9182,#9183);
#9181 = CARTESIAN_POINT('',(0.,0.,115.));
#9182 = DIRECTION('',(0.,0.,-1.));
#9183 = DIRECTION('',(-0.588201434586,0.808714456623,0.));
#9184 = DEFINITIONAL_REPRESENTATION('',(#9185),#9189);
#9185 = LINE('',#9186,#9187);
#9186 = CARTESIAN_POINT('',(-0.,3.14159265359));
#9187 = VECTOR('',#9188,1.);
#9188 = DIRECTION('',(-1.,0.));
#9189 = ( GEOMETRIC_REPRESENTATION_CONTEXT(2) 
PARAMETRIC_REPRESENTATION_CONTEXT() REPRESENTATION_CONTEXT('2D SPACE',''
  ) );
#9190 = ORIENTED_EDGE('',*,*,#9191,.T.);
#9191 = EDGE_CURVE('',#9158,#9192,#9194,.T.);
#9192 = VERTEX_POINT('',#9193);
#9193 = CARTESIAN_POINT('',(-60.63740995756,44.103343565294,115.));
#9194 = SURFACE_CURVE('',#9195,(#9199,#9206),.PCURVE_S1.);
#9195 = LINE('',#9196,#9197);
#9196 = CARTESIAN_POINT('',(-56.35122333746,40.985875961986,115.));
#9197 = VECTOR('',#9198,1.);
#9198 = DIRECTION('',(-0.808714456623,0.588201434586,0.));
#9199 = PCURVE('',#9167,#9200);
#9200 = DEFINITIONAL_REPRESENTATION('',(#9201),#9205);
#9201 = LINE('',#9202,#9203);
#9202 = CARTESIAN_POINT('',(66.291740815598,21.464097922753));
#9203 = VECTOR('',#9204,1.);
#9204 = DIRECTION('',(0.951374007112,0.308038144701));
#9205 = ( GEOMETRIC_REPRESENTATION_CONTEXT(2) 
PARAMETRIC_REPRESENTATION_CONTEXT() REPRESENTATION_CONTEXT('2D SPACE',''
  ) );
#9206 = PCURVE('',#9207,#9212);
#9207 = PLANE('',#9208);
#9208 = AXIS2_PLACEMENT_3D('',#9209,#9210,#9211);
#9209 = CARTESIAN_POINT('',(-58.56284541604,42.594452720732,
    114.61678217158));
#9210 = DIRECTION('',(-0.588201434586,-0.808714456623,0.));
#9211 = DIRECTION('',(0.,0.,1.));
#9212 = DEFINITIONAL_REPRESENTATION('',(#9213),#9217);
#9213 = LINE('',#9214,#9215);
#9214 = CARTESIAN_POINT('',(0.383217828417,-2.734737904672));
#9215 = VECTOR('',#9216,1.);
#9216 = DIRECTION('',(0.,1.));
#9217 = ( GEOMETRIC_REPRESENTATION_CONTEXT(2) 
PARAMETRIC_REPRESENTATION_CONTEXT() REPRESENTATION_CONTEXT('2D SPACE',''
  ) );
#9218 = ORIENTED_EDGE('',*,*,#9219,.F.);
#9219 = EDGE_CURVE('',#9220,#9192,#9222,.T.);
#9220 = VERTEX_POINT('',#9221);
#9221 = CARTESIAN_POINT('',(-44.10334356529,60.637409957564,115.));
#9222 = SURFACE_CURVE('',#9223,(#9228,#9235),.PCURVE_S1.);
#9223 = CIRCLE('',#9224,74.98);
#9224 = AXIS2_PLACEMENT_3D('',#9225,#9226,#9227);
#9225 = CARTESIAN_POINT('',(0.,0.,115.));
#9226 = DIRECTION('',(0.,0.,1.));
#9227 = DIRECTION('',(-0.588201434586,0.808714456623,0.));
#9228 = PCURVE('',#9167,#9229);
#9229 = DEFINITIONAL_REPRESENTATION('',(#9230),#9234);
#9230 = CIRCLE('',#9231,74.98);
#9231 = AXIS2_PLACEMENT_2D('',#9232,#9233);
#9232 = CARTESIAN_POINT('',(0.,0.));
#9233 = DIRECTION('',(1.,-0.));
#9234 = ( GEOMETRIC_REPRESENTATION_CONTEXT(2) 
PARAMETRIC_REPRESENTATION_CONTEXT() REPRESENTATION_CONTEXT('2D SPACE',''
  ) );
#9235 = PCURVE('',#9236,#9241);
#9236 = CYLINDRICAL_SURFACE('',#9237,74.98);
#9237 = AXIS2_PLACEMENT_3D('',#9238,#9239,#9240);
#9238 = CARTESIAN_POINT('',(0.,0.,115.));
#9239 = DIRECTION('',(0.,0.,-1.));
#9240 = DIRECTION('',(-0.588201434586,0.808714456623,0.));
#9241 = DEFINITIONAL_REPRESENTATION('',(#9242),#9246);
#9242 = LINE('',#9243,#9244);
#9243 = CARTESIAN_POINT('',(-0.,0.));
#9244 = VECTOR('',#9245,1.);
#9245 = DIRECTION('',(-1.,0.));
#9246 = ( GEOMETRIC_REPRESENTATION_CONTEXT(2) 
PARAMETRIC_REPRESENTATION_CONTEXT() REPRESENTATION_CONTEXT('2D SPACE',''
  ) );
#9247 = ORIENTED_EDGE('',*,*,#9248,.F.);
#9248 = EDGE_CURVE('',#9156,#9220,#9249,.T.);
#9249 = SURFACE_CURVE('',#9250,(#9254,#9261),.PCURVE_S1.);
#9250 = LINE('',#9251,#9252);
#9251 = CARTESIAN_POINT('',(-40.98587596198,56.351223337464,115.));
#9252 = VECTOR('',#9253,1.);
#9253 = DIRECTION('',(-0.588201434586,0.808714456623,0.));
#9254 = PCURVE('',#9167,#9255);
#9255 = DEFINITIONAL_REPRESENTATION('',(#9256),#9260);
#9256 = LINE('',#9257,#9258);
#9257 = CARTESIAN_POINT('',(69.68,7.105427357601E-15));
#9258 = VECTOR('',#9259,1.);
#9259 = DIRECTION('',(1.,-0.));
#9260 = ( GEOMETRIC_REPRESENTATION_CONTEXT(2) 
PARAMETRIC_REPRESENTATION_CONTEXT() REPRESENTATION_CONTEXT('2D SPACE',''
  ) );
#9261 = PCURVE('',#9262,#9267);
#9262 = PLANE('',#9263);
#9263 = AXIS2_PLACEMENT_3D('',#9264,#9265,#9266);
#9264 = CARTESIAN_POINT('',(-42.59445272073,58.562845416046,
    114.61678217158));
#9265 = DIRECTION('',(-0.808714456623,-0.588201434586,0.));
#9266 = DIRECTION('',(0.,0.,1.));
#9267 = DEFINITIONAL_REPRESENTATION('',(#9268),#9272);
#9268 = LINE('',#9269,#9270);
#9269 = CARTESIAN_POINT('',(0.383217828417,-2.734737904672));
#9270 = VECTOR('',#9271,1.);
#9271 = DIRECTION('',(0.,1.));
#9272 = ( GEOMETRIC_REPRESENTATION_CONTEXT(2) 
PARAMETRIC_REPRESENTATION_CONTEXT() REPRESENTATION_CONTEXT('2D SPACE',''
  ) );
#9273 = ADVANCED_FACE('',(#9274),#9236,.T.);
#9274 = FACE_BOUND('',#9275,.F.);
#9275 = EDGE_LOOP('',(#9276,#9277,#9300,#9329));
#9276 = ORIENTED_EDGE('',*,*,#9219,.T.);
#9277 = ORIENTED_EDGE('',*,*,#9278,.T.);
#9278 = EDGE_CURVE('',#9192,#9279,#9281,.T.);
#9279 = VERTEX_POINT('',#9280);
#9280 = CARTESIAN_POINT('',(-60.63740995756,44.103343565294,114.2));
#9281 = SURFACE_CURVE('',#9282,(#9286,#9293),.PCURVE_S1.);
#9282 = LINE('',#9283,#9284);
#9283 = CARTESIAN_POINT('',(-60.63740995756,44.103343565294,115.));
#9284 = VECTOR('',#9285,1.);
#9285 = DIRECTION('',(-0.,0.,-1.));
#9286 = PCURVE('',#9236,#9287);
#9287 = DEFINITIONAL_REPRESENTATION('',(#9288),#9292);
#9288 = LINE('',#9289,#9290);
#9289 = CARTESIAN_POINT('',(-0.313130213758,0.));
#9290 = VECTOR('',#9291,1.);
#9291 = DIRECTION('',(-0.,1.));
#9292 = ( GEOMETRIC_REPRESENTATION_CONTEXT(2) 
PARAMETRIC_REPRESENTATION_CONTEXT() REPRESENTATION_CONTEXT('2D SPACE',''
  ) );
#9293 = PCURVE('',#9207,#9294);
#9294 = DEFINITIONAL_REPRESENTATION('',(#9295),#9299);
#9295 = LINE('',#9296,#9297);
#9296 = CARTESIAN_POINT('',(0.383217828417,2.565262095328));
#9297 = VECTOR('',#9298,1.);
#9298 = DIRECTION('',(-1.,0.));
#9299 = ( GEOMETRIC_REPRESENTATION_CONTEXT(2) 
PARAMETRIC_REPRESENTATION_CONTEXT() REPRESENTATION_CONTEXT('2D SPACE',''
  ) );
#9300 = ORIENTED_EDGE('',*,*,#9301,.F.);
#9301 = EDGE_CURVE('',#9302,#9279,#9304,.T.);
#9302 = VERTEX_POINT('',#9303);
#9303 = CARTESIAN_POINT('',(-44.10334356529,60.637409957564,114.2));
#9304 = SURFACE_CURVE('',#9305,(#9310,#9317),.PCURVE_S1.);
#9305 = CIRCLE('',#9306,74.98);
#9306 = AXIS2_PLACEMENT_3D('',#9307,#9308,#9309);
#9307 = CARTESIAN_POINT('',(0.,0.,114.2));
#9308 = DIRECTION('',(0.,0.,1.));
#9309 = DIRECTION('',(-0.588201434586,0.808714456623,0.));
#9310 = PCURVE('',#9236,#9311);
#9311 = DEFINITIONAL_REPRESENTATION('',(#9312),#9316);
#9312 = LINE('',#9313,#9314);
#9313 = CARTESIAN_POINT('',(-0.,0.8));
#9314 = VECTOR('',#9315,1.);
#9315 = DIRECTION('',(-1.,0.));
#9316 = ( GEOMETRIC_REPRESENTATION_CONTEXT(2) 
PARAMETRIC_REPRESENTATION_CONTEXT() REPRESENTATION_CONTEXT('2D SPACE',''
  ) );
#9317 = PCURVE('',#9318,#9323);
#9318 = PLANE('',#9319);
#9319 = AXIS2_PLACEMENT_3D('',#9320,#9321,#9322);
#9320 = CARTESIAN_POINT('',(0.,0.,114.2));
#9321 = DIRECTION('',(0.,0.,1.));
#9322 = DIRECTION('',(-0.588201434586,0.808714456623,0.));
#9323 = DEFINITIONAL_REPRESENTATION('',(#9324),#9328);
#9324 = CIRCLE('',#9325,74.98);
#9325 = AXIS2_PLACEMENT_2D('',#9326,#9327);
#9326 = CARTESIAN_POINT('',(0.,0.));
#9327 = DIRECTION('',(1.,0.));
#9328 = ( GEOMETRIC_REPRESENTATION_CONTEXT(2) 
PARAMETRIC_REPRESENTATION_CONTEXT() REPRESENTATION_CONTEXT('2D SPACE',''
  ) );
#9329 = ORIENTED_EDGE('',*,*,#9330,.F.);
#9330 = EDGE_CURVE('',#9220,#9302,#9331,.T.);
#9331 = SURFACE_CURVE('',#9332,(#9336,#9343),.PCURVE_S1.);
#9332 = LINE('',#9333,#9334);
#9333 = CARTESIAN_POINT('',(-44.10334356529,60.637409957564,115.));
#9334 = VECTOR('',#9335,1.);
#9335 = DIRECTION('',(-0.,0.,-1.));
#9336 = PCURVE('',#9236,#9337);
#9337 = DEFINITIONAL_REPRESENTATION('',(#9338),#9342);
#9338 = LINE('',#9339,#9340);
#9339 = CARTESIAN_POINT('',(-0.,0.));
#9340 = VECTOR('',#9341,1.);
#9341 = DIRECTION('',(-0.,1.));
#9342 = ( GEOMETRIC_REPRESENTATION_CONTEXT(2) 
PARAMETRIC_REPRESENTATION_CONTEXT() REPRESENTATION_CONTEXT('2D SPACE',''
  ) );
#9343 = PCURVE('',#9262,#9344);
#9344 = DEFINITIONAL_REPRESENTATION('',(#9345),#9349);
#9345 = LINE('',#9346,#9347);
#9346 = CARTESIAN_POINT('',(0.383217828417,2.565262095328));
#9347 = VECTOR('',#9348,1.);
#9348 = DIRECTION('',(-1.,0.));
#9349 = ( GEOMETRIC_REPRESENTATION_CONTEXT(2) 
PARAMETRIC_REPRESENTATION_CONTEXT() REPRESENTATION_CONTEXT('2D SPACE',''
  ) );
#9350 = ADVANCED_FACE('',(#9351),#9318,.F.);
#9351 = FACE_BOUND('',#9352,.F.);
#9352 = EDGE_LOOP('',(#9353,#9354,#9377,#9401));
#9353 = ORIENTED_EDGE('',*,*,#9301,.T.);
#9354 = ORIENTED_EDGE('',*,*,#9355,.T.);
#9355 = EDGE_CURVE('',#9279,#9356,#9358,.T.);
#9356 = VERTEX_POINT('',#9357);
#9357 = CARTESIAN_POINT('',(-56.99819490276,41.456437109655,114.2));
#9358 = SURFACE_CURVE('',#9359,(#9363,#9370),.PCURVE_S1.);
#9359 = LINE('',#9360,#9361);
#9360 = CARTESIAN_POINT('',(-60.63740995756,44.103343565294,114.2));
#9361 = VECTOR('',#9362,1.);
#9362 = DIRECTION('',(0.808714456623,-0.588201434586,0.));
#9363 = PCURVE('',#9318,#9364);
#9364 = DEFINITIONAL_REPRESENTATION('',(#9365),#9369);
#9365 = LINE('',#9366,#9367);
#9366 = CARTESIAN_POINT('',(71.334023053294,23.096700089668));
#9367 = VECTOR('',#9368,1.);
#9368 = DIRECTION('',(-0.951374007112,-0.308038144701));
#9369 = ( GEOMETRIC_REPRESENTATION_CONTEXT(2) 
PARAMETRIC_REPRESENTATION_CONTEXT() REPRESENTATION_CONTEXT('2D SPACE',''
  ) );
#9370 = PCURVE('',#9207,#9371);
#9371 = DEFINITIONAL_REPRESENTATION('',(#9372),#9376);
#9372 = LINE('',#9373,#9374);
#9373 = CARTESIAN_POINT('',(-0.416782171583,2.565262095328));
#9374 = VECTOR('',#9375,1.);
#9375 = DIRECTION('',(0.,-1.));
#9376 = ( GEOMETRIC_REPRESENTATION_CONTEXT(2) 
PARAMETRIC_REPRESENTATION_CONTEXT() REPRESENTATION_CONTEXT('2D SPACE',''
  ) );
#9377 = ORIENTED_EDGE('',*,*,#9378,.F.);
#9378 = EDGE_CURVE('',#9379,#9356,#9381,.T.);
#9379 = VERTEX_POINT('',#9380);
#9380 = CARTESIAN_POINT('',(-41.45643710965,56.998194902762,114.2));
#9381 = SURFACE_CURVE('',#9382,(#9387,#9394),.PCURVE_S1.);
#9382 = CIRCLE('',#9383,70.48);
#9383 = AXIS2_PLACEMENT_3D('',#9384,#9385,#9386);
#9384 = CARTESIAN_POINT('',(0.,0.,114.2));
#9385 = DIRECTION('',(0.,0.,1.));
#9386 = DIRECTION('',(-0.588201434586,0.808714456623,0.));
#9387 = PCURVE('',#9318,#9388);
#9388 = DEFINITIONAL_REPRESENTATION('',(#9389),#9393);
#9389 = CIRCLE('',#9390,70.48);
#9390 = AXIS2_PLACEMENT_2D('',#9391,#9392);
#9391 = CARTESIAN_POINT('',(0.,0.));
#9392 = DIRECTION('',(1.,0.));
#9393 = ( GEOMETRIC_REPRESENTATION_CONTEXT(2) 
PARAMETRIC_REPRESENTATION_CONTEXT() REPRESENTATION_CONTEXT('2D SPACE',''
  ) );
#9394 = PCURVE('',#9179,#9395);
#9395 = DEFINITIONAL_REPRESENTATION('',(#9396),#9400);
#9396 = LINE('',#9397,#9398);
#9397 = CARTESIAN_POINT('',(-0.,1.570796326795));
#9398 = VECTOR('',#9399,1.);
#9399 = DIRECTION('',(-1.,0.));
#9400 = ( GEOMETRIC_REPRESENTATION_CONTEXT(2) 
PARAMETRIC_REPRESENTATION_CONTEXT() REPRESENTATION_CONTEXT('2D SPACE',''
  ) );
#9401 = ORIENTED_EDGE('',*,*,#9402,.F.);
#9402 = EDGE_CURVE('',#9302,#9379,#9403,.T.);
#9403 = SURFACE_CURVE('',#9404,(#9408,#9415),.PCURVE_S1.);
#9404 = LINE('',#9405,#9406);
#9405 = CARTESIAN_POINT('',(-44.10334356529,60.637409957564,114.2));
#9406 = VECTOR('',#9407,1.);
#9407 = DIRECTION('',(0.588201434586,-0.808714456623,0.));
#9408 = PCURVE('',#9318,#9409);
#9409 = DEFINITIONAL_REPRESENTATION('',(#9410),#9414);
#9410 = LINE('',#9411,#9412);
#9411 = CARTESIAN_POINT('',(74.98,0.));
#9412 = VECTOR('',#9413,1.);
#9413 = DIRECTION('',(-1.,0.));
#9414 = ( GEOMETRIC_REPRESENTATION_CONTEXT(2) 
PARAMETRIC_REPRESENTATION_CONTEXT() REPRESENTATION_CONTEXT('2D SPACE',''
  ) );
#9415 = PCURVE('',#9262,#9416);
#9416 = DEFINITIONAL_REPRESENTATION('',(#9417),#9421);
#9417 = LINE('',#9418,#9419);
#9418 = CARTESIAN_POINT('',(-0.416782171583,2.565262095328));
#9419 = VECTOR('',#9420,1.);
#9420 = DIRECTION('',(0.,-1.));
#9421 = ( GEOMETRIC_REPRESENTATION_CONTEXT(2) 
PARAMETRIC_REPRESENTATION_CONTEXT() REPRESENTATION_CONTEXT('2D SPACE',''
  ) );
#9422 = ADVANCED_FACE('',(#9423),#9179,.T.);
#9423 = FACE_BOUND('',#9424,.F.);
#9424 = EDGE_LOOP('',(#9425,#9426,#9448,#9449));
#9425 = ORIENTED_EDGE('',*,*,#9378,.T.);
#9426 = ORIENTED_EDGE('',*,*,#9427,.T.);
#9427 = EDGE_CURVE('',#9356,#9158,#9428,.T.);
#9428 = SURFACE_CURVE('',#9429,(#9434,#9441),.PCURVE_S1.);
#9429 = CIRCLE('',#9430,0.8);
#9430 = AXIS2_PLACEMENT_3D('',#9431,#9432,#9433);
#9431 = CARTESIAN_POINT('',(-56.99819490276,41.456437109655,115.));
#9432 = DIRECTION('',(-0.588201434586,-0.808714456623,0.));
#9433 = DIRECTION('',(-0.,0.,-1.));
#9434 = PCURVE('',#9179,#9435);
#9435 = DEFINITIONAL_REPRESENTATION('',(#9436),#9440);
#9436 = LINE('',#9437,#9438);
#9437 = CARTESIAN_POINT('',(-0.313130213758,1.570796326795));
#9438 = VECTOR('',#9439,1.);
#9439 = DIRECTION('',(-0.,1.));
#9440 = ( GEOMETRIC_REPRESENTATION_CONTEXT(2) 
PARAMETRIC_REPRESENTATION_CONTEXT() REPRESENTATION_CONTEXT('2D SPACE',''
  ) );
#9441 = PCURVE('',#9207,#9442);
#9442 = DEFINITIONAL_REPRESENTATION('',(#9443),#9447);
#9443 = CIRCLE('',#9444,0.8);
#9444 = AXIS2_PLACEMENT_2D('',#9445,#9446);
#9445 = CARTESIAN_POINT('',(0.383217828417,-1.934737904672));
#9446 = DIRECTION('',(-1.,0.));
#9447 = ( GEOMETRIC_REPRESENTATION_CONTEXT(2) 
PARAMETRIC_REPRESENTATION_CONTEXT() REPRESENTATION_CONTEXT('2D SPACE',''
  ) );
#9448 = ORIENTED_EDGE('',*,*,#9155,.F.);
#9449 = ORIENTED_EDGE('',*,*,#9450,.F.);
#9450 = EDGE_CURVE('',#9379,#9156,#9451,.T.);
#9451 = SURFACE_CURVE('',#9452,(#9457,#9464),.PCURVE_S1.);
#9452 = CIRCLE('',#9453,0.8);
#9453 = AXIS2_PLACEMENT_3D('',#9454,#9455,#9456);
#9454 = CARTESIAN_POINT('',(-41.45643710965,56.998194902762,115.));
#9455 = DIRECTION('',(-0.808714456623,-0.588201434586,0.));
#9456 = DIRECTION('',(-0.,0.,-1.));
#9457 = PCURVE('',#9179,#9458);
#9458 = DEFINITIONAL_REPRESENTATION('',(#9459),#9463);
#9459 = LINE('',#9460,#9461);
#9460 = CARTESIAN_POINT('',(-0.,1.570796326795));
#9461 = VECTOR('',#9462,1.);
#9462 = DIRECTION('',(-0.,1.));
#9463 = ( GEOMETRIC_REPRESENTATION_CONTEXT(2) 
PARAMETRIC_REPRESENTATION_CONTEXT() REPRESENTATION_CONTEXT('2D SPACE',''
  ) );
#9464 = PCURVE('',#9262,#9465);
#9465 = DEFINITIONAL_REPRESENTATION('',(#9466),#9470);
#9466 = CIRCLE('',#9467,0.8);
#9467 = AXIS2_PLACEMENT_2D('',#9468,#9469);
#9468 = CARTESIAN_POINT('',(0.383217828417,-1.934737904672));
#9469 = DIRECTION('',(-1.,0.));
#9470 = ( GEOMETRIC_REPRESENTATION_CONTEXT(2) 
PARAMETRIC_REPRESENTATION_CONTEXT() REPRESENTATION_CONTEXT('2D SPACE',''
  ) );
#9471 = ADVANCED_FACE('',(#9472),#9262,.F.);
#9472 = FACE_BOUND('',#9473,.F.);
#9473 = EDGE_LOOP('',(#9474,#9475,#9476,#9477));
#9474 = ORIENTED_EDGE('',*,*,#9248,.T.);
#9475 = ORIENTED_EDGE('',*,*,#9330,.T.);
#9476 = ORIENTED_EDGE('',*,*,#9402,.T.);
#9477 = ORIENTED_EDGE('',*,*,#9450,.T.);
#9478 = ADVANCED_FACE('',(#9479),#9207,.T.);
#9479 = FACE_BOUND('',#9480,.T.);
#9480 = EDGE_LOOP('',(#9481,#9482,#9483,#9484));
#9481 = ORIENTED_EDGE('',*,*,#9191,.T.);
#9482 = ORIENTED_EDGE('',*,*,#9278,.T.);
#9483 = ORIENTED_EDGE('',*,*,#9355,.T.);
#9484 = ORIENTED_EDGE('',*,*,#9427,.T.);
#9485 = ( GEOMETRIC_REPRESENTATION_CONTEXT(3) 
GLOBAL_UNCERTAINTY_ASSIGNED_CONTEXT((#9489)) 
GLOBAL_UNIT_ASSIGNED_CONTEXT((#9486,#9487,#9488)) REPRESENTATION_CONTEXT
('Context #1','3D Context with UNIT and UNCERTAINTY') );
#9486 = ( LENGTH_UNIT() NAMED_UNIT(*) SI_UNIT(.MILLI.,.METRE.) );
#9487 = ( NAMED_UNIT(*) PLANE_ANGLE_UNIT() SI_UNIT($,.RADIAN.) );
#9488 = ( NAMED_UNIT(*) SI_UNIT($,.STERADIAN.) SOLID_ANGLE_UNIT() );
#9489 = UNCERTAINTY_MEASURE_WITH_UNIT(LENGTH_MEASURE(1.E-07),#9486,
  'distance_accuracy_value','confusion accuracy');
#9490 = PRODUCT_RELATED_PRODUCT_CATEGORY('part',$,(#9145));
#9491 = SHAPE_DEFINITION_REPRESENTATION(#9492,#9498);
#9492 = PRODUCT_DEFINITION_SHAPE('','',#9493);
#9493 = PRODUCT_DEFINITION('design','',#9494,#9497);
#9494 = PRODUCT_DEFINITION_FORMATION('','',#9495);
#9495 = PRODUCT('Open CASCADE STEP translator 7.8 17',
  'Open CASCADE STEP translator 7.8 17','',(#9496));
#9496 = PRODUCT_CONTEXT('',#2,'mechanical');
#9497 = PRODUCT_DEFINITION_CONTEXT('part definition',#2,'design');
#9498 = ADVANCED_BREP_SHAPE_REPRESENTATION('',(#11,#9499),#9835);
#9499 = MANIFOLD_SOLID_BREP('',#9500);
#9500 = CLOSED_SHELL('',(#9501,#9623,#9700,#9772,#9821,#9828));
#9501 = ADVANCED_FACE('',(#9502),#9517,.T.);
#9502 = FACE_BOUND('',#9503,.F.);
#9503 = EDGE_LOOP('',(#9504,#9540,#9568,#9597));
#9504 = ORIENTED_EDGE('',*,*,#9505,.T.);
#9505 = EDGE_CURVE('',#9506,#9508,#9510,.T.);
#9506 = VERTEX_POINT('',#9507);
#9507 = CARTESIAN_POINT('',(-68.82772297566,10.864941324487,115.));
#9508 = VERTEX_POINT('',#9509);
#9509 = CARTESIAN_POINT('',(-68.82772297566,-10.86494132448,115.));
#9510 = SURFACE_CURVE('',#9511,(#9516,#9528),.PCURVE_S1.);
#9511 = CIRCLE('',#9512,69.68);
#9512 = AXIS2_PLACEMENT_3D('',#9513,#9514,#9515);
#9513 = CARTESIAN_POINT('',(0.,0.,115.));
#9514 = DIRECTION('',(0.,0.,1.));
#9515 = DIRECTION('',(-0.987768699421,0.155926253222,0.));
#9516 = PCURVE('',#9517,#9522);
#9517 = PLANE('',#9518);
#9518 = AXIS2_PLACEMENT_3D('',#9519,#9520,#9521);
#9519 = CARTESIAN_POINT('',(0.,0.,115.));
#9520 = DIRECTION('',(0.,0.,1.));
#9521 = DIRECTION('',(-0.987768699421,0.155926253222,-0.));
#9522 = DEFINITIONAL_REPRESENTATION('',(#9523),#9527);
#9523 = CIRCLE('',#9524,69.68);
#9524 = AXIS2_PLACEMENT_2D('',#9525,#9526);
#9525 = CARTESIAN_POINT('',(0.,0.));
#9526 = DIRECTION('',(1.,-0.));
#9527 = ( GEOMETRIC_REPRESENTATION_CONTEXT(2) 
PARAMETRIC_REPRESENTATION_CONTEXT() REPRESENTATION_CONTEXT('2D SPACE',''
  ) );
#9528 = PCURVE('',#9529,#9534);
#9529 = TOROIDAL_SURFACE('',#9530,70.48,0.8);
#9530 = AXIS2_PLACEMENT_3D('',#9531,#9532,#9533);
#9531 = CARTESIAN_POINT('',(0.,0.,115.));
#9532 = DIRECTION('',(0.,0.,-1.));
#9533 = DIRECTION('',(-0.987768699421,0.155926253222,0.));
#9534 = DEFINITIONAL_REPRESENTATION('',(#9535),#9539);
#9535 = LINE('',#9536,#9537);
#9536 = CARTESIAN_POINT('',(-0.,3.14159265359));
#9537 = VECTOR('',#9538,1.);
#9538 = DIRECTION('',(-1.,0.));
#9539 = ( GEOMETRIC_REPRESENTATION_CONTEXT(2) 
PARAMETRIC_REPRESENTATION_CONTEXT() REPRESENTATION_CONTEXT('2D SPACE',''
  ) );
#9540 = ORIENTED_EDGE('',*,*,#9541,.T.);
#9541 = EDGE_CURVE('',#9508,#9542,#9544,.T.);
#9542 = VERTEX_POINT('',#9543);
#9543 = CARTESIAN_POINT('',(-74.0628970826,-11.69135046656,115.));
#9544 = SURFACE_CURVE('',#9545,(#9549,#9556),.PCURVE_S1.);
#9545 = LINE('',#9546,#9547);
#9546 = CARTESIAN_POINT('',(-68.82772297566,-10.86494132448,115.));
#9547 = VECTOR('',#9548,1.);
#9548 = DIRECTION('',(-0.987768699421,-0.155926253222,0.));
#9549 = PCURVE('',#9517,#9550);
#9550 = DEFINITIONAL_REPRESENTATION('',(#9551),#9555);
#9551 = LINE('',#9552,#9553);
#9552 = CARTESIAN_POINT('',(66.291740815598,21.464097922753));
#9553 = VECTOR('',#9554,1.);
#9554 = DIRECTION('',(0.951374007112,0.308038144701));
#9555 = ( GEOMETRIC_REPRESENTATION_CONTEXT(2) 
PARAMETRIC_REPRESENTATION_CONTEXT() REPRESENTATION_CONTEXT('2D SPACE',''
  ) );
#9556 = PCURVE('',#9557,#9562);
#9557 = PLANE('',#9558);
#9558 = AXIS2_PLACEMENT_3D('',#9559,#9560,#9561);
#9559 = CARTESIAN_POINT('',(-71.52901147902,-11.2913587595,
    114.61678217158));
#9560 = DIRECTION('',(0.155926253222,-0.987768699421,0.));
#9561 = DIRECTION('',(0.,0.,1.));
#9562 = DEFINITIONAL_REPRESENTATION('',(#9563),#9567);
#9563 = LINE('',#9564,#9565);
#9564 = CARTESIAN_POINT('',(0.383217828417,-2.734737904672));
#9565 = VECTOR('',#9566,1.);
#9566 = DIRECTION('',(0.,1.));
#9567 = ( GEOMETRIC_REPRESENTATION_CONTEXT(2) 
PARAMETRIC_REPRESENTATION_CONTEXT() REPRESENTATION_CONTEXT('2D SPACE',''
  ) );
#9568 = ORIENTED_EDGE('',*,*,#9569,.F.);
#9569 = EDGE_CURVE('',#9570,#9542,#9572,.T.);
#9570 = VERTEX_POINT('',#9571);
#9571 = CARTESIAN_POINT('',(-74.0628970826,11.691350466562,115.));
#9572 = SURFACE_CURVE('',#9573,(#9578,#9585),.PCURVE_S1.);
#9573 = CIRCLE('',#9574,74.98);
#9574 = AXIS2_PLACEMENT_3D('',#9575,#9576,#9577);
#9575 = CARTESIAN_POINT('',(0.,0.,115.));
#9576 = DIRECTION('',(0.,0.,1.));
#9577 = DIRECTION('',(-0.987768699421,0.155926253222,0.));
#9578 = PCURVE('',#9517,#9579);
#9579 = DEFINITIONAL_REPRESENTATION('',(#9580),#9584);
#9580 = CIRCLE('',#9581,74.98);
#9581 = AXIS2_PLACEMENT_2D('',#9582,#9583);
#9582 = CARTESIAN_POINT('',(0.,0.));
#9583 = DIRECTION('',(1.,-0.));
#9584 = ( GEOMETRIC_REPRESENTATION_CONTEXT(2) 
PARAMETRIC_REPRESENTATION_CONTEXT() REPRESENTATION_CONTEXT('2D SPACE',''
  ) );
#9585 = PCURVE('',#9586,#9591);
#9586 = CYLINDRICAL_SURFACE('',#9587,74.98);
#9587 = AXIS2_PLACEMENT_3D('',#9588,#9589,#9590);
#9588 = CARTESIAN_POINT('',(0.,0.,115.));
#9589 = DIRECTION('',(0.,0.,-1.));
#9590 = DIRECTION('',(-0.987768699421,0.155926253222,0.));
#9591 = DEFINITIONAL_REPRESENTATION('',(#9592),#9596);
#9592 = LINE('',#9593,#9594);
#9593 = CARTESIAN_POINT('',(-0.,0.));
#9594 = VECTOR('',#9595,1.);
#9595 = DIRECTION('',(-1.,0.));
#9596 = ( GEOMETRIC_REPRESENTATION_CONTEXT(2) 
PARAMETRIC_REPRESENTATION_CONTEXT() REPRESENTATION_CONTEXT('2D SPACE',''
  ) );
#9597 = ORIENTED_EDGE('',*,*,#9598,.F.);
#9598 = EDGE_CURVE('',#9506,#9570,#9599,.T.);
#9599 = SURFACE_CURVE('',#9600,(#9604,#9611),.PCURVE_S1.);
#9600 = LINE('',#9601,#9602);
#9601 = CARTESIAN_POINT('',(-68.82772297566,10.864941324487,115.));
#9602 = VECTOR('',#9603,1.);
#9603 = DIRECTION('',(-0.987768699421,0.155926253222,0.));
#9604 = PCURVE('',#9517,#9605);
#9605 = DEFINITIONAL_REPRESENTATION('',(#9606),#9610);
#9606 = LINE('',#9607,#9608);
#9607 = CARTESIAN_POINT('',(69.68,1.7763568394E-15));
#9608 = VECTOR('',#9609,1.);
#9609 = DIRECTION('',(1.,-0.));
#9610 = ( GEOMETRIC_REPRESENTATION_CONTEXT(2) 
PARAMETRIC_REPRESENTATION_CONTEXT() REPRESENTATION_CONTEXT('2D SPACE',''
  ) );
#9611 = PCURVE('',#9612,#9617);
#9612 = PLANE('',#9613);
#9613 = AXIS2_PLACEMENT_3D('',#9614,#9615,#9616);
#9614 = CARTESIAN_POINT('',(-71.52901147902,11.291358759506,
    114.61678217158));
#9615 = DIRECTION('',(-0.155926253222,-0.987768699421,0.));
#9616 = DIRECTION('',(0.,0.,1.));
#9617 = DEFINITIONAL_REPRESENTATION('',(#9618),#9622);
#9618 = LINE('',#9619,#9620);
#9619 = CARTESIAN_POINT('',(0.383217828417,-2.734737904672));
#9620 = VECTOR('',#9621,1.);
#9621 = DIRECTION('',(0.,1.));
#9622 = ( GEOMETRIC_REPRESENTATION_CONTEXT(2) 
PARAMETRIC_REPRESENTATION_CONTEXT() REPRESENTATION_CONTEXT('2D SPACE',''
  ) );
#9623 = ADVANCED_FACE('',(#9624),#9586,.T.);
#9624 = FACE_BOUND('',#9625,.F.);
#9625 = EDGE_LOOP('',(#9626,#9627,#9650,#9679));
#9626 = ORIENTED_EDGE('',*,*,#9569,.T.);
#9627 = ORIENTED_EDGE('',*,*,#9628,.T.);
#9628 = EDGE_CURVE('',#9542,#9629,#9631,.T.);
#9629 = VERTEX_POINT('',#9630);
#9630 = CARTESIAN_POINT('',(-74.0628970826,-11.69135046656,114.2));
#9631 = SURFACE_CURVE('',#9632,(#9636,#9643),.PCURVE_S1.);
#9632 = LINE('',#9633,#9634);
#9633 = CARTESIAN_POINT('',(-74.0628970826,-11.69135046656,115.));
#9634 = VECTOR('',#9635,1.);
#9635 = DIRECTION('',(-0.,0.,-1.));
#9636 = PCURVE('',#9586,#9637);
#9637 = DEFINITIONAL_REPRESENTATION('',(#9638),#9642);
#9638 = LINE('',#9639,#9640);
#9639 = CARTESIAN_POINT('',(-0.313130213758,0.));
#9640 = VECTOR('',#9641,1.);
#9641 = DIRECTION('',(-0.,1.));
#9642 = ( GEOMETRIC_REPRESENTATION_CONTEXT(2) 
PARAMETRIC_REPRESENTATION_CONTEXT() REPRESENTATION_CONTEXT('2D SPACE',''
  ) );
#9643 = PCURVE('',#9557,#9644);
#9644 = DEFINITIONAL_REPRESENTATION('',(#9645),#9649);
#9645 = LINE('',#9646,#9647);
#9646 = CARTESIAN_POINT('',(0.383217828417,2.565262095328));
#9647 = VECTOR('',#9648,1.);
#9648 = DIRECTION('',(-1.,0.));
#9649 = ( GEOMETRIC_REPRESENTATION_CONTEXT(2) 
PARAMETRIC_REPRESENTATION_CONTEXT() REPRESENTATION_CONTEXT('2D SPACE',''
  ) );
#9650 = ORIENTED_EDGE('',*,*,#9651,.F.);
#9651 = EDGE_CURVE('',#9652,#9629,#9654,.T.);
#9652 = VERTEX_POINT('',#9653);
#9653 = CARTESIAN_POINT('',(-74.0628970826,11.691350466562,114.2));
#9654 = SURFACE_CURVE('',#9655,(#9660,#9667),.PCURVE_S1.);
#9655 = CIRCLE('',#9656,74.98);
#9656 = AXIS2_PLACEMENT_3D('',#9657,#9658,#9659);
#9657 = CARTESIAN_POINT('',(0.,0.,114.2));
#9658 = DIRECTION('',(0.,0.,1.));
#9659 = DIRECTION('',(-0.987768699421,0.155926253222,0.));
#9660 = PCURVE('',#9586,#9661);
#9661 = DEFINITIONAL_REPRESENTATION('',(#9662),#9666);
#9662 = LINE('',#9663,#9664);
#9663 = CARTESIAN_POINT('',(-0.,0.8));
#9664 = VECTOR('',#9665,1.);
#9665 = DIRECTION('',(-1.,0.));
#9666 = ( GEOMETRIC_REPRESENTATION_CONTEXT(2) 
PARAMETRIC_REPRESENTATION_CONTEXT() REPRESENTATION_CONTEXT('2D SPACE',''
  ) );
#9667 = PCURVE('',#9668,#9673);
#9668 = PLANE('',#9669);
#9669 = AXIS2_PLACEMENT_3D('',#9670,#9671,#9672);
#9670 = CARTESIAN_POINT('',(0.,0.,114.2));
#9671 = DIRECTION('',(0.,0.,1.));
#9672 = DIRECTION('',(-0.987768699421,0.155926253222,0.));
#9673 = DEFINITIONAL_REPRESENTATION('',(#9674),#9678);
#9674 = CIRCLE('',#9675,74.98);
#9675 = AXIS2_PLACEMENT_2D('',#9676,#9677);
#9676 = CARTESIAN_POINT('',(0.,0.));
#9677 = DIRECTION('',(1.,0.));
#9678 = ( GEOMETRIC_REPRESENTATION_CONTEXT(2) 
PARAMETRIC_REPRESENTATION_CONTEXT() REPRESENTATION_CONTEXT('2D SPACE',''
  ) );
#9679 = ORIENTED_EDGE('',*,*,#9680,.F.);
#9680 = EDGE_CURVE('',#9570,#9652,#9681,.T.);
#9681 = SURFACE_CURVE('',#9682,(#9686,#9693),.PCURVE_S1.);
#9682 = LINE('',#9683,#9684);
#9683 = CARTESIAN_POINT('',(-74.0628970826,11.691350466562,115.));
#9684 = VECTOR('',#9685,1.);
#9685 = DIRECTION('',(-0.,0.,-1.));
#9686 = PCURVE('',#9586,#9687);
#9687 = DEFINITIONAL_REPRESENTATION('',(#9688),#9692);
#9688 = LINE('',#9689,#9690);
#9689 = CARTESIAN_POINT('',(-0.,0.));
#9690 = VECTOR('',#9691,1.);
#9691 = DIRECTION('',(-0.,1.));
#9692 = ( GEOMETRIC_REPRESENTATION_CONTEXT(2) 
PARAMETRIC_REPRESENTATION_CONTEXT() REPRESENTATION_CONTEXT('2D SPACE',''
  ) );
#9693 = PCURVE('',#9612,#9694);
#9694 = DEFINITIONAL_REPRESENTATION('',(#9695),#9699);
#9695 = LINE('',#9696,#9697);
#9696 = CARTESIAN_POINT('',(0.383217828417,2.565262095328));
#9697 = VECTOR('',#9698,1.);
#9698 = DIRECTION('',(-1.,0.));
#9699 = ( GEOMETRIC_REPRESENTATION_CONTEXT(2) 
PARAMETRIC_REPRESENTATION_CONTEXT() REPRESENTATION_CONTEXT('2D SPACE',''
  ) );
#9700 = ADVANCED_FACE('',(#9701),#9668,.F.);
#9701 = FACE_BOUND('',#9702,.F.);
#9702 = EDGE_LOOP('',(#9703,#9704,#9727,#9751));
#9703 = ORIENTED_EDGE('',*,*,#9651,.T.);
#9704 = ORIENTED_EDGE('',*,*,#9705,.T.);
#9705 = EDGE_CURVE('',#9629,#9706,#9708,.T.);
#9706 = VERTEX_POINT('',#9707);
#9707 = CARTESIAN_POINT('',(-69.6179379352,-10.98968232706,114.2));
#9708 = SURFACE_CURVE('',#9709,(#9713,#9720),.PCURVE_S1.);
#9709 = LINE('',#9710,#9711);
#9710 = CARTESIAN_POINT('',(-74.0628970826,-11.69135046656,114.2));
#9711 = VECTOR('',#9712,1.);
#9712 = DIRECTION('',(0.987768699421,0.155926253222,0.));
#9713 = PCURVE('',#9668,#9714);
#9714 = DEFINITIONAL_REPRESENTATION('',(#9715),#9719);
#9715 = LINE('',#9716,#9717);
#9716 = CARTESIAN_POINT('',(71.334023053294,23.096700089668));
#9717 = VECTOR('',#9718,1.);
#9718 = DIRECTION('',(-0.951374007112,-0.308038144701));
#9719 = ( GEOMETRIC_REPRESENTATION_CONTEXT(2) 
PARAMETRIC_REPRESENTATION_CONTEXT() REPRESENTATION_CONTEXT('2D SPACE',''
  ) );
#9720 = PCURVE('',#9557,#9721);
#9721 = DEFINITIONAL_REPRESENTATION('',(#9722),#9726);
#9722 = LINE('',#9723,#9724);
#9723 = CARTESIAN_POINT('',(-0.416782171583,2.565262095328));
#9724 = VECTOR('',#9725,1.);
#9725 = DIRECTION('',(0.,-1.));
#9726 = ( GEOMETRIC_REPRESENTATION_CONTEXT(2) 
PARAMETRIC_REPRESENTATION_CONTEXT() REPRESENTATION_CONTEXT('2D SPACE',''
  ) );
#9727 = ORIENTED_EDGE('',*,*,#9728,.F.);
#9728 = EDGE_CURVE('',#9729,#9706,#9731,.T.);
#9729 = VERTEX_POINT('',#9730);
#9730 = CARTESIAN_POINT('',(-69.6179379352,10.989682327065,114.2));
#9731 = SURFACE_CURVE('',#9732,(#9737,#9744),.PCURVE_S1.);
#9732 = CIRCLE('',#9733,70.48);
#9733 = AXIS2_PLACEMENT_3D('',#9734,#9735,#9736);
#9734 = CARTESIAN_POINT('',(0.,0.,114.2));
#9735 = DIRECTION('',(0.,0.,1.));
#9736 = DIRECTION('',(-0.987768699421,0.155926253222,0.));
#9737 = PCURVE('',#9668,#9738);
#9738 = DEFINITIONAL_REPRESENTATION('',(#9739),#9743);
#9739 = CIRCLE('',#9740,70.48);
#9740 = AXIS2_PLACEMENT_2D('',#9741,#9742);
#9741 = CARTESIAN_POINT('',(0.,0.));
#9742 = DIRECTION('',(1.,0.));
#9743 = ( GEOMETRIC_REPRESENTATION_CONTEXT(2) 
PARAMETRIC_REPRESENTATION_CONTEXT() REPRESENTATION_CONTEXT('2D SPACE',''
  ) );
#9744 = PCURVE('',#9529,#9745);
#9745 = DEFINITIONAL_REPRESENTATION('',(#9746),#9750);
#9746 = LINE('',#9747,#9748);
#9747 = CARTESIAN_POINT('',(-0.,1.570796326795));
#9748 = VECTOR('',#9749,1.);
#9749 = DIRECTION('',(-1.,0.));
#9750 = ( GEOMETRIC_REPRESENTATION_CONTEXT(2) 
PARAMETRIC_REPRESENTATION_CONTEXT() REPRESENTATION_CONTEXT('2D SPACE',''
  ) );
#9751 = ORIENTED_EDGE('',*,*,#9752,.F.);
#9752 = EDGE_CURVE('',#9652,#9729,#9753,.T.);
#9753 = SURFACE_CURVE('',#9754,(#9758,#9765),.PCURVE_S1.);
#9754 = LINE('',#9755,#9756);
#9755 = CARTESIAN_POINT('',(-74.0628970826,11.691350466562,114.2));
#9756 = VECTOR('',#9757,1.);
#9757 = DIRECTION('',(0.987768699421,-0.155926253222,0.));
#9758 = PCURVE('',#9668,#9759);
#9759 = DEFINITIONAL_REPRESENTATION('',(#9760),#9764);
#9760 = LINE('',#9761,#9762);
#9761 = CARTESIAN_POINT('',(74.98,1.7763568394E-15));
#9762 = VECTOR('',#9763,1.);
#9763 = DIRECTION('',(-1.,0.));
#9764 = ( GEOMETRIC_REPRESENTATION_CONTEXT(2) 
PARAMETRIC_REPRESENTATION_CONTEXT() REPRESENTATION_CONTEXT('2D SPACE',''
  ) );
#9765 = PCURVE('',#9612,#9766);
#9766 = DEFINITIONAL_REPRESENTATION('',(#9767),#9771);
#9767 = LINE('',#9768,#9769);
#9768 = CARTESIAN_POINT('',(-0.416782171583,2.565262095328));
#9769 = VECTOR('',#9770,1.);
#9770 = DIRECTION('',(0.,-1.));
#9771 = ( GEOMETRIC_REPRESENTATION_CONTEXT(2) 
PARAMETRIC_REPRESENTATION_CONTEXT() REPRESENTATION_CONTEXT('2D SPACE',''
  ) );
#9772 = ADVANCED_FACE('',(#9773),#9529,.T.);
#9773 = FACE_BOUND('',#9774,.F.);
#9774 = EDGE_LOOP('',(#9775,#9776,#9798,#9799));
#9775 = ORIENTED_EDGE('',*,*,#9728,.T.);
#9776 = ORIENTED_EDGE('',*,*,#9777,.T.);
#9777 = EDGE_CURVE('',#9706,#9508,#9778,.T.);
#9778 = SURFACE_CURVE('',#9779,(#9784,#9791),.PCURVE_S1.);
#9779 = CIRCLE('',#9780,0.8);
#9780 = AXIS2_PLACEMENT_3D('',#9781,#9782,#9783);
#9781 = CARTESIAN_POINT('',(-69.6179379352,-10.98968232706,115.));
#9782 = DIRECTION('',(0.155926253222,-0.987768699421,-0.));
#9783 = DIRECTION('',(-0.,0.,-1.));
#9784 = PCURVE('',#9529,#9785);
#9785 = DEFINITIONAL_REPRESENTATION('',(#9786),#9790);
#9786 = LINE('',#9787,#9788);
#9787 = CARTESIAN_POINT('',(-0.313130213758,1.570796326795));
#9788 = VECTOR('',#9789,1.);
#9789 = DIRECTION('',(-0.,1.));
#9790 = ( GEOMETRIC_REPRESENTATION_CONTEXT(2) 
PARAMETRIC_REPRESENTATION_CONTEXT() REPRESENTATION_CONTEXT('2D SPACE',''
  ) );
#9791 = PCURVE('',#9557,#9792);
#9792 = DEFINITIONAL_REPRESENTATION('',(#9793),#9797);
#9793 = CIRCLE('',#9794,0.8);
#9794 = AXIS2_PLACEMENT_2D('',#9795,#9796);
#9795 = CARTESIAN_POINT('',(0.383217828417,-1.934737904672));
#9796 = DIRECTION('',(-1.,0.));
#9797 = ( GEOMETRIC_REPRESENTATION_CONTEXT(2) 
PARAMETRIC_REPRESENTATION_CONTEXT() REPRESENTATION_CONTEXT('2D SPACE',''
  ) );
#9798 = ORIENTED_EDGE('',*,*,#9505,.F.);
#9799 = ORIENTED_EDGE('',*,*,#9800,.F.);
#9800 = EDGE_CURVE('',#9729,#9506,#9801,.T.);
#9801 = SURFACE_CURVE('',#9802,(#9807,#9814),.PCURVE_S1.);
#9802 = CIRCLE('',#9803,0.8);
#9803 = AXIS2_PLACEMENT_3D('',#9804,#9805,#9806);
#9804 = CARTESIAN_POINT('',(-69.6179379352,10.989682327065,115.));
#9805 = DIRECTION('',(-0.155926253222,-0.987768699421,0.));
#9806 = DIRECTION('',(-0.,0.,-1.));
#9807 = PCURVE('',#9529,#9808);
#9808 = DEFINITIONAL_REPRESENTATION('',(#9809),#9813);
#9809 = LINE('',#9810,#9811);
#9810 = CARTESIAN_POINT('',(-0.,1.570796326795));
#9811 = VECTOR('',#9812,1.);
#9812 = DIRECTION('',(-0.,1.));
#9813 = ( GEOMETRIC_REPRESENTATION_CONTEXT(2) 
PARAMETRIC_REPRESENTATION_CONTEXT() REPRESENTATION_CONTEXT('2D SPACE',''
  ) );
#9814 = PCURVE('',#9612,#9815);
#9815 = DEFINITIONAL_REPRESENTATION('',(#9816),#9820);
#9816 = CIRCLE('',#9817,0.8);
#9817 = AXIS2_PLACEMENT_2D('',#9818,#9819);
#9818 = CARTESIAN_POINT('',(0.383217828417,-1.934737904672));
#9819 = DIRECTION('',(-1.,0.));
#9820 = ( GEOMETRIC_REPRESENTATION_CONTEXT(2) 
PARAMETRIC_REPRESENTATION_CONTEXT() REPRESENTATION_CONTEXT('2D SPACE',''
  ) );
#9821 = ADVANCED_FACE('',(#9822),#9612,.F.);
#9822 = FACE_BOUND('',#9823,.F.);
#9823 = EDGE_LOOP('',(#9824,#9825,#9826,#9827));
#9824 = ORIENTED_EDGE('',*,*,#9598,.T.);
#9825 = ORIENTED_EDGE('',*,*,#9680,.T.);
#9826 = ORIENTED_EDGE('',*,*,#9752,.T.);
#9827 = ORIENTED_EDGE('',*,*,#9800,.T.);
#9828 = ADVANCED_FACE('',(#9829),#9557,.T.);
#9829 = FACE_BOUND('',#9830,.T.);
#9830 = EDGE_LOOP('',(#9831,#9832,#9833,#9834));
#9831 = ORIENTED_EDGE('',*,*,#9541,.T.);
#9832 = ORIENTED_EDGE('',*,*,#9628,.T.);
#9833 = ORIENTED_EDGE('',*,*,#9705,.T.);
#9834 = ORIENTED_EDGE('',*,*,#9777,.T.);
#9835 = ( GEOMETRIC_REPRESENTATION_CONTEXT(3) 
GLOBAL_UNCERTAINTY_ASSIGNED_CONTEXT((#9839)) 
GLOBAL_UNIT_ASSIGNED_CONTEXT((#9836,#9837,#9838)) REPRESENTATION_CONTEXT
('Context #1','3D Context with UNIT and UNCERTAINTY') );
#9836 = ( LENGTH_UNIT() NAMED_UNIT(*) SI_UNIT(.MILLI.,.METRE.) );
#9837 = ( NAMED_UNIT(*) PLANE_ANGLE_UNIT() SI_UNIT($,.RADIAN.) );
#9838 = ( NAMED_UNIT(*) SI_UNIT($,.STERADIAN.) SOLID_ANGLE_UNIT() );
#9839 = UNCERTAINTY_MEASURE_WITH_UNIT(LENGTH_MEASURE(1.E-07),#9836,
  'distance_accuracy_value','confusion accuracy');
#9840 = PRODUCT_RELATED_PRODUCT_CATEGORY('part',$,(#9495));
#9841 = SHAPE_DEFINITION_REPRESENTATION(#9842,#9848);
#9842 = PRODUCT_DEFINITION_SHAPE('','',#9843);
#9843 = PRODUCT_DEFINITION('design','',#9844,#9847);
#9844 = PRODUCT_DEFINITION_FORMATION('','',#9845);
#9845 = PRODUCT('Open CASCADE STEP translator 7.8 18',
  'Open CASCADE STEP translator 7.8 18','',(#9846));
#9846 = PRODUCT_CONTEXT('',#2,'mechanical');
#9847 = PRODUCT_DEFINITION_CONTEXT('part definition',#2,'design');
#9848 = ADVANCED_BREP_SHAPE_REPRESENTATION('',(#11,#9849),#10185);
#9849 = MANIFOLD_SOLID_BREP('',#9850);
#9850 = CLOSED_SHELL('',(#9851,#9973,#10050,#10122,#10171,#10178));
#9851 = ADVANCED_FACE('',(#9852),#9867,.T.);
#9852 = FACE_BOUND('',#9853,.F.);
#9853 = EDGE_LOOP('',(#9854,#9890,#9918,#9947));
#9854 = ORIENTED_EDGE('',*,*,#9855,.T.);
#9855 = EDGE_CURVE('',#9856,#9858,#9860,.T.);
#9856 = VERTEX_POINT('',#9857);
#9857 = CARTESIAN_POINT('',(-56.35122333746,-40.98587596198,115.));
#9858 = VERTEX_POINT('',#9859);
#9859 = CARTESIAN_POINT('',(-40.98587596198,-56.35122333746,115.));
#9860 = SURFACE_CURVE('',#9861,(#9866,#9878),.PCURVE_S1.);
#9861 = CIRCLE('',#9862,69.68);
#9862 = AXIS2_PLACEMENT_3D('',#9863,#9864,#9865);
#9863 = CARTESIAN_POINT('',(0.,0.,115.));
#9864 = DIRECTION('',(0.,0.,1.));
#9865 = DIRECTION('',(-0.808714456623,-0.588201434586,0.));
#9866 = PCURVE('',#9867,#9872);
#9867 = PLANE('',#9868);
#9868 = AXIS2_PLACEMENT_3D('',#9869,#9870,#9871);
#9869 = CARTESIAN_POINT('',(0.,0.,115.));
#9870 = DIRECTION('',(0.,0.,1.));
#9871 = DIRECTION('',(-0.808714456623,-0.588201434586,-0.));
#9872 = DEFINITIONAL_REPRESENTATION('',(#9873),#9877);
#9873 = CIRCLE('',#9874,69.68);
#9874 = AXIS2_PLACEMENT_2D('',#9875,#9876);
#9875 = CARTESIAN_POINT('',(0.,0.));
#9876 = DIRECTION('',(1.,-0.));
#9877 = ( GEOMETRIC_REPRESENTATION_CONTEXT(2) 
PARAMETRIC_REPRESENTATION_CONTEXT() REPRESENTATION_CONTEXT('2D SPACE',''
  ) );
#9878 = PCURVE('',#9879,#9884);
#9879 = TOROIDAL_SURFACE('',#9880,70.48,0.8);
#9880 = AXIS2_PLACEMENT_3D('',#9881,#9882,#9883);
#9881 = CARTESIAN_POINT('',(0.,0.,115.));
#9882 = DIRECTION('',(0.,0.,-1.));
#9883 = DIRECTION('',(-0.808714456623,-0.588201434586,0.));
#9884 = DEFINITIONAL_REPRESENTATION('',(#9885),#9889);
#9885 = LINE('',#9886,#9887);
#9886 = CARTESIAN_POINT('',(-0.,3.14159265359));
#9887 = VECTOR('',#9888,1.);
#9888 = DIRECTION('',(-1.,0.));
#9889 = ( GEOMETRIC_REPRESENTATION_CONTEXT(2) 
PARAMETRIC_REPRESENTATION_CONTEXT() REPRESENTATION_CONTEXT('2D SPACE',''
  ) );
#9890 = ORIENTED_EDGE('',*,*,#9891,.T.);
#9891 = EDGE_CURVE('',#9858,#9892,#9894,.T.);
#9892 = VERTEX_POINT('',#9893);
#9893 = CARTESIAN_POINT('',(-44.10334356529,-60.63740995756,115.));
#9894 = SURFACE_CURVE('',#9895,(#9899,#9906),.PCURVE_S1.);
#9895 = LINE('',#9896,#9897);
#9896 = CARTESIAN_POINT('',(-40.98587596198,-56.35122333746,115.));
#9897 = VECTOR('',#9898,1.);
#9898 = DIRECTION('',(-0.588201434586,-0.808714456623,0.));
#9899 = PCURVE('',#9867,#9900);
#9900 = DEFINITIONAL_REPRESENTATION('',(#9901),#9905);
#9901 = LINE('',#9902,#9903);
#9902 = CARTESIAN_POINT('',(66.291740815598,21.464097922753));
#9903 = VECTOR('',#9904,1.);
#9904 = DIRECTION('',(0.951374007112,0.308038144701));
#9905 = ( GEOMETRIC_REPRESENTATION_CONTEXT(2) 
PARAMETRIC_REPRESENTATION_CONTEXT() REPRESENTATION_CONTEXT('2D SPACE',''
  ) );
#9906 = PCURVE('',#9907,#9912);
#9907 = PLANE('',#9908);
#9908 = AXIS2_PLACEMENT_3D('',#9909,#9910,#9911);
#9909 = CARTESIAN_POINT('',(-42.59445272073,-58.56284541604,
    114.61678217158));
#9910 = DIRECTION('',(0.808714456623,-0.588201434586,0.));
#9911 = DIRECTION('',(0.,0.,1.));
#9912 = DEFINITIONAL_REPRESENTATION('',(#9913),#9917);
#9913 = LINE('',#9914,#9915);
#9914 = CARTESIAN_POINT('',(0.383217828417,-2.734737904672));
#9915 = VECTOR('',#9916,1.);
#9916 = DIRECTION('',(0.,1.));
#9917 = ( GEOMETRIC_REPRESENTATION_CONTEXT(2) 
PARAMETRIC_REPRESENTATION_CONTEXT() REPRESENTATION_CONTEXT('2D SPACE',''
  ) );
#9918 = ORIENTED_EDGE('',*,*,#9919,.F.);
#9919 = EDGE_CURVE('',#9920,#9892,#9922,.T.);
#9920 = VERTEX_POINT('',#9921);
#9921 = CARTESIAN_POINT('',(-60.63740995756,-44.10334356529,115.));
#9922 = SURFACE_CURVE('',#9923,(#9928,#9935),.PCURVE_S1.);
#9923 = CIRCLE('',#9924,74.98);
#9924 = AXIS2_PLACEMENT_3D('',#9925,#9926,#9927);
#9925 = CARTESIAN_POINT('',(0.,0.,115.));
#9926 = DIRECTION('',(0.,0.,1.));
#9927 = DIRECTION('',(-0.808714456623,-0.588201434586,0.));
#9928 = PCURVE('',#9867,#9929);
#9929 = DEFINITIONAL_REPRESENTATION('',(#9930),#9934);
#9930 = CIRCLE('',#9931,74.98);
#9931 = AXIS2_PLACEMENT_2D('',#9932,#9933);
#9932 = CARTESIAN_POINT('',(0.,0.));
#9933 = DIRECTION('',(1.,-0.));
#9934 = ( GEOMETRIC_REPRESENTATION_CONTEXT(2) 
PARAMETRIC_REPRESENTATION_CONTEXT() REPRESENTATION_CONTEXT('2D SPACE',''
  ) );
#9935 = PCURVE('',#9936,#9941);
#9936 = CYLINDRICAL_SURFACE('',#9937,74.98);
#9937 = AXIS2_PLACEMENT_3D('',#9938,#9939,#9940);
#9938 = CARTESIAN_POINT('',(0.,0.,115.));
#9939 = DIRECTION('',(0.,0.,-1.));
#9940 = DIRECTION('',(-0.808714456623,-0.588201434586,0.));
#9941 = DEFINITIONAL_REPRESENTATION('',(#9942),#9946);
#9942 = LINE('',#9943,#9944);
#9943 = CARTESIAN_POINT('',(-0.,0.));
#9944 = VECTOR('',#9945,1.);
#9945 = DIRECTION('',(-1.,0.));
#9946 = ( GEOMETRIC_REPRESENTATION_CONTEXT(2) 
PARAMETRIC_REPRESENTATION_CONTEXT() REPRESENTATION_CONTEXT('2D SPACE',''
  ) );
#9947 = ORIENTED_EDGE('',*,*,#9948,.F.);
#9948 = EDGE_CURVE('',#9856,#9920,#9949,.T.);
#9949 = SURFACE_CURVE('',#9950,(#9954,#9961),.PCURVE_S1.);
#9950 = LINE('',#9951,#9952);
#9951 = CARTESIAN_POINT('',(-56.35122333746,-40.98587596198,115.));
#9952 = VECTOR('',#9953,1.);
#9953 = DIRECTION('',(-0.808714456623,-0.588201434586,0.));
#9954 = PCURVE('',#9867,#9955);
#9955 = DEFINITIONAL_REPRESENTATION('',(#9956),#9960);
#9956 = LINE('',#9957,#9958);
#9957 = CARTESIAN_POINT('',(69.68,-0.));
#9958 = VECTOR('',#9959,1.);
#9959 = DIRECTION('',(1.,-0.));
#9960 = ( GEOMETRIC_REPRESENTATION_CONTEXT(2) 
PARAMETRIC_REPRESENTATION_CONTEXT() REPRESENTATION_CONTEXT('2D SPACE',''
  ) );
#9961 = PCURVE('',#9962,#9967);
#9962 = PLANE('',#9963);
#9963 = AXIS2_PLACEMENT_3D('',#9964,#9965,#9966);
#9964 = CARTESIAN_POINT('',(-58.56284541604,-42.59445272073,
    114.61678217158));
#9965 = DIRECTION('',(0.588201434586,-0.808714456623,0.));
#9966 = DIRECTION('',(0.,0.,1.));
#9967 = DEFINITIONAL_REPRESENTATION('',(#9968),#9972);
#9968 = LINE('',#9969,#9970);
#9969 = CARTESIAN_POINT('',(0.383217828417,-2.734737904672));
#9970 = VECTOR('',#9971,1.);
#9971 = DIRECTION('',(0.,1.));
#9972 = ( GEOMETRIC_REPRESENTATION_CONTEXT(2) 
PARAMETRIC_REPRESENTATION_CONTEXT() REPRESENTATION_CONTEXT('2D SPACE',''
  ) );
#9973 = ADVANCED_FACE('',(#9974),#9936,.T.);
#9974 = FACE_BOUND('',#9975,.F.);
#9975 = EDGE_LOOP('',(#9976,#9977,#10000,#10029));
#9976 = ORIENTED_EDGE('',*,*,#9919,.T.);
#9977 = ORIENTED_EDGE('',*,*,#9978,.T.);
#9978 = EDGE_CURVE('',#9892,#9979,#9981,.T.);
#9979 = VERTEX_POINT('',#9980);
#9980 = CARTESIAN_POINT('',(-44.10334356529,-60.63740995756,114.2));
#9981 = SURFACE_CURVE('',#9982,(#9986,#9993),.PCURVE_S1.);
#9982 = LINE('',#9983,#9984);
#9983 = CARTESIAN_POINT('',(-44.10334356529,-60.63740995756,115.));
#9984 = VECTOR('',#9985,1.);
#9985 = DIRECTION('',(0.,0.,-1.));
#9986 = PCURVE('',#9936,#9987);
#9987 = DEFINITIONAL_REPRESENTATION('',(#9988),#9992);
#9988 = LINE('',#9989,#9990);
#9989 = CARTESIAN_POINT('',(-0.313130213758,0.));
#9990 = VECTOR('',#9991,1.);
#9991 = DIRECTION('',(-0.,1.));
#9992 = ( GEOMETRIC_REPRESENTATION_CONTEXT(2) 
PARAMETRIC_REPRESENTATION_CONTEXT() REPRESENTATION_CONTEXT('2D SPACE',''
  ) );
#9993 = PCURVE('',#9907,#9994);
#9994 = DEFINITIONAL_REPRESENTATION('',(#9995),#9999);
#9995 = LINE('',#9996,#9997);
#9996 = CARTESIAN_POINT('',(0.383217828417,2.565262095328));
#9997 = VECTOR('',#9998,1.);
#9998 = DIRECTION('',(-1.,-0.));
#9999 = ( GEOMETRIC_REPRESENTATION_CONTEXT(2) 
PARAMETRIC_REPRESENTATION_CONTEXT() REPRESENTATION_CONTEXT('2D SPACE',''
  ) );
#10000 = ORIENTED_EDGE('',*,*,#10001,.F.);
#10001 = EDGE_CURVE('',#10002,#9979,#10004,.T.);
#10002 = VERTEX_POINT('',#10003);
#10003 = CARTESIAN_POINT('',(-60.63740995756,-44.10334356529,114.2));
#10004 = SURFACE_CURVE('',#10005,(#10010,#10017),.PCURVE_S1.);
#10005 = CIRCLE('',#10006,74.98);
#10006 = AXIS2_PLACEMENT_3D('',#10007,#10008,#10009);
#10007 = CARTESIAN_POINT('',(0.,0.,114.2));
#10008 = DIRECTION('',(0.,0.,1.));
#10009 = DIRECTION('',(-0.808714456623,-0.588201434586,0.));
#10010 = PCURVE('',#9936,#10011);
#10011 = DEFINITIONAL_REPRESENTATION('',(#10012),#10016);
#10012 = LINE('',#10013,#10014);
#10013 = CARTESIAN_POINT('',(-0.,0.8));
#10014 = VECTOR('',#10015,1.);
#10015 = DIRECTION('',(-1.,0.));
#10016 = ( GEOMETRIC_REPRESENTATION_CONTEXT(2) 
PARAMETRIC_REPRESENTATION_CONTEXT() REPRESENTATION_CONTEXT('2D SPACE',''
  ) );
#10017 = PCURVE('',#10018,#10023);
#10018 = PLANE('',#10019);
#10019 = AXIS2_PLACEMENT_3D('',#10020,#10021,#10022);
#10020 = CARTESIAN_POINT('',(0.,0.,114.2));
#10021 = DIRECTION('',(0.,0.,1.));
#10022 = DIRECTION('',(-0.808714456623,-0.588201434586,0.));
#10023 = DEFINITIONAL_REPRESENTATION('',(#10024),#10028);
#10024 = CIRCLE('',#10025,74.98);
#10025 = AXIS2_PLACEMENT_2D('',#10026,#10027);
#10026 = CARTESIAN_POINT('',(0.,0.));
#10027 = DIRECTION('',(1.,0.));
#10028 = ( GEOMETRIC_REPRESENTATION_CONTEXT(2) 
PARAMETRIC_REPRESENTATION_CONTEXT() REPRESENTATION_CONTEXT('2D SPACE',''
  ) );
#10029 = ORIENTED_EDGE('',*,*,#10030,.F.);
#10030 = EDGE_CURVE('',#9920,#10002,#10031,.T.);
#10031 = SURFACE_CURVE('',#10032,(#10036,#10043),.PCURVE_S1.);
#10032 = LINE('',#10033,#10034);
#10033 = CARTESIAN_POINT('',(-60.63740995756,-44.10334356529,115.));
#10034 = VECTOR('',#10035,1.);
#10035 = DIRECTION('',(0.,-0.,-1.));
#10036 = PCURVE('',#9936,#10037);
#10037 = DEFINITIONAL_REPRESENTATION('',(#10038),#10042);
#10038 = LINE('',#10039,#10040);
#10039 = CARTESIAN_POINT('',(-0.,0.));
#10040 = VECTOR('',#10041,1.);
#10041 = DIRECTION('',(-0.,1.));
#10042 = ( GEOMETRIC_REPRESENTATION_CONTEXT(2) 
PARAMETRIC_REPRESENTATION_CONTEXT() REPRESENTATION_CONTEXT('2D SPACE',''
  ) );
#10043 = PCURVE('',#9962,#10044);
#10044 = DEFINITIONAL_REPRESENTATION('',(#10045),#10049);
#10045 = LINE('',#10046,#10047);
#10046 = CARTESIAN_POINT('',(0.383217828417,2.565262095328));
#10047 = VECTOR('',#10048,1.);
#10048 = DIRECTION('',(-1.,-0.));
#10049 = ( GEOMETRIC_REPRESENTATION_CONTEXT(2) 
PARAMETRIC_REPRESENTATION_CONTEXT() REPRESENTATION_CONTEXT('2D SPACE',''
  ) );
#10050 = ADVANCED_FACE('',(#10051),#10018,.F.);
#10051 = FACE_BOUND('',#10052,.F.);
#10052 = EDGE_LOOP('',(#10053,#10054,#10077,#10101));
#10053 = ORIENTED_EDGE('',*,*,#10001,.T.);
#10054 = ORIENTED_EDGE('',*,*,#10055,.T.);
#10055 = EDGE_CURVE('',#9979,#10056,#10058,.T.);
#10056 = VERTEX_POINT('',#10057);
#10057 = CARTESIAN_POINT('',(-41.45643710965,-56.99819490276,114.2));
#10058 = SURFACE_CURVE('',#10059,(#10063,#10070),.PCURVE_S1.);
#10059 = LINE('',#10060,#10061);
#10060 = CARTESIAN_POINT('',(-44.10334356529,-60.63740995756,114.2));
#10061 = VECTOR('',#10062,1.);
#10062 = DIRECTION('',(0.588201434586,0.808714456623,0.));
#10063 = PCURVE('',#10018,#10064);
#10064 = DEFINITIONAL_REPRESENTATION('',(#10065),#10069);
#10065 = LINE('',#10066,#10067);
#10066 = CARTESIAN_POINT('',(71.334023053294,23.096700089668));
#10067 = VECTOR('',#10068,1.);
#10068 = DIRECTION('',(-0.951374007112,-0.308038144701));
#10069 = ( GEOMETRIC_REPRESENTATION_CONTEXT(2) 
PARAMETRIC_REPRESENTATION_CONTEXT() REPRESENTATION_CONTEXT('2D SPACE',''
  ) );
#10070 = PCURVE('',#9907,#10071);
#10071 = DEFINITIONAL_REPRESENTATION('',(#10072),#10076);
#10072 = LINE('',#10073,#10074);
#10073 = CARTESIAN_POINT('',(-0.416782171583,2.565262095328));
#10074 = VECTOR('',#10075,1.);
#10075 = DIRECTION('',(0.,-1.));
#10076 = ( GEOMETRIC_REPRESENTATION_CONTEXT(2) 
PARAMETRIC_REPRESENTATION_CONTEXT() REPRESENTATION_CONTEXT('2D SPACE',''
  ) );
#10077 = ORIENTED_EDGE('',*,*,#10078,.F.);
#10078 = EDGE_CURVE('',#10079,#10056,#10081,.T.);
#10079 = VERTEX_POINT('',#10080);
#10080 = CARTESIAN_POINT('',(-56.99819490276,-41.45643710965,114.2));
#10081 = SURFACE_CURVE('',#10082,(#10087,#10094),.PCURVE_S1.);
#10082 = CIRCLE('',#10083,70.48);
#10083 = AXIS2_PLACEMENT_3D('',#10084,#10085,#10086);
#10084 = CARTESIAN_POINT('',(0.,0.,114.2));
#10085 = DIRECTION('',(0.,0.,1.));
#10086 = DIRECTION('',(-0.808714456623,-0.588201434586,0.));
#10087 = PCURVE('',#10018,#10088);
#10088 = DEFINITIONAL_REPRESENTATION('',(#10089),#10093);
#10089 = CIRCLE('',#10090,70.48);
#10090 = AXIS2_PLACEMENT_2D('',#10091,#10092);
#10091 = CARTESIAN_POINT('',(0.,0.));
#10092 = DIRECTION('',(1.,0.));
#10093 = ( GEOMETRIC_REPRESENTATION_CONTEXT(2) 
PARAMETRIC_REPRESENTATION_CONTEXT() REPRESENTATION_CONTEXT('2D SPACE',''
  ) );
#10094 = PCURVE('',#9879,#10095);
#10095 = DEFINITIONAL_REPRESENTATION('',(#10096),#10100);
#10096 = LINE('',#10097,#10098);
#10097 = CARTESIAN_POINT('',(-0.,1.570796326795));
#10098 = VECTOR('',#10099,1.);
#10099 = DIRECTION('',(-1.,0.));
#10100 = ( GEOMETRIC_REPRESENTATION_CONTEXT(2) 
PARAMETRIC_REPRESENTATION_CONTEXT() REPRESENTATION_CONTEXT('2D SPACE',''
  ) );
#10101 = ORIENTED_EDGE('',*,*,#10102,.F.);
#10102 = EDGE_CURVE('',#10002,#10079,#10103,.T.);
#10103 = SURFACE_CURVE('',#10104,(#10108,#10115),.PCURVE_S1.);
#10104 = LINE('',#10105,#10106);
#10105 = CARTESIAN_POINT('',(-60.63740995756,-44.10334356529,114.2));
#10106 = VECTOR('',#10107,1.);
#10107 = DIRECTION('',(0.808714456623,0.588201434586,0.));
#10108 = PCURVE('',#10018,#10109);
#10109 = DEFINITIONAL_REPRESENTATION('',(#10110),#10114);
#10110 = LINE('',#10111,#10112);
#10111 = CARTESIAN_POINT('',(74.98,-7.105427357601E-15));
#10112 = VECTOR('',#10113,1.);
#10113 = DIRECTION('',(-1.,0.));
#10114 = ( GEOMETRIC_REPRESENTATION_CONTEXT(2) 
PARAMETRIC_REPRESENTATION_CONTEXT() REPRESENTATION_CONTEXT('2D SPACE',''
  ) );
#10115 = PCURVE('',#9962,#10116);
#10116 = DEFINITIONAL_REPRESENTATION('',(#10117),#10121);
#10117 = LINE('',#10118,#10119);
#10118 = CARTESIAN_POINT('',(-0.416782171583,2.565262095328));
#10119 = VECTOR('',#10120,1.);
#10120 = DIRECTION('',(0.,-1.));
#10121 = ( GEOMETRIC_REPRESENTATION_CONTEXT(2) 
PARAMETRIC_REPRESENTATION_CONTEXT() REPRESENTATION_CONTEXT('2D SPACE',''
  ) );
#10122 = ADVANCED_FACE('',(#10123),#9879,.T.);
#10123 = FACE_BOUND('',#10124,.F.);
#10124 = EDGE_LOOP('',(#10125,#10126,#10148,#10149));
#10125 = ORIENTED_EDGE('',*,*,#10078,.T.);
#10126 = ORIENTED_EDGE('',*,*,#10127,.T.);
#10127 = EDGE_CURVE('',#10056,#9858,#10128,.T.);
#10128 = SURFACE_CURVE('',#10129,(#10134,#10141),.PCURVE_S1.);
#10129 = CIRCLE('',#10130,0.8);
#10130 = AXIS2_PLACEMENT_3D('',#10131,#10132,#10133);
#10131 = CARTESIAN_POINT('',(-41.45643710965,-56.99819490276,115.));
#10132 = DIRECTION('',(0.808714456623,-0.588201434586,0.));
#10133 = DIRECTION('',(0.,0.,-1.));
#10134 = PCURVE('',#9879,#10135);
#10135 = DEFINITIONAL_REPRESENTATION('',(#10136),#10140);
#10136 = LINE('',#10137,#10138);
#10137 = CARTESIAN_POINT('',(-0.313130213758,1.570796326795));
#10138 = VECTOR('',#10139,1.);
#10139 = DIRECTION('',(-0.,1.));
#10140 = ( GEOMETRIC_REPRESENTATION_CONTEXT(2) 
PARAMETRIC_REPRESENTATION_CONTEXT() REPRESENTATION_CONTEXT('2D SPACE',''
  ) );
#10141 = PCURVE('',#9907,#10142);
#10142 = DEFINITIONAL_REPRESENTATION('',(#10143),#10147);
#10143 = CIRCLE('',#10144,0.8);
#10144 = AXIS2_PLACEMENT_2D('',#10145,#10146);
#10145 = CARTESIAN_POINT('',(0.383217828417,-1.934737904672));
#10146 = DIRECTION('',(-1.,-0.));
#10147 = ( GEOMETRIC_REPRESENTATION_CONTEXT(2) 
PARAMETRIC_REPRESENTATION_CONTEXT() REPRESENTATION_CONTEXT('2D SPACE',''
  ) );
#10148 = ORIENTED_EDGE('',*,*,#9855,.F.);
#10149 = ORIENTED_EDGE('',*,*,#10150,.F.);
#10150 = EDGE_CURVE('',#10079,#9856,#10151,.T.);
#10151 = SURFACE_CURVE('',#10152,(#10157,#10164),.PCURVE_S1.);
#10152 = CIRCLE('',#10153,0.8);
#10153 = AXIS2_PLACEMENT_3D('',#10154,#10155,#10156);
#10154 = CARTESIAN_POINT('',(-56.99819490276,-41.45643710965,115.));
#10155 = DIRECTION('',(0.588201434586,-0.808714456623,0.));
#10156 = DIRECTION('',(0.,-0.,-1.));
#10157 = PCURVE('',#9879,#10158);
#10158 = DEFINITIONAL_REPRESENTATION('',(#10159),#10163);
#10159 = LINE('',#10160,#10161);
#10160 = CARTESIAN_POINT('',(-0.,1.570796326795));
#10161 = VECTOR('',#10162,1.);
#10162 = DIRECTION('',(-0.,1.));
#10163 = ( GEOMETRIC_REPRESENTATION_CONTEXT(2) 
PARAMETRIC_REPRESENTATION_CONTEXT() REPRESENTATION_CONTEXT('2D SPACE',''
  ) );
#10164 = PCURVE('',#9962,#10165);
#10165 = DEFINITIONAL_REPRESENTATION('',(#10166),#10170);
#10166 = CIRCLE('',#10167,0.8);
#10167 = AXIS2_PLACEMENT_2D('',#10168,#10169);
#10168 = CARTESIAN_POINT('',(0.383217828417,-1.934737904672));
#10169 = DIRECTION('',(-1.,-0.));
#10170 = ( GEOMETRIC_REPRESENTATION_CONTEXT(2) 
PARAMETRIC_REPRESENTATION_CONTEXT() REPRESENTATION_CONTEXT('2D SPACE',''
  ) );
#10171 = ADVANCED_FACE('',(#10172),#9962,.F.);
#10172 = FACE_BOUND('',#10173,.F.);
#10173 = EDGE_LOOP('',(#10174,#10175,#10176,#10177));
#10174 = ORIENTED_EDGE('',*,*,#9948,.T.);
#10175 = ORIENTED_EDGE('',*,*,#10030,.T.);
#10176 = ORIENTED_EDGE('',*,*,#10102,.T.);
#10177 = ORIENTED_EDGE('',*,*,#10150,.T.);
#10178 = ADVANCED_FACE('',(#10179),#9907,.T.);
#10179 = FACE_BOUND('',#10180,.T.);
#10180 = EDGE_LOOP('',(#10181,#10182,#10183,#10184));
#10181 = ORIENTED_EDGE('',*,*,#9891,.T.);
#10182 = ORIENTED_EDGE('',*,*,#9978,.T.);
#10183 = ORIENTED_EDGE('',*,*,#10055,.T.);
#10184 = ORIENTED_EDGE('',*,*,#10127,.T.);
#10185 = ( GEOMETRIC_REPRESENTATION_CONTEXT(3) 
GLOBAL_UNCERTAINTY_ASSIGNED_CONTEXT((#10189)) 
GLOBAL_UNIT_ASSIGNED_CONTEXT((#10186,#10187,#10188)) 
REPRESENTATION_CONTEXT('Context #1',
  '3D Context with UNIT and UNCERTAINTY') );
#10186 = ( LENGTH_UNIT() NAMED_UNIT(*) SI_UNIT(.MILLI.,.METRE.) );
#10187 = ( NAMED_UNIT(*) PLANE_ANGLE_UNIT() SI_UNIT($,.RADIAN.) );
#10188 = ( NAMED_UNIT(*) SI_UNIT($,.STERADIAN.) SOLID_ANGLE_UNIT() );
#10189 = UNCERTAINTY_MEASURE_WITH_UNIT(LENGTH_MEASURE(1.E-07),#10186,
  'distance_accuracy_value','confusion accuracy');
#10190 = PRODUCT_RELATED_PRODUCT_CATEGORY('part',$,(#9845));
#10191 = SHAPE_DEFINITION_REPRESENTATION(#10192,#10198);
#10192 = PRODUCT_DEFINITION_SHAPE('','',#10193);
#10193 = PRODUCT_DEFINITION('design','',#10194,#10197);
#10194 = PRODUCT_DEFINITION_FORMATION('','',#10195);
#10195 = PRODUCT('Open CASCADE STEP translator 7.8 19',
  'Open CASCADE STEP translator 7.8 19','',(#10196));
#10196 = PRODUCT_CONTEXT('',#2,'mechanical');
#10197 = PRODUCT_DEFINITION_CONTEXT('part definition',#2,'design');
#10198 = ADVANCED_BREP_SHAPE_REPRESENTATION('',(#11,#10199),#10535);
#10199 = MANIFOLD_SOLID_BREP('',#10200);
#10200 = CLOSED_SHELL('',(#10201,#10323,#10400,#10472,#10521,#10528));
#10201 = ADVANCED_FACE('',(#10202),#10217,.T.);
#10202 = FACE_BOUND('',#10203,.F.);
#10203 = EDGE_LOOP('',(#10204,#10240,#10268,#10297));
#10204 = ORIENTED_EDGE('',*,*,#10205,.T.);
#10205 = EDGE_CURVE('',#10206,#10208,#10210,.T.);
#10206 = VERTEX_POINT('',#10207);
#10207 = CARTESIAN_POINT('',(-10.86494132448,-68.82772297566,115.));
#10208 = VERTEX_POINT('',#10209);
#10209 = CARTESIAN_POINT('',(10.864941324487,-68.82772297566,115.));
#10210 = SURFACE_CURVE('',#10211,(#10216,#10228),.PCURVE_S1.);
#10211 = CIRCLE('',#10212,69.68);
#10212 = AXIS2_PLACEMENT_3D('',#10213,#10214,#10215);
#10213 = CARTESIAN_POINT('',(0.,0.,115.));
#10214 = DIRECTION('',(0.,0.,1.));
#10215 = DIRECTION('',(-0.155926253222,-0.987768699421,0.));
#10216 = PCURVE('',#10217,#10222);
#10217 = PLANE('',#10218);
#10218 = AXIS2_PLACEMENT_3D('',#10219,#10220,#10221);
#10219 = CARTESIAN_POINT('',(0.,0.,115.));
#10220 = DIRECTION('',(0.,0.,1.));
#10221 = DIRECTION('',(-0.155926253222,-0.987768699421,-0.));
#10222 = DEFINITIONAL_REPRESENTATION('',(#10223),#10227);
#10223 = CIRCLE('',#10224,69.68);
#10224 = AXIS2_PLACEMENT_2D('',#10225,#10226);
#10225 = CARTESIAN_POINT('',(0.,0.));
#10226 = DIRECTION('',(1.,-0.));
#10227 = ( GEOMETRIC_REPRESENTATION_CONTEXT(2) 
PARAMETRIC_REPRESENTATION_CONTEXT() REPRESENTATION_CONTEXT('2D SPACE',''
  ) );
#10228 = PCURVE('',#10229,#10234);
#10229 = TOROIDAL_SURFACE('',#10230,70.48,0.8);
#10230 = AXIS2_PLACEMENT_3D('',#10231,#10232,#10233);
#10231 = CARTESIAN_POINT('',(0.,0.,115.));
#10232 = DIRECTION('',(0.,0.,-1.));
#10233 = DIRECTION('',(-0.155926253222,-0.987768699421,0.));
#10234 = DEFINITIONAL_REPRESENTATION('',(#10235),#10239);
#10235 = LINE('',#10236,#10237);
#10236 = CARTESIAN_POINT('',(-0.,3.14159265359));
#10237 = VECTOR('',#10238,1.);
#10238 = DIRECTION('',(-1.,0.));
#10239 = ( GEOMETRIC_REPRESENTATION_CONTEXT(2) 
PARAMETRIC_REPRESENTATION_CONTEXT() REPRESENTATION_CONTEXT('2D SPACE',''
  ) );
#10240 = ORIENTED_EDGE('',*,*,#10241,.T.);
#10241 = EDGE_CURVE('',#10208,#10242,#10244,.T.);
#10242 = VERTEX_POINT('',#10243);
#10243 = CARTESIAN_POINT('',(11.691350466562,-74.0628970826,115.));
#10244 = SURFACE_CURVE('',#10245,(#10249,#10256),.PCURVE_S1.);
#10245 = LINE('',#10246,#10247);
#10246 = CARTESIAN_POINT('',(10.864941324487,-68.82772297566,115.));
#10247 = VECTOR('',#10248,1.);
#10248 = DIRECTION('',(0.155926253222,-0.987768699421,0.));
#10249 = PCURVE('',#10217,#10250);
#10250 = DEFINITIONAL_REPRESENTATION('',(#10251),#10255);
#10251 = LINE('',#10252,#10253);
#10252 = CARTESIAN_POINT('',(66.291740815598,21.464097922753));
#10253 = VECTOR('',#10254,1.);
#10254 = DIRECTION('',(0.951374007112,0.308038144701));
#10255 = ( GEOMETRIC_REPRESENTATION_CONTEXT(2) 
PARAMETRIC_REPRESENTATION_CONTEXT() REPRESENTATION_CONTEXT('2D SPACE',''
  ) );
#10256 = PCURVE('',#10257,#10262);
#10257 = PLANE('',#10258);
#10258 = AXIS2_PLACEMENT_3D('',#10259,#10260,#10261);
#10259 = CARTESIAN_POINT('',(11.291358759506,-71.52901147902,
    114.61678217158));
#10260 = DIRECTION('',(0.987768699421,0.155926253222,0.));
#10261 = DIRECTION('',(0.,0.,1.));
#10262 = DEFINITIONAL_REPRESENTATION('',(#10263),#10267);
#10263 = LINE('',#10264,#10265);
#10264 = CARTESIAN_POINT('',(0.383217828417,-2.734737904672));
#10265 = VECTOR('',#10266,1.);
#10266 = DIRECTION('',(0.,1.));
#10267 = ( GEOMETRIC_REPRESENTATION_CONTEXT(2) 
PARAMETRIC_REPRESENTATION_CONTEXT() REPRESENTATION_CONTEXT('2D SPACE',''
  ) );
#10268 = ORIENTED_EDGE('',*,*,#10269,.F.);
#10269 = EDGE_CURVE('',#10270,#10242,#10272,.T.);
#10270 = VERTEX_POINT('',#10271);
#10271 = CARTESIAN_POINT('',(-11.69135046656,-74.0628970826,115.));
#10272 = SURFACE_CURVE('',#10273,(#10278,#10285),.PCURVE_S1.);
#10273 = CIRCLE('',#10274,74.98);
#10274 = AXIS2_PLACEMENT_3D('',#10275,#10276,#10277);
#10275 = CARTESIAN_POINT('',(0.,0.,115.));
#10276 = DIRECTION('',(0.,0.,1.));
#10277 = DIRECTION('',(-0.155926253222,-0.987768699421,0.));
#10278 = PCURVE('',#10217,#10279);
#10279 = DEFINITIONAL_REPRESENTATION('',(#10280),#10284);
#10280 = CIRCLE('',#10281,74.98);
#10281 = AXIS2_PLACEMENT_2D('',#10282,#10283);
#10282 = CARTESIAN_POINT('',(0.,0.));
#10283 = DIRECTION('',(1.,-0.));
#10284 = ( GEOMETRIC_REPRESENTATION_CONTEXT(2) 
PARAMETRIC_REPRESENTATION_CONTEXT() REPRESENTATION_CONTEXT('2D SPACE',''
  ) );
#10285 = PCURVE('',#10286,#10291);
#10286 = CYLINDRICAL_SURFACE('',#10287,74.98);
#10287 = AXIS2_PLACEMENT_3D('',#10288,#10289,#10290);
#10288 = CARTESIAN_POINT('',(0.,0.,115.));
#10289 = DIRECTION('',(0.,0.,-1.));
#10290 = DIRECTION('',(-0.155926253222,-0.987768699421,0.));
#10291 = DEFINITIONAL_REPRESENTATION('',(#10292),#10296);
#10292 = LINE('',#10293,#10294);
#10293 = CARTESIAN_POINT('',(-0.,0.));
#10294 = VECTOR('',#10295,1.);
#10295 = DIRECTION('',(-1.,0.));
#10296 = ( GEOMETRIC_REPRESENTATION_CONTEXT(2) 
PARAMETRIC_REPRESENTATION_CONTEXT() REPRESENTATION_CONTEXT('2D SPACE',''
  ) );
#10297 = ORIENTED_EDGE('',*,*,#10298,.F.);
#10298 = EDGE_CURVE('',#10206,#10270,#10299,.T.);
#10299 = SURFACE_CURVE('',#10300,(#10304,#10311),.PCURVE_S1.);
#10300 = LINE('',#10301,#10302);
#10301 = CARTESIAN_POINT('',(-10.86494132448,-68.82772297566,115.));
#10302 = VECTOR('',#10303,1.);
#10303 = DIRECTION('',(-0.155926253222,-0.987768699421,0.));
#10304 = PCURVE('',#10217,#10305);
#10305 = DEFINITIONAL_REPRESENTATION('',(#10306),#10310);
#10306 = LINE('',#10307,#10308);
#10307 = CARTESIAN_POINT('',(69.68,-0.));
#10308 = VECTOR('',#10309,1.);
#10309 = DIRECTION('',(1.,-0.));
#10310 = ( GEOMETRIC_REPRESENTATION_CONTEXT(2) 
PARAMETRIC_REPRESENTATION_CONTEXT() REPRESENTATION_CONTEXT('2D SPACE',''
  ) );
#10311 = PCURVE('',#10312,#10317);
#10312 = PLANE('',#10313);
#10313 = AXIS2_PLACEMENT_3D('',#10314,#10315,#10316);
#10314 = CARTESIAN_POINT('',(-11.2913587595,-71.52901147902,
    114.61678217158));
#10315 = DIRECTION('',(0.987768699421,-0.155926253222,0.));
#10316 = DIRECTION('',(0.,0.,1.));
#10317 = DEFINITIONAL_REPRESENTATION('',(#10318),#10322);
#10318 = LINE('',#10319,#10320);
#10319 = CARTESIAN_POINT('',(0.383217828417,-2.734737904672));
#10320 = VECTOR('',#10321,1.);
#10321 = DIRECTION('',(0.,1.));
#10322 = ( GEOMETRIC_REPRESENTATION_CONTEXT(2) 
PARAMETRIC_REPRESENTATION_CONTEXT() REPRESENTATION_CONTEXT('2D SPACE',''
  ) );
#10323 = ADVANCED_FACE('',(#10324),#10286,.T.);
#10324 = FACE_BOUND('',#10325,.F.);
#10325 = EDGE_LOOP('',(#10326,#10327,#10350,#10379));
#10326 = ORIENTED_EDGE('',*,*,#10269,.T.);
#10327 = ORIENTED_EDGE('',*,*,#10328,.T.);
#10328 = EDGE_CURVE('',#10242,#10329,#10331,.T.);
#10329 = VERTEX_POINT('',#10330);
#10330 = CARTESIAN_POINT('',(11.691350466562,-74.0628970826,114.2));
#10331 = SURFACE_CURVE('',#10332,(#10336,#10343),.PCURVE_S1.);
#10332 = LINE('',#10333,#10334);
#10333 = CARTESIAN_POINT('',(11.691350466562,-74.0628970826,115.));
#10334 = VECTOR('',#10335,1.);
#10335 = DIRECTION('',(0.,0.,-1.));
#10336 = PCURVE('',#10286,#10337);
#10337 = DEFINITIONAL_REPRESENTATION('',(#10338),#10342);
#10338 = LINE('',#10339,#10340);
#10339 = CARTESIAN_POINT('',(-0.313130213758,0.));
#10340 = VECTOR('',#10341,1.);
#10341 = DIRECTION('',(-0.,1.));
#10342 = ( GEOMETRIC_REPRESENTATION_CONTEXT(2) 
PARAMETRIC_REPRESENTATION_CONTEXT() REPRESENTATION_CONTEXT('2D SPACE',''
  ) );
#10343 = PCURVE('',#10257,#10344);
#10344 = DEFINITIONAL_REPRESENTATION('',(#10345),#10349);
#10345 = LINE('',#10346,#10347);
#10346 = CARTESIAN_POINT('',(0.383217828417,2.565262095328));
#10347 = VECTOR('',#10348,1.);
#10348 = DIRECTION('',(-1.,-0.));
#10349 = ( GEOMETRIC_REPRESENTATION_CONTEXT(2) 
PARAMETRIC_REPRESENTATION_CONTEXT() REPRESENTATION_CONTEXT('2D SPACE',''
  ) );
#10350 = ORIENTED_EDGE('',*,*,#10351,.F.);
#10351 = EDGE_CURVE('',#10352,#10329,#10354,.T.);
#10352 = VERTEX_POINT('',#10353);
#10353 = CARTESIAN_POINT('',(-11.69135046656,-74.0628970826,114.2));
#10354 = SURFACE_CURVE('',#10355,(#10360,#10367),.PCURVE_S1.);
#10355 = CIRCLE('',#10356,74.98);
#10356 = AXIS2_PLACEMENT_3D('',#10357,#10358,#10359);
#10357 = CARTESIAN_POINT('',(0.,0.,114.2));
#10358 = DIRECTION('',(0.,0.,1.));
#10359 = DIRECTION('',(-0.155926253222,-0.987768699421,0.));
#10360 = PCURVE('',#10286,#10361);
#10361 = DEFINITIONAL_REPRESENTATION('',(#10362),#10366);
#10362 = LINE('',#10363,#10364);
#10363 = CARTESIAN_POINT('',(-0.,0.8));
#10364 = VECTOR('',#10365,1.);
#10365 = DIRECTION('',(-1.,0.));
#10366 = ( GEOMETRIC_REPRESENTATION_CONTEXT(2) 
PARAMETRIC_REPRESENTATION_CONTEXT() REPRESENTATION_CONTEXT('2D SPACE',''
  ) );
#10367 = PCURVE('',#10368,#10373);
#10368 = PLANE('',#10369);
#10369 = AXIS2_PLACEMENT_3D('',#10370,#10371,#10372);
#10370 = CARTESIAN_POINT('',(0.,0.,114.2));
#10371 = DIRECTION('',(0.,0.,1.));
#10372 = DIRECTION('',(-0.155926253222,-0.987768699421,0.));
#10373 = DEFINITIONAL_REPRESENTATION('',(#10374),#10378);
#10374 = CIRCLE('',#10375,74.98);
#10375 = AXIS2_PLACEMENT_2D('',#10376,#10377);
#10376 = CARTESIAN_POINT('',(0.,0.));
#10377 = DIRECTION('',(1.,0.));
#10378 = ( GEOMETRIC_REPRESENTATION_CONTEXT(2) 
PARAMETRIC_REPRESENTATION_CONTEXT() REPRESENTATION_CONTEXT('2D SPACE',''
  ) );
#10379 = ORIENTED_EDGE('',*,*,#10380,.F.);
#10380 = EDGE_CURVE('',#10270,#10352,#10381,.T.);
#10381 = SURFACE_CURVE('',#10382,(#10386,#10393),.PCURVE_S1.);
#10382 = LINE('',#10383,#10384);
#10383 = CARTESIAN_POINT('',(-11.69135046656,-74.0628970826,115.));
#10384 = VECTOR('',#10385,1.);
#10385 = DIRECTION('',(0.,-0.,-1.));
#10386 = PCURVE('',#10286,#10387);
#10387 = DEFINITIONAL_REPRESENTATION('',(#10388),#10392);
#10388 = LINE('',#10389,#10390);
#10389 = CARTESIAN_POINT('',(-0.,0.));
#10390 = VECTOR('',#10391,1.);
#10391 = DIRECTION('',(-0.,1.));
#10392 = ( GEOMETRIC_REPRESENTATION_CONTEXT(2) 
PARAMETRIC_REPRESENTATION_CONTEXT() REPRESENTATION_CONTEXT('2D SPACE',''
  ) );
#10393 = PCURVE('',#10312,#10394);
#10394 = DEFINITIONAL_REPRESENTATION('',(#10395),#10399);
#10395 = LINE('',#10396,#10397);
#10396 = CARTESIAN_POINT('',(0.383217828417,2.565262095328));
#10397 = VECTOR('',#10398,1.);
#10398 = DIRECTION('',(-1.,-0.));
#10399 = ( GEOMETRIC_REPRESENTATION_CONTEXT(2) 
PARAMETRIC_REPRESENTATION_CONTEXT() REPRESENTATION_CONTEXT('2D SPACE',''
  ) );
#10400 = ADVANCED_FACE('',(#10401),#10368,.F.);
#10401 = FACE_BOUND('',#10402,.F.);
#10402 = EDGE_LOOP('',(#10403,#10404,#10427,#10451));
#10403 = ORIENTED_EDGE('',*,*,#10351,.T.);
#10404 = ORIENTED_EDGE('',*,*,#10405,.T.);
#10405 = EDGE_CURVE('',#10329,#10406,#10408,.T.);
#10406 = VERTEX_POINT('',#10407);
#10407 = CARTESIAN_POINT('',(10.989682327065,-69.6179379352,114.2));
#10408 = SURFACE_CURVE('',#10409,(#10413,#10420),.PCURVE_S1.);
#10409 = LINE('',#10410,#10411);
#10410 = CARTESIAN_POINT('',(11.691350466562,-74.0628970826,114.2));
#10411 = VECTOR('',#10412,1.);
#10412 = DIRECTION('',(-0.155926253222,0.987768699421,0.));
#10413 = PCURVE('',#10368,#10414);
#10414 = DEFINITIONAL_REPRESENTATION('',(#10415),#10419);
#10415 = LINE('',#10416,#10417);
#10416 = CARTESIAN_POINT('',(71.334023053295,23.096700089668));
#10417 = VECTOR('',#10418,1.);
#10418 = DIRECTION('',(-0.951374007112,-0.308038144701));
#10419 = ( GEOMETRIC_REPRESENTATION_CONTEXT(2) 
PARAMETRIC_REPRESENTATION_CONTEXT() REPRESENTATION_CONTEXT('2D SPACE',''
  ) );
#10420 = PCURVE('',#10257,#10421);
#10421 = DEFINITIONAL_REPRESENTATION('',(#10422),#10426);
#10422 = LINE('',#10423,#10424);
#10423 = CARTESIAN_POINT('',(-0.416782171583,2.565262095328));
#10424 = VECTOR('',#10425,1.);
#10425 = DIRECTION('',(0.,-1.));
#10426 = ( GEOMETRIC_REPRESENTATION_CONTEXT(2) 
PARAMETRIC_REPRESENTATION_CONTEXT() REPRESENTATION_CONTEXT('2D SPACE',''
  ) );
#10427 = ORIENTED_EDGE('',*,*,#10428,.F.);
#10428 = EDGE_CURVE('',#10429,#10406,#10431,.T.);
#10429 = VERTEX_POINT('',#10430);
#10430 = CARTESIAN_POINT('',(-10.98968232706,-69.6179379352,114.2));
#10431 = SURFACE_CURVE('',#10432,(#10437,#10444),.PCURVE_S1.);
#10432 = CIRCLE('',#10433,70.48);
#10433 = AXIS2_PLACEMENT_3D('',#10434,#10435,#10436);
#10434 = CARTESIAN_POINT('',(0.,0.,114.2));
#10435 = DIRECTION('',(0.,0.,1.));
#10436 = DIRECTION('',(-0.155926253222,-0.987768699421,0.));
#10437 = PCURVE('',#10368,#10438);
#10438 = DEFINITIONAL_REPRESENTATION('',(#10439),#10443);
#10439 = CIRCLE('',#10440,70.48);
#10440 = AXIS2_PLACEMENT_2D('',#10441,#10442);
#10441 = CARTESIAN_POINT('',(0.,0.));
#10442 = DIRECTION('',(1.,0.));
#10443 = ( GEOMETRIC_REPRESENTATION_CONTEXT(2) 
PARAMETRIC_REPRESENTATION_CONTEXT() REPRESENTATION_CONTEXT('2D SPACE',''
  ) );
#10444 = PCURVE('',#10229,#10445);
#10445 = DEFINITIONAL_REPRESENTATION('',(#10446),#10450);
#10446 = LINE('',#10447,#10448);
#10447 = CARTESIAN_POINT('',(-0.,1.570796326795));
#10448 = VECTOR('',#10449,1.);
#10449 = DIRECTION('',(-1.,0.));
#10450 = ( GEOMETRIC_REPRESENTATION_CONTEXT(2) 
PARAMETRIC_REPRESENTATION_CONTEXT() REPRESENTATION_CONTEXT('2D SPACE',''
  ) );
#10451 = ORIENTED_EDGE('',*,*,#10452,.F.);
#10452 = EDGE_CURVE('',#10352,#10429,#10453,.T.);
#10453 = SURFACE_CURVE('',#10454,(#10458,#10465),.PCURVE_S1.);
#10454 = LINE('',#10455,#10456);
#10455 = CARTESIAN_POINT('',(-11.69135046656,-74.0628970826,114.2));
#10456 = VECTOR('',#10457,1.);
#10457 = DIRECTION('',(0.155926253222,0.987768699421,0.));
#10458 = PCURVE('',#10368,#10459);
#10459 = DEFINITIONAL_REPRESENTATION('',(#10460),#10464);
#10460 = LINE('',#10461,#10462);
#10461 = CARTESIAN_POINT('',(74.98,1.7763568394E-15));
#10462 = VECTOR('',#10463,1.);
#10463 = DIRECTION('',(-1.,0.));
#10464 = ( GEOMETRIC_REPRESENTATION_CONTEXT(2) 
PARAMETRIC_REPRESENTATION_CONTEXT() REPRESENTATION_CONTEXT('2D SPACE',''
  ) );
#10465 = PCURVE('',#10312,#10466);
#10466 = DEFINITIONAL_REPRESENTATION('',(#10467),#10471);
#10467 = LINE('',#10468,#10469);
#10468 = CARTESIAN_POINT('',(-0.416782171583,2.565262095328));
#10469 = VECTOR('',#10470,1.);
#10470 = DIRECTION('',(0.,-1.));
#10471 = ( GEOMETRIC_REPRESENTATION_CONTEXT(2) 
PARAMETRIC_REPRESENTATION_CONTEXT() REPRESENTATION_CONTEXT('2D SPACE',''
  ) );
#10472 = ADVANCED_FACE('',(#10473),#10229,.T.);
#10473 = FACE_BOUND('',#10474,.F.);
#10474 = EDGE_LOOP('',(#10475,#10476,#10498,#10499));
#10475 = ORIENTED_EDGE('',*,*,#10428,.T.);
#10476 = ORIENTED_EDGE('',*,*,#10477,.T.);
#10477 = EDGE_CURVE('',#10406,#10208,#10478,.T.);
#10478 = SURFACE_CURVE('',#10479,(#10484,#10491),.PCURVE_S1.);
#10479 = CIRCLE('',#10480,0.8);
#10480 = AXIS2_PLACEMENT_3D('',#10481,#10482,#10483);
#10481 = CARTESIAN_POINT('',(10.989682327065,-69.6179379352,115.));
#10482 = DIRECTION('',(0.987768699421,0.155926253222,0.));
#10483 = DIRECTION('',(0.,0.,-1.));
#10484 = PCURVE('',#10229,#10485);
#10485 = DEFINITIONAL_REPRESENTATION('',(#10486),#10490);
#10486 = LINE('',#10487,#10488);
#10487 = CARTESIAN_POINT('',(-0.313130213758,1.570796326795));
#10488 = VECTOR('',#10489,1.);
#10489 = DIRECTION('',(-0.,1.));
#10490 = ( GEOMETRIC_REPRESENTATION_CONTEXT(2) 
PARAMETRIC_REPRESENTATION_CONTEXT() REPRESENTATION_CONTEXT('2D SPACE',''
  ) );
#10491 = PCURVE('',#10257,#10492);
#10492 = DEFINITIONAL_REPRESENTATION('',(#10493),#10497);
#10493 = CIRCLE('',#10494,0.8);
#10494 = AXIS2_PLACEMENT_2D('',#10495,#10496);
#10495 = CARTESIAN_POINT('',(0.383217828417,-1.934737904672));
#10496 = DIRECTION('',(-1.,-0.));
#10497 = ( GEOMETRIC_REPRESENTATION_CONTEXT(2) 
PARAMETRIC_REPRESENTATION_CONTEXT() REPRESENTATION_CONTEXT('2D SPACE',''
  ) );
#10498 = ORIENTED_EDGE('',*,*,#10205,.F.);
#10499 = ORIENTED_EDGE('',*,*,#10500,.F.);
#10500 = EDGE_CURVE('',#10429,#10206,#10501,.T.);
#10501 = SURFACE_CURVE('',#10502,(#10507,#10514),.PCURVE_S1.);
#10502 = CIRCLE('',#10503,0.8);
#10503 = AXIS2_PLACEMENT_3D('',#10504,#10505,#10506);
#10504 = CARTESIAN_POINT('',(-10.98968232706,-69.6179379352,115.));
#10505 = DIRECTION('',(0.987768699421,-0.155926253222,0.));
#10506 = DIRECTION('',(0.,-0.,-1.));
#10507 = PCURVE('',#10229,#10508);
#10508 = DEFINITIONAL_REPRESENTATION('',(#10509),#10513);
#10509 = LINE('',#10510,#10511);
#10510 = CARTESIAN_POINT('',(-0.,1.570796326795));
#10511 = VECTOR('',#10512,1.);
#10512 = DIRECTION('',(-0.,1.));
#10513 = ( GEOMETRIC_REPRESENTATION_CONTEXT(2) 
PARAMETRIC_REPRESENTATION_CONTEXT() REPRESENTATION_CONTEXT('2D SPACE',''
  ) );
#10514 = PCURVE('',#10312,#10515);
#10515 = DEFINITIONAL_REPRESENTATION('',(#10516),#10520);
#10516 = CIRCLE('',#10517,0.8);
#10517 = AXIS2_PLACEMENT_2D('',#10518,#10519);
#10518 = CARTESIAN_POINT('',(0.383217828417,-1.934737904672));
#10519 = DIRECTION('',(-1.,-0.));
#10520 = ( GEOMETRIC_REPRESENTATION_CONTEXT(2) 
PARAMETRIC_REPRESENTATION_CONTEXT() REPRESENTATION_CONTEXT('2D SPACE',''
  ) );
#10521 = ADVANCED_FACE('',(#10522),#10312,.F.);
#10522 = FACE_BOUND('',#10523,.F.);
#10523 = EDGE_LOOP('',(#10524,#10525,#10526,#10527));
#10524 = ORIENTED_EDGE('',*,*,#10298,.T.);
#10525 = ORIENTED_EDGE('',*,*,#10380,.T.);
#10526 = ORIENTED_EDGE('',*,*,#10452,.T.);
#10527 = ORIENTED_EDGE('',*,*,#10500,.T.);
#10528 = ADVANCED_FACE('',(#10529),#10257,.T.);
#10529 = FACE_BOUND('',#10530,.T.);
#10530 = EDGE_LOOP('',(#10531,#10532,#10533,#10534));
#10531 = ORIENTED_EDGE('',*,*,#10241,.T.);
#10532 = ORIENTED_EDGE('',*,*,#10328,.T.);
#10533 = ORIENTED_EDGE('',*,*,#10405,.T.);
#10534 = ORIENTED_EDGE('',*,*,#10477,.T.);
#10535 = ( GEOMETRIC_REPRESENTATION_CONTEXT(3) 
GLOBAL_UNCERTAINTY_ASSIGNED_CONTEXT((#10539)) 
GLOBAL_UNIT_ASSIGNED_CONTEXT((#10536,#10537,#10538)) 
REPRESENTATION_CONTEXT('Context #1',
  '3D Context with UNIT and UNCERTAINTY') );
#10536 = ( LENGTH_UNIT() NAMED_UNIT(*) SI_UNIT(.MILLI.,.METRE.) );
#10537 = ( NAMED_UNIT(*) PLANE_ANGLE_UNIT() SI_UNIT($,.RADIAN.) );
#10538 = ( NAMED_UNIT(*) SI_UNIT($,.STERADIAN.) SOLID_ANGLE_UNIT() );
#10539 = UNCERTAINTY_MEASURE_WITH_UNIT(LENGTH_MEASURE(1.E-07),#10536,
  'distance_accuracy_value','confusion accuracy');
#10540 = PRODUCT_RELATED_PRODUCT_CATEGORY('part',$,(#10195));
#10541 = SHAPE_DEFINITION_REPRESENTATION(#10542,#10548);
#10542 = PRODUCT_DEFINITION_SHAPE('','',#10543);
#10543 = PRODUCT_DEFINITION('design','',#10544,#10547);
#10544 = PRODUCT_DEFINITION_FORMATION('','',#10545);
#10545 = PRODUCT('Open CASCADE STEP translator 7.8 20',
  'Open CASCADE STEP translator 7.8 20','',(#10546));
#10546 = PRODUCT_CONTEXT('',#2,'mechanical');
#10547 = PRODUCT_DEFINITION_CONTEXT('part definition',#2,'design');
#10548 = ADVANCED_BREP_SHAPE_REPRESENTATION('',(#11,#10549),#10885);
#10549 = MANIFOLD_SOLID_BREP('',#10550);
#10550 = CLOSED_SHELL('',(#10551,#10673,#10750,#10822,#10871,#10878));
#10551 = ADVANCED_FACE('',(#10552),#10567,.T.);
#10552 = FACE_BOUND('',#10553,.F.);
#10553 = EDGE_LOOP('',(#10554,#10590,#10618,#10647));
#10554 = ORIENTED_EDGE('',*,*,#10555,.T.);
#10555 = EDGE_CURVE('',#10556,#10558,#10560,.T.);
#10556 = VERTEX_POINT('',#10557);
#10557 = CARTESIAN_POINT('',(40.985875961986,-56.35122333746,115.));
#10558 = VERTEX_POINT('',#10559);
#10559 = CARTESIAN_POINT('',(56.351223337464,-40.98587596198,115.));
#10560 = SURFACE_CURVE('',#10561,(#10566,#10578),.PCURVE_S1.);
#10561 = CIRCLE('',#10562,69.68);
#10562 = AXIS2_PLACEMENT_3D('',#10563,#10564,#10565);
#10563 = CARTESIAN_POINT('',(0.,0.,115.));
#10564 = DIRECTION('',(-0.,0.,1.));
#10565 = DIRECTION('',(0.588201434586,-0.808714456623,0.));
#10566 = PCURVE('',#10567,#10572);
#10567 = PLANE('',#10568);
#10568 = AXIS2_PLACEMENT_3D('',#10569,#10570,#10571);
#10569 = CARTESIAN_POINT('',(0.,0.,115.));
#10570 = DIRECTION('',(0.,0.,1.));
#10571 = DIRECTION('',(0.588201434586,-0.808714456623,-0.));
#10572 = DEFINITIONAL_REPRESENTATION('',(#10573),#10577);
#10573 = CIRCLE('',#10574,69.68);
#10574 = AXIS2_PLACEMENT_2D('',#10575,#10576);
#10575 = CARTESIAN_POINT('',(0.,0.));
#10576 = DIRECTION('',(1.,-0.));
#10577 = ( GEOMETRIC_REPRESENTATION_CONTEXT(2) 
PARAMETRIC_REPRESENTATION_CONTEXT() REPRESENTATION_CONTEXT('2D SPACE',''
  ) );
#10578 = PCURVE('',#10579,#10584);
#10579 = TOROIDAL_SURFACE('',#10580,70.48,0.8);
#10580 = AXIS2_PLACEMENT_3D('',#10581,#10582,#10583);
#10581 = CARTESIAN_POINT('',(0.,0.,115.));
#10582 = DIRECTION('',(-0.,0.,-1.));
#10583 = DIRECTION('',(0.588201434586,-0.808714456623,0.));
#10584 = DEFINITIONAL_REPRESENTATION('',(#10585),#10589);
#10585 = LINE('',#10586,#10587);
#10586 = CARTESIAN_POINT('',(-0.,3.14159265359));
#10587 = VECTOR('',#10588,1.);
#10588 = DIRECTION('',(-1.,0.));
#10589 = ( GEOMETRIC_REPRESENTATION_CONTEXT(2) 
PARAMETRIC_REPRESENTATION_CONTEXT() REPRESENTATION_CONTEXT('2D SPACE',''
  ) );
#10590 = ORIENTED_EDGE('',*,*,#10591,.T.);
#10591 = EDGE_CURVE('',#10558,#10592,#10594,.T.);
#10592 = VERTEX_POINT('',#10593);
#10593 = CARTESIAN_POINT('',(60.637409957564,-44.10334356529,115.));
#10594 = SURFACE_CURVE('',#10595,(#10599,#10606),.PCURVE_S1.);
#10595 = LINE('',#10596,#10597);
#10596 = CARTESIAN_POINT('',(56.351223337464,-40.98587596198,115.));
#10597 = VECTOR('',#10598,1.);
#10598 = DIRECTION('',(0.808714456623,-0.588201434586,0.));
#10599 = PCURVE('',#10567,#10600);
#10600 = DEFINITIONAL_REPRESENTATION('',(#10601),#10605);
#10601 = LINE('',#10602,#10603);
#10602 = CARTESIAN_POINT('',(66.291740815598,21.464097922753));
#10603 = VECTOR('',#10604,1.);
#10604 = DIRECTION('',(0.951374007112,0.308038144701));
#10605 = ( GEOMETRIC_REPRESENTATION_CONTEXT(2) 
PARAMETRIC_REPRESENTATION_CONTEXT() REPRESENTATION_CONTEXT('2D SPACE',''
  ) );
#10606 = PCURVE('',#10607,#10612);
#10607 = PLANE('',#10608);
#10608 = AXIS2_PLACEMENT_3D('',#10609,#10610,#10611);
#10609 = CARTESIAN_POINT('',(58.562845416046,-42.59445272073,
    114.61678217158));
#10610 = DIRECTION('',(0.588201434586,0.808714456623,0.));
#10611 = DIRECTION('',(0.,0.,1.));
#10612 = DEFINITIONAL_REPRESENTATION('',(#10613),#10617);
#10613 = LINE('',#10614,#10615);
#10614 = CARTESIAN_POINT('',(0.383217828417,-2.734737904672));
#10615 = VECTOR('',#10616,1.);
#10616 = DIRECTION('',(0.,1.));
#10617 = ( GEOMETRIC_REPRESENTATION_CONTEXT(2) 
PARAMETRIC_REPRESENTATION_CONTEXT() REPRESENTATION_CONTEXT('2D SPACE',''
  ) );
#10618 = ORIENTED_EDGE('',*,*,#10619,.F.);
#10619 = EDGE_CURVE('',#10620,#10592,#10622,.T.);
#10620 = VERTEX_POINT('',#10621);
#10621 = CARTESIAN_POINT('',(44.103343565294,-60.63740995756,115.));
#10622 = SURFACE_CURVE('',#10623,(#10628,#10635),.PCURVE_S1.);
#10623 = CIRCLE('',#10624,74.98);
#10624 = AXIS2_PLACEMENT_3D('',#10625,#10626,#10627);
#10625 = CARTESIAN_POINT('',(0.,0.,115.));
#10626 = DIRECTION('',(-0.,0.,1.));
#10627 = DIRECTION('',(0.588201434586,-0.808714456623,0.));
#10628 = PCURVE('',#10567,#10629);
#10629 = DEFINITIONAL_REPRESENTATION('',(#10630),#10634);
#10630 = CIRCLE('',#10631,74.98);
#10631 = AXIS2_PLACEMENT_2D('',#10632,#10633);
#10632 = CARTESIAN_POINT('',(0.,0.));
#10633 = DIRECTION('',(1.,-0.));
#10634 = ( GEOMETRIC_REPRESENTATION_CONTEXT(2) 
PARAMETRIC_REPRESENTATION_CONTEXT() REPRESENTATION_CONTEXT('2D SPACE',''
  ) );
#10635 = PCURVE('',#10636,#10641);
#10636 = CYLINDRICAL_SURFACE('',#10637,74.98);
#10637 = AXIS2_PLACEMENT_3D('',#10638,#10639,#10640);
#10638 = CARTESIAN_POINT('',(0.,0.,115.));
#10639 = DIRECTION('',(-0.,0.,-1.));
#10640 = DIRECTION('',(0.588201434586,-0.808714456623,0.));
#10641 = DEFINITIONAL_REPRESENTATION('',(#10642),#10646);
#10642 = LINE('',#10643,#10644);
#10643 = CARTESIAN_POINT('',(-0.,0.));
#10644 = VECTOR('',#10645,1.);
#10645 = DIRECTION('',(-1.,0.));
#10646 = ( GEOMETRIC_REPRESENTATION_CONTEXT(2) 
PARAMETRIC_REPRESENTATION_CONTEXT() REPRESENTATION_CONTEXT('2D SPACE',''
  ) );
#10647 = ORIENTED_EDGE('',*,*,#10648,.F.);
#10648 = EDGE_CURVE('',#10556,#10620,#10649,.T.);
#10649 = SURFACE_CURVE('',#10650,(#10654,#10661),.PCURVE_S1.);
#10650 = LINE('',#10651,#10652);
#10651 = CARTESIAN_POINT('',(40.985875961986,-56.35122333746,115.));
#10652 = VECTOR('',#10653,1.);
#10653 = DIRECTION('',(0.588201434586,-0.808714456623,0.));
#10654 = PCURVE('',#10567,#10655);
#10655 = DEFINITIONAL_REPRESENTATION('',(#10656),#10660);
#10656 = LINE('',#10657,#10658);
#10657 = CARTESIAN_POINT('',(69.68,-0.));
#10658 = VECTOR('',#10659,1.);
#10659 = DIRECTION('',(1.,-0.));
#10660 = ( GEOMETRIC_REPRESENTATION_CONTEXT(2) 
PARAMETRIC_REPRESENTATION_CONTEXT() REPRESENTATION_CONTEXT('2D SPACE',''
  ) );
#10661 = PCURVE('',#10662,#10667);
#10662 = PLANE('',#10663);
#10663 = AXIS2_PLACEMENT_3D('',#10664,#10665,#10666);
#10664 = CARTESIAN_POINT('',(42.594452720732,-58.56284541604,
    114.61678217158));
#10665 = DIRECTION('',(0.808714456623,0.588201434586,0.));
#10666 = DIRECTION('',(0.,0.,1.));
#10667 = DEFINITIONAL_REPRESENTATION('',(#10668),#10672);
#10668 = LINE('',#10669,#10670);
#10669 = CARTESIAN_POINT('',(0.383217828417,-2.734737904672));
#10670 = VECTOR('',#10671,1.);
#10671 = DIRECTION('',(0.,1.));
#10672 = ( GEOMETRIC_REPRESENTATION_CONTEXT(2) 
PARAMETRIC_REPRESENTATION_CONTEXT() REPRESENTATION_CONTEXT('2D SPACE',''
  ) );
#10673 = ADVANCED_FACE('',(#10674),#10636,.T.);
#10674 = FACE_BOUND('',#10675,.F.);
#10675 = EDGE_LOOP('',(#10676,#10677,#10700,#10729));
#10676 = ORIENTED_EDGE('',*,*,#10619,.T.);
#10677 = ORIENTED_EDGE('',*,*,#10678,.T.);
#10678 = EDGE_CURVE('',#10592,#10679,#10681,.T.);
#10679 = VERTEX_POINT('',#10680);
#10680 = CARTESIAN_POINT('',(60.637409957564,-44.10334356529,114.2));
#10681 = SURFACE_CURVE('',#10682,(#10686,#10693),.PCURVE_S1.);
#10682 = LINE('',#10683,#10684);
#10683 = CARTESIAN_POINT('',(60.637409957564,-44.10334356529,115.));
#10684 = VECTOR('',#10685,1.);
#10685 = DIRECTION('',(0.,0.,-1.));
#10686 = PCURVE('',#10636,#10687);
#10687 = DEFINITIONAL_REPRESENTATION('',(#10688),#10692);
#10688 = LINE('',#10689,#10690);
#10689 = CARTESIAN_POINT('',(-0.313130213758,0.));
#10690 = VECTOR('',#10691,1.);
#10691 = DIRECTION('',(-0.,1.));
#10692 = ( GEOMETRIC_REPRESENTATION_CONTEXT(2) 
PARAMETRIC_REPRESENTATION_CONTEXT() REPRESENTATION_CONTEXT('2D SPACE',''
  ) );
#10693 = PCURVE('',#10607,#10694);
#10694 = DEFINITIONAL_REPRESENTATION('',(#10695),#10699);
#10695 = LINE('',#10696,#10697);
#10696 = CARTESIAN_POINT('',(0.383217828417,2.565262095328));
#10697 = VECTOR('',#10698,1.);
#10698 = DIRECTION('',(-1.,0.));
#10699 = ( GEOMETRIC_REPRESENTATION_CONTEXT(2) 
PARAMETRIC_REPRESENTATION_CONTEXT() REPRESENTATION_CONTEXT('2D SPACE',''
  ) );
#10700 = ORIENTED_EDGE('',*,*,#10701,.F.);
#10701 = EDGE_CURVE('',#10702,#10679,#10704,.T.);
#10702 = VERTEX_POINT('',#10703);
#10703 = CARTESIAN_POINT('',(44.103343565294,-60.63740995756,114.2));
#10704 = SURFACE_CURVE('',#10705,(#10710,#10717),.PCURVE_S1.);
#10705 = CIRCLE('',#10706,74.98);
#10706 = AXIS2_PLACEMENT_3D('',#10707,#10708,#10709);
#10707 = CARTESIAN_POINT('',(0.,0.,114.2));
#10708 = DIRECTION('',(-0.,0.,1.));
#10709 = DIRECTION('',(0.588201434586,-0.808714456623,0.));
#10710 = PCURVE('',#10636,#10711);
#10711 = DEFINITIONAL_REPRESENTATION('',(#10712),#10716);
#10712 = LINE('',#10713,#10714);
#10713 = CARTESIAN_POINT('',(-0.,0.8));
#10714 = VECTOR('',#10715,1.);
#10715 = DIRECTION('',(-1.,0.));
#10716 = ( GEOMETRIC_REPRESENTATION_CONTEXT(2) 
PARAMETRIC_REPRESENTATION_CONTEXT() REPRESENTATION_CONTEXT('2D SPACE',''
  ) );
#10717 = PCURVE('',#10718,#10723);
#10718 = PLANE('',#10719);
#10719 = AXIS2_PLACEMENT_3D('',#10720,#10721,#10722);
#10720 = CARTESIAN_POINT('',(0.,0.,114.2));
#10721 = DIRECTION('',(0.,0.,1.));
#10722 = DIRECTION('',(0.588201434586,-0.808714456623,0.));
#10723 = DEFINITIONAL_REPRESENTATION('',(#10724),#10728);
#10724 = CIRCLE('',#10725,74.98);
#10725 = AXIS2_PLACEMENT_2D('',#10726,#10727);
#10726 = CARTESIAN_POINT('',(0.,0.));
#10727 = DIRECTION('',(1.,0.));
#10728 = ( GEOMETRIC_REPRESENTATION_CONTEXT(2) 
PARAMETRIC_REPRESENTATION_CONTEXT() REPRESENTATION_CONTEXT('2D SPACE',''
  ) );
#10729 = ORIENTED_EDGE('',*,*,#10730,.F.);
#10730 = EDGE_CURVE('',#10620,#10702,#10731,.T.);
#10731 = SURFACE_CURVE('',#10732,(#10736,#10743),.PCURVE_S1.);
#10732 = LINE('',#10733,#10734);
#10733 = CARTESIAN_POINT('',(44.103343565294,-60.63740995756,115.));
#10734 = VECTOR('',#10735,1.);
#10735 = DIRECTION('',(0.,0.,-1.));
#10736 = PCURVE('',#10636,#10737);
#10737 = DEFINITIONAL_REPRESENTATION('',(#10738),#10742);
#10738 = LINE('',#10739,#10740);
#10739 = CARTESIAN_POINT('',(-0.,0.));
#10740 = VECTOR('',#10741,1.);
#10741 = DIRECTION('',(-0.,1.));
#10742 = ( GEOMETRIC_REPRESENTATION_CONTEXT(2) 
PARAMETRIC_REPRESENTATION_CONTEXT() REPRESENTATION_CONTEXT('2D SPACE',''
  ) );
#10743 = PCURVE('',#10662,#10744);
#10744 = DEFINITIONAL_REPRESENTATION('',(#10745),#10749);
#10745 = LINE('',#10746,#10747);
#10746 = CARTESIAN_POINT('',(0.383217828417,2.565262095328));
#10747 = VECTOR('',#10748,1.);
#10748 = DIRECTION('',(-1.,0.));
#10749 = ( GEOMETRIC_REPRESENTATION_CONTEXT(2) 
PARAMETRIC_REPRESENTATION_CONTEXT() REPRESENTATION_CONTEXT('2D SPACE',''
  ) );
#10750 = ADVANCED_FACE('',(#10751),#10718,.F.);
#10751 = FACE_BOUND('',#10752,.F.);
#10752 = EDGE_LOOP('',(#10753,#10754,#10777,#10801));
#10753 = ORIENTED_EDGE('',*,*,#10701,.T.);
#10754 = ORIENTED_EDGE('',*,*,#10755,.T.);
#10755 = EDGE_CURVE('',#10679,#10756,#10758,.T.);
#10756 = VERTEX_POINT('',#10757);
#10757 = CARTESIAN_POINT('',(56.998194902762,-41.45643710965,114.2));
#10758 = SURFACE_CURVE('',#10759,(#10763,#10770),.PCURVE_S1.);
#10759 = LINE('',#10760,#10761);
#10760 = CARTESIAN_POINT('',(60.637409957564,-44.10334356529,114.2));
#10761 = VECTOR('',#10762,1.);
#10762 = DIRECTION('',(-0.808714456623,0.588201434586,0.));
#10763 = PCURVE('',#10718,#10764);
#10764 = DEFINITIONAL_REPRESENTATION('',(#10765),#10769);
#10765 = LINE('',#10766,#10767);
#10766 = CARTESIAN_POINT('',(71.334023053294,23.096700089668));
#10767 = VECTOR('',#10768,1.);
#10768 = DIRECTION('',(-0.951374007112,-0.308038144701));
#10769 = ( GEOMETRIC_REPRESENTATION_CONTEXT(2) 
PARAMETRIC_REPRESENTATION_CONTEXT() REPRESENTATION_CONTEXT('2D SPACE',''
  ) );
#10770 = PCURVE('',#10607,#10771);
#10771 = DEFINITIONAL_REPRESENTATION('',(#10772),#10776);
#10772 = LINE('',#10773,#10774);
#10773 = CARTESIAN_POINT('',(-0.416782171583,2.565262095328));
#10774 = VECTOR('',#10775,1.);
#10775 = DIRECTION('',(0.,-1.));
#10776 = ( GEOMETRIC_REPRESENTATION_CONTEXT(2) 
PARAMETRIC_REPRESENTATION_CONTEXT() REPRESENTATION_CONTEXT('2D SPACE',''
  ) );
#10777 = ORIENTED_EDGE('',*,*,#10778,.F.);
#10778 = EDGE_CURVE('',#10779,#10756,#10781,.T.);
#10779 = VERTEX_POINT('',#10780);
#10780 = CARTESIAN_POINT('',(41.456437109655,-56.99819490276,114.2));
#10781 = SURFACE_CURVE('',#10782,(#10787,#10794),.PCURVE_S1.);
#10782 = CIRCLE('',#10783,70.48);
#10783 = AXIS2_PLACEMENT_3D('',#10784,#10785,#10786);
#10784 = CARTESIAN_POINT('',(0.,0.,114.2));
#10785 = DIRECTION('',(-0.,0.,1.));
#10786 = DIRECTION('',(0.588201434586,-0.808714456623,0.));
#10787 = PCURVE('',#10718,#10788);
#10788 = DEFINITIONAL_REPRESENTATION('',(#10789),#10793);
#10789 = CIRCLE('',#10790,70.48);
#10790 = AXIS2_PLACEMENT_2D('',#10791,#10792);
#10791 = CARTESIAN_POINT('',(0.,0.));
#10792 = DIRECTION('',(1.,0.));
#10793 = ( GEOMETRIC_REPRESENTATION_CONTEXT(2) 
PARAMETRIC_REPRESENTATION_CONTEXT() REPRESENTATION_CONTEXT('2D SPACE',''
  ) );
#10794 = PCURVE('',#10579,#10795);
#10795 = DEFINITIONAL_REPRESENTATION('',(#10796),#10800);
#10796 = LINE('',#10797,#10798);
#10797 = CARTESIAN_POINT('',(-0.,1.570796326795));
#10798 = VECTOR('',#10799,1.);
#10799 = DIRECTION('',(-1.,0.));
#10800 = ( GEOMETRIC_REPRESENTATION_CONTEXT(2) 
PARAMETRIC_REPRESENTATION_CONTEXT() REPRESENTATION_CONTEXT('2D SPACE',''
  ) );
#10801 = ORIENTED_EDGE('',*,*,#10802,.F.);
#10802 = EDGE_CURVE('',#10702,#10779,#10803,.T.);
#10803 = SURFACE_CURVE('',#10804,(#10808,#10815),.PCURVE_S1.);
#10804 = LINE('',#10805,#10806);
#10805 = CARTESIAN_POINT('',(44.103343565294,-60.63740995756,114.2));
#10806 = VECTOR('',#10807,1.);
#10807 = DIRECTION('',(-0.588201434586,0.808714456623,0.));
#10808 = PCURVE('',#10718,#10809);
#10809 = DEFINITIONAL_REPRESENTATION('',(#10810),#10814);
#10810 = LINE('',#10811,#10812);
#10811 = CARTESIAN_POINT('',(74.98,0.));
#10812 = VECTOR('',#10813,1.);
#10813 = DIRECTION('',(-1.,0.));
#10814 = ( GEOMETRIC_REPRESENTATION_CONTEXT(2) 
PARAMETRIC_REPRESENTATION_CONTEXT() REPRESENTATION_CONTEXT('2D SPACE',''
  ) );
#10815 = PCURVE('',#10662,#10816);
#10816 = DEFINITIONAL_REPRESENTATION('',(#10817),#10821);
#10817 = LINE('',#10818,#10819);
#10818 = CARTESIAN_POINT('',(-0.416782171583,2.565262095328));
#10819 = VECTOR('',#10820,1.);
#10820 = DIRECTION('',(0.,-1.));
#10821 = ( GEOMETRIC_REPRESENTATION_CONTEXT(2) 
PARAMETRIC_REPRESENTATION_CONTEXT() REPRESENTATION_CONTEXT('2D SPACE',''
  ) );
#10822 = ADVANCED_FACE('',(#10823),#10579,.T.);
#10823 = FACE_BOUND('',#10824,.F.);
#10824 = EDGE_LOOP('',(#10825,#10826,#10848,#10849));
#10825 = ORIENTED_EDGE('',*,*,#10778,.T.);
#10826 = ORIENTED_EDGE('',*,*,#10827,.T.);
#10827 = EDGE_CURVE('',#10756,#10558,#10828,.T.);
#10828 = SURFACE_CURVE('',#10829,(#10834,#10841),.PCURVE_S1.);
#10829 = CIRCLE('',#10830,0.8);
#10830 = AXIS2_PLACEMENT_3D('',#10831,#10832,#10833);
#10831 = CARTESIAN_POINT('',(56.998194902762,-41.45643710965,115.));
#10832 = DIRECTION('',(0.588201434586,0.808714456623,0.));
#10833 = DIRECTION('',(0.,0.,-1.));
#10834 = PCURVE('',#10579,#10835);
#10835 = DEFINITIONAL_REPRESENTATION('',(#10836),#10840);
#10836 = LINE('',#10837,#10838);
#10837 = CARTESIAN_POINT('',(-0.313130213758,1.570796326795));
#10838 = VECTOR('',#10839,1.);
#10839 = DIRECTION('',(-0.,1.));
#10840 = ( GEOMETRIC_REPRESENTATION_CONTEXT(2) 
PARAMETRIC_REPRESENTATION_CONTEXT() REPRESENTATION_CONTEXT('2D SPACE',''
  ) );
#10841 = PCURVE('',#10607,#10842);
#10842 = DEFINITIONAL_REPRESENTATION('',(#10843),#10847);
#10843 = CIRCLE('',#10844,0.8);
#10844 = AXIS2_PLACEMENT_2D('',#10845,#10846);
#10845 = CARTESIAN_POINT('',(0.383217828417,-1.934737904672));
#10846 = DIRECTION('',(-1.,0.));
#10847 = ( GEOMETRIC_REPRESENTATION_CONTEXT(2) 
PARAMETRIC_REPRESENTATION_CONTEXT() REPRESENTATION_CONTEXT('2D SPACE',''
  ) );
#10848 = ORIENTED_EDGE('',*,*,#10555,.F.);
#10849 = ORIENTED_EDGE('',*,*,#10850,.F.);
#10850 = EDGE_CURVE('',#10779,#10556,#10851,.T.);
#10851 = SURFACE_CURVE('',#10852,(#10857,#10864),.PCURVE_S1.);
#10852 = CIRCLE('',#10853,0.8);
#10853 = AXIS2_PLACEMENT_3D('',#10854,#10855,#10856);
#10854 = CARTESIAN_POINT('',(41.456437109655,-56.99819490276,115.));
#10855 = DIRECTION('',(0.808714456623,0.588201434586,0.));
#10856 = DIRECTION('',(0.,0.,-1.));
#10857 = PCURVE('',#10579,#10858);
#10858 = DEFINITIONAL_REPRESENTATION('',(#10859),#10863);
#10859 = LINE('',#10860,#10861);
#10860 = CARTESIAN_POINT('',(-0.,1.570796326795));
#10861 = VECTOR('',#10862,1.);
#10862 = DIRECTION('',(-0.,1.));
#10863 = ( GEOMETRIC_REPRESENTATION_CONTEXT(2) 
PARAMETRIC_REPRESENTATION_CONTEXT() REPRESENTATION_CONTEXT('2D SPACE',''
  ) );
#10864 = PCURVE('',#10662,#10865);
#10865 = DEFINITIONAL_REPRESENTATION('',(#10866),#10870);
#10866 = CIRCLE('',#10867,0.8);
#10867 = AXIS2_PLACEMENT_2D('',#10868,#10869);
#10868 = CARTESIAN_POINT('',(0.383217828417,-1.934737904672));
#10869 = DIRECTION('',(-1.,0.));
#10870 = ( GEOMETRIC_REPRESENTATION_CONTEXT(2) 
PARAMETRIC_REPRESENTATION_CONTEXT() REPRESENTATION_CONTEXT('2D SPACE',''
  ) );
#10871 = ADVANCED_FACE('',(#10872),#10662,.F.);
#10872 = FACE_BOUND('',#10873,.F.);
#10873 = EDGE_LOOP('',(#10874,#10875,#10876,#10877));
#10874 = ORIENTED_EDGE('',*,*,#10648,.T.);
#10875 = ORIENTED_EDGE('',*,*,#10730,.T.);
#10876 = ORIENTED_EDGE('',*,*,#10802,.T.);
#10877 = ORIENTED_EDGE('',*,*,#10850,.T.);
#10878 = ADVANCED_FACE('',(#10879),#10607,.T.);
#10879 = FACE_BOUND('',#10880,.T.);
#10880 = EDGE_LOOP('',(#10881,#10882,#10883,#10884));
#10881 = ORIENTED_EDGE('',*,*,#10591,.T.);
#10882 = ORIENTED_EDGE('',*,*,#10678,.T.);
#10883 = ORIENTED_EDGE('',*,*,#10755,.T.);
#10884 = ORIENTED_EDGE('',*,*,#10827,.T.);
#10885 = ( GEOMETRIC_REPRESENTATION_CONTEXT(3) 
GLOBAL_UNCERTAINTY_ASSIGNED_CONTEXT((#10889)) 
GLOBAL_UNIT_ASSIGNED_CONTEXT((#10886,#10887,#10888)) 
REPRESENTATION_CONTEXT('Context #1',
  '3D Context with UNIT and UNCERTAINTY') );
#10886 = ( LENGTH_UNIT() NAMED_UNIT(*) SI_UNIT(.MILLI.,.METRE.) );
#10887 = ( NAMED_UNIT(*) PLANE_ANGLE_UNIT() SI_UNIT($,.RADIAN.) );
#10888 = ( NAMED_UNIT(*) SI_UNIT($,.STERADIAN.) SOLID_ANGLE_UNIT() );
#10889 = UNCERTAINTY_MEASURE_WITH_UNIT(LENGTH_MEASURE(1.E-07),#10886,
  'distance_accuracy_value','confusion accuracy');
#10890 = PRODUCT_RELATED_PRODUCT_CATEGORY('part',$,(#10545));
ENDSEC;
END-ISO-10303-21;
