DBRep_DrawableShape

CASCADE Topology V1, (c) Matra-Datavision
Locations 2
1
              1               0               0               0 
              0               1               0               0 
              0               0               1 0.452378644051291 
2  1 -1 0
Curve2ds 1857
1 0 0 1 0 
1 15 0 0 1 
1 -37 -9.6120484580460008 -1 0 
1 -31.307019583935698 0 1 0 
1 -31.307019583935698 -0.45237864405129358 1 0 
2 0 0 -1 0 0 1 69.680000000000007
1 0 3.1415926535897931 1 0 
2 -37 9.6120484580460008 1 0 -0 1 69.680000000000007
2 0 0 -1 0 0 1 69.680000000000007
1 0 0 1 0 
1 0 -0.45237864405129063 1 0 
2 -37 9.6120484580460008 1 0 -0 1 69.680000000000007
2 0 0 -1 0 0 1 69.680000000000007
1 0 0 1 0 
1 0 -0.45237864405129063 1 0 
1 0 19.224096916092002 1 0 
1 15 0 0 1 
1 -37 9.6120484580460008 -1 0 
1 -31.307019583935698 0 1 0 
1 -31.307019583935698 -0.45237864405129358 1 0 
2 0 0 -1 0 0 1 68.980000000000004
1 0 3.1415926535897931 1 0 
2 -37 9.6120484580460008 1 0 -0 1 68.980000000000004
1 0 0 1 0 
1 0 -0.45237864405129063 1 0 
2 -37 9.6120484580460008 1 0 -0 1 68.980000000000004
1 0 0 1 0 
1 0 -0.45237864405129063 1 0 
1 4.7123889803849996 0 -0 1 
1 0 35.980000000000004 1 0 
8 -54.480000000000004 -22.902419381093999
1 18.5 -9.6120484580460008 -1 0 
8 -54.480000000000004 -22.902419381093999
1 14.200000000000003 -18.5 0 -1 
7 0 0  5 18 5  6.1463791619837407 1.5707963267948966  6.1462525309451497 1.651834411753593  6.1461256035519298 1.7328740958567912  6.1460001079551123 1.8139169149996583  6.1458777827354778 1.8949796904299165  6.1456465458985017 2.0545524175513901  6.1455373243545575 2.1330654197147565  6.1454341260857541 2.211599914545368  6.1453383450051415 2.2901670559367013  6.1451655233388962 2.445990855486734  6.1450881816929144 2.5232508040976844  6.145020288656271 2.6005343309917217  6.1449627635814208 2.6778467653686224  6.1448697641322294 2.832432064716917  6.1448342657776118 2.9097093836183179  6.1448103801059455 2.9869967546116278  6.1447984374637317 3.0642958662874733  6.1447984374637317 3.1415926535897931 
 0 6 0.25842446251388634 4 0.50858946584150855 4 0.75441344232884844 4 1 6
7 0 0  5 18 5  14.200000000000003 32.821478961994032  14.200000000000003 32.756037045692054  14.206567312533947 32.690592433140893  14.219701546395299 32.626039144239456  14.239227666575177 32.563259199488058  14.289558529091495 32.444825021545569  14.319984167614431 32.389004029383763  14.355766494371744 32.336368344378158  14.396453126987616 32.287601108571302  14.485701081445736 32.199733929654059  14.534115896650237 32.160478546639936  14.586164896044279 32.126067933829347  14.64120069328456 32.096941578607556  14.755750348040459 32.049885503629945  14.815263151773035 32.031943628309634  14.876323278768384 32.019878465750857  14.938162570158145 32.013845889358876  15 32.013845889358876 
 0 6 0.25842446251388634 4 0.50858946584150855 4 0.75441344232884844 4 1 6
7 0 0  6 22 5  6.1463791619837407 1.5707963267948966  6.14611161926614 1.6621110617190031  6.1458427897214225 1.7534348311707586  6.145576703121824 1.8447603670370227  6.1453173886836634 1.936118216558097  6.1450688556312114 2.0275379350182012  6.1447245427010593 2.16216650094217  6.1446174001200129 2.2053417044915613  6.1445139019235144 2.2485307593076524  6.1444144283154687 2.2917342736653947  6.1443193403255316 2.334952561102809  6.1441398633920121 2.4208234791739756  6.1440553425863911 2.463475916367551  6.1439757454266131 2.5061428619121862  6.1439013711584396 2.5488239320375032  6.1438324902390269 2.5915184492922694  6.1436444495927187 2.7186945659505692  6.1435419685267796 2.8032244074893673  6.1434637972888186 2.8877831274490777  6.1434112163959922 2.9723710499856195  6.1433849320762306 3.0569873124704197  6.1433849320762306 3.1415926535897931 
 0 7 0.34992176053088359 5 0.51504717399987698 5 0.67789911201928432 5 1 7
7 0 0  6 22 5  13.5 32.821478961994032  13.5 32.683215007696653  13.515009123604459 32.544930923265689  13.545032711187664 32.40871521292398  13.589693384921494 32.276591285598073  13.648307542993336 32.150508104506088  13.753551794854658 31.976495270820902  13.790165663947938 31.922452618075443  13.829541978903682 31.870345574696263  13.871555718818783 31.820352631063262  13.916066694479037 31.772641455966752  14.009127323987494 31.682719657729734  14.057613717193405 31.640441350173599  14.108229377703651 31.60068446903956  14.160813277337878 31.563585419510332  14.215192710008596 31.529266516850811  14.381925701713421 31.435670304571921  14.49898809069138 31.384793693023454  14.620921776047334 31.3460600966892  14.746167361023376 31.320031086673328  14.87309198832094 31.307019583935698  15 31.307019583935698 
 0 7 0.34992176053088359 5 0.51504717399987698 5 0.67789911201928432 5 1 7
8 -54.480000000000004 -22.902419381093999
1 18.5 -9.6120484580460008 -1 0 
8 -54.480000000000004 -22.902419381093999
1 13.5 -18.5 0 -1 
2 0 0 1 0 -0 1 70.480000000000004
1 0 1.5707963267948966 1 0 
1 6.2831853071795862 1.5707963267948966 0 1 
1 0 1.5707963267948966 0 1 
7 0 0  5 18 5  0.13680614519584552 1.5707963267948966  0.13693277623443684 1.6518344117535921  0.13705970362765746 1.7328740958567885  0.13718519922447334 1.8139169149996661  0.13730752444410876 1.8949796904299121  0.13753876128108508 2.0545524175513989  0.13764798282502722 2.1330654197147298  0.13775118109383352 2.2115999145453955  0.13784696217444473 2.2901670559366916  0.13801978384068947 2.4459908554867371  0.13809712548667258 2.5232508040976787  0.13816501852331528 2.6005343309917333  0.13822254359816522 2.6778467653686158  0.13831554304735733 2.8324320647168997  0.13835104140197499 2.9097093836183401  0.13837492707364177 2.9869967546116185  0.13838686971585457 3.0642958662874769  0.13838686971585457 3.1415926535897931 
 0 6 0.25842446251390622 4 0.50858946584156228 4 0.75441344232891483 4 1 6
7 0 0  5 18 5  14.200000000000003 32.821478961994032  14.200000000000003 32.756037045692054  14.206567312533945 32.6905924331409  14.219701546395301 32.626039144239456  14.239227666575175 32.563259199488058  14.289558529091497 32.444825021545562  14.319984167614422 32.389004029383777  14.355766494371757 32.336368344378144  14.396453126987611 32.287601108571309  14.485701081445738 32.199733929654059  14.534115896650231 32.160478546639943  14.586164896044288 32.12606793382934  14.641200693284555 32.096941578607563  14.755750348040445 32.049885503629952  14.815263151773056 32.031943628309627  14.876323278768371 32.019878465750864  14.938162570158147 32.013845889358876  15 32.013845889358876 
 0 6 0.25842446251390622 4 0.50858946584156228 4 0.75441344232891483 4 1 6
1 1.570796326795 0 0 1 
1 0 35.980000000000004 1 0 
8 -54.480000000000004 -22.902419381093999
1 18.5 9.6120484580460008 -1 0 
8 -54.480000000000004 -22.902419381093999
1 14.200000000000003 -18.5 0 -1 
7 0 0  6 22 5  0.13680614519584552 1.5707963267948966  0.13707368791344601 1.6621110617189911  0.13734251745816481 1.7534348311707899  0.13760860405776196 1.8447603670369643  0.13786791849592261 1.9361182165581661  0.13811645154837504 2.027537935018167  0.13846076447852729 2.16216650094217  0.13856790705957325 2.2053417044915626  0.13867140525607202 2.2485307593076533  0.13877087886411765 2.2917342736653947  0.13886596685405475 2.3349525611028086  0.13904544378757519 2.4208234791739738  0.13912996459319624 2.4634759163675519  0.1392095617529733 2.5061428619121888  0.13928393602114547 2.5488239320375041  0.13935281694055898 2.5915184492922667  0.13954085758686741 2.7186945659505914  0.13964333865280867 2.8032244074893562  0.13972150989076529 2.887783127449044  0.13977409078359562 2.9723710499856582  0.13980037510335563 3.0569873124704134  0.13980037510335563 3.1415926535897931 
 0 7 0.34992176053095481 5 0.51504717399992006 5 0.67789911201929132 5 1 7
7 0 0  6 22 5  13.5 32.821478961994032  13.5 32.683215007696674  13.51500912360447 32.544930923265611  13.545032711187631 32.408715212924115  13.589693384921542 32.276591285597945  13.64830754299331 32.15050810450613  13.753551794854657 31.976495270820902  13.790165663947937 31.922452618075443  13.829541978903682 31.870345574696263  13.871555718818783 31.820352631063262  13.916066694479037 31.772641455966752  14.009127323987494 31.682719657729738  14.057613717193405 31.640441350173599  14.108229377703651 31.60068446903956  14.16081327733788 31.563585419510332  14.215192710008594 31.529266516850811  14.381925701713449 31.435670304571907  14.4989880906913 31.384793693023465  14.620921776047409 31.346060096689229  14.74616736102336 31.320031086673279  14.87309198832093 31.307019583935713  15 31.307019583935713 
 0 7 0.34992176053095481 5 0.51504717399992006 5 0.67789911201929132 5 1 7
8 -54.480000000000004 -22.902419381093999
1 18.5 9.6120484580460008 -1 0 
8 -54.480000000000004 -22.902419381093999
1 13.5 -18.5 0 -1 
1 6.2831853071795862 1.5707963267948966 0 1 
1 0 1.5707963267948966 0 1 
2 0 0 1 0 -0 1 70.480000000000004
1 0 1.5707963267948966 1 0 
2 72.980000000000004 -7.6120484580459999 1 0 -0 1 2
1 0 13.5 1 0 
2 72.980000000000004 -7.6120484580459999 1 0 -0 1 2
1 0 14.200000000000003 1 0 
7 0 0  1 2 2  5.5310798463440003 -5.9999999999999997e-07  5.5310798463440003 15.0000006 
 -5.9999999999999997e-07 2 15.0000006 2
7 0 0  1 2 2  6.1631532986439996 0.19999939999999999  6.1631532986439996 15.200000599999999 
 -5.9999999999999997e-07 2 15.0000006 2
1 6.1631532986439712 15 0 -1 
1 0 0.79999999999999716 1 0 
2 0 0 1 0 -0 1 74.980000000000004
1 0 14.400000000000006 1 0 
1 0 0.79999999999999716 1 0 
2 72.980000000000004 7.6120484580459999 1 0 -0 1 2
1 0 14.200000000000003 1 0 
1 0 14.400000000000006 1 0 
1 0 0.79999999999999716 1 0 
1 0 1.5 1 0 
2 0 0 1 0 -0 1 74.980000000000004
1 0 13.700000000000003 1 0 
2 72.980000000000004 7.6120484580459999 1 0 -0 1 2
1 0 13.5 1 0 
1 0 13.700000000000003 1 0 
7 0 0  1 2 2  0.120032008536 0.19999939999999999  0.120032008536 15.200000599999999 
 -5.9999999999999997e-07 2 15.0000006 2
7 0 0  1 2 2  0.75210546083600005 -5.9999999999999997e-07  0.75210546083600005 15.0000006 
 -5.9999999999999997e-07 2 15.0000006 2
1 0.12003200853561494 15 0 -1 
1 6.2831853071795862 0 0 1 
1 0 0 0 1 
8 0 1.5
1 6.2831853071800001 15.199999999999999 -0 -1 
8 0 1.5
1 0 15.199999999999999 -0 -1 
1 -37 9.6120484580460008 -1 0 
1 -37 9.6120484580460008 -1 0 
1 -32.013845889359402 0 1 0 
1 -32.013845889359402 -0.45237864405129358 1 0 
1 -1.570796326795 15 1 0 
2 35.980000000000004 17.224096916092002 0 -1 1 0 2
2 -72.980000000000004 7.6120484580459999 0 -1 -1 -0 2
2 -72.980000000000004 7.6120484580459999 0 -1 -1 -0 2
1 0 0 1 0 
1 0 -0.45237864405129063 1 0 
1 0 15.199999999999999 1 0 
2 -37 9.6120484580460008 1 0 -0 1 74.980000000000004
8 0 0.12003200853561495
1 0 0 1 0 
1 0 0 1 0 
1 0 -0.45237864405129063 1 0 
1 0 15.199999999999999 1 0 
2 -37 9.6120484580460008 1 0 -0 1 74.980000000000004
8 6.1631532986439712 6.2831853071795862
1 0 0 1 0 
1 0 0 1 0 
1 0 -0.45237864405129063 1 0 
1 10.995574287565001 15 -1 0 
2 35.980000000000004 2.0000000000000009 0 -1 -1 -0 2.0000000000000009
2 -72.980000000000004 -7.6120484580459999 0 -1 1 0 2.0000000000000009
2 -72.980000000000004 -7.6120484580459999 0 -1 1 0 2.0000000000000009
1 0 0 1 0 
1 0 -0.45237864405129063 1 0 
1 -37 -9.6120484580460008 -1 0 
1 -37 -9.6120484580460008 -1 0 
1 -32.013845889359402 0 1 0 
1 -32.013845889359402 -0.45237864405129358 1 0 
1 6.1631532986439712 15 0 -1 
8 14.200000000000003 15
1 6.1631532986439712 15 0 -1 
1 6.2831853071800001 -0 0 1 
1 0 -0 0 1 
8 14.400000000000006 15.199999999999999
1 0 15.200000000000003 -0 -1 
8 14.400000000000006 15.199999999999999
1 6.2831853071795862 15.200000000000003 -0 -1 
1 0.12003200853561494 15 0 -1 
8 14.200000000000003 15
1 0.12003200853561494 15 0 -1 
1 0 0 0 1 
1 10.995574287565001 0 -1 0 
1 0 0.20000000000000001 1 0 
1 0 0.20000000000000001 1 0 
1 -1.570796326795 0 1 0 
1 0 0 0 1 
1 0 0 0 1 
1 0 4.4024193810939991 1 0 
1 6.2831853071795862 0 -0 1 
1 0 4.4024193810939991 1 0 
1 0 0 1 0 
7 0 0  5 18 5  0 2.462776076823e-14  0.75045158294100001 2.4698686768919999e-14  1.5006486617979999 2.4755451424430002e-14  2.2506119002479998 2.4822778999330002e-14  3.0003817183670001 2.486862157869e-14  4.500205438559 2.494958711617e-14  5.2502616722999997 2.4980443535630001e-14  6.0002084862930003 2.500092024971e-14  6.7501049794219998 2.5011241468159999e-14  8.2468962632490008 2.5011241468159999e-14  8.9937939708950001 2.5000310684809999e-14  9.7407414199629994 2.4980553809360001e-14  10.487796958525999 2.4949270104839999e-14  11.987615865656 2.486860397441e-14  12.740383953853 2.4818482940029999e-14  13.4933466937 2.476132423736e-14  14.246545084174 2.4695179902690001e-14  15 2.4623749220189999e-14 
 0 6 0.24990212891300001 4 0.49999999980600002 4 0.74909775361200004 4 1 6
1 0 0.20000000000000001 1 0 
7 0 0  5 18 5  0 2.6455725631039999e-14  0.75045158294100001 2.6529974589690001e-14  1.5006486617979999 2.6108987666999999e-14  2.2506119002479998 2.693792882729e-14  3.0003817183670001 2.672701708192e-14  4.500205438559 2.6819281342549999e-14  5.2502616722989996 2.6854153372989999e-14  6.0002084862940004 2.687857095588e-14  6.7501049794219998 2.6890083708649999e-14  8.2468962632480007 2.6890083708649999e-14  8.9937939708950001 2.6878034777160002e-14  9.7407414199629994 2.6853939179569999e-14  10.487796958525999 2.681914694819e-14  11.987615865656 2.672678201262e-14  12.740383953853 2.6639801724969999e-14  13.493346693701 2.6636806579360002e-14  14.246545084173 2.6543810347210001e-14  15 2.6468627636889999e-14 
 0 6 0.24990212891300001 4 0.49999999980600002 4 0.74909775361200004 4 1 6
1 0 0 1 0 
1 0 0 1 0 
7 0 0  5 18 5  0 2.6329524498160001e-14  0.75045158294100001 2.6251227036109999e-14  1.5006486617979999 2.6064273114250001e-14  2.2506119002479998 2.6126061963070001e-14  3.0003817183670001 2.602530272587e-14  4.500205438559 2.593463800009e-14  5.2502616722999997 2.5901234202739999e-14  6.0002084862940004 2.5875833661419999e-14  6.7501049794219998 2.5863535134829999e-14  8.2468962632490008 2.5860951763890001e-14  8.9937939708950001 2.5871392115279999e-14  9.7407414199639994 2.589323294859e-14  10.487796958525999 2.5925103046689999e-14  11.987615865656 2.6009960333860001e-14  12.740383953853 2.606517842981e-14  13.493346693701 2.6122653151100001e-14  14.246545084173 2.620017508129e-14  15 2.627607333106e-14 
 0 6 0.24990212891300001 4 0.49999999980600002 4 0.74909775361200004 4 1 6
1 0 0.20000000000000001 1 0 
7 0 0  5 18 5  0 2.5076387898610001e-14  0.75045158294100001 2.513525972352e-14  1.5006486617979999 2.6120882464179999e-14  2.2506119002479998 2.5153810209090001e-14  3.0003817183670001 2.5575046462000001e-14  4.500205438559 2.5656550263769999e-14  5.2502616722999997 2.5688603110649999e-14  6.0002084862940004 2.5708892705400001e-14  6.7501049794219998 2.5719418442729999e-14  8.2468962632490008 2.5719418442729999e-14  8.9937939708950001 2.5708537598769998e-14  9.7407414199639994 2.5688188985639999e-14  10.487796958525999 2.5656567199270002e-14  11.987615865656 2.557470061355e-14  12.740383953853 2.5130171518880001e-14  13.493346693701 2.6161344449579999e-14  14.246545084173 2.5117956384609999e-14  15 2.505872064606e-14 
 0 6 0.24990212891300001 4 0.49999999980600002 4 0.74909775361200004 4 1 6
1 0 0 1 0 
1 0 0 1 0 
7 0 0  5 18 5  0 2.6157678453820001e-14  0.75045158294100001 2.6317621962990001e-14  1.5006486617979999 2.4651323484999999e-14  2.2506119002479998 2.706323579181e-14  3.0003817183670001 2.6613590472220001e-14  4.500205438559 2.679811899347e-14  5.2502616722999997 2.6860058397199999e-14  6.0002084862940004 2.6932308088980001e-14  6.7501049794219998 2.69293168417e-14  8.2468962632480007 2.6950088993530001e-14  8.9937939708950001 2.689963884157e-14  9.7407414199629994 2.6876087230940001e-14  10.487796958525999 2.679726415322e-14  11.987615865656 2.6613710630570002e-14  12.740383953853 2.674979779561e-14  13.493346693701 2.5650492192050001e-14  14.246545084174 2.6318992927469998e-14  15 2.6158328975119999e-14 
 0 6 0.24990212891300001 4 0.49999999980600002 4 0.74909775361200004 4 1 6
1 0 0.20000000000000001 1 0 
7 0 0  5 18 5  0 2.6318659132529999e-14  0.75045158294100001 2.6244299777980001e-14  1.5006486617979999 2.603974401805e-14  2.2506119002479998 2.6126023032340001e-14  3.0003817183670001 2.601928866445e-14  4.500205438559 2.5931409430610001e-14  5.2502616722999997 2.5898458288519999e-14  6.0002084862940004 2.587484853278e-14  6.7501049794219998 2.5863074450920001e-14  8.2468962632490008 2.586049107998e-14  8.9937939708950001 2.5869292940869999e-14  9.7407414199629994 2.589267167547e-14  10.487796958525999 2.5920147783610001e-14  11.987615865656 2.6005257676689999e-14  12.740383953852 2.6054413213479999e-14  13.493346693701 2.61143233079e-14  14.246545084173 2.6186655157649999e-14  15 2.6259829492719999e-14 
 0 6 0.24990212891300001 4 0.49999999980600002 4 0.74909775361200004 4 1 6
1 0 0 1 0 
1 0 0 1 0 
7 0 0  5 18 5  0 2.4676658286199999e-14  0.75045158294100001 2.473192222127e-14  1.5006486617979999 2.491705905373e-14  2.2506119002479998 2.4839282754999999e-14  3.0003817183680002 2.4933358408970001e-14  4.500205438559 2.5011394241240001e-14  5.2502616722999997 2.5039920919439999e-14  6.0002084862940004 2.5063492756070001e-14  6.7501049794219998 2.507234466074e-14  8.2468962632490008 2.5076046316479999e-14  8.9937939708950001 2.5066305446739999e-14  9.7407414199629994 2.5049436695729999e-14  10.487796958525999 2.5021187044580001e-14  11.987615865657 2.494911294085e-14  12.740383953852 2.489352670928e-14  13.493346693702 2.4870936665610001e-14  14.246545084173 2.4778608476750001e-14  15 2.4726097905269999e-14 
 0 6 0.24990212891300001 4 0.49999999980600002 4 0.74909775361200004 4 1 6
1 0 0.20000000000000001 1 0 
7 0 0  5 18 5  0 2.4381207436609999e-14  0.75045158294100001 2.4310820516459999e-14  1.5006486617979999 2.4114174382799999e-14  2.2506119002479998 2.4124127622399999e-14  3.0003817183680002 2.3838186305889999e-14  4.500205438559 2.361666823261e-14  5.2502616722999997 2.349821729177e-14  6.0002084862940004 2.3370247165080001e-14  6.7501049794219998 2.323582552579e-14  8.2468962632480007 2.295622627641e-14  8.9937939708960002 2.2886875307489999e-14  9.7407414199619993 2.2460477268299999e-14  10.487796958525999 2.266455334535e-14  11.987615865656 2.235589525328e-14  12.740383953853 2.2194596946819999e-14  13.493346693701 2.2060122187310001e-14  14.246545084174 2.188209859309e-14  15 2.1740958306170001e-14 
 0 6 0.24990212891300001 4 0.49999999980600002 4 0.74909775361200004 4 1 6
1 0 0 1 0 
1 0 0 1 0 
7 0 0  5 18 5  0 2.4552191876800001e-14  0.75045158294100001 2.462433230971e-14  1.5006486617979999 2.4708829548059999e-14  2.2506119002479998 2.4747083048719999e-14  3.0003817183680002 2.4802836998039999e-14  4.500205438559 2.4886083816170001e-14  5.2502616722999997 2.491334951899e-14  6.0002084862940004 2.4938028949310001e-14  6.7501049794219998 2.4947115175920001e-14  8.2468962632480007 2.4947115175920001e-14  8.9937939708950001 2.493740974692e-14  9.7407414199629994 2.4913450793220001e-14  10.487796958525999 2.488577735499e-14  11.987615865656 2.48028191184e-14  12.740383953853 2.4754692121509999e-14  13.493346693701 2.4693767733549999e-14  14.246545084173 2.4628926207589999e-14  15 2.455652868549e-14 
 0 6 0.24990212891300001 4 0.49999999980600002 4 0.74909775361200004 4 1 6
1 0 0.20000000000000001 1 0 
7 0 0  5 18 5  0 2.4744312501769999e-14  0.75045158294100001 2.4811005177510001e-14  1.5006486617979999 2.493760134272e-14  2.2506119002479998 2.491401234747e-14  3.0003817183670001 2.4987923131070001e-14  4.500205438559 2.5060875647560001e-14  5.2502616722989996 2.5087996076850001e-14  6.0002084862940004 2.5107179018000001e-14  6.7501049794219998 2.5115212573099999e-14  8.2468962632480007 2.5112629202170001e-14  8.9937939708950001 2.5101618948510002e-14  9.7407414199629994 2.507995267394e-14  10.487796958525999 2.5050678491570001e-14  11.987615865656 2.497260901012e-14  12.740383953854 2.4924103423229999e-14  13.493346693701 2.486786752351e-14  14.246545084174 2.480843761172e-14  15 2.47382409696e-14 
 0 6 0.24990212891300001 4 0.49999999980600002 4 0.74909775361200004 4 1 6
1 0 0 1 0 
1 0 0 1 0 
7 0 0  5 18 5  0 2.6128404995159999e-14  0.75045158294100001 2.620807965109e-14  1.5006486617979999 2.654063485199e-14  2.2506119002479998 2.6623896598560001e-14  3.0003817183670001 2.647648464781e-14  4.500205438559 2.6568602055310001e-14  5.2502616722999997 2.6603657728459999e-14  6.0002084862940004 2.662791002837e-14  6.7501049794219998 2.6639477876720001e-14  8.2468962632480007 2.6639477876720001e-14  8.9937939708950001 2.6627428945230001e-14  9.7407414199629994 2.6603333347649998e-14  10.487796958525999 2.6568541116259999e-14  11.987615865656 2.6476176180689999e-14  12.740383953853 2.7040209453489999e-14  13.493346693701 2.596981833383e-14  14.246545084174 2.6655658209249999e-14  15 2.6582902545869999e-14 
 0 6 0.24990212891300001 4 0.49999999980600002 4 0.74909775361200004 4 1 6
1 0 0.20000000000000001 1 0 
7 0 0  5 18 5  0 2.4409944551770001e-14  0.75045158294100001 2.485203031398e-14  1.5006486617979999 2.4969922563640001e-14  2.2506119002479998 2.626844970079e-14  3.0003817183680002 2.663533089902e-14  4.500205438559 2.7156393763550001e-14  5.2502616722999997 2.7375366610980001e-14  6.0002084862940004 2.746995952854e-14  6.7501049794219998 2.75579018099e-14  8.2468962632480007 2.75579018099e-14  8.9937939708950001 2.7047730448739999e-14  9.7407414199629994 2.826608770862e-14  10.487796958525999 2.664350870442e-14  11.987615865656 2.6124372707760001e-14  12.740383953853 2.5593070054780001e-14  13.493346693701 2.5842512925000001e-14  14.246545084173 2.4879661495830001e-14  15 2.443596540391e-14 
 0 6 0.24990212891300001 4 0.49999999980600002 4 0.74909775361200004 4 1 6
1 0 0 1 0 
1 0 0 1 0 
7 0 0  5 18 5  0 2.4580164292850001e-14  0.75045158294100001 2.4649738785830001e-14  1.5006486617979999 2.4708149984980001e-14  2.2506119002479998 2.4763421756129999e-14  3.0003817183680002 2.4810278687670001e-14  4.500205438559 2.4885124081269999e-14  5.2502616722999997 2.4913501315719999e-14  6.0002084862940004 2.493368781445e-14  6.7501049794219998 2.4943044441010001e-14  8.2468962632490008 2.4943044441010001e-14  8.9937939708950001 2.4933112662330001e-14  9.7407414199629994 2.4913594843379999e-14  10.487796958525999 2.4884840285709999e-14  11.987615865656 2.4810271667140001e-14  12.740383953852 2.476462351211e-14  13.493346693701 2.4704450232239999e-14  14.246545084173 2.4649968295630001e-14  15 2.4580164292850001e-14 
 0 6 0.24990212891300001 4 0.49999999980600002 4 0.74909775361200004 4 1 6
1 0 0.20000000000000001 1 0 
7 0 0  5 18 5  0 2.6227284233289999e-14  0.75045158294100001 2.614892985401e-14  1.5006486617979999 2.6250444747069999e-14  2.2506119002479998 2.598301372151e-14  3.0003817183670001 2.5999965444230001e-14  4.500205438559 2.5907775428760001e-14  5.2502616722999997 2.587387843415e-14  6.0002084862930003 2.5845881182540001e-14  6.7501049794219998 2.5835204052409999e-14  8.2468962632480007 2.5831541305320001e-14  8.9937939708960002 2.584314388116e-14  9.7407414199619993 2.5864766743680001e-14  10.487796958525999 2.589824181905e-14  11.987615865656 2.5984707927639999e-14  12.740383953852 2.604223970188e-14  13.493346693702 2.6097552843840001e-14  14.246545084173 2.61806795561e-14  15 2.6256774532380001e-14 
 0 6 0.24990212891300001 4 0.49999999980600002 4 0.74909775361200004 4 1 6
1 0 0 1 0 
1 0 0 1 0 
7 0 0  5 18 5  0 2.465109884826e-14  0.75045158294100001 2.4724818449139999e-14  1.5006486617979999 2.4796308792250001e-14  2.2506119002479998 2.4849228893640001e-14  3.0003817183670001 2.4901422141150001e-14  4.500205438559 2.498448158386e-14  5.2502616722999997 2.5012784136160001e-14  6.0002084862940004 2.5038915771949999e-14  6.7501049794219998 2.5045467555749999e-14  8.2468962632480007 2.5048064074730002e-14  8.9937939708950001 2.5034193661720002e-14  9.7407414199629994 2.501523360286e-14  10.487796958525999 2.4983914340669999e-14  11.987615865656 2.4901649462250001e-14  12.740383953853 2.4851487894339999e-14  13.493346693701 2.4790186336349999e-14  14.246545084173 2.4725974515389999e-14  15 2.4651966209999999e-14 
 0 6 0.24990212891399999 4 0.49999999980600002 4 0.74909775361200004 4 1 6
1 0 0.20000000000000001 1 0 
7 0 0  5 18 5  0 2.6831226598779999e-14  0.75045158294100001 2.645224469739e-14  1.5006486617979999 2.5657124965150001e-14  2.2506119002479998 2.579713547469e-14  3.0003817183670001 2.5387007393829999e-14  4.500205438559 2.496149075925e-14  5.2502616722999997 2.479990832814e-14  6.0002084862940004 2.4687652876459999e-14  6.7501049794219998 2.4634447505069999e-14  8.2468962632490008 2.4634447505069999e-14  8.993793970894 2.4690837171509999e-14  9.7407414199639994 2.4799473654500001e-14  10.487796958525999 2.496306560005e-14  11.987615865656 2.5387136411470001e-14  12.740383953853 2.5653320084659999e-14  13.493346693701 2.5951647806510001e-14  14.246545084174 2.631084381461e-14  15 2.66887206779e-14 
 0 6 0.24990212891300001 4 0.49999999980600002 4 0.74909775361200004 4 1 6
1 0 0 1 0 
1 -3.1415926535900001 0 1 0 
1 6.2831853071795862 0 -1 0 
1 0 0 1 0 
1 0 0 1 0 
1 37 -9.6120484580460008 1 0 
2 -37 9.6120484580460008 1 0 -0 1 41
2 0 0 1 0 -0 1 41
2 -37 9.6120484580460008 1 0 -0 1 41
2 0 0 1 0 -0 1 41
1 0 19.224096916092002 1 0 
1 37 9.6120484580460008 1 0 
1 1.2973538188989999 0 0 1 
1 6.009742799284 0 0 1 
1 -3.1415926535900001 15 1 0 
2 41.402419381093999 -11.61204845804 0 -1 1 0 2
1 6.2831853071795862 15 -1 0 
2 41.402419381093999 11.612048458046001 0 -1 -1 -0 2
1 0.273442507896 0 0 1 
1 4.9858314882805868 0 -0 1 
1 0 15 1 0 
2 0 0 1 0 -0 1 41
7 0 0  1 2 2  0.30604235375200001 1.137978600241e-15  0.30604235375200001 15 
 2.630404574711e-14 2 15 2
1 15 0 0 1 
7 0 0  5 18 5  0 15  0.75045158294100001 15  1.5006486617979999 15  2.2506119002479998 15  3.0003817183670001 15  4.500205438559 15  5.2502616722999997 15  6.0002084862940004 15  6.7501049794219998 15  8.2468962632480007 15  8.9937939708950001 15  9.7407414199629994 15  10.487796958525999 15  11.987615865656 15  12.740383953853 15  13.4933466937 15  14.246545084174 15  15 15 
 0 6 0.24990212891399999 4 0.49999999980600002 4 0.74909775361200004 4 1 6
7 0 0  5 18 5  37.533432159686001 13.720111891462  37.635707254022002 13.702167302084  37.738639475318998 13.677265922349999  37.841354494758001 13.645071619129  37.942820379376997 13.605460989118001  38.141267385870997 13.511724545051999  38.238245720850998 13.457587389167999  38.331906755810998 13.396370446679001  38.421230235909 13.328548898677999  38.589232789528999 13.181430901004999  38.667953702726003 13.102180797003999  38.740751184800999 13.017797918675999  38.807025864878 12.929218598061  38.926351661719004 12.744980865514  38.979303626643997 12.649275033071  39.025011501554999 12.551326065505  39.063460246717 12.452186243009001  39.094870331867 12.352777571644999 
 0 6 0.24990212891399999 4 0.49999999980600002 4 0.74909775361200004 4 1 6
1 0 0 0 1 
7 0 0  1 2 2  4.1460036147619999 0.20000000000000001  4.1460036147619999 15.199999999999999 
 2.630404574711e-14 2 15 2
1 0 15.199999999999999 1 0 
2 37.879060832962999 15.690020726968999 0.92387953251127652 0.38268343236511454 -0.38268343236511454 0.92387953251127652 1.999999999999998
7 0 0  1 2 2  2.1371816924170002 0.20000000000000001  2.1371816924170002 15.199999999999999 
 2.6572927885879999e-14 2 15 2
1 15 0 0 1 
7 0 0  5 18 5  0 15  0.75045158294100001 15  1.5006486617979999 15  2.2506119002479998 15  3.0003817183670001 15  4.500205438559 15  5.2502616722999997 15  6.0002084862940004 15  6.7501049794219998 15  8.2468962632480007 15  8.9937939708950001 15  9.7407414199629994 15  10.487796958525999 15  11.987615865656 15  12.740383953854 15  13.4933466937 15  14.246545084174 15  15 15 
 0 6 0.24990212891300001 4 0.49999999980600002 4 0.74909775361200004 4 1 6
7 0 0  5 18 5  36.378980708671001 18.909515133873001  36.426871310269 18.817381027877001  36.469635830933001 18.720498022832999  36.506476053711999 18.619356308572002  36.536666958878001 18.514700506073002  36.582795276833998 18.300131371258001  36.598721988168002 18.190213361047  36.607010046989998 18.078628363855  36.607416948382003 17.966475428532998  36.592649337250002 17.743651549820999  36.577537056280001 17.632975535606001  36.554749016812004 17.523885440691  36.524664709389 17.417426229221  36.450838895551001 17.210709183245999  36.406999480723002 17.110501286049001  36.356976932366997 17.014683987339001  36.301597874313998 16.923908603350998  36.241728558410003 16.838560244229001 
 0 6 0.24990212891300001 4 0.49999999980600002 4 0.74909775361200004 4 1 6
1 0 0 0 1 
7 0 0  1 2 2  0.47935580964500002 0  0.47935580964500002 15 
 2.6572927885879999e-14 2 15 2
1 0 15 1 0 
2 0 0 1 0 -0 1 41
1 0.51195565550199995 0 0 1 
1 6.2831853071795862 0 -0 1 
1 0 0 0 1 
1 10.995574287565001 0 -1 0 
1 0 0.20000000000000001 1 0 
1 0 0.20000000000000001 1 0 
1 -1.570796326795 0 1 0 
1 0 0 0 1 
1 -5.7712296516780874 0 1 0 
1 7.3420259784725861 0 -1 0 
1 0 15 1 0 
2 0 0 1 0 -0 1 41
1 1.0588406712930001 0 0 1 
1 0 0 0 1 
7 0 0  1 2 2  1.0914405171499999 0  1.0914405171499999 15 
 2.6399455538279999e-14 2 15 2
1 15 0 0 1 
7 0 0  5 18 5  0 15  0.75045158294100001 15  1.5006486617979999 15  2.2506119002479998 15  3.0003817183670001 15  4.500205438559 15  5.2502616722999997 15  6.0002084862940004 15  6.7501049794219998 15  8.2468962632490008 15  8.9937939708950001 15  9.7407414199629994 15  10.487796958525999 15  11.987615865656 15  12.740383953852 15  13.493346693702 15  14.246545084173 15  15 15 
 0 6 0.24990212891300001 4 0.49999999980600002 4 0.74909775361200004 4 1 6
7 0 0  5 18 5  16.838560244229001 36.241728558410003  16.923568397814002 36.301359230327002  17.013960403967001 36.356535367538001  17.109355700864999 36.406401044189998  17.209111861025999 36.450139314174997  17.415716760268001 36.524180862929001  17.522571548599998 36.554474151181999  17.632086816710999 36.577415588977999  17.743205131709001 36.592619750973  17.966029010420002 36.607387362105001  18.077731387911999 36.607013167699002  18.188874686622 36.598821055445001  18.298373000605 36.583049292868999  18.513024830755999 36.537149622950999  18.618141767350998 36.506918073306998  18.719722494831 36.469978042434001  18.817012304035 36.427062970093999  18.909515133873001 36.378980708671001 
 0 6 0.24990212891300001 4 0.49999999980600002 4 0.74909775361200004 4 1 6
1 0 0 0 1 
7 0 0  1 2 2  4.1460036147629999 0.20000000000000001  4.1460036147629999 15.199999999999999 
 2.6399455538279999e-14 2 15 2
1 0 15.199999999999999 1 0 
2 15.690020726968999 37.879060832962999 0.38268343236511454 0.92387953251127652 -0.92387953251127652 0.38268343236511454 1.999999999999998
7 0 0  1 2 2  2.1371816924170002 0.20000000000000001  2.1371816924170002 15.199999999999999 
 2.6896432842699999e-14 2 15 2
1 15 0 0 1 
7 0 0  5 18 5  0 15  0.75045158294100001 15  1.5006486617979999 15  2.2506119002479998 15  3.0003817183680002 15  4.500205438559 15  5.2502616722999997 15  6.0002084862940004 15  6.7501049794219998 15  8.2468962632490008 15  8.9937939708950001 15  9.7407414199629994 15  10.487796958525999 15  11.987615865656 15  12.740383953852 15  13.493346693701 15  14.246545084173 15  15 15 
 0 6 0.24990212891300001 4 0.49999999980600002 4 0.74909775361200004 4 1 6
7 0 0  5 18 5  12.352777571644999 39.094870331867  12.451789991919 39.063585449884002  12.550535704323 39.025317902590999  12.648103667685 38.979849881923997  12.743454689095 38.927195248059  12.927795625788001 38.808089604229998  13.016781281768999 38.741627719420997  13.101544332557999 38.668585753823997  13.181136156388 38.589569375460997  13.328254154061 38.421566821840997  13.395827917875 38.332621065322002  13.456852686512001 38.239369142209  13.510857899076001 38.142818294073003  13.604826190480001 37.944444535484998  13.644684726608 37.842587704339998  13.677066505126 37.739463359513003  13.702095487224 37.636116562444997  13.720111891462 37.533432159686001 
 0 6 0.24990212891300001 4 0.49999999980600002 4 0.74909775361200004 4 1 6
1 0 0 0 1 
7 0 0  1 2 2  1.2647539730420001 1.137978600241e-15  1.2647539730420001 15 
 2.6896432842699999e-14 2 15 2
1 0 15 1 0 
2 0 0 1 0 -0 1 41
1 1.2973538188989999 0 0 1 
1 6.2831853071795862 0 -0 1 
1 0 0 0 1 
1 10.995574287565001 0 -1 0 
1 0 0.20000000000000001 1 0 
1 0 0.20000000000000001 1 0 
1 -1.570796326795 0 1 0 
1 0 0 0 1 
1 -0.273442507896 0 1 0 
1 6.5566278150755863 0 -1 0 
1 0 15 1 0 
2 0 0 1 0 -0 1 41
1 1.8442388346909999 0 0 1 
1 8.8817841970009999e-16 0 0 1 
7 0 0  1 2 2  1.8768386805470001 0  1.8768386805470001 15 
 2.6243764106320001e-14 2 15 2
1 15 0 0 1 
7 0 0  5 18 5  0 15  0.75045158294100001 15  1.5006486617979999 15  2.2506119002479998 15  3.0003817183670001 15  4.500205438559 15  5.2502616722999997 15  6.0002084862940004 15  6.7501049794219998 15  8.2468962632480007 15  8.9937939708950001 15  9.7407414199629994 15  10.487796958525999 15  11.987615865656 15  12.740383953853 15  13.493346693701 15  14.246545084174 15  15 15 
 0 6 0.24990212891300001 4 0.49999999980600002 4 0.74909775361200004 4 1 6
7 0 0  5 18 5  -13.720111891449999 37.533432159687997  -13.70216730207 37.635707254023004  -13.67726592234 37.738639475321001  -13.645071619119999 37.841354494759997  -13.605460989099999 37.942820379379  -13.51172454504 38.141267385873  -13.45758738915 38.238245720853001  -13.39637044667 38.331906755813002  -13.328548898659999 38.421230235911999  -13.18143090099 38.589232789531998  -13.10218079699 38.667953702729001  -13.017797918659999 38.740751184803997  -12.929218598049999 38.807025864880998  -12.744980865500001 38.926351661722002  -12.64927503306 38.979303626647003  -12.551326065490001 39.025011501557998  -12.452186242990001 39.063460246719998  -12.35277757163 39.094870331869998 
 0 6 0.24990212891300001 4 0.49999999980600002 4 0.74909775361200004 4 1 6
1 0 0 0 1 
7 0 0  1 2 2  4.1460036147629999 0.20000000000000001  4.1460036147629999 15.199999999999999 
 2.6243764106320001e-14 2 15 2
1 0 15.199999999999999 1 0 
2 -15.69002072696 37.879060832962999 -0.38268343236511454 0.92387953251127652 -0.92387953251127652 -0.38268343236511454 1.999999999999998
7 0 0  1 2 2  2.1371816924160001 0.20000000000000001  2.1371816924160001 15.199999999999999 
 2.6297277005830001e-14 2 15 2
1 15 0 0 1 
7 0 0  5 18 5  0 15  0.75045158294100001 15  1.5006486617979999 15  2.2506119002479998 15  3.0003817183670001 15  4.500205438559 15  5.2502616722999997 15  6.0002084862940004 15  6.7501049794219998 15  8.2468962632490008 15  8.9937939708950001 15  9.7407414199629994 15  10.487796958525999 15  11.987615865657 15  12.740383953852 15  13.493346693702 15  14.246545084173 15  15 15 
 0 6 0.24990212891300001 4 0.49999999980600002 4 0.74909775361200004 4 1 6
7 0 0  5 18 5  -18.909515133860001 36.378980708672998  -18.817381027869999 36.426871310271999  -18.720498022819999 36.469635830935999  -18.61935630856 36.506476053714998  -18.514700506059999 36.536666958881  -18.30013137125 36.582795276836997  -18.190213361040001 36.598721988171  -18.07862836384 36.607010046992997  -17.966475428519999 36.607416948385001  -17.74365154981 36.592649337253  -17.6329755356 36.577537056282999  -17.523885440680001 36.554749016814  -17.417426229210001 36.524664709390997  -17.210709183230001 36.450838895552998  -17.110501286040002 36.406999480724998  -17.014683987329999 36.356976932367999  -16.923908603339999 36.301597874315  -16.838560244220002 36.241728558411999 
 0 6 0.24990212891300001 4 0.49999999980600002 4 0.74909775361200004 4 1 6
1 0 0 0 1 
7 0 0  1 2 2  2.0501521364399999 0  2.0501521364399999 15 
 2.6297277005830001e-14 2 15 2
1 0 15 1 0 
2 0 0 1 0 -0 1 41
1 2.0827519822960001 0 0 1 
1 6.2831853071795862 0 -0 1 
1 0 0 0 1 
1 10.995574287565001 0 -1 0 
1 0 0.20000000000000001 1 0 
1 0 0.20000000000000001 1 0 
1 -1.570796326795 0 1 0 
1 0 0 0 1 
1 -1.0588406712930001 0 1 0 
1 12.054414958856995 -0 -1 0 
1 0 15 1 0 
2 0 0 1 0 -0 1 41
1 2.6296369980879999 0 0 1 
1 0 0 0 1 
7 0 0  1 2 2  2.6622368439450002 1.137978600241e-15  2.6622368439450002 15 
 2.6458436136470001e-14 2 15 2
1 15 0 0 1 
7 0 0  5 18 5  0 15  0.75045158294100001 15  1.5006486617979999 15  2.2506119002479998 15  3.0003817183680002 15  4.500205438559 15  5.2502616722999997 15  6.0002084862940004 15  6.7501049794219998 15  8.2468962632490008 15  8.9937939708950001 15  9.7407414199629994 15  10.487796958525999 15  11.987615865657 15  12.740383953852 15  13.493346693702 15  14.246545084173 15  15 15 
 0 6 0.24990212891300001 4 0.49999999980600002 4 0.74909775361200004 4 1 6
7 0 0  5 18 5  -36.241728558399998 16.838560244229999  -36.301359230320003 16.923568397815998  -36.35653536753 17.013960403969001  -36.406401044180001 17.109355700866999  -36.450139314170002 17.209111861027999  -36.524180862919998 17.415716760270001  -36.554474151180003 17.522571548601999  -36.577415588969998 17.632086816712  -36.592619750970002 17.743205131711001  -36.607387362099999 17.966029010422002  -36.607013167689999 18.077731387914  -36.598821055439998 18.188874686624001  -36.583049292859997 18.298373000607999  -36.537149622949997 18.513024830759001  -36.5069180733 18.618141767354  -36.46997804243 18.719722494833  -36.427062970089999 18.817012304037998  -36.378980708660002 18.909515133875999 
 0 6 0.24990212891300001 4 0.49999999980600002 4 0.74909775361200004 4 1 6
1 0 0 0 1 
7 0 0  1 2 2  4.1460036147629999 0.20000000000000001  4.1460036147629999 15.199999999999999 
 2.6458436136470001e-14 2 15 2
1 0 15.199999999999999 1 0 
2 -37.87906083296 15.690020726968999 -0.92387953251127652 0.38268343236511454 -0.38268343236511454 -0.92387953251127652 1.999999999999998
7 0 0  1 2 2  2.1371816924160001 0.20000000000000001  2.1371816924160001 15.199999999999999 
 2.709571865826e-14 2 15 2
1 15 0 0 1 
7 0 0  5 18 5  0 15  0.75045158294100001 15  1.5006486617979999 15  2.2506119002479998 15  3.0003817183670001 15  4.500205438559 15  5.2502616722999997 15  6.0002084862930003 15  6.7501049794229999 15  8.2468962632490008 15  8.9937939708950001 15  9.7407414199629994 15  10.487796958525999 15  11.987615865656 15  12.740383953853 15  13.493346693701 15  14.246545084174 15  15 15 
 0 6 0.24990212891300001 4 0.49999999980600002 4 0.74909775361200004 4 1 6
7 0 0  5 18 5  -39.094870331860001 12.352777571643999  -39.063585449880001 12.451789991918  -39.025317902589997 12.550535704322  -38.979849881920003 12.648103667685  -38.927195248049998 12.743454689095  -38.808089604229998 12.927795625788001  -38.741627719420002 13.016781281768999  -38.668585753819997 13.101544332557999  -38.589569375460002 13.181136156388  -38.421566821840003 13.328254154061  -38.332621065319998 13.395827917875  -38.239369142199997 13.456852686512001  -38.142818294069997 13.510857899076001  -37.944444535480002 13.604826190480001  -37.842587704330001 13.644684726608  -37.739463359509998 13.677066505126  -37.636116562440002 13.702095487224  -37.533432159679997 13.720111891462 
 0 6 0.24990212891300001 4 0.49999999980600002 4 0.74909775361200004 4 1 6
1 0 0 0 1 
7 0 0  1 2 2  2.8355502998370001 4.5519144009620003e-15  2.8355502998370001 15 
 2.709571865826e-14 2 15 2
1 0 15 1 0 
2 0 0 1 0 -0 1 41
1 2.868150145694 0 0 1 
1 6.2831853071795853 0 -0 1 
1 0 0 0 1 
1 10.995574287565001 0 -1 0 
1 0 0.20000000000000001 1 0 
1 0 0.20000000000000001 1 0 
1 -1.570796326795 0 1 0 
1 0 0 0 1 
1 -1.8442388346909999 0 1 0 
1 11.269016795459585 0 -1 0 
1 0 15 1 0 
2 0 0 1 0 -0 1 41
1 3.4150351614860002 0 0 1 
1 0 0 0 1 
7 0 0  1 2 2  3.4476350073419999 1.137978600241e-15  3.4476350073419999 15 
 2.621644221157e-14 2 15 2
1 15 0 0 1 
7 0 0  5 18 5  0 15  0.75045158294100001 15  1.5006486617979999 15  2.2506119002479998 15  3.0003817183680002 15  4.500205438559 15  5.2502616722999997 15  6.0002084862940004 15  6.7501049794219998 15  8.2468962632480007 15  8.9937939708960002 15  9.7407414199629994 15  10.487796958525999 15  11.987615865656 15  12.740383953852 15  13.493346693702 15  14.246545084173 15  15 15 
 0 6 0.24990212891300001 4 0.49999999980600002 4 0.74909775361200004 4 1 6
7 0 0  5 18 5  -37.533432159679997 -13.720111891449999  -37.635707254019998 -13.70216730207  -37.738639475319999 -13.67726592234  -37.84135449475 -13.645071619119999  -37.942820379369998 -13.605460989099999  -38.141267385870002 -13.51172454504  -38.238245720850003 -13.45758738915  -38.331906755810003 -13.39637044667  -38.421230235910002 -13.328548898659999  -38.589232789530001 -13.18143090099  -38.667953702719998 -13.10218079699  -38.740751184799997 -13.017797918659999  -38.807025864880003 -12.929218598049999  -38.926351661719998 -12.744980865500001  -38.979303626639997 -12.64927503306  -39.025011501549997 -12.551326065490001  -39.063460246719998 -12.452186242990001  -39.094870331869998 -12.35277757163 
 0 6 0.24990212891300001 4 0.49999999980600002 4 0.74909775361200004 4 1 6
7 0 0  1 2 2  4.146003614764 0.20000000000000001  4.146003614764 15.199999999999999 
 2.621644221157e-14 2 15 2
1 0 0 0 1 
1 0 15.199999999999999 1 0 
2 -37.87906083296 -15.69002072696 -0.92387953251127652 -0.38268343236511454 0.38268343236511454 -0.92387953251127652 1.999999999999998
1 15 0 0 1 
7 0 0  1 2 2  2.137181692415 0.20000000000000001  2.137181692415 15.199999999999999 
 2.6458436136470001e-14 2 15 2
7 0 0  5 18 5  0 15  0.75045158294100001 15  1.5006486617979999 15  2.2506119002479998 15  3.0003817183680002 15  4.500205438559 15  5.2502616722999997 15  6.0002084862940004 15  6.7501049794219998 15  8.2468962632480007 15  8.9937939708960002 15  9.7407414199619993 15  10.487796958525999 15  11.987615865656 15  12.740383953852 15  13.493346693702 15  14.246545084173 15  15 15 
 0 6 0.24990212891300001 4 0.49999999980600002 4 0.74909775361200004 4 1 6
7 0 0  5 18 5  -36.378980708669999 -18.909515133869998  -36.426871310270002 -18.817381027869999  -36.469635830930002 -18.72049802283  -36.506476053710003 -18.61935630856  -36.536666958879998 -18.514700506059999  -36.582795276829998 -18.30013137125  -36.598721988169999 -18.190213361040001  -36.607010046989998 -18.078628363850001  -36.607416948379999 -17.966475428519999  -36.592649337250002 -17.74365154981  -36.577537056280001 -17.6329755356  -36.55474901681 -17.523885440680001  -36.524664709390002 -17.417426229210001  -36.45083889555 -17.210709183239999  -36.406999480720003 -17.110501286040002  -36.356976932359999 -17.014683987329999  -36.301597874309998 -16.923908603339999  -36.241728558399998 -16.838560244220002 
 0 6 0.24990212891300001 4 0.49999999980600002 4 0.74909775361200004 4 1 6
7 0 0  1 2 2  3.620948463235 1.137978600241e-15  3.620948463235 15 
 2.6458436136470001e-14 2 15 2
1 0 0 0 1 
1 0 15 1 0 
2 0 0 1 0 -0 1 41
1 3.6535483090910001 0 0 1 
1 6.2831853071795862 0 -0 1 
1 0 0 0 1 
1 10.995574287565001 0 -1 0 
1 0 0.20000000000000001 1 0 
1 0 0.20000000000000001 1 0 
1 -1.570796326795 0 1 0 
1 0 0 0 1 
1 -2.6296369980879999 0 1 0 
1 10.483618632062587 0 -1 0 
1 0 15 1 0 
2 0 0 1 0 -0 1 41
1 4.2004333248829999 0 0 1 
1 0 0 0 1 
1 15 0 0 1 
7 0 0  1 2 2  4.2330331707399997 0  4.2330331707399997 15 
 2.645453300865e-14 2 15 2
7 0 0  5 18 5  0 15  0.75045158294100001 15  1.5006486617979999 15  2.2506119002479998 15  3.0003817183670001 15  4.500205438559 15  5.2502616722999997 15  6.0002084862940004 15  6.7501049794219998 15  8.2468962632480007 15  8.9937939708950001 15  9.7407414199629994 15  10.487796958525999 15  11.987615865656 15  12.740383953853 15  13.493346693701 15  14.246545084174 15  15 15 
 0 6 0.24990212891300001 4 0.49999999980600002 4 0.74909775361200004 4 1 6
7 0 0  5 18 5  -16.838560244220002 -36.241728558399998  -16.9235683978 -36.301359230320003  -17.013960403959999 -36.35653536753  -17.10935570086 -36.406401044189998  -17.209111861019998 -36.450139314170002  -17.41571676026 -36.524180862930002  -17.522571548590001 -36.554474151180003  -17.632086816699999 -36.577415588969998  -17.743205131700002 -36.592619750970002  -17.966029010410001 -36.607387362099999  -18.077731387899998 -36.607013167700003  -18.188874686609999 -36.598821055439998  -18.298373000600002 -36.583049292870001  -18.513024830749998 -36.537149622949997  -18.618141767339999 -36.5069180733  -18.719722494820001 -36.46997804243  -18.817012304030001 -36.427062970089999  -18.909515133869998 -36.378980708669999 
 0 6 0.24990212891300001 4 0.49999999980600002 4 0.74909775361200004 4 1 6
7 0 0  1 2 2  4.146003614764 0.20000000000000001  4.146003614764 15.199999999999999 
 2.645453300865e-14 2 15 2
1 0 0 0 1 
1 0 15.199999999999999 1 0 
2 -15.69002072696 -37.87906083296 -0.38268343236511454 -0.92387953251127652 0.92387953251127652 -0.38268343236511454 1.999999999999998
1 15 0 0 1 
7 0 0  1 2 2  2.1371816924160001 0.20000000000000001  2.1371816924160001 15.199999999999999 
 2.621644221157e-14 2 15 2
7 0 0  5 18 5  0 15  0.75045158294100001 15  1.5006486617979999 15  2.2506119002479998 15  3.0003817183680002 15  4.500205438559 15  5.2502616722999997 15  6.0002084862940004 15  6.7501049794219998 15  8.2468962632480007 15  8.9937939708950001 15  9.7407414199629994 15  10.487796958525999 15  11.987615865656 15  12.740383953852 15  13.493346693702 15  14.246545084173 15  15 15 
 0 6 0.24990212891300001 4 0.49999999980600002 4 0.74909775361200004 4 1 6
7 0 0  5 18 5  -12.35277757163 -39.094870331869998  -12.4517899919 -39.063585449880001  -12.550535704310001 -39.025317902589997  -12.64810366767 -38.979849881920003  -12.74345468908 -38.927195248060002  -12.927795625770001 -38.808089604229998  -13.016781281749999 -38.741627719420002  -13.10154433254 -38.668585753819997  -13.18113615637 -38.589569375460002  -13.328254154050001 -38.421566821840003  -13.39582791786 -38.332621065319998  -13.4568526865 -38.239369142210002  -13.510857899059999 -38.142818294069997  -13.60482619047 -37.944444535480002  -13.64468472659 -37.842587704339998  -13.67706650511 -37.739463359509998  -13.70209548721 -37.636116562440002  -13.720111891449999 -37.533432159679997 
 0 6 0.24990212891300001 4 0.49999999980600002 4 0.74909775361200004 4 1 6
7 0 0  1 2 2  4.4063466266329998 1.137978600241e-15  4.4063466266329998 15 
 2.621644221157e-14 2 15 2
1 0 0 0 1 
1 0 15 1 0 
2 0 0 1 0 -0 1 41
1 4.4389464724890004 0 0 1 
1 6.2831853071795853 0 -0 1 
1 0 0 0 1 
1 10.995574287565001 0 -1 0 
1 0 0.20000000000000001 1 0 
1 0 0.20000000000000001 1 0 
1 -1.570796326795 0 1 0 
1 0 0 0 1 
1 -3.4150351614860002 0 1 0 
1 9.6982204686655855 0 -1 0 
1 0 15 1 0 
2 0 0 1 0 -0 1 41
1 4.9858314882799997 0 0 1 
1 0 0 0 1 
1 15 0 0 1 
7 0 0  1 2 2  5.0184313341370004 1.137978600241e-15  5.0184313341370004 15 
 2.624289674458e-14 2 15 2
7 0 0  5 18 5  0 15  0.75045158294100001 15  1.5006486617979999 15  2.2506119002479998 15  3.0003817183670001 15  4.500205438559 15  5.2502616722999997 15  6.0002084862940004 15  6.7501049794219998 15  8.2468962632490008 15  8.9937939708950001 15  9.7407414199629994 15  10.487796958525999 15  11.987615865656 15  12.740383953852 15  13.493346693702 15  14.246545084173 15  15 15 
 0 6 0.24990212891300001 4 0.49999999980600002 4 0.74909775361200004 4 1 6
7 0 0  5 18 5  13.720111891462 -37.533432159679997  13.702167302084 -37.635707254019998  13.677265922349999 -37.738639475310002  13.645071619129 -37.84135449475  13.605460989118001 -37.942820379369998  13.511724545051999 -38.141267385870002  13.457587389167999 -38.238245720850003  13.396370446679001 -38.331906755810003  13.328548898677999 -38.421230235899998  13.181430901004999 -38.589232789519997  13.102180797003999 -38.667953702719998  13.017797918675999 -38.740751184799997  12.929218598061 -38.807025864869999  12.744980865514 -38.926351661710001  12.649275033069999 -38.979303626639997  12.551326065505 -39.025011501549997  12.452186243008001 -39.063460246710001  12.352777571643999 -39.094870331860001 
 0 6 0.24990212891300001 4 0.49999999980600002 4 0.74909775361200004 4 1 6
7 0 0  1 2 2  4.1460036147629999 0.20000000000000001  4.1460036147629999 15.199999999999999 
 2.624289674458e-14 2 15 2
1 0 0 0 1 
1 0 15.199999999999999 1 0 
2 15.690020726968999 -37.87906083296 0.38268343236511454 -0.92387953251127652 0.92387953251127652 0.38268343236511454 1.999999999999998
1 15 0 0 1 
7 0 0  1 2 2  2.1371816924160001 0.20000000000000001  2.1371816924160001 15.199999999999999 
 2.6464941349500001e-14 2 15 2
7 0 0  5 18 5  0 15  0.75045158294100001 15  1.5006486617979999 15  2.2506119002479998 15  3.0003817183670001 15  4.500205438559 15  5.2502616722999997 15  6.0002084862930003 15  6.7501049794229999 15  8.2468962632480007 15  8.9937939708950001 15  9.7407414199629994 15  10.487796958525999 15  11.987615865656 15  12.740383953853 15  13.493346693701 15  14.246545084174 15  15 15 
 0 6 0.24990212891300001 4 0.49999999980600002 4 0.74909775361200004 4 1 6
7 0 0  5 18 5  18.909515133875999 -36.378980708660002  18.817381027879001 -36.426871310259997  18.720498022834999 -36.469635830930002  18.619356308574002 -36.506476053710003  18.514700506074998 -36.536666958870001  18.300131371260001 -36.582795276829998  18.190213361049 -36.598721988160001  18.078628363857 -36.607010046980001  17.966475428534 -36.607416948379999  17.743651549822999 -36.592649337239997  17.632975535608001 -36.577537056270003  17.523885440693 -36.55474901681  17.417426229221999 -36.524664709379998  17.210709183247001 -36.450838895540002  17.110501286049999 -36.406999480720003  17.01468398734 -36.356976932359999  16.923908603352 -36.301597874309998  16.838560244229999 -36.241728558399998 
 0 6 0.24990212891300001 4 0.49999999980600002 4 0.74909775361200004 4 1 6
7 0 0  1 2 2  5.1917447900299996 0  5.1917447900299996 15 
 2.6464941349500001e-14 2 15 2
1 0 0 0 1 
1 0 15 1 0 
2 0 0 1 0 -0 1 41
1 5.2243446358860002 0 0 1 
1 6.2831853071795862 0 -0 1 
1 0 0 0 1 
1 10.995574287565001 0 -1 0 
1 0 0.20000000000000001 1 0 
1 0 0.20000000000000001 1 0 
1 -1.570796326795 0 1 0 
1 0 0 0 1 
1 -4.2004333248829999 0 1 0 
1 8.9128223052675857 0 -1 0 
1 0 15 1 0 
2 0 0 1 0 -0 1 41
1 5.7712296516780004 0 0 1 
1 0 0 0 1 
1 15 0 0 1 
7 0 0  1 2 2  5.8038294975350002 1.137978600241e-15  5.8038294975350002 15 
 2.6353540832819999e-14 2 15 2
7 0 0  5 18 5  0 15  0.75045158294100001 15  1.5006486617979999 15  2.2506119002479998 15  3.0003817183670001 15  4.500205438559 15  5.2502616722999997 15  6.0002084862940004 15  6.7501049794219998 15  8.2468962632490008 15  8.9937939708950001 15  9.7407414199629994 15  10.487796958525999 15  11.987615865656 15  12.740383953852 15  13.493346693701 15  14.246545084173 15  15 15 
 0 6 0.24990212891300001 4 0.49999999980600002 4 0.74909775361200004 4 1 6
7 0 0  5 18 5  36.241728558411999 -16.838560244220002  36.301359230328003 -16.9235683978  36.356535367539998 -17.013960403959999  36.406401044191 -17.109355700849999  36.450139314177001 -17.209111861010001  36.524180862931999 -17.41571676026  36.554474151184998 -17.522571548590001  36.577415588980003 -17.632086816699999  36.592619750974997 -17.743205131700002  36.607387362108 -17.966029010410001  36.607013167700998 -18.077731387899998  36.598821055447999 -18.188874686609999  36.583049292871998 -18.298373000590001  36.537149622953997 -18.513024830749998  36.506918073309997 -18.618141767339999  36.469978042436999 -18.719722494820001  36.427062970096998 -18.817012304030001  36.378980708672998 -18.909515133860001 
 0 6 0.24990212891300001 4 0.49999999980600002 4 0.74909775361200004 4 1 6
7 0 0  1 2 2  4.146003614764 0.20000000000000001  4.146003614764 15.199999999999999 
 2.6353540832819999e-14 2 15 2
1 0 0 0 1 
1 0 15.199999999999999 1 0 
2 37.879060832962999 -15.69002072696 0.92387953251127652 -0.38268343236511454 0.38268343236511454 0.92387953251127652 1.999999999999998
1 15 0 0 1 
7 0 0  1 2 2  2.1371816924160001 0.20000000000000001  2.1371816924160001 15.199999999999999 
 2.692151841814e-14 2 15 2
7 0 0  5 18 5  0 15  0.75045158294100001 15  1.5006486617979999 15  2.2506119002479998 15  3.0003817183670001 15  4.500205438559 15  5.2502616722999997 15  6.0002084862940004 15  6.7501049794219998 15  8.2468962632490008 15  8.9937939708950001 15  9.7407414199629994 15  10.487796958525999 15  11.987615865657 15  12.740383953852 15  13.493346693702 15  14.246545084173 15  15 15 
 0 6 0.24990212891300001 4 0.49999999980600002 4 0.74909775361200004 4 1 6
7 0 0  5 18 5  39.094870331869998 -12.35277757163  39.063585449887 -12.4517899919  39.025317902594999 -12.550535704310001  38.979849881927002 -12.64810366767  38.927195248061999 -12.74345468908  38.808089604232997 -12.927795625770001  38.741627719424002 -13.016781281749999  38.668585753826001 -13.10154433254  38.589569375464002 -13.18113615637  38.421566821843001 -13.328254154050001  38.332621065323998 -13.39582791786  38.239369142210997 -13.4568526865  38.142818294074999 -13.510857899059999  37.944444535487001 -13.60482619047  37.842587704342002 -13.64468472659  37.739463359513998 -13.67706650511  37.636116562447 -13.70209548721  37.533432159687997 -13.720111891449999 
 0 6 0.24990212891300001 4 0.49999999980600002 4 0.74909775361200004 4 1 6
7 0 0  1 2 2  5.9771429534270002 0  5.9771429534270002 15 
 2.692151841814e-14 2 15 2
1 0 0 0 1 
1 0 15 1 0 
2 0 0 1 0 -0 1 41
1 0 15 1 0 
2 0 0 1 0 -0 1 20
1 6.2831853071800001 -0 0 1 
1 0 -0 0 1 
2 0 0 1 0 -0 1 41
2 -37.000000000000341 9.6120484580452565 0.70710678118654757 -0.70710678118654757 0.70710678118654757 0.70710678118654757 41
1 32.959695549679999 19.366206258125001 0.70710678118654757 0.70710678118654757 
1 32.959695549679999 19.366206258125001 0.70710678118654757 0.70710678118654757 
2 32.959695549679999 22.194633382871 0.70710678118654757 -0.70710678118654757 0.70710678118654757 0.70710678118654757 1.9999999999999984
2 32.959695549679999 22.194633382871 0.70710678118654757 -0.70710678118654757 0.70710678118654757 0.70710678118654757 1.9999999999999984
1 32.959695549679999 19.366206258125001 -0.70710678118654757 0.70710678118654757 
1 32.959695549679999 19.366206258125001 -0.70710678118654757 0.70710678118654757 
2 22.194633382871 32.959695549679999 0.70710678118654757 -0.70710678118654757 -0.70710678118654757 -0.70710678118654757 2.0000000000000009
2 22.194633382871 32.959695549679999 0.70710678118654757 -0.70710678118654757 -0.70710678118654757 -0.70710678118654757 2.0000000000000009
1 19.366206258125001 32.959695549679999 0.70710678118654757 0.70710678118654757 
1 19.366206258125001 32.959695549679999 0.70710678118654757 0.70710678118654757 
2 0 0 1 0 -0 1 41
2 -37.000000000000341 9.6120484580452565 0.70710678118654757 -0.70710678118654757 0.70710678118654757 0.70710678118654757 41
2 0 0 1 0 -0 1 41
2 -37 9.6120484580459973 1.110223024625e-16 -1 1 1.110223024625e-16 41
1 9.6120484580460008 37 1.110223024625e-16 1 
1 9.6120484580460008 37 1.110223024625e-16 1 
2 7.6120484580459999 39 1 -1.110223024625e-16 1.110223024625e-16 1 2.0000000000000009
2 7.6120484580459999 39 1 -1.110223024625e-16 1.110223024625e-16 1 2.0000000000000009
1 9.6120484580460008 37 -1 1.110223024625e-16 
1 9.6120484580460008 37 -1 1.110223024625e-16 
2 -7.6120484580459999 39 1 -1.110223024625e-16 -1.110223024625e-16 -1 2
2 -7.6120484580459999 39 1 -1.110223024625e-16 -1.110223024625e-16 -1 2
1 -9.6120484580460008 37 1.110223024625e-16 1 
1 -9.6120484580460008 37 1.110223024625e-16 1 
2 0 0 1 0 -0 1 41
2 -37 9.6120484580459973 1.110223024625e-16 -1 1 1.110223024625e-16 41
2 0 0 1 0 -0 1 41
2 -36.999999999996803 9.6120484580487933 -0.70710678118654757 -0.70710678118654757 0.70710678118654757 -0.70710678118654757 41
1 -19.366206258119998 32.959695549679999 -0.70710678118654757 0.70710678118654757 
1 -19.366206258119998 32.959695549679999 -0.70710678118654757 0.70710678118654757 
2 -22.194633382869998 32.959695549679999 0.70710678118654757 0.70710678118654757 -0.70710678118654757 0.70710678118654757 1.9999999999999984
2 -22.194633382869998 32.959695549679999 0.70710678118654757 0.70710678118654757 -0.70710678118654757 0.70710678118654757 1.9999999999999984
1 -19.366206258119998 32.959695549679999 -0.70710678118654757 -0.70710678118654757 
1 -19.366206258119998 32.959695549679999 -0.70710678118654757 -0.70710678118654757 
2 -32.959695549679999 22.194633382871 0.70710678118654757 0.70710678118654757 0.70710678118654757 -0.70710678118654757 2.0000000000000009
2 -32.959695549679999 22.194633382871 0.70710678118654757 0.70710678118654757 0.70710678118654757 -0.70710678118654757 2.0000000000000009
1 -32.959695549679999 19.366206258125001 -0.70710678118654757 0.70710678118654757 
1 -32.959695549679999 19.366206258125001 -0.70710678118654757 0.70710678118654757 
2 0 0 1 0 -0 1 41
2 -36.999999999996803 9.6120484580487933 -0.70710678118654757 -0.70710678118654757 0.70710678118654757 -0.70710678118654757 41
2 0 0 1 0 -0 1 41
2 -37 9.6120484580459955 -1 -1.2246467991469999e-16 1.2246467991469999e-16 -1 41
1 -37 9.6120484580460008 -1 1.2246467991469999e-16 
1 -37 9.6120484580460008 -1 1.2246467991469999e-16 
2 -39 7.6120484580459999 1.2246467991469999e-16 1 -1 1.2246467991469999e-16 2.0000000000000009
2 -39 7.6120484580459999 1.2246467991469999e-16 1 -1 1.2246467991469999e-16 2.0000000000000009
1 -37 9.6120484580460008 -1.2246467991469999e-16 -1 
1 -37 9.6120484580460008 -1.2246467991469999e-16 -1 
2 -39 -7.6120484580459999 1.2246467991469999e-16 1 1 -1.2246467991469999e-16 2
2 -39 -7.6120484580459999 1.2246467991469999e-16 1 1 -1.2246467991469999e-16 2
1 -37 -9.6120484580460008 -1 1.2246467991469999e-16 
1 -37 -9.6120484580460008 -1 1.2246467991469999e-16 
2 0 0 1 0 -0 1 41
2 -37 9.6120484580459955 -1 -1.2246467991469999e-16 1.2246467991469999e-16 -1 41
2 0 0 1 0 -0 1 41
2 -36.999999999996803 9.6120484580487933 -0.70710678118654757 0.70710678118654757 -0.70710678118654757 -0.70710678118654757 41
1 -32.959695549679999 -19.366206258119998 -0.70710678118654757 -0.70710678118654757 
1 -32.959695549679999 -19.366206258119998 -0.70710678118654757 -0.70710678118654757 
2 -32.959695549679999 -22.194633382869998 -0.70710678118654757 0.70710678118654757 -0.70710678118654757 -0.70710678118654757 1.9999999999999984
2 -32.959695549679999 -22.194633382869998 -0.70710678118654757 0.70710678118654757 -0.70710678118654757 -0.70710678118654757 1.9999999999999984
1 -32.959695549679999 -19.366206258119998 0.70710678118654757 -0.70710678118654757 
1 -32.959695549679999 -19.366206258119998 0.70710678118654757 -0.70710678118654757 
2 -22.194633382869998 -32.959695549679999 -0.70710678118654757 0.70710678118654757 0.70710678118654757 0.70710678118654757 2.0000000000000009
2 -22.194633382869998 -32.959695549679999 -0.70710678118654757 0.70710678118654757 0.70710678118654757 0.70710678118654757 2.0000000000000009
1 -19.366206258119998 -32.959695549679999 -0.70710678118654757 -0.70710678118654757 
1 -19.366206258119998 -32.959695549679999 -0.70710678118654757 -0.70710678118654757 
2 0 0 1 0 -0 1 41
2 -36.999999999996803 9.6120484580487933 -0.70710678118654757 0.70710678118654757 -0.70710678118654757 -0.70710678118654757 41
2 0 0 1 0 -0 1 41
2 -37 9.6120484580459919 -2.22044604925e-16 1 -1 -2.22044604925e-16 41
1 -9.6120484580460008 -37 -2.22044604925e-16 -1 
1 -9.6120484580460008 -37 -2.22044604925e-16 -1 
2 -7.6120484580459999 -39 -1 2.22044604925e-16 -2.22044604925e-16 -1 2.0000000000000009
2 -7.6120484580459999 -39 -1 2.22044604925e-16 -2.22044604925e-16 -1 2.0000000000000009
1 -9.6120484580460008 -37 1 -2.22044604925e-16 
1 -9.6120484580460008 -37 1 -2.22044604925e-16 
2 7.6120484580449999 -39 -1 2.22044604925e-16 2.22044604925e-16 1 2
2 7.6120484580449999 -39 -1 2.22044604925e-16 2.22044604925e-16 1 2
1 9.6120484580450007 -37 -2.22044604925e-16 -1 
1 9.6120484580450007 -37 -2.22044604925e-16 -1 
2 0 0 1 0 -0 1 41
2 -37 9.6120484580459919 -2.22044604925e-16 1 -1 -2.22044604925e-16 41
2 0 0 1 0 -0 1 41
2 -37.000000000000341 9.6120484580452565 0.70710678118654757 0.70710678118654757 -0.70710678118654757 0.70710678118654757 41
1 19.366206258125001 -32.959695549679999 0.70710678118654757 -0.70710678118654757 
1 19.366206258125001 -32.959695549679999 0.70710678118654757 -0.70710678118654757 
2 22.194633382871 -32.959695549679999 -0.70710678118654757 -0.70710678118654757 0.70710678118654757 -0.70710678118654757 1.9999999999999984
2 22.194633382871 -32.959695549679999 -0.70710678118654757 -0.70710678118654757 0.70710678118654757 -0.70710678118654757 1.9999999999999984
1 19.366206258125001 -32.959695549679999 0.70710678118654757 0.70710678118654757 
1 19.366206258125001 -32.959695549679999 0.70710678118654757 0.70710678118654757 
2 32.959695549679999 -22.194633382869998 -0.70710678118654757 -0.70710678118654757 -0.70710678118654757 0.70710678118654757 2.0000000000000009
2 32.959695549679999 -22.194633382869998 -0.70710678118654757 -0.70710678118654757 -0.70710678118654757 0.70710678118654757 2.0000000000000009
1 32.959695549679999 -19.366206258119998 0.70710678118654757 -0.70710678118654757 
1 32.959695549679999 -19.366206258119998 0.70710678118654757 -0.70710678118654757 
2 0 0 1 0 -0 1 41
2 -37.000000000000341 9.6120484580452565 0.70710678118654757 0.70710678118654757 -0.70710678118654757 0.70710678118654757 41
1 37 -9.6120484580460008 1 0 
1 37 -9.6120484580460008 1 0 
2 39 -7.6120484580459999 0 -1 1 0 2.0000000000000009
2 39 -7.6120484580459999 0 -1 1 0 2.0000000000000009
1 37 -9.6120484580460008 0 1 
1 37 -9.6120484580460008 0 1 
2 39 7.6120484580459999 0 -1 -1 -0 2
2 39 7.6120484580459999 0 -1 -1 -0 2
1 37 9.6120484580460008 1 0 
1 37 9.6120484580460008 1 0 
1 7.3420259784725861 15 -1 0 
2 4.4024193810937859 -2.0000000000005715 -0.70710678118654757 -0.70710678118654757 -0.70710678118654757 0.70710678118654757 2
1 4.9858314882805868 0 -0 1 
1 0 4.4024193810944912 1 0 
1 4.7123889803849996 0 -0 1 
1 0 35.980000000000032 1 0 
8 -54.480000000000203 -22.90241938109466
1 19.87822009772875 6.2847308061737506 -0.70710678118654757 -0.70710678118654757 
8 -54.480000000000203 -22.90241938109466
1 13.5 -18.500000000000171 0 -1 
7 0 0  6 22 5  0.64859201820161361 1.5707963267948966  0.64832447548401317 1.6621110617189816  0.64805564593929355 1.7534348311708001  0.64778955933969784 1.8447603670369483  0.6475302449015361 1.9361182165581643  0.64728171184908412 2.0275379350181657  0.64693739891893187 2.1621665009421731  0.64683025633788593 2.2053417044915626  0.64672675814138714 2.2485307593076507  0.64662728453334151 2.2917342736653938  0.64653219654340444 2.3349525611028104  0.64635271960988405 2.4208234791739707  0.64626819880426289 2.4634759163675528  0.64618860164448588 2.5061428619121933  0.64611422737631374 2.5488239320375072  0.64604534645690026 2.5915184492922658  0.64585730581059175 2.7186945659506287  0.64575482474464962 2.8032244074891288  0.64567665350669645 2.8877831274494481  0.64562407261386112 2.9723710499853544  0.64559778829410419 3.0569873124704925  0.64559778829410419 3.1415926535897931 
 0 7 0.34992176053089968 5 0.51504717399984834 5 0.67789911201919817 5 1 7
7 0 0  6 22 5  13.5 32.821478961993805  13.5 32.683215007696461  13.515009123604466 32.544930923265355  13.545032711187634 32.408715212923909  13.589693384921535 32.276591285597704  13.648307542993308 32.15050810450591  13.753551794854658 31.976495270820667  13.790165663947938 31.922452618075216  13.829541978903682 31.870345574696032  13.871555718818781 31.820352631063027  13.916066694479037 31.772641455966511  14.00912732398749 31.682719657729496  14.057613717193405 31.640441350173358  14.108229377703653 31.600684469039326  14.160813277337882 31.563585419510101  14.215192710008592 31.529266516850583  14.381925701713499 31.435670304571651  14.498988090691107 31.38479369302329  14.620921776047744 31.34606009668892  14.74616736102306 31.320031086673101  14.873091988321049 31.307019583935471  15 31.307019583935471 
 0 7 0.34992176053089968 5 0.51504717399984834 5 0.67789911201919817 5 1 7
8 0 1
7 0 0  6 22 5  6.1463791619837407 1.5707963267948966  6.14611161926614 1.6621110617190031  6.1458427897214225 1.7534348311707586  6.145576703121824 1.8447603670370227  6.1453173886836634 1.936118216558097  6.1450688556312114 2.0275379350182012  6.1447245427010593 2.16216650094217  6.1446174001200129 2.2053417044915613  6.1445139019235144 2.2485307593076524  6.1444144283154687 2.2917342736653947  6.1443193403255316 2.334952561102809  6.1441398633920121 2.4208234791739756  6.1440553425863911 2.463475916367551  6.1439757454266131 2.5061428619121862  6.1439013711584396 2.5488239320375032  6.1438324902390269 2.5915184492922694  6.1436444495927187 2.7186945659505692  6.1435419685267796 2.8032244074893673  6.1434637972888186 2.8877831274490777  6.1434112163959922 2.9723710499856195  6.1433849320762306 3.0569873124704197  6.1433849320762306 3.1415926535897931 
 0 7 0.34992176053088359 5 0.51504717399987698 5 0.67789911201928432 5 1 7
1 15 0 0 1 
1 0 0 1 0 
7 0 0  1 2 2  5.5310798463440003 -5.9999999999999997e-07  5.5310798463440003 15.0000006 
 -5.9999999999999997e-07 2 15.0000006 2
7 0 0  1 2 2  0.66536615486200001 0.19999939999999999  0.66536615486200001 15.200000599999999 
 -5.9999999999999997e-07 2 15.0000006 2
2 56.987183974399002 46.22212180759 0.70710678118654757 0.70710678118654757 -0.70710678118654757 0.70710678118654757 2
1 1.7763568394002505e-15 13.5 1 0 
8 4.7123889803849996 5.5310798463444701
1 0 13.5 1 0 
1 0 13.700000000000003 1 0 
8 0.66536615486186801 0.78539816339740698
1 5.497787143782082 1.5 1 0 
7 0 0  1 2 2  0.78539816339699997 -5.9999999998950005e-07  0.78539816339699997 15.4000006 
 -5.9999999998950005e-07 2 15.4000006 2
7 0 0  1 2 2  0.78539816339699997 -5.9999999998950005e-07  0.78539816339699997 15.4000006 
 -5.9999999998950005e-07 2 15.4000006 2
1 0 13.700000000000003 1 0 
8 0.78539816339740698 0.90543017193305997
1 -0.78539816339740698 1.5 1 0 
7 0 0  1 2 2  0.90543017193300002 0.19999939999999999  0.90543017193300002 15.200000599999999 
 -5.9999999999999997e-07 2 15.0000006 2
7 0 0  1 2 2  0.75210546083600005 -5.9999999999999997e-07  0.75210546083600005 15.0000006 
 -5.9999999999999997e-07 2 15.0000006 2
2 46.22212180759 56.987183974399002 0.70710678118654757 0.70710678118654757 -0.70710678118654757 0.70710678118654757 2
1 0 13.5 1 0 
8 0.75210546083573604 1.570796326795
1 0 13.5 1 0 
1 1.570796326795 0 0 1 
1 0 35.980000000000032 1 0 
8 -54.480000000000203 -22.90241938109466
1 6.2847308061737506 19.87822009772875 -0.70710678118654757 -0.70710678118654757 
8 -54.480000000000203 -22.90241938109466
1 13.5 -18.500000000000171 0 -1 
7 0 0  6 22 5  0.92220430859328306 1.5707963267948966  0.92247185131088349 1.6621110617189649  0.92274068085560312 1.7534348311708281  0.9230067674551985 1.844760367036927  0.9232660818933609 1.9361182165581814  0.92351461494581244 2.0275379350181559  0.92385892787596491 2.1621665009421727  0.92396607045701085 2.2053417044915626  0.92406956865350953 2.248530759307652  0.92416904226155516 2.2917342736653938  0.92426413025149212 2.3349525611028095  0.92444360718501273 2.4208234791739689  0.92452812799063377 2.4634759163675541  0.92460772515041068 2.5061428619121955  0.92468209941858293 2.5488239320375077  0.92475098033799652 2.591518449292264  0.92493902098430503 2.7186945659506829  0.92504150205024682 2.8032244074890134  0.92511967328820022 2.8877831274495338  0.92517225418103555 2.9723710499853371  0.92519853850079237 3.056987312470488  0.92519853850079237 3.1415926535897931 
 0 7 0.34992176053086926 5 0.51504717399978428 5 0.6778991120190907 5 1 7
7 0 0  6 22 5  13.5 32.821478961993805  13.5 32.683215007696482  13.515009123604472 32.544930923265269  13.54503271118762 32.408715212924008  13.589693384921551 32.276591285597647  13.648307542993301 32.150508104505917  13.753551794854658 31.976495270820667  13.790165663947938 31.922452618075216  13.829541978903682 31.870345574696032  13.871555718818783 31.820352631063027  13.916066694479037 31.772641455966511  14.009127323987487 31.682719657729507  14.057613717193407 31.640441350173365  14.108229377703658 31.600684469039333  14.16081327733788 31.563585419510101  14.215192710008589 31.529266516850583  14.38192570171357 31.435670304571612  14.498988090690954 31.384793693023347  14.620921776047872 31.346060096688912  14.746167361023026 31.320031086673069  14.873091988321042 31.307019583935485  15 31.307019583935485 
 0 7 0.34992176053086926 5 0.51504717399978428 5 0.6778991120190907 5 1 7
8 0 1
7 0 0  6 22 5  0.13680614519584552 1.5707963267948966  0.13707368791344601 1.6621110617189911  0.13734251745816481 1.7534348311707899  0.13760860405776196 1.8447603670369643  0.13786791849592261 1.9361182165581661  0.13811645154837504 2.027537935018167  0.13846076447852729 2.16216650094217  0.13856790705957325 2.2053417044915626  0.13867140525607202 2.2485307593076533  0.13877087886411765 2.2917342736653947  0.13886596685405475 2.3349525611028086  0.13904544378757519 2.4208234791739738  0.13912996459319624 2.4634759163675519  0.1392095617529733 2.5061428619121888  0.13928393602114547 2.5488239320375041  0.13935281694055898 2.5915184492922667  0.13954085758686741 2.7186945659505914  0.13964333865280867 2.8032244074893562  0.13972150989076529 2.887783127449044  0.13977409078359562 2.9723710499856582  0.13980037510335563 3.0569873124704134  0.13980037510335563 3.1415926535897931 
 0 7 0.34992176053095481 5 0.51504717399992006 5 0.67789911201929132 5 1 7
1 15 0 0 1 
1 0 19.224096916090517 1 0 
1 1.2973538188989999 0 0 1 
1 0 4.4024193810944912 1 0 
1 -5.7712296516780874 15 1 0 
2 4.4024193810937859 21.224096916091089 -0.70710678118654757 -0.70710678118654757 0.70710678118654757 -0.70710678118654757 2
1 6.5566278150755863 15 -1 0 
2 4.4024193810939991 -1.9999999999999996 -1 -1.110223024625e-16 -1.110223024625e-16 1 2
1 4.9858314882805868 0 -0 1 
1 0 4.4024193810939991 1 0 
1 4.7123889803849996 0 -0 1 
1 0 35.980000000000004 1 0 
8 -54.480000000000004 -22.902419381093999
1 9.6120484580459991 18.5 -1.110223024625e-16 -1 
8 -54.480000000000004 -22.902419381093999
1 13.5 -18.5 0 -1 
7 0 0  6 22 5  1.433990181599051 1.5707963267948966  1.4337226388814504 1.6621110617190136  1.4334538093367322 1.7534348311707211  1.4331877227371341 1.8447603670370558  1.4329284082989742 1.9361182165581021  1.4326798752465215 2.0275379350181861  1.4323355623163696 2.1621665009421687  1.4322284197353232 2.2053417044915657  1.4321249215388241 2.2485307593076596  1.432025447930779 2.2917342736653978  1.4319303599408419 2.3349525611028068  1.4317508830073213 2.4208234791739751  1.4316663622017003 2.4634759163675533  1.4315867650419234 2.5061428619121915  1.431512390773751 2.5488239320375077  1.4314435098543374 2.5915184492922703  1.431255469208029 2.7186945659506425  1.4311529881420879 2.803224407489163  1.4310748169041312 2.8877831274493468  1.431022236011301 2.9723710499854263  1.4309959516915409 3.0569873124704863  1.4309959516915409 3.1415926535897931 
 0 7 0.34992176053084367 5 0.51504717399978583 5 0.67789911201912934 5 1 7
7 0 0  6 22 5  13.5 32.821478961994032  13.5 32.683215007696639  13.515009123604457 32.544930923265724  13.545032711187661 32.408715212923973  13.589693384921508 32.276591285598045  13.648307542993324 32.150508104506109  13.753551794854657 31.976495270820902  13.790165663947933 31.922452618075443  13.829541978903679 31.870345574696255  13.871555718818788 31.820352631063262  13.916066694479049 31.77264145596676  14.009127323987508 31.682719657729734  14.057613717193407 31.640441350173599  14.108229377703646 31.60068446903956  14.160813277337878 31.563585419510328  14.2151927100086 31.529266516850811  14.381925701713516 31.435670304571868  14.498988090691052 31.384793693023543  14.620921776047805 31.346060096689154  14.746167361023044 31.320031086673307  14.87309198832104 31.307019583935713  15 31.307019583935713 
 0 7 0.34992176053084367 5 0.51504717399978583 5 0.67789911201912934 5 1 7
8 0 1
7 0 0  6 22 5  6.1463791619837407 1.5707963267948966  6.14611161926614 1.6621110617190031  6.1458427897214225 1.7534348311707586  6.145576703121824 1.8447603670370227  6.1453173886836634 1.936118216558097  6.1450688556312114 2.0275379350182012  6.1447245427010593 2.16216650094217  6.1446174001200129 2.2053417044915613  6.1445139019235144 2.2485307593076524  6.1444144283154687 2.2917342736653947  6.1443193403255316 2.334952561102809  6.1441398633920121 2.4208234791739756  6.1440553425863911 2.463475916367551  6.1439757454266131 2.5061428619121862  6.1439013711584396 2.5488239320375032  6.1438324902390269 2.5915184492922694  6.1436444495927187 2.7186945659505692  6.1435419685267796 2.8032244074893673  6.1434637972888186 2.8877831274490777  6.1434112163959922 2.9723710499856195  6.1433849320762306 3.0569873124704197  6.1433849320762306 3.1415926535897931 
 0 7 0.34992176053088359 5 0.51504717399987698 5 0.67789911201928432 5 1 7
1 15 0 0 1 
1 0 0 1 0 
7 0 0  1 2 2  5.5310798463440003 -5.9999999999999997e-07  5.5310798463440003 15.0000006 
 -5.9999999999999997e-07 2 15.0000006 2
7 0 0  1 2 2  1.450764318259 0.19999939999999999  1.450764318259 15.200000599999999 
 -5.9999999999999997e-07 2 15.0000006 2
2 7.6120484580459999 72.980000000000004 1.110223024625e-16 1 -1 1.110223024625e-16 2
1 0 13.5 1 0 
8 4.7123889803849996 5.5310798463444701
1 0 13.5 1 0 
1 0 13.700000000000003 1 0 
8 1.45076431825927 1.5707963267949101
1 4.7123889803846799 1.5 1 0 
7 0 0  1 2 2  1.570796326795 -5.9999999998950005e-07  1.570796326795 15.4000006 
 -5.9999999998950005e-07 2 15.4000006 2
7 0 0  1 2 2  1.570796326795 -5.9999999998950005e-07  1.570796326795 15.4000006 
 -5.9999999998950005e-07 2 15.4000006 2
1 0 13.700000000000003 1 0 
8 1.5707963267949101 1.6908283353305
1 -1.5707963267949101 1.5 1 0 
7 0 0  1 2 2  1.6908283353310001 0.19999939999999999  1.6908283353310001 15.200000599999999 
 -5.9999999999999997e-07 2 15.0000006 2
7 0 0  1 2 2  0.75210546083600005 -5.9999999999999997e-07  0.75210546083600005 15.0000006 
 -5.9999999999999997e-07 2 15.0000006 2
2 -7.6120484580449999 72.980000000000004 1.110223024625e-16 1 -1 1.110223024625e-16 2
1 0 13.5 1 0 
8 0.75210546083573604 1.570796326795
1 0 13.5 1 0 
1 1.570796326795 0 0 1 
1 0 35.980000000000004 1 0 
8 -54.480000000000004 -22.902419381093999
1 -9.6120484580460026 18.5 -1.110223024625e-16 -1 
8 -54.480000000000004 -22.902419381093999
1 13.5 -18.5 0 -1 
7 0 0  6 22 5  1.7076024719907421 1.5707963267948966  1.7078700147083428 1.6621110617190411  1.708138844253061 1.7534348311706542  1.708404930852659 1.8447603670371531  1.7086642452908187 1.9361182165580162  1.7089127783432718 2.0275379350182252  1.7092570912734237 2.1621665009421687  1.7093642338544697 2.2053417044915662  1.7094677320509686 2.2485307593076596  1.7095672056590141 2.2917342736653978  1.7096622936489512 2.3349525611028068  1.7098417705824718 2.4208234791739751  1.7099262913880928 2.4634759163675537  1.7100058885478697 2.5061428619121919  1.7100802628160421 2.5488239320375077  1.7101491437354557 2.5915184492922698  1.7103371843817639 2.7186945659506265  1.7104396654477054 2.8032244074892194  1.7105178366856617 2.8877831274492549  1.7105704175784924 2.9723710499855134  1.7105967018982522 3.0569873124704459  1.7105967018982522 3.1415926535897931 
 0 7 0.34992176053076907 5 0.51504717399974664 5 0.67789911201912501 5 1 7
7 0 0  6 22 5  13.5 32.821478961994032  13.5 32.683215007696596  13.515009123604438 32.544930923265888  13.545032711187716 32.40871521292371  13.589693384921446 32.276591285598229  13.648307542993354 32.150508104506059  13.753551794854657 31.976495270820902  13.790165663947933 31.922452618075443  13.829541978903679 31.870345574696255  13.871555718818788 31.820352631063262  13.916066694479049 31.77264145596676  14.009127323987508 31.682719657729738  14.05761371719341 31.640441350173599  14.108229377703649 31.60068446903956  14.160813277337878 31.563585419510328  14.215192710008596 31.529266516850811  14.381925701713495 31.435670304571879  14.498988090691174 31.384793693023514  14.620921776047584 31.346060096689186  14.746167361023224 31.3200310866733  14.873091988320979 31.307019583935713  15 31.307019583935713 
 0 7 0.34992176053076907 5 0.51504717399974664 5 0.67789911201912501 5 1 7
8 0 1
7 0 0  6 22 5  0.13680614519584552 1.5707963267948966  0.13707368791344601 1.6621110617189911  0.13734251745816481 1.7534348311707899  0.13760860405776196 1.8447603670369643  0.13786791849592261 1.9361182165581661  0.13811645154837504 2.027537935018167  0.13846076447852729 2.16216650094217  0.13856790705957325 2.2053417044915626  0.13867140525607202 2.2485307593076533  0.13877087886411765 2.2917342736653947  0.13886596685405475 2.3349525611028086  0.13904544378757519 2.4208234791739738  0.13912996459319624 2.4634759163675519  0.1392095617529733 2.5061428619121888  0.13928393602114547 2.5488239320375041  0.13935281694055898 2.5915184492922667  0.13954085758686741 2.7186945659505914  0.13964333865280867 2.8032244074893562  0.13972150989076529 2.887783127449044  0.13977409078359562 2.9723710499856582  0.13980037510335563 3.0569873124704134  0.13980037510335563 3.1415926535897931 
 0 7 0.34992176053095481 5 0.51504717399992006 5 0.67789911201929132 5 1 7
1 15 0 0 1 
1 -2.1343035023867797e-15 19.224096916092002 1 0 
1 1.2973538188989999 0 0 1 
1 0 4.4024193810939991 1 0 
1 -0.273442507896 15 1 0 
2 4.4024193810939964 21.224096916086001 -1 -1.110223024625e-16 1.110223024625e-16 -1 2
1 12.054414958856995 15 -1 0 
2 4.4024193810909589 -2.0000000000048148 -0.70710678118654757 0.70710678118654757 0.70710678118654757 0.70710678118654757 2
1 4.9858314882805868 0 -0 1 
1 0 4.4024193810959078 1 0 
1 4.7123889803849996 0 -0 1 
1 0 35.979999999998626 1 0 
8 -54.479999999997027 -22.902419381094308
1 -6.2847308061699989 19.878220097730001 0.70710678118654757 -0.70710678118654757 
8 -54.479999999997027 -22.902419381094308
1 13.5 -18.499999999998401 0 -1 
7 0 0  6 22 5  2.2193883449964593 1.5707963267948966  2.2191208022788587 1.6621110617190089  2.2188519727341407 1.7534348311707577  2.2185858861345422 1.8447603670370043  2.2183265716963825 1.936118216558133  2.2180780386439296 2.0275379350181799  2.2177337257137775 2.1621665009421687  2.2176265831327311 2.2053417044915609  2.2175230849362322 2.248530759307652  2.2174236113281869 2.2917342736653943  2.2173285233382498 2.3349525611028086  2.2171490464047294 2.4208234791739716  2.2170645255991079 2.4634759163675479  2.2169849284393308 2.5061428619121848  2.2169105541711591 2.5488239320375019  2.2168416732517455 2.5915184492922667  2.2166536326054369 2.718694565950674  2.2165511515394956 2.8032244074890329  2.2164729803015386 2.8877831274495196  2.2164203994087086 2.9723710499853198  2.2163941150889483 3.0569873124705058  2.2163941150889483 3.1415926535897931 
 0 7 0.34992176053082835 5 0.51504717399975208 5 0.67789911201907394 5 1 7
7 0 0  6 22 5  13.5 32.821478961996846  13.5 32.683215007699459  13.515009123604468 32.54493092326851  13.545032711187641 32.408715212926836  13.589693384921524 32.276591285600823  13.648307542993319 32.15050810450893  13.753551794854657 31.976495270823715  13.790165663947937 31.922452618078257  13.829541978903682 31.870345574699073  13.871555718818783 31.820352631066072  13.916066694479037 31.772641455969566  14.00912732398749 31.682719657732559  14.0576137171934 31.640441350176403  14.108229377703646 31.600684469042363  14.160813277337875 31.563585419513146  14.215192710008594 31.529266516853642  14.381925701713557 31.435670304574671  14.498988090690894 31.384793693026364  14.620921776048004 31.346060096691939  14.746167361022916 31.320031086676149  14.87309198832107 31.307019583938512  15 31.307019583938512 
 0 7 0.34992176053082835 5 0.51504717399975208 5 0.67789911201907394 5 1 7
8 0 1
7 0 0  6 22 5  6.1463791619837407 1.5707963267948966  6.14611161926614 1.6621110617190031  6.1458427897214225 1.7534348311707586  6.145576703121824 1.8447603670370227  6.1453173886836634 1.936118216558097  6.1450688556312114 2.0275379350182012  6.1447245427010593 2.16216650094217  6.1446174001200129 2.2053417044915613  6.1445139019235144 2.2485307593076524  6.1444144283154687 2.2917342736653947  6.1443193403255316 2.334952561102809  6.1441398633920121 2.4208234791739756  6.1440553425863911 2.463475916367551  6.1439757454266131 2.5061428619121862  6.1439013711584396 2.5488239320375032  6.1438324902390269 2.5915184492922694  6.1436444495927187 2.7186945659505692  6.1435419685267796 2.8032244074893673  6.1434637972888186 2.8877831274490777  6.1434112163959922 2.9723710499856195  6.1433849320762306 3.0569873124704197  6.1433849320762306 3.1415926535897931 
 0 7 0.34992176053088359 5 0.51504717399987698 5 0.67789911201928432 5 1 7
1 15 0 0 1 
1 0 0 1 0 
7 0 0  1 2 2  5.5310798463440003 -5.9999999999999997e-07  5.5310798463440003 15.0000006 
 -5.9999999999999997e-07 2 15.0000006 2
7 0 0  1 2 2  2.2361624816569998 0.19999939999999999  2.2361624816569998 15.200000599999999 
 -5.9999999999999997e-07 2 15.0000006 2
2 -46.22212180759 56.987183974399002 -0.70710678118654757 0.70710678118654757 -0.70710678118654757 -0.70710678118654757 2
1 1.7763568394002505e-15 13.5 1 0 
8 4.7123889803849996 5.5310798463444701
1 0 13.5 1 0 
1 0 13.700000000000003 1 0 
8 2.2361624816567098 2.35619449019224
1 3.9269908169872401 1.5 1 0 
7 0 0  1 2 2  2.3561944901919998 -5.9999999998950005e-07  2.3561944901919998 15.4000006 
 -5.9999999998950005e-07 2 15.4000006 2
7 0 0  1 2 2  2.3561944901919998 -5.9999999998950005e-07  2.3561944901919998 15.4000006 
 -5.9999999998950005e-07 2 15.4000006 2
1 0 13.700000000000003 1 0 
8 2.35619449019224 2.4762264987279399
1 -2.35619449019224 1.5 1 0 
7 0 0  1 2 2  2.4762264987279998 0.19999939999999999  2.4762264987279998 15.200000599999999 
 -5.9999999999999997e-07 2 15.0000006 2
7 0 0  1 2 2  0.75210546083600005 -5.9999999999999997e-07  0.75210546083600005 15.0000006 
 -5.9999999999999997e-07 2 15.0000006 2
2 -56.98718397439 46.22212180759 -0.70710678118654757 0.70710678118654757 -0.70710678118654757 -0.70710678118654757 2
1 0 13.5 1 0 
8 0.75210546083573604 1.570796326795
1 0 13.5 1 0 
1 1.570796326795 0 0 1 
1 0 35.979999999998611 1 0 
8 -54.479999999998789 -22.902419381088301
1 -19.87822009772875 6.2847308061737506 0.70710678118654757 -0.70710678118654757 
8 -54.479999999998789 -22.902419381088301
1 13.5 -18.500000000000171 0 -1 
7 0 0  6 22 5  2.4930006353881797 1.5707963267948966  2.4932681781057804 1.6621110617190027  2.4935370076504992 1.7534348311707217  2.4938030942500964 1.8447603670370762  2.4940624086882561 1.9361182165580759  2.4943109417407094 2.0275379350182008  2.4946552546708616 2.16216650094217  2.4947623972519075 2.2053417044915662  2.494865895448406 2.2485307593076596  2.4949653690564517 2.2917342736653992  2.4950604570463892 2.3349525611028086  2.4952399339799096 2.4208234791739724  2.4953244547855307 2.4634759163675533  2.4954040519453073 2.5061428619121915  2.495478426213479 2.5488239320375063  2.4955473071328926 2.5915184492922667  2.4957353477792013 2.7186945659506225  2.4958378288451439 2.8032244074892159  2.4959160000830973 2.8877831274492807  2.4959685809759313 2.9723710499854614  2.4959948652956894 3.0569873124704801  2.4959948652956894 3.1415926535897931 
 0 7 0.34992176053083474 5 0.51504717399980426 5 0.67789911201917463 5 1 7
7 0 0  6 22 5  13.5 32.821478961993805  13.5 32.683215007696425  13.51500912360445 32.544930923265461  13.545032711187678 32.408715212923717  13.589693384921489 32.276591285597853  13.648307542993335 32.150508104505846  13.753551794854657 31.97649527082066  13.79016566394794 31.922452618075209  13.82954197890369 31.870345574696032  13.871555718818788 31.820352631063027  13.916066694479037 31.772641455966511  14.00912732398749 31.682719657729493  14.057613717193405 31.640441350173361  14.108229377703653 31.600684469039333  14.160813277337882 31.563585419510105  14.215192710008594 31.529266516850583  14.38192570171349 31.435670304571655  14.498988090691174 31.384793693023273  14.620921776047627 31.346060096688941  14.746167361023137 31.32003108667309  14.873091988321031 31.307019583935471  15 31.307019583935471 
 0 7 0.34992176053083474 5 0.51504717399980426 5 0.67789911201917463 5 1 7
8 0 1
7 0 0  6 22 5  0.13680614519584552 1.5707963267948966  0.13707368791344601 1.6621110617189911  0.13734251745816481 1.7534348311707899  0.13760860405776196 1.8447603670369643  0.13786791849592261 1.9361182165581661  0.13811645154837504 2.027537935018167  0.13846076447852729 2.16216650094217  0.13856790705957325 2.2053417044915626  0.13867140525607202 2.2485307593076533  0.13877087886411765 2.2917342736653947  0.13886596685405475 2.3349525611028086  0.13904544378757519 2.4208234791739738  0.13912996459319624 2.4634759163675519  0.1392095617529733 2.5061428619121888  0.13928393602114547 2.5488239320375041  0.13935281694055898 2.5915184492922667  0.13954085758686741 2.7186945659505914  0.13964333865280867 2.8032244074893562  0.13972150989076529 2.887783127449044  0.13977409078359562 2.9723710499856582  0.13980037510335563 3.0569873124704134  0.13980037510335563 3.1415926535897931 
 0 7 0.34992176053095481 5 0.51504717399992006 5 0.67789911201929132 5 1 7
1 15 0 0 1 
1 3.5367264672458987e-12 19.224096916094055 1 0 
1 1.2973538188989999 0 0 1 
1 0 4.4024193810881309 1 0 
1 -1.0588406712930001 15 1 0 
2 4.4024193810959105 21.224096916093213 -0.70710678118654757 0.70710678118654757 -0.70710678118654757 -0.70710678118654757 2
1 11.269016795459585 15 -1 0 
2 4.4024193810899988 -1.9999999999999996 -1.2246467991469999e-16 1 1 1.2246467991469999e-16 2
1 4.9858314882805868 0 -0 1 
1 0 4.4024193810899988 1 0 
1 4.7123889803849996 0 -0 1 
1 0 35.980000000000004 1 0 
8 -54.480000000000004 -22.902419381089999
1 -18.5 9.6120484580459973 1 -1.2246467991469999e-16 
8 -54.480000000000004 -22.902419381089999
1 13.5 -18.5 0 -1 
7 0 0  6 22 5  3.0047865083939476 1.5707963267948966  3.0045189656763469 1.6621110617189929  3.0042501361316289 1.7534348311707688  3.00398404953203 1.8447603670370079  3.0037247350938712 1.9361182165581248  3.0034762020414179 2.0275379350181817  3.0031318891112648 2.16216650094217  3.0030247465302193 2.2053417044915613  3.0029212483337209 2.2485307593076524  3.0028217747256751 2.2917342736653947  3.0027266867357381 2.3349525611028086  3.0025472098022181 2.4208234791739751  3.0024626889965966 2.4634759163675515  3.0023830918368195 2.506142861912187  3.0023087175686478 2.5488239320375032  3.0022398366492347 2.591518449292268  3.002051796002926 2.7186945659506003  3.0019493149369838 2.8032244074892936  3.0018711436990291 2.8877831274491603  3.0018185628061973 2.9723710499855684  3.0017922784864375 3.0569873124704348  3.0017922784864375 3.1415926535897931 
 0 7 0.34992176053089769 5 0.51504717399986244 5 0.67789911201923825 5 1 7
7 0 0  6 22 5  13.5 32.821478961994032  13.5 32.683215007696667  13.515009123604463 32.544930923265639  13.545032711187648 32.408715212924058  13.589693384921519 32.276591285598002  13.64830754299332 32.150508104506116  13.753551794854657 31.976495270820902  13.790165663947937 31.922452618075443  13.829541978903682 31.870345574696259  13.871555718818783 31.820352631063258  13.916066694479037 31.772641455966752  14.009127323987494 31.682719657729734  14.057613717193405 31.640441350173599  14.108229377703649 31.60068446903956  14.160813277337875 31.563585419510332  14.215192710008594 31.529266516850811  14.381925701713461 31.4356703045719  14.498988090691277 31.384793693023497  14.620921776047449 31.346060096689165  14.746167361023303 31.320031086673335  14.873091988320963 31.307019583935698  15 31.307019583935698 
 0 7 0.34992176053089769 5 0.51504717399986244 5 0.67789911201923825 5 1 7
8 0 1
7 0 0  6 22 5  6.1463791619837407 1.5707963267948966  6.14611161926614 1.6621110617190031  6.1458427897214225 1.7534348311707586  6.145576703121824 1.8447603670370227  6.1453173886836634 1.936118216558097  6.1450688556312114 2.0275379350182012  6.1447245427010593 2.16216650094217  6.1446174001200129 2.2053417044915613  6.1445139019235144 2.2485307593076524  6.1444144283154687 2.2917342736653947  6.1443193403255316 2.334952561102809  6.1441398633920121 2.4208234791739756  6.1440553425863911 2.463475916367551  6.1439757454266131 2.5061428619121862  6.1439013711584396 2.5488239320375032  6.1438324902390269 2.5915184492922694  6.1436444495927187 2.7186945659505692  6.1435419685267796 2.8032244074893673  6.1434637972888186 2.8877831274490777  6.1434112163959922 2.9723710499856195  6.1433849320762306 3.0569873124704197  6.1433849320762306 3.1415926535897931 
 0 7 0.34992176053088359 5 0.51504717399987698 5 0.67789911201928432 5 1 7
1 15 0 0 1 
1 0 0 1 0 
7 0 0  1 2 2  5.5310798463440003 -5.9999999999999997e-07  5.5310798463440003 15.0000006 
 -5.9999999999999997e-07 2 15.0000006 2
7 0 0  1 2 2  3.021560645054 0.19999939999999999  3.021560645054 15.200000599999999 
 -5.9999999999999997e-07 2 15.0000006 2
2 -72.980000000000004 7.6120484580459999 -1 1.2246467991469999e-16 -1.2246467991469999e-16 -1 2
1 0 13.5 1 0 
8 4.7123889803849996 5.5310798463444701
1 0 13.5 1 0 
1 0 13.700000000000003 1 0 
8 3.0215606450541799 3.14159265358979
1 3.14159265358977 1.5 1 0 
7 0 0  1 2 2  3.1415926535900001 -5.9999999998950005e-07  3.1415926535900001 15.4000006 
 -5.9999999998950005e-07 2 15.4000006 2
7 0 0  1 2 2  3.1415926535900001 -5.9999999998950005e-07  3.1415926535900001 15.4000006 
 -5.9999999998950005e-07 2 15.4000006 2
1 0 13.700000000000003 1 0 
8 3.14159265358979 3.2616246621254099
1 -3.14159265358979 1.5 1 0 
7 0 0  1 2 2  3.261624662125 0.19999939999999999  3.261624662125 15.200000599999999 
 -5.9999999999999997e-07 2 15.0000006 2
7 0 0  1 2 2  0.75210546083600005 -5.9999999999999997e-07  0.75210546083600005 15.0000006 
 -5.9999999999999997e-07 2 15.0000006 2
2 -72.980000000000004 -7.6120484580449999 -1 1.2246467991469999e-16 -1.2246467991469999e-16 -1 2
1 0 13.5 1 0 
8 0.75210546083573604 1.570796326795
1 0 13.5 1 0 
1 1.570796326795 0 0 1 
1 0 35.980000000000004 1 0 
8 -54.480000000000004 -22.902419381089999
1 -18.5 -9.6120484580460044 1 -1.2246467991469999e-16 
8 -54.480000000000004 -22.902419381089999
1 13.5 -18.5 0 -1 
7 0 0  6 22 5  3.2783987987856387 1.5707963267948966  3.2786663415032393 1.6621110617189994  3.2789351710479582 1.753434831170767  3.2792012576475549 1.8447603670369954  3.279460572085716 1.9361182165581408  3.2797091051381684 2.0275379350181799  3.2800534180683214 2.16216650094217  3.2801605606493669 2.2053417044915626  3.2802640588458654 2.2485307593076538  3.2803635324539115 2.2917342736653952  3.2804586204438482 2.3349525611028086  3.2806380973773681 2.4208234791739742  3.2807226181829896 2.4634759163675519  3.2808022153427667 2.5061428619121888  3.2808765896109384 2.5488239320375046  3.2809454705303516 2.5915184492922676  3.2811335111766606 2.7186945659506749  3.2812359922426015 2.8032244074890516  3.2813141634805589 2.8877831274494739  3.2813667443733885 2.9723710499853855  3.2813930286931488 3.0569873124704707  3.2813930286931488 3.1415926535897931 
 0 7 0.3499217605308072 5 0.51504717399972599 5 0.67789911201905317 5 1 7
7 0 0  6 22 5  13.5 32.821478961994032  13.5 32.68321500769666  13.515009123604463 32.54493092326566  13.545032711187648 32.408715212924037  13.589693384921523 32.276591285598002  13.648307542993319 32.150508104506116  13.753551794854657 31.976495270820902  13.790165663947937 31.922452618075443  13.829541978903682 31.870345574696263  13.871555718818783 31.820352631063262  13.916066694479037 31.772641455966752  14.009127323987494 31.682719657729738  14.057613717193405 31.640441350173599  14.108229377703651 31.600684469039564  14.16081327733788 31.563585419510332  14.215192710008594 31.529266516850811  14.381925701713559 31.435670304571843  14.498988090690988 31.384793693023592  14.62092177604781 31.346060096689115  14.74616736102309 31.320031086673325  14.873091988321017 31.307019583935713  15 31.307019583935713 
 0 7 0.3499217605308072 5 0.51504717399972599 5 0.67789911201905317 5 1 7
8 0 1
7 0 0  6 22 5  0.13680614519584552 1.5707963267948966  0.13707368791344601 1.6621110617189911  0.13734251745816481 1.7534348311707899  0.13760860405776196 1.8447603670369643  0.13786791849592261 1.9361182165581661  0.13811645154837504 2.027537935018167  0.13846076447852729 2.16216650094217  0.13856790705957325 2.2053417044915626  0.13867140525607202 2.2485307593076533  0.13877087886411765 2.2917342736653947  0.13886596685405475 2.3349525611028086  0.13904544378757519 2.4208234791739738  0.13912996459319624 2.4634759163675519  0.1392095617529733 2.5061428619121888  0.13928393602114547 2.5488239320375041  0.13935281694055898 2.5915184492922667  0.13954085758686741 2.7186945659505914  0.13964333865280867 2.8032244074893562  0.13972150989076529 2.887783127449044  0.13977409078359562 2.9723710499856582  0.13980037510335563 3.0569873124704134  0.13980037510335563 3.1415926535897931 
 0 7 0.34992176053095481 5 0.51504717399992006 5 0.67789911201929132 5 1 7
1 15 0 0 1 
1 -2.3542728754783784e-15 19.224096916092002 1 0 
1 1.2973538188989999 0 0 1 
1 0 4.4024193810899988 1 0 
1 -1.8442388346909999 15 1 0 
2 4.4024193810899961 21.224096916086001 -1.2246467991469999e-16 1 -1 -1.2246467991469999e-16 2
1 10.483618632062587 15 -1 0 
2 4.4024193810888388 -2.0000000000026947 0.70710678118654757 0.70710678118654757 0.70710678118654757 -0.70710678118654757 2
1 4.9858314882805868 0 -0 1 
1 0 4.4024193810959078 1 0 
1 4.7123889803849996 0 -0 1 
1 0 35.979999999997204 1 0 
8 -54.479999999995606 -22.902419381094308
1 -19.878220097730001 -6.2847308061699989 0.70710678118654757 0.70710678118654757 
8 -54.479999999995606 -22.902419381094308
1 13.5 -18.499999999998401 0 -1 
7 0 0  6 22 5  3.7901846717913559 1.5707963267948966  3.7899171290737552 1.662111061718996  3.7896482995290377 1.7534348311707979  3.7893822129294379 1.8447603670369555  3.7891228984912795 1.9361182165581607  3.7888743654388262 2.0275379350181755  3.7885300525086745 2.16216650094217  3.7884229099276276 2.2053417044915613  3.7883194117311292 2.248530759307652  3.7882199381230834 2.2917342736653943  3.7881248501331464 2.3349525611028086  3.7879453731996251 2.4208234791739716  3.7878608523940045 2.4634759163675479  3.7877812552342269 2.5061428619121848  3.7877068809660552 2.5488239320375019  3.7876380000466416 2.5915184492922667  3.7874499594003335 2.7186945659506163  3.7873474783343926 2.8032244074891768  3.7872693070964347 2.8877831274493433  3.7872167262036056 2.9723710499854379  3.7871904418838449 3.0569873124704703  3.7871904418838449 3.1415926535897931 
 0 7 0.34992176053090945 5 0.51504717399986855 5 0.67789911201922526 5 1 7
7 0 0  6 22 5  13.5 32.821478961996846  13.5 32.683215007699474  13.51500912360447 32.544930923268474  13.545032711187634 32.408715212926865  13.589693384921533 32.276591285600809  13.648307542993315 32.150508104508937  13.753551794854657 31.976495270823715  13.790165663947937 31.922452618078257  13.829541978903682 31.870345574699073  13.871555718818781 31.820352631066072  13.916066694479037 31.772641455969566  14.00912732398749 31.682719657732552  14.0576137171934 31.640441350176403  14.108229377703646 31.600684469042363  14.160813277337875 31.563585419513146  14.215192710008594 31.529266516853642  14.381925701713483 31.435670304574714  14.498988090691144 31.384793693026268  14.620921776047659 31.346060096692028  14.746167361023138 31.320031086676117  14.873091988321015 31.307019583938512  15 31.307019583938512 
 0 7 0.34992176053090945 5 0.51504717399986855 5 0.67789911201922526 5 1 7
8 0 1
7 0 0  6 22 5  6.1463791619837407 1.5707963267948966  6.14611161926614 1.6621110617190031  6.1458427897214225 1.7534348311707586  6.145576703121824 1.8447603670370227  6.1453173886836634 1.936118216558097  6.1450688556312114 2.0275379350182012  6.1447245427010593 2.16216650094217  6.1446174001200129 2.2053417044915613  6.1445139019235144 2.2485307593076524  6.1444144283154687 2.2917342736653947  6.1443193403255316 2.334952561102809  6.1441398633920121 2.4208234791739756  6.1440553425863911 2.463475916367551  6.1439757454266131 2.5061428619121862  6.1439013711584396 2.5488239320375032  6.1438324902390269 2.5915184492922694  6.1436444495927187 2.7186945659505692  6.1435419685267796 2.8032244074893673  6.1434637972888186 2.8877831274490777  6.1434112163959922 2.9723710499856195  6.1433849320762306 3.0569873124704197  6.1433849320762306 3.1415926535897931 
 0 7 0.34992176053088359 5 0.51504717399987698 5 0.67789911201928432 5 1 7
1 15 0 0 1 
1 0 0 1 0 
7 0 0  1 2 2  5.5310798463440003 -5.9999999999999997e-07  5.5310798463440003 15.0000006 
 -5.9999999999999997e-07 2 15.0000006 2
7 0 0  1 2 2  3.8069588084519999 0.19999939999999999  3.8069588084519999 15.200000599999999 
 -5.9999999999999997e-07 2 15.0000006 2
2 -56.98718397439 -46.22212180759 -0.70710678118654757 -0.70710678118654757 0.70710678118654757 -0.70710678118654757 2
1 1.7763568394002505e-15 13.5 1 0 
8 4.7123889803849996 5.5310798463444701
1 0 13.5 1 0 
1 0 13.700000000000003 1 0 
8 3.8069588084516002 3.9269908169872498
1 2.3561944901923497 1.5 1 0 
7 0 0  1 2 2  3.9269908169869998 -5.9999999998950005e-07  3.9269908169869998 15.4000006 
 -5.9999999998950005e-07 2 15.4000006 2
7 0 0  1 2 2  3.9269908169869998 -5.9999999998950005e-07  3.9269908169869998 15.4000006 
 -5.9999999998950005e-07 2 15.4000006 2
1 0 13.700000000000003 1 0 
8 3.9269908169872498 4.0470228255228697
1 -3.9269908169872498 1.5 1 0 
7 0 0  1 2 2  4.0470228255230003 0.19999939999999999  4.0470228255230003 15.200000599999999 
 -5.9999999999999997e-07 2 15.0000006 2
7 0 0  1 2 2  0.75210546083600005 -5.9999999999999997e-07  0.75210546083600005 15.0000006 
 -5.9999999999999997e-07 2 15.0000006 2
2 -46.22212180759 -56.98718397439 -0.70710678118654757 -0.70710678118654757 0.70710678118654757 -0.70710678118654757 2
1 0 13.5 1 0 
8 0.75210546083573604 1.570796326795
1 0 13.5 1 0 
1 1.570796326795 0 0 1 
1 0 35.979999999997204 1 0 
8 -54.479999999995606 -22.902419381094308
1 -6.2847308061699989 -19.878220097730001 0.70710678118654757 0.70710678118654757 
8 -54.479999999995606 -22.902419381094308
1 13.5 -18.499999999998401 0 -1 
7 0 0  6 22 5  4.0637969621831269 1.5707963267948966  4.0640645049007276 1.6621110617189838  4.0643333344454469 1.7534348311707866  4.0645994210450427 1.8447603670369799  4.0648587354832051 1.9361182165581317  4.0651072685356571 2.027537935018183  4.0654515814658092 2.1621665009421722  4.0655587240468556 2.2053417044915644  4.0656622222433532 2.2485307593076542  4.0657616958513998 2.2917342736653956  4.0658567838413378 2.3349525611028095  4.0660362607748572 2.4208234791739698  4.0661207815804774 2.4634759163675546  4.0662003787402545 2.506142861912195  4.066274753008428 2.5488239320375081  4.0663436339278416 2.5915184492922649  4.0665316745741498 2.7186945659506092  4.0666341556400907 2.8032244074893056  4.0667123268780472 2.8877831274490862  4.066764907770879 2.9723710499856533  4.0667911920906379 3.0569873124703992  4.0667911920906379 3.1415926535897931 
 0 7 0.34992176053088447 5 0.51504717399985633 5 0.67789911201922903 5 1 7
7 0 0  6 22 5  13.5 32.82147896199686  13.5 32.683215007699509  13.515009123604463 32.544930923268424  13.545032711187648 32.4087152129269  13.589693384921514 32.276591285600816  13.648307542993322 32.150508104508923  13.753551794854658 31.976495270823708  13.79016566394794 31.922452618078257  13.829541978903682 31.870345574699083  13.871555718818783 31.820352631066072  13.916066694479037 31.772641455969548  14.00912732398749 31.682719657732537  14.057613717193405 31.640441350176406  14.108229377703656 31.600684469042374  14.16081327733788 31.563585419513156  14.215192710008589 31.529266516853628  14.381925701713474 31.435670304574707  14.498988090691261 31.384793693026268  14.620921776047407 31.346060096692064  14.746167361023392 31.320031086676067  14.87309198832091 31.307019583938526  15 31.307019583938526 
 0 7 0.34992176053088447 5 0.51504717399985633 5 0.67789911201922903 5 1 7
8 0 1
7 0 0  6 22 5  0.13680614519584552 1.5707963267948966  0.13707368791344601 1.6621110617189911  0.13734251745816481 1.7534348311707899  0.13760860405776196 1.8447603670369643  0.13786791849592261 1.9361182165581661  0.13811645154837504 2.027537935018167  0.13846076447852729 2.16216650094217  0.13856790705957325 2.2053417044915626  0.13867140525607202 2.2485307593076533  0.13877087886411765 2.2917342736653947  0.13886596685405475 2.3349525611028086  0.13904544378757519 2.4208234791739738  0.13912996459319624 2.4634759163675519  0.1392095617529733 2.5061428619121888  0.13928393602114547 2.5488239320375041  0.13935281694055898 2.5915184492922667  0.13954085758686741 2.7186945659505914  0.13964333865280867 2.8032244074893562  0.13972150989076529 2.887783127449044  0.13977409078359562 2.9723710499856582  0.13980037510335563 3.0569873124704134  0.13980037510335563 3.1415926535897931 
 0 7 0.34992176053095481 5 0.51504717399992006 5 0.67789911201929132 5 1 7
1 15 0 0 1 
1 0 19.22409691609759 1 0 
1 1.2973538188989999 0 0 1 
1 0 4.4024193810959078 1 0 
1 -2.6296369980879999 15 1 0 
2 4.4024193810888388 21.224096916100287 0.70710678118654757 0.70710678118654757 -0.70710678118654757 0.70710678118654757 2
1 9.6982204686655855 15 -1 0 
2 4.4024193810899988 -1.9999999999939986 1 2.22044604925e-16 2.22044604925e-16 -1 2
1 4.9858314882805868 0 -0 1 
1 0 4.4024193810899988 1 0 
1 4.7123889803849996 0 -0 1 
1 0 35.980000000000004 1 0 
8 -54.480000000000004 -22.902419381089999
1 -9.6120484580459973 -18.5 2.22044604925e-16 1 
8 -54.480000000000004 -22.902419381089999
1 13.5 -18.5 0 -1 
7 0 0  6 22 5  4.5755828351888441 1.5707963267948966  4.5753152924712435 1.6621110617189958  4.5750464629265251 1.7534348311707801  4.5747803763269292 1.8447603670369803  4.5745210618887659 1.9361182165581425  4.5742725288363149 2.0275379350181799  4.5739282159061627 2.16216650094217  4.5738210733251146 2.2053417044915693  4.5737175751286161 2.2485307593076627  4.5736181015205721 2.2917342736653996  4.5735230135306351 2.3349525611028064  4.5733435365971138 2.4208234791739724  4.5732590157914936 2.4634759163675564  4.5731794186317174 2.5061428619121973  4.5731050443635448 2.5488239320375112  4.5730361634441312 2.5915184492922698  4.5728481227978222 2.7186945659505684  4.5727456417318821 2.8032244074894064  4.5726674704939239 2.8877831274489845  4.5726148896010947 2.9723710499857079  4.572588605281334 3.0569873124703868  4.572588605281334 3.1415926535897931 
 0 7 0.34992176053096469 5 0.51504717399995781 5 0.67789911201933972 5 1 7
7 0 0  6 22 5  13.5 32.821478961994032  13.5 32.683215007696667  13.515009123604463 32.54493092326566  13.545032711187647 32.408715212924029  13.589693384921521 32.276591285598009  13.648307542993319 32.150508104506116  13.753551794854658 31.976495270820902  13.790165663947938 31.922452618075443  13.829541978903682 31.870345574696255  13.87155571881879 31.820352631063255  13.916066694479049 31.772641455966745  14.009127323987505 31.68271965772972  14.05761371719341 31.640441350173589  14.108229377703653 31.60068446903956  14.16081327733788 31.563585419510332  14.215192710008596 31.529266516850811  14.381925701713419 31.435670304571921  14.498988090691434 31.38479369302344  14.620921776047201 31.346060096689218  14.746167361023504 31.32003108667331  14.873091988320891 31.307019583935698  15 31.307019583935698 
 0 7 0.34992176053096469 5 0.51504717399995781 5 0.67789911201933972 5 1 7
8 0 1
7 0 0  6 22 5  6.1463791619837407 1.5707963267948966  6.14611161926614 1.6621110617190031  6.1458427897214225 1.7534348311707586  6.145576703121824 1.8447603670370227  6.1453173886836634 1.936118216558097  6.1450688556312114 2.0275379350182012  6.1447245427010593 2.16216650094217  6.1446174001200129 2.2053417044915613  6.1445139019235144 2.2485307593076524  6.1444144283154687 2.2917342736653947  6.1443193403255316 2.334952561102809  6.1441398633920121 2.4208234791739756  6.1440553425863911 2.463475916367551  6.1439757454266131 2.5061428619121862  6.1439013711584396 2.5488239320375032  6.1438324902390269 2.5915184492922694  6.1436444495927187 2.7186945659505692  6.1435419685267796 2.8032244074893673  6.1434637972888186 2.8877831274490777  6.1434112163959922 2.9723710499856195  6.1433849320762306 3.0569873124704197  6.1433849320762306 3.1415926535897931 
 0 7 0.34992176053088359 5 0.51504717399987698 5 0.67789911201928432 5 1 7
1 15 0 0 1 
1 0 0 1 0 
7 0 0  1 2 2  5.5310798463440003 -5.9999999999999997e-07  5.5310798463440003 15.0000006 
 -5.9999999999999997e-07 2 15.0000006 2
7 0 0  1 2 2  4.592356971849 0.19999939999999999  4.592356971849 15.200000599999999 
 -5.9999999999999997e-07 2 15.0000006 2
2 -7.6120484580459999 -72.980000000000004 -2.22044604925e-16 -1 1 -2.22044604925e-16 2
1 0 13.5 1 0 
8 4.7123889803849996 5.5310798463444701
1 0 13.5 1 0 
1 0 13.700000000000003 1 0 
8 4.5923569718490898 4.7123889803846701
1 1.5707963267948601 1.5 1 0 
7 0 0  1 2 2  4.7123889803849996 -5.9999999998950005e-07  4.7123889803849996 15.4000006 
 -5.9999999998950005e-07 2 15.4000006 2
7 0 0  1 2 2  4.7123889803849996 -5.9999999998950005e-07  4.7123889803849996 15.4000006 
 -5.9999999998950005e-07 2 15.4000006 2
1 -8.8817841970012523e-16 13.700000000000003 1 0 
8 4.7123889803846701 4.8324209889203198
1 -4.7123889803846701 1.5 1 0 
7 0 0  1 2 2  4.83242098892 0.19999939999999999  4.83242098892 15.200000599999999 
 -5.9999999999999997e-07 2 15.0000006 2
7 0 0  1 2 2  0.75210546083600005 -5.9999999999999997e-07  0.75210546083600005 15.0000006 
 -5.9999999999999997e-07 2 15.0000006 2
2 7.6120484580449999 -72.980000000000004 -2.22044604925e-16 -1 1 -2.22044604925e-16 2
1 0 13.5 1 0 
8 0.75210546083573604 1.570796326795
1 0 13.5 1 0 
1 1.570796326795 0 0 1 
1 0 35.980000000000004 1 0 
8 -54.480000000000004 -22.902419381089999
1 9.6120484580450061 -18.5 2.22044604925e-16 1 
8 -54.480000000000004 -22.902419381089999
1 13.5 -18.5 0 -1 
7 0 0  6 22 5  4.8491951255805201 1.5707963267948966  4.8494626682981208 1.6621110617189987  4.8497314978428436 1.7534348311707135  4.8499975844424332 1.8447603670370771  4.8502568988806001 1.9361182165580644  4.8505054319330503 2.027537935018199  4.8508497448632024 2.1621665009421731  4.8509568874442488 2.205341704491564  4.8510603856407473 2.2485307593076529  4.851159859248793 2.2917342736653947  4.8512549472387301 2.3349525611028104  4.8514344241722496 2.4208234791739685  4.8515189449778715 2.4634759163675519  4.8515985421376495 2.5061428619121924  4.8516729164058212 2.5488239320375072  4.8517417973252348 2.5915184492922658  4.8519298379715421 2.7186945659506101  4.8520323190374866 2.8032244074892732  4.852110490275436 2.8877831274491732  4.8521630711682739 2.9723710499855516  4.8521893554880302 3.0569873124704436  4.8521893554880302 3.1415926535897931 
 0 7 0.34992176053085056 5 0.51504717399983624 5 0.67789911201921393 5 1 7
7 0 0  6 22 5  13.5 32.821478961994188  13.5 32.683215007696816  13.515009123604447 32.544930923265817  13.545032711187684 32.408715212924136  13.589693384921478 32.276591285598208  13.648307542993335 32.150508104506237  13.753551794854658 31.976495270821037  13.79016566394794 31.922452618075585  13.829541978903682 31.870345574696412  13.871555718818783 31.8203526310634  13.916066694479037 31.772641455966877  14.009127323987487 31.682719657729866  14.057613717193405 31.640441350173734  14.108229377703656 31.600684469039702  14.160813277337882 31.563585419510478  14.215192710008592 31.529266516850971  14.381925701713474 31.435670304572049  14.498988090691203 31.384793693023589  14.620921776047558 31.346060096689389  14.746167361023229 31.320031086673417  14.873091988320976 31.307019583935855  15 31.307019583935855 
 0 7 0.34992176053085056 5 0.51504717399983624 5 0.67789911201921393 5 1 7
8 0 1
7 0 0  6 22 5  0.13680614519584552 1.5707963267948966  0.13707368791344601 1.6621110617189911  0.13734251745816481 1.7534348311707899  0.13760860405776196 1.8447603670369643  0.13786791849592261 1.9361182165581661  0.13811645154837504 2.027537935018167  0.13846076447852729 2.16216650094217  0.13856790705957325 2.2053417044915626  0.13867140525607202 2.2485307593076533  0.13877087886411765 2.2917342736653947  0.13886596685405475 2.3349525611028086  0.13904544378757519 2.4208234791739738  0.13912996459319624 2.4634759163675519  0.1392095617529733 2.5061428619121888  0.13928393602114547 2.5488239320375041  0.13935281694055898 2.5915184492922667  0.13954085758686741 2.7186945659505914  0.13964333865280867 2.8032244074893562  0.13972150989076529 2.887783127449044  0.13977409078359562 2.9723710499856582  0.13980037510335563 3.0569873124704134  0.13980037510335563 3.1415926535897931 
 0 7 0.34992176053095481 5 0.51504717399992006 5 0.67789911201929132 5 1 7
1 15 0 0 1 
1 -4.2686070047733369e-15 19.224096916091 1 0 
1 1.2973538188989999 0 0 1 
1 0 4.4024193810899988 1 0 
1 -3.4150351614860002 15 1 0 
2 4.4024193810899943 21.224096916091 1 2.22044604925e-16 -2.22044604925e-16 1 2
1 8.9128223052675857 15 -1 0 
2 4.4024193810923737 -1.9999999999991598 0.70710678118654757 -0.70710678118654757 -0.70710678118654757 -0.70710678118654757 2
1 4.9858314882805868 0 -0 1 
1 0 4.4024193810881309 1 0 
1 4.7123889803849996 0 -0 1 
1 0 35.979999999998611 1 0 
8 -54.479999999998789 -22.902419381088301
1 6.2847308061737506 -19.87822009772875 -0.70710678118654757 0.70710678118654757 
8 -54.479999999998789 -22.902419381088301
1 13.5 -18.500000000000171 0 -1 
7 0 0  6 22 5  5.3609809985863031 1.5707963267948966  5.3607134558687024 1.6621110617189681  5.3604446263239849 1.7534348311708721  5.3601785397243864 1.8447603670368775  5.3599192252862267 1.9361182165581963  5.3596706922337738 2.0275379350181697  5.3593263793036217 2.1621665009421727  5.3592192367225744 2.2053417044915666  5.3591157385260759 2.2485307593076573  5.359016264918032 2.2917342736653974  5.3589211769280949 2.3349525611028086  5.3587416999945736 2.420823479173972  5.3586571791889526 2.4634759163675555  5.3585775820291763 2.5061428619121973  5.3585032077610038 2.5488239320375108  5.3584343268415919 2.5915184492922676  5.358246286195282 2.7186945659506279  5.3581438051293384 2.8032244074891799  5.3580656338913863 2.8877831274493104  5.3580130529985519 2.9723710499854885  5.3579867686787939 3.0569873124704485  5.3579867686787939 3.1415926535897931 
 0 7 0.34992176053089552 5 0.51504717399984778 5 0.67789911201919617 5 1 7
7 0 0  6 22 5  13.5 32.82147896199379  13.5 32.683215007696468  13.515009123604484 32.544930923265312  13.545032711187607 32.40871521292393  13.589693384921551 32.276591285597704  13.648307542993312 32.150508104505903  13.753551794854658 31.976495270820674  13.790165663947933 31.922452618075216  13.829541978903679 31.870345574696028  13.871555718818785 31.82035263106302  13.916066694479049 31.772641455966511  14.009127323987505 31.682719657729496  14.057613717193407 31.640441350173358  14.108229377703653 31.600684469039322  14.16081327733788 31.563585419510101  14.215192710008594 31.529266516850583  14.381925701713497 31.435670304571651  14.498988090691148 31.384793693023266  14.620921776047618 31.346060096688984  14.746167361023206 31.32003108667304  14.873091988320983 31.307019583935485  15 31.307019583935485 
 0 7 0.34992176053089552 5 0.51504717399984778 5 0.67789911201919617 5 1 7
8 0 1
7 0 0  6 22 5  6.1463791619837407 1.5707963267948966  6.14611161926614 1.6621110617190031  6.1458427897214225 1.7534348311707586  6.145576703121824 1.8447603670370227  6.1453173886836634 1.936118216558097  6.1450688556312114 2.0275379350182012  6.1447245427010593 2.16216650094217  6.1446174001200129 2.2053417044915613  6.1445139019235144 2.2485307593076524  6.1444144283154687 2.2917342736653947  6.1443193403255316 2.334952561102809  6.1441398633920121 2.4208234791739756  6.1440553425863911 2.463475916367551  6.1439757454266131 2.5061428619121862  6.1439013711584396 2.5488239320375032  6.1438324902390269 2.5915184492922694  6.1436444495927187 2.7186945659505692  6.1435419685267796 2.8032244074893673  6.1434637972888186 2.8877831274490777  6.1434112163959922 2.9723710499856195  6.1433849320762306 3.0569873124704197  6.1433849320762306 3.1415926535897931 
 0 7 0.34992176053088359 5 0.51504717399987698 5 0.67789911201928432 5 1 7
1 15 0 0 1 
1 0 0 1 0 
7 0 0  1 2 2  5.5310798463440003 -5.9999999999999997e-07  5.5310798463440003 15.0000006 
 -5.9999999999999997e-07 2 15.0000006 2
7 0 0  1 2 2  5.3777551352469999 0.19999939999999999  5.3777551352469999 15.200000599999999 
 -5.9999999999999997e-07 2 15.0000006 2
2 46.22212180759 -56.98718397439 0.70710678118654757 -0.70710678118654757 0.70710678118654757 0.70710678118654757 2
1 1.7763568394002505e-15 13.5 1 0 
8 4.7123889803849996 5.5310798463444701
1 0 13.5 1 0 
1 1.7763568394002505e-15 13.700000000000003 1 0 
8 5.37775513524653 5.4977871437822401
1 0.78539816339741986 1.5 1 0 
7 0 0  1 2 2  5.4977871437820003 -5.9999999998950005e-07  5.4977871437820003 15.4000006 
 -5.9999999998950005e-07 2 15.4000006 2
7 0 0  1 2 2  5.4977871437820003 -5.9999999998950005e-07  5.4977871437820003 15.4000006 
 -5.9999999998950005e-07 2 15.4000006 2
1 0 13.700000000000003 1 0 
8 5.4977871437822401 5.6178191523177796
1 -5.4977871437822401 1.5 1 0 
7 0 0  1 2 2  5.6178191523179999 0.19999939999999999  5.6178191523179999 15.200000599999999 
 -5.9999999999999997e-07 2 15.0000006 2
7 0 0  1 2 2  0.75210546083600005 -5.9999999999999997e-07  0.75210546083600005 15.0000006 
 -5.9999999999999997e-07 2 15.0000006 2
2 56.987183974399002 -46.22212180759 0.70710678118654757 -0.70710678118654757 0.70710678118654757 0.70710678118654757 2
1 0 13.5 1 0 
8 0.75210546083573604 1.570796326795
1 0 13.5 1 0 
1 1.570796326795 0 0 1 
1 0 35.979999999998626 1 0 
8 -54.479999999997027 -22.902419381094308
1 19.878220097730001 -6.2847308061699989 -0.70710678118654757 0.70710678118654757 
8 -54.479999999997027 -22.902419381094308
1 13.5 -18.499999999998401 0 -1 
7 0 0  6 22 5  5.6345932889780235 1.5707963267948966  5.6348608316956241 1.662111061718982  5.6351296612403443 1.7534348311707724  5.6353957478399384 1.8447603670370043  5.6356550622781025 1.9361182165581208  5.6359035953305536 2.0275379350181812  5.6362479082607058 2.1621665009421722  5.6363550508417513 2.2053417044915644  5.6364585490382497 2.2485307593076542  5.6365580226462972 2.2917342736653961  5.6366531106362343 2.3349525611028099  5.6368325875697538 2.4208234791739685  5.6369171083753749 2.4634759163675515  5.6369967055351529 2.5061428619121919  5.6370710798033237 2.5488239320375068  5.6371399607227382 2.5915184492922658  5.6373280013690463 2.7186945659506083  5.6374304824349872 2.8032244074892678  5.6375086536729437 2.887783127449167  5.6375612345657755 2.9723710499855684  5.6375875188855344 3.0569873124704365  5.6375875188855344 3.1415926535897931 
 0 7 0.3499217605308913 5 0.51504717399986322 5 0.67789911201923247 5 1 7
7 0 0  6 22 5  13.5 32.82147896199686  13.5 32.683215007699509  13.515009123604461 32.54493092326841  13.545032711187652 32.408715212926928  13.589693384921514 32.276591285600794  13.64830754299332 32.15050810450893  13.753551794854658 31.976495270823708  13.79016566394794 31.922452618078257  13.829541978903682 31.870345574699083  13.871555718818783 31.820352631066072  13.916066694479037 31.772641455969548  14.009127323987487 31.682719657732537  14.057613717193403 31.640441350176399  14.108229377703653 31.600684469042367  14.16081327733788 31.563585419513149  14.215192710008592 31.529266516853642  14.381925701713474 31.435670304574721  14.498988090691217 31.38479369302625  14.620921776047517 31.346060096692042  14.746167361023266 31.32003108667611  14.873091988320965 31.307019583938512  15 31.307019583938512 
 0 7 0.3499217605308913 5 0.51504717399986322 5 0.67789911201923247 5 1 7
8 0 1
7 0 0  6 22 5  0.13680614519584552 1.5707963267948966  0.13707368791344601 1.6621110617189911  0.13734251745816481 1.7534348311707899  0.13760860405776196 1.8447603670369643  0.13786791849592261 1.9361182165581661  0.13811645154837504 2.027537935018167  0.13846076447852729 2.16216650094217  0.13856790705957325 2.2053417044915626  0.13867140525607202 2.2485307593076533  0.13877087886411765 2.2917342736653947  0.13886596685405475 2.3349525611028086  0.13904544378757519 2.4208234791739738  0.13912996459319624 2.4634759163675519  0.1392095617529733 2.5061428619121888  0.13928393602114547 2.5488239320375041  0.13935281694055898 2.5915184492922667  0.13954085758686741 2.7186945659505914  0.13964333865280867 2.8032244074893562  0.13972150989076529 2.887783127449044  0.13977409078359562 2.9723710499856582  0.13980037510335563 3.0569873124704134  0.13980037510335563 3.1415926535897931 
 0 7 0.34992176053095481 5 0.51504717399992006 5 0.67789911201929132 5 1 7
1 15 0 0 1 
1 -3.5367264672458987e-12 19.224096916094055 1 0 
1 1.2973538188989999 0 0 1 
1 0 4.4024193810959078 1 0 
1 -4.2004333248829999 15 1 0 
2 4.4024193810874213 21.224096916098866 0.70710678118654757 -0.70710678118654757 0.70710678118654757 0.70710678118654757 2
2 -37.000000000000341 9.6120484580452565 0.70710678118654757 -0.70710678118654757 0.70710678118654757 0.70710678118654757 41
2 0 0 1 0 -0 1 41
2 -37.000000000000341 9.6120484580452565 0.70710678118654757 -0.70710678118654757 0.70710678118654757 0.70710678118654757 68.980000000000004
8 0.64559778829408299 0.78539816339744828
1 5.4977871437821468 3.1415926535897931 1 0 
8 0.64559778829408299 0.78539816339744828
1 5.4977871437821468 0 1 0 
8 0.78539816339744828 0.92519853850081402
1 -0.78539816339744828 3.1415926535897931 1 0 
8 0.78539816339744828 0.92519853850081402
1 -0.78539816339744828 0 1 0 
2 -37 9.6120484580459973 1.110223024625e-16 -1 1 1.110223024625e-16 41
2 0 0 1 0 -0 1 41
2 -37 9.6120484580459973 1.110223024625e-16 -1 1 1.110223024625e-16 68.980000000000004
8 1.43099595169156 1.5707963267948966
1 4.7123889803846701 3.1415926535897931 1 0 
8 1.43099595169156 1.5707963267948966
1 4.7123889803846701 0 1 0 
8 1.5707963267948966 1.71059670189824
1 -1.5707963267948966 3.1415926535897931 1 0 
8 1.5707963267948966 1.71059670189824
1 -1.5707963267948966 0 1 0 
2 -36.999999999996803 9.6120484580487933 -0.70710678118654757 -0.70710678118654757 0.70710678118654757 -0.70710678118654757 41
2 0 0 1 0 -0 1 41
2 -36.999999999996803 9.6120484580487933 -0.70710678118654757 -0.70710678118654757 0.70710678118654757 -0.70710678118654757 68.980000000000004
8 2.2163941150889301 2.3561944901923448
1 3.9269908169872996 3.1415926535897931 1 0 
8 2.2163941150889301 2.3561944901923448
1 3.9269908169872996 0 1 0 
8 2.3561944901923448 2.4959948652957098
1 -2.3561944901923448 3.1415926535897931 1 0 
8 2.3561944901923448 2.4959948652957098
1 -2.3561944901923448 0 1 0 
2 -37 9.6120484580459955 -1 -1.2246467991469999e-16 1.2246467991469999e-16 -1 41
2 0 0 1 0 -0 1 41
2 -37 9.6120484580459955 -1 -1.2246467991469999e-16 1.2246467991469999e-16 -1 68.980000000000004
8 3.0017922784864499 3.1415926535897931
1 3.1415926535897798 3.1415926535897931 1 0 
8 3.0017922784864499 3.1415926535897931
1 3.1415926535897798 0 1 0 
8 3.1415926535897931 3.2813930286931399
1 -3.1415926535897931 3.1415926535897931 1 0 
8 3.1415926535897931 3.2813930286931399
1 -3.1415926535897931 0 1 0 
2 -36.999999999996803 9.6120484580487933 -0.70710678118654757 0.70710678118654757 -0.70710678118654757 -0.70710678118654757 41
2 0 0 1 0 -0 1 41
2 -36.999999999996803 9.6120484580487933 -0.70710678118654757 0.70710678118654757 -0.70710678118654757 -0.70710678118654757 68.980000000000004
8 3.78719044188382 3.9269908169872401
1 2.3561944901924097 3.1415926535897931 1 0 
8 3.78719044188382 3.9269908169872401
1 2.3561944901924097 0 1 0 
8 3.9269908169872401 4.0667911920906601
1 -3.9269908169872401 3.1415926535897931 1 0 
8 3.9269908169872401 4.0667911920906601
1 -3.9269908169872401 0 1 0 
2 -37 9.6120484580459919 -2.22044604925e-16 1 -1 -2.22044604925e-16 41
2 0 0 1 0 -0 1 41
2 -37 9.6120484580459919 -2.22044604925e-16 1 -1 -2.22044604925e-16 68.980000000000004
8 4.5725886052813403 4.7123889803846888
1 1.5707963267948895 3.1415926535897931 1 0 
8 4.5725886052813403 4.7123889803846888
1 1.5707963267948895 0 1 0 
8 4.7123889803846888 4.8521893554880098
1 -4.7123889803846888 3.1415926535897931 1 0 
8 4.7123889803846888 4.8521893554880098
1 -4.7123889803846888 0 1 0 
2 -37.000000000000341 9.6120484580452565 0.70710678118654757 0.70710678118654757 -0.70710678118654757 0.70710678118654757 41
2 0 0 1 0 -0 1 41
2 -37.000000000000341 9.6120484580452565 0.70710678118654757 0.70710678118654757 -0.70710678118654757 0.70710678118654757 68.980000000000004
8 5.3579867686787699 5.4977871437821388
1 0.78539816339745983 3.1415926535897931 1 0 
8 5.3579867686787699 5.4977871437821388
1 0.78539816339745983 0 1 0 
8 5.4977871437821388 5.6375875188855504
1 -5.4977871437821388 3.1415926535897931 1 0 
8 5.4977871437821388 5.6375875188855504
1 -5.4977871437821388 0 1 0 
8 0.64859201820161405 0.78539816339744828
1 5.4977871437821255 1.5707963267948966 1 0 
8 0.78539816339744828 0.92220430859328295
1 -0.78539816339744828 1.5707963267948966 1 0 
1 0 1.5707963267948966 0 1 
1 6.2831853071795862 1.5707963267948966 0 1 
1 0.78539816339744828 1.5707963267948966 0 1 
8 1.4339901815990499 1.5707963267948966
1 4.7123889803846897 1.5707963267948966 1 0 
8 1.5707963267948966 1.7076024719907399
1 -1.5707963267948966 1.5707963267948966 1 0 
1 0 1.5707963267948966 0 1 
1 6.2831853071795862 1.5707963267948966 0 1 
1 1.5707963267948966 1.5707963267948966 0 1 
8 2.2193883449964602 2.3561944901923448
1 3.9269908169872796 1.5707963267948966 1 0 
8 2.3561944901923448 2.4930006353881802
1 -2.3561944901923448 1.5707963267948966 1 0 
1 0 1.5707963267948966 0 1 
1 6.2831853071795862 1.5707963267948966 0 1 
1 2.3561944901923448 1.5707963267948966 0 1 
8 3.0047865083939498 3.1415926535897931
1 3.14159265358979 1.5707963267948966 1 0 
8 3.1415926535897931 3.27839879878564
1 -3.1415926535897931 1.5707963267948966 1 0 
1 0 1.5707963267948966 0 1 
1 6.2831853071795862 1.5707963267948966 0 1 
1 3.1415926535897931 1.5707963267948966 0 1 
8 3.7901846717913599 3.926990816987241
1 2.3561944901923799 1.5707963267948966 1 0 
8 3.926990816987241 4.0637969621831296
1 -3.926990816987241 1.5707963267948966 1 0 
1 0 1.5707963267948966 0 1 
1 6.2831853071795862 1.5707963267948966 0 1 
1 3.926990816987241 1.5707963267948966 0 1 
8 4.5755828351888397 4.7123889803846897
1 1.5707963267949001 1.5707963267948966 1 0 
8 4.7123889803846897 4.8491951255805201
1 -4.7123889803846897 1.5707963267948966 1 0 
1 0 1.5707963267948966 0 1 
1 6.2831853071795862 1.5707963267948966 0 1 
1 4.7123889803846897 1.5707963267948966 0 1 
8 5.3609809985863004 5.4977871437821371
1 0.7853981633974394 1.5707963267948966 1 0 
8 5.4977871437821371 5.6345932889780199
1 -5.4977871437821371 1.5707963267948966 1 0 
1 0 1.5707963267948966 0 1 
1 6.2831853071795862 1.5707963267948966 0 1 
1 5.497787143782138 1.5707963267948966 0 1 
1 6.1433849320762297 0 0 -1 
1 0 0 0 -1 
1 6.1447984374637601 0 0 -1 
1 0.70682630542370362 0 0 -1 
1 0 0 0 -1 
1 6.2831853071795898 0 0 -1 
1 0 0 0 -1 
1 0.138386869715829 0 0 -1 
1 0.70682630542370362 0 0 -1 
1 0 0 0 -1 
1 0.13980037510335599 0 0 -1 
1 0 0 0 -1 
1 0 0 0 -1 
1 6.2831853071795898 0 0 -1 
1 3.14159265358979 0 0 -1 
1 3.966154110640602 0 0 -1 
1 2.3229017876307401 0 0 -1 
1 0.12003200853561501 0 0 -1 
1 0 0 0 -1 
1 6.2831853071795898 0 0 -1 
1 6.1631532986439703 0 0 -1 
1 5.4644944412205296 0 0 -1 
1 6.2831853071795898 0 0 -1 
1 3.966154110640602 0 0 -1 
1 15 0 0 1 
1 -37 -9.6120484580460008 -1 0 
1 -31.307019583935705 -0 1 0 
1 0 3.1415926535897931 1 0 
1 0 0 1 0 
2 0 0 -1 0 0 1 69.680000000000007
2 -37 9.6120484580460008 1 0 -0 1 69.680000000000007
1 0 3.1415926535897931 1 0 
1 0 0 1 0 
2 0 0 -1 0 0 1 69.680000000000007
2 -37 9.6120484580460008 1 0 -0 1 69.680000000000007
1 -37 9.6120484580460008 -1 0 
1 15 0 0 1 
1 -31.307019583935698 -0 1 0 
1 4.7123889803849996 0 -0 1 
1 0 35.980000000000004 1 0 
1 14.200000000000003 -18.499999999999996 0 -1 
1 18.5 -9.6120484580460008 -1 0 
1 14.200000000000003 -18.499999999999996 0 -1 
7 0 0  5 18 5  6.1463791619837407 1.5707963267948966  6.1462525309451497 1.651834411753593  6.1461256035519298 1.7328740958567912  6.1460001079551123 1.8139169149996583  6.1458777827354778 1.8949796904299165  6.1456465458985017 2.0545524175513901  6.1455373243545575 2.1330654197147565  6.1454341260857541 2.211599914545368  6.1453383450051415 2.2901670559367013  6.1451655233388962 2.445990855486734  6.1450881816929144 2.5232508040976844  6.145020288656271 2.6005343309917217  6.1449627635814208 2.6778467653686224  6.1448697641322294 2.832432064716917  6.1448342657776118 2.9097093836183179  6.1448103801059455 2.9869967546116278  6.1447984374637317 3.0642958662874733  6.1447984374637317 3.1415926535897931 
 0 6 0.25842446251388634 4 0.50858946584150855 4 0.75441344232884844 4 1 6
7 0 0  5 18 5  14.200000000000003 32.821478961994032  14.200000000000003 32.756037045692054  14.206567312533949 32.690592433140893  14.219701546395299 32.626039144239456  14.239227666575175 32.563259199488044  14.289558529091494 32.444825021545569  14.319984167614436 32.389004029383756  14.35576649437175 32.336368344378158  14.396453126987609 32.287601108571295  14.48570108144574 32.199733929654059  14.534115896650235 32.160478546639936  14.586164896044281 32.126067933829347  14.64120069328456 32.096941578607556  14.755750348040465 32.049885503629952  14.815263151773038 32.031943628309619  14.876323278768382 32.01987846575085  14.938162570158141 32.013845889358876  15 32.013845889358876 
 0 6 0.25842446251388634 4 0.50858946584150855 4 0.75441344232884844 4 1 6
7 0 0  5 18 5  14.200000000000003 32.821478961994032  14.200000000000003 32.756037045692054  14.206567312533949 32.690592433140893  14.219701546395299 32.626039144239456  14.239227666575175 32.563259199488044  14.289558529091494 32.444825021545569  14.319984167614436 32.389004029383756  14.35576649437175 32.336368344378158  14.396453126987609 32.287601108571295  14.48570108144574 32.199733929654059  14.534115896650235 32.160478546639936  14.586164896044281 32.126067933829347  14.64120069328456 32.096941578607556  14.755750348040465 32.049885503629952  14.815263151773038 32.031943628309619  14.876323278768382 32.01987846575085  14.938162570158141 32.013845889358876  15 32.013845889358876 
 0 6 0.25842446251388634 4 0.50858946584150855 4 0.75441344232884844 4 1 6
1 0 1.5707963267948966 1 0 
2 0 0 1 0 -0 1 70.480000000000004
1 6.2831853071795862 1.5707963267948966 0 1 
1 0 1.5707963267948966 0 1 
7 0 0  5 18 5  0.13680614519584552 1.5707963267948966  0.13693277623443684 1.6518344117535921  0.13705970362765746 1.7328740958567885  0.13718519922447334 1.8139169149996661  0.13730752444410876 1.8949796904299121  0.13753876128108508 2.0545524175513989  0.13764798282502722 2.1330654197147298  0.13775118109383352 2.2115999145453955  0.13784696217444473 2.2901670559366916  0.13801978384068947 2.4459908554867371  0.13809712548667258 2.5232508040976787  0.13816501852331528 2.6005343309917333  0.13822254359816522 2.6778467653686158  0.13831554304735733 2.8324320647168997  0.13835104140197499 2.9097093836183401  0.13837492707364177 2.9869967546116185  0.13838686971585457 3.0642958662874769  0.13838686971585457 3.1415926535897931 
 0 6 0.25842446251390622 4 0.50858946584156228 4 0.75441344232891483 4 1 6
7 0 0  5 18 5  14.200000000000003 32.821478961994032  14.200000000000003 32.756037045692054  14.206567312533949 32.690592433140893  14.219701546395299 32.626039144239456  14.239227666575175 32.563259199488058  14.289558529091494 32.444825021545569  14.319984167614422 32.389004029383784  14.35576649437175 32.336368344378144  14.396453126987609 32.287601108571309  14.48570108144574 32.199733929654059  14.534115896650235 32.160478546639951  14.586164896044295 32.126067933829347  14.64120069328456 32.096941578607556  14.755750348040451 32.049885503629952  14.815263151773053 32.031943628309619  14.876323278768368 32.019878465750864  14.938162570158141 32.013845889358876  15 32.013845889358876 
 0 6 0.25842446251390622 4 0.50858946584156228 4 0.75441344232891483 4 1 6
7 0 0  5 18 5  14.200000000000003 32.821478961994032  14.200000000000003 32.756037045692054  14.206567312533949 32.690592433140893  14.219701546395299 32.626039144239456  14.239227666575175 32.563259199488058  14.289558529091494 32.444825021545569  14.319984167614422 32.389004029383784  14.35576649437175 32.336368344378144  14.396453126987609 32.287601108571309  14.48570108144574 32.199733929654059  14.534115896650235 32.160478546639951  14.586164896044295 32.126067933829347  14.64120069328456 32.096941578607556  14.755750348040451 32.049885503629952  14.815263151773053 32.031943628309619  14.876323278768368 32.019878465750864  14.938162570158141 32.013845889358876  15 32.013845889358876 
 0 6 0.25842446251390622 4 0.50858946584156228 4 0.75441344232891483 4 1 6
1 0 1.5707963267948966 1 0 
2 0 0 1 0 -0 1 70.480000000000004
1 1.570796326795 0 0 1 
1 0 35.980000000000004 1 0 
1 14.200000000000003 -18.5 0 -1 
1 18.5 9.6120484580460008 -1 0 
1 14.200000000000003 -18.5 0 -1 
1 0 14.200000000000003 1 0 
1 0 14.200000000000003 1 0 
2 72.980000000000004 -7.6120484580459902 1 0 -0 1 1.999999999999996
7 0 0  1 2 2  5.5310798463440003 -5.9999999999999997e-07  5.5310798463440003 15.0000006 
 -5.9999999999999997e-07 2 15.0000006 2
1 6.1631532986439712 15 0 -1 
1 0 0.79999999999999716 1 0 
1 0 14.400000000000006 1 0 
2 0 0 1 0 -0 1 74.980000000000004
1 0 14.200000000000003 1 0 
1 0 14.200000000000003 1 0 
2 72.980000000000004 7.6120484580460044 1 0 -0 1 1.999999999999996
1 0 0.79999999999999716 1 0 
1 0 14.400000000000006 1 0 
2 0 0 1 0 -0 1 74.980000000000004
7 0 0  1 2 2  0.75210546083600005 -5.9999999999999997e-07  0.75210546083600005 15.0000006 
 -5.9999999999999997e-07 2 15.0000006 2
1 0.12003200853561494 15 0 -1 
1 6.2831853071795862 0 0 1 
1 0 0 0 1 
1 3.5527136788005009e-15 19.224096916092002 1 0 
1 15 0 0 1 
1 -32.013845889359395 -0 1 0 
1 -1.570796326795 15 1 0 
1 0 0 1 0 
2 35.980000000000004 17.224096916091998 0 -1 1 0 1.999999999999996
1 0 15.199999999999999 1 0 
1 0 0 1 0 
2 -37 9.6120484580460008 1 0 -0 1 74.980000000000004
1 0 15.199999999999999 1 0 
1 0 0 1 0 
2 -37 9.6120484580460008 1 0 -0 1 74.980000000000004
1 10.995574287565001 15 -1 0 
1 0 0 1 0 
2 35.980000000000004 2.0000000000000036 0 -1 -1 -0 1.999999999999996
1 0 0 1 0 
1 15 0 0 1 
1 -32.013845889359402 -0 1 0 
1 4.7123889803849996 0 -0 1 
1 0 35.980000000000004 1 0 
7 0 0  1 2 2  5.5310798463440003 -5.9999999999999997e-07  5.5310798463440003 15.0000006 
 -5.9999999999999997e-07 2 15.0000006 2
7 0 0  1 2 2  6.1631532986439996 0.19999939999999999  6.1631532986439996 15.200000599999999 
 -5.9999999999999997e-07 2 15.0000006 2
1 6.2831853071800001 -0 0 1 
1 0 -0 0 1 
7 0 0  1 2 2  0.120032008536 0.19999939999999999  0.120032008536 15.200000599999999 
 -5.9999999999999997e-07 2 15.0000006 2
7 0 0  1 2 2  0.75210546083600005 -5.9999999999999997e-07  0.75210546083600005 15.0000006 
 -5.9999999999999997e-07 2 15.0000006 2
1 1.570796326795 0 0 1 
1 0 35.980000000000004 1 0 
1 6.1433849320762297 0 0 -1 
1 0 0 0 -1 
1 6.1447984374637601 0 0 -1 
1 0.7068263054236904 0 0 -1 
1 -1.0048591735576159e-14 -0 0 -1 
1 -31.307019583935705 -0.45237864405129358 1 0 
1 -37 -9.6120484580460008 -1 0 
1 6.2831853071795898 0 0 -1 
1 0 0 0 -1 
1 0 -0.45237864405129063 1 0 
2 -37 9.6120484580460008 1 0 -0 1 69.680000000000007
2 0 0 -1 0 0 1 69.680000000000007
1 0.138386869715829 0 0 -1 
1 0.70682630542370051 0 0 -1 
1 1.0048591735576159e-14 0 0 -1 
1 0 -0.45237864405129063 1 0 
2 -37 9.6120484580460008 1 0 -0 1 69.680000000000007
2 0 0 -1 0 0 1 69.680000000000007
1 0.13980037510335599 0 0 -1 
1 5.0242958677880805e-15 0 0 -1 
1 -31.307019583935698 -0.45237864405129358 1 0 
1 -37 9.6120484580460008 -1 0 
1 0 0 0 -1 
1 6.2831853071795898 0 0 -1 
1 0 -0.45237864405129063 1 0 
2 0 0 -1 0 0 1 68.980000000000004
1 0 -0.45237864405129063 1 0 
2 0 0 -1 0 0 1 68.980000000000004
1 3.14159265358979 0 0 -1 
1 3.9661541106406073 0 0 -1 
1 3.5527136788005009e-15 19.224096916092002 1 0 
1 -32.013845889359395 -0.45237864405129358 1 0 
1 2.3229017876307401 0 0 -1 
1 0.12003200853561501 0 0 -1 
1 0 -0.45237864405129063 1 0 
2 35.980000000000004 17.224096916091998 0 -1 1 0 1.999999999999996
1 0 0 0 -1 
1 6.2831853071795898 0 0 -1 
1 0 -0.45237864405129063 1 0 
2 -37 9.6120484580460008 1 0 -0 1 74.980000000000004
1 6.1631532986439703 0 0 -1 
1 5.4644944412205296 0 0 -1 
1 0 -0.45237864405129063 1 0 
2 -37 9.6120484580460008 1 0 -0 1 74.980000000000004
1 6.2831853071795898 0 0 -1 
1 3.9661541106406073 0 0 -1 
1 0 -0.45237864405129063 1 0 
2 35.980000000000004 2.0000000000000036 0 -1 -1 -0 1.999999999999996
1 0 0 1 0 
1 -32.013845889359402 -0.45237864405129358 1 0 
1 15 0 0 1 
1 -37 -9.6120484580460008 -1 0 
1 -31.307019583935698 -0 1 0 
1 0 3.1415926535897931 1 0 
1 0 0 1 0 
2 0 0 -1 0 0 1 69.680000000000007
2 -37 9.6120484580460008 1 0 -0 1 69.680000000000007
1 0 3.1415926535897931 1 0 
1 0 0 1 0 
2 0 0 -1 0 0 1 69.680000000000007
2 -37 9.6120484580460008 1 0 -0 1 69.680000000000007
1 -37 9.6120484580460008 -1 0 
1 15 0 0 1 
1 -31.307019583935698 -0 1 0 
1 4.7123889803849996 0 -0 1 
1 0 35.980000000000004 1 0 
1 14.200000000000003 -18.5 0 -1 
1 18.5 -9.6120484580460008 -1 0 
1 14.200000000000003 -18.5 0 -1 
7 0 0  5 18 5  6.1463791619837407 1.5707963267948966  6.1462525309451497 1.651834411753593  6.1461256035519298 1.7328740958567912  6.1460001079551123 1.8139169149996583  6.1458777827354778 1.8949796904299165  6.1456465458985017 2.0545524175513901  6.1455373243545575 2.1330654197147565  6.1454341260857541 2.211599914545368  6.1453383450051415 2.2901670559367013  6.1451655233388962 2.445990855486734  6.1450881816929144 2.5232508040976844  6.145020288656271 2.6005343309917217  6.1449627635814208 2.6778467653686224  6.1448697641322294 2.832432064716917  6.1448342657776118 2.9097093836183179  6.1448103801059455 2.9869967546116278  6.1447984374637317 3.0642958662874733  6.1447984374637317 3.1415926535897931 
 0 6 0.25842446251388634 4 0.50858946584150855 4 0.75441344232884844 4 1 6
7 0 0  5 18 5  14.200000000000003 32.821478961994032  14.200000000000003 32.756037045692054  14.206567312533949 32.690592433140893  14.219701546395299 32.626039144239456  14.239227666575175 32.563259199488058  14.289558529091494 32.444825021545569  14.319984167614436 32.389004029383756  14.35576649437175 32.336368344378158  14.396453126987609 32.287601108571295  14.48570108144574 32.199733929654059  14.534115896650235 32.160478546639936  14.586164896044281 32.126067933829347  14.64120069328456 32.096941578607556  14.755750348040465 32.049885503629952  14.815263151773038 32.031943628309634  14.876323278768382 32.01987846575085  14.938162570158141 32.013845889358876  15 32.013845889358876 
 0 6 0.25842446251388634 4 0.50858946584150855 4 0.75441344232884844 4 1 6
7 0 0  5 18 5  14.200000000000003 32.821478961994032  14.200000000000003 32.756037045692054  14.206567312533949 32.690592433140893  14.219701546395299 32.626039144239456  14.239227666575175 32.563259199488058  14.289558529091494 32.444825021545569  14.319984167614436 32.389004029383756  14.35576649437175 32.336368344378158  14.396453126987609 32.287601108571295  14.48570108144574 32.199733929654059  14.534115896650235 32.160478546639936  14.586164896044281 32.126067933829347  14.64120069328456 32.096941578607556  14.755750348040465 32.049885503629952  14.815263151773038 32.031943628309634  14.876323278768382 32.01987846575085  14.938162570158141 32.013845889358876  15 32.013845889358876 
 0 6 0.25842446251388634 4 0.50858946584150855 4 0.75441344232884844 4 1 6
1 0 1.5707963267948966 1 0 
2 0 0 1 0 -0 1 70.480000000000004
1 6.2831853071795862 1.5707963267948966 0 1 
1 0 1.5707963267948966 0 1 
7 0 0  5 18 5  0.13680614519584552 1.5707963267948966  0.13693277623443684 1.6518344117535921  0.13705970362765746 1.7328740958567885  0.13718519922447334 1.8139169149996661  0.13730752444410876 1.8949796904299121  0.13753876128108508 2.0545524175513989  0.13764798282502722 2.1330654197147298  0.13775118109383352 2.2115999145453955  0.13784696217444473 2.2901670559366916  0.13801978384068947 2.4459908554867371  0.13809712548667258 2.5232508040976787  0.13816501852331528 2.6005343309917333  0.13822254359816522 2.6778467653686158  0.13831554304735733 2.8324320647168997  0.13835104140197499 2.9097093836183401  0.13837492707364177 2.9869967546116185  0.13838686971585457 3.0642958662874769  0.13838686971585457 3.1415926535897931 
 0 6 0.25842446251390622 4 0.50858946584156228 4 0.75441344232891483 4 1 6
7 0 0  5 18 5  14.200000000000003 32.821478961994032  14.200000000000003 32.756037045692054  14.206567312533949 32.690592433140893  14.219701546395299 32.626039144239456  14.239227666575175 32.563259199488058  14.289558529091494 32.444825021545569  14.319984167614422 32.389004029383784  14.35576649437175 32.336368344378144  14.396453126987609 32.287601108571309  14.48570108144574 32.199733929654059  14.534115896650235 32.160478546639951  14.586164896044295 32.126067933829347  14.64120069328456 32.096941578607556  14.755750348040451 32.049885503629952  14.815263151773053 32.031943628309619  14.876323278768368 32.019878465750864  14.938162570158141 32.013845889358876  15 32.013845889358876 
 0 6 0.25842446251390622 4 0.50858946584156228 4 0.75441344232891483 4 1 6
7 0 0  5 18 5  14.200000000000003 32.821478961994032  14.200000000000003 32.756037045692054  14.206567312533949 32.690592433140893  14.219701546395299 32.626039144239456  14.239227666575175 32.563259199488058  14.289558529091494 32.444825021545569  14.319984167614422 32.389004029383784  14.35576649437175 32.336368344378144  14.396453126987609 32.287601108571309  14.48570108144574 32.199733929654059  14.534115896650235 32.160478546639951  14.586164896044295 32.126067933829347  14.64120069328456 32.096941578607556  14.755750348040451 32.049885503629952  14.815263151773053 32.031943628309619  14.876323278768368 32.019878465750864  14.938162570158141 32.013845889358876  15 32.013845889358876 
 0 6 0.25842446251390622 4 0.50858946584156228 4 0.75441344232891483 4 1 6
1 0 1.5707963267948966 1 0 
2 0 0 1 0 -0 1 70.480000000000004
1 1.570796326795 0 0 1 
1 0 35.980000000000004 1 0 
1 14.200000000000003 -18.5 0 -1 
1 18.5 9.6120484580460008 -1 0 
1 14.200000000000003 -18.5 0 -1 
1 0 14.200000000000003 1 0 
1 0 14.200000000000003 1 0 
2 72.980000000000004 -7.6120484580459999 1 0 -0 1 2
7 0 0  1 2 2  5.5310798463440003 -5.9999999999999997e-07  5.5310798463440003 15.0000006 
 -5.9999999999999997e-07 2 15.0000006 2
1 6.1631532986439712 15 0 -1 
1 0 0.79999999999999716 1 0 
1 0 14.400000000000006 1 0 
2 0 0 1 0 -0 1 74.980000000000004
1 0 14.200000000000003 1 0 
1 0 14.200000000000003 1 0 
2 72.980000000000004 7.6120484580459999 1 0 -0 1 2
1 0 0.79999999999999716 1 0 
1 0 14.400000000000006 1 0 
2 0 0 1 0 -0 1 74.980000000000004
7 0 0  1 2 2  0.75210546083600005 -5.9999999999999997e-07  0.75210546083600005 15.0000006 
 -5.9999999999999997e-07 2 15.0000006 2
1 0.12003200853561494 15 0 -1 
1 6.2831853071795862 0 0 1 
1 0 0 0 1 
1 -2.1343035023870806e-15 19.224096916092002 1 0 
1 15 0 0 1 
1 -32.013845889359402 -0 1 0 
1 -1.570796326795 15 1 0 
1 0 0 1 0 
2 35.980000000000004 17.224096916091998 0 -1 1 0 2
1 0 15.199999999999999 1 0 
1 0 0 1 0 
2 -37 9.6120484580460008 1 0 -0 1 74.980000000000004
1 0 15.199999999999999 1 0 
1 0 0 1 0 
2 -37 9.6120484580460008 1 0 -0 1 74.980000000000004
1 10.995574287565001 15 -1 0 
1 0 0 1 0 
2 35.980000000000004 2.0000000000000004 0 -1 -1 -0 2
1 0 0 1 0 
1 15 0 0 1 
1 -32.013845889359402 -0 1 0 
1 4.7123889803849996 0 -0 1 
1 0 35.980000000000004 1 0 
7 0 0  1 2 2  5.5310798463440003 -5.9999999999999997e-07  5.5310798463440003 15.0000006 
 -5.9999999999999997e-07 2 15.0000006 2
7 0 0  1 2 2  6.1631532986439996 0.19999939999999999  6.1631532986439996 15.200000599999999 
 -5.9999999999999997e-07 2 15.0000006 2
1 6.2831853071800001 -0 0 1 
1 0 -0 0 1 
7 0 0  1 2 2  0.120032008536 0.19999939999999999  0.120032008536 15.200000599999999 
 -5.9999999999999997e-07 2 15.0000006 2
7 0 0  1 2 2  0.75210546083600005 -5.9999999999999997e-07  0.75210546083600005 15.0000006 
 -5.9999999999999997e-07 2 15.0000006 2
1 1.570796326795 0 0 1 
1 0 35.980000000000004 1 0 
1 6.1433849320762297 0 0 -1 
1 0 0 0 -1 
1 6.1447984374637601 0 0 -1 
1 0.70682630542370362 0 0 -1 
1 0 0 0 -1 
1 -31.307019583935698 -0.45237864405129358 1 0 
1 -37 -9.6120484580460008 -1 0 
1 6.2831853071795898 0 0 -1 
1 0 0 0 -1 
1 0 -0.45237864405129063 1 0 
2 -37 9.6120484580460008 1 0 -0 1 69.680000000000007
2 0 0 -1 0 0 1 69.680000000000007
1 0.138386869715829 0 0 -1 
1 0.70682630542370362 0 0 -1 
1 0 0 0 -1 
1 0 -0.45237864405129063 1 0 
2 -37 9.6120484580460008 1 0 -0 1 69.680000000000007
2 0 0 -1 0 0 1 69.680000000000007
1 0.13980037510335599 0 0 -1 
1 0 0 0 -1 
1 -31.307019583935698 -0.45237864405129358 1 0 
1 -37 9.6120484580460008 -1 0 
1 0 0 0 -1 
1 6.2831853071795898 0 0 -1 
1 0 -0.45237864405129063 1 0 
2 0 0 -1 0 0 1 68.980000000000004
1 0 -0.45237864405129063 1 0 
2 0 0 -1 0 0 1 68.980000000000004
1 3.14159265358979 0 0 -1 
1 3.966154110640602 0 0 -1 
1 -32.013845889359402 -0.45237864405129358 1 0 
1 -2.1343035023870806e-15 19.224096916092002 1 0 
1 2.3229017876307401 0 0 -1 
1 0.12003200853561501 0 0 -1 
1 0 -0.45237864405129063 1 0 
2 35.980000000000004 17.224096916091998 0 -1 1 0 2
1 0 0 0 -1 
1 6.2831853071795898 0 0 -1 
1 0 -0.45237864405129063 1 0 
2 -37 9.6120484580460008 1 0 -0 1 74.980000000000004
1 6.1631532986439703 0 0 -1 
1 5.4644944412205296 0 0 -1 
1 0 -0.45237864405129063 1 0 
2 -37 9.6120484580460008 1 0 -0 1 74.980000000000004
1 6.2831853071795898 0 0 -1 
1 3.966154110640602 0 0 -1 
1 0 -0.45237864405129063 1 0 
2 35.980000000000004 2.0000000000000004 0 -1 -1 -0 2
1 -32.013845889359402 -0.45237864405129358 1 0 
1 0 0 1 0 
1 15 0 0 1 
1 -37 -9.6120484580460008 -1 0 
1 -31.307019583935705 -0 1 0 
1 0 3.1415926535897931 1 0 
1 0 0 1 0 
2 0 0 -1 0 0 1 69.680000000000007
2 -37 9.6120484580460008 1 0 -0 1 69.680000000000007
1 0 3.1415926535897931 1 0 
1 0 0 1 0 
2 0 0 -1 0 0 1 69.680000000000007
2 -37 9.6120484580460008 1 0 -0 1 69.680000000000007
1 -37 9.6120484580460008 -1 0 
1 15 0 0 1 
1 -31.307019583935698 -0 1 0 
1 4.7123889803849996 0 -0 1 
1 0 35.980000000000004 1 0 
1 14.200000000000003 -18.499999999999996 0 -1 
1 18.5 -9.6120484580460008 -1 0 
1 14.200000000000003 -18.499999999999996 0 -1 
7 0 0  5 18 5  6.1463791619837407 1.5707963267948966  6.1462525309451497 1.651834411753593  6.1461256035519298 1.7328740958567912  6.1460001079551123 1.8139169149996583  6.1458777827354778 1.8949796904299165  6.1456465458985017 2.0545524175513901  6.1455373243545575 2.1330654197147565  6.1454341260857541 2.211599914545368  6.1453383450051415 2.2901670559367013  6.1451655233388962 2.445990855486734  6.1450881816929144 2.5232508040976844  6.145020288656271 2.6005343309917217  6.1449627635814208 2.6778467653686224  6.1448697641322294 2.832432064716917  6.1448342657776118 2.9097093836183179  6.1448103801059455 2.9869967546116278  6.1447984374637317 3.0642958662874733  6.1447984374637317 3.1415926535897931 
 0 6 0.25842446251388634 4 0.50858946584150855 4 0.75441344232884844 4 1 6
7 0 0  5 18 5  14.200000000000003 32.821478961994032  14.200000000000003 32.756037045692054  14.206567312533949 32.690592433140893  14.219701546395299 32.626039144239456  14.239227666575175 32.563259199488044  14.289558529091494 32.444825021545569  14.319984167614436 32.389004029383756  14.35576649437175 32.336368344378158  14.396453126987609 32.287601108571295  14.48570108144574 32.199733929654059  14.534115896650235 32.160478546639936  14.586164896044281 32.126067933829347  14.64120069328456 32.096941578607556  14.755750348040465 32.049885503629952  14.815263151773038 32.031943628309619  14.876323278768382 32.01987846575085  14.938162570158141 32.013845889358876  15 32.013845889358876 
 0 6 0.25842446251388634 4 0.50858946584150855 4 0.75441344232884844 4 1 6
7 0 0  5 18 5  14.200000000000003 32.821478961994032  14.200000000000003 32.756037045692054  14.206567312533949 32.690592433140893  14.219701546395299 32.626039144239456  14.239227666575175 32.563259199488044  14.289558529091494 32.444825021545569  14.319984167614436 32.389004029383756  14.35576649437175 32.336368344378158  14.396453126987609 32.287601108571295  14.48570108144574 32.199733929654059  14.534115896650235 32.160478546639936  14.586164896044281 32.126067933829347  14.64120069328456 32.096941578607556  14.755750348040465 32.049885503629952  14.815263151773038 32.031943628309619  14.876323278768382 32.01987846575085  14.938162570158141 32.013845889358876  15 32.013845889358876 
 0 6 0.25842446251388634 4 0.50858946584150855 4 0.75441344232884844 4 1 6
1 0 1.5707963267948966 1 0 
2 0 0 1 0 -0 1 70.480000000000004
1 6.2831853071795862 1.5707963267948966 0 1 
1 0 1.5707963267948966 0 1 
7 0 0  5 18 5  0.13680614519584552 1.5707963267948966  0.13693277623443684 1.6518344117535921  0.13705970362765746 1.7328740958567885  0.13718519922447334 1.8139169149996661  0.13730752444410876 1.8949796904299121  0.13753876128108508 2.0545524175513989  0.13764798282502722 2.1330654197147298  0.13775118109383352 2.2115999145453955  0.13784696217444473 2.2901670559366916  0.13801978384068947 2.4459908554867371  0.13809712548667258 2.5232508040976787  0.13816501852331528 2.6005343309917333  0.13822254359816522 2.6778467653686158  0.13831554304735733 2.8324320647168997  0.13835104140197499 2.9097093836183401  0.13837492707364177 2.9869967546116185  0.13838686971585457 3.0642958662874769  0.13838686971585457 3.1415926535897931 
 0 6 0.25842446251390622 4 0.50858946584156228 4 0.75441344232891483 4 1 6
7 0 0  5 18 5  14.200000000000003 32.821478961994032  14.200000000000003 32.756037045692054  14.206567312533949 32.690592433140893  14.219701546395299 32.626039144239456  14.239227666575175 32.563259199488058  14.289558529091494 32.444825021545569  14.319984167614422 32.389004029383784  14.35576649437175 32.336368344378144  14.396453126987609 32.287601108571309  14.48570108144574 32.199733929654059  14.534115896650235 32.160478546639951  14.586164896044295 32.126067933829347  14.64120069328456 32.096941578607556  14.755750348040451 32.049885503629952  14.815263151773053 32.031943628309619  14.876323278768368 32.019878465750864  14.938162570158141 32.013845889358876  15 32.013845889358876 
 0 6 0.25842446251390622 4 0.50858946584156228 4 0.75441344232891483 4 1 6
7 0 0  5 18 5  14.200000000000003 32.821478961994032  14.200000000000003 32.756037045692054  14.206567312533949 32.690592433140893  14.219701546395299 32.626039144239456  14.239227666575175 32.563259199488058  14.289558529091494 32.444825021545569  14.319984167614422 32.389004029383784  14.35576649437175 32.336368344378144  14.396453126987609 32.287601108571309  14.48570108144574 32.199733929654059  14.534115896650235 32.160478546639951  14.586164896044295 32.126067933829347  14.64120069328456 32.096941578607556  14.755750348040451 32.049885503629952  14.815263151773053 32.031943628309619  14.876323278768368 32.019878465750864  14.938162570158141 32.013845889358876  15 32.013845889358876 
 0 6 0.25842446251390622 4 0.50858946584156228 4 0.75441344232891483 4 1 6
1 0 1.5707963267948966 1 0 
2 0 0 1 0 -0 1 70.480000000000004
1 1.570796326795 0 0 1 
1 0 35.980000000000004 1 0 
1 14.200000000000003 -18.5 0 -1 
1 18.5 9.6120484580460008 -1 0 
1 14.200000000000003 -18.5 0 -1 
1 0 14.200000000000003 1 0 
1 0 14.200000000000003 1 0 
2 72.980000000000004 -7.6120484580459902 1 0 -0 1 1.999999999999996
7 0 0  1 2 2  5.5310798463440003 -5.9999999999999997e-07  5.5310798463440003 15.0000006 
 -5.9999999999999997e-07 2 15.0000006 2
1 6.1631532986439712 15 0 -1 
1 0 0.79999999999999716 1 0 
1 0 14.400000000000006 1 0 
2 0 0 1 0 -0 1 74.980000000000004
1 0 14.200000000000003 1 0 
1 0 14.200000000000003 1 0 
2 72.980000000000004 7.6120484580460044 1 0 -0 1 1.999999999999996
1 0 0.79999999999999716 1 0 
1 0 14.400000000000006 1 0 
2 0 0 1 0 -0 1 74.980000000000004
7 0 0  1 2 2  0.75210546083600005 -5.9999999999999997e-07  0.75210546083600005 15.0000006 
 -5.9999999999999997e-07 2 15.0000006 2
1 0.12003200853561494 15 0 -1 
1 6.2831853071795862 0 0 1 
1 0 0 0 1 
1 3.5527136788005009e-15 19.224096916092002 1 0 
1 15 0 0 1 
1 -32.013845889359395 -0 1 0 
1 -1.570796326795 15 1 0 
1 0 0 1 0 
2 35.980000000000004 17.224096916091998 0 -1 1 0 1.999999999999996
1 0 15.199999999999999 1 0 
1 0 0 1 0 
2 -37 9.6120484580460008 1 0 -0 1 74.980000000000004
1 0 15.199999999999999 1 0 
1 0 0 1 0 
2 -37 9.6120484580460008 1 0 -0 1 74.980000000000004
1 10.995574287565001 15 -1 0 
1 0 0 1 0 
2 35.980000000000004 2.0000000000000036 0 -1 -1 -0 1.999999999999996
1 0 0 1 0 
1 15 0 0 1 
1 -32.013845889359402 -0 1 0 
1 4.7123889803849996 0 -0 1 
1 0 35.980000000000004 1 0 
7 0 0  1 2 2  5.5310798463440003 -5.9999999999999997e-07  5.5310798463440003 15.0000006 
 -5.9999999999999997e-07 2 15.0000006 2
7 0 0  1 2 2  6.1631532986439996 0.19999939999999999  6.1631532986439996 15.200000599999999 
 -5.9999999999999997e-07 2 15.0000006 2
1 6.2831853071800001 -0 0 1 
1 0 -0 0 1 
7 0 0  1 2 2  0.120032008536 0.19999939999999999  0.120032008536 15.200000599999999 
 -5.9999999999999997e-07 2 15.0000006 2
7 0 0  1 2 2  0.75210546083600005 -5.9999999999999997e-07  0.75210546083600005 15.0000006 
 -5.9999999999999997e-07 2 15.0000006 2
1 1.570796326795 0 0 1 
1 0 35.980000000000004 1 0 
1 6.1433849320762297 0 0 -1 
1 0 0 0 -1 
1 6.1447984374637601 0 0 -1 
1 0.7068263054236904 0 0 -1 
1 -1.0048591735576159e-14 -0 0 -1 
1 -31.307019583935705 -0.45237864405129358 1 0 
1 -37 -9.6120484580460008 -1 0 
1 6.2831853071795898 0 0 -1 
1 0 0 0 -1 
1 0 -0.45237864405129063 1 0 
2 -37 9.6120484580460008 1 0 -0 1 69.680000000000007
2 0 0 -1 0 0 1 69.680000000000007
1 0.138386869715829 0 0 -1 
1 0.70682630542370051 0 0 -1 
1 1.0048591735576159e-14 0 0 -1 
1 0 -0.45237864405129063 1 0 
2 -37 9.6120484580460008 1 0 -0 1 69.680000000000007
2 0 0 -1 0 0 1 69.680000000000007
1 0.13980037510335599 0 0 -1 
1 5.0242958677880805e-15 0 0 -1 
1 -31.307019583935698 -0.45237864405129358 1 0 
1 -37 9.6120484580460008 -1 0 
1 0 0 0 -1 
1 6.2831853071795898 0 0 -1 
1 0 -0.45237864405129063 1 0 
2 0 0 -1 0 0 1 68.980000000000004
1 0 -0.45237864405129063 1 0 
2 0 0 -1 0 0 1 68.980000000000004
1 3.14159265358979 0 0 -1 
1 3.9661541106406073 0 0 -1 
1 3.5527136788005009e-15 19.224096916092002 1 0 
1 -32.013845889359395 -0.45237864405129358 1 0 
1 2.3229017876307401 0 0 -1 
1 0.12003200853561501 0 0 -1 
1 0 -0.45237864405129063 1 0 
2 35.980000000000004 17.224096916091998 0 -1 1 0 1.999999999999996
1 0 0 0 -1 
1 6.2831853071795898 0 0 -1 
1 0 -0.45237864405129063 1 0 
2 -37 9.6120484580460008 1 0 -0 1 74.980000000000004
1 6.1631532986439703 0 0 -1 
1 5.4644944412205296 0 0 -1 
1 0 -0.45237864405129063 1 0 
2 -37 9.6120484580460008 1 0 -0 1 74.980000000000004
1 6.2831853071795898 0 0 -1 
1 3.9661541106406073 0 0 -1 
1 0 -0.45237864405129063 1 0 
2 35.980000000000004 2.0000000000000036 0 -1 -1 -0 1.999999999999996
1 0 0 1 0 
1 -32.013845889359402 -0.45237864405129358 1 0 
1 15 0 0 1 
1 -37 -9.6120484580460008 -1 0 
1 -31.307019583935698 -0 1 0 
1 0 3.1415926535897931 1 0 
1 0 0 1 0 
2 0 0 -1 0 0 1 69.680000000000007
2 -37 9.6120484580460008 1 0 -0 1 69.680000000000007
1 0 3.1415926535897931 1 0 
1 0 0 1 0 
2 0 0 -1 0 0 1 69.680000000000007
2 -37 9.6120484580460008 1 0 -0 1 69.680000000000007
1 -37 9.6120484580460008 -1 0 
1 15 0 0 1 
1 -31.307019583935698 -0 1 0 
1 4.7123889803849996 0 -0 1 
1 0 35.980000000000004 1 0 
1 14.200000000000003 -18.5 0 -1 
1 18.5 -9.6120484580460008 -1 0 
1 14.200000000000003 -18.5 0 -1 
7 0 0  5 18 5  6.1463791619837407 1.5707963267948966  6.1462525309451497 1.651834411753593  6.1461256035519298 1.7328740958567912  6.1460001079551123 1.8139169149996583  6.1458777827354778 1.8949796904299165  6.1456465458985017 2.0545524175513901  6.1455373243545575 2.1330654197147565  6.1454341260857541 2.211599914545368  6.1453383450051415 2.2901670559367013  6.1451655233388962 2.445990855486734  6.1450881816929144 2.5232508040976844  6.145020288656271 2.6005343309917217  6.1449627635814208 2.6778467653686224  6.1448697641322294 2.832432064716917  6.1448342657776118 2.9097093836183179  6.1448103801059455 2.9869967546116278  6.1447984374637317 3.0642958662874733  6.1447984374637317 3.1415926535897931 
 0 6 0.25842446251388634 4 0.50858946584150855 4 0.75441344232884844 4 1 6
7 0 0  5 18 5  14.200000000000003 32.821478961994032  14.200000000000003 32.756037045692054  14.206567312533949 32.690592433140893  14.219701546395299 32.626039144239456  14.239227666575175 32.563259199488058  14.289558529091494 32.444825021545569  14.319984167614436 32.389004029383756  14.35576649437175 32.336368344378158  14.396453126987609 32.287601108571295  14.48570108144574 32.199733929654059  14.534115896650235 32.160478546639936  14.586164896044281 32.126067933829347  14.64120069328456 32.096941578607556  14.755750348040465 32.049885503629952  14.815263151773038 32.031943628309634  14.876323278768382 32.01987846575085  14.938162570158141 32.013845889358876  15 32.013845889358876 
 0 6 0.25842446251388634 4 0.50858946584150855 4 0.75441344232884844 4 1 6
7 0 0  5 18 5  14.200000000000003 32.821478961994032  14.200000000000003 32.756037045692054  14.206567312533949 32.690592433140893  14.219701546395299 32.626039144239456  14.239227666575175 32.563259199488058  14.289558529091494 32.444825021545569  14.319984167614436 32.389004029383756  14.35576649437175 32.336368344378158  14.396453126987609 32.287601108571295  14.48570108144574 32.199733929654059  14.534115896650235 32.160478546639936  14.586164896044281 32.126067933829347  14.64120069328456 32.096941578607556  14.755750348040465 32.049885503629952  14.815263151773038 32.031943628309634  14.876323278768382 32.01987846575085  14.938162570158141 32.013845889358876  15 32.013845889358876 
 0 6 0.25842446251388634 4 0.50858946584150855 4 0.75441344232884844 4 1 6
1 0 1.5707963267948966 1 0 
2 0 0 1 0 -0 1 70.480000000000004
1 6.2831853071795862 1.5707963267948966 0 1 
1 0 1.5707963267948966 0 1 
7 0 0  5 18 5  0.13680614519584552 1.5707963267948966  0.13693277623443684 1.6518344117535921  0.13705970362765746 1.7328740958567885  0.13718519922447334 1.8139169149996661  0.13730752444410876 1.8949796904299121  0.13753876128108508 2.0545524175513989  0.13764798282502722 2.1330654197147298  0.13775118109383352 2.2115999145453955  0.13784696217444473 2.2901670559366916  0.13801978384068947 2.4459908554867371  0.13809712548667258 2.5232508040976787  0.13816501852331528 2.6005343309917333  0.13822254359816522 2.6778467653686158  0.13831554304735733 2.8324320647168997  0.13835104140197499 2.9097093836183401  0.13837492707364177 2.9869967546116185  0.13838686971585457 3.0642958662874769  0.13838686971585457 3.1415926535897931 
 0 6 0.25842446251390622 4 0.50858946584156228 4 0.75441344232891483 4 1 6
7 0 0  5 18 5  14.200000000000003 32.821478961994032  14.200000000000003 32.756037045692054  14.206567312533949 32.690592433140893  14.219701546395299 32.626039144239456  14.239227666575175 32.563259199488058  14.289558529091494 32.444825021545569  14.319984167614422 32.389004029383784  14.35576649437175 32.336368344378144  14.396453126987609 32.287601108571309  14.48570108144574 32.199733929654059  14.534115896650235 32.160478546639951  14.586164896044295 32.126067933829347  14.64120069328456 32.096941578607556  14.755750348040451 32.049885503629952  14.815263151773053 32.031943628309619  14.876323278768368 32.019878465750864  14.938162570158141 32.013845889358876  15 32.013845889358876 
 0 6 0.25842446251390622 4 0.50858946584156228 4 0.75441344232891483 4 1 6
7 0 0  5 18 5  14.200000000000003 32.821478961994032  14.200000000000003 32.756037045692054  14.206567312533949 32.690592433140893  14.219701546395299 32.626039144239456  14.239227666575175 32.563259199488058  14.289558529091494 32.444825021545569  14.319984167614422 32.389004029383784  14.35576649437175 32.336368344378144  14.396453126987609 32.287601108571309  14.48570108144574 32.199733929654059  14.534115896650235 32.160478546639951  14.586164896044295 32.126067933829347  14.64120069328456 32.096941578607556  14.755750348040451 32.049885503629952  14.815263151773053 32.031943628309619  14.876323278768368 32.019878465750864  14.938162570158141 32.013845889358876  15 32.013845889358876 
 0 6 0.25842446251390622 4 0.50858946584156228 4 0.75441344232891483 4 1 6
1 0 1.5707963267948966 1 0 
2 0 0 1 0 -0 1 70.480000000000004
1 1.570796326795 0 0 1 
1 0 35.980000000000004 1 0 
1 14.200000000000003 -18.5 0 -1 
1 18.5 9.6120484580460008 -1 0 
1 14.200000000000003 -18.5 0 -1 
1 0 14.200000000000003 1 0 
1 0 14.200000000000003 1 0 
2 72.980000000000004 -7.6120484580459999 1 0 -0 1 2
7 0 0  1 2 2  5.5310798463440003 -5.9999999999999997e-07  5.5310798463440003 15.0000006 
 -5.9999999999999997e-07 2 15.0000006 2
1 6.1631532986439712 15 0 -1 
1 0 0.79999999999999716 1 0 
1 0 14.400000000000006 1 0 
2 0 0 1 0 -0 1 74.980000000000004
1 0 14.200000000000003 1 0 
1 0 14.200000000000003 1 0 
2 72.980000000000004 7.6120484580459999 1 0 -0 1 2
1 0 0.79999999999999716 1 0 
1 0 14.400000000000006 1 0 
2 0 0 1 0 -0 1 74.980000000000004
7 0 0  1 2 2  0.75210546083600005 -5.9999999999999997e-07  0.75210546083600005 15.0000006 
 -5.9999999999999997e-07 2 15.0000006 2
1 0.12003200853561494 15 0 -1 
1 6.2831853071795862 0 0 1 
1 0 0 0 1 
1 -2.3541951229943432e-15 19.224096916092002 1 0 
1 15 0 0 1 
1 -32.013845889359402 -0 1 0 
1 -1.570796326795 15 1 0 
1 0 0 1 0 
2 35.980000000000004 17.224096916092002 0 -1 1 0 2
1 0 15.199999999999999 1 0 
1 0 0 1 0 
2 -37 9.6120484580460008 1 0 -0 1 74.980000000000004
1 0 15.199999999999999 1 0 
1 0 0 1 0 
2 -37 9.6120484580460008 1 0 -0 1 74.980000000000004
1 10.995574287565001 15 -1 0 
1 0 0 1 0 
2 35.980000000000004 2.0000000000000018 0 -1 -1 -0 1.9999999999999991
1 0 0 1 0 
1 15 0 0 1 
1 -32.013845889359402 -0 1 0 
1 4.7123889803849996 0 -0 1 
1 0 35.980000000000004 1 0 
7 0 0  1 2 2  5.5310798463440003 -5.9999999999999997e-07  5.5310798463440003 15.0000006 
 -5.9999999999999997e-07 2 15.0000006 2
7 0 0  1 2 2  6.1631532986439996 0.19999939999999999  6.1631532986439996 15.200000599999999 
 -5.9999999999999997e-07 2 15.0000006 2
1 6.2831853071800001 -0 0 1 
1 0 -0 0 1 
7 0 0  1 2 2  0.120032008536 0.19999939999999999  0.120032008536 15.200000599999999 
 -5.9999999999999997e-07 2 15.0000006 2
7 0 0  1 2 2  0.75210546083600005 -5.9999999999999997e-07  0.75210546083600005 15.0000006 
 -5.9999999999999997e-07 2 15.0000006 2
1 1.570796326795 0 0 1 
1 0 35.980000000000004 1 0 
1 6.1433849320762297 0 0 -1 
1 0 0 0 -1 
1 6.1447984374637601 0 0 -1 
1 0.70682630542370362 0 0 -1 
1 0 0 0 -1 
1 -31.307019583935698 -0.45237864405129358 1 0 
1 -37 -9.6120484580460008 -1 0 
1 6.2831853071795898 0 0 -1 
1 0 0 0 -1 
1 0 -0.45237864405129063 1 0 
2 -37 9.6120484580460008 1 0 -0 1 69.680000000000007
2 0 0 -1 0 0 1 69.680000000000007
1 0.138386869715829 0 0 -1 
1 0.70682630542370362 0 0 -1 
1 0 0 0 -1 
1 0 -0.45237864405129063 1 0 
2 -37 9.6120484580460008 1 0 -0 1 69.680000000000007
2 0 0 -1 0 0 1 69.680000000000007
1 0.13980037510335599 0 0 -1 
1 0 0 0 -1 
1 -31.307019583935698 -0.45237864405129358 1 0 
1 -37 9.6120484580460008 -1 0 
1 0 0 0 -1 
1 6.2831853071795898 0 0 -1 
1 0 -0.45237864405129063 1 0 
2 0 0 -1 0 0 1 68.980000000000004
1 0 -0.45237864405129063 1 0 
2 0 0 -1 0 0 1 68.980000000000004
1 3.14159265358979 0 0 -1 
1 3.966154110640602 0 0 -1 
1 -32.013845889359402 -0.45237864405129358 1 0 
1 -2.3541951229943432e-15 19.224096916092002 1 0 
1 2.3229017876307401 0 0 -1 
1 0.12003200853561501 0 0 -1 
1 0 -0.45237864405129063 1 0 
2 35.980000000000004 17.224096916092002 0 -1 1 0 2
1 0 0 0 -1 
1 6.2831853071795898 0 0 -1 
1 0 -0.45237864405129063 1 0 
2 -37 9.6120484580460008 1 0 -0 1 74.980000000000004
1 6.1631532986439703 0 0 -1 
1 5.4644944412205296 0 0 -1 
1 0 -0.45237864405129063 1 0 
2 -37 9.6120484580460008 1 0 -0 1 74.980000000000004
1 6.2831853071795898 0 0 -1 
1 3.966154110640602 0 0 -1 
1 0 -0.45237864405129063 1 0 
2 35.980000000000004 2.0000000000000018 0 -1 -1 -0 1.9999999999999991
1 -32.013845889359402 -0.45237864405129358 1 0 
1 0 0 1 0 
1 15 0 0 1 
1 -37.000000000000007 -9.6120484580460026 -1 0 
1 -31.307019583935705 0 1 0 
1 0 3.1415926535897931 1 0 
1 0 0 1 0 
2 0 0 -1 0 0 1 69.680000000000021
2 -37.000000000000007 9.6120484580460026 1 0 -0 1 69.680000000000021
1 0 3.1415926535897931 1 0 
1 0 0 1 0 
2 0 0 -1 0 0 1 69.680000000000021
2 -37.000000000000007 9.6120484580460026 1 0 -0 1 69.680000000000021
1 -37.000000000000007 9.6120484580460026 -1 0 
1 15 0 0 1 
1 -31.307019583935705 0 1 0 
1 4.7123889803849996 0 -0 1 
1 0 35.980000000000004 1 0 
1 14.200000000000003 -18.500000000000007 0 -1 
1 18.5 -9.6120484580460008 -1 0 
1 14.200000000000003 -18.500000000000007 0 -1 
7 0 0  5 18 5  6.1463791619837407 1.5707963267948966  6.1462525309451497 1.651834411753593  6.1461256035519298 1.7328740958567912  6.1460001079551123 1.8139169149996583  6.1458777827354778 1.8949796904299165  6.1456465458985017 2.0545524175513901  6.1455373243545575 2.1330654197147565  6.1454341260857541 2.211599914545368  6.1453383450051415 2.2901670559367013  6.1451655233388962 2.445990855486734  6.1450881816929144 2.5232508040976844  6.145020288656271 2.6005343309917217  6.1449627635814208 2.6778467653686224  6.1448697641322294 2.832432064716917  6.1448342657776118 2.9097093836183179  6.1448103801059455 2.9869967546116278  6.1447984374637317 3.0642958662874733  6.1447984374637317 3.1415926535897931 
 0 6 0.25842446251388634 4 0.50858946584150855 4 0.75441344232884844 4 1 6
7 0 0  5 18 5  14.200000000000003 32.821478961994039  14.200000000000003 32.756037045692061  14.206567312533949 32.6905924331409  14.219701546395299 32.626039144239463  14.239227666575175 32.563259199488066  14.289558529091494 32.444825021545576  14.319984167614436 32.389004029383763  14.35576649437175 32.336368344378165  14.396453126987609 32.287601108571302  14.48570108144574 32.199733929654066  14.534115896650235 32.160478546639943  14.586164896044281 32.126067933829354  14.64120069328456 32.096941578607563  14.755750348040465 32.049885503629959  14.815263151773038 32.031943628309641  14.876323278768382 32.019878465750857  14.938162570158141 32.013845889358883  15 32.013845889358883 
 0 6 0.25842446251388634 4 0.50858946584150855 4 0.75441344232884844 4 1 6
7 0 0  5 18 5  14.200000000000003 32.821478961994039  14.200000000000003 32.756037045692061  14.206567312533949 32.6905924331409  14.219701546395299 32.626039144239463  14.239227666575175 32.563259199488066  14.289558529091494 32.444825021545576  14.319984167614436 32.389004029383763  14.35576649437175 32.336368344378165  14.396453126987609 32.287601108571302  14.48570108144574 32.199733929654066  14.534115896650235 32.160478546639943  14.586164896044281 32.126067933829354  14.64120069328456 32.096941578607563  14.755750348040465 32.049885503629959  14.815263151773038 32.031943628309641  14.876323278768382 32.019878465750857  14.938162570158141 32.013845889358883  15 32.013845889358883 
 0 6 0.25842446251388634 4 0.50858946584150855 4 0.75441344232884844 4 1 6
1 0 1.5707963267948966 1 0 
2 0 0 1 0 -0 1 70.480000000000004
1 6.2831853071795862 1.5707963267948966 0 1 
1 0 1.5707963267948966 0 1 
7 0 0  5 18 5  0.13680614519584552 1.5707963267948966  0.13693277623443684 1.6518344117535921  0.13705970362765746 1.7328740958567885  0.13718519922447334 1.8139169149996661  0.13730752444410876 1.8949796904299121  0.13753876128108508 2.0545524175513989  0.13764798282502722 2.1330654197147298  0.13775118109383352 2.2115999145453955  0.13784696217444473 2.2901670559366916  0.13801978384068947 2.4459908554867371  0.13809712548667258 2.5232508040976787  0.13816501852331528 2.6005343309917333  0.13822254359816522 2.6778467653686158  0.13831554304735733 2.8324320647168997  0.13835104140197499 2.9097093836183401  0.13837492707364177 2.9869967546116185  0.13838686971585457 3.0642958662874769  0.13838686971585457 3.1415926535897931 
 0 6 0.25842446251390622 4 0.50858946584156228 4 0.75441344232891483 4 1 6
7 0 0  5 18 5  14.200000000000003 32.821478961994039  14.200000000000003 32.756037045692061  14.206567312533949 32.6905924331409  14.219701546395299 32.626039144239449  14.239227666575175 32.563259199488066  14.289558529091494 32.444825021545562  14.319984167614422 32.389004029383791  14.35576649437175 32.336368344378151  14.396453126987609 32.287601108571316  14.48570108144574 32.199733929654052  14.534115896650235 32.160478546639943  14.586164896044295 32.12606793382934  14.64120069328456 32.096941578607549  14.755750348040451 32.049885503629945  14.815263151773053 32.031943628309612  14.876323278768368 32.019878465750871  14.938162570158141 32.013845889358883  15 32.013845889358883 
 0 6 0.25842446251390622 4 0.50858946584156228 4 0.75441344232891483 4 1 6
7 0 0  5 18 5  14.200000000000003 32.821478961994039  14.200000000000003 32.756037045692061  14.206567312533949 32.6905924331409  14.219701546395299 32.626039144239449  14.239227666575175 32.563259199488066  14.289558529091494 32.444825021545562  14.319984167614422 32.389004029383791  14.35576649437175 32.336368344378151  14.396453126987609 32.287601108571316  14.48570108144574 32.199733929654052  14.534115896650235 32.160478546639943  14.586164896044295 32.12606793382934  14.64120069328456 32.096941578607549  14.755750348040451 32.049885503629945  14.815263151773053 32.031943628309612  14.876323278768368 32.019878465750871  14.938162570158141 32.013845889358883  15 32.013845889358883 
 0 6 0.25842446251390622 4 0.50858946584156228 4 0.75441344232891483 4 1 6
1 0 1.5707963267948966 1 0 
2 0 0 1 0 -0 1 70.480000000000004
1 1.570796326795 0 0 1 
1 0 35.980000000000004 1 0 
1 14.200000000000003 -18.5 0 -1 
1 18.500000000000004 9.6120484580460026 -1 0 
1 14.200000000000003 -18.5 0 -1 
1 0 14.200000000000003 1 0 
1 0 14.200000000000003 1 0 
2 72.980000000000018 -7.6120484580459973 1 0 -0 1 1.999999999999996
7 0 0  1 2 2  5.5310798463440003 -5.9999999999999997e-07  5.5310798463440003 15.0000006 
 -5.9999999999999997e-07 2 15.0000006 2
1 6.1631532986439712 15 0 -1 
1 0 0.79999999999999716 1 0 
1 0 14.400000000000006 1 0 
2 0 0 1 0 -0 1 74.980000000000004
1 0 14.200000000000003 1 0 
1 0 14.200000000000003 1 0 
2 72.980000000000018 7.6120484580459973 1 0 -0 1 1.999999999999996
1 0 0.79999999999999716 1 0 
1 0 14.400000000000006 1 0 
2 0 0 1 0 -0 1 74.980000000000004
7 0 0  1 2 2  0.75210546083600005 -5.9999999999999997e-07  0.75210546083600005 15.0000006 
 -5.9999999999999997e-07 2 15.0000006 2
1 0.12003200853561494 15 0 -1 
1 6.2831853071795862 0 0 1 
1 0 0 0 1 
1 0 19.224096916092009 1 0 
1 15 0 0 1 
1 -32.013845889359402 0 1 0 
1 -1.570796326795 15 1 0 
1 0 0 1 0 
2 35.980000000000004 17.224096916092002 0 -1 1 0 1.999999999999996
1 0 15.199999999999999 1 0 
1 0 0 1 0 
2 -37.000000000000007 9.6120484580460026 1 0 -0 1 74.980000000000004
1 0 15.199999999999999 1 0 
1 0 0 1 0 
2 -37.000000000000007 9.6120484580460026 1 0 -0 1 74.980000000000004
1 10.995574287565001 15 -1 0 
1 0 0 1 0 
2 35.980000000000004 2.0000000000000071 0 -1 -1 -0 1.999999999999996
1 0 0 1 0 
1 15 0 0 1 
1 -32.013845889359409 0 1 0 
1 4.7123889803849996 0 -0 1 
1 0 35.980000000000004 1 0 
7 0 0  1 2 2  5.5310798463440003 -5.9999999999999997e-07  5.5310798463440003 15.0000006 
 -5.9999999999999997e-07 2 15.0000006 2
7 0 0  1 2 2  6.1631532986439996 0.19999939999999999  6.1631532986439996 15.200000599999999 
 -5.9999999999999997e-07 2 15.0000006 2
1 6.2831853071800001 -0 0 1 
1 0 -0 0 1 
7 0 0  1 2 2  0.120032008536 0.19999939999999999  0.120032008536 15.200000599999999 
 -5.9999999999999997e-07 2 15.0000006 2
7 0 0  1 2 2  0.75210546083600005 -5.9999999999999997e-07  0.75210546083600005 15.0000006 
 -5.9999999999999997e-07 2 15.0000006 2
1 1.570796326795 0 0 1 
1 0 35.980000000000004 1 0 
1 6.1433849320762297 0 0 -1 
1 0 0 0 -1 
1 6.1447984374637601 0 0 -1 
1 0.70682630542369551 0 0 -1 
1 -1.0048591735576161e-14 0 0 -1 
1 -31.307019583935705 -0.45237864405129358 1 0 
1 -37.000000000000007 -9.6120484580460026 -1 0 
1 6.2831853071795898 0 0 -1 
1 0 0 0 -1 
1 0 -0.45237864405129063 1 0 
2 -37.000000000000007 9.6120484580460026 1 0 -0 1 69.680000000000021
2 0 0 -1 0 0 1 69.680000000000021
1 0.138386869715829 0 0 -1 
1 0.7068263054237055 0 0 -1 
1 1.0048591735576161e-14 0 0 -1 
1 0 -0.45237864405129063 1 0 
2 -37.000000000000007 9.6120484580460026 1 0 -0 1 69.680000000000021
2 0 0 -1 0 0 1 69.680000000000021
1 0.13980037510335599 0 0 -1 
1 0 0 0 -1 
1 -31.307019583935705 -0.45237864405129358 1 0 
1 -37.000000000000007 9.6120484580460026 -1 0 
1 0 0 0 -1 
1 6.2831853071795898 0 0 -1 
1 0 -0.45237864405129063 1 0 
2 0 0 -1 0 0 1 68.980000000000004
1 0 -0.45237864405129063 1 0 
2 0 0 -1 0 0 1 68.980000000000004
1 3.14159265358979 0 0 -1 
1 3.9661541106406029 0 0 -1 
1 0 19.224096916092009 1 0 
1 -32.013845889359402 -0.45237864405129358 1 0 
1 2.3229017876307401 0 0 -1 
1 0.12003200853561501 0 0 -1 
1 0 -0.45237864405129063 1 0 
2 35.980000000000004 17.224096916092002 0 -1 1 0 1.999999999999996
1 0 0 0 -1 
1 6.2831853071795898 0 0 -1 
1 0 -0.45237864405129063 1 0 
2 -37.000000000000007 9.6120484580460026 1 0 -0 1 74.980000000000004
1 6.1631532986439703 0 0 -1 
1 5.4644944412205296 0 0 -1 
1 0 -0.45237864405129063 1 0 
2 -37.000000000000007 9.6120484580460026 1 0 -0 1 74.980000000000004
1 6.2831853071795898 0 0 -1 
1 3.9661541106406029 0 0 -1 
1 0 -0.45237864405129063 1 0 
2 35.980000000000004 2.0000000000000071 0 -1 -1 -0 1.999999999999996
1 0 0 1 0 
1 -32.013845889359409 -0.45237864405129358 1 0 
1 15 0 0 1 
1 -37 -9.6120484580460008 -1 0 
1 -31.307019583935698 0 1 0 
1 0 3.1415926535897931 1 0 
1 0 0 1 0 
2 0 0 -1 0 0 1 69.680000000000007
2 -37 9.6120484580460008 1 0 -0 1 69.680000000000007
1 0 3.1415926535897931 1 0 
1 0 0 1 0 
2 0 0 -1 0 0 1 69.680000000000007
2 -37 9.6120484580460008 1 0 -0 1 69.680000000000007
1 -37 9.6120484580460008 -1 0 
1 15 0 0 1 
1 -31.307019583935698 0 1 0 
1 4.7123889803849996 0 -0 1 
1 0 35.980000000000004 1 0 
1 14.200000000000003 -18.500000000000004 0 -1 
1 18.5 -9.6120484580460008 -1 0 
1 14.200000000000003 -18.500000000000004 0 -1 
7 0 0  5 18 5  6.1463791619837407 1.5707963267948966  6.1462525309451497 1.651834411753593  6.1461256035519298 1.7328740958567912  6.1460001079551123 1.8139169149996583  6.1458777827354778 1.8949796904299165  6.1456465458985017 2.0545524175513901  6.1455373243545575 2.1330654197147565  6.1454341260857541 2.211599914545368  6.1453383450051415 2.2901670559367013  6.1451655233388962 2.445990855486734  6.1450881816929144 2.5232508040976844  6.145020288656271 2.6005343309917217  6.1449627635814208 2.6778467653686224  6.1448697641322294 2.832432064716917  6.1448342657776118 2.9097093836183179  6.1448103801059455 2.9869967546116278  6.1447984374637317 3.0642958662874733  6.1447984374637317 3.1415926535897931 
 0 6 0.25842446251388634 4 0.50858946584150855 4 0.75441344232884844 4 1 6
7 0 0  5 18 5  14.200000000000003 32.821478961994032  14.200000000000003 32.756037045692054  14.206567312533949 32.690592433140893  14.219701546395299 32.626039144239456  14.239227666575175 32.563259199488058  14.289558529091494 32.444825021545569  14.319984167614436 32.389004029383756  14.35576649437175 32.336368344378158  14.396453126987609 32.287601108571295  14.48570108144574 32.199733929654059  14.534115896650235 32.160478546639936  14.586164896044281 32.126067933829347  14.64120069328456 32.096941578607556  14.755750348040465 32.049885503629952  14.815263151773038 32.031943628309634  14.876323278768382 32.01987846575085  14.938162570158141 32.013845889358876  15 32.013845889358876 
 0 6 0.25842446251388634 4 0.50858946584150855 4 0.75441344232884844 4 1 6
7 0 0  5 18 5  14.200000000000003 32.821478961994032  14.200000000000003 32.756037045692054  14.206567312533949 32.690592433140893  14.219701546395299 32.626039144239456  14.239227666575175 32.563259199488058  14.289558529091494 32.444825021545569  14.319984167614436 32.389004029383756  14.35576649437175 32.336368344378158  14.396453126987609 32.287601108571295  14.48570108144574 32.199733929654059  14.534115896650235 32.160478546639936  14.586164896044281 32.126067933829347  14.64120069328456 32.096941578607556  14.755750348040465 32.049885503629952  14.815263151773038 32.031943628309634  14.876323278768382 32.01987846575085  14.938162570158141 32.013845889358876  15 32.013845889358876 
 0 6 0.25842446251388634 4 0.50858946584150855 4 0.75441344232884844 4 1 6
1 0 1.5707963267948966 1 0 
2 0 0 1 0 -0 1 70.480000000000004
1 6.2831853071795862 1.5707963267948966 0 1 
1 0 1.5707963267948966 0 1 
7 0 0  5 18 5  0.13680614519584552 1.5707963267948966  0.13693277623443684 1.6518344117535921  0.13705970362765746 1.7328740958567885  0.13718519922447334 1.8139169149996661  0.13730752444410876 1.8949796904299121  0.13753876128108508 2.0545524175513989  0.13764798282502722 2.1330654197147298  0.13775118109383352 2.2115999145453955  0.13784696217444473 2.2901670559366916  0.13801978384068947 2.4459908554867371  0.13809712548667258 2.5232508040976787  0.13816501852331528 2.6005343309917333  0.13822254359816522 2.6778467653686158  0.13831554304735733 2.8324320647168997  0.13835104140197499 2.9097093836183401  0.13837492707364177 2.9869967546116185  0.13838686971585457 3.0642958662874769  0.13838686971585457 3.1415926535897931 
 0 6 0.25842446251390622 4 0.50858946584156228 4 0.75441344232891483 4 1 6
7 0 0  5 18 5  14.200000000000003 32.821478961994032  14.200000000000003 32.756037045692054  14.206567312533949 32.690592433140893  14.219701546395299 32.626039144239456  14.239227666575175 32.563259199488058  14.289558529091494 32.444825021545569  14.319984167614422 32.389004029383784  14.35576649437175 32.336368344378144  14.396453126987609 32.287601108571309  14.48570108144574 32.199733929654059  14.534115896650235 32.160478546639951  14.586164896044295 32.126067933829347  14.64120069328456 32.096941578607556  14.755750348040451 32.049885503629952  14.815263151773053 32.031943628309619  14.876323278768368 32.019878465750864  14.938162570158141 32.013845889358876  15 32.013845889358876 
 0 6 0.25842446251390622 4 0.50858946584156228 4 0.75441344232891483 4 1 6
7 0 0  5 18 5  14.200000000000003 32.821478961994032  14.200000000000003 32.756037045692054  14.206567312533949 32.690592433140893  14.219701546395299 32.626039144239456  14.239227666575175 32.563259199488058  14.289558529091494 32.444825021545569  14.319984167614422 32.389004029383784  14.35576649437175 32.336368344378144  14.396453126987609 32.287601108571309  14.48570108144574 32.199733929654059  14.534115896650235 32.160478546639951  14.586164896044295 32.126067933829347  14.64120069328456 32.096941578607556  14.755750348040451 32.049885503629952  14.815263151773053 32.031943628309619  14.876323278768368 32.019878465750864  14.938162570158141 32.013845889358876  15 32.013845889358876 
 0 6 0.25842446251390622 4 0.50858946584156228 4 0.75441344232891483 4 1 6
1 0 1.5707963267948966 1 0 
2 0 0 1 0 -0 1 70.480000000000004
1 1.570796326795 0 0 1 
1 0 35.980000000000004 1 0 
1 14.200000000000003 -18.499999999999996 0 -1 
1 18.5 9.6120484580460008 -1 0 
1 14.200000000000003 -18.499999999999996 0 -1 
1 0 14.200000000000003 1 0 
1 0 14.200000000000003 1 0 
2 72.980000000000004 -7.6120484580459999 1 0 -0 1 2
7 0 0  1 2 2  5.5310798463440003 -5.9999999999999997e-07  5.5310798463440003 15.0000006 
 -5.9999999999999997e-07 2 15.0000006 2
1 6.1631532986439712 15 0 -1 
1 0 0.79999999999999716 1 0 
1 0 14.400000000000006 1 0 
2 0 0 1 0 -0 1 74.980000000000004
1 0 14.200000000000003 1 0 
1 0 14.200000000000003 1 0 
2 72.980000000000004 7.6120484580459999 1 0 -0 1 2
1 0 0.79999999999999716 1 0 
1 0 14.400000000000006 1 0 
2 0 0 1 0 -0 1 74.980000000000004
7 0 0  1 2 2  0.75210546083600005 -5.9999999999999997e-07  0.75210546083600005 15.0000006 
 -5.9999999999999997e-07 2 15.0000006 2
1 0.12003200853561494 15 0 -1 
1 6.2831853071795862 0 0 1 
1 0 0 0 1 
1 -4.2686070047741613e-15 19.224096916092002 1 0 
1 15 0 0 1 
1 -32.013845889359402 0 1 0 
1 -1.570796326795 15 1 0 
1 0 0 1 0 
2 35.979999999999997 17.224096916092002 0 -1 1 0 2
1 0 15.199999999999999 1 0 
1 0 0 1 0 
2 -37 9.6120484580460008 1 0 -0 1 74.980000000000004
1 0 15.199999999999999 1 0 
1 0 0 1 0 
2 -37 9.6120484580460008 1 0 -0 1 74.980000000000004
1 10.995574287565001 15 -1 0 
1 0 0 1 0 
2 35.980000000000004 2.0000000000000018 0 -1 -1 -0 1.9999999999999991
1 0 0 1 0 
1 15 0 0 1 
1 -32.013845889359402 0 1 0 
1 4.7123889803849996 0 -0 1 
1 0 35.980000000000004 1 0 
7 0 0  1 2 2  5.5310798463440003 -5.9999999999999997e-07  5.5310798463440003 15.0000006 
 -5.9999999999999997e-07 2 15.0000006 2
7 0 0  1 2 2  6.1631532986439996 0.19999939999999999  6.1631532986439996 15.200000599999999 
 -5.9999999999999997e-07 2 15.0000006 2
1 6.2831853071800001 -0 0 1 
1 0 -0 0 1 
7 0 0  1 2 2  0.120032008536 0.19999939999999999  0.120032008536 15.200000599999999 
 -5.9999999999999997e-07 2 15.0000006 2
7 0 0  1 2 2  0.75210546083600005 -5.9999999999999997e-07  0.75210546083600005 15.0000006 
 -5.9999999999999997e-07 2 15.0000006 2
1 1.570796326795 0 0 1 
1 0 35.980000000000004 1 0 
1 6.1433849320762297 0 0 -1 
1 0 0 0 -1 
1 6.1447984374637601 0 0 -1 
1 0.70682630542370362 0 0 -1 
1 0 0 0 -1 
1 -31.307019583935698 -0.45237864405129358 1 0 
1 -37 -9.6120484580460008 -1 0 
1 6.2831853071795898 0 0 -1 
1 0 0 0 -1 
1 0 -0.45237864405129063 1 0 
2 -37 9.6120484580460008 1 0 -0 1 69.680000000000007
2 0 0 -1 0 0 1 69.680000000000007
1 0.138386869715829 0 0 -1 
1 0.70682630542370362 0 0 -1 
1 0 0 0 -1 
1 0 -0.45237864405129063 1 0 
2 -37 9.6120484580460008 1 0 -0 1 69.680000000000007
2 0 0 -1 0 0 1 69.680000000000007
1 0.13980037510335599 0 0 -1 
1 0 0 0 -1 
1 -31.307019583935698 -0.45237864405129358 1 0 
1 -37 9.6120484580460008 -1 0 
1 0 0 0 -1 
1 6.2831853071795898 0 0 -1 
1 0 -0.45237864405129063 1 0 
2 0 0 -1 0 0 1 68.980000000000004
1 0 -0.45237864405129063 1 0 
2 0 0 -1 0 0 1 68.980000000000004
1 3.14159265358979 0 0 -1 
1 3.966154110640602 0 0 -1 
1 -32.013845889359402 -0.45237864405129358 1 0 
1 -4.2686070047741613e-15 19.224096916092002 1 0 
1 2.3229017876307401 0 0 -1 
1 0.12003200853561501 0 0 -1 
1 0 -0.45237864405129063 1 0 
2 35.979999999999997 17.224096916092002 0 -1 1 0 2
1 0 0 0 -1 
1 6.2831853071795898 0 0 -1 
1 0 -0.45237864405129063 1 0 
2 -37 9.6120484580460008 1 0 -0 1 74.980000000000004
1 6.1631532986439703 0 0 -1 
1 5.4644944412205296 0 0 -1 
1 0 -0.45237864405129063 1 0 
2 -37 9.6120484580460008 1 0 -0 1 74.980000000000004
1 6.2831853071795898 0 0 -1 
1 3.966154110640602 0 0 -1 
1 0 -0.45237864405129063 1 0 
2 35.980000000000004 2.0000000000000018 0 -1 -1 -0 1.9999999999999991
1 -32.013845889359402 -0.45237864405129358 1 0 
1 0 0 1 0 
1 15 0 0 1 
1 -37 -9.6120484580460008 -1 0 
1 -31.307019583935691 0 1 0 
1 0 3.1415926535897931 1 0 
1 0 0 1 0 
2 0 0 -1 0 0 1 69.680000000000007
2 -37 9.6120484580460008 1 0 -0 1 69.680000000000007
1 0 3.1415926535897931 1 0 
1 0 0 1 0 
2 0 0 -1 0 0 1 69.680000000000007
2 -37 9.6120484580460008 1 0 -0 1 69.680000000000007
1 -36.999999999999993 9.6120484580460008 -1 0 
1 15 0 0 1 
1 -31.307019583935698 0 1 0 
1 4.7123889803849996 0 -0 1 
1 0 35.980000000000004 1 0 
1 14.200000000000003 -18.500000000000004 0 -1 
1 18.5 -9.6120484580460008 -1 0 
1 14.200000000000003 -18.500000000000004 0 -1 
7 0 0  5 18 5  6.1463791619837407 1.5707963267948966  6.1462525309451497 1.651834411753593  6.1461256035519298 1.7328740958567912  6.1460001079551123 1.8139169149996583  6.1458777827354778 1.8949796904299165  6.1456465458985017 2.0545524175513901  6.1455373243545575 2.1330654197147565  6.1454341260857541 2.211599914545368  6.1453383450051415 2.2901670559367013  6.1451655233388962 2.445990855486734  6.1450881816929144 2.5232508040976844  6.145020288656271 2.6005343309917217  6.1449627635814208 2.6778467653686224  6.1448697641322294 2.832432064716917  6.1448342657776118 2.9097093836183179  6.1448103801059455 2.9869967546116278  6.1447984374637317 3.0642958662874733  6.1447984374637317 3.1415926535897931 
 0 6 0.25842446251388634 4 0.50858946584150855 4 0.75441344232884844 4 1 6
7 0 0  5 18 5  14.200000000000003 32.821478961994032  14.200000000000003 32.756037045692054  14.206567312533949 32.690592433140893  14.219701546395299 32.626039144239456  14.239227666575175 32.563259199488058  14.289558529091494 32.444825021545569  14.319984167614436 32.389004029383756  14.35576649437175 32.336368344378158  14.396453126987609 32.287601108571295  14.48570108144574 32.199733929654059  14.534115896650235 32.160478546639936  14.586164896044281 32.126067933829347  14.64120069328456 32.096941578607556  14.755750348040465 32.049885503629952  14.815263151773038 32.031943628309619  14.876323278768382 32.01987846575085  14.938162570158141 32.013845889358862  15 32.013845889358862 
 0 6 0.25842446251388634 4 0.50858946584150855 4 0.75441344232884844 4 1 6
7 0 0  5 18 5  14.200000000000003 32.821478961994032  14.200000000000003 32.756037045692054  14.206567312533949 32.690592433140893  14.219701546395299 32.626039144239456  14.239227666575175 32.563259199488058  14.289558529091494 32.444825021545569  14.319984167614436 32.389004029383756  14.35576649437175 32.336368344378158  14.396453126987609 32.287601108571295  14.48570108144574 32.199733929654059  14.534115896650235 32.160478546639936  14.586164896044281 32.126067933829347  14.64120069328456 32.096941578607556  14.755750348040465 32.049885503629952  14.815263151773038 32.031943628309619  14.876323278768382 32.01987846575085  14.938162570158141 32.013845889358862  15 32.013845889358862 
 0 6 0.25842446251388634 4 0.50858946584150855 4 0.75441344232884844 4 1 6
1 0 1.5707963267948966 1 0 
2 0 0 1 0 -0 1 70.480000000000004
1 6.2831853071795862 1.5707963267948966 0 1 
1 0 1.5707963267948966 0 1 
7 0 0  5 18 5  0.13680614519584552 1.5707963267948966  0.13693277623443684 1.6518344117535921  0.13705970362765746 1.7328740958567885  0.13718519922447334 1.8139169149996661  0.13730752444410876 1.8949796904299121  0.13753876128108508 2.0545524175513989  0.13764798282502722 2.1330654197147298  0.13775118109383352 2.2115999145453955  0.13784696217444473 2.2901670559366916  0.13801978384068947 2.4459908554867371  0.13809712548667258 2.5232508040976787  0.13816501852331528 2.6005343309917333  0.13822254359816522 2.6778467653686158  0.13831554304735733 2.8324320647168997  0.13835104140197499 2.9097093836183401  0.13837492707364177 2.9869967546116185  0.13838686971585457 3.0642958662874769  0.13838686971585457 3.1415926535897931 
 0 6 0.25842446251390622 4 0.50858946584156228 4 0.75441344232891483 4 1 6
7 0 0  5 18 5  14.200000000000003 32.821478961994039  14.200000000000003 32.756037045692061  14.206567312533949 32.6905924331409  14.219701546395299 32.626039144239463  14.239227666575175 32.563259199488051  14.289558529091494 32.444825021545576  14.319984167614422 32.389004029383791  14.35576649437175 32.336368344378151  14.396453126987609 32.287601108571316  14.48570108144574 32.199733929654066  14.534115896650235 32.160478546639958  14.586164896044295 32.126067933829354  14.64120069328456 32.096941578607563  14.755750348040451 32.049885503629959  14.815263151773053 32.031943628309627  14.876323278768368 32.019878465750885  14.938162570158141 32.013845889358883  15 32.013845889358883 
 0 6 0.25842446251390622 4 0.50858946584156228 4 0.75441344232891483 4 1 6
7 0 0  5 18 5  14.200000000000003 32.821478961994039  14.200000000000003 32.756037045692061  14.206567312533949 32.6905924331409  14.219701546395299 32.626039144239463  14.239227666575175 32.563259199488051  14.289558529091494 32.444825021545576  14.319984167614422 32.389004029383791  14.35576649437175 32.336368344378151  14.396453126987609 32.287601108571316  14.48570108144574 32.199733929654066  14.534115896650235 32.160478546639958  14.586164896044295 32.126067933829354  14.64120069328456 32.096941578607563  14.755750348040451 32.049885503629959  14.815263151773053 32.031943628309627  14.876323278768368 32.019878465750885  14.938162570158141 32.013845889358883  15 32.013845889358883 
 0 6 0.25842446251390622 4 0.50858946584156228 4 0.75441344232891483 4 1 6
1 0 1.5707963267948966 1 0 
2 0 0 1 0 -0 1 70.480000000000004
1 1.570796326795 0 0 1 
1 0 35.980000000000004 1 0 
1 14.200000000000003 -18.499999999999996 0 -1 
1 18.5 9.6120484580460026 -1 0 
1 14.200000000000003 -18.499999999999996 0 -1 
1 0 14.200000000000003 1 0 
1 0 14.200000000000003 1 0 
2 72.980000000000004 -7.6120484580459902 1 0 -0 1 1.999999999999996
7 0 0  1 2 2  5.5310798463440003 -5.9999999999999997e-07  5.5310798463440003 15.0000006 
 -5.9999999999999997e-07 2 15.0000006 2
1 6.1631532986439712 15 0 -1 
1 0 0.79999999999999716 1 0 
1 0 14.400000000000006 1 0 
2 0 0 1 0 -0 1 74.980000000000004
1 0 14.200000000000003 1 0 
1 0 14.200000000000003 1 0 
2 72.980000000000004 7.6120484580460044 1 0 -0 1 1.999999999999996
1 0 0.79999999999999716 1 0 
1 0 14.400000000000006 1 0 
2 0 0 1 0 -0 1 74.980000000000004
7 0 0  1 2 2  0.75210546083600005 -5.9999999999999997e-07  0.75210546083600005 15.0000006 
 -5.9999999999999997e-07 2 15.0000006 2
1 0.12003200853561494 15 0 -1 
1 6.2831853071795862 0 0 1 
1 0 0 0 1 
1 -3.5527136788005009e-15 19.224096916092002 1 0 
1 15 0 0 1 
1 -32.013845889359402 0 1 0 
1 -1.570796326795 15 1 0 
1 0 0 1 0 
2 35.980000000000004 17.224096916092002 0 -1 1 0 1.999999999999996
1 0 15.199999999999999 1 0 
1 0 0 1 0 
2 -37 9.6120484580460008 1 0 -0 1 74.980000000000004
1 0 15.199999999999999 1 0 
1 0 0 1 0 
2 -37 9.6120484580460008 1 0 -0 1 74.980000000000004
1 10.995574287565001 15 -1 0 
1 0 0 1 0 
2 35.980000000000004 2.0000000000000071 0 -1 -1 -0 1.999999999999996
1 0 0 1 0 
1 15 0 0 1 
1 -32.013845889359402 0 1 0 
1 4.7123889803849996 0 -0 1 
1 0 35.980000000000004 1 0 
7 0 0  1 2 2  5.5310798463440003 -5.9999999999999997e-07  5.5310798463440003 15.0000006 
 -5.9999999999999997e-07 2 15.0000006 2
7 0 0  1 2 2  6.1631532986439996 0.19999939999999999  6.1631532986439996 15.200000599999999 
 -5.9999999999999997e-07 2 15.0000006 2
1 6.2831853071800001 -0 0 1 
1 0 -0 0 1 
7 0 0  1 2 2  0.120032008536 0.19999939999999999  0.120032008536 15.200000599999999 
 -5.9999999999999997e-07 2 15.0000006 2
7 0 0  1 2 2  0.75210546083600005 -5.9999999999999997e-07  0.75210546083600005 15.0000006 
 -5.9999999999999997e-07 2 15.0000006 2
1 1.570796326795 0 0 1 
1 0 35.980000000000004 1 0 
1 6.1433849320762297 0 0 -1 
1 0 0 0 -1 
1 6.1447984374637601 0 0 -1 
1 0.70682630542370051 0 0 -1 
1 -1.0048591735576159e-14 0 0 -1 
1 -31.307019583935691 -0.45237864405129358 1 0 
1 -37 -9.6120484580460008 -1 0 
1 6.2831853071795898 0 0 -1 
1 0 0 0 -1 
1 0 -0.45237864405129063 1 0 
2 -37 9.6120484580460008 1 0 -0 1 69.680000000000007
2 0 0 -1 0 0 1 69.680000000000007
1 0.138386869715829 0 0 -1 
1 0.7068263054237105 0 0 -1 
1 1.0048591735576159e-14 0 0 -1 
1 0 -0.45237864405129063 1 0 
2 -37 9.6120484580460008 1 0 -0 1 69.680000000000007
2 0 0 -1 0 0 1 69.680000000000007
1 0.13980037510335599 0 0 -1 
1 0 0 0 -1 
1 -31.307019583935698 -0.45237864405129358 1 0 
1 -36.999999999999993 9.6120484580460008 -1 0 
1 0 0 0 -1 
1 6.2831853071795898 0 0 -1 
1 0 -0.45237864405129063 1 0 
2 0 0 -1 0 0 1 68.980000000000004
1 0 -0.45237864405129063 1 0 
2 0 0 -1 0 0 1 68.980000000000004
1 3.14159265358979 0 0 -1 
1 3.966154110640602 0 0 -1 
1 -3.5527136788005009e-15 19.224096916092002 1 0 
1 -32.013845889359402 -0.45237864405129358 1 0 
1 2.3229017876307401 0 0 -1 
1 0.12003200853561501 0 0 -1 
1 0 -0.45237864405129063 1 0 
2 35.980000000000004 17.224096916092002 0 -1 1 0 1.999999999999996
1 0 0 0 -1 
1 6.2831853071795898 0 0 -1 
1 0 -0.45237864405129063 1 0 
2 -37 9.6120484580460008 1 0 -0 1 74.980000000000004
1 6.1631532986439703 0 0 -1 
1 5.4644944412205296 0 0 -1 
1 0 -0.45237864405129063 1 0 
2 -37 9.6120484580460008 1 0 -0 1 74.980000000000004
1 6.2831853071795898 0 0 -1 
1 3.966154110640602 0 0 -1 
1 0 -0.45237864405129063 1 0 
2 35.980000000000004 2.0000000000000071 0 -1 -1 -0 1.999999999999996
1 0 0 1 0 
1 -32.013845889359402 -0.45237864405129358 1 0 
Curves 876
1 37 -9.6120484580460008 115 1 0 0 
2 0 0 115 0 0 1 1 0 -0 -0 1 0 69.680000000000007
1 37 9.6120484580460008 115 1 0 0 
2 0 0 115 0 0 1 1 0 -0 -0 1 0 68.980000000000004
1 72.980000000000004 -9.6120484580460008 100 0 0 1 
1 18.5 -9.6120484580460008 114.2 -1 0 0 
7 0 0  5 18 5  69.821478961994032 -9.6120484580460008 114.2  69.756037045692054 -9.6120484580460008 114.2  69.690592433140893 -9.6120484580460008 114.20656731253395  69.626039144239456 -9.6120484580460008 114.2197015463953  69.563259199488058 -9.6120484580460008 114.23922766657518  69.444825021545569 -9.6120484580460008 114.28955852909149  69.389004029383756 -9.6120484580460008 114.31998416761444  69.336368344378158 -9.6120484580460008 114.35576649437175  69.287601108571295 -9.6120484580460008 114.39645312698761  69.199733929654059 -9.6120484580460008 114.48570108144574  69.160478546639936 -9.6120484580460008 114.53411589665023  69.126067933829347 -9.6120484580460008 114.58616489604428  69.096941578607556 -9.6120484580460008 114.64120069328456  69.049885503629952 -9.6120484580460008 114.75575034804046  69.031943628309634 -9.6120484580460008 114.81526315177304  69.01987846575085 -9.6120484580460008 114.87632327876838  69.013845889358876 -9.6120484580460008 114.93816257015814  69.013845889358876 -9.6120484580460008 115 
 0 6 0.25842446251388634 4 0.50858946584150855 4 0.75441344232884844 4 1 6
7 0 0  6 22 5  69.821478961994032 -9.6120484580460008 113.5  69.683215007696646 -9.6120484580460008 113.5  69.544930923265696 -9.6120484580460008 113.51500912360446  69.40871521292398 -9.6120484580460008 113.54503271118766  69.276591285598073 -9.6120484580460008 113.58969338492149  69.150508104506088 -9.6120484580460008 113.64830754299334  68.976495270820905 -9.6120484580460008 113.75355179485466  68.92245261807544 -9.6120484580460008 113.79016566394793  68.870345574696259 -9.6120484580460008 113.82954197890368  68.820352631063258 -9.6120484580460008 113.87155571881878  68.772641455966749 -9.6120484580460008 113.91606669447904  68.682719657729734 -9.6120484580460008 114.0091273239875  68.640441350173603 -9.6120484580460008 114.05761371719341  68.600684469039564 -9.6120484580460008 114.10822937770365  68.563585419510332 -9.6120484580460008 114.16081327733788  68.529266516850811 -9.6120484580460008 114.21519271000859  68.435670304571914 -9.6120484580460008 114.38192570171341  68.384793693023454 -9.6120484580460008 114.49898809069138  68.3460600966892 -9.6120484580460008 114.62092177604734  68.320031086673325 -9.6120484580460008 114.74616736102338  68.307019583935698 -9.6120484580460008 114.87309198832094  68.307019583935698 -9.6120484580460008 115 
 0 7 0.34992176053088359 5 0.51504717399987698 5 0.67789911201928432 5 1 7
1 18.5 -9.6120484580460008 113.5 -1 0 0 
2 0 0 114.2 0 0 1 1 0 -0 -0 1 0 70.480000000000004
2 70.480000000000004 0 115 -0 1 -0 0 0 -1 -1 -0 -0 0.79999999999999716
7 0 0  5 18 5  69.821478961994032 9.6120484580460008 114.2  69.756037045692054 9.6120484580460008 114.2  69.690592433140893 9.6120484580460008 114.20656731253395  69.626039144239456 9.6120484580460008 114.2197015463953  69.563259199488058 9.6120484580460008 114.23922766657518  69.444825021545569 9.6120484580460008 114.28955852909149  69.389004029383784 9.6120484580460008 114.31998416761442  69.336368344378144 9.6120484580460008 114.35576649437175  69.287601108571309 9.6120484580460008 114.39645312698761  69.199733929654059 9.6120484580460008 114.48570108144574  69.160478546639951 9.6120484580460008 114.53411589665023  69.126067933829347 9.6120484580460008 114.58616489604429  69.096941578607556 9.6120484580460008 114.64120069328456  69.049885503629952 9.6120484580460008 114.75575034804045  69.031943628309619 9.6120484580460008 114.81526315177305  69.019878465750864 9.6120484580460008 114.87632327876837  69.013845889358876 9.6120484580460008 114.93816257015814  69.013845889358876 9.6120484580460008 115 
 0 6 0.25842446251390622 4 0.50858946584156228 4 0.75441344232891483 4 1 6
1 72.980000000000004 9.6120484580460008 100 0 0 1 
1 18.5 9.6120484580460008 114.2 -1 0 0 
7 0 0  6 22 5  69.821478961994032 9.6120484580460008 113.5  69.683215007696674 9.6120484580460008 113.5  69.544930923265611 9.6120484580460008 113.51500912360447  69.408715212924108 9.6120484580460008 113.54503271118763  69.276591285597945 9.6120484580460008 113.58969338492155  69.15050810450613 9.6120484580460008 113.64830754299331  68.976495270820905 9.6120484580460008 113.75355179485466  68.92245261807544 9.6120484580460008 113.79016566394793  68.870345574696259 9.6120484580460008 113.82954197890368  68.820352631063258 9.6120484580460008 113.87155571881878  68.772641455966749 9.6120484580460008 113.91606669447904  68.682719657729734 9.6120484580460008 114.0091273239875  68.640441350173603 9.6120484580460008 114.05761371719341  68.600684469039564 9.6120484580460008 114.10822937770365  68.563585419510332 9.6120484580460008 114.16081327733788  68.529266516850811 9.6120484580460008 114.21519271000859  68.435670304571914 9.6120484580460008 114.38192570171344  68.384793693023468 9.6120484580460008 114.4989880906913  68.346060096689229 9.6120484580460008 114.62092177604741  68.320031086673282 9.6120484580460008 114.74616736102337  68.307019583935713 9.6120484580460008 114.87309198832094  68.307019583935713 9.6120484580460008 115 
 0 7 0.34992176053095481 5 0.51504717399992006 5 0.67789911201929132 5 1 7
1 18.5 9.6120484580460008 113.5 -1 0 0 
2 70.480000000000004 0 115 -0 1 -0 0 0 -1 -1 -0 -0 1.5
2 0 0 113.5 0 0 1 1 0 -0 -0 1 0 70.480000000000004
2 72.980000000000004 -7.6120484580459999 113.5 0 0 1 1 0 -0 -0 1 0 2
2 72.980000000000004 -7.6120484580459999 114.2 0 0 1 1 0 -0 -0 1 0 2
1 74.440504168890996 -8.978404038651 100 0 0 1 
2 0 0 114.2 0 0 1 1 0 -0 -0 1 0 74.980000000000004
2 72.980000000000004 7.6120484580459999 114.2 0 0 1 1 0 -0 -0 1 0 2
2 0 0 113.5 0 0 1 1 0 -0 -0 1 0 74.980000000000004
2 72.980000000000004 7.6120484580459999 113.5 0 0 1 1 0 -0 -0 1 0 2
1 74.440504168890996 8.978404038651 100 0 0 1 
1 74.980000000000004 0 115 0 0 -1 
2 72.980000000000004 7.6120484580459999 115 -0 0 1 0 -1 0 1 0 0 2
2 0 0 115 0 0 1 1 0 -0 -0 1 0 74.980000000000004
2 0 0 115 0 0 1 1 0 -0 -0 1 0 74.980000000000004
2 72.980000000000004 -7.6120484580459999 115 -0 -0 -1 0 -1 0 -1 0 0 2
1 74.980000000000004 -1.836480340001e-14 99.799999999999997 0 0 1 
1 37 -9.6120484580460008 100 1 0 0 
2 72.980000000000004 -7.6120484580459999 100 -0 -0 -1 0 -1 0 -1 0 0 2
2 0 0 100 0 0 1 1 0 -0 -0 1 0 74.980000000000004
2 0 0 100 0 0 1 1 0 -0 -0 1 0 74.980000000000004
2 72.980000000000004 7.6120484580459999 100 -0 0 1 0 -1 0 1 0 0 2
1 37 9.6120484580460008 100 1 0 0 
1 37 9.6120484580460008 100 1 0 0 
2 0 0 100 0 0 1 1 0 -0 -0 1 0 41
2 0 0 100 0 0 1 1 0 -0 -0 1 0 41
1 37 -9.6120484580460008 100 1 0 0 
1 41.402419381093999 -9.6120484580460008 100 0 0 1 
1 41.402419381093999 9.6120484580460008 100 0 0 1 
2 0 0 100 0 0 1 1 0 -0 -0 1 0 41
7 0 0  5 18 5  37.533432159686001 13.720111891462 100  37.635707254022002 13.702167302084 100  37.738639475318998 13.677265922349999 100  37.841354494758001 13.645071619129 100  37.942820379376997 13.605460989118001 100  38.141267385870997 13.511724545051999 100  38.238245720850998 13.457587389167999 100  38.331906755810998 13.396370446679001 100  38.421230235909 13.328548898677999 100  38.589232789528999 13.181430901004999 100  38.667953702726003 13.102180797003999 100  38.740751184800999 13.017797918675999 100  38.807025864878 12.929218598061 100  38.926351661719004 12.744980865514 100  38.979303626643997 12.649275033071 100  39.025011501554999 12.551326065505 100  39.063460246717 12.452186243009001 100  39.094870331867 12.352777571644999 100 
 0 6 0.24990212891300001 4 0.49999999980600002 4 0.74909775361200004 4 1 6
2 37.879060832962999 15.690020726968999 100 0 0 1 0.92387953251127652 0.38268343236511454 -0 -0.38268343236511454 0.92387953251127652 0 2
7 0 0  5 18 5  36.378980708671001 18.909515133873001 100  36.426871310269 18.817381027877001 100  36.469635830933001 18.720498022832999 100  36.506476053711999 18.619356308572002 100  36.536666958878001 18.514700506073002 100  36.582795276833998 18.300131371258001 100  36.598721988168002 18.190213361047 100  36.607010046989998 18.078628363855 100  36.607416948382003 17.966475428532998 100  36.592649337250002 17.743651549820999 100  36.577537056280001 17.632975535606001 100  36.554749016812004 17.523885440691 100  36.524664709389 17.417426229221 100  36.450838895551001 17.210709183245999 100  36.406999480723002 17.110501286049001 100  36.356976932366997 17.014683987339001 100  36.301597874313998 16.923908603350998 100  36.241728558410003 16.838560244229001 100 
 0 6 0.24990212891300001 4 0.49999999980600002 4 0.74909775361200004 4 1 6
2 0 0 100 0 0 1 1 0 -0 -0 1 0 41
2 0 0 100 0 0 1 1 0 -0 -0 1 0 41
1 32.959695549679999 19.366206258125001 100 0.70710678118654757 0.70710678118654757 0 
2 32.959695549679999 22.194633382871 100 -0 0 1 0.70710678118654757 -0.70710678118654757 0 0.70710678118654757 0.70710678118654757 0 2
1 32.959695549679999 19.366206258125001 100 -0.70710678118654757 0.70710678118654757 0 
2 22.194633382871 32.959695549679999 100 0 -0 -1 0.70710678118654757 -0.70710678118654757 0 -0.70710678118654757 -0.70710678118654757 0 2
1 19.366206258125001 32.959695549679999 100 0.70710678118654757 0.70710678118654757 0 
2 0 0 100 0 0 1 1 0 -0 -0 1 0 41
2 0 0 100 0 0 1 1 0 -0 -0 1 0 41
7 0 0  5 18 5  16.838560244229001 36.241728558410003 100  16.923568397814002 36.301359230327002 100  17.013960403967001 36.356535367538001 100  17.109355700864999 36.406401044189998 100  17.209111861025999 36.450139314174997 100  17.415716760268001 36.524180862929001 100  17.522571548599998 36.554474151181999 100  17.632086816710999 36.577415588977999 100  17.743205131709001 36.592619750973 100  17.966029010420002 36.607387362105001 100  18.077731387911999 36.607013167699002 100  18.188874686622 36.598821055445001 100  18.298373000605 36.583049292868999 100  18.513024830755999 36.537149622950999 100  18.618141767350998 36.506918073306998 100  18.719722494831 36.469978042434001 100  18.817012304035 36.427062970093999 100  18.909515133873001 36.378980708671001 100 
 0 6 0.24990212891300001 4 0.49999999980600002 4 0.74909775361200004 4 1 6
2 15.690020726968999 37.879060832962999 100 0 0 1 0.38268343236511454 0.92387953251127652 -0 -0.92387953251127652 0.38268343236511454 0 2
7 0 0  5 18 5  12.352777571644999 39.094870331867 100  12.451789991919 39.063585449884002 100  12.550535704323 39.025317902590999 100  12.648103667685 38.979849881923997 100  12.743454689095 38.927195248059 100  12.927795625788001 38.808089604229998 100  13.016781281768999 38.741627719420997 100  13.101544332557999 38.668585753823997 100  13.181136156388 38.589569375460997 100  13.328254154061 38.421566821840997 100  13.395827917875 38.332621065322002 100  13.456852686512001 38.239369142209 100  13.510857899076001 38.142818294073003 100  13.604826190480001 37.944444535484998 100  13.644684726608 37.842587704339998 100  13.677066505126 37.739463359513003 100  13.702095487224 37.636116562444997 100  13.720111891462 37.533432159686001 100 
 0 6 0.24990212891300001 4 0.49999999980600002 4 0.74909775361200004 4 1 6
2 0 0 100 0 0 1 1 0 -0 -0 1 0 41
2 0 0 100 0 0 1 1 0 -0 -0 1 0 41
1 9.6120484580460008 37 100 1.110223024625e-16 1 0 
2 7.6120484580459999 39 100 -0 0 1 1 -1.110223024625e-16 0 1.110223024625e-16 1 0 2
1 9.6120484580460008 37 100 -1 1.110223024625e-16 0 
2 -7.6120484580459999 39 100 0 -0 -1 1 -1.110223024625e-16 0 -1.110223024625e-16 -1 0 2
1 -9.6120484580460008 37 100 1.110223024625e-16 1 0 
2 0 0 100 0 0 1 1 0 -0 -0 1 0 41
2 0 0 100 0 0 1 1 0 -0 -0 1 0 41
7 0 0  5 18 5  -13.720111891449999 37.533432159687997 100  -13.70216730207 37.635707254023004 100  -13.67726592234 37.738639475321001 100  -13.645071619119999 37.841354494759997 100  -13.605460989099999 37.942820379379 100  -13.51172454504 38.141267385873 100  -13.45758738915 38.238245720853001 100  -13.39637044667 38.331906755813002 100  -13.328548898659999 38.421230235911999 100  -13.18143090099 38.589232789531998 100  -13.10218079699 38.667953702729001 100  -13.017797918659999 38.740751184803997 100  -12.929218598049999 38.807025864880998 100  -12.744980865500001 38.926351661722002 100  -12.64927503306 38.979303626647003 100  -12.551326065490001 39.025011501557998 100  -12.452186242990001 39.063460246719998 100  -12.35277757163 39.094870331869998 100 
 0 6 0.24990212891300001 4 0.49999999980600002 4 0.74909775361200004 4 1 6
2 -15.69002072696 37.879060832962999 100 0 0 1 -0.38268343236511454 0.92387953251127652 0 -0.92387953251127652 -0.38268343236511454 0 2
7 0 0  5 18 5  -18.909515133860001 36.378980708672998 100  -18.817381027869999 36.426871310271999 100  -18.720498022819999 36.469635830935999 100  -18.61935630856 36.506476053714998 100  -18.514700506059999 36.536666958881 100  -18.30013137125 36.582795276836997 100  -18.190213361040001 36.598721988171 100  -18.07862836384 36.607010046992997 100  -17.966475428519999 36.607416948385001 100  -17.74365154981 36.592649337253 100  -17.6329755356 36.577537056282999 100  -17.523885440680001 36.554749016814 100  -17.417426229210001 36.524664709390997 100  -17.210709183230001 36.450838895552998 100  -17.110501286040002 36.406999480724998 100  -17.014683987329999 36.356976932367999 100  -16.923908603339999 36.301597874315 100  -16.838560244220002 36.241728558411999 100 
 0 6 0.24990212891300001 4 0.49999999980600002 4 0.74909775361200004 4 1 6
2 0 0 100 0 0 1 1 0 -0 -0 1 0 41
2 0 0 100 0 0 1 1 0 -0 -0 1 0 41
1 -19.366206258119998 32.959695549679999 100 -0.70710678118654757 0.70710678118654757 0 
2 -22.194633382869998 32.959695549679999 100 0 -0 1 0.70710678118654757 0.70710678118654757 0 -0.70710678118654757 0.70710678118654757 0 2
1 -19.366206258119998 32.959695549679999 100 -0.70710678118654757 -0.70710678118654757 0 
2 -32.959695549679999 22.194633382871 100 0 0 -1 0.70710678118654757 0.70710678118654757 0 0.70710678118654757 -0.70710678118654757 0 2
1 -32.959695549679999 19.366206258125001 100 -0.70710678118654757 0.70710678118654757 0 
2 0 0 100 0 0 1 1 0 -0 -0 1 0 41
2 0 0 100 0 0 1 1 0 -0 -0 1 0 41
7 0 0  5 18 5  -36.241728558399998 16.838560244229999 100  -36.301359230320003 16.923568397815998 100  -36.35653536753 17.013960403969001 100  -36.406401044180001 17.109355700866999 100  -36.450139314170002 17.209111861027999 100  -36.524180862919998 17.415716760270001 100  -36.554474151180003 17.522571548601999 100  -36.577415588969998 17.632086816712 100  -36.592619750970002 17.743205131711001 100  -36.607387362099999 17.966029010422002 100  -36.607013167689999 18.077731387914 100  -36.598821055439998 18.188874686624001 100  -36.583049292859997 18.298373000607999 100  -36.537149622949997 18.513024830759001 100  -36.5069180733 18.618141767354 100  -36.46997804243 18.719722494833 100  -36.427062970089999 18.817012304037998 100  -36.378980708660002 18.909515133875999 100 
 0 6 0.24990212891300001 4 0.49999999980600002 4 0.74909775361200004 4 1 6
2 -37.87906083296 15.690020726968999 100 0 0 1 -0.92387953251127652 0.38268343236511454 0 -0.38268343236511454 -0.92387953251127652 0 2
7 0 0  5 18 5  -39.094870331860001 12.352777571643999 100  -39.063585449880001 12.451789991918 100  -39.025317902589997 12.550535704322 100  -38.979849881920003 12.648103667685 100  -38.927195248049998 12.743454689095 100  -38.808089604229998 12.927795625788001 100  -38.741627719420002 13.016781281768999 100  -38.668585753819997 13.101544332557999 100  -38.589569375460002 13.181136156388 100  -38.421566821840003 13.328254154061 100  -38.332621065319998 13.395827917875 100  -38.239369142199997 13.456852686512001 100  -38.142818294069997 13.510857899076001 100  -37.944444535480002 13.604826190480001 100  -37.842587704330001 13.644684726608 100  -37.739463359509998 13.677066505126 100  -37.636116562440002 13.702095487224 100  -37.533432159679997 13.720111891462 100 
 0 6 0.24990212891300001 4 0.49999999980600002 4 0.74909775361200004 4 1 6
2 0 0 100 0 0 1 1 0 -0 -0 1 0 41
2 0 0 100 0 0 1 1 0 -0 -0 1 0 41
1 -37 9.6120484580460008 100 -1 1.2246467991469999e-16 0 
2 -39 7.6120484580459999 100 0 -0 1 1.2246467991469999e-16 1 0 -1 1.2246467991469999e-16 0 2
1 -37 9.6120484580460008 100 -1.2246467991469999e-16 -1 0 
2 -39 -7.6120484580459999 100 0 0 -1 1.2246467991469999e-16 1 0 1 -1.2246467991469999e-16 0 2
1 -37 -9.6120484580460008 100 -1 1.2246467991469999e-16 0 
2 0 0 100 0 0 1 1 0 -0 -0 1 0 41
2 0 0 100 0 0 1 1 0 -0 -0 1 0 41
7 0 0  5 18 5  -37.533432159679997 -13.720111891449999 100  -37.635707254019998 -13.70216730207 100  -37.738639475319999 -13.67726592234 100  -37.84135449475 -13.645071619119999 100  -37.942820379369998 -13.605460989099999 100  -38.141267385870002 -13.51172454504 100  -38.238245720850003 -13.45758738915 100  -38.331906755810003 -13.39637044667 100  -38.421230235910002 -13.328548898659999 100  -38.589232789530001 -13.18143090099 100  -38.667953702719998 -13.10218079699 100  -38.740751184799997 -13.017797918659999 100  -38.807025864880003 -12.929218598049999 100  -38.926351661719998 -12.744980865500001 100  -38.979303626639997 -12.64927503306 100  -39.025011501549997 -12.551326065490001 100  -39.063460246719998 -12.452186242990001 100  -39.094870331869998 -12.35277757163 100 
 0 6 0.24990212891300001 4 0.49999999980600002 4 0.74909775361200004 4 1 6
2 -37.87906083296 -15.69002072696 100 0 0 1 -0.92387953251127652 -0.38268343236511454 0 0.38268343236511454 -0.92387953251127652 0 2
7 0 0  5 18 5  -36.378980708669999 -18.909515133869998 100  -36.426871310270002 -18.817381027869999 100  -36.469635830930002 -18.72049802283 100  -36.506476053710003 -18.61935630856 100  -36.536666958879998 -18.514700506059999 100  -36.582795276829998 -18.30013137125 100  -36.598721988169999 -18.190213361040001 100  -36.607010046989998 -18.078628363850001 100  -36.607416948379999 -17.966475428519999 100  -36.592649337250002 -17.74365154981 100  -36.577537056280001 -17.6329755356 100  -36.55474901681 -17.523885440680001 100  -36.524664709390002 -17.417426229210001 100  -36.45083889555 -17.210709183239999 100  -36.406999480720003 -17.110501286040002 100  -36.356976932359999 -17.014683987329999 100  -36.301597874309998 -16.923908603339999 100  -36.241728558399998 -16.838560244220002 100 
 0 6 0.24990212891300001 4 0.49999999980600002 4 0.74909775361200004 4 1 6
2 0 0 100 0 0 1 1 0 -0 -0 1 0 41
2 0 0 100 0 0 1 1 0 -0 -0 1 0 41
1 -32.959695549679999 -19.366206258119998 100 -0.70710678118654757 -0.70710678118654757 0 
2 -32.959695549679999 -22.194633382869998 100 0 0 1 -0.70710678118654757 0.70710678118654757 0 -0.70710678118654757 -0.70710678118654757 0 2
1 -32.959695549679999 -19.366206258119998 100 0.70710678118654757 -0.70710678118654757 0 
2 -22.194633382869998 -32.959695549679999 100 0 0 -1 -0.70710678118654757 0.70710678118654757 0 0.70710678118654757 0.70710678118654757 0 2
1 -19.366206258119998 -32.959695549679999 100 -0.70710678118654757 -0.70710678118654757 0 
2 0 0 100 0 0 1 1 0 -0 -0 1 0 41
2 0 0 100 0 0 1 1 0 -0 -0 1 0 41
7 0 0  5 18 5  -16.838560244220002 -36.241728558399998 100  -16.9235683978 -36.301359230320003 100  -17.013960403959999 -36.35653536753 100  -17.10935570086 -36.406401044189998 100  -17.209111861019998 -36.450139314170002 100  -17.41571676026 -36.524180862930002 100  -17.522571548590001 -36.554474151180003 100  -17.632086816699999 -36.577415588969998 100  -17.743205131700002 -36.592619750970002 100  -17.966029010410001 -36.607387362099999 100  -18.077731387899998 -36.607013167700003 100  -18.188874686609999 -36.598821055439998 100  -18.298373000600002 -36.583049292870001 100  -18.513024830749998 -36.537149622949997 100  -18.618141767339999 -36.5069180733 100  -18.719722494820001 -36.46997804243 100  -18.817012304030001 -36.427062970089999 100  -18.909515133869998 -36.378980708669999 100 
 0 6 0.24990212891300001 4 0.49999999980600002 4 0.74909775361200004 4 1 6
2 -15.69002072696 -37.87906083296 100 0 0 1 -0.38268343236511454 -0.92387953251127652 0 0.92387953251127652 -0.38268343236511454 0 2
7 0 0  5 18 5  -12.35277757163 -39.094870331869998 100  -12.4517899919 -39.063585449880001 100  -12.550535704310001 -39.025317902589997 100  -12.64810366767 -38.979849881920003 100  -12.74345468908 -38.927195248060002 100  -12.927795625770001 -38.808089604229998 100  -13.016781281749999 -38.741627719420002 100  -13.10154433254 -38.668585753819997 100  -13.18113615637 -38.589569375460002 100  -13.328254154050001 -38.421566821840003 100  -13.39582791786 -38.332621065319998 100  -13.4568526865 -38.239369142210002 100  -13.510857899059999 -38.142818294069997 100  -13.60482619047 -37.944444535480002 100  -13.64468472659 -37.842587704339998 100  -13.67706650511 -37.739463359509998 100  -13.70209548721 -37.636116562440002 100  -13.720111891449999 -37.533432159679997 100 
 0 6 0.24990212891300001 4 0.49999999980600002 4 0.74909775361200004 4 1 6
2 0 0 100 0 0 1 1 0 -0 -0 1 0 41
2 0 0 100 0 0 1 1 0 -0 -0 1 0 41
1 -9.6120484580460008 -37 100 -2.22044604925e-16 -1 0 
2 -7.6120484580459999 -39 100 0 0 1 -1 2.22044604925e-16 0 -2.22044604925e-16 -1 0 2
1 -9.6120484580460008 -37 100 1 -2.22044604925e-16 0 
2 7.6120484580449999 -39 100 0 0 -1 -1 2.22044604925e-16 0 2.22044604925e-16 1 0 2
1 9.6120484580450007 -37 100 -2.22044604925e-16 -1 0 
2 0 0 100 0 0 1 1 0 -0 -0 1 0 41
2 0 0 100 0 0 1 1 0 -0 -0 1 0 41
7 0 0  5 18 5  13.720111891462 -37.533432159679997 100  13.702167302084 -37.635707254019998 100  13.677265922349999 -37.738639475310002 100  13.645071619129 -37.84135449475 100  13.605460989118001 -37.942820379369998 100  13.511724545051999 -38.141267385870002 100  13.457587389167999 -38.238245720850003 100  13.396370446679001 -38.331906755810003 100  13.328548898678999 -38.421230235899998 100  13.181430901004999 -38.589232789519997 100  13.102180797003999 -38.667953702719998 100  13.017797918675999 -38.740751184799997 100  12.929218598061 -38.807025864869999 100  12.744980865514 -38.926351661710001 100  12.649275033069999 -38.979303626639997 100  12.551326065505 -39.025011501549997 100  12.452186243008001 -39.063460246710001 100  12.352777571643999 -39.094870331860001 100 
 0 6 0.24990212891300001 4 0.49999999980600002 4 0.74909775361200004 4 1 6
2 15.690020726968999 -37.87906083296 100 0 0 1 0.38268343236511454 -0.92387953251127652 0 0.92387953251127652 0.38268343236511454 -0 2
7 0 0  5 18 5  18.909515133875999 -36.378980708660002 100  18.817381027879001 -36.426871310259997 100  18.720498022834999 -36.469635830930002 100  18.619356308574002 -36.506476053710003 100  18.514700506074998 -36.536666958870001 100  18.300131371260001 -36.582795276829998 100  18.190213361049 -36.598721988160001 100  18.078628363857 -36.607010046980001 100  17.966475428534 -36.607416948379999 100  17.743651549822999 -36.592649337239997 100  17.632975535608001 -36.577537056270003 100  17.523885440693 -36.55474901681 100  17.417426229221999 -36.524664709379998 100  17.210709183247001 -36.450838895540002 100  17.110501286049999 -36.406999480720003 100  17.01468398734 -36.356976932359999 100  16.923908603352 -36.301597874309998 100  16.838560244229999 -36.241728558399998 100 
 0 6 0.24990212891300001 4 0.49999999980600002 4 0.74909775361200004 4 1 6
2 0 0 100 0 0 1 1 0 -0 -0 1 0 41
2 0 0 100 0 0 1 1 0 -0 -0 1 0 41
1 19.366206258125001 -32.959695549679999 100 0.70710678118654757 -0.70710678118654757 0 
2 22.194633382871 -32.959695549679999 100 0 0 1 -0.70710678118654757 -0.70710678118654757 0 0.70710678118654757 -0.70710678118654757 0 2
1 19.366206258125001 -32.959695549679999 100 0.70710678118654757 0.70710678118654757 0 
2 32.959695549679999 -22.194633382869998 100 -0 0 -1 -0.70710678118654757 -0.70710678118654757 0 -0.70710678118654757 0.70710678118654757 0 2
1 32.959695549679999 -19.366206258119998 100 0.70710678118654757 -0.70710678118654757 0 
2 0 0 100 0 0 1 1 0 -0 -0 1 0 41
2 0 0 100 0 0 1 1 0 -0 -0 1 0 41
7 0 0  5 18 5  36.241728558411999 -16.838560244220002 100  36.301359230328003 -16.9235683978 100  36.356535367539998 -17.013960403959999 100  36.406401044191 -17.109355700849999 100  36.450139314177001 -17.209111861010001 100  36.524180862931999 -17.41571676026 100  36.554474151184998 -17.522571548590001 100  36.577415588980003 -17.632086816699999 100  36.592619750974997 -17.743205131700002 100  36.607387362108 -17.966029010410001 100  36.607013167700998 -18.077731387899998 100  36.598821055447999 -18.188874686609999 100  36.583049292871998 -18.298373000590001 100  36.537149622953997 -18.513024830749998 100  36.506918073309997 -18.618141767339999 100  36.469978042436999 -18.719722494820001 100  36.427062970096998 -18.817012304030001 100  36.378980708672998 -18.909515133860001 100 
 0 6 0.24990212891399999 4 0.49999999980600002 4 0.74909775361200004 4 1 6
2 37.879060832962999 -15.69002072696 100 0 0 1 0.92387953251127652 -0.38268343236511454 0 0.38268343236511454 0.92387953251127652 -0 2
7 0 0  5 18 5  39.094870331869998 -12.35277757163 100  39.063585449887 -12.4517899919 100  39.025317902594999 -12.550535704310001 100  38.979849881927002 -12.64810366767 100  38.927195248061999 -12.74345468908 100  38.808089604232997 -12.927795625770001 100  38.741627719424002 -13.016781281749999 100  38.668585753826001 -13.10154433254 100  38.589569375464002 -13.18113615637 100  38.421566821843001 -13.328254154050001 100  38.332621065323998 -13.39582791786 100  38.239369142210997 -13.4568526865 100  38.142818294074999 -13.510857899059999 100  37.944444535487001 -13.60482619047 100  37.842587704342002 -13.64468472659 100  37.739463359515 -13.67706650511 100  37.636116562447 -13.70209548721 100  37.533432159687997 -13.720111891449999 100 
 0 6 0.24990212891300001 4 0.49999999980600002 4 0.74909775361200004 4 1 6
2 0 0 100 0 0 1 1 0 -0 -0 1 0 41
2 41.402419381093999 -11.61204845804 100 0 0 1 0 -1 0 1 0 -0 2
1 37 -9.6120484580460008 100 1 0 0 
2 39 -7.6120484580459999 100 -0 0 1 0 -1 0 1 0 0 2
1 37 -9.6120484580460008 100 0 1 0 
2 39 7.6120484580459999 100 -0 -0 -1 0 -1 0 -1 0 0 2
1 37 9.6120484580460008 100 1 0 0 
2 41.402419381093999 11.612048458046001 100 -0 -0 -1 0 -1 0 -1 0 0 2
2 0 0 100 0 0 1 1 0 -0 -0 1 0 20
1 37 -9.6120484580460008 115 1 0 0 
2 0 0 115 0 0 1 1 0 -0 -0 1 0 41
2 0 0 115 0 0 1 1 0 -0 -0 1 0 41
1 37 9.6120484580460008 115 1 0 0 
1 39.476725456392003 -11.07195318092 100 0 0 1 
2 41.402419381093999 -11.61204845804 115 0 0 1 0 -1 0 1 0 -0 2
2 41.402419381093999 11.612048458046001 115 -0 -0 -1 0 -1 0 -1 0 0 2
1 39.476725456392003 11.071953180928 100 0 0 1 
2 0 0 115 0 0 1 1 0 -0 -0 1 0 41
7 0 0  2 5 4  39.094870331867 12.352777571644999 99.081999999999994  39.094870331867 12.352777571644999 99.540999999999997  39.094870331867 12.352777571644999 107.5  39.094870331867 12.352777571644999 115.459  39.094870331867 12.352777571644999 115.91800000000001 
 -0.91800000000000004 3 2.630404574711e-14 1 15 1 15.917999999999999 3
7 0 0  5 18 5  37.533432159686001 13.720111891462 115  37.635707254022002 13.702167302084 115  37.738639475318998 13.677265922349999 115  37.841354494758001 13.645071619129 115  37.942820379376997 13.605460989118001 115  38.141267385870997 13.511724545051999 115  38.238245720850998 13.457587389167999 115  38.331906755810998 13.396370446679001 115  38.421230235909 13.328548898677999 115  38.589232789528999 13.181430901004999 115  38.667953702726003 13.102180797003999 115  38.740751184800999 13.017797918675999 115  38.807025864878 12.929218598061 115  38.926351661719004 12.744980865514 115  38.979303626643997 12.649275033071 115  39.025011501554999 12.551326065505 115  39.063460246717 12.452186243009001 115  39.094870331867 12.352777571644999 115 
 0 6 0.24990212891399999 4 0.49999999980600002 4 0.74909775361200004 4 1 6
7 0 0  2 5 4  37.533432159686001 13.720111891462 99.081999999999994  37.533432159686001 13.720111891462 99.540999999999997  37.533432159686001 13.720111891462 107.5  37.533432159686001 13.720111891462 115.459  37.533432159686001 13.720111891462 115.91800000000001 
 -0.91800000000000004 3 2.630404574711e-14 1 15 1 15.917999999999999 3
2 37.879060832962999 15.690020726968999 115 0 0 1 0.92387953251127652 0.38268343236511454 -0 -0.38268343236511454 0.92387953251127652 0 2
7 0 0  2 5 4  36.241728558410003 16.838560244229001 99.081999999999994  36.241728558410003 16.838560244229001 99.540999999999997  36.241728558410003 16.838560244229001 107.5  36.241728558410003 16.838560244229001 115.459  36.241728558410003 16.838560244229001 115.91800000000001 
 -0.91800000000000004 3 2.6572927885879999e-14 1 15 1 15.917999999999999 3
7 0 0  5 18 5  36.378980708671001 18.909515133873001 115  36.426871310269 18.817381027877001 115  36.469635830933001 18.720498022832999 115  36.506476053711999 18.619356308572002 115  36.536666958878001 18.514700506073002 115  36.582795276833998 18.300131371258001 115  36.598721988168002 18.190213361047 115  36.607010046989998 18.078628363855 115  36.607416948382003 17.966475428532998 115  36.592649337250002 17.743651549820999 115  36.577537056280001 17.632975535606001 115  36.554749016812004 17.523885440691 115  36.524664709389 17.417426229221 115  36.450838895551001 17.210709183245999 115  36.406999480723002 17.110501286049001 115  36.356976932366997 17.014683987339001 115  36.301597874313998 16.923908603350998 115  36.241728558410003 16.838560244229001 115 
 0 6 0.24990212891300001 4 0.49999999980600002 4 0.74909775361200004 4 1 6
7 0 0  2 5 4  36.378980708671001 18.909515133873001 99.081999999999994  36.378980708671001 18.909515133873001 99.540999999999997  36.378980708671001 18.909515133873001 107.5  36.378980708671001 18.909515133873001 115.459  36.378980708671001 18.909515133873001 115.91800000000001 
 -0.91800000000000004 3 2.6572927885879999e-14 1 15 1 15.917999999999999 3
2 0 0 115 0 0 1 1 0 -0 -0 1 0 41
1 35.743313444468001 20.085207094040999 100 0 0 1 
1 32.959695549679999 19.366206258125001 100 0.70710678118654757 0.70710678118654757 0 
2 56.987183974399002 46.22212180759 100 0 -0 -1 0.70710678118654757 -0.70710678118654757 0 -0.70710678118654757 -0.70710678118654757 0 2
2 0 0 100 0 0 1 1 0 -0 -0 1 0 74.980000000000004
2 0 0 100 0 0 1 1 0 -0 -0 1 0 74.980000000000004
2 46.22212180759 56.987183974399002 100 -0 0 1 0.70710678118654757 -0.70710678118654757 0 0.70710678118654757 0.70710678118654757 0 2
1 19.366206258125001 32.959695549679999 100 0.70710678118654757 0.70710678118654757 0 
2 21.06497329375 37.486889710051997 100 0 0 1 0 -1 0 1 0 -0 2
2 0 0 100 0 0 1 1 0 -0 -0 1 0 41
2 37.486889710051997 21.06497329375 100 -0 -0 -1 0 -1 0 -1 0 0 2
2 0 0 115 0 0 1 1 0 -0 -0 1 0 41
1 20.085207094040999 35.743313444468001 100 0 0 1 
7 0 0  2 5 4  18.909515133873001 36.378980708671001 99.081999999999994  18.909515133873001 36.378980708671001 99.540999999999997  18.909515133873001 36.378980708671001 107.5  18.909515133873001 36.378980708671001 115.459  18.909515133873001 36.378980708671001 115.91800000000001 
 -0.91800000000000004 3 2.6399455538279999e-14 1 15 1 15.917999999999999 3
7 0 0  5 18 5  16.838560244229001 36.241728558410003 115  16.923568397814002 36.301359230327002 115  17.013960403967001 36.356535367538001 115  17.109355700864999 36.406401044189998 115  17.209111861025999 36.450139314174997 115  17.415716760268001 36.524180862929001 115  17.522571548599998 36.554474151181999 115  17.632086816710999 36.577415588977999 115  17.743205131709001 36.592619750973 115  17.966029010420002 36.607387362105001 115  18.077731387911999 36.607013167699002 115  18.188874686622 36.598821055445001 115  18.298373000605 36.583049292868999 115  18.513024830755999 36.537149622950999 115  18.618141767350998 36.506918073306998 115  18.719722494831 36.469978042434001 115  18.817012304035 36.427062970093999 115  18.909515133873001 36.378980708671001 115 
 0 6 0.24990212891300001 4 0.49999999980600002 4 0.74909775361200004 4 1 6
7 0 0  2 5 4  16.838560244229001 36.241728558410003 99.081999999999994  16.838560244229001 36.241728558410003 99.540999999999997  16.838560244229001 36.241728558410003 107.5  16.838560244229001 36.241728558410003 115.459  16.838560244229001 36.241728558410003 115.91800000000001 
 -0.91800000000000004 3 2.6399455538279999e-14 1 15 1 15.917999999999999 3
2 15.690020726968999 37.879060832962999 115 0 0 1 0.38268343236511454 0.92387953251127652 -0 -0.92387953251127652 0.38268343236511454 0 2
7 0 0  2 5 4  13.720111891462 37.533432159686001 99.081999999999994  13.720111891462 37.533432159686001 99.540999999999997  13.720111891462 37.533432159686001 107.5  13.720111891462 37.533432159686001 115.459  13.720111891462 37.533432159686001 115.91800000000001 
 -0.91800000000000004 3 2.6896432842699999e-14 1 15 1 15.917999999999999 3
7 0 0  5 18 5  12.352777571644999 39.094870331867 115  12.451789991919 39.063585449884002 115  12.550535704323 39.025317902590999 115  12.648103667685 38.979849881923997 115  12.743454689095 38.927195248059 115  12.927795625788001 38.808089604229998 115  13.016781281768999 38.741627719420997 115  13.101544332557999 38.668585753823997 115  13.181136156388 38.589569375460997 115  13.328254154061 38.421566821840997 115  13.395827917875 38.332621065322002 115  13.456852686512001 38.239369142209 115  13.510857899076001 38.142818294073003 115  13.604826190480001 37.944444535484998 115  13.644684726608 37.842587704339998 115  13.677066505126 37.739463359513003 115  13.702095487224 37.636116562444997 115  13.720111891462 37.533432159686001 115 
 0 6 0.24990212891300001 4 0.49999999980600002 4 0.74909775361200004 4 1 6
7 0 0  2 5 4  12.352777571644999 39.094870331867 99.081999999999994  12.352777571644999 39.094870331867 99.540999999999997  12.352777571644999 39.094870331867 107.5  12.352777571644999 39.094870331867 115.459  12.352777571644999 39.094870331867 115.91800000000001 
 -0.91800000000000004 3 2.6896432842699999e-14 1 15 1 15.917999999999999 3
2 0 0 115 0 0 1 1 0 -0 -0 1 0 41
1 11.071953180928 39.476725456392003 100 0 0 1 
1 9.6120484580460008 37 100 1.110223024625e-16 1 0 
2 7.6120484580459999 72.980000000000004 100 0 -0 -1 1 -1.110223024625e-16 0 -1.110223024625e-16 -1 0 2
2 0 0 100 0 0 1 1 0 -0 -0 1 0 74.980000000000004
2 0 0 100 0 0 1 1 0 -0 -0 1 0 74.980000000000004
2 -7.6120484580449999 72.980000000000004 100 -0 0 1 1 -1.110223024625e-16 0 1.110223024625e-16 1 0 2
1 -9.6120484580460008 37 100 1.110223024625e-16 1 0 
2 -11.61204845804 41.402419381093999 100 0 0 1 0 -1 0 1 0 -0 2
2 0 0 100 0 0 1 1 0 -0 -0 1 0 41
2 11.612048458046001 41.402419381093999 100 -0 -0 -1 0 -1 0 -1 0 0 2
2 0 0 115 0 0 1 1 0 -0 -0 1 0 41
1 -11.07195318092 39.476725456392003 100 0 0 1 
7 0 0  2 5 4  -12.35277757163 39.094870331869998 99.081999999999994  -12.35277757163 39.094870331869998 99.540999999999997  -12.35277757163 39.094870331869998 107.5  -12.35277757163 39.094870331869998 115.459  -12.35277757163 39.094870331869998 115.91800000000001 
 -0.91800000000000004 3 2.6243764106320001e-14 1 15 1 15.917999999999999 3
7 0 0  5 18 5  -13.720111891449999 37.533432159687997 115  -13.70216730207 37.635707254023004 115  -13.67726592234 37.738639475321001 115  -13.645071619119999 37.841354494759997 115  -13.605460989099999 37.942820379379 115  -13.51172454504 38.141267385873 115  -13.45758738915 38.238245720853001 115  -13.39637044667 38.331906755813002 115  -13.328548898659999 38.421230235911999 115  -13.18143090099 38.589232789531998 115  -13.10218079699 38.667953702729001 115  -13.017797918659999 38.740751184803997 115  -12.929218598049999 38.807025864880998 115  -12.744980865500001 38.926351661722002 115  -12.64927503306 38.979303626647003 115  -12.551326065490001 39.025011501557998 115  -12.452186242990001 39.063460246719998 115  -12.35277757163 39.094870331869998 115 
 0 6 0.24990212891300001 4 0.49999999980600002 4 0.74909775361200004 4 1 6
7 0 0  2 5 4  -13.720111891449999 37.533432159687997 99.081999999999994  -13.720111891449999 37.533432159687997 99.540999999999997  -13.720111891449999 37.533432159687997 107.5  -13.720111891449999 37.533432159687997 115.459  -13.720111891449999 37.533432159687997 115.91800000000001 
 -0.91800000000000004 3 2.6243764106320001e-14 1 15 1 15.917999999999999 3
2 -15.69002072696 37.879060832962999 115 0 0 1 -0.38268343236511454 0.92387953251127652 0 -0.92387953251127652 -0.38268343236511454 0 2
7 0 0  2 5 4  -16.838560244220002 36.241728558411999 99.081999999999994  -16.838560244220002 36.241728558411999 99.540999999999997  -16.838560244220002 36.241728558411999 107.5  -16.838560244220002 36.241728558411999 115.459  -16.838560244220002 36.241728558411999 115.91800000000001 
 -0.91800000000000004 3 2.6297277005830001e-14 1 15 1 15.917999999999999 3
7 0 0  5 18 5  -18.909515133860001 36.378980708672998 115  -18.817381027869999 36.426871310271999 115  -18.720498022819999 36.469635830935999 115  -18.61935630856 36.506476053714998 115  -18.514700506059999 36.536666958881 115  -18.30013137125 36.582795276836997 115  -18.190213361040001 36.598721988171 115  -18.07862836384 36.607010046992997 115  -17.966475428519999 36.607416948385001 115  -17.74365154981 36.592649337253 115  -17.6329755356 36.577537056282999 115  -17.523885440680001 36.554749016814 115  -17.417426229210001 36.524664709390997 115  -17.210709183230001 36.450838895552998 115  -17.110501286040002 36.406999480724998 115  -17.014683987329999 36.356976932367999 115  -16.923908603339999 36.301597874315 115  -16.838560244220002 36.241728558411999 115 
 0 6 0.24990212891300001 4 0.49999999980600002 4 0.74909775361200004 4 1 6
7 0 0  2 5 4  -18.909515133860001 36.378980708672998 99.081999999999994  -18.909515133860001 36.378980708672998 99.540999999999997  -18.909515133860001 36.378980708672998 107.5  -18.909515133860001 36.378980708672998 115.459  -18.909515133860001 36.378980708672998 115.91800000000001 
 -0.91800000000000004 3 2.6297277005830001e-14 1 15 1 15.917999999999999 3
2 0 0 115 0 0 1 1 0 -0 -0 1 0 41
1 -20.08520709403 35.743313444469997 100 0 0 1 
1 -19.366206258119998 32.959695549679999 100 -0.70710678118654757 0.70710678118654757 0 
2 -46.22212180759 56.987183974399002 100 0 0 -1 0.70710678118654757 0.70710678118654757 0 0.70710678118654757 -0.70710678118654757 0 2
2 0 0 100 0 0 1 1 0 -0 -0 1 0 74.980000000000004
2 0 0 100 0 0 1 1 0 -0 -0 1 0 74.980000000000004
2 -56.98718397439 46.22212180759 100 0 -0 1 0.70710678118654757 0.70710678118654757 0 -0.70710678118654757 0.70710678118654757 0 2
1 -32.959695549679999 19.366206258125001 100 -0.70710678118654757 0.70710678118654757 0 
2 -37.486889710050001 21.06497329375 100 0 0 1 0 -1 0 1 0 -0 2
2 0 0 100 0 0 1 1 0 -0 -0 1 0 41
2 -21.06497329374 37.486889710052999 100 -0 -0 -1 0 -1 0 -1 0 0 2
2 0 0 115 0 0 1 1 0 -0 -0 1 0 41
1 -35.74331344446 20.085207094040999 100 0 0 1 
7 0 0  2 5 4  -36.378980708660002 18.909515133875999 99.081999999999994  -36.378980708660002 18.909515133875999 99.540999999999997  -36.378980708660002 18.909515133875999 107.5  -36.378980708660002 18.909515133875999 115.459  -36.378980708660002 18.909515133875999 115.91800000000001 
 -0.91800000000000004 3 2.6458436136470001e-14 1 15 1 15.917999999999999 3
7 0 0  5 18 5  -36.241728558399998 16.838560244229999 115  -36.301359230320003 16.923568397815998 115  -36.35653536753 17.013960403969001 115  -36.406401044180001 17.109355700866999 115  -36.450139314170002 17.209111861027999 115  -36.524180862919998 17.415716760270001 115  -36.554474151180003 17.522571548601999 115  -36.577415588969998 17.632086816712 115  -36.592619750970002 17.743205131711001 115  -36.607387362099999 17.966029010422002 115  -36.607013167689999 18.077731387914 115  -36.598821055439998 18.188874686624001 115  -36.583049292859997 18.298373000607999 115  -36.537149622949997 18.513024830759001 115  -36.5069180733 18.618141767354 115  -36.46997804243 18.719722494833 115  -36.427062970089999 18.817012304037998 115  -36.378980708660002 18.909515133875999 115 
 0 6 0.24990212891300001 4 0.49999999980600002 4 0.74909775361200004 4 1 6
7 0 0  2 5 4  -36.241728558399998 16.838560244229999 99.081999999999994  -36.241728558399998 16.838560244229999 99.540999999999997  -36.241728558399998 16.838560244229999 107.5  -36.241728558399998 16.838560244229999 115.459  -36.241728558399998 16.838560244229999 115.91800000000001 
 -0.91800000000000004 3 2.6458436136470001e-14 1 15 1 15.917999999999999 3
2 -37.87906083296 15.690020726968999 115 0 0 1 -0.92387953251127652 0.38268343236511454 0 -0.38268343236511454 -0.92387953251127652 0 2
7 0 0  2 5 4  -37.533432159679997 13.720111891462 99.081999999999994  -37.533432159679997 13.720111891462 99.540999999999997  -37.533432159679997 13.720111891462 107.5  -37.533432159679997 13.720111891462 115.459  -37.533432159679997 13.720111891462 115.91800000000001 
 -0.91800000000000004 3 2.709571865826e-14 1 15 1 15.917999999999999 3
7 0 0  5 18 5  -39.094870331860001 12.352777571643999 115  -39.063585449880001 12.451789991918 115  -39.025317902589997 12.550535704322 115  -38.979849881920003 12.648103667685 115  -38.927195248049998 12.743454689095 115  -38.808089604229998 12.927795625788001 115  -38.741627719420002 13.016781281768999 115  -38.668585753819997 13.101544332557999 115  -38.589569375460002 13.181136156388 115  -38.421566821840003 13.328254154061 115  -38.332621065319998 13.395827917875 115  -38.239369142199997 13.456852686512001 115  -38.142818294069997 13.510857899076001 115  -37.944444535480002 13.604826190480001 115  -37.842587704330001 13.644684726608 115  -37.739463359509998 13.677066505126 115  -37.636116562440002 13.702095487224 115  -37.533432159679997 13.720111891462 115 
 0 6 0.24990212891300001 4 0.49999999980600002 4 0.74909775361200004 4 1 6
7 0 0  2 5 4  -39.094870331860001 12.352777571643999 99.081999999999994  -39.094870331860001 12.352777571643999 99.540999999999997  -39.094870331860001 12.352777571643999 107.5  -39.094870331860001 12.352777571643999 115.459  -39.094870331860001 12.352777571643999 115.91800000000001 
 -0.91800000000000004 3 2.709571865826e-14 1 15 1 15.917999999999999 3
2 0 0 115 0 0 1 1 0 -0 -0 1 0 41
1 -39.47672545639 11.071953180928 100 0 0 1 
1 -37 9.6120484580460008 100 -1 1.2246467991469999e-16 0 
2 -72.980000000000004 7.6120484580459999 100 0 0 -1 1.2246467991469999e-16 1 0 1 -1.2246467991469999e-16 0 2
2 0 0 100 0 0 1 1 0 -0 -0 1 0 74.980000000000004
2 0 0 100 0 0 1 1 0 -0 -0 1 0 74.980000000000004
2 -72.980000000000004 -7.6120484580449999 100 0 -0 1 1.2246467991469999e-16 1 0 -1 1.2246467991469999e-16 0 2
1 -37 -9.6120484580460008 100 -1 1.2246467991469999e-16 0 
2 -41.402419381089999 -11.61204845804 100 0 0 1 0 -1 0 1 0 -0 2
2 0 0 100 0 0 1 1 0 -0 -0 1 0 41
2 -41.402419381089999 11.612048458046001 100 -0 -0 -1 0 -1 0 -1 0 0 2
2 0 0 115 0 0 1 1 0 -0 -0 1 0 41
1 -39.47672545639 -11.07195318092 100 0 0 1 
7 0 0  2 5 4  -39.094870331869998 -12.35277757163 99.081999999999994  -39.094870331869998 -12.35277757163 99.540999999999997  -39.094870331869998 -12.35277757163 107.5  -39.094870331869998 -12.35277757163 115.459  -39.094870331869998 -12.35277757163 115.91800000000001 
 -0.91800000000000004 3 2.621644221157e-14 1 15 1 15.917999999999999 3
7 0 0  5 18 5  -37.533432159679997 -13.720111891449999 115  -37.635707254019998 -13.70216730207 115  -37.738639475319999 -13.67726592234 115  -37.84135449475 -13.645071619119999 115  -37.942820379369998 -13.605460989099999 115  -38.141267385870002 -13.51172454504 115  -38.238245720850003 -13.45758738915 115  -38.331906755810003 -13.39637044667 115  -38.421230235910002 -13.328548898659999 115  -38.589232789530001 -13.18143090099 115  -38.667953702719998 -13.10218079699 115  -38.740751184799997 -13.017797918659999 115  -38.807025864880003 -12.929218598049999 115  -38.926351661719998 -12.744980865500001 115  -38.979303626639997 -12.64927503306 115  -39.025011501549997 -12.551326065490001 115  -39.063460246719998 -12.452186242990001 115  -39.094870331869998 -12.35277757163 115 
 0 6 0.24990212891300001 4 0.49999999980600002 4 0.74909775361200004 4 1 6
7 0 0  2 5 4  -37.533432159679997 -13.720111891449999 99.081999999999994  -37.533432159679997 -13.720111891449999 99.540999999999997  -37.533432159679997 -13.720111891449999 107.5  -37.533432159679997 -13.720111891449999 115.459  -37.533432159679997 -13.720111891449999 115.91800000000001 
 -0.91800000000000004 3 2.621644221157e-14 1 15 1 15.917999999999999 3
2 -37.87906083296 -15.69002072696 115 0 0 1 -0.92387953251127652 -0.38268343236511454 0 0.38268343236511454 -0.92387953251127652 0 2
7 0 0  2 5 4  -36.241728558399998 -16.838560244220002 99.081999999999994  -36.241728558399998 -16.838560244220002 99.540999999999997  -36.241728558399998 -16.838560244220002 107.5  -36.241728558399998 -16.838560244220002 115.459  -36.241728558399998 -16.838560244220002 115.91800000000001 
 -0.91800000000000004 3 2.6458436136470001e-14 1 15 1 15.917999999999999 3
7 0 0  5 18 5  -36.378980708669999 -18.909515133869998 115  -36.426871310270002 -18.817381027869999 115  -36.469635830930002 -18.72049802283 115  -36.506476053710003 -18.61935630856 115  -36.536666958879998 -18.514700506059999 115  -36.582795276829998 -18.30013137125 115  -36.598721988169999 -18.190213361040001 115  -36.607010046989998 -18.078628363850001 115  -36.607416948379999 -17.966475428519999 115  -36.592649337250002 -17.74365154981 115  -36.577537056280001 -17.6329755356 115  -36.55474901681 -17.523885440680001 115  -36.524664709390002 -17.417426229210001 115  -36.45083889555 -17.210709183239999 115  -36.406999480720003 -17.110501286040002 115  -36.356976932359999 -17.014683987329999 115  -36.301597874309998 -16.923908603339999 115  -36.241728558399998 -16.838560244220002 115 
 0 6 0.24990212891300001 4 0.49999999980600002 4 0.74909775361200004 4 1 6
7 0 0  2 5 4  -36.378980708669999 -18.909515133869998 99.081999999999994  -36.378980708669999 -18.909515133869998 99.540999999999997  -36.378980708669999 -18.909515133869998 107.5  -36.378980708669999 -18.909515133869998 115.459  -36.378980708669999 -18.909515133869998 115.91800000000001 
 -0.91800000000000004 3 2.6458436136470001e-14 1 15 1 15.917999999999999 3
2 0 0 115 0 0 1 1 0 -0 -0 1 0 41
1 -35.743313444469997 -20.08520709403 100 0 0 1 
1 -32.959695549679999 -19.366206258119998 100 -0.70710678118654757 -0.70710678118654757 0 
2 -56.98718397439 -46.22212180759 100 0 0 -1 -0.70710678118654757 0.70710678118654757 0 0.70710678118654757 0.70710678118654757 0 2
2 0 0 100 0 0 1 1 0 -0 -0 1 0 74.980000000000004
2 0 0 100 0 0 1 1 0 -0 -0 1 0 74.980000000000004
2 -46.22212180759 -56.98718397439 100 0 0 1 -0.70710678118654757 0.70710678118654757 0 -0.70710678118654757 -0.70710678118654757 0 2
1 -19.366206258119998 -32.959695549679999 100 -0.70710678118654757 -0.70710678118654757 0 
2 -21.06497329374 -37.486889710050001 100 0 0 1 0 -1 0 1 0 -0 2
2 0 0 100 0 0 1 1 0 -0 -0 1 0 41
2 -37.486889710050001 -21.06497329374 100 -0 -0 -1 0 -1 0 -1 0 0 2
2 0 0 115 0 0 1 1 0 -0 -0 1 0 41
1 -20.08520709403 -35.743313444469997 100 0 0 1 
7 0 0  2 5 4  -18.909515133869998 -36.378980708669999 99.081999999999994  -18.909515133869998 -36.378980708669999 99.540999999999997  -18.909515133869998 -36.378980708669999 107.5  -18.909515133869998 -36.378980708669999 115.459  -18.909515133869998 -36.378980708669999 115.91800000000001 
 -0.91800000000000004 3 2.645453300865e-14 1 15 1 15.917999999999999 3
7 0 0  5 18 5  -16.838560244220002 -36.241728558399998 115  -16.9235683978 -36.301359230320003 115  -17.013960403959999 -36.35653536753 115  -17.10935570086 -36.406401044189998 115  -17.209111861019998 -36.450139314170002 115  -17.41571676026 -36.524180862930002 115  -17.522571548590001 -36.554474151180003 115  -17.632086816699999 -36.577415588969998 115  -17.743205131700002 -36.592619750970002 115  -17.966029010410001 -36.607387362099999 115  -18.077731387899998 -36.607013167700003 115  -18.188874686609999 -36.598821055439998 115  -18.298373000600002 -36.583049292870001 115  -18.513024830749998 -36.537149622949997 115  -18.618141767339999 -36.5069180733 115  -18.719722494820001 -36.46997804243 115  -18.817012304030001 -36.427062970089999 115  -18.909515133869998 -36.378980708669999 115 
 0 6 0.24990212891300001 4 0.49999999980600002 4 0.74909775361200004 4 1 6
7 0 0  2 5 4  -16.838560244220002 -36.241728558399998 99.081999999999994  -16.838560244220002 -36.241728558399998 99.540999999999997  -16.838560244220002 -36.241728558399998 107.5  -16.838560244220002 -36.241728558399998 115.459  -16.838560244220002 -36.241728558399998 115.91800000000001 
 -0.91800000000000004 3 2.645453300865e-14 1 15 1 15.917999999999999 3
2 -15.69002072696 -37.87906083296 115 0 0 1 -0.38268343236511454 -0.92387953251127652 0 0.92387953251127652 -0.38268343236511454 0 2
7 0 0  2 5 4  -13.720111891449999 -37.533432159679997 99.081999999999994  -13.720111891449999 -37.533432159679997 99.540999999999997  -13.720111891449999 -37.533432159679997 107.5  -13.720111891449999 -37.533432159679997 115.459  -13.720111891449999 -37.533432159679997 115.91800000000001 
 -0.91800000000000004 3 2.621644221157e-14 1 15 1 15.917999999999999 3
7 0 0  5 18 5  -12.35277757163 -39.094870331869998 115  -12.4517899919 -39.063585449880001 115  -12.550535704310001 -39.025317902589997 115  -12.64810366767 -38.979849881920003 115  -12.74345468908 -38.927195248060002 115  -12.927795625770001 -38.808089604229998 115  -13.016781281749999 -38.741627719420002 115  -13.10154433254 -38.668585753819997 115  -13.18113615637 -38.589569375460002 115  -13.328254154050001 -38.421566821840003 115  -13.39582791786 -38.332621065319998 115  -13.4568526865 -38.239369142210002 115  -13.510857899059999 -38.142818294069997 115  -13.60482619047 -37.944444535480002 115  -13.64468472659 -37.842587704339998 115  -13.67706650511 -37.739463359509998 115  -13.70209548721 -37.636116562440002 115  -13.720111891449999 -37.533432159679997 115 
 0 6 0.24990212891300001 4 0.49999999980600002 4 0.74909775361200004 4 1 6
7 0 0  2 5 4  -12.35277757163 -39.094870331869998 99.081999999999994  -12.35277757163 -39.094870331869998 99.540999999999997  -12.35277757163 -39.094870331869998 107.5  -12.35277757163 -39.094870331869998 115.459  -12.35277757163 -39.094870331869998 115.91800000000001 
 -0.91800000000000004 3 2.621644221157e-14 1 15 1 15.917999999999999 3
2 0 0 115 0 0 1 1 0 -0 -0 1 0 41
1 -11.07195318092 -39.47672545639 100 0 0 1 
1 -9.6120484580460008 -37 100 -2.22044604925e-16 -1 0 
2 -7.6120484580459999 -72.980000000000004 100 0 0 -1 -1 2.22044604925e-16 0 2.22044604925e-16 1 0 2
2 0 0 100 0 0 1 1 0 -0 -0 1 0 74.980000000000004
2 0 0 100 0 0 1 1 0 -0 -0 1 0 74.980000000000004
2 7.6120484580449999 -72.980000000000004 100 0 0 1 -1 2.22044604925e-16 0 -2.22044604925e-16 -1 0 2
1 9.6120484580450007 -37 100 -2.22044604925e-16 -1 0 
2 11.612048458045001 -41.402419381089999 100 0 0 1 0 -1 0 1 0 -0 2
2 0 0 100 0 0 1 1 0 -0 -0 1 0 41
2 -11.61204845804 -41.402419381089999 100 -0 -0 -1 0 -1 0 -1 0 0 2
2 0 0 115 0 0 1 1 0 -0 -0 1 0 41
1 11.071953180927 -39.47672545639 100 0 0 1 
7 0 0  2 5 4  12.352777571643999 -39.094870331860001 99.081999999999994  12.352777571643999 -39.094870331860001 99.540999999999997  12.352777571643999 -39.094870331860001 107.5  12.352777571643999 -39.094870331860001 115.459  12.352777571643999 -39.094870331860001 115.91800000000001 
 -0.91800000000000004 3 2.624289674458e-14 1 15 1 15.917999999999999 3
7 0 0  5 18 5  13.720111891462 -37.533432159679997 115  13.702167302084 -37.635707254019998 115  13.677265922349999 -37.738639475310002 115  13.645071619129 -37.84135449475 115  13.605460989118001 -37.942820379369998 115  13.511724545051999 -38.141267385870002 115  13.457587389167999 -38.238245720850003 115  13.396370446679001 -38.331906755810003 115  13.328548898677999 -38.421230235899998 115  13.181430901004999 -38.589232789519997 115  13.102180797003999 -38.667953702719998 115  13.017797918675999 -38.740751184799997 115  12.929218598061 -38.807025864869999 115  12.744980865514 -38.926351661710001 115  12.649275033069999 -38.979303626639997 115  12.551326065505 -39.025011501549997 115  12.452186243008001 -39.063460246710001 115  12.352777571643999 -39.094870331860001 115 
 0 6 0.24990212891300001 4 0.49999999980600002 4 0.74909775361200004 4 1 6
7 0 0  2 5 4  13.720111891462 -37.533432159679997 99.081999999999994  13.720111891462 -37.533432159679997 99.540999999999997  13.720111891462 -37.533432159679997 107.5  13.720111891462 -37.533432159679997 115.459  13.720111891462 -37.533432159679997 115.91800000000001 
 -0.91800000000000004 3 2.624289674458e-14 1 15 1 15.917999999999999 3
2 15.690020726968999 -37.87906083296 115 0 0 1 0.38268343236511454 -0.92387953251127652 0 0.92387953251127652 0.38268343236511454 -0 2
7 0 0  2 5 4  16.838560244229999 -36.241728558399998 99.081999999999994  16.838560244229999 -36.241728558399998 99.540999999999997  16.838560244229999 -36.241728558399998 107.5  16.838560244229999 -36.241728558399998 115.459  16.838560244229999 -36.241728558399998 115.91800000000001 
 -0.91800000000000004 3 2.6464941349500001e-14 1 15 1 15.917999999999999 3
7 0 0  5 18 5  18.909515133875999 -36.378980708660002 115  18.817381027879001 -36.426871310259997 115  18.720498022834999 -36.469635830930002 115  18.619356308574002 -36.506476053710003 115  18.514700506074998 -36.536666958870001 115  18.300131371260001 -36.582795276829998 115  18.190213361049 -36.598721988160001 115  18.078628363857 -36.607010046980001 115  17.966475428534 -36.607416948379999 115  17.743651549822999 -36.592649337239997 115  17.632975535608001 -36.577537056270003 115  17.523885440693 -36.55474901681 115  17.417426229221999 -36.524664709379998 115  17.210709183247001 -36.450838895540002 115  17.110501286049999 -36.406999480720003 115  17.01468398734 -36.356976932359999 115  16.923908603352 -36.301597874309998 115  16.838560244229999 -36.241728558399998 115 
 0 6 0.24990212891300001 4 0.49999999980600002 4 0.74909775361200004 4 1 6
7 0 0  2 5 4  18.909515133875999 -36.378980708660002 99.081999999999994  18.909515133875999 -36.378980708660002 99.540999999999997  18.909515133875999 -36.378980708660002 107.5  18.909515133875999 -36.378980708660002 115.459  18.909515133875999 -36.378980708660002 115.91800000000001 
 -0.91800000000000004 3 2.6464941349500001e-14 1 15 1 15.917999999999999 3
2 0 0 115 0 0 1 1 0 -0 -0 1 0 41
1 20.085207094040999 -35.74331344446 100 0 0 1 
1 19.366206258125001 -32.959695549679999 100 0.70710678118654757 -0.70710678118654757 0 
2 46.22212180759 -56.98718397439 100 -0 0 -1 -0.70710678118654757 -0.70710678118654757 0 -0.70710678118654757 0.70710678118654757 0 2
2 0 0 100 0 0 1 1 0 -0 -0 1 0 74.980000000000004
2 0 0 100 0 0 1 1 0 -0 -0 1 0 74.980000000000004
2 56.987183974399002 -46.22212180759 100 0 0 1 -0.70710678118654757 -0.70710678118654757 0 0.70710678118654757 -0.70710678118654757 0 2
1 32.959695549679999 -19.366206258119998 100 0.70710678118654757 -0.70710678118654757 0 
2 37.486889710052999 -21.06497329374 100 0 0 1 0 -1 0 1 0 -0 2
2 0 0 100 0 0 1 1 0 -0 -0 1 0 41
2 21.06497329375 -37.486889710050001 100 -0 -0 -1 0 -1 0 -1 0 0 2
2 0 0 115 0 0 1 1 0 -0 -0 1 0 41
1 35.743313444469997 -20.08520709403 100 0 0 1 
7 0 0  2 5 4  36.378980708672998 -18.909515133860001 99.081999999999994  36.378980708672998 -18.909515133860001 99.540999999999997  36.378980708672998 -18.909515133860001 107.5  36.378980708672998 -18.909515133860001 115.459  36.378980708672998 -18.909515133860001 115.91800000000001 
 -0.91800000000000004 3 2.6353540832819999e-14 1 15 1 15.917999999999999 3
7 0 0  5 18 5  36.241728558411999 -16.838560244220002 115  36.301359230328003 -16.9235683978 115  36.356535367539998 -17.013960403959999 115  36.406401044191 -17.109355700849999 115  36.450139314177001 -17.209111861010001 115  36.524180862931999 -17.41571676026 115  36.554474151184998 -17.522571548590001 115  36.577415588980003 -17.632086816699999 115  36.592619750974997 -17.743205131700002 115  36.607387362108 -17.966029010410001 115  36.607013167700998 -18.077731387899998 115  36.598821055447999 -18.188874686609999 115  36.583049292871998 -18.298373000590001 115  36.537149622953997 -18.513024830749998 115  36.506918073309997 -18.618141767339999 115  36.469978042436999 -18.719722494820001 115  36.427062970096998 -18.817012304030001 115  36.378980708672998 -18.909515133860001 115 
 0 6 0.24990212891300001 4 0.49999999980600002 4 0.74909775361200004 4 1 6
7 0 0  2 5 4  36.241728558411999 -16.838560244220002 99.081999999999994  36.241728558411999 -16.838560244220002 99.540999999999997  36.241728558411999 -16.838560244220002 107.5  36.241728558411999 -16.838560244220002 115.459  36.241728558411999 -16.838560244220002 115.91800000000001 
 -0.91800000000000004 3 2.6353540832819999e-14 1 15 1 15.917999999999999 3
2 37.879060832962999 -15.69002072696 115 0 0 1 0.92387953251127652 -0.38268343236511454 0 0.38268343236511454 0.92387953251127652 -0 2
7 0 0  2 5 4  37.533432159687997 -13.720111891449999 99.081999999999994  37.533432159687997 -13.720111891449999 99.540999999999997  37.533432159687997 -13.720111891449999 107.5  37.533432159687997 -13.720111891449999 115.459  37.533432159687997 -13.720111891449999 115.91800000000001 
 -0.91800000000000004 3 2.692151841814e-14 1 15 1 15.917999999999999 3
7 0 0  5 18 5  39.094870331869998 -12.35277757163 115  39.063585449887 -12.4517899919 115  39.025317902594999 -12.550535704310001 115  38.979849881927002 -12.64810366767 115  38.927195248061999 -12.74345468908 115  38.808089604232997 -12.927795625770001 115  38.741627719424002 -13.016781281749999 115  38.668585753826001 -13.10154433254 115  38.589569375464002 -13.18113615637 115  38.421566821843001 -13.328254154050001 115  38.332621065323998 -13.39582791786 115  38.239369142210997 -13.4568526865 115  38.142818294074999 -13.510857899059999 115  37.944444535487001 -13.60482619047 115  37.842587704342002 -13.64468472659 115  37.739463359513998 -13.67706650511 115  37.636116562447 -13.70209548721 115  37.533432159687997 -13.720111891449999 115 
 0 6 0.24990212891300001 4 0.49999999980600002 4 0.74909775361200004 4 1 6
7 0 0  2 5 4  39.094870331869998 -12.35277757163 99.081999999999994  39.094870331869998 -12.35277757163 99.540999999999997  39.094870331869998 -12.35277757163 107.5  39.094870331869998 -12.35277757163 115.459  39.094870331869998 -12.35277757163 115.91800000000001 
 -0.91800000000000004 3 2.692151841814e-14 1 15 1 15.917999999999999 3
2 0 0 115 0 0 1 1 0 -0 -0 1 0 41
2 0 0 115 0 0 1 1 0 -0 -0 1 0 20
1 20 -4.8985871965889997e-15 100 0 0 1 
2 0 0 115 0 0 1 1 0 -0 -0 1 0 41
1 32.959695549679999 19.366206258125001 115 0.70710678118654757 0.70710678118654757 0 
2 32.959695549679999 22.194633382871 115 -0 0 1 0.70710678118654757 -0.70710678118654757 0 0.70710678118654757 0.70710678118654757 0 2
1 32.959695549679999 19.366206258125001 115 -0.70710678118654757 0.70710678118654757 0 
2 22.194633382871 32.959695549679999 115 0 -0 -1 0.70710678118654757 -0.70710678118654757 0 -0.70710678118654757 -0.70710678118654757 0 2
1 19.366206258125001 32.959695549679999 115 0.70710678118654757 0.70710678118654757 0 
2 0 0 115 0 0 1 1 0 -0 -0 1 0 41
2 0 0 115 0 0 1 1 0 -0 -0 1 0 41
1 9.6120484580460008 37 115 1.110223024625e-16 1 0 
2 7.6120484580459999 39 115 -0 0 1 1 -1.110223024625e-16 0 1.110223024625e-16 1 0 2
1 9.6120484580460008 37 115 -1 1.110223024625e-16 0 
2 -7.6120484580459999 39 115 0 -0 -1 1 -1.110223024625e-16 0 -1.110223024625e-16 -1 0 2
1 -9.6120484580460008 37 115 1.110223024625e-16 1 0 
2 0 0 115 0 0 1 1 0 -0 -0 1 0 41
2 0 0 115 0 0 1 1 0 -0 -0 1 0 41
1 -19.366206258119998 32.959695549679999 115 -0.70710678118654757 0.70710678118654757 0 
2 -22.194633382869998 32.959695549679999 115 0 -0 1 0.70710678118654757 0.70710678118654757 0 -0.70710678118654757 0.70710678118654757 0 2
1 -19.366206258119998 32.959695549679999 115 -0.70710678118654757 -0.70710678118654757 0 
2 -32.959695549679999 22.194633382871 115 0 0 -1 0.70710678118654757 0.70710678118654757 0 0.70710678118654757 -0.70710678118654757 0 2
1 -32.959695549679999 19.366206258125001 115 -0.70710678118654757 0.70710678118654757 0 
2 0 0 115 0 0 1 1 0 -0 -0 1 0 41
2 0 0 115 0 0 1 1 0 -0 -0 1 0 41
1 -37 9.6120484580460008 115 -1 1.2246467991469999e-16 0 
2 -39 7.6120484580459999 115 0 -0 1 1.2246467991469999e-16 1 0 -1 1.2246467991469999e-16 0 2
1 -37 9.6120484580460008 115 -1.2246467991469999e-16 -1 0 
2 -39 -7.6120484580459999 115 0 0 -1 1.2246467991469999e-16 1 0 1 -1.2246467991469999e-16 0 2
1 -37 -9.6120484580460008 115 -1 1.2246467991469999e-16 0 
2 0 0 115 0 0 1 1 0 -0 -0 1 0 41
2 0 0 115 0 0 1 1 0 -0 -0 1 0 41
1 -32.959695549679999 -19.366206258119998 115 -0.70710678118654757 -0.70710678118654757 0 
2 -32.959695549679999 -22.194633382869998 115 0 0 1 -0.70710678118654757 0.70710678118654757 0 -0.70710678118654757 -0.70710678118654757 0 2
1 -32.959695549679999 -19.366206258119998 115 0.70710678118654757 -0.70710678118654757 0 
2 -22.194633382869998 -32.959695549679999 115 0 0 -1 -0.70710678118654757 0.70710678118654757 0 0.70710678118654757 0.70710678118654757 0 2
1 -19.366206258119998 -32.959695549679999 115 -0.70710678118654757 -0.70710678118654757 0 
2 0 0 115 0 0 1 1 0 -0 -0 1 0 41
2 0 0 115 0 0 1 1 0 -0 -0 1 0 41
1 -9.6120484580460008 -37 115 -2.22044604925e-16 -1 0 
2 -7.6120484580459999 -39 115 0 0 1 -1 2.22044604925e-16 0 -2.22044604925e-16 -1 0 2
1 -9.6120484580460008 -37 115 1 -2.22044604925e-16 0 
2 7.6120484580449999 -39 115 0 0 -1 -1 2.22044604925e-16 0 2.22044604925e-16 1 0 2
1 9.6120484580450007 -37 115 -2.22044604925e-16 -1 0 
2 0 0 115 0 0 1 1 0 -0 -0 1 0 41
2 0 0 115 0 0 1 1 0 -0 -0 1 0 41
1 19.366206258125001 -32.959695549679999 115 0.70710678118654757 -0.70710678118654757 0 
2 22.194633382871 -32.959695549679999 115 0 0 1 -0.70710678118654757 -0.70710678118654757 0 0.70710678118654757 -0.70710678118654757 0 2
1 19.366206258125001 -32.959695549679999 115 0.70710678118654757 0.70710678118654757 0 
2 32.959695549679999 -22.194633382869998 115 -0 0 -1 -0.70710678118654757 -0.70710678118654757 0 -0.70710678118654757 0.70710678118654757 0 2
1 32.959695549679999 -19.366206258119998 115 0.70710678118654757 -0.70710678118654757 0 
2 0 0 115 0 0 1 1 0 -0 -0 1 0 41
1 37 -9.6120484580460008 115 1 0 0 
2 39 -7.6120484580459999 115 -0 0 1 0 -1 0 1 0 0 2
1 37 -9.6120484580460008 115 0 1 0 
2 39 7.6120484580459999 115 -0 -0 -1 0 -1 0 -1 0 0 2
1 37 9.6120484580460008 115 1 0 0 
2 37.486889710051997 21.06497329375 115 -0 -0 -1 0 -1 0 -1 0 0 2
1 36.072676147678997 22.479186856123999 100 0 0 1 
1 58.401397536772002 44.807908245217 100 0 0 1 
1 19.87822009772875 6.2847308061737506 113.5 -0.70710678118654757 -0.70710678118654757 0 
7 0 0  6 22 5  56.167985892277429 42.574496600722426 113.5  56.070218512600107 42.476729221045105 113.5  55.972436898768699 42.378947607213703 113.51500912360447  55.876117846282121 42.282628554727125 113.54503271118763  55.782692121312763 42.189202829757761 113.58969338492153  55.693537848969186 42.100048557414183 113.64830754299331  55.570492194256857 41.977002902701862 113.75355179485466  55.532278268027241 41.938788976472246 113.79016566394793  55.495433024306237 41.901943732751242 113.82954197890368  55.460082674851861 41.866593383296866 113.87155571881878  55.426345779402737 41.832856487847742 113.91606669447904  55.362761466092863 41.769272174537861 114.00912732398749  55.332866188122821 41.739376896567826 114.05761371719341  55.304753827874123 41.711264536319121 114.10822937770365  55.27852083837643 41.685031546821435 114.16081327733788  55.254253709583004 41.660764418028009 114.21519271000859  55.188071193187199 41.594581901632196 114.3819257017135  55.152095996157556 41.55860670460256 114.49898809069111  55.124707207529781 41.531217915974779 114.62092177604774  55.106301918040025 41.512812626485029 114.74616736102305  55.097101396220822 41.50361210466582 114.87309198832105  55.097101396220822 41.50361210466582 115 
 0 7 0.34992176053089968 5 0.51504717399984834 5 0.67789911201919817 5 1 7
1 32.959695549679999 19.366206258125001 115 0.70710678118654757 0.70710678118654757 0 
1 58.986075672730998 46.288694912806001 100 0 0 1 
2 56.987183974399002 46.22212180759 113.5 0 0 1 0.70710678118654757 0.70710678118654757 -0 -0.70710678118654757 0.70710678118654757 0 2
1 53.018866453367004 53.018866453367004 99.799999999999997 0 0 1 
1 46.288694912806001 58.986075672730998 100 0 0 1 
2 46.22212180759 56.987183974399002 113.5 0 0 1 0.70710678118654757 0.70710678118654757 -0 -0.70710678118654757 0.70710678118654757 0 2
1 44.807908245217 58.401397536772002 100 0 0 1 
1 6.2847308061737506 19.87822009772875 113.5 -0.70710678118654757 -0.70710678118654757 0 
7 0 0  6 22 5  42.574496600722426 56.167985892277429 113.5  42.476729221045126 56.070218512600121 113.5  42.37894760721364 55.972436898768635 113.51500912360447  42.282628554727197 55.876117846282192 113.54503271118762  42.189202829757726 55.782692121312721 113.58969338492155  42.10004855741419 55.693537848969186 113.64830754299331  41.977002902701862 55.570492194256857 113.75355179485466  41.938788976472246 55.532278268027241 113.79016566394793  41.901943732751242 55.495433024306237 113.82954197890368  41.866593383296866 55.460082674851861 113.87155571881878  41.832856487847742 55.426345779402737 113.91606669447904  41.769272174537868 55.362761466092863 114.00912732398749  41.739376896567833 55.332866188122829 114.05761371719341  41.711264536319128 55.304753827874123 114.10822937770365  41.685031546821435 55.27852083837643 114.16081327733788  41.660764418028009 55.254253709583004 114.21519271000859  41.594581901632168 55.18807119318717 114.38192570171357  41.558606704602596 55.152095996157598 114.49898809069096  41.531217915974779 55.124707207529781 114.62092177604788  41.512812626485001 55.106301918040003 114.74616736102303  41.503612104665834 55.097101396220829 114.87309198832104  41.503612104665834 55.097101396220829 115 
 0 7 0.34992176053086926 5 0.51504717399978428 5 0.6778991120190907 5 1 7
1 19.366206258125001 32.959695549679999 115 0.70710678118654757 0.70710678118654757 0 
1 22.479186856123999 36.072676147678997 100 0 0 1 
2 21.06497329375 37.486889710051997 115 0 0 1 0 -1 0 1 0 -0 2
2 11.612048458046001 41.402419381093999 115 -0 -0 -1 0 -1 0 -1 0 0 2
1 9.6120484580460008 41.402419381093999 100 0 0 1 
1 9.6120484580460008 72.980000000000004 100 0 0 1 
1 9.6120484580459991 18.5 113.5 -1.110223024625e-16 -1 0 
7 0 0  6 22 5  9.6120484580460044 69.821478961994032 113.5  9.6120484580460044 69.683215007696646 113.5  9.6120484580460044 69.544930923265724 113.51500912360446  9.6120484580460044 69.408715212923966 113.54503271118766  9.6120484580460044 69.276591285598045 113.5896933849215  9.6120484580460044 69.150508104506116 113.64830754299332  9.6120484580460044 68.976495270820905 113.75355179485466  9.6120484580460044 68.92245261807544 113.79016566394793  9.6120484580460044 68.870345574696259 113.82954197890368  9.6120484580460044 68.820352631063258 113.87155571881878  9.6120484580460044 68.772641455966763 113.91606669447904  9.6120484580460044 68.682719657729734 114.00912732398751  9.6120484580460044 68.640441350173603 114.05761371719341  9.6120484580460044 68.600684469039564 114.10822937770365  9.6120484580460044 68.563585419510332 114.16081327733788  9.6120484580460044 68.529266516850811 114.21519271000859  9.6120484580460044 68.435670304571872 114.38192570171351  9.6120484580460044 68.384793693023539 114.49898809069106  9.6120484580460044 68.346060096689158 114.62092177604781  9.6120484580460044 68.32003108667331 114.74616736102304  9.6120484580460044 68.307019583935713 114.87309198832104  9.6120484580460044 68.307019583935713 115 
 0 7 0.34992176053084367 5 0.51504717399978583 5 0.67789911201912934 5 1 7
1 9.6120484580460008 37 115 1.110223024625e-16 1 0 
1 8.978404038651 74.440504168890996 100 0 0 1 
2 7.6120484580459999 72.980000000000004 113.5 0 0 1 1.110223024625e-16 1 -0 -1 1.110223024625e-16 0 2
1 8.3244522386389998e-15 74.980000000000004 99.799999999999997 0 0 1 
1 -8.978404038651 74.440504168890996 100 0 0 1 
2 -7.6120484580449999 72.980000000000004 113.5 0 0 1 1.110223024625e-16 1 -0 -1 1.110223024625e-16 0 2
1 -9.6120484580450007 72.980000000000004 100 0 0 1 
1 -9.6120484580460026 18.5 113.5 -1.110223024625e-16 -1 0 
7 0 0  6 22 5  -9.6120484580459973 69.821478961994032 113.5  -9.6120484580459973 69.683215007696589 113.5  -9.6120484580459973 69.544930923265895 113.51500912360444  -9.6120484580459973 69.40871521292371 113.54503271118772  -9.6120484580459973 69.276591285598229 113.58969338492145  -9.6120484580459973 69.150508104506059 113.64830754299335  -9.6120484580459973 68.976495270820905 113.75355179485466  -9.6120484580459973 68.92245261807544 113.79016566394793  -9.6120484580459973 68.870345574696259 113.82954197890368  -9.6120484580459973 68.820352631063258 113.87155571881878  -9.6120484580459973 68.772641455966763 113.91606669447904  -9.6120484580459973 68.682719657729734 114.00912732398751  -9.6120484580459973 68.640441350173603 114.05761371719341  -9.6120484580459973 68.600684469039564 114.10822937770365  -9.6120484580459973 68.563585419510332 114.16081327733788  -9.6120484580459973 68.529266516850811 114.21519271000859  -9.6120484580459973 68.435670304571886 114.3819257017135  -9.6120484580459973 68.384793693023511 114.49898809069117  -9.6120484580459973 68.346060096689186 114.62092177604758  -9.6120484580459973 68.320031086673296 114.74616736102323  -9.6120484580459973 68.307019583935713 114.87309198832098  -9.6120484580459973 68.307019583935713 115 
 0 7 0.34992176053076907 5 0.51504717399974664 5 0.67789911201912501 5 1 7
1 -9.6120484580460008 37 115 1.110223024625e-16 1 0 
1 -9.6120484580460008 41.402419381093999 100 0 0 1 
2 -11.61204845804 41.402419381093999 115 0 0 1 0 -1 0 1 0 -0 2
2 -21.06497329374 37.486889710052999 115 -0 -0 -1 0 -1 0 -1 0 0 2
1 -22.479186856119998 36.072676147679999 100 0 0 1 
1 -44.807908245210001 58.401397536772002 100 0 0 1 
1 -6.2847308061699989 19.878220097730001 113.5 0.70710678118654757 -0.70710678118654757 0 
7 0 0  6 22 5  -42.574496600719577 56.167985892279575 113.5  -42.476729221042227 56.070218512602224 113.5  -42.378947607210932 55.97243689877093 113.51500912360447  -42.282628554724191 55.876117846284188 113.54503271118764  -42.189202829754969 55.782692121314966 113.58969338492153  -42.10004855741132 55.693537848971317 113.64830754299332  -41.977002902699013 55.570492194259018 113.75355179485466  -41.938788976469397 55.532278268029394 113.79016566394793  -41.901943732748393 55.49543302430839 113.82954197890368  -41.866593383294017 55.460082674854021 113.87155571881878  -41.8328564878449 55.426345779404897 113.91606669447904  -41.769272174535025 55.362761466095023 114.00912732398749  -41.739376896564977 55.332866188124981 114.05761371719341  -41.711264536316264 55.304753827876269 114.10822937770365  -41.685031546818578 55.278520838378583 114.16081327733788  -41.660764418025167 55.254253709585171 114.21519271000859  -41.594581901629333 55.18807119318933 114.38192570171356  -41.558606704599725 55.15209599615973 114.49898809069089  -41.531217915971915 55.124707207531912 114.62092177604801  -41.512812626482173 55.106301918042178 114.74616736102291  -41.503612104662963 55.097101396222968 114.87309198832106  -41.503612104662963 55.097101396222968 115 
 0 7 0.34992176053082835 5 0.51504717399975208 5 0.67789911201907394 5 1 7
1 -19.366206258119998 32.959695549679999 115 -0.70710678118654757 0.70710678118654757 0 
1 -46.288694912799997 58.986075672730998 100 0 0 1 
2 -46.22212180759 56.987183974399002 113.5 0 0 1 -0.70710678118654757 0.70710678118654757 0 -0.70710678118654757 -0.70710678118654757 0 2
1 -53.018866453359998 53.018866453367004 99.799999999999997 0 0 1 
1 -58.986075672730003 46.288694912806001 100 0 0 1 
2 -56.98718397439 46.22212180759 113.5 0 0 1 -0.70710678118654757 0.70710678118654757 0 -0.70710678118654757 -0.70710678118654757 0 2
1 -58.401397536769998 44.807908245217 100 0 0 1 
1 -19.87822009772875 6.2847308061737506 113.5 0.70710678118654757 -0.70710678118654757 0 
7 0 0  6 22 5  -56.167985892277429 42.574496600722426 113.5  -56.070218512600078 42.476729221045083 113.5  -55.972436898768777 42.378947607213775 113.51500912360444  -55.876117846281986 42.282628554726983 113.54503271118767  -55.78269212131287 42.189202829757875 113.58969338492149  -55.693537848969143 42.100048557414141 113.64830754299334  -55.570492194256857 41.977002902701855 113.75355179485466  -55.532278268027241 41.938788976472239 113.79016566394795  -55.495433024306237 41.901943732751242 113.82954197890369  -55.460082674851861 41.866593383296866 113.87155571881878  -55.426345779402737 41.832856487847742 113.91606669447904  -55.362761466092856 41.769272174537861 114.00912732398749  -55.332866188122821 41.739376896567826 114.05761371719341  -55.304753827874123 41.711264536319128 114.10822937770365  -55.278520838376437 41.685031546821435 114.16081327733788  -55.254253709583004 41.660764418028009 114.21519271000859  -55.188071193187199 41.594581901632196 114.38192570171348  -55.152095996157541 41.558606704602546 114.49898809069117  -55.124707207529795 41.531217915974793 114.62092177604762  -55.106301918040018 41.512812626485015 114.74616736102314  -55.097101396220822 41.50361210466582 114.87309198832104  -55.097101396220822 41.50361210466582 115 
 0 7 0.34992176053083474 5 0.51504717399980426 5 0.67789911201917463 5 1 7
1 -32.959695549679999 19.366206258125001 115 -0.70710678118654757 0.70710678118654757 0 
1 -36.072676147670002 22.479186856123999 100 0 0 1 
2 -37.486889710050001 21.06497329375 115 0 0 1 0 -1 0 1 0 -0 2
2 -41.402419381089999 11.612048458046001 115 -0 -0 -1 0 -1 0 -1 0 0 2
1 -41.402419381089999 9.6120484580460008 100 0 0 1 
1 -72.980000000000004 9.6120484580460008 100 0 0 1 
1 -18.5 9.6120484580459973 113.5 1 -1.2246467991469999e-16 0 
7 0 0  6 22 5  -69.821478961994032 9.6120484580460044 113.5  -69.683215007696674 9.6120484580460044 113.5  -69.544930923265639 9.6120484580460044 113.51500912360446  -69.408715212924051 9.6120484580460044 113.54503271118764  -69.276591285598002 9.6120484580460044 113.58969338492152  -69.150508104506116 9.6120484580460044 113.64830754299332  -68.976495270820905 9.6120484580460044 113.75355179485466  -68.92245261807544 9.6120484580460044 113.79016566394793  -68.870345574696259 9.6120484580460044 113.82954197890368  -68.820352631063258 9.6120484580460044 113.87155571881878  -68.772641455966749 9.6120484580460044 113.91606669447904  -68.682719657729734 9.6120484580460044 114.0091273239875  -68.640441350173603 9.6120484580460044 114.05761371719341  -68.600684469039564 9.6120484580460044 114.10822937770365  -68.563585419510332 9.6120484580460044 114.16081327733788  -68.529266516850811 9.6120484580460044 114.21519271000859  -68.4356703045719 9.6120484580460044 114.38192570171346  -68.384793693023497 9.6120484580460044 114.49898809069128  -68.346060096689172 9.6120484580460044 114.62092177604745  -68.320031086673339 9.6120484580460044 114.74616736102331  -68.307019583935698 9.6120484580460044 114.87309198832097  -68.307019583935698 9.6120484580460044 115 
 0 7 0.34992176053089769 5 0.51504717399986244 5 0.67789911201923825 5 1 7
1 -37 9.6120484580460008 115 -1 1.2246467991469999e-16 0 
1 -74.440504168890001 8.978404038651 100 0 0 1 
2 -72.980000000000004 7.6120484580459999 113.5 0 0 1 -1 1.2246467991469999e-16 0 -1.2246467991469999e-16 -1 0 2
1 -74.980000000000004 9.1824017000070003e-15 99.799999999999997 0 0 1 
1 -74.440504168890001 -8.978404038651 100 0 0 1 
2 -72.980000000000004 -7.6120484580449999 113.5 0 0 1 -1 1.2246467991469999e-16 0 -1.2246467991469999e-16 -1 0 2
1 -72.980000000000004 -9.6120484580450007 100 0 0 1 
1 -18.5 -9.6120484580460044 113.5 1 -1.2246467991469999e-16 0 
7 0 0  6 22 5  -69.821478961994032 -9.6120484580459973 113.5  -69.68321500769666 -9.6120484580459973 113.5  -69.544930923265667 -9.6120484580459973 113.51500912360446  -69.408715212924037 -9.6120484580459973 113.54503271118764  -69.276591285598002 -9.6120484580459973 113.58969338492152  -69.150508104506116 -9.6120484580459973 113.64830754299332  -68.976495270820905 -9.6120484580459973 113.75355179485466  -68.92245261807544 -9.6120484580459973 113.79016566394793  -68.870345574696259 -9.6120484580459973 113.82954197890368  -68.820352631063258 -9.6120484580459973 113.87155571881878  -68.772641455966749 -9.6120484580459973 113.91606669447904  -68.682719657729734 -9.6120484580459973 114.0091273239875  -68.640441350173603 -9.6120484580459973 114.05761371719341  -68.600684469039564 -9.6120484580459973 114.10822937770365  -68.563585419510332 -9.6120484580459973 114.16081327733788  -68.529266516850811 -9.6120484580459973 114.21519271000859  -68.435670304571843 -9.6120484580459973 114.38192570171356  -68.384793693023596 -9.6120484580459973 114.49898809069099  -68.346060096689115 -9.6120484580459973 114.62092177604781  -68.320031086673325 -9.6120484580459973 114.74616736102308  -68.307019583935713 -9.6120484580459973 114.87309198832102  -68.307019583935713 -9.6120484580459973 115 
 0 7 0.3499217605308072 5 0.51504717399972599 5 0.67789911201905317 5 1 7
1 -37 -9.6120484580460008 115 -1 1.2246467991469999e-16 0 
1 -41.402419381089999 -9.6120484580460008 100 0 0 1 
2 -41.402419381089999 -11.61204845804 115 0 0 1 0 -1 0 1 0 -0 2
2 -37.486889710050001 -21.06497329374 115 -0 -0 -1 0 -1 0 -1 0 0 2
1 -36.072676147679999 -22.479186856119998 100 0 0 1 
1 -58.401397536769998 -44.807908245210001 100 0 0 1 
1 -19.878220097730001 -6.2847308061699989 113.5 0.70710678118654757 0.70710678118654757 -0 
7 0 0  6 22 5  -56.167985892279575 -42.574496600719577 113.5  -56.070218512602239 -42.476729221042234 113.5  -55.972436898770908 -42.378947607210904 113.51500912360447  -55.87611784628421 -42.282628554724212 113.54503271118763  -55.782692121314959 -42.189202829754961 113.58969338492153  -55.693537848971324 -42.100048557411327 113.64830754299331  -55.570492194259018 -41.977002902699013 113.75355179485466  -55.532278268029394 -41.938788976469397 113.79016566394793  -55.49543302430839 -41.901943732748393 113.82954197890368  -55.460082674854021 -41.866593383294017 113.87155571881878  -55.426345779404897 -41.8328564878449 113.91606669447904  -55.362761466095023 -41.769272174535018 114.00912732398749  -55.332866188124981 -41.739376896564977 114.05761371719341  -55.304753827876269 -41.711264536316264 114.10822937770365  -55.278520838378583 -41.685031546818578 114.16081327733788  -55.254253709585171 -41.660764418025167 114.21519271000859  -55.188071193189359 -41.594581901629361 114.38192570171348  -55.152095996159659 -41.558606704599661 114.49898809069114  -55.124707207531983 -41.531217915971979 114.62092177604765  -55.106301918042156 -41.512812626482159 114.74616736102314  -55.097101396222968 -41.503612104662963 114.87309198832102  -55.097101396222968 -41.503612104662963 115 
 0 7 0.34992176053090945 5 0.51504717399986855 5 0.67789911201922526 5 1 7
1 -32.959695549679999 -19.366206258119998 115 -0.70710678118654757 -0.70710678118654757 0 
1 -58.986075672730003 -46.288694912799997 100 0 0 1 
2 -56.98718397439 -46.22212180759 113.5 0 0 1 -0.70710678118654757 -0.70710678118654757 0 0.70710678118654757 -0.70710678118654757 0 2
1 -53.018866453359998 -53.018866453359998 99.799999999999997 0 0 1 
1 -46.288694912799997 -58.986075672730003 100 0 0 1 
2 -46.22212180759 -56.98718397439 113.5 0 0 1 -0.70710678118654757 -0.70710678118654757 0 0.70710678118654757 -0.70710678118654757 0 2
1 -44.807908245210001 -58.401397536769998 100 0 0 1 
1 -6.2847308061699989 -19.878220097730001 113.5 0.70710678118654757 0.70710678118654757 -0 
7 0 0  6 22 5  -42.574496600719584 -56.167985892279589 113.5  -42.476729221042262 -56.070218512602267 113.5  -42.378947607210868 -55.972436898770866 113.51500912360446  -42.282628554724241 -55.876117846284238 113.54503271118764  -42.189202829754961 -55.782692121314966 113.58969338492152  -42.100048557411313 -55.693537848971317 113.64830754299332  -41.977002902699013 -55.570492194259018 113.75355179485466  -41.938788976469397 -55.532278268029394 113.79016566394795  -41.901943732748393 -55.495433024308397 113.82954197890368  -41.866593383294017 -55.460082674854021 113.87155571881878  -41.832856487844893 -55.42634577940489 113.91606669447904  -41.769272174535004 -55.362761466095009 114.00912732398749  -41.739376896564977 -55.332866188124981 114.05761371719341  -41.711264536316278 -55.304753827876276 114.10822937770365  -41.685031546818593 -55.278520838378597 114.16081327733788  -41.660764418025153 -55.254253709585157 114.21519271000859  -41.594581901629354 -55.188071193189359 114.38192570171347  -41.558606704599661 -55.152095996159659 114.49898809069126  -41.531217915972007 -55.124707207532005 114.62092177604741  -41.512812626482116 -55.106301918042121 114.7461673610234  -41.503612104662977 -55.097101396222982 114.87309198832091  -41.503612104662977 -55.097101396222982 115 
 0 7 0.34992176053088447 5 0.51504717399985633 5 0.67789911201922903 5 1 7
1 -19.366206258119998 -32.959695549679999 115 -0.70710678118654757 -0.70710678118654757 0 
1 -22.479186856119998 -36.072676147679999 100 0 0 1 
2 -21.06497329374 -37.486889710050001 115 0 0 1 0 -1 0 1 0 -0 2
2 -11.61204845804 -41.402419381089999 115 -0 -0 -1 0 -1 0 -1 0 0 2
1 -9.6120484580460008 -41.402419381089999 100 0 0 1 
1 -9.6120484580460008 -72.980000000000004 100 0 0 1 
1 -9.6120484580459973 -18.5 113.5 2.22044604925e-16 1 -0 
7 0 0  6 22 5  -9.6120484580460079 -69.821478961994032 113.5  -9.6120484580460079 -69.683215007696674 113.5  -9.6120484580460079 -69.544930923265667 113.51500912360446  -9.6120484580460079 -69.408715212924022 113.54503271118764  -9.6120484580460079 -69.276591285598016 113.58969338492152  -9.6120484580460079 -69.150508104506116 113.64830754299332  -9.6120484580460079 -68.976495270820905 113.75355179485466  -9.6120484580460079 -68.92245261807544 113.79016566394793  -9.6120484580460079 -68.870345574696259 113.82954197890368  -9.6120484580460079 -68.820352631063258 113.8715557188188  -9.6120484580460079 -68.772641455966749 113.91606669447904  -9.6120484580460079 -68.68271965772972 114.0091273239875  -9.6120484580460079 -68.640441350173589 114.05761371719341  -9.6120484580460079 -68.600684469039564 114.10822937770365  -9.6120484580460079 -68.563585419510332 114.16081327733788  -9.6120484580460079 -68.529266516850811 114.21519271000859  -9.6120484580460079 -68.435670304571914 114.38192570171341  -9.6120484580460079 -68.38479369302344 114.49898809069143  -9.6120484580460079 -68.346060096689214 114.6209217760472  -9.6120484580460079 -68.32003108667331 114.74616736102351  -9.6120484580460079 -68.307019583935698 114.87309198832089  -9.6120484580460079 -68.307019583935698 115 
 0 7 0.34992176053096469 5 0.51504717399995781 5 0.67789911201933972 5 1 7
1 -9.6120484580460008 -37 115 -2.22044604925e-16 -1 0 
1 -8.978404038651 -74.440504168890001 100 0 0 1 
2 -7.6120484580459999 -72.980000000000004 113.5 0 0 1 -2.22044604925e-16 -1 0 1 -2.22044604925e-16 0 2
1 -1.664890447728e-14 -74.980000000000004 99.799999999999997 0 0 1 
1 8.978404038651 -74.440504168890001 100 0 0 1 
2 7.6120484580449999 -72.980000000000004 113.5 0 0 1 -2.22044604925e-16 -1 0 1 -2.22044604925e-16 0 2
1 9.6120484580450007 -72.980000000000004 100 0 0 1 
1 9.6120484580450061 -18.5 113.5 2.22044604925e-16 1 -0 
7 0 0  6 22 5  9.6120484580449936 -69.821478961994188 113.5  9.6120484580449936 -69.683215007696816 113.5  9.6120484580449936 -69.544930923265809 113.51500912360444  9.6120484580449936 -69.408715212924136 113.54503271118769  9.6120484580449936 -69.276591285598215 113.58969338492147  9.6120484580449936 -69.15050810450623 113.64830754299334  9.6120484580449936 -68.976495270821033 113.75355179485466  9.6120484580449936 -68.922452618075582 113.79016566394795  9.6120484580449936 -68.870345574696415 113.82954197890368  9.6120484580449936 -68.8203526310634 113.87155571881878  9.6120484580449936 -68.772641455966877 113.91606669447904  9.6120484580449936 -68.682719657729862 114.00912732398749  9.6120484580449936 -68.640441350173731 114.05761371719341  9.6120484580449936 -68.600684469039706 114.10822937770365  9.6120484580449936 -68.563585419510474 114.16081327733788  9.6120484580449936 -68.529266516850967 114.21519271000859  9.6120484580449936 -68.435670304572056 114.38192570171347  9.6120484580449936 -68.384793693023596 114.4989880906912  9.6120484580449936 -68.346060096689385 114.62092177604755  9.6120484580449936 -68.320031086673424 114.74616736102323  9.6120484580449936 -68.307019583935855 114.87309198832098  9.6120484580449936 -68.307019583935855 115 
 0 7 0.34992176053085056 5 0.51504717399983624 5 0.67789911201921393 5 1 7
1 9.6120484580450007 -37 115 -2.22044604925e-16 -1 0 
1 9.6120484580450007 -41.402419381089999 100 0 0 1 
2 11.612048458045001 -41.402419381089999 115 0 0 1 0 -1 0 1 0 -0 2
2 21.06497329375 -37.486889710050001 115 -0 -0 -1 0 -1 0 -1 0 0 2
1 22.479186856123999 -36.072676147670002 100 0 0 1 
1 44.807908245217 -58.401397536769998 100 0 0 1 
1 6.2847308061737506 -19.87822009772875 113.5 -0.70710678118654757 0.70710678118654757 0 
7 0 0  6 22 5  42.574496600722419 -56.167985892277414 113.5  42.476729221045119 -56.070218512600114 113.5  42.378947607213675 -55.97243689876867 113.51500912360449  42.28262855472714 -55.876117846282135 113.5450327111876  42.189202829757761 -55.782692121312763 113.58969338492155  42.100048557414183 -55.693537848969179 113.64830754299331  41.977002902701869 -55.570492194256872 113.75355179485466  41.938788976472246 -55.532278268027241 113.79016566394793  41.901943732751235 -55.495433024306237 113.82954197890368  41.866593383296859 -55.460082674851861 113.87155571881878  41.832856487847742 -55.426345779402737 113.91606669447904  41.769272174537861 -55.362761466092863 114.0091273239875  41.739376896567826 -55.332866188122821 114.05761371719341  41.711264536319121 -55.304753827874123 114.10822937770365  41.685031546821435 -55.27852083837643 114.16081327733788  41.660764418028009 -55.254253709583004 114.21519271000859  41.594581901632196 -55.188071193187199 114.3819257017135  41.558606704602539 -55.152095996157541 114.49898809069114  41.531217915974828 -55.124707207529823 114.62092177604762  41.512812626484987 -55.106301918039982 114.74616736102321  41.503612104665834 -55.097101396220829 114.87309198832098  41.503612104665834 -55.097101396220829 115 
 0 7 0.34992176053089552 5 0.51504717399984778 5 0.67789911201919617 5 1 7
1 19.366206258125001 -32.959695549679999 115 0.70710678118654757 -0.70710678118654757 0 
1 46.288694912806001 -58.986075672730003 100 0 0 1 
2 46.22212180759 -56.98718397439 113.5 0 0 1 0.70710678118654757 -0.70710678118654757 0 0.70710678118654757 0.70710678118654757 -0 2
1 53.018866453367004 -53.018866453359998 99.799999999999997 0 0 1 
1 58.986075672730998 -46.288694912799997 100 0 0 1 
2 56.987183974399002 -46.22212180759 113.5 0 0 1 0.70710678118654757 -0.70710678118654757 0 0.70710678118654757 0.70710678118654757 -0 2
1 58.401397536772002 -44.807908245210001 100 0 0 1 
1 19.878220097730001 -6.2847308061699989 113.5 -0.70710678118654757 0.70710678118654757 0 
7 0 0  6 22 5  56.167985892279589 -42.574496600719584 113.5  56.070218512602267 -42.476729221042262 113.5  55.972436898770866 -42.378947607210861 113.51500912360446  55.876117846284259 -42.282628554724255 113.54503271118764  55.782692121314952 -42.189202829754947 113.58969338492152  55.693537848971317 -42.10004855741132 113.64830754299332  55.570492194259018 -41.977002902699013 113.75355179485466  55.532278268029394 -41.938788976469397 113.79016566394795  55.495433024308397 -41.901943732748393 113.82954197890368  55.460082674854021 -41.866593383294017 113.87155571881878  55.42634577940489 -41.832856487844893 113.91606669447904  55.362761466095009 -41.769272174535004 114.00912732398749  55.332866188124974 -41.739376896564977 114.05761371719341  55.304753827876269 -41.711264536316271 114.10822937770365  55.278520838378583 -41.685031546818585 114.16081327733788  55.254253709585171 -41.660764418025167 114.21519271000859  55.188071193189373 -41.594581901629368 114.38192570171347  55.152095996159652 -41.558606704599654 114.49898809069121  55.124707207531991 -41.531217915971993 114.62092177604751  55.106301918042149 -41.512812626482152 114.74616736102327  55.097101396222968 -41.503612104662963 114.87309198832097  55.097101396222968 -41.503612104662963 115 
 0 7 0.3499217605308913 5 0.51504717399986322 5 0.67789911201923247 5 1 7
1 32.959695549679999 -19.366206258119998 115 0.70710678118654757 -0.70710678118654757 0 
1 36.072676147679999 -22.479186856119998 100 0 0 1 
2 37.486889710052999 -21.06497329374 115 0 0 1 0 -1 0 1 0 -0 2
2 0 0 115 0 0 1 1 0 -0 -0 1 0 41
2 0 0 115 0 0 1 1 0 -0 -0 1 0 41
2 0 0 115 0 0 1 1 0 -0 -0 1 0 41
2 0 0 115 0 0 1 1 0 -0 -0 1 0 41
2 0 0 115 0 0 1 1 0 -0 -0 1 0 41
2 0 0 115 0 0 1 1 0 -0 -0 1 0 41
2 0 0 115 0 0 1 1 0 -0 -0 1 0 41
2 49.836885938027876 49.836885938027869 115 -0.70710678118654746 0.70710678118654757 0 0 0 -1 -0.70710678118654757 -0.70710678118654746 -0 1.5
2 7.8248518775581037e-15 70.480000000000004 115 -1 1.1102230246251565e-16 0 0 0 -1 -1.1102230246251565e-16 -1 -0 1.5
2 -49.836885938027869 49.836885938027876 115 -0.70710678118654757 -0.70710678118654746 0 -0 0 -1 0.70710678118654746 -0.70710678118654757 -0 1.5
2 -70.480000000000004 8.6310255817401153e-15 115 -1.2246063538223773e-16 -1 0 -0 0 -1 1 -1.2246063538223773e-16 -0 1.5
2 -49.836885938027883 -49.836885938027869 115 0.70710678118654746 -0.70710678118654768 0 0 -0 -1 0.70710678118654768 0.70710678118654746 -0 1.5
2 -1.5649703755116207e-14 -70.480000000000004 115 1 -2.2204460492503131e-16 0 0 -0 -1 2.2204460492503131e-16 1 -0 1.5
2 49.836885938027862 -49.836885938027883 115 0.70710678118654768 0.70710678118654735 0 0 0 -1 -0.70710678118654735 0.70710678118654768 -0 1.5
1 68.307019583935698 -9.6120484580460204 115 0 0 1 
1 69.013845889359402 -9.61204845804426 115 0 0 1 
1 69.680000000000007 0 115 0 0 1 
1 69.013845889359402 9.61204845804426 115 0 0 1 
1 68.307019583935698 9.6120484580460595 115 0 0 1 
1 68.980000000000004 0 115 0 0 1 
1 72.980000000000004 9.6120484580460008 115 0 0 1 
1 74.440504168890996 8.978404038651 115 0 0 1 
1 74.980000000000004 -1.20427905950656e-14 115 0 0 1 
1 74.440504168890996 -8.978404038651 115 0 0 1 
1 72.980000000000004 -9.6120484580460008 115 0 0 1 
1 32.959695549680283 19.36620625812423 115 0.70710678118654757 0.70710678118654746 0 
2 0 0 115 0 -0 1 0.70710678118654757 0.70710678118654746 0 -0.70710678118654746 0.70710678118654757 0 69.680000000000007
2 0 0 115 0 -0 1 0.70710678118654757 0.70710678118654746 0 -0.70710678118654746 0.70710678118654757 0 69.680000000000007
1 19.366206258124237 32.959695549680283 115 0.70710678118654757 0.70710678118654746 0 
1 58.401397536772272 44.807908245216211 100 0 0 1 
1 19.878220097729155 6.2847308061731031 114.2 -0.70710678118654757 -0.70710678118654746 0 
7 0 0  5 18 5  56.167985892277876 42.574496600721815 114.2  56.121711469486904 42.528222177930843 114.2  56.075435140159854 42.481945848603793 114.20656731253395  56.029789071829754 42.436299780273693 114.2197015463953  55.98539694717352 42.391907655617459 114.23922766657518  55.901651336826134 42.308162045270073 114.28955852909149  55.862179934735956 42.268690643179895 114.31998416761444  55.824960884936097 42.231471593380036 114.35576649437175  55.79047724179734 42.196987950241279 114.39645312698761  55.728345763741231 42.13485647218517 114.48570108144574  55.700588016213871 42.10709872465781 114.53411589665023  55.676256038550719 42.082766746994658 114.58616489604428  55.655660595262141 42.06217130370608 114.64120069328456  55.622386925549456 42.028897633993395 114.75575034804046  55.609700103843252 42.016210812287191 114.81526315177304  55.601168745581823 42.007679454025755 114.87632327876838  55.596903069907029 42.003413778350968 114.93816257015814  55.596903069907029 42.003413778350968 115 
 0 6 0.25842446251388634 4 0.50858946584150855 4 0.75441344232884844 4 1 6
2 0 0 114.2 0 -0 1 0.70710678118654757 0.70710678118654746 0 -0.70710678118654746 0.70710678118654757 0 70.480000000000004
2 49.836885938027876 49.836885938027869 115 -0.70710678118654746 0.70710678118654757 0 0 0 -1 -0.70710678118654757 -0.70710678118654746 -0 0.79999999999999716
7 0 0  5 18 5  42.574496600721822 56.167985892277869 114.2  42.52822217793085 56.121711469486897 114.2  42.4819458486038 56.075435140159847 114.20656731253395  42.4362997802737 56.029789071829747 114.2197015463953  42.391907655617466 55.985396947173513 114.23922766657518  42.30816204527008 55.901651336826127 114.28955852909149  42.268690643179923 55.86217993473597 114.31998416761442  42.231471593380036 55.824960884936083 114.35576649437175  42.196987950241294 55.79047724179734 114.39645312698761  42.134856472185177 55.728345763741224 114.48570108144574  42.107098724657824 55.700588016213871 114.53411589665023  42.082766746994665 55.676256038550711 114.58616489604429  42.062171303706087 55.655660595262134 114.64120069328456  42.028897633993402 55.622386925549449 114.75575034804045  42.016210812287191 55.609700103843238 114.81526315177305  42.007679454025777 55.601168745581823 114.87632327876837  42.003413778350975 55.596903069907022 114.93816257015814  42.003413778350975 55.596903069907022 115 
 0 6 0.25842446251390622 4 0.50858946584156228 4 0.75441344232891483 4 1 6
2 0 0 114.2 0 -0 1 0.70710678118654757 0.70710678118654746 0 -0.70710678118654746 0.70710678118654757 0 70.480000000000004
1 44.807908245216218 58.401397536772265 100 0 0 1 
1 6.2847308061731058 19.878220097729155 114.2 -0.70710678118654757 -0.70710678118654746 0 
2 56.987183974399173 46.222121807589311 114.2 0 -0 1 0.70710678118654757 0.70710678118654746 0 -0.70710678118654746 0.70710678118654757 0 2
1 58.98607567273109 46.288694912805468 100 0 0 1 
2 0 0 114.2 0 -0 1 0.70710678118654757 0.70710678118654746 0 -0.70710678118654746 0.70710678118654757 0 74.980000000000004
2 46.222121807589318 56.987183974399166 114.2 0 -0 1 0.70710678118654757 0.70710678118654746 0 -0.70710678118654746 0.70710678118654757 0 2
2 0 0 114.2 0 -0 1 0.70710678118654757 0.70710678118654746 0 -0.70710678118654746 0.70710678118654757 0 74.980000000000004
1 46.288694912805482 58.98607567273109 100 0 0 1 
1 53.018866453367337 53.01886645336733 115 0 0 -1 
1 19.366206258124237 32.959695549680283 115 0.70710678118654757 0.70710678118654746 0 
2 46.222121807589318 56.987183974399166 115 -0 0 1 0.70710678118654746 -0.70710678118654757 0 0.70710678118654757 0.70710678118654746 0 2
2 0 0 115 0 -0 1 0.70710678118654757 0.70710678118654746 0 -0.70710678118654746 0.70710678118654757 0 74.980000000000004
2 0 0 115 0 -0 1 0.70710678118654757 0.70710678118654746 0 -0.70710678118654746 0.70710678118654757 0 74.980000000000004
2 56.987183974399173 46.222121807589311 115 0 -0 -1 0.70710678118654746 -0.70710678118654757 0 -0.70710678118654757 -0.70710678118654746 0 2
1 32.959695549680283 19.36620625812423 115 0.70710678118654757 0.70710678118654746 0 
1 58.401397536772272 44.807908245216211 100 0 0 1 
1 58.98607567273109 46.288694912805468 100 0 0 1 
1 53.018866453367352 53.018866453367316 99.799999999999997 0 0 1 
1 46.288694912805482 58.98607567273109 100 0 0 1 
1 44.807908245216218 58.401397536772265 100 0 0 1 
1 55.097101396221284 41.503612104665194 115 0 0 1 
1 55.596903069906162 42.003413778352567 115 0 0 1 
1 32.959695549680283 19.36620625812423 115 0.70710678118654757 0.70710678118654746 0 
1 49.271200513078639 49.271200513078632 115 0 0 1 
2 0 0 115 0 -0 1 0.70710678118654757 0.70710678118654746 0 -0.70710678118654746 0.70710678118654757 0 69.680000000000007
1 42.003413778352581 55.596903069906162 115 0 0 1 
2 0 0 115 0 -0 1 0.70710678118654757 0.70710678118654746 0 -0.70710678118654746 0.70710678118654757 0 69.680000000000007
1 41.50361210466518 55.097101396221305 115 0 0 1 
1 19.366206258124237 32.959695549680283 115 0.70710678118654757 0.70710678118654746 0 
1 48.776225766248054 48.776225766248047 115 0 0 1 
2 0 0 115 0 -0 1 0.70710678118654757 0.70710678118654746 0 -0.70710678118654746 0.70710678118654757 0 68.980000000000004
2 0 0 115 0 -0 1 0.70710678118654757 0.70710678118654746 0 -0.70710678118654746 0.70710678118654757 0 68.980000000000004
1 44.807908245216218 58.401397536772265 115 0 0 1 
1 19.366206258124237 32.959695549680283 115 0.70710678118654757 0.70710678118654746 0 
1 46.288694912805482 58.98607567273109 115 0 0 1 
2 46.222121807589318 56.987183974399166 115 -0 0 1 0.70710678118654746 -0.70710678118654757 0 0.70710678118654757 0.70710678118654746 0 2
1 53.018866453367345 53.018866453367323 115 0 0 1 
2 0 0 115 0 -0 1 0.70710678118654757 0.70710678118654746 0 -0.70710678118654746 0.70710678118654757 0 74.980000000000004
1 58.98607567273109 46.288694912805468 115 0 0 1 
2 0 0 115 0 -0 1 0.70710678118654757 0.70710678118654746 0 -0.70710678118654746 0.70710678118654757 0 74.980000000000004
1 58.401397536772272 44.807908245216211 115 0 0 1 
2 56.987183974399173 46.222121807589311 115 0 -0 -1 0.70710678118654746 -0.70710678118654757 0 -0.70710678118654757 -0.70710678118654746 0 2
1 32.959695549680283 19.36620625812423 115 0.70710678118654757 0.70710678118654746 0 
1 9.6120484580460044 37 115 1.1102230246251565e-16 1 0 
2 0 0 115 0 -0 1 1.1102230246251565e-16 1 0 -1 1.1102230246251565e-16 0 69.680000000000007
2 0 0 115 0 -0 1 1.1102230246251565e-16 1 0 -1 1.1102230246251565e-16 0 69.680000000000007
1 -9.6120484580459973 37 115 1.1102230246251565e-16 1 0 
1 9.6120484580460097 72.980000000000004 100 0 0 1 
1 9.6120484580460026 18.5 114.2 -1.1102230246251565e-16 -1 0 
7 0 0  5 18 5  9.6120484580460079 69.821478961994032 114.2  9.6120484580460079 69.756037045692054 114.2  9.6120484580460079 69.690592433140893 114.20656731253395  9.6120484580460079 69.626039144239456 114.2197015463953  9.6120484580460079 69.563259199488058 114.23922766657518  9.6120484580460079 69.444825021545569 114.28955852909149  9.6120484580460079 69.389004029383756 114.31998416761444  9.6120484580460079 69.336368344378158 114.35576649437175  9.6120484580460079 69.287601108571295 114.39645312698761  9.6120484580460079 69.199733929654059 114.48570108144574  9.6120484580460079 69.160478546639936 114.53411589665023  9.6120484580460079 69.126067933829347 114.58616489604428  9.6120484580460079 69.096941578607556 114.64120069328456  9.6120484580460079 69.049885503629952 114.75575034804046  9.6120484580460079 69.031943628309634 114.81526315177304  9.6120484580460079 69.01987846575085 114.87632327876838  9.6120484580460079 69.013845889358876 114.93816257015814  9.6120484580460079 69.013845889358876 115 
 0 6 0.25842446251388634 4 0.50858946584150855 4 0.75441344232884844 4 1 6
2 0 0 114.2 0 -0 1 1.1102230246251565e-16 1 0 -1 1.1102230246251565e-16 0 70.480000000000004
2 7.8248518775581037e-15 70.480000000000004 115 -1 1.1102230246251565e-16 0 0 0 -1 -1.1102230246251565e-16 -1 -0 0.79999999999999716
7 0 0  5 18 5  -9.6120484580459937 69.821478961994032 114.2  -9.6120484580459937 69.756037045692054 114.2  -9.6120484580459937 69.690592433140893 114.20656731253395  -9.6120484580459937 69.626039144239456 114.2197015463953  -9.6120484580459937 69.563259199488058 114.23922766657518  -9.6120484580459937 69.444825021545569 114.28955852909149  -9.6120484580459937 69.389004029383784 114.31998416761442  -9.6120484580459937 69.336368344378144 114.35576649437175  -9.6120484580459937 69.287601108571309 114.39645312698761  -9.6120484580459937 69.199733929654059 114.48570108144574  -9.6120484580459937 69.160478546639951 114.53411589665023  -9.6120484580459937 69.126067933829347 114.58616489604429  -9.6120484580459937 69.096941578607556 114.64120069328456  -9.6120484580459937 69.049885503629952 114.75575034804045  -9.6120484580459937 69.031943628309619 114.81526315177305  -9.6120484580459937 69.019878465750864 114.87632327876837  -9.6120484580459937 69.013845889358876 114.93816257015814  -9.6120484580459937 69.013845889358876 115 
 0 6 0.25842446251390622 4 0.50858946584156228 4 0.75441344232891483 4 1 6
2 0 0 114.2 0 -0 1 1.1102230246251565e-16 1 0 -1 1.1102230246251565e-16 0 70.480000000000004
1 -9.6120484580459919 72.980000000000004 100 0 0 1 
1 -9.6120484580459991 18.5 114.2 -1.1102230246251565e-16 -1 0 
2 7.6120484580460079 72.980000000000004 114.2 0 -0 1 1.1102230246251565e-16 1 0 -1 1.1102230246251565e-16 0 2
1 8.9784040386510089 74.440504168890996 100 0 0 1 
2 0 0 114.2 0 -0 1 1.1102230246251565e-16 1 0 -1 1.1102230246251565e-16 0 74.980000000000004
2 -7.6120484580459919 72.980000000000004 114.2 0 -0 1 1.1102230246251565e-16 1 0 -1 1.1102230246251565e-16 0 2
2 0 0 114.2 0 -0 1 1.1102230246251565e-16 1 0 -1 1.1102230246251565e-16 0 74.980000000000004
1 -8.9784040386509911 74.440504168890996 100 0 0 1 
1 8.3244522386394242e-15 74.980000000000004 115 0 0 -1 
1 -9.6120484580459973 37 115 1.1102230246251565e-16 1 0 
2 -7.6120484580459919 72.980000000000004 115 -0 0 1 1 -1.1102230246251565e-16 0 1.1102230246251565e-16 1 0 2
2 0 0 115 0 -0 1 1.1102230246251565e-16 1 0 -1 1.1102230246251565e-16 0 74.980000000000004
2 0 0 115 0 -0 1 1.1102230246251565e-16 1 0 -1 1.1102230246251565e-16 0 74.980000000000004
2 7.6120484580460079 72.980000000000004 115 0 -0 -1 1 -1.1102230246251565e-16 0 -1.1102230246251565e-16 -1 0 2
1 9.6120484580460044 37 115 1.1102230246251565e-16 1 0 
1 9.6120484580460097 72.980000000000004 100 0 0 1 
1 8.9784040386510089 74.440504168890996 100 0 0 1 
1 2.6689255638649425e-14 74.980000000000004 99.799999999999997 0 0 1 
1 -8.9784040386509911 74.440504168890996 100 0 0 1 
1 -9.6120484580459919 72.980000000000004 100 0 0 1 
1 9.6120484580460275 68.307019583935698 115 0 0 1 
1 9.6120484580442671 69.013845889359402 115 0 0 1 
1 9.6120484580460044 37 115 1.1102230246251565e-16 1 0 
1 7.7360340355880915e-15 69.680000000000007 115 0 0 1 
2 0 0 115 0 -0 1 1.1102230246251565e-16 1 0 -1 1.1102230246251565e-16 0 69.680000000000007
1 -9.6120484580442529 69.013845889359402 115 0 0 1 
2 0 0 115 0 -0 1 1.1102230246251565e-16 1 0 -1 1.1102230246251565e-16 0 69.680000000000007
1 -9.6120484580460523 68.307019583935698 115 0 0 1 
1 -9.6120484580459973 37 115 1.1102230246251565e-16 1 0 
1 7.6583184238643303e-15 68.980000000000004 115 0 0 1 
2 0 0 115 0 -0 1 1.1102230246251565e-16 1 0 -1 1.1102230246251565e-16 0 68.980000000000004
2 0 0 115 0 -0 1 1.1102230246251565e-16 1 0 -1 1.1102230246251565e-16 0 68.980000000000004
1 -9.6120484580459919 72.980000000000004 115 0 0 1 
1 -9.6120484580459973 37 115 1.1102230246251565e-16 1 0 
1 -8.9784040386509911 74.440504168890996 115 0 0 1 
2 -7.6120484580459919 72.980000000000004 115 -0 0 1 1 -1.1102230246251565e-16 0 1.1102230246251565e-16 1 0 2
1 2.0367242833705026e-14 74.980000000000004 115 0 0 1 
2 0 0 115 0 -0 1 1.1102230246251565e-16 1 0 -1 1.1102230246251565e-16 0 74.980000000000004
1 8.9784040386510089 74.440504168890996 115 0 0 1 
2 0 0 115 0 -0 1 1.1102230246251565e-16 1 0 -1 1.1102230246251565e-16 0 74.980000000000004
1 9.6120484580460097 72.980000000000004 115 0 0 1 
2 7.6120484580460079 72.980000000000004 115 0 -0 -1 1 -1.1102230246251565e-16 0 -1.1102230246251565e-16 -1 0 2
1 9.6120484580460044 37 115 1.1102230246251565e-16 1 0 
1 -19.36620625812423 32.959695549680283 115 -0.70710678118654746 0.70710678118654757 0 
2 0 0 115 0 0 1 -0.70710678118654746 0.70710678118654757 0 -0.70710678118654757 -0.70710678118654746 0 69.680000000000007
2 0 0 115 0 0 1 -0.70710678118654746 0.70710678118654757 0 -0.70710678118654757 -0.70710678118654746 0 69.680000000000007
1 -32.959695549680283 19.366206258124237 115 -0.70710678118654746 0.70710678118654757 0 
1 -44.807908245216211 58.401397536772272 100 0 0 1 
1 -6.2847308061731031 19.878220097729155 114.2 0.70710678118654746 -0.70710678118654757 0 
7 0 0  5 18 5  -42.574496600721815 56.167985892277876 114.2  -42.528222177930843 56.121711469486904 114.2  -42.481945848603793 56.075435140159854 114.20656731253395  -42.436299780273693 56.029789071829754 114.2197015463953  -42.391907655617459 55.98539694717352 114.23922766657518  -42.308162045270073 55.901651336826134 114.28955852909149  -42.268690643179895 55.862179934735956 114.31998416761444  -42.231471593380036 55.824960884936097 114.35576649437175  -42.196987950241279 55.79047724179734 114.39645312698761  -42.13485647218517 55.728345763741231 114.48570108144574  -42.10709872465781 55.700588016213871 114.53411589665023  -42.082766746994658 55.676256038550719 114.58616489604428  -42.06217130370608 55.655660595262141 114.64120069328456  -42.028897633993395 55.622386925549456 114.75575034804046  -42.016210812287191 55.609700103843252 114.81526315177304  -42.007679454025755 55.601168745581823 114.87632327876838  -42.003413778350968 55.596903069907029 114.93816257015814  -42.003413778350968 55.596903069907029 115 
 0 6 0.25842446251388634 4 0.50858946584150855 4 0.75441344232884844 4 1 6
2 0 0 114.2 0 0 1 -0.70710678118654746 0.70710678118654757 0 -0.70710678118654757 -0.70710678118654746 0 70.480000000000004
2 -49.836885938027869 49.836885938027876 115 -0.70710678118654757 -0.70710678118654746 0 -0 0 -1 0.70710678118654746 -0.70710678118654757 -0 0.79999999999999716
7 0 0  5 18 5  -56.167985892277869 42.574496600721822 114.2  -56.121711469486897 42.52822217793085 114.2  -56.075435140159847 42.4819458486038 114.20656731253395  -56.029789071829747 42.4362997802737 114.2197015463953  -55.985396947173513 42.391907655617466 114.23922766657518  -55.901651336826127 42.30816204527008 114.28955852909149  -55.86217993473597 42.268690643179923 114.31998416761442  -55.824960884936083 42.231471593380036 114.35576649437175  -55.79047724179734 42.196987950241294 114.39645312698761  -55.728345763741224 42.134856472185177 114.48570108144574  -55.700588016213871 42.107098724657824 114.53411589665023  -55.676256038550711 42.082766746994665 114.58616489604429  -55.655660595262134 42.062171303706087 114.64120069328456  -55.622386925549449 42.028897633993402 114.75575034804045  -55.609700103843238 42.016210812287191 114.81526315177305  -55.601168745581823 42.007679454025777 114.87632327876837  -55.596903069907022 42.003413778350975 114.93816257015814  -55.596903069907022 42.003413778350975 115 
 0 6 0.25842446251390622 4 0.50858946584156228 4 0.75441344232891483 4 1 6
2 0 0 114.2 0 0 1 -0.70710678118654746 0.70710678118654757 0 -0.70710678118654757 -0.70710678118654746 0 70.480000000000004
1 -58.401397536772265 44.807908245216218 100 0 0 1 
1 -19.878220097729155 6.2847308061731058 114.2 0.70710678118654746 -0.70710678118654757 0 
2 -46.222121807589311 56.987183974399173 114.2 0 0 1 -0.70710678118654746 0.70710678118654757 0 -0.70710678118654757 -0.70710678118654746 0 2
1 -46.288694912805468 58.98607567273109 100 0 0 1 
2 0 0 114.2 0 0 1 -0.70710678118654746 0.70710678118654757 0 -0.70710678118654757 -0.70710678118654746 0 74.980000000000004
2 -56.987183974399166 46.222121807589318 114.2 0 0 1 -0.70710678118654746 0.70710678118654757 0 -0.70710678118654757 -0.70710678118654746 0 2
2 0 0 114.2 0 0 1 -0.70710678118654746 0.70710678118654757 0 -0.70710678118654757 -0.70710678118654746 0 74.980000000000004
1 -58.98607567273109 46.288694912805482 100 0 0 1 
1 -53.01886645336733 53.018866453367337 115 -0 0 -1 
1 -32.959695549680283 19.366206258124237 115 -0.70710678118654746 0.70710678118654757 0 
2 -56.987183974399166 46.222121807589318 115 0 -0 1 0.70710678118654757 0.70710678118654746 0 -0.70710678118654746 0.70710678118654757 0 2
2 0 0 115 0 0 1 -0.70710678118654746 0.70710678118654757 0 -0.70710678118654757 -0.70710678118654746 0 74.980000000000004
2 0 0 115 0 0 1 -0.70710678118654746 0.70710678118654757 0 -0.70710678118654757 -0.70710678118654746 0 74.980000000000004
2 -46.222121807589311 56.987183974399173 115 0 0 -1 0.70710678118654757 0.70710678118654746 0 0.70710678118654746 -0.70710678118654757 0 2
1 -19.36620625812423 32.959695549680283 115 -0.70710678118654746 0.70710678118654757 0 
1 -44.807908245216211 58.401397536772272 100 0 0 1 
1 -46.288694912805468 58.98607567273109 100 0 0 1 
1 -53.018866453367316 53.018866453367352 99.799999999999997 0 0 1 
1 -58.98607567273109 46.288694912805482 100 0 0 1 
1 -58.401397536772265 44.807908245216218 100 0 0 1 
1 -41.503612104665194 55.097101396221284 115 0 0 1 
1 -42.003413778352567 55.596903069906162 115 0 0 1 
1 -19.36620625812423 32.959695549680283 115 -0.70710678118654746 0.70710678118654757 0 
1 -49.271200513078632 49.271200513078639 115 0 0 1 
2 0 0 115 0 0 1 -0.70710678118654746 0.70710678118654757 0 -0.70710678118654757 -0.70710678118654746 0 69.680000000000007
1 -55.596903069906162 42.003413778352581 115 0 0 1 
2 0 0 115 0 0 1 -0.70710678118654746 0.70710678118654757 0 -0.70710678118654757 -0.70710678118654746 0 69.680000000000007
1 -55.097101396221305 41.50361210466518 115 0 0 1 
1 -32.959695549680283 19.366206258124237 115 -0.70710678118654746 0.70710678118654757 0 
1 -48.776225766248047 48.776225766248054 115 0 0 1 
2 0 0 115 0 0 1 -0.70710678118654746 0.70710678118654757 0 -0.70710678118654757 -0.70710678118654746 0 68.980000000000004
2 0 0 115 0 0 1 -0.70710678118654746 0.70710678118654757 0 -0.70710678118654757 -0.70710678118654746 0 68.980000000000004
1 -58.401397536772265 44.807908245216218 115 0 0 1 
1 -32.959695549680283 19.366206258124237 115 -0.70710678118654746 0.70710678118654757 0 
1 -58.98607567273109 46.288694912805482 115 0 0 1 
2 -56.987183974399166 46.222121807589318 115 0 -0 1 0.70710678118654757 0.70710678118654746 0 -0.70710678118654746 0.70710678118654757 0 2
1 -53.018866453367323 53.018866453367345 115 0 0 1 
2 0 0 115 0 0 1 -0.70710678118654746 0.70710678118654757 0 -0.70710678118654757 -0.70710678118654746 0 74.980000000000004
1 -46.288694912805468 58.98607567273109 115 0 0 1 
2 0 0 115 0 0 1 -0.70710678118654746 0.70710678118654757 0 -0.70710678118654757 -0.70710678118654746 0 74.980000000000004
1 -44.807908245216211 58.401397536772272 115 0 0 1 
2 -46.222121807589311 56.987183974399173 115 0 0 -1 0.70710678118654757 0.70710678118654746 0 0.70710678118654746 -0.70710678118654757 0 2
1 -19.36620625812423 32.959695549680283 115 -0.70710678118654746 0.70710678118654757 0 
1 -37 9.6120484580460062 115 -1 1.2246063538223773e-16 0 
2 0 0 115 0 0 1 -1 1.2246063538223773e-16 0 -1.2246063538223773e-16 -1 0 69.680000000000007
2 0 0 115 0 0 1 -1 1.2246063538223773e-16 0 -1.2246063538223773e-16 -1 0 69.680000000000007
1 -37 -9.6120484580459955 115 -1 1.2246063538223773e-16 0 
1 -72.980000000000004 9.6120484580460097 100 0 0 1 
1 -18.5 9.6120484580460026 114.2 1 -1.2246063538223773e-16 0 
7 0 0  5 18 5  -69.821478961994032 9.6120484580460097 114.2  -69.756037045692054 9.6120484580460097 114.2  -69.690592433140893 9.6120484580460097 114.20656731253395  -69.626039144239456 9.6120484580460097 114.2197015463953  -69.563259199488058 9.6120484580460097 114.23922766657518  -69.444825021545569 9.6120484580460097 114.28955852909149  -69.389004029383756 9.6120484580460097 114.31998416761444  -69.336368344378158 9.6120484580460097 114.35576649437175  -69.287601108571295 9.6120484580460097 114.39645312698761  -69.199733929654059 9.6120484580460097 114.48570108144574  -69.160478546639936 9.6120484580460097 114.53411589665023  -69.126067933829347 9.6120484580460097 114.58616489604428  -69.096941578607556 9.6120484580460097 114.64120069328456  -69.049885503629952 9.6120484580460097 114.75575034804046  -69.031943628309634 9.6120484580460097 114.81526315177304  -69.01987846575085 9.6120484580460097 114.87632327876838  -69.013845889358876 9.6120484580460097 114.93816257015814  -69.013845889358876 9.6120484580460097 115 
 0 6 0.25842446251388634 4 0.50858946584150855 4 0.75441344232884844 4 1 6
2 0 0 114.2 0 0 1 -1 1.2246063538223773e-16 0 -1.2246063538223773e-16 -1 0 70.480000000000004
2 -70.480000000000004 8.6310255817401153e-15 115 -1.2246063538223773e-16 -1 0 -0 0 -1 1 -1.2246063538223773e-16 -0 0.79999999999999716
7 0 0  5 18 5  -69.821478961994032 -9.6120484580459919 114.2  -69.756037045692054 -9.6120484580459919 114.2  -69.690592433140893 -9.6120484580459919 114.20656731253395  -69.626039144239456 -9.6120484580459919 114.2197015463953  -69.563259199488058 -9.6120484580459919 114.23922766657518  -69.444825021545569 -9.6120484580459919 114.28955852909149  -69.389004029383784 -9.6120484580459919 114.31998416761442  -69.336368344378144 -9.6120484580459919 114.35576649437175  -69.287601108571309 -9.6120484580459919 114.39645312698761  -69.199733929654059 -9.6120484580459919 114.48570108144574  -69.160478546639951 -9.6120484580459919 114.53411589665023  -69.126067933829347 -9.6120484580459919 114.58616489604429  -69.096941578607556 -9.6120484580459919 114.64120069328456  -69.049885503629952 -9.6120484580459919 114.75575034804045  -69.031943628309619 -9.6120484580459919 114.81526315177305  -69.019878465750864 -9.6120484580459919 114.87632327876837  -69.013845889358876 -9.6120484580459919 114.93816257015814  -69.013845889358876 -9.6120484580459919 115 
 0 6 0.25842446251390622 4 0.50858946584156228 4 0.75441344232891483 4 1 6
2 0 0 114.2 0 0 1 -1 1.2246063538223773e-16 0 -1.2246063538223773e-16 -1 0 70.480000000000004
1 -72.980000000000004 -9.6120484580459919 100 0 0 1 
1 -18.5 -9.6120484580459991 114.2 1 -1.2246063538223773e-16 0 
2 -72.980000000000004 7.6120484580460088 114.2 0 0 1 -1 1.2246063538223773e-16 0 -1.2246063538223773e-16 -1 0 2
1 -74.440504168890996 8.9784040386510089 100 0 0 1 
2 0 0 114.2 0 0 1 -1 1.2246063538223773e-16 0 -1.2246063538223773e-16 -1 0 74.980000000000004
2 -72.980000000000004 -7.6120484580459911 114.2 0 0 1 -1 1.2246063538223773e-16 0 -1.2246063538223773e-16 -1 0 2
2 0 0 114.2 0 0 1 -1 1.2246063538223773e-16 0 -1.2246063538223773e-16 -1 0 74.980000000000004
1 -74.440504168890996 -8.9784040386509911 100 0 0 1 
1 -74.980000000000004 9.1820984409601851e-15 115 -0 0 -1 
1 -37 -9.6120484580459955 115 -1 1.2246063538223773e-16 0 
2 -72.980000000000004 -7.6120484580459911 115 0 -0 1 1.2246063538223773e-16 1 0 -1 1.2246063538223773e-16 0 2
2 0 0 115 0 0 1 -1 1.2246063538223773e-16 0 -1.2246063538223773e-16 -1 0 74.980000000000004
2 0 0 115 0 0 1 -1 1.2246063538223773e-16 0 -1.2246063538223773e-16 -1 0 74.980000000000004
2 -72.980000000000004 7.6120484580460088 115 0 0 -1 1.2246063538223773e-16 1 0 1 -1.2246063538223773e-16 0 2
1 -37 9.6120484580460062 115 -1 1.2246063538223773e-16 0 
1 -72.980000000000004 9.6120484580460097 100 0 0 1 
1 -74.440504168890996 8.9784040386510089 100 0 0 1 
1 -74.980000000000004 2.7546901840970185e-14 99.799999999999997 0 0 1 
1 -74.440504168890996 -8.9784040386509911 100 0 0 1 
1 -72.980000000000004 -9.6120484580459919 100 0 0 1 
1 -68.307019583935698 9.6120484580460293 115 0 0 1 
1 -69.013845889359402 9.6120484580442689 115 0 0 1 
1 -37 9.6120484580460062 115 -1 1.2246063538223773e-16 0 
1 -69.680000000000007 8.5330570734343261e-15 115 0 0 1 
2 0 0 115 0 0 1 -1 1.2246063538223773e-16 0 -1.2246063538223773e-16 -1 0 69.680000000000007
1 -69.013845889359402 -9.6120484580442511 115 0 0 1 
2 0 0 115 0 0 1 -1 1.2246063538223773e-16 0 -1.2246063538223773e-16 -1 0 69.680000000000007
1 -68.307019583935698 -9.6120484580460506 115 0 0 1 
1 -37 -9.6120484580459955 115 -1 1.2246063538223773e-16 0 
1 -68.980000000000004 8.4473346286667587e-15 115 0 0 1 
2 0 0 115 0 0 1 -1 1.2246063538223773e-16 0 -1.2246063538223773e-16 -1 0 68.980000000000004
2 0 0 115 0 0 1 -1 1.2246063538223773e-16 0 -1.2246063538223773e-16 -1 0 68.980000000000004
1 -72.980000000000004 -9.6120484580459919 115 0 0 1 
1 -37 -9.6120484580459955 115 -1 1.2246063538223773e-16 0 
1 -74.440504168890996 -8.9784040386509911 115 0 0 1 
2 -72.980000000000004 -7.6120484580459911 115 0 -0 1 1.2246063538223773e-16 1 0 -1 1.2246063538223773e-16 0 2
1 -74.980000000000004 2.1224889036025785e-14 115 0 0 1 
2 0 0 115 0 0 1 -1 1.2246063538223773e-16 0 -1.2246063538223773e-16 -1 0 74.980000000000004
1 -74.440504168890996 8.9784040386510089 115 0 0 1 
2 0 0 115 0 0 1 -1 1.2246063538223773e-16 0 -1.2246063538223773e-16 -1 0 74.980000000000004
1 -72.980000000000004 9.6120484580460097 115 0 0 1 
2 -72.980000000000004 7.6120484580460088 115 0 0 -1 1.2246063538223773e-16 1 0 1 -1.2246063538223773e-16 0 2
1 -37 9.6120484580460062 115 -1 1.2246063538223773e-16 0 
1 -32.959695549680291 -19.36620625812423 115 -0.70710678118654768 -0.70710678118654746 0 
2 0 0 115 0 0 1 -0.70710678118654768 -0.70710678118654746 0 0.70710678118654746 -0.70710678118654768 0 69.680000000000007
2 0 0 115 0 0 1 -0.70710678118654768 -0.70710678118654746 0 0.70710678118654746 -0.70710678118654768 0 69.680000000000007
1 -19.36620625812424 -32.959695549680283 115 -0.70710678118654768 -0.70710678118654746 0 
1 -58.401397536772279 -44.807908245216211 100 0 0 1 
1 -19.878220097729155 -6.2847308061731013 114.2 0.70710678118654768 0.70710678118654746 0 
7 0 0  5 18 5  -56.167985892277883 -42.574496600721815 114.2  -56.121711469486911 -42.528222177930843 114.2  -56.075435140159861 -42.481945848603793 114.20656731253395  -56.029789071829761 -42.436299780273693 114.2197015463953  -55.985396947173527 -42.391907655617459 114.23922766657518  -55.901651336826141 -42.308162045270073 114.28955852909149  -55.862179934735963 -42.268690643179895 114.31998416761444  -55.824960884936104 -42.231471593380036 114.35576649437175  -55.790477241797348 -42.196987950241279 114.39645312698761  -55.728345763741238 -42.13485647218517 114.48570108144574  -55.700588016213878 -42.10709872465781 114.53411589665023  -55.676256038550726 -42.082766746994658 114.58616489604428  -55.655660595262148 -42.06217130370608 114.64120069328456  -55.622386925549463 -42.028897633993395 114.75575034804046  -55.609700103843259 -42.016210812287191 114.81526315177304  -55.60116874558183 -42.007679454025755 114.87632327876838  -55.596903069907036 -42.003413778350968 114.93816257015814  -55.596903069907036 -42.003413778350968 115 
 0 6 0.25842446251388634 4 0.50858946584150855 4 0.75441344232884844 4 1 6
2 0 0 114.2 0 0 1 -0.70710678118654768 -0.70710678118654746 0 0.70710678118654746 -0.70710678118654768 0 70.480000000000004
2 -49.836885938027883 -49.836885938027869 115 0.70710678118654746 -0.70710678118654768 0 0 -0 -1 0.70710678118654768 0.70710678118654746 -0 0.79999999999999716
7 0 0  5 18 5  -42.57449660072183 -56.167985892277869 114.2  -42.528222177930857 -56.121711469486897 114.2  -42.481945848603807 -56.075435140159847 114.20656731253395  -42.436299780273707 -56.029789071829747 114.2197015463953  -42.391907655617473 -55.985396947173513 114.23922766657518  -42.308162045270088 -55.901651336826127 114.28955852909149  -42.26869064317993 -55.86217993473597 114.31998416761442  -42.231471593380043 -55.824960884936083 114.35576649437175  -42.196987950241301 -55.79047724179734 114.39645312698761  -42.134856472185184 -55.728345763741224 114.48570108144574  -42.107098724657831 -55.700588016213871 114.53411589665023  -42.082766746994672 -55.676256038550711 114.58616489604429  -42.062171303706094 -55.655660595262134 114.64120069328456  -42.028897633993409 -55.622386925549449 114.75575034804045  -42.016210812287198 -55.609700103843238 114.81526315177305  -42.007679454025784 -55.601168745581823 114.87632327876837  -42.003413778350982 -55.596903069907022 114.93816257015814  -42.003413778350982 -55.596903069907022 115 
 0 6 0.25842446251390622 4 0.50858946584156228 4 0.75441344232891483 4 1 6
2 0 0 114.2 0 0 1 -0.70710678118654768 -0.70710678118654746 0 0.70710678118654746 -0.70710678118654768 0 70.480000000000004
1 -44.807908245216225 -58.401397536772265 100 0 0 1 
1 -6.2847308061731075 -19.878220097729155 114.2 0.70710678118654768 0.70710678118654746 0 
2 -56.98718397439918 -46.222121807589311 114.2 0 0 1 -0.70710678118654768 -0.70710678118654746 0 0.70710678118654746 -0.70710678118654768 0 2
1 -58.986075672731097 -46.288694912805468 100 0 0 1 
2 0 0 114.2 0 0 1 -0.70710678118654768 -0.70710678118654746 0 0.70710678118654746 -0.70710678118654768 0 74.980000000000004
2 -46.222121807589325 -56.987183974399166 114.2 0 0 1 -0.70710678118654768 -0.70710678118654746 0 0.70710678118654746 -0.70710678118654768 0 2
2 0 0 114.2 0 0 1 -0.70710678118654768 -0.70710678118654746 0 0.70710678118654746 -0.70710678118654768 0 74.980000000000004
1 -46.288694912805489 -58.98607567273109 100 0 0 1 
1 -53.018866453367345 -53.01886645336733 115 0 -0 -1 
1 -19.36620625812424 -32.959695549680283 115 -0.70710678118654768 -0.70710678118654746 0 
2 -46.222121807589325 -56.987183974399166 115 0 0 1 -0.70710678118654746 0.70710678118654768 0 -0.70710678118654768 -0.70710678118654746 0 2
2 0 0 115 0 0 1 -0.70710678118654768 -0.70710678118654746 0 0.70710678118654746 -0.70710678118654768 0 74.980000000000004
2 0 0 115 0 0 1 -0.70710678118654768 -0.70710678118654746 0 0.70710678118654746 -0.70710678118654768 0 74.980000000000004
2 -56.98718397439918 -46.222121807589311 115 0 0 -1 -0.70710678118654746 0.70710678118654768 0 0.70710678118654768 0.70710678118654746 0 2
1 -32.959695549680291 -19.36620625812423 115 -0.70710678118654768 -0.70710678118654746 0 
1 -58.401397536772279 -44.807908245216211 100 0 0 1 
1 -58.986075672731097 -46.288694912805468 100 0 0 1 
1 -53.018866453367359 -53.018866453367316 99.799999999999997 0 0 1 
1 -46.288694912805489 -58.98607567273109 100 0 0 1 
1 -44.807908245216225 -58.401397536772265 100 0 0 1 
1 -55.097101396221291 -41.503612104665194 115 0 0 1 
1 -55.596903069906176 -42.003413778352567 115 0 0 1 
1 -32.959695549680291 -19.36620625812423 115 -0.70710678118654768 -0.70710678118654746 0 
1 -49.271200513078647 -49.271200513078632 115 0 0 1 
2 0 0 115 0 0 1 -0.70710678118654768 -0.70710678118654746 0 0.70710678118654746 -0.70710678118654768 0 69.680000000000007
1 -42.003413778352595 -55.596903069906162 115 0 0 1 
2 0 0 115 0 0 1 -0.70710678118654768 -0.70710678118654746 0 0.70710678118654746 -0.70710678118654768 0 69.680000000000007
1 -41.50361210466518 -55.097101396221305 115 0 0 1 
1 -19.36620625812424 -32.959695549680283 115 -0.70710678118654768 -0.70710678118654746 0 
1 -48.776225766248061 -48.776225766248047 115 0 0 1 
2 0 0 115 0 0 1 -0.70710678118654768 -0.70710678118654746 0 0.70710678118654746 -0.70710678118654768 0 68.980000000000004
2 0 0 115 0 0 1 -0.70710678118654768 -0.70710678118654746 0 0.70710678118654746 -0.70710678118654768 0 68.980000000000004
1 -44.807908245216225 -58.401397536772265 115 0 0 1 
1 -19.36620625812424 -32.959695549680283 115 -0.70710678118654768 -0.70710678118654746 0 
1 -46.288694912805489 -58.98607567273109 115 0 0 1 
2 -46.222121807589325 -56.987183974399166 115 0 0 1 -0.70710678118654746 0.70710678118654768 0 -0.70710678118654768 -0.70710678118654746 0 2
1 -53.018866453367352 -53.018866453367323 115 0 0 1 
2 0 0 115 0 0 1 -0.70710678118654768 -0.70710678118654746 0 0.70710678118654746 -0.70710678118654768 0 74.980000000000004
1 -58.986075672731097 -46.288694912805468 115 0 0 1 
2 0 0 115 0 0 1 -0.70710678118654768 -0.70710678118654746 0 0.70710678118654746 -0.70710678118654768 0 74.980000000000004
1 -58.401397536772279 -44.807908245216211 115 0 0 1 
2 -56.98718397439918 -46.222121807589311 115 0 0 -1 -0.70710678118654746 0.70710678118654768 0 0.70710678118654768 0.70710678118654746 0 2
1 -32.959695549680291 -19.36620625812423 115 -0.70710678118654768 -0.70710678118654746 0 
1 -9.6120484580460097 -37 115 -2.2204460492503131e-16 -1 0 
2 0 0 115 0 0 1 -2.2204460492503131e-16 -1 0 1 -2.2204460492503131e-16 0 69.680000000000007
2 0 0 115 0 0 1 -2.2204460492503131e-16 -1 0 1 -2.2204460492503131e-16 0 69.680000000000007
1 9.6120484580459919 -37 115 -2.2204460492503131e-16 -1 0 
1 -9.6120484580460168 -72.980000000000004 100 0 0 1 
1 -9.6120484580460044 -18.499999999999996 114.2 2.2204460492503131e-16 1 0 
7 0 0  5 18 5  -9.6120484580460168 -69.821478961994032 114.2  -9.6120484580460168 -69.756037045692054 114.2  -9.6120484580460168 -69.690592433140893 114.20656731253395  -9.6120484580460168 -69.626039144239456 114.2197015463953  -9.6120484580460168 -69.563259199488058 114.23922766657518  -9.6120484580460168 -69.444825021545569 114.28955852909149  -9.6120484580460168 -69.389004029383756 114.31998416761444  -9.6120484580460168 -69.336368344378158 114.35576649437175  -9.6120484580460168 -69.287601108571295 114.39645312698761  -9.6120484580460168 -69.199733929654059 114.48570108144574  -9.6120484580460168 -69.160478546639936 114.53411589665023  -9.6120484580460168 -69.126067933829347 114.58616489604428  -9.6120484580460168 -69.096941578607556 114.64120069328456  -9.6120484580460168 -69.049885503629952 114.75575034804046  -9.6120484580460168 -69.031943628309634 114.81526315177304  -9.6120484580460168 -69.01987846575085 114.87632327876838  -9.6120484580460168 -69.013845889358876 114.93816257015814  -9.6120484580460168 -69.013845889358876 115 
 0 6 0.25842446251388634 4 0.50858946584150855 4 0.75441344232884844 4 1 6
2 0 0 114.2 0 0 1 -2.2204460492503131e-16 -1 0 1 -2.2204460492503131e-16 0 70.480000000000004
2 -1.5649703755116207e-14 -70.480000000000004 115 1 -2.2204460492503131e-16 0 0 -0 -1 2.2204460492503131e-16 1 -0 0.79999999999999716
7 0 0  5 18 5  9.6120484580459848 -69.821478961994032 114.2  9.6120484580459848 -69.756037045692054 114.2  9.6120484580459848 -69.690592433140893 114.20656731253395  9.6120484580459848 -69.626039144239456 114.2197015463953  9.6120484580459848 -69.563259199488058 114.23922766657518  9.6120484580459848 -69.444825021545569 114.28955852909149  9.6120484580459848 -69.389004029383784 114.31998416761442  9.6120484580459848 -69.336368344378144 114.35576649437175  9.6120484580459848 -69.287601108571309 114.39645312698761  9.6120484580459848 -69.199733929654059 114.48570108144574  9.6120484580459848 -69.160478546639951 114.53411589665023  9.6120484580459848 -69.126067933829347 114.58616489604429  9.6120484580459848 -69.096941578607556 114.64120069328456  9.6120484580459848 -69.049885503629952 114.75575034804045  9.6120484580459848 -69.031943628309619 114.81526315177305  9.6120484580459848 -69.019878465750864 114.87632327876837  9.6120484580459848 -69.013845889358876 114.93816257015814  9.6120484580459848 -69.013845889358876 115 
 0 6 0.25842446251390622 4 0.50858946584156228 4 0.75441344232891483 4 1 6
2 0 0 114.2 0 0 1 -2.2204460492503131e-16 -1 0 1 -2.2204460492503131e-16 0 70.480000000000004
1 9.6120484580459848 -72.980000000000004 100 0 0 1 
1 9.6120484580459973 -18.500000000000004 114.2 2.2204460492503131e-16 1 0 
2 -7.6120484580460159 -72.980000000000004 114.2 0 0 1 -2.2204460492503131e-16 -1 0 1 -2.2204460492503131e-16 0 2
1 -8.978404038651016 -74.440504168890996 100 0 0 1 
2 0 0 114.2 0 0 1 -2.2204460492503131e-16 -1 0 1 -2.2204460492503131e-16 0 74.980000000000004
2 7.612048458045984 -72.980000000000004 114.2 0 0 1 -2.2204460492503131e-16 -1 0 1 -2.2204460492503131e-16 0 2
2 0 0 114.2 0 0 1 -2.2204460492503131e-16 -1 0 1 -2.2204460492503131e-16 0 74.980000000000004
1 8.978404038650984 -74.440504168890996 100 0 0 1 
1 -1.6648904477278848e-14 -74.980000000000004 115 0 -0 -1 
1 9.6120484580459919 -37 115 -2.2204460492503131e-16 -1 0 
2 7.612048458045984 -72.980000000000004 115 0 0 1 -1 2.2204460492503131e-16 0 -2.2204460492503131e-16 -1 0 2
2 0 0 115 0 0 1 -2.2204460492503131e-16 -1 0 1 -2.2204460492503131e-16 0 74.980000000000004
2 0 0 115 0 0 1 -2.2204460492503131e-16 -1 0 1 -2.2204460492503131e-16 0 74.980000000000004
2 -7.6120484580460159 -72.980000000000004 115 0 0 -1 -1 2.2204460492503131e-16 0 2.2204460492503131e-16 1 0 2
1 -9.6120484580460097 -37 115 -2.2204460492503131e-16 -1 0 
1 -9.6120484580460168 -72.980000000000004 100 0 0 1 
1 -8.978404038651016 -74.440504168890996 100 0 0 1 
1 -3.5013707877288845e-14 -74.980000000000004 99.799999999999997 0 0 1 
1 8.978404038650984 -74.440504168890996 100 0 0 1 
1 9.6120484580459848 -72.980000000000004 100 0 0 1 
1 -9.6120484580460364 -68.307019583935698 115 0 0 1 
1 -9.612048458044276 -69.013845889359402 115 0 0 1 
1 -9.6120484580460097 -37 115 -2.2204460492503131e-16 -1 0 
1 -1.5472068071176183e-14 -69.680000000000007 115 0 0 1 
2 0 0 115 0 0 1 -2.2204460492503131e-16 -1 0 1 -2.2204460492503131e-16 0 69.680000000000007
1 9.612048458044244 -69.013845889359402 115 0 0 1 
2 0 0 115 0 0 1 -2.2204460492503131e-16 -1 0 1 -2.2204460492503131e-16 0 69.680000000000007
1 9.6120484580460435 -68.307019583935698 115 0 0 1 
1 9.6120484580459919 -37 115 -2.2204460492503131e-16 -1 0 
1 -1.5316636847728661e-14 -68.980000000000004 115 0 0 1 
2 0 0 115 0 0 1 -2.2204460492503131e-16 -1 0 1 -2.2204460492503131e-16 0 68.980000000000004
2 0 0 115 0 0 1 -2.2204460492503131e-16 -1 0 1 -2.2204460492503131e-16 0 68.980000000000004
1 9.6120484580459848 -72.980000000000004 115 0 0 1 
1 9.6120484580459919 -37 115 -2.2204460492503131e-16 -1 0 
1 8.978404038650984 -74.440504168890996 115 0 0 1 
2 7.612048458045984 -72.980000000000004 115 0 0 1 -1 2.2204460492503131e-16 0 -2.2204460492503131e-16 -1 0 2
1 -2.8691695072344445e-14 -74.980000000000004 115 0 0 1 
2 0 0 115 0 0 1 -2.2204460492503131e-16 -1 0 1 -2.2204460492503131e-16 0 74.980000000000004
1 -8.978404038651016 -74.440504168890996 115 0 0 1 
2 0 0 115 0 0 1 -2.2204460492503131e-16 -1 0 1 -2.2204460492503131e-16 0 74.980000000000004
1 -9.6120484580460168 -72.980000000000004 115 0 0 1 
2 -7.6120484580460159 -72.980000000000004 115 0 0 -1 -1 2.2204460492503131e-16 0 2.2204460492503131e-16 1 0 2
1 -9.6120484580460097 -37 115 -2.2204460492503131e-16 -1 0 
1 19.366206258124226 -32.959695549680291 115 0.70710678118654735 -0.70710678118654768 0 
2 0 0 115 -0 0 1 0.70710678118654735 -0.70710678118654768 0 0.70710678118654768 0.70710678118654735 0 69.680000000000007
2 0 0 115 -0 0 1 0.70710678118654735 -0.70710678118654768 0 0.70710678118654768 0.70710678118654735 0 69.680000000000007
1 32.959695549680276 -19.36620625812424 115 0.70710678118654735 -0.70710678118654768 0 
1 44.807908245216204 -58.401397536772279 100 0 0 1 
1 6.2847308061730995 -19.878220097729155 114.2 -0.70710678118654735 0.70710678118654768 0 
7 0 0  5 18 5  42.574496600721808 -56.167985892277883 114.2  42.528222177930836 -56.121711469486911 114.2  42.481945848603786 -56.075435140159854 114.20656731253395  42.436299780273686 -56.029789071829754 114.2197015463953  42.391907655617452 -55.985396947173527 114.23922766657518  42.308162045270066 -55.901651336826134 114.28955852909149  42.268690643179887 -55.862179934735963 114.31998416761444  42.231471593380029 -55.824960884936104 114.35576649437175  42.196987950241272 -55.790477241797348 114.39645312698761  42.134856472185163 -55.728345763741231 114.48570108144574  42.107098724657803 -55.700588016213871 114.53411589665023  42.08276674699465 -55.676256038550719 114.58616489604428  42.062171303706073 -55.655660595262148 114.64120069328456  42.028897633993388 -55.622386925549463 114.75575034804046  42.016210812287184 -55.609700103843252 114.81526315177304  42.007679454025748 -55.60116874558183 114.87632327876838  42.003413778350961 -55.596903069907029 114.93816257015814  42.003413778350961 -55.596903069907029 115 
 0 6 0.25842446251388634 4 0.50858946584150855 4 0.75441344232884844 4 1 6
2 0 0 114.2 -0 0 1 0.70710678118654735 -0.70710678118654768 0 0.70710678118654768 0.70710678118654735 0 70.480000000000004
2 49.836885938027862 -49.836885938027883 115 0.70710678118654768 0.70710678118654735 0 0 0 -1 -0.70710678118654735 0.70710678118654768 -0 0.79999999999999716
7 0 0  5 18 5  56.167985892277862 -42.57449660072183 114.2  56.12171146948689 -42.528222177930857 114.2  56.07543514015984 -42.481945848603814 114.20656731253395  56.02978907182974 -42.436299780273714 114.2197015463953  55.985396947173506 -42.391907655617473 114.23922766657518  55.90165133682612 -42.308162045270095 114.28955852909149  55.862179934735956 -42.268690643179937 114.31998416761442  55.824960884936068 -42.23147159338005 114.35576649437175  55.790477241797333 -42.196987950241308 114.39645312698761  55.728345763741217 -42.134856472185191 114.48570108144574  55.700588016213864 -42.107098724657831 114.53411589665023  55.676256038550704 -42.082766746994679 114.58616489604429  55.655660595262127 -42.062171303706094 114.64120069328456  55.622386925549442 -42.028897633993409 114.75575034804045  55.609700103843231 -42.016210812287198 114.81526315177305  55.601168745581816 -42.007679454025791 114.87632327876837  55.596903069907015 -42.003413778350989 114.93816257015814  55.596903069907015 -42.003413778350989 115 
 0 6 0.25842446251390622 4 0.50858946584156228 4 0.75441344232891483 4 1 6
2 0 0 114.2 -0 0 1 0.70710678118654735 -0.70710678118654768 0 0.70710678118654768 0.70710678118654735 0 70.480000000000004
1 58.401397536772258 -44.807908245216225 100 0 0 1 
1 19.878220097729155 -6.2847308061731084 114.2 -0.70710678118654735 0.70710678118654768 0 
2 46.222121807589303 -56.98718397439918 114.2 -0 0 1 0.70710678118654735 -0.70710678118654768 0 0.70710678118654768 0.70710678118654735 0 2
1 46.288694912805461 -58.986075672731097 100 0 0 1 
2 0 0 114.2 -0 0 1 0.70710678118654735 -0.70710678118654768 0 0.70710678118654768 0.70710678118654735 0 74.980000000000004
2 56.987183974399159 -46.222121807589325 114.2 -0 0 1 0.70710678118654735 -0.70710678118654768 0 0.70710678118654768 0.70710678118654735 0 2
2 0 0 114.2 -0 0 1 0.70710678118654735 -0.70710678118654768 0 0.70710678118654768 0.70710678118654735 0 74.980000000000004
1 58.986075672731083 -46.288694912805489 100 0 0 1 
1 53.018866453367323 -53.018866453367345 115 0 0 -1 
1 32.959695549680276 -19.36620625812424 115 0.70710678118654735 -0.70710678118654768 0 
2 56.987183974399159 -46.222121807589325 115 0 0 1 -0.70710678118654768 -0.70710678118654735 0 0.70710678118654735 -0.70710678118654768 0 2
2 0 0 115 -0 0 1 0.70710678118654735 -0.70710678118654768 0 0.70710678118654768 0.70710678118654735 0 74.980000000000004
2 0 0 115 -0 0 1 0.70710678118654735 -0.70710678118654768 0 0.70710678118654768 0.70710678118654735 0 74.980000000000004
2 46.222121807589303 -56.98718397439918 115 -0 0 -1 -0.70710678118654768 -0.70710678118654735 0 -0.70710678118654735 0.70710678118654768 0 2
1 19.366206258124226 -32.959695549680291 115 0.70710678118654735 -0.70710678118654768 0 
1 44.807908245216204 -58.401397536772279 100 0 0 1 
1 46.288694912805461 -58.986075672731097 100 0 0 1 
1 53.018866453367309 -53.018866453367359 99.799999999999997 0 0 1 
1 58.986075672731083 -46.288694912805489 100 0 0 1 
1 58.401397536772258 -44.807908245216225 100 0 0 1 
1 41.50361210466518 -55.097101396221291 115 0 0 1 
1 42.003413778352559 -55.596903069906176 115 0 0 1 
1 19.366206258124226 -32.959695549680291 115 0.70710678118654735 -0.70710678118654768 0 
1 49.271200513078625 -49.271200513078647 115 0 0 1 
2 0 0 115 -0 0 1 0.70710678118654735 -0.70710678118654768 0 0.70710678118654768 0.70710678118654735 0 69.680000000000007
1 55.596903069906155 -42.003413778352595 115 0 0 1 
2 0 0 115 -0 0 1 0.70710678118654735 -0.70710678118654768 0 0.70710678118654768 0.70710678118654735 0 69.680000000000007
1 55.097101396221291 -41.503612104665187 115 0 0 1 
1 32.959695549680276 -19.36620625812424 115 0.70710678118654735 -0.70710678118654768 0 
1 48.776225766248039 -48.776225766248061 115 0 0 1 
2 0 0 115 -0 0 1 0.70710678118654735 -0.70710678118654768 0 0.70710678118654768 0.70710678118654735 0 68.980000000000004
2 0 0 115 -0 0 1 0.70710678118654735 -0.70710678118654768 0 0.70710678118654768 0.70710678118654735 0 68.980000000000004
1 58.401397536772258 -44.807908245216225 115 0 0 1 
1 32.959695549680276 -19.36620625812424 115 0.70710678118654735 -0.70710678118654768 0 
1 58.986075672731083 -46.288694912805489 115 0 0 1 
2 56.987183974399159 -46.222121807589325 115 0 0 1 -0.70710678118654768 -0.70710678118654735 0 0.70710678118654735 -0.70710678118654768 0 2
1 53.018866453367316 -53.018866453367352 115 0 0 1 
2 0 0 115 -0 0 1 0.70710678118654735 -0.70710678118654768 0 0.70710678118654768 0.70710678118654735 0 74.980000000000004
1 46.288694912805461 -58.986075672731097 115 0 0 1 
2 0 0 115 -0 0 1 0.70710678118654735 -0.70710678118654768 0 0.70710678118654768 0.70710678118654735 0 74.980000000000004
1 44.807908245216204 -58.401397536772279 115 0 0 1 
2 46.222121807589303 -56.98718397439918 115 -0 0 -1 -0.70710678118654768 -0.70710678118654735 0 -0.70710678118654735 0.70710678118654768 0 2
1 19.366206258124226 -32.959695549680291 115 0.70710678118654735 -0.70710678118654768 0 
Polygon3D 0
PolygonOnTriangulations 0
Surfaces 390
1 0 0 115 0 0 1 -1 -0 0 -0 1 -0 
1 37 -9.6120484580460008 115 0 0 1 1 0 -0 -0 1 0 
1 37 -9.6120484580460008 100 0 1 0 0 -0 1 1 0 -0 
1 68.307019583935698 -9.6120484580460008 115 0 1 0 1 0 0 0 0 -1 
1 0 0 115 0 0 1 -1 -0 0 -0 1 -0 
5 0 0 115 -0 -0 -1 1 0 -0 -0 1 -0 70.480000000000004 0.79999999999999716
2 0 0 115 -0 -0 -1 1 0 -0 -0 1 -0 69.680000000000007
2 0 0 115 -0 -0 -1 1 0 -0 -0 1 -0 69.680000000000007
1 37 9.6120484580460008 100 0 1 0 0 -0 1 1 0 -0 
1 68.307019583935698 9.6120484580460008 115 0 1 0 1 0 0 0 0 -1 
5 0 0 115 -0 -0 -1 1 0 -0 -0 1 -0 70.480000000000004 1.5
2 0 0 115 -0 -0 -1 1 0 -0 -0 1 -0 68.980000000000004
2 0 0 115 -0 -0 -1 1 0 -0 -0 1 -0 68.980000000000004
2 72.980000000000004 -7.6120484580459999 100 0 0 1 1 0 -0 -0 1 0 2
1 0 0 114.2 0 0 1 1 0 -0 -0 1 0 
1 0 0 113.5 0 0 1 1 0 -0 -0 1 0 
2 72.980000000000004 7.6120484580459999 100 0 0 1 1 0 -0 -0 1 0 2
2 0 0 99.799999999999997 0 0 1 1 0 -0 -0 1 0 74.980000000000004
2 0 0 115 -0 -0 -1 1 0 0 -0 1 -0 74.980000000000004
2 0 0 115 -0 -0 -1 1 0 0 -0 1 -0 74.980000000000004
2 0 0 99.799999999999997 0 0 1 1 0 -0 -0 1 0 74.980000000000004
1 69.013845889359402 9.6120484580460008 115 0 1 0 1 0 0 0 0 -1 
2 72.980000000000004 7.6120484580459999 115 0 -0 -1 0 -1 0 1 0 -0 2
2 0 0 115 -0 -0 -1 1 0 -0 -0 1 -0 74.980000000000004
2 0 0 115 -0 -0 -1 1 0 -0 -0 1 -0 74.980000000000004
2 72.980000000000004 -7.6120484580459999 115 -0 -0 -1 0 -1 0 -1 0 0 2
1 69.013845889359402 -9.6120484580460008 115 0 1 0 1 0 0 0 0 -1 
1 37 -9.6120484580460008 100 0 0 1 1 0 -0 -0 1 0 
1 0 0 100 0 0 1 1 0 -0 -0 1 0 
1 0 0 100 0 0 1 1 0 -0 -0 1 0 
2 41.402419381093999 -11.61204845804 100 0 0 1 0 1 0 -1 0 0 2
2 41.402419381093999 11.612048458046001 100 0 0 1 0 -1 0 1 0 -0 2
2 0 0 100 0 0 1 1 0 -0 -0 1 0 41
9 0 1 0 0 2 2 3 5 2 4 37.533432159686001 13.720111891462 99.081999999999994  1 37.533432159686001 13.720111891462 99.540999999999997  1 37.533432159686001 13.720111891462 107.5  1 37.533432159686001 13.720111891462 115.459  1 37.533432159686001 13.720111891462 115.91800000000001  1 
38.729121472911999 13.510323243616 99.081999999999994  0.85485041426499997 38.729121472911999 13.510323243616 99.540999999999997  0.85485041426499997 38.729121472911999 13.510323243616 107.5  0.85485041426499997 38.729121472911999 13.510323243616 115.459  0.85485041426499997 38.729121472911999 13.510323243616 115.91800000000001  0.85485041426499997 
39.094870331867 12.352777571644999 99.081999999999994  1 39.094870331867 12.352777571644999 99.540999999999997  1 39.094870331867 12.352777571644999 107.5  1 39.094870331867 12.352777571644999 115.459  1 39.094870331867 12.352777571644999 115.91800000000001  1 

0 3
15 3

-0.91800000000000004 3
2.630404574711e-14 1
15 1
15.917999999999999 3

2 37.879060832962999 15.690020726968999 99.799999999999997 0 0 1 0.92387953251127652 0.38268343236511454 -0 -0.38268343236511454 0.92387953251127652 0 2
9 0 1 0 0 2 2 3 5 2 4 36.378980708671001 18.909515133873001 99.081999999999994  1 36.378980708671001 18.909515133873001 99.540999999999997  1 36.378980708671001 18.909515133873001 107.5  1 36.378980708671001 18.909515133873001 115.459  1 36.378980708671001 18.909515133873001 115.91800000000001  1 
36.938865604476 17.832383241311 99.081999999999994  0.85485041426499997 36.938865604476 17.832383241311 99.540999999999997  0.85485041426499997 36.938865604476 17.832383241311 107.5  0.85485041426499997 36.938865604476 17.832383241311 115.459  0.85485041426499997 36.938865604476 17.832383241311 115.91800000000001  0.85485041426499997 
36.241728558410003 16.838560244229001 99.081999999999994  1 36.241728558410003 16.838560244229001 99.540999999999997  1 36.241728558410003 16.838560244229001 107.5  1 36.241728558410003 16.838560244229001 115.459  1 36.241728558410003 16.838560244229001 115.91800000000001  1 

0 3
15 3

-0.91800000000000004 3
2.6572927885879999e-14 1
15 1
15.917999999999999 3

2 0 0 100 0 0 1 1 0 -0 -0 1 0 41
1 32.959695549679999 19.366206258125001 100 0 0 1 0.70710678118654757 0.70710678118654757 -0 -0.70710678118654757 0.70710678118654757 0 
1 0 0 100 0 0 1 1 0 -0 -0 1 0 
2 0 0 100 0 0 1 1 0 -0 -0 1 0 41
9 0 1 0 0 2 2 3 5 2 4 16.838560244229001 36.241728558410003 99.081999999999994  1 16.838560244229001 36.241728558410003 99.540999999999997  1 16.838560244229001 36.241728558410003 107.5  1 16.838560244229001 36.241728558410003 115.459  1 16.838560244229001 36.241728558410003 115.91800000000001  1 
17.832383241311 36.938865604476 99.081999999999994  0.85485041426499997 17.832383241311 36.938865604476 99.540999999999997  0.85485041426499997 17.832383241311 36.938865604476 107.5  0.85485041426499997 17.832383241311 36.938865604476 115.459  0.85485041426499997 17.832383241311 36.938865604476 115.91800000000001  0.85485041426499997 
18.909515133873001 36.378980708671001 99.081999999999994  1 18.909515133873001 36.378980708671001 99.540999999999997  1 18.909515133873001 36.378980708671001 107.5  1 18.909515133873001 36.378980708671001 115.459  1 18.909515133873001 36.378980708671001 115.91800000000001  1 

0 3
15 3

-0.91800000000000004 3
2.6399455538279999e-14 1
15 1
15.917999999999999 3

2 15.690020726968999 37.879060832962999 99.799999999999997 0 0 1 0.38268343236511454 0.92387953251127652 -0 -0.92387953251127652 0.38268343236511454 0 2
9 0 1 0 0 2 2 3 5 2 4 12.352777571644999 39.094870331867 99.081999999999994  1 12.352777571644999 39.094870331867 99.540999999999997  1 12.352777571644999 39.094870331867 107.5  1 12.352777571644999 39.094870331867 115.459  1 12.352777571644999 39.094870331867 115.91800000000001  1 
13.510323243616 38.729121472911999 99.081999999999994  0.85485041426499997 13.510323243616 38.729121472911999 99.540999999999997  0.85485041426499997 13.510323243616 38.729121472911999 107.5  0.85485041426499997 13.510323243616 38.729121472911999 115.459  0.85485041426499997 13.510323243616 38.729121472911999 115.91800000000001  0.85485041426499997 
13.720111891462 37.533432159686001 99.081999999999994  1 13.720111891462 37.533432159686001 99.540999999999997  1 13.720111891462 37.533432159686001 107.5  1 13.720111891462 37.533432159686001 115.459  1 13.720111891462 37.533432159686001 115.91800000000001  1 

0 3
15 3

-0.91800000000000004 3
2.6896432842699999e-14 1
15 1
15.917999999999999 3

2 0 0 100 0 0 1 1 0 -0 -0 1 0 41
1 9.6120484580460008 37 100 0 0 1 1.110223024625e-16 1 -0 -1 1.110223024625e-16 0 
1 0 0 100 0 0 1 1 0 -0 -0 1 0 
2 0 0 100 0 0 1 1 0 -0 -0 1 0 41
9 0 1 0 0 2 2 3 5 2 4 -13.720111891449999 37.533432159687997 99.081999999999994  1 -13.720111891449999 37.533432159687997 99.540999999999997  1 -13.720111891449999 37.533432159687997 107.5  1 -13.720111891449999 37.533432159687997 115.459  1 -13.720111891449999 37.533432159687997 115.91800000000001  1 
-13.5103232436 38.729121472914997 99.081999999999994  0.85485041426499997 -13.5103232436 38.729121472914997 99.540999999999997  0.85485041426499997 -13.5103232436 38.729121472914997 107.5  0.85485041426499997 -13.5103232436 38.729121472914997 115.459  0.85485041426499997 -13.5103232436 38.729121472914997 115.91800000000001  0.85485041426499997 
-12.35277757163 39.094870331869998 99.081999999999994  1 -12.35277757163 39.094870331869998 99.540999999999997  1 -12.35277757163 39.094870331869998 107.5  1 -12.35277757163 39.094870331869998 115.459  1 -12.35277757163 39.094870331869998 115.91800000000001  1 

0 3
15 3

-0.91800000000000004 3
2.6243764106320001e-14 1
15 1
15.917999999999999 3

2 -15.69002072696 37.879060832962999 99.799999999999997 0 0 1 -0.38268343236511454 0.92387953251127652 0 -0.92387953251127652 -0.38268343236511454 0 2
9 0 1 0 0 2 2 3 5 2 4 -18.909515133860001 36.378980708672998 99.081999999999994  1 -18.909515133860001 36.378980708672998 99.540999999999997  1 -18.909515133860001 36.378980708672998 107.5  1 -18.909515133860001 36.378980708672998 115.459  1 -18.909515133860001 36.378980708672998 115.91800000000001  1 
-17.832383241300001 36.938865604478998 99.081999999999994  0.85485041426499997 -17.832383241300001 36.938865604478998 99.540999999999997  0.85485041426499997 -17.832383241300001 36.938865604478998 107.5  0.85485041426499997 -17.832383241300001 36.938865604478998 115.459  0.85485041426499997 -17.832383241300001 36.938865604478998 115.91800000000001  0.85485041426499997 
-16.838560244220002 36.241728558411999 99.081999999999994  1 -16.838560244220002 36.241728558411999 99.540999999999997  1 -16.838560244220002 36.241728558411999 107.5  1 -16.838560244220002 36.241728558411999 115.459  1 -16.838560244220002 36.241728558411999 115.91800000000001  1 

0 3
15 3

-0.91800000000000004 3
2.6297277005830001e-14 1
15 1
15.917999999999999 3

2 0 0 100 0 0 1 1 0 -0 -0 1 0 41
1 -19.366206258119998 32.959695549679999 100 0 0 1 -0.70710678118654757 0.70710678118654757 0 -0.70710678118654757 -0.70710678118654757 0 
1 0 0 100 0 0 1 1 0 -0 -0 1 0 
2 0 0 100 0 0 1 1 0 -0 -0 1 0 41
9 0 1 0 0 2 2 3 5 2 4 -36.241728558399998 16.838560244229999 99.081999999999994  1 -36.241728558399998 16.838560244229999 99.540999999999997  1 -36.241728558399998 16.838560244229999 107.5  1 -36.241728558399998 16.838560244229999 115.459  1 -36.241728558399998 16.838560244229999 115.91800000000001  1 
-36.938865604470003 17.832383241312002 99.081999999999994  0.85485041426499997 -36.938865604470003 17.832383241312002 99.540999999999997  0.85485041426499997 -36.938865604470003 17.832383241312002 107.5  0.85485041426499997 -36.938865604470003 17.832383241312002 115.459  0.85485041426499997 -36.938865604470003 17.832383241312002 115.91800000000001  0.85485041426499997 
-36.378980708660002 18.909515133875999 99.081999999999994  1 -36.378980708660002 18.909515133875999 99.540999999999997  1 -36.378980708660002 18.909515133875999 107.5  1 -36.378980708660002 18.909515133875999 115.459  1 -36.378980708660002 18.909515133875999 115.91800000000001  1 

0 3
15 3

-0.91800000000000004 3
2.6458436136470001e-14 1
15 1
15.917999999999999 3

2 -37.87906083296 15.690020726968999 99.799999999999997 0 0 1 -0.92387953251127652 0.38268343236511454 0 -0.38268343236511454 -0.92387953251127652 0 2
9 0 1 0 0 2 2 3 5 2 4 -39.094870331860001 12.352777571643999 99.081999999999994  1 -39.094870331860001 12.352777571643999 99.540999999999997  1 -39.094870331860001 12.352777571643999 107.5  1 -39.094870331860001 12.352777571643999 115.459  1 -39.094870331860001 12.352777571643999 115.91800000000001  1 
-38.729121472910002 13.510323243616 99.081999999999994  0.85485041426499997 -38.729121472910002 13.510323243616 99.540999999999997  0.85485041426499997 -38.729121472910002 13.510323243616 107.5  0.85485041426499997 -38.729121472910002 13.510323243616 115.459  0.85485041426499997 -38.729121472910002 13.510323243616 115.91800000000001  0.85485041426499997 
-37.533432159679997 13.720111891462 99.081999999999994  1 -37.533432159679997 13.720111891462 99.540999999999997  1 -37.533432159679997 13.720111891462 107.5  1 -37.533432159679997 13.720111891462 115.459  1 -37.533432159679997 13.720111891462 115.91800000000001  1 

0 3
15 3

-0.91800000000000004 3
2.709571865826e-14 1
15 1
15.917999999999999 3

2 0 0 100 0 0 1 1 0 -0 -0 1 0 41
1 -37 9.6120484580460008 100 0 0 1 -1 1.2246467991469999e-16 0 -1.2246467991469999e-16 -1 0 
1 0 0 100 0 0 1 1 0 -0 -0 1 0 
2 0 0 100 0 0 1 1 0 -0 -0 1 0 41
9 0 1 0 0 2 2 3 5 2 4 -37.533432159679997 -13.720111891449999 99.081999999999994  1 -37.533432159679997 -13.720111891449999 99.540999999999997  1 -37.533432159679997 -13.720111891449999 107.5  1 -37.533432159679997 -13.720111891449999 115.459  1 -37.533432159679997 -13.720111891449999 115.91800000000001  1 
-38.729121472910002 -13.5103232436 99.081999999999994  0.85485041426499997 -38.729121472910002 -13.5103232436 99.540999999999997  0.85485041426499997 -38.729121472910002 -13.5103232436 107.5  0.85485041426499997 -38.729121472910002 -13.5103232436 115.459  0.85485041426499997 -38.729121472910002 -13.5103232436 115.91800000000001  0.85485041426499997 
-39.094870331869998 -12.35277757163 99.081999999999994  1 -39.094870331869998 -12.35277757163 99.540999999999997  1 -39.094870331869998 -12.35277757163 107.5  1 -39.094870331869998 -12.35277757163 115.459  1 -39.094870331869998 -12.35277757163 115.91800000000001  1 

0 3
15 3

-0.91800000000000004 3
2.621644221157e-14 1
15 1
15.917999999999999 3

2 -37.87906083296 -15.69002072696 99.799999999999997 0 0 1 -0.92387953251127652 -0.38268343236511454 0 0.38268343236511454 -0.92387953251127652 0 2
9 0 1 0 0 2 2 3 5 2 4 -36.378980708669999 -18.909515133869998 99.081999999999994  1 -36.378980708669999 -18.909515133869998 99.540999999999997  1 -36.378980708669999 -18.909515133869998 107.5  1 -36.378980708669999 -18.909515133869998 115.459  1 -36.378980708669999 -18.909515133869998 115.91800000000001  1 
-36.938865604470003 -17.832383241300001 99.081999999999994  0.85485041426499997 -36.938865604470003 -17.832383241300001 99.540999999999997  0.85485041426499997 -36.938865604470003 -17.832383241300001 107.5  0.85485041426499997 -36.938865604470003 -17.832383241300001 115.459  0.85485041426499997 -36.938865604470003 -17.832383241300001 115.91800000000001  0.85485041426499997 
-36.241728558399998 -16.838560244220002 99.081999999999994  1 -36.241728558399998 -16.838560244220002 99.540999999999997  1 -36.241728558399998 -16.838560244220002 107.5  1 -36.241728558399998 -16.838560244220002 115.459  1 -36.241728558399998 -16.838560244220002 115.91800000000001  1 

0 3
15 3

-0.91800000000000004 3
2.6458436136470001e-14 1
15 1
15.917999999999999 3

2 0 0 100 0 0 1 1 0 -0 -0 1 0 41
1 -32.959695549679999 -19.366206258119998 100 0 0 1 -0.70710678118654757 -0.70710678118654757 0 0.70710678118654757 -0.70710678118654757 0 
1 0 0 100 0 0 1 1 0 -0 -0 1 0 
2 0 0 100 0 0 1 1 0 -0 -0 1 0 41
9 0 1 0 0 2 2 3 5 2 4 -16.838560244220002 -36.241728558399998 99.081999999999994  1 -16.838560244220002 -36.241728558399998 99.540999999999997  1 -16.838560244220002 -36.241728558399998 107.5  1 -16.838560244220002 -36.241728558399998 115.459  1 -16.838560244220002 -36.241728558399998 115.91800000000001  1 
-17.832383241300001 -36.938865604470003 99.081999999999994  0.85485041426499997 -17.832383241300001 -36.938865604470003 99.540999999999997  0.85485041426499997 -17.832383241300001 -36.938865604470003 107.5  0.85485041426499997 -17.832383241300001 -36.938865604470003 115.459  0.85485041426499997 -17.832383241300001 -36.938865604470003 115.91800000000001  0.85485041426499997 
-18.909515133869998 -36.378980708669999 99.081999999999994  1 -18.909515133869998 -36.378980708669999 99.540999999999997  1 -18.909515133869998 -36.378980708669999 107.5  1 -18.909515133869998 -36.378980708669999 115.459  1 -18.909515133869998 -36.378980708669999 115.91800000000001  1 

0 3
15 3

-0.91800000000000004 3
2.645453300865e-14 1
15 1
15.917999999999999 3

2 -15.69002072696 -37.87906083296 99.799999999999997 0 0 1 -0.38268343236511454 -0.92387953251127652 0 0.92387953251127652 -0.38268343236511454 0 2
9 0 1 0 0 2 2 3 5 2 4 -12.35277757163 -39.094870331869998 99.081999999999994  1 -12.35277757163 -39.094870331869998 99.540999999999997  1 -12.35277757163 -39.094870331869998 107.5  1 -12.35277757163 -39.094870331869998 115.459  1 -12.35277757163 -39.094870331869998 115.91800000000001  1 
-13.5103232436 -38.729121472910002 99.081999999999994  0.85485041426499997 -13.5103232436 -38.729121472910002 99.540999999999997  0.85485041426499997 -13.5103232436 -38.729121472910002 107.5  0.85485041426499997 -13.5103232436 -38.729121472910002 115.459  0.85485041426499997 -13.5103232436 -38.729121472910002 115.91800000000001  0.85485041426499997 
-13.720111891449999 -37.533432159679997 99.081999999999994  1 -13.720111891449999 -37.533432159679997 99.540999999999997  1 -13.720111891449999 -37.533432159679997 107.5  1 -13.720111891449999 -37.533432159679997 115.459  1 -13.720111891449999 -37.533432159679997 115.91800000000001  1 

0 3
15 3

-0.91800000000000004 3
2.621644221157e-14 1
15 1
15.917999999999999 3

2 0 0 100 0 0 1 1 0 -0 -0 1 0 41
1 -9.6120484580460008 -37 100 0 0 1 -2.22044604925e-16 -1 0 1 -2.22044604925e-16 0 
1 0 0 100 0 0 1 1 0 -0 -0 1 0 
2 0 0 100 0 0 1 1 0 -0 -0 1 0 41
9 0 1 0 0 2 2 3 5 2 4 13.720111891462 -37.533432159679997 99.081999999999994  1 13.720111891462 -37.533432159679997 99.540999999999997  1 13.720111891462 -37.533432159679997 107.5  1 13.720111891462 -37.533432159679997 115.459  1 13.720111891462 -37.533432159679997 115.91800000000001  1 
13.510323243616 -38.729121472910002 99.081999999999994  0.85485041426499997 13.510323243616 -38.729121472910002 99.540999999999997  0.85485041426499997 13.510323243616 -38.729121472910002 107.5  0.85485041426499997 13.510323243616 -38.729121472910002 115.459  0.85485041426499997 13.510323243616 -38.729121472910002 115.91800000000001  0.85485041426499997 
12.352777571643999 -39.094870331860001 99.081999999999994  1 12.352777571643999 -39.094870331860001 99.540999999999997  1 12.352777571643999 -39.094870331860001 107.5  1 12.352777571643999 -39.094870331860001 115.459  1 12.352777571643999 -39.094870331860001 115.91800000000001  1 

0 3
15 3

-0.91800000000000004 3
2.624289674458e-14 1
15 1
15.917999999999999 3

2 15.690020726968999 -37.87906083296 99.799999999999997 0 0 1 0.38268343236511454 -0.92387953251127652 0 0.92387953251127652 0.38268343236511454 -0 2
9 0 1 0 0 2 2 3 5 2 4 18.909515133875999 -36.378980708660002 99.081999999999994  1 18.909515133875999 -36.378980708660002 99.540999999999997  1 18.909515133875999 -36.378980708660002 107.5  1 18.909515133875999 -36.378980708660002 115.459  1 18.909515133875999 -36.378980708660002 115.91800000000001  1 
17.832383241312002 -36.938865604470003 99.081999999999994  0.85485041426499997 17.832383241312002 -36.938865604470003 99.540999999999997  0.85485041426499997 17.832383241312002 -36.938865604470003 107.5  0.85485041426499997 17.832383241312002 -36.938865604470003 115.459  0.85485041426499997 17.832383241312002 -36.938865604470003 115.91800000000001  0.85485041426499997 
16.838560244229999 -36.241728558399998 99.081999999999994  1 16.838560244229999 -36.241728558399998 99.540999999999997  1 16.838560244229999 -36.241728558399998 107.5  1 16.838560244229999 -36.241728558399998 115.459  1 16.838560244229999 -36.241728558399998 115.91800000000001  1 

0 3
15 3

-0.91800000000000004 3
2.6464941349500001e-14 1
15 1
15.917999999999999 3

2 0 0 100 0 0 1 1 0 -0 -0 1 0 41
1 19.366206258125001 -32.959695549679999 100 0 0 1 0.70710678118654757 -0.70710678118654757 0 0.70710678118654757 0.70710678118654757 -0 
1 0 0 100 0 0 1 1 0 -0 -0 1 0 
2 0 0 100 0 0 1 1 0 -0 -0 1 0 41
9 0 1 0 0 2 2 3 5 2 4 36.241728558411999 -16.838560244220002 99.081999999999994  1 36.241728558411999 -16.838560244220002 99.540999999999997  1 36.241728558411999 -16.838560244220002 107.5  1 36.241728558411999 -16.838560244220002 115.459  1 36.241728558411999 -16.838560244220002 115.91800000000001  1 
36.938865604478998 -17.832383241300001 99.081999999999994  0.85485041426499997 36.938865604478998 -17.832383241300001 99.540999999999997  0.85485041426499997 36.938865604478998 -17.832383241300001 107.5  0.85485041426499997 36.938865604478998 -17.832383241300001 115.459  0.85485041426499997 36.938865604478998 -17.832383241300001 115.91800000000001  0.85485041426499997 
36.378980708672998 -18.909515133860001 99.081999999999994  1 36.378980708672998 -18.909515133860001 99.540999999999997  1 36.378980708672998 -18.909515133860001 107.5  1 36.378980708672998 -18.909515133860001 115.459  1 36.378980708672998 -18.909515133860001 115.91800000000001  1 

0 3
15 3

-0.91800000000000004 3
2.6353540832819999e-14 1
15 1
15.917999999999999 3

2 37.879060832962999 -15.69002072696 99.799999999999997 0 0 1 0.92387953251127652 -0.38268343236511454 0 0.38268343236511454 0.92387953251127652 -0 2
9 0 1 0 0 2 2 3 5 2 4 39.094870331869998 -12.35277757163 99.081999999999994  1 39.094870331869998 -12.35277757163 99.540999999999997  1 39.094870331869998 -12.35277757163 107.5  1 39.094870331869998 -12.35277757163 115.459  1 39.094870331869998 -12.35277757163 115.91800000000001  1 
38.729121472914997 -13.5103232436 99.081999999999994  0.85485041426499997 38.729121472914997 -13.5103232436 99.540999999999997  0.85485041426499997 38.729121472914997 -13.5103232436 107.5  0.85485041426499997 38.729121472914997 -13.5103232436 115.459  0.85485041426499997 38.729121472914997 -13.5103232436 115.91800000000001  0.85485041426499997 
37.533432159687997 -13.720111891449999 99.081999999999994  1 37.533432159687997 -13.720111891449999 99.540999999999997  1 37.533432159687997 -13.720111891449999 107.5  1 37.533432159687997 -13.720111891449999 115.459  1 37.533432159687997 -13.720111891449999 115.91800000000001  1 

0 3
15 3

-0.91800000000000004 3
2.692151841814e-14 1
15 1
15.917999999999999 3

2 0 0 100 0 0 1 1 0 -0 -0 1 0 41
2 0 0 100 0 0 1 1 0 -0 -0 1 0 20
1 0 0 115 0 0 1 1 0 -0 -0 1 0 
1 0 0 115 0 0 1 1 0 -0 -0 1 0 
2 37.486889710051997 21.06497329375 100 0 0 1 -0.87178813279177969 -0.48988309985487621 0 0.48988309985487621 -0.87178813279177969 0 2
1 32.959695549679999 19.366206258125001 100 -0.70710678118654757 0.70710678118654757 0 0 0 1 0.70710678118654757 0.70710678118654757 -0 
2 56.987183974399002 46.22212180759 100 0 0 1 0.70710678118654757 0.70710678118654757 -0 -0.70710678118654757 0.70710678118654757 0 2
2 0 0 99.799999999999997 0 0 1 1 0 -0 -0 1 0 74.980000000000004
2 0 0 99.799999999999997 0 0 1 1 0 -0 -0 1 0 74.980000000000004
2 46.22212180759 56.987183974399002 100 0 0 1 0.70710678118654757 0.70710678118654757 -0 -0.70710678118654757 0.70710678118654757 0 2
1 19.366206258125001 32.959695549679999 100 -0.70710678118654757 0.70710678118654757 0 0 0 1 0.70710678118654757 0.70710678118654757 -0 
2 21.06497329375 37.486889710051997 100 0 0 1 -0.48988309985487621 -0.87178813279177969 0 0.87178813279177969 -0.48988309985487621 0 2
2 11.612048458046001 41.402419381093999 100 0 0 1 -0.27004763855902159 -0.96284696235107692 0 0.96284696235107692 -0.27004763855902159 0 2
1 9.6120484580460008 37 100 -1 1.110223024625e-16 0 0 0 1 1.110223024625e-16 1 -0 
2 7.6120484580459999 72.980000000000004 100 0 0 1 1.110223024625e-16 1 -0 -1 1.110223024625e-16 0 2
2 0 0 99.799999999999997 0 0 1 1 0 -0 -0 1 0 74.980000000000004
2 0 0 99.799999999999997 0 0 1 1 0 -0 -0 1 0 74.980000000000004
2 -7.6120484580449999 72.980000000000004 100 0 0 1 1.110223024625e-16 1 -0 -1 1.110223024625e-16 0 2
1 -9.6120484580460008 37 100 -1 1.110223024625e-16 0 0 0 1 1.110223024625e-16 1 -0 
2 -11.61204845804 41.402419381093999 100 0 0 1 0.27004763855902159 -0.96284696235107692 0 0.96284696235107692 0.27004763855902159 -0 2
2 -21.06497329374 37.486889710052999 100 0 0 1 0.48988309985487621 -0.87178813279177969 0 0.87178813279177969 0.48988309985487621 -0 2
1 -19.366206258119998 32.959695549679999 100 -0.70710678118654757 -0.70710678118654757 0 0 0 1 -0.70710678118654757 0.70710678118654757 0 
2 -46.22212180759 56.987183974399002 100 0 0 1 -0.70710678118654757 0.70710678118654757 0 -0.70710678118654757 -0.70710678118654757 0 2
2 0 0 99.799999999999997 0 0 1 1 0 -0 -0 1 0 74.980000000000004
2 0 0 99.799999999999997 0 0 1 1 0 -0 -0 1 0 74.980000000000004
2 -56.98718397439 46.22212180759 100 0 0 1 -0.70710678118654757 0.70710678118654757 0 -0.70710678118654757 -0.70710678118654757 0 2
1 -32.959695549679999 19.366206258125001 100 -0.70710678118654757 -0.70710678118654757 0 0 0 1 -0.70710678118654757 0.70710678118654757 0 
2 -37.486889710050001 21.06497329375 100 0 0 1 0.87178813279177969 -0.48988309985487621 0 0.48988309985487621 0.87178813279177969 -0 2
2 -41.402419381089999 11.612048458046001 100 0 0 1 0.96284696235107692 -0.27004763855902159 0 0.27004763855902159 0.96284696235107692 -0 2
1 -37 9.6120484580460008 100 -1.2246467991469999e-16 -1 0 0 0 1 -1 1.2246467991469999e-16 0 
2 -72.980000000000004 7.6120484580459999 100 0 0 1 -1 1.2246467991469999e-16 0 -1.2246467991469999e-16 -1 0 2
2 0 0 99.799999999999997 0 0 1 1 0 -0 -0 1 0 74.980000000000004
2 0 0 99.799999999999997 0 0 1 1 0 -0 -0 1 0 74.980000000000004
2 -72.980000000000004 -7.6120484580449999 100 0 0 1 -1 1.2246467991469999e-16 0 -1.2246467991469999e-16 -1 0 2
1 -37 -9.6120484580460008 100 -1.2246467991469999e-16 -1 0 0 0 1 -1 1.2246467991469999e-16 0 
2 -41.402419381089999 -11.61204845804 100 0 0 1 0.96284696235107692 0.27004763855902159 -0 -0.27004763855902159 0.96284696235107692 0 2
2 -37.486889710050001 -21.06497329374 100 0 0 1 0.87178813279177969 0.48988309985487621 -0 -0.48988309985487621 0.87178813279177969 0 2
1 -32.959695549679999 -19.366206258119998 100 0.70710678118654757 -0.70710678118654757 0 0 0 1 -0.70710678118654757 -0.70710678118654757 0 
2 -56.98718397439 -46.22212180759 100 0 0 1 -0.70710678118654757 -0.70710678118654757 0 0.70710678118654757 -0.70710678118654757 0 2
2 0 0 99.799999999999997 0 0 1 1 0 -0 -0 1 0 74.980000000000004
2 0 0 99.799999999999997 0 0 1 1 0 -0 -0 1 0 74.980000000000004
2 -46.22212180759 -56.98718397439 100 0 0 1 -0.70710678118654757 -0.70710678118654757 0 0.70710678118654757 -0.70710678118654757 0 2
1 -19.366206258119998 -32.959695549679999 100 0.70710678118654757 -0.70710678118654757 0 0 0 1 -0.70710678118654757 -0.70710678118654757 0 
2 -21.06497329374 -37.486889710050001 100 0 0 1 0.48988309985487621 0.87178813279177969 -0 -0.87178813279177969 0.48988309985487621 0 2
2 -11.61204845804 -41.402419381089999 100 0 0 1 0.27004763855902159 0.96284696235107692 -0 -0.96284696235107692 0.27004763855902159 0 2
1 -9.6120484580460008 -37 100 1 -2.22044604925e-16 0 0 0 1 -2.22044604925e-16 -1 0 
2 -7.6120484580459999 -72.980000000000004 100 0 0 1 -2.22044604925e-16 -1 0 1 -2.22044604925e-16 0 2
2 0 0 99.799999999999997 0 0 1 1 0 -0 -0 1 0 74.980000000000004
2 0 0 99.799999999999997 0 0 1 1 0 -0 -0 1 0 74.980000000000004
2 7.6120484580449999 -72.980000000000004 100 0 0 1 -2.22044604925e-16 -1 0 1 -2.22044604925e-16 0 2
1 9.6120484580450007 -37 100 1 -2.22044604925e-16 0 0 0 1 -2.22044604925e-16 -1 0 
2 11.612048458045001 -41.402419381089999 100 0 0 1 -0.27004763855902159 0.96284696235107692 0 -0.96284696235107692 -0.27004763855902159 0 2
2 21.06497329375 -37.486889710050001 100 0 0 1 -0.48988309985487621 0.87178813279177969 0 -0.87178813279177969 -0.48988309985487621 0 2
1 19.366206258125001 -32.959695549679999 100 0.70710678118654757 0.70710678118654757 0 0 -0 1 0.70710678118654757 -0.70710678118654757 -0 
2 46.22212180759 -56.98718397439 100 0 0 1 0.70710678118654757 -0.70710678118654757 0 0.70710678118654757 0.70710678118654757 -0 2
2 0 0 99.799999999999997 0 0 1 1 0 -0 -0 1 0 74.980000000000004
2 0 0 99.799999999999997 0 0 1 1 0 -0 -0 1 0 74.980000000000004
2 56.987183974399002 -46.22212180759 100 0 0 1 0.70710678118654757 -0.70710678118654757 0 0.70710678118654757 0.70710678118654757 -0 2
1 32.959695549679999 -19.366206258119998 100 0.70710678118654757 0.70710678118654757 0 0 -0 1 0.70710678118654757 -0.70710678118654757 -0 
2 37.486889710052999 -21.06497329374 100 0 0 1 -0.87178813279177969 0.48988309985487621 0 -0.48988309985487621 -0.87178813279177969 0 2
1 32.959695549679999 19.366206258125001 115 0 0 1 0.70710678118654757 0.70710678118654757 -0 -0.70710678118654757 0.70710678118654757 0 
1 0 0 115 0 0 1 1 0 -0 -0 1 0 
1 9.6120484580460008 37 115 0 0 1 1.110223024625e-16 1 -0 -1 1.110223024625e-16 0 
1 0 0 115 0 0 1 1 0 -0 -0 1 0 
1 -19.366206258119998 32.959695549679999 115 0 0 1 -0.70710678118654757 0.70710678118654757 0 -0.70710678118654757 -0.70710678118654757 0 
1 0 0 115 0 0 1 1 0 -0 -0 1 0 
1 -37 9.6120484580460008 115 0 0 1 -1 1.2246467991469999e-16 0 -1.2246467991469999e-16 -1 0 
1 0 0 115 0 0 1 1 0 -0 -0 1 0 
1 -32.959695549679999 -19.366206258119998 115 0 0 1 -0.70710678118654757 -0.70710678118654757 0 0.70710678118654757 -0.70710678118654757 0 
1 0 0 115 0 0 1 1 0 -0 -0 1 0 
1 -9.6120484580460008 -37 115 0 0 1 -2.22044604925e-16 -1 0 1 -2.22044604925e-16 0 
1 0 0 115 0 0 1 1 0 -0 -0 1 0 
1 19.366206258125001 -32.959695549679999 115 0 0 1 0.70710678118654757 -0.70710678118654757 0 0.70710678118654757 0.70710678118654757 -0 
1 0 0 115 0 0 1 1 0 -0 -0 1 0 
5 0 0 115 0 -0 -1 0.70710678118654757 0.70710678118654746 0 -0.70710678118654746 0.70710678118654757 0 70.480000000000004 1.5
2 56.987183974399173 46.222121807589311 100 0 0 1 0.70710678118654757 0.70710678118654746 0 -0.70710678118654746 0.70710678118654757 0 2
2 0 0 115 0 -0 -1 0.70710678118654757 0.70710678118654746 0 -0.70710678118654746 0.70710678118654757 0 74.980000000000004
2 0 0 115 0 -0 -1 0.70710678118654757 0.70710678118654746 0 -0.70710678118654746 0.70710678118654757 0 74.980000000000004
2 46.222121807589318 56.987183974399166 100 0 0 1 0.70710678118654757 0.70710678118654746 0 -0.70710678118654746 0.70710678118654757 0 2
5 0 0 115 0 -0 -1 0.70710678118654757 0.70710678118654746 0 -0.70710678118654746 0.70710678118654757 0 70.480000000000004 1.5
5 0 0 115 0 -0 -1 1.1102230246251565e-16 1 0 -1 1.1102230246251565e-16 0 70.480000000000004 1.5
2 7.6120484580460079 72.980000000000004 100 0 0 1 1.1102230246251565e-16 1 0 -1 1.1102230246251565e-16 0 2
2 0 0 115 0 -0 -1 1.1102230246251565e-16 1 0 -1 1.1102230246251565e-16 0 74.980000000000004
2 0 0 115 0 -0 -1 1.1102230246251565e-16 1 0 -1 1.1102230246251565e-16 0 74.980000000000004
2 -7.6120484580459919 72.980000000000004 100 0 0 1 1.1102230246251565e-16 1 0 -1 1.1102230246251565e-16 0 2
5 0 0 115 0 -0 -1 1.1102230246251565e-16 1 0 -1 1.1102230246251565e-16 0 70.480000000000004 1.5
5 0 0 115 0 0 -1 -0.70710678118654746 0.70710678118654757 0 -0.70710678118654757 -0.70710678118654746 0 70.480000000000004 1.5
2 -46.222121807589311 56.987183974399173 100 0 0 1 -0.70710678118654746 0.70710678118654757 0 -0.70710678118654757 -0.70710678118654746 0 2
2 0 0 115 0 0 -1 -0.70710678118654746 0.70710678118654757 0 -0.70710678118654757 -0.70710678118654746 0 74.980000000000004
2 0 0 115 0 0 -1 -0.70710678118654746 0.70710678118654757 0 -0.70710678118654757 -0.70710678118654746 0 74.980000000000004
2 -56.987183974399166 46.222121807589318 100 0 0 1 -0.70710678118654746 0.70710678118654757 0 -0.70710678118654757 -0.70710678118654746 0 2
5 0 0 115 0 0 -1 -0.70710678118654746 0.70710678118654757 0 -0.70710678118654757 -0.70710678118654746 0 70.480000000000004 1.5
5 0 0 115 0 0 -1 -1 1.2246063538223773e-16 0 -1.2246063538223773e-16 -1 0 70.480000000000004 1.5
2 -72.980000000000004 7.6120484580460088 100 0 0 1 -1 1.2246063538223773e-16 0 -1.2246063538223773e-16 -1 0 2
2 0 0 115 0 0 -1 -1 1.2246063538223773e-16 0 -1.2246063538223773e-16 -1 0 74.980000000000004
2 0 0 115 0 0 -1 -1 1.2246063538223773e-16 0 -1.2246063538223773e-16 -1 0 74.980000000000004
2 -72.980000000000004 -7.6120484580459911 100 0 0 1 -1 1.2246063538223773e-16 0 -1.2246063538223773e-16 -1 0 2
5 0 0 115 0 0 -1 -1 1.2246063538223773e-16 0 -1.2246063538223773e-16 -1 0 70.480000000000004 1.5
5 0 0 115 0 0 -1 -0.70710678118654768 -0.70710678118654746 0 0.70710678118654746 -0.70710678118654768 0 70.480000000000004 1.5
2 -56.98718397439918 -46.222121807589311 100 0 0 1 -0.70710678118654768 -0.70710678118654746 0 0.70710678118654746 -0.70710678118654768 0 2
2 0 0 115 0 0 -1 -0.70710678118654768 -0.70710678118654746 0 0.70710678118654746 -0.70710678118654768 0 74.980000000000004
2 0 0 115 0 0 -1 -0.70710678118654768 -0.70710678118654746 0 0.70710678118654746 -0.70710678118654768 0 74.980000000000004
2 -46.222121807589325 -56.987183974399166 100 0 0 1 -0.70710678118654768 -0.70710678118654746 0 0.70710678118654746 -0.70710678118654768 0 2
5 0 0 115 0 0 -1 -0.70710678118654768 -0.70710678118654746 0 0.70710678118654746 -0.70710678118654768 0 70.480000000000004 1.5
5 0 0 115 0 0 -1 -2.2204460492503131e-16 -1 0 1 -2.2204460492503131e-16 0 70.480000000000004 1.5
2 -7.6120484580460159 -72.980000000000004 100 0 0 1 -2.2204460492503131e-16 -1 0 1 -2.2204460492503131e-16 0 2
2 0 0 115 0 0 -1 -2.2204460492503131e-16 -1 0 1 -2.2204460492503131e-16 0 74.980000000000004
2 0 0 115 0 0 -1 -2.2204460492503131e-16 -1 0 1 -2.2204460492503131e-16 0 74.980000000000004
2 7.612048458045984 -72.980000000000004 100 0 0 1 -2.2204460492503131e-16 -1 0 1 -2.2204460492503131e-16 0 2
5 0 0 115 0 0 -1 -2.2204460492503131e-16 -1 0 1 -2.2204460492503131e-16 0 70.480000000000004 1.5
5 0 0 115 -0 0 -1 0.70710678118654735 -0.70710678118654768 0 0.70710678118654768 0.70710678118654735 0 70.480000000000004 1.5
2 46.222121807589303 -56.98718397439918 100 0 0 1 0.70710678118654735 -0.70710678118654768 0 0.70710678118654768 0.70710678118654735 0 2
2 0 0 115 -0 0 -1 0.70710678118654735 -0.70710678118654768 0 0.70710678118654768 0.70710678118654735 0 74.980000000000004
2 0 0 115 -0 0 -1 0.70710678118654735 -0.70710678118654768 0 0.70710678118654768 0.70710678118654735 0 74.980000000000004
2 56.987183974399159 -46.222121807589325 100 0 0 1 0.70710678118654735 -0.70710678118654768 0 0.70710678118654768 0.70710678118654735 0 2
5 0 0 115 -0 0 -1 0.70710678118654735 -0.70710678118654768 0 0.70710678118654768 0.70710678118654735 0 70.480000000000004 1.5
2 0 0 115 0 -0 -1 0.70710678118654757 0.70710678118654746 0 -0.70710678118654746 0.70710678118654757 0 68.980000000000004
2 0 0 115 0 -0 -1 0.70710678118654757 0.70710678118654746 0 -0.70710678118654746 0.70710678118654757 0 68.980000000000004
2 0 0 115 0 -0 -1 1.1102230246251565e-16 1 0 -1 1.1102230246251565e-16 0 68.980000000000004
2 0 0 115 0 -0 -1 1.1102230246251565e-16 1 0 -1 1.1102230246251565e-16 0 68.980000000000004
2 0 0 115 0 0 -1 -0.70710678118654746 0.70710678118654757 0 -0.70710678118654757 -0.70710678118654746 0 68.980000000000004
2 0 0 115 0 0 -1 -0.70710678118654746 0.70710678118654757 0 -0.70710678118654757 -0.70710678118654746 0 68.980000000000004
2 0 0 115 0 0 -1 -1 1.2246063538223773e-16 0 -1.2246063538223773e-16 -1 0 68.980000000000004
2 0 0 115 0 0 -1 -1 1.2246063538223773e-16 0 -1.2246063538223773e-16 -1 0 68.980000000000004
2 0 0 115 0 0 -1 -0.70710678118654768 -0.70710678118654746 0 0.70710678118654746 -0.70710678118654768 0 68.980000000000004
2 0 0 115 0 0 -1 -0.70710678118654768 -0.70710678118654746 0 0.70710678118654746 -0.70710678118654768 0 68.980000000000004
2 0 0 115 0 0 -1 -2.2204460492503131e-16 -1 0 1 -2.2204460492503131e-16 0 68.980000000000004
2 0 0 115 0 0 -1 -2.2204460492503131e-16 -1 0 1 -2.2204460492503131e-16 0 68.980000000000004
2 0 0 115 -0 0 -1 0.70710678118654735 -0.70710678118654768 0 0.70710678118654768 0.70710678118654735 0 68.980000000000004
2 0 0 115 -0 0 -1 0.70710678118654735 -0.70710678118654768 0 0.70710678118654768 0.70710678118654735 0 68.980000000000004
1 0 0 115 0 0 1 -0.70710678118654757 -0.70710678118654746 0 -0.70710678118654746 0.70710678118654757 0 
1 32.959695549680283 19.36620625812423 100 -0.70710678118654746 0.70710678118654757 0 0 0 1 0.70710678118654757 0.70710678118654746 0 
1 55.097101396221269 41.503612104665208 115 -0.70710678118654746 0.70710678118654757 0 0.70710678118654757 0.70710678118654746 0 0 0 -1 
5 0 0 115 0 -0 -1 0.70710678118654757 0.70710678118654746 0 -0.70710678118654746 0.70710678118654757 0 70.480000000000004 0.79999999999999716
2 0 0 115 0 -0 -1 0.70710678118654757 0.70710678118654746 0 -0.70710678118654746 0.70710678118654757 0 69.680000000000007
1 32.959695549680283 19.36620625812423 115 0 0 1 0.70710678118654757 0.70710678118654746 0 -0.70710678118654746 0.70710678118654757 0 
5 0 0 115 0 -0 -1 0.70710678118654757 0.70710678118654746 0 -0.70710678118654746 0.70710678118654757 0 70.480000000000004 0.79999999999999716
2 0 0 115 0 -0 -1 0.70710678118654757 0.70710678118654746 0 -0.70710678118654746 0.70710678118654757 0 69.680000000000007
1 19.366206258124237 32.959695549680283 100 -0.70710678118654746 0.70710678118654757 0 0 0 1 0.70710678118654757 0.70710678118654746 0 
1 41.503612104665216 55.097101396221262 115 -0.70710678118654746 0.70710678118654757 0 0.70710678118654757 0.70710678118654746 0 0 0 -1 
1 0 0 114.2 0 0 1 0.70710678118654757 0.70710678118654746 0 -0.70710678118654746 0.70710678118654757 0 
1 32.959695549680283 19.36620625812423 100 -0.70710678118654746 0.70710678118654757 0 0 0 1 0.70710678118654757 0.70710678118654746 0 
1 19.366206258124237 32.959695549680283 100 -0.70710678118654746 0.70710678118654757 0 0 0 1 0.70710678118654757 0.70710678118654746 0 
2 56.987183974399173 46.222121807589311 100 0 0 1 0.70710678118654757 0.70710678118654746 0 -0.70710678118654746 0.70710678118654757 0 2
2 0 0 99.799999999999997 0 0 1 0.70710678118654757 0.70710678118654746 0 -0.70710678118654746 0.70710678118654757 0 74.980000000000004
2 46.222121807589318 56.987183974399166 100 0 0 1 0.70710678118654757 0.70710678118654746 0 -0.70710678118654746 0.70710678118654757 0 2
2 0 0 99.799999999999997 0 0 1 0.70710678118654757 0.70710678118654746 0 -0.70710678118654746 0.70710678118654757 0 74.980000000000004
1 42.003413778351344 55.596903069907391 115 -0.70710678118654746 0.70710678118654757 0 0.70710678118654757 0.70710678118654746 0 0 0 -1 
2 46.222121807589318 56.987183974399166 115 0 0 -1 0.70710678118654746 -0.70710678118654757 0 0.70710678118654757 0.70710678118654746 0 2
2 0 0 115 0 -0 -1 0.70710678118654757 0.70710678118654746 0 -0.70710678118654746 0.70710678118654757 0 74.980000000000004
2 0 0 115 0 -0 -1 0.70710678118654757 0.70710678118654746 0 -0.70710678118654746 0.70710678118654757 0 74.980000000000004
2 56.987183974399173 46.222121807589311 115 0 -0 -1 0.70710678118654746 -0.70710678118654757 0 -0.70710678118654757 -0.70710678118654746 0 2
1 55.596903069907398 42.003413778351337 115 -0.70710678118654746 0.70710678118654757 0 0.70710678118654757 0.70710678118654746 0 0 0 -1 
1 0 0 115 0 0 1 -0.70710678118654757 -0.70710678118654746 0 -0.70710678118654746 0.70710678118654757 0 
1 32.959695549680283 19.36620625812423 115 0 0 1 0.70710678118654757 0.70710678118654746 0 -0.70710678118654746 0.70710678118654757 0 
1 0 0 115 0 0 1 -1.1102230246251565e-16 -1 0 -1 1.1102230246251565e-16 0 
1 9.6120484580460044 37 100 -1 1.1102230246251565e-16 0 0 0 1 1.1102230246251565e-16 1 0 
1 9.6120484580460079 68.307019583935698 115 -1 1.1102230246251565e-16 0 1.1102230246251565e-16 1 0 0 0 -1 
5 0 0 115 0 -0 -1 1.1102230246251565e-16 1 0 -1 1.1102230246251565e-16 0 70.480000000000004 0.79999999999999716
2 0 0 115 0 -0 -1 1.1102230246251565e-16 1 0 -1 1.1102230246251565e-16 0 69.680000000000007
1 9.6120484580460044 37 115 0 0 1 1.1102230246251565e-16 1 0 -1 1.1102230246251565e-16 0 
5 0 0 115 0 -0 -1 1.1102230246251565e-16 1 0 -1 1.1102230246251565e-16 0 70.480000000000004 0.79999999999999716
2 0 0 115 0 -0 -1 1.1102230246251565e-16 1 0 -1 1.1102230246251565e-16 0 69.680000000000007
1 -9.6120484580459973 37 100 -1 1.1102230246251565e-16 0 0 0 1 1.1102230246251565e-16 1 0 
1 -9.6120484580459937 68.307019583935698 115 -1 1.1102230246251565e-16 0 1.1102230246251565e-16 1 0 0 0 -1 
1 0 0 114.2 0 0 1 1.1102230246251565e-16 1 0 -1 1.1102230246251565e-16 0 
1 9.6120484580460044 37 100 -1 1.1102230246251565e-16 0 0 0 1 1.1102230246251565e-16 1 0 
1 -9.6120484580459973 37 100 -1 1.1102230246251565e-16 0 0 0 1 1.1102230246251565e-16 1 0 
2 7.6120484580460079 72.980000000000004 100 0 0 1 1.1102230246251565e-16 1 0 -1 1.1102230246251565e-16 0 2
2 0 0 99.799999999999997 0 0 1 1.1102230246251565e-16 1 0 -1 1.1102230246251565e-16 0 74.980000000000004
2 -7.6120484580459919 72.980000000000004 100 0 0 1 1.1102230246251565e-16 1 0 -1 1.1102230246251565e-16 0 2
2 0 0 99.799999999999997 0 0 1 1.1102230246251565e-16 1 0 -1 1.1102230246251565e-16 0 74.980000000000004
1 -9.6120484580459937 69.013845889359402 115 -1 1.1102230246251565e-16 0 1.1102230246251565e-16 1 0 0 0 -1 
2 -7.6120484580459919 72.980000000000004 115 0 0 -1 1 -1.1102230246251565e-16 0 1.1102230246251565e-16 1 0 2
2 0 0 115 0 -0 -1 1.1102230246251565e-16 1 0 -1 1.1102230246251565e-16 0 74.980000000000004
2 0 0 115 0 -0 -1 1.1102230246251565e-16 1 0 -1 1.1102230246251565e-16 0 74.980000000000004
2 7.6120484580460079 72.980000000000004 115 0 -0 -1 1 -1.1102230246251565e-16 0 -1.1102230246251565e-16 -1 0 2
1 9.6120484580460079 69.013845889359402 115 -1 1.1102230246251565e-16 0 1.1102230246251565e-16 1 0 0 0 -1 
1 0 0 115 0 0 1 -1.1102230246251565e-16 -1 0 -1 1.1102230246251565e-16 0 
1 9.6120484580460044 37 115 0 0 1 1.1102230246251565e-16 1 0 -1 1.1102230246251565e-16 0 
1 0 0 115 0 0 1 0.70710678118654746 -0.70710678118654757 0 -0.70710678118654757 -0.70710678118654746 0 
1 -19.36620625812423 32.959695549680283 100 -0.70710678118654757 -0.70710678118654746 0 0 0 1 -0.70710678118654746 0.70710678118654757 0 
1 -41.503612104665208 55.097101396221269 115 -0.70710678118654757 -0.70710678118654746 0 -0.70710678118654746 0.70710678118654757 0 -0 0 -1 
5 0 0 115 0 0 -1 -0.70710678118654746 0.70710678118654757 0 -0.70710678118654757 -0.70710678118654746 0 70.480000000000004 0.79999999999999716
2 0 0 115 0 0 -1 -0.70710678118654746 0.70710678118654757 0 -0.70710678118654757 -0.70710678118654746 0 69.680000000000007
1 -19.36620625812423 32.959695549680283 115 0 0 1 -0.70710678118654746 0.70710678118654757 0 -0.70710678118654757 -0.70710678118654746 0 
5 0 0 115 0 0 -1 -0.70710678118654746 0.70710678118654757 0 -0.70710678118654757 -0.70710678118654746 0 70.480000000000004 0.79999999999999716
2 0 0 115 0 0 -1 -0.70710678118654746 0.70710678118654757 0 -0.70710678118654757 -0.70710678118654746 0 69.680000000000007
1 -32.959695549680283 19.366206258124237 100 -0.70710678118654757 -0.70710678118654746 0 0 0 1 -0.70710678118654746 0.70710678118654757 0 
1 -55.097101396221262 41.503612104665216 115 -0.70710678118654757 -0.70710678118654746 0 -0.70710678118654746 0.70710678118654757 0 -0 0 -1 
1 0 0 114.2 0 0 1 -0.70710678118654746 0.70710678118654757 0 -0.70710678118654757 -0.70710678118654746 0 
1 -19.36620625812423 32.959695549680283 100 -0.70710678118654757 -0.70710678118654746 0 0 0 1 -0.70710678118654746 0.70710678118654757 0 
1 -32.959695549680283 19.366206258124237 100 -0.70710678118654757 -0.70710678118654746 0 0 0 1 -0.70710678118654746 0.70710678118654757 0 
2 -46.222121807589311 56.987183974399173 100 0 0 1 -0.70710678118654746 0.70710678118654757 0 -0.70710678118654757 -0.70710678118654746 0 2
2 0 0 99.799999999999997 0 0 1 -0.70710678118654746 0.70710678118654757 0 -0.70710678118654757 -0.70710678118654746 0 74.980000000000004
2 -56.987183974399166 46.222121807589318 100 0 0 1 -0.70710678118654746 0.70710678118654757 0 -0.70710678118654757 -0.70710678118654746 0 2
2 0 0 99.799999999999997 0 0 1 -0.70710678118654746 0.70710678118654757 0 -0.70710678118654757 -0.70710678118654746 0 74.980000000000004
1 -55.596903069907391 42.003413778351344 115 -0.70710678118654757 -0.70710678118654746 0 -0.70710678118654746 0.70710678118654757 0 -0 0 -1 
2 -56.987183974399166 46.222121807589318 115 0 0 -1 0.70710678118654757 0.70710678118654746 0 -0.70710678118654746 0.70710678118654757 0 2
2 0 0 115 0 0 -1 -0.70710678118654746 0.70710678118654757 0 -0.70710678118654757 -0.70710678118654746 0 74.980000000000004
2 0 0 115 0 0 -1 -0.70710678118654746 0.70710678118654757 0 -0.70710678118654757 -0.70710678118654746 0 74.980000000000004
2 -46.222121807589311 56.987183974399173 115 0 0 -1 0.70710678118654757 0.70710678118654746 0 0.70710678118654746 -0.70710678118654757 0 2
1 -42.003413778351337 55.596903069907398 115 -0.70710678118654757 -0.70710678118654746 0 -0.70710678118654746 0.70710678118654757 0 -0 0 -1 
1 0 0 115 0 0 1 0.70710678118654746 -0.70710678118654757 0 -0.70710678118654757 -0.70710678118654746 0 
1 -19.36620625812423 32.959695549680283 115 0 0 1 -0.70710678118654746 0.70710678118654757 0 -0.70710678118654757 -0.70710678118654746 0 
1 0 0 115 0 0 1 1 -1.2246063538223773e-16 0 -1.2246063538223773e-16 -1 0 
1 -37 9.6120484580460062 100 -1.2246063538223773e-16 -1 0 0 0 1 -1 1.2246063538223773e-16 0 
1 -68.307019583935698 9.6120484580460097 115 -1.2246063538223773e-16 -1 0 -1 1.2246063538223773e-16 0 -0 0 -1 
5 0 0 115 0 0 -1 -1 1.2246063538223773e-16 0 -1.2246063538223773e-16 -1 0 70.480000000000004 0.79999999999999716
2 0 0 115 0 0 -1 -1 1.2246063538223773e-16 0 -1.2246063538223773e-16 -1 0 69.680000000000007
1 -37 9.6120484580460062 115 0 0 1 -1 1.2246063538223773e-16 0 -1.2246063538223773e-16 -1 0 
5 0 0 115 0 0 -1 -1 1.2246063538223773e-16 0 -1.2246063538223773e-16 -1 0 70.480000000000004 0.79999999999999716
2 0 0 115 0 0 -1 -1 1.2246063538223773e-16 0 -1.2246063538223773e-16 -1 0 69.680000000000007
1 -37 -9.6120484580459955 100 -1.2246063538223773e-16 -1 0 0 0 1 -1 1.2246063538223773e-16 0 
1 -68.307019583935698 -9.6120484580459919 115 -1.2246063538223773e-16 -1 0 -1 1.2246063538223773e-16 0 -0 0 -1 
1 0 0 114.2 0 0 1 -1 1.2246063538223773e-16 0 -1.2246063538223773e-16 -1 0 
1 -37 9.6120484580460062 100 -1.2246063538223773e-16 -1 0 0 0 1 -1 1.2246063538223773e-16 0 
1 -37 -9.6120484580459955 100 -1.2246063538223773e-16 -1 0 0 0 1 -1 1.2246063538223773e-16 0 
2 -72.980000000000004 7.6120484580460088 100 0 0 1 -1 1.2246063538223773e-16 0 -1.2246063538223773e-16 -1 0 2
2 0 0 99.799999999999997 0 0 1 -1 1.2246063538223773e-16 0 -1.2246063538223773e-16 -1 0 74.980000000000004
2 -72.980000000000004 -7.6120484580459911 100 0 0 1 -1 1.2246063538223773e-16 0 -1.2246063538223773e-16 -1 0 2
2 0 0 99.799999999999997 0 0 1 -1 1.2246063538223773e-16 0 -1.2246063538223773e-16 -1 0 74.980000000000004
1 -69.013845889359402 -9.6120484580459919 115 -1.2246063538223773e-16 -1 0 -1 1.2246063538223773e-16 0 -0 0 -1 
2 -72.980000000000004 -7.6120484580459911 115 0 0 -1 1.2246063538223773e-16 1 0 -1 1.2246063538223773e-16 0 2
2 0 0 115 0 0 -1 -1 1.2246063538223773e-16 0 -1.2246063538223773e-16 -1 0 74.980000000000004
2 0 0 115 0 0 -1 -1 1.2246063538223773e-16 0 -1.2246063538223773e-16 -1 0 74.980000000000004
2 -72.980000000000004 7.6120484580460088 115 0 0 -1 1.2246063538223773e-16 1 0 1 -1.2246063538223773e-16 0 2
1 -69.013845889359402 9.6120484580460097 115 -1.2246063538223773e-16 -1 0 -1 1.2246063538223773e-16 0 -0 0 -1 
1 0 0 115 0 0 1 1 -1.2246063538223773e-16 0 -1.2246063538223773e-16 -1 0 
1 -37 9.6120484580460062 115 0 0 1 -1 1.2246063538223773e-16 0 -1.2246063538223773e-16 -1 0 
1 0 0 115 0 0 1 0.70710678118654768 0.70710678118654746 0 0.70710678118654746 -0.70710678118654768 0 
1 -32.959695549680291 -19.36620625812423 100 0.70710678118654746 -0.70710678118654768 0 0 0 1 -0.70710678118654768 -0.70710678118654746 0 
1 -55.097101396221277 -41.503612104665208 115 0.70710678118654746 -0.70710678118654768 0 -0.70710678118654768 -0.70710678118654746 0 0 -0 -1 
5 0 0 115 0 0 -1 -0.70710678118654768 -0.70710678118654746 0 0.70710678118654746 -0.70710678118654768 0 70.480000000000004 0.79999999999999716
2 0 0 115 0 0 -1 -0.70710678118654768 -0.70710678118654746 0 0.70710678118654746 -0.70710678118654768 0 69.680000000000007
1 -32.959695549680291 -19.36620625812423 115 0 0 1 -0.70710678118654768 -0.70710678118654746 0 0.70710678118654746 -0.70710678118654768 0 
5 0 0 115 0 0 -1 -0.70710678118654768 -0.70710678118654746 0 0.70710678118654746 -0.70710678118654768 0 70.480000000000004 0.79999999999999716
2 0 0 115 0 0 -1 -0.70710678118654768 -0.70710678118654746 0 0.70710678118654746 -0.70710678118654768 0 69.680000000000007
1 -19.36620625812424 -32.959695549680283 100 0.70710678118654746 -0.70710678118654768 0 0 0 1 -0.70710678118654768 -0.70710678118654746 0 
1 -41.503612104665223 -55.097101396221262 115 0.70710678118654746 -0.70710678118654768 0 -0.70710678118654768 -0.70710678118654746 0 0 -0 -1 
1 0 0 114.2 0 0 1 -0.70710678118654768 -0.70710678118654746 0 0.70710678118654746 -0.70710678118654768 0 
1 -32.959695549680291 -19.36620625812423 100 0.70710678118654746 -0.70710678118654768 0 0 0 1 -0.70710678118654768 -0.70710678118654746 0 
1 -19.36620625812424 -32.959695549680283 100 0.70710678118654746 -0.70710678118654768 0 0 0 1 -0.70710678118654768 -0.70710678118654746 0 
2 -56.98718397439918 -46.222121807589311 100 0 0 1 -0.70710678118654768 -0.70710678118654746 0 0.70710678118654746 -0.70710678118654768 0 2
2 0 0 99.799999999999997 0 0 1 -0.70710678118654768 -0.70710678118654746 0 0.70710678118654746 -0.70710678118654768 0 74.980000000000004
2 -46.222121807589325 -56.987183974399166 100 0 0 1 -0.70710678118654768 -0.70710678118654746 0 0.70710678118654746 -0.70710678118654768 0 2
2 0 0 99.799999999999997 0 0 1 -0.70710678118654768 -0.70710678118654746 0 0.70710678118654746 -0.70710678118654768 0 74.980000000000004
1 -42.003413778351359 -55.596903069907391 115 0.70710678118654746 -0.70710678118654768 0 -0.70710678118654768 -0.70710678118654746 0 0 -0 -1 
2 -46.222121807589325 -56.987183974399166 115 -0 0 -1 -0.70710678118654746 0.70710678118654768 0 -0.70710678118654768 -0.70710678118654746 0 2
2 0 0 115 0 0 -1 -0.70710678118654768 -0.70710678118654746 0 0.70710678118654746 -0.70710678118654768 0 74.980000000000004
2 0 0 115 0 0 -1 -0.70710678118654768 -0.70710678118654746 0 0.70710678118654746 -0.70710678118654768 0 74.980000000000004
2 -56.98718397439918 -46.222121807589311 115 0 0 -1 -0.70710678118654746 0.70710678118654768 0 0.70710678118654768 0.70710678118654746 0 2
1 -55.596903069907412 -42.003413778351337 115 0.70710678118654746 -0.70710678118654768 0 -0.70710678118654768 -0.70710678118654746 0 0 -0 -1 
1 0 0 115 0 0 1 0.70710678118654768 0.70710678118654746 0 0.70710678118654746 -0.70710678118654768 0 
1 -32.959695549680291 -19.36620625812423 115 0 0 1 -0.70710678118654768 -0.70710678118654746 0 0.70710678118654746 -0.70710678118654768 0 
1 0 0 115 0 0 1 2.2204460492503131e-16 1 0 1 -2.2204460492503131e-16 0 
1 -9.6120484580460097 -37 100 1 -2.2204460492503131e-16 0 0 0 1 -2.2204460492503131e-16 -1 0 
1 -9.6120484580460168 -68.307019583935698 115 1 -2.2204460492503131e-16 0 -2.2204460492503131e-16 -1 0 0 -0 -1 
5 0 0 115 0 0 -1 -2.2204460492503131e-16 -1 0 1 -2.2204460492503131e-16 0 70.480000000000004 0.79999999999999716
2 0 0 115 0 0 -1 -2.2204460492503131e-16 -1 0 1 -2.2204460492503131e-16 0 69.680000000000007
1 -9.6120484580460097 -37 115 0 0 1 -2.2204460492503131e-16 -1 0 1 -2.2204460492503131e-16 0 
5 0 0 115 0 0 -1 -2.2204460492503131e-16 -1 0 1 -2.2204460492503131e-16 0 70.480000000000004 0.79999999999999716
2 0 0 115 0 0 -1 -2.2204460492503131e-16 -1 0 1 -2.2204460492503131e-16 0 69.680000000000007
1 9.6120484580459919 -37 100 1 -2.2204460492503131e-16 0 0 0 1 -2.2204460492503131e-16 -1 0 
1 9.6120484580459848 -68.307019583935698 115 1 -2.2204460492503131e-16 0 -2.2204460492503131e-16 -1 0 0 -0 -1 
1 0 0 114.2 0 0 1 -2.2204460492503131e-16 -1 0 1 -2.2204460492503131e-16 0 
1 -9.6120484580460097 -37 100 1 -2.2204460492503131e-16 0 0 0 1 -2.2204460492503131e-16 -1 0 
1 9.6120484580459919 -37 100 1 -2.2204460492503131e-16 0 0 0 1 -2.2204460492503131e-16 -1 0 
2 -7.6120484580460159 -72.980000000000004 100 0 0 1 -2.2204460492503131e-16 -1 0 1 -2.2204460492503131e-16 0 2
2 0 0 99.799999999999997 0 0 1 -2.2204460492503131e-16 -1 0 1 -2.2204460492503131e-16 0 74.980000000000004
2 7.612048458045984 -72.980000000000004 100 0 0 1 -2.2204460492503131e-16 -1 0 1 -2.2204460492503131e-16 0 2
2 0 0 99.799999999999997 0 0 1 -2.2204460492503131e-16 -1 0 1 -2.2204460492503131e-16 0 74.980000000000004
1 9.6120484580459848 -69.013845889359402 115 1 -2.2204460492503131e-16 0 -2.2204460492503131e-16 -1 0 0 -0 -1 
2 7.612048458045984 -72.980000000000004 115 -0 0 -1 -1 2.2204460492503131e-16 0 -2.2204460492503131e-16 -1 0 2
2 0 0 115 0 0 -1 -2.2204460492503131e-16 -1 0 1 -2.2204460492503131e-16 0 74.980000000000004
2 0 0 115 0 0 -1 -2.2204460492503131e-16 -1 0 1 -2.2204460492503131e-16 0 74.980000000000004
2 -7.6120484580460159 -72.980000000000004 115 0 0 -1 -1 2.2204460492503131e-16 0 2.2204460492503131e-16 1 0 2
1 -9.6120484580460168 -69.013845889359402 115 1 -2.2204460492503131e-16 0 -2.2204460492503131e-16 -1 0 0 -0 -1 
1 0 0 115 0 0 1 2.2204460492503131e-16 1 0 1 -2.2204460492503131e-16 0 
1 -9.6120484580460097 -37 115 0 0 1 -2.2204460492503131e-16 -1 0 1 -2.2204460492503131e-16 0 
1 0 0 115 0 0 1 -0.70710678118654735 0.70710678118654768 0 0.70710678118654768 0.70710678118654735 0 
1 19.366206258124226 -32.959695549680291 100 0.70710678118654768 0.70710678118654735 0 0 0 1 0.70710678118654735 -0.70710678118654768 0 
1 41.503612104665194 -55.097101396221277 115 0.70710678118654768 0.70710678118654735 0 0.70710678118654735 -0.70710678118654768 0 0 0 -1 
5 0 0 115 -0 0 -1 0.70710678118654735 -0.70710678118654768 0 0.70710678118654768 0.70710678118654735 0 70.480000000000004 0.79999999999999716
2 0 0 115 -0 0 -1 0.70710678118654735 -0.70710678118654768 0 0.70710678118654768 0.70710678118654735 0 69.680000000000007
1 19.366206258124226 -32.959695549680291 115 0 0 1 0.70710678118654735 -0.70710678118654768 0 0.70710678118654768 0.70710678118654735 0 
5 0 0 115 -0 0 -1 0.70710678118654735 -0.70710678118654768 0 0.70710678118654768 0.70710678118654735 0 70.480000000000004 0.79999999999999716
2 0 0 115 -0 0 -1 0.70710678118654735 -0.70710678118654768 0 0.70710678118654768 0.70710678118654735 0 69.680000000000007
1 32.959695549680276 -19.36620625812424 100 0.70710678118654768 0.70710678118654735 0 0 0 1 0.70710678118654735 -0.70710678118654768 0 
1 55.097101396221248 -41.503612104665223 115 0.70710678118654768 0.70710678118654735 0 0.70710678118654735 -0.70710678118654768 0 0 0 -1 
1 0 0 114.2 0 0 1 0.70710678118654735 -0.70710678118654768 0 0.70710678118654768 0.70710678118654735 0 
1 19.366206258124226 -32.959695549680291 100 0.70710678118654768 0.70710678118654735 0 0 0 1 0.70710678118654735 -0.70710678118654768 0 
1 32.959695549680276 -19.36620625812424 100 0.70710678118654768 0.70710678118654735 0 0 0 1 0.70710678118654735 -0.70710678118654768 0 
2 46.222121807589303 -56.98718397439918 100 0 0 1 0.70710678118654735 -0.70710678118654768 0 0.70710678118654768 0.70710678118654735 0 2
2 0 0 99.799999999999997 0 0 1 0.70710678118654735 -0.70710678118654768 0 0.70710678118654768 0.70710678118654735 0 74.980000000000004
2 56.987183974399159 -46.222121807589325 100 0 0 1 0.70710678118654735 -0.70710678118654768 0 0.70710678118654768 0.70710678118654735 0 2
2 0 0 99.799999999999997 0 0 1 0.70710678118654735 -0.70710678118654768 0 0.70710678118654768 0.70710678118654735 0 74.980000000000004
1 55.596903069907384 -42.003413778351359 115 0.70710678118654768 0.70710678118654735 0 0.70710678118654735 -0.70710678118654768 0 0 0 -1 
2 56.987183974399159 -46.222121807589325 115 0 -0 -1 -0.70710678118654768 -0.70710678118654735 0 0.70710678118654735 -0.70710678118654768 0 2
2 0 0 115 -0 0 -1 0.70710678118654735 -0.70710678118654768 0 0.70710678118654768 0.70710678118654735 0 74.980000000000004
2 0 0 115 -0 0 -1 0.70710678118654735 -0.70710678118654768 0 0.70710678118654768 0.70710678118654735 0 74.980000000000004
2 46.222121807589303 -56.98718397439918 115 -0 0 -1 -0.70710678118654768 -0.70710678118654735 0 -0.70710678118654735 0.70710678118654768 0 2
1 42.00341377835133 -55.596903069907412 115 0.70710678118654768 0.70710678118654735 0 0.70710678118654735 -0.70710678118654768 0 0 0 -1 
1 0 0 115 0 0 1 -0.70710678118654735 0.70710678118654768 0 0.70710678118654768 0.70710678118654735 0 
1 19.366206258124226 -32.959695549680291 115 0 0 1 0.70710678118654735 -0.70710678118654768 0 0.70710678118654768 0.70710678118654735 0 
Triangulations 0

TShapes 2385
Ve
1.000001e-06
68.3070195839357 -9.61204845804602 115
0 0

0101101
*
Ve
1.000001e-06
69.0138458893594 -9.61204845804426 115
0 0

0101101
*
Ed
 1e-07 1 1 0
1  1 0 31.3070195839357 32.0138458893594
2  1 2 0 31.3070195839357 32.0138458893594
2  2 3 0 31.3070195839357 32.0138458893594
2  3 1 0 31.3070195839357 32.0138458893594
2  4 4 0 31.3070195839357 32.0138458893594
2  5 4 2 31.3070195839357 32.0138458893594
0

0101000
+2385 0 -2384 0 *
Ve
1e-07
69.68 0 115
0 0

0101101
*
Ed
 1e-07 1 1 0
1  2 0 6.14479843746376 6.28318530717959
2  6 5 0 6.14479843746376 6.28318530717959
2  7 6 0 6.14479843746376 6.28318530717959
2  8 2 0 6.14479843746376 6.28318530717959
2  9 1 0 6.14479843746376 6.28318530717959
2  10 7 0 6.14479843746376 6.28318530717959
2  11 7 2 6.14479843746376 6.28318530717959
0

0101000
+2384 0 -2382 0 *
Ve
1.000001e-06
69.0138458893594 9.61204845804426 115
0 0

0101101
*
Ed
 1e-07 1 1 0
1  2 0 0 0.138386869715829
2  6 5 0 0 0.138386869715829
2  7 6 0 0 0.138386869715829
2  12 2 0 0 0.138386869715829
2  13 1 0 0 0.138386869715829
2  14 8 0 0 0.138386869715829
2  15 8 2 0 0.138386869715829
0

0101000
+2382 0 -2380 0 *
Ve
1.000001e-06
68.3070195839357 9.61204845804606 115
0 0

0101101
*
Ed
 1e-07 1 1 0
1  3 0 31.3070195839357 32.0138458893594
2  16 2 0 31.3070195839357 32.0138458893594
2  17 9 0 31.3070195839357 32.0138458893594
2  18 1 0 31.3070195839357 32.0138458893594
2  19 10 0 31.3070195839357 32.0138458893594
2  20 10 2 31.3070195839357 32.0138458893594
0

0101000
+2378 0 -2380 0 *
Ve
1e-07
68.98 0 115
0 0

0101101
*
Ed
 1e-07 1 1 0
1  4 0 0 0.139800375103356
2  21 1 0 0 0.139800375103356
2  22 11 0 0 0.139800375103356
2  23 2 0 0 0.139800375103356
2  24 12 0 0 0.139800375103356
2  25 12 2 0 0.139800375103356
0

0101000
+2376 0 -2378 0 *
Ed
 1e-07 1 1 0
1  4 0 6.14338493207623 6.28318530717959
2  21 1 0 6.14338493207623 6.28318530717959
2  22 11 0 6.14338493207623 6.28318530717959
2  26 2 0 6.14338493207623 6.28318530717959
2  27 13 0 6.14338493207623 6.28318530717959
2  28 13 2 6.14338493207623 6.28318530717959
0

0101000
+2385 0 -2376 0 *
Wi

0101100
-2383 0 -2381 0 -2379 0 +2377 0 +2375 0 +2374 0 *
Fa
0  1e-07 1 0

0111000
+2373 0 *
Ve
1.5e-07
72.98 -9.612048458046 113.5
0 0

0101101
*
Ve
1.5e-07
72.98 -9.612048458046 114.2
0 0

0101101
*
Ed
 1e-07 1 1 0
1  5 0 13.5 14.2
2  29 14 0 13.5 14.2
4 G1 3 0 14 0
2  30 3 0 13.5 14.2
0

0101000
+2371 0 -2370 0 *
Ve
1.00000002131628e-06
69.821478961994 -9.61204845804602 114.2
0 0

0101101
*
Ed
 1.5e-07 1 1 0
1  6 0 -54.48 -51.321478961994
2  31 15 0 -54.48 -51.321478961994
2  32 3 0 -54.48 -51.321478961994
0

0101000
+2370 0 -2368 0 *
Ed
 1e-06 1 1 0
1  7 0 0 1
2  33 6 0 0 1
2  34 3 0 0 1
0

0101000
+2368 0 -2384 0 *
Ve
1.00000002131628e-06
69.821478961994 -9.61204845804602 113.5
0 0

0101101
*
Ed
 1e-06 1 1 0
1  8 0 0 1
2  35 11 0 0 1
2  36 3 0 0 1
0

0101000
+2365 0 -2385 0 *
Ed
 1.5e-07 1 1 0
1  9 0 -54.48 -51.321478961994
2  37 16 0 -54.48 -51.321478961994
2  38 3 0 -54.48 -51.321478961994
0

0101000
+2371 0 -2365 0 *
Wi

0101100
-2369 0 -2367 0 -2366 0 +2383 0 +2364 0 +2363 0 *
Fa
0  1e-07 3 0

0111000
+2362 0 *
Ve
1e-07
70.48 0 114.2
0 0

0101101
*
Ed
 1e-07 1 1 0
1  10 0 6.14637916198374 6.28318530717959
2  39 15 0 6.14637916198374 6.28318530717959
2  40 6 0 6.14637916198374 6.28318530717959
4 G1 15 0 6 0
0

0101000
+2368 0 -2360 0 *
Ed
 1e-07 1 1 0
1  11 0 0 1.5707963267949
3  41 42CN 6 0 0 1.5707963267949
0

0101000
+2360 0 -2382 0 *
Wi

0101100
+2359 0 -2366 0 -2381 0 +2358 0 *
Fa
0  1e-07 6 0

0111000
+2357 0 *
Ve
1.00000000177636e-06
69.821478961994 9.612048458046 114.2
0 0

0101101
*
Ed
 1e-06 1 1 0
1  12 0 0 1
2  43 6 0 0 1
2  44 9 0 0 1
0

0101000
+2355 0 -2380 0 *
Ed
 1e-07 1 1 0
1  10 0 0 0.136806145195846
2  39 15 0 0 0.136806145195846
2  40 6 0 0 0.136806145195846
4 G1 15 0 6 0
0

0101000
+2360 0 -2355 0 *
Wi

0101100
-2358 0 -2379 0 +2354 0 +2353 0 *
Fa
0  1e-07 6 0

0111000
+2352 0 *
Ve
1.5e-07
72.98 9.612048458046 113.5
0 0

0101101
*
Ve
1.5e-07
72.98 9.612048458046 114.2
0 0

0101101
*
Ed
 1e-07 1 1 0
1  13 0 13.5 14.2
2  45 17 0 13.5 14.2
4 G1 17 0 9 0
2  46 9 0 13.5 14.2
0

0101000
+2350 0 -2349 0 *
Ed
 1.5e-07 1 1 0
1  14 0 -54.48 -51.321478961994
2  47 15 0 -54.48 -51.321478961994
2  48 9 0 -54.48 -51.321478961994
0

0101000
+2349 0 -2355 0 *
Ve
1.00000000177636e-06
69.821478961994 9.612048458046 113.5
0 0

0101101
*
Ed
 1e-06 1 1 0
1  15 0 0 1
2  49 11 0 0 1
2  50 9 0 0 1
0

0101000
+2346 0 -2378 0 *
Ed
 1.5e-07 1 1 0
1  16 0 -54.48 -51.321478961994
2  51 16 0 -54.48 -51.321478961994
2  52 9 0 -54.48 -51.321478961994
0

0101000
+2350 0 -2346 0 *
Wi

0101100
-2348 0 -2347 0 -2354 0 +2377 0 +2345 0 +2344 0 *
Fa
0  1e-07 9 0

0111000
+2343 0 *
Ve
1e-07
70.48 0 113.5
0 0

0101101
*
Ed
 1e-07 1 1 0
1  17 0 0 1.5707963267949
3  53 54CN 11 0 0 1.5707963267949
0

0101000
+2341 0 -2376 0 *
Ed
 1e-07 1 1 0
1  18 0 0 0.136806145195846
2  55 16 0 0 0.136806145195846
2  56 11 0 0 0.136806145195846
4 G1 16 0 11 0
0

0101000
+2341 0 -2346 0 *
Wi

0101100
-2340 0 -2375 0 +2345 0 +2339 0 *
Fa
0  1e-07 11 0

0111000
+2338 0 *
Ed
 1e-07 1 1 0
1  18 0 6.14637916198374 6.28318530717959
2  55 16 0 6.14637916198374 6.28318530717959
2  56 11 0 6.14637916198374 6.28318530717959
4 G1 16 0 11 0
0

0101000
+2365 0 -2341 0 *
Wi

0101100
+2336 0 -2364 0 -2374 0 +2340 0 *
Fa
0  1e-07 11 0

0111000
+2335 0 *
Ve
1.00002442740623e-07
74.440504168891 -8.97840403865233 113.5
0 0

0101101
*
Ed
 1.00000003552714e-07 1 1 0
1  19 0 4.712388980385 5.53107984634447
2  57 16 0 4.712388980385 5.53107984634447
2  58 14 0 4.712388980385 5.53107984634447
0

0101000
+2371 0 -2333 0 *
Ve
1.00002442740623e-07
74.440504168891 -8.97840403865233 114.2
0 0

0101101
*
Ed
 1.00000003552714e-07 1 1 0
1  20 0 4.712388980385 5.53107984634447
2  59 15 0 4.712388980385 5.53107984634447
2  60 14 0 4.712388980385 5.53107984634447
0

0101000
+2370 0 -2331 0 *
Ed
 1.00000390216718e-07 1 1 0
1  21 0 13.5 14.2
2  61 14 0 13.5 14.2
2  62 18 0 13.5 14.2
2  63 19 0 13.5 14.2
0

0101000
+2333 0 -2331 0 *
Wi

0101100
+2332 0 -2369 0 -2330 0 +2329 0 *
Fa
0  1e-07 14 0

0111000
+2328 0 *
Ve
1.00000036729607e-07
74.98 0 114.2
0 0

0101101
*
Ed
 1e-07 1 1 0
1  22 0 6.16315329864395 6.28318530717959
2  64 20 0 6.16315329864395 6.28318530717959
2  65 15 0 6.16315329864395 6.28318530717959
2  66 18 0 6.16315329864395 6.28318530717959
2  67 19 0 6.16315329864395 6.28318530717959
0

0101000
+2331 0 -2326 0 *
Ve
1.00001751587085e-07
74.440504168891 8.97840403865236 114.2
0 0

0101101
*
Ed
 1.00000003552714e-07 1 1 0
1  23 0 0.752105460835736 1.570796326795
2  68 15 0 0.752105460835736 1.570796326795
2  69 17 0 0.752105460835736 1.570796326795
0

0101000
+2324 0 -2349 0 *
Ed
 1.00000000111022e-07 1 1 0
1  22 0 0 0.120032008535633
2  64 20 0 0 0.120032008535633
2  65 15 0 0 0.120032008535633
2  70 21 0 0 0.120032008535633
2  71 19 0 0 0.120032008535633
0

0101000
+2326 0 -2324 0 *
Wi

0101100
+2325 0 +2330 0 -2367 0 -2359 0 -2353 0 +2347 0 +2323 0 +2322 0 *
Fa
0  1e-07 15 0

0111000
+2321 0 *
Ve
1.00000036729607e-07
74.98 0 113.5
0 0

0101101
*
Ed
 1e-07 1 1 0
1  24 0 6.16315329864395 6.28318530717959
2  72 19 0 6.16315329864395 6.28318530717959
2  73 16 0 6.16315329864395 6.28318530717959
2  74 18 0 6.16315329864395 6.28318530717959
0

0101000
+2333 0 -2319 0 *
Ve
1.00001751587085e-07
74.440504168891 8.97840403865236 113.5
0 0

0101101
*
Ed
 1.00000003552714e-07 1 1 0
1  25 0 0.752105460835736 1.570796326795
2  75 16 0 0.752105460835736 1.570796326795
2  76 17 0 0.752105460835736 1.570796326795
0

0101000
+2317 0 -2350 0 *
Ed
 1.00000000111022e-07 1 1 0
1  24 0 0 0.120032008535633
2  72 19 0 0 0.120032008535633
2  73 16 0 0 0.120032008535633
2  77 21 0 0 0.120032008535633
0

0101000
+2319 0 -2317 0 *
Wi

0101100
+2318 0 +2332 0 -2363 0 -2336 0 -2339 0 +2344 0 +2316 0 +2315 0 *
Fa
0  1e-07 16 0

0111000
+2314 0 *
Ed
 1.00000386679061e-07 1 1 0
1  26 0 13.5 14.2
2  78 21 0 13.5 14.2
2  79 17 0 13.5 14.2
2  80 19 0 13.5 14.2
0

0101000
+2317 0 -2324 0 *
Wi

0101100
-2312 0 -2323 0 +2348 0 +2316 0 *
Fa
0  1e-07 17 0

0111000
+2311 0 *
Ed
 1.00000018364803e-07 1 1 0
1  27 0 0.799999999999997 1.5
3  81 82CN 19 0 0.799999999999997 1.5
2  83 18 0 0.799999999999997 1.5
2  84 21 0 0.799999999999997 1.5
0

0101000
+2326 0 -2319 0 *
Wi

0101100
+2329 0 -2318 0 +2309 0 +2325 0 *
Fa
0  1e-07 19 0

0111000
+2308 0 *
Wi

0101100
-2315 0 -2312 0 +2322 0 -2309 0 *
Fa
0  1e-07 19 0

0111000
+2306 0 *
Sh

0101100
-2372 0 -2361 0 +2356 0 +2351 0 +2342 0 -2337 0 -2334 0 +2327 0 +2320 0 -2313 0 
+2310 0 -2307 0 -2305 0 *
So

0100000
+2304 0 *
Ve
1e-07
72.98 9.612048458046 115
0 0

0101101
*
Ed
 1e-07 1 1 0
1  3 0 32.0138458893594 35.98
2  16 2 0 32.0138458893594 35.98
2  17 9 0 32.0138458893594 35.98
2  85 5 0 32.0138458893594 35.98
2  86 1 0 32.0138458893594 35.98
2  87 22 0 32.0138458893594 35.98
2  88 22 2 32.0138458893594 35.98
0

0101000
+2380 0 -2302 0 *
Ve
1.00000386679061e-07
74.440504168891 8.978404038651 115
0 0

0101101
*
Ed
 1e-07 1 1 0
1  28 0 2.32290178763074 3.14159265358979
2  89 17 0 2.32290178763074 3.14159265358979
2  90 2 0 2.32290178763074 3.14159265358979
2  91 1 0 2.32290178763074 3.14159265358979
2  92 5 0 2.32290178763074 3.14159265358979
2  93 23 0 2.32290178763074 3.14159265358979
2  94 23 2 2.32290178763074 3.14159265358979
0

0101000
+2300 0 -2302 0 *
Ve
1.00000039740304e-07
74.98 -1.20427905950656e-14 115
0 0

0101101
*
Ed
 1.00000000888178e-07 1 1 0
1  29 0 0 0.120032008535615
2  95 21 0 0 0.120032008535615
2  96 2 0 0 0.120032008535615
2  97 20 0 0 0.120032008535615
2  98 24 0 0 0.120032008535615
2  99 24 2 0 0.120032008535615
0

0101000
+2298 0 -2300 0 *
Ve
1.00000390216718e-07
74.440504168891 -8.978404038651 115
0 0

0101101
*
Ed
 1e-07 1 1 0
1  30 0 6.16315329864397 6.28318530717959
2  100 18 0 6.16315329864397 6.28318530717959
2  101 2 0 6.16315329864397 6.28318530717959
2  102 20 0 6.16315329864397 6.28318530717959
2  103 25 0 6.16315329864397 6.28318530717959
2  104 25 2 6.16315329864397 6.28318530717959
0

0101000
+2296 0 -2298 0 *
Ve
1e-07
72.98 -9.612048458046 115
0 0

0101101
*
Ed
 1e-07 1 1 0
1  31 0 5.46449444122053 6.28318530717959
2  105 14 0 5.46449444122053 6.28318530717959
2  106 2 0 5.46449444122053 6.28318530717959
2  107 1 0 5.46449444122053 6.28318530717959
2  108 5 0 5.46449444122053 6.28318530717959
2  109 26 0 5.46449444122053 6.28318530717959
2  110 26 2 5.46449444122053 6.28318530717959
0

0101000
+2296 0 -2294 0 *
Ed
 1e-07 1 1 0
1  1 0 32.0138458893594 35.98
2  1 2 0 32.0138458893594 35.98
2  2 3 0 32.0138458893594 35.98
2  111 5 0 32.0138458893594 35.98
2  112 1 0 32.0138458893594 35.98
2  113 27 0 32.0138458893594 35.98
2  114 27 2 32.0138458893594 35.98
0

0101000
+2384 0 -2294 0 *
Wi

0101100
-2381 0 -2379 0 -2301 0 +2299 0 +2297 0 +2295 0 -2293 0 +2292 0 *
Fa
0  1e-07 2 0

0111000
+2291 0 *
Ed
 1e-07 1 1 0
1  5 0 14.2 15
2  29 14 0 14.2 15
4 G1 3 0 14 0
2  30 3 0 14.2 15
0

0101000
+2370 0 -2294 0 *
Wi

0101100
-2289 0 +2292 0 +2366 0 +2367 0 *
Fa
0  1e-07 3 0

0111000
+2288 0 *
Ed
 1.00000390216718e-07 1 1 0
1  21 0 14.2 15
2  61 14 0 14.2 15
2  62 18 0 14.2 15
2  115 20 0 14.2 15
2  116 19 0 14.2 15
0

0101000
+2331 0 -2296 0 *
Wi

0101100
+2286 0 +2330 0 -2289 0 +2293 0 *
Fa
0  1e-07 14 0

0111000
+2285 0 *
Ed
 1.00000036729607e-07 1 1 0
1  32 0 14.4 15.2
2  117 18 0 14.4 15.2
2  118 21 0 14.4 15.2
4 CN 18 0 21 0
3  119 120C0 20 0 14.4 15.2
0

0101000
+2326 0 -2298 0 *
Wi

0101100
+2325 0 -2286 0 -2295 0 +2283 0 *
Fa
0  1e-07 18 0

0111000
+2282 0 *
Ed
 1.00000386679061e-07 1 1 0
1  26 0 14.2 15
2  78 21 0 14.2 15
2  79 17 0 14.2 15
2  121 20 0 14.2 15
2  122 19 0 14.2 15
0

0101000
+2324 0 -2300 0 *
Wi

0101100
-2297 0 +2280 0 +2322 0 -2283 0 *
Fa
0  1e-07 21 0

0111000
+2279 0 *
Ed
 1e-07 1 1 0
1  13 0 14.2 15
2  45 17 0 14.2 15
4 G1 17 0 9 0
2  46 9 0 14.2 15
0

0101000
+2349 0 -2302 0 *
Wi

0101100
-2280 0 -2299 0 +2277 0 +2323 0 *
Fa
0  1e-07 17 0

0111000
+2276 0 *
Wi

0101100
-2277 0 +2301 0 +2354 0 +2347 0 *
Fa
0  1e-07 9 0

0111000
+2274 0 *
Sh

0101100
+2290 0 -2356 0 -2287 0 +2284 0 +2281 0 +2278 0 +2275 0 +2273 0 -2351 0 -2320 0 
*
So

0100000
+2272 0 *
Ve
1e-07
41.402419381094 -9.612048458046 100
0 0

0101101
*
Ve
1e-07
72.98 -9.612048458046 100
0 0

0101101
*
Ed
 1e-07 1 1 0
1  33 0 4.402419381094 35.98
2  123 3 0 4.402419381094 35.98
0

0101000
+2270 0 -2269 0 *
Ve
1e-07
74.440504168891 -8.978404038651 100
0 0

0101101
*
Ed
 1e-07 1 1 0
1  34 0 5.46449444122053 6.28318530717959
2  124 14 0 5.46449444122053 6.28318530717959
0

0101000
+2267 0 -2269 0 *
Ve
1e-07
74.98 -1.806418589701e-14 100
0 0

0101101
*
Ed
 1e-07 1 1 0
1  35 0 6.16315329864397 6.28318530717959
2  125 18 0 6.16315329864397 6.28318530717959
0

0101000
+2267 0 -2265 0 *
Ve
1e-07
74.440504168891 8.978404038651 100
0 0

0101101
*
Ed
 1e-07 1 1 0
1  36 0 0 0.120032008535615
2  126 21 0 0 0.120032008535615
0

0101000
+2265 0 -2263 0 *
Ve
1e-07
72.98 9.612048458046 100
0 0

0101101
*
Ed
 1e-07 1 1 0
1  37 0 2.32290178763074 3.14159265358979
2  127 17 0 2.32290178763074 3.14159265358979
0

0101000
+2263 0 -2261 0 *
Ve
1e-07
41.402419381094 9.612048458046 100
0 0

0101101
*
Ed
 1e-07 1 1 0
1  38 0 4.402419381094 35.98
2  128 9 0 4.402419381094 35.98
0

0101000
+2259 0 -2261 0 *
Ve
1e-07
39.857352200569 9.612048458045 100
0 0

0101101
*
Ed
 1e-07 1 1 0
1  39 0 2.857352200569 4.402419381094
4 CN 28 0 29 0
0

0101000
+2257 0 -2259 0 *
Ve
1e-07
41 -1.004210375301e-14 100
0 0

0101101
*
Ed
 1e-07 1 1 0
1  40 0 0 0.236642685959085
4 CN 28 0 30 0
0

0101000
+2255 0 -2257 0 *
Ve
1e-07
39.857352200569 -9.612048458045 100
0 0

0101101
*
Ed
 1e-07 1 1 0
1  41 0 6.0465426212205 6.28318530717959
4 CN 28 0 30 0
0

0101000
+2253 0 -2255 0 *
Ed
 1e-07 1 1 0
1  42 0 2.857352200569 4.402419381094
4 CN 28 0 29 0
0

0101000
+2253 0 -2270 0 *
Wi

0101100
+2268 0 -2266 0 +2264 0 +2262 0 +2260 0 -2258 0 -2256 0 -2254 0 -2252 0 +2251 0 
*
Fa
0  1e-07 28 0

0111000
+2250 0 *
Ed
 1e-07 1 1 0
1  5 0 0 13.5
2  29 14 0 0 13.5
4 G1 3 0 14 0
2  30 3 0 0 13.5
0

0101000
+2269 0 -2371 0 *
Ve
1e-07
41.402419381094 -9.612048458046 115
0 0

0101101
*
Ed
 1e-07 1 1 0
1  1 0 4.402419381094 31.3070195839357
2  1 2 0 4.402419381094 31.3070195839357
2  2 3 0 4.402419381094 31.3070195839357
0

0101000
+2247 0 -2385 0 *
Ed
 1e-07 1 1 0
1  43 0 0 15
2  129 31 0 0 15
4 G1 3 0 31 0
2  130 3 0 0 15
0

0101000
+2270 0 -2247 0 *
Wi

0101100
-2268 0 -2248 0 -2363 0 -2364 0 +2246 0 +2245 0 *
Fa
0  1e-07 3 0

0111000
+2244 0 *
Ed
 1e-07 1 1 0
1  21 0 0 13.5
2  61 14 0 0 13.5
2  62 18 0 0 13.5
0

0101000
+2267 0 -2333 0 *
Wi

0101100
+2242 0 -2266 0 -2248 0 -2332 0 *
Fa
0  1e-07 14 0

0111000
+2241 0 *
Ed
 1e-07 1 1 0
1  32 0 0.2 13.7
2  117 18 0 0.2 13.7
2  118 21 0 0.2 13.7
4 CN 18 0 21 0
0

0101000
+2265 0 -2319 0 *
Wi

0101100
+2264 0 -2242 0 -2318 0 +2239 0 *
Fa
0  1e-07 18 0

0111000
+2238 0 *
Ed
 1e-07 1 1 0
1  26 0 0 13.5
2  78 21 0 0 13.5
2  79 17 0 0 13.5
0

0101000
+2263 0 -2317 0 *
Wi

0101100
-2315 0 +2236 0 +2262 0 -2239 0 *
Fa
0  1e-07 21 0

0111000
+2235 0 *
Ed
 1e-07 1 1 0
1  13 0 0 13.5
2  45 17 0 0 13.5
4 G1 17 0 9 0
2  46 9 0 0 13.5
0

0101000
+2261 0 -2350 0 *
Wi

0101100
-2236 0 -2316 0 +2233 0 +2260 0 *
Fa
0  1e-07 17 0

0111000
+2232 0 *
Ve
1e-07
41.402419381094 9.612048458046 115
0 0

0101101
*
Ed
 1e-07 1 1 0
1  3 0 4.402419381094 31.3070195839357
2  16 2 0 4.402419381094 31.3070195839357
2  17 9 0 4.402419381094 31.3070195839357
0

0101000
+2230 0 -2378 0 *
Ed
 1e-07 1 1 0
1  44 0 0 15
2  131 32 0 0 15
4 G1 9 0 32 0
2  132 9 0 0 15
0

0101000
+2259 0 -2230 0 *
Wi

0101100
-2258 0 -2233 0 -2344 0 -2345 0 +2229 0 +2228 0 *
Fa
0  1e-07 9 0

0111000
+2227 0 *
Ve
1e-07
39.476725456392 11.071953180928 100
0 0

0101101
*
Ve
1e-07
39.094870331867 12.352777571645 100
0 0

0101101
*
Ed
 1e-07 1 1 0
1  45 0 0.273442507895788 0.306042353752408
2  133 33 0 0.273442507895788 0.306042353752408
0

0101000
+2225 0 -2224 0 *
Ve
1e-07
37.533432159686 13.720111891462 100
0 0

0101101
*
Ed
 1e-07 1 1 0
1  46 0 0 1
2  134 34 0 0 1
0

0101000
+2222 0 -2224 0 *
Ve
1e-07
36.24172855841 16.838560244229 100
0 0

0101101
*
Ed
 1e-07 1 1 0
1  47 0 2.1371816924171 4.14600361476228
2  135 35 0 2.1371816924171 4.14600361476228
0

0101000
+2220 0 -2222 0 *
Ve
1e-07
36.378980708671 18.909515133873 100
0 0

0101101
*
Ed
 1e-07 1 1 0
1  48 0 0 1
2  136 36 0 0 1
0

0101000
+2218 0 -2220 0 *
Ve
1.97164382996887e-05
35.743313444468 20.085207094041 100
0 0

0101101
*
Ed
 1e-07 1 1 0
1  49 0 0.47935580964505 0.511955655501683
2  137 37 0 0.47935580964505 0.511955655501683
0

0101000
+2218 0 -2216 0 *
Ve
1e-07
34.980148666941 21.386659375384 100
0 0

0101101
*
Ed
 1e-07 1 1 0
1  50 0 0.511955655501683 0.548755477438321
4 C1 29 0 38 0
0

0101000
+2216 0 -2214 0 *
Ve
1e-07
34.373909112053 20.780419820498 100
0 0

0101101
*
Ed
 1e-07 1 1 0
1  51 0 1.99999999999987 2.85735220056809
4 CN 29 0 39 0
0

0101000
+2212 0 -2214 0 *
Ve
1e-07
31.545481987307 20.780419820498 100
0 0

0101101
*
Ed
 1e-07 1 1 0
1  52 0 4.71238898038469 6.28318530717959
4 CN 29 0 39 0
0

0101000
+2210 0 -2212 0 *
Ve
1e-07
20.780419820498 31.545481987307 100
0 0

0101101
*
Ed
 1e-07 1 1 0
1  53 0 1.99999999999987 17.2240969160907
4 CN 29 0 39 0
0

0101000
+2210 0 -2208 0 *
Ve
1e-07
20.780419820498 34.373909112053 100
0 0

0101101
*
Ed
 1e-07 1 1 0
1  54 0 1.5707963267949 3.14159265358979
4 CN 29 0 39 0
0

0101000
+2208 0 -2206 0 *
Ve
1e-07
21.386659375384 34.980148666941 100
0 0

0101101
*
Ed
 1e-07 1 1 0
1  55 0 1.99999999999987 2.85735220056809
4 CN 29 0 39 0
0

0101000
+2206 0 -2204 0 *
Ve
1.97213087451861e-05
20.085207094041 35.743313444468 100
0 0

0101101
*
Ed
 1e-07 1 1 0
1  56 0 1.02204084935658 1.05884067129321
4 C1 29 0 38 0
0

0101000
+2204 0 -2202 0 *
Ve
1e-07
18.909515133873 36.378980708671 100
0 0

0101101
*
Ed
 1e-07 1 1 0
1  57 0 1.05884067129321 1.09144051714985
2  138 40 0 1.05884067129321 1.09144051714985
0

0101000
+2202 0 -2200 0 *
Ve
1e-07
16.838560244229 36.24172855841 100
0 0

0101101
*
Ed
 1e-07 1 1 0
1  58 0 0 1
2  139 41 0 0 1
0

0101000
+2198 0 -2200 0 *
Ve
1e-07
13.720111891462 37.533432159686 100
0 0

0101101
*
Ed
 1e-07 1 1 0
1  59 0 2.1371816924173 4.14600361476249
2  140 42 0 2.1371816924173 4.14600361476249
0

0101000
+2196 0 -2198 0 *
Ve
1e-07
12.352777571645 39.094870331867 100
0 0

0101101
*
Ed
 1e-07 1 1 0
1  60 0 0 1
2  141 43 0 0 1
0

0101000
+2194 0 -2196 0 *
Ve
1.97340771273401e-05
11.071953180928 39.476725456392 100
0 0

0101101
*
Ed
 1e-07 1 1 0
1  61 0 1.26475397304249 1.29735381889911
2  142 44 0 1.26475397304249 1.29735381889911
0

0101000
+2194 0 -2192 0 *
Ve
1e-07
9.612048458045 39.857352200569 100
0 0

0101101
*
Ed
 1e-07 1 1 0
1  62 0 1.29735381889911 1.33415364083581
4 G2 29 0 45 0
0

0101000
+2192 0 -2190 0 *
Ve
1e-07
9.612048458046 39 100
0 0

0101101
*
Ed
 1e-07 1 1 0
1  63 0 2 2.857352200569
4 CN 29 0 46 0
0

0101000
+2188 0 -2190 0 *
Ve
1e-07
7.612048458046 37 100
0 0

0101101
*
Ed
 1e-07 1 1 0
1  64 0 4.71238898038469 6.28318530717959
4 CN 29 0 46 0
0

0101000
+2186 0 -2188 0 *
Ve
1e-07
-7.612048458046 37 100
0 0

0101101
*
Ed
 1e-07 1 1 0
1  65 0 2 17.224096916092
4 CN 29 0 46 0
0

0101000
+2186 0 -2184 0 *
Ve
1e-07
-9.612048458046 39 100
0 0

0101101
*
Ed
 1e-07 1 1 0
1  66 0 1.5707963267949 3.14159265358979
4 CN 29 0 46 0
0

0101000
+2184 0 -2182 0 *
Ve
1e-07
-9.612048458045 39.857352200569 100
0 0

0101101
*
Ed
 1e-07 1 1 0
1  67 0 2 2.857352200569
4 CN 29 0 46 0
0

0101000
+2182 0 -2180 0 *
Ve
1.98880143071378e-05
-11.07195318092 39.476725456392 100
0 0

0101101
*
Ed
 1e-07 1 1 0
1  68 0 1.80743901275398 1.8442388346905
4 G2 29 0 45 0
0

0101000
+2180 0 -2178 0 *
Ve
1e-07
-12.35277757163 39.09487033187 100
0 0

0101101
*
Ed
 1e-07 1 1 0
1  69 0 1.8442388346905 1.87683868054693
2  143 47 0 1.8442388346905 1.87683868054693
0

0101000
+2178 0 -2176 0 *
Ve
1e-07
-13.72011189145 37.533432159688 100
0 0

0101101
*
Ed
 1e-07 1 1 0
1  70 0 0 1
2  144 48 0 0 1
0

0101000
+2174 0 -2176 0 *
Ve
1e-07
-16.83856024422 36.241728558412 100
0 0

0101101
*
Ed
 1e-07 1 1 0
1  71 0 2.13718169241653 4.14600361476353
2  145 49 0 2.13718169241653 4.14600361476353
0

0101000
+2172 0 -2174 0 *
Ve
1e-07
-18.90951513386 36.378980708673 100
0 0

0101101
*
Ed
 1e-07 1 1 0
1  72 0 0 1
2  146 50 0 0 1
0

0101000
+2170 0 -2172 0 *
Ve
2.0106671811748e-05
-20.08520709403 35.74331344447 100
0 0

0101101
*
Ed
 1e-07 1 1 0
1  73 0 2.05015213643964 2.08275198229632
2  147 51 0 2.05015213643964 2.08275198229632
0

0101000
+2170 0 -2168 0 *
Ve
1e-07
-21.38665937538 34.980148666941 100
0 0

0101101
*
Ed
 1e-07 1 1 0
1  74 0 2.08275198229632 2.11955180423313
4 C1 29 0 52 0
0

0101000
+2168 0 -2166 0 *
Ve
1e-07
-20.78041982049 34.373909112053 100
0 0

0101101
*
Ed
 1e-07 1 1 0
1  75 0 1.99999999999775 2.8573522005688
4 CN 29 0 53 0
0

0101000
+2164 0 -2166 0 *
Ve
1e-07
-20.78041982049 31.545481987307 100
0 0

0101101
*
Ed
 1e-07 1 1 0
1  76 0 4.71238898038716 6.28318530717959
4 CN 29 0 53 0
0

0101000
+2162 0 -2164 0 *
Ve
1e-07
-31.5454819873 20.780419820498 100
0 0

0101101
*
Ed
 1e-07 1 1 0
1  77 0 1.99999999999775 17.2240969160892
4 CN 29 0 53 0
0

0101000
+2162 0 -2160 0 *
Ve
1e-07
-34.37390911205 20.780419820498 100
0 0

0101101
*
Ed
 1e-07 1 1 0
1  78 0 1.57079632679242 3.14159265358873
4 CN 29 0 53 0
0

0101000
+2160 0 -2158 0 *
Ve
1e-07
-34.98014866694 21.386659375384 100
0 0

0101101
*
Ed
 1e-07 1 1 0
1  79 0 1.99999999999775 2.85735220056738
4 CN 29 0 53 0
0

0101000
+2158 0 -2156 0 *
Ve
1.98921579294522e-05
-35.74331344446 20.085207094041 100
0 0

0101101
*
Ed
 1e-07 1 1 0
1  80 0 2.59283717615146 2.62963699808801
4 C1 29 0 52 0
0

0101000
+2156 0 -2154 0 *
Ve
1e-07
-36.37898070866 18.909515133876 100
0 0

0101101
*
Ed
 1e-07 1 1 0
1  81 0 2.62963699808801 2.66223684394455
2  148 54 0 2.62963699808801 2.66223684394455
0

0101000
+2154 0 -2152 0 *
Ve
1e-07
-36.2417285584 16.83856024423 100
0 0

0101101
*
Ed
 1e-07 1 1 0
1  82 0 0 1
2  149 55 0 0 1
0

0101000
+2150 0 -2152 0 *
Ve
1e-07
-37.53343215968 13.720111891462 100
0 0

0101101
*
Ed
 1e-07 1 1 0
1  83 0 2.13718169241878 4.14600361476088
2  150 56 0 2.13718169241878 4.14600361476088
0

0101000
+2148 0 -2150 0 *
Ve
1e-07
-39.09487033186 12.352777571644 100
0 0

0101101
*
Ed
 1e-07 1 1 0
1  84 0 0 1
2  151 57 0 0 1
0

0101000
+2146 0 -2148 0 *
Ve
2.01066702370259e-05
-39.47672545639 11.071953180928 100
0 0

0101101
*
Ed
 1e-07 1 1 0
1  85 0 2.83555029983736 2.86815014569399
2  152 58 0 2.83555029983736 2.86815014569399
0

0101000
+2146 0 -2144 0 *
Ve
1e-07
-39.85735220056 9.612048458045 100
0 0

0101101
*
Ed
 1e-07 1 1 0
1  86 0 2.86815014569399 2.90494996763066
4 G2 29 0 59 0
0

0101000
+2144 0 -2142 0 *
Ve
1e-07
-39 9.612048458046 100
0 0

0101101
*
Ed
 1e-07 1 1 0
1  87 0 2 2.85735220056
4 CN 29 0 60 0
0

0101000
+2140 0 -2142 0 *
Ve
1e-07
-37 7.612048458046 100
0 0

0101101
*
Ed
 1e-07 1 1 0
1  88 0 4.71238898038469 6.28318530717959
4 CN 29 0 60 0
0

0101000
+2138 0 -2140 0 *
Ve
1e-07
-37 -7.612048458046 100
0 0

0101101
*
Ed
 1e-07 1 1 0
1  89 0 2 17.224096916092
4 CN 29 0 60 0
0

0101000
+2138 0 -2136 0 *
Ve
1e-07
-39 -9.612048458046 100
0 0

0101101
*
Ed
 1e-07 1 1 0
1  90 0 1.5707963267949 3.14159265358979
4 CN 29 0 60 0
0

0101000
+2136 0 -2134 0 *
Ve
1e-07
-39.85735220056 -9.612048458047 100
0 0

0101101
*
Ed
 1e-07 1 1 0
1  91 0 2 2.85735220056
4 CN 29 0 60 0
0

0101000
+2134 0 -2132 0 *
Ve
2.02605490112991e-05
-39.47672545639 -11.07195318092 100
0 0

0101101
*
Ed
 1e-07 1 1 0
1  92 0 3.37823533954898 3.41503516148541
4 G2 29 0 59 0
0

0101000
+2132 0 -2130 0 *
Ve
1e-07
-39.09487033187 -12.35277757163 100
0 0

0101101
*
Ed
 1e-07 1 1 0
1  93 0 3.41503516148541 3.44763500734183
2  153 61 0 3.41503516148541 3.44763500734183
0

0101000
+2130 0 -2128 0 *
Ve
1e-07
-37.53343215968 -13.72011189145 100
0 0

0101101
*
Ed
 1e-07 1 1 0
1  94 0 0 1
2  154 62 0 0 1
0

0101000
+2126 0 -2128 0 *
Ve
1e-07
-36.2417285584 -16.83856024422 100
0 0

0101101
*
Ed
 1e-07 1 1 0
1  95 0 2.13718169241911 4.14600361476106
2  155 63 0 2.13718169241911 4.14600361476106
0

0101000
+2124 0 -2126 0 *
Ve
1e-07
-36.37898070867 -18.90951513387 100
0 0

0101101
*
Ed
 1e-07 1 1 0
1  96 0 0 1
2  156 64 0 0 1
0

0101000
+2122 0 -2124 0 *
Ve
2.03702658407892e-05
-35.74331344447 -20.08520709403 100
0 0

0101101
*
Ed
 1e-07 1 1 0
1  97 0 3.62094846323479 3.65354830909122
2  157 65 0 3.62094846323479 3.65354830909122
0

0101000
+2122 0 -2120 0 *
Ve
1e-07
-34.98014866694 -21.38665937538 100
0 0

0101101
*
Ed
 1e-07 1 1 0
1  98 0 3.65354830909122 3.69034813102804
4 C1 29 0 66 0
0

0101000
+2120 0 -2118 0 *
Ve
1e-07
-34.37390911205 -20.78041982049 100
0 0

0101101
*
Ed
 1e-07 1 1 0
1  99 0 1.99999999999563 2.85735220056809
4 CN 29 0 67 0
0

0101000
+2116 0 -2118 0 *
Ve
1e-07
-31.5454819873 -20.78041982049 100
0 0

0101101
*
Ed
 1e-07 1 1 0
1  100 0 4.71238898038469 6.28318530717959
4 CN 29 0 67 0
0

0101000
+2114 0 -2116 0 *
Ve
1e-07
-20.78041982049 -31.5454819873 100
0 0

0101101
*
Ed
 1e-07 1 1 0
1  101 0 2.00000000000269 17.2240969160949
4 CN 29 0 67 0
0

0101000
+2114 0 -2112 0 *
Ve
1e-07
-20.78041982049 -34.37390911205 100
0 0

0101101
*
Ed
 1e-07 1 1 0
1  102 0 1.5707963267949 3.14159265358626
4 CN 29 0 67 0
0

0101000
+2112 0 -2110 0 *
Ve
1e-07
-21.38665937538 -34.98014866694 100
0 0

0101101
*
Ed
 1e-07 1 1 0
1  103 0 1.99999999999563 2.85735220056809
4 CN 29 0 67 0
0

0101000
+2110 0 -2108 0 *
Ve
2.03653948520474e-05
-20.08520709403 -35.74331344447 100
0 0

0101101
*
Ed
 1e-07 1 1 0
1  104 0 4.16363350294644 4.20043332488326
4 C1 29 0 66 0
0

0101000
+2108 0 -2106 0 *
Ve
1e-07
-18.90951513387 -36.37898070867 100
0 0

0101101
*
Ed
 1e-07 1 1 0
1  105 0 4.20043332488326 4.23303317073969
2  158 68 0 4.20043332488326 4.23303317073969
0

0101000
+2106 0 -2104 0 *
Ve
1e-07
-16.83856024422 -36.2417285584 100
0 0

0101101
*
Ed
 1e-07 1 1 0
1  106 0 0 1
2  159 69 0 0 1
0

0101000
+2102 0 -2104 0 *
Ve
1e-07
-13.72011189145 -37.53343215968 100
0 0

0101101
*
Ed
 1e-07 1 1 0
1  107 0 2.13718169241852 4.14600361476047
2  160 70 0 2.13718169241852 4.14600361476047
0

0101000
+2100 0 -2102 0 *
Ve
1e-07
-12.35277757163 -39.09487033187 100
0 0

0101101
*
Ed
 1e-07 1 1 0
1  108 0 0 1
2  161 71 0 0 1
0

0101000
+2098 0 -2100 0 *
Ve
2.02503504952105e-05
-11.07195318092 -39.47672545639 100
0 0

0101101
*
Ed
 1e-07 1 1 0
1  109 0 4.40634662663265 4.43894647248908
2  162 72 0 4.40634662663265 4.43894647248908
0

0101000
+2098 0 -2096 0 *
Ve
1e-07
-9.612048458046 -39.85735220056 100
0 0

0101101
*
Ed
 1e-07 1 1 0
1  110 0 4.43894647248908 4.47574629442553
4 G2 29 0 73 0
0

0101000
+2096 0 -2094 0 *
Ve
1e-07
-9.612048458046 -39 100
0 0

0101101
*
Ed
 1e-07 1 1 0
1  111 0 2 2.85735220056
4 CN 29 0 74 0
0

0101000
+2092 0 -2094 0 *
Ve
1e-07
-7.612048458046 -37 100
0 0

0101101
*
Ed
 1e-07 1 1 0
1  112 0 4.71238898038469 6.28318530717959
4 CN 29 0 74 0
0

0101000
+2090 0 -2092 0 *
Ve
1e-07
7.612048458045 -37 100
0 0

0101101
*
Ed
 1e-07 1 1 0
1  113 0 2 17.224096916091
4 CN 29 0 74 0
0

0101000
+2090 0 -2088 0 *
Ve
1e-07
9.612048458045 -39 100
0 0

0101101
*
Ed
 1e-07 1 1 0
1  114 0 1.5707963267949 3.14159265358979
4 CN 29 0 74 0
0

0101000
+2088 0 -2086 0 *
Ve
1e-07
9.612048458045 -39.85735220056 100
0 0

0101101
*
Ed
 1e-07 1 1 0
1  115 0 2 2.85735220056
4 CN 29 0 74 0
0

0101000
+2086 0 -2084 0 *
Ve
2.01319786998981e-05
11.071953180927 -39.47672545639 100
0 0

0101101
*
Ed
 1e-07 1 1 0
1  116 0 4.94903166634383 4.98583148828047
4 G2 29 0 73 0
0

0101000
+2084 0 -2082 0 *
Ve
1e-07
12.352777571644 -39.09487033186 100
0 0

0101101
*
Ed
 1e-07 1 1 0
1  117 0 4.98583148828047 5.01843133413713
2  163 75 0 4.98583148828047 5.01843133413713
0

0101000
+2082 0 -2080 0 *
Ve
1e-07
13.720111891462 -37.53343215968 100
0 0

0101101
*
Ed
 1e-07 1 1 0
1  118 0 0 1
2  164 76 0 0 1
0

0101000
+2078 0 -2080 0 *
Ve
1e-07
16.83856024423 -36.2417285584 100
0 0

0101101
*
Ed
 1e-07 1 1 0
1  119 0 2.1371816924187 4.1460036147608
2  165 77 0 2.1371816924187 4.1460036147608
0

0101000
+2076 0 -2078 0 *
Ve
1e-07
18.909515133876 -36.37898070866 100
0 0

0101101
*
Ed
 1e-07 1 1 0
1  120 0 0 1
2  166 78 0 0 1
0

0101000
+2074 0 -2076 0 *
Ve
1.98979415577288e-05
20.085207094041 -35.74331344446 100
0 0

0101101
*
Ed
 1e-07 1 1 0
1  121 0 5.19174479002993 5.22434463588647
2  167 79 0 5.19174479002993 5.22434463588647
0

0101000
+2074 0 -2072 0 *
Ve
1e-07
21.386659375384 -34.98014866694 100
0 0

0101101
*
Ed
 1e-07 1 1 0
1  122 0 5.22434463588647 5.26114445782302
4 C1 29 0 80 0
0

0101000
+2072 0 -2070 0 *
Ve
1e-07
20.780419820498 -34.37390911205 100
0 0

0101101
*
Ed
 1e-07 1 1 0
1  123 0 1.99999999999775 2.85735220056738
4 CN 29 0 81 0
0

0101000
+2068 0 -2070 0 *
Ve
1e-07
20.780419820498 -31.5454819873 100
0 0

0101101
*
Ed
 1e-07 1 1 0
1  124 0 4.71238898038222 6.28318530717959
4 CN 29 0 81 0
0

0101000
+2066 0 -2068 0 *
Ve
1e-07
31.545481987307 -20.78041982049 100
0 0

0101101
*
Ed
 1e-07 1 1 0
1  125 0 2.00000000000481 17.2240969160963
4 CN 29 0 81 0
0

0101000
+2066 0 -2064 0 *
Ve
1e-07
34.373909112053 -20.78041982049 100
0 0

0101101
*
Ed
 1e-07 1 1 0
1  126 0 1.57079632679737 3.14159265358732
4 CN 29 0 81 0
0

0101000
+2064 0 -2062 0 *
Ve
1e-07
34.980148666941 -21.38665937538 100
0 0

0101101
*
Ed
 1e-07 1 1 0
1  127 0 1.99999999999775 2.8573522005688
4 CN 29 0 81 0
0

0101000
+2062 0 -2060 0 *
Ve
2.01145560170056e-05
35.74331344447 -20.08520709403 100
0 0

0101101
*
Ed
 1e-07 1 1 0
1  128 0 5.73442982974135 5.77122965167816
4 C1 29 0 80 0
0

0101000
+2060 0 -2058 0 *
Ve
1e-07
36.378980708673 -18.90951513386 100
0 0

0101101
*
Ed
 1e-07 1 1 0
1  129 0 5.77122965167816 5.80382949753484
2  168 82 0 5.77122965167816 5.80382949753484
0

0101000
+2058 0 -2056 0 *
Ve
1e-07
36.241728558412 -16.83856024422 100
0 0

0101101
*
Ed
 1e-07 1 1 0
1  130 0 0 1
2  169 83 0 0 1
0

0101000
+2054 0 -2056 0 *
Ve
1e-07
37.533432159688 -13.72011189145 100
0 0

0101101
*
Ed
 1e-07 1 1 0
1  131 0 2.13718169241606 4.14600361476306
2  170 84 0 2.13718169241606 4.14600361476306
0

0101000
+2052 0 -2054 0 *
Ve
1e-07
39.09487033187 -12.35277757163 100
0 0

0101101
*
Ed
 1e-07 1 1 0
1  132 0 0 1
2  171 85 0 0 1
0

0101000
+2050 0 -2052 0 *
Ve
1e-07
39.476725456392 -11.07195318092 100
0 0

0101101
*
Ed
 1e-07 1 1 0
1  133 0 5.97714295342755 6.00974279928399
2  172 86 0 5.97714295342755 6.00974279928399
0

0101000
+2050 0 -2048 0 *
Ed
 1e-07 1 1 0
1  134 0 3.14159265358979 4.43894647248814
2  173 31 0 3.14159265358979 4.43894647248814
0

0101000
+2270 0 -2048 0 *
Ve
1e-07
39 -9.612048458046 100
0 0

0101101
*
Ed
 1e-07 1 1 0
1  135 0 2 2.857352200569
4 CN 29 0 30 0
0

0101000
+2045 0 -2253 0 *
Ve
1e-07
37 -7.612048458046 100
0 0

0101101
*
Ed
 1e-07 1 1 0
1  136 0 4.71238898038469 6.28318530717959
4 CN 29 0 30 0
0

0101000
+2043 0 -2045 0 *
Ve
1e-07
37 7.612048458046 100
0 0

0101101
*
Ed
 1e-07 1 1 0
1  137 0 2 17.224096916092
4 CN 29 0 30 0
0

0101000
+2043 0 -2041 0 *
Ve
1e-07
39 9.612048458046 100
0 0

0101101
*
Ed
 1e-07 1 1 0
1  138 0 1.5707963267949 3.14159265358979
4 CN 29 0 30 0
0

0101000
+2041 0 -2039 0 *
Ed
 1e-07 1 1 0
1  139 0 2 2.857352200569
4 CN 29 0 30 0
0

0101000
+2039 0 -2257 0 *
Ed
 1e-07 1 1 0
1  140 0 0 1.29735381889931
2  174 32 0 0 1.29735381889931
0

0101000
+2259 0 -2225 0 *
Wi

0101100
+2223 0 -2221 0 -2219 0 -2217 0 +2215 0 +2213 0 -2211 0 -2209 0 +2207 0 +2205 0 
+2203 0 +2201 0 +2199 0 -2197 0 -2195 0 -2193 0 +2191 0 +2189 0 -2187 0 -2185 0 
+2183 0 +2181 0 +2179 0 +2177 0 +2175 0 -2173 0 -2171 0 -2169 0 +2167 0 +2165 0 
-2163 0 -2161 0 +2159 0 +2157 0 +2155 0 +2153 0 +2151 0 -2149 0 -2147 0 -2145 0 
+2143 0 +2141 0 -2139 0 -2137 0 +2135 0 +2133 0 +2131 0 +2129 0 +2127 0 -2125 0 
-2123 0 -2121 0 +2119 0 +2117 0 -2115 0 -2113 0 +2111 0 +2109 0 +2107 0 +2105 0 
+2103 0 -2101 0 -2099 0 -2097 0 +2095 0 +2093 0 -2091 0 -2089 0 +2087 0 +2085 0 
+2083 0 +2081 0 +2079 0 -2077 0 -2075 0 -2073 0 +2071 0 +2069 0 -2067 0 -2065 0 
+2063 0 +2061 0 +2059 0 +2057 0 +2055 0 -2053 0 -2051 0 -2049 0 +2047 0 -2046 0 
-2251 0 -2044 0 -2042 0 +2040 0 +2038 0 +2037 0 +2256 0 +2036 0 *
Ve
1e-07
20 -4.898587196589e-15 100
0 0

0101101
*
Ed
 1e-07 1 1 0
1  141 0 0 6.28318530717959
2  175 87 0 0 6.28318530717959
0

0101000
+2034 0 -2034 0 *
Wi

0101100
-2033 0 *
Fa
0  1e-07 29 0

0111000
+2035 0 +2032 0 *
Wi

0101100
+2252 0 +2254 0 -2037 0 -2038 0 -2040 0 +2042 0 +2044 0 *
Fa
0  1e-07 30 0

0111000
+2030 0 *
Ve
1e-07
39.857352200569 -9.612048458045 115
0 0

0101101
*
Ed
 1e-07 1 1 0
1  142 0 2.857352200569 4.402419381094
4 CN 2 0 88 0
2  176 2 0 2.857352200569 4.402419381094
2  177 88 0 2.857352200569 4.402419381094
0

0101000
+2028 0 -2247 0 *
Ve
1e-07
41 -1.004210375301e-14 115
0 0

0101101
*
Ed
 1e-07 1 1 0
1  143 0 6.0465426212205 6.28318530717959
4 CN 2 0 89 0
2  178 2 0 6.0465426212205 6.28318530717959
2  179 89 0 6.0465426212205 6.28318530717959
0

0101000
+2028 0 -2026 0 *
Ve
1e-07
39.857352200569 9.612048458045 115
0 0

0101101
*
Ed
 1e-07 1 1 0
1  144 0 0 0.236642685959085
4 CN 2 0 89 0
2  180 2 0 0 0.236642685959085
2  181 89 0 0 0.236642685959085
0

0101000
+2026 0 -2024 0 *
Ed
 1e-07 1 1 0
1  145 0 2.857352200569 4.402419381094
4 CN 2 0 88 0
2  182 2 0 2.857352200569 4.402419381094
2  183 88 0 2.857352200569 4.402419381094
0

0101000
+2024 0 -2230 0 *
Wi

0101100
+2027 0 -2025 0 -2023 0 -2022 0 -2229 0 +2375 0 +2374 0 +2246 0 *
Fa
0  1e-07 2 0

0111000
+2021 0 *
Ve
1e-07
39.476725456392 -11.07195318092 115
0 0

0101101
*
Ed
 1e-07 1 1 0
1  146 0 0 15
2  184 31 0 0 15
2  185 86 0 0 15
4 G1 31 0 86 0
0

0101000
+2048 0 -2019 0 *
Ed
 1e-07 1 1 0
1  147 0 3.14159265358979 4.43894647248814
2  186 31 0 3.14159265358979 4.43894647248814
2  187 88 0 3.14159265358979 4.43894647248814
0

0101000
+2247 0 -2019 0 *
Wi

0101100
+2046 0 +2018 0 -2017 0 -2245 0 *
Fa
0  1e-07 31 0

0111000
+2016 0 *
Ve
1e-07
39.476725456392 11.071953180928 115
0 0

0101101
*
Ed
 1e-07 1 1 0
1  148 0 0 1.29735381889931
2  188 32 0 0 1.29735381889931
2  189 88 0 0 1.29735381889931
0

0101000
+2230 0 -2014 0 *
Ed
 1e-07 1 1 0
1  149 0 0 15
2  190 33 0 0 15
2  191 32 0 0 15
4 G1 33 0 32 0
0

0101000
+2225 0 -2014 0 *
Wi

0101100
+2228 0 +2013 0 -2012 0 -2036 0 *
Fa
0  1e-07 32 0

0111000
+2011 0 *
Ve
1e-07
39.094870331867 12.352777571645 115
0 0

0101101
*
Ed
 1e-07 1 1 0
1  150 0 0.273442507895788 0.306042353752408
2  192 33 0 0.273442507895788 0.306042353752408
2  193 88 0 0.273442507895788 0.306042353752408
0

0101000
+2014 0 -2009 0 *
Ed
 1e-07 1 1 0
1  151 0 2.630404574711e-14 15
2  194 33 0 2.630404574711e-14 15
2  195 34 0 2.630404574711e-14 15
4 G1 33 0 34 0
0

0101000
+2224 0 -2009 0 *
Wi

0101100
-2008 0 -2012 0 +2223 0 +2007 0 *
Fa
0  1e-07 33 0

0111000
+2006 0 *
Ve
1e-07
37.533432159686 13.720111891462 115
0 0

0101101
*
Ed
 1e-07 1 1 0
1  152 0 0 1
2  196 34 0 0 1
2  197 88 0 0 1
0

0101000
+2004 0 -2009 0 *
Ed
 1e-07 1 1 0
1  153 0 2.630404574711e-14 15
2  198 34 0 2.630404574711e-14 15
2  199 35 0 2.630404574711e-14 15
4 G1 34 0 35 0
0

0101000
+2222 0 -2004 0 *
Wi

0101100
+2221 0 +2007 0 -2003 0 -2002 0 *
Fa
0  1e-07 34 0

0111000
+2001 0 *
Ve
1e-07
36.24172855841 16.838560244229 115
0 0

0101101
*
Ed
 1e-07 1 1 0
1  154 0 2.1371816924171 4.14600361476228
2  200 35 0 2.1371816924171 4.14600361476228
2  201 88 0 2.1371816924171 4.14600361476228
0

0101000
+1999 0 -2004 0 *
Ed
 1e-07 1 1 0
1  155 0 2.657292788588e-14 15
2  202 35 0 2.657292788588e-14 15
2  203 36 0 2.657292788588e-14 15
4 G1 35 0 36 0
0

0101000
+2220 0 -1999 0 *
Wi

0101100
+2219 0 +2002 0 -1998 0 -1997 0 *
Fa
0  1e-07 35 0

0111000
+1996 0 *
Ve
1e-07
36.378980708671 18.909515133873 115
0 0

0101101
*
Ed
 1e-07 1 1 0
1  156 0 0 1
2  204 36 0 0 1
2  205 88 0 0 1
0

0101000
+1994 0 -1999 0 *
Ed
 1e-07 1 1 0
1  157 0 2.657292788588e-14 15
2  206 36 0 2.657292788588e-14 15
2  207 37 0 2.657292788588e-14 15
4 G1 36 0 37 0
0

0101000
+2218 0 -1994 0 *
Wi

0101100
+2217 0 +1997 0 -1993 0 -1992 0 *
Fa
0  1e-07 36 0

0111000
+1991 0 *
Ve
1.97213087576988e-05
35.743313444468 20.085207094041 115
0 0

0101101
*
Ed
 1e-07 1 1 0
1  158 0 0.47935580964505 0.511955655501683
2  208 37 0 0.47935580964505 0.511955655501683
2  209 88 0 0.47935580964505 0.511955655501683
0

0101000
+1994 0 -1989 0 *
Ed
 1e-07 1 1 0
1  159 0 0 15
2  210 37 0 0 15
2  211 90 0 0 15
4 G1 37 0 90 0
0

0101000
+2216 0 -1989 0 *
Wi

0101100
-1988 0 -1992 0 +2215 0 +1987 0 *
Fa
0  1e-07 37 0

0111000
+1986 0 *
Ve
1e-07
36.072676147679 22.479186856124 100
0 0

0101101
*
Ve
1e-07
58.401397536772 44.807908245217 100
0 0

0101101
*
Ed
 1e-07 1 1 0
1  160 0 4.40241938109449 35.98
2  212 91 0 4.40241938109449 35.98
0

0101000
+1984 0 -1983 0 *
Ve
1e-07
58.986075672731 46.288694912806 100
0 0

0101101
*
Ed
 1e-07 1 1 0
1  161 0 5.46449444122061 6.28318530717959
2  213 92 0 5.46449444122061 6.28318530717959
0

0101000
+1981 0 -1983 0 *
Ve
1e-07
53.018866453367 53.018866453367 100
0 0

0101101
*
Ed
 1e-07 1 1 0
1  162 0 0.66536615486184 0.785398163397448
2  214 93 0 0.66536615486184 0.785398163397448
0

0101000
+1981 0 -1979 0 *
Ve
1e-07
46.288694912806 58.986075672731 100
0 0

0101101
*
Ed
 1e-07 1 1 0
1  163 0 0.785398163397448 0.905430171933057
2  215 94 0 0.785398163397448 0.905430171933057
0

0101000
+1979 0 -1977 0 *
Ve
1e-07
44.807908245217 58.401397536772 100
0 0

0101101
*
Ed
 1e-07 1 1 0
1  164 0 2.32290178763082 3.14159265358979
2  216 95 0 2.32290178763082 3.14159265358979
0

0101000
+1977 0 -1975 0 *
Ve
1e-07
22.479186856124 36.072676147679 100
0 0

0101101
*
Ed
 1e-07 1 1 0
1  165 0 4.40241938109449 35.98
2  217 96 0 4.40241938109449 35.98
0

0101000
+1973 0 -1975 0 *
Ed
 1e-07 1 1 0
1  166 0 5.77122965167809 7.06858347057739
2  218 97 0 5.77122965167809 7.06858347057739
0

0101000
+2202 0 -1973 0 *
Ed
 1e-07 1 1 0
1  167 0 0.548755477438321 1.02204084935658
4 C1 38 0 39 0
0

0101000
+2214 0 -2204 0 *
Ed
 1e-07 1 1 0
1  168 0 1.0588406712934 2.3561944901927
2  219 90 0 1.0588406712934 2.3561944901927
0

0101000
+2216 0 -1984 0 *
Wi

0101100
+1982 0 -1980 0 +1978 0 +1976 0 +1974 0 -1972 0 -1971 0 -2201 0 -1970 0 -2213 0 
+1969 0 *
Fa
0  1e-07 38 0

0111000
+1968 0 *
Wi

0101100
+2211 0 +1970 0 -2203 0 -2205 0 -2207 0 +2209 0 *
Fa
0  1e-07 39 0

0111000
+1966 0 *
Ve
1.97164383055576e-05
20.085207094041 35.743313444468 115
0 0

0101101
*
Ve
1e-07
18.909515133873 36.378980708671 115
0 0

0101101
*
Ed
 1e-07 1 1 0
1  169 0 1.05884067129321 1.09144051714985
2  220 40 0 1.05884067129321 1.09144051714985
2  221 88 0 1.05884067129321 1.09144051714985
0

0101000
+1964 0 -1963 0 *
Ed
 1e-07 1 1 0
1  170 0 0 15
2  222 40 0 0 15
2  223 97 0 0 15
4 G1 40 0 97 0
0

0101000
+2202 0 -1964 0 *
Ed
 1e-07 1 1 0
1  171 0 2.639945553828e-14 15
2  224 40 0 2.639945553828e-14 15
2  225 41 0 2.639945553828e-14 15
4 G1 40 0 41 0
0

0101000
+2200 0 -1963 0 *
Wi

0101100
-1962 0 -1961 0 +2199 0 +1960 0 *
Fa
0  1e-07 40 0

0111000
+1959 0 *
Ve
1e-07
16.838560244229 36.24172855841 115
0 0

0101101
*
Ed
 1e-07 1 1 0
1  172 0 0 1
2  226 41 0 0 1
2  227 88 0 0 1
0

0101000
+1957 0 -1963 0 *
Ed
 1e-07 1 1 0
1  173 0 2.639945553828e-14 15
2  228 41 0 2.639945553828e-14 15
2  229 42 0 2.639945553828e-14 15
4 G1 41 0 42 0
0

0101000
+2198 0 -1957 0 *
Wi

0101100
+2197 0 +1960 0 -1956 0 -1955 0 *
Fa
0  1e-07 41 0

0111000
+1954 0 *
Ve
1e-07
13.720111891462 37.533432159686 115
0 0

0101101
*
Ed
 1e-07 1 1 0
1  174 0 2.1371816924173 4.14600361476249
2  230 42 0 2.1371816924173 4.14600361476249
2  231 88 0 2.1371816924173 4.14600361476249
0

0101000
+1952 0 -1957 0 *
Ed
 1e-07 1 1 0
1  175 0 2.68964328427e-14 15
2  232 42 0 2.68964328427e-14 15
2  233 43 0 2.68964328427e-14 15
4 G1 42 0 43 0
0

0101000
+2196 0 -1952 0 *
Wi

0101100
+2195 0 +1955 0 -1951 0 -1950 0 *
Fa
0  1e-07 42 0

0111000
+1949 0 *
Ve
1e-07
12.352777571645 39.094870331867 115
0 0

0101101
*
Ed
 1e-07 1 1 0
1  176 0 0 1
2  234 43 0 0 1
2  235 88 0 0 1
0

0101000
+1947 0 -1952 0 *
Ed
 1e-07 1 1 0
1  177 0 2.68964328427e-14 15
2  236 43 0 2.68964328427e-14 15
2  237 44 0 2.68964328427e-14 15
4 G1 43 0 44 0
0

0101000
+2194 0 -1947 0 *
Wi

0101100
+2193 0 +1950 0 -1946 0 -1945 0 *
Fa
0  1e-07 43 0

0111000
+1944 0 *
Ve
1.97288884344522e-05
11.071953180928 39.476725456392 115
0 0

0101101
*
Ed
 1e-07 1 1 0
1  178 0 1.26475397304249 1.29735381889911
2  238 44 0 1.26475397304249 1.29735381889911
2  239 88 0 1.26475397304249 1.29735381889911
0

0101000
+1947 0 -1942 0 *
Ed
 1e-07 1 1 0
1  179 0 0 15
2  240 44 0 0 15
2  241 98 0 0 15
4 G1 44 0 98 0
0

0101000
+2192 0 -1942 0 *
Wi

0101100
-1941 0 -1945 0 +2191 0 +1940 0 *
Fa
0  1e-07 44 0

0111000
+1939 0 *
Ve
1e-07
9.612048458046 41.402419381094 100
0 0

0101101
*
Ve
1e-07
9.612048458046 72.98 100
0 0

0101101
*
Ed
 1e-07 1 1 0
1  180 0 4.402419381094 35.98
2  242 99 0 4.402419381094 35.98
0

0101000
+1937 0 -1936 0 *
Ve
1e-07
8.978404038651 74.440504168891 100
0 0

0101101
*
Ed
 1e-07 1 1 0
1  181 0 5.46449444122053 6.28318530717959
2  243 100 0 5.46449444122053 6.28318530717959
0

0101000
+1934 0 -1936 0 *
Ve
1e-07
8.881784197001e-15 74.98 100
0 0

0101101
*
Ed
 1e-07 1 1 0
1  182 0 1.45076431825928 1.5707963267949
2  244 101 0 1.45076431825928 1.5707963267949
0

0101000
+1934 0 -1932 0 *
Ve
1e-07
-8.978404038651 74.440504168891 100
0 0

0101101
*
Ed
 1e-07 1 1 0
1  183 0 1.5707963267949 1.69082833533051
2  245 102 0 1.5707963267949 1.69082833533051
0

0101000
+1932 0 -1930 0 *
Ve
1e-07
-9.612048458045 72.98 100
0 0

0101101
*
Ed
 1e-07 1 1 0
1  184 0 2.3229017876311 3.14159265358979
2  246 103 0 2.3229017876311 3.14159265358979
0

0101000
+1930 0 -1928 0 *
Ve
1e-07
-9.612048458046 41.402419381094 100
0 0

0101101
*
Ed
 1e-07 1 1 0
1  185 0 4.402419381094 35.98
2  247 104 0 4.402419381094 35.98
0

0101000
+1926 0 -1928 0 *
Ed
 1e-07 1 1 0
1  186 0 0.273442507896547 1.5707963267949
2  248 105 0 0.273442507896547 1.5707963267949
0

0101000
+2178 0 -1926 0 *
Ed
 1e-07 1 1 0
1  187 0 1.33415364083581 1.80743901275398
4 G2 45 0 46 0
0

0101000
+2190 0 -2180 0 *
Ed
 1e-07 1 1 0
1  188 0 0.273442507895584 1.5707963267949
2  249 98 0 0.273442507895584 1.5707963267949
0

0101000
+2192 0 -1937 0 *
Wi

0101100
+1935 0 -1933 0 +1931 0 +1929 0 +1927 0 -1925 0 -1924 0 -2177 0 -1923 0 -2189 0 
+1922 0 *
Fa
0  1e-07 45 0

0111000
+1921 0 *
Wi

0101100
+1923 0 -2179 0 -2181 0 -2183 0 +2185 0 +2187 0 *
Fa
0  1e-07 46 0

0111000
+1919 0 *
Ve
1.9880450456395e-05
-11.07195318092 39.476725456392 115
0 0

0101101
*
Ve
1e-07
-12.35277757163 39.09487033187 115
0 0

0101101
*
Ed
 1e-07 1 1 0
1  189 0 1.8442388346905 1.87683868054693
2  250 47 0 1.8442388346905 1.87683868054693
2  251 88 0 1.8442388346905 1.87683868054693
0

0101000
+1917 0 -1916 0 *
Ed
 1e-07 1 1 0
1  190 0 0 15
2  252 47 0 0 15
2  253 105 0 0 15
4 G1 47 0 105 0
0

0101000
+2178 0 -1917 0 *
Ed
 1e-07 1 1 0
1  191 0 2.624376410632e-14 15
2  254 47 0 2.624376410632e-14 15
2  255 48 0 2.624376410632e-14 15
4 G1 47 0 48 0
0

0101000
+2176 0 -1916 0 *
Wi

0101100
-1915 0 -1914 0 +2175 0 +1913 0 *
Fa
0  1e-07 47 0

0111000
+1912 0 *
Ve
1e-07
-13.72011189145 37.533432159688 115
0 0

0101101
*
Ed
 1e-07 1 1 0
1  192 0 0 1
2  256 48 0 0 1
2  257 88 0 0 1
0

0101000
+1910 0 -1916 0 *
Ed
 1e-07 1 1 0
1  193 0 2.624376410632e-14 15
2  258 48 0 2.624376410632e-14 15
2  259 49 0 2.624376410632e-14 15
4 G1 48 0 49 0
0

0101000
+2174 0 -1910 0 *
Wi

0101100
+2173 0 +1913 0 -1909 0 -1908 0 *
Fa
0  1e-07 48 0

0111000
+1907 0 *
Ve
1e-07
-16.83856024422 36.241728558412 115
0 0

0101101
*
Ed
 1e-07 1 1 0
1  194 0 2.13718169241653 4.14600361476353
2  260 49 0 2.13718169241653 4.14600361476353
2  261 88 0 2.13718169241653 4.14600361476353
0

0101000
+1905 0 -1910 0 *
Ed
 1e-07 1 1 0
1  195 0 2.629727700583e-14 15
2  262 49 0 2.629727700583e-14 15
2  263 50 0 2.629727700583e-14 15
4 G1 49 0 50 0
0

0101000
+2172 0 -1905 0 *
Wi

0101100
+2171 0 +1908 0 -1904 0 -1903 0 *
Fa
0  1e-07 49 0

0111000
+1902 0 *
Ve
1e-07
-18.90951513386 36.378980708673 115
0 0

0101101
*
Ed
 1e-07 1 1 0
1  196 0 0 1
2  264 50 0 0 1
2  265 88 0 0 1
0

0101000
+1900 0 -1905 0 *
Ed
 1e-07 1 1 0
1  197 0 2.629727700583e-14 15
2  266 50 0 2.629727700583e-14 15
2  267 51 0 2.629727700583e-14 15
4 G1 50 0 51 0
0

0101000
+2170 0 -1900 0 *
Wi

0101100
+2169 0 +1903 0 -1899 0 -1898 0 *
Fa
0  1e-07 50 0

0111000
+1897 0 *
Ve
2.01145560103618e-05
-20.08520709403 35.74331344447 115
0 0

0101101
*
Ed
 1e-07 1 1 0
1  198 0 2.05015213643964 2.08275198229632
2  268 51 0 2.05015213643964 2.08275198229632
2  269 88 0 2.05015213643964 2.08275198229632
0

0101000
+1900 0 -1895 0 *
Ed
 1e-07 1 1 0
1  199 0 0 15
2  270 51 0 0 15
2  271 106 0 0 15
4 G1 51 0 106 0
0

0101000
+2168 0 -1895 0 *
Wi

0101100
-1894 0 -1898 0 +2167 0 +1893 0 *
Fa
0  1e-07 51 0

0111000
+1892 0 *
Ve
1e-07
-22.47918685612 36.07267614768 100
0 0

0101101
*
Ve
1e-07
-44.80790824521 58.401397536772 100
0 0

0101101
*
Ed
 1e-07 1 1 0
1  200 0 4.40241938109591 35.9799999999986
2  272 107 0 4.40241938109591 35.9799999999986
0

0101000
+1890 0 -1889 0 *
Ve
1e-07
-46.2886949128 58.986075672731 100
0 0

0101101
*
Ed
 1e-07 1 1 0
1  201 0 5.46449444122362 6.28318530717959
2  273 108 0 5.46449444122362 6.28318530717959
0

0101000
+1887 0 -1889 0 *
Ve
1e-07
-53.01886645336 53.018866453367 100
0 0

0101101
*
Ed
 1e-07 1 1 0
1  202 0 2.23616248165667 2.35619449019228
2  274 109 0 2.23616248165667 2.35619449019228
0

0101000
+1887 0 -1885 0 *
Ve
1e-07
-58.98607567273 46.288694912806 100
0 0

0101101
*
Ed
 1e-07 1 1 0
1  203 0 2.35619449019228 2.47622649872795
2  275 110 0 2.35619449019228 2.47622649872795
0

0101000
+1885 0 -1883 0 *
Ve
1e-07
-58.40139753677 44.807908245217 100
0 0

0101101
*
Ed
 1e-07 1 1 0
1  204 0 2.32290178763096 3.14159265358732
2  276 111 0 2.32290178763096 3.14159265358732
0

0101000
+1883 0 -1881 0 *
Ve
1e-07
-36.07267614767 22.479186856124 100
0 0

0101101
*
Ed
 1e-07 1 1 0
1  205 0 4.40241938108813 35.9799999999986
2  277 112 0 4.40241938108813 35.9799999999986
0

0101000
+1879 0 -1881 0 *
Ed
 1e-07 1 1 0
1  206 0 1.05884067129487 2.35619449019022
2  278 113 0 1.05884067129487 2.35619449019022
0

0101000
+2154 0 -1879 0 *
Ed
 1e-07 1 1 0
1  207 0 2.11955180423313 2.59283717615146
4 C1 52 0 53 0
0

0101000
+2166 0 -2156 0 *
Ed
 1e-07 1 1 0
1  208 0 5.77122965167741 7.06858347057951
2  279 106 0 5.77122965167741 7.06858347057951
0

0101000
+2168 0 -1890 0 *
Wi

0101100
+1888 0 -1886 0 +1884 0 +1882 0 +1880 0 -1878 0 -1877 0 -2153 0 -1876 0 -2165 0 
+1875 0 *
Fa
0  1e-07 52 0

0111000
+1874 0 *
Wi

0101100
+1876 0 -2155 0 -2157 0 -2159 0 +2161 0 +2163 0 *
Fa
0  1e-07 53 0

0111000
+1872 0 *
Ve
1.98979415772728e-05
-35.74331344446 20.085207094041 115
0 0

0101101
*
Ve
1e-07
-36.37898070866 18.909515133876 115
0 0

0101101
*
Ed
 1e-07 1 1 0
1  209 0 2.62963699808801 2.66223684394455
2  280 54 0 2.62963699808801 2.66223684394455
2  281 88 0 2.62963699808801 2.66223684394455
0

0101000
+1870 0 -1869 0 *
Ed
 1e-07 1 1 0
1  210 0 0 15
2  282 54 0 0 15
2  283 113 0 0 15
4 G1 54 0 113 0
0

0101000
+2154 0 -1870 0 *
Ed
 1e-07 1 1 0
1  211 0 2.645843613647e-14 15
2  284 54 0 2.645843613647e-14 15
2  285 55 0 2.645843613647e-14 15
4 G1 54 0 55 0
0

0101000
+2152 0 -1869 0 *
Wi

0101100
-1868 0 -1867 0 +2151 0 +1866 0 *
Fa
0  1e-07 54 0

0111000
+1865 0 *
Ve
1e-07
-36.2417285584 16.83856024423 115
0 0

0101101
*
Ed
 1e-07 1 1 0
1  212 0 0 1
2  286 55 0 0 1
2  287 88 0 0 1
0

0101000
+1863 0 -1869 0 *
Ed
 1e-07 1 1 0
1  213 0 2.645843613647e-14 15
2  288 55 0 2.645843613647e-14 15
2  289 56 0 2.645843613647e-14 15
4 G1 55 0 56 0
0

0101000
+2150 0 -1863 0 *
Wi

0101100
+2149 0 +1866 0 -1862 0 -1861 0 *
Fa
0  1e-07 55 0

0111000
+1860 0 *
Ve
1e-07
-37.53343215968 13.720111891462 115
0 0

0101101
*
Ed
 1e-07 1 1 0
1  214 0 2.13718169241878 4.14600361476088
2  290 56 0 2.13718169241878 4.14600361476088
2  291 88 0 2.13718169241878 4.14600361476088
0

0101000
+1858 0 -1863 0 *
Ed
 1e-07 1 1 0
1  215 0 2.709571865826e-14 15
2  292 56 0 2.709571865826e-14 15
2  293 57 0 2.709571865826e-14 15
4 G1 56 0 57 0
0

0101000
+2148 0 -1858 0 *
Wi

0101100
+2147 0 +1861 0 -1857 0 -1856 0 *
Fa
0  1e-07 56 0

0111000
+1855 0 *
Ve
1e-07
-39.09487033186 12.352777571644 115
0 0

0101101
*
Ed
 1e-07 1 1 0
1  216 0 0 1
2  294 57 0 0 1
2  295 88 0 0 1
0

0101000
+1853 0 -1858 0 *
Ed
 1e-07 1 1 0
1  217 0 2.709571865826e-14 15
2  296 57 0 2.709571865826e-14 15
2  297 58 0 2.709571865826e-14 15
4 G1 57 0 58 0
0

0101000
+2146 0 -1853 0 *
Wi

0101100
+2145 0 +1856 0 -1852 0 -1851 0 *
Fa
0  1e-07 57 0

0111000
+1850 0 *
Ve
2.01050930697123e-05
-39.47672545639 11.071953180928 115
0 0

0101101
*
Ed
 1e-07 1 1 0
1  218 0 2.83555029983736 2.86815014569399
2  298 58 0 2.83555029983736 2.86815014569399
2  299 88 0 2.83555029983736 2.86815014569399
0

0101000
+1853 0 -1848 0 *
Ed
 1e-07 1 1 0
1  219 0 0 15
2  300 58 0 0 15
2  301 114 0 0 15
4 G1 58 0 114 0
0

0101000
+2144 0 -1848 0 *
Wi

0101100
-1847 0 -1851 0 +2143 0 +1846 0 *
Fa
0  1e-07 58 0

0111000
+1845 0 *
Ve
1e-07
-41.40241938109 9.612048458046 100
0 0

0101101
*
Ve
1e-07
-72.98 9.612048458046 100
0 0

0101101
*
Ed
 1e-07 1 1 0
1  220 0 4.40241938109 35.98
2  302 115 0 4.40241938109 35.98
0

0101000
+1843 0 -1842 0 *
Ve
1e-07
-74.44050416889 8.978404038651 100
0 0

0101101
*
Ed
 1e-07 1 1 0
1  221 0 5.46449444122087 6.28318530717959
2  303 116 0 5.46449444122087 6.28318530717959
0

0101000
+1840 0 -1842 0 *
Ve
1e-07
-74.98 8.881784197001e-15 100
0 0

0101101
*
Ed
 1e-07 1 1 0
1  222 0 3.02156064505418 3.14159265358979
2  304 117 0 3.02156064505418 3.14159265358979
0

0101000
+1840 0 -1838 0 *
Ve
1e-07
-74.44050416889 -8.978404038651 100
0 0

0101101
*
Ed
 1e-07 1 1 0
1  223 0 3.14159265358979 3.26162466212541
2  305 118 0 3.14159265358979 3.26162466212541
0

0101000
+1838 0 -1836 0 *
Ve
1e-07
-72.98 -9.612048458045 100
0 0

0101101
*
Ed
 1e-07 1 1 0
1  224 0 2.32290178763144 3.14159265358979
2  306 119 0 2.32290178763144 3.14159265358979
0

0101000
+1836 0 -1834 0 *
Ve
1e-07
-41.40241938109 -9.612048458046 100
0 0

0101101
*
Ed
 1e-07 1 1 0
1  225 0 4.40241938109 35.98
2  307 120 0 4.40241938109 35.98
0

0101000
+1832 0 -1834 0 *
Ed
 1e-07 1 1 0
1  226 0 1.84423883469171 3.14159265358979
2  308 121 0 1.84423883469171 3.14159265358979
0

0101000
+2130 0 -1832 0 *
Ed
 1e-07 1 1 0
1  227 0 2.90494996763066 3.37823533954898
4 G2 59 0 60 0
0

0101000
+2142 0 -2132 0 *
Ed
 1e-07 1 1 0
1  228 0 4.98583148828054 6.28318530717959
2  309 114 0 4.98583148828054 6.28318530717959
0

0101000
+2144 0 -1843 0 *
Wi

0101100
+1841 0 -1839 0 +1837 0 +1835 0 +1833 0 -1831 0 -1830 0 -2129 0 -1829 0 -2141 0 
+1828 0 *
Fa
0  1e-07 59 0

0111000
+1827 0 *
Wi

0101100
+1829 0 -2131 0 -2133 0 -2135 0 +2137 0 +2139 0 *
Fa
0  1e-07 60 0

0111000
+1825 0 *
Ve
2.02675240171911e-05
-39.47672545639 -11.07195318092 115
0 0

0101101
*
Ve
1e-07
-39.09487033187 -12.35277757163 115
0 0

0101101
*
Ed
 1e-07 1 1 0
1  229 0 3.41503516148541 3.44763500734183
2  310 61 0 3.41503516148541 3.44763500734183
2  311 88 0 3.41503516148541 3.44763500734183
0

0101000
+1823 0 -1822 0 *
Ed
 1e-07 1 1 0
1  230 0 0 15
2  312 61 0 0 15
2  313 121 0 0 15
4 G1 61 0 121 0
0

0101000
+2130 0 -1823 0 *
Ed
 1e-07 1 1 0
1  231 0 2.621644221157e-14 15
2  314 61 0 2.621644221157e-14 15
2  315 62 0 2.621644221157e-14 15
4 G1 61 0 62 0
0

0101000
+2128 0 -1822 0 *
Wi

0101100
-1821 0 -1820 0 +2127 0 +1819 0 *
Fa
0  1e-07 61 0

0111000
+1818 0 *
Ve
1e-07
-37.53343215968 -13.72011189145 115
0 0

0101101
*
Ed
 1e-07 1 1 0
1  232 0 0 1
2  316 62 0 0 1
2  317 88 0 0 1
0

0101000
+1816 0 -1822 0 *
Ed
 1e-07 1 1 0
1  233 0 2.621644221157e-14 15
2  318 63 0 2.621644221157e-14 15
2  319 62 0 2.621644221157e-14 15
4 G1 63 0 62 0
0

0101000
+2126 0 -1816 0 *
Wi

0101100
+2125 0 +1819 0 -1815 0 -1814 0 *
Fa
0  1e-07 62 0

0111000
+1813 0 *
Ve
1e-07
-36.2417285584 -16.83856024422 115
0 0

0101101
*
Ed
 1e-07 1 1 0
1  234 0 2.13718169241911 4.14600361476106
2  320 63 0 2.13718169241911 4.14600361476106
2  321 88 0 2.13718169241911 4.14600361476106
0

0101000
+1811 0 -1816 0 *
Ed
 1e-07 1 1 0
1  235 0 2.645843613647e-14 15
2  322 64 0 2.645843613647e-14 15
2  323 63 0 2.645843613647e-14 15
4 G1 64 0 63 0
0

0101000
+2124 0 -1811 0 *
Wi

0101100
+2123 0 +1814 0 -1810 0 -1809 0 *
Fa
0  1e-07 63 0

0111000
+1808 0 *
Ve
1e-07
-36.37898070867 -18.90951513387 115
0 0

0101101
*
Ed
 1e-07 1 1 0
1  236 0 0 1
2  324 64 0 0 1
2  325 88 0 0 1
0

0101000
+1806 0 -1811 0 *
Ed
 1e-07 1 1 0
1  237 0 2.645843613647e-14 15
2  326 65 0 2.645843613647e-14 15
2  327 64 0 2.645843613647e-14 15
4 G1 65 0 64 0
0

0101000
+2122 0 -1806 0 *
Wi

0101100
+2121 0 +1809 0 -1805 0 -1804 0 *
Fa
0  1e-07 64 0

0111000
+1803 0 *
Ve
2.03653949263203e-05
-35.74331344447 -20.08520709403 115
0 0

0101101
*
Ed
 1e-07 1 1 0
1  238 0 3.62094846323479 3.65354830909122
2  328 65 0 3.62094846323479 3.65354830909122
2  329 88 0 3.62094846323479 3.65354830909122
0

0101000
+1806 0 -1801 0 *
Ed
 1e-07 1 1 0
1  239 0 0 15
2  330 65 0 0 15
2  331 122 0 0 15
4 G1 65 0 122 0
0

0101000
+2120 0 -1801 0 *
Wi

0101100
-1800 0 -1804 0 +2119 0 +1799 0 *
Fa
0  1e-07 65 0

0111000
+1798 0 *
Ve
1e-07
-36.07267614768 -22.47918685612 100
0 0

0101101
*
Ve
1e-07
-58.40139753677 -44.80790824521 100
0 0

0101101
*
Ed
 1e-07 1 1 0
1  240 0 4.40241938109591 35.9799999999972
2  332 123 0 4.40241938109591 35.9799999999972
0

0101000
+1796 0 -1795 0 *
Ve
1e-07
-58.98607567273 -46.2886949128 100
0 0

0101101
*
Ed
 1e-07 1 1 0
1  241 0 5.46449444122375 6.28318530717959
2  333 124 0 5.46449444122375 6.28318530717959
0

0101000
+1793 0 -1795 0 *
Ve
1e-07
-53.01886645336 -53.01886645336 100
0 0

0101101
*
Ed
 1e-07 1 1 0
1  242 0 3.80695880845158 3.92699081698724
2  334 125 0 3.80695880845158 3.92699081698724
0

0101000
+1793 0 -1791 0 *
Ve
1e-07
-46.2886949128 -58.98607567273 100
0 0

0101101
*
Ed
 1e-07 1 1 0
1  243 0 3.92699081698724 4.04702282552291
2  335 126 0 3.92699081698724 4.04702282552291
0

0101000
+1791 0 -1789 0 *
Ve
1e-07
-44.80790824521 -58.40139753677 100
0 0

0101101
*
Ed
 1e-07 1 1 0
1  244 0 2.32290178763396 3.14159265358979
2  336 127 0 2.32290178763396 3.14159265358979
0

0101000
+1789 0 -1787 0 *
Ve
1e-07
-22.47918685612 -36.07267614768 100
0 0

0101101
*
Ed
 1e-07 1 1 0
1  245 0 4.40241938109591 35.9799999999972
2  337 128 0 4.40241938109591 35.9799999999972
0

0101000
+1785 0 -1787 0 *
Ed
 1e-07 1 1 0
1  246 0 2.62963699808688 3.92699081699078
2  338 129 0 2.62963699808688 3.92699081699078
0

0101000
+2106 0 -1785 0 *
Ed
 1e-07 1 1 0
1  247 0 3.69034813102804 4.16363350294644
4 C1 66 0 67 0
0

0101000
+2118 0 -2108 0 *
Ed
 1e-07 1 1 0
1  248 0 4.20043332488178 5.49778714378567
2  339 122 0 4.20043332488178 5.49778714378567
0

0101000
+2120 0 -1796 0 *
Wi

0101100
+1794 0 -1792 0 +1790 0 +1788 0 +1786 0 -1784 0 -1783 0 -2105 0 -1782 0 -2117 0 
+1781 0 *
Fa
0  1e-07 66 0

0111000
+1780 0 *
Wi

0101100
+1782 0 -2107 0 -2109 0 -2111 0 +2113 0 +2115 0 *
Fa
0  1e-07 67 0

0111000
+1778 0 *
Ve
2.03702658599457e-05
-20.08520709403 -35.74331344447 115
0 0

0101101
*
Ve
1e-07
-18.90951513387 -36.37898070867 115
0 0

0101101
*
Ed
 1e-07 1 1 0
1  249 0 4.20043332488326 4.23303317073969
2  340 68 0 4.20043332488326 4.23303317073969
2  341 88 0 4.20043332488326 4.23303317073969
0

0101000
+1776 0 -1775 0 *
Ed
 1e-07 1 1 0
1  250 0 0 15
2  342 68 0 0 15
2  343 129 0 0 15
4 G1 68 0 129 0
0

0101000
+2106 0 -1776 0 *
Ed
 1e-07 1 1 0
1  251 0 2.645453300865e-14 15
2  344 69 0 2.645453300865e-14 15
2  345 68 0 2.645453300865e-14 15
4 G1 69 0 68 0
0

0101000
+2104 0 -1775 0 *
Wi

0101100
-1774 0 -1773 0 +2103 0 +1772 0 *
Fa
0  1e-07 68 0

0111000
+1771 0 *
Ve
1e-07
-16.83856024422 -36.2417285584 115
0 0

0101101
*
Ed
 1e-07 1 1 0
1  252 0 0 1
2  346 69 0 0 1
2  347 88 0 0 1
0

0101000
+1769 0 -1775 0 *
Ed
 1e-07 1 1 0
1  253 0 2.645453300865e-14 15
2  348 70 0 2.645453300865e-14 15
2  349 69 0 2.645453300865e-14 15
4 G1 70 0 69 0
0

0101000
+2102 0 -1769 0 *
Wi

0101100
+2101 0 +1772 0 -1768 0 -1767 0 *
Fa
0  1e-07 69 0

0111000
+1766 0 *
Ve
1e-07
-13.72011189145 -37.53343215968 115
0 0

0101101
*
Ed
 1e-07 1 1 0
1  254 0 2.13718169241852 4.14600361476047
2  350 70 0 2.13718169241852 4.14600361476047
2  351 88 0 2.13718169241852 4.14600361476047
0

0101000
+1764 0 -1769 0 *
Ed
 1e-07 1 1 0
1  255 0 2.621644221157e-14 15
2  352 71 0 2.621644221157e-14 15
2  353 70 0 2.621644221157e-14 15
4 G1 71 0 70 0
0

0101000
+2100 0 -1764 0 *
Wi

0101100
+2099 0 +1767 0 -1763 0 -1762 0 *
Fa
0  1e-07 70 0

0111000
+1761 0 *
Ve
1e-07
-12.35277757163 -39.09487033187 115
0 0

0101101
*
Ed
 1e-07 1 1 0
1  256 0 0 1
2  354 71 0 0 1
2  355 88 0 0 1
0

0101000
+1759 0 -1764 0 *
Ed
 1e-07 1 1 0
1  257 0 2.621644221157e-14 15
2  356 72 0 2.621644221157e-14 15
2  357 71 0 2.621644221157e-14 15
4 G1 72 0 71 0
0

0101000
+2098 0 -1759 0 *
Wi

0101100
+2097 0 +1762 0 -1758 0 -1757 0 *
Fa
0  1e-07 71 0

0111000
+1756 0 *
Ve
2.02610633338487e-05
-11.07195318092 -39.47672545639 115
0 0

0101101
*
Ed
 1e-07 1 1 0
1  258 0 4.40634662663265 4.43894647248908
2  358 72 0 4.40634662663265 4.43894647248908
2  359 88 0 4.40634662663265 4.43894647248908
0

0101000
+1759 0 -1754 0 *
Ed
 1e-07 1 1 0
1  259 0 0 15
2  360 72 0 0 15
2  361 130 0 0 15
4 G1 72 0 130 0
0

0101000
+2096 0 -1754 0 *
Wi

0101100
-1753 0 -1757 0 +2095 0 +1752 0 *
Fa
0  1e-07 72 0

0111000
+1751 0 *
Ve
1e-07
-9.612048458046 -41.40241938109 100
0 0

0101101
*
Ve
1e-07
-9.612048458046 -72.98 100
0 0

0101101
*
Ed
 1e-07 1 1 0
1  260 0 4.40241938109 35.98
2  362 131 0 4.40241938109 35.98
0

0101000
+1749 0 -1748 0 *
Ve
1e-07
-8.978404038651 -74.44050416889 100
0 0

0101101
*
Ed
 1e-07 1 1 0
1  261 0 5.46449444122087 6.28318530717959
2  363 132 0 5.46449444122087 6.28318530717959
0

0101000
+1746 0 -1748 0 *
Ve
1e-07
-1.59872115546e-14 -74.98 100
0 0

0101101
*
Ed
 1e-07 1 1 0
1  262 0 4.59235697184907 4.71238898038469
2  364 133 0 4.59235697184907 4.71238898038469
0

0101000
+1746 0 -1744 0 *
Ve
1e-07
8.978404038651 -74.44050416889 100
0 0

0101101
*
Ed
 1e-07 1 1 0
1  263 0 4.71238898038469 4.83242098892031
2  365 134 0 4.71238898038469 4.83242098892031
0

0101000
+1744 0 -1742 0 *
Ve
1e-07
9.612048458045 -72.98 100
0 0

0101101
*
Ed
 1e-07 1 1 0
1  264 0 2.32290178763144 3.14159265358979
2  366 135 0 2.32290178763144 3.14159265358979
0

0101000
+1742 0 -1740 0 *
Ve
1e-07
9.612048458045 -41.40241938109 100
0 0

0101101
*
Ed
 1e-07 1 1 0
1  265 0 4.40241938109 35.98
2  367 136 0 4.40241938109 35.98
0

0101000
+1738 0 -1740 0 *
Ed
 1e-07 1 1 0
1  266 0 3.41503516148565 4.71238898038469
2  368 137 0 3.41503516148565 4.71238898038469
0

0101000
+2082 0 -1738 0 *
Ed
 1e-07 1 1 0
1  267 0 4.47574629442553 4.94903166634383
4 G2 73 0 74 0
0

0101000
+2094 0 -2084 0 *
Ed
 1e-07 1 1 0
1  268 0 3.41503516148661 4.71238898038469
2  369 130 0 3.41503516148661 4.71238898038469
0

0101000
+2096 0 -1749 0 *
Wi

0101100
+1747 0 -1745 0 +1743 0 +1741 0 +1739 0 -1737 0 -1736 0 -2081 0 -1735 0 -2093 0 
+1734 0 *
Fa
0  1e-07 73 0

0111000
+1733 0 *
Wi

0101100
+1735 0 -2083 0 -2085 0 -2087 0 +2089 0 +2091 0 *
Fa
0  1e-07 74 0

0111000
+1731 0 *
Ve
2.01354887906759e-05
11.071953180927 -39.47672545639 115
0 0

0101101
*
Ve
1e-07
12.352777571644 -39.09487033186 115
0 0

0101101
*
Ed
 1e-07 1 1 0
1  269 0 4.98583148828047 5.01843133413713
2  370 75 0 4.98583148828047 5.01843133413713
2  371 88 0 4.98583148828047 5.01843133413713
0

0101000
+1729 0 -1728 0 *
Ed
 1e-07 1 1 0
1  270 0 0 15
2  372 75 0 0 15
2  373 137 0 0 15
4 G1 75 0 137 0
0

0101000
+2082 0 -1729 0 *
Ed
 1e-07 1 1 0
1  271 0 2.624289674458e-14 15
2  374 76 0 2.624289674458e-14 15
2  375 75 0 2.624289674458e-14 15
4 G1 76 0 75 0
0

0101000
+2080 0 -1728 0 *
Wi

0101100
-1727 0 -1726 0 +2079 0 +1725 0 *
Fa
0  1e-07 75 0

0111000
+1724 0 *
Ve
1e-07
13.720111891462 -37.53343215968 115
0 0

0101101
*
Ed
 1e-07 1 1 0
1  272 0 0 1
2  376 76 0 0 1
2  377 88 0 0 1
0

0101000
+1722 0 -1728 0 *
Ed
 1e-07 1 1 0
1  273 0 2.624289674458e-14 15
2  378 77 0 2.624289674458e-14 15
2  379 76 0 2.624289674458e-14 15
4 G1 77 0 76 0
0

0101000
+2078 0 -1722 0 *
Wi

0101100
+2077 0 +1725 0 -1721 0 -1720 0 *
Fa
0  1e-07 76 0

0111000
+1719 0 *
Ve
1e-07
16.83856024423 -36.2417285584 115
0 0

0101101
*
Ed
 1e-07 1 1 0
1  274 0 2.1371816924187 4.1460036147608
2  380 77 0 2.1371816924187 4.1460036147608
2  381 88 0 2.1371816924187 4.1460036147608
0

0101000
+1717 0 -1722 0 *
Ed
 1e-07 1 1 0
1  275 0 2.64649413495e-14 15
2  382 78 0 2.64649413495e-14 15
2  383 77 0 2.64649413495e-14 15
4 G1 78 0 77 0
0

0101000
+2076 0 -1717 0 *
Wi

0101100
+2075 0 +1720 0 -1716 0 -1715 0 *
Fa
0  1e-07 77 0

0111000
+1714 0 *
Ve
1e-07
18.909515133876 -36.37898070866 115
0 0

0101101
*
Ed
 1e-07 1 1 0
1  276 0 0 1
2  384 78 0 0 1
2  385 88 0 0 1
0

0101000
+1712 0 -1717 0 *
Ed
 1e-07 1 1 0
1  277 0 2.64649413495e-14 15
2  386 79 0 2.64649413495e-14 15
2  387 78 0 2.64649413495e-14 15
4 G1 79 0 78 0
0

0101000
+2074 0 -1712 0 *
Wi

0101100
+2073 0 +1715 0 -1711 0 -1710 0 *
Fa
0  1e-07 78 0

0111000
+1709 0 *
Ve
1.98921579231959e-05
20.085207094041 -35.74331344446 115
0 0

0101101
*
Ed
 1e-07 1 1 0
1  278 0 5.19174479002993 5.22434463588647
2  388 79 0 5.19174479002993 5.22434463588647
2  389 88 0 5.19174479002993 5.22434463588647
0

0101000
+1712 0 -1707 0 *
Ed
 1e-07 1 1 0
1  279 0 0 15
2  390 79 0 0 15
2  391 138 0 0 15
4 G1 79 0 138 0
0

0101000
+2072 0 -1707 0 *
Wi

0101100
-1706 0 -1710 0 +2071 0 +1705 0 *
Fa
0  1e-07 79 0

0111000
+1704 0 *
Ve
1e-07
22.479186856124 -36.07267614767 100
0 0

0101101
*
Ve
1e-07
44.807908245217 -58.40139753677 100
0 0

0101101
*
Ed
 1e-07 1 1 0
1  280 0 4.40241938108813 35.9799999999986
2  392 139 0 4.40241938108813 35.9799999999986
0

0101000
+1702 0 -1701 0 *
Ve
1e-07
46.288694912806 -58.98607567273 100
0 0

0101101
*
Ed
 1e-07 1 1 0
1  281 0 5.46449444122075 6.28318530717959
2  393 140 0 5.46449444122075 6.28318530717959
0

0101000
+1699 0 -1701 0 *
Ve
1e-07
53.018866453367 -53.01886645336 100
0 0

0101101
*
Ed
 1e-07 1 1 0
1  282 0 5.37775513524654 5.4977871437822
2  394 141 0 5.37775513524654 5.4977871437822
0

0101000
+1699 0 -1697 0 *
Ve
1e-07
58.986075672731 -46.2886949128 100
0 0

0101101
*
Ed
 1e-07 1 1 0
1  283 0 5.4977871437822 5.61781915231781
2  395 142 0 5.4977871437822 5.61781915231781
0

0101000
+1697 0 -1695 0 *
Ve
1e-07
58.401397536772 -44.80790824521 100
0 0

0101101
*
Ed
 1e-07 1 1 0
1  284 0 2.32290178763382 3.14159265359227
2  396 143 0 2.32290178763382 3.14159265359227
0

0101000
+1695 0 -1693 0 *
Ve
1e-07
36.07267614768 -22.47918685612 100
0 0

0101101
*
Ed
 1e-07 1 1 0
1  285 0 4.40241938109591 35.9799999999986
2  397 144 0 4.40241938109591 35.9799999999986
0

0101000
+1691 0 -1693 0 *
Ed
 1e-07 1 1 0
1  286 0 4.20043332488251 5.49778714378461
2  398 145 0 4.20043332488251 5.49778714378461
0

0101000
+2058 0 -1691 0 *
Ed
 1e-07 1 1 0
1  287 0 5.26114445782302 5.73442982974135
4 C1 80 0 81 0
0

0101000
+2070 0 -2060 0 *
Ed
 1e-07 1 1 0
1  288 0 2.62963699808977 3.92699081698512
2  399 138 0 2.62963699808977 3.92699081698512
0

0101000
+2072 0 -1702 0 *
Wi

0101100
+1700 0 -1698 0 +1696 0 +1694 0 +1692 0 -1690 0 -1689 0 -2057 0 -1688 0 -2069 0 
+1687 0 *
Fa
0  1e-07 80 0

0111000
+1686 0 *
Wi

0101100
+1688 0 -2059 0 -2061 0 -2063 0 +2065 0 +2067 0 *
Fa
0  1e-07 81 0

0111000
+1684 0 *
Ve
2.01066718219074e-05
35.74331344447 -20.08520709403 115
0 0

0101101
*
Ve
1e-07
36.378980708673 -18.90951513386 115
0 0

0101101
*
Ed
 1e-07 1 1 0
1  289 0 5.77122965167816 5.80382949753484
2  400 82 0 5.77122965167816 5.80382949753484
2  401 88 0 5.77122965167816 5.80382949753484
0

0101000
+1682 0 -1681 0 *
Ed
 1e-07 1 1 0
1  290 0 0 15
2  402 82 0 0 15
2  403 145 0 0 15
4 G1 82 0 145 0
0

0101000
+2058 0 -1682 0 *
Ed
 1e-07 1 1 0
1  291 0 2.635354083282e-14 15
2  404 83 0 2.635354083282e-14 15
2  405 82 0 2.635354083282e-14 15
4 G1 83 0 82 0
0

0101000
+2056 0 -1681 0 *
Wi

0101100
-1680 0 -1679 0 +2055 0 +1678 0 *
Fa
0  1e-07 82 0

0111000
+1677 0 *
Ve
1e-07
36.241728558412 -16.83856024422 115
0 0

0101101
*
Ed
 1e-07 1 1 0
1  292 0 0 1
2  406 83 0 0 1
2  407 88 0 0 1
0

0101000
+1675 0 -1681 0 *
Ed
 1e-07 1 1 0
1  293 0 2.635354083282e-14 15
2  408 84 0 2.635354083282e-14 15
2  409 83 0 2.635354083282e-14 15
4 G1 84 0 83 0
0

0101000
+2054 0 -1675 0 *
Wi

0101100
+2053 0 +1678 0 -1674 0 -1673 0 *
Fa
0  1e-07 83 0

0111000
+1672 0 *
Ve
1e-07
37.533432159688 -13.72011189145 115
0 0

0101101
*
Ed
 1e-07 1 1 0
1  294 0 2.13718169241606 4.14600361476306
2  410 84 0 2.13718169241606 4.14600361476306
2  411 88 0 2.13718169241606 4.14600361476306
0

0101000
+1670 0 -1675 0 *
Ed
 1e-07 1 1 0
1  295 0 2.692151841814e-14 15
2  412 85 0 2.692151841814e-14 15
2  413 84 0 2.692151841814e-14 15
4 G1 85 0 84 0
0

0101000
+2052 0 -1670 0 *
Wi

0101100
+2051 0 +1673 0 -1669 0 -1668 0 *
Fa
0  1e-07 84 0

0111000
+1667 0 *
Ve
1e-07
39.09487033187 -12.35277757163 115
0 0

0101101
*
Ed
 1e-07 1 1 0
1  296 0 0 1
2  414 85 0 0 1
2  415 88 0 0 1
0

0101000
+1665 0 -1670 0 *
Ed
 1e-07 1 1 0
1  297 0 2.692151841814e-14 15
2  416 86 0 2.692151841814e-14 15
2  417 85 0 2.692151841814e-14 15
4 G1 86 0 85 0
0

0101000
+2050 0 -1665 0 *
Wi

0101100
+2049 0 +1668 0 -1664 0 -1663 0 *
Fa
0  1e-07 85 0

0111000
+1662 0 *
Ed
 1e-07 1 1 0
1  298 0 5.97714295342755 6.00974279928399
2  418 86 0 5.97714295342755 6.00974279928399
2  419 88 0 5.97714295342755 6.00974279928399
0

0101000
+1665 0 -2019 0 *
Wi

0101100
-1660 0 -1663 0 +2047 0 +2018 0 *
Fa
0  1e-07 86 0

0111000
+1659 0 *
Ve
1e-07
20 -4.898587196589e-15 115
0 0

0101101
*
Ed
 1e-07 1 1 0
1  299 0 0 6.28318530717959
2  420 87 0 0 6.28318530717959
2  421 88 0 0 6.28318530717959
0

0101000
+1657 0 -1657 0 *
Ed
 1e-07 1 1 0
1  300 0 0 15
3  422 423CN 87 0 0 15
0

0101000
+2034 0 -1657 0 *
Wi

0101100
-1656 0 -1655 0 +2033 0 +1655 0 *
Fa
0  1e-07 87 0

0111000
+1654 0 *
Ve
1e-07
34.980148666941 21.386659375384 115
0 0

0101101
*
Ed
 1e-07 1 1 0
1  301 0 0.511955655501683 0.548755477438321
4 C1 88 0 146 0
2  424 88 0 0.511955655501683 0.548755477438321
2  425 146 0 0.511955655501683 0.548755477438321
0

0101000
+1989 0 -1652 0 *
Ve
1e-07
34.373909112053 20.780419820498 115
0 0

0101101
*
Ed
 1e-07 1 1 0
1  302 0 1.99999999999987 2.85735220056809
4 CN 88 0 147 0
2  426 88 0 1.99999999999987 2.85735220056809
2  427 147 0 1.99999999999987 2.85735220056809
0

0101000
+1650 0 -1652 0 *
Ve
1e-07
31.545481987307 20.780419820498 115
0 0

0101101
*
Ed
 1e-07 1 1 0
1  303 0 4.71238898038469 6.28318530717959
4 CN 88 0 147 0
2  428 88 0 4.71238898038469 6.28318530717959
2  429 147 0 4.71238898038469 6.28318530717959
0

0101000
+1648 0 -1650 0 *
Ve
1e-07
20.780419820498 31.545481987307 115
0 0

0101101
*
Ed
 1e-07 1 1 0
1  304 0 1.99999999999987 17.2240969160907
4 CN 88 0 147 0
2  430 88 0 1.99999999999987 17.2240969160907
2  431 147 0 1.99999999999987 17.2240969160907
0

0101000
+1648 0 -1646 0 *
Ve
1e-07
20.780419820498 34.373909112053 115
0 0

0101101
*
Ed
 1e-07 1 1 0
1  305 0 1.5707963267949 3.14159265358979
4 CN 88 0 147 0
2  432 88 0 1.5707963267949 3.14159265358979
2  433 147 0 1.5707963267949 3.14159265358979
0

0101000
+1646 0 -1644 0 *
Ve
1e-07
21.386659375384 34.980148666941 115
0 0

0101101
*
Ed
 1e-07 1 1 0
1  306 0 1.99999999999987 2.85735220056809
4 CN 88 0 147 0
2  434 88 0 1.99999999999987 2.85735220056809
2  435 147 0 1.99999999999987 2.85735220056809
0

0101000
+1644 0 -1642 0 *
Ed
 1e-07 1 1 0
1  307 0 1.02204084935658 1.05884067129321
4 C1 88 0 146 0
2  436 88 0 1.02204084935658 1.05884067129321
2  437 146 0 1.02204084935658 1.05884067129321
0

0101000
+1642 0 -1964 0 *
Ve
1e-07
9.612048458045 39.857352200569 115
0 0

0101101
*
Ed
 1e-07 1 1 0
1  308 0 1.29735381889911 1.33415364083581
4 G2 88 0 148 0
2  438 88 0 1.29735381889911 1.33415364083581
2  439 148 0 1.29735381889911 1.33415364083581
0

0101000
+1942 0 -1639 0 *
Ve
1e-07
9.612048458046 39 115
0 0

0101101
*
Ed
 1e-07 1 1 0
1  309 0 2 2.857352200569
4 CN 88 0 149 0
2  440 88 0 2 2.857352200569
2  441 149 0 2 2.857352200569
0

0101000
+1637 0 -1639 0 *
Ve
1e-07
7.612048458046 37 115
0 0

0101101
*
Ed
 1e-07 1 1 0
1  310 0 4.71238898038469 6.28318530717959
4 CN 88 0 149 0
2  442 88 0 4.71238898038469 6.28318530717959
2  443 149 0 4.71238898038469 6.28318530717959
0

0101000
+1635 0 -1637 0 *
Ve
1e-07
-7.612048458046 37 115
0 0

0101101
*
Ed
 1e-07 1 1 0
1  311 0 2 17.224096916092
4 CN 88 0 149 0
2  444 88 0 2 17.224096916092
2  445 149 0 2 17.224096916092
0

0101000
+1635 0 -1633 0 *
Ve
1e-07
-9.612048458046 39 115
0 0

0101101
*
Ed
 1e-07 1 1 0
1  312 0 1.5707963267949 3.14159265358979
4 CN 88 0 149 0
2  446 88 0 1.5707963267949 3.14159265358979
2  447 149 0 1.5707963267949 3.14159265358979
0

0101000
+1633 0 -1631 0 *
Ve
1e-07
-9.612048458045 39.857352200569 115
0 0

0101101
*
Ed
 1e-07 1 1 0
1  313 0 2 2.857352200569
4 CN 88 0 149 0
2  448 88 0 2 2.857352200569
2  449 149 0 2 2.857352200569
0

0101000
+1631 0 -1629 0 *
Ed
 1e-07 1 1 0
1  314 0 1.80743901275398 1.8442388346905
4 G2 88 0 148 0
2  450 88 0 1.80743901275398 1.8442388346905
2  451 148 0 1.80743901275398 1.8442388346905
0

0101000
+1629 0 -1917 0 *
Ve
1e-07
-21.38665937538 34.980148666941 115
0 0

0101101
*
Ed
 1e-07 1 1 0
1  315 0 2.08275198229632 2.11955180423313
4 C1 88 0 150 0
2  452 88 0 2.08275198229632 2.11955180423313
2  453 150 0 2.08275198229632 2.11955180423313
0

0101000
+1895 0 -1626 0 *
Ve
1e-07
-20.78041982049 34.373909112053 115
0 0

0101101
*
Ed
 1e-07 1 1 0
1  316 0 1.99999999999775 2.8573522005688
4 CN 88 0 151 0
2  454 88 0 1.99999999999775 2.8573522005688
2  455 151 0 1.99999999999775 2.8573522005688
0

0101000
+1624 0 -1626 0 *
Ve
1e-07
-20.78041982049 31.545481987307 115
0 0

0101101
*
Ed
 1e-07 1 1 0
1  317 0 4.71238898038716 6.28318530717959
4 CN 88 0 151 0
2  456 88 0 4.71238898038716 6.28318530717959
2  457 151 0 4.71238898038716 6.28318530717959
0

0101000
+1622 0 -1624 0 *
Ve
1e-07
-31.5454819873 20.780419820498 115
0 0

0101101
*
Ed
 1e-07 1 1 0
1  318 0 1.99999999999775 17.2240969160892
4 CN 88 0 151 0
2  458 88 0 1.99999999999775 17.2240969160892
2  459 151 0 1.99999999999775 17.2240969160892
0

0101000
+1622 0 -1620 0 *
Ve
1e-07
-34.37390911205 20.780419820498 115
0 0

0101101
*
Ed
 1e-07 1 1 0
1  319 0 1.57079632679242 3.14159265358873
4 CN 88 0 151 0
2  460 88 0 1.57079632679242 3.14159265358873
2  461 151 0 1.57079632679242 3.14159265358873
0

0101000
+1620 0 -1618 0 *
Ve
1e-07
-34.98014866694 21.386659375384 115
0 0

0101101
*
Ed
 1e-07 1 1 0
1  320 0 1.99999999999775 2.85735220056738
4 CN 88 0 151 0
2  462 88 0 1.99999999999775 2.85735220056738
2  463 151 0 1.99999999999775 2.85735220056738
0

0101000
+1618 0 -1616 0 *
Ed
 1e-07 1 1 0
1  321 0 2.59283717615146 2.62963699808801
4 C1 88 0 150 0
2  464 88 0 2.59283717615146 2.62963699808801
2  465 150 0 2.59283717615146 2.62963699808801
0

0101000
+1616 0 -1870 0 *
Ve
1e-07
-39.85735220056 9.612048458045 115
0 0

0101101
*
Ed
 1e-07 1 1 0
1  322 0 2.86815014569399 2.90494996763066
4 G2 88 0 152 0
2  466 88 0 2.86815014569399 2.90494996763066
2  467 152 0 2.86815014569399 2.90494996763066
0

0101000
+1848 0 -1613 0 *
Ve
1e-07
-39 9.612048458046 115
0 0

0101101
*
Ed
 1e-07 1 1 0
1  323 0 2 2.85735220056
4 CN 88 0 153 0
2  468 88 0 2 2.85735220056
2  469 153 0 2 2.85735220056
0

0101000
+1611 0 -1613 0 *
Ve
1e-07
-37 7.612048458046 115
0 0

0101101
*
Ed
 1e-07 1 1 0
1  324 0 4.71238898038469 6.28318530717959
4 CN 88 0 153 0
2  470 88 0 4.71238898038469 6.28318530717959
2  471 153 0 4.71238898038469 6.28318530717959
0

0101000
+1609 0 -1611 0 *
Ve
1e-07
-37 -7.612048458046 115
0 0

0101101
*
Ed
 1e-07 1 1 0
1  325 0 2 17.224096916092
4 CN 88 0 153 0
2  472 88 0 2 17.224096916092
2  473 153 0 2 17.224096916092
0

0101000
+1609 0 -1607 0 *
Ve
1e-07
-39 -9.612048458046 115
0 0

0101101
*
Ed
 1e-07 1 1 0
1  326 0 1.5707963267949 3.14159265358979
4 CN 88 0 153 0
2  474 88 0 1.5707963267949 3.14159265358979
2  475 153 0 1.5707963267949 3.14159265358979
0

0101000
+1607 0 -1605 0 *
Ve
1e-07
-39.85735220056 -9.612048458047 115
0 0

0101101
*
Ed
 1e-07 1 1 0
1  327 0 2 2.85735220056
4 CN 88 0 153 0
2  476 88 0 2 2.85735220056
2  477 153 0 2 2.85735220056
0

0101000
+1605 0 -1603 0 *
Ed
 1e-07 1 1 0
1  328 0 3.37823533954898 3.41503516148541
4 G2 88 0 152 0
2  478 88 0 3.37823533954898 3.41503516148541
2  479 152 0 3.37823533954898 3.41503516148541
0

0101000
+1603 0 -1823 0 *
Ve
1e-07
-34.98014866694 -21.38665937538 115
0 0

0101101
*
Ed
 1e-07 1 1 0
1  329 0 3.65354830909122 3.69034813102804
4 C1 88 0 154 0
2  480 88 0 3.65354830909122 3.69034813102804
2  481 154 0 3.65354830909122 3.69034813102804
0

0101000
+1801 0 -1600 0 *
Ve
1e-07
-34.37390911205 -20.78041982049 115
0 0

0101101
*
Ed
 1e-07 1 1 0
1  330 0 1.99999999999563 2.85735220056809
4 CN 88 0 155 0
2  482 88 0 1.99999999999563 2.85735220056809
2  483 155 0 1.99999999999563 2.85735220056809
0

0101000
+1598 0 -1600 0 *
Ve
1e-07
-31.5454819873 -20.78041982049 115
0 0

0101101
*
Ed
 1e-07 1 1 0
1  331 0 4.71238898038469 6.28318530717959
4 CN 88 0 155 0
2  484 88 0 4.71238898038469 6.28318530717959
2  485 155 0 4.71238898038469 6.28318530717959
0

0101000
+1596 0 -1598 0 *
Ve
1e-07
-20.78041982049 -31.5454819873 115
0 0

0101101
*
Ed
 1e-07 1 1 0
1  332 0 2.00000000000269 17.2240969160949
4 CN 88 0 155 0
2  486 88 0 2.00000000000269 17.2240969160949
2  487 155 0 2.00000000000269 17.2240969160949
0

0101000
+1596 0 -1594 0 *
Ve
1e-07
-20.78041982049 -34.37390911205 115
0 0

0101101
*
Ed
 1e-07 1 1 0
1  333 0 1.5707963267949 3.14159265358626
4 CN 88 0 155 0
2  488 88 0 1.5707963267949 3.14159265358626
2  489 155 0 1.5707963267949 3.14159265358626
0

0101000
+1594 0 -1592 0 *
Ve
1e-07
-21.38665937538 -34.98014866694 115
0 0

0101101
*
Ed
 1e-07 1 1 0
1  334 0 1.99999999999563 2.85735220056809
4 CN 88 0 155 0
2  490 88 0 1.99999999999563 2.85735220056809
2  491 155 0 1.99999999999563 2.85735220056809
0

0101000
+1592 0 -1590 0 *
Ed
 1e-07 1 1 0
1  335 0 4.16363350294644 4.20043332488326
4 C1 88 0 154 0
2  492 88 0 4.16363350294644 4.20043332488326
2  493 154 0 4.16363350294644 4.20043332488326
0

0101000
+1590 0 -1776 0 *
Ve
1e-07
-9.612048458046 -39.85735220056 115
0 0

0101101
*
Ed
 1e-07 1 1 0
1  336 0 4.43894647248908 4.47574629442553
4 G2 88 0 156 0
2  494 88 0 4.43894647248908 4.47574629442553
2  495 156 0 4.43894647248908 4.47574629442553
0

0101000
+1754 0 -1587 0 *
Ve
1e-07
-9.612048458046 -39 115
0 0

0101101
*
Ed
 1e-07 1 1 0
1  337 0 2 2.85735220056
4 CN 88 0 157 0
2  496 88 0 2 2.85735220056
2  497 157 0 2 2.85735220056
0

0101000
+1585 0 -1587 0 *
Ve
1e-07
-7.612048458046 -37 115
0 0

0101101
*
Ed
 1e-07 1 1 0
1  338 0 4.71238898038469 6.28318530717959
4 CN 88 0 157 0
2  498 88 0 4.71238898038469 6.28318530717959
2  499 157 0 4.71238898038469 6.28318530717959
0

0101000
+1583 0 -1585 0 *
Ve
1e-07
7.612048458045 -37 115
0 0

0101101
*
Ed
 1e-07 1 1 0
1  339 0 2 17.224096916091
4 CN 88 0 157 0
2  500 88 0 2 17.224096916091
2  501 157 0 2 17.224096916091
0

0101000
+1583 0 -1581 0 *
Ve
1e-07
9.612048458045 -39 115
0 0

0101101
*
Ed
 1e-07 1 1 0
1  340 0 1.5707963267949 3.14159265358979
4 CN 88 0 157 0
2  502 88 0 1.5707963267949 3.14159265358979
2  503 157 0 1.5707963267949 3.14159265358979
0

0101000
+1581 0 -1579 0 *
Ve
1e-07
9.612048458045 -39.85735220056 115
0 0

0101101
*
Ed
 1e-07 1 1 0
1  341 0 2 2.85735220056
4 CN 88 0 157 0
2  504 88 0 2 2.85735220056
2  505 157 0 2 2.85735220056
0

0101000
+1579 0 -1577 0 *
Ed
 1e-07 1 1 0
1  342 0 4.94903166634383 4.98583148828047
4 G2 88 0 156 0
2  506 88 0 4.94903166634383 4.98583148828047
2  507 156 0 4.94903166634383 4.98583148828047
0

0101000
+1577 0 -1729 0 *
Ve
1e-07
21.386659375384 -34.98014866694 115
0 0

0101101
*
Ed
 1e-07 1 1 0
1  343 0 5.22434463588647 5.26114445782302
4 C1 88 0 158 0
2  508 88 0 5.22434463588647 5.26114445782302
2  509 158 0 5.22434463588647 5.26114445782302
0

0101000
+1707 0 -1574 0 *
Ve
1e-07
20.780419820498 -34.37390911205 115
0 0

0101101
*
Ed
 1e-07 1 1 0
1  344 0 1.99999999999775 2.85735220056738
4 CN 88 0 159 0
2  510 88 0 1.99999999999775 2.85735220056738
2  511 159 0 1.99999999999775 2.85735220056738
0

0101000
+1572 0 -1574 0 *
Ve
1e-07
20.780419820498 -31.5454819873 115
0 0

0101101
*
Ed
 1e-07 1 1 0
1  345 0 4.71238898038222 6.28318530717959
4 CN 88 0 159 0
2  512 88 0 4.71238898038222 6.28318530717959
2  513 159 0 4.71238898038222 6.28318530717959
0

0101000
+1570 0 -1572 0 *
Ve
1e-07
31.545481987307 -20.78041982049 115
0 0

0101101
*
Ed
 1e-07 1 1 0
1  346 0 2.00000000000481 17.2240969160963
4 CN 88 0 159 0
2  514 88 0 2.00000000000481 17.2240969160963
2  515 159 0 2.00000000000481 17.2240969160963
0

0101000
+1570 0 -1568 0 *
Ve
1e-07
34.373909112053 -20.78041982049 115
0 0

0101101
*
Ed
 1e-07 1 1 0
1  347 0 1.57079632679737 3.14159265358732
4 CN 88 0 159 0
2  516 88 0 1.57079632679737 3.14159265358732
2  517 159 0 1.57079632679737 3.14159265358732
0

0101000
+1568 0 -1566 0 *
Ve
1e-07
34.980148666941 -21.38665937538 115
0 0

0101101
*
Ed
 1e-07 1 1 0
1  348 0 1.99999999999775 2.8573522005688
4 CN 88 0 159 0
2  518 88 0 1.99999999999775 2.8573522005688
2  519 159 0 1.99999999999775 2.8573522005688
0

0101000
+1566 0 -1564 0 *
Ed
 1e-07 1 1 0
1  349 0 5.73442982974135 5.77122965167816
4 C1 88 0 158 0
2  520 88 0 5.73442982974135 5.77122965167816
2  521 158 0 5.73442982974135 5.77122965167816
0

0101000
+1564 0 -1682 0 *
Ve
1e-07
39 -9.612048458046 115
0 0

0101101
*
Ed
 1e-07 1 1 0
1  350 0 2 2.857352200569
4 CN 88 0 89 0
2  522 88 0 2 2.857352200569
2  523 89 0 2 2.857352200569
0

0101000
+1561 0 -2028 0 *
Ve
1e-07
37 -7.612048458046 115
0 0

0101101
*
Ed
 1e-07 1 1 0
1  351 0 4.71238898038469 6.28318530717959
4 CN 88 0 89 0
2  524 88 0 4.71238898038469 6.28318530717959
2  525 89 0 4.71238898038469 6.28318530717959
0

0101000
+1559 0 -1561 0 *
Ve
1e-07
37 7.612048458046 115
0 0

0101101
*
Ed
 1e-07 1 1 0
1  352 0 2 17.224096916092
4 CN 88 0 89 0
2  526 88 0 2 17.224096916092
2  527 89 0 2 17.224096916092
0

0101000
+1559 0 -1557 0 *
Ve
1e-07
39 9.612048458046 115
0 0

0101101
*
Ed
 1e-07 1 1 0
1  353 0 1.5707963267949 3.14159265358979
4 CN 88 0 89 0
2  528 88 0 1.5707963267949 3.14159265358979
2  529 89 0 1.5707963267949 3.14159265358979
0

0101000
+1557 0 -1555 0 *
Ed
 1e-07 1 1 0
1  354 0 2 2.857352200569
4 CN 88 0 89 0
2  530 88 0 2 2.857352200569
2  531 89 0 2 2.857352200569
0

0101000
+1555 0 -2024 0 *
Wi

0101100
+2008 0 -2003 0 -1998 0 -1993 0 +1988 0 +1651 0 -1649 0 -1647 0 +1645 0 +1643 0 
+1641 0 +1640 0 +1962 0 -1956 0 -1951 0 -1946 0 +1941 0 +1638 0 -1636 0 -1634 0 
+1632 0 +1630 0 +1628 0 +1627 0 +1915 0 -1909 0 -1904 0 -1899 0 +1894 0 +1625 0 
-1623 0 -1621 0 +1619 0 +1617 0 +1615 0 +1614 0 +1868 0 -1862 0 -1857 0 -1852 0 
+1847 0 +1612 0 -1610 0 -1608 0 +1606 0 +1604 0 +1602 0 +1601 0 +1821 0 -1815 0 
-1810 0 -1805 0 +1800 0 +1599 0 -1597 0 -1595 0 +1593 0 +1591 0 +1589 0 +1588 0 
+1774 0 -1768 0 -1763 0 -1758 0 +1753 0 +1586 0 -1584 0 -1582 0 +1580 0 +1578 0 
+1576 0 +1575 0 +1727 0 -1721 0 -1716 0 -1711 0 +1706 0 +1573 0 -1571 0 -1569 0 
+1567 0 +1565 0 +1563 0 +1562 0 +1680 0 -1674 0 -1669 0 -1664 0 +1660 0 -2017 0 
-2027 0 -1560 0 -1558 0 +1556 0 +1554 0 +1553 0 +2022 0 +2013 0 *
Wi

0101100
-1656 0 *
Fa
0  1e-07 88 0

0111000
+1552 0 +1551 0 *
Wi

0101100
+2025 0 +2023 0 -1553 0 -1554 0 -1556 0 +1558 0 +1560 0 *
Fa
0  1e-07 89 0

0111000
+1549 0 *
Ve
1e-07
36.072676147679 22.479186856124 115
0 0

0101101
*
Ed
 1e-07 1 1 0
1  355 0 1.0588406712934 2.3561944901927
2  532 90 0 1.0588406712934 2.3561944901927
2  533 146 0 1.0588406712934 2.3561944901927
0

0101000
+1989 0 -1547 0 *
Ed
 1e-07 1 1 0
1  356 0 0 15
2  534 90 0 0 15
4 G1 90 0 91 0
2  535 91 0 0 15
0

0101000
+1984 0 -1547 0 *
Wi

0101100
+1987 0 +1546 0 -1545 0 -1969 0 *
Fa
0  1e-07 90 0

0111000
+1544 0 *
Ve
1.50000758685536e-07
58.4013975367721 44.8079082452166 113.5
0 0

0101101
*
Ed
 1e-07 1 1 0
1  357 0 0 13.5
2  536 92 0 0 13.5
4 G1 91 0 92 0
2  537 91 0 0 13.5
0

0101000
+1983 0 -1542 0 *
Ve
1.00000076465095e-06
56.1679858922776 42.5744966007221 113.5
0 0

0101101
*
Ed
 1.50000748636944e-07 1 1 0
1  358 0 -54.4800000000002 -51.321478961994
2  538 16 0 -54.4800000000002 -51.321478961994
2  539 91 0 -54.4800000000002 -51.321478961994
0

0101000
+1542 0 -1540 0 *
Ve
1.00000131688931e-06
55.0971013962214 41.5036121046649 115
0 0

0101101
*
Ed
 1.00000076465095e-06 1 1 0
1  359 0 0 1
2  540 11 0 0 1
2  541 91 0 0 1
2  542 160 0 0 1
0

0101000
+1540 0 -1538 0 *
Ed
 1e-07 1 1 0
1  360 0 4.40241938109449 31.3070195839351
2  543 91 0 4.40241938109449 31.3070195839351
2  544 146 0 4.40241938109449 31.3070195839351
0

0101000
+1547 0 -1538 0 *
Wi

0101100
-1982 0 -1541 0 -1539 0 -1537 0 +1536 0 +1545 0 *
Fa
0  1e-07 91 0

0101000
+1535 0 *
Ve
1.00004323180496e-07
58.9860756727309 46.288694912806 113.5
0 0

0101101
*
Ed
 1e-07 1 1 0
1  361 0 0 13.5
2  545 92 0 0 13.5
2  546 93 0 0 13.5
0

0101000
+1981 0 -1533 0 *
Ed
 1.00000587755403e-07 1 1 0
1  362 0 4.712388980385 5.53107984634438
2  547 16 0 4.712388980385 5.53107984634438
2  548 92 0 4.712388980385 5.53107984634438
2  549 161 0 4.712388980385 5.53107984634438
0

0101000
+1542 0 -1533 0 *
Wi

0101100
+1532 0 -1980 0 -1541 0 -1531 0 *
Fa
0  1e-07 92 0

0101000
+1530 0 *
Ve
1.00003125596186e-07
53.0188664533694 53.018866453365 113.5
0 0

0101101
*
Ed
 1.00000047664656e-07 1 1 0
1  24 0 0.665366154861868 0.785398163397407
2  72 19 0 0.665366154861868 0.785398163397407
2  73 16 0 0.665366154861868 0.785398163397407
2  550 93 0 0.665366154861868 0.785398163397407
2  551 162 0 0.665366154861868 0.785398163397407
0

0101000
+1533 0 -1528 0 *
Ed
 1e-07 1 1 0
1  363 0 0.2 13.7
2  552 93 0 0.2 13.7
2  553 94 0 0.2 13.7
4 CN 93 0 94 0
0

0101000
+1979 0 -1528 0 *
Wi

0101100
-1532 0 -1527 0 +1526 0 +1978 0 *
Fa
0  1e-07 93 0

0101000
+1525 0 *
Ve
1.00001879269527e-07
46.2886949128046 58.986075672732 113.5
0 0

0101101
*
Ed
 1.00000015999241e-07 1 1 0
1  24 0 0.785398163397407 0.90543017193306
2  72 19 0 0.785398163397407 0.90543017193306
2  73 16 0 0.785398163397407 0.90543017193306
2  554 94 0 0.785398163397407 0.90543017193306
2  555 163 0 0.785398163397407 0.90543017193306
0

0101000
+1528 0 -1523 0 *
Ed
 1e-07 1 1 0
1  364 0 0 13.5
2  556 94 0 0 13.5
2  557 95 0 0 13.5
0

0101000
+1977 0 -1523 0 *
Wi

0101100
-1526 0 -1522 0 +1521 0 +1976 0 *
Fa
0  1e-07 94 0

0101000
+1520 0 *
Ve
1.50000748637174e-07
44.8079082452166 58.4013975367721 113.5
0 0

0101101
*
Ed
 1.00000572386442e-07 1 1 0
1  365 0 0.752105460835821 1.570796326795
2  558 16 0 0.752105460835821 1.570796326795
2  559 95 0 0.752105460835821 1.570796326795
2  560 164 0 0.752105460835821 1.570796326795
0

0101000
+1523 0 -1518 0 *
Ed
 1e-07 1 1 0
1  366 0 0 13.5
2  561 95 0 0 13.5
4 G1 95 0 96 0
2  562 96 0 0 13.5
0

0101000
+1975 0 -1518 0 *
Wi

0101100
-1521 0 -1517 0 +1516 0 +1974 0 *
Fa
0  1e-07 95 0

0101000
+1515 0 *
Ve
1.00000077363582e-06
42.5744966007221 56.1679858922776 113.5
0 0

0101101
*
Ed
 1.50000738588582e-07 1 1 0
1  367 0 -54.4800000000002 -51.321478961994
2  563 16 0 -54.4800000000002 -51.321478961994
2  564 96 0 -54.4800000000002 -51.321478961994
0

0101000
+1518 0 -1513 0 *
Ve
1.00000135429302e-06
41.5036121046648 55.0971013962214 115
0 0

0101101
*
Ed
 1.00000076653039e-06 1 1 0
1  368 0 0 1
2  565 11 0 0 1
2  566 96 0 0 1
2  567 165 0 0 1
0

0101000
+1513 0 -1511 0 *
Ve
1e-07
22.479186856124 36.072676147679 115
0 0

0101101
*
Ed
 1e-07 1 1 0
1  369 0 4.40241938109449 31.3070195839351
2  568 96 0 4.40241938109449 31.3070195839351
2  569 146 0 4.40241938109449 31.3070195839351
0

0101000
+1509 0 -1511 0 *
Ed
 1e-07 1 1 0
1  370 0 0 15
2  570 97 0 0 15
4 G1 97 0 96 0
2  571 96 0 0 15
0

0101000
+1973 0 -1509 0 *
Wi

0101100
-1972 0 -1516 0 -1512 0 -1510 0 +1508 0 +1507 0 *
Fa
0  1e-07 96 0

0101000
+1506 0 *
Ed
 1e-07 1 1 0
1  371 0 5.77122965167809 7.06858347057739
2  572 97 0 5.77122965167809 7.06858347057739
2  573 146 0 5.77122965167809 7.06858347057739
0

0101000
+1964 0 -1509 0 *
Wi

0101100
+1971 0 +1507 0 -1504 0 -1961 0 *
Fa
0  1e-07 97 0

0111000
+1503 0 *
Ve
1e-07
9.612048458046 41.402419381094 115
0 0

0101101
*
Ed
 1e-07 1 1 0
1  372 0 0.273442507895584 1.5707963267949
2  574 98 0 0.273442507895584 1.5707963267949
2  575 148 0 0.273442507895584 1.5707963267949
0

0101000
+1942 0 -1501 0 *
Ed
 1e-07 1 1 0
1  373 0 0 15
2  576 98 0 0 15
4 G1 98 0 99 0
2  577 99 0 0 15
0

0101000
+1937 0 -1501 0 *
Wi

0101100
+1940 0 +1500 0 -1499 0 -1922 0 *
Fa
0  1e-07 98 0

0111000
+1498 0 *
Ve
1.50000006217249e-07
9.612048458046 72.98 113.5
0 0

0101101
*
Ed
 1e-07 1 1 0
1  374 0 0 13.5
2  578 100 0 0 13.5
4 G1 99 0 100 0
2  579 99 0 0 13.5
0

0101000
+1936 0 -1496 0 *
Ve
1.00000005846641e-06
9.61204845804602 69.821478961994 113.5
0 0

0101101
*
Ed
 1.50000003552714e-07 1 1 0
1  375 0 -54.48 -51.321478961994
2  580 16 0 -54.48 -51.321478961994
2  581 99 0 -54.48 -51.321478961994
0

0101000
+1496 0 -1494 0 *
Ve
1.00000160747313e-06
9.61204845804544 68.3070195839358 115
0 0

0101101
*
Ed
 1.00000005136099e-06 1 1 0
1  376 0 0 1
2  582 11 0 0 1
2  583 99 0 0 1
2  584 166 0 0 1
0

0101000
+1494 0 -1492 0 *
Ed
 1e-07 1 1 0
1  377 0 4.402419381094 31.307019583936
2  585 99 0 4.402419381094 31.307019583936
2  586 148 0 4.402419381094 31.307019583936
0

0101000
+1501 0 -1492 0 *
Wi

0101100
-1935 0 -1495 0 -1493 0 -1491 0 +1490 0 +1499 0 *
Fa
0  1e-07 99 0

0101000
+1489 0 *
Ve
1.00002472920388e-07
8.97840403865231 74.440504168891 113.5
0 0

0101101
*
Ed
 1e-07 1 1 0
1  378 0 0 13.5
2  587 100 0 0 13.5
2  588 101 0 0 13.5
0

0101000
+1934 0 -1487 0 *
Ed
 1.00000012434498e-07 1 1 0
1  379 0 4.712388980385 5.53107984634447
2  589 16 0 4.712388980385 5.53107984634447
2  590 100 0 4.712388980385 5.53107984634447
2  591 167 0 4.712388980385 5.53107984634447
0

0101000
+1496 0 -1487 0 *
Wi

0101100
+1486 0 -1933 0 -1495 0 -1485 0 *
Fa
0  1e-07 100 0

0101000
+1484 0 *
Ve
1.00001119059201e-07
-1.07400514126616e-12 74.98 113.5
0 0

0101101
*
Ed
 1.00000040749874e-07 1 1 0
1  24 0 1.45076431825927 1.57079632679491
2  72 19 0 1.45076431825927 1.57079632679491
2  73 16 0 1.45076431825927 1.57079632679491
2  592 101 0 1.45076431825927 1.57079632679491
2  593 168 0 1.45076431825927 1.57079632679491
0

0101000
+1487 0 -1482 0 *
Ed
 1e-07 1 1 0
1  380 0 0.2 13.7
2  594 101 0 0.2 13.7
2  595 102 0 0.2 13.7
4 CN 101 0 102 0
0

0101000
+1932 0 -1482 0 *
Wi

0101100
-1486 0 -1481 0 +1480 0 +1931 0 *
Fa
0  1e-07 101 0

0101000
+1479 0 *
Ve
1.00002957239681e-07
-8.97840403865115 74.4405041688911 113.5
0 0

0101101
*
Ed
 1.00000001887379e-07 1 1 0
1  24 0 1.57079632679491 1.6908283353305
2  72 19 0 1.57079632679491 1.6908283353305
2  73 16 0 1.57079632679491 1.6908283353305
2  596 102 0 1.57079632679491 1.6908283353305
2  597 169 0 1.57079632679491 1.6908283353305
0

0101000
+1482 0 -1477 0 *
Ed
 1e-07 1 1 0
1  381 0 0 13.5
2  598 102 0 0 13.5
2  599 103 0 0 13.5
0

0101000
+1930 0 -1477 0 *
Wi

0101100
-1480 0 -1476 0 +1475 0 +1929 0 *
Fa
0  1e-07 102 0

0101000
+1474 0 *
Ve
1.50000996536187e-07
-9.612048458045 72.98 113.5
0 0

0101101
*
Ed
 1.00000993759727e-07 1 1 0
1  382 0 0.752105460836002 1.570796326795
2  600 16 0 0.752105460836002 1.570796326795
2  601 103 0 0.752105460836002 1.570796326795
2  602 170 0 0.752105460836002 1.570796326795
0

0101000
+1477 0 -1472 0 *
Ed
 1e-07 1 1 0
1  383 0 0 13.5
2  603 103 0 0 13.5
4 G1 103 0 104 0
2  604 104 0 0 13.5
0

0101000
+1928 0 -1472 0 *
Wi

0101100
-1475 0 -1471 0 +1470 0 +1927 0 *
Fa
0  1e-07 103 0

0101000
+1469 0 *
Ve
1.00000005200207e-06
-9.612048458046 69.821478961994 113.5
0 0

0101101
*
Ed
 1.50000003552714e-07 1 1 0
1  384 0 -54.48 -51.321478961994
2  605 16 0 -54.48 -51.321478961994
2  606 104 0 -54.48 -51.321478961994
0

0101000
+1472 0 -1467 0 *
Ve
1.000001322164e-06
-9.61204845804575 68.3070195839358 115
0 0

0101101
*
Ed
 1.00000005200207e-06 1 1 0
1  385 0 0 1
2  607 11 0 0 1
2  608 104 0 0 1
2  609 171 0 0 1
0

0101000
+1467 0 -1465 0 *
Ve
1e-07
-9.612048458046 41.402419381094 115
0 0

0101101
*
Ed
 1e-07 1 1 0
1  386 0 4.402419381094 31.3070195839359
2  610 104 0 4.402419381094 31.3070195839359
2  611 148 0 4.402419381094 31.3070195839359
0

0101000
+1463 0 -1465 0 *
Ed
 1e-07 1 1 0
1  387 0 0 15
2  612 105 0 0 15
4 G1 105 0 104 0
2  613 104 0 0 15
0

0101000
+1926 0 -1463 0 *
Wi

0101100
-1925 0 -1470 0 -1466 0 -1464 0 +1462 0 +1461 0 *
Fa
0  1e-07 104 0

0101000
+1460 0 *
Ed
 1e-07 1 1 0
1  388 0 0.273442507896547 1.5707963267949
2  614 105 0 0.273442507896547 1.5707963267949
2  615 148 0 0.273442507896547 1.5707963267949
0

0101000
+1917 0 -1463 0 *
Wi

0101100
+1924 0 +1461 0 -1458 0 -1914 0 *
Fa
0  1e-07 105 0

0111000
+1457 0 *
Ve
1e-07
-22.47918685612 36.07267614768 115
0 0

0101101
*
Ed
 1e-07 1 1 0
1  389 0 5.77122965167741 7.06858347057951
2  616 106 0 5.77122965167741 7.06858347057951
2  617 150 0 5.77122965167741 7.06858347057951
0

0101000
+1895 0 -1455 0 *
Ed
 1e-07 1 1 0
1  390 0 0 15
2  618 106 0 0 15
4 G1 106 0 107 0
2  619 107 0 0 15
0

0101000
+1890 0 -1455 0 *
Wi

0101100
+1893 0 +1454 0 -1453 0 -1875 0 *
Fa
0  1e-07 106 0

0111000
+1452 0 *
Ve
1.5000381392326e-07
-44.8079082452124 58.4013975367721 113.5
0 0

0101101
*
Ed
 1e-07 1 1 0
1  391 0 0 13.5
2  620 108 0 0 13.5
4 G1 107 0 108 0
2  621 107 0 0 13.5
0

0101000
+1889 0 -1450 0 *
Ve
1.00000282851288e-06
-42.5744966007207 56.1679858922787 113.5
0 0

0101101
*
Ed
 1.50002793508502e-07 1 1 0
1  392 0 -54.479999999997 -51.3214789619953
2  622 16 0 -54.479999999997 -51.3214789619953
2  623 107 0 -54.479999999997 -51.3214789619953
0

0101000
+1450 0 -1448 0 *
Ve
1.000003124701e-06
-41.5036121046634 55.0971013962225 115
0 0

0101101
*
Ed
 1.00000281846429e-06 1 1 0
1  393 0 0 1
2  624 11 0 0 1
2  625 107 0 0 1
2  626 172 0 0 1
0

0101000
+1448 0 -1446 0 *
Ed
 1e-07 1 1 0
1  394 0 4.40241938109591 31.3070195839381
2  627 107 0 4.40241938109591 31.3070195839381
2  628 150 0 4.40241938109591 31.3070195839381
0

0101000
+1455 0 -1446 0 *
Wi

0101100
-1888 0 -1449 0 -1447 0 -1445 0 +1444 0 +1453 0 *
Fa
0  1e-07 107 0

0101000
+1443 0 *
Ve
1.00007084586834e-07
-46.2886949128032 58.9860756727309 113.5
0 0

0101101
*
Ed
 1e-07 1 1 0
1  395 0 0 13.5
2  629 108 0 0 13.5
2  630 109 0 0 13.5
0

0101000
+1887 0 -1441 0 *
Ed
 1.00000587755403e-07 1 1 0
1  396 0 4.712388980385 5.531079846344
2  631 16 0 4.712388980385 5.531079846344
2  632 108 0 4.712388980385 5.531079846344
2  633 173 0 4.712388980385 5.531079846344
0

0101000
+1450 0 -1441 0 *
Wi

0101100
+1440 0 -1886 0 -1449 0 -1439 0 *
Fa
0  1e-07 108 0

0101000
+1438 0 *
Ve
1.00006788139191e-07
-53.0188664533612 53.0188664533702 113.5
0 0

0101101
*
Ed
 1.00000057285787e-07 1 1 0
1  24 0 2.23616248165671 2.35619449019224
2  72 19 0 2.23616248165671 2.35619449019224
2  73 16 0 2.23616248165671 2.35619449019224
2  634 109 0 2.23616248165671 2.35619449019224
2  635 174 0 2.23616248165671 2.35619449019224
0

0101000
+1441 0 -1436 0 *
Ed
 1e-07 1 1 0
1  397 0 0.2 13.7
2  636 109 0 0.2 13.7
2  637 110 0 0.2 13.7
4 CN 109 0 110 0
0

0101000
+1885 0 -1436 0 *
Wi

0101100
-1440 0 -1435 0 +1434 0 +1884 0 *
Fa
0  1e-07 109 0

0101000
+1433 0 *
Ve
1.0001011630447e-07
-58.9860756727308 46.2886949128059 113.5
0 0

0101101
*
Ed
 1.00000035527137e-07 1 1 0
1  24 0 2.35619449019224 2.47622649872794
2  72 19 0 2.35619449019224 2.47622649872794
2  73 16 0 2.35619449019224 2.47622649872794
2  638 110 0 2.35619449019224 2.47622649872794
2  639 175 0 2.35619449019224 2.47622649872794
0

0101000
+1436 0 -1431 0 *
Ed
 1e-07 1 1 0
1  398 0 0 13.5
2  640 110 0 0 13.5
2  641 111 0 0 13.5
0

0101000
+1883 0 -1431 0 *
Wi

0101100
-1434 0 -1430 0 +1429 0 +1882 0 *
Fa
0  1e-07 110 0

0101000
+1428 0 *
Ve
1.50001907246214e-07
-58.4013975367705 44.8079082452168 113.5
0 0

0101101
*
Ed
 1.00009189870088e-07 1 1 0
1  399 0 0.752105460835956 1.570796326795
2  642 16 0 0.752105460835956 1.570796326795
2  643 111 0 0.752105460835956 1.570796326795
2  644 176 0 0.752105460835956 1.570796326795
0

0101000
+1431 0 -1426 0 *
Ed
 1e-07 1 1 0
1  400 0 0 13.5
2  645 111 0 0 13.5
4 G1 111 0 112 0
2  646 112 0 0 13.5
0

0101000
+1881 0 -1426 0 *
Wi

0101100
-1429 0 -1425 0 +1424 0 +1880 0 *
Fa
0  1e-07 111 0

0101000
+1423 0 *
Ve
1.00000076615665e-06
-56.1679858922776 42.5744966007221 113.5
0 0

0101101
*
Ed
 1.50000738588582e-07 1 1 0
1  401 0 -54.4799999999988 -51.321478961994
2  647 16 0 -54.4799999999988 -51.321478961994
2  648 112 0 -54.4799999999988 -51.321478961994
0

0101000
+1426 0 -1421 0 *
Ve
1.00000130670847e-06
-55.0971013962214 41.5036121046649 115
0 0

0101101
*
Ed
 1.00000075905122e-06 1 1 0
1  402 0 0 1
2  649 11 0 0 1
2  650 112 0 0 1
2  651 177 0 0 1
0

0101000
+1421 0 -1419 0 *
Ve
1e-07
-36.07267614767 22.479186856124 115
0 0

0101101
*
Ed
 1e-07 1 1 0
1  403 0 4.40241938108813 31.3070195839351
2  652 112 0 4.40241938108813 31.3070195839351
2  653 150 0 4.40241938108813 31.3070195839351
0

0101000
+1417 0 -1419 0 *
Ed
 1e-07 1 1 0
1  404 0 0 15
2  654 113 0 0 15
4 G1 113 0 112 0
2  655 112 0 0 15
0

0101000
+1879 0 -1417 0 *
Wi

0101100
-1878 0 -1424 0 -1420 0 -1418 0 +1416 0 +1415 0 *
Fa
0  1e-07 112 0

0101000
+1414 0 *
Ed
 1e-07 1 1 0
1  405 0 1.05884067129487 2.35619449019022
2  656 113 0 1.05884067129487 2.35619449019022
2  657 150 0 1.05884067129487 2.35619449019022
0

0101000
+1870 0 -1417 0 *
Wi

0101100
+1877 0 +1415 0 -1412 0 -1867 0 *
Fa
0  1e-07 113 0

0111000
+1411 0 *
Ve
1e-07
-41.40241938109 9.612048458046 115
0 0

0101101
*
Ed
 1e-07 1 1 0
1  406 0 4.98583148828054 6.28318530717959
2  658 114 0 4.98583148828054 6.28318530717959
2  659 152 0 4.98583148828054 6.28318530717959
0

0101000
+1848 0 -1409 0 *
Ed
 1e-07 1 1 0
1  407 0 0 15
2  660 114 0 0 15
4 G1 114 0 115 0
2  661 115 0 0 15
0

0101000
+1843 0 -1409 0 *
Wi

0101100
+1846 0 +1408 0 -1407 0 -1828 0 *
Fa
0  1e-07 114 0

0111000
+1406 0 *
Ve
1.50000006217249e-07
-72.98 9.612048458046 113.5
0 0

0101101
*
Ed
 1e-07 1 1 0
1  408 0 0 13.5
2  662 116 0 0 13.5
4 G1 115 0 116 0
2  663 115 0 0 13.5
0

0101000
+1842 0 -1404 0 *
Ve
1.00000003577291e-06
-69.821478961994 9.61204845804602 113.5
0 0

0101101
*
Ed
 1.50000005329071e-07 1 1 0
1  409 0 -54.48 -51.321478961994
2  664 16 0 -54.48 -51.321478961994
2  665 115 0 -54.48 -51.321478961994
0

0101000
+1404 0 -1402 0 *
Ve
1.00000133486093e-06
-68.3070195839358 9.61204845804571 115
0 0

0101101
*
Ed
 1.00000003222019e-06 1 1 0
1  410 0 0 1
2  666 11 0 0 1
2  667 115 0 0 1
2  668 178 0 0 1
0

0101000
+1402 0 -1400 0 *
Ed
 1e-07 1 1 0
1  411 0 4.40241938109 31.3070195839359
2  669 115 0 4.40241938109 31.3070195839359
2  670 152 0 4.40241938109 31.3070195839359
0

0101000
+1409 0 -1400 0 *
Wi

0101100
-1841 0 -1403 0 -1401 0 -1399 0 +1398 0 +1407 0 *
Fa
0  1e-07 115 0

0101000
+1397 0 *
Ve
1.00003100368174e-07
-74.4405041688909 8.97840403865169 113.5
0 0

0101101
*
Ed
 1e-07 1 1 0
1  412 0 0 13.5
2  671 116 0 0 13.5
2  672 117 0 0 13.5
0

0101000
+1840 0 -1395 0 *
Ed
 1.00000018729913e-07 1 1 0
1  413 0 4.712388980385 5.53107984634413
2  673 16 0 4.712388980385 5.53107984634413
2  674 116 0 4.712388980385 5.53107984634413
2  675 179 0 4.712388980385 5.53107984634413
0

0101000
+1404 0 -1395 0 *
Wi

0101100
+1394 0 -1839 0 -1403 0 -1393 0 *
Fa
0  1e-07 116 0

0101000
+1392 0 *
Ve
1.00001466819645e-07
-74.98 1.43927213601731e-12 113.5
0 0

0101101
*
Ed
 1.00000051514348e-07 1 1 0
1  24 0 3.02156064505418 3.14159265358979
2  72 19 0 3.02156064505418 3.14159265358979
2  73 16 0 3.02156064505418 3.14159265358979
2  676 117 0 3.02156064505418 3.14159265358979
2  677 180 0 3.02156064505418 3.14159265358979
0

0101000
+1395 0 -1390 0 *
Ed
 1e-07 1 1 0
1  414 0 0.2 13.7
2  678 117 0 0.2 13.7
2  679 118 0 0.2 13.7
4 CN 117 0 118 0
0

0101000
+1838 0 -1390 0 *
Wi

0101100
-1394 0 -1389 0 +1388 0 +1837 0 *
Fa
0  1e-07 117 0

0101000
+1387 0 *
Ve
1.00002753352439e-07
-74.4405041688908 -8.97840403865137 113.5
0 0

0101101
*
Ed
 1.00000001887379e-07 1 1 0
1  24 0 3.14159265358979 3.26162466212541
2  72 19 0 3.14159265358979 3.26162466212541
2  73 16 0 3.14159265358979 3.26162466212541
2  680 118 0 3.14159265358979 3.26162466212541
2  681 181 0 3.14159265358979 3.26162466212541
0

0101000
+1390 0 -1385 0 *
Ed
 1e-07 1 1 0
1  415 0 0 13.5
2  682 118 0 0 13.5
2  683 119 0 0 13.5
0

0101000
+1836 0 -1385 0 *
Wi

0101100
-1388 0 -1384 0 +1383 0 +1835 0 *
Fa
0  1e-07 118 0

0101000
+1382 0 *
Ve
1.50000996536187e-07
-72.98 -9.612048458045 113.5
0 0

0101101
*
Ed
 1.00000991987958e-07 1 1 0
1  416 0 0.752105460836002 1.570796326795
2  684 16 0 0.752105460836002 1.570796326795
2  685 119 0 0.752105460836002 1.570796326795
2  686 182 0 0.752105460836002 1.570796326795
0

0101000
+1385 0 -1380 0 *
Ed
 1e-07 1 1 0
1  417 0 0 13.5
2  687 119 0 0 13.5
4 G1 119 0 120 0
2  688 120 0 0 13.5
0

0101000
+1834 0 -1380 0 *
Wi

0101100
-1383 0 -1379 0 +1378 0 +1833 0 *
Fa
0  1e-07 119 0

0101000
+1377 0 *
Ve
1.00000003222019e-06
-69.821478961994 -9.612048458046 113.5
0 0

0101101
*
Ed
 1.50000005329071e-07 1 1 0
1  418 0 -54.48 -51.321478961994
2  689 16 0 -54.48 -51.321478961994
2  690 120 0 -54.48 -51.321478961994
0

0101000
+1380 0 -1375 0 *
Ve
1.00000134930715e-06
-68.3070195839358 -9.61204845804572 115
0 0

0101101
*
Ed
 1.00000003222019e-06 1 1 0
1  419 0 0 1
2  691 11 0 0 1
2  692 120 0 0 1
2  693 183 0 0 1
0

0101000
+1375 0 -1373 0 *
Ve
1e-07
-41.40241938109 -9.612048458046 115
0 0

0101101
*
Ed
 1e-07 1 1 0
1  420 0 4.40241938109 31.3070195839359
2  694 120 0 4.40241938109 31.3070195839359
2  695 152 0 4.40241938109 31.3070195839359
0

0101000
+1371 0 -1373 0 *
Ed
 1e-07 1 1 0
1  421 0 0 15
2  696 121 0 0 15
4 G1 121 0 120 0
2  697 120 0 0 15
0

0101000
+1832 0 -1371 0 *
Wi

0101100
-1831 0 -1378 0 -1374 0 -1372 0 +1370 0 +1369 0 *
Fa
0  1e-07 120 0

0101000
+1368 0 *
Ed
 1e-07 1 1 0
1  422 0 1.84423883469171 3.14159265358979
2  698 121 0 1.84423883469171 3.14159265358979
2  699 152 0 1.84423883469171 3.14159265358979
0

0101000
+1823 0 -1371 0 *
Wi

0101100
+1830 0 +1369 0 -1366 0 -1820 0 *
Fa
0  1e-07 121 0

0111000
+1365 0 *
Ve
1e-07
-36.07267614768 -22.47918685612 115
0 0

0101101
*
Ed
 1e-07 1 1 0
1  423 0 4.20043332488178 5.49778714378567
2  700 122 0 4.20043332488178 5.49778714378567
2  701 154 0 4.20043332488178 5.49778714378567
0

0101000
+1801 0 -1363 0 *
Ed
 1e-07 1 1 0
1  424 0 0 15
2  702 122 0 0 15
4 G1 123 0 122 0
2  703 123 0 0 15
0

0101000
+1796 0 -1363 0 *
Wi

0101100
+1799 0 +1362 0 -1361 0 -1781 0 *
Fa
0  1e-07 122 0

0111000
+1360 0 *
Ve
1.50003311426785e-07
-58.4013975367711 -44.8079082452131 113.5
0 0

0101101
*
Ed
 1e-07 1 1 0
1  425 0 0 13.5
2  704 124 0 0 13.5
4 G1 123 0 124 0
2  705 123 0 0 13.5
0

0101000
+1795 0 -1358 0 *
Ve
1.00000282146466e-06
-56.1679858922787 -42.5744966007207 113.5
0 0

0101101
*
Ed
 1.50002788488733e-07 1 1 0
1  426 0 -54.4799999999956 -51.3214789619953
2  706 16 0 -54.4799999999956 -51.3214789619953
2  707 123 0 -54.4799999999956 -51.3214789619953
0

0101000
+1358 0 -1356 0 *
Ve
1.00000312268325e-06
-55.0971013962225 -41.5036121046634 115
0 0

0101101
*
Ed
 1.00000281435923e-06 1 1 0
1  427 0 0 1
2  708 11 0 0 1
2  709 123 0 0 1
2  710 184 0 0 1
0

0101000
+1356 0 -1354 0 *
Ed
 1e-07 1 1 0
1  428 0 4.40241938109591 31.3070195839381
2  711 123 0 4.40241938109591 31.3070195839381
2  712 154 0 4.40241938109591 31.3070195839381
0

0101000
+1363 0 -1354 0 *
Wi

0101100
-1794 0 -1357 0 -1355 0 -1353 0 +1352 0 +1361 0 *
Fa
0  1e-07 123 0

0101000
+1351 0 *
Ve
1.00009296028195e-07
-58.9860756727307 -46.2886949128028 113.5
0 0

0101101
*
Ed
 1e-07 1 1 0
1  429 0 0 13.5
2  713 124 0 0 13.5
2  714 125 0 0 13.5
0

0101000
+1793 0 -1349 0 *
Ed
 1.00009204005663e-07 1 1 0
1  430 0 4.712388980385 5.531079846344
2  715 16 0 4.712388980385 5.531079846344
2  716 124 0 4.712388980385 5.531079846344
2  717 185 0 4.712388980385 5.531079846344
0

0101000
+1358 0 -1349 0 *
Wi

0101100
+1348 0 -1792 0 -1357 0 -1347 0 *
Fa
0  1e-07 124 0

0101000
+1346 0 *
Ve
1.00010380200127e-07
-53.018866453363 -53.0188664533644 113.5
0 0

0101101
*
Ed
 1.0000006029155e-07 1 1 0
1  24 0 3.8069588084516 3.92699081698725
2  72 19 0 3.8069588084516 3.92699081698725
2  73 16 0 3.8069588084516 3.92699081698725
2  718 125 0 3.8069588084516 3.92699081698725
2  719 186 0 3.8069588084516 3.92699081698725
0

0101000
+1349 0 -1344 0 *
Ed
 1e-07 1 1 0
1  431 0 0.2 13.7
2  720 125 0 0.2 13.7
2  721 126 0 0.2 13.7
4 CN 125 0 126 0
0

0101000
+1791 0 -1344 0 *
Wi

0101100
-1348 0 -1343 0 +1342 0 +1790 0 *
Fa
0  1e-07 125 0

0101000
+1341 0 *
Ve
1.00009907658939e-07
-46.2886949128038 -58.9860756727308 113.5
0 0

0101101
*
Ed
 1.00000031776437e-07 1 1 0
1  24 0 3.92699081698725 4.04702282552287
2  72 19 0 3.92699081698725 4.04702282552287
2  73 16 0 3.92699081698725 4.04702282552287
2  722 126 0 3.92699081698725 4.04702282552287
2  723 187 0 3.92699081698725 4.04702282552287
0

0101000
+1344 0 -1339 0 *
Ed
 1e-07 1 1 0
1  432 0 0 13.5
2  724 126 0 0 13.5
2  725 127 0 0 13.5
0

0101000
+1789 0 -1339 0 *
Wi

0101100
-1342 0 -1338 0 +1337 0 +1788 0 *
Fa
0  1e-07 126 0

0101000
+1336 0 *
Ve
1.50003315659476e-07
-44.8079082452131 -58.4013975367711 113.5
0 0

0101101
*
Ed
 1.00009189870088e-07 1 1 0
1  433 0 0.752105460835999 1.570796326795
2  726 16 0 0.752105460835999 1.570796326795
2  727 127 0 0.752105460835999 1.570796326795
2  728 188 0 0.752105460835999 1.570796326795
0

0101000
+1339 0 -1334 0 *
Ed
 1e-07 1 1 0
1  434 0 0 13.5
2  729 127 0 0 13.5
4 G1 127 0 128 0
2  730 128 0 0 13.5
0

0101000
+1787 0 -1334 0 *
Wi

0101100
-1337 0 -1333 0 +1332 0 +1786 0 *
Fa
0  1e-07 127 0

0101000
+1331 0 *
Ve
1.00000283225044e-06
-42.5744966007207 -56.1679858922787 113.5
0 0

0101101
*
Ed
 1.50002808621836e-07 1 1 0
1  435 0 -54.4799999999956 -51.3214789619953
2  731 16 0 -54.4799999999956 -51.3214789619953
2  732 128 0 -54.4799999999956 -51.3214789619953
0

0101000
+1334 0 -1329 0 *
Ve
1.00000311280154e-06
-41.5036121046634 -55.0971013962225 115
0 0

0101101
*
Ed
 1.00000283225044e-06 1 1 0
1  436 0 0 1
2  733 11 0 0 1
2  734 128 0 0 1
2  735 189 0 0 1
0

0101000
+1329 0 -1327 0 *
Ve
1e-07
-22.47918685612 -36.07267614768 115
0 0

0101101
*
Ed
 1e-07 1 1 0
1  437 0 4.40241938109591 31.3070195839381
2  736 128 0 4.40241938109591 31.3070195839381
2  737 154 0 4.40241938109591 31.3070195839381
0

0101000
+1325 0 -1327 0 *
Ed
 1e-07 1 1 0
1  438 0 0 15
2  738 129 0 0 15
4 G1 129 0 128 0
2  739 128 0 0 15
0

0101000
+1785 0 -1325 0 *
Wi

0101100
-1784 0 -1332 0 -1328 0 -1326 0 +1324 0 +1323 0 *
Fa
0  1e-07 128 0

0101000
+1322 0 *
Ed
 1e-07 1 1 0
1  439 0 2.62963699808688 3.92699081699078
2  740 129 0 2.62963699808688 3.92699081699078
2  741 154 0 2.62963699808688 3.92699081699078
0

0101000
+1776 0 -1325 0 *
Wi

0101100
+1783 0 +1323 0 -1320 0 -1773 0 *
Fa
0  1e-07 129 0

0111000
+1319 0 *
Ve
1e-07
-9.612048458046 -41.40241938109 115
0 0

0101101
*
Ed
 1e-07 1 1 0
1  440 0 3.41503516148661 4.71238898038469
2  742 130 0 3.41503516148661 4.71238898038469
2  743 156 0 3.41503516148661 4.71238898038469
0

0101000
+1754 0 -1317 0 *
Ed
 1e-07 1 1 0
1  441 0 0 15
2  744 130 0 0 15
4 G1 131 0 130 0
2  745 131 0 0 15
0

0101000
+1749 0 -1317 0 *
Wi

0101100
+1752 0 +1316 0 -1315 0 -1734 0 *
Fa
0  1e-07 130 0

0111000
+1314 0 *
Ve
1.50000012434498e-07
-9.612048458046 -72.98 113.5
0 0

0101101
*
Ed
 1e-07 1 1 0
1  442 0 0 13.5
2  746 132 0 0 13.5
4 G1 131 0 132 0
2  747 131 0 0 13.5
0

0101000
+1748 0 -1312 0 *
Ve
1.00000003706895e-06
-9.61204845804603 -69.821478961994 113.5
0 0

0101101
*
Ed
 1.50000007105427e-07 1 1 0
1  443 0 -54.48 -51.321478961994
2  748 16 0 -54.48 -51.321478961994
2  749 131 0 -54.48 -51.321478961994
0

0101000
+1312 0 -1310 0 *
Ve
1.00000131457068e-06
-9.61204845804574 -68.3070195839358 115
0 0

0101101
*
Ed
 1.00000003351623e-06 1 1 0
1  444 0 0 1
2  750 11 0 0 1
2  751 131 0 0 1
2  752 190 0 0 1
0

0101000
+1310 0 -1308 0 *
Ed
 1e-07 1 1 0
1  445 0 4.40241938109 31.3070195839359
2  753 131 0 4.40241938109 31.3070195839359
2  754 156 0 4.40241938109 31.3070195839359
0

0101000
+1317 0 -1308 0 *
Wi

0101100
-1747 0 -1311 0 -1309 0 -1307 0 +1306 0 +1315 0 *
Fa
0  1e-07 131 0

0101000
+1305 0 *
Ve
1.00003816887564e-07
-8.97840403865098 -74.4405041688909 113.5
0 0

0101101
*
Ed
 1e-07 1 1 0
1  446 0 0 13.5
2  755 132 0 0 13.5
2  756 133 0 0 13.5
0

0101000
+1746 0 -1303 0 *
Ed
 1.00000023649897e-07 1 1 0
1  447 0 4.712388980385 5.53107984634413
2  757 16 0 4.712388980385 5.53107984634413
2  758 132 0 4.712388980385 5.53107984634413
2  759 191 0 4.712388980385 5.53107984634413
0

0101000
+1312 0 -1303 0 *
Wi

0101100
+1302 0 -1745 0 -1311 0 -1301 0 *
Fa
0  1e-07 132 0

0101000
+1300 0 *
Ve
1.00001115754621e-07
-1.09567391801902e-12 -74.98 113.5
0 0

0101101
*
Ed
 1.0000002220446e-07 1 1 0
1  24 0 4.59235697184909 4.71238898038467
2  72 19 0 4.59235697184909 4.71238898038467
2  73 16 0 4.59235697184909 4.71238898038467
2  760 133 0 4.59235697184909 4.71238898038467
2  761 192 0 4.59235697184909 4.71238898038467
0

0101000
+1303 0 -1298 0 *
Ed
 1e-07 1 1 0
1  448 0 0.2 13.7
2  762 133 0 0.2 13.7
2  763 134 0 0.2 13.7
4 CN 133 0 134 0
0

0101000
+1744 0 -1298 0 *
Wi

0101100
-1302 0 -1297 0 +1296 0 +1743 0 *
Fa
0  1e-07 133 0

0101000
+1295 0 *
Ve
1.00002817050608e-07
8.97840403865234 -74.4405041688905 113.5
0 0

0101101
*
Ed
 1.00000001887379e-07 1 1 0
1  24 0 4.71238898038467 4.83242098892032
2  72 19 0 4.71238898038467 4.83242098892032
2  73 16 0 4.71238898038467 4.83242098892032
2  764 134 0 4.71238898038467 4.83242098892032
2  765 193 0 4.71238898038467 4.83242098892032
0

0101000
+1298 0 -1293 0 *
Ed
 1e-07 1 1 0
1  449 0 0 13.5
2  766 134 0 0 13.5
2  767 135 0 0 13.5
0

0101000
+1742 0 -1293 0 *
Wi

0101100
-1296 0 -1292 0 +1291 0 +1741 0 *
Fa
0  1e-07 134 0

0101000
+1290 0 *
Ve
1.50000992983473e-07
9.61204845804549 -72.98 113.5
0 0

0101101
*
Ed
 1.00000986672749e-07 1 1 0
1  450 0 0.752105460836002 1.570796326795
2  768 16 0 0.752105460836002 1.570796326795
2  769 135 0 0.752105460836002 1.570796326795
2  770 194 0 0.752105460836002 1.570796326795
0

0101000
+1293 0 -1288 0 *
Ed
 1e-07 1 1 0
1  451 0 0 13.5
2  771 135 0 0 13.5
4 G1 135 0 136 0
2  772 136 0 0 13.5
0

0101000
+1740 0 -1288 0 *
Wi

0101100
-1291 0 -1287 0 +1286 0 +1739 0 *
Fa
0  1e-07 135 0

0101000
+1285 0 *
Ve
1.00000101823664e-06
9.61204845804545 -69.8214789619941 113.5
0 0

0101101
*
Ed
 1.50000991207116e-07 1 1 0
1  452 0 -54.48 -51.3214789619942
2  773 16 0 -54.48 -51.3214789619942
2  774 136 0 -54.48 -51.3214789619942
0

0101000
+1288 0 -1283 0 *
Ve
1.00000211954212e-06
9.61204845804495 -68.307019583936 115
0 0

0101101
*
Ed
 1.00000100224943e-06 1 1 0
1  453 0 0 1
2  775 11 0 0 1
2  776 136 0 0 1
2  777 195 0 0 1
0

0101000
+1283 0 -1281 0 *
Ve
1e-07
9.612048458045 -41.40241938109 115
0 0

0101101
*
Ed
 1e-07 1 1 0
1  454 0 4.40241938109 31.3070195839362
2  778 136 0 4.40241938109 31.3070195839362
2  779 156 0 4.40241938109 31.3070195839362
0

0101000
+1279 0 -1281 0 *
Ed
 1e-07 1 1 0
1  455 0 0 15
2  780 137 0 0 15
4 G1 137 0 136 0
2  781 136 0 0 15
0

0101000
+1738 0 -1279 0 *
Wi

0101100
-1737 0 -1286 0 -1282 0 -1280 0 +1278 0 +1277 0 *
Fa
0  1e-07 136 0

0101000
+1276 0 *
Ed
 1e-07 1 1 0
1  456 0 3.41503516148565 4.71238898038469
2  782 137 0 3.41503516148565 4.71238898038469
2  783 156 0 3.41503516148565 4.71238898038469
0

0101000
+1729 0 -1279 0 *
Wi

0101100
+1736 0 +1277 0 -1274 0 -1726 0 *
Fa
0  1e-07 137 0

0111000
+1273 0 *
Ve
1e-07
22.479186856124 -36.07267614767 115
0 0

0101101
*
Ed
 1e-07 1 1 0
1  457 0 2.62963699808977 3.92699081698512
2  784 138 0 2.62963699808977 3.92699081698512
2  785 158 0 2.62963699808977 3.92699081698512
0

0101000
+1707 0 -1271 0 *
Ed
 1e-07 1 1 0
1  458 0 0 15
2  786 138 0 0 15
4 G1 139 0 138 0
2  787 139 0 0 15
0

0101000
+1702 0 -1271 0 *
Wi

0101100
+1705 0 +1270 0 -1269 0 -1687 0 *
Fa
0  1e-07 138 0

0111000
+1268 0 *
Ve
1.50001916287814e-07
44.8079082452168 -58.4013975367705 113.5
0 0

0101101
*
Ed
 1e-07 1 1 0
1  459 0 0 13.5
2  788 140 0 0 13.5
4 G1 139 0 140 0
2  789 139 0 0 13.5
0

0101000
+1701 0 -1266 0 *
Ve
1.00000077644474e-06
42.5744966007221 -56.1679858922776 113.5
0 0

0101101
*
Ed
 1.50000758685313e-07 1 1 0
1  460 0 -54.4799999999988 -51.321478961994
2  790 16 0 -54.4799999999988 -51.321478961994
2  791 139 0 -54.4799999999988 -51.321478961994
0

0101000
+1266 0 -1264 0 *
Ve
1.00000135628245e-06
41.5036121046648 -55.0971013962214 115
0 0

0101101
*
Ed
 1.00000077644474e-06 1 1 0
1  461 0 0 1
2  792 11 0 0 1
2  793 139 0 0 1
2  794 196 0 0 1
0

0101000
+1264 0 -1262 0 *
Ed
 1e-07 1 1 0
1  462 0 4.40241938108813 31.3070195839351
2  795 139 0 4.40241938108813 31.3070195839351
2  796 158 0 4.40241938108813 31.3070195839351
0

0101000
+1271 0 -1262 0 *
Wi

0101100
-1700 0 -1265 0 -1263 0 -1261 0 +1260 0 +1269 0 *
Fa
0  1e-07 139 0

0101000
+1259 0 *
Ve
1.00009899420408e-07
46.2886949128055 -58.9860756727311 113.5
0 0

0101101
*
Ed
 1e-07 1 1 0
1  463 0 0 13.5
2  797 140 0 0 13.5
2  798 141 0 0 13.5
0

0101000
+1699 0 -1257 0 *
Ed
 1.00009211073538e-07 1 1 0
1  464 0 4.712388980385 5.53107984634425
2  799 16 0 4.712388980385 5.53107984634425
2  800 140 0 4.712388980385 5.53107984634425
2  801 197 0 4.712388980385 5.53107984634425
0

0101000
+1266 0 -1257 0 *
Wi

0101100
+1256 0 -1698 0 -1265 0 -1255 0 *
Fa
0  1e-07 140 0

0101000
+1254 0 *
Ve
1.00006927817528e-07
53.0188664533703 -53.0188664533611 113.5
0 0

0101101
*
Ed
 1.00000025618983e-07 1 1 0
1  24 0 5.37775513524653 5.49778714378224
2  72 19 0 5.37775513524653 5.49778714378224
2  73 16 0 5.37775513524653 5.49778714378224
2  802 141 0 5.37775513524653 5.49778714378224
2  803 198 0 5.37775513524653 5.49778714378224
0

0101000
+1257 0 -1252 0 *
Ed
 1e-07 1 1 0
1  465 0 0.2 13.7
2  804 141 0 0.2 13.7
2  805 142 0 0.2 13.7
4 CN 141 0 142 0
0

0101000
+1697 0 -1252 0 *
Wi

0101100
-1256 0 -1251 0 +1250 0 +1696 0 *
Fa
0  1e-07 141 0

0101000
+1249 0 *
Ve
1.00006874261495e-07
58.9860756727311 -46.288694912803 113.5
0 0

0101101
*
Ed
 1.00000014321877e-07 1 1 0
1  24 0 5.49778714378224 5.61781915231778
2  72 19 0 5.49778714378224 5.61781915231778
2  73 16 0 5.49778714378224 5.61781915231778
2  806 142 0 5.49778714378224 5.61781915231778
2  807 199 0 5.49778714378224 5.61781915231778
0

0101000
+1252 0 -1247 0 *
Ed
 1e-07 1 1 0
1  466 0 0 13.5
2  808 142 0 0 13.5
2  809 143 0 0 13.5
0

0101000
+1695 0 -1247 0 *
Wi

0101100
-1250 0 -1246 0 +1245 0 +1694 0 *
Fa
0  1e-07 142 0

0101000
+1244 0 *
Ve
1.50003820722148e-07
58.4013975367721 -44.8079082452124 113.5
0 0

0101101
*
Ed
 1.00000567707538e-07 1 1 0
1  467 0 0.752105460835998 1.57079632679727
2  810 16 0 0.752105460835998 1.57079632679727
2  811 143 0 0.752105460835998 1.57079632679727
2  812 200 0 0.752105460835998 1.57079632679727
0

0101000
+1247 0 -1242 0 *
Ed
 1e-07 1 1 0
1  468 0 0 13.5
2  813 143 0 0 13.5
4 G1 143 0 144 0
2  814 144 0 0 13.5
0

0101000
+1693 0 -1242 0 *
Wi

0101100
-1245 0 -1241 0 +1240 0 +1692 0 *
Fa
0  1e-07 143 0

0101000
+1239 0 *
Ve
1.00000285278791e-06
56.1679858922787 -42.5744966007207 113.5
0 0

0101101
*
Ed
 1.50002813605686e-07 1 1 0
1  469 0 -54.479999999997 -51.3214789619953
2  815 16 0 -54.479999999997 -51.3214789619953
2  816 144 0 -54.479999999997 -51.3214789619953
0

0101000
+1242 0 -1237 0 *
Ve
1.0000031197587e-06
55.0971013962225 -41.5036121046634 115
0 0

0101101
*
Ed
 1.00000284273932e-06 1 1 0
1  470 0 0 1
2  817 11 0 0 1
2  818 144 0 0 1
2  819 201 0 0 1
0

0101000
+1237 0 -1235 0 *
Ve
1e-07
36.07267614768 -22.47918685612 115
0 0

0101101
*
Ed
 1e-07 1 1 0
1  471 0 4.40241938109591 31.3070195839381
2  820 144 0 4.40241938109591 31.3070195839381
2  821 158 0 4.40241938109591 31.3070195839381
0

0101000
+1233 0 -1235 0 *
Ed
 1e-07 1 1 0
1  472 0 0 15
2  822 145 0 0 15
4 G1 145 0 144 0
2  823 144 0 0 15
0

0101000
+1691 0 -1233 0 *
Wi

0101100
-1690 0 -1240 0 -1236 0 -1234 0 +1232 0 +1231 0 *
Fa
0  1e-07 144 0

0101000
+1230 0 *
Ed
 1e-07 1 1 0
1  473 0 4.20043332488251 5.49778714378461
2  824 145 0 4.20043332488251 5.49778714378461
2  825 158 0 4.20043332488251 5.49778714378461
0

0101000
+1682 0 -1233 0 *
Wi

0101100
+1689 0 +1231 0 -1228 0 -1679 0 *
Fa
0  1e-07 145 0

0111000
+1227 0 *
Ed
 1e-07 1 1 0
1  474 0 0.548755477438321 1.02204084935658
4 C1 146 0 147 0
2  826 146 0 0.548755477438321 1.02204084935658
2  827 147 0 0.548755477438321 1.02204084935658
0

0101000
+1652 0 -1642 0 *
Ve
1.00000065508803e-07
48.7762257662481 48.776225766248 115
0 0

0101101
*
Ed
 1.00000065508803e-07 1 1 0
1  4 0 0.645597788294083 0.785398163397448
2  21 1 0 0.645597788294083 0.785398163397448
2  22 11 0 0.645597788294083 0.785398163397448
2  828 146 0 0.645597788294083 0.785398163397448
2  829 160 0 0.645597788294083 0.785398163397448
2  830 202 0 0.645597788294083 0.785398163397448
0

0101000
+1538 0 -1224 0 *
Ed
 1.00000010048592e-07 1 1 0
1  4 0 0.785398163397448 0.925198538500814
2  21 1 0 0.785398163397448 0.925198538500814
2  22 11 0 0.785398163397448 0.925198538500814
2  828 146 0 0.785398163397448 0.925198538500814
2  831 165 0 0.785398163397448 0.925198538500814
2  832 203 0 0.785398163397448 0.925198538500814
0

0101000
+1224 0 -1511 0 *
Wi

0101100
+1546 0 -1651 0 -1225 0 -1640 0 -1504 0 -1508 0 +1223 0 +1222 0 +1536 0 *
Fa
0  1e-07 146 0

0101000
+1221 0 *
Wi

0101100
+1649 0 +1225 0 -1641 0 -1643 0 -1645 0 +1647 0 *
Fa
0  1e-07 147 0

0111000
+1219 0 *
Ed
 1e-07 1 1 0
1  475 0 1.33415364083581 1.80743901275398
4 G2 148 0 149 0
2  833 148 0 1.33415364083581 1.80743901275398
2  834 149 0 1.33415364083581 1.80743901275398
0

0101000
+1639 0 -1629 0 *
Ve
1.00000071498363e-07
7.65831842386433e-15 68.98 115
0 0

0101101
*
Ed
 1.00000071498363e-07 1 1 0
1  4 0 1.43099595169156 1.5707963267949
2  21 1 0 1.43099595169156 1.5707963267949
2  22 11 0 1.43099595169156 1.5707963267949
2  835 148 0 1.43099595169156 1.5707963267949
2  836 166 0 1.43099595169156 1.5707963267949
2  837 204 0 1.43099595169156 1.5707963267949
0

0101000
+1492 0 -1216 0 *
Ed
 1.00000000888178e-07 1 1 0
1  4 0 1.5707963267949 1.71059670189824
2  21 1 0 1.5707963267949 1.71059670189824
2  22 11 0 1.5707963267949 1.71059670189824
2  835 148 0 1.5707963267949 1.71059670189824
2  838 171 0 1.5707963267949 1.71059670189824
2  839 205 0 1.5707963267949 1.71059670189824
0

0101000
+1216 0 -1465 0 *
Wi

0101100
+1500 0 -1638 0 -1217 0 -1627 0 -1458 0 -1462 0 +1215 0 +1214 0 +1490 0 *
Fa
0  1e-07 148 0

0101000
+1213 0 *
Wi

0101100
+1217 0 -1628 0 -1630 0 -1632 0 +1634 0 +1636 0 *
Fa
0  1e-07 149 0

0111000
+1211 0 *
Ed
 1e-07 1 1 0
1  476 0 2.11955180423313 2.59283717615146
4 C1 150 0 151 0
2  840 150 0 2.11955180423313 2.59283717615146
2  841 151 0 2.11955180423313 2.59283717615146
0

0101000
+1626 0 -1616 0 *
Ve
1.00000080388734e-07
-48.776225766248 48.7762257662481 115
0 0

0101101
*
Ed
 1.00000080388734e-07 1 1 0
1  4 0 2.21639411508893 2.35619449019234
2  21 1 0 2.21639411508893 2.35619449019234
2  22 11 0 2.21639411508893 2.35619449019234
2  842 150 0 2.21639411508893 2.35619449019234
2  843 172 0 2.21639411508893 2.35619449019234
2  844 206 0 2.21639411508893 2.35619449019234
0

0101000
+1446 0 -1208 0 *
Ed
 1.00000015888219e-07 1 1 0
1  4 0 2.35619449019234 2.49599486529571
2  21 1 0 2.35619449019234 2.49599486529571
2  22 11 0 2.35619449019234 2.49599486529571
2  842 150 0 2.35619449019234 2.49599486529571
2  845 177 0 2.35619449019234 2.49599486529571
2  846 207 0 2.35619449019234 2.49599486529571
0

0101000
+1208 0 -1419 0 *
Wi

0101100
+1454 0 -1625 0 -1209 0 -1614 0 -1412 0 -1416 0 +1207 0 +1206 0 +1444 0 *
Fa
0  1e-07 150 0

0101000
+1205 0 *
Wi

0101100
+1209 0 -1615 0 -1617 0 -1619 0 +1621 0 +1623 0 *
Fa
0  1e-07 151 0

0111000
+1203 0 *
Ed
 1e-07 1 1 0
1  477 0 2.90494996763066 3.37823533954898
4 G2 152 0 153 0
2  847 152 0 2.90494996763066 3.37823533954898
2  848 153 0 2.90494996763066 3.37823533954898
0

0101000
+1613 0 -1603 0 *
Ve
1.00000047473947e-07
-68.98 8.44733462866676e-15 115
0 0

0101101
*
Ed
 1.00000047473947e-07 1 1 0
1  4 0 3.00179227848645 3.14159265358979
2  21 1 0 3.00179227848645 3.14159265358979
2  22 11 0 3.00179227848645 3.14159265358979
2  849 152 0 3.00179227848645 3.14159265358979
2  850 178 0 3.00179227848645 3.14159265358979
2  851 208 0 3.00179227848645 3.14159265358979
0

0101000
+1400 0 -1200 0 *
Ed
 1.00000014238583e-07 1 1 0
1  4 0 3.14159265358979 3.28139302869314
2  21 1 0 3.14159265358979 3.28139302869314
2  22 11 0 3.14159265358979 3.28139302869314
2  849 152 0 3.14159265358979 3.28139302869314
2  852 183 0 3.14159265358979 3.28139302869314
2  853 209 0 3.14159265358979 3.28139302869314
0

0101000
+1200 0 -1373 0 *
Wi

0101100
+1408 0 -1612 0 -1201 0 -1601 0 -1366 0 -1370 0 +1199 0 +1198 0 +1398 0 *
Fa
0  1e-07 152 0

0101000
+1197 0 *
Wi

0101100
+1201 0 -1602 0 -1604 0 -1606 0 +1608 0 +1610 0 *
Fa
0  1e-07 153 0

0111000
+1195 0 *
Ed
 1e-07 1 1 0
1  478 0 3.69034813102804 4.16363350294644
4 C1 154 0 155 0
2  854 154 0 3.69034813102804 4.16363350294644
2  855 155 0 3.69034813102804 4.16363350294644
0

0101000
+1600 0 -1590 0 *
Ve
1.00000095593748e-07
-48.7762257662481 -48.776225766248 115
0 0

0101101
*
Ed
 1.00000054113323e-07 1 1 0
1  4 0 3.78719044188382 3.92699081698724
2  21 1 0 3.78719044188382 3.92699081698724
2  22 11 0 3.78719044188382 3.92699081698724
2  856 154 0 3.78719044188382 3.92699081698724
2  857 184 0 3.78719044188382 3.92699081698724
2  858 210 0 3.78719044188382 3.92699081698724
0

0101000
+1354 0 -1192 0 *
Ed
 1.00000010048592e-07 1 1 0
1  4 0 3.92699081698724 4.06679119209066
2  21 1 0 3.92699081698724 4.06679119209066
2  22 11 0 3.92699081698724 4.06679119209066
2  856 154 0 3.92699081698724 4.06679119209066
2  859 189 0 3.92699081698724 4.06679119209066
2  860 211 0 3.92699081698724 4.06679119209066
0

0101000
+1192 0 -1327 0 *
Wi

0101100
+1362 0 -1599 0 -1193 0 -1588 0 -1320 0 -1324 0 +1191 0 +1190 0 +1352 0 *
Fa
0  1e-07 154 0

0101000
+1189 0 *
Wi

0101100
+1193 0 -1589 0 -1591 0 -1593 0 +1595 0 +1597 0 *
Fa
0  1e-07 155 0

0111000
+1187 0 *
Ed
 1e-07 1 1 0
1  479 0 4.47574629442553 4.94903166634383
4 G2 156 0 157 0
2  861 156 0 4.47574629442553 4.94903166634383
2  862 157 0 4.47574629442553 4.94903166634383
0

0101000
+1587 0 -1577 0 *
Ve
1.00000058620912e-07
-1.53166368477287e-14 -68.98 115
0 0

0101101
*
Ed
 1.00000044096963e-07 1 1 0
1  4 0 4.57258860528134 4.71238898038469
2  21 1 0 4.57258860528134 4.71238898038469
2  22 11 0 4.57258860528134 4.71238898038469
2  863 156 0 4.57258860528134 4.71238898038469
2  864 190 0 4.57258860528134 4.71238898038469
2  865 212 0 4.57258860528134 4.71238898038469
0

0101000
+1308 0 -1184 0 *
Ed
 1.00000014321447e-07 1 1 0
1  4 0 4.71238898038469 4.85218935548801
2  21 1 0 4.71238898038469 4.85218935548801
2  22 11 0 4.71238898038469 4.85218935548801
2  863 156 0 4.71238898038469 4.85218935548801
2  866 195 0 4.71238898038469 4.85218935548801
2  867 213 0 4.71238898038469 4.85218935548801
0

0101000
+1184 0 -1281 0 *
Wi

0101100
+1316 0 -1586 0 -1185 0 -1575 0 -1274 0 -1278 0 +1183 0 +1182 0 +1306 0 *
Fa
0  1e-07 156 0

0101000
+1181 0 *
Wi

0101100
+1185 0 -1576 0 -1578 0 -1580 0 +1582 0 +1584 0 *
Fa
0  1e-07 157 0

0111000
+1179 0 *
Ed
 1e-07 1 1 0
1  480 0 5.26114445782302 5.73442982974135
4 C1 158 0 159 0
2  868 158 0 5.26114445782302 5.73442982974135
2  869 159 0 5.26114445782302 5.73442982974135
0

0101000
+1574 0 -1564 0 *
Ve
1.0000006029155e-07
48.776225766248 -48.7762257662481 115
0 0

0101101
*
Ed
 1.00000055495162e-07 1 1 0
1  4 0 5.35798676867877 5.49778714378214
2  21 1 0 5.35798676867877 5.49778714378214
2  22 11 0 5.35798676867877 5.49778714378214
2  870 158 0 5.35798676867877 5.49778714378214
2  871 196 0 5.35798676867877 5.49778714378214
2  872 214 0 5.35798676867877 5.49778714378214
0

0101000
+1262 0 -1176 0 *
Ed
 1.00000010048592e-07 1 1 0
1  4 0 5.49778714378214 5.63758751888555
2  21 1 0 5.49778714378214 5.63758751888555
2  22 11 0 5.49778714378214 5.63758751888555
2  870 158 0 5.49778714378214 5.63758751888555
2  873 201 0 5.49778714378214 5.63758751888555
2  874 215 0 5.49778714378214 5.63758751888555
0

0101000
+1176 0 -1235 0 *
Wi

0101100
+1270 0 -1573 0 -1177 0 -1562 0 -1228 0 -1232 0 +1175 0 +1174 0 +1260 0 *
Fa
0  1e-07 158 0

0101000
+1173 0 *
Wi

0101100
+1177 0 -1563 0 -1565 0 -1567 0 +1569 0 +1571 0 *
Fa
0  1e-07 159 0

0111000
+1171 0 *
Ve
1.00000041431405e-07
49.8368859380279 49.8368859380279 113.5
0 0

0101101
*
Ed
 1.00000041431405e-07 1 1 0
1  18 0 0.648592018201614 0.785398163397448
2  55 16 0 0.648592018201614 0.785398163397448
2  56 11 0 0.648592018201614 0.785398163397448
4 G1 16 0 11 0
2  875 160 0 0.648592018201614 0.785398163397448
0

0101000
+1540 0 -1169 0 *
Ed
 1.00000020097183e-07 1 1 0
1  18 0 0.785398163397448 0.922204308593283
2  55 16 0 0.785398163397448 0.922204308593283
2  56 11 0 0.785398163397448 0.922204308593283
4 G1 16 0 11 0
2  876 165 0 0.785398163397448 0.922204308593283
0

0101000
+1169 0 -1513 0 *
Wi

0101100
+1531 0 -1539 0 -1168 0 -1167 0 +1512 0 +1517 0 +1522 0 +1527 0 *
Fa
0  1e-07 16 0

0101000
+1166 0 *
Ed
 1.00000010048592e-07 1 1 0
1  481 0 0 1.5707963267949
2  877 165 0 0 1.5707963267949
2  878 160 0 0 1.5707963267949
4 CN 165 0 160 0
2  879 11 0 0 1.5707963267949
0

0101000
+1169 0 -1224 0 *
Wi

0101100
-1537 0 -1223 0 +1164 0 +1168 0 *
Fa
0  1e-07 11 0

0101000
+1163 0 *
Wi

0101100
-1164 0 -1222 0 +1510 0 +1167 0 *
Fa
0  1e-07 11 0

0101000
+1161 0 *
Ve
1.00000036415315e-07
7.8248518775581e-15 70.48 113.5
0 0

0101101
*
Ed
 1.00000036415315e-07 1 1 0
1  18 0 1.43399018159905 1.5707963267949
2  55 16 0 1.43399018159905 1.5707963267949
2  56 11 0 1.43399018159905 1.5707963267949
4 G1 16 0 11 0
2  880 166 0 1.43399018159905 1.5707963267949
0

0101000
+1494 0 -1159 0 *
Ed
 1.00000001776357e-07 1 1 0
1  18 0 1.5707963267949 1.70760247199074
2  55 16 0 1.5707963267949 1.70760247199074
2  56 11 0 1.5707963267949 1.70760247199074
4 G1 16 0 11 0
2  881 171 0 1.5707963267949 1.70760247199074
0

0101000
+1159 0 -1467 0 *
Wi

0101100
+1485 0 -1493 0 -1158 0 -1157 0 +1466 0 +1471 0 +1476 0 +1481 0 *
Fa
0  1e-07 16 0

0101000
+1156 0 *
Ed
 1.00000007803115e-07 1 1 0
1  482 0 0 1.5707963267949
2  882 171 0 0 1.5707963267949
2  883 166 0 0 1.5707963267949
4 CN 171 0 166 0
2  884 11 0 0 1.5707963267949
0

0101000
+1159 0 -1216 0 *
Wi

0101100
-1491 0 -1215 0 +1154 0 +1158 0 *
Fa
0  1e-07 11 0

0101000
+1153 0 *
Wi

0101100
-1154 0 -1214 0 +1464 0 +1157 0 *
Fa
0  1e-07 11 0

0101000
+1151 0 *
Ve
1.00000025618983e-07
-49.8368859380279 49.8368859380279 113.5
0 0

0101101
*
Ed
 1.00000025618983e-07 1 1 0
1  18 0 2.21938834499646 2.35619449019234
2  55 16 0 2.21938834499646 2.35619449019234
2  56 11 0 2.21938834499646 2.35619449019234
4 G1 16 0 11 0
2  885 172 0 2.21938834499646 2.35619449019234
0

0101000
+1448 0 -1149 0 *
Ed
 1.00000015888219e-07 1 1 0
1  18 0 2.35619449019234 2.49300063538818
2  55 16 0 2.35619449019234 2.49300063538818
2  56 11 0 2.35619449019234 2.49300063538818
4 G1 16 0 11 0
2  886 177 0 2.35619449019234 2.49300063538818
0

0101000
+1149 0 -1421 0 *
Wi

0101100
+1439 0 -1447 0 -1148 0 -1147 0 +1420 0 +1425 0 +1430 0 +1435 0 *
Fa
0  1e-07 16 0

0101000
+1146 0 *
Ed
 1.00000010048592e-07 1 1 0
1  483 0 0 1.5707963267949
2  887 177 0 0 1.5707963267949
2  888 172 0 0 1.5707963267949
4 CN 177 0 172 0
2  889 11 0 0 1.5707963267949
0

0101000
+1149 0 -1208 0 *
Wi

0101100
-1445 0 -1207 0 +1144 0 +1148 0 *
Fa
0  1e-07 11 0

0101000
+1143 0 *
Wi

0101100
-1144 0 -1206 0 +1418 0 +1147 0 *
Fa
0  1e-07 11 0

0101000
+1141 0 *
Ve
1.00000049737991e-07
-70.48 8.63102558174012e-15 113.5
0 0

0101101
*
Ed
 1.00000049737991e-07 1 1 0
1  18 0 3.00478650839395 3.14159265358979
2  55 16 0 3.00478650839395 3.14159265358979
2  56 11 0 3.00478650839395 3.14159265358979
4 G1 16 0 11 0
2  890 178 0 3.00478650839395 3.14159265358979
0

0101000
+1402 0 -1139 0 *
Ed
 1.00000001776357e-07 1 1 0
1  18 0 3.14159265358979 3.27839879878564
2  55 16 0 3.14159265358979 3.27839879878564
2  56 11 0 3.14159265358979 3.27839879878564
4 G1 16 0 11 0
2  891 183 0 3.14159265358979 3.27839879878564
0

0101000
+1139 0 -1375 0 *
Wi

0101100
-1138 0 -1137 0 +1374 0 +1379 0 +1384 0 +1389 0 +1393 0 -1401 0 *
Fa
0  1e-07 16 0

0101000
+1136 0 *
Ed
 1.00000008607049e-07 1 1 0
1  484 0 0 1.5707963267949
2  892 183 0 0 1.5707963267949
2  893 178 0 0 1.5707963267949
4 CN 183 0 178 0
2  894 11 0 0 1.5707963267949
0

0101000
+1139 0 -1200 0 *
Wi

0101100
-1399 0 -1199 0 +1134 0 +1138 0 *
Fa
0  1e-07 11 0

0101000
+1133 0 *
Wi

0101100
-1134 0 -1198 0 +1372 0 +1137 0 *
Fa
0  1e-07 11 0

0101000
+1131 0 *
Ve
1.00000031776437e-07
-49.8368859380279 -49.8368859380279 113.5
0 0

0101101
*
Ed
 1.00000025618983e-07 1 1 0
1  18 0 3.79018467179136 3.92699081698724
2  55 16 0 3.79018467179136 3.92699081698724
2  56 11 0 3.79018467179136 3.92699081698724
4 G1 16 0 11 0
2  895 184 0 3.79018467179136 3.92699081698724
0

0101000
+1356 0 -1129 0 *
Ed
 1.00000015888219e-07 1 1 0
1  18 0 3.92699081698724 4.06379696218313
2  55 16 0 3.92699081698724 4.06379696218313
2  56 11 0 3.92699081698724 4.06379696218313
4 G1 16 0 11 0
2  896 189 0 3.92699081698724 4.06379696218313
0

0101000
+1129 0 -1329 0 *
Wi

0101100
+1338 0 +1343 0 +1347 0 -1355 0 -1128 0 -1127 0 +1328 0 +1333 0 *
Fa
0  1e-07 16 0

0101000
+1126 0 *
Ed
 1.00000031776437e-07 1 1 0
1  485 0 0 1.5707963267949
2  897 189 0 0 1.5707963267949
2  898 184 0 0 1.5707963267949
4 CN 189 0 184 0
2  899 11 0 0 1.5707963267949
0

0101000
+1129 0 -1192 0 *
Wi

0101100
-1353 0 -1191 0 +1124 0 +1128 0 *
Fa
0  1e-07 11 0

0101000
+1123 0 *
Wi

0101100
-1124 0 -1190 0 +1326 0 +1127 0 *
Fa
0  1e-07 11 0

0101000
+1121 0 *
Ve
1.00000020428104e-07
-1.56497037551162e-14 -70.48 113.5
0 0

0101101
*
Ed
 1.00000020428104e-07 1 1 0
1  18 0 4.57558283518884 4.71238898038469
2  55 16 0 4.57558283518884 4.71238898038469
2  56 11 0 4.57558283518884 4.71238898038469
4 G1 16 0 11 0
2  900 190 0 4.57558283518884 4.71238898038469
0

0101000
+1310 0 -1119 0 *
Ed
 1.00000014321447e-07 1 1 0
1  18 0 4.71238898038469 4.84919512558052
2  55 16 0 4.71238898038469 4.84919512558052
2  56 11 0 4.71238898038469 4.84919512558052
4 G1 16 0 11 0
2  901 195 0 4.71238898038469 4.84919512558052
0

0101000
+1119 0 -1283 0 *
Wi

0101100
+1292 0 +1297 0 +1301 0 -1309 0 -1118 0 -1117 0 +1282 0 +1287 0 *
Fa
0  1e-07 16 0

0101000
+1116 0 *
Ed
 1.0000001560623e-07 1 1 0
1  486 0 0 1.5707963267949
2  902 195 0 0 1.5707963267949
2  903 190 0 0 1.5707963267949
4 CN 195 0 190 0
2  904 11 0 0 1.5707963267949
0

0101000
+1119 0 -1184 0 *
Wi

0101100
-1307 0 -1183 0 +1114 0 +1118 0 *
Fa
0  1e-07 11 0

0101000
+1113 0 *
Wi

0101100
-1114 0 -1182 0 +1280 0 +1117 0 *
Fa
0  1e-07 11 0

0101000
+1111 0 *
Ve
1.00000065508803e-07
49.8368859380279 -49.8368859380279 113.5
0 0

0101101
*
Ed
 1.00000029296427e-07 1 1 0
1  18 0 5.3609809985863 5.49778714378214
2  55 16 0 5.3609809985863 5.49778714378214
2  56 11 0 5.3609809985863 5.49778714378214
4 G1 16 0 11 0
2  905 196 0 5.3609809985863 5.49778714378214
0

0101000
+1264 0 -1109 0 *
Ed
 1.00000010048592e-07 1 1 0
1  18 0 5.49778714378214 5.63459328897802
2  55 16 0 5.49778714378214 5.63459328897802
2  56 11 0 5.49778714378214 5.63459328897802
4 G1 16 0 11 0
2  906 201 0 5.49778714378214 5.63459328897802
0

0101000
+1109 0 -1237 0 *
Wi

0101100
+1246 0 +1251 0 +1255 0 -1263 0 -1108 0 -1107 0 +1236 0 +1241 0 *
Fa
0  1e-07 16 0

0101000
+1106 0 *
Ed
 1.00000010048592e-07 1 1 0
1  487 0 0 1.5707963267949
2  907 201 0 0 1.5707963267949
2  908 196 0 0 1.5707963267949
4 CN 201 0 196 0
2  909 11 0 0 1.5707963267949
0

0101000
+1109 0 -1176 0 *
Wi

0101100
-1261 0 -1175 0 +1104 0 +1108 0 *
Fa
0  1e-07 11 0

0101000
+1103 0 *
Wi

0101100
-1104 0 -1174 0 +1234 0 +1107 0 *
Fa
0  1e-07 11 0

0101000
+1101 0 *
Sh

0101100
-2249 0 -2243 0 +2240 0 +2237 0 +2234 0 +2231 0 +2226 0 -2031 0 -2029 0 +2313 0 
+2334 0 +2020 0 -2015 0 +2337 0 -2010 0 +2005 0 -2000 0 -1995 0 -1990 0 +1985 0 
-1967 0 -1965 0 +1958 0 -1953 0 -1948 0 -1943 0 +1938 0 -1920 0 -1918 0 +1911 0 
-1906 0 -1901 0 -1896 0 +1891 0 -1873 0 -1871 0 +1864 0 -1859 0 -1854 0 -1849 0 
+1844 0 -1826 0 -1824 0 +1817 0 -1812 0 -1807 0 -1802 0 +1797 0 -1779 0 -1777 0 
+1770 0 -1765 0 -1760 0 -1755 0 +1750 0 -1732 0 -1730 0 +1723 0 -1718 0 -1713 0 
-1708 0 +1703 0 -1685 0 -1683 0 +1676 0 -1671 0 -1666 0 -1661 0 +1658 0 -1653 0 
+1550 0 +1548 0 -1543 0 -1534 0 +1529 0 +1524 0 +1519 0 +1514 0 +1505 0 -1502 0 
-1497 0 -1488 0 +1483 0 +1478 0 +1473 0 +1468 0 +1459 0 -1456 0 -1451 0 -1442 0 
+1437 0 +1432 0 +1427 0 +1422 0 +1413 0 -1410 0 -1405 0 -1396 0 +1391 0 +1386 0 
+1381 0 +1376 0 +1367 0 -1364 0 -1359 0 -1350 0 +1345 0 +1340 0 +1335 0 +1330 0 
+1321 0 -1318 0 -1313 0 -1304 0 +1299 0 +1294 0 +1289 0 +1284 0 +1275 0 -1272 0 
-1267 0 -1258 0 +1253 0 +1248 0 +1243 0 +1238 0 +1229 0 -1226 0 +1220 0 +1218 0 
+1212 0 +1210 0 +1204 0 +1202 0 +1196 0 +1194 0 +1188 0 +1186 0 +1180 0 +1178 0 
+1172 0 +1170 0 +1165 0 +1162 0 +1160 0 +1155 0 +1152 0 +1150 0 +1145 0 +1142 0 
+1140 0 +1135 0 +1132 0 +1130 0 +1125 0 +1122 0 +1120 0 +1115 0 +1112 0 +1110 0 
+1105 0 +1102 0 +1100 0 *
So

0100000
+1099 0 *
Ed
 1.000001e-06 1 1 0
1  488 0 0 0.452378644051291
2  910 13 0 0 0.452378644051291
2  911 4 0 0 0.452378644051291
0

0101000
+2385 0 -2385 1 *
Ed
 1.000001e-06 1 1 0
1  489 0 0 0.452378644051291
2  912 7 0 0 0.452378644051291
2  913 4 0 0 0.452378644051291
2  914 27 0 0 0.452378644051291
0

0101000
+2384 0 -2384 1 *
Wi

0101100
+1097 0 -1096 0 -2383 0 +2383 1 *
Fa
0  1e-07 4 0

0111000
+1095 0 *
Ed
 1e-07 1 1 0
1  490 0 0 0.452378644051291
2  915 7 0 0 0.452378644051291
2  916 8 0 0 0.452378644051291
4 C2 7 0 8 0
0

0101000
+2382 0 -2382 1 *
Wi

0101100
+1096 0 -1093 0 -2381 0 +2381 1 *
Fa
0  1e-07 7 0

0111000
+1092 0 *
Ed
 1.000001e-06 1 1 0
1  491 0 0 0.452378644051291
2  917 8 0 0 0.452378644051291
2  918 10 0 0 0.452378644051291
2  919 22 0 0 0.452378644051291
0

0101000
+2380 0 -2380 1 *
Wi

0101100
+1093 0 -1090 0 -2379 0 +2379 1 *
Fa
0  1e-07 8 0

0111000
+1089 0 *
Ed
 1.000001e-06 1 1 0
1  492 0 0 0.452378644051291
2  920 12 0 0 0.452378644051291
2  921 10 0 0 0.452378644051291
0

0101000
+2378 0 -2378 1 *
Wi

0101100
+1087 0 -1090 0 -2377 0 +2377 1 *
Fa
0  1e-07 10 0

0111000
+1086 0 *
Ed
 1e-07 1 1 0
1  493 0 0 0.452378644051291
2  922 12 0 0 0.452378644051291
2  923 13 0 0 0.452378644051291
4 C2 12 0 13 0
0

0101000
+2376 0 -2376 1 *
Wi

0101100
+1084 0 -1087 0 -2375 0 +2375 1 *
Fa
0  1e-07 12 0

0111000
+1083 0 *
Wi

0101100
+1097 0 -1084 0 -2374 0 +2374 1 *
Fa
0  1e-07 13 0

0111000
+1081 0 *
Sh

0101100
-1094 0 -1091 0 -1088 0 +1085 0 +1082 0 +1080 0 +2372 0 -2372 1 *
So

0100000
+1079 0 *
Ed
 1e-07 1 1 0
1  494 0 0 0.452378644051291
2  924 23 0 0 0.452378644051291
4 G1 22 0 23 0
2  925 22 0 0 0.452378644051291
0

0101000
+2302 0 -2302 1 *
Wi

0101100
+1090 0 -1077 0 -2301 0 +2301 1 *
Fa
0  1e-07 22 0

0111000
+1076 0 *
Ed
 1.00000386679061e-07 1 1 0
1  495 0 0 0.452378644051291
2  926 23 0 0 0.452378644051291
2  927 24 0 0 0.452378644051291
0

0101000
+2300 0 -2300 1 *
Wi

0101100
+1074 0 -1077 0 -2299 0 +2299 1 *
Fa
0  1e-07 23 0

0111000
+1073 0 *
Ed
 1.00000039740304e-07 1 1 0
1  496 0 0 0.452378644051291
2  928 24 0 0 0.452378644051291
2  929 25 0 0 0.452378644051291
4 C2 24 0 25 0
0

0101000
+2298 0 -2298 1 *
Wi

0101100
+1071 0 -1074 0 -2297 0 +2297 1 *
Fa
0  1.00000000888178e-07 24 0

0111000
+1070 0 *
Ed
 1.00000390216718e-07 1 1 0
1  497 0 0 0.452378644051291
2  930 25 0 0 0.452378644051291
2  931 26 0 0 0.452378644051291
0

0101000
+2296 0 -2296 1 *
Wi

0101100
+1068 0 -1071 0 -2295 0 +2295 1 *
Fa
0  1e-07 25 0

0111000
+1067 0 *
Ed
 1e-07 1 1 0
1  498 0 0 0.452378644051291
2  932 26 0 0 0.452378644051291
4 G1 26 0 27 0
2  933 27 0 0 0.452378644051291
0

0101000
+2294 0 -2294 1 *
Wi

0101100
+1068 0 -1065 0 -2293 0 +2293 1 *
Fa
0  1e-07 26 0

0111000
+1064 0 *
Wi

0101100
+1096 0 -1065 0 -2292 0 +2292 1 *
Fa
0  1e-07 27 0

0111000
+1062 0 *
Sh

0101100
-1091 0 -1088 0 -1075 0 +1072 0 +1069 0 +1066 0 -1063 0 +1061 0 +2290 0 -2290 1 
*
So

0100000
-1060 0 *
Ve
1.000001e-06
55.5969030699062 42.0034137783526 115
0 0

0101101
*
Ed
 1e-07 1 1 0
1  499 0 31.3070195839357 32.0138458893594
2  934 217 0 31.3070195839357 32.0138458893594
2  935 216 0 31.3070195839357 32.0138458893594
2  936 218 0 31.3070195839357 32.0138458893594
0

0101000
+1538 0 -1058 0 *
Ve
1e-07
49.2712005130786 49.2712005130786 115
0 0

0101101
*
Ed
 1e-07 1 1 0
1  500 0 6.14479843746376 6.28318530717959
2  937 219 0 6.14479843746376 6.28318530717959
2  938 220 0 6.14479843746376 6.28318530717959
2  939 216 0 6.14479843746376 6.28318530717959
2  940 221 0 6.14479843746376 6.28318530717959
0

0101000
+1058 0 -1056 0 *
Ve
1.000001e-06
42.0034137783526 55.5969030699062 115
0 0

0101101
*
Ed
 1e-07 1 1 0
1  501 0 0 0.138386869715829
2  941 222 0 0 0.138386869715829
2  942 223 0 0 0.138386869715829
2  943 216 0 0 0.138386869715829
2  944 221 0 0 0.138386869715829
0

0101000
+1056 0 -1054 0 *
Ed
 1e-07 1 1 0
1  502 0 31.3070195839357 32.0138458893594
2  945 216 0 31.3070195839357 32.0138458893594
2  946 224 0 31.3070195839357 32.0138458893594
2  947 225 0 31.3070195839357 32.0138458893594
0

0101000
+1511 0 -1054 0 *
Wi

0101100
-1057 0 -1055 0 -1053 0 +1052 0 +1222 0 +1223 0 *
Fa
0  1e-07 216 0

0101000
+1051 0 *
Ve
1.5e-07
58.4013975367723 44.8079082452162 114.2
0 0

0101101
*
Ed
 1e-07 1 1 0
1  503 0 13.5 14.2
2  948 161 0 13.5 14.2
4 G1 217 0 161 0
2  949 217 0 13.5 14.2
0

0101000
+1542 0 -1049 0 *
Ve
1.00000002131628e-06
56.1679858922779 42.5744966007218 114.2
0 0

0101101
*
Ed
 1.5e-07 1 1 0
1  504 0 -54.48 -51.321478961994
2  950 217 0 -54.48 -51.321478961994
2  951 226 0 -54.48 -51.321478961994
2  952 227 0 -54.48 -51.321478961994
0

0101000
+1049 0 -1047 0 *
Ed
 1e-06 1 1 0
1  505 0 0 1
2  953 219 0 0 1
2  954 217 0 0 1
2  955 227 0 0 1
0

0101000
+1047 0 -1058 0 *
Wi

0101100
-1048 0 -1046 0 -1045 0 +1057 0 +1537 0 +1539 0 *
Fa
0  1e-07 217 0

0101000
+1044 0 *
Ve
1e-07
49.8368859380279 49.8368859380279 114.2
0 0

0101101
*
Ed
 1e-07 1 1 0
1  506 0 6.14637916198374 6.28318530717959
2  956 219 0 6.14637916198374 6.28318530717959
4 G1 219 0 226 0
2  957 226 0 6.14637916198374 6.28318530717959
0

0101000
+1047 0 -1042 0 *
Ed
 1e-07 1 1 0
1  507 0 0 1.5707963267949
2  958 219 0 0 1.5707963267949
2  959 222 0 0 1.5707963267949
4 CN 219 0 222 0
0

0101000
+1042 0 -1056 0 *
Wi

0101100
+1041 0 -1045 0 -1055 0 +1040 0 *
Fa
0  1e-07 219 0

0111000
+1039 0 *
Ve
1.00000000177636e-06
42.5744966007218 56.1679858922778 114.2
0 0

0101101
*
Ed
 1e-06 1 1 0
1  508 0 0 1
2  960 222 0 0 1
2  961 224 0 0 1
2  962 228 0 0 1
0

0101000
+1037 0 -1054 0 *
Ed
 1e-07 1 1 0
1  509 0 0 0.136806145195846
2  963 222 0 0 0.136806145195846
4 G1 222 0 226 0
2  964 226 0 0 0.136806145195846
0

0101000
+1042 0 -1037 0 *
Wi

0101100
-1040 0 -1053 0 +1036 0 +1035 0 *
Fa
0  1e-07 222 0

0111000
+1034 0 *
Ve
1.5e-07
44.8079082452162 58.4013975367723 114.2
0 0

0101101
*
Ed
 1e-07 1 1 0
1  510 0 13.5 14.2
2  965 164 0 13.5 14.2
4 G1 224 0 164 0
2  966 224 0 13.5 14.2
0

0101000
+1518 0 -1032 0 *
Ed
 1.5e-07 1 1 0
1  511 0 -54.48 -51.321478961994
2  967 224 0 -54.48 -51.321478961994
2  968 226 0 -54.48 -51.321478961994
2  969 228 0 -54.48 -51.321478961994
0

0101000
+1032 0 -1037 0 *
Wi

0101100
-1031 0 -1030 0 -1036 0 +1052 0 +1510 0 +1512 0 *
Fa
0  1e-07 224 0

0101000
+1029 0 *
Ve
1.00002442740623e-07
58.986075672732 46.2886949128045 114.2
0 0

0101101
*
Ed
 1.00000003552714e-07 1 1 0
1  512 0 4.712388980385 5.53107984634447
2  970 161 0 4.712388980385 5.53107984634447
2  971 229 0 4.712388980385 5.53107984634447
2  972 226 0 4.712388980385 5.53107984634447
0

0101000
+1049 0 -1027 0 *
Ed
 1.00000390216718e-07 1 1 0
1  513 0 13.5 14.2
2  973 161 0 13.5 14.2
2  974 162 0 13.5 14.2
0

0101000
+1533 0 -1027 0 *
Wi

0101100
+1531 0 -1048 0 -1026 0 +1025 0 *
Fa
0  1e-07 161 0

0101000
+1024 0 *
Ve
1.00000036729607e-07
53.0188664533673 53.0188664533673 114.2
0 0

0101101
*
Ed
 1e-07 1 1 0
1  514 0 6.16315329864395 6.28318530717959
2  975 162 0 6.16315329864395 6.28318530717959
2  976 230 0 6.16315329864395 6.28318530717959
2  977 226 0 6.16315329864395 6.28318530717959
0

0101000
+1027 0 -1022 0 *
Ve
1.00001751587085e-07
46.2886949128045 58.986075672732 114.2
0 0

0101101
*
Ed
 1.00000003552714e-07 1 1 0
1  515 0 0.752105460835736 1.570796326795
2  978 164 0 0.752105460835736 1.570796326795
2  979 231 0 0.752105460835736 1.570796326795
2  980 226 0 0.752105460835736 1.570796326795
0

0101000
+1020 0 -1032 0 *
Ed
 1.00000000111022e-07 1 1 0
1  516 0 0 0.120032008535633
2  981 163 0 0 0.120032008535633
2  982 232 0 0 0.120032008535633
2  983 226 0 0 0.120032008535633
0

0101000
+1022 0 -1020 0 *
Wi

0101100
+1021 0 +1026 0 -1046 0 -1041 0 -1035 0 +1030 0 +1019 0 +1018 0 *
Fa
0  1e-07 226 0

0111000
+1017 0 *
Ed
 1.00000386679061e-07 1 1 0
1  517 0 13.5 14.2
2  984 164 0 13.5 14.2
2  985 163 0 13.5 14.2
0

0101000
+1523 0 -1020 0 *
Wi

0101100
-1015 0 -1019 0 +1031 0 +1517 0 *
Fa
0  1e-07 164 0

0101000
+1014 0 *
Ed
 1.00000018364803e-07 1 1 0
1  518 0 0.799999999999997 1.5
2  986 162 0 0.799999999999997 1.5
2  987 163 0 0.799999999999997 1.5
4 CN 162 0 163 0
0

0101000
+1022 0 -1528 0 *
Wi

0101100
+1025 0 -1527 0 +1012 0 +1021 0 *
Fa
0  1e-07 162 0

0101000
+1011 0 *
Wi

0101100
-1522 0 -1015 0 +1018 0 -1012 0 *
Fa
0  1e-07 163 0

0101000
+1009 0 *
Sh

0101100
-1050 0 -1043 0 +1038 0 +1033 0 +1028 0 -1160 0 -1162 0 +1023 0 +1016 0 -1165 0 
+1013 0 -1010 0 -1008 0 *
So

0100000
+1007 0 *
Ve
1e-07
44.8079082452162 58.4013975367723 115
0 0

0101101
*
Ed
 1e-07 1 1 0
1  519 0 32.0138458893594 35.98
2  988 221 0 32.0138458893594 35.98
2  989 228 0 32.0138458893594 35.98
2  990 233 0 32.0138458893594 35.98
0

0101000
+1054 0 -1005 0 *
Ve
1.00000386679061e-07
46.2886949128055 58.9860756727311 115
0 0

0101101
*
Ed
 1e-07 1 1 0
1  520 0 2.32290178763074 3.14159265358979
2  991 231 0 2.32290178763074 3.14159265358979
2  992 234 0 2.32290178763074 3.14159265358979
2  993 221 0 2.32290178763074 3.14159265358979
0

0101000
+1003 0 -1005 0 *
Ve
1.00000039740304e-07
53.0188664533673 53.0188664533673 115
0 0

0101101
*
Ed
 1.00000000888178e-07 1 1 0
1  521 0 0 0.120032008535615
2  994 232 0 0 0.120032008535615
2  995 235 0 0 0.120032008535615
2  996 221 0 0 0.120032008535615
0

0101000
+1001 0 -1003 0 *
Ve
1.00000390216718e-07
58.9860756727311 46.2886949128055 115
0 0

0101101
*
Ed
 1e-07 1 1 0
1  522 0 6.16315329864397 6.28318530717959
2  997 230 0 6.16315329864397 6.28318530717959
2  998 236 0 6.16315329864397 6.28318530717959
2  999 221 0 6.16315329864397 6.28318530717959
0

0101000
+999 0 -1001 0 *
Ve
1e-07
58.4013975367723 44.8079082452162 115
0 0

0101101
*
Ed
 1e-07 1 1 0
1  523 0 5.46449444122053 6.28318530717959
2  1000 229 0 5.46449444122053 6.28318530717959
2  1001 237 0 5.46449444122053 6.28318530717959
2  1002 221 0 5.46449444122053 6.28318530717959
0

0101000
+999 0 -997 0 *
Ed
 1e-07 1 1 0
1  524 0 32.0138458893594 35.98
2  1003 221 0 32.0138458893594 35.98
2  1004 227 0 32.0138458893594 35.98
2  1005 238 0 32.0138458893594 35.98
0

0101000
+1058 0 -997 0 *
Wi

0101100
-1055 0 -1053 0 -1004 0 +1002 0 +1000 0 +998 0 -996 0 +995 0 *
Fa
0  1e-07 221 0

0111000
+994 0 *
Ed
 1e-07 1 1 0
1  525 0 14.2 15
2  1006 229 0 14.2 15
4 G1 227 0 229 0
2  1007 227 0 14.2 15
0

0101000
+1049 0 -997 0 *
Wi

0101100
-992 0 +995 0 +1045 0 +1046 0 *
Fa
0  1e-07 227 0

0111000
+991 0 *
Ed
 1.00000390216718e-07 1 1 0
1  526 0 14.2 15
2  1008 229 0 14.2 15
2  1009 230 0 14.2 15
0

0101000
+1027 0 -999 0 *
Wi

0101100
+989 0 +1026 0 -992 0 +996 0 *
Fa
0  1e-07 229 0

0111000
+988 0 *
Ed
 1.00000036729607e-07 1 1 0
1  527 0 14.4 15.2
2  1010 230 0 14.4 15.2
2  1011 232 0 14.4 15.2
4 CN 230 0 232 0
0

0101000
+1022 0 -1001 0 *
Wi

0101100
+1021 0 -989 0 -998 0 +986 0 *
Fa
0  1e-07 230 0

0111000
+985 0 *
Ed
 1.00000386679061e-07 1 1 0
1  528 0 14.2 15
2  1012 232 0 14.2 15
2  1013 231 0 14.2 15
0

0101000
+1020 0 -1003 0 *
Wi

0101100
-1000 0 +983 0 +1018 0 -986 0 *
Fa
0  1e-07 232 0

0111000
+982 0 *
Ed
 1e-07 1 1 0
1  529 0 14.2 15
2  1014 231 0 14.2 15
4 G1 231 0 228 0
2  1015 228 0 14.2 15
0

0101000
+1032 0 -1005 0 *
Wi

0101100
-983 0 -1002 0 +980 0 +1019 0 *
Fa
0  1e-07 231 0

0111000
+979 0 *
Wi

0101100
-980 0 +1004 0 +1036 0 +1030 0 *
Fa
0  1e-07 228 0

0111000
+977 0 *
Sh

0101100
+993 0 -1038 0 -990 0 +987 0 +984 0 +981 0 +978 0 +976 0 -1033 0 -1016 0 
*
So

0100000
+975 0 *
Ve
1.000001e-06
55.0971013962213 41.5036121046652 115.452378644051
0 0

0101101
*
Ed
 1.000001e-06 1 1 0
1  530 0 0 0.452378644051291
2  1016 202 0 0 0.452378644051291
2  1017 218 0 0 0.452378644051291
0

0101000
+1538 0 -973 0 *
Ve
1.000001e-06
55.5969030699062 42.0034137783526 115.452378644051
0 0

0101101
*
Ed
 1.000001e-06 1 1 0
1  531 0 0 0.452378644051291
2  1018 220 0 0 0.452378644051291
2  1019 218 0 0 0.452378644051291
2  1020 238 0 0 0.452378644051291
0

0101000
+1058 0 -971 0 *
Ed
 1e-07 1 1 0
1  532 0 31.3070195839357 32.0138458893594
2  1021 218 2 31.3070195839357 32.0138458893594
2  1022 239 0 31.3070195839357 32.0138458893594
0

0101000
+973 2 -971 2 *
Wi

0101100
+972 0 -970 0 -1057 0 +969 1 *
Fa
0  1e-07 218 0

0101000
+968 0 *
Ve
1e-07
49.2712005130786 49.2712005130786 115.452378644051
0 0

0101101
*
Ed
 1e-07 1 1 0
1  533 0 0 0.452378644051291
2  1023 220 0 0 0.452378644051291
2  1024 223 0 0 0.452378644051291
4 C2 220 0 223 0
0

0101000
+1056 0 -966 0 *
Ed
 1e-07 1 1 0
1  534 0 6.14479843746376 6.28318530717959
2  1025 220 2 6.14479843746376 6.28318530717959
2  1026 240 0 6.14479843746376 6.28318530717959
2  1027 239 0 6.14479843746376 6.28318530717959
0

0101000
+971 2 -966 2 *
Wi

0101100
+970 0 -965 0 -1055 0 +964 1 *
Fa
0  1e-07 220 0

0111000
+963 0 *
Ve
1.000001e-06
42.0034137783526 55.5969030699062 115.452378644051
0 0

0101101
*
Ed
 1.000001e-06 1 1 0
1  535 0 0 0.452378644051291
2  1028 223 0 0 0.452378644051291
2  1029 225 0 0 0.452378644051291
2  1030 233 0 0 0.452378644051291
0

0101000
+1054 0 -961 0 *
Ed
 1e-07 1 1 0
1  536 0 0 0.138386869715829
2  1031 223 2 0 0.138386869715829
2  1032 240 0 0 0.138386869715829
2  1033 239 0 0 0.138386869715829
0

0101000
+966 2 -961 2 *
Wi

0101100
+965 0 -960 0 -1053 0 +959 1 *
Fa
0  1e-07 223 0

0111000
+958 0 *
Ve
1.000001e-06
41.5036121046652 55.0971013962213 115.452378644051
0 0

0101101
*
Ed
 1.000001e-06 1 1 0
1  537 0 0 0.452378644051291
2  1034 203 0 0 0.452378644051291
2  1035 225 0 0 0.452378644051291
0

0101000
+1511 0 -956 0 *
Ed
 1e-07 1 1 0
1  538 0 31.3070195839357 32.0138458893594
2  1036 225 2 31.3070195839357 32.0138458893594
2  1037 239 0 31.3070195839357 32.0138458893594
0

0101000
+956 2 -961 2 *
Wi

0101100
+955 0 -960 0 -1052 0 +954 1 *
Fa
0  1e-07 225 0

0101000
+953 0 *
Ve
1e-07
48.7762257662481 48.776225766248 115.452378644051
0 0

0101101
*
Ed
 1e-07 1 1 0
1  539 0 0 0.452378644051291
2  1038 203 0 0 0.452378644051291
2  1039 202 0 0 0.452378644051291
4 C2 203 0 202 0
0

0101000
+1224 0 -951 0 *
Ed
 1e-07 1 1 0
1  540 0 0 0.139800375103356
2  1040 203 2 0 0.139800375103356
2  1041 239 0 0 0.139800375103356
0

0101000
+951 2 -956 2 *
Wi

0101100
+950 0 -955 0 -1222 0 +949 1 *
Fa
0  1e-07 203 0

0101000
+948 0 *
Ed
 1e-07 1 1 0
1  541 0 6.14338493207623 6.28318530717959
2  1042 202 2 6.14338493207623 6.28318530717959
2  1043 239 0 6.14338493207623 6.28318530717959
0

0101000
+973 2 -951 2 *
Wi

0101100
+972 0 -950 0 -1223 0 +946 1 *
Fa
0  1e-07 202 0

0101000
+945 0 *
Wi

0101100
-969 0 -964 0 -959 0 +954 0 +949 0 +946 0 *
Fa
0  1e-07 239 0

0111000
+943 0 *
Sh

0101100
-967 0 -962 0 -957 0 +952 0 +947 0 +944 0 +1050 0 -942 1 *
So

0100000
+941 0 *
Ve
1e-07
44.8079082452162 58.4013975367723 115.452378644051
0 0

0101101
*
Ed
 1e-07 1 1 0
1  542 0 0 0.452378644051291
2  1044 234 0 0 0.452378644051291
4 G1 233 0 234 0
2  1045 233 0 0 0.452378644051291
0

0101000
+1005 0 -939 0 *
Ed
 1e-07 1 1 0
1  543 0 32.0138458893594 35.98
2  1046 240 0 32.0138458893594 35.98
2  1047 233 2 32.0138458893594 35.98
0

0101000
+961 2 -939 2 *
Wi

0101100
+960 0 -938 0 -1004 0 +937 1 *
Fa
0  1e-07 233 0

0111000
+936 0 *
Ve
1.00000386679061e-07
46.2886949128055 58.9860756727311 115.452378644051
0 0

0101101
*
Ed
 1.00000386679061e-07 1 1 0
1  544 0 0 0.452378644051291
2  1048 234 0 0 0.452378644051291
2  1049 235 0 0 0.452378644051291
0

0101000
+1003 0 -934 0 *
Ed
 1e-07 1 1 0
1  545 0 2.32290178763074 3.14159265358979
2  1050 234 2 2.32290178763074 3.14159265358979
2  1051 240 0 2.32290178763074 3.14159265358979
0

0101000
+934 2 -939 2 *
Wi

0101100
+933 0 -938 0 -1002 0 +932 1 *
Fa
0  1e-07 234 0

0111000
+931 0 *
Ve
1.00000039740304e-07
53.0188664533673 53.0188664533673 115.452378644051
0 0

0101101
*
Ed
 1.00000039740304e-07 1 1 0
1  546 0 0 0.452378644051291
2  1052 235 0 0 0.452378644051291
2  1053 236 0 0 0.452378644051291
4 C2 235 0 236 0
0

0101000
+1001 0 -929 0 *
Ed
 1.00000000888178e-07 1 1 0
1  547 0 0 0.120032008535615
2  1054 235 2 0 0.120032008535615
2  1055 240 0 0 0.120032008535615
0

0101000
+929 2 -934 2 *
Wi

0101100
+928 0 -933 0 -1000 0 +927 1 *
Fa
0  1.00000000888178e-07 235 0

0111000
+926 0 *
Ve
1.00000390216718e-07
58.9860756727311 46.2886949128055 115.452378644051
0 0

0101101
*
Ed
 1.00000390216718e-07 1 1 0
1  548 0 0 0.452378644051291
2  1056 236 0 0 0.452378644051291
2  1057 237 0 0 0.452378644051291
0

0101000
+999 0 -924 0 *
Ed
 1e-07 1 1 0
1  549 0 6.16315329864397 6.28318530717959
2  1058 236 2 6.16315329864397 6.28318530717959
2  1059 240 0 6.16315329864397 6.28318530717959
0

0101000
+924 2 -929 2 *
Wi

0101100
+923 0 -928 0 -998 0 +922 1 *
Fa
0  1e-07 236 0

0111000
+921 0 *
Ve
1e-07
58.4013975367723 44.8079082452162 115.452378644051
0 0

0101101
*
Ed
 1e-07 1 1 0
1  550 0 0 0.452378644051291
2  1060 237 0 0 0.452378644051291
4 G1 237 0 238 0
2  1061 238 0 0 0.452378644051291
0

0101000
+997 0 -919 0 *
Ed
 1e-07 1 1 0
1  551 0 5.46449444122053 6.28318530717959
2  1062 237 2 5.46449444122053 6.28318530717959
2  1063 240 0 5.46449444122053 6.28318530717959
0

0101000
+924 2 -919 2 *
Wi

0101100
+923 0 -918 0 -996 0 +917 1 *
Fa
0  1e-07 237 0

0111000
+916 0 *
Ed
 1e-07 1 1 0
1  552 0 32.0138458893594 35.98
2  1064 240 0 32.0138458893594 35.98
2  1065 238 2 32.0138458893594 35.98
0

0101000
+971 2 -919 2 *
Wi

0101100
+970 0 -918 0 -995 0 +914 1 *
Fa
0  1e-07 238 0

0111000
+913 0 *
Wi

0101100
-964 0 -959 0 -937 0 +932 0 +927 0 +922 0 -917 0 +914 0 *
Fa
0  1e-07 240 0

0111000
+911 0 *
Sh

0101100
-962 0 -957 0 -935 0 +930 0 +925 0 +920 0 -915 0 +912 0 +993 0 -910 1 
*
So

0100000
-909 0 *
Ve
1.000001e-06
9.61204845804427 69.0138458893594 115
0 0

0101101
*
Ed
 1e-07 1 1 0
1  553 0 31.3070195839357 32.0138458893594
2  1066 242 0 31.3070195839357 32.0138458893594
2  1067 241 0 31.3070195839357 32.0138458893594
2  1068 243 0 31.3070195839357 32.0138458893594
0

0101000
+1492 0 -907 0 *
Ve
1e-07
7.73603403558809e-15 69.68 115
0 0

0101101
*
Ed
 1e-07 1 1 0
1  554 0 6.14479843746376 6.28318530717959
2  1069 244 0 6.14479843746376 6.28318530717959
2  1070 245 0 6.14479843746376 6.28318530717959
2  1071 241 0 6.14479843746376 6.28318530717959
2  1072 246 0 6.14479843746376 6.28318530717959
0

0101000
+907 0 -905 0 *
Ve
1.000001e-06
-9.61204845804425 69.0138458893594 115
0 0

0101101
*
Ed
 1e-07 1 1 0
1  555 0 0 0.138386869715829
2  1073 247 0 0 0.138386869715829
2  1074 248 0 0 0.138386869715829
2  1075 241 0 0 0.138386869715829
2  1076 246 0 0 0.138386869715829
0

0101000
+905 0 -903 0 *
Ed
 1e-07 1 1 0
1  556 0 31.3070195839357 32.0138458893594
2  1077 241 0 31.3070195839357 32.0138458893594
2  1078 249 0 31.3070195839357 32.0138458893594
2  1079 250 0 31.3070195839357 32.0138458893594
0

0101000
+1465 0 -903 0 *
Wi

0101100
-906 0 -904 0 -902 0 +901 0 +1214 0 +1215 0 *
Fa
0  1e-07 241 0

0101000
+900 0 *
Ve
1.5e-07
9.61204845804601 72.98 114.2
0 0

0101101
*
Ed
 1e-07 1 1 0
1  557 0 13.5 14.2
2  1080 167 0 13.5 14.2
4 G1 242 0 167 0
2  1081 242 0 13.5 14.2
0

0101000
+1496 0 -898 0 *
Ve
1.00000002131628e-06
9.61204845804603 69.821478961994 114.2
0 0

0101101
*
Ed
 1.5e-07 1 1 0
1  558 0 -54.48 -51.321478961994
2  1082 242 0 -54.48 -51.321478961994
2  1083 251 0 -54.48 -51.321478961994
2  1084 252 0 -54.48 -51.321478961994
0

0101000
+898 0 -896 0 *
Ed
 1e-06 1 1 0
1  559 0 0 1
2  1085 244 0 0 1
2  1086 242 0 0 1
2  1087 252 0 0 1
0

0101000
+896 0 -907 0 *
Wi

0101100
-897 0 -895 0 -894 0 +906 0 +1491 0 +1493 0 *
Fa
0  1e-07 242 0

0101000
+893 0 *
Ve
1e-07
7.8248518775581e-15 70.48 114.2
0 0

0101101
*
Ed
 1e-07 1 1 0
1  560 0 6.14637916198374 6.28318530717959
2  1088 244 0 6.14637916198374 6.28318530717959
4 G1 244 0 251 0
2  1089 251 0 6.14637916198374 6.28318530717959
0

0101000
+896 0 -891 0 *
Ed
 1e-07 1 1 0
1  561 0 0 1.5707963267949
2  1090 244 0 0 1.5707963267949
2  1091 247 0 0 1.5707963267949
4 CN 244 0 247 0
0

0101000
+891 0 -905 0 *
Wi

0101100
+890 0 -894 0 -904 0 +889 0 *
Fa
0  1e-07 244 0

0111000
+888 0 *
Ve
1.00000000177636e-06
-9.61204845804599 69.821478961994 114.2
0 0

0101101
*
Ed
 1e-06 1 1 0
1  562 0 0 1
2  1092 247 0 0 1
2  1093 249 0 0 1
2  1094 253 0 0 1
0

0101000
+886 0 -903 0 *
Ed
 1e-07 1 1 0
1  563 0 0 0.136806145195846
2  1095 247 0 0 0.136806145195846
4 G1 247 0 251 0
2  1096 251 0 0 0.136806145195846
0

0101000
+891 0 -886 0 *
Wi

0101100
-889 0 -902 0 +885 0 +884 0 *
Fa
0  1e-07 247 0

0111000
+883 0 *
Ve
1.5e-07
-9.61204845804599 72.98 114.2
0 0

0101101
*
Ed
 1e-07 1 1 0
1  564 0 13.5 14.2
2  1097 170 0 13.5 14.2
4 G1 249 0 170 0
2  1098 249 0 13.5 14.2
0

0101000
+1472 0 -881 0 *
Ed
 1.5e-07 1 1 0
1  565 0 -54.48 -51.321478961994
2  1099 249 0 -54.48 -51.321478961994
2  1100 251 0 -54.48 -51.321478961994
2  1101 253 0 -54.48 -51.321478961994
0

0101000
+881 0 -886 0 *
Wi

0101100
-880 0 -879 0 -885 0 +901 0 +1464 0 +1466 0 *
Fa
0  1e-07 249 0

0101000
+878 0 *
Ve
1.00002442740623e-07
8.97840403865234 74.440504168891 114.2
0 0

0101101
*
Ed
 1.00000003552714e-07 1 1 0
1  566 0 4.712388980385 5.53107984634447
2  1102 167 0 4.712388980385 5.53107984634447
2  1103 254 0 4.712388980385 5.53107984634447
2  1104 251 0 4.712388980385 5.53107984634447
0

0101000
+898 0 -876 0 *
Ed
 1.00000390216718e-07 1 1 0
1  567 0 13.5 14.2
2  1105 167 0 13.5 14.2
2  1106 168 0 13.5 14.2
0

0101000
+1487 0 -876 0 *
Wi

0101100
+1485 0 -897 0 -875 0 +874 0 *
Fa
0  1e-07 167 0

0101000
+873 0 *
Ve
1.00000036729607e-07
8.32445223863942e-15 74.98 114.2
0 0

0101101
*
Ed
 1e-07 1 1 0
1  568 0 6.16315329864395 6.28318530717959
2  1107 168 0 6.16315329864395 6.28318530717959
2  1108 255 0 6.16315329864395 6.28318530717959
2  1109 251 0 6.16315329864395 6.28318530717959
0

0101000
+876 0 -871 0 *
Ve
1.00001751587085e-07
-8.97840403865235 74.440504168891 114.2
0 0

0101101
*
Ed
 1.00000003552714e-07 1 1 0
1  569 0 0.752105460835736 1.570796326795
2  1110 170 0 0.752105460835736 1.570796326795
2  1111 256 0 0.752105460835736 1.570796326795
2  1112 251 0 0.752105460835736 1.570796326795
0

0101000
+869 0 -881 0 *
Ed
 1.00000000111022e-07 1 1 0
1  570 0 0 0.120032008535633
2  1113 169 0 0 0.120032008535633
2  1114 257 0 0 0.120032008535633
2  1115 251 0 0 0.120032008535633
0

0101000
+871 0 -869 0 *
Wi

0101100
+870 0 +875 0 -895 0 -890 0 -884 0 +879 0 +868 0 +867 0 *
Fa
0  1e-07 251 0

0111000
+866 0 *
Ed
 1.00000386679061e-07 1 1 0
1  571 0 13.5 14.2
2  1116 170 0 13.5 14.2
2  1117 169 0 13.5 14.2
0

0101000
+1477 0 -869 0 *
Wi

0101100
-864 0 -868 0 +880 0 +1471 0 *
Fa
0  1e-07 170 0

0101000
+863 0 *
Ed
 1.00000018364803e-07 1 1 0
1  572 0 0.799999999999997 1.5
2  1118 168 0 0.799999999999997 1.5
2  1119 169 0 0.799999999999997 1.5
4 CN 168 0 169 0
0

0101000
+871 0 -1482 0 *
Wi

0101100
+874 0 -1481 0 +861 0 +870 0 *
Fa
0  1e-07 168 0

0101000
+860 0 *
Wi

0101100
-1476 0 -864 0 +867 0 -861 0 *
Fa
0  1e-07 169 0

0101000
+858 0 *
Sh

0101100
-899 0 -892 0 +887 0 +882 0 +877 0 -1150 0 -1152 0 +872 0 +865 0 -1155 0 
+862 0 -859 0 -857 0 *
So

0100000
+856 0 *
Ve
1e-07
-9.61204845804599 72.98 115
0 0

0101101
*
Ed
 1e-07 1 1 0
1  573 0 32.0138458893594 35.98
2  1120 246 0 32.0138458893594 35.98
2  1121 253 0 32.0138458893594 35.98
2  1122 258 0 32.0138458893594 35.98
0

0101000
+903 0 -854 0 *
Ve
1.00000386679061e-07
-8.97840403865099 74.440504168891 115
0 0

0101101
*
Ed
 1e-07 1 1 0
1  574 0 2.32290178763074 3.14159265358979
2  1123 256 0 2.32290178763074 3.14159265358979
2  1124 259 0 2.32290178763074 3.14159265358979
2  1125 246 0 2.32290178763074 3.14159265358979
0

0101000
+852 0 -854 0 *
Ve
1.00000039740304e-07
2.0367242833705e-14 74.98 115
0 0

0101101
*
Ed
 1.00000000888178e-07 1 1 0
1  575 0 0 0.120032008535615
2  1126 257 0 0 0.120032008535615
2  1127 260 0 0 0.120032008535615
2  1128 246 0 0 0.120032008535615
0

0101000
+850 0 -852 0 *
Ve
1.00000390216718e-07
8.97840403865101 74.440504168891 115
0 0

0101101
*
Ed
 1e-07 1 1 0
1  576 0 6.16315329864397 6.28318530717959
2  1129 255 0 6.16315329864397 6.28318530717959
2  1130 261 0 6.16315329864397 6.28318530717959
2  1131 246 0 6.16315329864397 6.28318530717959
0

0101000
+848 0 -850 0 *
Ve
1e-07
9.61204845804601 72.98 115
0 0

0101101
*
Ed
 1e-07 1 1 0
1  577 0 5.46449444122053 6.28318530717959
2  1132 254 0 5.46449444122053 6.28318530717959
2  1133 262 0 5.46449444122053 6.28318530717959
2  1134 246 0 5.46449444122053 6.28318530717959
0

0101000
+848 0 -846 0 *
Ed
 1e-07 1 1 0
1  578 0 32.0138458893594 35.98
2  1135 246 0 32.0138458893594 35.98
2  1136 252 0 32.0138458893594 35.98
2  1137 263 0 32.0138458893594 35.98
0

0101000
+907 0 -846 0 *
Wi

0101100
-904 0 -902 0 -853 0 +851 0 +849 0 +847 0 -845 0 +844 0 *
Fa
0  1e-07 246 0

0111000
+843 0 *
Ed
 1e-07 1 1 0
1  579 0 14.2 15
2  1138 254 0 14.2 15
4 G1 252 0 254 0
2  1139 252 0 14.2 15
0

0101000
+898 0 -846 0 *
Wi

0101100
-841 0 +844 0 +894 0 +895 0 *
Fa
0  1e-07 252 0

0111000
+840 0 *
Ed
 1.00000390216718e-07 1 1 0
1  580 0 14.2 15
2  1140 254 0 14.2 15
2  1141 255 0 14.2 15
0

0101000
+876 0 -848 0 *
Wi

0101100
+838 0 +875 0 -841 0 +845 0 *
Fa
0  1e-07 254 0

0111000
+837 0 *
Ed
 1.00000036729607e-07 1 1 0
1  581 0 14.4 15.2
2  1142 255 0 14.4 15.2
2  1143 257 0 14.4 15.2
4 CN 255 0 257 0
0

0101000
+871 0 -850 0 *
Wi

0101100
+870 0 -838 0 -847 0 +835 0 *
Fa
0  1e-07 255 0

0111000
+834 0 *
Ed
 1.00000386679061e-07 1 1 0
1  582 0 14.2 15
2  1144 257 0 14.2 15
2  1145 256 0 14.2 15
0

0101000
+869 0 -852 0 *
Wi

0101100
-849 0 +832 0 +867 0 -835 0 *
Fa
0  1e-07 257 0

0111000
+831 0 *
Ed
 1e-07 1 1 0
1  583 0 14.2 15
2  1146 256 0 14.2 15
4 G1 256 0 253 0
2  1147 253 0 14.2 15
0

0101000
+881 0 -854 0 *
Wi

0101100
-832 0 -851 0 +829 0 +868 0 *
Fa
0  1e-07 256 0

0111000
+828 0 *
Wi

0101100
-829 0 +853 0 +885 0 +879 0 *
Fa
0  1e-07 253 0

0111000
+826 0 *
Sh

0101100
+842 0 -887 0 -839 0 +836 0 +833 0 +830 0 +827 0 +825 0 -882 0 -865 0 
*
So

0100000
+824 0 *
Ve
1.000001e-06
9.61204845804603 68.3070195839357 115.452378644051
0 0

0101101
*
Ed
 1.000001e-06 1 1 0
1  584 0 0 0.452378644051291
2  1148 204 0 0 0.452378644051291
2  1149 243 0 0 0.452378644051291
0

0101000
+1492 0 -822 0 *
Ve
1.000001e-06
9.61204845804427 69.0138458893594 115.452378644051
0 0

0101101
*
Ed
 1.000001e-06 1 1 0
1  585 0 0 0.452378644051291
2  1150 245 0 0 0.452378644051291
2  1151 243 0 0 0.452378644051291
2  1152 263 0 0 0.452378644051291
0

0101000
+907 0 -820 0 *
Ed
 1e-07 1 1 0
1  586 0 31.3070195839357 32.0138458893594
2  1153 243 2 31.3070195839357 32.0138458893594
2  1154 264 0 31.3070195839357 32.0138458893594
0

0101000
+822 2 -820 2 *
Wi

0101100
+821 0 -819 0 -906 0 +818 1 *
Fa
0  1e-07 243 0

0101000
+817 0 *
Ve
1e-07
7.73603403558809e-15 69.68 115.452378644051
0 0

0101101
*
Ed
 1e-07 1 1 0
1  587 0 0 0.452378644051291
2  1155 245 0 0 0.452378644051291
2  1156 248 0 0 0.452378644051291
4 C2 245 0 248 0
0

0101000
+905 0 -815 0 *
Ed
 1e-07 1 1 0
1  588 0 6.14479843746376 6.28318530717959
2  1157 245 2 6.14479843746376 6.28318530717959
2  1158 265 0 6.14479843746376 6.28318530717959
2  1159 264 0 6.14479843746376 6.28318530717959
0

0101000
+820 2 -815 2 *
Wi

0101100
+819 0 -814 0 -904 0 +813 1 *
Fa
0  1e-07 245 0

0111000
+812 0 *
Ve
1.000001e-06
-9.61204845804425 69.0138458893594 115.452378644051
0 0

0101101
*
Ed
 1.000001e-06 1 1 0
1  589 0 0 0.452378644051291
2  1160 248 0 0 0.452378644051291
2  1161 250 0 0 0.452378644051291
2  1162 258 0 0 0.452378644051291
0

0101000
+903 0 -810 0 *
Ed
 1e-07 1 1 0
1  590 0 0 0.138386869715829
2  1163 248 2 0 0.138386869715829
2  1164 265 0 0 0.138386869715829
2  1165 264 0 0 0.138386869715829
0

0101000
+815 2 -810 2 *
Wi

0101100
+814 0 -809 0 -902 0 +808 1 *
Fa
0  1e-07 248 0

0111000
+807 0 *
Ve
1.000001e-06
-9.61204845804605 68.3070195839357 115.452378644051
0 0

0101101
*
Ed
 1.000001e-06 1 1 0
1  591 0 0 0.452378644051291
2  1166 205 0 0 0.452378644051291
2  1167 250 0 0 0.452378644051291
0

0101000
+1465 0 -805 0 *
Ed
 1e-07 1 1 0
1  592 0 31.3070195839357 32.0138458893594
2  1168 250 2 31.3070195839357 32.0138458893594
2  1169 264 0 31.3070195839357 32.0138458893594
0

0101000
+805 2 -810 2 *
Wi

0101100
+804 0 -809 0 -901 0 +803 1 *
Fa
0  1e-07 250 0

0101000
+802 0 *
Ve
1e-07
7.65831842386433e-15 68.98 115.452378644051
0 0

0101101
*
Ed
 1e-07 1 1 0
1  593 0 0 0.452378644051291
2  1170 205 0 0 0.452378644051291
2  1171 204 0 0 0.452378644051291
4 C2 205 0 204 0
0

0101000
+1216 0 -800 0 *
Ed
 1e-07 1 1 0
1  594 0 0 0.139800375103356
2  1172 205 2 0 0.139800375103356
2  1173 264 0 0 0.139800375103356
0

0101000
+800 2 -805 2 *
Wi

0101100
+799 0 -804 0 -1214 0 +798 1 *
Fa
0  1e-07 205 0

0101000
+797 0 *
Ed
 1e-07 1 1 0
1  595 0 6.14338493207623 6.28318530717959
2  1174 204 2 6.14338493207623 6.28318530717959
2  1175 264 0 6.14338493207623 6.28318530717959
0

0101000
+822 2 -800 2 *
Wi

0101100
+821 0 -799 0 -1215 0 +795 1 *
Fa
0  1e-07 204 0

0101000
+794 0 *
Wi

0101100
-818 0 -813 0 -808 0 +803 0 +798 0 +795 0 *
Fa
0  1e-07 264 0

0111000
+792 0 *
Sh

0101100
-816 0 -811 0 -806 0 +801 0 +796 0 +793 0 +899 0 -791 1 *
So

0100000
+790 0 *
Ve
1e-07
-9.61204845804599 72.98 115.452378644051
0 0

0101101
*
Ed
 1e-07 1 1 0
1  596 0 0 0.452378644051291
2  1176 259 0 0 0.452378644051291
4 G1 258 0 259 0
2  1177 258 0 0 0.452378644051291
0

0101000
+854 0 -788 0 *
Ed
 1e-07 1 1 0
1  597 0 32.0138458893594 35.98
2  1178 258 2 32.0138458893594 35.98
2  1179 265 0 32.0138458893594 35.98
0

0101000
+810 2 -788 2 *
Wi

0101100
+809 0 -787 0 -853 0 +786 1 *
Fa
0  1e-07 258 0

0111000
+785 0 *
Ve
1.00000386679061e-07
-8.97840403865099 74.440504168891 115.452378644051
0 0

0101101
*
Ed
 1.00000386679061e-07 1 1 0
1  598 0 0 0.452378644051291
2  1180 259 0 0 0.452378644051291
2  1181 260 0 0 0.452378644051291
0

0101000
+852 0 -783 0 *
Ed
 1e-07 1 1 0
1  599 0 2.32290178763074 3.14159265358979
2  1182 259 2 2.32290178763074 3.14159265358979
2  1183 265 0 2.32290178763074 3.14159265358979
0

0101000
+783 2 -788 2 *
Wi

0101100
+782 0 -787 0 -851 0 +781 1 *
Fa
0  1e-07 259 0

0111000
+780 0 *
Ve
1.00000039740304e-07
2.0367242833705e-14 74.98 115.452378644051
0 0

0101101
*
Ed
 1.00000039740304e-07 1 1 0
1  600 0 0 0.452378644051291
2  1184 260 0 0 0.452378644051291
2  1185 261 0 0 0.452378644051291
4 C2 260 0 261 0
0

0101000
+850 0 -778 0 *
Ed
 1.00000000888178e-07 1 1 0
1  601 0 0 0.120032008535615
2  1186 260 2 0 0.120032008535615
2  1187 265 0 0 0.120032008535615
0

0101000
+778 2 -783 2 *
Wi

0101100
+777 0 -782 0 -849 0 +776 1 *
Fa
0  1.00000000888178e-07 260 0

0111000
+775 0 *
Ve
1.00000390216718e-07
8.97840403865101 74.440504168891 115.452378644051
0 0

0101101
*
Ed
 1.00000390216718e-07 1 1 0
1  602 0 0 0.452378644051291
2  1188 261 0 0 0.452378644051291
2  1189 262 0 0 0.452378644051291
0

0101000
+848 0 -773 0 *
Ed
 1e-07 1 1 0
1  603 0 6.16315329864397 6.28318530717959
2  1190 261 2 6.16315329864397 6.28318530717959
2  1191 265 0 6.16315329864397 6.28318530717959
0

0101000
+773 2 -778 2 *
Wi

0101100
+772 0 -777 0 -847 0 +771 1 *
Fa
0  1e-07 261 0

0111000
+770 0 *
Ve
1e-07
9.61204845804601 72.98 115.452378644051
0 0

0101101
*
Ed
 1e-07 1 1 0
1  604 0 0 0.452378644051291
2  1192 262 0 0 0.452378644051291
4 G1 262 0 263 0
2  1193 263 0 0 0.452378644051291
0

0101000
+846 0 -768 0 *
Ed
 1e-07 1 1 0
1  605 0 5.46449444122053 6.28318530717959
2  1194 262 2 5.46449444122053 6.28318530717959
2  1195 265 0 5.46449444122053 6.28318530717959
0

0101000
+773 2 -768 2 *
Wi

0101100
+772 0 -767 0 -845 0 +766 1 *
Fa
0  1e-07 262 0

0111000
+765 0 *
Ed
 1e-07 1 1 0
1  606 0 32.0138458893594 35.98
2  1196 263 2 32.0138458893594 35.98
2  1197 265 0 32.0138458893594 35.98
0

0101000
+820 2 -768 2 *
Wi

0101100
+819 0 -767 0 -844 0 +763 1 *
Fa
0  1e-07 263 0

0111000
+762 0 *
Wi

0101100
-813 0 -808 0 -786 0 +781 0 +776 0 +771 0 -766 0 +763 0 *
Fa
0  1e-07 265 0

0111000
+760 0 *
Sh

0101100
-811 0 -806 0 -784 0 +779 0 +774 0 +769 0 -764 0 +761 0 +842 0 -759 1 
*
So

0100000
-758 0 *
Ve
1.000001e-06
-42.0034137783526 55.5969030699062 115
0 0

0101101
*
Ed
 1e-07 1 1 0
1  607 0 31.3070195839357 32.0138458893594
2  1198 267 0 31.3070195839357 32.0138458893594
2  1199 266 0 31.3070195839357 32.0138458893594
2  1200 268 0 31.3070195839357 32.0138458893594
0

0101000
+1446 0 -756 0 *
Ve
1e-07
-49.2712005130786 49.2712005130786 115
0 0

0101101
*
Ed
 1e-07 1 1 0
1  608 0 6.14479843746376 6.28318530717959
2  1201 269 0 6.14479843746376 6.28318530717959
2  1202 270 0 6.14479843746376 6.28318530717959
2  1203 266 0 6.14479843746376 6.28318530717959
2  1204 271 0 6.14479843746376 6.28318530717959
0

0101000
+756 0 -754 0 *
Ve
1.000001e-06
-55.5969030699062 42.0034137783526 115
0 0

0101101
*
Ed
 1e-07 1 1 0
1  609 0 0 0.138386869715829
2  1205 272 0 0 0.138386869715829
2  1206 273 0 0 0.138386869715829
2  1207 266 0 0 0.138386869715829
2  1208 271 0 0 0.138386869715829
0

0101000
+754 0 -752 0 *
Ed
 1e-07 1 1 0
1  610 0 31.3070195839357 32.0138458893594
2  1209 266 0 31.3070195839357 32.0138458893594
2  1210 274 0 31.3070195839357 32.0138458893594
2  1211 275 0 31.3070195839357 32.0138458893594
0

0101000
+1419 0 -752 0 *
Wi

0101100
-755 0 -753 0 -751 0 +750 0 +1206 0 +1207 0 *
Fa
0  1e-07 266 0

0101000
+749 0 *
Ve
1.5e-07
-44.8079082452162 58.4013975367723 114.2
0 0

0101101
*
Ed
 1e-07 1 1 0
1  611 0 13.5 14.2
2  1212 173 0 13.5 14.2
4 G1 267 0 173 0
2  1213 267 0 13.5 14.2
0

0101000
+1450 0 -747 0 *
Ve
1.00000002131628e-06
-42.5744966007218 56.1679858922779 114.2
0 0

0101101
*
Ed
 1.5e-07 1 1 0
1  612 0 -54.48 -51.321478961994
2  1214 267 0 -54.48 -51.321478961994
2  1215 276 0 -54.48 -51.321478961994
2  1216 277 0 -54.48 -51.321478961994
0

0101000
+747 0 -745 0 *
Ed
 1e-06 1 1 0
1  613 0 0 1
2  1217 269 0 0 1
2  1218 267 0 0 1
2  1219 277 0 0 1
0

0101000
+745 0 -756 0 *
Wi

0101100
-746 0 -744 0 -743 0 +755 0 +1445 0 +1447 0 *
Fa
0  1e-07 267 0

0101000
+742 0 *
Ve
1e-07
-49.8368859380279 49.8368859380279 114.2
0 0

0101101
*
Ed
 1e-07 1 1 0
1  614 0 6.14637916198374 6.28318530717959
2  1220 269 0 6.14637916198374 6.28318530717959
4 G1 269 0 276 0
2  1221 276 0 6.14637916198374 6.28318530717959
0

0101000
+745 0 -740 0 *
Ed
 1e-07 1 1 0
1  615 0 0 1.5707963267949
2  1222 269 0 0 1.5707963267949
2  1223 272 0 0 1.5707963267949
4 CN 269 0 272 0
0

0101000
+740 0 -754 0 *
Wi

0101100
+739 0 -743 0 -753 0 +738 0 *
Fa
0  1e-07 269 0

0111000
+737 0 *
Ve
1.00000000177636e-06
-56.1679858922778 42.5744966007218 114.2
0 0

0101101
*
Ed
 1e-06 1 1 0
1  616 0 0 1
2  1224 272 0 0 1
2  1225 274 0 0 1
2  1226 278 0 0 1
0

0101000
+735 0 -752 0 *
Ed
 1e-07 1 1 0
1  617 0 0 0.136806145195846
2  1227 272 0 0 0.136806145195846
4 G1 272 0 276 0
2  1228 276 0 0 0.136806145195846
0

0101000
+740 0 -735 0 *
Wi

0101100
-738 0 -751 0 +734 0 +733 0 *
Fa
0  1e-07 272 0

0111000
+732 0 *
Ve
1.5e-07
-58.4013975367723 44.8079082452162 114.2
0 0

0101101
*
Ed
 1e-07 1 1 0
1  618 0 13.5 14.2
2  1229 176 0 13.5 14.2
4 G1 274 0 176 0
2  1230 274 0 13.5 14.2
0

0101000
+1426 0 -730 0 *
Ed
 1.5e-07 1 1 0
1  619 0 -54.48 -51.321478961994
2  1231 274 0 -54.48 -51.321478961994
2  1232 276 0 -54.48 -51.321478961994
2  1233 278 0 -54.48 -51.321478961994
0

0101000
+730 0 -735 0 *
Wi

0101100
-729 0 -728 0 -734 0 +750 0 +1418 0 +1420 0 *
Fa
0  1e-07 274 0

0101000
+727 0 *
Ve
1.00002442740623e-07
-46.2886949128045 58.986075672732 114.2
0 0

0101101
*
Ed
 1.00000003552714e-07 1 1 0
1  620 0 4.712388980385 5.53107984634447
2  1234 173 0 4.712388980385 5.53107984634447
2  1235 279 0 4.712388980385 5.53107984634447
2  1236 276 0 4.712388980385 5.53107984634447
0

0101000
+747 0 -725 0 *
Ed
 1.00000390216718e-07 1 1 0
1  621 0 13.5 14.2
2  1237 173 0 13.5 14.2
2  1238 174 0 13.5 14.2
0

0101000
+1441 0 -725 0 *
Wi

0101100
+1439 0 -746 0 -724 0 +723 0 *
Fa
0  1e-07 173 0

0101000
+722 0 *
Ve
1.00000036729607e-07
-53.0188664533673 53.0188664533673 114.2
0 0

0101101
*
Ed
 1e-07 1 1 0
1  622 0 6.16315329864395 6.28318530717959
2  1239 174 0 6.16315329864395 6.28318530717959
2  1240 280 0 6.16315329864395 6.28318530717959
2  1241 276 0 6.16315329864395 6.28318530717959
0

0101000
+725 0 -720 0 *
Ve
1.00001751587085e-07
-58.986075672732 46.2886949128045 114.2
0 0

0101101
*
Ed
 1.00000003552714e-07 1 1 0
1  623 0 0.752105460835736 1.570796326795
2  1242 176 0 0.752105460835736 1.570796326795
2  1243 281 0 0.752105460835736 1.570796326795
2  1244 276 0 0.752105460835736 1.570796326795
0

0101000
+718 0 -730 0 *
Ed
 1.00000000111022e-07 1 1 0
1  624 0 0 0.120032008535633
2  1245 175 0 0 0.120032008535633
2  1246 282 0 0 0.120032008535633
2  1247 276 0 0 0.120032008535633
0

0101000
+720 0 -718 0 *
Wi

0101100
+719 0 +724 0 -744 0 -739 0 -733 0 +728 0 +717 0 +716 0 *
Fa
0  1e-07 276 0

0111000
+715 0 *
Ed
 1.00000386679061e-07 1 1 0
1  625 0 13.5 14.2
2  1248 176 0 13.5 14.2
2  1249 175 0 13.5 14.2
0

0101000
+1431 0 -718 0 *
Wi

0101100
-713 0 -717 0 +729 0 +1425 0 *
Fa
0  1e-07 176 0

0101000
+712 0 *
Ed
 1.00000018364803e-07 1 1 0
1  626 0 0.799999999999997 1.5
2  1250 174 0 0.799999999999997 1.5
2  1251 175 0 0.799999999999997 1.5
4 CN 174 0 175 0
0

0101000
+720 0 -1436 0 *
Wi

0101100
+723 0 -1435 0 +710 0 +719 0 *
Fa
0  1e-07 174 0

0101000
+709 0 *
Wi

0101100
-1430 0 -713 0 +716 0 -710 0 *
Fa
0  1e-07 175 0

0101000
+707 0 *
Sh

0101100
-748 0 -741 0 +736 0 +731 0 +726 0 -1140 0 -1142 0 +721 0 +714 0 -1145 0 
+711 0 -708 0 -706 0 *
So

0100000
+705 0 *
Ve
1e-07
-58.4013975367723 44.8079082452162 115
0 0

0101101
*
Ed
 1e-07 1 1 0
1  627 0 32.0138458893594 35.98
2  1252 271 0 32.0138458893594 35.98
2  1253 278 0 32.0138458893594 35.98
2  1254 283 0 32.0138458893594 35.98
0

0101000
+752 0 -703 0 *
Ve
1.00000386679061e-07
-58.9860756727311 46.2886949128055 115
0 0

0101101
*
Ed
 1e-07 1 1 0
1  628 0 2.32290178763074 3.14159265358979
2  1255 281 0 2.32290178763074 3.14159265358979
2  1256 284 0 2.32290178763074 3.14159265358979
2  1257 271 0 2.32290178763074 3.14159265358979
0

0101000
+701 0 -703 0 *
Ve
1.00000039740304e-07
-53.0188664533673 53.0188664533673 115
0 0

0101101
*
Ed
 1.00000000888178e-07 1 1 0
1  629 0 0 0.120032008535615
2  1258 282 0 0 0.120032008535615
2  1259 285 0 0 0.120032008535615
2  1260 271 0 0 0.120032008535615
0

0101000
+699 0 -701 0 *
Ve
1.00000390216718e-07
-46.2886949128055 58.9860756727311 115
0 0

0101101
*
Ed
 1e-07 1 1 0
1  630 0 6.16315329864397 6.28318530717959
2  1261 280 0 6.16315329864397 6.28318530717959
2  1262 286 0 6.16315329864397 6.28318530717959
2  1263 271 0 6.16315329864397 6.28318530717959
0

0101000
+697 0 -699 0 *
Ve
1e-07
-44.8079082452162 58.4013975367723 115
0 0

0101101
*
Ed
 1e-07 1 1 0
1  631 0 5.46449444122053 6.28318530717959
2  1264 279 0 5.46449444122053 6.28318530717959
2  1265 287 0 5.46449444122053 6.28318530717959
2  1266 271 0 5.46449444122053 6.28318530717959
0

0101000
+697 0 -695 0 *
Ed
 1e-07 1 1 0
1  632 0 32.0138458893594 35.98
2  1267 271 0 32.0138458893594 35.98
2  1268 277 0 32.0138458893594 35.98
2  1269 288 0 32.0138458893594 35.98
0

0101000
+756 0 -695 0 *
Wi

0101100
-753 0 -751 0 -702 0 +700 0 +698 0 +696 0 -694 0 +693 0 *
Fa
0  1e-07 271 0

0111000
+692 0 *
Ed
 1e-07 1 1 0
1  633 0 14.2 15
2  1270 279 0 14.2 15
4 G1 277 0 279 0
2  1271 277 0 14.2 15
0

0101000
+747 0 -695 0 *
Wi

0101100
-690 0 +693 0 +743 0 +744 0 *
Fa
0  1e-07 277 0

0111000
+689 0 *
Ed
 1.00000390216718e-07 1 1 0
1  634 0 14.2 15
2  1272 279 0 14.2 15
2  1273 280 0 14.2 15
0

0101000
+725 0 -697 0 *
Wi

0101100
+687 0 +724 0 -690 0 +694 0 *
Fa
0  1e-07 279 0

0111000
+686 0 *
Ed
 1.00000036729607e-07 1 1 0
1  635 0 14.4 15.2
2  1274 280 0 14.4 15.2
2  1275 282 0 14.4 15.2
4 CN 280 0 282 0
0

0101000
+720 0 -699 0 *
Wi

0101100
+719 0 -687 0 -696 0 +684 0 *
Fa
0  1e-07 280 0

0111000
+683 0 *
Ed
 1.00000386679061e-07 1 1 0
1  636 0 14.2 15
2  1276 282 0 14.2 15
2  1277 281 0 14.2 15
0

0101000
+718 0 -701 0 *
Wi

0101100
-698 0 +681 0 +716 0 -684 0 *
Fa
0  1e-07 282 0

0111000
+680 0 *
Ed
 1e-07 1 1 0
1  637 0 14.2 15
2  1278 281 0 14.2 15
4 G1 281 0 278 0
2  1279 278 0 14.2 15
0

0101000
+730 0 -703 0 *
Wi

0101100
-681 0 -700 0 +678 0 +717 0 *
Fa
0  1e-07 281 0

0111000
+677 0 *
Wi

0101100
-678 0 +702 0 +734 0 +728 0 *
Fa
0  1e-07 278 0

0111000
+675 0 *
Sh

0101100
+691 0 -736 0 -688 0 +685 0 +682 0 +679 0 +676 0 +674 0 -731 0 -714 0 
*
So

0100000
+673 0 *
Ve
1.000001e-06
-41.5036121046652 55.0971013962213 115.452378644051
0 0

0101101
*
Ed
 1.000001e-06 1 1 0
1  638 0 0 0.452378644051291
2  1280 206 0 0 0.452378644051291
2  1281 268 0 0 0.452378644051291
0

0101000
+1446 0 -671 0 *
Ve
1.000001e-06
-42.0034137783526 55.5969030699062 115.452378644051
0 0

0101101
*
Ed
 1.000001e-06 1 1 0
1  639 0 0 0.452378644051291
2  1282 270 0 0 0.452378644051291
2  1283 268 0 0 0.452378644051291
2  1284 288 0 0 0.452378644051291
0

0101000
+756 0 -669 0 *
Ed
 1e-07 1 1 0
1  640 0 31.3070195839357 32.0138458893594
2  1285 268 2 31.3070195839357 32.0138458893594
2  1286 289 0 31.3070195839357 32.0138458893594
0

0101000
+671 2 -669 2 *
Wi

0101100
+670 0 -668 0 -755 0 +667 1 *
Fa
0  1e-07 268 0

0101000
+666 0 *
Ve
1e-07
-49.2712005130786 49.2712005130786 115.452378644051
0 0

0101101
*
Ed
 1e-07 1 1 0
1  641 0 0 0.452378644051291
2  1287 270 0 0 0.452378644051291
2  1288 273 0 0 0.452378644051291
4 C2 270 0 273 0
0

0101000
+754 0 -664 0 *
Ed
 1e-07 1 1 0
1  642 0 6.14479843746376 6.28318530717959
2  1289 270 2 6.14479843746376 6.28318530717959
2  1290 290 0 6.14479843746376 6.28318530717959
2  1291 289 0 6.14479843746376 6.28318530717959
0

0101000
+669 2 -664 2 *
Wi

0101100
+668 0 -663 0 -753 0 +662 1 *
Fa
0  1e-07 270 0

0111000
+661 0 *
Ve
1.000001e-06
-55.5969030699062 42.0034137783526 115.452378644051
0 0

0101101
*
Ed
 1.000001e-06 1 1 0
1  643 0 0 0.452378644051291
2  1292 273 0 0 0.452378644051291
2  1293 275 0 0 0.452378644051291
2  1294 283 0 0 0.452378644051291
0

0101000
+752 0 -659 0 *
Ed
 1e-07 1 1 0
1  644 0 0 0.138386869715829
2  1295 273 2 0 0.138386869715829
2  1296 290 0 0 0.138386869715829
2  1297 289 0 0 0.138386869715829
0

0101000
+664 2 -659 2 *
Wi

0101100
+663 0 -658 0 -751 0 +657 1 *
Fa
0  1e-07 273 0

0111000
+656 0 *
Ve
1.000001e-06
-55.0971013962213 41.5036121046652 115.452378644051
0 0

0101101
*
Ed
 1.000001e-06 1 1 0
1  645 0 0 0.452378644051291
2  1298 207 0 0 0.452378644051291
2  1299 275 0 0 0.452378644051291
0

0101000
+1419 0 -654 0 *
Ed
 1e-07 1 1 0
1  646 0 31.3070195839357 32.0138458893594
2  1300 275 2 31.3070195839357 32.0138458893594
2  1301 289 0 31.3070195839357 32.0138458893594
0

0101000
+654 2 -659 2 *
Wi

0101100
+653 0 -658 0 -750 0 +652 1 *
Fa
0  1e-07 275 0

0101000
+651 0 *
Ve
1e-07
-48.776225766248 48.7762257662481 115.452378644051
0 0

0101101
*
Ed
 1e-07 1 1 0
1  647 0 0 0.452378644051291
2  1302 207 0 0 0.452378644051291
2  1303 206 0 0 0.452378644051291
4 C2 207 0 206 0
0

0101000
+1208 0 -649 0 *
Ed
 1e-07 1 1 0
1  648 0 0 0.139800375103356
2  1304 207 2 0 0.139800375103356
2  1305 289 0 0 0.139800375103356
0

0101000
+649 2 -654 2 *
Wi

0101100
+648 0 -653 0 -1206 0 +647 1 *
Fa
0  1e-07 207 0

0101000
+646 0 *
Ed
 1e-07 1 1 0
1  649 0 6.14338493207623 6.28318530717959
2  1306 206 2 6.14338493207623 6.28318530717959
2  1307 289 0 6.14338493207623 6.28318530717959
0

0101000
+671 2 -649 2 *
Wi

0101100
+670 0 -648 0 -1207 0 +644 1 *
Fa
0  1e-07 206 0

0101000
+643 0 *
Wi

0101100
-667 0 -662 0 -657 0 +652 0 +647 0 +644 0 *
Fa
0  1e-07 289 0

0111000
+641 0 *
Sh

0101100
-665 0 -660 0 -655 0 +650 0 +645 0 +642 0 +748 0 -640 1 *
So

0100000
+639 0 *
Ve
1e-07
-58.4013975367723 44.8079082452162 115.452378644051
0 0

0101101
*
Ed
 1e-07 1 1 0
1  650 0 0 0.452378644051291
2  1308 284 0 0 0.452378644051291
4 G1 283 0 284 0
2  1309 283 0 0 0.452378644051291
0

0101000
+703 0 -637 0 *
Ed
 1e-07 1 1 0
1  651 0 32.0138458893594 35.98
2  1310 290 0 32.0138458893594 35.98
2  1311 283 2 32.0138458893594 35.98
0

0101000
+659 2 -637 2 *
Wi

0101100
+658 0 -636 0 -702 0 +635 1 *
Fa
0  1e-07 283 0

0111000
+634 0 *
Ve
1.00000386679061e-07
-58.9860756727311 46.2886949128055 115.452378644051
0 0

0101101
*
Ed
 1.00000386679061e-07 1 1 0
1  652 0 0 0.452378644051291
2  1312 284 0 0 0.452378644051291
2  1313 285 0 0 0.452378644051291
0

0101000
+701 0 -632 0 *
Ed
 1e-07 1 1 0
1  653 0 2.32290178763074 3.14159265358979
2  1314 284 2 2.32290178763074 3.14159265358979
2  1315 290 0 2.32290178763074 3.14159265358979
0

0101000
+632 2 -637 2 *
Wi

0101100
+631 0 -636 0 -700 0 +630 1 *
Fa
0  1e-07 284 0

0111000
+629 0 *
Ve
1.00000039740304e-07
-53.0188664533673 53.0188664533673 115.452378644051
0 0

0101101
*
Ed
 1.00000039740304e-07 1 1 0
1  654 0 0 0.452378644051291
2  1316 285 0 0 0.452378644051291
2  1317 286 0 0 0.452378644051291
4 C2 285 0 286 0
0

0101000
+699 0 -627 0 *
Ed
 1.00000000888178e-07 1 1 0
1  655 0 0 0.120032008535615
2  1318 285 2 0 0.120032008535615
2  1319 290 0 0 0.120032008535615
0

0101000
+627 2 -632 2 *
Wi

0101100
+626 0 -631 0 -698 0 +625 1 *
Fa
0  1.00000000888178e-07 285 0

0111000
+624 0 *
Ve
1.00000390216718e-07
-46.2886949128055 58.9860756727311 115.452378644051
0 0

0101101
*
Ed
 1.00000390216718e-07 1 1 0
1  656 0 0 0.452378644051291
2  1320 286 0 0 0.452378644051291
2  1321 287 0 0 0.452378644051291
0

0101000
+697 0 -622 0 *
Ed
 1e-07 1 1 0
1  657 0 6.16315329864397 6.28318530717959
2  1322 286 2 6.16315329864397 6.28318530717959
2  1323 290 0 6.16315329864397 6.28318530717959
0

0101000
+622 2 -627 2 *
Wi

0101100
+621 0 -626 0 -696 0 +620 1 *
Fa
0  1e-07 286 0

0111000
+619 0 *
Ve
1e-07
-44.8079082452162 58.4013975367723 115.452378644051
0 0

0101101
*
Ed
 1e-07 1 1 0
1  658 0 0 0.452378644051291
2  1324 287 0 0 0.452378644051291
4 G1 287 0 288 0
2  1325 288 0 0 0.452378644051291
0

0101000
+695 0 -617 0 *
Ed
 1e-07 1 1 0
1  659 0 5.46449444122053 6.28318530717959
2  1326 287 2 5.46449444122053 6.28318530717959
2  1327 290 0 5.46449444122053 6.28318530717959
0

0101000
+622 2 -617 2 *
Wi

0101100
+621 0 -616 0 -694 0 +615 1 *
Fa
0  1e-07 287 0

0111000
+614 0 *
Ed
 1e-07 1 1 0
1  660 0 32.0138458893594 35.98
2  1328 290 0 32.0138458893594 35.98
2  1329 288 2 32.0138458893594 35.98
0

0101000
+669 2 -617 2 *
Wi

0101100
+668 0 -616 0 -693 0 +612 1 *
Fa
0  1e-07 288 0

0111000
+611 0 *
Wi

0101100
-662 0 -657 0 -635 0 +630 0 +625 0 +620 0 -615 0 +612 0 *
Fa
0  1e-07 290 0

0111000
+609 0 *
Sh

0101100
-660 0 -655 0 -633 0 +628 0 +623 0 +618 0 -613 0 +610 0 +691 0 -608 1 
*
So

0100000
-607 0 *
Ve
1.000001e-06
-69.0138458893594 9.61204845804427 115
0 0

0101101
*
Ed
 1e-07 1 1 0
1  661 0 31.3070195839357 32.0138458893594
2  1330 292 0 31.3070195839357 32.0138458893594
2  1331 291 0 31.3070195839357 32.0138458893594
2  1332 293 0 31.3070195839357 32.0138458893594
0

0101000
+1400 0 -605 0 *
Ve
1e-07
-69.68 8.53305707343433e-15 115
0 0

0101101
*
Ed
 1e-07 1 1 0
1  662 0 6.14479843746376 6.28318530717959
2  1333 294 0 6.14479843746376 6.28318530717959
2  1334 295 0 6.14479843746376 6.28318530717959
2  1335 291 0 6.14479843746376 6.28318530717959
2  1336 296 0 6.14479843746376 6.28318530717959
0

0101000
+605 0 -603 0 *
Ve
1.000001e-06
-69.0138458893594 -9.61204845804425 115
0 0

0101101
*
Ed
 1e-07 1 1 0
1  663 0 0 0.138386869715829
2  1337 297 0 0 0.138386869715829
2  1338 298 0 0 0.138386869715829
2  1339 291 0 0 0.138386869715829
2  1340 296 0 0 0.138386869715829
0

0101000
+603 0 -601 0 *
Ed
 1e-07 1 1 0
1  664 0 31.3070195839357 32.0138458893594
2  1341 291 0 31.3070195839357 32.0138458893594
2  1342 299 0 31.3070195839357 32.0138458893594
2  1343 300 0 31.3070195839357 32.0138458893594
0

0101000
+1373 0 -601 0 *
Wi

0101100
-604 0 -602 0 -600 0 +599 0 +1198 0 +1199 0 *
Fa
0  1e-07 291 0

0101000
+598 0 *
Ve
1.5e-07
-72.98 9.61204845804601 114.2
0 0

0101101
*
Ed
 1e-07 1 1 0
1  665 0 13.5 14.2
2  1344 179 0 13.5 14.2
4 G1 292 0 179 0
2  1345 292 0 13.5 14.2
0

0101000
+1404 0 -596 0 *
Ve
1.00000002131628e-06
-69.821478961994 9.61204845804603 114.2
0 0

0101101
*
Ed
 1.5e-07 1 1 0
1  666 0 -54.48 -51.321478961994
2  1346 292 0 -54.48 -51.321478961994
2  1347 301 0 -54.48 -51.321478961994
2  1348 302 0 -54.48 -51.321478961994
0

0101000
+596 0 -594 0 *
Ed
 1e-06 1 1 0
1  667 0 0 1
2  1349 294 0 0 1
2  1350 292 0 0 1
2  1351 302 0 0 1
0

0101000
+594 0 -605 0 *
Wi

0101100
-595 0 -593 0 -592 0 +604 0 +1399 0 +1401 0 *
Fa
0  1e-07 292 0

0101000
+591 0 *
Ve
1e-07
-70.48 8.63102558174012e-15 114.2
0 0

0101101
*
Ed
 1e-07 1 1 0
1  668 0 6.14637916198374 6.28318530717959
2  1352 294 0 6.14637916198374 6.28318530717959
4 G1 294 0 301 0
2  1353 301 0 6.14637916198374 6.28318530717959
0

0101000
+594 0 -589 0 *
Ed
 1e-07 1 1 0
1  669 0 0 1.5707963267949
2  1354 294 0 0 1.5707963267949
2  1355 297 0 0 1.5707963267949
4 CN 294 0 297 0
0

0101000
+589 0 -603 0 *
Wi

0101100
+588 0 -592 0 -602 0 +587 0 *
Fa
0  1e-07 294 0

0111000
+586 0 *
Ve
1.00000000177636e-06
-69.821478961994 -9.61204845804599 114.2
0 0

0101101
*
Ed
 1e-06 1 1 0
1  670 0 0 1
2  1356 297 0 0 1
2  1357 299 0 0 1
2  1358 303 0 0 1
0

0101000
+584 0 -601 0 *
Ed
 1e-07 1 1 0
1  671 0 0 0.136806145195846
2  1359 297 0 0 0.136806145195846
4 G1 297 0 301 0
2  1360 301 0 0 0.136806145195846
0

0101000
+589 0 -584 0 *
Wi

0101100
-587 0 -600 0 +583 0 +582 0 *
Fa
0  1e-07 297 0

0111000
+581 0 *
Ve
1.5e-07
-72.98 -9.61204845804599 114.2
0 0

0101101
*
Ed
 1e-07 1 1 0
1  672 0 13.5 14.2
2  1361 182 0 13.5 14.2
4 G1 299 0 182 0
2  1362 299 0 13.5 14.2
0

0101000
+1380 0 -579 0 *
Ed
 1.5e-07 1 1 0
1  673 0 -54.48 -51.321478961994
2  1363 299 0 -54.48 -51.321478961994
2  1364 301 0 -54.48 -51.321478961994
2  1365 303 0 -54.48 -51.321478961994
0

0101000
+579 0 -584 0 *
Wi

0101100
-578 0 -577 0 -583 0 +599 0 +1372 0 +1374 0 *
Fa
0  1e-07 299 0

0101000
+576 0 *
Ve
1.00002442740623e-07
-74.440504168891 8.97840403865234 114.2
0 0

0101101
*
Ed
 1.00000003552714e-07 1 1 0
1  674 0 4.712388980385 5.53107984634447
2  1366 179 0 4.712388980385 5.53107984634447
2  1367 304 0 4.712388980385 5.53107984634447
2  1368 301 0 4.712388980385 5.53107984634447
0

0101000
+596 0 -574 0 *
Ed
 1.00000390216718e-07 1 1 0
1  675 0 13.5 14.2
2  1369 179 0 13.5 14.2
2  1370 180 0 13.5 14.2
0

0101000
+1395 0 -574 0 *
Wi

0101100
+1393 0 -595 0 -573 0 +572 0 *
Fa
0  1e-07 179 0

0101000
+571 0 *
Ve
1.00000036729607e-07
-74.98 9.18209844096019e-15 114.2
0 0

0101101
*
Ed
 1e-07 1 1 0
1  676 0 6.16315329864395 6.28318530717959
2  1371 180 0 6.16315329864395 6.28318530717959
2  1372 305 0 6.16315329864395 6.28318530717959
2  1373 301 0 6.16315329864395 6.28318530717959
0

0101000
+574 0 -569 0 *
Ve
1.00001751587085e-07
-74.440504168891 -8.97840403865235 114.2
0 0

0101101
*
Ed
 1.00000003552714e-07 1 1 0
1  677 0 0.752105460835736 1.570796326795
2  1374 182 0 0.752105460835736 1.570796326795
2  1375 306 0 0.752105460835736 1.570796326795
2  1376 301 0 0.752105460835736 1.570796326795
0

0101000
+567 0 -579 0 *
Ed
 1.00000000111022e-07 1 1 0
1  678 0 0 0.120032008535633
2  1377 181 0 0 0.120032008535633
2  1378 307 0 0 0.120032008535633
2  1379 301 0 0 0.120032008535633
0

0101000
+569 0 -567 0 *
Wi

0101100
+568 0 +573 0 -593 0 -588 0 -582 0 +577 0 +566 0 +565 0 *
Fa
0  1e-07 301 0

0111000
+564 0 *
Ed
 1.00000386679061e-07 1 1 0
1  679 0 13.5 14.2
2  1380 182 0 13.5 14.2
2  1381 181 0 13.5 14.2
0

0101000
+1385 0 -567 0 *
Wi

0101100
-562 0 -566 0 +578 0 +1379 0 *
Fa
0  1e-07 182 0

0101000
+561 0 *
Ed
 1.00000018364803e-07 1 1 0
1  680 0 0.799999999999997 1.5
2  1382 180 0 0.799999999999997 1.5
2  1383 181 0 0.799999999999997 1.5
4 CN 180 0 181 0
0

0101000
+569 0 -1390 0 *
Wi

0101100
+572 0 -1389 0 +559 0 +568 0 *
Fa
0  1e-07 180 0

0101000
+558 0 *
Wi

0101100
-1384 0 -562 0 +565 0 -559 0 *
Fa
0  1e-07 181 0

0101000
+556 0 *
Sh

0101100
-597 0 -590 0 +585 0 +580 0 +575 0 -1130 0 -1132 0 +570 0 +563 0 -1135 0 
+560 0 -557 0 -555 0 *
So

0100000
+554 0 *
Ve
1e-07
-72.98 -9.61204845804599 115
0 0

0101101
*
Ed
 1e-07 1 1 0
1  681 0 32.0138458893594 35.98
2  1384 296 0 32.0138458893594 35.98
2  1385 303 0 32.0138458893594 35.98
2  1386 308 0 32.0138458893594 35.98
0

0101000
+601 0 -552 0 *
Ve
1.00000386679061e-07
-74.440504168891 -8.97840403865099 115
0 0

0101101
*
Ed
 1e-07 1 1 0
1  682 0 2.32290178763074 3.14159265358979
2  1387 306 0 2.32290178763074 3.14159265358979
2  1388 309 0 2.32290178763074 3.14159265358979
2  1389 296 0 2.32290178763074 3.14159265358979
0

0101000
+550 0 -552 0 *
Ve
1.00000039740304e-07
-74.98 2.12248890360258e-14 115
0 0

0101101
*
Ed
 1.00000000888178e-07 1 1 0
1  683 0 0 0.120032008535615
2  1390 307 0 0 0.120032008535615
2  1391 310 0 0 0.120032008535615
2  1392 296 0 0 0.120032008535615
0

0101000
+548 0 -550 0 *
Ve
1.00000390216718e-07
-74.440504168891 8.97840403865101 115
0 0

0101101
*
Ed
 1e-07 1 1 0
1  684 0 6.16315329864397 6.28318530717959
2  1393 305 0 6.16315329864397 6.28318530717959
2  1394 311 0 6.16315329864397 6.28318530717959
2  1395 296 0 6.16315329864397 6.28318530717959
0

0101000
+546 0 -548 0 *
Ve
1e-07
-72.98 9.61204845804601 115
0 0

0101101
*
Ed
 1e-07 1 1 0
1  685 0 5.46449444122053 6.28318530717959
2  1396 304 0 5.46449444122053 6.28318530717959
2  1397 312 0 5.46449444122053 6.28318530717959
2  1398 296 0 5.46449444122053 6.28318530717959
0

0101000
+546 0 -544 0 *
Ed
 1e-07 1 1 0
1  686 0 32.0138458893594 35.98
2  1399 296 0 32.0138458893594 35.98
2  1400 302 0 32.0138458893594 35.98
2  1401 313 0 32.0138458893594 35.98
0

0101000
+605 0 -544 0 *
Wi

0101100
-602 0 -600 0 -551 0 +549 0 +547 0 +545 0 -543 0 +542 0 *
Fa
0  1e-07 296 0

0111000
+541 0 *
Ed
 1e-07 1 1 0
1  687 0 14.2 15
2  1402 304 0 14.2 15
4 G1 302 0 304 0
2  1403 302 0 14.2 15
0

0101000
+596 0 -544 0 *
Wi

0101100
-539 0 +542 0 +592 0 +593 0 *
Fa
0  1e-07 302 0

0111000
+538 0 *
Ed
 1.00000390216718e-07 1 1 0
1  688 0 14.2 15
2  1404 304 0 14.2 15
2  1405 305 0 14.2 15
0

0101000
+574 0 -546 0 *
Wi

0101100
+536 0 +573 0 -539 0 +543 0 *
Fa
0  1e-07 304 0

0111000
+535 0 *
Ed
 1.00000036729607e-07 1 1 0
1  689 0 14.4 15.2
2  1406 305 0 14.4 15.2
2  1407 307 0 14.4 15.2
4 CN 305 0 307 0
0

0101000
+569 0 -548 0 *
Wi

0101100
+568 0 -536 0 -545 0 +533 0 *
Fa
0  1e-07 305 0

0111000
+532 0 *
Ed
 1.00000386679061e-07 1 1 0
1  690 0 14.2 15
2  1408 307 0 14.2 15
2  1409 306 0 14.2 15
0

0101000
+567 0 -550 0 *
Wi

0101100
-547 0 +530 0 +565 0 -533 0 *
Fa
0  1e-07 307 0

0111000
+529 0 *
Ed
 1e-07 1 1 0
1  691 0 14.2 15
2  1410 306 0 14.2 15
4 G1 306 0 303 0
2  1411 303 0 14.2 15
0

0101000
+579 0 -552 0 *
Wi

0101100
-530 0 -549 0 +527 0 +566 0 *
Fa
0  1e-07 306 0

0111000
+526 0 *
Wi

0101100
-527 0 +551 0 +583 0 +577 0 *
Fa
0  1e-07 303 0

0111000
+524 0 *
Sh

0101100
+540 0 -585 0 -537 0 +534 0 +531 0 +528 0 +525 0 +523 0 -580 0 -563 0 
*
So

0100000
+522 0 *
Ve
1.000001e-06
-68.3070195839357 9.61204845804603 115.452378644051
0 0

0101101
*
Ed
 1.000001e-06 1 1 0
1  692 0 0 0.452378644051291
2  1412 208 0 0 0.452378644051291
2  1413 293 0 0 0.452378644051291
0

0101000
+1400 0 -520 0 *
Ve
1.000001e-06
-69.0138458893594 9.61204845804427 115.452378644051
0 0

0101101
*
Ed
 1.000001e-06 1 1 0
1  693 0 0 0.452378644051291
2  1414 295 0 0 0.452378644051291
2  1415 293 0 0 0.452378644051291
2  1416 313 0 0 0.452378644051291
0

0101000
+605 0 -518 0 *
Ed
 1e-07 1 1 0
1  694 0 31.3070195839357 32.0138458893594
2  1417 293 2 31.3070195839357 32.0138458893594
2  1418 314 0 31.3070195839357 32.0138458893594
0

0101000
+520 2 -518 2 *
Wi

0101100
+519 0 -517 0 -604 0 +516 1 *
Fa
0  1e-07 293 0

0101000
+515 0 *
Ve
1e-07
-69.68 8.53305707343433e-15 115.452378644051
0 0

0101101
*
Ed
 1e-07 1 1 0
1  695 0 0 0.452378644051291
2  1419 295 0 0 0.452378644051291
2  1420 298 0 0 0.452378644051291
4 C2 295 0 298 0
0

0101000
+603 0 -513 0 *
Ed
 1e-07 1 1 0
1  696 0 6.14479843746376 6.28318530717959
2  1421 295 2 6.14479843746376 6.28318530717959
2  1422 315 0 6.14479843746376 6.28318530717959
2  1423 314 0 6.14479843746376 6.28318530717959
0

0101000
+518 2 -513 2 *
Wi

0101100
+517 0 -512 0 -602 0 +511 1 *
Fa
0  1e-07 295 0

0111000
+510 0 *
Ve
1.000001e-06
-69.0138458893594 -9.61204845804425 115.452378644051
0 0

0101101
*
Ed
 1.000001e-06 1 1 0
1  697 0 0 0.452378644051291
2  1424 298 0 0 0.452378644051291
2  1425 300 0 0 0.452378644051291
2  1426 308 0 0 0.452378644051291
0

0101000
+601 0 -508 0 *
Ed
 1e-07 1 1 0
1  698 0 0 0.138386869715829
2  1427 298 2 0 0.138386869715829
2  1428 315 0 0 0.138386869715829
2  1429 314 0 0 0.138386869715829
0

0101000
+513 2 -508 2 *
Wi

0101100
+512 0 -507 0 -600 0 +506 1 *
Fa
0  1e-07 298 0

0111000
+505 0 *
Ve
1.000001e-06
-68.3070195839357 -9.61204845804605 115.452378644051
0 0

0101101
*
Ed
 1.000001e-06 1 1 0
1  699 0 0 0.452378644051291
2  1430 209 0 0 0.452378644051291
2  1431 300 0 0 0.452378644051291
0

0101000
+1373 0 -503 0 *
Ed
 1e-07 1 1 0
1  700 0 31.3070195839357 32.0138458893594
2  1432 300 2 31.3070195839357 32.0138458893594
2  1433 314 0 31.3070195839357 32.0138458893594
0

0101000
+503 2 -508 2 *
Wi

0101100
+502 0 -507 0 -599 0 +501 1 *
Fa
0  1e-07 300 0

0101000
+500 0 *
Ve
1e-07
-68.98 8.44733462866676e-15 115.452378644051
0 0

0101101
*
Ed
 1e-07 1 1 0
1  701 0 0 0.452378644051291
2  1434 209 0 0 0.452378644051291
2  1435 208 0 0 0.452378644051291
4 C2 209 0 208 0
0

0101000
+1200 0 -498 0 *
Ed
 1e-07 1 1 0
1  702 0 0 0.139800375103356
2  1436 209 2 0 0.139800375103356
2  1437 314 0 0 0.139800375103356
0

0101000
+498 2 -503 2 *
Wi

0101100
+497 0 -502 0 -1198 0 +496 1 *
Fa
0  1e-07 209 0

0101000
+495 0 *
Ed
 1e-07 1 1 0
1  703 0 6.14338493207623 6.28318530717959
2  1438 208 2 6.14338493207623 6.28318530717959
2  1439 314 0 6.14338493207623 6.28318530717959
0

0101000
+520 2 -498 2 *
Wi

0101100
+519 0 -497 0 -1199 0 +493 1 *
Fa
0  1e-07 208 0

0101000
+492 0 *
Wi

0101100
-516 0 -511 0 -506 0 +501 0 +496 0 +493 0 *
Fa
0  1e-07 314 0

0111000
+490 0 *
Sh

0101100
-514 0 -509 0 -504 0 +499 0 +494 0 +491 0 +597 0 -489 1 *
So

0100000
+488 0 *
Ve
1e-07
-72.98 -9.61204845804599 115.452378644051
0 0

0101101
*
Ed
 1e-07 1 1 0
1  704 0 0 0.452378644051291
2  1440 309 0 0 0.452378644051291
4 G1 308 0 309 0
2  1441 308 0 0 0.452378644051291
0

0101000
+552 0 -486 0 *
Ed
 1e-07 1 1 0
1  705 0 32.0138458893594 35.98
2  1442 308 2 32.0138458893594 35.98
2  1443 315 0 32.0138458893594 35.98
0

0101000
+508 2 -486 2 *
Wi

0101100
+507 0 -485 0 -551 0 +484 1 *
Fa
0  1e-07 308 0

0111000
+483 0 *
Ve
1.00000386679061e-07
-74.440504168891 -8.97840403865099 115.452378644051
0 0

0101101
*
Ed
 1.00000386679061e-07 1 1 0
1  706 0 0 0.452378644051291
2  1444 309 0 0 0.452378644051291
2  1445 310 0 0 0.452378644051291
0

0101000
+550 0 -481 0 *
Ed
 1e-07 1 1 0
1  707 0 2.32290178763074 3.14159265358979
2  1446 309 2 2.32290178763074 3.14159265358979
2  1447 315 0 2.32290178763074 3.14159265358979
0

0101000
+481 2 -486 2 *
Wi

0101100
+480 0 -485 0 -549 0 +479 1 *
Fa
0  1e-07 309 0

0111000
+478 0 *
Ve
1.00000039740304e-07
-74.98 2.12248890360258e-14 115.452378644051
0 0

0101101
*
Ed
 1.00000039740304e-07 1 1 0
1  708 0 0 0.452378644051291
2  1448 310 0 0 0.452378644051291
2  1449 311 0 0 0.452378644051291
4 C2 310 0 311 0
0

0101000
+548 0 -476 0 *
Ed
 1.00000000888178e-07 1 1 0
1  709 0 0 0.120032008535615
2  1450 310 2 0 0.120032008535615
2  1451 315 0 0 0.120032008535615
0

0101000
+476 2 -481 2 *
Wi

0101100
+475 0 -480 0 -547 0 +474 1 *
Fa
0  1.00000000888178e-07 310 0

0111000
+473 0 *
Ve
1.00000390216718e-07
-74.440504168891 8.97840403865101 115.452378644051
0 0

0101101
*
Ed
 1.00000390216718e-07 1 1 0
1  710 0 0 0.452378644051291
2  1452 311 0 0 0.452378644051291
2  1453 312 0 0 0.452378644051291
0

0101000
+546 0 -471 0 *
Ed
 1e-07 1 1 0
1  711 0 6.16315329864397 6.28318530717959
2  1454 311 2 6.16315329864397 6.28318530717959
2  1455 315 0 6.16315329864397 6.28318530717959
0

0101000
+471 2 -476 2 *
Wi

0101100
+470 0 -475 0 -545 0 +469 1 *
Fa
0  1e-07 311 0

0111000
+468 0 *
Ve
1e-07
-72.98 9.61204845804601 115.452378644051
0 0

0101101
*
Ed
 1e-07 1 1 0
1  712 0 0 0.452378644051291
2  1456 312 0 0 0.452378644051291
4 G1 312 0 313 0
2  1457 313 0 0 0.452378644051291
0

0101000
+544 0 -466 0 *
Ed
 1e-07 1 1 0
1  713 0 5.46449444122053 6.28318530717959
2  1458 312 2 5.46449444122053 6.28318530717959
2  1459 315 0 5.46449444122053 6.28318530717959
0

0101000
+471 2 -466 2 *
Wi

0101100
+470 0 -465 0 -543 0 +464 1 *
Fa
0  1e-07 312 0

0111000
+463 0 *
Ed
 1e-07 1 1 0
1  714 0 32.0138458893594 35.98
2  1460 313 2 32.0138458893594 35.98
2  1461 315 0 32.0138458893594 35.98
0

0101000
+518 2 -466 2 *
Wi

0101100
+517 0 -465 0 -542 0 +461 1 *
Fa
0  1e-07 313 0

0111000
+460 0 *
Wi

0101100
-511 0 -506 0 -484 0 +479 0 +474 0 +469 0 -464 0 +461 0 *
Fa
0  1e-07 315 0

0111000
+458 0 *
Sh

0101100
-509 0 -504 0 -482 0 +477 0 +472 0 +467 0 -462 0 +459 0 +540 0 -457 1 
*
So

0100000
-456 0 *
Ve
1.000001e-06
-55.5969030699062 -42.0034137783526 115
0 0

0101101
*
Ed
 1e-07 1 1 0
1  715 0 31.3070195839357 32.0138458893594
2  1462 317 0 31.3070195839357 32.0138458893594
2  1463 316 0 31.3070195839357 32.0138458893594
2  1464 318 0 31.3070195839357 32.0138458893594
0

0101000
+1354 0 -454 0 *
Ve
1e-07
-49.2712005130786 -49.2712005130786 115
0 0

0101101
*
Ed
 1e-07 1 1 0
1  716 0 6.14479843746376 6.28318530717959
2  1465 319 0 6.14479843746376 6.28318530717959
2  1466 320 0 6.14479843746376 6.28318530717959
2  1467 316 0 6.14479843746376 6.28318530717959
2  1468 321 0 6.14479843746376 6.28318530717959
0

0101000
+454 0 -452 0 *
Ve
1.000001e-06
-42.0034137783526 -55.5969030699062 115
0 0

0101101
*
Ed
 1e-07 1 1 0
1  717 0 0 0.138386869715829
2  1469 322 0 0 0.138386869715829
2  1470 323 0 0 0.138386869715829
2  1471 316 0 0 0.138386869715829
2  1472 321 0 0 0.138386869715829
0

0101000
+452 0 -450 0 *
Ed
 1e-07 1 1 0
1  718 0 31.3070195839357 32.0138458893594
2  1473 316 0 31.3070195839357 32.0138458893594
2  1474 324 0 31.3070195839357 32.0138458893594
2  1475 325 0 31.3070195839357 32.0138458893594
0

0101000
+1327 0 -450 0 *
Wi

0101100
-453 0 -451 0 -449 0 +448 0 +1190 0 +1191 0 *
Fa
0  1e-07 316 0

0101000
+447 0 *
Ve
1.5e-07
-58.4013975367723 -44.8079082452162 114.2
0 0

0101101
*
Ed
 1e-07 1 1 0
1  719 0 13.5 14.2
2  1476 185 0 13.5 14.2
4 G1 317 0 185 0
2  1477 317 0 13.5 14.2
0

0101000
+1358 0 -445 0 *
Ve
1.00000002131628e-06
-56.1679858922779 -42.5744966007218 114.2
0 0

0101101
*
Ed
 1.5e-07 1 1 0
1  720 0 -54.48 -51.321478961994
2  1478 317 0 -54.48 -51.321478961994
2  1479 326 0 -54.48 -51.321478961994
2  1480 327 0 -54.48 -51.321478961994
0

0101000
+445 0 -443 0 *
Ed
 1e-06 1 1 0
1  721 0 0 1
2  1481 319 0 0 1
2  1482 317 0 0 1
2  1483 327 0 0 1
0

0101000
+443 0 -454 0 *
Wi

0101100
-444 0 -442 0 -441 0 +453 0 +1353 0 +1355 0 *
Fa
0  1e-07 317 0

0101000
+440 0 *
Ve
1e-07
-49.8368859380279 -49.8368859380279 114.2
0 0

0101101
*
Ed
 1e-07 1 1 0
1  722 0 6.14637916198374 6.28318530717959
2  1484 319 0 6.14637916198374 6.28318530717959
4 G1 319 0 326 0
2  1485 326 0 6.14637916198374 6.28318530717959
0

0101000
+443 0 -438 0 *
Ed
 1e-07 1 1 0
1  723 0 0 1.5707963267949
2  1486 319 0 0 1.5707963267949
2  1487 322 0 0 1.5707963267949
4 CN 319 0 322 0
0

0101000
+438 0 -452 0 *
Wi

0101100
+437 0 -441 0 -451 0 +436 0 *
Fa
0  1e-07 319 0

0111000
+435 0 *
Ve
1.00000000177636e-06
-42.5744966007218 -56.1679858922778 114.2
0 0

0101101
*
Ed
 1e-06 1 1 0
1  724 0 0 1
2  1488 322 0 0 1
2  1489 324 0 0 1
2  1490 328 0 0 1
0

0101000
+433 0 -450 0 *
Ed
 1e-07 1 1 0
1  725 0 0 0.136806145195846
2  1491 322 0 0 0.136806145195846
4 G1 322 0 326 0
2  1492 326 0 0 0.136806145195846
0

0101000
+438 0 -433 0 *
Wi

0101100
-436 0 -449 0 +432 0 +431 0 *
Fa
0  1e-07 322 0

0111000
+430 0 *
Ve
1.5e-07
-44.8079082452162 -58.4013975367723 114.2
0 0

0101101
*
Ed
 1e-07 1 1 0
1  726 0 13.5 14.2
2  1493 188 0 13.5 14.2
4 G1 324 0 188 0
2  1494 324 0 13.5 14.2
0

0101000
+1334 0 -428 0 *
Ed
 1.5e-07 1 1 0
1  727 0 -54.48 -51.321478961994
2  1495 324 0 -54.48 -51.321478961994
2  1496 326 0 -54.48 -51.321478961994
2  1497 328 0 -54.48 -51.321478961994
0

0101000
+428 0 -433 0 *
Wi

0101100
-427 0 -426 0 -432 0 +448 0 +1326 0 +1328 0 *
Fa
0  1e-07 324 0

0101000
+425 0 *
Ve
1.00002442740623e-07
-58.986075672732 -46.2886949128045 114.2
0 0

0101101
*
Ed
 1.00000003552714e-07 1 1 0
1  728 0 4.712388980385 5.53107984634447
2  1498 185 0 4.712388980385 5.53107984634447
2  1499 329 0 4.712388980385 5.53107984634447
2  1500 326 0 4.712388980385 5.53107984634447
0

0101000
+445 0 -423 0 *
Ed
 1.00000390216718e-07 1 1 0
1  729 0 13.5 14.2
2  1501 185 0 13.5 14.2
2  1502 186 0 13.5 14.2
0

0101000
+1349 0 -423 0 *
Wi

0101100
+1347 0 -444 0 -422 0 +421 0 *
Fa
0  1e-07 185 0

0101000
+420 0 *
Ve
1.00000036729607e-07
-53.0188664533673 -53.0188664533673 114.2
0 0

0101101
*
Ed
 1e-07 1 1 0
1  730 0 6.16315329864395 6.28318530717959
2  1503 186 0 6.16315329864395 6.28318530717959
2  1504 330 0 6.16315329864395 6.28318530717959
2  1505 326 0 6.16315329864395 6.28318530717959
0

0101000
+423 0 -418 0 *
Ve
1.00001751587085e-07
-46.2886949128045 -58.986075672732 114.2
0 0

0101101
*
Ed
 1.00000003552714e-07 1 1 0
1  731 0 0.752105460835736 1.570796326795
2  1506 188 0 0.752105460835736 1.570796326795
2  1507 331 0 0.752105460835736 1.570796326795
2  1508 326 0 0.752105460835736 1.570796326795
0

0101000
+416 0 -428 0 *
Ed
 1.00000000111022e-07 1 1 0
1  732 0 0 0.120032008535633
2  1509 187 0 0 0.120032008535633
2  1510 332 0 0 0.120032008535633
2  1511 326 0 0 0.120032008535633
0

0101000
+418 0 -416 0 *
Wi

0101100
+417 0 +422 0 -442 0 -437 0 -431 0 +426 0 +415 0 +414 0 *
Fa
0  1e-07 326 0

0111000
+413 0 *
Ed
 1.00000386679061e-07 1 1 0
1  733 0 13.5 14.2
2  1512 188 0 13.5 14.2
2  1513 187 0 13.5 14.2
0

0101000
+1339 0 -416 0 *
Wi

0101100
-411 0 -415 0 +427 0 +1333 0 *
Fa
0  1e-07 188 0

0101000
+410 0 *
Ed
 1.00000018364803e-07 1 1 0
1  734 0 0.799999999999997 1.5
2  1514 186 0 0.799999999999997 1.5
2  1515 187 0 0.799999999999997 1.5
4 CN 186 0 187 0
0

0101000
+418 0 -1344 0 *
Wi

0101100
+421 0 -1343 0 +408 0 +417 0 *
Fa
0  1e-07 186 0

0101000
+407 0 *
Wi

0101100
-1338 0 -411 0 +414 0 -408 0 *
Fa
0  1e-07 187 0

0101000
+405 0 *
Sh

0101100
-446 0 -439 0 +434 0 +429 0 +424 0 -1120 0 -1122 0 +419 0 +412 0 -1125 0 
+409 0 -406 0 -404 0 *
So

0100000
+403 0 *
Ve
1e-07
-44.8079082452162 -58.4013975367723 115
0 0

0101101
*
Ed
 1e-07 1 1 0
1  735 0 32.0138458893594 35.98
2  1516 321 0 32.0138458893594 35.98
2  1517 328 0 32.0138458893594 35.98
2  1518 333 0 32.0138458893594 35.98
0

0101000
+450 0 -401 0 *
Ve
1.00000386679061e-07
-46.2886949128055 -58.9860756727311 115
0 0

0101101
*
Ed
 1e-07 1 1 0
1  736 0 2.32290178763074 3.14159265358979
2  1519 331 0 2.32290178763074 3.14159265358979
2  1520 334 0 2.32290178763074 3.14159265358979
2  1521 321 0 2.32290178763074 3.14159265358979
0

0101000
+399 0 -401 0 *
Ve
1.00000039740304e-07
-53.0188664533674 -53.0188664533673 115
0 0

0101101
*
Ed
 1.00000000888178e-07 1 1 0
1  737 0 0 0.120032008535615
2  1522 332 0 0 0.120032008535615
2  1523 335 0 0 0.120032008535615
2  1524 321 0 0 0.120032008535615
0

0101000
+397 0 -399 0 *
Ve
1.00000390216718e-07
-58.9860756727311 -46.2886949128055 115
0 0

0101101
*
Ed
 1e-07 1 1 0
1  738 0 6.16315329864397 6.28318530717959
2  1525 330 0 6.16315329864397 6.28318530717959
2  1526 336 0 6.16315329864397 6.28318530717959
2  1527 321 0 6.16315329864397 6.28318530717959
0

0101000
+395 0 -397 0 *
Ve
1e-07
-58.4013975367723 -44.8079082452162 115
0 0

0101101
*
Ed
 1e-07 1 1 0
1  739 0 5.46449444122053 6.28318530717959
2  1528 329 0 5.46449444122053 6.28318530717959
2  1529 337 0 5.46449444122053 6.28318530717959
2  1530 321 0 5.46449444122053 6.28318530717959
0

0101000
+395 0 -393 0 *
Ed
 1e-07 1 1 0
1  740 0 32.0138458893594 35.98
2  1531 321 0 32.0138458893594 35.98
2  1532 327 0 32.0138458893594 35.98
2  1533 338 0 32.0138458893594 35.98
0

0101000
+454 0 -393 0 *
Wi

0101100
-451 0 -449 0 -400 0 +398 0 +396 0 +394 0 -392 0 +391 0 *
Fa
0  1e-07 321 0

0111000
+390 0 *
Ed
 1e-07 1 1 0
1  741 0 14.2 15
2  1534 329 0 14.2 15
4 G1 327 0 329 0
2  1535 327 0 14.2 15
0

0101000
+445 0 -393 0 *
Wi

0101100
-388 0 +391 0 +441 0 +442 0 *
Fa
0  1e-07 327 0

0111000
+387 0 *
Ed
 1.00000390216718e-07 1 1 0
1  742 0 14.2 15
2  1536 329 0 14.2 15
2  1537 330 0 14.2 15
0

0101000
+423 0 -395 0 *
Wi

0101100
+385 0 +422 0 -388 0 +392 0 *
Fa
0  1e-07 329 0

0111000
+384 0 *
Ed
 1.00000036729607e-07 1 1 0
1  743 0 14.4 15.2
2  1538 330 0 14.4 15.2
2  1539 332 0 14.4 15.2
4 CN 330 0 332 0
0

0101000
+418 0 -397 0 *
Wi

0101100
+417 0 -385 0 -394 0 +382 0 *
Fa
0  1e-07 330 0

0111000
+381 0 *
Ed
 1.00000386679061e-07 1 1 0
1  744 0 14.2 15
2  1540 332 0 14.2 15
2  1541 331 0 14.2 15
0

0101000
+416 0 -399 0 *
Wi

0101100
-396 0 +379 0 +414 0 -382 0 *
Fa
0  1e-07 332 0

0111000
+378 0 *
Ed
 1e-07 1 1 0
1  745 0 14.2 15
2  1542 331 0 14.2 15
4 G1 331 0 328 0
2  1543 328 0 14.2 15
0

0101000
+428 0 -401 0 *
Wi

0101100
-379 0 -398 0 +376 0 +415 0 *
Fa
0  1e-07 331 0

0111000
+375 0 *
Wi

0101100
-376 0 +400 0 +432 0 +426 0 *
Fa
0  1e-07 328 0

0111000
+373 0 *
Sh

0101100
+389 0 -434 0 -386 0 +383 0 +380 0 +377 0 +374 0 +372 0 -429 0 -412 0 
*
So

0100000
+371 0 *
Ve
1.000001e-06
-55.0971013962213 -41.5036121046652 115.452378644051
0 0

0101101
*
Ed
 1.000001e-06 1 1 0
1  746 0 0 0.452378644051291
2  1544 210 0 0 0.452378644051291
2  1545 318 0 0 0.452378644051291
0

0101000
+1354 0 -369 0 *
Ve
1.000001e-06
-55.5969030699062 -42.0034137783526 115.452378644051
0 0

0101101
*
Ed
 1.000001e-06 1 1 0
1  747 0 0 0.452378644051291
2  1546 320 0 0 0.452378644051291
2  1547 318 0 0 0.452378644051291
2  1548 338 0 0 0.452378644051291
0

0101000
+454 0 -367 0 *
Ed
 1e-07 1 1 0
1  748 0 31.3070195839357 32.0138458893594
2  1549 318 2 31.3070195839357 32.0138458893594
2  1550 339 0 31.3070195839357 32.0138458893594
0

0101000
+369 2 -367 2 *
Wi

0101100
+368 0 -366 0 -453 0 +365 1 *
Fa
0  1e-07 318 0

0101000
+364 0 *
Ve
1e-07
-49.2712005130786 -49.2712005130786 115.452378644051
0 0

0101101
*
Ed
 1e-07 1 1 0
1  749 0 0 0.452378644051291
2  1551 320 0 0 0.452378644051291
2  1552 323 0 0 0.452378644051291
4 C2 320 0 323 0
0

0101000
+452 0 -362 0 *
Ed
 1e-07 1 1 0
1  750 0 6.14479843746376 6.28318530717959
2  1553 320 2 6.14479843746376 6.28318530717959
2  1554 340 0 6.14479843746376 6.28318530717959
2  1555 339 0 6.14479843746376 6.28318530717959
0

0101000
+367 2 -362 2 *
Wi

0101100
+366 0 -361 0 -451 0 +360 1 *
Fa
0  1e-07 320 0

0111000
+359 0 *
Ve
1.000001e-06
-42.0034137783526 -55.5969030699062 115.452378644051
0 0

0101101
*
Ed
 1.000001e-06 1 1 0
1  751 0 0 0.452378644051291
2  1556 323 0 0 0.452378644051291
2  1557 325 0 0 0.452378644051291
2  1558 333 0 0 0.452378644051291
0

0101000
+450 0 -357 0 *
Ed
 1e-07 1 1 0
1  752 0 0 0.138386869715829
2  1559 323 2 0 0.138386869715829
2  1560 340 0 0 0.138386869715829
2  1561 339 0 0 0.138386869715829
0

0101000
+362 2 -357 2 *
Wi

0101100
+361 0 -356 0 -449 0 +355 1 *
Fa
0  1e-07 323 0

0111000
+354 0 *
Ve
1.000001e-06
-41.5036121046652 -55.0971013962213 115.452378644051
0 0

0101101
*
Ed
 1.000001e-06 1 1 0
1  753 0 0 0.452378644051291
2  1562 211 0 0 0.452378644051291
2  1563 325 0 0 0.452378644051291
0

0101000
+1327 0 -352 0 *
Ed
 1e-07 1 1 0
1  754 0 31.3070195839357 32.0138458893594
2  1564 325 2 31.3070195839357 32.0138458893594
2  1565 339 0 31.3070195839357 32.0138458893594
0

0101000
+352 2 -357 2 *
Wi

0101100
+351 0 -356 0 -448 0 +350 1 *
Fa
0  1e-07 325 0

0101000
+349 0 *
Ve
1e-07
-48.7762257662481 -48.776225766248 115.452378644051
0 0

0101101
*
Ed
 1e-07 1 1 0
1  755 0 0 0.452378644051291
2  1566 211 0 0 0.452378644051291
2  1567 210 0 0 0.452378644051291
4 C2 211 0 210 0
0

0101000
+1192 0 -347 0 *
Ed
 1e-07 1 1 0
1  756 0 0 0.139800375103356
2  1568 211 2 0 0.139800375103356
2  1569 339 0 0 0.139800375103356
0

0101000
+347 2 -352 2 *
Wi

0101100
+346 0 -351 0 -1190 0 +345 1 *
Fa
0  1e-07 211 0

0101000
+344 0 *
Ed
 1e-07 1 1 0
1  757 0 6.14338493207623 6.28318530717959
2  1570 210 2 6.14338493207623 6.28318530717959
2  1571 339 0 6.14338493207623 6.28318530717959
0

0101000
+369 2 -347 2 *
Wi

0101100
+368 0 -346 0 -1191 0 +342 1 *
Fa
0  1e-07 210 0

0101000
+341 0 *
Wi

0101100
-365 0 -360 0 -355 0 +350 0 +345 0 +342 0 *
Fa
0  1e-07 339 0

0111000
+339 0 *
Sh

0101100
-363 0 -358 0 -353 0 +348 0 +343 0 +340 0 +446 0 -338 1 *
So

0100000
+337 0 *
Ve
1e-07
-44.8079082452162 -58.4013975367723 115.452378644051
0 0

0101101
*
Ed
 1e-07 1 1 0
1  758 0 0 0.452378644051291
2  1572 334 0 0 0.452378644051291
4 G1 333 0 334 0
2  1573 333 0 0 0.452378644051291
0

0101000
+401 0 -335 0 *
Ed
 1e-07 1 1 0
1  759 0 32.0138458893594 35.98
2  1574 340 0 32.0138458893594 35.98
2  1575 333 2 32.0138458893594 35.98
0

0101000
+357 2 -335 2 *
Wi

0101100
+356 0 -334 0 -400 0 +333 1 *
Fa
0  1e-07 333 0

0111000
+332 0 *
Ve
1.00000386679061e-07
-46.2886949128055 -58.9860756727311 115.452378644051
0 0

0101101
*
Ed
 1.00000386679061e-07 1 1 0
1  760 0 0 0.452378644051291
2  1576 334 0 0 0.452378644051291
2  1577 335 0 0 0.452378644051291
0

0101000
+399 0 -330 0 *
Ed
 1e-07 1 1 0
1  761 0 2.32290178763074 3.14159265358979
2  1578 334 2 2.32290178763074 3.14159265358979
2  1579 340 0 2.32290178763074 3.14159265358979
0

0101000
+330 2 -335 2 *
Wi

0101100
+329 0 -334 0 -398 0 +328 1 *
Fa
0  1e-07 334 0

0111000
+327 0 *
Ve
1.00000039740304e-07
-53.0188664533674 -53.0188664533673 115.452378644051
0 0

0101101
*
Ed
 1.00000039740304e-07 1 1 0
1  762 0 0 0.452378644051291
2  1580 335 0 0 0.452378644051291
2  1581 336 0 0 0.452378644051291
4 C2 335 0 336 0
0

0101000
+397 0 -325 0 *
Ed
 1.00000000888178e-07 1 1 0
1  763 0 0 0.120032008535615
2  1582 335 2 0 0.120032008535615
2  1583 340 0 0 0.120032008535615
0

0101000
+325 2 -330 2 *
Wi

0101100
+324 0 -329 0 -396 0 +323 1 *
Fa
0  1.00000000888178e-07 335 0

0111000
+322 0 *
Ve
1.00000390216718e-07
-58.9860756727311 -46.2886949128055 115.452378644051
0 0

0101101
*
Ed
 1.00000390216718e-07 1 1 0
1  764 0 0 0.452378644051291
2  1584 336 0 0 0.452378644051291
2  1585 337 0 0 0.452378644051291
0

0101000
+395 0 -320 0 *
Ed
 1e-07 1 1 0
1  765 0 6.16315329864397 6.28318530717959
2  1586 336 2 6.16315329864397 6.28318530717959
2  1587 340 0 6.16315329864397 6.28318530717959
0

0101000
+320 2 -325 2 *
Wi

0101100
+319 0 -324 0 -394 0 +318 1 *
Fa
0  1e-07 336 0

0111000
+317 0 *
Ve
1e-07
-58.4013975367723 -44.8079082452162 115.452378644051
0 0

0101101
*
Ed
 1e-07 1 1 0
1  766 0 0 0.452378644051291
2  1588 337 0 0 0.452378644051291
4 G1 337 0 338 0
2  1589 338 0 0 0.452378644051291
0

0101000
+393 0 -315 0 *
Ed
 1e-07 1 1 0
1  767 0 5.46449444122053 6.28318530717959
2  1590 337 2 5.46449444122053 6.28318530717959
2  1591 340 0 5.46449444122053 6.28318530717959
0

0101000
+320 2 -315 2 *
Wi

0101100
+319 0 -314 0 -392 0 +313 1 *
Fa
0  1e-07 337 0

0111000
+312 0 *
Ed
 1e-07 1 1 0
1  768 0 32.0138458893594 35.98
2  1592 340 0 32.0138458893594 35.98
2  1593 338 2 32.0138458893594 35.98
0

0101000
+367 2 -315 2 *
Wi

0101100
+366 0 -314 0 -391 0 +310 1 *
Fa
0  1e-07 338 0

0111000
+309 0 *
Wi

0101100
-360 0 -355 0 -333 0 +328 0 +323 0 +318 0 -313 0 +310 0 *
Fa
0  1e-07 340 0

0111000
+307 0 *
Sh

0101100
-358 0 -353 0 -331 0 +326 0 +321 0 +316 0 -311 0 +308 0 +389 0 -306 1 
*
So

0100000
-305 0 *
Ve
1.000001e-06
-9.61204845804428 -69.0138458893594 115
0 0

0101101
*
Ed
 1e-07 1 1 0
1  769 0 31.3070195839357 32.0138458893594
2  1594 342 0 31.3070195839357 32.0138458893594
2  1595 341 0 31.3070195839357 32.0138458893594
2  1596 343 0 31.3070195839357 32.0138458893594
0

0101000
+1308 0 -303 0 *
Ve
1e-07
-1.54720680711762e-14 -69.68 115
0 0

0101101
*
Ed
 1e-07 1 1 0
1  770 0 6.14479843746376 6.28318530717959
2  1597 344 0 6.14479843746376 6.28318530717959
2  1598 345 0 6.14479843746376 6.28318530717959
2  1599 341 0 6.14479843746376 6.28318530717959
2  1600 346 0 6.14479843746376 6.28318530717959
0

0101000
+303 0 -301 0 *
Ve
1.000001e-06
9.61204845804424 -69.0138458893594 115
0 0

0101101
*
Ed
 1e-07 1 1 0
1  771 0 0 0.138386869715829
2  1601 347 0 0 0.138386869715829
2  1602 348 0 0 0.138386869715829
2  1603 341 0 0 0.138386869715829
2  1604 346 0 0 0.138386869715829
0

0101000
+301 0 -299 0 *
Ed
 1e-07 1 1 0
1  772 0 31.3070195839357 32.0138458893594
2  1605 341 0 31.3070195839357 32.0138458893594
2  1606 349 0 31.3070195839357 32.0138458893594
2  1607 350 0 31.3070195839357 32.0138458893594
0

0101000
+1281 0 -299 0 *
Wi

0101100
-302 0 -300 0 -298 0 +297 0 +1182 0 +1183 0 *
Fa
0  1e-07 341 0

0101000
+296 0 *
Ve
1.5e-07
-9.61204845804602 -72.98 114.2
0 0

0101101
*
Ed
 1e-07 1 1 0
1  773 0 13.5 14.2
2  1608 191 0 13.5 14.2
4 G1 342 0 191 0
2  1609 342 0 13.5 14.2
0

0101000
+1312 0 -294 0 *
Ve
1.00000002131628e-06
-9.61204845804604 -69.821478961994 114.2
0 0

0101101
*
Ed
 1.5e-07 1 1 0
1  774 0 -54.48 -51.321478961994
2  1610 342 0 -54.48 -51.321478961994
2  1611 351 0 -54.48 -51.321478961994
2  1612 352 0 -54.48 -51.321478961994
0

0101000
+294 0 -292 0 *
Ed
 1e-06 1 1 0
1  775 0 0 1
2  1613 344 0 0 1
2  1614 342 0 0 1
2  1615 352 0 0 1
0

0101000
+292 0 -303 0 *
Wi

0101100
-293 0 -291 0 -290 0 +302 0 +1307 0 +1309 0 *
Fa
0  1e-07 342 0

0101000
+289 0 *
Ve
1e-07
-1.56497037551162e-14 -70.48 114.2
0 0

0101101
*
Ed
 1e-07 1 1 0
1  776 0 6.14637916198374 6.28318530717959
2  1616 344 0 6.14637916198374 6.28318530717959
4 G1 344 0 351 0
2  1617 351 0 6.14637916198374 6.28318530717959
0

0101000
+292 0 -287 0 *
Ed
 1e-07 1 1 0
1  777 0 0 1.5707963267949
2  1618 344 0 0 1.5707963267949
2  1619 347 0 0 1.5707963267949
4 CN 344 0 347 0
0

0101000
+287 0 -301 0 *
Wi

0101100
+286 0 -290 0 -300 0 +285 0 *
Fa
0  1e-07 344 0

0111000
+284 0 *
Ve
1.00000000177636e-06
9.61204845804598 -69.821478961994 114.2
0 0

0101101
*
Ed
 1e-06 1 1 0
1  778 0 0 1
2  1620 347 0 0 1
2  1621 349 0 0 1
2  1622 353 0 0 1
0

0101000
+282 0 -299 0 *
Ed
 1e-07 1 1 0
1  779 0 0 0.136806145195846
2  1623 347 0 0 0.136806145195846
4 G1 347 0 351 0
2  1624 351 0 0 0.136806145195846
0

0101000
+287 0 -282 0 *
Wi

0101100
-285 0 -298 0 +281 0 +280 0 *
Fa
0  1e-07 347 0

0111000
+279 0 *
Ve
1.5e-07
9.61204845804598 -72.98 114.2
0 0

0101101
*
Ed
 1e-07 1 1 0
1  780 0 13.5 14.2
2  1625 194 0 13.5 14.2
4 G1 349 0 194 0
2  1626 349 0 13.5 14.2
0

0101000
+1288 0 -277 0 *
Ed
 1.5e-07 1 1 0
1  781 0 -54.48 -51.321478961994
2  1627 349 0 -54.48 -51.321478961994
2  1628 351 0 -54.48 -51.321478961994
2  1629 353 0 -54.48 -51.321478961994
0

0101000
+277 0 -282 0 *
Wi

0101100
-276 0 -275 0 -281 0 +297 0 +1280 0 +1282 0 *
Fa
0  1e-07 349 0

0101000
+274 0 *
Ve
1.00002442740623e-07
-8.97840403865235 -74.440504168891 114.2
0 0

0101101
*
Ed
 1.00000003552714e-07 1 1 0
1  782 0 4.712388980385 5.53107984634447
2  1630 191 0 4.712388980385 5.53107984634447
2  1631 354 0 4.712388980385 5.53107984634447
2  1632 351 0 4.712388980385 5.53107984634447
0

0101000
+294 0 -272 0 *
Ed
 1.00000390216718e-07 1 1 0
1  783 0 13.5 14.2
2  1633 191 0 13.5 14.2
2  1634 192 0 13.5 14.2
0

0101000
+1303 0 -272 0 *
Wi

0101100
+1301 0 -293 0 -271 0 +270 0 *
Fa
0  1e-07 191 0

0101000
+269 0 *
Ve
1.00000036729607e-07
-1.66489044772788e-14 -74.98 114.2
0 0

0101101
*
Ed
 1e-07 1 1 0
1  784 0 6.16315329864395 6.28318530717959
2  1635 192 0 6.16315329864395 6.28318530717959
2  1636 355 0 6.16315329864395 6.28318530717959
2  1637 351 0 6.16315329864395 6.28318530717959
0

0101000
+272 0 -267 0 *
Ve
1.00001751587085e-07
8.97840403865234 -74.440504168891 114.2
0 0

0101101
*
Ed
 1.00000003552714e-07 1 1 0
1  785 0 0.752105460835736 1.570796326795
2  1638 194 0 0.752105460835736 1.570796326795
2  1639 356 0 0.752105460835736 1.570796326795
2  1640 351 0 0.752105460835736 1.570796326795
0

0101000
+265 0 -277 0 *
Ed
 1.00000000111022e-07 1 1 0
1  786 0 0 0.120032008535633
2  1641 193 0 0 0.120032008535633
2  1642 357 0 0 0.120032008535633
2  1643 351 0 0 0.120032008535633
0

0101000
+267 0 -265 0 *
Wi

0101100
+266 0 +271 0 -291 0 -286 0 -280 0 +275 0 +264 0 +263 0 *
Fa
0  1e-07 351 0

0111000
+262 0 *
Ed
 1.00000386679061e-07 1 1 0
1  787 0 13.5 14.2
2  1644 194 0 13.5 14.2
2  1645 193 0 13.5 14.2
0

0101000
+1293 0 -265 0 *
Wi

0101100
-260 0 -264 0 +276 0 +1287 0 *
Fa
0  1e-07 194 0

0101000
+259 0 *
Ed
 1.00000018364803e-07 1 1 0
1  788 0 0.799999999999997 1.5
2  1646 192 0 0.799999999999997 1.5
2  1647 193 0 0.799999999999997 1.5
4 CN 192 0 193 0
0

0101000
+267 0 -1298 0 *
Wi

0101100
+270 0 -1297 0 +257 0 +266 0 *
Fa
0  1e-07 192 0

0101000
+256 0 *
Wi

0101100
-1292 0 -260 0 +263 0 -257 0 *
Fa
0  1e-07 193 0

0101000
+254 0 *
Sh

0101100
-295 0 -288 0 +283 0 +278 0 +273 0 -1110 0 -1112 0 +268 0 +261 0 -1115 0 
+258 0 -255 0 -253 0 *
So

0100000
+252 0 *
Ve
1e-07
9.61204845804598 -72.98 115
0 0

0101101
*
Ed
 1e-07 1 1 0
1  789 0 32.0138458893594 35.98
2  1648 346 0 32.0138458893594 35.98
2  1649 353 0 32.0138458893594 35.98
2  1650 358 0 32.0138458893594 35.98
0

0101000
+299 0 -250 0 *
Ve
1.00000386679061e-07
8.97840403865098 -74.440504168891 115
0 0

0101101
*
Ed
 1e-07 1 1 0
1  790 0 2.32290178763074 3.14159265358979
2  1651 356 0 2.32290178763074 3.14159265358979
2  1652 359 0 2.32290178763074 3.14159265358979
2  1653 346 0 2.32290178763074 3.14159265358979
0

0101000
+248 0 -250 0 *
Ve
1.00000039740304e-07
-2.86916950723444e-14 -74.98 115
0 0

0101101
*
Ed
 1.00000000888178e-07 1 1 0
1  791 0 0 0.120032008535615
2  1654 357 0 0 0.120032008535615
2  1655 360 0 0 0.120032008535615
2  1656 346 0 0 0.120032008535615
0

0101000
+246 0 -248 0 *
Ve
1.00000390216718e-07
-8.97840403865102 -74.440504168891 115
0 0

0101101
*
Ed
 1e-07 1 1 0
1  792 0 6.16315329864397 6.28318530717959
2  1657 355 0 6.16315329864397 6.28318530717959
2  1658 361 0 6.16315329864397 6.28318530717959
2  1659 346 0 6.16315329864397 6.28318530717959
0

0101000
+244 0 -246 0 *
Ve
1e-07
-9.61204845804602 -72.98 115
0 0

0101101
*
Ed
 1e-07 1 1 0
1  793 0 5.46449444122053 6.28318530717959
2  1660 354 0 5.46449444122053 6.28318530717959
2  1661 362 0 5.46449444122053 6.28318530717959
2  1662 346 0 5.46449444122053 6.28318530717959
0

0101000
+244 0 -242 0 *
Ed
 1e-07 1 1 0
1  794 0 32.0138458893594 35.98
2  1663 346 0 32.0138458893594 35.98
2  1664 352 0 32.0138458893594 35.98
2  1665 363 0 32.0138458893594 35.98
0

0101000
+303 0 -242 0 *
Wi

0101100
-300 0 -298 0 -249 0 +247 0 +245 0 +243 0 -241 0 +240 0 *
Fa
0  1e-07 346 0

0111000
+239 0 *
Ed
 1e-07 1 1 0
1  795 0 14.2 15
2  1666 354 0 14.2 15
4 G1 352 0 354 0
2  1667 352 0 14.2 15
0

0101000
+294 0 -242 0 *
Wi

0101100
-237 0 +240 0 +290 0 +291 0 *
Fa
0  1e-07 352 0

0111000
+236 0 *
Ed
 1.00000390216718e-07 1 1 0
1  796 0 14.2 15
2  1668 354 0 14.2 15
2  1669 355 0 14.2 15
0

0101000
+272 0 -244 0 *
Wi

0101100
+234 0 +271 0 -237 0 +241 0 *
Fa
0  1e-07 354 0

0111000
+233 0 *
Ed
 1.00000036729607e-07 1 1 0
1  797 0 14.4 15.2
2  1670 355 0 14.4 15.2
2  1671 357 0 14.4 15.2
4 CN 355 0 357 0
0

0101000
+267 0 -246 0 *
Wi

0101100
+266 0 -234 0 -243 0 +231 0 *
Fa
0  1e-07 355 0

0111000
+230 0 *
Ed
 1.00000386679061e-07 1 1 0
1  798 0 14.2 15
2  1672 357 0 14.2 15
2  1673 356 0 14.2 15
0

0101000
+265 0 -248 0 *
Wi

0101100
-245 0 +228 0 +263 0 -231 0 *
Fa
0  1e-07 357 0

0111000
+227 0 *
Ed
 1e-07 1 1 0
1  799 0 14.2 15
2  1674 356 0 14.2 15
4 G1 356 0 353 0
2  1675 353 0 14.2 15
0

0101000
+277 0 -250 0 *
Wi

0101100
-228 0 -247 0 +225 0 +264 0 *
Fa
0  1e-07 356 0

0111000
+224 0 *
Wi

0101100
-225 0 +249 0 +281 0 +275 0 *
Fa
0  1e-07 353 0

0111000
+222 0 *
Sh

0101100
+238 0 -283 0 -235 0 +232 0 +229 0 +226 0 +223 0 +221 0 -278 0 -261 0 
*
So

0100000
+220 0 *
Ve
1.000001e-06
-9.61204845804604 -68.3070195839357 115.452378644051
0 0

0101101
*
Ed
 1.000001e-06 1 1 0
1  800 0 0 0.452378644051291
2  1676 212 0 0 0.452378644051291
2  1677 343 0 0 0.452378644051291
0

0101000
+1308 0 -218 0 *
Ve
1.000001e-06
-9.61204845804428 -69.0138458893594 115.452378644051
0 0

0101101
*
Ed
 1.000001e-06 1 1 0
1  801 0 0 0.452378644051291
2  1678 345 0 0 0.452378644051291
2  1679 343 0 0 0.452378644051291
2  1680 363 0 0 0.452378644051291
0

0101000
+303 0 -216 0 *
Ed
 1e-07 1 1 0
1  802 0 31.3070195839357 32.0138458893594
2  1681 343 2 31.3070195839357 32.0138458893594
2  1682 364 0 31.3070195839357 32.0138458893594
0

0101000
+218 2 -216 2 *
Wi

0101100
+217 0 -215 0 -302 0 +214 1 *
Fa
0  1e-07 343 0

0101000
+213 0 *
Ve
1e-07
-1.54720680711762e-14 -69.68 115.452378644051
0 0

0101101
*
Ed
 1e-07 1 1 0
1  803 0 0 0.452378644051291
2  1683 345 0 0 0.452378644051291
2  1684 348 0 0 0.452378644051291
4 C2 345 0 348 0
0

0101000
+301 0 -211 0 *
Ed
 1e-07 1 1 0
1  804 0 6.14479843746376 6.28318530717959
2  1685 345 2 6.14479843746376 6.28318530717959
2  1686 365 0 6.14479843746376 6.28318530717959
2  1687 364 0 6.14479843746376 6.28318530717959
0

0101000
+216 2 -211 2 *
Wi

0101100
+215 0 -210 0 -300 0 +209 1 *
Fa
0  1e-07 345 0

0111000
+208 0 *
Ve
1.000001e-06
9.61204845804424 -69.0138458893594 115.452378644051
0 0

0101101
*
Ed
 1.000001e-06 1 1 0
1  805 0 0 0.452378644051291
2  1688 348 0 0 0.452378644051291
2  1689 350 0 0 0.452378644051291
2  1690 358 0 0 0.452378644051291
0

0101000
+299 0 -206 0 *
Ed
 1e-07 1 1 0
1  806 0 0 0.138386869715829
2  1691 348 2 0 0.138386869715829
2  1692 365 0 0 0.138386869715829
2  1693 364 0 0 0.138386869715829
0

0101000
+211 2 -206 2 *
Wi

0101100
+210 0 -205 0 -298 0 +204 1 *
Fa
0  1e-07 348 0

0111000
+203 0 *
Ve
1.000001e-06
9.61204845804604 -68.3070195839357 115.452378644051
0 0

0101101
*
Ed
 1.000001e-06 1 1 0
1  807 0 0 0.452378644051291
2  1694 213 0 0 0.452378644051291
2  1695 350 0 0 0.452378644051291
0

0101000
+1281 0 -201 0 *
Ed
 1e-07 1 1 0
1  808 0 31.3070195839357 32.0138458893594
2  1696 350 2 31.3070195839357 32.0138458893594
2  1697 364 0 31.3070195839357 32.0138458893594
0

0101000
+201 2 -206 2 *
Wi

0101100
+200 0 -205 0 -297 0 +199 1 *
Fa
0  1e-07 350 0

0101000
+198 0 *
Ve
1e-07
-1.53166368477287e-14 -68.98 115.452378644051
0 0

0101101
*
Ed
 1e-07 1 1 0
1  809 0 0 0.452378644051291
2  1698 213 0 0 0.452378644051291
2  1699 212 0 0 0.452378644051291
4 C2 213 0 212 0
0

0101000
+1184 0 -196 0 *
Ed
 1e-07 1 1 0
1  810 0 0 0.139800375103356
2  1700 213 2 0 0.139800375103356
2  1701 364 0 0 0.139800375103356
0

0101000
+196 2 -201 2 *
Wi

0101100
+195 0 -200 0 -1182 0 +194 1 *
Fa
0  1e-07 213 0

0101000
+193 0 *
Ed
 1e-07 1 1 0
1  811 0 6.14338493207623 6.28318530717959
2  1702 212 2 6.14338493207623 6.28318530717959
2  1703 364 0 6.14338493207623 6.28318530717959
0

0101000
+218 2 -196 2 *
Wi

0101100
+217 0 -195 0 -1183 0 +191 1 *
Fa
0  1e-07 212 0

0101000
+190 0 *
Wi

0101100
-214 0 -209 0 -204 0 +199 0 +194 0 +191 0 *
Fa
0  1e-07 364 0

0111000
+188 0 *
Sh

0101100
-212 0 -207 0 -202 0 +197 0 +192 0 +189 0 +295 0 -187 1 *
So

0100000
+186 0 *
Ve
1e-07
9.61204845804598 -72.98 115.452378644051
0 0

0101101
*
Ed
 1e-07 1 1 0
1  812 0 0 0.452378644051291
2  1704 359 0 0 0.452378644051291
4 G1 358 0 359 0
2  1705 358 0 0 0.452378644051291
0

0101000
+250 0 -184 0 *
Ed
 1e-07 1 1 0
1  813 0 32.0138458893594 35.98
2  1706 358 2 32.0138458893594 35.98
2  1707 365 0 32.0138458893594 35.98
0

0101000
+206 2 -184 2 *
Wi

0101100
+205 0 -183 0 -249 0 +182 1 *
Fa
0  1e-07 358 0

0111000
+181 0 *
Ve
1.00000386679061e-07
8.97840403865098 -74.440504168891 115.452378644051
0 0

0101101
*
Ed
 1.00000386679061e-07 1 1 0
1  814 0 0 0.452378644051291
2  1708 359 0 0 0.452378644051291
2  1709 360 0 0 0.452378644051291
0

0101000
+248 0 -179 0 *
Ed
 1e-07 1 1 0
1  815 0 2.32290178763074 3.14159265358979
2  1710 359 2 2.32290178763074 3.14159265358979
2  1711 365 0 2.32290178763074 3.14159265358979
0

0101000
+179 2 -184 2 *
Wi

0101100
+178 0 -183 0 -247 0 +177 1 *
Fa
0  1e-07 359 0

0111000
+176 0 *
Ve
1.00000039740304e-07
-2.86916950723444e-14 -74.98 115.452378644051
0 0

0101101
*
Ed
 1.00000039740304e-07 1 1 0
1  816 0 0 0.452378644051291
2  1712 360 0 0 0.452378644051291
2  1713 361 0 0 0.452378644051291
4 C2 360 0 361 0
0

0101000
+246 0 -174 0 *
Ed
 1.00000000888178e-07 1 1 0
1  817 0 0 0.120032008535615
2  1714 360 2 0 0.120032008535615
2  1715 365 0 0 0.120032008535615
0

0101000
+174 2 -179 2 *
Wi

0101100
+173 0 -178 0 -245 0 +172 1 *
Fa
0  1.00000000888178e-07 360 0

0111000
+171 0 *
Ve
1.00000390216718e-07
-8.97840403865102 -74.440504168891 115.452378644051
0 0

0101101
*
Ed
 1.00000390216718e-07 1 1 0
1  818 0 0 0.452378644051291
2  1716 361 0 0 0.452378644051291
2  1717 362 0 0 0.452378644051291
0

0101000
+244 0 -169 0 *
Ed
 1e-07 1 1 0
1  819 0 6.16315329864397 6.28318530717959
2  1718 361 2 6.16315329864397 6.28318530717959
2  1719 365 0 6.16315329864397 6.28318530717959
0

0101000
+169 2 -174 2 *
Wi

0101100
+168 0 -173 0 -243 0 +167 1 *
Fa
0  1e-07 361 0

0111000
+166 0 *
Ve
1e-07
-9.61204845804602 -72.98 115.452378644051
0 0

0101101
*
Ed
 1e-07 1 1 0
1  820 0 0 0.452378644051291
2  1720 362 0 0 0.452378644051291
4 G1 362 0 363 0
2  1721 363 0 0 0.452378644051291
0

0101000
+242 0 -164 0 *
Ed
 1e-07 1 1 0
1  821 0 5.46449444122053 6.28318530717959
2  1722 362 2 5.46449444122053 6.28318530717959
2  1723 365 0 5.46449444122053 6.28318530717959
0

0101000
+169 2 -164 2 *
Wi

0101100
+168 0 -163 0 -241 0 +162 1 *
Fa
0  1e-07 362 0

0111000
+161 0 *
Ed
 1e-07 1 1 0
1  822 0 32.0138458893594 35.98
2  1724 363 2 32.0138458893594 35.98
2  1725 365 0 32.0138458893594 35.98
0

0101000
+216 2 -164 2 *
Wi

0101100
+215 0 -163 0 -240 0 +159 1 *
Fa
0  1e-07 363 0

0111000
+158 0 *
Wi

0101100
-209 0 -204 0 -182 0 +177 0 +172 0 +167 0 -162 0 +159 0 *
Fa
0  1e-07 365 0

0111000
+156 0 *
Sh

0101100
-207 0 -202 0 -180 0 +175 0 +170 0 +165 0 -160 0 +157 0 +238 0 -155 1 
*
So

0100000
-154 0 *
Ve
1.000001e-06
42.0034137783526 -55.5969030699062 115
0 0

0101101
*
Ed
 1e-07 1 1 0
1  823 0 31.3070195839357 32.0138458893594
2  1726 367 0 31.3070195839357 32.0138458893594
2  1727 366 0 31.3070195839357 32.0138458893594
2  1728 368 0 31.3070195839357 32.0138458893594
0

0101000
+1262 0 -152 0 *
Ve
1e-07
49.2712005130786 -49.2712005130786 115
0 0

0101101
*
Ed
 1e-07 1 1 0
1  824 0 6.14479843746376 6.28318530717959
2  1729 369 0 6.14479843746376 6.28318530717959
2  1730 370 0 6.14479843746376 6.28318530717959
2  1731 366 0 6.14479843746376 6.28318530717959
2  1732 371 0 6.14479843746376 6.28318530717959
0

0101000
+152 0 -150 0 *
Ve
1.000001e-06
55.5969030699062 -42.0034137783526 115
0 0

0101101
*
Ed
 1e-07 1 1 0
1  825 0 0 0.138386869715829
2  1733 372 0 0 0.138386869715829
2  1734 373 0 0 0.138386869715829
2  1735 366 0 0 0.138386869715829
2  1736 371 0 0 0.138386869715829
0

0101000
+150 0 -148 0 *
Ed
 1e-07 1 1 0
1  826 0 31.3070195839357 32.0138458893594
2  1737 366 0 31.3070195839357 32.0138458893594
2  1738 374 0 31.3070195839357 32.0138458893594
2  1739 375 0 31.3070195839357 32.0138458893594
0

0101000
+1235 0 -148 0 *
Wi

0101100
-151 0 -149 0 -147 0 +146 0 +1174 0 +1175 0 *
Fa
0  1e-07 366 0

0101000
+145 0 *
Ve
1.5e-07
44.8079082452162 -58.4013975367723 114.2
0 0

0101101
*
Ed
 1e-07 1 1 0
1  827 0 13.5 14.2
2  1740 197 0 13.5 14.2
4 G1 367 0 197 0
2  1741 367 0 13.5 14.2
0

0101000
+1266 0 -143 0 *
Ve
1.00000002131628e-06
42.5744966007218 -56.1679858922779 114.2
0 0

0101101
*
Ed
 1.5e-07 1 1 0
1  828 0 -54.48 -51.321478961994
2  1742 367 0 -54.48 -51.321478961994
2  1743 376 0 -54.48 -51.321478961994
2  1744 377 0 -54.48 -51.321478961994
0

0101000
+143 0 -141 0 *
Ed
 1e-06 1 1 0
1  829 0 0 1
2  1745 369 0 0 1
2  1746 367 0 0 1
2  1747 377 0 0 1
0

0101000
+141 0 -152 0 *
Wi

0101100
-142 0 -140 0 -139 0 +151 0 +1261 0 +1263 0 *
Fa
0  1e-07 367 0

0101000
+138 0 *
Ve
1e-07
49.8368859380279 -49.8368859380279 114.2
0 0

0101101
*
Ed
 1e-07 1 1 0
1  830 0 6.14637916198374 6.28318530717959
2  1748 369 0 6.14637916198374 6.28318530717959
4 G1 369 0 376 0
2  1749 376 0 6.14637916198374 6.28318530717959
0

0101000
+141 0 -136 0 *
Ed
 1e-07 1 1 0
1  831 0 0 1.5707963267949
2  1750 369 0 0 1.5707963267949
2  1751 372 0 0 1.5707963267949
4 CN 369 0 372 0
0

0101000
+136 0 -150 0 *
Wi

0101100
+135 0 -139 0 -149 0 +134 0 *
Fa
0  1e-07 369 0

0111000
+133 0 *
Ve
1.00000000177636e-06
56.1679858922778 -42.5744966007218 114.2
0 0

0101101
*
Ed
 1e-06 1 1 0
1  832 0 0 1
2  1752 372 0 0 1
2  1753 374 0 0 1
2  1754 378 0 0 1
0

0101000
+131 0 -148 0 *
Ed
 1e-07 1 1 0
1  833 0 0 0.136806145195846
2  1755 372 0 0 0.136806145195846
4 G1 372 0 376 0
2  1756 376 0 0 0.136806145195846
0

0101000
+136 0 -131 0 *
Wi

0101100
-134 0 -147 0 +130 0 +129 0 *
Fa
0  1e-07 372 0

0111000
+128 0 *
Ve
1.5e-07
58.4013975367723 -44.8079082452162 114.2
0 0

0101101
*
Ed
 1e-07 1 1 0
1  834 0 13.5 14.2
2  1757 200 0 13.5 14.2
4 G1 374 0 200 0
2  1758 374 0 13.5 14.2
0

0101000
+1242 0 -126 0 *
Ed
 1.5e-07 1 1 0
1  835 0 -54.48 -51.321478961994
2  1759 374 0 -54.48 -51.321478961994
2  1760 376 0 -54.48 -51.321478961994
2  1761 378 0 -54.48 -51.321478961994
0

0101000
+126 0 -131 0 *
Wi

0101100
-125 0 -124 0 -130 0 +146 0 +1234 0 +1236 0 *
Fa
0  1e-07 374 0

0101000
+123 0 *
Ve
1.00002442740623e-07
46.2886949128045 -58.986075672732 114.2
0 0

0101101
*
Ed
 1.00000003552714e-07 1 1 0
1  836 0 4.712388980385 5.53107984634447
2  1762 197 0 4.712388980385 5.53107984634447
2  1763 379 0 4.712388980385 5.53107984634447
2  1764 376 0 4.712388980385 5.53107984634447
0

0101000
+143 0 -121 0 *
Ed
 1.00000390216718e-07 1 1 0
1  837 0 13.5 14.2
2  1765 197 0 13.5 14.2
2  1766 198 0 13.5 14.2
0

0101000
+1257 0 -121 0 *
Wi

0101100
+1255 0 -142 0 -120 0 +119 0 *
Fa
0  1e-07 197 0

0101000
+118 0 *
Ve
1.00000036729607e-07
53.0188664533673 -53.0188664533673 114.2
0 0

0101101
*
Ed
 1e-07 1 1 0
1  838 0 6.16315329864395 6.28318530717959
2  1767 198 0 6.16315329864395 6.28318530717959
2  1768 380 0 6.16315329864395 6.28318530717959
2  1769 376 0 6.16315329864395 6.28318530717959
0

0101000
+121 0 -116 0 *
Ve
1.00001751587085e-07
58.986075672732 -46.2886949128045 114.2
0 0

0101101
*
Ed
 1.00000003552714e-07 1 1 0
1  839 0 0.752105460835736 1.570796326795
2  1770 200 0 0.752105460835736 1.570796326795
2  1771 381 0 0.752105460835736 1.570796326795
2  1772 376 0 0.752105460835736 1.570796326795
0

0101000
+114 0 -126 0 *
Ed
 1.00000000111022e-07 1 1 0
1  840 0 0 0.120032008535633
2  1773 199 0 0 0.120032008535633
2  1774 382 0 0 0.120032008535633
2  1775 376 0 0 0.120032008535633
0

0101000
+116 0 -114 0 *
Wi

0101100
+115 0 +120 0 -140 0 -135 0 -129 0 +124 0 +113 0 +112 0 *
Fa
0  1e-07 376 0

0111000
+111 0 *
Ed
 1.00000386679061e-07 1 1 0
1  841 0 13.5 14.2
2  1776 200 0 13.5 14.2
2  1777 199 0 13.5 14.2
0

0101000
+1247 0 -114 0 *
Wi

0101100
-109 0 -113 0 +125 0 +1241 0 *
Fa
0  1e-07 200 0

0101000
+108 0 *
Ed
 1.00000018364803e-07 1 1 0
1  842 0 0.799999999999997 1.5
2  1778 198 0 0.799999999999997 1.5
2  1779 199 0 0.799999999999997 1.5
4 CN 198 0 199 0
0

0101000
+116 0 -1252 0 *
Wi

0101100
+119 0 -1251 0 +106 0 +115 0 *
Fa
0  1e-07 198 0

0101000
+105 0 *
Wi

0101100
-1246 0 -109 0 +112 0 -106 0 *
Fa
0  1e-07 199 0

0101000
+103 0 *
Sh

0101100
-144 0 -137 0 +132 0 +127 0 +122 0 -1100 0 -1102 0 +117 0 +110 0 -1105 0 
+107 0 -104 0 -102 0 *
So

0100000
+101 0 *
Ve
1e-07
58.4013975367723 -44.8079082452162 115
0 0

0101101
*
Ed
 1e-07 1 1 0
1  843 0 32.0138458893594 35.98
2  1780 371 0 32.0138458893594 35.98
2  1781 378 0 32.0138458893594 35.98
2  1782 383 0 32.0138458893594 35.98
0

0101000
+148 0 -99 0 *
Ve
1.00000386679061e-07
58.9860756727311 -46.2886949128055 115
0 0

0101101
*
Ed
 1e-07 1 1 0
1  844 0 2.32290178763074 3.14159265358979
2  1783 381 0 2.32290178763074 3.14159265358979
2  1784 384 0 2.32290178763074 3.14159265358979
2  1785 371 0 2.32290178763074 3.14159265358979
0

0101000
+97 0 -99 0 *
Ve
1.00000039740304e-07
53.0188664533673 -53.0188664533674 115
0 0

0101101
*
Ed
 1.00000000888178e-07 1 1 0
1  845 0 0 0.120032008535615
2  1786 382 0 0 0.120032008535615
2  1787 385 0 0 0.120032008535615
2  1788 371 0 0 0.120032008535615
0

0101000
+95 0 -97 0 *
Ve
1.00000390216718e-07
46.2886949128055 -58.9860756727311 115
0 0

0101101
*
Ed
 1e-07 1 1 0
1  846 0 6.16315329864397 6.28318530717959
2  1789 380 0 6.16315329864397 6.28318530717959
2  1790 386 0 6.16315329864397 6.28318530717959
2  1791 371 0 6.16315329864397 6.28318530717959
0

0101000
+93 0 -95 0 *
Ve
1e-07
44.8079082452162 -58.4013975367723 115
0 0

0101101
*
Ed
 1e-07 1 1 0
1  847 0 5.46449444122053 6.28318530717959
2  1792 379 0 5.46449444122053 6.28318530717959
2  1793 387 0 5.46449444122053 6.28318530717959
2  1794 371 0 5.46449444122053 6.28318530717959
0

0101000
+93 0 -91 0 *
Ed
 1e-07 1 1 0
1  848 0 32.0138458893594 35.98
2  1795 371 0 32.0138458893594 35.98
2  1796 377 0 32.0138458893594 35.98
2  1797 388 0 32.0138458893594 35.98
0

0101000
+152 0 -91 0 *
Wi

0101100
-149 0 -147 0 -98 0 +96 0 +94 0 +92 0 -90 0 +89 0 *
Fa
0  1e-07 371 0

0111000
+88 0 *
Ed
 1e-07 1 1 0
1  849 0 14.2 15
2  1798 379 0 14.2 15
4 G1 377 0 379 0
2  1799 377 0 14.2 15
0

0101000
+143 0 -91 0 *
Wi

0101100
-86 0 +89 0 +139 0 +140 0 *
Fa
0  1e-07 377 0

0111000
+85 0 *
Ed
 1.00000390216718e-07 1 1 0
1  850 0 14.2 15
2  1800 379 0 14.2 15
2  1801 380 0 14.2 15
0

0101000
+121 0 -93 0 *
Wi

0101100
+83 0 +120 0 -86 0 +90 0 *
Fa
0  1e-07 379 0

0111000
+82 0 *
Ed
 1.00000036729607e-07 1 1 0
1  851 0 14.4 15.2
2  1802 380 0 14.4 15.2
2  1803 382 0 14.4 15.2
4 CN 380 0 382 0
0

0101000
+116 0 -95 0 *
Wi

0101100
+115 0 -83 0 -92 0 +80 0 *
Fa
0  1e-07 380 0

0111000
+79 0 *
Ed
 1.00000386679061e-07 1 1 0
1  852 0 14.2 15
2  1804 382 0 14.2 15
2  1805 381 0 14.2 15
0

0101000
+114 0 -97 0 *
Wi

0101100
-94 0 +77 0 +112 0 -80 0 *
Fa
0  1e-07 382 0

0111000
+76 0 *
Ed
 1e-07 1 1 0
1  853 0 14.2 15
2  1806 381 0 14.2 15
4 G1 381 0 378 0
2  1807 378 0 14.2 15
0

0101000
+126 0 -99 0 *
Wi

0101100
-77 0 -96 0 +74 0 +113 0 *
Fa
0  1e-07 381 0

0111000
+73 0 *
Wi

0101100
-74 0 +98 0 +130 0 +124 0 *
Fa
0  1e-07 378 0

0111000
+71 0 *
Sh

0101100
+87 0 -132 0 -84 0 +81 0 +78 0 +75 0 +72 0 +70 0 -127 0 -110 0 
*
So

0100000
+69 0 *
Ve
1.000001e-06
41.5036121046652 -55.0971013962213 115.452378644051
0 0

0101101
*
Ed
 1.000001e-06 1 1 0
1  854 0 0 0.452378644051291
2  1808 214 0 0 0.452378644051291
2  1809 368 0 0 0.452378644051291
0

0101000
+1262 0 -67 0 *
Ve
1.000001e-06
42.0034137783526 -55.5969030699062 115.452378644051
0 0

0101101
*
Ed
 1.000001e-06 1 1 0
1  855 0 0 0.452378644051291
2  1810 370 0 0 0.452378644051291
2  1811 368 0 0 0.452378644051291
2  1812 388 0 0 0.452378644051291
0

0101000
+152 0 -65 0 *
Ed
 1e-07 1 1 0
1  856 0 31.3070195839357 32.0138458893594
2  1813 368 2 31.3070195839357 32.0138458893594
2  1814 389 0 31.3070195839357 32.0138458893594
0

0101000
+67 2 -65 2 *
Wi

0101100
+66 0 -64 0 -151 0 +63 1 *
Fa
0  1e-07 368 0

0101000
+62 0 *
Ve
1e-07
49.2712005130786 -49.2712005130786 115.452378644051
0 0

0101101
*
Ed
 1e-07 1 1 0
1  857 0 0 0.452378644051291
2  1815 370 0 0 0.452378644051291
2  1816 373 0 0 0.452378644051291
4 C2 370 0 373 0
0

0101000
+150 0 -60 0 *
Ed
 1e-07 1 1 0
1  858 0 6.14479843746376 6.28318530717959
2  1817 370 2 6.14479843746376 6.28318530717959
2  1818 390 0 6.14479843746376 6.28318530717959
2  1819 389 0 6.14479843746376 6.28318530717959
0

0101000
+65 2 -60 2 *
Wi

0101100
+64 0 -59 0 -149 0 +58 1 *
Fa
0  1e-07 370 0

0111000
+57 0 *
Ve
1.000001e-06
55.5969030699062 -42.0034137783526 115.452378644051
0 0

0101101
*
Ed
 1.000001e-06 1 1 0
1  859 0 0 0.452378644051291
2  1820 373 0 0 0.452378644051291
2  1821 375 0 0 0.452378644051291
2  1822 383 0 0 0.452378644051291
0

0101000
+148 0 -55 0 *
Ed
 1e-07 1 1 0
1  860 0 0 0.138386869715829
2  1823 373 2 0 0.138386869715829
2  1824 390 0 0 0.138386869715829
2  1825 389 0 0 0.138386869715829
0

0101000
+60 2 -55 2 *
Wi

0101100
+59 0 -54 0 -147 0 +53 1 *
Fa
0  1e-07 373 0

0111000
+52 0 *
Ve
1.000001e-06
55.0971013962213 -41.5036121046652 115.452378644051
0 0

0101101
*
Ed
 1.000001e-06 1 1 0
1  861 0 0 0.452378644051291
2  1826 215 0 0 0.452378644051291
2  1827 375 0 0 0.452378644051291
0

0101000
+1235 0 -50 0 *
Ed
 1e-07 1 1 0
1  862 0 31.3070195839357 32.0138458893594
2  1828 375 2 31.3070195839357 32.0138458893594
2  1829 389 0 31.3070195839357 32.0138458893594
0

0101000
+50 2 -55 2 *
Wi

0101100
+49 0 -54 0 -146 0 +48 1 *
Fa
0  1e-07 375 0

0101000
+47 0 *
Ve
1e-07
48.776225766248 -48.7762257662481 115.452378644051
0 0

0101101
*
Ed
 1e-07 1 1 0
1  863 0 0 0.452378644051291
2  1830 215 0 0 0.452378644051291
2  1831 214 0 0 0.452378644051291
4 C2 215 0 214 0
0

0101000
+1176 0 -45 0 *
Ed
 1e-07 1 1 0
1  864 0 0 0.139800375103356
2  1832 215 2 0 0.139800375103356
2  1833 389 0 0 0.139800375103356
0

0101000
+45 2 -50 2 *
Wi

0101100
+44 0 -49 0 -1174 0 +43 1 *
Fa
0  1e-07 215 0

0101000
+42 0 *
Ed
 1e-07 1 1 0
1  865 0 6.14338493207623 6.28318530717959
2  1834 214 2 6.14338493207623 6.28318530717959
2  1835 389 0 6.14338493207623 6.28318530717959
0

0101000
+67 2 -45 2 *
Wi

0101100
+66 0 -44 0 -1175 0 +40 1 *
Fa
0  1e-07 214 0

0101000
+39 0 *
Wi

0101100
-63 0 -58 0 -53 0 +48 0 +43 0 +40 0 *
Fa
0  1e-07 389 0

0111000
+37 0 *
Sh

0101100
-61 0 -56 0 -51 0 +46 0 +41 0 +38 0 +144 0 -36 1 *
So

0100000
+35 0 *
Ve
1e-07
58.4013975367723 -44.8079082452162 115.452378644051
0 0

0101101
*
Ed
 1e-07 1 1 0
1  866 0 0 0.452378644051291
2  1836 384 0 0 0.452378644051291
4 G1 383 0 384 0
2  1837 383 0 0 0.452378644051291
0

0101000
+99 0 -33 0 *
Ed
 1e-07 1 1 0
1  867 0 32.0138458893594 35.98
2  1838 390 0 32.0138458893594 35.98
2  1839 383 2 32.0138458893594 35.98
0

0101000
+55 2 -33 2 *
Wi

0101100
+54 0 -32 0 -98 0 +31 1 *
Fa
0  1e-07 383 0

0111000
+30 0 *
Ve
1.00000386679061e-07
58.9860756727311 -46.2886949128055 115.452378644051
0 0

0101101
*
Ed
 1.00000386679061e-07 1 1 0
1  868 0 0 0.452378644051291
2  1840 384 0 0 0.452378644051291
2  1841 385 0 0 0.452378644051291
0

0101000
+97 0 -28 0 *
Ed
 1e-07 1 1 0
1  869 0 2.32290178763074 3.14159265358979
2  1842 384 2 2.32290178763074 3.14159265358979
2  1843 390 0 2.32290178763074 3.14159265358979
0

0101000
+28 2 -33 2 *
Wi

0101100
+27 0 -32 0 -96 0 +26 1 *
Fa
0  1e-07 384 0

0111000
+25 0 *
Ve
1.00000039740304e-07
53.0188664533673 -53.0188664533674 115.452378644051
0 0

0101101
*
Ed
 1.00000039740304e-07 1 1 0
1  870 0 0 0.452378644051291
2  1844 385 0 0 0.452378644051291
2  1845 386 0 0 0.452378644051291
4 C2 385 0 386 0
0

0101000
+95 0 -23 0 *
Ed
 1.00000000888178e-07 1 1 0
1  871 0 0 0.120032008535615
2  1846 385 2 0 0.120032008535615
2  1847 390 0 0 0.120032008535615
0

0101000
+23 2 -28 2 *
Wi

0101100
+22 0 -27 0 -94 0 +21 1 *
Fa
0  1.00000000888178e-07 385 0

0111000
+20 0 *
Ve
1.00000390216718e-07
46.2886949128055 -58.9860756727311 115.452378644051
0 0

0101101
*
Ed
 1.00000390216718e-07 1 1 0
1  872 0 0 0.452378644051291
2  1848 386 0 0 0.452378644051291
2  1849 387 0 0 0.452378644051291
0

0101000
+93 0 -18 0 *
Ed
 1e-07 1 1 0
1  873 0 6.16315329864397 6.28318530717959
2  1850 386 2 6.16315329864397 6.28318530717959
2  1851 390 0 6.16315329864397 6.28318530717959
0

0101000
+18 2 -23 2 *
Wi

0101100
+17 0 -22 0 -92 0 +16 1 *
Fa
0  1e-07 386 0

0111000
+15 0 *
Ve
1e-07
44.8079082452162 -58.4013975367723 115.452378644051
0 0

0101101
*
Ed
 1e-07 1 1 0
1  874 0 0 0.452378644051291
2  1852 387 0 0 0.452378644051291
4 G1 387 0 388 0
2  1853 388 0 0 0.452378644051291
0

0101000
+91 0 -13 0 *
Ed
 1e-07 1 1 0
1  875 0 5.46449444122053 6.28318530717959
2  1854 387 2 5.46449444122053 6.28318530717959
2  1855 390 0 5.46449444122053 6.28318530717959
0

0101000
+18 2 -13 2 *
Wi

0101100
+17 0 -12 0 -90 0 +11 1 *
Fa
0  1e-07 387 0

0111000
+10 0 *
Ed
 1e-07 1 1 0
1  876 0 32.0138458893594 35.98
2  1856 390 0 32.0138458893594 35.98
2  1857 388 2 32.0138458893594 35.98
0

0101000
+65 2 -13 2 *
Wi

0101100
+64 0 -12 0 -89 0 +8 1 *
Fa
0  1e-07 388 0

0111000
+7 0 *
Wi

0101100
-58 0 -53 0 -31 0 +26 0 +21 0 +16 0 -11 0 +8 0 *
Fa
0  1e-07 390 0

0111000
+5 0 *
Sh

0101100
-56 0 -51 0 -29 0 +24 0 +19 0 +14 0 -9 0 +6 0 +87 0 -4 1 
*
So

0100000
-3 0 *
Co

1100000
+2303 0 +2271 0 +1098 0 +1078 0 +1059 0 +1006 0 +974 0 +940 0 +908 0 +855 0 
+823 0 +789 0 +757 0 +704 0 +672 0 +638 0 +606 0 +553 0 +521 0 +487 0 
+455 0 +402 0 +370 0 +336 0 +304 0 +251 0 +219 0 +185 0 +153 0 +100 0 
+68 0 +34 0 +2 0 *

+1 0 