DBRep_DrawableShape

CASCADE Topology V1, (c) Matra-Datavision
Locations 0
Curve2ds 1153
1 0 0 1 0 
1 15 0 0 1 
1 -37 -9.6120484580460008 -1 0 
2 0 0 -1 0 0 1 69.680000000000007
1 0 3.1415926535897931 1 0 
2 -37 9.6120484580460008 1 0 -0 1 69.680000000000007
2 0 0 -1 0 0 1 69.680000000000007
2 -37 9.6120484580460008 1 0 -0 1 69.680000000000007
2 0 0 -1 0 0 1 69.680000000000007
1 0 19.224096916092002 1 0 
1 15 0 0 1 
1 -37 9.6120484580460008 -1 0 
2 0 0 -1 0 0 1 68.980000000000004
1 0 3.1415926535897931 1 0 
2 -37 9.6120484580460008 1 0 -0 1 68.980000000000004
2 -37 9.6120484580460008 1 0 -0 1 68.980000000000004
1 4.7123889803849996 0 -0 1 
1 0 35.980000000000004 1 0 
8 -54.480000000000004 -22.902419381093999
1 18.5 -9.6120484580460008 -1 0 
8 -54.480000000000004 -22.902419381093999
1 14.200000000000003 -18.5 0 -1 
7 0 0  5 18 5  6.1463791619837407 1.5707963267948966  6.1462525309451497 1.651834411753593  6.1461256035519298 1.7328740958567912  6.1460001079551123 1.8139169149996583  6.1458777827354778 1.8949796904299165  6.1456465458985017 2.0545524175513901  6.1455373243545575 2.1330654197147565  6.1454341260857541 2.211599914545368  6.1453383450051415 2.2901670559367013  6.1451655233388962 2.445990855486734  6.1450881816929144 2.5232508040976844  6.145020288656271 2.6005343309917217  6.1449627635814208 2.6778467653686224  6.1448697641322294 2.832432064716917  6.1448342657776118 2.9097093836183179  6.1448103801059455 2.9869967546116278  6.1447984374637317 3.0642958662874733  6.1447984374637317 3.1415926535897931 
 0 6 0.25842446251388634 4 0.50858946584150855 4 0.75441344232884844 4 1 6
7 0 0  5 18 5  14.200000000000003 32.821478961994032  14.200000000000003 32.756037045692054  14.206567312533947 32.690592433140893  14.219701546395299 32.626039144239456  14.239227666575177 32.563259199488058  14.289558529091495 32.444825021545569  14.319984167614431 32.389004029383763  14.355766494371744 32.336368344378158  14.396453126987616 32.287601108571302  14.485701081445736 32.199733929654059  14.534115896650237 32.160478546639936  14.586164896044279 32.126067933829347  14.64120069328456 32.096941578607556  14.755750348040459 32.049885503629945  14.815263151773035 32.031943628309634  14.876323278768384 32.019878465750857  14.938162570158145 32.013845889358876  15 32.013845889358876 
 0 6 0.25842446251388634 4 0.50858946584150855 4 0.75441344232884844 4 1 6
7 0 0  6 22 5  6.1463791619837407 1.5707963267948966  6.14611161926614 1.6621110617190031  6.1458427897214225 1.7534348311707586  6.145576703121824 1.8447603670370227  6.1453173886836634 1.936118216558097  6.1450688556312114 2.0275379350182012  6.1447245427010593 2.16216650094217  6.1446174001200129 2.2053417044915613  6.1445139019235144 2.2485307593076524  6.1444144283154687 2.2917342736653947  6.1443193403255316 2.334952561102809  6.1441398633920121 2.4208234791739756  6.1440553425863911 2.463475916367551  6.1439757454266131 2.5061428619121862  6.1439013711584396 2.5488239320375032  6.1438324902390269 2.5915184492922694  6.1436444495927187 2.7186945659505692  6.1435419685267796 2.8032244074893673  6.1434637972888186 2.8877831274490777  6.1434112163959922 2.9723710499856195  6.1433849320762306 3.0569873124704197  6.1433849320762306 3.1415926535897931 
 0 7 0.34992176053088359 5 0.51504717399987698 5 0.67789911201928432 5 1 7
7 0 0  6 22 5  13.5 32.821478961994032  13.5 32.683215007696653  13.515009123604459 32.544930923265689  13.545032711187664 32.40871521292398  13.589693384921494 32.276591285598073  13.648307542993336 32.150508104506088  13.753551794854658 31.976495270820902  13.790165663947938 31.922452618075443  13.829541978903682 31.870345574696263  13.871555718818783 31.820352631063262  13.916066694479037 31.772641455966752  14.009127323987494 31.682719657729734  14.057613717193405 31.640441350173599  14.108229377703651 31.60068446903956  14.160813277337878 31.563585419510332  14.215192710008596 31.529266516850811  14.381925701713421 31.435670304571921  14.49898809069138 31.384793693023454  14.620921776047334 31.3460600966892  14.746167361023376 31.320031086673328  14.87309198832094 31.307019583935698  15 31.307019583935698 
 0 7 0.34992176053088359 5 0.51504717399987698 5 0.67789911201928432 5 1 7
8 -54.480000000000004 -22.902419381093999
1 18.5 -9.6120484580460008 -1 0 
8 -54.480000000000004 -22.902419381093999
1 13.5 -18.5 0 -1 
2 0 0 1 0 -0 1 70.480000000000004
1 0 1.5707963267948966 1 0 
1 6.2831853071795862 1.5707963267948966 0 1 
1 0 1.5707963267948966 0 1 
7 0 0  5 18 5  0.13680614519584552 1.5707963267948966  0.13693277623443684 1.6518344117535921  0.13705970362765746 1.7328740958567885  0.13718519922447334 1.8139169149996661  0.13730752444410876 1.8949796904299121  0.13753876128108508 2.0545524175513989  0.13764798282502722 2.1330654197147298  0.13775118109383352 2.2115999145453955  0.13784696217444473 2.2901670559366916  0.13801978384068947 2.4459908554867371  0.13809712548667258 2.5232508040976787  0.13816501852331528 2.6005343309917333  0.13822254359816522 2.6778467653686158  0.13831554304735733 2.8324320647168997  0.13835104140197499 2.9097093836183401  0.13837492707364177 2.9869967546116185  0.13838686971585457 3.0642958662874769  0.13838686971585457 3.1415926535897931 
 0 6 0.25842446251390622 4 0.50858946584156228 4 0.75441344232891483 4 1 6
7 0 0  5 18 5  14.200000000000003 32.821478961994032  14.200000000000003 32.756037045692054  14.206567312533945 32.6905924331409  14.219701546395301 32.626039144239456  14.239227666575175 32.563259199488058  14.289558529091497 32.444825021545562  14.319984167614422 32.389004029383777  14.355766494371757 32.336368344378144  14.396453126987611 32.287601108571309  14.485701081445738 32.199733929654059  14.534115896650231 32.160478546639943  14.586164896044288 32.12606793382934  14.641200693284555 32.096941578607563  14.755750348040445 32.049885503629952  14.815263151773056 32.031943628309627  14.876323278768371 32.019878465750864  14.938162570158147 32.013845889358876  15 32.013845889358876 
 0 6 0.25842446251390622 4 0.50858946584156228 4 0.75441344232891483 4 1 6
1 1.570796326795 0 0 1 
1 0 35.980000000000004 1 0 
8 -54.480000000000004 -22.902419381093999
1 18.5 9.6120484580460008 -1 0 
8 -54.480000000000004 -22.902419381093999
1 14.200000000000003 -18.5 0 -1 
7 0 0  6 22 5  0.13680614519584552 1.5707963267948966  0.13707368791344601 1.6621110617189911  0.13734251745816481 1.7534348311707899  0.13760860405776196 1.8447603670369643  0.13786791849592261 1.9361182165581661  0.13811645154837504 2.027537935018167  0.13846076447852729 2.16216650094217  0.13856790705957325 2.2053417044915626  0.13867140525607202 2.2485307593076533  0.13877087886411765 2.2917342736653947  0.13886596685405475 2.3349525611028086  0.13904544378757519 2.4208234791739738  0.13912996459319624 2.4634759163675519  0.1392095617529733 2.5061428619121888  0.13928393602114547 2.5488239320375041  0.13935281694055898 2.5915184492922667  0.13954085758686741 2.7186945659505914  0.13964333865280867 2.8032244074893562  0.13972150989076529 2.887783127449044  0.13977409078359562 2.9723710499856582  0.13980037510335563 3.0569873124704134  0.13980037510335563 3.1415926535897931 
 0 7 0.34992176053095481 5 0.51504717399992006 5 0.67789911201929132 5 1 7
7 0 0  6 22 5  13.5 32.821478961994032  13.5 32.683215007696674  13.51500912360447 32.544930923265611  13.545032711187631 32.408715212924115  13.589693384921542 32.276591285597945  13.64830754299331 32.15050810450613  13.753551794854657 31.976495270820902  13.790165663947937 31.922452618075443  13.829541978903682 31.870345574696263  13.871555718818783 31.820352631063262  13.916066694479037 31.772641455966752  14.009127323987494 31.682719657729738  14.057613717193405 31.640441350173599  14.108229377703651 31.60068446903956  14.16081327733788 31.563585419510332  14.215192710008594 31.529266516850811  14.381925701713449 31.435670304571907  14.4989880906913 31.384793693023465  14.620921776047409 31.346060096689229  14.74616736102336 31.320031086673279  14.87309198832093 31.307019583935713  15 31.307019583935713 
 0 7 0.34992176053095481 5 0.51504717399992006 5 0.67789911201929132 5 1 7
8 -54.480000000000004 -22.902419381093999
1 18.5 9.6120484580460008 -1 0 
8 -54.480000000000004 -22.902419381093999
1 13.5 -18.5 0 -1 
1 6.2831853071795862 1.5707963267948966 0 1 
1 0 1.5707963267948966 0 1 
2 0 0 1 0 -0 1 70.480000000000004
1 0 1.5707963267948966 1 0 
2 72.980000000000004 -7.6120484580459999 1 0 -0 1 2
1 0 13.5 1 0 
2 72.980000000000004 -7.6120484580459999 1 0 -0 1 2
1 0 14.200000000000003 1 0 
7 0 0  1 2 2  5.5310798463440003 -5.9999999999999997e-07  5.5310798463440003 15.0000006 
 -5.9999999999999997e-07 2 15.0000006 2
7 0 0  1 2 2  6.1631532986439996 0.19999939999999999  6.1631532986439996 15.200000599999999 
 -5.9999999999999997e-07 2 15.0000006 2
1 6.1631532986439712 15 0 -1 
1 0 0.79999999999999716 1 0 
2 0 0 1 0 -0 1 74.980000000000004
1 0 14.400000000000006 1 0 
1 0 0.79999999999999716 1 0 
2 72.980000000000004 7.6120484580459999 1 0 -0 1 2
1 0 14.200000000000003 1 0 
1 0 14.400000000000006 1 0 
1 0 0.79999999999999716 1 0 
1 0 1.5 1 0 
2 0 0 1 0 -0 1 74.980000000000004
1 0 13.700000000000003 1 0 
2 72.980000000000004 7.6120484580459999 1 0 -0 1 2
1 0 13.5 1 0 
1 0 13.700000000000003 1 0 
7 0 0  1 2 2  0.120032008536 0.19999939999999999  0.120032008536 15.200000599999999 
 -5.9999999999999997e-07 2 15.0000006 2
7 0 0  1 2 2  0.75210546083600005 -5.9999999999999997e-07  0.75210546083600005 15.0000006 
 -5.9999999999999997e-07 2 15.0000006 2
1 0.12003200853561494 15 0 -1 
1 6.2831853071795862 0 0 1 
1 0 0 0 1 
8 0 1.5
1 6.2831853071800001 15.199999999999999 -0 -1 
8 0 1.5
1 0 15.199999999999999 -0 -1 
1 15 0 0 1 
1 0 0 1 0 
1 -19.366206258125001 -32.959695549679999 -0.70710678118654757 -0.70710678118654757 
2 -37.000000000000341 9.6120484580452565 0.70710678118654757 0.70710678118654757 -0.70710678118654757 0.70710678118654757 69.680000000000007
2 0 0 -1 0 0 1 69.680000000000007
1 15 0 0 1 
1 -3.5367264672458987e-12 19.224096916094055 1 0 
1 -32.959695549679999 -19.366206258119998 -0.70710678118654757 -0.70710678118654757 
2 -37.000000000000341 9.6120484580452565 0.70710678118654757 0.70710678118654757 -0.70710678118654757 0.70710678118654757 68.980000000000004
1 4.7123889803849996 0 -0 1 
1 0 35.979999999998611 1 0 
8 -54.479999999998789 -22.902419381088301
1 6.2847308061737506 -19.87822009772875 -0.70710678118654757 0.70710678118654757 
8 -54.479999999998789 -22.902419381088301
1 14.200000000000003 -18.500000000000171 0 -1 
7 0 0  5 18 5  5.3609809985863031 1.5707963267948966  5.3608543675477121 1.6518344117535979  5.3607274401544922 1.7328740958567872  5.3606019445576747 1.813916914999681  5.3604796193380402 1.8949796904299085  5.3602483825010641 2.0545524175513847  5.3601391609571216 2.1330654197147751  5.3600359626883147 2.2115999145453595  5.3599401816077048 2.2901670559366991  5.3597673599414595 2.4459908554867762  5.359690018295475 2.5232508040975845  5.3596221252588343 2.6005343309918127  5.3595646001839832 2.6778467653685869  5.3594716007347918 2.8324320647169214  5.3594361023801742 2.9097093836183054  5.3594122167085079 2.9869967546116367  5.359400274066294 3.0642958662874715  5.359400274066294 3.1415926535897931 
 0 6 0.25842446251387796 4 0.50858946584145048 4 0.75441344232886876 4 1 6
7 0 0  5 18 5  14.200000000000003 32.82147896199379  14.200000000000003 32.756037045691805  14.206567312533943 32.690592433140679  14.219701546395306 32.626039144239215  14.239227666575175 32.563259199487817  14.289558529091494 32.444825021545334  14.319984167614438 32.38900402938355  14.355766494371743 32.336368344377902  14.396453126987616 32.287601108571074  14.485701081445761 32.19973392965381  14.534115896650176 32.160478546639744  14.586164896044336 32.126067933829077  14.641200693284535 32.096941578607343  14.755750348040461 32.049885503629717  14.815263151773028 32.031943628309378  14.876323278768387 32.019878465750658  14.938162570158143 32.013845889358635  15 32.013845889358635 
 0 6 0.25842446251387796 4 0.50858946584145048 4 0.75441344232886876 4 1 6
7 0 0  6 22 5  5.3609809985863031 1.5707963267948966  5.3607134558687024 1.6621110617189681  5.3604446263239849 1.7534348311708721  5.3601785397243864 1.8447603670368775  5.3599192252862267 1.9361182165581963  5.3596706922337738 2.0275379350181697  5.3593263793036217 2.1621665009421727  5.3592192367225744 2.2053417044915666  5.3591157385260759 2.2485307593076573  5.359016264918032 2.2917342736653974  5.3589211769280949 2.3349525611028086  5.3587416999945736 2.420823479173972  5.3586571791889526 2.4634759163675555  5.3585775820291763 2.5061428619121973  5.3585032077610038 2.5488239320375108  5.3584343268415919 2.5915184492922676  5.358246286195282 2.7186945659506279  5.3581438051293384 2.8032244074891799  5.3580656338913863 2.8877831274493104  5.3580130529985519 2.9723710499854885  5.3579867686787939 3.0569873124704485  5.3579867686787939 3.1415926535897931 
 0 7 0.34992176053089552 5 0.51504717399984778 5 0.67789911201919617 5 1 7
7 0 0  6 22 5  13.5 32.82147896199379  13.5 32.683215007696468  13.515009123604484 32.544930923265312  13.545032711187607 32.40871521292393  13.589693384921551 32.276591285597704  13.648307542993312 32.150508104505903  13.753551794854658 31.976495270820674  13.790165663947933 31.922452618075216  13.829541978903679 31.870345574696028  13.871555718818785 31.82035263106302  13.916066694479049 31.772641455966511  14.009127323987505 31.682719657729496  14.057613717193407 31.640441350173358  14.108229377703653 31.600684469039322  14.16081327733788 31.563585419510101  14.215192710008594 31.529266516850583  14.381925701713497 31.435670304571651  14.498988090691148 31.384793693023266  14.620921776047618 31.346060096688984  14.746167361023206 31.32003108667304  14.873091988320983 31.307019583935485  15 31.307019583935485 
 0 7 0.34992176053089552 5 0.51504717399984778 5 0.67789911201919617 5 1 7
8 -54.479999999998789 -22.902419381088301
1 6.2847308061737506 -19.87822009772875 -0.70710678118654757 0.70710678118654757 
8 -54.479999999998789 -22.902419381088301
1 13.5 -18.500000000000171 0 -1 
7 0 0  5 18 5  5.6345932889780235 1.5707963267948966  5.6347199200166145 1.651834411753595  5.6348468474098361 1.7328740958567757  5.6349723430066518 1.8139169149996688  5.6350946682262872 1.8949796904299125  5.6353259050632634 2.0545524175513941  5.6354351266072049 2.1330654197147436  5.6355383248760127 2.2115999145453871  5.6356341059566226 2.2901670559366947  5.6358069276228679 2.4459908554867389  5.6358842692688524 2.5232508040976733  5.6359521623054931 2.6005343309917359  5.6360096873803442 2.6778467653686175  5.6361026868295356 2.8324320647169019  5.6361381851841541 2.9097093836183303  5.6361620708558204 2.9869967546116301  5.6361740134980334 3.0642958662874697  5.6361740134980334 3.1415926535897931 
 0 6 0.25842446251390516 4 0.50858946584154596 4 0.75441344232889884 4 1 6
7 0 0  5 18 5  14.200000000000003 32.82147896199686  14.200000000000003 32.756037045694882  14.206567312533945 32.690592433143706  14.219701546395301 32.626039144242277  14.239227666575175 32.563259199490872  14.289558529091495 32.444825021548382  14.319984167614423 32.389004029386584  14.355766494371755 32.336368344380972  14.396453126987613 32.287601108574115  14.48570108144574 32.199733929656873  14.534115896650231 32.160478546642757  14.586164896044286 32.126067933832161  14.641200693284556 32.096941578610377  14.755750348040447 32.049885503632765  14.815263151773047 32.03194362831244  14.876323278768384 32.019878465753678  14.938162570158141 32.01384588936169  15 32.01384588936169 
 0 6 0.25842446251390516 4 0.50858946584154596 4 0.75441344232889884 4 1 6
1 1.570796326795 0 0 1 
1 0 35.979999999998626 1 0 
8 -54.479999999997027 -22.902419381094308
1 19.878220097730001 -6.2847308061699989 -0.70710678118654757 0.70710678118654757 
8 -54.479999999997027 -22.902419381094308
1 14.200000000000003 -18.499999999998401 0 -1 
7 0 0  6 22 5  5.6345932889780235 1.5707963267948966  5.6348608316956241 1.662111061718982  5.6351296612403443 1.7534348311707724  5.6353957478399384 1.8447603670370043  5.6356550622781025 1.9361182165581208  5.6359035953305536 2.0275379350181812  5.6362479082607058 2.1621665009421722  5.6363550508417513 2.2053417044915644  5.6364585490382497 2.2485307593076542  5.6365580226462972 2.2917342736653961  5.6366531106362343 2.3349525611028099  5.6368325875697538 2.4208234791739685  5.6369171083753749 2.4634759163675515  5.6369967055351529 2.5061428619121919  5.6370710798033237 2.5488239320375068  5.6371399607227382 2.5915184492922658  5.6373280013690463 2.7186945659506083  5.6374304824349872 2.8032244074892678  5.6375086536729437 2.887783127449167  5.6375612345657755 2.9723710499855684  5.6375875188855344 3.0569873124704365  5.6375875188855344 3.1415926535897931 
 0 7 0.3499217605308913 5 0.51504717399986322 5 0.67789911201923247 5 1 7
7 0 0  6 22 5  13.5 32.82147896199686  13.5 32.683215007699509  13.515009123604461 32.54493092326841  13.545032711187652 32.408715212926928  13.589693384921514 32.276591285600794  13.64830754299332 32.15050810450893  13.753551794854658 31.976495270823708  13.79016566394794 31.922452618078257  13.829541978903682 31.870345574699083  13.871555718818783 31.820352631066072  13.916066694479037 31.772641455969548  14.009127323987487 31.682719657732537  14.057613717193403 31.640441350176399  14.108229377703653 31.600684469042367  14.16081327733788 31.563585419513149  14.215192710008592 31.529266516853642  14.381925701713474 31.435670304574721  14.498988090691217 31.38479369302625  14.620921776047517 31.346060096692042  14.746167361023266 31.32003108667611  14.873091988320965 31.307019583938512  15 31.307019583938512 
 0 7 0.3499217605308913 5 0.51504717399986322 5 0.67789911201923247 5 1 7
8 -54.479999999997027 -22.902419381094308
1 19.878220097730001 -6.2847308061699989 -0.70710678118654757 0.70710678118654757 
8 -54.479999999997027 -22.902419381094308
1 13.5 -18.499999999998401 0 -1 
2 46.22212180759 -56.98718397439 0.70710678118654757 -0.70710678118654757 0.70710678118654757 0.70710678118654757 2
1 1.7763568394002505e-15 13.5 1 0 
2 46.22212180759 -56.98718397439 0.70710678118654757 -0.70710678118654757 0.70710678118654757 0.70710678118654757 2
1 1.7763568394002505e-15 14.200000000000003 1 0 
7 0 0  1 2 2  5.5310798463440003 -5.9999999999999997e-07  5.5310798463440003 15.0000006 
 -5.9999999999999997e-07 2 15.0000006 2
7 0 0  1 2 2  5.3777551352469999 0.19999939999999999  5.3777551352469999 15.200000599999999 
 -5.9999999999999997e-07 2 15.0000006 2
1 5.3777551352465371 15 0 -1 
1 0 14.400000000000006 1 0 
1 0 0.79999999999999716 1 0 
1 1.7763568394002505e-15 14.400000000000006 1 0 
1 0 0.79999999999999716 1 0 
2 56.987183974399002 -46.22212180759 0.70710678118654757 -0.70710678118654757 0.70710678118654757 0.70710678118654757 2
1 0 14.200000000000003 1 0 
1 0 13.700000000000003 1 0 
1 1.7763568394002505e-15 13.700000000000003 1 0 
2 56.987183974399002 -46.22212180759 0.70710678118654757 -0.70710678118654757 0.70710678118654757 0.70710678118654757 2
1 0 13.5 1 0 
7 0 0  1 2 2  5.6178191523179999 0.19999939999999999  5.6178191523179999 15.200000599999999 
 -5.9999999999999997e-07 2 15.0000006 2
7 0 0  1 2 2  0.75210546083600005 -5.9999999999999997e-07  0.75210546083600005 15.0000006 
 -5.9999999999999997e-07 2 15.0000006 2
1 5.6178191523178098 15 0 -1 
7 0 0  1 2 2  5.4977871437820003 -5.9999999998950005e-07  5.4977871437820003 15.4000006 
 -5.9999999998950005e-07 2 15.4000006 2
7 0 0  1 2 2  5.4977871437820003 -5.9999999998950005e-07  5.4977871437820003 15.4000006 
 -5.9999999998950005e-07 2 15.4000006 2
1 5.4977871437822037 15.200000000000003 0 -1 
1 15 0 0 1 
1 0 0 1 0 
1 -32.959695549679999 19.366206258125001 -0.70710678118654757 0.70710678118654757 
2 -37.000000000000341 9.6120484580452565 0.70710678118654757 -0.70710678118654757 0.70710678118654757 0.70710678118654757 69.680000000000007
2 0 0 -1 0 0 1 69.680000000000007
1 15 0 0 1 
1 0 19.224096916090517 1 0 
1 -19.366206258125001 32.959695549679999 -0.70710678118654757 0.70710678118654757 
2 -37.000000000000341 9.6120484580452565 0.70710678118654757 -0.70710678118654757 0.70710678118654757 0.70710678118654757 68.980000000000004
1 4.7123889803849996 0 -0 1 
1 0 35.980000000000032 1 0 
8 -54.480000000000203 -22.90241938109466
1 19.87822009772875 6.2847308061737506 -0.70710678118654757 -0.70710678118654757 
8 -54.480000000000203 -22.90241938109466
1 14.200000000000003 -18.500000000000171 0 -1 
7 0 0  5 18 5  0.64859201820161361 1.5707963267948966  0.64846538716302238 1.6518344117535873  0.64833845976980109 1.7328740958567965  0.64821296417298602 1.8139169149996559  0.64809063895335017 1.8949796904299219  0.64785940211637394 2.0545524175513847  0.64775018057243194 2.1330654197147751  0.64764698230362538 2.2115999145453573  0.64755120122301435 2.2901670559367018  0.64737837955676958 2.4459908554867544  0.64730103791078641 2.5232508040976289  0.64723314487414385 2.6005343309917754  0.64717561979929394 2.677846765368602  0.64708262035010178 2.832432064716937  0.64704712199548386 2.9097093836182673  0.64702323632381775 2.9869967546116767  0.64701129368160437 3.0642958662874569  0.64701129368160437 3.1415926535897931 
 0 6 0.25842446251385354 4 0.50858946584144338 4 0.75441344232881791 4 1 6
7 0 0  5 18 5  14.200000000000003 32.821478961993805  14.200000000000003 32.756037045691833  14.206567312533947 32.69059243314063  14.219701546395299 32.626039144239257  14.239227666575179 32.56325919948781  14.289558529091494 32.444825021545334  14.319984167614439 32.389004029383543  14.355766494371739 32.336368344377902  14.396453126987616 32.287601108571074  14.485701081445749 32.199733929653824  14.534115896650205 32.160478546639723  14.586164896044311 32.126067933829098  14.641200693284546 32.096941578607336  14.755750348040474 32.04988550362971  14.815263151773005 32.031943628309385  14.876323278768412 32.019878465750651  14.938162570158131 32.013845889358635  15 32.013845889358635 
 0 6 0.25842446251385354 4 0.50858946584144338 4 0.75441344232881791 4 1 6
7 0 0  6 22 5  0.64859201820161361 1.5707963267948966  0.64832447548401317 1.6621110617189816  0.64805564593929355 1.7534348311708001  0.64778955933969784 1.8447603670369483  0.6475302449015361 1.9361182165581643  0.64728171184908412 2.0275379350181657  0.64693739891893187 2.1621665009421731  0.64683025633788593 2.2053417044915626  0.64672675814138714 2.2485307593076507  0.64662728453334151 2.2917342736653938  0.64653219654340444 2.3349525611028104  0.64635271960988405 2.4208234791739707  0.64626819880426289 2.4634759163675528  0.64618860164448588 2.5061428619121933  0.64611422737631374 2.5488239320375072  0.64604534645690026 2.5915184492922658  0.64585730581059175 2.7186945659506287  0.64575482474464962 2.8032244074891288  0.64567665350669645 2.8877831274494481  0.64562407261386112 2.9723710499853544  0.64559778829410419 3.0569873124704925  0.64559778829410419 3.1415926535897931 
 0 7 0.34992176053089968 5 0.51504717399984834 5 0.67789911201919817 5 1 7
7 0 0  6 22 5  13.5 32.821478961993805  13.5 32.683215007696461  13.515009123604466 32.544930923265355  13.545032711187634 32.408715212923909  13.589693384921535 32.276591285597704  13.648307542993308 32.15050810450591  13.753551794854658 31.976495270820667  13.790165663947938 31.922452618075216  13.829541978903682 31.870345574696032  13.871555718818781 31.820352631063027  13.916066694479037 31.772641455966511  14.00912732398749 31.682719657729496  14.057613717193405 31.640441350173358  14.108229377703653 31.600684469039326  14.160813277337882 31.563585419510101  14.215192710008592 31.529266516850583  14.381925701713499 31.435670304571651  14.498988090691107 31.38479369302329  14.620921776047744 31.34606009668892  14.74616736102306 31.320031086673101  14.873091988321049 31.307019583935471  15 31.307019583935471 
 0 7 0.34992176053089968 5 0.51504717399984834 5 0.67789911201919817 5 1 7
8 -54.480000000000203 -22.90241938109466
1 19.87822009772875 6.2847308061737506 -0.70710678118654757 -0.70710678118654757 
8 -54.480000000000203 -22.90241938109466
1 13.5 -18.500000000000171 0 -1 
7 0 0  5 18 5  0.92220430859328306 1.5707963267948966  0.9223309396318744 1.6518344117535892  0.92245786702509525 1.7328740958567923  0.92258336262191087 1.8139169149996606  0.92270568784154638 1.8949796904299199  0.92293692467852262 2.0545524175513887  0.92304614622246495 2.1330654197147654  0.92314934449127095 2.2115999145453769  0.92324512557188232 2.2901670559367  0.92341794723812709 2.4459908554867735  0.92349528888411003 2.5232508040976009  0.92356318192075282 2.6005343309918079  0.92362070699560272 2.6778467653685913  0.92371370644479489 2.8324320647168872  0.92374920479941258 2.9097093836183725  0.92377309047107903 2.9869967546115825  0.92378503311329219 3.0642958662874897  0.92378503311329219 3.1415926535897931 
 0 6 0.25842446251386958 4 0.50858946584148157 4 0.75441344232893304 4 1 6
7 0 0  5 18 5  14.200000000000003 32.821478961993805  14.200000000000003 32.756037045691826  14.206567312533945 32.690592433140637  14.219701546395299 32.62603914423925  14.239227666575179 32.56325919948781  14.289558529091494 32.444825021545327  14.319984167614432 32.389004029383536  14.35576649437175 32.336368344377931  14.396453126987616 32.28760110857106  14.485701081445759 32.199733929653796  14.534115896650189 32.160478546639773  14.58616489604433 32.126067933829063  14.641200693284537 32.096941578607343  14.755750348040436 32.049885503629724  14.815263151773078 32.031943628309364  14.876323278768346 32.019878465750665  14.938162570158157 32.013845889358635  15 32.013845889358635 
 0 6 0.25842446251386958 4 0.50858946584148157 4 0.75441344232893304 4 1 6
1 1.570796326795 0 0 1 
1 0 35.980000000000032 1 0 
8 -54.480000000000203 -22.90241938109466
1 6.2847308061737506 19.87822009772875 -0.70710678118654757 -0.70710678118654757 
8 -54.480000000000203 -22.90241938109466
1 14.200000000000003 -18.500000000000171 0 -1 
7 0 0  6 22 5  0.92220430859328306 1.5707963267948966  0.92247185131088349 1.6621110617189649  0.92274068085560312 1.7534348311708281  0.9230067674551985 1.844760367036927  0.9232660818933609 1.9361182165581814  0.92351461494581244 2.0275379350181559  0.92385892787596491 2.1621665009421727  0.92396607045701085 2.2053417044915626  0.92406956865350953 2.248530759307652  0.92416904226155516 2.2917342736653938  0.92426413025149212 2.3349525611028095  0.92444360718501273 2.4208234791739689  0.92452812799063377 2.4634759163675541  0.92460772515041068 2.5061428619121955  0.92468209941858293 2.5488239320375077  0.92475098033799652 2.591518449292264  0.92493902098430503 2.7186945659506829  0.92504150205024682 2.8032244074890134  0.92511967328820022 2.8877831274495338  0.92517225418103555 2.9723710499853371  0.92519853850079237 3.056987312470488  0.92519853850079237 3.1415926535897931 
 0 7 0.34992176053086926 5 0.51504717399978428 5 0.6778991120190907 5 1 7
7 0 0  6 22 5  13.5 32.821478961993805  13.5 32.683215007696482  13.515009123604472 32.544930923265269  13.54503271118762 32.408715212924008  13.589693384921551 32.276591285597647  13.648307542993301 32.150508104505917  13.753551794854658 31.976495270820667  13.790165663947938 31.922452618075216  13.829541978903682 31.870345574696032  13.871555718818783 31.820352631063027  13.916066694479037 31.772641455966511  14.009127323987487 31.682719657729507  14.057613717193407 31.640441350173365  14.108229377703658 31.600684469039333  14.16081327733788 31.563585419510101  14.215192710008589 31.529266516850583  14.38192570171357 31.435670304571612  14.498988090690954 31.384793693023347  14.620921776047872 31.346060096688912  14.746167361023026 31.320031086673069  14.873091988321042 31.307019583935485  15 31.307019583935485 
 0 7 0.34992176053086926 5 0.51504717399978428 5 0.6778991120190907 5 1 7
8 -54.480000000000203 -22.90241938109466
1 6.2847308061737506 19.87822009772875 -0.70710678118654757 -0.70710678118654757 
8 -54.480000000000203 -22.90241938109466
1 13.5 -18.500000000000171 0 -1 
2 56.987183974399002 46.22212180759 0.70710678118654757 0.70710678118654757 -0.70710678118654757 0.70710678118654757 2
1 1.7763568394002505e-15 13.5 1 0 
2 56.987183974399002 46.22212180759 0.70710678118654757 0.70710678118654757 -0.70710678118654757 0.70710678118654757 2
1 1.7763568394002505e-15 14.200000000000003 1 0 
7 0 0  1 2 2  5.5310798463440003 -5.9999999999999997e-07  5.5310798463440003 15.0000006 
 -5.9999999999999997e-07 2 15.0000006 2
7 0 0  1 2 2  0.66536615486200001 0.19999939999999999  0.66536615486200001 15.200000599999999 
 -5.9999999999999997e-07 2 15.0000006 2
1 0.6653661548618397 15 0 -1 
2 46.22212180759 56.987183974399002 0.70710678118654757 0.70710678118654757 -0.70710678118654757 0.70710678118654757 2
1 0 14.200000000000003 1 0 
1 0 14.400000000000006 1 0 
1 0 0.79999999999999716 1 0 
1 0 14.400000000000006 1 0 
1 0 0.79999999999999716 1 0 
2 46.22212180759 56.987183974399002 0.70710678118654757 0.70710678118654757 -0.70710678118654757 0.70710678118654757 2
1 0 13.5 1 0 
1 0 13.700000000000003 1 0 
1 0 13.700000000000003 1 0 
7 0 0  1 2 2  0.90543017193300002 0.19999939999999999  0.90543017193300002 15.200000599999999 
 -5.9999999999999997e-07 2 15.0000006 2
7 0 0  1 2 2  0.75210546083600005 -5.9999999999999997e-07  0.75210546083600005 15.0000006 
 -5.9999999999999997e-07 2 15.0000006 2
1 0.90543017193305697 15 0 -1 
7 0 0  1 2 2  0.78539816339699997 -5.9999999998950005e-07  0.78539816339699997 15.4000006 
 -5.9999999998950005e-07 2 15.4000006 2
7 0 0  1 2 2  0.78539816339699997 -5.9999999998950005e-07  0.78539816339699997 15.4000006 
 -5.9999999998950005e-07 2 15.4000006 2
1 0.78539816339744828 15.200000000000003 0 -1 
1 15 0 0 1 
1 0 0 1 0 
1 9.6120484580460008 -37 2.22044604925e-16 -1 
2 -37 9.6120484580459919 -2.22044604925e-16 1 -1 -2.22044604925e-16 69.680000000000007
2 0 0 -1 0 0 1 69.680000000000007
1 15 0 0 1 
1 -4.2686070047733369e-15 19.224096916091 1 0 
1 -9.6120484580450007 -37 2.22044604925e-16 -1 
2 -37 9.6120484580459919 -2.22044604925e-16 1 -1 -2.22044604925e-16 68.980000000000004
1 4.7123889803849996 0 -0 1 
1 0 35.980000000000004 1 0 
8 -54.480000000000004 -22.902419381089999
1 -9.6120484580459973 -18.5 2.22044604925e-16 1 
8 -54.480000000000004 -22.902419381089999
1 14.200000000000003 -18.5 0 -1 
7 0 0  5 18 5  4.5755828351888441 1.5707963267948966  4.5754562041502531 1.6518344117535944  4.5753292767570333 1.7328740958567828  4.5752037811602158 1.8139169149996717  4.5750814559405812 1.8949796904299085  4.5748502191036051 2.0545524175513941  4.5747409975596609 2.1330654197147432  4.5746377992908576 2.2115999145453804  4.574542018210245 2.2901670559366964  4.5743691965439996 2.4459908554867407  4.5742918548980178 2.5232508040976676  4.5742239618613745 2.6005343309917395  4.5741664367865242 2.6778467653686144  4.5740734373373328 2.8324320647169334  4.5740379389827144 2.9097093836182606  4.574014053311048 2.986996754611702  4.5740021106688351 3.0642958662874378  4.5740021106688351 3.1415926535897931 
 0 6 0.25842446251388546 4 0.50858946584149489 4 0.75441344232882812 4 1 6
7 0 0  5 18 5  14.200000000000003 32.821478961994032  14.200000000000003 32.756037045692054  14.206567312533945 32.6905924331409  14.219701546395303 32.626039144239449  14.239227666575175 32.563259199488058  14.289558529091495 32.444825021545569  14.319984167614425 32.38900402938377  14.35576649437175 32.336368344378151  14.396453126987614 32.287601108571302  14.48570108144574 32.199733929654059  14.534115896650228 32.160478546639943  14.586164896044291 32.12606793382934  14.641200693284555 32.096941578607563  14.755750348040472 32.049885503629937  14.815263151772992 32.031943628309641  14.876323278768441 32.01987846575085  14.938162570158116 32.013845889358876  15 32.013845889358876 
 0 6 0.25842446251388546 4 0.50858946584149489 4 0.75441344232882812 4 1 6
7 0 0  6 22 5  4.5755828351888441 1.5707963267948966  4.5753152924712435 1.6621110617189958  4.5750464629265251 1.7534348311707801  4.5747803763269292 1.8447603670369803  4.5745210618887659 1.9361182165581425  4.5742725288363149 2.0275379350181799  4.5739282159061627 2.16216650094217  4.5738210733251146 2.2053417044915693  4.5737175751286161 2.2485307593076627  4.5736181015205721 2.2917342736653996  4.5735230135306351 2.3349525611028064  4.5733435365971138 2.4208234791739724  4.5732590157914936 2.4634759163675564  4.5731794186317174 2.5061428619121973  4.5731050443635448 2.5488239320375112  4.5730361634441312 2.5915184492922698  4.5728481227978222 2.7186945659505684  4.5727456417318821 2.8032244074894064  4.5726674704939239 2.8877831274489845  4.5726148896010947 2.9723710499857079  4.572588605281334 3.0569873124703868  4.572588605281334 3.1415926535897931 
 0 7 0.34992176053096469 5 0.51504717399995781 5 0.67789911201933972 5 1 7
7 0 0  6 22 5  13.5 32.821478961994032  13.5 32.683215007696667  13.515009123604463 32.54493092326566  13.545032711187647 32.408715212924029  13.589693384921521 32.276591285598009  13.648307542993319 32.150508104506116  13.753551794854658 31.976495270820902  13.790165663947938 31.922452618075443  13.829541978903682 31.870345574696255  13.87155571881879 31.820352631063255  13.916066694479049 31.772641455966745  14.009127323987505 31.68271965772972  14.05761371719341 31.640441350173589  14.108229377703653 31.60068446903956  14.16081327733788 31.563585419510332  14.215192710008596 31.529266516850811  14.381925701713419 31.435670304571921  14.498988090691434 31.38479369302344  14.620921776047201 31.346060096689218  14.746167361023504 31.32003108667331  14.873091988320891 31.307019583935698  15 31.307019583935698 
 0 7 0.34992176053096469 5 0.51504717399995781 5 0.67789911201933972 5 1 7
8 -54.480000000000004 -22.902419381089999
1 -9.6120484580459973 -18.5 2.22044604925e-16 1 
8 -54.480000000000004 -22.902419381089999
1 13.5 -18.5 0 -1 
7 0 0  5 18 5  4.8491951255805201 1.5707963267948966  4.8493217566191111 1.6518344117535919  4.8494486840123345 1.7328740958567657  4.8495741796091485 1.8139169149996701  4.8496965048287839 1.8949796904299105  4.84992774166576 2.0545524175514012  4.8500369632097042 2.133065419714721  4.8501401614785076 2.2115999145454119  4.8502359425591202 2.2901670559366889  4.8504087642253655 2.4459908554867313  4.8504861058713473 2.5232508040977044  4.8505539989079907 2.600534330991719  4.8506115239828409 2.6778467653686171  4.8507045234320323 2.8324320647168895  4.850740021786649 2.9097093836183499  4.8507639074583189 2.9869967546116287  4.8507758501005291 3.0642958662874618  4.8507758501005291 3.1415926535897931 
 0 6 0.25842446251392487 4 0.50858946584160125 4 0.75441344232894703 4 1 6
7 0 0  5 18 5  14.200000000000003 32.821478961994188  14.200000000000003 32.75603704569221  14.206567312533945 32.690592433141013  14.219701546395299 32.626039144239613  14.239227666575175 32.563259199488201  14.289558529091499 32.444825021545704  14.319984167614416 32.389004029383898  14.355766494371764 32.336368344378307  14.396453126987609 32.287601108571437  14.485701081445734 32.199733929654187  14.534115896650246 32.160478546640107  14.586164896044279 32.126067933829468  14.641200693284556 32.096941578607698  14.755750348040438 32.049885503630094  14.815263151773053 32.031943628309755  14.876323278768389 32.019878465751006  14.938162570158134 32.013845889359018  15 32.013845889359018 
 0 6 0.25842446251392487 4 0.50858946584160125 4 0.75441344232894703 4 1 6
1 1.570796326795 0 0 1 
1 0 35.980000000000004 1 0 
8 -54.480000000000004 -22.902419381089999
1 9.6120484580450061 -18.5 2.22044604925e-16 1 
8 -54.480000000000004 -22.902419381089999
1 14.200000000000003 -18.5 0 -1 
7 0 0  6 22 5  4.8491951255805201 1.5707963267948966  4.8494626682981208 1.6621110617189987  4.8497314978428436 1.7534348311707135  4.8499975844424332 1.8447603670370771  4.8502568988806001 1.9361182165580644  4.8505054319330503 2.027537935018199  4.8508497448632024 2.1621665009421731  4.8509568874442488 2.205341704491564  4.8510603856407473 2.2485307593076529  4.851159859248793 2.2917342736653947  4.8512549472387301 2.3349525611028104  4.8514344241722496 2.4208234791739685  4.8515189449778715 2.4634759163675519  4.8515985421376495 2.5061428619121924  4.8516729164058212 2.5488239320375072  4.8517417973252348 2.5915184492922658  4.8519298379715421 2.7186945659506101  4.8520323190374866 2.8032244074892732  4.852110490275436 2.8877831274491732  4.8521630711682739 2.9723710499855516  4.8521893554880302 3.0569873124704436  4.8521893554880302 3.1415926535897931 
 0 7 0.34992176053085056 5 0.51504717399983624 5 0.67789911201921393 5 1 7
7 0 0  6 22 5  13.5 32.821478961994188  13.5 32.683215007696816  13.515009123604447 32.544930923265817  13.545032711187684 32.408715212924136  13.589693384921478 32.276591285598208  13.648307542993335 32.150508104506237  13.753551794854658 31.976495270821037  13.79016566394794 31.922452618075585  13.829541978903682 31.870345574696412  13.871555718818783 31.8203526310634  13.916066694479037 31.772641455966877  14.009127323987487 31.682719657729866  14.057613717193405 31.640441350173734  14.108229377703656 31.600684469039702  14.160813277337882 31.563585419510478  14.215192710008592 31.529266516850971  14.381925701713474 31.435670304572049  14.498988090691203 31.384793693023589  14.620921776047558 31.346060096689389  14.746167361023229 31.320031086673417  14.873091988320976 31.307019583935855  15 31.307019583935855 
 0 7 0.34992176053085056 5 0.51504717399983624 5 0.67789911201921393 5 1 7
8 -54.480000000000004 -22.902419381089999
1 9.6120484580450061 -18.5 2.22044604925e-16 1 
8 -54.480000000000004 -22.902419381089999
1 13.5 -18.5 0 -1 
2 -7.6120484580459999 -72.980000000000004 -2.22044604925e-16 -1 1 -2.22044604925e-16 2
1 0 13.5 1 0 
2 -7.6120484580459999 -72.980000000000004 -2.22044604925e-16 -1 1 -2.22044604925e-16 2
1 0 14.200000000000003 1 0 
7 0 0  1 2 2  5.5310798463440003 -5.9999999999999997e-07  5.5310798463440003 15.0000006 
 -5.9999999999999997e-07 2 15.0000006 2
7 0 0  1 2 2  4.592356971849 0.19999939999999999  4.592356971849 15.200000599999999 
 -5.9999999999999997e-07 2 15.0000006 2
1 4.5923569718490729 15 0 -1 
1 -8.8817841970012523e-16 14.400000000000006 1 0 
1 0 0.79999999999999716 1 0 
1 0 14.400000000000006 1 0 
1 0 0.79999999999999716 1 0 
2 7.6120484580449999 -72.980000000000004 -2.22044604925e-16 -1 1 -2.22044604925e-16 2
1 0 14.200000000000003 1 0 
1 -8.8817841970012523e-16 13.700000000000003 1 0 
1 0 13.700000000000003 1 0 
2 7.6120484580449999 -72.980000000000004 -2.22044604925e-16 -1 1 -2.22044604925e-16 2
1 0 13.5 1 0 
7 0 0  1 2 2  4.83242098892 0.19999939999999999  4.83242098892 15.200000599999999 
 -5.9999999999999997e-07 2 15.0000006 2
7 0 0  1 2 2  0.75210546083600005 -5.9999999999999997e-07  0.75210546083600005 15.0000006 
 -5.9999999999999997e-07 2 15.0000006 2
1 4.8324209889203065 15 0 -1 
7 0 0  1 2 2  4.7123889803849996 -5.9999999998950005e-07  4.7123889803849996 15.4000006 
 -5.9999999998950005e-07 2 15.4000006 2
7 0 0  1 2 2  4.7123889803849996 -5.9999999998950005e-07  4.7123889803849996 15.4000006 
 -5.9999999998950005e-07 2 15.4000006 2
1 4.7123889803846897 15.200000000000003 0 -1 
1 15 0 0 1 
1 0 0 1 0 
1 -9.6120484580460008 37 -1.110223024625e-16 1 
2 -37 9.6120484580459973 1.110223024625e-16 -1 1 1.110223024625e-16 69.680000000000007
2 0 0 -1 0 0 1 69.680000000000007
1 15 0 0 1 
1 -2.1343035023867797e-15 19.224096916092002 1 0 
1 9.6120484580460008 37 -1.110223024625e-16 1 
2 -37 9.6120484580459973 1.110223024625e-16 -1 1 1.110223024625e-16 68.980000000000004
1 4.7123889803849996 0 -0 1 
1 0 35.980000000000004 1 0 
8 -54.480000000000004 -22.902419381093999
1 9.6120484580459991 18.5 -1.110223024625e-16 -1 
8 -54.480000000000004 -22.902419381093999
1 14.200000000000003 -18.5 0 -1 
7 0 0  5 18 5  1.433990181599051 1.5707963267948966  1.4338635505604598 1.6518344117535972  1.4337366231672393 1.7328740958567792  1.4336111275704231 1.8139169149996726  1.4334888023507879 1.8949796904299099  1.4332575655138116 2.0545524175513976  1.4331483439698693 2.1330654197147338  1.4330451457010629 2.2115999145453911  1.4329493646204519 2.290167055936692  1.4327765429542072 2.4459908554867402  1.4326992013082238 2.523250804097672  1.4326313082715816 2.600534330991735  1.4325737831967313 2.6778467653686162  1.4324807837475391 2.8324320647169259  1.4324452853929217 2.9097093836183014  1.4324213997212547 2.9869967546116367  1.432409457079042 3.0642958662874751  1.432409457079042 3.1415926535897931 
 0 6 0.25842446251388707 4 0.50858946584151354 4 0.75441344232884822 4 1 6
7 0 0  5 18 5  14.200000000000003 32.821478961994032  14.200000000000003 32.756037045692054  14.206567312533945 32.690592433140907  14.219701546395303 32.626039144239449  14.239227666575175 32.563259199488058  14.289558529091497 32.444825021545562  14.319984167614422 32.389004029383777  14.355766494371755 32.336368344378144  14.396453126987611 32.287601108571309  14.48570108144574 32.199733929654059  14.534115896650231 32.160478546639943  14.586164896044286 32.12606793382934  14.641200693284556 32.096941578607563  14.755750348040465 32.049885503629945  14.815263151773026 32.031943628309634  14.876323278768389 32.019878465750857  14.938162570158145 32.013845889358876  15 32.013845889358876 
 0 6 0.25842446251388707 4 0.50858946584151354 4 0.75441344232884822 4 1 6
7 0 0  6 22 5  1.433990181599051 1.5707963267948966  1.4337226388814504 1.6621110617190136  1.4334538093367322 1.7534348311707211  1.4331877227371341 1.8447603670370558  1.4329284082989742 1.9361182165581021  1.4326798752465215 2.0275379350181861  1.4323355623163696 2.1621665009421687  1.4322284197353232 2.2053417044915657  1.4321249215388241 2.2485307593076596  1.432025447930779 2.2917342736653978  1.4319303599408419 2.3349525611028068  1.4317508830073213 2.4208234791739751  1.4316663622017003 2.4634759163675533  1.4315867650419234 2.5061428619121915  1.431512390773751 2.5488239320375077  1.4314435098543374 2.5915184492922703  1.431255469208029 2.7186945659506425  1.4311529881420879 2.803224407489163  1.4310748169041312 2.8877831274493468  1.431022236011301 2.9723710499854263  1.4309959516915409 3.0569873124704863  1.4309959516915409 3.1415926535897931 
 0 7 0.34992176053084367 5 0.51504717399978583 5 0.67789911201912934 5 1 7
7 0 0  6 22 5  13.5 32.821478961994032  13.5 32.683215007696639  13.515009123604457 32.544930923265724  13.545032711187661 32.408715212923973  13.589693384921508 32.276591285598045  13.648307542993324 32.150508104506109  13.753551794854657 31.976495270820902  13.790165663947933 31.922452618075443  13.829541978903679 31.870345574696255  13.871555718818788 31.820352631063262  13.916066694479049 31.77264145596676  14.009127323987508 31.682719657729734  14.057613717193407 31.640441350173599  14.108229377703646 31.60068446903956  14.160813277337878 31.563585419510328  14.2151927100086 31.529266516850811  14.381925701713516 31.435670304571868  14.498988090691052 31.384793693023543  14.620921776047805 31.346060096689154  14.746167361023044 31.320031086673307  14.87309198832104 31.307019583935713  15 31.307019583935713 
 0 7 0.34992176053084367 5 0.51504717399978583 5 0.67789911201912934 5 1 7
8 -54.480000000000004 -22.902419381093999
1 9.6120484580459991 18.5 -1.110223024625e-16 -1 
8 -54.480000000000004 -22.902419381093999
1 13.5 -18.5 0 -1 
7 0 0  5 18 5  1.7076024719907421 1.5707963267948966  1.7077291030293333 1.6518344117535975  1.7078560304225539 1.7328740958567725  1.70798152601937 1.813916914999687  1.7081038512390052 1.8949796904299019  1.7083350880759816 2.0545524175514114  1.7084443096199238 2.133065419714701  1.7085475078887302 2.2115999145454248  1.7086432889693413 2.2901670559366796  1.7088161106355859 2.4459908554867487  1.7088934522815693 2.5232508040976471  1.7089613453182115 2.6005343309917608  1.7090188703930618 2.6778467653686082  1.7091118698422538 2.8324320647169046  1.7091473681968714 2.9097093836183294  1.7091712538685384 2.9869967546116234  1.7091831965107511 3.0642958662874791  1.7091831965107511 3.1415926535897931 
 0 6 0.25842446251390266 4 0.50858946584156328 4 0.7544134423289196 4 1 6
7 0 0  5 18 5  14.200000000000003 32.821478961994032  14.200000000000003 32.756037045692054  14.206567312533943 32.690592433140914  14.219701546395306 32.626039144239435  14.239227666575173 32.563259199488066  14.289558529091501 32.444825021545554  14.319984167614409 32.389004029383798  14.355766494371771 32.336368344378123  14.396453126987604 32.287601108571316  14.485701081445745 32.199733929654052  14.534115896650215 32.160478546639958  14.586164896044302 32.126067933829333  14.641200693284549 32.096941578607563  14.755750348040449 32.049885503629952  14.815263151773053 32.031943628309634  14.876323278768369 32.019878465750857  14.938162570158148 32.013845889358876  15 32.013845889358876 
 0 6 0.25842446251390266 4 0.50858946584156328 4 0.7544134423289196 4 1 6
1 1.570796326795 0 0 1 
1 0 35.980000000000004 1 0 
8 -54.480000000000004 -22.902419381093999
1 -9.6120484580460026 18.5 -1.110223024625e-16 -1 
8 -54.480000000000004 -22.902419381093999
1 14.200000000000003 -18.5 0 -1 
7 0 0  6 22 5  1.7076024719907421 1.5707963267948966  1.7078700147083428 1.6621110617190411  1.708138844253061 1.7534348311706542  1.708404930852659 1.8447603670371531  1.7086642452908187 1.9361182165580162  1.7089127783432718 2.0275379350182252  1.7092570912734237 2.1621665009421687  1.7093642338544697 2.2053417044915662  1.7094677320509686 2.2485307593076596  1.7095672056590141 2.2917342736653978  1.7096622936489512 2.3349525611028068  1.7098417705824718 2.4208234791739751  1.7099262913880928 2.4634759163675537  1.7100058885478697 2.5061428619121919  1.7100802628160421 2.5488239320375077  1.7101491437354557 2.5915184492922698  1.7103371843817639 2.7186945659506265  1.7104396654477054 2.8032244074892194  1.7105178366856617 2.8877831274492549  1.7105704175784924 2.9723710499855134  1.7105967018982522 3.0569873124704459  1.7105967018982522 3.1415926535897931 
 0 7 0.34992176053076907 5 0.51504717399974664 5 0.67789911201912501 5 1 7
7 0 0  6 22 5  13.5 32.821478961994032  13.5 32.683215007696596  13.515009123604438 32.544930923265888  13.545032711187716 32.40871521292371  13.589693384921446 32.276591285598229  13.648307542993354 32.150508104506059  13.753551794854657 31.976495270820902  13.790165663947933 31.922452618075443  13.829541978903679 31.870345574696255  13.871555718818788 31.820352631063262  13.916066694479049 31.77264145596676  14.009127323987508 31.682719657729738  14.05761371719341 31.640441350173599  14.108229377703649 31.60068446903956  14.160813277337878 31.563585419510328  14.215192710008596 31.529266516850811  14.381925701713495 31.435670304571879  14.498988090691174 31.384793693023514  14.620921776047584 31.346060096689186  14.746167361023224 31.3200310866733  14.873091988320979 31.307019583935713  15 31.307019583935713 
 0 7 0.34992176053076907 5 0.51504717399974664 5 0.67789911201912501 5 1 7
8 -54.480000000000004 -22.902419381093999
1 -9.6120484580460026 18.5 -1.110223024625e-16 -1 
8 -54.480000000000004 -22.902419381093999
1 13.5 -18.5 0 -1 
2 7.6120484580459999 72.980000000000004 1.110223024625e-16 1 -1 1.110223024625e-16 2
1 0 13.5 1 0 
2 7.6120484580459999 72.980000000000004 1.110223024625e-16 1 -1 1.110223024625e-16 2
1 0 14.200000000000003 1 0 
7 0 0  1 2 2  5.5310798463440003 -5.9999999999999997e-07  5.5310798463440003 15.0000006 
 -5.9999999999999997e-07 2 15.0000006 2
7 0 0  1 2 2  1.450764318259 0.19999939999999999  1.450764318259 15.200000599999999 
 -5.9999999999999997e-07 2 15.0000006 2
1 1.4507643182592818 15 0 -1 
2 -7.6120484580449999 72.980000000000004 1.110223024625e-16 1 -1 1.110223024625e-16 2
1 0 14.200000000000003 1 0 
1 0 14.400000000000006 1 0 
1 0 0.79999999999999716 1 0 
1 0 14.400000000000006 1 0 
1 0 0.79999999999999716 1 0 
2 -7.6120484580449999 72.980000000000004 1.110223024625e-16 1 -1 1.110223024625e-16 2
1 0 13.5 1 0 
1 0 13.700000000000003 1 0 
1 0 13.700000000000003 1 0 
7 0 0  1 2 2  1.6908283353310001 0.19999939999999999  1.6908283353310001 15.200000599999999 
 -5.9999999999999997e-07 2 15.0000006 2
7 0 0  1 2 2  0.75210546083600005 -5.9999999999999997e-07  0.75210546083600005 15.0000006 
 -5.9999999999999997e-07 2 15.0000006 2
1 1.6908283353305116 15 0 -1 
7 0 0  1 2 2  1.570796326795 -5.9999999998950005e-07  1.570796326795 15.4000006 
 -5.9999999998950005e-07 2 15.4000006 2
7 0 0  1 2 2  1.570796326795 -5.9999999998950005e-07  1.570796326795 15.4000006 
 -5.9999999998950005e-07 2 15.4000006 2
1 1.5707963267948966 15.200000000000003 0 -1 
1 15 0 0 1 
1 0 0 1 0 
1 32.959695549679999 -19.366206258119998 0.70710678118654757 -0.70710678118654757 
2 -36.999999999996803 9.6120484580487933 -0.70710678118654757 0.70710678118654757 -0.70710678118654757 -0.70710678118654757 69.680000000000007
2 0 0 -1 0 0 1 69.680000000000007
1 15 0 0 1 
1 0 19.22409691609759 1 0 
1 19.366206258119998 -32.959695549679999 0.70710678118654757 -0.70710678118654757 
2 -36.999999999996803 9.6120484580487933 -0.70710678118654757 0.70710678118654757 -0.70710678118654757 -0.70710678118654757 68.980000000000004
1 4.7123889803849996 0 -0 1 
1 0 35.979999999997204 1 0 
8 -54.479999999995606 -22.902419381094308
1 -19.878220097730001 -6.2847308061699989 0.70710678118654757 0.70710678118654757 
8 -54.479999999995606 -22.902419381094308
1 14.200000000000003 -18.499999999998401 0 -1 
7 0 0  5 18 5  3.7901846717913559 1.5707963267948966  3.7900580407527644 1.6518344117535975  3.7899311133595446 1.7328740958567812  3.7898056177627275 1.8139169149996786  3.7896832925430926 1.894979690429909  3.7894520557061164 2.0545524175513967  3.789342834162174 2.133065419714737  3.789239635893368 2.2115999145453946  3.7891438548127567 2.2901670559366907  3.7889710331465118 2.4459908554867513  3.7888936915005287 2.523250804097648  3.7888257984638858 2.6005343309917599  3.788768273389036 2.6778467653686078  3.7886752739398437 2.8324320647169325  3.7886397755852252 2.9097093836182792  3.7886158899135607 2.9869967546116656  3.788603947271346 3.0642958662874591  3.788603947271346 3.1415926535897931 
 0 6 0.25842446251387591 4 0.50858946584148601 4 0.75441344232883578 4 1 6
7 0 0  5 18 5  14.200000000000003 32.821478961996846  14.200000000000003 32.75603704569486  14.206567312533945 32.690592433143728  14.219701546395305 32.626039144242263  14.239227666575175 32.563259199490872  14.289558529091497 32.444825021548375  14.319984167614422 32.389004029386591  14.355766494371757 32.336368344380958  14.396453126987611 32.287601108574123  14.485701081445747 32.199733929656865  14.534115896650215 32.160478546642771  14.586164896044304 32.126067933832154  14.641200693284549 32.096941578610377  14.75575034804047 32.049885503632751  14.815263151773005 32.031943628312433  14.876323278768416 32.019878465753706  14.938162570158132 32.013845889361676  15 32.013845889361676 
 0 6 0.25842446251387591 4 0.50858946584148601 4 0.75441344232883578 4 1 6
7 0 0  6 22 5  3.7901846717913559 1.5707963267948966  3.7899171290737552 1.662111061718996  3.7896482995290377 1.7534348311707979  3.7893822129294379 1.8447603670369555  3.7891228984912795 1.9361182165581607  3.7888743654388262 2.0275379350181755  3.7885300525086745 2.16216650094217  3.7884229099276276 2.2053417044915613  3.7883194117311292 2.248530759307652  3.7882199381230834 2.2917342736653943  3.7881248501331464 2.3349525611028086  3.7879453731996251 2.4208234791739716  3.7878608523940045 2.4634759163675479  3.7877812552342269 2.5061428619121848  3.7877068809660552 2.5488239320375019  3.7876380000466416 2.5915184492922667  3.7874499594003335 2.7186945659506163  3.7873474783343926 2.8032244074891768  3.7872693070964347 2.8877831274493433  3.7872167262036056 2.9723710499854379  3.7871904418838449 3.0569873124704703  3.7871904418838449 3.1415926535897931 
 0 7 0.34992176053090945 5 0.51504717399986855 5 0.67789911201922526 5 1 7
7 0 0  6 22 5  13.5 32.821478961996846  13.5 32.683215007699474  13.51500912360447 32.544930923268474  13.545032711187634 32.408715212926865  13.589693384921533 32.276591285600809  13.648307542993315 32.150508104508937  13.753551794854657 31.976495270823715  13.790165663947937 31.922452618078257  13.829541978903682 31.870345574699073  13.871555718818781 31.820352631066072  13.916066694479037 31.772641455969566  14.00912732398749 31.682719657732552  14.0576137171934 31.640441350176403  14.108229377703646 31.600684469042363  14.160813277337875 31.563585419513146  14.215192710008594 31.529266516853642  14.381925701713483 31.435670304574714  14.498988090691144 31.384793693026268  14.620921776047659 31.346060096692028  14.746167361023138 31.320031086676117  14.873091988321015 31.307019583938512  15 31.307019583938512 
 0 7 0.34992176053090945 5 0.51504717399986855 5 0.67789911201922526 5 1 7
8 -54.479999999995606 -22.902419381094308
1 -19.878220097730001 -6.2847308061699989 0.70710678118654757 0.70710678118654757 
8 -54.479999999995606 -22.902419381094308
1 13.5 -18.499999999998401 0 -1 
7 0 0  5 18 5  4.0637969621831269 1.5707963267948966  4.0639235932217179 1.6518344117535899  4.0640505206149395 1.7328740958567883  4.0641760162117553 1.8139169149996568  4.0642983414313907 1.8949796904299192  4.0645295782683668 2.0545524175513985  4.0646387998123084 2.1330654197147303  4.0647419980811161 2.2115999145454008  4.0648377791617261 2.290167055936688  4.0650106008279714 2.4459908554867398  4.0650879424739559 2.5232508040976702  4.0651558355105966 2.6005343309917421  4.0652133605854477 2.6778467653686118  4.0653063600346391 2.8324320647169099  4.0653418583892575 2.9097093836183161  4.065365744060923 2.9869967546116403  4.0653776867031368 3.0642958662874689  4.0653776867031368 3.1415926535897931 
 0 6 0.25842446251388612 4 0.50858946584154319 4 0.75441344232889407 4 1 6
7 0 0  5 18 5  14.200000000000003 32.82147896199686  14.200000000000003 32.756037045694882  14.206567312533947 32.690592433143692  14.219701546395298 32.626039144242299  14.239227666575179 32.563259199490865  14.289558529091497 32.444825021548375  14.31998416761442 32.389004029386598  14.355766494371759 32.336368344380958  14.396453126987609 32.287601108574123  14.48570108144574 32.199733929656873  14.534115896650226 32.160478546642757  14.586164896044293 32.126067933832161  14.641200693284553 32.096941578610377  14.755750348040454 32.049885503632758  14.815263151773037 32.03194362831244  14.876323278768391 32.019878465753678  14.938162570158141 32.01384588936169  15 32.01384588936169 
 0 6 0.25842446251388612 4 0.50858946584154319 4 0.75441344232889407 4 1 6
1 1.570796326795 0 0 1 
1 0 35.979999999997204 1 0 
8 -54.479999999995606 -22.902419381094308
1 -6.2847308061699989 -19.878220097730001 0.70710678118654757 0.70710678118654757 
8 -54.479999999995606 -22.902419381094308
1 14.200000000000003 -18.499999999998401 0 -1 
7 0 0  6 22 5  4.0637969621831269 1.5707963267948966  4.0640645049007276 1.6621110617189838  4.0643333344454469 1.7534348311707866  4.0645994210450427 1.8447603670369799  4.0648587354832051 1.9361182165581317  4.0651072685356571 2.027537935018183  4.0654515814658092 2.1621665009421722  4.0655587240468556 2.2053417044915644  4.0656622222433532 2.2485307593076542  4.0657616958513998 2.2917342736653956  4.0658567838413378 2.3349525611028095  4.0660362607748572 2.4208234791739698  4.0661207815804774 2.4634759163675546  4.0662003787402545 2.506142861912195  4.066274753008428 2.5488239320375081  4.0663436339278416 2.5915184492922649  4.0665316745741498 2.7186945659506092  4.0666341556400907 2.8032244074893056  4.0667123268780472 2.8877831274490862  4.066764907770879 2.9723710499856533  4.0667911920906379 3.0569873124703992  4.0667911920906379 3.1415926535897931 
 0 7 0.34992176053088447 5 0.51504717399985633 5 0.67789911201922903 5 1 7
7 0 0  6 22 5  13.5 32.82147896199686  13.5 32.683215007699509  13.515009123604463 32.544930923268424  13.545032711187648 32.4087152129269  13.589693384921514 32.276591285600816  13.648307542993322 32.150508104508923  13.753551794854658 31.976495270823708  13.79016566394794 31.922452618078257  13.829541978903682 31.870345574699083  13.871555718818783 31.820352631066072  13.916066694479037 31.772641455969548  14.00912732398749 31.682719657732537  14.057613717193405 31.640441350176406  14.108229377703656 31.600684469042374  14.16081327733788 31.563585419513156  14.215192710008589 31.529266516853628  14.381925701713474 31.435670304574707  14.498988090691261 31.384793693026268  14.620921776047407 31.346060096692064  14.746167361023392 31.320031086676067  14.87309198832091 31.307019583938526  15 31.307019583938526 
 0 7 0.34992176053088447 5 0.51504717399985633 5 0.67789911201922903 5 1 7
8 -54.479999999995606 -22.902419381094308
1 -6.2847308061699989 -19.878220097730001 0.70710678118654757 0.70710678118654757 
8 -54.479999999995606 -22.902419381094308
1 13.5 -18.499999999998401 0 -1 
2 -56.98718397439 -46.22212180759 -0.70710678118654757 -0.70710678118654757 0.70710678118654757 -0.70710678118654757 2
1 1.7763568394002505e-15 13.5 1 0 
2 -56.98718397439 -46.22212180759 -0.70710678118654757 -0.70710678118654757 0.70710678118654757 -0.70710678118654757 2
1 1.7763568394002505e-15 14.200000000000003 1 0 
7 0 0  1 2 2  5.5310798463440003 -5.9999999999999997e-07  5.5310798463440003 15.0000006 
 -5.9999999999999997e-07 2 15.0000006 2
7 0 0  1 2 2  3.8069588084519999 0.19999939999999999  3.8069588084519999 15.200000599999999 
 -5.9999999999999997e-07 2 15.0000006 2
1 3.806958808451578 15 0 -1 
1 0 14.400000000000006 1 0 
1 0 0.79999999999999716 1 0 
1 0 14.400000000000006 1 0 
1 0 0.79999999999999716 1 0 
2 -46.22212180759 -56.98718397439 -0.70710678118654757 -0.70710678118654757 0.70710678118654757 -0.70710678118654757 2
1 0 14.200000000000003 1 0 
1 0 13.700000000000003 1 0 
1 0 13.700000000000003 1 0 
2 -46.22212180759 -56.98718397439 -0.70710678118654757 -0.70710678118654757 0.70710678118654757 -0.70710678118654757 2
1 0 13.5 1 0 
7 0 0  1 2 2  4.0470228255230003 0.19999939999999999  4.0470228255230003 15.200000599999999 
 -5.9999999999999997e-07 2 15.0000006 2
7 0 0  1 2 2  0.75210546083600005 -5.9999999999999997e-07  0.75210546083600005 15.0000006 
 -5.9999999999999997e-07 2 15.0000006 2
1 4.0470228255229053 15 0 -1 
7 0 0  1 2 2  3.9269908169869998 -5.9999999998950005e-07  3.9269908169869998 15.4000006 
 -5.9999999998950005e-07 2 15.4000006 2
7 0 0  1 2 2  3.9269908169869998 -5.9999999998950005e-07  3.9269908169869998 15.4000006 
 -5.9999999998950005e-07 2 15.4000006 2
1 3.9269908169872414 15.200000000000003 0 -1 
1 15 0 0 1 
1 0 0 1 0 
1 19.366206258119998 32.959695549679999 0.70710678118654757 0.70710678118654757 
2 -36.999999999996803 9.6120484580487933 -0.70710678118654757 -0.70710678118654757 0.70710678118654757 -0.70710678118654757 69.680000000000007
2 0 0 -1 0 0 1 69.680000000000007
1 15 0 0 1 
1 3.5367264672458987e-12 19.224096916094055 1 0 
1 32.959695549679999 19.366206258125001 0.70710678118654757 0.70710678118654757 
2 -36.999999999996803 9.6120484580487933 -0.70710678118654757 -0.70710678118654757 0.70710678118654757 -0.70710678118654757 68.980000000000004
1 4.7123889803849996 0 -0 1 
1 0 35.979999999998626 1 0 
8 -54.479999999997027 -22.902419381094308
1 -6.2847308061699989 19.878220097730001 0.70710678118654757 -0.70710678118654757 
8 -54.479999999997027 -22.902419381094308
1 14.200000000000003 -18.499999999998401 0 -1 
7 0 0  5 18 5  2.2193883449964593 1.5707963267948966  2.2192617139578679 1.6518344117535975  2.219134786564648 1.7328740958567832  2.2190092909678309 1.8139169149996759  2.218886965748196 1.8949796904299092  2.2186557289112199 2.0545524175513945  2.218546507367277 2.1330654197147441  2.218443309098471 2.2115999145453911  2.2183475280178602 2.290167055936692  2.2181747063516153 2.4459908554867544  2.2180973647056317 2.5232508040976347  2.2180294716689892 2.6005343309917732  2.2179719465941394 2.6778467653686033  2.2178789471449472 2.8324320647169321  2.2178434487903287 2.9097093836182664  2.2178195631186641 2.9869967546116878  2.2178076204764494 3.0642958662874502  2.2178076204764494 3.1415926535897931 
 0 6 0.25842446251387835 4 0.50858946584148434 4 0.75441344232884411 4 1 6
7 0 0  5 18 5  14.200000000000003 32.821478961996846  14.200000000000003 32.75603704569486  14.206567312533945 32.690592433143728  14.219701546395303 32.626039144242263  14.239227666575175 32.563259199490872  14.289558529091495 32.444825021548375  14.319984167614425 32.389004029386598  14.355766494371755 32.336368344380958  14.396453126987611 32.287601108574123  14.485701081445749 32.199733929656865  14.534115896650208 32.160478546642778  14.586164896044309 32.126067933832147  14.641200693284546 32.096941578610377  14.75575034804047 32.049885503632751  14.815263151773003 32.031943628312433  14.876323278768423 32.019878465753706  14.938162570158125 32.013845889361676  15 32.013845889361676 
 0 6 0.25842446251387835 4 0.50858946584148434 4 0.75441344232884411 4 1 6
7 0 0  6 22 5  2.2193883449964593 1.5707963267948966  2.2191208022788587 1.6621110617190089  2.2188519727341407 1.7534348311707577  2.2185858861345422 1.8447603670370043  2.2183265716963825 1.936118216558133  2.2180780386439296 2.0275379350181799  2.2177337257137775 2.1621665009421687  2.2176265831327311 2.2053417044915609  2.2175230849362322 2.248530759307652  2.2174236113281869 2.2917342736653943  2.2173285233382498 2.3349525611028086  2.2171490464047294 2.4208234791739716  2.2170645255991079 2.4634759163675479  2.2169849284393308 2.5061428619121848  2.2169105541711591 2.5488239320375019  2.2168416732517455 2.5915184492922667  2.2166536326054369 2.718694565950674  2.2165511515394956 2.8032244074890329  2.2164729803015386 2.8877831274495196  2.2164203994087086 2.9723710499853198  2.2163941150889483 3.0569873124705058  2.2163941150889483 3.1415926535897931 
 0 7 0.34992176053082835 5 0.51504717399975208 5 0.67789911201907394 5 1 7
7 0 0  6 22 5  13.5 32.821478961996846  13.5 32.683215007699459  13.515009123604468 32.54493092326851  13.545032711187641 32.408715212926836  13.589693384921524 32.276591285600823  13.648307542993319 32.15050810450893  13.753551794854657 31.976495270823715  13.790165663947937 31.922452618078257  13.829541978903682 31.870345574699073  13.871555718818783 31.820352631066072  13.916066694479037 31.772641455969566  14.00912732398749 31.682719657732559  14.0576137171934 31.640441350176403  14.108229377703646 31.600684469042363  14.160813277337875 31.563585419513146  14.215192710008594 31.529266516853642  14.381925701713557 31.435670304574671  14.498988090690894 31.384793693026364  14.620921776048004 31.346060096691939  14.746167361022916 31.320031086676149  14.87309198832107 31.307019583938512  15 31.307019583938512 
 0 7 0.34992176053082835 5 0.51504717399975208 5 0.67789911201907394 5 1 7
8 -54.479999999997027 -22.902419381094308
1 -6.2847308061699989 19.878220097730001 0.70710678118654757 -0.70710678118654757 
8 -54.479999999997027 -22.902419381094308
1 13.5 -18.499999999998401 0 -1 
7 0 0  5 18 5  2.4930006353881797 1.5707963267948966  2.4931272664267712 1.6518344117535901  2.4932541938199915 1.7328740958567868  2.4933796894168077 1.8139169149996655  2.4935020146364431 1.8949796904299185  2.4937332514734192 2.0545524175513861  2.4938424730173621 2.1330654197147698  2.4939456712861672 2.2115999145453742  2.4940414523667789 2.2901670559367009  2.4942142740330238 2.4459908554867402  2.494291615679006 2.5232508040976933  2.4943595087156498 2.6005343309917102  2.4944170337904992 2.6778467653686304  2.4945100332396914 2.8324320647169254  2.4945455315943095 2.9097093836182859  2.4945694172659754 2.986996754611658  2.4945813599081887 3.0642958662874626  2.4945813599081887 3.1415926535897931 
 0 6 0.25842446251386914 4 0.50858946584146802 4 0.75441344232880347 4 1 6
7 0 0  5 18 5  14.200000000000003 32.821478961993805  14.200000000000003 32.756037045691826  14.206567312533945 32.690592433140637  14.219701546395299 32.62603914423925  14.239227666575179 32.56325919948781  14.289558529091494 32.444825021545327  14.319984167614436 32.389004029383528  14.355766494371748 32.336368344377931  14.396453126987616 32.28760110857106  14.48570108144574 32.199733929653817  14.534115896650246 32.16047854663973  14.586164896044266 32.126067933829098  14.641200693284565 32.096941578607328  14.755750348040465 32.049885503629717  14.815263151773021 32.031943628309378  14.876323278768398 32.019878465750658  14.938162570158136 32.013845889358635  15 32.013845889358635 
 0 6 0.25842446251386914 4 0.50858946584146802 4 0.75441344232880347 4 1 6
1 1.570796326795 0 0 1 
1 0 35.979999999998611 1 0 
8 -54.479999999998789 -22.902419381088301
1 -19.87822009772875 6.2847308061737506 0.70710678118654757 -0.70710678118654757 
8 -54.479999999998789 -22.902419381088301
1 14.200000000000003 -18.500000000000171 0 -1 
7 0 0  6 22 5  2.4930006353881797 1.5707963267948966  2.4932681781057804 1.6621110617190027  2.4935370076504992 1.7534348311707217  2.4938030942500964 1.8447603670370762  2.4940624086882561 1.9361182165580759  2.4943109417407094 2.0275379350182008  2.4946552546708616 2.16216650094217  2.4947623972519075 2.2053417044915662  2.494865895448406 2.2485307593076596  2.4949653690564517 2.2917342736653992  2.4950604570463892 2.3349525611028086  2.4952399339799096 2.4208234791739724  2.4953244547855307 2.4634759163675533  2.4954040519453073 2.5061428619121915  2.495478426213479 2.5488239320375063  2.4955473071328926 2.5915184492922667  2.4957353477792013 2.7186945659506225  2.4958378288451439 2.8032244074892159  2.4959160000830973 2.8877831274492807  2.4959685809759313 2.9723710499854614  2.4959948652956894 3.0569873124704801  2.4959948652956894 3.1415926535897931 
 0 7 0.34992176053083474 5 0.51504717399980426 5 0.67789911201917463 5 1 7
7 0 0  6 22 5  13.5 32.821478961993805  13.5 32.683215007696425  13.51500912360445 32.544930923265461  13.545032711187678 32.408715212923717  13.589693384921489 32.276591285597853  13.648307542993335 32.150508104505846  13.753551794854657 31.97649527082066  13.79016566394794 31.922452618075209  13.82954197890369 31.870345574696032  13.871555718818788 31.820352631063027  13.916066694479037 31.772641455966511  14.00912732398749 31.682719657729493  14.057613717193405 31.640441350173361  14.108229377703653 31.600684469039333  14.160813277337882 31.563585419510105  14.215192710008594 31.529266516850583  14.38192570171349 31.435670304571655  14.498988090691174 31.384793693023273  14.620921776047627 31.346060096688941  14.746167361023137 31.32003108667309  14.873091988321031 31.307019583935471  15 31.307019583935471 
 0 7 0.34992176053083474 5 0.51504717399980426 5 0.67789911201917463 5 1 7
8 -54.479999999998789 -22.902419381088301
1 -19.87822009772875 6.2847308061737506 0.70710678118654757 -0.70710678118654757 
8 -54.479999999998789 -22.902419381088301
1 13.5 -18.500000000000171 0 -1 
2 -46.22212180759 56.987183974399002 -0.70710678118654757 0.70710678118654757 -0.70710678118654757 -0.70710678118654757 2
1 1.7763568394002505e-15 13.5 1 0 
2 -46.22212180759 56.987183974399002 -0.70710678118654757 0.70710678118654757 -0.70710678118654757 -0.70710678118654757 2
1 1.7763568394002505e-15 14.200000000000003 1 0 
7 0 0  1 2 2  5.5310798463440003 -5.9999999999999997e-07  5.5310798463440003 15.0000006 
 -5.9999999999999997e-07 2 15.0000006 2
7 0 0  1 2 2  2.2361624816569998 0.19999939999999999  2.2361624816569998 15.200000599999999 
 -5.9999999999999997e-07 2 15.0000006 2
1 2.2361624816566734 15 0 -1 
2 -56.98718397439 46.22212180759 -0.70710678118654757 0.70710678118654757 -0.70710678118654757 -0.70710678118654757 2
1 0 14.200000000000003 1 0 
1 0 14.400000000000006 1 0 
1 0 0.79999999999999716 1 0 
1 0 14.400000000000006 1 0 
1 0 0.79999999999999716 1 0 
2 -56.98718397439 46.22212180759 -0.70710678118654757 0.70710678118654757 -0.70710678118654757 -0.70710678118654757 2
1 0 13.5 1 0 
1 0 13.700000000000003 1 0 
1 0 13.700000000000003 1 0 
7 0 0  1 2 2  2.4762264987279998 0.19999939999999999  2.4762264987279998 15.200000599999999 
 -5.9999999999999997e-07 2 15.0000006 2
7 0 0  1 2 2  0.75210546083600005 -5.9999999999999997e-07  0.75210546083600005 15.0000006 
 -5.9999999999999997e-07 2 15.0000006 2
1 2.4762264987279452 15 0 -1 
7 0 0  1 2 2  2.3561944901919998 -5.9999999998950005e-07  2.3561944901919998 15.4000006 
 -5.9999999998950005e-07 2 15.4000006 2
7 0 0  1 2 2  2.3561944901919998 -5.9999999998950005e-07  2.3561944901919998 15.4000006 
 -5.9999999998950005e-07 2 15.4000006 2
1 2.3561944901922787 15.200000000000003 0 -1 
1 15 0 0 1 
1 0 0 1 0 
1 37 9.6120484580460008 1 1.2246467991469999e-16 
2 -37 9.6120484580459955 -1 -1.2246467991469999e-16 1.2246467991469999e-16 -1 69.680000000000007
2 0 0 -1 0 0 1 69.680000000000007
1 15 0 0 1 
1 -2.3542728754783784e-15 19.224096916092002 1 0 
1 37 -9.6120484580460008 1 1.2246467991469999e-16 
2 -37 9.6120484580459955 -1 -1.2246467991469999e-16 1.2246467991469999e-16 -1 68.980000000000004
1 4.7123889803849996 0 -0 1 
1 0 35.980000000000004 1 0 
8 -54.480000000000004 -22.902419381089999
1 -18.5 9.6120484580459973 1 -1.2246467991469999e-16 
8 -54.480000000000004 -22.902419381089999
1 14.200000000000003 -18.5 0 -1 
7 0 0  5 18 5  3.0047865083939476 1.5707963267948966  3.0046598773553561 1.6518344117535915  3.0045329499621358 1.7328740958567908  3.0044074543653196 1.8139169149996617  3.0042851291456842 1.8949796904299145  3.0040538923087081 2.0545524175513963  3.0039446707647661 2.133065419714737  3.0038414724959592 2.2115999145453857  3.0037456914153489 2.2901670559366956  3.003572869749104 2.445990855486762  3.0034955281031204 2.5232508040976152  3.0034276350664779 2.6005343309917945  3.0033701099916281 2.6778467653685931  3.0032771105424358 2.8324320647169197  3.0032416121878178 2.9097093836183099  3.0032177265161519 2.9869967546116327  3.0032057838739386 3.0642958662874777  3.0032057838739386 3.1415926535897931 
 0 6 0.25842446251386181 4 0.50858946584147391 4 0.75441344232887486 4 1 6
7 0 0  5 18 5  14.200000000000003 32.821478961994032  14.200000000000003 32.756037045692054  14.206567312533945 32.690592433140893  14.219701546395299 32.626039144239456  14.239227666575177 32.563259199488058  14.289558529091497 32.444825021545562  14.319984167614423 32.38900402938377  14.355766494371752 32.336368344378151  14.396453126987613 32.287601108571302  14.485701081445752 32.199733929654045  14.534115896650194 32.160478546639972  14.586164896044327 32.126067933829319  14.641200693284539 32.09694157860757  14.755750348040461 32.049885503629945  14.815263151773037 32.031943628309634  14.876323278768378 32.019878465750857  14.938162570158148 32.013845889358876  15 32.013845889358876 
 0 6 0.25842446251386181 4 0.50858946584147391 4 0.75441344232887486 4 1 6
7 0 0  6 22 5  3.0047865083939476 1.5707963267948966  3.0045189656763469 1.6621110617189929  3.0042501361316289 1.7534348311707688  3.00398404953203 1.8447603670370079  3.0037247350938712 1.9361182165581248  3.0034762020414179 2.0275379350181817  3.0031318891112648 2.16216650094217  3.0030247465302193 2.2053417044915613  3.0029212483337209 2.2485307593076524  3.0028217747256751 2.2917342736653947  3.0027266867357381 2.3349525611028086  3.0025472098022181 2.4208234791739751  3.0024626889965966 2.4634759163675515  3.0023830918368195 2.506142861912187  3.0023087175686478 2.5488239320375032  3.0022398366492347 2.591518449292268  3.002051796002926 2.7186945659506003  3.0019493149369838 2.8032244074892936  3.0018711436990291 2.8877831274491603  3.0018185628061973 2.9723710499855684  3.0017922784864375 3.0569873124704348  3.0017922784864375 3.1415926535897931 
 0 7 0.34992176053089769 5 0.51504717399986244 5 0.67789911201923825 5 1 7
7 0 0  6 22 5  13.5 32.821478961994032  13.5 32.683215007696667  13.515009123604463 32.544930923265639  13.545032711187648 32.408715212924058  13.589693384921519 32.276591285598002  13.64830754299332 32.150508104506116  13.753551794854657 31.976495270820902  13.790165663947937 31.922452618075443  13.829541978903682 31.870345574696259  13.871555718818783 31.820352631063258  13.916066694479037 31.772641455966752  14.009127323987494 31.682719657729734  14.057613717193405 31.640441350173599  14.108229377703649 31.60068446903956  14.160813277337875 31.563585419510332  14.215192710008594 31.529266516850811  14.381925701713461 31.4356703045719  14.498988090691277 31.384793693023497  14.620921776047449 31.346060096689165  14.746167361023303 31.320031086673335  14.873091988320963 31.307019583935698  15 31.307019583935698 
 0 7 0.34992176053089769 5 0.51504717399986244 5 0.67789911201923825 5 1 7
8 -54.480000000000004 -22.902419381089999
1 -18.5 9.6120484580459973 1 -1.2246467991469999e-16 
8 -54.480000000000004 -22.902419381089999
1 13.5 -18.5 0 -1 
7 0 0  5 18 5  3.2783987987856387 1.5707963267948966  3.2785254298242301 1.6518344117535946  3.2786523572174504 1.7328740958567828  3.278777852814267 1.8139169149996726  3.278900178033902 1.8949796904299103  3.2791314148708781 2.0545524175513981  3.279240636414821 2.1330654197147356  3.2793438346836261 2.2115999145453911  3.2794396157642378 2.2901670559366911  3.2796124374304827 2.4459908554867225  3.2796897790764659 2.5232508040977173  3.2797576721131079 2.6005343309916897  3.2798151971879586 2.6778467653686358  3.2799081966371508 2.8324320647168881  3.2799436949917675 2.9097093836183832  3.2799675806634356 2.9869967546115603  3.2799795233056477 3.0642958662875053  3.2799795233056477 3.1415926535897931 
 0 6 0.25842446251393059 4 0.50858946584160192 4 0.75441344232892127 4 1 6
7 0 0  5 18 5  14.200000000000003 32.821478961994032  14.200000000000003 32.756037045692054  14.206567312533945 32.6905924331409  14.219701546395303 32.626039144239449  14.239227666575175 32.563259199488058  14.289558529091497 32.444825021545562  14.319984167614422 32.389004029383777  14.355766494371755 32.336368344378144  14.396453126987611 32.287601108571309  14.485701081445729 32.199733929654066  14.534115896650256 32.160478546639922  14.586164896044258 32.126067933829361  14.641200693284571 32.096941578607556  14.755750348040436 32.049885503629952  14.815263151773088 32.031943628309627  14.876323278768327 32.019878465750864  14.93816257015817 32.013845889358876  15 32.013845889358876 
 0 6 0.25842446251393059 4 0.50858946584160192 4 0.75441344232892127 4 1 6
1 1.570796326795 0 0 1 
1 0 35.980000000000004 1 0 
8 -54.480000000000004 -22.902419381089999
1 -18.5 -9.6120484580460044 1 -1.2246467991469999e-16 
8 -54.480000000000004 -22.902419381089999
1 14.200000000000003 -18.5 0 -1 
7 0 0  6 22 5  3.2783987987856387 1.5707963267948966  3.2786663415032393 1.6621110617189994  3.2789351710479582 1.753434831170767  3.2792012576475549 1.8447603670369954  3.279460572085716 1.9361182165581408  3.2797091051381684 2.0275379350181799  3.2800534180683214 2.16216650094217  3.2801605606493669 2.2053417044915626  3.2802640588458654 2.2485307593076538  3.2803635324539115 2.2917342736653952  3.2804586204438482 2.3349525611028086  3.2806380973773681 2.4208234791739742  3.2807226181829896 2.4634759163675519  3.2808022153427667 2.5061428619121888  3.2808765896109384 2.5488239320375046  3.2809454705303516 2.5915184492922676  3.2811335111766606 2.7186945659506749  3.2812359922426015 2.8032244074890516  3.2813141634805589 2.8877831274494739  3.2813667443733885 2.9723710499853855  3.2813930286931488 3.0569873124704707  3.2813930286931488 3.1415926535897931 
 0 7 0.3499217605308072 5 0.51504717399972599 5 0.67789911201905317 5 1 7
7 0 0  6 22 5  13.5 32.821478961994032  13.5 32.68321500769666  13.515009123604463 32.54493092326566  13.545032711187648 32.408715212924037  13.589693384921523 32.276591285598002  13.648307542993319 32.150508104506116  13.753551794854657 31.976495270820902  13.790165663947937 31.922452618075443  13.829541978903682 31.870345574696263  13.871555718818783 31.820352631063262  13.916066694479037 31.772641455966752  14.009127323987494 31.682719657729738  14.057613717193405 31.640441350173599  14.108229377703651 31.600684469039564  14.16081327733788 31.563585419510332  14.215192710008594 31.529266516850811  14.381925701713559 31.435670304571843  14.498988090690988 31.384793693023592  14.62092177604781 31.346060096689115  14.74616736102309 31.320031086673325  14.873091988321017 31.307019583935713  15 31.307019583935713 
 0 7 0.3499217605308072 5 0.51504717399972599 5 0.67789911201905317 5 1 7
8 -54.480000000000004 -22.902419381089999
1 -18.5 -9.6120484580460044 1 -1.2246467991469999e-16 
8 -54.480000000000004 -22.902419381089999
1 13.5 -18.5 0 -1 
2 -72.980000000000004 7.6120484580459999 -1 1.2246467991469999e-16 -1.2246467991469999e-16 -1 2
1 0 13.5 1 0 
2 -72.980000000000004 7.6120484580459999 -1 1.2246467991469999e-16 -1.2246467991469999e-16 -1 2
1 0 14.200000000000003 1 0 
7 0 0  1 2 2  5.5310798463440003 -5.9999999999999997e-07  5.5310798463440003 15.0000006 
 -5.9999999999999997e-07 2 15.0000006 2
7 0 0  1 2 2  3.021560645054 0.19999939999999999  3.021560645054 15.200000599999999 
 -5.9999999999999997e-07 2 15.0000006 2
1 3.0215606450541768 15 0 -1 
2 -72.980000000000004 -7.6120484580449999 -1 1.2246467991469999e-16 -1.2246467991469999e-16 -1 2
1 0 14.200000000000003 1 0 
1 0 14.400000000000006 1 0 
1 0 0.79999999999999716 1 0 
1 0 14.400000000000006 1 0 
1 0 0.79999999999999716 1 0 
2 -72.980000000000004 -7.6120484580449999 -1 1.2246467991469999e-16 -1.2246467991469999e-16 -1 2
1 0 13.5 1 0 
1 0 13.700000000000003 1 0 
1 0 13.700000000000003 1 0 
7 0 0  1 2 2  3.261624662125 0.19999939999999999  3.261624662125 15.200000599999999 
 -5.9999999999999997e-07 2 15.0000006 2
7 0 0  1 2 2  0.75210546083600005 -5.9999999999999997e-07  0.75210546083600005 15.0000006 
 -5.9999999999999997e-07 2 15.0000006 2
1 3.2616246621254095 15 0 -1 
7 0 0  1 2 2  3.1415926535900001 -5.9999999998950005e-07  3.1415926535900001 15.4000006 
 -5.9999999998950005e-07 2 15.4000006 2
7 0 0  1 2 2  3.1415926535900001 -5.9999999998950005e-07  3.1415926535900001 15.4000006 
 -5.9999999998950005e-07 2 15.4000006 2
1 3.1415926535897931 15.200000000000003 0 -1 
1 -37 9.6120484580460008 -1 0 
1 -37 9.6120484580460008 -1 0 
1 -1.570796326795 15 1 0 
2 35.980000000000004 17.224096916092002 0 -1 1 0 2
2 -72.980000000000004 7.6120484580459999 0 -1 -1 -0 2
2 -72.980000000000004 7.6120484580459999 0 -1 -1 -0 2
1 0 15.199999999999999 1 0 
2 -37 9.6120484580460008 1 0 -0 1 74.980000000000004
8 0 0.12003200853561495
1 0 0 1 0 
1 0 15.199999999999999 1 0 
2 -37 9.6120484580460008 1 0 -0 1 74.980000000000004
8 6.1631532986439712 6.2831853071795862
1 0 0 1 0 
1 10.995574287565001 15 -1 0 
2 35.980000000000004 2.0000000000000009 0 -1 -1 -0 2.0000000000000009
2 -72.980000000000004 -7.6120484580459999 0 -1 1 0 2.0000000000000009
2 -72.980000000000004 -7.6120484580459999 0 -1 1 0 2.0000000000000009
1 -37 -9.6120484580460008 -1 0 
1 -37 -9.6120484580460008 -1 0 
1 6.1631532986439712 15 0 -1 
8 14.200000000000003 15
1 6.1631532986439712 15 0 -1 
1 6.2831853071800001 -0 0 1 
1 0 -0 0 1 
8 14.400000000000006 15.199999999999999
1 0 15.200000000000003 -0 -1 
8 14.400000000000006 15.199999999999999
1 6.2831853071795862 15.200000000000003 -0 -1 
1 0.12003200853561494 15 0 -1 
8 14.200000000000003 15
1 0.12003200853561494 15 0 -1 
1 -19.366206258125001 -32.959695549679999 -0.70710678118654757 -0.70710678118654757 
1 -19.366206258125001 -32.959695549679999 -0.70710678118654757 -0.70710678118654757 
1 10.995574287565001 15 -1 0 
2 35.979999999993666 2.0000000000062315 0 -1 -1 -0 1.999999999999996
2 -46.22212180759 -56.98718397439 0.70710678118654757 -0.70710678118654757 0.70710678118654757 0.70710678118654757 1.999999999999996
2 -46.22212180759 -56.98718397439 0.70710678118654757 -0.70710678118654757 0.70710678118654757 0.70710678118654757 1.999999999999996
1 0 15.199999999999999 1 0 
2 -37.000000000000341 9.6120484580452565 0.70710678118654757 0.70710678118654757 -0.70710678118654757 0.70710678118654757 74.980000000000004
8 5.3777551352465371 5.4977871437822046
1 0 0 1 0 
2 0 0 -1 0 0 1 74.980000000000004
8 5.3777551352465371 5.4977871437822046
1 0 0 1 0 
2 0 0 -1 0 0 1 74.980000000000004
1 0 15.199999999999999 1 0 
2 -37.000000000000341 9.6120484580452565 0.70710678118654757 0.70710678118654757 -0.70710678118654757 0.70710678118654757 74.980000000000004
8 5.4977871437822046 5.6178191523178098
1 0 0 1 0 
2 0 0 -1 0 0 1 74.980000000000004
8 5.4977871437822046 5.6178191523178098
1 0 0 1 0 
2 0 0 -1 0 0 1 74.980000000000004
1 -1.570796326795 15 1 0 
2 35.980000000000032 17.224096916090652 0 -1 1 0 1.999999999999996
2 -56.987183974399002 -46.22212180759 0.70710678118654757 -0.70710678118654757 -0.70710678118654757 -0.70710678118654757 1.999999999999996
2 -56.987183974399002 -46.22212180759 0.70710678118654757 -0.70710678118654757 -0.70710678118654757 -0.70710678118654757 1.999999999999996
1 -32.959695549679999 -19.366206258119998 -0.70710678118654757 -0.70710678118654757 
1 -32.959695549679999 -19.366206258119998 -0.70710678118654757 -0.70710678118654757 
1 5.3777551352465371 15 0 -1 
8 14.200000000000003 15
1 5.3777551352465371 15 0 -1 
1 5.4977871437822037 15.200000000000003 0 -1 
8 14.400000000000006 15.199999999999999
1 5.4977871437822037 15.200000000000003 0 -1 
1 5.6178191523178098 15 0 -1 
8 14.200000000000003 15
1 5.6178191523178098 15 0 -1 
1 -32.959695549679999 19.366206258125001 -0.70710678118654757 0.70710678118654757 
1 -32.959695549679999 19.366206258125001 -0.70710678118654757 0.70710678118654757 
1 10.995574287565001 15 -1 0 
2 35.980000000000032 1.999999999999865 0 -1 -1 -0 1.999999999999996
2 -56.987183974399002 46.22212180759 -0.70710678118654757 -0.70710678118654757 0.70710678118654757 -0.70710678118654757 1.999999999999996
2 -56.987183974399002 46.22212180759 -0.70710678118654757 -0.70710678118654757 0.70710678118654757 -0.70710678118654757 1.999999999999996
1 0 15.199999999999999 1 0 
2 -37.000000000000341 9.6120484580452565 0.70710678118654757 -0.70710678118654757 0.70710678118654757 0.70710678118654757 74.980000000000004
8 0.6653661548618397 0.78539816339744839
1 0 0 1 0 
2 0 0 -1 0 0 1 74.980000000000004
8 0.6653661548618397 0.78539816339744839
1 0 0 1 0 
2 0 0 -1 0 0 1 74.980000000000004
1 0 15.199999999999999 1 0 
2 -37.000000000000341 9.6120484580452565 0.70710678118654757 -0.70710678118654757 0.70710678118654757 0.70710678118654757 74.980000000000004
8 0.78539816339744839 0.90543017193305686
1 0 0 1 0 
2 0 0 -1 0 0 1 74.980000000000004
8 0.78539816339744839 0.90543017193305686
1 0 0 1 0 
2 0 0 -1 0 0 1 74.980000000000004
1 -1.570796326795 15 1 0 
2 35.980000000000032 17.224096916090652 0 -1 1 0 1.999999999999996
2 -46.22212180759 56.987183974399002 -0.70710678118654757 -0.70710678118654757 -0.70710678118654757 0.70710678118654757 1.999999999999996
2 -46.22212180759 56.987183974399002 -0.70710678118654757 -0.70710678118654757 -0.70710678118654757 0.70710678118654757 1.999999999999996
1 -19.366206258125001 32.959695549679999 -0.70710678118654757 0.70710678118654757 
1 -19.366206258125001 32.959695549679999 -0.70710678118654757 0.70710678118654757 
1 0.6653661548618397 15 0 -1 
8 14.200000000000003 15
1 0.6653661548618397 15 0 -1 
1 0.78539816339744828 15.200000000000003 0 -1 
8 14.400000000000006 15.199999999999999
1 0.78539816339744828 15.200000000000003 0 -1 
1 0.90543017193305697 15 0 -1 
8 14.200000000000003 15
1 0.90543017193305697 15 0 -1 
1 9.6120484580460008 -37 2.22044604925e-16 -1 
1 9.6120484580460008 -37 2.22044604925e-16 -1 
1 10.995574287565001 15 -1 0 
2 35.980000000000004 2.0000000000000089 0 -1 -1 -0 2.0000000000000009
2 7.6120484580459999 -72.980000000000004 1 2.22044604925e-16 -2.22044604925e-16 1 2.0000000000000009
2 7.6120484580459999 -72.980000000000004 1 2.22044604925e-16 -2.22044604925e-16 1 2.0000000000000009
1 0 15.199999999999999 1 0 
2 -37 9.6120484580459919 -2.22044604925e-16 1 -1 -2.22044604925e-16 74.980000000000004
8 4.5923569718490729 4.7123889803846897
1 0 0 1 0 
2 0 0 -1 0 0 1 74.980000000000004
8 4.5923569718490729 4.7123889803846897
1 0 0 1 0 
2 0 0 -1 0 0 1 74.980000000000004
1 0 15.199999999999999 1 0 
2 -37 9.6120484580459919 -2.22044604925e-16 1 -1 -2.22044604925e-16 74.980000000000004
8 4.7123889803846897 4.8324209889203065
1 0 0 1 0 
2 0 0 -1 0 0 1 74.980000000000004
8 4.7123889803846897 4.8324209889203065
1 0 0 1 0 
2 0 0 -1 0 0 1 74.980000000000004
1 -1.570796326795 15 1 0 
2 35.979999999999997 17.224096916091007 0 -1 1 0 2
2 -7.6120484580449999 -72.980000000000004 1 2.22044604925e-16 2.22044604925e-16 -1 2
2 -7.6120484580449999 -72.980000000000004 1 2.22044604925e-16 2.22044604925e-16 -1 2
1 -9.6120484580450007 -37 2.22044604925e-16 -1 
1 -9.6120484580450007 -37 2.22044604925e-16 -1 
1 4.5923569718490729 15 0 -1 
8 14.200000000000003 15
1 4.5923569718490729 15 0 -1 
1 4.7123889803846897 15.200000000000003 0 -1 
8 14.400000000000006 15.199999999999999
1 4.7123889803846897 15.200000000000003 0 -1 
1 4.8324209889203065 15 0 -1 
8 14.200000000000003 15
1 4.8324209889203065 15 0 -1 
1 -9.6120484580460008 37 -1.110223024625e-16 1 
1 -9.6120484580460008 37 -1.110223024625e-16 1 
1 10.995574287565001 15 -1 0 
2 35.980000000000004 2.0000000000000049 0 -1 -1 -0 2.0000000000000009
2 -7.6120484580459999 72.980000000000004 -1 -1.110223024625e-16 1.110223024625e-16 -1 2.0000000000000009
2 -7.6120484580459999 72.980000000000004 -1 -1.110223024625e-16 1.110223024625e-16 -1 2.0000000000000009
1 0 15.199999999999999 1 0 
2 -37 9.6120484580459973 1.110223024625e-16 -1 1 1.110223024625e-16 74.980000000000004
8 1.4507643182592818 1.5707963267948966
1 0 0 1 0 
2 0 0 -1 0 0 1 74.980000000000004
8 1.4507643182592818 1.5707963267948966
1 0 0 1 0 
2 0 0 -1 0 0 1 74.980000000000004
1 0 15.199999999999999 1 0 
2 -37 9.6120484580459973 1.110223024625e-16 -1 1 1.110223024625e-16 74.980000000000004
8 1.5707963267948966 1.6908283353305116
1 0 0 1 0 
2 0 0 -1 0 0 1 74.980000000000004
8 1.5707963267948966 1.6908283353305116
1 0 0 1 0 
2 0 0 -1 0 0 1 74.980000000000004
1 -1.570796326795 15 1 0 
2 35.980000000000004 17.224096916091003 0 -1 1 0 2
2 7.6120484580449999 72.980000000000004 -1 -1.110223024625e-16 -1.110223024625e-16 1 2
2 7.6120484580449999 72.980000000000004 -1 -1.110223024625e-16 -1.110223024625e-16 1 2
1 9.6120484580460008 37 -1.110223024625e-16 1 
1 9.6120484580460008 37 -1.110223024625e-16 1 
1 1.4507643182592818 15 0 -1 
8 14.200000000000003 15
1 1.4507643182592818 15 0 -1 
1 1.5707963267948966 15.200000000000003 0 -1 
8 14.400000000000006 15.199999999999999
1 1.5707963267948966 15.200000000000003 0 -1 
1 1.6908283353305116 15 0 -1 
8 14.200000000000003 15
1 1.6908283353305116 15 0 -1 
1 32.959695549679999 -19.366206258119998 0.70710678118654757 -0.70710678118654757 
1 32.959695549679999 -19.366206258119998 0.70710678118654757 -0.70710678118654757 
1 10.995574287565001 15 -1 0 
2 35.979999999997204 2.0000000000097664 0 -1 -1 -0 1.999999999999996
2 56.98718397439 -46.22212180759 0.70710678118654757 0.70710678118654757 -0.70710678118654757 0.70710678118654757 1.999999999999996
2 56.98718397439 -46.22212180759 0.70710678118654757 0.70710678118654757 -0.70710678118654757 0.70710678118654757 1.999999999999996
1 0 15.199999999999999 1 0 
2 -36.999999999996803 9.6120484580487933 -0.70710678118654757 0.70710678118654757 -0.70710678118654757 -0.70710678118654757 74.980000000000004
8 3.806958808451578 3.9269908169872414
1 0 0 1 0 
2 0 0 -1 0 0 1 74.980000000000004
8 3.806958808451578 3.9269908169872414
1 0 0 1 0 
2 0 0 -1 0 0 1 74.980000000000004
1 0 15.199999999999999 1 0 
2 -36.999999999996803 9.6120484580487933 -0.70710678118654757 0.70710678118654757 -0.70710678118654757 -0.70710678118654757 74.980000000000004
8 3.9269908169872414 4.0470228255229053
1 0 0 1 0 
2 0 0 -1 0 0 1 74.980000000000004
8 3.9269908169872414 4.0470228255229053
1 0 0 1 0 
2 0 0 -1 0 0 1 74.980000000000004
1 -1.570796326795 15 1 0 
2 35.979999999997204 17.224096916087827 0 -1 1 0 1.999999999999996
2 46.22212180759 -56.98718397439 0.70710678118654757 0.70710678118654757 0.70710678118654757 -0.70710678118654757 1.999999999999996
2 46.22212180759 -56.98718397439 0.70710678118654757 0.70710678118654757 0.70710678118654757 -0.70710678118654757 1.999999999999996
1 19.366206258119998 -32.959695549679999 0.70710678118654757 -0.70710678118654757 
1 19.366206258119998 -32.959695549679999 0.70710678118654757 -0.70710678118654757 
1 3.806958808451578 15 0 -1 
8 14.200000000000003 15
1 3.806958808451578 15 0 -1 
1 3.9269908169872414 15.200000000000003 0 -1 
8 14.400000000000006 15.199999999999999
1 3.9269908169872414 15.200000000000003 0 -1 
1 4.0470228255229053 15 0 -1 
8 14.200000000000003 15
1 4.0470228255229053 15 0 -1 
1 19.366206258119998 32.959695549679999 0.70710678118654757 0.70710678118654757 
1 19.366206258119998 32.959695549679999 0.70710678118654757 0.70710678118654757 
1 10.995574287565001 15 -1 0 
2 35.980000000003571 2.0000000000033999 0 -1 -1 -0 1.999999999999996
2 46.22212180759 56.987183974399002 -0.70710678118654757 0.70710678118654757 -0.70710678118654757 -0.70710678118654757 1.999999999999996
2 46.22212180759 56.987183974399002 -0.70710678118654757 0.70710678118654757 -0.70710678118654757 -0.70710678118654757 1.999999999999996
1 0 15.199999999999999 1 0 
2 -36.999999999996803 9.6120484580487933 -0.70710678118654757 -0.70710678118654757 0.70710678118654757 -0.70710678118654757 74.980000000000004
8 2.236162481656673 2.3561944901922787
1 0 0 1 0 
2 0 0 -1 0 0 1 74.980000000000004
8 2.236162481656673 2.3561944901922787
1 0 0 1 0 
2 0 0 -1 0 0 1 74.980000000000004
1 0 15.199999999999999 1 0 
2 -36.999999999996803 9.6120484580487933 -0.70710678118654757 -0.70710678118654757 0.70710678118654757 -0.70710678118654757 74.980000000000004
8 2.3561944901922787 2.4762264987279452
1 0 0 1 0 
2 0 0 -1 0 0 1 74.980000000000004
8 2.3561944901922787 2.4762264987279452
1 0 0 1 0 
2 0 0 -1 0 0 1 74.980000000000004
1 -1.570796326795 15 1 0 
2 35.979999999997204 17.224096916087827 0 -1 1 0 1.999999999999996
2 56.98718397439 46.22212180759 -0.70710678118654757 0.70710678118654757 0.70710678118654757 0.70710678118654757 1.999999999999996
2 56.98718397439 46.22212180759 -0.70710678118654757 0.70710678118654757 0.70710678118654757 0.70710678118654757 1.999999999999996
1 32.959695549679999 19.366206258125001 0.70710678118654757 0.70710678118654757 
1 32.959695549679999 19.366206258125001 0.70710678118654757 0.70710678118654757 
1 2.2361624816566734 15 0 -1 
8 14.200000000000003 15
1 2.2361624816566734 15 0 -1 
1 2.3561944901922787 15.200000000000003 0 -1 
8 14.400000000000006 15.199999999999999
1 2.3561944901922787 15.200000000000003 0 -1 
1 2.4762264987279452 15 0 -1 
8 14.200000000000003 15
1 2.4762264987279452 15 0 -1 
1 37 9.6120484580460008 1 1.2246467991469999e-16 
1 37 9.6120484580460008 1 1.2246467991469999e-16 
1 10.995574287565001 15 -1 0 
2 35.980000000000004 2.0000000000000053 0 -1 -1 -0 2.0000000000000009
2 72.980000000000004 7.6120484580459999 -1.2246467991469999e-16 1 -1 -1.2246467991469999e-16 2.0000000000000009
2 72.980000000000004 7.6120484580459999 -1.2246467991469999e-16 1 -1 -1.2246467991469999e-16 2.0000000000000009
1 0 15.199999999999999 1 0 
2 -37 9.6120484580459955 -1 -1.2246467991469999e-16 1.2246467991469999e-16 -1 74.980000000000004
8 3.0215606450541768 3.1415926535897931
1 0 0 1 0 
2 0 0 -1 0 0 1 74.980000000000004
8 3.0215606450541768 3.1415926535897931
1 0 0 1 0 
2 0 0 -1 0 0 1 74.980000000000004
1 0 15.199999999999999 1 0 
2 -37 9.6120484580459955 -1 -1.2246467991469999e-16 1.2246467991469999e-16 -1 74.980000000000004
8 3.1415926535897931 3.2616246621254095
1 0 0 1 0 
2 0 0 -1 0 0 1 74.980000000000004
8 3.1415926535897931 3.2616246621254095
1 0 0 1 0 
2 0 0 -1 0 0 1 74.980000000000004
1 -1.570796326795 15 1 0 
2 35.980000000000004 17.224096916091003 0 -1 1 0 2
2 72.980000000000004 -7.6120484580449999 -1.2246467991469999e-16 1 1 1.2246467991469999e-16 2
2 72.980000000000004 -7.6120484580449999 -1.2246467991469999e-16 1 1 1.2246467991469999e-16 2
1 37 -9.6120484580460008 1 1.2246467991469999e-16 
1 37 -9.6120484580460008 1 1.2246467991469999e-16 
1 3.0215606450541768 15 0 -1 
8 14.200000000000003 15
1 3.0215606450541768 15 0 -1 
1 3.1415926535897931 15.200000000000003 0 -1 
8 14.400000000000006 15.199999999999999
1 3.1415926535897931 15.200000000000003 0 -1 
1 3.2616246621254095 15 0 -1 
8 14.200000000000003 15
1 3.2616246621254095 15 0 -1 
1 0 0 0 1 
1 10.995574287565001 0 -1 0 
1 0 0.20000000000000001 1 0 
1 0 0.20000000000000001 1 0 
1 -1.570796326795 0 1 0 
1 0 0 0 1 
1 0 0 0 1 
1 0 4.4024193810939991 1 0 
1 6.2831853071795862 0 -0 1 
1 0 4.4024193810939991 1 0 
1 0 0 1 0 
7 0 0  5 18 5  0 2.462776076823e-14  0.75045158294100001 2.4698686768919999e-14  1.5006486617979999 2.4755451424430002e-14  2.2506119002479998 2.4822778999330002e-14  3.0003817183670001 2.486862157869e-14  4.500205438559 2.494958711617e-14  5.2502616722999997 2.4980443535630001e-14  6.0002084862930003 2.500092024971e-14  6.7501049794219998 2.5011241468159999e-14  8.2468962632490008 2.5011241468159999e-14  8.9937939708950001 2.5000310684809999e-14  9.7407414199629994 2.4980553809360001e-14  10.487796958525999 2.4949270104839999e-14  11.987615865656 2.486860397441e-14  12.740383953853 2.4818482940029999e-14  13.4933466937 2.476132423736e-14  14.246545084174 2.4695179902690001e-14  15 2.4623749220189999e-14 
 0 6 0.24990212891300001 4 0.49999999980600002 4 0.74909775361200004 4 1 6
1 0 0.20000000000000001 1 0 
7 0 0  5 18 5  0 2.6455725631039999e-14  0.75045158294100001 2.6529974589690001e-14  1.5006486617979999 2.6108987666999999e-14  2.2506119002479998 2.693792882729e-14  3.0003817183670001 2.672701708192e-14  4.500205438559 2.6819281342549999e-14  5.2502616722989996 2.6854153372989999e-14  6.0002084862940004 2.687857095588e-14  6.7501049794219998 2.6890083708649999e-14  8.2468962632480007 2.6890083708649999e-14  8.9937939708950001 2.6878034777160002e-14  9.7407414199629994 2.6853939179569999e-14  10.487796958525999 2.681914694819e-14  11.987615865656 2.672678201262e-14  12.740383953853 2.6639801724969999e-14  13.493346693701 2.6636806579360002e-14  14.246545084173 2.6543810347210001e-14  15 2.6468627636889999e-14 
 0 6 0.24990212891300001 4 0.49999999980600002 4 0.74909775361200004 4 1 6
1 0 0 1 0 
1 0 0 1 0 
7 0 0  5 18 5  0 2.6329524498160001e-14  0.75045158294100001 2.6251227036109999e-14  1.5006486617979999 2.6064273114250001e-14  2.2506119002479998 2.6126061963070001e-14  3.0003817183670001 2.602530272587e-14  4.500205438559 2.593463800009e-14  5.2502616722999997 2.5901234202739999e-14  6.0002084862940004 2.5875833661419999e-14  6.7501049794219998 2.5863535134829999e-14  8.2468962632490008 2.5860951763890001e-14  8.9937939708950001 2.5871392115279999e-14  9.7407414199639994 2.589323294859e-14  10.487796958525999 2.5925103046689999e-14  11.987615865656 2.6009960333860001e-14  12.740383953853 2.606517842981e-14  13.493346693701 2.6122653151100001e-14  14.246545084173 2.620017508129e-14  15 2.627607333106e-14 
 0 6 0.24990212891300001 4 0.49999999980600002 4 0.74909775361200004 4 1 6
1 0 0.20000000000000001 1 0 
7 0 0  5 18 5  0 2.5076387898610001e-14  0.75045158294100001 2.513525972352e-14  1.5006486617979999 2.6120882464179999e-14  2.2506119002479998 2.5153810209090001e-14  3.0003817183670001 2.5575046462000001e-14  4.500205438559 2.5656550263769999e-14  5.2502616722999997 2.5688603110649999e-14  6.0002084862940004 2.5708892705400001e-14  6.7501049794219998 2.5719418442729999e-14  8.2468962632490008 2.5719418442729999e-14  8.9937939708950001 2.5708537598769998e-14  9.7407414199639994 2.5688188985639999e-14  10.487796958525999 2.5656567199270002e-14  11.987615865656 2.557470061355e-14  12.740383953853 2.5130171518880001e-14  13.493346693701 2.6161344449579999e-14  14.246545084173 2.5117956384609999e-14  15 2.505872064606e-14 
 0 6 0.24990212891300001 4 0.49999999980600002 4 0.74909775361200004 4 1 6
1 0 0 1 0 
1 0 0 1 0 
7 0 0  5 18 5  0 2.6157678453820001e-14  0.75045158294100001 2.6317621962990001e-14  1.5006486617979999 2.4651323484999999e-14  2.2506119002479998 2.706323579181e-14  3.0003817183670001 2.6613590472220001e-14  4.500205438559 2.679811899347e-14  5.2502616722999997 2.6860058397199999e-14  6.0002084862940004 2.6932308088980001e-14  6.7501049794219998 2.69293168417e-14  8.2468962632480007 2.6950088993530001e-14  8.9937939708950001 2.689963884157e-14  9.7407414199629994 2.6876087230940001e-14  10.487796958525999 2.679726415322e-14  11.987615865656 2.6613710630570002e-14  12.740383953853 2.674979779561e-14  13.493346693701 2.5650492192050001e-14  14.246545084174 2.6318992927469998e-14  15 2.6158328975119999e-14 
 0 6 0.24990212891300001 4 0.49999999980600002 4 0.74909775361200004 4 1 6
1 0 0.20000000000000001 1 0 
7 0 0  5 18 5  0 2.6318659132529999e-14  0.75045158294100001 2.6244299777980001e-14  1.5006486617979999 2.603974401805e-14  2.2506119002479998 2.6126023032340001e-14  3.0003817183670001 2.601928866445e-14  4.500205438559 2.5931409430610001e-14  5.2502616722999997 2.5898458288519999e-14  6.0002084862940004 2.587484853278e-14  6.7501049794219998 2.5863074450920001e-14  8.2468962632490008 2.586049107998e-14  8.9937939708950001 2.5869292940869999e-14  9.7407414199629994 2.589267167547e-14  10.487796958525999 2.5920147783610001e-14  11.987615865656 2.6005257676689999e-14  12.740383953852 2.6054413213479999e-14  13.493346693701 2.61143233079e-14  14.246545084173 2.6186655157649999e-14  15 2.6259829492719999e-14 
 0 6 0.24990212891300001 4 0.49999999980600002 4 0.74909775361200004 4 1 6
1 0 0 1 0 
1 0 0 1 0 
7 0 0  5 18 5  0 2.4676658286199999e-14  0.75045158294100001 2.473192222127e-14  1.5006486617979999 2.491705905373e-14  2.2506119002479998 2.4839282754999999e-14  3.0003817183680002 2.4933358408970001e-14  4.500205438559 2.5011394241240001e-14  5.2502616722999997 2.5039920919439999e-14  6.0002084862940004 2.5063492756070001e-14  6.7501049794219998 2.507234466074e-14  8.2468962632490008 2.5076046316479999e-14  8.9937939708950001 2.5066305446739999e-14  9.7407414199629994 2.5049436695729999e-14  10.487796958525999 2.5021187044580001e-14  11.987615865657 2.494911294085e-14  12.740383953852 2.489352670928e-14  13.493346693702 2.4870936665610001e-14  14.246545084173 2.4778608476750001e-14  15 2.4726097905269999e-14 
 0 6 0.24990212891300001 4 0.49999999980600002 4 0.74909775361200004 4 1 6
1 0 0.20000000000000001 1 0 
7 0 0  5 18 5  0 2.4381207436609999e-14  0.75045158294100001 2.4310820516459999e-14  1.5006486617979999 2.4114174382799999e-14  2.2506119002479998 2.4124127622399999e-14  3.0003817183680002 2.3838186305889999e-14  4.500205438559 2.361666823261e-14  5.2502616722999997 2.349821729177e-14  6.0002084862940004 2.3370247165080001e-14  6.7501049794219998 2.323582552579e-14  8.2468962632480007 2.295622627641e-14  8.9937939708960002 2.2886875307489999e-14  9.7407414199619993 2.2460477268299999e-14  10.487796958525999 2.266455334535e-14  11.987615865656 2.235589525328e-14  12.740383953853 2.2194596946819999e-14  13.493346693701 2.2060122187310001e-14  14.246545084174 2.188209859309e-14  15 2.1740958306170001e-14 
 0 6 0.24990212891300001 4 0.49999999980600002 4 0.74909775361200004 4 1 6
1 0 0 1 0 
1 0 0 1 0 
7 0 0  5 18 5  0 2.4552191876800001e-14  0.75045158294100001 2.462433230971e-14  1.5006486617979999 2.4708829548059999e-14  2.2506119002479998 2.4747083048719999e-14  3.0003817183680002 2.4802836998039999e-14  4.500205438559 2.4886083816170001e-14  5.2502616722999997 2.491334951899e-14  6.0002084862940004 2.4938028949310001e-14  6.7501049794219998 2.4947115175920001e-14  8.2468962632480007 2.4947115175920001e-14  8.9937939708950001 2.493740974692e-14  9.7407414199629994 2.4913450793220001e-14  10.487796958525999 2.488577735499e-14  11.987615865656 2.48028191184e-14  12.740383953853 2.4754692121509999e-14  13.493346693701 2.4693767733549999e-14  14.246545084173 2.4628926207589999e-14  15 2.455652868549e-14 
 0 6 0.24990212891300001 4 0.49999999980600002 4 0.74909775361200004 4 1 6
1 0 0.20000000000000001 1 0 
7 0 0  5 18 5  0 2.4744312501769999e-14  0.75045158294100001 2.4811005177510001e-14  1.5006486617979999 2.493760134272e-14  2.2506119002479998 2.491401234747e-14  3.0003817183670001 2.4987923131070001e-14  4.500205438559 2.5060875647560001e-14  5.2502616722989996 2.5087996076850001e-14  6.0002084862940004 2.5107179018000001e-14  6.7501049794219998 2.5115212573099999e-14  8.2468962632480007 2.5112629202170001e-14  8.9937939708950001 2.5101618948510002e-14  9.7407414199629994 2.507995267394e-14  10.487796958525999 2.5050678491570001e-14  11.987615865656 2.497260901012e-14  12.740383953854 2.4924103423229999e-14  13.493346693701 2.486786752351e-14  14.246545084174 2.480843761172e-14  15 2.47382409696e-14 
 0 6 0.24990212891300001 4 0.49999999980600002 4 0.74909775361200004 4 1 6
1 0 0 1 0 
1 0 0 1 0 
7 0 0  5 18 5  0 2.6128404995159999e-14  0.75045158294100001 2.620807965109e-14  1.5006486617979999 2.654063485199e-14  2.2506119002479998 2.6623896598560001e-14  3.0003817183670001 2.647648464781e-14  4.500205438559 2.6568602055310001e-14  5.2502616722999997 2.6603657728459999e-14  6.0002084862940004 2.662791002837e-14  6.7501049794219998 2.6639477876720001e-14  8.2468962632480007 2.6639477876720001e-14  8.9937939708950001 2.6627428945230001e-14  9.7407414199629994 2.6603333347649998e-14  10.487796958525999 2.6568541116259999e-14  11.987615865656 2.6476176180689999e-14  12.740383953853 2.7040209453489999e-14  13.493346693701 2.596981833383e-14  14.246545084174 2.6655658209249999e-14  15 2.6582902545869999e-14 
 0 6 0.24990212891300001 4 0.49999999980600002 4 0.74909775361200004 4 1 6
1 0 0.20000000000000001 1 0 
7 0 0  5 18 5  0 2.4409944551770001e-14  0.75045158294100001 2.485203031398e-14  1.5006486617979999 2.4969922563640001e-14  2.2506119002479998 2.626844970079e-14  3.0003817183680002 2.663533089902e-14  4.500205438559 2.7156393763550001e-14  5.2502616722999997 2.7375366610980001e-14  6.0002084862940004 2.746995952854e-14  6.7501049794219998 2.75579018099e-14  8.2468962632480007 2.75579018099e-14  8.9937939708950001 2.7047730448739999e-14  9.7407414199629994 2.826608770862e-14  10.487796958525999 2.664350870442e-14  11.987615865656 2.6124372707760001e-14  12.740383953853 2.5593070054780001e-14  13.493346693701 2.5842512925000001e-14  14.246545084173 2.4879661495830001e-14  15 2.443596540391e-14 
 0 6 0.24990212891300001 4 0.49999999980600002 4 0.74909775361200004 4 1 6
1 0 0 1 0 
1 0 0 1 0 
7 0 0  5 18 5  0 2.4580164292850001e-14  0.75045158294100001 2.4649738785830001e-14  1.5006486617979999 2.4708149984980001e-14  2.2506119002479998 2.4763421756129999e-14  3.0003817183680002 2.4810278687670001e-14  4.500205438559 2.4885124081269999e-14  5.2502616722999997 2.4913501315719999e-14  6.0002084862940004 2.493368781445e-14  6.7501049794219998 2.4943044441010001e-14  8.2468962632490008 2.4943044441010001e-14  8.9937939708950001 2.4933112662330001e-14  9.7407414199629994 2.4913594843379999e-14  10.487796958525999 2.4884840285709999e-14  11.987615865656 2.4810271667140001e-14  12.740383953852 2.476462351211e-14  13.493346693701 2.4704450232239999e-14  14.246545084173 2.4649968295630001e-14  15 2.4580164292850001e-14 
 0 6 0.24990212891300001 4 0.49999999980600002 4 0.74909775361200004 4 1 6
1 0 0.20000000000000001 1 0 
7 0 0  5 18 5  0 2.6227284233289999e-14  0.75045158294100001 2.614892985401e-14  1.5006486617979999 2.6250444747069999e-14  2.2506119002479998 2.598301372151e-14  3.0003817183670001 2.5999965444230001e-14  4.500205438559 2.5907775428760001e-14  5.2502616722999997 2.587387843415e-14  6.0002084862930003 2.5845881182540001e-14  6.7501049794219998 2.5835204052409999e-14  8.2468962632480007 2.5831541305320001e-14  8.9937939708960002 2.584314388116e-14  9.7407414199619993 2.5864766743680001e-14  10.487796958525999 2.589824181905e-14  11.987615865656 2.5984707927639999e-14  12.740383953852 2.604223970188e-14  13.493346693702 2.6097552843840001e-14  14.246545084173 2.61806795561e-14  15 2.6256774532380001e-14 
 0 6 0.24990212891300001 4 0.49999999980600002 4 0.74909775361200004 4 1 6
1 0 0 1 0 
1 0 0 1 0 
7 0 0  5 18 5  0 2.465109884826e-14  0.75045158294100001 2.4724818449139999e-14  1.5006486617979999 2.4796308792250001e-14  2.2506119002479998 2.4849228893640001e-14  3.0003817183670001 2.4901422141150001e-14  4.500205438559 2.498448158386e-14  5.2502616722999997 2.5012784136160001e-14  6.0002084862940004 2.5038915771949999e-14  6.7501049794219998 2.5045467555749999e-14  8.2468962632480007 2.5048064074730002e-14  8.9937939708950001 2.5034193661720002e-14  9.7407414199629994 2.501523360286e-14  10.487796958525999 2.4983914340669999e-14  11.987615865656 2.4901649462250001e-14  12.740383953853 2.4851487894339999e-14  13.493346693701 2.4790186336349999e-14  14.246545084173 2.4725974515389999e-14  15 2.4651966209999999e-14 
 0 6 0.24990212891399999 4 0.49999999980600002 4 0.74909775361200004 4 1 6
1 0 0.20000000000000001 1 0 
7 0 0  5 18 5  0 2.6831226598779999e-14  0.75045158294100001 2.645224469739e-14  1.5006486617979999 2.5657124965150001e-14  2.2506119002479998 2.579713547469e-14  3.0003817183670001 2.5387007393829999e-14  4.500205438559 2.496149075925e-14  5.2502616722999997 2.479990832814e-14  6.0002084862940004 2.4687652876459999e-14  6.7501049794219998 2.4634447505069999e-14  8.2468962632490008 2.4634447505069999e-14  8.993793970894 2.4690837171509999e-14  9.7407414199639994 2.4799473654500001e-14  10.487796958525999 2.496306560005e-14  11.987615865656 2.5387136411470001e-14  12.740383953853 2.5653320084659999e-14  13.493346693701 2.5951647806510001e-14  14.246545084174 2.631084381461e-14  15 2.66887206779e-14 
 0 6 0.24990212891300001 4 0.49999999980600002 4 0.74909775361200004 4 1 6
1 0 0 1 0 
1 -3.1415926535900001 0 1 0 
1 6.2831853071795862 0 -1 0 
1 0 0 1 0 
1 0 0 1 0 
1 37 -9.6120484580460008 1 0 
2 -37 9.6120484580460008 1 0 -0 1 41
2 0 0 1 0 -0 1 41
2 -37 9.6120484580460008 1 0 -0 1 41
2 0 0 1 0 -0 1 41
1 0 19.224096916092002 1 0 
1 37 9.6120484580460008 1 0 
1 1.2973538188989999 0 0 1 
1 6.009742799284 0 0 1 
1 -3.1415926535900001 15 1 0 
2 41.402419381093999 -11.61204845804 0 -1 1 0 2
1 6.2831853071795862 15 -1 0 
2 41.402419381093999 11.612048458046001 0 -1 -1 -0 2
1 0.273442507896 0 0 1 
1 4.9858314882805868 0 -0 1 
1 0 15 1 0 
2 0 0 1 0 -0 1 41
7 0 0  1 2 2  0.30604235375200001 1.137978600241e-15  0.30604235375200001 15 
 2.630404574711e-14 2 15 2
1 15 0 0 1 
7 0 0  5 18 5  0 15  0.75045158294100001 15  1.5006486617979999 15  2.2506119002479998 15  3.0003817183670001 15  4.500205438559 15  5.2502616722999997 15  6.0002084862940004 15  6.7501049794219998 15  8.2468962632480007 15  8.9937939708950001 15  9.7407414199629994 15  10.487796958525999 15  11.987615865656 15  12.740383953853 15  13.4933466937 15  14.246545084174 15  15 15 
 0 6 0.24990212891399999 4 0.49999999980600002 4 0.74909775361200004 4 1 6
7 0 0  5 18 5  37.533432159686001 13.720111891462  37.635707254022002 13.702167302084  37.738639475318998 13.677265922349999  37.841354494758001 13.645071619129  37.942820379376997 13.605460989118001  38.141267385870997 13.511724545051999  38.238245720850998 13.457587389167999  38.331906755810998 13.396370446679001  38.421230235909 13.328548898677999  38.589232789528999 13.181430901004999  38.667953702726003 13.102180797003999  38.740751184800999 13.017797918675999  38.807025864878 12.929218598061  38.926351661719004 12.744980865514  38.979303626643997 12.649275033071  39.025011501554999 12.551326065505  39.063460246717 12.452186243009001  39.094870331867 12.352777571644999 
 0 6 0.24990212891399999 4 0.49999999980600002 4 0.74909775361200004 4 1 6
1 0 0 0 1 
7 0 0  1 2 2  4.1460036147619999 0.20000000000000001  4.1460036147619999 15.199999999999999 
 2.630404574711e-14 2 15 2
1 0 15.199999999999999 1 0 
2 37.879060832962999 15.690020726968999 0.92387953251127652 0.38268343236511454 -0.38268343236511454 0.92387953251127652 1.999999999999998
7 0 0  1 2 2  2.1371816924170002 0.20000000000000001  2.1371816924170002 15.199999999999999 
 2.6572927885879999e-14 2 15 2
1 15 0 0 1 
7 0 0  5 18 5  0 15  0.75045158294100001 15  1.5006486617979999 15  2.2506119002479998 15  3.0003817183670001 15  4.500205438559 15  5.2502616722999997 15  6.0002084862940004 15  6.7501049794219998 15  8.2468962632480007 15  8.9937939708950001 15  9.7407414199629994 15  10.487796958525999 15  11.987615865656 15  12.740383953854 15  13.4933466937 15  14.246545084174 15  15 15 
 0 6 0.24990212891300001 4 0.49999999980600002 4 0.74909775361200004 4 1 6
7 0 0  5 18 5  36.378980708671001 18.909515133873001  36.426871310269 18.817381027877001  36.469635830933001 18.720498022832999  36.506476053711999 18.619356308572002  36.536666958878001 18.514700506073002  36.582795276833998 18.300131371258001  36.598721988168002 18.190213361047  36.607010046989998 18.078628363855  36.607416948382003 17.966475428532998  36.592649337250002 17.743651549820999  36.577537056280001 17.632975535606001  36.554749016812004 17.523885440691  36.524664709389 17.417426229221  36.450838895551001 17.210709183245999  36.406999480723002 17.110501286049001  36.356976932366997 17.014683987339001  36.301597874313998 16.923908603350998  36.241728558410003 16.838560244229001 
 0 6 0.24990212891300001 4 0.49999999980600002 4 0.74909775361200004 4 1 6
1 0 0 0 1 
7 0 0  1 2 2  0.47935580964500002 0  0.47935580964500002 15 
 2.6572927885879999e-14 2 15 2
1 0 15 1 0 
2 0 0 1 0 -0 1 41
1 0.51195565550199995 0 0 1 
1 6.2831853071795862 0 -0 1 
1 0 0 0 1 
1 10.995574287565001 0 -1 0 
1 0 0.20000000000000001 1 0 
1 0 0.20000000000000001 1 0 
1 -1.570796326795 0 1 0 
1 0 0 0 1 
1 -5.7712296516780874 0 1 0 
1 7.3420259784725861 0 -1 0 
1 0 15 1 0 
2 0 0 1 0 -0 1 41
1 1.0588406712930001 0 0 1 
1 0 0 0 1 
7 0 0  1 2 2  1.0914405171499999 0  1.0914405171499999 15 
 2.6399455538279999e-14 2 15 2
1 15 0 0 1 
7 0 0  5 18 5  0 15  0.75045158294100001 15  1.5006486617979999 15  2.2506119002479998 15  3.0003817183670001 15  4.500205438559 15  5.2502616722999997 15  6.0002084862940004 15  6.7501049794219998 15  8.2468962632490008 15  8.9937939708950001 15  9.7407414199629994 15  10.487796958525999 15  11.987615865656 15  12.740383953852 15  13.493346693702 15  14.246545084173 15  15 15 
 0 6 0.24990212891300001 4 0.49999999980600002 4 0.74909775361200004 4 1 6
7 0 0  5 18 5  16.838560244229001 36.241728558410003  16.923568397814002 36.301359230327002  17.013960403967001 36.356535367538001  17.109355700864999 36.406401044189998  17.209111861025999 36.450139314174997  17.415716760268001 36.524180862929001  17.522571548599998 36.554474151181999  17.632086816710999 36.577415588977999  17.743205131709001 36.592619750973  17.966029010420002 36.607387362105001  18.077731387911999 36.607013167699002  18.188874686622 36.598821055445001  18.298373000605 36.583049292868999  18.513024830755999 36.537149622950999  18.618141767350998 36.506918073306998  18.719722494831 36.469978042434001  18.817012304035 36.427062970093999  18.909515133873001 36.378980708671001 
 0 6 0.24990212891300001 4 0.49999999980600002 4 0.74909775361200004 4 1 6
1 0 0 0 1 
7 0 0  1 2 2  4.1460036147629999 0.20000000000000001  4.1460036147629999 15.199999999999999 
 2.6399455538279999e-14 2 15 2
1 0 15.199999999999999 1 0 
2 15.690020726968999 37.879060832962999 0.38268343236511454 0.92387953251127652 -0.92387953251127652 0.38268343236511454 1.999999999999998
7 0 0  1 2 2  2.1371816924170002 0.20000000000000001  2.1371816924170002 15.199999999999999 
 2.6896432842699999e-14 2 15 2
1 15 0 0 1 
7 0 0  5 18 5  0 15  0.75045158294100001 15  1.5006486617979999 15  2.2506119002479998 15  3.0003817183680002 15  4.500205438559 15  5.2502616722999997 15  6.0002084862940004 15  6.7501049794219998 15  8.2468962632490008 15  8.9937939708950001 15  9.7407414199629994 15  10.487796958525999 15  11.987615865656 15  12.740383953852 15  13.493346693701 15  14.246545084173 15  15 15 
 0 6 0.24990212891300001 4 0.49999999980600002 4 0.74909775361200004 4 1 6
7 0 0  5 18 5  12.352777571644999 39.094870331867  12.451789991919 39.063585449884002  12.550535704323 39.025317902590999  12.648103667685 38.979849881923997  12.743454689095 38.927195248059  12.927795625788001 38.808089604229998  13.016781281768999 38.741627719420997  13.101544332557999 38.668585753823997  13.181136156388 38.589569375460997  13.328254154061 38.421566821840997  13.395827917875 38.332621065322002  13.456852686512001 38.239369142209  13.510857899076001 38.142818294073003  13.604826190480001 37.944444535484998  13.644684726608 37.842587704339998  13.677066505126 37.739463359513003  13.702095487224 37.636116562444997  13.720111891462 37.533432159686001 
 0 6 0.24990212891300001 4 0.49999999980600002 4 0.74909775361200004 4 1 6
1 0 0 0 1 
7 0 0  1 2 2  1.2647539730420001 1.137978600241e-15  1.2647539730420001 15 
 2.6896432842699999e-14 2 15 2
1 0 15 1 0 
2 0 0 1 0 -0 1 41
1 1.2973538188989999 0 0 1 
1 6.2831853071795862 0 -0 1 
1 0 0 0 1 
1 10.995574287565001 0 -1 0 
1 0 0.20000000000000001 1 0 
1 0 0.20000000000000001 1 0 
1 -1.570796326795 0 1 0 
1 0 0 0 1 
1 -0.273442507896 0 1 0 
1 6.5566278150755863 0 -1 0 
1 0 15 1 0 
2 0 0 1 0 -0 1 41
1 1.8442388346909999 0 0 1 
1 8.8817841970009999e-16 0 0 1 
7 0 0  1 2 2  1.8768386805470001 0  1.8768386805470001 15 
 2.6243764106320001e-14 2 15 2
1 15 0 0 1 
7 0 0  5 18 5  0 15  0.75045158294100001 15  1.5006486617979999 15  2.2506119002479998 15  3.0003817183670001 15  4.500205438559 15  5.2502616722999997 15  6.0002084862940004 15  6.7501049794219998 15  8.2468962632480007 15  8.9937939708950001 15  9.7407414199629994 15  10.487796958525999 15  11.987615865656 15  12.740383953853 15  13.493346693701 15  14.246545084174 15  15 15 
 0 6 0.24990212891300001 4 0.49999999980600002 4 0.74909775361200004 4 1 6
7 0 0  5 18 5  -13.720111891449999 37.533432159687997  -13.70216730207 37.635707254023004  -13.67726592234 37.738639475321001  -13.645071619119999 37.841354494759997  -13.605460989099999 37.942820379379  -13.51172454504 38.141267385873  -13.45758738915 38.238245720853001  -13.39637044667 38.331906755813002  -13.328548898659999 38.421230235911999  -13.18143090099 38.589232789531998  -13.10218079699 38.667953702729001  -13.017797918659999 38.740751184803997  -12.929218598049999 38.807025864880998  -12.744980865500001 38.926351661722002  -12.64927503306 38.979303626647003  -12.551326065490001 39.025011501557998  -12.452186242990001 39.063460246719998  -12.35277757163 39.094870331869998 
 0 6 0.24990212891300001 4 0.49999999980600002 4 0.74909775361200004 4 1 6
1 0 0 0 1 
7 0 0  1 2 2  4.1460036147629999 0.20000000000000001  4.1460036147629999 15.199999999999999 
 2.6243764106320001e-14 2 15 2
1 0 15.199999999999999 1 0 
2 -15.69002072696 37.879060832962999 -0.38268343236511454 0.92387953251127652 -0.92387953251127652 -0.38268343236511454 1.999999999999998
7 0 0  1 2 2  2.1371816924160001 0.20000000000000001  2.1371816924160001 15.199999999999999 
 2.6297277005830001e-14 2 15 2
1 15 0 0 1 
7 0 0  5 18 5  0 15  0.75045158294100001 15  1.5006486617979999 15  2.2506119002479998 15  3.0003817183670001 15  4.500205438559 15  5.2502616722999997 15  6.0002084862940004 15  6.7501049794219998 15  8.2468962632490008 15  8.9937939708950001 15  9.7407414199629994 15  10.487796958525999 15  11.987615865657 15  12.740383953852 15  13.493346693702 15  14.246545084173 15  15 15 
 0 6 0.24990212891300001 4 0.49999999980600002 4 0.74909775361200004 4 1 6
7 0 0  5 18 5  -18.909515133860001 36.378980708672998  -18.817381027869999 36.426871310271999  -18.720498022819999 36.469635830935999  -18.61935630856 36.506476053714998  -18.514700506059999 36.536666958881  -18.30013137125 36.582795276836997  -18.190213361040001 36.598721988171  -18.07862836384 36.607010046992997  -17.966475428519999 36.607416948385001  -17.74365154981 36.592649337253  -17.6329755356 36.577537056282999  -17.523885440680001 36.554749016814  -17.417426229210001 36.524664709390997  -17.210709183230001 36.450838895552998  -17.110501286040002 36.406999480724998  -17.014683987329999 36.356976932367999  -16.923908603339999 36.301597874315  -16.838560244220002 36.241728558411999 
 0 6 0.24990212891300001 4 0.49999999980600002 4 0.74909775361200004 4 1 6
1 0 0 0 1 
7 0 0  1 2 2  2.0501521364399999 0  2.0501521364399999 15 
 2.6297277005830001e-14 2 15 2
1 0 15 1 0 
2 0 0 1 0 -0 1 41
1 2.0827519822960001 0 0 1 
1 6.2831853071795862 0 -0 1 
1 0 0 0 1 
1 10.995574287565001 0 -1 0 
1 0 0.20000000000000001 1 0 
1 0 0.20000000000000001 1 0 
1 -1.570796326795 0 1 0 
1 0 0 0 1 
1 -1.0588406712930001 0 1 0 
1 12.054414958856995 -0 -1 0 
1 0 15 1 0 
2 0 0 1 0 -0 1 41
1 2.6296369980879999 0 0 1 
1 0 0 0 1 
7 0 0  1 2 2  2.6622368439450002 1.137978600241e-15  2.6622368439450002 15 
 2.6458436136470001e-14 2 15 2
1 15 0 0 1 
7 0 0  5 18 5  0 15  0.75045158294100001 15  1.5006486617979999 15  2.2506119002479998 15  3.0003817183680002 15  4.500205438559 15  5.2502616722999997 15  6.0002084862940004 15  6.7501049794219998 15  8.2468962632490008 15  8.9937939708950001 15  9.7407414199629994 15  10.487796958525999 15  11.987615865657 15  12.740383953852 15  13.493346693702 15  14.246545084173 15  15 15 
 0 6 0.24990212891300001 4 0.49999999980600002 4 0.74909775361200004 4 1 6
7 0 0  5 18 5  -36.241728558399998 16.838560244229999  -36.301359230320003 16.923568397815998  -36.35653536753 17.013960403969001  -36.406401044180001 17.109355700866999  -36.450139314170002 17.209111861027999  -36.524180862919998 17.415716760270001  -36.554474151180003 17.522571548601999  -36.577415588969998 17.632086816712  -36.592619750970002 17.743205131711001  -36.607387362099999 17.966029010422002  -36.607013167689999 18.077731387914  -36.598821055439998 18.188874686624001  -36.583049292859997 18.298373000607999  -36.537149622949997 18.513024830759001  -36.5069180733 18.618141767354  -36.46997804243 18.719722494833  -36.427062970089999 18.817012304037998  -36.378980708660002 18.909515133875999 
 0 6 0.24990212891300001 4 0.49999999980600002 4 0.74909775361200004 4 1 6
1 0 0 0 1 
7 0 0  1 2 2  4.1460036147629999 0.20000000000000001  4.1460036147629999 15.199999999999999 
 2.6458436136470001e-14 2 15 2
1 0 15.199999999999999 1 0 
2 -37.87906083296 15.690020726968999 -0.92387953251127652 0.38268343236511454 -0.38268343236511454 -0.92387953251127652 1.999999999999998
7 0 0  1 2 2  2.1371816924160001 0.20000000000000001  2.1371816924160001 15.199999999999999 
 2.709571865826e-14 2 15 2
1 15 0 0 1 
7 0 0  5 18 5  0 15  0.75045158294100001 15  1.5006486617979999 15  2.2506119002479998 15  3.0003817183670001 15  4.500205438559 15  5.2502616722999997 15  6.0002084862930003 15  6.7501049794229999 15  8.2468962632490008 15  8.9937939708950001 15  9.7407414199629994 15  10.487796958525999 15  11.987615865656 15  12.740383953853 15  13.493346693701 15  14.246545084174 15  15 15 
 0 6 0.24990212891300001 4 0.49999999980600002 4 0.74909775361200004 4 1 6
7 0 0  5 18 5  -39.094870331860001 12.352777571643999  -39.063585449880001 12.451789991918  -39.025317902589997 12.550535704322  -38.979849881920003 12.648103667685  -38.927195248049998 12.743454689095  -38.808089604229998 12.927795625788001  -38.741627719420002 13.016781281768999  -38.668585753819997 13.101544332557999  -38.589569375460002 13.181136156388  -38.421566821840003 13.328254154061  -38.332621065319998 13.395827917875  -38.239369142199997 13.456852686512001  -38.142818294069997 13.510857899076001  -37.944444535480002 13.604826190480001  -37.842587704330001 13.644684726608  -37.739463359509998 13.677066505126  -37.636116562440002 13.702095487224  -37.533432159679997 13.720111891462 
 0 6 0.24990212891300001 4 0.49999999980600002 4 0.74909775361200004 4 1 6
1 0 0 0 1 
7 0 0  1 2 2  2.8355502998370001 4.5519144009620003e-15  2.8355502998370001 15 
 2.709571865826e-14 2 15 2
1 0 15 1 0 
2 0 0 1 0 -0 1 41
1 2.868150145694 0 0 1 
1 6.2831853071795853 0 -0 1 
1 0 0 0 1 
1 10.995574287565001 0 -1 0 
1 0 0.20000000000000001 1 0 
1 0 0.20000000000000001 1 0 
1 -1.570796326795 0 1 0 
1 0 0 0 1 
1 -1.8442388346909999 0 1 0 
1 11.269016795459585 0 -1 0 
1 0 15 1 0 
2 0 0 1 0 -0 1 41
1 3.4150351614860002 0 0 1 
1 0 0 0 1 
7 0 0  1 2 2  3.4476350073419999 1.137978600241e-15  3.4476350073419999 15 
 2.621644221157e-14 2 15 2
1 15 0 0 1 
7 0 0  5 18 5  0 15  0.75045158294100001 15  1.5006486617979999 15  2.2506119002479998 15  3.0003817183680002 15  4.500205438559 15  5.2502616722999997 15  6.0002084862940004 15  6.7501049794219998 15  8.2468962632480007 15  8.9937939708960002 15  9.7407414199629994 15  10.487796958525999 15  11.987615865656 15  12.740383953852 15  13.493346693702 15  14.246545084173 15  15 15 
 0 6 0.24990212891300001 4 0.49999999980600002 4 0.74909775361200004 4 1 6
7 0 0  5 18 5  -37.533432159679997 -13.720111891449999  -37.635707254019998 -13.70216730207  -37.738639475319999 -13.67726592234  -37.84135449475 -13.645071619119999  -37.942820379369998 -13.605460989099999  -38.141267385870002 -13.51172454504  -38.238245720850003 -13.45758738915  -38.331906755810003 -13.39637044667  -38.421230235910002 -13.328548898659999  -38.589232789530001 -13.18143090099  -38.667953702719998 -13.10218079699  -38.740751184799997 -13.017797918659999  -38.807025864880003 -12.929218598049999  -38.926351661719998 -12.744980865500001  -38.979303626639997 -12.64927503306  -39.025011501549997 -12.551326065490001  -39.063460246719998 -12.452186242990001  -39.094870331869998 -12.35277757163 
 0 6 0.24990212891300001 4 0.49999999980600002 4 0.74909775361200004 4 1 6
7 0 0  1 2 2  4.146003614764 0.20000000000000001  4.146003614764 15.199999999999999 
 2.621644221157e-14 2 15 2
1 0 0 0 1 
1 0 15.199999999999999 1 0 
2 -37.87906083296 -15.69002072696 -0.92387953251127652 -0.38268343236511454 0.38268343236511454 -0.92387953251127652 1.999999999999998
1 15 0 0 1 
7 0 0  1 2 2  2.137181692415 0.20000000000000001  2.137181692415 15.199999999999999 
 2.6458436136470001e-14 2 15 2
7 0 0  5 18 5  0 15  0.75045158294100001 15  1.5006486617979999 15  2.2506119002479998 15  3.0003817183680002 15  4.500205438559 15  5.2502616722999997 15  6.0002084862940004 15  6.7501049794219998 15  8.2468962632480007 15  8.9937939708960002 15  9.7407414199619993 15  10.487796958525999 15  11.987615865656 15  12.740383953852 15  13.493346693702 15  14.246545084173 15  15 15 
 0 6 0.24990212891300001 4 0.49999999980600002 4 0.74909775361200004 4 1 6
7 0 0  5 18 5  -36.378980708669999 -18.909515133869998  -36.426871310270002 -18.817381027869999  -36.469635830930002 -18.72049802283  -36.506476053710003 -18.61935630856  -36.536666958879998 -18.514700506059999  -36.582795276829998 -18.30013137125  -36.598721988169999 -18.190213361040001  -36.607010046989998 -18.078628363850001  -36.607416948379999 -17.966475428519999  -36.592649337250002 -17.74365154981  -36.577537056280001 -17.6329755356  -36.55474901681 -17.523885440680001  -36.524664709390002 -17.417426229210001  -36.45083889555 -17.210709183239999  -36.406999480720003 -17.110501286040002  -36.356976932359999 -17.014683987329999  -36.301597874309998 -16.923908603339999  -36.241728558399998 -16.838560244220002 
 0 6 0.24990212891300001 4 0.49999999980600002 4 0.74909775361200004 4 1 6
7 0 0  1 2 2  3.620948463235 1.137978600241e-15  3.620948463235 15 
 2.6458436136470001e-14 2 15 2
1 0 0 0 1 
1 0 15 1 0 
2 0 0 1 0 -0 1 41
1 3.6535483090910001 0 0 1 
1 6.2831853071795862 0 -0 1 
1 0 0 0 1 
1 10.995574287565001 0 -1 0 
1 0 0.20000000000000001 1 0 
1 0 0.20000000000000001 1 0 
1 -1.570796326795 0 1 0 
1 0 0 0 1 
1 -2.6296369980879999 0 1 0 
1 10.483618632062587 0 -1 0 
1 0 15 1 0 
2 0 0 1 0 -0 1 41
1 4.2004333248829999 0 0 1 
1 0 0 0 1 
1 15 0 0 1 
7 0 0  1 2 2  4.2330331707399997 0  4.2330331707399997 15 
 2.645453300865e-14 2 15 2
7 0 0  5 18 5  0 15  0.75045158294100001 15  1.5006486617979999 15  2.2506119002479998 15  3.0003817183670001 15  4.500205438559 15  5.2502616722999997 15  6.0002084862940004 15  6.7501049794219998 15  8.2468962632480007 15  8.9937939708950001 15  9.7407414199629994 15  10.487796958525999 15  11.987615865656 15  12.740383953853 15  13.493346693701 15  14.246545084174 15  15 15 
 0 6 0.24990212891300001 4 0.49999999980600002 4 0.74909775361200004 4 1 6
7 0 0  5 18 5  -16.838560244220002 -36.241728558399998  -16.9235683978 -36.301359230320003  -17.013960403959999 -36.35653536753  -17.10935570086 -36.406401044189998  -17.209111861019998 -36.450139314170002  -17.41571676026 -36.524180862930002  -17.522571548590001 -36.554474151180003  -17.632086816699999 -36.577415588969998  -17.743205131700002 -36.592619750970002  -17.966029010410001 -36.607387362099999  -18.077731387899998 -36.607013167700003  -18.188874686609999 -36.598821055439998  -18.298373000600002 -36.583049292870001  -18.513024830749998 -36.537149622949997  -18.618141767339999 -36.5069180733  -18.719722494820001 -36.46997804243  -18.817012304030001 -36.427062970089999  -18.909515133869998 -36.378980708669999 
 0 6 0.24990212891300001 4 0.49999999980600002 4 0.74909775361200004 4 1 6
7 0 0  1 2 2  4.146003614764 0.20000000000000001  4.146003614764 15.199999999999999 
 2.645453300865e-14 2 15 2
1 0 0 0 1 
1 0 15.199999999999999 1 0 
2 -15.69002072696 -37.87906083296 -0.38268343236511454 -0.92387953251127652 0.92387953251127652 -0.38268343236511454 1.999999999999998
1 15 0 0 1 
7 0 0  1 2 2  2.1371816924160001 0.20000000000000001  2.1371816924160001 15.199999999999999 
 2.621644221157e-14 2 15 2
7 0 0  5 18 5  0 15  0.75045158294100001 15  1.5006486617979999 15  2.2506119002479998 15  3.0003817183680002 15  4.500205438559 15  5.2502616722999997 15  6.0002084862940004 15  6.7501049794219998 15  8.2468962632480007 15  8.9937939708950001 15  9.7407414199629994 15  10.487796958525999 15  11.987615865656 15  12.740383953852 15  13.493346693702 15  14.246545084173 15  15 15 
 0 6 0.24990212891300001 4 0.49999999980600002 4 0.74909775361200004 4 1 6
7 0 0  5 18 5  -12.35277757163 -39.094870331869998  -12.4517899919 -39.063585449880001  -12.550535704310001 -39.025317902589997  -12.64810366767 -38.979849881920003  -12.74345468908 -38.927195248060002  -12.927795625770001 -38.808089604229998  -13.016781281749999 -38.741627719420002  -13.10154433254 -38.668585753819997  -13.18113615637 -38.589569375460002  -13.328254154050001 -38.421566821840003  -13.39582791786 -38.332621065319998  -13.4568526865 -38.239369142210002  -13.510857899059999 -38.142818294069997  -13.60482619047 -37.944444535480002  -13.64468472659 -37.842587704339998  -13.67706650511 -37.739463359509998  -13.70209548721 -37.636116562440002  -13.720111891449999 -37.533432159679997 
 0 6 0.24990212891300001 4 0.49999999980600002 4 0.74909775361200004 4 1 6
7 0 0  1 2 2  4.4063466266329998 1.137978600241e-15  4.4063466266329998 15 
 2.621644221157e-14 2 15 2
1 0 0 0 1 
1 0 15 1 0 
2 0 0 1 0 -0 1 41
1 4.4389464724890004 0 0 1 
1 6.2831853071795853 0 -0 1 
1 0 0 0 1 
1 10.995574287565001 0 -1 0 
1 0 0.20000000000000001 1 0 
1 0 0.20000000000000001 1 0 
1 -1.570796326795 0 1 0 
1 0 0 0 1 
1 -3.4150351614860002 0 1 0 
1 9.6982204686655855 0 -1 0 
1 0 15 1 0 
2 0 0 1 0 -0 1 41
1 4.9858314882799997 0 0 1 
1 0 0 0 1 
1 15 0 0 1 
7 0 0  1 2 2  5.0184313341370004 1.137978600241e-15  5.0184313341370004 15 
 2.624289674458e-14 2 15 2
7 0 0  5 18 5  0 15  0.75045158294100001 15  1.5006486617979999 15  2.2506119002479998 15  3.0003817183670001 15  4.500205438559 15  5.2502616722999997 15  6.0002084862940004 15  6.7501049794219998 15  8.2468962632490008 15  8.9937939708950001 15  9.7407414199629994 15  10.487796958525999 15  11.987615865656 15  12.740383953852 15  13.493346693702 15  14.246545084173 15  15 15 
 0 6 0.24990212891300001 4 0.49999999980600002 4 0.74909775361200004 4 1 6
7 0 0  5 18 5  13.720111891462 -37.533432159679997  13.702167302084 -37.635707254019998  13.677265922349999 -37.738639475310002  13.645071619129 -37.84135449475  13.605460989118001 -37.942820379369998  13.511724545051999 -38.141267385870002  13.457587389167999 -38.238245720850003  13.396370446679001 -38.331906755810003  13.328548898677999 -38.421230235899998  13.181430901004999 -38.589232789519997  13.102180797003999 -38.667953702719998  13.017797918675999 -38.740751184799997  12.929218598061 -38.807025864869999  12.744980865514 -38.926351661710001  12.649275033069999 -38.979303626639997  12.551326065505 -39.025011501549997  12.452186243008001 -39.063460246710001  12.352777571643999 -39.094870331860001 
 0 6 0.24990212891300001 4 0.49999999980600002 4 0.74909775361200004 4 1 6
7 0 0  1 2 2  4.1460036147629999 0.20000000000000001  4.1460036147629999 15.199999999999999 
 2.624289674458e-14 2 15 2
1 0 0 0 1 
1 0 15.199999999999999 1 0 
2 15.690020726968999 -37.87906083296 0.38268343236511454 -0.92387953251127652 0.92387953251127652 0.38268343236511454 1.999999999999998
1 15 0 0 1 
7 0 0  1 2 2  2.1371816924160001 0.20000000000000001  2.1371816924160001 15.199999999999999 
 2.6464941349500001e-14 2 15 2
7 0 0  5 18 5  0 15  0.75045158294100001 15  1.5006486617979999 15  2.2506119002479998 15  3.0003817183670001 15  4.500205438559 15  5.2502616722999997 15  6.0002084862930003 15  6.7501049794229999 15  8.2468962632480007 15  8.9937939708950001 15  9.7407414199629994 15  10.487796958525999 15  11.987615865656 15  12.740383953853 15  13.493346693701 15  14.246545084174 15  15 15 
 0 6 0.24990212891300001 4 0.49999999980600002 4 0.74909775361200004 4 1 6
7 0 0  5 18 5  18.909515133875999 -36.378980708660002  18.817381027879001 -36.426871310259997  18.720498022834999 -36.469635830930002  18.619356308574002 -36.506476053710003  18.514700506074998 -36.536666958870001  18.300131371260001 -36.582795276829998  18.190213361049 -36.598721988160001  18.078628363857 -36.607010046980001  17.966475428534 -36.607416948379999  17.743651549822999 -36.592649337239997  17.632975535608001 -36.577537056270003  17.523885440693 -36.55474901681  17.417426229221999 -36.524664709379998  17.210709183247001 -36.450838895540002  17.110501286049999 -36.406999480720003  17.01468398734 -36.356976932359999  16.923908603352 -36.301597874309998  16.838560244229999 -36.241728558399998 
 0 6 0.24990212891300001 4 0.49999999980600002 4 0.74909775361200004 4 1 6
7 0 0  1 2 2  5.1917447900299996 0  5.1917447900299996 15 
 2.6464941349500001e-14 2 15 2
1 0 0 0 1 
1 0 15 1 0 
2 0 0 1 0 -0 1 41
1 5.2243446358860002 0 0 1 
1 6.2831853071795862 0 -0 1 
1 0 0 0 1 
1 10.995574287565001 0 -1 0 
1 0 0.20000000000000001 1 0 
1 0 0.20000000000000001 1 0 
1 -1.570796326795 0 1 0 
1 0 0 0 1 
1 -4.2004333248829999 0 1 0 
1 8.9128223052675857 0 -1 0 
1 0 15 1 0 
2 0 0 1 0 -0 1 41
1 5.7712296516780004 0 0 1 
1 0 0 0 1 
1 15 0 0 1 
7 0 0  1 2 2  5.8038294975350002 1.137978600241e-15  5.8038294975350002 15 
 2.6353540832819999e-14 2 15 2
7 0 0  5 18 5  0 15  0.75045158294100001 15  1.5006486617979999 15  2.2506119002479998 15  3.0003817183670001 15  4.500205438559 15  5.2502616722999997 15  6.0002084862940004 15  6.7501049794219998 15  8.2468962632490008 15  8.9937939708950001 15  9.7407414199629994 15  10.487796958525999 15  11.987615865656 15  12.740383953852 15  13.493346693701 15  14.246545084173 15  15 15 
 0 6 0.24990212891300001 4 0.49999999980600002 4 0.74909775361200004 4 1 6
7 0 0  5 18 5  36.241728558411999 -16.838560244220002  36.301359230328003 -16.9235683978  36.356535367539998 -17.013960403959999  36.406401044191 -17.109355700849999  36.450139314177001 -17.209111861010001  36.524180862931999 -17.41571676026  36.554474151184998 -17.522571548590001  36.577415588980003 -17.632086816699999  36.592619750974997 -17.743205131700002  36.607387362108 -17.966029010410001  36.607013167700998 -18.077731387899998  36.598821055447999 -18.188874686609999  36.583049292871998 -18.298373000590001  36.537149622953997 -18.513024830749998  36.506918073309997 -18.618141767339999  36.469978042436999 -18.719722494820001  36.427062970096998 -18.817012304030001  36.378980708672998 -18.909515133860001 
 0 6 0.24990212891300001 4 0.49999999980600002 4 0.74909775361200004 4 1 6
7 0 0  1 2 2  4.146003614764 0.20000000000000001  4.146003614764 15.199999999999999 
 2.6353540832819999e-14 2 15 2
1 0 0 0 1 
1 0 15.199999999999999 1 0 
2 37.879060832962999 -15.69002072696 0.92387953251127652 -0.38268343236511454 0.38268343236511454 0.92387953251127652 1.999999999999998
1 15 0 0 1 
7 0 0  1 2 2  2.1371816924160001 0.20000000000000001  2.1371816924160001 15.199999999999999 
 2.692151841814e-14 2 15 2
7 0 0  5 18 5  0 15  0.75045158294100001 15  1.5006486617979999 15  2.2506119002479998 15  3.0003817183670001 15  4.500205438559 15  5.2502616722999997 15  6.0002084862940004 15  6.7501049794219998 15  8.2468962632490008 15  8.9937939708950001 15  9.7407414199629994 15  10.487796958525999 15  11.987615865657 15  12.740383953852 15  13.493346693702 15  14.246545084173 15  15 15 
 0 6 0.24990212891300001 4 0.49999999980600002 4 0.74909775361200004 4 1 6
7 0 0  5 18 5  39.094870331869998 -12.35277757163  39.063585449887 -12.4517899919  39.025317902594999 -12.550535704310001  38.979849881927002 -12.64810366767  38.927195248061999 -12.74345468908  38.808089604232997 -12.927795625770001  38.741627719424002 -13.016781281749999  38.668585753826001 -13.10154433254  38.589569375464002 -13.18113615637  38.421566821843001 -13.328254154050001  38.332621065323998 -13.39582791786  38.239369142210997 -13.4568526865  38.142818294074999 -13.510857899059999  37.944444535487001 -13.60482619047  37.842587704342002 -13.64468472659  37.739463359513998 -13.67706650511  37.636116562447 -13.70209548721  37.533432159687997 -13.720111891449999 
 0 6 0.24990212891300001 4 0.49999999980600002 4 0.74909775361200004 4 1 6
7 0 0  1 2 2  5.9771429534270002 0  5.9771429534270002 15 
 2.692151841814e-14 2 15 2
1 0 0 0 1 
1 0 15 1 0 
2 0 0 1 0 -0 1 41
1 0 15 1 0 
2 0 0 1 0 -0 1 20
1 6.2831853071800001 -0 0 1 
1 0 -0 0 1 
2 0 0 1 0 -0 1 41
2 -37.000000000000341 9.6120484580452565 0.70710678118654757 -0.70710678118654757 0.70710678118654757 0.70710678118654757 41
1 32.959695549679999 19.366206258125001 0.70710678118654757 0.70710678118654757 
1 32.959695549679999 19.366206258125001 0.70710678118654757 0.70710678118654757 
2 32.959695549679999 22.194633382871 0.70710678118654757 -0.70710678118654757 0.70710678118654757 0.70710678118654757 1.9999999999999984
2 32.959695549679999 22.194633382871 0.70710678118654757 -0.70710678118654757 0.70710678118654757 0.70710678118654757 1.9999999999999984
1 32.959695549679999 19.366206258125001 -0.70710678118654757 0.70710678118654757 
1 32.959695549679999 19.366206258125001 -0.70710678118654757 0.70710678118654757 
2 22.194633382871 32.959695549679999 0.70710678118654757 -0.70710678118654757 -0.70710678118654757 -0.70710678118654757 2.0000000000000009
2 22.194633382871 32.959695549679999 0.70710678118654757 -0.70710678118654757 -0.70710678118654757 -0.70710678118654757 2.0000000000000009
1 19.366206258125001 32.959695549679999 0.70710678118654757 0.70710678118654757 
1 19.366206258125001 32.959695549679999 0.70710678118654757 0.70710678118654757 
2 0 0 1 0 -0 1 41
2 -37.000000000000341 9.6120484580452565 0.70710678118654757 -0.70710678118654757 0.70710678118654757 0.70710678118654757 41
2 0 0 1 0 -0 1 41
2 -37 9.6120484580459973 1.110223024625e-16 -1 1 1.110223024625e-16 41
1 9.6120484580460008 37 1.110223024625e-16 1 
1 9.6120484580460008 37 1.110223024625e-16 1 
2 7.6120484580459999 39 1 -1.110223024625e-16 1.110223024625e-16 1 2.0000000000000009
2 7.6120484580459999 39 1 -1.110223024625e-16 1.110223024625e-16 1 2.0000000000000009
1 9.6120484580460008 37 -1 1.110223024625e-16 
1 9.6120484580460008 37 -1 1.110223024625e-16 
2 -7.6120484580459999 39 1 -1.110223024625e-16 -1.110223024625e-16 -1 2
2 -7.6120484580459999 39 1 -1.110223024625e-16 -1.110223024625e-16 -1 2
1 -9.6120484580460008 37 1.110223024625e-16 1 
1 -9.6120484580460008 37 1.110223024625e-16 1 
2 0 0 1 0 -0 1 41
2 -37 9.6120484580459973 1.110223024625e-16 -1 1 1.110223024625e-16 41
2 0 0 1 0 -0 1 41
2 -36.999999999996803 9.6120484580487933 -0.70710678118654757 -0.70710678118654757 0.70710678118654757 -0.70710678118654757 41
1 -19.366206258119998 32.959695549679999 -0.70710678118654757 0.70710678118654757 
1 -19.366206258119998 32.959695549679999 -0.70710678118654757 0.70710678118654757 
2 -22.194633382869998 32.959695549679999 0.70710678118654757 0.70710678118654757 -0.70710678118654757 0.70710678118654757 1.9999999999999984
2 -22.194633382869998 32.959695549679999 0.70710678118654757 0.70710678118654757 -0.70710678118654757 0.70710678118654757 1.9999999999999984
1 -19.366206258119998 32.959695549679999 -0.70710678118654757 -0.70710678118654757 
1 -19.366206258119998 32.959695549679999 -0.70710678118654757 -0.70710678118654757 
2 -32.959695549679999 22.194633382871 0.70710678118654757 0.70710678118654757 0.70710678118654757 -0.70710678118654757 2.0000000000000009
2 -32.959695549679999 22.194633382871 0.70710678118654757 0.70710678118654757 0.70710678118654757 -0.70710678118654757 2.0000000000000009
1 -32.959695549679999 19.366206258125001 -0.70710678118654757 0.70710678118654757 
1 -32.959695549679999 19.366206258125001 -0.70710678118654757 0.70710678118654757 
2 0 0 1 0 -0 1 41
2 -36.999999999996803 9.6120484580487933 -0.70710678118654757 -0.70710678118654757 0.70710678118654757 -0.70710678118654757 41
2 0 0 1 0 -0 1 41
2 -37 9.6120484580459955 -1 -1.2246467991469999e-16 1.2246467991469999e-16 -1 41
1 -37 9.6120484580460008 -1 1.2246467991469999e-16 
1 -37 9.6120484580460008 -1 1.2246467991469999e-16 
2 -39 7.6120484580459999 1.2246467991469999e-16 1 -1 1.2246467991469999e-16 2.0000000000000009
2 -39 7.6120484580459999 1.2246467991469999e-16 1 -1 1.2246467991469999e-16 2.0000000000000009
1 -37 9.6120484580460008 -1.2246467991469999e-16 -1 
1 -37 9.6120484580460008 -1.2246467991469999e-16 -1 
2 -39 -7.6120484580459999 1.2246467991469999e-16 1 1 -1.2246467991469999e-16 2
2 -39 -7.6120484580459999 1.2246467991469999e-16 1 1 -1.2246467991469999e-16 2
1 -37 -9.6120484580460008 -1 1.2246467991469999e-16 
1 -37 -9.6120484580460008 -1 1.2246467991469999e-16 
2 0 0 1 0 -0 1 41
2 -37 9.6120484580459955 -1 -1.2246467991469999e-16 1.2246467991469999e-16 -1 41
2 0 0 1 0 -0 1 41
2 -36.999999999996803 9.6120484580487933 -0.70710678118654757 0.70710678118654757 -0.70710678118654757 -0.70710678118654757 41
1 -32.959695549679999 -19.366206258119998 -0.70710678118654757 -0.70710678118654757 
1 -32.959695549679999 -19.366206258119998 -0.70710678118654757 -0.70710678118654757 
2 -32.959695549679999 -22.194633382869998 -0.70710678118654757 0.70710678118654757 -0.70710678118654757 -0.70710678118654757 1.9999999999999984
2 -32.959695549679999 -22.194633382869998 -0.70710678118654757 0.70710678118654757 -0.70710678118654757 -0.70710678118654757 1.9999999999999984
1 -32.959695549679999 -19.366206258119998 0.70710678118654757 -0.70710678118654757 
1 -32.959695549679999 -19.366206258119998 0.70710678118654757 -0.70710678118654757 
2 -22.194633382869998 -32.959695549679999 -0.70710678118654757 0.70710678118654757 0.70710678118654757 0.70710678118654757 2.0000000000000009
2 -22.194633382869998 -32.959695549679999 -0.70710678118654757 0.70710678118654757 0.70710678118654757 0.70710678118654757 2.0000000000000009
1 -19.366206258119998 -32.959695549679999 -0.70710678118654757 -0.70710678118654757 
1 -19.366206258119998 -32.959695549679999 -0.70710678118654757 -0.70710678118654757 
2 0 0 1 0 -0 1 41
2 -36.999999999996803 9.6120484580487933 -0.70710678118654757 0.70710678118654757 -0.70710678118654757 -0.70710678118654757 41
2 0 0 1 0 -0 1 41
2 -37 9.6120484580459919 -2.22044604925e-16 1 -1 -2.22044604925e-16 41
1 -9.6120484580460008 -37 -2.22044604925e-16 -1 
1 -9.6120484580460008 -37 -2.22044604925e-16 -1 
2 -7.6120484580459999 -39 -1 2.22044604925e-16 -2.22044604925e-16 -1 2.0000000000000009
2 -7.6120484580459999 -39 -1 2.22044604925e-16 -2.22044604925e-16 -1 2.0000000000000009
1 -9.6120484580460008 -37 1 -2.22044604925e-16 
1 -9.6120484580460008 -37 1 -2.22044604925e-16 
2 7.6120484580449999 -39 -1 2.22044604925e-16 2.22044604925e-16 1 2
2 7.6120484580449999 -39 -1 2.22044604925e-16 2.22044604925e-16 1 2
1 9.6120484580450007 -37 -2.22044604925e-16 -1 
1 9.6120484580450007 -37 -2.22044604925e-16 -1 
2 0 0 1 0 -0 1 41
2 -37 9.6120484580459919 -2.22044604925e-16 1 -1 -2.22044604925e-16 41
2 0 0 1 0 -0 1 41
2 -37.000000000000341 9.6120484580452565 0.70710678118654757 0.70710678118654757 -0.70710678118654757 0.70710678118654757 41
1 19.366206258125001 -32.959695549679999 0.70710678118654757 -0.70710678118654757 
1 19.366206258125001 -32.959695549679999 0.70710678118654757 -0.70710678118654757 
2 22.194633382871 -32.959695549679999 -0.70710678118654757 -0.70710678118654757 0.70710678118654757 -0.70710678118654757 1.9999999999999984
2 22.194633382871 -32.959695549679999 -0.70710678118654757 -0.70710678118654757 0.70710678118654757 -0.70710678118654757 1.9999999999999984
1 19.366206258125001 -32.959695549679999 0.70710678118654757 0.70710678118654757 
1 19.366206258125001 -32.959695549679999 0.70710678118654757 0.70710678118654757 
2 32.959695549679999 -22.194633382869998 -0.70710678118654757 -0.70710678118654757 -0.70710678118654757 0.70710678118654757 2.0000000000000009
2 32.959695549679999 -22.194633382869998 -0.70710678118654757 -0.70710678118654757 -0.70710678118654757 0.70710678118654757 2.0000000000000009
1 32.959695549679999 -19.366206258119998 0.70710678118654757 -0.70710678118654757 
1 32.959695549679999 -19.366206258119998 0.70710678118654757 -0.70710678118654757 
2 0 0 1 0 -0 1 41
2 -37.000000000000341 9.6120484580452565 0.70710678118654757 0.70710678118654757 -0.70710678118654757 0.70710678118654757 41
1 37 -9.6120484580460008 1 0 
1 37 -9.6120484580460008 1 0 
2 39 -7.6120484580459999 0 -1 1 0 2.0000000000000009
2 39 -7.6120484580459999 0 -1 1 0 2.0000000000000009
1 37 -9.6120484580460008 0 1 
1 37 -9.6120484580460008 0 1 
2 39 7.6120484580459999 0 -1 -1 -0 2
2 39 7.6120484580459999 0 -1 -1 -0 2
1 37 9.6120484580460008 1 0 
1 37 9.6120484580460008 1 0 
1 7.3420259784725861 15 -1 0 
2 4.4024193810937859 -2.0000000000005715 -0.70710678118654757 -0.70710678118654757 -0.70710678118654757 0.70710678118654757 2
1 4.9858314882805868 0 -0 1 
1 0 4.4024193810944912 1 0 
1 1.2973538188989999 0 0 1 
1 0 4.4024193810944912 1 0 
1 -5.7712296516780874 15 1 0 
2 4.4024193810937859 21.224096916091089 -0.70710678118654757 -0.70710678118654757 0.70710678118654757 -0.70710678118654757 2
1 6.5566278150755863 15 -1 0 
2 4.4024193810939991 -1.9999999999999996 -1 -1.110223024625e-16 -1.110223024625e-16 1 2
1 4.9858314882805868 0 -0 1 
1 0 4.4024193810939991 1 0 
1 1.2973538188989999 0 0 1 
1 0 4.4024193810939991 1 0 
1 -0.273442507896 15 1 0 
2 4.4024193810939964 21.224096916086001 -1 -1.110223024625e-16 1.110223024625e-16 -1 2
1 12.054414958856995 15 -1 0 
2 4.4024193810909589 -2.0000000000048148 -0.70710678118654757 0.70710678118654757 0.70710678118654757 0.70710678118654757 2
1 4.9858314882805868 0 -0 1 
1 0 4.4024193810959078 1 0 
1 1.2973538188989999 0 0 1 
1 0 4.4024193810881309 1 0 
1 -1.0588406712930001 15 1 0 
2 4.4024193810959105 21.224096916093213 -0.70710678118654757 0.70710678118654757 -0.70710678118654757 -0.70710678118654757 2
1 11.269016795459585 15 -1 0 
2 4.4024193810899988 -1.9999999999999996 -1.2246467991469999e-16 1 1 1.2246467991469999e-16 2
1 4.9858314882805868 0 -0 1 
1 0 4.4024193810899988 1 0 
1 1.2973538188989999 0 0 1 
1 0 4.4024193810899988 1 0 
1 -1.8442388346909999 15 1 0 
2 4.4024193810899961 21.224096916086001 -1.2246467991469999e-16 1 -1 -1.2246467991469999e-16 2
1 10.483618632062587 15 -1 0 
2 4.4024193810888388 -2.0000000000026947 0.70710678118654757 0.70710678118654757 0.70710678118654757 -0.70710678118654757 2
1 4.9858314882805868 0 -0 1 
1 0 4.4024193810959078 1 0 
1 1.2973538188989999 0 0 1 
1 0 4.4024193810959078 1 0 
1 -2.6296369980879999 15 1 0 
2 4.4024193810888388 21.224096916100287 0.70710678118654757 0.70710678118654757 -0.70710678118654757 0.70710678118654757 2
1 9.6982204686655855 15 -1 0 
2 4.4024193810899988 -1.9999999999939986 1 2.22044604925e-16 2.22044604925e-16 -1 2
1 4.9858314882805868 0 -0 1 
1 0 4.4024193810899988 1 0 
1 1.2973538188989999 0 0 1 
1 0 4.4024193810899988 1 0 
1 -3.4150351614860002 15 1 0 
2 4.4024193810899943 21.224096916091 1 2.22044604925e-16 -2.22044604925e-16 1 2
1 8.9128223052675857 15 -1 0 
2 4.4024193810923737 -1.9999999999991598 0.70710678118654757 -0.70710678118654757 -0.70710678118654757 -0.70710678118654757 2
1 4.9858314882805868 0 -0 1 
1 0 4.4024193810881309 1 0 
1 1.2973538188989999 0 0 1 
1 0 4.4024193810959078 1 0 
1 -4.2004333248829999 15 1 0 
2 4.4024193810874213 21.224096916098866 0.70710678118654757 -0.70710678118654757 0.70710678118654757 0.70710678118654757 2
2 -37.000000000000341 9.6120484580452565 0.70710678118654757 -0.70710678118654757 0.70710678118654757 0.70710678118654757 41
2 0 0 1 0 -0 1 41
2 -37 9.6120484580459973 1.110223024625e-16 -1 1 1.110223024625e-16 41
2 0 0 1 0 -0 1 41
2 -36.999999999996803 9.6120484580487933 -0.70710678118654757 -0.70710678118654757 0.70710678118654757 -0.70710678118654757 41
2 0 0 1 0 -0 1 41
2 -37 9.6120484580459955 -1 -1.2246467991469999e-16 1.2246467991469999e-16 -1 41
2 0 0 1 0 -0 1 41
2 -36.999999999996803 9.6120484580487933 -0.70710678118654757 0.70710678118654757 -0.70710678118654757 -0.70710678118654757 41
2 0 0 1 0 -0 1 41
2 -37 9.6120484580459919 -2.22044604925e-16 1 -1 -2.22044604925e-16 41
2 0 0 1 0 -0 1 41
2 -37.000000000000341 9.6120484580452565 0.70710678118654757 0.70710678118654757 -0.70710678118654757 0.70710678118654757 41
2 0 0 1 0 -0 1 41
1 6.2831853071795862 0 0 1 
1 0 0 0 1 
Curves 555
1 37 -9.6120484580460008 115 1 0 0 
2 0 0 115 0 0 1 1 0 -0 -0 1 0 69.680000000000007
1 37 9.6120484580460008 115 1 0 0 
2 0 0 115 0 0 1 1 0 -0 -0 1 0 68.980000000000004
1 72.980000000000004 -9.6120484580460008 100 0 0 1 
1 18.5 -9.6120484580460008 114.2 -1 0 0 
7 0 0  5 18 5  69.821478961994032 -9.6120484580460008 114.2  69.756037045692054 -9.6120484580460008 114.2  69.690592433140893 -9.6120484580460008 114.20656731253395  69.626039144239456 -9.6120484580460008 114.2197015463953  69.563259199488058 -9.6120484580460008 114.23922766657518  69.444825021545569 -9.6120484580460008 114.28955852909149  69.389004029383756 -9.6120484580460008 114.31998416761444  69.336368344378158 -9.6120484580460008 114.35576649437175  69.287601108571295 -9.6120484580460008 114.39645312698761  69.199733929654059 -9.6120484580460008 114.48570108144574  69.160478546639936 -9.6120484580460008 114.53411589665023  69.126067933829347 -9.6120484580460008 114.58616489604428  69.096941578607556 -9.6120484580460008 114.64120069328456  69.049885503629952 -9.6120484580460008 114.75575034804046  69.031943628309634 -9.6120484580460008 114.81526315177304  69.01987846575085 -9.6120484580460008 114.87632327876838  69.013845889358876 -9.6120484580460008 114.93816257015814  69.013845889358876 -9.6120484580460008 115 
 0 6 0.25842446251388634 4 0.50858946584150855 4 0.75441344232884844 4 1 6
7 0 0  6 22 5  69.821478961994032 -9.6120484580460008 113.5  69.683215007696646 -9.6120484580460008 113.5  69.544930923265696 -9.6120484580460008 113.51500912360446  69.40871521292398 -9.6120484580460008 113.54503271118766  69.276591285598073 -9.6120484580460008 113.58969338492149  69.150508104506088 -9.6120484580460008 113.64830754299334  68.976495270820905 -9.6120484580460008 113.75355179485466  68.92245261807544 -9.6120484580460008 113.79016566394793  68.870345574696259 -9.6120484580460008 113.82954197890368  68.820352631063258 -9.6120484580460008 113.87155571881878  68.772641455966749 -9.6120484580460008 113.91606669447904  68.682719657729734 -9.6120484580460008 114.0091273239875  68.640441350173603 -9.6120484580460008 114.05761371719341  68.600684469039564 -9.6120484580460008 114.10822937770365  68.563585419510332 -9.6120484580460008 114.16081327733788  68.529266516850811 -9.6120484580460008 114.21519271000859  68.435670304571914 -9.6120484580460008 114.38192570171341  68.384793693023454 -9.6120484580460008 114.49898809069138  68.3460600966892 -9.6120484580460008 114.62092177604734  68.320031086673325 -9.6120484580460008 114.74616736102338  68.307019583935698 -9.6120484580460008 114.87309198832094  68.307019583935698 -9.6120484580460008 115 
 0 7 0.34992176053088359 5 0.51504717399987698 5 0.67789911201928432 5 1 7
1 18.5 -9.6120484580460008 113.5 -1 0 0 
2 0 0 114.2 0 0 1 1 0 -0 -0 1 0 70.480000000000004
2 70.480000000000004 0 115 -0 1 -0 0 0 -1 -1 -0 -0 0.79999999999999716
7 0 0  5 18 5  69.821478961994032 9.6120484580460008 114.2  69.756037045692054 9.6120484580460008 114.2  69.690592433140893 9.6120484580460008 114.20656731253395  69.626039144239456 9.6120484580460008 114.2197015463953  69.563259199488058 9.6120484580460008 114.23922766657518  69.444825021545569 9.6120484580460008 114.28955852909149  69.389004029383784 9.6120484580460008 114.31998416761442  69.336368344378144 9.6120484580460008 114.35576649437175  69.287601108571309 9.6120484580460008 114.39645312698761  69.199733929654059 9.6120484580460008 114.48570108144574  69.160478546639951 9.6120484580460008 114.53411589665023  69.126067933829347 9.6120484580460008 114.58616489604429  69.096941578607556 9.6120484580460008 114.64120069328456  69.049885503629952 9.6120484580460008 114.75575034804045  69.031943628309619 9.6120484580460008 114.81526315177305  69.019878465750864 9.6120484580460008 114.87632327876837  69.013845889358876 9.6120484580460008 114.93816257015814  69.013845889358876 9.6120484580460008 115 
 0 6 0.25842446251390622 4 0.50858946584156228 4 0.75441344232891483 4 1 6
1 72.980000000000004 9.6120484580460008 100 0 0 1 
1 18.5 9.6120484580460008 114.2 -1 0 0 
7 0 0  6 22 5  69.821478961994032 9.6120484580460008 113.5  69.683215007696674 9.6120484580460008 113.5  69.544930923265611 9.6120484580460008 113.51500912360447  69.408715212924108 9.6120484580460008 113.54503271118763  69.276591285597945 9.6120484580460008 113.58969338492155  69.15050810450613 9.6120484580460008 113.64830754299331  68.976495270820905 9.6120484580460008 113.75355179485466  68.92245261807544 9.6120484580460008 113.79016566394793  68.870345574696259 9.6120484580460008 113.82954197890368  68.820352631063258 9.6120484580460008 113.87155571881878  68.772641455966749 9.6120484580460008 113.91606669447904  68.682719657729734 9.6120484580460008 114.0091273239875  68.640441350173603 9.6120484580460008 114.05761371719341  68.600684469039564 9.6120484580460008 114.10822937770365  68.563585419510332 9.6120484580460008 114.16081327733788  68.529266516850811 9.6120484580460008 114.21519271000859  68.435670304571914 9.6120484580460008 114.38192570171344  68.384793693023468 9.6120484580460008 114.4989880906913  68.346060096689229 9.6120484580460008 114.62092177604741  68.320031086673282 9.6120484580460008 114.74616736102337  68.307019583935713 9.6120484580460008 114.87309198832094  68.307019583935713 9.6120484580460008 115 
 0 7 0.34992176053095481 5 0.51504717399992006 5 0.67789911201929132 5 1 7
1 18.5 9.6120484580460008 113.5 -1 0 0 
2 70.480000000000004 0 115 -0 1 -0 0 0 -1 -1 -0 -0 1.5
2 0 0 113.5 0 0 1 1 0 -0 -0 1 0 70.480000000000004
2 72.980000000000004 -7.6120484580459999 113.5 0 0 1 1 0 -0 -0 1 0 2
2 72.980000000000004 -7.6120484580459999 114.2 0 0 1 1 0 -0 -0 1 0 2
1 74.440504168890996 -8.978404038651 100 0 0 1 
2 0 0 114.2 0 0 1 1 0 -0 -0 1 0 74.980000000000004
2 72.980000000000004 7.6120484580459999 114.2 0 0 1 1 0 -0 -0 1 0 2
2 0 0 113.5 0 0 1 1 0 -0 -0 1 0 74.980000000000004
2 72.980000000000004 7.6120484580459999 113.5 0 0 1 1 0 -0 -0 1 0 2
1 74.440504168890996 8.978404038651 100 0 0 1 
1 74.980000000000004 0 115 0 0 -1 
1 19.366206258125001 -32.959695549679999 115 0.70710678118654757 -0.70710678118654757 0 
1 32.959695549679999 -19.366206258119998 115 0.70710678118654757 -0.70710678118654757 0 
1 44.807908245217 -58.401397536769998 100 0 0 1 
1 6.2847308061737506 -19.87822009772875 114.2 -0.70710678118654757 0.70710678118654757 0 
7 0 0  5 18 5  42.574496600722419 -56.167985892277414 114.2  42.52822217793144 -56.121711469486442 114.2  42.481945848604411 -56.075435140159414 114.20656731253395  42.436299780274297 -56.029789071829292 114.2197015463953  42.39190765561807 -55.985396947173065 114.23922766657518  42.308162045270677 -55.90165133682568 114.28955852909149  42.26869064318052 -55.862179934735522 114.31998416761444  42.231471593380633 -55.824960884935628 114.35576649437175  42.196987950241898 -55.790477241796893 114.39645312698761  42.134856472185774 -55.728345763740769 114.48570108144577  42.107098724658449 -55.700588016213445 114.53411589665018  42.08276674699524 -55.676256038550235 114.58616489604434  42.062171303706705 -55.655660595261708 114.64120069328453  42.028897633994006 -55.622386925549002 114.75575034804046  42.016210812287788 -55.609700103842783 114.81526315177302  42.007679454026402 -55.601168745581397 114.87632327876838  42.003413778351572 -55.596903069906574 114.93816257015814  42.003413778351572 -55.596903069906574 115 
 0 6 0.25842446251387796 4 0.50858946584145048 4 0.75441344232886876 4 1 6
7 0 0  6 22 5  42.574496600722419 -56.167985892277414 113.5  42.476729221045119 -56.070218512600114 113.5  42.378947607213675 -55.97243689876867 113.51500912360449  42.28262855472714 -55.876117846282135 113.5450327111876  42.189202829757761 -55.782692121312763 113.58969338492155  42.100048557414183 -55.693537848969179 113.64830754299331  41.977002902701869 -55.570492194256872 113.75355179485466  41.938788976472246 -55.532278268027241 113.79016566394793  41.901943732751235 -55.495433024306237 113.82954197890368  41.866593383296859 -55.460082674851861 113.87155571881878  41.832856487847742 -55.426345779402737 113.91606669447904  41.769272174537861 -55.362761466092863 114.0091273239875  41.739376896567826 -55.332866188122821 114.05761371719341  41.711264536319121 -55.304753827874123 114.10822937770365  41.685031546821435 -55.27852083837643 114.16081327733788  41.660764418028009 -55.254253709583004 114.21519271000859  41.594581901632196 -55.188071193187199 114.3819257017135  41.558606704602539 -55.152095996157541 114.49898809069114  41.531217915974828 -55.124707207529823 114.62092177604762  41.512812626484987 -55.106301918039982 114.74616736102321  41.503612104665834 -55.097101396220829 114.87309198832098  41.503612104665834 -55.097101396220829 115 
 0 7 0.34992176053089552 5 0.51504717399984778 5 0.67789911201919617 5 1 7
1 6.2847308061737506 -19.87822009772875 113.5 -0.70710678118654757 0.70710678118654757 0 
7 0 0  5 18 5  56.167985892279589 -42.574496600719584 114.2  56.121711469488616 -42.528222177928612 114.2  56.075435140161552 -42.481945848601555 114.20656731253395  56.029789071831459 -42.436299780271455 114.2197015463953  55.985396947175225 -42.391907655615228 114.23922766657518  55.90165133682784 -42.308162045267835 114.28955852909149  55.862179934737668 -42.268690643177663 114.31998416761442  55.824960884937795 -42.231471593377798 114.35576649437175  55.790477241799046 -42.196987950239048 114.39645312698761  55.728345763742936 -42.134856472182932 114.48570108144574  55.700588016215576 -42.107098724655572 114.53411589665023  55.676256038552424 -42.082766746992419 114.58616489604428  55.655660595263846 -42.062171303703849 114.64120069328456  55.622386925551154 -42.02889763399115 114.75575034804045  55.609700103844951 -42.016210812284953 114.81526315177305  55.601168745583536 -42.007679454023531 114.87632327876838  55.596903069908734 -42.00341377834873 114.93816257015814  55.596903069908734 -42.00341377834873 115 
 0 6 0.25842446251390516 4 0.50858946584154596 4 0.75441344232889884 4 1 6
1 58.401397536772002 -44.807908245210001 100 0 0 1 
1 19.878220097730001 -6.2847308061699989 114.2 -0.70710678118654757 0.70710678118654757 0 
7 0 0  6 22 5  56.167985892279589 -42.574496600719584 113.5  56.070218512602267 -42.476729221042262 113.5  55.972436898770866 -42.378947607210861 113.51500912360446  55.876117846284259 -42.282628554724255 113.54503271118764  55.782692121314952 -42.189202829754947 113.58969338492152  55.693537848971317 -42.10004855741132 113.64830754299332  55.570492194259018 -41.977002902699013 113.75355179485466  55.532278268029394 -41.938788976469397 113.79016566394795  55.495433024308397 -41.901943732748393 113.82954197890368  55.460082674854021 -41.866593383294017 113.87155571881878  55.42634577940489 -41.832856487844893 113.91606669447904  55.362761466095009 -41.769272174535004 114.00912732398749  55.332866188124974 -41.739376896564977 114.05761371719341  55.304753827876269 -41.711264536316271 114.10822937770365  55.278520838378583 -41.685031546818585 114.16081327733788  55.254253709585171 -41.660764418025167 114.21519271000859  55.188071193189373 -41.594581901629368 114.38192570171347  55.152095996159652 -41.558606704599654 114.49898809069121  55.124707207531991 -41.531217915971993 114.62092177604751  55.106301918042149 -41.512812626482152 114.74616736102327  55.097101396222968 -41.503612104662963 114.87309198832097  55.097101396222968 -41.503612104662963 115 
 0 7 0.3499217605308913 5 0.51504717399986322 5 0.67789911201923247 5 1 7
1 19.878220097730001 -6.2847308061699989 113.5 -0.70710678118654757 0.70710678118654757 0 
2 46.22212180759 -56.98718397439 113.5 0 0 1 0.70710678118654757 -0.70710678118654757 0 0.70710678118654757 0.70710678118654757 -0 2
2 46.22212180759 -56.98718397439 114.2 0 0 1 0.70710678118654757 -0.70710678118654757 0 0.70710678118654757 0.70710678118654757 -0 2
1 46.288694912806001 -58.986075672730003 100 0 0 1 
2 56.987183974399002 -46.22212180759 114.2 0 0 1 0.70710678118654757 -0.70710678118654757 0 0.70710678118654757 0.70710678118654757 -0 2
2 56.987183974399002 -46.22212180759 113.5 0 0 1 0.70710678118654757 -0.70710678118654757 0 0.70710678118654757 0.70710678118654757 -0 2
1 58.986075672730998 -46.288694912799997 100 0 0 1 
1 53.018866453367004 -53.018866453359998 99.799999999999997 0 0 1 
1 32.959695549679999 19.366206258125001 115 0.70710678118654757 0.70710678118654757 0 
1 19.366206258125001 32.959695549679999 115 0.70710678118654757 0.70710678118654757 0 
1 58.401397536772002 44.807908245217 100 0 0 1 
1 19.87822009772875 6.2847308061737506 114.2 -0.70710678118654757 -0.70710678118654757 0 
7 0 0  5 18 5  56.167985892277429 42.574496600722426 114.2  56.121711469486456 42.528222177931461 114.2  56.075435140159378 42.481945848604383 114.20656731253395  56.029789071829327 42.436299780274325 114.2197015463953  55.985396947173058 42.391907655618056 114.23922766657518  55.90165133682568 42.308162045270677 114.28955852909149  55.862179934735515 42.26869064318052 114.31998416761444  55.824960884935628 42.231471593380633 114.35576649437174  55.790477241796893 42.196987950241898 114.39645312698761  55.728345763740776 42.134856472185774 114.48570108144575  55.70058801621343 42.107098724658428 114.53411589665021  55.67625603855025 42.082766746995254 114.58616489604431  55.655660595261693 42.062171303706698 114.64120069328455  55.622386925548994 42.028897633993992 114.75575034804048  55.60970010384279 42.016210812287795 114.81526315177301  55.60116874558139 42.007679454026388 114.87632327876841  55.596903069906574 42.003413778351572 114.93816257015813  55.596903069906574 42.003413778351572 115 
 0 6 0.25842446251385354 4 0.50858946584144338 4 0.75441344232881791 4 1 6
7 0 0  6 22 5  56.167985892277429 42.574496600722426 113.5  56.070218512600107 42.476729221045105 113.5  55.972436898768699 42.378947607213703 113.51500912360447  55.876117846282121 42.282628554727125 113.54503271118763  55.782692121312763 42.189202829757761 113.58969338492153  55.693537848969186 42.100048557414183 113.64830754299331  55.570492194256857 41.977002902701862 113.75355179485466  55.532278268027241 41.938788976472246 113.79016566394793  55.495433024306237 41.901943732751242 113.82954197890368  55.460082674851861 41.866593383296866 113.87155571881878  55.426345779402737 41.832856487847742 113.91606669447904  55.362761466092863 41.769272174537861 114.00912732398749  55.332866188122821 41.739376896567826 114.05761371719341  55.304753827874123 41.711264536319121 114.10822937770365  55.27852083837643 41.685031546821435 114.16081327733788  55.254253709583004 41.660764418028009 114.21519271000859  55.188071193187199 41.594581901632196 114.3819257017135  55.152095996157556 41.55860670460256 114.49898809069111  55.124707207529781 41.531217915974779 114.62092177604774  55.106301918040025 41.512812626485029 114.74616736102305  55.097101396220822 41.50361210466582 114.87309198832105  55.097101396220822 41.50361210466582 115 
 0 7 0.34992176053089968 5 0.51504717399984834 5 0.67789911201919817 5 1 7
1 19.87822009772875 6.2847308061737506 113.5 -0.70710678118654757 -0.70710678118654757 0 
7 0 0  5 18 5  42.574496600722426 56.167985892277429 114.2  42.528222177931454 56.121711469486456 114.2  42.481945848604383 56.075435140159385 114.20656731253395  42.436299780274325 56.02978907182932 114.2197015463953  42.391907655618056 55.985396947173058 114.23922766657518  42.308162045270677 55.90165133682568 114.28955852909149  42.268690643180513 55.862179934735508 114.31998416761444  42.231471593380647 55.824960884935649 114.35576649437175  42.196987950241891 55.790477241796886 114.39645312698761  42.13485647218576 55.728345763740762 114.48570108144575  42.107098724658471 55.700588016213466 114.53411589665019  42.082766746995233 55.676256038550228 114.58616489604432  42.062171303706705 55.655660595261708 114.64120069328453  42.028897633994006 55.622386925549009 114.75575034804044  42.016210812287781 55.609700103842776 114.81526315177308  42.007679454026402 55.601168745581404 114.87632327876835  42.003413778351572 55.596903069906574 114.93816257015816  42.003413778351572 55.596903069906574 115 
 0 6 0.25842446251386958 4 0.50858946584148157 4 0.75441344232893304 4 1 6
1 44.807908245217 58.401397536772002 100 0 0 1 
1 6.2847308061737506 19.87822009772875 114.2 -0.70710678118654757 -0.70710678118654757 0 
7 0 0  6 22 5  42.574496600722426 56.167985892277429 113.5  42.476729221045126 56.070218512600121 113.5  42.37894760721364 55.972436898768635 113.51500912360447  42.282628554727197 55.876117846282192 113.54503271118762  42.189202829757726 55.782692121312721 113.58969338492155  42.10004855741419 55.693537848969186 113.64830754299331  41.977002902701862 55.570492194256857 113.75355179485466  41.938788976472246 55.532278268027241 113.79016566394793  41.901943732751242 55.495433024306237 113.82954197890368  41.866593383296866 55.460082674851861 113.87155571881878  41.832856487847742 55.426345779402737 113.91606669447904  41.769272174537868 55.362761466092863 114.00912732398749  41.739376896567833 55.332866188122829 114.05761371719341  41.711264536319128 55.304753827874123 114.10822937770365  41.685031546821435 55.27852083837643 114.16081327733788  41.660764418028009 55.254253709583004 114.21519271000859  41.594581901632168 55.18807119318717 114.38192570171357  41.558606704602596 55.152095996157598 114.49898809069096  41.531217915974779 55.124707207529781 114.62092177604788  41.512812626485001 55.106301918040003 114.74616736102303  41.503612104665834 55.097101396220829 114.87309198832104  41.503612104665834 55.097101396220829 115 
 0 7 0.34992176053086926 5 0.51504717399978428 5 0.6778991120190907 5 1 7
1 6.2847308061737506 19.87822009772875 113.5 -0.70710678118654757 -0.70710678118654757 0 
2 56.987183974399002 46.22212180759 113.5 0 0 1 0.70710678118654757 0.70710678118654757 -0 -0.70710678118654757 0.70710678118654757 0 2
2 56.987183974399002 46.22212180759 114.2 0 0 1 0.70710678118654757 0.70710678118654757 -0 -0.70710678118654757 0.70710678118654757 0 2
1 58.986075672730998 46.288694912806001 100 0 0 1 
2 46.22212180759 56.987183974399002 114.2 0 0 1 0.70710678118654757 0.70710678118654757 -0 -0.70710678118654757 0.70710678118654757 0 2
2 46.22212180759 56.987183974399002 113.5 0 0 1 0.70710678118654757 0.70710678118654757 -0 -0.70710678118654757 0.70710678118654757 0 2
1 46.288694912806001 58.986075672730998 100 0 0 1 
1 53.018866453367004 53.018866453367004 99.799999999999997 0 0 1 
1 -9.6120484580460008 -37 115 -2.22044604925e-16 -1 0 
1 9.6120484580450007 -37 115 -2.22044604925e-16 -1 0 
1 -9.6120484580460008 -72.980000000000004 100 0 0 1 
1 -9.6120484580459973 -18.5 114.2 2.22044604925e-16 1 -0 
7 0 0  5 18 5  -9.6120484580460079 -69.821478961994032 114.2  -9.6120484580460079 -69.756037045692054 114.2  -9.6120484580460079 -69.690592433140893 114.20656731253395  -9.6120484580460079 -69.626039144239456 114.2197015463953  -9.6120484580460079 -69.563259199488058 114.23922766657518  -9.6120484580460079 -69.444825021545569 114.28955852909149  -9.6120484580460079 -69.38900402938377 114.31998416761442  -9.6120484580460079 -69.336368344378144 114.35576649437175  -9.6120484580460079 -69.287601108571295 114.39645312698761  -9.6120484580460079 -69.199733929654059 114.48570108144574  -9.6120484580460079 -69.160478546639951 114.53411589665023  -9.6120484580460079 -69.126067933829347 114.58616489604429  -9.6120484580460079 -69.096941578607556 114.64120069328456  -9.6120484580460079 -69.049885503629937 114.75575034804046  -9.6120484580460079 -69.031943628309648 114.815263151773  -9.6120484580460079 -69.01987846575085 114.87632327876844  -9.6120484580460079 -69.013845889358876 114.93816257015811  -9.6120484580460079 -69.013845889358876 115 
 0 6 0.25842446251388546 4 0.50858946584149489 4 0.75441344232882812 4 1 6
7 0 0  6 22 5  -9.6120484580460079 -69.821478961994032 113.5  -9.6120484580460079 -69.683215007696674 113.5  -9.6120484580460079 -69.544930923265667 113.51500912360446  -9.6120484580460079 -69.408715212924022 113.54503271118764  -9.6120484580460079 -69.276591285598016 113.58969338492152  -9.6120484580460079 -69.150508104506116 113.64830754299332  -9.6120484580460079 -68.976495270820905 113.75355179485466  -9.6120484580460079 -68.92245261807544 113.79016566394793  -9.6120484580460079 -68.870345574696259 113.82954197890368  -9.6120484580460079 -68.820352631063258 113.8715557188188  -9.6120484580460079 -68.772641455966749 113.91606669447904  -9.6120484580460079 -68.68271965772972 114.0091273239875  -9.6120484580460079 -68.640441350173589 114.05761371719341  -9.6120484580460079 -68.600684469039564 114.10822937770365  -9.6120484580460079 -68.563585419510332 114.16081327733788  -9.6120484580460079 -68.529266516850811 114.21519271000859  -9.6120484580460079 -68.435670304571914 114.38192570171341  -9.6120484580460079 -68.38479369302344 114.49898809069143  -9.6120484580460079 -68.346060096689214 114.6209217760472  -9.6120484580460079 -68.32003108667331 114.74616736102351  -9.6120484580460079 -68.307019583935698 114.87309198832089  -9.6120484580460079 -68.307019583935698 115 
 0 7 0.34992176053096469 5 0.51504717399995781 5 0.67789911201933972 5 1 7
1 -9.6120484580459973 -18.5 113.5 2.22044604925e-16 1 -0 
7 0 0  5 18 5  9.6120484580449936 -69.821478961994188 114.2  9.6120484580449936 -69.75603704569221 114.2  9.6120484580449936 -69.690592433141006 114.20656731253395  9.6120484580449936 -69.626039144239613 114.2197015463953  9.6120484580449936 -69.563259199488201 114.23922766657518  9.6120484580449936 -69.444825021545711 114.28955852909149  9.6120484580449936 -69.389004029383898 114.31998416761442  9.6120484580449936 -69.336368344378315 114.35576649437176  9.6120484580449936 -69.287601108571437 114.39645312698761  9.6120484580449936 -69.199733929654187 114.48570108144574  9.6120484580449936 -69.160478546640107 114.53411589665025  9.6120484580449936 -69.126067933829461 114.58616489604428  9.6120484580449936 -69.096941578607698 114.64120069328456  9.6120484580449936 -69.049885503630094 114.75575034804044  9.6120484580449936 -69.031943628309762 114.81526315177305  9.6120484580449936 -69.019878465751006 114.87632327876838  9.6120484580449936 -69.013845889359018 114.93816257015814  9.6120484580449936 -69.013845889359018 115 
 0 6 0.25842446251392487 4 0.50858946584160125 4 0.75441344232894703 4 1 6
1 9.6120484580450007 -72.980000000000004 100 0 0 1 
1 9.6120484580450061 -18.5 114.2 2.22044604925e-16 1 -0 
7 0 0  6 22 5  9.6120484580449936 -69.821478961994188 113.5  9.6120484580449936 -69.683215007696816 113.5  9.6120484580449936 -69.544930923265809 113.51500912360444  9.6120484580449936 -69.408715212924136 113.54503271118769  9.6120484580449936 -69.276591285598215 113.58969338492147  9.6120484580449936 -69.15050810450623 113.64830754299334  9.6120484580449936 -68.976495270821033 113.75355179485466  9.6120484580449936 -68.922452618075582 113.79016566394795  9.6120484580449936 -68.870345574696415 113.82954197890368  9.6120484580449936 -68.8203526310634 113.87155571881878  9.6120484580449936 -68.772641455966877 113.91606669447904  9.6120484580449936 -68.682719657729862 114.00912732398749  9.6120484580449936 -68.640441350173731 114.05761371719341  9.6120484580449936 -68.600684469039706 114.10822937770365  9.6120484580449936 -68.563585419510474 114.16081327733788  9.6120484580449936 -68.529266516850967 114.21519271000859  9.6120484580449936 -68.435670304572056 114.38192570171347  9.6120484580449936 -68.384793693023596 114.4989880906912  9.6120484580449936 -68.346060096689385 114.62092177604755  9.6120484580449936 -68.320031086673424 114.74616736102323  9.6120484580449936 -68.307019583935855 114.87309198832098  9.6120484580449936 -68.307019583935855 115 
 0 7 0.34992176053085056 5 0.51504717399983624 5 0.67789911201921393 5 1 7
1 9.6120484580450061 -18.5 113.5 2.22044604925e-16 1 -0 
2 -7.6120484580459999 -72.980000000000004 113.5 0 0 1 -2.22044604925e-16 -1 0 1 -2.22044604925e-16 0 2
2 -7.6120484580459999 -72.980000000000004 114.2 0 0 1 -2.22044604925e-16 -1 0 1 -2.22044604925e-16 0 2
1 -8.978404038651 -74.440504168890001 100 0 0 1 
2 7.6120484580449999 -72.980000000000004 114.2 0 0 1 -2.22044604925e-16 -1 0 1 -2.22044604925e-16 0 2
2 7.6120484580449999 -72.980000000000004 113.5 0 0 1 -2.22044604925e-16 -1 0 1 -2.22044604925e-16 0 2
1 8.978404038651 -74.440504168890001 100 0 0 1 
1 -1.664890447728e-14 -74.980000000000004 99.799999999999997 0 0 1 
1 9.6120484580460008 37 115 1.110223024625e-16 1 0 
1 -9.6120484580460008 37 115 1.110223024625e-16 1 0 
1 9.6120484580460008 72.980000000000004 100 0 0 1 
1 9.6120484580459991 18.5 114.2 -1.110223024625e-16 -1 0 
7 0 0  5 18 5  9.6120484580460044 69.821478961994032 114.2  9.6120484580460044 69.756037045692054 114.2  9.6120484580460044 69.690592433140907 114.20656731253395  9.6120484580460044 69.626039144239456 114.2197015463953  9.6120484580460044 69.563259199488058 114.23922766657518  9.6120484580460044 69.444825021545569 114.28955852909149  9.6120484580460044 69.389004029383784 114.31998416761442  9.6120484580460044 69.336368344378144 114.35576649437175  9.6120484580460044 69.287601108571309 114.39645312698761  9.6120484580460044 69.199733929654059 114.48570108144574  9.6120484580460044 69.160478546639951 114.53411589665023  9.6120484580460044 69.126067933829347 114.58616489604428  9.6120484580460044 69.096941578607556 114.64120069328456  9.6120484580460044 69.049885503629952 114.75575034804046  9.6120484580460044 69.031943628309634 114.81526315177302  9.6120484580460044 69.01987846575085 114.87632327876838  9.6120484580460044 69.013845889358876 114.93816257015814  9.6120484580460044 69.013845889358876 115 
 0 6 0.25842446251388707 4 0.50858946584151354 4 0.75441344232884822 4 1 6
7 0 0  6 22 5  9.6120484580460044 69.821478961994032 113.5  9.6120484580460044 69.683215007696646 113.5  9.6120484580460044 69.544930923265724 113.51500912360446  9.6120484580460044 69.408715212923966 113.54503271118766  9.6120484580460044 69.276591285598045 113.5896933849215  9.6120484580460044 69.150508104506116 113.64830754299332  9.6120484580460044 68.976495270820905 113.75355179485466  9.6120484580460044 68.92245261807544 113.79016566394793  9.6120484580460044 68.870345574696259 113.82954197890368  9.6120484580460044 68.820352631063258 113.87155571881878  9.6120484580460044 68.772641455966763 113.91606669447904  9.6120484580460044 68.682719657729734 114.00912732398751  9.6120484580460044 68.640441350173603 114.05761371719341  9.6120484580460044 68.600684469039564 114.10822937770365  9.6120484580460044 68.563585419510332 114.16081327733788  9.6120484580460044 68.529266516850811 114.21519271000859  9.6120484580460044 68.435670304571872 114.38192570171351  9.6120484580460044 68.384793693023539 114.49898809069106  9.6120484580460044 68.346060096689158 114.62092177604781  9.6120484580460044 68.32003108667331 114.74616736102304  9.6120484580460044 68.307019583935713 114.87309198832104  9.6120484580460044 68.307019583935713 115 
 0 7 0.34992176053084367 5 0.51504717399978583 5 0.67789911201912934 5 1 7
1 9.6120484580459991 18.5 113.5 -1.110223024625e-16 -1 0 
7 0 0  5 18 5  -9.6120484580459973 69.821478961994032 114.2  -9.6120484580459973 69.756037045692054 114.2  -9.6120484580459973 69.690592433140921 114.20656731253395  -9.6120484580459973 69.626039144239428 114.2197015463953  -9.6120484580459973 69.563259199488073 114.23922766657518  -9.6120484580459973 69.444825021545554 114.28955852909149  -9.6120484580459973 69.389004029383798 114.31998416761441  -9.6120484580459973 69.336368344378116 114.35576649437178  -9.6120484580459973 69.287601108571323 114.39645312698761  -9.6120484580459973 69.199733929654059 114.48570108144574  -9.6120484580459973 69.160478546639951 114.53411589665022  -9.6120484580459973 69.126067933829333 114.58616489604429  -9.6120484580459973 69.096941578607556 114.64120069328455  -9.6120484580459973 69.049885503629952 114.75575034804045  -9.6120484580459973 69.031943628309634 114.81526315177305  -9.6120484580459973 69.01987846575085 114.87632327876837  -9.6120484580459973 69.013845889358876 114.93816257015814  -9.6120484580459973 69.013845889358876 115 
 0 6 0.25842446251390266 4 0.50858946584156328 4 0.7544134423289196 4 1 6
1 -9.6120484580450007 72.980000000000004 100 0 0 1 
1 -9.6120484580460026 18.5 114.2 -1.110223024625e-16 -1 0 
7 0 0  6 22 5  -9.6120484580459973 69.821478961994032 113.5  -9.6120484580459973 69.683215007696589 113.5  -9.6120484580459973 69.544930923265895 113.51500912360444  -9.6120484580459973 69.40871521292371 113.54503271118772  -9.6120484580459973 69.276591285598229 113.58969338492145  -9.6120484580459973 69.150508104506059 113.64830754299335  -9.6120484580459973 68.976495270820905 113.75355179485466  -9.6120484580459973 68.92245261807544 113.79016566394793  -9.6120484580459973 68.870345574696259 113.82954197890368  -9.6120484580459973 68.820352631063258 113.87155571881878  -9.6120484580459973 68.772641455966763 113.91606669447904  -9.6120484580459973 68.682719657729734 114.00912732398751  -9.6120484580459973 68.640441350173603 114.05761371719341  -9.6120484580459973 68.600684469039564 114.10822937770365  -9.6120484580459973 68.563585419510332 114.16081327733788  -9.6120484580459973 68.529266516850811 114.21519271000859  -9.6120484580459973 68.435670304571886 114.3819257017135  -9.6120484580459973 68.384793693023511 114.49898809069117  -9.6120484580459973 68.346060096689186 114.62092177604758  -9.6120484580459973 68.320031086673296 114.74616736102323  -9.6120484580459973 68.307019583935713 114.87309198832098  -9.6120484580459973 68.307019583935713 115 
 0 7 0.34992176053076907 5 0.51504717399974664 5 0.67789911201912501 5 1 7
1 -9.6120484580460026 18.5 113.5 -1.110223024625e-16 -1 0 
2 7.6120484580459999 72.980000000000004 113.5 0 0 1 1.110223024625e-16 1 -0 -1 1.110223024625e-16 0 2
2 7.6120484580459999 72.980000000000004 114.2 0 0 1 1.110223024625e-16 1 -0 -1 1.110223024625e-16 0 2
1 8.978404038651 74.440504168890996 100 0 0 1 
2 -7.6120484580449999 72.980000000000004 114.2 0 0 1 1.110223024625e-16 1 -0 -1 1.110223024625e-16 0 2
2 -7.6120484580449999 72.980000000000004 113.5 0 0 1 1.110223024625e-16 1 -0 -1 1.110223024625e-16 0 2
1 -8.978404038651 74.440504168890996 100 0 0 1 
1 8.3244522386389998e-15 74.980000000000004 99.799999999999997 0 0 1 
1 -32.959695549679999 -19.366206258119998 115 -0.70710678118654757 -0.70710678118654757 0 
1 -19.366206258119998 -32.959695549679999 115 -0.70710678118654757 -0.70710678118654757 0 
1 -58.401397536769998 -44.807908245210001 100 0 0 1 
1 -19.878220097730001 -6.2847308061699989 114.2 0.70710678118654757 0.70710678118654757 -0 
7 0 0  5 18 5  -56.167985892279575 -42.574496600719577 114.2  -56.121711469488602 -42.528222177928598 114.2  -56.075435140161574 -42.481945848601569 114.20656731253395  -56.029789071831445 -42.436299780271447 114.2197015463953  -55.985396947175225 -42.391907655615228 114.23922766657518  -55.901651336827825 -42.308162045267828 114.28955852909149  -55.862179934737668 -42.268690643177671 114.31998416761442  -55.824960884937788 -42.23147159337779 114.35576649437175  -55.790477241799053 -42.196987950239048 114.39645312698761  -55.728345763742929 -42.134856472182932 114.48570108144574  -55.70058801621559 -42.107098724655586 114.53411589665022  -55.67625603855241 -42.082766746992412 114.58616489604431  -55.655660595263846 -42.062171303703849 114.64120069328455  -55.622386925551147 -42.02889763399115 114.75575034804046  -55.609700103844943 -42.016210812284946 114.81526315177301  -55.60116874558355 -42.007679454023553 114.87632327876841  -55.59690306990872 -42.003413778348715 114.93816257015813  -55.59690306990872 -42.003413778348715 115 
 0 6 0.25842446251387591 4 0.50858946584148601 4 0.75441344232883578 4 1 6
7 0 0  6 22 5  -56.167985892279575 -42.574496600719577 113.5  -56.070218512602239 -42.476729221042234 113.5  -55.972436898770908 -42.378947607210904 113.51500912360447  -55.87611784628421 -42.282628554724212 113.54503271118763  -55.782692121314959 -42.189202829754961 113.58969338492153  -55.693537848971324 -42.100048557411327 113.64830754299331  -55.570492194259018 -41.977002902699013 113.75355179485466  -55.532278268029394 -41.938788976469397 113.79016566394793  -55.49543302430839 -41.901943732748393 113.82954197890368  -55.460082674854021 -41.866593383294017 113.87155571881878  -55.426345779404897 -41.8328564878449 113.91606669447904  -55.362761466095023 -41.769272174535018 114.00912732398749  -55.332866188124981 -41.739376896564977 114.05761371719341  -55.304753827876269 -41.711264536316264 114.10822937770365  -55.278520838378583 -41.685031546818578 114.16081327733788  -55.254253709585171 -41.660764418025167 114.21519271000859  -55.188071193189359 -41.594581901629361 114.38192570171348  -55.152095996159659 -41.558606704599661 114.49898809069114  -55.124707207531983 -41.531217915971979 114.62092177604765  -55.106301918042156 -41.512812626482159 114.74616736102314  -55.097101396222968 -41.503612104662963 114.87309198832102  -55.097101396222968 -41.503612104662963 115 
 0 7 0.34992176053090945 5 0.51504717399986855 5 0.67789911201922526 5 1 7
1 -19.878220097730001 -6.2847308061699989 113.5 0.70710678118654757 0.70710678118654757 -0 
7 0 0  5 18 5  -42.574496600719584 -56.167985892279589 114.2  -42.528222177928612 -56.121711469488616 114.2  -42.481945848601541 -56.075435140161545 114.20656731253395  -42.436299780271469 -56.029789071831473 114.2197015463953  -42.391907655615213 -55.985396947175218 114.23922766657518  -42.308162045267828 -55.901651336827825 114.28955852909149  -42.268690643177678 -55.862179934737675 114.31998416761442  -42.23147159337779 -55.824960884937788 114.35576649437176  -42.196987950239048 -55.790477241799053 114.39645312698761  -42.134856472182932 -55.728345763742936 114.48570108144574  -42.107098724655572 -55.700588016215576 114.53411589665022  -42.082766746992419 -55.676256038552424 114.58616489604429  -42.062171303703849 -55.655660595263846 114.64120069328456  -42.02889763399115 -55.622386925551154 114.75575034804045  -42.016210812284953 -55.609700103844951 114.81526315177304  -42.007679454023531 -55.601168745583536 114.8763232787684  -42.00341377834873 -55.596903069908734 114.93816257015814  -42.00341377834873 -55.596903069908734 115 
 0 6 0.25842446251388612 4 0.50858946584154319 4 0.75441344232889407 4 1 6
1 -44.807908245210001 -58.401397536769998 100 0 0 1 
1 -6.2847308061699989 -19.878220097730001 114.2 0.70710678118654757 0.70710678118654757 -0 
7 0 0  6 22 5  -42.574496600719584 -56.167985892279589 113.5  -42.476729221042262 -56.070218512602267 113.5  -42.378947607210868 -55.972436898770866 113.51500912360446  -42.282628554724241 -55.876117846284238 113.54503271118764  -42.189202829754961 -55.782692121314966 113.58969338492152  -42.100048557411313 -55.693537848971317 113.64830754299332  -41.977002902699013 -55.570492194259018 113.75355179485466  -41.938788976469397 -55.532278268029394 113.79016566394795  -41.901943732748393 -55.495433024308397 113.82954197890368  -41.866593383294017 -55.460082674854021 113.87155571881878  -41.832856487844893 -55.42634577940489 113.91606669447904  -41.769272174535004 -55.362761466095009 114.00912732398749  -41.739376896564977 -55.332866188124981 114.05761371719341  -41.711264536316278 -55.304753827876276 114.10822937770365  -41.685031546818593 -55.278520838378597 114.16081327733788  -41.660764418025153 -55.254253709585157 114.21519271000859  -41.594581901629354 -55.188071193189359 114.38192570171347  -41.558606704599661 -55.152095996159659 114.49898809069126  -41.531217915972007 -55.124707207532005 114.62092177604741  -41.512812626482116 -55.106301918042121 114.7461673610234  -41.503612104662977 -55.097101396222982 114.87309198832091  -41.503612104662977 -55.097101396222982 115 
 0 7 0.34992176053088447 5 0.51504717399985633 5 0.67789911201922903 5 1 7
1 -6.2847308061699989 -19.878220097730001 113.5 0.70710678118654757 0.70710678118654757 -0 
2 -56.98718397439 -46.22212180759 113.5 0 0 1 -0.70710678118654757 -0.70710678118654757 0 0.70710678118654757 -0.70710678118654757 0 2
2 -56.98718397439 -46.22212180759 114.2 0 0 1 -0.70710678118654757 -0.70710678118654757 0 0.70710678118654757 -0.70710678118654757 0 2
1 -58.986075672730003 -46.288694912799997 100 0 0 1 
2 -46.22212180759 -56.98718397439 114.2 0 0 1 -0.70710678118654757 -0.70710678118654757 0 0.70710678118654757 -0.70710678118654757 0 2
2 -46.22212180759 -56.98718397439 113.5 0 0 1 -0.70710678118654757 -0.70710678118654757 0 0.70710678118654757 -0.70710678118654757 0 2
1 -46.288694912799997 -58.986075672730003 100 0 0 1 
1 -53.018866453359998 -53.018866453359998 99.799999999999997 0 0 1 
1 -19.366206258119998 32.959695549679999 115 -0.70710678118654757 0.70710678118654757 0 
1 -32.959695549679999 19.366206258125001 115 -0.70710678118654757 0.70710678118654757 0 
1 -44.807908245210001 58.401397536772002 100 0 0 1 
1 -6.2847308061699989 19.878220097730001 114.2 0.70710678118654757 -0.70710678118654757 0 
7 0 0  5 18 5  -42.574496600719577 56.167985892279575 114.2  -42.528222177928598 56.121711469488602 114.2  -42.481945848601569 56.075435140161574 114.20656731253395  -42.436299780271447 56.029789071831445 114.2197015463953  -42.391907655615228 55.985396947175225 114.23922766657518  -42.308162045267828 55.901651336827825 114.28955852909149  -42.268690643177678 55.862179934737675 114.31998416761442  -42.23147159337779 55.824960884937788 114.35576649437175  -42.196987950239048 55.790477241799053 114.39645312698761  -42.134856472182932 55.728345763742929 114.48570108144575  -42.107098724655586 55.70058801621559 114.53411589665021  -42.082766746992405 55.67625603855241 114.58616489604431  -42.062171303703849 55.655660595263846 114.64120069328455  -42.02889763399115 55.622386925551147 114.75575034804046  -42.016210812284946 55.609700103844943 114.815263151773  -42.007679454023553 55.60116874558355 114.87632327876842  -42.003413778348715 55.59690306990872 114.93816257015813  -42.003413778348715 55.59690306990872 115 
 0 6 0.25842446251387835 4 0.50858946584148434 4 0.75441344232884411 4 1 6
7 0 0  6 22 5  -42.574496600719577 56.167985892279575 113.5  -42.476729221042227 56.070218512602224 113.5  -42.378947607210932 55.97243689877093 113.51500912360447  -42.282628554724191 55.876117846284188 113.54503271118764  -42.189202829754969 55.782692121314966 113.58969338492153  -42.10004855741132 55.693537848971317 113.64830754299332  -41.977002902699013 55.570492194259018 113.75355179485466  -41.938788976469397 55.532278268029394 113.79016566394793  -41.901943732748393 55.49543302430839 113.82954197890368  -41.866593383294017 55.460082674854021 113.87155571881878  -41.8328564878449 55.426345779404897 113.91606669447904  -41.769272174535025 55.362761466095023 114.00912732398749  -41.739376896564977 55.332866188124981 114.05761371719341  -41.711264536316264 55.304753827876269 114.10822937770365  -41.685031546818578 55.278520838378583 114.16081327733788  -41.660764418025167 55.254253709585171 114.21519271000859  -41.594581901629333 55.18807119318933 114.38192570171356  -41.558606704599725 55.15209599615973 114.49898809069089  -41.531217915971915 55.124707207531912 114.62092177604801  -41.512812626482173 55.106301918042178 114.74616736102291  -41.503612104662963 55.097101396222968 114.87309198832106  -41.503612104662963 55.097101396222968 115 
 0 7 0.34992176053082835 5 0.51504717399975208 5 0.67789911201907394 5 1 7
1 -6.2847308061699989 19.878220097730001 113.5 0.70710678118654757 -0.70710678118654757 0 
7 0 0  5 18 5  -56.167985892277429 42.574496600722426 114.2  -56.121711469486456 42.528222177931454 114.2  -56.075435140159385 42.481945848604383 114.20656731253395  -56.02978907182932 42.436299780274325 114.2197015463953  -55.985396947173058 42.391907655618056 114.23922766657518  -55.90165133682568 42.308162045270677 114.28955852909149  -55.862179934735508 42.268690643180506 114.31998416761444  -55.824960884935649 42.231471593380647 114.35576649437175  -55.790477241796886 42.196987950241891 114.39645312698761  -55.728345763740776 42.134856472185774 114.48570108144574  -55.700588016213437 42.107098724658442 114.53411589665025  -55.67625603855025 42.082766746995254 114.58616489604427  -55.655660595261693 42.062171303706691 114.64120069328456  -55.622386925549002 42.028897633994006 114.75575034804046  -55.609700103842783 42.016210812287788 114.81526315177302  -55.601168745581397 42.007679454026402 114.8763232787684  -55.596903069906574 42.003413778351572 114.93816257015814  -55.596903069906574 42.003413778351572 115 
 0 6 0.25842446251386914 4 0.50858946584146802 4 0.75441344232880347 4 1 6
1 -58.401397536769998 44.807908245217 100 0 0 1 
1 -19.87822009772875 6.2847308061737506 114.2 0.70710678118654757 -0.70710678118654757 0 
7 0 0  6 22 5  -56.167985892277429 42.574496600722426 113.5  -56.070218512600078 42.476729221045083 113.5  -55.972436898768777 42.378947607213775 113.51500912360444  -55.876117846281986 42.282628554726983 113.54503271118767  -55.78269212131287 42.189202829757875 113.58969338492149  -55.693537848969143 42.100048557414141 113.64830754299334  -55.570492194256857 41.977002902701855 113.75355179485466  -55.532278268027241 41.938788976472239 113.79016566394795  -55.495433024306237 41.901943732751242 113.82954197890369  -55.460082674851861 41.866593383296866 113.87155571881878  -55.426345779402737 41.832856487847742 113.91606669447904  -55.362761466092856 41.769272174537861 114.00912732398749  -55.332866188122821 41.739376896567826 114.05761371719341  -55.304753827874123 41.711264536319128 114.10822937770365  -55.278520838376437 41.685031546821435 114.16081327733788  -55.254253709583004 41.660764418028009 114.21519271000859  -55.188071193187199 41.594581901632196 114.38192570171348  -55.152095996157541 41.558606704602546 114.49898809069117  -55.124707207529795 41.531217915974793 114.62092177604762  -55.106301918040018 41.512812626485015 114.74616736102314  -55.097101396220822 41.50361210466582 114.87309198832104  -55.097101396220822 41.50361210466582 115 
 0 7 0.34992176053083474 5 0.51504717399980426 5 0.67789911201917463 5 1 7
1 -19.87822009772875 6.2847308061737506 113.5 0.70710678118654757 -0.70710678118654757 0 
2 -46.22212180759 56.987183974399002 113.5 0 0 1 -0.70710678118654757 0.70710678118654757 0 -0.70710678118654757 -0.70710678118654757 0 2
2 -46.22212180759 56.987183974399002 114.2 0 0 1 -0.70710678118654757 0.70710678118654757 0 -0.70710678118654757 -0.70710678118654757 0 2
1 -46.288694912799997 58.986075672730998 100 0 0 1 
2 -56.98718397439 46.22212180759 114.2 0 0 1 -0.70710678118654757 0.70710678118654757 0 -0.70710678118654757 -0.70710678118654757 0 2
2 -56.98718397439 46.22212180759 113.5 0 0 1 -0.70710678118654757 0.70710678118654757 0 -0.70710678118654757 -0.70710678118654757 0 2
1 -58.986075672730003 46.288694912806001 100 0 0 1 
1 -53.018866453359998 53.018866453367004 99.799999999999997 0 0 1 
1 -37 9.6120484580460008 115 -1 1.2246467991469999e-16 0 
1 -37 -9.6120484580460008 115 -1 1.2246467991469999e-16 0 
1 -72.980000000000004 9.6120484580460008 100 0 0 1 
1 -18.5 9.6120484580459973 114.2 1 -1.2246467991469999e-16 0 
7 0 0  5 18 5  -69.821478961994032 9.6120484580460044 114.2  -69.756037045692054 9.6120484580460044 114.2  -69.690592433140893 9.6120484580460044 114.20656731253395  -69.626039144239456 9.6120484580460044 114.2197015463953  -69.563259199488058 9.6120484580460044 114.23922766657518  -69.444825021545569 9.6120484580460044 114.28955852909149  -69.38900402938377 9.6120484580460044 114.31998416761442  -69.336368344378144 9.6120484580460044 114.35576649437175  -69.287601108571295 9.6120484580460044 114.39645312698761  -69.199733929654045 9.6120484580460044 114.48570108144575  -69.160478546639979 9.6120484580460044 114.53411589665019  -69.126067933829319 9.6120484580460044 114.58616489604432  -69.09694157860757 9.6120484580460044 114.64120069328453  -69.049885503629952 9.6120484580460044 114.75575034804046  -69.031943628309634 9.6120484580460044 114.81526315177304  -69.01987846575085 9.6120484580460044 114.87632327876838  -69.013845889358876 9.6120484580460044 114.93816257015814  -69.013845889358876 9.6120484580460044 115 
 0 6 0.25842446251386181 4 0.50858946584147391 4 0.75441344232887486 4 1 6
7 0 0  6 22 5  -69.821478961994032 9.6120484580460044 113.5  -69.683215007696674 9.6120484580460044 113.5  -69.544930923265639 9.6120484580460044 113.51500912360446  -69.408715212924051 9.6120484580460044 113.54503271118764  -69.276591285598002 9.6120484580460044 113.58969338492152  -69.150508104506116 9.6120484580460044 113.64830754299332  -68.976495270820905 9.6120484580460044 113.75355179485466  -68.92245261807544 9.6120484580460044 113.79016566394793  -68.870345574696259 9.6120484580460044 113.82954197890368  -68.820352631063258 9.6120484580460044 113.87155571881878  -68.772641455966749 9.6120484580460044 113.91606669447904  -68.682719657729734 9.6120484580460044 114.0091273239875  -68.640441350173603 9.6120484580460044 114.05761371719341  -68.600684469039564 9.6120484580460044 114.10822937770365  -68.563585419510332 9.6120484580460044 114.16081327733788  -68.529266516850811 9.6120484580460044 114.21519271000859  -68.4356703045719 9.6120484580460044 114.38192570171346  -68.384793693023497 9.6120484580460044 114.49898809069128  -68.346060096689172 9.6120484580460044 114.62092177604745  -68.320031086673339 9.6120484580460044 114.74616736102331  -68.307019583935698 9.6120484580460044 114.87309198832097  -68.307019583935698 9.6120484580460044 115 
 0 7 0.34992176053089769 5 0.51504717399986244 5 0.67789911201923825 5 1 7
1 -18.5 9.6120484580459973 113.5 1 -1.2246467991469999e-16 0 
7 0 0  5 18 5  -69.821478961994032 -9.6120484580459973 114.2  -69.756037045692054 -9.6120484580459973 114.2  -69.690592433140893 -9.6120484580459973 114.20656731253395  -69.626039144239456 -9.6120484580459973 114.2197015463953  -69.563259199488058 -9.6120484580459973 114.23922766657518  -69.444825021545569 -9.6120484580459973 114.28955852909149  -69.389004029383784 -9.6120484580459973 114.31998416761442  -69.336368344378144 -9.6120484580459973 114.35576649437175  -69.287601108571309 -9.6120484580459973 114.39645312698761  -69.199733929654059 -9.6120484580459973 114.48570108144573  -69.160478546639922 -9.6120484580459973 114.53411589665026  -69.126067933829361 -9.6120484580459973 114.58616489604425  -69.096941578607556 -9.6120484580459973 114.64120069328457  -69.049885503629952 -9.6120484580459973 114.75575034804044  -69.031943628309619 -9.6120484580459973 114.81526315177308  -69.019878465750864 -9.6120484580459973 114.87632327876833  -69.013845889358876 -9.6120484580459973 114.93816257015817  -69.013845889358876 -9.6120484580459973 115 
 0 6 0.25842446251393059 4 0.50858946584160192 4 0.75441344232892127 4 1 6
1 -72.980000000000004 -9.6120484580450007 100 0 0 1 
1 -18.5 -9.6120484580460044 114.2 1 -1.2246467991469999e-16 0 
7 0 0  6 22 5  -69.821478961994032 -9.6120484580459973 113.5  -69.68321500769666 -9.6120484580459973 113.5  -69.544930923265667 -9.6120484580459973 113.51500912360446  -69.408715212924037 -9.6120484580459973 113.54503271118764  -69.276591285598002 -9.6120484580459973 113.58969338492152  -69.150508104506116 -9.6120484580459973 113.64830754299332  -68.976495270820905 -9.6120484580459973 113.75355179485466  -68.92245261807544 -9.6120484580459973 113.79016566394793  -68.870345574696259 -9.6120484580459973 113.82954197890368  -68.820352631063258 -9.6120484580459973 113.87155571881878  -68.772641455966749 -9.6120484580459973 113.91606669447904  -68.682719657729734 -9.6120484580459973 114.0091273239875  -68.640441350173603 -9.6120484580459973 114.05761371719341  -68.600684469039564 -9.6120484580459973 114.10822937770365  -68.563585419510332 -9.6120484580459973 114.16081327733788  -68.529266516850811 -9.6120484580459973 114.21519271000859  -68.435670304571843 -9.6120484580459973 114.38192570171356  -68.384793693023596 -9.6120484580459973 114.49898809069099  -68.346060096689115 -9.6120484580459973 114.62092177604781  -68.320031086673325 -9.6120484580459973 114.74616736102308  -68.307019583935713 -9.6120484580459973 114.87309198832102  -68.307019583935713 -9.6120484580459973 115 
 0 7 0.3499217605308072 5 0.51504717399972599 5 0.67789911201905317 5 1 7
1 -18.5 -9.6120484580460044 113.5 1 -1.2246467991469999e-16 0 
2 -72.980000000000004 7.6120484580459999 113.5 0 0 1 -1 1.2246467991469999e-16 0 -1.2246467991469999e-16 -1 0 2
2 -72.980000000000004 7.6120484580459999 114.2 0 0 1 -1 1.2246467991469999e-16 0 -1.2246467991469999e-16 -1 0 2
1 -74.440504168890001 8.978404038651 100 0 0 1 
2 -72.980000000000004 -7.6120484580449999 114.2 0 0 1 -1 1.2246467991469999e-16 0 -1.2246467991469999e-16 -1 0 2
2 -72.980000000000004 -7.6120484580449999 113.5 0 0 1 -1 1.2246467991469999e-16 0 -1.2246467991469999e-16 -1 0 2
1 -74.440504168890001 -8.978404038651 100 0 0 1 
1 -74.980000000000004 9.1824017000070003e-15 99.799999999999997 0 0 1 
2 72.980000000000004 7.6120484580459999 115 -0 0 1 0 -1 0 1 0 0 2
2 0 0 115 0 0 1 1 0 -0 -0 1 0 74.980000000000004
2 0 0 115 0 0 1 1 0 -0 -0 1 0 74.980000000000004
2 72.980000000000004 -7.6120484580459999 115 -0 -0 -1 0 -1 0 -1 0 0 2
1 74.980000000000004 -1.836480340001e-14 99.799999999999997 0 0 1 
2 46.22212180759 -56.98718397439 115 -0 0 -1 -0.70710678118654757 -0.70710678118654757 0 -0.70710678118654757 0.70710678118654757 0 2
2 0 0 115 0 0 1 1 0 -0 -0 1 0 74.980000000000004
2 0 0 115 0 0 1 1 0 -0 -0 1 0 74.980000000000004
2 56.987183974399002 -46.22212180759 115 0 0 1 -0.70710678118654757 -0.70710678118654757 0 0.70710678118654757 -0.70710678118654757 0 2
2 56.987183974399002 46.22212180759 115 0 -0 -1 0.70710678118654757 -0.70710678118654757 0 -0.70710678118654757 -0.70710678118654757 0 2
2 0 0 115 0 0 1 1 0 -0 -0 1 0 74.980000000000004
2 0 0 115 0 0 1 1 0 -0 -0 1 0 74.980000000000004
2 46.22212180759 56.987183974399002 115 -0 0 1 0.70710678118654757 -0.70710678118654757 0 0.70710678118654757 0.70710678118654757 0 2
2 -7.6120484580459999 -72.980000000000004 115 0 0 -1 -1 2.22044604925e-16 0 2.22044604925e-16 1 0 2
2 0 0 115 0 0 1 1 0 -0 -0 1 0 74.980000000000004
2 0 0 115 0 0 1 1 0 -0 -0 1 0 74.980000000000004
2 7.6120484580449999 -72.980000000000004 115 0 0 1 -1 2.22044604925e-16 0 -2.22044604925e-16 -1 0 2
2 7.6120484580459999 72.980000000000004 115 0 -0 -1 1 -1.110223024625e-16 0 -1.110223024625e-16 -1 0 2
2 0 0 115 0 0 1 1 0 -0 -0 1 0 74.980000000000004
2 0 0 115 0 0 1 1 0 -0 -0 1 0 74.980000000000004
2 -7.6120484580449999 72.980000000000004 115 -0 0 1 1 -1.110223024625e-16 0 1.110223024625e-16 1 0 2
2 -56.98718397439 -46.22212180759 115 0 0 -1 -0.70710678118654757 0.70710678118654757 0 0.70710678118654757 0.70710678118654757 0 2
2 0 0 115 0 0 1 1 0 -0 -0 1 0 74.980000000000004
2 0 0 115 0 0 1 1 0 -0 -0 1 0 74.980000000000004
2 -46.22212180759 -56.98718397439 115 0 0 1 -0.70710678118654757 0.70710678118654757 0 -0.70710678118654757 -0.70710678118654757 0 2
2 -46.22212180759 56.987183974399002 115 0 0 -1 0.70710678118654757 0.70710678118654757 0 0.70710678118654757 -0.70710678118654757 0 2
2 0 0 115 0 0 1 1 0 -0 -0 1 0 74.980000000000004
2 0 0 115 0 0 1 1 0 -0 -0 1 0 74.980000000000004
2 -56.98718397439 46.22212180759 115 0 -0 1 0.70710678118654757 0.70710678118654757 0 -0.70710678118654757 0.70710678118654757 0 2
2 -72.980000000000004 7.6120484580459999 115 0 0 -1 1.2246467991469999e-16 1 0 1 -1.2246467991469999e-16 0 2
2 0 0 115 0 0 1 1 0 -0 -0 1 0 74.980000000000004
2 0 0 115 0 0 1 1 0 -0 -0 1 0 74.980000000000004
2 -72.980000000000004 -7.6120484580449999 115 0 -0 1 1.2246467991469999e-16 1 0 -1 1.2246467991469999e-16 0 2
1 37 -9.6120484580460008 100 1 0 0 
2 72.980000000000004 -7.6120484580459999 100 -0 -0 -1 0 -1 0 -1 0 0 2
2 0 0 100 0 0 1 1 0 -0 -0 1 0 74.980000000000004
2 0 0 100 0 0 1 1 0 -0 -0 1 0 74.980000000000004
2 72.980000000000004 7.6120484580459999 100 -0 0 1 0 -1 0 1 0 0 2
1 37 9.6120484580460008 100 1 0 0 
1 37 9.6120484580460008 100 1 0 0 
2 0 0 100 0 0 1 1 0 -0 -0 1 0 41
2 0 0 100 0 0 1 1 0 -0 -0 1 0 41
1 37 -9.6120484580460008 100 1 0 0 
1 41.402419381093999 -9.6120484580460008 100 0 0 1 
1 41.402419381093999 9.6120484580460008 100 0 0 1 
2 0 0 100 0 0 1 1 0 -0 -0 1 0 41
7 0 0  5 18 5  37.533432159686001 13.720111891462 100  37.635707254022002 13.702167302084 100  37.738639475318998 13.677265922349999 100  37.841354494758001 13.645071619129 100  37.942820379376997 13.605460989118001 100  38.141267385870997 13.511724545051999 100  38.238245720850998 13.457587389167999 100  38.331906755810998 13.396370446679001 100  38.421230235909 13.328548898677999 100  38.589232789528999 13.181430901004999 100  38.667953702726003 13.102180797003999 100  38.740751184800999 13.017797918675999 100  38.807025864878 12.929218598061 100  38.926351661719004 12.744980865514 100  38.979303626643997 12.649275033071 100  39.025011501554999 12.551326065505 100  39.063460246717 12.452186243009001 100  39.094870331867 12.352777571644999 100 
 0 6 0.24990212891300001 4 0.49999999980600002 4 0.74909775361200004 4 1 6
2 37.879060832962999 15.690020726968999 100 0 0 1 0.92387953251127652 0.38268343236511454 -0 -0.38268343236511454 0.92387953251127652 0 2
7 0 0  5 18 5  36.378980708671001 18.909515133873001 100  36.426871310269 18.817381027877001 100  36.469635830933001 18.720498022832999 100  36.506476053711999 18.619356308572002 100  36.536666958878001 18.514700506073002 100  36.582795276833998 18.300131371258001 100  36.598721988168002 18.190213361047 100  36.607010046989998 18.078628363855 100  36.607416948382003 17.966475428532998 100  36.592649337250002 17.743651549820999 100  36.577537056280001 17.632975535606001 100  36.554749016812004 17.523885440691 100  36.524664709389 17.417426229221 100  36.450838895551001 17.210709183245999 100  36.406999480723002 17.110501286049001 100  36.356976932366997 17.014683987339001 100  36.301597874313998 16.923908603350998 100  36.241728558410003 16.838560244229001 100 
 0 6 0.24990212891300001 4 0.49999999980600002 4 0.74909775361200004 4 1 6
2 0 0 100 0 0 1 1 0 -0 -0 1 0 41
2 0 0 100 0 0 1 1 0 -0 -0 1 0 41
1 32.959695549679999 19.366206258125001 100 0.70710678118654757 0.70710678118654757 0 
2 32.959695549679999 22.194633382871 100 -0 0 1 0.70710678118654757 -0.70710678118654757 0 0.70710678118654757 0.70710678118654757 0 2
1 32.959695549679999 19.366206258125001 100 -0.70710678118654757 0.70710678118654757 0 
2 22.194633382871 32.959695549679999 100 0 -0 -1 0.70710678118654757 -0.70710678118654757 0 -0.70710678118654757 -0.70710678118654757 0 2
1 19.366206258125001 32.959695549679999 100 0.70710678118654757 0.70710678118654757 0 
2 0 0 100 0 0 1 1 0 -0 -0 1 0 41
2 0 0 100 0 0 1 1 0 -0 -0 1 0 41
7 0 0  5 18 5  16.838560244229001 36.241728558410003 100  16.923568397814002 36.301359230327002 100  17.013960403967001 36.356535367538001 100  17.109355700864999 36.406401044189998 100  17.209111861025999 36.450139314174997 100  17.415716760268001 36.524180862929001 100  17.522571548599998 36.554474151181999 100  17.632086816710999 36.577415588977999 100  17.743205131709001 36.592619750973 100  17.966029010420002 36.607387362105001 100  18.077731387911999 36.607013167699002 100  18.188874686622 36.598821055445001 100  18.298373000605 36.583049292868999 100  18.513024830755999 36.537149622950999 100  18.618141767350998 36.506918073306998 100  18.719722494831 36.469978042434001 100  18.817012304035 36.427062970093999 100  18.909515133873001 36.378980708671001 100 
 0 6 0.24990212891300001 4 0.49999999980600002 4 0.74909775361200004 4 1 6
2 15.690020726968999 37.879060832962999 100 0 0 1 0.38268343236511454 0.92387953251127652 -0 -0.92387953251127652 0.38268343236511454 0 2
7 0 0  5 18 5  12.352777571644999 39.094870331867 100  12.451789991919 39.063585449884002 100  12.550535704323 39.025317902590999 100  12.648103667685 38.979849881923997 100  12.743454689095 38.927195248059 100  12.927795625788001 38.808089604229998 100  13.016781281768999 38.741627719420997 100  13.101544332557999 38.668585753823997 100  13.181136156388 38.589569375460997 100  13.328254154061 38.421566821840997 100  13.395827917875 38.332621065322002 100  13.456852686512001 38.239369142209 100  13.510857899076001 38.142818294073003 100  13.604826190480001 37.944444535484998 100  13.644684726608 37.842587704339998 100  13.677066505126 37.739463359513003 100  13.702095487224 37.636116562444997 100  13.720111891462 37.533432159686001 100 
 0 6 0.24990212891300001 4 0.49999999980600002 4 0.74909775361200004 4 1 6
2 0 0 100 0 0 1 1 0 -0 -0 1 0 41
2 0 0 100 0 0 1 1 0 -0 -0 1 0 41
1 9.6120484580460008 37 100 1.110223024625e-16 1 0 
2 7.6120484580459999 39 100 -0 0 1 1 -1.110223024625e-16 0 1.110223024625e-16 1 0 2
1 9.6120484580460008 37 100 -1 1.110223024625e-16 0 
2 -7.6120484580459999 39 100 0 -0 -1 1 -1.110223024625e-16 0 -1.110223024625e-16 -1 0 2
1 -9.6120484580460008 37 100 1.110223024625e-16 1 0 
2 0 0 100 0 0 1 1 0 -0 -0 1 0 41
2 0 0 100 0 0 1 1 0 -0 -0 1 0 41
7 0 0  5 18 5  -13.720111891449999 37.533432159687997 100  -13.70216730207 37.635707254023004 100  -13.67726592234 37.738639475321001 100  -13.645071619119999 37.841354494759997 100  -13.605460989099999 37.942820379379 100  -13.51172454504 38.141267385873 100  -13.45758738915 38.238245720853001 100  -13.39637044667 38.331906755813002 100  -13.328548898659999 38.421230235911999 100  -13.18143090099 38.589232789531998 100  -13.10218079699 38.667953702729001 100  -13.017797918659999 38.740751184803997 100  -12.929218598049999 38.807025864880998 100  -12.744980865500001 38.926351661722002 100  -12.64927503306 38.979303626647003 100  -12.551326065490001 39.025011501557998 100  -12.452186242990001 39.063460246719998 100  -12.35277757163 39.094870331869998 100 
 0 6 0.24990212891300001 4 0.49999999980600002 4 0.74909775361200004 4 1 6
2 -15.69002072696 37.879060832962999 100 0 0 1 -0.38268343236511454 0.92387953251127652 0 -0.92387953251127652 -0.38268343236511454 0 2
7 0 0  5 18 5  -18.909515133860001 36.378980708672998 100  -18.817381027869999 36.426871310271999 100  -18.720498022819999 36.469635830935999 100  -18.61935630856 36.506476053714998 100  -18.514700506059999 36.536666958881 100  -18.30013137125 36.582795276836997 100  -18.190213361040001 36.598721988171 100  -18.07862836384 36.607010046992997 100  -17.966475428519999 36.607416948385001 100  -17.74365154981 36.592649337253 100  -17.6329755356 36.577537056282999 100  -17.523885440680001 36.554749016814 100  -17.417426229210001 36.524664709390997 100  -17.210709183230001 36.450838895552998 100  -17.110501286040002 36.406999480724998 100  -17.014683987329999 36.356976932367999 100  -16.923908603339999 36.301597874315 100  -16.838560244220002 36.241728558411999 100 
 0 6 0.24990212891300001 4 0.49999999980600002 4 0.74909775361200004 4 1 6
2 0 0 100 0 0 1 1 0 -0 -0 1 0 41
2 0 0 100 0 0 1 1 0 -0 -0 1 0 41
1 -19.366206258119998 32.959695549679999 100 -0.70710678118654757 0.70710678118654757 0 
2 -22.194633382869998 32.959695549679999 100 0 -0 1 0.70710678118654757 0.70710678118654757 0 -0.70710678118654757 0.70710678118654757 0 2
1 -19.366206258119998 32.959695549679999 100 -0.70710678118654757 -0.70710678118654757 0 
2 -32.959695549679999 22.194633382871 100 0 0 -1 0.70710678118654757 0.70710678118654757 0 0.70710678118654757 -0.70710678118654757 0 2
1 -32.959695549679999 19.366206258125001 100 -0.70710678118654757 0.70710678118654757 0 
2 0 0 100 0 0 1 1 0 -0 -0 1 0 41
2 0 0 100 0 0 1 1 0 -0 -0 1 0 41
7 0 0  5 18 5  -36.241728558399998 16.838560244229999 100  -36.301359230320003 16.923568397815998 100  -36.35653536753 17.013960403969001 100  -36.406401044180001 17.109355700866999 100  -36.450139314170002 17.209111861027999 100  -36.524180862919998 17.415716760270001 100  -36.554474151180003 17.522571548601999 100  -36.577415588969998 17.632086816712 100  -36.592619750970002 17.743205131711001 100  -36.607387362099999 17.966029010422002 100  -36.607013167689999 18.077731387914 100  -36.598821055439998 18.188874686624001 100  -36.583049292859997 18.298373000607999 100  -36.537149622949997 18.513024830759001 100  -36.5069180733 18.618141767354 100  -36.46997804243 18.719722494833 100  -36.427062970089999 18.817012304037998 100  -36.378980708660002 18.909515133875999 100 
 0 6 0.24990212891300001 4 0.49999999980600002 4 0.74909775361200004 4 1 6
2 -37.87906083296 15.690020726968999 100 0 0 1 -0.92387953251127652 0.38268343236511454 0 -0.38268343236511454 -0.92387953251127652 0 2
7 0 0  5 18 5  -39.094870331860001 12.352777571643999 100  -39.063585449880001 12.451789991918 100  -39.025317902589997 12.550535704322 100  -38.979849881920003 12.648103667685 100  -38.927195248049998 12.743454689095 100  -38.808089604229998 12.927795625788001 100  -38.741627719420002 13.016781281768999 100  -38.668585753819997 13.101544332557999 100  -38.589569375460002 13.181136156388 100  -38.421566821840003 13.328254154061 100  -38.332621065319998 13.395827917875 100  -38.239369142199997 13.456852686512001 100  -38.142818294069997 13.510857899076001 100  -37.944444535480002 13.604826190480001 100  -37.842587704330001 13.644684726608 100  -37.739463359509998 13.677066505126 100  -37.636116562440002 13.702095487224 100  -37.533432159679997 13.720111891462 100 
 0 6 0.24990212891300001 4 0.49999999980600002 4 0.74909775361200004 4 1 6
2 0 0 100 0 0 1 1 0 -0 -0 1 0 41
2 0 0 100 0 0 1 1 0 -0 -0 1 0 41
1 -37 9.6120484580460008 100 -1 1.2246467991469999e-16 0 
2 -39 7.6120484580459999 100 0 -0 1 1.2246467991469999e-16 1 0 -1 1.2246467991469999e-16 0 2
1 -37 9.6120484580460008 100 -1.2246467991469999e-16 -1 0 
2 -39 -7.6120484580459999 100 0 0 -1 1.2246467991469999e-16 1 0 1 -1.2246467991469999e-16 0 2
1 -37 -9.6120484580460008 100 -1 1.2246467991469999e-16 0 
2 0 0 100 0 0 1 1 0 -0 -0 1 0 41
2 0 0 100 0 0 1 1 0 -0 -0 1 0 41
7 0 0  5 18 5  -37.533432159679997 -13.720111891449999 100  -37.635707254019998 -13.70216730207 100  -37.738639475319999 -13.67726592234 100  -37.84135449475 -13.645071619119999 100  -37.942820379369998 -13.605460989099999 100  -38.141267385870002 -13.51172454504 100  -38.238245720850003 -13.45758738915 100  -38.331906755810003 -13.39637044667 100  -38.421230235910002 -13.328548898659999 100  -38.589232789530001 -13.18143090099 100  -38.667953702719998 -13.10218079699 100  -38.740751184799997 -13.017797918659999 100  -38.807025864880003 -12.929218598049999 100  -38.926351661719998 -12.744980865500001 100  -38.979303626639997 -12.64927503306 100  -39.025011501549997 -12.551326065490001 100  -39.063460246719998 -12.452186242990001 100  -39.094870331869998 -12.35277757163 100 
 0 6 0.24990212891300001 4 0.49999999980600002 4 0.74909775361200004 4 1 6
2 -37.87906083296 -15.69002072696 100 0 0 1 -0.92387953251127652 -0.38268343236511454 0 0.38268343236511454 -0.92387953251127652 0 2
7 0 0  5 18 5  -36.378980708669999 -18.909515133869998 100  -36.426871310270002 -18.817381027869999 100  -36.469635830930002 -18.72049802283 100  -36.506476053710003 -18.61935630856 100  -36.536666958879998 -18.514700506059999 100  -36.582795276829998 -18.30013137125 100  -36.598721988169999 -18.190213361040001 100  -36.607010046989998 -18.078628363850001 100  -36.607416948379999 -17.966475428519999 100  -36.592649337250002 -17.74365154981 100  -36.577537056280001 -17.6329755356 100  -36.55474901681 -17.523885440680001 100  -36.524664709390002 -17.417426229210001 100  -36.45083889555 -17.210709183239999 100  -36.406999480720003 -17.110501286040002 100  -36.356976932359999 -17.014683987329999 100  -36.301597874309998 -16.923908603339999 100  -36.241728558399998 -16.838560244220002 100 
 0 6 0.24990212891300001 4 0.49999999980600002 4 0.74909775361200004 4 1 6
2 0 0 100 0 0 1 1 0 -0 -0 1 0 41
2 0 0 100 0 0 1 1 0 -0 -0 1 0 41
1 -32.959695549679999 -19.366206258119998 100 -0.70710678118654757 -0.70710678118654757 0 
2 -32.959695549679999 -22.194633382869998 100 0 0 1 -0.70710678118654757 0.70710678118654757 0 -0.70710678118654757 -0.70710678118654757 0 2
1 -32.959695549679999 -19.366206258119998 100 0.70710678118654757 -0.70710678118654757 0 
2 -22.194633382869998 -32.959695549679999 100 0 0 -1 -0.70710678118654757 0.70710678118654757 0 0.70710678118654757 0.70710678118654757 0 2
1 -19.366206258119998 -32.959695549679999 100 -0.70710678118654757 -0.70710678118654757 0 
2 0 0 100 0 0 1 1 0 -0 -0 1 0 41
2 0 0 100 0 0 1 1 0 -0 -0 1 0 41
7 0 0  5 18 5  -16.838560244220002 -36.241728558399998 100  -16.9235683978 -36.301359230320003 100  -17.013960403959999 -36.35653536753 100  -17.10935570086 -36.406401044189998 100  -17.209111861019998 -36.450139314170002 100  -17.41571676026 -36.524180862930002 100  -17.522571548590001 -36.554474151180003 100  -17.632086816699999 -36.577415588969998 100  -17.743205131700002 -36.592619750970002 100  -17.966029010410001 -36.607387362099999 100  -18.077731387899998 -36.607013167700003 100  -18.188874686609999 -36.598821055439998 100  -18.298373000600002 -36.583049292870001 100  -18.513024830749998 -36.537149622949997 100  -18.618141767339999 -36.5069180733 100  -18.719722494820001 -36.46997804243 100  -18.817012304030001 -36.427062970089999 100  -18.909515133869998 -36.378980708669999 100 
 0 6 0.24990212891300001 4 0.49999999980600002 4 0.74909775361200004 4 1 6
2 -15.69002072696 -37.87906083296 100 0 0 1 -0.38268343236511454 -0.92387953251127652 0 0.92387953251127652 -0.38268343236511454 0 2
7 0 0  5 18 5  -12.35277757163 -39.094870331869998 100  -12.4517899919 -39.063585449880001 100  -12.550535704310001 -39.025317902589997 100  -12.64810366767 -38.979849881920003 100  -12.74345468908 -38.927195248060002 100  -12.927795625770001 -38.808089604229998 100  -13.016781281749999 -38.741627719420002 100  -13.10154433254 -38.668585753819997 100  -13.18113615637 -38.589569375460002 100  -13.328254154050001 -38.421566821840003 100  -13.39582791786 -38.332621065319998 100  -13.4568526865 -38.239369142210002 100  -13.510857899059999 -38.142818294069997 100  -13.60482619047 -37.944444535480002 100  -13.64468472659 -37.842587704339998 100  -13.67706650511 -37.739463359509998 100  -13.70209548721 -37.636116562440002 100  -13.720111891449999 -37.533432159679997 100 
 0 6 0.24990212891300001 4 0.49999999980600002 4 0.74909775361200004 4 1 6
2 0 0 100 0 0 1 1 0 -0 -0 1 0 41
2 0 0 100 0 0 1 1 0 -0 -0 1 0 41
1 -9.6120484580460008 -37 100 -2.22044604925e-16 -1 0 
2 -7.6120484580459999 -39 100 0 0 1 -1 2.22044604925e-16 0 -2.22044604925e-16 -1 0 2
1 -9.6120484580460008 -37 100 1 -2.22044604925e-16 0 
2 7.6120484580449999 -39 100 0 0 -1 -1 2.22044604925e-16 0 2.22044604925e-16 1 0 2
1 9.6120484580450007 -37 100 -2.22044604925e-16 -1 0 
2 0 0 100 0 0 1 1 0 -0 -0 1 0 41
2 0 0 100 0 0 1 1 0 -0 -0 1 0 41
7 0 0  5 18 5  13.720111891462 -37.533432159679997 100  13.702167302084 -37.635707254019998 100  13.677265922349999 -37.738639475310002 100  13.645071619129 -37.84135449475 100  13.605460989118001 -37.942820379369998 100  13.511724545051999 -38.141267385870002 100  13.457587389167999 -38.238245720850003 100  13.396370446679001 -38.331906755810003 100  13.328548898678999 -38.421230235899998 100  13.181430901004999 -38.589232789519997 100  13.102180797003999 -38.667953702719998 100  13.017797918675999 -38.740751184799997 100  12.929218598061 -38.807025864869999 100  12.744980865514 -38.926351661710001 100  12.649275033069999 -38.979303626639997 100  12.551326065505 -39.025011501549997 100  12.452186243008001 -39.063460246710001 100  12.352777571643999 -39.094870331860001 100 
 0 6 0.24990212891300001 4 0.49999999980600002 4 0.74909775361200004 4 1 6
2 15.690020726968999 -37.87906083296 100 0 0 1 0.38268343236511454 -0.92387953251127652 0 0.92387953251127652 0.38268343236511454 -0 2
7 0 0  5 18 5  18.909515133875999 -36.378980708660002 100  18.817381027879001 -36.426871310259997 100  18.720498022834999 -36.469635830930002 100  18.619356308574002 -36.506476053710003 100  18.514700506074998 -36.536666958870001 100  18.300131371260001 -36.582795276829998 100  18.190213361049 -36.598721988160001 100  18.078628363857 -36.607010046980001 100  17.966475428534 -36.607416948379999 100  17.743651549822999 -36.592649337239997 100  17.632975535608001 -36.577537056270003 100  17.523885440693 -36.55474901681 100  17.417426229221999 -36.524664709379998 100  17.210709183247001 -36.450838895540002 100  17.110501286049999 -36.406999480720003 100  17.01468398734 -36.356976932359999 100  16.923908603352 -36.301597874309998 100  16.838560244229999 -36.241728558399998 100 
 0 6 0.24990212891300001 4 0.49999999980600002 4 0.74909775361200004 4 1 6
2 0 0 100 0 0 1 1 0 -0 -0 1 0 41
2 0 0 100 0 0 1 1 0 -0 -0 1 0 41
1 19.366206258125001 -32.959695549679999 100 0.70710678118654757 -0.70710678118654757 0 
2 22.194633382871 -32.959695549679999 100 0 0 1 -0.70710678118654757 -0.70710678118654757 0 0.70710678118654757 -0.70710678118654757 0 2
1 19.366206258125001 -32.959695549679999 100 0.70710678118654757 0.70710678118654757 0 
2 32.959695549679999 -22.194633382869998 100 -0 0 -1 -0.70710678118654757 -0.70710678118654757 0 -0.70710678118654757 0.70710678118654757 0 2
1 32.959695549679999 -19.366206258119998 100 0.70710678118654757 -0.70710678118654757 0 
2 0 0 100 0 0 1 1 0 -0 -0 1 0 41
2 0 0 100 0 0 1 1 0 -0 -0 1 0 41
7 0 0  5 18 5  36.241728558411999 -16.838560244220002 100  36.301359230328003 -16.9235683978 100  36.356535367539998 -17.013960403959999 100  36.406401044191 -17.109355700849999 100  36.450139314177001 -17.209111861010001 100  36.524180862931999 -17.41571676026 100  36.554474151184998 -17.522571548590001 100  36.577415588980003 -17.632086816699999 100  36.592619750974997 -17.743205131700002 100  36.607387362108 -17.966029010410001 100  36.607013167700998 -18.077731387899998 100  36.598821055447999 -18.188874686609999 100  36.583049292871998 -18.298373000590001 100  36.537149622953997 -18.513024830749998 100  36.506918073309997 -18.618141767339999 100  36.469978042436999 -18.719722494820001 100  36.427062970096998 -18.817012304030001 100  36.378980708672998 -18.909515133860001 100 
 0 6 0.24990212891399999 4 0.49999999980600002 4 0.74909775361200004 4 1 6
2 37.879060832962999 -15.69002072696 100 0 0 1 0.92387953251127652 -0.38268343236511454 0 0.38268343236511454 0.92387953251127652 -0 2
7 0 0  5 18 5  39.094870331869998 -12.35277757163 100  39.063585449887 -12.4517899919 100  39.025317902594999 -12.550535704310001 100  38.979849881927002 -12.64810366767 100  38.927195248061999 -12.74345468908 100  38.808089604232997 -12.927795625770001 100  38.741627719424002 -13.016781281749999 100  38.668585753826001 -13.10154433254 100  38.589569375464002 -13.18113615637 100  38.421566821843001 -13.328254154050001 100  38.332621065323998 -13.39582791786 100  38.239369142210997 -13.4568526865 100  38.142818294074999 -13.510857899059999 100  37.944444535487001 -13.60482619047 100  37.842587704342002 -13.64468472659 100  37.739463359515 -13.67706650511 100  37.636116562447 -13.70209548721 100  37.533432159687997 -13.720111891449999 100 
 0 6 0.24990212891300001 4 0.49999999980600002 4 0.74909775361200004 4 1 6
2 0 0 100 0 0 1 1 0 -0 -0 1 0 41
2 41.402419381093999 -11.61204845804 100 0 0 1 0 -1 0 1 0 -0 2
1 37 -9.6120484580460008 100 1 0 0 
2 39 -7.6120484580459999 100 -0 0 1 0 -1 0 1 0 0 2
1 37 -9.6120484580460008 100 0 1 0 
2 39 7.6120484580459999 100 -0 -0 -1 0 -1 0 -1 0 0 2
1 37 9.6120484580460008 100 1 0 0 
2 41.402419381093999 11.612048458046001 100 -0 -0 -1 0 -1 0 -1 0 0 2
2 0 0 100 0 0 1 1 0 -0 -0 1 0 20
1 37 -9.6120484580460008 115 1 0 0 
2 0 0 115 0 0 1 1 0 -0 -0 1 0 41
2 0 0 115 0 0 1 1 0 -0 -0 1 0 41
1 37 9.6120484580460008 115 1 0 0 
1 39.476725456392003 -11.07195318092 100 0 0 1 
2 41.402419381093999 -11.61204845804 115 0 0 1 0 -1 0 1 0 -0 2
2 41.402419381093999 11.612048458046001 115 -0 -0 -1 0 -1 0 -1 0 0 2
1 39.476725456392003 11.071953180928 100 0 0 1 
2 0 0 115 0 0 1 1 0 -0 -0 1 0 41
7 0 0  2 5 4  39.094870331867 12.352777571644999 99.081999999999994  39.094870331867 12.352777571644999 99.540999999999997  39.094870331867 12.352777571644999 107.5  39.094870331867 12.352777571644999 115.459  39.094870331867 12.352777571644999 115.91800000000001 
 -0.91800000000000004 3 2.630404574711e-14 1 15 1 15.917999999999999 3
7 0 0  5 18 5  37.533432159686001 13.720111891462 115  37.635707254022002 13.702167302084 115  37.738639475318998 13.677265922349999 115  37.841354494758001 13.645071619129 115  37.942820379376997 13.605460989118001 115  38.141267385870997 13.511724545051999 115  38.238245720850998 13.457587389167999 115  38.331906755810998 13.396370446679001 115  38.421230235909 13.328548898677999 115  38.589232789528999 13.181430901004999 115  38.667953702726003 13.102180797003999 115  38.740751184800999 13.017797918675999 115  38.807025864878 12.929218598061 115  38.926351661719004 12.744980865514 115  38.979303626643997 12.649275033071 115  39.025011501554999 12.551326065505 115  39.063460246717 12.452186243009001 115  39.094870331867 12.352777571644999 115 
 0 6 0.24990212891399999 4 0.49999999980600002 4 0.74909775361200004 4 1 6
7 0 0  2 5 4  37.533432159686001 13.720111891462 99.081999999999994  37.533432159686001 13.720111891462 99.540999999999997  37.533432159686001 13.720111891462 107.5  37.533432159686001 13.720111891462 115.459  37.533432159686001 13.720111891462 115.91800000000001 
 -0.91800000000000004 3 2.630404574711e-14 1 15 1 15.917999999999999 3
2 37.879060832962999 15.690020726968999 115 0 0 1 0.92387953251127652 0.38268343236511454 -0 -0.38268343236511454 0.92387953251127652 0 2
7 0 0  2 5 4  36.241728558410003 16.838560244229001 99.081999999999994  36.241728558410003 16.838560244229001 99.540999999999997  36.241728558410003 16.838560244229001 107.5  36.241728558410003 16.838560244229001 115.459  36.241728558410003 16.838560244229001 115.91800000000001 
 -0.91800000000000004 3 2.6572927885879999e-14 1 15 1 15.917999999999999 3
7 0 0  5 18 5  36.378980708671001 18.909515133873001 115  36.426871310269 18.817381027877001 115  36.469635830933001 18.720498022832999 115  36.506476053711999 18.619356308572002 115  36.536666958878001 18.514700506073002 115  36.582795276833998 18.300131371258001 115  36.598721988168002 18.190213361047 115  36.607010046989998 18.078628363855 115  36.607416948382003 17.966475428532998 115  36.592649337250002 17.743651549820999 115  36.577537056280001 17.632975535606001 115  36.554749016812004 17.523885440691 115  36.524664709389 17.417426229221 115  36.450838895551001 17.210709183245999 115  36.406999480723002 17.110501286049001 115  36.356976932366997 17.014683987339001 115  36.301597874313998 16.923908603350998 115  36.241728558410003 16.838560244229001 115 
 0 6 0.24990212891300001 4 0.49999999980600002 4 0.74909775361200004 4 1 6
7 0 0  2 5 4  36.378980708671001 18.909515133873001 99.081999999999994  36.378980708671001 18.909515133873001 99.540999999999997  36.378980708671001 18.909515133873001 107.5  36.378980708671001 18.909515133873001 115.459  36.378980708671001 18.909515133873001 115.91800000000001 
 -0.91800000000000004 3 2.6572927885879999e-14 1 15 1 15.917999999999999 3
2 0 0 115 0 0 1 1 0 -0 -0 1 0 41
1 35.743313444468001 20.085207094040999 100 0 0 1 
1 32.959695549679999 19.366206258125001 100 0.70710678118654757 0.70710678118654757 0 
2 56.987183974399002 46.22212180759 100 0 -0 -1 0.70710678118654757 -0.70710678118654757 0 -0.70710678118654757 -0.70710678118654757 0 2
2 0 0 100 0 0 1 1 0 -0 -0 1 0 74.980000000000004
2 0 0 100 0 0 1 1 0 -0 -0 1 0 74.980000000000004
2 46.22212180759 56.987183974399002 100 -0 0 1 0.70710678118654757 -0.70710678118654757 0 0.70710678118654757 0.70710678118654757 0 2
1 19.366206258125001 32.959695549679999 100 0.70710678118654757 0.70710678118654757 0 
2 21.06497329375 37.486889710051997 100 0 0 1 0 -1 0 1 0 -0 2
2 0 0 100 0 0 1 1 0 -0 -0 1 0 41
2 37.486889710051997 21.06497329375 100 -0 -0 -1 0 -1 0 -1 0 0 2
2 0 0 115 0 0 1 1 0 -0 -0 1 0 41
1 20.085207094040999 35.743313444468001 100 0 0 1 
7 0 0  2 5 4  18.909515133873001 36.378980708671001 99.081999999999994  18.909515133873001 36.378980708671001 99.540999999999997  18.909515133873001 36.378980708671001 107.5  18.909515133873001 36.378980708671001 115.459  18.909515133873001 36.378980708671001 115.91800000000001 
 -0.91800000000000004 3 2.6399455538279999e-14 1 15 1 15.917999999999999 3
7 0 0  5 18 5  16.838560244229001 36.241728558410003 115  16.923568397814002 36.301359230327002 115  17.013960403967001 36.356535367538001 115  17.109355700864999 36.406401044189998 115  17.209111861025999 36.450139314174997 115  17.415716760268001 36.524180862929001 115  17.522571548599998 36.554474151181999 115  17.632086816710999 36.577415588977999 115  17.743205131709001 36.592619750973 115  17.966029010420002 36.607387362105001 115  18.077731387911999 36.607013167699002 115  18.188874686622 36.598821055445001 115  18.298373000605 36.583049292868999 115  18.513024830755999 36.537149622950999 115  18.618141767350998 36.506918073306998 115  18.719722494831 36.469978042434001 115  18.817012304035 36.427062970093999 115  18.909515133873001 36.378980708671001 115 
 0 6 0.24990212891300001 4 0.49999999980600002 4 0.74909775361200004 4 1 6
7 0 0  2 5 4  16.838560244229001 36.241728558410003 99.081999999999994  16.838560244229001 36.241728558410003 99.540999999999997  16.838560244229001 36.241728558410003 107.5  16.838560244229001 36.241728558410003 115.459  16.838560244229001 36.241728558410003 115.91800000000001 
 -0.91800000000000004 3 2.6399455538279999e-14 1 15 1 15.917999999999999 3
2 15.690020726968999 37.879060832962999 115 0 0 1 0.38268343236511454 0.92387953251127652 -0 -0.92387953251127652 0.38268343236511454 0 2
7 0 0  2 5 4  13.720111891462 37.533432159686001 99.081999999999994  13.720111891462 37.533432159686001 99.540999999999997  13.720111891462 37.533432159686001 107.5  13.720111891462 37.533432159686001 115.459  13.720111891462 37.533432159686001 115.91800000000001 
 -0.91800000000000004 3 2.6896432842699999e-14 1 15 1 15.917999999999999 3
7 0 0  5 18 5  12.352777571644999 39.094870331867 115  12.451789991919 39.063585449884002 115  12.550535704323 39.025317902590999 115  12.648103667685 38.979849881923997 115  12.743454689095 38.927195248059 115  12.927795625788001 38.808089604229998 115  13.016781281768999 38.741627719420997 115  13.101544332557999 38.668585753823997 115  13.181136156388 38.589569375460997 115  13.328254154061 38.421566821840997 115  13.395827917875 38.332621065322002 115  13.456852686512001 38.239369142209 115  13.510857899076001 38.142818294073003 115  13.604826190480001 37.944444535484998 115  13.644684726608 37.842587704339998 115  13.677066505126 37.739463359513003 115  13.702095487224 37.636116562444997 115  13.720111891462 37.533432159686001 115 
 0 6 0.24990212891300001 4 0.49999999980600002 4 0.74909775361200004 4 1 6
7 0 0  2 5 4  12.352777571644999 39.094870331867 99.081999999999994  12.352777571644999 39.094870331867 99.540999999999997  12.352777571644999 39.094870331867 107.5  12.352777571644999 39.094870331867 115.459  12.352777571644999 39.094870331867 115.91800000000001 
 -0.91800000000000004 3 2.6896432842699999e-14 1 15 1 15.917999999999999 3
2 0 0 115 0 0 1 1 0 -0 -0 1 0 41
1 11.071953180928 39.476725456392003 100 0 0 1 
1 9.6120484580460008 37 100 1.110223024625e-16 1 0 
2 7.6120484580459999 72.980000000000004 100 0 -0 -1 1 -1.110223024625e-16 0 -1.110223024625e-16 -1 0 2
2 0 0 100 0 0 1 1 0 -0 -0 1 0 74.980000000000004
2 0 0 100 0 0 1 1 0 -0 -0 1 0 74.980000000000004
2 -7.6120484580449999 72.980000000000004 100 -0 0 1 1 -1.110223024625e-16 0 1.110223024625e-16 1 0 2
1 -9.6120484580460008 37 100 1.110223024625e-16 1 0 
2 -11.61204845804 41.402419381093999 100 0 0 1 0 -1 0 1 0 -0 2
2 0 0 100 0 0 1 1 0 -0 -0 1 0 41
2 11.612048458046001 41.402419381093999 100 -0 -0 -1 0 -1 0 -1 0 0 2
2 0 0 115 0 0 1 1 0 -0 -0 1 0 41
1 -11.07195318092 39.476725456392003 100 0 0 1 
7 0 0  2 5 4  -12.35277757163 39.094870331869998 99.081999999999994  -12.35277757163 39.094870331869998 99.540999999999997  -12.35277757163 39.094870331869998 107.5  -12.35277757163 39.094870331869998 115.459  -12.35277757163 39.094870331869998 115.91800000000001 
 -0.91800000000000004 3 2.6243764106320001e-14 1 15 1 15.917999999999999 3
7 0 0  5 18 5  -13.720111891449999 37.533432159687997 115  -13.70216730207 37.635707254023004 115  -13.67726592234 37.738639475321001 115  -13.645071619119999 37.841354494759997 115  -13.605460989099999 37.942820379379 115  -13.51172454504 38.141267385873 115  -13.45758738915 38.238245720853001 115  -13.39637044667 38.331906755813002 115  -13.328548898659999 38.421230235911999 115  -13.18143090099 38.589232789531998 115  -13.10218079699 38.667953702729001 115  -13.017797918659999 38.740751184803997 115  -12.929218598049999 38.807025864880998 115  -12.744980865500001 38.926351661722002 115  -12.64927503306 38.979303626647003 115  -12.551326065490001 39.025011501557998 115  -12.452186242990001 39.063460246719998 115  -12.35277757163 39.094870331869998 115 
 0 6 0.24990212891300001 4 0.49999999980600002 4 0.74909775361200004 4 1 6
7 0 0  2 5 4  -13.720111891449999 37.533432159687997 99.081999999999994  -13.720111891449999 37.533432159687997 99.540999999999997  -13.720111891449999 37.533432159687997 107.5  -13.720111891449999 37.533432159687997 115.459  -13.720111891449999 37.533432159687997 115.91800000000001 
 -0.91800000000000004 3 2.6243764106320001e-14 1 15 1 15.917999999999999 3
2 -15.69002072696 37.879060832962999 115 0 0 1 -0.38268343236511454 0.92387953251127652 0 -0.92387953251127652 -0.38268343236511454 0 2
7 0 0  2 5 4  -16.838560244220002 36.241728558411999 99.081999999999994  -16.838560244220002 36.241728558411999 99.540999999999997  -16.838560244220002 36.241728558411999 107.5  -16.838560244220002 36.241728558411999 115.459  -16.838560244220002 36.241728558411999 115.91800000000001 
 -0.91800000000000004 3 2.6297277005830001e-14 1 15 1 15.917999999999999 3
7 0 0  5 18 5  -18.909515133860001 36.378980708672998 115  -18.817381027869999 36.426871310271999 115  -18.720498022819999 36.469635830935999 115  -18.61935630856 36.506476053714998 115  -18.514700506059999 36.536666958881 115  -18.30013137125 36.582795276836997 115  -18.190213361040001 36.598721988171 115  -18.07862836384 36.607010046992997 115  -17.966475428519999 36.607416948385001 115  -17.74365154981 36.592649337253 115  -17.6329755356 36.577537056282999 115  -17.523885440680001 36.554749016814 115  -17.417426229210001 36.524664709390997 115  -17.210709183230001 36.450838895552998 115  -17.110501286040002 36.406999480724998 115  -17.014683987329999 36.356976932367999 115  -16.923908603339999 36.301597874315 115  -16.838560244220002 36.241728558411999 115 
 0 6 0.24990212891300001 4 0.49999999980600002 4 0.74909775361200004 4 1 6
7 0 0  2 5 4  -18.909515133860001 36.378980708672998 99.081999999999994  -18.909515133860001 36.378980708672998 99.540999999999997  -18.909515133860001 36.378980708672998 107.5  -18.909515133860001 36.378980708672998 115.459  -18.909515133860001 36.378980708672998 115.91800000000001 
 -0.91800000000000004 3 2.6297277005830001e-14 1 15 1 15.917999999999999 3
2 0 0 115 0 0 1 1 0 -0 -0 1 0 41
1 -20.08520709403 35.743313444469997 100 0 0 1 
1 -19.366206258119998 32.959695549679999 100 -0.70710678118654757 0.70710678118654757 0 
2 -46.22212180759 56.987183974399002 100 0 0 -1 0.70710678118654757 0.70710678118654757 0 0.70710678118654757 -0.70710678118654757 0 2
2 0 0 100 0 0 1 1 0 -0 -0 1 0 74.980000000000004
2 0 0 100 0 0 1 1 0 -0 -0 1 0 74.980000000000004
2 -56.98718397439 46.22212180759 100 0 -0 1 0.70710678118654757 0.70710678118654757 0 -0.70710678118654757 0.70710678118654757 0 2
1 -32.959695549679999 19.366206258125001 100 -0.70710678118654757 0.70710678118654757 0 
2 -37.486889710050001 21.06497329375 100 0 0 1 0 -1 0 1 0 -0 2
2 0 0 100 0 0 1 1 0 -0 -0 1 0 41
2 -21.06497329374 37.486889710052999 100 -0 -0 -1 0 -1 0 -1 0 0 2
2 0 0 115 0 0 1 1 0 -0 -0 1 0 41
1 -35.74331344446 20.085207094040999 100 0 0 1 
7 0 0  2 5 4  -36.378980708660002 18.909515133875999 99.081999999999994  -36.378980708660002 18.909515133875999 99.540999999999997  -36.378980708660002 18.909515133875999 107.5  -36.378980708660002 18.909515133875999 115.459  -36.378980708660002 18.909515133875999 115.91800000000001 
 -0.91800000000000004 3 2.6458436136470001e-14 1 15 1 15.917999999999999 3
7 0 0  5 18 5  -36.241728558399998 16.838560244229999 115  -36.301359230320003 16.923568397815998 115  -36.35653536753 17.013960403969001 115  -36.406401044180001 17.109355700866999 115  -36.450139314170002 17.209111861027999 115  -36.524180862919998 17.415716760270001 115  -36.554474151180003 17.522571548601999 115  -36.577415588969998 17.632086816712 115  -36.592619750970002 17.743205131711001 115  -36.607387362099999 17.966029010422002 115  -36.607013167689999 18.077731387914 115  -36.598821055439998 18.188874686624001 115  -36.583049292859997 18.298373000607999 115  -36.537149622949997 18.513024830759001 115  -36.5069180733 18.618141767354 115  -36.46997804243 18.719722494833 115  -36.427062970089999 18.817012304037998 115  -36.378980708660002 18.909515133875999 115 
 0 6 0.24990212891300001 4 0.49999999980600002 4 0.74909775361200004 4 1 6
7 0 0  2 5 4  -36.241728558399998 16.838560244229999 99.081999999999994  -36.241728558399998 16.838560244229999 99.540999999999997  -36.241728558399998 16.838560244229999 107.5  -36.241728558399998 16.838560244229999 115.459  -36.241728558399998 16.838560244229999 115.91800000000001 
 -0.91800000000000004 3 2.6458436136470001e-14 1 15 1 15.917999999999999 3
2 -37.87906083296 15.690020726968999 115 0 0 1 -0.92387953251127652 0.38268343236511454 0 -0.38268343236511454 -0.92387953251127652 0 2
7 0 0  2 5 4  -37.533432159679997 13.720111891462 99.081999999999994  -37.533432159679997 13.720111891462 99.540999999999997  -37.533432159679997 13.720111891462 107.5  -37.533432159679997 13.720111891462 115.459  -37.533432159679997 13.720111891462 115.91800000000001 
 -0.91800000000000004 3 2.709571865826e-14 1 15 1 15.917999999999999 3
7 0 0  5 18 5  -39.094870331860001 12.352777571643999 115  -39.063585449880001 12.451789991918 115  -39.025317902589997 12.550535704322 115  -38.979849881920003 12.648103667685 115  -38.927195248049998 12.743454689095 115  -38.808089604229998 12.927795625788001 115  -38.741627719420002 13.016781281768999 115  -38.668585753819997 13.101544332557999 115  -38.589569375460002 13.181136156388 115  -38.421566821840003 13.328254154061 115  -38.332621065319998 13.395827917875 115  -38.239369142199997 13.456852686512001 115  -38.142818294069997 13.510857899076001 115  -37.944444535480002 13.604826190480001 115  -37.842587704330001 13.644684726608 115  -37.739463359509998 13.677066505126 115  -37.636116562440002 13.702095487224 115  -37.533432159679997 13.720111891462 115 
 0 6 0.24990212891300001 4 0.49999999980600002 4 0.74909775361200004 4 1 6
7 0 0  2 5 4  -39.094870331860001 12.352777571643999 99.081999999999994  -39.094870331860001 12.352777571643999 99.540999999999997  -39.094870331860001 12.352777571643999 107.5  -39.094870331860001 12.352777571643999 115.459  -39.094870331860001 12.352777571643999 115.91800000000001 
 -0.91800000000000004 3 2.709571865826e-14 1 15 1 15.917999999999999 3
2 0 0 115 0 0 1 1 0 -0 -0 1 0 41
1 -39.47672545639 11.071953180928 100 0 0 1 
1 -37 9.6120484580460008 100 -1 1.2246467991469999e-16 0 
2 -72.980000000000004 7.6120484580459999 100 0 0 -1 1.2246467991469999e-16 1 0 1 -1.2246467991469999e-16 0 2
2 0 0 100 0 0 1 1 0 -0 -0 1 0 74.980000000000004
2 0 0 100 0 0 1 1 0 -0 -0 1 0 74.980000000000004
2 -72.980000000000004 -7.6120484580449999 100 0 -0 1 1.2246467991469999e-16 1 0 -1 1.2246467991469999e-16 0 2
1 -37 -9.6120484580460008 100 -1 1.2246467991469999e-16 0 
2 -41.402419381089999 -11.61204845804 100 0 0 1 0 -1 0 1 0 -0 2
2 0 0 100 0 0 1 1 0 -0 -0 1 0 41
2 -41.402419381089999 11.612048458046001 100 -0 -0 -1 0 -1 0 -1 0 0 2
2 0 0 115 0 0 1 1 0 -0 -0 1 0 41
1 -39.47672545639 -11.07195318092 100 0 0 1 
7 0 0  2 5 4  -39.094870331869998 -12.35277757163 99.081999999999994  -39.094870331869998 -12.35277757163 99.540999999999997  -39.094870331869998 -12.35277757163 107.5  -39.094870331869998 -12.35277757163 115.459  -39.094870331869998 -12.35277757163 115.91800000000001 
 -0.91800000000000004 3 2.621644221157e-14 1 15 1 15.917999999999999 3
7 0 0  5 18 5  -37.533432159679997 -13.720111891449999 115  -37.635707254019998 -13.70216730207 115  -37.738639475319999 -13.67726592234 115  -37.84135449475 -13.645071619119999 115  -37.942820379369998 -13.605460989099999 115  -38.141267385870002 -13.51172454504 115  -38.238245720850003 -13.45758738915 115  -38.331906755810003 -13.39637044667 115  -38.421230235910002 -13.328548898659999 115  -38.589232789530001 -13.18143090099 115  -38.667953702719998 -13.10218079699 115  -38.740751184799997 -13.017797918659999 115  -38.807025864880003 -12.929218598049999 115  -38.926351661719998 -12.744980865500001 115  -38.979303626639997 -12.64927503306 115  -39.025011501549997 -12.551326065490001 115  -39.063460246719998 -12.452186242990001 115  -39.094870331869998 -12.35277757163 115 
 0 6 0.24990212891300001 4 0.49999999980600002 4 0.74909775361200004 4 1 6
7 0 0  2 5 4  -37.533432159679997 -13.720111891449999 99.081999999999994  -37.533432159679997 -13.720111891449999 99.540999999999997  -37.533432159679997 -13.720111891449999 107.5  -37.533432159679997 -13.720111891449999 115.459  -37.533432159679997 -13.720111891449999 115.91800000000001 
 -0.91800000000000004 3 2.621644221157e-14 1 15 1 15.917999999999999 3
2 -37.87906083296 -15.69002072696 115 0 0 1 -0.92387953251127652 -0.38268343236511454 0 0.38268343236511454 -0.92387953251127652 0 2
7 0 0  2 5 4  -36.241728558399998 -16.838560244220002 99.081999999999994  -36.241728558399998 -16.838560244220002 99.540999999999997  -36.241728558399998 -16.838560244220002 107.5  -36.241728558399998 -16.838560244220002 115.459  -36.241728558399998 -16.838560244220002 115.91800000000001 
 -0.91800000000000004 3 2.6458436136470001e-14 1 15 1 15.917999999999999 3
7 0 0  5 18 5  -36.378980708669999 -18.909515133869998 115  -36.426871310270002 -18.817381027869999 115  -36.469635830930002 -18.72049802283 115  -36.506476053710003 -18.61935630856 115  -36.536666958879998 -18.514700506059999 115  -36.582795276829998 -18.30013137125 115  -36.598721988169999 -18.190213361040001 115  -36.607010046989998 -18.078628363850001 115  -36.607416948379999 -17.966475428519999 115  -36.592649337250002 -17.74365154981 115  -36.577537056280001 -17.6329755356 115  -36.55474901681 -17.523885440680001 115  -36.524664709390002 -17.417426229210001 115  -36.45083889555 -17.210709183239999 115  -36.406999480720003 -17.110501286040002 115  -36.356976932359999 -17.014683987329999 115  -36.301597874309998 -16.923908603339999 115  -36.241728558399998 -16.838560244220002 115 
 0 6 0.24990212891300001 4 0.49999999980600002 4 0.74909775361200004 4 1 6
7 0 0  2 5 4  -36.378980708669999 -18.909515133869998 99.081999999999994  -36.378980708669999 -18.909515133869998 99.540999999999997  -36.378980708669999 -18.909515133869998 107.5  -36.378980708669999 -18.909515133869998 115.459  -36.378980708669999 -18.909515133869998 115.91800000000001 
 -0.91800000000000004 3 2.6458436136470001e-14 1 15 1 15.917999999999999 3
2 0 0 115 0 0 1 1 0 -0 -0 1 0 41
1 -35.743313444469997 -20.08520709403 100 0 0 1 
1 -32.959695549679999 -19.366206258119998 100 -0.70710678118654757 -0.70710678118654757 0 
2 -56.98718397439 -46.22212180759 100 0 0 -1 -0.70710678118654757 0.70710678118654757 0 0.70710678118654757 0.70710678118654757 0 2
2 0 0 100 0 0 1 1 0 -0 -0 1 0 74.980000000000004
2 0 0 100 0 0 1 1 0 -0 -0 1 0 74.980000000000004
2 -46.22212180759 -56.98718397439 100 0 0 1 -0.70710678118654757 0.70710678118654757 0 -0.70710678118654757 -0.70710678118654757 0 2
1 -19.366206258119998 -32.959695549679999 100 -0.70710678118654757 -0.70710678118654757 0 
2 -21.06497329374 -37.486889710050001 100 0 0 1 0 -1 0 1 0 -0 2
2 0 0 100 0 0 1 1 0 -0 -0 1 0 41
2 -37.486889710050001 -21.06497329374 100 -0 -0 -1 0 -1 0 -1 0 0 2
2 0 0 115 0 0 1 1 0 -0 -0 1 0 41
1 -20.08520709403 -35.743313444469997 100 0 0 1 
7 0 0  2 5 4  -18.909515133869998 -36.378980708669999 99.081999999999994  -18.909515133869998 -36.378980708669999 99.540999999999997  -18.909515133869998 -36.378980708669999 107.5  -18.909515133869998 -36.378980708669999 115.459  -18.909515133869998 -36.378980708669999 115.91800000000001 
 -0.91800000000000004 3 2.645453300865e-14 1 15 1 15.917999999999999 3
7 0 0  5 18 5  -16.838560244220002 -36.241728558399998 115  -16.9235683978 -36.301359230320003 115  -17.013960403959999 -36.35653536753 115  -17.10935570086 -36.406401044189998 115  -17.209111861019998 -36.450139314170002 115  -17.41571676026 -36.524180862930002 115  -17.522571548590001 -36.554474151180003 115  -17.632086816699999 -36.577415588969998 115  -17.743205131700002 -36.592619750970002 115  -17.966029010410001 -36.607387362099999 115  -18.077731387899998 -36.607013167700003 115  -18.188874686609999 -36.598821055439998 115  -18.298373000600002 -36.583049292870001 115  -18.513024830749998 -36.537149622949997 115  -18.618141767339999 -36.5069180733 115  -18.719722494820001 -36.46997804243 115  -18.817012304030001 -36.427062970089999 115  -18.909515133869998 -36.378980708669999 115 
 0 6 0.24990212891300001 4 0.49999999980600002 4 0.74909775361200004 4 1 6
7 0 0  2 5 4  -16.838560244220002 -36.241728558399998 99.081999999999994  -16.838560244220002 -36.241728558399998 99.540999999999997  -16.838560244220002 -36.241728558399998 107.5  -16.838560244220002 -36.241728558399998 115.459  -16.838560244220002 -36.241728558399998 115.91800000000001 
 -0.91800000000000004 3 2.645453300865e-14 1 15 1 15.917999999999999 3
2 -15.69002072696 -37.87906083296 115 0 0 1 -0.38268343236511454 -0.92387953251127652 0 0.92387953251127652 -0.38268343236511454 0 2
7 0 0  2 5 4  -13.720111891449999 -37.533432159679997 99.081999999999994  -13.720111891449999 -37.533432159679997 99.540999999999997  -13.720111891449999 -37.533432159679997 107.5  -13.720111891449999 -37.533432159679997 115.459  -13.720111891449999 -37.533432159679997 115.91800000000001 
 -0.91800000000000004 3 2.621644221157e-14 1 15 1 15.917999999999999 3
7 0 0  5 18 5  -12.35277757163 -39.094870331869998 115  -12.4517899919 -39.063585449880001 115  -12.550535704310001 -39.025317902589997 115  -12.64810366767 -38.979849881920003 115  -12.74345468908 -38.927195248060002 115  -12.927795625770001 -38.808089604229998 115  -13.016781281749999 -38.741627719420002 115  -13.10154433254 -38.668585753819997 115  -13.18113615637 -38.589569375460002 115  -13.328254154050001 -38.421566821840003 115  -13.39582791786 -38.332621065319998 115  -13.4568526865 -38.239369142210002 115  -13.510857899059999 -38.142818294069997 115  -13.60482619047 -37.944444535480002 115  -13.64468472659 -37.842587704339998 115  -13.67706650511 -37.739463359509998 115  -13.70209548721 -37.636116562440002 115  -13.720111891449999 -37.533432159679997 115 
 0 6 0.24990212891300001 4 0.49999999980600002 4 0.74909775361200004 4 1 6
7 0 0  2 5 4  -12.35277757163 -39.094870331869998 99.081999999999994  -12.35277757163 -39.094870331869998 99.540999999999997  -12.35277757163 -39.094870331869998 107.5  -12.35277757163 -39.094870331869998 115.459  -12.35277757163 -39.094870331869998 115.91800000000001 
 -0.91800000000000004 3 2.621644221157e-14 1 15 1 15.917999999999999 3
2 0 0 115 0 0 1 1 0 -0 -0 1 0 41
1 -11.07195318092 -39.47672545639 100 0 0 1 
1 -9.6120484580460008 -37 100 -2.22044604925e-16 -1 0 
2 -7.6120484580459999 -72.980000000000004 100 0 0 -1 -1 2.22044604925e-16 0 2.22044604925e-16 1 0 2
2 0 0 100 0 0 1 1 0 -0 -0 1 0 74.980000000000004
2 0 0 100 0 0 1 1 0 -0 -0 1 0 74.980000000000004
2 7.6120484580449999 -72.980000000000004 100 0 0 1 -1 2.22044604925e-16 0 -2.22044604925e-16 -1 0 2
1 9.6120484580450007 -37 100 -2.22044604925e-16 -1 0 
2 11.612048458045001 -41.402419381089999 100 0 0 1 0 -1 0 1 0 -0 2
2 0 0 100 0 0 1 1 0 -0 -0 1 0 41
2 -11.61204845804 -41.402419381089999 100 -0 -0 -1 0 -1 0 -1 0 0 2
2 0 0 115 0 0 1 1 0 -0 -0 1 0 41
1 11.071953180927 -39.47672545639 100 0 0 1 
7 0 0  2 5 4  12.352777571643999 -39.094870331860001 99.081999999999994  12.352777571643999 -39.094870331860001 99.540999999999997  12.352777571643999 -39.094870331860001 107.5  12.352777571643999 -39.094870331860001 115.459  12.352777571643999 -39.094870331860001 115.91800000000001 
 -0.91800000000000004 3 2.624289674458e-14 1 15 1 15.917999999999999 3
7 0 0  5 18 5  13.720111891462 -37.533432159679997 115  13.702167302084 -37.635707254019998 115  13.677265922349999 -37.738639475310002 115  13.645071619129 -37.84135449475 115  13.605460989118001 -37.942820379369998 115  13.511724545051999 -38.141267385870002 115  13.457587389167999 -38.238245720850003 115  13.396370446679001 -38.331906755810003 115  13.328548898677999 -38.421230235899998 115  13.181430901004999 -38.589232789519997 115  13.102180797003999 -38.667953702719998 115  13.017797918675999 -38.740751184799997 115  12.929218598061 -38.807025864869999 115  12.744980865514 -38.926351661710001 115  12.649275033069999 -38.979303626639997 115  12.551326065505 -39.025011501549997 115  12.452186243008001 -39.063460246710001 115  12.352777571643999 -39.094870331860001 115 
 0 6 0.24990212891300001 4 0.49999999980600002 4 0.74909775361200004 4 1 6
7 0 0  2 5 4  13.720111891462 -37.533432159679997 99.081999999999994  13.720111891462 -37.533432159679997 99.540999999999997  13.720111891462 -37.533432159679997 107.5  13.720111891462 -37.533432159679997 115.459  13.720111891462 -37.533432159679997 115.91800000000001 
 -0.91800000000000004 3 2.624289674458e-14 1 15 1 15.917999999999999 3
2 15.690020726968999 -37.87906083296 115 0 0 1 0.38268343236511454 -0.92387953251127652 0 0.92387953251127652 0.38268343236511454 -0 2
7 0 0  2 5 4  16.838560244229999 -36.241728558399998 99.081999999999994  16.838560244229999 -36.241728558399998 99.540999999999997  16.838560244229999 -36.241728558399998 107.5  16.838560244229999 -36.241728558399998 115.459  16.838560244229999 -36.241728558399998 115.91800000000001 
 -0.91800000000000004 3 2.6464941349500001e-14 1 15 1 15.917999999999999 3
7 0 0  5 18 5  18.909515133875999 -36.378980708660002 115  18.817381027879001 -36.426871310259997 115  18.720498022834999 -36.469635830930002 115  18.619356308574002 -36.506476053710003 115  18.514700506074998 -36.536666958870001 115  18.300131371260001 -36.582795276829998 115  18.190213361049 -36.598721988160001 115  18.078628363857 -36.607010046980001 115  17.966475428534 -36.607416948379999 115  17.743651549822999 -36.592649337239997 115  17.632975535608001 -36.577537056270003 115  17.523885440693 -36.55474901681 115  17.417426229221999 -36.524664709379998 115  17.210709183247001 -36.450838895540002 115  17.110501286049999 -36.406999480720003 115  17.01468398734 -36.356976932359999 115  16.923908603352 -36.301597874309998 115  16.838560244229999 -36.241728558399998 115 
 0 6 0.24990212891300001 4 0.49999999980600002 4 0.74909775361200004 4 1 6
7 0 0  2 5 4  18.909515133875999 -36.378980708660002 99.081999999999994  18.909515133875999 -36.378980708660002 99.540999999999997  18.909515133875999 -36.378980708660002 107.5  18.909515133875999 -36.378980708660002 115.459  18.909515133875999 -36.378980708660002 115.91800000000001 
 -0.91800000000000004 3 2.6464941349500001e-14 1 15 1 15.917999999999999 3
2 0 0 115 0 0 1 1 0 -0 -0 1 0 41
1 20.085207094040999 -35.74331344446 100 0 0 1 
1 19.366206258125001 -32.959695549679999 100 0.70710678118654757 -0.70710678118654757 0 
2 46.22212180759 -56.98718397439 100 -0 0 -1 -0.70710678118654757 -0.70710678118654757 0 -0.70710678118654757 0.70710678118654757 0 2
2 0 0 100 0 0 1 1 0 -0 -0 1 0 74.980000000000004
2 0 0 100 0 0 1 1 0 -0 -0 1 0 74.980000000000004
2 56.987183974399002 -46.22212180759 100 0 0 1 -0.70710678118654757 -0.70710678118654757 0 0.70710678118654757 -0.70710678118654757 0 2
1 32.959695549679999 -19.366206258119998 100 0.70710678118654757 -0.70710678118654757 0 
2 37.486889710052999 -21.06497329374 100 0 0 1 0 -1 0 1 0 -0 2
2 0 0 100 0 0 1 1 0 -0 -0 1 0 41
2 21.06497329375 -37.486889710050001 100 -0 -0 -1 0 -1 0 -1 0 0 2
2 0 0 115 0 0 1 1 0 -0 -0 1 0 41
1 35.743313444469997 -20.08520709403 100 0 0 1 
7 0 0  2 5 4  36.378980708672998 -18.909515133860001 99.081999999999994  36.378980708672998 -18.909515133860001 99.540999999999997  36.378980708672998 -18.909515133860001 107.5  36.378980708672998 -18.909515133860001 115.459  36.378980708672998 -18.909515133860001 115.91800000000001 
 -0.91800000000000004 3 2.6353540832819999e-14 1 15 1 15.917999999999999 3
7 0 0  5 18 5  36.241728558411999 -16.838560244220002 115  36.301359230328003 -16.9235683978 115  36.356535367539998 -17.013960403959999 115  36.406401044191 -17.109355700849999 115  36.450139314177001 -17.209111861010001 115  36.524180862931999 -17.41571676026 115  36.554474151184998 -17.522571548590001 115  36.577415588980003 -17.632086816699999 115  36.592619750974997 -17.743205131700002 115  36.607387362108 -17.966029010410001 115  36.607013167700998 -18.077731387899998 115  36.598821055447999 -18.188874686609999 115  36.583049292871998 -18.298373000590001 115  36.537149622953997 -18.513024830749998 115  36.506918073309997 -18.618141767339999 115  36.469978042436999 -18.719722494820001 115  36.427062970096998 -18.817012304030001 115  36.378980708672998 -18.909515133860001 115 
 0 6 0.24990212891300001 4 0.49999999980600002 4 0.74909775361200004 4 1 6
7 0 0  2 5 4  36.241728558411999 -16.838560244220002 99.081999999999994  36.241728558411999 -16.838560244220002 99.540999999999997  36.241728558411999 -16.838560244220002 107.5  36.241728558411999 -16.838560244220002 115.459  36.241728558411999 -16.838560244220002 115.91800000000001 
 -0.91800000000000004 3 2.6353540832819999e-14 1 15 1 15.917999999999999 3
2 37.879060832962999 -15.69002072696 115 0 0 1 0.92387953251127652 -0.38268343236511454 0 0.38268343236511454 0.92387953251127652 -0 2
7 0 0  2 5 4  37.533432159687997 -13.720111891449999 99.081999999999994  37.533432159687997 -13.720111891449999 99.540999999999997  37.533432159687997 -13.720111891449999 107.5  37.533432159687997 -13.720111891449999 115.459  37.533432159687997 -13.720111891449999 115.91800000000001 
 -0.91800000000000004 3 2.692151841814e-14 1 15 1 15.917999999999999 3
7 0 0  5 18 5  39.094870331869998 -12.35277757163 115  39.063585449887 -12.4517899919 115  39.025317902594999 -12.550535704310001 115  38.979849881927002 -12.64810366767 115  38.927195248061999 -12.74345468908 115  38.808089604232997 -12.927795625770001 115  38.741627719424002 -13.016781281749999 115  38.668585753826001 -13.10154433254 115  38.589569375464002 -13.18113615637 115  38.421566821843001 -13.328254154050001 115  38.332621065323998 -13.39582791786 115  38.239369142210997 -13.4568526865 115  38.142818294074999 -13.510857899059999 115  37.944444535487001 -13.60482619047 115  37.842587704342002 -13.64468472659 115  37.739463359513998 -13.67706650511 115  37.636116562447 -13.70209548721 115  37.533432159687997 -13.720111891449999 115 
 0 6 0.24990212891300001 4 0.49999999980600002 4 0.74909775361200004 4 1 6
7 0 0  2 5 4  39.094870331869998 -12.35277757163 99.081999999999994  39.094870331869998 -12.35277757163 99.540999999999997  39.094870331869998 -12.35277757163 107.5  39.094870331869998 -12.35277757163 115.459  39.094870331869998 -12.35277757163 115.91800000000001 
 -0.91800000000000004 3 2.692151841814e-14 1 15 1 15.917999999999999 3
2 0 0 115 0 0 1 1 0 -0 -0 1 0 41
2 0 0 115 0 0 1 1 0 -0 -0 1 0 20
1 20 -4.8985871965889997e-15 100 0 0 1 
2 0 0 115 0 0 1 1 0 -0 -0 1 0 41
1 32.959695549679999 19.366206258125001 115 0.70710678118654757 0.70710678118654757 0 
2 32.959695549679999 22.194633382871 115 -0 0 1 0.70710678118654757 -0.70710678118654757 0 0.70710678118654757 0.70710678118654757 0 2
1 32.959695549679999 19.366206258125001 115 -0.70710678118654757 0.70710678118654757 0 
2 22.194633382871 32.959695549679999 115 0 -0 -1 0.70710678118654757 -0.70710678118654757 0 -0.70710678118654757 -0.70710678118654757 0 2
1 19.366206258125001 32.959695549679999 115 0.70710678118654757 0.70710678118654757 0 
2 0 0 115 0 0 1 1 0 -0 -0 1 0 41
2 0 0 115 0 0 1 1 0 -0 -0 1 0 41
1 9.6120484580460008 37 115 1.110223024625e-16 1 0 
2 7.6120484580459999 39 115 -0 0 1 1 -1.110223024625e-16 0 1.110223024625e-16 1 0 2
1 9.6120484580460008 37 115 -1 1.110223024625e-16 0 
2 -7.6120484580459999 39 115 0 -0 -1 1 -1.110223024625e-16 0 -1.110223024625e-16 -1 0 2
1 -9.6120484580460008 37 115 1.110223024625e-16 1 0 
2 0 0 115 0 0 1 1 0 -0 -0 1 0 41
2 0 0 115 0 0 1 1 0 -0 -0 1 0 41
1 -19.366206258119998 32.959695549679999 115 -0.70710678118654757 0.70710678118654757 0 
2 -22.194633382869998 32.959695549679999 115 0 -0 1 0.70710678118654757 0.70710678118654757 0 -0.70710678118654757 0.70710678118654757 0 2
1 -19.366206258119998 32.959695549679999 115 -0.70710678118654757 -0.70710678118654757 0 
2 -32.959695549679999 22.194633382871 115 0 0 -1 0.70710678118654757 0.70710678118654757 0 0.70710678118654757 -0.70710678118654757 0 2
1 -32.959695549679999 19.366206258125001 115 -0.70710678118654757 0.70710678118654757 0 
2 0 0 115 0 0 1 1 0 -0 -0 1 0 41
2 0 0 115 0 0 1 1 0 -0 -0 1 0 41
1 -37 9.6120484580460008 115 -1 1.2246467991469999e-16 0 
2 -39 7.6120484580459999 115 0 -0 1 1.2246467991469999e-16 1 0 -1 1.2246467991469999e-16 0 2
1 -37 9.6120484580460008 115 -1.2246467991469999e-16 -1 0 
2 -39 -7.6120484580459999 115 0 0 -1 1.2246467991469999e-16 1 0 1 -1.2246467991469999e-16 0 2
1 -37 -9.6120484580460008 115 -1 1.2246467991469999e-16 0 
2 0 0 115 0 0 1 1 0 -0 -0 1 0 41
2 0 0 115 0 0 1 1 0 -0 -0 1 0 41
1 -32.959695549679999 -19.366206258119998 115 -0.70710678118654757 -0.70710678118654757 0 
2 -32.959695549679999 -22.194633382869998 115 0 0 1 -0.70710678118654757 0.70710678118654757 0 -0.70710678118654757 -0.70710678118654757 0 2
1 -32.959695549679999 -19.366206258119998 115 0.70710678118654757 -0.70710678118654757 0 
2 -22.194633382869998 -32.959695549679999 115 0 0 -1 -0.70710678118654757 0.70710678118654757 0 0.70710678118654757 0.70710678118654757 0 2
1 -19.366206258119998 -32.959695549679999 115 -0.70710678118654757 -0.70710678118654757 0 
2 0 0 115 0 0 1 1 0 -0 -0 1 0 41
2 0 0 115 0 0 1 1 0 -0 -0 1 0 41
1 -9.6120484580460008 -37 115 -2.22044604925e-16 -1 0 
2 -7.6120484580459999 -39 115 0 0 1 -1 2.22044604925e-16 0 -2.22044604925e-16 -1 0 2
1 -9.6120484580460008 -37 115 1 -2.22044604925e-16 0 
2 7.6120484580449999 -39 115 0 0 -1 -1 2.22044604925e-16 0 2.22044604925e-16 1 0 2
1 9.6120484580450007 -37 115 -2.22044604925e-16 -1 0 
2 0 0 115 0 0 1 1 0 -0 -0 1 0 41
2 0 0 115 0 0 1 1 0 -0 -0 1 0 41
1 19.366206258125001 -32.959695549679999 115 0.70710678118654757 -0.70710678118654757 0 
2 22.194633382871 -32.959695549679999 115 0 0 1 -0.70710678118654757 -0.70710678118654757 0 0.70710678118654757 -0.70710678118654757 0 2
1 19.366206258125001 -32.959695549679999 115 0.70710678118654757 0.70710678118654757 0 
2 32.959695549679999 -22.194633382869998 115 -0 0 -1 -0.70710678118654757 -0.70710678118654757 0 -0.70710678118654757 0.70710678118654757 0 2
1 32.959695549679999 -19.366206258119998 115 0.70710678118654757 -0.70710678118654757 0 
2 0 0 115 0 0 1 1 0 -0 -0 1 0 41
1 37 -9.6120484580460008 115 1 0 0 
2 39 -7.6120484580459999 115 -0 0 1 0 -1 0 1 0 0 2
1 37 -9.6120484580460008 115 0 1 0 
2 39 7.6120484580459999 115 -0 -0 -1 0 -1 0 -1 0 0 2
1 37 9.6120484580460008 115 1 0 0 
2 37.486889710051997 21.06497329375 115 -0 -0 -1 0 -1 0 -1 0 0 2
1 36.072676147678997 22.479186856123999 100 0 0 1 
1 22.479186856123999 36.072676147678997 100 0 0 1 
2 21.06497329375 37.486889710051997 115 0 0 1 0 -1 0 1 0 -0 2
2 11.612048458046001 41.402419381093999 115 -0 -0 -1 0 -1 0 -1 0 0 2
1 9.6120484580460008 41.402419381093999 100 0 0 1 
1 -9.6120484580460008 41.402419381093999 100 0 0 1 
2 -11.61204845804 41.402419381093999 115 0 0 1 0 -1 0 1 0 -0 2
2 -21.06497329374 37.486889710052999 115 -0 -0 -1 0 -1 0 -1 0 0 2
1 -22.479186856119998 36.072676147679999 100 0 0 1 
1 -36.072676147670002 22.479186856123999 100 0 0 1 
2 -37.486889710050001 21.06497329375 115 0 0 1 0 -1 0 1 0 -0 2
2 -41.402419381089999 11.612048458046001 115 -0 -0 -1 0 -1 0 -1 0 0 2
1 -41.402419381089999 9.6120484580460008 100 0 0 1 
1 -41.402419381089999 -9.6120484580460008 100 0 0 1 
2 -41.402419381089999 -11.61204845804 115 0 0 1 0 -1 0 1 0 -0 2
2 -37.486889710050001 -21.06497329374 115 -0 -0 -1 0 -1 0 -1 0 0 2
1 -36.072676147679999 -22.479186856119998 100 0 0 1 
1 -22.479186856119998 -36.072676147679999 100 0 0 1 
2 -21.06497329374 -37.486889710050001 115 0 0 1 0 -1 0 1 0 -0 2
2 -11.61204845804 -41.402419381089999 115 -0 -0 -1 0 -1 0 -1 0 0 2
1 -9.6120484580460008 -41.402419381089999 100 0 0 1 
1 9.6120484580450007 -41.402419381089999 100 0 0 1 
2 11.612048458045001 -41.402419381089999 115 0 0 1 0 -1 0 1 0 -0 2
2 21.06497329375 -37.486889710050001 115 -0 -0 -1 0 -1 0 -1 0 0 2
1 22.479186856123999 -36.072676147670002 100 0 0 1 
1 36.072676147679999 -22.479186856119998 100 0 0 1 
2 37.486889710052999 -21.06497329374 115 0 0 1 0 -1 0 1 0 -0 2
2 0 0 115 0 0 1 1 0 -0 -0 1 0 41
2 0 0 115 0 0 1 1 0 -0 -0 1 0 41
2 0 0 115 0 0 1 1 0 -0 -0 1 0 41
2 0 0 115 0 0 1 1 0 -0 -0 1 0 41
2 0 0 115 0 0 1 1 0 -0 -0 1 0 41
2 0 0 115 0 0 1 1 0 -0 -0 1 0 41
2 0 0 115 0 0 1 1 0 -0 -0 1 0 41
1 68.980000000000004 0 115 1 0 0 
1 74.980000000000004 0 113.5 -1 0 0 
1 69.680000000000007 0 115 1 0 0 
1 74.980000000000004 0 115 0 0 -1 
1 74.980000000000004 0 114.2 -1 0 0 
Polygon3D 0
PolygonOnTriangulations 0
Surfaces 149
1 0 0 115 0 0 1 -1 -0 0 -0 1 0 
1 37 -9.6120484580460008 115 0 0 1 1 0 -0 -0 1 0 
1 37 -9.6120484580460008 100 0 1 0 0 -0 1 1 0 -0 
1 0 0 115 0 0 1 -1 -0 0 -0 1 0 
5 0 0 115 -0 -0 -1 1 0 -0 -0 1 0 70.480000000000004 0.79999999999999716
1 37 9.6120484580460008 100 0 1 0 0 -0 1 1 0 -0 
5 0 0 115 -0 -0 -1 1 0 -0 -0 1 0 70.480000000000004 1.5
2 72.980000000000004 -7.6120484580459999 100 0 0 1 1 0 -0 -0 1 0 2
1 0 0 114.2 0 0 1 1 0 -0 -0 1 0 
1 0 0 113.5 0 0 1 1 0 -0 -0 1 0 
2 72.980000000000004 7.6120484580459999 100 0 0 1 1 0 -0 -0 1 0 2
2 0 0 99.799999999999997 0 0 1 1 0 -0 -0 1 0 74.980000000000004
2 0 0 115 -0 -0 -1 1 0 0 -0 1 -0 74.980000000000004
2 0 0 115 -0 -0 -1 1 0 0 -0 1 -0 74.980000000000004
2 0 0 99.799999999999997 0 0 1 1 0 -0 -0 1 0 74.980000000000004
1 19.366206258125001 -32.959695549679999 100 0.70710678118654757 0.70710678118654757 0 0 -0 1 0.70710678118654757 -0.70710678118654757 -0 
1 19.366206258125001 -32.959695549679999 115 0 0 1 0.70710678118654757 -0.70710678118654757 0 0.70710678118654757 0.70710678118654757 -0 
1 32.959695549679999 -19.366206258119998 100 0.70710678118654757 0.70710678118654757 0 0 -0 1 0.70710678118654757 -0.70710678118654757 -0 
2 46.22212180759 -56.98718397439 100 0 0 1 0.70710678118654757 -0.70710678118654757 0 0.70710678118654757 0.70710678118654757 -0 2
2 56.987183974399002 -46.22212180759 100 0 0 1 0.70710678118654757 -0.70710678118654757 0 0.70710678118654757 0.70710678118654757 -0 2
2 0 0 99.799999999999997 0 0 1 1 0 -0 -0 1 0 74.980000000000004
2 0 0 99.799999999999997 0 0 1 1 0 -0 -0 1 0 74.980000000000004
1 32.959695549679999 19.366206258125001 100 -0.70710678118654757 0.70710678118654757 0 0 0 1 0.70710678118654757 0.70710678118654757 -0 
1 32.959695549679999 19.366206258125001 115 0 0 1 0.70710678118654757 0.70710678118654757 -0 -0.70710678118654757 0.70710678118654757 0 
1 19.366206258125001 32.959695549679999 100 -0.70710678118654757 0.70710678118654757 0 0 0 1 0.70710678118654757 0.70710678118654757 -0 
2 56.987183974399002 46.22212180759 100 0 0 1 0.70710678118654757 0.70710678118654757 -0 -0.70710678118654757 0.70710678118654757 0 2
2 46.22212180759 56.987183974399002 100 0 0 1 0.70710678118654757 0.70710678118654757 -0 -0.70710678118654757 0.70710678118654757 0 2
2 0 0 99.799999999999997 0 0 1 1 0 -0 -0 1 0 74.980000000000004
2 0 0 99.799999999999997 0 0 1 1 0 -0 -0 1 0 74.980000000000004
1 -9.6120484580460008 -37 100 1 -2.22044604925e-16 0 0 0 1 -2.22044604925e-16 -1 0 
1 -9.6120484580460008 -37 115 0 0 1 -2.22044604925e-16 -1 0 1 -2.22044604925e-16 0 
1 9.6120484580450007 -37 100 1 -2.22044604925e-16 0 0 0 1 -2.22044604925e-16 -1 0 
2 -7.6120484580459999 -72.980000000000004 100 0 0 1 -2.22044604925e-16 -1 0 1 -2.22044604925e-16 0 2
2 7.6120484580449999 -72.980000000000004 100 0 0 1 -2.22044604925e-16 -1 0 1 -2.22044604925e-16 0 2
2 0 0 99.799999999999997 0 0 1 1 0 -0 -0 1 0 74.980000000000004
2 0 0 99.799999999999997 0 0 1 1 0 -0 -0 1 0 74.980000000000004
1 9.6120484580460008 37 100 -1 1.110223024625e-16 0 0 0 1 1.110223024625e-16 1 -0 
1 9.6120484580460008 37 115 0 0 1 1.110223024625e-16 1 -0 -1 1.110223024625e-16 0 
1 -9.6120484580460008 37 100 -1 1.110223024625e-16 0 0 0 1 1.110223024625e-16 1 -0 
2 7.6120484580459999 72.980000000000004 100 0 0 1 1.110223024625e-16 1 -0 -1 1.110223024625e-16 0 2
2 -7.6120484580449999 72.980000000000004 100 0 0 1 1.110223024625e-16 1 -0 -1 1.110223024625e-16 0 2
2 0 0 99.799999999999997 0 0 1 1 0 -0 -0 1 0 74.980000000000004
2 0 0 99.799999999999997 0 0 1 1 0 -0 -0 1 0 74.980000000000004
1 -32.959695549679999 -19.366206258119998 100 0.70710678118654757 -0.70710678118654757 0 0 0 1 -0.70710678118654757 -0.70710678118654757 0 
1 -32.959695549679999 -19.366206258119998 115 0 0 1 -0.70710678118654757 -0.70710678118654757 0 0.70710678118654757 -0.70710678118654757 0 
1 -19.366206258119998 -32.959695549679999 100 0.70710678118654757 -0.70710678118654757 0 0 0 1 -0.70710678118654757 -0.70710678118654757 0 
2 -56.98718397439 -46.22212180759 100 0 0 1 -0.70710678118654757 -0.70710678118654757 0 0.70710678118654757 -0.70710678118654757 0 2
2 -46.22212180759 -56.98718397439 100 0 0 1 -0.70710678118654757 -0.70710678118654757 0 0.70710678118654757 -0.70710678118654757 0 2
2 0 0 99.799999999999997 0 0 1 1 0 -0 -0 1 0 74.980000000000004
2 0 0 99.799999999999997 0 0 1 1 0 -0 -0 1 0 74.980000000000004
1 -19.366206258119998 32.959695549679999 100 -0.70710678118654757 -0.70710678118654757 0 0 0 1 -0.70710678118654757 0.70710678118654757 0 
1 -19.366206258119998 32.959695549679999 115 0 0 1 -0.70710678118654757 0.70710678118654757 0 -0.70710678118654757 -0.70710678118654757 0 
1 -32.959695549679999 19.366206258125001 100 -0.70710678118654757 -0.70710678118654757 0 0 0 1 -0.70710678118654757 0.70710678118654757 0 
2 -46.22212180759 56.987183974399002 100 0 0 1 -0.70710678118654757 0.70710678118654757 0 -0.70710678118654757 -0.70710678118654757 0 2
2 -56.98718397439 46.22212180759 100 0 0 1 -0.70710678118654757 0.70710678118654757 0 -0.70710678118654757 -0.70710678118654757 0 2
2 0 0 99.799999999999997 0 0 1 1 0 -0 -0 1 0 74.980000000000004
2 0 0 99.799999999999997 0 0 1 1 0 -0 -0 1 0 74.980000000000004
1 -37 9.6120484580460008 100 -1.2246467991469999e-16 -1 0 0 0 1 -1 1.2246467991469999e-16 0 
1 -37 9.6120484580460008 115 0 0 1 -1 1.2246467991469999e-16 0 -1.2246467991469999e-16 -1 0 
1 -37 -9.6120484580460008 100 -1.2246467991469999e-16 -1 0 0 0 1 -1 1.2246467991469999e-16 0 
2 -72.980000000000004 7.6120484580459999 100 0 0 1 -1 1.2246467991469999e-16 0 -1.2246467991469999e-16 -1 0 2
2 -72.980000000000004 -7.6120484580449999 100 0 0 1 -1 1.2246467991469999e-16 0 -1.2246467991469999e-16 -1 0 2
2 0 0 99.799999999999997 0 0 1 1 0 -0 -0 1 0 74.980000000000004
2 0 0 99.799999999999997 0 0 1 1 0 -0 -0 1 0 74.980000000000004
1 37 -9.6120484580460008 100 0 0 1 1 0 -0 -0 1 0 
1 0 0 100 0 0 1 1 0 -0 -0 1 0 
1 0 0 100 0 0 1 1 0 -0 -0 1 0 
2 41.402419381093999 -11.61204845804 100 0 0 1 0 1 0 -1 0 0 2
2 41.402419381093999 11.612048458046001 100 0 0 1 0 -1 0 1 0 -0 2
2 0 0 100 0 0 1 1 0 -0 -0 1 0 41
9 0 1 0 0 2 2 3 5 2 4 37.533432159686001 13.720111891462 99.081999999999994  1 37.533432159686001 13.720111891462 99.540999999999997  1 37.533432159686001 13.720111891462 107.5  1 37.533432159686001 13.720111891462 115.459  1 37.533432159686001 13.720111891462 115.91800000000001  1 
38.729121472911999 13.510323243616 99.081999999999994  0.85485041426499997 38.729121472911999 13.510323243616 99.540999999999997  0.85485041426499997 38.729121472911999 13.510323243616 107.5  0.85485041426499997 38.729121472911999 13.510323243616 115.459  0.85485041426499997 38.729121472911999 13.510323243616 115.91800000000001  0.85485041426499997 
39.094870331867 12.352777571644999 99.081999999999994  1 39.094870331867 12.352777571644999 99.540999999999997  1 39.094870331867 12.352777571644999 107.5  1 39.094870331867 12.352777571644999 115.459  1 39.094870331867 12.352777571644999 115.91800000000001  1 

0 3
15 3

-0.91800000000000004 3
2.630404574711e-14 1
15 1
15.917999999999999 3

2 37.879060832962999 15.690020726968999 99.799999999999997 0 0 1 0.92387953251127652 0.38268343236511454 -0 -0.38268343236511454 0.92387953251127652 0 2
9 0 1 0 0 2 2 3 5 2 4 36.378980708671001 18.909515133873001 99.081999999999994  1 36.378980708671001 18.909515133873001 99.540999999999997  1 36.378980708671001 18.909515133873001 107.5  1 36.378980708671001 18.909515133873001 115.459  1 36.378980708671001 18.909515133873001 115.91800000000001  1 
36.938865604476 17.832383241311 99.081999999999994  0.85485041426499997 36.938865604476 17.832383241311 99.540999999999997  0.85485041426499997 36.938865604476 17.832383241311 107.5  0.85485041426499997 36.938865604476 17.832383241311 115.459  0.85485041426499997 36.938865604476 17.832383241311 115.91800000000001  0.85485041426499997 
36.241728558410003 16.838560244229001 99.081999999999994  1 36.241728558410003 16.838560244229001 99.540999999999997  1 36.241728558410003 16.838560244229001 107.5  1 36.241728558410003 16.838560244229001 115.459  1 36.241728558410003 16.838560244229001 115.91800000000001  1 

0 3
15 3

-0.91800000000000004 3
2.6572927885879999e-14 1
15 1
15.917999999999999 3

2 0 0 100 0 0 1 1 0 -0 -0 1 0 41
1 32.959695549679999 19.366206258125001 100 0 0 1 0.70710678118654757 0.70710678118654757 -0 -0.70710678118654757 0.70710678118654757 0 
1 0 0 100 0 0 1 1 0 -0 -0 1 0 
2 0 0 100 0 0 1 1 0 -0 -0 1 0 41
9 0 1 0 0 2 2 3 5 2 4 16.838560244229001 36.241728558410003 99.081999999999994  1 16.838560244229001 36.241728558410003 99.540999999999997  1 16.838560244229001 36.241728558410003 107.5  1 16.838560244229001 36.241728558410003 115.459  1 16.838560244229001 36.241728558410003 115.91800000000001  1 
17.832383241311 36.938865604476 99.081999999999994  0.85485041426499997 17.832383241311 36.938865604476 99.540999999999997  0.85485041426499997 17.832383241311 36.938865604476 107.5  0.85485041426499997 17.832383241311 36.938865604476 115.459  0.85485041426499997 17.832383241311 36.938865604476 115.91800000000001  0.85485041426499997 
18.909515133873001 36.378980708671001 99.081999999999994  1 18.909515133873001 36.378980708671001 99.540999999999997  1 18.909515133873001 36.378980708671001 107.5  1 18.909515133873001 36.378980708671001 115.459  1 18.909515133873001 36.378980708671001 115.91800000000001  1 

0 3
15 3

-0.91800000000000004 3
2.6399455538279999e-14 1
15 1
15.917999999999999 3

2 15.690020726968999 37.879060832962999 99.799999999999997 0 0 1 0.38268343236511454 0.92387953251127652 -0 -0.92387953251127652 0.38268343236511454 0 2
9 0 1 0 0 2 2 3 5 2 4 12.352777571644999 39.094870331867 99.081999999999994  1 12.352777571644999 39.094870331867 99.540999999999997  1 12.352777571644999 39.094870331867 107.5  1 12.352777571644999 39.094870331867 115.459  1 12.352777571644999 39.094870331867 115.91800000000001  1 
13.510323243616 38.729121472911999 99.081999999999994  0.85485041426499997 13.510323243616 38.729121472911999 99.540999999999997  0.85485041426499997 13.510323243616 38.729121472911999 107.5  0.85485041426499997 13.510323243616 38.729121472911999 115.459  0.85485041426499997 13.510323243616 38.729121472911999 115.91800000000001  0.85485041426499997 
13.720111891462 37.533432159686001 99.081999999999994  1 13.720111891462 37.533432159686001 99.540999999999997  1 13.720111891462 37.533432159686001 107.5  1 13.720111891462 37.533432159686001 115.459  1 13.720111891462 37.533432159686001 115.91800000000001  1 

0 3
15 3

-0.91800000000000004 3
2.6896432842699999e-14 1
15 1
15.917999999999999 3

2 0 0 100 0 0 1 1 0 -0 -0 1 0 41
1 9.6120484580460008 37 100 0 0 1 1.110223024625e-16 1 -0 -1 1.110223024625e-16 0 
1 0 0 100 0 0 1 1 0 -0 -0 1 0 
2 0 0 100 0 0 1 1 0 -0 -0 1 0 41
9 0 1 0 0 2 2 3 5 2 4 -13.720111891449999 37.533432159687997 99.081999999999994  1 -13.720111891449999 37.533432159687997 99.540999999999997  1 -13.720111891449999 37.533432159687997 107.5  1 -13.720111891449999 37.533432159687997 115.459  1 -13.720111891449999 37.533432159687997 115.91800000000001  1 
-13.5103232436 38.729121472914997 99.081999999999994  0.85485041426499997 -13.5103232436 38.729121472914997 99.540999999999997  0.85485041426499997 -13.5103232436 38.729121472914997 107.5  0.85485041426499997 -13.5103232436 38.729121472914997 115.459  0.85485041426499997 -13.5103232436 38.729121472914997 115.91800000000001  0.85485041426499997 
-12.35277757163 39.094870331869998 99.081999999999994  1 -12.35277757163 39.094870331869998 99.540999999999997  1 -12.35277757163 39.094870331869998 107.5  1 -12.35277757163 39.094870331869998 115.459  1 -12.35277757163 39.094870331869998 115.91800000000001  1 

0 3
15 3

-0.91800000000000004 3
2.6243764106320001e-14 1
15 1
15.917999999999999 3

2 -15.69002072696 37.879060832962999 99.799999999999997 0 0 1 -0.38268343236511454 0.92387953251127652 0 -0.92387953251127652 -0.38268343236511454 0 2
9 0 1 0 0 2 2 3 5 2 4 -18.909515133860001 36.378980708672998 99.081999999999994  1 -18.909515133860001 36.378980708672998 99.540999999999997  1 -18.909515133860001 36.378980708672998 107.5  1 -18.909515133860001 36.378980708672998 115.459  1 -18.909515133860001 36.378980708672998 115.91800000000001  1 
-17.832383241300001 36.938865604478998 99.081999999999994  0.85485041426499997 -17.832383241300001 36.938865604478998 99.540999999999997  0.85485041426499997 -17.832383241300001 36.938865604478998 107.5  0.85485041426499997 -17.832383241300001 36.938865604478998 115.459  0.85485041426499997 -17.832383241300001 36.938865604478998 115.91800000000001  0.85485041426499997 
-16.838560244220002 36.241728558411999 99.081999999999994  1 -16.838560244220002 36.241728558411999 99.540999999999997  1 -16.838560244220002 36.241728558411999 107.5  1 -16.838560244220002 36.241728558411999 115.459  1 -16.838560244220002 36.241728558411999 115.91800000000001  1 

0 3
15 3

-0.91800000000000004 3
2.6297277005830001e-14 1
15 1
15.917999999999999 3

2 0 0 100 0 0 1 1 0 -0 -0 1 0 41
1 -19.366206258119998 32.959695549679999 100 0 0 1 -0.70710678118654757 0.70710678118654757 0 -0.70710678118654757 -0.70710678118654757 0 
1 0 0 100 0 0 1 1 0 -0 -0 1 0 
2 0 0 100 0 0 1 1 0 -0 -0 1 0 41
9 0 1 0 0 2 2 3 5 2 4 -36.241728558399998 16.838560244229999 99.081999999999994  1 -36.241728558399998 16.838560244229999 99.540999999999997  1 -36.241728558399998 16.838560244229999 107.5  1 -36.241728558399998 16.838560244229999 115.459  1 -36.241728558399998 16.838560244229999 115.91800000000001  1 
-36.938865604470003 17.832383241312002 99.081999999999994  0.85485041426499997 -36.938865604470003 17.832383241312002 99.540999999999997  0.85485041426499997 -36.938865604470003 17.832383241312002 107.5  0.85485041426499997 -36.938865604470003 17.832383241312002 115.459  0.85485041426499997 -36.938865604470003 17.832383241312002 115.91800000000001  0.85485041426499997 
-36.378980708660002 18.909515133875999 99.081999999999994  1 -36.378980708660002 18.909515133875999 99.540999999999997  1 -36.378980708660002 18.909515133875999 107.5  1 -36.378980708660002 18.909515133875999 115.459  1 -36.378980708660002 18.909515133875999 115.91800000000001  1 

0 3
15 3

-0.91800000000000004 3
2.6458436136470001e-14 1
15 1
15.917999999999999 3

2 -37.87906083296 15.690020726968999 99.799999999999997 0 0 1 -0.92387953251127652 0.38268343236511454 0 -0.38268343236511454 -0.92387953251127652 0 2
9 0 1 0 0 2 2 3 5 2 4 -39.094870331860001 12.352777571643999 99.081999999999994  1 -39.094870331860001 12.352777571643999 99.540999999999997  1 -39.094870331860001 12.352777571643999 107.5  1 -39.094870331860001 12.352777571643999 115.459  1 -39.094870331860001 12.352777571643999 115.91800000000001  1 
-38.729121472910002 13.510323243616 99.081999999999994  0.85485041426499997 -38.729121472910002 13.510323243616 99.540999999999997  0.85485041426499997 -38.729121472910002 13.510323243616 107.5  0.85485041426499997 -38.729121472910002 13.510323243616 115.459  0.85485041426499997 -38.729121472910002 13.510323243616 115.91800000000001  0.85485041426499997 
-37.533432159679997 13.720111891462 99.081999999999994  1 -37.533432159679997 13.720111891462 99.540999999999997  1 -37.533432159679997 13.720111891462 107.5  1 -37.533432159679997 13.720111891462 115.459  1 -37.533432159679997 13.720111891462 115.91800000000001  1 

0 3
15 3

-0.91800000000000004 3
2.709571865826e-14 1
15 1
15.917999999999999 3

2 0 0 100 0 0 1 1 0 -0 -0 1 0 41
1 -37 9.6120484580460008 100 0 0 1 -1 1.2246467991469999e-16 0 -1.2246467991469999e-16 -1 0 
1 0 0 100 0 0 1 1 0 -0 -0 1 0 
2 0 0 100 0 0 1 1 0 -0 -0 1 0 41
9 0 1 0 0 2 2 3 5 2 4 -37.533432159679997 -13.720111891449999 99.081999999999994  1 -37.533432159679997 -13.720111891449999 99.540999999999997  1 -37.533432159679997 -13.720111891449999 107.5  1 -37.533432159679997 -13.720111891449999 115.459  1 -37.533432159679997 -13.720111891449999 115.91800000000001  1 
-38.729121472910002 -13.5103232436 99.081999999999994  0.85485041426499997 -38.729121472910002 -13.5103232436 99.540999999999997  0.85485041426499997 -38.729121472910002 -13.5103232436 107.5  0.85485041426499997 -38.729121472910002 -13.5103232436 115.459  0.85485041426499997 -38.729121472910002 -13.5103232436 115.91800000000001  0.85485041426499997 
-39.094870331869998 -12.35277757163 99.081999999999994  1 -39.094870331869998 -12.35277757163 99.540999999999997  1 -39.094870331869998 -12.35277757163 107.5  1 -39.094870331869998 -12.35277757163 115.459  1 -39.094870331869998 -12.35277757163 115.91800000000001  1 

0 3
15 3

-0.91800000000000004 3
2.621644221157e-14 1
15 1
15.917999999999999 3

2 -37.87906083296 -15.69002072696 99.799999999999997 0 0 1 -0.92387953251127652 -0.38268343236511454 0 0.38268343236511454 -0.92387953251127652 0 2
9 0 1 0 0 2 2 3 5 2 4 -36.378980708669999 -18.909515133869998 99.081999999999994  1 -36.378980708669999 -18.909515133869998 99.540999999999997  1 -36.378980708669999 -18.909515133869998 107.5  1 -36.378980708669999 -18.909515133869998 115.459  1 -36.378980708669999 -18.909515133869998 115.91800000000001  1 
-36.938865604470003 -17.832383241300001 99.081999999999994  0.85485041426499997 -36.938865604470003 -17.832383241300001 99.540999999999997  0.85485041426499997 -36.938865604470003 -17.832383241300001 107.5  0.85485041426499997 -36.938865604470003 -17.832383241300001 115.459  0.85485041426499997 -36.938865604470003 -17.832383241300001 115.91800000000001  0.85485041426499997 
-36.241728558399998 -16.838560244220002 99.081999999999994  1 -36.241728558399998 -16.838560244220002 99.540999999999997  1 -36.241728558399998 -16.838560244220002 107.5  1 -36.241728558399998 -16.838560244220002 115.459  1 -36.241728558399998 -16.838560244220002 115.91800000000001  1 

0 3
15 3

-0.91800000000000004 3
2.6458436136470001e-14 1
15 1
15.917999999999999 3

2 0 0 100 0 0 1 1 0 -0 -0 1 0 41
1 -32.959695549679999 -19.366206258119998 100 0 0 1 -0.70710678118654757 -0.70710678118654757 0 0.70710678118654757 -0.70710678118654757 0 
1 0 0 100 0 0 1 1 0 -0 -0 1 0 
2 0 0 100 0 0 1 1 0 -0 -0 1 0 41
9 0 1 0 0 2 2 3 5 2 4 -16.838560244220002 -36.241728558399998 99.081999999999994  1 -16.838560244220002 -36.241728558399998 99.540999999999997  1 -16.838560244220002 -36.241728558399998 107.5  1 -16.838560244220002 -36.241728558399998 115.459  1 -16.838560244220002 -36.241728558399998 115.91800000000001  1 
-17.832383241300001 -36.938865604470003 99.081999999999994  0.85485041426499997 -17.832383241300001 -36.938865604470003 99.540999999999997  0.85485041426499997 -17.832383241300001 -36.938865604470003 107.5  0.85485041426499997 -17.832383241300001 -36.938865604470003 115.459  0.85485041426499997 -17.832383241300001 -36.938865604470003 115.91800000000001  0.85485041426499997 
-18.909515133869998 -36.378980708669999 99.081999999999994  1 -18.909515133869998 -36.378980708669999 99.540999999999997  1 -18.909515133869998 -36.378980708669999 107.5  1 -18.909515133869998 -36.378980708669999 115.459  1 -18.909515133869998 -36.378980708669999 115.91800000000001  1 

0 3
15 3

-0.91800000000000004 3
2.645453300865e-14 1
15 1
15.917999999999999 3

2 -15.69002072696 -37.87906083296 99.799999999999997 0 0 1 -0.38268343236511454 -0.92387953251127652 0 0.92387953251127652 -0.38268343236511454 0 2
9 0 1 0 0 2 2 3 5 2 4 -12.35277757163 -39.094870331869998 99.081999999999994  1 -12.35277757163 -39.094870331869998 99.540999999999997  1 -12.35277757163 -39.094870331869998 107.5  1 -12.35277757163 -39.094870331869998 115.459  1 -12.35277757163 -39.094870331869998 115.91800000000001  1 
-13.5103232436 -38.729121472910002 99.081999999999994  0.85485041426499997 -13.5103232436 -38.729121472910002 99.540999999999997  0.85485041426499997 -13.5103232436 -38.729121472910002 107.5  0.85485041426499997 -13.5103232436 -38.729121472910002 115.459  0.85485041426499997 -13.5103232436 -38.729121472910002 115.91800000000001  0.85485041426499997 
-13.720111891449999 -37.533432159679997 99.081999999999994  1 -13.720111891449999 -37.533432159679997 99.540999999999997  1 -13.720111891449999 -37.533432159679997 107.5  1 -13.720111891449999 -37.533432159679997 115.459  1 -13.720111891449999 -37.533432159679997 115.91800000000001  1 

0 3
15 3

-0.91800000000000004 3
2.621644221157e-14 1
15 1
15.917999999999999 3

2 0 0 100 0 0 1 1 0 -0 -0 1 0 41
1 -9.6120484580460008 -37 100 0 0 1 -2.22044604925e-16 -1 0 1 -2.22044604925e-16 0 
1 0 0 100 0 0 1 1 0 -0 -0 1 0 
2 0 0 100 0 0 1 1 0 -0 -0 1 0 41
9 0 1 0 0 2 2 3 5 2 4 13.720111891462 -37.533432159679997 99.081999999999994  1 13.720111891462 -37.533432159679997 99.540999999999997  1 13.720111891462 -37.533432159679997 107.5  1 13.720111891462 -37.533432159679997 115.459  1 13.720111891462 -37.533432159679997 115.91800000000001  1 
13.510323243616 -38.729121472910002 99.081999999999994  0.85485041426499997 13.510323243616 -38.729121472910002 99.540999999999997  0.85485041426499997 13.510323243616 -38.729121472910002 107.5  0.85485041426499997 13.510323243616 -38.729121472910002 115.459  0.85485041426499997 13.510323243616 -38.729121472910002 115.91800000000001  0.85485041426499997 
12.352777571643999 -39.094870331860001 99.081999999999994  1 12.352777571643999 -39.094870331860001 99.540999999999997  1 12.352777571643999 -39.094870331860001 107.5  1 12.352777571643999 -39.094870331860001 115.459  1 12.352777571643999 -39.094870331860001 115.91800000000001  1 

0 3
15 3

-0.91800000000000004 3
2.624289674458e-14 1
15 1
15.917999999999999 3

2 15.690020726968999 -37.87906083296 99.799999999999997 0 0 1 0.38268343236511454 -0.92387953251127652 0 0.92387953251127652 0.38268343236511454 -0 2
9 0 1 0 0 2 2 3 5 2 4 18.909515133875999 -36.378980708660002 99.081999999999994  1 18.909515133875999 -36.378980708660002 99.540999999999997  1 18.909515133875999 -36.378980708660002 107.5  1 18.909515133875999 -36.378980708660002 115.459  1 18.909515133875999 -36.378980708660002 115.91800000000001  1 
17.832383241312002 -36.938865604470003 99.081999999999994  0.85485041426499997 17.832383241312002 -36.938865604470003 99.540999999999997  0.85485041426499997 17.832383241312002 -36.938865604470003 107.5  0.85485041426499997 17.832383241312002 -36.938865604470003 115.459  0.85485041426499997 17.832383241312002 -36.938865604470003 115.91800000000001  0.85485041426499997 
16.838560244229999 -36.241728558399998 99.081999999999994  1 16.838560244229999 -36.241728558399998 99.540999999999997  1 16.838560244229999 -36.241728558399998 107.5  1 16.838560244229999 -36.241728558399998 115.459  1 16.838560244229999 -36.241728558399998 115.91800000000001  1 

0 3
15 3

-0.91800000000000004 3
2.6464941349500001e-14 1
15 1
15.917999999999999 3

2 0 0 100 0 0 1 1 0 -0 -0 1 0 41
1 19.366206258125001 -32.959695549679999 100 0 0 1 0.70710678118654757 -0.70710678118654757 0 0.70710678118654757 0.70710678118654757 -0 
1 0 0 100 0 0 1 1 0 -0 -0 1 0 
2 0 0 100 0 0 1 1 0 -0 -0 1 0 41
9 0 1 0 0 2 2 3 5 2 4 36.241728558411999 -16.838560244220002 99.081999999999994  1 36.241728558411999 -16.838560244220002 99.540999999999997  1 36.241728558411999 -16.838560244220002 107.5  1 36.241728558411999 -16.838560244220002 115.459  1 36.241728558411999 -16.838560244220002 115.91800000000001  1 
36.938865604478998 -17.832383241300001 99.081999999999994  0.85485041426499997 36.938865604478998 -17.832383241300001 99.540999999999997  0.85485041426499997 36.938865604478998 -17.832383241300001 107.5  0.85485041426499997 36.938865604478998 -17.832383241300001 115.459  0.85485041426499997 36.938865604478998 -17.832383241300001 115.91800000000001  0.85485041426499997 
36.378980708672998 -18.909515133860001 99.081999999999994  1 36.378980708672998 -18.909515133860001 99.540999999999997  1 36.378980708672998 -18.909515133860001 107.5  1 36.378980708672998 -18.909515133860001 115.459  1 36.378980708672998 -18.909515133860001 115.91800000000001  1 

0 3
15 3

-0.91800000000000004 3
2.6353540832819999e-14 1
15 1
15.917999999999999 3

2 37.879060832962999 -15.69002072696 99.799999999999997 0 0 1 0.92387953251127652 -0.38268343236511454 0 0.38268343236511454 0.92387953251127652 -0 2
9 0 1 0 0 2 2 3 5 2 4 39.094870331869998 -12.35277757163 99.081999999999994  1 39.094870331869998 -12.35277757163 99.540999999999997  1 39.094870331869998 -12.35277757163 107.5  1 39.094870331869998 -12.35277757163 115.459  1 39.094870331869998 -12.35277757163 115.91800000000001  1 
38.729121472914997 -13.5103232436 99.081999999999994  0.85485041426499997 38.729121472914997 -13.5103232436 99.540999999999997  0.85485041426499997 38.729121472914997 -13.5103232436 107.5  0.85485041426499997 38.729121472914997 -13.5103232436 115.459  0.85485041426499997 38.729121472914997 -13.5103232436 115.91800000000001  0.85485041426499997 
37.533432159687997 -13.720111891449999 99.081999999999994  1 37.533432159687997 -13.720111891449999 99.540999999999997  1 37.533432159687997 -13.720111891449999 107.5  1 37.533432159687997 -13.720111891449999 115.459  1 37.533432159687997 -13.720111891449999 115.91800000000001  1 

0 3
15 3

-0.91800000000000004 3
2.692151841814e-14 1
15 1
15.917999999999999 3

2 0 0 100 0 0 1 1 0 -0 -0 1 0 41
2 0 0 100 0 0 1 1 0 -0 -0 1 0 20
1 0 0 115 0 0 1 1 0 -0 -0 1 0 
1 0 0 115 0 0 1 1 0 -0 -0 1 0 
2 37.486889710051997 21.06497329375 100 0 0 1 -0.87178813279177969 -0.48988309985487621 0 0.48988309985487621 -0.87178813279177969 0 2
2 21.06497329375 37.486889710051997 100 0 0 1 -0.48988309985487621 -0.87178813279177969 0 0.87178813279177969 -0.48988309985487621 0 2
2 11.612048458046001 41.402419381093999 100 0 0 1 -0.27004763855902159 -0.96284696235107692 0 0.96284696235107692 -0.27004763855902159 0 2
2 -11.61204845804 41.402419381093999 100 0 0 1 0.27004763855902159 -0.96284696235107692 0 0.96284696235107692 0.27004763855902159 -0 2
2 -21.06497329374 37.486889710052999 100 0 0 1 0.48988309985487621 -0.87178813279177969 0 0.87178813279177969 0.48988309985487621 -0 2
2 -37.486889710050001 21.06497329375 100 0 0 1 0.87178813279177969 -0.48988309985487621 0 0.48988309985487621 0.87178813279177969 -0 2
2 -41.402419381089999 11.612048458046001 100 0 0 1 0.96284696235107692 -0.27004763855902159 0 0.27004763855902159 0.96284696235107692 -0 2
2 -41.402419381089999 -11.61204845804 100 0 0 1 0.96284696235107692 0.27004763855902159 -0 -0.27004763855902159 0.96284696235107692 0 2
2 -37.486889710050001 -21.06497329374 100 0 0 1 0.87178813279177969 0.48988309985487621 -0 -0.48988309985487621 0.87178813279177969 0 2
2 -21.06497329374 -37.486889710050001 100 0 0 1 0.48988309985487621 0.87178813279177969 -0 -0.87178813279177969 0.48988309985487621 0 2
2 -11.61204845804 -41.402419381089999 100 0 0 1 0.27004763855902159 0.96284696235107692 -0 -0.96284696235107692 0.27004763855902159 0 2
2 11.612048458045001 -41.402419381089999 100 0 0 1 -0.27004763855902159 0.96284696235107692 0 -0.96284696235107692 -0.27004763855902159 0 2
2 21.06497329375 -37.486889710050001 100 0 0 1 -0.48988309985487621 0.87178813279177969 0 -0.87178813279177969 -0.48988309985487621 0 2
2 37.486889710052999 -21.06497329374 100 0 0 1 -0.87178813279177969 0.48988309985487621 0 -0.48988309985487621 -0.87178813279177969 0 2
1 0 0 115 0 0 1 1 0 -0 -0 1 0 
1 0 0 115 0 0 1 1 0 -0 -0 1 0 
1 0 0 115 0 0 1 1 0 -0 -0 1 0 
1 0 0 115 0 0 1 1 0 -0 -0 1 0 
1 0 0 115 0 0 1 1 0 -0 -0 1 0 
1 0 0 115 0 0 1 1 0 -0 -0 1 0 
1 0 0 115 0 0 1 1 0 -0 -0 1 0 
1 72.134061871901295 0 114.29875967169103 0 1 0 0 -0 1 1 0 -0 
1 72.414737904671966 0 114.61678217158277 0 1 0 0 -0 1 1 0 -0 
Triangulations 0

TShapes 1800
Ve
1.000001e-06
68.3070195839357 -9.61204845804602 115
0 0

0101101
*
Ve
1.000001e-06
69.0138458893594 -9.61204845804426 115
0 0

0101101
*
Ed
 1e-07 1 1 0
1  1 0 31.3070195839357 32.0138458893594
2  1 2 0 31.3070195839357 32.0138458893594
2  2 3 0 31.3070195839357 32.0138458893594
2  3 1 0 31.3070195839357 32.0138458893594
0

0101000
+1800 0 -1799 0 *
Ve
1e-07
69.68 0 115
0 0

0101101
*
Ed
 1e-07 1 1 0
1  2 0 6.14479843746376 6.28318530717959
2  4 4 0 6.14479843746376 6.28318530717959
2  5 5 0 6.14479843746376 6.28318530717959
2  6 2 0 6.14479843746376 6.28318530717959
2  7 1 0 6.14479843746376 6.28318530717959
0

0101000
+1799 0 -1797 0 *
Ve
1.000001e-06
69.0138458893594 9.61204845804426 115
0 0

0101101
*
Ed
 1e-07 1 1 0
1  2 0 0 0.138386869715829
2  4 4 0 0 0.138386869715829
2  5 5 0 0 0.138386869715829
2  8 2 0 0 0.138386869715829
2  9 1 0 0 0.138386869715829
0

0101000
+1797 0 -1795 0 *
Ve
1.000001e-06
68.3070195839357 9.61204845804606 115
0 0

0101101
*
Ed
 1e-07 1 1 0
1  3 0 31.3070195839357 32.0138458893594
2  10 2 0 31.3070195839357 32.0138458893594
2  11 6 0 31.3070195839357 32.0138458893594
2  12 1 0 31.3070195839357 32.0138458893594
0

0101000
+1793 0 -1795 0 *
Ve
1e-07
68.98 0 115
0 0

0101101
*
Ed
 1e-07 1 1 0
1  4 0 0 0.139800375103356
2  13 1 0 0 0.139800375103356
2  14 7 0 0 0.139800375103356
2  15 2 0 0 0.139800375103356
0

0101000
+1791 0 -1793 0 *
Ed
 1e-07 1 1 0
1  4 0 6.14338493207623 6.28318530717959
2  13 1 0 6.14338493207623 6.28318530717959
2  14 7 0 6.14338493207623 6.28318530717959
2  16 2 0 6.14338493207623 6.28318530717959
0

0101000
+1800 0 -1791 0 *
Wi

0101100
-1798 0 -1796 0 -1794 0 +1792 0 +1790 0 +1789 0 *
Fa
0  1e-07 1 0

0101000
+1788 0 *
Ve
1.5e-07
72.98 -9.612048458046 113.5
0 0

0101101
*
Ve
1.5e-07
72.98 -9.612048458046 114.2
0 0

0101101
*
Ed
 1e-07 1 1 0
1  5 0 13.5 14.2
2  17 8 0 13.5 14.2
4 G1 3 0 8 0
2  18 3 0 13.5 14.2
0

0101000
+1786 0 -1785 0 *
Ve
1.00000002131628e-06
69.821478961994 -9.61204845804602 114.2
0 0

0101101
*
Ed
 1.5e-07 1 1 0
1  6 0 -54.48 -51.321478961994
2  19 9 0 -54.48 -51.321478961994
2  20 3 0 -54.48 -51.321478961994
0

0101000
+1785 0 -1783 0 *
Ed
 1e-06 1 1 0
1  7 0 0 1
2  21 5 0 0 1
2  22 3 0 0 1
0

0101000
+1783 0 -1799 0 *
Ve
1.00000002131628e-06
69.821478961994 -9.61204845804602 113.5
0 0

0101101
*
Ed
 1e-06 1 1 0
1  8 0 0 1
2  23 7 0 0 1
2  24 3 0 0 1
0

0101000
+1780 0 -1800 0 *
Ed
 1.5e-07 1 1 0
1  9 0 -54.48 -51.321478961994
2  25 10 0 -54.48 -51.321478961994
2  26 3 0 -54.48 -51.321478961994
0

0101000
+1786 0 -1780 0 *
Wi

0101100
-1784 0 -1782 0 -1781 0 +1798 0 +1779 0 +1778 0 *
Fa
0  1e-07 3 0

0101000
+1777 0 *
Ve
1e-07
70.48 0 114.2
0 0

0101101
*
Ed
 1e-07 1 1 0
1  10 0 6.14637916198374 6.28318530717959
2  27 9 0 6.14637916198374 6.28318530717959
2  28 5 0 6.14637916198374 6.28318530717959
4 G1 9 0 5 0
0

0101000
+1783 0 -1775 0 *
Ed
 1e-07 1 1 0
1  11 0 0 1.5707963267949
3  29 30CN 5 0 0 1.5707963267949
0

0101000
+1775 0 -1797 0 *
Wi

0101100
+1774 0 -1781 0 -1796 0 +1773 0 *
Fa
0  1e-07 5 0

0101000
+1772 0 *
Ve
1.00000000177636e-06
69.821478961994 9.612048458046 114.2
0 0

0101101
*
Ed
 1e-06 1 1 0
1  12 0 0 1
2  31 5 0 0 1
2  32 6 0 0 1
0

0101000
+1770 0 -1795 0 *
Ed
 1e-07 1 1 0
1  10 0 0 0.136806145195846
2  27 9 0 0 0.136806145195846
2  28 5 0 0 0.136806145195846
4 G1 9 0 5 0
0

0101000
+1775 0 -1770 0 *
Wi

0101100
-1773 0 -1794 0 +1769 0 +1768 0 *
Fa
0  1e-07 5 0

0101000
+1767 0 *
Ve
1.5e-07
72.98 9.612048458046 113.5
0 0

0101101
*
Ve
1.5e-07
72.98 9.612048458046 114.2
0 0

0101101
*
Ed
 1e-07 1 1 0
1  13 0 13.5 14.2
2  33 11 0 13.5 14.2
4 G1 11 0 6 0
2  34 6 0 13.5 14.2
0

0101000
+1765 0 -1764 0 *
Ed
 1.5e-07 1 1 0
1  14 0 -54.48 -51.321478961994
2  35 9 0 -54.48 -51.321478961994
2  36 6 0 -54.48 -51.321478961994
0

0101000
+1764 0 -1770 0 *
Ve
1.00000000177636e-06
69.821478961994 9.612048458046 113.5
0 0

0101101
*
Ed
 1e-06 1 1 0
1  15 0 0 1
2  37 7 0 0 1
2  38 6 0 0 1
0

0101000
+1761 0 -1793 0 *
Ed
 1.5e-07 1 1 0
1  16 0 -54.48 -51.321478961994
2  39 10 0 -54.48 -51.321478961994
2  40 6 0 -54.48 -51.321478961994
0

0101000
+1765 0 -1761 0 *
Wi

0101100
-1763 0 -1762 0 -1769 0 +1792 0 +1760 0 +1759 0 *
Fa
0  1e-07 6 0

0101000
+1758 0 *
Ve
1e-07
70.48 0 113.5
0 0

0101101
*
Ed
 1e-07 1 1 0
1  17 0 0 1.5707963267949
3  41 42CN 7 0 0 1.5707963267949
0

0101000
+1756 0 -1791 0 *
Ed
 1e-07 1 1 0
1  18 0 0 0.136806145195846
2  43 10 0 0 0.136806145195846
2  44 7 0 0 0.136806145195846
4 G1 10 0 7 0
0

0101000
+1756 0 -1761 0 *
Wi

0101100
-1755 0 -1790 0 +1760 0 +1754 0 *
Fa
0  1e-07 7 0

0101000
+1753 0 *
Ed
 1e-07 1 1 0
1  18 0 6.14637916198374 6.28318530717959
2  43 10 0 6.14637916198374 6.28318530717959
2  44 7 0 6.14637916198374 6.28318530717959
4 G1 10 0 7 0
0

0101000
+1780 0 -1756 0 *
Wi

0101100
+1751 0 -1779 0 -1789 0 +1755 0 *
Fa
0  1e-07 7 0

0101000
+1750 0 *
Ve
1.00002442740623e-07
74.440504168891 -8.97840403865233 113.5
0 0

0101101
*
Ed
 1.00000003552714e-07 1 1 0
1  19 0 4.712388980385 5.53107984634447
2  45 10 0 4.712388980385 5.53107984634447
2  46 8 0 4.712388980385 5.53107984634447
0

0101000
+1786 0 -1748 0 *
Ve
1.00002442740623e-07
74.440504168891 -8.97840403865233 114.2
0 0

0101101
*
Ed
 1.00000003552714e-07 1 1 0
1  20 0 4.712388980385 5.53107984634447
2  47 9 0 4.712388980385 5.53107984634447
2  48 8 0 4.712388980385 5.53107984634447
0

0101000
+1785 0 -1746 0 *
Ed
 1.00000390216718e-07 1 1 0
1  21 0 13.5 14.2
2  49 8 0 13.5 14.2
2  50 12 0 13.5 14.2
2  51 13 0 13.5 14.2
0

0101000
+1748 0 -1746 0 *
Wi

0101100
+1747 0 -1784 0 -1745 0 +1744 0 *
Fa
0  1e-07 8 0

0101000
+1743 0 *
Ve
1.00000036729607e-07
74.98 0 114.2
0 0

0101101
*
Ed
 1e-07 1 1 0
1  22 0 6.16315329864395 6.28318530717959
2  52 14 0 6.16315329864395 6.28318530717959
2  53 9 0 6.16315329864395 6.28318530717959
2  54 12 0 6.16315329864395 6.28318530717959
2  55 13 0 6.16315329864395 6.28318530717959
0

0101000
+1746 0 -1741 0 *
Ve
1.00001751587085e-07
74.440504168891 8.97840403865236 114.2
0 0

0101101
*
Ed
 1.00000003552714e-07 1 1 0
1  23 0 0.752105460835736 1.570796326795
2  56 9 0 0.752105460835736 1.570796326795
2  57 11 0 0.752105460835736 1.570796326795
0

0101000
+1739 0 -1764 0 *
Ed
 1.00000000111022e-07 1 1 0
1  22 0 0 0.120032008535633
2  52 14 0 0 0.120032008535633
2  53 9 0 0 0.120032008535633
2  58 15 0 0 0.120032008535633
2  59 13 0 0 0.120032008535633
0

0101000
+1741 0 -1739 0 *
Wi

0101100
+1740 0 +1745 0 -1782 0 -1774 0 -1768 0 +1762 0 +1738 0 +1737 0 *
Fa
0  1e-07 9 0

0101000
+1736 0 *
Ve
1.00000036729607e-07
74.98 0 113.5
0 0

0101101
*
Ed
 1e-07 1 1 0
1  24 0 6.16315329864395 6.28318530717959
2  60 13 0 6.16315329864395 6.28318530717959
2  61 10 0 6.16315329864395 6.28318530717959
2  62 12 0 6.16315329864395 6.28318530717959
0

0101000
+1748 0 -1734 0 *
Ve
1.00001751587085e-07
74.440504168891 8.97840403865236 113.5
0 0

0101101
*
Ed
 1.00000003552714e-07 1 1 0
1  25 0 0.752105460835736 1.570796326795
2  63 10 0 0.752105460835736 1.570796326795
2  64 11 0 0.752105460835736 1.570796326795
0

0101000
+1732 0 -1765 0 *
Ed
 1.00000000111022e-07 1 1 0
1  24 0 0 0.120032008535633
2  60 13 0 0 0.120032008535633
2  61 10 0 0 0.120032008535633
2  65 15 0 0 0.120032008535633
0

0101000
+1734 0 -1732 0 *
Wi

0101100
+1733 0 +1747 0 -1778 0 -1751 0 -1754 0 +1759 0 +1731 0 +1730 0 *
Fa
0  1e-07 10 0

0101000
+1729 0 *
Ed
 1.00000386679061e-07 1 1 0
1  26 0 13.5 14.2
2  66 15 0 13.5 14.2
2  67 11 0 13.5 14.2
2  68 13 0 13.5 14.2
0

0101000
+1732 0 -1739 0 *
Wi

0101100
-1727 0 -1738 0 +1763 0 +1731 0 *
Fa
0  1e-07 11 0

0101000
+1726 0 *
Ed
 1.00000018364803e-07 1 1 0
1  27 0 0.799999999999997 1.5
3  69 70CN 13 0 0.799999999999997 1.5
2  71 12 0 0.799999999999997 1.5
2  72 15 0 0.799999999999997 1.5
0

0101000
+1741 0 -1734 0 *
Wi

0101100
+1744 0 -1733 0 +1724 0 +1740 0 *
Fa
0  1e-07 13 0

0101000
+1723 0 *
Wi

0101100
-1730 0 -1727 0 +1737 0 -1724 0 *
Fa
0  1e-07 13 0

0101000
+1721 0 *
Sh

0101100
-1787 0 -1776 0 +1771 0 +1766 0 +1757 0 -1752 0 -1749 0 +1742 0 +1735 0 -1728 0 
+1725 0 -1722 0 -1720 0 *
So

0100000
+1719 0 *
Ve
1.000001e-06
41.5036121046645 -55.0971013962215 115
0 0

0101101
*
Ve
1.000001e-06
42.0034137783518 -55.5969030699065 115
0 0

0101101
*
Ed
 1.00000007105427e-07 1 1 0
1  28 0 31.3070195839351 32.0138458893587
2  73 16 0 31.3070195839351 32.0138458893587
2  74 17 0 31.3070195839351 32.0138458893587
2  75 1 0 31.3070195839351 32.0138458893587
0

0101000
+1717 0 -1716 0 *
Ve
1.000001e-06
55.5969030699086 -42.0034137783489 115
0 0

0101101
*
Ed
 1e-07 1 1 0
1  2 0 5.3594002740663 5.63617401349803
2  4 4 0 5.3594002740663 5.63617401349803
2  5 5 0 5.3594002740663 5.63617401349803
2  76 17 0 5.3594002740663 5.63617401349803
2  77 1 0 5.3594002740663 5.63617401349803
0

0101000
+1716 0 -1714 0 *
Ve
1.000001e-06
55.0971013962237 -41.5036121046617 115
0 0

0101101
*
Ed
 1.00000007105427e-07 1 1 0
1  29 0 31.3070195839381 32.0138458893617
2  78 18 0 31.3070195839381 32.0138458893617
2  79 17 0 31.3070195839381 32.0138458893617
2  80 1 0 31.3070195839381 32.0138458893617
0

0101000
+1712 0 -1714 0 *
Ed
 1e-07 1 1 0
1  4 0 5.35798676867877 5.63758751888555
2  13 1 0 5.35798676867877 5.63758751888555
2  14 7 0 5.35798676867877 5.63758751888555
2  81 17 0 5.35798676867877 5.63758751888555
0

0101000
+1717 0 -1712 0 *
Wi

0101100
-1715 0 -1713 0 +1711 0 +1710 0 *
Fa
0  1e-07 1 0

0101000
+1709 0 *
Ve
1.50001416887068e-07
44.807908245217 -58.40139753677 113.5
0 0

0101101
*
Ve
1.50001416887068e-07
44.807908245217 -58.40139753677 114.2
0 0

0101101
*
Ed
 1e-07 1 1 0
1  30 0 13.5 14.2
2  82 19 0 13.5 14.2
4 G1 16 0 19 0
2  83 16 0 13.5 14.2
0

0101000
+1707 0 -1706 0 *
Ve
1.00000002009718e-06
42.5744966007224 -56.1679858922774 114.2
0 0

0101101
*
Ed
 1.5e-07 1 1 0
1  31 0 -54.4799999999988 -51.321478961994
2  84 9 0 -54.4799999999988 -51.321478961994
2  85 16 0 -54.4799999999988 -51.321478961994
0

0101000
+1706 0 -1704 0 *
Ed
 1e-06 1 1 0
1  32 0 0 1
2  86 5 0 0 1
2  87 16 0 0 1
0

0101000
+1704 0 -1716 0 *
Ve
1.00000002009718e-06
42.5744966007224 -56.1679858922774 113.5
0 0

0101101
*
Ed
 1e-06 1 1 0
1  33 0 0 1
2  88 7 0 0 1
2  89 16 0 0 1
0

0101000
+1701 0 -1717 0 *
Ed
 1.5e-07 1 1 0
1  34 0 -54.4799999999988 -51.321478961994
2  90 10 0 -54.4799999999988 -51.321478961994
2  91 16 0 -54.4799999999988 -51.321478961994
0

0101000
+1707 0 -1701 0 *
Wi

0101100
-1705 0 -1703 0 -1702 0 +1715 0 +1700 0 +1699 0 *
Fa
0  1e-07 16 0

0101000
+1698 0 *
Ve
1.00000001588822e-06
56.1679858922796 -42.5744966007196 114.2
0 0

0101101
*
Ed
 1e-07 1 1 0
1  10 0 5.3609809985863 5.63459328897802
2  27 9 0 5.3609809985863 5.63459328897802
2  28 5 0 5.3609809985863 5.63459328897802
4 G1 9 0 5 0
0

0101000
+1704 0 -1696 0 *
Ed
 1e-06 1 1 0
1  35 0 0 1
2  92 5 0 0 1
2  93 18 0 0 1
0

0101000
+1696 0 -1714 0 *
Wi

0101100
+1695 0 -1702 0 -1713 0 +1694 0 *
Fa
0  1e-07 5 0

0101000
+1693 0 *
Ve
1.50001411836079e-07
58.401397536772 -44.80790824521 113.5
0 0

0101101
*
Ve
1.50001411836079e-07
58.401397536772 -44.80790824521 114.2
0 0

0101101
*
Ed
 1e-07 1 1 0
1  36 0 13.5 14.2
2  94 20 0 13.5 14.2
4 G1 20 0 18 0
2  95 18 0 13.5 14.2
0

0101000
+1691 0 -1690 0 *
Ed
 1.5e-07 1 1 0
1  37 0 -54.479999999997 -51.3214789619953
2  96 9 0 -54.479999999997 -51.3214789619953
2  97 18 0 -54.479999999997 -51.3214789619953
0

0101000
+1690 0 -1696 0 *
Ve
1.00000001588822e-06
56.1679858922796 -42.5744966007196 113.5
0 0

0101101
*
Ed
 1e-06 1 1 0
1  38 0 0 1
2  98 7 0 0 1
2  99 18 0 0 1
0

0101000
+1687 0 -1712 0 *
Ed
 1.5e-07 1 1 0
1  39 0 -54.479999999997 -51.3214789619953
2  100 10 0 -54.479999999997 -51.3214789619953
2  101 18 0 -54.479999999997 -51.3214789619953
0

0101000
+1691 0 -1687 0 *
Wi

0101100
-1689 0 -1688 0 -1694 0 +1711 0 +1686 0 +1685 0 *
Fa
0  1e-07 18 0

0101000
+1684 0 *
Ed
 1e-07 1 1 0
1  18 0 5.3609809985863 5.63459328897802
2  43 10 0 5.3609809985863 5.63459328897802
2  44 7 0 5.3609809985863 5.63459328897802
4 G1 10 0 7 0
0

0101000
+1701 0 -1687 0 *
Wi

0101100
+1682 0 -1700 0 -1710 0 +1686 0 *
Fa
0  1e-07 7 0

0101000
+1681 0 *
Ve
1.00008358453398e-07
46.288694912806 -58.9860756727306 113.5
0 0

0101101
*
Ed
 1.00000007105427e-07 1 1 0
1  40 0 4.712388980385 5.53107984634425
2  102 10 0 4.712388980385 5.53107984634425
2  103 19 0 4.712388980385 5.53107984634425
0

0101000
+1707 0 -1679 0 *
Ve
1.00008358453398e-07
46.288694912806 -58.9860756727306 114.2
0 0

0101101
*
Ed
 1.00000007105427e-07 1 1 0
1  41 0 4.712388980385 5.53107984634425
2  104 9 0 4.712388980385 5.53107984634425
2  105 19 0 4.712388980385 5.53107984634425
0

0101000
+1706 0 -1677 0 *
Ed
 1.00000926761302e-07 1 1 0
1  42 0 13.5 14.2
2  106 19 0 13.5 14.2
2  107 21 0 13.5 14.2
2  108 13 0 13.5 14.2
0

0101000
+1679 0 -1677 0 *
Wi

0101100
+1678 0 -1705 0 -1676 0 +1675 0 *
Fa
0  1e-07 19 0

0101000
+1674 0 *
Ve
1.00009452521883e-07
53.018866453371 -53.0188664533598 114.2
0 0

0101101
*
Ve
1.00006874261495e-07
58.9860756727311 -46.288694912803 114.2
0 0

0101101
*
Ed
 1e-07 1 1 0
1  22 0 5.49778714378224 5.61781915231778
2  52 14 0 5.49778714378224 5.61781915231778
2  53 9 0 5.49778714378224 5.61781915231778
2  109 22 0 5.49778714378224 5.61781915231778
2  110 13 0 5.49778714378224 5.61781915231778
0

0101000
+1672 0 -1671 0 *
Ed
 1e-07 1 1 0
1  22 0 5.37775513524653 5.49778714378224
2  52 14 0 5.37775513524653 5.49778714378224
2  53 9 0 5.37775513524653 5.49778714378224
2  111 21 0 5.37775513524653 5.49778714378224
2  112 13 0 5.37775513524653 5.49778714378224
0

0101000
+1677 0 -1672 0 *
Ed
 1e-07 1 1 0
1  43 0 0.752105460835998 1.57079632679727
2  113 9 0 0.752105460835998 1.57079632679727
2  114 20 0 0.752105460835998 1.57079632679727
0

0101000
+1671 0 -1690 0 *
Wi

0101100
+1670 0 +1669 0 +1676 0 -1703 0 -1695 0 +1688 0 +1668 0 *
Fa
0  1e-07 9 0

0101000
+1667 0 *
Ve
1.00005426276754e-07
53.018866453371 -53.0188664533598 113.5
0 0

0101101
*
Ve
1.00006874261495e-07
58.9860756727311 -46.288694912803 113.5
0 0

0101101
*
Ed
 1e-07 1 1 0
1  24 0 5.49778714378224 5.61781915231778
2  60 13 0 5.49778714378224 5.61781915231778
2  61 10 0 5.49778714378224 5.61781915231778
2  115 22 0 5.49778714378224 5.61781915231778
0

0101000
+1665 0 -1664 0 *
Ed
 1e-07 1 1 0
1  24 0 5.37775513524653 5.49778714378224
2  60 13 0 5.37775513524653 5.49778714378224
2  61 10 0 5.37775513524653 5.49778714378224
2  116 21 0 5.37775513524653 5.49778714378224
0

0101000
+1679 0 -1665 0 *
Ed
 1e-07 1 1 0
1  44 0 0.752105460835998 1.57079632679727
2  117 10 0 0.752105460835998 1.57079632679727
2  118 20 0 0.752105460835998 1.57079632679727
0

0101000
+1664 0 -1691 0 *
Wi

0101100
+1663 0 +1662 0 +1678 0 -1699 0 -1682 0 +1685 0 +1661 0 *
Fa
0  1e-07 10 0

0101000
+1660 0 *
Ed
 1.00003846340505e-07 1 1 0
1  45 0 13.5 14.2
2  119 22 0 13.5 14.2
2  120 20 0 13.5 14.2
2  121 13 0 13.5 14.2
0

0101000
+1664 0 -1671 0 *
Wi

0101100
-1658 0 -1668 0 +1689 0 +1661 0 *
Fa
0  1e-07 20 0

0101000
+1657 0 *
Ed
 1.00005426276754e-07 1 1 0
1  46 0 13.7 14.4
2  122 21 0 13.7 14.4
2  123 22 0 13.7 14.4
4 CN 21 0 22 0
2  124 13 0 13.7 14.4
0

0101000
+1665 0 -1672 0 *
Wi

0101100
+1675 0 -1662 0 -1655 0 +1669 0 *
Fa
0  1e-07 13 0

0101000
+1654 0 *
Wi

0101100
+1655 0 -1663 0 -1658 0 +1670 0 *
Fa
0  1e-07 13 0

0101000
+1652 0 *
Sh

0101100
-1708 0 -1697 0 +1692 0 +1683 0 -1680 0 +1673 0 +1666 0 -1659 0 +1656 0 -1653 0 
-1651 0 *
So

0100000
+1650 0 *
Ve
1.000001e-06
55.0971013962215 41.5036121046646 115
0 0

0101101
*
Ve
1.000001e-06
55.5969030699065 42.0034137783518 115
0 0

0101101
*
Ed
 1.00000010048592e-07 1 1 0
1  47 0 31.3070195839351 32.0138458893587
2  125 23 0 31.3070195839351 32.0138458893587
2  126 24 0 31.3070195839351 32.0138458893587
2  127 1 0 31.3070195839351 32.0138458893587
0

0101000
+1648 0 -1647 0 *
Ve
1.000001e-06
42.0034137783518 55.5969030699064 115
0 0

0101101
*
Ed
 1e-07 1 1 0
1  2 0 0.647011293681608 0.923785033113289
2  4 4 0 0.647011293681608 0.923785033113289
2  5 5 0 0.647011293681608 0.923785033113289
2  128 24 0 0.647011293681608 0.923785033113289
2  129 1 0 0.647011293681608 0.923785033113289
0

0101000
+1647 0 -1645 0 *
Ve
1.000001e-06
41.5036121046645 55.0971013962215 115
0 0

0101101
*
Ed
 1.00000010048592e-07 1 1 0
1  48 0 31.3070195839351 32.0138458893587
2  130 25 0 31.3070195839351 32.0138458893587
2  131 24 0 31.3070195839351 32.0138458893587
2  132 1 0 31.3070195839351 32.0138458893587
0

0101000
+1643 0 -1645 0 *
Ed
 1e-07 1 1 0
1  4 0 0.645597788294083 0.925198538500814
2  13 1 0 0.645597788294083 0.925198538500814
2  14 7 0 0.645597788294083 0.925198538500814
2  133 24 0 0.645597788294083 0.925198538500814
0

0101000
+1648 0 -1643 0 *
Wi

0101100
-1646 0 -1644 0 +1642 0 +1641 0 *
Fa
0  1e-07 1 0

0101000
+1640 0 *
Ve
1.5e-07
58.401397536772 44.807908245217 113.5
0 0

0101101
*
Ve
1.5e-07
58.401397536772 44.807908245217 114.2
0 0

0101101
*
Ed
 1e-07 1 1 0
1  49 0 13.5 14.2
2  134 26 0 13.5 14.2
4 G1 23 0 26 0
2  135 23 0 13.5 14.2
0

0101000
+1638 0 -1637 0 *
Ve
1.00000001421085e-06
56.1679858922774 42.5744966007224 114.2
0 0

0101101
*
Ed
 1.5e-07 1 1 0
1  50 0 -54.4800000000002 -51.321478961994
2  136 9 0 -54.4800000000002 -51.321478961994
2  137 23 0 -54.4800000000002 -51.321478961994
0

0101000
+1637 0 -1635 0 *
Ed
 1e-06 1 1 0
1  51 0 0 1
2  138 5 0 0 1
2  139 23 0 0 1
0

0101000
+1635 0 -1647 0 *
Ve
1.00000001421085e-06
56.1679858922774 42.5744966007224 113.5
0 0

0101101
*
Ed
 1e-06 1 1 0
1  52 0 0 1
2  140 7 0 0 1
2  141 23 0 0 1
0

0101000
+1632 0 -1648 0 *
Ed
 1.5e-07 1 1 0
1  53 0 -54.4800000000002 -51.321478961994
2  142 10 0 -54.4800000000002 -51.321478961994
2  143 23 0 -54.4800000000002 -51.321478961994
0

0101000
+1638 0 -1632 0 *
Wi

0101100
-1636 0 -1634 0 -1633 0 +1646 0 +1631 0 +1630 0 *
Fa
0  1e-07 23 0

0101000
+1629 0 *
Ve
1.00000000710543e-06
42.5744966007224 56.1679858922774 114.2
0 0

0101101
*
Ed
 1e-06 1 1 0
1  54 0 0 1
2  144 5 0 0 1
2  145 25 0 0 1
0

0101000
+1627 0 -1645 0 *
Ed
 1e-07 1 1 0
1  10 0 0.648592018201614 0.922204308593283
2  27 9 0 0.648592018201614 0.922204308593283
2  28 5 0 0.648592018201614 0.922204308593283
4 G1 9 0 5 0
0

0101000
+1635 0 -1627 0 *
Wi

0101100
-1633 0 -1644 0 +1626 0 +1625 0 *
Fa
0  1e-07 5 0

0101000
+1624 0 *
Ve
1.5e-07
44.807908245217 58.401397536772 113.5
0 0

0101101
*
Ve
1.5e-07
44.807908245217 58.401397536772 114.2
0 0

0101101
*
Ed
 1e-07 1 1 0
1  55 0 13.5 14.2
2  146 27 0 13.5 14.2
4 G1 27 0 25 0
2  147 25 0 13.5 14.2
0

0101000
+1622 0 -1621 0 *
Ed
 1.5e-07 1 1 0
1  56 0 -54.4800000000002 -51.321478961994
2  148 9 0 -54.4800000000002 -51.321478961994
2  149 25 0 -54.4800000000002 -51.321478961994
0

0101000
+1621 0 -1627 0 *
Ve
1.00000000710543e-06
42.5744966007224 56.1679858922774 113.5
0 0

0101101
*
Ed
 1e-06 1 1 0
1  57 0 0 1
2  150 7 0 0 1
2  151 25 0 0 1
0

0101000
+1618 0 -1643 0 *
Ed
 1.5e-07 1 1 0
1  58 0 -54.4800000000002 -51.321478961994
2  152 10 0 -54.4800000000002 -51.321478961994
2  153 25 0 -54.4800000000002 -51.321478961994
0

0101000
+1622 0 -1618 0 *
Wi

0101100
-1620 0 -1619 0 -1626 0 +1642 0 +1617 0 +1616 0 *
Fa
0  1e-07 25 0

0101000
+1615 0 *
Ed
 1e-07 1 1 0
1  18 0 0.648592018201614 0.922204308593283
2  43 10 0 0.648592018201614 0.922204308593283
2  44 7 0 0.648592018201614 0.922204308593283
4 G1 10 0 7 0
0

0101000
+1632 0 -1618 0 *
Wi

0101100
-1631 0 -1641 0 +1617 0 +1613 0 *
Fa
0  1e-07 7 0

0101000
+1612 0 *
Ve
1.00002265668421e-07
58.9860756727297 46.2886949128077 113.5
0 0

0101101
*
Ed
 1.00000007105427e-07 1 1 0
1  59 0 4.712388980385 5.53107984634438
2  154 10 0 4.712388980385 5.53107984634438
2  155 26 0 4.712388980385 5.53107984634438
0

0101000
+1638 0 -1610 0 *
Ve
1.00002265668421e-07
58.9860756727297 46.2886949128077 114.2
0 0

0101101
*
Ed
 1.00000007105427e-07 1 1 0
1  60 0 4.712388980385 5.53107984634438
2  156 9 0 4.712388980385 5.53107984634438
2  157 26 0 4.712388980385 5.53107984634438
0

0101000
+1637 0 -1608 0 *
Ed
 1.00000141038706e-07 1 1 0
1  61 0 13.5 14.2
2  158 26 0 13.5 14.2
2  159 28 0 13.5 14.2
2  160 13 0 13.5 14.2
0

0101000
+1610 0 -1608 0 *
Wi

0101100
+1609 0 -1636 0 -1607 0 +1606 0 *
Fa
0  1e-07 26 0

0101000
+1605 0 *
Ve
1.00000380057347e-07
46.2886949128059 58.9860756727312 114.2
0 0

0101101
*
Ed
 1e-07 1 1 0
1  62 0 0.752105460835821 1.570796326795
2  161 9 0 0.752105460835821 1.570796326795
2  162 27 0 0.752105460835821 1.570796326795
0

0101000
+1603 0 -1621 0 *
Ve
1.00003570870176e-07
53.0188664533694 53.018866453365 114.2
0 0

0101101
*
Ed
 1.00000007105427e-07 1 1 0
1  22 0 0.785398163397407 0.90543017193306
2  52 14 0 0.785398163397407 0.90543017193306
2  53 9 0 0.785398163397407 0.90543017193306
2  163 29 0 0.785398163397407 0.90543017193306
2  164 13 0 0.785398163397407 0.90543017193306
0

0101000
+1601 0 -1603 0 *
Ed
 1.00000007105427e-07 1 1 0
1  22 0 0.665366154861868 0.785398163397407
2  52 14 0 0.665366154861868 0.785398163397407
2  53 9 0 0.665366154861868 0.785398163397407
2  165 28 0 0.665366154861868 0.785398163397407
2  166 13 0 0.665366154861868 0.785398163397407
0

0101000
+1608 0 -1601 0 *
Wi

0101100
+1607 0 -1634 0 -1625 0 +1619 0 +1602 0 +1600 0 +1599 0 *
Fa
0  1e-07 9 0

0101000
+1598 0 *
Ve
1.00000380057347e-07
46.2886949128059 58.9860756727312 113.5
0 0

0101101
*
Ed
 1e-07 1 1 0
1  63 0 0.752105460835821 1.570796326795
2  167 10 0 0.752105460835821 1.570796326795
2  168 27 0 0.752105460835821 1.570796326795
0

0101000
+1596 0 -1622 0 *
Ve
1.00003103583649e-07
53.0188664533694 53.018866453365 113.5
0 0

0101101
*
Ed
 1.00000007105427e-07 1 1 0
1  24 0 0.785398163397407 0.90543017193306
2  60 13 0 0.785398163397407 0.90543017193306
2  61 10 0 0.785398163397407 0.90543017193306
2  169 29 0 0.785398163397407 0.90543017193306
0

0101000
+1594 0 -1596 0 *
Ed
 1.00000007105427e-07 1 1 0
1  24 0 0.665366154861868 0.785398163397407
2  60 13 0 0.665366154861868 0.785398163397407
2  61 10 0 0.665366154861868 0.785398163397407
2  170 28 0 0.665366154861868 0.785398163397407
0

0101000
+1610 0 -1594 0 *
Wi

0101100
+1609 0 -1630 0 -1613 0 +1616 0 +1595 0 +1593 0 +1592 0 *
Fa
0  1e-07 10 0

0101000
+1591 0 *
Ed
 1.00000141038706e-07 1 1 0
1  64 0 13.5 14.2
2  171 29 0 13.5 14.2
2  172 27 0 13.5 14.2
2  173 13 0 13.5 14.2
0

0101000
+1596 0 -1603 0 *
Wi

0101100
-1589 0 -1602 0 +1620 0 +1595 0 *
Fa
0  1e-07 27 0

0101000
+1588 0 *
Ed
 1.00000467286527e-07 1 1 0
1  65 0 13.7 14.4
2  174 28 0 13.7 14.4
2  175 29 0 13.7 14.4
4 CN 28 0 29 0
2  176 13 0 13.7 14.4
0

0101000
+1594 0 -1601 0 *
Wi

0101100
-1592 0 -1586 0 +1599 0 +1606 0 *
Fa
0  1e-07 13 0

0101000
+1585 0 *
Wi

0101100
-1593 0 -1589 0 +1600 0 +1586 0 *
Fa
0  1e-07 13 0

0101000
+1583 0 *
Sh

0101100
-1639 0 -1628 0 +1623 0 +1614 0 -1611 0 +1604 0 +1597 0 -1590 0 +1587 0 -1584 0 
-1582 0 *
So

0100000
+1581 0 *
Ve
1.000001e-06
-9.61204845804544 -68.3070195839359 115
0 0

0101101
*
Ve
1.000001e-06
-9.61204845804401 -69.0138458893594 115
0 0

0101101
*
Ed
 1e-07 1 1 0
1  66 0 31.3070195839359 32.0138458893594
2  177 30 0 31.3070195839359 32.0138458893594
2  178 31 0 31.3070195839359 32.0138458893594
2  179 1 0 31.3070195839359 32.0138458893594
0

0101000
+1579 0 -1578 0 *
Ve
1.000001e-06
9.61204845804454 -69.0138458893591 115
0 0

0101101
*
Ed
 1e-07 1 1 0
1  2 0 4.57400211066886 4.85077585010052
2  4 4 0 4.57400211066886 4.85077585010052
2  5 5 0 4.57400211066886 4.85077585010052
2  180 31 0 4.57400211066886 4.85077585010052
2  181 1 0 4.57400211066886 4.85077585010052
0

0101000
+1578 0 -1576 0 *
Ve
1.000001e-06
9.61204845804386 -68.3070195839362 115
0 0

0101101
*
Ed
 1e-07 1 1 0
1  67 0 31.3070195839362 32.0138458893591
2  182 32 0 31.3070195839362 32.0138458893591
2  183 31 0 31.3070195839362 32.0138458893591
2  184 1 0 31.3070195839362 32.0138458893591
0

0101000
+1574 0 -1576 0 *
Ed
 1e-07 1 1 0
1  4 0 4.57258860528134 4.85218935548801
2  13 1 0 4.57258860528134 4.85218935548801
2  14 7 0 4.57258860528134 4.85218935548801
2  185 31 0 4.57258860528134 4.85218935548801
0

0101000
+1579 0 -1574 0 *
Wi

0101100
-1577 0 -1575 0 +1573 0 +1572 0 *
Fa
0  1e-07 1 0

0101000
+1571 0 *
Ve
1.50000008881784e-07
-9.612048458046 -72.98 113.5
0 0

0101101
*
Ve
1.50000008881784e-07
-9.612048458046 -72.98 114.2
0 0

0101101
*
Ed
 1e-07 1 1 0
1  68 0 13.5 14.2
2  186 33 0 13.5 14.2
4 G1 30 0 33 0
2  187 30 0 13.5 14.2
0

0101000
+1569 0 -1568 0 *
Ve
1.00000001065814e-06
-9.61204845804602 -69.821478961994 114.2
0 0

0101101
*
Ed
 1.5e-07 1 1 0
1  69 0 -54.48 -51.321478961994
2  188 9 0 -54.48 -51.321478961994
2  189 30 0 -54.48 -51.321478961994
0

0101000
+1568 0 -1566 0 *
Ed
 1e-06 1 1 0
1  70 0 0 1
2  190 5 0 0 1
2  191 30 0 0 1
0

0101000
+1566 0 -1578 0 *
Ve
1.00000001065814e-06
-9.61204845804602 -69.821478961994 113.5
0 0

0101101
*
Ed
 1e-06 1 1 0
1  71 0 0 1
2  192 7 0 0 1
2  193 30 0 0 1
0

0101000
+1563 0 -1579 0 *
Ed
 1.5e-07 1 1 0
1  72 0 -54.48 -51.321478961994
2  194 10 0 -54.48 -51.321478961994
2  195 30 0 -54.48 -51.321478961994
0

0101000
+1569 0 -1563 0 *
Wi

0101100
-1567 0 -1565 0 -1564 0 +1577 0 +1562 0 +1561 0 *
Fa
0  1e-07 30 0

0101000
+1560 0 *
Ve
1.00000005684342e-06
9.61204845804494 -69.8214789619942 114.2
0 0

0101101
*
Ed
 1e-07 1 1 0
1  10 0 4.57558283518884 4.84919512558052
2  27 9 0 4.57558283518884 4.84919512558052
2  28 5 0 4.57558283518884 4.84919512558052
4 G1 9 0 5 0
0

0101000
+1566 0 -1558 0 *
Ed
 1e-06 1 1 0
1  73 0 0 1
2  196 5 0 0 1
2  197 32 0 0 1
0

0101000
+1558 0 -1576 0 *
Wi

0101100
+1557 0 -1564 0 -1575 0 +1556 0 *
Fa
0  1e-07 5 0

0101000
+1555 0 *
Ve
1.50000007105427e-07
9.612048458045 -72.98 113.5
0 0

0101101
*
Ve
1.50000007105427e-07
9.612048458045 -72.98 114.2
0 0

0101101
*
Ed
 1e-07 1 1 0
1  74 0 13.5 14.2
2  198 34 0 13.5 14.2
4 G1 34 0 32 0
2  199 32 0 13.5 14.2
0

0101000
+1553 0 -1552 0 *
Ed
 1.5e-07 1 1 0
1  75 0 -54.48 -51.3214789619942
2  200 9 0 -54.48 -51.3214789619942
2  201 32 0 -54.48 -51.3214789619942
0

0101000
+1552 0 -1558 0 *
Ve
1.00000005684342e-06
9.61204845804494 -69.8214789619942 113.5
0 0

0101101
*
Ed
 1e-06 1 1 0
1  76 0 0 1
2  202 7 0 0 1
2  203 32 0 0 1
0

0101000
+1549 0 -1574 0 *
Ed
 1.5e-07 1 1 0
1  77 0 -54.48 -51.3214789619942
2  204 10 0 -54.48 -51.3214789619942
2  205 32 0 -54.48 -51.3214789619942
0

0101000
+1553 0 -1549 0 *
Wi

0101100
-1551 0 -1550 0 -1556 0 +1573 0 +1548 0 +1547 0 *
Fa
0  1e-07 32 0

0101000
+1546 0 *
Ed
 1e-07 1 1 0
1  18 0 4.57558283518884 4.84919512558052
2  43 10 0 4.57558283518884 4.84919512558052
2  44 7 0 4.57558283518884 4.84919512558052
4 G1 10 0 7 0
0

0101000
+1563 0 -1549 0 *
Wi

0101100
+1544 0 -1562 0 -1572 0 +1548 0 *
Fa
0  1e-07 7 0

0101000
+1543 0 *
Ve
1.00002745765917e-07
-8.97840403864991 -74.4405041688908 113.5
0 0

0101101
*
Ed
 1.00000003552714e-07 1 1 0
1  78 0 4.712388980385 5.53107984634413
2  206 10 0 4.712388980385 5.53107984634413
2  207 33 0 4.712388980385 5.53107984634413
0

0101000
+1569 0 -1541 0 *
Ve
1.00002745765917e-07
-8.97840403864991 -74.4405041688908 114.2
0 0

0101101
*
Ed
 1.00000003552714e-07 1 1 0
1  79 0 4.712388980385 5.53107984634413
2  208 9 0 4.712388980385 5.53107984634413
2  209 33 0 4.712388980385 5.53107984634413
0

0101000
+1568 0 -1539 0 *
Ed
 1.00001378672645e-07 1 1 0
1  80 0 13.5 14.2
2  210 33 0 13.5 14.2
2  211 35 0 13.5 14.2
2  212 13 0 13.5 14.2
0

0101000
+1541 0 -1539 0 *
Wi

0101100
+1540 0 -1567 0 -1538 0 +1537 0 *
Fa
0  1e-07 33 0

0101000
+1536 0 *
Ve
1.00001100265574e-07
-1.11403872156976e-12 -74.98 114.2
0 0

0101101
*
Ve
1.00002817050608e-07
8.97840403865234 -74.4405041688905 114.2
0 0

0101101
*
Ed
 1e-07 1 1 0
1  22 0 4.71238898038467 4.83242098892032
2  52 14 0 4.71238898038467 4.83242098892032
2  53 9 0 4.71238898038467 4.83242098892032
2  213 36 0 4.71238898038467 4.83242098892032
2  214 13 0 4.71238898038467 4.83242098892032
0

0101000
+1534 0 -1533 0 *
Ed
 1e-07 1 1 0
1  22 0 4.59235697184909 4.71238898038467
2  52 14 0 4.59235697184909 4.71238898038467
2  53 9 0 4.59235697184909 4.71238898038467
2  215 35 0 4.59235697184909 4.71238898038467
2  216 13 0 4.59235697184909 4.71238898038467
0

0101000
+1539 0 -1534 0 *
Ed
 1.00000003552714e-07 1 1 0
1  81 0 0.752105460836002 1.570796326795
2  217 9 0 0.752105460836002 1.570796326795
2  218 34 0 0.752105460836002 1.570796326795
0

0101000
+1533 0 -1552 0 *
Wi

0101100
+1532 0 +1531 0 +1538 0 -1565 0 -1557 0 +1550 0 +1530 0 *
Fa
0  1e-07 9 0

0101000
+1529 0 *
Ve
1.00001097389817e-07
-1.11403872156976e-12 -74.98 113.5
0 0

0101101
*
Ve
1.00002817050608e-07
8.97840403865234 -74.4405041688905 113.5
0 0

0101101
*
Ed
 1e-07 1 1 0
1  24 0 4.71238898038467 4.83242098892032
2  60 13 0 4.71238898038467 4.83242098892032
2  61 10 0 4.71238898038467 4.83242098892032
2  219 36 0 4.71238898038467 4.83242098892032
0

0101000
+1527 0 -1526 0 *
Ed
 1e-07 1 1 0
1  24 0 4.59235697184909 4.71238898038467
2  60 13 0 4.59235697184909 4.71238898038467
2  61 10 0 4.59235697184909 4.71238898038467
2  220 35 0 4.59235697184909 4.71238898038467
0

0101000
+1541 0 -1527 0 *
Ed
 1.00000003552714e-07 1 1 0
1  82 0 0.752105460836002 1.570796326795
2  221 10 0 0.752105460836002 1.570796326795
2  222 34 0 0.752105460836002 1.570796326795
0

0101000
+1526 0 -1553 0 *
Wi

0101100
+1525 0 +1524 0 +1540 0 -1561 0 -1544 0 +1547 0 +1523 0 *
Fa
0  1e-07 10 0

0101000
+1522 0 *
Ed
 1.00001374858882e-07 1 1 0
1  83 0 13.5 14.2
2  223 36 0 13.5 14.2
2  224 34 0 13.5 14.2
2  225 13 0 13.5 14.2
0

0101000
+1526 0 -1533 0 *
Wi

0101100
-1520 0 -1530 0 +1551 0 +1523 0 *
Fa
0  1e-07 34 0

0101000
+1519 0 *
Ed
 1.00000002875757e-07 1 1 0
1  84 0 13.7 14.4
2  226 35 0 13.7 14.4
2  227 36 0 13.7 14.4
4 CN 35 0 36 0
2  228 13 0 13.7 14.4
0

0101000
+1527 0 -1534 0 *
Wi

0101100
+1537 0 -1524 0 -1517 0 +1531 0 *
Fa
0  1e-07 13 0

0101000
+1516 0 *
Wi

0101100
+1517 0 -1525 0 -1520 0 +1532 0 *
Fa
0  1e-07 13 0

0101000
+1514 0 *
Sh

0101100
-1570 0 -1559 0 +1554 0 +1545 0 -1542 0 +1535 0 +1528 0 -1521 0 +1518 0 -1515 0 
-1513 0 *
So

0100000
+1512 0 *
Ve
1.000001e-06
9.61204845804485 68.307019583936 115
0 0

0101101
*
Ve
1.000001e-06
9.6120484580455 69.013845889359 115
0 0

0101101
*
Ed
 1e-07 1 1 0
1  85 0 31.307019583936 32.013845889359
2  229 37 0 31.307019583936 32.013845889359
2  230 38 0 31.307019583936 32.013845889359
2  231 1 0 31.307019583936 32.013845889359
0

0101000
+1510 0 -1509 0 *
Ve
1.000001e-06
-9.61204845804402 69.0138458893594 115
0 0

0101101
*
Ed
 1e-07 1 1 0
1  2 0 1.43240945707905 1.70918319651072
2  4 4 0 1.43240945707905 1.70918319651072
2  5 5 0 1.43240945707905 1.70918319651072
2  232 38 0 1.43240945707905 1.70918319651072
2  233 1 0 1.43240945707905 1.70918319651072
0

0101000
+1509 0 -1507 0 *
Ve
1.000001e-06
-9.61204845804544 68.3070195839359 115
0 0

0101101
*
Ed
 1e-07 1 1 0
1  86 0 31.3070195839359 32.0138458893594
2  234 39 0 31.3070195839359 32.0138458893594
2  235 38 0 31.3070195839359 32.0138458893594
2  236 1 0 31.3070195839359 32.0138458893594
0

0101000
+1505 0 -1507 0 *
Ed
 1e-07 1 1 0
1  4 0 1.43099595169156 1.71059670189824
2  13 1 0 1.43099595169156 1.71059670189824
2  14 7 0 1.43099595169156 1.71059670189824
2  237 38 0 1.43099595169156 1.71059670189824
0

0101000
+1510 0 -1505 0 *
Wi

0101100
-1508 0 -1506 0 +1504 0 +1503 0 *
Fa
0  1e-07 1 0

0101000
+1502 0 *
Ve
1.50000003552714e-07
9.612048458046 72.98 113.5
0 0

0101101
*
Ve
1.50000003552714e-07
9.612048458046 72.98 114.2
0 0

0101101
*
Ed
 1e-07 1 1 0
1  87 0 13.5 14.2
2  238 40 0 13.5 14.2
4 G1 37 0 40 0
2  239 37 0 13.5 14.2
0

0101000
+1500 0 -1499 0 *
Ve
1.00000000355271e-06
9.61204845804601 69.821478961994 114.2
0 0

0101101
*
Ed
 1.5e-07 1 1 0
1  88 0 -54.48 -51.321478961994
2  240 9 0 -54.48 -51.321478961994
2  241 37 0 -54.48 -51.321478961994
0

0101000
+1499 0 -1497 0 *
Ed
 1e-06 1 1 0
1  89 0 0 1
2  242 5 0 0 1
2  243 37 0 0 1
0

0101000
+1497 0 -1509 0 *
Ve
1.00000000355271e-06
9.61204845804601 69.821478961994 113.5
0 0

0101101
*
Ed
 1e-06 1 1 0
1  90 0 0 1
2  244 7 0 0 1
2  245 37 0 0 1
0

0101000
+1494 0 -1510 0 *
Ed
 1.5e-07 1 1 0
1  91 0 -54.48 -51.321478961994
2  246 10 0 -54.48 -51.321478961994
2  247 37 0 -54.48 -51.321478961994
0

0101000
+1500 0 -1494 0 *
Wi

0101100
-1498 0 -1496 0 -1495 0 +1508 0 +1493 0 +1492 0 *
Fa
0  1e-07 37 0

0101000
+1491 0 *
Ve
1.00000000355271e-06
-9.612048458046 69.821478961994 114.2
0 0

0101101
*
Ed
 1e-06 1 1 0
1  92 0 0 1
2  248 5 0 0 1
2  249 39 0 0 1
0

0101000
+1489 0 -1507 0 *
Ed
 1e-07 1 1 0
1  10 0 1.43399018159905 1.70760247199074
2  27 9 0 1.43399018159905 1.70760247199074
2  28 5 0 1.43399018159905 1.70760247199074
4 G1 9 0 5 0
0

0101000
+1497 0 -1489 0 *
Wi

0101100
-1495 0 -1506 0 +1488 0 +1487 0 *
Fa
0  1e-07 5 0

0101000
+1486 0 *
Ve
1.50000996536187e-07
-9.612048458045 72.98 113.5
0 0

0101101
*
Ve
1.50000996536187e-07
-9.612048458045 72.98 114.2
0 0

0101101
*
Ed
 1e-07 1 1 0
1  93 0 13.5 14.2
2  250 41 0 13.5 14.2
4 G1 41 0 39 0
2  251 39 0 13.5 14.2
0

0101000
+1484 0 -1483 0 *
Ed
 1.5e-07 1 1 0
1  94 0 -54.48 -51.321478961994
2  252 9 0 -54.48 -51.321478961994
2  253 39 0 -54.48 -51.321478961994
0

0101000
+1483 0 -1489 0 *
Ve
1.00000000355271e-06
-9.612048458046 69.821478961994 113.5
0 0

0101101
*
Ed
 1e-06 1 1 0
1  95 0 0 1
2  254 7 0 0 1
2  255 39 0 0 1
0

0101000
+1480 0 -1505 0 *
Ed
 1.5e-07 1 1 0
1  96 0 -54.48 -51.321478961994
2  256 10 0 -54.48 -51.321478961994
2  257 39 0 -54.48 -51.321478961994
0

0101000
+1484 0 -1480 0 *
Wi

0101100
-1482 0 -1481 0 -1488 0 +1504 0 +1479 0 +1478 0 *
Fa
0  1e-07 39 0

0101000
+1477 0 *
Ed
 1e-07 1 1 0
1  18 0 1.43399018159905 1.70760247199074
2  43 10 0 1.43399018159905 1.70760247199074
2  44 7 0 1.43399018159905 1.70760247199074
4 G1 10 0 7 0
0

0101000
+1494 0 -1480 0 *
Wi

0101100
-1493 0 -1503 0 +1479 0 +1475 0 *
Fa
0  1e-07 7 0

0101000
+1474 0 *
Ve
1.00002280665093e-07
8.97840403865214 74.4405041688911 113.5
0 0

0101101
*
Ed
 1.00000003552714e-07 1 1 0
1  97 0 4.712388980385 5.53107984634447
2  258 10 0 4.712388980385 5.53107984634447
2  259 40 0 4.712388980385 5.53107984634447
0

0101000
+1500 0 -1472 0 *
Ve
1.00002280665093e-07
8.97840403865214 74.4405041688911 114.2
0 0

0101101
*
Ed
 1.00000003552714e-07 1 1 0
1  98 0 4.712388980385 5.53107984634447
2  260 9 0 4.712388980385 5.53107984634447
2  261 40 0 4.712388980385 5.53107984634447
0

0101000
+1499 0 -1470 0 *
Ed
 1.00000385862161e-07 1 1 0
1  99 0 13.5 14.2
2  262 40 0 13.5 14.2
2  263 42 0 13.5 14.2
2  264 13 0 13.5 14.2
0

0101000
+1472 0 -1470 0 *
Wi

0101100
+1471 0 -1498 0 -1469 0 +1468 0 *
Fa
0  1e-07 40 0

0101000
+1467 0 *
Ve
1.00001614052944e-07
-8.97840403864982 74.4405041688913 114.2
0 0

0101101
*
Ed
 1.00000003552714e-07 1 1 0
1  100 0 0.752105460836002 1.570796326795
2  265 9 0 0.752105460836002 1.570796326795
2  266 41 0 0.752105460836002 1.570796326795
0

0101000
+1465 0 -1483 0 *
Ve
1.000011044278e-07
-1.09236994477084e-12 74.98 114.2
0 0

0101101
*
Ed
 1e-07 1 1 0
1  22 0 1.57079632679491 1.6908283353305
2  52 14 0 1.57079632679491 1.6908283353305
2  53 9 0 1.57079632679491 1.6908283353305
2  267 43 0 1.57079632679491 1.6908283353305
2  268 13 0 1.57079632679491 1.6908283353305
0

0101000
+1463 0 -1465 0 *
Ed
 1e-07 1 1 0
1  22 0 1.45076431825927 1.57079632679491
2  52 14 0 1.45076431825927 1.57079632679491
2  53 9 0 1.45076431825927 1.57079632679491
2  269 42 0 1.45076431825927 1.57079632679491
2  270 13 0 1.45076431825927 1.57079632679491
0

0101000
+1470 0 -1463 0 *
Wi

0101100
+1469 0 -1496 0 -1487 0 +1481 0 +1464 0 +1462 0 +1461 0 *
Fa
0  1e-07 9 0

0101000
+1460 0 *
Ve
1.00001614052944e-07
-8.97840403864982 74.4405041688913 113.5
0 0

0101101
*
Ed
 1.00000003552714e-07 1 1 0
1  101 0 0.752105460836002 1.570796326795
2  271 10 0 0.752105460836002 1.570796326795
2  272 41 0 0.752105460836002 1.570796326795
0

0101000
+1458 0 -1484 0 *
Ve
1.00001100694397e-07
-1.09236994477084e-12 74.98 113.5
0 0

0101101
*
Ed
 1e-07 1 1 0
1  24 0 1.57079632679491 1.6908283353305
2  60 13 0 1.57079632679491 1.6908283353305
2  61 10 0 1.57079632679491 1.6908283353305
2  273 43 0 1.57079632679491 1.6908283353305
0

0101000
+1456 0 -1458 0 *
Ed
 1e-07 1 1 0
1  24 0 1.45076431825927 1.57079632679491
2  60 13 0 1.45076431825927 1.57079632679491
2  61 10 0 1.45076431825927 1.57079632679491
2  274 42 0 1.45076431825927 1.57079632679491
0

0101000
+1472 0 -1456 0 *
Wi

0101100
+1471 0 -1492 0 -1475 0 +1478 0 +1457 0 +1455 0 +1454 0 *
Fa
0  1e-07 10 0

0101000
+1453 0 *
Ed
 1.00000386679061e-07 1 1 0
1  102 0 13.5 14.2
2  275 43 0 13.5 14.2
2  276 41 0 13.5 14.2
2  277 13 0 13.5 14.2
0

0101000
+1458 0 -1465 0 *
Wi

0101100
-1451 0 -1464 0 +1482 0 +1457 0 *
Fa
0  1e-07 41 0

0101000
+1450 0 *
Ed
 1.00000003733403e-07 1 1 0
1  103 0 13.7 14.4
2  278 42 0 13.7 14.4
2  279 43 0 13.7 14.4
4 CN 42 0 43 0
2  280 13 0 13.7 14.4
0

0101000
+1456 0 -1463 0 *
Wi

0101100
-1454 0 -1448 0 +1461 0 +1468 0 *
Fa
0  1e-07 13 0

0101000
+1447 0 *
Wi

0101100
-1455 0 -1451 0 +1462 0 +1448 0 *
Fa
0  1e-07 13 0

0101000
+1445 0 *
Sh

0101100
-1501 0 -1490 0 +1485 0 +1476 0 -1473 0 +1466 0 +1459 0 -1452 0 +1449 0 -1446 0 
-1444 0 *
So

0100000
+1443 0 *
Ve
1.000001e-06
-55.0971013962237 -41.5036121046617 115
0 0

0101101
*
Ve
1.000001e-06
-55.5969030699086 -42.0034137783489 115
0 0

0101101
*
Ed
 1.00000007105427e-07 1 1 0
1  104 0 31.3070195839381 32.0138458893617
2  281 44 0 31.3070195839381 32.0138458893617
2  282 45 0 31.3070195839381 32.0138458893617
2  283 1 0 31.3070195839381 32.0138458893617
0

0101000
+1441 0 -1440 0 *
Ve
1.000001e-06
-42.0034137783489 -55.5969030699086 115
0 0

0101101
*
Ed
 1e-07 1 1 0
1  2 0 3.78860394727135 4.06537768670313
2  4 4 0 3.78860394727135 4.06537768670313
2  5 5 0 3.78860394727135 4.06537768670313
2  284 45 0 3.78860394727135 4.06537768670313
2  285 1 0 3.78860394727135 4.06537768670313
0

0101000
+1440 0 -1438 0 *
Ve
1.000001e-06
-41.5036121046617 -55.0971013962237 115
0 0

0101101
*
Ed
 1.00000007105427e-07 1 1 0
1  105 0 31.3070195839381 32.0138458893617
2  286 46 0 31.3070195839381 32.0138458893617
2  287 45 0 31.3070195839381 32.0138458893617
2  288 1 0 31.3070195839381 32.0138458893617
0

0101000
+1436 0 -1438 0 *
Ed
 1e-07 1 1 0
1  4 0 3.78719044188382 4.06679119209066
2  13 1 0 3.78719044188382 4.06679119209066
2  14 7 0 3.78719044188382 4.06679119209066
2  289 45 0 3.78719044188382 4.06679119209066
0

0101000
+1441 0 -1436 0 *
Wi

0101100
-1439 0 -1437 0 +1435 0 +1434 0 *
Fa
0  1e-07 1 0

0101000
+1433 0 *
Ve
1.50000007105427e-07
-58.40139753677 -44.80790824521 113.5
0 0

0101101
*
Ve
1.50000007105427e-07
-58.40139753677 -44.80790824521 114.2
0 0

0101101
*
Ed
 1e-07 1 1 0
1  106 0 13.5 14.2
2  290 47 0 13.5 14.2
4 G1 44 0 47 0
2  291 44 0 13.5 14.2
0

0101000
+1431 0 -1430 0 *
Ve
1.00000002009718e-06
-56.1679858922796 -42.5744966007196 114.2
0 0

0101101
*
Ed
 1.5e-07 1 1 0
1  107 0 -54.4799999999956 -51.3214789619953
2  292 9 0 -54.4799999999956 -51.3214789619953
2  293 44 0 -54.4799999999956 -51.3214789619953
0

0101000
+1430 0 -1428 0 *
Ed
 1e-06 1 1 0
1  108 0 0 1
2  294 5 0 0 1
2  295 44 0 0 1
0

0101000
+1428 0 -1440 0 *
Ve
1.00000002009718e-06
-56.1679858922796 -42.5744966007196 113.5
0 0

0101101
*
Ed
 1e-06 1 1 0
1  109 0 0 1
2  296 7 0 0 1
2  297 44 0 0 1
0

0101000
+1425 0 -1441 0 *
Ed
 1.5e-07 1 1 0
1  110 0 -54.4799999999956 -51.3214789619953
2  298 10 0 -54.4799999999956 -51.3214789619953
2  299 44 0 -54.4799999999956 -51.3214789619953
0

0101000
+1431 0 -1425 0 *
Wi

0101100
-1429 0 -1427 0 -1426 0 +1439 0 +1424 0 +1423 0 *
Fa
0  1e-07 44 0

0101000
+1422 0 *
Ve
1.00000001588822e-06
-42.5744966007196 -56.1679858922796 114.2
0 0

0101101
*
Ed
 1e-07 1 1 0
1  10 0 3.79018467179136 4.06379696218313
2  27 9 0 3.79018467179136 4.06379696218313
2  28 5 0 3.79018467179136 4.06379696218313
4 G1 9 0 5 0
0

0101000
+1428 0 -1420 0 *
Ed
 1e-06 1 1 0
1  111 0 0 1
2  300 5 0 0 1
2  301 46 0 0 1
0

0101000
+1420 0 -1438 0 *
Wi

0101100
+1419 0 -1426 0 -1437 0 +1418 0 *
Fa
0  1e-07 5 0

0101000
+1417 0 *
Ve
1.50000007105427e-07
-44.80790824521 -58.40139753677 113.5
0 0

0101101
*
Ve
1.50000007105427e-07
-44.80790824521 -58.40139753677 114.2
0 0

0101101
*
Ed
 1e-07 1 1 0
1  112 0 13.5 14.2
2  302 48 0 13.5 14.2
4 G1 48 0 46 0
2  303 46 0 13.5 14.2
0

0101000
+1415 0 -1414 0 *
Ed
 1.5e-07 1 1 0
1  113 0 -54.4799999999956 -51.3214789619953
2  304 9 0 -54.4799999999956 -51.3214789619953
2  305 46 0 -54.4799999999956 -51.3214789619953
0

0101000
+1414 0 -1420 0 *
Ve
1.00000001588822e-06
-42.5744966007196 -56.1679858922796 113.5
0 0

0101101
*
Ed
 1e-06 1 1 0
1  114 0 0 1
2  306 7 0 0 1
2  307 46 0 0 1
0

0101000
+1411 0 -1436 0 *
Ed
 1.5e-07 1 1 0
1  115 0 -54.4799999999956 -51.3214789619953
2  308 10 0 -54.4799999999956 -51.3214789619953
2  309 46 0 -54.4799999999956 -51.3214789619953
0

0101000
+1415 0 -1411 0 *
Wi

0101100
-1413 0 -1412 0 -1418 0 +1435 0 +1410 0 +1409 0 *
Fa
0  1e-07 46 0

0101000
+1408 0 *
Ed
 1e-07 1 1 0
1  18 0 3.79018467179136 4.06379696218313
2  43 10 0 3.79018467179136 4.06379696218313
2  44 7 0 3.79018467179136 4.06379696218313
4 G1 10 0 7 0
0

0101000
+1425 0 -1411 0 *
Wi

0101100
+1406 0 -1424 0 -1434 0 +1410 0 *
Fa
0  1e-07 7 0

0101000
+1405 0 *
Ve
1.00009296028195e-07
-58.9860756727307 -46.2886949128028 113.5
0 0

0101101
*
Ed
 1e-07 1 1 0
1  116 0 4.712388980385 5.531079846344
2  310 10 0 4.712388980385 5.531079846344
2  311 47 0 4.712388980385 5.531079846344
0

0101000
+1431 0 -1403 0 *
Ve
1.00009296028195e-07
-58.9860756727307 -46.2886949128028 114.2
0 0

0101101
*
Ed
 1e-07 1 1 0
1  117 0 4.712388980385 5.531079846344
2  312 9 0 4.712388980385 5.531079846344
2  313 47 0 4.712388980385 5.531079846344
0

0101000
+1430 0 -1401 0 *
Ed
 1.00004626555405e-07 1 1 0
1  118 0 13.5 14.2
2  314 47 0 13.5 14.2
2  315 49 0 13.5 14.2
2  316 13 0 13.5 14.2
0

0101000
+1403 0 -1401 0 *
Wi

0101100
+1402 0 -1429 0 -1400 0 +1399 0 *
Fa
0  1e-07 47 0

0101000
+1398 0 *
Ve
1.00015659843447e-07
-53.018866453363 -53.0188664533644 114.2
0 0

0101101
*
Ve
1.00008273271707e-07
-46.2886949128034 -58.9860756727302 114.2
0 0

0101101
*
Ed
 1.00000031776437e-07 1 1 0
1  22 0 3.92699081698725 4.04702282552287
2  52 14 0 3.92699081698725 4.04702282552287
2  53 9 0 3.92699081698725 4.04702282552287
2  317 50 0 3.92699081698725 4.04702282552287
2  318 13 0 3.92699081698725 4.04702282552287
0

0101000
+1396 0 -1395 0 *
Ed
 1.00000040194367e-07 1 1 0
1  22 0 3.8069588084516 3.92699081698725
2  52 14 0 3.8069588084516 3.92699081698725
2  53 9 0 3.8069588084516 3.92699081698725
2  319 49 0 3.8069588084516 3.92699081698725
2  320 13 0 3.8069588084516 3.92699081698725
0

0101000
+1401 0 -1396 0 *
Ed
 1e-07 1 1 0
1  119 0 0.752105460835999 1.570796326795
2  321 9 0 0.752105460835999 1.570796326795
2  322 48 0 0.752105460835999 1.570796326795
0

0101000
+1395 0 -1414 0 *
Wi

0101100
+1394 0 +1393 0 +1400 0 -1427 0 -1419 0 +1412 0 +1392 0 *
Fa
0  1e-07 9 0

0101000
+1391 0 *
Ve
1.00010380200127e-07
-53.018866453363 -53.0188664533644 113.5
0 0

0101101
*
Ve
1.00008273271707e-07
-46.2886949128034 -58.9860756727302 113.5
0 0

0101101
*
Ed
 1.00000031776437e-07 1 1 0
1  24 0 3.92699081698725 4.04702282552287
2  60 13 0 3.92699081698725 4.04702282552287
2  61 10 0 3.92699081698725 4.04702282552287
2  323 50 0 3.92699081698725 4.04702282552287
0

0101000
+1389 0 -1388 0 *
Ed
 1.00000040194367e-07 1 1 0
1  24 0 3.8069588084516 3.92699081698725
2  60 13 0 3.8069588084516 3.92699081698725
2  61 10 0 3.8069588084516 3.92699081698725
2  324 49 0 3.8069588084516 3.92699081698725
0

0101000
+1403 0 -1389 0 *
Ed
 1e-07 1 1 0
1  120 0 0.752105460835999 1.570796326795
2  325 10 0 0.752105460835999 1.570796326795
2  326 48 0 0.752105460835999 1.570796326795
0

0101000
+1388 0 -1415 0 *
Wi

0101100
+1387 0 +1386 0 +1402 0 -1423 0 -1406 0 +1409 0 +1385 0 *
Fa
0  1e-07 10 0

0101000
+1384 0 *
Ed
 1.00004633397913e-07 1 1 0
1  121 0 13.5 14.2
2  327 50 0 13.5 14.2
2  328 48 0 13.5 14.2
2  329 13 0 13.5 14.2
0

0101000
+1388 0 -1395 0 *
Wi

0101100
-1382 0 -1392 0 +1413 0 +1385 0 *
Fa
0  1e-07 48 0

0101000
+1381 0 *
Ed
 1.00010380200127e-07 1 1 0
1  122 0 13.7 14.4
2  330 49 0 13.7 14.4
2  331 50 0 13.7 14.4
4 CN 49 0 50 0
2  332 13 0 13.7 14.4
0

0101000
+1389 0 -1396 0 *
Wi

0101100
+1399 0 -1386 0 -1379 0 +1393 0 *
Fa
0  1e-07 13 0

0101000
+1378 0 *
Wi

0101100
+1379 0 -1387 0 -1382 0 +1394 0 *
Fa
0  1e-07 13 0

0101000
+1376 0 *
Sh

0101100
-1432 0 -1421 0 +1416 0 +1407 0 -1404 0 +1397 0 +1390 0 -1383 0 +1380 0 -1377 0 
-1375 0 *
So

0100000
+1374 0 *
Ve
1.000001e-06
-41.5036121046617 55.0971013962237 115
0 0

0101101
*
Ve
1.000001e-06
-42.0034137783489 55.5969030699086 115
0 0

0101101
*
Ed
 1.00000007105427e-07 1 1 0
1  123 0 31.3070195839381 32.0138458893617
2  333 51 0 31.3070195839381 32.0138458893617
2  334 52 0 31.3070195839381 32.0138458893617
2  335 1 0 31.3070195839381 32.0138458893617
0

0101000
+1372 0 -1371 0 *
Ve
1.000001e-06
-55.5969030699065 42.0034137783518 115
0 0

0101101
*
Ed
 1e-07 1 1 0
1  2 0 2.21780762047645 2.49458135990819
2  4 4 0 2.21780762047645 2.49458135990819
2  5 5 0 2.21780762047645 2.49458135990819
2  336 52 0 2.21780762047645 2.49458135990819
2  337 1 0 2.21780762047645 2.49458135990819
0

0101000
+1371 0 -1369 0 *
Ve
1.000001e-06
-55.0971013962215 41.5036121046646 115
0 0

0101101
*
Ed
 1.00000007105427e-07 1 1 0
1  124 0 31.3070195839351 32.0138458893587
2  338 53 0 31.3070195839351 32.0138458893587
2  339 52 0 31.3070195839351 32.0138458893587
2  340 1 0 31.3070195839351 32.0138458893587
0

0101000
+1367 0 -1369 0 *
Ed
 1e-07 1 1 0
1  4 0 2.21639411508893 2.49599486529571
2  13 1 0 2.21639411508893 2.49599486529571
2  14 7 0 2.21639411508893 2.49599486529571
2  341 52 0 2.21639411508893 2.49599486529571
0

0101000
+1372 0 -1367 0 *
Wi

0101100
-1370 0 -1368 0 +1366 0 +1365 0 *
Fa
0  1e-07 1 0

0101000
+1364 0 *
Ve
1.50001411836079e-07
-44.80790824521 58.401397536772 113.5
0 0

0101101
*
Ve
1.50001411836079e-07
-44.80790824521 58.401397536772 114.2
0 0

0101101
*
Ed
 1e-07 1 1 0
1  125 0 13.5 14.2
2  342 54 0 13.5 14.2
4 G1 51 0 54 0
2  343 51 0 13.5 14.2
0

0101000
+1362 0 -1361 0 *
Ve
1.00000001004859e-06
-42.5744966007196 56.1679858922796 114.2
0 0

0101101
*
Ed
 1.5e-07 1 1 0
1  126 0 -54.479999999997 -51.3214789619953
2  344 9 0 -54.479999999997 -51.3214789619953
2  345 51 0 -54.479999999997 -51.3214789619953
0

0101000
+1361 0 -1359 0 *
Ed
 1e-06 1 1 0
1  127 0 0 1
2  346 5 0 0 1
2  347 51 0 0 1
0

0101000
+1359 0 -1371 0 *
Ve
1.00000001004859e-06
-42.5744966007196 56.1679858922796 113.5
0 0

0101101
*
Ed
 1e-06 1 1 0
1  128 0 0 1
2  348 7 0 0 1
2  349 51 0 0 1
0

0101000
+1356 0 -1372 0 *
Ed
 1.5e-07 1 1 0
1  129 0 -54.479999999997 -51.3214789619953
2  350 10 0 -54.479999999997 -51.3214789619953
2  351 51 0 -54.479999999997 -51.3214789619953
0

0101000
+1362 0 -1356 0 *
Wi

0101100
-1360 0 -1358 0 -1357 0 +1370 0 +1355 0 +1354 0 *
Fa
0  1e-07 51 0

0101000
+1353 0 *
Ve
1.00000000710543e-06
-56.1679858922774 42.5744966007224 114.2
0 0

0101101
*
Ed
 1e-06 1 1 0
1  130 0 0 1
2  352 5 0 0 1
2  353 53 0 0 1
0

0101000
+1351 0 -1369 0 *
Ed
 1e-07 1 1 0
1  10 0 2.21938834499646 2.49300063538818
2  27 9 0 2.21938834499646 2.49300063538818
2  28 5 0 2.21938834499646 2.49300063538818
4 G1 9 0 5 0
0

0101000
+1359 0 -1351 0 *
Wi

0101100
-1357 0 -1368 0 +1350 0 +1349 0 *
Fa
0  1e-07 5 0

0101000
+1348 0 *
Ve
1.50001416887068e-07
-58.40139753677 44.807908245217 113.5
0 0

0101101
*
Ve
1.50001416887068e-07
-58.40139753677 44.807908245217 114.2
0 0

0101101
*
Ed
 1e-07 1 1 0
1  131 0 13.5 14.2
2  354 55 0 13.5 14.2
4 G1 55 0 53 0
2  355 53 0 13.5 14.2
0

0101000
+1346 0 -1345 0 *
Ed
 1.5e-07 1 1 0
1  132 0 -54.4799999999988 -51.321478961994
2  356 9 0 -54.4799999999988 -51.321478961994
2  357 53 0 -54.4799999999988 -51.321478961994
0

0101000
+1345 0 -1351 0 *
Ve
1.00000000710543e-06
-56.1679858922774 42.5744966007224 113.5
0 0

0101101
*
Ed
 1e-06 1 1 0
1  133 0 0 1
2  358 7 0 0 1
2  359 53 0 0 1
0

0101000
+1342 0 -1367 0 *
Ed
 1.5e-07 1 1 0
1  134 0 -54.4799999999988 -51.321478961994
2  360 10 0 -54.4799999999988 -51.321478961994
2  361 53 0 -54.4799999999988 -51.321478961994
0

0101000
+1346 0 -1342 0 *
Wi

0101100
-1344 0 -1343 0 -1350 0 +1366 0 +1341 0 +1340 0 *
Fa
0  1e-07 53 0

0101000
+1339 0 *
Ed
 1e-07 1 1 0
1  18 0 2.21938834499646 2.49300063538818
2  43 10 0 2.21938834499646 2.49300063538818
2  44 7 0 2.21938834499646 2.49300063538818
4 G1 10 0 7 0
0

0101000
+1356 0 -1342 0 *
Wi

0101100
-1355 0 -1365 0 +1341 0 +1337 0 *
Fa
0  1e-07 7 0

0101000
+1336 0 *
Ve
1.00007084586834e-07
-46.2886949128032 58.9860756727309 113.5
0 0

0101101
*
Ed
 1.00000007105427e-07 1 1 0
1  135 0 4.712388980385 5.531079846344
2  362 10 0 4.712388980385 5.531079846344
2  363 54 0 4.712388980385 5.531079846344
0

0101000
+1362 0 -1334 0 *
Ve
1.00007084586834e-07
-46.2886949128032 58.9860756727309 114.2
0 0

0101101
*
Ed
 1.00000007105427e-07 1 1 0
1  136 0 4.712388980385 5.531079846344
2  364 9 0 4.712388980385 5.531079846344
2  365 54 0 4.712388980385 5.531079846344
0

0101000
+1361 0 -1332 0 *
Ed
 1.0000384319554e-07 1 1 0
1  137 0 13.5 14.2
2  366 54 0 13.5 14.2
2  367 56 0 13.5 14.2
2  368 13 0 13.5 14.2
0

0101000
+1334 0 -1332 0 *
Wi

0101100
+1333 0 -1360 0 -1331 0 +1330 0 *
Fa
0  1e-07 54 0

0101000
+1329 0 *
Ve
1.0000784635456e-07
-58.9860756727302 46.2886949128066 114.2
0 0

0101101
*
Ed
 1e-07 1 1 0
1  138 0 0.752105460835956 1.570796326795
2  369 9 0 0.752105460835956 1.570796326795
2  370 55 0 0.752105460835956 1.570796326795
0

0101000
+1327 0 -1345 0 *
Ve
1.00009261116685e-07
-53.01886645336 53.0188664533708 114.2
0 0

0101101
*
Ed
 1.00000035527137e-07 1 1 0
1  22 0 2.35619449019224 2.47622649872794
2  52 14 0 2.35619449019224 2.47622649872794
2  53 9 0 2.35619449019224 2.47622649872794
2  371 57 0 2.35619449019224 2.47622649872794
2  372 13 0 2.35619449019224 2.47622649872794
0

0101000
+1325 0 -1327 0 *
Ed
 1e-07 1 1 0
1  22 0 2.23616248165671 2.35619449019224
2  52 14 0 2.23616248165671 2.35619449019224
2  53 9 0 2.23616248165671 2.35619449019224
2  373 56 0 2.23616248165671 2.35619449019224
2  374 13 0 2.23616248165671 2.35619449019224
0

0101000
+1332 0 -1325 0 *
Wi

0101100
+1331 0 -1358 0 -1349 0 +1343 0 +1326 0 +1324 0 +1323 0 *
Fa
0  1e-07 9 0

0101000
+1322 0 *
Ve
1.0000784635456e-07
-58.9860756727302 46.2886949128066 113.5
0 0

0101101
*
Ed
 1e-07 1 1 0
1  139 0 0.752105460835956 1.570796326795
2  375 10 0 0.752105460835956 1.570796326795
2  376 55 0 0.752105460835956 1.570796326795
0

0101000
+1320 0 -1346 0 *
Ve
1.00005431284748e-07
-53.01886645336 53.0188664533708 113.5
0 0

0101101
*
Ed
 1.00000035527137e-07 1 1 0
1  24 0 2.35619449019224 2.47622649872794
2  60 13 0 2.35619449019224 2.47622649872794
2  61 10 0 2.35619449019224 2.47622649872794
2  377 57 0 2.35619449019224 2.47622649872794
0

0101000
+1318 0 -1320 0 *
Ed
 1e-07 1 1 0
1  24 0 2.23616248165671 2.35619449019224
2  60 13 0 2.23616248165671 2.35619449019224
2  61 10 0 2.23616248165671 2.35619449019224
2  378 56 0 2.23616248165671 2.35619449019224
0

0101000
+1334 0 -1318 0 *
Wi

0101100
+1333 0 -1354 0 -1337 0 +1340 0 +1319 0 +1317 0 +1316 0 *
Fa
0  1e-07 10 0

0101000
+1315 0 *
Ed
 1.00000924388518e-07 1 1 0
1  140 0 13.5 14.2
2  379 57 0 13.5 14.2
2  380 55 0 13.5 14.2
2  381 13 0 13.5 14.2
0

0101000
+1320 0 -1327 0 *
Wi

0101100
-1313 0 -1326 0 +1344 0 +1319 0 *
Fa
0  1e-07 55 0

0101000
+1312 0 *
Ed
 1.00005431284748e-07 1 1 0
1  141 0 13.7 14.4
2  382 56 0 13.7 14.4
2  383 57 0 13.7 14.4
4 CN 56 0 57 0
2  384 13 0 13.7 14.4
0

0101000
+1318 0 -1325 0 *
Wi

0101100
-1316 0 -1310 0 +1323 0 +1330 0 *
Fa
0  1e-07 13 0

0101000
+1309 0 *
Wi

0101100
-1317 0 -1313 0 +1324 0 +1310 0 *
Fa
0  1e-07 13 0

0101000
+1307 0 *
Sh

0101100
-1363 0 -1352 0 +1347 0 +1338 0 -1335 0 +1328 0 +1321 0 -1314 0 +1311 0 -1308 0 
-1306 0 *
So

0100000
+1305 0 *
Ve
1.000001e-06
-68.3070195839359 9.61204845804539 115
0 0

0101101
*
Ve
1.000001e-06
-69.0138458893594 9.61204845804423 115
0 0

0101101
*
Ed
 1e-07 1 1 0
1  142 0 31.3070195839359 32.0138458893594
2  385 58 0 31.3070195839359 32.0138458893594
2  386 59 0 31.3070195839359 32.0138458893594
2  387 1 0 31.3070195839359 32.0138458893594
0

0101000
+1303 0 -1302 0 *
Ve
1.000001e-06
-69.0138458893594 -9.61204845804421 115
0 0

0101101
*
Ed
 1e-07 1 1 0
1  2 0 3.00320578387396 3.27997952330562
2  4 4 0 3.00320578387396 3.27997952330562
2  5 5 0 3.00320578387396 3.27997952330562
2  388 59 0 3.00320578387396 3.27997952330562
2  389 1 0 3.00320578387396 3.27997952330562
0

0101000
+1302 0 -1300 0 *
Ve
1.000001e-06
-68.3070195839359 -9.61204845804538 115
0 0

0101101
*
Ed
 1e-07 1 1 0
1  143 0 31.3070195839359 32.0138458893594
2  390 60 0 31.3070195839359 32.0138458893594
2  391 59 0 31.3070195839359 32.0138458893594
2  392 1 0 31.3070195839359 32.0138458893594
0

0101000
+1298 0 -1300 0 *
Ed
 1e-07 1 1 0
1  4 0 3.00179227848645 3.28139302869314
2  13 1 0 3.00179227848645 3.28139302869314
2  14 7 0 3.00179227848645 3.28139302869314
2  393 59 0 3.00179227848645 3.28139302869314
0

0101000
+1303 0 -1298 0 *
Wi

0101100
-1301 0 -1299 0 +1297 0 +1296 0 *
Fa
0  1e-07 1 0

0101000
+1295 0 *
Ve
1.50000003552714e-07
-72.98 9.612048458046 113.5
0 0

0101101
*
Ve
1.50000003552714e-07
-72.98 9.612048458046 114.2
0 0

0101101
*
Ed
 1e-07 1 1 0
1  144 0 13.5 14.2
2  394 61 0 13.5 14.2
4 G1 58 0 61 0
2  395 58 0 13.5 14.2
0

0101000
+1293 0 -1292 0 *
Ve
1.00000000888178e-06
-69.821478961994 9.61204845804601 114.2
0 0

0101101
*
Ed
 1.5e-07 1 1 0
1  145 0 -54.48 -51.321478961994
2  396 9 0 -54.48 -51.321478961994
2  397 58 0 -54.48 -51.321478961994
0

0101000
+1292 0 -1290 0 *
Ed
 1e-06 1 1 0
1  146 0 0 1
2  398 5 0 0 1
2  399 58 0 0 1
0

0101000
+1290 0 -1302 0 *
Ve
1.00000000888178e-06
-69.821478961994 9.61204845804601 113.5
0 0

0101101
*
Ed
 1e-06 1 1 0
1  147 0 0 1
2  400 7 0 0 1
2  401 58 0 0 1
0

0101000
+1287 0 -1303 0 *
Ed
 1.5e-07 1 1 0
1  148 0 -54.48 -51.321478961994
2  402 10 0 -54.48 -51.321478961994
2  403 58 0 -54.48 -51.321478961994
0

0101000
+1293 0 -1287 0 *
Wi

0101100
-1291 0 -1289 0 -1288 0 +1301 0 +1286 0 +1285 0 *
Fa
0  1e-07 58 0

0101000
+1284 0 *
Ve
1e-06
-69.821478961994 -9.612048458046 114.2
0 0

0101101
*
Ed
 1e-06 1 1 0
1  149 0 0 1
2  404 5 0 0 1
2  405 60 0 0 1
0

0101000
+1282 0 -1300 0 *
Ed
 1e-07 1 1 0
1  10 0 3.00478650839395 3.27839879878564
2  27 9 0 3.00478650839395 3.27839879878564
2  28 5 0 3.00478650839395 3.27839879878564
4 G1 9 0 5 0
0

0101000
+1290 0 -1282 0 *
Wi

0101100
-1288 0 -1299 0 +1281 0 +1280 0 *
Fa
0  1e-07 5 0

0101000
+1279 0 *
Ve
1.50000996536187e-07
-72.98 -9.612048458045 113.5
0 0

0101101
*
Ve
1.50000996536187e-07
-72.98 -9.612048458045 114.2
0 0

0101101
*
Ed
 1e-07 1 1 0
1  150 0 13.5 14.2
2  406 62 0 13.5 14.2
4 G1 62 0 60 0
2  407 60 0 13.5 14.2
0

0101000
+1277 0 -1276 0 *
Ed
 1.5e-07 1 1 0
1  151 0 -54.48 -51.321478961994
2  408 9 0 -54.48 -51.321478961994
2  409 60 0 -54.48 -51.321478961994
0

0101000
+1276 0 -1282 0 *
Ve
1e-06
-69.821478961994 -9.612048458046 113.5
0 0

0101101
*
Ed
 1e-06 1 1 0
1  152 0 0 1
2  410 7 0 0 1
2  411 60 0 0 1
0

0101000
+1273 0 -1298 0 *
Ed
 1.5e-07 1 1 0
1  153 0 -54.48 -51.321478961994
2  412 10 0 -54.48 -51.321478961994
2  413 60 0 -54.48 -51.321478961994
0

0101000
+1277 0 -1273 0 *
Wi

0101100
-1275 0 -1274 0 -1281 0 +1297 0 +1272 0 +1271 0 *
Fa
0  1e-07 60 0

0101000
+1270 0 *
Ed
 1e-07 1 1 0
1  18 0 3.00478650839395 3.27839879878564
2  43 10 0 3.00478650839395 3.27839879878564
2  44 7 0 3.00478650839395 3.27839879878564
4 G1 10 0 7 0
0

0101000
+1287 0 -1273 0 *
Wi

0101100
-1286 0 -1296 0 +1272 0 +1268 0 *
Fa
0  1e-07 7 0

0101000
+1267 0 *
Ve
1.00002140389942e-07
-74.4405041688907 8.97840403865075 113.5
0 0

0101101
*
Ed
 1.00000003552714e-07 1 1 0
1  154 0 4.712388980385 5.53107984634413
2  414 10 0 4.712388980385 5.53107984634413
2  415 61 0 4.712388980385 5.53107984634413
0

0101000
+1293 0 -1265 0 *
Ve
1.00002140389942e-07
-74.4405041688907 8.97840403865075 114.2
0 0

0101101
*
Ed
 1.00000003552714e-07 1 1 0
1  155 0 4.712388980385 5.53107984634413
2  416 9 0 4.712388980385 5.53107984634413
2  417 61 0 4.712388980385 5.53107984634413
0

0101000
+1292 0 -1263 0 *
Ed
 1.00001373577618e-07 1 1 0
1  156 0 13.5 14.2
2  418 61 0 13.5 14.2
2  419 63 0 13.5 14.2
2  420 13 0 13.5 14.2
0

0101000
+1265 0 -1263 0 *
Wi

0101100
+1264 0 -1291 0 -1262 0 +1261 0 *
Fa
0  1e-07 61 0

0101000
+1260 0 *
Ve
1.00002135766112e-07
-74.4405041688907 -8.97840403865076 114.2
0 0

0101101
*
Ed
 1.00000003552714e-07 1 1 0
1  157 0 0.752105460836002 1.570796326795
2  421 9 0 0.752105460836002 1.570796326795
2  422 62 0 0.752105460836002 1.570796326795
0

0101000
+1258 0 -1276 0 *
Ve
1.00001448454841e-07
-74.98 1.45763693959374e-12 114.2
0 0

0101101
*
Ed
 1e-07 1 1 0
1  22 0 3.14159265358979 3.26162466212541
2  52 14 0 3.14159265358979 3.26162466212541
2  53 9 0 3.14159265358979 3.26162466212541
2  423 64 0 3.14159265358979 3.26162466212541
2  424 13 0 3.14159265358979 3.26162466212541
0

0101000
+1256 0 -1258 0 *
Ed
 1e-07 1 1 0
1  22 0 3.02156064505418 3.14159265358979
2  52 14 0 3.02156064505418 3.14159265358979
2  53 9 0 3.02156064505418 3.14159265358979
2  425 63 0 3.02156064505418 3.14159265358979
2  426 13 0 3.02156064505418 3.14159265358979
0

0101000
+1263 0 -1256 0 *
Wi

0101100
-1280 0 +1274 0 +1257 0 +1255 0 +1254 0 +1262 0 -1289 0 *
Fa
0  1e-07 9 0

0101000
+1253 0 *
Ve
1.00002135766112e-07
-74.4405041688907 -8.97840403865076 113.5
0 0

0101101
*
Ed
 1.00000003552714e-07 1 1 0
1  158 0 0.752105460836002 1.570796326795
2  427 10 0 0.752105460836002 1.570796326795
2  428 62 0 0.752105460836002 1.570796326795
0

0101000
+1251 0 -1277 0 *
Ve
1.00001448454841e-07
-74.98 1.45763693959374e-12 113.5
0 0

0101101
*
Ed
 1e-07 1 1 0
1  24 0 3.14159265358979 3.26162466212541
2  60 13 0 3.14159265358979 3.26162466212541
2  61 10 0 3.14159265358979 3.26162466212541
2  429 64 0 3.14159265358979 3.26162466212541
0

0101000
+1249 0 -1251 0 *
Ed
 1e-07 1 1 0
1  24 0 3.02156064505418 3.14159265358979
2  60 13 0 3.02156064505418 3.14159265358979
2  61 10 0 3.02156064505418 3.14159265358979
2  430 63 0 3.02156064505418 3.14159265358979
0

0101000
+1265 0 -1249 0 *
Wi

0101100
-1268 0 +1271 0 +1250 0 +1248 0 +1247 0 +1264 0 -1285 0 *
Fa
0  1e-07 10 0

0101000
+1246 0 *
Ed
 1.00001371808749e-07 1 1 0
1  159 0 13.5 14.2
2  431 64 0 13.5 14.2
2  432 62 0 13.5 14.2
2  433 13 0 13.5 14.2
0

0101000
+1251 0 -1258 0 *
Wi

0101100
-1244 0 -1257 0 +1275 0 +1250 0 *
Fa
0  1e-07 62 0

0101000
+1243 0 *
Ed
 1.00000000000303e-07 1 1 0
1  160 0 13.7 14.4
2  434 63 0 13.7 14.4
2  435 64 0 13.7 14.4
4 CN 63 0 64 0
2  436 13 0 13.7 14.4
0

0101000
+1249 0 -1256 0 *
Wi

0101100
-1247 0 -1241 0 +1254 0 +1261 0 *
Fa
0  1e-07 13 0

0101000
+1240 0 *
Wi

0101100
+1241 0 -1248 0 -1244 0 +1255 0 *
Fa
0  1e-07 13 0

0101000
+1238 0 *
Sh

0101100
-1294 0 -1283 0 +1278 0 +1269 0 -1266 0 +1259 0 +1252 0 -1245 0 +1242 0 -1239 0 
-1237 0 *
So

0100000
+1236 0 *
Ve
1e-07
72.98 9.612048458046 115
0 0

0101101
*
Ed
 1e-07 1 1 0
1  3 0 32.0138458893594 35.98
2  10 2 0 32.0138458893594 35.98
2  11 6 0 32.0138458893594 35.98
2  437 4 0 32.0138458893594 35.98
2  438 1 0 32.0138458893594 35.98
0

0101000
+1795 0 -1234 0 *
Ve
1.00000386679061e-07
74.440504168891 8.978404038651 115
0 0

0101101
*
Ed
 1e-07 1 1 0
1  161 0 2.32290178763074 3.14159265358979
2  439 11 0 2.32290178763074 3.14159265358979
2  440 2 0 2.32290178763074 3.14159265358979
2  441 1 0 2.32290178763074 3.14159265358979
2  442 4 0 2.32290178763074 3.14159265358979
0

0101000
+1232 0 -1234 0 *
Ve
1.00000039740304e-07
74.98 -1.20427905950656e-14 115
0 0

0101101
*
Ed
 1.00000000888178e-07 1 1 0
1  162 0 0 0.120032008535615
2  443 15 0 0 0.120032008535615
2  444 2 0 0 0.120032008535615
2  445 14 0 0 0.120032008535615
0

0101000
+1230 0 -1232 0 *
Ve
1.00000390216718e-07
74.440504168891 -8.978404038651 115
0 0

0101101
*
Ed
 1e-07 1 1 0
1  163 0 6.16315329864397 6.28318530717959
2  446 12 0 6.16315329864397 6.28318530717959
2  447 2 0 6.16315329864397 6.28318530717959
2  448 14 0 6.16315329864397 6.28318530717959
0

0101000
+1228 0 -1230 0 *
Ve
1e-07
72.98 -9.612048458046 115
0 0

0101101
*
Ed
 1e-07 1 1 0
1  164 0 5.46449444122053 6.28318530717959
2  449 8 0 5.46449444122053 6.28318530717959
2  450 2 0 5.46449444122053 6.28318530717959
2  451 1 0 5.46449444122053 6.28318530717959
2  452 4 0 5.46449444122053 6.28318530717959
0

0101000
+1228 0 -1226 0 *
Ed
 1e-07 1 1 0
1  1 0 32.0138458893594 35.98
2  1 2 0 32.0138458893594 35.98
2  2 3 0 32.0138458893594 35.98
2  453 4 0 32.0138458893594 35.98
2  454 1 0 32.0138458893594 35.98
0

0101000
+1799 0 -1226 0 *
Wi

0101100
-1796 0 -1794 0 -1233 0 +1231 0 +1229 0 +1227 0 -1225 0 +1224 0 *
Fa
0  1e-07 2 0

0101000
+1223 0 *
Ed
 1e-07 1 1 0
1  5 0 14.2 15
2  17 8 0 14.2 15
4 G1 3 0 8 0
2  18 3 0 14.2 15
0

0101000
+1785 0 -1226 0 *
Wi

0101100
-1221 0 +1224 0 +1781 0 +1782 0 *
Fa
0  1e-07 3 0

0101000
+1220 0 *
Ed
 1.00000390216718e-07 1 1 0
1  21 0 14.2 15
2  49 8 0 14.2 15
2  50 12 0 14.2 15
2  455 14 0 14.2 15
2  456 13 0 14.2 15
0

0101000
+1746 0 -1228 0 *
Wi

0101100
+1218 0 +1745 0 -1221 0 +1225 0 *
Fa
0  1e-07 8 0

0101000
+1217 0 *
Ed
 1.00000036729607e-07 1 1 0
1  165 0 14.4 15.2
2  457 12 0 14.4 15.2
2  458 15 0 14.4 15.2
4 CN 12 0 15 0
3  459 460C0 14 0 14.4 15.2
0

0101000
+1741 0 -1230 0 *
Wi

0101100
+1740 0 -1218 0 -1227 0 +1215 0 *
Fa
0  1e-07 12 0

0101000
+1214 0 *
Ed
 1.00000386679061e-07 1 1 0
1  26 0 14.2 15
2  66 15 0 14.2 15
2  67 11 0 14.2 15
2  461 14 0 14.2 15
2  462 13 0 14.2 15
0

0101000
+1739 0 -1232 0 *
Wi

0101100
-1229 0 +1212 0 +1737 0 -1215 0 *
Fa
0  1e-07 15 0

0101000
+1211 0 *
Ed
 1e-07 1 1 0
1  13 0 14.2 15
2  33 11 0 14.2 15
4 G1 11 0 6 0
2  34 6 0 14.2 15
0

0101000
+1764 0 -1234 0 *
Wi

0101100
-1212 0 -1231 0 +1209 0 +1738 0 *
Fa
0  1e-07 11 0

0101000
+1208 0 *
Wi

0101100
-1209 0 +1233 0 +1769 0 +1762 0 *
Fa
0  1e-07 6 0

0101000
+1206 0 *
Sh

0101100
+1222 0 -1771 0 -1219 0 +1216 0 +1213 0 +1210 0 +1207 0 +1205 0 -1766 0 -1735 0 
*
So

0100000
+1204 0 *
Ve
1.00000031776437e-07
44.807908245217 -58.40139753677 115
0 0

0101101
*
Ed
 1.00000015888219e-07 1 1 0
1  28 0 32.0138458893587 35.9799999999986
2  73 16 0 32.0138458893587 35.9799999999986
2  74 17 0 32.0138458893587 35.9799999999986
2  463 4 0 32.0138458893587 35.9799999999986
2  464 1 0 32.0138458893587 35.9799999999986
0

0101000
+1716 0 -1202 0 *
Ve
1.00000926761302e-07
46.288694912806 -58.98607567273 115
0 0

0101101
*
Ed
 1e-07 1 1 0
1  166 0 5.46449444122075 6.28318530717959
2  465 19 0 5.46449444122075 6.28318530717959
2  466 17 0 5.46449444122075 6.28318530717959
2  467 1 0 5.46449444122075 6.28318530717959
2  468 4 0 5.46449444122075 6.28318530717959
0

0101000
+1200 0 -1202 0 *
Ve
1.00005426276754e-07
53.018866453367 -53.01886645336 115
0 0

0101101
*
Ed
 1e-07 1 1 0
1  167 0 5.37775513524654 5.4977871437822
2  469 21 0 5.37775513524654 5.4977871437822
2  470 17 0 5.37775513524654 5.4977871437822
2  471 13 0 5.37775513524654 5.4977871437822
2  472 1 0 5.37775513524654 5.4977871437822
2  473 14 0 5.37775513524654 5.4977871437822
2  474 4 0 5.37775513524654 5.4977871437822
0

0101000
+1200 0 -1198 0 *
Ve
1.00003846340505e-07
58.986075672731 -46.2886949128 115
0 0

0101101
*
Ed
 1e-07 1 1 0
1  168 0 5.4977871437822 5.61781915231781
2  475 22 0 5.4977871437822 5.61781915231781
2  476 17 0 5.4977871437822 5.61781915231781
2  477 13 0 5.4977871437822 5.61781915231781
2  478 1 0 5.4977871437822 5.61781915231781
2  479 14 0 5.4977871437822 5.61781915231781
2  480 4 0 5.4977871437822 5.61781915231781
0

0101000
+1198 0 -1196 0 *
Ve
1.00000031776437e-07
58.401397536772 -44.80790824521 115
0 0

0101101
*
Ed
 1e-07 1 1 0
1  169 0 2.32290178763382 3.14159265359227
2  481 20 0 2.32290178763382 3.14159265359227
2  482 17 0 2.32290178763382 3.14159265359227
2  483 1 0 2.32290178763382 3.14159265359227
2  484 4 0 2.32290178763382 3.14159265359227
0

0101000
+1196 0 -1194 0 *
Ed
 1.00000015888219e-07 1 1 0
1  29 0 32.0138458893617 35.9799999999986
2  78 18 0 32.0138458893617 35.9799999999986
2  79 17 0 32.0138458893617 35.9799999999986
2  485 4 0 32.0138458893617 35.9799999999986
2  486 1 0 32.0138458893617 35.9799999999986
0

0101000
+1714 0 -1194 0 *
Wi

0101100
+1713 0 -1201 0 +1199 0 -1197 0 -1195 0 -1193 0 +1192 0 *
Fa
0  1e-07 4 0

0101000
+1191 0 *
Ed
 1e-07 1 1 0
1  30 0 14.2 15
2  82 19 0 14.2 15
4 G1 16 0 19 0
2  83 16 0 14.2 15
0

0101000
+1706 0 -1202 0 *
Wi

0101100
-1189 0 +1201 0 +1702 0 +1703 0 *
Fa
0  1e-07 16 0

0101000
+1188 0 *
Ed
 1.00000926761302e-07 1 1 0
1  42 0 14.2 15
2  106 19 0 14.2 15
2  107 21 0 14.2 15
2  487 14 0 14.2 15
2  488 13 0 14.2 15
0

0101000
+1677 0 -1200 0 *
Wi

0101100
+1186 0 +1676 0 -1189 0 +1199 0 *
Fa
0  1e-07 19 0

0101000
+1185 0 *
Ed
 1.00005426276754e-07 1 1 0
1  46 0 14.4 15.2
2  122 21 0 14.4 15.2
2  123 22 0 14.4 15.2
4 CN 21 0 22 0
2  489 14 0 14.4 15.2
2  490 13 0 14.4 15.2
0

0101000
+1672 0 -1198 0 *
Wi

0101100
+1197 0 +1186 0 -1669 0 -1183 0 *
Fa
0  1e-07 14 0

0101000
+1182 0 *
Ed
 1.00003846340505e-07 1 1 0
1  45 0 14.2 15
2  119 22 0 14.2 15
2  120 20 0 14.2 15
2  491 14 0 14.2 15
2  492 13 0 14.2 15
0

0101000
+1671 0 -1196 0 *
Wi

0101100
+1195 0 +1183 0 -1670 0 -1180 0 *
Fa
0  1e-07 14 0

0101000
+1179 0 *
Ed
 1e-07 1 1 0
1  36 0 14.2 15
2  94 20 0 14.2 15
4 G1 20 0 18 0
2  95 18 0 14.2 15
0

0101000
+1690 0 -1194 0 *
Wi

0101100
-1180 0 -1193 0 +1177 0 +1668 0 *
Fa
0  1e-07 20 0

0101000
+1176 0 *
Wi

0101100
-1177 0 +1192 0 +1694 0 +1688 0 *
Fa
0  1e-07 18 0

0101000
+1174 0 *
Sh

0101100
-1190 0 -1692 0 -1187 0 +1184 0 -1181 0 -1178 0 +1175 0 +1173 0 -1666 0 *
So

0100000
+1172 0 *
Ve
1.00000014210855e-07
58.401397536772 44.807908245217 115
0 0

0101101
*
Ed
 1.00000007105427e-07 1 1 0
1  47 0 32.0138458893587 35.98
2  125 23 0 32.0138458893587 35.98
2  126 24 0 32.0138458893587 35.98
2  493 4 0 32.0138458893587 35.98
2  494 1 0 32.0138458893587 35.98
0

0101000
+1647 0 -1170 0 *
Ve
1.00000141038706e-07
58.986075672731 46.288694912806 115
0 0

0101101
*
Ed
 1e-07 1 1 0
1  170 0 5.46449444122061 6.28318530717959
2  495 26 0 5.46449444122061 6.28318530717959
2  496 24 0 5.46449444122061 6.28318530717959
2  497 1 0 5.46449444122061 6.28318530717959
2  498 4 0 5.46449444122061 6.28318530717959
0

0101000
+1168 0 -1170 0 *
Ve
1.00000467286527e-07
53.018866453367 53.018866453367 115
0 0

0101101
*
Ed
 1.00000007105427e-07 1 1 0
1  171 0 0.66536615486184 0.785398163397448
2  499 28 0 0.66536615486184 0.785398163397448
2  500 24 0 0.66536615486184 0.785398163397448
2  501 13 0 0.66536615486184 0.785398163397448
2  502 1 0 0.66536615486184 0.785398163397448
2  503 14 0 0.66536615486184 0.785398163397448
2  504 4 0 0.66536615486184 0.785398163397448
0

0101000
+1168 0 -1166 0 *
Ve
1.00000141038706e-07
46.288694912806 58.986075672731 115
0 0

0101101
*
Ed
 1.00000014210855e-07 1 1 0
1  172 0 0.785398163397448 0.905430171933057
2  505 29 0 0.785398163397448 0.905430171933057
2  506 24 0 0.785398163397448 0.905430171933057
2  507 13 0 0.785398163397448 0.905430171933057
2  508 1 0 0.785398163397448 0.905430171933057
2  509 14 0 0.785398163397448 0.905430171933057
2  510 4 0 0.785398163397448 0.905430171933057
0

0101000
+1166 0 -1164 0 *
Ve
1.00000020097183e-07
44.807908245217 58.401397536772 115
0 0

0101101
*
Ed
 1e-07 1 1 0
1  173 0 2.32290178763082 3.14159265358979
2  511 27 0 2.32290178763082 3.14159265358979
2  512 24 0 2.32290178763082 3.14159265358979
2  513 1 0 2.32290178763082 3.14159265358979
2  514 4 0 2.32290178763082 3.14159265358979
0

0101000
+1164 0 -1162 0 *
Ed
 1.00000010048592e-07 1 1 0
1  48 0 32.0138458893587 35.98
2  130 25 0 32.0138458893587 35.98
2  131 24 0 32.0138458893587 35.98
2  515 4 0 32.0138458893587 35.98
2  516 1 0 32.0138458893587 35.98
0

0101000
+1645 0 -1162 0 *
Wi

0101100
-1169 0 +1167 0 -1165 0 -1163 0 -1161 0 +1160 0 +1644 0 *
Fa
0  1e-07 4 0

0101000
+1159 0 *
Ed
 1e-07 1 1 0
1  49 0 14.2 15
2  134 26 0 14.2 15
4 G1 23 0 26 0
2  135 23 0 14.2 15
0

0101000
+1637 0 -1170 0 *
Wi

0101100
-1157 0 +1169 0 +1633 0 +1634 0 *
Fa
0  1e-07 23 0

0101000
+1156 0 *
Ed
 1.00000141038706e-07 1 1 0
1  61 0 14.2 15
2  158 26 0 14.2 15
2  159 28 0 14.2 15
2  517 14 0 14.2 15
2  518 13 0 14.2 15
0

0101000
+1608 0 -1168 0 *
Wi

0101100
+1154 0 +1607 0 -1157 0 +1167 0 *
Fa
0  1e-07 26 0

0101000
+1153 0 *
Ed
 1.00000467286527e-07 1 1 0
1  65 0 14.4 15.2
2  174 28 0 14.4 15.2
2  175 29 0 14.4 15.2
4 CN 28 0 29 0
2  519 14 0 14.4 15.2
2  520 13 0 14.4 15.2
0

0101000
+1601 0 -1166 0 *
Wi

0101100
+1154 0 -1599 0 -1151 0 +1165 0 *
Fa
0  1e-07 14 0

0101000
+1150 0 *
Ed
 1.00000141038706e-07 1 1 0
1  64 0 14.2 15
2  171 29 0 14.2 15
2  172 27 0 14.2 15
2  521 14 0 14.2 15
2  522 13 0 14.2 15
0

0101000
+1603 0 -1164 0 *
Wi

0101100
+1151 0 -1600 0 -1148 0 +1163 0 *
Fa
0  1e-07 14 0

0101000
+1147 0 *
Ed
 1e-07 1 1 0
1  55 0 14.2 15
2  146 27 0 14.2 15
4 G1 27 0 25 0
2  147 25 0 14.2 15
0

0101000
+1621 0 -1162 0 *
Wi

0101100
-1148 0 -1161 0 +1145 0 +1602 0 *
Fa
0  1e-07 27 0

0101000
+1144 0 *
Wi

0101100
-1145 0 +1160 0 +1626 0 +1619 0 *
Fa
0  1e-07 25 0

0101000
+1142 0 *
Sh

0101100
-1158 0 -1155 0 +1152 0 -1149 0 -1146 0 +1143 0 +1141 0 -1623 0 -1597 0 *
So

0100000
+1140 0 *
Ve
1e-07
-9.612048458046 -72.98 115
0 0

0101101
*
Ed
 1e-07 1 1 0
1  66 0 32.0138458893594 35.98
2  177 30 0 32.0138458893594 35.98
2  178 31 0 32.0138458893594 35.98
2  523 4 0 32.0138458893594 35.98
2  524 1 0 32.0138458893594 35.98
0

0101000
+1578 0 -1138 0 *
Ve
1.00001378672645e-07
-8.978404038651 -74.44050416889 115
0 0

0101101
*
Ed
 1e-07 1 1 0
1  174 0 5.46449444122087 6.28318530717959
2  525 33 0 5.46449444122087 6.28318530717959
2  526 31 0 5.46449444122087 6.28318530717959
2  527 1 0 5.46449444122087 6.28318530717959
2  528 4 0 5.46449444122087 6.28318530717959
0

0101000
+1136 0 -1138 0 *
Ve
1.00000002875757e-07
-1.59872115546e-14 -74.98 115
0 0

0101101
*
Ed
 1e-07 1 1 0
1  175 0 4.59235697184907 4.71238898038469
2  529 35 0 4.59235697184907 4.71238898038469
2  530 31 0 4.59235697184907 4.71238898038469
2  531 13 0 4.59235697184907 4.71238898038469
2  532 1 0 4.59235697184907 4.71238898038469
2  533 14 0 4.59235697184907 4.71238898038469
2  534 4 0 4.59235697184907 4.71238898038469
0

0101000
+1136 0 -1134 0 *
Ve
1.00001374858882e-07
8.978404038651 -74.44050416889 115
0 0

0101101
*
Ed
 1e-07 1 1 0
1  176 0 4.71238898038469 4.83242098892031
2  535 36 0 4.71238898038469 4.83242098892031
2  536 31 0 4.71238898038469 4.83242098892031
2  537 13 0 4.71238898038469 4.83242098892031
2  538 1 0 4.71238898038469 4.83242098892031
2  539 14 0 4.71238898038469 4.83242098892031
2  540 4 0 4.71238898038469 4.83242098892031
0

0101000
+1134 0 -1132 0 *
Ve
1e-07
9.612048458045 -72.98 115
0 0

0101101
*
Ed
 1e-07 1 1 0
1  177 0 2.32290178763144 3.14159265358979
2  541 34 0 2.32290178763144 3.14159265358979
2  542 31 0 2.32290178763144 3.14159265358979
2  543 1 0 2.32290178763144 3.14159265358979
2  544 4 0 2.32290178763144 3.14159265358979
0

0101000
+1132 0 -1130 0 *
Ed
 1e-07 1 1 0
1  67 0 32.0138458893591 35.98
2  182 32 0 32.0138458893591 35.98
2  183 31 0 32.0138458893591 35.98
2  545 4 0 32.0138458893591 35.98
2  546 1 0 32.0138458893591 35.98
0

0101000
+1576 0 -1130 0 *
Wi

0101100
+1575 0 -1137 0 +1135 0 -1133 0 -1131 0 -1129 0 +1128 0 *
Fa
0  1e-07 4 0

0101000
+1127 0 *
Ed
 1e-07 1 1 0
1  68 0 14.2 15
2  186 33 0 14.2 15
4 G1 30 0 33 0
2  187 30 0 14.2 15
0

0101000
+1568 0 -1138 0 *
Wi

0101100
-1125 0 +1137 0 +1564 0 +1565 0 *
Fa
0  1e-07 30 0

0101000
+1124 0 *
Ed
 1.00001378672645e-07 1 1 0
1  80 0 14.2 15
2  210 33 0 14.2 15
2  211 35 0 14.2 15
2  547 14 0 14.2 15
2  548 13 0 14.2 15
0

0101000
+1539 0 -1136 0 *
Wi

0101100
+1122 0 +1538 0 -1125 0 +1135 0 *
Fa
0  1e-07 33 0

0101000
+1121 0 *
Ed
 1.00000002875757e-07 1 1 0
1  84 0 14.4 15.2
2  226 35 0 14.4 15.2
2  227 36 0 14.4 15.2
4 CN 35 0 36 0
2  549 14 0 14.4 15.2
2  550 13 0 14.4 15.2
0

0101000
+1534 0 -1134 0 *
Wi

0101100
+1133 0 +1122 0 -1531 0 -1119 0 *
Fa
0  1e-07 14 0

0101000
+1118 0 *
Ed
 1.00001374858882e-07 1 1 0
1  83 0 14.2 15
2  223 36 0 14.2 15
2  224 34 0 14.2 15
2  551 14 0 14.2 15
2  552 13 0 14.2 15
0

0101000
+1533 0 -1132 0 *
Wi

0101100
+1131 0 +1119 0 -1532 0 -1116 0 *
Fa
0  1e-07 14 0

0101000
+1115 0 *
Ed
 1e-07 1 1 0
1  74 0 14.2 15
2  198 34 0 14.2 15
4 G1 34 0 32 0
2  199 32 0 14.2 15
0

0101000
+1552 0 -1130 0 *
Wi

0101100
-1116 0 -1129 0 +1113 0 +1530 0 *
Fa
0  1e-07 34 0

0101000
+1112 0 *
Wi

0101100
-1113 0 +1128 0 +1556 0 +1550 0 *
Fa
0  1e-07 32 0

0101000
+1110 0 *
Sh

0101100
-1126 0 -1554 0 -1123 0 +1120 0 -1117 0 -1114 0 +1111 0 +1109 0 -1528 0 *
So

0100000
+1108 0 *
Ve
1e-07
9.612048458046 72.98 115
0 0

0101101
*
Ed
 1e-07 1 1 0
1  85 0 32.013845889359 35.98
2  229 37 0 32.013845889359 35.98
2  230 38 0 32.013845889359 35.98
2  553 4 0 32.013845889359 35.98
2  554 1 0 32.013845889359 35.98
0

0101000
+1509 0 -1106 0 *
Ve
1.00000385862161e-07
8.978404038651 74.440504168891 115
0 0

0101101
*
Ed
 1e-07 1 1 0
1  178 0 5.46449444122053 6.28318530717959
2  555 40 0 5.46449444122053 6.28318530717959
2  556 38 0 5.46449444122053 6.28318530717959
2  557 1 0 5.46449444122053 6.28318530717959
2  558 4 0 5.46449444122053 6.28318530717959
0

0101000
+1104 0 -1106 0 *
Ve
1.00000004290735e-07
8.881784197001e-15 74.98 115
0 0

0101101
*
Ed
 1e-07 1 1 0
1  179 0 1.45076431825928 1.5707963267949
2  559 42 0 1.45076431825928 1.5707963267949
2  560 38 0 1.45076431825928 1.5707963267949
2  561 13 0 1.45076431825928 1.5707963267949
2  562 1 0 1.45076431825928 1.5707963267949
2  563 14 0 1.45076431825928 1.5707963267949
2  564 4 0 1.45076431825928 1.5707963267949
0

0101000
+1104 0 -1102 0 *
Ve
1.00000386679061e-07
-8.978404038651 74.440504168891 115
0 0

0101101
*
Ed
 1e-07 1 1 0
1  180 0 1.5707963267949 1.69082833533051
2  565 43 0 1.5707963267949 1.69082833533051
2  566 38 0 1.5707963267949 1.69082833533051
2  567 13 0 1.5707963267949 1.69082833533051
2  568 1 0 1.5707963267949 1.69082833533051
2  569 14 0 1.5707963267949 1.69082833533051
2  570 4 0 1.5707963267949 1.69082833533051
0

0101000
+1102 0 -1100 0 *
Ve
1e-07
-9.612048458045 72.98 115
0 0

0101101
*
Ed
 1e-07 1 1 0
1  181 0 2.3229017876311 3.14159265358979
2  571 41 0 2.3229017876311 3.14159265358979
2  572 38 0 2.3229017876311 3.14159265358979
2  573 1 0 2.3229017876311 3.14159265358979
2  574 4 0 2.3229017876311 3.14159265358979
0

0101000
+1100 0 -1098 0 *
Ed
 1e-07 1 1 0
1  86 0 32.0138458893594 35.98
2  234 39 0 32.0138458893594 35.98
2  235 38 0 32.0138458893594 35.98
2  575 4 0 32.0138458893594 35.98
2  576 1 0 32.0138458893594 35.98
0

0101000
+1507 0 -1098 0 *
Wi

0101100
-1105 0 +1103 0 -1101 0 -1099 0 -1097 0 +1096 0 +1506 0 *
Fa
0  1e-07 4 0

0101000
+1095 0 *
Ed
 1e-07 1 1 0
1  87 0 14.2 15
2  238 40 0 14.2 15
4 G1 37 0 40 0
2  239 37 0 14.2 15
0

0101000
+1499 0 -1106 0 *
Wi

0101100
-1093 0 +1105 0 +1495 0 +1496 0 *
Fa
0  1e-07 37 0

0101000
+1092 0 *
Ed
 1.00000385862161e-07 1 1 0
1  99 0 14.2 15
2  262 40 0 14.2 15
2  263 42 0 14.2 15
2  577 14 0 14.2 15
2  578 13 0 14.2 15
0

0101000
+1470 0 -1104 0 *
Wi

0101100
+1090 0 +1469 0 -1093 0 +1103 0 *
Fa
0  1e-07 40 0

0101000
+1089 0 *
Ed
 1.00000003733403e-07 1 1 0
1  103 0 14.4 15.2
2  278 42 0 14.4 15.2
2  279 43 0 14.4 15.2
4 CN 42 0 43 0
2  579 14 0 14.4 15.2
2  580 13 0 14.4 15.2
0

0101000
+1463 0 -1102 0 *
Wi

0101100
+1090 0 -1461 0 -1087 0 +1101 0 *
Fa
0  1e-07 14 0

0101000
+1086 0 *
Ed
 1.00000386679061e-07 1 1 0
1  102 0 14.2 15
2  275 43 0 14.2 15
2  276 41 0 14.2 15
2  581 14 0 14.2 15
2  582 13 0 14.2 15
0

0101000
+1465 0 -1100 0 *
Wi

0101100
+1087 0 -1462 0 -1084 0 +1099 0 *
Fa
0  1e-07 14 0

0101000
+1083 0 *
Ed
 1e-07 1 1 0
1  93 0 14.2 15
2  250 41 0 14.2 15
4 G1 41 0 39 0
2  251 39 0 14.2 15
0

0101000
+1483 0 -1098 0 *
Wi

0101100
-1084 0 -1097 0 +1081 0 +1464 0 *
Fa
0  1e-07 41 0

0101000
+1080 0 *
Wi

0101100
-1081 0 +1096 0 +1488 0 +1481 0 *
Fa
0  1e-07 39 0

0101000
+1078 0 *
Sh

0101100
-1094 0 -1091 0 +1088 0 -1085 0 -1082 0 +1079 0 +1077 0 -1485 0 -1459 0 *
So

0100000
+1076 0 *
Ve
1.00000020097183e-07
-58.40139753677 -44.80790824521 115
0 0

0101101
*
Ed
 1.00000010048592e-07 1 1 0
1  104 0 32.0138458893617 35.9799999999972
2  281 44 0 32.0138458893617 35.9799999999972
2  282 45 0 32.0138458893617 35.9799999999972
2  583 4 0 32.0138458893617 35.9799999999972
2  584 1 0 32.0138458893617 35.9799999999972
0

0101000
+1440 0 -1074 0 *
Ve
1.00004626555405e-07
-58.98607567273 -46.2886949128 115
0 0

0101101
*
Ed
 1e-07 1 1 0
1  182 0 5.46449444122375 6.28318530717959
2  585 47 0 5.46449444122375 6.28318530717959
2  586 45 0 5.46449444122375 6.28318530717959
2  587 1 0 5.46449444122375 6.28318530717959
2  588 4 0 5.46449444122375 6.28318530717959
0

0101000
+1072 0 -1074 0 *
Ve
1.00010380200127e-07
-53.01886645336 -53.01886645336 115
0 0

0101101
*
Ed
 1.00000040194367e-07 1 1 0
1  183 0 3.80695880845158 3.92699081698724
2  589 49 0 3.80695880845158 3.92699081698724
2  590 45 0 3.80695880845158 3.92699081698724
2  591 13 0 3.80695880845158 3.92699081698724
2  592 1 0 3.80695880845158 3.92699081698724
2  593 14 0 3.80695880845158 3.92699081698724
2  594 4 0 3.80695880845158 3.92699081698724
0

0101000
+1072 0 -1070 0 *
Ve
1.00004633397913e-07
-46.2886949128 -58.98607567273 115
0 0

0101101
*
Ed
 1.00000035527137e-07 1 1 0
1  184 0 3.92699081698724 4.04702282552291
2  595 50 0 3.92699081698724 4.04702282552291
2  596 45 0 3.92699081698724 4.04702282552291
2  597 13 0 3.92699081698724 4.04702282552291
2  598 1 0 3.92699081698724 4.04702282552291
2  599 14 0 3.92699081698724 4.04702282552291
2  600 4 0 3.92699081698724 4.04702282552291
0

0101000
+1070 0 -1068 0 *
Ve
1.00000020097183e-07
-44.80790824521 -58.40139753677 115
0 0

0101101
*
Ed
 1e-07 1 1 0
1  185 0 2.32290178763396 3.14159265358979
2  601 48 0 2.32290178763396 3.14159265358979
2  602 45 0 2.32290178763396 3.14159265358979
2  603 1 0 2.32290178763396 3.14159265358979
2  604 4 0 2.32290178763396 3.14159265358979
0

0101000
+1068 0 -1066 0 *
Ed
 1.00000010048592e-07 1 1 0
1  105 0 32.0138458893617 35.9799999999972
2  286 46 0 32.0138458893617 35.9799999999972
2  287 45 0 32.0138458893617 35.9799999999972
2  605 4 0 32.0138458893617 35.9799999999972
2  606 1 0 32.0138458893617 35.9799999999972
0

0101000
+1438 0 -1066 0 *
Wi

0101100
+1437 0 -1073 0 +1071 0 -1069 0 -1067 0 -1065 0 +1064 0 *
Fa
0  1e-07 4 0

0101000
+1063 0 *
Ed
 1e-07 1 1 0
1  106 0 14.2 15
2  290 47 0 14.2 15
4 G1 44 0 47 0
2  291 44 0 14.2 15
0

0101000
+1430 0 -1074 0 *
Wi

0101100
-1061 0 +1073 0 +1426 0 +1427 0 *
Fa
0  1e-07 44 0

0101000
+1060 0 *
Ed
 1.00004626555405e-07 1 1 0
1  118 0 14.2 15
2  314 47 0 14.2 15
2  315 49 0 14.2 15
2  607 14 0 14.2 15
2  608 13 0 14.2 15
0

0101000
+1401 0 -1072 0 *
Wi

0101100
+1058 0 +1400 0 -1061 0 +1071 0 *
Fa
0  1e-07 47 0

0101000
+1057 0 *
Ed
 1.00010380200127e-07 1 1 0
1  122 0 14.4 15.2
2  330 49 0 14.4 15.2
2  331 50 0 14.4 15.2
4 CN 49 0 50 0
2  609 14 0 14.4 15.2
2  610 13 0 14.4 15.2
0

0101000
+1396 0 -1070 0 *
Wi

0101100
+1069 0 +1058 0 -1393 0 -1055 0 *
Fa
0  1e-07 14 0

0101000
+1054 0 *
Ed
 1.00004633397913e-07 1 1 0
1  121 0 14.2 15
2  327 50 0 14.2 15
2  328 48 0 14.2 15
2  611 14 0 14.2 15
2  612 13 0 14.2 15
0

0101000
+1395 0 -1068 0 *
Wi

0101100
+1067 0 +1055 0 -1394 0 -1052 0 *
Fa
0  1e-07 14 0

0101000
+1051 0 *
Ed
 1e-07 1 1 0
1  112 0 14.2 15
2  302 48 0 14.2 15
4 G1 48 0 46 0
2  303 46 0 14.2 15
0

0101000
+1414 0 -1066 0 *
Wi

0101100
-1052 0 -1065 0 +1049 0 +1392 0 *
Fa
0  1e-07 48 0

0101000
+1048 0 *
Wi

0101100
-1049 0 +1064 0 +1418 0 +1412 0 *
Fa
0  1e-07 46 0

0101000
+1046 0 *
Sh

0101100
-1062 0 -1416 0 -1059 0 +1056 0 -1053 0 -1050 0 +1047 0 +1045 0 -1390 0 *
So

0100000
+1044 0 *
Ve
1.00000031776437e-07
-44.80790824521 58.401397536772 115
0 0

0101101
*
Ed
 1.00000015888219e-07 1 1 0
1  123 0 32.0138458893617 35.9799999999986
2  333 51 0 32.0138458893617 35.9799999999986
2  334 52 0 32.0138458893617 35.9799999999986
2  613 4 0 32.0138458893617 35.9799999999986
2  614 1 0 32.0138458893617 35.9799999999986
0

0101000
+1371 0 -1042 0 *
Ve
1.0000384319554e-07
-46.2886949128 58.986075672731 115
0 0

0101101
*
Ed
 1e-07 1 1 0
1  186 0 5.46449444122362 6.28318530717959
2  615 54 0 5.46449444122362 6.28318530717959
2  616 52 0 5.46449444122362 6.28318530717959
2  617 1 0 5.46449444122362 6.28318530717959
2  618 4 0 5.46449444122362 6.28318530717959
0

0101000
+1040 0 -1042 0 *
Ve
1.00005431284748e-07
-53.01886645336 53.018866453367 115
0 0

0101101
*
Ed
 1e-07 1 1 0
1  187 0 2.23616248165667 2.35619449019228
2  619 56 0 2.23616248165667 2.35619449019228
2  620 52 0 2.23616248165667 2.35619449019228
2  621 13 0 2.23616248165667 2.35619449019228
2  622 1 0 2.23616248165667 2.35619449019228
2  623 14 0 2.23616248165667 2.35619449019228
2  624 4 0 2.23616248165667 2.35619449019228
0

0101000
+1040 0 -1038 0 *
Ve
1.00000924388518e-07
-58.98607567273 46.288694912806 115
0 0

0101101
*
Ed
 1.00000031776437e-07 1 1 0
1  188 0 2.35619449019228 2.47622649872795
2  625 57 0 2.35619449019228 2.47622649872795
2  626 52 0 2.35619449019228 2.47622649872795
2  627 13 0 2.35619449019228 2.47622649872795
2  628 1 0 2.35619449019228 2.47622649872795
2  629 14 0 2.35619449019228 2.47622649872795
2  630 4 0 2.35619449019228 2.47622649872795
0

0101000
+1038 0 -1036 0 *
Ve
1.00000020097183e-07
-58.40139753677 44.807908245217 115
0 0

0101101
*
Ed
 1e-07 1 1 0
1  189 0 2.32290178763096 3.14159265358732
2  631 55 0 2.32290178763096 3.14159265358732
2  632 52 0 2.32290178763096 3.14159265358732
2  633 1 0 2.32290178763096 3.14159265358732
2  634 4 0 2.32290178763096 3.14159265358732
0

0101000
+1036 0 -1034 0 *
Ed
 1.00000010048592e-07 1 1 0
1  124 0 32.0138458893587 35.9799999999986
2  338 53 0 32.0138458893587 35.9799999999986
2  339 52 0 32.0138458893587 35.9799999999986
2  635 4 0 32.0138458893587 35.9799999999986
2  636 1 0 32.0138458893587 35.9799999999986
0

0101000
+1369 0 -1034 0 *
Wi

0101100
-1041 0 +1039 0 -1037 0 -1035 0 -1033 0 +1032 0 +1368 0 *
Fa
0  1e-07 4 0

0101000
+1031 0 *
Ed
 1e-07 1 1 0
1  125 0 14.2 15
2  342 54 0 14.2 15
4 G1 51 0 54 0
2  343 51 0 14.2 15
0

0101000
+1361 0 -1042 0 *
Wi

0101100
-1029 0 +1041 0 +1357 0 +1358 0 *
Fa
0  1e-07 51 0

0101000
+1028 0 *
Ed
 1.0000384319554e-07 1 1 0
1  137 0 14.2 15
2  366 54 0 14.2 15
2  367 56 0 14.2 15
2  637 14 0 14.2 15
2  638 13 0 14.2 15
0

0101000
+1332 0 -1040 0 *
Wi

0101100
+1026 0 +1331 0 -1029 0 +1039 0 *
Fa
0  1e-07 54 0

0101000
+1025 0 *
Ed
 1.00005431284748e-07 1 1 0
1  141 0 14.4 15.2
2  382 56 0 14.4 15.2
2  383 57 0 14.4 15.2
4 CN 56 0 57 0
2  639 14 0 14.4 15.2
2  640 13 0 14.4 15.2
0

0101000
+1325 0 -1038 0 *
Wi

0101100
+1026 0 -1323 0 -1023 0 +1037 0 *
Fa
0  1e-07 14 0

0101000
+1022 0 *
Ed
 1.00000924388518e-07 1 1 0
1  140 0 14.2 15
2  379 57 0 14.2 15
2  380 55 0 14.2 15
2  641 14 0 14.2 15
2  642 13 0 14.2 15
0

0101000
+1327 0 -1036 0 *
Wi

0101100
+1023 0 -1324 0 -1020 0 +1035 0 *
Fa
0  1e-07 14 0

0101000
+1019 0 *
Ed
 1e-07 1 1 0
1  131 0 14.2 15
2  354 55 0 14.2 15
4 G1 55 0 53 0
2  355 53 0 14.2 15
0

0101000
+1345 0 -1034 0 *
Wi

0101100
-1020 0 -1033 0 +1017 0 +1326 0 *
Fa
0  1e-07 55 0

0101000
+1016 0 *
Wi

0101100
-1017 0 +1032 0 +1350 0 +1343 0 *
Fa
0  1e-07 53 0

0101000
+1014 0 *
Sh

0101100
-1030 0 -1027 0 +1024 0 -1021 0 -1018 0 +1015 0 +1013 0 -1347 0 -1321 0 *
So

0100000
+1012 0 *
Ve
1e-07
-72.98 9.612048458046 115
0 0

0101101
*
Ed
 1e-07 1 1 0
1  142 0 32.0138458893594 35.98
2  385 58 0 32.0138458893594 35.98
2  386 59 0 32.0138458893594 35.98
2  643 4 0 32.0138458893594 35.98
2  644 1 0 32.0138458893594 35.98
0

0101000
+1302 0 -1010 0 *
Ve
1.00001373577618e-07
-74.44050416889 8.978404038651 115
0 0

0101101
*
Ed
 1e-07 1 1 0
1  190 0 5.46449444122087 6.28318530717959
2  645 61 0 5.46449444122087 6.28318530717959
2  646 59 0 5.46449444122087 6.28318530717959
2  647 1 0 5.46449444122087 6.28318530717959
2  648 4 0 5.46449444122087 6.28318530717959
0

0101000
+1008 0 -1010 0 *
Ve
1.00000000300314e-07
-74.98 8.881784197001e-15 115
0 0

0101101
*
Ed
 1e-07 1 1 0
1  191 0 3.02156064505418 3.14159265358979
2  649 63 0 3.02156064505418 3.14159265358979
2  650 59 0 3.02156064505418 3.14159265358979
2  651 13 0 3.02156064505418 3.14159265358979
2  652 1 0 3.02156064505418 3.14159265358979
2  653 14 0 3.02156064505418 3.14159265358979
2  654 4 0 3.02156064505418 3.14159265358979
0

0101000
+1008 0 -1006 0 *
Ve
1.00001371808749e-07
-74.44050416889 -8.978404038651 115
0 0

0101101
*
Ed
 1e-07 1 1 0
1  192 0 3.14159265358979 3.26162466212541
2  655 64 0 3.14159265358979 3.26162466212541
2  656 59 0 3.14159265358979 3.26162466212541
2  657 13 0 3.14159265358979 3.26162466212541
2  658 1 0 3.14159265358979 3.26162466212541
2  659 14 0 3.14159265358979 3.26162466212541
2  660 4 0 3.14159265358979 3.26162466212541
0

0101000
+1006 0 -1004 0 *
Ve
1e-07
-72.98 -9.612048458045 115
0 0

0101101
*
Ed
 1e-07 1 1 0
1  193 0 2.32290178763144 3.14159265358979
2  661 62 0 2.32290178763144 3.14159265358979
2  662 59 0 2.32290178763144 3.14159265358979
2  663 1 0 2.32290178763144 3.14159265358979
2  664 4 0 2.32290178763144 3.14159265358979
0

0101000
+1004 0 -1002 0 *
Ed
 1e-07 1 1 0
1  143 0 32.0138458893594 35.98
2  390 60 0 32.0138458893594 35.98
2  391 59 0 32.0138458893594 35.98
2  665 4 0 32.0138458893594 35.98
2  666 1 0 32.0138458893594 35.98
0

0101000
+1300 0 -1002 0 *
Wi

0101100
-1009 0 +1007 0 -1005 0 -1003 0 -1001 0 +1000 0 +1299 0 *
Fa
0  1e-07 4 0

0101000
+999 0 *
Ed
 1e-07 1 1 0
1  144 0 14.2 15
2  394 61 0 14.2 15
4 G1 58 0 61 0
2  395 58 0 14.2 15
0

0101000
+1292 0 -1010 0 *
Wi

0101100
-997 0 +1009 0 +1288 0 +1289 0 *
Fa
0  1e-07 58 0

0101000
+996 0 *
Ed
 1.00001373577618e-07 1 1 0
1  156 0 14.2 15
2  418 61 0 14.2 15
2  419 63 0 14.2 15
2  667 14 0 14.2 15
2  668 13 0 14.2 15
0

0101000
+1263 0 -1008 0 *
Wi

0101100
+994 0 +1262 0 -997 0 +1007 0 *
Fa
0  1e-07 61 0

0101000
+993 0 *
Ed
 1.00000000000303e-07 1 1 0
1  160 0 14.4 15.2
2  434 63 0 14.4 15.2
2  435 64 0 14.4 15.2
4 CN 63 0 64 0
2  669 14 0 14.4 15.2
2  670 13 0 14.4 15.2
0

0101000
+1256 0 -1006 0 *
Wi

0101100
+994 0 -1254 0 -991 0 +1005 0 *
Fa
0  1e-07 14 0

0101000
+990 0 *
Ed
 1.00001371808749e-07 1 1 0
1  159 0 14.2 15
2  431 64 0 14.2 15
2  432 62 0 14.2 15
2  671 14 0 14.2 15
2  672 13 0 14.2 15
0

0101000
+1258 0 -1004 0 *
Wi

0101100
+1003 0 +991 0 -1255 0 -988 0 *
Fa
0  1e-07 14 0

0101000
+987 0 *
Ed
 1e-07 1 1 0
1  150 0 14.2 15
2  406 62 0 14.2 15
4 G1 62 0 60 0
2  407 60 0 14.2 15
0

0101000
+1276 0 -1002 0 *
Wi

0101100
-988 0 -1001 0 +985 0 +1257 0 *
Fa
0  1e-07 62 0

0101000
+984 0 *
Wi

0101100
-985 0 +1000 0 +1281 0 +1274 0 *
Fa
0  1e-07 60 0

0101000
+982 0 *
Sh

0101100
-998 0 -995 0 +992 0 -989 0 -986 0 +983 0 +981 0 -1278 0 -1252 0 *
So

0100000
+980 0 *
Ve
1e-07
41.402419381094 -9.612048458046 100
0 0

0101101
*
Ve
1e-07
72.98 -9.612048458046 100
0 0

0101101
*
Ed
 1e-07 1 1 0
1  194 0 4.402419381094 35.98
2  673 3 0 4.402419381094 35.98
0

0101000
+978 0 -977 0 *
Ve
1e-07
74.440504168891 -8.978404038651 100
0 0

0101101
*
Ed
 1e-07 1 1 0
1  195 0 5.46449444122053 6.28318530717959
2  674 8 0 5.46449444122053 6.28318530717959
0

0101000
+975 0 -977 0 *
Ve
1e-07
74.98 -1.806418589701e-14 100
0 0

0101101
*
Ed
 1e-07 1 1 0
1  196 0 6.16315329864397 6.28318530717959
2  675 12 0 6.16315329864397 6.28318530717959
0

0101000
+975 0 -973 0 *
Ve
1e-07
74.440504168891 8.978404038651 100
0 0

0101101
*
Ed
 1e-07 1 1 0
1  197 0 0 0.120032008535615
2  676 15 0 0 0.120032008535615
0

0101000
+973 0 -971 0 *
Ve
1e-07
72.98 9.612048458046 100
0 0

0101101
*
Ed
 1e-07 1 1 0
1  198 0 2.32290178763074 3.14159265358979
2  677 11 0 2.32290178763074 3.14159265358979
0

0101000
+971 0 -969 0 *
Ve
1e-07
41.402419381094 9.612048458046 100
0 0

0101101
*
Ed
 1e-07 1 1 0
1  199 0 4.402419381094 35.98
2  678 6 0 4.402419381094 35.98
0

0101000
+967 0 -969 0 *
Ve
1e-07
39.857352200569 9.612048458045 100
0 0

0101101
*
Ed
 1e-07 1 1 0
1  200 0 2.857352200569 4.402419381094
4 CN 65 0 66 0
0

0101000
+965 0 -967 0 *
Ve
1e-07
41 -1.004210375301e-14 100
0 0

0101101
*
Ed
 1e-07 1 1 0
1  201 0 0 0.236642685959085
4 CN 65 0 67 0
0

0101000
+963 0 -965 0 *
Ve
1e-07
39.857352200569 -9.612048458045 100
0 0

0101101
*
Ed
 1e-07 1 1 0
1  202 0 6.0465426212205 6.28318530717959
4 CN 65 0 67 0
0

0101000
+961 0 -963 0 *
Ed
 1e-07 1 1 0
1  203 0 2.857352200569 4.402419381094
4 CN 65 0 66 0
0

0101000
+961 0 -978 0 *
Wi

0101100
+976 0 -974 0 +972 0 +970 0 +968 0 -966 0 -964 0 -962 0 -960 0 +959 0 
*
Fa
0  1e-07 65 0

0101000
+958 0 *
Ed
 1e-07 1 1 0
1  5 0 0 13.5
2  17 8 0 0 13.5
4 G1 3 0 8 0
2  18 3 0 0 13.5
0

0101000
+977 0 -1786 0 *
Ve
1e-07
41.402419381094 -9.612048458046 115
0 0

0101101
*
Ed
 1e-07 1 1 0
1  1 0 4.402419381094 31.3070195839357
2  1 2 0 4.402419381094 31.3070195839357
2  2 3 0 4.402419381094 31.3070195839357
0

0101000
+955 0 -1800 0 *
Ed
 1e-07 1 1 0
1  204 0 0 15
2  679 68 0 0 15
4 G1 3 0 68 0
2  680 3 0 0 15
0

0101000
+978 0 -955 0 *
Wi

0101100
-976 0 -956 0 -1778 0 -1779 0 +954 0 +953 0 *
Fa
0  1e-07 3 0

0101000
+952 0 *
Ed
 1e-07 1 1 0
1  21 0 0 13.5
2  49 8 0 0 13.5
2  50 12 0 0 13.5
0

0101000
+975 0 -1748 0 *
Wi

0101100
+950 0 -974 0 -956 0 -1747 0 *
Fa
0  1e-07 8 0

0101000
+949 0 *
Ed
 1e-07 1 1 0
1  165 0 0.2 13.7
2  457 12 0 0.2 13.7
2  458 15 0 0.2 13.7
4 CN 12 0 15 0
0

0101000
+973 0 -1734 0 *
Wi

0101100
+972 0 -950 0 -1733 0 +947 0 *
Fa
0  1e-07 12 0

0101000
+946 0 *
Ed
 1e-07 1 1 0
1  26 0 0 13.5
2  66 15 0 0 13.5
2  67 11 0 0 13.5
0

0101000
+971 0 -1732 0 *
Wi

0101100
-1730 0 +944 0 +970 0 -947 0 *
Fa
0  1e-07 15 0

0101000
+943 0 *
Ed
 1e-07 1 1 0
1  13 0 0 13.5
2  33 11 0 0 13.5
4 G1 11 0 6 0
2  34 6 0 0 13.5
0

0101000
+969 0 -1765 0 *
Wi

0101100
-944 0 -1731 0 +941 0 +968 0 *
Fa
0  1e-07 11 0

0101000
+940 0 *
Ve
1e-07
41.402419381094 9.612048458046 115
0 0

0101101
*
Ed
 1e-07 1 1 0
1  3 0 4.402419381094 31.3070195839357
2  10 2 0 4.402419381094 31.3070195839357
2  11 6 0 4.402419381094 31.3070195839357
0

0101000
+938 0 -1793 0 *
Ed
 1e-07 1 1 0
1  205 0 0 15
2  681 69 0 0 15
4 G1 6 0 69 0
2  682 6 0 0 15
0

0101000
+967 0 -938 0 *
Wi

0101100
-966 0 -941 0 -1759 0 -1760 0 +937 0 +936 0 *
Fa
0  1e-07 6 0

0101000
+935 0 *
Ve
1e-07
39.476725456392 11.071953180928 100
0 0

0101101
*
Ve
1e-07
39.094870331867 12.352777571645 100
0 0

0101101
*
Ed
 1e-07 1 1 0
1  206 0 0.273442507895788 0.306042353752408
2  683 70 0 0.273442507895788 0.306042353752408
0

0101000
+933 0 -932 0 *
Ve
1e-07
37.533432159686 13.720111891462 100
0 0

0101101
*
Ed
 1e-07 1 1 0
1  207 0 0 1
2  684 71 0 0 1
0

0101000
+930 0 -932 0 *
Ve
1e-07
36.24172855841 16.838560244229 100
0 0

0101101
*
Ed
 1e-07 1 1 0
1  208 0 2.1371816924171 4.14600361476228
2  685 72 0 2.1371816924171 4.14600361476228
0

0101000
+928 0 -930 0 *
Ve
1e-07
36.378980708671 18.909515133873 100
0 0

0101101
*
Ed
 1e-07 1 1 0
1  209 0 0 1
2  686 73 0 0 1
0

0101000
+926 0 -928 0 *
Ve
1.97164382996887e-05
35.743313444468 20.085207094041 100
0 0

0101101
*
Ed
 1e-07 1 1 0
1  210 0 0.47935580964505 0.511955655501683
2  687 74 0 0.47935580964505 0.511955655501683
0

0101000
+926 0 -924 0 *
Ve
1e-07
34.980148666941 21.386659375384 100
0 0

0101101
*
Ed
 1e-07 1 1 0
1  211 0 0.511955655501683 0.548755477438321
4 C1 66 0 75 0
0

0101000
+924 0 -922 0 *
Ve
1e-07
34.373909112053 20.780419820498 100
0 0

0101101
*
Ed
 1e-07 1 1 0
1  212 0 1.99999999999987 2.85735220056809
4 CN 66 0 76 0
0

0101000
+920 0 -922 0 *
Ve
1e-07
31.545481987307 20.780419820498 100
0 0

0101101
*
Ed
 1e-07 1 1 0
1  213 0 4.71238898038469 6.28318530717959
4 CN 66 0 76 0
0

0101000
+918 0 -920 0 *
Ve
1e-07
20.780419820498 31.545481987307 100
0 0

0101101
*
Ed
 1e-07 1 1 0
1  214 0 1.99999999999987 17.2240969160907
4 CN 66 0 76 0
0

0101000
+918 0 -916 0 *
Ve
1e-07
20.780419820498 34.373909112053 100
0 0

0101101
*
Ed
 1e-07 1 1 0
1  215 0 1.5707963267949 3.14159265358979
4 CN 66 0 76 0
0

0101000
+916 0 -914 0 *
Ve
1e-07
21.386659375384 34.980148666941 100
0 0

0101101
*
Ed
 1e-07 1 1 0
1  216 0 1.99999999999987 2.85735220056809
4 CN 66 0 76 0
0

0101000
+914 0 -912 0 *
Ve
1.97213087451861e-05
20.085207094041 35.743313444468 100
0 0

0101101
*
Ed
 1e-07 1 1 0
1  217 0 1.02204084935658 1.05884067129321
4 C1 66 0 75 0
0

0101000
+912 0 -910 0 *
Ve
1e-07
18.909515133873 36.378980708671 100
0 0

0101101
*
Ed
 1e-07 1 1 0
1  218 0 1.05884067129321 1.09144051714985
2  688 77 0 1.05884067129321 1.09144051714985
0

0101000
+910 0 -908 0 *
Ve
1e-07
16.838560244229 36.24172855841 100
0 0

0101101
*
Ed
 1e-07 1 1 0
1  219 0 0 1
2  689 78 0 0 1
0

0101000
+906 0 -908 0 *
Ve
1e-07
13.720111891462 37.533432159686 100
0 0

0101101
*
Ed
 1e-07 1 1 0
1  220 0 2.1371816924173 4.14600361476249
2  690 79 0 2.1371816924173 4.14600361476249
0

0101000
+904 0 -906 0 *
Ve
1e-07
12.352777571645 39.094870331867 100
0 0

0101101
*
Ed
 1e-07 1 1 0
1  221 0 0 1
2  691 80 0 0 1
0

0101000
+902 0 -904 0 *
Ve
1.97340771273401e-05
11.071953180928 39.476725456392 100
0 0

0101101
*
Ed
 1e-07 1 1 0
1  222 0 1.26475397304249 1.29735381889911
2  692 81 0 1.26475397304249 1.29735381889911
0

0101000
+902 0 -900 0 *
Ve
1e-07
9.612048458045 39.857352200569 100
0 0

0101101
*
Ed
 1e-07 1 1 0
1  223 0 1.29735381889911 1.33415364083581
4 G2 66 0 82 0
0

0101000
+900 0 -898 0 *
Ve
1e-07
9.612048458046 39 100
0 0

0101101
*
Ed
 1e-07 1 1 0
1  224 0 2 2.857352200569
4 CN 66 0 83 0
0

0101000
+896 0 -898 0 *
Ve
1e-07
7.612048458046 37 100
0 0

0101101
*
Ed
 1e-07 1 1 0
1  225 0 4.71238898038469 6.28318530717959
4 CN 66 0 83 0
0

0101000
+894 0 -896 0 *
Ve
1e-07
-7.612048458046 37 100
0 0

0101101
*
Ed
 1e-07 1 1 0
1  226 0 2 17.224096916092
4 CN 66 0 83 0
0

0101000
+894 0 -892 0 *
Ve
1e-07
-9.612048458046 39 100
0 0

0101101
*
Ed
 1e-07 1 1 0
1  227 0 1.5707963267949 3.14159265358979
4 CN 66 0 83 0
0

0101000
+892 0 -890 0 *
Ve
1e-07
-9.612048458045 39.857352200569 100
0 0

0101101
*
Ed
 1e-07 1 1 0
1  228 0 2 2.857352200569
4 CN 66 0 83 0
0

0101000
+890 0 -888 0 *
Ve
1.98880143071378e-05
-11.07195318092 39.476725456392 100
0 0

0101101
*
Ed
 1e-07 1 1 0
1  229 0 1.80743901275398 1.8442388346905
4 G2 66 0 82 0
0

0101000
+888 0 -886 0 *
Ve
1e-07
-12.35277757163 39.09487033187 100
0 0

0101101
*
Ed
 1e-07 1 1 0
1  230 0 1.8442388346905 1.87683868054693
2  693 84 0 1.8442388346905 1.87683868054693
0

0101000
+886 0 -884 0 *
Ve
1e-07
-13.72011189145 37.533432159688 100
0 0

0101101
*
Ed
 1e-07 1 1 0
1  231 0 0 1
2  694 85 0 0 1
0

0101000
+882 0 -884 0 *
Ve
1e-07
-16.83856024422 36.241728558412 100
0 0

0101101
*
Ed
 1e-07 1 1 0
1  232 0 2.13718169241653 4.14600361476353
2  695 86 0 2.13718169241653 4.14600361476353
0

0101000
+880 0 -882 0 *
Ve
1e-07
-18.90951513386 36.378980708673 100
0 0

0101101
*
Ed
 1e-07 1 1 0
1  233 0 0 1
2  696 87 0 0 1
0

0101000
+878 0 -880 0 *
Ve
2.0106671811748e-05
-20.08520709403 35.74331344447 100
0 0

0101101
*
Ed
 1e-07 1 1 0
1  234 0 2.05015213643964 2.08275198229632
2  697 88 0 2.05015213643964 2.08275198229632
0

0101000
+878 0 -876 0 *
Ve
1e-07
-21.38665937538 34.980148666941 100
0 0

0101101
*
Ed
 1e-07 1 1 0
1  235 0 2.08275198229632 2.11955180423313
4 C1 66 0 89 0
0

0101000
+876 0 -874 0 *
Ve
1e-07
-20.78041982049 34.373909112053 100
0 0

0101101
*
Ed
 1e-07 1 1 0
1  236 0 1.99999999999775 2.8573522005688
4 CN 66 0 90 0
0

0101000
+872 0 -874 0 *
Ve
1e-07
-20.78041982049 31.545481987307 100
0 0

0101101
*
Ed
 1e-07 1 1 0
1  237 0 4.71238898038716 6.28318530717959
4 CN 66 0 90 0
0

0101000
+870 0 -872 0 *
Ve
1e-07
-31.5454819873 20.780419820498 100
0 0

0101101
*
Ed
 1e-07 1 1 0
1  238 0 1.99999999999775 17.2240969160892
4 CN 66 0 90 0
0

0101000
+870 0 -868 0 *
Ve
1e-07
-34.37390911205 20.780419820498 100
0 0

0101101
*
Ed
 1e-07 1 1 0
1  239 0 1.57079632679242 3.14159265358873
4 CN 66 0 90 0
0

0101000
+868 0 -866 0 *
Ve
1e-07
-34.98014866694 21.386659375384 100
0 0

0101101
*
Ed
 1e-07 1 1 0
1  240 0 1.99999999999775 2.85735220056738
4 CN 66 0 90 0
0

0101000
+866 0 -864 0 *
Ve
1.98921579294522e-05
-35.74331344446 20.085207094041 100
0 0

0101101
*
Ed
 1e-07 1 1 0
1  241 0 2.59283717615146 2.62963699808801
4 C1 66 0 89 0
0

0101000
+864 0 -862 0 *
Ve
1e-07
-36.37898070866 18.909515133876 100
0 0

0101101
*
Ed
 1e-07 1 1 0
1  242 0 2.62963699808801 2.66223684394455
2  698 91 0 2.62963699808801 2.66223684394455
0

0101000
+862 0 -860 0 *
Ve
1e-07
-36.2417285584 16.83856024423 100
0 0

0101101
*
Ed
 1e-07 1 1 0
1  243 0 0 1
2  699 92 0 0 1
0

0101000
+858 0 -860 0 *
Ve
1e-07
-37.53343215968 13.720111891462 100
0 0

0101101
*
Ed
 1e-07 1 1 0
1  244 0 2.13718169241878 4.14600361476088
2  700 93 0 2.13718169241878 4.14600361476088
0

0101000
+856 0 -858 0 *
Ve
1e-07
-39.09487033186 12.352777571644 100
0 0

0101101
*
Ed
 1e-07 1 1 0
1  245 0 0 1
2  701 94 0 0 1
0

0101000
+854 0 -856 0 *
Ve
2.01066702370259e-05
-39.47672545639 11.071953180928 100
0 0

0101101
*
Ed
 1e-07 1 1 0
1  246 0 2.83555029983736 2.86815014569399
2  702 95 0 2.83555029983736 2.86815014569399
0

0101000
+854 0 -852 0 *
Ve
1e-07
-39.85735220056 9.612048458045 100
0 0

0101101
*
Ed
 1e-07 1 1 0
1  247 0 2.86815014569399 2.90494996763066
4 G2 66 0 96 0
0

0101000
+852 0 -850 0 *
Ve
1e-07
-39 9.612048458046 100
0 0

0101101
*
Ed
 1e-07 1 1 0
1  248 0 2 2.85735220056
4 CN 66 0 97 0
0

0101000
+848 0 -850 0 *
Ve
1e-07
-37 7.612048458046 100
0 0

0101101
*
Ed
 1e-07 1 1 0
1  249 0 4.71238898038469 6.28318530717959
4 CN 66 0 97 0
0

0101000
+846 0 -848 0 *
Ve
1e-07
-37 -7.612048458046 100
0 0

0101101
*
Ed
 1e-07 1 1 0
1  250 0 2 17.224096916092
4 CN 66 0 97 0
0

0101000
+846 0 -844 0 *
Ve
1e-07
-39 -9.612048458046 100
0 0

0101101
*
Ed
 1e-07 1 1 0
1  251 0 1.5707963267949 3.14159265358979
4 CN 66 0 97 0
0

0101000
+844 0 -842 0 *
Ve
1e-07
-39.85735220056 -9.612048458047 100
0 0

0101101
*
Ed
 1e-07 1 1 0
1  252 0 2 2.85735220056
4 CN 66 0 97 0
0

0101000
+842 0 -840 0 *
Ve
2.02605490112991e-05
-39.47672545639 -11.07195318092 100
0 0

0101101
*
Ed
 1e-07 1 1 0
1  253 0 3.37823533954898 3.41503516148541
4 G2 66 0 96 0
0

0101000
+840 0 -838 0 *
Ve
1e-07
-39.09487033187 -12.35277757163 100
0 0

0101101
*
Ed
 1e-07 1 1 0
1  254 0 3.41503516148541 3.44763500734183
2  703 98 0 3.41503516148541 3.44763500734183
0

0101000
+838 0 -836 0 *
Ve
1e-07
-37.53343215968 -13.72011189145 100
0 0

0101101
*
Ed
 1e-07 1 1 0
1  255 0 0 1
2  704 99 0 0 1
0

0101000
+834 0 -836 0 *
Ve
1e-07
-36.2417285584 -16.83856024422 100
0 0

0101101
*
Ed
 1e-07 1 1 0
1  256 0 2.13718169241911 4.14600361476106
2  705 100 0 2.13718169241911 4.14600361476106
0

0101000
+832 0 -834 0 *
Ve
1e-07
-36.37898070867 -18.90951513387 100
0 0

0101101
*
Ed
 1e-07 1 1 0
1  257 0 0 1
2  706 101 0 0 1
0

0101000
+830 0 -832 0 *
Ve
2.03702658407892e-05
-35.74331344447 -20.08520709403 100
0 0

0101101
*
Ed
 1e-07 1 1 0
1  258 0 3.62094846323479 3.65354830909122
2  707 102 0 3.62094846323479 3.65354830909122
0

0101000
+830 0 -828 0 *
Ve
1e-07
-34.98014866694 -21.38665937538 100
0 0

0101101
*
Ed
 1e-07 1 1 0
1  259 0 3.65354830909122 3.69034813102804
4 C1 66 0 103 0
0

0101000
+828 0 -826 0 *
Ve
1e-07
-34.37390911205 -20.78041982049 100
0 0

0101101
*
Ed
 1e-07 1 1 0
1  260 0 1.99999999999563 2.85735220056809
4 CN 66 0 104 0
0

0101000
+824 0 -826 0 *
Ve
1e-07
-31.5454819873 -20.78041982049 100
0 0

0101101
*
Ed
 1e-07 1 1 0
1  261 0 4.71238898038469 6.28318530717959
4 CN 66 0 104 0
0

0101000
+822 0 -824 0 *
Ve
1e-07
-20.78041982049 -31.5454819873 100
0 0

0101101
*
Ed
 1e-07 1 1 0
1  262 0 2.00000000000269 17.2240969160949
4 CN 66 0 104 0
0

0101000
+822 0 -820 0 *
Ve
1e-07
-20.78041982049 -34.37390911205 100
0 0

0101101
*
Ed
 1e-07 1 1 0
1  263 0 1.5707963267949 3.14159265358626
4 CN 66 0 104 0
0

0101000
+820 0 -818 0 *
Ve
1e-07
-21.38665937538 -34.98014866694 100
0 0

0101101
*
Ed
 1e-07 1 1 0
1  264 0 1.99999999999563 2.85735220056809
4 CN 66 0 104 0
0

0101000
+818 0 -816 0 *
Ve
2.03653948520474e-05
-20.08520709403 -35.74331344447 100
0 0

0101101
*
Ed
 1e-07 1 1 0
1  265 0 4.16363350294644 4.20043332488326
4 C1 66 0 103 0
0

0101000
+816 0 -814 0 *
Ve
1e-07
-18.90951513387 -36.37898070867 100
0 0

0101101
*
Ed
 1e-07 1 1 0
1  266 0 4.20043332488326 4.23303317073969
2  708 105 0 4.20043332488326 4.23303317073969
0

0101000
+814 0 -812 0 *
Ve
1e-07
-16.83856024422 -36.2417285584 100
0 0

0101101
*
Ed
 1e-07 1 1 0
1  267 0 0 1
2  709 106 0 0 1
0

0101000
+810 0 -812 0 *
Ve
1e-07
-13.72011189145 -37.53343215968 100
0 0

0101101
*
Ed
 1e-07 1 1 0
1  268 0 2.13718169241852 4.14600361476047
2  710 107 0 2.13718169241852 4.14600361476047
0

0101000
+808 0 -810 0 *
Ve
1e-07
-12.35277757163 -39.09487033187 100
0 0

0101101
*
Ed
 1e-07 1 1 0
1  269 0 0 1
2  711 108 0 0 1
0

0101000
+806 0 -808 0 *
Ve
2.02503504952105e-05
-11.07195318092 -39.47672545639 100
0 0

0101101
*
Ed
 1e-07 1 1 0
1  270 0 4.40634662663265 4.43894647248908
2  712 109 0 4.40634662663265 4.43894647248908
0

0101000
+806 0 -804 0 *
Ve
1e-07
-9.612048458046 -39.85735220056 100
0 0

0101101
*
Ed
 1e-07 1 1 0
1  271 0 4.43894647248908 4.47574629442553
4 G2 66 0 110 0
0

0101000
+804 0 -802 0 *
Ve
1e-07
-9.612048458046 -39 100
0 0

0101101
*
Ed
 1e-07 1 1 0
1  272 0 2 2.85735220056
4 CN 66 0 111 0
0

0101000
+800 0 -802 0 *
Ve
1e-07
-7.612048458046 -37 100
0 0

0101101
*
Ed
 1e-07 1 1 0
1  273 0 4.71238898038469 6.28318530717959
4 CN 66 0 111 0
0

0101000
+798 0 -800 0 *
Ve
1e-07
7.612048458045 -37 100
0 0

0101101
*
Ed
 1e-07 1 1 0
1  274 0 2 17.224096916091
4 CN 66 0 111 0
0

0101000
+798 0 -796 0 *
Ve
1e-07
9.612048458045 -39 100
0 0

0101101
*
Ed
 1e-07 1 1 0
1  275 0 1.5707963267949 3.14159265358979
4 CN 66 0 111 0
0

0101000
+796 0 -794 0 *
Ve
1e-07
9.612048458045 -39.85735220056 100
0 0

0101101
*
Ed
 1e-07 1 1 0
1  276 0 2 2.85735220056
4 CN 66 0 111 0
0

0101000
+794 0 -792 0 *
Ve
2.01319786998981e-05
11.071953180927 -39.47672545639 100
0 0

0101101
*
Ed
 1e-07 1 1 0
1  277 0 4.94903166634383 4.98583148828047
4 G2 66 0 110 0
0

0101000
+792 0 -790 0 *
Ve
1e-07
12.352777571644 -39.09487033186 100
0 0

0101101
*
Ed
 1e-07 1 1 0
1  278 0 4.98583148828047 5.01843133413713
2  713 112 0 4.98583148828047 5.01843133413713
0

0101000
+790 0 -788 0 *
Ve
1e-07
13.720111891462 -37.53343215968 100
0 0

0101101
*
Ed
 1e-07 1 1 0
1  279 0 0 1
2  714 113 0 0 1
0

0101000
+786 0 -788 0 *
Ve
1e-07
16.83856024423 -36.2417285584 100
0 0

0101101
*
Ed
 1e-07 1 1 0
1  280 0 2.1371816924187 4.1460036147608
2  715 114 0 2.1371816924187 4.1460036147608
0

0101000
+784 0 -786 0 *
Ve
1e-07
18.909515133876 -36.37898070866 100
0 0

0101101
*
Ed
 1e-07 1 1 0
1  281 0 0 1
2  716 115 0 0 1
0

0101000
+782 0 -784 0 *
Ve
1.98979415577288e-05
20.085207094041 -35.74331344446 100
0 0

0101101
*
Ed
 1e-07 1 1 0
1  282 0 5.19174479002993 5.22434463588647
2  717 116 0 5.19174479002993 5.22434463588647
0

0101000
+782 0 -780 0 *
Ve
1e-07
21.386659375384 -34.98014866694 100
0 0

0101101
*
Ed
 1e-07 1 1 0
1  283 0 5.22434463588647 5.26114445782302
4 C1 66 0 117 0
0

0101000
+780 0 -778 0 *
Ve
1e-07
20.780419820498 -34.37390911205 100
0 0

0101101
*
Ed
 1e-07 1 1 0
1  284 0 1.99999999999775 2.85735220056738
4 CN 66 0 118 0
0

0101000
+776 0 -778 0 *
Ve
1e-07
20.780419820498 -31.5454819873 100
0 0

0101101
*
Ed
 1e-07 1 1 0
1  285 0 4.71238898038222 6.28318530717959
4 CN 66 0 118 0
0

0101000
+774 0 -776 0 *
Ve
1e-07
31.545481987307 -20.78041982049 100
0 0

0101101
*
Ed
 1e-07 1 1 0
1  286 0 2.00000000000481 17.2240969160963
4 CN 66 0 118 0
0

0101000
+774 0 -772 0 *
Ve
1e-07
34.373909112053 -20.78041982049 100
0 0

0101101
*
Ed
 1e-07 1 1 0
1  287 0 1.57079632679737 3.14159265358732
4 CN 66 0 118 0
0

0101000
+772 0 -770 0 *
Ve
1e-07
34.980148666941 -21.38665937538 100
0 0

0101101
*
Ed
 1e-07 1 1 0
1  288 0 1.99999999999775 2.8573522005688
4 CN 66 0 118 0
0

0101000
+770 0 -768 0 *
Ve
2.01145560170056e-05
35.74331344447 -20.08520709403 100
0 0

0101101
*
Ed
 1e-07 1 1 0
1  289 0 5.73442982974135 5.77122965167816
4 C1 66 0 117 0
0

0101000
+768 0 -766 0 *
Ve
1e-07
36.378980708673 -18.90951513386 100
0 0

0101101
*
Ed
 1e-07 1 1 0
1  290 0 5.77122965167816 5.80382949753484
2  718 119 0 5.77122965167816 5.80382949753484
0

0101000
+766 0 -764 0 *
Ve
1e-07
36.241728558412 -16.83856024422 100
0 0

0101101
*
Ed
 1e-07 1 1 0
1  291 0 0 1
2  719 120 0 0 1
0

0101000
+762 0 -764 0 *
Ve
1e-07
37.533432159688 -13.72011189145 100
0 0

0101101
*
Ed
 1e-07 1 1 0
1  292 0 2.13718169241606 4.14600361476306
2  720 121 0 2.13718169241606 4.14600361476306
0

0101000
+760 0 -762 0 *
Ve
1e-07
39.09487033187 -12.35277757163 100
0 0

0101101
*
Ed
 1e-07 1 1 0
1  293 0 0 1
2  721 122 0 0 1
0

0101000
+758 0 -760 0 *
Ve
1e-07
39.476725456392 -11.07195318092 100
0 0

0101101
*
Ed
 1e-07 1 1 0
1  294 0 5.97714295342755 6.00974279928399
2  722 123 0 5.97714295342755 6.00974279928399
0

0101000
+758 0 -756 0 *
Ed
 1e-07 1 1 0
1  295 0 3.14159265358979 4.43894647248814
2  723 68 0 3.14159265358979 4.43894647248814
0

0101000
+978 0 -756 0 *
Ve
1e-07
39 -9.612048458046 100
0 0

0101101
*
Ed
 1e-07 1 1 0
1  296 0 2 2.857352200569
4 CN 66 0 67 0
0

0101000
+753 0 -961 0 *
Ve
1e-07
37 -7.612048458046 100
0 0

0101101
*
Ed
 1e-07 1 1 0
1  297 0 4.71238898038469 6.28318530717959
4 CN 66 0 67 0
0

0101000
+751 0 -753 0 *
Ve
1e-07
37 7.612048458046 100
0 0

0101101
*
Ed
 1e-07 1 1 0
1  298 0 2 17.224096916092
4 CN 66 0 67 0
0

0101000
+751 0 -749 0 *
Ve
1e-07
39 9.612048458046 100
0 0

0101101
*
Ed
 1e-07 1 1 0
1  299 0 1.5707963267949 3.14159265358979
4 CN 66 0 67 0
0

0101000
+749 0 -747 0 *
Ed
 1e-07 1 1 0
1  300 0 2 2.857352200569
4 CN 66 0 67 0
0

0101000
+747 0 -965 0 *
Ed
 1e-07 1 1 0
1  301 0 0 1.29735381889931
2  724 69 0 0 1.29735381889931
0

0101000
+967 0 -933 0 *
Wi

0101100
+931 0 -929 0 -927 0 -925 0 +923 0 +921 0 -919 0 -917 0 +915 0 +913 0 
+911 0 +909 0 +907 0 -905 0 -903 0 -901 0 +899 0 +897 0 -895 0 -893 0 
+891 0 +889 0 +887 0 +885 0 +883 0 -881 0 -879 0 -877 0 +875 0 +873 0 
-871 0 -869 0 +867 0 +865 0 +863 0 +861 0 +859 0 -857 0 -855 0 -853 0 
+851 0 +849 0 -847 0 -845 0 +843 0 +841 0 +839 0 +837 0 +835 0 -833 0 
-831 0 -829 0 +827 0 +825 0 -823 0 -821 0 +819 0 +817 0 +815 0 +813 0 
+811 0 -809 0 -807 0 -805 0 +803 0 +801 0 -799 0 -797 0 +795 0 +793 0 
+791 0 +789 0 +787 0 -785 0 -783 0 -781 0 +779 0 +777 0 -775 0 -773 0 
+771 0 +769 0 +767 0 +765 0 +763 0 -761 0 -759 0 -757 0 +755 0 -754 0 
-959 0 -752 0 -750 0 +748 0 +746 0 +745 0 +964 0 +744 0 *
Ve
1e-07
20 -4.898587196589e-15 100
0 0

0101101
*
Ed
 1e-07 1 1 0
1  302 0 0 6.28318530717959
2  725 124 0 0 6.28318530717959
0

0101000
+742 0 -742 0 *
Wi

0101100
-741 0 *
Fa
0  1e-07 66 0

0101000
+743 0 +740 0 *
Wi

0101100
+960 0 +962 0 -745 0 -746 0 -748 0 +750 0 +752 0 *
Fa
0  1e-07 67 0

0101000
+738 0 *
Ve
1e-07
39.857352200569 -9.612048458045 115
0 0

0101101
*
Ed
 1e-07 1 1 0
1  303 0 2.857352200569 4.402419381094
4 CN 2 0 125 0
2  726 2 0 2.857352200569 4.402419381094
2  727 125 0 2.857352200569 4.402419381094
0

0101000
+736 0 -955 0 *
Ve
1e-07
41 -1.004210375301e-14 115
0 0

0101101
*
Ed
 1e-07 1 1 0
1  304 0 6.0465426212205 6.28318530717959
4 CN 2 0 126 0
2  728 2 0 6.0465426212205 6.28318530717959
2  729 126 0 6.0465426212205 6.28318530717959
0

0101000
+736 0 -734 0 *
Ve
1e-07
39.857352200569 9.612048458045 115
0 0

0101101
*
Ed
 1e-07 1 1 0
1  305 0 0 0.236642685959085
4 CN 2 0 126 0
2  730 2 0 0 0.236642685959085
2  731 126 0 0 0.236642685959085
0

0101000
+734 0 -732 0 *
Ed
 1e-07 1 1 0
1  306 0 2.857352200569 4.402419381094
4 CN 2 0 125 0
2  732 2 0 2.857352200569 4.402419381094
2  733 125 0 2.857352200569 4.402419381094
0

0101000
+732 0 -938 0 *
Wi

0101100
+735 0 -733 0 -731 0 -730 0 -937 0 +1790 0 +1789 0 +954 0 *
Fa
0  1e-07 2 0

0101000
+729 0 *
Ve
1e-07
39.476725456392 -11.07195318092 115
0 0

0101101
*
Ed
 1e-07 1 1 0
1  307 0 0 15
2  734 68 0 0 15
2  735 123 0 0 15
4 G1 68 0 123 0
0

0101000
+756 0 -727 0 *
Ed
 1e-07 1 1 0
1  308 0 3.14159265358979 4.43894647248814
2  736 68 0 3.14159265358979 4.43894647248814
2  737 125 0 3.14159265358979 4.43894647248814
0

0101000
+955 0 -727 0 *
Wi

0101100
+754 0 +726 0 -725 0 -953 0 *
Fa
0  1e-07 68 0

0101000
+724 0 *
Ve
1e-07
39.476725456392 11.071953180928 115
0 0

0101101
*
Ed
 1e-07 1 1 0
1  309 0 0 1.29735381889931
2  738 69 0 0 1.29735381889931
2  739 125 0 0 1.29735381889931
0

0101000
+938 0 -722 0 *
Ed
 1e-07 1 1 0
1  310 0 0 15
2  740 70 0 0 15
2  741 69 0 0 15
4 G1 70 0 69 0
0

0101000
+933 0 -722 0 *
Wi

0101100
+936 0 +721 0 -720 0 -744 0 *
Fa
0  1e-07 69 0

0101000
+719 0 *
Ve
1e-07
39.094870331867 12.352777571645 115
0 0

0101101
*
Ed
 1e-07 1 1 0
1  311 0 0.273442507895788 0.306042353752408
2  742 70 0 0.273442507895788 0.306042353752408
2  743 125 0 0.273442507895788 0.306042353752408
0

0101000
+722 0 -717 0 *
Ed
 1e-07 1 1 0
1  312 0 2.630404574711e-14 15
2  744 70 0 2.630404574711e-14 15
2  745 71 0 2.630404574711e-14 15
4 G1 70 0 71 0
0

0101000
+932 0 -717 0 *
Wi

0101100
-716 0 -720 0 +931 0 +715 0 *
Fa
0  1e-07 70 0

0101000
+714 0 *
Ve
1e-07
37.533432159686 13.720111891462 115
0 0

0101101
*
Ed
 1e-07 1 1 0
1  313 0 0 1
2  746 71 0 0 1
2  747 125 0 0 1
0

0101000
+712 0 -717 0 *
Ed
 1e-07 1 1 0
1  314 0 2.630404574711e-14 15
2  748 71 0 2.630404574711e-14 15
2  749 72 0 2.630404574711e-14 15
4 G1 71 0 72 0
0

0101000
+930 0 -712 0 *
Wi

0101100
+929 0 +715 0 -711 0 -710 0 *
Fa
0  1e-07 71 0

0101000
+709 0 *
Ve
1e-07
36.24172855841 16.838560244229 115
0 0

0101101
*
Ed
 1e-07 1 1 0
1  315 0 2.1371816924171 4.14600361476228
2  750 72 0 2.1371816924171 4.14600361476228
2  751 125 0 2.1371816924171 4.14600361476228
0

0101000
+707 0 -712 0 *
Ed
 1e-07 1 1 0
1  316 0 2.657292788588e-14 15
2  752 72 0 2.657292788588e-14 15
2  753 73 0 2.657292788588e-14 15
4 G1 72 0 73 0
0

0101000
+928 0 -707 0 *
Wi

0101100
+927 0 +710 0 -706 0 -705 0 *
Fa
0  1e-07 72 0

0101000
+704 0 *
Ve
1e-07
36.378980708671 18.909515133873 115
0 0

0101101
*
Ed
 1e-07 1 1 0
1  317 0 0 1
2  754 73 0 0 1
2  755 125 0 0 1
0

0101000
+702 0 -707 0 *
Ed
 1e-07 1 1 0
1  318 0 2.657292788588e-14 15
2  756 73 0 2.657292788588e-14 15
2  757 74 0 2.657292788588e-14 15
4 G1 73 0 74 0
0

0101000
+926 0 -702 0 *
Wi

0101100
+925 0 +705 0 -701 0 -700 0 *
Fa
0  1e-07 73 0

0101000
+699 0 *
Ve
1.97213087576988e-05
35.743313444468 20.085207094041 115
0 0

0101101
*
Ed
 1e-07 1 1 0
1  319 0 0.47935580964505 0.511955655501683
2  758 74 0 0.47935580964505 0.511955655501683
2  759 125 0 0.47935580964505 0.511955655501683
0

0101000
+702 0 -697 0 *
Ed
 1e-07 1 1 0
1  320 0 0 15
2  760 74 0 0 15
2  761 127 0 0 15
4 G1 74 0 127 0
0

0101000
+924 0 -697 0 *
Wi

0101100
-696 0 -700 0 +923 0 +695 0 *
Fa
0  1e-07 74 0

0101000
+694 0 *
Ve
1e-07
36.072676147679 22.479186856124 100
0 0

0101101
*
Ve
1e-07
58.401397536772 44.807908245217 100
0 0

0101101
*
Ed
 1e-07 1 1 0
1  321 0 4.40241938109449 35.98
2  762 23 0 4.40241938109449 35.98
0

0101000
+692 0 -691 0 *
Ve
1e-07
58.986075672731 46.288694912806 100
0 0

0101101
*
Ed
 1e-07 1 1 0
1  322 0 5.46449444122061 6.28318530717959
2  763 26 0 5.46449444122061 6.28318530717959
0

0101000
+689 0 -691 0 *
Ve
1e-07
53.018866453367 53.018866453367 100
0 0

0101101
*
Ed
 1e-07 1 1 0
1  323 0 0.66536615486184 0.785398163397448
2  764 28 0 0.66536615486184 0.785398163397448
0

0101000
+689 0 -687 0 *
Ve
1e-07
46.288694912806 58.986075672731 100
0 0

0101101
*
Ed
 1e-07 1 1 0
1  324 0 0.785398163397448 0.905430171933057
2  765 29 0 0.785398163397448 0.905430171933057
0

0101000
+687 0 -685 0 *
Ve
1e-07
44.807908245217 58.401397536772 100
0 0

0101101
*
Ed
 1e-07 1 1 0
1  325 0 2.32290178763082 3.14159265358979
2  766 27 0 2.32290178763082 3.14159265358979
0

0101000
+685 0 -683 0 *
Ve
1e-07
22.479186856124 36.072676147679 100
0 0

0101101
*
Ed
 1e-07 1 1 0
1  326 0 4.40241938109449 35.98
2  767 25 0 4.40241938109449 35.98
0

0101000
+681 0 -683 0 *
Ed
 1e-07 1 1 0
1  327 0 5.77122965167809 7.06858347057739
2  768 128 0 5.77122965167809 7.06858347057739
0

0101000
+910 0 -681 0 *
Ed
 1e-07 1 1 0
1  328 0 0.548755477438321 1.02204084935658
4 C1 75 0 76 0
0

0101000
+922 0 -912 0 *
Ed
 1e-07 1 1 0
1  329 0 1.0588406712934 2.3561944901927
2  769 127 0 1.0588406712934 2.3561944901927
0

0101000
+924 0 -692 0 *
Wi

0101100
+690 0 -688 0 +686 0 +684 0 +682 0 -680 0 -679 0 -909 0 -678 0 -921 0 
+677 0 *
Fa
0  1e-07 75 0

0101000
+676 0 *
Wi

0101100
+919 0 +678 0 -911 0 -913 0 -915 0 +917 0 *
Fa
0  1e-07 76 0

0101000
+674 0 *
Ve
1.97164383055576e-05
20.085207094041 35.743313444468 115
0 0

0101101
*
Ve
1e-07
18.909515133873 36.378980708671 115
0 0

0101101
*
Ed
 1e-07 1 1 0
1  330 0 1.05884067129321 1.09144051714985
2  770 77 0 1.05884067129321 1.09144051714985
2  771 125 0 1.05884067129321 1.09144051714985
0

0101000
+672 0 -671 0 *
Ed
 1e-07 1 1 0
1  331 0 0 15
2  772 77 0 0 15
2  773 128 0 0 15
4 G1 77 0 128 0
0

0101000
+910 0 -672 0 *
Ed
 1e-07 1 1 0
1  332 0 2.639945553828e-14 15
2  774 77 0 2.639945553828e-14 15
2  775 78 0 2.639945553828e-14 15
4 G1 77 0 78 0
0

0101000
+908 0 -671 0 *
Wi

0101100
-670 0 -669 0 +907 0 +668 0 *
Fa
0  1e-07 77 0

0101000
+667 0 *
Ve
1e-07
16.838560244229 36.24172855841 115
0 0

0101101
*
Ed
 1e-07 1 1 0
1  333 0 0 1
2  776 78 0 0 1
2  777 125 0 0 1
0

0101000
+665 0 -671 0 *
Ed
 1e-07 1 1 0
1  334 0 2.639945553828e-14 15
2  778 78 0 2.639945553828e-14 15
2  779 79 0 2.639945553828e-14 15
4 G1 78 0 79 0
0

0101000
+906 0 -665 0 *
Wi

0101100
+905 0 +668 0 -664 0 -663 0 *
Fa
0  1e-07 78 0

0101000
+662 0 *
Ve
1e-07
13.720111891462 37.533432159686 115
0 0

0101101
*
Ed
 1e-07 1 1 0
1  335 0 2.1371816924173 4.14600361476249
2  780 79 0 2.1371816924173 4.14600361476249
2  781 125 0 2.1371816924173 4.14600361476249
0

0101000
+660 0 -665 0 *
Ed
 1e-07 1 1 0
1  336 0 2.68964328427e-14 15
2  782 79 0 2.68964328427e-14 15
2  783 80 0 2.68964328427e-14 15
4 G1 79 0 80 0
0

0101000
+904 0 -660 0 *
Wi

0101100
+903 0 +663 0 -659 0 -658 0 *
Fa
0  1e-07 79 0

0101000
+657 0 *
Ve
1e-07
12.352777571645 39.094870331867 115
0 0

0101101
*
Ed
 1e-07 1 1 0
1  337 0 0 1
2  784 80 0 0 1
2  785 125 0 0 1
0

0101000
+655 0 -660 0 *
Ed
 1e-07 1 1 0
1  338 0 2.68964328427e-14 15
2  786 80 0 2.68964328427e-14 15
2  787 81 0 2.68964328427e-14 15
4 G1 80 0 81 0
0

0101000
+902 0 -655 0 *
Wi

0101100
+901 0 +658 0 -654 0 -653 0 *
Fa
0  1e-07 80 0

0101000
+652 0 *
Ve
1.97288884344522e-05
11.071953180928 39.476725456392 115
0 0

0101101
*
Ed
 1e-07 1 1 0
1  339 0 1.26475397304249 1.29735381889911
2  788 81 0 1.26475397304249 1.29735381889911
2  789 125 0 1.26475397304249 1.29735381889911
0

0101000
+655 0 -650 0 *
Ed
 1e-07 1 1 0
1  340 0 0 15
2  790 81 0 0 15
2  791 129 0 0 15
4 G1 81 0 129 0
0

0101000
+900 0 -650 0 *
Wi

0101100
-649 0 -653 0 +899 0 +648 0 *
Fa
0  1e-07 81 0

0101000
+647 0 *
Ve
1e-07
9.612048458046 41.402419381094 100
0 0

0101101
*
Ve
1e-07
9.612048458046 72.98 100
0 0

0101101
*
Ed
 1e-07 1 1 0
1  341 0 4.402419381094 35.98
2  792 37 0 4.402419381094 35.98
0

0101000
+645 0 -644 0 *
Ve
1e-07
8.978404038651 74.440504168891 100
0 0

0101101
*
Ed
 1e-07 1 1 0
1  342 0 5.46449444122053 6.28318530717959
2  793 40 0 5.46449444122053 6.28318530717959
0

0101000
+642 0 -644 0 *
Ve
1e-07
8.881784197001e-15 74.98 100
0 0

0101101
*
Ed
 1e-07 1 1 0
1  343 0 1.45076431825928 1.5707963267949
2  794 42 0 1.45076431825928 1.5707963267949
0

0101000
+642 0 -640 0 *
Ve
1e-07
-8.978404038651 74.440504168891 100
0 0

0101101
*
Ed
 1e-07 1 1 0
1  344 0 1.5707963267949 1.69082833533051
2  795 43 0 1.5707963267949 1.69082833533051
0

0101000
+640 0 -638 0 *
Ve
1e-07
-9.612048458045 72.98 100
0 0

0101101
*
Ed
 1e-07 1 1 0
1  345 0 2.3229017876311 3.14159265358979
2  796 41 0 2.3229017876311 3.14159265358979
0

0101000
+638 0 -636 0 *
Ve
1e-07
-9.612048458046 41.402419381094 100
0 0

0101101
*
Ed
 1e-07 1 1 0
1  346 0 4.402419381094 35.98
2  797 39 0 4.402419381094 35.98
0

0101000
+634 0 -636 0 *
Ed
 1e-07 1 1 0
1  347 0 0.273442507896547 1.5707963267949
2  798 130 0 0.273442507896547 1.5707963267949
0

0101000
+886 0 -634 0 *
Ed
 1e-07 1 1 0
1  348 0 1.33415364083581 1.80743901275398
4 G2 82 0 83 0
0

0101000
+898 0 -888 0 *
Ed
 1e-07 1 1 0
1  349 0 0.273442507895584 1.5707963267949
2  799 129 0 0.273442507895584 1.5707963267949
0

0101000
+900 0 -645 0 *
Wi

0101100
+643 0 -641 0 +639 0 +637 0 +635 0 -633 0 -632 0 -885 0 -631 0 -897 0 
+630 0 *
Fa
0  1e-07 82 0

0101000
+629 0 *
Wi

0101100
+631 0 -887 0 -889 0 -891 0 +893 0 +895 0 *
Fa
0  1e-07 83 0

0101000
+627 0 *
Ve
1.9880450456395e-05
-11.07195318092 39.476725456392 115
0 0

0101101
*
Ve
1e-07
-12.35277757163 39.09487033187 115
0 0

0101101
*
Ed
 1e-07 1 1 0
1  350 0 1.8442388346905 1.87683868054693
2  800 84 0 1.8442388346905 1.87683868054693
2  801 125 0 1.8442388346905 1.87683868054693
0

0101000
+625 0 -624 0 *
Ed
 1e-07 1 1 0
1  351 0 0 15
2  802 84 0 0 15
2  803 130 0 0 15
4 G1 84 0 130 0
0

0101000
+886 0 -625 0 *
Ed
 1e-07 1 1 0
1  352 0 2.624376410632e-14 15
2  804 84 0 2.624376410632e-14 15
2  805 85 0 2.624376410632e-14 15
4 G1 84 0 85 0
0

0101000
+884 0 -624 0 *
Wi

0101100
-623 0 -622 0 +883 0 +621 0 *
Fa
0  1e-07 84 0

0101000
+620 0 *
Ve
1e-07
-13.72011189145 37.533432159688 115
0 0

0101101
*
Ed
 1e-07 1 1 0
1  353 0 0 1
2  806 85 0 0 1
2  807 125 0 0 1
0

0101000
+618 0 -624 0 *
Ed
 1e-07 1 1 0
1  354 0 2.624376410632e-14 15
2  808 85 0 2.624376410632e-14 15
2  809 86 0 2.624376410632e-14 15
4 G1 85 0 86 0
0

0101000
+882 0 -618 0 *
Wi

0101100
+881 0 +621 0 -617 0 -616 0 *
Fa
0  1e-07 85 0

0101000
+615 0 *
Ve
1e-07
-16.83856024422 36.241728558412 115
0 0

0101101
*
Ed
 1e-07 1 1 0
1  355 0 2.13718169241653 4.14600361476353
2  810 86 0 2.13718169241653 4.14600361476353
2  811 125 0 2.13718169241653 4.14600361476353
0

0101000
+613 0 -618 0 *
Ed
 1e-07 1 1 0
1  356 0 2.629727700583e-14 15
2  812 86 0 2.629727700583e-14 15
2  813 87 0 2.629727700583e-14 15
4 G1 86 0 87 0
0

0101000
+880 0 -613 0 *
Wi

0101100
+879 0 +616 0 -612 0 -611 0 *
Fa
0  1e-07 86 0

0101000
+610 0 *
Ve
1e-07
-18.90951513386 36.378980708673 115
0 0

0101101
*
Ed
 1e-07 1 1 0
1  357 0 0 1
2  814 87 0 0 1
2  815 125 0 0 1
0

0101000
+608 0 -613 0 *
Ed
 1e-07 1 1 0
1  358 0 2.629727700583e-14 15
2  816 87 0 2.629727700583e-14 15
2  817 88 0 2.629727700583e-14 15
4 G1 87 0 88 0
0

0101000
+878 0 -608 0 *
Wi

0101100
+877 0 +611 0 -607 0 -606 0 *
Fa
0  1e-07 87 0

0101000
+605 0 *
Ve
2.01145560103618e-05
-20.08520709403 35.74331344447 115
0 0

0101101
*
Ed
 1e-07 1 1 0
1  359 0 2.05015213643964 2.08275198229632
2  818 88 0 2.05015213643964 2.08275198229632
2  819 125 0 2.05015213643964 2.08275198229632
0

0101000
+608 0 -603 0 *
Ed
 1e-07 1 1 0
1  360 0 0 15
2  820 88 0 0 15
2  821 131 0 0 15
4 G1 88 0 131 0
0

0101000
+876 0 -603 0 *
Wi

0101100
-602 0 -606 0 +875 0 +601 0 *
Fa
0  1e-07 88 0

0101000
+600 0 *
Ve
1e-07
-22.47918685612 36.07267614768 100
0 0

0101101
*
Ve
1e-07
-44.80790824521 58.401397536772 100
0 0

0101101
*
Ed
 1e-07 1 1 0
1  361 0 4.40241938109591 35.9799999999986
2  822 51 0 4.40241938109591 35.9799999999986
0

0101000
+598 0 -597 0 *
Ve
1e-07
-46.2886949128 58.986075672731 100
0 0

0101101
*
Ed
 1e-07 1 1 0
1  362 0 5.46449444122362 6.28318530717959
2  823 54 0 5.46449444122362 6.28318530717959
0

0101000
+595 0 -597 0 *
Ve
1e-07
-53.01886645336 53.018866453367 100
0 0

0101101
*
Ed
 1e-07 1 1 0
1  363 0 2.23616248165667 2.35619449019228
2  824 56 0 2.23616248165667 2.35619449019228
0

0101000
+595 0 -593 0 *
Ve
1e-07
-58.98607567273 46.288694912806 100
0 0

0101101
*
Ed
 1e-07 1 1 0
1  364 0 2.35619449019228 2.47622649872795
2  825 57 0 2.35619449019228 2.47622649872795
0

0101000
+593 0 -591 0 *
Ve
1e-07
-58.40139753677 44.807908245217 100
0 0

0101101
*
Ed
 1e-07 1 1 0
1  365 0 2.32290178763096 3.14159265358732
2  826 55 0 2.32290178763096 3.14159265358732
0

0101000
+591 0 -589 0 *
Ve
1e-07
-36.07267614767 22.479186856124 100
0 0

0101101
*
Ed
 1e-07 1 1 0
1  366 0 4.40241938108813 35.9799999999986
2  827 53 0 4.40241938108813 35.9799999999986
0

0101000
+587 0 -589 0 *
Ed
 1e-07 1 1 0
1  367 0 1.05884067129487 2.35619449019022
2  828 132 0 1.05884067129487 2.35619449019022
0

0101000
+862 0 -587 0 *
Ed
 1e-07 1 1 0
1  368 0 2.11955180423313 2.59283717615146
4 C1 89 0 90 0
0

0101000
+874 0 -864 0 *
Ed
 1e-07 1 1 0
1  369 0 5.77122965167741 7.06858347057951
2  829 131 0 5.77122965167741 7.06858347057951
0

0101000
+876 0 -598 0 *
Wi

0101100
+596 0 -594 0 +592 0 +590 0 +588 0 -586 0 -585 0 -861 0 -584 0 -873 0 
+583 0 *
Fa
0  1e-07 89 0

0101000
+582 0 *
Wi

0101100
+584 0 -863 0 -865 0 -867 0 +869 0 +871 0 *
Fa
0  1e-07 90 0

0101000
+580 0 *
Ve
1.98979415772728e-05
-35.74331344446 20.085207094041 115
0 0

0101101
*
Ve
1e-07
-36.37898070866 18.909515133876 115
0 0

0101101
*
Ed
 1e-07 1 1 0
1  370 0 2.62963699808801 2.66223684394455
2  830 91 0 2.62963699808801 2.66223684394455
2  831 125 0 2.62963699808801 2.66223684394455
0

0101000
+578 0 -577 0 *
Ed
 1e-07 1 1 0
1  371 0 0 15
2  832 91 0 0 15
2  833 132 0 0 15
4 G1 91 0 132 0
0

0101000
+862 0 -578 0 *
Ed
 1e-07 1 1 0
1  372 0 2.645843613647e-14 15
2  834 91 0 2.645843613647e-14 15
2  835 92 0 2.645843613647e-14 15
4 G1 91 0 92 0
0

0101000
+860 0 -577 0 *
Wi

0101100
-576 0 -575 0 +859 0 +574 0 *
Fa
0  1e-07 91 0

0101000
+573 0 *
Ve
1e-07
-36.2417285584 16.83856024423 115
0 0

0101101
*
Ed
 1e-07 1 1 0
1  373 0 0 1
2  836 92 0 0 1
2  837 125 0 0 1
0

0101000
+571 0 -577 0 *
Ed
 1e-07 1 1 0
1  374 0 2.645843613647e-14 15
2  838 92 0 2.645843613647e-14 15
2  839 93 0 2.645843613647e-14 15
4 G1 92 0 93 0
0

0101000
+858 0 -571 0 *
Wi

0101100
+857 0 +574 0 -570 0 -569 0 *
Fa
0  1e-07 92 0

0101000
+568 0 *
Ve
1e-07
-37.53343215968 13.720111891462 115
0 0

0101101
*
Ed
 1e-07 1 1 0
1  375 0 2.13718169241878 4.14600361476088
2  840 93 0 2.13718169241878 4.14600361476088
2  841 125 0 2.13718169241878 4.14600361476088
0

0101000
+566 0 -571 0 *
Ed
 1e-07 1 1 0
1  376 0 2.709571865826e-14 15
2  842 93 0 2.709571865826e-14 15
2  843 94 0 2.709571865826e-14 15
4 G1 93 0 94 0
0

0101000
+856 0 -566 0 *
Wi

0101100
+855 0 +569 0 -565 0 -564 0 *
Fa
0  1e-07 93 0

0101000
+563 0 *
Ve
1e-07
-39.09487033186 12.352777571644 115
0 0

0101101
*
Ed
 1e-07 1 1 0
1  377 0 0 1
2  844 94 0 0 1
2  845 125 0 0 1
0

0101000
+561 0 -566 0 *
Ed
 1e-07 1 1 0
1  378 0 2.709571865826e-14 15
2  846 94 0 2.709571865826e-14 15
2  847 95 0 2.709571865826e-14 15
4 G1 94 0 95 0
0

0101000
+854 0 -561 0 *
Wi

0101100
+853 0 +564 0 -560 0 -559 0 *
Fa
0  1e-07 94 0

0101000
+558 0 *
Ve
2.01050930697123e-05
-39.47672545639 11.071953180928 115
0 0

0101101
*
Ed
 1e-07 1 1 0
1  379 0 2.83555029983736 2.86815014569399
2  848 95 0 2.83555029983736 2.86815014569399
2  849 125 0 2.83555029983736 2.86815014569399
0

0101000
+561 0 -556 0 *
Ed
 1e-07 1 1 0
1  380 0 0 15
2  850 95 0 0 15
2  851 133 0 0 15
4 G1 95 0 133 0
0

0101000
+852 0 -556 0 *
Wi

0101100
-555 0 -559 0 +851 0 +554 0 *
Fa
0  1e-07 95 0

0101000
+553 0 *
Ve
1e-07
-41.40241938109 9.612048458046 100
0 0

0101101
*
Ve
1e-07
-72.98 9.612048458046 100
0 0

0101101
*
Ed
 1e-07 1 1 0
1  381 0 4.40241938109 35.98
2  852 58 0 4.40241938109 35.98
0

0101000
+551 0 -550 0 *
Ve
1e-07
-74.44050416889 8.978404038651 100
0 0

0101101
*
Ed
 1e-07 1 1 0
1  382 0 5.46449444122087 6.28318530717959
2  853 61 0 5.46449444122087 6.28318530717959
0

0101000
+548 0 -550 0 *
Ve
1e-07
-74.98 8.881784197001e-15 100
0 0

0101101
*
Ed
 1e-07 1 1 0
1  383 0 3.02156064505418 3.14159265358979
2  854 63 0 3.02156064505418 3.14159265358979
0

0101000
+548 0 -546 0 *
Ve
1e-07
-74.44050416889 -8.978404038651 100
0 0

0101101
*
Ed
 1e-07 1 1 0
1  384 0 3.14159265358979 3.26162466212541
2  855 64 0 3.14159265358979 3.26162466212541
0

0101000
+546 0 -544 0 *
Ve
1e-07
-72.98 -9.612048458045 100
0 0

0101101
*
Ed
 1e-07 1 1 0
1  385 0 2.32290178763144 3.14159265358979
2  856 62 0 2.32290178763144 3.14159265358979
0

0101000
+544 0 -542 0 *
Ve
1e-07
-41.40241938109 -9.612048458046 100
0 0

0101101
*
Ed
 1e-07 1 1 0
1  386 0 4.40241938109 35.98
2  857 60 0 4.40241938109 35.98
0

0101000
+540 0 -542 0 *
Ed
 1e-07 1 1 0
1  387 0 1.84423883469171 3.14159265358979
2  858 134 0 1.84423883469171 3.14159265358979
0

0101000
+838 0 -540 0 *
Ed
 1e-07 1 1 0
1  388 0 2.90494996763066 3.37823533954898
4 G2 96 0 97 0
0

0101000
+850 0 -840 0 *
Ed
 1e-07 1 1 0
1  389 0 4.98583148828054 6.28318530717959
2  859 133 0 4.98583148828054 6.28318530717959
0

0101000
+852 0 -551 0 *
Wi

0101100
+549 0 -547 0 +545 0 +543 0 +541 0 -539 0 -538 0 -837 0 -537 0 -849 0 
+536 0 *
Fa
0  1e-07 96 0

0101000
+535 0 *
Wi

0101100
+537 0 -839 0 -841 0 -843 0 +845 0 +847 0 *
Fa
0  1e-07 97 0

0101000
+533 0 *
Ve
2.02675240171911e-05
-39.47672545639 -11.07195318092 115
0 0

0101101
*
Ve
1e-07
-39.09487033187 -12.35277757163 115
0 0

0101101
*
Ed
 1e-07 1 1 0
1  390 0 3.41503516148541 3.44763500734183
2  860 98 0 3.41503516148541 3.44763500734183
2  861 125 0 3.41503516148541 3.44763500734183
0

0101000
+531 0 -530 0 *
Ed
 1e-07 1 1 0
1  391 0 0 15
2  862 98 0 0 15
2  863 134 0 0 15
4 G1 98 0 134 0
0

0101000
+838 0 -531 0 *
Ed
 1e-07 1 1 0
1  392 0 2.621644221157e-14 15
2  864 98 0 2.621644221157e-14 15
2  865 99 0 2.621644221157e-14 15
4 G1 98 0 99 0
0

0101000
+836 0 -530 0 *
Wi

0101100
-529 0 -528 0 +835 0 +527 0 *
Fa
0  1e-07 98 0

0101000
+526 0 *
Ve
1e-07
-37.53343215968 -13.72011189145 115
0 0

0101101
*
Ed
 1e-07 1 1 0
1  393 0 0 1
2  866 99 0 0 1
2  867 125 0 0 1
0

0101000
+524 0 -530 0 *
Ed
 1e-07 1 1 0
1  394 0 2.621644221157e-14 15
2  868 100 0 2.621644221157e-14 15
2  869 99 0 2.621644221157e-14 15
4 G1 100 0 99 0
0

0101000
+834 0 -524 0 *
Wi

0101100
+833 0 +527 0 -523 0 -522 0 *
Fa
0  1e-07 99 0

0101000
+521 0 *
Ve
1e-07
-36.2417285584 -16.83856024422 115
0 0

0101101
*
Ed
 1e-07 1 1 0
1  395 0 2.13718169241911 4.14600361476106
2  870 100 0 2.13718169241911 4.14600361476106
2  871 125 0 2.13718169241911 4.14600361476106
0

0101000
+519 0 -524 0 *
Ed
 1e-07 1 1 0
1  396 0 2.645843613647e-14 15
2  872 101 0 2.645843613647e-14 15
2  873 100 0 2.645843613647e-14 15
4 G1 101 0 100 0
0

0101000
+832 0 -519 0 *
Wi

0101100
+831 0 +522 0 -518 0 -517 0 *
Fa
0  1e-07 100 0

0101000
+516 0 *
Ve
1e-07
-36.37898070867 -18.90951513387 115
0 0

0101101
*
Ed
 1e-07 1 1 0
1  397 0 0 1
2  874 101 0 0 1
2  875 125 0 0 1
0

0101000
+514 0 -519 0 *
Ed
 1e-07 1 1 0
1  398 0 2.645843613647e-14 15
2  876 102 0 2.645843613647e-14 15
2  877 101 0 2.645843613647e-14 15
4 G1 102 0 101 0
0

0101000
+830 0 -514 0 *
Wi

0101100
+829 0 +517 0 -513 0 -512 0 *
Fa
0  1e-07 101 0

0101000
+511 0 *
Ve
2.03653949263203e-05
-35.74331344447 -20.08520709403 115
0 0

0101101
*
Ed
 1e-07 1 1 0
1  399 0 3.62094846323479 3.65354830909122
2  878 102 0 3.62094846323479 3.65354830909122
2  879 125 0 3.62094846323479 3.65354830909122
0

0101000
+514 0 -509 0 *
Ed
 1e-07 1 1 0
1  400 0 0 15
2  880 102 0 0 15
2  881 135 0 0 15
4 G1 102 0 135 0
0

0101000
+828 0 -509 0 *
Wi

0101100
-508 0 -512 0 +827 0 +507 0 *
Fa
0  1e-07 102 0

0101000
+506 0 *
Ve
1e-07
-36.07267614768 -22.47918685612 100
0 0

0101101
*
Ve
1e-07
-58.40139753677 -44.80790824521 100
0 0

0101101
*
Ed
 1e-07 1 1 0
1  401 0 4.40241938109591 35.9799999999972
2  882 44 0 4.40241938109591 35.9799999999972
0

0101000
+504 0 -503 0 *
Ve
1e-07
-58.98607567273 -46.2886949128 100
0 0

0101101
*
Ed
 1e-07 1 1 0
1  402 0 5.46449444122375 6.28318530717959
2  883 47 0 5.46449444122375 6.28318530717959
0

0101000
+501 0 -503 0 *
Ve
1e-07
-53.01886645336 -53.01886645336 100
0 0

0101101
*
Ed
 1e-07 1 1 0
1  403 0 3.80695880845158 3.92699081698724
2  884 49 0 3.80695880845158 3.92699081698724
0

0101000
+501 0 -499 0 *
Ve
1e-07
-46.2886949128 -58.98607567273 100
0 0

0101101
*
Ed
 1e-07 1 1 0
1  404 0 3.92699081698724 4.04702282552291
2  885 50 0 3.92699081698724 4.04702282552291
0

0101000
+499 0 -497 0 *
Ve
1e-07
-44.80790824521 -58.40139753677 100
0 0

0101101
*
Ed
 1e-07 1 1 0
1  405 0 2.32290178763396 3.14159265358979
2  886 48 0 2.32290178763396 3.14159265358979
0

0101000
+497 0 -495 0 *
Ve
1e-07
-22.47918685612 -36.07267614768 100
0 0

0101101
*
Ed
 1e-07 1 1 0
1  406 0 4.40241938109591 35.9799999999972
2  887 46 0 4.40241938109591 35.9799999999972
0

0101000
+493 0 -495 0 *
Ed
 1e-07 1 1 0
1  407 0 2.62963699808688 3.92699081699078
2  888 136 0 2.62963699808688 3.92699081699078
0

0101000
+814 0 -493 0 *
Ed
 1e-07 1 1 0
1  408 0 3.69034813102804 4.16363350294644
4 C1 103 0 104 0
0

0101000
+826 0 -816 0 *
Ed
 1e-07 1 1 0
1  409 0 4.20043332488178 5.49778714378567
2  889 135 0 4.20043332488178 5.49778714378567
0

0101000
+828 0 -504 0 *
Wi

0101100
+502 0 -500 0 +498 0 +496 0 +494 0 -492 0 -491 0 -813 0 -490 0 -825 0 
+489 0 *
Fa
0  1e-07 103 0

0101000
+488 0 *
Wi

0101100
+490 0 -815 0 -817 0 -819 0 +821 0 +823 0 *
Fa
0  1e-07 104 0

0101000
+486 0 *
Ve
2.03702658599457e-05
-20.08520709403 -35.74331344447 115
0 0

0101101
*
Ve
1e-07
-18.90951513387 -36.37898070867 115
0 0

0101101
*
Ed
 1e-07 1 1 0
1  410 0 4.20043332488326 4.23303317073969
2  890 105 0 4.20043332488326 4.23303317073969
2  891 125 0 4.20043332488326 4.23303317073969
0

0101000
+484 0 -483 0 *
Ed
 1e-07 1 1 0
1  411 0 0 15
2  892 105 0 0 15
2  893 136 0 0 15
4 G1 105 0 136 0
0

0101000
+814 0 -484 0 *
Ed
 1e-07 1 1 0
1  412 0 2.645453300865e-14 15
2  894 106 0 2.645453300865e-14 15
2  895 105 0 2.645453300865e-14 15
4 G1 106 0 105 0
0

0101000
+812 0 -483 0 *
Wi

0101100
-482 0 -481 0 +811 0 +480 0 *
Fa
0  1e-07 105 0

0101000
+479 0 *
Ve
1e-07
-16.83856024422 -36.2417285584 115
0 0

0101101
*
Ed
 1e-07 1 1 0
1  413 0 0 1
2  896 106 0 0 1
2  897 125 0 0 1
0

0101000
+477 0 -483 0 *
Ed
 1e-07 1 1 0
1  414 0 2.645453300865e-14 15
2  898 107 0 2.645453300865e-14 15
2  899 106 0 2.645453300865e-14 15
4 G1 107 0 106 0
0

0101000
+810 0 -477 0 *
Wi

0101100
+809 0 +480 0 -476 0 -475 0 *
Fa
0  1e-07 106 0

0101000
+474 0 *
Ve
1e-07
-13.72011189145 -37.53343215968 115
0 0

0101101
*
Ed
 1e-07 1 1 0
1  415 0 2.13718169241852 4.14600361476047
2  900 107 0 2.13718169241852 4.14600361476047
2  901 125 0 2.13718169241852 4.14600361476047
0

0101000
+472 0 -477 0 *
Ed
 1e-07 1 1 0
1  416 0 2.621644221157e-14 15
2  902 108 0 2.621644221157e-14 15
2  903 107 0 2.621644221157e-14 15
4 G1 108 0 107 0
0

0101000
+808 0 -472 0 *
Wi

0101100
+807 0 +475 0 -471 0 -470 0 *
Fa
0  1e-07 107 0

0101000
+469 0 *
Ve
1e-07
-12.35277757163 -39.09487033187 115
0 0

0101101
*
Ed
 1e-07 1 1 0
1  417 0 0 1
2  904 108 0 0 1
2  905 125 0 0 1
0

0101000
+467 0 -472 0 *
Ed
 1e-07 1 1 0
1  418 0 2.621644221157e-14 15
2  906 109 0 2.621644221157e-14 15
2  907 108 0 2.621644221157e-14 15
4 G1 109 0 108 0
0

0101000
+806 0 -467 0 *
Wi

0101100
+805 0 +470 0 -466 0 -465 0 *
Fa
0  1e-07 108 0

0101000
+464 0 *
Ve
2.02610633338487e-05
-11.07195318092 -39.47672545639 115
0 0

0101101
*
Ed
 1e-07 1 1 0
1  419 0 4.40634662663265 4.43894647248908
2  908 109 0 4.40634662663265 4.43894647248908
2  909 125 0 4.40634662663265 4.43894647248908
0

0101000
+467 0 -462 0 *
Ed
 1e-07 1 1 0
1  420 0 0 15
2  910 109 0 0 15
2  911 137 0 0 15
4 G1 109 0 137 0
0

0101000
+804 0 -462 0 *
Wi

0101100
-461 0 -465 0 +803 0 +460 0 *
Fa
0  1e-07 109 0

0101000
+459 0 *
Ve
1e-07
-9.612048458046 -41.40241938109 100
0 0

0101101
*
Ve
1e-07
-9.612048458046 -72.98 100
0 0

0101101
*
Ed
 1e-07 1 1 0
1  421 0 4.40241938109 35.98
2  912 30 0 4.40241938109 35.98
0

0101000
+457 0 -456 0 *
Ve
1e-07
-8.978404038651 -74.44050416889 100
0 0

0101101
*
Ed
 1e-07 1 1 0
1  422 0 5.46449444122087 6.28318530717959
2  913 33 0 5.46449444122087 6.28318530717959
0

0101000
+454 0 -456 0 *
Ve
1e-07
-1.59872115546e-14 -74.98 100
0 0

0101101
*
Ed
 1e-07 1 1 0
1  423 0 4.59235697184907 4.71238898038469
2  914 35 0 4.59235697184907 4.71238898038469
0

0101000
+454 0 -452 0 *
Ve
1e-07
8.978404038651 -74.44050416889 100
0 0

0101101
*
Ed
 1e-07 1 1 0
1  424 0 4.71238898038469 4.83242098892031
2  915 36 0 4.71238898038469 4.83242098892031
0

0101000
+452 0 -450 0 *
Ve
1e-07
9.612048458045 -72.98 100
0 0

0101101
*
Ed
 1e-07 1 1 0
1  425 0 2.32290178763144 3.14159265358979
2  916 34 0 2.32290178763144 3.14159265358979
0

0101000
+450 0 -448 0 *
Ve
1e-07
9.612048458045 -41.40241938109 100
0 0

0101101
*
Ed
 1e-07 1 1 0
1  426 0 4.40241938109 35.98
2  917 32 0 4.40241938109 35.98
0

0101000
+446 0 -448 0 *
Ed
 1e-07 1 1 0
1  427 0 3.41503516148565 4.71238898038469
2  918 138 0 3.41503516148565 4.71238898038469
0

0101000
+790 0 -446 0 *
Ed
 1e-07 1 1 0
1  428 0 4.47574629442553 4.94903166634383
4 G2 110 0 111 0
0

0101000
+802 0 -792 0 *
Ed
 1e-07 1 1 0
1  429 0 3.41503516148661 4.71238898038469
2  919 137 0 3.41503516148661 4.71238898038469
0

0101000
+804 0 -457 0 *
Wi

0101100
+455 0 -453 0 +451 0 +449 0 +447 0 -445 0 -444 0 -789 0 -443 0 -801 0 
+442 0 *
Fa
0  1e-07 110 0

0101000
+441 0 *
Wi

0101100
+443 0 -791 0 -793 0 -795 0 +797 0 +799 0 *
Fa
0  1e-07 111 0

0101000
+439 0 *
Ve
2.01354887906759e-05
11.071953180927 -39.47672545639 115
0 0

0101101
*
Ve
1e-07
12.352777571644 -39.09487033186 115
0 0

0101101
*
Ed
 1e-07 1 1 0
1  430 0 4.98583148828047 5.01843133413713
2  920 112 0 4.98583148828047 5.01843133413713
2  921 125 0 4.98583148828047 5.01843133413713
0

0101000
+437 0 -436 0 *
Ed
 1e-07 1 1 0
1  431 0 0 15
2  922 112 0 0 15
2  923 138 0 0 15
4 G1 112 0 138 0
0

0101000
+790 0 -437 0 *
Ed
 1e-07 1 1 0
1  432 0 2.624289674458e-14 15
2  924 113 0 2.624289674458e-14 15
2  925 112 0 2.624289674458e-14 15
4 G1 113 0 112 0
0

0101000
+788 0 -436 0 *
Wi

0101100
-435 0 -434 0 +787 0 +433 0 *
Fa
0  1e-07 112 0

0101000
+432 0 *
Ve
1e-07
13.720111891462 -37.53343215968 115
0 0

0101101
*
Ed
 1e-07 1 1 0
1  433 0 0 1
2  926 113 0 0 1
2  927 125 0 0 1
0

0101000
+430 0 -436 0 *
Ed
 1e-07 1 1 0
1  434 0 2.624289674458e-14 15
2  928 114 0 2.624289674458e-14 15
2  929 113 0 2.624289674458e-14 15
4 G1 114 0 113 0
0

0101000
+786 0 -430 0 *
Wi

0101100
+785 0 +433 0 -429 0 -428 0 *
Fa
0  1e-07 113 0

0101000
+427 0 *
Ve
1e-07
16.83856024423 -36.2417285584 115
0 0

0101101
*
Ed
 1e-07 1 1 0
1  435 0 2.1371816924187 4.1460036147608
2  930 114 0 2.1371816924187 4.1460036147608
2  931 125 0 2.1371816924187 4.1460036147608
0

0101000
+425 0 -430 0 *
Ed
 1e-07 1 1 0
1  436 0 2.64649413495e-14 15
2  932 115 0 2.64649413495e-14 15
2  933 114 0 2.64649413495e-14 15
4 G1 115 0 114 0
0

0101000
+784 0 -425 0 *
Wi

0101100
+783 0 +428 0 -424 0 -423 0 *
Fa
0  1e-07 114 0

0101000
+422 0 *
Ve
1e-07
18.909515133876 -36.37898070866 115
0 0

0101101
*
Ed
 1e-07 1 1 0
1  437 0 0 1
2  934 115 0 0 1
2  935 125 0 0 1
0

0101000
+420 0 -425 0 *
Ed
 1e-07 1 1 0
1  438 0 2.64649413495e-14 15
2  936 116 0 2.64649413495e-14 15
2  937 115 0 2.64649413495e-14 15
4 G1 116 0 115 0
0

0101000
+782 0 -420 0 *
Wi

0101100
+781 0 +423 0 -419 0 -418 0 *
Fa
0  1e-07 115 0

0101000
+417 0 *
Ve
1.98921579231959e-05
20.085207094041 -35.74331344446 115
0 0

0101101
*
Ed
 1e-07 1 1 0
1  439 0 5.19174479002993 5.22434463588647
2  938 116 0 5.19174479002993 5.22434463588647
2  939 125 0 5.19174479002993 5.22434463588647
0

0101000
+420 0 -415 0 *
Ed
 1e-07 1 1 0
1  440 0 0 15
2  940 116 0 0 15
2  941 139 0 0 15
4 G1 116 0 139 0
0

0101000
+780 0 -415 0 *
Wi

0101100
-414 0 -418 0 +779 0 +413 0 *
Fa
0  1e-07 116 0

0101000
+412 0 *
Ve
1e-07
22.479186856124 -36.07267614767 100
0 0

0101101
*
Ve
1e-07
44.807908245217 -58.40139753677 100
0 0

0101101
*
Ed
 1e-07 1 1 0
1  441 0 4.40241938108813 35.9799999999986
2  942 16 0 4.40241938108813 35.9799999999986
0

0101000
+410 0 -409 0 *
Ve
1e-07
46.288694912806 -58.98607567273 100
0 0

0101101
*
Ed
 1e-07 1 1 0
1  442 0 5.46449444122075 6.28318530717959
2  943 19 0 5.46449444122075 6.28318530717959
0

0101000
+407 0 -409 0 *
Ve
1e-07
53.018866453367 -53.01886645336 100
0 0

0101101
*
Ed
 1e-07 1 1 0
1  443 0 5.37775513524654 5.4977871437822
2  944 21 0 5.37775513524654 5.4977871437822
0

0101000
+407 0 -405 0 *
Ve
1e-07
58.986075672731 -46.2886949128 100
0 0

0101101
*
Ed
 1e-07 1 1 0
1  444 0 5.4977871437822 5.61781915231781
2  945 22 0 5.4977871437822 5.61781915231781
0

0101000
+405 0 -403 0 *
Ve
1e-07
58.401397536772 -44.80790824521 100
0 0

0101101
*
Ed
 1e-07 1 1 0
1  445 0 2.32290178763382 3.14159265359227
2  946 20 0 2.32290178763382 3.14159265359227
0

0101000
+403 0 -401 0 *
Ve
1e-07
36.07267614768 -22.47918685612 100
0 0

0101101
*
Ed
 1e-07 1 1 0
1  446 0 4.40241938109591 35.9799999999986
2  947 18 0 4.40241938109591 35.9799999999986
0

0101000
+399 0 -401 0 *
Ed
 1e-07 1 1 0
1  447 0 4.20043332488251 5.49778714378461
2  948 140 0 4.20043332488251 5.49778714378461
0

0101000
+766 0 -399 0 *
Ed
 1e-07 1 1 0
1  448 0 5.26114445782302 5.73442982974135
4 C1 117 0 118 0
0

0101000
+778 0 -768 0 *
Ed
 1e-07 1 1 0
1  449 0 2.62963699808977 3.92699081698512
2  949 139 0 2.62963699808977 3.92699081698512
0

0101000
+780 0 -410 0 *
Wi

0101100
+408 0 -406 0 +404 0 +402 0 +400 0 -398 0 -397 0 -765 0 -396 0 -777 0 
+395 0 *
Fa
0  1e-07 117 0

0101000
+394 0 *
Wi

0101100
+396 0 -767 0 -769 0 -771 0 +773 0 +775 0 *
Fa
0  1e-07 118 0

0101000
+392 0 *
Ve
2.01066718219074e-05
35.74331344447 -20.08520709403 115
0 0

0101101
*
Ve
1e-07
36.378980708673 -18.90951513386 115
0 0

0101101
*
Ed
 1e-07 1 1 0
1  450 0 5.77122965167816 5.80382949753484
2  950 119 0 5.77122965167816 5.80382949753484
2  951 125 0 5.77122965167816 5.80382949753484
0

0101000
+390 0 -389 0 *
Ed
 1e-07 1 1 0
1  451 0 0 15
2  952 119 0 0 15
2  953 140 0 0 15
4 G1 119 0 140 0
0

0101000
+766 0 -390 0 *
Ed
 1e-07 1 1 0
1  452 0 2.635354083282e-14 15
2  954 120 0 2.635354083282e-14 15
2  955 119 0 2.635354083282e-14 15
4 G1 120 0 119 0
0

0101000
+764 0 -389 0 *
Wi

0101100
-388 0 -387 0 +763 0 +386 0 *
Fa
0  1e-07 119 0

0101000
+385 0 *
Ve
1e-07
36.241728558412 -16.83856024422 115
0 0

0101101
*
Ed
 1e-07 1 1 0
1  453 0 0 1
2  956 120 0 0 1
2  957 125 0 0 1
0

0101000
+383 0 -389 0 *
Ed
 1e-07 1 1 0
1  454 0 2.635354083282e-14 15
2  958 121 0 2.635354083282e-14 15
2  959 120 0 2.635354083282e-14 15
4 G1 121 0 120 0
0

0101000
+762 0 -383 0 *
Wi

0101100
+761 0 +386 0 -382 0 -381 0 *
Fa
0  1e-07 120 0

0101000
+380 0 *
Ve
1e-07
37.533432159688 -13.72011189145 115
0 0

0101101
*
Ed
 1e-07 1 1 0
1  455 0 2.13718169241606 4.14600361476306
2  960 121 0 2.13718169241606 4.14600361476306
2  961 125 0 2.13718169241606 4.14600361476306
0

0101000
+378 0 -383 0 *
Ed
 1e-07 1 1 0
1  456 0 2.692151841814e-14 15
2  962 122 0 2.692151841814e-14 15
2  963 121 0 2.692151841814e-14 15
4 G1 122 0 121 0
0

0101000
+760 0 -378 0 *
Wi

0101100
+759 0 +381 0 -377 0 -376 0 *
Fa
0  1e-07 121 0

0101000
+375 0 *
Ve
1e-07
39.09487033187 -12.35277757163 115
0 0

0101101
*
Ed
 1e-07 1 1 0
1  457 0 0 1
2  964 122 0 0 1
2  965 125 0 0 1
0

0101000
+373 0 -378 0 *
Ed
 1e-07 1 1 0
1  458 0 2.692151841814e-14 15
2  966 123 0 2.692151841814e-14 15
2  967 122 0 2.692151841814e-14 15
4 G1 123 0 122 0
0

0101000
+758 0 -373 0 *
Wi

0101100
+757 0 +376 0 -372 0 -371 0 *
Fa
0  1e-07 122 0

0101000
+370 0 *
Ed
 1e-07 1 1 0
1  459 0 5.97714295342755 6.00974279928399
2  968 123 0 5.97714295342755 6.00974279928399
2  969 125 0 5.97714295342755 6.00974279928399
0

0101000
+373 0 -727 0 *
Wi

0101100
-368 0 -371 0 +755 0 +726 0 *
Fa
0  1e-07 123 0

0101000
+367 0 *
Ve
1e-07
20 -4.898587196589e-15 115
0 0

0101101
*
Ed
 1e-07 1 1 0
1  460 0 0 6.28318530717959
2  970 124 0 0 6.28318530717959
2  971 125 0 0 6.28318530717959
0

0101000
+365 0 -365 0 *
Ed
 1e-07 1 1 0
1  461 0 0 15
3  972 973CN 124 0 0 15
0

0101000
+742 0 -365 0 *
Wi

0101100
-364 0 -363 0 +741 0 +363 0 *
Fa
0  1e-07 124 0

0101000
+362 0 *
Ve
1e-07
34.980148666941 21.386659375384 115
0 0

0101101
*
Ed
 1e-07 1 1 0
1  462 0 0.511955655501683 0.548755477438321
4 C1 125 0 24 0
2  974 125 0 0.511955655501683 0.548755477438321
2  975 24 0 0.511955655501683 0.548755477438321
0

0101000
+697 0 -360 0 *
Ve
1e-07
34.373909112053 20.780419820498 115
0 0

0101101
*
Ed
 1e-07 1 1 0
1  463 0 1.99999999999987 2.85735220056809
4 CN 125 0 141 0
2  976 125 0 1.99999999999987 2.85735220056809
2  977 141 0 1.99999999999987 2.85735220056809
0

0101000
+358 0 -360 0 *
Ve
1e-07
31.545481987307 20.780419820498 115
0 0

0101101
*
Ed
 1e-07 1 1 0
1  464 0 4.71238898038469 6.28318530717959
4 CN 125 0 141 0
2  978 125 0 4.71238898038469 6.28318530717959
2  979 141 0 4.71238898038469 6.28318530717959
0

0101000
+356 0 -358 0 *
Ve
1e-07
20.780419820498 31.545481987307 115
0 0

0101101
*
Ed
 1e-07 1 1 0
1  465 0 1.99999999999987 17.2240969160907
4 CN 125 0 141 0
2  980 125 0 1.99999999999987 17.2240969160907
2  981 141 0 1.99999999999987 17.2240969160907
0

0101000
+356 0 -354 0 *
Ve
1e-07
20.780419820498 34.373909112053 115
0 0

0101101
*
Ed
 1e-07 1 1 0
1  466 0 1.5707963267949 3.14159265358979
4 CN 125 0 141 0
2  982 125 0 1.5707963267949 3.14159265358979
2  983 141 0 1.5707963267949 3.14159265358979
0

0101000
+354 0 -352 0 *
Ve
1e-07
21.386659375384 34.980148666941 115
0 0

0101101
*
Ed
 1e-07 1 1 0
1  467 0 1.99999999999987 2.85735220056809
4 CN 125 0 141 0
2  984 125 0 1.99999999999987 2.85735220056809
2  985 141 0 1.99999999999987 2.85735220056809
0

0101000
+352 0 -350 0 *
Ed
 1e-07 1 1 0
1  468 0 1.02204084935658 1.05884067129321
4 C1 125 0 24 0
2  986 125 0 1.02204084935658 1.05884067129321
2  987 24 0 1.02204084935658 1.05884067129321
0

0101000
+350 0 -672 0 *
Ve
1e-07
9.612048458045 39.857352200569 115
0 0

0101101
*
Ed
 1e-07 1 1 0
1  469 0 1.29735381889911 1.33415364083581
4 G2 125 0 38 0
2  988 125 0 1.29735381889911 1.33415364083581
2  989 38 0 1.29735381889911 1.33415364083581
0

0101000
+650 0 -347 0 *
Ve
1e-07
9.612048458046 39 115
0 0

0101101
*
Ed
 1e-07 1 1 0
1  470 0 2 2.857352200569
4 CN 125 0 142 0
2  990 125 0 2 2.857352200569
2  991 142 0 2 2.857352200569
0

0101000
+345 0 -347 0 *
Ve
1e-07
7.612048458046 37 115
0 0

0101101
*
Ed
 1e-07 1 1 0
1  471 0 4.71238898038469 6.28318530717959
4 CN 125 0 142 0
2  992 125 0 4.71238898038469 6.28318530717959
2  993 142 0 4.71238898038469 6.28318530717959
0

0101000
+343 0 -345 0 *
Ve
1e-07
-7.612048458046 37 115
0 0

0101101
*
Ed
 1e-07 1 1 0
1  472 0 2 17.224096916092
4 CN 125 0 142 0
2  994 125 0 2 17.224096916092
2  995 142 0 2 17.224096916092
0

0101000
+343 0 -341 0 *
Ve
1e-07
-9.612048458046 39 115
0 0

0101101
*
Ed
 1e-07 1 1 0
1  473 0 1.5707963267949 3.14159265358979
4 CN 125 0 142 0
2  996 125 0 1.5707963267949 3.14159265358979
2  997 142 0 1.5707963267949 3.14159265358979
0

0101000
+341 0 -339 0 *
Ve
1e-07
-9.612048458045 39.857352200569 115
0 0

0101101
*
Ed
 1e-07 1 1 0
1  474 0 2 2.857352200569
4 CN 125 0 142 0
2  998 125 0 2 2.857352200569
2  999 142 0 2 2.857352200569
0

0101000
+339 0 -337 0 *
Ed
 1e-07 1 1 0
1  475 0 1.80743901275398 1.8442388346905
4 G2 125 0 38 0
2  1000 125 0 1.80743901275398 1.8442388346905
2  1001 38 0 1.80743901275398 1.8442388346905
0

0101000
+337 0 -625 0 *
Ve
1e-07
-21.38665937538 34.980148666941 115
0 0

0101101
*
Ed
 1e-07 1 1 0
1  476 0 2.08275198229632 2.11955180423313
4 C1 125 0 52 0
2  1002 125 0 2.08275198229632 2.11955180423313
2  1003 52 0 2.08275198229632 2.11955180423313
0

0101000
+603 0 -334 0 *
Ve
1e-07
-20.78041982049 34.373909112053 115
0 0

0101101
*
Ed
 1e-07 1 1 0
1  477 0 1.99999999999775 2.8573522005688
4 CN 125 0 143 0
2  1004 125 0 1.99999999999775 2.8573522005688
2  1005 143 0 1.99999999999775 2.8573522005688
0

0101000
+332 0 -334 0 *
Ve
1e-07
-20.78041982049 31.545481987307 115
0 0

0101101
*
Ed
 1e-07 1 1 0
1  478 0 4.71238898038716 6.28318530717959
4 CN 125 0 143 0
2  1006 125 0 4.71238898038716 6.28318530717959
2  1007 143 0 4.71238898038716 6.28318530717959
0

0101000
+330 0 -332 0 *
Ve
1e-07
-31.5454819873 20.780419820498 115
0 0

0101101
*
Ed
 1e-07 1 1 0
1  479 0 1.99999999999775 17.2240969160892
4 CN 125 0 143 0
2  1008 125 0 1.99999999999775 17.2240969160892
2  1009 143 0 1.99999999999775 17.2240969160892
0

0101000
+330 0 -328 0 *
Ve
1e-07
-34.37390911205 20.780419820498 115
0 0

0101101
*
Ed
 1e-07 1 1 0
1  480 0 1.57079632679242 3.14159265358873
4 CN 125 0 143 0
2  1010 125 0 1.57079632679242 3.14159265358873
2  1011 143 0 1.57079632679242 3.14159265358873
0

0101000
+328 0 -326 0 *
Ve
1e-07
-34.98014866694 21.386659375384 115
0 0

0101101
*
Ed
 1e-07 1 1 0
1  481 0 1.99999999999775 2.85735220056738
4 CN 125 0 143 0
2  1012 125 0 1.99999999999775 2.85735220056738
2  1013 143 0 1.99999999999775 2.85735220056738
0

0101000
+326 0 -324 0 *
Ed
 1e-07 1 1 0
1  482 0 2.59283717615146 2.62963699808801
4 C1 125 0 52 0
2  1014 125 0 2.59283717615146 2.62963699808801
2  1015 52 0 2.59283717615146 2.62963699808801
0

0101000
+324 0 -578 0 *
Ve
1e-07
-39.85735220056 9.612048458045 115
0 0

0101101
*
Ed
 1e-07 1 1 0
1  483 0 2.86815014569399 2.90494996763066
4 G2 125 0 59 0
2  1016 125 0 2.86815014569399 2.90494996763066
2  1017 59 0 2.86815014569399 2.90494996763066
0

0101000
+556 0 -321 0 *
Ve
1e-07
-39 9.612048458046 115
0 0

0101101
*
Ed
 1e-07 1 1 0
1  484 0 2 2.85735220056
4 CN 125 0 144 0
2  1018 125 0 2 2.85735220056
2  1019 144 0 2 2.85735220056
0

0101000
+319 0 -321 0 *
Ve
1e-07
-37 7.612048458046 115
0 0

0101101
*
Ed
 1e-07 1 1 0
1  485 0 4.71238898038469 6.28318530717959
4 CN 125 0 144 0
2  1020 125 0 4.71238898038469 6.28318530717959
2  1021 144 0 4.71238898038469 6.28318530717959
0

0101000
+317 0 -319 0 *
Ve
1e-07
-37 -7.612048458046 115
0 0

0101101
*
Ed
 1e-07 1 1 0
1  486 0 2 17.224096916092
4 CN 125 0 144 0
2  1022 125 0 2 17.224096916092
2  1023 144 0 2 17.224096916092
0

0101000
+317 0 -315 0 *
Ve
1e-07
-39 -9.612048458046 115
0 0

0101101
*
Ed
 1e-07 1 1 0
1  487 0 1.5707963267949 3.14159265358979
4 CN 125 0 144 0
2  1024 125 0 1.5707963267949 3.14159265358979
2  1025 144 0 1.5707963267949 3.14159265358979
0

0101000
+315 0 -313 0 *
Ve
1e-07
-39.85735220056 -9.612048458047 115
0 0

0101101
*
Ed
 1e-07 1 1 0
1  488 0 2 2.85735220056
4 CN 125 0 144 0
2  1026 125 0 2 2.85735220056
2  1027 144 0 2 2.85735220056
0

0101000
+313 0 -311 0 *
Ed
 1e-07 1 1 0
1  489 0 3.37823533954898 3.41503516148541
4 G2 125 0 59 0
2  1028 125 0 3.37823533954898 3.41503516148541
2  1029 59 0 3.37823533954898 3.41503516148541
0

0101000
+311 0 -531 0 *
Ve
1e-07
-34.98014866694 -21.38665937538 115
0 0

0101101
*
Ed
 1e-07 1 1 0
1  490 0 3.65354830909122 3.69034813102804
4 C1 125 0 45 0
2  1030 125 0 3.65354830909122 3.69034813102804
2  1031 45 0 3.65354830909122 3.69034813102804
0

0101000
+509 0 -308 0 *
Ve
1e-07
-34.37390911205 -20.78041982049 115
0 0

0101101
*
Ed
 1e-07 1 1 0
1  491 0 1.99999999999563 2.85735220056809
4 CN 125 0 145 0
2  1032 125 0 1.99999999999563 2.85735220056809
2  1033 145 0 1.99999999999563 2.85735220056809
0

0101000
+306 0 -308 0 *
Ve
1e-07
-31.5454819873 -20.78041982049 115
0 0

0101101
*
Ed
 1e-07 1 1 0
1  492 0 4.71238898038469 6.28318530717959
4 CN 125 0 145 0
2  1034 125 0 4.71238898038469 6.28318530717959
2  1035 145 0 4.71238898038469 6.28318530717959
0

0101000
+304 0 -306 0 *
Ve
1e-07
-20.78041982049 -31.5454819873 115
0 0

0101101
*
Ed
 1e-07 1 1 0
1  493 0 2.00000000000269 17.2240969160949
4 CN 125 0 145 0
2  1036 125 0 2.00000000000269 17.2240969160949
2  1037 145 0 2.00000000000269 17.2240969160949
0

0101000
+304 0 -302 0 *
Ve
1e-07
-20.78041982049 -34.37390911205 115
0 0

0101101
*
Ed
 1e-07 1 1 0
1  494 0 1.5707963267949 3.14159265358626
4 CN 125 0 145 0
2  1038 125 0 1.5707963267949 3.14159265358626
2  1039 145 0 1.5707963267949 3.14159265358626
0

0101000
+302 0 -300 0 *
Ve
1e-07
-21.38665937538 -34.98014866694 115
0 0

0101101
*
Ed
 1e-07 1 1 0
1  495 0 1.99999999999563 2.85735220056809
4 CN 125 0 145 0
2  1040 125 0 1.99999999999563 2.85735220056809
2  1041 145 0 1.99999999999563 2.85735220056809
0

0101000
+300 0 -298 0 *
Ed
 1e-07 1 1 0
1  496 0 4.16363350294644 4.20043332488326
4 C1 125 0 45 0
2  1042 125 0 4.16363350294644 4.20043332488326
2  1043 45 0 4.16363350294644 4.20043332488326
0

0101000
+298 0 -484 0 *
Ve
1e-07
-9.612048458046 -39.85735220056 115
0 0

0101101
*
Ed
 1e-07 1 1 0
1  497 0 4.43894647248908 4.47574629442553
4 G2 125 0 31 0
2  1044 125 0 4.43894647248908 4.47574629442553
2  1045 31 0 4.43894647248908 4.47574629442553
0

0101000
+462 0 -295 0 *
Ve
1e-07
-9.612048458046 -39 115
0 0

0101101
*
Ed
 1e-07 1 1 0
1  498 0 2 2.85735220056
4 CN 125 0 146 0
2  1046 125 0 2 2.85735220056
2  1047 146 0 2 2.85735220056
0

0101000
+293 0 -295 0 *
Ve
1e-07
-7.612048458046 -37 115
0 0

0101101
*
Ed
 1e-07 1 1 0
1  499 0 4.71238898038469 6.28318530717959
4 CN 125 0 146 0
2  1048 125 0 4.71238898038469 6.28318530717959
2  1049 146 0 4.71238898038469 6.28318530717959
0

0101000
+291 0 -293 0 *
Ve
1e-07
7.612048458045 -37 115
0 0

0101101
*
Ed
 1e-07 1 1 0
1  500 0 2 17.224096916091
4 CN 125 0 146 0
2  1050 125 0 2 17.224096916091
2  1051 146 0 2 17.224096916091
0

0101000
+291 0 -289 0 *
Ve
1e-07
9.612048458045 -39 115
0 0

0101101
*
Ed
 1e-07 1 1 0
1  501 0 1.5707963267949 3.14159265358979
4 CN 125 0 146 0
2  1052 125 0 1.5707963267949 3.14159265358979
2  1053 146 0 1.5707963267949 3.14159265358979
0

0101000
+289 0 -287 0 *
Ve
1e-07
9.612048458045 -39.85735220056 115
0 0

0101101
*
Ed
 1e-07 1 1 0
1  502 0 2 2.85735220056
4 CN 125 0 146 0
2  1054 125 0 2 2.85735220056
2  1055 146 0 2 2.85735220056
0

0101000
+287 0 -285 0 *
Ed
 1e-07 1 1 0
1  503 0 4.94903166634383 4.98583148828047
4 G2 125 0 31 0
2  1056 125 0 4.94903166634383 4.98583148828047
2  1057 31 0 4.94903166634383 4.98583148828047
0

0101000
+285 0 -437 0 *
Ve
1e-07
21.386659375384 -34.98014866694 115
0 0

0101101
*
Ed
 1e-07 1 1 0
1  504 0 5.22434463588647 5.26114445782302
4 C1 125 0 17 0
2  1058 125 0 5.22434463588647 5.26114445782302
2  1059 17 0 5.22434463588647 5.26114445782302
0

0101000
+415 0 -282 0 *
Ve
1e-07
20.780419820498 -34.37390911205 115
0 0

0101101
*
Ed
 1e-07 1 1 0
1  505 0 1.99999999999775 2.85735220056738
4 CN 125 0 147 0
2  1060 125 0 1.99999999999775 2.85735220056738
2  1061 147 0 1.99999999999775 2.85735220056738
0

0101000
+280 0 -282 0 *
Ve
1e-07
20.780419820498 -31.5454819873 115
0 0

0101101
*
Ed
 1e-07 1 1 0
1  506 0 4.71238898038222 6.28318530717959
4 CN 125 0 147 0
2  1062 125 0 4.71238898038222 6.28318530717959
2  1063 147 0 4.71238898038222 6.28318530717959
0

0101000
+278 0 -280 0 *
Ve
1e-07
31.545481987307 -20.78041982049 115
0 0

0101101
*
Ed
 1e-07 1 1 0
1  507 0 2.00000000000481 17.2240969160963
4 CN 125 0 147 0
2  1064 125 0 2.00000000000481 17.2240969160963
2  1065 147 0 2.00000000000481 17.2240969160963
0

0101000
+278 0 -276 0 *
Ve
1e-07
34.373909112053 -20.78041982049 115
0 0

0101101
*
Ed
 1e-07 1 1 0
1  508 0 1.57079632679737 3.14159265358732
4 CN 125 0 147 0
2  1066 125 0 1.57079632679737 3.14159265358732
2  1067 147 0 1.57079632679737 3.14159265358732
0

0101000
+276 0 -274 0 *
Ve
1e-07
34.980148666941 -21.38665937538 115
0 0

0101101
*
Ed
 1e-07 1 1 0
1  509 0 1.99999999999775 2.8573522005688
4 CN 125 0 147 0
2  1068 125 0 1.99999999999775 2.8573522005688
2  1069 147 0 1.99999999999775 2.8573522005688
0

0101000
+274 0 -272 0 *
Ed
 1e-07 1 1 0
1  510 0 5.73442982974135 5.77122965167816
4 C1 125 0 17 0
2  1070 125 0 5.73442982974135 5.77122965167816
2  1071 17 0 5.73442982974135 5.77122965167816
0

0101000
+272 0 -390 0 *
Ve
1e-07
39 -9.612048458046 115
0 0

0101101
*
Ed
 1e-07 1 1 0
1  511 0 2 2.857352200569
4 CN 125 0 126 0
2  1072 125 0 2 2.857352200569
2  1073 126 0 2 2.857352200569
0

0101000
+269 0 -736 0 *
Ve
1e-07
37 -7.612048458046 115
0 0

0101101
*
Ed
 1e-07 1 1 0
1  512 0 4.71238898038469 6.28318530717959
4 CN 125 0 126 0
2  1074 125 0 4.71238898038469 6.28318530717959
2  1075 126 0 4.71238898038469 6.28318530717959
0

0101000
+267 0 -269 0 *
Ve
1e-07
37 7.612048458046 115
0 0

0101101
*
Ed
 1e-07 1 1 0
1  513 0 2 17.224096916092
4 CN 125 0 126 0
2  1076 125 0 2 17.224096916092
2  1077 126 0 2 17.224096916092
0

0101000
+267 0 -265 0 *
Ve
1e-07
39 9.612048458046 115
0 0

0101101
*
Ed
 1e-07 1 1 0
1  514 0 1.5707963267949 3.14159265358979
4 CN 125 0 126 0
2  1078 125 0 1.5707963267949 3.14159265358979
2  1079 126 0 1.5707963267949 3.14159265358979
0

0101000
+265 0 -263 0 *
Ed
 1e-07 1 1 0
1  515 0 2 2.857352200569
4 CN 125 0 126 0
2  1080 125 0 2 2.857352200569
2  1081 126 0 2 2.857352200569
0

0101000
+263 0 -732 0 *
Wi

0101100
+716 0 -711 0 -706 0 -701 0 +696 0 +359 0 -357 0 -355 0 +353 0 +351 0 
+349 0 +348 0 +670 0 -664 0 -659 0 -654 0 +649 0 +346 0 -344 0 -342 0 
+340 0 +338 0 +336 0 +335 0 +623 0 -617 0 -612 0 -607 0 +602 0 +333 0 
-331 0 -329 0 +327 0 +325 0 +323 0 +322 0 +576 0 -570 0 -565 0 -560 0 
+555 0 +320 0 -318 0 -316 0 +314 0 +312 0 +310 0 +309 0 +529 0 -523 0 
-518 0 -513 0 +508 0 +307 0 -305 0 -303 0 +301 0 +299 0 +297 0 +296 0 
+482 0 -476 0 -471 0 -466 0 +461 0 +294 0 -292 0 -290 0 +288 0 +286 0 
+284 0 +283 0 +435 0 -429 0 -424 0 -419 0 +414 0 +281 0 -279 0 -277 0 
+275 0 +273 0 +271 0 +270 0 +388 0 -382 0 -377 0 -372 0 +368 0 -725 0 
-735 0 -268 0 -266 0 +264 0 +262 0 +261 0 +730 0 +721 0 *
Wi

0101100
-364 0 *
Fa
0  1e-07 125 0

0101000
+260 0 +259 0 *
Wi

0101100
+733 0 +731 0 -261 0 -262 0 -264 0 +266 0 +268 0 *
Fa
0  1e-07 126 0

0101000
+257 0 *
Ve
1e-07
36.072676147679 22.479186856124 115
0 0

0101101
*
Ed
 1e-07 1 1 0
1  516 0 1.0588406712934 2.3561944901927
2  1082 127 0 1.0588406712934 2.3561944901927
2  1083 24 0 1.0588406712934 2.3561944901927
0

0101000
+697 0 -255 0 *
Ed
 1e-07 1 1 0
1  517 0 0 15
2  1084 127 0 0 15
4 G1 127 0 23 0
2  1085 23 0 0 15
0

0101000
+692 0 -255 0 *
Wi

0101100
+695 0 +254 0 -253 0 -677 0 *
Fa
0  1e-07 127 0

0101000
+252 0 *
Ed
 1e-07 1 1 0
1  49 0 0 13.5
2  134 26 0 0 13.5
4 G1 23 0 26 0
2  135 23 0 0 13.5
0

0101000
+691 0 -1638 0 *
Ed
 1e-07 1 1 0
1  47 0 4.40241938109449 31.3070195839351
2  125 23 0 4.40241938109449 31.3070195839351
2  126 24 0 4.40241938109449 31.3070195839351
0

0101000
+255 0 -1648 0 *
Wi

0101100
-690 0 -250 0 -1630 0 -1631 0 +249 0 +253 0 *
Fa
0  1e-07 23 0

0101000
+248 0 *
Ed
 1e-07 1 1 0
1  61 0 0 13.5
2  158 26 0 0 13.5
2  159 28 0 0 13.5
0

0101000
+689 0 -1610 0 *
Wi

0101100
+246 0 -688 0 -250 0 -1609 0 *
Fa
0  1e-07 26 0

0101000
+245 0 *
Ed
 1e-07 1 1 0
1  65 0 0.2 13.7
2  174 28 0 0.2 13.7
2  175 29 0 0.2 13.7
4 CN 28 0 29 0
0

0101000
+687 0 -1594 0 *
Wi

0101100
-246 0 -1592 0 +243 0 +686 0 *
Fa
0  1e-07 28 0

0101000
+242 0 *
Ed
 1e-07 1 1 0
1  64 0 0 13.5
2  171 29 0 0 13.5
2  172 27 0 0 13.5
0

0101000
+685 0 -1596 0 *
Wi

0101100
-243 0 -1593 0 +240 0 +684 0 *
Fa
0  1e-07 29 0

0101000
+239 0 *
Ed
 1e-07 1 1 0
1  55 0 0 13.5
2  146 27 0 0 13.5
4 G1 27 0 25 0
2  147 25 0 0 13.5
0

0101000
+683 0 -1622 0 *
Wi

0101100
-240 0 -1595 0 +237 0 +682 0 *
Fa
0  1e-07 27 0

0101000
+236 0 *
Ve
1e-07
22.479186856124 36.072676147679 115
0 0

0101101
*
Ed
 1e-07 1 1 0
1  48 0 4.40241938109449 31.3070195839351
2  130 25 0 4.40241938109449 31.3070195839351
2  131 24 0 4.40241938109449 31.3070195839351
0

0101000
+234 0 -1643 0 *
Ed
 1e-07 1 1 0
1  518 0 0 15
2  1086 128 0 0 15
4 G1 128 0 25 0
2  1087 25 0 0 15
0

0101000
+681 0 -234 0 *
Wi

0101100
-680 0 -237 0 -1616 0 -1617 0 +233 0 +232 0 *
Fa
0  1e-07 25 0

0101000
+231 0 *
Ed
 1e-07 1 1 0
1  519 0 5.77122965167809 7.06858347057739
2  1088 128 0 5.77122965167809 7.06858347057739
2  1089 24 0 5.77122965167809 7.06858347057739
0

0101000
+672 0 -234 0 *
Wi

0101100
+679 0 +232 0 -229 0 -669 0 *
Fa
0  1e-07 128 0

0101000
+228 0 *
Ve
1e-07
9.612048458046 41.402419381094 115
0 0

0101101
*
Ed
 1e-07 1 1 0
1  520 0 0.273442507895584 1.5707963267949
2  1090 129 0 0.273442507895584 1.5707963267949
2  1091 38 0 0.273442507895584 1.5707963267949
0

0101000
+650 0 -226 0 *
Ed
 1e-07 1 1 0
1  521 0 0 15
2  1092 129 0 0 15
4 G1 129 0 37 0
2  1093 37 0 0 15
0

0101000
+645 0 -226 0 *
Wi

0101100
+648 0 +225 0 -224 0 -630 0 *
Fa
0  1e-07 129 0

0101000
+223 0 *
Ed
 1e-07 1 1 0
1  87 0 0 13.5
2  238 40 0 0 13.5
4 G1 37 0 40 0
2  239 37 0 0 13.5
0

0101000
+644 0 -1500 0 *
Ed
 1e-07 1 1 0
1  85 0 4.402419381094 31.307019583936
2  229 37 0 4.402419381094 31.307019583936
2  230 38 0 4.402419381094 31.307019583936
0

0101000
+226 0 -1510 0 *
Wi

0101100
-643 0 -221 0 -1492 0 -1493 0 +220 0 +224 0 *
Fa
0  1e-07 37 0

0101000
+219 0 *
Ed
 1e-07 1 1 0
1  99 0 0 13.5
2  262 40 0 0 13.5
2  263 42 0 0 13.5
0

0101000
+642 0 -1472 0 *
Wi

0101100
+217 0 -641 0 -221 0 -1471 0 *
Fa
0  1e-07 40 0

0101000
+216 0 *
Ed
 1e-07 1 1 0
1  103 0 0.2 13.7
2  278 42 0 0.2 13.7
2  279 43 0 0.2 13.7
4 CN 42 0 43 0
0

0101000
+640 0 -1456 0 *
Wi

0101100
-217 0 -1454 0 +214 0 +639 0 *
Fa
0  1e-07 42 0

0101000
+213 0 *
Ed
 1e-07 1 1 0
1  102 0 0 13.5
2  275 43 0 0 13.5
2  276 41 0 0 13.5
0

0101000
+638 0 -1458 0 *
Wi

0101100
-214 0 -1455 0 +211 0 +637 0 *
Fa
0  1e-07 43 0

0101000
+210 0 *
Ed
 1e-07 1 1 0
1  93 0 0 13.5
2  250 41 0 0 13.5
4 G1 41 0 39 0
2  251 39 0 0 13.5
0

0101000
+636 0 -1484 0 *
Wi

0101100
-211 0 -1457 0 +208 0 +635 0 *
Fa
0  1e-07 41 0

0101000
+207 0 *
Ve
1e-07
-9.612048458046 41.402419381094 115
0 0

0101101
*
Ed
 1e-07 1 1 0
1  86 0 4.402419381094 31.3070195839359
2  234 39 0 4.402419381094 31.3070195839359
2  235 38 0 4.402419381094 31.3070195839359
0

0101000
+205 0 -1505 0 *
Ed
 1e-07 1 1 0
1  522 0 0 15
2  1094 130 0 0 15
4 G1 130 0 39 0
2  1095 39 0 0 15
0

0101000
+634 0 -205 0 *
Wi

0101100
-633 0 -208 0 -1478 0 -1479 0 +204 0 +203 0 *
Fa
0  1e-07 39 0

0101000
+202 0 *
Ed
 1e-07 1 1 0
1  523 0 0.273442507896547 1.5707963267949
2  1096 130 0 0.273442507896547 1.5707963267949
2  1097 38 0 0.273442507896547 1.5707963267949
0

0101000
+625 0 -205 0 *
Wi

0101100
+632 0 +203 0 -200 0 -622 0 *
Fa
0  1e-07 130 0

0101000
+199 0 *
Ve
1e-07
-22.47918685612 36.07267614768 115
0 0

0101101
*
Ed
 1e-07 1 1 0
1  524 0 5.77122965167741 7.06858347057951
2  1098 131 0 5.77122965167741 7.06858347057951
2  1099 52 0 5.77122965167741 7.06858347057951
0

0101000
+603 0 -197 0 *
Ed
 1e-07 1 1 0
1  525 0 0 15
2  1100 131 0 0 15
4 G1 131 0 51 0
2  1101 51 0 0 15
0

0101000
+598 0 -197 0 *
Wi

0101100
+601 0 +196 0 -195 0 -583 0 *
Fa
0  1e-07 131 0

0101000
+194 0 *
Ed
 1e-07 1 1 0
1  125 0 0 13.5
2  342 54 0 0 13.5
4 G1 51 0 54 0
2  343 51 0 0 13.5
0

0101000
+597 0 -1362 0 *
Ed
 1e-07 1 1 0
1  123 0 4.40241938109591 31.3070195839381
2  333 51 0 4.40241938109591 31.3070195839381
2  334 52 0 4.40241938109591 31.3070195839381
0

0101000
+197 0 -1372 0 *
Wi

0101100
-596 0 -192 0 -1354 0 -1355 0 +191 0 +195 0 *
Fa
0  1e-07 51 0

0101000
+190 0 *
Ed
 1e-07 1 1 0
1  137 0 0 13.5
2  366 54 0 0 13.5
2  367 56 0 0 13.5
0

0101000
+595 0 -1334 0 *
Wi

0101100
+188 0 -594 0 -192 0 -1333 0 *
Fa
0  1e-07 54 0

0101000
+187 0 *
Ed
 1e-07 1 1 0
1  141 0 0.2 13.7
2  382 56 0 0.2 13.7
2  383 57 0 0.2 13.7
4 CN 56 0 57 0
0

0101000
+593 0 -1318 0 *
Wi

0101100
-188 0 -1316 0 +185 0 +592 0 *
Fa
0  1e-07 56 0

0101000
+184 0 *
Ed
 1e-07 1 1 0
1  140 0 0 13.5
2  379 57 0 0 13.5
2  380 55 0 0 13.5
0

0101000
+591 0 -1320 0 *
Wi

0101100
-185 0 -1317 0 +182 0 +590 0 *
Fa
0  1e-07 57 0

0101000
+181 0 *
Ed
 1e-07 1 1 0
1  131 0 0 13.5
2  354 55 0 0 13.5
4 G1 55 0 53 0
2  355 53 0 0 13.5
0

0101000
+589 0 -1346 0 *
Wi

0101100
-182 0 -1319 0 +179 0 +588 0 *
Fa
0  1e-07 55 0

0101000
+178 0 *
Ve
1e-07
-36.07267614767 22.479186856124 115
0 0

0101101
*
Ed
 1e-07 1 1 0
1  124 0 4.40241938108813 31.3070195839351
2  338 53 0 4.40241938108813 31.3070195839351
2  339 52 0 4.40241938108813 31.3070195839351
0

0101000
+176 0 -1367 0 *
Ed
 1e-07 1 1 0
1  526 0 0 15
2  1102 132 0 0 15
4 G1 132 0 53 0
2  1103 53 0 0 15
0

0101000
+587 0 -176 0 *
Wi

0101100
-586 0 -179 0 -1340 0 -1341 0 +175 0 +174 0 *
Fa
0  1e-07 53 0

0101000
+173 0 *
Ed
 1e-07 1 1 0
1  527 0 1.05884067129487 2.35619449019022
2  1104 132 0 1.05884067129487 2.35619449019022
2  1105 52 0 1.05884067129487 2.35619449019022
0

0101000
+578 0 -176 0 *
Wi

0101100
+585 0 +174 0 -171 0 -575 0 *
Fa
0  1e-07 132 0

0101000
+170 0 *
Ve
1e-07
-41.40241938109 9.612048458046 115
0 0

0101101
*
Ed
 1e-07 1 1 0
1  528 0 4.98583148828054 6.28318530717959
2  1106 133 0 4.98583148828054 6.28318530717959
2  1107 59 0 4.98583148828054 6.28318530717959
0

0101000
+556 0 -168 0 *
Ed
 1e-07 1 1 0
1  529 0 0 15
2  1108 133 0 0 15
4 G1 133 0 58 0
2  1109 58 0 0 15
0

0101000
+551 0 -168 0 *
Wi

0101100
+554 0 +167 0 -166 0 -536 0 *
Fa
0  1e-07 133 0

0101000
+165 0 *
Ed
 1e-07 1 1 0
1  144 0 0 13.5
2  394 61 0 0 13.5
4 G1 58 0 61 0
2  395 58 0 0 13.5
0

0101000
+550 0 -1293 0 *
Ed
 1e-07 1 1 0
1  142 0 4.40241938109 31.3070195839359
2  385 58 0 4.40241938109 31.3070195839359
2  386 59 0 4.40241938109 31.3070195839359
0

0101000
+168 0 -1303 0 *
Wi

0101100
-549 0 -163 0 -1285 0 -1286 0 +162 0 +166 0 *
Fa
0  1e-07 58 0

0101000
+161 0 *
Ed
 1e-07 1 1 0
1  156 0 0 13.5
2  418 61 0 0 13.5
2  419 63 0 0 13.5
0

0101000
+548 0 -1265 0 *
Wi

0101100
+159 0 -547 0 -163 0 -1264 0 *
Fa
0  1e-07 61 0

0101000
+158 0 *
Ed
 1e-07 1 1 0
1  160 0 0.2 13.7
2  434 63 0 0.2 13.7
2  435 64 0 0.2 13.7
4 CN 63 0 64 0
0

0101000
+546 0 -1249 0 *
Wi

0101100
-159 0 -1247 0 +156 0 +545 0 *
Fa
0  1e-07 63 0

0101000
+155 0 *
Ed
 1e-07 1 1 0
1  159 0 0 13.5
2  431 64 0 0 13.5
2  432 62 0 0 13.5
0

0101000
+544 0 -1251 0 *
Wi

0101100
-156 0 -1248 0 +153 0 +543 0 *
Fa
0  1e-07 64 0

0101000
+152 0 *
Ed
 1e-07 1 1 0
1  150 0 0 13.5
2  406 62 0 0 13.5
4 G1 62 0 60 0
2  407 60 0 0 13.5
0

0101000
+542 0 -1277 0 *
Wi

0101100
-153 0 -1250 0 +150 0 +541 0 *
Fa
0  1e-07 62 0

0101000
+149 0 *
Ve
1e-07
-41.40241938109 -9.612048458046 115
0 0

0101101
*
Ed
 1e-07 1 1 0
1  143 0 4.40241938109 31.3070195839359
2  390 60 0 4.40241938109 31.3070195839359
2  391 59 0 4.40241938109 31.3070195839359
0

0101000
+147 0 -1298 0 *
Ed
 1e-07 1 1 0
1  530 0 0 15
2  1110 134 0 0 15
4 G1 134 0 60 0
2  1111 60 0 0 15
0

0101000
+540 0 -147 0 *
Wi

0101100
-539 0 -150 0 -1271 0 -1272 0 +146 0 +145 0 *
Fa
0  1e-07 60 0

0101000
+144 0 *
Ed
 1e-07 1 1 0
1  531 0 1.84423883469171 3.14159265358979
2  1112 134 0 1.84423883469171 3.14159265358979
2  1113 59 0 1.84423883469171 3.14159265358979
0

0101000
+531 0 -147 0 *
Wi

0101100
+538 0 +145 0 -142 0 -528 0 *
Fa
0  1e-07 134 0

0101000
+141 0 *
Ve
1e-07
-36.07267614768 -22.47918685612 115
0 0

0101101
*
Ed
 1e-07 1 1 0
1  532 0 4.20043332488178 5.49778714378567
2  1114 135 0 4.20043332488178 5.49778714378567
2  1115 45 0 4.20043332488178 5.49778714378567
0

0101000
+509 0 -139 0 *
Ed
 1e-07 1 1 0
1  533 0 0 15
2  1116 135 0 0 15
4 G1 44 0 135 0
2  1117 44 0 0 15
0

0101000
+504 0 -139 0 *
Wi

0101100
+507 0 +138 0 -137 0 -489 0 *
Fa
0  1e-07 135 0

0101000
+136 0 *
Ed
 1e-07 1 1 0
1  106 0 0 13.5
2  290 47 0 0 13.5
4 G1 44 0 47 0
2  291 44 0 0 13.5
0

0101000
+503 0 -1431 0 *
Ed
 1e-07 1 1 0
1  104 0 4.40241938109591 31.3070195839381
2  281 44 0 4.40241938109591 31.3070195839381
2  282 45 0 4.40241938109591 31.3070195839381
0

0101000
+139 0 -1441 0 *
Wi

0101100
-502 0 -134 0 -1423 0 -1424 0 +133 0 +137 0 *
Fa
0  1e-07 44 0

0101000
+132 0 *
Ed
 1e-07 1 1 0
1  118 0 0 13.5
2  314 47 0 0 13.5
2  315 49 0 0 13.5
0

0101000
+501 0 -1403 0 *
Wi

0101100
+130 0 -500 0 -134 0 -1402 0 *
Fa
0  1e-07 47 0

0101000
+129 0 *
Ed
 1e-07 1 1 0
1  122 0 0.2 13.7
2  330 49 0 0.2 13.7
2  331 50 0 0.2 13.7
4 CN 49 0 50 0
0

0101000
+499 0 -1389 0 *
Wi

0101100
-130 0 -1386 0 +127 0 +498 0 *
Fa
0  1e-07 49 0

0101000
+126 0 *
Ed
 1e-07 1 1 0
1  121 0 0 13.5
2  327 50 0 0 13.5
2  328 48 0 0 13.5
0

0101000
+497 0 -1388 0 *
Wi

0101100
-127 0 -1387 0 +124 0 +496 0 *
Fa
0  1e-07 50 0

0101000
+123 0 *
Ed
 1e-07 1 1 0
1  112 0 0 13.5
2  302 48 0 0 13.5
4 G1 48 0 46 0
2  303 46 0 0 13.5
0

0101000
+495 0 -1415 0 *
Wi

0101100
-124 0 -1385 0 +121 0 +494 0 *
Fa
0  1e-07 48 0

0101000
+120 0 *
Ve
1e-07
-22.47918685612 -36.07267614768 115
0 0

0101101
*
Ed
 1e-07 1 1 0
1  105 0 4.40241938109591 31.3070195839381
2  286 46 0 4.40241938109591 31.3070195839381
2  287 45 0 4.40241938109591 31.3070195839381
0

0101000
+118 0 -1436 0 *
Ed
 1e-07 1 1 0
1  534 0 0 15
2  1118 136 0 0 15
4 G1 136 0 46 0
2  1119 46 0 0 15
0

0101000
+493 0 -118 0 *
Wi

0101100
-492 0 -121 0 -1409 0 -1410 0 +117 0 +116 0 *
Fa
0  1e-07 46 0

0101000
+115 0 *
Ed
 1e-07 1 1 0
1  535 0 2.62963699808688 3.92699081699078
2  1120 136 0 2.62963699808688 3.92699081699078
2  1121 45 0 2.62963699808688 3.92699081699078
0

0101000
+484 0 -118 0 *
Wi

0101100
+491 0 +116 0 -113 0 -481 0 *
Fa
0  1e-07 136 0

0101000
+112 0 *
Ve
1e-07
-9.612048458046 -41.40241938109 115
0 0

0101101
*
Ed
 1e-07 1 1 0
1  536 0 3.41503516148661 4.71238898038469
2  1122 137 0 3.41503516148661 4.71238898038469
2  1123 31 0 3.41503516148661 4.71238898038469
0

0101000
+462 0 -110 0 *
Ed
 1e-07 1 1 0
1  537 0 0 15
2  1124 137 0 0 15
4 G1 30 0 137 0
2  1125 30 0 0 15
0

0101000
+457 0 -110 0 *
Wi

0101100
+460 0 +109 0 -108 0 -442 0 *
Fa
0  1e-07 137 0

0101000
+107 0 *
Ed
 1e-07 1 1 0
1  68 0 0 13.5
2  186 33 0 0 13.5
4 G1 30 0 33 0
2  187 30 0 0 13.5
0

0101000
+456 0 -1569 0 *
Ed
 1e-07 1 1 0
1  66 0 4.40241938109 31.3070195839359
2  177 30 0 4.40241938109 31.3070195839359
2  178 31 0 4.40241938109 31.3070195839359
0

0101000
+110 0 -1579 0 *
Wi

0101100
-455 0 -105 0 -1561 0 -1562 0 +104 0 +108 0 *
Fa
0  1e-07 30 0

0101000
+103 0 *
Ed
 1e-07 1 1 0
1  80 0 0 13.5
2  210 33 0 0 13.5
2  211 35 0 0 13.5
0

0101000
+454 0 -1541 0 *
Wi

0101100
+101 0 -453 0 -105 0 -1540 0 *
Fa
0  1e-07 33 0

0101000
+100 0 *
Ed
 1e-07 1 1 0
1  84 0 0.2 13.7
2  226 35 0 0.2 13.7
2  227 36 0 0.2 13.7
4 CN 35 0 36 0
0

0101000
+452 0 -1527 0 *
Wi

0101100
-101 0 -1524 0 +98 0 +451 0 *
Fa
0  1e-07 35 0

0101000
+97 0 *
Ed
 1e-07 1 1 0
1  83 0 0 13.5
2  223 36 0 0 13.5
2  224 34 0 0 13.5
0

0101000
+450 0 -1526 0 *
Wi

0101100
-98 0 -1525 0 +95 0 +449 0 *
Fa
0  1e-07 36 0

0101000
+94 0 *
Ed
 1e-07 1 1 0
1  74 0 0 13.5
2  198 34 0 0 13.5
4 G1 34 0 32 0
2  199 32 0 0 13.5
0

0101000
+448 0 -1553 0 *
Wi

0101100
-95 0 -1523 0 +92 0 +447 0 *
Fa
0  1e-07 34 0

0101000
+91 0 *
Ve
1e-07
9.612048458045 -41.40241938109 115
0 0

0101101
*
Ed
 1e-07 1 1 0
1  67 0 4.40241938109 31.3070195839362
2  182 32 0 4.40241938109 31.3070195839362
2  183 31 0 4.40241938109 31.3070195839362
0

0101000
+89 0 -1574 0 *
Ed
 1e-07 1 1 0
1  538 0 0 15
2  1126 138 0 0 15
4 G1 138 0 32 0
2  1127 32 0 0 15
0

0101000
+446 0 -89 0 *
Wi

0101100
-445 0 -92 0 -1547 0 -1548 0 +88 0 +87 0 *
Fa
0  1e-07 32 0

0101000
+86 0 *
Ed
 1e-07 1 1 0
1  539 0 3.41503516148565 4.71238898038469
2  1128 138 0 3.41503516148565 4.71238898038469
2  1129 31 0 3.41503516148565 4.71238898038469
0

0101000
+437 0 -89 0 *
Wi

0101100
+444 0 +87 0 -84 0 -434 0 *
Fa
0  1e-07 138 0

0101000
+83 0 *
Ve
1e-07
22.479186856124 -36.07267614767 115
0 0

0101101
*
Ed
 1e-07 1 1 0
1  540 0 2.62963699808977 3.92699081698512
2  1130 139 0 2.62963699808977 3.92699081698512
2  1131 17 0 2.62963699808977 3.92699081698512
0

0101000
+415 0 -81 0 *
Ed
 1e-07 1 1 0
1  541 0 0 15
2  1132 139 0 0 15
4 G1 16 0 139 0
2  1133 16 0 0 15
0

0101000
+410 0 -81 0 *
Wi

0101100
+413 0 +80 0 -79 0 -395 0 *
Fa
0  1e-07 139 0

0101000
+78 0 *
Ed
 1e-07 1 1 0
1  30 0 0 13.5
2  82 19 0 0 13.5
4 G1 16 0 19 0
2  83 16 0 0 13.5
0

0101000
+409 0 -1707 0 *
Ed
 1e-07 1 1 0
1  28 0 4.40241938108813 31.3070195839351
2  73 16 0 4.40241938108813 31.3070195839351
2  74 17 0 4.40241938108813 31.3070195839351
0

0101000
+81 0 -1717 0 *
Wi

0101100
-408 0 -76 0 -1699 0 -1700 0 +75 0 +79 0 *
Fa
0  1e-07 16 0

0101000
+74 0 *
Ed
 1e-07 1 1 0
1  42 0 0 13.5
2  106 19 0 0 13.5
2  107 21 0 0 13.5
0

0101000
+407 0 -1679 0 *
Wi

0101100
+72 0 -406 0 -76 0 -1678 0 *
Fa
0  1e-07 19 0

0101000
+71 0 *
Ed
 1e-07 1 1 0
1  46 0 0.2 13.7
2  122 21 0 0.2 13.7
2  123 22 0 0.2 13.7
4 CN 21 0 22 0
0

0101000
+405 0 -1665 0 *
Wi

0101100
-72 0 -1662 0 +69 0 +404 0 *
Fa
0  1e-07 21 0

0101000
+68 0 *
Ed
 1e-07 1 1 0
1  45 0 0 13.5
2  119 22 0 0 13.5
2  120 20 0 0 13.5
0

0101000
+403 0 -1664 0 *
Wi

0101100
-69 0 -1663 0 +66 0 +402 0 *
Fa
0  1e-07 22 0

0101000
+65 0 *
Ed
 1e-07 1 1 0
1  36 0 0 13.5
2  94 20 0 0 13.5
4 G1 20 0 18 0
2  95 18 0 0 13.5
0

0101000
+401 0 -1691 0 *
Wi

0101100
-66 0 -1661 0 +63 0 +400 0 *
Fa
0  1e-07 20 0

0101000
+62 0 *
Ve
1e-07
36.07267614768 -22.47918685612 115
0 0

0101101
*
Ed
 1e-07 1 1 0
1  29 0 4.40241938109591 31.3070195839381
2  78 18 0 4.40241938109591 31.3070195839381
2  79 17 0 4.40241938109591 31.3070195839381
0

0101000
+60 0 -1712 0 *
Ed
 1e-07 1 1 0
1  542 0 0 15
2  1134 140 0 0 15
4 G1 140 0 18 0
2  1135 18 0 0 15
0

0101000
+399 0 -60 0 *
Wi

0101100
-398 0 -63 0 -1685 0 -1686 0 +59 0 +58 0 *
Fa
0  1e-07 18 0

0101000
+57 0 *
Ed
 1e-07 1 1 0
1  543 0 4.20043332488251 5.49778714378461
2  1136 140 0 4.20043332488251 5.49778714378461
2  1137 17 0 4.20043332488251 5.49778714378461
0

0101000
+390 0 -60 0 *
Wi

0101100
+397 0 +58 0 -55 0 -387 0 *
Fa
0  1e-07 140 0

0101000
+54 0 *
Ed
 1e-07 1 1 0
1  544 0 0.548755477438321 1.02204084935658
4 C1 24 0 141 0
2  1138 24 0 0.548755477438321 1.02204084935658
2  1139 141 0 0.548755477438321 1.02204084935658
0

0101000
+360 0 -350 0 *
Wi

0101100
+254 0 -359 0 -52 0 -348 0 -229 0 -233 0 +1641 0 +249 0 *
Fa
0  1e-07 24 0

0101000
+51 0 *
Wi

0101100
+357 0 +52 0 -349 0 -351 0 -353 0 +355 0 *
Fa
0  1e-07 141 0

0101000
+49 0 *
Ed
 1e-07 1 1 0
1  545 0 1.33415364083581 1.80743901275398
4 G2 38 0 142 0
2  1140 38 0 1.33415364083581 1.80743901275398
2  1141 142 0 1.33415364083581 1.80743901275398
0

0101000
+347 0 -337 0 *
Wi

0101100
+225 0 -346 0 -47 0 -335 0 -200 0 -204 0 +1503 0 +220 0 *
Fa
0  1e-07 38 0

0101000
+46 0 *
Wi

0101100
+47 0 -336 0 -338 0 -340 0 +342 0 +344 0 *
Fa
0  1e-07 142 0

0101000
+44 0 *
Ed
 1e-07 1 1 0
1  546 0 2.11955180423313 2.59283717615146
4 C1 52 0 143 0
2  1142 52 0 2.11955180423313 2.59283717615146
2  1143 143 0 2.11955180423313 2.59283717615146
0

0101000
+334 0 -324 0 *
Wi

0101100
+196 0 -333 0 -42 0 -322 0 -171 0 -175 0 +1365 0 +191 0 *
Fa
0  1e-07 52 0

0101000
+41 0 *
Wi

0101100
+42 0 -323 0 -325 0 -327 0 +329 0 +331 0 *
Fa
0  1e-07 143 0

0101000
+39 0 *
Ed
 1e-07 1 1 0
1  547 0 2.90494996763066 3.37823533954898
4 G2 59 0 144 0
2  1144 59 0 2.90494996763066 3.37823533954898
2  1145 144 0 2.90494996763066 3.37823533954898
0

0101000
+321 0 -311 0 *
Wi

0101100
+167 0 -320 0 -37 0 -309 0 -142 0 -146 0 +1296 0 +162 0 *
Fa
0  1e-07 59 0

0101000
+36 0 *
Wi

0101100
+37 0 -310 0 -312 0 -314 0 +316 0 +318 0 *
Fa
0  1e-07 144 0

0101000
+34 0 *
Ed
 1e-07 1 1 0
1  548 0 3.69034813102804 4.16363350294644
4 C1 45 0 145 0
2  1146 45 0 3.69034813102804 4.16363350294644
2  1147 145 0 3.69034813102804 4.16363350294644
0

0101000
+308 0 -298 0 *
Wi

0101100
+138 0 -307 0 -32 0 -296 0 -113 0 -117 0 +1434 0 +133 0 *
Fa
0  1e-07 45 0

0101000
+31 0 *
Wi

0101100
+32 0 -297 0 -299 0 -301 0 +303 0 +305 0 *
Fa
0  1e-07 145 0

0101000
+29 0 *
Ed
 1e-07 1 1 0
1  549 0 4.47574629442553 4.94903166634383
4 G2 31 0 146 0
2  1148 31 0 4.47574629442553 4.94903166634383
2  1149 146 0 4.47574629442553 4.94903166634383
0

0101000
+295 0 -285 0 *
Wi

0101100
+109 0 -294 0 -27 0 -283 0 -84 0 -88 0 +1572 0 +104 0 *
Fa
0  1e-07 31 0

0101000
+26 0 *
Wi

0101100
+27 0 -284 0 -286 0 -288 0 +290 0 +292 0 *
Fa
0  1e-07 146 0

0101000
+24 0 *
Ed
 1e-07 1 1 0
1  550 0 5.26114445782302 5.73442982974135
4 C1 17 0 147 0
2  1150 17 0 5.26114445782302 5.73442982974135
2  1151 147 0 5.26114445782302 5.73442982974135
0

0101000
+282 0 -272 0 *
Wi

0101100
+80 0 -281 0 -22 0 -270 0 -55 0 -59 0 +1710 0 +75 0 *
Fa
0  1e-07 17 0

0101000
+21 0 *
Wi

0101100
+22 0 -271 0 -273 0 -275 0 +277 0 +279 0 *
Fa
0  1e-07 147 0

0101000
+19 0 *
Sh

0101100
-957 0 -951 0 +948 0 +945 0 +942 0 +939 0 +934 0 -739 0 -737 0 +1728 0 
+1749 0 +728 0 -723 0 +1752 0 -718 0 +713 0 -708 0 -703 0 -698 0 +693 0 
-675 0 -673 0 +666 0 -661 0 -656 0 -651 0 +646 0 -628 0 -626 0 +619 0 
-614 0 -609 0 -604 0 +599 0 -581 0 -579 0 +572 0 -567 0 -562 0 -557 0 
+552 0 -534 0 -532 0 +525 0 -520 0 -515 0 -510 0 +505 0 -487 0 -485 0 
+478 0 -473 0 -468 0 -463 0 +458 0 -440 0 -438 0 +431 0 -426 0 -421 0 
-416 0 +411 0 -393 0 -391 0 +384 0 -379 0 -374 0 -369 0 +366 0 -361 0 
+258 0 +256 0 -251 0 -247 0 +244 0 +241 0 +238 0 +235 0 +230 0 -227 0 
-222 0 -218 0 +215 0 +212 0 +209 0 +206 0 +201 0 -198 0 -193 0 -189 0 
+186 0 +183 0 +180 0 +177 0 +172 0 -169 0 -164 0 -160 0 +157 0 +154 0 
+151 0 +148 0 +143 0 -140 0 -135 0 -131 0 +128 0 +125 0 +122 0 +119 0 
+114 0 -111 0 -106 0 -102 0 +99 0 +96 0 +93 0 +90 0 +85 0 -82 0 
-77 0 -73 0 +70 0 +67 0 +64 0 +61 0 +56 0 -53 0 +50 0 +48 0 
+45 0 +43 0 +40 0 +38 0 +35 0 +33 0 +30 0 +28 0 +25 0 +23 0 
+20 0 +18 0 +1590 0 +1611 0 +1452 0 +1473 0 +1314 0 +1335 0 +1245 0 +1266 0 
+1383 0 +1404 0 +1521 0 +1542 0 +1659 0 +1680 0 *
So

0100000
+17 0 *
Ve
1e-07
74.98 0 115
0 0

0101101
*
Ed
 1e-07 1 1 0
1  551 0 0 6
0

0101000
+1791 0 -15 0 *
Ed
 1e-07 1 1 0
1  27 0 0 1.5
3  69 70CN 13 0 0 1.5
0

0101000
+15 0 -1734 0 *
Ed
 1e-07 1 1 0
1  552 0 0 4.5
0

0101000
+1734 0 -1756 0 *
Wi

0101100
+14 0 +13 0 +12 0 +1755 0 *
Fa
0  1e-07 148 0

0111000
+11 0 *
Ve
1e-07
74.98 0 115
0 0

0101101
*
Ed
 1e-07 1 1 0
1  553 0 0 5.3
0

0101000
+1797 0 -9 0 *
Ed
 1e-07 1 1 0
1  554 0 0 0.799999999999997
3  1152 1153CN 14 0 0 0.799999999999997
0

0101000
+9 0 -1741 0 *
Ed
 1e-07 1 1 0
1  555 0 0 4.5
0

0101000
+1741 0 -1775 0 *
Wi

0101100
+8 0 +7 0 +6 0 +1773 0 *
Fa
0  1e-07 149 0

0111000
+5 0 *
Ve
1e-07
70.48 0 115
0 0

0101101
*
Ve
1e-07
70.48 0 115
0 0

0101101
*
Co

1100000
+1718 0 +1649 0 +1580 0 +1511 0 +1442 0 +1373 0 +1304 0 +1235 0 +1203 0 +1171 0 
+1139 0 +1107 0 +1075 0 +1043 0 +1011 0 +979 0 +16 0 +10 0 +4 0 +3 0 
+2 0 *

+1 0 