t_s,local_s,dt_s,environment_C,max_C,min_C,surface_outflow_J,balance_J,maximum_step_temperature_change_C
1.053190172601194945e+02,1.000000000000000000e+01,1.000000000000000000e+01,2.000000000000000000e+02,4.716836871600426662e+02,2.534543213059035622e+02,1.038373546000069837e+03,3.137756721116602421e-11,2.449417159879391193e+01
1.153190172601194945e+02,2.000000000000000000e+01,1.000000000000000000e+01,2.000000000000000000e+02,4.500857611384930124e+02,2.529428832252423547e+02,1.000750882673521346e+03,-5.252331902738660574e-11,2.159931098668107552e+01
1.253190172601194945e+02,3.000000000000000000e+01,1.000000000000000000e+01,2.000000000000000000e+02,4.308367336370722001e+02,2.522661102740385672e+02,9.663900486542280532e+02,1.193711796076968312e-11,1.925215417666601070e+01
1.353190172601194945e+02,4.000000000000000000e+01,1.000000000000000000e+01,2.000000000000000000e+02,4.136326110469007631e+02,2.515318705816347915e+02,9.349318216004895703e+02,-2.023625711444765329e-11,1.720689039530952869e+01
1.453190172601194945e+02,5.000000000000000000e+01,1.000000000000000000e+01,2.000000000000000000e+02,3.982360853684452309e+02,2.507753802684460140e+02,9.059163329623423806e+02,7.287024470770120388e-05,1.539892524464630696e+01
1.553190172601194945e+02,6.000000000000000000e+01,1.000000000000000000e+01,2.000000000000000000e+02,3.844735431260531300e+02,2.500144417519367721e+02,8.789846507572954124e+02,2.672655159585701767e-05,1.376434509965588404e+01
1.653190172601194945e+02,7.000000000000000000e+01,1.000000000000000000e+01,2.000000000000000000e+02,3.721314787477808181e+02,2.492593883269186961e+02,8.538083318163036211e+02,1.797690424609754700e-05,1.234321612503987353e+01
1.753190172601194945e+02,8.000000000000000000e+01,1.000000000000000000e+01,2.000000000000000000e+02,3.610206497181409304e+02,2.485163613238506173e+02,8.301168803607737345e+02,1.225428570705844322e-05,1.111724481449954283e+01
1.853190172601194945e+02,9.000000000000000000e+01,1.000000000000000000e+01,2.000000000000000000e+02,3.509788033258201381e+02,2.477888624691996142e+02,8.076988814281678515e+02,8.456343266516341828e-06,1.004865679851991445e+01
1.953190172601194945e+02,1.000000000000000000e+02,1.000000000000000000e+01,2.000000000000000000e+02,3.418738107756470299e+02,2.470786465924327331e+02,7.863873028806690400e+02,5.903080705138563644e-06,9.110770674747698195e+00
2.053190172601194945e+02,1.100000000000000000e+02,1.000000000000000000e+01,2.000000000000000000e+02,3.335955651977196794e+02,2.463862942068437576e+02,7.660487646908762827e+02,4.166372605141077656e-06,8.283169311340088825e+00
2.153190172601194945e+02,1.200000000000000000e+02,1.000000000000000000e+01,2.000000000000000000e+02,3.260499411106874845e+02,2.457116024551588396e+02,7.465756707429603694e+02,2.972378183585533407e-06,7.549822058200902575e+00
2.253190172601194945e+02,1.300000000000000000e+02,1.000000000000000000e+01,2.000000000000000000e+02,3.191557841073377517e+02,2.450538609712903622e+02,7.278803584498956525e+02,2.143264509868458845e-06,6.897727791064028224e+00
2.353190172601194945e+02,1.400000000000000000e+02,1.000000000000000000e+01,2.000000000000000000e+02,3.128426523983084735e+02,2.444120491345813662e+02,7.098906976886730718e+02,1.561811586725525558e-06,6.316154516841095301e+00
2.453190172601194945e+02,1.500000000000000000e+02,1.000000000000000000e+01,2.000000000000000000e+02,3.070490704872612469e+02,2.437849770916130581e+02,6.925467486779486990e+02,1.150349135059514083e-06,5.796122648759478579e+00
2.553190172601194945e+02,1.600000000000000000e+02,1.000000000000000000e+01,2.000000000000000000e+02,3.017211473864873028e+02,2.431713855471199395e+02,6.757982040662431018e+02,8.564693416701629758e-07,5.330038003172660410e+00
2.653190172601194945e+02,1.700000000000000000e+02,1.000000000000000000e+01,2.000000000000000000e+02,2.967917248620768760e+02,2.425700150158743895e+02,6.595899500926714154e+02,4.086419266968732700e-06,4.947802728712190401e+00
2.753190172601194945e+02,1.800000000000000000e+02,1.000000000000000000e+01,2.000000000000000000e+02,2.922408049614627430e+02,2.419796524367468180e+02,6.438974328158157050e+02,4.971477665094425902e-07,4.557826694187156136e+00
2.853190172601194945e+02,1.900000000000000000e+02,1.000000000000000000e+01,2.000000000000000000e+02,2.880376865881083859e+02,2.413991610951512712e+02,6.286922921327779932e+02,3.820856591119081713e-07,4.208216967631187799e+00
2.953190172601194945e+02,2.000000000000000000e+02,1.000000000000000000e+01,2.000000000000000000e+02,2.841445648167945137e+02,2.408274983596117238e+02,6.139460264372185065e+02,2.968727130792103708e-07,3.897122082454643532e+00
3.053190172601194945e+02,2.100000000000000000e+02,1.000000000000000000e+01,2.000000000000000000e+02,2.805308437984544412e+02,2.402637246470130776e+02,5.996339502519084590e+02,2.333132442799978890e-07,3.617037626450610333e+00
3.153190172601194945e+02,2.200000000000000000e+02,1.000000000000000000e+01,2.000000000000000000e+02,2.771699616956197474e+02,2.397070061931816269e+02,5.857342182754964597e+02,1.853632056736387312e-07,3.363829280226752871e+00
3.253190172601194945e+02,2.300000000000000000e+02,1.000000000000000000e+01,2.000000000000000000e+02,2.740407713113958152e+02,2.391566135587802364e+02,5.722272923361931589e+02,1.489072474214481190e-07,3.134370822573657733e+00
3.353190172601194945e+02,2.400000000000000000e+02,1.000000000000000000e+01,2.000000000000000000e+02,2.711191083531479649e+02,2.386119173017599451e+02,5.590955477083549567e+02,1.208493358717532828e-07,2.926028559188466716e+00
3.453190172601194945e+02,2.500000000000000000e+02,1.000000000000000000e+01,2.000000000000000000e+02,2.683862333652909342e+02,2.380723818650127157e+02,5.463229646685304033e+02,9.903999398375162855e-08,2.736544926724718607e+00
3.553190172601194945e+02,2.600000000000000000e+02,1.000000000000000000e+01,2.000000000000000000e+02,2.658271977804571975e+02,2.375375584368007083e+02,5.338948823613063723e+02,8.198571777029428631e-08,2.563990260124171527e+00
3.653190172601194945e+02,2.700000000000000000e+02,1.000000000000000000e+01,2.000000000000000000e+02,2.634262956444318320e+02,2.370070773224825302e+02,5.217978004168317057e+02,6.846164524176856503e-08,2.406522232001748307e+00
3.753190172601194945e+02,2.800000000000000000e+02,1.000000000000000000e+01,2.000000000000000000e+02,2.611685312164370885e+02,2.364806402029385595e+02,5.100192178379116967e+02,5.762495902672526427e-08,2.262594014584010438e+00
3.853190172601194945e+02,2.900000000000000000e+02,1.000000000000000000e+01,2.000000000000000000e+02,2.590418278751059802e+02,2.359580125350392734e+02,4.985475012663205234e+02,4.894479843642329797e-08,2.130834186376830530e+00
3.953190172601194945e+02,3.000000000000000000e+02,1.000000000000000000e+01,2.000000000000000000e+02,2.570378470177129202e+02,2.354390162619622515e+02,4.873717765680793264e+02,4.181976009931531735e-08,2.010024268722361285e+00
4.053190172601194945e+02,3.100000000000000000e+02,1.000000000000000000e+01,2.000000000000000000e+02,2.551446933532486128e+02,2.349235229380527414e+02,4.764818390307310665e+02,3.597051545511931181e-08,1.899079835630146817e+00
4.153190172601194945e+02,3.200000000000000000e+02,1.000000000000000000e+01,2.000000000000000000e+02,2.533532269976902853e+02,2.344114473278546598e+02,4.658680784900985827e+02,3.108488044745172374e-08,1.797034390696239825e+00
4.253190172601194945e+02,3.300000000000000000e+02,1.000000000000000000e+01,2.000000000000000000e+02,2.516549524617605584e+02,2.339027415071436451e+02,4.555214164900593232e+02,2.705019142013043165e-08,1.703025470360813642e+00
4.353190172601194945e+02,3.400000000000000000e+02,1.000000000000000000e+01,2.000000000000000000e+02,2.500461768352661238e+02,2.333973894717481130e+02,4.454332531870804814e+02,2.367994511587312445e-08,1.616282584250740229e+00
4.453190172601194945e+02,3.500000000000000000e+02,1.000000000000000000e+01,2.000000000000000000e+02,2.485168220396080869e+02,2.328954022449240142e+02,4.355954221846886867e+02,2.079434580082306638e-08,1.536116697487273086e+00
4.553190172601194945e+02,3.600000000000000000e+02,1.000000000000000000e+01,2.000000000000000000e+02,2.470606923149203169e+02,2.323968134641805534e+02,4.260001518531657894e+02,1.831500640037120320e-08,1.461911022920702408e+00
4.653190172601194945e+02,3.700000000000000000e+02,1.000000000000000000e+01,2.000000000000000000e+02,2.456742981984195069e+02,2.319016754222428744e+02,4.166400319801708747e+02,1.620139755686977878e-08,1.393166452396940258e+00
4.753190172601194945e+02,3.800000000000000000e+02,1.000000000000000000e+01,2.000000000000000000e+02,2.443510197252849707e+02,2.314100555332843214e+02,4.075079848266215663e+02,1.440690766685293056e-08,1.329328479796743068e+00
4.853190172601194945e+02,3.900000000000000000e+02,1.000000000000000000e+01,2.000000000000000000e+02,2.430877065055935020e+02,2.309220331938543893e+02,3.985972398426784480e+02,1.278323225051281042e-08,1.269951343749568196e+00
4.953190172601194945e+02,4.000000000000000000e+02,1.000000000000000000e+01,2.000000000000000000e+02,2.418805790567071767e+02,2.304376970075278166e+02,3.899013114416397343e+02,1.143979488915647380e-08,1.214636184024357135e+00
5.053190172601194945e+02,4.100000000000000000e+02,1.000000000000000000e+01,2.000000000000000000e+02,2.407243024926462454e+02,2.299571423427831292e+02,3.814139793430753116e+02,1.024307039187988266e-08,1.163024376937613624e+00
5.153190172601194945e+02,4.200000000000000000e+02,1.000000000000000000e+01,2.000000000000000000e+02,2.396174743991223011e+02,2.294804691946940238e+02,3.731292710870155247e+02,9.175494142255047336e-09,1.114827568468797381e+00
5.253190172601194945e+02,4.300000000000000000e+02,1.000000000000000000e+01,2.000000000000000000e+02,2.385546864176585302e+02,2.290077803224600927e+02,3.650414463932733042e+02,8.261167749878950417e-09,1.069721197157690540e+00
5.353190172601194945e+02,4.400000000000000000e+02,1.000000000000000000e+01,2.000000000000000000e+02,2.375350239032017612e+02,2.285391796364594938e+02,3.571449830979462376e+02,7.406072199955815449e-09,1.027438295485524122e+00
5.453190172601194945e+02,4.500000000000000000e+02,1.000000000000000000e+01,2.000000000000000000e+02,2.365551911292207024e+02,2.280747708102795741e+02,3.494345644457681601e+02,6.700815902149770409e-09,9.877429412797482655e-01
5.553190172601194945e+02,4.600000000000000000e+02,1.000000000000000000e+01,2.000000000000000000e+02,2.356122580133276756e+02,2.276146560949717070e+02,3.419050675545966556e+02,6.054222012608079240e-09,9.504572552407353214e-01
5.653190172601194945e+02,4.700000000000000000e+02,1.000000000000000000e+01,2.000000000000000000e+02,2.347068762979946541e+02,2.271589353145555208e+02,3.345515528988406118e+02,5.488629994943039492e-09,9.153548427072735194e-01
5.753190172601194945e+02,4.800000000000000000e+02,1.000000000000000000e+01,2.000000000000000000e+02,2.338333307509426504e+02,2.267077050235100160e+02,3.273692546834010386e+02,4.959701982443220913e-09,8.822554956559258699e-01
5.853190172601194945e+02,4.900000000000000000e+02,1.000000000000000000e+01,2.000000000000000000e+02,2.329909292478664895e+02,2.262610578086385829e+02,3.203535719999612184e+02,4.531443664745893329e-09,8.510018815206024101e-01
5.953190172601194945e+02,5.000000000000000000e+02,1.000000000000000000e+01,2.000000000000000000e+02,2.321814002349740917e+02,2.258190817192277393e+02,3.135000606740405829e+02,4.104833806195529178e-09,8.214721237271191967e-01
6.053190172601194945e+02,5.100000000000000000e+02,1.000000000000000000e+01,2.000000000000000000e+02,2.313983666414698632e+02,2.253818598108849471e+02,3.068044257249095494e+02,3.732964160008123145e-09,7.935318888883671207e-01
6.153190172601194945e+02,5.200000000000000000e+02,1.000000000000000000e+01,2.000000000000000000e+02,2.306405198783691048e+02,2.249494697897744402e+02,3.002625143717256719e+02,3.405318693694425747e-09,7.670483545173567563e-01
6.253190172601194945e+02,5.300000000000000000e+02,1.000000000000000000e+01,2.000000000000000000e+02,2.299066433565579359e+02,2.245219837452390550e+02,2.938703095286520011e+02,3.090121936111245304e-09,7.419120522530988637e-01
6.353190172601194945e+02,5.400000000000000000e+02,1.000000000000000000e+01,2.000000000000000000e+02,2.292003539882911980e+02,2.240994679599275230e+02,2.876239237395238888e+02,2.830461198755074292e-09,7.180231272784567409e-01
6.453190172601194945e+02,5.500000000000000000e+02,1.000000000000000000e+01,2.000000000000000000e+02,2.285154763364296286e+02,2.236819827876272200e+02,2.815195935091792308e+02,2.546471478126477450e-09,6.953378109620302894e-01
6.553190172601194945e+02,5.600000000000000000e+02,1.000000000000000000e+01,2.000000000000000000e+02,2.278541612436271464e+02,2.232695825899624538e+02,2.755536739940906727e+02,2.356841832806821913e-09,6.737271832115538928e-01
6.653190172601194945e+02,5.700000000000000000e+02,1.000000000000000000e+01,2.000000000000000000e+02,2.272120603042648952e+02,2.228623157240227215e+02,2.697226340195722969e+02,2.159367795684374869e-09,6.531168019087090215e-01
6.753190172601194945e+02,5.800000000000000000e+02,1.000000000000000000e+01,2.000000000000000000e+02,2.265902777064357849e+02,2.224602245737888495e+02,2.640230513948152407e+02,1.909768343466566876e-09,6.334500061898893364e-01
6.853190172601194945e+02,5.900000000000000000e+02,1.000000000000000000e+01,2.000000000000000000e+02,2.259888062931737807e+02,2.220633456189790422e+02,2.584516085003598391e+02,1.742080257827183232e-09,6.146680328755849132e-01
6.953190172601194945e+02,6.000000000000000000e+02,1.000000000000000000e+01,2.000000000000000000e+02,2.254051452343527728e+02,2.216717095356012805e+02,2.530050881254997535e+02,1.599232746229972690e-09,5.966996587878554692e-01
7.553190172601194945e+02,6.600000000000000000e+02,6.000000000000000000e+01,2.000000000000000000e+02,2.224000229822761696e+02,2.195130030320348453e+02,1.345043507609452718e+03,3.415857463551219553e-06,3.059421927813616549e+00
8.153190172601194945e+02,7.200000000000000000e+02,6.000000000000000000e+01,2.000000000000000000e+02,2.197996233772371397e+02,2.175392135983974811e+02,1.192684872696949014e+03,2.085128244289080612e-06,2.638027759128334537e+00
8.753190172601194945e+02,7.800000000000000000e+02,6.000000000000000000e+01,2.000000000000000000e+02,2.175283830332825232e+02,2.157426356897801440e+02,1.058297383428629701e+03,1.281835238842177205e-06,2.290160152404723704e+00
9.353190172601194945e+02,8.400000000000000000e+02,6.000000000000000000e+01,2.000000000000000000e+02,2.155376736928558046e+02,2.141134579083687584e+02,9.396091147137108237e+02,7.918182518551475368e-07,1.998926423391111484e+00
9.953190172601194945e+02,9.000000000000000000e+02,6.000000000000000000e+01,2.000000000000000000e+02,2.137888011750861210e+02,2.126406223693462039e+02,8.346680270106975286e+02,4.912382109978352673e-07,1.753192674250840355e+00
1.055319017260119381e+03,9.600000000000000000e+02,6.000000000000000000e+01,2.000000000000000000e+02,2.122470225646898996e+02,2.113124874137664904e+02,7.417898738526562283e+02,3.057687081309268251e-07,1.543757806889999529e+00
1.115319017260119381e+03,1.020000000000000000e+03,6.000000000000000000e+01,2.000000000000000000e+02,2.108849935506265467e+02,2.101173151605107989e+02,6.595161434284035522e+02,1.906390707517857663e-07,1.362936765904919412e+00
1.175319017260119381e+03,1.080000000000000000e+03,6.000000000000000000e+01,2.000000000000000000e+02,2.096799055296661152e+02,2.090436151424474929e+02,5.865797386976972803e+02,1.190845750898006372e-07,1.205496080723548857e+00
1.235319017260119381e+03,1.140000000000000000e+03,6.000000000000000000e+01,2.000000000000000000e+02,2.086123012205295026e+02,2.080803748377342401e+02,5.218767223540456826e+02,7.453695616277400404e-08,1.067682474312078966e+00
1.295319017260119381e+03,1.200000000000000000e+03,6.000000000000000000e+01,2.000000000000000000e+02,2.076654755576272748e+02,2.072172041524989936e+02,4.644428758966885198e+02,4.674194542531040497e-08,9.468256629022278048e-01
1.355319017260119381e+03,1.260000000000000000e+03,6.000000000000000000e+01,2.000000000000000000e+02,2.068250061975806489e+02,2.064444162197116555e+02,4.134341207258439113e+02,2.947575694633997045e-08,8.404693600466259795e-01
1.415319017260119381e+03,1.320000000000000000e+03,6.000000000000000000e+01,2.000000000000000000e+02,2.060783813458168083e+02,2.057530622999862260e+02,3.681100658079323011e+02,1.844665575845283456e-08,7.466248517638405247e-01
1.475319017260119381e+03,1.380000000000000000e+03,6.000000000000000000e+01,2.000000000000000000e+02,2.054147014390366053e+02,2.051349345379549902e+02,3.278201068961705005e+02,1.165142293757526204e-08,6.636799067802030550e-01
1.535319017260119381e+03,1.440000000000000000e+03,6.000000000000000000e+01,2.000000000000000000e+02,2.048244374709442468e+02,2.045825469750320167e+02,2.919916230960856751e+02,7.323819772864226252e-09,5.902639680923584820e-01
1.595319017260119381e+03,1.500000000000000000e+03,6.000000000000000000e+01,2.000000000000000000e+02,2.042992332165322580e+02,2.040891025325197177e+02,2.601199087673651889e+02,4.384617113828426227e-09,5.252042544119888134e-01
1.655319017260119381e+03,1.560000000000000000e+03,6.000000000000000000e+01,2.000000000000000000e+02,2.038317418320951049e+02,2.036484515816389091e+02,2.317595499263360068e+02,2.894097406169748865e-09,4.674913844371531013e-01
1.715319017260119381e+03,1.620000000000000000e+03,6.000000000000000000e+01,2.000000000000000000e+02,2.034154896515189819e+02,2.032550461127065091e+02,2.065170097916326313e+02,1.844512098614359275e-09,4.162521805761230098e-01
1.775319017260119381e+03,1.680000000000000000e+03,6.000000000000000000e+01,2.000000000000000000e+02,2.030447617176375843e+02,2.029038923084960402e+02,1.840442317329575701e+02,1.124192294810200110e-09,3.707279338813975755e-01
1.835319017260119381e+03,1.740000000000000000e+03,6.000000000000000000e+01,2.000000000000000000e+02,2.027145048571059078e+02,2.025905034315690898e+02,1.640331024373427908e+02,8.473080015392042696e-10,3.302568605316764661e-01
1.895319017260119381e+03,1.800000000000000000e+03,6.000000000000000000e+01,2.000000000000000000e+02,2.024202450524989843e+02,2.023108542804472165e+02,1.462106456768834732e+02,4.208686732454225421e-10,2.942598046069235806e-01
1.955319017260119381e+03,1.860000000000000000e+03,6.000000000000000000e+01,2.000000000000000000e+02,2.021580165742538497e+02,2.020613379967572030e+02,1.303348392019523203e+02,1.966213858395349234e-10,2.622284782451345109e-01
2.015319017260119381e+03,1.920000000000000000e+03,6.000000000000000000e+01,2.000000000000000000e+02,2.019243008706868920e+02,2.018387256693455640e+02,1.161909651719502676e+02,5.854872142663225532e-11,2.337157035669576999e-01
2.075319017260119381e+03,1.980000000000000000e+03,6.000000000000000000e+01,2.000000000000000000e+02,2.017159736220789341e+02,2.016401289462838236e+02,1.035884190745285309e+02,1.167705931948148645e-10,2.083272486079579267e-01
2.135319017260119381e+03,2.040000000000000000e+03,6.000000000000000000e+01,2.000000000000000000e+02,2.015302586775609655e+02,2.014629657047790943e+02,9.235791396522050434e+01,7.503331289626657963e-12,1.857149445179686609e-01
2.195319017260119381e+03,2.100000000000000000e+03,6.000000000000000000e+01,2.000000000000000000e+02,2.013646878354187209e+02,2.013049287218850623e+02,8.234902662165313814e+01,3.774403012357652187e-11,1.655708421422446008e-01
2.255319017260119381e+03,2.160000000000000000e+03,6.000000000000000000e+01,2.000000000000000000e+02,2.012170656159775604e+02,2.011639572204253170e+02,7.342804026804196837e+01,-9.816858437261544168e-11,1.476222194411604960e-01
2.315319017260119381e+03,2.220000000000000000e+03,6.000000000000000000e+01,2.000000000000000000e+02,2.010854383245048211e+02,2.010382111235052776e+02,6.547604521729306271e+01,5.817923920403700322e-11,1.316272914727392163e-01
2.375319017260119381e+03,2.280000000000000000e+03,6.000000000000000000e+01,2.000000000000000000e+02,2.009680668191498114e+02,2.009260478291055279e+02,5.838726435730151820e+01,1.024460516418912448e-10,1.173715053550097309e-01
2.435319017260119381e+03,2.340000000000000000e+03,6.000000000000000000e+01,2.000000000000000000e+02,2.008634024930542523e+02,2.008260013076162807e+02,5.206757508341917884e+01,-1.175308739220781717e-10,1.046643260955590904e-01
2.495319017260119381e+03,2.400000000000000000e+03,6.000000000000000000e+01,2.000000000000000000e+02,2.007700660557377148e+02,2.007367633253836061e+02,4.643320321228220848e+01,4.236255790601717308e-11,9.333643731653751274e-02
2.555319017260119381e+03,2.460000000000000000e+03,6.000000000000000000e+01,2.000000000000000000e+02,2.006868287607376260e+02,2.006571666033536019e+02,4.140956773615592823e+01,8.328271405844134279e-11,8.323729500008880677e-02
2.615319017260119381e+03,2.520000000000000000e+03,6.000000000000000000e+01,2.000000000000000000e+02,2.006125957773261916e+02,2.005861697294610622e+02,3.693025809808234783e+01,3.908695589416311122e-11,7.423298341143436119e-02
2.675319017260119381e+03,2.580000000000000000e+03,6.000000000000000000e+01,2.000000000000000000e+02,2.005463914462408752e+02,2.005228436550835909e+02,3.293612806964497963e+01,4.672529030358418822e-11,6.620433108531642574e-02
2.735319017260119381e+03,2.640000000000000000e+03,6.000000000000000000e+01,2.000000000000000000e+02,2.004873478017324260e+02,2.004663613351227696e+02,2.937459433153000177e+01,9.305310609555306200e-04,5.904364450844923340e-02
2.795319017260119381e+03,2.700000000000000000e+03,6.000000000000000000e+01,2.000000000000000000e+02,2.004346876603231067e+02,2.004159811620370419e+02,2.619858472821877271e+01,7.401863003444475453e-04,5.266014140931929433e-02
2.855319017260119381e+03,2.760000000000000000e+03,6.000000000000000000e+01,2.000000000000000000e+02,2.003877201359917990e+02,2.003710439458161829e+02,2.336628687602657806e+01,5.887934769681635316e-04,4.696752433130768623e-02
2.915319017260119381e+03,2.820000000000000000e+03,6.000000000000000000e+01,2.000000000000000000e+02,2.003458293015827962e+02,2.003309616150341128e+02,2.084043878025196861e+01,4.683771718489992963e-04,4.189083440900276400e-02
2.975319017260119381e+03,2.880000000000000000e+03,6.000000000000000000e+01,2.000000000000000000e+02,2.003084659984618554e+02,2.002952096182980597e+02,1.858783130418103013e+01,3.725958785096850079e-04,3.736330312094082728e-02
3.035319017260119381e+03,2.940000000000000000e+03,6.000000000000000000e+01,2.000000000000000000e+02,2.002751405678439198e+02,2.002633200750489948e+02,1.657886467555585597e+01,2.964071963660330766e-04,3.332543061793558081e-02
3.095319017260119381e+03,3.000000000000000000e+03,6.000000000000000000e+01,2.000000000000000000e+02,2.002454163816437074e+02,2.002348756583521379e+02,1.478715404534338163e+01,2.358020314598974210e-04,2.972418620021244351e-02
3.155319017260119381e+03,3.060000000000000000e+03,6.000000000000000000e+01,2.000000000000000000e+02,2.002189040822651123e+02,2.002095041353253180e+02,1.318917858652994468e+01,1.875915513362969023e-04,2.651229937859511665e-02
3.215319017260119381e+03,3.120000000000000000e+03,6.000000000000000000e+01,2.000000000000000000e+02,2.001952564521081399e+02,2.001868734957674576e+02,1.176396924203474192e+01,1.492395312698846510e-04,2.364763015697235460e-02
3.275319017260119381e+03,3.180000000000000000e+03,6.000000000000000000e+01,2.000000000000000000e+02,2.001741638429265322e+02,2.001666876062290896e+02,1.049283079496545135e+01,1.187301702678666970e-04,2.109260918160771325e-02
3.335319017260119381e+03,3.240000000000000000e+03,6.000000000000000000e+01,2.000000000000000000e+02,2.001553501031960991e+02,2.001486823331815401e+02,9.359094431756323829e+00,9.445886239234368986e-05,1.881373973043309888e-02
3.395319017260119381e+03,3.300000000000000000e+03,6.000000000000000000e+01,2.000000000000000000e+02,2.001385689487084107e+02,2.001326220848684159e+02,8.347897408114835827e+00,7.514986972267934107e-05,1.678115448768835449e-02
3.455319017260119381e+03,3.360000000000000000e+03,6.000000000000000000e+01,2.000000000000000000e+02,2.001236007277401541e+02,2.001182967267184551e+02,7.445986812841149494e+00,5.978852938337553269e-05,1.496822096825667359e-02
3.515319017260119381e+03,3.420000000000000000e+03,6.000000000000000000e+01,2.000000000000000000e+02,2.001102495375943988e+02,2.001055188300805128e+02,6.641544765356972135e+00,4.756771112290891779e-05,1.335119014575525398e-02
3.575319017260119381e+03,3.480000000000000000e+03,6.000000000000000000e+01,2.000000000000000000e+02,2.000983406541132865e+02,2.000941212182923152e+02,5.924032683038167768e+00,3.784496565106820753e-05,1.190888348111229789e-02
3.635319017260119381e+03,3.540000000000000000e+03,6.000000000000000000e+01,2.000000000000000000e+02,2.000877182400168977e+02,2.000839547779672500e+02,5.284052519920514612e+00,3.010959011096048243e-05,1.062241409638886580e-02
3.695319017260119381e+03,3.600000000000000000e+03,6.000000000000000000e+01,2.000000000000000000e+02,2.000782433016830737e+02,2.000748865068734119e+02,4.713223112758337940e+00,2.395576700831014705e-05,9.474938333823956782e-03
3.755319017260119381e+03,3.660000000000000000e+03,6.000000000000000000e+01,2.000000000000000000e+02,2.000697918673244544e+02,2.000667977728128903e+02,4.204069977980354977e+00,1.905941647084574697e-05,8.451434358619280829e-03
3.815319017260119381e+03,3.720000000000000000e+03,6.000000000000000000e+01,2.000000000000000000e+02,2.000622533625009680e+02,2.000595827607236004e+02,3.749927087690939409e+00,1.516415657709657694e-05,7.538504823486391615e-03
3.875319017260119381e+03,3.780000000000000000e+03,6.000000000000000000e+01,2.000000000000000000e+02,2.000555291615239639e+02,2.000531470876277922e+02,3.344849314760578896e+00,1.206497642458614905e-05,6.724200977004102242e-03
3.935319017260119381e+03,3.840000000000000000e+03,6.000000000000000000e+01,2.000000000000000000e+02,2.000495312956591363e+02,2.000474065672880215e+02,2.983534382735679280e+00,9.599081272515519458e-06,5.997865864827645055e-03
3.995319017260119381e+03,3.900000000000000000e+03,6.000000000000000000e+01,2.000000000000000000e+02,2.000441813011195791e+02,2.000422861084063015e+02,2.661253284035602018e+00,7.637276719929531055e-06,5.349994539557201279e-03
4.055319017260119381e+03,3.960000000000000000e+03,6.000000000000000000e+01,2.000000000000000000e+02,2.000394091916915329e+02,2.000377187318987922e+02,2.373788243840837975e+00,6.076552582445771122e-06,4.772109428046178436e-03
4.115319017260119836e+03,4.020000000000000000e+03,6.000000000000000000e+01,2.000000000000000000e+02,2.000351525424908630e+02,2.000336446943778128e+02,2.117377408597932664e+00,4.834722035162997145e-06,4.256649200669926358e-03
4.175319017260119836e+03,4.080000000000000000e+03,6.000000000000000000e+01,2.000000000000000000e+02,2.000313556728036133e+02,2.000300107063825408e+02,1.888665527888309992e+00,3.846510162164307189e-06,3.796869687249682102e-03
4.235319017260119836e+03,4.140000000000000000e+03,6.000000000000000000e+01,2.000000000000000000e+02,2.000279689172921280e+02,2.000267692350776372e+02,1.684659978407349268e+00,3.060502577145740588e-06,3.386755511485262105e-03
4.295319017260119836e+03,4.200000000000000000e+03,6.000000000000000000e+01,2.000000000000000000e+02,2.000249479759905569e+02,2.000238778823115240e+02,1.502691549729137988e+00,2.435058337413309459e-06,3.020941301571156146e-03
4.355319017260119836e+03,4.260000000000000000e+03,6.000000000000000000e+01,2.000000000000000000e+02,2.000222533345705074e+02,2.000212988298907817e+02,1.340379475395087727e+00,1.937583055777736263e-06,2.694641420049492808e-03
4.415319017260119836e+03,4.320000000000000000e+03,6.000000000000000000e+01,2.000000000000000000e+02,2.000198497472692623e+02,2.000189983447850750e+02,1.195600248463759119e+00,1.541425301176957419e-06,2.403587301245124763e-03
4.475319017260119836e+03,4.380000000000000000e+03,6.000000000000000000e+01,2.000000000000000000e+02,2.000177057757072134e+02,2.000169463378030912e+02,1.066459811588115647e+00,1.226270321730282831e-06,2.143971562048818669e-03
4.535319017260119836e+03,4.440000000000000000e+03,6.000000000000000000e+01,2.000000000000000000e+02,2.000157933775464585e+02,2.000151159699513812e+02,9.512687554947764079e-01,9.756577273867250710e-07,1.912398160754946730e-03
4.595319017260119836e+03,4.500000000000000000e+03,6.000000000000000000e+01,2.000000000000000000e+02,2.000140875395970852e+02,2.000134833013256355e+02,8.485202001672832450e-01,7.763943048466614982e-07,1.705837949373290030e-03
4.655319017260119836e+03,4.560000000000000000e+03,6.000000000000000000e+01,2.000000000000000000e+02,2.000125659505735882e+02,2.000120269779311002e+02,7.568700680877863407e-01,6.176101251531562752e-07,1.521589023496972004e-03
4.715319017260119836e+03,4.620000000000000000e+03,6.000000000000000000e+01,2.000000000000000000e+02,2.000112087092142872e+02,2.000107279523486454e+02,6.751194907543472956e-01,4.915812649164408299e-07,1.357241359301042394e-03
4.775319017260119836e+03,4.680000000000000000e+03,6.000000000000000000e+01,2.000000000000000000e+02,2.000099980639278954e+02,2.000095692345692839e+02,6.021991171323400893e-01,3.909990137218599671e-07,1.210645286391809350e-03
4.835319017260119836e+03,4.740000000000000000e+03,6.000000000000000000e+01,2.000000000000000000e+02,2.000089181805826968e+02,2.000085356697500458e+02,5.371551187514824743e-01,3.111377597786457727e-07,1.079883345198595634e-03
4.895319017260119836e+03,4.800000000000000000e+03,6.000000000000000000e+01,2.000000000000000000e+02,2.000079549353716004e+02,2.000076137399836398e+02,4.791367074051119390e-01,2.475355088682462679e-07,9.632452110963640735e-04
4.955319017260119836e+03,4.860000000000000000e+03,6.000000000000000000e+01,2.000000000000000000e+02,2.000070957300627867e+02,2.000067913874778753e+02,4.273850021621689588e-01,1.971355866325907868e-07,8.592053088136708539e-04
5.015319017260119836e+03,4.920000000000000000e+03,6.000000000000000000e+01,2.000000000000000000e+02,2.000063293272069700e+02,2.000060578568340759e+02,3.812230994440971577e-01,1.566622638282666458e-07,7.664028558167501615e-04
5.075319017260119836e+03,4.980000000000000000e+03,6.000000000000000000e+01,2.000000000000000000e+02,2.000056457031486730e+02,2.000054035543736859e+02,3.400472165133585634e-01,1.247769426671041515e-07,6.836240582970276591e-04
5.135319017260119836e+03,5.040000000000000000e+03,6.000000000000000000e+01,2.000000000000000000e+02,2.000050359169115666e+02,2.000048199226494035e+02,3.033187917394566391e-01,9.932531641609898543e-08,6.097862371063911269e-04
5.195319017260119836e+03,5.100000000000000000e+03,6.000000000000000000e+01,2.000000000000000000e+02,2.000044919932570053e+02,2.000042993285144064e+02,2.705574386732067516e-01,7.889157277451985806e-08,5.439236545612402551e-04
5.255319017260119836e+03,5.160000000000000000e+03,6.000000000000000000e+01,2.000000000000000000e+02,2.000040068183653261e+02,2.000038349632901600e+02,2.413346614582488336e-01,6.274618752355465290e-08,4.851748916792075761e-04
5.315319017260119836e+03,5.220000000000000000e+03,6.000000000000000000e+01,2.000000000000000000e+02,2.000035740467909875e+02,2.000034207537113673e+02,2.152682492100428391e-01,5.005519473910702288e-08,4.327715743386306713e-04
5.375319017260119836e+03,5.280000000000000000e+03,6.000000000000000000e+01,2.000000000000000000e+02,2.000031880184663464e+02,2.000030512824889399e+02,1.920172760392804545e-01,3.991321043117501688e-08,3.860283246410745051e-04
5.435319017260119836e+03,5.340000000000000000e+03,6.000000000000000000e+01,2.000000000000000000e+02,2.000028436846726265e+02,2.000027217174581722e+02,1.712776413146909482e-01,3.161101633231133690e-08,3.443337937198975851e-04
5.495319017260119836e+03,5.400000000000000000e+03,6.000000000000000000e+01,2.000000000000000000e+02,2.000025365420061689e+02,2.000024277483777553e+02,1.527780918038064428e-01,2.512143726374205244e-08,3.071426664575938048e-04
5.555319017260119836e+03,5.460000000000000000e+03,6.000000000000000000e+01,2.000000000000000000e+02,2.000022625734772248e+02,2.000021655305569936e+02,1.362766734083583342e-01,1.990264242301975628e-08,2.739685289441240457e-04
5.615319017260119836e+03,5.520000000000000000e+03,6.000000000000000000e+01,2.000000000000000000e+02,2.000020181959724255e+02,2.000019316345680522e+02,1.215575663527161815e-01,1.584231273943359497e-08,2.443775047993312910e-04
5.675319017260119836e+03,5.580000000000000000e+03,6.000000000000000000e+01,2.000000000000000000e+02,2.000018002133896005e+02,2.000017230013964991e+02,1.084282621833698168e-01,1.275650438059550140e-08,2.179825828250159248e-04
5.735319017260119836e+03,5.640000000000000000e+03,6.000000000000000000e+01,2.000000000000000000e+02,2.000016057748358662e+02,2.000015369024310985e+02,9.671704570098883791e-02,9.943002324264149649e-09,1.944385537342441239e-04
5.795319017260119836e+03,5.700000000000000000e+03,6.000000000000000000e+01,2.000000000000000000e+02,2.000014323373457046e+02,2.000013709037724823e+02,8.627074908090875960e-02,7.956309514001169703e-09,1.734374901616320130e-04
5.855319017260119836e+03,5.760000000000000000e+03,6.000000000000000000e+01,2.000000000000000000e+02,2.000012776326142898e+02,2.000012228344102141e+02,7.695274836346312208e-02,6.256922605030190709e-09,1.547047314147675934e-04
5.915319017260119836e+03,5.820000000000000000e+03,6.000000000000000000e+01,2.000000000000000000e+02,2.000011396373381842e+02,2.000010907578229933e+02,6.864117656353711794e-02,5.218641033200022150e-09,1.379952761055847077e-04
5.975319017260119836e+03,5.880000000000000000e+03,6.000000000000000000e+01,2.000000000000000000e+02,2.000010165467464276e+02,2.000009729466478632e+02,6.122732959170446021e-02,4.034613566850087096e-09,1.230905917566360586e-04
6.035319017260119836e+03,5.940000000000000000e+03,6.000000000000000000e+01,2.000000000000000000e+02,2.000009067510027592e+02,2.000008678600950702e+02,5.461424464398176304e-02,3.374550687496036261e-09,1.097957436684282584e-04
6.095319017260119836e+03,6.000000000000000000e+03,6.000000000000000000e+01,2.000000000000000000e+02,2.000008088141458984e+02,2.000007741237943435e+02,4.871543185164500106e-02,2.613507257831493291e-09,9.793685686076969432e-05
6.155319017260119836e+03,6.060000000000000000e+03,6.000000000000000000e+01,2.000000000000000000e+02,2.000007214553122026e+02,2.000006905118205509e+02,4.345374317692749649e-02,2.075406790869038787e-09,8.735883369581642910e-05
6.215319017260119836e+03,6.120000000000000000e+03,6.000000000000000000e+01,2.000000000000000000e+02,2.000006435319833997e+02,2.000006159306544191e+02,3.876036333207030088e-02,1.604102628505188477e-09,7.792332880285357533e-05
6.275319017260119836e+03,6.180000000000000000e+03,6.000000000000000000e+01,2.000000000000000000e+02,2.000005740250425390e+02,2.000005494048957360e+02,3.457390977632122941e-02,1.297702653668686423e-09,6.950694086071962374e-05
6.335319017260119836e+03,6.240000000000000000e+03,6.000000000000000000e+01,2.000000000000000000e+02,2.000005120254471649e+02,2.000004900644893553e+02,3.083962985690984551e-02,9.311229252906283449e-10,6.199959537411814381e-05
6.395319017260119836e+03,6.300000000000000000e+03,6.000000000000000000e+01,2.000000000000000000e+02,2.000004567223384981e+02,2.000004371333526478e+02,2.750868477471148099e-02,8.607060827947599080e-10,5.530310866674881254e-05
6.455319017260119836e+03,6.360000000000000000e+03,6.000000000000000000e+01,2.000000000000000000e+02,2.000004073924386319e+02,2.000003899192312815e+02,2.453751071967022468e-02,4.990987970132643170e-10,4.932989986627944745e-05
6.515319017260119836e+03,6.420000000000000000e+03,6.000000000000000000e+01,2.000000000000000000e+02,2.000003633905887455e+02,2.000003478046382952e+02,2.188724923500223740e-02,3.159773900862639096e-10,4.400184988639921357e-05
6.575319017260119836e+03,6.480000000000000000e+03,6.000000000000000000e+01,2.000000000000000000e+02,2.000003241413152182e+02,2.000003102387805995e+02,1.952323895191442754e-02,4.370762571315189859e-10,3.924927352727536345e-05
6.635319017260119836e+03,6.540000000000000000e+03,6.000000000000000000e+01,2.000000000000000000e+02,2.000002891312968814e+02,2.000002767303562905e+02,1.741456218261087235e-02,2.439508768603548816e-10,3.501001833683403675e-05
6.695319017260119836e+03,6.600000000000000000e+03,6.000000000000000000e+01,2.000000000000000000e+02,2.000002579026597687e+02,2.000002468411258292e+02,1.553364069002865014e-02,3.098506017734647955e-10,3.122863711269019404e-05
6.755319017260119836e+03,6.660000000000000000e+03,6.000000000000000000e+01,2.000000000000000000e+02,2.000002300469809313e+02,2.000002201801879096e+02,1.385587489488823709e-02,1.873796031531815842e-10,2.785567883734074712e-05
6.815319017260119836e+03,6.720000000000000000e+03,6.000000000000000000e+01,2.000000000000000000e+02,2.000002051999523758e+02,2.000001963988576108e+02,1.235932220301876744e-02,2.901005304034587340e-11,2.484702855554132839e-05
6.875319017260119836e+03,6.780000000000000000e+03,6.000000000000000000e+01,2.000000000000000000e+02,2.000001830366141462e+02,2.000001751861135801e+02,1.102441004518973748e-02,5.364799056384317311e-11,2.216333822957494704e-05
6.935319017260119836e+03,6.840000000000000000e+03,6.000000000000000000e+01,2.000000000000000000e+02,2.000001632671056200e+02,2.000001562645272770e+02,9.833679849868576239e-03,1.530083820061589606e-10,1.976950852622394450e-05
6.995319017260119836e+03,6.900000000000000000e+03,6.000000000000000000e+01,2.000000000000000000e+02,2.000001456328722043e+02,2.000001393866317017e+02,8.771558711186160789e-03,2.137885268121975102e-10,1.763423341571979108e-05
7.055319017260119836e+03,6.960000000000000000e+03,6.000000000000000000e+01,2.000000000000000000e+02,2.000001299032867337e+02,2.000001243316929163e+02,7.824155720031492067e-03,6.570147030593442850e-11,1.572958547058078693e-05
7.115319017260119836e+03,7.020000000000000000e+03,6.000000000000000000e+01,2.000000000000000000e+02,2.000001158726291237e+02,2.000001109028158055e+02,6.979080348098299670e-03,9.090822799401321319e-11,1.403065760996469180e-05
7.175319017260119836e+03,7.080000000000000000e+03,6.000000000000000000e+01,2.000000000000000000e+02,2.000001033574020539e+02,2.000000989243703486e+02,6.225280319923578651e-03,1.849051294022796554e-12,1.251522706979812938e-05
7.235319017260119836e+03,7.140000000000000000e+03,6.000000000000000000e+01,2.000000000000000000e+02,2.000000921939253544e+02,2.000000882396982149e+02,5.552897125375782020e-03,1.073349048530403138e-11,1.116347669949391275e-05
7.295319017260119836e+03,7.200000000000000000e+03,6.000000000000000000e+01,2.000000000000000000e+02,2.000000822361990629e+02,2.000000787090625067e+02,4.953137036837073140e-03,-6.387501031573927790e-11,9.957726291531798779e-06
7.355319017260119836e+03,7.260000000000000000e+03,6.000000000000000000e+01,1.991666666666666572e+02,1.999174130480219276e+02,1.998946229134828911e+02,4.541989908758532835e+01,1.278785077829525108e-09,1.054557968984113359e-01
7.415319017260119836e+03,7.320000000000000000e+03,6.000000000000000000e+01,1.983333333333333428e+02,1.997559748085926969e+02,1.997077849681740815e+02,8.578244399612619020e+01,-1.547419969938346185e-10,1.868379453088095943e-01
7.475319017260119836e+03,7.380000000000000000e+03,6.000000000000000000e+01,1.975000000000000000e+02,1.995231814840235813e+02,1.994507031222359501e+02,1.216607473226687688e+02,8.937206530390540138e-11,2.570818459381314369e-01
7.535319017260119836e+03,7.440000000000000000e+03,6.000000000000000000e+01,1.966666666666666572e+02,1.992264720781304277e+02,1.991318230571555432e+02,1.535516183149135259e+02,3.873594778269762173e-10,3.188800650804068937e-01
7.595319017260119836e+03,7.500000000000000000e+03,6.000000000000000000e+01,1.958333333333333428e+02,1.988727627114696190e+02,1.987582102548402361e+02,1.818955253676705865e+02,7.555911452072905377e-10,3.736128023153071354e-01
7.655319017260119836e+03,7.560000000000000000e+03,6.000000000000000000e+01,1.950000000000000000e+02,1.984683060875609897e+02,1.983359978036839095e+02,2.070844097724035748e+02,1.372740143779083155e-09,4.222124511563265514e-01
7.715319017260119836e+03,7.620000000000000000e+03,6.000000000000000000e+01,1.941666666666666572e+02,1.980186964835044989e+02,1.978705869377899091e+02,2.294673419552531186e+02,1.804664861992932856e-09,4.654108658940003806e-01
7.775319017260119836e+03,7.680000000000000000e+03,6.000000000000000000e+01,1.933333333333333428e+02,1.975289188479671054e+02,1.973667611015158059e+02,2.493551908741816021e+02,2.463224291204824112e-09,5.038258362741032670e-01
7.835319017260119836e+03,7.740000000000000000e+03,6.000000000000000000e+01,1.925000000000000000e+02,1.970034081179960594e+02,1.968287657658775345e+02,2.670247038360151919e+02,3.382808699825545773e-09,5.379953356382713991e-01
7.895319017260119836e+03,7.800000000000000000e+03,6.000000000000000000e+01,1.916666666666666572e+02,1.964461074540826644e+02,1.962603720862551029e+02,2.827221473255583533e+02,4.252342478139325976e-09,5.683936796224315913e-01
7.955319017260119836e+03,7.860000000000000000e+03,6.000000000000000000e+01,1.908333333333333428e+02,1.958605219619342677e+02,1.956649310357295235e+02,2.966665770211544100e+02,5.188553586776833981e-09,5.954410505255793851e-01
8.015319017260119836e+03,7.920000000000000000e+03,6.000000000000000000e+01,1.900000000000000000e+02,1.952497671530255161e+02,1.950454207074081410e+02,3.090527773806457503e+02,6.139600827737012878e-09,6.195103283213825307e-01
8.075319017260119836e+03,7.980000000000000000e+03,6.000000000000000000e+01,1.891666666666666572e+02,1.946166122807418901e+02,1.944044880901138299e+02,3.200539015221128238e+02,7.053415629343362525e-09,6.409326172943110578e-01
8.135319017260119836e+03,8.040000000000000000e+03,6.000000000000000000e+01,1.883333333333333428e+02,1.939635189550841403e+02,1.937444861080913938e+02,3.298238383063047650e+02,7.856954198359744623e-09,6.600019820224360956e-01
8.195319017260118926e+03,8.100000000000000000e+03,6.000000000000000000e+01,1.875000000000000000e+02,1.932926754949356507e+02,1.930675065046771692e+02,3.384993314637156345e+02,8.689028163644252345e-09,6.769796034142245844e-01
8.255319017260118926e+03,8.160000000000000000e+03,6.000000000000000000e+01,1.866666666666666572e+02,1.926060274635322003e+02,1.923754090459090946e+02,3.462018739885863283e+02,9.512461929261917248e-09,6.920974587680746026e-01
8.315319017260118926e+03,8.220000000000000000e+03,6.000000000000000000e+01,1.858333333333333428e+02,1.919053047984241687e+02,1.916698474556280587e+02,3.530393994652104084e+02,1.034482011164072901e-08,7.055615902810359330e-01
8.375319017260118926e+03,8.280000000000000000e+03,6.000000000000000000e+01,1.850000000000000000e+02,1.911920459083398498e+02,1.909522924452279824e+02,3.591077904187164904e+02,1.090302248485386372e-08,7.175550104000762985e-01
8.435319017260118926e+03,8.340000000000000000e+03,6.000000000000000000e+01,1.841666666666666572e+02,1.904676190714596089e+02,1.902240521610052326e+02,3.644922222041541886e+02,1.177812691821600311e-08,7.282402842227497786e-01
8.495319017260118926e+03,8.400000000000000000e+03,6.000000000000000000e+01,1.833333333333333428e+02,1.897332414344110987e+02,1.894862903367593390e+02,3.692683593924637648e+02,1.238873892361880280e-08,7.377618242458936493e-01
8.555319017260118926e+03,8.460000000000000000e+03,6.000000000000000000e+01,1.825000000000000000e+02,1.889899958792537404e+02,1.887400424080193773e+02,3.735034201090736588e+02,1.286593942495528609e-08,7.462479287399617078e-01
8.615319017260118926e+03,8.520000000000000000e+03,6.000000000000000000e+01,1.816666666666666572e+02,1.882388459967026222e+02,1.879862298161753529e+02,3.772571223489053978e+02,1.325184939560131170e-08,7.538125918440243822e-01
8.675319017260118926e+03,8.580000000000000000e+03,6.000000000000000000e+01,1.808333333333333428e+02,1.874806493778031609e+02,1.872256727056834222e+02,3.805825249464544413e+02,1.376935188091010787e-08,7.605571104919306435e-01
8.735319017260118926e+03,8.640000000000000000e+03,6.000000000000000000e+01,1.800000000000000000e+02,1.867161694128808165e+02,1.864591011950556378e+02,3.835267746269423697e+02,1.411768835168913938e-08,7.665715106277843915e-01
8.795319017260118926e+03,8.700000000000000000e+03,6.000000000000000000e+01,1.791666666666666572e+02,1.859460857656734731e+02,1.856871653822061887e+02,3.861317694088469352e+02,1.443356723029864952e-08,7.719358128494491211e-01
8.855319017260118926e+03,8.760000000000000000e+03,6.000000000000000000e+01,1.783333333333333428e+02,1.851710036718257015e+02,1.849104442268503590e+02,3.884347475679298896e+02,1.494242951594060287e-08,7.767211553558297510e-01
8.915319017260118926e+03,8.820000000000000000e+03,6.000000000000000000e+01,1.775000000000000000e+02,1.843914621942918757e+02,1.841294534365959521e+02,3.904688104063376386e+02,1.502405666542472318e-08,7.809907902544068747e-01
8.975319017260118926e+03,8.880000000000000000e+03,6.000000000000000000e+01,1.766666666666666572e+02,1.836079415532869916e+02,1.833446524691945569e+02,3.922633861935141795e+02,1.563336127219372429e-08,7.848009674013951553e-01
9.035319017260118926e+03,8.940000000000000000e+03,6.000000000000000000e+01,1.758333333333333428e+02,1.828208696351980223e+02,1.825564507506853147e+02,3.938446418515186451e+02,1.574233010614989325e-08,7.882017185092422551e-01
9.095319017260118926e+03,9.000000000000000000e+03,6.000000000000000000e+01,1.750000000000000000e+02,1.820306277731221769e+02,1.817652131979428987e+02,3.952358482437400085e+02,1.559482143420609646e-08,7.912375565919660403e-01
9.155319017260118926e+03,9.060000000000000000e+03,6.000000000000000000e+01,1.741666666666666572e+02,1.812375558811898486e+02,1.809712651241324011e+02,3.964577042824068371e+02,1.608918864803854376e-08,7.939481165341533142e-01
9.215319017260118926e+03,9.120000000000000000e+03,6.000000000000000000e+01,1.733333333333333428e+02,1.804419570155674535e+02,1.801748965966511662e+02,3.975286244944027203e+02,1.612056621524970978e-08,7.963686049135105804e-01
9.275319017260118926e+03,9.180000000000000000e+03,6.000000000000000000e+01,1.725000000000000000e+02,1.796441014267843173e+02,1.793763663092940419e+02,3.984649941702498950e+02,1.650954573051421903e-08,7.985303957800056196e-01
9.335319017260118926e+03,9.240000000000000000e+03,6.000000000000000000e+01,1.716666666666666572e+02,1.788442301606768581e+02,1.785759050233607184e+02,3.992813957590818177e+02,1.652898617976461537e-08,8.004614220316739193e-01
9.395319017260118926e+03,9.300000000000000000e+03,6.000000000000000000e+01,1.708333333333333428e+02,1.780425582587828899e+02,1.777737186262066587e+02,3.999908097630270163e+02,1.650522563068079762e-08,8.021865579674454239e-01
9.455319017260118926e+03,9.360000000000000000e+03,6.000000000000000000e+01,1.700000000000000000e+02,1.772392776032329493e+02,1.769699908502870471e+02,4.006047930173700706e+02,1.657519987929845229e-08,8.037279588205308301e-01
9.515319017260118926e+03,9.420000000000000000e+03,6.000000000000000000e+01,1.691666666666666572e+02,1.764345594460821189e+02,1.761648856907906406e+02,4.011336369175288041e+02,1.687965323071694002e-08,8.051053621431378815e-01
9.575319017260118926e+03,9.480000000000000000e+03,6.000000000000000000e+01,1.683333333333333428e+02,1.756285566585183062e+02,1.753585495557018135e+02,4.015865078641235186e+02,1.675039129622746259e-08,8.063363553926592431e-01
9.635319017260118926e+03,9.540000000000000000e+03,6.000000000000000000e+01,1.675000000000000000e+02,1.748214057313406329e+02,1.745511131782881478e+02,4.019715719402811942e+02,1.677830141488811933e-08,8.074366135251977994e-01
9.695319017260118926e+03,9.600000000000000000e+03,6.000000000000000000e+01,1.666666666666666572e+02,1.740132285545678599e+02,1.737426933185772953e+02,4.022961056061104159e+02,1.677727823334862478e-08,8.084201099807160062e-01
9.755319017260118926e+03,9.660000000000000000e+03,6.000000000000000000e+01,1.658333333333333428e+02,1.732041340008786960e+02,1.729333942774257196e+02,4.025665939932052311e+02,1.687368467173655517e-08,8.092993041204010751e-01
9.815319017260118926e+03,9.720000000000000000e+03,6.000000000000000000e+01,1.650000000000000000e+02,1.723942193347895682e+02,1.721233092440861867e+02,4.027888182016627070e+02,1.704637497823568992e-08,8.100853077037868388e-01
9.875319017260118926e+03,9.780000000000000000e+03,6.000000000000000000e+01,1.641666666666666572e+02,1.715835714670056973e+02,1.713125214958431570e+02,4.029679328426236111e+02,1.671509153311490081e-08,8.107880328473129339e-01
9.935319017260118926e+03,9.840000000000000000e+03,6.000000000000000000e+01,1.633333333333333428e+02,1.707722680711937073e+02,1.705011054661721346e+02,4.031085349283425785e+02,1.689556938799796626e-08,8.114163234902491695e-01
9.995319017260118926e+03,9.900000000000000000e+03,6.000000000000000000e+01,1.625000000000000000e+02,1.699603785784630645e+02,1.696891276960293169e+02,4.032147250854903859e+02,1.695156015557586215e-08,8.119780722640825843e-01
1.005531901726011893e+04,9.960000000000000000e+03,6.000000000000000000e+01,1.616666666666666572e+02,1.691479650631439711e+02,1.688766476812476753e+02,4.032901619575341101e+02,1.684981043581501581e-08,8.124803243952953835e-01
1.011531901726011893e+04,1.002000000000000000e+04,6.000000000000000000e+01,1.608333333333333428e+02,1.683350830319093916e+02,1.680637186275416184e+02,4.033381105628452588e+02,1.685350525804096833e-08,8.129293700934283606e-01
1.017531901726011893e+04,1.008000000000000000e+04,6.000000000000000000e+01,1.600000000000000000e+02,1.675217821269348519e+02,1.672503881233315326e+02,4.033614852882171249e+02,1.680172090345877223e-08,8.133320940676469490e-01
1.023531901726011893e+04,1.014000000000000000e+04,6.000000000000000000e+01,1.591666666666666572e+02,1.667081067525979847e+02,1.664366987394862178e+02,4.033628881204495542e+02,1.681877392911701463e-08,8.136948978204543437e-01
1.029531901726011893e+04,1.020000000000000000e+04,6.000000000000000000e+01,1.583333333333333428e+02,1.658940966341554883e+02,1.656226885640004980e+02,4.033446426500643724e+02,1.682008132775081322e-08,8.140207640103085396e-01
1.035531901726011893e+04,1.026000000000000000e+04,6.000000000000000000e+01,1.575000000000000000e+02,1.650797873158834648e+02,1.648083916788085901e+02,4.033088243208322865e+02,1.675829253144911490e-08,8.143163870614671396e-01
1.041531901726011893e+04,1.032000000000000000e+04,6.000000000000000000e+01,1.566666666666666572e+02,1.642652106053371028e+02,1.639938385850579436e+02,4.032572873450005773e+02,1.663556759012863040e-08,8.145834285985813494e-01
1.047531901726011893e+04,1.038000000000000000e+04,6.000000000000000000e+01,1.558333333333333428e+02,1.634503949696512848e+02,1.631790565825183137e+02,4.031916886566973517e+02,1.659486770222429186e-08,8.148220547955702386e-01
1.053531901726011893e+04,1.044000000000000000e+04,6.000000000000000000e+01,1.550000000000000000e+02,1.626353658891267173e+02,1.623640701081288285e+02,4.031135092338321328e+02,1.668388449616031721e-08,8.150354440226124098e-01
1.059531901726011893e+04,1.050000000000000000e+04,6.000000000000000000e+01,1.541666666666666572e+02,1.618201461727816763e+02,1.615489010381658090e+02,4.030240730814802532e+02,1.661481974224443547e-08,8.152260307565484254e-01
1.065531901726011893e+04,1.056000000000000000e+04,6.000000000000000000e+01,1.533333333333333428e+02,1.610047562400188212e+02,1.607335689579913378e+02,4.029245641369454347e+02,1.658594328546314500e-08,8.153962039438908960e-01
1.071531901726011893e+04,1.062000000000000000e+04,6.000000000000000000e+01,1.525000000000000000e+02,1.601892143721009063e+02,1.599180914029104770e+02,4.028160413270766753e+02,1.664108140175812878e-08,8.155481011238236988e-01
1.077531901726011893e+04,1.068000000000000000e+04,6.000000000000000000e+01,1.516666666666666572e+02,1.593735369367217345e+02,1.591024840732838186e+02,4.026994519826077408e+02,1.652978198762866668e-08,8.156836353279288687e-01
1.083531901726011893e+04,1.074000000000000000e+04,6.000000000000000000e+01,1.508333333333333428e+02,1.585577385885951003e+02,1.582867610266938243e+02,4.025756437915370043e+02,1.662851900618989021e-08,8.158045190537848157e-01
1.089531901726011893e+04,1.080000000000000000e+04,6.000000000000000000e+01,1.500000000000000000e+02,1.577418324486566235e+02,1.574709348496338066e+02,4.024453754526552416e+02,1.643587665967061184e-08,8.159122856465614859e-01
1.095531901726011893e+04,1.086000000000000000e+04,6.000000000000000000e+01,1.491666666666666572e+02,1.569258302642053025e+02,1.566550168109536116e+02,4.023093261728927246e+02,1.636533397686434910e-08,8.160083083575671026e-01
1.101531901726011893e+04,1.092000000000000000e+04,6.000000000000000000e+01,1.483333333333333428e+02,1.561097425520266881e+02,1.558390169990183267e+02,4.021681041355307116e+02,1.641774360905401409e-08,8.160938173484169056e-01
1.107531901726011893e+04,1.098000000000000000e+04,6.000000000000000000e+01,1.475000000000000000e+02,1.552935787263514271e+02,1.550229444443433806e+02,4.020222540525218733e+02,1.623283196749980561e-08,8.161699148659238290e-01
1.113531901726011893e+04,1.104000000000000000e+04,6.000000000000000000e+01,1.466666666666666572e+02,1.544773472132704342e+02,1.542068072292578336e+02,4.018722639014975471e+02,1.630036194910644554e-08,8.162375887679900188e-01
1.119531901726011893e+04,1.110000000000000000e+04,6.000000000000000000e+01,1.458333333333333428e+02,1.536610555530603506e+02,1.533906125859989231e+02,4.017185709365721777e+02,1.624698597879614681e-08,8.162977246164757616e-01
1.125531901726011893e+04,1.116000000000000000e+04,6.000000000000000000e+01,1.450000000000000000e+02,1.528447104917270565e+02,1.525743669844733574e+02,4.015615670526011058e+02,1.614364464330719784e-08,8.163511164577812451e-01
1.131531901726011893e+04,1.122000000000000000e+04,6.000000000000000000e+01,1.441666666666666572e+02,1.520283180629130300e+02,1.517580762107902785e+02,4.014016035733129115e+02,1.616439249119139276e-08,8.163984764530027860e-01
1.137531901726011893e+04,1.128000000000000000e+04,6.000000000000000000e+01,1.433333333333333428e+02,1.512118836611974757e+02,1.509417454375527257e+02,4.012389955261444356e+02,1.628905010875314474e-08,8.164404434811842748e-01
1.143531901726011893e+04,1.134000000000000000e+04,6.000000000000000000e+01,1.425000000000000000e+02,1.503954121077147761e+02,1.501253792867866821e+02,4.010740254596208274e+02,1.603581267772824503e-08,8.164775908244337188e-01
1.149531901726011893e+04,1.140000000000000000e+04,6.000000000000000000e+01,1.416666666666666572e+02,1.495789077089068542e+02,1.493089818862843288e+02,4.009069468530938138e+02,1.611778088772553019e-08,8.165104330298618152e-01
1.155531901726011893e+04,1.146000000000000000e+04,6.000000000000000000e+01,1.408333333333333428e+02,1.487623743091311042e+02,1.484925569200773054e+02,4.007379871627191505e+02,1.601256371941417456e-08,8.165394320468237765e-01
1.161531901726011893e+04,1.152000000000000000e+04,6.000000000000000000e+01,1.400000000000000000e+02,1.479458153377899805e+02,1.476761076736416385e+02,4.005673505434230037e+02,1.597493337612831965e-08,8.165650027139861322e-01
1.167531901726011893e+04,1.158000000000000000e+04,6.000000000000000000e+01,1.391666666666666572e+02,1.471292338515499978e+02,1.468596370744049295e+02,4.003952202815478358e+02,1.602541033207671717e-08,8.165875176583483608e-01
1.173531901726011893e+04,1.164000000000000000e+04,6.000000000000000000e+01,1.383333333333333428e+02,1.463126325721796377e+02,1.460431477280514514e+02,4.002217609695366036e+02,1.586033704370493069e-08,8.166073116844927426e-01
1.179531901726011893e+04,1.170000000000000000e+04,6.000000000000000000e+01,1.375000000000000000e+02,1.454960139204578695e+02,1.452266419510656874e+02,4.000471204504658544e+02,1.572948349348735064e-08,8.166246856936822951e-01
1.185531901726011893e+04,1.176000000000000000e+04,6.000000000000000000e+01,1.366666666666666572e+02,1.446793800465765969e+02,1.444101217999106268e+02,3.998714315570147164e+02,1.578501951371436007e-08,8.166399101941692606e-01
1.191531901726011893e+04,1.182000000000000000e+04,6.000000000000000000e+01,1.358333333333333144e+02,1.438627328574027899e+02,1.435935890971848323e+02,3.996948136669849418e+02,1.570532504047150724e-08,8.166532284425329635e-01
1.197531901726011893e+04,1.188000000000000000e+04,6.000000000000000000e+01,1.350000000000000000e+02,1.430460740409259301e+02,1.427770454551029502e+02,3.995173740951083801e+02,1.565689444760209881e-08,8.166648592520004968e-01
1.203531901726011893e+04,1.194000000000000000e+04,6.000000000000000000e+01,1.341666666666666856e+02,1.422294050881928911e+02,1.419604922965449134e+02,3.993392093385043609e+02,1.557998530188342556e-08,8.166749995108091298e-01
1.209531901726011893e+04,1.200000000000000000e+04,6.000000000000000000e+01,1.333333333333333144e+02,1.414127273129846856e+02,1.411439308739529110e+02,3.991604061914869135e+02,1.550699835206614807e-08,8.166838264306761630e-01
1.215531901726011893e+04,1.206000000000000000e+04,6.000000000000000000e+01,1.325000000000000000e+02,1.405960418694812120e+02,1.403273622862872685e+02,3.989810427435862721e+02,1.536017180114868097e-08,8.166914995683498546e-01
1.221531901726011893e+04,1.212000000000000000e+04,6.000000000000000000e+01,1.316666666666666856e+02,1.397793497681105350e+02,1.395107874942558794e+02,3.988011892733181298e+02,1.550239403513842262e-08,8.166981626330596100e-01
1.227531901726011893e+04,1.218000000000000000e+04,6.000000000000000000e+01,1.308333333333333144e+02,1.389626518897876792e+02,1.386942073339796480e+02,3.986209090485169213e+02,1.542980498925317079e-08,8.167039451035691400e-01
1.233531901726011893e+04,1.224000000000000000e+04,6.000000000000000000e+01,1.300000000000000000e+02,1.381459489986910398e+02,1.378776225292747313e+02,3.984402590434632430e+02,1.539660843263845891e-08,8.167089636786499796e-01
1.239531901726011893e+04,1.230000000000000000e+04,6.000000000000000000e+01,1.291666666666666856e+02,1.373292417537480787e+02,1.370610337026762977e+02,3.982592905813419861e+02,1.530230520074837841e-08,8.167133235812968906e-01
1.245531901726011893e+04,1.236000000000000000e+04,6.000000000000000000e+01,1.283333333333333144e+02,1.365125307189498471e+02,1.362444413853528147e+02,3.980780499100434895e+02,1.515735448265331797e-08,8.167171197204652344e-01
1.251531901726011893e+04,1.242000000000000000e+04,6.000000000000000000e+01,1.275000000000000000e+02,1.356958163726169460e+02,1.354278460260115367e+02,3.978965787183149132e+02,1.527007498225430027e-08,8.167204377409689187e-01
1.257531901726011893e+04,1.248000000000000000e+04,6.000000000000000000e+01,1.266666666666666714e+02,1.348790991157331121e+02,1.346112479989006090e+02,3.977149145984465122e+02,1.527888571217772551e-08,8.167233549587820107e-01
1.263531901726011893e+04,1.254000000000000000e+04,6.000000000000000000e+01,1.258333333333333286e+02,1.340623792794329461e+02,1.337946476110058711e+02,3.975330914612553102e+02,1.512495373390265740e-08,8.167259412017813247e-01
1.269531901726011893e+04,1.260000000000000000e+04,6.000000000000000000e+01,1.250000000000000000e+02,1.332456571317363512e+02,1.329780451085306083e+02,3.973511399083064362e+02,1.504486135672777891e-08,8.167282595656786270e-01
1.275531901726011893e+04,1.266000000000000000e+04,6.000000000000000000e+01,1.241666666666666714e+02,1.324289328836066773e+02,1.321614406827071662e+02,3.971690875657681090e+02,1.484698941567330621e-08,8.167303670931005399e-01
1.281531901726011893e+04,1.272000000000000000e+04,6.000000000000000000e+01,1.233333333333333286e+02,1.316122066943974005e+02,1.313448344750429726e+02,3.969869593840725770e+02,1.504594138168613426e-08,8.167323153768393240e-01
1.287531901726011893e+04,1.278000000000000000e+04,6.000000000000000000e+01,1.225000000000000000e+02,1.307954786767542714e+02,1.305282265820289922e+02,3.968047779066891962e+02,1.498966639701393433e-08,8.167341511128256570e-01
1.293531901726011893e+04,1.284000000000000000e+04,6.000000000000000000e+01,1.216666666666666714e+02,1.299787489010279273e+02,1.297116170593822062e+02,3.966225635115479236e+02,1.470937149861129001e-08,8.167359207830315881e-01
1.299531901726011893e+04,1.290000000000000000e+04,6.000000000000000000e+01,1.208333333333333286e+02,1.291620173992478442e+02,1.288950059258686736e+02,3.964403346278032814e+02,1.490042222940246575e-08,8.167376584762280345e-01
1.305531901726011893e+04,1.296000000000000000e+04,6.000000000000000000e+01,1.200000000000000000e+02,1.283452841686914212e+02,1.280783931667367312e+02,3.962581079302860303e+02,1.487330791860586032e-08,8.167393988634046309e-01
1.311531901726011893e+04,1.302000000000000000e+04,6.000000000000000000e+01,1.191666666666666714e+02,1.275285491751129854e+02,1.272617787368180871e+02,3.960758985143625637e+02,1.460466592106968164e-08,8.167411734744547402e-01
1.317531901726011893e+04,1.308000000000000000e+04,6.000000000000000000e+01,1.183333333333333286e+02,1.267118123556380453e+02,1.264451625633201104e+02,3.958937200530008909e+02,1.475649469284689985e-08,8.167430109302387109e-01
1.323531901726011893e+04,1.314000000000000000e+04,6.000000000000000000e+01,1.175000000000000000e+02,1.258950736213809449e+02,1.256285445483363645e+02,3.957115849377184986e+02,1.461648935219272971e-08,8.167449372440103161e-01
1.329531901726011893e+04,1.320000000000000000e+04,6.000000000000000000e+01,1.166666666666666714e+02,1.250783328597979107e+02,1.248119245711152701e+02,3.955295044054777236e+02,1.449421915822313167e-08,8.167469760712862126e-01
1.335531901726011893e+04,1.326000000000000000e+04,6.000000000000000000e+01,1.158333333333333286e+02,1.242615899368137065e+02,1.239953024901042085e+02,3.953474886526209389e+02,1.453508957638405263e-08,8.167491489425628970e-01
1.341531901726011893e+04,1.332000000000000000e+04,6.000000000000000000e+01,1.150000000000000000e+02,1.234448446987343857e+02,1.231786781447903252e+02,3.951655469373046685e+02,1.457902953916345723e-08,8.167514754767637442e-01
1.347531901726011893e+04,1.338000000000000000e+04,6.000000000000000000e+01,1.141666666666666714e+02,1.226280969739741380e+02,1.223620513573662407e+02,3.949836876716268534e+02,1.441935637558344752e-08,8.167539735638911225e-01
1.353531901726011893e+04,1.344000000000000000e+04,6.000000000000000000e+01,1.133333333333333286e+02,1.218113465746148307e+02,1.215454219342246063e+02,3.948019185045488371e+02,1.456089648854685947e-08,8.167566595359545545e-01
1.359531901726011893e+04,1.350000000000000000e+04,6.000000000000000000e+01,1.125000000000000000e+02,1.209945932978097005e+02,1.207287896673170593e+02,3.946202463963218179e+02,1.441173935745609924e-08,8.167595483191405492e-01
1.365531901726011893e+04,1.356000000000000000e+04,6.000000000000000000e+01,1.116666666666666714e+02,1.201778369270560489e+02,1.199121543353738133e+02,3.944386776856476331e+02,1.440258756701950915e-08,8.167626535706773439e-01
1.371531901726011893e+04,1.362000000000000000e+04,6.000000000000000000e+01,1.108333333333333286e+02,1.193610772333386052e+02,1.190955157050074433e+02,3.942572181499552926e+02,1.433119223293033428e-08,8.167659878016166886e-01
1.377531901726011893e+04,1.368000000000000000e+04,6.000000000000000000e+01,1.100000000000000000e+02,1.185443139761664213e+02,1.182788735317111559e+02,3.940758730597332260e+02,1.433636498404666781e-08,8.167695624873374527e-01
1.383531901726011893e+04,1.374000000000000000e+04,6.000000000000000000e+01,1.091666666666666714e+02,1.177275469045063545e+02,1.174622275607578104e+02,3.938946472273923405e+02,1.420994522050023079e-08,8.167733881694516640e-01
1.389531901726011893e+04,1.380000000000000000e+04,6.000000000000000000e+01,1.083333333333333286e+02,1.169107757576306597e+02,1.166455775280173413e+02,3.937135450513209207e+02,1.422995410393923521e-08,8.167774745411549020e-01
1.395531901726011893e+04,1.386000000000000000e+04,6.000000000000000000e+01,1.075000000000000000e+02,1.160940002658812489e+02,1.158289231606906924e+02,3.935325705554593014e+02,1.419749651176971383e-08,8.167818305344241026e-01
1.401531901726011893e+04,1.392000000000000000e+04,6.000000000000000000e+01,1.066666666666666714e+02,1.152772201513586765e+02,1.150122641779774000e+02,3.933517274250253877e+02,1.410251115885330364e-08,8.167864643878743891e-01
1.407531901726011893e+04,1.398000000000000000e+04,6.000000000000000000e+01,1.058333333333333286e+02,1.144604351285511683e+02,1.141956002916789998e+02,3.931710190386676800e+02,1.407948957421467640e-08,8.167913837150138079e-01
1.413531901726011893e+04,1.404000000000000000e+04,6.000000000000000000e+01,1.050000000000000000e+02,1.136436449048996451e+02,1.133789312067444115e+02,3.929904484974041452e+02,1.404549720973591320e-08,8.167965955628346819e-01
1.419531901726011893e+04,1.410000000000000000e+04,6.000000000000000000e+01,1.041666666666666714e+02,1.128268491813102514e+02,1.125622566217670766e+02,3.928100186507358558e+02,1.399746452079853043e-08,8.168021064646779905e-01
1.425531901726011893e+04,1.416000000000000000e+04,6.000000000000000000e+01,1.033333333333333286e+02,1.120100476526197326e+02,1.117455762294291617e+02,3.926297321201595878e+02,1.396136894982191734e-08,8.168079224891897638e-01
1.431531901726011893e+04,1.422000000000000000e+04,6.000000000000000000e+01,1.025000000000000000e+02,1.111932400080187620e+02,1.109288897169116552e+02,3.924495913203512600e+02,1.387428483212715946e-08,8.168140492842610456e-01
1.437531901726011893e+04,1.428000000000000000e+04,6.000000000000000000e+01,1.016666666666666714e+02,1.103764259314316547e+02,1.101121967662630539e+02,3.922695984782998266e+02,1.390668558087782003e-08,8.168204921151840381e-01
1.443531901726011893e+04,1.434000000000000000e+04,6.000000000000000000e+01,1.008333333333333286e+02,1.095596051018652588e+02,1.092954970547333602e+02,3.920897556504835393e+02,1.377759417664492503e-08,8.168272558982323517e-01
1.449531901726011893e+04,1.440000000000000000e+04,6.000000000000000000e+01,1.000000000000000000e+02,1.087427771937238674e+02,1.084787902550792182e+02,3.919100647384470335e+02,1.374763769490527920e-08,8.168343452366428892e-01
1.455531901726011893e+04,1.446000000000000000e+04,6.000000000000000000e+01,9.916666666666667140e+01,1.079259418770962640e+02,1.076620760358393198e+02,3.917305275027743505e+02,1.370773361486499198e-08,8.168417644460674865e-01
1.461531901726011893e+04,1.452000000000000000e+04,6.000000000000000000e+01,9.833333333333332860e+01,1.071090988180154824e+02,1.068453540615904416e+02,3.915511455757302315e+02,1.373479108224273659e-08,8.168495175807493069e-01
1.467531901726011893e+04,1.458000000000000000e+04,6.000000000000000000e+01,9.750000000000000000e+01,1.062922476786975921e+02,1.060286239931706689e+02,3.913719204726238559e+02,1.368738367091282271e-08,8.168576084593297537e-01
1.473531901726011893e+04,1.464000000000000000e+04,6.000000000000000000e+01,9.666666666666667140e+01,1.054753881177562818e+02,1.052118854878948042e+02,3.911928536021100058e+02,1.364350055155227892e-08,8.168660406823420317e-01
1.479531901726011893e+04,1.470000000000000000e+04,6.000000000000000000e+01,9.583333333333332860e+01,1.046585197904028490e+02,1.043951381997400745e+02,3.910139462754510760e+02,1.367772028970648535e-08,8.168748176539111228e-01
1.485531901726011893e+04,1.476000000000000000e+04,6.000000000000000000e+01,9.500000000000000000e+01,1.038416423486226705e+02,1.035783817795227293e+02,3.908351997148392343e+02,1.356391976514714770e-08,8.168839425966893941e-01
1.491531901726011893e+04,1.482000000000000000e+04,6.000000000000000000e+01,9.416666666666667140e+01,1.030247554413446238e+02,1.027616158750600448e+02,3.906566150609982060e+02,1.360763235425110906e-08,8.168934185705438722e-01
1.497531901726011893e+04,1.488000000000000000e+04,6.000000000000000000e+01,9.333333333333332860e+01,1.022078587145879141e+02,1.019448401313117927e+02,3.904781933799254716e+02,1.352532308374065906e-08,8.169032484833564922e-01
1.503531901726011893e+04,1.494000000000000000e+04,6.000000000000000000e+01,9.250000000000000000e+01,1.013909518116020223e+02,1.011280541905155559e+02,3.902999356690675086e+02,1.348564637737581506e-08,8.169134351053770615e-01
1.509531901726011893e+04,1.500000000000000000e+04,6.000000000000000000e+01,9.166666666666667140e+01,1.005740343729939070e+02,1.003112576923114005e+02,3.901218428628426977e+02,1.345335931546287611e-08,8.169239810786734779e-01
1.515531901726011893e+04,1.506000000000000000e+04,6.000000000000000000e+01,9.083333333333332860e+01,9.975710603684284195e+01,9.949445027385363005e+01,3.899439158376313230e+02,1.337213006991078146e-08,8.169348889306320416e-01
1.521531901726011893e+04,1.512000000000000000e+04,6.000000000000000000e+01,9.000000000000000000e+01,9.894016643881029438e+01,9.867763156991493645e+01,3.897661554162926905e+02,1.332205101789440960e-08,8.169461610790875739e-01
1.527531901726011893e+04,1.518000000000000000e+04,6.000000000000000000e+01,8.916666666666667140e+01,9.812321521223648801e+01,9.786080121298348899e+01,3.895885623722228388e+02,1.329084398093982600e-08,8.169577998458095180e-01
1.533531901726011893e+04,1.524000000000000000e+04,6.000000000000000000e+01,8.833333333333332860e+01,9.730625198823416611e+01,9.704395883334986195e+01,3.894111374330188937e+02,1.324167442362522706e-08,8.169698074578377600e-01
1.539531901726011893e+04,1.530000000000000000e+04,6.000000000000000000e+01,8.750000000000000000e+01,9.648927639577208026e+01,9.622710405919329446e+01,3.892338812837911064e+02,1.328868393102311529e-08,8.169821860592492158e-01
1.545531901726011893e+04,1.536000000000000000e+04,6.000000000000000000e+01,8.666666666666667140e+01,9.567228806175263855e+01,9.541023651665383909e+01,3.890567945701207577e+02,1.313873099206830375e-08,8.169949377159184678e-01
1.551531901726011893e+04,1.542000000000000000e+04,6.000000000000000000e+01,8.583333333333332860e+01,9.485528661108720883e+01,9.459335582990688351e+01,3.888798779007967710e+02,1.316004727414110675e-08,8.170080644190989005e-01
1.557531901726011893e+04,1.548000000000000000e+04,6.000000000000000000e+01,8.500000000000000000e+01,9.403827166676400395e+01,9.377646162122651674e+01,3.887031318501843771e+02,1.314464270762982778e-08,8.170215680924997059e-01
1.563531901726011893e+04,1.554000000000000000e+04,6.000000000000000000e+01,8.416666666666667140e+01,9.322124284991002696e+01,9.295955351105064324e+01,3.885265569604293319e+02,1.302788632528972812e-08,8.170354505966770375e-01
1.569531901726011893e+04,1.560000000000000000e+04,6.000000000000000000e+01,8.333333333333332860e+01,9.240419977985229139e+01,9.214263111803954587e+01,3.883501537434329975e+02,1.287622808376909234e-08,8.170497137316061753e-01
1.575531901726011893e+04,1.566000000000000000e+04,6.000000000000000000e+01,8.250000000000000000e+01,9.158714207417440889e+01,9.132569405912903449e+01,3.881739226826375670e+02,1.300691110373008996e-08,8.170643592410442579e-01
1.581531901726011893e+04,1.572000000000000000e+04,6.000000000000000000e+01,8.166666666666667140e+01,9.077006934876762045e+01,9.050874194958052499e+01,3.879978642345645881e+02,1.299821406064438634e-08,8.170793888169498587e-01
1.587531901726011893e+04,1.578000000000000000e+04,6.000000000000000000e+01,8.083333333333332860e+01,8.995298121788242440e+01,8.969177440303501214e+01,3.878219788302856728e+02,1.290464979319949634e-08,8.170948041004777451e-01
1.593531901726011893e+04,1.584000000000000000e+04,6.000000000000000000e+01,8.000000000000000000e+01,8.913587729417565697e+01,8.887479103155530424e+01,3.876462668767271680e+02,1.298565166507614776e-08,8.171106066852189542e-01
1.599531901726011893e+04,1.590000000000000000e+04,6.000000000000000000e+01,7.916666666666667140e+01,8.831875718875360803e+01,8.805779144567178207e+01,3.874707287577771240e+02,1.281784989259904251e-08,8.171267981207961384e-01
1.605531901726011893e+04,1.596000000000000000e+04,6.000000000000000000e+01,7.833333333333332860e+01,8.750162051121847639e+01,8.724077525442471881e+01,3.872953648353892504e+02,1.279227035411167890e-08,8.171433799130198850e-01
1.611531901726011893e+04,1.602000000000000000e+04,6.000000000000000000e+01,7.750000000000000000e+01,8.668446686970688120e+01,8.642374206540294779e+01,3.871201754504688211e+02,1.277669525734381750e-08,8.171603535261908746e-01
1.617531901726011893e+04,1.608000000000000000e+04,6.000000000000000000e+01,7.666666666666667140e+01,8.586729587092882809e+01,8.560669148478693558e+01,3.869451609237212324e+02,1.267557081519044004e-08,8.171777203868657580e-01
1.623531901726011893e+04,1.614000000000000000e+04,6.000000000000000000e+01,7.583333333333332860e+01,8.505010712020813912e+01,8.478962311738105484e+01,3.867703215564270067e+02,1.276066541322506964e-08,8.171954818821518529e-01
1.629531901726011893e+04,1.620000000000000000e+04,6.000000000000000000e+01,7.500000000000000000e+01,8.423290022151657297e+01,8.397253656665179733e+01,3.865956576310518358e+02,1.267284233108512126e-08,8.172136393636293406e-01
1.635531901726011893e+04,1.626000000000000000e+04,6.000000000000000000e+01,7.416666666666667140e+01,8.341567477750939474e+01,8.315543143476318733e+01,3.864211694119007348e+02,1.255426695934147574e-08,8.172321941473938978e-01
1.641531901726012075e+04,1.632000000000000000e+04,6.000000000000000000e+01,7.333333333333332860e+01,8.259843038956208261e+01,8.233830732261132823e+01,3.862468571456470272e+02,1.259815007870201953e-08,8.172511475141845949e-01
1.647531901726012075e+04,1.638000000000000000e+04,6.000000000000000000e+01,7.250000000000000000e+01,8.178116665780096639e+01,8.152116382985477117e+01,3.860727210617686751e+02,1.258337078979820944e-08,8.172705007128655552e-01
1.653531901726012075e+04,1.644000000000000000e+04,6.000000000000000000e+01,7.166666666666665719e+01,8.096388318113611149e+01,8.070400055494970104e+01,3.858987613730031967e+02,1.253971504411310889e-08,8.172902549582659049e-01
1.659531901726012075e+04,1.650000000000000000e+04,6.000000000000000000e+01,7.083333333333334281e+01,8.014657955729494176e+01,7.988681709517958041e+01,3.857249782757029379e+02,1.243881797563517466e-08,8.173104114351730232e-01
1.665531901726012075e+04,1.656000000000000000e+04,6.000000000000000000e+01,7.000000000000000000e+01,7.932925538285246603e+01,7.906961304668843127e+01,3.855513719501996661e+02,1.249719616680522449e-08,8.173309712949219374e-01
1.671531901726012075e+04,1.662000000000000000e+04,6.000000000000000000e+01,6.916666666666665719e+01,7.851191025326123452e+01,7.825238800450766519e+01,3.853779425610347289e+02,1.237680180565803312e-08,8.173519356597296337e-01
1.677531901726012075e+04,1.668000000000000000e+04,6.000000000000000000e+01,6.833333333333334281e+01,7.769454376288392439e+01,7.743514156258851244e+01,3.852046902572743079e+02,1.234599267263547517e-08,8.173733056215866100e-01
1.683531901726012075e+04,1.674000000000000000e+04,6.000000000000000000e+01,6.750000000000000000e+01,7.687715550501924611e+01,7.661787331383357014e+01,3.850316151727088823e+02,1.233325974681065418e-08,8.173950822406936823e-01
1.689531901726012075e+04,1.680000000000000000e+04,6.000000000000000000e+01,6.666666666666665719e+01,7.605974507193579370e+01,7.580058285012208330e+01,3.848587174260409256e+02,1.235224544871016406e-08,8.174172665504499946e-01
1.695531901726012075e+04,1.686000000000000000e+04,6.000000000000000000e+01,6.583333333333334281e+01,7.524231205489854801e+01,7.498326976234193353e+01,3.846859971210473077e+02,1.226322865477413870e-08,8.174398595531613410e-01
1.701531901726012075e+04,1.692000000000000000e+04,6.000000000000000000e+01,6.500000000000000000e+01,7.442485604419864842e+01,7.416593364041801806e+01,3.845134543467665935e+02,1.231830992765026167e-08,8.174628622228112818e-01
1.707531901726012075e+04,1.698000000000000000e+04,6.000000000000000000e+01,6.416666666666665719e+01,7.360737662918197088e+01,7.334857407333892354e+01,3.843410891775563982e+02,1.221474121848586947e-08,8.174862755047769269e-01
1.713531901726012075e+04,1.704000000000000000e+04,6.000000000000000000e+01,6.333333333333334281e+01,7.278987339827860126e+01,7.253119064918912784e+01,3.841689016732507866e+02,1.213527411891845986e-08,8.175101003152747126e-01
1.719531901726012075e+04,1.710000000000000000e+04,6.000000000000000000e+01,6.250000000000000000e+01,7.197234593903056066e+01,7.171378295517510537e+01,3.839968918792316686e+02,1.208280764330993406e-08,8.175343375415877745e-01
1.725531901726012075e+04,1.716000000000000000e+04,6.000000000000000000e+01,6.166666666666665719e+01,7.115479383812026981e+01,7.089635057765424619e+01,3.838250598264982045e+02,1.213624045703909360e-08,8.175589880434301904e-01
1.731531901726012075e+04,1.722000000000000000e+04,6.000000000000000000e+01,6.083333333333334281e+01,7.033721668140007921e+01,7.007889310216205558e+01,3.836534055316971035e+02,1.202829480462241918e-08,8.175840526519380091e-01
1.737531901726012075e+04,1.728000000000000000e+04,6.000000000000000000e+01,6.000000000000000000e+01,6.951961405391880078e+01,6.926141011344390108e+01,3.834819289972158458e+02,1.198429799842415377e-08,8.176095321692287143e-01
1.743531901726012075e+04,1.734000000000000000e+04,6.000000000000000000e+01,5.916666666666665719e+01,6.870198553995244595e+01,6.844390119548008045e+01,3.833106302111847299e+02,1.204068666993407533e-08,8.176354273691828212e-01
1.749531901726012075e+04,1.740000000000000000e+04,6.000000000000000000e+01,5.833333333333334281e+01,6.788433072303098470e+01,6.762636593151550812e+01,3.831395091474850005e+02,1.195462573377881199e-08,8.176617389982538953e-01
1.755531901726012075e+04,1.746000000000000000e+04,6.000000000000000000e+01,5.750000000000000000e+01,6.706664918596717939e+01,6.680880390408836433e+01,3.829685657658016567e+02,1.195365939565817825e-08,8.176884677719726824e-01
1.761531901726012075e+04,1.752000000000000000e+04,6.000000000000000000e+01,5.666666666666665719e+01,6.624894051088561753e+01,6.599121469505941207e+01,3.827978000115932105e+02,1.193637899632449262e-08,8.177156143794803711e-01
1.767531901726012075e+04,1.758000000000000000e+04,6.000000000000000000e+01,5.583333333333334281e+01,6.543120427925103400e+01,6.517359788563899770e+01,3.826272118160979403e+02,1.185657083624391817e-08,8.177431794807716869e-01
1.773531901726012075e+04,1.764000000000000000e+04,6.000000000000000000e+01,5.500000000000000000e+01,6.461344007189781280e+01,6.435595305641616903e+01,3.824568010963474194e+02,1.190568355013965629e-08,8.177711637061975125e-01
1.779531901726012075e+04,1.770000000000000000e+04,6.000000000000000000e+01,5.416666666666665719e+01,6.379564746905805350e+01,6.353827978738851101e+01,3.822865677551014869e+02,1.177897956949891523e-08,8.177995676584473017e-01
1.785531901726012075e+04,1.776000000000000000e+04,6.000000000000000000e+01,5.333333333333334281e+01,6.297782605039009240e+01,6.272057765799083029e+01,3.821165116808753623e+02,1.167569507742882706e-08,8.178283919102895538e-01
1.791531901726012075e+04,1.782000000000000000e+04,6.000000000000000000e+01,5.250000000000000000e+01,6.215997539500978775e+01,6.190284624712474226e+01,3.819466327479102006e+02,1.172048769149114378e-08,8.178576370048489252e-01
1.797531901726012075e+04,1.788000000000000000e+04,6.000000000000000000e+01,5.166666666666665719e+01,6.134209508151786849e+01,6.108508513318649591e+01,3.817769308161111326e+02,1.174282715510344133e-08,8.178873034575886436e-01
1.803531901726012075e+04,1.794000000000000000e+04,6.000000000000000000e+01,5.083333333333334281e+01,6.052418468802935081e+01,6.026729389409882032e+01,3.816074057310344756e+02,1.174845465357066132e-08,8.179173917533120175e-01
1.809531901726012075e+04,1.800000000000000000e+04,6.000000000000000000e+01,5.000000000000000000e+01,5.970624379220456035e+01,5.944947210733730003e+01,3.814380573238522061e+02,1.169468077932833694e-08,8.179479023478037902e-01
1.815531901726012075e+04,1.806000000000000000e+04,6.000000000000000000e+01,4.916666666666665719e+01,5.888827197127747581e+01,5.863161934996333713e+01,3.812688854113054617e+02,1.155797235696809366e-08,8.179788356662101023e-01
1.821531901726012075e+04,1.812000000000000000e+04,6.000000000000000000e+01,4.833333333333334281e+01,5.807026880208735520e+01,5.781373519865226029e+01,3.810998897956914107e+02,1.158178974947077222e-08,8.180101921047793212e-01
1.827531901726012075e+04,1.818000000000000000e+04,6.000000000000000000e+01,4.750000000000000000e+01,5.725223386110670987e+01,5.699581922972420500e+01,3.809310702647854896e+02,1.153620132754440419e-08,8.180419720291496333e-01
1.833531901726012075e+04,1.824000000000000000e+04,6.000000000000000000e+01,4.666666666666665719e+01,5.643416672447373372e+01,5.617787101917470949e+01,3.807624265918162223e+02,1.155416384790441953e-08,8.180741757741287756e-01
1.839531901726012075e+04,1.830000000000000000e+04,6.000000000000000000e+01,4.583333333333334281e+01,5.561606696802085281e+01,5.535989014270364805e+01,3.805939585354059318e+02,1.151329342974349856e-08,8.181068036447456393e-01
1.845531901726012075e+04,1.836000000000000000e+04,6.000000000000000000e+01,4.500000000000000000e+01,5.479793416730716871e+01,5.454187617574866209e+01,3.804256658395427735e+02,1.146514705396839418e-08,8.181398559157457839e-01
1.851531901726012075e+04,1.842000000000000000e+04,6.000000000000000000e+01,4.416666666666665719e+01,5.397976789764798866e+01,5.372382869351355339e+01,3.802575482335222432e+02,1.145599526353180408e-08,8.181733328295948127e-01
1.857531901726012075e+04,1.848000000000000000e+04,6.000000000000000000e+01,4.333333333333334281e+01,5.316156773414675030e+01,5.290574727100024433e+01,3.800896054318977804e+02,1.144667294283863157e-08,8.182072345992779105e-01
1.863531901726012075e+04,1.854000000000000000e+04,6.000000000000000000e+01,4.250000000000000000e+01,5.234333325172569573e+01,5.208763148304032597e+01,3.799218371344367142e+02,1.139267169492086396e-08,8.182415614049887154e-01
1.869531901726012075e+04,1.860000000000000000e+04,6.000000000000000000e+01,4.166666666666665719e+01,5.152506402515771811e+01,5.126948090432655647e+01,3.797542430260705260e+02,1.133412297349423170e-08,8.182763133970851754e-01
1.875531901726012075e+04,1.866000000000000000e+04,6.000000000000000000e+01,4.083333333333334281e+01,5.070675962909776757e+01,5.045129510944395435e+01,3.795868227768509655e+02,1.133082605520030484e-08,8.183114906924870979e-01
1.881531901726012075e+04,1.872000000000000000e+04,6.000000000000000000e+01,4.000000000000000000e+01,4.988841963811488966e+01,4.963307367290289562e+01,3.794195760418996883e+02,1.132912075263448060e-08,8.183470933780299106e-01
1.887531901726012075e+04,1.878000000000000000e+04,6.000000000000000000e+01,3.916666666666665719e+01,4.907004362672395104e+01,4.881481616916884292e+01,3.792525024613515257e+02,1.131508042817586102e-08,8.183831215071535325e-01
1.893531901726012075e+04,1.884000000000000000e+04,6.000000000000000000e+01,3.833333333333334281e+01,4.825163116941816099e+01,4.799652217269717625e+01,3.790856016603128751e+02,1.124652726502972655e-08,8.184195751022045329e-01
1.899531901726012075e+04,1.890000000000000000e+04,6.000000000000000000e+01,3.750000000000000000e+01,4.743318184070132304e+01,4.717819125796326318e+01,3.789188732488242977e+02,1.115580516852787696e-08,8.184564541521623937e-01
1.905531901726012075e+04,1.896000000000000000e+04,6.000000000000000000e+01,3.666666666666665719e+01,4.661469521512037772e+01,4.635982299949817786e+01,3.787523168218082219e+02,1.110561242967378348e-08,8.184937586139326982e-01
1.911531901726012075e+04,1.902000000000000000e+04,6.000000000000000000e+01,3.583333333333334281e+01,4.579617086729886921e+01,4.554141697191936800e+01,3.785859319590294945e+02,1.117643932957435027e-08,8.185314884111818401e-01
1.917531901726012075e+04,1.908000000000000000e+04,6.000000000000000000e+01,3.500000000000000000e+01,4.497760837196892680e+01,4.472297274996240901e+01,3.784197182250298965e+02,1.112317704610177316e-08,8.185696434353602058e-01
1.923531901726012075e+04,1.914000000000000000e+04,6.000000000000000000e+01,3.416666666666665719e+01,4.415900730400497309e+01,4.390448990851681543e+01,3.782536751691087602e+02,1.109219738282263279e-08,8.186082235438618682e-01
1.929531901726012075e+04,1.920000000000000000e+04,6.000000000000000000e+01,3.333333333333334281e+01,4.334036723845679262e+01,4.308596802265898873e+01,3.780878023252710705e+02,1.106064928535488434e-08,8.186472285610690847e-01
1.935531901726012075e+04,1.926000000000000000e+04,6.000000000000000000e+01,3.250000000000000000e+01,4.252168775058375161e+01,4.226740666768451149e+01,3.779220992121937570e+02,1.101227553590433672e-08,8.186866582784233515e-01
1.941531901726012075e+04,1.932000000000000000e+04,6.000000000000000000e+01,3.166666666666665719e+01,4.170296841588793058e+01,4.144880541914258032e+01,3.777565653331802764e+02,1.098806023946963251e-08,8.187265124521303505e-01
1.947531901726012075e+04,1.938000000000000000e+04,6.000000000000000000e+01,3.083333333333334281e+01,4.088420881014837960e+01,4.063016385287068744e+01,3.775912001761253691e+02,1.099766677725710906e-08,8.187667908062081779e-01
1.953531901726012075e+04,1.944000000000000000e+04,6.000000000000000000e+01,3.000000000000000000e+01,4.006540850945469145e+01,3.981148154502709247e+01,3.774260032134790208e+02,1.098374013963621110e-08,8.188074930293183229e-01
1.959531901726012075e+04,1.950000000000000000e+04,6.000000000000000000e+01,2.916666666666665719e+01,3.924656709024159085e+01,3.899275807212640643e+01,3.772609739022026929e+02,1.089802026399411261e-08,8.188486187767693991e-01
1.965531901726012075e+04,1.956000000000000000e+04,6.000000000000000000e+01,2.833333333333334281e+01,3.842768412932363731e+01,3.817399301107385412e+01,3.770961116837547706e+02,1.086272050088155083e-08,8.188901676683997266e-01
1.971531901726012075e+04,1.962000000000000000e+04,6.000000000000000000e+01,2.750000000000000000e+01,3.760875920392974336e+01,3.735518593919948671e+01,3.769314159840538991e+02,1.087641976482700557e-08,8.189321392903465835e-01
1.977531901726012075e+04,1.968000000000000000e+04,6.000000000000000000e+01,2.666666666666665719e+01,3.678979189173732323e+01,3.653633643429333944e+01,3.767668862134334518e+02,1.085396661437698640e-08,8.189745331936535422e-01
1.983531901726012075e+04,1.974000000000000000e+04,6.000000000000000000e+01,2.583333333333334281e+01,3.597078177090785545e+01,3.571744407464023396e+01,3.766025217666274330e+02,1.083498091247747652e-08,8.190173488942562585e-01
1.989531901726012075e+04,1.980000000000000000e+04,6.000000000000000000e+01,2.500000000000000000e+01,3.515172842012176346e+01,3.489850843905502131e+01,3.764383220227469451e+02,1.081110667655593716e-08,8.190605858736574874e-01
1.995531901726012075e+04,1.986000000000000000e+04,6.000000000000000000e+01,2.416666666666665719e+01,3.433263141861386458e+01,3.407952910691679449e+01,3.762742863452425581e+02,1.073237854143371806e-08,8.191042435773212560e-01
2.001531901726012075e+04,1.992000000000000000e+04,6.000000000000000000e+01,2.333333333333334281e+01,3.351349034620839973e+01,3.326050565820673910e+01,3.761104140819022632e+02,1.075500222214031965e-08,8.191483214153265635e-01
2.007531901726012075e+04,1.998000000000000000e+04,6.000000000000000000e+01,2.250000000000000000e+01,3.269430478335473822e+01,3.244143767354083252e+01,3.759467045648104317e+02,1.069298605216317810e-08,8.191928187631845049e-01
2.013531901726012075e+04,2.004000000000000000e+04,6.000000000000000000e+01,2.166666666666665719e+01,3.187507431116347334e+01,3.162232473420716161e+01,3.757831571103445185e+02,1.068667643266962841e-08,8.192377349594011093e-01
2.019531901726012075e+04,2.010000000000000000e+04,6.000000000000000000e+01,2.083333333333334281e+01,3.105579851144137393e+01,3.080316642220194012e+01,3.756197710191459009e+02,1.064643129211617634e-08,8.192830693076871285e-01
2.025531901726012075e+04,2.016000000000000000e+04,6.000000000000000000e+01,2.000000000000000000e+01,3.023647696672807683e+01,2.998396232026473740e+01,3.754565455761219823e+02,1.062625187842058949e-08,8.193288210750537814e-01
2.031531901726012075e+04,2.022000000000000000e+04,6.000000000000000000e+01,2.000000000000000000e+01,2.947398754407354815e+01,2.923594242445080127e+01,3.471216409991025102e+02,7.772825938445748761e-09,7.624894226545286813e-01
2.037531901726012075e+04,2.028000000000000000e+04,6.000000000000000000e+01,2.000000000000000000e+01,2.876742804464308279e+01,2.854586004791807241e+01,3.209615096483892103e+02,5.644892553391400725e-09,7.065594994304653653e-01
2.043531901726012075e+04,2.034000000000000000e+04,6.000000000000000000e+01,2.000000000000000000e+01,2.811339752966535244e+01,2.790802766289229098e+01,2.967996868975866960e+02,4.154628641117596999e-09,6.540305149777303484e-01
2.049531901726012075e+04,2.040000000000000000e+04,6.000000000000000000e+01,2.000000000000000000e+01,2.750820208078310358e+01,2.731811464978378368e+01,2.744783690347985612e+02,3.017362359969411045e-09,6.051954488822488543e-01
2.055531901726012075e+04,2.046000000000000000e+04,6.000000000000000000e+01,2.000000000000000000e+01,2.694824968694489087e+01,2.677238815268161432e+01,2.538537898653615628e+02,2.229455731139751151e-09,5.599523938382127142e-01
2.061531901726012075e+04,2.052000000000000000e+04,6.000000000000000000e+01,2.000000000000000000e+01,2.643016322483170555e+01,2.626748391256395720e+01,2.347941988669608122e+02,1.622481704544043168e-09,5.180864621131853198e-01
2.067531901726012075e+04,2.058000000000000000e+04,6.000000000000000000e+01,2.000000000000000000e+01,2.595080349738413972e+01,2.580032058659535821e+01,2.171785687095695323e+02,1.173816599475685507e-09,4.793597274475658310e-01
2.073531901726012075e+04,2.064000000000000000e+04,6.000000000000000000e+01,2.000000000000000000e+01,2.550726368527369203e+01,2.536805956575219767e+01,2.008955941666294791e+02,8.664926554047269747e-10,4.435398121104476843e-01
2.079531901726012075e+04,2.070000000000000000e+04,6.000000000000000000e+01,2.000000000000000000e+01,2.509685552278869736e+01,2.496808030913430798e+01,1.858428396841941890e+02,6.330935775622492656e-10,4.104081624849946763e-01
2.085531901726012075e+04,2.076000000000000000e+04,6.000000000000000000e+01,2.000000000000000000e+01,2.471709375590307189e+01,2.459796160239189078e+01,1.719259840298021516e+02,4.695550614997046068e-10,3.797617668856254625e-01
2.091531901726012075e+04,2.082000000000000000e+04,6.000000000000000000e+01,2.000000000000000000e+01,2.436568092955872089e+01,2.425546558640921191e+01,1.590581402321103610e+02,3.582840690796729177e-10,3.514128263443510036e-01
2.097531901726012075e+04,2.088000000000000000e+04,6.000000000000000000e+01,2.000000000000000000e+01,2.404049309137641899e+01,2.393852346887874560e+01,1.471592392266273350e+02,2.522142494854051620e-10,3.251878381823019026e-01
2.103531901726012075e+04,2.094000000000000000e+04,6.000000000000000000e+01,2.000000000000000000e+01,2.373956653318141363e+01,2.364522250185378738e+01,1.361554694554822049e+02,1.718376552162226290e-10,3.009265581950053559e-01
2.109531901726012075e+04,2.100000000000000000e+04,6.000000000000000000e+01,2.000000000000000000e+01,2.346108554754408715e+01,2.337379403023157920e+01,1.259787663765262380e+02,1.685975803411565721e-10,2.784809856373264836e-01
2.115531901726012075e+04,2.106000000000000000e+04,6.000000000000000000e+01,2.000000000000000000e+01,2.320337113570110077e+01,2.312260249314294214e+01,1.165663467961999089e+02,9.528378086542943493e-11,2.577144118429863795e-01
2.121531901726012075e+04,2.112000000000000000e+04,6.000000000000000000e+01,2.000000000000000000e+01,2.296487059515264662e+01,2.289013529009882220e+01,1.078602836044752991e+02,8.064660050877137110e-11,2.385005405484541541e-01
2.127531901726012075e+04,2.118000000000000000e+04,6.000000000000000000e+01,2.000000000000000000e+01,2.274414791718333362e+01,2.267499343788839283e+01,9.980711701250872636e+01,6.896527793287532404e-11,2.207226779693129970e-01
2.133531901726012075e+04,2.124000000000000000e+04,6.000000000000000000e+01,2.000000000000000000e+01,2.253987492928230196e+01,2.247588295285574489e+01,9.235749883122764459e+01,3.444711182964965701e-11,2.042729879010316552e-01
2.139531901726012075e+04,2.130000000000000000e+04,6.000000000000000000e+01,2.000000000000000000e+01,2.235082312264266946e+01,2.229160689960787067e+01,8.546586670536518682e+01,3.406341875233920291e-11,1.890518066396325025e-01
2.145531901726012075e+04,2.136000000000000000e+04,6.000000000000000000e+01,2.000000000000000000e+01,2.217585610992536260e+01,2.212105805255443514e+01,7.909014554518056173e+01,5.385913937061559409e-12,1.749670127173068579e-01
2.151531901726012075e+04,2.142000000000000000e+04,6.000000000000000000e+01,2.000000000000000000e+01,2.201392266309695600e+01,2.196321212137536705e+01,7.319147368533624842e+01,1.315925146627705544e-11,1.619334468284066020e-01
2.157531901726012075e+04,2.148000000000000000e+04,6.000000000000000000e+01,2.000000000000000000e+01,2.186405028536838557e+01,2.181712149568442172e+01,6.773395155297002646e+01,4.177991286269389093e-12,1.498723777285704273e-01
2.163531901726012075e+04,2.154000000000000000e+04,6.000000000000000000e+01,2.000000000000000000e+01,2.172533927510369978e+01,2.168190946793912843e+01,6.268441085001462199e+01,8.498091119690798223e-12,1.387110102646857968e-01
2.169531901726012075e+04,2.160000000000000000e+04,6.000000000000000000e+01,2.000000000000000000e+01,2.159695724305712972e+01,2.155676489705103194e+01,5.801220245201211867e+01,-6.167510946397669613e-12,1.283820320465700604e-01
2.175531901726012075e+04,2.166000000000000000e+04,6.000000000000000000e+01,2.000000000000000000e+01,2.147813404747730459e+01,2.144093727825920226e+01,5.368900140068915761e+01,1.385558334732195362e-11,1.188231955798251249e-01
2.181531901726012075e+04,2.172000000000000000e+04,6.000000000000000000e+01,2.000000000000000000e+01,2.136815711451229660e+01,2.133373218763937729e+01,4.968862752306178976e+01,-4.696687483374262229e-12,1.099769329650079897e-01
2.187531901726012075e+04,2.178000000000000000e+04,6.000000000000000000e+01,2.000000000000000000e+01,2.126636711399475743e+01,2.123450707219582156e+01,4.598688034852002460e+01,1.286082351725781336e-11,1.017900005175391698e-01
2.193531901726012075e+04,2.184000000000000000e+04,6.000000000000000000e+01,2.000000000000000000e+01,2.117215396309539344e+01,2.114266735882157633e+01,4.256138711904071670e+01,1.753619471855927259e-11,9.421315089936399545e-02
2.199531901726012075e+04,2.190000000000000000e+04,6.000000000000000000e+01,2.000000000000000000e+01,2.108495313254077530e+01,2.105766285755474954e+01,3.939146279851166810e+01,7.247535904753021896e-12,8.720083055461813615e-02
2.205531901726012075e+04,2.196000000000000000e+04,6.000000000000000000e+01,2.000000000000000000e+01,2.100424223210995578e+01,2.097898443651492428e+01,3.645798108640678237e+01,2.664535259100375697e-12,8.071090043081952103e-02
2.211531901726012075e+04,2.202000000000000000e+04,6.000000000000000000e+01,2.000000000000000000e+01,2.092953980139457215e+01,2.090616296252376571e+01,3.374332822236836193e+01,9.695438094325936618e-04,7.470243071538362756e-02
2.217531901726012075e+04,2.208000000000000000e+04,6.000000000000000000e+01,2.000000000000000000e+01,2.086039614730091785e+01,2.083875991827930108e+01,3.123105899800232166e+01,8.305326919604283376e-04,6.914365409365430537e-02
2.223531901726012075e+04,2.214000000000000000e+04,6.000000000000000000e+01,2.000000000000000000e+01,2.079639734093524339e+01,2.077637194457645364e+01,2.890604952812998363e+01,7.114642555023920067e-04,6.399880636567445436e-02
2.229531901726012075e+04,2.220000000000000000e+04,6.000000000000000000e+01,2.000000000000000000e+01,2.073716032978922286e+01,2.071862569810550525e+01,2.675431089790362904e+01,6.094751600045356099e-04,5.923701114602053508e-02
2.235531901726012075e+04,2.226000000000000000e+04,6.000000000000000000e+01,2.000000000000000000e+01,2.068233061651674021e+01,2.066517565382989829e+01,2.476290363986029064e+01,5.221135942505839012e-04,5.482971327248264970e-02
2.241531901726012075e+04,2.232000000000000000e+04,6.000000000000000000e+01,2.000000000000000000e+01,2.063158012396307939e+01,2.061570203148781744e+01,2.291985837998535303e+01,4.472801657620095739e-04,5.075049255366081979e-02
2.247531901726012075e+04,2.238000000000000000e+04,6.000000000000000000e+01,2.000000000000000000e+01,2.058460522149202276e+01,2.056990887460232287e+01,2.121410256410602102e+01,3.831770234974385403e-04,4.697490247105662320e-02
2.253531901726012075e+04,2.244000000000000000e+04,6.000000000000000000e+01,2.000000000000000000e+01,2.054112489967131694e+01,2.052752227271649232e+01,1.963539279502788304e+01,3.282646451552295730e-04,4.348032182070582508e-02
2.259531901726012075e+04,2.250000000000000000e+04,6.000000000000000000e+01,2.000000000000000000e+01,2.050087908187246200e+01,2.048828871655277339e+01,1.817425234124398514e+01,2.812245313350558718e-04,4.024581779885494370e-02
2.265531901726012075e+04,2.256000000000000000e+04,6.000000000000000000e+01,2.000000000000000000e+01,2.046362706236440232e+01,2.045197357622426182e+01,1.682191341283746056e+01,2.409275324097848170e-04,3.725201950805967499e-02
2.271531901726012075e+04,2.262000000000000000e+04,6.000000000000000000e+01,2.000000000000000000e+01,2.042914606133579980e+01,2.041835969327609135e+01,1.557026383279378834e+01,2.064065307578744068e-04,3.448100102860252036e-02
2.277531901726012075e+04,2.268000000000000000e+04,6.000000000000000000e+01,2.000000000000000000e+01,2.039722988802847325e+01,2.038724607800764943e+01,1.441179776203271956e+01,1.768332629303870362e-04,3.191617330732654523e-02
2.283531901726012075e+04,2.274000000000000000e+04,6.000000000000000000e+01,2.000000000000000000e+01,2.036768770384335170e+01,2.035844670416504343e+01,1.333957016397030415e+01,1.514983001555947340e-04,2.954218418512155608e-02
2.289531901726012075e+04,2.280000000000000000e+04,6.000000000000000000e+01,2.000000000000000000e+01,2.034034287790326090e+01,2.033178939369260618e+01,1.234715471965263767e+01,1.297940038167411103e-04,2.734482594009080003e-02
2.295531901726012075e+04,2.286000000000000000e+04,6.000000000000000000e+01,2.000000000000000000e+01,2.031503192812706615e+01,2.030711478478259480e+01,1.142860492754783408e+01,1.111998805392033773e-04,2.531094977619474662e-02
2.301531901726012075e+04,2.292000000000000000e+04,6.000000000000000000e+01,2.000000000000000000e+01,2.029160354139666111e+01,2.028427537697811545e+01,1.057841814321919927e+01,9.527005882148387172e-05,2.342838673040503750e-02
2.307531901726012075e+04,2.298000000000000000e+04,6.000000000000000000e+01,2.000000000000000000e+01,2.026991766688557917e+01,2.026313464755254046e+01,9.791502333461570728e+00,8.162270545142291667e-05,2.168587451108194841e-02
2.313531901726012075e+04,2.304000000000000000e+04,6.000000000000000000e+01,2.000000000000000000e+01,2.024984467706453373e+01,2.024356623382657716e+01,9.063145337204396412e+00,6.993071483840651581e-05,2.007298982104543938e-02
2.319531901726012075e+04,2.310000000000000000e+04,6.000000000000000000e+01,2.000000000000000000e+01,2.023126459131429655e+01,2.022545317648560825e+01,8.388986441794269666e+00,5.991378675851422031e-05,1.858008575023717412e-02
2.325531901726012075e+04,2.316000000000000000e+04,6.000000000000000000e+01,2.000000000000000000e+01,2.021406635746041047e+01,2.020868721933615575e+01,7.764990098241294270e+00,5.133192363526717372e-05,1.719823385388608017e-02
2.331531901726012075e+04,2.322000000000000000e+04,6.000000000000000000e+01,2.000000000000000000e+01,2.019814718689303490e+01,2.019316816127485481e+01,7.187421612693682071e+00,4.397947474021890457e-05,1.591917056737557346e-02
2.337531901726012075e+04,2.328000000000000000e+04,6.000000000000000000e+01,2.000000000000000000e+01,2.018341193926593036e+01,2.017880325657139906e+01,6.652824664085171591e+00,3.768030090789409314e-05,1.473524762710454183e-02
2.343531901726012075e+04,2.334000000000000000e+04,6.000000000000000000e+01,2.000000000000000000e+01,2.016977255306731820e+01,2.016550665985164414e+01,6.158000509474591766e+00,3.228345960692990957e-05,1.363938619861215784e-02
2.349531901726012075e+04,2.340000000000000000e+04,6.000000000000000000e+01,2.000000000000000000e+01,2.015714751863463761e+01,2.015319891244408979e+01,5.699988749303683377e+00,2.765965771267531181e-05,1.262503443268059300e-02
2.355531901726012075e+04,2.346000000000000000e+04,6.000000000000000000e+01,2.000000000000000000e+01,2.014546139044253792e+01,2.014180646699900734e+01,5.276049534617949455e+00,2.369819840897235963e-05,1.168612819209968734e-02
2.361531901726012075e+04,2.352000000000000000e+04,6.000000000000000000e+01,2.000000000000000000e+01,2.013464433573163248e+01,2.013126124752390922e+01,4.883647107335127302e+00,2.030417201925871495e-05,1.081705471090543824e-02
2.367531901726012075e+04,2.358000000000000000e+04,6.000000000000000000e+01,2.000000000000000000e+01,2.012463171676387930e+01,2.012150024219167932e+01,4.520434573015034374e+00,1.739624126528838133e-05,1.001261896775318405e-02
2.373531901726012075e+04,2.364000000000000000e+04,6.000000000000000000e+01,2.000000000000000000e+01,2.011536370419719333e+01,2.011246512647775475e+01,4.184239813261850571e+00,1.490484153432447556e-05,9.268012566685968068e-03
2.379531901726012075e+04,2.370000000000000000e+04,6.000000000000000000e+01,2.000000000000000000e+01,2.010678491925479960e+01,2.010410191436084304e+01,3.873052451933183260e+00,1.277026301194084112e-05,8.578784942393724577e-03
2.385531901726012075e+04,2.376000000000000000e+04,6.000000000000000000e+01,2.000000000000000000e+01,2.009884410254363374e+01,2.009636063549807616e+01,3.585011795927557809e+00,1.094141269897264124e-05,7.940816711165865627e-03
2.391531901726012075e+04,2.382000000000000000e+04,6.000000000000000000e+01,2.000000000000000000e+01,2.009149380753275338e+01,2.008919503643532778e+01,3.318395677286285483e+00,9.374474546852695767e-06,7.350295010880358859e-03
2.397531901726012075e+04,2.388000000000000000e+04,6.000000000000000000e+01,2.000000000000000000e+01,2.008469011685531314e+01,2.008256230406229292e+01,3.071610128944503693e+00,8.031969847444031529e-06,6.803690677440243917e-03
2.403531901726012075e+04,2.394000000000000000e+04,6.000000000000000000e+01,2.000000000000000000e+01,2.007839237972951096e+01,2.007642280965357173e+01,2.843179831558797943e+00,6.881734479158296836e-06,6.297737125802171931e-03
2.409531901726012075e+04,2.400000000000000000e+04,6.000000000000000000e+01,2.000000000000000000e+01,2.007256296892796854e+01,2.007073987196243081e+01,2.631739273605561369e+00,5.896241899616683213e-06,5.829410801542422860e-03
2.415531901726012075e+04,2.406000000000000000e+04,6.000000000000000000e+01,2.000000000000000000e+01,2.006716705583641414e+01,2.006547953794771288e+01,2.436024571283065487e+00,5.051855176851915985e-06,5.395913091554405128e-03
2.421531901726012075e+04,2.412000000000000000e+04,6.000000000000000000e+01,2.000000000000000000e+01,2.006217240225490883e+01,2.006061037981993778e+01,2.254865898816843739e+00,4.328399118236347931e-06,4.994653581505303919e-03
2.427531901726012075e+04,2.418000000000000000e+04,6.000000000000000000e+01,2.000000000000000000e+01,2.005754916769474860e+01,2.005610330719068912e+01,2.087180483455923774e+00,3.708588242279375891e-06,4.623234560160227602e-03
2.433531901726012075e+04,2.424000000000000000e+04,6.000000000000000000e+01,2.000000000000000000e+01,2.005326973101497146e+01,2.005193139320169138e+01,1.931966122909521744e+00,3.177495181638789745e-06,4.279436679777148811e-03
2.439531901726012075e+04,2.430000000000000000e+04,6.000000000000000000e+01,2.000000000000000000e+01,2.004930852533332697e+01,2.004806971359196055e+01,1.788295186179750029e+00,2.722481263317533262e-06,3.961205681644486276e-03
