s_index,n_index,z_index,s_mm,n_mm,z_mm,material,tmax_c,t800_down_s,t500_down_s,t8_5_s,valid
0,0,0,0.0,-36.0,-12.0,QT450-10,169.18691633015018,,,,False
0,0,1,0.0,-36.0,-10.0,QT450-10,169.2946525644693,,,,False
0,0,2,0.0,-36.0,-8.0,QT450-10,169.42570505817682,,,,False
0,0,3,0.0,-36.0,-6.0,QT450-10,169.5451856830376,,,,False
0,0,4,0.0,-36.0,-4.0,QT450-10,169.63743677923105,,,,False
0,0,5,0.0,-36.0,-2.0,QT450-10,169.69503031315182,,,,False
0,0,6,0.0,-36.0,0.0,QT450-10,169.7145596916922,,,,False
0,0,7,0.0,-36.0,2.0,QT450-10,169.69503031315182,,,,False
0,0,8,0.0,-36.0,4.0,QT450-10,169.63743677923105,,,,False
0,0,9,0.0,-36.0,6.0,QT450-10,169.5451856830376,,,,False
0,0,10,0.0,-36.0,8.0,QT450-10,169.42570505817682,,,,False
0,0,11,0.0,-36.0,10.0,QT450-10,169.2946525644693,,,,False
0,0,12,0.0,-36.0,12.0,QT450-10,169.18691633015018,,,,False
0,1,0,0.0,-33.4375,-12.0,QT450-10,169.62185400540494,,,,False
0,1,1,0.0,-33.4375,-10.0,QT450-10,169.8687438330935,,,,False
0,1,2,0.0,-33.4375,-8.0,QT450-10,170.05775965066013,,,,False
0,1,3,0.0,-33.4375,-6.0,QT450-10,170.20357363389792,,,,False
0,1,4,0.0,-33.4375,-4.0,QT450-10,170.30850488149423,,,,False
0,1,5,0.0,-33.4375,-2.0,QT450-10,170.37199433371492,,,,False
0,1,6,0.0,-33.4375,0.0,QT450-10,170.3932594285134,,,,False
0,1,7,0.0,-33.4375,2.0,QT450-10,170.37199433371492,,,,False
0,1,8,0.0,-33.4375,4.0,QT450-10,170.30850488149423,,,,False
0,1,9,0.0,-33.4375,6.0,QT450-10,170.20357363389792,,,,False
0,1,10,0.0,-33.4375,8.0,QT450-10,170.05775965066013,,,,False
0,1,11,0.0,-33.4375,10.0,QT450-10,169.8687438330935,,,,False
0,1,12,0.0,-33.4375,12.0,QT450-10,169.62185400540494,,,,False
0,2,0,0.0,-30.875,-12.0,QT450-10,170.2751256258215,,,,False
0,2,1,0.0,-30.875,-10.0,QT450-10,170.5624685643349,,,,False
0,2,2,0.0,-30.875,-8.0,QT450-10,170.78538330581088,,,,False
0,2,3,0.0,-30.875,-6.0,QT450-10,170.95374148328537,,,,False
0,2,4,0.0,-30.875,-4.0,QT450-10,171.07228404028467,,,,False
0,2,5,0.0,-30.875,-2.0,QT450-10,171.14296235624437,,,,False
0,2,6,0.0,-30.875,0.0,QT450-10,171.16646802539984,,,,False
0,2,7,0.0,-30.875,2.0,QT450-10,171.14296235624437,,,,False
0,2,8,0.0,-30.875,4.0,QT450-10,171.07228404028467,,,,False
0,2,9,0.0,-30.875,6.0,QT450-10,170.95374148328537,,,,False
0,2,10,0.0,-30.875,8.0,QT450-10,170.78538330581088,,,,False
0,2,11,0.0,-30.875,10.0,QT450-10,170.5624685643349,,,,False
0,2,12,0.0,-30.875,12.0,QT450-10,170.2751256258215,,,,False
0,3,0,0.0,-28.3125,-12.0,QT450-10,171.10524714568842,,,,False
0,3,1,0.0,-28.3125,-10.0,QT450-10,171.40813172913397,,,,False
0,3,2,0.0,-28.3125,-8.0,QT450-10,171.64880166511242,,,,False
0,3,3,0.0,-28.3125,-6.0,QT450-10,171.83197053573818,,,,False
0,3,4,0.0,-28.3125,-4.0,QT450-10,171.96095737850996,,,,False
0,3,5,0.0,-28.3125,-2.0,QT450-10,172.03771161159807,,,,False
0,3,6,0.0,-28.3125,0.0,QT450-10,172.06320060754024,,,,False
0,3,7,0.0,-28.3125,2.0,QT450-10,172.03771161159807,,,,False
0,3,8,0.0,-28.3125,4.0,QT450-10,171.96095737850996,,,,False
0,3,9,0.0,-28.3125,6.0,QT450-10,171.83197053573818,,,,False
0,3,10,0.0,-28.3125,8.0,QT450-10,171.64880166511242,,,,False
0,3,11,0.0,-28.3125,10.0,QT450-10,171.40813172913397,,,,False
0,3,12,0.0,-28.3125,12.0,QT450-10,171.10524714568842,,,,False
0,4,0,0.0,-25.75,-12.0,QT450-10,172.1306716446773,,,,False
0,4,1,0.0,-25.75,-10.0,QT450-10,172.44180158699334,,,,False
0,4,2,0.0,-25.75,-8.0,QT450-10,172.6926364618227,,,,False
0,4,3,0.0,-25.75,-6.0,QT450-10,172.88528311225278,,,,False
0,4,4,0.0,-25.75,-4.0,QT450-10,173.02159811167604,,,,False
0,4,5,0.0,-25.75,-2.0,QT450-10,173.10289147288796,,,,False
0,4,6,0.0,-25.75,0.0,QT450-10,173.12990949700824,,,,False
0,4,7,0.0,-25.75,2.0,QT450-10,173.10289147288796,,,,False
0,4,8,0.0,-25.75,4.0,QT450-10,173.02159811167604,,,,False
0,4,9,0.0,-25.75,6.0,QT450-10,172.88528311225278,,,,False
0,4,10,0.0,-25.75,8.0,QT450-10,172.6926364618227,,,,False
0,4,11,0.0,-25.75,10.0,QT450-10,172.44180158699334,,,,False
0,4,12,0.0,-25.75,12.0,QT450-10,172.1306716446773,,,,False
0,5,0,0.0,-23.1875,-12.0,QT450-10,173.41473803953332,,,,False
0,5,1,0.0,-23.1875,-10.0,QT450-10,173.73198076384674,,,,False
0,5,2,0.0,-23.1875,-8.0,QT450-10,173.98983579190465,,,,False
0,5,3,0.0,-23.1875,-6.0,QT450-10,174.1891591108371,,,,False
0,5,4,0.0,-23.1875,-4.0,QT450-10,174.33083060062665,,,,False
0,5,5,0.0,-23.1875,-2.0,QT450-10,174.4155467459062,,,,False
0,5,6,0.0,-23.1875,0.0,QT450-10,174.4437375292848,,,,False
0,5,7,0.0,-23.1875,2.0,QT450-10,174.4155467459062,,,,False
0,5,8,0.0,-23.1875,4.0,QT450-10,174.33083060062665,,,,False
0,5,9,0.0,-23.1875,6.0,QT450-10,174.1891591108371,,,,False
0,5,10,0.0,-23.1875,8.0,QT450-10,173.98983579190465,,,,False
0,5,11,0.0,-23.1875,10.0,QT450-10,173.73198076384674,,,,False
0,5,12,0.0,-23.1875,12.0,QT450-10,173.41473803953332,,,,False
0,6,0,0.0,-20.625,-12.0,QT450-10,175.08770658797366,,,,False
0,6,1,0.0,-20.625,-10.0,QT450-10,175.41105297042822,,,,False
0,6,2,0.0,-20.625,-8.0,QT450-10,175.6751895290739,,,,False
0,6,3,0.0,-20.625,-6.0,QT450-10,175.8802869719238,,,,False
0,6,4,0.0,-20.625,-4.0,QT450-10,176.02657363747178,,,,False
0,6,5,0.0,-20.625,-2.0,QT450-10,176.11425482441416,,,,False
0,6,6,0.0,-20.625,0.0,QT450-10,176.14346626464572,,,,False
0,6,7,0.0,-20.625,2.0,QT450-10,176.11425482441416,,,,False
0,6,8,0.0,-20.625,4.0,QT450-10,176.02657363747178,,,,False
0,6,9,0.0,-20.625,6.0,QT450-10,175.8802869719238,,,,False
0,6,10,0.0,-20.625,8.0,QT450-10,175.6751895290739,,,,False
0,6,11,0.0,-20.625,10.0,QT450-10,175.41105297042822,,,,False
0,6,12,0.0,-20.625,12.0,QT450-10,175.08770658797366,,,,False
0,7,0,0.0,-18.0625,-12.0,QT450-10,177.3983986344325,,,,False
0,7,1,0.0,-18.0625,-10.0,QT450-10,177.7295899827373,,,,False
0,7,2,0.0,-18.0625,-8.0,QT450-10,178.00143016557107,,,,False
0,7,3,0.0,-18.0625,-6.0,QT450-10,178.21346879086548,,,,False
0,7,4,0.0,-18.0625,-4.0,QT450-10,178.36527404740167,,,,False
0,7,5,0.0,-18.0625,-2.0,QT450-10,178.4565074670554,,,,False
0,7,6,0.0,-18.0625,0.0,QT450-10,178.486944491036,,,,False
0,7,7,0.0,-18.0625,2.0,QT450-10,178.4565074670554,,,,False
0,7,8,0.0,-18.0625,4.0,QT450-10,178.36527404740167,,,,False
0,7,9,0.0,-18.0625,6.0,QT450-10,178.21346879086548,,,,False
0,7,10,0.0,-18.0625,8.0,QT450-10,178.00143016557107,,,,False
0,7,11,0.0,-18.0625,10.0,QT450-10,177.7295899827373,,,,False
0,7,12,0.0,-18.0625,12.0,QT450-10,177.3983986344325,,,,False
0,8,0,0.0,-15.5,-12.0,QT450-10,180.7003902992247,,,,False
0,8,1,0.0,-15.5,-10.0,QT450-10,181.04540165329732,,,,False
0,8,2,0.0,-15.5,-8.0,QT450-10,181.33284509174229,,,,False
0,8,3,0.0,-15.5,-6.0,QT450-10,181.5604542202129,,,,False
0,8,4,0.0,-15.5,-4.0,QT450-10,181.72563273562537,,,,False
0,8,5,0.0,-15.5,-2.0,QT450-10,181.8259338258652,,,,False
0,8,6,0.0,-15.5,0.0,QT450-10,181.85958590396112,,,,False
0,8,7,0.0,-15.5,2.0,QT450-10,181.8259338258652,,,,False
0,8,8,0.0,-15.5,4.0,QT450-10,181.72563273562537,,,,False
0,8,9,0.0,-15.5,6.0,QT450-10,181.5604542202129,,,,False
0,8,10,0.0,-15.5,8.0,QT450-10,181.33284509174229,,,,False
0,8,11,0.0,-15.5,10.0,QT450-10,181.04540165329732,,,,False
0,8,12,0.0,-15.5,12.0,QT450-10,180.7003902992247,,,,False
0,9,0,0.0,-12.9375,-12.0,QT450-10,185.1802911802213,,,,False
0,9,1,0.0,-12.9375,-10.0,QT450-10,185.55990958161064,,,,False
0,9,2,0.0,-12.9375,-8.0,QT450-10,185.89827657423572,,,,False
0,9,3,0.0,-12.9375,-6.0,QT450-10,186.18669155973075,,,,False
0,9,4,0.0,-12.9375,-4.0,QT450-10,186.41218068843477,,,,False
0,9,5,0.0,-12.9375,-2.0,QT450-10,186.5582758062279,,,,False
0,9,6,0.0,-12.9375,0.0,QT450-10,186.60925790085952,,,,False
0,9,7,0.0,-12.9375,2.0,QT450-10,186.5582758062279,,,,False
0,9,8,0.0,-12.9375,4.0,QT450-10,186.41218068843477,,,,False
0,9,9,0.0,-12.9375,6.0,QT450-10,186.18669155973075,,,,False
0,9,10,0.0,-12.9375,8.0,QT450-10,185.89827657423572,,,,False
0,9,11,0.0,-12.9375,10.0,QT450-10,185.55990958161064,,,,False
0,9,12,0.0,-12.9375,12.0,QT450-10,185.1802911802213,,,,False
0,10,0,0.0,-10.375,-12.0,QT450-10,190.79603462652472,,,,False
0,10,1,0.0,-10.375,-10.0,QT450-10,191.26774023932722,,,,False
0,10,2,0.0,-10.375,-8.0,QT450-10,191.77151289766095,,,,False
0,10,3,0.0,-10.375,-6.0,QT450-10,192.2988321699442,,,,False
0,10,4,0.0,-10.375,-4.0,QT450-10,192.8204726193318,,,,False
0,10,5,0.0,-10.375,-2.0,QT450-10,193.40852859494558,,,,False
0,10,6,0.0,-10.375,0.0,QT450-10,193.75437298449546,,,,False
0,10,7,0.0,-10.375,2.0,QT450-10,193.40852859494558,,,,False
0,10,8,0.0,-10.375,4.0,QT450-10,192.8204726193318,,,,False
0,10,9,0.0,-10.375,6.0,QT450-10,192.2988321699442,,,,False
0,10,10,0.0,-10.375,8.0,QT450-10,191.77151289766095,,,,False
0,10,11,0.0,-10.375,10.0,QT450-10,191.26774023932722,,,,False
0,10,12,0.0,-10.375,12.0,QT450-10,190.79603462652472,,,,False
0,11,0,0.0,-7.8125,-12.0,QT450-10,197.28449435854316,,,,False
0,11,1,0.0,-7.8125,-10.0,QT450-10,197.98606852067815,,,,False
0,11,2,0.0,-7.8125,-8.0,QT450-10,199.0485554313211,,,,False
0,11,3,0.0,-7.8125,-6.0,QT450-10,200.85603140780847,,,,False
0,11,4,0.0,-7.8125,-4.0,QT450-10,205.58298403163153,,,,False
0,11,5,0.0,-7.8125,-2.0,QT450-10,213.93009646548734,,,,False
0,11,6,0.0,-7.8125,0.0,QT450-10,217.68896058094046,,,,False
0,11,7,0.0,-7.8125,2.0,QT450-10,213.93009646548734,,,,False
0,11,8,0.0,-7.8125,4.0,QT450-10,205.58298403163153,,,,False
0,11,9,0.0,-7.8125,6.0,QT450-10,200.85603140780847,,,,False
0,11,10,0.0,-7.8125,8.0,QT450-10,199.0485554313211,,,,False
0,11,11,0.0,-7.8125,10.0,QT450-10,197.98606852067815,,,,False
0,11,12,0.0,-7.8125,12.0,QT450-10,197.28449435854316,,,,False
0,12,0,0.0,-5.25,-12.0,QT450-10,204.4929931647613,,,,False
0,12,1,0.0,-5.25,-10.0,QT450-10,205.71684555643603,,,,False
0,12,2,0.0,-5.25,-8.0,QT450-10,207.9975035972292,,,,False
0,12,3,0.0,-5.25,-6.0,QT450-10,216.3563636074906,,,,False
0,12,4,0.0,-5.25,-4.0,QT450-10,236.69786194606084,,,,False
0,12,5,0.0,-5.25,-2.0,QT450-10,259.48375668892885,,,,False
0,12,6,0.0,-5.25,0.0,QT450-10,272.1607402344415,,,,False
0,12,7,0.0,-5.25,2.0,QT450-10,259.4837566889289,,,,False
0,12,8,0.0,-5.25,4.0,QT450-10,236.69786194606084,,,,False
0,12,9,0.0,-5.25,6.0,QT450-10,216.3563636074906,,,,False
0,12,10,0.0,-5.25,8.0,QT450-10,207.9975035972292,,,,False
0,12,11,0.0,-5.25,10.0,QT450-10,205.71684555643603,,,,False
0,12,12,0.0,-5.25,12.0,QT450-10,204.4929931647613,,,,False
0,13,0,0.0,-2.6875,-12.0,ERNiFe-CI,211.42533466663366,,,,False
0,13,1,0.0,-2.6875,-10.0,ERNiFe-CI,213.29124929349308,,,,False
0,13,2,0.0,-2.6875,-8.0,ERNiFe-CI,217.00950333994078,,,,False
0,13,3,0.0,-2.6875,-6.0,ERNiFe-CI,240.18452573493593,,,,False
0,13,4,0.0,-2.6875,-4.0,ERNiFe-CI,283.1125085985048,,,,False
0,13,5,0.0,-2.6875,-2.0,ERNiFe-CI,345.72747071643397,,,,False
0,13,6,0.0,-2.6875,0.0,ERNiFe-CI,399.63351043458437,,,,False
0,13,7,0.0,-2.6875,2.0,ERNiFe-CI,345.72747071643397,,,,False
0,13,8,0.0,-2.6875,4.0,ERNiFe-CI,283.1125085985048,,,,False
0,13,9,0.0,-2.6875,6.0,ERNiFe-CI,240.18452573493593,,,,False
0,13,10,0.0,-2.6875,8.0,ERNiFe-CI,217.00950333994078,,,,False
0,13,11,0.0,-2.6875,10.0,ERNiFe-CI,213.29124929349308,,,,False
0,13,12,0.0,-2.6875,12.0,ERNiFe-CI,211.42533466663366,,,,False
0,14,0,0.0,-0.125,-12.0,ERNiFe-CI,217.31299375798486,,,,False
0,14,1,0.0,-0.125,-10.0,ERNiFe-CI,219.64414717020375,,,,False
0,14,2,0.0,-0.125,-8.0,ERNiFe-CI,226.57797813977936,,,,False
0,14,3,0.0,-0.125,-6.0,ERNiFe-CI,259.587892406356,,,,False
0,14,4,0.0,-0.125,-4.0,ERNiFe-CI,331.57284429522207,,,,False
0,14,5,0.0,-0.125,-2.0,ERNiFe-CI,489.8462412879798,,,,False
0,14,6,0.0,-0.125,0.0,ERNiFe-CI,736.3646547765013,,,,False
0,14,7,0.0,-0.125,2.0,ERNiFe-CI,489.84624128797975,,,,False
0,14,8,0.0,-0.125,4.0,ERNiFe-CI,331.5728442952221,,,,False
0,14,9,0.0,-0.125,6.0,ERNiFe-CI,259.587892406356,,,,False
0,14,10,0.0,-0.125,8.0,ERNiFe-CI,226.57797813977936,,,,False
0,14,11,0.0,-0.125,10.0,ERNiFe-CI,219.64414717020375,,,,False
0,14,12,0.0,-0.125,12.0,ERNiFe-CI,217.31299375798486,,,,False
0,15,0,0.0,2.4375,-12.0,ERNiFe-CI,221.48244938146638,,,,False
0,15,1,0.0,2.4375,-10.0,ERNiFe-CI,223.9900818228991,,,,False
0,15,2,0.0,2.4375,-8.0,ERNiFe-CI,230.89638424928754,,,,False
0,15,3,0.0,2.4375,-6.0,ERNiFe-CI,257.9046147390142,,,,False
0,15,4,0.0,2.4375,-4.0,ERNiFe-CI,304.68296470693156,,,,False
0,15,5,0.0,2.4375,-2.0,ERNiFe-CI,372.14413675854126,,,,False
0,15,6,0.0,2.4375,0.0,ERNiFe-CI,431.5868019662854,,,,False
0,15,7,0.0,2.4375,2.0,ERNiFe-CI,372.14413675854126,,,,False
0,15,8,0.0,2.4375,4.0,ERNiFe-CI,304.68296470693156,,,,False
0,15,9,0.0,2.4375,6.0,ERNiFe-CI,257.9046147390142,,,,False
0,15,10,0.0,2.4375,8.0,ERNiFe-CI,230.89638424928754,,,,False
0,15,11,0.0,2.4375,10.0,ERNiFe-CI,223.9900818228991,,,,False
0,15,12,0.0,2.4375,12.0,ERNiFe-CI,221.48244938146638,,,,False
0,16,0,0.0,5.0,-12.0,Q235B,223.70613888903742,,,,False
0,16,1,0.0,5.0,-10.0,Q235B,225.96336497034807,,,,False
0,16,2,0.0,5.0,-8.0,Q235B,231.79764133243825,,,,False
0,16,3,0.0,5.0,-6.0,Q235B,253.34686249020032,,,,False
0,16,4,0.0,5.0,-4.0,Q235B,284.48664514109635,,,,False
0,16,5,0.0,5.0,-2.0,Q235B,317.5493960645477,,,,False
0,16,6,0.0,5.0,0.0,Q235B,335.19034216932954,,,,False
0,16,7,0.0,5.0,2.0,Q235B,317.5493960645477,,,,False
0,16,8,0.0,5.0,4.0,Q235B,284.48664514109635,,,,False
0,16,9,0.0,5.0,6.0,Q235B,253.34686249020032,,,,False
0,16,10,0.0,5.0,8.0,Q235B,231.79764133243827,,,,False
0,16,11,0.0,5.0,10.0,Q235B,225.96336497034807,,,,False
0,16,12,0.0,5.0,12.0,Q235B,223.70613888903742,,,,False
1,0,0,9.614555802700519,-36.0,-12.0,QT450-10,175.8949643492951,,,,False
1,0,1,9.614555802700519,-36.0,-10.0,QT450-10,176.00919281021868,,,,False
1,0,2,9.614555802700519,-36.0,-8.0,QT450-10,176.1481491157107,,,,False
1,0,3,9.614555802700519,-36.0,-6.0,QT450-10,176.27484104401833,,,,False
1,0,4,9.614555802700519,-36.0,-4.0,QT450-10,176.37266335487365,,,,False
1,0,5,9.614555802700519,-36.0,-2.0,QT450-10,176.43373652892487,,,,False
1,0,6,9.614555802700519,-36.0,0.0,QT450-10,176.45444607099705,,,,False
1,0,7,9.614555802700519,-36.0,2.0,QT450-10,176.43373652892487,,,,False
1,0,8,9.614555802700519,-36.0,4.0,QT450-10,176.37266335487365,,,,False
1,0,9,9.614555802700519,-36.0,6.0,QT450-10,176.27484104401833,,,,False
1,0,10,9.614555802700519,-36.0,8.0,QT450-10,176.1481491157107,,,,False
1,0,11,9.614555802700519,-36.0,10.0,QT450-10,176.00919281021868,,,,False
1,0,12,9.614555802700519,-36.0,12.0,QT450-10,175.8949643492951,,,,False
1,1,0,9.614555802700519,-33.4375,-12.0,QT450-10,176.39933127490707,,,,False
1,1,1,9.614555802700519,-33.4375,-10.0,QT450-10,176.66115229513372,,,,False
1,1,2,9.614555802700519,-33.4375,-8.0,QT450-10,176.86164474114912,,,,False
1,1,3,9.614555802700519,-33.4375,-6.0,QT450-10,177.01633367774204,,,,False
1,1,4,9.614555802700519,-33.4375,-4.0,QT450-10,177.12766077849778,,,,False
1,1,5,9.614555802700519,-33.4375,-2.0,QT450-10,177.19502330158966,,,,False
1,1,6,9.614555802700519,-33.4375,0.0,QT450-10,177.21758613645744,,,,False
1,1,7,9.614555802700519,-33.4375,2.0,QT450-10,177.19502330158966,,,,False
1,1,8,9.614555802700519,-33.4375,4.0,QT450-10,177.12766077849778,,,,False
1,1,9,9.614555802700519,-33.4375,6.0,QT450-10,177.01633367774204,,,,False
1,1,10,9.614555802700519,-33.4375,8.0,QT450-10,176.86164474114912,,,,False
1,1,11,9.614555802700519,-33.4375,10.0,QT450-10,176.66115229513372,,,,False
1,1,12,9.614555802700519,-33.4375,12.0,QT450-10,176.39933127490707,,,,False
1,2,0,9.614555802700519,-30.875,-12.0,QT450-10,177.184090697592,,,,False
1,2,1,9.614555802700519,-30.875,-10.0,QT450-10,177.48907752807125,,,,False
1,2,2,9.614555802700519,-30.875,-8.0,QT450-10,177.7257343948155,,,,False
1,2,3,9.614555802700519,-30.875,-6.0,QT450-10,177.904503072485,,,,False
1,2,4,9.614555802700519,-30.875,-4.0,QT450-10,178.0303909437485,,,,False
1,2,5,9.614555802700519,-30.875,-2.0,QT450-10,178.10545433036881,,,,False
1,2,6,9.614555802700519,-30.875,0.0,QT450-10,178.13041923911808,,,,False
1,2,7,9.614555802700519,-30.875,2.0,QT450-10,178.10545433036881,,,,False
1,2,8,9.614555802700519,-30.875,4.0,QT450-10,178.0303909437485,,,,False
1,2,9,9.614555802700519,-30.875,6.0,QT450-10,177.904503072485,,,,False
1,2,10,9.614555802700519,-30.875,8.0,QT450-10,177.7257343948155,,,,False
1,2,11,9.614555802700519,-30.875,10.0,QT450-10,177.48907752807125,,,,False
1,2,12,9.614555802700519,-30.875,12.0,QT450-10,177.184090697592,,,,False
1,3,0,9.614555802700519,-28.3125,-12.0,QT450-10,178.21824259591915,,,,False
1,3,1,9.614555802700519,-28.3125,-10.0,QT450-10,178.54019738603375,,,,False
1,3,2,9.614555802700519,-28.3125,-8.0,QT450-10,178.79607854924484,,,,False
1,3,3,9.614555802700519,-28.3125,-6.0,QT450-10,178.99086224085337,,,,False
1,3,4,9.614555802700519,-28.3125,-4.0,QT450-10,179.12804844876356,,,,False
1,3,5,9.614555802700519,-28.3125,-2.0,QT450-10,179.20968972284544,,,,False
1,3,6,9.614555802700519,-28.3125,0.0,QT450-10,179.23680294576084,,,,False
1,3,7,9.614555802700519,-28.3125,2.0,QT450-10,179.20968972284544,,,,False
1,3,8,9.614555802700519,-28.3125,4.0,QT450-10,179.12804844876356,,,,False
1,3,9,9.614555802700519,-28.3125,6.0,QT450-10,178.99086224085337,,,,False
1,3,10,9.614555802700519,-28.3125,8.0,QT450-10,178.79607854924484,,,,False
1,3,11,9.614555802700519,-28.3125,10.0,QT450-10,178.54019738603375,,,,False
1,3,12,9.614555802700519,-28.3125,12.0,QT450-10,178.21824259591915,,,,False
1,4,0,9.614555802700519,-25.75,-12.0,QT450-10,179.54718121706154,,,,False
1,4,1,9.614555802700519,-25.75,-10.0,QT450-10,179.87865010581834,,,,False
1,4,2,9.614555802700519,-25.75,-8.0,QT450-10,180.1459469823343,,,,False
1,4,3,9.614555802700519,-25.75,-6.0,QT450-10,180.3512821023219,,,,False
1,4,4,9.614555802700519,-25.75,-4.0,QT450-10,180.49660121792797,,,,False
1,4,5,9.614555802700519,-25.75,-2.0,QT450-10,180.58327500830273,,,,False
1,4,6,9.614555802700519,-25.75,0.0,QT450-10,180.61208304133763,,,,False
1,4,7,9.614555802700519,-25.75,2.0,QT450-10,180.58327500830273,,,,False
1,4,8,9.614555802700519,-25.75,4.0,QT450-10,180.49660121792797,,,,False
1,4,9,9.614555802700519,-25.75,6.0,QT450-10,180.3512821023219,,,,False
1,4,10,9.614555802700519,-25.75,8.0,QT450-10,180.1459469823343,,,,False
1,4,11,9.614555802700519,-25.75,10.0,QT450-10,179.87865010581834,,,,False
1,4,12,9.614555802700519,-25.75,12.0,QT450-10,179.54718121706154,,,,False
1,5,0,9.614555802700519,-23.1875,-12.0,QT450-10,181.29030527238334,,,,False
1,5,1,9.614555802700519,-23.1875,-10.0,QT450-10,181.62948469488578,,,,False
1,5,2,9.614555802700519,-23.1875,-8.0,QT450-10,181.90526181639962,,,,False
1,5,3,9.614555802700519,-23.1875,-6.0,QT450-10,182.11850619726852,,,,False
1,5,4,9.614555802700519,-23.1875,-4.0,QT450-10,182.27011232579704,,,,False
1,5,5,9.614555802700519,-23.1875,-2.0,QT450-10,182.36078630769168,,,,False
1,5,6,9.614555802700519,-23.1875,0.0,QT450-10,182.3909626369719,,,,False
1,5,7,9.614555802700519,-23.1875,2.0,QT450-10,182.36078630769168,,,,False
1,5,8,9.614555802700519,-23.1875,4.0,QT450-10,182.27011232579704,,,,False
1,5,9,9.614555802700519,-23.1875,6.0,QT450-10,182.11850619726852,,,,False
1,5,10,9.614555802700519,-23.1875,8.0,QT450-10,181.90526181639962,,,,False
1,5,11,9.614555802700519,-23.1875,10.0,QT450-10,181.62948469488578,,,,False
1,5,12,9.614555802700519,-23.1875,12.0,QT450-10,181.29030527238334,,,,False
1,6,0,9.614555802700519,-20.625,-12.0,QT450-10,183.6960106286413,,,,False
1,6,1,9.614555802700519,-20.625,-10.0,QT450-10,184.04381259721356,,,,False
1,6,2,9.614555802700519,-20.625,-8.0,QT450-10,184.32817849127147,,,,False
1,6,3,9.614555802700519,-20.625,-6.0,QT450-10,184.54917389617466,,,,False
1,6,4,9.614555802700519,-20.625,-4.0,QT450-10,184.7069178380993,,,,False
1,6,5,9.614555802700519,-20.625,-2.0,QT450-10,184.80151827170334,,,,False
1,6,6,9.614555802700519,-20.625,0.0,QT450-10,184.83304458930164,,,,False
1,6,7,9.614555802700519,-20.625,2.0,QT450-10,184.80151827170334,,,,False
1,6,8,9.614555802700519,-20.625,4.0,QT450-10,184.7069178380993,,,,False
1,6,9,9.614555802700519,-20.625,6.0,QT450-10,184.54917389617466,,,,False
1,6,10,9.614555802700519,-20.625,8.0,QT450-10,184.32817849127147,,,,False
1,6,11,9.614555802700519,-20.625,10.0,QT450-10,184.04381259721356,,,,False
1,6,12,9.614555802700519,-20.625,12.0,QT450-10,183.6960106286413,,,,False
1,7,0,9.614555802700519,-18.0625,-12.0,QT450-10,187.22915162516642,,,,False
1,7,1,9.614555802700519,-18.0625,-10.0,QT450-10,187.59036698062653,,,,False
1,7,2,9.614555802700519,-18.0625,-8.0,QT450-10,187.88871698875877,,,,False
1,7,3,9.614555802700519,-18.0625,-6.0,QT450-10,188.12293506676687,,,,False
1,7,4,9.614555802700519,-18.0625,-4.0,QT450-10,188.29160982361202,,,,False
1,7,5,9.614555802700519,-18.0625,-2.0,QT450-10,188.39343857448182,,,,False
1,7,6,9.614555802700519,-18.0625,0.0,QT450-10,188.42749731306927,,,,False
1,7,7,9.614555802700519,-18.0625,2.0,QT450-10,188.39343857448182,,,,False
1,7,8,9.614555802700519,-18.0625,4.0,QT450-10,188.29160982361202,,,,False
1,7,9,9.614555802700519,-18.0625,6.0,QT450-10,188.12293506676687,,,,False
1,7,10,9.614555802700519,-18.0625,8.0,QT450-10,187.88871698875877,,,,False
1,7,11,9.614555802700519,-18.0625,10.0,QT450-10,187.59036698062653,,,,False
1,7,12,9.614555802700519,-18.0625,12.0,QT450-10,187.22915162516642,,,,False
1,8,0,9.614555802700519,-15.5,-12.0,QT450-10,192.4130248589151,,,,False
1,8,1,9.614555802700519,-15.5,-10.0,QT450-10,192.8071592848453,,,,False
1,8,2,9.614555802700519,-15.5,-8.0,QT450-10,193.15036895048647,,,,False
1,8,3,9.614555802700519,-15.5,-6.0,QT450-10,193.4354380454423,,,,False
1,8,4,9.614555802700519,-15.5,-4.0,QT450-10,193.6522366153463,,,,False
1,8,5,9.614555802700519,-15.5,-2.0,QT450-10,193.78911351540077,,,,False
1,8,6,9.614555802700519,-15.5,0.0,QT450-10,193.83608820882355,,,,False
1,8,7,9.614555802700519,-15.5,2.0,QT450-10,193.78911351540077,,,,False
1,8,8,9.614555802700519,-15.5,4.0,QT450-10,193.6522366153463,,,,False
1,8,9,9.614555802700519,-15.5,6.0,QT450-10,193.4354380454423,,,,False
1,8,10,9.614555802700519,-15.5,8.0,QT450-10,193.15036895048647,,,,False
1,8,11,9.614555802700519,-15.5,10.0,QT450-10,192.8071592848453,,,,False
1,8,12,9.614555802700519,-15.5,12.0,QT450-10,192.4130248589151,,,,False
1,9,0,9.614555802700519,-12.9375,-12.0,QT450-10,199.428235819761,,,,False
1,9,1,9.614555802700519,-12.9375,-10.0,QT450-10,199.91518408313422,,,,False
1,9,2,9.614555802700519,-12.9375,-8.0,QT450-10,200.41606637644068,,,,False
1,9,3,9.614555802700519,-12.9375,-6.0,QT450-10,200.91322708376714,,,,False
1,9,4,9.614555802700519,-12.9375,-4.0,QT450-10,201.36829986028476,,,,False
1,9,5,9.614555802700519,-12.9375,-2.0,QT450-10,201.7171746893557,,,,False
1,9,6,9.614555802700519,-12.9375,0.0,QT450-10,201.86391520687113,,,,False
1,9,7,9.614555802700519,-12.9375,2.0,QT450-10,201.7171746893557,,,,False
1,9,8,9.614555802700519,-12.9375,4.0,QT450-10,201.36829986028476,,,,False
1,9,9,9.614555802700519,-12.9375,6.0,QT450-10,200.91322708376714,,,,False
1,9,10,9.614555802700519,-12.9375,8.0,QT450-10,200.41606637644068,,,,False
1,9,11,9.614555802700519,-12.9375,10.0,QT450-10,199.91518408313422,,,,False
1,9,12,9.614555802700519,-12.9375,12.0,QT450-10,199.428235819761,,,,False
1,10,0,9.614555802700519,-10.375,-12.0,QT450-10,208.24392697667804,,,,False
1,10,1,9.614555802700519,-10.375,-10.0,QT450-10,209.00887167001088,,,,False
1,10,2,9.614555802700519,-10.375,-8.0,QT450-10,210.0773038211171,,,,False
1,10,3,9.614555802700519,-10.375,-6.0,QT450-10,211.49942295477257,,,,False
1,10,4,9.614555802700519,-10.375,-4.0,QT450-10,213.1373322572384,,,,False
1,10,5,9.614555802700519,-10.375,-2.0,QT450-10,215.58532661057274,,,,False
1,10,6,9.614555802700519,-10.375,0.0,QT450-10,217.11760103102637,,,,False
1,10,7,9.614555802700519,-10.375,2.0,QT450-10,215.58532661057274,,,,False
1,10,8,9.614555802700519,-10.375,4.0,QT450-10,213.1373322572384,,,,False
1,10,9,9.614555802700519,-10.375,6.0,QT450-10,211.49942295477257,,,,False
1,10,10,9.614555802700519,-10.375,8.0,QT450-10,210.0773038211171,,,,False
1,10,11,9.614555802700519,-10.375,10.0,QT450-10,209.00887167001088,,,,False
1,10,12,9.614555802700519,-10.375,12.0,QT450-10,208.24392697667804,,,,False
1,11,0,9.614555802700519,-7.8125,-12.0,QT450-10,218.7057732524214,,,,False
1,11,1,9.614555802700519,-7.8125,-10.0,QT450-10,219.98011169056207,,,,False
1,11,2,9.614555802700519,-7.8125,-8.0,QT450-10,222.14259133508713,,,,False
1,11,3,9.614555802700519,-7.8125,-6.0,QT450-10,227.42509163588105,,,,False
1,11,4,9.614555802700519,-7.8125,-4.0,QT450-10,237.8823637558675,,,,False
1,11,5,9.614555802700519,-7.8125,-2.0,QT450-10,247.91149371241266,,,,False
1,11,6,9.614555802700519,-7.8125,0.0,QT450-10,252.37777245153254,,,,False
1,11,7,9.614555802700519,-7.8125,2.0,QT450-10,247.91149371241266,,,,False
1,11,8,9.614555802700519,-7.8125,4.0,QT450-10,237.8823637558675,,,,False
1,11,9,9.614555802700519,-7.8125,6.0,QT450-10,227.42509163588105,,,,False
1,11,10,9.614555802700519,-7.8125,8.0,QT450-10,222.14259133508713,,,,False
1,11,11,9.614555802700519,-7.8125,10.0,QT450-10,219.98011169056207,,,,False
1,11,12,9.614555802700519,-7.8125,12.0,QT450-10,218.7057732524214,,,,False
1,12,0,9.614555802700519,-5.25,-12.0,QT450-10,229.67130269655553,,,,False
1,12,1,9.614555802700519,-5.25,-10.0,QT450-10,231.74209226472206,,,,False
1,12,2,9.614555802700519,-5.25,-8.0,QT450-10,238.06471469097693,,,,False
1,12,3,9.614555802700519,-5.25,-6.0,QT450-10,254.32791360088552,,,,False
1,12,4,9.614555802700519,-5.25,-4.0,QT450-10,278.3981603446542,,,,False
1,12,5,9.614555802700519,-5.25,-2.0,QT450-10,304.62869040066676,,,,False
1,12,6,9.614555802700519,-5.25,0.0,QT450-10,319.0774869978235,,,,False
1,12,7,9.614555802700519,-5.25,2.0,QT450-10,304.62869040066676,,,,False
1,12,8,9.614555802700519,-5.25,4.0,QT450-10,278.3981603446542,,,,False
1,12,9,9.614555802700519,-5.25,6.0,QT450-10,254.32791360088552,,,,False
1,12,10,9.614555802700519,-5.25,8.0,QT450-10,238.06471469097693,,,,False
1,12,11,9.614555802700519,-5.25,10.0,QT450-10,231.74209226472206,,,,False
1,12,12,9.614555802700519,-5.25,12.0,QT450-10,229.67130269655553,,,,False
1,13,0,9.614555802700519,-2.6875,-12.0,ERNiFe-CI,239.91318102186366,,,,False
1,13,1,9.614555802700519,-2.6875,-10.0,ERNiFe-CI,243.67617498771128,,,,False
1,13,2,9.614555802700519,-2.6875,-8.0,ERNiFe-CI,257.1540173649388,,,,False
1,13,3,9.614555802700519,-2.6875,-6.0,ERNiFe-CI,286.35565552784936,,,,False
1,13,4,9.614555802700519,-2.6875,-4.0,ERNiFe-CI,335.79795524394524,,,,False
1,13,5,9.614555802700519,-2.6875,-2.0,ERNiFe-CI,405.53110247449064,,,,False
1,13,6,9.614555802700519,-2.6875,0.0,ERNiFe-CI,464.1553221609997,,,,False
1,13,7,9.614555802700519,-2.6875,2.0,ERNiFe-CI,405.53110247449064,,,,False
1,13,8,9.614555802700519,-2.6875,4.0,ERNiFe-CI,335.79795524394524,,,,False
1,13,9,9.614555802700519,-2.6875,6.0,ERNiFe-CI,286.35565552784936,,,,False
1,13,10,9.614555802700519,-2.6875,8.0,ERNiFe-CI,257.1540173649388,,,,False
1,13,11,9.614555802700519,-2.6875,10.0,ERNiFe-CI,243.67617498771128,,,,False
1,13,12,9.614555802700519,-2.6875,12.0,ERNiFe-CI,239.91318102186366,,,,False
1,14,0,9.614555802700519,-0.125,-12.0,ERNiFe-CI,248.58031196558863,,,,False
1,14,1,9.614555802700519,-0.125,-10.0,ERNiFe-CI,254.64143704418044,,,,False
1,14,2,9.614555802700519,-0.125,-8.0,ERNiFe-CI,272.1526704411249,,,,False
1,14,3,9.614555802700519,-0.125,-6.0,ERNiFe-CI,312.467637042465,,,,False
1,14,4,9.614555802700519,-0.125,-4.0,ERNiFe-CI,394.25913958285435,,,,False
1,14,5,9.614555802700519,-0.125,-2.0,ERNiFe-CI,565.0473881847972,,,,False
1,14,6,9.614555802700519,-0.125,0.0,ERNiFe-CI,821.5135772297015,9.95889006788477,12.386763819256515,2.427873751371745,True
1,14,7,9.614555802700519,-0.125,2.0,ERNiFe-CI,565.0473881847972,,,,False
1,14,8,9.614555802700519,-0.125,4.0,ERNiFe-CI,394.25913958285435,,,,False
1,14,9,9.614555802700519,-0.125,6.0,ERNiFe-CI,312.467637042465,,,,False
1,14,10,9.614555802700519,-0.125,8.0,ERNiFe-CI,272.1526704411249,,,,False
1,14,11,9.614555802700519,-0.125,10.0,ERNiFe-CI,254.64143704418046,,,,False
1,14,12,9.614555802700519,-0.125,12.0,ERNiFe-CI,248.58031196558863,,,,False
1,15,0,9.614555802700519,2.4375,-12.0,ERNiFe-CI,254.94824191039908,,,,False
1,15,1,9.614555802700519,2.4375,-10.0,ERNiFe-CI,261.43816653798007,,,,False
1,15,2,9.614555802700519,2.4375,-8.0,ERNiFe-CI,278.2740689767901,,,,False
1,15,3,9.614555802700519,2.4375,-6.0,ERNiFe-CI,311.77317267242125,,,,False
1,15,4,9.614555802700519,2.4375,-4.0,ERNiFe-CI,366.44666902863963,,,,False
1,15,5,9.614555802700519,2.4375,-2.0,ERNiFe-CI,442.58465025867616,,,,False
1,15,6,9.614555802700519,2.4375,0.0,ERNiFe-CI,507.9610671484058,,,,False
1,15,7,9.614555802700519,2.4375,2.0,ERNiFe-CI,442.58465025867616,,,,False
1,15,8,9.614555802700519,2.4375,4.0,ERNiFe-CI,366.44666902863963,,,,False
1,15,9,9.614555802700519,2.4375,6.0,ERNiFe-CI,311.77317267242125,,,,False
1,15,10,9.614555802700519,2.4375,8.0,ERNiFe-CI,278.27406897679015,,,,False
1,15,11,9.614555802700519,2.4375,10.0,ERNiFe-CI,261.4381665379801,,,,False
1,15,12,9.614555802700519,2.4375,12.0,ERNiFe-CI,254.94824191039908,,,,False
1,16,0,9.614555802700519,5.0,-12.0,Q235B,258.1549565656086,,,,False
1,16,1,9.614555802700519,5.0,-10.0,Q235B,264.1915464836449,,,,False
1,16,2,9.614555802700519,5.0,-8.0,Q235B,279.35764019071536,,,,False
1,16,3,9.614555802700519,5.0,-6.0,Q235B,306.2853106869999,,,,False
1,16,4,9.614555802700519,5.0,-4.0,Q235B,343.1690090920583,,,,False
1,16,5,9.614555802700519,5.0,-2.0,Q235B,381.48888729618466,,,,False
1,16,6,9.614555802700519,5.0,0.0,Q235B,401.8247700708318,,,,False
1,16,7,9.614555802700519,5.0,2.0,Q235B,381.48888729618466,,,,False
1,16,8,9.614555802700519,5.0,4.0,Q235B,343.1690090920583,,,,False
1,16,9,9.614555802700519,5.0,6.0,Q235B,306.2853106869999,,,,False
1,16,10,9.614555802700519,5.0,8.0,Q235B,279.35764019071536,,,,False
1,16,11,9.614555802700519,5.0,10.0,Q235B,264.19154648364497,,,,False
1,16,12,9.614555802700519,5.0,12.0,Q235B,258.1549565656086,,,,False
2,0,0,19.229111605401037,-36.0,-12.0,QT450-10,181.87384446454732,,,,False
2,0,1,19.229111605401037,-36.0,-10.0,QT450-10,181.99399997838768,,,,False
2,0,2,19.229111605401037,-36.0,-8.0,QT450-10,182.1401702528983,,,,False
2,0,3,19.229111605401037,-36.0,-6.0,QT450-10,182.2734426937039,,,,False
2,0,4,19.229111605401037,-36.0,-4.0,QT450-10,182.37634859029666,,,,False
2,0,5,19.229111605401037,-36.0,-2.0,QT450-10,182.4405965209413,,,,False
2,0,6,19.229111605401037,-36.0,0.0,QT450-10,182.46238276327782,,,,False
2,0,7,19.229111605401037,-36.0,2.0,QT450-10,182.4405965209413,,,,False
2,0,8,19.229111605401037,-36.0,4.0,QT450-10,182.37634859029666,,,,False
2,0,9,19.229111605401037,-36.0,6.0,QT450-10,182.2734426937039,,,,False
2,0,10,19.229111605401037,-36.0,8.0,QT450-10,182.1401702528983,,,,False
2,0,11,19.229111605401037,-36.0,10.0,QT450-10,181.99399997838768,,,,False
2,0,12,19.229111605401037,-36.0,12.0,QT450-10,181.87384446454732,,,,False
2,1,0,19.229111605401037,-33.4375,-12.0,QT450-10,182.43424109977104,,,,False
2,1,1,19.229111605401037,-33.4375,-10.0,QT450-10,182.70969387885268,,,,False
2,1,2,19.229111605401037,-33.4375,-8.0,QT450-10,182.9206582138111,,,,False
2,1,3,19.229111605401037,-33.4375,-6.0,QT450-10,183.08344200025758,,,,False
2,1,4,19.229111605401037,-33.4375,-4.0,QT450-10,183.20060129929078,,,,False
2,1,5,19.229111605401037,-33.4375,-2.0,QT450-10,183.27149503064746,,,,False
2,1,6,19.229111605401037,-33.4375,0.0,QT450-10,183.29524097337153,,,,False
2,1,7,19.229111605401037,-33.4375,2.0,QT450-10,183.27149503064746,,,,False
2,1,8,19.229111605401037,-33.4375,4.0,QT450-10,183.20060129929078,,,,False
2,1,9,19.229111605401037,-33.4375,6.0,QT450-10,183.08344200025758,,,,False
2,1,10,19.229111605401037,-33.4375,8.0,QT450-10,182.9206582138111,,,,False
2,1,11,19.229111605401037,-33.4375,10.0,QT450-10,182.70969387885268,,,,False
2,1,12,19.229111605401037,-33.4375,12.0,QT450-10,182.43424109977104,,,,False
2,2,0,19.229111605401037,-30.875,-12.0,QT450-10,183.3230616487306,,,,False
2,2,1,19.229111605401037,-30.875,-10.0,QT450-10,183.64413218841523,,,,False
2,2,2,19.229111605401037,-30.875,-8.0,QT450-10,183.89330880362044,,,,False
2,2,3,19.229111605401037,-30.875,-6.0,QT450-10,184.08155699937336,,,,False
2,2,4,19.229111605401037,-30.875,-4.0,QT450-10,184.21413120209758,,,,False
2,2,5,19.229111605401037,-30.875,-2.0,QT450-10,184.29318546767723,,,,False
2,2,6,19.229111605401037,-30.875,0.0,QT450-10,184.3194783138939,,,,False
2,2,7,19.229111605401037,-30.875,2.0,QT450-10,184.29318546767723,,,,False
2,2,8,19.229111605401037,-30.875,4.0,QT450-10,184.21413120209758,,,,False
2,2,9,19.229111605401037,-30.875,6.0,QT450-10,184.08155699937336,,,,False
2,2,10,19.229111605401037,-30.875,8.0,QT450-10,183.89330880362044,,,,False
2,2,11,19.229111605401037,-30.875,10.0,QT450-10,183.64413218841523,,,,False
2,2,12,19.229111605401037,-30.875,12.0,QT450-10,183.3230616487306,,,,False
2,3,0,19.229111605401037,-28.3125,-12.0,QT450-10,184.51576033796843,,,,False
2,3,1,19.229111605401037,-28.3125,-10.0,QT450-10,184.8550492285076,,,,False
2,3,2,19.229111605401037,-28.3125,-8.0,QT450-10,185.1247490754374,,,,False
2,3,3,19.229111605401037,-28.3125,-6.0,QT450-10,185.33007944168958,,,,False
2,3,4,19.229111605401037,-28.3125,-4.0,QT450-10,185.47470845444295,,,,False
2,3,5,19.229111605401037,-28.3125,-2.0,QT450-10,185.560784872371,,,,False
2,3,6,19.229111605401037,-28.3125,0.0,QT450-10,185.58937197589444,,,,False
2,3,7,19.229111605401037,-28.3125,2.0,QT450-10,185.560784872371,,,,False
2,3,8,19.229111605401037,-28.3125,4.0,QT450-10,185.47470845444295,,,,False
2,3,9,19.229111605401037,-28.3125,6.0,QT450-10,185.33007944168958,,,,False
2,3,10,19.229111605401037,-28.3125,8.0,QT450-10,185.1247490754374,,,,False
2,3,11,19.229111605401037,-28.3125,10.0,QT450-10,184.8550492285076,,,,False
2,3,12,19.229111605401037,-28.3125,12.0,QT450-10,184.51576033796843,,,,False
2,4,0,19.229111605401037,-25.75,-12.0,QT450-10,186.0754988388752,,,,False
2,4,1,19.229111605401037,-25.75,-10.0,QT450-10,186.42537058222345,,,,False
2,4,2,19.229111605401037,-25.75,-8.0,QT450-10,186.7075558022549,,,,False
2,4,3,19.229111605401037,-25.75,-6.0,QT450-10,186.92436227918367,,,,False
2,4,4,19.229111605401037,-25.75,-4.0,QT450-10,187.07781962714768,,,,False
2,4,5,19.229111605401037,-25.75,-2.0,QT450-10,187.16935559452696,,,,False
2,4,6,19.229111605401037,-25.75,0.0,QT450-10,187.19978108378675,,,,False
2,4,7,19.229111605401037,-25.75,2.0,QT450-10,187.16935559452696,,,,False
2,4,8,19.229111605401037,-25.75,4.0,QT450-10,187.07781962714768,,,,False
2,4,9,19.229111605401037,-25.75,6.0,QT450-10,186.92436227918367,,,,False
2,4,10,19.229111605401037,-25.75,8.0,QT450-10,186.7075558022549,,,,False
2,4,11,19.229111605401037,-25.75,10.0,QT450-10,186.42537058222345,,,,False
2,4,12,19.229111605401037,-25.75,12.0,QT450-10,186.0754988388752,,,,False
2,5,0,19.229111605401037,-23.1875,-12.0,QT450-10,188.15660183745655,,,,False
2,5,1,19.229111605401037,-23.1875,-10.0,QT450-10,188.5154789127499,,,,False
2,5,2,19.229111605401037,-23.1875,-8.0,QT450-10,188.80734766687348,,,,False
2,5,3,19.229111605401037,-23.1875,-6.0,QT450-10,189.0330912507209,,,,False
2,5,4,19.229111605401037,-23.1875,-4.0,QT450-10,189.19361768533386,,,,False
2,5,5,19.229111605401037,-23.1875,-2.0,QT450-10,189.28964148487515,,,,False
2,5,6,19.229111605401037,-23.1875,0.0,QT450-10,189.32160078961675,,,,False
2,5,7,19.229111605401037,-23.1875,2.0,QT450-10,189.28964148487515,,,,False
2,5,8,19.229111605401037,-23.1875,4.0,QT450-10,189.19361768533386,,,,False
2,5,9,19.229111605401037,-23.1875,6.0,QT450-10,189.0330912507209,,,,False
2,5,10,19.229111605401037,-23.1875,8.0,QT450-10,188.80734766687348,,,,False
2,5,11,19.229111605401037,-23.1875,10.0,QT450-10,188.5154789127499,,,,False
2,5,12,19.229111605401037,-23.1875,12.0,QT450-10,188.15660183745655,,,,False
2,6,0,19.229111605401037,-20.625,-12.0,QT450-10,191.06965262321975,,,,False
2,6,1,19.229111605401037,-20.625,-10.0,QT450-10,191.43913012894464,,,,False
2,6,2,19.229111605401037,-20.625,-8.0,QT450-10,191.7414671515625,,,,False
2,6,3,19.229111605401037,-20.625,-6.0,QT450-10,191.97661900455404,,,,False
2,6,4,19.229111605401037,-20.625,-4.0,QT450-10,192.14459111000178,,,,False
2,6,5,19.229111605401037,-20.625,-2.0,QT450-10,192.24538111556748,,,,False
2,6,6,19.229111605401037,-20.625,0.0,QT450-10,192.2789790102146,,,,False
2,6,7,19.229111605401037,-20.625,2.0,QT450-10,192.24538111556748,,,,False
2,6,8,19.229111605401037,-20.625,4.0,QT450-10,192.14459111000178,,,,False
2,6,9,19.229111605401037,-20.625,6.0,QT450-10,191.97661900455404,,,,False
2,6,10,19.229111605401037,-20.625,8.0,QT450-10,191.7414671515625,,,,False
2,6,11,19.229111605401037,-20.625,10.0,QT450-10,191.43913012894464,,,,False
2,6,12,19.229111605401037,-20.625,12.0,QT450-10,191.06965262321975,,,,False
2,7,0,19.229111605401037,-18.0625,-12.0,QT450-10,195.35092922021008,,,,False
2,7,1,19.229111605401037,-18.0625,-10.0,QT450-10,195.73794758558884,,,,False
2,7,2,19.229111605401037,-18.0625,-8.0,QT450-10,196.05916596011056,,,,False
2,7,3,19.229111605401037,-18.0625,-6.0,QT450-10,196.31259182084733,,,,False
2,7,4,19.229111605401037,-18.0625,-4.0,QT450-10,196.49593633687383,,,,False
2,7,5,19.229111605401037,-18.0625,-2.0,QT450-10,196.60701842268125,,,,False
2,7,6,19.229111605401037,-18.0625,0.0,QT450-10,196.64424199884238,,,,False
2,7,7,19.229111605401037,-18.0625,2.0,QT450-10,196.60701842268125,,,,False
2,7,8,19.229111605401037,-18.0625,4.0,QT450-10,196.49593633687383,,,,False
2,7,9,19.229111605401037,-18.0625,6.0,QT450-10,196.31259182084733,,,,False
2,7,10,19.229111605401037,-18.0625,8.0,QT450-10,196.05916596011056,,,,False
2,7,11,19.229111605401037,-18.0625,10.0,QT450-10,195.73794758558884,,,,False
2,7,12,19.229111605401037,-18.0625,12.0,QT450-10,195.35092922021008,,,,False
2,8,0,19.229111605401037,-15.5,-12.0,QT450-10,201.5329550389613,,,,False
2,8,1,19.229111605401037,-15.5,-10.0,QT450-10,201.96392463258957,,,,False
2,8,2,19.229111605401037,-15.5,-8.0,QT450-10,202.3466882500641,,,,False
2,8,3,19.229111605401037,-15.5,-6.0,QT450-10,202.6711744014662,,,,False
2,8,4,19.229111605401037,-15.5,-4.0,QT450-10,202.92290499973421,,,,False
2,8,5,19.229111605401037,-15.5,-2.0,QT450-10,203.08451639304542,,,,False
2,8,6,19.229111605401037,-15.5,0.0,QT450-10,203.1405405980736,,,,False
2,8,7,19.229111605401037,-15.5,2.0,QT450-10,203.08451639304542,,,,False
2,8,8,19.229111605401037,-15.5,4.0,QT450-10,202.92290499973421,,,,False
2,8,9,19.229111605401037,-15.5,6.0,QT450-10,202.6711744014662,,,,False
2,8,10,19.229111605401037,-15.5,8.0,QT450-10,202.3466882500641,,,,False
2,8,11,19.229111605401037,-15.5,10.0,QT450-10,201.96392463258957,,,,False
2,8,12,19.229111605401037,-15.5,12.0,QT450-10,201.5329550389613,,,,False
2,9,0,19.229111605401037,-12.9375,-12.0,QT450-10,209.74591212335858,,,,False
2,9,1,19.229111605401037,-12.9375,-10.0,QT450-10,210.29580642441113,,,,False
2,9,2,19.229111605401037,-12.9375,-8.0,QT450-10,210.88319319839675,,,,False
2,9,3,19.229111605401037,-12.9375,-6.0,QT450-10,211.4887706460419,,,,False
2,9,4,19.229111605401037,-12.9375,-4.0,QT450-10,212.0776522417445,,,,False
2,9,5,19.229111605401037,-12.9375,-2.0,QT450-10,212.5640479847105,,,,False
2,9,6,19.229111605401037,-12.9375,0.0,QT450-10,212.76030535628817,,,,False
2,9,7,19.229111605401037,-12.9375,2.0,QT450-10,212.5640479847105,,,,False
2,9,8,19.229111605401037,-12.9375,4.0,QT450-10,212.0776522417445,,,,False
2,9,9,19.229111605401037,-12.9375,6.0,QT450-10,211.4887706460419,,,,False
2,9,10,19.229111605401037,-12.9375,8.0,QT450-10,210.88319319839675,,,,False
2,9,11,19.229111605401037,-12.9375,10.0,QT450-10,210.29580642441113,,,,False
2,9,12,19.229111605401037,-12.9375,12.0,QT450-10,209.74591212335858,,,,False
2,10,0,19.229111605401037,-10.375,-12.0,QT450-10,220.0618032796618,,,,False
2,10,1,19.229111605401037,-10.375,-10.0,QT450-10,220.93282524494936,,,,False
2,10,2,19.229111605401037,-10.375,-8.0,QT450-10,222.15926409816785,,,,False
2,10,3,19.229111605401037,-10.375,-6.0,QT450-10,223.75774151352704,,,,False
2,10,4,19.229111605401037,-10.375,-4.0,QT450-10,225.5390206969554,,,,False
2,10,5,19.229111605401037,-10.375,-2.0,QT450-10,228.3108821757855,,,,False
2,10,6,19.229111605401037,-10.375,0.0,QT450-10,229.83931430516847,,,,False
2,10,7,19.229111605401037,-10.375,2.0,QT450-10,228.3108821757855,,,,False
2,10,8,19.229111605401037,-10.375,4.0,QT450-10,225.5390206969554,,,,False
2,10,9,19.229111605401037,-10.375,6.0,QT450-10,223.75774151352704,,,,False
2,10,10,19.229111605401037,-10.375,8.0,QT450-10,222.15926409816785,,,,False
2,10,11,19.229111605401037,-10.375,10.0,QT450-10,220.93282524494936,,,,False
2,10,12,19.229111605401037,-10.375,12.0,QT450-10,220.0618032796618,,,,False
2,11,0,19.229111605401037,-7.8125,-12.0,QT450-10,231.94842540980028,,,,False
2,11,1,19.229111605401037,-7.8125,-10.0,QT450-10,233.37623229872233,,,,False
2,11,2,19.229111605401037,-7.8125,-8.0,QT450-10,235.78046178155927,,,,False
2,11,3,19.229111605401037,-7.8125,-6.0,QT450-10,241.83267723881636,,,,False
2,11,4,19.229111605401037,-7.8125,-4.0,QT450-10,252.34308524725608,,,,False
2,11,5,19.229111605401037,-7.8125,-2.0,QT450-10,262.3931560680791,,,,False
2,11,6,19.229111605401037,-7.8125,0.0,QT450-10,266.86493458727364,,,,False
2,11,7,19.229111605401037,-7.8125,2.0,QT450-10,262.3931560680791,,,,False
2,11,8,19.229111605401037,-7.8125,4.0,QT450-10,252.34308524725608,,,,False
2,11,9,19.229111605401037,-7.8125,6.0,QT450-10,241.83267723881636,,,,False
2,11,10,19.229111605401037,-7.8125,8.0,QT450-10,235.78046178155927,,,,False
2,11,11,19.229111605401037,-7.8125,10.0,QT450-10,233.37623229872233,,,,False
2,11,12,19.229111605401037,-7.8125,12.0,QT450-10,231.94842540980028,,,,False
2,12,0,19.229111605401037,-5.25,-12.0,QT450-10,244.29760615592446,,,,False
2,12,1,19.229111605401037,-5.25,-10.0,QT450-10,246.6301269803041,,,,False
2,12,2,19.229111605401037,-5.25,-8.0,QT450-10,254.02019464552194,,,,False
2,12,3,19.229111605401037,-5.25,-6.0,QT450-10,270.46767934775835,,,,False
2,12,4,19.229111605401037,-5.25,-4.0,QT450-10,294.64448054848503,,,,False
2,12,5,19.229111605401037,-5.25,-2.0,QT450-10,320.9417820802851,,,,False
2,12,6,19.229111605401037,-5.25,0.0,QT450-10,335.41512291027,,,,False
2,12,7,19.229111605401037,-5.25,2.0,QT450-10,320.9417820802851,,,,False
2,12,8,19.229111605401037,-5.25,4.0,QT450-10,294.64448054848503,,,,False
2,12,9,19.229111605401037,-5.25,6.0,QT450-10,270.46767934775835,,,,False
2,12,10,19.229111605401037,-5.25,8.0,QT450-10,254.02019464552194,,,,False
2,12,11,19.229111605401037,-5.25,10.0,QT450-10,246.6301269803041,,,,False
2,12,12,19.229111605401037,-5.25,12.0,QT450-10,244.29760615592446,,,,False
2,13,0,19.229111605401037,-2.6875,-12.0,ERNiFe-CI,255.8760787802926,,,,False
2,13,1,19.229111605401037,-2.6875,-10.0,ERNiFe-CI,260.718999865577,,,,False
2,13,2,19.229111605401037,-2.6875,-8.0,ERNiFe-CI,274.6429161825436,,,,False
2,13,3,19.229111605401037,-2.6875,-6.0,ERNiFe-CI,304.11660806492694,,,,False
2,13,4,19.229111605401037,-2.6875,-4.0,ERNiFe-CI,353.7551772751285,,,,False
2,13,5,19.229111605401037,-2.6875,-2.0,ERNiFe-CI,423.64903299256866,,,,False
2,13,6,19.229111605401037,-2.6875,0.0,ERNiFe-CI,482.34908789588974,,,,False
2,13,7,19.229111605401037,-2.6875,2.0,ERNiFe-CI,423.64903299256866,,,,False
2,13,8,19.229111605401037,-2.6875,4.0,ERNiFe-CI,353.7551772751285,,,,False
2,13,9,19.229111605401037,-2.6875,6.0,ERNiFe-CI,304.11660806492694,,,,False
2,13,10,19.229111605401037,-2.6875,8.0,ERNiFe-CI,274.6429161825436,,,,False
2,13,11,19.229111605401037,-2.6875,10.0,ERNiFe-CI,260.7189998655771,,,,False
2,13,12,19.229111605401037,-2.6875,12.0,ERNiFe-CI,255.8760787802926,,,,False
2,14,0,19.229111605401037,-0.125,-12.0,ERNiFe-CI,266.2438393245403,,,,False
2,14,1,19.229111605401037,-0.125,-10.0,ERNiFe-CI,272.8329597679444,,,,False
2,14,2,19.229111605401037,-0.125,-8.0,ERNiFe-CI,290.8420252413169,,,,False
2,14,3,19.229111605401037,-0.125,-6.0,ERNiFe-CI,331.52532383749013,,,,False
2,14,4,19.229111605401037,-0.125,-4.0,ERNiFe-CI,413.61478025629697,,,,False
2,14,5,19.229111605401037,-0.125,-2.0,ERNiFe-CI,584.6752722536708,,,,False
2,14,6,19.229111605401037,-0.125,0.0,ERNiFe-CI,841.3022399235665,16.63567866482924,18.980753696851842,2.345075032022603,True
2,14,7,19.229111605401037,-0.125,2.0,ERNiFe-CI,584.6752722536708,,,,False
2,14,8,19.229111605401037,-0.125,4.0,ERNiFe-CI,413.61478025629697,,,,False
2,14,9,19.229111605401037,-0.125,6.0,ERNiFe-CI,331.52532383749013,,,,False
2,14,10,19.229111605401037,-0.125,8.0,ERNiFe-CI,290.8420252413169,,,,False
2,14,11,19.229111605401037,-0.125,10.0,ERNiFe-CI,272.83295976794443,,,,False
2,14,12,19.229111605401037,-0.125,12.0,ERNiFe-CI,266.2438393245403,,,,False
2,15,0,19.229111605401037,2.4375,-12.0,ERNiFe-CI,273.3914665268785,,,,False
2,15,1,19.229111605401037,2.4375,-10.0,ERNiFe-CI,280.33067589792574,,,,False
2,15,2,19.229111605401037,2.4375,-8.0,ERNiFe-CI,297.6367932901985,,,,False
2,15,3,19.229111605401037,2.4375,-6.0,ERNiFe-CI,331.4986788701763,,,,False
2,15,4,19.229111605401037,2.4375,-4.0,ERNiFe-CI,386.4566955164741,,,,False
2,15,5,19.229111605401037,2.4375,-2.0,ERNiFe-CI,462.8320620879628,,,,False
2,15,6,19.229111605401037,2.4375,0.0,ERNiFe-CI,528.345246904091,,,,False
2,15,7,19.229111605401037,2.4375,2.0,ERNiFe-CI,462.8320620879628,,,,False
2,15,8,19.229111605401037,2.4375,4.0,ERNiFe-CI,386.4566955164741,,,,False
2,15,9,19.229111605401037,2.4375,6.0,ERNiFe-CI,331.4986788701763,,,,False
2,15,10,19.229111605401037,2.4375,8.0,ERNiFe-CI,297.6367932901985,,,,False
2,15,11,19.229111605401037,2.4375,10.0,ERNiFe-CI,280.33067589792574,,,,False
2,15,12,19.229111605401037,2.4375,12.0,ERNiFe-CI,273.3914665268785,,,,False
2,16,0,19.229111605401037,5.0,-12.0,Q235B,276.96464116609945,,,,False
2,16,1,19.229111605401037,5.0,-10.0,Q235B,283.36803998637396,,,,False
2,16,2,19.229111605401037,5.0,-8.0,Q235B,298.9454340845253,,,,False
2,16,3,19.229111605401037,5.0,-6.0,Q235B,326.18791569314055,,,,False
2,16,4,19.229111605401037,5.0,-4.0,Q235B,363.28319606869064,,,,False
2,16,5,19.229111605401037,5.0,-2.0,Q235B,401.7370867727361,,,,False
2,16,6,19.229111605401037,5.0,0.0,Q235B,422.11758200366404,,,,False
2,16,7,19.229111605401037,5.0,2.0,Q235B,401.7370867727361,,,,False
2,16,8,19.229111605401037,5.0,4.0,Q235B,363.28319606869064,,,,False
2,16,9,19.229111605401037,5.0,6.0,Q235B,326.18791569314055,,,,False
2,16,10,19.229111605401037,5.0,8.0,Q235B,298.9454340845253,,,,False
2,16,11,19.229111605401037,5.0,10.0,Q235B,283.36803998637396,,,,False
2,16,12,19.229111605401037,5.0,12.0,Q235B,276.96464116609945,,,,False
3,0,0,28.843667408101556,-36.0,-12.0,QT450-10,186.79377656688914,,,,False
3,0,1,28.843667408101556,-36.0,-10.0,QT450-10,186.9189045054286,,,,False
3,0,2,28.843667408101556,-36.0,-8.0,QT450-10,187.07112501718683,,,,False
3,0,3,28.843667408101556,-36.0,-6.0,QT450-10,187.20991497465891,,,,False
3,0,4,28.843667408101556,-36.0,-4.0,QT450-10,187.31708141396453,,,,False
3,0,5,28.843667408101556,-36.0,-2.0,QT450-10,187.3839896737258,,,,False
3,0,6,28.843667408101556,-36.0,0.0,QT450-10,187.40667808366211,,,,False
3,0,7,28.843667408101556,-36.0,2.0,QT450-10,187.3839896737258,,,,False
3,0,8,28.843667408101556,-36.0,4.0,QT450-10,187.31708141396453,,,,False
3,0,9,28.843667408101556,-36.0,6.0,QT450-10,187.20991497465891,,,,False
3,0,10,28.843667408101556,-36.0,8.0,QT450-10,187.07112501718683,,,,False
3,0,11,28.843667408101556,-36.0,10.0,QT450-10,186.9189045054286,,,,False
3,0,12,28.843667408101556,-36.0,12.0,QT450-10,186.79377656688914,,,,False
3,1,0,28.843667408101556,-33.4375,-12.0,QT450-10,187.39000591111716,,,,False
3,1,1,28.843667408101556,-33.4375,-10.0,QT450-10,187.6768872341795,,,,False
3,1,2,28.843667408101556,-33.4375,-8.0,QT450-10,187.89662182322672,,,,False
3,1,3,28.843667408101556,-33.4375,-6.0,QT450-10,188.06618059902758,,,,False
3,1,4,28.843667408101556,-33.4375,-4.0,QT450-10,188.18821917094274,,,,False
3,1,5,28.843667408101556,-33.4375,-2.0,QT450-10,188.26206643916004,,,,False
3,1,6,28.843667408101556,-33.4375,0.0,QT450-10,188.28680183439397,,,,False
3,1,7,28.843667408101556,-33.4375,2.0,QT450-10,188.26206643916004,,,,False
3,1,8,28.843667408101556,-33.4375,4.0,QT450-10,188.18821917094274,,,,False
3,1,9,28.843667408101556,-33.4375,6.0,QT450-10,188.06618059902758,,,,False
3,1,10,28.843667408101556,-33.4375,8.0,QT450-10,187.89662182322672,,,,False
3,1,11,28.843667408101556,-33.4375,10.0,QT450-10,187.6768872341795,,,,False
3,1,12,28.843667408101556,-33.4375,12.0,QT450-10,187.39000591111716,,,,False
3,2,0,28.843667408101556,-30.875,-12.0,QT450-10,188.34176377608534,,,,False
3,2,1,28.843667408101556,-30.875,-10.0,QT450-10,188.67626645742294,,,,False
3,2,2,28.843667408101556,-30.875,-8.0,QT450-10,188.9358883610371,,,,False
3,2,3,28.843667408101556,-30.875,-6.0,QT450-10,189.1320396638582,,,,False
3,2,4,28.843667408101556,-30.875,-4.0,QT450-10,189.27018536871998,,,,False
3,2,5,28.843667408101556,-30.875,-2.0,QT450-10,189.352564027986,,,,False
3,2,6,28.843667408101556,-30.875,0.0,QT450-10,189.37996287288428,,,,False
3,2,7,28.843667408101556,-30.875,2.0,QT450-10,189.352564027986,,,,False
3,2,8,28.843667408101556,-30.875,4.0,QT450-10,189.27018536871998,,,,False
3,2,9,28.843667408101556,-30.875,6.0,QT450-10,189.1320396638582,,,,False
3,2,10,28.843667408101556,-30.875,8.0,QT450-10,188.9358883610371,,,,False
3,2,11,28.843667408101556,-30.875,10.0,QT450-10,188.67626645742294,,,,False
3,2,12,28.843667408101556,-30.875,12.0,QT450-10,188.34176377608534,,,,False
3,3,0,28.843667408101556,-28.3125,-12.0,QT450-10,189.62505990245546,,,,False
3,3,1,28.843667408101556,-28.3125,-10.0,QT450-10,189.97872447978568,,,,False
3,3,2,28.843667408101556,-28.3125,-8.0,QT450-10,190.25987309314417,,,,False
3,3,3,28.843667408101556,-28.3125,-6.0,QT450-10,190.47393398864452,,,,False
3,3,4,28.843667408101556,-28.3125,-4.0,QT450-10,190.62472023858876,,,,False
3,3,5,28.843667408101556,-28.3125,-2.0,QT450-10,190.71446420455976,,,,False
3,3,6,28.843667408101556,-28.3125,0.0,QT450-10,190.74426985173525,,,,False
3,3,7,28.843667408101556,-28.3125,2.0,QT450-10,190.71446420455976,,,,False
3,3,8,28.843667408101556,-28.3125,4.0,QT450-10,190.62472023858876,,,,False
3,3,9,28.843667408101556,-28.3125,6.0,QT450-10,190.47393398864452,,,,False
3,3,10,28.843667408101556,-28.3125,8.0,QT450-10,190.25987309314417,,,,False
3,3,11,28.843667408101556,-28.3125,10.0,QT450-10,189.97872447978568,,,,False
3,3,12,28.843667408101556,-28.3125,12.0,QT450-10,189.62505990245546,,,,False
3,4,0,28.843667408101556,-25.75,-12.0,QT450-10,191.30768347644417,,,,False
3,4,1,28.843667408101556,-25.75,-10.0,QT450-10,191.67264110328026,,,,False
3,4,2,28.843667408101556,-25.75,-8.0,QT450-10,191.96701699757966,,,,False
3,4,3,28.843667408101556,-25.75,-6.0,QT450-10,192.1932063365255,,,,False
3,4,4,28.843667408101556,-25.75,-4.0,QT450-10,192.35331562439865,,,,False
3,4,5,28.843667408101556,-25.75,-2.0,QT450-10,192.44882359780772,,,,False
3,4,6,28.843667408101556,-25.75,0.0,QT450-10,192.4805700290255,,,,False
3,4,7,28.843667408101556,-25.75,2.0,QT450-10,192.44882359780772,,,,False
3,4,8,28.843667408101556,-25.75,4.0,QT450-10,192.35331562439865,,,,False
3,4,9,28.843667408101556,-25.75,6.0,QT450-10,192.1932063365255,,,,False
3,4,10,28.843667408101556,-25.75,8.0,QT450-10,191.96701699757966,,,,False
3,4,11,28.843667408101556,-25.75,10.0,QT450-10,191.67264110328026,,,,False
3,4,12,28.843667408101556,-25.75,12.0,QT450-10,191.30768347644417,,,,False
3,5,0,28.843667408101556,-23.1875,-12.0,QT450-10,193.55094888841288,,,,False
3,5,1,28.843667408101556,-23.1875,-10.0,QT450-10,193.92566166699598,,,,False
3,5,2,28.843667408101556,-23.1875,-8.0,QT450-10,194.2304430643975,,,,False
3,5,3,28.843667408101556,-23.1875,-6.0,QT450-10,194.4661980730833,,,,False
3,5,4,28.843667408101556,-23.1875,-4.0,QT450-10,194.63385784733225,,,,False
3,5,5,28.843667408101556,-23.1875,-2.0,QT450-10,194.73415467419025,,,,False
3,5,6,28.843667408101556,-23.1875,0.0,QT450-10,194.7675371880619,,,,False
3,5,7,28.843667408101556,-23.1875,2.0,QT450-10,194.73415467419025,,,,False
3,5,8,28.843667408101556,-23.1875,4.0,QT450-10,194.63385784733225,,,,False
3,5,9,28.843667408101556,-23.1875,6.0,QT450-10,194.4661980730833,,,,False
3,5,10,28.843667408101556,-23.1875,8.0,QT450-10,194.2304430643975,,,,False
3,5,11,28.843667408101556,-23.1875,10.0,QT450-10,193.92566166699598,,,,False
3,5,12,28.843667408101556,-23.1875,12.0,QT450-10,193.55094888841288,,,,False
3,6,0,28.843667408101556,-20.625,-12.0,QT450-10,196.66948271885133,,,,False
3,6,1,28.843667408101556,-20.625,-10.0,QT450-10,197.05573673498085,,,,False
3,6,2,28.843667408101556,-20.625,-8.0,QT450-10,197.37186269667887,,,,False
3,6,3,28.843667408101556,-20.625,-6.0,QT450-10,197.61778048942693,,,,False
3,6,4,28.843667408101556,-20.625,-4.0,QT450-10,197.7934670436595,,,,False
3,6,5,28.843667408101556,-20.625,-2.0,QT450-10,197.89889625366374,,,,False
3,6,6,28.843667408101556,-20.625,0.0,QT450-10,197.93404235314432,,,,False
3,6,7,28.843667408101556,-20.625,2.0,QT450-10,197.89889625366374,,,,False
3,6,8,28.843667408101556,-20.625,4.0,QT450-10,197.7934670436595,,,,False
3,6,9,28.843667408101556,-20.625,6.0,QT450-10,197.61778048942693,,,,False
3,6,10,28.843667408101556,-20.625,8.0,QT450-10,197.37186269667887,,,,False
3,6,11,28.843667408101556,-20.625,10.0,QT450-10,197.05573673498085,,,,False
3,6,12,28.843667408101556,-20.625,12.0,QT450-10,196.66948271885133,,,,False
3,7,0,28.843667408101556,-18.0625,-12.0,QT450-10,201.18949280559522,,,,False
3,7,1,28.843667408101556,-18.0625,-10.0,QT450-10,201.59444425752983,,,,False
3,7,2,28.843667408101556,-18.0625,-8.0,QT450-10,201.93043276153745,,,,False
3,7,3,28.843667408101556,-18.0625,-6.0,QT450-10,202.19539769603156,,,,False
3,7,4,28.843667408101556,-18.0625,-4.0,QT450-10,202.38701543902852,,,,False
3,7,5,28.843667408101556,-18.0625,-2.0,QT450-10,202.5030594115728,,,,False
3,7,6,28.843667408101556,-18.0625,0.0,QT450-10,202.54193152106225,,,,False
3,7,7,28.843667408101556,-18.0625,2.0,QT450-10,202.5030594115728,,,,False
3,7,8,28.843667408101556,-18.0625,4.0,QT450-10,202.38701543902852,,,,False
3,7,9,28.843667408101556,-18.0625,6.0,QT450-10,202.19539769603156,,,,False
3,7,10,28.843667408101556,-18.0625,8.0,QT450-10,201.93043276153745,,,,False
3,7,11,28.843667408101556,-18.0625,10.0,QT450-10,201.59444425752983,,,,False
3,7,12,28.843667408101556,-18.0625,12.0,QT450-10,201.18949280559522,,,,False
3,8,0,28.843667408101556,-15.5,-12.0,QT450-10,207.64475942214065,,,,False
3,8,1,28.843667408101556,-15.5,-10.0,QT450-10,208.094319423925,,,,False
3,8,2,28.843667408101556,-15.5,-8.0,QT450-10,208.49135421995018,,,,False
3,8,3,28.843667408101556,-15.5,-6.0,QT450-10,208.8257933899261,,,,False
3,8,4,28.843667408101556,-15.5,-4.0,QT450-10,209.08348619408946,,,,False
3,8,5,28.843667408101556,-15.5,-2.0,QT450-10,209.24789562120833,,,,False
3,8,6,28.843667408101556,-15.5,0.0,QT450-10,209.3046606407945,,,,False
3,8,7,28.843667408101556,-15.5,2.0,QT450-10,209.24789562120833,,,,False
3,8,8,28.843667408101556,-15.5,4.0,QT450-10,209.08348619408946,,,,False
3,8,9,28.843667408101556,-15.5,6.0,QT450-10,208.8257933899261,,,,False
3,8,10,28.843667408101556,-15.5,8.0,QT450-10,208.49135421995018,,,,False
3,8,11,28.843667408101556,-15.5,10.0,QT450-10,208.094319423925,,,,False
3,8,12,28.843667408101556,-15.5,12.0,QT450-10,207.64475942214065,,,,False
3,9,0,28.843667408101556,-12.9375,-12.0,QT450-10,216.19872548775197,,,,False
3,9,1,28.843667408101556,-12.9375,-10.0,QT450-10,216.76672594521108,,,,False
3,9,2,28.843667408101556,-12.9375,-8.0,QT450-10,217.36376371638724,,,,False
3,9,3,28.843667408101556,-12.9375,-6.0,QT450-10,217.96712818864404,,,,False
3,9,4,28.843667408101556,-12.9375,-4.0,QT450-10,218.53400518552243,,,,False
3,9,5,28.843667408101556,-12.9375,-2.0,QT450-10,218.98752265807994,,,,False
3,9,6,28.843667408101556,-12.9375,0.0,QT450-10,219.17104656746878,,,,False
3,9,7,28.843667408101556,-12.9375,2.0,QT450-10,218.98752265807994,,,,False
3,9,8,28.843667408101556,-12.9375,4.0,QT450-10,218.53400518552243,,,,False
3,9,9,28.843667408101556,-12.9375,6.0,QT450-10,217.96712818864404,,,,False
3,9,10,28.843667408101556,-12.9375,8.0,QT450-10,217.36376371638724,,,,False
3,9,11,28.843667408101556,-12.9375,10.0,QT450-10,216.76672594521108,,,,False
3,9,12,28.843667408101556,-12.9375,12.0,QT450-10,216.19872548775197,,,,False
3,10,0,28.843667408101556,-10.375,-12.0,QT450-10,226.90578012164804,,,,False
3,10,1,28.843667408101556,-10.375,-10.0,QT450-10,227.79272150260272,,,,False
3,10,2,28.843667408101556,-10.375,-8.0,QT450-10,229.01946847679022,,,,False
3,10,3,28.843667408101556,-10.375,-6.0,QT450-10,230.6012219821001,,,,False
3,10,4,28.843667408101556,-10.375,-4.0,QT450-10,232.35694480743456,,,,False
3,10,5,28.843667408101556,-10.375,-2.0,QT450-10,234.62887326668235,,,,False
3,10,6,28.843667408101556,-10.375,0.0,QT450-10,236.12941211900377,,,,False
3,10,7,28.843667408101556,-10.375,2.0,QT450-10,234.62887326668235,,,,False
3,10,8,28.843667408101556,-10.375,4.0,QT450-10,232.35694480743456,,,,False
3,10,9,28.843667408101556,-10.375,6.0,QT450-10,230.6012219821001,,,,False
3,10,10,28.843667408101556,-10.375,8.0,QT450-10,229.0194684767902,,,,False
3,10,11,28.843667408101556,-10.375,10.0,QT450-10,227.7927215026027,,,,False
3,10,12,28.843667408101556,-10.375,12.0,QT450-10,226.905780121648,,,,False
3,11,0,28.843667408101556,-7.8125,-12.0,QT450-10,239.23220728670574,,,,False
3,11,1,28.843667408101556,-7.8125,-10.0,QT450-10,240.67892482498846,,,,False
3,11,2,28.843667408101556,-7.8125,-8.0,QT450-10,243.08194298667803,,,,False
3,11,3,28.843667408101556,-7.8125,-6.0,QT450-10,248.73644499522152,,,,False
3,11,4,28.843667408101556,-7.8125,-4.0,QT450-10,259.1324746888544,,,,False
3,11,5,28.843667408101556,-7.8125,-2.0,QT450-10,269.1088781561453,,,,False
3,11,6,28.843667408101556,-7.8125,0.0,QT450-10,273.55183088028264,,,,False
3,11,7,28.843667408101556,-7.8125,2.0,QT450-10,269.1088781561453,,,,False
3,11,8,28.843667408101556,-7.8125,4.0,QT450-10,259.1324746888545,,,,False
3,11,9,28.843667408101556,-7.8125,6.0,QT450-10,248.7364449952215,,,,False
3,11,10,28.843667408101556,-7.8125,8.0,QT450-10,243.081942986678,,,,False
3,11,11,28.843667408101556,-7.8125,10.0,QT450-10,240.67892482498843,,,,False
3,11,12,28.843667408101556,-7.8125,12.0,QT450-10,239.23220728670574,,,,False
3,12,0,28.843667408101556,-5.25,-12.0,QT450-10,252.00567123868979,,,,False
3,12,1,28.843667408101556,-5.25,-10.0,QT450-10,254.35709570178037,,,,False
3,12,2,28.843667408101556,-5.25,-8.0,QT450-10,261.4595810470665,,,,False
3,12,3,28.843667408101556,-5.25,-6.0,QT450-10,277.7697020992287,,,,False
3,12,4,28.843667408101556,-5.25,-4.0,QT450-10,301.8388001926033,,,,False
3,12,5,28.843667408101556,-5.25,-2.0,QT450-10,328.0615810406824,,,,False
3,12,6,28.843667408101556,-5.25,0.0,QT450-10,342.4960928679551,,,,False
3,12,7,28.843667408101556,-5.25,2.0,QT450-10,328.0615810406824,,,,False
3,12,8,28.843667408101556,-5.25,4.0,QT450-10,301.8388001926033,,,,False
3,12,9,28.843667408101556,-5.25,6.0,QT450-10,277.7697020992287,,,,False
3,12,10,28.843667408101556,-5.25,8.0,QT450-10,261.4595810470665,,,,False
3,12,11,28.843667408101556,-5.25,10.0,QT450-10,254.35709570178037,,,,False
3,12,12,28.843667408101556,-5.25,12.0,QT450-10,252.00567123868979,,,,False
3,13,0,28.843667408101556,-2.6875,-12.0,ERNiFe-CI,263.9430995381233,,,,False
3,13,1,28.843667408101556,-2.6875,-10.0,ERNiFe-CI,268.6680803021701,,,,False
3,13,2,28.843667408101556,-2.6875,-8.0,ERNiFe-CI,282.452378638855,,,,False
3,13,3,28.843667408101556,-2.6875,-6.0,ERNiFe-CI,311.7839322592766,,,,False
3,13,4,28.843667408101556,-2.6875,-4.0,ERNiFe-CI,361.31608795493474,,,,False
3,13,5,28.843667408101556,-2.6875,-2.0,ERNiFe-CI,431.1200096380007,,,,False
3,13,6,28.843667408101556,-2.6875,0.0,ERNiFe-CI,489.7601571767006,,,,False
3,13,7,28.843667408101556,-2.6875,2.0,ERNiFe-CI,431.1200096380007,,,,False
3,13,8,28.843667408101556,-2.6875,4.0,ERNiFe-CI,361.31608795493474,,,,False
3,13,9,28.843667408101556,-2.6875,6.0,ERNiFe-CI,311.7839322592766,,,,False
3,13,10,28.843667408101556,-2.6875,8.0,ERNiFe-CI,282.452378638855,,,,False
3,13,11,28.843667408101556,-2.6875,10.0,ERNiFe-CI,268.6680803021701,,,,False
3,13,12,28.843667408101556,-2.6875,12.0,ERNiFe-CI,263.9430995381233,,,,False
3,14,0,28.843667408101556,-0.125,-12.0,ERNiFe-CI,274.54021724316175,,,,False
3,14,1,28.843667408101556,-0.125,-10.0,ERNiFe-CI,281.08394826347126,,,,False
3,14,2,28.843667408101556,-0.125,-8.0,ERNiFe-CI,298.9661791229344,,,,False
3,14,3,28.843667408101556,-0.125,-6.0,ERNiFe-CI,339.5010989412463,,,,False
3,14,4,28.843667408101556,-0.125,-4.0,ERNiFe-CI,421.46716258186535,,,,False
3,14,5,28.843667408101556,-0.125,-2.0,ERNiFe-CI,592.4138438908166,,,,False
3,14,6,28.843667408101556,-0.125,0.0,ERNiFe-CI,848.9614401881288,23.131845795766562,25.474774192567768,2.342928396801206,True
3,14,7,28.843667408101556,-0.125,2.0,ERNiFe-CI,592.4138438908166,,,,False
3,14,8,28.843667408101556,-0.125,4.0,ERNiFe-CI,421.46716258186535,,,,False
3,14,9,28.843667408101556,-0.125,6.0,ERNiFe-CI,339.5010989412463,,,,False
3,14,10,28.843667408101556,-0.125,8.0,ERNiFe-CI,298.9661791229344,,,,False
3,14,11,28.843667408101556,-0.125,10.0,ERNiFe-CI,281.08394826347126,,,,False
3,14,12,28.843667408101556,-0.125,12.0,ERNiFe-CI,274.54021724316175,,,,False
3,15,0,28.843667408101556,2.4375,-12.0,ERNiFe-CI,281.89816628175544,,,,False
3,15,1,28.843667408101556,2.4375,-10.0,ERNiFe-CI,288.8080910483924,,,,False
3,15,2,28.843667408101556,2.4375,-8.0,ERNiFe-CI,306.016648316884,,,,False
3,15,3,28.843667408101556,2.4375,-6.0,ERNiFe-CI,339.7507393728517,,,,False
3,15,4,28.843667408101556,2.4375,-4.0,ERNiFe-CI,394.5916949591905,,,,False
3,15,5,28.843667408101556,2.4375,-2.0,ERNiFe-CI,470.873168901773,,,,False
3,15,6,28.843667408101556,2.4375,0.0,ERNiFe-CI,536.3220814851272,,,,False
3,15,7,28.843667408101556,2.4375,2.0,ERNiFe-CI,470.873168901773,,,,False
3,15,8,28.843667408101556,2.4375,4.0,ERNiFe-CI,394.5916949591905,,,,False
3,15,9,28.843667408101556,2.4375,6.0,ERNiFe-CI,339.7507393728517,,,,False
3,15,10,28.843667408101556,2.4375,8.0,ERNiFe-CI,306.016648316884,,,,False
3,15,11,28.843667408101556,2.4375,10.0,ERNiFe-CI,288.8080910483924,,,,False
3,15,12,28.843667408101556,2.4375,12.0,ERNiFe-CI,281.89816628175544,,,,False
3,16,0,28.843667408101556,5.0,-12.0,Q235B,285.5889371336049,,,,False
3,16,1,28.843667408101556,5.0,-10.0,Q235B,291.9512933437627,,,,False
3,16,2,28.843667408101556,5.0,-8.0,Q235B,307.4460352406029,,,,False
3,16,3,28.843667408101556,5.0,-6.0,Q235B,334.5785103582399,,,,False
3,16,4,28.843667408101556,5.0,-4.0,Q235B,371.56666848945093,,,,False
3,16,5,28.843667408101556,5.0,-2.0,Q235B,409.9309467812726,,,,False
3,16,6,28.843667408101556,5.0,0.0,Q235B,430.2514178729448,,,,False
3,16,7,28.843667408101556,5.0,2.0,Q235B,409.9309467812726,,,,False
3,16,8,28.843667408101556,5.0,4.0,Q235B,371.56666848945093,,,,False
3,16,9,28.843667408101556,5.0,6.0,Q235B,334.5785103582399,,,,False
3,16,10,28.843667408101556,5.0,8.0,Q235B,307.4460352406029,,,,False
3,16,11,28.843667408101556,5.0,10.0,Q235B,291.9512933437627,,,,False
3,16,12,28.843667408101556,5.0,12.0,Q235B,285.5889371336049,,,,False
4,0,0,38.458223210802075,-36.0,-12.0,QT450-10,190.58359273517345,,,,False
4,0,1,38.458223210802075,-36.0,-10.0,QT450-10,190.71260549795485,,,,False
4,0,2,38.458223210802075,-36.0,-8.0,QT450-10,190.86955141734512,,,,False
4,0,3,38.458223210802075,-36.0,-6.0,QT450-10,191.01264952295452,,,,False
4,0,4,38.458223210802075,-36.0,-4.0,QT450-10,191.12314233755492,,,,False
4,0,5,38.458223210802075,-36.0,-2.0,QT450-10,191.19212733351,,,,False
4,0,6,38.458223210802075,-36.0,0.0,QT450-10,191.21551995158075,,,,False
4,0,7,38.458223210802075,-36.0,2.0,QT450-10,191.19212733351,,,,False
4,0,8,38.458223210802075,-36.0,4.0,QT450-10,191.12314233755492,,,,False
4,0,9,38.458223210802075,-36.0,6.0,QT450-10,191.01264952295452,,,,False
4,0,10,38.458223210802075,-36.0,8.0,QT450-10,190.86955141734512,,,,False
4,0,11,38.458223210802075,-36.0,10.0,QT450-10,190.71260549795485,,,,False
4,0,12,38.458223210802075,-36.0,12.0,QT450-10,190.58359273517345,,,,False
4,1,0,38.458223210802075,-33.4375,-12.0,QT450-10,191.1975191746415,,,,False
4,1,1,38.458223210802075,-33.4375,-10.0,QT450-10,191.49332274249463,,,,False
4,1,2,38.458223210802075,-33.4375,-8.0,QT450-10,191.71989627351257,,,,False
4,1,3,38.458223210802075,-33.4375,-6.0,QT450-10,191.89473422221522,,,,False
4,1,4,38.458223210802075,-33.4375,-4.0,QT450-10,192.02057311667693,,,,False
4,1,5,38.458223210802075,-33.4375,-2.0,QT450-10,192.09672022175963,,,,False
4,1,6,38.458223210802075,-33.4375,0.0,QT450-10,192.1222259851317,,,,False
4,1,7,38.458223210802075,-33.4375,2.0,QT450-10,192.09672022175963,,,,False
4,1,8,38.458223210802075,-33.4375,4.0,QT450-10,192.02057311667693,,,,False
4,1,9,38.458223210802075,-33.4375,6.0,QT450-10,191.89473422221522,,,,False
4,1,10,38.458223210802075,-33.4375,8.0,QT450-10,191.71989627351257,,,,False
4,1,11,38.458223210802075,-33.4375,10.0,QT450-10,191.49332274249463,,,,False
4,1,12,38.458223210802075,-33.4375,12.0,QT450-10,191.1975191746415,,,,False
4,2,0,38.458223210802075,-30.875,-12.0,QT450-10,192.1762938027803,,,,False
4,2,1,38.458223210802075,-30.875,-10.0,QT450-10,192.5212295607151,,,,False
4,2,2,38.458223210802075,-30.875,-8.0,QT450-10,192.7889543233092,,,,False
4,2,3,38.458223210802075,-30.875,-6.0,QT450-10,192.9912313496897,,,,False
4,2,4,38.458223210802075,-30.875,-4.0,QT450-10,193.1336930092806,,,,False
4,2,5,38.458223210802075,-30.875,-2.0,QT450-10,193.218645905223,,,,False
4,2,6,38.458223210802075,-30.875,0.0,QT450-10,193.24690101927996,,,,False
4,2,7,38.458223210802075,-30.875,2.0,QT450-10,193.218645905223,,,,False
4,2,8,38.458223210802075,-30.875,4.0,QT450-10,193.1336930092806,,,,False
4,2,9,38.458223210802075,-30.875,6.0,QT450-10,192.9912313496897,,,,False
4,2,10,38.458223210802075,-30.875,8.0,QT450-10,192.7889543233092,,,,False
4,2,11,38.458223210802075,-30.875,10.0,QT450-10,192.5212295607151,,,,False
4,2,12,38.458223210802075,-30.875,12.0,QT450-10,192.1762938027803,,,,False
4,3,0,38.458223210802075,-28.3125,-12.0,QT450-10,193.4927773428724,,,,False
4,3,1,38.458223210802075,-28.3125,-10.0,QT450-10,193.85750953577934,,,,False
4,3,2,38.458223210802075,-28.3125,-8.0,QT450-10,194.14746139806402,,,,False
4,3,3,38.458223210802075,-28.3125,-6.0,QT450-10,194.36822819013528,,,,False
4,3,4,38.458223210802075,-28.3125,-4.0,QT450-10,194.5237398819665,,,,False
4,3,5,38.458223210802075,-28.3125,-2.0,QT450-10,194.6162969902721,,,,False
4,3,6,38.458223210802075,-28.3125,0.0,QT450-10,194.64703704617298,,,,False
4,3,7,38.458223210802075,-28.3125,2.0,QT450-10,194.6162969902721,,,,False
4,3,8,38.458223210802075,-28.3125,4.0,QT450-10,194.5237398819665,,,,False
4,3,9,38.458223210802075,-28.3125,6.0,QT450-10,194.36822819013528,,,,False
4,3,10,38.458223210802075,-28.3125,8.0,QT450-10,194.14746139806402,,,,False
4,3,11,38.458223210802075,-28.3125,10.0,QT450-10,193.85750953577934,,,,False
4,3,12,38.458223210802075,-28.3125,12.0,QT450-10,193.4927773428724,,,,False
4,4,0,38.458223210802075,-25.75,-12.0,QT450-10,195.21136352217567,,,,False
4,4,1,38.458223210802075,-25.75,-10.0,QT450-10,195.58777354576978,,,,False
4,4,2,38.458223210802075,-25.75,-8.0,QT450-10,195.8913924860401,,,,False
4,4,3,38.458223210802075,-25.75,-6.0,QT450-10,196.12468731138833,,,,False
4,4,4,38.458223210802075,-25.75,-4.0,QT450-10,196.28982679955962,,,,False
4,4,5,38.458223210802075,-25.75,-2.0,QT450-10,196.38833577030533,,,,False
4,4,6,38.458223210802075,-25.75,0.0,QT450-10,196.4210797940924,,,,False
4,4,7,38.458223210802075,-25.75,2.0,QT450-10,196.38833577030533,,,,False
4,4,8,38.458223210802075,-25.75,4.0,QT450-10,196.28982679955962,,,,False
4,4,9,38.458223210802075,-25.75,6.0,QT450-10,196.12468731138833,,,,False
4,4,10,38.458223210802075,-25.75,8.0,QT450-10,195.8913924860401,,,,False
4,4,11,38.458223210802075,-25.75,10.0,QT450-10,195.58777354576978,,,,False
4,4,12,38.458223210802075,-25.75,12.0,QT450-10,195.21136352217567,,,,False
4,5,0,38.458223210802075,-23.1875,-12.0,QT450-10,197.4857213711748,,,,False
4,5,1,38.458223210802075,-23.1875,-10.0,QT450-10,197.87218516608706,,,,False
4,5,2,38.458223210802075,-23.1875,-8.0,QT450-10,198.18652479661438,,,,False
4,5,3,38.458223210802075,-23.1875,-6.0,QT450-10,198.42967022921994,,,,False
4,5,4,38.458223210802075,-23.1875,-4.0,QT450-10,198.6025827646596,,,,False
4,5,5,38.458223210802075,-23.1875,-2.0,QT450-10,198.70602028809154,,,,False
4,5,6,38.458223210802075,-23.1875,0.0,QT450-10,198.74044783966025,,,,False
4,5,7,38.458223210802075,-23.1875,2.0,QT450-10,198.70602028809154,,,,False
4,5,8,38.458223210802075,-23.1875,4.0,QT450-10,198.6025827646596,,,,False
4,5,9,38.458223210802075,-23.1875,6.0,QT450-10,198.42967022921994,,,,False
4,5,10,38.458223210802075,-23.1875,8.0,QT450-10,198.18652479661438,,,,False
4,5,11,38.458223210802075,-23.1875,10.0,QT450-10,197.87218516608706,,,,False
4,5,12,38.458223210802075,-23.1875,12.0,QT450-10,197.48572137117478,,,,False
4,6,0,38.458223210802075,-20.625,-12.0,QT450-10,200.61206870844515,,,,False
4,6,1,38.458223210802075,-20.625,-10.0,QT450-10,201.01028218153067,,,,False
4,6,2,38.458223210802075,-20.625,-8.0,QT450-10,201.3361209534122,,,,False
4,6,3,38.458223210802075,-20.625,-6.0,QT450-10,201.5895324836303,,,,False
4,6,4,38.458223210802075,-20.625,-4.0,QT450-10,201.77053365097697,,,,False
4,6,5,38.458223210802075,-20.625,-2.0,QT450-10,201.8791308110321,,,,False
4,6,6,38.458223210802075,-20.625,0.0,QT450-10,201.9153296568813,,,,False
4,6,7,38.458223210802075,-20.625,2.0,QT450-10,201.8791308110321,,,,False
4,6,8,38.458223210802075,-20.625,4.0,QT450-10,201.77053365097697,,,,False
4,6,9,38.458223210802075,-20.625,6.0,QT450-10,201.5895324836303,,,,False
4,6,10,38.458223210802075,-20.625,8.0,QT450-10,201.3361209534122,,,,False
4,6,11,38.458223210802075,-20.625,10.0,QT450-10,201.01028218153067,,,,False
4,6,12,38.458223210802075,-20.625,12.0,QT450-10,200.61206870844515,,,,False
4,7,0,38.458223210802075,-18.0625,-12.0,QT450-10,205.0917224643602,,,,False
4,7,1,38.458223210802075,-18.0625,-10.0,QT450-10,205.5082449097098,,,,False
4,7,2,38.458223210802075,-18.0625,-8.0,QT450-10,205.8530225379988,,,,False
4,7,3,38.458223210802075,-18.0625,-6.0,QT450-10,206.1242754593344,,,,False
4,7,4,38.458223210802075,-18.0625,-4.0,QT450-10,206.31998799729536,,,,False
4,7,5,38.458223210802075,-18.0625,-2.0,QT450-10,206.438308000805,,,,False
4,7,6,38.458223210802075,-18.0625,0.0,QT450-10,206.47790335273805,,,,False
4,7,7,38.458223210802075,-18.0625,2.0,QT450-10,206.438308000805,,,,False
4,7,8,38.458223210802075,-18.0625,4.0,QT450-10,206.31998799729536,,,,False
4,7,9,38.458223210802075,-18.0625,6.0,QT450-10,206.1242754593344,,,,False
4,7,10,38.458223210802075,-18.0625,8.0,QT450-10,205.8530225379988,,,,False
4,7,11,38.458223210802075,-18.0625,10.0,QT450-10,205.5082449097098,,,,False
4,7,12,38.458223210802075,-18.0625,12.0,QT450-10,205.0917224643602,,,,False
4,8,0,38.458223210802075,-15.5,-12.0,QT450-10,211.4780750458326,,,,False
4,8,1,38.458223210802075,-15.5,-10.0,QT450-10,211.93613867113925,,,,False
4,8,2,38.458223210802075,-15.5,-8.0,QT450-10,212.3359441588469,,,,False
4,8,3,38.458223210802075,-15.5,-6.0,QT450-10,212.66852641729497,,,,False
4,8,4,38.458223210802075,-15.5,-4.0,QT450-10,212.92155037505967,,,,False
4,8,5,38.458223210802075,-15.5,-2.0,QT450-10,213.08124085567647,,,,False
4,8,6,38.458223210802075,-15.5,0.0,QT450-10,213.1360077763819,,,,False
4,8,7,38.458223210802075,-15.5,2.0,QT450-10,213.08124085567647,,,,False
4,8,8,38.458223210802075,-15.5,4.0,QT450-10,212.92155037505967,,,,False
4,8,9,38.458223210802075,-15.5,6.0,QT450-10,212.66852641729497,,,,False
4,8,10,38.458223210802075,-15.5,8.0,QT450-10,212.3359441588469,,,,False
4,8,11,38.458223210802075,-15.5,10.0,QT450-10,211.93613867113925,,,,False
4,8,12,38.458223210802075,-15.5,12.0,QT450-10,211.4780750458326,,,,False
4,9,0,38.458223210802075,-12.9375,-12.0,QT450-10,220.0037922328599,,,,False
4,9,1,38.458223210802075,-12.9375,-10.0,QT450-10,220.5722424261703,,,,False
4,9,2,38.458223210802075,-12.9375,-8.0,QT450-10,221.15465830953758,,,,False
4,9,3,38.458223210802075,-12.9375,-6.0,QT450-10,221.72743681544918,,,,False
4,9,4,38.458223210802075,-12.9375,-4.0,QT450-10,222.24442420611462,,,,False
4,9,5,38.458223210802075,-12.9375,-2.0,QT450-10,222.63208993238865,,,,False
4,9,6,38.458223210802075,-12.9375,0.0,QT450-10,222.78559526863194,,,,False
4,9,7,38.458223210802075,-12.9375,2.0,QT450-10,222.63208993238865,,,,False
4,9,8,38.458223210802075,-12.9375,4.0,QT450-10,222.24442420611462,,,,False
4,9,9,38.458223210802075,-12.9375,6.0,QT450-10,221.72743681544918,,,,False
4,9,10,38.458223210802075,-12.9375,8.0,QT450-10,221.15465830953758,,,,False
4,9,11,38.458223210802075,-12.9375,10.0,QT450-10,220.5722424261703,,,,False
4,9,12,38.458223210802075,-12.9375,12.0,QT450-10,220.0037922328599,,,,False
4,10,0,38.458223210802075,-10.375,-12.0,QT450-10,230.6806215093501,,,,False
4,10,1,38.458223210802075,-10.375,-10.0,QT450-10,231.55581037167875,,,,False
4,10,2,38.458223210802075,-10.375,-8.0,QT450-10,232.74200887809178,,,,False
4,10,3,38.458223210802075,-10.375,-6.0,QT450-10,234.26110476529888,,,,False
4,10,4,38.458223210802075,-10.375,-4.0,QT450-10,235.95467886698736,,,,False
4,10,5,38.458223210802075,-10.375,-2.0,QT450-10,237.6774327784249,,,,False
4,10,6,38.458223210802075,-10.375,0.0,QT450-10,239.15278424918893,,,,False
4,10,7,38.458223210802075,-10.375,2.0,QT450-10,237.6774327784249,,,,False
4,10,8,38.458223210802075,-10.375,4.0,QT450-10,235.95467886698736,,,,False
4,10,9,38.458223210802075,-10.375,6.0,QT450-10,234.26110476529888,,,,False
4,10,10,38.458223210802075,-10.375,8.0,QT450-10,232.74200887809178,,,,False
4,10,11,38.458223210802075,-10.375,10.0,QT450-10,231.55581037167875,,,,False
4,10,12,38.458223210802075,-10.375,12.0,QT450-10,230.6806215093501,,,,False
4,11,0,38.458223210802075,-7.8125,-12.0,QT450-10,243.0762222416415,,,,False
4,11,1,38.458223210802075,-7.8125,-10.0,QT450-10,244.5041986413156,,,,False
4,11,2,38.458223210802075,-7.8125,-8.0,QT450-10,246.850312510205,,,,False
4,11,3,38.458223210802075,-7.8125,-6.0,QT450-10,251.9886245397615,,,,False
4,11,4,38.458223210802075,-7.8125,-4.0,QT450-10,262.27908916291204,,,,False
4,11,5,38.458223210802075,-7.8125,-2.0,QT450-10,272.1930646369022,,,,False
4,11,6,38.458223210802075,-7.8125,0.0,QT450-10,276.61359608383447,,,,False
4,11,7,38.458223210802075,-7.8125,2.0,QT450-10,272.1930646369022,,,,False
4,11,8,38.458223210802075,-7.8125,4.0,QT450-10,262.27908916291204,,,,False
4,11,9,38.458223210802075,-7.8125,6.0,QT450-10,251.98862453976153,,,,False
4,11,10,38.458223210802075,-7.8125,8.0,QT450-10,246.850312510205,,,,False
4,11,11,38.458223210802075,-7.8125,10.0,QT450-10,244.5041986413156,,,,False
4,11,12,38.458223210802075,-7.8125,12.0,QT450-10,243.0762222416415,,,,False
4,12,0,38.458223210802075,-5.25,-12.0,QT450-10,255.9301148879657,,,,False
4,12,1,38.458223210802075,-5.25,-10.0,QT450-10,258.2428326026835,,,,False
4,12,2,38.458223210802075,-5.25,-8.0,QT450-10,264.9011923627697,,,,False
4,12,3,38.458223210802075,-5.25,-6.0,QT450-10,281.0705073808171,,,,False
4,12,4,38.458223210802075,-5.25,-4.0,QT450-10,305.04603986534164,,,,False
4,12,5,38.458223210802075,-5.25,-2.0,QT450-10,331.20462714663273,,,,False
4,12,6,38.458223210802075,-5.25,0.0,QT450-10,345.6090382952103,,,,False
4,12,7,38.458223210802075,-5.25,2.0,QT450-10,331.2046271466328,,,,False
4,12,8,38.458223210802075,-5.25,4.0,QT450-10,305.04603986534164,,,,False
4,12,9,38.458223210802075,-5.25,6.0,QT450-10,281.0705073808171,,,,False
4,12,10,38.458223210802075,-5.25,8.0,QT450-10,264.90119236276973,,,,False
4,12,11,38.458223210802075,-5.25,10.0,QT450-10,258.24283260268345,,,,False
4,12,12,38.458223210802075,-5.25,12.0,QT450-10,255.9301148879657,,,,False
4,13,0,38.458223210802075,-2.6875,-12.0,ERNiFe-CI,267.9073192789537,,,,False
4,13,1,38.458223210802075,-2.6875,-10.0,ERNiFe-CI,272.35533710039516,,,,False
4,13,2,38.458223210802075,-2.6875,-8.0,ERNiFe-CI,285.9544757856395,,,,False
4,13,3,38.458223210802075,-2.6875,-6.0,ERNiFe-CI,315.14352449939855,,,,False
4,13,4,38.458223210802075,-2.6875,-4.0,ERNiFe-CI,364.5772160952735,,,,False
4,13,5,38.458223210802075,-2.6875,-2.0,ERNiFe-CI,434.3043509789298,,,,False
4,13,6,38.458223210802075,-2.6875,0.0,ERNiFe-CI,492.90852083854486,,,,False
4,13,7,38.458223210802075,-2.6875,2.0,ERNiFe-CI,434.30435097892985,,,,False
4,13,8,38.458223210802075,-2.6875,4.0,ERNiFe-CI,364.57721609527357,,,,False
4,13,9,38.458223210802075,-2.6875,6.0,ERNiFe-CI,315.14352449939855,,,,False
4,13,10,38.458223210802075,-2.6875,8.0,ERNiFe-CI,285.95447578563954,,,,False
4,13,11,38.458223210802075,-2.6875,10.0,ERNiFe-CI,272.3553371003952,,,,False
4,13,12,38.458223210802075,-2.6875,12.0,ERNiFe-CI,267.9073192789537,,,,False
4,14,0,38.458223210802075,-0.125,-12.0,ERNiFe-CI,278.4039517677961,,,,False
4,14,1,38.458223210802075,-0.125,-10.0,ERNiFe-CI,284.83025400826364,,,,False
4,14,2,38.458223210802075,-0.125,-8.0,ERNiFe-CI,302.5432570799129,,,,False
4,14,3,38.458223210802075,-0.125,-6.0,ERNiFe-CI,342.92129621401716,,,,False
4,14,4,38.458223210802075,-0.125,-4.0,ERNiFe-CI,424.7773284817095,,,,False
4,14,5,38.458223210802075,-0.125,-2.0,ERNiFe-CI,595.6313976019883,,,,False
4,14,6,38.458223210802075,-0.125,0.0,ERNiFe-CI,852.1184899977825,29.575823678922607,31.922692461754636,2.346868782832029,True
4,14,7,38.458223210802075,-0.125,2.0,ERNiFe-CI,595.6313976019884,,,,False
4,14,8,38.458223210802075,-0.125,4.0,ERNiFe-CI,424.77732848170956,,,,False
4,14,9,38.458223210802075,-0.125,6.0,ERNiFe-CI,342.92129621401716,,,,False
4,14,10,38.458223210802075,-0.125,8.0,ERNiFe-CI,302.54325707991296,,,,False
4,14,11,38.458223210802075,-0.125,10.0,ERNiFe-CI,284.83025400826364,,,,False
4,14,12,38.458223210802075,-0.125,12.0,ERNiFe-CI,278.4039517677961,,,,False
4,15,0,38.458223210802075,2.4375,-12.0,ERNiFe-CI,285.8085383487954,,,,False
4,15,1,38.458223210802075,2.4375,-10.0,ERNiFe-CI,292.62856458614874,,,,False
4,15,2,38.458223210802075,2.4375,-8.0,ERNiFe-CI,309.69904921237514,,,,False
4,15,3,38.458223210802075,2.4375,-6.0,ERNiFe-CI,343.2939897173622,,,,False
4,15,4,38.458223210802075,2.4375,-4.0,ERNiFe-CI,398.0301330681378,,,,False
4,15,5,38.458223210802075,2.4375,-2.0,ERNiFe-CI,474.22903999587703,,,,False
4,15,6,38.458223210802075,2.4375,0.0,ERNiFe-CI,539.6272270591433,,,,False
4,15,7,38.458223210802075,2.4375,2.0,ERNiFe-CI,474.22903999587703,,,,False
4,15,8,38.458223210802075,2.4375,4.0,ERNiFe-CI,398.0301330681378,,,,False
4,15,9,38.458223210802075,2.4375,6.0,ERNiFe-CI,343.2939897173622,,,,False
4,15,10,38.458223210802075,2.4375,8.0,ERNiFe-CI,309.69904921237514,,,,False
4,15,11,38.458223210802075,2.4375,10.0,ERNiFe-CI,292.62856458614874,,,,False
4,15,12,38.458223210802075,2.4375,12.0,ERNiFe-CI,285.8085383487955,,,,False
4,16,0,38.458223210802075,5.0,-12.0,Q235B,289.5358696167107,,,,False
4,16,1,38.458223210802075,5.0,-10.0,Q235B,295.81336896496197,,,,False
4,16,2,38.458223210802075,5.0,-8.0,Q235B,311.19178224876464,,,,False
4,16,3,38.458223210802075,5.0,-6.0,Q235B,338.208348472353,,,,False
4,16,4,38.458223210802075,5.0,-4.0,Q235B,375.1057165339188,,,,False
4,16,5,38.458223210802075,5.0,-2.0,Q235B,413.3890569162632,,,,False
4,16,6,38.458223210802075,5.0,0.0,Q235B,433.6814966636085,,,,False
4,16,7,38.458223210802075,5.0,2.0,Q235B,413.3890569162632,,,,False
4,16,8,38.458223210802075,5.0,4.0,Q235B,375.1057165339188,,,,False
4,16,9,38.458223210802075,5.0,6.0,Q235B,338.208348472353,,,,False
4,16,10,38.458223210802075,5.0,8.0,Q235B,311.19178224876464,,,,False
4,16,11,38.458223210802075,5.0,10.0,Q235B,295.81336896496197,,,,False
4,16,12,38.458223210802075,5.0,12.0,Q235B,289.5358696167108,,,,False
5,0,0,48.0727790135026,-36.0,-12.0,QT450-10,193.3410824934027,,,,False
5,0,1,48.0727790135026,-36.0,-10.0,QT450-10,193.47294988981534,,,,False
5,0,2,48.0727790135026,-36.0,-8.0,QT450-10,193.63336720581103,,,,False
5,0,3,48.0727790135026,-36.0,-6.0,QT450-10,193.77962944963483,,,,False
5,0,4,48.0727790135026,-36.0,-4.0,QT450-10,193.89256488991407,,,,False
5,0,5,48.0727790135026,-36.0,-2.0,QT450-10,193.963074684966,,,,False
5,0,6,48.0727790135026,-36.0,0.0,QT450-10,193.98698431989177,,,,False
5,0,7,48.0727790135026,-36.0,2.0,QT450-10,193.963074684966,,,,False
5,0,8,48.0727790135026,-36.0,4.0,QT450-10,193.89256488991407,,,,False
5,0,9,48.0727790135026,-36.0,6.0,QT450-10,193.77962944963483,,,,False
5,0,10,48.0727790135026,-36.0,8.0,QT450-10,193.63336720581103,,,,False
5,0,11,48.0727790135026,-36.0,10.0,QT450-10,193.47294988981534,,,,False
5,0,12,48.0727790135026,-36.0,12.0,QT450-10,193.3410824934027,,,,False
5,1,0,48.0727790135026,-33.4375,-12.0,QT450-10,193.96008931958264,,,,False
5,1,1,48.0727790135026,-33.4375,-10.0,QT450-10,194.2624417131363,,,,False
5,1,2,48.0727790135026,-33.4375,-8.0,QT450-10,194.49402832320393,,,,False
5,1,3,48.0727790135026,-33.4375,-6.0,QT450-10,194.67273308974146,,,,False
5,1,4,48.0727790135026,-33.4375,-4.0,QT450-10,194.8013543603152,,,,False
5,1,5,48.0727790135026,-33.4375,-2.0,QT450-10,194.87918484814983,,,,False
5,1,6,48.0727790135026,-33.4375,0.0,QT450-10,194.90525442273503,,,,False
5,1,7,48.0727790135026,-33.4375,2.0,QT450-10,194.87918484814983,,,,False
5,1,8,48.0727790135026,-33.4375,4.0,QT450-10,194.8013543603152,,,,False
5,1,9,48.0727790135026,-33.4375,6.0,QT450-10,194.67273308974146,,,,False
5,1,10,48.0727790135026,-33.4375,8.0,QT450-10,194.49402832320393,,,,False
5,1,11,48.0727790135026,-33.4375,10.0,QT450-10,194.2624417131363,,,,False
5,1,12,48.0727790135026,-33.4375,12.0,QT450-10,193.96008931958264,,,,False
5,2,0,48.0727790135026,-30.875,-12.0,QT450-10,194.94190203839497,,,,False
5,2,1,48.0727790135026,-30.875,-10.0,QT450-10,195.29445446510528,,,,False
5,2,2,48.0727790135026,-30.875,-8.0,QT450-10,195.56808833158945,,,,False
5,2,3,48.0727790135026,-30.875,-6.0,QT450-10,195.77482754634823,,,,False
5,2,4,48.0727790135026,-30.875,-4.0,QT450-10,195.92043078583106,,,,False
5,2,5,48.0727790135026,-30.875,-2.0,QT450-10,196.00725672268985,,,,False
5,2,6,48.0727790135026,-30.875,0.0,QT450-10,196.03613474824792,,,,False
5,2,7,48.0727790135026,-30.875,2.0,QT450-10,196.00725672268985,,,,False
5,2,8,48.0727790135026,-30.875,4.0,QT450-10,195.92043078583106,,,,False
5,2,9,48.0727790135026,-30.875,6.0,QT450-10,195.77482754634823,,,,False
5,2,10,48.0727790135026,-30.875,8.0,QT450-10,195.56808833158945,,,,False
5,2,11,48.0727790135026,-30.875,10.0,QT450-10,195.29445446510528,,,,False
5,2,12,48.0727790135026,-30.875,12.0,QT450-10,194.94190203839497,,,,False
5,3,0,48.0727790135026,-28.3125,-12.0,QT450-10,196.25499215835578,,,,False
5,3,1,48.0727790135026,-28.3125,-10.0,QT450-10,196.62772713653817,,,,False
5,3,2,48.0727790135026,-28.3125,-8.0,QT450-10,196.9240375693323,,,,False
5,3,3,48.0727790135026,-28.3125,-6.0,QT450-10,197.1496431825153,,,,False
5,3,4,48.0727790135026,-28.3125,-4.0,QT450-10,197.30856187325273,,,,False
5,3,5,48.0727790135026,-28.3125,-2.0,QT450-10,197.40314607808847,,,,False
5,3,6,48.0727790135026,-28.3125,0.0,QT450-10,197.43455925509033,,,,False
5,3,7,48.0727790135026,-28.3125,2.0,QT450-10,197.40314607808847,,,,False
5,3,8,48.0727790135026,-28.3125,4.0,QT450-10,197.30856187325273,,,,False
5,3,9,48.0727790135026,-28.3125,6.0,QT450-10,197.1496431825153,,,,False
5,3,10,48.0727790135026,-28.3125,8.0,QT450-10,196.9240375693323,,,,False
5,3,11,48.0727790135026,-28.3125,10.0,QT450-10,196.62772713653817,,,,False
5,3,12,48.0727790135026,-28.3125,12.0,QT450-10,196.25499215835578,,,,False
5,4,0,48.0727790135026,-25.75,-12.0,QT450-10,197.95751560991047,,,,False
5,4,1,48.0727790135026,-25.75,-10.0,QT450-10,198.34208540424447,,,,False
5,4,2,48.0727790135026,-25.75,-8.0,QT450-10,198.65228172599774,,,,False
5,4,3,48.0727790135026,-25.75,-6.0,QT450-10,198.89062555537907,,,,False
5,4,4,48.0727790135026,-25.75,-4.0,QT450-10,199.05933553444777,,,,False
5,4,5,48.0727790135026,-25.75,-2.0,QT450-10,199.15997275948627,,,,False
5,4,6,48.0727790135026,-25.75,0.0,QT450-10,199.19342391760748,,,,False
5,4,7,48.0727790135026,-25.75,2.0,QT450-10,199.15997275948627,,,,False
5,4,8,48.0727790135026,-25.75,4.0,QT450-10,199.05933553444777,,,,False
5,4,9,48.0727790135026,-25.75,6.0,QT450-10,198.89062555537907,,,,False
5,4,10,48.0727790135026,-25.75,8.0,QT450-10,198.65228172599774,,,,False
5,4,11,48.0727790135026,-25.75,10.0,QT450-10,198.34208540424447,,,,False
5,4,12,48.0727790135026,-25.75,12.0,QT450-10,197.95751560991047,,,,False
5,5,0,48.0727790135026,-23.1875,-12.0,QT450-10,200.19133362035262,,,,False
5,5,1,48.0727790135026,-23.1875,-10.0,QT450-10,200.58598859691264,,,,False
5,5,2,48.0727790135026,-23.1875,-8.0,QT450-10,200.90697196409897,,,,False
5,5,3,48.0727790135026,-23.1875,-6.0,QT450-10,201.1552388764396,,,,False
5,5,4,48.0727790135026,-23.1875,-4.0,QT450-10,201.33178213840796,,,,False
5,5,5,48.0727790135026,-23.1875,-2.0,QT450-10,201.43738649547987,,,,False
5,5,6,48.0727790135026,-23.1875,0.0,QT450-10,201.4725343430985,,,,False
5,5,7,48.0727790135026,-23.1875,2.0,QT450-10,201.43738649547987,,,,False
5,5,8,48.0727790135026,-23.1875,4.0,QT450-10,201.33178213840796,,,,False
5,5,9,48.0727790135026,-23.1875,6.0,QT450-10,201.1552388764396,,,,False
5,5,10,48.0727790135026,-23.1875,8.0,QT450-10,200.90697196409897,,,,False
5,5,11,48.0727790135026,-23.1875,10.0,QT450-10,200.58598859691264,,,,False
5,5,12,48.0727790135026,-23.1875,12.0,QT450-10,200.19133362035262,,,,False
5,6,0,48.0727790135026,-20.625,-12.0,QT450-10,203.23072879990687,,,,False
5,6,1,48.0727790135026,-20.625,-10.0,QT450-10,203.63698573705378,,,,False
5,6,2,48.0727790135026,-20.625,-8.0,QT450-10,203.96928079103137,,,,False
5,6,3,48.0727790135026,-20.625,-6.0,QT450-10,204.22762794619,,,,False
5,6,4,48.0727790135026,-20.625,-4.0,QT450-10,204.41209235122938,,,,False
5,6,5,48.0727790135026,-20.625,-2.0,QT450-10,204.52274244642592,,,,False
5,6,6,48.0727790135026,-20.625,0.0,QT450-10,204.5596211917564,,,,False
5,6,7,48.0727790135026,-20.625,2.0,QT450-10,204.52274244642592,,,,False
5,6,8,48.0727790135026,-20.625,4.0,QT450-10,204.41209235122938,,,,False
5,6,9,48.0727790135026,-20.625,6.0,QT450-10,204.22762794619,,,,False
5,6,10,48.0727790135026,-20.625,8.0,QT450-10,203.96928079103137,,,,False
5,6,11,48.0727790135026,-20.625,10.0,QT450-10,203.63698573705378,,,,False
5,6,12,48.0727790135026,-20.625,12.0,QT450-10,203.23072879990684,,,,False
5,7,0,48.0727790135026,-18.0625,-12.0,QT450-10,207.55413961424352,,,,False
5,7,1,48.0727790135026,-18.0625,-10.0,QT450-10,207.97776757316578,,,,False
5,7,2,48.0727790135026,-18.0625,-8.0,QT450-10,208.32762089460087,,,,False
5,7,3,48.0727790135026,-18.0625,-6.0,QT450-10,208.60221556817487,,,,False
5,7,4,48.0727790135026,-18.0625,-4.0,QT450-10,208.79991575282625,,,,False
5,7,5,48.0727790135026,-18.0625,-2.0,QT450-10,208.91923510348764,,,,False
5,7,6,48.0727790135026,-18.0625,0.0,QT450-10,208.959135933758,,,,False
5,7,7,48.0727790135026,-18.0625,2.0,QT450-10,208.91923510348764,,,,False
5,7,8,48.0727790135026,-18.0625,4.0,QT450-10,208.79991575282625,,,,False
5,7,9,48.0727790135026,-18.0625,6.0,QT450-10,208.60221556817487,,,,False
5,7,10,48.0727790135026,-18.0625,8.0,QT450-10,208.32762089460087,,,,False
5,7,11,48.0727790135026,-18.0625,10.0,QT450-10,207.97776757316578,,,,False
5,7,12,48.0727790135026,-18.0625,12.0,QT450-10,207.55413961424352,,,,False
5,8,0,48.0727790135026,-15.5,-12.0,QT450-10,213.74318295746176,,,,False
5,8,1,48.0727790135026,-15.5,-10.0,QT450-10,214.20463278007074,,,,False
5,8,2,48.0727790135026,-15.5,-8.0,QT450-10,214.6030480319249,,,,False
5,8,3,48.0727790135026,-15.5,-6.0,QT450-10,214.93067147611546,,,,False
5,8,4,48.0727790135026,-15.5,-4.0,QT450-10,215.17716056198427,,,,False
5,8,5,48.0727790135026,-15.5,-2.0,QT450-10,215.33126354381582,,,,False
5,8,6,48.0727790135026,-15.5,0.0,QT450-10,215.3838261787545,,,,False
5,8,7,48.0727790135026,-15.5,2.0,QT450-10,215.33126354381582,,,,False
5,8,8,48.0727790135026,-15.5,4.0,QT450-10,215.17716056198427,,,,False
5,8,9,48.0727790135026,-15.5,6.0,QT450-10,214.93067147611546,,,,False
5,8,10,48.0727790135026,-15.5,8.0,QT450-10,214.6030480319249,,,,False
5,8,11,48.0727790135026,-15.5,10.0,QT450-10,214.20463278007074,,,,False
5,8,12,48.0727790135026,-15.5,12.0,QT450-10,213.74318295746173,,,,False
5,9,0,48.0727790135026,-12.9375,-12.0,QT450-10,222.10736473494444,,,,False
5,9,1,48.0727790135026,-12.9375,-10.0,QT450-10,222.67121937775985,,,,False
5,9,2,48.0727790135026,-12.9375,-8.0,QT450-10,223.2361355688679,,,,False
5,9,3,48.0727790135026,-12.9375,-6.0,QT450-10,223.77979096067722,,,,False
5,9,4,48.0727790135026,-12.9375,-4.0,QT450-10,224.2585262555068,,,,False
5,9,5,48.0727790135026,-12.9375,-2.0,QT450-10,224.60319456035458,,,,False
5,9,6,48.0727790135026,-12.9375,0.0,QT450-10,224.7324852527321,,,,False
5,9,7,48.0727790135026,-12.9375,2.0,QT450-10,224.60319456035458,,,,False
5,9,8,48.0727790135026,-12.9375,4.0,QT450-10,224.2585262555068,,,,False
5,9,9,48.0727790135026,-12.9375,6.0,QT450-10,223.77979096067722,,,,False
5,9,10,48.0727790135026,-12.9375,8.0,QT450-10,223.2361355688679,,,,False
5,9,11,48.0727790135026,-12.9375,10.0,QT450-10,222.67121937775985,,,,False
5,9,12,48.0727790135026,-12.9375,12.0,QT450-10,222.10736473494444,,,,False
5,10,0,48.0727790135026,-10.375,-12.0,QT450-10,232.62740471235355,,,,False
5,10,1,48.0727790135026,-10.375,-10.0,QT450-10,233.48490852434293,,,,False
5,10,2,48.0727790135026,-10.375,-8.0,QT450-10,234.6273914411469,,,,False
5,10,3,48.0727790135026,-10.375,-6.0,QT450-10,236.08504179765708,,,,False
5,10,4,48.0727790135026,-10.375,-4.0,QT450-10,237.7222460587459,,,,False
5,10,5,48.0727790135026,-10.375,-2.0,QT450-10,239.08267247062753,,,,False
5,10,6,48.0727790135026,-10.375,0.0,QT450-10,240.46332991308714,,,,False
5,10,7,48.0727790135026,-10.375,2.0,QT450-10,239.08267247062753,,,,False
5,10,8,48.0727790135026,-10.375,4.0,QT450-10,237.7222460587459,,,,False
5,10,9,48.0727790135026,-10.375,6.0,QT450-10,236.08504179765708,,,,False
5,10,10,48.0727790135026,-10.375,8.0,QT450-10,234.62739144114693,,,,False
5,10,11,48.0727790135026,-10.375,10.0,QT450-10,233.48490852434293,,,,False
5,10,12,48.0727790135026,-10.375,12.0,QT450-10,232.62740471235355,,,,False
5,11,0,48.0727790135026,-7.8125,-12.0,QT450-10,244.9739727330759,,,,False
5,11,1,48.0727790135026,-7.8125,-10.0,QT450-10,246.37889773457667,,,,False
5,11,2,48.0727790135026,-7.8125,-8.0,QT450-10,248.67060166363348,,,,False
5,11,3,48.0727790135026,-7.8125,-6.0,QT450-10,253.38694413075604,,,,False
5,11,4,48.0727790135026,-7.8125,-4.0,QT450-10,263.589285223902,,,,False
5,11,5,48.0727790135026,-7.8125,-2.0,QT450-10,273.46051337459966,,,,False
5,11,6,48.0727790135026,-7.8125,0.0,QT450-10,277.86452909635693,,,,False
5,11,7,48.0727790135026,-7.8125,2.0,QT450-10,273.46051337459966,,,,False
5,11,8,48.0727790135026,-7.8125,4.0,QT450-10,263.589285223902,,,,False
5,11,9,48.0727790135026,-7.8125,6.0,QT450-10,253.38694413075604,,,,False
5,11,10,48.0727790135026,-7.8125,8.0,QT450-10,248.67060166363348,,,,False
5,11,11,48.0727790135026,-7.8125,10.0,QT450-10,246.3788977345767,,,,False
5,11,12,48.0727790135026,-7.8125,12.0,QT450-10,244.9739727330759,,,,False
5,12,0,48.0727790135026,-5.25,-12.0,QT450-10,257.80756855501926,,,,False
5,12,1,48.0727790135026,-5.25,-10.0,QT450-10,260.0814921284156,,,,False
5,12,2,48.0727790135026,-5.25,-8.0,QT450-10,266.37090055475187,,,,False
5,12,3,48.0727790135026,-5.25,-6.0,QT450-10,282.41944188171703,,,,False
5,12,4,48.0727790135026,-5.25,-4.0,QT450-10,306.32736382308235,,,,False
5,12,5,48.0727790135026,-5.25,-2.0,QT450-10,332.4440089746453,,,,False
5,12,6,48.0727790135026,-5.25,0.0,QT450-10,346.82777915678565,,,,False
5,12,7,48.0727790135026,-5.25,2.0,QT450-10,332.4440089746453,,,,False
5,12,8,48.0727790135026,-5.25,4.0,QT450-10,306.32736382308235,,,,False
5,12,9,48.0727790135026,-5.25,6.0,QT450-10,282.419441881717,,,,False
5,12,10,48.0727790135026,-5.25,8.0,QT450-10,266.3709005547518,,,,False
5,12,11,48.0727790135026,-5.25,10.0,QT450-10,260.0814921284156,,,,False
5,12,12,48.0727790135026,-5.25,12.0,QT450-10,257.80756855501926,,,,False
5,13,0,48.0727790135026,-2.6875,-12.0,ERNiFe-CI,269.75138654862616,,,,False
5,13,1,48.0727790135026,-2.6875,-10.0,ERNiFe-CI,273.961933152528,,,,False
5,13,2,48.0727790135026,-2.6875,-8.0,ERNiFe-CI,287.39195381787243,,,,False
5,13,3,48.0727790135026,-2.6875,-6.0,ERNiFe-CI,316.47277954475726,,,,False
5,13,4,48.0727790135026,-2.6875,-4.0,ERNiFe-CI,365.83899880168127,,,,False
5,13,5,48.0727790135026,-2.6875,-2.0,ERNiFe-CI,435.52048171195577,,,,False
5,13,6,48.0727790135026,-2.6875,0.0,ERNiFe-CI,494.0987786299231,,,,False
5,13,7,48.0727790135026,-2.6875,2.0,ERNiFe-CI,435.52048171195577,,,,False
5,13,8,48.0727790135026,-2.6875,4.0,ERNiFe-CI,365.8389988016812,,,,False
5,13,9,48.0727790135026,-2.6875,6.0,ERNiFe-CI,316.47277954475726,,,,False
5,13,10,48.0727790135026,-2.6875,8.0,ERNiFe-CI,287.39195381787243,,,,False
5,13,11,48.0727790135026,-2.6875,10.0,ERNiFe-CI,273.961933152528,,,,False
5,13,12,48.0727790135026,-2.6875,12.0,ERNiFe-CI,269.75138654862616,,,,False
5,14,0,48.0727790135026,-0.125,-12.0,ERNiFe-CI,280.1067548997946,,,,False
5,14,1,48.0727790135026,-0.125,-10.0,ERNiFe-CI,286.42675136662626,,,,False
5,14,2,48.0727790135026,-0.125,-8.0,ERNiFe-CI,303.9862224651127,,,,False
5,14,3,48.0727790135026,-0.125,-6.0,ERNiFe-CI,344.2541054380214,,,,False
5,14,4,48.0727790135026,-0.125,-4.0,ERNiFe-CI,426.03198523974766,,,,False
5,14,5,48.0727790135026,-0.125,-2.0,ERNiFe-CI,596.8273666563332,,,,False
5,14,6,48.0727790135026,-0.125,0.0,ERNiFe-CI,853.2763404958118,35.99852952139624,38.3477985455861,2.3492690241898586,True
5,14,7,48.0727790135026,-0.125,2.0,ERNiFe-CI,596.8273666563332,,,,False
5,14,8,48.0727790135026,-0.125,4.0,ERNiFe-CI,426.03198523974766,,,,False
5,14,9,48.0727790135026,-0.125,6.0,ERNiFe-CI,344.2541054380214,,,,False
5,14,10,48.0727790135026,-0.125,8.0,ERNiFe-CI,303.9862224651127,,,,False
5,14,11,48.0727790135026,-0.125,10.0,ERNiFe-CI,286.42675136662626,,,,False
5,14,12,48.0727790135026,-0.125,12.0,ERNiFe-CI,280.1067548997946,,,,False
5,15,0,48.0727790135026,2.4375,-12.0,ERNiFe-CI,287.50622161921933,,,,False
5,15,1,48.0727790135026,2.4375,-10.0,ERNiFe-CI,294.2448197520073,,,,False
5,15,2,48.0727790135026,2.4375,-8.0,ERNiFe-CI,311.18795884445655,,,,False
5,15,3,48.0727790135026,2.4375,-6.0,ERNiFe-CI,344.68631194236093,,,,False
5,15,4,48.0727790135026,2.4375,-4.0,ERNiFe-CI,399.3568032656917,,,,False
5,15,5,48.0727790135026,2.4375,-2.0,ERNiFe-CI,475.5028963625348,,,,False
5,15,6,48.0727790135026,2.4375,0.0,ERNiFe-CI,540.8794992402084,,,,False
5,15,7,48.0727790135026,2.4375,2.0,ERNiFe-CI,475.5028963625347,,,,False
5,15,8,48.0727790135026,2.4375,4.0,ERNiFe-CI,399.3568032656917,,,,False
5,15,9,48.0727790135026,2.4375,6.0,ERNiFe-CI,344.68631194236093,,,,False
5,15,10,48.0727790135026,2.4375,8.0,ERNiFe-CI,311.18795884445655,,,,False
5,15,11,48.0727790135026,2.4375,10.0,ERNiFe-CI,294.2448197520073,,,,False
5,15,12,48.0727790135026,2.4375,12.0,ERNiFe-CI,287.50622161921933,,,,False
5,16,0,48.0727790135026,5.0,-12.0,Q235B,291.2421229687551,,,,False
5,16,1,48.0727790135026,5.0,-10.0,Q235B,297.44547021775116,,,,False
5,16,2,48.0727790135026,5.0,-8.0,Q235B,312.7156043843464,,,,False
5,16,3,48.0727790135026,5.0,-6.0,Q235B,339.64677582948406,,,,False
5,16,4,48.0727790135026,5.0,-4.0,Q235B,376.48511587448354,,,,False
5,16,5,48.0727790135026,5.0,-2.0,Q235B,414.72924923324854,,,,False
5,16,6,48.0727790135026,5.0,0.0,Q235B,434.9971063235546,,,,False
5,16,7,48.0727790135026,5.0,2.0,Q235B,414.72924923324854,,,,False
5,16,8,48.0727790135026,5.0,4.0,Q235B,376.48511587448354,,,,False
5,16,9,48.0727790135026,5.0,6.0,Q235B,339.64677582948406,,,,False
5,16,10,48.0727790135026,5.0,8.0,Q235B,312.7156043843465,,,,False
5,16,11,48.0727790135026,5.0,10.0,Q235B,297.44547021775116,,,,False
5,16,12,48.0727790135026,5.0,12.0,Q235B,291.2421229687551,,,,False
6,0,0,57.68733481620311,-36.0,-12.0,QT450-10,195.23446910555813,,,,False
6,0,1,57.68733481620311,-36.0,-10.0,QT450-10,195.3683077022701,,,,False
6,0,2,57.68733481620311,-36.0,-8.0,QT450-10,195.53112149414176,,,,False
6,0,3,57.68733481620311,-36.0,-6.0,QT450-10,195.67956759435097,,,,False
6,0,4,57.68733481620311,-36.0,-4.0,QT450-10,195.79418859401517,,,,False
6,0,5,57.68733481620311,-36.0,-2.0,QT450-10,195.86575045335044,,,,False
6,0,6,57.68733481620311,-36.0,0.0,QT450-10,195.89001678950927,,,,False
6,0,7,57.68733481620311,-36.0,2.0,QT450-10,195.86575045335044,,,,False
6,0,8,57.68733481620311,-36.0,4.0,QT450-10,195.79418859401517,,,,False
6,0,9,57.68733481620311,-36.0,6.0,QT450-10,195.67956759435097,,,,False
6,0,10,57.68733481620311,-36.0,8.0,QT450-10,195.53112149414176,,,,False
6,0,11,57.68733481620311,-36.0,10.0,QT450-10,195.3683077022701,,,,False
6,0,12,57.68733481620311,-36.0,12.0,QT450-10,195.23446910555813,,,,False
6,1,0,57.68733481620311,-33.4375,-12.0,QT450-10,195.85107123429822,,,,False
6,1,1,57.68733481620311,-33.4375,-10.0,QT450-10,196.1579399599175,,,,False
6,1,2,57.68733481620311,-33.4375,-8.0,QT450-10,196.3929793516338,,,,False
6,1,3,57.68733481620311,-33.4375,-6.0,QT450-10,196.57434530312963,,,,False
6,1,4,57.68733481620311,-33.4375,-4.0,QT450-10,196.7048805306882,,,,False
6,1,5,57.68733481620311,-33.4375,-2.0,QT450-10,196.7838686743656,,,,False
6,1,6,57.68733481620311,-33.4375,0.0,QT450-10,196.8103259295021,,,,False
6,1,7,57.68733481620311,-33.4375,2.0,QT450-10,196.7838686743656,,,,False
6,1,8,57.68733481620311,-33.4375,4.0,QT450-10,196.7048805306882,,,,False
6,1,9,57.68733481620311,-33.4375,6.0,QT450-10,196.57434530312963,,,,False
6,1,10,57.68733481620311,-33.4375,8.0,QT450-10,196.3929793516338,,,,False
6,1,11,57.68733481620311,-33.4375,10.0,QT450-10,196.1579399599175,,,,False
6,1,12,57.68733481620311,-33.4375,12.0,QT450-10,195.85107123429822,,,,False
6,2,0,57.68733481620311,-30.875,-12.0,QT450-10,196.82259261947118,,,,False
6,2,1,57.68733481620311,-30.875,-10.0,QT450-10,197.18036576489126,,,,False
6,2,2,57.68733481620311,-30.875,-8.0,QT450-10,197.4580444399218,,,,False
6,2,3,57.68733481620311,-30.875,-6.0,QT450-10,197.66783532703795,,,,False
6,2,4,57.68733481620311,-30.875,-4.0,QT450-10,197.81558562436118,,,,False
6,2,5,57.68733481620311,-30.875,-2.0,QT450-10,197.90369105012175,,,,False
6,2,6,57.68733481620311,-30.875,0.0,QT450-10,197.93299449215382,,,,False
6,2,7,57.68733481620311,-30.875,2.0,QT450-10,197.90369105012175,,,,False
6,2,8,57.68733481620311,-30.875,4.0,QT450-10,197.81558562436118,,,,False
6,2,9,57.68733481620311,-30.875,6.0,QT450-10,197.66783532703795,,,,False
6,2,10,57.68733481620311,-30.875,8.0,QT450-10,197.4580444399218,,,,False
6,2,11,57.68733481620311,-30.875,10.0,QT450-10,197.18036576489126,,,,False
6,2,12,57.68733481620311,-30.875,12.0,QT450-10,196.82259261947118,,,,False
6,3,0,57.68733481620311,-28.3125,-12.0,QT450-10,198.11324626805174,,,,False
6,3,1,57.68733481620311,-28.3125,-10.0,QT450-10,198.4914117391129,,,,False
6,3,2,57.68733481620311,-28.3125,-8.0,QT450-10,198.79203224402215,,,,False
6,3,3,57.68733481620311,-28.3125,-6.0,QT450-10,199.02091401323665,,,,False
6,3,4,57.68733481620311,-28.3125,-4.0,QT450-10,199.18213718432474,,,,False
6,3,5,57.68733481620311,-28.3125,-2.0,QT450-10,199.27809156848386,,,,False
6,3,6,57.68733481620311,-28.3125,0.0,QT450-10,199.30995957026147,,,,False
6,3,7,57.68733481620311,-28.3125,2.0,QT450-10,199.27809156848386,,,,False
6,3,8,57.68733481620311,-28.3125,4.0,QT450-10,199.18213718432474,,,,False
6,3,9,57.68733481620311,-28.3125,6.0,QT450-10,199.02091401323665,,,,False
6,3,10,57.68733481620311,-28.3125,8.0,QT450-10,198.79203224402215,,,,False
6,3,11,57.68733481620311,-28.3125,10.0,QT450-10,198.4914117391129,,,,False
6,3,12,57.68733481620311,-28.3125,12.0,QT450-10,198.11324626805174,,,,False
6,4,0,57.68733481620311,-25.75,-12.0,QT450-10,199.77479837471927,,,,False
6,4,1,57.68733481620311,-25.75,-10.0,QT450-10,200.16482120373755,,,,False
6,4,2,57.68733481620311,-25.75,-8.0,QT450-10,200.47940613022354,,,,False
6,4,3,57.68733481620311,-25.75,-6.0,QT450-10,200.7211125235635,,,,False
6,4,4,57.68733481620311,-25.75,-4.0,QT450-10,200.89219664955905,,,,False
6,4,5,57.68733481620311,-25.75,-2.0,QT450-10,200.9942474650449,,,,False
6,4,6,57.68733481620311,-25.75,0.0,QT450-10,201.02816803856797,,,,False
6,4,7,57.68733481620311,-25.75,2.0,QT450-10,200.9942474650449,,,,False
6,4,8,57.68733481620311,-25.75,4.0,QT450-10,200.89219664955905,,,,False
6,4,9,57.68733481620311,-25.75,6.0,QT450-10,200.7211125235635,,,,False
6,4,10,57.68733481620311,-25.75,8.0,QT450-10,200.47940613022354,,,,False
6,4,11,57.68733481620311,-25.75,10.0,QT450-10,200.16482120373755,,,,False
6,4,12,57.68733481620311,-25.75,12.0,QT450-10,199.77479837471927,,,,False
6,5,0,57.68733481620311,-23.1875,-12.0,QT450-10,201.93769919319706,,,,False
6,5,1,57.68733481620311,-23.1875,-10.0,QT450-10,202.33771698947723,,,,False
6,5,2,57.68733481620311,-23.1875,-8.0,QT450-10,202.66302473816572,,,,False
6,5,3,57.68733481620311,-23.1875,-6.0,QT450-10,202.9146119977733,,,,False
6,5,4,57.68733481620311,-23.1875,-4.0,QT450-10,203.09350236476467,,,,False
6,5,5,57.68733481620311,-23.1875,-2.0,QT450-10,203.20050477575447,,,,False
6,5,6,57.68733481620311,-23.1875,0.0,QT450-10,203.2361169063236,,,,False
6,5,7,57.68733481620311,-23.1875,2.0,QT450-10,203.20050477575447,,,,False
6,5,8,57.68733481620311,-23.1875,4.0,QT450-10,203.09350236476467,,,,False
6,5,9,57.68733481620311,-23.1875,6.0,QT450-10,202.9146119977733,,,,False
6,5,10,57.68733481620311,-23.1875,8.0,QT450-10,202.66302473816572,,,,False
6,5,11,57.68733481620311,-23.1875,10.0,QT450-10,202.33771698947723,,,,False
6,5,12,57.68733481620311,-23.1875,12.0,QT450-10,201.93769919319706,,,,False
6,6,0,57.68733481620311,-20.625,-12.0,QT450-10,204.85691654774413,,,,False
6,6,1,57.68733481620311,-20.625,-10.0,QT450-10,205.26819303775537,,,,False
6,6,2,57.68733481620311,-20.625,-8.0,QT450-10,205.60449010610665,,,,False
6,6,3,57.68733481620311,-20.625,-6.0,QT450-10,205.86586391476203,,,,False
6,6,4,57.68733481620311,-20.625,-4.0,QT450-10,206.0524397690571,,,,False
6,6,5,57.68733481620311,-20.625,-2.0,QT450-10,206.16433856866544,,,,False
6,6,6,57.68733481620311,-20.625,0.0,QT450-10,206.20162975936665,,,,False
6,6,7,57.68733481620311,-20.625,2.0,QT450-10,206.16433856866544,,,,False
6,6,8,57.68733481620311,-20.625,4.0,QT450-10,206.0524397690571,,,,False
6,6,9,57.68733481620311,-20.625,6.0,QT450-10,205.86586391476203,,,,False
6,6,10,57.68733481620311,-20.625,8.0,QT450-10,205.60449010610665,,,,False
6,6,11,57.68733481620311,-20.625,10.0,QT450-10,205.26819303775537,,,,False
6,6,12,57.68733481620311,-20.625,12.0,QT450-10,204.85691654774413,,,,False
6,7,0,57.68733481620311,-18.0625,-12.0,QT450-10,208.99268841754892,,,,False
6,7,1,57.68733481620311,-18.0625,-10.0,QT450-10,209.42032922973888,,,,False
6,7,2,57.68733481620311,-18.0625,-8.0,QT450-10,209.77287606411647,,,,False
6,7,3,57.68733481620311,-18.0625,-6.0,QT450-10,210.04908724441708,,,,False
6,7,4,57.68733481620311,-18.0625,-4.0,QT450-10,210.2476295474538,,,,False
6,7,5,57.68733481620311,-18.0625,-2.0,QT450-10,210.36731043114503,,,,False
6,7,6,57.68733481620311,-18.0625,0.0,QT450-10,210.4073000599635,,,,False
6,7,7,57.68733481620311,-18.0625,2.0,QT450-10,210.367310431145,,,,False
6,7,8,57.68733481620311,-18.0625,4.0,QT450-10,210.2476295474538,,,,False
6,7,9,57.68733481620311,-18.0625,6.0,QT450-10,210.04908724441708,,,,False
6,7,10,57.68733481620311,-18.0625,8.0,QT450-10,209.77287606411647,,,,False
6,7,11,57.68733481620311,-18.0625,10.0,QT450-10,209.42032922973888,,,,False
6,7,12,57.68733481620311,-18.0625,12.0,QT450-10,208.99268841754892,,,,False
6,8,0,57.68733481620311,-15.5,-12.0,QT450-10,214.95648510215779,,,,False
6,8,1,57.68733481620311,-15.5,-10.0,QT450-10,215.4186735960148,,,,False
6,8,2,57.68733481620311,-15.5,-8.0,QT450-10,215.8143575057488,,,,False
6,8,3,57.68733481620311,-15.5,-6.0,QT450-10,216.13682846309783,,,,False
6,8,4,57.68733481620311,-15.5,-4.0,QT450-10,216.37740040656234,,,,False
6,8,5,57.68733481620311,-15.5,-2.0,QT450-10,216.5267561610351,,,,False
6,8,6,57.68733481620311,-15.5,0.0,QT450-10,216.57749317862047,,,,False
6,8,7,57.68733481620311,-15.5,2.0,QT450-10,216.5267561610351,,,,False
6,8,8,57.68733481620311,-15.5,4.0,QT450-10,216.37740040656234,,,,False
6,8,9,57.68733481620311,-15.5,6.0,QT450-10,216.13682846309783,,,,False
6,8,10,57.68733481620311,-15.5,8.0,QT450-10,215.8143575057488,,,,False
6,8,11,57.68733481620311,-15.5,10.0,QT450-10,215.41867359601477,,,,False
6,8,12,57.68733481620311,-15.5,12.0,QT450-10,214.95648510215779,,,,False
6,9,0,57.68733481620311,-12.9375,-12.0,QT450-10,223.12849222360464,,,,False
6,9,1,57.68733481620311,-12.9375,-10.0,QT450-10,223.68646092397387,,,,False
6,9,2,57.68733481620311,-12.9375,-8.0,QT450-10,224.23581916939278,,,,False
6,9,3,57.68733481620311,-12.9375,-6.0,QT450-10,224.75584431934735,,,,False
6,9,4,57.68733481620311,-12.9375,-4.0,QT450-10,225.20667553239633,,,,False
6,9,5,57.68733481620311,-12.9375,-2.0,QT450-10,225.52550719139902,,,,False
6,9,6,57.68733481620311,-12.9375,0.0,QT450-10,225.64289533455513,,,,False
6,9,7,57.68733481620311,-12.9375,2.0,QT450-10,225.52550719139902,,,,False
6,9,8,57.68733481620311,-12.9375,4.0,QT450-10,225.20667553239633,,,,False
6,9,9,57.68733481620311,-12.9375,6.0,QT450-10,224.75584431934732,,,,False
6,9,10,57.68733481620311,-12.9375,8.0,QT450-10,224.23581916939276,,,,False
6,9,11,57.68733481620311,-12.9375,10.0,QT450-10,223.68646092397387,,,,False
6,9,12,57.68733481620311,-12.9375,12.0,QT450-10,223.12849222360464,,,,False
6,10,0,57.68733481620311,-10.375,-12.0,QT450-10,233.47234704122798,,,,False
6,10,1,57.68733481620311,-10.375,-10.0,QT450-10,234.31181603737141,,,,False
6,10,2,57.68733481620311,-10.375,-8.0,QT450-10,235.41508479651685,,,,False
6,10,3,57.68733481620311,-10.375,-6.0,QT450-10,236.81929459325488,,,,False
6,10,4,57.68733481620311,-10.375,-4.0,QT450-10,238.40859758465658,,,,False
6,10,5,57.68733481620311,-10.375,-2.0,QT450-10,239.73646375983287,,,,False
6,10,6,57.68733481620311,-10.375,0.0,QT450-10,240.8156229671065,,,,False
6,10,7,57.68733481620311,-10.375,2.0,QT450-10,239.73646375983287,,,,False
6,10,8,57.68733481620311,-10.375,4.0,QT450-10,238.40859758465658,,,,False
6,10,9,57.68733481620311,-10.375,6.0,QT450-10,236.81929459325488,,,,False
6,10,10,57.68733481620311,-10.375,8.0,QT450-10,235.41508479651685,,,,False
6,10,11,57.68733481620311,-10.375,10.0,QT450-10,234.31181603737141,,,,False
6,10,12,57.68733481620311,-10.375,12.0,QT450-10,233.47234704122798,,,,False
6,11,0,57.68733481620311,-7.8125,-12.0,QT450-10,245.7347358352168,,,,False
6,11,1,57.68733481620311,-7.8125,-10.0,QT450-10,247.11764569900558,,,,False
6,11,2,57.68733481620311,-7.8125,-8.0,QT450-10,249.36300669410303,,,,False
6,11,3,57.68733481620311,-7.8125,-6.0,QT450-10,253.76748826060532,,,,False
6,11,4,57.68733481620311,-7.8125,-4.0,QT450-10,263.91490939763764,,,,False
6,11,5,57.68733481620311,-7.8125,-2.0,QT450-10,273.75303553790695,,,,False
6,11,6,57.68733481620311,-7.8125,0.0,QT450-10,278.14620242395773,,,,False
6,11,7,57.68733481620311,-7.8125,2.0,QT450-10,273.75303553790695,,,,False
6,11,8,57.68733481620311,-7.8125,4.0,QT450-10,263.91490939763764,,,,False
6,11,9,57.68733481620311,-7.8125,6.0,QT450-10,253.76748826060535,,,,False
6,11,10,57.68733481620311,-7.8125,8.0,QT450-10,249.36300669410303,,,,False
6,11,11,57.68733481620311,-7.8125,10.0,QT450-10,247.11764569900558,,,,False
6,11,12,57.68733481620311,-7.8125,12.0,QT450-10,245.7347358352168,,,,False
6,12,0,57.68733481620311,-5.25,-12.0,QT450-10,258.5173687658669,,,,False
6,12,1,57.68733481620311,-5.25,-10.0,QT450-10,260.75707018151894,,,,False
6,12,2,57.68733481620311,-5.25,-8.0,QT450-10,266.76986184187416,,,,False
6,12,3,57.68733481620311,-5.25,-6.0,QT450-10,282.74339359234204,,,,False
6,12,4,57.68733481620311,-5.25,-4.0,QT450-10,306.6021924765002,,,,False
6,12,5,57.68733481620311,-5.25,-2.0,QT450-10,332.6855086949615,,,,False
6,12,6,57.68733481620311,-5.25,0.0,QT450-10,347.05354904324474,,,,False
6,12,7,57.68733481620311,-5.25,2.0,QT450-10,332.6855086949615,,,,False
6,12,8,57.68733481620311,-5.25,4.0,QT450-10,306.60219247650014,,,,False
6,12,9,57.68733481620311,-5.25,6.0,QT450-10,282.74339359234204,,,,False
6,12,10,57.68733481620311,-5.25,8.0,QT450-10,266.76986184187416,,,,False
6,12,11,57.68733481620311,-5.25,10.0,QT450-10,260.75707018151894,,,,False
6,12,12,57.68733481620311,-5.25,12.0,QT450-10,258.5173687658669,,,,False
6,13,0,57.68733481620311,-2.6875,-12.0,ERNiFe-CI,270.4086798816441,,,,False
6,13,1,57.68733481620311,-2.6875,-10.0,ERNiFe-CI,274.432247885069,,,,False
6,13,2,57.68733481620311,-2.6875,-8.0,ERNiFe-CI,287.75322969927913,,,,False
6,13,3,57.68733481620311,-2.6875,-6.0,ERNiFe-CI,316.7568616735992,,,,False
6,13,4,57.68733481620311,-2.6875,-4.0,ERNiFe-CI,366.0670728450365,,,,False
6,13,5,57.68733481620311,-2.6875,-2.0,ERNiFe-CI,435.704386192441,,,,False
6,13,6,57.68733481620311,-2.6875,0.0,ERNiFe-CI,494.2441266419861,,,,False
6,13,7,57.68733481620311,-2.6875,2.0,ERNiFe-CI,435.704386192441,,,,False
6,13,8,57.68733481620311,-2.6875,4.0,ERNiFe-CI,366.0670728450365,,,,False
6,13,9,57.68733481620311,-2.6875,6.0,ERNiFe-CI,316.7568616735992,,,,False
6,13,10,57.68733481620311,-2.6875,8.0,ERNiFe-CI,287.75322969927913,,,,False
6,13,11,57.68733481620311,-2.6875,10.0,ERNiFe-CI,274.432247885069,,,,False
6,13,12,57.68733481620311,-2.6875,12.0,ERNiFe-CI,270.4086798816441,,,,False
6,14,0,57.68733481620311,-0.125,-12.0,ERNiFe-CI,280.63519143737074,,,,False
6,14,1,57.68733481620311,-0.125,-10.0,ERNiFe-CI,286.86899355015566,,,,False
6,14,2,57.68733481620311,-0.125,-8.0,ERNiFe-CI,304.3327692582313,,,,False
6,14,3,57.68733481620311,-0.125,-6.0,ERNiFe-CI,344.516801786631,,,,False
6,14,4,57.68733481620311,-0.125,-4.0,ERNiFe-CI,426.2253502564593,,,,False
6,14,5,57.68733481620311,-0.125,-2.0,ERNiFe-CI,596.9504006368152,,,,False
6,14,6,57.68733481620311,-0.125,0.0,ERNiFe-CI,853.354635191105,42.409859276785085,44.76115523270443,2.3512959559193476,True
6,14,7,57.68733481620311,-0.125,2.0,ERNiFe-CI,596.9504006368152,,,,False
6,14,8,57.68733481620311,-0.125,4.0,ERNiFe-CI,426.2253502564593,,,,False
6,14,9,57.68733481620311,-0.125,6.0,ERNiFe-CI,344.516801786631,,,,False
6,14,10,57.68733481620311,-0.125,8.0,ERNiFe-CI,304.3327692582313,,,,False
6,14,11,57.68733481620311,-0.125,10.0,ERNiFe-CI,286.86899355015566,,,,False
6,14,12,57.68733481620311,-0.125,12.0,ERNiFe-CI,280.63519143737074,,,,False
6,15,0,57.68733481620311,2.4375,-12.0,ERNiFe-CI,288.0140167664282,,,,False
6,15,1,57.68733481620311,2.4375,-10.0,ERNiFe-CI,294.6907649235692,,,,False
6,15,2,57.68733481620311,2.4375,-8.0,ERNiFe-CI,311.5566593392049,,,,False
6,15,3,57.68733481620311,2.4375,-6.0,ERNiFe-CI,344.9826408948479,,,,False
6,15,4,57.68733481620311,2.4375,-4.0,ERNiFe-CI,399.5945221663568,,,,False
6,15,5,57.68733481620311,2.4375,-2.0,ERNiFe-CI,475.6948559259167,,,,False
6,15,6,57.68733481620311,2.4375,0.0,ERNiFe-CI,541.0382436634108,,,,False
6,15,7,57.68733481620311,2.4375,2.0,ERNiFe-CI,475.6948559259167,,,,False
6,15,8,57.68733481620311,2.4375,4.0,ERNiFe-CI,399.5945221663568,,,,False
6,15,9,57.68733481620311,2.4375,6.0,ERNiFe-CI,344.9826408948479,,,,False
6,15,10,57.68733481620311,2.4375,8.0,ERNiFe-CI,311.5566593392049,,,,False
6,15,11,57.68733481620311,2.4375,10.0,ERNiFe-CI,294.6907649235692,,,,False
6,15,12,57.68733481620311,2.4375,12.0,ERNiFe-CI,288.0140167664282,,,,False
6,16,0,57.68733481620311,5.0,-12.0,Q235B,291.7493867134864,,,,False
6,16,1,57.68733481620311,5.0,-10.0,Q235B,297.8993153660435,,,,False
6,16,2,57.68733481620311,5.0,-8.0,Q235B,313.10450359799347,,,,False
6,16,3,57.68733481620311,5.0,-6.0,Q235B,339.9780099605866,,,,False
6,16,4,57.68733481620311,5.0,-4.0,Q235B,376.7676182380624,,,,False
6,16,5,57.68733481620311,5.0,-2.0,Q235B,414.97908253675604,,,,False
6,16,6,57.68733481620311,5.0,0.0,Q235B,435.22420965098837,,,,False
6,16,7,57.68733481620311,5.0,2.0,Q235B,414.97908253675604,,,,False
6,16,8,57.68733481620311,5.0,4.0,Q235B,376.7676182380624,,,,False
6,16,9,57.68733481620311,5.0,6.0,Q235B,339.9780099605866,,,,False
6,16,10,57.68733481620311,5.0,8.0,Q235B,313.10450359799347,,,,False
6,16,11,57.68733481620311,5.0,10.0,Q235B,297.8993153660435,,,,False
6,16,12,57.68733481620311,5.0,12.0,Q235B,291.7493867134864,,,,False
7,0,0,67.30189061890363,-36.0,-12.0,QT450-10,196.44099166011557,,,,False
7,0,1,67.30189061890363,-36.0,-10.0,QT450-10,196.57608801343366,,,,False
7,0,2,67.30189061890363,-36.0,-8.0,QT450-10,196.74043034466533,,,,False
7,0,3,67.30189061890363,-36.0,-6.0,QT450-10,196.89026888956198,,,,False
7,0,4,67.30189061890363,-36.0,-4.0,QT450-10,197.00596431161733,,,,False
7,0,5,67.30189061890363,-36.0,-2.0,QT450-10,197.07819665192432,,,,False
7,0,6,67.30189061890363,-36.0,0.0,QT450-10,197.10269029043667,,,,False
7,0,7,67.30189061890363,-36.0,2.0,QT450-10,197.07819665192432,,,,False
7,0,8,67.30189061890363,-36.0,4.0,QT450-10,197.00596431161733,,,,False
7,0,9,67.30189061890363,-36.0,6.0,QT450-10,196.89026888956198,,,,False
7,0,10,67.30189061890363,-36.0,8.0,QT450-10,196.74043034466533,,,,False
7,0,11,67.30189061890363,-36.0,10.0,QT450-10,196.57608801343366,,,,False
7,0,12,67.30189061890363,-36.0,12.0,QT450-10,196.44099166011557,,,,False
7,1,0,67.30189061890363,-33.4375,-12.0,QT450-10,197.0513411125103,,,,False
7,1,1,67.30189061890363,-33.4375,-10.0,QT450-10,197.36108798717513,,,,False
7,1,2,67.30189061890363,-33.4375,-8.0,QT450-10,197.59832417717607,,,,False
7,1,3,67.30189061890363,-33.4375,-6.0,QT450-10,197.78138156698168,,,,False
7,1,4,67.30189061890363,-33.4375,-4.0,QT450-10,197.91313254114115,,,,False
7,1,5,67.30189061890363,-33.4375,-2.0,QT450-10,197.9928557573417,,,,False
7,1,6,67.30189061890363,-33.4375,0.0,QT450-10,198.01955913368027,,,,False
7,1,7,67.30189061890363,-33.4375,2.0,QT450-10,197.9928557573417,,,,False
7,1,8,67.30189061890363,-33.4375,4.0,QT450-10,197.91313254114115,,,,False
7,1,9,67.30189061890363,-33.4375,6.0,QT450-10,197.78138156698168,,,,False
7,1,10,67.30189061890363,-33.4375,8.0,QT450-10,197.59832417717607,,,,False
7,1,11,67.30189061890363,-33.4375,10.0,QT450-10,197.36108798717513,,,,False
7,1,12,67.30189061890363,-33.4375,12.0,QT450-10,197.0513411125103,,,,False
7,2,0,67.30189061890363,-30.875,-12.0,QT450-10,198.0064519341993,,,,False
7,2,1,67.30189061890363,-30.875,-10.0,QT450-10,198.36752670543012,,,,False
7,2,2,67.30189061890363,-30.875,-8.0,QT450-10,198.64775919206014,,,,False
7,2,3,67.30189061890363,-30.875,-6.0,QT450-10,198.85947422364424,,,,False
7,2,4,67.30189061890363,-30.875,-4.0,QT450-10,199.00857693589967,,,,False
7,2,5,67.30189061890363,-30.875,-2.0,QT450-10,199.09748778175552,,,,False
7,2,6,67.30189061890363,-30.875,0.0,QT450-10,199.12705893305102,,,,False
7,2,7,67.30189061890363,-30.875,2.0,QT450-10,199.09748778175552,,,,False
7,2,8,67.30189061890363,-30.875,4.0,QT450-10,199.00857693589967,,,,False
7,2,9,67.30189061890363,-30.875,6.0,QT450-10,198.85947422364424,,,,False
7,2,10,67.30189061890363,-30.875,8.0,QT450-10,198.64775919206014,,,,False
7,2,11,67.30189061890363,-30.875,10.0,QT450-10,198.36752670543012,,,,False
7,2,12,67.30189061890363,-30.875,12.0,QT450-10,198.0064519341993,,,,False
7,3,0,67.30189061890363,-28.3125,-12.0,QT450-10,199.26699602741826,,,,False
7,3,1,67.30189061890363,-28.3125,-10.0,QT450-10,199.64855282373753,,,,False
7,3,2,67.30189061890363,-28.3125,-8.0,QT450-10,199.95185989472407,,,,False
7,3,3,67.30189061890363,-28.3125,-6.0,QT450-10,200.1827797408022,,,,False
7,3,4,67.30189061890363,-28.3125,-4.0,QT450-10,200.34543423970788,,,,False
7,3,5,67.30189061890363,-28.3125,-2.0,QT450-10,200.44223874147548,,,,False
7,3,6,67.30189061890363,-28.3125,0.0,QT450-10,200.47438878560172,,,,False
7,3,7,67.30189061890363,-28.3125,2.0,QT450-10,200.44223874147548,,,,False
7,3,8,67.30189061890363,-28.3125,4.0,QT450-10,200.34543423970788,,,,False
7,3,9,67.30189061890363,-28.3125,6.0,QT450-10,200.1827797408022,,,,False
7,3,10,67.30189061890363,-28.3125,8.0,QT450-10,199.95185989472407,,,,False
7,3,11,67.30189061890363,-28.3125,10.0,QT450-10,199.64855282373753,,,,False
7,3,12,67.30189061890363,-28.3125,12.0,QT450-10,199.26699602741826,,,,False
7,4,0,67.30189061890363,-25.75,-12.0,QT450-10,200.8792356119496,,,,False
7,4,1,67.30189061890363,-25.75,-10.0,QT450-10,201.27260648941794,,,,False
7,4,2,67.30189061890363,-25.75,-8.0,QT450-10,201.5898721787824,,,,False
7,4,3,67.30189061890363,-25.75,-6.0,QT450-10,201.83362541939564,,,,False
7,4,4,67.30189061890363,-25.75,-4.0,QT450-10,202.00615108921033,,,,False
7,4,5,67.30189061890363,-25.75,-2.0,QT450-10,202.1090587837621,,,,False
7,4,6,67.30189061890363,-25.75,0.0,QT450-10,202.14326366653904,,,,False
7,4,7,67.30189061890363,-25.75,2.0,QT450-10,202.1090587837621,,,,False
7,4,8,67.30189061890363,-25.75,4.0,QT450-10,202.00615108921033,,,,False
7,4,9,67.30189061890363,-25.75,6.0,QT450-10,201.83362541939564,,,,False
7,4,10,67.30189061890363,-25.75,8.0,QT450-10,201.5898721787824,,,,False
7,4,11,67.30189061890363,-25.75,10.0,QT450-10,201.27260648941794,,,,False
7,4,12,67.30189061890363,-25.75,12.0,QT450-10,200.8792356119496,,,,False
7,5,0,67.30189061890363,-23.1875,-12.0,QT450-10,202.96417590822423,,,,False
7,5,1,67.30189061890363,-23.1875,-10.0,QT450-10,203.36735744806026,,,,False
7,5,2,67.30189061890363,-23.1875,-8.0,QT450-10,203.69520687403894,,,,False
7,5,3,67.30189061890363,-23.1875,-6.0,QT450-10,203.9487383381822,,,,False
7,5,4,67.30189061890363,-23.1875,-4.0,QT450-10,204.12899860757295,,,,False
7,5,5,67.30189061890363,-23.1875,-2.0,QT450-10,204.23681510159915,,,,False
7,5,6,67.30189061890363,-23.1875,0.0,QT450-10,204.27269725358494,,,,False
7,5,7,67.30189061890363,-23.1875,2.0,QT450-10,204.23681510159915,,,,False
7,5,8,67.30189061890363,-23.1875,4.0,QT450-10,204.12899860757295,,,,False
7,5,9,67.30189061890363,-23.1875,6.0,QT450-10,203.9487383381822,,,,False
7,5,10,67.30189061890363,-23.1875,8.0,QT450-10,203.69520687403894,,,,False
7,5,11,67.30189061890363,-23.1875,10.0,QT450-10,203.36735744806026,,,,False
7,5,12,67.30189061890363,-23.1875,12.0,QT450-10,202.96417590822423,,,,False
7,6,0,67.30189061890363,-20.625,-12.0,QT450-10,205.76125181575554,,,,False
7,6,1,67.30189061890363,-20.625,-10.0,QT450-10,206.17531141735566,,,,False
7,6,2,67.30189061890363,-20.625,-8.0,QT450-10,206.51380550706,,,,False
7,6,3,67.30189061890363,-20.625,-6.0,QT450-10,206.77682781921564,,,,False
7,6,4,67.30189061890363,-20.625,-4.0,QT450-10,206.96454373949564,,,,False
7,6,5,67.30189061890363,-20.625,-2.0,QT450-10,207.0771063380203,,,,False
7,6,6,67.30189061890363,-20.625,0.0,QT450-10,207.1146158182732,,,,False
7,6,7,67.30189061890363,-20.625,2.0,QT450-10,207.0771063380203,,,,False
7,6,8,67.30189061890363,-20.625,4.0,QT450-10,206.96454373949564,,,,False
7,6,9,67.30189061890363,-20.625,6.0,QT450-10,206.77682781921564,,,,False
7,6,10,67.30189061890363,-20.625,8.0,QT450-10,206.51380550706,,,,False
7,6,11,67.30189061890363,-20.625,10.0,QT450-10,206.17531141735566,,,,False
7,6,12,67.30189061890363,-20.625,12.0,QT450-10,205.76125181575554,,,,False
7,7,0,67.30189061890363,-18.0625,-12.0,QT450-10,209.71665288475492,,,,False
7,7,1,67.30189061890363,-18.0625,-10.0,QT450-10,210.14618595577323,,,,False
7,7,2,67.30189061890363,-18.0625,-8.0,QT450-10,210.49985060869446,,,,False
7,7,3,67.30189061890363,-18.0625,-6.0,QT450-10,210.77659261027134,,,,False
7,7,4,67.30189061890363,-18.0625,-4.0,QT450-10,210.97528350260157,,,,False
7,7,5,67.30189061890363,-18.0625,-2.0,QT450-10,211.0949409026605,,,,False
7,7,6,67.30189061890363,-18.0625,0.0,QT450-10,211.13491047867257,,,,False
7,7,7,67.30189061890363,-18.0625,2.0,QT450-10,211.0949409026605,,,,False
7,7,8,67.30189061890363,-18.0625,4.0,QT450-10,210.97528350260157,,,,False
7,7,9,67.30189061890363,-18.0625,6.0,QT450-10,210.77659261027134,,,,False
7,7,10,67.30189061890363,-18.0625,8.0,QT450-10,210.49985060869446,,,,False
7,7,11,67.30189061890363,-18.0625,10.0,QT450-10,210.14618595577323,,,,False
7,7,12,67.30189061890363,-18.0625,12.0,QT450-10,209.71665288475492,,,,False
7,8,0,67.30189061890363,-15.5,-12.0,QT450-10,215.46971603394104,,,,False
7,8,1,67.30189061890363,-15.5,-10.0,QT450-10,215.9311821875395,,,,False
7,8,2,67.30189061890363,-15.5,-8.0,QT450-10,216.32380140790025,,,,False
7,8,3,67.30189061890363,-15.5,-6.0,QT450-10,216.6417091464558,,,,False
7,8,4,67.30189061890363,-15.5,-4.0,QT450-10,216.87739357418857,,,,False
7,8,5,67.30189061890363,-15.5,-2.0,QT450-10,217.02299403473293,,,,False
7,8,6,67.30189061890363,-15.5,0.0,QT450-10,217.07232241078816,,,,False
7,8,7,67.30189061890363,-15.5,2.0,QT450-10,217.02299403473293,,,,False
7,8,8,67.30189061890363,-15.5,4.0,QT450-10,216.87739357418857,,,,False
7,8,9,67.30189061890363,-15.5,6.0,QT450-10,216.6417091464558,,,,False
7,8,10,67.30189061890363,-15.5,8.0,QT450-10,216.32380140790025,,,,False
7,8,11,67.30189061890363,-15.5,10.0,QT450-10,215.9311821875395,,,,False
7,8,12,67.30189061890363,-15.5,12.0,QT450-10,215.469716033941,,,,False
7,9,0,67.30189061890363,-12.9375,-12.0,QT450-10,223.46384533832043,,,,False
7,9,1,67.30189061890363,-12.9375,-10.0,QT450-10,224.01600223758578,,,,False
7,9,2,67.30189061890363,-12.9375,-8.0,QT450-10,224.55274673645226,,,,False
7,9,3,67.30189061890363,-12.9375,-6.0,QT450-10,225.05461783139205,,,,False
7,9,4,67.30189061890363,-12.9375,-4.0,QT450-10,225.48510054997234,,,,False
7,9,5,67.30189061890363,-12.9375,-2.0,QT450-10,225.78668904054558,,,,False
7,9,6,67.30189061890363,-12.9375,0.0,QT450-10,225.89691096418838,,,,False
7,9,7,67.30189061890363,-12.9375,2.0,QT450-10,225.78668904054558,,,,False
7,9,8,67.30189061890363,-12.9375,4.0,QT450-10,225.48510054997234,,,,False
7,9,9,67.30189061890363,-12.9375,6.0,QT450-10,225.05461783139205,,,,False
7,9,10,67.30189061890363,-12.9375,8.0,QT450-10,224.55274673645224,,,,False
7,9,11,67.30189061890363,-12.9375,10.0,QT450-10,224.01600223758578,,,,False
7,9,12,67.30189061890363,-12.9375,12.0,QT450-10,223.46384533832043,,,,False
7,10,0,67.30189061890363,-10.375,-12.0,QT450-10,233.6564169681539,,,,False
7,10,1,67.30189061890363,-10.375,-10.0,QT450-10,234.4803130412841,,,,False
7,10,2,67.30189061890363,-10.375,-8.0,QT450-10,235.55215253600903,,,,False
7,10,3,67.30189061890363,-10.375,-6.0,QT450-10,236.91491216677804,,,,False
7,10,4,67.30189061890363,-10.375,-4.0,QT450-10,238.46791152829428,,,,False
7,10,5,67.30189061890363,-10.375,-2.0,QT450-10,239.77228537772032,,,,False
7,10,6,67.30189061890363,-10.375,0.0,QT450-10,240.64694637238043,,,,False
7,10,7,67.30189061890363,-10.375,2.0,QT450-10,239.77228537772032,,,,False
7,10,8,67.30189061890363,-10.375,4.0,QT450-10,238.46791152829428,,,,False
7,10,9,67.30189061890363,-10.375,6.0,QT450-10,236.91491216677804,,,,False
7,10,10,67.30189061890363,-10.375,8.0,QT450-10,235.55215253600903,,,,False
7,10,11,67.30189061890363,-10.375,10.0,QT450-10,234.4803130412841,,,,False
7,10,12,67.30189061890363,-10.375,12.0,QT450-10,233.6564169681539,,,,False
7,11,0,67.30189061890363,-7.8125,-12.0,QT450-10,245.83979439904152,,,,False
7,11,1,67.30189061890363,-7.8125,-10.0,QT450-10,247.20517891263614,,,,False
7,11,2,67.30189061890363,-7.8125,-8.0,QT450-10,249.41593263942826,,,,False
7,11,3,67.30189061890363,-7.8125,-6.0,QT450-10,253.60902666642542,,,,False
7,11,4,67.30189061890363,-7.8125,-4.0,QT450-10,263.7225505290466,,,,False
7,11,5,67.30189061890363,-7.8125,-2.0,QT450-10,273.5419241343278,,,,False
7,11,6,67.30189061890363,-7.8125,0.0,QT450-10,277.9276483479518,,,,False
7,11,7,67.30189061890363,-7.8125,2.0,QT450-10,273.5419241343278,,,,False
7,11,8,67.30189061890363,-7.8125,4.0,QT450-10,263.7225505290466,,,,False
7,11,9,67.30189061890363,-7.8125,6.0,QT450-10,253.6090266664254,,,,False
7,11,10,67.30189061890363,-7.8125,8.0,QT450-10,249.41593263942823,,,,False
7,11,11,67.30189061890363,-7.8125,10.0,QT450-10,247.20517891263614,,,,False
7,11,12,67.30189061890363,-7.8125,12.0,QT450-10,245.83979439904152,,,,False
7,12,0,67.30189061890363,-5.25,-12.0,QT450-10,258.57534990828583,,,,False
7,12,1,67.30189061890363,-5.25,-10.0,QT450-10,260.7896236046938,,,,False
7,12,2,67.30189061890363,-5.25,-8.0,QT450-10,266.61557889780556,,,,False
7,12,3,67.30189061890363,-5.25,-6.0,QT450-10,282.54426425182044,,,,False
7,12,4,67.30189061890363,-5.25,-4.0,QT450-10,306.3751784284881,,,,False
7,12,5,67.30189061890363,-5.25,-2.0,QT450-10,332.44219790767363,,,,False
7,12,6,67.30189061890363,-5.25,0.0,QT450-10,346.80343663592015,,,,False
7,12,7,67.30189061890363,-5.25,2.0,QT450-10,332.44219790767363,,,,False
7,12,8,67.30189061890363,-5.25,4.0,QT450-10,306.3751784284881,,,,False
7,12,9,67.30189061890363,-5.25,6.0,QT450-10,282.54426425182044,,,,False
7,12,10,67.30189061890363,-5.25,8.0,QT450-10,266.6155788978056,,,,False
7,12,11,67.30189061890363,-5.25,10.0,QT450-10,260.7896236046938,,,,False
7,12,12,67.30189061890363,-5.25,12.0,QT450-10,258.57534990828583,,,,False
7,13,0,67.30189061890363,-2.6875,-12.0,ERNiFe-CI,270.42343088962514,,,,False
7,13,1,67.30189061890363,-2.6875,-10.0,ERNiFe-CI,274.3193975268719,,,,False
7,13,2,67.30189061890363,-2.6875,-8.0,ERNiFe-CI,287.57017486627086,,,,False
7,13,3,67.30189061890363,-2.6875,-6.0,ERNiFe-CI,316.5300831782339,,,,False
7,13,4,67.30189061890363,-2.6875,-4.0,ERNiFe-CI,365.8149933733674,,,,False
7,13,5,67.30189061890363,-2.6875,-2.0,ERNiFe-CI,435.43391617842815,,,,False
7,13,6,67.30189061890363,-2.6875,0.0,ERNiFe-CI,493.9640609399496,,,,False
7,13,7,67.30189061890363,-2.6875,2.0,ERNiFe-CI,435.43391617842815,,,,False
7,13,8,67.30189061890363,-2.6875,4.0,ERNiFe-CI,365.8149933733674,,,,False
7,13,9,67.30189061890363,-2.6875,6.0,ERNiFe-CI,316.5300831782339,,,,False
7,13,10,67.30189061890363,-2.6875,8.0,ERNiFe-CI,287.57017486627086,,,,False
7,13,11,67.30189061890363,-2.6875,10.0,ERNiFe-CI,274.3193975268719,,,,False
7,13,12,67.30189061890363,-2.6875,12.0,ERNiFe-CI,270.42343088962514,,,,False
7,14,0,67.30189061890363,-0.125,-12.0,ERNiFe-CI,280.55947546873296,,,,False
7,14,1,67.30189061890363,-0.125,-10.0,ERNiFe-CI,286.73251826162857,,,,False
7,14,2,67.30189061890363,-0.125,-8.0,ERNiFe-CI,304.14071494251755,,,,False
7,14,3,67.30189061890363,-0.125,-6.0,ERNiFe-CI,344.2768495742851,,,,False
7,14,4,67.30189061890363,-0.125,-4.0,ERNiFe-CI,425.9607813692537,,,,False
7,14,5,67.30189061890363,-0.125,-2.0,ERNiFe-CI,596.669492101623,,,,False
7,14,6,67.30189061890363,-0.125,0.0,ERNiFe-CI,853.0644813174173,48.816760470380565,51.16868259973961,2.351922129359046,True
7,14,7,67.30189061890363,-0.125,2.0,ERNiFe-CI,596.669492101623,,,,False
7,14,8,67.30189061890363,-0.125,4.0,ERNiFe-CI,425.96078136925377,,,,False
7,14,9,67.30189061890363,-0.125,6.0,ERNiFe-CI,344.2768495742851,,,,False
7,14,10,67.30189061890363,-0.125,8.0,ERNiFe-CI,304.14071494251755,,,,False
7,14,11,67.30189061890363,-0.125,10.0,ERNiFe-CI,286.73251826162857,,,,False
7,14,12,67.30189061890363,-0.125,12.0,ERNiFe-CI,280.55947546873296,,,,False
7,15,0,67.30189061890363,2.4375,-12.0,ERNiFe-CI,287.9189860000458,,,,False
7,15,1,67.30189061890363,2.4375,-10.0,ERNiFe-CI,294.5542220996952,,,,False
7,15,2,67.30189061890363,2.4375,-8.0,ERNiFe-CI,311.3743766178234,,,,False
7,15,3,67.30189061890363,2.4375,-6.0,ERNiFe-CI,344.76197970023725,,,,False
7,15,4,67.30189061890363,2.4375,-4.0,ERNiFe-CI,399.3478460922725,,,,False
7,15,5,67.30189061890363,2.4375,-2.0,ERNiFe-CI,475.4340584481232,,,,False
7,15,6,67.30189061890363,2.4375,0.0,ERNiFe-CI,540.7663549533405,,,,False
7,15,7,67.30189061890363,2.4375,2.0,ERNiFe-CI,475.4340584481232,,,,False
7,15,8,67.30189061890363,2.4375,4.0,ERNiFe-CI,399.3478460922725,,,,False
7,15,9,67.30189061890363,2.4375,6.0,ERNiFe-CI,344.76197970023725,,,,False
7,15,10,67.30189061890363,2.4375,8.0,ERNiFe-CI,311.3743766178234,,,,False
7,15,11,67.30189061890363,2.4375,10.0,ERNiFe-CI,294.5542220996952,,,,False
7,15,12,67.30189061890363,2.4375,12.0,ERNiFe-CI,287.9189860000458,,,,False
7,16,0,67.30189061890363,5.0,-12.0,Q235B,291.6521190715505,,,,False
7,16,1,67.30189061890363,5.0,-10.0,Q235B,297.7676406469235,,,,False
7,16,2,67.30189061890363,5.0,-8.0,Q235B,312.9371290075504,,,,False
7,16,3,67.30189061890363,5.0,-6.0,Q235B,339.77861876605937,,,,False
7,16,4,67.30189061890363,5.0,-4.0,Q235B,376.5506796040214,,,,False
7,16,5,67.30189061890363,5.0,-2.0,Q235B,414.7469612616647,,,,False
7,16,6,67.30189061890363,5.0,0.0,Q235B,434.98969389468505,,,,False
7,16,7,67.30189061890363,5.0,2.0,Q235B,414.7469612616647,,,,False
7,16,8,67.30189061890363,5.0,4.0,Q235B,376.5506796040214,,,,False
7,16,9,67.30189061890363,5.0,6.0,Q235B,339.77861876605937,,,,False
7,16,10,67.30189061890363,5.0,8.0,Q235B,312.9371290075504,,,,False
7,16,11,67.30189061890363,5.0,10.0,Q235B,297.7676406469235,,,,False
7,16,12,67.30189061890363,5.0,12.0,Q235B,291.6521190715505,,,,False
8,0,0,76.91644642160415,-36.0,-12.0,QT450-10,197.11906039695978,,,,False
8,0,1,76.91644642160415,-36.0,-10.0,QT450-10,197.25486039429018,,,,False
8,0,2,76.91644642160415,-36.0,-8.0,QT450-10,197.42005719077795,,,,False
8,0,3,76.91644642160415,-36.0,-6.0,QT450-10,197.57067356194457,,,,False
8,0,4,76.91644642160415,-36.0,-4.0,QT450-10,197.68696880228626,,,,False
8,0,5,76.91644642160415,-36.0,-2.0,QT450-10,197.75957529303045,,,,False
8,0,6,76.91644642160415,-36.0,0.0,QT450-10,197.78419574578018,,,,False
8,0,7,76.91644642160415,-36.0,2.0,QT450-10,197.75957529303045,,,,False
8,0,8,76.91644642160415,-36.0,4.0,QT450-10,197.68696880228626,,,,False
8,0,9,76.91644642160415,-36.0,6.0,QT450-10,197.57067356194457,,,,False
8,0,10,76.91644642160415,-36.0,8.0,QT450-10,197.42005719077795,,,,False
8,0,11,76.91644642160415,-36.0,10.0,QT450-10,197.25486039429018,,,,False
8,0,12,76.91644642160415,-36.0,12.0,QT450-10,197.11906039695978,,,,False
8,1,0,76.91644642160415,-33.4375,-12.0,QT450-10,197.72154366252036,,,,False
8,1,1,76.91644642160415,-33.4375,-10.0,QT450-10,198.03289688839885,,,,False
8,1,2,76.91644642160415,-33.4375,-8.0,QT450-10,198.2713552681052,,,,False
8,1,3,76.91644642160415,-33.4375,-6.0,QT450-10,198.45535176185368,,,,False
8,1,4,76.91644642160415,-33.4375,-4.0,QT450-10,198.5877768485378,,,,False
8,1,5,76.91644642160415,-33.4375,-2.0,QT450-10,198.667907328991,,,,False
8,1,6,76.91644642160415,-33.4375,0.0,QT450-10,198.69474701664987,,,,False
8,1,7,76.91644642160415,-33.4375,2.0,QT450-10,198.667907328991,,,,False
8,1,8,76.91644642160415,-33.4375,4.0,QT450-10,198.5877768485378,,,,False
8,1,9,76.91644642160415,-33.4375,6.0,QT450-10,198.45535176185368,,,,False
8,1,10,76.91644642160415,-33.4375,8.0,QT450-10,198.2713552681052,,,,False
8,1,11,76.91644642160415,-33.4375,10.0,QT450-10,198.03289688839885,,,,False
8,1,12,76.91644642160415,-33.4375,12.0,QT450-10,197.72154366252036,,,,False
8,2,0,76.91644642160415,-30.875,-12.0,QT450-10,198.65837557797948,,,,False
8,2,1,76.91644642160415,-30.875,-10.0,QT450-10,199.02126944443378,,,,False
8,2,2,76.91644642160415,-30.875,-8.0,QT450-10,199.30290463954972,,,,False
8,2,3,76.91644642160415,-30.875,-6.0,QT450-10,199.5156738337216,,,,False
8,2,4,76.91644642160415,-30.875,-4.0,QT450-10,199.66551609760415,,,,False
8,2,5,76.91644642160415,-30.875,-2.0,QT450-10,199.75486685244965,,,,False
8,2,6,76.91644642160415,-30.875,0.0,QT450-10,199.784584138185,,,,False
8,2,7,76.91644642160415,-30.875,2.0,QT450-10,199.75486685244965,,,,False
8,2,8,76.91644642160415,-30.875,4.0,QT450-10,199.66551609760415,,,,False
8,2,9,76.91644642160415,-30.875,6.0,QT450-10,199.5156738337216,,,,False
8,2,10,76.91644642160415,-30.875,8.0,QT450-10,199.30290463954972,,,,False
8,2,11,76.91644642160415,-30.875,10.0,QT450-10,199.02126944443378,,,,False
8,2,12,76.91644642160415,-30.875,12.0,QT450-10,198.65837557797948,,,,False
8,3,0,76.91644642160415,-28.3125,-12.0,QT450-10,199.88750563160423,,,,False
8,3,1,76.91644642160415,-28.3125,-10.0,QT450-10,200.2708873677596,,,,False
8,3,2,76.91644642160415,-28.3125,-8.0,QT450-10,200.57563496787503,,,,False
8,3,3,76.91644642160415,-28.3125,-6.0,QT450-10,200.80764414540016,,,,False
8,3,4,76.91644642160415,-28.3125,-4.0,QT450-10,200.97106178660422,,,,False
8,3,5,76.91644642160415,-28.3125,-2.0,QT450-10,201.0683187967376,,,,False
8,3,6,76.91644642160415,-28.3125,0.0,QT450-10,201.1006188449877,,,,False
8,3,7,76.91644642160415,-28.3125,2.0,QT450-10,201.0683187967376,,,,False
8,3,8,76.91644642160415,-28.3125,4.0,QT450-10,200.97106178660422,,,,False
8,3,9,76.91644642160415,-28.3125,6.0,QT450-10,200.80764414540016,,,,False
8,3,10,76.91644642160415,-28.3125,8.0,QT450-10,200.57563496787503,,,,False
8,3,11,76.91644642160415,-28.3125,10.0,QT450-10,200.2708873677596,,,,False
8,3,12,76.91644642160415,-28.3125,12.0,QT450-10,199.88750563160423,,,,False
8,4,0,76.91644642160415,-25.75,-12.0,QT450-10,201.45081457389634,,,,False
8,4,1,76.91644642160415,-25.75,-10.0,QT450-10,201.84591924397745,,,,False
8,4,2,76.91644642160415,-25.75,-8.0,QT450-10,202.16456548038678,,,,False
8,4,3,76.91644642160415,-25.75,-6.0,QT450-10,202.40936785982424,,,,False
8,4,4,76.91644642160415,-25.75,-4.0,QT450-10,202.5826297291615,,,,False
8,4,5,76.91644642160415,-25.75,-2.0,QT450-10,202.68597436005817,,,,False
8,4,6,76.91644642160415,-25.75,0.0,QT450-10,202.720324140465,,,,False
8,4,7,76.91644642160415,-25.75,2.0,QT450-10,202.68597436005817,,,,False
8,4,8,76.91644642160415,-25.75,4.0,QT450-10,202.5826297291615,,,,False
8,4,9,76.91644642160415,-25.75,6.0,QT450-10,202.40936785982424,,,,False
8,4,10,76.91644642160415,-25.75,8.0,QT450-10,202.16456548038678,,,,False
8,4,11,76.91644642160415,-25.75,10.0,QT450-10,201.84591924397745,,,,False
8,4,12,76.91644642160415,-25.75,12.0,QT450-10,201.45081457389634,,,,False
8,5,0,76.91644642160415,-23.1875,-12.0,QT450-10,203.46194450135692,,,,False
8,5,1,76.91644642160415,-23.1875,-10.0,QT450-10,203.86665642877549,,,,False
8,5,2,76.91644642160415,-23.1875,-8.0,QT450-10,204.19572634494273,,,,False
8,5,3,76.91644642160415,-23.1875,-6.0,QT450-10,204.45018448695149,,,,False
8,5,4,76.91644642160415,-23.1875,-4.0,QT450-10,204.6310934947547,,,,False
8,5,5,76.91644642160415,-23.1875,-2.0,QT450-10,204.73929368903433,,,,False
8,5,6,76.91644642160415,-23.1875,0.0,QT450-10,204.7753027922528,,,,False
8,5,7,76.91644642160415,-23.1875,2.0,QT450-10,204.73929368903433,,,,False
8,5,8,76.91644642160415,-23.1875,4.0,QT450-10,204.6310934947547,,,,False
8,5,9,76.91644642160415,-23.1875,6.0,QT450-10,204.45018448695149,,,,False
8,5,10,76.91644642160415,-23.1875,8.0,QT450-10,204.19572634494273,,,,False
8,5,11,76.91644642160415,-23.1875,10.0,QT450-10,203.86665642877549,,,,False
8,5,12,76.91644642160415,-23.1875,12.0,QT450-10,203.46194450135692,,,,False
8,6,0,76.91644642160415,-20.625,-12.0,QT450-10,206.14859622930788,,,,False
8,6,1,76.91644642160415,-20.625,-10.0,QT450-10,206.5638249075017,,,,False
8,6,2,76.91644642160415,-20.625,-8.0,QT450-10,206.90321817976664,,,,False
8,6,3,76.91644642160415,-20.625,-6.0,QT450-10,207.16689681999682,,,,False
8,6,4,76.91644642160415,-20.625,-4.0,QT450-10,207.35505513725101,,,,False
8,6,5,76.91644642160415,-20.625,-2.0,QT450-10,207.46787158790548,,,,False
8,6,6,76.91644642160415,-20.625,0.0,QT450-10,207.50546364784273,,,,False
8,6,7,76.91644642160415,-20.625,2.0,QT450-10,207.46787158790548,,,,False
8,6,8,76.91644642160415,-20.625,4.0,QT450-10,207.35505513725101,,,,False
8,6,9,76.91644642160415,-20.625,6.0,QT450-10,207.16689681999682,,,,False
8,6,10,76.91644642160415,-20.625,8.0,QT450-10,206.90321817976664,,,,False
8,6,11,76.91644642160415,-20.625,10.0,QT450-10,206.5638249075017,,,,False
8,6,12,76.91644642160415,-20.625,12.0,QT450-10,206.14859622930788,,,,False
8,7,0,76.91644642160415,-18.0625,-12.0,QT450-10,209.94699868029969,,,,False
8,7,1,76.91644642160415,-18.0625,-10.0,QT450-10,210.37695686370418,,,,False
8,7,2,76.91644642160415,-18.0625,-8.0,QT450-10,210.73068432151442,,,,False
8,7,3,76.91644642160415,-18.0625,-6.0,QT450-10,211.00722451464816,,,,False
8,7,4,76.91644642160415,-18.0625,-4.0,QT450-10,211.2056246176309,,,,False
8,7,5,76.91644642160415,-18.0625,-2.0,QT450-10,211.32503556771243,,,,False
8,7,6,76.91644642160415,-18.0625,0.0,QT450-10,211.36490875241137,,,,False
8,7,7,76.91644642160415,-18.0625,2.0,QT450-10,211.32503556771243,,,,False
8,7,8,76.91644642160415,-18.0625,4.0,QT450-10,211.2056246176309,,,,False
8,7,9,76.91644642160415,-18.0625,6.0,QT450-10,211.00722451464816,,,,False
8,7,10,76.91644642160415,-18.0625,8.0,QT450-10,210.73068432151442,,,,False
8,7,11,76.91644642160415,-18.0625,10.0,QT450-10,210.37695686370418,,,,False
8,7,12,76.91644642160415,-18.0625,12.0,QT450-10,209.94699868029969,,,,False
8,8,0,76.91644642160415,-15.5,-12.0,QT450-10,215.5206065363492,,,,False
8,8,1,76.91644642160415,-15.5,-10.0,QT450-10,215.98050110333898,,,,False
8,8,2,76.91644642160415,-15.5,-8.0,QT450-10,216.37006484574223,,,,False
8,8,3,76.91644642160415,-15.5,-6.0,QT450-10,216.68403224097597,,,,False
8,8,4,76.91644642160415,-15.5,-4.0,QT450-10,216.91575981340398,,,,False
8,8,5,76.91644642160415,-15.5,-2.0,QT450-10,217.05840155858414,,,,False
8,8,6,76.91644642160415,-15.5,0.0,QT450-10,217.10663108564572,,,,False
8,8,7,76.91644642160415,-15.5,2.0,QT450-10,217.05840155858414,,,,False
8,8,8,76.91644642160415,-15.5,4.0,QT450-10,216.91575981340398,,,,False
8,8,9,76.91644642160415,-15.5,6.0,QT450-10,216.68403224097597,,,,False
8,8,10,76.91644642160415,-15.5,8.0,QT450-10,216.37006484574223,,,,False
8,8,11,76.91644642160415,-15.5,10.0,QT450-10,215.98050110333898,,,,False
8,8,12,76.91644642160415,-15.5,12.0,QT450-10,215.5206065363492,,,,False
8,9,0,76.91644642160415,-12.9375,-12.0,QT450-10,223.36475128412442,,,,False
8,9,1,76.91644642160415,-12.9375,-10.0,QT450-10,223.91151923716532,,,,False
8,9,2,76.91644642160415,-12.9375,-8.0,QT450-10,224.43812523831232,,,,False
8,9,3,76.91644642160415,-12.9375,-6.0,QT450-10,224.9261436143938,,,,False
8,9,4,76.91644642160415,-12.9375,-4.0,QT450-10,225.34148404424803,,,,False
8,9,5,76.91644642160415,-12.9375,-2.0,QT450-10,225.63078282156147,,,,False
8,9,6,76.91644642160415,-12.9375,0.0,QT450-10,225.73610412727822,,,,False
8,9,7,76.91644642160415,-12.9375,2.0,QT450-10,225.63078282156147,,,,False
8,9,8,76.91644642160415,-12.9375,4.0,QT450-10,225.34148404424803,,,,False
8,9,9,76.91644642160415,-12.9375,6.0,QT450-10,224.9261436143938,,,,False
8,9,10,76.91644642160415,-12.9375,8.0,QT450-10,224.43812523831232,,,,False
8,9,11,76.91644642160415,-12.9375,10.0,QT450-10,223.91151923716532,,,,False
8,9,12,76.91644642160415,-12.9375,12.0,QT450-10,223.36475128412442,,,,False
8,10,0,76.91644642160415,-10.375,-12.0,QT450-10,233.43883371704194,,,,False
8,10,1,76.91644642160415,-10.375,-10.0,QT450-10,234.24987021467322,,,,False
8,10,2,76.91644642160415,-10.375,-8.0,QT450-10,235.29754357037103,,,,False
8,10,3,76.91644642160415,-10.375,-6.0,QT450-10,236.62914227647238,,,,False
8,10,4,76.91644642160415,-10.375,-4.0,QT450-10,238.15564502902606,,,,False
8,10,5,76.91644642160415,-10.375,-2.0,QT450-10,239.44326641597846,,,,False
8,10,6,76.91644642160415,-10.375,0.0,QT450-10,240.18078275928517,,,,False
8,10,7,76.91644642160415,-10.375,2.0,QT450-10,239.44326641597846,,,,False
8,10,8,76.91644642160415,-10.375,4.0,QT450-10,238.15564502902606,,,,False
8,10,9,76.91644642160415,-10.375,6.0,QT450-10,236.62914227647238,,,,False
8,10,10,76.91644642160415,-10.375,8.0,QT450-10,235.29754357037103,,,,False
8,10,11,76.91644642160415,-10.375,10.0,QT450-10,234.24987021467322,,,,False
8,10,12,76.91644642160415,-10.375,12.0,QT450-10,233.43883371704194,,,,False
8,11,0,76.91644642160415,-7.8125,-12.0,QT450-10,245.558662994345,,,,False
8,11,1,76.91644642160415,-7.8125,-10.0,QT450-10,246.91043938013144,,,,False
8,11,2,76.91644642160415,-7.8125,-8.0,QT450-10,249.09581181646618,,,,False
8,11,3,76.91644642160415,-7.8125,-6.0,QT450-10,253.14590325631335,,,,False
8,11,4,76.91644642160415,-7.8125,-4.0,QT450-10,263.23974800766086,,,,False
8,11,5,76.91644642160415,-7.8125,-2.0,QT450-10,273.047334140431,,,,False
8,11,6,76.91644642160415,-7.8125,0.0,QT450-10,277.4288689730786,,,,False
8,11,7,76.91644642160415,-7.8125,2.0,QT450-10,273.047334140431,,,,False
8,11,8,76.91644642160415,-7.8125,4.0,QT450-10,263.23974800766086,,,,False
8,11,9,76.91644642160415,-7.8125,6.0,QT450-10,253.14590325631335,,,,False
8,11,10,76.91644642160415,-7.8125,8.0,QT450-10,249.09581181646618,,,,False
8,11,11,76.91644642160415,-7.8125,10.0,QT450-10,246.91043938013144,,,,False
8,11,12,76.91644642160415,-7.8125,12.0,QT450-10,245.558662994345,,,,False
8,12,0,76.91644642160415,-5.25,-12.0,QT450-10,258.257890367546,,,,False
8,12,1,76.91644642160415,-5.25,-10.0,QT450-10,260.453349466851,,,,False
8,12,2,76.91644642160415,-5.25,-8.0,QT450-10,266.1532515101683,,,,False
8,12,3,76.91644642160415,-5.25,-6.0,QT450-10,282.05368679378313,,,,False
8,12,4,76.91644642160415,-5.25,-4.0,QT450-10,305.8669086063904,,,,False
8,12,5,76.91644642160415,-5.25,-2.0,QT450-10,331.92399263371425,,,,False
8,12,6,76.91644642160415,-5.25,0.0,QT450-10,346.28137466497424,,,,False
8,12,7,76.91644642160415,-5.25,2.0,QT450-10,331.92399263371425,,,,False
8,12,8,76.91644642160415,-5.25,4.0,QT450-10,305.8669086063903,,,,False
8,12,9,76.91644642160415,-5.25,6.0,QT450-10,282.05368679378313,,,,False
8,12,10,76.91644642160415,-5.25,8.0,QT450-10,266.1532515101683,,,,False
8,12,11,76.91644642160415,-5.25,10.0,QT450-10,260.453349466851,,,,False
8,12,12,76.91644642160415,-5.25,12.0,QT450-10,258.257890367546,,,,False
8,13,0,76.91644642160415,-2.6875,-12.0,ERNiFe-CI,270.0743543875252,,,,False
8,13,1,76.91644642160415,-2.6875,-10.0,ERNiFe-CI,273.88335136580065,,,,False
8,13,2,76.91644642160415,-2.6875,-8.0,ERNiFe-CI,287.0896295812489,,,,False
8,13,3,76.91644642160415,-2.6875,-6.0,ERNiFe-CI,316.02049160802767,,,,False
8,13,4,76.91644642160415,-2.6875,-4.0,ERNiFe-CI,365.2899318261912,,,,False
8,13,5,76.91644642160415,-2.6875,-2.0,ERNiFe-CI,434.89749898963436,,,,False
8,13,6,76.91644642160415,-2.6875,0.0,ERNiFe-CI,493.4287292074817,,,,False
8,13,7,76.91644642160415,-2.6875,2.0,ERNiFe-CI,434.89749898963436,,,,False
8,13,8,76.91644642160415,-2.6875,4.0,ERNiFe-CI,365.2899318261912,,,,False
8,13,9,76.91644642160415,-2.6875,6.0,ERNiFe-CI,316.02049160802767,,,,False
8,13,10,76.91644642160415,-2.6875,8.0,ERNiFe-CI,287.0896295812489,,,,False
8,13,11,76.91644642160415,-2.6875,10.0,ERNiFe-CI,273.88335136580065,,,,False
8,13,12,76.91644642160415,-2.6875,12.0,ERNiFe-CI,270.0743543875252,,,,False
8,14,0,76.91644642160415,-0.125,-12.0,ERNiFe-CI,280.149856209888,,,,False
8,14,1,76.91644642160415,-0.125,-10.0,ERNiFe-CI,286.2799086214943,,,,False
8,14,2,76.91644642160415,-0.125,-8.0,ERNiFe-CI,303.6533278717879,,,,False
8,14,3,76.91644642160415,-0.125,-6.0,ERNiFe-CI,343.75889158911525,,,,False
8,14,4,76.91644642160415,-0.125,-4.0,ERNiFe-CI,425.4288251086578,,,,False
8,14,5,76.91644642160415,-0.125,-2.0,ERNiFe-CI,596.1293172491895,,,,False
8,14,6,76.91644642160415,-0.125,0.0,ERNiFe-CI,852.5195345686022,55.22102522389627,57.57298927672045,2.3519640528241794,True
8,14,7,76.91644642160415,-0.125,2.0,ERNiFe-CI,596.1293172491894,,,,False
8,14,8,76.91644642160415,-0.125,4.0,ERNiFe-CI,425.4288251086578,,,,False
8,14,9,76.91644642160415,-0.125,6.0,ERNiFe-CI,343.75889158911525,,,,False
8,14,10,76.91644642160415,-0.125,8.0,ERNiFe-CI,303.6533278717879,,,,False
8,14,11,76.91644642160415,-0.125,10.0,ERNiFe-CI,286.2799086214943,,,,False
8,14,12,76.91644642160415,-0.125,12.0,ERNiFe-CI,280.149856209888,,,,False
8,15,0,76.91644642160415,2.4375,-12.0,ERNiFe-CI,287.49424182633226,,,,False
8,15,1,76.91644642160415,2.4375,-10.0,ERNiFe-CI,294.101724630104,,,,False
8,15,2,76.91644642160415,2.4375,-8.0,ERNiFe-CI,310.8958937850319,,,,False
8,15,3,76.91644642160415,2.4375,-6.0,ERNiFe-CI,344.2596056250346,,,,False
8,15,4,76.91644642160415,2.4375,-4.0,ERNiFe-CI,398.83171739395476,,,,False
8,15,5,76.91644642160415,2.4375,-2.0,ERNiFe-CI,474.90810123861985,,,,False
8,15,6,76.91644642160415,2.4375,0.0,ERNiFe-CI,540.2336605362835,,,,False
8,15,7,76.91644642160415,2.4375,2.0,ERNiFe-CI,474.90810123861985,,,,False
8,15,8,76.91644642160415,2.4375,4.0,ERNiFe-CI,398.83171739395476,,,,False
8,15,9,76.91644642160415,2.4375,6.0,ERNiFe-CI,344.2596056250346,,,,False
8,15,10,76.91644642160415,2.4375,8.0,ERNiFe-CI,310.8958937850319,,,,False
8,15,11,76.91644642160415,2.4375,10.0,ERNiFe-CI,294.101724630104,,,,False
8,15,12,76.91644642160415,2.4375,12.0,ERNiFe-CI,287.49424182633226,,,,False
8,16,0,76.91644642160415,5.0,-12.0,Q235B,291.22560461805546,,,,False
8,16,1,76.91644642160415,5.0,-10.0,Q235B,297.31933829767684,,,,False
8,16,2,76.91644642160415,5.0,-8.0,Q235B,312.46793648165885,,,,False
8,16,3,76.91644642160415,5.0,-6.0,Q235B,339.29026180656734,,,,False
8,16,4,76.91644642160415,5.0,-4.0,Q235B,376.0542996598137,,,,False
8,16,5,76.91644642160415,5.0,-2.0,Q235B,414.2430301953076,,,,False
8,16,6,76.91644642160415,5.0,0.0,Q235B,434.48956582468185,,,,False
8,16,7,76.91644642160415,5.0,2.0,Q235B,414.2430301953076,,,,False
8,16,8,76.91644642160415,5.0,4.0,Q235B,376.0542996598137,,,,False
8,16,9,76.91644642160415,5.0,6.0,Q235B,339.29026180656734,,,,False
8,16,10,76.91644642160415,5.0,8.0,Q235B,312.46793648165885,,,,False
8,16,11,76.91644642160415,5.0,10.0,Q235B,297.31933829767684,,,,False
8,16,12,76.91644642160415,5.0,12.0,Q235B,291.22560461805546,,,,False
9,0,0,86.53100222430467,-36.0,-12.0,QT450-10,197.39976872927465,,,,False
9,0,1,86.53100222430467,-36.0,-10.0,QT450-10,197.53585392235726,,,,False
9,0,2,86.53100222430467,-36.0,-8.0,QT450-10,197.70139619529633,,,,False
9,0,3,86.53100222430467,-36.0,-6.0,QT450-10,197.8523263656872,,,,False
9,0,4,86.53100222430467,-36.0,-4.0,QT450-10,197.9688631657031,,,,False
9,0,5,86.53100222430467,-36.0,-2.0,QT450-10,198.0416201514485,,,,False
9,0,6,86.53100222430467,-36.0,0.0,QT450-10,198.06629158135374,,,,False
9,0,7,86.53100222430467,-36.0,2.0,QT450-10,198.0416201514485,,,,False
9,0,8,86.53100222430467,-36.0,4.0,QT450-10,197.9688631657031,,,,False
9,0,9,86.53100222430467,-36.0,6.0,QT450-10,197.8523263656872,,,,False
9,0,10,86.53100222430467,-36.0,8.0,QT450-10,197.70139619529633,,,,False
9,0,11,86.53100222430467,-36.0,10.0,QT450-10,197.53585392235726,,,,False
9,0,12,86.53100222430467,-36.0,12.0,QT450-10,197.39976872927465,,,,False
9,1,0,86.53100222430467,-33.4375,-12.0,QT450-10,197.99403344975158,,,,False
9,1,1,86.53100222430467,-33.4375,-10.0,QT450-10,198.30603253027624,,,,False
9,1,2,86.53100222430467,-33.4375,-8.0,QT450-10,198.54497739989648,,,,False
9,1,3,86.53100222430467,-33.4375,-6.0,QT450-10,198.7293452810761,,,,False
9,1,4,86.53100222430467,-33.4375,-4.0,QT450-10,198.86203588188377,,,,False
9,1,5,86.53100222430467,-33.4375,-2.0,QT450-10,198.9423263893212,,,,False
9,1,6,86.53100222430467,-33.4375,0.0,QT450-10,198.96921957945992,,,,False
9,1,7,86.53100222430467,-33.4375,2.0,QT450-10,198.9423263893212,,,,False
9,1,8,86.53100222430467,-33.4375,4.0,QT450-10,198.86203588188377,,,,False
9,1,9,86.53100222430467,-33.4375,6.0,QT450-10,198.7293452810761,,,,False
9,1,10,86.53100222430467,-33.4375,8.0,QT450-10,198.54497739989648,,,,False
9,1,11,86.53100222430467,-33.4375,10.0,QT450-10,198.30603253027624,,,,False
9,1,12,86.53100222430467,-33.4375,12.0,QT450-10,197.99403344975158,,,,False
9,2,0,86.53100222430467,-30.875,-12.0,QT450-10,198.9129718270882,,,,False
9,2,1,86.53100222430467,-30.875,-10.0,QT450-10,199.2765689761691,,,,False
9,2,2,86.53100222430467,-30.875,-8.0,QT450-10,199.55874010733143,,,,False
9,2,3,86.53100222430467,-30.875,-6.0,QT450-10,199.77190827264772,,,,False
9,2,4,86.53100222430467,-30.875,-4.0,QT450-10,199.92202855066944,,,,False
9,2,5,86.53100222430467,-30.875,-2.0,QT450-10,200.0115439690277,,,,False
9,2,6,86.53100222430467,-30.875,0.0,QT450-10,200.0413158408965,,,,False
9,2,7,86.53100222430467,-30.875,2.0,QT450-10,200.0115439690277,,,,False
9,2,8,86.53100222430467,-30.875,4.0,QT450-10,199.92202855066944,,,,False
9,2,9,86.53100222430467,-30.875,6.0,QT450-10,199.77190827264772,,,,False
9,2,10,86.53100222430467,-30.875,8.0,QT450-10,199.55874010733143,,,,False
9,2,11,86.53100222430467,-30.875,10.0,QT450-10,199.2765689761691,,,,False
9,2,12,86.53100222430467,-30.875,12.0,QT450-10,198.9129718270882,,,,False
9,3,0,86.53100222430467,-28.3125,-12.0,QT450-10,200.112531755352,,,,False
9,3,1,86.53100222430467,-28.3125,-10.0,QT450-10,200.4965704117024,,,,False
9,3,2,86.53100222430467,-28.3125,-8.0,QT450-10,200.80182870273666,,,,False
9,3,3,86.53100222430467,-28.3125,-6.0,QT450-10,201.0342191642604,,,,False
9,3,4,86.53100222430467,-28.3125,-4.0,QT450-10,201.1979013098702,,,,False
9,3,5,86.53100222430467,-28.3125,-2.0,QT450-10,201.2953141264104,,,,False
9,3,6,86.53100222430467,-28.3125,0.0,QT450-10,201.32766565311303,,,,False
9,3,7,86.53100222430467,-28.3125,2.0,QT450-10,201.2953141264104,,,,False
9,3,8,86.53100222430467,-28.3125,4.0,QT450-10,201.1979013098702,,,,False
9,3,9,86.53100222430467,-28.3125,6.0,QT450-10,201.0342191642604,,,,False
9,3,10,86.53100222430467,-28.3125,8.0,QT450-10,200.80182870273666,,,,False
9,3,11,86.53100222430467,-28.3125,10.0,QT450-10,200.4965704117024,,,,False
9,3,12,86.53100222430467,-28.3125,12.0,QT450-10,200.112531755352,,,,False
9,4,0,86.53100222430467,-25.75,-12.0,QT450-10,201.6312670669981,,,,False
9,4,1,86.53100222430467,-25.75,-10.0,QT450-10,202.02691045739846,,,,False
9,4,2,86.53100222430467,-25.75,-8.0,QT450-10,202.34597771074124,,,,False
9,4,3,86.53100222430467,-25.75,-6.0,QT450-10,202.59109445564408,,,,False
9,4,4,86.53100222430467,-25.75,-4.0,QT450-10,202.76457369171865,,,,False
9,4,5,86.53100222430467,-25.75,-2.0,QT450-10,202.86804544146227,,,,False
9,4,6,86.53100222430467,-25.75,0.0,QT450-10,202.90243700801832,,,,False
9,4,7,86.53100222430467,-25.75,2.0,QT450-10,202.86804544146227,,,,False
9,4,8,86.53100222430467,-25.75,4.0,QT450-10,202.76457369171865,,,,False
9,4,9,86.53100222430467,-25.75,6.0,QT450-10,202.59109445564408,,,,False
9,4,10,86.53100222430467,-25.75,8.0,QT450-10,202.34597771074124,,,,False
9,4,11,86.53100222430467,-25.75,10.0,QT450-10,202.02691045739846,,,,False
9,4,12,86.53100222430467,-25.75,12.0,QT450-10,201.6312670669981,,,,False
9,5,0,86.53100222430467,-23.1875,-12.0,QT450-10,203.57720678192445,,,,False
9,5,1,86.53100222430467,-23.1875,-10.0,QT450-10,203.98225845791094,,,,False
9,5,2,86.53100222430467,-23.1875,-8.0,QT450-10,204.3115863362515,,,,False
9,5,3,86.53100222430467,-23.1875,-6.0,QT450-10,204.56623084114977,,,,False
9,5,4,86.53100222430467,-23.1875,-4.0,QT450-10,204.74726518181922,,,,False
9,5,5,86.53100222430467,-23.1875,-2.0,QT450-10,204.85553764132322,,,,False
9,5,6,86.53100222430467,-23.1875,0.0,QT450-10,204.8915702466095,,,,False
9,5,7,86.53100222430467,-23.1875,2.0,QT450-10,204.85553764132322,,,,False
9,5,8,86.53100222430467,-23.1875,4.0,QT450-10,204.74726518181922,,,,False
9,5,9,86.53100222430467,-23.1875,6.0,QT450-10,204.56623084114977,,,,False
9,5,10,86.53100222430467,-23.1875,8.0,QT450-10,204.3115863362515,,,,False
9,5,11,86.53100222430467,-23.1875,10.0,QT450-10,203.98225845791094,,,,False
9,5,12,86.53100222430467,-23.1875,12.0,QT450-10,203.57720678192445,,,,False
9,6,0,86.53100222430467,-20.625,-12.0,QT450-10,206.16937978937236,,,,False
9,6,1,86.53100222430467,-20.625,-10.0,QT450-10,206.58462820419507,,,,False
9,6,2,86.53100222430467,-20.625,-8.0,QT450-10,206.92399683922636,,,,False
9,6,3,86.53100222430467,-20.625,-6.0,QT450-10,207.18762569475882,,,,False
9,6,4,86.53100222430467,-20.625,-4.0,QT450-10,207.37572964804903,,,,False
9,6,5,86.53100222430467,-20.625,-2.0,QT450-10,207.4885052271267,,,,False
9,6,6,86.53100222430467,-20.625,0.0,QT450-10,207.5260822113294,,,,False
9,6,7,86.53100222430467,-20.625,2.0,QT450-10,207.4885052271267,,,,False
9,6,8,86.53100222430467,-20.625,4.0,QT450-10,207.37572964804903,,,,False
9,6,9,86.53100222430467,-20.625,6.0,QT450-10,207.18762569475882,,,,False
9,6,10,86.53100222430467,-20.625,8.0,QT450-10,206.92399683922636,,,,False
9,6,11,86.53100222430467,-20.625,10.0,QT450-10,206.58462820419507,,,,False
9,6,12,86.53100222430467,-20.625,12.0,QT450-10,206.16937978937236,,,,False
9,7,0,86.53100222430467,-18.0625,-12.0,QT450-10,209.83720137583637,,,,False
9,7,1,86.53100222430467,-18.0625,-10.0,QT450-10,210.2665846724467,,,,False
9,7,2,86.53100222430467,-18.0625,-8.0,QT450-10,210.61963521348906,,,,False
9,7,3,86.53100222430467,-18.0625,-6.0,QT450-10,210.89548947885802,,,,False
9,7,4,86.53100222430467,-18.0625,-4.0,QT450-10,211.09328837840343,,,,False
9,7,5,86.53100222430467,-18.0625,-2.0,QT450-10,211.21229331776763,,,,False
9,7,6,86.53100222430467,-18.0625,0.0,QT450-10,211.2520175130266,,,,False
9,7,7,86.53100222430467,-18.0625,2.0,QT450-10,211.21229331776763,,,,False
9,7,8,86.53100222430467,-18.0625,4.0,QT450-10,211.09328837840343,,,,False
9,7,9,86.53100222430467,-18.0625,6.0,QT450-10,210.89548947885802,,,,False
9,7,10,86.53100222430467,-18.0625,8.0,QT450-10,210.61963521348906,,,,False
9,7,11,86.53100222430467,-18.0625,10.0,QT450-10,210.2665846724467,,,,False
9,7,12,86.53100222430467,-18.0625,12.0,QT450-10,209.83720137583637,,,,False
9,8,0,86.53100222430467,-15.5,-12.0,QT450-10,215.26576999577279,,,,False
9,8,1,86.53100222430467,-15.5,-10.0,QT450-10,215.72359851725062,,,,False
9,8,2,86.53100222430467,-15.5,-8.0,QT450-10,216.1102380263012,,,,False
9,8,3,86.53100222430467,-15.5,-6.0,QT450-10,216.42083276386668,,,,False
9,8,4,86.53100222430467,-15.5,-4.0,QT450-10,216.64937273480083,,,,False
9,8,5,86.53100222430467,-15.5,-2.0,QT450-10,216.78969904156978,,,,False
9,8,6,86.53100222430467,-15.5,0.0,QT450-10,216.8370765927085,,,,False
9,8,7,86.53100222430467,-15.5,2.0,QT450-10,216.78969904156978,,,,False
9,8,8,86.53100222430467,-15.5,4.0,QT450-10,216.64937273480083,,,,False
9,8,9,86.53100222430467,-15.5,6.0,QT450-10,216.42083276386668,,,,False
9,8,10,86.53100222430467,-15.5,8.0,QT450-10,216.1102380263012,,,,False
9,8,11,86.53100222430467,-15.5,10.0,QT450-10,215.72359851725062,,,,False
9,8,12,86.53100222430467,-15.5,12.0,QT450-10,215.26576999577279,,,,False
9,9,0,86.53100222430467,-12.9375,-12.0,QT450-10,222.99453785415784,,,,False
9,9,1,86.53100222430467,-12.9375,-10.0,QT450-10,223.53648418694704,,,,False
9,9,2,86.53100222430467,-12.9375,-8.0,QT450-10,224.05515184940202,,,,False
9,9,3,86.53100222430467,-12.9375,-6.0,QT450-10,224.5328494167101,,,,False
9,9,4,86.53100222430467,-12.9375,-4.0,QT450-10,224.9372447714336,,,,False
9,9,5,86.53100222430467,-12.9375,-2.0,QT450-10,225.2178296658023,,,,False
9,9,6,86.53100222430467,-12.9375,0.0,QT450-10,225.3197505508325,,,,False
9,9,7,86.53100222430467,-12.9375,2.0,QT450-10,225.2178296658023,,,,False
9,9,8,86.53100222430467,-12.9375,4.0,QT450-10,224.9372447714336,,,,False
9,9,9,86.53100222430467,-12.9375,6.0,QT450-10,224.5328494167101,,,,False
9,9,10,86.53100222430467,-12.9375,8.0,QT450-10,224.05515184940202,,,,False
9,9,11,86.53100222430467,-12.9375,10.0,QT450-10,223.53648418694704,,,,False
9,9,12,86.53100222430467,-12.9375,12.0,QT450-10,222.99453785415784,,,,False
9,10,0,86.53100222430467,-10.375,-12.0,QT450-10,232.98153788959138,,,,False
9,10,1,86.53100222430467,-10.375,-10.0,QT450-10,233.78194247325231,,,,False
9,10,2,86.53100222430467,-10.375,-8.0,QT450-10,234.81065856841334,,,,False
9,10,3,86.53100222430467,-10.375,-6.0,QT450-10,236.11806098679472,,,,False
9,10,4,86.53100222430467,-10.375,-4.0,QT450-10,237.62303945013227,,,,False
9,10,5,86.53100222430467,-10.375,-2.0,QT450-10,238.89709413828618,,,,False
9,10,6,86.53100222430467,-10.375,0.0,QT450-10,239.54109507279324,,,,False
9,10,7,86.53100222430467,-10.375,2.0,QT450-10,238.89709413828618,,,,False
9,10,8,86.53100222430467,-10.375,4.0,QT450-10,237.62303945013227,,,,False
9,10,9,86.53100222430467,-10.375,6.0,QT450-10,236.11806098679472,,,,False
9,10,10,86.53100222430467,-10.375,8.0,QT450-10,234.81065856841334,,,,False
9,10,11,86.53100222430467,-10.375,10.0,QT450-10,233.78194247325231,,,,False
9,10,12,86.53100222430467,-10.375,12.0,QT450-10,232.98153788959138,,,,False
9,11,0,86.53100222430467,-7.8125,-12.0,QT450-10,245.05095416106494,,,,False
9,11,1,86.53100222430467,-7.8125,-10.0,QT450-10,246.391389704931,,,,False
9,11,2,86.53100222430467,-7.8125,-8.0,QT450-10,248.55667004212097,,,,False
9,11,3,86.53100222430467,-7.8125,-6.0,QT450-10,252.5087394114098,,,,False
9,11,4,86.53100222430467,-7.8125,-4.0,QT450-10,262.5899674057632,,,,False
9,11,5,86.53100222430467,-7.8125,-2.0,QT450-10,272.38993495269,,,,False
9,11,6,86.53100222430467,-7.8125,0.0,QT450-10,276.76957671449617,,,,False
9,11,7,86.53100222430467,-7.8125,2.0,QT450-10,272.38993495269,,,,False
9,11,8,86.53100222430467,-7.8125,4.0,QT450-10,262.5899674057632,,,,False
9,11,9,86.53100222430467,-7.8125,6.0,QT450-10,252.5087394114098,,,,False
9,11,10,86.53100222430467,-7.8125,8.0,QT450-10,248.55667004212097,,,,False
9,11,11,86.53100222430467,-7.8125,10.0,QT450-10,246.391389704931,,,,False
9,11,12,86.53100222430467,-7.8125,12.0,QT450-10,245.05095416106494,,,,False
9,12,0,86.53100222430467,-5.25,-12.0,QT450-10,257.7216131566765,,,,False
9,12,1,86.53100222430467,-5.25,-10.0,QT450-10,259.90211545302253,,,,False
9,12,2,86.53100222430467,-5.25,-8.0,QT450-10,265.51640249801693,,,,False
9,12,3,86.53100222430467,-5.25,-6.0,QT450-10,281.40098455113946,,,,False
9,12,4,86.53100222430467,-5.25,-4.0,QT450-10,305.2018890061098,,,,False
9,12,5,86.53100222430467,-5.25,-2.0,QT450-10,331.2513767744603,,,,False
9,12,6,86.53100222430467,-5.25,0.0,QT450-10,345.6062110182646,,,,False
9,12,7,86.53100222430467,-5.25,2.0,QT450-10,331.2513767744603,,,,False
9,12,8,86.53100222430467,-5.25,4.0,QT450-10,305.2018890061098,,,,False
9,12,9,86.53100222430467,-5.25,6.0,QT450-10,281.40098455113946,,,,False
9,12,10,86.53100222430467,-5.25,8.0,QT450-10,265.51640249801693,,,,False
9,12,11,86.53100222430467,-5.25,10.0,QT450-10,259.90211545302253,,,,False
9,12,12,86.53100222430467,-5.25,12.0,QT450-10,257.7216131566765,,,,False
9,13,0,86.53100222430467,-2.6875,-12.0,ERNiFe-CI,269.5156594708208,,,,False
9,13,1,86.53100222430467,-2.6875,-10.0,ERNiFe-CI,273.26450689140734,,,,False
9,13,2,86.53100222430467,-2.6875,-8.0,ERNiFe-CI,286.44244523066953,,,,False
9,13,3,86.53100222430467,-2.6875,-6.0,ERNiFe-CI,315.3555935823325,,,,False
9,13,4,86.53100222430467,-2.6875,-4.0,ERNiFe-CI,364.6125226842522,,,,False
9,13,5,86.53100222430467,-2.6875,-2.0,ERNiFe-CI,434.2123964140821,,,,False
9,13,6,86.53100222430467,-2.6875,0.0,ERNiFe-CI,492.7464989357337,,,,False
9,13,7,86.53100222430467,-2.6875,2.0,ERNiFe-CI,434.2123964140821,,,,False
9,13,8,86.53100222430467,-2.6875,4.0,ERNiFe-CI,364.6125226842522,,,,False
9,13,9,86.53100222430467,-2.6875,6.0,ERNiFe-CI,315.3555935823325,,,,False
9,13,10,86.53100222430467,-2.6875,8.0,ERNiFe-CI,286.44244523066953,,,,False
9,13,11,86.53100222430467,-2.6875,10.0,ERNiFe-CI,273.26450689140734,,,,False
9,13,12,86.53100222430467,-2.6875,12.0,ERNiFe-CI,269.5156594708208,,,,False
9,14,0,86.53100222430467,-0.125,-12.0,ERNiFe-CI,279.55127918280255,,,,False
9,14,1,86.53100222430467,-0.125,-10.0,ERNiFe-CI,285.6504089098856,,,,False
9,14,2,86.53100222430467,-0.125,-8.0,ERNiFe-CI,303.00208037304327,,,,False
9,14,3,86.53100222430467,-0.125,-6.0,ERNiFe-CI,343.09232668728197,,,,False
9,14,4,86.53100222430467,-0.125,-4.0,ERNiFe-CI,424.74844362074913,,,,False
9,14,5,86.53100222430467,-0.125,-2.0,ERNiFe-CI,595.4444859761325,,,,False
9,14,6,86.53100222430467,-0.125,0.0,ERNiFe-CI,851.8316314496025,61.623788672895756,63.97554086975777,2.351752196862016,True
9,14,7,86.53100222430467,-0.125,2.0,ERNiFe-CI,595.4444859761325,,,,False
9,14,8,86.53100222430467,-0.125,4.0,ERNiFe-CI,424.74844362074913,,,,False
9,14,9,86.53100222430467,-0.125,6.0,ERNiFe-CI,343.09232668728197,,,,False
9,14,10,86.53100222430467,-0.125,8.0,ERNiFe-CI,303.00208037304327,,,,False
9,14,11,86.53100222430467,-0.125,10.0,ERNiFe-CI,285.6504089098856,,,,False
9,14,12,86.53100222430467,-0.125,12.0,ERNiFe-CI,279.55127918280255,,,,False
9,15,0,86.53100222430467,2.4375,-12.0,ERNiFe-CI,286.8850507633591,,,,False
9,15,1,86.53100222430467,2.4375,-10.0,ERNiFe-CI,293.4729384745526,,,,False
9,15,2,86.53100222430467,2.4375,-8.0,ERNiFe-CI,310.2519914023981,,,,False
9,15,3,86.53100222430467,2.4375,-6.0,ERNiFe-CI,343.60386312733317,,,,False
9,15,4,86.53100222430467,2.4375,-4.0,ERNiFe-CI,398.17017148872236,,,,False
9,15,5,86.53100222430467,2.4375,-2.0,ERNiFe-CI,474.2353199446767,,,,False
9,15,6,86.53100222430467,2.4375,0.0,ERNiFe-CI,539.5636766815878,,,,False
9,15,7,86.53100222430467,2.4375,2.0,ERNiFe-CI,474.2353199446767,,,,False
9,15,8,86.53100222430467,2.4375,4.0,ERNiFe-CI,398.17017148872236,,,,False
9,15,9,86.53100222430467,2.4375,6.0,ERNiFe-CI,343.60386312733317,,,,False
9,15,10,86.53100222430467,2.4375,8.0,ERNiFe-CI,310.2519914023981,,,,False
9,15,11,86.53100222430467,2.4375,10.0,ERNiFe-CI,293.4729384745526,,,,False
9,15,12,86.53100222430467,2.4375,12.0,ERNiFe-CI,286.8850507633591,,,,False
9,16,0,86.53100222430467,5.0,-12.0,Q235B,290.61534653975013,,,,False
9,16,1,86.53100222430467,5.0,-10.0,Q235B,296.69503425605143,,,,False
9,16,2,86.53100222430467,5.0,-8.0,Q235B,311.83171215681426,,,,False
9,16,3,86.53100222430467,5.0,-6.0,Q235B,338.6450299911007,,,,False
9,16,4,86.53100222430467,5.0,-4.0,Q235B,375.4040346923408,,,,False
9,16,5,86.53100222430467,5.0,-2.0,Q235B,413.5950323174878,,,,False
9,16,6,86.53100222430467,5.0,0.0,Q235B,433.84128704409835,,,,False
9,16,7,86.53100222430467,5.0,2.0,Q235B,413.5950323174878,,,,False
9,16,8,86.53100222430467,5.0,4.0,Q235B,375.4040346923409,,,,False
9,16,9,86.53100222430467,5.0,6.0,Q235B,338.6450299911007,,,,False
9,16,10,86.53100222430467,5.0,8.0,Q235B,311.83171215681426,,,,False
9,16,11,86.53100222430467,5.0,10.0,Q235B,296.69503425605143,,,,False
9,16,12,86.53100222430467,5.0,12.0,Q235B,290.6153465397502,,,,False
10,0,0,96.1455580270052,-36.0,-12.0,QT450-10,197.38714101089758,,,,False
10,0,1,96.1455580270052,-36.0,-10.0,QT450-10,197.5232011284489,,,,False
10,0,2,96.1455580270052,-36.0,-8.0,QT450-10,197.6887113704308,,,,False
10,0,3,96.1455580270052,-36.0,-6.0,QT450-10,197.83961109068127,,,,False
10,0,4,96.1455580270052,-36.0,-4.0,QT450-10,197.95612360802664,,,,False
10,0,5,96.1455580270052,-36.0,-2.0,QT450-10,198.0288650996197,,,,False
10,0,6,96.1455580270052,-36.0,0.0,QT450-10,198.05353121761678,,,,False
10,0,7,96.1455580270052,-36.0,2.0,QT450-10,198.0288650996197,,,,False
10,0,8,96.1455580270052,-36.0,4.0,QT450-10,197.95612360802664,,,,False
10,0,9,96.1455580270052,-36.0,6.0,QT450-10,197.83961109068127,,,,False
10,0,10,96.1455580270052,-36.0,8.0,QT450-10,197.6887113704308,,,,False
10,0,11,96.1455580270052,-36.0,10.0,QT450-10,197.5232011284489,,,,False
10,0,12,96.1455580270052,-36.0,12.0,QT450-10,197.38714101089758,,,,False
10,1,0,96.1455580270052,-33.4375,-12.0,QT450-10,197.97349078198653,,,,False
10,1,1,96.1455580270052,-33.4375,-10.0,QT450-10,198.28542636043335,,,,False
10,1,2,96.1455580270052,-33.4375,-8.0,QT450-10,198.5243146672039,,,,False
10,1,3,96.1455580270052,-33.4375,-6.0,QT450-10,198.7086349863406,,,,False
10,1,4,96.1455580270052,-33.4375,-4.0,QT450-10,198.84128960487638,,,,False
10,1,5,96.1455580270052,-33.4375,-2.0,QT450-10,198.92155771239908,,,,False
10,1,6,96.1455580270052,-33.4375,0.0,QT450-10,198.94844329945946,,,,False
10,1,7,96.1455580270052,-33.4375,2.0,QT450-10,198.92155771239908,,,,False
10,1,8,96.1455580270052,-33.4375,4.0,QT450-10,198.84128960487638,,,,False
10,1,9,96.1455580270052,-33.4375,6.0,QT450-10,198.7086349863406,,,,False
10,1,10,96.1455580270052,-33.4375,8.0,QT450-10,198.5243146672039,,,,False
10,1,11,96.1455580270052,-33.4375,10.0,QT450-10,198.28542636043335,,,,False
10,1,12,96.1455580270052,-33.4375,12.0,QT450-10,197.97349078198653,,,,False
10,2,0,96.1455580270052,-30.875,-12.0,QT450-10,198.87598772893537,,,,False
10,2,1,96.1455580270052,-30.875,-10.0,QT450-10,199.2394673400445,,,,False
10,2,2,96.1455580270052,-30.875,-8.0,QT450-10,199.5215379112137,,,,False
10,2,3,96.1455580270052,-30.875,-6.0,QT450-10,199.7346246811465,,,,False
10,2,4,96.1455580270052,-30.875,-4.0,QT450-10,199.8846849702458,,,,False
10,2,5,96.1455580270052,-30.875,-2.0,QT450-10,199.97416362438992,,,,False
10,2,6,96.1455580270052,-30.875,0.0,QT450-10,200.00392311080802,,,,False
10,2,7,96.1455580270052,-30.875,2.0,QT450-10,199.97416362438992,,,,False
10,2,8,96.1455580270052,-30.875,4.0,QT450-10,199.8846849702458,,,,False
10,2,9,96.1455580270052,-30.875,6.0,QT450-10,199.7346246811465,,,,False
10,2,10,96.1455580270052,-30.875,8.0,QT450-10,199.5215379112137,,,,False
10,2,11,96.1455580270052,-30.875,10.0,QT450-10,199.2394673400445,,,,False
10,2,12,96.1455580270052,-30.875,12.0,QT450-10,198.87598772893537,,,,False
10,3,0,96.1455580270052,-28.3125,-12.0,QT450-10,200.0491701125737,,,,False
10,3,1,96.1455580270052,-28.3125,-10.0,QT450-10,200.43300657380212,,,,False
10,3,2,96.1455580270052,-28.3125,-8.0,QT450-10,200.73809472803993,,,,False
10,3,3,96.1455580270052,-28.3125,-6.0,QT450-10,200.97034944838254,,,,False
10,3,4,96.1455580270052,-28.3125,-4.0,QT450-10,201.13393263071504,,,,False
10,3,5,96.1455580270052,-28.3125,-2.0,QT450-10,201.23128522180636,,,,False
10,3,6,96.1455580270052,-28.3125,0.0,QT450-10,201.26361652790527,,,,False
10,3,7,96.1455580270052,-28.3125,2.0,QT450-10,201.23128522180636,,,,False
10,3,8,96.1455580270052,-28.3125,4.0,QT450-10,201.13393263071504,,,,False
10,3,9,96.1455580270052,-28.3125,6.0,QT450-10,200.97034944838254,,,,False
10,3,10,96.1455580270052,-28.3125,8.0,QT450-10,200.73809472803993,,,,False
10,3,11,96.1455580270052,-28.3125,10.0,QT450-10,200.43300657380212,,,,False
10,3,12,96.1455580270052,-28.3125,12.0,QT450-10,200.0491701125737,,,,False
10,4,0,96.1455580270052,-25.75,-12.0,QT450-10,201.5290869132056,,,,False
10,4,1,96.1455580270052,-25.75,-10.0,QT450-10,201.92440298693242,,,,False
10,4,2,96.1455580270052,-25.75,-8.0,QT450-10,202.2431957735356,,,,False
10,4,3,96.1455580270052,-25.75,-6.0,QT450-10,202.48809423969468,,,,False
10,4,4,96.1455580270052,-25.75,-4.0,QT450-10,202.66141472941487,,,,False
10,4,5,96.1455580270052,-25.75,-2.0,QT450-10,202.76479014830147,,,,False
10,4,6,96.1455580270052,-25.75,0.0,QT450-10,202.79914957752317,,,,False
10,4,7,96.1455580270052,-25.75,2.0,QT450-10,202.76479014830147,,,,False
10,4,8,96.1455580270052,-25.75,4.0,QT450-10,202.66141472941487,,,,False
10,4,9,96.1455580270052,-25.75,6.0,QT450-10,202.48809423969468,,,,False
10,4,10,96.1455580270052,-25.75,8.0,QT450-10,202.2431957735356,,,,False
10,4,11,96.1455580270052,-25.75,10.0,QT450-10,201.92440298693242,,,,False
10,4,12,96.1455580270052,-25.75,12.0,QT450-10,201.5290869132056,,,,False
10,5,0,96.1455580270052,-23.1875,-12.0,QT450-10,203.41956467631712,,,,False
10,5,1,96.1455580270052,-23.1875,-10.0,QT450-10,203.82410601156698,,,,False
10,5,2,96.1455580270052,-23.1875,-8.0,QT450-10,204.15300531034998,,,,False
10,5,3,96.1455580270052,-23.1875,-6.0,QT450-10,204.40730972832563,,,,False
10,5,4,96.1455580270052,-23.1875,-4.0,QT450-10,204.58809622525777,,,,False
10,5,5,96.1455580270052,-23.1875,-2.0,QT450-10,204.69621744650615,,,,False
10,5,6,96.1455580270052,-23.1875,0.0,QT450-10,204.73219928208368,,,,False
10,5,7,96.1455580270052,-23.1875,2.0,QT450-10,204.69621744650615,,,,False
10,5,8,96.1455580270052,-23.1875,4.0,QT450-10,204.58809622525777,,,,False
10,5,9,96.1455580270052,-23.1875,6.0,QT450-10,204.40730972832563,,,,False
10,5,10,96.1455580270052,-23.1875,8.0,QT450-10,204.15300531034998,,,,False
10,5,11,96.1455580270052,-23.1875,10.0,QT450-10,203.82410601156698,,,,False
10,5,12,96.1455580270052,-23.1875,12.0,QT450-10,203.41956467631712,,,,False
10,6,0,96.1455580270052,-20.625,-12.0,QT450-10,205.933236085911,,,,False
10,6,1,96.1455580270052,-20.625,-10.0,QT450-10,206.3476979653371,,,,False
10,6,2,96.1455580270052,-20.625,-8.0,QT450-10,206.68639395054575,,,,False
10,6,3,96.1455580270052,-20.625,-6.0,QT450-10,206.94947792199824,,,,False
10,6,4,96.1455580270052,-20.625,-4.0,QT450-10,207.13718007077892,,,,False
10,6,5,96.1455580270052,-20.625,-2.0,QT450-10,207.24971044575156,,,,False
10,6,6,96.1455580270052,-20.625,0.0,QT450-10,207.2872047230842,,,,False
10,6,7,96.1455580270052,-20.625,2.0,QT450-10,207.24971044575156,,,,False
10,6,8,96.1455580270052,-20.625,4.0,QT450-10,207.13718007077892,,,,False
10,6,9,96.1455580270052,-20.625,6.0,QT450-10,206.94947792199824,,,,False
10,6,10,96.1455580270052,-20.625,8.0,QT450-10,206.68639395054575,,,,False
10,6,11,96.1455580270052,-20.625,10.0,QT450-10,206.3476979653371,,,,False
10,6,12,96.1455580270052,-20.625,12.0,QT450-10,205.933236085911,,,,False
10,7,0,96.1455580270052,-18.0625,-12.0,QT450-10,209.49485399873123,,,,False
10,7,1,96.1455580270052,-18.0625,-10.0,QT450-10,209.92297129426782,,,,False
10,7,2,96.1455580270052,-18.0625,-8.0,QT450-10,210.27484616230907,,,,False
10,7,3,96.1455580270052,-18.0625,-6.0,QT450-10,210.54966630673502,,,,False
10,7,4,96.1455580270052,-18.0625,-4.0,QT450-10,210.74665560229036,,,,False
10,7,5,96.1455580270052,-18.0625,-2.0,QT450-10,210.86514004047766,,,,False
10,7,6,96.1455580270052,-18.0625,0.0,QT450-10,210.90468495642025,,,,False
10,7,7,96.1455580270052,-18.0625,2.0,QT450-10,210.86514004047766,,,,False
10,7,8,96.1455580270052,-18.0625,4.0,QT450-10,210.74665560229036,,,,False
10,7,9,96.1455580270052,-18.0625,6.0,QT450-10,210.54966630673502,,,,False
10,7,10,96.1455580270052,-18.0625,8.0,QT450-10,210.27484616230907,,,,False
10,7,11,96.1455580270052,-18.0625,10.0,QT450-10,209.92297129426782,,,,False
10,7,12,96.1455580270052,-18.0625,12.0,QT450-10,209.49485399873123,,,,False
10,8,0,96.1455580270052,-15.5,-12.0,QT450-10,214.80750978836633,,,,False
10,8,1,96.1455580270052,-15.5,-10.0,QT450-10,215.26293307515274,,,,False
10,8,2,96.1455580270052,-15.5,-8.0,QT450-10,215.6467319015604,,,,False
10,8,3,96.1455580270052,-15.5,-6.0,QT450-10,215.95433603557962,,,,False
10,8,4,96.1455580270052,-15.5,-4.0,QT450-10,216.18018116354978,,,,False
10,8,5,96.1455580270052,-15.5,-2.0,QT450-10,216.31860150174657,,,,False
10,8,6,96.1455580270052,-15.5,0.0,QT450-10,216.36529137622313,,,,False
10,8,7,96.1455580270052,-15.5,2.0,QT450-10,216.31860150174657,,,,False
10,8,8,96.1455580270052,-15.5,4.0,QT450-10,216.18018116354978,,,,False
10,8,9,96.1455580270052,-15.5,6.0,QT450-10,215.95433603557962,,,,False
10,8,10,96.1455580270052,-15.5,8.0,QT450-10,215.6467319015604,,,,False
10,8,11,96.1455580270052,-15.5,10.0,QT450-10,215.26293307515274,,,,False
10,8,12,96.1455580270052,-15.5,12.0,QT450-10,214.80750978836633,,,,False
10,9,0,96.1455580270052,-12.9375,-12.0,QT450-10,222.44692905296367,,,,False
10,9,1,96.1455580270052,-12.9375,-10.0,QT450-10,222.98446909838944,,,,False
10,9,2,96.1455580270052,-12.9375,-8.0,QT450-10,223.4966746472367,,,,False
10,9,3,96.1455580270052,-12.9375,-6.0,QT450-10,223.96638685560944,,,,False
10,9,4,96.1455580270052,-12.9375,-4.0,QT450-10,224.36255421240352,,,,False
10,9,5,96.1455580270052,-12.9375,-2.0,QT450-10,224.6367230926516,,,,False
10,9,6,96.1455580270052,-12.9375,0.0,QT450-10,224.73618428854238,,,,False
10,9,7,96.1455580270052,-12.9375,2.0,QT450-10,224.6367230926516,,,,False
10,9,8,96.1455580270052,-12.9375,4.0,QT450-10,224.36255421240352,,,,False
10,9,9,96.1455580270052,-12.9375,6.0,QT450-10,223.96638685560944,,,,False
10,9,10,96.1455580270052,-12.9375,8.0,QT450-10,223.4966746472367,,,,False
10,9,11,96.1455580270052,-12.9375,10.0,QT450-10,222.98446909838944,,,,False
10,9,12,96.1455580270052,-12.9375,12.0,QT450-10,222.44692905296367,,,,False
10,10,0,96.1455580270052,-10.375,-12.0,QT450-10,232.37252232208138,,,,False
10,10,1,96.1455580270052,-10.375,-10.0,QT450-10,233.16477285579245,,,,False
10,10,2,96.1455580270052,-10.375,-8.0,QT450-10,234.18031113917652,,,,False
10,10,3,96.1455580270052,-10.375,-6.0,QT450-10,235.4720878691911,,,,False
10,10,4,96.1455580270052,-10.375,-4.0,QT450-10,236.96480941164376,,,,False
10,10,5,96.1455580270052,-10.375,-2.0,QT450-10,238.23176158244576,,,,False
10,10,6,96.1455580270052,-10.375,0.0,QT450-10,238.8112361776841,,,,False
10,10,7,96.1455580270052,-10.375,2.0,QT450-10,238.23176158244576,,,,False
10,10,8,96.1455580270052,-10.375,4.0,QT450-10,236.96480941164376,,,,False
10,10,9,96.1455580270052,-10.375,6.0,QT450-10,235.4720878691911,,,,False
10,10,10,96.1455580270052,-10.375,8.0,QT450-10,234.18031113917652,,,,False
10,10,11,96.1455580270052,-10.375,10.0,QT450-10,233.16477285579245,,,,False
10,10,12,96.1455580270052,-10.375,12.0,QT450-10,232.37252232208138,,,,False
10,11,0,96.1455580270052,-7.8125,-12.0,QT450-10,244.4116664652537,,,,False
10,11,1,96.1455580270052,-7.8125,-10.0,QT450-10,245.74446642816412,,,,False
10,11,2,96.1455580270052,-7.8125,-8.0,QT450-10,247.89806940564083,,,,False
10,11,3,96.1455580270052,-7.8125,-6.0,QT450-10,251.7855754798443,,,,False
10,11,4,96.1455580270052,-7.8125,-4.0,QT450-10,261.8442883530287,,,,False
10,11,5,96.1455580270052,-7.8125,-2.0,QT450-10,271.6391775512041,,,,False
10,11,6,96.1455580270052,-7.8125,0.0,QT450-10,276.0177689143711,,,,False
10,11,7,96.1455580270052,-7.8125,2.0,QT450-10,271.6391775512041,,,,False
10,11,8,96.1455580270052,-7.8125,4.0,QT450-10,261.84428835302873,,,,False
10,11,9,96.1455580270052,-7.8125,6.0,QT450-10,251.7855754798443,,,,False
10,11,10,96.1455580270052,-7.8125,8.0,QT450-10,247.89806940564083,,,,False
10,11,11,96.1455580270052,-7.8125,10.0,QT450-10,245.74446642816412,,,,False
10,11,12,96.1455580270052,-7.8125,12.0,QT450-10,244.4116664652537,,,,False
10,12,0,96.1455580270052,-5.25,-12.0,QT450-10,257.0691188149259,,,,False
10,12,1,96.1455580270052,-5.25,-10.0,QT450-10,259.24065313216795,,,,False
10,12,2,96.1455580270052,-5.25,-8.0,QT450-10,264.80069055854995,,,,False
10,12,3,96.1455580270052,-5.25,-6.0,QT450-10,280.654885110581,,,,False
10,12,4,96.1455580270052,-5.25,-4.0,QT450-10,304.44949900992435,,,,False
10,12,5,96.1455580270052,-5.25,-2.0,QT450-10,330.4965242604742,,,,False
10,12,6,96.1455580270052,-5.25,0.0,QT450-10,344.84873010928726,,,,False
10,12,7,96.1455580270052,-5.25,2.0,QT450-10,330.4965242604742,,,,False
10,12,8,96.1455580270052,-5.25,4.0,QT450-10,304.44949900992435,,,,False
10,12,9,96.1455580270052,-5.25,6.0,QT450-10,280.654885110581,,,,False
10,12,10,96.1455580270052,-5.25,8.0,QT450-10,264.8006905585499,,,,False
10,12,11,96.1455580270052,-5.25,10.0,QT450-10,259.24065313216795,,,,False
10,12,12,96.1455580270052,-5.25,12.0,QT450-10,257.0691188149259,,,,False
10,13,0,96.1455580270052,-2.6875,-12.0,ERNiFe-CI,268.8548618031066,,,,False
10,13,1,96.1455580270052,-2.6875,-10.0,ERNiFe-CI,272.56973214641977,,,,False
10,13,2,96.1455580270052,-2.6875,-8.0,ERNiFe-CI,285.7065643711458,,,,False
10,13,3,96.1455580270052,-2.6875,-6.0,ERNiFe-CI,314.60347425006444,,,,False
10,13,4,96.1455580270052,-2.6875,-4.0,ERNiFe-CI,363.85237217343894,,,,False
10,13,5,96.1455580270052,-2.6875,-2.0,ERNiFe-CI,433.45299496348935,,,,False
10,13,6,96.1455580270052,-2.6875,0.0,ERNiFe-CI,491.98122647800096,,,,False
10,13,7,96.1455580270052,-2.6875,2.0,ERNiFe-CI,433.45299496348935,,,,False
10,13,8,96.1455580270052,-2.6875,4.0,ERNiFe-CI,363.85237217343894,,,,False
10,13,9,96.1455580270052,-2.6875,6.0,ERNiFe-CI,314.60347425006444,,,,False
10,13,10,96.1455580270052,-2.6875,8.0,ERNiFe-CI,285.7065643711458,,,,False
10,13,11,96.1455580270052,-2.6875,10.0,ERNiFe-CI,272.56973214641977,,,,False
10,13,12,96.1455580270052,-2.6875,12.0,ERNiFe-CI,268.8548618031066,,,,False
10,14,0,96.1455580270052,-0.125,-12.0,ERNiFe-CI,278.8731568859359,,,,False
10,14,1,96.1455580270052,-0.125,-10.0,ERNiFe-CI,284.94942898935,,,,False
10,14,2,96.1455580270052,-0.125,-8.0,ERNiFe-CI,302.2622532900212,,,,False
10,14,3,96.1455580270052,-0.125,-6.0,ERNiFe-CI,342.33943510208695,,,,False
10,14,4,96.1455580270052,-0.125,-4.0,ERNiFe-CI,423.984867580067,,,,False
10,14,5,96.1455580270052,-0.125,-2.0,ERNiFe-CI,594.6780879639647,,,,False
10,14,6,96.1455580270052,-0.125,0.0,ERNiFe-CI,851.0625405577558,68.02567923485132,70.37713762067543,2.3514583858241025,True
10,14,7,96.1455580270052,-0.125,2.0,ERNiFe-CI,594.6780879639647,,,,False
10,14,8,96.1455580270052,-0.125,4.0,ERNiFe-CI,423.984867580067,,,,False
10,14,9,96.1455580270052,-0.125,6.0,ERNiFe-CI,342.33943510208695,,,,False
10,14,10,96.1455580270052,-0.125,8.0,ERNiFe-CI,302.2622532900212,,,,False
10,14,11,96.1455580270052,-0.125,10.0,ERNiFe-CI,284.94942898935,,,,False
10,14,12,96.1455580270052,-0.125,12.0,ERNiFe-CI,278.8731568859359,,,,False
10,15,0,96.1455580270052,2.4375,-12.0,ERNiFe-CI,286.2005297674785,,,,False
10,15,1,96.1455580270052,2.4375,-10.0,ERNiFe-CI,292.77265632198134,,,,False
10,15,2,96.1455580270052,2.4375,-8.0,ERNiFe-CI,309.51903040587905,,,,False
10,15,3,96.1455580270052,2.4375,-6.0,ERNiFe-CI,342.8607900787677,,,,False
10,15,4,96.1455580270052,2.4375,-4.0,ERNiFe-CI,397.4244203910005,,,,False
10,15,5,96.1455580270052,2.4375,-2.0,ERNiFe-CI,473.49332917546405,,,,False
10,15,6,96.1455580270052,2.4375,0.0,ERNiFe-CI,538.8215540643948,,,,False
10,15,7,96.1455580270052,2.4375,2.0,ERNiFe-CI,473.49332917546405,,,,False
10,15,8,96.1455580270052,2.4375,4.0,ERNiFe-CI,397.4244203910005,,,,False
10,15,9,96.1455580270052,2.4375,6.0,ERNiFe-CI,342.8607900787677,,,,False
10,15,10,96.1455580270052,2.4375,8.0,ERNiFe-CI,309.51903040587905,,,,False
10,15,11,96.1455580270052,2.4375,10.0,ERNiFe-CI,292.77265632198134,,,,False
10,15,12,96.1455580270052,2.4375,12.0,ERNiFe-CI,286.2005297674785,,,,False
10,16,0,96.1455580270052,5.0,-12.0,Q235B,289.93034972486873,,,,False
10,16,1,96.1455580270052,5.0,-10.0,Q235B,295.9966841369377,,,,False
10,16,2,96.1455580270052,5.0,-8.0,Q235B,311.1055409428107,,,,False
10,16,3,96.1455580270052,5.0,-6.0,Q235B,337.9125370658454,,,,False
10,16,4,96.1455580270052,5.0,-4.0,Q235B,374.6681352192942,,,,False
10,16,5,96.1455580270052,5.0,-2.0,Q235B,412.8658199438795,,,,False
10,16,6,96.1455580270052,5.0,0.0,Q235B,433.11048206583524,,,,False
10,16,7,96.1455580270052,5.0,2.0,Q235B,412.8658199438795,,,,False
10,16,8,96.1455580270052,5.0,4.0,Q235B,374.6681352192942,,,,False
10,16,9,96.1455580270052,5.0,6.0,Q235B,337.9125370658454,,,,False
10,16,10,96.1455580270052,5.0,8.0,Q235B,311.1055409428107,,,,False
10,16,11,96.1455580270052,5.0,10.0,Q235B,295.9966841369377,,,,False
10,16,12,96.1455580270052,5.0,12.0,Q235B,289.93034972486873,,,,False
11,0,0,105.7601138297057,-36.0,-12.0,QT450-10,197.16133359518696,,,,False
11,0,1,105.7601138297057,-36.0,-10.0,QT450-10,197.29714410629987,,,,False
11,0,2,105.7601138297057,-36.0,-8.0,QT450-10,197.4623492599398,,,,False
11,0,3,105.7601138297057,-36.0,-6.0,QT450-10,197.61296963537632,,,,False
11,0,4,105.7601138297057,-36.0,-4.0,QT450-10,197.7292657304761,,,,False
11,0,5,105.7601138297057,-36.0,-2.0,QT450-10,197.8018717871822,,,,False
11,0,6,105.7601138297057,-36.0,0.0,QT450-10,197.82649192533626,,,,False
11,0,7,105.7601138297057,-36.0,2.0,QT450-10,197.8018717871822,,,,False
11,0,8,105.7601138297057,-36.0,4.0,QT450-10,197.7292657304761,,,,False
11,0,9,105.7601138297057,-36.0,6.0,QT450-10,197.61296963537632,,,,False
11,0,10,105.7601138297057,-36.0,8.0,QT450-10,197.4623492599398,,,,False
11,0,11,105.7601138297057,-36.0,10.0,QT450-10,197.29714410629987,,,,False
11,0,12,105.7601138297057,-36.0,12.0,QT450-10,197.16133359518696,,,,False
11,1,0,105.7601138297057,-33.4375,-12.0,QT450-10,197.74038884883595,,,,False
11,1,1,105.7601138297057,-33.4375,-10.0,QT450-10,198.05174781703445,,,,False
11,1,2,105.7601138297057,-33.4375,-8.0,QT450-10,198.29018752014832,,,,False
11,1,3,105.7601138297057,-33.4375,-6.0,QT450-10,198.4741581919747,,,,False
11,1,4,105.7601138297057,-33.4375,-4.0,QT450-10,198.60655958694142,,,,False
11,1,5,105.7601138297057,-33.4375,-2.0,QT450-10,198.68667390319177,,,,False
11,1,6,105.7601138297057,-33.4375,0.0,QT450-10,198.71350788890547,,,,False
11,1,7,105.7601138297057,-33.4375,2.0,QT450-10,198.68667390319177,,,,False
11,1,8,105.7601138297057,-33.4375,4.0,QT450-10,198.60655958694142,,,,False
11,1,9,105.7601138297057,-33.4375,6.0,QT450-10,198.4741581919747,,,,False
11,1,10,105.7601138297057,-33.4375,8.0,QT450-10,198.29018752014832,,,,False
11,1,11,105.7601138297057,-33.4375,10.0,QT450-10,198.05174781703445,,,,False
11,1,12,105.7601138297057,-33.4375,12.0,QT450-10,197.74038884883595,,,,False
11,2,0,105.7601138297057,-30.875,-12.0,QT450-10,198.62830493542145,,,,False
11,2,1,105.7601138297057,-30.875,-10.0,QT450-10,198.99107557590278,,,,False
11,2,2,105.7601138297057,-30.875,-8.0,QT450-10,199.27258749821186,,,,False
11,2,3,105.7601138297057,-30.875,-6.0,QT450-10,199.48524737126075,,,,False
11,2,4,105.7601138297057,-30.875,-4.0,QT450-10,199.63500465680013,,,,False
11,2,5,105.7601138297057,-30.875,-2.0,QT450-10,199.72430175644666,,,,False
11,2,6,105.7601138297057,-30.875,0.0,QT450-10,199.75400072073452,,,,False
11,2,7,105.7601138297057,-30.875,2.0,QT450-10,199.72430175644666,,,,False
11,2,8,105.7601138297057,-30.875,4.0,QT450-10,199.63500465680013,,,,False
11,2,9,105.7601138297057,-30.875,6.0,QT450-10,199.48524737126075,,,,False
11,2,10,105.7601138297057,-30.875,8.0,QT450-10,199.27258749821186,,,,False
11,2,11,105.7601138297057,-30.875,10.0,QT450-10,198.99107557590278,,,,False
11,2,12,105.7601138297057,-30.875,12.0,QT450-10,198.62830493542145,,,,False
11,3,0,105.7601138297057,-28.3125,-12.0,QT450-10,199.77869104139452,,,,False
11,3,1,105.7601138297057,-28.3125,-10.0,QT450-10,200.16171206945282,,,,False
11,3,2,105.7601138297057,-28.3125,-8.0,QT450-10,200.46614301026239,,,,False
11,3,3,105.7601138297057,-28.3125,-6.0,QT450-10,200.697891740866,,,,False
11,3,4,105.7601138297057,-28.3125,-4.0,QT450-10,200.86111554331512,,,,False
11,3,5,105.7601138297057,-28.3125,-2.0,QT450-10,200.95825308235374,,,,False
11,3,6,105.7601138297057,-28.3125,0.0,QT450-10,200.99051277544532,,,,False
11,3,7,105.7601138297057,-28.3125,2.0,QT450-10,200.95825308235374,,,,False
11,3,8,105.7601138297057,-28.3125,4.0,QT450-10,200.86111554331512,,,,False
11,3,9,105.7601138297057,-28.3125,6.0,QT450-10,200.697891740866,,,,False
11,3,10,105.7601138297057,-28.3125,8.0,QT450-10,200.46614301026239,,,,False
11,3,11,105.7601138297057,-28.3125,10.0,QT450-10,200.16171206945282,,,,False
11,3,12,105.7601138297057,-28.3125,12.0,QT450-10,199.77869104139452,,,,False
11,4,0,105.7601138297057,-25.75,-12.0,QT450-10,201.22573752374564,,,,False
11,4,1,105.7601138297057,-25.75,-10.0,QT450-10,201.6201116240805,,,,False
11,4,2,105.7601138297057,-25.75,-8.0,QT450-10,201.93813697981975,,,,False
11,4,3,105.7601138297057,-25.75,-6.0,QT450-10,202.18244009798286,,,,False
11,4,4,105.7601138297057,-25.75,-4.0,QT450-10,202.35533587115142,,,,False
11,4,5,105.7601138297057,-25.75,-2.0,QT450-10,202.45845644736664,,,,False
11,4,6,105.7601138297057,-25.75,0.0,QT450-10,202.49273075484373,,,,False
11,4,7,105.7601138297057,-25.75,2.0,QT450-10,202.45845644736664,,,,False
11,4,8,105.7601138297057,-25.75,4.0,QT450-10,202.35533587115142,,,,False
11,4,9,105.7601138297057,-25.75,6.0,QT450-10,202.18244009798286,,,,False
11,4,10,105.7601138297057,-25.75,8.0,QT450-10,201.93813697981975,,,,False
11,4,11,105.7601138297057,-25.75,10.0,QT450-10,201.6201116240805,,,,False
11,4,12,105.7601138297057,-25.75,12.0,QT450-10,201.22573752374564,,,,False
11,5,0,105.7601138297057,-23.1875,-12.0,QT450-10,203.0701185920776,,,,False
11,5,1,105.7601138297057,-23.1875,-10.0,QT450-10,203.47355400286608,,,,False
11,5,2,105.7601138297057,-23.1875,-8.0,QT450-10,203.80154426550428,,,,False
11,5,3,105.7601138297057,-23.1875,-6.0,QT450-10,204.05513725874385,,,,False
11,5,4,105.7601138297057,-23.1875,-4.0,QT450-10,204.23541435723067,,,,False
11,5,5,105.7601138297057,-23.1875,-2.0,QT450-10,204.34322903454216,,,,False
11,5,6,105.7601138297057,-23.1875,0.0,QT450-10,204.37910852368663,,,,False
11,5,7,105.7601138297057,-23.1875,2.0,QT450-10,204.34322903454216,,,,False
11,5,8,105.7601138297057,-23.1875,4.0,QT450-10,204.23541435723067,,,,False
11,5,9,105.7601138297057,-23.1875,6.0,QT450-10,204.05513725874385,,,,False
11,5,10,105.7601138297057,-23.1875,8.0,QT450-10,203.80154426550428,,,,False
11,5,11,105.7601138297057,-23.1875,10.0,QT450-10,203.47355400286608,,,,False
11,5,12,105.7601138297057,-23.1875,12.0,QT450-10,203.0701185920776,,,,False
11,6,0,105.7601138297057,-20.625,-12.0,QT450-10,205.51969972271576,,,,False
11,6,1,105.7601138297057,-20.625,-10.0,QT450-10,205.93282272672207,,,,False
11,6,2,105.7601138297057,-20.625,-8.0,QT450-10,206.27040426632834,,,,False
11,6,3,105.7601138297057,-20.625,-6.0,QT450-10,206.53260740735703,,,,False
11,6,4,105.7601138297057,-20.625,-4.0,QT450-10,206.71967112636415,,,,False
11,6,5,105.7601138297057,-20.625,-2.0,QT450-10,206.83181297801926,,,,False
11,6,6,105.7601138297057,-20.625,0.0,QT450-10,206.86917703352398,,,,False
11,6,7,105.7601138297057,-20.625,2.0,QT450-10,206.83181297801926,,,,False
11,6,8,105.7601138297057,-20.625,4.0,QT450-10,206.71967112636415,,,,False
11,6,9,105.7601138297057,-20.625,6.0,QT450-10,206.53260740735703,,,,False
11,6,10,105.7601138297057,-20.625,8.0,QT450-10,206.27040426632834,,,,False
11,6,11,105.7601138297057,-20.625,10.0,QT450-10,205.93282272672207,,,,False
11,6,12,105.7601138297057,-20.625,12.0,QT450-10,205.51969972271576,,,,False
11,7,0,105.7601138297057,-18.0625,-12.0,QT450-10,208.9959146321138,,,,False
11,7,1,105.7601138297057,-18.0625,-10.0,QT450-10,209.42230736931015,,,,False
11,7,2,105.7601138297057,-18.0625,-8.0,QT450-10,209.77266518908925,,,,False
11,7,3,105.7601138297057,-18.0625,-6.0,QT450-10,210.04622665400993,,,,False
11,7,4,105.7601138297057,-18.0625,-4.0,QT450-10,210.24226019131135,,,,False
11,7,5,105.7601138297057,-18.0625,-2.0,QT450-10,210.36015096989038,,,,False
11,7,6,105.7601138297057,-18.0625,0.0,QT450-10,210.39949395309733,,,,False
11,7,7,105.7601138297057,-18.0625,2.0,QT450-10,210.36015096989038,,,,False
11,7,8,105.7601138297057,-18.0625,4.0,QT450-10,210.24226019131135,,,,False
11,7,9,105.7601138297057,-18.0625,6.0,QT450-10,210.04622665400993,,,,False
11,7,10,105.7601138297057,-18.0625,8.0,QT450-10,209.77266518908925,,,,False
11,7,11,105.7601138297057,-18.0625,10.0,QT450-10,209.42230736931015,,,,False
11,7,12,105.7601138297057,-18.0625,12.0,QT450-10,208.9959146321138,,,,False
11,8,0,105.7601138297057,-15.5,-12.0,QT450-10,214.2168070768908,,,,False
11,8,1,105.7601138297057,-15.5,-10.0,QT450-10,214.66963306268298,,,,False
11,8,2,105.7601138297057,-15.5,-8.0,QT450-10,215.05066502799718,,,,False
11,8,3,105.7601138297057,-15.5,-6.0,QT450-10,215.35555505231832,,,,False
11,8,4,105.7601138297057,-15.5,-4.0,QT450-10,215.57904350662207,,,,False
11,8,5,105.7601138297057,-15.5,-2.0,QT450-10,215.71585797322646,,,,False
11,8,6,105.7601138297057,-15.5,0.0,QT450-10,215.76196768328003,,,,False
11,8,7,105.7601138297057,-15.5,2.0,QT450-10,215.71585797322646,,,,False
11,8,8,105.7601138297057,-15.5,4.0,QT450-10,215.57904350662207,,,,False
11,8,9,105.7601138297057,-15.5,6.0,QT450-10,215.35555505231832,,,,False
11,8,10,105.7601138297057,-15.5,8.0,QT450-10,215.05066502799718,,,,False
11,8,11,105.7601138297057,-15.5,10.0,QT450-10,214.66963306268298,,,,False
11,8,12,105.7601138297057,-15.5,12.0,QT450-10,214.2168070768908,,,,False
11,9,0,105.7601138297057,-12.9375,-12.0,QT450-10,221.7866789440218,,,,False
11,9,1,105.7601138297057,-12.9375,-10.0,QT450-10,222.32005423063026,,,,False
11,9,2,105.7601138297057,-12.9375,-8.0,QT450-10,222.82671025270045,,,,False
11,9,3,105.7601138297057,-12.9375,-6.0,QT450-10,223.28988178692276,,,,False
11,9,4,105.7601138297057,-12.9375,-4.0,QT450-10,223.67946534499958,,,,False
11,9,5,105.7601138297057,-12.9375,-2.0,QT450-10,223.94857212116162,,,,False
11,9,6,105.7601138297057,-12.9375,0.0,QT450-10,224.04609088118488,,,,False
11,9,7,105.7601138297057,-12.9375,2.0,QT450-10,223.94857212116162,,,,False
11,9,8,105.7601138297057,-12.9375,4.0,QT450-10,223.67946534499958,,,,False
11,9,9,105.7601138297057,-12.9375,6.0,QT450-10,223.28988178692276,,,,False
11,9,10,105.7601138297057,-12.9375,8.0,QT450-10,222.82671025270045,,,,False
11,9,11,105.7601138297057,-12.9375,10.0,QT450-10,222.32005423063026,,,,False
11,9,12,105.7601138297057,-12.9375,12.0,QT450-10,221.7866789440218,,,,False
11,10,0,105.7601138297057,-10.375,-12.0,QT450-10,231.66449055966592,,,,False
11,10,1,105.7601138297057,-10.375,-10.0,QT450-10,232.44943790477083,,,,False
11,10,2,105.7601138297057,-10.375,-8.0,QT450-10,233.45360904005977,,,,False
11,10,3,105.7601138297057,-10.375,-6.0,QT450-10,234.73180166469865,,,,False
11,10,4,105.7601138297057,-10.375,-4.0,QT450-10,236.2133364565234,,,,False
11,10,5,105.7601138297057,-10.375,-2.0,QT450-10,237.47328949928078,,,,False
11,10,6,105.7601138297057,-10.375,0.0,QT450-10,238.0013297912927,,,,False
11,10,7,105.7601138297057,-10.375,2.0,QT450-10,237.47328949928078,,,,False
11,10,8,105.7601138297057,-10.375,4.0,QT450-10,236.2133364565234,,,,False
11,10,9,105.7601138297057,-10.375,6.0,QT450-10,234.73180166469865,,,,False
11,10,10,105.7601138297057,-10.375,8.0,QT450-10,233.45360904005977,,,,False
11,10,11,105.7601138297057,-10.375,10.0,QT450-10,232.44943790477083,,,,False
11,10,12,105.7601138297057,-10.375,12.0,QT450-10,231.66449055966592,,,,False
11,11,0,105.7601138297057,-7.8125,-12.0,QT450-10,243.67751550294795,,,,False
11,11,1,105.7601138297057,-7.8125,-10.0,QT450-10,245.002859581183,,,,False
11,11,2,105.7601138297057,-7.8125,-8.0,QT450-10,247.1451522161012,,,,False
11,11,3,105.7601138297057,-7.8125,-6.0,QT450-10,250.9765233562138,,,,False
11,11,4,105.7601138297057,-7.8125,-4.0,QT450-10,261.02720610545697,,,,False
11,11,5,105.7601138297057,-7.8125,-2.0,QT450-10,270.8146785638398,,,,False
11,11,6,105.7601138297057,-7.8125,0.0,QT450-10,275.1902211775324,,,,False
11,11,7,105.7601138297057,-7.8125,2.0,QT450-10,270.8146785638398,,,,False
11,11,8,105.7601138297057,-7.8125,4.0,QT450-10,261.02720610545697,,,,False
11,11,9,105.7601138297057,-7.8125,6.0,QT450-10,250.9765233562138,,,,False
11,11,10,105.7601138297057,-7.8125,8.0,QT450-10,247.1451522161012,,,,False
11,11,11,105.7601138297057,-7.8125,10.0,QT450-10,245.002859581183,,,,False
11,11,12,105.7601138297057,-7.8125,12.0,QT450-10,243.67751550294795,,,,False
11,12,0,105.7601138297057,-5.25,-12.0,QT450-10,256.3215850519827,,,,False
11,12,1,105.7601138297057,-5.25,-10.0,QT450-10,258.4833018698005,,,,False
11,12,2,105.7601138297057,-5.25,-8.0,QT450-10,263.991573487584,,,,False
11,12,3,105.7601138297057,-5.25,-6.0,QT450-10,279.8330447034977,,,,False
11,12,4,105.7601138297057,-5.25,-4.0,QT450-10,303.61565866994255,,,,False
11,12,5,105.7601138297057,-5.25,-2.0,QT450-10,329.65363668347266,,,,False
11,12,6,105.7601138297057,-5.25,0.0,QT450-10,344.0017428786404,,,,False
11,12,7,105.7601138297057,-5.25,2.0,QT450-10,329.65363668347266,,,,False
11,12,8,105.7601138297057,-5.25,4.0,QT450-10,303.61565866994255,,,,False
11,12,9,105.7601138297057,-5.25,6.0,QT450-10,279.8330447034977,,,,False
11,12,10,105.7601138297057,-5.25,8.0,QT450-10,263.991573487584,,,,False
11,12,11,105.7601138297057,-5.25,10.0,QT450-10,258.4833018698005,,,,False
11,12,12,105.7601138297057,-5.25,12.0,QT450-10,256.3215850519827,,,,False
11,13,0,105.7601138297057,-2.6875,-12.0,ERNiFe-CI,268.09621525276566,,,,False
11,13,1,105.7601138297057,-2.6875,-10.0,ERNiFe-CI,271.77306289520897,,,,False
11,13,2,105.7601138297057,-2.6875,-8.0,ERNiFe-CI,284.8892550400093,,,,False
11,13,3,105.7601138297057,-2.6875,-6.0,ERNiFe-CI,313.76802088018974,,,,False
11,13,4,105.7601138297057,-2.6875,-4.0,ERNiFe-CI,363.00057304670383,,,,False
11,13,5,105.7601138297057,-2.6875,-2.0,ERNiFe-CI,432.58257186126946,,,,False
11,13,6,105.7601138297057,-2.6875,0.0,ERNiFe-CI,491.08938595166074,,,,False
11,13,7,105.7601138297057,-2.6875,2.0,ERNiFe-CI,432.58257186126946,,,,False
11,13,8,105.7601138297057,-2.6875,4.0,ERNiFe-CI,363.00057304670383,,,,False
11,13,9,105.7601138297057,-2.6875,6.0,ERNiFe-CI,313.76802088018974,,,,False
11,13,10,105.7601138297057,-2.6875,8.0,ERNiFe-CI,284.8892550400093,,,,False
11,13,11,105.7601138297057,-2.6875,10.0,ERNiFe-CI,271.77306289520897,,,,False
11,13,12,105.7601138297057,-2.6875,12.0,ERNiFe-CI,268.09621525276566,,,,False
11,14,0,105.7601138297057,-0.125,-12.0,ERNiFe-CI,278.0929658689331,,,,False
11,14,1,105.7601138297057,-0.125,-10.0,ERNiFe-CI,284.1459268214916,,,,False
11,14,2,105.7601138297057,-0.125,-8.0,ERNiFe-CI,301.4425545857569,,,,False
11,14,3,105.7601138297057,-0.125,-6.0,ERNiFe-CI,341.4961704072268,,,,False
11,14,4,105.7601138297057,-0.125,-4.0,ERNiFe-CI,423.11873494860384,,,,False
11,14,5,105.7601138297057,-0.125,-2.0,ERNiFe-CI,593.7743490246035,,,,False
11,14,6,105.7601138297057,-0.125,0.0,ERNiFe-CI,850.1340735343,74.4262096267211,76.77781750775496,2.351607881033857,True
11,14,7,105.7601138297057,-0.125,2.0,ERNiFe-CI,593.7743490246035,,,,False
11,14,8,105.7601138297057,-0.125,4.0,ERNiFe-CI,423.11873494860384,,,,False
11,14,9,105.7601138297057,-0.125,6.0,ERNiFe-CI,341.4961704072268,,,,False
11,14,10,105.7601138297057,-0.125,8.0,ERNiFe-CI,301.4425545857569,,,,False
11,14,11,105.7601138297057,-0.125,10.0,ERNiFe-CI,284.1459268214917,,,,False
11,14,12,105.7601138297057,-0.125,12.0,ERNiFe-CI,278.0929658689331,,,,False
11,15,0,105.7601138297057,2.4375,-12.0,ERNiFe-CI,285.4129787102078,,,,False
11,15,1,105.7601138297057,2.4375,-10.0,ERNiFe-CI,291.97068868584546,,,,False
11,15,2,105.7601138297057,2.4375,-8.0,ERNiFe-CI,308.70384343204813,,,,False
11,15,3,105.7601138297057,2.4375,-6.0,ERNiFe-CI,342.0291908226421,,,,False
11,15,4,105.7601138297057,2.4375,-4.0,ERNiFe-CI,396.57457460636806,,,,False
11,15,5,105.7601138297057,2.4375,-2.0,ERNiFe-CI,472.62733555621446,,,,False
11,15,6,105.7601138297057,2.4375,0.0,ERNiFe-CI,537.9399105915159,,,,False
11,15,7,105.7601138297057,2.4375,2.0,ERNiFe-CI,472.62733555621446,,,,False
11,15,8,105.7601138297057,2.4375,4.0,ERNiFe-CI,396.57457460636806,,,,False
11,15,9,105.7601138297057,2.4375,6.0,ERNiFe-CI,342.0291908226421,,,,False
11,15,10,105.7601138297057,2.4375,8.0,ERNiFe-CI,308.70384343204813,,,,False
11,15,11,105.7601138297057,2.4375,10.0,ERNiFe-CI,291.97068868584546,,,,False
11,15,12,105.7601138297057,2.4375,12.0,ERNiFe-CI,285.4129787102078,,,,False
11,16,0,105.7601138297057,5.0,-12.0,Q235B,289.14243075237397,,,,False
11,16,1,105.7601138297057,5.0,-10.0,Q235B,295.19900693061066,,,,False
11,16,2,105.7601138297057,5.0,-8.0,Q235B,310.29944381335844,,,,False
11,16,3,105.7601138297057,5.0,-6.0,Q235B,337.09465998010285,,,,False
11,16,4,105.7601138297057,5.0,-4.0,Q235B,373.8410098022004,,,,False
11,16,5,105.7601138297057,5.0,-2.0,Q235B,412.0309341828333,,,,False
11,16,6,105.7601138297057,5.0,0.0,Q235B,432.2677740955528,,,,False
11,16,7,105.7601138297057,5.0,2.0,Q235B,412.0309341828333,,,,False
11,16,8,105.7601138297057,5.0,4.0,Q235B,373.8410098022004,,,,False
11,16,9,105.7601138297057,5.0,6.0,Q235B,337.09465998010285,,,,False
11,16,10,105.7601138297057,5.0,8.0,Q235B,310.29944381335844,,,,False
11,16,11,105.7601138297057,5.0,10.0,Q235B,295.19900693061066,,,,False
11,16,12,105.7601138297057,5.0,12.0,Q235B,289.14243075237397,,,,False
12,0,0,115.37466963240622,-36.0,-12.0,QT450-10,196.78269933109576,,,,False
12,0,1,115.37466963240622,-36.0,-10.0,QT450-10,196.91810065063757,,,,False
12,0,2,115.37466963240622,-36.0,-8.0,QT450-10,197.08280670804885,,,,False
12,0,3,115.37466963240622,-36.0,-6.0,QT450-10,197.23297095793373,,,,False
12,0,4,115.37466963240622,-36.0,-4.0,QT450-10,197.348914201346,,,,False
12,0,5,115.37466963240622,-36.0,-2.0,QT450-10,197.42129967722676,,,,False
12,0,6,115.37466963240622,-36.0,0.0,QT450-10,197.4458449685442,,,,False
12,0,7,115.37466963240622,-36.0,2.0,QT450-10,197.42129967722676,,,,False
12,0,8,115.37466963240622,-36.0,4.0,QT450-10,197.348914201346,,,,False
12,0,9,115.37466963240622,-36.0,6.0,QT450-10,197.23297095793373,,,,False
12,0,10,115.37466963240622,-36.0,8.0,QT450-10,197.08280670804885,,,,False
12,0,11,115.37466963240622,-36.0,10.0,QT450-10,196.91810065063757,,,,False
12,0,12,115.37466963240622,-36.0,12.0,QT450-10,196.78269933109576,,,,False
12,1,0,115.37466963240622,-33.4375,-12.0,QT450-10,197.35517959666703,,,,False
12,1,1,115.37466963240622,-33.4375,-10.0,QT450-10,197.66559514387004,,,,False
12,1,2,115.37466963240622,-33.4375,-8.0,QT450-10,197.90330559598831,,,,False
12,1,3,115.37466963240622,-33.4375,-6.0,QT450-10,198.08671020339244,,,,False
12,1,4,115.37466963240622,-33.4375,-4.0,QT450-10,198.21870268113062,,,,False
12,1,5,115.37466963240622,-33.4375,-2.0,QT450-10,198.2985690217894,,,,False
12,1,6,115.37466963240622,-33.4375,0.0,QT450-10,198.3253198635356,,,,False
12,1,7,115.37466963240622,-33.4375,2.0,QT450-10,198.2985690217894,,,,False
12,1,8,115.37466963240622,-33.4375,4.0,QT450-10,198.21870268113062,,,,False
12,1,9,115.37466963240622,-33.4375,6.0,QT450-10,198.08671020339244,,,,False
12,1,10,115.37466963240622,-33.4375,8.0,QT450-10,197.90330559598831,,,,False
12,1,11,115.37466963240622,-33.4375,10.0,QT450-10,197.66559514387004,,,,False
12,1,12,115.37466963240622,-33.4375,12.0,QT450-10,197.35517959666703,,,,False
12,2,0,115.37466963240622,-30.875,-12.0,QT450-10,198.23040796124633,,,,False
12,2,1,115.37466963240622,-30.875,-10.0,QT450-10,198.59204872040888,,,,False
12,2,2,115.37466963240622,-30.875,-8.0,QT450-10,198.87267554749934,,,,False
12,2,3,115.37466963240622,-30.875,-6.0,QT450-10,199.08466209791447,,,,False
12,2,4,115.37466963240622,-30.875,-4.0,QT450-10,199.23394295538156,,,,False
12,2,5,115.37466963240622,-30.875,-2.0,QT450-10,199.32295513826887,,,,False
12,2,6,115.37466963240622,-30.875,0.0,QT450-10,199.35255921157543,,,,False
12,2,7,115.37466963240622,-30.875,2.0,QT450-10,199.32295513826887,,,,False
12,2,8,115.37466963240622,-30.875,4.0,QT450-10,199.23394295538156,,,,False
12,2,9,115.37466963240622,-30.875,6.0,QT450-10,199.08466209791447,,,,False
12,2,10,115.37466963240622,-30.875,8.0,QT450-10,198.87267554749934,,,,False
12,2,11,115.37466963240622,-30.875,10.0,QT450-10,198.59204872040888,,,,False
12,2,12,115.37466963240622,-30.875,12.0,QT450-10,198.23040796124633,,,,False
12,3,0,115.37466963240622,-28.3125,-12.0,QT450-10,199.3614153421687,,,,False
12,3,1,115.37466963240622,-28.3125,-10.0,QT450-10,199.74318920830152,,,,False
12,3,2,115.37466963240622,-28.3125,-8.0,QT450-10,200.04661996390683,,,,False
12,3,3,115.37466963240622,-28.3125,-6.0,QT450-10,200.27760204720454,,,,False
12,3,4,115.37466963240622,-28.3125,-4.0,QT450-10,200.44028320137596,,,,False
12,3,5,115.37466963240622,-28.3125,-2.0,QT450-10,200.53709676314827,,,,False
12,3,6,115.37466963240622,-28.3125,0.0,QT450-10,200.56924869338312,,,,False
12,3,7,115.37466963240622,-28.3125,2.0,QT450-10,200.53709676314827,,,,False
12,3,8,115.37466963240622,-28.3125,4.0,QT450-10,200.44028320137596,,,,False
12,3,9,115.37466963240622,-28.3125,6.0,QT450-10,200.27760204720454,,,,False
12,3,10,115.37466963240622,-28.3125,8.0,QT450-10,200.04661996390683,,,,False
12,3,11,115.37466963240622,-28.3125,10.0,QT450-10,199.74318920830152,,,,False
12,3,12,115.37466963240622,-28.3125,12.0,QT450-10,199.3614153421687,,,,False
12,4,0,115.37466963240622,-25.75,-12.0,QT450-10,200.7810683741698,,,,False
12,4,1,115.37466963240622,-25.75,-10.0,QT450-10,201.17407130304593,,,,False
12,4,2,115.37466963240622,-25.75,-8.0,QT450-10,201.49098573523398,,,,False
12,4,3,115.37466963240622,-25.75,-6.0,QT450-10,201.73443119101324,,,,False
12,4,4,115.37466963240622,-25.75,-4.0,QT450-10,201.90671742573187,,,,False
12,4,5,115.37466963240622,-25.75,-2.0,QT450-10,202.00947337540998,,,,False
12,4,6,115.37466963240622,-25.75,0.0,QT450-10,202.04362630777305,,,,False
12,4,7,115.37466963240622,-25.75,2.0,QT450-10,202.00947337540998,,,,False
12,4,8,115.37466963240622,-25.75,4.0,QT450-10,201.90671742573187,,,,False
12,4,9,115.37466963240622,-25.75,6.0,QT450-10,201.73443119101324,,,,False
12,4,10,115.37466963240622,-25.75,8.0,QT450-10,201.49098573523398,,,,False
12,4,11,115.37466963240622,-25.75,10.0,QT450-10,201.17407130304593,,,,False
12,4,12,115.37466963240622,-25.75,12.0,QT450-10,200.7810683741698,,,,False
12,5,0,115.37466963240622,-23.1875,-12.0,QT450-10,202.5876992869266,,,,False
12,5,1,115.37466963240622,-23.1875,-10.0,QT450-10,202.98961864109015,,,,False
12,5,2,115.37466963240622,-23.1875,-8.0,QT450-10,203.31636941389138,,,,False
12,5,3,115.37466963240622,-23.1875,-6.0,QT450-10,203.56899885556143,,,,False
12,5,4,115.37466963240622,-23.1875,-4.0,QT450-10,203.7485866428777,,,,False
12,5,5,115.37466963240622,-23.1875,-2.0,QT450-10,203.8559875938128,,,,False
12,5,6,115.37466963240622,-23.1875,0.0,QT450-10,203.8917291434313,,,,False
12,5,7,115.37466963240622,-23.1875,2.0,QT450-10,203.8559875938128,,,,False
12,5,8,115.37466963240622,-23.1875,4.0,QT450-10,203.7485866428777,,,,False
12,5,9,115.37466963240622,-23.1875,6.0,QT450-10,203.56899885556143,,,,False
12,5,10,115.37466963240622,-23.1875,8.0,QT450-10,203.31636941389138,,,,False
12,5,11,115.37466963240622,-23.1875,10.0,QT450-10,202.98961864109015,,,,False
12,5,12,115.37466963240622,-23.1875,12.0,QT450-10,202.5876992869266,,,,False
12,6,0,115.37466963240622,-20.625,-12.0,QT450-10,204.98567815592293,,,,False
12,6,1,115.37466963240622,-20.625,-10.0,QT450-10,205.39708896331078,,,,False
12,6,2,115.37466963240622,-20.625,-8.0,QT450-10,205.73325634345824,,,,False
12,6,3,115.37466963240622,-20.625,-6.0,QT450-10,205.9943496638291,,,,False
12,6,4,115.37466963240622,-20.625,-4.0,QT450-10,206.1806145386966,,,,False
12,6,5,115.37466963240622,-20.625,-2.0,QT450-10,206.29227438590178,,,,False
12,6,6,115.37466963240622,-20.625,0.0,QT450-10,206.32947729686964,,,,False
12,6,7,115.37466963240622,-20.625,2.0,QT450-10,206.29227438590178,,,,False
12,6,8,115.37466963240622,-20.625,4.0,QT450-10,206.1806145386966,,,,False
12,6,9,115.37466963240622,-20.625,6.0,QT450-10,205.9943496638291,,,,False
12,6,10,115.37466963240622,-20.625,8.0,QT450-10,205.73325634345824,,,,False
12,6,11,115.37466963240622,-20.625,10.0,QT450-10,205.39708896331078,,,,False
12,6,12,115.37466963240622,-20.625,12.0,QT450-10,204.98567815592293,,,,False
12,7,0,115.37466963240622,-18.0625,-12.0,QT450-10,208.39398336716346,,,,False
12,7,1,115.37466963240622,-18.0625,-10.0,QT450-10,208.81835476945753,,,,False
12,7,2,115.37466963240622,-18.0625,-8.0,QT450-10,209.16697951651767,,,,False
12,7,3,115.37466963240622,-18.0625,-6.0,QT450-10,209.4391298815671,,,,False
12,7,4,115.37466963240622,-18.0625,-4.0,QT450-10,209.63412243934292,,,,False
12,7,5,115.37466963240622,-18.0625,-2.0,QT450-10,209.75136752468336,,,,False
12,7,6,115.37466963240622,-18.0625,0.0,QT450-10,209.79049223546815,,,,False
12,7,7,115.37466963240622,-18.0625,2.0,QT450-10,209.75136752468336,,,,False
12,7,8,115.37466963240622,-18.0625,4.0,QT450-10,209.63412243934292,,,,False
12,7,9,115.37466963240622,-18.0625,6.0,QT450-10,209.4391298815671,,,,False
12,7,10,115.37466963240622,-18.0625,8.0,QT450-10,209.16697951651767,,,,False
12,7,11,115.37466963240622,-18.0625,10.0,QT450-10,208.81835476945753,,,,False
12,7,12,115.37466963240622,-18.0625,12.0,QT450-10,208.39398336716346,,,,False
12,8,0,115.37466963240622,-15.5,-12.0,QT450-10,213.54205869551038,,,,False
12,8,1,115.37466963240622,-15.5,-10.0,QT450-10,213.9921940674941,,,,False
12,8,2,115.37466963240622,-15.5,-8.0,QT450-10,214.3705245268964,,,,False
12,8,3,115.37466963240622,-15.5,-6.0,QT450-10,214.67290959937347,,,,False
12,8,4,115.37466963240622,-15.5,-4.0,QT450-10,214.89430922936802,,,,False
12,8,5,115.37466963240622,-15.5,-2.0,QT450-10,215.02971279332817,,,,False
12,8,6,115.37466963240622,-15.5,0.0,QT450-10,215.0753248769563,,,,False
12,8,7,115.37466963240622,-15.5,2.0,QT450-10,215.02971279332817,,,,False
12,8,8,115.37466963240622,-15.5,4.0,QT450-10,214.89430922936802,,,,False
12,8,9,115.37466963240622,-15.5,6.0,QT450-10,214.67290959937347,,,,False
12,8,10,115.37466963240622,-15.5,8.0,QT450-10,214.3705245268964,,,,False
12,8,11,115.37466963240622,-15.5,10.0,QT450-10,213.9921940674941,,,,False
12,8,12,115.37466963240622,-15.5,12.0,QT450-10,213.54205869551038,,,,False
12,9,0,115.37466963240622,-12.9375,-12.0,QT450-10,221.05831742176625,,,,False
12,9,1,115.37466963240622,-12.9375,-10.0,QT450-10,221.58776384816608,,,,False
12,9,2,115.37466963240622,-12.9375,-8.0,QT450-10,222.08965046128282,,,,False
12,9,3,115.37466963240622,-12.9375,-6.0,QT450-10,222.54744096143156,,,,False
12,9,4,115.37466963240622,-12.9375,-4.0,QT450-10,222.93174740816835,,,,False
12,9,5,115.37466963240622,-12.9375,-2.0,QT450-10,223.1968824272731,,,,False
12,9,6,115.37466963240622,-12.9375,0.0,QT450-10,223.29290092702138,,,,False
12,9,7,115.37466963240622,-12.9375,2.0,QT450-10,223.1968824272731,,,,False
12,9,8,115.37466963240622,-12.9375,4.0,QT450-10,222.93174740816835,,,,False
12,9,9,115.37466963240622,-12.9375,6.0,QT450-10,222.54744096143156,,,,False
12,9,10,115.37466963240622,-12.9375,8.0,QT450-10,222.08965046128282,,,,False
12,9,11,115.37466963240622,-12.9375,10.0,QT450-10,221.58776384816608,,,,False
12,9,12,115.37466963240622,-12.9375,12.0,QT450-10,221.05831742176625,,,,False
12,10,0,115.37466963240622,-10.375,-12.0,QT450-10,230.90081833459593,,,,False
12,10,1,115.37466963240622,-10.375,-10.0,QT450-10,231.67949090807534,,,,False
12,10,2,115.37466963240622,-10.375,-8.0,QT450-10,232.6745198271604,,,,False
12,10,3,115.37466963240622,-10.375,-6.0,QT450-10,233.9421978346,,,,False
12,10,4,115.37466963240622,-10.375,-4.0,QT450-10,235.41514301587586,,,,False
12,10,5,115.37466963240622,-10.375,-2.0,QT450-10,236.66999804579604,,,,False
12,10,6,115.37466963240622,-10.375,0.0,QT450-10,237.16981645327968,,,,False
12,10,7,115.37466963240622,-10.375,2.0,QT450-10,236.66999804579604,,,,False
12,10,8,115.37466963240622,-10.375,4.0,QT450-10,235.41514301587586,,,,False
12,10,9,115.37466963240622,-10.375,6.0,QT450-10,233.9421978346,,,,False
12,10,10,115.37466963240622,-10.375,8.0,QT450-10,232.6745198271604,,,,False
12,10,11,115.37466963240622,-10.375,10.0,QT450-10,231.67949090807534,,,,False
12,10,12,115.37466963240622,-10.375,12.0,QT450-10,230.90081833459593,,,,False
12,11,0,115.37466963240622,-7.8125,-12.0,QT450-10,242.89538468681513,,,,False
12,11,1,115.37466963240622,-7.8125,-10.0,QT450-10,244.2143175078111,,,,False
12,11,2,115.37466963240622,-7.8125,-8.0,QT450-10,246.34755135876313,,,,False
12,11,3,115.37466963240622,-7.8125,-6.0,QT450-10,250.14232029388603,,,,False
12,11,4,115.37466963240622,-7.8125,-4.0,QT450-10,260.1901247627674,,,,False
12,11,5,115.37466963240622,-7.8125,-2.0,QT450-10,269.97539978838824,,,,False
12,11,6,115.37466963240622,-7.8125,0.0,QT450-10,274.3490650704581,,,,False
12,11,7,115.37466963240622,-7.8125,2.0,QT450-10,269.97539978838824,,,,False
12,11,8,115.37466963240622,-7.8125,4.0,QT450-10,260.1901247627674,,,,False
12,11,9,115.37466963240622,-7.8125,6.0,QT450-10,250.14232029388606,,,,False
12,11,10,115.37466963240622,-7.8125,8.0,QT450-10,246.34755135876313,,,,False
12,11,11,115.37466963240622,-7.8125,10.0,QT450-10,244.2143175078111,,,,False
12,11,12,115.37466963240622,-7.8125,12.0,QT450-10,242.89538468681513,,,,False
12,12,0,115.37466963240622,-5.25,-12.0,QT450-10,255.53050090065287,,,,False
12,12,1,115.37466963240622,-5.25,-10.0,QT450-10,257.68416865606093,,,,False
12,12,2,115.37466963240622,-5.25,-8.0,QT450-10,263.15910432500624,,,,False
12,12,3,115.37466963240622,-5.25,-6.0,QT450-10,278.9956750478093,,,,False
12,12,4,115.37466963240622,-5.25,-4.0,QT450-10,302.7745457235282,,,,False
12,12,5,115.37466963240622,-5.25,-2.0,QT450-10,328.8113117086841,,,,False
12,12,6,115.37466963240622,-5.25,0.0,QT450-10,343.1595811502197,,,,False
12,12,7,115.37466963240622,-5.25,2.0,QT450-10,328.8113117086841,,,,False
12,12,8,115.37466963240622,-5.25,4.0,QT450-10,302.7745457235282,,,,False
12,12,9,115.37466963240622,-5.25,6.0,QT450-10,278.99567504780936,,,,False
12,12,10,115.37466963240622,-5.25,8.0,QT450-10,263.15910432500624,,,,False
12,12,11,115.37466963240622,-5.25,10.0,QT450-10,257.68416865606093,,,,False
12,12,12,115.37466963240622,-5.25,12.0,QT450-10,255.53050090065287,,,,False
12,13,0,115.37466963240622,-2.6875,-12.0,ERNiFe-CI,267.2986960596213,,,,False
12,13,1,115.37466963240622,-2.6875,-10.0,ERNiFe-CI,270.94949979282234,,,,False
12,13,2,115.37466963240622,-2.6875,-8.0,ERNiFe-CI,284.05675777280135,,,,False
12,13,3,115.37466963240622,-2.6875,-6.0,ERNiFe-CI,312.9277255136699,,,,False
12,13,4,115.37466963240622,-2.6875,-4.0,ERNiFe-CI,362.15818449050875,,,,False
12,13,5,115.37466963240622,-2.6875,-2.0,ERNiFe-CI,431.7387158999277,,,,False
12,13,6,115.37466963240622,-2.6875,0.0,ERNiFe-CI,490.2471366981966,,,,False
12,13,7,115.37466963240622,-2.6875,2.0,ERNiFe-CI,431.7387158999277,,,,False
12,13,8,115.37466963240622,-2.6875,4.0,ERNiFe-CI,362.15818449050875,,,,False
12,13,9,115.37466963240622,-2.6875,6.0,ERNiFe-CI,312.9277255136699,,,,False
12,13,10,115.37466963240622,-2.6875,8.0,ERNiFe-CI,284.05675777280135,,,,False
12,13,11,115.37466963240622,-2.6875,10.0,ERNiFe-CI,270.94949979282234,,,,False
12,13,12,115.37466963240622,-2.6875,12.0,ERNiFe-CI,267.2986960596213,,,,False
12,14,0,115.37466963240622,-0.125,-12.0,ERNiFe-CI,277.2826495081468,,,,False
12,14,1,115.37466963240622,-0.125,-10.0,ERNiFe-CI,283.32061933585715,,,,False
12,14,2,115.37466963240622,-0.125,-8.0,ERNiFe-CI,300.61122837078824,,,,False
12,14,3,115.37466963240622,-0.125,-6.0,ERNiFe-CI,340.65657535881587,,,,False
12,14,4,115.37466963240622,-0.125,-4.0,ERNiFe-CI,422.2799920100642,,,,False
12,14,5,115.37466963240622,-0.125,-2.0,ERNiFe-CI,592.9397369066428,,,,False
12,14,6,115.37466963240622,-0.125,0.0,ERNiFe-CI,849.3029382108614,80.82711044588059,83.17853486333492,2.351424417454325,True
12,14,7,115.37466963240622,-0.125,2.0,ERNiFe-CI,592.9397369066428,,,,False
12,14,8,115.37466963240622,-0.125,4.0,ERNiFe-CI,422.2799920100642,,,,False
12,14,9,115.37466963240622,-0.125,6.0,ERNiFe-CI,340.65657535881587,,,,False
12,14,10,115.37466963240622,-0.125,8.0,ERNiFe-CI,300.61122837078824,,,,False
12,14,11,115.37466963240622,-0.125,10.0,ERNiFe-CI,283.32061933585715,,,,False
12,14,12,115.37466963240622,-0.125,12.0,ERNiFe-CI,277.2826495081468,,,,False
12,15,0,115.37466963240622,2.4375,-12.0,ERNiFe-CI,284.59929380942657,,,,False
12,15,1,115.37466963240622,2.4375,-10.0,ERNiFe-CI,291.14798778851974,,,,False
12,15,2,115.37466963240622,2.4375,-8.0,ERNiFe-CI,307.87872424616387,,,,False
12,15,3,115.37466963240622,2.4375,-6.0,ERNiFe-CI,341.19877183126704,,,,False
12,15,4,115.37466963240622,2.4375,-4.0,ERNiFe-CI,395.74262094371505,,,,False
12,15,5,115.37466963240622,2.4375,-2.0,ERNiFe-CI,471.79897201211577,,,,False
12,15,6,115.37466963240622,2.4375,0.0,ERNiFe-CI,537.1110338117649,,,,False
12,15,7,115.37466963240622,2.4375,2.0,ERNiFe-CI,471.79897201211577,,,,False
12,15,8,115.37466963240622,2.4375,4.0,ERNiFe-CI,395.74262094371505,,,,False
12,15,9,115.37466963240622,2.4375,6.0,ERNiFe-CI,341.19877183126704,,,,False
12,15,10,115.37466963240622,2.4375,8.0,ERNiFe-CI,307.87872424616387,,,,False
12,15,11,115.37466963240622,2.4375,10.0,ERNiFe-CI,291.14798778851974,,,,False
12,15,12,115.37466963240622,2.4375,12.0,ERNiFe-CI,284.59929380942657,,,,False
12,16,0,115.37466963240622,5.0,-12.0,Q235B,288.3291025249875,,,,False
12,16,1,115.37466963240622,5.0,-10.0,Q235B,294.38091900985404,,,,False
12,16,2,115.37466963240622,5.0,-8.0,Q235B,309.4804757707827,,,,False
12,16,3,115.37466963240622,5.0,-6.0,Q235B,336.27397161160474,,,,False
12,16,4,115.37466963240622,5.0,-4.0,Q235B,373.02432663275545,,,,False
12,16,5,115.37466963240622,5.0,-2.0,Q235B,411.2161640627662,,,,False
12,16,6,115.37466963240622,5.0,0.0,Q235B,431.4577653656696,,,,False
12,16,7,115.37466963240622,5.0,2.0,Q235B,411.21616406276615,,,,False
12,16,8,115.37466963240622,5.0,4.0,Q235B,373.02432663275545,,,,False
12,16,9,115.37466963240622,5.0,6.0,Q235B,336.27397161160474,,,,False
12,16,10,115.37466963240622,5.0,8.0,Q235B,309.4804757707827,,,,False
12,16,11,115.37466963240622,5.0,10.0,Q235B,294.38091900985404,,,,False
12,16,12,115.37466963240622,5.0,12.0,Q235B,288.3291025249875,,,,False
13,0,0,124.98922543510675,-36.0,-12.0,QT450-10,196.29595296203885,,,,False
13,0,1,124.98922543510675,-36.0,-10.0,QT450-10,196.430832366586,,,,False
13,0,2,124.98922543510675,-36.0,-8.0,QT450-10,196.59490226453596,,,,False
13,0,3,124.98922543510675,-36.0,-6.0,QT450-10,196.74448545564604,,,,False
13,0,4,124.98922543510675,-36.0,-4.0,QT450-10,196.8599793937123,,,,False
13,0,5,124.98922543510675,-36.0,-2.0,QT450-10,196.9320840720191,,,,False
13,0,6,124.98922543510675,-36.0,0.0,QT450-10,196.9565340974575,,,,False
13,0,7,124.98922543510675,-36.0,2.0,QT450-10,196.9320840720191,,,,False
13,0,8,124.98922543510675,-36.0,4.0,QT450-10,196.8599793937123,,,,False
13,0,9,124.98922543510675,-36.0,6.0,QT450-10,196.74448545564604,,,,False
13,0,10,124.98922543510675,-36.0,8.0,QT450-10,196.59490226453596,,,,False
13,0,11,124.98922543510675,-36.0,10.0,QT450-10,196.430832366586,,,,False
13,0,12,124.98922543510675,-36.0,12.0,QT450-10,196.29595296203885,,,,False
13,1,0,124.98922543510675,-33.4375,-12.0,QT450-10,196.8625409619275,,,,False
13,1,1,124.98922543510675,-33.4375,-10.0,QT450-10,197.17175727467972,,,,False
13,1,2,124.98922543510675,-33.4375,-8.0,QT450-10,197.40854360377125,,,,False
13,1,3,124.98922543510675,-33.4375,-6.0,QT450-10,197.59123222522112,,,,False
13,1,4,124.98922543510675,-33.4375,-4.0,QT450-10,197.7227080508346,,,,False
13,1,5,124.98922543510675,-33.4375,-2.0,QT450-10,197.80226127750996,,,,False
13,1,6,124.98922543510675,-33.4375,0.0,QT450-10,197.82890716487262,,,,False
13,1,7,124.98922543510675,-33.4375,2.0,QT450-10,197.80226127750996,,,,False
13,1,8,124.98922543510675,-33.4375,4.0,QT450-10,197.7227080508346,,,,False
13,1,9,124.98922543510675,-33.4375,6.0,QT450-10,197.59123222522112,,,,False
13,1,10,124.98922543510675,-33.4375,8.0,QT450-10,197.40854360377125,,,,False
13,1,11,124.98922543510675,-33.4375,10.0,QT450-10,197.17175727467972,,,,False
13,1,12,124.98922543510675,-33.4375,12.0,QT450-10,196.8625409619275,,,,False
13,2,0,124.98922543510675,-30.875,-12.0,QT450-10,197.7267796973587,,,,False
13,2,1,124.98922543510675,-30.875,-10.0,QT450-10,198.0869977605537,,,,False
13,2,2,124.98922543510675,-30.875,-8.0,QT450-10,198.3665134264713,,,,False
13,2,3,124.98922543510675,-30.875,-6.0,QT450-10,198.57765646870348,,,,False
13,2,4,124.98922543510675,-30.875,-4.0,QT450-10,198.72634133339196,,,,False
13,2,5,124.98922543510675,-30.875,-2.0,QT450-10,198.81499741285413,,,,False
13,2,6,124.98922543510675,-30.875,0.0,QT450-10,198.84448293811488,,,,False
13,2,7,124.98922543510675,-30.875,2.0,QT450-10,198.81499741285413,,,,False
13,2,8,124.98922543510675,-30.875,4.0,QT450-10,198.72634133339196,,,,False
13,2,9,124.98922543510675,-30.875,6.0,QT450-10,198.57765646870348,,,,False
13,2,10,124.98922543510675,-30.875,8.0,QT450-10,198.3665134264713,,,,False
13,2,11,124.98922543510675,-30.875,10.0,QT450-10,198.0869977605537,,,,False
13,2,12,124.98922543510675,-30.875,12.0,QT450-10,197.7267796973587,,,,False
13,3,0,124.98922543510675,-28.3125,-12.0,QT450-10,198.8413969838766,,,,False
13,3,1,124.98922543510675,-28.3125,-10.0,QT450-10,199.2216240292166,,,,False
13,3,2,124.98922543510675,-28.3125,-8.0,QT450-10,199.5238176515575,,,,False
13,3,3,124.98922543510675,-28.3125,-6.0,QT450-10,199.75385364104775,,,,False
13,3,4,124.98922543510675,-28.3125,-4.0,QT450-10,199.9158662856006,,,,False
13,3,5,124.98922543510675,-28.3125,-2.0,QT450-10,200.0122811784384,,,,False
13,3,6,124.98922543510675,-28.3125,0.0,QT450-10,200.04430057488239,,,,False
13,3,7,124.98922543510675,-28.3125,2.0,QT450-10,200.0122811784384,,,,False
13,3,8,124.98922543510675,-28.3125,4.0,QT450-10,199.9158662856006,,,,False
13,3,9,124.98922543510675,-28.3125,6.0,QT450-10,199.75385364104775,,,,False
13,3,10,124.98922543510675,-28.3125,8.0,QT450-10,199.5238176515575,,,,False
13,3,11,124.98922543510675,-28.3125,10.0,QT450-10,199.2216240292166,,,,False
13,3,12,124.98922543510675,-28.3125,12.0,QT450-10,198.8413969838766,,,,False
13,4,0,124.98922543510675,-25.75,-12.0,QT450-10,200.23829409348278,,,,False
13,4,1,124.98922543510675,-25.75,-10.0,QT450-10,200.62962984902114,,,,False
13,4,2,124.98922543510675,-25.75,-8.0,QT450-10,200.94519586998518,,,,False
13,4,3,124.98922543510675,-25.75,-6.0,QT450-10,201.1876020715693,,,,False
13,4,4,124.98922543510675,-25.75,-4.0,QT450-10,201.35915157608042,,,,False
13,4,5,124.98922543510675,-25.75,-2.0,QT450-10,201.46146731429513,,,,False
13,4,6,124.98922543510675,-25.75,0.0,QT450-10,201.49547379487106,,,,False
13,4,7,124.98922543510675,-25.75,2.0,QT450-10,201.46146731429513,,,,False
13,4,8,124.98922543510675,-25.75,4.0,QT450-10,201.35915157608042,,,,False
13,4,9,124.98922543510675,-25.75,6.0,QT450-10,201.1876020715693,,,,False
13,4,10,124.98922543510675,-25.75,8.0,QT450-10,200.94519586998518,,,,False
13,4,11,124.98922543510675,-25.75,10.0,QT450-10,200.62962984902114,,,,False
13,4,12,124.98922543510675,-25.75,12.0,QT450-10,200.23829409348278,,,,False
13,5,0,124.98922543510675,-23.1875,-12.0,QT450-10,202.01408409920765,,,,False
13,5,1,124.98922543510675,-23.1875,-10.0,QT450-10,202.41420867666798,,,,False
13,5,2,124.98922543510675,-23.1875,-8.0,QT450-10,202.73949528874073,,,,False
13,5,3,124.98922543510675,-23.1875,-6.0,QT450-10,202.99098878570416,,,,False
13,5,4,124.98922543510675,-23.1875,-4.0,QT450-10,203.1697666503714,,,,False
13,5,5,124.98922543510675,-23.1875,-2.0,QT450-10,203.2766821907025,,,,False
13,5,6,124.98922543510675,-23.1875,0.0,QT450-10,203.31226202196322,,,,False
13,5,7,124.98922543510675,-23.1875,2.0,QT450-10,203.2766821907025,,,,False
13,5,8,124.98922543510675,-23.1875,4.0,QT450-10,203.1697666503714,,,,False
13,5,9,124.98922543510675,-23.1875,6.0,QT450-10,202.99098878570416,,,,False
13,5,10,124.98922543510675,-23.1875,8.0,QT450-10,202.73949528874073,,,,False
13,5,11,124.98922543510675,-23.1875,10.0,QT450-10,202.41420867666798,,,,False
13,5,12,124.98922543510675,-23.1875,12.0,QT450-10,202.01408409920765,,,,False
13,6,0,124.98922543510675,-20.625,-12.0,QT450-10,204.37060363671398,,,,False
13,6,1,124.98922543510675,-20.625,-10.0,QT450-10,204.78005493631483,,,,False
13,6,2,124.98922543510675,-20.625,-8.0,QT450-10,205.11461045253185,,,,False
13,6,3,124.98922543510675,-20.625,-6.0,QT450-10,205.37444446775416,,,,False
13,6,4,124.98922543510675,-20.625,-4.0,QT450-10,205.55980752523337,,,,False
13,6,5,124.98922543510675,-20.625,-2.0,QT450-10,205.67092468567927,,,,False
13,6,6,124.98922543510675,-20.625,0.0,QT450-10,205.70794641691737,,,,False
13,6,7,124.98922543510675,-20.625,2.0,QT450-10,205.67092468567927,,,,False
13,6,8,124.98922543510675,-20.625,4.0,QT450-10,205.55980752523337,,,,False
13,6,9,124.98922543510675,-20.625,6.0,QT450-10,205.37444446775416,,,,False
13,6,10,124.98922543510675,-20.625,8.0,QT450-10,205.11461045253185,,,,False
13,6,11,124.98922543510675,-20.625,10.0,QT450-10,204.78005493631483,,,,False
13,6,12,124.98922543510675,-20.625,12.0,QT450-10,204.37060363671398,,,,False
13,7,0,124.98922543510675,-18.0625,-12.0,QT450-10,207.725359027303,,,,False
13,7,1,124.98922543510675,-18.0625,-10.0,QT450-10,208.1475195882779,,,,False
13,7,2,124.98922543510675,-18.0625,-8.0,QT450-10,208.49427505559302,,,,False
13,7,3,124.98922543510675,-18.0625,-6.0,QT450-10,208.76493398408812,,,,False
13,7,4,124.98922543510675,-18.0625,-4.0,QT450-10,208.9588270070208,,,,False
13,7,5,124.98922543510675,-18.0625,-2.0,QT450-10,209.07539973851303,,,,False
13,7,6,124.98922543510675,-18.0625,0.0,QT450-10,209.11429986565162,,,,False
13,7,7,124.98922543510675,-18.0625,2.0,QT450-10,209.07539973851303,,,,False
13,7,8,124.98922543510675,-18.0625,4.0,QT450-10,208.9588270070208,,,,False
13,7,9,124.98922543510675,-18.0625,6.0,QT450-10,208.76493398408812,,,,False
13,7,10,124.98922543510675,-18.0625,8.0,QT450-10,208.49427505559302,,,,False
13,7,11,124.98922543510675,-18.0625,10.0,QT450-10,208.1475195882779,,,,False
13,7,12,124.98922543510675,-18.0625,12.0,QT450-10,207.725359027303,,,,False
13,8,0,124.98922543510675,-15.5,-12.0,QT450-10,212.81699612554596,,,,False
13,8,1,124.98922543510675,-15.5,-10.0,QT450-10,213.2643711545469,,,,False
13,8,2,124.98922543510675,-15.5,-8.0,QT450-10,213.6401030122073,,,,False
13,8,3,124.98922543510675,-15.5,-6.0,QT450-10,213.94014081265732,,,,False
13,8,4,124.98922543510675,-15.5,-4.0,QT450-10,214.1596361043531,,,,False
13,8,5,124.98922543510675,-15.5,-2.0,QT450-10,214.2937798396227,,,,False
13,8,6,124.98922543510675,-15.5,0.0,QT450-10,214.33895457555286,,,,False
13,8,7,124.98922543510675,-15.5,2.0,QT450-10,214.2937798396227,,,,False
13,8,8,124.98922543510675,-15.5,4.0,QT450-10,214.1596361043531,,,,False
13,8,9,124.98922543510675,-15.5,6.0,QT450-10,213.94014081265732,,,,False
13,8,10,124.98922543510675,-15.5,8.0,QT450-10,213.6401030122073,,,,False
13,8,11,124.98922543510675,-15.5,10.0,QT450-10,213.2643711545469,,,,False
13,8,12,124.98922543510675,-15.5,12.0,QT450-10,212.81699612554596,,,,False
13,9,0,124.98922543510675,-12.9375,-12.0,QT450-10,220.2905775593445,,,,False
13,9,1,124.98922543510675,-12.9375,-10.0,QT450-10,220.81629387319413,,,,False
13,9,2,124.98922543510675,-12.9375,-8.0,QT450-10,221.3138639691075,,,,False
13,9,3,124.98922543510675,-12.9375,-6.0,QT450-10,221.76699294506417,,,,False
13,9,4,124.98922543510675,-12.9375,-4.0,QT450-10,222.1468300187512,,,,False
13,9,5,124.98922543510675,-12.9375,-2.0,QT450-10,222.40860919566086,,,,False
13,9,6,124.98922543510675,-12.9375,0.0,QT450-10,222.50336721014574,,,,False
13,9,7,124.98922543510675,-12.9375,2.0,QT450-10,222.40860919566086,,,,False
13,9,8,124.98922543510675,-12.9375,4.0,QT450-10,222.1468300187512,,,,False
13,9,9,124.98922543510675,-12.9375,6.0,QT450-10,221.76699294506417,,,,False
13,9,10,124.98922543510675,-12.9375,8.0,QT450-10,221.3138639691075,,,,False
13,9,11,124.98922543510675,-12.9375,10.0,QT450-10,220.81629387319413,,,,False
13,9,12,124.98922543510675,-12.9375,12.0,QT450-10,220.2905775593445,,,,False
13,10,0,124.98922543510675,-10.375,-12.0,QT450-10,230.10575216911738,,,,False
13,10,1,124.98922543510675,-10.375,-10.0,QT450-10,230.878923738994,,,,False
13,10,2,124.98922543510675,-10.375,-8.0,QT450-10,231.86643411423566,,,,False
13,10,3,124.98922543510675,-10.375,-6.0,QT450-10,233.12573812844187,,,,False
13,10,4,124.98922543510675,-10.375,-4.0,QT450-10,234.59197396087035,,,,False
13,10,5,124.98922543510675,-10.375,-2.0,QT450-10,235.84262593552455,,,,False
13,10,6,124.98922543510675,-10.375,0.0,QT450-10,236.34105983870245,,,,False
13,10,7,124.98922543510675,-10.375,2.0,QT450-10,235.84262593552455,,,,False
13,10,8,124.98922543510675,-10.375,4.0,QT450-10,234.59197396087035,,,,False
13,10,9,124.98922543510675,-10.375,6.0,QT450-10,233.12573812844187,,,,False
13,10,10,124.98922543510675,-10.375,8.0,QT450-10,231.86643411423566,,,,False
13,10,11,124.98922543510675,-10.375,10.0,QT450-10,230.878923738994,,,,False
13,10,12,124.98922543510675,-10.375,12.0,QT450-10,230.10575216911738,,,,False
13,11,0,124.98922543510675,-7.8125,-12.0,QT450-10,242.08717585723048,,,,False
13,11,1,124.98922543510675,-7.8125,-10.0,QT450-10,243.4005529697999,,,,False
13,11,2,124.98922543510675,-7.8125,-8.0,QT450-10,245.52654107020894,,,,False
13,11,3,124.98922543510675,-7.8125,-6.0,QT450-10,249.2944556588134,,,,False
13,11,4,124.98922543510675,-7.8125,-4.0,QT450-10,259.340975821399,,,,False
13,11,5,124.98922543510675,-7.8125,-2.0,QT450-10,269.12485672875926,,,,False
13,11,6,124.98922543510675,-7.8125,0.0,QT450-10,273.49871761992154,,,,False
13,11,7,124.98922543510675,-7.8125,2.0,QT450-10,269.12485672875926,,,,False
13,11,8,124.98922543510675,-7.8125,4.0,QT450-10,259.340975821399,,,,False
13,11,9,124.98922543510675,-7.8125,6.0,QT450-10,249.2944556588134,,,,False
13,11,10,124.98922543510675,-7.8125,8.0,QT450-10,245.52654107020894,,,,False
13,11,11,124.98922543510675,-7.8125,10.0,QT450-10,243.4005529697999,,,,False
13,11,12,124.98922543510675,-7.8125,12.0,QT450-10,242.08717585723048,,,,False
13,12,0,124.98922543510675,-5.25,-12.0,QT450-10,254.71697578070894,,,,False
13,12,1,124.98922543510675,-5.25,-10.0,QT450-10,256.86375067961984,,,,False
13,12,2,124.98922543510675,-5.25,-8.0,QT450-10,262.3142356890104,,,,False
13,12,3,124.98922543510675,-5.25,-6.0,QT450-10,278.1489158961698,,,,False
13,12,4,124.98922543510675,-5.25,-4.0,QT450-10,301.92424102988906,,,,False
13,12,5,124.98922543510675,-5.25,-2.0,QT450-10,327.96043556638665,,,,False
13,12,6,124.98922543510675,-5.25,0.0,QT450-10,342.3091446410425,,,,False
13,12,7,124.98922543510675,-5.25,2.0,QT450-10,327.96043556638665,,,,False
13,12,8,124.98922543510675,-5.25,4.0,QT450-10,301.92424102988906,,,,False
13,12,9,124.98922543510675,-5.25,6.0,QT450-10,278.1489158961698,,,,False
13,12,10,124.98922543510675,-5.25,8.0,QT450-10,262.3142356890104,,,,False
13,12,11,124.98922543510675,-5.25,10.0,QT450-10,256.86375067961984,,,,False
13,12,12,124.98922543510675,-5.25,12.0,QT450-10,254.71697578070894,,,,False
13,13,0,124.98922543510675,-2.6875,-12.0,ERNiFe-CI,266.48148662439235,,,,False
13,13,1,124.98922543510675,-2.6875,-10.0,ERNiFe-CI,270.1122074777586,,,,False
13,13,2,124.98922543510675,-2.6875,-8.0,ERNiFe-CI,283.2142836974635,,,,False
13,13,3,124.98922543510675,-2.6875,-6.0,ERNiFe-CI,312.07946877544504,,,,False
13,13,4,124.98922543510675,-2.6875,-4.0,ERNiFe-CI,361.30879689459687,,,,False
13,13,5,124.98922543510675,-2.6875,-2.0,ERNiFe-CI,430.88835709814845,,,,False
13,13,6,124.98922543510675,-2.6875,0.0,ERNiFe-CI,489.40344093990615,,,,False
13,13,7,124.98922543510675,-2.6875,2.0,ERNiFe-CI,430.88835709814845,,,,False
13,13,8,124.98922543510675,-2.6875,4.0,ERNiFe-CI,361.30879689459687,,,,False
13,13,9,124.98922543510675,-2.6875,6.0,ERNiFe-CI,312.07946877544504,,,,False
13,13,10,124.98922543510675,-2.6875,8.0,ERNiFe-CI,283.2142836974635,,,,False
13,13,11,124.98922543510675,-2.6875,10.0,ERNiFe-CI,270.1122074777586,,,,False
13,13,12,124.98922543510675,-2.6875,12.0,ERNiFe-CI,266.48148662439235,,,,False
13,14,0,124.98922543510675,-0.125,-12.0,ERNiFe-CI,276.4573676033662,,,,False
13,14,1,124.98922543510675,-0.125,-10.0,ERNiFe-CI,282.4839272250027,,,,False
13,14,2,124.98922543510675,-0.125,-8.0,ERNiFe-CI,299.7714833968197,,,,False
13,14,3,124.98922543510675,-0.125,-6.0,ERNiFe-CI,339.8120800869012,,,,False
13,14,4,124.98922543510675,-0.125,-4.0,ERNiFe-CI,421.4357519402908,,,,False
13,14,5,124.98922543510675,-0.125,-2.0,ERNiFe-CI,592.0997481512036,,,,False
13,14,6,124.98922543510675,-0.125,0.0,ERNiFe-CI,848.4659135002156,87.2279041445185,89.57921900148297,2.351314856964464,True
13,14,7,124.98922543510675,-0.125,2.0,ERNiFe-CI,592.0997481512036,,,,False
13,14,8,124.98922543510675,-0.125,4.0,ERNiFe-CI,421.4357519402908,,,,False
13,14,9,124.98922543510675,-0.125,6.0,ERNiFe-CI,339.8120800869012,,,,False
13,14,10,124.98922543510675,-0.125,8.0,ERNiFe-CI,299.7714833968197,,,,False
13,14,11,124.98922543510675,-0.125,10.0,ERNiFe-CI,282.4839272250027,,,,False
13,14,12,124.98922543510675,-0.125,12.0,ERNiFe-CI,276.4573676033662,,,,False
13,15,0,124.98922543510675,2.4375,-12.0,ERNiFe-CI,283.7726765811819,,,,False
13,15,1,124.98922543510675,2.4375,-10.0,ERNiFe-CI,290.3144416872159,,,,False
13,15,2,124.98922543510675,2.4375,-8.0,ERNiFe-CI,307.0452914607931,,,,False
13,15,3,124.98922543510675,2.4375,-6.0,ERNiFe-CI,340.3644555876894,,,,False
13,15,4,124.98922543510675,2.4375,-4.0,ERNiFe-CI,394.909070708764,,,,False
13,15,5,124.98922543510675,2.4375,-2.0,ERNiFe-CI,470.965744956453,,,,False
13,15,6,124.98922543510675,2.4375,0.0,ERNiFe-CI,536.2775400014203,,,,False
13,15,7,124.98922543510675,2.4375,2.0,ERNiFe-CI,470.965744956453,,,,False
13,15,8,124.98922543510675,2.4375,4.0,ERNiFe-CI,394.909070708764,,,,False
13,15,9,124.98922543510675,2.4375,6.0,ERNiFe-CI,340.3644555876894,,,,False
13,15,10,124.98922543510675,2.4375,8.0,ERNiFe-CI,307.0452914607931,,,,False
13,15,11,124.98922543510675,2.4375,10.0,ERNiFe-CI,290.3144416872159,,,,False
13,15,12,124.98922543510675,2.4375,12.0,ERNiFe-CI,283.7726765811819,,,,False
13,16,0,124.98922543510675,5.0,-12.0,Q235B,287.5034828567113,,,,False
13,16,1,124.98922543510675,5.0,-10.0,Q235B,293.5520982479051,,,,False
13,16,2,124.98922543510675,5.0,-8.0,Q235B,308.65296358461546,,,,False
13,16,3,124.98922543510675,5.0,-6.0,Q235B,335.4464254607522,,,,False
13,16,4,124.98922543510675,5.0,-4.0,Q235B,372.2017997177026,,,,False
13,16,5,124.98922543510675,5.0,-2.0,Q235B,410.39623905792246,,,,False
13,16,6,124.98922543510675,5.0,0.0,Q235B,430.6457699211381,,,,False
13,16,7,124.98922543510675,5.0,2.0,Q235B,410.39623905792246,,,,False
13,16,8,124.98922543510675,5.0,4.0,Q235B,372.2017997177026,,,,False
13,16,9,124.98922543510675,5.0,6.0,Q235B,335.4464254607522,,,,False
13,16,10,124.98922543510675,5.0,8.0,Q235B,308.65296358461546,,,,False
13,16,11,124.98922543510675,5.0,10.0,Q235B,293.5520982479051,,,,False
13,16,12,124.98922543510675,5.0,12.0,Q235B,287.5034828567113,,,,False
14,0,0,134.60378123780725,-36.0,-12.0,QT450-10,195.73394765411436,,,,False
14,0,1,134.60378123780725,-36.0,-10.0,QT450-10,195.86822851898071,,,,False
14,0,2,134.60378123780725,-36.0,-8.0,QT450-10,196.0315693132257,,,,False
14,0,3,134.60378123780725,-36.0,-6.0,QT450-10,196.18048691802758,,,,False
14,0,4,134.60378123780725,-36.0,-4.0,QT450-10,196.2954664131596,,,,False
14,0,5,134.60378123780725,-36.0,-2.0,QT450-10,196.3672499133926,,,,False
14,0,6,134.60378123780725,-36.0,0.0,QT450-10,196.39159102597,,,,False
14,0,7,134.60378123780725,-36.0,2.0,QT450-10,196.3672499133926,,,,False
14,0,8,134.60378123780725,-36.0,4.0,QT450-10,196.2954664131596,,,,False
14,0,9,134.60378123780725,-36.0,6.0,QT450-10,196.18048691802758,,,,False
14,0,10,134.60378123780725,-36.0,8.0,QT450-10,196.0315693132257,,,,False
14,0,11,134.60378123780725,-36.0,10.0,QT450-10,195.86822851898071,,,,False
14,0,12,134.60378123780725,-36.0,12.0,QT450-10,195.73394765411436,,,,False
14,1,0,134.60378123780725,-33.4375,-12.0,QT450-10,196.29524774850805,,,,False
14,1,1,134.60378123780725,-33.4375,-10.0,QT450-10,196.60308871344728,,,,False
14,1,2,134.60378123780725,-33.4375,-8.0,QT450-10,196.83881687254387,,,,False
14,1,3,134.60378123780725,-33.4375,-6.0,QT450-10,197.0206865041527,,,,False
14,1,4,134.60378123780725,-33.4375,-4.0,QT450-10,197.15157173248102,,,,False
14,1,5,134.60378123780725,-33.4375,-2.0,QT450-10,197.23076716489362,,,,False
14,1,6,134.60378123780725,-33.4375,0.0,QT450-10,197.25729314172494,,,,False
14,1,7,134.60378123780725,-33.4375,2.0,QT450-10,197.23076716489362,,,,False
14,1,8,134.60378123780725,-33.4375,4.0,QT450-10,197.15157173248102,,,,False
14,1,9,134.60378123780725,-33.4375,6.0,QT450-10,197.0206865041527,,,,False
14,1,10,134.60378123780725,-33.4375,8.0,QT450-10,196.83881687254387,,,,False
14,1,11,134.60378123780725,-33.4375,10.0,QT450-10,196.60308871344728,,,,False
14,1,12,134.60378123780725,-33.4375,12.0,QT450-10,196.29524774850805,,,,False
14,2,0,134.60378123780725,-30.875,-12.0,QT450-10,197.14992898041237,,,,False
14,2,1,134.60378123780725,-30.875,-10.0,QT450-10,197.5085241833993,,,,False
14,2,2,134.60378123780725,-30.875,-8.0,QT450-10,197.78677432570646,,,,False
14,2,3,134.60378123780725,-30.875,-6.0,QT450-10,197.99695773552332,,,,False
14,2,4,134.60378123780725,-30.875,-4.0,QT450-10,198.14496502461105,,,,False
14,2,5,134.60378123780725,-30.875,-2.0,QT450-10,198.233216410231,,,,False
14,2,6,134.60378123780725,-30.875,0.0,QT450-10,198.26256723191653,,,,False
14,2,7,134.60378123780725,-30.875,2.0,QT450-10,198.233216410231,,,,False
14,2,8,134.60378123780725,-30.875,4.0,QT450-10,198.14496502461105,,,,False
14,2,9,134.60378123780725,-30.875,6.0,QT450-10,197.99695773552332,,,,False
14,2,10,134.60378123780725,-30.875,8.0,QT450-10,197.78677432570646,,,,False
14,2,11,134.60378123780725,-30.875,10.0,QT450-10,197.5085241833993,,,,False
14,2,12,134.60378123780725,-30.875,12.0,QT450-10,197.14992898041237,,,,False
14,3,0,134.60378123780725,-28.3125,-12.0,QT450-10,198.2505932887667,,,,False
14,3,1,134.60378123780725,-28.3125,-10.0,QT450-10,198.62907144306817,,,,False
14,3,2,134.60378123780725,-28.3125,-8.0,QT450-10,198.92986790147947,,,,False
14,3,3,134.60378123780725,-28.3125,-6.0,QT450-10,199.1588361109843,,,,False
14,3,4,134.60378123780725,-28.3125,-4.0,QT450-10,199.3200945776099,,,,False
14,3,5,134.60378123780725,-28.3125,-2.0,QT450-10,199.41605983232674,,,,False
14,3,6,134.60378123780725,-28.3125,0.0,QT450-10,199.44792977140636,,,,False
14,3,7,134.60378123780725,-28.3125,2.0,QT450-10,199.41605983232674,,,,False
14,3,8,134.60378123780725,-28.3125,4.0,QT450-10,199.3200945776099,,,,False
14,3,9,134.60378123780725,-28.3125,6.0,QT450-10,199.1588361109843,,,,False
14,3,10,134.60378123780725,-28.3125,8.0,QT450-10,198.92986790147947,,,,False
14,3,11,134.60378123780725,-28.3125,10.0,QT450-10,198.62907144306817,,,,False
14,3,12,134.60378123780725,-28.3125,12.0,QT450-10,198.2505932887667,,,,False
14,4,0,134.60378123780725,-25.75,-12.0,QT450-10,199.6284493710232,,,,False
14,4,1,134.60378123780725,-25.75,-10.0,QT450-10,200.01792837035794,,,,False
14,4,2,134.60378123780725,-25.75,-8.0,QT450-10,200.33199172439856,,,,False
14,4,3,134.60378123780725,-25.75,-6.0,QT450-10,200.57324018664337,,,,False
14,4,4,134.60378123780725,-25.75,-4.0,QT450-10,200.74396765494467,,,,False
14,4,5,134.60378123780725,-25.75,-2.0,QT450-10,200.84579227899346,,,,False
14,4,6,134.60378123780725,-25.75,0.0,QT450-10,200.87963539016025,,,,False
14,4,7,134.60378123780725,-25.75,2.0,QT450-10,200.84579227899346,,,,False
14,4,8,134.60378123780725,-25.75,4.0,QT450-10,200.74396765494467,,,,False
14,4,9,134.60378123780725,-25.75,6.0,QT450-10,200.57324018664337,,,,False
14,4,10,134.60378123780725,-25.75,8.0,QT450-10,200.33199172439856,,,,False
14,4,11,134.60378123780725,-25.75,10.0,QT450-10,200.01792837035794,,,,False
14,4,12,134.60378123780725,-25.75,12.0,QT450-10,199.6284493710232,,,,False
14,5,0,134.60378123780725,-23.1875,-12.0,QT450-10,201.37880619779756,,,,False
14,5,1,134.60378123780725,-23.1875,-10.0,QT450-10,201.77695419771467,,,,False
14,5,2,134.60378123780725,-23.1875,-8.0,QT450-10,202.10063039592634,,,,False
14,5,3,134.60378123780725,-23.1875,-6.0,QT450-10,202.3508759571946,,,,False
14,5,4,134.60378123780725,-23.1875,-4.0,QT450-10,202.52876519327765,,,,False
14,5,5,134.60378123780725,-23.1875,-2.0,QT450-10,202.63514843536336,,,,False
14,5,6,134.60378123780725,-23.1875,0.0,QT450-10,202.67055097489214,,,,False
14,5,7,134.60378123780725,-23.1875,2.0,QT450-10,202.63514843536336,,,,False
14,5,8,134.60378123780725,-23.1875,4.0,QT450-10,202.52876519327765,,,,False
14,5,9,134.60378123780725,-23.1875,6.0,QT450-10,202.3508759571946,,,,False
14,5,10,134.60378123780725,-23.1875,8.0,QT450-10,202.10063039592634,,,,False
14,5,11,134.60378123780725,-23.1875,10.0,QT450-10,201.77695419771467,,,,False
14,5,12,134.60378123780725,-23.1875,12.0,QT450-10,201.37880619779756,,,,False
14,6,0,134.60378123780725,-20.625,-12.0,QT450-10,203.70158892344264,,,,False
14,6,1,134.60378123780725,-20.625,-10.0,QT450-10,204.10892068718968,,,,False
14,6,2,134.60378123780725,-20.625,-8.0,QT450-10,204.44173820914395,,,,False
14,6,3,134.60378123780725,-20.625,-6.0,QT450-10,204.70021646558507,,,,False
14,6,4,134.60378123780725,-20.625,-4.0,QT450-10,204.88460740838858,,,,False
14,6,5,134.60378123780725,-20.625,-2.0,QT450-10,204.99514019993063,,,,False
14,6,6,134.60378123780725,-20.625,0.0,QT450-10,205.03196694541643,,,,False
14,6,7,134.60378123780725,-20.625,2.0,QT450-10,204.99514019993063,,,,False
14,6,8,134.60378123780725,-20.625,4.0,QT450-10,204.88460740838858,,,,False
14,6,9,134.60378123780725,-20.625,6.0,QT450-10,204.70021646558507,,,,False
14,6,10,134.60378123780725,-20.625,8.0,QT450-10,204.44173820914395,,,,False
14,6,11,134.60378123780725,-20.625,10.0,QT450-10,204.10892068718968,,,,False
14,6,12,134.60378123780725,-20.625,12.0,QT450-10,203.70158892344264,,,,False
14,7,0,134.60378123780725,-18.0625,-12.0,QT450-10,207.01330881686016,,,,False
14,7,1,134.60378123780725,-18.0625,-10.0,QT450-10,207.43313946147006,,,,False
14,7,2,134.60378123780725,-18.0625,-8.0,QT450-10,207.7779499314428,,,,False
14,7,3,134.60378123780725,-18.0625,-6.0,QT450-10,208.04705688837987,,,,False
14,7,4,134.60378123780725,-18.0625,-4.0,QT450-10,208.23982397767017,,,,False
14,7,5,134.60378123780725,-18.0625,-2.0,QT450-10,208.35571341258054,,,,False
14,7,6,134.60378123780725,-18.0625,0.0,QT450-10,208.39438240600387,,,,False
14,7,7,134.60378123780725,-18.0625,2.0,QT450-10,208.35571341258054,,,,False
14,7,8,134.60378123780725,-18.0625,4.0,QT450-10,208.23982397767017,,,,False
14,7,9,134.60378123780725,-18.0625,6.0,QT450-10,208.04705688837987,,,,False
14,7,10,134.60378123780725,-18.0625,8.0,QT450-10,207.7779499314428,,,,False
14,7,11,134.60378123780725,-18.0625,10.0,QT450-10,207.43313946147006,,,,False
14,7,12,134.60378123780725,-18.0625,12.0,QT450-10,207.01330881686016,,,,False
14,8,0,134.60378123780725,-15.5,-12.0,QT450-10,212.06082057395733,,,,False
14,8,1,134.60378123780725,-15.5,-10.0,QT450-10,212.50545435157912,,,,False
14,8,2,134.60378123780725,-15.5,-8.0,QT450-10,212.87865410840922,,,,False
14,8,3,134.60378123780725,-15.5,-6.0,QT450-10,213.1765012311393,,,,False
14,8,4,134.60378123780725,-15.5,-4.0,QT450-10,213.3942654257423,,,,False
14,8,5,134.60378123780725,-15.5,-2.0,QT450-10,213.52729444761,,,,False
14,8,6,134.60378123780725,-15.5,0.0,QT450-10,213.57207346242842,,,,False
14,8,7,134.60378123780725,-15.5,2.0,QT450-10,213.52729444761,,,,False
14,8,8,134.60378123780725,-15.5,4.0,QT450-10,213.3942654257423,,,,False
14,8,9,134.60378123780725,-15.5,6.0,QT450-10,213.1765012311393,,,,False
14,8,10,134.60378123780725,-15.5,8.0,QT450-10,212.87865410840922,,,,False
14,8,11,134.60378123780725,-15.5,10.0,QT450-10,212.50545435157912,,,,False
14,8,12,134.60378123780725,-15.5,12.0,QT450-10,212.06082057395733,,,,False
14,9,0,134.60378123780725,-12.9375,-12.0,QT450-10,219.50413387084845,,,,False
14,9,1,134.60378123780725,-12.9375,-10.0,QT450-10,220.02639821458953,,,,False
14,9,2,134.60378123780725,-12.9375,-8.0,QT450-10,220.52024098796386,,,,False
14,9,3,134.60378123780725,-12.9375,-6.0,QT450-10,220.96955083991662,,,,False
14,9,4,134.60378123780725,-12.9375,-4.0,QT450-10,221.3458754723585,,,,False
14,9,5,134.60378123780725,-12.9375,-2.0,QT450-10,221.60507699328434,,,,False
14,9,6,134.60378123780725,-12.9375,0.0,QT450-10,221.69887952265557,,,,False
14,9,7,134.60378123780725,-12.9375,2.0,QT450-10,221.60507699328434,,,,False
14,9,8,134.60378123780725,-12.9375,4.0,QT450-10,221.3458754723585,,,,False
14,9,9,134.60378123780725,-12.9375,6.0,QT450-10,220.96955083991662,,,,False
14,9,10,134.60378123780725,-12.9375,8.0,QT450-10,220.52024098796386,,,,False
14,9,11,134.60378123780725,-12.9375,10.0,QT450-10,220.02639821458953,,,,False
14,9,12,134.60378123780725,-12.9375,12.0,QT450-10,219.50413387084845,,,,False
14,10,0,134.60378123780725,-10.375,-12.0,QT450-10,229.30020407991998,,,,False
14,10,1,134.60378123780725,-10.375,-10.0,QT450-10,230.06825118465076,,,,False
14,10,2,134.60378123780725,-10.375,-8.0,QT450-10,231.04883567220995,,,,False
14,10,3,134.60378123780725,-10.375,-6.0,QT450-10,232.29997279015905,,,,False
14,10,4,134.60378123780725,-10.375,-4.0,QT450-10,233.7585442931759,,,,False
14,10,5,134.60378123780725,-10.375,-2.0,QT450-10,235.00416920293816,,,,False
14,10,6,134.60378123780725,-10.375,0.0,QT450-10,235.50076315356424,,,,False
14,10,7,134.60378123780725,-10.375,2.0,QT450-10,235.00416920293816,,,,False
14,10,8,134.60378123780725,-10.375,4.0,QT450-10,233.7585442931759,,,,False
14,10,9,134.60378123780725,-10.375,6.0,QT450-10,232.29997279015905,,,,False
14,10,10,134.60378123780725,-10.375,8.0,QT450-10,231.04883567220995,,,,False
14,10,11,134.60378123780725,-10.375,10.0,QT450-10,230.06825118465076,,,,False
14,10,12,134.60378123780725,-10.375,12.0,QT450-10,229.30020407991998,,,,False
14,11,0,134.60378123780725,-7.8125,-12.0,QT450-10,241.26938401124923,,,,False
14,11,1,134.60378123780725,-7.8125,-10.0,QT450-10,242.5771287061664,,,,False
14,11,2,134.60378123780725,-7.8125,-8.0,QT450-10,244.69502172789342,,,,False
14,11,3,134.60378123780725,-7.8125,-6.0,QT450-10,248.44055338827414,,,,False
14,11,4,134.60378123780725,-7.8125,-4.0,QT450-10,258.48657293145516,,,,False
14,11,5,134.60378123780725,-7.8125,-2.0,QT450-10,268.269393793321,,,,False
14,11,6,134.60378123780725,-7.8125,0.0,QT450-10,272.6435517604817,,,,False
14,11,7,134.60378123780725,-7.8125,2.0,QT450-10,268.269393793321,,,,False
14,11,8,134.60378123780725,-7.8125,4.0,QT450-10,258.48657293145516,,,,False
14,11,9,134.60378123780725,-7.8125,6.0,QT450-10,248.4405533882741,,,,False
14,11,10,134.60378123780725,-7.8125,8.0,QT450-10,244.69502172789342,,,,False
14,11,11,134.60378123780725,-7.8125,10.0,QT450-10,242.5771287061664,,,,False
14,11,12,134.60378123780725,-7.8125,12.0,QT450-10,241.26938401124923,,,,False
14,12,0,134.60378123780725,-5.25,-12.0,QT450-10,253.89311645656863,,,,False
14,12,1,134.60378123780725,-5.25,-10.0,QT450-10,256.0328786733802,,,,False
14,12,2,134.60378123780725,-5.25,-8.0,QT450-10,261.46383592960706,,,,False
14,12,3,134.60378123780725,-5.25,-6.0,QT450-10,277.2986181019426,,,,False
14,12,4,134.60378123780725,-5.25,-4.0,QT450-10,301.0715927449275,,,,False
14,12,5,134.60378123780725,-5.25,-2.0,QT450-10,327.10566126609,,,,False
14,12,6,134.60378123780725,-5.25,0.0,QT450-10,341.4546742111349,,,,False
14,12,7,134.60378123780725,-5.25,2.0,QT450-10,327.10566126609,,,,False
14,12,8,134.60378123780725,-5.25,4.0,QT450-10,301.07159274492744,,,,False
14,12,9,134.60378123780725,-5.25,6.0,QT450-10,277.2986181019426,,,,False
14,12,10,134.60378123780725,-5.25,8.0,QT450-10,261.46383592960706,,,,False
14,12,11,134.60378123780725,-5.25,10.0,QT450-10,256.0328786733802,,,,False
14,12,12,134.60378123780725,-5.25,12.0,QT450-10,253.89311645656863,,,,False
14,13,0,134.60378123780725,-2.6875,-12.0,ERNiFe-CI,265.65482632900193,,,,False
14,13,1,134.60378123780725,-2.6875,-10.0,ERNiFe-CI,269.26877264983455,,,,False
14,13,2,134.60378123780725,-2.6875,-8.0,ERNiFe-CI,282.3675182655599,,,,False
14,13,3,134.60378123780725,-2.6875,-6.0,ERNiFe-CI,311.2309335429657,,,,False
14,13,4,134.60378123780725,-2.6875,-4.0,ERNiFe-CI,360.4557845466486,,,,False
14,13,5,134.60378123780725,-2.6875,-2.0,ERNiFe-CI,430.03408345631897,,,,False
14,13,6,134.60378123780725,-2.6875,0.0,ERNiFe-CI,488.5554891669753,,,,False
14,13,7,134.60378123780725,-2.6875,2.0,ERNiFe-CI,430.03408345631897,,,,False
14,13,8,134.60378123780725,-2.6875,4.0,ERNiFe-CI,360.4557845466486,,,,False
14,13,9,134.60378123780725,-2.6875,6.0,ERNiFe-CI,311.2309335429657,,,,False
14,13,10,134.60378123780725,-2.6875,8.0,ERNiFe-CI,282.3675182655599,,,,False
14,13,11,134.60378123780725,-2.6875,10.0,ERNiFe-CI,269.26877264983455,,,,False
14,13,12,134.60378123780725,-2.6875,12.0,ERNiFe-CI,265.65482632900193,,,,False
14,14,0,134.60378123780725,-0.125,-12.0,ERNiFe-CI,275.6252922046075,,,,False
14,14,1,134.60378123780725,-0.125,-10.0,ERNiFe-CI,281.64219628052155,,,,False
14,14,2,134.60378123780725,-0.125,-8.0,ERNiFe-CI,298.9283640816089,,,,False
14,14,3,134.60378123780725,-0.125,-6.0,ERNiFe-CI,338.96808215332385,,,,False
14,14,4,134.60378123780725,-0.125,-4.0,ERNiFe-CI,420.5880487009801,,,,False
14,14,5,134.60378123780725,-0.125,-2.0,ERNiFe-CI,591.2552973983203,,,,False
14,14,6,134.60378123780725,-0.125,0.0,ERNiFe-CI,847.6231860972226,93.62860460967177,95.97991532809037,2.3513107184186026,True
14,14,7,134.60378123780725,-0.125,2.0,ERNiFe-CI,591.2552973983203,,,,False
14,14,8,134.60378123780725,-0.125,4.0,ERNiFe-CI,420.5880487009801,,,,False
14,14,9,134.60378123780725,-0.125,6.0,ERNiFe-CI,338.96808215332385,,,,False
14,14,10,134.60378123780725,-0.125,8.0,ERNiFe-CI,298.92836408160883,,,,False
14,14,11,134.60378123780725,-0.125,10.0,ERNiFe-CI,281.64219628052155,,,,False
14,14,12,134.60378123780725,-0.125,12.0,ERNiFe-CI,275.6252922046075,,,,False
14,15,0,134.60378123780725,2.4375,-12.0,ERNiFe-CI,282.9402499421513,,,,False
14,15,1,134.60378123780725,2.4375,-10.0,ERNiFe-CI,289.4767752530687,,,,False
14,15,2,134.60378123780725,2.4375,-8.0,ERNiFe-CI,306.20827124008633,,,,False
14,15,3,134.60378123780725,2.4375,-6.0,ERNiFe-CI,339.528778212454,,,,False
14,15,4,134.60378123780725,2.4375,-4.0,ERNiFe-CI,394.0766419653117,,,,False
14,15,5,134.60378123780725,2.4375,-2.0,ERNiFe-CI,470.12895503007894,,,,False
14,15,6,134.60378123780725,2.4375,0.0,ERNiFe-CI,535.4467317731077,,,,False
14,15,7,134.60378123780725,2.4375,2.0,ERNiFe-CI,470.128955030079,,,,False
14,15,8,134.60378123780725,2.4375,4.0,ERNiFe-CI,394.0766419653117,,,,False
14,15,9,134.60378123780725,2.4375,6.0,ERNiFe-CI,339.52877821245403,,,,False
14,15,10,134.60378123780725,2.4375,8.0,ERNiFe-CI,306.20827124008633,,,,False
14,15,11,134.60378123780725,2.4375,10.0,ERNiFe-CI,289.4767752530687,,,,False
14,15,12,134.60378123780725,2.4375,12.0,ERNiFe-CI,282.9402499421513,,,,False
14,16,0,134.60378123780725,5.0,-12.0,Q235B,286.6723594937727,,,,False
14,16,1,134.60378123780725,5.0,-10.0,Q235B,292.7186330154458,,,,False
14,16,2,134.60378123780725,5.0,-8.0,Q235B,307.8217663312272,,,,False
14,16,3,134.60378123780725,5.0,-6.0,Q235B,334.6169467403309,,,,False
14,16,4,134.60378123780725,5.0,-4.0,Q235B,371.37625124145006,,,,False
14,16,5,134.60378123780725,5.0,-2.0,Q235B,409.5760616668334,,,,False
14,16,6,134.60378123780725,5.0,0.0,Q235B,429.8306556384515,,,,False
14,16,7,134.60378123780725,5.0,2.0,Q235B,409.57606166683337,,,,False
14,16,8,134.60378123780725,5.0,4.0,Q235B,371.37625124145006,,,,False
14,16,9,134.60378123780725,5.0,6.0,Q235B,334.6169467403309,,,,False
14,16,10,134.60378123780725,5.0,8.0,Q235B,307.8217663312272,,,,False
14,16,11,134.60378123780725,5.0,10.0,Q235B,292.7186330154458,,,,False
14,16,12,134.60378123780725,5.0,12.0,Q235B,286.6723594937727,,,,False
15,0,0,144.21833704050778,-36.0,-12.0,QT450-10,195.12071088062075,,,,False
15,0,1,144.21833704050778,-36.0,-10.0,QT450-10,195.25434201845476,,,,False
15,0,2,144.21833704050778,-36.0,-8.0,QT450-10,195.41689157789983,,,,False
15,0,3,144.21833704050778,-36.0,-6.0,QT450-10,195.56508705337,,,,False
15,0,4,144.21833704050778,-36.0,-4.0,QT450-10,195.67950850736688,,,,False
15,0,5,144.21833704050778,-36.0,-2.0,QT450-10,195.75094316922193,,,,False
15,0,6,144.21833704050778,-36.0,0.0,QT450-10,195.77516592030693,,,,False
15,0,7,144.21833704050778,-36.0,2.0,QT450-10,195.75094316922193,,,,False
15,0,8,144.21833704050778,-36.0,4.0,QT450-10,195.67950850736688,,,,False
15,0,9,144.21833704050778,-36.0,6.0,QT450-10,195.56508705337,,,,False
15,0,10,144.21833704050778,-36.0,8.0,QT450-10,195.41689157789983,,,,False
15,0,11,144.21833704050778,-36.0,10.0,QT450-10,195.25434201845476,,,,False
15,0,12,144.21833704050778,-36.0,12.0,QT450-10,195.12071088062075,,,,False
15,1,0,144.21833704050778,-33.4375,-12.0,QT450-10,195.67722655488572,,,,False
15,1,1,144.21833704050778,-33.4375,-10.0,QT450-10,195.9835743167852,,,,False
15,1,2,144.21833704050778,-33.4375,-8.0,QT450-10,196.21815466727622,,,,False
15,1,3,144.21833704050778,-33.4375,-6.0,QT450-10,196.39913701588094,,,,False
15,1,4,144.21833704050778,-33.4375,-4.0,QT450-10,196.5293826466954,,,,False
15,1,5,144.21833704050778,-33.4375,-2.0,QT450-10,196.60819068519172,,,,False
15,1,6,144.21833704050778,-33.4375,0.0,QT450-10,196.6345868447346,,,,False
15,1,7,144.21833704050778,-33.4375,2.0,QT450-10,196.60819068519172,,,,False
15,1,8,144.21833704050778,-33.4375,4.0,QT450-10,196.5293826466954,,,,False
15,1,9,144.21833704050778,-33.4375,6.0,QT450-10,196.39913701588094,,,,False
15,1,10,144.21833704050778,-33.4375,8.0,QT450-10,196.21815466727622,,,,False
15,1,11,144.21833704050778,-33.4375,10.0,QT450-10,195.9835743167852,,,,False
15,1,12,144.21833704050778,-33.4375,12.0,QT450-10,195.67722655488572,,,,False
15,2,0,144.21833704050778,-30.875,-12.0,QT450-10,196.52352390987772,,,,False
15,2,1,144.21833704050778,-30.875,-10.0,QT450-10,196.88036279532514,,,,False
15,2,2,144.21833704050778,-30.875,-8.0,QT450-10,197.1572444647142,,,,False
15,2,3,144.21833704050778,-30.875,-6.0,QT450-10,197.36639077180283,,,,False
15,2,4,144.21833704050778,-30.875,-4.0,QT450-10,197.5136660626311,,,,False
15,2,5,144.21833704050778,-30.875,-2.0,QT450-10,197.60148035431345,,,,False
15,2,6,144.21833704050778,-30.875,0.0,QT450-10,197.630685707056,,,,False
15,2,7,144.21833704050778,-30.875,2.0,QT450-10,197.60148035431345,,,,False
15,2,8,144.21833704050778,-30.875,4.0,QT450-10,197.5136660626311,,,,False
15,2,9,144.21833704050778,-30.875,6.0,QT450-10,197.36639077180283,,,,False
15,2,10,144.21833704050778,-30.875,8.0,QT450-10,197.1572444647142,,,,False
15,2,11,144.21833704050778,-30.875,10.0,QT450-10,196.88036279532514,,,,False
15,2,12,144.21833704050778,-30.875,12.0,QT450-10,196.52352390987772,,,,False
15,3,0,144.21833704050778,-28.3125,-12.0,QT450-10,197.61219503286569,,,,False
15,3,1,144.21833704050778,-28.3125,-10.0,QT450-10,197.9887914539041,,,,False
15,3,2,144.21833704050778,-28.3125,-8.0,QT450-10,198.28808611071153,,,,False
15,3,3,144.21833704050778,-28.3125,-6.0,QT450-10,198.5159073626565,,,,False
15,3,4,144.21833704050778,-28.3125,-4.0,QT450-10,198.67635615647131,,,,False
15,3,5,144.21833704050778,-28.3125,-2.0,QT450-10,198.7718388768036,,,,False
15,3,6,144.21833704050778,-28.3125,0.0,QT450-10,198.80354845571736,,,,False
15,3,7,144.21833704050778,-28.3125,2.0,QT450-10,198.7718388768036,,,,False
15,3,8,144.21833704050778,-28.3125,4.0,QT450-10,198.67635615647131,,,,False
15,3,9,144.21833704050778,-28.3125,6.0,QT450-10,198.5159073626565,,,,False
15,3,10,144.21833704050778,-28.3125,8.0,QT450-10,198.28808611071153,,,,False
15,3,11,144.21833704050778,-28.3125,10.0,QT450-10,197.9887914539041,,,,False
15,3,12,144.21833704050778,-28.3125,12.0,QT450-10,197.61219503286569,,,,False
15,4,0,144.21833704050778,-25.75,-12.0,QT450-10,198.97391669510353,,,,False
15,4,1,144.21833704050778,-25.75,-10.0,QT450-10,199.3614158152109,,,,False
15,4,2,144.21833704050778,-25.75,-8.0,QT450-10,199.6738758190079,,,,False
15,4,3,144.21833704050778,-25.75,-6.0,QT450-10,199.91388896074736,,,,False
15,4,4,144.21833704050778,-25.75,-4.0,QT450-10,200.08374033703555,,,,False
15,4,5,144.21833704050778,-25.75,-2.0,QT450-10,200.185041712047,,,,False
15,4,6,144.21833704050778,-25.75,0.0,QT450-10,200.21871079172988,,,,False
15,4,7,144.21833704050778,-25.75,2.0,QT450-10,200.185041712047,,,,False
15,4,8,144.21833704050778,-25.75,4.0,QT450-10,200.08374033703555,,,,False
15,4,9,144.21833704050778,-25.75,6.0,QT450-10,199.91388896074736,,,,False
15,4,10,144.21833704050778,-25.75,8.0,QT450-10,199.6738758190079,,,,False
15,4,11,144.21833704050778,-25.75,10.0,QT450-10,199.3614158152109,,,,False
15,4,12,144.21833704050778,-25.75,12.0,QT450-10,198.97391669510353,,,,False
15,5,0,144.21833704050778,-23.1875,-12.0,QT450-10,200.70297905134794,,,,False
15,5,1,144.21833704050778,-23.1875,-10.0,QT450-10,201.09903281730976,,,,False
15,5,2,144.21833704050778,-23.1875,-8.0,QT450-10,201.42100473489592,,,,False
15,5,3,144.21833704050778,-23.1875,-6.0,QT450-10,201.66992996641864,,,,False
15,5,4,144.21833704050778,-23.1875,-4.0,QT450-10,201.84687902083726,,,,False
15,5,5,144.21833704050778,-23.1875,-2.0,QT450-10,201.9526996881544,,,,False
15,5,6,144.21833704050778,-23.1875,0.0,QT450-10,201.9879148916537,,,,False
15,5,7,144.21833704050778,-23.1875,2.0,QT450-10,201.9526996881544,,,,False
15,5,8,144.21833704050778,-23.1875,4.0,QT450-10,201.84687902083726,,,,False
15,5,9,144.21833704050778,-23.1875,6.0,QT450-10,201.66992996641864,,,,False
15,5,10,144.21833704050778,-23.1875,8.0,QT450-10,201.42100473489592,,,,False
15,5,11,144.21833704050778,-23.1875,10.0,QT450-10,201.09903281730976,,,,False
15,5,12,144.21833704050778,-23.1875,12.0,QT450-10,200.70297905134794,,,,False
15,6,0,144.21833704050778,-20.625,-12.0,QT450-10,202.99770652647905,,,,False
15,6,1,144.21833704050778,-20.625,-10.0,QT450-10,203.40281643604135,,,,False
15,6,2,144.21833704050778,-20.625,-8.0,QT450-10,203.7338125163974,,,,False
15,6,3,144.21833704050778,-20.625,-6.0,QT450-10,203.99087149940516,,,,False
15,6,4,144.21833704050778,-20.625,-4.0,QT450-10,204.17424700120546,,,,False
15,6,5,144.21833704050778,-20.625,-2.0,QT450-10,204.28416976328154,,,,False
15,6,6,144.21833704050778,-20.625,0.0,QT450-10,204.32079302746266,,,,False
15,6,7,144.21833704050778,-20.625,2.0,QT450-10,204.28416976328154,,,,False
15,6,8,144.21833704050778,-20.625,4.0,QT450-10,204.17424700120546,,,,False
15,6,9,144.21833704050778,-20.625,6.0,QT450-10,203.99087149940516,,,,False
15,6,10,144.21833704050778,-20.625,8.0,QT450-10,203.7338125163974,,,,False
15,6,11,144.21833704050778,-20.625,10.0,QT450-10,203.40281643604135,,,,False
15,6,12,144.21833704050778,-20.625,12.0,QT450-10,202.99770652647905,,,,False
15,7,0,144.21833704050778,-18.0625,-12.0,QT450-10,206.27374949844562,,,,False
15,7,1,144.21833704050778,-18.0625,-10.0,QT450-10,206.6911763997204,,,,False
15,7,2,144.21833704050778,-18.0625,-8.0,QT450-10,207.03398729702985,,,,False
15,7,3,144.21833704050778,-18.0625,-6.0,QT450-10,207.30151653884113,,,,False
15,7,4,144.21833704050778,-18.0625,-4.0,QT450-10,207.49313188951996,,,,False
15,7,5,144.21833704050778,-18.0625,-2.0,QT450-10,207.60832832444336,,,,False
15,7,6,144.21833704050778,-18.0625,0.0,QT450-10,207.6467650701718,,,,False
15,7,7,144.21833704050778,-18.0625,2.0,QT450-10,207.60832832444336,,,,False
15,7,8,144.21833704050778,-18.0625,4.0,QT450-10,207.49313188951996,,,,False
15,7,9,144.21833704050778,-18.0625,6.0,QT450-10,207.30151653884113,,,,False
15,7,10,144.21833704050778,-18.0625,8.0,QT450-10,207.03398729702985,,,,False
15,7,11,144.21833704050778,-18.0625,10.0,QT450-10,206.6911763997204,,,,False
15,7,12,144.21833704050778,-18.0625,12.0,QT450-10,206.27374949844562,,,,False
15,8,0,144.21833704050778,-15.5,-12.0,QT450-10,211.28445047588477,,,,False
15,8,1,144.21833704050778,-15.5,-10.0,QT450-10,211.726323866435,,,,False
15,8,2,144.21833704050778,-15.5,-8.0,QT450-10,212.09704937399093,,,,False
15,8,3,144.21833704050778,-15.5,-6.0,QT450-10,212.39277688322215,,,,False
15,8,4,144.21833704050778,-15.5,-4.0,QT450-10,212.6088906880639,,,,False
15,8,5,144.21833704050778,-15.5,-2.0,QT450-10,212.740861422078,,,,False
15,8,6,144.21833704050778,-15.5,0.0,QT450-10,212.7852740464971,,,,False
15,8,7,144.21833704050778,-15.5,2.0,QT450-10,212.740861422078,,,,False
15,8,8,144.21833704050778,-15.5,4.0,QT450-10,212.6088906880639,,,,False
15,8,9,144.21833704050778,-15.5,6.0,QT450-10,212.39277688322215,,,,False
15,8,10,144.21833704050778,-15.5,8.0,QT450-10,212.09704937399093,,,,False
15,8,11,144.21833704050778,-15.5,10.0,QT450-10,211.726323866435,,,,False
15,8,12,144.21833704050778,-15.5,12.0,QT450-10,211.28445047588477,,,,False
15,9,0,144.21833704050778,-12.9375,-12.0,QT450-10,218.70246788830838,,,,False
15,9,1,144.21833704050778,-12.9375,-10.0,QT450-10,219.22138125231604,,,,False
15,9,2,144.21833704050778,-12.9375,-8.0,QT450-10,219.71174310035465,,,,False
15,9,3,144.21833704050778,-12.9375,-6.0,QT450-10,220.15760891335995,,,,False
15,9,4,144.21833704050778,-12.9375,-4.0,QT450-10,220.53084677190938,,,,False
15,9,5,144.21833704050778,-12.9375,-2.0,QT450-10,220.78784930438596,,,,False
15,9,6,144.21833704050778,-12.9375,0.0,QT450-10,220.88084172679416,,,,False
15,9,7,144.21833704050778,-12.9375,2.0,QT450-10,220.78784930438596,,,,False
15,9,8,144.21833704050778,-12.9375,4.0,QT450-10,220.53084677190938,,,,False
15,9,9,144.21833704050778,-12.9375,6.0,QT450-10,220.15760891335995,,,,False
15,9,10,144.21833704050778,-12.9375,8.0,QT450-10,219.71174310035465,,,,False
15,9,11,144.21833704050778,-12.9375,10.0,QT450-10,219.22138125231604,,,,False
15,9,12,144.21833704050778,-12.9375,12.0,QT450-10,218.70246788830838,,,,False
15,10,0,144.21833704050778,-10.375,-12.0,QT450-10,228.4850792762005,,,,False
15,10,1,144.21833704050778,-10.375,-10.0,QT450-10,229.24889417750563,,,,False
15,10,2,144.21833704050778,-10.375,-8.0,QT450-10,230.22465648966144,,,,False
15,10,3,144.21833704050778,-10.375,-6.0,QT450-10,231.47133774091208,,,,False
15,10,4,144.21833704050778,-10.375,-4.0,QT450-10,232.9270518506288,,,,False
15,10,5,144.21833704050778,-10.375,-2.0,QT450-10,234.17129399256984,,,,False
15,10,6,144.21833704050778,-10.375,0.0,QT450-10,234.6675738529328,,,,False
15,10,7,144.21833704050778,-10.375,2.0,QT450-10,234.17129399256984,,,,False
15,10,8,144.21833704050778,-10.375,4.0,QT450-10,232.92705185062877,,,,False
15,10,9,144.21833704050778,-10.375,6.0,QT450-10,231.47133774091208,,,,False
15,10,10,144.21833704050778,-10.375,8.0,QT450-10,230.22465648966147,,,,False
15,10,11,144.21833704050778,-10.375,10.0,QT450-10,229.24889417750563,,,,False
15,10,12,144.21833704050778,-10.375,12.0,QT450-10,228.4850792762005,,,,False
15,11,0,144.21833704050778,-7.8125,-12.0,QT450-10,240.45137627210883,,,,False
15,11,1,144.21833704050778,-7.8125,-10.0,QT450-10,241.75530442741814,,,,False
15,11,2,144.21833704050778,-7.8125,-8.0,QT450-10,243.86969368425906,,,,False
15,11,3,144.21833704050778,-7.8125,-6.0,QT450-10,247.60002513621606,,,,False
15,11,4,144.21833704050778,-7.8125,-4.0,QT450-10,257.63147191322287,,,,False
15,11,5,144.21833704050778,-7.8125,-2.0,QT450-10,267.41337533069486,,,,False
15,11,6,144.21833704050778,-7.8125,0.0,QT450-10,271.7878689363036,,,,False
15,11,7,144.21833704050778,-7.8125,2.0,QT450-10,267.4133753306949,,,,False
15,11,8,144.21833704050778,-7.8125,4.0,QT450-10,257.63147191322287,,,,False
15,11,9,144.21833704050778,-7.8125,6.0,QT450-10,247.60002513621606,,,,False
15,11,10,144.21833704050778,-7.8125,8.0,QT450-10,243.86969368425903,,,,False
15,11,11,144.21833704050778,-7.8125,10.0,QT450-10,241.75530442741814,,,,False
15,11,12,144.21833704050778,-7.8125,12.0,QT450-10,240.45137627210883,,,,False
15,12,0,144.21833704050778,-5.25,-12.0,QT450-10,253.0777369993748,,,,False
15,12,1,144.21833704050778,-5.25,-10.0,QT450-10,255.21384961881859,,,,False
15,12,2,144.21833704050778,-5.25,-8.0,QT450-10,260.63321560079515,,,,False
15,12,3,144.21833704050778,-5.25,-6.0,QT450-10,276.44796204087595,,,,False
15,12,4,144.21833704050778,-5.25,-4.0,QT450-10,300.2206423698651,,,,False
15,12,5,144.21833704050778,-5.25,-2.0,QT450-10,326.25593604439064,,,,False
15,12,6,144.21833704050778,-5.25,0.0,QT450-10,340.60365895866346,,,,False
15,12,7,144.21833704050778,-5.25,2.0,QT450-10,326.25593604439064,,,,False
15,12,8,144.21833704050778,-5.25,4.0,QT450-10,300.2206423698651,,,,False
15,12,9,144.21833704050778,-5.25,6.0,QT450-10,276.44796204087595,,,,False
15,12,10,144.21833704050778,-5.25,8.0,QT450-10,260.63321560079515,,,,False
15,12,11,144.21833704050778,-5.25,10.0,QT450-10,255.21384961881853,,,,False
15,12,12,144.21833704050778,-5.25,12.0,QT450-10,253.07773699937476,,,,False
15,13,0,144.21833704050778,-2.6875,-12.0,ERNiFe-CI,264.8443346005228,,,,False
15,13,1,144.21833704050778,-2.6875,-10.0,ERNiFe-CI,268.45298765981863,,,,False
15,13,2,144.21833704050778,-2.6875,-8.0,ERNiFe-CI,281.52642093386396,,,,False
15,13,3,144.21833704050778,-2.6875,-6.0,ERNiFe-CI,310.3827639315779,,,,False
15,13,4,144.21833704050778,-2.6875,-4.0,ERNiFe-CI,359.60566203992107,,,,False
15,13,5,144.21833704050778,-2.6875,-2.0,ERNiFe-CI,429.1882324068704,,,,False
15,13,6,144.21833704050778,-2.6875,0.0,ERNiFe-CI,487.70628399065777,,,,False
15,13,7,144.21833704050778,-2.6875,2.0,ERNiFe-CI,429.1882324068704,,,,False
15,13,8,144.21833704050778,-2.6875,4.0,ERNiFe-CI,359.60566203992107,,,,False
15,13,9,144.21833704050778,-2.6875,6.0,ERNiFe-CI,310.3827639315779,,,,False
15,13,10,144.21833704050778,-2.6875,8.0,ERNiFe-CI,281.5264209338639,,,,False
15,13,11,144.21833704050778,-2.6875,10.0,ERNiFe-CI,268.45298765981863,,,,False
15,13,12,144.21833704050778,-2.6875,12.0,ERNiFe-CI,264.8443346005228,,,,False
15,14,0,144.21833704050778,-0.125,-12.0,ERNiFe-CI,274.8195488991833,,,,False
15,14,1,144.21833704050778,-0.125,-10.0,ERNiFe-CI,280.82795674809853,,,,False
15,14,2,144.21833704050778,-0.125,-8.0,ERNiFe-CI,298.08878533744775,,,,False
15,14,3,144.21833704050778,-0.125,-6.0,ERNiFe-CI,338.1241693145757,,,,False
15,14,4,144.21833704050778,-0.125,-4.0,ERNiFe-CI,419.7397781496775,,,,False
15,14,5,144.21833704050778,-0.125,-2.0,ERNiFe-CI,590.4090496366815,,,,False
15,14,6,144.21833704050778,-0.125,0.0,ERNiFe-CI,846.7772931398938,100.02923958094024,102.38066161701838,2.3514220360781337,True
15,14,7,144.21833704050778,-0.125,2.0,ERNiFe-CI,590.4090496366815,,,,False
15,14,8,144.21833704050778,-0.125,4.0,ERNiFe-CI,419.7397781496775,,,,False
15,14,9,144.21833704050778,-0.125,6.0,ERNiFe-CI,338.1241693145757,,,,False
15,14,10,144.21833704050778,-0.125,8.0,ERNiFe-CI,298.0887853374477,,,,False
15,14,11,144.21833704050778,-0.125,10.0,ERNiFe-CI,280.82795674809853,,,,False
15,14,12,144.21833704050778,-0.125,12.0,ERNiFe-CI,274.8195488991833,,,,False
15,15,0,144.21833704050778,2.4375,-12.0,ERNiFe-CI,282.1358584286036,,,,False
15,15,1,144.21833704050778,2.4375,-10.0,ERNiFe-CI,288.66561171406295,,,,False
15,15,2,144.21833704050778,2.4375,-8.0,ERNiFe-CI,305.37470050980875,,,,False
15,15,3,144.21833704050778,2.4375,-6.0,ERNiFe-CI,338.6932547716829,,,,False
15,15,4,144.21833704050778,2.4375,-4.0,ERNiFe-CI,393.24398253574446,,,,False
15,15,5,144.21833704050778,2.4375,-2.0,ERNiFe-CI,469.30359904004507,,,,False
15,15,6,144.21833704050778,2.4375,0.0,ERNiFe-CI,534.6241926133033,,,,False
15,15,7,144.21833704050778,2.4375,2.0,ERNiFe-CI,469.30359904004507,,,,False
15,15,8,144.21833704050778,2.4375,4.0,ERNiFe-CI,393.24398253574446,,,,False
15,15,9,144.21833704050778,2.4375,6.0,ERNiFe-CI,338.6932547716829,,,,False
15,15,10,144.21833704050778,2.4375,8.0,ERNiFe-CI,305.37470050980875,,,,False
15,15,11,144.21833704050778,2.4375,10.0,ERNiFe-CI,288.66561171406295,,,,False
15,15,12,144.21833704050778,2.4375,12.0,ERNiFe-CI,282.13585842860357,,,,False
15,16,0,144.21833704050778,5.0,-12.0,Q235B,285.86918408362,,,,False
15,16,1,144.21833704050778,5.0,-10.0,Q235B,291.9098221858142,,,,False
15,16,2,144.21833704050778,5.0,-8.0,Q235B,306.9937527951017,,,,False
15,16,3,144.21833704050778,5.0,-6.0,Q235B,333.78966979838316,,,,False
15,16,4,144.21833704050778,5.0,-4.0,Q235B,370.5507368924562,,,,False
15,16,5,144.21833704050778,5.0,-2.0,Q235B,408.76050255476434,,,,False
15,16,6,144.21833704050778,5.0,0.0,Q235B,429.0152059709701,,,,False
15,16,7,144.21833704050778,5.0,2.0,Q235B,408.76050255476434,,,,False
15,16,8,144.21833704050778,5.0,4.0,Q235B,370.5507368924562,,,,False
15,16,9,144.21833704050778,5.0,6.0,Q235B,333.78966979838316,,,,False
15,16,10,144.21833704050778,5.0,8.0,Q235B,306.9937527951017,,,,False
15,16,11,144.21833704050778,5.0,10.0,Q235B,291.9098221858142,,,,False
15,16,12,144.21833704050778,5.0,12.0,Q235B,285.86918408362,,,,False
16,0,0,153.8328928432083,-36.0,-12.0,QT450-10,194.4735360014684,,,,False
16,0,1,153.8328928432083,-36.0,-10.0,QT450-10,194.60648436585262,,,,False
16,0,2,153.8328928432083,-36.0,-8.0,QT450-10,194.76820268428142,,,,False
16,0,3,153.8328928432083,-36.0,-6.0,QT450-10,194.9156397176575,,,,False
16,0,4,153.8328928432083,-36.0,-4.0,QT450-10,195.02947519439186,,,,False
16,0,5,153.8328928432083,-36.0,-2.0,QT450-10,195.10054385358015,,,,False
16,0,6,153.8328928432083,-36.0,0.0,QT450-10,195.12464246719156,,,,False
16,0,7,153.8328928432083,-36.0,2.0,QT450-10,195.10054385358015,,,,False
16,0,8,153.8328928432083,-36.0,4.0,QT450-10,195.02947519439186,,,,False
16,0,9,153.8328928432083,-36.0,6.0,QT450-10,194.9156397176575,,,,False
16,0,10,153.8328928432083,-36.0,8.0,QT450-10,194.76820268428142,,,,False
16,0,11,153.8328928432083,-36.0,10.0,QT450-10,194.60648436585262,,,,False
16,0,12,153.8328928432083,-36.0,12.0,QT450-10,194.4735360014684,,,,False
16,1,0,153.8328928432083,-33.4375,-12.0,QT450-10,195.0257034932797,,,,False
16,1,1,153.8328928432083,-33.4375,-10.0,QT450-10,195.3304832320984,,,,False
16,1,2,153.8328928432083,-33.4375,-8.0,QT450-10,195.56385925386564,,,,False
16,1,3,153.8328928432083,-33.4375,-6.0,QT450-10,195.74390996307102,,,,False
16,1,4,153.8328928432083,-33.4375,-4.0,QT450-10,195.87348420512095,,,,False
16,1,5,153.8328928432083,-33.4375,-2.0,QT450-10,195.95188566312956,,,,False
16,1,6,153.8328928432083,-33.4375,0.0,QT450-10,195.97814558690848,,,,False
16,1,7,153.8328928432083,-33.4375,2.0,QT450-10,195.95188566312956,,,,False
16,1,8,153.8328928432083,-33.4375,4.0,QT450-10,195.87348420512095,,,,False
16,1,9,153.8328928432083,-33.4375,6.0,QT450-10,195.74390996307102,,,,False
16,1,10,153.8328928432083,-33.4375,8.0,QT450-10,195.56385925386564,,,,False
16,1,11,153.8328928432083,-33.4375,10.0,QT450-10,195.3304832320984,,,,False
16,1,12,153.8328928432083,-33.4375,12.0,QT450-10,195.0257034932797,,,,False
16,2,0,153.8328928432083,-30.875,-12.0,QT450-10,195.86457490007487,,,,False
16,2,1,153.8328928432083,-30.875,-10.0,QT450-10,196.2195732241648,,,,False
16,2,2,153.8328928432083,-30.875,-8.0,QT450-10,196.49502233500735,,,,False
16,2,3,153.8328928432083,-30.875,-6.0,QT450-10,196.70308387417631,,,,False
16,2,4,153.8328928432083,-30.875,-4.0,QT450-10,196.84959395001079,,,,False
16,2,5,153.8328928432083,-30.875,-2.0,QT450-10,196.93695146007025,,,,False
16,2,6,153.8328928432083,-30.875,0.0,QT450-10,196.9660048119672,,,,False
16,2,7,153.8328928432083,-30.875,2.0,QT450-10,196.93695146007025,,,,False
16,2,8,153.8328928432083,-30.875,4.0,QT450-10,196.84959395001079,,,,False
16,2,9,153.8328928432083,-30.875,6.0,QT450-10,196.70308387417631,,,,False
16,2,10,153.8328928432083,-30.875,8.0,QT450-10,196.49502233500735,,,,False
16,2,11,153.8328928432083,-30.875,10.0,QT450-10,196.2195732241648,,,,False
16,2,12,153.8328928432083,-30.875,12.0,QT450-10,195.86457490007487,,,,False
16,3,0,153.8328928432083,-28.3125,-12.0,QT450-10,196.94282979918106,,,,False
16,3,1,153.8328928432083,-28.3125,-10.0,QT450-10,197.31746020739132,,,,False
16,3,2,153.8328928432083,-28.3125,-8.0,QT450-10,197.61518710401666,,,,False
16,3,3,153.8328928432083,-28.3125,-6.0,QT450-10,197.8418116797873,,,,False
16,3,4,153.8328928432083,-28.3125,-4.0,QT450-10,198.0014159563601,,,,False
16,3,5,153.8328928432083,-28.3125,-2.0,QT450-10,198.09639542015321,,,,False
16,3,6,153.8328928432083,-28.3125,0.0,QT450-10,198.12793775640515,,,,False
16,3,7,153.8328928432083,-28.3125,2.0,QT450-10,198.09639542015321,,,,False
16,3,8,153.8328928432083,-28.3125,4.0,QT450-10,198.0014159563601,,,,False
16,3,9,153.8328928432083,-28.3125,6.0,QT450-10,197.8418116797873,,,,False
16,3,10,153.8328928432083,-28.3125,8.0,QT450-10,197.61518710401666,,,,False
16,3,11,153.8328928432083,-28.3125,10.0,QT450-10,197.31746020739132,,,,False
16,3,12,153.8328928432083,-28.3125,12.0,QT450-10,196.94282979918106,,,,False
16,4,0,153.8328928432083,-25.75,-12.0,QT450-10,198.29074232417673,,,,False
16,4,1,153.8328928432083,-25.75,-10.0,QT450-10,198.67618192217165,,,,False
16,4,2,153.8328928432083,-25.75,-8.0,QT450-10,198.98697454526956,,,,False
16,4,3,153.8328928432083,-25.75,-6.0,QT450-10,199.2257032261601,,,,False
16,4,4,153.8328928432083,-25.75,-4.0,QT450-10,199.3946437654114,,,,False
16,4,5,153.8328928432083,-25.75,-2.0,QT450-10,199.49540157375878,,,,False
16,4,6,153.8328928432083,-25.75,0.0,QT450-10,199.52888993926877,,,,False
16,4,7,153.8328928432083,-25.75,2.0,QT450-10,199.49540157375878,,,,False
16,4,8,153.8328928432083,-25.75,4.0,QT450-10,199.3946437654114,,,,False
16,4,9,153.8328928432083,-25.75,6.0,QT450-10,199.2257032261601,,,,False
16,4,10,153.8328928432083,-25.75,8.0,QT450-10,198.98697454526956,,,,False
16,4,11,153.8328928432083,-25.75,10.0,QT450-10,198.67618192217165,,,,False
16,4,12,153.8328928432083,-25.75,12.0,QT450-10,198.29074232417673,,,,False
16,5,0,153.8328928432083,-23.1875,-12.0,QT450-10,200.00173604783714,,,,False
16,5,1,153.8328928432083,-23.1875,-10.0,QT450-10,200.395624367777,,,,False
16,5,2,153.8328928432083,-23.1875,-8.0,QT450-10,200.71583476237416,,,,False
16,5,3,153.8328928432083,-23.1875,-6.0,QT450-10,200.96339632481218,,,,False
16,5,4,153.8328928432083,-23.1875,-4.0,QT450-10,201.13937500393203,,,,False
16,5,5,153.8328928432083,-23.1875,-2.0,QT450-10,201.24461464957076,,,,False
16,5,6,153.8328928432083,-23.1875,0.0,QT450-10,201.27963640750696,,,,False
16,5,7,153.8328928432083,-23.1875,2.0,QT450-10,201.24461464957076,,,,False
16,5,8,153.8328928432083,-23.1875,4.0,QT450-10,201.13937500393203,,,,False
16,5,9,153.8328928432083,-23.1875,6.0,QT450-10,200.96339632481218,,,,False
16,5,10,153.8328928432083,-23.1875,8.0,QT450-10,200.71583476237416,,,,False
16,5,11,153.8328928432083,-23.1875,10.0,QT450-10,200.395624367777,,,,False
16,5,12,153.8328928432083,-23.1875,12.0,QT450-10,200.00173604783714,,,,False
16,6,0,153.8328928432083,-20.625,-12.0,QT450-10,202.27269612553823,,,,False
16,6,1,153.8328928432083,-20.625,-10.0,QT450-10,202.6755289904601,,,,False
16,6,2,153.8328928432083,-20.625,-8.0,QT450-10,203.0046607307452,,,,False
16,6,3,153.8328928432083,-20.625,-6.0,QT450-10,203.26026971518468,,,,False
16,6,4,153.8328928432083,-20.625,-4.0,QT450-10,203.4426095747484,,,,False
16,6,5,153.8328928432083,-20.625,-2.0,QT450-10,203.55191066431496,,,,False
16,6,6,153.8328928432083,-20.625,0.0,QT450-10,203.58832665004658,,,,False
16,6,7,153.8328928432083,-20.625,2.0,QT450-10,203.55191066431496,,,,False
16,6,8,153.8328928432083,-20.625,4.0,QT450-10,203.4426095747484,,,,False
16,6,9,153.8328928432083,-20.625,6.0,QT450-10,203.26026971518468,,,,False
16,6,10,153.8328928432083,-20.625,8.0,QT450-10,203.0046607307452,,,,False
16,6,11,153.8328928432083,-20.625,10.0,QT450-10,202.6755289904601,,,,False
16,6,12,153.8328928432083,-20.625,12.0,QT450-10,202.27269612553823,,,,False
16,7,0,153.8328928432083,-18.0625,-12.0,QT450-10,205.51825905582305,,,,False
16,7,1,153.8328928432083,-18.0625,-10.0,QT450-10,205.93325177518872,,,,False
16,7,2,153.8328928432083,-18.0625,-8.0,QT450-10,206.27403794697392,,,,False
16,7,3,153.8328928432083,-18.0625,-6.0,QT450-10,206.53996879318288,,,,False
16,7,4,153.8328928432083,-18.0625,-4.0,QT450-10,206.73043517243087,,,,False
16,7,5,153.8328928432083,-18.0625,-2.0,QT450-10,206.8449291665429,,,,False
16,7,6,153.8328928432083,-18.0625,0.0,QT450-10,206.88313056951154,,,,False
16,7,7,153.8328928432083,-18.0625,2.0,QT450-10,206.8449291665429,,,,False
16,7,8,153.8328928432083,-18.0625,4.0,QT450-10,206.73043517243087,,,,False
16,7,9,153.8328928432083,-18.0625,6.0,QT450-10,206.53996879318288,,,,False
16,7,10,153.8328928432083,-18.0625,8.0,QT450-10,206.27403794697392,,,,False
16,7,11,153.8328928432083,-18.0625,10.0,QT450-10,205.93325177518872,,,,False
16,7,12,153.8328928432083,-18.0625,12.0,QT450-10,205.51825905582305,,,,False
16,8,0,153.8328928432083,-15.5,-12.0,QT450-10,210.49709372924528,,,,False
16,8,1,153.8328928432083,-15.5,-10.0,QT450-10,210.93621329471563,,,,False
16,8,2,153.8328928432083,-15.5,-8.0,QT450-10,211.3045000494487,,,,False
16,8,3,153.8328928432083,-15.5,-6.0,QT450-10,211.59816102680503,,,,False
16,8,4,153.8328928432083,-15.5,-4.0,QT450-10,211.81268248160353,,,,False
16,8,5,153.8328928432083,-15.5,-2.0,QT450-10,211.9436354975236,,,,False
16,8,6,153.8328928432083,-15.5,0.0,QT450-10,211.98770186291048,,,,False
16,8,7,153.8328928432083,-15.5,2.0,QT450-10,211.9436354975236,,,,False
16,8,8,153.8328928432083,-15.5,4.0,QT450-10,211.81268248160353,,,,False
16,8,9,153.8328928432083,-15.5,6.0,QT450-10,211.59816102680503,,,,False
16,8,10,153.8328928432083,-15.5,8.0,QT450-10,211.3045000494487,,,,False
16,8,11,153.8328928432083,-15.5,10.0,QT450-10,210.93621329471563,,,,False
16,8,12,153.8328928432083,-15.5,12.0,QT450-10,210.49709372924528,,,,False
16,9,0,153.8328928432083,-12.9375,-12.0,QT450-10,217.89230677721488,,,,False
16,9,1,153.8328928432083,-12.9375,-10.0,QT450-10,218.4078856931226,,,,False
16,9,2,153.8328928432083,-12.9375,-8.0,QT450-10,218.8948237642672,,,,False
16,9,3,153.8328928432083,-12.9375,-6.0,QT450-10,219.33732142798712,,,,False
16,9,4,153.8328928432083,-12.9375,-4.0,QT450-10,219.7075280601089,,,,False
16,9,5,153.8328928432083,-12.9375,-2.0,QT450-10,219.96236036761186,,,,False
16,9,6,153.8328928432083,-12.9375,0.0,QT450-10,220.05455016718213,,,,False
16,9,7,153.8328928432083,-12.9375,2.0,QT450-10,219.96236036761186,,,,False
16,9,8,153.8328928432083,-12.9375,4.0,QT450-10,219.7075280601089,,,,False
16,9,9,153.8328928432083,-12.9375,6.0,QT450-10,219.33732142798712,,,,False
16,9,10,153.8328928432083,-12.9375,8.0,QT450-10,218.8948237642672,,,,False
16,9,11,153.8328928432083,-12.9375,10.0,QT450-10,218.4078856931226,,,,False
16,9,12,153.8328928432083,-12.9375,12.0,QT450-10,217.89230677721488,,,,False
16,10,0,153.8328928432083,-10.375,-12.0,QT450-10,227.66055170563365,,,,False
16,10,1,153.8328928432083,-10.375,-10.0,QT450-10,228.419824386927,,,,False
16,10,2,153.8328928432083,-10.375,-8.0,QT450-10,229.39004642818506,,,,False
16,10,3,153.8328928432083,-10.375,-6.0,QT450-10,230.63063738675385,,,,False
16,10,4,153.8328928432083,-10.375,-4.0,QT450-10,232.08149775978833,,,,False
16,10,5,153.8328928432083,-10.375,-2.0,QT450-10,233.32269327399302,,,,False
16,10,6,153.8328928432083,-10.375,0.0,QT450-10,233.81785210984484,,,,False
16,10,7,153.8328928432083,-10.375,2.0,QT450-10,233.32269327399302,,,,False
16,10,8,153.8328928432083,-10.375,4.0,QT450-10,232.08149775978833,,,,False
16,10,9,153.8328928432083,-10.375,6.0,QT450-10,230.63063738675385,,,,False
16,10,10,153.8328928432083,-10.375,8.0,QT450-10,229.39004642818506,,,,False
16,10,11,153.8328928432083,-10.375,10.0,QT450-10,228.41982438692702,,,,False
16,10,12,153.8328928432083,-10.375,12.0,QT450-10,227.66055170563368,,,,False
16,11,0,153.8328928432083,-7.8125,-12.0,QT450-10,239.61962459438774,,,,False
16,11,1,153.8328928432083,-7.8125,-10.0,QT450-10,240.9188203325428,,,,False
16,11,2,153.8328928432083,-7.8125,-8.0,QT450-10,243.02738964382598,,,,False
16,11,3,153.8328928432083,-7.8125,-6.0,QT450-10,246.73378293033244,,,,False
16,11,4,153.8328928432083,-7.8125,-4.0,QT450-10,256.76200643348596,,,,False
16,11,5,153.8328928432083,-7.8125,-2.0,QT450-10,266.53888014547135,,,,False
16,11,6,153.8328928432083,-7.8125,0.0,QT450-10,270.9114677296582,,,,False
16,11,7,153.8328928432083,-7.8125,2.0,QT450-10,266.5388801454714,,,,False
16,11,8,153.8328928432083,-7.8125,4.0,QT450-10,256.76200643348596,,,,False
16,11,9,153.8328928432083,-7.8125,6.0,QT450-10,246.73378293033247,,,,False
16,11,10,153.8328928432083,-7.8125,8.0,QT450-10,243.02738964382598,,,,False
16,11,11,153.8328928432083,-7.8125,10.0,QT450-10,240.9188203325428,,,,False
16,11,12,153.8328928432083,-7.8125,12.0,QT450-10,239.61962459438774,,,,False
16,12,0,153.8328928432083,-5.25,-12.0,QT450-10,252.24326015235718,,,,False
16,12,1,153.8328928432083,-5.25,-10.0,QT450-10,254.37327063522707,,,,False
16,12,2,153.8328928432083,-5.25,-8.0,QT450-10,259.76852996141474,,,,False
16,12,3,153.8328928432083,-5.25,-6.0,QT450-10,275.57696341597335,,,,False
16,12,4,153.8328928432083,-5.25,-4.0,QT450-10,299.3414922907141,,,,False
16,12,5,153.8328928432083,-5.25,-2.0,QT450-10,325.3701061870785,,,,False
16,12,6,153.8328928432083,-5.25,0.0,QT450-10,339.71479560848405,,,,False
16,12,7,153.8328928432083,-5.25,2.0,QT450-10,325.3701061870785,,,,False
16,12,8,153.8328928432083,-5.25,4.0,QT450-10,299.3414922907141,,,,False
16,12,9,153.8328928432083,-5.25,6.0,QT450-10,275.5769634159734,,,,False
16,12,10,153.8328928432083,-5.25,8.0,QT450-10,259.76852996141474,,,,False
16,12,11,153.8328928432083,-5.25,10.0,QT450-10,254.37327063522707,,,,False
16,12,12,153.8328928432083,-5.25,12.0,QT450-10,252.2432601523572,,,,False
16,13,0,153.8328928432083,-2.6875,-12.0,ERNiFe-CI,264.007769440752,,,,False
16,13,1,153.8328928432083,-2.6875,-10.0,ERNiFe-CI,267.5965837006007,,,,False
16,13,2,153.8328928432083,-2.6875,-8.0,ERNiFe-CI,280.6601671929703,,,,False
16,13,3,153.8328928432083,-2.6875,-6.0,ERNiFe-CI,309.5036435446536,,,,False
16,13,4,153.8328928432083,-2.6875,-4.0,ERNiFe-CI,358.7137835846182,,,,False
16,13,5,153.8328928432083,-2.6875,-2.0,ERNiFe-CI,428.28033387669836,,,,False
16,13,6,153.8328928432083,-2.6875,0.0,ERNiFe-CI,486.7785453438712,,,,False
16,13,7,153.8328928432083,-2.6875,2.0,ERNiFe-CI,428.28033387669836,,,,False
16,13,8,153.8328928432083,-2.6875,4.0,ERNiFe-CI,358.7137835846182,,,,False
16,13,9,153.8328928432083,-2.6875,6.0,ERNiFe-CI,309.5036435446536,,,,False
16,13,10,153.8328928432083,-2.6875,8.0,ERNiFe-CI,280.6601671929703,,,,False
16,13,11,153.8328928432083,-2.6875,10.0,ERNiFe-CI,267.5965837006008,,,,False
16,13,12,153.8328928432083,-2.6875,12.0,ERNiFe-CI,264.007769440752,,,,False
16,14,0,153.8328928432083,-0.125,-12.0,ERNiFe-CI,273.9764466919987,,,,False
16,14,1,153.8328928432083,-0.125,-10.0,ERNiFe-CI,279.9702389409103,,,,False
16,14,2,153.8328928432083,-0.125,-8.0,ERNiFe-CI,297.22262846070794,,,,False
16,14,3,153.8328928432083,-0.125,-6.0,ERNiFe-CI,337.24044080841236,,,,False
16,14,4,153.8328928432083,-0.125,-4.0,ERNiFe-CI,418.8369625122599,,,,False
16,14,5,153.8328928432083,-0.125,-2.0,ERNiFe-CI,589.4706636990744,,,,False
16,14,6,153.8328928432083,-0.125,0.0,ERNiFe-CI,845.8150261831723,106.42893027009474,108.78107939393448,2.3521491238397374,True
16,14,7,153.8328928432083,-0.125,2.0,ERNiFe-CI,589.4706636990744,,,,False
16,14,8,153.8328928432083,-0.125,4.0,ERNiFe-CI,418.8369625122599,,,,False
16,14,9,153.8328928432083,-0.125,6.0,ERNiFe-CI,337.24044080841236,,,,False
16,14,10,153.8328928432083,-0.125,8.0,ERNiFe-CI,297.222628460708,,,,False
16,14,11,153.8328928432083,-0.125,10.0,ERNiFe-CI,279.9702389409103,,,,False
16,14,12,153.8328928432083,-0.125,12.0,ERNiFe-CI,273.9764466919987,,,,False
16,15,0,153.8328928432083,2.4375,-12.0,ERNiFe-CI,281.2896947706566,,,,False
16,15,1,153.8328928432083,2.4375,-10.0,ERNiFe-CI,287.8104509879029,,,,False
16,15,2,153.8328928432083,2.4375,-8.0,ERNiFe-CI,304.513079027711,,,,False
16,15,3,153.8328928432083,2.4375,-6.0,ERNiFe-CI,337.82025539704875,,,,False
16,15,4,153.8328928432083,2.4375,-4.0,ERNiFe-CI,392.35615858063716,,,,False
16,15,5,153.8328928432083,2.4375,-2.0,ERNiFe-CI,468.40201174623115,,,,False
16,15,6,153.8328928432083,2.4375,0.0,ERNiFe-CI,533.7087039742656,,,,False
16,15,7,153.8328928432083,2.4375,2.0,ERNiFe-CI,468.40201174623115,,,,False
16,15,8,153.8328928432083,2.4375,4.0,ERNiFe-CI,392.3561585806371,,,,False
16,15,9,153.8328928432083,2.4375,6.0,ERNiFe-CI,337.82025539704875,,,,False
16,15,10,153.8328928432083,2.4375,8.0,ERNiFe-CI,304.51307902771106,,,,False
16,15,11,153.8328928432083,2.4375,10.0,ERNiFe-CI,287.8104509879029,,,,False
16,15,12,153.8328928432083,2.4375,12.0,ERNiFe-CI,281.2896947706566,,,,False
16,16,0,153.8328928432083,5.0,-12.0,Q235B,285.02335954493145,,,,False
16,16,1,153.8328928432083,5.0,-10.0,Q235B,291.0592361608822,,,,False
16,16,2,153.8328928432083,5.0,-8.0,Q235B,306.140033606013,,,,False
16,16,3,153.8328928432083,5.0,-6.0,Q235B,332.92892038673426,,,,False
16,16,4,153.8328928432083,5.0,-4.0,Q235B,369.6813742070044,,,,False
16,16,5,153.8328928432083,5.0,-2.0,Q235B,407.88786572226456,,,,False
16,16,6,153.8328928432083,5.0,0.0,Q235B,428.1356878458179,,,,False
16,16,7,153.8328928432083,5.0,2.0,Q235B,407.88786572226456,,,,False
16,16,8,153.8328928432083,5.0,4.0,Q235B,369.6813742070044,,,,False
16,16,9,153.8328928432083,5.0,6.0,Q235B,332.92892038673426,,,,False
16,16,10,153.8328928432083,5.0,8.0,Q235B,306.14003360601305,,,,False
16,16,11,153.8328928432083,5.0,10.0,Q235B,291.0592361608823,,,,False
16,16,12,153.8328928432083,5.0,12.0,Q235B,285.02335954493145,,,,False
17,0,0,163.44744864590882,-36.0,-12.0,QT450-10,193.8046077445961,,,,False
17,0,1,163.44744864590882,-36.0,-10.0,QT450-10,193.93685257644384,,,,False
17,0,2,163.44744864590882,-36.0,-8.0,QT450-10,194.09771445551314,,,,False
17,0,3,163.44744864590882,-36.0,-6.0,QT450-10,194.24437011411987,,,,False
17,0,4,163.44744864590882,-36.0,-4.0,QT450-10,194.35760193020892,,,,False
17,0,5,163.44744864590882,-36.0,-2.0,QT450-10,194.42829355581785,,,,False
17,0,6,163.44744864590882,-36.0,0.0,QT450-10,194.45226429294698,,,,False
17,0,7,163.44744864590882,-36.0,2.0,QT450-10,194.42829355581785,,,,False
17,0,8,163.44744864590882,-36.0,4.0,QT450-10,194.35760193020892,,,,False
17,0,9,163.44744864590882,-36.0,6.0,QT450-10,194.24437011411987,,,,False
17,0,10,163.44744864590882,-36.0,8.0,QT450-10,194.09771445551314,,,,False
17,0,11,163.44744864590882,-36.0,10.0,QT450-10,193.93685257644384,,,,False
17,0,12,163.44744864590882,-36.0,12.0,QT450-10,193.8046077445961,,,,False
17,1,0,163.44744864590882,-33.4375,-12.0,QT450-10,194.3527697706113,,,,False
17,1,1,163.44744864590882,-33.4375,-10.0,QT450-10,194.655935264459,,,,False
17,1,2,163.44744864590882,-33.4375,-8.0,QT450-10,194.88807216422285,,,,False
17,1,3,163.44744864590882,-33.4375,-6.0,QT450-10,195.06716526856567,,,,False
17,1,4,163.44744864590882,-33.4375,-4.0,QT450-10,195.1960495957436,,,,False
17,1,5,163.44744864590882,-33.4375,-2.0,QT450-10,195.27403331820423,,,,False
17,1,6,163.44744864590882,-33.4375,0.0,QT450-10,195.30015327820854,,,,False
17,1,7,163.44744864590882,-33.4375,2.0,QT450-10,195.27403331820423,,,,False
17,1,8,163.44744864590882,-33.4375,4.0,QT450-10,195.1960495957436,,,,False
17,1,9,163.44744864590882,-33.4375,6.0,QT450-10,195.06716526856567,,,,False
17,1,10,163.44744864590882,-33.4375,8.0,QT450-10,194.88807216422285,,,,False
17,1,11,163.44744864590882,-33.4375,10.0,QT450-10,194.655935264459,,,,False
17,1,12,163.44744864590882,-33.4375,12.0,QT450-10,194.3527697706113,,,,False
17,2,0,163.44744864590882,-30.875,-12.0,QT450-10,195.1849815143553,,,,False
17,2,1,163.44744864590882,-30.875,-10.0,QT450-10,195.53808782117977,,,,False
17,2,2,163.44744864590882,-30.875,-8.0,QT450-10,195.81206507892324,,,,False
17,2,3,163.44744864590882,-30.875,-6.0,QT450-10,196.01901251750775,,,,False
17,2,4,163.44744864590882,-30.875,-4.0,QT450-10,196.16473688598037,,,,False
17,2,5,163.44744864590882,-30.875,-2.0,QT450-10,196.25162545609217,,,,False
17,2,6,163.44744864590882,-30.875,0.0,QT450-10,196.2805227740518,,,,False
17,2,7,163.44744864590882,-30.875,2.0,QT450-10,196.25162545609217,,,,False
17,2,8,163.44744864590882,-30.875,4.0,QT450-10,196.16473688598037,,,,False
17,2,9,163.44744864590882,-30.875,6.0,QT450-10,196.01901251750775,,,,False
17,2,10,163.44744864590882,-30.875,8.0,QT450-10,195.81206507892324,,,,False
17,2,11,163.44744864590882,-30.875,10.0,QT450-10,195.53808782117977,,,,False
17,2,12,163.44744864590882,-30.875,12.0,QT450-10,195.1849815143553,,,,False
17,3,0,163.44744864590882,-28.3125,-12.0,QT450-10,196.25407453955037,,,,False
17,3,1,163.44744864590882,-28.3125,-10.0,QT450-10,196.62668892123978,,,,False
17,3,2,163.44744864590882,-28.3125,-8.0,QT450-10,196.92280873232946,,,,False
17,3,3,163.44744864590882,-28.3125,-6.0,QT450-10,197.1482069260216,,,,False
17,3,4,163.44744864590882,-28.3125,-4.0,QT450-10,197.30694588739192,,,,False
17,3,5,163.44744864590882,-28.3125,-2.0,QT450-10,197.40140978974287,,,,False
17,3,6,163.44744864590882,-28.3125,0.0,QT450-10,197.4327808101047,,,,False
17,3,7,163.44744864590882,-28.3125,2.0,QT450-10,197.40140978974287,,,,False
17,3,8,163.44744864590882,-28.3125,4.0,QT450-10,197.30694588739192,,,,False
17,3,9,163.44744864590882,-28.3125,6.0,QT450-10,197.1482069260216,,,,False
17,3,10,163.44744864590882,-28.3125,8.0,QT450-10,196.92280873232946,,,,False
17,3,11,163.44744864590882,-28.3125,10.0,QT450-10,196.62668892123978,,,,False
17,3,12,163.44744864590882,-28.3125,12.0,QT450-10,196.25407453955037,,,,False
17,4,0,163.44744864590882,-25.75,-12.0,QT450-10,197.58999395771244,,,,False
17,4,1,163.44744864590882,-25.75,-10.0,QT450-10,197.97333239322643,,,,False
17,4,2,163.44744864590882,-25.75,-8.0,QT450-10,198.28242525842498,,,,False
17,4,3,163.44744864590882,-25.75,-6.0,QT450-10,198.5198450752454,,,,False
17,4,4,163.44744864590882,-25.75,-4.0,QT450-10,198.68785775702924,,,,False
17,4,5,163.44744864590882,-25.75,-2.0,QT450-10,198.78806117724736,,,,False
17,4,6,163.44744864590882,-25.75,0.0,QT450-10,198.82136511616082,,,,False
17,4,7,163.44744864590882,-25.75,2.0,QT450-10,198.78806117724736,,,,False
17,4,8,163.44744864590882,-25.75,4.0,QT450-10,198.68785775702924,,,,False
17,4,9,163.44744864590882,-25.75,6.0,QT450-10,198.5198450752454,,,,False
17,4,10,163.44744864590882,-25.75,8.0,QT450-10,198.28242525842498,,,,False
17,4,11,163.44744864590882,-25.75,10.0,QT450-10,197.97333239322643,,,,False
17,4,12,163.44744864590882,-25.75,12.0,QT450-10,197.58999395771244,,,,False
17,5,0,163.44744864590882,-23.1875,-12.0,QT450-10,199.28545693943613,,,,False
17,5,1,163.44744864590882,-23.1875,-10.0,QT450-10,199.6771584033172,,,,False
17,5,2,163.44744864590882,-23.1875,-8.0,QT450-10,199.99558456254982,,,,False
17,5,3,163.44744864590882,-23.1875,-6.0,QT450-10,200.24176335635127,,,,False
17,5,4,163.44744864590882,-23.1875,-4.0,QT450-10,200.41675669241064,,,,False
17,5,5,163.44744864590882,-23.1875,-2.0,QT450-10,200.52140615818809,,,,False
17,5,6,163.44744864590882,-23.1875,0.0,QT450-10,200.5562313924813,,,,False
17,5,7,163.44744864590882,-23.1875,2.0,QT450-10,200.52140615818809,,,,False
17,5,8,163.44744864590882,-23.1875,4.0,QT450-10,200.41675669241064,,,,False
17,5,9,163.44744864590882,-23.1875,6.0,QT450-10,200.24176335635127,,,,False
17,5,10,163.44744864590882,-23.1875,8.0,QT450-10,199.99558456254982,,,,False
17,5,11,163.44744864590882,-23.1875,10.0,QT450-10,199.6771584033172,,,,False
17,5,12,163.44744864590882,-23.1875,12.0,QT450-10,199.28545693943613,,,,False
17,6,0,163.44744864590882,-20.625,-12.0,QT450-10,201.53615744890513,,,,False
17,6,1,163.44744864590882,-20.625,-10.0,QT450-10,201.9366896307072,,,,False
17,6,2,163.44744864590882,-20.625,-8.0,QT450-10,202.26394056743607,,,,False
17,6,3,163.44744864590882,-20.625,-6.0,QT450-10,202.51808555906464,,,,False
17,6,4,163.44744864590882,-20.625,-4.0,QT450-10,202.6993785541934,,,,False
17,6,5,163.44744864590882,-20.625,-2.0,QT450-10,202.80805122685803,,,,False
17,6,6,163.44744864590882,-20.625,0.0,QT450-10,202.84425768261275,,,,False
17,6,7,163.44744864590882,-20.625,2.0,QT450-10,202.80805122685803,,,,False
17,6,8,163.44744864590882,-20.625,4.0,QT450-10,202.6993785541934,,,,False
17,6,9,163.44744864590882,-20.625,6.0,QT450-10,202.51808555906464,,,,False
17,6,10,163.44744864590882,-20.625,8.0,QT450-10,202.26394056743607,,,,False
17,6,11,163.44744864590882,-20.625,10.0,QT450-10,201.9366896307072,,,,False
17,6,12,163.44744864590882,-20.625,12.0,QT450-10,201.53615744890513,,,,False
17,7,0,163.44744864590882,-18.0625,-12.0,QT450-10,204.75556753857498,,,,False
17,7,1,163.44744864590882,-18.0625,-10.0,QT450-10,205.1681118735837,,,,False
17,7,2,163.44744864590882,-18.0625,-8.0,QT450-10,205.50687062486082,,,,False
17,7,3,163.44744864590882,-18.0625,-6.0,QT450-10,205.77120464734315,,,,False
17,7,4,163.44744864590882,-18.0625,-4.0,QT450-10,205.96051922479847,,,,False
17,7,5,163.44744864590882,-18.0625,-2.0,QT450-10,206.07431690566807,,,,False
17,7,6,163.44744864590882,-18.0625,0.0,QT450-10,206.11228527771678,,,,False
17,7,7,163.44744864590882,-18.0625,2.0,QT450-10,206.07431690566807,,,,False
17,7,8,163.44744864590882,-18.0625,4.0,QT450-10,205.96051922479847,,,,False
17,7,9,163.44744864590882,-18.0625,6.0,QT450-10,205.77120464734315,,,,False
17,7,10,163.44744864590882,-18.0625,8.0,QT450-10,205.50687062486082,,,,False
17,7,11,163.44744864590882,-18.0625,10.0,QT450-10,205.1681118735837,,,,False
17,7,12,163.44744864590882,-18.0625,12.0,QT450-10,204.75556753857498,,,,False
17,8,0,163.44744864590882,-15.5,-12.0,QT450-10,209.7059030164432,,,,False
17,8,1,163.44744864590882,-15.5,-10.0,QT450-10,210.14228292396314,,,,False
17,8,2,163.44744864590882,-15.5,-8.0,QT450-10,210.50815893517466,,,,False
17,8,3,163.44744864590882,-15.5,-6.0,QT450-10,210.79980158331014,,,,False
17,8,4,163.44744864590882,-15.5,-4.0,QT450-10,211.01277731206306,,,,False
17,8,5,163.44744864590882,-15.5,-2.0,QT450-10,211.14275651204332,,,,False
17,8,6,163.44744864590882,-15.5,0.0,QT450-10,211.18648438347296,,,,False
17,8,7,163.44744864590882,-15.5,2.0,QT450-10,211.14275651204332,,,,False
17,8,8,163.44744864590882,-15.5,4.0,QT450-10,211.01277731206306,,,,False
17,8,9,163.44744864590882,-15.5,6.0,QT450-10,210.79980158331014,,,,False
17,8,10,163.44744864590882,-15.5,8.0,QT450-10,210.50815893517466,,,,False
17,8,11,163.44744864590882,-15.5,10.0,QT450-10,210.14228292396314,,,,False
17,8,12,163.44744864590882,-15.5,12.0,QT450-10,209.7059030164432,,,,False
17,9,0,163.44744864590882,-12.9375,-12.0,QT450-10,217.08071908904742,,,,False
17,9,1,163.44744864590882,-12.9375,-10.0,QT450-10,217.59303175014932,,,,False
17,9,2,163.44744864590882,-12.9375,-8.0,QT450-10,218.07669216451893,,,,False
17,9,3,163.44744864590882,-12.9375,-6.0,QT450-10,218.51601523729798,,,,False
17,9,4,163.44744864590882,-12.9375,-4.0,QT450-10,218.88340593753233,,,,False
17,9,5,163.44744864590882,-12.9375,-2.0,QT450-10,219.13622229281063,,,,False
17,9,6,163.44744864590882,-12.9375,0.0,QT450-10,219.22767331894926,,,,False
17,9,7,163.44744864590882,-12.9375,2.0,QT450-10,219.13622229281063,,,,False
17,9,8,163.44744864590882,-12.9375,4.0,QT450-10,218.88340593753233,,,,False
17,9,9,163.44744864590882,-12.9375,6.0,QT450-10,218.51601523729798,,,,False
17,9,10,163.44744864590882,-12.9375,8.0,QT450-10,218.07669216451893,,,,False
17,9,11,163.44744864590882,-12.9375,10.0,QT450-10,217.59303175014932,,,,False
17,9,12,163.44744864590882,-12.9375,12.0,QT450-10,217.08071908904742,,,,False
17,10,0,163.44744864590882,-10.375,-12.0,QT450-10,226.83650230775544,,,,False
17,10,1,163.44744864590882,-10.375,-10.0,QT450-10,227.59148437497487,,,,False
17,10,2,163.44744864590882,-10.375,-8.0,QT450-10,228.55653504779445,,,,False
17,10,3,163.44744864590882,-10.375,-6.0,QT450-10,229.79176946212363,,,,False
17,10,4,163.44744864590882,-10.375,-4.0,QT450-10,231.23828356867023,,,,False
17,10,5,163.44744864590882,-10.375,-2.0,QT450-10,232.47693962075172,,,,False
17,10,6,163.44744864590882,-10.375,0.0,QT450-10,232.97097949033284,,,,False
17,10,7,163.44744864590882,-10.375,2.0,QT450-10,232.47693962075175,,,,False
17,10,8,163.44744864590882,-10.375,4.0,QT450-10,231.23828356867025,,,,False
17,10,9,163.44744864590882,-10.375,6.0,QT450-10,229.79176946212363,,,,False
17,10,10,163.44744864590882,-10.375,8.0,QT450-10,228.55653504779445,,,,False
17,10,11,163.44744864590882,-10.375,10.0,QT450-10,227.59148437497487,,,,False
17,10,12,163.44744864590882,-10.375,12.0,QT450-10,226.83650230775544,,,,False
17,11,0,163.44744864590882,-7.8125,-12.0,QT450-10,238.78994757111505,,,,False
17,11,1,163.44744864590882,-7.8125,-10.0,QT450-10,240.0846159428018,,,,False
17,11,2,163.44744864590882,-7.8125,-8.0,QT450-10,242.18787504584543,,,,False
17,11,3,163.44744864590882,-7.8125,-6.0,QT450-10,245.87824175663948,,,,False
17,11,4,163.44744864590882,-7.8125,-4.0,QT450-10,255.90689834588233,,,,False
17,11,5,163.44744864590882,-7.8125,-2.0,QT450-10,265.68330550056044,,,,False
17,11,6,163.44744864590882,-7.8125,0.0,QT450-10,270.0542419310546,,,,False
17,11,7,163.44744864590882,-7.8125,2.0,QT450-10,265.68330550056044,,,,False
17,11,8,163.44744864590882,-7.8125,4.0,QT450-10,255.90689834588233,,,,False
17,11,9,163.44744864590882,-7.8125,6.0,QT450-10,245.8782417566395,,,,False
17,11,10,163.44744864590882,-7.8125,8.0,QT450-10,242.18787504584543,,,,False
17,11,11,163.44744864590882,-7.8125,10.0,QT450-10,240.08461594280183,,,,False
17,11,12,163.44744864590882,-7.8125,12.0,QT450-10,238.78994757111508,,,,False
17,12,0,163.44744864590882,-5.25,-12.0,QT450-10,251.4118918551827,,,,False
17,12,1,163.44744864590882,-5.25,-10.0,QT450-10,253.53629711974128,,,,False
17,12,2,163.44744864590882,-5.25,-8.0,QT450-10,258.9160342534148,,,,False
17,12,3,163.44744864590882,-5.25,-6.0,QT450-10,274.72378197367476,,,,False
17,12,4,163.44744864590882,-5.25,-4.0,QT450-10,298.48706360565035,,,,False
17,12,5,163.44744864590882,-5.25,-2.0,QT450-10,324.5159948135016,,,,False
17,12,6,163.44744864590882,-5.25,0.0,QT450-10,338.8615279053721,,,,False
17,12,7,163.44744864590882,-5.25,2.0,QT450-10,324.5159948135016,,,,False
17,12,8,163.44744864590882,-5.25,4.0,QT450-10,298.48706360565035,,,,False
17,12,9,163.44744864590882,-5.25,6.0,QT450-10,274.72378197367476,,,,False
17,12,10,163.44744864590882,-5.25,8.0,QT450-10,258.9160342534148,,,,False
17,12,11,163.44744864590882,-5.25,10.0,QT450-10,253.5362971197413,,,,False
17,12,12,163.44744864590882,-5.25,12.0,QT450-10,251.4118918551827,,,,False
17,13,0,163.44744864590882,-2.6875,-12.0,ERNiFe-CI,263.1757139431828,,,,False
17,13,1,163.44744864590882,-2.6875,-10.0,ERNiFe-CI,266.75006287290637,,,,False
17,13,2,163.44744864590882,-2.6875,-8.0,ERNiFe-CI,279.81144854681713,,,,False
17,13,3,163.44744864590882,-2.6875,-6.0,ERNiFe-CI,308.65101614155316,,,,False
17,13,4,163.44744864590882,-2.6875,-4.0,ERNiFe-CI,357.8613889936834,,,,False
17,13,5,163.44744864590882,-2.6875,-2.0,ERNiFe-CI,427.4281681789172,,,,False
17,13,6,163.44744864590882,-2.6875,0.0,ERNiFe-CI,485.9279752794697,,,,False
17,13,7,163.44744864590882,-2.6875,2.0,ERNiFe-CI,427.4281681789172,,,,False
17,13,8,163.44744864590882,-2.6875,4.0,ERNiFe-CI,357.8613889936835,,,,False
17,13,9,163.44744864590882,-2.6875,6.0,ERNiFe-CI,308.65101614155316,,,,False
17,13,10,163.44744864590882,-2.6875,8.0,ERNiFe-CI,279.81144854681713,,,,False
17,13,11,163.44744864590882,-2.6875,10.0,ERNiFe-CI,266.75006287290637,,,,False
17,13,12,163.44744864590882,-2.6875,12.0,ERNiFe-CI,263.1757139431828,,,,False
17,14,0,163.44744864590882,-0.125,-12.0,ERNiFe-CI,273.1409239700211,,,,False
17,14,1,163.44744864590882,-0.125,-10.0,ERNiFe-CI,279.1256056231336,,,,False
17,14,2,163.44744864590882,-0.125,-8.0,ERNiFe-CI,296.37710243467933,,,,False
17,14,3,163.44744864590882,-0.125,-6.0,ERNiFe-CI,336.3904830371796,,,,False
17,14,4,163.44744864590882,-0.125,-4.0,ERNiFe-CI,417.9903747195162,,,,False
17,14,5,163.44744864590882,-0.125,-2.0,ERNiFe-CI,588.6302972091422,,,,False
17,14,6,163.44744864590882,-0.125,0.0,ERNiFe-CI,844.9795188958888,112.82932359755827,115.18187386032788,2.3525502627696113,True
17,14,7,163.44744864590882,-0.125,2.0,ERNiFe-CI,588.6302972091422,,,,False
17,14,8,163.44744864590882,-0.125,4.0,ERNiFe-CI,417.9903747195162,,,,False
17,14,9,163.44744864590882,-0.125,6.0,ERNiFe-CI,336.3904830371796,,,,False
17,14,10,163.44744864590882,-0.125,8.0,ERNiFe-CI,296.37710243467933,,,,False
17,14,11,163.44744864590882,-0.125,10.0,ERNiFe-CI,279.1256056231336,,,,False
17,14,12,163.44744864590882,-0.125,12.0,ERNiFe-CI,273.1409239700211,,,,False
17,15,0,163.44744864590882,2.4375,-12.0,ERNiFe-CI,280.4537129147446,,,,False
17,15,1,163.44744864590882,2.4375,-10.0,ERNiFe-CI,286.96918121462136,,,,False
17,15,2,163.44744864590882,2.4375,-8.0,ERNiFe-CI,303.67355906535937,,,,False
17,15,3,163.44744864590882,2.4375,-6.0,ERNiFe-CI,336.97875004636563,,,,False
17,15,4,163.44744864590882,2.4375,-4.0,ERNiFe-CI,391.51523682381475,,,,False
17,15,5,163.44744864590882,2.4375,-2.0,ERNiFe-CI,467.56614455011675,,,,False
17,15,6,163.44744864590882,2.4375,0.0,ERNiFe-CI,532.873520171543,,,,False
17,15,7,163.44744864590882,2.4375,2.0,ERNiFe-CI,467.56614455011675,,,,False
17,15,8,163.44744864590882,2.4375,4.0,ERNiFe-CI,391.51523682381475,,,,False
17,15,9,163.44744864590882,2.4375,6.0,ERNiFe-CI,336.97875004636563,,,,False
17,15,10,163.44744864590882,2.4375,8.0,ERNiFe-CI,303.67355906535937,,,,False
17,15,11,163.44744864590882,2.4375,10.0,ERNiFe-CI,286.96918121462136,,,,False
17,15,12,163.44744864590882,2.4375,12.0,ERNiFe-CI,280.4537129147446,,,,False
17,16,0,163.44744864590882,5.0,-12.0,Q235B,284.18853297505007,,,,False
17,16,1,163.44744864590882,5.0,-10.0,Q235B,290.2225923595355,,,,False
17,16,2,163.44744864590882,5.0,-8.0,Q235B,305.30613120008775,,,,False
17,16,3,163.44744864590882,5.0,-6.0,Q235B,332.0961415042488,,,,False
17,16,4,163.44744864590882,5.0,-4.0,Q235B,368.8544016330831,,,,False
17,16,5,163.44744864590882,5.0,-2.0,Q235B,407.064024566337,,,,False
17,16,6,163.44744864590882,5.0,0.0,Q235B,427.3133912605249,,,,False
17,16,7,163.44744864590882,5.0,2.0,Q235B,407.064024566337,,,,False
17,16,8,163.44744864590882,5.0,4.0,Q235B,368.8544016330831,,,,False
17,16,9,163.44744864590882,5.0,6.0,Q235B,332.09614150424886,,,,False
17,16,10,163.44744864590882,5.0,8.0,Q235B,305.30613120008775,,,,False
17,16,11,163.44744864590882,5.0,10.0,Q235B,290.2225923595355,,,,False
17,16,12,163.44744864590882,5.0,12.0,Q235B,284.18853297505007,,,,False
18,0,0,173.06200444860934,-36.0,-12.0,QT450-10,193.1223915307081,,,,False
18,0,1,173.06200444860934,-36.0,-10.0,QT450-10,193.25392163021232,,,,False
18,0,2,173.06200444860934,-36.0,-8.0,QT450-10,193.41391358540756,,,,False
18,0,3,173.06200444860934,-36.0,-6.0,QT450-10,193.55977569556538,,,,False
18,0,4,173.06200444860934,-36.0,-4.0,QT450-10,193.6723946607091,,,,False
18,0,5,173.06200444860934,-36.0,-2.0,QT450-10,193.74270378432604,,,,False
18,0,6,173.06200444860934,-36.0,0.0,QT450-10,193.76654479835648,,,,False
18,0,7,173.06200444860934,-36.0,2.0,QT450-10,193.74270378432604,,,,False
18,0,8,173.06200444860934,-36.0,4.0,QT450-10,193.6723946607091,,,,False
18,0,9,173.06200444860934,-36.0,6.0,QT450-10,193.55977569556538,,,,False
18,0,10,173.06200444860934,-36.0,8.0,QT450-10,193.41391358540756,,,,False
18,0,11,173.06200444860934,-36.0,10.0,QT450-10,193.25392163021232,,,,False
18,0,12,173.06200444860934,-36.0,12.0,QT450-10,193.1223915307081,,,,False
18,1,0,173.06200444860934,-33.4375,-12.0,QT450-10,193.66682324067054,,,,False
18,1,1,173.06200444860934,-33.4375,-10.0,QT450-10,193.9683481678187,,,,False
18,1,2,173.06200444860934,-33.4375,-8.0,QT450-10,194.19922606119795,,,,False
18,1,3,173.06200444860934,-33.4375,-6.0,QT450-10,194.37734639801042,,,,False
18,1,4,173.06200444860934,-33.4375,-4.0,QT450-10,194.50552999628405,,,,False
18,1,5,173.06200444860934,-33.4375,-2.0,QT450-10,194.58308947966287,,,,False
18,1,6,173.06200444860934,-33.4375,0.0,QT450-10,194.60906730425495,,,,False
18,1,7,173.06200444860934,-33.4375,2.0,QT450-10,194.58308947966287,,,,False
18,1,8,173.06200444860934,-33.4375,4.0,QT450-10,194.50552999628405,,,,False
18,1,9,173.06200444860934,-33.4375,6.0,QT450-10,194.37734639801042,,,,False
18,1,10,173.06200444860934,-33.4375,8.0,QT450-10,194.19922606119795,,,,False
18,1,11,173.06200444860934,-33.4375,10.0,QT450-10,193.9683481678187,,,,False
18,1,12,173.06200444860934,-33.4375,12.0,QT450-10,193.66682324067054,,,,False
18,2,0,173.06200444860934,-30.875,-12.0,QT450-10,194.4929590774281,,,,False
18,2,1,173.06200444860934,-30.875,-10.0,QT450-10,194.84414457319872,,,,False
18,2,2,173.06200444860934,-30.875,-8.0,QT450-10,195.11662799466353,,,,False
18,2,3,173.06200444860934,-30.875,-6.0,QT450-10,195.32244496547065,,,,False
18,2,4,173.06200444860934,-30.875,-4.0,QT450-10,195.4673722266686,,,,False
18,2,5,173.06200444860934,-30.875,-2.0,QT450-10,195.55378510688772,,,,False
18,2,6,173.06200444860934,-30.875,0.0,QT450-10,195.58252415342122,,,,False
18,2,7,173.06200444860934,-30.875,2.0,QT450-10,195.55378510688772,,,,False
18,2,8,173.06200444860934,-30.875,4.0,QT450-10,195.4673722266686,,,,False
18,2,9,173.06200444860934,-30.875,6.0,QT450-10,195.32244496547065,,,,False
18,2,10,173.06200444860934,-30.875,8.0,QT450-10,195.11662799466353,,,,False
18,2,11,173.06200444860934,-30.875,10.0,QT450-10,194.84414457319872,,,,False
18,2,12,173.06200444860934,-30.875,12.0,QT450-10,194.4929590774281,,,,False
18,3,0,173.06200444860934,-28.3125,-12.0,QT450-10,195.5538221506924,,,,False
18,3,1,173.06200444860934,-28.3125,-10.0,QT450-10,195.92439358016793,,,,False
18,3,2,173.06200444860934,-28.3125,-8.0,QT450-10,196.2188859334954,,,,False
18,3,3,173.06200444860934,-28.3125,-6.0,QT450-10,196.4430432860919,,,,False
18,3,4,173.06200444860934,-28.3125,-4.0,QT450-10,196.6009070420015,,,,False
18,3,5,173.06200444860934,-28.3125,-2.0,QT450-10,196.6948495850965,,,,False
18,3,6,173.06200444860934,-28.3125,0.0,QT450-10,196.7260473758332,,,,False
18,3,7,173.06200444860934,-28.3125,2.0,QT450-10,196.6948495850965,,,,False
18,3,8,173.06200444860934,-28.3125,4.0,QT450-10,196.6009070420015,,,,False
18,3,9,173.06200444860934,-28.3125,6.0,QT450-10,196.4430432860919,,,,False
18,3,10,173.06200444860934,-28.3125,8.0,QT450-10,196.2188859334954,,,,False
18,3,11,173.06200444860934,-28.3125,10.0,QT450-10,195.92439358016793,,,,False
18,3,12,173.06200444860934,-28.3125,12.0,QT450-10,195.5538221506924,,,,False
18,4,0,173.06200444860934,-25.75,-12.0,QT450-10,196.8791116384665,,,,False
18,4,1,173.06200444860934,-25.75,-10.0,QT450-10,197.26032516216875,,,,False
18,4,2,173.06200444860934,-25.75,-8.0,QT450-10,197.56770009423286,,,,False
18,4,3,173.06200444860934,-25.75,-6.0,QT450-10,197.80379741292944,,,,False
18,4,4,173.06200444860934,-25.75,-4.0,QT450-10,197.97087264360184,,,,False
18,4,5,173.06200444860934,-25.75,-2.0,QT450-10,198.07051635595923,,,,False
18,4,6,173.06200444860934,-25.75,0.0,QT450-10,198.1036341694807,,,,False
18,4,7,173.06200444860934,-25.75,2.0,QT450-10,198.07051635595923,,,,False
18,4,8,173.06200444860934,-25.75,4.0,QT450-10,197.97087264360184,,,,False
18,4,9,173.06200444860934,-25.75,6.0,QT450-10,197.80379741292944,,,,False
18,4,10,173.06200444860934,-25.75,8.0,QT450-10,197.56770009423286,,,,False
18,4,11,173.06200444860934,-25.75,10.0,QT450-10,197.26032516216875,,,,False
18,4,12,173.06200444860934,-25.75,12.0,QT450-10,196.8791116384665,,,,False
18,5,0,173.06200444860934,-23.1875,-12.0,QT450-10,198.5609419235691,,,,False
18,5,1,173.06200444860934,-23.1875,-10.0,QT450-10,198.95043915504712,,,,False
18,5,2,173.06200444860934,-23.1875,-8.0,QT450-10,199.26706768936253,,,,False
18,5,3,173.06200444860934,-23.1875,-6.0,QT450-10,199.5118538883993,,,,False
18,5,4,173.06200444860934,-23.1875,-4.0,QT450-10,199.68585595297182,,,,False
18,5,5,173.06200444860934,-23.1875,-2.0,QT450-10,199.789912098021,,,,False
18,5,6,173.06200444860934,-23.1875,0.0,QT450-10,199.82453980180696,,,,False
18,5,7,173.06200444860934,-23.1875,2.0,QT450-10,199.789912098021,,,,False
18,5,8,173.06200444860934,-23.1875,4.0,QT450-10,199.68585595297182,,,,False
18,5,9,173.06200444860934,-23.1875,6.0,QT450-10,199.5118538883993,,,,False
18,5,10,173.06200444860934,-23.1875,8.0,QT450-10,199.26706768936253,,,,False
18,5,11,173.06200444860934,-23.1875,10.0,QT450-10,198.95043915504712,,,,False
18,5,12,173.06200444860934,-23.1875,12.0,QT450-10,198.5609419235691,,,,False
18,6,0,173.06200444860934,-20.625,-12.0,QT450-10,200.79400974647058,,,,False
18,6,1,173.06200444860934,-20.625,-10.0,QT450-10,201.1922298747467,,,,False
18,6,2,173.06200444860934,-20.625,-8.0,QT450-10,201.51758959250685,,,,False
18,6,3,173.06200444860934,-20.625,-6.0,QT450-10,201.7702637692211,,,,False
18,6,4,173.06200444860934,-20.625,-4.0,QT450-10,201.95050757441223,,,,False
18,6,5,173.06200444860934,-20.625,-2.0,QT450-10,202.05855078178226,,,,False
18,6,6,173.06200444860934,-20.625,0.0,QT450-10,202.09454742190354,,,,False
18,6,7,173.06200444860934,-20.625,2.0,QT450-10,202.05855078178226,,,,False
18,6,8,173.06200444860934,-20.625,4.0,QT450-10,201.95050757441223,,,,False
18,6,9,173.06200444860934,-20.625,6.0,QT450-10,201.7702637692211,,,,False
18,6,10,173.06200444860934,-20.625,8.0,QT450-10,201.51758959250685,,,,False
18,6,11,173.06200444860934,-20.625,10.0,QT450-10,201.1922298747467,,,,False
18,6,12,173.06200444860934,-20.625,12.0,QT450-10,200.79400974647058,,,,False
18,7,0,173.06200444860934,-18.0625,-12.0,QT450-10,203.99090826321313,,,,False
18,7,1,173.06200444860934,-18.0625,-10.0,QT450-10,204.4010068022351,,,,False
18,7,2,173.06200444860934,-18.0625,-8.0,QT450-10,204.73774649765434,,,,False
18,7,3,173.06200444860934,-18.0625,-6.0,QT450-10,205.00049848554733,,,,False
18,7,4,173.06200444860934,-18.0625,-4.0,QT450-10,205.18866391791894,,,,False
18,7,5,173.06200444860934,-18.0625,-2.0,QT450-10,205.3017733065958,,,,False
18,7,6,173.06200444860934,-18.0625,0.0,QT450-10,205.33951220061263,,,,False
18,7,7,173.06200444860934,-18.0625,2.0,QT450-10,205.3017733065958,,,,False
18,7,8,173.06200444860934,-18.0625,4.0,QT450-10,205.18866391791894,,,,False
18,7,9,173.06200444860934,-18.0625,6.0,QT450-10,205.00049848554733,,,,False
18,7,10,173.06200444860934,-18.0625,8.0,QT450-10,204.73774649765434,,,,False
18,7,11,173.06200444860934,-18.0625,10.0,QT450-10,204.4010068022351,,,,False
18,7,12,173.06200444860934,-18.0625,12.0,QT450-10,203.99090826321313,,,,False
18,8,0,173.06200444860934,-15.5,-12.0,QT450-10,208.9170233409642,,,,False
18,8,1,173.06200444860934,-15.5,-10.0,QT450-10,209.35070430889556,,,,False
18,8,2,173.06200444860934,-15.5,-8.0,QT450-10,209.71421804361918,,,,False
18,8,3,173.06200444860934,-15.5,-6.0,QT450-10,210.00389957605816,,,,False
18,8,4,173.06200444860934,-15.5,-4.0,QT450-10,210.21538822742548,,,,False
18,8,5,173.06200444860934,-15.5,-2.0,QT450-10,210.34442159661623,,,,False
18,8,6,173.06200444860934,-15.5,0.0,QT450-10,210.38783336479256,,,,False
18,8,7,173.06200444860934,-15.5,2.0,QT450-10,210.34442159661623,,,,False
18,8,8,173.06200444860934,-15.5,4.0,QT450-10,210.21538822742548,,,,False
18,8,9,173.06200444860934,-15.5,6.0,QT450-10,210.00389957605816,,,,False
18,8,10,173.06200444860934,-15.5,8.0,QT450-10,209.71421804361918,,,,False
18,8,11,173.06200444860934,-15.5,10.0,QT450-10,209.35070430889556,,,,False
18,8,12,173.06200444860934,-15.5,12.0,QT450-10,208.9170233409642,,,,False
18,9,0,173.06200444860934,-12.9375,-12.0,QT450-10,216.27259577790886,,,,False
18,9,1,173.06200444860934,-12.9375,-10.0,QT450-10,216.78168288020277,,,,False
18,9,2,173.06200444860934,-12.9375,-8.0,QT450-10,217.26211412576225,,,,False
18,9,3,173.06200444860934,-12.9375,-6.0,QT450-10,217.69832024621263,,,,False
18,9,4,173.06200444860934,-12.9375,-4.0,QT450-10,218.0629322286986,,,,False
18,9,5,173.06200444860934,-12.9375,-2.0,QT450-10,218.31374461227952,,,,False
18,9,6,173.06200444860934,-12.9375,0.0,QT450-10,218.40445977993727,,,,False
18,9,7,173.06200444860934,-12.9375,2.0,QT450-10,218.31374461227952,,,,False
18,9,8,173.06200444860934,-12.9375,4.0,QT450-10,218.0629322286986,,,,False
18,9,9,173.06200444860934,-12.9375,6.0,QT450-10,217.69832024621263,,,,False
18,9,10,173.06200444860934,-12.9375,8.0,QT450-10,217.26211412576225,,,,False
18,9,11,173.06200444860934,-12.9375,10.0,QT450-10,216.78168288020277,,,,False
18,9,12,173.06200444860934,-12.9375,12.0,QT450-10,216.27259577790886,,,,False
18,10,0,173.06200444860934,-10.375,-12.0,QT450-10,226.01649615229704,,,,False
18,10,1,173.06200444860934,-10.375,-10.0,QT450-10,226.7673671811034,,,,False
18,10,2,173.06200444860934,-10.375,-8.0,QT450-10,227.72762537818133,,,,False
18,10,3,173.06200444860934,-10.375,-6.0,QT450-10,228.95789099565457,,,,False
18,10,4,173.06200444860934,-10.375,-4.0,QT450-10,230.4006265221254,,,,False
18,10,5,173.06200444860934,-10.375,-2.0,QT450-10,231.63684714702396,,,,False
18,10,6,173.06200444860934,-10.375,0.0,QT450-10,232.13010599992487,,,,False
18,10,7,173.06200444860934,-10.375,2.0,QT450-10,231.63684714702396,,,,False
18,10,8,173.06200444860934,-10.375,4.0,QT450-10,230.4006265221254,,,,False
18,10,9,173.06200444860934,-10.375,6.0,QT450-10,228.95789099565457,,,,False
18,10,10,173.06200444860934,-10.375,8.0,QT450-10,227.72762537818133,,,,False
18,10,11,173.06200444860934,-10.375,10.0,QT450-10,226.7673671811034,,,,False
18,10,12,173.06200444860934,-10.375,12.0,QT450-10,226.01649615229704,,,,False
18,11,0,173.06200444860934,-7.8125,-12.0,QT450-10,237.9654474666305,,,,False
18,11,1,173.06200444860934,-7.8125,-10.0,QT450-10,239.2558143690664,,,,False
18,11,2,173.06200444860934,-7.8125,-8.0,QT450-10,241.35418062596506,,,,False
18,11,3,173.06200444860934,-7.8125,-6.0,QT450-10,245.03134205146276,,,,False
18,11,4,173.06200444860934,-7.8125,-4.0,QT450-10,255.06091065498322,,,,False
18,11,5,173.06200444860934,-7.8125,-2.0,QT450-10,264.83706835157784,,,,False
18,11,6,173.06200444860934,-7.8125,0.0,QT450-10,269.20857967500086,,,,False
18,11,7,173.06200444860934,-7.8125,2.0,QT450-10,264.83706835157784,,,,False
18,11,8,173.06200444860934,-7.8125,4.0,QT450-10,255.06091065498322,,,,False
18,11,9,173.06200444860934,-7.8125,6.0,QT450-10,245.03134205146276,,,,False
18,11,10,173.06200444860934,-7.8125,8.0,QT450-10,241.35418062596506,,,,False
18,11,11,173.06200444860934,-7.8125,10.0,QT450-10,239.2558143690664,,,,False
18,11,12,173.06200444860934,-7.8125,12.0,QT450-10,237.9654474666305,,,,False
18,12,0,173.06200444860934,-5.25,-12.0,QT450-10,250.58654532293852,,,,False
18,12,1,173.06200444860934,-5.25,-10.0,QT450-10,252.7056888883483,,,,False
18,12,2,173.06200444860934,-5.25,-8.0,QT450-10,258.07274988874576,,,,False
18,12,3,173.06200444860934,-5.25,-6.0,QT450-10,273.88140846654045,,,,False
18,12,4,173.06200444860934,-5.25,-4.0,QT450-10,297.64292507076215,,,,False
18,12,5,173.06200444860934,-5.25,-2.0,QT450-10,323.6722991005206,,,,False
18,12,6,173.06200444860934,-5.25,0.0,QT450-10,338.01871624169274,,,,False
18,12,7,173.06200444860934,-5.25,2.0,QT450-10,323.6722991005206,,,,False
18,12,8,173.06200444860934,-5.25,4.0,QT450-10,297.64292507076215,,,,False
18,12,9,173.06200444860934,-5.25,6.0,QT450-10,273.8814084665405,,,,False
18,12,10,173.06200444860934,-5.25,8.0,QT450-10,258.07274988874576,,,,False
18,12,11,173.06200444860934,-5.25,10.0,QT450-10,252.7056888883483,,,,False
18,12,12,173.06200444860934,-5.25,12.0,QT450-10,250.58654532293852,,,,False
18,13,0,173.06200444860934,-2.6875,-12.0,ERNiFe-CI,262.35048031937185,,,,False
18,13,1,173.06200444860934,-2.6875,-10.0,ERNiFe-CI,265.912616610596,,,,False
18,13,2,173.06200444860934,-2.6875,-8.0,ERNiFe-CI,278.97308796851405,,,,False
18,13,3,173.06200444860934,-2.6875,-6.0,ERNiFe-CI,307.80943027898,,,,False
18,13,4,173.06200444860934,-2.6875,-4.0,ERNiFe-CI,357.02022432862975,,,,False
18,13,5,173.06200444860934,-2.6875,-2.0,ERNiFe-CI,426.58717620472424,,,,False
18,13,6,173.06200444860934,-2.6875,0.0,ERNiFe-CI,485.09427358990035,,,,False
18,13,7,173.06200444860934,-2.6875,2.0,ERNiFe-CI,426.58717620472424,,,,False
18,13,8,173.06200444860934,-2.6875,4.0,ERNiFe-CI,357.02022432862975,,,,False
18,13,9,173.06200444860934,-2.6875,6.0,ERNiFe-CI,307.8094302789801,,,,False
18,13,10,173.06200444860934,-2.6875,8.0,ERNiFe-CI,278.9730879685141,,,,False
18,13,11,173.06200444860934,-2.6875,10.0,ERNiFe-CI,265.912616610596,,,,False
18,13,12,173.06200444860934,-2.6875,12.0,ERNiFe-CI,262.35048031937185,,,,False
18,14,0,173.06200444860934,-0.125,-12.0,ERNiFe-CI,272.3136679910982,,,,False
18,14,1,173.06200444860934,-0.125,-10.0,ERNiFe-CI,278.29077368288864,,,,False
18,14,2,173.06200444860934,-0.125,-8.0,ERNiFe-CI,295.542681540552,,,,False
18,14,3,173.06200444860934,-0.125,-6.0,ERNiFe-CI,335.5539814944492,,,,False
18,14,4,173.06200444860934,-0.125,-4.0,ERNiFe-CI,417.1556635468763,,,,False
18,14,5,173.06200444860934,-0.125,-2.0,ERNiFe-CI,587.8012799874551,,,,False
18,14,6,173.06200444860934,-0.125,0.0,ERNiFe-CI,844.1544602315224,119.22978638767755,121.58283615348242,2.353049765804869,True
18,14,7,173.06200444860934,-0.125,2.0,ERNiFe-CI,587.8012799874551,,,,False
18,14,8,173.06200444860934,-0.125,4.0,ERNiFe-CI,417.1556635468763,,,,False
18,14,9,173.06200444860934,-0.125,6.0,ERNiFe-CI,335.5539814944492,,,,False
18,14,10,173.06200444860934,-0.125,8.0,ERNiFe-CI,295.542681540552,,,,False
18,14,11,173.06200444860934,-0.125,10.0,ERNiFe-CI,278.29077368288864,,,,False
18,14,12,173.06200444860934,-0.125,12.0,ERNiFe-CI,272.3136679910982,,,,False
18,15,0,173.06200444860934,2.4375,-12.0,ERNiFe-CI,279.6269059158058,,,,False
18,15,1,173.06200444860934,2.4375,-10.0,ERNiFe-CI,286.13811161103007,,,,False
18,15,2,173.06200444860934,2.4375,-8.0,ERNiFe-CI,302.84523603786306,,,,False
18,15,3,173.06200444860934,2.4375,-6.0,ERNiFe-CI,336.1512118448038,,,,False
18,15,4,173.06200444860934,2.4375,-4.0,ERNiFe-CI,390.68953619823276,,,,False
18,15,5,173.06200444860934,2.4375,-2.0,ERNiFe-CI,466.74236544823003,,,,False
18,15,6,173.06200444860934,2.4375,0.0,ERNiFe-CI,532.0503244703697,,,,False
18,15,7,173.06200444860934,2.4375,2.0,ERNiFe-CI,466.74236544823003,,,,False
18,15,8,173.06200444860934,2.4375,4.0,ERNiFe-CI,390.68953619823276,,,,False
18,15,9,173.06200444860934,2.4375,6.0,ERNiFe-CI,336.1512118448038,,,,False
18,15,10,173.06200444860934,2.4375,8.0,ERNiFe-CI,302.84523603786306,,,,False
18,15,11,173.06200444860934,2.4375,10.0,ERNiFe-CI,286.13811161103007,,,,False
18,15,12,173.06200444860934,2.4375,12.0,ERNiFe-CI,279.6269059158058,,,,False
18,16,0,173.06200444860934,5.0,-12.0,Q235B,283.36319811587117,,,,False
18,16,1,173.06200444860934,5.0,-10.0,Q235B,289.3960953229831,,,,False
18,16,2,173.06200444860934,5.0,-8.0,Q235B,304.4833032443532,,,,False
18,16,3,173.06200444860934,5.0,-6.0,Q235B,331.27509221622734,,,,False
18,16,4,173.06200444860934,5.0,-4.0,Q235B,368.0394569913201,,,,False
18,16,5,173.06200444860934,5.0,-2.0,Q235B,406.252344709936,,,,False
18,16,6,173.06200444860934,5.0,0.0,Q235B,426.5098120886469,,,,False
18,16,7,173.06200444860934,5.0,2.0,Q235B,406.252344709936,,,,False
18,16,8,173.06200444860934,5.0,4.0,Q235B,368.0394569913201,,,,False
18,16,9,173.06200444860934,5.0,6.0,Q235B,331.27509221622734,,,,False
18,16,10,173.06200444860934,5.0,8.0,Q235B,304.4833032443532,,,,False
18,16,11,173.06200444860934,5.0,10.0,Q235B,289.3960953229831,,,,False
18,16,12,173.06200444860934,5.0,12.0,Q235B,283.36319811587117,,,,False
19,0,0,182.67656025130987,-36.0,-12.0,QT450-10,192.43287732348304,,,,False
19,0,1,182.67656025130987,-36.0,-10.0,QT450-10,192.56368769211107,,,,False
19,0,2,182.67656025130987,-36.0,-8.0,QT450-10,192.7228037224546,,,,False
19,0,3,182.67656025130987,-36.0,-6.0,QT450-10,192.86786687848533,,,,False
19,0,4,182.67656025130987,-36.0,-4.0,QT450-10,192.9798685968474,,,,False
19,0,5,182.67656025130987,-36.0,-2.0,QT450-10,193.0497920223996,,,,False
19,0,6,182.67656025130987,-36.0,0.0,QT450-10,193.07350222943816,,,,False
19,0,7,182.67656025130987,-36.0,2.0,QT450-10,193.0497920223996,,,,False
19,0,8,182.67656025130987,-36.0,4.0,QT450-10,192.9798685968474,,,,False
19,0,9,182.67656025130987,-36.0,6.0,QT450-10,192.86786687848533,,,,False
19,0,10,182.67656025130987,-36.0,8.0,QT450-10,192.7228037224546,,,,False
19,0,11,182.67656025130987,-36.0,10.0,QT450-10,192.56368769211107,,,,False
19,0,12,182.67656025130987,-36.0,12.0,QT450-10,192.43287732348304,,,,False
19,1,0,182.67656025130987,-33.4375,-12.0,QT450-10,192.97377526889798,,,,False
19,1,1,182.67656025130987,-33.4375,-10.0,QT450-10,193.27364804406793,,,,False
19,1,2,182.67656025130987,-33.4375,-8.0,QT450-10,193.50325848375334,,,,False
19,1,3,182.67656025130987,-33.4375,-6.0,QT450-10,193.68039974760367,,,,False
19,1,4,182.67656025130987,-33.4375,-4.0,QT450-10,193.80787817313904,,,,False
19,1,5,182.67656025130987,-33.4375,-2.0,QT450-10,193.88501076145394,,,,False
19,1,6,182.67656025130987,-33.4375,0.0,QT450-10,193.9108455660899,,,,False
19,1,7,182.67656025130987,-33.4375,2.0,QT450-10,193.88501076145394,,,,False
19,1,8,182.67656025130987,-33.4375,4.0,QT450-10,193.80787817313904,,,,False
19,1,9,182.67656025130987,-33.4375,6.0,QT450-10,193.68039974760367,,,,False
19,1,10,182.67656025130987,-33.4375,8.0,QT450-10,193.50325848375334,,,,False
19,1,11,182.67656025130987,-33.4375,10.0,QT450-10,193.27364804406793,,,,False
19,1,12,182.67656025130987,-33.4375,12.0,QT450-10,192.97377526889798,,,,False
19,2,0,182.67656025130987,-30.875,-12.0,QT450-10,193.79425973477453,,,,False
19,2,1,182.67656025130987,-30.875,-10.0,QT450-10,194.14351215873313,,,,False
19,2,2,182.67656025130987,-30.875,-8.0,QT450-10,194.41449279123034,,,,False
19,2,3,182.67656025130987,-30.875,-6.0,QT450-10,194.61917286220842,,,,False
19,2,4,182.67656025130987,-30.875,-4.0,QT450-10,194.7632986480765,,,,False
19,2,5,182.67656025130987,-30.875,-2.0,QT450-10,194.84923329333157,,,,False
19,2,6,182.67656025130987,-30.875,0.0,QT450-10,194.87781323143517,,,,False
19,2,7,182.67656025130987,-30.875,2.0,QT450-10,194.84923329333157,,,,False
19,2,8,182.67656025130987,-30.875,4.0,QT450-10,194.7632986480765,,,,False
19,2,9,182.67656025130987,-30.875,6.0,QT450-10,194.61917286220842,,,,False
19,2,10,182.67656025130987,-30.875,8.0,QT450-10,194.41449279123034,,,,False
19,2,11,182.67656025130987,-30.875,10.0,QT450-10,194.14351215873313,,,,False
19,2,12,182.67656025130987,-30.875,12.0,QT450-10,193.79425973477453,,,,False
19,3,0,182.67656025130987,-28.3125,-12.0,QT450-10,194.8475696578054,,,,False
19,3,1,182.67656025130987,-28.3125,-10.0,QT450-10,195.21608766267266,,,,False
19,3,2,182.67656025130987,-28.3125,-8.0,QT450-10,195.50894459598027,,,,False
19,3,3,182.67656025130987,-28.3125,-6.0,QT450-10,195.7318543235361,,,,False
19,3,4,182.67656025130987,-28.3125,-4.0,QT450-10,195.8888381435388,,,,False
19,3,5,182.67656025130987,-28.3125,-2.0,QT450-10,195.98225654229805,,,,False
19,3,6,182.67656025130987,-28.3125,0.0,QT450-10,196.01328018465597,,,,False
19,3,7,182.67656025130987,-28.3125,2.0,QT450-10,195.98225654229805,,,,False
19,3,8,182.67656025130987,-28.3125,4.0,QT450-10,195.8888381435388,,,,False
19,3,9,182.67656025130987,-28.3125,6.0,QT450-10,195.7318543235361,,,,False
19,3,10,182.67656025130987,-28.3125,8.0,QT450-10,195.50894459598027,,,,False
19,3,11,182.67656025130987,-28.3125,10.0,QT450-10,195.21608766267266,,,,False
19,3,12,182.67656025130987,-28.3125,12.0,QT450-10,194.8475696578054,,,,False
19,4,0,182.67656025130987,-25.75,-12.0,QT450-10,196.163182524119,,,,False
19,4,1,182.67656025130987,-25.75,-10.0,QT450-10,196.54226422868896,,,,False
19,4,2,182.67656025130987,-25.75,-8.0,QT450-10,196.84791535546998,,,,False
19,4,3,182.67656025130987,-25.75,-6.0,QT450-10,197.08268562912355,,,,False
19,4,4,182.67656025130987,-25.75,-4.0,QT450-10,197.2488202298122,,,,False
19,4,5,182.67656025130987,-25.75,-2.0,QT450-10,197.34790234271125,,,,False
19,4,6,182.67656025130987,-25.75,0.0,QT450-10,197.38083340159577,,,,False
19,4,7,182.67656025130987,-25.75,2.0,QT450-10,197.34790234271125,,,,False
19,4,8,182.67656025130987,-25.75,4.0,QT450-10,197.2488202298122,,,,False
19,4,9,182.67656025130987,-25.75,6.0,QT450-10,197.08268562912355,,,,False
19,4,10,182.67656025130987,-25.75,8.0,QT450-10,196.84791535546998,,,,False
19,4,11,182.67656025130987,-25.75,10.0,QT450-10,196.54226422868896,,,,False
19,4,12,182.67656025130987,-25.75,12.0,QT450-10,196.163182524119,,,,False
19,5,0,182.67656025130987,-23.1875,-12.0,QT450-10,197.83267309462877,,,,False
19,5,1,182.67656025130987,-23.1875,-10.0,QT450-10,198.21996264224944,,,,False
19,5,2,182.67656025130987,-23.1875,-8.0,QT450-10,198.53479096509037,,,,False
19,5,3,182.67656025130987,-23.1875,-6.0,QT450-10,198.7781825387134,,,,False
19,5,4,182.67656025130987,-23.1875,-4.0,QT450-10,198.95119183611527,,,,False
19,5,5,182.67656025130987,-23.1875,-2.0,QT450-10,199.0546537415174,,,,False
19,5,6,182.67656025130987,-23.1875,0.0,QT450-10,199.08908360481604,,,,False
19,5,7,182.67656025130987,-23.1875,2.0,QT450-10,199.0546537415174,,,,False
19,5,8,182.67656025130987,-23.1875,4.0,QT450-10,198.95119183611527,,,,False
19,5,9,182.67656025130987,-23.1875,6.0,QT450-10,198.7781825387134,,,,False
19,5,10,182.67656025130987,-23.1875,8.0,QT450-10,198.53479096509037,,,,False
19,5,11,182.67656025130987,-23.1875,10.0,QT450-10,198.21996264224944,,,,False
19,5,12,182.67656025130987,-23.1875,12.0,QT450-10,197.83267309462877,,,,False
19,6,0,182.67656025130987,-20.625,-12.0,QT450-10,200.04983244322227,,,,False
19,6,1,182.67656025130987,-20.625,-10.0,QT450-10,200.44574446781812,,,,False
19,6,2,182.67656025130987,-20.625,-8.0,QT450-10,200.7692184206721,,,,False
19,6,3,182.67656025130987,-20.625,-6.0,QT450-10,201.02042655143185,,,,False
19,6,4,182.67656025130987,-20.625,-4.0,QT450-10,201.1996219999492,,,,False
19,6,5,182.67656025130987,-20.625,-2.0,QT450-10,201.30703618995102,,,,False
19,6,6,182.67656025130987,-20.625,0.0,QT450-10,201.34282315331143,,,,False
19,6,7,182.67656025130987,-20.625,2.0,QT450-10,201.30703618995102,,,,False
19,6,8,182.67656025130987,-20.625,4.0,QT450-10,201.1996219999492,,,,False
19,6,9,182.67656025130987,-20.625,6.0,QT450-10,201.02042655143185,,,,False
19,6,10,182.67656025130987,-20.625,8.0,QT450-10,200.7692184206721,,,,False
19,6,11,182.67656025130987,-20.625,10.0,QT450-10,200.44574446781812,,,,False
19,6,12,182.67656025130987,-20.625,12.0,QT450-10,200.04983244322227,,,,False
19,7,0,182.67656025130987,-18.0625,-12.0,QT450-10,203.2264447470456,,,,False
19,7,1,182.67656025130987,-18.0625,-10.0,QT450-10,203.63411795399745,,,,False
19,7,2,182.67656025130987,-18.0625,-8.0,QT450-10,203.96885247736753,,,,False
19,7,3,182.67656025130987,-18.0625,-6.0,QT450-10,204.23003441977997,,,,False
19,7,4,182.67656025130987,-18.0625,-4.0,QT450-10,204.41706973328732,,,,False
19,7,5,182.67656025130987,-18.0625,-2.0,QT450-10,204.5294923504428,,,,False
19,7,6,182.67656025130987,-18.0625,0.0,QT450-10,204.56700318796706,,,,False
19,7,7,182.67656025130987,-18.0625,2.0,QT450-10,204.5294923504428,,,,False
19,7,8,182.67656025130987,-18.0625,4.0,QT450-10,204.41706973328732,,,,False
19,7,9,182.67656025130987,-18.0625,6.0,QT450-10,204.23003441977997,,,,False
19,7,10,182.67656025130987,-18.0625,8.0,QT450-10,203.96885247736753,,,,False
19,7,11,182.67656025130987,-18.0625,10.0,QT450-10,203.63411795399745,,,,False
19,7,12,182.67656025130987,-18.0625,12.0,QT450-10,203.2264447470456,,,,False
19,8,0,182.67656025130987,-15.5,-12.0,QT450-10,208.13143938364982,,,,False
19,8,1,182.67656025130987,-15.5,-10.0,QT450-10,208.56246023999404,,,,False
19,8,2,182.67656025130987,-15.5,-8.0,QT450-10,208.9236849732471,,,,False
19,8,3,182.67656025130987,-15.5,-6.0,QT450-10,209.21147171701693,,,,False
19,8,4,182.67656025130987,-15.5,-4.0,QT450-10,209.4215273102434,,,,False
19,8,5,182.67656025130987,-15.5,-2.0,QT450-10,209.54967130225137,,,,False
19,8,6,182.67656025130987,-15.5,0.0,QT450-10,209.5927754071954,,,,False
19,8,7,182.67656025130987,-15.5,2.0,QT450-10,209.54967130225137,,,,False
19,8,8,182.67656025130987,-15.5,4.0,QT450-10,209.4215273102434,,,,False
19,8,9,182.67656025130987,-15.5,6.0,QT450-10,209.21147171701693,,,,False
19,8,10,182.67656025130987,-15.5,8.0,QT450-10,208.9236849732471,,,,False
19,8,11,182.67656025130987,-15.5,10.0,QT450-10,208.56246023999404,,,,False
19,8,12,182.67656025130987,-15.5,12.0,QT450-10,208.13143938364982,,,,False
19,9,0,182.67656025130987,-12.9375,-12.0,QT450-10,215.47301973731655,,,,False
19,9,1,182.67656025130987,-12.9375,-10.0,QT450-10,215.97904516877057,,,,False
19,9,2,182.67656025130987,-12.9375,-8.0,QT450-10,216.45655899113962,,,,False
19,9,3,182.67656025130987,-12.9375,-6.0,QT450-10,216.89002173849633,,,,False
19,9,4,182.67656025130987,-12.9375,-4.0,QT450-10,217.25229670875152,,,,False
19,9,5,182.67656025130987,-12.9375,-2.0,QT450-10,217.50149288276603,,,,False
19,9,6,182.67656025130987,-12.9375,0.0,QT450-10,217.59161776234987,,,,False
19,9,7,182.67656025130987,-12.9375,2.0,QT450-10,217.50149288276603,,,,False
19,9,8,182.67656025130987,-12.9375,4.0,QT450-10,217.25229670875152,,,,False
19,9,9,182.67656025130987,-12.9375,6.0,QT450-10,216.89002173849633,,,,False
19,9,10,182.67656025130987,-12.9375,8.0,QT450-10,216.45655899113962,,,,False
19,9,11,182.67656025130987,-12.9375,10.0,QT450-10,215.97904516877057,,,,False
19,9,12,182.67656025130987,-12.9375,12.0,QT450-10,215.47301973731655,,,,False
19,10,0,182.67656025130987,-10.375,-12.0,QT450-10,225.20847189722738,,,,False
19,10,1,182.67656025130987,-10.375,-10.0,QT450-10,225.9552017525008,,,,False
19,10,2,182.67656025130987,-10.375,-8.0,QT450-10,226.91043666707466,,,,False
19,10,3,182.67656025130987,-10.375,-6.0,QT450-10,228.13492910351056,,,,False
19,10,4,182.67656025130987,-10.375,-4.0,QT450-10,229.57190763080152,,,,False
19,10,5,182.67656025130987,-10.375,-2.0,QT450-10,230.80414176372446,,,,False
19,10,6,182.67656025130987,-10.375,0.0,QT450-10,231.29611163141732,,,,False
19,10,7,182.67656025130987,-10.375,2.0,QT450-10,230.80414176372446,,,,False
19,10,8,182.67656025130987,-10.375,4.0,QT450-10,229.57190763080152,,,,False
19,10,9,182.67656025130987,-10.375,6.0,QT450-10,228.13492910351056,,,,False
19,10,10,182.67656025130987,-10.375,8.0,QT450-10,226.91043666707466,,,,False
19,10,11,182.67656025130987,-10.375,10.0,QT450-10,225.9552017525008,,,,False
19,10,12,182.67656025130987,-10.375,12.0,QT450-10,225.20847189722738,,,,False
19,11,0,182.67656025130987,-7.8125,-12.0,QT450-10,237.1506815788052,,,,False
19,11,1,182.67656025130987,-7.8125,-10.0,QT450-10,238.43642395744124,,,,False
19,11,2,182.67656025130987,-7.8125,-8.0,QT450-10,240.52856619588985,,,,False
19,11,3,182.67656025130987,-7.8125,-6.0,QT450-10,244.19215865242484,,,,False
19,11,4,182.67656025130987,-7.8125,-4.0,QT450-10,254.22270642383288,,,,False
19,11,5,182.67656025130987,-7.8125,-2.0,QT450-10,263.99858142927314,,,,False
19,11,6,182.67656025130987,-7.8125,0.0,QT450-10,268.3706477461874,,,,False
19,11,7,182.67656025130987,-7.8125,2.0,QT450-10,263.99858142927314,,,,False
19,11,8,182.67656025130987,-7.8125,4.0,QT450-10,254.22270642383288,,,,False
19,11,9,182.67656025130987,-7.8125,6.0,QT450-10,244.19215865242484,,,,False
19,11,10,182.67656025130987,-7.8125,8.0,QT450-10,240.52856619588988,,,,False
19,11,11,182.67656025130987,-7.8125,10.0,QT450-10,238.43642395744124,,,,False
19,11,12,182.67656025130987,-7.8125,12.0,QT450-10,237.1506815788052,,,,False
19,12,0,182.67656025130987,-5.25,-12.0,QT450-10,249.76884333489974,,,,False
19,12,1,182.67656025130987,-5.25,-10.0,QT450-10,251.88229033688097,,,,False
19,12,2,182.67656025130987,-5.25,-8.0,QT450-10,257.23735243543484,,,,False
19,12,3,182.67656025130987,-5.25,-6.0,QT450-10,273.0480246053663,,,,False
19,12,4,182.67656025130987,-5.25,-4.0,QT450-10,296.8077538067566,,,,False
19,12,5,182.67656025130987,-5.25,-2.0,QT450-10,322.8361679040016,,,,False
19,12,6,182.67656025130987,-5.25,0.0,QT450-10,337.18334052073726,,,,False
19,12,7,182.67656025130987,-5.25,2.0,QT450-10,322.8361679040016,,,,False
19,12,8,182.67656025130987,-5.25,4.0,QT450-10,296.80775380675664,,,,False
19,12,9,182.67656025130987,-5.25,6.0,QT450-10,273.0480246053664,,,,False
19,12,10,182.67656025130987,-5.25,8.0,QT450-10,257.2373524354349,,,,False
19,12,11,182.67656025130987,-5.25,10.0,QT450-10,251.88229033688097,,,,False
19,12,12,182.67656025130987,-5.25,12.0,QT450-10,249.76884333489974,,,,False
19,13,0,182.67656025130987,-2.6875,-12.0,ERNiFe-CI,261.53235309279114,,,,False
19,13,1,182.67656025130987,-2.6875,-10.0,ERNiFe-CI,265.0829500715514,,,,False
19,13,2,182.67656025130987,-2.6875,-8.0,ERNiFe-CI,278.14288427945564,,,,False
19,13,3,182.67656025130987,-2.6875,-6.0,ERNiFe-CI,306.97928844445863,,,,False
19,13,4,182.67656025130987,-2.6875,-4.0,ERNiFe-CI,356.18657270509595,,,,False
19,13,5,182.67656025130987,-2.6875,-2.0,ERNiFe-CI,425.75306499535765,,,,False
19,13,6,182.67656025130987,-2.6875,0.0,ERNiFe-CI,484.2669300577202,,,,False
19,13,7,182.67656025130987,-2.6875,2.0,ERNiFe-CI,425.75306499535765,,,,False
19,13,8,182.67656025130987,-2.6875,4.0,ERNiFe-CI,356.186572705096,,,,False
19,13,9,182.67656025130987,-2.6875,6.0,ERNiFe-CI,306.9792884444587,,,,False
19,13,10,182.67656025130987,-2.6875,8.0,ERNiFe-CI,278.14288427945564,,,,False
19,13,11,182.67656025130987,-2.6875,10.0,ERNiFe-CI,265.0829500715514,,,,False
19,13,12,182.67656025130987,-2.6875,12.0,ERNiFe-CI,261.5323530927911,,,,False
19,14,0,182.67656025130987,-0.125,-12.0,ERNiFe-CI,271.49397282182514,,,,False
19,14,1,182.67656025130987,-0.125,-10.0,ERNiFe-CI,277.46398568082185,,,,False
19,14,2,182.67656025130987,-0.125,-8.0,ERNiFe-CI,294.7170491776253,,,,False
19,14,3,182.67656025130987,-0.125,-6.0,ERNiFe-CI,334.7288608681745,,,,False
19,14,4,182.67656025130987,-0.125,-4.0,ERNiFe-CI,416.3280835650497,,,,False
19,14,5,182.67656025130987,-0.125,-2.0,ERNiFe-CI,586.9779950279052,,,,False
19,14,6,182.67656025130987,-0.125,0.0,ERNiFe-CI,843.333655038173,125.6302621375334,127.98392953555074,2.353667398017336,True
19,14,7,182.67656025130987,-0.125,2.0,ERNiFe-CI,586.9779950279052,,,,False
19,14,8,182.67656025130987,-0.125,4.0,ERNiFe-CI,416.3280835650497,,,,False
19,14,9,182.67656025130987,-0.125,6.0,ERNiFe-CI,334.7288608681745,,,,False
19,14,10,182.67656025130987,-0.125,8.0,ERNiFe-CI,294.7170491776253,,,,False
19,14,11,182.67656025130987,-0.125,10.0,ERNiFe-CI,277.46398568082185,,,,False
19,14,12,182.67656025130987,-0.125,12.0,ERNiFe-CI,271.49397282182514,,,,False
19,15,0,182.67656025130987,2.4375,-12.0,ERNiFe-CI,278.80792296943605,,,,False
19,15,1,182.67656025130987,2.4375,-10.0,ERNiFe-CI,285.315617222851,,,,False
19,15,2,182.67656025130987,2.4375,-8.0,ERNiFe-CI,302.02522705864465,,,,False
19,15,3,182.67656025130987,2.4375,-6.0,ERNiFe-CI,335.33385041336606,,,,False
19,15,4,182.67656025130987,2.4375,-4.0,ERNiFe-CI,389.87626487211946,,,,False
19,15,5,182.67656025130987,2.4375,-2.0,ERNiFe-CI,465.9253563386621,,,,False
19,15,6,182.67656025130987,2.4375,0.0,ERNiFe-CI,531.238362467781,,,,False
19,15,7,182.67656025130987,2.4375,2.0,ERNiFe-CI,465.9253563386621,,,,False
19,15,8,182.67656025130987,2.4375,4.0,ERNiFe-CI,389.87626487211946,,,,False
19,15,9,182.67656025130987,2.4375,6.0,ERNiFe-CI,335.33385041336606,,,,False
19,15,10,182.67656025130987,2.4375,8.0,ERNiFe-CI,302.02522705864465,,,,False
19,15,11,182.67656025130987,2.4375,10.0,ERNiFe-CI,285.315617222851,,,,False
19,15,12,182.67656025130987,2.4375,12.0,ERNiFe-CI,278.80792296943605,,,,False
19,16,0,182.67656025130987,5.0,-12.0,Q235B,282.5457432572647,,,,False
19,16,1,182.67656025130987,5.0,-10.0,Q235B,288.5777007958789,,,,False
19,16,2,182.67656025130987,5.0,-8.0,Q235B,303.6687517027154,,,,False
19,16,3,182.67656025130987,5.0,-6.0,Q235B,330.46221604521287,,,,False
19,16,4,182.67656025130987,5.0,-4.0,Q235B,367.23236873515185,,,,False
19,16,5,182.67656025130987,5.0,-2.0,Q235B,405.4481507176386,,,,False
19,16,6,182.67656025130987,5.0,0.0,Q235B,425.7134899126582,,,,False
19,16,7,182.67656025130987,5.0,2.0,Q235B,405.4481507176386,,,,False
19,16,8,182.67656025130987,5.0,4.0,Q235B,367.23236873515185,,,,False
19,16,9,182.67656025130987,5.0,6.0,Q235B,330.46221604521287,,,,False
19,16,10,182.67656025130987,5.0,8.0,Q235B,303.6687517027154,,,,False
19,16,11,182.67656025130987,5.0,10.0,Q235B,288.5777007958789,,,,False
19,16,12,182.67656025130987,5.0,12.0,Q235B,282.5457432572647,,,,False
20,0,0,192.2911160540104,-36.0,-12.0,QT450-10,191.74039969429194,,,,False
20,0,1,192.2911160540104,-36.0,-10.0,QT450-10,191.87048940760243,,,,False
20,0,2,192.2911160540104,-36.0,-8.0,QT450-10,192.02872844417735,,,,False
20,0,3,192.2911160540104,-36.0,-6.0,QT450-10,192.1729917212207,,,,False
20,0,4,192.2911160540104,-36.0,-4.0,QT450-10,192.2843756431488,,,,False
20,0,5,192.2911160540104,-36.0,-2.0,QT450-10,192.35391327717767,,,,False
20,0,6,192.2911160540104,-36.0,0.0,QT450-10,192.37749264980678,,,,False
20,0,7,192.2911160540104,-36.0,2.0,QT450-10,192.35391327717767,,,,False
20,0,8,192.2911160540104,-36.0,4.0,QT450-10,192.2843756431488,,,,False
20,0,9,192.2911160540104,-36.0,6.0,QT450-10,192.1729917212207,,,,False
20,0,10,192.2911160540104,-36.0,8.0,QT450-10,192.02872844417735,,,,False
20,0,11,192.2911160540104,-36.0,10.0,QT450-10,191.87048940760243,,,,False
20,0,12,192.2911160540104,-36.0,12.0,QT450-10,191.74039969429194,,,,False
20,1,0,192.2911160540104,-33.4375,-12.0,QT450-10,192.27792493550493,,,,False
20,1,1,192.2911160540104,-33.4375,-10.0,QT450-10,192.57614372244112,,,,False
20,1,2,192.2911160540104,-33.4375,-8.0,QT450-10,192.80448546655742,,,,False
20,1,3,192.2911160540104,-33.4375,-6.0,QT450-10,192.98064680796298,,,,False
20,1,4,192.2911160540104,-33.4375,-4.0,QT450-10,193.10741951041237,,,,False
20,1,5,192.2911160540104,-33.4375,-2.0,QT450-10,193.18412489605313,,,,False
20,1,6,192.2911160540104,-33.4375,0.0,QT450-10,193.20981658204428,,,,False
20,1,7,192.2911160540104,-33.4375,2.0,QT450-10,193.18412489605313,,,,False
20,1,8,192.2911160540104,-33.4375,4.0,QT450-10,193.10741951041237,,,,False
20,1,9,192.2911160540104,-33.4375,6.0,QT450-10,192.98064680796298,,,,False
20,1,10,192.2911160540104,-33.4375,8.0,QT450-10,192.80448546655742,,,,False
20,1,11,192.2911160540104,-33.4375,10.0,QT450-10,192.57614372244112,,,,False
20,1,12,192.2911160540104,-33.4375,12.0,QT450-10,192.27792493550493,,,,False
20,2,0,192.2911160540104,-30.875,-12.0,QT450-10,193.09307986252685,,,,False
20,2,1,192.2911160540104,-30.875,-10.0,QT450-10,193.44039807627172,,,,False
20,2,2,192.2911160540104,-30.875,-8.0,QT450-10,193.70987525605818,,,,False
20,2,3,192.2911160540104,-30.875,-6.0,QT450-10,193.913418079362,,,,False
20,2,4,192.2911160540104,-30.875,-4.0,QT450-10,194.05674223150743,,,,False
20,2,5,192.2911160540104,-30.875,-2.0,QT450-10,194.14219858247128,,,,False
20,2,6,192.2911160540104,-30.875,0.0,QT450-10,194.17061939825984,,,,False
20,2,7,192.2911160540104,-30.875,2.0,QT450-10,194.14219858247128,,,,False
20,2,8,192.2911160540104,-30.875,4.0,QT450-10,194.05674223150743,,,,False
20,2,9,192.2911160540104,-30.875,6.0,QT450-10,193.913418079362,,,,False
20,2,10,192.2911160540104,-30.875,8.0,QT450-10,193.70987525605818,,,,False
20,2,11,192.2911160540104,-30.875,10.0,QT450-10,193.44039807627172,,,,False
20,2,12,192.2911160540104,-30.875,12.0,QT450-10,193.09307986252685,,,,False
20,3,0,192.2911160540104,-28.3125,-12.0,QT450-10,194.1393275323527,,,,False
20,3,1,192.2911160540104,-28.3125,-10.0,QT450-10,194.50579245400158,,,,False
20,3,2,192.2911160540104,-28.3125,-8.0,QT450-10,194.79701468416846,,,,False
20,3,3,192.2911160540104,-28.3125,-6.0,QT450-10,195.0186780688438,,,,False
20,3,4,192.2911160540104,-28.3125,-4.0,QT450-10,195.174783011635,,,,False
20,3,5,192.2911160540104,-28.3125,-2.0,QT450-10,195.26767794441474,,,,False
20,3,6,192.2911160540104,-28.3125,0.0,QT450-10,195.29852769265037,,,,False
20,3,7,192.2911160540104,-28.3125,2.0,QT450-10,195.26767794441474,,,,False
20,3,8,192.2911160540104,-28.3125,4.0,QT450-10,195.174783011635,,,,False
20,3,9,192.2911160540104,-28.3125,6.0,QT450-10,195.0186780688438,,,,False
20,3,10,192.2911160540104,-28.3125,8.0,QT450-10,194.79701468416846,,,,False
20,3,11,192.2911160540104,-28.3125,10.0,QT450-10,194.50579245400158,,,,False
20,3,12,192.2911160540104,-28.3125,12.0,QT450-10,194.1393275323527,,,,False
20,4,0,192.2911160540104,-25.75,-12.0,QT450-10,195.4459401302176,,,,False
20,4,1,192.2911160540104,-25.75,-10.0,QT450-10,195.82289289063507,,,,False
20,4,2,192.2911160540104,-25.75,-8.0,QT450-10,196.1268240124864,,,,False
20,4,3,192.2911160540104,-25.75,-6.0,QT450-10,196.3602709908083,,,,False
20,4,4,192.2911160540104,-25.75,-4.0,QT450-10,196.52546787417114,,,,False
20,4,5,192.2911160540104,-25.75,-2.0,QT450-10,196.62399022089505,,,,False
20,4,6,192.2911160540104,-25.75,0.0,QT450-10,196.65673514995615,,,,False
20,4,7,192.2911160540104,-25.75,2.0,QT450-10,196.62399022089505,,,,False
20,4,8,192.2911160540104,-25.75,4.0,QT450-10,196.52546787417114,,,,False
20,4,9,192.2911160540104,-25.75,6.0,QT450-10,196.3602709908083,,,,False
20,4,10,192.2911160540104,-25.75,8.0,QT450-10,196.1268240124864,,,,False
20,4,11,192.2911160540104,-25.75,10.0,QT450-10,195.82289289063507,,,,False
20,4,12,192.2911160540104,-25.75,12.0,QT450-10,195.4459401302176,,,,False
20,5,0,192.2911160540104,-23.1875,-12.0,QT450-10,197.10395556135026,,,,False
20,5,1,192.2911160540104,-23.1875,-10.0,QT450-10,197.4890465567069,,,,False
20,5,2,192.2911160540104,-23.1875,-8.0,QT450-10,197.8020823743283,,,,False
20,5,3,192.2911160540104,-23.1875,-6.0,QT450-10,198.04408510921166,,,,False
20,5,4,192.2911160540104,-23.1875,-4.0,QT450-10,198.2161056991526,,,,False
20,5,5,192.2911160540104,-23.1875,-2.0,QT450-10,198.3189757767125,,,,False
20,5,6,192.2911160540104,-23.1875,0.0,QT450-10,198.35320859981562,,,,False
20,5,7,192.2911160540104,-23.1875,2.0,QT450-10,198.3189757767125,,,,False
20,5,8,192.2911160540104,-23.1875,4.0,QT450-10,198.2161056991526,,,,False
20,5,9,192.2911160540104,-23.1875,6.0,QT450-10,198.04408510921166,,,,False
20,5,10,192.2911160540104,-23.1875,8.0,QT450-10,197.8020823743283,,,,False
20,5,11,192.2911160540104,-23.1875,10.0,QT450-10,197.4890465567069,,,,False
20,5,12,192.2911160540104,-23.1875,12.0,QT450-10,197.10395556135026,,,,False
20,6,0,192.2911160540104,-20.625,-12.0,QT450-10,199.30623915655866,,,,False
20,6,1,192.2911160540104,-20.625,-10.0,QT450-10,199.69986799550927,,,,False
20,6,2,192.2911160540104,-20.625,-8.0,QT450-10,200.0214697514015,,,,False
20,6,3,192.2911160540104,-20.625,-6.0,QT450-10,200.27122024359028,,,,False
20,6,4,192.2911160540104,-20.625,-4.0,QT450-10,200.44937398136778,,,,False
20,6,5,192.2911160540104,-20.625,-2.0,QT450-10,200.55616296670556,,,,False
20,6,6,192.2911160540104,-20.625,0.0,QT450-10,200.59174150059079,,,,False
20,6,7,192.2911160540104,-20.625,2.0,QT450-10,200.55616296670556,,,,False
20,6,8,192.2911160540104,-20.625,4.0,QT450-10,200.44937398136778,,,,False
20,6,9,192.2911160540104,-20.625,6.0,QT450-10,200.27122024359028,,,,False
20,6,10,192.2911160540104,-20.625,8.0,QT450-10,200.0214697514015,,,,False
20,6,11,192.2911160540104,-20.625,10.0,QT450-10,199.69986799550927,,,,False
20,6,12,192.2911160540104,-20.625,12.0,QT450-10,199.30623915655866,,,,False
20,7,0,192.2911160540104,-18.0625,-12.0,QT450-10,202.4637321184182,,,,False
20,7,1,192.2911160540104,-18.0625,-10.0,QT450-10,202.86899374793256,,,,False
20,7,2,192.2911160540104,-18.0625,-8.0,QT450-10,203.20173935776336,,,,False
20,7,3,192.2911160540104,-18.0625,-6.0,QT450-10,203.46136109883304,,,,False
20,7,4,192.2911160540104,-18.0625,-4.0,QT450-10,203.64727387567797,,,,False
20,7,5,192.2911160540104,-18.0625,-2.0,QT450-10,203.7590190191412,,,,False
20,7,6,192.2911160540104,-18.0625,0.0,QT450-10,203.7963034390911,,,,False
20,7,7,192.2911160540104,-18.0625,2.0,QT450-10,203.7590190191412,,,,False
20,7,8,192.2911160540104,-18.0625,4.0,QT450-10,203.647273875678,,,,False
20,7,9,192.2911160540104,-18.0625,6.0,QT450-10,203.46136109883307,,,,False
20,7,10,192.2911160540104,-18.0625,8.0,QT450-10,203.20173935776336,,,,False
20,7,11,192.2911160540104,-18.0625,10.0,QT450-10,202.86899374793256,,,,False
20,7,12,192.2911160540104,-18.0625,12.0,QT450-10,202.4637321184182,,,,False
20,8,0,192.2911160540104,-15.5,-12.0,QT450-10,207.34826143482348,,,,False
20,8,1,192.2911160540104,-15.5,-10.0,QT450-10,207.77665376132006,,,,False
20,8,2,192.2911160540104,-15.5,-8.0,QT450-10,208.13559855567996,,,,False
20,8,3,192.2911160540104,-15.5,-6.0,QT450-10,208.42151199066228,,,,False
20,8,4,192.2911160540104,-15.5,-4.0,QT450-10,208.6301571039827,,,,False
20,8,5,192.2911160540104,-15.5,-2.0,QT450-10,208.75741726516475,,,,False
20,8,6,192.2911160540104,-15.5,0.0,QT450-10,208.8002148023237,,,,False
20,8,7,192.2911160540104,-15.5,2.0,QT450-10,208.75741726516475,,,,False
20,8,8,192.2911160540104,-15.5,4.0,QT450-10,208.6301571039827,,,,False
20,8,9,192.2911160540104,-15.5,6.0,QT450-10,208.42151199066228,,,,False
20,8,10,192.2911160540104,-15.5,8.0,QT450-10,208.13559855567996,,,,False
20,8,11,192.2911160540104,-15.5,10.0,QT450-10,207.77665376132006,,,,False
20,8,12,192.2911160540104,-15.5,12.0,QT450-10,207.34826143482348,,,,False
20,9,0,192.2911160540104,-12.9375,-12.0,QT450-10,214.67573623004105,,,,False
20,9,1,192.2911160540104,-12.9375,-10.0,QT450-10,215.17872679262115,,,,False
20,9,2,192.2911160540104,-12.9375,-8.0,QT450-10,215.65337345354436,,,,False
20,9,3,192.2911160540104,-12.9375,-6.0,QT450-10,216.08418020534555,,,,False
20,9,4,192.2911160540104,-12.9375,-4.0,QT450-10,216.44419796739953,,,,False
20,9,5,192.2911160540104,-12.9375,-2.0,QT450-10,216.69182217378938,,,,False
20,9,6,192.2911160540104,-12.9375,0.0,QT450-10,216.78138448518564,,,,False
20,9,7,192.2911160540104,-12.9375,2.0,QT450-10,216.69182217378938,,,,False
20,9,8,192.2911160540104,-12.9375,4.0,QT450-10,216.44419796739953,,,,False
20,9,9,192.2911160540104,-12.9375,6.0,QT450-10,216.08418020534555,,,,False
20,9,10,192.2911160540104,-12.9375,8.0,QT450-10,215.65337345354436,,,,False
20,9,11,192.2911160540104,-12.9375,10.0,QT450-10,215.17872679262115,,,,False
20,9,12,192.2911160540104,-12.9375,12.0,QT450-10,214.67573623004105,,,,False
20,10,0,192.2911160540104,-10.375,-12.0,QT450-10,224.40474288507855,,,,False
20,10,1,192.2911160540104,-10.375,-10.0,QT450-10,225.1480187643305,,,,False
20,10,2,192.2911160540104,-10.375,-8.0,QT450-10,226.09976140723396,,,,False
20,10,3,192.2911160540104,-10.375,-6.0,QT450-10,227.32139772012107,,,,False
20,10,4,192.2911160540104,-10.375,-4.0,QT450-10,228.75682374094444,,,,False
20,10,5,192.2911160540104,-10.375,-2.0,QT450-10,229.98859647692612,,,,False
20,10,6,192.2911160540104,-10.375,0.0,QT450-10,230.4803853104287,,,,False
20,10,7,192.2911160540104,-10.375,2.0,QT450-10,229.98859647692612,,,,False
20,10,8,192.2911160540104,-10.375,4.0,QT450-10,228.75682374094444,,,,False
20,10,9,192.2911160540104,-10.375,6.0,QT450-10,227.32139772012107,,,,False
20,10,10,192.2911160540104,-10.375,8.0,QT450-10,226.09976140723396,,,,False
20,10,11,192.2911160540104,-10.375,10.0,QT450-10,225.1480187643305,,,,False
20,10,12,192.2911160540104,-10.375,12.0,QT450-10,224.40474288507855,,,,False
20,11,0,192.2911160540104,-7.8125,-12.0,QT450-10,236.34794906315153,,,,False
20,11,1,192.2911160540104,-7.8125,-10.0,QT450-10,237.63058686326005,,,,False
20,11,2,192.2911160540104,-7.8125,-8.0,QT450-10,239.7204553191579,,,,False
20,11,3,192.2911160540104,-7.8125,-6.0,QT450-10,243.37489526048915,,,,False
20,11,4,192.2911160540104,-7.8125,-4.0,QT450-10,253.3918335153238,,,,False
20,11,5,192.2911160540104,-7.8125,-2.0,QT450-10,263.16733801076174,,,,False
20,11,6,192.2911160540104,-7.8125,0.0,QT450-10,267.53992201130603,,,,False
20,11,7,192.2911160540104,-7.8125,2.0,QT450-10,263.16733801076174,,,,False
20,11,8,192.2911160540104,-7.8125,4.0,QT450-10,253.3918335153238,,,,False
20,11,9,192.2911160540104,-7.8125,6.0,QT450-10,243.37489526048915,,,,False
20,11,10,192.2911160540104,-7.8125,8.0,QT450-10,239.7204553191579,,,,False
20,11,11,192.2911160540104,-7.8125,10.0,QT450-10,237.63058686326005,,,,False
20,11,12,192.2911160540104,-7.8125,12.0,QT450-10,236.34794906315153,,,,False
20,12,0,192.2911160540104,-5.25,-12.0,QT450-10,248.97075935016358,,,,False
20,12,1,192.2911160540104,-5.25,-10.0,QT450-10,251.08141187509082,,,,False
20,12,2,192.2911160540104,-5.25,-8.0,QT450-10,256.4300373240713,,,,False
20,12,3,192.2911160540104,-5.25,-6.0,QT450-10,272.22196067021946,,,,False
20,12,4,192.2911160540104,-5.25,-4.0,QT450-10,295.982202880639,,,,False
20,12,5,192.2911160540104,-5.25,-2.0,QT450-10,322.011499136178,,,,False
20,12,6,192.2911160540104,-5.25,0.0,QT450-10,336.3572963219678,,,,False
20,12,7,192.2911160540104,-5.25,2.0,QT450-10,322.011499136178,,,,False
20,12,8,192.2911160540104,-5.25,4.0,QT450-10,295.982202880639,,,,False
20,12,9,192.2911160540104,-5.25,6.0,QT450-10,272.22196067021946,,,,False
20,12,10,192.2911160540104,-5.25,8.0,QT450-10,256.4300373240713,,,,False
20,12,11,192.2911160540104,-5.25,10.0,QT450-10,251.08141187509082,,,,False
20,12,12,192.2911160540104,-5.25,12.0,QT450-10,248.97075935016358,,,,False
20,13,0,192.2911160540104,-2.6875,-12.0,ERNiFe-CI,260.7405912502006,,,,False
20,13,1,192.2911160540104,-2.6875,-10.0,ERNiFe-CI,264.28933836598713,,,,False
20,13,2,192.2911160540104,-2.6875,-8.0,ERNiFe-CI,277.3259854702007,,,,False
20,13,3,192.2911160540104,-2.6875,-6.0,ERNiFe-CI,306.15649180844014,,,,False
20,13,4,192.2911160540104,-2.6875,-4.0,ERNiFe-CI,355.36231169802954,,,,False
20,13,5,192.2911160540104,-2.6875,-2.0,ERNiFe-CI,424.93315633241815,,,,False
20,13,6,192.2911160540104,-2.6875,0.0,ERNiFe-CI,483.44482704093457,,,,False
20,13,7,192.2911160540104,-2.6875,2.0,ERNiFe-CI,424.93315633241815,,,,False
20,13,8,192.2911160540104,-2.6875,4.0,ERNiFe-CI,355.36231169802954,,,,False
20,13,9,192.2911160540104,-2.6875,6.0,ERNiFe-CI,306.15649180844014,,,,False
20,13,10,192.2911160540104,-2.6875,8.0,ERNiFe-CI,277.3259854702007,,,,False
20,13,11,192.2911160540104,-2.6875,10.0,ERNiFe-CI,264.28933836598713,,,,False
20,13,12,192.2911160540104,-2.6875,12.0,ERNiFe-CI,260.7405912502006,,,,False
20,14,0,192.2911160540104,-0.125,-12.0,ERNiFe-CI,270.7088500615119,,,,False
20,14,1,192.2911160540104,-0.125,-10.0,ERNiFe-CI,276.6727319264767,,,,False
20,14,2,192.2911160540104,-0.125,-8.0,ERNiFe-CI,293.90198825889746,,,,False
20,14,3,192.2911160540104,-0.125,-6.0,ERNiFe-CI,333.9106338024712,,,,False
20,14,4,192.2911160540104,-0.125,-4.0,ERNiFe-CI,415.50641612384925,,,,False
20,14,5,192.2911160540104,-0.125,-2.0,ERNiFe-CI,586.1591428877208,,,,False
20,14,6,192.2911160540104,-0.125,0.0,ERNiFe-CI,842.5157656396917,132.03073665813238,134.3851420462923,2.354405388159904,True
20,14,7,192.2911160540104,-0.125,2.0,ERNiFe-CI,586.1591428877208,,,,False
20,14,8,192.2911160540104,-0.125,4.0,ERNiFe-CI,415.50641612384925,,,,False
20,14,9,192.2911160540104,-0.125,6.0,ERNiFe-CI,333.9106338024712,,,,False
20,14,10,192.2911160540104,-0.125,8.0,ERNiFe-CI,293.90198825889746,,,,False
20,14,11,192.2911160540104,-0.125,10.0,ERNiFe-CI,276.6727319264767,,,,False
20,14,12,192.2911160540104,-0.125,12.0,ERNiFe-CI,270.7088500615119,,,,False
20,15,0,192.2911160540104,2.4375,-12.0,ERNiFe-CI,278.02561782202696,,,,False
20,15,1,192.2911160540104,2.4375,-10.0,ERNiFe-CI,284.5275154868381,,,,False
20,15,2,192.2911160540104,2.4375,-8.0,ERNiFe-CI,301.21595377487915,,,,False
20,15,3,192.2911160540104,2.4375,-6.0,ERNiFe-CI,334.5234796047729,,,,False
20,15,4,192.2911160540104,2.4375,-4.0,ERNiFe-CI,389.069296054723,,,,False
20,15,5,192.2911160540104,2.4375,-2.0,ERNiFe-CI,465.1249985855382,,,,False
20,15,6,192.2911160540104,2.4375,0.0,ERNiFe-CI,530.4423947088193,,,,False
20,15,7,192.2911160540104,2.4375,2.0,ERNiFe-CI,465.1249985855382,,,,False
20,15,8,192.2911160540104,2.4375,4.0,ERNiFe-CI,389.069296054723,,,,False
20,15,9,192.2911160540104,2.4375,6.0,ERNiFe-CI,334.5234796047729,,,,False
20,15,10,192.2911160540104,2.4375,8.0,ERNiFe-CI,301.21595377487915,,,,False
20,15,11,192.2911160540104,2.4375,10.0,ERNiFe-CI,284.5275154868381,,,,False
20,15,12,192.2911160540104,2.4375,12.0,ERNiFe-CI,278.02561782202696,,,,False
20,16,0,192.2911160540104,5.0,-12.0,Q235B,281.7645638520152,,,,False
20,16,1,192.2911160540104,5.0,-10.0,Q235B,287.7918043876382,,,,False
20,16,2,192.2911160540104,5.0,-8.0,Q235B,302.8647427445571,,,,False
20,16,3,192.2911160540104,5.0,-6.0,Q235B,329.6591574456668,,,,False
20,16,4,192.2911160540104,5.0,-4.0,Q235B,366.43196073408444,,,,False
20,16,5,192.2911160540104,5.0,-2.0,Q235B,404.6569569760957,,,,False
20,16,6,192.2911160540104,5.0,0.0,Q235B,424.92314957368177,,,,False
20,16,7,192.2911160540104,5.0,2.0,Q235B,404.6569569760957,,,,False
20,16,8,192.2911160540104,5.0,4.0,Q235B,366.43196073408444,,,,False
20,16,9,192.2911160540104,5.0,6.0,Q235B,329.6591574456668,,,,False
20,16,10,192.2911160540104,5.0,8.0,Q235B,302.8647427445571,,,,False
20,16,11,192.2911160540104,5.0,10.0,Q235B,287.7918043876382,,,,False
20,16,12,192.2911160540104,5.0,12.0,Q235B,281.7645638520152,,,,False
21,0,0,201.90567185671088,-36.0,-12.0,QT450-10,191.0480460091484,,,,False
21,0,1,201.90567185671088,-36.0,-10.0,QT450-10,191.1774177789677,,,,False
21,0,2,201.90567185671088,-36.0,-8.0,QT450-10,191.33478318898236,,,,False
21,0,3,201.90567185671088,-36.0,-6.0,QT450-10,191.47824971463743,,,,False
21,0,4,201.90567185671088,-36.0,-4.0,QT450-10,191.58901829142155,,,,False
21,0,5,201.90567185671088,-36.0,-2.0,QT450-10,191.65817168025805,,,,False
21,0,6,201.90567185671088,-36.0,0.0,QT450-10,191.68162074559856,,,,False
21,0,7,201.90567185671088,-36.0,2.0,QT450-10,191.65817168025805,,,,False
21,0,8,201.90567185671088,-36.0,4.0,QT450-10,191.58901829142155,,,,False
21,0,9,201.90567185671088,-36.0,6.0,QT450-10,191.47824971463743,,,,False
21,0,10,201.90567185671088,-36.0,8.0,QT450-10,191.33478318898236,,,,False
21,0,11,201.90567185671088,-36.0,10.0,QT450-10,191.1774177789677,,,,False
21,0,12,201.90567185671088,-36.0,12.0,QT450-10,191.0480460091484,,,,False
21,1,0,201.90567185671088,-33.4375,-12.0,QT450-10,191.58233042787393,,,,False
21,1,1,201.90567185671088,-33.4375,-10.0,QT450-10,191.87890059493043,,,,False
21,1,2,201.90567185671088,-33.4375,-8.0,QT450-10,192.10597785630543,,,,False
21,1,3,201.90567185671088,-33.4375,-6.0,QT450-10,192.28116258683582,,,,False
21,1,4,201.90567185671088,-33.4375,-4.0,QT450-10,192.40723198084473,,,,False
21,1,5,201.90567185671088,-33.4375,-2.0,QT450-10,192.4835116369845,,,,False
21,1,6,201.90567185671088,-33.4375,0.0,QT450-10,192.50906069973382,,,,False
21,1,7,201.90567185671088,-33.4375,2.0,QT450-10,192.4835116369845,,,,False
21,1,8,201.90567185671088,-33.4375,4.0,QT450-10,192.40723198084473,,,,False
21,1,9,201.90567185671088,-33.4375,6.0,QT450-10,192.28116258683582,,,,False
21,1,10,201.90567185671088,-33.4375,8.0,QT450-10,192.10597785630543,,,,False
21,1,11,201.90567185671088,-33.4375,10.0,QT450-10,191.87890059493043,,,,False
21,1,12,201.90567185671088,-33.4375,12.0,QT450-10,191.58233042787393,,,,False
21,2,0,201.90567185671088,-30.875,-12.0,QT450-10,192.39241787645565,,,,False
21,2,1,201.90567185671088,-30.875,-10.0,QT450-10,192.73780894373832,,,,False
21,2,2,201.90567185671088,-30.875,-8.0,QT450-10,193.0057883087783,,,,False
21,2,3,201.90567185671088,-30.875,-6.0,QT450-10,193.20819824660046,,,,False
21,2,4,201.90567185671088,-30.875,-4.0,QT450-10,193.35072389219957,,,,False
21,2,5,201.90567185671088,-30.875,-2.0,QT450-10,193.4357038352565,,,,False
21,2,6,201.90567185671088,-30.875,0.0,QT450-10,193.46396615967888,,,,False
21,2,7,201.90567185671088,-30.875,2.0,QT450-10,193.4357038352565,,,,False
21,2,8,201.90567185671088,-30.875,4.0,QT450-10,193.35072389219957,,,,False
21,2,9,201.90567185671088,-30.875,6.0,QT450-10,193.20819824660046,,,,False
21,2,10,201.90567185671088,-30.875,8.0,QT450-10,193.0057883087783,,,,False
21,2,11,201.90567185671088,-30.875,10.0,QT450-10,192.73780894373832,,,,False
21,2,12,201.90567185671088,-30.875,12.0,QT450-10,192.39241787645565,,,,False
21,3,0,201.90567185671088,-28.3125,-12.0,QT450-10,193.43200645664936,,,,False
21,3,1,201.90567185671088,-28.3125,-10.0,QT450-10,193.79642766614037,,,,False
21,3,2,201.90567185671088,-28.3125,-8.0,QT450-10,194.08602331415437,,,,False
21,3,3,201.90567185671088,-28.3125,-6.0,QT450-10,194.30644699851757,,,,False
21,3,4,201.90567185671088,-28.3125,-4.0,QT450-10,194.4616780062708,,,,False
21,3,5,201.90567185671088,-28.3125,-2.0,QT450-10,194.55405252530957,,,,False
21,3,6,201.90567185671088,-28.3125,0.0,QT450-10,194.58472936702424,,,,False
21,3,7,201.90567185671088,-28.3125,2.0,QT450-10,194.55405252530957,,,,False
21,3,8,201.90567185671088,-28.3125,4.0,QT450-10,194.4616780062708,,,,False
21,3,9,201.90567185671088,-28.3125,6.0,QT450-10,194.30644699851757,,,,False
21,3,10,201.90567185671088,-28.3125,8.0,QT450-10,194.08602331415437,,,,False
21,3,11,201.90567185671088,-28.3125,10.0,QT450-10,193.79642766614037,,,,False
21,3,12,201.90567185671088,-28.3125,12.0,QT450-10,193.43200645664936,,,,False
21,4,0,201.90567185671088,-25.75,-12.0,QT450-10,194.73017483521022,,,,False
21,4,1,201.90567185671088,-25.75,-10.0,QT450-10,195.1050102003119,,,,False
21,4,2,201.90567185671088,-25.75,-8.0,QT450-10,195.4072304599467,,,,False
21,4,3,201.90567185671088,-25.75,-6.0,QT450-10,195.63936081415545,,,,False
21,4,4,201.90567185671088,-25.75,-4.0,QT450-10,195.80362473326718,,,,False
21,4,5,201.90567185671088,-25.75,-2.0,QT450-10,195.90159015891552,,,,False
21,4,6,201.90567185671088,-25.75,0.0,QT450-10,195.93414990512022,,,,False
21,4,7,201.90567185671088,-25.75,2.0,QT450-10,195.90159015891552,,,,False
21,4,8,201.90567185671088,-25.75,4.0,QT450-10,195.80362473326718,,,,False
21,4,9,201.90567185671088,-25.75,6.0,QT450-10,195.63936081415545,,,,False
21,4,10,201.90567185671088,-25.75,8.0,QT450-10,195.4072304599467,,,,False
21,4,11,201.90567185671088,-25.75,10.0,QT450-10,195.1050102003119,,,,False
21,4,12,201.90567185671088,-25.75,12.0,QT450-10,194.73017483521022,,,,False
21,5,0,201.90567185671088,-23.1875,-12.0,QT450-10,196.37741659682644,,,,False
21,5,1,201.90567185671088,-23.1875,-10.0,QT450-10,196.76032258206757,,,,False
21,5,2,201.90567185671088,-23.1875,-8.0,QT450-10,197.07157725419182,,,,False
21,5,3,201.90567185671088,-23.1875,-6.0,QT450-10,197.31219994361666,,,,False
21,5,4,201.90567185671088,-23.1875,-4.0,QT450-10,197.48323819855835,,,,False
21,5,5,201.90567185671088,-23.1875,-2.0,QT450-10,197.58552065465346,,,,False
21,5,6,201.90567185671088,-23.1875,0.0,QT450-10,197.61955783623097,,,,False
21,5,7,201.90567185671088,-23.1875,2.0,QT450-10,197.58552065465346,,,,False
21,5,8,201.90567185671088,-23.1875,4.0,QT450-10,197.48323819855835,,,,False
21,5,9,201.90567185671088,-23.1875,6.0,QT450-10,197.31219994361666,,,,False
21,5,10,201.90567185671088,-23.1875,8.0,QT450-10,197.07157725419182,,,,False
21,5,11,201.90567185671088,-23.1875,10.0,QT450-10,196.76032258206757,,,,False
21,5,12,201.90567185671088,-23.1875,12.0,QT450-10,196.37741659682644,,,,False
21,6,0,201.90567185671088,-20.625,-12.0,QT450-10,198.5656221983999,,,,False
21,6,1,201.90567185671088,-20.625,-10.0,QT450-10,198.95698617460138,,,,False
21,6,2,201.90567185671088,-20.625,-8.0,QT450-10,199.27673196454944,,,,False
21,6,3,201.90567185671088,-20.625,-6.0,QT450-10,199.52503813298438,,,,False
21,6,4,201.90567185671088,-20.625,-4.0,QT450-10,199.70216011468892,,,,False
21,6,5,201.90567185671088,-20.625,-2.0,QT450-10,199.808330065549,,,,False
21,6,6,201.90567185671088,-20.625,0.0,QT450-10,199.84370226150685,,,,False
21,6,7,201.90567185671088,-20.625,2.0,QT450-10,199.808330065549,,,,False
21,6,8,201.90567185671088,-20.625,4.0,QT450-10,199.70216011468892,,,,False
21,6,9,201.90567185671088,-20.625,6.0,QT450-10,199.52503813298438,,,,False
21,6,10,201.90567185671088,-20.625,8.0,QT450-10,199.27673196454944,,,,False
21,6,11,201.90567185671088,-20.625,10.0,QT450-10,198.95698617460138,,,,False
21,6,12,201.90567185671088,-20.625,12.0,QT450-10,198.5656221983999,,,,False
21,7,0,201.90567185671088,-18.0625,-12.0,QT450-10,201.70461181175517,,,,False
21,7,1,201.90567185671088,-18.0625,-10.0,QT450-10,202.10748127803603,,,,False
21,7,2,201.90567185671088,-18.0625,-8.0,QT450-10,202.4382550192713,,,,False
21,7,3,201.90567185671088,-18.0625,-6.0,QT450-10,202.6963289916994,,,,False
21,7,4,201.90567185671088,-18.0625,-4.0,QT450-10,202.88112810047016,,,,False
21,7,5,201.90567185671088,-18.0625,-2.0,QT450-10,202.99220218748405,,,,False
21,7,6,201.90567185671088,-18.0625,0.0,QT450-10,203.02926197517976,,,,False
21,7,7,201.90567185671088,-18.0625,2.0,QT450-10,202.99220218748405,,,,False
21,7,8,201.90567185671088,-18.0625,4.0,QT450-10,202.88112810047016,,,,False
21,7,9,201.90567185671088,-18.0625,6.0,QT450-10,202.6963289916994,,,,False
21,7,10,201.90567185671088,-18.0625,8.0,QT450-10,202.4382550192713,,,,False
21,7,11,201.90567185671088,-18.0625,10.0,QT450-10,202.10748127803603,,,,False
21,7,12,201.90567185671088,-18.0625,12.0,QT450-10,201.70461181175517,,,,False
21,8,0,201.90567185671088,-15.5,-12.0,QT450-10,206.56881215111585,,,,False
21,8,1,201.90567185671088,-15.5,-10.0,QT450-10,206.99458757257054,,,,False
21,8,2,201.90567185671088,-15.5,-8.0,QT450-10,207.3512697567915,,,,False
21,8,3,201.90567185671088,-15.5,-6.0,QT450-10,207.63532611261496,,,,False
21,8,4,201.90567185671088,-15.5,-4.0,QT450-10,207.84257349192174,,,,False
21,8,5,201.90567185671088,-15.5,-2.0,QT450-10,207.96895748108471,,,,False
21,8,6,201.90567185671088,-15.5,0.0,QT450-10,208.01145812095535,,,,False
21,8,7,201.90567185671088,-15.5,2.0,QT450-10,207.96895748108471,,,,False
21,8,8,201.90567185671088,-15.5,4.0,QT450-10,207.84257349192174,,,,False
21,8,9,201.90567185671088,-15.5,6.0,QT450-10,207.63532611261496,,,,False
21,8,10,201.90567185671088,-15.5,8.0,QT450-10,207.3512697567915,,,,False
21,8,11,201.90567185671088,-15.5,10.0,QT450-10,206.99458757257054,,,,False
21,8,12,201.90567185671088,-15.5,12.0,QT450-10,206.56881215111585,,,,False
21,9,0,201.90567185671088,-12.9375,-12.0,QT450-10,213.8811763598977,,,,False
21,9,1,201.90567185671088,-12.9375,-10.0,QT450-10,214.38112738032854,,,,False
21,9,2,201.90567185671088,-12.9375,-8.0,QT450-10,214.8528114140543,,,,False
21,9,3,201.90567185671088,-12.9375,-6.0,QT450-10,215.28083488673244,,,,False
21,9,4,201.90567185671088,-12.9375,-4.0,QT450-10,215.63843308976573,,,,False
21,9,5,201.90567185671088,-12.9375,-2.0,QT450-10,215.88434342566148,,,,False
21,9,6,201.90567185671088,-12.9375,0.0,QT450-10,215.97328190816103,,,,False
21,9,7,201.90567185671088,-12.9375,2.0,QT450-10,215.88434342566146,,,,False
21,9,8,201.90567185671088,-12.9375,4.0,QT450-10,215.63843308976573,,,,False
21,9,9,201.90567185671088,-12.9375,6.0,QT450-10,215.28083488673244,,,,False
21,9,10,201.90567185671088,-12.9375,8.0,QT450-10,214.8528114140543,,,,False
21,9,11,201.90567185671088,-12.9375,10.0,QT450-10,214.38112738032854,,,,False
21,9,12,201.90567185671088,-12.9375,12.0,QT450-10,213.8811763598977,,,,False
21,10,0,201.90567185671088,-10.375,-12.0,QT450-10,223.60065288294368,,,,False
21,10,1,201.90567185671088,-10.375,-10.0,QT450-10,224.3399349731663,,,,False
21,10,2,201.90567185671088,-10.375,-8.0,QT450-10,225.28703561634504,,,,False
21,10,3,201.90567185671088,-10.375,-6.0,QT450-10,226.50374804664617,,,,False
21,10,4,201.90567185671088,-10.375,-4.0,QT450-10,227.93534924987452,,,,False
21,10,5,201.90567185671088,-10.375,-2.0,QT450-10,229.1645955289513,,,,False
21,10,6,201.90567185671088,-10.375,0.0,QT450-10,229.655440943154,,,,False
21,10,7,201.90567185671088,-10.375,2.0,QT450-10,229.1645955289513,,,,False
21,10,8,201.90567185671088,-10.375,4.0,QT450-10,227.93534924987452,,,,False
21,10,9,201.90567185671088,-10.375,6.0,QT450-10,226.50374804664617,,,,False
21,10,10,201.90567185671088,-10.375,8.0,QT450-10,225.28703561634504,,,,False
21,10,11,201.90567185671088,-10.375,10.0,QT450-10,224.3399349731663,,,,False
21,10,12,201.90567185671088,-10.375,12.0,QT450-10,223.60065288294368,,,,False
21,11,0,201.90567185671088,-7.8125,-12.0,QT450-10,235.53917839173587,,,,False
21,11,1,201.90567185671088,-7.8125,-10.0,QT450-10,236.81753727826086,,,,False
21,11,2,201.90567185671088,-7.8125,-8.0,QT450-10,238.9023542145253,,,,False
21,11,3,201.90567185671088,-7.8125,-6.0,QT450-10,242.5371106639322,,,,False
21,11,4,201.90567185671088,-7.8125,-4.0,QT450-10,252.55122944695643,,,,False
21,11,5,201.90567185671088,-7.8125,-2.0,QT450-10,262.3218330639162,,,,False
21,11,6,201.90567185671088,-7.8125,0.0,QT450-10,266.6932421775702,,,,False
21,11,7,201.90567185671088,-7.8125,2.0,QT450-10,262.3218330639162,,,,False
21,11,8,201.90567185671088,-7.8125,4.0,QT450-10,252.55122944695643,,,,False
21,11,9,201.90567185671088,-7.8125,6.0,QT450-10,242.5371106639322,,,,False
21,11,10,201.90567185671088,-7.8125,8.0,QT450-10,238.9023542145253,,,,False
21,11,11,201.90567185671088,-7.8125,10.0,QT450-10,236.81753727826086,,,,False
21,11,12,201.90567185671088,-7.8125,12.0,QT450-10,235.53917839173587,,,,False
21,12,0,201.90567185671088,-5.25,-12.0,QT450-10,248.16039498919181,,,,False
21,12,1,201.90567185671088,-5.25,-10.0,QT450-10,250.2655312575426,,,,False
21,12,2,201.90567185671088,-5.25,-8.0,QT450-10,255.59382325424963,,,,False
21,12,3,201.90567185671088,-5.25,-6.0,QT450-10,271.3802766819678,,,,False
21,12,4,201.90567185671088,-5.25,-4.0,QT450-10,295.13297489745315,,,,False
21,12,5,201.90567185671088,-5.25,-2.0,QT450-10,321.1559700949763,,,,False
21,12,6,201.90567185671088,-5.25,0.0,QT450-10,335.4988895582404,,,,False
21,12,7,201.90567185671088,-5.25,2.0,QT450-10,321.1559700949763,,,,False
21,12,8,201.90567185671088,-5.25,4.0,QT450-10,295.13297489745315,,,,False
21,12,9,201.90567185671088,-5.25,6.0,QT450-10,271.38027668196776,,,,False
21,12,10,201.90567185671088,-5.25,8.0,QT450-10,255.59382325424966,,,,False
21,12,11,201.90567185671088,-5.25,10.0,QT450-10,250.2655312575426,,,,False
21,12,12,201.90567185671088,-5.25,12.0,QT450-10,248.16039498919181,,,,False
21,13,0,201.90567185671088,-2.6875,-12.0,ERNiFe-CI,259.9290875109242,,,,False
21,13,1,201.90567185671088,-2.6875,-10.0,ERNiFe-CI,263.460498869833,,,,False
21,13,2,201.90567185671088,-2.6875,-8.0,ERNiFe-CI,276.4888484244128,,,,False
21,13,3,201.90567185671088,-2.6875,-6.0,ERNiFe-CI,305.30712161753297,,,,False
21,13,4,201.90567185671088,-2.6875,-4.0,ERNiFe-CI,354.5007821373836,,,,False
21,13,5,201.90567185671088,-2.6875,-2.0,ERNiFe-CI,424.05607911263525,,,,False
21,13,6,201.90567185671088,-2.6875,0.0,ERNiFe-CI,482.54819815004834,,,,False
21,13,7,201.90567185671088,-2.6875,2.0,ERNiFe-CI,424.05607911263525,,,,False
21,13,8,201.90567185671088,-2.6875,4.0,ERNiFe-CI,354.5007821373836,,,,False
21,13,9,201.90567185671088,-2.6875,6.0,ERNiFe-CI,305.3071216175329,,,,False
21,13,10,201.90567185671088,-2.6875,8.0,ERNiFe-CI,276.4888484244128,,,,False
21,13,11,201.90567185671088,-2.6875,10.0,ERNiFe-CI,263.460498869833,,,,False
21,13,12,201.90567185671088,-2.6875,12.0,ERNiFe-CI,259.9290875109242,,,,False
21,14,0,201.90567185671088,-0.125,-12.0,ERNiFe-CI,269.89300810232066,,,,False
21,14,1,201.90567185671088,-0.125,-10.0,ERNiFe-CI,275.84312096011763,,,,False
21,14,2,201.90567185671088,-0.125,-8.0,ERNiFe-CI,293.06484217299396,,,,False
21,14,3,201.90567185671088,-0.125,-6.0,ERNiFe-CI,333.0567635142162,,,,False
21,14,4,201.90567185671088,-0.125,-4.0,ERNiFe-CI,414.6335959032748,,,,False
21,14,5,201.90567185671088,-0.125,-2.0,ERNiFe-CI,585.2503127543947,,,,False
21,14,6,201.90567185671088,-0.125,0.0,ERNiFe-CI,841.5824027050321,138.4302393504028,140.7860705821033,2.355831231700506,True
21,14,7,201.90567185671088,-0.125,2.0,ERNiFe-CI,585.2503127543947,,,,False
21,14,8,201.90567185671088,-0.125,4.0,ERNiFe-CI,414.6335959032748,,,,False
21,14,9,201.90567185671088,-0.125,6.0,ERNiFe-CI,333.0567635142162,,,,False
21,14,10,201.90567185671088,-0.125,8.0,ERNiFe-CI,293.06484217299396,,,,False
21,14,11,201.90567185671088,-0.125,10.0,ERNiFe-CI,275.84312096011763,,,,False
21,14,12,201.90567185671088,-0.125,12.0,ERNiFe-CI,269.89300810232066,,,,False
21,15,0,201.90567185671088,2.4375,-12.0,ERNiFe-CI,277.20640859241036,,,,False
21,15,1,201.90567185671088,2.4375,-10.0,ERNiFe-CI,283.70022204733834,,,,False
21,15,2,201.90567185671088,2.4375,-8.0,ERNiFe-CI,300.38286174078377,,,,False
21,15,3,201.90567185671088,2.4375,-6.0,ERNiFe-CI,333.6798314578043,,,,False
21,15,4,201.90567185671088,2.4375,-4.0,ERNiFe-CI,388.2111821619831,,,,False
21,15,5,201.90567185671088,2.4375,-2.0,ERNiFe-CI,464.25342731914213,,,,False
21,15,6,201.90567185671088,2.4375,0.0,ERNiFe-CI,529.5573028973251,,,,False
21,15,7,201.90567185671088,2.4375,2.0,ERNiFe-CI,464.2534273191421,,,,False
21,15,8,201.90567185671088,2.4375,4.0,ERNiFe-CI,388.2111821619831,,,,False
21,15,9,201.90567185671088,2.4375,6.0,ERNiFe-CI,333.6798314578043,,,,False
21,15,10,201.90567185671088,2.4375,8.0,ERNiFe-CI,300.38286174078377,,,,False
21,15,11,201.90567185671088,2.4375,10.0,ERNiFe-CI,283.70022204733834,,,,False
21,15,12,201.90567185671088,2.4375,12.0,ERNiFe-CI,277.20640859241036,,,,False
21,16,0,201.90567185671088,5.0,-12.0,Q235B,280.94576615835695,,,,False
21,16,1,201.90567185671088,5.0,-10.0,Q235B,286.9686891462959,,,,False
21,16,2,201.90567185671088,5.0,-8.0,Q235B,302.0386400266506,,,,False
21,16,3,201.90567185671088,5.0,-6.0,Q235B,328.8274731390663,,,,False
21,16,4,201.90567185671088,5.0,-4.0,Q235B,365.59006959424806,,,,False
21,16,5,201.90567185671088,5.0,-2.0,Q235B,403.81353715276595,,,,False
21,16,6,201.90567185671088,5.0,0.0,Q235B,424.07264907151693,,,,False
21,16,7,201.90567185671088,5.0,2.0,Q235B,403.81353715276595,,,,False
21,16,8,201.90567185671088,5.0,4.0,Q235B,365.59006959424806,,,,False
21,16,9,201.90567185671088,5.0,6.0,Q235B,328.8274731390663,,,,False
21,16,10,201.90567185671088,5.0,8.0,Q235B,302.0386400266506,,,,False
21,16,11,201.90567185671088,5.0,10.0,Q235B,286.9686891462959,,,,False
21,16,12,201.90567185671088,5.0,12.0,Q235B,280.94576615835695,,,,False
22,0,0,211.5202276594114,-36.0,-12.0,QT450-10,190.35792721027323,,,,False
22,0,1,211.5202276594114,-36.0,-10.0,QT450-10,190.48658495417578,,,,False
22,0,2,211.5202276594114,-36.0,-8.0,QT450-10,190.64308149630136,,,,False
22,0,3,211.5202276594114,-36.0,-6.0,QT450-10,190.78575560548106,,,,False
22,0,4,211.5202276594114,-36.0,-4.0,QT450-10,190.89591218314385,,,,False
22,0,5,211.5202276594114,-36.0,-2.0,QT450-10,190.96468341578176,,,,False
22,0,6,211.5202276594114,-36.0,0.0,QT450-10,190.98800288224575,,,,False
22,0,7,211.5202276594114,-36.0,2.0,QT450-10,190.96468341578176,,,,False
22,0,8,211.5202276594114,-36.0,4.0,QT450-10,190.89591218314385,,,,False
22,0,9,211.5202276594114,-36.0,6.0,QT450-10,190.78575560548106,,,,False
22,0,10,211.5202276594114,-36.0,8.0,QT450-10,190.64308149630136,,,,False
22,0,11,211.5202276594114,-36.0,10.0,QT450-10,190.48658495417578,,,,False
22,0,12,211.5202276594114,-36.0,12.0,QT450-10,190.35792721027323,,,,False
22,1,0,211.5202276594114,-33.4375,-12.0,QT450-10,190.88907096254957,,,,False
22,1,1,211.5202276594114,-33.4375,-10.0,QT450-10,191.18400332458322,,,,False
22,1,2,211.5202276594114,-33.4375,-8.0,QT450-10,191.40982476979477,,,,False
22,1,3,211.5202276594114,-33.4375,-6.0,QT450-10,191.58403977233857,,,,False
22,1,4,211.5202276594114,-33.4375,-4.0,QT450-10,191.7094109027221,,,,False
22,1,5,211.5202276594114,-33.4375,-2.0,QT450-10,191.78526791578324,,,,False
22,1,6,211.5202276594114,-33.4375,0.0,QT450-10,191.81067539453568,,,,False
22,1,7,211.5202276594114,-33.4375,2.0,QT450-10,191.78526791578324,,,,False
22,1,8,211.5202276594114,-33.4375,4.0,QT450-10,191.7094109027221,,,,False
22,1,9,211.5202276594114,-33.4375,6.0,QT450-10,191.58403977233857,,,,False
22,1,10,211.5202276594114,-33.4375,8.0,QT450-10,191.40982476979477,,,,False
22,1,11,211.5202276594114,-33.4375,10.0,QT450-10,191.18400332458322,,,,False
22,1,12,211.5202276594114,-33.4375,12.0,QT450-10,190.88907096254957,,,,False
22,2,0,211.5202276594114,-30.875,-12.0,QT450-10,191.69429618786995,,,,False
22,2,1,211.5202276594114,-30.875,-10.0,QT450-10,192.0377731732132,,,,False
22,2,2,211.5202276594114,-30.875,-8.0,QT450-10,192.30426532994153,,,,False
22,2,3,211.5202276594114,-30.875,-6.0,QT450-10,192.50555067985215,,,,False
22,2,4,211.5202276594114,-30.875,-4.0,QT450-10,192.647283807538,,,,False
22,2,5,211.5202276594114,-30.875,-2.0,QT450-10,192.73179096907856,,,,False
22,2,6,211.5202276594114,-30.875,0.0,QT450-10,192.75989601718535,,,,False
22,2,7,211.5202276594114,-30.875,2.0,QT450-10,192.73179096907856,,,,False
22,2,8,211.5202276594114,-30.875,4.0,QT450-10,192.647283807538,,,,False
22,2,9,211.5202276594114,-30.875,6.0,QT450-10,192.50555067985215,,,,False
22,2,10,211.5202276594114,-30.875,8.0,QT450-10,192.30426532994153,,,,False
22,2,11,211.5202276594114,-30.875,10.0,QT450-10,192.0377731732132,,,,False
22,2,12,211.5202276594114,-30.875,12.0,QT450-10,191.69429618786995,,,,False
22,3,0,211.5202276594114,-28.3125,-12.0,QT450-10,192.72754075415753,,,,False
22,3,1,211.5202276594114,-28.3125,-10.0,QT450-10,193.08993196631536,,,,False
22,3,2,211.5202276594114,-28.3125,-8.0,QT450-10,193.37791172179183,,,,False
22,3,3,211.5202276594114,-28.3125,-6.0,QT450-10,193.59710369228262,,,,False
22,3,4,211.5202276594114,-28.3125,-4.0,QT450-10,193.75146629765874,,,,False
22,3,5,211.5202276594114,-28.3125,-2.0,QT450-10,193.84332365440451,,,,False
22,3,6,211.5202276594114,-28.3125,0.0,QT450-10,193.8738286846459,,,,False
22,3,7,211.5202276594114,-28.3125,2.0,QT450-10,193.84332365440451,,,,False
22,3,8,211.5202276594114,-28.3125,4.0,QT450-10,193.75146629765874,,,,False
22,3,9,211.5202276594114,-28.3125,6.0,QT450-10,193.59710369228262,,,,False
22,3,10,211.5202276594114,-28.3125,8.0,QT450-10,193.37791172179186,,,,False
22,3,11,211.5202276594114,-28.3125,10.0,QT450-10,193.0899319663154,,,,False
22,3,12,211.5202276594114,-28.3125,12.0,QT450-10,192.72754075415753,,,,False
22,4,0,211.5202276594114,-25.75,-12.0,QT450-10,194.0177066504776,,,,False
22,4,1,211.5202276594114,-25.75,-10.0,QT450-10,194.3904404479285,,,,False
22,4,2,211.5202276594114,-25.75,-8.0,QT450-10,194.69096348981498,,,,False
22,4,3,211.5202276594114,-25.75,-6.0,QT450-10,194.92178860050592,,,,False
22,4,4,211.5202276594114,-25.75,-4.0,QT450-10,195.08512783802894,,,,False
22,4,5,211.5202276594114,-25.75,-2.0,QT450-10,195.1825413757054,,,,False
22,4,6,211.5202276594114,-25.75,0.0,QT450-10,195.21491762772789,,,,False
22,4,7,211.5202276594114,-25.75,2.0,QT450-10,195.1825413757054,,,,False
22,4,8,211.5202276594114,-25.75,4.0,QT450-10,195.08512783802894,,,,False
22,4,9,211.5202276594114,-25.75,6.0,QT450-10,194.92178860050592,,,,False
22,4,10,211.5202276594114,-25.75,8.0,QT450-10,194.69096348981498,,,,False
22,4,11,211.5202276594114,-25.75,10.0,QT450-10,194.3904404479285,,,,False
22,4,12,211.5202276594114,-25.75,12.0,QT450-10,194.0177066504776,,,,False
22,5,0,211.5202276594114,-23.1875,-12.0,QT450-10,195.6548023658452,,,,False
22,5,1,211.5202276594114,-23.1875,-10.0,QT450-10,196.03554290859194,,,,False
22,5,2,211.5202276594114,-23.1875,-8.0,QT450-10,196.3450332872443,,,,False
22,5,3,211.5202276594114,-23.1875,-6.0,QT450-10,196.58428960163096,,,,False
22,5,4,211.5202276594114,-23.1875,-4.0,QT450-10,196.75435504459037,,,,False
22,5,5,211.5202276594114,-23.1875,-2.0,QT450-10,196.8560547719072,,,,False
22,5,6,211.5202276594114,-23.1875,0.0,QT450-10,196.88989793964376,,,,False
22,5,7,211.5202276594114,-23.1875,2.0,QT450-10,196.8560547719072,,,,False
22,5,8,211.5202276594114,-23.1875,4.0,QT450-10,196.75435504459037,,,,False
22,5,9,211.5202276594114,-23.1875,6.0,QT450-10,196.58428960163096,,,,False
22,5,10,211.5202276594114,-23.1875,8.0,QT450-10,196.3450332872443,,,,False
22,5,11,211.5202276594114,-23.1875,10.0,QT450-10,196.03554290859194,,,,False
22,5,12,211.5202276594114,-23.1875,12.0,QT450-10,195.6548023658452,,,,False
22,6,0,211.5202276594114,-20.625,-12.0,QT450-10,197.82977681236082,,,,False
22,6,1,211.5202276594114,-20.625,-10.0,QT450-10,198.21889743120911,,,,False
22,6,2,211.5202276594114,-20.625,-8.0,QT450-10,198.536803062507,,,,False
22,6,3,211.5202276594114,-20.625,-6.0,QT450-10,198.78367653351876,,,,False
22,6,4,211.5202276594114,-20.625,-4.0,QT450-10,198.95977463701715,,,,False
22,6,5,211.5202276594114,-20.625,-2.0,QT450-10,199.06533133911066,,,,False
22,6,6,211.5202276594114,-20.625,0.0,QT450-10,199.10049915295795,,,,False
22,6,7,211.5202276594114,-20.625,2.0,QT450-10,199.06533133911066,,,,False
22,6,8,211.5202276594114,-20.625,4.0,QT450-10,198.95977463701715,,,,False
22,6,9,211.5202276594114,-20.625,6.0,QT450-10,198.78367653351876,,,,False
22,6,10,211.5202276594114,-20.625,8.0,QT450-10,198.536803062507,,,,False
22,6,11,211.5202276594114,-20.625,10.0,QT450-10,198.21889743120911,,,,False
22,6,12,211.5202276594114,-20.625,12.0,QT450-10,197.82977681236082,,,,False
22,7,0,211.5202276594114,-18.0625,-12.0,QT450-10,200.9512256941468,,,,False
22,7,1,211.5202276594114,-18.0625,-10.0,QT450-10,201.35172896763584,,,,False
22,7,2,211.5202276594114,-18.0625,-8.0,QT450-10,201.68055476107344,,,,False
22,7,3,211.5202276594114,-18.0625,-6.0,QT450-10,201.9370981166531,,,,False
22,7,4,211.5202276594114,-18.0625,-4.0,QT450-10,202.12079599535883,,,,False
22,7,5,211.5202276594114,-18.0625,-2.0,QT450-10,202.23120885334492,,,,False
22,7,6,211.5202276594114,-18.0625,0.0,QT450-10,202.26804654049224,,,,False
22,7,7,211.5202276594114,-18.0625,2.0,QT450-10,202.23120885334492,,,,False
22,7,8,211.5202276594114,-18.0625,4.0,QT450-10,202.12079599535883,,,,False
22,7,9,211.5202276594114,-18.0625,6.0,QT450-10,201.9370981166531,,,,False
22,7,10,211.5202276594114,-18.0625,8.0,QT450-10,201.68055476107344,,,,False
22,7,11,211.5202276594114,-18.0625,10.0,QT450-10,201.35172896763584,,,,False
22,7,12,211.5202276594114,-18.0625,12.0,QT450-10,200.9512256941468,,,,False
22,8,0,211.5202276594114,-15.5,-12.0,QT450-10,205.79506060264077,,,,False
22,8,1,211.5202276594114,-15.5,-10.0,QT450-10,206.218248237971,,,,False
22,8,2,211.5202276594114,-15.5,-8.0,QT450-10,206.57269655603602,,,,False
22,8,3,211.5202276594114,-15.5,-6.0,QT450-10,206.85491901764843,,,,False
22,8,4,211.5202276594114,-15.5,-4.0,QT450-10,207.06078653502217,,,,False
22,8,5,211.5202276594114,-15.5,-2.0,QT450-10,207.1863065073523,,,,False
22,8,6,211.5202276594114,-15.5,0.0,QT450-10,207.22851357878065,,,,False
22,8,7,211.5202276594114,-15.5,2.0,QT450-10,207.1863065073523,,,,False
22,8,8,211.5202276594114,-15.5,4.0,QT450-10,207.06078653502217,,,,False
22,8,9,211.5202276594114,-15.5,6.0,QT450-10,206.85491901764843,,,,False
22,8,10,211.5202276594114,-15.5,8.0,QT450-10,206.57269655603602,,,,False
22,8,11,211.5202276594114,-15.5,10.0,QT450-10,206.218248237971,,,,False
22,8,12,211.5202276594114,-15.5,12.0,QT450-10,205.79506060264077,,,,False
22,9,0,211.5202276594114,-12.9375,-12.0,QT450-10,213.09227939722564,,,,False
22,9,1,211.5202276594114,-12.9375,-10.0,QT450-10,213.58924176586038,,,,False
22,9,2,211.5202276594114,-12.9375,-8.0,QT450-10,214.05800193175955,,,,False
22,9,3,211.5202276594114,-12.9375,-6.0,QT450-10,214.48329678418548,,,,False
22,9,4,211.5202276594114,-12.9375,-4.0,QT450-10,214.8385287508842,,,,False
22,9,5,211.5202276594114,-12.9375,-2.0,QT450-10,215.08276522795984,,,,False
22,9,6,211.5202276594114,-12.9375,0.0,QT450-10,215.1710977878917,,,,False
22,9,7,211.5202276594114,-12.9375,2.0,QT450-10,215.08276522795984,,,,False
22,9,8,211.5202276594114,-12.9375,4.0,QT450-10,214.8385287508842,,,,False
22,9,9,211.5202276594114,-12.9375,6.0,QT450-10,214.48329678418548,,,,False
22,9,10,211.5202276594114,-12.9375,8.0,QT450-10,214.05800193175955,,,,False
22,9,11,211.5202276594114,-12.9375,10.0,QT450-10,213.58924176586038,,,,False
22,9,12,211.5202276594114,-12.9375,12.0,QT450-10,213.09227939722564,,,,False
22,10,0,211.5202276594114,-10.375,-12.0,QT450-10,222.80258832756672,,,,False
22,10,1,211.5202276594114,-10.375,-10.0,QT450-10,223.53800539375467,,,,False
22,10,2,211.5202276594114,-10.375,-8.0,QT450-10,224.4806388079508,,,,False
22,10,3,211.5202276594114,-10.375,-6.0,QT450-10,225.69280570608643,,,,False
22,10,4,211.5202276594114,-10.375,-4.0,QT450-10,227.120775827082,,,,False
22,10,5,211.5202276594114,-10.375,-2.0,QT450-10,228.34775666338922,,,,False
22,10,6,211.5202276594114,-10.375,0.0,QT450-10,228.8378840939092,,,,False
22,10,7,211.5202276594114,-10.375,2.0,QT450-10,228.34775666338922,,,,False
22,10,8,211.5202276594114,-10.375,4.0,QT450-10,227.120775827082,,,,False
22,10,9,211.5202276594114,-10.375,6.0,QT450-10,225.69280570608643,,,,False
22,10,10,211.5202276594114,-10.375,8.0,QT450-10,224.4806388079508,,,,False
22,10,11,211.5202276594114,-10.375,10.0,QT450-10,223.53800539375467,,,,False
22,10,12,211.5202276594114,-10.375,12.0,QT450-10,222.80258832756672,,,,False
22,11,0,211.5202276594114,-7.8125,-12.0,QT450-10,234.73699942397946,,,,False
22,11,1,211.5202276594114,-7.8125,-10.0,QT450-10,236.01127511267154,,,,False
22,11,2,211.5202276594114,-7.8125,-8.0,QT450-10,238.09145020938752,,,,False
22,11,3,211.5202276594114,-7.8125,-6.0,QT450-10,241.71313309610832,,,,False
22,11,4,211.5202276594114,-7.8125,-4.0,QT450-10,251.7282450077034,,,,False
22,11,5,211.5202276594114,-7.8125,-2.0,QT450-10,261.49869499879975,,,,False
22,11,6,211.5202276594114,-7.8125,0.0,QT450-10,265.86825728849436,,,,False
22,11,7,211.5202276594114,-7.8125,2.0,QT450-10,261.49869499879975,,,,False
22,11,8,211.5202276594114,-7.8125,4.0,QT450-10,251.7282450077034,,,,False
22,11,9,211.5202276594114,-7.8125,6.0,QT450-10,241.71313309610832,,,,False
22,11,10,211.5202276594114,-7.8125,8.0,QT450-10,238.09145020938752,,,,False
22,11,11,211.5202276594114,-7.8125,10.0,QT450-10,236.01127511267154,,,,False
22,11,12,211.5202276594114,-7.8125,12.0,QT450-10,234.73699942397946,,,,False
22,12,0,211.5202276594114,-5.25,-12.0,QT450-10,247.35732595459882,,,,False
22,12,1,211.5202276594114,-5.25,-10.0,QT450-10,249.45740524867463,,,,False
22,12,2,211.5202276594114,-5.25,-8.0,QT450-10,254.77272442295876,,,,False
22,12,3,211.5202276594114,-5.25,-6.0,QT450-10,270.55923582958525,,,,False
22,12,4,211.5202276594114,-5.25,-4.0,QT450-10,294.3111472105598,,,,False
22,12,5,211.5202276594114,-5.25,-2.0,QT450-10,320.3347443715792,,,,False
22,12,6,211.5202276594114,-5.25,0.0,QT450-10,334.6786200663798,,,,False
22,12,7,211.5202276594114,-5.25,2.0,QT450-10,320.3347443715792,,,,False
22,12,8,211.5202276594114,-5.25,4.0,QT450-10,294.3111472105598,,,,False
22,12,9,211.5202276594114,-5.25,6.0,QT450-10,270.55923582958525,,,,False
22,12,10,211.5202276594114,-5.25,8.0,QT450-10,254.77272442295876,,,,False
22,12,11,211.5202276594114,-5.25,10.0,QT450-10,249.45740524867466,,,,False
22,12,12,211.5202276594114,-5.25,12.0,QT450-10,247.35732595459885,,,,False
22,13,0,211.5202276594114,-2.6875,-12.0,ERNiFe-CI,259.1258632672032,,,,False
22,13,1,211.5202276594114,-2.6875,-10.0,ERNiFe-CI,262.64478944813544,,,,False
22,13,2,211.5202276594114,-2.6875,-8.0,ERNiFe-CI,275.67182821522726,,,,False
22,13,3,211.5202276594114,-2.6875,-6.0,ERNiFe-CI,304.4868601704109,,,,False
22,13,4,211.5202276594114,-2.6875,-4.0,ERNiFe-CI,353.68122263944196,,,,False
22,13,5,211.5202276594114,-2.6875,-2.0,ERNiFe-CI,423.2371215084521,,,,False
22,13,6,211.5202276594114,-2.6875,0.0,ERNiFe-CI,481.72981207514965,,,,False
22,13,7,211.5202276594114,-2.6875,2.0,ERNiFe-CI,423.23712150845205,,,,False
22,13,8,211.5202276594114,-2.6875,4.0,ERNiFe-CI,353.68122263944196,,,,False
22,13,9,211.5202276594114,-2.6875,6.0,ERNiFe-CI,304.4868601704109,,,,False
22,13,10,211.5202276594114,-2.6875,8.0,ERNiFe-CI,275.67182821522726,,,,False
22,13,11,211.5202276594114,-2.6875,10.0,ERNiFe-CI,262.64478944813544,,,,False
22,13,12,211.5202276594114,-2.6875,12.0,ERNiFe-CI,259.1258632672032,,,,False
22,14,0,211.5202276594114,-0.125,-12.0,ERNiFe-CI,269.08765300579046,,,,False
22,14,1,211.5202276594114,-0.125,-10.0,ERNiFe-CI,275.02936829123246,,,,False
22,14,2,211.5202276594114,-0.125,-8.0,ERNiFe-CI,292.25102470102775,,,,False
22,14,3,211.5202276594114,-0.125,-6.0,ERNiFe-CI,332.23915545132945,,,,False
22,14,4,211.5202276594114,-0.125,-4.0,ERNiFe-CI,413.81992301120226,,,,False
22,14,5,211.5202276594114,-0.125,-2.0,ERNiFe-CI,584.4434129371272,,,,False
22,14,6,211.5202276594114,-0.125,0.0,ERNiFe-CI,840.7808315773116,144.83052218806486,147.18739269917208,2.3568705111072177,True
22,14,7,211.5202276594114,-0.125,2.0,ERNiFe-CI,584.4434129371272,,,,False
22,14,8,211.5202276594114,-0.125,4.0,ERNiFe-CI,413.8199230112022,,,,False
22,14,9,211.5202276594114,-0.125,6.0,ERNiFe-CI,332.23915545132945,,,,False
22,14,10,211.5202276594114,-0.125,8.0,ERNiFe-CI,292.2510247010278,,,,False
22,14,11,211.5202276594114,-0.125,10.0,ERNiFe-CI,275.02936829123246,,,,False
22,14,12,211.5202276594114,-0.125,12.0,ERNiFe-CI,269.08765300579046,,,,False
22,15,0,211.5202276594114,2.4375,-12.0,ERNiFe-CI,276.4005101544169,,,,False
22,15,1,211.5202276594114,2.4375,-10.0,ERNiFe-CI,282.88973531144995,,,,False
22,15,2,211.5202276594114,2.4375,-8.0,ERNiFe-CI,299.5747842320754,,,,False
22,15,3,211.5202276594114,2.4375,-6.0,ERNiFe-CI,332.870174932709,,,,False
22,15,4,211.5202276594114,2.4375,-4.0,ERNiFe-CI,387.40234766530364,,,,False
22,15,5,211.5202276594114,2.4375,-2.0,ERNiFe-CI,463.4499178733001,,,,False
22,15,6,211.5202276594114,2.4375,0.0,ERNiFe-CI,528.7547281813859,,,,False
22,15,7,211.5202276594114,2.4375,2.0,ERNiFe-CI,463.4499178733001,,,,False
22,15,8,211.5202276594114,2.4375,4.0,ERNiFe-CI,387.40234766530364,,,,False
22,15,9,211.5202276594114,2.4375,6.0,ERNiFe-CI,332.870174932709,,,,False
22,15,10,211.5202276594114,2.4375,8.0,ERNiFe-CI,299.5747842320754,,,,False
22,15,11,211.5202276594114,2.4375,10.0,ERNiFe-CI,282.88973531144995,,,,False
22,15,12,211.5202276594114,2.4375,12.0,ERNiFe-CI,276.4005101544169,,,,False
22,16,0,211.5202276594114,5.0,-12.0,Q235B,280.14107078099335,,,,False
22,16,1,211.5202276594114,5.0,-10.0,Q235B,286.16262000411587,,,,False
22,16,2,211.5202276594114,5.0,-8.0,Q235B,301.23589439482515,,,,False
22,16,3,211.5202276594114,5.0,-6.0,Q235B,328.02628341783475,,,,False
22,16,4,211.5202276594114,5.0,-4.0,Q235B,364.7937065481125,,,,False
22,16,5,211.5202276594114,5.0,-2.0,Q235B,403.02119209010715,,,,False
22,16,6,211.5202276594114,5.0,0.0,Q235B,423.2793815060652,,,,False
22,16,7,211.5202276594114,5.0,2.0,Q235B,403.02119209010715,,,,False
22,16,8,211.5202276594114,5.0,4.0,Q235B,364.7937065481125,,,,False
22,16,9,211.5202276594114,5.0,6.0,Q235B,328.02628341783475,,,,False
22,16,10,211.5202276594114,5.0,8.0,Q235B,301.23589439482515,,,,False
22,16,11,211.5202276594114,5.0,10.0,Q235B,286.16262000411587,,,,False
22,16,12,211.5202276594114,5.0,12.0,Q235B,280.14107078099335,,,,False
23,0,0,221.13478346211193,-36.0,-12.0,QT450-10,189.67159452081899,,,,False
23,0,1,221.13478346211193,-36.0,-10.0,QT450-10,189.7995446487904,,,,False
23,0,2,221.13478346211193,-36.0,-8.0,QT450-10,189.955180177884,,,,False
23,0,3,221.13478346211193,-36.0,-6.0,QT450-10,190.0970690808023,,,,False
23,0,4,221.13478346211193,-36.0,-4.0,QT450-10,190.20661925755766,,,,False
23,0,5,221.13478346211193,-36.0,-2.0,QT450-10,190.27501184281138,,,,False
23,0,6,221.13478346211193,-36.0,0.0,QT450-10,190.29820290261426,,,,False
23,0,7,221.13478346211193,-36.0,2.0,QT450-10,190.27501184281138,,,,False
23,0,8,221.13478346211193,-36.0,4.0,QT450-10,190.20661925755766,,,,False
23,0,9,221.13478346211193,-36.0,6.0,QT450-10,190.0970690808023,,,,False
23,0,10,221.13478346211193,-36.0,8.0,QT450-10,189.955180177884,,,,False
23,0,11,221.13478346211193,-36.0,10.0,QT450-10,189.7995446487904,,,,False
23,0,12,221.13478346211193,-36.0,12.0,QT450-10,189.67159452081899,,,,False
23,1,0,221.13478346211193,-33.4375,-12.0,QT450-10,190.19966965607284,,,,False
23,1,1,221.13478346211193,-33.4375,-10.0,QT450-10,190.49297737322289,,,,False
23,1,2,221.13478346211193,-33.4375,-8.0,QT450-10,190.71755286966163,,,,False
23,1,3,221.13478346211193,-33.4375,-6.0,QT450-10,190.89080567038718,,,,False
23,1,4,221.13478346211193,-33.4375,-4.0,QT450-10,191.0154844495382,,,,False
23,1,5,221.13478346211193,-33.4375,-2.0,QT450-10,191.09092241390158,,,,False
23,1,6,221.13478346211193,-33.4375,0.0,QT450-10,191.11618951410475,,,,False
23,1,7,221.13478346211193,-33.4375,2.0,QT450-10,191.09092241390158,,,,False
23,1,8,221.13478346211193,-33.4375,4.0,QT450-10,191.0154844495382,,,,False
23,1,9,221.13478346211193,-33.4375,6.0,QT450-10,190.89080567038718,,,,False
23,1,10,221.13478346211193,-33.4375,8.0,QT450-10,190.71755286966163,,,,False
23,1,11,221.13478346211193,-33.4375,10.0,QT450-10,190.49297737322289,,,,False
23,1,12,221.13478346211193,-33.4375,12.0,QT450-10,190.19966965607284,,,,False
23,2,0,221.13478346211193,-30.875,-12.0,QT450-10,191.00016508364644,,,,False
23,2,1,221.13478346211193,-30.875,-10.0,QT450-10,191.3417438525805,,,,False
23,2,2,221.13478346211193,-30.875,-8.0,QT450-10,191.60676088898066,,,,False
23,2,3,221.13478346211193,-30.875,-6.0,QT450-10,191.80693098982206,,,,False
23,2,4,221.13478346211193,-30.875,-4.0,QT450-10,191.9478785108338,,,,False
23,2,5,221.13478346211193,-30.875,-2.0,QT450-10,192.0319170292553,,,,False
23,2,6,221.13478346211193,-30.875,0.0,QT450-10,192.05986618038037,,,,False
23,2,7,221.13478346211193,-30.875,2.0,QT450-10,192.0319170292553,,,,False
23,2,8,221.13478346211193,-30.875,4.0,QT450-10,191.9478785108338,,,,False
23,2,9,221.13478346211193,-30.875,6.0,QT450-10,191.80693098982206,,,,False
23,2,10,221.13478346211193,-30.875,8.0,QT450-10,191.60676088898066,,,,False
23,2,11,221.13478346211193,-30.875,10.0,QT450-10,191.3417438525805,,,,False
23,2,12,221.13478346211193,-30.875,12.0,QT450-10,191.00016508364644,,,,False
23,3,0,221.13478346211193,-28.3125,-12.0,QT450-10,192.02726772097512,,,,False
23,3,1,221.13478346211193,-28.3125,-10.0,QT450-10,192.3876474153065,,,,False
23,3,2,221.13478346211193,-28.3125,-8.0,QT450-10,192.6740265169937,,,,False
23,3,3,221.13478346211193,-28.3125,-6.0,QT450-10,192.89199875737793,,,,False
23,3,4,221.13478346211193,-28.3125,-4.0,QT450-10,193.04550161949223,,,,False
23,3,5,221.13478346211193,-28.3125,-2.0,QT450-10,193.13684705799704,,,,False
23,3,6,221.13478346211193,-28.3125,0.0,QT450-10,193.16718203377874,,,,False
23,3,7,221.13478346211193,-28.3125,2.0,QT450-10,193.13684705799704,,,,False
23,3,8,221.13478346211193,-28.3125,4.0,QT450-10,193.04550161949223,,,,False
23,3,9,221.13478346211193,-28.3125,6.0,QT450-10,192.89199875737793,,,,False
23,3,10,221.13478346211193,-28.3125,8.0,QT450-10,192.6740265169937,,,,False
23,3,11,221.13478346211193,-28.3125,10.0,QT450-10,192.3876474153065,,,,False
23,3,12,221.13478346211193,-28.3125,12.0,QT450-10,192.02726772097512,,,,False
23,4,0,221.13478346211193,-25.75,-12.0,QT450-10,193.309717193587,,,,False
23,4,1,221.13478346211193,-25.75,-10.0,QT450-10,193.68036933933877,,,,False
23,4,2,221.13478346211193,-25.75,-8.0,QT450-10,193.97921098169846,,,,False
23,4,3,221.13478346211193,-25.75,-6.0,QT450-10,194.20874234517993,,,,False
23,4,4,221.13478346211193,-25.75,-4.0,QT450-10,194.37116492516233,,,,False
23,4,5,221.13478346211193,-25.75,-2.0,QT450-10,194.46803129766622,,,,False
23,4,6,221.13478346211193,-25.75,0.0,QT450-10,194.5002256125769,,,,False
23,4,7,221.13478346211193,-25.75,2.0,QT450-10,194.46803129766622,,,,False
23,4,8,221.13478346211193,-25.75,4.0,QT450-10,194.37116492516233,,,,False
23,4,9,221.13478346211193,-25.75,6.0,QT450-10,194.20874234517993,,,,False
23,4,10,221.13478346211193,-25.75,8.0,QT450-10,193.97921098169846,,,,False
23,4,11,221.13478346211193,-25.75,10.0,QT450-10,193.68036933933877,,,,False
23,4,12,221.13478346211193,-25.75,12.0,QT450-10,193.309717193587,,,,False
23,5,0,221.13478346211193,-23.1875,-12.0,QT450-10,194.93705890652595,,,,False
23,5,1,221.13478346211193,-23.1875,-10.0,QT450-10,195.31565592017125,,,,False
23,5,2,221.13478346211193,-23.1875,-8.0,QT450-10,195.62340021482146,,,,False
23,5,3,221.13478346211193,-23.1875,-6.0,QT450-10,195.86130430963314,,,,False
23,5,4,221.13478346211193,-23.1875,-4.0,QT450-10,196.03040732850204,,,,False
23,5,5,221.13478346211193,-23.1875,-2.0,QT450-10,196.13153104416241,,,,False
23,5,6,221.13478346211193,-23.1875,0.0,QT450-10,196.16518245214866,,,,False
23,5,7,221.13478346211193,-23.1875,2.0,QT450-10,196.13153104416241,,,,False
23,5,8,221.13478346211193,-23.1875,4.0,QT450-10,196.03040732850204,,,,False
23,5,9,221.13478346211193,-23.1875,6.0,QT450-10,195.86130430963314,,,,False
23,5,10,221.13478346211193,-23.1875,8.0,QT450-10,195.62340021482146,,,,False
23,5,11,221.13478346211193,-23.1875,10.0,QT450-10,195.31565592017125,,,,False
23,5,12,221.13478346211193,-23.1875,12.0,QT450-10,194.93705890652595,,,,False
23,6,0,221.13478346211193,-20.625,-12.0,QT450-10,197.09942483273795,,,,False
23,6,1,221.13478346211193,-20.625,-10.0,QT450-10,197.48632784463325,,,,False
23,6,2,221.13478346211193,-20.625,-8.0,QT450-10,197.80241602773884,,,,False
23,6,3,221.13478346211193,-20.625,-6.0,QT450-10,198.04787510599132,,,,False
23,6,4,221.13478346211193,-20.625,-4.0,QT450-10,198.22296278044107,,,,False
23,6,5,221.13478346211193,-20.625,-2.0,QT450-10,198.32791197387263,,,,False
23,6,6,221.13478346211193,-20.625,0.0,QT450-10,198.36287722768537,,,,False
23,6,7,221.13478346211193,-20.625,2.0,QT450-10,198.32791197387263,,,,False
23,6,8,221.13478346211193,-20.625,4.0,QT450-10,198.22296278044107,,,,False
23,6,9,221.13478346211193,-20.625,6.0,QT450-10,198.04787510599132,,,,False
23,6,10,221.13478346211193,-20.625,8.0,QT450-10,197.80241602773884,,,,False
23,6,11,221.13478346211193,-20.625,10.0,QT450-10,197.48632784463325,,,,False
23,6,12,221.13478346211193,-20.625,12.0,QT450-10,197.09942483273795,,,,False
23,7,0,221.13478346211193,-18.0625,-12.0,QT450-10,200.2044547790056,,,,False
23,7,1,221.13478346211193,-18.0625,-10.0,QT450-10,200.6026260772825,,,,False
23,7,2,221.13478346211193,-18.0625,-8.0,QT450-10,200.92952776421262,,,,False
23,7,3,221.13478346211193,-18.0625,-6.0,QT450-10,201.1845595149624,,,,False
23,7,4,221.13478346211193,-18.0625,-4.0,QT450-10,201.36717655936698,,,,False
23,7,5,221.13478346211193,-18.0625,-2.0,QT450-10,201.4769358718678,,,,False
23,7,6,221.13478346211193,-18.0625,0.0,QT450-10,201.51355424641557,,,,False
23,7,7,221.13478346211193,-18.0625,2.0,QT450-10,201.4769358718678,,,,False
23,7,8,221.13478346211193,-18.0625,4.0,QT450-10,201.36717655936698,,,,False
23,7,9,221.13478346211193,-18.0625,6.0,QT450-10,201.1845595149624,,,,False
23,7,10,221.13478346211193,-18.0625,8.0,QT450-10,200.92952776421262,,,,False
23,7,11,221.13478346211193,-18.0625,10.0,QT450-10,200.6026260772825,,,,False
23,7,12,221.13478346211193,-18.0625,12.0,QT450-10,200.2044547790056,,,,False
23,8,0,221.13478346211193,-15.5,-12.0,QT450-10,205.02976931186868,,,,False
23,8,1,221.13478346211193,-15.5,-10.0,QT450-10,205.45041385913783,,,,False
23,8,2,221.13478346211193,-15.5,-8.0,QT450-10,205.8026802528355,,,,False
23,8,3,221.13478346211193,-15.5,-6.0,QT450-10,206.08310026736882,,,,False
23,8,4,221.13478346211193,-15.5,-4.0,QT450-10,206.28762013559324,,,,False
23,8,5,221.13478346211193,-15.5,-2.0,QT450-10,206.41229614494165,,,,False
23,8,6,221.13478346211193,-15.5,0.0,QT450-10,206.45421771943052,,,,False
23,8,7,221.13478346211193,-15.5,2.0,QT450-10,206.41229614494165,,,,False
23,8,8,221.13478346211193,-15.5,4.0,QT450-10,206.28762013559324,,,,False
23,8,9,221.13478346211193,-15.5,6.0,QT450-10,206.08310026736882,,,,False
23,8,10,221.13478346211193,-15.5,8.0,QT450-10,205.8026802528355,,,,False
23,8,11,221.13478346211193,-15.5,10.0,QT450-10,205.45041385913783,,,,False
23,8,12,221.13478346211193,-15.5,12.0,QT450-10,205.02976931186868,,,,False
23,9,0,221.13478346211193,-12.9375,-12.0,QT450-10,212.31144327755314,,,,False
23,9,1,221.13478346211193,-12.9375,-10.0,QT450-10,212.80541992872853,,,,False
23,9,2,221.13478346211193,-12.9375,-8.0,QT450-10,213.27124882750286,,,,False
23,9,3,221.13478346211193,-12.9375,-6.0,QT450-10,213.6937671364868,,,,False
23,9,4,221.13478346211193,-12.9375,-4.0,QT450-10,214.04656312641137,,,,False
23,9,5,221.13478346211193,-12.9375,-2.0,QT450-10,214.28906187378433,,,,False
23,9,6,221.13478346211193,-12.9375,0.0,QT450-10,214.3767567888393,,,,False
23,9,7,221.13478346211193,-12.9375,2.0,QT450-10,214.28906187378433,,,,False
23,9,8,221.13478346211193,-12.9375,4.0,QT450-10,214.04656312641137,,,,False
23,9,9,221.13478346211193,-12.9375,6.0,QT450-10,213.6937671364868,,,,False
23,9,10,221.13478346211193,-12.9375,8.0,QT450-10,213.27124882750286,,,,False
23,9,11,221.13478346211193,-12.9375,10.0,QT450-10,212.80541992872853,,,,False
23,9,12,221.13478346211193,-12.9375,12.0,QT450-10,212.31144327755314,,,,False
23,10,0,221.13478346211193,-10.375,-12.0,QT450-10,222.01202136425908,,,,False
23,10,1,221.13478346211193,-10.375,-10.0,QT450-10,222.74368506774812,,,,False
23,10,2,221.13478346211193,-10.375,-8.0,QT450-10,223.6820348642027,,,,False
23,10,3,221.13478346211193,-10.375,-6.0,QT450-10,224.88988292255817,,,,False
23,10,4,221.13478346211193,-10.375,-4.0,QT450-10,226.31447001647078,,,,False
23,10,5,221.13478346211193,-10.375,-2.0,QT450-10,227.53947264528938,,,,False
23,10,6,221.13478346211193,-10.375,0.0,QT450-10,228.02880040121846,,,,False
23,10,7,221.13478346211193,-10.375,2.0,QT450-10,227.53947264528938,,,,False
23,10,8,221.13478346211193,-10.375,4.0,QT450-10,226.31447001647078,,,,False
23,10,9,221.13478346211193,-10.375,6.0,QT450-10,224.88988292255817,,,,False
23,10,10,221.13478346211193,-10.375,8.0,QT450-10,223.6820348642027,,,,False
23,10,11,221.13478346211193,-10.375,10.0,QT450-10,222.74368506774812,,,,False
23,10,12,221.13478346211193,-10.375,12.0,QT450-10,222.01202136425908,,,,False
23,11,0,221.13478346211193,-7.8125,-12.0,QT450-10,233.9429339947974,,,,False
23,11,1,221.13478346211193,-7.8125,-10.0,QT450-10,235.21337122977357,,,,False
23,11,2,221.13478346211193,-7.8125,-8.0,QT450-10,237.2892982672109,,,,False
23,11,3,221.13478346211193,-7.8125,-6.0,QT450-10,240.89970033532038,,,,False
23,11,4,221.13478346211193,-7.8125,-4.0,QT450-10,250.91616880319367,,,,False
23,11,5,221.13478346211193,-7.8125,-2.0,QT450-10,260.6866213788301,,,,False
23,11,6,221.13478346211193,-7.8125,0.0,QT450-10,265.0564490498123,,,,False
23,11,7,221.13478346211193,-7.8125,2.0,QT450-10,260.6866213788301,,,,False
23,11,8,221.13478346211193,-7.8125,4.0,QT450-10,250.91616880319367,,,,False
23,11,9,221.13478346211193,-7.8125,6.0,QT450-10,240.89970033532038,,,,False
23,11,10,221.13478346211193,-7.8125,8.0,QT450-10,237.28929826721094,,,,False
23,11,11,221.13478346211193,-7.8125,10.0,QT450-10,235.21337122977357,,,,False
23,11,12,221.13478346211193,-7.8125,12.0,QT450-10,233.9429339947974,,,,False
23,12,0,221.13478346211193,-5.25,-12.0,QT450-10,246.56298825126802,,,,False
23,12,1,221.13478346211193,-5.25,-10.0,QT450-10,248.65841473369875,,,,False
23,12,2,221.13478346211193,-5.25,-8.0,QT450-10,253.96268707792268,,,,False
23,12,3,221.13478346211193,-5.25,-6.0,QT450-10,269.7504369443197,,,,False
23,12,4,221.13478346211193,-5.25,-4.0,QT450-10,293.50121382241235,,,,False
23,12,5,221.13478346211193,-5.25,-2.0,QT450-10,319.52548464168893,,,,False
23,12,6,221.13478346211193,-5.25,0.0,QT450-10,333.8703331740965,,,,False
23,12,7,221.13478346211193,-5.25,2.0,QT450-10,319.52548464168893,,,,False
23,12,8,221.13478346211193,-5.25,4.0,QT450-10,293.5012138224124,,,,False
23,12,9,221.13478346211193,-5.25,6.0,QT450-10,269.7504369443197,,,,False
23,12,10,221.13478346211193,-5.25,8.0,QT450-10,253.96268707792268,,,,False
23,12,11,221.13478346211193,-5.25,10.0,QT450-10,248.65841473369875,,,,False
23,12,12,221.13478346211193,-5.25,12.0,QT450-10,246.56298825126802,,,,False
23,13,0,221.13478346211193,-2.6875,-12.0,ERNiFe-CI,258.3320946703799,,,,False
23,13,1,221.13478346211193,-2.6875,-10.0,ERNiFe-CI,261.83991741043184,,,,False
23,13,2,221.13478346211193,-2.6875,-8.0,ERNiFe-CI,274.8668598574471,,,,False
23,13,3,221.13478346211193,-2.6875,-6.0,ERNiFe-CI,303.6791995665228,,,,False
23,13,4,221.13478346211193,-2.6875,-4.0,ERNiFe-CI,352.874376163466,,,,False
23,13,5,221.13478346211193,-2.6875,-2.0,ERNiFe-CI,422.43076425773296,,,,False
23,13,6,221.13478346211193,-2.6875,0.0,ERNiFe-CI,480.93093790039694,,,,False
23,13,7,221.13478346211193,-2.6875,2.0,ERNiFe-CI,422.43076425773296,,,,False
23,13,8,221.13478346211193,-2.6875,4.0,ERNiFe-CI,352.874376163466,,,,False
23,13,9,221.13478346211193,-2.6875,6.0,ERNiFe-CI,303.6791995665228,,,,False
23,13,10,221.13478346211193,-2.6875,8.0,ERNiFe-CI,274.8668598574471,,,,False
23,13,11,221.13478346211193,-2.6875,10.0,ERNiFe-CI,261.83991741043184,,,,False
23,13,12,221.13478346211193,-2.6875,12.0,ERNiFe-CI,258.3320946703799,,,,False
23,14,0,221.13478346211193,-0.125,-12.0,ERNiFe-CI,268.2924908848486,,,,False
23,14,1,221.13478346211193,-0.125,-10.0,ERNiFe-CI,274.22721525070017,,,,False
23,14,2,221.13478346211193,-0.125,-8.0,ERNiFe-CI,291.44992406470755,,,,False
23,14,3,221.13478346211193,-0.125,-6.0,ERNiFe-CI,331.43649572270266,,,,False
23,14,4,221.13478346211193,-0.125,-4.0,ERNiFe-CI,413.0195286761536,,,,False
23,14,5,221.13478346211193,-0.125,-2.0,ERNiFe-CI,583.6492001123394,,,,False
23,14,6,221.13478346211193,-0.125,0.0,ERNiFe-CI,839.9910049725163,151.23089193739708,153.58888968497692,2.3579977475798444,True
23,14,7,221.13478346211193,-0.125,2.0,ERNiFe-CI,583.6492001123394,,,,False
23,14,8,221.13478346211193,-0.125,4.0,ERNiFe-CI,413.0195286761536,,,,False
23,14,9,221.13478346211193,-0.125,6.0,ERNiFe-CI,331.4364957227027,,,,False
23,14,10,221.13478346211193,-0.125,8.0,ERNiFe-CI,291.44992406470755,,,,False
23,14,11,221.13478346211193,-0.125,10.0,ERNiFe-CI,274.22721525070017,,,,False
23,14,12,221.13478346211193,-0.125,12.0,ERNiFe-CI,268.2924908848486,,,,False
23,15,0,221.13478346211193,2.4375,-12.0,ERNiFe-CI,275.60567706246405,,,,False
23,15,1,221.13478346211193,2.4375,-10.0,ERNiFe-CI,282.0911748069915,,,,False
23,15,2,221.13478346211193,2.4375,-8.0,ERNiFe-CI,298.77951184484726,,,,False
23,15,3,221.13478346211193,2.4375,-6.0,ERNiFe-CI,332.0754243388795,,,,False
23,15,4,221.13478346211193,2.4375,-4.0,ERNiFe-CI,386.6093306016768,,,,False
23,15,5,221.13478346211193,2.4375,-2.0,ERNiFe-CI,462.6599062556569,,,,False
23,15,6,221.13478346211193,2.4375,0.0,ERNiFe-CI,527.965463958821,,,,False
23,15,7,221.13478346211193,2.4375,2.0,ERNiFe-CI,462.6599062556569,,,,False
23,15,8,221.13478346211193,2.4375,4.0,ERNiFe-CI,386.6093306016768,,,,False
23,15,9,221.13478346211193,2.4375,6.0,ERNiFe-CI,332.0754243388795,,,,False
23,15,10,221.13478346211193,2.4375,8.0,ERNiFe-CI,298.77951184484726,,,,False
23,15,11,221.13478346211193,2.4375,10.0,ERNiFe-CI,282.0911748069915,,,,False
23,15,12,221.13478346211193,2.4375,12.0,ERNiFe-CI,275.60567706246405,,,,False
23,16,0,221.13478346211193,5.0,-12.0,Q235B,279.3476768031224,,,,False
23,16,1,221.13478346211193,5.0,-10.0,Q235B,285.36844166764666,,,,False
23,16,2,221.13478346211193,5.0,-8.0,Q235B,300.44584277624256,,,,False
23,16,3,221.13478346211193,5.0,-6.0,Q235B,327.23834261636506,,,,False
23,16,4,221.13478346211193,5.0,-4.0,Q235B,364.0118227052833,,,,False
23,16,5,221.13478346211193,5.0,-2.0,Q235B,402.2423644670955,,,,False
23,16,6,221.13478346211193,5.0,0.0,Q235B,422.50699973051763,,,,False
23,16,7,221.13478346211193,5.0,2.0,Q235B,402.2423644670955,,,,False
23,16,8,221.13478346211193,5.0,4.0,Q235B,364.0118227052833,,,,False
23,16,9,221.13478346211193,5.0,6.0,Q235B,327.23834261636506,,,,False
23,16,10,221.13478346211193,5.0,8.0,Q235B,300.44584277624256,,,,False
23,16,11,221.13478346211193,5.0,10.0,Q235B,285.36844166764666,,,,False
23,16,12,221.13478346211193,5.0,12.0,Q235B,279.3476768031224,,,,False
24,0,0,230.74933926481245,-36.0,-12.0,QT450-10,188.99058580751955,,,,False
24,0,1,230.74933926481245,-36.0,-10.0,QT450-10,189.11783577883128,,,,False
24,0,2,230.74933926481245,-36.0,-8.0,QT450-10,189.27261938340988,,,,False
24,0,3,230.74933926481245,-36.0,-6.0,QT450-10,189.41373137964254,,,,False
24,0,4,230.74933926481245,-36.0,-4.0,QT450-10,189.5226815727809,,,,False
24,0,5,230.74933926481245,-36.0,-2.0,QT450-10,189.59069952128397,,,,False
24,0,6,230.74933926481245,-36.0,0.0,QT450-10,189.6137635351531,,,,False
24,0,7,230.74933926481245,-36.0,2.0,QT450-10,189.59069952128397,,,,False
24,0,8,230.74933926481245,-36.0,4.0,QT450-10,189.5226815727809,,,,False
24,0,9,230.74933926481245,-36.0,6.0,QT450-10,189.41373137964254,,,,False
24,0,10,230.74933926481245,-36.0,8.0,QT450-10,189.27261938340988,,,,False
24,0,11,230.74933926481245,-36.0,10.0,QT450-10,189.11783577883128,,,,False
24,0,12,230.74933926481245,-36.0,12.0,QT450-10,188.99058580751955,,,,False
24,1,0,230.74933926481245,-33.4375,-12.0,QT450-10,189.51563392184286,,,,False
24,1,1,230.74933926481245,-33.4375,-10.0,QT450-10,189.80733471745867,,,,False
24,1,2,230.74933926481245,-33.4375,-8.0,QT450-10,190.03067817563036,,,,False
24,1,3,230.74933926481245,-33.4375,-6.0,QT450-10,190.20297967260146,,,,False
24,1,4,230.74933926481245,-33.4375,-4.0,QT450-10,190.32697296181075,,,,False
24,1,5,230.74933926481245,-33.4375,-2.0,QT450-10,190.40199600276185,,,,False
24,1,6,230.74933926481245,-33.4375,0.0,QT450-10,190.42712410463187,,,,False
24,1,7,230.74933926481245,-33.4375,2.0,QT450-10,190.40199600276185,,,,False
24,1,8,230.74933926481245,-33.4375,4.0,QT450-10,190.32697296181075,,,,False
24,1,9,230.74933926481245,-33.4375,6.0,QT450-10,190.20297967260146,,,,False
24,1,10,230.74933926481245,-33.4375,8.0,QT450-10,190.03067817563036,,,,False
24,1,11,230.74933926481245,-33.4375,10.0,QT450-10,189.80733471745867,,,,False
24,1,12,230.74933926481245,-33.4375,12.0,QT450-10,189.51563392184286,,,,False
24,2,0,230.74933926481245,-30.875,-12.0,QT450-10,190.31145877460582,,,,False
24,2,1,230.74933926481245,-30.875,-10.0,QT450-10,190.65115999936558,,,,False
24,2,2,230.74933926481245,-30.875,-8.0,QT450-10,190.9147183639177,,,,False
24,2,3,230.74933926481245,-30.875,-6.0,QT450-10,191.11378523694654,,,,False
24,2,4,230.74933926481245,-30.875,-4.0,QT450-10,191.25395496951901,,,,False
24,2,5,230.74933926481245,-30.875,-2.0,QT450-10,191.33752948546186,,,,False
24,2,6,230.74933926481245,-30.875,0.0,QT450-10,191.3653242797981,,,,False
24,2,7,230.74933926481245,-30.875,2.0,QT450-10,191.33752948546186,,,,False
24,2,8,230.74933926481245,-30.875,4.0,QT450-10,191.25395496951901,,,,False
24,2,9,230.74933926481245,-30.875,6.0,QT450-10,191.11378523694654,,,,False
24,2,10,230.74933926481245,-30.875,8.0,QT450-10,190.9147183639177,,,,False
24,2,11,230.74933926481245,-30.875,10.0,QT450-10,190.65115999936558,,,,False
24,2,12,230.74933926481245,-30.875,12.0,QT450-10,190.31145877460582,,,,False
24,3,0,230.74933926481245,-28.3125,-12.0,QT450-10,191.3324913264071,,,,False
24,3,1,230.74933926481245,-28.3125,-10.0,QT450-10,191.69088099504657,,,,False
24,3,2,230.74933926481245,-28.3125,-8.0,QT450-10,191.9756766153121,,,,False
24,3,3,230.74933926481245,-28.3125,-6.0,QT450-10,192.19244225647154,,,,False
24,3,4,230.74933926481245,-28.3125,-4.0,QT450-10,192.3450946530415,,,,False
24,3,5,230.74933926481245,-28.3125,-2.0,QT450-10,192.4359337052565,,,,False
24,3,6,230.74933926481245,-28.3125,0.0,QT450-10,192.4661004653678,,,,False
24,3,7,230.74933926481245,-28.3125,2.0,QT450-10,192.4359337052565,,,,False
24,3,8,230.74933926481245,-28.3125,4.0,QT450-10,192.3450946530415,,,,False
24,3,9,230.74933926481245,-28.3125,6.0,QT450-10,192.19244225647154,,,,False
24,3,10,230.74933926481245,-28.3125,8.0,QT450-10,191.9756766153121,,,,False
24,3,11,230.74933926481245,-28.3125,10.0,QT450-10,191.69088099504657,,,,False
24,3,12,230.74933926481245,-28.3125,12.0,QT450-10,191.3324913264071,,,,False
24,4,0,230.74933926481245,-25.75,-12.0,QT450-10,192.60731909452971,,,,False
24,4,1,230.74933926481245,-25.75,-10.0,QT450-10,192.97591219108915,,,,False
24,4,2,230.74933926481245,-25.75,-8.0,QT450-10,193.27309134180496,,,,False
24,4,3,230.74933926481245,-25.75,-6.0,QT450-10,193.50134419961688,,,,False
24,4,4,230.74933926481245,-25.75,-4.0,QT450-10,193.66286118499167,,,,False
24,4,5,230.74933926481245,-25.75,-2.0,QT450-10,193.759187112571,,,,False
24,4,6,230.74933926481245,-25.75,0.0,QT450-10,193.79120174555774,,,,False
24,4,7,230.74933926481245,-25.75,2.0,QT450-10,193.759187112571,,,,False
24,4,8,230.74933926481245,-25.75,4.0,QT450-10,193.66286118499167,,,,False
24,4,9,230.74933926481245,-25.75,6.0,QT450-10,193.50134419961688,,,,False
24,4,10,230.74933926481245,-25.75,8.0,QT450-10,193.27309134180496,,,,False
24,4,11,230.74933926481245,-25.75,10.0,QT450-10,192.97591219108915,,,,False
24,4,12,230.74933926481245,-25.75,12.0,QT450-10,192.60731909452971,,,,False
24,5,0,230.74933926481245,-23.1875,-12.0,QT450-10,194.22502735650497,,,,False
24,5,1,230.74933926481245,-23.1875,-10.0,QT450-10,194.60150444395066,,,,False
24,5,2,230.74933926481245,-23.1875,-8.0,QT450-10,194.90752221795387,,,,False
24,5,3,230.74933926481245,-23.1875,-6.0,QT450-10,195.14408939645247,,,,False
24,5,4,230.74933926481245,-23.1875,-4.0,QT450-10,195.31224088003876,,,,False
24,5,5,230.74933926481245,-23.1875,-2.0,QT450-10,195.41279505075462,,,,False
24,5,6,230.74933926481245,-23.1875,0.0,QT450-10,195.44625683857012,,,,False
24,5,7,230.74933926481245,-23.1875,2.0,QT450-10,195.41279505075462,,,,False
24,5,8,230.74933926481245,-23.1875,4.0,QT450-10,195.31224088003876,,,,False
24,5,9,230.74933926481245,-23.1875,6.0,QT450-10,195.14408939645247,,,,False
24,5,10,230.74933926481245,-23.1875,8.0,QT450-10,194.90752221795387,,,,False
24,5,11,230.74933926481245,-23.1875,10.0,QT450-10,194.60150444395066,,,,False
24,5,12,230.74933926481245,-23.1875,12.0,QT450-10,194.22502735650497,,,,False
24,6,0,230.74933926481245,-20.625,-12.0,QT450-10,196.37494510361606,,,,False
24,6,1,230.74933926481245,-20.625,-10.0,QT450-10,196.75965819276166,,,,False
24,6,2,230.74933926481245,-20.625,-8.0,QT450-10,197.0739516302581,,,,False
24,6,3,230.74933926481245,-20.625,-6.0,QT450-10,197.31801368319677,,,,False
24,6,4,230.74933926481245,-20.625,-4.0,QT450-10,197.49210325128263,,,,False
24,6,5,230.74933926481245,-20.625,-2.0,QT450-10,197.59645357485746,,,,False
24,6,6,230.74933926481245,-20.625,0.0,QT450-10,197.6312192095554,,,,False
24,6,7,230.74933926481245,-20.625,2.0,QT450-10,197.59645357485746,,,,False
24,6,8,230.74933926481245,-20.625,4.0,QT450-10,197.49210325128263,,,,False
24,6,9,230.74933926481245,-20.625,6.0,QT450-10,197.31801368319677,,,,False
24,6,10,230.74933926481245,-20.625,8.0,QT450-10,197.0739516302581,,,,False
24,6,11,230.74933926481245,-20.625,10.0,QT450-10,196.75965819276166,,,,False
24,6,12,230.74933926481245,-20.625,12.0,QT450-10,196.37494510361606,,,,False
24,7,0,230.74933926481245,-18.0625,-12.0,QT450-10,199.46387404337287,,,,False
24,7,1,230.74933926481245,-18.0625,-10.0,QT450-10,199.85974779129924,,,,False
24,7,2,230.74933926481245,-18.0625,-8.0,QT450-10,200.18475031689945,,,,False
24,7,3,230.74933926481245,-18.0625,-6.0,QT450-10,200.43829936802558,,,,False
24,7,4,230.74933926481245,-18.0625,-4.0,QT450-10,200.61984682716752,,,,False
24,7,5,230.74933926481245,-18.0625,-2.0,QT450-10,200.72895877169705,,,,False
24,7,6,230.74933926481245,-18.0625,0.0,QT450-10,200.76536074225473,,,,False
24,7,7,230.74933926481245,-18.0625,2.0,QT450-10,200.72895877169708,,,,False
24,7,8,230.74933926481245,-18.0625,4.0,QT450-10,200.61984682716755,,,,False
24,7,9,230.74933926481245,-18.0625,6.0,QT450-10,200.4382993680256,,,,False
24,7,10,230.74933926481245,-18.0625,8.0,QT450-10,200.18475031689945,,,,False
24,7,11,230.74933926481245,-18.0625,10.0,QT450-10,199.85974779129927,,,,False
24,7,12,230.74933926481245,-18.0625,12.0,QT450-10,199.46387404337287,,,,False
24,8,0,230.74933926481245,-15.5,-12.0,QT450-10,204.27187391145347,,,,False
24,8,1,230.74933926481245,-15.5,-10.0,QT450-10,204.6900281233559,,,,False
24,8,2,230.74933926481245,-15.5,-8.0,QT450-10,205.04015182673567,,,,False
24,8,3,230.74933926481245,-15.5,-6.0,QT450-10,205.31882669453748,,,,False
24,8,4,230.74933926481245,-15.5,-4.0,QT450-10,205.52203194915757,,,,False
24,8,5,230.74933926481245,-15.5,-2.0,QT450-10,205.64589507548988,,,,False
24,8,6,230.74933926481245,-15.5,0.0,QT450-10,205.68754056774088,,,,False
24,8,7,230.74933926481245,-15.5,2.0,QT450-10,205.64589507548988,,,,False
24,8,8,230.74933926481245,-15.5,4.0,QT450-10,205.52203194915757,,,,False
24,8,9,230.74933926481245,-15.5,6.0,QT450-10,205.31882669453748,,,,False
24,8,10,230.74933926481245,-15.5,8.0,QT450-10,205.04015182673567,,,,False
24,8,11,230.74933926481245,-15.5,10.0,QT450-10,204.6900281233559,,,,False
24,8,12,230.74933926481245,-15.5,12.0,QT450-10,204.27187391145347,,,,False
24,9,0,230.74933926481245,-12.9375,-12.0,QT450-10,211.5420524471544,,,,False
24,9,1,230.74933926481245,-12.9375,-10.0,QT450-10,212.03317409149435,,,,False
24,9,2,230.74933926481245,-12.9375,-8.0,QT450-10,212.49633709696303,,,,False
24,9,3,230.74933926481245,-12.9375,-6.0,QT450-10,212.91638560162835,,,,False
24,9,4,230.74933926481245,-12.9375,-4.0,QT450-10,213.2671144855524,,,,False
24,9,5,230.74933926481245,-12.9375,-2.0,QT450-10,213.50820272403885,,,,False
24,9,6,230.74933926481245,-12.9375,0.0,QT450-10,213.59538058629187,,,,False
24,9,7,230.74933926481245,-12.9375,2.0,QT450-10,213.50820272403885,,,,False
24,9,8,230.74933926481245,-12.9375,4.0,QT450-10,213.2671144855524,,,,False
24,9,9,230.74933926481245,-12.9375,6.0,QT450-10,212.91638560162835,,,,False
24,9,10,230.74933926481245,-12.9375,8.0,QT450-10,212.49633709696303,,,,False
24,9,11,230.74933926481245,-12.9375,10.0,QT450-10,212.03317409149435,,,,False
24,9,12,230.74933926481245,-12.9375,12.0,QT450-10,211.5420524471544,,,,False
24,10,0,230.74933926481245,-10.375,-12.0,QT450-10,221.23574677663223,,,,False
24,10,1,230.74933926481245,-10.375,-10.0,QT450-10,221.96357147001598,,,,False
24,10,2,230.74933926481245,-10.375,-8.0,QT450-10,222.89732456380136,,,,False
24,10,3,230.74933926481245,-10.375,-6.0,QT450-10,224.09984999805556,,,,False
24,10,4,230.74933926481245,-10.375,-4.0,QT450-10,225.51918085912953,,,,False
24,10,5,230.74933926481245,-10.375,-2.0,QT450-10,226.7404001103812,,,,False
24,10,6,230.74933926481245,-10.375,0.0,QT450-10,227.22839811184213,,,,False
24,10,7,230.74933926481245,-10.375,2.0,QT450-10,226.7404001103812,,,,False
24,10,8,230.74933926481245,-10.375,4.0,QT450-10,225.51918085912953,,,,False
24,10,9,230.74933926481245,-10.375,6.0,QT450-10,224.09984999805556,,,,False
24,10,10,230.74933926481245,-10.375,8.0,QT450-10,222.89732456380136,,,,False
24,10,11,230.74933926481245,-10.375,10.0,QT450-10,221.96357147001598,,,,False
24,10,12,230.74933926481245,-10.375,12.0,QT450-10,221.23574677663223,,,,False
24,11,0,230.74933926481245,-7.8125,-12.0,QT450-10,233.16076013006546,,,,False
24,11,1,230.74933926481245,-7.8125,-10.0,QT450-10,234.42680607395647,,,,False
24,11,2,230.74933926481245,-7.8125,-8.0,QT450-10,236.49681769666813,,,,False
24,11,3,230.74933926481245,-7.8125,-6.0,QT450-10,240.095141259397,,,,False
24,11,4,230.74933926481245,-7.8125,-4.0,QT450-10,250.11295810119475,,,,False
24,11,5,230.74933926481245,-7.8125,-2.0,QT450-10,259.88333552229767,,,,False
24,11,6,230.74933926481245,-7.8125,0.0,QT450-10,264.253784567595,,,,False
24,11,7,230.74933926481245,-7.8125,2.0,QT450-10,259.88333552229767,,,,False
24,11,8,230.74933926481245,-7.8125,4.0,QT450-10,250.11295810119475,,,,False
24,11,9,230.74933926481245,-7.8125,6.0,QT450-10,240.09514125939702,,,,False
24,11,10,230.74933926481245,-7.8125,8.0,QT450-10,236.49681769666813,,,,False
24,11,11,230.74933926481245,-7.8125,10.0,QT450-10,234.42680607395647,,,,False
24,11,12,230.74933926481245,-7.8125,12.0,QT450-10,233.16076013006546,,,,False
24,12,0,230.74933926481245,-5.25,-12.0,QT450-10,245.778083717098,,,,False
24,12,1,230.74933926481245,-5.25,-10.0,QT450-10,247.86800504913398,,,,False
24,12,2,230.74933926481245,-5.25,-8.0,QT450-10,253.16166088320801,,,,False
24,12,3,230.74933926481245,-5.25,-6.0,QT450-10,268.9518942951527,,,,False
24,12,4,230.74933926481245,-5.25,-4.0,QT450-10,292.70049304105584,,,,False
24,12,5,230.74933926481245,-5.25,-2.0,QT450-10,318.7247086637747,,,,False
24,12,6,230.74933926481245,-5.25,0.0,QT450-10,333.070385751015,,,,False
24,12,7,230.74933926481245,-5.25,2.0,QT450-10,318.7247086637747,,,,False
24,12,8,230.74933926481245,-5.25,4.0,QT450-10,292.70049304105584,,,,False
24,12,9,230.74933926481245,-5.25,6.0,QT450-10,268.9518942951527,,,,False
24,12,10,230.74933926481245,-5.25,8.0,QT450-10,253.16166088320804,,,,False
24,12,11,230.74933926481245,-5.25,10.0,QT450-10,247.86800504913398,,,,False
24,12,12,230.74933926481245,-5.25,12.0,QT450-10,245.778083717098,,,,False
24,13,0,230.74933926481245,-2.6875,-12.0,ERNiFe-CI,257.5467424254284,,,,False
24,13,1,230.74933926481245,-2.6875,-10.0,ERNiFe-CI,261.0440152526645,,,,False
24,13,2,230.74933926481245,-2.6875,-8.0,ERNiFe-CI,274.0710686994996,,,,False
24,13,3,230.74933926481245,-2.6875,-6.0,ERNiFe-CI,302.88391148268124,,,,False
24,13,4,230.74933926481245,-2.6875,-4.0,ERNiFe-CI,352.07592033743674,,,,False
24,13,5,230.74933926481245,-2.6875,-2.0,ERNiFe-CI,421.63212693089866,,,,False
24,13,6,230.74933926481245,-2.6875,0.0,ERNiFe-CI,480.1392418896423,,,,False
24,13,7,230.74933926481245,-2.6875,2.0,ERNiFe-CI,421.6321269308986,,,,False
24,13,8,230.74933926481245,-2.6875,4.0,ERNiFe-CI,352.07592033743674,,,,False
24,13,9,230.74933926481245,-2.6875,6.0,ERNiFe-CI,302.88391148268124,,,,False
24,13,10,230.74933926481245,-2.6875,8.0,ERNiFe-CI,274.0710686994996,,,,False
24,13,11,230.74933926481245,-2.6875,10.0,ERNiFe-CI,261.0440152526645,,,,False
24,13,12,230.74933926481245,-2.6875,12.0,ERNiFe-CI,257.5467424254284,,,,False
24,14,0,230.74933926481245,-0.125,-12.0,ERNiFe-CI,267.5061232414766,,,,False
24,14,1,230.74933926481245,-0.125,-10.0,ERNiFe-CI,273.434199370301,,,,False
24,14,2,230.74933926481245,-0.125,-8.0,ERNiFe-CI,290.658726439307,,,,False
24,14,3,230.74933926481245,-0.125,-6.0,ERNiFe-CI,330.6460764723898,,,,False
24,14,4,230.74933926481245,-0.125,-4.0,ERNiFe-CI,412.2270905540815,,,,False
24,14,5,230.74933926481245,-0.125,-2.0,ERNiFe-CI,582.8615021096849,,,,False
24,14,6,230.74933926481245,-0.125,0.0,ERNiFe-CI,839.2061832320211,157.6312822608953,159.9905189140769,2.359236653181597,True
24,14,7,230.74933926481245,-0.125,2.0,ERNiFe-CI,582.8615021096849,,,,False
24,14,8,230.74933926481245,-0.125,4.0,ERNiFe-CI,412.2270905540815,,,,False
24,14,9,230.74933926481245,-0.125,6.0,ERNiFe-CI,330.6460764723898,,,,False
24,14,10,230.74933926481245,-0.125,8.0,ERNiFe-CI,290.658726439307,,,,False
24,14,11,230.74933926481245,-0.125,10.0,ERNiFe-CI,273.434199370301,,,,False
24,14,12,230.74933926481245,-0.125,12.0,ERNiFe-CI,267.5061232414766,,,,False
24,15,0,230.74933926481245,2.4375,-12.0,ERNiFe-CI,274.8198262867153,,,,False
24,15,1,230.74933926481245,2.4375,-10.0,ERNiFe-CI,281.3022749974035,,,,False
24,15,2,230.74933926481245,2.4375,-8.0,ERNiFe-CI,297.9935200284016,,,,False
24,15,3,230.74933926481245,2.4375,-6.0,ERNiFe-CI,331.2922937036881,,,,False
24,15,4,230.74933926481245,2.4375,-4.0,ERNiFe-CI,385.8304064692609,,,,False
24,15,5,230.74933926481245,2.4375,-2.0,ERNiFe-CI,461.87750997101165,,,,False
24,15,6,230.74933926481245,2.4375,0.0,ERNiFe-CI,527.1865653019172,,,,False
24,15,7,230.74933926481245,2.4375,2.0,ERNiFe-CI,461.87750997101165,,,,False
24,15,8,230.74933926481245,2.4375,4.0,ERNiFe-CI,385.8304064692609,,,,False
24,15,9,230.74933926481245,2.4375,6.0,ERNiFe-CI,331.2922937036881,,,,False
24,15,10,230.74933926481245,2.4375,8.0,ERNiFe-CI,297.9935200284016,,,,False
24,15,11,230.74933926481245,2.4375,10.0,ERNiFe-CI,281.3022749974035,,,,False
24,15,12,230.74933926481245,2.4375,12.0,ERNiFe-CI,274.8198262867153,,,,False
24,16,0,230.74933926481245,5.0,-12.0,Q235B,278.5633020343932,,,,False
24,16,1,230.74933926481245,5.0,-10.0,Q235B,284.5834265635618,,,,False
24,16,2,230.74933926481245,5.0,-8.0,Q235B,299.665043751989,,,,False
24,16,3,230.74933926481245,5.0,-6.0,Q235B,326.45948208199934,,,,False
24,16,4,230.74933926481245,5.0,-4.0,Q235B,363.23865013290043,,,,False
24,16,5,230.74933926481245,5.0,-2.0,Q235B,401.4718140060376,,,,False
24,16,6,230.74933926481245,5.0,0.0,Q235B,421.74406512355,,,,False
24,16,7,230.74933926481245,5.0,2.0,Q235B,401.4718140060376,,,,False
24,16,8,230.74933926481245,5.0,4.0,Q235B,363.23865013290043,,,,False
24,16,9,230.74933926481245,5.0,6.0,Q235B,326.45948208199934,,,,False
24,16,10,230.74933926481245,5.0,8.0,Q235B,299.665043751989,,,,False
24,16,11,230.74933926481245,5.0,10.0,Q235B,284.5834265635618,,,,False
24,16,12,230.74933926481245,5.0,12.0,Q235B,278.56330203439313,,,,False
25,0,0,240.36389506751297,-36.0,-12.0,QT450-10,188.31684738315016,,,,False
25,0,1,240.36389506751297,-36.0,-10.0,QT450-10,188.44340612544792,,,,False
25,0,2,240.36389506751297,-36.0,-8.0,QT450-10,188.59734863968296,,,,False
25,0,3,240.36389506751297,-36.0,-6.0,QT450-10,188.7376935866306,,,,False
25,0,4,240.36389506751297,-36.0,-4.0,QT450-10,188.846051395127,,,,False
25,0,5,240.36389506751297,-36.0,-2.0,QT450-10,188.9136994460399,,,,False
25,0,6,240.36389506751297,-36.0,0.0,QT450-10,188.93663802013572,,,,False
25,0,7,240.36389506751297,-36.0,2.0,QT450-10,188.9136994460399,,,,False
25,0,8,240.36389506751297,-36.0,4.0,QT450-10,188.846051395127,,,,False
25,0,9,240.36389506751297,-36.0,6.0,QT450-10,188.7376935866306,,,,False
25,0,10,240.36389506751297,-36.0,8.0,QT450-10,188.59734863968296,,,,False
25,0,11,240.36389506751297,-36.0,10.0,QT450-10,188.44340612544792,,,,False
25,0,12,240.36389506751297,-36.0,12.0,QT450-10,188.31684738315016,,,,False
25,1,0,240.36389506751297,-33.4375,-12.0,QT450-10,188.8388790077958,,,,False
25,1,1,240.36389506751297,-33.4375,-10.0,QT450-10,189.1289943816661,,,,False
25,1,2,240.36389506751297,-33.4375,-8.0,QT450-10,189.35112231012545,,,,False
25,1,3,240.36389506751297,-33.4375,-6.0,QT450-10,189.5224852667737,,,,False
25,1,4,240.36389506751297,-33.4375,-4.0,QT450-10,189.6458027934746,,,,False
25,1,5,240.36389506751297,-33.4375,-2.0,QT450-10,189.72041682906118,,,,False
25,1,6,240.36389506751297,-33.4375,0.0,QT450-10,189.74540791864663,,,,False
25,1,7,240.36389506751297,-33.4375,2.0,QT450-10,189.72041682906118,,,,False
25,1,8,240.36389506751297,-33.4375,4.0,QT450-10,189.6458027934746,,,,False
25,1,9,240.36389506751297,-33.4375,6.0,QT450-10,189.5224852667737,,,,False
25,1,10,240.36389506751297,-33.4375,8.0,QT450-10,189.35112231012545,,,,False
25,1,11,240.36389506751297,-33.4375,10.0,QT450-10,189.1289943816661,,,,False
25,1,12,240.36389506751297,-33.4375,12.0,QT450-10,188.8388790077958,,,,False
25,2,0,240.36389506751297,-30.875,-12.0,QT450-10,189.63004170566083,,,,False
25,2,1,240.36389506751297,-30.875,-10.0,QT450-10,189.96789044233182,,,,False
25,2,2,240.36389506751297,-30.875,-8.0,QT450-10,190.23000964376578,,,,False
25,2,3,240.36389506751297,-30.875,-6.0,QT450-10,190.42798839462637,,,,False
25,2,4,240.36389506751297,-30.875,-4.0,QT450-10,190.56739138639355,,,,False
25,2,5,240.36389506751297,-30.875,-2.0,QT450-10,190.65050853158257,,,,False
25,2,6,240.36389506751297,-30.875,0.0,QT450-10,190.6781511818726,,,,False
25,2,7,240.36389506751297,-30.875,2.0,QT450-10,190.65050853158257,,,,False
25,2,8,240.36389506751297,-30.875,4.0,QT450-10,190.56739138639355,,,,False
25,2,9,240.36389506751297,-30.875,6.0,QT450-10,190.42798839462637,,,,False
25,2,10,240.36389506751297,-30.875,8.0,QT450-10,190.23000964376578,,,,False
25,2,11,240.36389506751297,-30.875,10.0,QT450-10,189.96789044233182,,,,False
25,2,12,240.36389506751297,-30.875,12.0,QT450-10,189.63004170566083,,,,False
25,3,0,240.36389506751297,-28.3125,-12.0,QT450-10,190.64499487034206,,,,False
25,3,1,240.36389506751297,-28.3125,-10.0,QT450-10,191.00142048978498,,,,False
25,3,2,240.36389506751297,-28.3125,-8.0,QT450-10,191.28465332728015,,,,False
25,3,3,240.36389506751297,-28.3125,-6.0,QT450-10,191.50022852516128,,,,False
25,3,4,240.36389506751297,-28.3125,-4.0,QT450-10,191.65204188339092,,,,False
25,3,5,240.36389506751297,-28.3125,-2.0,QT450-10,191.7423813707241,,,,False
25,3,6,240.36389506751297,-28.3125,0.0,QT450-10,191.77238218419768,,,,False
25,3,7,240.36389506751297,-28.3125,2.0,QT450-10,191.7423813707241,,,,False
25,3,8,240.36389506751297,-28.3125,4.0,QT450-10,191.65204188339092,,,,False
25,3,9,240.36389506751297,-28.3125,6.0,QT450-10,191.50022852516128,,,,False
25,3,10,240.36389506751297,-28.3125,8.0,QT450-10,191.28465332728015,,,,False
25,3,11,240.36389506751297,-28.3125,10.0,QT450-10,191.00142048978498,,,,False
25,3,12,240.36389506751297,-28.3125,12.0,QT450-10,190.64499487034206,,,,False
25,4,0,240.36389506751297,-25.75,-12.0,QT450-10,191.9121566744517,,,,False
25,4,1,240.36389506751297,-25.75,-10.0,QT450-10,192.27871778910097,,,,False
25,4,2,240.36389506751297,-25.75,-8.0,QT450-10,192.5742563744476,,,,False
25,4,3,240.36389506751297,-25.75,-6.0,QT450-10,192.8012476172826,,,,False
25,4,4,240.36389506751297,-25.75,-4.0,QT450-10,192.96187097351384,,,,False
25,4,5,240.36389506751297,-25.75,-2.0,QT450-10,193.0576635923234,,,,False
25,4,6,240.36389506751297,-25.75,0.0,QT450-10,193.089500914601,,,,False
25,4,7,240.36389506751297,-25.75,2.0,QT450-10,193.0576635923234,,,,False
25,4,8,240.36389506751297,-25.75,4.0,QT450-10,192.96187097351384,,,,False
25,4,9,240.36389506751297,-25.75,6.0,QT450-10,192.8012476172826,,,,False
25,4,10,240.36389506751297,-25.75,8.0,QT450-10,192.5742563744476,,,,False
25,4,11,240.36389506751297,-25.75,10.0,QT450-10,192.27871778910097,,,,False
25,4,12,240.36389506751297,-25.75,12.0,QT450-10,191.9121566744517,,,,False
25,5,0,240.36389506751297,-23.1875,-12.0,QT450-10,193.52013019481018,,,,False
25,5,1,240.36389506751297,-23.1875,-10.0,QT450-10,193.89451441364534,,,,False
25,5,2,240.36389506751297,-23.1875,-8.0,QT450-10,194.19882754255414,,,,False
25,5,3,240.36389506751297,-23.1875,-6.0,QT450-10,194.43407462719802,,,,False
25,5,4,240.36389506751297,-23.1875,-4.0,QT450-10,194.60128650549495,,,,False
25,5,5,240.36389506751297,-23.1875,-2.0,QT450-10,194.70127827235675,,,,False
25,5,6,240.36389506751297,-23.1875,0.0,QT450-10,194.7345528193268,,,,False
25,5,7,240.36389506751297,-23.1875,2.0,QT450-10,194.70127827235675,,,,False
25,5,8,240.36389506751297,-23.1875,4.0,QT450-10,194.60128650549495,,,,False
25,5,9,240.36389506751297,-23.1875,6.0,QT450-10,194.43407462719802,,,,False
25,5,10,240.36389506751297,-23.1875,8.0,QT450-10,194.19882754255414,,,,False
25,5,11,240.36389506751297,-23.1875,10.0,QT450-10,193.89451441364534,,,,False
25,5,12,240.36389506751297,-23.1875,12.0,QT450-10,193.52013019481018,,,,False
25,6,0,240.36389506751297,-20.625,-12.0,QT450-10,195.65736833950348,,,,False
25,6,1,240.36389506751297,-20.625,-10.0,QT450-10,196.03991930582606,,,,False
25,6,2,240.36389506751297,-20.625,-8.0,QT450-10,196.3524412515796,,,,False
25,6,3,240.36389506751297,-20.625,-6.0,QT450-10,196.5951244521752,,,,False
25,6,4,240.36389506751297,-20.625,-4.0,QT450-10,196.76822866371108,,,,False
25,6,5,240.36389506751297,-20.625,-2.0,QT450-10,196.8719876011432,,,,False
25,6,6,240.36389506751297,-20.625,0.0,QT450-10,196.90655608074593,,,,False
25,6,7,240.36389506751297,-20.625,2.0,QT450-10,196.8719876011432,,,,False
25,6,8,240.36389506751297,-20.625,4.0,QT450-10,196.76822866371108,,,,False
25,6,9,240.36389506751297,-20.625,6.0,QT450-10,196.5951244521752,,,,False
25,6,10,240.36389506751297,-20.625,8.0,QT450-10,196.3524412515796,,,,False
25,6,11,240.36389506751297,-20.625,10.0,QT450-10,196.03991930582606,,,,False
25,6,12,240.36389506751297,-20.625,12.0,QT450-10,195.65736833950348,,,,False
25,7,0,240.36389506751297,-18.0625,-12.0,QT450-10,198.72976007266587,,,,False
25,7,1,240.36389506751297,-18.0625,-10.0,QT450-10,199.12336884153177,,,,False
25,7,2,240.36389506751297,-18.0625,-8.0,QT450-10,199.446504356618,,,,False
25,7,3,240.36389506751297,-18.0625,-6.0,QT450-10,199.6985848170043,,,,False
25,7,4,240.36389506751297,-18.0625,-4.0,QT450-10,199.87907327342606,,,,False
25,7,5,240.36389506751297,-18.0625,-2.0,QT450-10,199.9875506121717,,,,False
25,7,6,240.36389506751297,-18.0625,0.0,QT450-10,200.02374147399203,,,,False
25,7,7,240.36389506751297,-18.0625,2.0,QT450-10,199.9875506121717,,,,False
25,7,8,240.36389506751297,-18.0625,4.0,QT450-10,199.87907327342606,,,,False
25,7,9,240.36389506751297,-18.0625,6.0,QT450-10,199.6985848170043,,,,False
25,7,10,240.36389506751297,-18.0625,8.0,QT450-10,199.446504356618,,,,False
25,7,11,240.36389506751297,-18.0625,10.0,QT450-10,199.12336884153177,,,,False
25,7,12,240.36389506751297,-18.0625,12.0,QT450-10,198.72976007266587,,,,False
25,8,0,240.36389506751297,-15.5,-12.0,QT450-10,203.51963351585638,,,,False
25,8,1,240.36389506751297,-15.5,-10.0,QT450-10,203.93530843418796,,,,False
25,8,2,240.36389506751297,-15.5,-8.0,QT450-10,204.28330419067512,,,,False
25,8,3,240.36389506751297,-15.5,-6.0,QT450-10,204.56024236168565,,,,False
25,8,4,240.36389506751297,-15.5,-4.0,QT450-10,204.76214940190667,,,,False
25,8,5,240.36389506751297,-15.5,-2.0,QT450-10,204.88520046726381,,,,False
25,8,6,240.36389506751297,-15.5,0.0,QT450-10,204.92656558129326,,,,False
25,8,7,240.36389506751297,-15.5,2.0,QT450-10,204.88520046726381,,,,False
25,8,8,240.36389506751297,-15.5,4.0,QT450-10,204.76214940190667,,,,False
25,8,9,240.36389506751297,-15.5,6.0,QT450-10,204.56024236168565,,,,False
25,8,10,240.36389506751297,-15.5,8.0,QT450-10,204.28330419067512,,,,False
25,8,11,240.36389506751297,-15.5,10.0,QT450-10,203.935308434188,,,,False
25,8,12,240.36389506751297,-15.5,12.0,QT450-10,203.5196335158564,,,,False
25,9,0,240.36389506751297,-12.9375,-12.0,QT450-10,210.77718262838906,,,,False
25,9,1,240.36389506751297,-12.9375,-10.0,QT450-10,211.26547432751934,,,,False
25,9,2,240.36389506751297,-12.9375,-8.0,QT450-10,211.7259787521032,,,,False
25,9,3,240.36389506751297,-12.9375,-6.0,QT450-10,212.14359177809806,,,,False
25,9,4,240.36389506751297,-12.9375,-4.0,QT450-10,212.4922533162528,,,,False
25,9,5,240.36389506751297,-12.9375,-2.0,QT450-10,212.7319272068806,,,,False
25,9,6,240.36389506751297,-12.9375,0.0,QT450-10,212.81859597217937,,,,False
25,9,7,240.36389506751297,-12.9375,2.0,QT450-10,212.7319272068806,,,,False
25,9,8,240.36389506751297,-12.9375,4.0,QT450-10,212.4922533162528,,,,False
25,9,9,240.36389506751297,-12.9375,6.0,QT450-10,212.14359177809806,,,,False
25,9,10,240.36389506751297,-12.9375,8.0,QT450-10,211.7259787521032,,,,False
25,9,11,240.36389506751297,-12.9375,10.0,QT450-10,211.26547432751934,,,,False
25,9,12,240.36389506751297,-12.9375,12.0,QT450-10,210.77718262838906,,,,False
25,10,0,240.36389506751297,-10.375,-12.0,QT450-10,220.46529550443734,,,,False
25,10,1,240.36389506751297,-10.375,-10.0,QT450-10,221.18993637128492,,,,False
25,10,2,240.36389506751297,-10.375,-8.0,QT450-10,222.12050964677937,,,,False
25,10,3,240.36389506751297,-10.375,-6.0,QT450-10,223.3205610200968,,,,False
25,10,4,240.36389506751297,-10.375,-4.0,QT450-10,224.73865383361374,,,,False
25,10,5,240.36389506751297,-10.375,-2.0,QT450-10,225.95952407490057,,,,False
25,10,6,240.36389506751297,-10.375,0.0,QT450-10,226.44752817659239,,,,False
25,10,7,240.36389506751297,-10.375,2.0,QT450-10,225.95952407490057,,,,False
25,10,8,240.36389506751297,-10.375,4.0,QT450-10,224.73865383361374,,,,False
25,10,9,240.36389506751297,-10.375,6.0,QT450-10,223.3205610200968,,,,False
25,10,10,240.36389506751297,-10.375,8.0,QT450-10,222.1205096467794,,,,False
25,10,11,240.36389506751297,-10.375,10.0,QT450-10,221.18993637128492,,,,False
25,10,12,240.36389506751297,-10.375,12.0,QT450-10,220.46529550443734,,,,False
25,11,0,240.36389506751297,-7.8125,-12.0,QT450-10,232.39168537188186,,,,False
25,11,1,240.36389506751297,-7.8125,-10.0,QT450-10,233.6548981807839,,,,False
25,11,2,240.36389506751297,-7.8125,-8.0,QT450-10,235.72296418098526,,,,False
25,11,3,240.36389506751297,-7.8125,-6.0,QT450-10,239.31339027938904,,,,False
25,11,4,240.36389506751297,-7.8125,-4.0,QT450-10,249.31784588010845,,,,False
25,11,5,240.36389506751297,-7.8125,-2.0,QT450-10,259.0880232473895,,,,False
25,11,6,240.36389506751297,-7.8125,0.0,QT450-10,263.4590434888411,,,,False
25,11,7,240.36389506751297,-7.8125,2.0,QT450-10,259.0880232473895,,,,False
25,11,8,240.36389506751297,-7.8125,4.0,QT450-10,249.31784588010845,,,,False
25,11,9,240.36389506751297,-7.8125,6.0,QT450-10,239.31339027938904,,,,False
25,11,10,240.36389506751297,-7.8125,8.0,QT450-10,235.72296418098526,,,,False
25,11,11,240.36389506751297,-7.8125,10.0,QT450-10,233.6548981807839,,,,False
25,11,12,240.36389506751297,-7.8125,12.0,QT450-10,232.39168537188186,,,,False
25,12,0,240.36389506751297,-5.25,-12.0,QT450-10,245.013759575893,,,,False
25,12,1,240.36389506751297,-5.25,-10.0,QT450-10,247.1011992559211,,,,False
25,12,2,240.36389506751297,-5.25,-8.0,QT450-10,252.38955633609498,,,,False
25,12,3,240.36389506751297,-5.25,-6.0,QT450-10,268.1613891051229,,,,False
25,12,4,240.36389506751297,-5.25,-4.0,QT450-10,291.9107695386678,,,,False
25,12,5,240.36389506751297,-5.25,-2.0,QT450-10,317.93496908759545,,,,False
25,12,6,240.36389506751297,-5.25,0.0,QT450-10,332.2791950563273,,,,False
25,12,7,240.36389506751297,-5.25,2.0,QT450-10,317.93496908759545,,,,False
25,12,8,240.36389506751297,-5.25,4.0,QT450-10,291.9107695386678,,,,False
25,12,9,240.36389506751297,-5.25,6.0,QT450-10,268.1613891051229,,,,False
25,12,10,240.36389506751297,-5.25,8.0,QT450-10,252.38955633609498,,,,False
25,12,11,240.36389506751297,-5.25,10.0,QT450-10,247.1011992559211,,,,False
25,12,12,240.36389506751297,-5.25,12.0,QT450-10,245.013759575893,,,,False
25,13,0,240.36389506751297,-2.6875,-12.0,ERNiFe-CI,256.78872902691575,,,,False
25,13,1,240.36389506751297,-2.6875,-10.0,ERNiFe-CI,260.2851537974756,,,,False
25,13,2,240.36389506751297,-2.6875,-8.0,ERNiFe-CI,273.2892968997915,,,,False
25,13,3,240.36389506751297,-2.6875,-6.0,ERNiFe-CI,302.0966088613779,,,,False
25,13,4,240.36389506751297,-2.6875,-4.0,ERNiFe-CI,351.28705628782006,,,,False
25,13,5,240.36389506751297,-2.6875,-2.0,ERNiFe-CI,420.8473538083797,,,,False
25,13,6,240.36389506751297,-2.6875,0.0,ERNiFe-CI,479.35334841486866,,,,False
25,13,7,240.36389506751297,-2.6875,2.0,ERNiFe-CI,420.8473538083797,,,,False
25,13,8,240.36389506751297,-2.6875,4.0,ERNiFe-CI,351.28705628782006,,,,False
25,13,9,240.36389506751297,-2.6875,6.0,ERNiFe-CI,302.0966088613779,,,,False
25,13,10,240.36389506751297,-2.6875,8.0,ERNiFe-CI,273.2892968997915,,,,False
25,13,11,240.36389506751297,-2.6875,10.0,ERNiFe-CI,260.2851537974755,,,,False
25,13,12,240.36389506751297,-2.6875,12.0,ERNiFe-CI,256.78872902691575,,,,False
25,14,0,240.36389506751297,-0.125,-12.0,ERNiFe-CI,266.7548074250056,,,,False
25,14,1,240.36389506751297,-0.125,-10.0,ERNiFe-CI,272.67760176367835,,,,False
25,14,2,240.36389506751297,-0.125,-8.0,ERNiFe-CI,289.8786236935687,,,,False
25,14,3,240.36389506751297,-0.125,-6.0,ERNiFe-CI,329.8631653399512,,,,False
25,14,4,240.36389506751297,-0.125,-4.0,ERNiFe-CI,411.44113134972,,,,False
25,14,5,240.36389506751297,-0.125,-2.0,ERNiFe-CI,582.0787703682071,,,,False
25,14,6,240.36389506751297,-0.125,0.0,ERNiFe-CI,838.424784215443,164.03167534276844,166.39226576183995,2.3605904190715137,True
25,14,7,240.36389506751297,-0.125,2.0,ERNiFe-CI,582.0787703682071,,,,False
25,14,8,240.36389506751297,-0.125,4.0,ERNiFe-CI,411.44113134972,,,,False
25,14,9,240.36389506751297,-0.125,6.0,ERNiFe-CI,329.8631653399512,,,,False
25,14,10,240.36389506751297,-0.125,8.0,ERNiFe-CI,289.8786236935687,,,,False
25,14,11,240.36389506751297,-0.125,10.0,ERNiFe-CI,272.67760176367835,,,,False
25,14,12,240.36389506751297,-0.125,12.0,ERNiFe-CI,266.7548074250056,,,,False
25,15,0,240.36389506751297,2.4375,-12.0,ERNiFe-CI,274.0716807651714,,,,False
25,15,1,240.36389506751297,2.4375,-10.0,ERNiFe-CI,280.5485590642179,,,,False
25,15,2,240.36389506751297,2.4375,-8.0,ERNiFe-CI,297.2189395986716,,,,False
25,15,3,240.36389506751297,2.4375,-6.0,ERNiFe-CI,330.5167791343666,,,,False
25,15,4,240.36389506751297,2.4375,-4.0,ERNiFe-CI,385.0583764890433,,,,False
25,15,5,240.36389506751297,2.4375,-2.0,ERNiFe-CI,461.11101404719113,,,,False
25,15,6,240.36389506751297,2.4375,0.0,ERNiFe-CI,526.4258492615442,,,,False
25,15,7,240.36389506751297,2.4375,2.0,ERNiFe-CI,461.11101404719113,,,,False
25,15,8,240.36389506751297,2.4375,4.0,ERNiFe-CI,385.0583764890433,,,,False
25,15,9,240.36389506751297,2.4375,6.0,ERNiFe-CI,330.5167791343666,,,,False
25,15,10,240.36389506751297,2.4375,8.0,ERNiFe-CI,297.2189395986716,,,,False
25,15,11,240.36389506751297,2.4375,10.0,ERNiFe-CI,280.5485590642179,,,,False
25,15,12,240.36389506751297,2.4375,12.0,ERNiFe-CI,274.0716807651714,,,,False
25,16,0,240.36389506751297,5.0,-12.0,Q235B,277.81607337855064,,,,False
25,16,1,240.36389506751297,5.0,-10.0,Q235B,283.83175354164473,,,,False
25,16,2,240.36389506751297,5.0,-8.0,Q235B,298.89550581878444,,,,False
25,16,3,240.36389506751297,5.0,-6.0,Q235B,325.6893608001057,,,,False
25,16,4,240.36389506751297,5.0,-4.0,Q235B,362.47275787433284,,,,False
25,16,5,240.36389506751297,5.0,-2.0,Q235B,400.7113337449771,,,,False
25,16,6,240.36389506751297,5.0,0.0,Q235B,420.98764009458733,,,,False
25,16,7,240.36389506751297,5.0,2.0,Q235B,400.7113337449771,,,,False
25,16,8,240.36389506751297,5.0,4.0,Q235B,362.47275787433284,,,,False
25,16,9,240.36389506751297,5.0,6.0,Q235B,325.6893608001057,,,,False
25,16,10,240.36389506751297,5.0,8.0,Q235B,298.89550581878444,,,,False
25,16,11,240.36389506751297,5.0,10.0,Q235B,283.83175354164473,,,,False
25,16,12,240.36389506751297,5.0,12.0,Q235B,277.81607337855064,,,,False
26,0,0,249.9784508702135,-36.0,-12.0,QT450-10,187.65295762163922,,,,False
26,0,1,249.9784508702135,-36.0,-10.0,QT450-10,187.77883753512444,,,,False
26,0,2,249.9784508702135,-36.0,-8.0,QT450-10,187.93195408627966,,,,False
26,0,3,249.9784508702135,-36.0,-6.0,QT450-10,188.07154581241915,,,,False
26,0,4,249.9784508702135,-36.0,-4.0,QT450-10,188.1793219368213,,,,False
26,0,5,249.9784508702135,-36.0,-2.0,QT450-10,188.24660678104817,,,,False
26,0,6,249.9784508702135,-36.0,0.0,QT450-10,188.2694221860133,,,,False
26,0,7,249.9784508702135,-36.0,2.0,QT450-10,188.24660678104817,,,,False
26,0,8,249.9784508702135,-36.0,4.0,QT450-10,188.1793219368213,,,,False
26,0,9,249.9784508702135,-36.0,6.0,QT450-10,188.07154581241915,,,,False
26,0,10,249.9784508702135,-36.0,8.0,QT450-10,187.93195408627966,,,,False
26,0,11,249.9784508702135,-36.0,10.0,QT450-10,187.77883753512444,,,,False
26,0,12,249.9784508702135,-36.0,12.0,QT450-10,187.65295762163922,,,,False
26,1,0,249.9784508702135,-33.4375,-12.0,QT450-10,188.1719722597707,,,,False
26,1,1,249.9784508702135,-33.4375,-10.0,QT450-10,188.46052898375763,,,,False
26,1,2,249.9784508702135,-33.4375,-8.0,QT450-10,188.68146164994897,,,,False
26,1,3,249.9784508702135,-33.4375,-6.0,QT450-10,188.85190160011322,,,,False
26,1,4,249.9784508702135,-33.4375,-4.0,QT450-10,188.97455491547396,,,,False
26,1,5,249.9784508702135,-33.4375,-2.0,QT450-10,189.04876700763373,,,,False
26,1,6,249.9784508702135,-33.4375,0.0,QT450-10,189.07362345110982,,,,False
26,1,7,249.9784508702135,-33.4375,2.0,QT450-10,189.04876700763373,,,,False
26,1,8,249.9784508702135,-33.4375,4.0,QT450-10,188.97455491547396,,,,False
26,1,9,249.9784508702135,-33.4375,6.0,QT450-10,188.85190160011322,,,,False
26,1,10,249.9784508702135,-33.4375,8.0,QT450-10,188.68146164994897,,,,False
26,1,11,249.9784508702135,-33.4375,10.0,QT450-10,188.46052898375763,,,,False
26,1,12,249.9784508702135,-33.4375,12.0,QT450-10,188.1719722597707,,,,False
26,2,0,249.9784508702135,-30.875,-12.0,QT450-10,188.9584462491564,,,,False
26,2,1,249.9784508702135,-30.875,-10.0,QT450-10,189.2944737048956,,,,False
26,2,2,249.9784508702135,-30.875,-8.0,QT450-10,189.5551776926944,,,,False
26,2,3,249.9784508702135,-30.875,-6.0,QT450-10,189.75208656646342,,,,False
26,2,4,249.9784508702135,-30.875,-4.0,QT450-10,189.89073597846087,,,,False
26,2,5,249.9784508702135,-30.875,-2.0,QT450-10,189.9734036089365,,,,False
26,2,6,249.9784508702135,-30.875,0.0,QT450-10,190.00089672942485,,,,False
26,2,7,249.9784508702135,-30.875,2.0,QT450-10,189.9734036089365,,,,False
26,2,8,249.9784508702135,-30.875,4.0,QT450-10,189.89073597846087,,,,False
26,2,9,249.9784508702135,-30.875,6.0,QT450-10,189.75208656646342,,,,False
26,2,10,249.9784508702135,-30.875,8.0,QT450-10,189.5551776926944,,,,False
26,2,11,249.9784508702135,-30.875,10.0,QT450-10,189.2944737048956,,,,False
26,2,12,249.9784508702135,-30.875,12.0,QT450-10,188.9584462491564,,,,False
26,3,0,249.9784508702135,-28.3125,-12.0,QT450-10,189.96726217221484,,,,False
26,3,1,249.9784508702135,-28.3125,-10.0,QT450-10,190.32175748042948,,,,False
26,3,2,249.9784508702135,-28.3125,-8.0,QT450-10,190.6034542054259,,,,False
26,3,3,249.9784508702135,-28.3125,-6.0,QT450-10,190.8178584606778,,,,False
26,3,4,249.9784508702135,-28.3125,-4.0,QT450-10,190.9688464295575,,,,False
26,3,5,249.9784508702135,-28.3125,-2.0,QT450-10,191.05869444180223,,,,False
26,3,6,249.9784508702135,-28.3125,0.0,QT450-10,191.08853198994342,,,,False
26,3,7,249.9784508702135,-28.3125,2.0,QT450-10,191.05869444180223,,,,False
26,3,8,249.9784508702135,-28.3125,4.0,QT450-10,190.9688464295575,,,,False
26,3,9,249.9784508702135,-28.3125,6.0,QT450-10,190.8178584606778,,,,False
26,3,10,249.9784508702135,-28.3125,8.0,QT450-10,190.6034542054259,,,,False
26,3,11,249.9784508702135,-28.3125,10.0,QT450-10,190.32175748042948,,,,False
26,3,12,249.9784508702135,-28.3125,12.0,QT450-10,189.96726217221484,,,,False
26,4,0,249.9784508702135,-25.75,-12.0,QT450-10,191.22664309479615,,,,False
26,4,1,249.9784508702135,-25.75,-10.0,QT450-10,191.59120571557511,,,,False
26,4,2,249.9784508702135,-25.75,-8.0,QT450-10,191.88513056542803,,,,False
26,4,3,249.9784508702135,-25.75,-6.0,QT450-10,192.11088068652316,,,,False
26,4,4,249.9784508702135,-25.75,-4.0,QT450-10,192.2706248542988,,,,False
26,4,5,249.9784508702135,-25.75,-2.0,QT450-10,192.36589275264748,,,,False
26,4,6,249.9784508702135,-25.75,0.0,QT450-10,192.39755561467155,,,,False
26,4,7,249.9784508702135,-25.75,2.0,QT450-10,192.36589275264748,,,,False
26,4,8,249.9784508702135,-25.75,4.0,QT450-10,192.2706248542988,,,,False
26,4,9,249.9784508702135,-25.75,6.0,QT450-10,192.11088068652316,,,,False
26,4,10,249.9784508702135,-25.75,8.0,QT450-10,191.88513056542803,,,,False
26,4,11,249.9784508702135,-25.75,10.0,QT450-10,191.59120571557511,,,,False
26,4,12,249.9784508702135,-25.75,12.0,QT450-10,191.22664309479615,,,,False
26,5,0,249.9784508702135,-23.1875,-12.0,QT450-10,192.82468775663088,,,,False
26,5,1,249.9784508702135,-23.1875,-10.0,QT450-10,193.19701384145137,,,,False
26,5,2,249.9784508702135,-23.1875,-8.0,QT450-10,193.4996511654892,,,,False
26,5,3,249.9784508702135,-23.1875,-6.0,QT450-10,193.7336008153256,,,,False
26,5,4,249.9784508702135,-23.1875,-4.0,QT450-10,193.89988938476708,,,,False
26,5,5,249.9784508702135,-23.1875,-2.0,QT450-10,193.99932857108558,,,,False
26,5,6,249.9784508702135,-23.1875,0.0,QT450-10,194.03241915998717,,,,False
26,5,7,249.9784508702135,-23.1875,2.0,QT450-10,193.99932857108558,,,,False
26,5,8,249.9784508702135,-23.1875,4.0,QT450-10,193.89988938476708,,,,False
26,5,9,249.9784508702135,-23.1875,6.0,QT450-10,193.7336008153256,,,,False
26,5,10,249.9784508702135,-23.1875,8.0,QT450-10,193.4996511654892,,,,False
26,5,11,249.9784508702135,-23.1875,10.0,QT450-10,193.19701384145137,,,,False
26,5,12,249.9784508702135,-23.1875,12.0,QT450-10,192.82468775663088,,,,False
26,6,0,249.9784508702135,-20.625,-12.0,QT450-10,194.94888989150874,,,,False
26,6,1,249.9784508702135,-20.625,-10.0,QT450-10,195.329312538877,,,,False
26,6,2,249.9784508702135,-20.625,-8.0,QT450-10,195.6400909224392,,,,False
26,6,3,249.9784508702135,-20.625,-6.0,QT450-10,195.88141726157397,,,,False
26,6,4,249.9784508702135,-20.625,-4.0,QT450-10,196.05355209341565,,,,False
26,6,5,249.9784508702135,-20.625,-2.0,QT450-10,196.15672937148312,,,,False
26,6,6,249.9784508702135,-20.625,0.0,QT450-10,196.1911039627588,,,,False
26,6,7,249.9784508702135,-20.625,2.0,QT450-10,196.15672937148312,,,,False
26,6,8,249.9784508702135,-20.625,4.0,QT450-10,196.05355209341565,,,,False
26,6,9,249.9784508702135,-20.625,6.0,QT450-10,195.88141726157397,,,,False
26,6,10,249.9784508702135,-20.625,8.0,QT450-10,195.6400909224392,,,,False
26,6,11,249.9784508702135,-20.625,10.0,QT450-10,195.329312538877,,,,False
26,6,12,249.9784508702135,-20.625,12.0,QT450-10,194.94888989150874,,,,False
26,7,0,249.9784508702135,-18.0625,-12.0,QT450-10,198.00392248080627,,,,False
26,7,1,249.9784508702135,-18.0625,-10.0,QT450-10,198.3953006930467,,,,False
26,7,2,249.9784508702135,-18.0625,-8.0,QT450-10,198.71659166874724,,,,False
26,7,3,249.9784508702135,-18.0625,-6.0,QT450-10,198.96722229188035,,,,False
26,7,4,249.9784508702135,-18.0625,-4.0,QT450-10,199.1466683557793,,,,False
26,7,5,249.9784508702135,-18.0625,-2.0,QT450-10,199.2545186188577,,,,False
26,7,6,249.9784508702135,-18.0625,0.0,QT450-10,199.29049900880491,,,,False
26,7,7,249.9784508702135,-18.0625,2.0,QT450-10,199.2545186188577,,,,False
26,7,8,249.9784508702135,-18.0625,4.0,QT450-10,199.1466683557793,,,,False
26,7,9,249.9784508702135,-18.0625,6.0,QT450-10,198.96722229188035,,,,False
26,7,10,249.9784508702135,-18.0625,8.0,QT450-10,198.71659166874724,,,,False
26,7,11,249.9784508702135,-18.0625,10.0,QT450-10,198.3953006930467,,,,False
26,7,12,249.9784508702135,-18.0625,12.0,QT450-10,198.00392248080627,,,,False
26,8,0,249.9784508702135,-15.5,-12.0,QT450-10,202.77437633687367,,,,False
26,8,1,249.9784508702135,-15.5,-10.0,QT450-10,203.1876045617103,,,,False
26,8,2,249.9784508702135,-15.5,-8.0,QT450-10,203.53349397907277,,,,False
26,8,3,249.9784508702135,-15.5,-6.0,QT450-10,203.80869034463927,,,,False
26,8,4,249.9784508702135,-15.5,-4.0,QT450-10,204.00929828025647,,,,False
26,8,5,249.9784508702135,-15.5,-2.0,QT450-10,204.1315369260865,,,,False
26,8,6,249.9784508702135,-15.5,0.0,QT450-10,204.1726277190368,,,,False
26,8,7,249.9784508702135,-15.5,2.0,QT450-10,204.1315369260865,,,,False
26,8,8,249.9784508702135,-15.5,4.0,QT450-10,204.00929828025647,,,,False
26,8,9,249.9784508702135,-15.5,6.0,QT450-10,203.80869034463927,,,,False
26,8,10,249.9784508702135,-15.5,8.0,QT450-10,203.53349397907277,,,,False
26,8,11,249.9784508702135,-15.5,10.0,QT450-10,203.1876045617103,,,,False
26,8,12,249.9784508702135,-15.5,12.0,QT450-10,202.77437633687367,,,,False
26,9,0,249.9784508702135,-12.9375,-12.0,QT450-10,210.01739163915016,,,,False
26,9,1,249.9784508702135,-12.9375,-10.0,QT450-10,210.50283939222686,,,,False
26,9,2,249.9784508702135,-12.9375,-8.0,QT450-10,210.9605555537532,,,,False
26,9,3,249.9784508702135,-12.9375,-6.0,QT450-10,211.37556178367146,,,,False
26,9,4,249.9784508702135,-12.9375,-4.0,QT450-10,211.72195600682534,,,,False
26,9,5,249.9784508702135,-12.9375,-2.0,QT450-10,211.96002098664553,,,,False
26,9,6,249.9784508702135,-12.9375,0.0,QT450-10,212.04610450613612,,,,False
26,9,7,249.9784508702135,-12.9375,2.0,QT450-10,211.96002098664553,,,,False
26,9,8,249.9784508702135,-12.9375,4.0,QT450-10,211.72195600682534,,,,False
26,9,9,249.9784508702135,-12.9375,6.0,QT450-10,211.37556178367146,,,,False
26,9,10,249.9784508702135,-12.9375,8.0,QT450-10,210.9605555537532,,,,False
26,9,11,249.9784508702135,-12.9375,10.0,QT450-10,210.50283939222686,,,,False
26,9,12,249.9784508702135,-12.9375,12.0,QT450-10,210.01739163915016,,,,False
26,10,0,249.9784508702135,-10.375,-12.0,QT450-10,219.6963480242317,,,,False
26,10,1,249.9784508702135,-10.375,-10.0,QT450-10,220.41720584258587,,,,False
26,10,2,249.9784508702135,-10.375,-8.0,QT450-10,221.34341044085002,,,,False
26,10,3,249.9784508702135,-10.375,-6.0,QT450-10,222.53877902820977,,,,False
26,10,4,249.9784508702135,-10.375,-4.0,QT450-10,223.95312224306505,,,,False
26,10,5,249.9784508702135,-10.375,-2.0,QT450-10,225.17161804749287,,,,False
26,10,6,249.9784508702135,-10.375,0.0,QT450-10,225.65883934771327,,,,False
26,10,7,249.9784508702135,-10.375,2.0,QT450-10,225.17161804749287,,,,False
26,10,8,249.9784508702135,-10.375,4.0,QT450-10,223.95312224306505,,,,False
26,10,9,249.9784508702135,-10.375,6.0,QT450-10,222.53877902820977,,,,False
26,10,10,249.9784508702135,-10.375,8.0,QT450-10,221.34341044085002,,,,False
26,10,11,249.9784508702135,-10.375,10.0,QT450-10,220.41720584258587,,,,False
26,10,12,249.9784508702135,-10.375,12.0,QT450-10,219.6963480242317,,,,False
26,11,0,249.9784508702135,-7.8125,-12.0,QT450-10,231.618061360551,,,,False
26,11,1,249.9784508702135,-7.8125,-10.0,QT450-10,232.8772287639188,,,,False
26,11,2,249.9784508702135,-7.8125,-8.0,QT450-10,234.94055955284662,,,,False
26,11,3,249.9784508702135,-7.8125,-6.0,QT450-10,238.51201074933172,,,,False
26,11,4,249.9784508702135,-7.8125,-4.0,QT450-10,248.5135596469819,,,,False
26,11,5,249.9784508702135,-7.8125,-2.0,QT450-10,258.2791647961249,,,,False
26,11,6,249.9784508702135,-7.8125,0.0,QT450-10,262.6492164335042,,,,False
26,11,7,249.9784508702135,-7.8125,2.0,QT450-10,258.2791647961249,,,,False
26,11,8,249.9784508702135,-7.8125,4.0,QT450-10,248.5135596469819,,,,False
26,11,9,249.9784508702135,-7.8125,6.0,QT450-10,238.51201074933172,,,,False
26,11,10,249.9784508702135,-7.8125,8.0,QT450-10,234.94055955284662,,,,False
26,11,11,249.9784508702135,-7.8125,10.0,QT450-10,232.8772287639188,,,,False
26,11,12,249.9784508702135,-7.8125,12.0,QT450-10,231.618061360551,,,,False
26,12,0,249.9784508702135,-5.25,-12.0,QT450-10,244.23848299407183,,,,False
26,12,1,249.9784508702135,-5.25,-10.0,QT450-10,246.3207530388863,,,,False
26,12,2,249.9784508702135,-5.25,-8.0,QT450-10,251.5895231115626,,,,False
26,12,3,249.9784508702135,-5.25,-6.0,QT450-10,267.3561183373107,,,,False
26,12,4,249.9784508702135,-5.25,-4.0,QT450-10,291.09818862260835,,,,False
26,12,5,249.9784508702135,-5.25,-2.0,QT450-10,317.1162378519396,,,,False
26,12,6,249.9784508702135,-5.25,0.0,QT450-10,331.45764214016987,,,,False
26,12,7,249.9784508702135,-5.25,2.0,QT450-10,317.1162378519396,,,,False
26,12,8,249.9784508702135,-5.25,4.0,QT450-10,291.09818862260835,,,,False
26,12,9,249.9784508702135,-5.25,6.0,QT450-10,267.3561183373107,,,,False
26,12,10,249.9784508702135,-5.25,8.0,QT450-10,251.58952311156258,,,,False
26,12,11,249.9784508702135,-5.25,10.0,QT450-10,246.32075303888632,,,,False
26,12,12,249.9784508702135,-5.25,12.0,QT450-10,244.23848299407186,,,,False
26,13,0,249.9784508702135,-2.6875,-12.0,ERNiFe-CI,256.0122845059743,,,,False
26,13,1,249.9784508702135,-2.6875,-10.0,ERNiFe-CI,259.4920329427892,,,,False
26,13,2,249.9784508702135,-2.6875,-8.0,ERNiFe-CI,272.48830991315,,,,False
26,13,3,249.9784508702135,-2.6875,-6.0,ERNiFe-CI,301.28351284353397,,,,False
26,13,4,249.9784508702135,-2.6875,-4.0,ERNiFe-CI,350.46207269828614,,,,False
26,13,5,249.9784508702135,-2.6875,-2.0,ERNiFe-CI,420.0070574847716,,,,False
26,13,6,249.9784508702135,-2.6875,0.0,ERNiFe-CI,478.49365317058846,,,,False
26,13,7,249.9784508702135,-2.6875,2.0,ERNiFe-CI,420.0070574847716,,,,False
26,13,8,249.9784508702135,-2.6875,4.0,ERNiFe-CI,350.46207269828614,,,,False
26,13,9,249.9784508702135,-2.6875,6.0,ERNiFe-CI,301.28351284353397,,,,False
26,13,10,249.9784508702135,-2.6875,8.0,ERNiFe-CI,272.48830991315,,,,False
26,13,11,249.9784508702135,-2.6875,10.0,ERNiFe-CI,259.4920329427892,,,,False
26,13,12,249.9784508702135,-2.6875,12.0,ERNiFe-CI,256.0122845059743,,,,False
26,14,0,249.9784508702135,-0.125,-12.0,ERNiFe-CI,265.9744863366803,,,,False
26,14,1,249.9784508702135,-0.125,-10.0,ERNiFe-CI,271.8834827359383,,,,False
26,14,2,249.9784508702135,-0.125,-8.0,ERNiFe-CI,289.07724015069,,,,False
26,14,3,249.9784508702135,-0.125,-6.0,ERNiFe-CI,329.04535194297966,,,,False
26,14,4,249.9784508702135,-0.125,-4.0,ERNiFe-CI,410.6040570253746,,,,False
26,14,5,249.9784508702135,-0.125,-2.0,ERNiFe-CI,581.2049715751199,,,,False
26,14,6,249.9784508702135,-0.125,0.0,ERNiFe-CI,837.5256359361132,170.43102705896607,172.79373407220254,2.3627070132364736,True
26,14,7,249.9784508702135,-0.125,2.0,ERNiFe-CI,581.2049715751199,,,,False
26,14,8,249.9784508702135,-0.125,4.0,ERNiFe-CI,410.60405702537463,,,,False
26,14,9,249.9784508702135,-0.125,6.0,ERNiFe-CI,329.04535194297966,,,,False
26,14,10,249.9784508702135,-0.125,8.0,ERNiFe-CI,289.07724015068993,,,,False
26,14,11,249.9784508702135,-0.125,10.0,ERNiFe-CI,271.8834827359383,,,,False
26,14,12,249.9784508702135,-0.125,12.0,ERNiFe-CI,265.9744863366803,,,,False
26,15,0,249.9784508702135,2.4375,-12.0,ERNiFe-CI,273.28737291025595,,,,False
26,15,1,249.9784508702135,2.4375,-10.0,ERNiFe-CI,279.7564976969202,,,,False
26,15,2,249.9784508702135,2.4375,-8.0,ERNiFe-CI,296.4212911884528,,,,False
26,15,3,249.9784508702135,2.4375,-6.0,ERNiFe-CI,329.7087439641188,,,,False
26,15,4,249.9784508702135,2.4375,-4.0,ERNiFe-CI,384.23593809024936,,,,False
26,15,5,249.9784508702135,2.4375,-2.0,ERNiFe-CI,460.275337755656,,,,False
26,15,6,249.9784508702135,2.4375,0.0,ERNiFe-CI,525.5766979329679,,,,False
26,15,7,249.9784508702135,2.4375,2.0,ERNiFe-CI,460.275337755656,,,,False
26,15,8,249.9784508702135,2.4375,4.0,ERNiFe-CI,384.23593809024936,,,,False
26,15,9,249.9784508702135,2.4375,6.0,ERNiFe-CI,329.7087439641188,,,,False
26,15,10,249.9784508702135,2.4375,8.0,ERNiFe-CI,296.4212911884528,,,,False
26,15,11,249.9784508702135,2.4375,10.0,ERNiFe-CI,279.7564976969202,,,,False
26,15,12,249.9784508702135,2.4375,12.0,ERNiFe-CI,273.28737291025595,,,,False
26,16,0,249.9784508702135,5.0,-12.0,Q235B,277.0321055735246,,,,False
26,16,1,249.9784508702135,5.0,-10.0,Q235B,283.04333310328315,,,,False
26,16,2,249.9784508702135,5.0,-8.0,Q235B,298.1040370486482,,,,False
26,16,3,249.9784508702135,5.0,-6.0,Q235B,324.893109045911,,,,False
26,16,4,249.9784508702135,5.0,-4.0,Q235B,361.6661692751857,,,,False
26,16,5,249.9784508702135,5.0,-2.0,Q235B,399.90275308806406,,,,False
26,16,6,249.9784508702135,5.0,0.0,Q235B,420.1718645928205,,,,False
26,16,7,249.9784508702135,5.0,2.0,Q235B,399.90275308806406,,,,False
26,16,8,249.9784508702135,5.0,4.0,Q235B,361.6661692751857,,,,False
26,16,9,249.9784508702135,5.0,6.0,Q235B,324.893109045911,,,,False
26,16,10,249.9784508702135,5.0,8.0,Q235B,298.1040370486482,,,,False
26,16,11,249.9784508702135,5.0,10.0,Q235B,283.04333310328315,,,,False
26,16,12,249.9784508702135,5.0,12.0,Q235B,277.0321055735246,,,,False
27,0,0,259.593006672914,-36.0,-12.0,QT450-10,187.00244378158806,,,,False
27,0,1,259.593006672914,-36.0,-10.0,QT450-10,187.1276598366109,,,,False
27,0,2,259.593006672914,-36.0,-8.0,QT450-10,187.2799686020826,,,,False
27,0,3,259.593006672914,-36.0,-6.0,QT450-10,187.41882365355505,,,,False
27,0,4,259.593006672914,-36.0,-4.0,QT450-10,187.52603085333809,,,,False
27,0,5,259.593006672914,-36.0,-2.0,QT450-10,187.59296045008335,,,,False
27,0,6,259.593006672914,-36.0,0.0,QT450-10,187.61565538365969,,,,False
27,0,7,259.593006672914,-36.0,2.0,QT450-10,187.59296045008335,,,,False
27,0,8,259.593006672914,-36.0,4.0,QT450-10,187.52603085333809,,,,False
27,0,9,259.593006672914,-36.0,6.0,QT450-10,187.41882365355505,,,,False
27,0,10,259.593006672914,-36.0,8.0,QT450-10,187.2799686020826,,,,False
27,0,11,259.593006672914,-36.0,10.0,QT450-10,187.1276598366109,,,,False
27,0,12,259.593006672914,-36.0,12.0,QT450-10,187.00244378158806,,,,False
27,1,0,259.593006672914,-33.4375,-12.0,QT450-10,187.51842441405782,,,,False
27,1,1,259.593006672914,-33.4375,-10.0,QT450-10,187.80545830652176,,,,False
27,1,2,259.593006672914,-33.4375,-8.0,QT450-10,188.02522343648056,,,,False
27,1,3,259.593006672914,-33.4375,-6.0,QT450-10,188.19476191150167,,,,False
27,1,4,259.593006672914,-33.4375,-4.0,QT450-10,188.31676574530633,,,,False
27,1,5,259.593006672914,-33.4375,-2.0,QT450-10,188.39058465603915,,,,False
27,1,6,259.593006672914,-33.4375,0.0,QT450-10,188.4153093859023,,,,False
27,1,7,259.593006672914,-33.4375,2.0,QT450-10,188.39058465603915,,,,False
27,1,8,259.593006672914,-33.4375,4.0,QT450-10,188.31676574530633,,,,False
27,1,9,259.593006672914,-33.4375,6.0,QT450-10,188.19476191150167,,,,False
27,1,10,259.593006672914,-33.4375,8.0,QT450-10,188.02522343648056,,,,False
27,1,11,259.593006672914,-33.4375,10.0,QT450-10,187.80545830652176,,,,False
27,1,12,259.593006672914,-33.4375,12.0,QT450-10,187.51842441405782,,,,False
27,2,0,259.593006672914,-30.875,-12.0,QT450-10,188.3001339542205,,,,False
27,2,1,259.593006672914,-30.875,-10.0,QT450-10,188.63438143877406,,,,False
27,2,2,259.593006672914,-30.875,-8.0,QT450-10,188.89370262647407,,,,False
27,2,3,259.593006672914,-30.875,-6.0,QT450-10,189.08956571619268,,,,False
27,2,4,259.593006672914,-30.875,-4.0,QT450-10,189.22747785656279,,,,False
27,2,5,259.593006672914,-30.875,-2.0,QT450-10,189.30970567045725,,,,False
27,2,6,259.593006672914,-30.875,0.0,QT450-10,189.3370524825781,,,,False
27,2,7,259.593006672914,-30.875,2.0,QT450-10,189.30970567045725,,,,False
27,2,8,259.593006672914,-30.875,4.0,QT450-10,189.22747785656279,,,,False
27,2,9,259.593006672914,-30.875,6.0,QT450-10,189.08956571619268,,,,False
27,2,10,259.593006672914,-30.875,8.0,QT450-10,188.89370262647407,,,,False
27,2,11,259.593006672914,-30.875,10.0,QT450-10,188.63438143877406,,,,False
27,2,12,259.593006672914,-30.875,12.0,QT450-10,188.3001339542205,,,,False
27,3,0,259.593006672914,-28.3125,-12.0,QT450-10,189.30266064863486,,,,False
27,3,1,259.593006672914,-28.3125,-10.0,QT450-10,189.65526774981626,,,,False
27,3,2,259.593006672914,-28.3125,-8.0,QT450-10,189.93546247905337,,,,False
27,3,3,259.593006672914,-28.3125,-6.0,QT450-10,190.14872237738143,,,,False
27,3,4,259.593006672914,-28.3125,-4.0,QT450-10,190.29890382639564,,,,False
27,3,5,259.593006672914,-28.3125,-2.0,QT450-10,190.38827165131664,,,,False
27,3,6,259.593006672914,-28.3125,0.0,QT450-10,190.41794969251328,,,,False
27,3,7,259.593006672914,-28.3125,2.0,QT450-10,190.38827165131664,,,,False
27,3,8,259.593006672914,-28.3125,4.0,QT450-10,190.29890382639564,,,,False
27,3,9,259.593006672914,-28.3125,6.0,QT450-10,190.14872237738143,,,,False
27,3,10,259.593006672914,-28.3125,8.0,QT450-10,189.93546247905337,,,,False
27,3,11,259.593006672914,-28.3125,10.0,QT450-10,189.65526774981626,,,,False
27,3,12,259.593006672914,-28.3125,12.0,QT450-10,189.30266064863486,,,,False
27,4,0,259.593006672914,-25.75,-12.0,QT450-10,190.5540461545164,,,,False
27,4,1,259.593006672914,-25.75,-10.0,QT450-10,190.9166538414063,,,,False
27,4,2,259.593006672914,-25.75,-8.0,QT450-10,191.20900053657886,,,,False
27,4,3,259.593006672914,-25.75,-6.0,QT450-10,191.43353719335477,,,,False
27,4,4,259.593006672914,-25.75,-4.0,QT450-10,191.5924219340795,,,,False
27,4,5,259.593006672914,-25.75,-2.0,QT450-10,191.68717697691469,,,,False
27,4,6,259.593006672914,-25.75,0.0,QT450-10,191.718669335678,,,,False
27,4,7,259.593006672914,-25.75,2.0,QT450-10,191.68717697691469,,,,False
27,4,8,259.593006672914,-25.75,4.0,QT450-10,191.5924219340795,,,,False
27,4,9,259.593006672914,-25.75,6.0,QT450-10,191.43353719335477,,,,False
27,4,10,259.593006672914,-25.75,8.0,QT450-10,191.20900053657886,,,,False
27,4,11,259.593006672914,-25.75,10.0,QT450-10,190.9166538414063,,,,False
27,4,12,259.593006672914,-25.75,12.0,QT450-10,190.5540461545164,,,,False
27,5,0,259.593006672914,-23.1875,-12.0,QT450-10,192.1418658822798,,,,False
27,5,1,259.593006672914,-23.1875,-10.0,QT450-10,192.51217649976624,,,,False
27,5,2,259.593006672914,-23.1875,-8.0,QT450-10,192.8131725324947,,,,False
27,5,3,259.593006672914,-23.1875,-6.0,QT450-10,193.04585141628368,,,,False
27,5,4,259.593006672914,-23.1875,-4.0,QT450-10,193.21123629909812,,,,False
27,5,5,259.593006672914,-23.1875,-2.0,QT450-10,193.3101346513711,,,,False
27,5,6,259.593006672914,-23.1875,0.0,QT450-10,193.34304519043786,,,,False
27,5,7,259.593006672914,-23.1875,2.0,QT450-10,193.3101346513711,,,,False
27,5,8,259.593006672914,-23.1875,4.0,QT450-10,193.21123629909812,,,,False
27,5,9,259.593006672914,-23.1875,6.0,QT450-10,193.04585141628368,,,,False
27,5,10,259.593006672914,-23.1875,8.0,QT450-10,192.8131725324947,,,,False
27,5,11,259.593006672914,-23.1875,10.0,QT450-10,192.51217649976624,,,,False
27,5,12,259.593006672914,-23.1875,12.0,QT450-10,192.1418658822798,,,,False
27,6,0,259.593006672914,-20.625,-12.0,QT450-10,194.2526679692378,,,,False
27,6,1,259.593006672914,-20.625,-10.0,QT450-10,194.63100470663727,,,,False
27,6,2,259.593006672914,-20.625,-8.0,QT450-10,194.94007358709356,,,,False
27,6,3,259.593006672914,-20.625,-6.0,QT450-10,195.18006894031143,,,,False
27,6,4,259.593006672914,-20.625,-4.0,QT450-10,195.35125246976872,,,,False
27,6,5,259.593006672914,-20.625,-2.0,QT450-10,195.4538594562347,,,,False
27,6,6,259.593006672914,-20.625,0.0,QT450-10,195.48804411360686,,,,False
27,6,7,259.593006672914,-20.625,2.0,QT450-10,195.4538594562347,,,,False
27,6,8,259.593006672914,-20.625,4.0,QT450-10,195.35125246976872,,,,False
27,6,9,259.593006672914,-20.625,6.0,QT450-10,195.18006894031143,,,,False
27,6,10,259.593006672914,-20.625,8.0,QT450-10,194.94007358709356,,,,False
27,6,11,259.593006672914,-20.625,10.0,QT450-10,194.63100470663727,,,,False
27,6,12,259.593006672914,-20.625,12.0,QT450-10,194.2526679692378,,,,False
27,7,0,259.593006672914,-18.0625,-12.0,QT450-10,197.28981440241463,,,,False
27,7,1,259.593006672914,-18.0625,-10.0,QT450-10,197.67900262218555,,,,False
27,7,2,259.593006672914,-18.0625,-8.0,QT450-10,197.99848210884252,,,,False
27,7,3,259.593006672914,-18.0625,-6.0,QT450-10,198.2476905902642,,,,False
27,7,4,259.593006672914,-18.0625,-4.0,QT450-10,198.42611253307362,,,,False
27,7,5,259.593006672914,-18.0625,-2.0,QT450-10,198.53334519307822,,,,False
27,7,6,259.593006672914,-18.0625,0.0,QT450-10,198.56911913444324,,,,False
27,7,7,259.593006672914,-18.0625,2.0,QT450-10,198.53334519307822,,,,False
27,7,8,259.593006672914,-18.0625,4.0,QT450-10,198.42611253307362,,,,False
27,7,9,259.593006672914,-18.0625,6.0,QT450-10,198.2476905902642,,,,False
27,7,10,259.593006672914,-18.0625,8.0,QT450-10,197.99848210884252,,,,False
27,7,11,259.593006672914,-18.0625,10.0,QT450-10,197.67900262218555,,,,False
27,7,12,259.593006672914,-18.0625,12.0,QT450-10,197.28981440241463,,,,False
27,8,0,259.593006672914,-15.5,-12.0,QT450-10,202.03931953048422,,,,False
27,8,1,259.593006672914,-15.5,-10.0,QT450-10,202.45013311365358,,,,False
27,8,2,259.593006672914,-15.5,-8.0,QT450-10,202.7939318401297,,,,False
27,8,3,259.593006672914,-15.5,-6.0,QT450-10,203.06740786262569,,,,False
27,8,4,259.593006672914,-15.5,-4.0,QT450-10,203.2667176889637,,,,False
27,8,5,259.593006672914,-15.5,-2.0,QT450-10,203.38814565200335,,,,False
27,8,6,259.593006672914,-15.5,0.0,QT450-10,203.42895996101862,,,,False
27,8,7,259.593006672914,-15.5,2.0,QT450-10,203.38814565200335,,,,False
27,8,8,259.593006672914,-15.5,4.0,QT450-10,203.2667176889637,,,,False
27,8,9,259.593006672914,-15.5,6.0,QT450-10,203.06740786262569,,,,False
27,8,10,259.593006672914,-15.5,8.0,QT450-10,202.7939318401297,,,,False
27,8,11,259.593006672914,-15.5,10.0,QT450-10,202.45013311365358,,,,False
27,8,12,259.593006672914,-15.5,12.0,QT450-10,202.03931953048422,,,,False
27,9,0,259.593006672914,-12.9375,-12.0,QT450-10,209.26664963746583,,,,False
27,9,1,259.593006672914,-12.9375,-10.0,QT450-10,209.74926748213971,,,,False
27,9,2,259.593006672914,-12.9375,-8.0,QT450-10,210.20420831214423,,,,False
27,9,3,259.593006672914,-12.9375,-6.0,QT450-10,210.61660534993717,,,,False
27,9,4,259.593006672914,-12.9375,-4.0,QT450-10,210.96072354005815,,,,False
27,9,5,259.593006672914,-12.9375,-2.0,QT450-10,211.19717230585363,,,,False
27,9,6,259.593006672914,-12.9375,0.0,QT450-10,211.28266719194275,,,,False
27,9,7,259.593006672914,-12.9375,2.0,QT450-10,211.19717230585363,,,,False
27,9,8,259.593006672914,-12.9375,4.0,QT450-10,210.96072354005815,,,,False
27,9,9,259.593006672914,-12.9375,6.0,QT450-10,210.61660534993717,,,,False
27,9,10,259.593006672914,-12.9375,8.0,QT450-10,210.20420831214423,,,,False
27,9,11,259.593006672914,-12.9375,10.0,QT450-10,209.74926748213971,,,,False
27,9,12,259.593006672914,-12.9375,12.0,QT450-10,209.26664963746583,,,,False
27,10,0,259.593006672914,-10.375,-12.0,QT450-10,218.93615232434865,,,,False
27,10,1,259.593006672914,-10.375,-10.0,QT450-10,219.65334069052045,,,,False
27,10,2,259.593006672914,-10.375,-8.0,QT450-10,220.57517815923723,,,,False
27,10,3,259.593006672914,-10.375,-6.0,QT450-10,221.7660700241242,,,,False
27,10,4,259.593006672914,-10.375,-4.0,QT450-10,223.17688711203937,,,,False
27,10,5,259.593006672914,-10.375,-2.0,QT450-10,224.39334267323804,,,,False
27,10,6,259.593006672914,-10.375,0.0,QT450-10,224.87964428739244,,,,False
27,10,7,259.593006672914,-10.375,2.0,QT450-10,224.39334267323804,,,,False
27,10,8,259.593006672914,-10.375,4.0,QT450-10,223.17688711203937,,,,False
27,10,9,259.593006672914,-10.375,6.0,QT450-10,221.7660700241242,,,,False
27,10,10,259.593006672914,-10.375,8.0,QT450-10,220.57517815923723,,,,False
27,10,11,259.593006672914,-10.375,10.0,QT450-10,219.65334069052045,,,,False
27,10,12,259.593006672914,-10.375,12.0,QT450-10,218.93615232434865,,,,False
27,11,0,259.593006672914,-7.8125,-12.0,QT450-10,230.85345422403654,,,,False
27,11,1,259.593006672914,-7.8125,-10.0,QT450-10,232.10882590096998,,,,False
27,11,2,259.593006672914,-7.8125,-8.0,QT450-10,234.16774188763446,,,,False
27,11,3,259.593006672914,-7.8125,-6.0,QT450-10,237.7261468316773,,,,False
27,11,4,259.593006672914,-7.8125,-4.0,QT450-10,247.72885754182218,,,,False
27,11,5,259.593006672914,-7.8125,-2.0,QT450-10,257.49393367598213,,,,False
27,11,6,259.593006672914,-7.8125,0.0,QT450-10,261.86262600891445,,,,False
27,11,7,259.593006672914,-7.8125,2.0,QT450-10,257.49393367598213,,,,False
27,11,8,259.593006672914,-7.8125,4.0,QT450-10,247.72885754182215,,,,False
27,11,9,259.593006672914,-7.8125,6.0,QT450-10,237.7261468316773,,,,False
27,11,10,259.593006672914,-7.8125,8.0,QT450-10,234.16774188763446,,,,False
27,11,11,259.593006672914,-7.8125,10.0,QT450-10,232.10882590096998,,,,False
27,11,12,259.593006672914,-7.8125,12.0,QT450-10,230.85345422403654,,,,False
27,12,0,259.593006672914,-5.25,-12.0,QT450-10,243.4727687333027,,,,False
27,12,1,259.593006672914,-5.25,-10.0,QT450-10,245.55032913069743,,,,False
27,12,2,259.593006672914,-5.25,-8.0,QT450-10,250.80617355703276,,,,False
27,12,3,259.593006672914,-5.25,-6.0,QT450-10,266.57302943247686,,,,False
27,12,4,259.593006672914,-5.25,-4.0,QT450-10,290.3144752879307,,,,False
27,12,5,259.593006672914,-5.25,-2.0,QT450-10,316.3332265081231,,,,False
27,12,6,259.593006672914,-5.25,0.0,QT450-10,330.6756197097958,,,,False
27,12,7,259.593006672914,-5.25,2.0,QT450-10,316.3332265081231,,,,False
27,12,8,259.593006672914,-5.25,4.0,QT450-10,290.3144752879307,,,,False
27,12,9,259.593006672914,-5.25,6.0,QT450-10,266.57302943247686,,,,False
27,12,10,259.593006672914,-5.25,8.0,QT450-10,250.80617355703276,,,,False
27,12,11,259.593006672914,-5.25,10.0,QT450-10,245.55032913069743,,,,False
27,12,12,259.593006672914,-5.25,12.0,QT450-10,243.4727687333027,,,,False
27,13,0,259.593006672914,-2.6875,-12.0,ERNiFe-CI,255.24626486817422,,,,False
27,13,1,259.593006672914,-2.6875,-10.0,ERNiFe-CI,258.7136108175701,,,,False
27,13,2,259.593006672914,-2.6875,-8.0,ERNiFe-CI,271.7087989189554,,,,False
27,13,3,259.593006672914,-2.6875,-6.0,ERNiFe-CI,300.50096571765505,,,,False
27,13,4,259.593006672914,-2.6875,-4.0,ERNiFe-CI,349.68043153998786,,,,False
27,13,5,259.593006672914,-2.6875,-2.0,ERNiFe-CI,419.2261994116954,,,,False
27,13,6,259.593006672914,-2.6875,0.0,ERNiFe-CI,477.7121702498601,,,,False
27,13,7,259.593006672914,-2.6875,2.0,ERNiFe-CI,419.2261994116954,,,,False
27,13,8,259.593006672914,-2.6875,4.0,ERNiFe-CI,349.68043153998786,,,,False
27,13,9,259.593006672914,-2.6875,6.0,ERNiFe-CI,300.50096571765505,,,,False
27,13,10,259.593006672914,-2.6875,8.0,ERNiFe-CI,271.7087989189554,,,,False
27,13,11,259.593006672914,-2.6875,10.0,ERNiFe-CI,258.7136108175701,,,,False
27,13,12,259.593006672914,-2.6875,12.0,ERNiFe-CI,255.24626486817422,,,,False
27,14,0,259.593006672914,-0.125,-12.0,ERNiFe-CI,265.2062580030792,,,,False
27,14,1,259.593006672914,-0.125,-10.0,ERNiFe-CI,271.10677077400703,,,,False
27,14,2,259.593006672914,-0.125,-8.0,ERNiFe-CI,288.30065668680055,,,,False
27,14,3,259.593006672914,-0.125,-6.0,ERNiFe-CI,328.2651795135519,,,,False
27,14,4,259.593006672914,-0.125,-4.0,ERNiFe-CI,409.82809424048725,,,,False
27,14,5,259.593006672914,-0.125,-2.0,ERNiFe-CI,580.4361260877048,,,,False
27,14,6,259.593006672914,-0.125,0.0,ERNiFe-CI,836.7624478452258,176.83123493227492,179.1955992668287,2.364364334553784,True
27,14,7,259.593006672914,-0.125,2.0,ERNiFe-CI,580.4361260877048,,,,False
27,14,8,259.593006672914,-0.125,4.0,ERNiFe-CI,409.82809424048725,,,,False
27,14,9,259.593006672914,-0.125,6.0,ERNiFe-CI,328.2651795135519,,,,False
27,14,10,259.593006672914,-0.125,8.0,ERNiFe-CI,288.30065668680055,,,,False
27,14,11,259.593006672914,-0.125,10.0,ERNiFe-CI,271.10677077400703,,,,False
27,14,12,259.593006672914,-0.125,12.0,ERNiFe-CI,265.2062580030792,,,,False
27,15,0,259.593006672914,2.4375,-12.0,ERNiFe-CI,272.51802782768334,,,,False
27,15,1,259.593006672914,2.4375,-10.0,ERNiFe-CI,278.98280270224336,,,,False
27,15,2,259.593006672914,2.4375,-8.0,ERNiFe-CI,295.6499548048038,,,,False
27,15,3,259.593006672914,2.4375,-6.0,ERNiFe-CI,328.93607846316127,,,,False
27,15,4,259.593006672914,2.4375,-4.0,ERNiFe-CI,383.4641132702017,,,,False
27,15,5,259.593006672914,2.4375,-2.0,ERNiFe-CI,459.5089690203634,,,,False
27,15,6,259.593006672914,2.4375,0.0,ERNiFe-CI,524.8112842479321,,,,False
27,15,7,259.593006672914,2.4375,2.0,ERNiFe-CI,459.5089690203634,,,,False
27,15,8,259.593006672914,2.4375,4.0,ERNiFe-CI,383.4641132702017,,,,False
27,15,9,259.593006672914,2.4375,6.0,ERNiFe-CI,328.93607846316127,,,,False
27,15,10,259.593006672914,2.4375,8.0,ERNiFe-CI,295.6499548048038,,,,False
27,15,11,259.593006672914,2.4375,10.0,ERNiFe-CI,278.98280270224336,,,,False
27,15,12,259.593006672914,2.4375,12.0,ERNiFe-CI,272.51802782768334,,,,False
27,16,0,259.593006672914,5.0,-12.0,Q235B,276.26388232776736,,,,False
27,16,1,259.593006672914,5.0,-10.0,Q235B,282.2738180867057,,,,False
27,16,2,259.593006672914,5.0,-8.0,Q235B,297.33776212575316,,,,False
27,16,3,259.593006672914,5.0,-6.0,Q235B,324.1286996378489,,,,False
27,16,4,259.593006672914,5.0,-4.0,Q235B,360.9038633328092,,,,False
27,16,5,259.593006672914,5.0,-2.0,Q235B,399.1464443442606,,,,False
27,16,6,259.593006672914,5.0,0.0,Q235B,419.4147165376118,,,,False
27,16,7,259.593006672914,5.0,2.0,Q235B,399.1464443442606,,,,False
27,16,8,259.593006672914,5.0,4.0,Q235B,360.9038633328092,,,,False
27,16,9,259.593006672914,5.0,6.0,Q235B,324.1286996378489,,,,False
27,16,10,259.593006672914,5.0,8.0,Q235B,297.33776212575316,,,,False
27,16,11,259.593006672914,5.0,10.0,Q235B,282.2738180867057,,,,False
27,16,12,259.593006672914,5.0,12.0,Q235B,276.26388232776736,,,,False
28,0,0,269.2075624756145,-36.0,-12.0,QT450-10,186.37033254257216,,,,False
28,0,1,269.2075624756145,-36.0,-10.0,QT450-10,186.49490513627205,,,,False
28,0,2,269.2075624756145,-36.0,-8.0,QT450-10,186.6464309263543,,,,False
28,0,3,269.2075624756145,-36.0,-6.0,QT450-10,186.7845719227604,,,,False
28,0,4,269.2075624756145,-36.0,-4.0,QT450-10,186.89122774192,,,,False
28,0,5,269.2075624756145,-36.0,-2.0,QT450-10,186.95781328031072,,,,False
28,0,6,269.2075624756145,-36.0,0.0,QT450-10,186.9803915380334,,,,False
28,0,7,269.2075624756145,-36.0,2.0,QT450-10,186.95781328031072,,,,False
28,0,8,269.2075624756145,-36.0,4.0,QT450-10,186.89122774192,,,,False
28,0,9,269.2075624756145,-36.0,6.0,QT450-10,186.7845719227604,,,,False
28,0,10,269.2075624756145,-36.0,8.0,QT450-10,186.6464309263543,,,,False
28,0,11,269.2075624756145,-36.0,10.0,QT450-10,186.49490513627205,,,,False
28,0,12,269.2075624756145,-36.0,12.0,QT450-10,186.37033254257216,,,,False
28,1,0,269.2075624756145,-33.4375,-12.0,QT450-10,186.88323026460324,,,,False
28,1,1,269.2075624756145,-33.4375,-10.0,QT450-10,187.16878735924936,,,,False
28,1,2,269.2075624756145,-33.4375,-8.0,QT450-10,187.38741995192387,,,,False
28,1,3,269.2075624756145,-33.4375,-6.0,QT450-10,187.55608383907074,,,,False
28,1,4,269.2075624756145,-33.4375,-4.0,QT450-10,187.67745790628183,,,,False
28,1,5,269.2075624756145,-33.4375,-2.0,QT450-10,187.75089563438885,,,,False
28,1,6,269.2075624756145,-33.4375,0.0,QT450-10,187.7754926698977,,,,False
28,1,7,269.2075624756145,-33.4375,2.0,QT450-10,187.75089563438885,,,,False
28,1,8,269.2075624756145,-33.4375,4.0,QT450-10,187.67745790628183,,,,False
28,1,9,269.2075624756145,-33.4375,6.0,QT450-10,187.55608383907074,,,,False
28,1,10,269.2075624756145,-33.4375,8.0,QT450-10,187.38741995192387,,,,False
28,1,11,269.2075624756145,-33.4375,10.0,QT450-10,187.16878735924936,,,,False
28,1,12,269.2075624756145,-33.4375,12.0,QT450-10,186.88323026460324,,,,False
28,2,0,269.2075624756145,-30.875,-12.0,QT450-10,187.66003067891808,,,,False
28,2,1,269.2075624756145,-30.875,-10.0,QT450-10,187.9925514347621,,,,False
28,2,2,269.2075624756145,-30.875,-8.0,QT450-10,188.25053084663068,,,,False
28,2,3,269.2075624756145,-30.875,-6.0,QT450-10,188.44537927872983,,,,False
28,2,4,269.2075624756145,-30.875,-4.0,QT450-10,188.5825763698334,,,,False
28,2,5,269.2075624756145,-30.875,-2.0,QT450-10,188.664377622192,,,,False
28,2,6,269.2075624756145,-30.875,0.0,QT450-10,188.6915825351347,,,,False
28,2,7,269.2075624756145,-30.875,2.0,QT450-10,188.664377622192,,,,False
28,2,8,269.2075624756145,-30.875,4.0,QT450-10,188.5825763698334,,,,False
28,2,9,269.2075624756145,-30.875,6.0,QT450-10,188.44537927872983,,,,False
28,2,10,269.2075624756145,-30.875,8.0,QT450-10,188.25053084663068,,,,False
28,2,11,269.2075624756145,-30.875,10.0,QT450-10,187.9925514347621,,,,False
28,2,12,269.2075624756145,-30.875,12.0,QT450-10,187.66003067891808,,,,False
28,3,0,269.2075624756145,-28.3125,-12.0,QT450-10,188.65601043929016,,,,False
28,3,1,269.2075624756145,-28.3125,-10.0,QT450-10,189.0067856271686,,,,False
28,3,2,269.2075624756145,-28.3125,-8.0,QT450-10,189.2855221840587,,,,False
28,3,3,269.2075624756145,-28.3125,-6.0,QT450-10,189.49767083598653,,,,False
28,3,4,269.2075624756145,-28.3125,-4.0,QT450-10,189.64706898674132,,,,False
28,3,5,269.2075624756145,-28.3125,-2.0,QT450-10,189.73597040567762,,,,False
28,3,6,269.2075624756145,-28.3125,0.0,QT450-10,189.76549351052626,,,,False
28,3,7,269.2075624756145,-28.3125,2.0,QT450-10,189.73597040567762,,,,False
28,3,8,269.2075624756145,-28.3125,4.0,QT450-10,189.64706898674132,,,,False
28,3,9,269.2075624756145,-28.3125,6.0,QT450-10,189.49767083598653,,,,False
28,3,10,269.2075624756145,-28.3125,8.0,QT450-10,189.2855221840587,,,,False
28,3,11,269.2075624756145,-28.3125,10.0,QT450-10,189.0067856271686,,,,False
28,3,12,269.2075624756145,-28.3125,12.0,QT450-10,188.65601043929016,,,,False
28,4,0,269.2075624756145,-25.75,-12.0,QT450-10,189.89899706734326,,,,False
28,4,1,269.2075624756145,-25.75,-10.0,QT450-10,190.25970550924916,,,,False
28,4,2,269.2075624756145,-25.75,-8.0,QT450-10,190.5505186851616,,,,False
28,4,3,269.2075624756145,-25.75,-6.0,QT450-10,190.77387597050827,,,,False
28,4,4,269.2075624756145,-25.75,-4.0,QT450-10,190.93192529791997,,,,False
28,4,5,269.2075624756145,-25.75,-2.0,QT450-10,191.02618175941507,,,,False
28,4,6,269.2075624756145,-25.75,0.0,QT450-10,191.0575083508719,,,,False
28,4,7,269.2075624756145,-25.75,2.0,QT450-10,191.02618175941507,,,,False
28,4,8,269.2075624756145,-25.75,4.0,QT450-10,190.93192529791997,,,,False
28,4,9,269.2075624756145,-25.75,6.0,QT450-10,190.77387597050827,,,,False
28,4,10,269.2075624756145,-25.75,8.0,QT450-10,190.5505186851616,,,,False
28,4,11,269.2075624756145,-25.75,10.0,QT450-10,190.25970550924916,,,,False
28,4,12,269.2075624756145,-25.75,12.0,QT450-10,189.89899706734326,,,,False
28,5,0,269.2075624756145,-23.1875,-12.0,QT450-10,191.47603314545682,,,,False
28,5,1,269.2075624756145,-23.1875,-10.0,QT450-10,191.84438450887833,,,,False
28,5,2,269.2075624756145,-23.1875,-8.0,QT450-10,192.14378559638692,,,,False
28,5,3,269.2075624756145,-23.1875,-6.0,QT450-10,192.37522974770897,,,,False
28,5,4,269.2075624756145,-23.1875,-4.0,QT450-10,192.53973528089557,,,,False
28,5,5,269.2075624756145,-23.1875,-2.0,QT450-10,192.63810732490924,,,,False
28,5,6,269.2075624756145,-23.1875,0.0,QT450-10,192.67084264427072,,,,False
28,5,7,269.2075624756145,-23.1875,2.0,QT450-10,192.63810732490924,,,,False
28,5,8,269.2075624756145,-23.1875,4.0,QT450-10,192.53973528089557,,,,False
28,5,9,269.2075624756145,-23.1875,6.0,QT450-10,192.37522974770897,,,,False
28,5,10,269.2075624756145,-23.1875,8.0,QT450-10,192.14378559638692,,,,False
28,5,11,269.2075624756145,-23.1875,10.0,QT450-10,191.84438450887833,,,,False
28,5,12,269.2075624756145,-23.1875,12.0,QT450-10,191.47603314545682,,,,False
28,6,0,269.2075624756145,-20.625,-12.0,QT450-10,193.57271645379845,,,,False
28,6,1,269.2075624756145,-20.625,-10.0,QT450-10,193.94902332818185,,,,False
28,6,2,269.2075624756145,-20.625,-8.0,QT450-10,194.2564295507111,,,,False
28,6,3,269.2075624756145,-20.625,-6.0,QT450-10,194.49513082852332,,,,False
28,6,4,269.2075624756145,-20.625,-4.0,QT450-10,194.66538965850262,,,,False
28,6,5,269.2075624756145,-20.625,-2.0,QT450-10,194.76744101797456,,,,False
28,6,6,269.2075624756145,-20.625,0.0,QT450-10,194.80144025799777,,,,False
28,6,7,269.2075624756145,-20.625,2.0,QT450-10,194.76744101797456,,,,False
28,6,8,269.2075624756145,-20.625,4.0,QT450-10,194.66538965850262,,,,False
28,6,9,269.2075624756145,-20.625,6.0,QT450-10,194.49513082852332,,,,False
28,6,10,269.2075624756145,-20.625,8.0,QT450-10,194.2564295507111,,,,False
28,6,11,269.2075624756145,-20.625,10.0,QT450-10,193.94902332818185,,,,False
28,6,12,269.2075624756145,-20.625,12.0,QT450-10,193.57271645379845,,,,False
28,7,0,269.2075624756145,-18.0625,-12.0,QT450-10,196.5913401453192,,,,False
28,7,1,269.2075624756145,-18.0625,-10.0,QT450-10,196.97839078135726,,,,False
28,7,2,269.2075624756145,-18.0625,-8.0,QT450-10,197.2961032402461,,,,False
28,7,3,269.2075624756145,-18.0625,-6.0,QT450-10,197.54392471967532,,,,False
28,7,4,269.2075624756145,-18.0625,-4.0,QT450-10,197.72134791000462,,,,False
28,7,5,269.2075624756145,-18.0625,-2.0,QT450-10,197.8279761370343,,,,False
28,7,6,269.2075624756145,-18.0625,0.0,QT450-10,197.86354872834607,,,,False
28,7,7,269.2075624756145,-18.0625,2.0,QT450-10,197.8279761370343,,,,False
28,7,8,269.2075624756145,-18.0625,4.0,QT450-10,197.72134791000462,,,,False
28,7,9,269.2075624756145,-18.0625,6.0,QT450-10,197.54392471967532,,,,False
28,7,10,269.2075624756145,-18.0625,8.0,QT450-10,197.2961032402461,,,,False
28,7,11,269.2075624756145,-18.0625,10.0,QT450-10,196.97839078135726,,,,False
28,7,12,269.2075624756145,-18.0625,12.0,QT450-10,196.5913401453192,,,,False
28,8,0,269.2075624756145,-15.5,-12.0,QT450-10,201.31991739771638,,,,False
28,8,1,269.2075624756145,-15.5,-10.0,QT450-10,201.7283670214039,,,,False
28,8,2,269.2075624756145,-15.5,-8.0,QT450-10,202.07011768112758,,,,False
28,8,3,269.2075624756145,-15.5,-6.0,QT450-10,202.34190378392702,,,,False
28,8,4,269.2075624756145,-15.5,-4.0,QT450-10,202.5399376530914,,,,False
28,8,5,269.2075624756145,-15.5,-2.0,QT450-10,202.6605665139484,,,,False
28,8,6,269.2075624756145,-15.5,0.0,QT450-10,202.701107426201,,,,False
28,8,7,269.2075624756145,-15.5,2.0,QT450-10,202.6605665139484,,,,False
28,8,8,269.2075624756145,-15.5,4.0,QT450-10,202.5399376530914,,,,False
28,8,9,269.2075624756145,-15.5,6.0,QT450-10,202.34190378392702,,,,False
28,8,10,269.2075624756145,-15.5,8.0,QT450-10,202.07011768112758,,,,False
28,8,11,269.2075624756145,-15.5,10.0,QT450-10,201.7283670214039,,,,False
28,8,12,269.2075624756145,-15.5,12.0,QT450-10,201.31991739771638,,,,False
28,9,0,269.2075624756145,-12.9375,-12.0,QT450-10,208.52984719844238,,,,False
28,9,1,269.2075624756145,-12.9375,-10.0,QT450-10,209.00963040972974,,,,False
28,9,2,269.2075624756145,-12.9375,-8.0,QT450-10,209.4617484731421,,,,False
28,9,3,269.2075624756145,-12.9375,-6.0,QT450-10,209.87142063261325,,,,False
28,9,4,269.2075624756145,-12.9375,-4.0,QT450-10,210.21311672665925,,,,False
28,9,5,269.2075624756145,-12.9375,-2.0,QT450-10,210.44782403960247,,,,False
28,9,6,269.2075624756145,-12.9375,0.0,QT450-10,210.53267458312973,,,,False
28,9,7,269.2075624756145,-12.9375,2.0,QT450-10,210.44782403960247,,,,False
28,9,8,269.2075624756145,-12.9375,4.0,QT450-10,210.21311672665925,,,,False
28,9,9,269.2075624756145,-12.9375,6.0,QT450-10,209.87142063261325,,,,False
28,9,10,269.2075624756145,-12.9375,8.0,QT450-10,209.4617484731421,,,,False
28,9,11,269.2075624756145,-12.9375,10.0,QT450-10,209.00963040972974,,,,False
28,9,12,269.2075624756145,-12.9375,12.0,QT450-10,208.52984719844238,,,,False
28,10,0,269.2075624756145,-10.375,-12.0,QT450-10,218.18844338928602,,,,False
28,10,1,269.2075624756145,-10.375,-10.0,QT450-10,218.90198147764227,,,,False
28,10,2,269.2075624756145,-10.375,-8.0,QT450-10,219.81956202877663,,,,False
28,10,3,269.2075624756145,-10.375,-6.0,QT450-10,221.0060365750308,,,,False
28,10,4,269.2075624756145,-10.375,-4.0,QT450-10,222.41345982808352,,,,False
28,10,5,269.2075624756145,-10.375,-2.0,QT450-10,223.62782477220705,,,,False
28,10,6,269.2075624756145,-10.375,0.0,QT450-10,224.113339893541,,,,False
28,10,7,269.2075624756145,-10.375,2.0,QT450-10,223.62782477220705,,,,False
28,10,8,269.2075624756145,-10.375,4.0,QT450-10,222.41345982808352,,,,False
28,10,9,269.2075624756145,-10.375,6.0,QT450-10,221.0060365750308,,,,False
28,10,10,269.2075624756145,-10.375,8.0,QT450-10,219.81956202877663,,,,False
28,10,11,269.2075624756145,-10.375,10.0,QT450-10,218.90198147764227,,,,False
28,10,12,269.2075624756145,-10.375,12.0,QT450-10,218.18844338928602,,,,False
28,11,0,269.2075624756145,-7.8125,-12.0,QT450-10,230.10151215829418,,,,False
28,11,1,269.2075624756145,-7.8125,-10.0,QT450-10,231.35309881799694,,,,False
28,11,2,269.2075624756145,-7.8125,-8.0,QT450-10,233.40771389972699,,,,False
28,11,3,269.2075624756145,-7.8125,-6.0,QT450-10,236.95437066819386,,,,False
28,11,4,269.2075624756145,-7.8125,-4.0,QT450-10,246.9584850062364,,,,False
28,11,5,269.2075624756145,-7.8125,-2.0,QT450-10,256.7235854449558,,,,False
28,11,6,269.2075624756145,-7.8125,0.0,QT450-10,261.0918377818342,,,,False
28,11,7,269.2075624756145,-7.8125,2.0,QT450-10,256.7235854449558,,,,False
28,11,8,269.2075624756145,-7.8125,4.0,QT450-10,246.95848500623637,,,,False
28,11,9,269.2075624756145,-7.8125,6.0,QT450-10,236.95437066819383,,,,False
28,11,10,269.2075624756145,-7.8125,8.0,QT450-10,233.40771389972699,,,,False
28,11,11,269.2075624756145,-7.8125,10.0,QT450-10,231.35309881799694,,,,False
28,11,12,269.2075624756145,-7.8125,12.0,QT450-10,230.10151215829418,,,,False
28,12,0,269.2075624756145,-5.25,-12.0,QT450-10,242.71999668875267,,,,False
28,12,1,269.2075624756145,-5.25,-10.0,QT450-10,244.79286804746818,,,,False
28,12,2,269.2075624756145,-5.25,-8.0,QT450-10,250.03733676507147,,,,False
28,12,3,269.2075624756145,-5.25,-6.0,QT450-10,265.8052157080635,,,,False
28,12,4,269.2075624756145,-5.25,-4.0,QT450-10,289.545857439516,,,,False
28,12,5,269.2075624756145,-5.25,-2.0,QT450-10,315.56532497740216,,,,False
28,12,6,269.2075624756145,-5.25,0.0,QT450-10,329.9086967897829,,,,False
28,12,7,269.2075624756145,-5.25,2.0,QT450-10,315.5653249774022,,,,False
28,12,8,269.2075624756145,-5.25,4.0,QT450-10,289.545857439516,,,,False
28,12,9,269.2075624756145,-5.25,6.0,QT450-10,265.8052157080635,,,,False
28,12,10,269.2075624756145,-5.25,8.0,QT450-10,250.03733676507147,,,,False
28,12,11,269.2075624756145,-5.25,10.0,QT450-10,244.79286804746818,,,,False
28,12,12,269.2075624756145,-5.25,12.0,QT450-10,242.71999668875267,,,,False
28,13,0,269.2075624756145,-2.6875,-12.0,ERNiFe-CI,254.49334991651853,,,,False
28,13,1,269.2075624756145,-2.6875,-10.0,ERNiFe-CI,257.94953695456206,,,,False
28,13,2,269.2075624756145,-2.6875,-8.0,ERNiFe-CI,270.94460586220447,,,,False
28,13,3,269.2075624756145,-2.6875,-6.0,ERNiFe-CI,299.73414622555833,,,,False
28,13,4,269.2075624756145,-2.6875,-4.0,ERNiFe-CI,348.9145447679353,,,,False
28,13,5,269.2075624756145,-2.6875,-2.0,ERNiFe-CI,418.4609221227835,,,,False
28,13,6,269.2075624756145,-2.6875,0.0,ERNiFe-CI,476.9544698112872,,,,False
28,13,7,269.2075624756145,-2.6875,2.0,ERNiFe-CI,418.4609221227835,,,,False
28,13,8,269.2075624756145,-2.6875,4.0,ERNiFe-CI,348.91454476793535,,,,False
28,13,9,269.2075624756145,-2.6875,6.0,ERNiFe-CI,299.7341462255583,,,,False
28,13,10,269.2075624756145,-2.6875,8.0,ERNiFe-CI,270.94460586220447,,,,False
28,13,11,269.2075624756145,-2.6875,10.0,ERNiFe-CI,257.94953695456206,,,,False
28,13,12,269.2075624756145,-2.6875,12.0,ERNiFe-CI,254.49334991651853,,,,False
28,14,0,269.2075624756145,-0.125,-12.0,ERNiFe-CI,264.4518086425302,,,,False
28,14,1,269.2075624756145,-0.125,-10.0,ERNiFe-CI,270.34500473984815,,,,False
28,14,2,269.2075624756145,-0.125,-8.0,ERNiFe-CI,287.53994632476974,,,,False
28,14,3,269.2075624756145,-0.125,-6.0,ERNiFe-CI,327.5029398156427,,,,False
28,14,4,269.2075624756145,-0.125,-4.0,ERNiFe-CI,409.06833373008675,,,,False
28,14,5,269.2075624756145,-0.125,-2.0,ERNiFe-CI,579.6828207230756,,,,False
28,14,6,269.2075624756145,-0.125,0.0,ERNiFe-CI,836.0138078727741,183.2315695121335,185.59766080600832,2.366091293874831,True
28,14,7,269.2075624756145,-0.125,2.0,ERNiFe-CI,579.6828207230756,,,,False
28,14,8,269.2075624756145,-0.125,4.0,ERNiFe-CI,409.06833373008675,,,,False
28,14,9,269.2075624756145,-0.125,6.0,ERNiFe-CI,327.50293981564266,,,,False
28,14,10,269.2075624756145,-0.125,8.0,ERNiFe-CI,287.53994632476974,,,,False
28,14,11,269.2075624756145,-0.125,10.0,ERNiFe-CI,270.34500473984815,,,,False
28,14,12,269.2075624756145,-0.125,12.0,ERNiFe-CI,264.4518086425302,,,,False
28,15,0,269.2075624756145,2.4375,-12.0,ERNiFe-CI,271.76316312451854,,,,False
28,15,1,269.2075624756145,2.4375,-10.0,ERNiFe-CI,278.22428980873116,,,,False
28,15,2,269.2075624756145,2.4375,-8.0,ERNiFe-CI,294.8947680247346,,,,False
28,15,3,269.2075624756145,2.4375,-6.0,ERNiFe-CI,328.18079458247604,,,,False
28,15,4,269.2075624756145,2.4375,-4.0,ERNiFe-CI,382.7101736944365,,,,False
28,15,5,269.2075624756145,2.4375,-2.0,ERNiFe-CI,458.7589456869491,,,,False
28,15,6,269.2075624756145,2.4375,0.0,ERNiFe-CI,524.0619901100304,,,,False
28,15,7,269.2075624756145,2.4375,2.0,ERNiFe-CI,458.7589456869491,,,,False
28,15,8,269.2075624756145,2.4375,4.0,ERNiFe-CI,382.7101736944365,,,,False
28,15,9,269.2075624756145,2.4375,6.0,ERNiFe-CI,328.180794582476,,,,False
28,15,10,269.2075624756145,2.4375,8.0,ERNiFe-CI,294.8947680247346,,,,False
28,15,11,269.2075624756145,2.4375,10.0,ERNiFe-CI,278.22428980873116,,,,False
28,15,12,269.2075624756145,2.4375,12.0,ERNiFe-CI,271.76316312451854,,,,False
28,16,0,269.2075624756145,5.0,-12.0,Q235B,275.51031678306447,,,,False
28,16,1,269.2075624756145,5.0,-10.0,Q235B,281.51945608767136,,,,False
28,16,2,269.2075624756145,5.0,-8.0,Q235B,296.58754422348704,,,,False
28,16,3,269.2075624756145,5.0,-6.0,Q235B,323.38054351454804,,,,False
28,16,4,269.2075624756145,5.0,-4.0,Q235B,360.16162622466953,,,,False
28,16,5,269.2075624756145,5.0,-2.0,Q235B,398.40661517343705,,,,False
28,16,6,269.2075624756145,5.0,0.0,Q235B,418.6779192068153,,,,False
28,16,7,269.2075624756145,5.0,2.0,Q235B,398.406615173437,,,,False
28,16,8,269.2075624756145,5.0,4.0,Q235B,360.1616262246695,,,,False
28,16,9,269.2075624756145,5.0,6.0,Q235B,323.380543514548,,,,False
28,16,10,269.2075624756145,5.0,8.0,Q235B,296.587544223487,,,,False
28,16,11,269.2075624756145,5.0,10.0,Q235B,281.51945608767136,,,,False
28,16,12,269.2075624756145,5.0,12.0,Q235B,275.51031678306447,,,,False
29,0,0,278.82211827831503,-36.0,-12.0,QT450-10,185.76381324927505,,,,False
29,0,1,278.82211827831503,-36.0,-10.0,QT450-10,185.88776988602112,,,,False
29,0,2,278.82211827831503,-36.0,-8.0,QT450-10,186.0385461518124,,,,False
29,0,3,278.82211827831503,-36.0,-6.0,QT450-10,186.17600358684922,,,,False
29,0,4,278.82211827831503,-36.0,-4.0,QT450-10,186.28213141007342,,,,False
29,0,5,278.82211827831503,-36.0,-2.0,QT450-10,186.3483870172278,,,,False
29,0,6,278.82211827831503,-36.0,0.0,QT450-10,186.37085338669706,,,,False
29,0,7,278.82211827831503,-36.0,2.0,QT450-10,186.3483870172278,,,,False
29,0,8,278.82211827831503,-36.0,4.0,QT450-10,186.28213141007342,,,,False
29,0,9,278.82211827831503,-36.0,6.0,QT450-10,186.17600358684922,,,,False
29,0,10,278.82211827831503,-36.0,8.0,QT450-10,186.0385461518124,,,,False
29,0,11,278.82211827831503,-36.0,10.0,QT450-10,185.88776988602112,,,,False
29,0,12,278.82211827831503,-36.0,12.0,QT450-10,185.76381324927505,,,,False
29,1,0,278.82211827831503,-33.4375,-12.0,QT450-10,186.2735549995755,,,,False
29,1,1,278.82211827831503,-33.4375,-10.0,QT450-10,186.5576980952739,,,,False
29,1,2,278.82211827831503,-33.4375,-8.0,QT450-10,186.77524624828024,,,,False
29,1,3,278.82211827831503,-33.4375,-6.0,QT450-10,186.94307265923086,,,,False
29,1,4,278.82211827831503,-33.4375,-4.0,QT450-10,187.06384366904354,,,,False
29,1,5,278.82211827831503,-33.4375,-2.0,QT450-10,187.13691637604097,,,,False
29,1,6,278.82211827831503,-33.4375,0.0,QT450-10,187.16139113046077,,,,False
29,1,7,278.82211827831503,-33.4375,2.0,QT450-10,187.13691637604097,,,,False
29,1,8,278.82211827831503,-33.4375,4.0,QT450-10,187.06384366904354,,,,False
29,1,9,278.82211827831503,-33.4375,6.0,QT450-10,186.94307265923086,,,,False
29,1,10,278.82211827831503,-33.4375,8.0,QT450-10,186.77524624828024,,,,False
29,1,11,278.82211827831503,-33.4375,10.0,QT450-10,186.5576980952739,,,,False
29,1,12,278.82211827831503,-33.4375,12.0,QT450-10,186.2735549995755,,,,False
29,2,0,278.82211827831503,-30.875,-12.0,QT450-10,187.04524030787795,,,,False
29,2,1,278.82211827831503,-30.875,-10.0,QT450-10,187.3761067404671,,,,False
29,2,2,278.82211827831503,-30.875,-8.0,QT450-10,187.63280057694848,,,,False
29,2,3,278.82211827831503,-30.875,-6.0,QT450-10,187.82667681539007,,,,False
29,2,4,278.82211827831503,-30.875,-4.0,QT450-10,187.96318876602717,,,,False
29,2,5,278.82211827831503,-30.875,-2.0,QT450-10,188.0445812930821,,,,False
29,2,6,278.82211827831503,-30.875,0.0,QT450-10,188.07165023931952,,,,False
29,2,7,278.82211827831503,-30.875,2.0,QT450-10,188.0445812930821,,,,False
29,2,8,278.82211827831503,-30.875,4.0,QT450-10,187.96318876602717,,,,False
29,2,9,278.82211827831503,-30.875,6.0,QT450-10,187.82667681539007,,,,False
29,2,10,278.82211827831503,-30.875,8.0,QT450-10,187.63280057694848,,,,False
29,2,11,278.82211827831503,-30.875,10.0,QT450-10,187.3761067404671,,,,False
29,2,12,278.82211827831503,-30.875,12.0,QT450-10,187.04524030787795,,,,False
29,3,0,278.82211827831503,-28.3125,-12.0,QT450-10,188.03429272873782,,,,False
29,3,1,278.82211827831503,-28.3125,-10.0,QT450-10,188.38331021505755,,,,False
29,3,2,278.82211827831503,-28.3125,-8.0,QT450-10,188.66064760692947,,,,False
29,3,3,278.82211827831503,-28.3125,-6.0,QT450-10,188.87172999780836,,,,False
29,3,4,278.82211827831503,-28.3125,-4.0,QT450-10,189.0203768903627,,,,False
29,3,5,278.82211827831503,-28.3125,-2.0,QT450-10,189.1088309763767,,,,False
29,3,6,278.82211827831503,-28.3125,0.0,QT450-10,189.13820548007254,,,,False
29,3,7,278.82211827831503,-28.3125,2.0,QT450-10,189.1088309763767,,,,False
29,3,8,278.82211827831503,-28.3125,4.0,QT450-10,189.0203768903627,,,,False
29,3,9,278.82211827831503,-28.3125,6.0,QT450-10,188.87172999780836,,,,False
29,3,10,278.82211827831503,-28.3125,8.0,QT450-10,188.66064760692947,,,,False
29,3,11,278.82211827831503,-28.3125,10.0,QT450-10,188.38331021505755,,,,False
29,3,12,278.82211827831503,-28.3125,12.0,QT450-10,188.03429272873782,,,,False
29,4,0,278.82211827831503,-25.75,-12.0,QT450-10,189.26828607497825,,,,False
29,4,1,278.82211827831503,-25.75,-10.0,QT450-10,189.6271705770825,,,,False
29,4,2,278.82211827831503,-25.75,-8.0,QT450-10,189.9165110274372,,,,False
29,4,3,278.82211827831503,-25.75,-6.0,QT450-10,190.1387356953863,,,,False
29,4,4,278.82211827831503,-25.75,-4.0,QT450-10,190.29598273180167,,,,False
29,4,5,278.82211827831503,-25.75,-2.0,QT450-10,190.38976038270695,,,,False
29,4,6,278.82211827831503,-25.75,0.0,QT450-10,190.42092778090307,,,,False
29,4,7,278.82211827831503,-25.75,2.0,QT450-10,190.38976038270695,,,,False
29,4,8,278.82211827831503,-25.75,4.0,QT450-10,190.29598273180167,,,,False
29,4,9,278.82211827831503,-25.75,6.0,QT450-10,190.1387356953863,,,,False
29,4,10,278.82211827831503,-25.75,8.0,QT450-10,189.9165110274372,,,,False
29,4,11,278.82211827831503,-25.75,10.0,QT450-10,189.6271705770825,,,,False
29,4,12,278.82211827831503,-25.75,12.0,QT450-10,189.26828607497825,,,,False
29,5,0,278.82211827831503,-23.1875,-12.0,QT450-10,190.83366622987367,,,,False
29,5,1,278.82211827831503,-23.1875,-10.0,QT450-10,191.20013188417352,,,,False
29,5,2,278.82211827831503,-23.1875,-8.0,QT450-10,191.49799748061204,,,,False
29,5,3,278.82211827831503,-23.1875,-6.0,QT450-10,191.72825273881605,,,,False
29,5,4,278.82211827831503,-23.1875,-4.0,QT450-10,191.891912127167,,,,False
29,5,5,278.82211827831503,-23.1875,-2.0,QT450-10,191.98977772788948,,,,False
29,5,6,278.82211827831503,-23.1875,0.0,QT450-10,192.02234443955624,,,,False
29,5,7,278.82211827831503,-23.1875,2.0,QT450-10,191.98977772788948,,,,False
29,5,8,278.82211827831503,-23.1875,4.0,QT450-10,191.891912127167,,,,False
29,5,9,278.82211827831503,-23.1875,6.0,QT450-10,191.72825273881605,,,,False
29,5,10,278.82211827831503,-23.1875,8.0,QT450-10,191.49799748061204,,,,False
29,5,11,278.82211827831503,-23.1875,10.0,QT450-10,191.20013188417352,,,,False
29,5,12,278.82211827831503,-23.1875,12.0,QT450-10,190.83366622987367,,,,False
29,6,0,278.82211827831503,-20.625,-12.0,QT450-10,192.91498582044252,,,,False
29,6,1,278.82211827831503,-20.625,-10.0,QT450-10,193.28933386524784,,,,False
29,6,2,278.82211827831503,-20.625,-8.0,QT450-10,193.59513515329695,,,,False
29,6,3,278.82211827831503,-20.625,-6.0,QT450-10,193.83258690564173,,,,False
29,6,4,278.82211827831503,-20.625,-4.0,QT450-10,194.00195257584753,,,,False
29,6,5,278.82211827831503,-20.625,-2.0,QT450-10,194.1034677710581,,,,False
29,6,6,278.82211827831503,-20.625,0.0,QT450-10,194.13728824016883,,,,False
29,6,7,278.82211827831503,-20.625,2.0,QT450-10,194.1034677710581,,,,False
29,6,8,278.82211827831503,-20.625,4.0,QT450-10,194.00195257584753,,,,False
29,6,9,278.82211827831503,-20.625,6.0,QT450-10,193.83258690564173,,,,False
29,6,10,278.82211827831503,-20.625,8.0,QT450-10,193.59513515329695,,,,False
29,6,11,278.82211827831503,-20.625,10.0,QT450-10,193.28933386524784,,,,False
29,6,12,278.82211827831503,-20.625,12.0,QT450-10,192.91498582044252,,,,False
29,7,0,278.82211827831503,-18.0625,-12.0,QT450-10,195.91339791853125,,,,False
29,7,1,278.82211827831503,-18.0625,-10.0,QT450-10,196.29838276835403,,,,False
29,7,2,278.82211827831503,-18.0625,-8.0,QT450-10,196.61437857637824,,,,False
29,7,3,278.82211827831503,-18.0625,-6.0,QT450-10,196.86085638066257,,,,False
29,7,4,278.82211827831503,-18.0625,-4.0,QT450-10,197.03731357922751,,,,False
29,7,5,278.82211827831503,-18.0625,-2.0,QT450-10,197.14335478170193,,,,False
29,7,6,278.82211827831503,-18.0625,0.0,QT450-10,197.17873028492934,,,,False
29,7,7,278.82211827831503,-18.0625,2.0,QT450-10,197.14335478170193,,,,False
29,7,8,278.82211827831503,-18.0625,4.0,QT450-10,197.03731357922751,,,,False
29,7,9,278.82211827831503,-18.0625,6.0,QT450-10,196.86085638066257,,,,False
29,7,10,278.82211827831503,-18.0625,8.0,QT450-10,196.61437857637824,,,,False
29,7,11,278.82211827831503,-18.0625,10.0,QT450-10,196.29838276835403,,,,False
29,7,12,278.82211827831503,-18.0625,12.0,QT450-10,195.91339791853125,,,,False
29,8,0,278.82211827831503,-15.5,-12.0,QT450-10,200.61987440804268,,,,False
29,8,1,278.82211827831503,-15.5,-10.0,QT450-10,201.0260295905952,,,,False
29,8,2,278.82211827831503,-15.5,-8.0,QT450-10,201.36579144471182,,,,False
29,8,3,278.82211827831503,-15.5,-6.0,QT450-10,201.63593642060425,,,,False
29,8,4,278.82211827831503,-15.5,-4.0,QT450-10,201.83272989173983,,,,False
29,8,5,278.82211827831503,-15.5,-2.0,QT450-10,201.95258249741184,,,,False
29,8,6,278.82211827831503,-15.5,0.0,QT450-10,201.9928582363477,,,,False
29,8,7,278.82211827831503,-15.5,2.0,QT450-10,201.95258249741184,,,,False
29,8,8,278.82211827831503,-15.5,4.0,QT450-10,201.83272989173983,,,,False
29,8,9,278.82211827831503,-15.5,6.0,QT450-10,201.63593642060425,,,,False
29,8,10,278.82211827831503,-15.5,8.0,QT450-10,201.3657914447118,,,,False
29,8,11,278.82211827831503,-15.5,10.0,QT450-10,201.0260295905952,,,,False
29,8,12,278.82211827831503,-15.5,12.0,QT450-10,200.61987440804265,,,,False
29,9,0,278.82211827831503,-12.9375,-12.0,QT450-10,207.81462360957954,,,,False
29,9,1,278.82211827831503,-12.9375,-10.0,QT450-10,208.29171853168802,,,,False
29,9,2,278.82211827831503,-12.9375,-8.0,QT450-10,208.7412250870092,,,,False
29,9,3,278.82211827831503,-12.9375,-6.0,QT450-10,209.14841793342117,,,,False
29,9,4,278.82211827831503,-12.9375,-4.0,QT450-10,209.4879636132795,,,,False
29,9,5,278.82211827831503,-12.9375,-2.0,QT450-10,209.72114627139786,,,,False
29,9,6,278.82211827831503,-12.9375,0.0,QT450-10,209.80544270042546,,,,False
29,9,7,278.82211827831503,-12.9375,2.0,QT450-10,209.72114627139786,,,,False
29,9,8,278.82211827831503,-12.9375,4.0,QT450-10,209.4879636132795,,,,False
29,9,9,278.82211827831503,-12.9375,6.0,QT450-10,209.14841793342117,,,,False
29,9,10,278.82211827831503,-12.9375,8.0,QT450-10,208.7412250870092,,,,False
29,9,11,278.82211827831503,-12.9375,10.0,QT450-10,208.29171853168802,,,,False
29,9,12,278.82211827831503,-12.9375,12.0,QT450-10,207.81462360957954,,,,False
29,10,0,278.82211827831503,-10.375,-12.0,QT450-10,217.46419780498047,,,,False
29,10,1,278.82211827831503,-10.375,-10.0,QT450-10,218.1739577547089,,,,False
29,10,2,278.82211827831503,-10.375,-8.0,QT450-10,219.08673884300924,,,,False
29,10,3,278.82211827831503,-10.375,-6.0,QT450-10,220.26751316549183,,,,False
29,10,4,278.82211827831503,-10.375,-4.0,QT450-10,221.66931989791905,,,,False
29,10,5,278.82211827831503,-10.375,-2.0,QT450-10,222.87968769124427,,,,False
29,10,6,278.82211827831503,-10.375,0.0,QT450-10,223.36405082387384,,,,False
29,10,7,278.82211827831503,-10.375,2.0,QT450-10,222.87968769124427,,,,False
29,10,8,278.82211827831503,-10.375,4.0,QT450-10,221.66931989791905,,,,False
29,10,9,278.82211827831503,-10.375,6.0,QT450-10,220.26751316549183,,,,False
29,10,10,278.82211827831503,-10.375,8.0,QT450-10,219.08673884300924,,,,False
29,10,11,278.82211827831503,-10.375,10.0,QT450-10,218.1739577547089,,,,False
29,10,12,278.82211827831503,-10.375,12.0,QT450-10,217.46419780498047,,,,False
29,11,0,278.82211827831503,-7.8125,-12.0,QT450-10,229.3696366781495,,,,False
29,11,1,278.82211827831503,-7.8125,-10.0,QT450-10,230.61688792607407,,,,False
29,11,2,278.82211827831503,-7.8125,-8.0,QT450-10,232.66547405805107,,,,False
29,11,3,278.82211827831503,-7.8125,-6.0,QT450-10,236.19852578377288,,,,False
29,11,4,278.82211827831503,-7.8125,-4.0,QT450-10,246.2038538832689,,,,False
29,11,5,278.82211827831503,-7.8125,-2.0,QT450-10,255.968806730243,,,,False
29,11,6,278.82211827831503,-7.8125,0.0,QT450-10,260.33765512452743,,,,False
29,11,7,278.82211827831503,-7.8125,2.0,QT450-10,255.968806730243,,,,False
29,11,8,278.82211827831503,-7.8125,4.0,QT450-10,246.2038538832689,,,,False
29,11,9,278.82211827831503,-7.8125,6.0,QT450-10,236.19852578377288,,,,False
29,11,10,278.82211827831503,-7.8125,8.0,QT450-10,232.66547405805105,,,,False
29,11,11,278.82211827831503,-7.8125,10.0,QT450-10,230.61688792607407,,,,False
29,11,12,278.82211827831503,-7.8125,12.0,QT450-10,229.3696366781495,,,,False
29,12,0,278.82211827831503,-5.25,-12.0,QT450-10,241.98439859817634,,,,False
29,12,1,278.82211827831503,-5.25,-10.0,QT450-10,244.05180555706065,,,,False
29,12,2,278.82211827831503,-5.25,-8.0,QT450-10,249.28441631720642,,,,False
29,12,3,278.82211827831503,-5.25,-6.0,QT450-10,265.05460085125213,,,,False
29,12,4,278.82211827831503,-5.25,-4.0,QT450-10,288.7925224422123,,,,False
29,12,5,278.82211827831503,-5.25,-2.0,QT450-10,314.8123546327521,,,,False
29,12,6,278.82211827831503,-5.25,0.0,QT450-10,329.1565195771924,,,,False
29,12,7,278.82211827831503,-5.25,2.0,QT450-10,314.8123546327521,,,,False
29,12,8,278.82211827831503,-5.25,4.0,QT450-10,288.7925224422123,,,,False
29,12,9,278.82211827831503,-5.25,6.0,QT450-10,265.05460085125213,,,,False
29,12,10,278.82211827831503,-5.25,8.0,QT450-10,249.28441631720642,,,,False
29,12,11,278.82211827831503,-5.25,10.0,QT450-10,244.05180555706062,,,,False
29,12,12,278.82211827831503,-5.25,12.0,QT450-10,241.98439859817634,,,,False
29,13,0,278.82211827831503,-2.6875,-12.0,ERNiFe-CI,253.75645857346663,,,,False
29,13,1,278.82211827831503,-2.6875,-10.0,ERNiFe-CI,257.20155212699166,,,,False
29,13,2,278.82211827831503,-2.6875,-8.0,ERNiFe-CI,270.1962033042028,,,,False
29,13,3,278.82211827831503,-2.6875,-6.0,ERNiFe-CI,298.98609479431485,,,,False
29,13,4,278.82211827831503,-2.6875,-4.0,ERNiFe-CI,348.1633267962214,,,,False
29,13,5,278.82211827831503,-2.6875,-2.0,ERNiFe-CI,417.70955126826897,,,,False
29,13,6,278.82211827831503,-2.6875,0.0,ERNiFe-CI,476.21008492487704,,,,False
29,13,7,278.82211827831503,-2.6875,2.0,ERNiFe-CI,417.70955126826897,,,,False
29,13,8,278.82211827831503,-2.6875,4.0,ERNiFe-CI,348.16332679622144,,,,False
29,13,9,278.82211827831503,-2.6875,6.0,ERNiFe-CI,298.98609479431485,,,,False
29,13,10,278.82211827831503,-2.6875,8.0,ERNiFe-CI,270.1962033042028,,,,False
29,13,11,278.82211827831503,-2.6875,10.0,ERNiFe-CI,257.2015521269917,,,,False
29,13,12,278.82211827831503,-2.6875,12.0,ERNiFe-CI,253.75645857346663,,,,False
29,14,0,278.82211827831503,-0.125,-12.0,ERNiFe-CI,263.71331606028326,,,,False
29,14,1,278.82211827831503,-0.125,-10.0,ERNiFe-CI,269.5990949216066,,,,False
29,14,2,278.82211827831503,-0.125,-8.0,ERNiFe-CI,286.79572418757635,,,,False
29,14,3,278.82211827831503,-0.125,-6.0,ERNiFe-CI,326.75920757097794,,,,False
29,14,4,278.82211827831503,-0.125,-4.0,ERNiFe-CI,408.32261479930287,,,,False
29,14,5,278.82211827831503,-0.125,-2.0,ERNiFe-CI,578.9420081288696,,,,False
29,14,6,278.82211827831503,-0.125,0.0,ERNiFe-CI,835.276079595465,189.63200135458354,191.9999085457287,2.36790719114515,True
29,14,7,278.82211827831503,-0.125,2.0,ERNiFe-CI,578.9420081288696,,,,False
29,14,8,278.82211827831503,-0.125,4.0,ERNiFe-CI,408.3226147993029,,,,False
29,14,9,278.82211827831503,-0.125,6.0,ERNiFe-CI,326.75920757097794,,,,False
29,14,10,278.82211827831503,-0.125,8.0,ERNiFe-CI,286.7957241875763,,,,False
29,14,11,278.82211827831503,-0.125,10.0,ERNiFe-CI,269.5990949216066,,,,False
29,14,12,278.82211827831503,-0.125,12.0,ERNiFe-CI,263.71331606028326,,,,False
29,15,0,278.82211827831503,2.4375,-12.0,ERNiFe-CI,271.02427182076843,,,,False
29,15,1,278.82211827831503,2.4375,-10.0,ERNiFe-CI,277.48209467221636,,,,False
29,15,2,278.82211827831503,2.4375,-8.0,ERNiFe-CI,294.15524948728347,,,,False
29,15,3,278.82211827831503,2.4375,-6.0,ERNiFe-CI,327.4438865960853,,,,False
29,15,4,278.82211827831503,2.4375,-4.0,ERNiFe-CI,381.9772864150284,,,,False
29,15,5,278.82211827831503,2.4375,-2.0,ERNiFe-CI,458.02248188714805,,,,False
29,15,6,278.82211827831503,2.4375,0.0,ERNiFe-CI,523.3272962606203,,,,False
29,15,7,278.82211827831503,2.4375,2.0,ERNiFe-CI,458.02248188714805,,,,False
29,15,8,278.82211827831503,2.4375,4.0,ERNiFe-CI,381.97728641502846,,,,False
29,15,9,278.82211827831503,2.4375,6.0,ERNiFe-CI,327.44388659608524,,,,False
29,15,10,278.82211827831503,2.4375,8.0,ERNiFe-CI,294.15524948728347,,,,False
29,15,11,278.82211827831503,2.4375,10.0,ERNiFe-CI,277.48209467221636,,,,False
29,15,12,278.82211827831503,2.4375,12.0,ERNiFe-CI,271.02427182076843,,,,False
29,16,0,278.82211827831503,5.0,-12.0,Q235B,274.77251572477525,,,,False
29,16,1,278.82211827831503,5.0,-10.0,Q235B,280.7808322057779,,,,False
29,16,2,278.82211827831503,5.0,-8.0,Q235B,295.85295064553486,,,,False
29,16,3,278.82211827831503,5.0,-6.0,Q235B,322.6476536096055,,,,False
29,16,4,278.82211827831503,5.0,-4.0,Q235B,359.43419423632287,,,,False
29,16,5,278.82211827831503,5.0,-2.0,Q235B,397.6811161082591,,,,False
29,16,6,278.82211827831503,5.0,0.0,Q235B,417.9601989155101,,,,False
29,16,7,278.82211827831503,5.0,2.0,Q235B,397.6811161082591,,,,False
29,16,8,278.82211827831503,5.0,4.0,Q235B,359.43419423632287,,,,False
29,16,9,278.82211827831503,5.0,6.0,Q235B,322.6476536096055,,,,False
29,16,10,278.82211827831503,5.0,8.0,Q235B,295.8529506455348,,,,False
29,16,11,278.82211827831503,5.0,10.0,Q235B,280.7808322057779,,,,False
29,16,12,278.82211827831503,5.0,12.0,Q235B,274.77251572477525,,,,False
30,0,0,288.43667408101555,-36.0,-12.0,QT450-10,185.19278561849086,,,,False
30,0,1,288.43667408101555,-36.0,-10.0,QT450-10,185.31616314958794,,,,False
30,0,2,288.43667408101555,-36.0,-8.0,QT450-10,185.46623507289948,,,,False
30,0,3,288.43667408101555,-36.0,-6.0,QT450-10,185.60305028437185,,,,False
30,0,4,288.43667408101555,-36.0,-4.0,QT450-10,185.7086821044106,,,,False
30,0,5,288.43667408101555,-36.0,-2.0,QT450-10,185.77462798843783,,,,False
30,0,6,288.43667408101555,-36.0,0.0,QT450-10,185.79698932316236,,,,False
30,0,7,288.43667408101555,-36.0,2.0,QT450-10,185.77462798843783,,,,False
30,0,8,288.43667408101555,-36.0,4.0,QT450-10,185.7086821044106,,,,False
30,0,9,288.43667408101555,-36.0,6.0,QT450-10,185.60305028437185,,,,False
30,0,10,288.43667408101555,-36.0,8.0,QT450-10,185.46623507289948,,,,False
30,0,11,288.43667408101555,-36.0,10.0,QT450-10,185.31616314958794,,,,False
30,0,12,288.43667408101555,-36.0,12.0,QT450-10,185.19278561849086,,,,False
30,1,0,288.43667408101555,-33.4375,-12.0,QT450-10,185.6993062283042,,,,False
30,1,1,288.43667408101555,-33.4375,-10.0,QT450-10,185.9821200014326,,,,False
30,1,2,288.43667408101555,-33.4375,-8.0,QT450-10,186.19864830195985,,,,False
30,1,3,288.43667408101555,-33.4375,-6.0,QT450-10,186.36568694802807,,,,False
30,1,4,288.43667408101555,-33.4375,-4.0,QT450-10,186.48589062526858,,,,False
30,1,5,288.43667408101555,-33.4375,-2.0,QT450-10,186.55861990995956,,,,False
30,1,6,288.43667408101555,-33.4375,0.0,QT450-10,186.5829796149925,,,,False
30,1,7,288.43667408101555,-33.4375,2.0,QT450-10,186.55861990995956,,,,False
30,1,8,288.43667408101555,-33.4375,4.0,QT450-10,186.48589062526858,,,,False
30,1,9,288.43667408101555,-33.4375,6.0,QT450-10,186.36568694802807,,,,False
30,1,10,288.43667408101555,-33.4375,8.0,QT450-10,186.19864830195985,,,,False
30,1,11,288.43667408101555,-33.4375,10.0,QT450-10,185.9821200014326,,,,False
30,1,12,288.43667408101555,-33.4375,12.0,QT450-10,185.6993062283042,,,,False
30,2,0,288.43667408101555,-30.875,-12.0,QT450-10,186.46564343220447,,,,False
30,2,1,288.43667408101555,-30.875,-10.0,QT450-10,186.7949533913295,,,,False
30,2,2,288.43667408101555,-30.875,-8.0,QT450-10,187.05043728468877,,,,False
30,2,3,288.43667408101555,-30.875,-6.0,QT450-10,187.2433982919249,,,,False
30,2,4,288.43667408101555,-30.875,-4.0,QT450-10,187.3792651333515,,,,False
30,2,5,288.43667408101555,-30.875,-2.0,QT450-10,187.46027277498254,,,,False
30,2,6,288.43667408101555,-30.875,0.0,QT450-10,187.48721367863655,,,,False
30,2,7,288.43667408101555,-30.875,2.0,QT450-10,187.46027277498254,,,,False
30,2,8,288.43667408101555,-30.875,4.0,QT450-10,187.3792651333515,,,,False
30,2,9,288.43667408101555,-30.875,6.0,QT450-10,187.2433982919249,,,,False
30,2,10,288.43667408101555,-30.875,8.0,QT450-10,187.05043728468877,,,,False
30,2,11,288.43667408101555,-30.875,10.0,QT450-10,186.7949533913295,,,,False
30,2,12,288.43667408101555,-30.875,12.0,QT450-10,186.46564343220447,,,,False
30,3,0,288.43667408101555,-28.3125,-12.0,QT450-10,187.44732157857325,,,,False
30,3,1,288.43667408101555,-28.3125,-10.0,QT450-10,187.7946839633659,,,,False
30,3,2,288.43667408101555,-28.3125,-8.0,QT450-10,188.0707040701865,,,,False
30,3,3,288.43667408101555,-28.3125,-6.0,QT450-10,188.28078230464885,,,,False
30,3,4,288.43667408101555,-28.3125,-4.0,QT450-10,188.42872088830993,,,,False
30,3,5,288.43667408101555,-28.3125,-2.0,QT450-10,188.51675316119523,,,,False
30,3,6,288.43667408101555,-28.3125,0.0,QT450-10,188.5459875324109,,,,False
30,3,7,288.43667408101555,-28.3125,2.0,QT450-10,188.51675316119523,,,,False
30,3,8,288.43667408101555,-28.3125,4.0,QT450-10,188.42872088830993,,,,False
30,3,9,288.43667408101555,-28.3125,6.0,QT450-10,188.28078230464885,,,,False
30,3,10,288.43667408101555,-28.3125,8.0,QT450-10,188.0707040701865,,,,False
30,3,11,288.43667408101555,-28.3125,10.0,QT450-10,187.7946839633659,,,,False
30,3,12,288.43667408101555,-28.3125,12.0,QT450-10,187.44732157857325,,,,False
30,4,0,288.43667408101555,-25.75,-12.0,QT450-10,188.67159601366563,,,,False
30,4,1,288.43667408101555,-25.75,-10.0,QT450-10,189.02875872272605,,,,False
30,4,2,288.43667408101555,-25.75,-8.0,QT450-10,189.31670851550942,,,,False
30,4,3,288.43667408101555,-25.75,-6.0,QT450-10,189.53786339258488,,,,False
30,4,4,288.43667408101555,-25.75,-4.0,QT450-10,189.6943524753729,,,,False
30,4,5,288.43667408101555,-25.75,-2.0,QT450-10,189.78767770738187,,,,False
30,4,6,288.43667408101555,-25.75,0.0,QT450-10,189.81869467518013,,,,False
30,4,7,288.43667408101555,-25.75,2.0,QT450-10,189.78767770738187,,,,False
30,4,8,288.43667408101555,-25.75,4.0,QT450-10,189.6943524753729,,,,False
30,4,9,288.43667408101555,-25.75,6.0,QT450-10,189.53786339258488,,,,False
30,4,10,288.43667408101555,-25.75,8.0,QT450-10,189.31670851550942,,,,False
30,4,11,288.43667408101555,-25.75,10.0,QT450-10,189.02875872272605,,,,False
30,4,12,288.43667408101555,-25.75,12.0,QT450-10,188.67159601366563,,,,False
30,5,0,288.43667408101555,-23.1875,-12.0,QT450-10,190.2242188533343,,,,False
30,5,1,288.43667408101555,-23.1875,-10.0,QT450-10,190.58889941969912,,,,False
30,5,2,288.43667408101555,-23.1875,-8.0,QT450-10,190.88531102266634,,,,False
30,5,3,288.43667408101555,-23.1875,-6.0,QT450-10,191.11444016538445,,,,False
30,5,4,288.43667408101555,-23.1875,-4.0,QT450-10,191.27729788815202,,,,False
30,5,5,288.43667408101555,-23.1875,-2.0,QT450-10,191.37468357822377,,,,False
30,5,6,288.43667408101555,-23.1875,0.0,QT450-10,191.40709049950226,,,,False
30,5,7,288.43667408101555,-23.1875,2.0,QT450-10,191.37468357822377,,,,False
30,5,8,288.43667408101555,-23.1875,4.0,QT450-10,191.27729788815202,,,,False
30,5,9,288.43667408101555,-23.1875,6.0,QT450-10,191.11444016538445,,,,False
30,5,10,288.43667408101555,-23.1875,8.0,QT450-10,190.88531102266634,,,,False
30,5,11,288.43667408101555,-23.1875,10.0,QT450-10,190.58889941969912,,,,False
30,5,12,288.43667408101555,-23.1875,12.0,QT450-10,190.2242188533343,,,,False
30,6,0,288.43667408101555,-20.625,-12.0,QT450-10,192.28852044216956,,,,False
30,6,1,288.43667408101555,-20.625,-10.0,QT450-10,192.66100673815887,,,,False
30,6,2,288.43667408101555,-20.625,-8.0,QT450-10,192.96528193856219,,,,False
30,6,3,288.43667408101555,-20.625,-6.0,QT450-10,193.2015450691347,,,,False
30,6,4,288.43667408101555,-20.625,-4.0,QT450-10,193.37006123650707,,,,False
30,6,5,288.43667408101555,-20.625,-2.0,QT450-10,193.4710672666357,,,,False
30,6,6,288.43667408101555,-20.625,0.0,QT450-10,193.50471798054355,,,,False
30,6,7,288.43667408101555,-20.625,2.0,QT450-10,193.4710672666357,,,,False
30,6,8,288.43667408101555,-20.625,4.0,QT450-10,193.37006123650707,,,,False
30,6,9,288.43667408101555,-20.625,6.0,QT450-10,193.2015450691347,,,,False
30,6,10,288.43667408101555,-20.625,8.0,QT450-10,192.96528193856219,,,,False
30,6,11,288.43667408101555,-20.625,10.0,QT450-10,192.66100673815887,,,,False
30,6,12,288.43667408101555,-20.625,12.0,QT450-10,192.28852044216956,,,,False
30,7,0,288.43667408101555,-18.0625,-12.0,QT450-10,195.264200564705,,,,False
30,7,1,288.43667408101555,-18.0625,-10.0,QT450-10,195.6472103931614,,,,False
30,7,2,288.43667408101555,-18.0625,-8.0,QT450-10,195.9615721869456,,,,False
30,7,3,288.43667408101555,-18.0625,-6.0,QT450-10,196.20676142980926,,,,False
30,7,4,288.43667408101555,-18.0625,-4.0,QT450-10,196.3822877666856,,,,False
30,7,5,288.43667408101555,-18.0625,-2.0,QT450-10,196.48776648905917,,,,False
30,7,6,288.43667408101555,-18.0625,0.0,QT450-10,196.52295563690342,,,,False
30,7,7,288.43667408101555,-18.0625,2.0,QT450-10,196.48776648905917,,,,False
30,7,8,288.43667408101555,-18.0625,4.0,QT450-10,196.3822877666856,,,,False
30,7,9,288.43667408101555,-18.0625,6.0,QT450-10,196.20676142980926,,,,False
30,7,10,288.43667408101555,-18.0625,8.0,QT450-10,195.9615721869456,,,,False
30,7,11,288.43667408101555,-18.0625,10.0,QT450-10,195.6472103931614,,,,False
30,7,12,288.43667408101555,-18.0625,12.0,QT450-10,195.264200564705,,,,False
30,8,0,288.43667408101555,-15.5,-12.0,QT450-10,199.94505479210565,,,,False
30,8,1,288.43667408101555,-15.5,-10.0,QT450-10,200.3489886047758,,,,False
30,8,2,288.43667408101555,-15.5,-8.0,QT450-10,200.68680523571942,,,,False
30,8,3,288.43667408101555,-15.5,-6.0,QT450-10,200.95532879940373,,,,False
30,8,4,288.43667408101555,-15.5,-4.0,QT450-10,201.15088915935524,,,,False
30,8,5,288.43667408101555,-15.5,-2.0,QT450-10,201.26996193733953,,,,False
30,8,6,288.43667408101555,-15.5,0.0,QT450-10,201.30996769244152,,,,False
30,8,7,288.43667408101555,-15.5,2.0,QT450-10,201.26996193733953,,,,False
30,8,8,288.43667408101555,-15.5,4.0,QT450-10,201.15088915935524,,,,False
30,8,9,288.43667408101555,-15.5,6.0,QT450-10,200.95532879940373,,,,False
30,8,10,288.43667408101555,-15.5,8.0,QT450-10,200.68680523571942,,,,False
30,8,11,288.43667408101555,-15.5,10.0,QT450-10,200.3489886047758,,,,False
30,8,12,288.43667408101555,-15.5,12.0,QT450-10,199.94505479210565,,,,False
30,9,0,288.43667408101555,-12.9375,-12.0,QT450-10,207.1212475917091,,,,False
30,9,1,288.43667408101555,-12.9375,-10.0,QT450-10,207.59567846600325,,,,False
30,9,2,288.43667408101555,-12.9375,-8.0,QT450-10,208.04253215900266,,,,False
30,9,3,288.43667408101555,-12.9375,-6.0,QT450-10,208.44715441727524,,,,False
30,9,4,288.43667408101555,-12.9375,-4.0,QT450-10,208.7844404141593,,,,False
30,9,5,288.43667408101555,-12.9375,-2.0,QT450-10,209.01601576919342,,,,False
30,9,6,288.43667408101555,-12.9375,0.0,QT450-10,209.09972775795214,,,,False
30,9,7,288.43667408101555,-12.9375,2.0,QT450-10,209.01601576919342,,,,False
30,9,8,288.43667408101555,-12.9375,4.0,QT450-10,208.78444041415926,,,,False
30,9,9,288.43667408101555,-12.9375,6.0,QT450-10,208.44715441727521,,,,False
30,9,10,288.43667408101555,-12.9375,8.0,QT450-10,208.04253215900266,,,,False
30,9,11,288.43667408101555,-12.9375,10.0,QT450-10,207.59567846600325,,,,False
30,9,12,288.43667408101555,-12.9375,12.0,QT450-10,207.1212475917091,,,,False
30,10,0,288.43667408101555,-10.375,-12.0,QT450-10,216.7615000510843,,,,False
30,10,1,288.43667408101555,-10.375,-10.0,QT450-10,217.4680058571387,,,,False
30,10,2,288.43667408101555,-10.375,-8.0,QT450-10,218.3771600075788,,,,False
30,10,3,288.43667408101555,-10.375,-6.0,QT450-10,219.55477639496317,,,,False
30,10,4,288.43667408101555,-10.375,-4.0,QT450-10,220.95476092966265,,,,False
30,10,5,288.43667408101555,-10.375,-2.0,QT450-10,222.1645582394802,,,,False
30,10,6,288.43667408101555,-10.375,0.0,QT450-10,222.64869801392518,,,,False
30,10,7,288.43667408101555,-10.375,2.0,QT450-10,222.1645582394802,,,,False
30,10,8,288.43667408101555,-10.375,4.0,QT450-10,220.95476092966265,,,,False
30,10,9,288.43667408101555,-10.375,6.0,QT450-10,219.55477639496317,,,,False
30,10,10,288.43667408101555,-10.375,8.0,QT450-10,218.3771600075788,,,,False
30,10,11,288.43667408101555,-10.375,10.0,QT450-10,217.46800585713868,,,,False
30,10,12,288.43667408101555,-10.375,12.0,QT450-10,216.7615000510843,,,,False
30,11,0,288.43667408101555,-7.8125,-12.0,QT450-10,228.6656067210372,,,,False
30,11,1,288.43667408101555,-7.8125,-10.0,QT450-10,229.910085509098,,,,False
30,11,2,288.43667408101555,-7.8125,-8.0,QT450-10,231.95647363806233,,,,False
30,11,3,288.43667408101555,-7.8125,-6.0,QT450-10,235.47861219146307,,,,False
30,11,4,288.43667408101555,-7.8125,-4.0,QT450-10,245.47013476421347,,,,False
30,11,5,288.43667408101555,-7.8125,-2.0,QT450-10,255.23468311968628,,,,False
30,11,6,288.43667408101555,-7.8125,0.0,QT450-10,259.60403099117474,,,,False
30,11,7,288.43667408101555,-7.8125,2.0,QT450-10,255.23468311968628,,,,False
30,11,8,288.43667408101555,-7.8125,4.0,QT450-10,245.47013476421347,,,,False
30,11,9,288.43667408101555,-7.8125,6.0,QT450-10,235.47861219146307,,,,False
30,11,10,288.43667408101555,-7.8125,8.0,QT450-10,231.95647363806233,,,,False
30,11,11,288.43667408101555,-7.8125,10.0,QT450-10,229.910085509098,,,,False
30,11,12,288.43667408101555,-7.8125,12.0,QT450-10,228.6656067210372,,,,False
30,12,0,288.43667408101555,-5.25,-12.0,QT450-10,241.28355588464333,,,,False
30,12,1,288.43667408101555,-5.25,-10.0,QT450-10,243.34856108944024,,,,False
30,12,2,288.43667408101555,-5.25,-8.0,QT450-10,248.57331649722553,,,,False
30,12,3,288.43667408101555,-5.25,-6.0,QT450-10,264.3245363015288,,,,False
30,12,4,288.43667408101555,-5.25,-4.0,QT450-10,288.06276526441,,,,False
30,12,5,288.43667408101555,-5.25,-2.0,QT450-10,314.0816045197024,,,,False
30,12,6,288.43667408101555,-5.25,0.0,QT450-10,328.4240879732979,,,,False
30,12,7,288.43667408101555,-5.25,2.0,QT450-10,314.0816045197024,,,,False
30,12,8,288.43667408101555,-5.25,4.0,QT450-10,288.06276526441,,,,False
30,12,9,288.43667408101555,-5.25,6.0,QT450-10,264.3245363015288,,,,False
30,12,10,288.43667408101555,-5.25,8.0,QT450-10,248.57331649722556,,,,False
30,12,11,288.43667408101555,-5.25,10.0,QT450-10,243.34856108944024,,,,False
30,12,12,288.43667408101555,-5.25,12.0,QT450-10,241.28355588464333,,,,False
30,13,0,288.43667408101555,-2.6875,-12.0,ERNiFe-CI,253.06069469072477,,,,False
30,13,1,288.43667408101555,-2.6875,-10.0,ERNiFe-CI,256.5035343710115,,,,False
30,13,2,288.43667408101555,-2.6875,-8.0,ERNiFe-CI,269.4742663323581,,,,False
30,13,3,288.43667408101555,-2.6875,-6.0,ERNiFe-CI,298.2581670798333,,,,False
30,13,4,288.43667408101555,-2.6875,-4.0,ERNiFe-CI,347.4332359285543,,,,False
30,13,5,288.43667408101555,-2.6875,-2.0,ERNiFe-CI,416.9829328532133,,,,False
30,13,6,288.43667408101555,-2.6875,0.0,ERNiFe-CI,475.48323585622177,,,,False
30,13,7,288.43667408101555,-2.6875,2.0,ERNiFe-CI,416.9829328532133,,,,False
30,13,8,288.43667408101555,-2.6875,4.0,ERNiFe-CI,347.4332359285543,,,,False
30,13,9,288.43667408101555,-2.6875,6.0,ERNiFe-CI,298.2581670798333,,,,False
30,13,10,288.43667408101555,-2.6875,8.0,ERNiFe-CI,269.4742663323581,,,,False
30,13,11,288.43667408101555,-2.6875,10.0,ERNiFe-CI,256.5035343710115,,,,False
30,13,12,288.43667408101555,-2.6875,12.0,ERNiFe-CI,253.06069469072474,,,,False
30,14,0,288.43667408101555,-0.125,-12.0,ERNiFe-CI,263.02274467205694,,,,False
30,14,1,288.43667408101555,-0.125,-10.0,ERNiFe-CI,268.90232502163764,,,,False
30,14,2,288.43667408101555,-0.125,-8.0,ERNiFe-CI,286.0745934756117,,,,False
30,14,3,288.43667408101555,-0.125,-6.0,ERNiFe-CI,326.03482546318304,,,,False
30,14,4,288.43667408101555,-0.125,-4.0,ERNiFe-CI,407.5950125236395,,,,False
30,14,5,288.43667408101555,-0.125,-2.0,ERNiFe-CI,578.2176477233907,,,,False
30,14,6,288.43667408101555,-0.125,0.0,ERNiFe-CI,834.5531634359307,196.03258547434837,198.40244534240313,2.3698598680547605,True
30,14,7,288.43667408101555,-0.125,2.0,ERNiFe-CI,578.2176477233907,,,,False
30,14,8,288.43667408101555,-0.125,4.0,ERNiFe-CI,407.5950125236395,,,,False
30,14,9,288.43667408101555,-0.125,6.0,ERNiFe-CI,326.03482546318304,,,,False
30,14,10,288.43667408101555,-0.125,8.0,ERNiFe-CI,286.0745934756117,,,,False
30,14,11,288.43667408101555,-0.125,10.0,ERNiFe-CI,268.90232502163764,,,,False
30,14,12,288.43667408101555,-0.125,12.0,ERNiFe-CI,263.02274467205694,,,,False
30,15,0,288.43667408101555,2.4375,-12.0,ERNiFe-CI,270.33557286562507,,,,False
30,15,1,288.43667408101555,2.4375,-10.0,ERNiFe-CI,276.78748661961714,,,,False
30,15,2,288.43667408101555,2.4375,-8.0,ERNiFe-CI,293.43918002884044,,,,False
30,15,3,288.43667408101555,2.4375,-6.0,ERNiFe-CI,326.72636508699856,,,,False
30,15,4,288.43667408101555,2.4375,-4.0,ERNiFe-CI,381.26287510991034,,,,False
30,15,5,288.43667408101555,2.4375,-2.0,ERNiFe-CI,457.31202019884097,,,,False
30,15,6,288.43667408101555,2.4375,0.0,ERNiFe-CI,522.6237823929214,,,,False
30,15,7,288.43667408101555,2.4375,2.0,ERNiFe-CI,457.31202019884097,,,,False
30,15,8,288.43667408101555,2.4375,4.0,ERNiFe-CI,381.26287510991034,,,,False
30,15,9,288.43667408101555,2.4375,6.0,ERNiFe-CI,326.72636508699856,,,,False
30,15,10,288.43667408101555,2.4375,8.0,ERNiFe-CI,293.4391800288404,,,,False
30,15,11,288.43667408101555,2.4375,10.0,ERNiFe-CI,276.78748661961714,,,,False
30,15,12,288.43667408101555,2.4375,12.0,ERNiFe-CI,270.33557286562507,,,,False
30,16,0,288.43667408101555,5.0,-12.0,Q235B,274.08444233513853,,,,False
30,16,1,288.43667408101555,5.0,-10.0,Q235B,280.0879250918814,,,,False
30,16,2,288.43667408101555,5.0,-8.0,Q235B,295.14164604016383,,,,False
30,16,3,288.43667408101555,5.0,-6.0,Q235B,321.93421801767045,,,,False
30,16,4,288.43667408101555,5.0,-4.0,Q235B,358.7256046010787,,,,False
30,16,5,288.43667408101555,5.0,-2.0,Q235B,396.97416214699615,,,,False
30,16,6,288.43667408101555,5.0,0.0,Q235B,417.26045537903326,,,,False
30,16,7,288.43667408101555,5.0,2.0,Q235B,396.97416214699615,,,,False
30,16,8,288.43667408101555,5.0,4.0,Q235B,358.7256046010787,,,,False
30,16,9,288.43667408101555,5.0,6.0,Q235B,321.9342180176704,,,,False
30,16,10,288.43667408101555,5.0,8.0,Q235B,295.14164604016383,,,,False
30,16,11,288.43667408101555,5.0,10.0,Q235B,280.0879250918814,,,,False
30,16,12,288.43667408101555,5.0,12.0,Q235B,274.08444233513853,,,,False
31,0,0,298.0512298837161,-36.0,-12.0,QT450-10,184.6701195925587,,,,False
31,0,1,298.0512298837161,-36.0,-10.0,QT450-10,184.79296801361488,,,,False
31,0,2,298.0512298837161,-36.0,-8.0,QT450-10,184.94239560736503,,,,False
31,0,3,298.0512298837161,-36.0,-6.0,QT450-10,185.07862294537728,,,,False
31,0,4,298.0512298837161,-36.0,-4.0,QT450-10,185.18380068855276,,,,False
31,0,5,298.0512298837161,-36.0,-2.0,QT450-10,185.2494630085324,,,,False
31,0,6,298.0512298837161,-36.0,0.0,QT450-10,185.27172817602596,,,,False
31,0,7,298.0512298837161,-36.0,2.0,QT450-10,185.2494630085324,,,,False
31,0,8,298.0512298837161,-36.0,4.0,QT450-10,185.18380068855276,,,,False
31,0,9,298.0512298837161,-36.0,6.0,QT450-10,185.07862294537728,,,,False
31,0,10,298.0512298837161,-36.0,8.0,QT450-10,184.94239560736503,,,,False
31,0,11,298.0512298837161,-36.0,10.0,QT450-10,184.79296801361488,,,,False
31,0,12,298.0512298837161,-36.0,12.0,QT450-10,184.6701195925587,,,,False
31,1,0,298.0512298837161,-33.4375,-12.0,QT450-10,185.17337902395062,,,,False
31,1,1,298.0512298837161,-33.4375,-10.0,QT450-10,185.45497779481641,,,,False
31,1,2,298.0512298837161,-33.4375,-8.0,QT450-10,185.67057379853895,,,,False
31,1,3,298.0512298837161,-33.4375,-6.0,QT450-10,185.83689223524146,,,,False
31,1,4,298.0512298837161,-33.4375,-4.0,QT450-10,185.9565771982758,,,,False
31,1,5,298.0512298837161,-33.4375,-2.0,QT450-10,186.02899247863144,,,,False
31,1,6,298.0512298837161,-33.4375,0.0,QT450-10,186.05324698764818,,,,False
31,1,7,298.0512298837161,-33.4375,2.0,QT450-10,186.02899247863144,,,,False
31,1,8,298.0512298837161,-33.4375,4.0,QT450-10,185.9565771982758,,,,False
31,1,9,298.0512298837161,-33.4375,6.0,QT450-10,185.83689223524146,,,,False
31,1,10,298.0512298837161,-33.4375,8.0,QT450-10,185.67057379853895,,,,False
31,1,11,298.0512298837161,-33.4375,10.0,QT450-10,185.45497779481641,,,,False
31,1,12,298.0512298837161,-33.4375,12.0,QT450-10,185.17337902395062,,,,False
31,2,0,298.0512298837161,-30.875,-12.0,QT450-10,185.93417615347218,,,,False
31,2,1,298.0512298837161,-30.875,-10.0,QT450-10,186.26206187084546,,,,False
31,2,2,298.0512298837161,-30.875,-8.0,QT450-10,186.5164384466616,,,,False
31,2,3,298.0512298837161,-30.875,-6.0,QT450-10,186.70856175509184,,,,False
31,2,4,298.0512298837161,-30.875,-4.0,QT450-10,186.84383808987877,,,,False
31,2,5,298.0512298837161,-30.875,-2.0,QT450-10,186.92449340580325,,,,False
31,2,6,298.0512298837161,-30.875,0.0,QT450-10,186.95131709600795,,,,False
31,2,7,298.0512298837161,-30.875,2.0,QT450-10,186.92449340580325,,,,False
31,2,8,298.0512298837161,-30.875,4.0,QT450-10,186.84383808987877,,,,False
31,2,9,298.0512298837161,-30.875,6.0,QT450-10,186.70856175509184,,,,False
31,2,10,298.0512298837161,-30.875,8.0,QT450-10,186.5164384466616,,,,False
31,2,11,298.0512298837161,-30.875,10.0,QT450-10,186.26206187084546,,,,False
31,2,12,298.0512298837161,-30.875,12.0,QT450-10,185.93417615347218,,,,False
31,3,0,298.0512298837161,-28.3125,-12.0,QT450-10,186.90806362244578,,,,False
31,3,1,298.0512298837161,-28.3125,-10.0,QT450-10,187.25390830747776,,,,False
31,3,2,298.0512298837161,-28.3125,-8.0,QT450-10,187.52872003400063,,,,False
31,3,3,298.0512298837161,-28.3125,-6.0,QT450-10,187.73787704055124,,,,False
31,3,4,298.0512298837161,-28.3125,-4.0,QT450-10,187.88516607282122,,,,False
31,3,5,298.0512298837161,-28.3125,-2.0,QT450-10,187.97281150275438,,,,False
31,3,6,298.0512298837161,-28.3125,0.0,QT450-10,188.00191735564187,,,,False
31,3,7,298.0512298837161,-28.3125,2.0,QT450-10,187.97281150275438,,,,False
31,3,8,298.0512298837161,-28.3125,4.0,QT450-10,187.88516607282122,,,,False
31,3,9,298.0512298837161,-28.3125,6.0,QT450-10,187.73787704055124,,,,False
31,3,10,298.0512298837161,-28.3125,8.0,QT450-10,187.52872003400063,,,,False
31,3,11,298.0512298837161,-28.3125,10.0,QT450-10,187.25390830747776,,,,False
31,3,12,298.0512298837161,-28.3125,12.0,QT450-10,186.90806362244578,,,,False
31,4,0,298.0512298837161,-25.75,-12.0,QT450-10,188.12190533871834,,,,False
31,4,1,298.0512298837161,-25.75,-10.0,QT450-10,188.47748539586757,,,,False
31,4,2,298.0512298837161,-25.75,-8.0,QT450-10,188.76415677690804,,,,False
31,4,3,298.0512298837161,-25.75,-6.0,QT450-10,188.98432812247648,,,,False
31,4,4,298.0512298837161,-25.75,-4.0,QT450-10,189.14012032023015,,,,False
31,4,5,298.0512298837161,-25.75,-2.0,QT450-10,189.2330295667726,,,,False
31,4,6,298.0512298837161,-25.75,0.0,QT450-10,189.26390821544507,,,,False
31,4,7,298.0512298837161,-25.75,2.0,QT450-10,189.2330295667726,,,,False
31,4,8,298.0512298837161,-25.75,4.0,QT450-10,189.14012032023015,,,,False
31,4,9,298.0512298837161,-25.75,6.0,QT450-10,188.98432812247648,,,,False
31,4,10,298.0512298837161,-25.75,8.0,QT450-10,188.76415677690804,,,,False
31,4,11,298.0512298837161,-25.75,10.0,QT450-10,188.47748539586757,,,,False
31,4,12,298.0512298837161,-25.75,12.0,QT450-10,188.12190533871834,,,,False
31,5,0,298.0512298837161,-23.1875,-12.0,QT450-10,189.6606195841963,,,,False
31,5,1,298.0512298837161,-23.1875,-10.0,QT450-10,190.02365316427384,,,,False
31,5,2,298.0512298837161,-23.1875,-8.0,QT450-10,190.31872316757278,,,,False
31,5,3,298.0512298837161,-23.1875,-6.0,QT450-10,190.54681318596394,,,,False
31,5,4,298.0512298837161,-23.1875,-4.0,QT450-10,190.70893114244691,,,,False
31,5,5,298.0512298837161,-23.1875,-2.0,QT450-10,190.80587396756755,,,,False
31,5,6,298.0512298837161,-23.1875,0.0,QT450-10,190.83813343175373,,,,False
31,5,7,298.0512298837161,-23.1875,2.0,QT450-10,190.80587396756755,,,,False
31,5,8,298.0512298837161,-23.1875,4.0,QT450-10,190.70893114244691,,,,False
31,5,9,298.0512298837161,-23.1875,6.0,QT450-10,190.54681318596394,,,,False
31,5,10,298.0512298837161,-23.1875,8.0,QT450-10,190.31872316757278,,,,False
31,5,11,298.0512298837161,-23.1875,10.0,QT450-10,190.02365316427384,,,,False
31,5,12,298.0512298837161,-23.1875,12.0,QT450-10,189.6606195841963,,,,False
31,6,0,298.0512298837161,-20.625,-12.0,QT450-10,191.7060763078844,,,,False
31,6,1,298.0512298837161,-20.625,-10.0,QT450-10,192.0768358184398,,,,False
31,6,2,298.0512298837161,-20.625,-8.0,QT450-10,192.37969538960553,,,,False
31,6,3,298.0512298837161,-20.625,-6.0,QT450-10,192.61485577678673,,,,False
31,6,4,298.0512298837161,-20.625,-4.0,QT450-10,192.7825835346641,,,,False
31,6,5,298.0512298837161,-20.625,-2.0,QT450-10,192.88311600436225,,,,False
31,6,6,298.0512298837161,-20.625,0.0,QT450-10,192.91660879972375,,,,False
31,6,7,298.0512298837161,-20.625,2.0,QT450-10,192.88311600436225,,,,False
31,6,8,298.0512298837161,-20.625,4.0,QT450-10,192.7825835346641,,,,False
31,6,9,298.0512298837161,-20.625,6.0,QT450-10,192.61485577678673,,,,False
31,6,10,298.0512298837161,-20.625,8.0,QT450-10,192.37969538960553,,,,False
31,6,11,298.0512298837161,-20.625,10.0,QT450-10,192.0768358184398,,,,False
31,6,12,298.0512298837161,-20.625,12.0,QT450-10,191.7060763078844,,,,False
31,7,0,298.0512298837161,-18.0625,-12.0,QT450-10,194.65617876524536,,,,False
31,7,1,298.0512298837161,-18.0625,-10.0,QT450-10,195.03734361948835,,,,False
31,7,2,298.0512298837161,-18.0625,-8.0,QT450-10,195.35017077501897,,,,False
31,7,3,298.0512298837161,-18.0625,-6.0,QT450-10,195.59414982440796,,,,False
31,7,4,298.0512298837161,-18.0625,-4.0,QT450-10,195.76880554878767,,,,False
31,7,5,298.0512298837161,-18.0625,-2.0,QT450-10,195.8737578530482,,,,False
31,7,6,298.0512298837161,-18.0625,0.0,QT450-10,195.90876899228124,,,,False
31,7,7,298.0512298837161,-18.0625,2.0,QT450-10,195.8737578530482,,,,False
31,7,8,298.0512298837161,-18.0625,4.0,QT450-10,195.76880554878767,,,,False
31,7,9,298.0512298837161,-18.0625,6.0,QT450-10,195.59414982440796,,,,False
31,7,10,298.0512298837161,-18.0625,8.0,QT450-10,195.35017077501897,,,,False
31,7,11,298.0512298837161,-18.0625,10.0,QT450-10,195.03734361948835,,,,False
31,7,12,298.0512298837161,-18.0625,12.0,QT450-10,194.65617876524536,,,,False
31,8,0,298.0512298837161,-15.5,-12.0,QT450-10,199.30744742817637,,,,False
31,8,1,298.0512298837161,-15.5,-10.0,QT450-10,199.70927284598318,,,,False
31,8,2,298.0512298837161,-15.5,-8.0,QT450-10,200.04521598190934,,,,False
31,8,3,298.0512298837161,-15.5,-6.0,QT450-10,200.31215957413772,,,,False
31,8,4,298.0512298837161,-15.5,-4.0,QT450-10,200.50650172925052,,,,False
31,8,5,298.0512298837161,-15.5,-2.0,QT450-10,200.62480461289042,,,,False
31,8,6,298.0512298837161,-15.5,0.0,QT450-10,200.66454760340358,,,,False
31,8,7,298.0512298837161,-15.5,2.0,QT450-10,200.62480461289042,,,,False
31,8,8,298.0512298837161,-15.5,4.0,QT450-10,200.50650172925052,,,,False
31,8,9,298.0512298837161,-15.5,6.0,QT450-10,200.31215957413772,,,,False
31,8,10,298.0512298837161,-15.5,8.0,QT450-10,200.04521598190934,,,,False
31,8,11,298.0512298837161,-15.5,10.0,QT450-10,199.70927284598318,,,,False
31,8,12,298.0512298837161,-15.5,12.0,QT450-10,199.30744742817637,,,,False
31,9,0,298.0512298837161,-12.9375,-12.0,QT450-10,206.46066483149306,,,,False
31,9,1,298.0512298837161,-12.9375,-10.0,QT450-10,206.93243872140118,,,,False
31,9,2,298.0512298837161,-12.9375,-8.0,QT450-10,207.37648890343513,,,,False
31,9,3,298.0512298837161,-12.9375,-6.0,QT450-10,207.77830637917515,,,,False
31,9,4,298.0512298837161,-12.9375,-4.0,QT450-10,208.1130042117685,,,,False
31,9,5,298.0512298837161,-12.9375,-2.0,QT450-10,208.3426945679074,,,,False
31,9,6,298.0512298837161,-12.9375,0.0,QT450-10,208.42570126756692,,,,False
31,9,7,298.0512298837161,-12.9375,2.0,QT450-10,208.3426945679074,,,,False
31,9,8,298.0512298837161,-12.9375,4.0,QT450-10,208.1130042117685,,,,False
31,9,9,298.0512298837161,-12.9375,6.0,QT450-10,207.77830637917512,,,,False
31,9,10,298.0512298837161,-12.9375,8.0,QT450-10,207.37648890343513,,,,False
31,9,11,298.0512298837161,-12.9375,10.0,QT450-10,206.93243872140118,,,,False
31,9,12,298.0512298837161,-12.9375,12.0,QT450-10,206.46066483149306,,,,False
31,10,0,298.0512298837161,-10.375,-12.0,QT450-10,216.08623454184553,,,,False
31,10,1,298.0512298837161,-10.375,-10.0,QT450-10,216.78887252419312,,,,False
31,10,2,298.0512298837161,-10.375,-8.0,QT450-10,217.6929017462904,,,,False
31,10,3,298.0512298837161,-10.375,-6.0,QT450-10,218.86473151500604,,,,False
31,10,4,298.0512298837161,-10.375,-4.0,QT450-10,220.26015597919624,,,,False
31,10,5,298.0512298837161,-10.375,-2.0,QT450-10,221.46711424415213,,,,False
31,10,6,298.0512298837161,-10.375,0.0,QT450-10,221.95010980240215,,,,False
31,10,7,298.0512298837161,-10.375,2.0,QT450-10,221.46711424415213,,,,False
31,10,8,298.0512298837161,-10.375,4.0,QT450-10,220.26015597919624,,,,False
31,10,9,298.0512298837161,-10.375,6.0,QT450-10,218.86473151500604,,,,False
31,10,10,298.0512298837161,-10.375,8.0,QT450-10,217.6929017462904,,,,False
31,10,11,298.0512298837161,-10.375,10.0,QT450-10,216.7888725241931,,,,False
31,10,12,298.0512298837161,-10.375,12.0,QT450-10,216.08623454184553,,,,False
31,11,0,298.0512298837161,-7.8125,-12.0,QT450-10,227.9818293398741,,,,False
31,11,1,298.0512298837161,-7.8125,-10.0,QT450-10,229.22219829091895,,,,False
31,11,2,298.0512298837161,-7.8125,-8.0,QT450-10,231.2632692825828,,,,False
31,11,3,298.0512298837161,-7.8125,-6.0,QT450-10,234.76158231479846,,,,False
31,11,4,298.0512298837161,-7.8125,-4.0,QT450-10,244.74917440701793,,,,False
31,11,5,298.0512298837161,-7.8125,-2.0,QT450-10,254.50902064302517,,,,False
31,11,6,298.0512298837161,-7.8125,0.0,QT450-10,258.8772703621035,,,,False
31,11,7,298.0512298837161,-7.8125,2.0,QT450-10,254.50902064302517,,,,False
31,11,8,298.0512298837161,-7.8125,4.0,QT450-10,244.7491744070179,,,,False
31,11,9,298.0512298837161,-7.8125,6.0,QT450-10,234.76158231479846,,,,False
31,11,10,298.0512298837161,-7.8125,8.0,QT450-10,231.26326928258277,,,,False
31,11,11,298.0512298837161,-7.8125,10.0,QT450-10,229.22219829091895,,,,False
31,11,12,298.0512298837161,-7.8125,12.0,QT450-10,227.98182933987408,,,,False
31,12,0,298.0512298837161,-5.25,-12.0,QT450-10,240.5957997017563,,,,False
31,12,1,298.0512298837161,-5.25,-10.0,QT450-10,242.65549734187033,,,,False
31,12,2,298.0512298837161,-5.25,-8.0,QT450-10,247.8565064330335,,,,False
31,12,3,298.0512298837161,-5.25,-6.0,QT450-10,263.60145691352807,,,,False
31,12,4,298.0512298837161,-5.25,-4.0,QT450-10,287.3318884302245,,,,False
31,12,5,298.0512298837161,-5.25,-2.0,QT450-10,313.34426593286406,,,,False
31,12,6,298.0512298837161,-5.25,0.0,QT450-10,327.68376307134764,,,,False
31,12,7,298.0512298837161,-5.25,2.0,QT450-10,313.34426593286406,,,,False
31,12,8,298.0512298837161,-5.25,4.0,QT450-10,287.3318884302245,,,,False
31,12,9,298.0512298837161,-5.25,6.0,QT450-10,263.601456913528,,,,False
31,12,10,298.0512298837161,-5.25,8.0,QT450-10,247.8565064330335,,,,False
31,12,11,298.0512298837161,-5.25,10.0,QT450-10,242.65549734187033,,,,False
31,12,12,298.0512298837161,-5.25,12.0,QT450-10,240.5957997017563,,,,False
31,13,0,298.0512298837161,-2.6875,-12.0,ERNiFe-CI,252.3697488337415,,,,False
31,13,1,298.0512298837161,-2.6875,-10.0,ERNiFe-CI,255.79333218897247,,,,False
31,13,2,298.0512298837161,-2.6875,-8.0,ERNiFe-CI,268.7548270691049,,,,False
31,13,3,298.0512298837161,-2.6875,-6.0,ERNiFe-CI,297.52566081065316,,,,False
31,13,4,298.0512298837161,-2.6875,-4.0,ERNiFe-CI,346.68844380706355,,,,False
31,13,5,298.0512298837161,-2.6875,-2.0,ERNiFe-CI,416.222578768039,,,,False
31,13,6,298.0512298837161,-2.6875,0.0,ERNiFe-CI,474.70334352002675,,,,False
31,13,7,298.0512298837161,-2.6875,2.0,ERNiFe-CI,416.222578768039,,,,False
31,13,8,298.0512298837161,-2.6875,4.0,ERNiFe-CI,346.68844380706355,,,,False
31,13,9,298.0512298837161,-2.6875,6.0,ERNiFe-CI,297.5256608106531,,,,False
31,13,10,298.0512298837161,-2.6875,8.0,ERNiFe-CI,268.75482706910486,,,,False
31,13,11,298.0512298837161,-2.6875,10.0,ERNiFe-CI,255.79333218897244,,,,False
31,13,12,298.0512298837161,-2.6875,12.0,ERNiFe-CI,252.36974883374154,,,,False
31,14,0,298.0512298837161,-0.125,-12.0,ERNiFe-CI,262.32624915582215,,,,False
31,14,1,298.0512298837161,-0.125,-10.0,ERNiFe-CI,268.18955545129194,,,,False
31,14,2,298.0512298837161,-0.125,-8.0,ERNiFe-CI,285.3533786748503,,,,False
31,14,3,298.0512298837161,-0.125,-6.0,ERNiFe-CI,325.2963653769487,,,,False
31,14,4,298.0512298837161,-0.125,-4.0,ERNiFe-CI,406.8362356766638,,,,False
31,14,5,298.0512298837161,-0.125,-2.0,ERNiFe-CI,577.4208530794224,,,,False
31,14,6,298.0512298837161,-0.125,0.0,ERNiFe-CI,833.72985709875,202.4323142008426,204.80490468415204,2.3725904833094376,True
31,14,7,298.0512298837161,-0.125,2.0,ERNiFe-CI,577.4208530794224,,,,False
31,14,8,298.0512298837161,-0.125,4.0,ERNiFe-CI,406.8362356766638,,,,False
31,14,9,298.0512298837161,-0.125,6.0,ERNiFe-CI,325.2963653769487,,,,False
31,14,10,298.0512298837161,-0.125,8.0,ERNiFe-CI,285.35337867485026,,,,False
31,14,11,298.0512298837161,-0.125,10.0,ERNiFe-CI,268.18955545129194,,,,False
31,14,12,298.0512298837161,-0.125,12.0,ERNiFe-CI,262.32624915582215,,,,False
31,15,0,298.0512298837161,2.4375,-12.0,ERNiFe-CI,269.63245280506277,,,,False
31,15,1,298.0512298837161,2.4375,-10.0,ERNiFe-CI,276.0759671157418,,,,False
31,15,2,298.0512298837161,2.4375,-8.0,ERNiFe-CI,292.721086051861,,,,False
31,15,3,298.0512298837161,2.4375,-6.0,ERNiFe-CI,325.9970102456658,,,,False
31,15,4,298.0512298837161,2.4375,-4.0,ERNiFe-CI,380.5184892525575,,,,False
31,15,5,298.0512298837161,2.4375,-2.0,ERNiFe-CI,456.5539369293003,,,,False
31,15,6,298.0512298837161,2.4375,0.0,ERNiFe-CI,521.8519488752651,,,,False
31,15,7,298.0512298837161,2.4375,2.0,ERNiFe-CI,456.5539369293003,,,,False
31,15,8,298.0512298837161,2.4375,4.0,ERNiFe-CI,380.5184892525575,,,,False
31,15,9,298.0512298837161,2.4375,6.0,ERNiFe-CI,325.9970102456658,,,,False
31,15,10,298.0512298837161,2.4375,8.0,ERNiFe-CI,292.72108605186094,,,,False
31,15,11,298.0512298837161,2.4375,10.0,ERNiFe-CI,276.0759671157418,,,,False
31,15,12,298.0512298837161,2.4375,12.0,ERNiFe-CI,269.63245280506277,,,,False
31,16,0,298.0512298837161,5.0,-12.0,Q235B,273.3812785156684,,,,False
31,16,1,298.0512298837161,5.0,-10.0,Q235B,279.379344953523,,,,False
31,16,2,298.0512298837161,5.0,-8.0,Q235B,294.4293444331402,,,,False
31,16,3,298.0512298837161,5.0,-6.0,Q235B,321.21577713750236,,,,False
31,16,4,298.0512298837161,5.0,-4.0,Q235B,357.99667315916116,,,,False
31,16,5,298.0512298837161,5.0,-2.0,Q235B,396.2425725958284,,,,False
31,16,6,298.0512298837161,5.0,0.0,Q235B,416.52145804557614,,,,False
31,16,7,298.0512298837161,5.0,2.0,Q235B,396.2425725958284,,,,False
31,16,8,298.0512298837161,5.0,4.0,Q235B,357.99667315916116,,,,False
31,16,9,298.0512298837161,5.0,6.0,Q235B,321.21577713750236,,,,False
31,16,10,298.0512298837161,5.0,8.0,Q235B,294.42934443314016,,,,False
31,16,11,298.0512298837161,5.0,10.0,Q235B,279.37934495352295,,,,False
31,16,12,298.0512298837161,5.0,12.0,Q235B,273.3812785156684,,,,False
32,0,0,307.6657856864166,-36.0,-12.0,QT450-10,184.2114426393648,,,,False
32,0,1,307.6657856864166,-36.0,-10.0,QT450-10,184.33382733530846,,,,False
32,0,2,307.6657856864166,-36.0,-8.0,QT450-10,184.4826905259499,,,,False
32,0,3,307.6657856864166,-36.0,-6.0,QT450-10,184.61840303459994,,,,False
32,0,4,307.6657856864166,-36.0,-4.0,QT450-10,184.72318311366422,,,,False
32,0,5,307.6657856864166,-36.0,-2.0,QT450-10,184.78859709559455,,,,False
32,0,6,307.6657856864166,-36.0,0.0,QT450-10,184.81077804182524,,,,False
32,0,7,307.6657856864166,-36.0,2.0,QT450-10,184.78859709559455,,,,False
32,0,8,307.6657856864166,-36.0,4.0,QT450-10,184.72318311366422,,,,False
32,0,9,307.6657856864166,-36.0,6.0,QT450-10,184.61840303459994,,,,False
32,0,10,307.6657856864166,-36.0,8.0,QT450-10,184.4826905259499,,,,False
32,0,11,307.6657856864166,-36.0,10.0,QT450-10,184.33382733530846,,,,False
32,0,12,307.6657856864166,-36.0,12.0,QT450-10,184.2114426393648,,,,False
32,1,0,307.6657856864166,-33.4375,-12.0,QT450-10,184.7114757580469,,,,False
32,1,1,307.6657856864166,-33.4375,-10.0,QT450-10,184.99200869953333,,,,False
32,1,2,307.6657856864166,-33.4375,-8.0,QT450-10,185.206786406855,,,,False
32,1,3,307.6657856864166,-33.4375,-6.0,QT450-10,185.3724724804674,,,,False
32,1,4,307.6657856864166,-33.4375,-4.0,QT450-10,185.4917019033482,,,,False
32,1,5,307.6657856864166,-33.4375,-2.0,QT450-10,185.56384138865553,,,,False
32,1,6,307.6657856864166,-33.4375,0.0,QT450-10,185.58800349717544,,,,False
32,1,7,307.6657856864166,-33.4375,2.0,QT450-10,185.56384138865553,,,,False
32,1,8,307.6657856864166,-33.4375,4.0,QT450-10,185.4917019033482,,,,False
32,1,9,307.6657856864166,-33.4375,6.0,QT450-10,185.3724724804674,,,,False
32,1,10,307.6657856864166,-33.4375,8.0,QT450-10,185.206786406855,,,,False
32,1,11,307.6657856864166,-33.4375,10.0,QT450-10,184.99200869953333,,,,False
32,1,12,307.6657856864166,-33.4375,12.0,QT450-10,184.7114757580469,,,,False
32,2,0,307.6657856864166,-30.875,-12.0,QT450-10,185.46665000134786,,,,False
32,2,1,307.6657856864166,-30.875,-10.0,QT450-10,185.79328456645007,,,,False
32,2,2,307.6657856864166,-30.875,-8.0,QT450-10,186.04668786587575,,,,False
32,2,3,307.6657856864166,-30.875,-6.0,QT450-10,186.23807457309243,,,,False
32,2,4,307.6657856864166,-30.875,-4.0,QT450-10,186.3728315183247,,,,False
32,2,5,307.6657856864166,-30.875,-2.0,QT450-10,186.45317688613494,,,,False
32,2,6,307.6657856864166,-30.875,0.0,QT450-10,186.47989745268424,,,,False
32,2,7,307.6657856864166,-30.875,2.0,QT450-10,186.45317688613494,,,,False
32,2,8,307.6657856864166,-30.875,4.0,QT450-10,186.3728315183247,,,,False
32,2,9,307.6657856864166,-30.875,6.0,QT450-10,186.23807457309243,,,,False
32,2,10,307.6657856864166,-30.875,8.0,QT450-10,186.04668786587575,,,,False
32,2,11,307.6657856864166,-30.875,10.0,QT450-10,185.79328456645007,,,,False
32,2,12,307.6657856864166,-30.875,12.0,QT450-10,185.46665000134786,,,,False
32,3,0,307.6657856864166,-28.3125,-12.0,QT450-10,186.4324823642043,,,,False
32,3,1,307.6657856864166,-28.3125,-10.0,QT450-10,186.7769906042289,,,,False
32,3,2,307.6657856864166,-28.3125,-8.0,QT450-10,187.05073772898078,,,,False
32,3,3,307.6657856864166,-28.3125,-6.0,QT450-10,187.2590827715791,,,,False
32,3,4,307.6657856864166,-28.3125,-4.0,QT450-10,187.40579910862513,,,,False
32,3,5,307.6657856864166,-28.3125,-2.0,QT450-10,187.49310339516154,,,,False
32,3,6,307.6657856864166,-28.3125,0.0,QT450-10,187.52209590033124,,,,False
32,3,7,307.6657856864166,-28.3125,2.0,QT450-10,187.49310339516154,,,,False
32,3,8,307.6657856864166,-28.3125,4.0,QT450-10,187.40579910862513,,,,False
32,3,9,307.6657856864166,-28.3125,6.0,QT450-10,187.2590827715791,,,,False
32,3,10,307.6657856864166,-28.3125,8.0,QT450-10,187.05073772898078,,,,False
32,3,11,307.6657856864166,-28.3125,10.0,QT450-10,186.7769906042289,,,,False
32,3,12,307.6657856864166,-28.3125,12.0,QT450-10,186.4324823642043,,,,False
32,4,0,307.6657856864166,-25.75,-12.0,QT450-10,187.63536019519915,,,,False
32,4,1,307.6657856864166,-25.75,-10.0,QT450-10,187.98954167373026,,,,False
32,4,2,307.6657856864166,-25.75,-8.0,QT450-10,188.27508279568048,,,,False
32,4,3,307.6657856864166,-25.75,-6.0,QT450-10,188.49438421430597,,,,False
32,4,4,307.6657856864166,-25.75,-4.0,QT450-10,188.6495598086378,,,,False
32,4,5,307.6657856864166,-25.75,-2.0,QT450-10,188.74210090367555,,,,False
32,4,6,307.6657856864166,-25.75,0.0,QT450-10,188.77285712364306,,,,False
32,4,7,307.6657856864166,-25.75,2.0,QT450-10,188.74210090367555,,,,False
32,4,8,307.6657856864166,-25.75,4.0,QT450-10,188.6495598086378,,,,False
32,4,9,307.6657856864166,-25.75,6.0,QT450-10,188.49438421430597,,,,False
32,4,10,307.6657856864166,-25.75,8.0,QT450-10,188.27508279568048,,,,False
32,4,11,307.6657856864166,-25.75,10.0,QT450-10,187.98954167373026,,,,False
32,4,12,307.6657856864166,-25.75,12.0,QT450-10,187.63536019519915,,,,False
32,5,0,307.6657856864166,-23.1875,-12.0,QT450-10,189.15925550389935,,,,False
32,5,1,307.6657856864166,-23.1875,-10.0,QT450-10,189.52082636715463,,,,False
32,5,2,307.6657856864166,-23.1875,-8.0,QT450-10,189.81470425443945,,,,False
32,5,3,307.6657856864166,-23.1875,-6.0,QT450-10,190.0418704765581,,,,False
32,5,4,307.6657856864166,-23.1875,-4.0,QT450-10,190.2033304999131,,,,False
32,5,5,307.6657856864166,-23.1875,-2.0,QT450-10,190.29987933447086,,,,False
32,5,6,307.6657856864166,-23.1875,0.0,QT450-10,190.33200759495534,,,,False
32,5,7,307.6657856864166,-23.1875,2.0,QT450-10,190.29987933447086,,,,False
32,5,8,307.6657856864166,-23.1875,4.0,QT450-10,190.2033304999131,,,,False
32,5,9,307.6657856864166,-23.1875,6.0,QT450-10,190.0418704765581,,,,False
32,5,10,307.6657856864166,-23.1875,8.0,QT450-10,189.81470425443945,,,,False
32,5,11,307.6657856864166,-23.1875,10.0,QT450-10,189.52082636715463,,,,False
32,5,12,307.6657856864166,-23.1875,12.0,QT450-10,189.15925550389935,,,,False
32,6,0,307.6657856864166,-20.625,-12.0,QT450-10,191.18430669021402,,,,False
32,6,1,307.6657856864166,-20.625,-10.0,QT450-10,191.55352241650567,,,,False
32,6,2,307.6657856864166,-20.625,-8.0,QT450-10,191.85511601958984,,,,False
32,6,3,307.6657856864166,-20.625,-6.0,QT450-10,192.08928992103188,,,,False
32,6,4,307.6657856864166,-20.625,-4.0,QT450-10,192.25631145506017,,,,False
32,6,5,307.6657856864166,-20.625,-2.0,QT450-10,192.3564190172214,,,,False
32,6,6,307.6657856864166,-20.625,0.0,QT450-10,192.38977007967594,,,,False
32,6,7,307.6657856864166,-20.625,2.0,QT450-10,192.3564190172214,,,,False
32,6,8,307.6657856864166,-20.625,4.0,QT450-10,192.25631145506017,,,,False
32,6,9,307.6657856864166,-20.625,6.0,QT450-10,192.08928992103188,,,,False
32,6,10,307.6657856864166,-20.625,8.0,QT450-10,191.85511601958984,,,,False
32,6,11,307.6657856864166,-20.625,10.0,QT450-10,191.55352241650567,,,,False
32,6,12,307.6657856864166,-20.625,12.0,QT450-10,191.18430669021402,,,,False
32,7,0,307.6657856864166,-18.0625,-12.0,QT450-10,194.10604052854285,,,,False
32,7,1,307.6657856864166,-18.0625,-10.0,QT450-10,194.48553500129162,,,,False
32,7,2,307.6657856864166,-18.0625,-8.0,QT450-10,194.7969723043226,,,,False
32,7,3,307.6657856864166,-18.0625,-6.0,QT450-10,195.0398563279432,,,,False
32,7,4,307.6657856864166,-18.0625,-4.0,QT450-10,195.213717347687,,,,False
32,7,5,307.6657856864166,-18.0625,-2.0,QT450-10,195.31818836444322,,,,False
32,7,6,307.6657856864166,-18.0625,0.0,QT450-10,195.35303829213544,,,,False
32,7,7,307.6657856864166,-18.0625,2.0,QT450-10,195.31818836444322,,,,False
32,7,8,307.6657856864166,-18.0625,4.0,QT450-10,195.213717347687,,,,False
32,7,9,307.6657856864166,-18.0625,6.0,QT450-10,195.0398563279432,,,,False
32,7,10,307.6657856864166,-18.0625,8.0,QT450-10,194.7969723043226,,,,False
32,7,11,307.6657856864166,-18.0625,10.0,QT450-10,194.48553500129162,,,,False
32,7,12,307.6657856864166,-18.0625,12.0,QT450-10,194.10604052854285,,,,False
32,8,0,307.6657856864166,-15.5,-12.0,QT450-10,198.7237890106958,,,,False
32,8,1,307.6657856864166,-15.5,-10.0,QT450-10,199.12366554061202,,,,False
32,8,2,307.6657856864166,-15.5,-8.0,QT450-10,199.45785216981992,,,,False
32,8,3,307.6657856864166,-15.5,-6.0,QT450-10,199.72329389303786,,,,False
32,8,4,307.6657856864166,-15.5,-4.0,QT450-10,199.91646913526097,,,,False
32,8,5,307.6657856864166,-15.5,-2.0,QT450-10,200.0340250346353,,,,False
32,8,6,307.6657856864166,-15.5,0.0,QT450-10,200.073509108854,,,,False
32,8,7,307.6657856864166,-15.5,2.0,QT450-10,200.0340250346353,,,,False
32,8,8,307.6657856864166,-15.5,4.0,QT450-10,199.91646913526097,,,,False
32,8,9,307.6657856864166,-15.5,6.0,QT450-10,199.72329389303786,,,,False
32,8,10,307.6657856864166,-15.5,8.0,QT450-10,199.45785216981992,,,,False
32,8,11,307.6657856864166,-15.5,10.0,QT450-10,199.12366554061202,,,,False
32,8,12,307.6657856864166,-15.5,12.0,QT450-10,198.7237890106958,,,,False
32,9,0,307.6657856864166,-12.9375,-12.0,QT450-10,205.85072794338734,,,,False
32,9,1,307.6657856864166,-12.9375,-10.0,QT450-10,206.31995201871376,,,,False
32,9,2,307.6657856864166,-12.9375,-8.0,QT450-10,206.7612335095848,,,,False
32,9,3,307.6657856864166,-12.9375,-6.0,QT450-10,207.16016241172724,,,,False
32,9,4,307.6657856864166,-12.9375,-4.0,QT450-10,207.49215697288227,,,,False
32,9,5,307.6657856864166,-12.9375,-2.0,QT450-10,207.71986243616925,,,,False
32,9,6,307.6657856864166,-12.9375,0.0,QT450-10,207.80212256726003,,,,False
32,9,7,307.6657856864166,-12.9375,2.0,QT450-10,207.71986243616925,,,,False
32,9,8,307.6657856864166,-12.9375,4.0,QT450-10,207.49215697288227,,,,False
32,9,9,307.6657856864166,-12.9375,6.0,QT450-10,207.16016241172724,,,,False
32,9,10,307.6657856864166,-12.9375,8.0,QT450-10,206.7612335095848,,,,False
32,9,11,307.6657856864166,-12.9375,10.0,QT450-10,206.31995201871376,,,,False
32,9,12,307.6657856864166,-12.9375,12.0,QT450-10,205.85072794338734,,,,False
32,10,0,307.6657856864166,-10.375,-12.0,QT450-10,215.45945922245207,,,,False
32,10,1,307.6657856864166,-10.375,-10.0,QT450-10,216.158227711417,,,,False
32,10,2,307.6657856864166,-10.375,-8.0,QT450-10,217.0569283677158,,,,False
32,10,3,307.6657856864166,-10.375,-6.0,QT450-10,218.22277623750702,,,,False
32,10,4,307.6657856864166,-10.375,-4.0,QT450-10,219.61338679223948,,,,False
32,10,5,307.6657856864166,-10.375,-2.0,QT450-10,220.81749911567954,,,,False
32,10,6,307.6657856864166,-10.375,0.0,QT450-10,221.2996042097146,,,,False
32,10,7,307.6657856864166,-10.375,2.0,QT450-10,220.81749911567954,,,,False
32,10,8,307.6657856864166,-10.375,4.0,QT450-10,219.61338679223945,,,,False
32,10,9,307.6657856864166,-10.375,6.0,QT450-10,218.22277623750702,,,,False
32,10,10,307.6657856864166,-10.375,8.0,QT450-10,217.05692836771578,,,,False
32,10,11,307.6657856864166,-10.375,10.0,QT450-10,216.15822771141697,,,,False
32,10,12,307.6657856864166,-10.375,12.0,QT450-10,215.45945922245204,,,,False
32,11,0,307.6657856864166,-7.8125,-12.0,QT450-10,227.345223688716,,,,False
32,11,1,307.6657856864166,-7.8125,-10.0,QT450-10,228.5815875705308,,,,False
32,11,2,307.6657856864166,-7.8125,-8.0,QT450-10,230.61743940485704,,,,False
32,11,3,307.6657856864166,-7.8125,-6.0,QT450-10,234.0960343677865,,,,False
32,11,4,307.6657856864166,-7.8125,-4.0,QT450-10,244.08373430955646,,,,False
32,11,5,307.6657856864166,-7.8125,-2.0,QT450-10,253.84197810376182,,,,False
32,11,6,307.6657856864166,-7.8125,0.0,QT450-10,258.2091004457392,,,,False
32,11,7,307.6657856864166,-7.8125,2.0,QT450-10,253.84197810376182,,,,False
32,11,8,307.6657856864166,-7.8125,4.0,QT450-10,244.08373430955646,,,,False
32,11,9,307.6657856864166,-7.8125,6.0,QT450-10,234.0960343677865,,,,False
32,11,10,307.6657856864166,-7.8125,8.0,QT450-10,230.617439404857,,,,False
32,11,11,307.6657856864166,-7.8125,10.0,QT450-10,228.58158757053076,,,,False
32,11,12,307.6657856864166,-7.8125,12.0,QT450-10,227.34522368871598,,,,False
32,12,0,307.6657856864166,-5.25,-12.0,QT450-10,239.95493740372953,,,,False
32,12,1,307.6657856864166,-5.25,-10.0,QT450-10,242.00951119043782,,,,False
32,12,2,307.6657856864166,-5.25,-8.0,QT450-10,247.19184585416792,,,,False
32,12,3,307.6657856864166,-5.25,-6.0,QT450-10,262.9356557330608,,,,False
32,12,4,307.6657856864166,-5.25,-4.0,QT450-10,286.6646857616893,,,,False
32,12,5,307.6657856864166,-5.25,-2.0,QT450-10,312.67725352908496,,,,False
32,12,6,307.6657856864166,-5.25,0.0,QT450-10,327.0174765437968,,,,False
32,12,7,307.6657856864166,-5.25,2.0,QT450-10,312.6772535290849,,,,False
32,12,8,307.6657856864166,-5.25,4.0,QT450-10,286.6646857616893,,,,False
32,12,9,307.6657856864166,-5.25,6.0,QT450-10,262.93565573306086,,,,False
32,12,10,307.6657856864166,-5.25,8.0,QT450-10,247.19184585416792,,,,False
32,12,11,307.6657856864166,-5.25,10.0,QT450-10,242.00951119043782,,,,False
32,12,12,307.6657856864166,-5.25,12.0,QT450-10,239.95493740372953,,,,False
32,13,0,307.6657856864166,-2.6875,-12.0,ERNiFe-CI,251.72559450707973,,,,False
32,13,1,307.6657856864166,-2.6875,-10.0,ERNiFe-CI,255.13359635616797,,,,False
32,13,2,307.6657856864166,-2.6875,-8.0,ERNiFe-CI,268.0915563859089,,,,False
32,13,3,307.6657856864166,-2.6875,-6.0,ERNiFe-CI,296.85815080156755,,,,False
32,13,4,307.6657856864166,-2.6875,-4.0,ERNiFe-CI,346.021184616865,,,,False
32,13,5,307.6657856864166,-2.6875,-2.0,ERNiFe-CI,415.55565464014416,,,,False
32,13,6,307.6657856864166,-2.6875,0.0,ERNiFe-CI,474.0342932908299,,,,False
32,13,7,307.6657856864166,-2.6875,2.0,ERNiFe-CI,415.55565464014416,,,,False
32,13,8,307.6657856864166,-2.6875,4.0,ERNiFe-CI,346.021184616865,,,,False
32,13,9,307.6657856864166,-2.6875,6.0,ERNiFe-CI,296.85815080156755,,,,False
32,13,10,307.6657856864166,-2.6875,8.0,ERNiFe-CI,268.091556385909,,,,False
32,13,11,307.6657856864166,-2.6875,10.0,ERNiFe-CI,255.133596356168,,,,False
32,13,12,307.6657856864166,-2.6875,12.0,ERNiFe-CI,251.7255945070797,,,,False
32,14,0,307.6657856864166,-0.125,-12.0,ERNiFe-CI,261.67753823706414,,,,False
32,14,1,307.6657856864166,-0.125,-10.0,ERNiFe-CI,267.52911003860726,,,,False
32,14,2,307.6657856864166,-0.125,-8.0,ERNiFe-CI,284.6913254221282,,,,False
32,14,3,307.6657856864166,-0.125,-6.0,ERNiFe-CI,324.62948615842265,,,,False
32,14,4,307.6657856864166,-0.125,-4.0,ERNiFe-CI,406.17290061103284,,,,False
32,14,5,307.6657856864166,-0.125,-2.0,ERNiFe-CI,576.7642540305793,,,,False
32,14,6,307.6657856864166,-0.125,0.0,ERNiFe-CI,833.0787995213545,208.83342404279114,211.2080958091439,2.374671766352776,True
32,14,7,307.6657856864166,-0.125,2.0,ERNiFe-CI,576.7642540305792,,,,False
32,14,8,307.6657856864166,-0.125,4.0,ERNiFe-CI,406.17290061103284,,,,False
32,14,9,307.6657856864166,-0.125,6.0,ERNiFe-CI,324.62948615842265,,,,False
32,14,10,307.6657856864166,-0.125,8.0,ERNiFe-CI,284.6913254221283,,,,False
32,14,11,307.6657856864166,-0.125,10.0,ERNiFe-CI,267.5291100386073,,,,False
32,14,12,307.6657856864166,-0.125,12.0,ERNiFe-CI,261.67753823706414,,,,False
32,15,0,307.6657856864166,2.4375,-12.0,ERNiFe-CI,268.97928656895795,,,,False
32,15,1,307.6657856864166,2.4375,-10.0,ERNiFe-CI,275.4174087431691,,,,False
32,15,2,307.6657856864166,2.4375,-8.0,ERNiFe-CI,292.0633025263903,,,,False
32,15,3,307.6657856864166,2.4375,-6.0,ERNiFe-CI,325.3366944667254,,,,False
32,15,4,307.6657856864166,2.4375,-4.0,ERNiFe-CI,379.858043673872,,,,False
32,15,5,307.6657856864166,2.4375,-2.0,ERNiFe-CI,455.89823009104407,,,,False
32,15,6,307.6657856864166,2.4375,0.0,ERNiFe-CI,521.1967823499824,,,,False
32,15,7,307.6657856864166,2.4375,2.0,ERNiFe-CI,455.89823009104407,,,,False
32,15,8,307.6657856864166,2.4375,4.0,ERNiFe-CI,379.858043673872,,,,False
32,15,9,307.6657856864166,2.4375,6.0,ERNiFe-CI,325.3366944667254,,,,False
32,15,10,307.6657856864166,2.4375,8.0,ERNiFe-CI,292.0633025263903,,,,False
32,15,11,307.6657856864166,2.4375,10.0,ERNiFe-CI,275.4174087431691,,,,False
32,15,12,307.6657856864166,2.4375,12.0,ERNiFe-CI,268.97928656895795,,,,False
32,16,0,307.6657856864166,5.0,-12.0,Q235B,272.72864167029616,,,,False
32,16,1,307.6657856864166,5.0,-10.0,Q235B,278.72427290938805,,,,False
32,16,2,307.6657856864166,5.0,-8.0,Q235B,293.77552139967963,,,,False
32,16,3,307.6657856864166,5.0,-6.0,Q235B,320.56325544940023,,,,False
32,16,4,307.6657856864166,5.0,-4.0,Q235B,357.34315077582954,,,,False
32,16,5,307.6657856864166,5.0,-2.0,Q235B,395.5961829468105,,,,False
32,16,6,307.6657856864166,5.0,0.0,Q235B,415.87366692154416,,,,False
32,16,7,307.6657856864166,5.0,2.0,Q235B,395.5961829468105,,,,False
32,16,8,307.6657856864166,5.0,4.0,Q235B,357.34315077582954,,,,False
32,16,9,307.6657856864166,5.0,6.0,Q235B,320.5632554494002,,,,False
32,16,10,307.6657856864166,5.0,8.0,Q235B,293.77552139967963,,,,False
32,16,11,307.6657856864166,5.0,10.0,Q235B,278.72427290938805,,,,False
32,16,12,307.6657856864166,5.0,12.0,Q235B,272.72864167029616,,,,False
33,0,0,317.2803414891171,-36.0,-12.0,QT450-10,183.83470666812275,,,,False
33,0,1,317.2803414891171,-36.0,-10.0,QT450-10,183.9567102577127,,,,False
33,0,2,317.2803414891171,-36.0,-8.0,QT450-10,184.1051095098696,,,,False
33,0,3,317.2803414891171,-36.0,-6.0,QT450-10,184.24039875560192,,,,False
33,0,4,317.2803414891171,-36.0,-4.0,QT450-10,184.34485185274616,,,,False
33,0,5,317.2803414891171,-36.0,-2.0,QT450-10,184.4100616175071,,,,False
33,0,6,317.2803414891171,-36.0,0.0,QT450-10,184.4321733022347,,,,False
33,0,7,317.2803414891171,-36.0,2.0,QT450-10,184.4100616175071,,,,False
33,0,8,317.2803414891171,-36.0,4.0,QT450-10,184.34485185274616,,,,False
33,0,9,317.2803414891171,-36.0,6.0,QT450-10,184.24039875560192,,,,False
33,0,10,317.2803414891171,-36.0,8.0,QT450-10,184.1051095098696,,,,False
33,0,11,317.2803414891171,-36.0,10.0,QT450-10,183.9567102577127,,,,False
33,0,12,317.2803414891171,-36.0,12.0,QT450-10,183.83470666812275,,,,False
33,1,0,317.2803414891171,-33.4375,-12.0,QT450-10,184.3316434042592,,,,False
33,1,1,317.2803414891171,-33.4375,-10.0,QT450-10,184.61130079685617,,,,False
33,1,2,317.2803414891171,-33.4375,-8.0,QT450-10,184.8254059611619,,,,False
33,1,3,317.2803414891171,-33.4375,-6.0,QT450-10,184.99057268449147,,,,False
33,1,4,317.2803414891171,-33.4375,-4.0,QT450-10,185.10942800080247,,,,False
33,1,5,317.2803414891171,-33.4375,-2.0,QT450-10,185.18134098374597,,,,False
33,1,6,317.2803414891171,-33.4375,0.0,QT450-10,185.20542720496638,,,,False
33,1,7,317.2803414891171,-33.4375,2.0,QT450-10,185.18134098374597,,,,False
33,1,8,317.2803414891171,-33.4375,4.0,QT450-10,185.10942800080247,,,,False
33,1,9,317.2803414891171,-33.4375,6.0,QT450-10,184.99057268449147,,,,False
33,1,10,317.2803414891171,-33.4375,8.0,QT450-10,184.8254059611619,,,,False
33,1,11,317.2803414891171,-33.4375,10.0,QT450-10,184.61130079685617,,,,False
33,1,12,317.2803414891171,-33.4375,12.0,QT450-10,184.3316434042592,,,,False
33,2,0,317.2803414891171,-30.875,-12.0,QT450-10,185.08127227403415,,,,False
33,2,1,317.2803414891171,-30.875,-10.0,QT450-10,185.40687676972345,,,,False
33,2,2,317.2803414891171,-30.875,-8.0,QT450-10,185.65947839352089,,,,False
33,2,3,317.2803414891171,-30.875,-6.0,QT450-10,185.85025844919414,,,,False
33,2,4,317.2803414891171,-30.875,-4.0,QT450-10,185.9845878600045,,,,False
33,2,5,317.2803414891171,-30.875,-2.0,QT450-10,186.06467808401962,,,,False
33,2,6,317.2803414891171,-30.875,0.0,QT450-10,186.09131375927117,,,,False
33,2,7,317.2803414891171,-30.875,2.0,QT450-10,186.06467808401962,,,,False
33,2,8,317.2803414891171,-30.875,4.0,QT450-10,185.9845878600045,,,,False
33,2,9,317.2803414891171,-30.875,6.0,QT450-10,185.85025844919414,,,,False
33,2,10,317.2803414891171,-30.875,8.0,QT450-10,185.65947839352089,,,,False
33,2,11,317.2803414891171,-30.875,10.0,QT450-10,185.40687676972345,,,,False
33,2,12,317.2803414891171,-30.875,12.0,QT450-10,185.08127227403415,,,,False
33,3,0,317.2803414891171,-28.3125,-12.0,QT450-10,186.03900006831563,,,,False
33,3,1,317.2803414891171,-28.3125,-10.0,QT450-10,186.3824040438066,,,,False
33,3,2,317.2803414891171,-28.3125,-8.0,QT450-10,186.65527114116887,,,,False
33,3,3,317.2803414891171,-28.3125,-6.0,QT450-10,186.86294474832553,,,,False
33,3,4,317.2803414891171,-28.3125,-4.0,QT450-10,187.00918737762714,,,,False
33,3,5,317.2803414891171,-28.3125,-2.0,QT450-10,187.09620943468818,,,,False
33,3,6,317.2803414891171,-28.3125,0.0,QT450-10,187.1251081584273,,,,False
33,3,7,317.2803414891171,-28.3125,2.0,QT450-10,187.09620943468818,,,,False
33,3,8,317.2803414891171,-28.3125,4.0,QT450-10,187.00918737762714,,,,False
33,3,9,317.2803414891171,-28.3125,6.0,QT450-10,186.86294474832553,,,,False
33,3,10,317.2803414891171,-28.3125,8.0,QT450-10,186.65527114116887,,,,False
33,3,11,317.2803414891171,-28.3125,10.0,QT450-10,186.3824040438066,,,,False
33,3,12,317.2803414891171,-28.3125,12.0,QT450-10,186.03900006831563,,,,False
33,4,0,317.2803414891171,-25.75,-12.0,QT450-10,187.2306855721918,,,,False
33,4,1,317.2803414891171,-25.75,-10.0,QT450-10,187.58370546538498,,,,False
33,4,2,317.2803414891171,-25.75,-8.0,QT450-10,187.8683074803314,,,,False
33,4,3,317.2803414891171,-25.75,-6.0,QT450-10,188.08688583766425,,,,False
33,4,4,317.2803414891171,-25.75,-4.0,QT450-10,188.24154878075583,,,,False
33,4,5,317.2803414891171,-25.75,-2.0,QT450-10,188.33378373043013,,,,False
33,4,6,317.2803414891171,-25.75,0.0,QT450-10,188.3644381317201,,,,False
33,4,7,317.2803414891171,-25.75,2.0,QT450-10,188.33378373043013,,,,False
33,4,8,317.2803414891171,-25.75,4.0,QT450-10,188.24154878075583,,,,False
33,4,9,317.2803414891171,-25.75,6.0,QT450-10,188.08688583766425,,,,False
33,4,10,317.2803414891171,-25.75,8.0,QT450-10,187.8683074803314,,,,False
33,4,11,317.2803414891171,-25.75,10.0,QT450-10,187.58370546538498,,,,False
33,4,12,317.2803414891171,-25.75,12.0,QT450-10,187.2306855721918,,,,False
33,5,0,317.2803414891171,-23.1875,-12.0,QT450-10,188.7392653293573,,,,False
33,5,1,317.2803414891171,-23.1875,-10.0,QT450-10,189.09961269968704,,,,False
33,5,2,317.2803414891171,-23.1875,-8.0,QT450-10,189.3924930388581,,,,False
33,5,3,317.2803414891171,-23.1875,-6.0,QT450-10,189.61888595205065,,,,False
33,5,4,317.2803414891171,-23.1875,-4.0,QT450-10,189.77979504947635,,,,False
33,5,5,317.2803414891171,-23.1875,-2.0,QT450-10,189.87601389914968,,,,False
33,5,6,317.2803414891171,-23.1875,0.0,QT450-10,189.90803225778234,,,,False
33,5,7,317.2803414891171,-23.1875,2.0,QT450-10,189.87601389914968,,,,False
33,5,8,317.2803414891171,-23.1875,4.0,QT450-10,189.77979504947635,,,,False
33,5,9,317.2803414891171,-23.1875,6.0,QT450-10,189.61888595205065,,,,False
33,5,10,317.2803414891171,-23.1875,8.0,QT450-10,189.3924930388581,,,,False
33,5,11,317.2803414891171,-23.1875,10.0,QT450-10,189.09961269968704,,,,False
33,5,12,317.2803414891171,-23.1875,12.0,QT450-10,188.7392653293573,,,,False
33,6,0,317.2803414891171,-20.625,-12.0,QT450-10,190.74299580473524,,,,False
33,6,1,317.2803414891171,-20.625,-10.0,QT450-10,191.11090694416075,,,,False
33,6,2,317.2803414891171,-20.625,-8.0,QT450-10,191.41142955978157,,,,False
33,6,3,317.2803414891171,-20.625,-6.0,QT450-10,191.64476803104887,,,,False
33,6,4,317.2803414891171,-20.625,-4.0,QT450-10,191.81119140222606,,,,False
33,6,5,317.2803414891171,-20.625,-2.0,QT450-10,191.91093945037213,,,,False
33,6,6,317.2803414891171,-20.625,0.0,QT450-10,191.94417056638116,,,,False
33,6,7,317.2803414891171,-20.625,2.0,QT450-10,191.91093945037213,,,,False
33,6,8,317.2803414891171,-20.625,4.0,QT450-10,191.81119140222606,,,,False
33,6,9,317.2803414891171,-20.625,6.0,QT450-10,191.64476803104887,,,,False
33,6,10,317.2803414891171,-20.625,8.0,QT450-10,191.41142955978157,,,,False
33,6,11,317.2803414891171,-20.625,10.0,QT450-10,191.11090694416075,,,,False
33,6,12,317.2803414891171,-20.625,12.0,QT450-10,190.74299580473524,,,,False
33,7,0,317.2803414891171,-18.0625,-12.0,QT450-10,193.63463335823508,,,,False
33,7,1,317.2803414891171,-18.0625,-10.0,QT450-10,194.01269717134844,,,,False
33,7,2,317.2803414891171,-18.0625,-8.0,QT450-10,194.32294206117157,,,,False
33,7,3,317.2803414891171,-18.0625,-6.0,QT450-10,194.56487547705035,,,,False
33,7,4,317.2803414891171,-18.0625,-4.0,QT450-10,194.73805112847444,,,,False
33,7,5,317.2803414891171,-18.0625,-2.0,QT450-10,194.84210757046228,,,,False
33,7,6,317.2803414891171,-18.0625,0.0,QT450-10,194.87681856148393,,,,False
33,7,7,317.2803414891171,-18.0625,2.0,QT450-10,194.84210757046228,,,,False
33,7,8,317.2803414891171,-18.0625,4.0,QT450-10,194.73805112847444,,,,False
33,7,9,317.2803414891171,-18.0625,6.0,QT450-10,194.56487547705035,,,,False
33,7,10,317.2803414891171,-18.0625,8.0,QT450-10,194.32294206117157,,,,False
33,7,11,317.2803414891171,-18.0625,10.0,QT450-10,194.01269717134844,,,,False
33,7,12,317.2803414891171,-18.0625,12.0,QT450-10,193.63463335823508,,,,False
33,8,0,317.2803414891171,-15.5,-12.0,QT450-10,198.21523943095656,,,,False
33,8,1,317.2803414891171,-15.5,-10.0,QT450-10,198.61338974504432,,,,False
33,8,2,317.2803414891171,-15.5,-8.0,QT450-10,198.945987987129,,,,False
33,8,3,317.2803414891171,-15.5,-6.0,QT450-10,199.21004744453583,,,,False
33,8,4,317.2803414891171,-15.5,-4.0,QT450-10,199.40213265860984,,,,False
33,8,5,317.2803414891171,-15.5,-2.0,QT450-10,199.51898101715892,,,,False
33,8,6,317.2803414891171,-15.5,0.0,QT450-10,199.55822864312717,,,,False
33,8,7,317.2803414891171,-15.5,2.0,QT450-10,199.51898101715892,,,,False
33,8,8,317.2803414891171,-15.5,4.0,QT450-10,199.40213265860984,,,,False
33,8,9,317.2803414891171,-15.5,6.0,QT450-10,199.21004744453583,,,,False
33,8,10,317.2803414891171,-15.5,8.0,QT450-10,198.945987987129,,,,False
33,8,11,317.2803414891171,-15.5,10.0,QT450-10,198.61338974504432,,,,False
33,8,12,317.2803414891171,-15.5,12.0,QT450-10,198.21523943095656,,,,False
33,9,0,317.2803414891171,-12.9375,-12.0,QT450-10,205.31250862460612,,,,False
33,9,1,317.2803414891171,-12.9375,-10.0,QT450-10,205.7793305831578,,,,False
33,9,2,317.2803414891171,-12.9375,-8.0,QT450-10,206.2179346756425,,,,False
33,9,3,317.2803414891171,-12.9375,-6.0,QT450-10,206.613984472099,,,,False
33,9,4,317.2803414891171,-12.9375,-4.0,QT450-10,206.9432491518726,,,,False
33,9,5,317.2803414891171,-12.9375,-2.0,QT450-10,207.16887105788092,,,,False
33,9,6,317.2803414891171,-12.9375,0.0,QT450-10,207.25035427416128,,,,False
33,9,7,317.2803414891171,-12.9375,2.0,QT450-10,207.16887105788092,,,,False
33,9,8,317.2803414891171,-12.9375,4.0,QT450-10,206.9432491518726,,,,False
33,9,9,317.2803414891171,-12.9375,6.0,QT450-10,206.613984472099,,,,False
33,9,10,317.2803414891171,-12.9375,8.0,QT450-10,206.2179346756425,,,,False
33,9,11,317.2803414891171,-12.9375,10.0,QT450-10,205.7793305831578,,,,False
33,9,12,317.2803414891171,-12.9375,12.0,QT450-10,205.31250862460612,,,,False
33,10,0,317.2803414891171,-10.375,-12.0,QT450-10,214.90248597716982,,,,False
33,10,1,317.2803414891171,-10.375,-10.0,QT450-10,215.5974686660218,,,,False
33,10,2,317.2803414891171,-10.375,-8.0,QT450-10,216.49070787504925,,,,False
33,10,3,317.2803414891171,-10.375,-6.0,QT450-10,217.65025857155936,,,,False
33,10,4,317.2803414891171,-10.375,-4.0,QT450-10,219.03595100604696,,,,False
33,10,5,317.2803414891171,-10.375,-2.0,QT450-10,220.23718119345898,,,,False
33,10,6,317.2803414891171,-10.375,0.0,QT450-10,220.71819570211514,,,,False
33,10,7,317.2803414891171,-10.375,2.0,QT450-10,220.23718119345898,,,,False
33,10,8,317.2803414891171,-10.375,4.0,QT450-10,219.03595100604696,,,,False
33,10,9,317.2803414891171,-10.375,6.0,QT450-10,217.65025857155936,,,,False
33,10,10,317.2803414891171,-10.375,8.0,QT450-10,216.49070787504925,,,,False
33,10,11,317.2803414891171,-10.375,10.0,QT450-10,215.5974686660218,,,,False
33,10,12,317.2803414891171,-10.375,12.0,QT450-10,214.90248597716982,,,,False
33,11,0,317.2803414891171,-7.8125,-12.0,QT450-10,226.77705846134296,,,,False
33,11,1,317.2803414891171,-7.8125,-10.0,QT450-10,228.00962804426322,,,,False
33,11,2,317.2803414891171,-7.8125,-8.0,QT450-10,230.0403292324594,,,,False
33,11,3,317.2803414891171,-7.8125,-6.0,QT450-10,233.4985791083554,,,,False
33,11,4,317.2803414891171,-7.8125,-4.0,QT450-10,243.4862957556558,,,,False
33,11,5,317.2803414891171,-7.8125,-2.0,QT450-10,253.24380174107424,,,,False
33,11,6,317.2803414891171,-7.8125,0.0,QT450-10,257.6096913097491,,,,False
33,11,7,317.2803414891171,-7.8125,2.0,QT450-10,253.2438017410742,,,,False
33,11,8,317.2803414891171,-7.8125,4.0,QT450-10,243.4862957556558,,,,False
33,11,9,317.2803414891171,-7.8125,6.0,QT450-10,233.4985791083554,,,,False
33,11,10,317.2803414891171,-7.8125,8.0,QT450-10,230.0403292324594,,,,False
33,11,11,317.2803414891171,-7.8125,10.0,QT450-10,228.00962804426322,,,,False
33,11,12,317.2803414891171,-7.8125,12.0,QT450-10,226.77705846134296,,,,False
33,12,0,317.2803414891171,-5.25,-12.0,QT450-10,239.38184730360072,,,,False
33,12,1,317.2803414891171,-5.25,-10.0,QT450-10,241.43165915799776,,,,False
33,12,2,317.2803414891171,-5.25,-8.0,QT450-10,246.59515603551662,,,,False
33,12,3,317.2803414891171,-5.25,-6.0,QT450-10,262.3381359066179,,,,False
33,12,4,317.2803414891171,-5.25,-4.0,QT450-10,286.06534383931546,,,,False
33,12,5,317.2803414891171,-5.25,-2.0,QT450-10,312.0779253222767,,,,False
33,12,6,317.2803414891171,-5.25,0.0,QT450-10,326.4187681722427,,,,False
33,12,7,317.2803414891171,-5.25,2.0,QT450-10,312.0779253222767,,,,False
33,12,8,317.2803414891171,-5.25,4.0,QT450-10,286.06534383931546,,,,False
33,12,9,317.2803414891171,-5.25,6.0,QT450-10,262.3381359066179,,,,False
33,12,10,317.2803414891171,-5.25,8.0,QT450-10,246.59515603551662,,,,False
33,12,11,317.2803414891171,-5.25,10.0,QT450-10,241.43165915799773,,,,False
33,12,12,317.2803414891171,-5.25,12.0,QT450-10,239.38184730360072,,,,False
33,13,0,317.2803414891171,-2.6875,-12.0,ERNiFe-CI,251.14902659842843,,,,False
33,13,1,317.2803414891171,-2.6875,-10.0,ERNiFe-CI,254.54152038599582,,,,False
33,13,2,317.2803414891171,-2.6875,-8.0,ERNiFe-CI,267.4962867760334,,,,False
33,13,3,317.2803414891171,-2.6875,-6.0,ERNiFe-CI,296.2587016679286,,,,False
33,13,4,317.2803414891171,-2.6875,-4.0,ERNiFe-CI,345.42179519136613,,,,False
33,13,5,317.2803414891171,-2.6875,-2.0,ERNiFe-CI,414.95625608175874,,,,False
33,13,6,317.2803414891171,-2.6875,0.0,ERNiFe-CI,473.44217114641395,,,,False
33,13,7,317.2803414891171,-2.6875,2.0,ERNiFe-CI,414.95625608175874,,,,False
33,13,8,317.2803414891171,-2.6875,4.0,ERNiFe-CI,345.42179519136613,,,,False
33,13,9,317.2803414891171,-2.6875,6.0,ERNiFe-CI,296.25870166792856,,,,False
33,13,10,317.2803414891171,-2.6875,8.0,ERNiFe-CI,267.4962867760334,,,,False
33,13,11,317.2803414891171,-2.6875,10.0,ERNiFe-CI,254.54152038599582,,,,False
33,13,12,317.2803414891171,-2.6875,12.0,ERNiFe-CI,251.1490265984284,,,,False
33,14,0,317.2803414891171,-0.125,-12.0,ERNiFe-CI,261.0960147292711,,,,False
33,14,1,317.2803414891171,-0.125,-10.0,ERNiFe-CI,266.9362155530137,,,,False
33,14,2,317.2803414891171,-0.125,-8.0,ERNiFe-CI,284.0972552700426,,,,False
33,14,3,317.2803414891171,-0.125,-6.0,ERNiFe-CI,324.0323949973796,,,,False
33,14,4,317.2803414891171,-0.125,-4.0,ERNiFe-CI,405.57727845408937,,,,False
33,14,5,317.2803414891171,-0.125,-2.0,ERNiFe-CI,576.1745155209344,,,,False
33,14,6,317.2803414891171,-0.125,0.0,ERNiFe-CI,832.4935040268027,215.23537759603013,217.6119853787574,2.3766077827272625,True
33,14,7,317.2803414891171,-0.125,2.0,ERNiFe-CI,576.1745155209344,,,,False
33,14,8,317.2803414891171,-0.125,4.0,ERNiFe-CI,405.57727845408937,,,,False
33,14,9,317.2803414891171,-0.125,6.0,ERNiFe-CI,324.0323949973796,,,,False
33,14,10,317.2803414891171,-0.125,8.0,ERNiFe-CI,284.0972552700426,,,,False
33,14,11,317.2803414891171,-0.125,10.0,ERNiFe-CI,266.9362155530137,,,,False
33,14,12,317.2803414891171,-0.125,12.0,ERNiFe-CI,261.0960147292711,,,,False
33,15,0,317.2803414891171,2.4375,-12.0,ERNiFe-CI,268.3932655258433,,,,False
33,15,1,317.2803414891171,2.4375,-10.0,ERNiFe-CI,274.8264286781318,,,,False
33,15,2,317.2803414891171,2.4375,-8.0,ERNiFe-CI,291.47360356217774,,,,False
33,15,3,317.2803414891171,2.4375,-6.0,ERNiFe-CI,324.7447476925921,,,,False
33,15,4,317.2803414891171,2.4375,-4.0,ERNiFe-CI,379.26575010898586,,,,False
33,15,5,317.2803414891171,2.4375,-2.0,ERNiFe-CI,455.3095756030127,,,,False
33,15,6,317.2803414891171,2.4375,0.0,ERNiFe-CI,520.608305017884,,,,False
33,15,7,317.2803414891171,2.4375,2.0,ERNiFe-CI,455.3095756030127,,,,False
33,15,8,317.2803414891171,2.4375,4.0,ERNiFe-CI,379.26575010898586,,,,False
33,15,9,317.2803414891171,2.4375,6.0,ERNiFe-CI,324.7447476925921,,,,False
33,15,10,317.2803414891171,2.4375,8.0,ERNiFe-CI,291.47360356217774,,,,False
33,15,11,317.2803414891171,2.4375,10.0,ERNiFe-CI,274.8264286781318,,,,False
33,15,12,317.2803414891171,2.4375,12.0,ERNiFe-CI,268.3932655258433,,,,False
33,16,0,317.2803414891171,5.0,-12.0,Q235B,272.14286968336864,,,,False
33,16,1,317.2803414891171,5.0,-10.0,Q235B,278.136322630654,,,,False
33,16,2,317.2803414891171,5.0,-8.0,Q235B,293.18996853130704,,,,False
33,16,3,317.2803414891171,5.0,-6.0,Q235B,319.97799948036175,,,,False
33,16,4,317.2803414891171,5.0,-4.0,Q235B,356.7621585196635,,,,False
33,16,5,317.2803414891171,5.0,-2.0,Q235B,395.0164645857259,,,,False
33,16,6,317.2803414891171,5.0,0.0,Q235B,415.2930055672227,,,,False
33,16,7,317.2803414891171,5.0,2.0,Q235B,395.0164645857259,,,,False
33,16,8,317.2803414891171,5.0,4.0,Q235B,356.7621585196635,,,,False
33,16,9,317.2803414891171,5.0,6.0,Q235B,319.97799948036175,,,,False
33,16,10,317.2803414891171,5.0,8.0,Q235B,293.18996853130704,,,,False
33,16,11,317.2803414891171,5.0,10.0,Q235B,278.136322630654,,,,False
33,16,12,317.2803414891171,5.0,12.0,Q235B,272.14286968336864,,,,False
34,0,0,326.89489729181764,-36.0,-12.0,QT450-10,183.55958084494176,,,,False
34,0,1,326.89489729181764,-36.0,-10.0,QT450-10,183.68130572201653,,,,False
34,0,2,326.89489729181764,-36.0,-8.0,QT450-10,183.82936559486302,,,,False
34,0,3,326.89489729181764,-36.0,-6.0,QT450-10,183.96434514384217,,,,False
34,0,4,326.89489729181764,-36.0,-4.0,QT450-10,184.06855894756464,,,,False
34,0,5,326.89489729181764,-36.0,-2.0,QT450-10,184.1336192420817,,,,False
34,0,6,326.89489729181764,-36.0,0.0,QT450-10,184.15568022977075,,,,False
34,0,7,326.89489729181764,-36.0,2.0,QT450-10,184.1336192420817,,,,False
34,0,8,326.89489729181764,-36.0,4.0,QT450-10,184.06855894756464,,,,False
34,0,9,326.89489729181764,-36.0,6.0,QT450-10,183.96434514384217,,,,False
34,0,10,326.89489729181764,-36.0,8.0,QT450-10,183.82936559486302,,,,False
34,0,11,326.89489729181764,-36.0,10.0,QT450-10,183.68130572201653,,,,False
34,0,12,326.89489729181764,-36.0,12.0,QT450-10,183.55958084494176,,,,False
34,1,0,326.89489729181764,-33.4375,-12.0,QT450-10,184.05367512025248,,,,False
34,1,1,326.89489729181764,-33.4375,-10.0,QT450-10,184.33269224651806,,,,False
34,1,2,326.89489729181764,-33.4375,-8.0,QT450-10,184.54630534967228,,,,False
34,1,3,326.89489729181764,-33.4375,-6.0,QT450-10,184.71109103288276,,,,False
34,1,4,326.89489729181764,-33.4375,-4.0,QT450-10,184.82967165327025,,,,False
34,1,5,326.89489729181764,-33.4375,-2.0,QT450-10,184.90141827315713,,,,False
34,1,6,326.89489729181764,-33.4375,0.0,QT450-10,184.9254487485748,,,,False
34,1,7,326.89489729181764,-33.4375,2.0,QT450-10,184.90141827315713,,,,False
34,1,8,326.89489729181764,-33.4375,4.0,QT450-10,184.82967165327025,,,,False
34,1,9,326.89489729181764,-33.4375,6.0,QT450-10,184.71109103288276,,,,False
34,1,10,326.89489729181764,-33.4375,8.0,QT450-10,184.54630534967228,,,,False
34,1,11,326.89489729181764,-33.4375,10.0,QT450-10,184.33269224651806,,,,False
34,1,12,326.89489729181764,-33.4375,12.0,QT450-10,184.05367512025248,,,,False
34,2,0,326.89489729181764,-30.875,-12.0,QT450-10,184.7980426422471,,,,False
34,2,1,326.89489729181764,-30.875,-10.0,QT450-10,185.1228903279296,,,,False
34,2,2,326.89489729181764,-30.875,-8.0,QT450-10,185.37490275289989,,,,False
34,2,3,326.89489729181764,-30.875,-6.0,QT450-10,185.56523647506145,,,,False
34,2,4,326.89489729181764,-30.875,-4.0,QT450-10,185.69925067800924,,,,False
34,2,5,326.89489729181764,-30.875,-2.0,QT450-10,185.77915271253167,,,,False
34,2,6,326.89489729181764,-30.875,0.0,QT450-10,185.80572576085277,,,,False
34,2,7,326.89489729181764,-30.875,2.0,QT450-10,185.77915271253167,,,,False
34,2,8,326.89489729181764,-30.875,4.0,QT450-10,185.69925067800924,,,,False
34,2,9,326.89489729181764,-30.875,6.0,QT450-10,185.56523647506145,,,,False
34,2,10,326.89489729181764,-30.875,8.0,QT450-10,185.37490275289989,,,,False
34,2,11,326.89489729181764,-30.875,10.0,QT450-10,185.1228903279296,,,,False
34,2,12,326.89489729181764,-30.875,12.0,QT450-10,184.7980426422471,,,,False
34,3,0,326.89489729181764,-28.3125,-12.0,QT450-10,185.74790635110236,,,,False
34,3,1,326.89489729181764,-28.3125,-10.0,QT450-10,186.09049383270684,,,,False
34,3,2,326.89489729181764,-28.3125,-8.0,QT450-10,186.3627096760848,,,,False
34,3,3,326.89489729181764,-28.3125,-6.0,QT450-10,186.56988603109173,,,,False
34,3,4,326.89489729181764,-28.3125,-4.0,QT450-10,186.71577764756137,,,,False
34,3,5,326.89489729181764,-28.3125,-2.0,QT450-10,186.8025904992379,,,,False
34,3,6,326.89489729181764,-28.3125,0.0,QT450-10,186.83141969409266,,,,False
34,3,7,326.89489729181764,-28.3125,2.0,QT450-10,186.8025904992379,,,,False
34,3,8,326.89489729181764,-28.3125,4.0,QT450-10,186.71577764756137,,,,False
34,3,9,326.89489729181764,-28.3125,6.0,QT450-10,186.56988603109173,,,,False
34,3,10,326.89489729181764,-28.3125,8.0,QT450-10,186.3627096760848,,,,False
34,3,11,326.89489729181764,-28.3125,10.0,QT450-10,186.09049383270684,,,,False
34,3,12,326.89489729181764,-28.3125,12.0,QT450-10,185.74790635110236,,,,False
34,4,0,326.89489729181764,-25.75,-12.0,QT450-10,186.92855129002473,,,,False
34,4,1,326.89489729181764,-25.75,-10.0,QT450-10,187.2807045131559,,,,False
34,4,2,326.89489729181764,-25.75,-8.0,QT450-10,187.56460529718288,,,,False
34,4,3,326.89489729181764,-25.75,-6.0,QT450-10,187.78264336025046,,,,False
34,4,4,326.89489729181764,-25.75,-4.0,QT450-10,187.9369230165908,,,,False
34,4,5,326.89489729181764,-25.75,-2.0,QT450-10,188.0289289856747,,,,False
34,4,6,326.89489729181764,-25.75,0.0,QT450-10,188.05950721694782,,,,False
34,4,7,326.89489729181764,-25.75,2.0,QT450-10,188.0289289856747,,,,False
34,4,8,326.89489729181764,-25.75,4.0,QT450-10,187.9369230165908,,,,False
34,4,9,326.89489729181764,-25.75,6.0,QT450-10,187.78264336025046,,,,False
34,4,10,326.89489729181764,-25.75,8.0,QT450-10,187.56460529718288,,,,False
34,4,11,326.89489729181764,-25.75,10.0,QT450-10,187.2807045131559,,,,False
34,4,12,326.89489729181764,-25.75,12.0,QT450-10,186.92855129002473,,,,False
34,5,0,326.89489729181764,-23.1875,-12.0,QT450-10,188.4218192565918,,,,False
34,5,1,326.89489729181764,-23.1875,-10.0,QT450-10,188.78124253540705,,,,False
34,5,2,326.89489729181764,-23.1875,-8.0,QT450-10,189.07336884042417,,,,False
34,5,3,326.89489729181764,-23.1875,-6.0,QT450-10,189.29917679415735,,,,False
34,5,4,326.89489729181764,-23.1875,-4.0,QT450-10,189.45966890361706,,,,False
34,5,5,326.89489729181764,-23.1875,-2.0,QT450-10,189.55563788882546,,,,False
34,5,6,326.89489729181764,-23.1875,0.0,QT450-10,189.58757301213313,,,,False
34,5,7,326.89489729181764,-23.1875,2.0,QT450-10,189.55563788882546,,,,False
34,5,8,326.89489729181764,-23.1875,4.0,QT450-10,189.45966890361706,,,,False
34,5,9,326.89489729181764,-23.1875,6.0,QT450-10,189.29917679415735,,,,False
34,5,10,326.89489729181764,-23.1875,8.0,QT450-10,189.07336884042417,,,,False
34,5,11,326.89489729181764,-23.1875,10.0,QT450-10,188.78124253540705,,,,False
34,5,12,326.89489729181764,-23.1875,12.0,QT450-10,188.4218192565918,,,,False
34,6,0,326.89489729181764,-20.625,-12.0,QT450-10,190.4039921168593,,,,False
34,6,1,326.89489729181764,-20.625,-10.0,QT450-10,190.77090164219752,,,,False
34,6,2,326.89489729181764,-20.625,-8.0,QT450-10,191.0706011168547,,,,False
34,6,3,326.89489729181764,-20.625,-6.0,QT450-10,191.3032968683352,,,,False
34,6,4,326.89489729181764,-20.625,-4.0,QT450-10,191.46925969424964,,,,False
34,6,5,326.89489729181764,-20.625,-2.0,QT450-10,191.5687307909175,,,,False
34,6,6,326.89489729181764,-20.625,0.0,QT450-10,191.6018694812407,,,,False
34,6,7,326.89489729181764,-20.625,2.0,QT450-10,191.5687307909175,,,,False
34,6,8,326.89489729181764,-20.625,4.0,QT450-10,191.46925969424964,,,,False
34,6,9,326.89489729181764,-20.625,6.0,QT450-10,191.3032968683352,,,,False
34,6,10,326.89489729181764,-20.625,8.0,QT450-10,191.0706011168547,,,,False
34,6,11,326.89489729181764,-20.625,10.0,QT450-10,190.77090164219752,,,,False
34,6,12,326.89489729181764,-20.625,12.0,QT450-10,190.4039921168593,,,,False
34,7,0,326.89489729181764,-18.0625,-12.0,QT450-10,193.26496319302183,,,,False
34,7,1,326.89489729181764,-18.0625,-10.0,QT450-10,193.64189960043277,,,,False
34,7,2,326.89489729181764,-18.0625,-8.0,QT450-10,193.95120303062174,,,,False
34,7,3,326.89489729181764,-18.0625,-6.0,QT450-10,194.19239064732244,,,,False
34,7,4,326.89489729181764,-18.0625,-4.0,QT450-10,194.36501853602775,,,,False
34,7,5,326.89489729181764,-18.0625,-2.0,QT450-10,194.4687406921944,,,,False
34,7,6,326.89489729181764,-18.0625,0.0,QT450-10,194.50333942208405,,,,False
34,7,7,326.89489729181764,-18.0625,2.0,QT450-10,194.4687406921944,,,,False
34,7,8,326.89489729181764,-18.0625,4.0,QT450-10,194.36501853602775,,,,False
34,7,9,326.89489729181764,-18.0625,6.0,QT450-10,194.19239064732244,,,,False
34,7,10,326.89489729181764,-18.0625,8.0,QT450-10,193.95120303062174,,,,False
34,7,11,326.89489729181764,-18.0625,10.0,QT450-10,193.64189960043277,,,,False
34,7,12,326.89489729181764,-18.0625,12.0,QT450-10,193.26496319302183,,,,False
34,8,0,326.89489729181764,-15.5,-12.0,QT450-10,197.8076664015539,,,,False
34,8,1,326.89489729181764,-15.5,-10.0,QT450-10,198.20439439521164,,,,False
34,8,2,326.89489729181764,-15.5,-8.0,QT450-10,198.53565492457398,,,,False
34,8,3,326.89489729181764,-15.5,-6.0,QT450-10,198.7985257414125,,,,False
34,8,4,326.89489729181764,-15.5,-4.0,QT450-10,198.98966050774416,,,,False
34,8,5,326.89489729181764,-15.5,-2.0,QT450-10,199.10588972719563,,,,False
34,8,6,326.89489729181764,-15.5,0.0,QT450-10,199.1449117824059,,,,False
34,8,7,326.89489729181764,-15.5,2.0,QT450-10,199.10588972719563,,,,False
34,8,8,326.89489729181764,-15.5,4.0,QT450-10,198.98966050774416,,,,False
34,8,9,326.89489729181764,-15.5,6.0,QT450-10,198.7985257414125,,,,False
34,8,10,326.89489729181764,-15.5,8.0,QT450-10,198.53565492457398,,,,False
34,8,11,326.89489729181764,-15.5,10.0,QT450-10,198.20439439521164,,,,False
34,8,12,326.89489729181764,-15.5,12.0,QT450-10,197.8076664015539,,,,False
34,9,0,326.89489729181764,-12.9375,-12.0,QT450-10,204.87215210062345,,,,False
34,9,1,326.89489729181764,-12.9375,-10.0,QT450-10,205.3368438109752,,,,False
34,9,2,326.89489729181764,-12.9375,-8.0,QT450-10,205.77284717670878,,,,False
34,9,3,326.89489729181764,-12.9375,-6.0,QT450-10,206.1659986735718,,,,False
34,9,4,326.89489729181764,-12.9375,-4.0,QT450-10,206.4923879111201,,,,False
34,9,5,326.89489729181764,-12.9375,-2.0,QT450-10,206.71581727247232,,,,False
34,9,6,326.89489729181764,-12.9375,0.0,QT450-10,206.7964607667494,,,,False
34,9,7,326.89489729181764,-12.9375,2.0,QT450-10,206.71581727247232,,,,False
34,9,8,326.89489729181764,-12.9375,4.0,QT450-10,206.4923879111201,,,,False
34,9,9,326.89489729181764,-12.9375,6.0,QT450-10,206.1659986735718,,,,False
34,9,10,326.89489729181764,-12.9375,8.0,QT450-10,205.77284717670878,,,,False
34,9,11,326.89489729181764,-12.9375,10.0,QT450-10,205.3368438109752,,,,False
34,9,12,326.89489729181764,-12.9375,12.0,QT450-10,204.87215210062345,,,,False
34,10,0,326.89489729181764,-10.375,-12.0,QT450-10,214.44026119234405,,,,False
34,10,1,326.89489729181764,-10.375,-10.0,QT450-10,215.1316297177229,,,,False
34,10,2,326.89489729181764,-10.375,-8.0,QT450-10,216.01934635881727,,,,False
34,10,3,326.89489729181764,-10.375,-6.0,QT450-10,217.17241373580396,,,,False
34,10,4,326.89489729181764,-10.375,-4.0,QT450-10,218.55293100615881,,,,False
34,10,5,326.89489729181764,-10.375,-2.0,QT450-10,219.75116297247067,,,,False
34,10,6,326.89489729181764,-10.375,0.0,QT450-10,220.231054948783,,,,False
34,10,7,326.89489729181764,-10.375,2.0,QT450-10,219.75116297247067,,,,False
34,10,8,326.89489729181764,-10.375,4.0,QT450-10,218.55293100615881,,,,False
34,10,9,326.89489729181764,-10.375,6.0,QT450-10,217.17241373580396,,,,False
34,10,10,326.89489729181764,-10.375,8.0,QT450-10,216.01934635881727,,,,False
34,10,11,326.89489729181764,-10.375,10.0,QT450-10,215.1316297177229,,,,False
34,10,12,326.89489729181764,-10.375,12.0,QT450-10,214.44026119234405,,,,False
34,11,0,326.89489729181764,-7.8125,-12.0,QT450-10,226.302271920162,,,,False
34,11,1,326.89489729181764,-7.8125,-10.0,QT450-10,227.53118529541172,,,,False
34,11,2,326.89489729181764,-7.8125,-8.0,QT450-10,229.55673200787706,,,,False
34,11,3,326.89489729181764,-7.8125,-6.0,QT450-10,232.9930058737491,,,,False
34,11,4,326.89489729181764,-7.8125,-4.0,QT450-10,242.98032428151976,,,,False
34,11,5,326.89489729181764,-7.8125,-2.0,QT450-10,252.7367734839318,,,,False
34,11,6,326.89489729181764,-7.8125,0.0,QT450-10,257.1029342216545,,,,False
34,11,7,326.89489729181764,-7.8125,2.0,QT450-10,252.73677348393184,,,,False
34,11,8,326.89489729181764,-7.8125,4.0,QT450-10,242.98032428151976,,,,False
34,11,9,326.89489729181764,-7.8125,6.0,QT450-10,232.9930058737491,,,,False
34,11,10,326.89489729181764,-7.8125,8.0,QT450-10,229.55673200787706,,,,False
34,11,11,326.89489729181764,-7.8125,10.0,QT450-10,227.53118529541172,,,,False
34,11,12,326.89489729181764,-7.8125,12.0,QT450-10,226.302271920162,,,,False
34,12,0,326.89489729181764,-5.25,-12.0,QT450-10,238.90112876438715,,,,False
34,12,1,326.89489729181764,-5.25,-10.0,QT450-10,240.9463854394441,,,,False
34,12,2,326.89489729181764,-5.25,-8.0,QT450-10,246.08971700060656,,,,False
34,12,3,326.89489729181764,-5.25,-6.0,QT450-10,261.83300838224613,,,,False
34,12,4,326.89489729181764,-5.25,-4.0,QT450-10,285.5561704756149,,,,False
34,12,5,326.89489729181764,-5.25,-2.0,QT450-10,311.5682632858782,,,,False
34,12,6,326.89489729181764,-5.25,0.0,QT450-10,325.909459759607,,,,False
34,12,7,326.89489729181764,-5.25,2.0,QT450-10,311.5682632858782,,,,False
34,12,8,326.89489729181764,-5.25,4.0,QT450-10,285.556170475615,,,,False
34,12,9,326.89489729181764,-5.25,6.0,QT450-10,261.83300838224613,,,,False
34,12,10,326.89489729181764,-5.25,8.0,QT450-10,246.08971700060656,,,,False
34,12,11,326.89489729181764,-5.25,10.0,QT450-10,240.9463854394441,,,,False
34,12,12,326.89489729181764,-5.25,12.0,QT450-10,238.90112876438715,,,,False
34,13,0,326.89489729181764,-2.6875,-12.0,ERNiFe-CI,250.6638018388474,,,,False
34,13,1,326.89489729181764,-2.6875,-10.0,ERNiFe-CI,254.0403922605778,,,,False
34,13,2,326.89489729181764,-2.6875,-8.0,ERNiFe-CI,266.99142281887003,,,,False
34,13,3,326.89489729181764,-2.6875,-6.0,ERNiFe-CI,295.75268307114254,,,,False
34,13,4,326.89489729181764,-2.6875,-4.0,ERNiFe-CI,344.91139787913295,,,,False
34,13,5,326.89489729181764,-2.6875,-2.0,ERNiFe-CI,414.4449867279127,,,,False
34,13,6,326.89489729181764,-2.6875,0.0,ERNiFe-CI,472.93753481038635,,,,False
34,13,7,326.89489729181764,-2.6875,2.0,ERNiFe-CI,414.4449867279127,,,,False
34,13,8,326.89489729181764,-2.6875,4.0,ERNiFe-CI,344.91139787913295,,,,False
34,13,9,326.89489729181764,-2.6875,6.0,ERNiFe-CI,295.75268307114254,,,,False
34,13,10,326.89489729181764,-2.6875,8.0,ERNiFe-CI,266.99142281887003,,,,False
34,13,11,326.89489729181764,-2.6875,10.0,ERNiFe-CI,254.0403922605778,,,,False
34,13,12,326.89489729181764,-2.6875,12.0,ERNiFe-CI,250.6638018388474,,,,False
34,14,0,326.89489729181764,-0.125,-12.0,ERNiFe-CI,260.60523562775757,,,,False
34,14,1,326.89489729181764,-0.125,-10.0,ERNiFe-CI,266.4334706090654,,,,False
34,14,2,326.89489729181764,-0.125,-8.0,ERNiFe-CI,283.5940957351748,,,,False
34,14,3,326.89489729181764,-0.125,-6.0,ERNiFe-CI,323.5275878663219,,,,False
34,14,4,326.89489729181764,-0.125,-4.0,ERNiFe-CI,405.06940743979,,,,False
34,14,5,326.89489729181764,-0.125,-2.0,ERNiFe-CI,575.670884280438,,,,False
34,14,6,326.89489729181764,-0.125,0.0,ERNiFe-CI,831.9926956943328,221.6384707569606,224.0167719280204,2.378301171059803,True
34,14,7,326.89489729181764,-0.125,2.0,ERNiFe-CI,575.670884280438,,,,False
34,14,8,326.89489729181764,-0.125,4.0,ERNiFe-CI,405.06940743979,,,,False
34,14,9,326.89489729181764,-0.125,6.0,ERNiFe-CI,323.5275878663219,,,,False
34,14,10,326.89489729181764,-0.125,8.0,ERNiFe-CI,283.5940957351748,,,,False
34,14,11,326.89489729181764,-0.125,10.0,ERNiFe-CI,266.4334706090654,,,,False
34,14,12,326.89489729181764,-0.125,12.0,ERNiFe-CI,260.60523562775757,,,,False
34,15,0,326.89489729181764,2.4375,-12.0,ERNiFe-CI,267.8969441921812,,,,False
34,15,1,326.89489729181764,2.4375,-10.0,ERNiFe-CI,274.3255027200077,,,,False
34,15,2,326.89489729181764,2.4375,-8.0,ERNiFe-CI,290.9731120713247,,,,False
34,15,3,326.89489729181764,2.4375,-6.0,ERNiFe-CI,324.2447718601927,,,,False
34,15,4,326.89489729181764,2.4375,-4.0,ERNiFe-CI,378.76817339345394,,,,False
34,15,5,326.89489729181764,2.4375,-2.0,ERNiFe-CI,454.8071219513023,,,,False
34,15,6,326.89489729181764,2.4375,0.0,ERNiFe-CI,520.1055067757419,,,,False
34,15,7,326.89489729181764,2.4375,2.0,ERNiFe-CI,454.8071219513023,,,,False
34,15,8,326.89489729181764,2.4375,4.0,ERNiFe-CI,378.76817339345394,,,,False
34,15,9,326.89489729181764,2.4375,6.0,ERNiFe-CI,324.2447718601927,,,,False
34,15,10,326.89489729181764,2.4375,8.0,ERNiFe-CI,290.9731120713247,,,,False
34,15,11,326.89489729181764,2.4375,10.0,ERNiFe-CI,274.3255027200077,,,,False
34,15,12,326.89489729181764,2.4375,12.0,ERNiFe-CI,267.8969441921812,,,,False
34,16,0,326.89489729181764,5.0,-12.0,Q235B,271.64655101299576,,,,False
34,16,1,326.89489729181764,5.0,-10.0,Q235B,277.6375890669931,,,,False
34,16,2,326.89489729181764,5.0,-8.0,Q235B,292.69315609658776,,,,False
34,16,3,326.89489729181764,5.0,-6.0,Q235B,319.4806744900767,,,,False
34,16,4,326.89489729181764,5.0,-4.0,Q235B,356.2684023287065,,,,False
34,16,5,326.89489729181764,5.0,-2.0,Q235B,394.52282593927595,,,,False
34,16,6,326.89489729181764,5.0,0.0,Q235B,414.806286394255,,,,False
34,16,7,326.89489729181764,5.0,2.0,Q235B,394.522825939276,,,,False
34,16,8,326.89489729181764,5.0,4.0,Q235B,356.2684023287065,,,,False
34,16,9,326.89489729181764,5.0,6.0,Q235B,319.4806744900767,,,,False
34,16,10,326.89489729181764,5.0,8.0,Q235B,292.69315609658776,,,,False
34,16,11,326.89489729181764,5.0,10.0,Q235B,277.6375890669931,,,,False
34,16,12,326.89489729181764,5.0,12.0,Q235B,271.64655101299576,,,,False
35,0,0,336.50945309451816,-36.0,-12.0,QT450-10,183.40659177695045,,,,False
35,0,1,336.50945309451816,-36.0,-10.0,QT450-10,183.52816057287413,,,,False
35,0,2,336.50945309451816,-36.0,-8.0,QT450-10,183.67603025270935,,,,False
35,0,3,336.50945309451816,-36.0,-6.0,QT450-10,183.81083613158842,,,,False
35,0,4,336.50945309451816,-36.0,-4.0,QT450-10,183.9149156770505,,,,False
35,0,5,336.50945309451816,-36.0,-2.0,QT450-10,183.97989208011285,,,,False
35,0,6,336.50945309451816,-36.0,0.0,QT450-10,184.00192460856934,,,,False
35,0,7,336.50945309451816,-36.0,2.0,QT450-10,183.97989208011285,,,,False
35,0,8,336.50945309451816,-36.0,4.0,QT450-10,183.9149156770505,,,,False
35,0,9,336.50945309451816,-36.0,6.0,QT450-10,183.81083613158842,,,,False
35,0,10,336.50945309451816,-36.0,8.0,QT450-10,183.67603025270935,,,,False
35,0,11,336.50945309451816,-36.0,10.0,QT450-10,183.52816057287413,,,,False
35,0,12,336.50945309451816,-36.0,12.0,QT450-10,183.40659177695045,,,,False
35,1,0,336.50945309451816,-33.4375,-12.0,QT450-10,183.89825284182845,,,,False
35,1,1,336.50945309451816,-33.4375,-10.0,QT450-10,184.17691058183584,,,,False
35,1,2,336.50945309451816,-33.4375,-8.0,QT450-10,184.3902465597691,,,,False
35,1,3,336.50945309451816,-33.4375,-6.0,QT450-10,184.5548175069208,,,,False
35,1,4,336.50945309451816,-33.4375,-4.0,QT450-10,184.67324318327647,,,,False
35,1,5,336.50945309451816,-33.4375,-2.0,QT450-10,184.7448959073301,,,,False
35,1,6,336.50945309451816,-33.4375,0.0,QT450-10,184.76889491067317,,,,False
35,1,7,336.50945309451816,-33.4375,2.0,QT450-10,184.7448959073301,,,,False
35,1,8,336.50945309451816,-33.4375,4.0,QT450-10,184.67324318327647,,,,False
35,1,9,336.50945309451816,-33.4375,6.0,QT450-10,184.5548175069208,,,,False
35,1,10,336.50945309451816,-33.4375,8.0,QT450-10,184.3902465597691,,,,False
35,1,11,336.50945309451816,-33.4375,10.0,QT450-10,184.17691058183584,,,,False
35,1,12,336.50945309451816,-33.4375,12.0,QT450-10,183.89825284182845,,,,False
35,2,0,336.50945309451816,-30.875,-12.0,QT450-10,184.63791155530376,,,,False
35,2,1,336.50945309451816,-30.875,-10.0,QT450-10,184.96233091213014,,,,False
35,2,2,336.50945309451816,-30.875,-8.0,QT450-10,185.21400868136558,,,,False
35,2,3,336.50945309451816,-30.875,-6.0,QT450-10,185.4040881249669,,,,False
35,2,4,336.50945309451816,-30.875,-4.0,QT450-10,185.53792264537688,,,,False
35,2,5,336.50945309451816,-30.875,-2.0,QT450-10,185.61771731091952,,,,False
35,2,6,336.50945309451816,-30.875,0.0,QT450-10,185.6442546136378,,,,False
35,2,7,336.50945309451816,-30.875,2.0,QT450-10,185.61771731091952,,,,False
35,2,8,336.50945309451816,-30.875,4.0,QT450-10,185.53792264537688,,,,False
35,2,9,336.50945309451816,-30.875,6.0,QT450-10,185.4040881249669,,,,False
35,2,10,336.50945309451816,-30.875,8.0,QT450-10,185.21400868136558,,,,False
35,2,11,336.50945309451816,-30.875,10.0,QT450-10,184.96233091213014,,,,False
35,2,12,336.50945309451816,-30.875,12.0,QT450-10,184.63791155530376,,,,False
35,3,0,336.50945309451816,-28.3125,-12.0,QT450-10,185.58053422262128,,,,False
35,3,1,336.50945309451816,-28.3125,-10.0,QT450-10,185.92265154541806,,,,False
35,3,2,336.50945309451816,-28.3125,-8.0,QT450-10,186.1944914830807,,,,False
35,3,3,336.50945309451816,-28.3125,-6.0,QT450-10,186.40138024035596,,,,False
35,3,4,336.50945309451816,-28.3125,-4.0,QT450-10,186.54706852986624,,,,False
35,3,5,336.50945309451816,-28.3125,-2.0,QT450-10,186.63376007599607,,,,False
35,3,6,336.50945309451816,-28.3125,0.0,QT450-10,186.6625489353126,,,,False
35,3,7,336.50945309451816,-28.3125,2.0,QT450-10,186.63376007599607,,,,False
35,3,8,336.50945309451816,-28.3125,4.0,QT450-10,186.54706852986624,,,,False
35,3,9,336.50945309451816,-28.3125,6.0,QT450-10,186.40138024035596,,,,False
35,3,10,336.50945309451816,-28.3125,8.0,QT450-10,186.1944914830807,,,,False
35,3,11,336.50945309451816,-28.3125,10.0,QT450-10,185.92265154541806,,,,False
35,3,12,336.50945309451816,-28.3125,12.0,QT450-10,185.58053422262128,,,,False
35,4,0,336.50945309451816,-25.75,-12.0,QT450-10,186.75079986593664,,,,False
35,4,1,336.50945309451816,-25.75,-10.0,QT450-10,187.10244264537923,,,,False
35,4,2,336.50945309451816,-25.75,-8.0,QT450-10,187.38592953595088,,,,False
35,4,3,336.50945309451816,-25.75,-6.0,QT450-10,187.60364807715726,,,,False
35,4,4,336.50945309451816,-25.75,-4.0,QT450-10,187.75770071209385,,,,False
35,4,5,336.50945309451816,-25.75,-2.0,QT450-10,187.84957091115052,,,,False
35,4,6,336.50945309451816,-25.75,0.0,QT450-10,187.8801039543936,,,,False
35,4,7,336.50945309451816,-25.75,2.0,QT450-10,187.84957091115052,,,,False
35,4,8,336.50945309451816,-25.75,4.0,QT450-10,187.75770071209385,,,,False
35,4,9,336.50945309451816,-25.75,6.0,QT450-10,187.60364807715726,,,,False
35,4,10,336.50945309451816,-25.75,8.0,QT450-10,187.38592953595088,,,,False
35,4,11,336.50945309451816,-25.75,10.0,QT450-10,187.10244264537923,,,,False
35,4,12,336.50945309451816,-25.75,12.0,QT450-10,186.75079986593664,,,,False
35,5,0,336.50945309451816,-23.1875,-12.0,QT450-10,188.22942104872848,,,,False
35,5,1,336.50945309451816,-23.1875,-10.0,QT450-10,188.5882836682746,,,,False
35,5,2,336.50945309451816,-23.1875,-8.0,QT450-10,188.8799515054754,,,,False
35,5,3,336.50945309451816,-23.1875,-6.0,QT450-10,189.10540308372197,,,,False
35,5,4,336.50945309451816,-23.1875,-4.0,QT450-10,189.26564073506484,,,,False
35,5,5,336.50945309451816,-23.1875,-2.0,QT450-10,189.36145706987244,,,,False
35,5,6,336.50945309451816,-23.1875,0.0,QT450-10,189.39334131180578,,,,False
35,5,7,336.50945309451816,-23.1875,2.0,QT450-10,189.36145706987244,,,,False
35,5,8,336.50945309451816,-23.1875,4.0,QT450-10,189.26564073506484,,,,False
35,5,9,336.50945309451816,-23.1875,6.0,QT450-10,189.10540308372197,,,,False
35,5,10,336.50945309451816,-23.1875,8.0,QT450-10,188.8799515054754,,,,False
35,5,11,336.50945309451816,-23.1875,10.0,QT450-10,188.5882836682746,,,,False
35,5,12,336.50945309451816,-23.1875,12.0,QT450-10,188.22942104872848,,,,False
35,6,0,336.50945309451816,-20.625,-12.0,QT450-10,190.19063900563592,,,,False
35,6,1,336.50945309451816,-20.625,-10.0,QT450-10,190.55691705262382,,,,False
35,6,2,336.50945309451816,-20.625,-8.0,QT450-10,190.8560960354739,,,,False
35,6,3,336.50945309451816,-20.625,-6.0,QT450-10,191.08838426318832,,,,False
35,6,4,336.50945309451816,-20.625,-4.0,QT450-10,191.25405440840325,,,,False
35,6,5,336.50945309451816,-20.625,-2.0,QT450-10,191.35334921378316,,,,False
35,6,6,336.50945309451816,-20.625,0.0,QT450-10,191.38642902167007,,,,False
35,6,7,336.50945309451816,-20.625,2.0,QT450-10,191.35334921378316,,,,False
35,6,8,336.50945309451816,-20.625,4.0,QT450-10,191.25405440840325,,,,False
35,6,9,336.50945309451816,-20.625,6.0,QT450-10,191.08838426318832,,,,False
35,6,10,336.50945309451816,-20.625,8.0,QT450-10,190.8560960354739,,,,False
35,6,11,336.50945309451816,-20.625,10.0,QT450-10,190.55691705262382,,,,False
35,6,12,336.50945309451816,-20.625,12.0,QT450-10,190.19063900563592,,,,False
35,7,0,336.50945309451816,-18.0625,-12.0,QT450-10,193.0212958073821,,,,False
35,7,1,336.50945309451816,-18.0625,-10.0,QT450-10,193.39748680055789,,,,False
35,7,2,336.50945309451816,-18.0625,-8.0,QT450-10,193.70615715184252,,,,False
35,7,3,336.50945309451816,-18.0625,-6.0,QT450-10,193.94683461499105,,,,False
35,7,4,336.50945309451816,-18.0625,-4.0,QT450-10,194.11909369876884,,,,False
35,7,5,336.50945309451816,-18.0625,-2.0,QT450-10,194.22259155923004,,,,False
35,7,6,336.50945309451816,-18.0625,0.0,QT450-10,194.25711487063285,,,,False
35,7,7,336.50945309451816,-18.0625,2.0,QT450-10,194.22259155923004,,,,False
35,7,8,336.50945309451816,-18.0625,4.0,QT450-10,194.11909369876884,,,,False
35,7,9,336.50945309451816,-18.0625,6.0,QT450-10,193.94683461499105,,,,False
35,7,10,336.50945309451816,-18.0625,8.0,QT450-10,193.70615715184252,,,,False
35,7,11,336.50945309451816,-18.0625,10.0,QT450-10,193.39748680055789,,,,False
35,7,12,336.50945309451816,-18.0625,12.0,QT450-10,193.0212958073821,,,,False
35,8,0,336.50945309451816,-15.5,-12.0,QT450-10,197.5262556778892,,,,False
35,8,1,336.50945309451816,-15.5,-10.0,QT450-10,197.92196168919702,,,,False
35,8,2,336.50945309451816,-15.5,-8.0,QT450-10,198.25221824814918,,,,False
35,8,3,336.50945309451816,-15.5,-6.0,QT450-10,198.51417041667656,,,,False
35,8,4,336.50945309451816,-15.5,-4.0,QT450-10,198.70454551911845,,,,False
35,8,5,336.50945309451816,-15.5,-2.0,QT450-10,198.82028001989332,,,,False
35,8,6,336.50945309451816,-15.5,0.0,QT450-10,198.8591309684182,,,,False
35,8,7,336.50945309451816,-15.5,2.0,QT450-10,198.82028001989332,,,,False
35,8,8,336.50945309451816,-15.5,4.0,QT450-10,198.70454551911845,,,,False
35,8,9,336.50945309451816,-15.5,6.0,QT450-10,198.51417041667656,,,,False
35,8,10,336.50945309451816,-15.5,8.0,QT450-10,198.25221824814918,,,,False
35,8,11,336.50945309451816,-15.5,10.0,QT450-10,197.92196168919702,,,,False
35,8,12,336.50945309451816,-15.5,12.0,QT450-10,197.5262556778892,,,,False
35,9,0,336.50945309451816,-12.9375,-12.0,QT450-10,204.56038921778327,,,,False
35,9,1,336.50945309451816,-12.9375,-10.0,QT450-10,205.02341499775986,,,,False
35,9,2,336.50945309451816,-12.9375,-8.0,QT450-10,205.4573133216173,,,,False
35,9,3,336.50945309451816,-12.9375,-6.0,QT450-10,205.84806534011742,,,,False
35,9,4,336.50945309451816,-12.9375,-4.0,QT450-10,206.17202940051715,,,,False
35,9,5,336.50945309451816,-12.9375,-2.0,QT450-10,206.39357950168122,,,,False
35,9,6,336.50945309451816,-12.9375,0.0,QT450-10,206.47350678852095,,,,False
35,9,7,336.50945309451816,-12.9375,2.0,QT450-10,206.39357950168122,,,,False
35,9,8,336.50945309451816,-12.9375,4.0,QT450-10,206.17202940051715,,,,False
35,9,9,336.50945309451816,-12.9375,6.0,QT450-10,205.84806534011742,,,,False
35,9,10,336.50945309451816,-12.9375,8.0,QT450-10,205.45731332161728,,,,False
35,9,11,336.50945309451816,-12.9375,10.0,QT450-10,205.02341499775986,,,,False
35,9,12,336.50945309451816,-12.9375,12.0,QT450-10,204.56038921778327,,,,False
35,10,0,336.50945309451816,-10.375,-12.0,QT450-10,214.10838332907733,,,,False
35,10,1,336.50945309451816,-10.375,-10.0,QT450-10,214.79637648267772,,,,False
35,10,2,336.50945309451816,-10.375,-8.0,QT450-10,215.67830628659388,,,,False
35,10,3,336.50945309451816,-10.375,-6.0,QT450-10,216.8236573726199,,,,False
35,10,4,336.50945309451816,-10.375,-4.0,QT450-10,218.1968540500023,,,,False
35,10,5,336.50945309451816,-10.375,-2.0,QT450-10,219.39013040401827,,,,False
35,10,6,336.50945309451816,-10.375,0.0,QT450-10,219.8684635974395,,,,False
35,10,7,336.50945309451816,-10.375,2.0,QT450-10,219.39013040401827,,,,False
35,10,8,336.50945309451816,-10.375,4.0,QT450-10,218.1968540500023,,,,False
35,10,9,336.50945309451816,-10.375,6.0,QT450-10,216.8236573726199,,,,False
35,10,10,336.50945309451816,-10.375,8.0,QT450-10,215.67830628659388,,,,False
35,10,11,336.50945309451816,-10.375,10.0,QT450-10,214.79637648267772,,,,False
35,10,12,336.50945309451816,-10.375,12.0,QT450-10,214.10838332907733,,,,False
35,11,0,336.50945309451816,-7.8125,-12.0,QT450-10,225.95354029726158,,,,False
35,11,1,336.50945309451816,-7.8125,-10.0,QT450-10,227.17861157746523,,,,False
35,11,2,336.50945309451816,-7.8125,-8.0,QT450-10,229.19748168928703,,,,False
35,11,3,336.50945309451816,-7.8125,-6.0,QT450-10,232.609062264007,,,,False
35,11,4,336.50945309451816,-7.8125,-4.0,QT450-10,242.59562285582837,,,,False
35,11,5,336.50945309451816,-7.8125,-2.0,QT450-10,252.35071526527986,,,,False
35,11,6,336.50945309451816,-7.8125,0.0,QT450-10,256.71702815947793,,,,False
35,11,7,336.50945309451816,-7.8125,2.0,QT450-10,252.35071526527983,,,,False
35,11,8,336.50945309451816,-7.8125,4.0,QT450-10,242.59562285582834,,,,False
35,11,9,336.50945309451816,-7.8125,6.0,QT450-10,232.60906226400698,,,,False
35,11,10,336.50945309451816,-7.8125,8.0,QT450-10,229.19748168928703,,,,False
35,11,11,336.50945309451816,-7.8125,10.0,QT450-10,227.1786115774652,,,,False
35,11,12,336.50945309451816,-7.8125,12.0,QT450-10,225.95354029726158,,,,False
35,12,0,336.50945309451816,-5.25,-12.0,QT450-10,238.54298225962535,,,,False
35,12,1,336.50945309451816,-5.25,-10.0,QT450-10,240.58302556900676,,,,False
35,12,2,336.50945309451816,-5.25,-8.0,QT450-10,245.70504161051522,,,,False
35,12,3,336.50945309451816,-5.25,-6.0,QT450-10,261.4482271628796,,,,False
35,12,4,336.50945309451816,-5.25,-4.0,QT450-10,285.1701372693342,,,,False
35,12,5,336.50945309451816,-5.25,-2.0,QT450-10,311.17999753029403,,,,False
35,12,6,336.50945309451816,-5.25,0.0,QT450-10,325.51918072725357,,,,False
35,12,7,336.50945309451816,-5.25,2.0,QT450-10,311.17999753029403,,,,False
35,12,8,336.50945309451816,-5.25,4.0,QT450-10,285.1701372693342,,,,False
35,12,9,336.50945309451816,-5.25,6.0,QT450-10,261.4482271628796,,,,False
35,12,10,336.50945309451816,-5.25,8.0,QT450-10,245.70504161051522,,,,False
35,12,11,336.50945309451816,-5.25,10.0,QT450-10,240.58302556900676,,,,False
35,12,12,336.50945309451816,-5.25,12.0,QT450-10,238.54298225962535,,,,False
35,13,0,336.50945309451816,-2.6875,-12.0,ERNiFe-CI,250.2989832499531,,,,False
35,13,1,336.50945309451816,-2.6875,-10.0,ERNiFe-CI,253.6596712128364,,,,False
35,13,2,336.50945309451816,-2.6875,-8.0,ERNiFe-CI,266.6063225016443,,,,False
35,13,3,336.50945309451816,-2.6875,-6.0,ERNiFe-CI,295.3660119454626,,,,False
35,13,4,336.50945309451816,-2.6875,-4.0,ERNiFe-CI,344.5214470586674,,,,False
35,13,5,336.50945309451816,-2.6875,-2.0,ERNiFe-CI,414.05728129494713,,,,False
35,13,6,336.50945309451816,-2.6875,0.0,ERNiFe-CI,472.54994841964293,,,,False
35,13,7,336.50945309451816,-2.6875,2.0,ERNiFe-CI,414.05728129494713,,,,False
35,13,8,336.50945309451816,-2.6875,4.0,ERNiFe-CI,344.5214470586673,,,,False
35,13,9,336.50945309451816,-2.6875,6.0,ERNiFe-CI,295.3660119454626,,,,False
35,13,10,336.50945309451816,-2.6875,8.0,ERNiFe-CI,266.6063225016443,,,,False
35,13,11,336.50945309451816,-2.6875,10.0,ERNiFe-CI,253.6596712128364,,,,False
35,13,12,336.50945309451816,-2.6875,12.0,ERNiFe-CI,250.29898324995307,,,,False
35,14,0,336.50945309451816,-0.125,-12.0,ERNiFe-CI,260.2341130811475,,,,False
35,14,1,336.50945309451816,-0.125,-10.0,ERNiFe-CI,266.0503235147663,,,,False
35,14,2,336.50945309451816,-0.125,-8.0,ERNiFe-CI,283.2103575199295,,,,False
35,14,3,336.50945309451816,-0.125,-6.0,ERNiFe-CI,323.14095902596085,,,,False
35,14,4,336.50945309451816,-0.125,-4.0,ERNiFe-CI,404.6785910024452,,,,False
35,14,5,336.50945309451816,-0.125,-2.0,ERNiFe-CI,575.2827248138249,,,,False
35,14,6,336.50945309451816,-0.125,0.0,ERNiFe-CI,831.6058020419952,228.04314861986433,230.42272823132413,2.3795796114598033,True
35,14,7,336.50945309451816,-0.125,2.0,ERNiFe-CI,575.2827248138249,,,,False
35,14,8,336.50945309451816,-0.125,4.0,ERNiFe-CI,404.67859100244516,,,,False
35,14,9,336.50945309451816,-0.125,6.0,ERNiFe-CI,323.14095902596085,,,,False
35,14,10,336.50945309451816,-0.125,8.0,ERNiFe-CI,283.2103575199295,,,,False
35,14,11,336.50945309451816,-0.125,10.0,ERNiFe-CI,266.0503235147663,,,,False
35,14,12,336.50945309451816,-0.125,12.0,ERNiFe-CI,260.2341130811475,,,,False
35,15,0,336.50945309451816,2.4375,-12.0,ERNiFe-CI,267.5191425253286,,,,False
35,15,1,336.50945309451816,2.4375,-10.0,ERNiFe-CI,273.94315094103416,,,,False
35,15,2,336.50945309451816,2.4375,-8.0,ERNiFe-CI,290.59076936565367,,,,False
35,15,3,336.50945309451816,2.4375,-6.0,ERNiFe-CI,323.8621113472889,,,,False
35,15,4,336.50945309451816,2.4375,-4.0,ERNiFe-CI,378.3868336417916,,,,False
35,15,5,336.50945309451816,2.4375,-2.0,ERNiFe-CI,454.4272682725862,,,,False
35,15,6,336.50945309451816,2.4375,0.0,ERNiFe-CI,519.7329850471981,,,,False
35,15,7,336.50945309451816,2.4375,2.0,ERNiFe-CI,454.4272682725862,,,,False
35,15,8,336.50945309451816,2.4375,4.0,ERNiFe-CI,378.3868336417916,,,,False
35,15,9,336.50945309451816,2.4375,6.0,ERNiFe-CI,323.8621113472889,,,,False
35,15,10,336.50945309451816,2.4375,8.0,ERNiFe-CI,290.59076936565367,,,,False
35,15,11,336.50945309451816,2.4375,10.0,ERNiFe-CI,273.94315094103416,,,,False
35,15,12,336.50945309451816,2.4375,12.0,ERNiFe-CI,267.5191425253286,,,,False
35,16,0,336.50945309451816,5.0,-12.0,Q235B,271.26844072362326,,,,False
35,16,1,336.50945309451816,5.0,-10.0,Q235B,277.2568439296896,,,,False
35,16,2,336.50945309451816,5.0,-8.0,Q235B,292.3138215058683,,,,False
35,16,3,336.50945309451816,5.0,-6.0,Q235B,319.09992737736474,,,,False
35,16,4,336.50945309451816,5.0,-4.0,Q235B,355.8901932481025,,,,False
35,16,5,336.50945309451816,5.0,-2.0,Q235B,394.14365948723315,,,,False
35,16,6,336.50945309451816,5.0,0.0,Q235B,414.4334923931765,,,,False
35,16,7,336.50945309451816,5.0,2.0,Q235B,394.14365948723315,,,,False
35,16,8,336.50945309451816,5.0,4.0,Q235B,355.8901932481025,,,,False
35,16,9,336.50945309451816,5.0,6.0,Q235B,319.09992737736474,,,,False
35,16,10,336.50945309451816,5.0,8.0,Q235B,292.3138215058683,,,,False
35,16,11,336.50945309451816,5.0,10.0,Q235B,277.2568439296896,,,,False
35,16,12,336.50945309451816,5.0,12.0,Q235B,271.26844072362326,,,,False
36,0,0,346.1240088972187,-36.0,-12.0,QT450-10,183.39582445355572,,,,False
36,0,1,346.1240088972187,-36.0,-10.0,QT450-10,183.51738011940418,,,,False
36,0,2,346.1240088972187,-36.0,-8.0,QT450-10,183.66523355312745,,,,False
36,0,3,346.1240088972187,-36.0,-6.0,QT450-10,183.80002439828104,,,,False
36,0,4,346.1240088972187,-36.0,-4.0,QT450-10,183.90409219960324,,,,False
36,0,5,346.1240088972187,-36.0,-2.0,QT450-10,183.96906121184196,,,,False
36,0,6,346.1240088972187,-36.0,0.0,QT450-10,183.9910912240007,,,,False
36,0,7,346.1240088972187,-36.0,2.0,QT450-10,183.96906121184196,,,,False
36,0,8,346.1240088972187,-36.0,4.0,QT450-10,183.90409219960324,,,,False
36,0,9,346.1240088972187,-36.0,6.0,QT450-10,183.80002439828104,,,,False
36,0,10,346.1240088972187,-36.0,8.0,QT450-10,183.66523355312745,,,,False
36,0,11,346.1240088972187,-36.0,10.0,QT450-10,183.51738011940418,,,,False
36,0,12,346.1240088972187,-36.0,12.0,QT450-10,183.39582445355572,,,,False
36,1,0,346.1240088972187,-33.4375,-12.0,QT450-10,183.8856395705533,,,,False
36,1,1,346.1240088972187,-33.4375,-10.0,QT450-10,184.1642657059454,,,,False
36,1,2,346.1240088972187,-33.4375,-8.0,QT450-10,184.37757593925235,,,,False
36,1,3,346.1240088972187,-33.4375,-6.0,QT450-10,184.54212627922786,,,,False
36,1,4,346.1240088972187,-33.4375,-4.0,QT450-10,184.66053679931417,,,,False
36,1,5,346.1240088972187,-33.4375,-2.0,QT450-10,184.7321802378637,,,,False
36,1,6,346.1240088972187,-33.4375,0.0,QT450-10,184.756176113192,,,,False
36,1,7,346.1240088972187,-33.4375,2.0,QT450-10,184.7321802378637,,,,False
36,1,8,346.1240088972187,-33.4375,4.0,QT450-10,184.66053679931417,,,,False
36,1,9,346.1240088972187,-33.4375,6.0,QT450-10,184.54212627922786,,,,False
36,1,10,346.1240088972187,-33.4375,8.0,QT450-10,184.37757593925235,,,,False
36,1,11,346.1240088972187,-33.4375,10.0,QT450-10,184.1642657059454,,,,False
36,1,12,346.1240088972187,-33.4375,12.0,QT450-10,183.8856395705533,,,,False
36,2,0,346.1240088972187,-30.875,-12.0,QT450-10,184.6214825809116,,,,False
36,2,1,346.1240088972187,-30.875,-10.0,QT450-10,184.94585533597606,,,,False
36,2,2,346.1240088972187,-30.875,-8.0,QT450-10,185.19749488258,,,,False
36,2,3,346.1240088972187,-30.875,-6.0,QT450-10,185.38754470509983,,,,False
36,2,4,346.1240088972187,-30.875,-4.0,QT450-10,185.52135799623352,,,,False
36,2,5,346.1240088972187,-30.875,-2.0,QT450-10,185.60113981765113,,,,False
36,2,6,346.1240088972187,-30.875,0.0,QT450-10,185.62767281916578,,,,False
36,2,7,346.1240088972187,-30.875,2.0,QT450-10,185.60113981765113,,,,False
36,2,8,346.1240088972187,-30.875,4.0,QT450-10,185.52135799623352,,,,False
36,2,9,346.1240088972187,-30.875,6.0,QT450-10,185.38754470509983,,,,False
36,2,10,346.1240088972187,-30.875,8.0,QT450-10,185.19749488258,,,,False
36,2,11,346.1240088972187,-30.875,10.0,QT450-10,184.94585533597606,,,,False
36,2,12,346.1240088972187,-30.875,12.0,QT450-10,184.6214825809116,,,,False
36,3,0,346.1240088972187,-28.3125,-12.0,QT450-10,185.55799097351758,,,,False
36,3,1,346.1240088972187,-28.3125,-10.0,QT450-10,185.90004312030726,,,,False
36,3,2,346.1240088972187,-28.3125,-8.0,QT450-10,186.1718294389848,,,,False
36,3,3,346.1240088972187,-28.3125,-6.0,QT450-10,186.37867619643092,,,,False
36,3,4,346.1240088972187,-28.3125,-4.0,QT450-10,186.5243342732461,,,,False
36,3,5,346.1240088972187,-28.3125,-2.0,QT450-10,186.61100759091036,,,,False
36,3,6,346.1240088972187,-28.3125,0.0,QT450-10,186.6397903557188,,,,False
36,3,7,346.1240088972187,-28.3125,2.0,QT450-10,186.61100759091036,,,,False
36,3,8,346.1240088972187,-28.3125,4.0,QT450-10,186.5243342732461,,,,False
36,3,9,346.1240088972187,-28.3125,6.0,QT450-10,186.37867619643092,,,,False
36,3,10,346.1240088972187,-28.3125,8.0,QT450-10,186.1718294389848,,,,False
36,3,11,346.1240088972187,-28.3125,10.0,QT450-10,185.90004312030726,,,,False
36,3,12,346.1240088972187,-28.3125,12.0,QT450-10,185.55799097351758,,,,False
36,4,0,346.1240088972187,-25.75,-12.0,QT450-10,186.7192286043046,,,,False
36,4,1,346.1240088972187,-25.75,-10.0,QT450-10,187.07077905048325,,,,False
36,4,2,346.1240088972187,-25.75,-8.0,QT450-10,187.35418961747038,,,,False
36,4,3,346.1240088972187,-25.75,-6.0,QT450-10,187.5718482276925,,,,False
36,4,4,346.1240088972187,-25.75,-4.0,QT450-10,187.72585771016958,,,,False
36,4,5,346.1240088972187,-25.75,-2.0,QT450-10,187.81770186759502,,,,False
36,4,6,346.1240088972187,-25.75,0.0,QT450-10,187.84822620399862,,,,False
36,4,7,346.1240088972187,-25.75,2.0,QT450-10,187.81770186759502,,,,False
36,4,8,346.1240088972187,-25.75,4.0,QT450-10,187.72585771016958,,,,False
36,4,9,346.1240088972187,-25.75,6.0,QT450-10,187.5718482276925,,,,False
36,4,10,346.1240088972187,-25.75,8.0,QT450-10,187.35418961747038,,,,False
36,4,11,346.1240088972187,-25.75,10.0,QT450-10,187.07077905048325,,,,False
36,4,12,346.1240088972187,-25.75,12.0,QT450-10,186.7192286043046,,,,False
36,5,0,346.1240088972187,-23.1875,-12.0,QT450-10,188.18479076210505,,,,False
36,5,1,346.1240088972187,-23.1875,-10.0,QT450-10,188.54352112462152,,,,False
36,5,2,346.1240088972187,-23.1875,-8.0,QT450-10,188.83507890153746,,,,False
36,5,3,346.1240088972187,-23.1875,-6.0,QT450-10,189.06044355222653,,,,False
36,5,4,346.1240088972187,-23.1875,-4.0,QT450-10,189.22061832734005,,,,False
36,5,5,346.1240088972187,-23.1875,-2.0,QT450-10,189.31639700669692,,,,False
36,5,6,346.1240088972187,-23.1875,0.0,QT450-10,189.34826868402885,,,,False
36,5,7,346.1240088972187,-23.1875,2.0,QT450-10,189.31639700669692,,,,False
36,5,8,346.1240088972187,-23.1875,4.0,QT450-10,189.22061832734005,,,,False
36,5,9,346.1240088972187,-23.1875,6.0,QT450-10,189.06044355222653,,,,False
36,5,10,346.1240088972187,-23.1875,8.0,QT450-10,188.83507890153746,,,,False
36,5,11,346.1240088972187,-23.1875,10.0,QT450-10,188.54352112462152,,,,False
36,5,12,346.1240088972187,-23.1875,12.0,QT450-10,188.18479076210505,,,,False
36,6,0,346.1240088972187,-20.625,-12.0,QT450-10,190.12686850843818,,,,False
36,6,1,346.1240088972187,-20.625,-10.0,QT450-10,190.492954443847,,,,False
36,6,2,346.1240088972187,-20.625,-8.0,QT450-10,190.79197215418674,,,,False
36,6,3,346.1240088972187,-20.625,-6.0,QT450-10,191.0241319813513,,,,False
36,6,4,346.1240088972187,-20.625,-4.0,QT450-10,191.18970863717337,,,,False
36,6,5,346.1240088972187,-20.625,-2.0,QT450-10,191.28894658428197,,,,False
36,6,6,346.1240088972187,-20.625,0.0,QT450-10,191.32200730640102,,,,False
36,6,7,346.1240088972187,-20.625,2.0,QT450-10,191.28894658428197,,,,False
36,6,8,346.1240088972187,-20.625,4.0,QT450-10,191.18970863717337,,,,False
36,6,9,346.1240088972187,-20.625,6.0,QT450-10,191.0241319813513,,,,False
36,6,10,346.1240088972187,-20.625,8.0,QT450-10,190.79197215418674,,,,False
36,6,11,346.1240088972187,-20.625,10.0,QT450-10,190.492954443847,,,,False
36,6,12,346.1240088972187,-20.625,12.0,QT450-10,190.1268685084382,,,,False
36,7,0,346.1240088972187,-18.0625,-12.0,QT450-10,192.92907102440157,,,,False
36,7,1,346.1240088972187,-18.0625,-10.0,QT450-10,193.30496938088288,,,,False
36,7,2,346.1240088972187,-18.0625,-8.0,QT450-10,193.6133837636442,,,,False
36,7,3,346.1240088972187,-18.0625,-6.0,QT450-10,193.85384967616224,,,,False
36,7,4,346.1240088972187,-18.0625,-4.0,QT450-10,194.02594433624256,,,,False
36,7,5,346.1240088972187,-18.0625,-2.0,QT450-10,194.12934078962545,,,,False
36,7,6,346.1240088972187,-18.0625,0.0,QT450-10,194.16383053632907,,,,False
36,7,7,346.1240088972187,-18.0625,2.0,QT450-10,194.12934078962545,,,,False
36,7,8,346.1240088972187,-18.0625,4.0,QT450-10,194.02594433624256,,,,False
36,7,9,346.1240088972187,-18.0625,6.0,QT450-10,193.85384967616224,,,,False
36,7,10,346.1240088972187,-18.0625,8.0,QT450-10,193.6133837636442,,,,False
36,7,11,346.1240088972187,-18.0625,10.0,QT450-10,193.30496938088288,,,,False
36,7,12,346.1240088972187,-18.0625,12.0,QT450-10,192.92907102440157,,,,False
36,8,0,346.1240088972187,-15.5,-12.0,QT450-10,197.39726908015442,,,,False
36,8,1,346.1240088972187,-15.5,-10.0,QT450-10,197.7924216889891,,,,False
36,8,2,346.1240088972187,-15.5,-8.0,QT450-10,198.1220721493597,,,,False
36,8,3,346.1240088972187,-15.5,-6.0,QT450-10,198.38341826489832,,,,False
36,8,4,346.1240088972187,-15.5,-4.0,QT450-10,198.573275893724,,,,False
36,8,5,346.1240088972187,-15.5,-2.0,QT450-10,198.68864395423287,,,,False
36,8,6,346.1240088972187,-15.5,0.0,QT450-10,198.7273676120992,,,,False
36,8,7,346.1240088972187,-15.5,2.0,QT450-10,198.68864395423287,,,,False
36,8,8,346.1240088972187,-15.5,4.0,QT450-10,198.573275893724,,,,False
36,8,9,346.1240088972187,-15.5,6.0,QT450-10,198.38341826489832,,,,False
36,8,10,346.1240088972187,-15.5,8.0,QT450-10,198.1220721493597,,,,False
36,8,11,346.1240088972187,-15.5,10.0,QT450-10,197.7924216889891,,,,False
36,8,12,346.1240088972187,-15.5,12.0,QT450-10,197.39726908015442,,,,False
36,9,0,346.1240088972187,-12.9375,-12.0,QT450-10,204.4003232297538,,,,False
36,9,1,346.1240088972187,-12.9375,-10.0,QT450-10,204.86219332825456,,,,False
36,9,2,346.1240088972187,-12.9375,-8.0,QT450-10,205.2944121701134,,,,False
36,9,3,346.1240088972187,-12.9375,-6.0,QT450-10,205.68306751844173,,,,False
36,9,4,346.1240088972187,-12.9375,-4.0,QT450-10,206.0048704589326,,,,False
36,9,5,346.1240088972187,-12.9375,-2.0,QT450-10,206.22469943637992,,,,False
36,9,6,346.1240088972187,-12.9375,0.0,QT450-10,206.30396966559232,,,,False
36,9,7,346.1240088972187,-12.9375,2.0,QT450-10,206.22469943637992,,,,False
36,9,8,346.1240088972187,-12.9375,4.0,QT450-10,206.0048704589326,,,,False
36,9,9,346.1240088972187,-12.9375,6.0,QT450-10,205.68306751844173,,,,False
36,9,10,346.1240088972187,-12.9375,8.0,QT450-10,205.2944121701134,,,,False
36,9,11,346.1240088972187,-12.9375,10.0,QT450-10,204.86219332825456,,,,False
36,9,12,346.1240088972187,-12.9375,12.0,QT450-10,204.4003232297538,,,,False
36,10,0,346.1240088972187,-10.375,-12.0,QT450-10,213.92897281125622,,,,False
36,10,1,346.1240088972187,-10.375,-10.0,QT450-10,214.6146234164873,,,,False
36,10,2,346.1240088972187,-10.375,-8.0,QT450-10,215.49254542908818,,,,False
36,10,3,346.1240088972187,-10.375,-6.0,QT450-10,216.6332940194183,,,,False
36,10,4,346.1240088972187,-10.375,-4.0,QT450-10,218.003515870377,,,,False
36,10,5,346.1240088972187,-10.375,-2.0,QT450-10,219.1955665249994,,,,False
36,10,6,346.1240088972187,-10.375,0.0,QT450-10,219.67343397893328,,,,False
36,10,7,346.1240088972187,-10.375,2.0,QT450-10,219.1955665249994,,,,False
36,10,8,346.1240088972187,-10.375,4.0,QT450-10,218.003515870377,,,,False
36,10,9,346.1240088972187,-10.375,6.0,QT450-10,216.6332940194183,,,,False
36,10,10,346.1240088972187,-10.375,8.0,QT450-10,215.49254542908818,,,,False
36,10,11,346.1240088972187,-10.375,10.0,QT450-10,214.6146234164873,,,,False
36,10,12,346.1240088972187,-10.375,12.0,QT450-10,213.92897281125622,,,,False
36,11,0,346.1240088972187,-7.8125,-12.0,QT450-10,225.7641443258656,,,,False
36,11,1,346.1240088972187,-7.8125,-10.0,QT450-10,226.98741740573928,,,,False
36,11,2,346.1240088972187,-7.8125,-8.0,QT450-10,229.00400033289637,,,,False
36,11,3,346.1240088972187,-7.8125,-6.0,QT450-10,232.39616844549712,,,,False
36,11,4,346.1240088972187,-7.8125,-4.0,QT450-10,242.3666931248791,,,,False
36,11,5,346.1240088972187,-7.8125,-2.0,QT450-10,252.11964688609123,,,,False
36,11,6,346.1240088972187,-7.8125,0.0,QT450-10,256.4860239379187,,,,False
36,11,7,346.1240088972187,-7.8125,2.0,QT450-10,252.11964688609123,,,,False
36,11,8,346.1240088972187,-7.8125,4.0,QT450-10,242.3666931248791,,,,False
36,11,9,346.1240088972187,-7.8125,6.0,QT450-10,232.39616844549712,,,,False
36,11,10,346.1240088972187,-7.8125,8.0,QT450-10,229.00400033289637,,,,False
36,11,11,346.1240088972187,-7.8125,10.0,QT450-10,226.98741740573928,,,,False
36,11,12,346.1240088972187,-7.8125,12.0,QT450-10,225.76414432586557,,,,False
36,12,0,346.1240088972187,-5.25,-12.0,QT450-10,238.3507770283325,,,,False
36,12,1,346.1240088972187,-5.25,-10.0,QT450-10,240.38944012785973,,,,False
36,12,2,346.1240088972187,-5.25,-8.0,QT450-10,245.49673820855992,,,,False
36,12,3,346.1240088972187,-5.25,-6.0,QT450-10,261.2176970360742,,,,False
36,12,4,346.1240088972187,-5.25,-4.0,QT450-10,284.93857542212356,,,,False
36,12,5,346.1240088972187,-5.25,-2.0,QT450-10,310.94885445432516,,,,False
36,12,6,346.1240088972187,-5.25,0.0,QT450-10,325.28852545194775,,,,False
36,12,7,346.1240088972187,-5.25,2.0,QT450-10,310.94885445432516,,,,False
36,12,8,346.1240088972187,-5.25,4.0,QT450-10,284.9385754221235,,,,False
36,12,9,346.1240088972187,-5.25,6.0,QT450-10,261.2176970360742,,,,False
36,12,10,346.1240088972187,-5.25,8.0,QT450-10,245.4967382085599,,,,False
36,12,11,346.1240088972187,-5.25,10.0,QT450-10,240.38944012785973,,,,False
36,12,12,346.1240088972187,-5.25,12.0,QT450-10,238.3507770283325,,,,False
36,13,0,346.1240088972187,-2.6875,-12.0,ERNiFe-CI,250.10628721311576,,,,False
36,13,1,346.1240088972187,-2.6875,-10.0,ERNiFe-CI,253.46151922739318,,,,False
36,13,2,346.1240088972187,-2.6875,-8.0,ERNiFe-CI,266.3824959740413,,,,False
36,13,3,346.1240088972187,-2.6875,-6.0,ERNiFe-CI,295.13263187676665,,,,False
36,13,4,346.1240088972187,-2.6875,-4.0,ERNiFe-CI,344.28965622005256,,,,False
36,13,5,346.1240088972187,-2.6875,-2.0,ERNiFe-CI,413.8271863857335,,,,False
36,13,6,346.1240088972187,-2.6875,0.0,ERNiFe-CI,472.31392967780374,,,,False
36,13,7,346.1240088972187,-2.6875,2.0,ERNiFe-CI,413.8271863857335,,,,False
36,13,8,346.1240088972187,-2.6875,4.0,ERNiFe-CI,344.28965622005256,,,,False
36,13,9,346.1240088972187,-2.6875,6.0,ERNiFe-CI,295.13263187676665,,,,False
36,13,10,346.1240088972187,-2.6875,8.0,ERNiFe-CI,266.38249597404126,,,,False
36,13,11,346.1240088972187,-2.6875,10.0,ERNiFe-CI,253.46151922739313,,,,False
36,13,12,346.1240088972187,-2.6875,12.0,ERNiFe-CI,250.10628721311576,,,,False
36,14,0,346.1240088972187,-0.125,-12.0,ERNiFe-CI,260.04148937059267,,,,False
36,14,1,346.1240088972187,-0.125,-10.0,ERNiFe-CI,265.8486873071894,,,,False
36,14,2,346.1240088972187,-0.125,-8.0,ERNiFe-CI,282.9812743192355,,,,False
36,14,3,346.1240088972187,-0.125,-6.0,ERNiFe-CI,322.90655177785897,,,,False
36,14,4,346.1240088972187,-0.125,-4.0,ERNiFe-CI,404.4453930457939,,,,False
36,14,5,346.1240088972187,-0.125,-2.0,ERNiFe-CI,575.0445553983636,,,,False
36,14,6,346.1240088972187,-0.125,0.0,ERNiFe-CI,831.3694514437632,234.44994962066184,236.83016693581,2.3802173151481725,True
36,14,7,346.1240088972187,-0.125,2.0,ERNiFe-CI,575.0445553983635,,,,False
36,14,8,346.1240088972187,-0.125,4.0,ERNiFe-CI,404.4453930457939,,,,False
36,14,9,346.1240088972187,-0.125,6.0,ERNiFe-CI,322.90655177785897,,,,False
36,14,10,346.1240088972187,-0.125,8.0,ERNiFe-CI,282.98127431923547,,,,False
36,14,11,346.1240088972187,-0.125,10.0,ERNiFe-CI,265.8486873071893,,,,False
36,14,12,346.1240088972187,-0.125,12.0,ERNiFe-CI,260.04148937059267,,,,False
36,15,0,346.1240088972187,2.4375,-12.0,ERNiFe-CI,267.32268575078695,,,,False
36,15,1,346.1240088972187,2.4375,-10.0,ERNiFe-CI,273.73984996916545,,,,False
36,15,2,346.1240088972187,2.4375,-8.0,ERNiFe-CI,290.36343669790125,,,,False
36,15,3,346.1240088972187,2.4375,-6.0,ERNiFe-CI,323.6304421415597,,,,False
36,15,4,346.1240088972187,2.4375,-4.0,ERNiFe-CI,378.1555255648019,,,,False
36,15,5,346.1240088972187,2.4375,-2.0,ERNiFe-CI,454.20151893107277,,,,False
36,15,6,346.1240088972187,2.4375,0.0,ERNiFe-CI,519.5086199207676,,,,False
36,15,7,346.1240088972187,2.4375,2.0,ERNiFe-CI,454.20151893107277,,,,False
36,15,8,346.1240088972187,2.4375,4.0,ERNiFe-CI,378.15552556480185,,,,False
36,15,9,346.1240088972187,2.4375,6.0,ERNiFe-CI,323.6304421415596,,,,False
36,15,10,346.1240088972187,2.4375,8.0,ERNiFe-CI,290.3634366979012,,,,False
36,15,11,346.1240088972187,2.4375,10.0,ERNiFe-CI,273.7398499691654,,,,False
36,15,12,346.1240088972187,2.4375,12.0,ERNiFe-CI,267.3226857507869,,,,False
36,16,0,346.1240088972187,5.0,-12.0,Q235B,271.07120562134804,,,,False
36,16,1,346.1240088972187,5.0,-10.0,Q235B,277.05282601048333,,,,False
36,16,2,346.1240088972187,5.0,-8.0,Q235B,292.0884998213097,,,,False
36,16,3,346.1240088972187,5.0,-6.0,Q235B,318.8711815855969,,,,False
36,16,4,346.1240088972187,5.0,-4.0,Q235B,355.66082811607515,,,,False
36,16,5,346.1240088972187,5.0,-2.0,Q235B,393.9184722609968,,,,False
36,16,6,346.1240088972187,5.0,0.0,Q235B,414.2077845831912,,,,False
36,16,7,346.1240088972187,5.0,2.0,Q235B,393.91847226099674,,,,False
36,16,8,346.1240088972187,5.0,4.0,Q235B,355.6608281160751,,,,False
36,16,9,346.1240088972187,5.0,6.0,Q235B,318.8711815855969,,,,False
36,16,10,346.1240088972187,5.0,8.0,Q235B,292.0884998213097,,,,False
36,16,11,346.1240088972187,5.0,10.0,Q235B,277.05282601048333,,,,False
36,16,12,346.1240088972187,5.0,12.0,Q235B,271.071205621348,,,,False
37,0,0,355.7385646999192,-36.0,-12.0,QT450-10,183.48529363690906,,,,False
37,0,1,355.7385646999192,-36.0,-10.0,QT450-10,183.60696985519374,,,,False
37,0,2,355.7385646999192,-36.0,-8.0,QT450-10,183.7549721944809,,,,False
37,0,3,355.7385646999192,-36.0,-6.0,QT450-10,183.8899006706967,,,,False
37,0,4,355.7385646999192,-36.0,-4.0,QT450-10,183.99407590302772,,,,False
37,0,5,355.7385646999192,-36.0,-2.0,QT450-10,184.0591124911691,,,,False
37,0,6,355.7385646999192,-36.0,0.0,QT450-10,184.08116550511247,,,,False
37,0,7,355.7385646999192,-36.0,2.0,QT450-10,184.0591124911691,,,,False
37,0,8,355.7385646999192,-36.0,4.0,QT450-10,183.99407590302772,,,,False
37,0,9,355.7385646999192,-36.0,6.0,QT450-10,183.8899006706967,,,,False
37,0,10,355.7385646999192,-36.0,8.0,QT450-10,183.7549721944809,,,,False
37,0,11,355.7385646999192,-36.0,10.0,QT450-10,183.60696985519374,,,,False
37,0,12,355.7385646999192,-36.0,12.0,QT450-10,183.48529363690906,,,,False
37,1,0,355.7385646999192,-33.4375,-12.0,QT450-10,183.99744134061172,,,,False
37,1,1,355.7385646999192,-33.4375,-10.0,QT450-10,184.27635171433002,,,,False
37,1,2,355.7385646999192,-33.4375,-8.0,QT450-10,184.4898933078056,,,,False
37,1,3,355.7385646999192,-33.4375,-6.0,QT450-10,184.6546284207363,,,,False
37,1,4,355.7385646999192,-33.4375,-4.0,QT450-10,184.77317453128776,,,,False
37,1,5,355.7385646999192,-33.4375,-2.0,QT450-10,184.84490090087542,,,,False
37,1,6,355.7385646999192,-33.4375,0.0,QT450-10,184.86892468903972,,,,False
37,1,7,355.7385646999192,-33.4375,2.0,QT450-10,184.84490090087542,,,,False
37,1,8,355.7385646999192,-33.4375,4.0,QT450-10,184.77317453128776,,,,False
37,1,9,355.7385646999192,-33.4375,6.0,QT450-10,184.6546284207363,,,,False
37,1,10,355.7385646999192,-33.4375,8.0,QT450-10,184.4898933078056,,,,False
37,1,11,355.7385646999192,-33.4375,10.0,QT450-10,184.27635171433002,,,,False
37,1,12,355.7385646999192,-33.4375,12.0,QT450-10,183.99744134061172,,,,False
37,2,0,355.7385646999192,-30.875,-12.0,QT450-10,184.76057025732771,,,,False
37,2,1,355.7385646999192,-30.875,-10.0,QT450-10,185.0853226266809,,,,False
37,2,2,355.7385646999192,-30.875,-8.0,QT450-10,185.33726282257294,,,,False
37,2,3,355.7385646999192,-30.875,-6.0,QT450-10,185.52754277444907,,,,False
37,2,4,355.7385646999192,-30.875,-4.0,QT450-10,185.6615195680116,,,,False
37,2,5,355.7385646999192,-30.875,-2.0,QT450-10,185.74139945476753,,,,False
37,2,6,355.7385646999192,-30.875,0.0,QT450-10,185.76796516119015,,,,False
37,2,7,355.7385646999192,-30.875,2.0,QT450-10,185.74139945476753,,,,False
37,2,8,355.7385646999192,-30.875,4.0,QT450-10,185.6615195680116,,,,False
37,2,9,355.7385646999192,-30.875,6.0,QT450-10,185.52754277444907,,,,False
37,2,10,355.7385646999192,-30.875,8.0,QT450-10,185.33726282257294,,,,False
37,2,11,355.7385646999192,-30.875,10.0,QT450-10,185.0853226266809,,,,False
37,2,12,355.7385646999192,-30.875,12.0,QT450-10,184.76057025732771,,,,False
37,3,0,355.7385646999192,-28.3125,-12.0,QT450-10,185.69939886932121,,,,False
37,3,1,355.7385646999192,-28.3125,-10.0,QT450-10,186.0418437496108,,,,False
37,3,2,355.7385646999192,-28.3125,-8.0,QT450-10,186.3139411254583,,,,False
37,3,3,355.7385646999192,-28.3125,-6.0,QT450-10,186.5210237915152,,,,False
37,3,4,355.7385646999192,-28.3125,-4.0,QT450-10,186.6668475380899,,,,False
37,3,5,355.7385646999192,-28.3125,-2.0,QT450-10,186.75361925866426,,,,False
37,3,6,355.7385646999192,-28.3125,0.0,QT450-10,186.7824346721679,,,,False
37,3,7,355.7385646999192,-28.3125,2.0,QT450-10,186.75361925866426,,,,False
37,3,8,355.7385646999192,-28.3125,4.0,QT450-10,186.6668475380899,,,,False
37,3,9,355.7385646999192,-28.3125,6.0,QT450-10,186.5210237915152,,,,False
37,3,10,355.7385646999192,-28.3125,8.0,QT450-10,186.3139411254583,,,,False
37,3,11,355.7385646999192,-28.3125,10.0,QT450-10,186.0418437496108,,,,False
37,3,12,355.7385646999192,-28.3125,12.0,QT450-10,185.69939886932121,,,,False
37,4,0,355.7385646999192,-25.75,-12.0,QT450-10,186.85377429234066,,,,False
37,4,1,355.7385646999192,-25.75,-10.0,QT450-10,187.2057069506637,,,,False
37,4,2,355.7385646999192,-25.75,-8.0,QT450-10,187.48942401907024,,,,False
37,4,3,355.7385646999192,-25.75,-6.0,QT450-10,187.70731686660412,,,,False
37,4,4,355.7385646999192,-25.75,-4.0,QT450-10,187.86149142731415,,,,False
37,4,5,355.7385646999192,-25.75,-2.0,QT450-10,187.9534337561534,,,,False
37,4,6,355.7385646999192,-25.75,0.0,QT450-10,187.9839906734619,,,,False
37,4,7,355.7385646999192,-25.75,2.0,QT450-10,187.9534337561534,,,,False
37,4,8,355.7385646999192,-25.75,4.0,QT450-10,187.86149142731415,,,,False
37,4,9,355.7385646999192,-25.75,6.0,QT450-10,187.70731686660412,,,,False
37,4,10,355.7385646999192,-25.75,8.0,QT450-10,187.48942401907024,,,,False
37,4,11,355.7385646999192,-25.75,10.0,QT450-10,187.2057069506637,,,,False
37,4,12,355.7385646999192,-25.75,12.0,QT450-10,186.85377429234066,,,,False
37,5,0,355.7385646999192,-23.1875,-12.0,QT450-10,188.30903332431882,,,,False
37,5,1,355.7385646999192,-23.1875,-10.0,QT450-10,188.66812168470705,,,,False
37,5,2,355.7385646999192,-23.1875,-8.0,QT450-10,188.9599688362694,,,,False
37,5,3,355.7385646999192,-23.1875,-6.0,QT450-10,189.1855560037749,,,,False
37,5,4,355.7385646999192,-23.1875,-4.0,QT450-10,189.34588824070767,,,,False
37,5,5,355.7385646999192,-23.1875,-2.0,QT450-10,189.44176037658852,,,,False
37,5,6,355.7385646999192,-23.1875,0.0,QT450-10,189.47366305663732,,,,False
37,5,7,355.7385646999192,-23.1875,2.0,QT450-10,189.44176037658852,,,,False
37,5,8,355.7385646999192,-23.1875,4.0,QT450-10,189.34588824070767,,,,False
37,5,9,355.7385646999192,-23.1875,6.0,QT450-10,189.1855560037749,,,,False
37,5,10,355.7385646999192,-23.1875,8.0,QT450-10,188.9599688362694,,,,False
37,5,11,355.7385646999192,-23.1875,10.0,QT450-10,188.66812168470705,,,,False
37,5,12,355.7385646999192,-23.1875,12.0,QT450-10,188.30903332431882,,,,False
37,6,0,355.7385646999192,-20.625,-12.0,QT450-10,190.2354665063613,,,,False
37,6,1,355.7385646999192,-20.625,-10.0,QT450-10,190.6018670093033,,,,False
37,6,2,355.7385646999192,-20.625,-8.0,QT450-10,190.9011383244845,,,,False
37,6,3,355.7385646999192,-20.625,-6.0,QT450-10,191.1334925839689,,,,False
37,6,4,355.7385646999192,-20.625,-4.0,QT450-10,191.29920641313925,,,,False
37,6,5,355.7385646999192,-20.625,-2.0,QT450-10,191.39852592542573,,,,False
37,6,6,355.7385646999192,-20.625,0.0,QT450-10,191.43161370727745,,,,False
37,6,7,355.7385646999192,-20.625,2.0,QT450-10,191.39852592542573,,,,False
37,6,8,355.7385646999192,-20.625,4.0,QT450-10,191.29920641313925,,,,False
37,6,9,355.7385646999192,-20.625,6.0,QT450-10,191.1334925839689,,,,False
37,6,10,355.7385646999192,-20.625,8.0,QT450-10,190.9011383244845,,,,False
37,6,11,355.7385646999192,-20.625,10.0,QT450-10,190.6018670093033,,,,False
37,6,12,355.7385646999192,-20.625,12.0,QT450-10,190.2354665063613,,,,False
37,7,0,355.7385646999192,-18.0625,-12.0,QT450-10,193.013379004254,,,,False
37,7,1,355.7385646999192,-18.0625,-10.0,QT450-10,193.3895117612138,,,,False
37,7,2,355.7385646999192,-18.0625,-8.0,QT450-10,193.6981035215748,,,,False
37,7,3,355.7385646999192,-18.0625,-6.0,QT450-10,193.93869630188235,,,,False
37,7,4,355.7385646999192,-18.0625,-4.0,QT450-10,194.11087894733834,,,,False
37,7,5,355.7385646999192,-18.0625,-2.0,QT450-10,194.21432487380997,,,,False
37,7,6,355.7385646999192,-18.0625,0.0,QT450-10,194.24882971694618,,,,False
37,7,7,355.7385646999192,-18.0625,2.0,QT450-10,194.21432487380997,,,,False
37,7,8,355.7385646999192,-18.0625,4.0,QT450-10,194.11087894733834,,,,False
37,7,9,355.7385646999192,-18.0625,6.0,QT450-10,193.93869630188235,,,,False
37,7,10,355.7385646999192,-18.0625,8.0,QT450-10,193.6981035215748,,,,False
37,7,11,355.7385646999192,-18.0625,10.0,QT450-10,193.3895117612138,,,,False
37,7,12,355.7385646999192,-18.0625,12.0,QT450-10,193.013379004254,,,,False
37,8,0,355.7385646999192,-15.5,-12.0,QT450-10,197.4485962422158,,,,False
37,8,1,355.7385646999192,-15.5,-10.0,QT450-10,197.84376710405877,,,,False
37,8,2,355.7385646999192,-15.5,-8.0,QT450-10,198.17329604064562,,,,False
37,8,3,355.7385646999192,-15.5,-6.0,QT450-10,198.43442988598594,,,,False
37,8,4,355.7385646999192,-15.5,-4.0,QT450-10,198.62405710644558,,,,False
37,8,5,355.7385646999192,-15.5,-2.0,QT450-10,198.73925127992314,,,,False
37,8,6,355.7385646999192,-15.5,0.0,QT450-10,198.7779087579946,,,,False
37,8,7,355.7385646999192,-15.5,2.0,QT450-10,198.73925127992314,,,,False
37,8,8,355.7385646999192,-15.5,4.0,QT450-10,198.62405710644558,,,,False
37,8,9,355.7385646999192,-15.5,6.0,QT450-10,198.43442988598594,,,,False
37,8,10,355.7385646999192,-15.5,8.0,QT450-10,198.17329604064562,,,,False
37,8,11,355.7385646999192,-15.5,10.0,QT450-10,197.84376710405877,,,,False
37,8,12,355.7385646999192,-15.5,12.0,QT450-10,197.4485962422158,,,,False
37,9,0,355.7385646999192,-12.9375,-12.0,QT450-10,204.42199095923172,,,,False
37,9,1,355.7385646999192,-12.9375,-10.0,QT450-10,204.8832800058547,,,,False
37,9,2,355.7385646999192,-12.9375,-8.0,QT450-10,205.3143103497826,,,,False
37,9,3,355.7385646999192,-12.9375,-6.0,QT450-10,205.7013108644422,,,,False
37,9,4,355.7385646999192,-12.9375,-4.0,QT450-10,206.02121571633103,,,,False
37,9,5,355.7385646999192,-12.9375,-2.0,QT450-10,206.23950275279861,,,,False
37,9,6,355.7385646999192,-12.9375,0.0,QT450-10,206.31816262417104,,,,False
37,9,7,355.7385646999192,-12.9375,2.0,QT450-10,206.23950275279861,,,,False
37,9,8,355.7385646999192,-12.9375,4.0,QT450-10,206.02121571633103,,,,False
37,9,9,355.7385646999192,-12.9375,6.0,QT450-10,205.7013108644422,,,,False
37,9,10,355.7385646999192,-12.9375,8.0,QT450-10,205.3143103497826,,,,False
37,9,11,355.7385646999192,-12.9375,10.0,QT450-10,204.8832800058547,,,,False
37,9,12,355.7385646999192,-12.9375,12.0,QT450-10,204.42199095923172,,,,False
37,10,0,355.7385646999192,-10.375,-12.0,QT450-10,213.92936282931578,,,,False
37,10,1,355.7385646999192,-10.375,-10.0,QT450-10,214.61294461445326,,,,False
37,10,2,355.7385646999192,-10.375,-8.0,QT450-10,215.48646804249677,,,,False
37,10,3,355.7385646999192,-10.375,-6.0,QT450-10,216.62125110031278,,,,False
37,10,4,355.7385646999192,-10.375,-4.0,QT450-10,217.9864497972609,,,,False
37,10,5,355.7385646999192,-10.375,-2.0,QT450-10,219.17564462514457,,,,False
37,10,6,355.7385646999192,-10.375,0.0,QT450-10,219.6525878468669,,,,False
37,10,7,355.7385646999192,-10.375,2.0,QT450-10,219.17564462514457,,,,False
37,10,8,355.7385646999192,-10.375,4.0,QT450-10,217.9864497972609,,,,False
37,10,9,355.7385646999192,-10.375,6.0,QT450-10,216.62125110031278,,,,False
37,10,10,355.7385646999192,-10.375,8.0,QT450-10,215.48646804249677,,,,False
37,10,11,355.7385646999192,-10.375,10.0,QT450-10,214.61294461445323,,,,False
37,10,12,355.7385646999192,-10.375,12.0,QT450-10,213.92936282931578,,,,False
37,11,0,355.7385646999192,-7.8125,-12.0,QT450-10,225.74881034407093,,,,False
37,11,1,355.7385646999192,-7.8125,-10.0,QT450-10,226.96986986178368,,,,False
37,11,2,355.7385646999192,-7.8125,-8.0,QT450-10,228.98220163512536,,,,False
37,11,3,355.7385646999192,-7.8125,-6.0,QT450-10,232.34495338008773,,,,False
37,11,4,355.7385646999192,-7.8125,-4.0,QT450-10,242.31141639742992,,,,False
37,11,5,355.7385646999192,-7.8125,-2.0,QT450-10,252.05900113431542,,,,False
37,11,6,355.7385646999192,-7.8125,0.0,QT450-10,256.422459868981,,,,False
37,11,7,355.7385646999192,-7.8125,2.0,QT450-10,252.0590011343154,,,,False
37,11,8,355.7385646999192,-7.8125,4.0,QT450-10,242.31141639742992,,,,False
37,11,9,355.7385646999192,-7.8125,6.0,QT450-10,232.34495338008773,,,,False
37,11,10,355.7385646999192,-7.8125,8.0,QT450-10,228.98220163512536,,,,False
37,11,11,355.7385646999192,-7.8125,10.0,QT450-10,226.96986986178368,,,,False
37,11,12,355.7385646999192,-7.8125,12.0,QT450-10,225.74881034407093,,,,False
37,12,0,355.7385646999192,-5.25,-12.0,QT450-10,238.3262337018867,,,,False
37,12,1,355.7385646999192,-5.25,-10.0,QT450-10,240.36165373440122,,,,False
37,12,2,355.7385646999192,-5.25,-8.0,QT450-10,245.4406247171399,,,,False
37,12,3,355.7385646999192,-5.25,-6.0,QT450-10,261.15409998897877,,,,False
37,12,4,355.7385646999192,-5.25,-4.0,QT450-10,284.8660862855994,,,,False
37,12,5,355.7385646999192,-5.25,-2.0,QT450-10,310.8687935152035,,,,False
37,12,6,355.7385646999192,-5.25,0.0,QT450-10,325.2048180774807,,,,False
37,12,7,355.7385646999192,-5.25,2.0,QT450-10,310.8687935152035,,,,False
37,12,8,355.7385646999192,-5.25,4.0,QT450-10,284.86608628559947,,,,False
37,12,9,355.7385646999192,-5.25,6.0,QT450-10,261.15409998897877,,,,False
37,12,10,355.7385646999192,-5.25,8.0,QT450-10,245.4406247171399,,,,False
37,12,11,355.7385646999192,-5.25,10.0,QT450-10,240.36165373440122,,,,False
37,12,12,355.7385646999192,-5.25,12.0,QT450-10,238.3262337018867,,,,False
37,13,0,355.7385646999192,-2.6875,-12.0,ERNiFe-CI,250.07322121230243,,,,False
37,13,1,355.7385646999192,-2.6875,-10.0,ERNiFe-CI,253.40884598673156,,,,False
37,13,2,355.7385646999192,-2.6875,-8.0,ERNiFe-CI,266.3185580584102,,,,False
37,13,3,355.7385646999192,-2.6875,-6.0,ERNiFe-CI,295.0548429072252,,,,False
37,13,4,355.7385646999192,-2.6875,-4.0,ERNiFe-CI,344.19872700345525,,,,False
37,13,5,355.7385646999192,-2.6875,-2.0,ERNiFe-CI,413.71964701131844,,,,False
37,13,6,355.7385646999192,-2.6875,0.0,ERNiFe-CI,472.18981224476113,,,,False
37,13,7,355.7385646999192,-2.6875,2.0,ERNiFe-CI,413.71964701131844,,,,False
37,13,8,355.7385646999192,-2.6875,4.0,ERNiFe-CI,344.1987270034553,,,,False
37,13,9,355.7385646999192,-2.6875,6.0,ERNiFe-CI,295.05484290722524,,,,False
37,13,10,355.7385646999192,-2.6875,8.0,ERNiFe-CI,266.3185580584102,,,,False
37,13,11,355.7385646999192,-2.6875,10.0,ERNiFe-CI,253.4088459867316,,,,False
37,13,12,355.7385646999192,-2.6875,12.0,ERNiFe-CI,250.07322121230243,,,,False
37,14,0,355.7385646999192,-0.125,-12.0,ERNiFe-CI,259.9988630637362,,,,False
37,14,1,355.7385646999192,-0.125,-10.0,ERNiFe-CI,265.78774562509557,,,,False
37,14,2,355.7385646999192,-0.125,-8.0,ERNiFe-CI,282.9108974310185,,,,False
37,14,3,355.7385646999192,-0.125,-6.0,ERNiFe-CI,322.8179023858557,,,,False
37,14,4,355.7385646999192,-0.125,-4.0,ERNiFe-CI,404.3392739416822,,,,False
37,14,5,355.7385646999192,-0.125,-2.0,ERNiFe-CI,574.9122279302026,,,,False
37,14,6,355.7385646999192,-0.125,0.0,ERNiFe-CI,831.2144889093636,240.85770884330807,243.23902311706925,2.381314273761177,True
37,14,7,355.7385646999192,-0.125,2.0,ERNiFe-CI,574.9122279302026,,,,False
37,14,8,355.7385646999192,-0.125,4.0,ERNiFe-CI,404.3392739416823,,,,False
37,14,9,355.7385646999192,-0.125,6.0,ERNiFe-CI,322.81790238585575,,,,False
37,14,10,355.7385646999192,-0.125,8.0,ERNiFe-CI,282.9108974310185,,,,False
37,14,11,355.7385646999192,-0.125,10.0,ERNiFe-CI,265.78774562509557,,,,False
37,14,12,355.7385646999192,-0.125,12.0,ERNiFe-CI,259.9988630637362,,,,False
37,15,0,355.7385646999192,2.4375,-12.0,ERNiFe-CI,267.2675210799634,,,,False
37,15,1,355.7385646999192,2.4375,-10.0,ERNiFe-CI,273.6765475040927,,,,False
37,15,2,355.7385646999192,2.4375,-8.0,ERNiFe-CI,290.29357837175803,,,,False
37,15,3,355.7385646999192,2.4375,-6.0,ERNiFe-CI,323.54522400101405,,,,False
37,15,4,355.7385646999192,2.4375,-4.0,ERNiFe-CI,378.0526933153886,,,,False
37,15,5,355.7385646999192,2.4375,-2.0,ERNiFe-CI,454.0825656387137,,,,False
37,15,6,355.7385646999192,2.4375,0.0,ERNiFe-CI,519.3745073005056,,,,False
37,15,7,355.7385646999192,2.4375,2.0,ERNiFe-CI,454.08256563871373,,,,False
37,15,8,355.7385646999192,2.4375,4.0,ERNiFe-CI,378.05269331538864,,,,False
37,15,9,355.7385646999192,2.4375,6.0,ERNiFe-CI,323.54522400101405,,,,False
37,15,10,355.7385646999192,2.4375,8.0,ERNiFe-CI,290.29357837175803,,,,False
37,15,11,355.7385646999192,2.4375,10.0,ERNiFe-CI,273.6765475040927,,,,False
37,15,12,355.7385646999192,2.4375,12.0,ERNiFe-CI,267.2675210799634,,,,False
37,16,0,355.7385646999192,5.0,-12.0,Q235B,271.0142762288794,,,,False
37,16,1,355.7385646999192,5.0,-10.0,Q235B,276.9899428656122,,,,False
37,16,2,355.7385646999192,5.0,-8.0,Q235B,292.01958226785814,,,,False
37,16,3,355.7385646999192,5.0,-6.0,Q235B,318.7929907805854,,,,False
37,16,4,355.7385646999192,5.0,-4.0,Q235B,355.567566733926,,,,False
37,16,5,355.7385646999192,5.0,-2.0,Q235B,393.8190005172764,,,,False
37,16,6,355.7385646999192,5.0,0.0,Q235B,414.0983631896412,,,,False
37,16,7,355.7385646999192,5.0,2.0,Q235B,393.8190005172764,,,,False
37,16,8,355.7385646999192,5.0,4.0,Q235B,355.567566733926,,,,False
37,16,9,355.7385646999192,5.0,6.0,Q235B,318.7929907805854,,,,False
37,16,10,355.7385646999192,5.0,8.0,Q235B,292.01958226785814,,,,False
37,16,11,355.7385646999192,5.0,10.0,Q235B,276.9899428656122,,,,False
37,16,12,355.7385646999192,5.0,12.0,Q235B,271.0142762288794,,,,False
38,0,0,365.35312050261973,-36.0,-12.0,QT450-10,183.38563461868898,,,,False
38,0,1,365.35312050261973,-36.0,-10.0,QT450-10,183.50727828825697,,,,False
38,0,2,365.35312050261973,-36.0,-8.0,QT450-10,183.65524622557538,,,,False
38,0,3,365.35312050261973,-36.0,-6.0,QT450-10,183.79014764596184,,,,False
38,0,4,365.35312050261973,-36.0,-4.0,QT450-10,183.89430467759448,,,,False
38,0,5,365.35312050261973,-36.0,-2.0,QT450-10,183.95933107151106,,,,False
38,0,6,365.35312050261973,-36.0,0.0,QT450-10,183.98138083138673,,,,False
38,0,7,365.35312050261973,-36.0,2.0,QT450-10,183.95933107151106,,,,False
38,0,8,365.35312050261973,-36.0,4.0,QT450-10,183.89430467759448,,,,False
38,0,9,365.35312050261973,-36.0,6.0,QT450-10,183.79014764596184,,,,False
38,0,10,365.35312050261973,-36.0,8.0,QT450-10,183.65524622557538,,,,False
38,0,11,365.35312050261973,-36.0,10.0,QT450-10,183.50727828825697,,,,False
38,0,12,365.35312050261973,-36.0,12.0,QT450-10,183.38563461868898,,,,False
38,1,0,365.35312050261973,-33.4375,-12.0,QT450-10,183.95098259207194,,,,False
38,1,1,365.35312050261973,-33.4375,-10.0,QT450-10,184.2298653311547,,,,False
38,1,2,365.35312050261973,-33.4375,-8.0,QT450-10,184.44342451072595,,,,False
38,1,3,365.35312050261973,-33.4375,-6.0,QT450-10,184.6081911008782,,,,False
38,1,4,365.35312050261973,-33.4375,-4.0,QT450-10,184.7267674098446,,,,False
38,1,5,365.35312050261973,-33.4375,-2.0,QT450-10,184.79851463746962,,,,False
38,1,6,365.35312050261973,-33.4375,0.0,QT450-10,184.82254580884518,,,,False
38,1,7,365.35312050261973,-33.4375,2.0,QT450-10,184.79851463746962,,,,False
38,1,8,365.35312050261973,-33.4375,4.0,QT450-10,184.7267674098446,,,,False
38,1,9,365.35312050261973,-33.4375,6.0,QT450-10,184.6081911008782,,,,False
38,1,10,365.35312050261973,-33.4375,8.0,QT450-10,184.44342451072595,,,,False
38,1,11,365.35312050261973,-33.4375,10.0,QT450-10,184.2298653311547,,,,False
38,1,12,365.35312050261973,-33.4375,12.0,QT450-10,183.95098259207194,,,,False
38,2,0,365.35312050261973,-30.875,-12.0,QT450-10,184.8193562678676,,,,False
38,2,1,365.35312050261973,-30.875,-10.0,QT450-10,185.1443327625484,,,,False
38,2,2,365.35312050261973,-30.875,-8.0,QT450-10,185.39648947938076,,,,False
38,2,3,365.35312050261973,-30.875,-6.0,QT450-10,185.5869574243394,,,,False
38,2,4,365.35312050261973,-30.875,-4.0,QT450-10,185.7210783666188,,,,False
38,2,5,365.35312050261973,-30.875,-2.0,QT450-10,185.8010485069531,,,,False
38,2,6,365.35312050261973,-30.875,0.0,QT450-10,185.82764490782506,,,,False
38,2,7,365.35312050261973,-30.875,2.0,QT450-10,185.8010485069531,,,,False
38,2,8,365.35312050261973,-30.875,4.0,QT450-10,185.7210783666188,,,,False
38,2,9,365.35312050261973,-30.875,6.0,QT450-10,185.5869574243394,,,,False
38,2,10,365.35312050261973,-30.875,8.0,QT450-10,185.39648947938076,,,,False
38,2,11,365.35312050261973,-30.875,10.0,QT450-10,185.1443327625484,,,,False
38,2,12,365.35312050261973,-30.875,12.0,QT450-10,184.8193562678676,,,,False
38,3,0,365.35312050261973,-28.3125,-12.0,QT450-10,185.90521672530883,,,,False
38,3,1,365.35312050261973,-28.3125,-10.0,QT450-10,186.24828106143343,,,,False
38,3,2,365.35312050261973,-28.3125,-8.0,QT450-10,186.52090192842218,,,,False
38,3,3,365.35312050261973,-28.3125,-6.0,QT450-10,186.72840379981628,,,,False
38,3,4,365.35312050261973,-28.3125,-4.0,QT450-10,186.8745339073356,,,,False
38,3,5,365.35312050261973,-28.3125,-2.0,QT450-10,186.96149231904312,,,,False
38,3,6,365.35312050261973,-28.3125,0.0,QT450-10,186.99037045068238,,,,False
38,3,7,365.35312050261973,-28.3125,2.0,QT450-10,186.96149231904312,,,,False
38,3,8,365.35312050261973,-28.3125,4.0,QT450-10,186.8745339073356,,,,False
38,3,9,365.35312050261973,-28.3125,6.0,QT450-10,186.72840379981628,,,,False
38,3,10,365.35312050261973,-28.3125,8.0,QT450-10,186.52090192842218,,,,False
38,3,11,365.35312050261973,-28.3125,10.0,QT450-10,186.24828106143343,,,,False
38,3,12,365.35312050261973,-28.3125,12.0,QT450-10,185.90521672530883,,,,False
38,4,0,365.35312050261973,-25.75,-12.0,QT450-10,187.16317968585528,,,,False
38,4,1,365.35312050261973,-25.75,-10.0,QT450-10,187.51600624548544,,,,False
38,4,2,365.35312050261973,-25.75,-8.0,QT450-10,187.8004512376465,,,,False
38,4,3,365.35312050261973,-25.75,-6.0,QT450-10,188.01890832999024,,,,False
38,4,4,365.35312050261973,-25.75,-4.0,QT450-10,188.17348512839936,,,,False
38,4,5,365.35312050261973,-25.75,-2.0,QT450-10,188.2656685741063,,,,False
38,4,6,365.35312050261973,-25.75,0.0,QT450-10,188.29630583669328,,,,False
38,4,7,365.35312050261973,-25.75,2.0,QT450-10,188.2656685741063,,,,False
38,4,8,365.35312050261973,-25.75,4.0,QT450-10,188.17348512839936,,,,False
38,4,9,365.35312050261973,-25.75,6.0,QT450-10,188.01890832999024,,,,False
38,4,10,365.35312050261973,-25.75,8.0,QT450-10,187.8004512376465,,,,False
38,4,11,365.35312050261973,-25.75,10.0,QT450-10,187.51600624548544,,,,False
38,4,12,365.35312050261973,-25.75,12.0,QT450-10,187.16317968585528,,,,False
38,5,0,365.35312050261973,-23.1875,-12.0,QT450-10,188.6194241020139,,,,False
38,5,1,365.35312050261973,-23.1875,-10.0,QT450-10,188.9794107006494,,,,False
38,5,2,365.35312050261973,-23.1875,-8.0,QT450-10,189.27198682997187,,,,False
38,5,3,365.35312050261973,-23.1875,-6.0,QT450-10,189.4981371704913,,,,False
38,5,4,365.35312050261973,-23.1875,-4.0,QT450-10,189.65886924879283,,,,False
38,5,5,365.35312050261973,-23.1875,-2.0,QT450-10,189.75498029006383,,,,False
38,5,6,365.35312050261973,-23.1875,0.0,QT450-10,189.78696243706102,,,,False
38,5,7,365.35312050261973,-23.1875,2.0,QT450-10,189.75498029006383,,,,False
38,5,8,365.35312050261973,-23.1875,4.0,QT450-10,189.65886924879283,,,,False
38,5,9,365.35312050261973,-23.1875,6.0,QT450-10,189.4981371704913,,,,False
38,5,10,365.35312050261973,-23.1875,8.0,QT450-10,189.27198682997187,,,,False
38,5,11,365.35312050261973,-23.1875,10.0,QT450-10,188.9794107006494,,,,False
38,5,12,365.35312050261973,-23.1875,12.0,QT450-10,188.6194241020139,,,,False
38,6,0,365.35312050261973,-20.625,-12.0,QT450-10,190.5354988059134,,,,False
38,6,1,365.35312050261973,-20.625,-10.0,QT450-10,190.90277799945306,,,,False
38,6,2,365.35312050261973,-20.625,-8.0,QT450-10,191.2027653698128,,,,False
38,6,3,365.35312050261973,-20.625,-6.0,QT450-10,191.43567430548757,,,,False
38,6,4,365.35312050261973,-20.625,-4.0,QT450-10,191.6017829368229,,,,False
38,6,5,365.35312050261973,-20.625,-2.0,QT450-10,191.7013387224285,,,,False
38,6,6,365.35312050261973,-20.625,0.0,QT450-10,191.7345051560282,,,,False
38,6,7,365.35312050261973,-20.625,2.0,QT450-10,191.7013387224285,,,,False
38,6,8,365.35312050261973,-20.625,4.0,QT450-10,191.6017829368229,,,,False
38,6,9,365.35312050261973,-20.625,6.0,QT450-10,191.43567430548757,,,,False
38,6,10,365.35312050261973,-20.625,8.0,QT450-10,191.2027653698128,,,,False
38,6,11,365.35312050261973,-20.625,10.0,QT450-10,190.90277799945306,,,,False
38,6,12,365.35312050261973,-20.625,12.0,QT450-10,190.5354988059134,,,,False
38,7,0,365.35312050261973,-18.0625,-12.0,QT450-10,193.2963242151512,,,,False
38,7,1,365.35312050261973,-18.0625,-10.0,QT450-10,193.67328812435028,,,,False
38,7,2,365.35312050261973,-18.0625,-8.0,QT450-10,193.98255360603667,,,,False
38,7,3,365.35312050261973,-18.0625,-6.0,QT450-10,194.2236671698667,,,,False
38,7,4,365.35312050261973,-18.0625,-4.0,QT450-10,194.39621407051004,,,,False
38,7,5,365.35312050261973,-18.0625,-2.0,QT450-10,194.49987518586704,,,,False
38,7,6,365.35312050261973,-18.0625,0.0,QT450-10,194.53445136631234,,,,False
38,7,7,365.35312050261973,-18.0625,2.0,QT450-10,194.49987518586704,,,,False
38,7,8,365.35312050261973,-18.0625,4.0,QT450-10,194.39621407051004,,,,False
38,7,9,365.35312050261973,-18.0625,6.0,QT450-10,194.2236671698667,,,,False
38,7,10,365.35312050261973,-18.0625,8.0,QT450-10,193.98255360603667,,,,False
38,7,11,365.35312050261973,-18.0625,10.0,QT450-10,193.67328812435028,,,,False
38,7,12,365.35312050261973,-18.0625,12.0,QT450-10,193.2963242151512,,,,False
38,8,0,365.35312050261973,-15.5,-12.0,QT450-10,197.70602738182697,,,,False
38,8,1,365.35312050261973,-15.5,-10.0,QT450-10,198.10187799309833,,,,False
38,8,2,365.35312050261973,-15.5,-8.0,QT450-10,198.43186087292446,,,,False
38,8,3,365.35312050261973,-15.5,-6.0,QT450-10,198.69326623712695,,,,False
38,8,4,365.35312050261973,-15.5,-4.0,QT450-10,198.88302318721,,,,False
38,8,5,365.35312050261973,-15.5,-2.0,QT450-10,198.99826086092523,,,,False
38,8,6,365.35312050261973,-15.5,0.0,QT450-10,199.03693057355602,,,,False
38,8,7,365.35312050261973,-15.5,2.0,QT450-10,198.99826086092526,,,,False
38,8,8,365.35312050261973,-15.5,4.0,QT450-10,198.88302318721,,,,False
38,8,9,365.35312050261973,-15.5,6.0,QT450-10,198.69326623712695,,,,False
38,8,10,365.35312050261973,-15.5,8.0,QT450-10,198.43186087292446,,,,False
38,8,11,365.35312050261973,-15.5,10.0,QT450-10,198.10187799309833,,,,False
38,8,12,365.35312050261973,-15.5,12.0,QT450-10,197.70602738182697,,,,False
38,9,0,365.35312050261973,-12.9375,-12.0,QT450-10,204.65490081211968,,,,False
38,9,1,365.35312050261973,-12.9375,-10.0,QT450-10,205.11643346017934,,,,False
38,9,2,365.35312050261973,-12.9375,-8.0,QT450-10,205.54709469216021,,,,False
38,9,3,365.35312050261973,-12.9375,-6.0,QT450-10,205.93319658177606,,,,False
38,9,4,365.35312050261973,-12.9375,-4.0,QT450-10,206.25192273826838,,,,False
38,9,5,365.35312050261973,-12.9375,-2.0,QT450-10,206.46915304710936,,,,False
38,9,6,365.35312050261973,-12.9375,0.0,QT450-10,206.54739028232905,,,,False
38,9,7,365.35312050261973,-12.9375,2.0,QT450-10,206.46915304710936,,,,False
38,9,8,365.35312050261973,-12.9375,4.0,QT450-10,206.25192273826838,,,,False
38,9,9,365.35312050261973,-12.9375,6.0,QT450-10,205.93319658177603,,,,False
38,9,10,365.35312050261973,-12.9375,8.0,QT450-10,205.54709469216021,,,,False
38,9,11,365.35312050261973,-12.9375,10.0,QT450-10,205.11643346017934,,,,False
38,9,12,365.35312050261973,-12.9375,12.0,QT450-10,204.65490081211968,,,,False
38,10,0,365.35312050261973,-10.375,-12.0,QT450-10,214.14439419213411,,,,False
38,10,1,365.35312050261973,-10.375,-10.0,QT450-10,214.8270362161439,,,,False
38,10,2,365.35312050261973,-10.375,-8.0,QT450-10,215.6976058155365,,,,False
38,10,3,365.35312050261973,-10.375,-6.0,QT450-10,216.8279898105543,,,,False
38,10,4,365.35312050261973,-10.375,-4.0,QT450-10,218.18972339304577,,,,False
38,10,5,365.35312050261973,-10.375,-2.0,QT450-10,219.37687742878825,,,,False
38,10,6,365.35312050261973,-10.375,0.0,QT450-10,219.85310358123232,,,,False
38,10,7,365.35312050261973,-10.375,2.0,QT450-10,219.37687742878825,,,,False
38,10,8,365.35312050261973,-10.375,4.0,QT450-10,218.18972339304577,,,,False
38,10,9,365.35312050261973,-10.375,6.0,QT450-10,216.82798981055427,,,,False
38,10,10,365.35312050261973,-10.375,8.0,QT450-10,215.6976058155365,,,,False
38,10,11,365.35312050261973,-10.375,10.0,QT450-10,214.8270362161439,,,,False
38,10,12,365.35312050261973,-10.375,12.0,QT450-10,214.14439419213411,,,,False
38,11,0,365.35312050261973,-7.8125,-12.0,QT450-10,225.95020194029428,,,,False
38,11,1,365.35312050261973,-7.8125,-10.0,QT450-10,227.17031722486556,,,,False
38,11,2,365.35312050261973,-7.8125,-8.0,QT450-10,229.17995708971748,,,,False
38,11,3,365.35312050261973,-7.8125,-6.0,QT450-10,232.52378635393865,,,,False
38,11,4,365.35312050261973,-7.8125,-4.0,QT450-10,242.49034243081644,,,,False
38,11,5,365.35312050261973,-7.8125,-2.0,QT450-10,252.23696088931,,,,False
38,11,6,365.35312050261973,-7.8125,0.0,QT450-10,256.5991746369925,,,,False
38,11,7,365.35312050261973,-7.8125,2.0,QT450-10,252.23696088931,,,,False
38,11,8,365.35312050261973,-7.8125,4.0,QT450-10,242.49034243081644,,,,False
38,11,9,365.35312050261973,-7.8125,6.0,QT450-10,232.52378635393865,,,,False
38,11,10,365.35312050261973,-7.8125,8.0,QT450-10,229.17995708971748,,,,False
38,11,11,365.35312050261973,-7.8125,10.0,QT450-10,227.17031722486553,,,,False
38,11,12,365.35312050261973,-7.8125,12.0,QT450-10,225.95020194029428,,,,False
38,12,0,365.35312050261973,-5.25,-12.0,QT450-10,238.51951378264724,,,,False
38,12,1,365.35312050261973,-5.25,-10.0,QT450-10,240.55322788176485,,,,False
38,12,2,365.35312050261973,-5.25,-8.0,QT450-10,245.61487823286197,,,,False
38,12,3,365.35312050261973,-5.25,-6.0,QT450-10,261.3284425221494,,,,False
38,12,4,365.35312050261973,-5.25,-4.0,QT450-10,285.03807930231943,,,,False
38,12,5,365.35312050261973,-5.25,-2.0,QT450-10,311.04036768967245,,,,False
38,12,6,365.35312050261973,-5.25,0.0,QT450-10,325.3766580855745,,,,False
38,12,7,365.35312050261973,-5.25,2.0,QT450-10,311.04036768967245,,,,False
38,12,8,365.35312050261973,-5.25,4.0,QT450-10,285.03807930231943,,,,False
38,12,9,365.35312050261973,-5.25,6.0,QT450-10,261.3284425221494,,,,False
38,12,10,365.35312050261973,-5.25,8.0,QT450-10,245.614878232862,,,,False
38,12,11,365.35312050261973,-5.25,10.0,QT450-10,240.55322788176483,,,,False
38,12,12,365.35312050261973,-5.25,12.0,QT450-10,238.51951378264724,,,,False
38,13,0,365.35312050261973,-2.6875,-12.0,ERNiFe-CI,250.25889814240006,,,,False
38,13,1,365.35312050261973,-2.6875,-10.0,ERNiFe-CI,253.58260817469375,,,,False
38,13,2,365.35312050261973,-2.6875,-8.0,ERNiFe-CI,266.48984691299904,,,,False
38,13,3,365.35312050261973,-2.6875,-6.0,ERNiFe-CI,295.2231743823358,,,,False
38,13,4,365.35312050261973,-2.6875,-4.0,ERNiFe-CI,344.36735890727033,,,,False
38,13,5,365.35312050261973,-2.6875,-2.0,ERNiFe-CI,413.8884154252468,,,,False
38,13,6,365.35312050261973,-2.6875,0.0,ERNiFe-CI,472.365971985439,,,,False
38,13,7,365.35312050261973,-2.6875,2.0,ERNiFe-CI,413.8884154252468,,,,False
38,13,8,365.35312050261973,-2.6875,4.0,ERNiFe-CI,344.36735890727033,,,,False
38,13,9,365.35312050261973,-2.6875,6.0,ERNiFe-CI,295.2231743823358,,,,False
38,13,10,365.35312050261973,-2.6875,8.0,ERNiFe-CI,266.48984691299904,,,,False
38,13,11,365.35312050261973,-2.6875,10.0,ERNiFe-CI,253.58260817469372,,,,False
38,13,12,365.35312050261973,-2.6875,12.0,ERNiFe-CI,250.25889814240006,,,,False
38,14,0,365.35312050261973,-0.125,-12.0,ERNiFe-CI,260.1767994664081,,,,False
38,14,1,365.35312050261973,-0.125,-10.0,ERNiFe-CI,265.95597771429556,,,,False
38,14,2,365.35312050261973,-0.125,-8.0,ERNiFe-CI,283.07885956714955,,,,False
38,14,3,365.35312050261973,-0.125,-6.0,ERNiFe-CI,322.98374615253624,,,,False
38,14,4,365.35312050261973,-0.125,-4.0,ERNiFe-CI,404.5069182692675,,,,False
38,14,5,365.35312050261973,-0.125,-2.0,ERNiFe-CI,575.0862043943368,,,,False
38,14,6,365.35312050261973,-0.125,0.0,ERNiFe-CI,831.3934876085443,247.26951291623337,249.65027313925205,2.380760223018683,True
38,14,7,365.35312050261973,-0.125,2.0,ERNiFe-CI,575.0862043943368,,,,False
38,14,8,365.35312050261973,-0.125,4.0,ERNiFe-CI,404.5069182692675,,,,False
38,14,9,365.35312050261973,-0.125,6.0,ERNiFe-CI,322.98374615253624,,,,False
38,14,10,365.35312050261973,-0.125,8.0,ERNiFe-CI,283.0788595671495,,,,False
38,14,11,365.35312050261973,-0.125,10.0,ERNiFe-CI,265.95597771429556,,,,False
38,14,12,365.35312050261973,-0.125,12.0,ERNiFe-CI,260.1767994664081,,,,False
38,15,0,365.35312050261973,2.4375,-12.0,ERNiFe-CI,267.43670968088264,,,,False
38,15,1,365.35312050261973,2.4375,-10.0,ERNiFe-CI,273.8431567085249,,,,False
38,15,2,365.35312050261973,2.4375,-8.0,ERNiFe-CI,290.4608236435162,,,,False
38,15,3,365.35312050261973,2.4375,-6.0,ERNiFe-CI,323.7089405921563,,,,False
38,15,4,365.35312050261973,2.4375,-4.0,ERNiFe-CI,378.21393590310885,,,,False
38,15,5,365.35312050261973,2.4375,-2.0,ERNiFe-CI,454.2463653086613,,,,False
38,15,6,365.35312050261973,2.4375,0.0,ERNiFe-CI,519.537880149926,,,,False
38,15,7,365.35312050261973,2.4375,2.0,ERNiFe-CI,454.2463653086613,,,,False
38,15,8,365.35312050261973,2.4375,4.0,ERNiFe-CI,378.2139359031089,,,,False
38,15,9,365.35312050261973,2.4375,6.0,ERNiFe-CI,323.7089405921563,,,,False
38,15,10,365.35312050261973,2.4375,8.0,ERNiFe-CI,290.4608236435162,,,,False
38,15,11,365.35312050261973,2.4375,10.0,ERNiFe-CI,273.8431567085249,,,,False
38,15,12,365.35312050261973,2.4375,12.0,ERNiFe-CI,267.43670968088264,,,,False
38,16,0,365.35312050261973,5.0,-12.0,Q235B,271.18203070858783,,,,False
38,16,1,365.35312050261973,5.0,-10.0,Q235B,277.1554775910411,,,,False
38,16,2,365.35312050261973,5.0,-8.0,Q235B,292.18628960159987,,,,False
38,16,3,365.35312050261973,5.0,-6.0,Q235B,318.9573533805262,,,,False
38,16,4,365.35312050261973,5.0,-4.0,Q235B,355.7318184426596,,,,False
38,16,5,365.35312050261973,5.0,-2.0,Q235B,393.98161186727907,,,,False
38,16,6,365.35312050261973,5.0,0.0,Q235B,414.25669325974366,,,,False
38,16,7,365.35312050261973,5.0,2.0,Q235B,393.98161186727907,,,,False
38,16,8,365.35312050261973,5.0,4.0,Q235B,355.7318184426596,,,,False
38,16,9,365.35312050261973,5.0,6.0,Q235B,318.9573533805261,,,,False
38,16,10,365.35312050261973,5.0,8.0,Q235B,292.18628960159987,,,,False
38,16,11,365.35312050261973,5.0,10.0,Q235B,277.15547759104106,,,,False
38,16,12,365.35312050261973,5.0,12.0,Q235B,271.18203070858783,,,,False
39,0,0,374.96767630532025,-36.0,-12.0,QT450-10,182.98077357780954,,,,False
39,0,1,374.96767630532025,-36.0,-10.0,QT450-10,183.10209851288045,,,,False
39,0,2,374.96767630532025,-36.0,-8.0,QT450-10,183.24968595368043,,,,False
39,0,3,374.96767630532025,-36.0,-6.0,QT450-10,183.38424651800563,,,,False
39,0,4,374.96767630532025,-36.0,-4.0,QT450-10,183.48814417803868,,,,False
39,0,5,374.96767630532025,-36.0,-2.0,QT450-10,183.5530103074925,,,,False
39,0,6,374.96767630532025,-36.0,0.0,QT450-10,183.57500601329804,,,,False
39,0,7,374.96767630532025,-36.0,2.0,QT450-10,183.5530103074925,,,,False
39,0,8,374.96767630532025,-36.0,4.0,QT450-10,183.48814417803868,,,,False
39,0,9,374.96767630532025,-36.0,6.0,QT450-10,183.38424651800563,,,,False
39,0,10,374.96767630532025,-36.0,8.0,QT450-10,183.24968595368043,,,,False
39,0,11,374.96767630532025,-36.0,10.0,QT450-10,183.10209851288045,,,,False
39,0,12,374.96767630532025,-36.0,12.0,QT450-10,182.98077357780954,,,,False
39,1,0,374.96767630532025,-33.4375,-12.0,QT450-10,183.6128660869002,,,,False
39,1,1,374.96767630532025,-33.4375,-10.0,QT450-10,183.8910760472425,,,,False
39,1,2,374.96767630532025,-33.4375,-8.0,QT450-10,184.1041704062025,,,,False
39,1,3,374.96767630532025,-33.4375,-6.0,QT450-10,184.26860203764318,,,,False
39,1,4,374.96767630532025,-33.4375,-4.0,QT450-10,184.38694743908073,,,,False
39,1,5,374.96767630532025,-33.4375,-2.0,QT450-10,184.45855848368248,,,,False
39,1,6,374.96767630532025,-33.4375,0.0,QT450-10,184.48254458949907,,,,False
39,1,7,374.96767630532025,-33.4375,2.0,QT450-10,184.45855848368248,,,,False
39,1,8,374.96767630532025,-33.4375,4.0,QT450-10,184.38694743908073,,,,False
39,1,9,374.96767630532025,-33.4375,6.0,QT450-10,184.26860203764318,,,,False
39,1,10,374.96767630532025,-33.4375,8.0,QT450-10,184.1041704062025,,,,False
39,1,11,374.96767630532025,-33.4375,10.0,QT450-10,183.8910760472425,,,,False
39,1,12,374.96767630532025,-33.4375,12.0,QT450-10,183.6128660869002,,,,False
39,2,0,374.96767630532025,-30.875,-12.0,QT450-10,184.6139283949743,,,,False
39,2,1,374.96767630532025,-30.875,-10.0,QT450-10,184.93844672724603,,,,False
39,2,2,374.96767630532025,-30.875,-8.0,QT450-10,185.19030369134683,,,,False
39,2,3,374.96767630532025,-30.875,-6.0,QT450-10,185.38057752241383,,,,False
39,2,4,374.96767630532025,-30.875,-4.0,QT450-10,185.51457750947745,,,,False
39,2,5,374.96767630532025,-30.875,-2.0,QT450-10,185.5944813413327,,,,False
39,2,6,374.96767630532025,-30.875,0.0,QT450-10,185.62105661112616,,,,False
39,2,7,374.96767630532025,-30.875,2.0,QT450-10,185.5944813413327,,,,False
39,2,8,374.96767630532025,-30.875,4.0,QT450-10,185.51457750947745,,,,False
39,2,9,374.96767630532025,-30.875,6.0,QT450-10,185.38057752241383,,,,False
39,2,10,374.96767630532025,-30.875,8.0,QT450-10,185.19030369134683,,,,False
39,2,11,374.96767630532025,-30.875,10.0,QT450-10,184.93844672724603,,,,False
39,2,12,374.96767630532025,-30.875,12.0,QT450-10,184.6139283949743,,,,False
39,3,0,374.96767630532025,-28.3125,-12.0,QT450-10,185.89517746623298,,,,False
39,3,1,374.96767630532025,-28.3125,-10.0,QT450-10,186.23828617002843,,,,False
39,3,2,374.96767630532025,-28.3125,-8.0,QT450-10,186.51099444040753,,,,False
39,3,3,374.96767630532025,-28.3125,-6.0,QT450-10,186.71859742555893,,,,False
39,3,4,374.96767630532025,-28.3125,-4.0,QT450-10,186.86481742150747,,,,False
39,3,5,374.96767630532025,-28.3125,-2.0,QT450-10,186.95183671955857,,,,False
39,3,6,374.96767630532025,-28.3125,0.0,QT450-10,186.9807362905575,,,,False
39,3,7,374.96767630532025,-28.3125,2.0,QT450-10,186.95183671955857,,,,False
39,3,8,374.96767630532025,-28.3125,4.0,QT450-10,186.86481742150747,,,,False
39,3,9,374.96767630532025,-28.3125,6.0,QT450-10,186.71859742555893,,,,False
39,3,10,374.96767630532025,-28.3125,8.0,QT450-10,186.51099444040753,,,,False
39,3,11,374.96767630532025,-28.3125,10.0,QT450-10,186.23828617002843,,,,False
39,3,12,374.96767630532025,-28.3125,12.0,QT450-10,185.89517746623298,,,,False
39,4,0,374.96767630532025,-25.75,-12.0,QT450-10,187.40600434362904,,,,False
39,4,1,374.96767630532025,-25.75,-10.0,QT450-10,187.75958688861184,,,,False
39,4,2,374.96767630532025,-25.75,-8.0,QT450-10,188.044688000697,,,,False
39,4,3,374.96767630532025,-25.75,-6.0,QT450-10,188.2636824656834,,,,False
39,4,4,374.96767630532025,-25.75,-4.0,QT450-10,188.4186588409164,,,,False
39,4,5,374.96767630532025,-25.75,-2.0,QT450-10,188.51108862497986,,,,False
39,4,6,374.96767630532025,-25.75,0.0,QT450-10,188.5418091251051,,,,False
39,4,7,374.96767630532025,-25.75,2.0,QT450-10,188.51108862497986,,,,False
39,4,8,374.96767630532025,-25.75,4.0,QT450-10,188.4186588409164,,,,False
39,4,9,374.96767630532025,-25.75,6.0,QT450-10,188.2636824656834,,,,False
39,4,10,374.96767630532025,-25.75,8.0,QT450-10,188.044688000697,,,,False
39,4,11,374.96767630532025,-25.75,10.0,QT450-10,187.75958688861184,,,,False
39,4,12,374.96767630532025,-25.75,12.0,QT450-10,187.40600434362904,,,,False
39,5,0,374.96767630532025,-23.1875,-12.0,QT450-10,189.1021701959647,,,,False
39,5,1,374.96767630532025,-23.1875,-10.0,QT450-10,189.46358194222705,,,,False
39,5,2,374.96767630532025,-23.1875,-8.0,QT450-10,189.75733457986965,,,,False
39,5,3,374.96767630532025,-23.1875,-6.0,QT450-10,189.98440729453168,,,,False
39,5,4,374.96767630532025,-23.1875,-4.0,QT450-10,190.14580293853555,,,,False
39,5,5,374.96767630532025,-23.1875,-2.0,QT450-10,190.242314192355,,,,False
39,5,6,374.96767630532025,-23.1875,0.0,QT450-10,190.27443010800036,,,,False
39,5,7,374.96767630532025,-23.1875,2.0,QT450-10,190.242314192355,,,,False
39,5,8,374.96767630532025,-23.1875,4.0,QT450-10,190.14580293853555,,,,False
39,5,9,374.96767630532025,-23.1875,6.0,QT450-10,189.98440729453168,,,,False
39,5,10,374.96767630532025,-23.1875,8.0,QT450-10,189.75733457986965,,,,False
39,5,11,374.96767630532025,-23.1875,10.0,QT450-10,189.46358194222705,,,,False
39,5,12,374.96767630532025,-23.1875,12.0,QT450-10,189.1021701959647,,,,False
39,6,0,374.96767630532025,-20.625,-12.0,QT450-10,191.0401477466037,,,,False
39,6,1,374.96767630532025,-20.625,-10.0,QT450-10,191.40890989084912,,,,False
39,6,2,374.96767630532025,-20.625,-8.0,QT450-10,191.71010799477568,,,,False
39,6,3,374.96767630532025,-20.625,-6.0,QT450-10,191.94395644468767,,,,False
39,6,4,374.96767630532025,-20.625,-4.0,QT450-10,192.1107347820872,,,,False
39,6,5,374.96767630532025,-20.625,-2.0,QT450-10,192.21069178613337,,,,False
39,6,6,374.96767630532025,-20.625,0.0,QT450-10,192.24399185337285,,,,False
39,6,7,374.96767630532025,-20.625,2.0,QT450-10,192.21069178613337,,,,False
39,6,8,374.96767630532025,-20.625,4.0,QT450-10,192.1107347820872,,,,False
39,6,9,374.96767630532025,-20.625,6.0,QT450-10,191.94395644468767,,,,False
39,6,10,374.96767630532025,-20.625,8.0,QT450-10,191.71010799477568,,,,False
39,6,11,374.96767630532025,-20.625,10.0,QT450-10,191.40890989084912,,,,False
39,6,12,374.96767630532025,-20.625,12.0,QT450-10,191.0401477466037,,,,False
39,7,0,374.96767630532025,-18.0625,-12.0,QT450-10,193.7934956322642,,,,False
39,7,1,374.96767630532025,-18.0625,-10.0,QT450-10,194.17194159645115,,,,False
39,7,2,374.96767630532025,-18.0625,-8.0,QT450-10,194.4824188345605,,,,False
39,7,3,374.96767630532025,-18.0625,-6.0,QT450-10,194.72447102446253,,,,False
39,7,4,374.96767630532025,-18.0625,-4.0,QT450-10,194.89768695902322,,,,False
39,7,5,374.96767630532025,-18.0625,-2.0,QT450-10,195.00174879281022,,,,False
39,7,6,374.96767630532025,-18.0625,0.0,QT450-10,195.03645938021808,,,,False
39,7,7,374.96767630532025,-18.0625,2.0,QT450-10,195.00174879281022,,,,False
39,7,8,374.96767630532025,-18.0625,4.0,QT450-10,194.89768695902322,,,,False
39,7,9,374.96767630532025,-18.0625,6.0,QT450-10,194.72447102446253,,,,False
39,7,10,374.96767630532025,-18.0625,8.0,QT450-10,194.4824188345605,,,,False
39,7,11,374.96767630532025,-18.0625,10.0,QT450-10,194.17194159645115,,,,False
39,7,12,374.96767630532025,-18.0625,12.0,QT450-10,193.7934956322642,,,,False
39,8,0,374.96767630532025,-15.5,-12.0,QT450-10,198.19028026172893,,,,False
39,8,1,374.96767630532025,-15.5,-10.0,QT450-10,198.58755424046,,,,False
39,8,2,374.96767630532025,-15.5,-8.0,QT450-10,198.91865285605363,,,,False
39,8,3,374.96767630532025,-15.5,-6.0,QT450-10,199.18088261725924,,,,False
39,8,4,374.96767630532025,-15.5,-4.0,QT450-10,199.37119489163527,,,,False
39,8,5,374.96767630532025,-15.5,-2.0,QT450-10,199.48675837158072,,,,False
39,8,6,374.96767630532025,-15.5,0.0,QT450-10,199.52552287836335,,,,False
39,8,7,374.96767630532025,-15.5,2.0,QT450-10,199.48675837158072,,,,False
39,8,8,374.96767630532025,-15.5,4.0,QT450-10,199.37119489163527,,,,False
39,8,9,374.96767630532025,-15.5,6.0,QT450-10,199.18088261725924,,,,False
39,8,10,374.96767630532025,-15.5,8.0,QT450-10,198.91865285605363,,,,False
39,8,11,374.96767630532025,-15.5,10.0,QT450-10,198.58755424046,,,,False
39,8,12,374.96767630532025,-15.5,12.0,QT450-10,198.19028026172893,,,,False
39,9,0,374.96767630532025,-12.9375,-12.0,QT450-10,205.12308548809514,,,,False
39,9,1,374.96767630532025,-12.9375,-10.0,QT450-10,205.58576248247314,,,,False
39,9,2,374.96767630532025,-12.9375,-8.0,QT450-10,206.01697687626802,,,,False
39,9,3,374.96767630532025,-12.9375,-6.0,QT450-10,206.4030877337843,,,,False
39,9,4,374.96767630532025,-12.9375,-4.0,QT450-10,206.72143943687752,,,,False
39,9,5,374.96767630532025,-12.9375,-2.0,QT450-10,206.93818518226456,,,,False
39,9,6,374.96767630532025,-12.9375,0.0,QT450-10,207.01620783554742,,,,False
39,9,7,374.96767630532025,-12.9375,2.0,QT450-10,206.93818518226456,,,,False
39,9,8,374.96767630532025,-12.9375,4.0,QT450-10,206.72143943687752,,,,False
39,9,9,374.96767630532025,-12.9375,6.0,QT450-10,206.4030877337843,,,,False
39,9,10,374.96767630532025,-12.9375,8.0,QT450-10,206.01697687626802,,,,False
39,9,11,374.96767630532025,-12.9375,10.0,QT450-10,205.58576248247314,,,,False
39,9,12,374.96767630532025,-12.9375,12.0,QT450-10,205.12308548809514,,,,False
39,10,0,374.96767630532025,-10.375,-12.0,QT450-10,214.5988621101649,,,,False
39,10,1,374.96767630532025,-10.375,-10.0,QT450-10,215.28199089544793,,,,False
39,10,2,374.96767630532025,-10.375,-8.0,QT450-10,216.15155530388057,,,,False
39,10,3,374.96767630532025,-10.375,-6.0,QT450-10,217.27981701104207,,,,False
39,10,4,374.96767630532025,-10.375,-4.0,QT450-10,218.63977936977827,,,,False
39,10,5,374.96767630532025,-10.375,-2.0,QT450-10,219.8261071589899,,,,False
39,10,6,374.96767630532025,-10.375,0.0,QT450-10,220.3018818936745,,,,False
39,10,7,374.96767630532025,-10.375,2.0,QT450-10,219.8261071589899,,,,False
39,10,8,374.96767630532025,-10.375,4.0,QT450-10,218.63977936977827,,,,False
39,10,9,374.96767630532025,-10.375,6.0,QT450-10,217.27981701104207,,,,False
39,10,10,374.96767630532025,-10.375,8.0,QT450-10,216.15155530388057,,,,False
39,10,11,374.96767630532025,-10.375,10.0,QT450-10,215.28199089544793,,,,False
39,10,12,374.96767630532025,-10.375,12.0,QT450-10,214.5988621101649,,,,False
39,11,0,374.96767630532025,-7.8125,-12.0,QT450-10,226.39472714144247,,,,False
39,11,1,374.96767630532025,-7.8125,-10.0,QT450-10,227.61537021812399,,,,False
39,11,2,374.96767630532025,-7.8125,-8.0,QT450-10,229.62436632754415,,,,False
39,11,3,374.96767630532025,-7.8125,-6.0,QT450-10,232.9574370122074,,,,False
39,11,4,374.96767630532025,-7.8125,-4.0,QT450-10,242.92551899068664,,,,False
39,11,5,374.96767630532025,-7.8125,-2.0,QT450-10,252.67181641469958,,,,False
39,11,6,374.96767630532025,-7.8125,0.0,QT450-10,257.03446833462436,,,,False
39,11,7,374.96767630532025,-7.8125,2.0,QT450-10,252.67181641469958,,,,False
39,11,8,374.96767630532025,-7.8125,4.0,QT450-10,242.92551899068664,,,,False
39,11,9,374.96767630532025,-7.8125,6.0,QT450-10,232.95743701220738,,,,False
39,11,10,374.96767630532025,-7.8125,8.0,QT450-10,229.62436632754415,,,,False
39,11,11,374.96767630532025,-7.8125,10.0,QT450-10,227.61537021812399,,,,False
39,11,12,374.96767630532025,-7.8125,12.0,QT450-10,226.39472714144247,,,,False
39,12,0,374.96767630532025,-5.25,-12.0,QT450-10,238.95733154609036,,,,False
39,12,1,374.96767630532025,-5.25,-10.0,QT450-10,240.99144317137163,,,,False
39,12,2,374.96767630532025,-5.25,-8.0,QT450-10,246.04361688702633,,,,False
39,12,3,374.96767630532025,-5.25,-6.0,QT450-10,261.7607694028476,,,,False
39,12,4,374.96767630532025,-5.25,-4.0,QT450-10,285.46795221232026,,,,False
39,12,5,374.96767630532025,-5.25,-2.0,QT450-10,311.4703317804396,,,,False
39,12,6,374.96767630532025,-5.25,0.0,QT450-10,325.8070612320473,,,,False
39,12,7,374.96767630532025,-5.25,2.0,QT450-10,311.4703317804396,,,,False
39,12,8,374.96767630532025,-5.25,4.0,QT450-10,285.46795221232026,,,,False
39,12,9,374.96767630532025,-5.25,6.0,QT450-10,261.7607694028476,,,,False
39,12,10,374.96767630532025,-5.25,8.0,QT450-10,246.04361688702633,,,,False
39,12,11,374.96767630532025,-5.25,10.0,QT450-10,240.99144317137163,,,,False
39,12,12,374.96767630532025,-5.25,12.0,QT450-10,238.95733154609036,,,,False
39,13,0,374.96767630532025,-2.6875,-12.0,ERNiFe-CI,250.69036095476332,,,,False
39,13,1,374.96767630532025,-2.6875,-10.0,ERNiFe-CI,254.00836348800834,,,,False
39,13,2,374.96767630532025,-2.6875,-8.0,ERNiFe-CI,266.91710466377526,,,,False
39,13,3,374.96767630532025,-2.6875,-6.0,ERNiFe-CI,295.6533559645798,,,,False
39,13,4,374.96767630532025,-2.6875,-4.0,ERNiFe-CI,344.79567198306404,,,,False
39,13,5,374.96767630532025,-2.6875,-2.0,ERNiFe-CI,414.31755492254155,,,,False
39,13,6,374.96767630532025,-2.6875,0.0,ERNiFe-CI,472.8027214653595,,,,False
39,13,7,374.96767630532025,-2.6875,2.0,ERNiFe-CI,414.31755492254155,,,,False
39,13,8,374.96767630532025,-2.6875,4.0,ERNiFe-CI,344.79567198306404,,,,False
39,13,9,374.96767630532025,-2.6875,6.0,ERNiFe-CI,295.6533559645798,,,,False
39,13,10,374.96767630532025,-2.6875,8.0,ERNiFe-CI,266.91710466377526,,,,False
39,13,11,374.96767630532025,-2.6875,10.0,ERNiFe-CI,254.0083634880083,,,,False
39,13,12,374.96767630532025,-2.6875,12.0,ERNiFe-CI,250.69036095476332,,,,False
39,14,0,374.96767630532025,-0.125,-12.0,ERNiFe-CI,260.601973397885,,,,False
39,14,1,374.96767630532025,-0.125,-10.0,ERNiFe-CI,266.3774888543962,,,,False
39,14,2,374.96767630532025,-0.125,-8.0,ERNiFe-CI,283.50467732130494,,,,False
39,14,3,374.96767630532025,-0.125,-6.0,ERNiFe-CI,323.4114798638476,,,,False
39,14,4,374.96767630532025,-0.125,-4.0,ERNiFe-CI,404.9347396863395,,,,False
39,14,5,374.96767630532025,-0.125,-2.0,ERNiFe-CI,575.5208819329303,,,,False
39,14,6,374.96767630532025,-0.125,0.0,ERNiFe-CI,831.8330289976466,253.68504521185034,256.06428816051175,2.379242948661414,True
39,14,7,374.96767630532025,-0.125,2.0,ERNiFe-CI,575.5208819329304,,,,False
39,14,8,374.96767630532025,-0.125,4.0,ERNiFe-CI,404.9347396863396,,,,False
39,14,9,374.96767630532025,-0.125,6.0,ERNiFe-CI,323.4114798638476,,,,False
39,14,10,374.96767630532025,-0.125,8.0,ERNiFe-CI,283.50467732130494,,,,False
39,14,11,374.96767630532025,-0.125,10.0,ERNiFe-CI,266.3774888543962,,,,False
39,14,12,374.96767630532025,-0.125,12.0,ERNiFe-CI,260.601973397885,,,,False
39,15,0,374.96767630532025,2.4375,-12.0,ERNiFe-CI,267.85561547144664,,,,False
39,15,1,374.96767630532025,2.4375,-10.0,ERNiFe-CI,274.26208527799304,,,,False
39,15,2,374.96767630532025,2.4375,-8.0,ERNiFe-CI,290.8829224485516,,,,False
39,15,3,374.96767630532025,2.4375,-6.0,ERNiFe-CI,324.1326365025782,,,,False
39,15,4,374.96767630532025,2.4375,-4.0,ERNiFe-CI,378.6401334550346,,,,False
39,15,5,374.96767630532025,2.4375,-2.0,ERNiFe-CI,454.66765771507136,,,,False
39,15,6,374.96767630532025,2.4375,0.0,ERNiFe-CI,519.9588926454596,,,,False
39,15,7,374.96767630532025,2.4375,2.0,ERNiFe-CI,454.66765771507136,,,,False
39,15,8,374.96767630532025,2.4375,4.0,ERNiFe-CI,378.6401334550346,,,,False
39,15,9,374.96767630532025,2.4375,6.0,ERNiFe-CI,324.1326365025782,,,,False
39,15,10,374.96767630532025,2.4375,8.0,ERNiFe-CI,290.8829224485516,,,,False
39,15,11,374.96767630532025,2.4375,10.0,ERNiFe-CI,274.26208527799304,,,,False
39,15,12,374.96767630532025,2.4375,12.0,ERNiFe-CI,267.85561547144664,,,,False
39,16,0,374.96767630532025,5.0,-12.0,Q235B,271.59942736295477,,,,False
39,16,1,374.96767630532025,5.0,-10.0,Q235B,277.5723230930436,,,,False
39,16,2,374.96767630532025,5.0,-8.0,Q235B,292.6060322270596,,,,False
39,16,3,374.96767630532025,5.0,-6.0,Q235B,319.3755874487379,,,,False
39,16,4,374.96767630532025,5.0,-4.0,Q235B,356.1511148897902,,,,False
39,16,5,374.96767630532025,5.0,-2.0,Q235B,394.397471992017,,,,False
39,16,6,374.96767630532025,5.0,0.0,Q235B,414.67678666236844,,,,False
39,16,7,374.96767630532025,5.0,2.0,Q235B,394.397471992017,,,,False
39,16,8,374.96767630532025,5.0,4.0,Q235B,356.1511148897902,,,,False
39,16,9,374.96767630532025,5.0,6.0,Q235B,319.3755874487379,,,,False
39,16,10,374.96767630532025,5.0,8.0,Q235B,292.6060322270596,,,,False
39,16,11,374.96767630532025,5.0,10.0,Q235B,277.5723230930436,,,,False
39,16,12,374.96767630532025,5.0,12.0,Q235B,271.59942736295477,,,,False
40,0,0,384.5822321080208,-36.0,-12.0,QT450-10,182.15568400282257,,,,False
40,0,1,384.5822321080208,-36.0,-10.0,QT450-10,182.27629675777905,,,,False
40,0,2,384.5822321080208,-36.0,-8.0,QT450-10,182.42302869347375,,,,False
40,0,3,384.5822321080208,-36.0,-6.0,QT450-10,182.55681849252042,,,,False
40,0,4,384.5822321080208,-36.0,-4.0,QT450-10,182.66012692784574,,,,False
40,0,5,384.5822321080208,-36.0,-2.0,QT450-10,182.72462780462214,,,,False
40,0,6,384.5822321080208,-36.0,0.0,QT450-10,182.746500114962,,,,False
40,0,7,384.5822321080208,-36.0,2.0,QT450-10,182.72462780462214,,,,False
40,0,8,384.5822321080208,-36.0,4.0,QT450-10,182.66012692784574,,,,False
40,0,9,384.5822321080208,-36.0,6.0,QT450-10,182.55681849252042,,,,False
40,0,10,384.5822321080208,-36.0,8.0,QT450-10,182.42302869347375,,,,False
40,0,11,384.5822321080208,-36.0,10.0,QT450-10,182.27629675777905,,,,False
40,0,12,384.5822321080208,-36.0,12.0,QT450-10,182.15568400282257,,,,False
40,1,0,384.5822321080208,-33.4375,-12.0,QT450-10,182.8709414349216,,,,False
40,1,1,384.5822321080208,-33.4375,-10.0,QT450-10,183.1475873408635,,,,False
40,1,2,384.5822321080208,-33.4375,-8.0,QT450-10,183.3595507325448,,,,False
40,1,3,384.5822321080208,-33.4375,-6.0,QT450-10,183.52314218646035,,,,False
40,1,4,384.5822321080208,-33.4375,-4.0,QT450-10,183.64089733417202,,,,False
40,1,5,384.5822321080208,-33.4375,-2.0,QT450-10,183.71215639091864,,,,False
40,1,6,384.5822321080208,-33.4375,0.0,QT450-10,183.73602541627488,,,,False
40,1,7,384.5822321080208,-33.4375,2.0,QT450-10,183.71215639091864,,,,False
40,1,8,384.5822321080208,-33.4375,4.0,QT450-10,183.64089733417202,,,,False
40,1,9,384.5822321080208,-33.4375,6.0,QT450-10,183.52314218646035,,,,False
40,1,10,384.5822321080208,-33.4375,8.0,QT450-10,183.3595507325448,,,,False
40,1,11,384.5822321080208,-33.4375,10.0,QT450-10,183.1475873408635,,,,False
40,1,12,384.5822321080208,-33.4375,12.0,QT450-10,182.8709414349216,,,,False
40,2,0,384.5822321080208,-30.875,-12.0,QT450-10,184.03815203498016,,,,False
40,2,1,384.5822321080208,-30.875,-10.0,QT450-10,184.3612576084367,,,,False
40,2,2,384.5822321080208,-30.875,-8.0,QT450-10,184.61209298659747,,,,False
40,2,3,384.5822321080208,-30.875,-6.0,QT450-10,184.80163932468417,,,,False
40,2,4,384.5822321080208,-30.875,-4.0,QT450-10,184.93514904063665,,,,False
40,2,5,384.5822321080208,-30.875,-2.0,QT450-10,185.01476883770732,,,,False
40,2,6,384.5822321080208,-30.875,0.0,QT450-10,185.0412509762606,,,,False
40,2,7,384.5822321080208,-30.875,2.0,QT450-10,185.01476883770732,,,,False
40,2,8,384.5822321080208,-30.875,4.0,QT450-10,184.93514904063665,,,,False
40,2,9,384.5822321080208,-30.875,6.0,QT450-10,184.80163932468417,,,,False
40,2,10,384.5822321080208,-30.875,8.0,QT450-10,184.61209298659747,,,,False
40,2,11,384.5822321080208,-30.875,10.0,QT450-10,184.3612576084367,,,,False
40,2,12,384.5822321080208,-30.875,12.0,QT450-10,184.03815203498016,,,,False
40,3,0,384.5822321080208,-28.3125,-12.0,QT450-10,185.5649456973351,,,,False
40,3,1,384.5822321080208,-28.3125,-10.0,QT450-10,185.90723028742326,,,,False
40,3,2,384.5822321080208,-28.3125,-8.0,QT450-10,186.17935547480133,,,,False
40,3,3,384.5822321080208,-28.3125,-6.0,QT450-10,186.38656296548623,,,,False
40,3,4,384.5822321080208,-28.3125,-4.0,QT450-10,186.53253094529202,,,,False
40,3,5,384.5822321080208,-28.3125,-2.0,QT450-10,186.61941091353484,,,,False
40,3,6,384.5822321080208,-28.3125,0.0,QT450-10,186.64826598489554,,,,False
40,3,7,384.5822321080208,-28.3125,2.0,QT450-10,186.61941091353484,,,,False
40,3,8,384.5822321080208,-28.3125,4.0,QT450-10,186.53253094529202,,,,False
40,3,9,384.5822321080208,-28.3125,6.0,QT450-10,186.38656296548623,,,,False
40,3,10,384.5822321080208,-28.3125,8.0,QT450-10,186.17935547480133,,,,False
40,3,11,384.5822321080208,-28.3125,10.0,QT450-10,185.90723028742326,,,,False
40,3,12,384.5822321080208,-28.3125,12.0,QT450-10,185.5649456973351,,,,False
40,4,0,384.5822321080208,-25.75,-12.0,QT450-10,187.3946095506787,,,,False
40,4,1,384.5822321080208,-25.75,-10.0,QT450-10,187.74824654195595,,,,False
40,4,2,384.5822321080208,-25.75,-8.0,QT450-10,188.03345882313144,,,,False
40,4,3,384.5822321080208,-25.75,-6.0,QT450-10,188.25258730626282,,,,False
40,4,4,384.5822321080208,-25.75,-4.0,QT450-10,188.40768690779785,,,,False
40,4,5,384.5822321080208,-25.75,-2.0,QT450-10,188.5002021035945,,,,False
40,4,6,384.5822321080208,-25.75,0.0,QT450-10,188.53095302860973,,,,False
40,4,7,384.5822321080208,-25.75,2.0,QT450-10,188.5002021035945,,,,False
40,4,8,384.5822321080208,-25.75,4.0,QT450-10,188.40768690779785,,,,False
40,4,9,384.5822321080208,-25.75,6.0,QT450-10,188.25258730626282,,,,False
40,4,10,384.5822321080208,-25.75,8.0,QT450-10,188.03345882313144,,,,False
40,4,11,384.5822321080208,-25.75,10.0,QT450-10,187.74824654195595,,,,False
40,4,12,384.5822321080208,-25.75,12.0,QT450-10,187.3946095506787,,,,False
40,5,0,384.5822321080208,-23.1875,-12.0,QT450-10,189.474540479112,,,,False
40,5,1,384.5822321080208,-23.1875,-10.0,QT450-10,189.83711858067653,,,,False
40,5,2,384.5822321080208,-23.1875,-8.0,QT450-10,190.131885174819,,,,False
40,5,3,384.5822321080208,-23.1875,-6.0,QT450-10,190.35979074166144,,,,False
40,5,4,384.5822321080208,-23.1875,-4.0,QT450-10,190.52180788361125,,,,False
40,5,5,384.5822321080208,-23.1875,-2.0,QT450-10,190.6187034902674,,,,False
40,5,6,384.5822321080208,-23.1875,0.0,QT450-10,190.6509495120923,,,,False
40,5,7,384.5822321080208,-23.1875,2.0,QT450-10,190.6187034902674,,,,False
40,5,8,384.5822321080208,-23.1875,4.0,QT450-10,190.52180788361125,,,,False
40,5,9,384.5822321080208,-23.1875,6.0,QT450-10,190.35979074166144,,,,False
40,5,10,384.5822321080208,-23.1875,8.0,QT450-10,190.131885174819,,,,False
40,5,11,384.5822321080208,-23.1875,10.0,QT450-10,189.83711858067653,,,,False
40,5,12,384.5822321080208,-23.1875,12.0,QT450-10,189.474540479112,,,,False
40,6,0,384.5822321080208,-20.625,-12.0,QT450-10,191.74808530632862,,,,False
40,6,1,384.5822321080208,-20.625,-10.0,QT450-10,192.1189574471728,,,,False
40,6,2,384.5822321080208,-20.625,-8.0,QT450-10,192.42189831593694,,,,False
40,6,3,384.5822321080208,-20.625,-6.0,QT450-10,192.65711416169216,,,,False
40,6,4,384.5822321080208,-20.625,-4.0,QT450-10,192.82487637010132,,,,False
40,6,5,384.5822321080208,-20.625,-2.0,QT450-10,192.92542679574194,,,,False
40,6,6,384.5822321080208,-20.625,0.0,QT450-10,192.9589252109703,,,,False
40,6,7,384.5822321080208,-20.625,2.0,QT450-10,192.92542679574194,,,,False
40,6,8,384.5822321080208,-20.625,4.0,QT450-10,192.82487637010132,,,,False
40,6,9,384.5822321080208,-20.625,6.0,QT450-10,192.65711416169216,,,,False
40,6,10,384.5822321080208,-20.625,8.0,QT450-10,192.42189831593694,,,,False
40,6,11,384.5822321080208,-20.625,10.0,QT450-10,192.1189574471728,,,,False
40,6,12,384.5822321080208,-20.625,12.0,QT450-10,191.74808530632862,,,,False
40,7,0,384.5822321080208,-18.0625,-12.0,QT450-10,194.51257407422472,,,,False
40,7,1,384.5822321080208,-18.0625,-10.0,QT450-10,194.89317565431602,,,,False
40,7,2,384.5822321080208,-18.0625,-8.0,QT450-10,195.20542246425373,,,,False
40,7,3,384.5822321080208,-18.0625,-6.0,QT450-10,195.44885486384723,,,,False
40,7,4,384.5822321080208,-18.0625,-4.0,QT450-10,195.62305885938298,,,,False
40,7,5,384.5822321080208,-18.0625,-2.0,QT450-10,195.72771839186606,,,,False
40,7,6,384.5822321080208,-18.0625,0.0,QT450-10,195.76262747813095,,,,False
40,7,7,384.5822321080208,-18.0625,2.0,QT450-10,195.72771839186606,,,,False
40,7,8,384.5822321080208,-18.0625,4.0,QT450-10,195.62305885938298,,,,False
40,7,9,384.5822321080208,-18.0625,6.0,QT450-10,195.44885486384723,,,,False
40,7,10,384.5822321080208,-18.0625,8.0,QT450-10,195.20542246425373,,,,False
40,7,11,384.5822321080208,-18.0625,10.0,QT450-10,194.89317565431602,,,,False
40,7,12,384.5822321080208,-18.0625,12.0,QT450-10,194.51257407422472,,,,False
40,8,0,384.5822321080208,-15.5,-12.0,QT450-10,198.91084973246,,,,False
40,8,1,384.5822321080208,-15.5,-10.0,QT450-10,199.31033998767563,,,,False
40,8,2,384.5822321080208,-15.5,-8.0,QT450-10,199.64326867690212,,,,False
40,8,3,384.5822321080208,-15.5,-6.0,QT450-10,199.9069362052682,,,,False
40,8,4,384.5822321080208,-15.5,-4.0,QT450-10,200.0982820939175,,,,False
40,8,5,384.5822321080208,-15.5,-2.0,QT450-10,200.2144650680971,,,,False
40,8,6,384.5822321080208,-15.5,0.0,QT450-10,200.253441331623,,,,False
40,8,7,384.5822321080208,-15.5,2.0,QT450-10,200.2144650680971,,,,False
40,8,8,384.5822321080208,-15.5,4.0,QT450-10,200.0982820939175,,,,False
40,8,9,384.5822321080208,-15.5,6.0,QT450-10,199.9069362052682,,,,False
40,8,10,384.5822321080208,-15.5,8.0,QT450-10,199.64326867690212,,,,False
40,8,11,384.5822321080208,-15.5,10.0,QT450-10,199.31033998767563,,,,False
40,8,12,384.5822321080208,-15.5,12.0,QT450-10,198.91084973246,,,,False
40,9,0,384.5822321080208,-12.9375,-12.0,QT450-10,205.84258114615466,,,,False
40,9,1,384.5822321080208,-12.9375,-10.0,QT450-10,206.3075493274918,,,,False
40,9,2,384.5822321080208,-12.9375,-8.0,QT450-10,206.74065741895632,,,,False
40,9,3,384.5822321080208,-12.9375,-6.0,QT450-10,207.12823045588038,,,,False
40,9,4,384.5822321080208,-12.9375,-4.0,QT450-10,207.44762062718337,,,,False
40,9,5,384.5822321080208,-12.9375,-2.0,QT450-10,207.6649869930498,,,,False
40,9,6,384.5822321080208,-12.9375,0.0,QT450-10,207.74321184838507,,,,False
40,9,7,384.5822321080208,-12.9375,2.0,QT450-10,207.6649869930498,,,,False
40,9,8,384.5822321080208,-12.9375,4.0,QT450-10,207.44762062718337,,,,False
40,9,9,384.5822321080208,-12.9375,6.0,QT450-10,207.12823045588038,,,,False
40,9,10,384.5822321080208,-12.9375,8.0,QT450-10,206.74065741895632,,,,False
40,9,11,384.5822321080208,-12.9375,10.0,QT450-10,206.3075493274918,,,,False
40,9,12,384.5822321080208,-12.9375,12.0,QT450-10,205.84258114615466,,,,False
40,10,0,384.5822321080208,-10.375,-12.0,QT450-10,215.31504910564863,,,,False
40,10,1,384.5822321080208,-10.375,-10.0,QT450-10,216.00017552790587,,,,False
40,10,2,384.5822321080208,-10.375,-8.0,QT450-10,216.87065694580903,,,,False
40,10,3,384.5822321080208,-10.375,-6.0,QT450-10,217.9983603945577,,,,False
40,10,4,384.5822321080208,-10.375,-4.0,QT450-10,219.3567017190022,,,,False
40,10,5,384.5822321080208,-10.375,-2.0,QT450-10,220.54141412239844,,,,False
40,10,6,384.5822321080208,-10.375,0.0,QT450-10,221.0168568185543,,,,False
40,10,7,384.5822321080208,-10.375,2.0,QT450-10,220.54141412239844,,,,False
40,10,8,384.5822321080208,-10.375,4.0,QT450-10,219.35670171900222,,,,False
40,10,9,384.5822321080208,-10.375,6.0,QT450-10,217.9983603945577,,,,False
40,10,10,384.5822321080208,-10.375,8.0,QT450-10,216.87065694580903,,,,False
40,10,11,384.5822321080208,-10.375,10.0,QT450-10,216.0001755279059,,,,False
40,10,12,384.5822321080208,-10.375,12.0,QT450-10,215.31504910564863,,,,False
40,11,0,384.5822321080208,-7.8125,-12.0,QT450-10,227.10261490706807,,,,False
40,11,1,384.5822321080208,-7.8125,-10.0,QT450-10,228.3248907835797,,,,False
40,11,2,384.5822321080208,-7.8125,-8.0,QT450-10,230.33378133534237,,,,False
40,11,3,384.5822321080208,-7.8125,-6.0,QT450-10,233.6635612034455,,,,False
40,11,4,384.5822321080208,-7.8125,-4.0,QT450-10,243.63460860937238,,,,False
40,11,5,384.5822321080208,-7.8125,-2.0,QT450-10,253.3811958128871,,,,False
40,11,6,384.5822321080208,-7.8125,0.0,QT450-10,257.7444608685803,,,,False
40,11,7,384.5822321080208,-7.8125,2.0,QT450-10,253.3811958128871,,,,False
40,11,8,384.5822321080208,-7.8125,4.0,QT450-10,243.63460860937238,,,,False
40,11,9,384.5822321080208,-7.8125,6.0,QT450-10,233.66356120344548,,,,False
40,11,10,384.5822321080208,-7.8125,8.0,QT450-10,230.33378133534237,,,,False
40,11,11,384.5822321080208,-7.8125,10.0,QT450-10,228.3248907835797,,,,False
40,11,12,384.5822321080208,-7.8125,12.0,QT450-10,227.10261490706807,,,,False
40,12,0,384.5822321080208,-5.25,-12.0,QT450-10,239.65777684586624,,,,False
40,12,1,384.5822321080208,-5.25,-10.0,QT450-10,241.69343387812023,,,,False
40,12,2,384.5822321080208,-5.25,-8.0,QT450-10,246.74433450933725,,,,False
40,12,3,384.5822321080208,-5.25,-6.0,QT450-10,262.46713174939555,,,,False
40,12,4,384.5822321080208,-5.25,-4.0,QT450-10,286.1764539448428,,,,False
40,12,5,384.5822321080208,-5.25,-2.0,QT450-10,312.17778811551653,,,,False
40,12,6,384.5822321080208,-5.25,0.0,QT450-10,326.51295625752175,,,,False
40,12,7,384.5822321080208,-5.25,2.0,QT450-10,312.17778811551653,,,,False
40,12,8,384.5822321080208,-5.25,4.0,QT450-10,286.1764539448428,,,,False
40,12,9,384.5822321080208,-5.25,6.0,QT450-10,262.46713174939555,,,,False
40,12,10,384.5822321080208,-5.25,8.0,QT450-10,246.74433450933725,,,,False
40,12,11,384.5822321080208,-5.25,10.0,QT450-10,241.69343387812023,,,,False
40,12,12,384.5822321080208,-5.25,12.0,QT450-10,239.65777684586624,,,,False
40,13,0,384.5822321080208,-2.6875,-12.0,ERNiFe-CI,251.38435702239036,,,,False
40,13,1,384.5822321080208,-2.6875,-10.0,ERNiFe-CI,254.70316765532908,,,,False
40,13,2,384.5822321080208,-2.6875,-8.0,ERNiFe-CI,267.61737784207884,,,,False
40,13,3,384.5822321080208,-2.6875,-6.0,ERNiFe-CI,296.35869280005227,,,,False
40,13,4,384.5822321080208,-2.6875,-4.0,ERNiFe-CI,345.50169664537725,,,,False
40,13,5,384.5822321080208,-2.6875,-2.0,ERNiFe-CI,415.0280993779932,,,,False
40,13,6,384.5822321080208,-2.6875,0.0,ERNiFe-CI,473.51609518413176,,,,False
40,13,7,384.5822321080208,-2.6875,2.0,ERNiFe-CI,415.0280993779932,,,,False
40,13,8,384.5822321080208,-2.6875,4.0,ERNiFe-CI,345.50169664537725,,,,False
40,13,9,384.5822321080208,-2.6875,6.0,ERNiFe-CI,296.35869280005227,,,,False
40,13,10,384.5822321080208,-2.6875,8.0,ERNiFe-CI,267.61737784207884,,,,False
40,13,11,384.5822321080208,-2.6875,10.0,ERNiFe-CI,254.70316765532908,,,,False
40,13,12,384.5822321080208,-2.6875,12.0,ERNiFe-CI,251.38435702239036,,,,False
40,14,0,384.5822321080208,-0.125,-12.0,ERNiFe-CI,261.29119317870084,,,,False
40,14,1,384.5822321080208,-0.125,-10.0,ERNiFe-CI,267.0687383514144,,,,False
40,14,2,384.5822321080208,-0.125,-8.0,ERNiFe-CI,284.2034299562512,,,,False
40,14,3,384.5822321080208,-0.125,-6.0,ERNiFe-CI,324.1142897210293,,,,False
40,14,4,384.5822321080208,-0.125,-4.0,ERNiFe-CI,405.63855208860565,,,,False
40,14,5,384.5822321080208,-0.125,-2.0,ERNiFe-CI,576.2315480604576,,,,False
40,14,6,384.5822321080208,-0.125,0.0,ERNiFe-CI,832.5480450765551,260.10436773276814,262.4809049419822,2.3765372092140638,True
40,14,7,384.5822321080208,-0.125,2.0,ERNiFe-CI,576.2315480604576,,,,False
40,14,8,384.5822321080208,-0.125,4.0,ERNiFe-CI,405.63855208860565,,,,False
40,14,9,384.5822321080208,-0.125,6.0,ERNiFe-CI,324.1142897210293,,,,False
40,14,10,384.5822321080208,-0.125,8.0,ERNiFe-CI,284.2034299562512,,,,False
40,14,11,384.5822321080208,-0.125,10.0,ERNiFe-CI,267.0687383514144,,,,False
40,14,12,384.5822321080208,-0.125,12.0,ERNiFe-CI,261.29119317870084,,,,False
40,15,0,384.5822321080208,2.4375,-12.0,ERNiFe-CI,268.54095272808837,,,,False
40,15,1,384.5822321080208,2.4375,-10.0,ERNiFe-CI,274.9501176270323,,,,False
40,15,2,384.5822321080208,2.4375,-8.0,ERNiFe-CI,291.5763576842705,,,,False
40,15,3,384.5822321080208,2.4375,-6.0,ERNiFe-CI,324.82882787639096,,,,False
40,15,4,384.5822321080208,2.4375,-4.0,ERNiFe-CI,379.3390613729872,,,,False
40,15,5,384.5822321080208,2.4375,-2.0,ERNiFe-CI,455.3678092158084,,,,False
40,15,6,384.5822321080208,2.4375,0.0,ERNiFe-CI,520.6670422331539,,,,False
40,15,7,384.5822321080208,2.4375,2.0,ERNiFe-CI,455.3678092158084,,,,False
40,15,8,384.5822321080208,2.4375,4.0,ERNiFe-CI,379.3390613729872,,,,False
40,15,9,384.5822321080208,2.4375,6.0,ERNiFe-CI,324.82882787639096,,,,False
40,15,10,384.5822321080208,2.4375,8.0,ERNiFe-CI,291.5763576842705,,,,False
40,15,11,384.5822321080208,2.4375,10.0,ERNiFe-CI,274.9501176270323,,,,False
40,15,12,384.5822321080208,2.4375,12.0,ERNiFe-CI,268.54095272808837,,,,False
40,16,0,384.5822321080208,5.0,-12.0,Q235B,272.28335822966153,,,,False
40,16,1,384.5822321080208,5.0,-10.0,Q235B,278.2571372471128,,,,False
40,16,2,384.5822321080208,5.0,-8.0,Q235B,293.29516647659176,,,,False
40,16,3,384.5822321080208,5.0,-6.0,Q235B,320.0636154277783,,,,False
40,16,4,384.5822321080208,5.0,-4.0,Q235B,356.8397137572529,,,,False
40,16,5,384.5822321080208,5.0,-2.0,Q235B,395.0816539825842,,,,False
40,16,6,384.5822321080208,5.0,0.0,Q235B,415.36516412025225,,,,False
40,16,7,384.5822321080208,5.0,2.0,Q235B,395.0816539825842,,,,False
40,16,8,384.5822321080208,5.0,4.0,Q235B,356.8397137572529,,,,False
40,16,9,384.5822321080208,5.0,6.0,Q235B,320.0636154277783,,,,False
40,16,10,384.5822321080208,5.0,8.0,Q235B,293.29516647659176,,,,False
40,16,11,384.5822321080208,5.0,10.0,Q235B,278.2571372471128,,,,False
40,16,12,384.5822321080208,5.0,12.0,Q235B,272.28335822966153,,,,False
41,0,0,394.19678791072124,-36.0,-12.0,QT450-10,180.76131030695194,,,,False
41,0,1,394.19678791072124,-36.0,-10.0,QT450-10,180.8806841056908,,,,False
41,0,2,394.19678791072124,-36.0,-8.0,QT450-10,181.02592756261748,,,,False
41,0,3,394.19678791072124,-36.0,-6.0,QT450-10,181.1583765995344,,,,False
41,0,4,394.19678791072124,-36.0,-4.0,QT450-10,181.26066050622836,,,,False
41,0,5,394.19678791072124,-36.0,-2.0,QT450-10,181.32452657795574,,,,False
41,0,6,394.19678791072124,-36.0,0.0,QT450-10,181.34618448902734,,,,False
41,0,7,394.19678791072124,-36.0,2.0,QT450-10,181.32452657795574,,,,False
41,0,8,394.19678791072124,-36.0,4.0,QT450-10,181.26066050622836,,,,False
41,0,9,394.19678791072124,-36.0,6.0,QT450-10,181.1583765995344,,,,False
41,0,10,394.19678791072124,-36.0,8.0,QT450-10,181.02592756261748,,,,False
41,0,11,394.19678791072124,-36.0,10.0,QT450-10,180.8806841056908,,,,False
41,0,12,394.19678791072124,-36.0,12.0,QT450-10,180.76131030695194,,,,False
41,1,0,394.19678791072124,-33.4375,-12.0,QT450-10,181.57886030459903,,,,False
41,1,1,394.19678791072124,-33.4375,-10.0,QT450-10,181.8527391527061,,,,False
41,1,2,394.19678791072124,-33.4375,-8.0,QT450-10,182.06267688236136,,,,False
41,1,3,394.19678791072124,-33.4375,-6.0,QT450-10,182.22475381980132,,,,False
41,1,4,394.19678791072124,-33.4375,-4.0,QT450-10,182.34144192824132,,,,False
41,1,5,394.19678791072124,-33.4375,-2.0,QT450-10,182.41206397885088,,,,False
41,1,6,394.19678791072124,-33.4375,0.0,QT450-10,182.43572104932122,,,,False
41,1,7,394.19678791072124,-33.4375,2.0,QT450-10,182.41206397885088,,,,False
41,1,8,394.19678791072124,-33.4375,4.0,QT450-10,182.34144192824132,,,,False
41,1,9,394.19678791072124,-33.4375,6.0,QT450-10,182.22475381980132,,,,False
41,1,10,394.19678791072124,-33.4375,8.0,QT450-10,182.06267688236136,,,,False
41,1,11,394.19678791072124,-33.4375,10.0,QT450-10,181.8527391527061,,,,False
41,1,12,394.19678791072124,-33.4375,12.0,QT450-10,181.57886030459903,,,,False
41,2,0,394.19678791072124,-30.875,-12.0,QT450-10,182.95154303441757,,,,False
41,2,1,394.19678791072124,-30.875,-10.0,QT450-10,183.27193166652128,,,,False
41,2,2,394.19678791072124,-30.875,-8.0,QT450-10,183.52076516777802,,,,False
41,2,3,394.19678791072124,-30.875,-6.0,QT450-10,183.70886510418913,,,,False
41,2,4,394.19678791072124,-30.875,-4.0,QT450-10,183.84139053583314,,,,False
41,2,5,394.19678791072124,-30.875,-2.0,QT450-10,183.9204368243893,,,,False
41,2,6,394.19678791072124,-30.875,0.0,QT450-10,183.94673042744282,,,,False
41,2,7,394.19678791072124,-30.875,2.0,QT450-10,183.9204368243893,,,,False
41,2,8,394.19678791072124,-30.875,4.0,QT450-10,183.84139053583314,,,,False
41,2,9,394.19678791072124,-30.875,6.0,QT450-10,183.70886510418913,,,,False
41,2,10,394.19678791072124,-30.875,8.0,QT450-10,183.52076516777802,,,,False
41,2,11,394.19678791072124,-30.875,10.0,QT450-10,183.27193166652128,,,,False
41,2,12,394.19678791072124,-30.875,12.0,QT450-10,182.95154303441757,,,,False
41,3,0,394.19678791072124,-28.3125,-12.0,QT450-10,184.7834018101774,,,,False
41,3,1,394.19678791072124,-28.3125,-10.0,QT450-10,185.1236507012801,,,,False
41,3,2,394.19678791072124,-28.3125,-8.0,QT450-10,185.39426603104104,,,,False
41,3,3,394.19678791072124,-28.3125,-6.0,QT450-10,185.60039906535604,,,,False
41,3,4,394.19678791072124,-28.3125,-4.0,QT450-10,185.74565267421391,,,,False
41,3,5,394.19678791072124,-28.3125,-2.0,QT450-10,185.8321249614127,,,,False
41,3,6,394.19678791072124,-28.3125,0.0,QT450-10,185.8608475947278,,,,False
41,3,7,394.19678791072124,-28.3125,2.0,QT450-10,185.8321249614127,,,,False
41,3,8,394.19678791072124,-28.3125,4.0,QT450-10,185.74565267421391,,,,False
41,3,9,394.19678791072124,-28.3125,6.0,QT450-10,185.60039906535604,,,,False
41,3,10,394.19678791072124,-28.3125,8.0,QT450-10,185.39426603104104,,,,False
41,3,11,394.19678791072124,-28.3125,10.0,QT450-10,185.1236507012801,,,,False
41,3,12,394.19678791072124,-28.3125,12.0,QT450-10,184.7834018101774,,,,False
41,4,0,394.19678791072124,-25.75,-12.0,QT450-10,187.01107824546128,,,,False
41,4,1,394.19678791072124,-25.75,-10.0,QT450-10,187.36375498701045,,,,False
41,4,2,394.19678791072124,-25.75,-8.0,QT450-10,187.64830246714544,,,,False
41,4,3,394.19678791072124,-25.75,-6.0,QT450-10,187.86700094546222,,,,False
41,4,4,394.19678791072124,-25.75,-4.0,QT450-10,188.0218443200244,,,,False
41,4,5,394.19678791072124,-25.75,-2.0,QT450-10,188.11422725000043,,,,False
41,4,6,394.19678791072124,-25.75,0.0,QT450-10,188.14493776880477,,,,False
41,4,7,394.19678791072124,-25.75,2.0,QT450-10,188.11422725000043,,,,False
41,4,8,394.19678791072124,-25.75,4.0,QT450-10,188.0218443200244,,,,False
41,4,9,394.19678791072124,-25.75,6.0,QT450-10,187.86700094546222,,,,False
41,4,10,394.19678791072124,-25.75,8.0,QT450-10,187.64830246714544,,,,False
41,4,11,394.19678791072124,-25.75,10.0,QT450-10,187.36375498701045,,,,False
41,4,12,394.19678791072124,-25.75,12.0,QT450-10,187.01107824546128,,,,False
41,5,0,394.19678791072124,-23.1875,-12.0,QT450-10,189.5725452095444,,,,False
41,5,1,394.19678791072124,-23.1875,-10.0,QT450-10,189.93555173051163,,,,False
41,5,2,394.19678791072124,-23.1875,-8.0,QT450-10,190.2307839065277,,,,False
41,5,3,394.19678791072124,-23.1875,-6.0,QT450-10,190.45913775629586,,,,False
41,5,4,394.19678791072124,-23.1875,-4.0,QT450-10,190.62152749014322,,,,False
41,5,5,394.19678791072124,-23.1875,-2.0,QT450-10,190.71866941435235,,,,False
41,5,6,394.19678791072124,-23.1875,0.0,QT450-10,190.75100151812393,,,,False
41,5,7,394.19678791072124,-23.1875,2.0,QT450-10,190.71866941435235,,,,False
41,5,8,394.19678791072124,-23.1875,4.0,QT450-10,190.62152749014322,,,,False
41,5,9,394.19678791072124,-23.1875,6.0,QT450-10,190.45913775629586,,,,False
41,5,10,394.19678791072124,-23.1875,8.0,QT450-10,190.2307839065277,,,,False
41,5,11,394.19678791072124,-23.1875,10.0,QT450-10,189.93555173051163,,,,False
41,5,12,394.19678791072124,-23.1875,12.0,QT450-10,189.5725452095444,,,,False
41,6,0,394.19678791072124,-20.625,-12.0,QT450-10,192.3990092810672,,,,False
41,6,1,394.19678791072124,-20.625,-10.0,QT450-10,192.77196708417307,,,,False
41,6,2,394.19678791072124,-20.625,-8.0,QT450-10,193.07674645582972,,,,False
41,6,3,394.19678791072124,-20.625,-6.0,QT450-10,193.31349112094102,,,,False
41,6,4,394.19678791072124,-20.625,-4.0,QT450-10,193.4824057978805,,,,False
41,6,5,394.19678791072124,-20.625,-2.0,QT450-10,193.58367413793275,,,,False
41,6,6,394.19678791072124,-20.625,0.0,QT450-10,193.61741649615803,,,,False
41,6,7,394.19678791072124,-20.625,2.0,QT450-10,193.58367413793275,,,,False
41,6,8,394.19678791072124,-20.625,4.0,QT450-10,193.4824057978805,,,,False
41,6,9,394.19678791072124,-20.625,6.0,QT450-10,193.31349112094102,,,,False
41,6,10,394.19678791072124,-20.625,8.0,QT450-10,193.07674645582972,,,,False
41,6,11,394.19678791072124,-20.625,10.0,QT450-10,192.77196708417307,,,,False
41,6,12,394.19678791072124,-20.625,12.0,QT450-10,192.3990092810672,,,,False
41,7,0,394.19678791072124,-18.0625,-12.0,QT450-10,195.45351336204448,,,,False
41,7,1,394.19678791072124,-18.0625,-10.0,QT450-10,195.83695147973987,,,,False
41,7,2,394.19678791072124,-18.0625,-8.0,QT450-10,196.15153410537522,,,,False
41,7,3,394.19678791072124,-18.0625,-6.0,QT450-10,196.39679564860324,,,,False
41,7,4,394.19678791072124,-18.0625,-4.0,QT450-10,196.57231617708544,,,,False
41,7,5,394.19678791072124,-18.0625,-2.0,QT450-10,196.67776457895167,,,,False
41,7,6,394.19678791072124,-18.0625,0.0,QT450-10,196.71293703806498,,,,False
41,7,7,394.19678791072124,-18.0625,2.0,QT450-10,196.67776457895167,,,,False
41,7,8,394.19678791072124,-18.0625,4.0,QT450-10,196.57231617708544,,,,False
41,7,9,394.19678791072124,-18.0625,6.0,QT450-10,196.39679564860324,,,,False
41,7,10,394.19678791072124,-18.0625,8.0,QT450-10,196.15153410537522,,,,False
41,7,11,394.19678791072124,-18.0625,10.0,QT450-10,195.83695147973987,,,,False
41,7,12,394.19678791072124,-18.0625,12.0,QT450-10,195.45351336204448,,,,False
41,8,0,394.19678791072124,-15.5,-12.0,QT450-10,199.86799148855565,,,,False
41,8,1,394.19678791072124,-15.5,-10.0,QT450-10,200.27049372416067,,,,False
41,8,2,394.19678791072124,-15.5,-8.0,QT450-10,200.6059689417041,,,,False
41,8,3,394.19678791072124,-15.5,-6.0,QT450-10,200.87167782810837,,,,False
41,8,4,394.19678791072124,-15.5,-4.0,QT450-10,201.0645236196166,,,,False
41,8,5,394.19678791072124,-15.5,-2.0,QT450-10,201.18163092478477,,,,False
41,8,6,394.19678791072124,-15.5,0.0,QT450-10,201.22091488629596,,,,False
41,8,7,394.19678791072124,-15.5,2.0,QT450-10,201.18163092478477,,,,False
41,8,8,394.19678791072124,-15.5,4.0,QT450-10,201.0645236196166,,,,False
41,8,9,394.19678791072124,-15.5,6.0,QT450-10,200.87167782810837,,,,False
41,8,10,394.19678791072124,-15.5,8.0,QT450-10,200.6059689417041,,,,False
41,8,11,394.19678791072124,-15.5,10.0,QT450-10,200.27049372416067,,,,False
41,8,12,394.19678791072124,-15.5,12.0,QT450-10,199.86799148855565,,,,False
41,9,0,394.19678791072124,-12.9375,-12.0,QT450-10,206.81040804173898,,,,False
41,9,1,394.19678791072124,-12.9375,-10.0,QT450-10,207.27874978424535,,,,False
41,9,2,394.19678791072124,-12.9375,-8.0,QT450-10,207.7149153983406,,,,False
41,9,3,394.19678791072124,-12.9375,-6.0,QT450-10,208.10519866165754,,,,False
41,9,4,394.19678791072124,-12.9375,-4.0,QT450-10,208.42680633055116,,,,False
41,9,5,394.19678791072124,-12.9375,-2.0,QT450-10,208.64568352845893,,,,False
41,9,6,394.19678791072124,-12.9375,0.0,QT450-10,208.72445312244125,,,,False
41,9,7,394.19678791072124,-12.9375,2.0,QT450-10,208.64568352845893,,,,False
41,9,8,394.19678791072124,-12.9375,4.0,QT450-10,208.42680633055116,,,,False
41,9,9,394.19678791072124,-12.9375,6.0,QT450-10,208.10519866165754,,,,False
41,9,10,394.19678791072124,-12.9375,8.0,QT450-10,207.7149153983406,,,,False
41,9,11,394.19678791072124,-12.9375,10.0,QT450-10,207.27874978424535,,,,False
41,9,12,394.19678791072124,-12.9375,12.0,QT450-10,206.81040804173898,,,,False
41,10,0,394.19678791072124,-10.375,-12.0,QT450-10,216.28856733492066,,,,False
41,10,1,394.19678791072124,-10.375,-10.0,QT450-10,216.97790771825402,,,,False
41,10,2,394.19678791072124,-10.375,-8.0,QT450-10,217.85314666125097,,,,False
41,10,3,394.19678791072124,-10.375,-6.0,QT450-10,218.98611426926902,,,,False
41,10,4,394.19678791072124,-10.375,-4.0,QT450-10,220.34932135974566,,,,False
41,10,5,394.19678791072124,-10.375,-2.0,QT450-10,221.5374515829644,,,,False
41,10,6,394.19678791072124,-10.375,0.0,QT450-10,222.01416503598915,,,,False
41,10,7,394.19678791072124,-10.375,2.0,QT450-10,221.5374515829644,,,,False
41,10,8,394.19678791072124,-10.375,4.0,QT450-10,220.34932135974566,,,,False
41,10,9,394.19678791072124,-10.375,6.0,QT450-10,218.98611426926902,,,,False
41,10,10,394.19678791072124,-10.375,8.0,QT450-10,217.85314666125097,,,,False
41,10,11,394.19678791072124,-10.375,10.0,QT450-10,216.97790771825402,,,,False
41,10,12,394.19678791072124,-10.375,12.0,QT450-10,216.28856733492066,,,,False
41,11,0,394.19678791072124,-7.8125,-12.0,QT450-10,228.08052334539292,,,,False
41,11,1,394.19678791072124,-7.8125,-10.0,QT450-10,229.3077170641919,,,,False
41,11,2,394.19678791072124,-7.8125,-8.0,QT450-10,231.32279820421448,,,,False
41,11,3,394.19678791072124,-7.8125,-6.0,QT450-10,234.66576827806608,,,,False
41,11,4,394.19678791072124,-7.8125,-4.0,QT450-10,244.6263462431674,,,,False
41,11,5,394.19678791072124,-7.8125,-2.0,QT450-10,254.37281878943867,,,,False
41,11,6,394.19678791072124,-7.8125,0.0,QT450-10,258.73691159970673,,,,False
41,11,7,394.19678791072124,-7.8125,2.0,QT450-10,254.37281878943864,,,,False
41,11,8,394.19678791072124,-7.8125,4.0,QT450-10,244.6263462431674,,,,False
41,11,9,394.19678791072124,-7.8125,6.0,QT450-10,234.66576827806608,,,,False
41,11,10,394.19678791072124,-7.8125,8.0,QT450-10,231.32279820421445,,,,False
41,11,11,394.19678791072124,-7.8125,10.0,QT450-10,229.3077170641919,,,,False
41,11,12,394.19678791072124,-7.8125,12.0,QT450-10,228.08052334539292,,,,False
41,12,0,394.19678791072124,-5.25,-12.0,QT450-10,240.63810030056004,,,,False
41,12,1,394.19678791072124,-5.25,-10.0,QT450-10,242.68038534842725,,,,False
41,12,2,394.19678791072124,-5.25,-8.0,QT450-10,247.74653347462962,,,,False
41,12,3,394.19678791072124,-5.25,-6.0,QT450-10,263.4551901726107,,,,False
41,12,4,394.19678791072124,-5.25,-4.0,QT450-10,287.1681380551621,,,,False
41,12,5,394.19678791072124,-5.25,-2.0,QT450-10,313.1722252360802,,,,False
41,12,6,394.19678791072124,-5.25,0.0,QT450-10,327.508565848525,,,,False
41,12,7,394.19678791072124,-5.25,2.0,QT450-10,313.1722252360802,,,,False
41,12,8,394.19678791072124,-5.25,4.0,QT450-10,287.1681380551621,,,,False
41,12,9,394.19678791072124,-5.25,6.0,QT450-10,263.4551901726107,,,,False
41,12,10,394.19678791072124,-5.25,8.0,QT450-10,247.74653347462962,,,,False
41,12,11,394.19678791072124,-5.25,10.0,QT450-10,242.68038534842725,,,,False
41,12,12,394.19678791072124,-5.25,12.0,QT450-10,240.63810030056004,,,,False
41,13,0,394.19678791072124,-2.6875,-12.0,ERNiFe-CI,252.36646813103,,,,False
41,13,1,394.19678791072124,-2.6875,-10.0,ERNiFe-CI,255.7032789744903,,,,False
41,13,2,394.19678791072124,-2.6875,-8.0,ERNiFe-CI,268.60631956033404,,,,False
41,13,3,394.19678791072124,-2.6875,-6.0,ERNiFe-CI,297.3470369689109,,,,False
41,13,4,394.19678791072124,-2.6875,-4.0,ERNiFe-CI,346.4975152488128,,,,False
41,13,5,394.19678791072124,-2.6875,-2.0,ERNiFe-CI,416.02970431708025,,,,False
41,13,6,394.19678791072124,-2.6875,0.0,ERNiFe-CI,474.5143808621741,,,,False
41,13,7,394.19678791072124,-2.6875,2.0,ERNiFe-CI,416.02970431708025,,,,False
41,13,8,394.19678791072124,-2.6875,4.0,ERNiFe-CI,346.4975152488128,,,,False
41,13,9,394.19678791072124,-2.6875,6.0,ERNiFe-CI,297.3470369689109,,,,False
41,13,10,394.19678791072124,-2.6875,8.0,ERNiFe-CI,268.60631956033404,,,,False
41,13,11,394.19678791072124,-2.6875,10.0,ERNiFe-CI,255.70327897449033,,,,False
41,13,12,394.19678791072124,-2.6875,12.0,ERNiFe-CI,252.36646813103,,,,False
41,14,0,394.19678791072124,-0.125,-12.0,ERNiFe-CI,262.27720083148137,,,,False
41,14,1,394.19678791072124,-0.125,-10.0,ERNiFe-CI,268.06575306639,,,,False
41,14,2,394.19678791072124,-0.125,-8.0,ERNiFe-CI,285.18477506326303,,,,False
41,14,3,394.19678791072124,-0.125,-6.0,ERNiFe-CI,325.10008710677147,,,,False
41,14,4,394.19678791072124,-0.125,-4.0,ERNiFe-CI,406.6313789161172,,,,False
41,14,5,394.19678791072124,-0.125,-2.0,ERNiFe-CI,577.2265330026634,,,,False
41,14,6,394.19678791072124,-0.125,0.0,ERNiFe-CI,833.5470012811329,266.5268165011284,268.90016366378387,2.3733471626554774,True
41,14,7,394.19678791072124,-0.125,2.0,ERNiFe-CI,577.2265330026634,,,,False
41,14,8,394.19678791072124,-0.125,4.0,ERNiFe-CI,406.6313789161172,,,,False
41,14,9,394.19678791072124,-0.125,6.0,ERNiFe-CI,325.10008710677147,,,,False
41,14,10,394.19678791072124,-0.125,8.0,ERNiFe-CI,285.18477506326303,,,,False
41,14,11,394.19678791072124,-0.125,10.0,ERNiFe-CI,268.06575306639,,,,False
41,14,12,394.19678791072124,-0.125,12.0,ERNiFe-CI,262.27720083148137,,,,False
41,15,0,394.19678791072124,2.4375,-12.0,ERNiFe-CI,269.5294617669797,,,,False
41,15,1,394.19678791072124,2.4375,-10.0,ERNiFe-CI,275.9417300103939,,,,False
41,15,2,394.19678791072124,2.4375,-8.0,ERNiFe-CI,292.5520957022436,,,,False
41,15,3,394.19678791072124,2.4375,-6.0,ERNiFe-CI,325.8052250430017,,,,False
41,15,4,394.19678791072124,2.4375,-4.0,ERNiFe-CI,380.31858084669045,,,,False
41,15,5,394.19678791072124,2.4375,-2.0,ERNiFe-CI,456.35465127916245,,,,False
41,15,6,394.19678791072124,2.4375,0.0,ERNiFe-CI,521.6568155905788,,,,False
41,15,7,394.19678791072124,2.4375,2.0,ERNiFe-CI,456.35465127916245,,,,False
41,15,8,394.19678791072124,2.4375,4.0,ERNiFe-CI,380.31858084669045,,,,False
41,15,9,394.19678791072124,2.4375,6.0,ERNiFe-CI,325.8052250430017,,,,False
41,15,10,394.19678791072124,2.4375,8.0,ERNiFe-CI,292.5520957022436,,,,False
41,15,11,394.19678791072124,2.4375,10.0,ERNiFe-CI,275.9417300103939,,,,False
41,15,12,394.19678791072124,2.4375,12.0,ERNiFe-CI,269.5294617669797,,,,False
41,16,0,394.19678791072124,5.0,-12.0,Q235B,273.27020522782925,,,,False
41,16,1,394.19678791072124,5.0,-10.0,Q235B,279.2433455943395,,,,False
41,16,2,394.19678791072124,5.0,-8.0,Q235B,294.2643516223483,,,,False
41,16,3,394.19678791072124,5.0,-6.0,Q235B,321.0317659046966,,,,False
41,16,4,394.19678791072124,5.0,-4.0,Q235B,357.8051616037192,,,,False
41,16,5,394.19678791072124,5.0,-2.0,Q235B,396.0484691772356,,,,False
41,16,6,394.19678791072124,5.0,0.0,Q235B,416.3287740300841,,,,False
41,16,7,394.19678791072124,5.0,2.0,Q235B,396.0484691772356,,,,False
41,16,8,394.19678791072124,5.0,4.0,Q235B,357.8051616037192,,,,False
41,16,9,394.19678791072124,5.0,6.0,Q235B,321.0317659046966,,,,False
41,16,10,394.19678791072124,5.0,8.0,Q235B,294.2643516223483,,,,False
41,16,11,394.19678791072124,5.0,10.0,Q235B,279.2433455943395,,,,False
41,16,12,394.19678791072124,5.0,12.0,Q235B,273.27020522782925,,,,False
42,0,0,403.81134371342176,-36.0,-12.0,QT450-10,178.61326120377097,,,,False
42,0,1,403.81134371342176,-36.0,-10.0,QT450-10,178.73072046270448,,,,False
42,0,2,403.81134371342176,-36.0,-8.0,QT450-10,178.87367375102713,,,,False
42,0,3,403.81134371342176,-36.0,-6.0,QT450-10,179.00406976717883,,,,False
42,0,4,403.81134371342176,-36.0,-4.0,QT450-10,179.10479203227285,,,,False
42,0,5,403.81134371342176,-36.0,-2.0,QT450-10,179.16769396720179,,,,False
42,0,6,403.81134371342176,-36.0,0.0,QT450-10,179.18902689319617,,,,False
42,0,7,403.81134371342176,-36.0,2.0,QT450-10,179.16769396720179,,,,False
42,0,8,403.81134371342176,-36.0,4.0,QT450-10,179.10479203227285,,,,False
42,0,9,403.81134371342176,-36.0,6.0,QT450-10,179.00406976717883,,,,False
42,0,10,403.81134371342176,-36.0,8.0,QT450-10,178.87367375102713,,,,False
42,0,11,403.81134371342176,-36.0,10.0,QT450-10,178.73072046270448,,,,False
42,0,12,403.81134371342176,-36.0,12.0,QT450-10,178.61326120377097,,,,False
42,1,0,403.81134371342176,-33.4375,-12.0,QT450-10,179.55366976090318,,,,False
42,1,1,403.81134371342176,-33.4375,-10.0,QT450-10,179.82321367038188,,,,False
42,1,2,403.81134371342176,-33.4375,-8.0,QT450-10,180.0299784312569,,,,False
42,1,3,403.81134371342176,-33.4375,-6.0,QT450-10,180.18969195155026,,,,False
42,1,4,403.81134371342176,-33.4375,-4.0,QT450-10,180.3047230905608,,,,False
42,1,5,403.81134371342176,-33.4375,-2.0,QT450-10,180.37436015222667,,,,False
42,1,6,403.81134371342176,-33.4375,0.0,QT450-10,180.39769027417688,,,,False
42,1,7,403.81134371342176,-33.4375,2.0,QT450-10,180.37436015222667,,,,False
42,1,8,403.81134371342176,-33.4375,4.0,QT450-10,180.3047230905608,,,,False
42,1,9,403.81134371342176,-33.4375,6.0,QT450-10,180.18969195155026,,,,False
42,1,10,403.81134371342176,-33.4375,8.0,QT450-10,180.0299784312569,,,,False
42,1,11,403.81134371342176,-33.4375,10.0,QT450-10,179.82321367038188,,,,False
42,1,12,403.81134371342176,-33.4375,12.0,QT450-10,179.55366976090318,,,,False
42,2,0,403.81134371342176,-30.875,-12.0,QT450-10,181.17480746124278,,,,False
42,2,1,403.81134371342176,-30.875,-10.0,QT450-10,181.49075919138986,,,,False
42,2,2,403.81134371342176,-30.875,-8.0,QT450-10,181.73632319926762,,,,False
42,2,3,403.81134371342176,-30.875,-6.0,QT450-10,181.92206882246546,,,,False
42,2,4,403.81134371342176,-30.875,-4.0,QT450-10,182.05300058569003,,,,False
42,2,5,403.81134371342176,-30.875,-2.0,QT450-10,182.13112300391487,,,,False
42,2,6,403.81134371342176,-30.875,0.0,QT450-10,182.15711381934116,,,,False
42,2,7,403.81134371342176,-30.875,2.0,QT450-10,182.13112300391487,,,,False
42,2,8,403.81134371342176,-30.875,4.0,QT450-10,182.05300058569003,,,,False
42,2,9,403.81134371342176,-30.875,6.0,QT450-10,181.92206882246546,,,,False
42,2,10,403.81134371342176,-30.875,8.0,QT450-10,181.73632319926762,,,,False
42,2,11,403.81134371342176,-30.875,10.0,QT450-10,181.49075919138986,,,,False
42,2,12,403.81134371342176,-30.875,12.0,QT450-10,181.17480746124278,,,,False
42,3,0,403.81134371342176,-28.3125,-12.0,QT450-10,183.37801278954677,,,,False
42,3,1,403.81134371342176,-28.3125,-10.0,QT450-10,183.71459975189438,,,,False
42,3,2,403.81134371342176,-28.3125,-8.0,QT450-10,183.98249730939648,,,,False
42,3,3,403.81134371342176,-28.3125,-6.0,QT450-10,184.18670161346873,,,,False
42,3,4,403.81134371342176,-28.3125,-4.0,QT450-10,184.33067978992548,,,,False
42,3,5,403.81134371342176,-28.3125,-2.0,QT450-10,184.41642846235428,,,,False
42,3,6,403.81134371342176,-28.3125,0.0,QT450-10,184.44491690981468,,,,False
42,3,7,403.81134371342176,-28.3125,2.0,QT450-10,184.41642846235428,,,,False
42,3,8,403.81134371342176,-28.3125,4.0,QT450-10,184.33067978992548,,,,False
42,3,9,403.81134371342176,-28.3125,6.0,QT450-10,184.18670161346873,,,,False
42,3,10,403.81134371342176,-28.3125,8.0,QT450-10,183.98249730939648,,,,False
42,3,11,403.81134371342176,-28.3125,10.0,QT450-10,183.71459975189438,,,,False
42,3,12,403.81134371342176,-28.3125,12.0,QT450-10,183.37801278954677,,,,False
42,4,0,403.81134371342176,-25.75,-12.0,QT450-10,186.09379137901817,,,,False
42,4,1,403.81134371342176,-25.75,-10.0,QT450-10,186.44410978466576,,,,False
42,4,2,403.81134371342176,-25.75,-8.0,QT450-10,186.72697504395072,,,,False
42,4,3,403.81134371342176,-25.75,-6.0,QT450-10,186.94454797841377,,,,False
42,4,4,403.81134371342176,-25.75,-4.0,QT450-10,187.09869718852752,,,,False
42,4,5,403.81134371342176,-25.75,-2.0,QT450-10,187.19071092642386,,,,False
42,4,6,403.81134371342176,-25.75,0.0,QT450-10,187.22130660844124,,,,False
42,4,7,403.81134371342176,-25.75,2.0,QT450-10,187.19071092642386,,,,False
42,4,8,403.81134371342176,-25.75,4.0,QT450-10,187.09869718852752,,,,False
42,4,9,403.81134371342176,-25.75,6.0,QT450-10,186.94454797841377,,,,False
42,4,10,403.81134371342176,-25.75,8.0,QT450-10,186.72697504395072,,,,False
42,4,11,403.81134371342176,-25.75,10.0,QT450-10,186.44410978466576,,,,False
42,4,12,403.81134371342176,-25.75,12.0,QT450-10,186.09379137901817,,,,False
42,5,0,403.81134371342176,-23.1875,-12.0,QT450-10,189.2507279420432,,,,False
42,5,1,403.81134371342176,-23.1875,-10.0,QT450-10,189.6131022437444,,,,False
42,5,2,403.81134371342176,-23.1875,-8.0,QT450-10,189.90808405531686,,,,False
42,5,3,403.81134371342176,-23.1875,-6.0,QT450-10,190.1364472685096,,,,False
42,5,4,403.81134371342176,-23.1875,-4.0,QT450-10,190.2989701811915,,,,False
42,5,5,403.81134371342176,-23.1875,-2.0,QT450-10,190.39624780784712,,,,False
42,5,6,403.81134371342176,-23.1875,0.0,QT450-10,190.42863498593513,,,,False
42,5,7,403.81134371342176,-23.1875,2.0,QT450-10,190.39624780784712,,,,False
42,5,8,403.81134371342176,-23.1875,4.0,QT450-10,190.2989701811915,,,,False
42,5,9,403.81134371342176,-23.1875,6.0,QT450-10,190.1364472685096,,,,False
42,5,10,403.81134371342176,-23.1875,8.0,QT450-10,189.90808405531686,,,,False
42,5,11,403.81134371342176,-23.1875,10.0,QT450-10,189.6131022437444,,,,False
42,5,12,403.81134371342176,-23.1875,12.0,QT450-10,189.2507279420432,,,,False
42,6,0,403.81134371342176,-20.625,-12.0,QT450-10,192.76716840116035,,,,False
42,6,1,403.81134371342176,-20.625,-10.0,QT450-10,193.1415948351664,,,,False
42,6,2,403.81134371342176,-20.625,-8.0,QT450-10,193.44790501958147,,,,False
42,6,3,403.81134371342176,-20.625,-6.0,QT450-10,193.68609287904513,,,,False
42,6,4,403.81134371342176,-20.625,-4.0,QT450-10,193.85619594463904,,,,False
42,6,5,403.81134371342176,-20.625,-2.0,QT450-10,193.95824722226584,,,,False
42,6,6,403.81134371342176,-20.625,0.0,QT450-10,193.99226293702023,,,,False
42,6,7,403.81134371342176,-20.625,2.0,QT450-10,193.95824722226584,,,,False
42,6,8,403.81134371342176,-20.625,4.0,QT450-10,193.85619594463904,,,,False
42,6,9,403.81134371342176,-20.625,6.0,QT450-10,193.68609287904513,,,,False
42,6,10,403.81134371342176,-20.625,8.0,QT450-10,193.44790501958147,,,,False
42,6,11,403.81134371342176,-20.625,10.0,QT450-10,193.1415948351664,,,,False
42,6,12,403.81134371342176,-20.625,12.0,QT450-10,192.76716840116035,,,,False
42,7,0,403.81134371342176,-18.0625,-12.0,QT450-10,196.54916521121012,,,,False
42,7,1,403.81134371342176,-18.0625,-10.0,QT450-10,196.9362347508529,,,,False
42,7,2,403.81134371342176,-18.0625,-8.0,QT450-10,197.25408364763388,,,,False
42,7,3,403.81134371342176,-18.0625,-6.0,QT450-10,197.5021080432787,,,,False
42,7,4,403.81134371342176,-18.0625,-4.0,QT450-10,197.67973743202384,,,,False
42,7,5,403.81134371342176,-18.0625,-2.0,QT450-10,197.7865125538671,,,,False
42,7,6,403.81134371342176,-18.0625,0.0,QT450-10,197.82213813036947,,,,False
42,7,7,403.81134371342176,-18.0625,2.0,QT450-10,197.7865125538671,,,,False
42,7,8,403.81134371342176,-18.0625,4.0,QT450-10,197.67973743202384,,,,False
42,7,9,403.81134371342176,-18.0625,6.0,QT450-10,197.5021080432787,,,,False
42,7,10,403.81134371342176,-18.0625,8.0,QT450-10,197.25408364763388,,,,False
42,7,11,403.81134371342176,-18.0625,10.0,QT450-10,196.9362347508529,,,,False
42,7,12,403.81134371342176,-18.0625,12.0,QT450-10,196.54916521121012,,,,False
42,8,0,403.81134371342176,-15.5,-12.0,QT450-10,201.0542715469281,,,,False
42,8,1,403.81134371342176,-15.5,-10.0,QT450-10,201.4605992857342,,,,False
42,8,2,403.81134371342176,-15.5,-8.0,QT450-10,201.79934873715737,,,,False
42,8,3,403.81134371342176,-15.5,-6.0,QT450-10,202.06772079621638,,,,False
42,8,4,403.81134371342176,-15.5,-4.0,QT450-10,202.2625520484026,,,,False
42,8,5,403.81134371342176,-15.5,-2.0,QT450-10,202.38088104502305,,,,False
42,8,6,403.81134371342176,-15.5,0.0,QT450-10,202.42058789411544,,,,False
42,8,7,403.81134371342176,-15.5,2.0,QT450-10,202.38088104502305,,,,False
42,8,8,403.81134371342176,-15.5,4.0,QT450-10,202.2625520484026,,,,False
42,8,9,403.81134371342176,-15.5,6.0,QT450-10,202.06772079621638,,,,False
42,8,10,403.81134371342176,-15.5,8.0,QT450-10,201.79934873715737,,,,False
42,8,11,403.81134371342176,-15.5,10.0,QT450-10,201.4605992857342,,,,False
42,8,12,403.81134371342176,-15.5,12.0,QT450-10,201.0542715469281,,,,False
42,9,0,403.81134371342176,-12.9375,-12.0,QT450-10,208.01959318581473,,,,False
42,9,1,403.81134371342176,-12.9375,-10.0,QT450-10,208.49234556567552,,,,False
42,9,2,403.81134371342176,-12.9375,-8.0,QT450-10,208.93271321355402,,,,False
42,9,3,403.81134371342176,-12.9375,-6.0,QT450-10,209.32685586859589,,,,False
42,9,4,403.81134371342176,-12.9375,-4.0,QT450-10,209.65177685883785,,,,False
42,9,5,403.81134371342176,-12.9375,-2.0,QT450-10,209.8729573728993,,,,False
42,9,6,403.81134371342176,-12.9375,0.0,QT450-10,209.95256440034643,,,,False
42,9,7,403.81134371342176,-12.9375,2.0,QT450-10,209.8729573728993,,,,False
42,9,8,403.81134371342176,-12.9375,4.0,QT450-10,209.65177685883785,,,,False
42,9,9,403.81134371342176,-12.9375,6.0,QT450-10,209.32685586859589,,,,False
42,9,10,403.81134371342176,-12.9375,8.0,QT450-10,208.93271321355402,,,,False
42,9,11,403.81134371342176,-12.9375,10.0,QT450-10,208.49234556567552,,,,False
42,9,12,403.81134371342176,-12.9375,12.0,QT450-10,208.01959318581473,,,,False
42,10,0,403.81134371342176,-10.375,-12.0,QT450-10,217.50902718264942,,,,False
42,10,1,403.81134371342176,-10.375,-10.0,QT450-10,218.20387234022056,,,,False
42,10,2,403.81134371342176,-10.375,-8.0,QT450-10,219.08530593119113,,,,False
42,10,3,403.81134371342176,-10.375,-6.0,QT450-10,220.2244699192061,,,,False
42,10,4,403.81134371342176,-10.375,-4.0,QT450-10,221.5925465761724,,,,False
42,10,5,403.81134371342176,-10.375,-2.0,QT450-10,222.7835720305686,,,,False
42,10,6,403.81134371342176,-10.375,0.0,QT450-10,223.26128426585984,,,,False
42,10,7,403.81134371342176,-10.375,2.0,QT450-10,222.7835720305686,,,,False
42,10,8,403.81134371342176,-10.375,4.0,QT450-10,221.5925465761724,,,,False
42,10,9,403.81134371342176,-10.375,6.0,QT450-10,220.2244699192061,,,,False
42,10,10,403.81134371342176,-10.375,8.0,QT450-10,219.08530593119113,,,,False
42,10,11,403.81134371342176,-10.375,10.0,QT450-10,218.20387234022056,,,,False
42,10,12,403.81134371342176,-10.375,12.0,QT450-10,217.50902718264942,,,,False
42,11,0,403.81134371342176,-7.8125,-12.0,QT450-10,229.3050774377006,,,,False
42,11,1,403.81134371342176,-7.8125,-10.0,QT450-10,230.53780957556924,,,,False
42,11,2,403.81134371342176,-7.8125,-8.0,QT450-10,232.55880946727478,,,,False
42,11,3,403.81134371342176,-7.8125,-6.0,QT450-10,235.9134953491758,,,,False
42,11,4,403.81134371342176,-7.8125,-4.0,QT450-10,245.87726791285226,,,,False
42,11,5,403.81134371342176,-7.8125,-2.0,QT450-10,255.6223623407229,,,,False
42,11,6,403.81134371342176,-7.8125,0.0,QT450-10,259.984126600134,,,,False
42,11,7,403.81134371342176,-7.8125,2.0,QT450-10,255.6223623407229,,,,False
42,11,8,403.81134371342176,-7.8125,4.0,QT450-10,245.87726791285226,,,,False
42,11,9,403.81134371342176,-7.8125,6.0,QT450-10,235.91349534917583,,,,False
42,11,10,403.81134371342176,-7.8125,8.0,QT450-10,232.55880946727478,,,,False
42,11,11,403.81134371342176,-7.8125,10.0,QT450-10,230.53780957556924,,,,False
42,11,12,403.81134371342176,-7.8125,12.0,QT450-10,229.3050774377006,,,,False
42,12,0,403.81134371342176,-5.25,-12.0,QT450-10,241.8612795054913,,,,False
42,12,1,403.81134371342176,-5.25,-10.0,QT450-10,243.90975313869268,,,,False
42,12,2,403.81134371342176,-5.25,-8.0,QT450-10,248.98535872874447,,,,False
42,12,3,403.81134371342176,-5.25,-6.0,QT450-10,264.69749900715834,,,,False
42,12,4,403.81134371342176,-5.25,-4.0,QT450-10,288.4075897550208,,,,False
42,12,5,403.81134371342176,-5.25,-2.0,QT450-10,314.4072628461465,,,,False
42,12,6,403.81134371342176,-5.25,0.0,QT450-10,328.74114341869506,,,,False
42,12,7,403.81134371342176,-5.25,2.0,QT450-10,314.4072628461465,,,,False
42,12,8,403.81134371342176,-5.25,4.0,QT450-10,288.4075897550208,,,,False
42,12,9,403.81134371342176,-5.25,6.0,QT450-10,264.69749900715834,,,,False
42,12,10,403.81134371342176,-5.25,8.0,QT450-10,248.98535872874447,,,,False
42,12,11,403.81134371342176,-5.25,10.0,QT450-10,243.90975313869268,,,,False
42,12,12,403.81134371342176,-5.25,12.0,QT450-10,241.8612795054913,,,,False
42,13,0,403.81134371342176,-2.6875,-12.0,ERNiFe-CI,253.58571609991967,,,,False
42,13,1,403.81134371342176,-2.6875,-10.0,ERNiFe-CI,256.93176043793227,,,,False
42,13,2,403.81134371342176,-2.6875,-8.0,ERNiFe-CI,269.84169630439845,,,,False
42,13,3,403.81134371342176,-2.6875,-6.0,ERNiFe-CI,298.5804702837847,,,,False
42,13,4,403.81134371342176,-2.6875,-4.0,ERNiFe-CI,347.72523501214494,,,,False
42,13,5,403.81134371342176,-2.6875,-2.0,ERNiFe-CI,417.2460272578177,,,,False
42,13,6,403.81134371342176,-2.6875,0.0,ERNiFe-CI,475.71512275583484,,,,False
42,13,7,403.81134371342176,-2.6875,2.0,ERNiFe-CI,417.2460272578177,,,,False
42,13,8,403.81134371342176,-2.6875,4.0,ERNiFe-CI,347.72523501214494,,,,False
42,13,9,403.81134371342176,-2.6875,6.0,ERNiFe-CI,298.5804702837847,,,,False
42,13,10,403.81134371342176,-2.6875,8.0,ERNiFe-CI,269.84169630439845,,,,False
42,13,11,403.81134371342176,-2.6875,10.0,ERNiFe-CI,256.93176043793227,,,,False
42,13,12,403.81134371342176,-2.6875,12.0,ERNiFe-CI,253.58571609991967,,,,False
42,14,0,403.81134371342176,-0.125,-12.0,ERNiFe-CI,263.49306460495995,,,,False
42,14,1,403.81134371342176,-0.125,-10.0,ERNiFe-CI,269.28836448726815,,,,False
42,14,2,403.81134371342176,-0.125,-8.0,ERNiFe-CI,286.41283715866695,,,,False
42,14,3,403.81134371342176,-0.125,-6.0,ERNiFe-CI,326.3222302443818,,,,False
42,14,4,403.81134371342176,-0.125,-4.0,ERNiFe-CI,407.84464535209383,,,,False
42,14,5,403.81134371342176,-0.125,-2.0,ERNiFe-CI,578.4180855746795,,,,False
42,14,6,403.81134371342176,-0.125,0.0,ERNiFe-CI,834.7215813047586,272.95213809067764,275.32214638122025,2.3700082905426143,True
42,14,7,403.81134371342176,-0.125,2.0,ERNiFe-CI,578.4180855746795,,,,False
42,14,8,403.81134371342176,-0.125,4.0,ERNiFe-CI,407.84464535209383,,,,False
42,14,9,403.81134371342176,-0.125,6.0,ERNiFe-CI,326.3222302443818,,,,False
42,14,10,403.81134371342176,-0.125,8.0,ERNiFe-CI,286.41283715866695,,,,False
42,14,11,403.81134371342176,-0.125,10.0,ERNiFe-CI,269.28836448726815,,,,False
42,14,12,403.81134371342176,-0.125,12.0,ERNiFe-CI,263.49306460495995,,,,False
42,15,0,403.81134371342176,2.4375,-12.0,ERNiFe-CI,270.7418900953674,,,,False
42,15,1,403.81134371342176,2.4375,-10.0,ERNiFe-CI,277.1587971773525,,,,False
42,15,2,403.81134371342176,2.4375,-8.0,ERNiFe-CI,293.7728856476828,,,,False
42,15,3,403.81134371342176,2.4375,-6.0,ERNiFe-CI,327.0174271573954,,,,False
42,15,4,403.81134371342176,2.4375,-4.0,ERNiFe-CI,381.517233375516,,,,False
42,15,5,403.81134371342176,2.4375,-2.0,ERNiFe-CI,457.5398829280092,,,,False
42,15,6,403.81134371342176,2.4375,0.0,ERNiFe-CI,522.8290412467924,,,,False
42,15,7,403.81134371342176,2.4375,2.0,ERNiFe-CI,457.5398829280092,,,,False
42,15,8,403.81134371342176,2.4375,4.0,ERNiFe-CI,381.51723337551607,,,,False
42,15,9,403.81134371342176,2.4375,6.0,ERNiFe-CI,327.0174271573954,,,,False
42,15,10,403.81134371342176,2.4375,8.0,ERNiFe-CI,293.7728856476828,,,,False
42,15,11,403.81134371342176,2.4375,10.0,ERNiFe-CI,277.1587971773525,,,,False
42,15,12,403.81134371342176,2.4375,12.0,ERNiFe-CI,270.7418900953674,,,,False
42,16,0,403.81134371342176,5.0,-12.0,Q235B,274.4802752871895,,,,False
42,16,1,403.81134371342176,5.0,-10.0,Q235B,280.4547919627687,,,,False
42,16,2,403.81134371342176,5.0,-8.0,Q235B,295.47725732452176,,,,False
42,16,3,403.81134371342176,5.0,-6.0,Q235B,322.2377860372919,,,,False
42,16,4,403.81134371342176,5.0,-4.0,Q235B,358.99519355412605,,,,False
42,16,5,403.81134371342176,5.0,-2.0,Q235B,397.22978731482806,,,,False
42,16,6,403.81134371342176,5.0,0.0,Q235B,417.49744969471226,,,,False
42,16,7,403.81134371342176,5.0,2.0,Q235B,397.22978731482806,,,,False
42,16,8,403.81134371342176,5.0,4.0,Q235B,358.99519355412605,,,,False
42,16,9,403.81134371342176,5.0,6.0,Q235B,322.2377860372919,,,,False
42,16,10,403.81134371342176,5.0,8.0,Q235B,295.47725732452176,,,,False
42,16,11,403.81134371342176,5.0,10.0,Q235B,280.4547919627687,,,,False
42,16,12,403.81134371342176,5.0,12.0,Q235B,274.4802752871895,,,,False
43,0,0,413.4258995161223,-36.0,-12.0,QT450-10,175.50024382465247,,,,False
43,0,1,413.4258995161223,-36.0,-10.0,QT450-10,175.61498556466276,,,,False
43,0,2,413.4258995161223,-36.0,-8.0,QT450-10,175.7547267998668,,,,False
43,0,3,413.4258995161223,-36.0,-6.0,QT450-10,175.88228075627555,,,,False
43,0,4,413.4258995161223,-36.0,-4.0,QT450-10,175.98086784152107,,,,False
43,0,5,413.4258995161223,-36.0,-2.0,QT450-10,176.04246434806896,,,,False
43,0,6,413.4258995161223,-36.0,0.0,QT450-10,176.06335961295116,,,,False
43,0,7,413.4258995161223,-36.0,2.0,QT450-10,176.04246434806896,,,,False
43,0,8,413.4258995161223,-36.0,4.0,QT450-10,175.98086784152107,,,,False
43,0,9,413.4258995161223,-36.0,6.0,QT450-10,175.88228075627555,,,,False
43,0,10,413.4258995161223,-36.0,8.0,QT450-10,175.7547267998668,,,,False
43,0,11,413.4258995161223,-36.0,10.0,QT450-10,175.61498556466276,,,,False
43,0,12,413.4258995161223,-36.0,12.0,QT450-10,175.50024382465247,,,,False
43,1,0,413.4258995161223,-33.4375,-12.0,QT450-10,176.58173489133497,,,,False
43,1,1,413.4258995161223,-33.4375,-10.0,QT450-10,176.8450132382883,,,,False
43,1,2,413.4258995161223,-33.4375,-8.0,QT450-10,177.04725501090917,,,,False
43,1,3,413.4258995161223,-33.4375,-6.0,QT450-10,177.20365816301523,,,,False
43,1,4,413.4258995161223,-33.4375,-4.0,QT450-10,177.3164080897867,,,,False
43,1,5,413.4258995161223,-33.4375,-2.0,QT450-10,177.3847074805889,,,,False
43,1,6,413.4258995161223,-33.4375,0.0,QT450-10,177.4075969304399,,,,False
43,1,7,413.4258995161223,-33.4375,2.0,QT450-10,177.3847074805889,,,,False
43,1,8,413.4258995161223,-33.4375,4.0,QT450-10,177.3164080897867,,,,False
43,1,9,413.4258995161223,-33.4375,6.0,QT450-10,177.20365816301523,,,,False
43,1,10,413.4258995161223,-33.4375,8.0,QT450-10,177.04725501090917,,,,False
43,1,11,413.4258995161223,-33.4375,10.0,QT450-10,176.8450132382883,,,,False
43,1,12,413.4258995161223,-33.4375,12.0,QT450-10,176.58173489133497,,,,False
43,2,0,413.4258995161223,-30.875,-12.0,QT450-10,178.49099716636562,,,,False
43,2,1,413.4258995161223,-30.875,-10.0,QT450-10,178.8003717307521,,,,False
43,2,2,413.4258995161223,-30.875,-8.0,QT450-10,179.04117638091492,,,,False
43,2,3,413.4258995161223,-30.875,-6.0,QT450-10,179.22357584503084,,,,False
43,2,4,413.4258995161223,-30.875,-4.0,QT450-10,179.35229907728765,,,,False
43,2,5,413.4258995161223,-30.875,-2.0,QT450-10,179.42916806183743,,,,False
43,2,6,413.4258995161223,-30.875,0.0,QT450-10,179.4547530387348,,,,False
43,2,7,413.4258995161223,-30.875,2.0,QT450-10,179.42916806183743,,,,False
43,2,8,413.4258995161223,-30.875,4.0,QT450-10,179.35229907728765,,,,False
43,2,9,413.4258995161223,-30.875,6.0,QT450-10,179.22357584503084,,,,False
43,2,10,413.4258995161223,-30.875,8.0,QT450-10,179.04117638091492,,,,False
43,2,11,413.4258995161223,-30.875,10.0,QT450-10,178.8003717307521,,,,False
43,2,12,413.4258995161223,-30.875,12.0,QT450-10,178.49099716636562,,,,False
43,3,0,413.4258995161223,-28.3125,-12.0,QT450-10,181.1295173522468,,,,False
43,3,1,413.4258995161223,-28.3125,-10.0,QT450-10,181.46039900887854,,,,False
43,3,2,413.4258995161223,-28.3125,-8.0,QT450-10,181.72419006947283,,,,False
43,3,3,413.4258995161223,-28.3125,-6.0,QT450-10,181.92559558161312,,,,False
43,3,4,413.4258995161223,-28.3125,-4.0,QT450-10,182.06780472458578,,,,False
43,3,5,413.4258995161223,-28.3125,-2.0,QT450-10,182.1525895762737,,,,False
43,3,6,413.4258995161223,-28.3125,0.0,QT450-10,182.18077361085878,,,,False
43,3,7,413.4258995161223,-28.3125,2.0,QT450-10,182.1525895762737,,,,False
43,3,8,413.4258995161223,-28.3125,4.0,QT450-10,182.06780472458578,,,,False
43,3,9,413.4258995161223,-28.3125,6.0,QT450-10,181.92559558161312,,,,False
43,3,10,413.4258995161223,-28.3125,8.0,QT450-10,181.72419006947283,,,,False
43,3,11,413.4258995161223,-28.3125,10.0,QT450-10,181.46039900887854,,,,False
43,3,12,413.4258995161223,-28.3125,12.0,QT450-10,181.1295173522468,,,,False
43,4,0,413.4258995161223,-25.75,-12.0,QT450-10,184.42473394532726,,,,False
43,4,1,413.4258995161223,-25.75,-10.0,QT450-10,184.77092763043072,,,,False
43,4,2,413.4258995161223,-25.75,-8.0,QT450-10,185.051018225582,,,,False
43,4,3,413.4258995161223,-25.75,-6.0,QT450-10,185.26689079731477,,,,False
43,4,4,413.4258995161223,-25.75,-4.0,QT450-10,185.42010832567996,,,,False
43,4,5,413.4258995161223,-25.75,-2.0,QT450-10,185.5116876449327,,,,False
43,4,6,413.4258995161223,-25.75,0.0,QT450-10,185.54216048437658,,,,False
43,4,7,413.4258995161223,-25.75,2.0,QT450-10,185.5116876449327,,,,False
43,4,8,413.4258995161223,-25.75,4.0,QT450-10,185.42010832567996,,,,False
43,4,9,413.4258995161223,-25.75,6.0,QT450-10,185.26689079731477,,,,False
43,4,10,413.4258995161223,-25.75,8.0,QT450-10,185.051018225582,,,,False
43,4,11,413.4258995161223,-25.75,10.0,QT450-10,184.77092763043072,,,,False
43,4,12,413.4258995161223,-25.75,12.0,QT450-10,184.42473394532726,,,,False
43,5,0,413.4258995161223,-23.1875,-12.0,QT450-10,188.2987488941349,,,,False
43,5,1,413.4258995161223,-23.1875,-10.0,QT450-10,188.65916737453827,,,,False
43,5,2,413.4258995161223,-23.1875,-8.0,QT450-10,188.95329404329368,,,,False
43,5,3,413.4258995161223,-23.1875,-6.0,QT450-10,189.1815733619111,,,,False
43,5,4,413.4258995161223,-23.1875,-4.0,QT450-10,189.34440274990448,,,,False
43,5,5,413.4258995161223,-23.1875,-2.0,QT450-10,189.44202795327126,,,,False
43,5,6,413.4258995161223,-23.1875,0.0,QT450-10,189.474560085759,,,,False
43,5,7,413.4258995161223,-23.1875,2.0,QT450-10,189.44202795327126,,,,False
43,5,8,413.4258995161223,-23.1875,4.0,QT450-10,189.34440274990448,,,,False
43,5,9,413.4258995161223,-23.1875,6.0,QT450-10,189.1815733619111,,,,False
43,5,10,413.4258995161223,-23.1875,8.0,QT450-10,188.95329404329368,,,,False
43,5,11,413.4258995161223,-23.1875,10.0,QT450-10,188.65916737453827,,,,False
43,5,12,413.4258995161223,-23.1875,12.0,QT450-10,188.2987488941349,,,,False
43,6,0,413.4258995161223,-20.625,-12.0,QT450-10,192.65910908564038,,,,False
43,6,1,413.4258995161223,-20.625,-10.0,QT450-10,193.03430547403485,,,,False
43,6,2,413.4258995161223,-20.625,-8.0,QT450-10,193.3422406781885,,,,False
43,6,3,413.4258995161223,-20.625,-6.0,QT450-10,193.5824712720064,,,,False
43,6,4,413.4258995161223,-20.625,-4.0,QT450-10,193.75452661612212,,,,False
43,6,5,413.4258995161223,-20.625,-2.0,QT450-10,193.85797043285103,,,,False
43,6,6,413.4258995161223,-20.625,0.0,QT450-10,193.89248973495458,,,,False
43,6,7,413.4258995161223,-20.625,2.0,QT450-10,193.85797043285103,,,,False
43,6,8,413.4258995161223,-20.625,4.0,QT450-10,193.75452661612212,,,,False
43,6,9,413.4258995161223,-20.625,6.0,QT450-10,193.5824712720064,,,,False
43,6,10,413.4258995161223,-20.625,8.0,QT450-10,193.3422406781885,,,,False
43,6,11,413.4258995161223,-20.625,10.0,QT450-10,193.03430547403485,,,,False
43,6,12,413.4258995161223,-20.625,12.0,QT450-10,192.65910908564038,,,,False
43,7,0,413.4258995161223,-18.0625,-12.0,QT450-10,197.39573551415455,,,,False
43,7,1,413.4258995161223,-18.0625,-10.0,QT450-10,197.78684945716375,,,,False
43,7,2,413.4258995161223,-18.0625,-8.0,QT450-10,198.109364194129,,,,False
43,7,3,413.4258995161223,-18.0625,-6.0,QT450-10,198.36207772857549,,,,False
43,7,4,413.4258995161223,-18.0625,-4.0,QT450-10,198.54372789909647,,,,False
43,7,5,413.4258995161223,-18.0625,-2.0,QT450-10,198.65321672103195,,,,False
43,7,6,413.4258995161223,-18.0625,0.0,QT450-10,198.6898005564524,,,,False
43,7,7,413.4258995161223,-18.0625,2.0,QT450-10,198.65321672103195,,,,False
43,7,8,413.4258995161223,-18.0625,4.0,QT450-10,198.54372789909647,,,,False
43,7,9,413.4258995161223,-18.0625,6.0,QT450-10,198.36207772857549,,,,False
43,7,10,413.4258995161223,-18.0625,8.0,QT450-10,198.109364194129,,,,False
43,7,11,413.4258995161223,-18.0625,10.0,QT450-10,197.78684945716375,,,,False
43,7,12,413.4258995161223,-18.0625,12.0,QT450-10,197.39573551415455,,,,False
43,8,0,413.4258995161223,-15.5,-12.0,QT450-10,202.453668821727,,,,False
43,8,1,413.4258995161223,-15.5,-10.0,QT450-10,202.8645829634816,,,,False
43,8,2,413.4258995161223,-15.5,-8.0,QT450-10,203.20729196733527,,,,False
43,8,3,413.4258995161223,-15.5,-6.0,QT450-10,203.47891590059916,,,,False
43,8,4,413.4258995161223,-15.5,-4.0,QT450-10,203.67619572688295,,,,False
43,8,5,413.4258995161223,-15.5,-2.0,QT450-10,203.7960507321858,,,,False
43,8,6,413.4258995161223,-15.5,0.0,QT450-10,203.83627846137352,,,,False
43,8,7,413.4258995161223,-15.5,2.0,QT450-10,203.7960507321858,,,,False
43,8,8,413.4258995161223,-15.5,4.0,QT450-10,203.67619572688295,,,,False
43,8,9,413.4258995161223,-15.5,6.0,QT450-10,203.47891590059916,,,,False
43,8,10,413.4258995161223,-15.5,8.0,QT450-10,203.20729196733527,,,,False
43,8,11,413.4258995161223,-15.5,10.0,QT450-10,202.8645829634816,,,,False
43,8,12,413.4258995161223,-15.5,12.0,QT450-10,202.453668821727,,,,False
43,9,0,413.4258995161223,-12.9375,-12.0,QT450-10,209.45458143134232,,,,False
43,9,1,413.4258995161223,-12.9375,-10.0,QT450-10,209.93280210025142,,,,False
43,9,2,413.4258995161223,-12.9375,-8.0,QT450-10,210.3785674557284,,,,False
43,9,3,413.4258995161223,-12.9375,-6.0,QT450-10,210.77791010747356,,,,False
43,9,4,413.4258995161223,-12.9375,-4.0,QT450-10,211.10736973834167,,,,False
43,9,5,413.4258995161223,-12.9375,-2.0,QT450-10,211.33182734758594,,,,False
43,9,6,413.4258995161223,-12.9375,0.0,QT450-10,211.4126345804522,,,,False
43,9,7,413.4258995161223,-12.9375,2.0,QT450-10,211.33182734758594,,,,False
43,9,8,413.4258995161223,-12.9375,4.0,QT450-10,211.10736973834167,,,,False
43,9,9,413.4258995161223,-12.9375,6.0,QT450-10,210.77791010747356,,,,False
43,9,10,413.4258995161223,-12.9375,8.0,QT450-10,210.3785674557284,,,,False
43,9,11,413.4258995161223,-12.9375,10.0,QT450-10,209.93280210025142,,,,False
43,9,12,413.4258995161223,-12.9375,12.0,QT450-10,209.45458143134232,,,,False
43,10,0,413.4258995161223,-10.375,-12.0,QT450-10,218.96431280815872,,,,False
43,10,1,413.4258995161223,-10.375,-10.0,QT450-10,219.6664129131695,,,,False
43,10,2,413.4258995161223,-10.375,-8.0,QT450-10,220.55672561184775,,,,False
43,10,3,413.4258995161223,-10.375,-6.0,QT450-10,221.70549525782857,,,,False
43,10,4,413.4258995161223,-10.375,-4.0,QT450-10,223.08119933339,,,,False
43,10,5,413.4258995161223,-10.375,-2.0,QT450-10,224.2769060919444,,,,False
43,10,6,413.4258995161223,-10.375,0.0,QT450-10,224.7561847098941,,,,False
43,10,7,413.4258995161223,-10.375,2.0,QT450-10,224.27690609194437,,,,False
43,10,8,413.4258995161223,-10.375,4.0,QT450-10,223.08119933339,,,,False
43,10,9,413.4258995161223,-10.375,6.0,QT450-10,221.70549525782857,,,,False
43,10,10,413.4258995161223,-10.375,8.0,QT450-10,220.55672561184775,,,,False
43,10,11,413.4258995161223,-10.375,10.0,QT450-10,219.6664129131695,,,,False
43,10,12,413.4258995161223,-10.375,12.0,QT450-10,218.96431280815872,,,,False
43,11,0,413.4258995161223,-7.8125,-12.0,QT450-10,230.7706895511982,,,,False
43,11,1,413.4258995161223,-7.8125,-10.0,QT450-10,232.01089364339745,,,,False
43,11,2,413.4258995161223,-7.8125,-8.0,QT450-10,234.04065796567343,,,,False
43,11,3,413.4258995161223,-7.8125,-6.0,QT450-10,237.4246241672052,,,,False
43,11,4,413.4258995161223,-7.8125,-4.0,QT450-10,247.3970275491768,,,,False
43,11,5,413.4258995161223,-7.8125,-2.0,QT450-10,257.14531839701317,,,,False
43,11,6,413.4258995161223,-7.8125,0.0,QT450-10,261.50758200769496,,,,False
43,11,7,413.4258995161223,-7.8125,2.0,QT450-10,257.14531839701317,,,,False
43,11,8,413.4258995161223,-7.8125,4.0,QT450-10,247.3970275491768,,,,False
43,11,9,413.4258995161223,-7.8125,6.0,QT450-10,237.4246241672052,,,,False
43,11,10,413.4258995161223,-7.8125,8.0,QT450-10,234.04065796567343,,,,False
43,11,11,413.4258995161223,-7.8125,10.0,QT450-10,232.01089364339748,,,,False
43,11,12,413.4258995161223,-7.8125,12.0,QT450-10,230.7706895511982,,,,False
43,12,0,413.4258995161223,-5.25,-12.0,QT450-10,243.32871016279378,,,,False
43,12,1,413.4258995161223,-5.25,-10.0,QT450-10,245.38599995627055,,,,False
43,12,2,413.4258995161223,-5.25,-8.0,QT450-10,250.48839545360005,,,,False
43,12,3,413.4258995161223,-5.25,-6.0,QT450-10,266.2134638159767,,,,False
43,12,4,413.4258995161223,-5.25,-4.0,QT450-10,289.92829171041194,,,,False
43,12,5,413.4258995161223,-5.25,-2.0,QT450-10,315.93136855871586,,,,False
43,12,6,413.4258995161223,-5.25,0.0,QT450-10,330.26699663632877,,,,False
43,12,7,413.4258995161223,-5.25,2.0,QT450-10,315.9313685587159,,,,False
43,12,8,413.4258995161223,-5.25,4.0,QT450-10,289.928291710412,,,,False
43,12,9,413.4258995161223,-5.25,6.0,QT450-10,266.2134638159767,,,,False
43,12,10,413.4258995161223,-5.25,8.0,QT450-10,250.48839545360005,,,,False
43,12,11,413.4258995161223,-5.25,10.0,QT450-10,245.38599995627055,,,,False
43,12,12,413.4258995161223,-5.25,12.0,QT450-10,243.3287101627938,,,,False
43,13,0,413.4258995161223,-2.6875,-12.0,ERNiFe-CI,255.0519703384521,,,,False
43,13,1,413.4258995161223,-2.6875,-10.0,ERNiFe-CI,258.4192429280943,,,,False
43,13,2,413.4258995161223,-2.6875,-8.0,ERNiFe-CI,271.3478992822208,,,,False
43,13,3,413.4258995161223,-2.6875,-6.0,ERNiFe-CI,300.097244750498,,,,False
43,13,4,413.4258995161223,-2.6875,-4.0,ERNiFe-CI,349.2511666538053,,,,False
43,13,5,413.4258995161223,-2.6875,-2.0,ERNiFe-CI,418.7781622411842,,,,False
43,13,6,413.4258995161223,-2.6875,0.0,ERNiFe-CI,477.2579970380798,,,,False
43,13,7,413.4258995161223,-2.6875,2.0,ERNiFe-CI,418.7781622411842,,,,False
43,13,8,413.4258995161223,-2.6875,4.0,ERNiFe-CI,349.2511666538053,,,,False
43,13,9,413.4258995161223,-2.6875,6.0,ERNiFe-CI,300.097244750498,,,,False
43,13,10,413.4258995161223,-2.6875,8.0,ERNiFe-CI,271.3478992822208,,,,False
43,13,11,413.4258995161223,-2.6875,10.0,ERNiFe-CI,258.41924292809426,,,,False
43,13,12,413.4258995161223,-2.6875,12.0,ERNiFe-CI,255.0519703384521,,,,False
43,14,0,413.4258995161223,-0.125,-12.0,ERNiFe-CI,264.9594968423833,,,,False
43,14,1,413.4258995161223,-0.125,-10.0,ERNiFe-CI,270.7741741281801,,,,False
43,14,2,413.4258995161223,-0.125,-8.0,ERNiFe-CI,287.9156122274483,,,,False
43,14,3,413.4258995161223,-0.125,-6.0,ERNiFe-CI,327.8360735521207,,,,False
43,14,4,413.4258995161223,-0.125,-4.0,ERNiFe-CI,409.37143936658174,,,,False
43,14,5,413.4258995161223,-0.125,-2.0,ERNiFe-CI,579.9594704598908,,,,False
43,14,6,413.4258995161223,-0.125,0.0,ERNiFe-CI,836.2736950316223,279.380742725656,281.7468150709674,2.3660723453114088,True
43,14,7,413.4258995161223,-0.125,2.0,ERNiFe-CI,579.9594704598908,,,,False
43,14,8,413.4258995161223,-0.125,4.0,ERNiFe-CI,409.37143936658174,,,,False
43,14,9,413.4258995161223,-0.125,6.0,ERNiFe-CI,327.8360735521207,,,,False
43,14,10,413.4258995161223,-0.125,8.0,ERNiFe-CI,287.9156122274483,,,,False
43,14,11,413.4258995161223,-0.125,10.0,ERNiFe-CI,270.7741741281801,,,,False
43,14,12,413.4258995161223,-0.125,12.0,ERNiFe-CI,264.9594968423833,,,,False
43,15,0,413.4258995161223,2.4375,-12.0,ERNiFe-CI,272.21133078551026,,,,False
43,15,1,413.4258995161223,2.4375,-10.0,ERNiFe-CI,278.63956986680085,,,,False
43,15,2,413.4258995161223,2.4375,-8.0,ERNiFe-CI,295.2666081161987,,,,False
43,15,3,413.4258995161223,2.4375,-6.0,ERNiFe-CI,328.5158815889601,,,,False
43,15,4,413.4258995161223,2.4375,-4.0,ERNiFe-CI,383.01841975010194,,,,False
43,15,5,413.4258995161223,2.4375,-2.0,ERNiFe-CI,459.04736533507185,,,,False
43,15,6,413.4258995161223,2.4375,0.0,ERNiFe-CI,524.3386848432959,,,,False
43,15,7,413.4258995161223,2.4375,2.0,ERNiFe-CI,459.04736533507185,,,,False
43,15,8,413.4258995161223,2.4375,4.0,ERNiFe-CI,383.01841975010194,,,,False
43,15,9,413.4258995161223,2.4375,6.0,ERNiFe-CI,328.5158815889601,,,,False
43,15,10,413.4258995161223,2.4375,8.0,ERNiFe-CI,295.2666081161987,,,,False
43,15,11,413.4258995161223,2.4375,10.0,ERNiFe-CI,278.63956986680085,,,,False
43,15,12,413.4258995161223,2.4375,12.0,ERNiFe-CI,272.2113307855102,,,,False
43,16,0,413.4258995161223,5.0,-12.0,Q235B,275.9479654156895,,,,False
43,16,1,413.4258995161223,5.0,-10.0,Q235B,281.92882636782474,,,,False
43,16,2,413.4258995161223,5.0,-8.0,Q235B,296.96067122306164,,,,False
43,16,3,413.4258995161223,5.0,-6.0,Q235B,323.72301487396743,,,,False
43,16,4,413.4258995161223,5.0,-4.0,Q235B,360.48138101220206,,,,False
43,16,5,413.4258995161223,5.0,-2.0,Q235B,398.7108239446542,,,,False
43,16,6,413.4258995161223,5.0,0.0,Q235B,418.9726797433251,,,,False
43,16,7,413.4258995161223,5.0,2.0,Q235B,398.7108239446542,,,,False
43,16,8,413.4258995161223,5.0,4.0,Q235B,360.48138101220206,,,,False
43,16,9,413.4258995161223,5.0,6.0,Q235B,323.7230148739675,,,,False
43,16,10,413.4258995161223,5.0,8.0,Q235B,296.96067122306164,,,,False
43,16,11,413.4258995161223,5.0,10.0,Q235B,281.92882636782474,,,,False
43,16,12,413.4258995161223,5.0,12.0,Q235B,275.9479654156895,,,,False
44,0,0,423.0404553188228,-36.0,-12.0,QT450-10,171.21493215534537,,,,False
44,0,1,423.0404553188228,-36.0,-10.0,QT450-10,171.32613386003334,,,,False
44,0,2,423.0404553188228,-36.0,-8.0,QT450-10,171.46180505134586,,,,False
44,0,3,423.0404553188228,-36.0,-6.0,QT450-10,171.58586896716307,,,,False
44,0,4,423.0404553188228,-36.0,-4.0,QT450-10,171.68191400552325,,,,False
44,0,5,423.0404553188228,-36.0,-2.0,QT450-10,171.7419951093336,,,,False
44,0,6,423.0404553188228,-36.0,0.0,QT450-10,171.76238953691393,,,,False
44,0,7,423.0404553188228,-36.0,2.0,QT450-10,171.7419951093336,,,,False
44,0,8,423.0404553188228,-36.0,4.0,QT450-10,171.68191400552325,,,,False
44,0,9,423.0404553188228,-36.0,6.0,QT450-10,171.58586896716307,,,,False
44,0,10,423.0404553188228,-36.0,8.0,QT450-10,171.46180505134586,,,,False
44,0,11,423.0404553188228,-36.0,10.0,QT450-10,171.32613386003334,,,,False
44,0,12,423.0404553188228,-36.0,12.0,QT450-10,171.21493215534537,,,,False
44,1,0,423.0404553188228,-33.4375,-12.0,QT450-10,172.44441732587188,,,,False
44,1,1,423.0404553188228,-33.4375,-10.0,QT450-10,172.69928105725515,,,,False
44,1,2,423.0404553188228,-33.4375,-8.0,QT450-10,172.8956782076343,,,,False
44,1,3,423.0404553188228,-33.4375,-6.0,QT450-10,173.04799900539894,,,,False
44,1,4,423.0404553188228,-33.4375,-4.0,QT450-10,173.15806480610763,,,,False
44,1,5,423.0404553188228,-33.4375,-2.0,QT450-10,173.22485011567875,,,,False
44,1,6,423.0404553188228,-33.4375,0.0,QT450-10,173.2472517157515,,,,False
44,1,7,423.0404553188228,-33.4375,2.0,QT450-10,173.22485011567875,,,,False
44,1,8,423.0404553188228,-33.4375,4.0,QT450-10,173.15806480610763,,,,False
44,1,9,423.0404553188228,-33.4375,6.0,QT450-10,173.04799900539894,,,,False
44,1,10,423.0404553188228,-33.4375,8.0,QT450-10,172.8956782076343,,,,False
44,1,11,423.0404553188228,-33.4375,10.0,QT450-10,172.69928105725515,,,,False
44,1,12,423.0404553188228,-33.4375,12.0,QT450-10,172.44441732587188,,,,False
44,2,0,423.0404553188228,-30.875,-12.0,QT450-10,174.6611674194107,,,,False
44,2,1,423.0404553188228,-30.875,-10.0,QT450-10,174.9615738931763,,,,False
44,2,2,423.0404553188228,-30.875,-8.0,QT450-10,175.1962226504606,,,,False
44,2,3,423.0404553188228,-30.875,-6.0,QT450-10,175.3745882920533,,,,False
44,2,4,423.0404553188228,-30.875,-4.0,QT450-10,175.50085204411232,,,,False
44,2,5,423.0404553188228,-30.875,-2.0,QT450-10,175.5764223204945,,,,False
44,2,6,423.0404553188228,-30.875,0.0,QT450-10,175.60160494911932,,,,False
44,2,7,423.0404553188228,-30.875,2.0,QT450-10,175.5764223204945,,,,False
44,2,8,423.0404553188228,-30.875,4.0,QT450-10,175.50085204411232,,,,False
44,2,9,423.0404553188228,-30.875,6.0,QT450-10,175.3745882920533,,,,False
44,2,10,423.0404553188228,-30.875,8.0,QT450-10,175.1962226504606,,,,False
44,2,11,423.0404553188228,-30.875,10.0,QT450-10,174.9615738931763,,,,False
44,2,12,423.0404553188228,-30.875,12.0,QT450-10,174.6611674194107,,,,False
44,3,0,423.0404553188228,-28.3125,-12.0,QT450-10,177.77360642617117,,,,False
44,3,1,423.0404553188228,-28.3125,-10.0,QT450-10,178.09653857967646,,,,False
44,3,2,423.0404553188228,-28.3125,-8.0,QT450-10,178.35511826377387,,,,False
44,3,3,423.0404553188228,-28.3125,-6.0,QT450-10,178.55343081359896,,,,False
44,3,4,423.0404553188228,-28.3125,-4.0,QT450-10,178.6940155392571,,,,False
44,3,5,423.0404553188228,-28.3125,-2.0,QT450-10,178.77808167109214,,,,False
44,3,6,423.0404553188228,-28.3125,0.0,QT450-10,178.80607114462583,,,,False
44,3,7,423.0404553188228,-28.3125,2.0,QT450-10,178.77808167109214,,,,False
44,3,8,423.0404553188228,-28.3125,4.0,QT450-10,178.6940155392571,,,,False
44,3,9,423.0404553188228,-28.3125,6.0,QT450-10,178.55343081359896,,,,False
44,3,10,423.0404553188228,-28.3125,8.0,QT450-10,178.35511826377387,,,,False
44,3,11,423.0404553188228,-28.3125,10.0,QT450-10,178.09653857967646,,,,False
44,3,12,423.0404553188228,-28.3125,12.0,QT450-10,177.77360642617117,,,,False
44,4,0,423.0404553188228,-25.75,-12.0,QT450-10,181.7145920978425,,,,False
44,4,1,423.0404553188228,-25.75,-10.0,QT450-10,182.05484213112226,,,,False
44,4,2,423.0404553188228,-25.75,-8.0,QT450-10,182.3317129730359,,,,False
44,4,3,423.0404553188228,-25.75,-6.0,QT450-10,182.5463637259941,,,,False
44,4,4,423.0404553188228,-25.75,-4.0,QT450-10,182.6995168615661,,,,False
44,4,5,423.0404553188228,-25.75,-2.0,QT450-10,182.79141873221178,,,,False
44,4,6,423.0404553188228,-25.75,0.0,QT450-10,182.82206330706123,,,,False
44,4,7,423.0404553188228,-25.75,2.0,QT450-10,182.79141873221178,,,,False
44,4,8,423.0404553188228,-25.75,4.0,QT450-10,182.6995168615661,,,,False
44,4,9,423.0404553188228,-25.75,6.0,QT450-10,182.5463637259941,,,,False
44,4,10,423.0404553188228,-25.75,8.0,QT450-10,182.3317129730359,,,,False
44,4,11,423.0404553188228,-25.75,10.0,QT450-10,182.05484213112226,,,,False
44,4,12,423.0404553188228,-25.75,12.0,QT450-10,181.7145920978425,,,,False
44,5,0,423.0404553188228,-23.1875,-12.0,QT450-10,186.40906736918552,,,,False
44,5,1,423.0404553188228,-23.1875,-10.0,QT450-10,186.7664514717384,,,,False
44,5,2,423.0404553188228,-23.1875,-8.0,QT450-10,187.0603792686053,,,,False
44,5,3,423.0404553188228,-23.1875,-6.0,QT450-10,187.29030805474477,,,,False
44,5,4,423.0404553188228,-23.1875,-4.0,QT450-10,187.4554645608353,,,,False
44,5,5,423.0404553188228,-23.1875,-2.0,QT450-10,187.55500309884147,,,,False
44,5,6,423.0404553188228,-23.1875,0.0,QT450-10,187.5882653205056,,,,False
44,5,7,423.0404553188228,-23.1875,2.0,QT450-10,187.55500309884147,,,,False
44,5,8,423.0404553188228,-23.1875,4.0,QT450-10,187.4554645608353,,,,False
44,5,9,423.0404553188228,-23.1875,6.0,QT450-10,187.29030805474477,,,,False
44,5,10,423.0404553188228,-23.1875,8.0,QT450-10,187.0603792686053,,,,False
44,5,11,423.0404553188228,-23.1875,10.0,QT450-10,186.7664514717384,,,,False
44,5,12,423.0404553188228,-23.1875,12.0,QT450-10,186.40906736918552,,,,False
44,6,0,423.0404553188228,-20.625,-12.0,QT450-10,191.76253805414487,,,,False
44,6,1,423.0404553188228,-20.625,-10.0,QT450-10,192.13856788362682,,,,False
44,6,2,423.0404553188228,-20.625,-8.0,QT450-10,192.45045067211575,,,,False
44,6,3,423.0404553188228,-20.625,-6.0,QT450-10,192.6963373151112,,,,False
44,6,4,423.0404553188228,-20.625,-4.0,QT450-10,192.87408348042317,,,,False
44,6,5,423.0404553188228,-20.625,-2.0,QT450-10,192.98168621955202,,,,False
44,6,6,423.0404553188228,-20.625,0.0,QT450-10,193.01772490086353,,,,False
44,6,7,423.0404553188228,-20.625,2.0,QT450-10,192.98168621955202,,,,False
44,6,8,423.0404553188228,-20.625,4.0,QT450-10,192.87408348042317,,,,False
44,6,9,423.0404553188228,-20.625,6.0,QT450-10,192.6963373151112,,,,False
44,6,10,423.0404553188228,-20.625,8.0,QT450-10,192.45045067211575,,,,False
44,6,11,423.0404553188228,-20.625,10.0,QT450-10,192.13856788362682,,,,False
44,6,12,423.0404553188228,-20.625,12.0,QT450-10,191.76253805414487,,,,False
44,7,0,423.0404553188228,-18.0625,-12.0,QT450-10,197.65529431687375,,,,False
44,7,1,423.0404553188228,-18.0625,-10.0,QT450-10,198.05216670411636,,,,False
44,7,2,423.0404553188228,-18.0625,-8.0,QT450-10,198.38405523692708,,,,False
44,7,3,423.0404553188228,-18.0625,-6.0,QT450-10,198.64775139602384,,,,False
44,7,4,423.0404553188228,-18.0625,-4.0,QT450-10,198.83960467033202,,,,False
44,7,5,423.0404553188228,-18.0625,-2.0,QT450-10,198.9562795068596,,,,False
44,7,6,423.0404553188228,-18.0625,0.0,QT450-10,198.99544898465592,,,,False
44,7,7,423.0404553188228,-18.0625,2.0,QT450-10,198.9562795068596,,,,False
44,7,8,423.0404553188228,-18.0625,4.0,QT450-10,198.83960467033202,,,,False
44,7,9,423.0404553188228,-18.0625,6.0,QT450-10,198.64775139602384,,,,False
44,7,10,423.0404553188228,-18.0625,8.0,QT450-10,198.38405523692708,,,,False
44,7,11,423.0404553188228,-18.0625,10.0,QT450-10,198.05216670411636,,,,False
44,7,12,423.0404553188228,-18.0625,12.0,QT450-10,197.65529431687375,,,,False
44,8,0,423.0404553188228,-15.5,-12.0,QT450-10,203.93920943037682,,,,False
44,8,1,423.0404553188228,-15.5,-10.0,QT450-10,204.359539619056,,,,False
44,8,2,423.0404553188228,-15.5,-8.0,QT450-10,204.7143018101002,,,,False
44,8,3,423.0404553188228,-15.5,-6.0,QT450-10,204.99858095943534,,,,False
44,8,4,423.0404553188228,-15.5,-4.0,QT450-10,205.20684880649551,,,,False
44,8,5,423.0404553188228,-15.5,-2.0,QT450-10,205.33412127695172,,,,False
44,8,6,423.0404553188228,-15.5,0.0,QT450-10,205.37695468752335,,,,False
44,8,7,423.0404553188228,-15.5,2.0,QT450-10,205.33412127695172,,,,False
44,8,8,423.0404553188228,-15.5,4.0,QT450-10,205.20684880649551,,,,False
44,8,9,423.0404553188228,-15.5,6.0,QT450-10,204.99858095943534,,,,False
44,8,10,423.0404553188228,-15.5,8.0,QT450-10,204.7143018101002,,,,False
44,8,11,423.0404553188228,-15.5,10.0,QT450-10,204.359539619056,,,,False
44,8,12,423.0404553188228,-15.5,12.0,QT450-10,203.93920943037682,,,,False
44,9,0,423.0404553188228,-12.9375,-12.0,QT450-10,211.08976375393502,,,,False
44,9,1,423.0404553188228,-12.9375,-10.0,QT450-10,211.57440900759724,,,,False
44,9,2,423.0404553188228,-12.9375,-8.0,QT450-10,212.0266485263276,,,,False
44,9,3,423.0404553188228,-12.9375,-6.0,QT450-10,212.4322765247665,,,,False
44,9,4,423.0404553188228,-12.9375,-4.0,QT450-10,212.76735758027104,,,,False
44,9,5,423.0404553188228,-12.9375,-2.0,QT450-10,212.9958675695844,,,,False
44,9,6,423.0404553188228,-12.9375,0.0,QT450-10,213.07816748528725,,,,False
44,9,7,423.0404553188228,-12.9375,2.0,QT450-10,212.9958675695844,,,,False
44,9,8,423.0404553188228,-12.9375,4.0,QT450-10,212.76735758027104,,,,False
44,9,9,423.0404553188228,-12.9375,6.0,QT450-10,212.4322765247665,,,,False
44,9,10,423.0404553188228,-12.9375,8.0,QT450-10,212.0266485263276,,,,False
44,9,11,423.0404553188228,-12.9375,10.0,QT450-10,211.57440900759724,,,,False
44,9,12,423.0404553188228,-12.9375,12.0,QT450-10,211.08976375393502,,,,False
44,10,0,423.0404553188228,-10.375,-12.0,QT450-10,220.62710728298143,,,,False
44,10,1,423.0404553188228,-10.375,-10.0,QT450-10,221.338144363301,,,,False
44,10,2,423.0404553188228,-10.375,-8.0,QT450-10,222.23987769419932,,,,False
44,10,3,423.0404553188228,-10.375,-6.0,QT450-10,223.40122495244418,,,,False
44,10,4,423.0404553188228,-10.375,-4.0,QT450-10,224.78708417070612,,,,False
44,10,5,423.0404553188228,-10.375,-2.0,QT450-10,225.98906460521553,,,,False
44,10,6,423.0404553188228,-10.375,0.0,QT450-10,226.47040034050994,,,,False
44,10,7,423.0404553188228,-10.375,2.0,QT450-10,225.98906460521553,,,,False
44,10,8,423.0404553188228,-10.375,4.0,QT450-10,224.78708417070612,,,,False
44,10,9,423.0404553188228,-10.375,6.0,QT450-10,223.40122495244418,,,,False
44,10,10,423.0404553188228,-10.375,8.0,QT450-10,222.2398776941993,,,,False
44,10,11,423.0404553188228,-10.375,10.0,QT450-10,221.338144363301,,,,False
44,10,12,423.0404553188228,-10.375,12.0,QT450-10,220.6271072829814,,,,False
44,11,0,423.0404553188228,-7.8125,-12.0,QT450-10,232.44969978957153,,,,False
44,11,1,423.0404553188228,-7.8125,-10.0,QT450-10,233.69912918276322,,,,False
44,11,2,423.0404553188228,-7.8125,-8.0,QT450-10,235.74019238092583,,,,False
44,11,3,423.0404553188228,-7.8125,-6.0,QT450-10,239.16583880352354,,,,False
44,11,4,423.0404553188228,-7.8125,-4.0,QT450-10,249.14907219298684,,,,False
44,11,5,423.0404553188228,-7.8125,-2.0,QT450-10,258.9016326641328,,,,False
44,11,6,423.0404553188228,-7.8125,0.0,QT450-10,263.26577372232333,,,,False
44,11,7,423.0404553188228,-7.8125,2.0,QT450-10,258.9016326641328,,,,False
44,11,8,423.0404553188228,-7.8125,4.0,QT450-10,249.1490721929868,,,,False
44,11,9,423.0404553188228,-7.8125,6.0,QT450-10,239.16583880352354,,,,False
44,11,10,423.0404553188228,-7.8125,8.0,QT450-10,235.74019238092583,,,,False
44,11,11,423.0404553188228,-7.8125,10.0,QT450-10,233.6991291827632,,,,False
44,11,12,423.0404553188228,-7.8125,12.0,QT450-10,232.4496997895715,,,,False
44,12,0,423.0404553188228,-5.25,-12.0,QT450-10,245.01246994194472,,,,False
44,12,1,423.0404553188228,-5.25,-10.0,QT450-10,247.08085211140136,,,,False
44,12,2,423.0404553188228,-5.25,-8.0,QT450-10,252.22167681027656,,,,False
44,12,3,423.0404553188228,-5.25,-6.0,QT450-10,267.9639693844995,,,,False
44,12,4,423.0404553188228,-5.25,-4.0,QT450-10,291.6843719115508,,,,False
44,12,5,423.0404553188228,-5.25,-2.0,QT450-10,317.6917983991113,,,,False
44,12,6,423.0404553188228,-5.25,0.0,QT450-10,332.0295492015771,,,,False
44,12,7,423.0404553188228,-5.25,2.0,QT450-10,317.6917983991113,,,,False
44,12,8,423.0404553188228,-5.25,4.0,QT450-10,291.6843719115508,,,,False
44,12,9,423.0404553188228,-5.25,6.0,QT450-10,267.9639693844994,,,,False
44,12,10,423.0404553188228,-5.25,8.0,QT450-10,252.22167681027656,,,,False
44,12,11,423.0404553188228,-5.25,10.0,QT450-10,247.08085211140136,,,,False
44,12,12,423.0404553188228,-5.25,12.0,QT450-10,245.01246994194472,,,,False
44,13,0,423.0404553188228,-2.6875,-12.0,ERNiFe-CI,256.7368607988351,,,,False
44,13,1,423.0404553188228,-2.6875,-10.0,ERNiFe-CI,260.1338352786688,,,,False
44,13,2,423.0404553188228,-2.6875,-8.0,ERNiFe-CI,273.08703648958885,,,,False
44,13,3,423.0404553188228,-2.6875,-6.0,ERNiFe-CI,301.85317250150916,,,,False
44,13,4,423.0404553188228,-2.6875,-4.0,ERNiFe-CI,351.01554127457536,,,,False
44,13,5,423.0404553188228,-2.6875,-2.0,ERNiFe-CI,420.5499606683652,,,,False
44,13,6,423.0404553188228,-2.6875,0.0,ERNiFe-CI,479.04103926652925,,,,False
44,13,7,423.0404553188228,-2.6875,2.0,ERNiFe-CI,420.5499606683652,,,,False
44,13,8,423.0404553188228,-2.6875,4.0,ERNiFe-CI,351.01554127457536,,,,False
44,13,9,423.0404553188228,-2.6875,6.0,ERNiFe-CI,301.85317250150916,,,,False
44,13,10,423.0404553188228,-2.6875,8.0,ERNiFe-CI,273.08703648958885,,,,False
44,13,11,423.0404553188228,-2.6875,10.0,ERNiFe-CI,260.1338352786688,,,,False
44,13,12,423.0404553188228,-2.6875,12.0,ERNiFe-CI,256.7368607988351,,,,False
44,14,0,423.0404553188228,-0.125,-12.0,ERNiFe-CI,266.6474134434445,,,,False
44,14,1,423.0404553188228,-0.125,-10.0,ERNiFe-CI,272.4892676979239,,,,False
44,14,2,423.0404553188228,-0.125,-8.0,ERNiFe-CI,289.6533662077502,,,,False
44,14,3,423.0404553188228,-0.125,-6.0,ERNiFe-CI,329.5913810871403,,,,False
44,14,4,423.0404553188228,-0.125,-4.0,ERNiFe-CI,411.1380256495963,,,,False
44,14,5,423.0404553188228,-0.125,-2.0,ERNiFe-CI,581.7418297784515,,,,False
44,14,6,423.0404553188228,-0.125,0.0,ERNiFe-CI,838.0670232726721,285.81222346961005,288.1742371494945,2.3620136798844555,True
44,14,7,423.0404553188228,-0.125,2.0,ERNiFe-CI,581.7418297784516,,,,False
44,14,8,423.0404553188228,-0.125,4.0,ERNiFe-CI,411.1380256495963,,,,False
44,14,9,423.0404553188228,-0.125,6.0,ERNiFe-CI,329.5913810871403,,,,False
44,14,10,423.0404553188228,-0.125,8.0,ERNiFe-CI,289.6533662077502,,,,False
44,14,11,423.0404553188228,-0.125,10.0,ERNiFe-CI,272.4892676979239,,,,False
44,14,12,423.0404553188228,-0.125,12.0,ERNiFe-CI,266.6474134434446,,,,False
44,15,0,423.0404553188228,2.4375,-12.0,ERNiFe-CI,273.9060166580576,,,,False
44,15,1,423.0404553188228,2.4375,-10.0,ERNiFe-CI,280.3492185526635,,,,False
44,15,2,423.0404553188228,2.4375,-8.0,ERNiFe-CI,296.99285016249945,,,,False
44,15,3,423.0404553188228,2.4375,-6.0,ERNiFe-CI,330.2530993009244,,,,False
44,15,4,423.0404553188228,2.4375,-4.0,ERNiFe-CI,384.76299994013294,,,,False
44,15,5,423.0404553188228,2.4375,-2.0,ERNiFe-CI,460.79226101232223,,,,False
44,15,6,423.0404553188228,2.4375,0.0,ERNiFe-CI,526.0861680863846,,,,False
44,15,7,423.0404553188228,2.4375,2.0,ERNiFe-CI,460.79226101232223,,,,False
44,15,8,423.0404553188228,2.4375,4.0,ERNiFe-CI,384.76299994013294,,,,False
44,15,9,423.0404553188228,2.4375,6.0,ERNiFe-CI,330.2530993009244,,,,False
44,15,10,423.0404553188228,2.4375,8.0,ERNiFe-CI,296.99285016249945,,,,False
44,15,11,423.0404553188228,2.4375,10.0,ERNiFe-CI,280.3492185526635,,,,False
44,15,12,423.0404553188228,2.4375,12.0,ERNiFe-CI,273.9060166580576,,,,False
44,16,0,423.0404553188228,5.0,-12.0,Q235B,277.6411319002352,,,,False
44,16,1,423.0404553188228,5.0,-10.0,Q235B,283.6308015108241,,,,False
44,16,2,423.0404553188228,5.0,-8.0,Q235B,298.674637681083,,,,False
44,16,3,423.0404553188228,5.0,-6.0,Q235B,325.44034193470327,,,,False
44,16,4,423.0404553188228,5.0,-4.0,Q235B,362.20035390941786,,,,False
44,16,5,423.0404553188228,5.0,-2.0,Q235B,400.4241824952598,,,,False
44,16,6,423.0404553188228,5.0,0.0,Q235B,420.6890201105164,,,,False
44,16,7,423.0404553188228,5.0,2.0,Q235B,400.4241824952598,,,,False
44,16,8,423.0404553188228,5.0,4.0,Q235B,362.20035390941786,,,,False
44,16,9,423.0404553188228,5.0,6.0,Q235B,325.44034193470327,,,,False
44,16,10,423.0404553188228,5.0,8.0,Q235B,298.674637681083,,,,False
44,16,11,423.0404553188228,5.0,10.0,Q235B,283.6308015108241,,,,False
44,16,12,423.0404553188228,5.0,12.0,Q235B,277.6411319002352,,,,False
45,0,0,432.65501112152333,-36.0,-12.0,QT450-10,165.6324947750284,,,,False
45,0,1,432.65501112152333,-36.0,-10.0,QT450-10,165.73955031356968,,,,False
45,0,2,432.65501112152333,-36.0,-8.0,QT450-10,165.8707285814634,,,,False
45,0,3,432.65501112152333,-36.0,-6.0,QT450-10,165.99121371437664,,,,False
45,0,4,432.65501112152333,-36.0,-4.0,QT450-10,166.08485510069426,,,,False
45,0,5,432.65501112152333,-36.0,-2.0,QT450-10,166.1436048306084,,,,False
45,0,6,432.65501112152333,-36.0,0.0,QT450-10,166.16357862304406,,,,False
45,0,7,432.65501112152333,-36.0,2.0,QT450-10,166.1436048306084,,,,False
45,0,8,432.65501112152333,-36.0,4.0,QT450-10,166.08485510069426,,,,False
45,0,9,432.65501112152333,-36.0,6.0,QT450-10,165.99121371437664,,,,False
45,0,10,432.65501112152333,-36.0,8.0,QT450-10,165.8707285814634,,,,False
45,0,11,432.65501112152333,-36.0,10.0,QT450-10,165.73955031356968,,,,False
45,0,12,432.65501112152333,-36.0,12.0,QT450-10,165.6324947750284,,,,False
45,1,0,432.65501112152333,-33.4375,-12.0,QT450-10,166.9874057094812,,,,False
45,1,1,432.65501112152333,-33.4375,-10.0,QT450-10,167.23188355163936,,,,False
45,1,2,432.65501112152333,-33.4375,-8.0,QT450-10,167.421658830695,,,,False
45,1,3,432.65501112152333,-33.4375,-6.0,QT450-10,167.56986569668837,,,,False
45,1,4,432.65501112152333,-33.4375,-4.0,QT450-10,167.67757738314685,,,,False
45,1,5,432.65501112152333,-33.4375,-2.0,QT450-10,167.7432045790068,,,,False
45,1,6,432.65501112152333,-33.4375,0.0,QT450-10,167.76526523138736,,,,False
45,1,7,432.65501112152333,-33.4375,2.0,QT450-10,167.7432045790068,,,,False
45,1,8,432.65501112152333,-33.4375,4.0,QT450-10,167.67757738314685,,,,False
45,1,9,432.65501112152333,-33.4375,6.0,QT450-10,167.56986569668837,,,,False
45,1,10,432.65501112152333,-33.4375,8.0,QT450-10,167.421658830695,,,,False
45,1,11,432.65501112152333,-33.4375,10.0,QT450-10,167.23188355163936,,,,False
45,1,12,432.65501112152333,-33.4375,12.0,QT450-10,166.9874057094812,,,,False
45,2,0,432.65501112152333,-30.875,-12.0,QT450-10,169.47538946426738,,,,False
45,2,1,432.65501112152333,-30.875,-10.0,QT450-10,169.76468926479708,,,,False
45,2,2,432.65501112152333,-30.875,-8.0,QT450-10,169.9926370864716,,,,False
45,2,3,432.65501112152333,-30.875,-6.0,QT450-10,170.16745775082953,,,,False
45,2,4,432.65501112152333,-30.875,-4.0,QT450-10,170.2921816678931,,,,False
45,2,5,432.65501112152333,-30.875,-2.0,QT450-10,170.36725987865827,,,,False
45,2,6,432.65501112152333,-30.875,0.0,QT450-10,170.39235442551262,,,,False
45,2,7,432.65501112152333,-30.875,2.0,QT450-10,170.36725987865827,,,,False
45,2,8,432.65501112152333,-30.875,4.0,QT450-10,170.2921816678931,,,,False
45,2,9,432.65501112152333,-30.875,6.0,QT450-10,170.16745775082953,,,,False
45,2,10,432.65501112152333,-30.875,8.0,QT450-10,169.9926370864716,,,,False
45,2,11,432.65501112152333,-30.875,10.0,QT450-10,169.76468926479708,,,,False
45,2,12,432.65501112152333,-30.875,12.0,QT450-10,169.47538946426738,,,,False
45,3,0,432.65501112152333,-28.3125,-12.0,QT450-10,173.02511326247128,,,,False
45,3,1,432.65501112152333,-28.3125,-10.0,QT450-10,173.33832712843446,,,,False
45,3,2,432.65501112152333,-28.3125,-8.0,QT450-10,173.59206383978076,,,,False
45,3,3,432.65501112152333,-28.3125,-6.0,QT450-10,173.78900110518285,,,,False
45,3,4,432.65501112152333,-28.3125,-4.0,QT450-10,173.93009933562834,,,,False
45,3,5,432.65501112152333,-28.3125,-2.0,QT450-10,174.0151397509745,,,,False
45,3,6,432.65501112152333,-28.3125,0.0,QT450-10,174.04357229430718,,,,False
45,3,7,432.65501112152333,-28.3125,2.0,QT450-10,174.0151397509745,,,,False
45,3,8,432.65501112152333,-28.3125,4.0,QT450-10,173.93009933562834,,,,False
45,3,9,432.65501112152333,-28.3125,6.0,QT450-10,173.78900110518285,,,,False
45,3,10,432.65501112152333,-28.3125,8.0,QT450-10,173.59206383978076,,,,False
45,3,11,432.65501112152333,-28.3125,10.0,QT450-10,173.33832712843446,,,,False
45,3,12,432.65501112152333,-28.3125,12.0,QT450-10,173.02511326247128,,,,False
45,4,0,432.65501112152333,-25.75,-12.0,QT450-10,177.59294504562052,,,,False
45,4,1,432.65501112152333,-25.75,-10.0,QT450-10,177.92639980111406,,,,False
45,4,2,432.65501112152333,-25.75,-8.0,QT450-10,178.2022191634822,,,,False
45,4,3,432.65501112152333,-25.75,-6.0,QT450-10,178.4196151218409,,,,False
45,4,4,432.65501112152333,-25.75,-4.0,QT450-10,178.576998571671,,,,False
45,4,5,432.65501112152333,-25.75,-2.0,QT450-10,178.67246030398272,,,,False
45,4,6,432.65501112152333,-25.75,0.0,QT450-10,178.7044739550642,,,,False
45,4,7,432.65501112152333,-25.75,2.0,QT450-10,178.67246030398272,,,,False
45,4,8,432.65501112152333,-25.75,4.0,QT450-10,178.576998571671,,,,False
45,4,9,432.65501112152333,-25.75,6.0,QT450-10,178.4196151218409,,,,False
45,4,10,432.65501112152333,-25.75,8.0,QT450-10,178.2022191634822,,,,False
45,4,11,432.65501112152333,-25.75,10.0,QT450-10,177.92639980111406,,,,False
45,4,12,432.65501112152333,-25.75,12.0,QT450-10,177.59294504562052,,,,False
45,5,0,432.65501112152333,-23.1875,-12.0,QT450-10,183.1282534455989,,,,False
45,5,1,432.65501112152333,-23.1875,-10.0,QT450-10,183.48344512761798,,,,False
45,5,2,432.65501112152333,-23.1875,-8.0,QT450-10,183.7824154051049,,,,False
45,5,3,432.65501112152333,-23.1875,-6.0,QT450-10,184.02170268910166,,,,False
45,5,4,432.65501112152333,-23.1875,-4.0,QT450-10,184.1970249016685,,,,False
45,5,5,432.65501112152333,-23.1875,-2.0,QT450-10,184.30423582537153,,,,False
45,5,6,432.65501112152333,-23.1875,0.0,QT450-10,184.34033702690877,,,,False
45,5,7,432.65501112152333,-23.1875,2.0,QT450-10,184.30423582537153,,,,False
45,5,8,432.65501112152333,-23.1875,4.0,QT450-10,184.1970249016685,,,,False
45,5,9,432.65501112152333,-23.1875,6.0,QT450-10,184.02170268910166,,,,False
45,5,10,432.65501112152333,-23.1875,8.0,QT450-10,183.7824154051049,,,,False
45,5,11,432.65501112152333,-23.1875,10.0,QT450-10,183.48344512761798,,,,False
45,5,12,432.65501112152333,-23.1875,12.0,QT450-10,183.1282534455989,,,,False
45,6,0,432.65501112152333,-20.625,-12.0,QT450-10,189.55727643616663,,,,False
45,6,1,432.65501112152333,-20.625,-10.0,QT450-10,189.9378107818178,,,,False
45,6,2,432.65501112152333,-20.625,-8.0,QT450-10,190.26379702403406,,,,False
45,6,3,432.65501112152333,-20.625,-6.0,QT450-10,190.5289519126755,,,,False
45,6,4,432.65501112152333,-20.625,-4.0,QT450-10,190.72578458890072,,,,False
45,6,5,432.65501112152333,-20.625,-2.0,QT450-10,190.8472484028058,,,,False
45,6,6,432.65501112152333,-20.625,0.0,QT450-10,190.88833905532434,,,,False
45,6,7,432.65501112152333,-20.625,2.0,QT450-10,190.8472484028058,,,,False
45,6,8,432.65501112152333,-20.625,4.0,QT450-10,190.72578458890072,,,,False
45,6,9,432.65501112152333,-20.625,6.0,QT450-10,190.5289519126755,,,,False
45,6,10,432.65501112152333,-20.625,8.0,QT450-10,190.26379702403406,,,,False
45,6,11,432.65501112152333,-20.625,10.0,QT450-10,189.9378107818178,,,,False
45,6,12,432.65501112152333,-20.625,12.0,QT450-10,189.55727643616663,,,,False
45,7,0,432.65501112152333,-18.0625,-12.0,QT450-10,196.7714277709371,,,,False
45,7,1,432.65501112152333,-18.0625,-10.0,QT450-10,197.18215787591333,,,,False
45,7,2,432.65501112152333,-18.0625,-8.0,QT450-10,197.54107518049003,,,,False
45,7,3,432.65501112152333,-18.0625,-6.0,QT450-10,197.83830580945911,,,,False
45,7,4,432.65501112152333,-18.0625,-4.0,QT450-10,198.06214889084399,,,,False
45,7,5,432.65501112152333,-18.0625,-2.0,QT450-10,198.20165914632267,,,,False
45,7,6,432.65501112152333,-18.0625,0.0,QT450-10,198.24909340920954,,,,False
45,7,7,432.65501112152333,-18.0625,2.0,QT450-10,198.20165914632267,,,,False
45,7,8,432.65501112152333,-18.0625,4.0,QT450-10,198.06214889084399,,,,False
45,7,9,432.65501112152333,-18.0625,6.0,QT450-10,197.83830580945911,,,,False
45,7,10,432.65501112152333,-18.0625,8.0,QT450-10,197.54107518049003,,,,False
45,7,11,432.65501112152333,-18.0625,10.0,QT450-10,197.18215787591333,,,,False
45,7,12,432.65501112152333,-18.0625,12.0,QT450-10,196.7714277709371,,,,False
45,8,0,432.65501112152333,-15.5,-12.0,QT450-10,204.6175535979635,,,,False
45,8,1,432.65501112152333,-15.5,-10.0,QT450-10,205.06440112713054,,,,False
45,8,2,432.65501112152333,-15.5,-8.0,QT450-10,205.46404256601556,,,,False
45,8,3,432.65501112152333,-15.5,-6.0,QT450-10,205.80174026933196,,,,False
45,8,4,432.65501112152333,-15.5,-4.0,QT450-10,206.06007442876387,,,,False
45,8,5,432.65501112152333,-15.5,-2.0,QT450-10,206.2227920421729,,,,False
45,8,6,432.65501112152333,-15.5,0.0,QT450-10,206.2784109083893,,,,False
45,8,7,432.65501112152333,-15.5,2.0,QT450-10,206.2227920421729,,,,False
45,8,8,432.65501112152333,-15.5,4.0,QT450-10,206.06007442876387,,,,False
45,8,9,432.65501112152333,-15.5,6.0,QT450-10,205.80174026933196,,,,False
45,8,10,432.65501112152333,-15.5,8.0,QT450-10,205.46404256601556,,,,False
45,8,11,432.65501112152333,-15.5,10.0,QT450-10,205.06440112713054,,,,False
45,8,12,432.65501112152333,-15.5,12.0,QT450-10,204.6175535979635,,,,False
45,9,0,432.65501112152333,-12.9375,-12.0,QT450-10,212.89154862430283,,,,False
45,9,1,432.65501112152333,-12.9375,-10.0,QT450-10,213.38353018835414,,,,False
45,9,2,432.65501112152333,-12.9375,-8.0,QT450-10,213.84340843050524,,,,False
45,9,3,432.65501112152333,-12.9375,-6.0,QT450-10,214.2566611742792,,,,False
45,9,4,432.65501112152333,-12.9375,-4.0,QT450-10,214.59871690807825,,,,False
45,9,5,432.65501112152333,-12.9375,-2.0,QT450-10,214.8322955262485,,,,False
45,9,6,432.65501112152333,-12.9375,0.0,QT450-10,214.91648671831607,,,,False
45,9,7,432.65501112152333,-12.9375,2.0,QT450-10,214.8322955262485,,,,False
45,9,8,432.65501112152333,-12.9375,4.0,QT450-10,214.59871690807825,,,,False
45,9,9,432.65501112152333,-12.9375,6.0,QT450-10,214.2566611742792,,,,False
45,9,10,432.65501112152333,-12.9375,8.0,QT450-10,213.84340843050524,,,,False
45,9,11,432.65501112152333,-12.9375,10.0,QT450-10,213.38353018835414,,,,False
45,9,12,432.65501112152333,-12.9375,12.0,QT450-10,212.89154862430283,,,,False
45,10,0,432.65501112152333,-10.375,-12.0,QT450-10,222.46663621504322,,,,False
45,10,1,432.65501112152333,-10.375,-10.0,QT450-10,223.1878828086517,,,,False
45,10,2,432.65501112152333,-10.375,-8.0,QT450-10,224.10270687443108,,,,False
45,10,3,432.65501112152333,-10.375,-6.0,QT450-10,225.27796135871037,,,,False
45,10,4,432.65501112152333,-10.375,-4.0,QT450-10,226.67399600247367,,,,False
45,10,5,432.65501112152333,-10.375,-2.0,QT450-10,227.88149984971218,,,,False
45,10,6,432.65501112152333,-10.375,0.0,QT450-10,228.36480021032295,,,,False
45,10,7,432.65501112152333,-10.375,2.0,QT450-10,227.88149984971218,,,,False
45,10,8,432.65501112152333,-10.375,4.0,QT450-10,226.67399600247367,,,,False
45,10,9,432.65501112152333,-10.375,6.0,QT450-10,225.2779613587104,,,,False
45,10,10,432.65501112152333,-10.375,8.0,QT450-10,224.10270687443108,,,,False
45,10,11,432.65501112152333,-10.375,10.0,QT450-10,223.1878828086517,,,,False
45,10,12,432.65501112152333,-10.375,12.0,QT450-10,222.46663621504322,,,,False
45,11,0,432.65501112152333,-7.8125,-12.0,QT450-10,234.30719847136564,,,,False
45,11,1,432.65501112152333,-7.8125,-10.0,QT450-10,235.5667495237605,,,,False
45,11,2,432.65501112152333,-7.8125,-8.0,QT450-10,237.61950716183037,,,,False
45,11,3,432.65501112152333,-7.8125,-6.0,QT450-10,241.09483359566346,,,,False
45,11,4,432.65501112152333,-7.8125,-4.0,QT450-10,251.09049507408406,,,,False
45,11,5,432.65501112152333,-7.8125,-2.0,QT450-10,260.84804771339043,,,,False
45,11,6,432.65501112152333,-7.8125,0.0,QT450-10,265.21429117256656,,,,False
45,11,7,432.65501112152333,-7.8125,2.0,QT450-10,260.84804771339043,,,,False
45,11,8,432.65501112152333,-7.8125,4.0,QT450-10,251.0904950740841,,,,False
45,11,9,432.65501112152333,-7.8125,6.0,QT450-10,241.09483359566346,,,,False
45,11,10,432.65501112152333,-7.8125,8.0,QT450-10,237.6195071618304,,,,False
45,11,11,432.65501112152333,-7.8125,10.0,QT450-10,235.56674952376054,,,,False
45,11,12,432.65501112152333,-7.8125,12.0,QT450-10,234.30719847136564,,,,False
45,12,0,432.65501112152333,-5.25,-12.0,QT450-10,246.8743528697011,,,,False
45,12,1,432.65501112152333,-5.25,-10.0,QT450-10,248.95483758955174,,,,False
45,12,2,432.65501112152333,-5.25,-8.0,QT450-10,254.1425918315516,,,,False
45,12,3,432.65501112152333,-5.25,-6.0,QT450-10,269.9044249124292,,,,False
45,12,4,432.65501112152333,-5.25,-4.0,QT450-10,293.6346888608956,,,,False
45,12,5,432.65501112152333,-5.25,-2.0,QT450-10,319.6453466432045,,,,False
45,12,6,432.65501112152333,-5.25,0.0,QT450-10,333.9839011356355,,,,False
45,12,7,432.65501112152333,-5.25,2.0,QT450-10,319.6453466432045,,,,False
45,12,8,432.65501112152333,-5.25,4.0,QT450-10,293.6346888608956,,,,False
45,12,9,432.65501112152333,-5.25,6.0,QT450-10,269.9044249124292,,,,False
45,12,10,432.65501112152333,-5.25,8.0,QT450-10,254.1425918315516,,,,False
45,12,11,432.65501112152333,-5.25,10.0,QT450-10,248.95483758955174,,,,False
45,12,12,432.65501112152333,-5.25,12.0,QT450-10,246.87435286970114,,,,False
45,13,0,432.65501112152333,-2.6875,-12.0,ERNiFe-CI,258.6004696244396,,,,False
45,13,1,432.65501112152333,-2.6875,-10.0,ERNiFe-CI,262.0335501378516,,,,False
45,13,2,432.65501112152333,-2.6875,-8.0,ERNiFe-CI,275.0154653186087,,,,False
45,13,3,432.65501112152333,-2.6875,-6.0,ERNiFe-CI,303.8012406505792,,,,False
45,13,4,432.65501112152333,-2.6875,-4.0,ERNiFe-CI,352.9726596702291,,,,False
45,13,5,432.65501112152333,-2.6875,-2.0,ERNiFe-CI,422.5165482561625,,,,False
45,13,6,432.65501112152333,-2.6875,0.0,ERNiFe-CI,481.0174279572541,,,,False
45,13,7,432.65501112152333,-2.6875,2.0,ERNiFe-CI,422.5165482561625,,,,False
45,13,8,432.65501112152333,-2.6875,4.0,ERNiFe-CI,352.9726596702291,,,,False
45,13,9,432.65501112152333,-2.6875,6.0,ERNiFe-CI,303.8012406505792,,,,False
45,13,10,432.65501112152333,-2.6875,8.0,ERNiFe-CI,275.0154653186087,,,,False
45,13,11,432.65501112152333,-2.6875,10.0,ERNiFe-CI,262.0335501378516,,,,False
45,13,12,432.65501112152333,-2.6875,12.0,ERNiFe-CI,258.6004696244396,,,,False
45,14,0,432.65501112152333,-0.125,-12.0,ERNiFe-CI,268.5162768014958,,,,False
45,14,1,432.65501112152333,-0.125,-10.0,ERNiFe-CI,274.39063766154476,,,,False
45,14,2,432.65501112152333,-0.125,-8.0,ERNiFe-CI,291.58102684009873,,,,False
45,14,3,432.65501112152333,-0.125,-6.0,ERNiFe-CI,331.53864801695426,,,,False
45,14,4,432.65501112152333,-0.125,-4.0,ERNiFe-CI,413.09762865743494,,,,False
45,14,5,432.65501112152333,-0.125,-2.0,ERNiFe-CI,583.717318693813,,,,False
45,14,6,432.65501112152333,-0.125,0.0,ERNiFe-CI,840.0530074606188,292.2455235399546,294.60352989230654,2.3580063523519357,True
45,14,7,432.65501112152333,-0.125,2.0,ERNiFe-CI,583.7173186938131,,,,False
45,14,8,432.65501112152333,-0.125,4.0,ERNiFe-CI,413.09762865743494,,,,False
45,14,9,432.65501112152333,-0.125,6.0,ERNiFe-CI,331.53864801695426,,,,False
45,14,10,432.65501112152333,-0.125,8.0,ERNiFe-CI,291.58102684009873,,,,False
45,14,11,432.65501112152333,-0.125,10.0,ERNiFe-CI,274.39063766154476,,,,False
45,14,12,432.65501112152333,-0.125,12.0,ERNiFe-CI,268.5162768014958,,,,False
45,15,0,432.65501112152333,2.4375,-12.0,ERNiFe-CI,275.7840739858269,,,,False
45,15,1,432.65501112152333,2.4375,-10.0,ERNiFe-CI,282.24484652110203,,,,False
45,15,2,432.65501112152333,2.4375,-8.0,ERNiFe-CI,298.90749957001367,,,,False
45,15,3,432.65501112152333,2.4375,-6.0,ERNiFe-CI,332.18015098822576,,,,False
45,15,4,432.65501112152333,2.4375,-4.0,ERNiFe-CI,386.69884984395543,,,,False
45,15,5,432.65501112152333,2.4375,-2.0,ERNiFe-CI,462.7308097578096,,,,False
45,15,6,432.65501112152333,2.4375,0.0,ERNiFe-CI,528.0346775832635,,,,False
45,15,7,432.65501112152333,2.4375,2.0,ERNiFe-CI,462.7308097578096,,,,False
45,15,8,432.65501112152333,2.4375,4.0,ERNiFe-CI,386.69884984395543,,,,False
45,15,9,432.65501112152333,2.4375,6.0,ERNiFe-CI,332.18015098822576,,,,False
45,15,10,432.65501112152333,2.4375,8.0,ERNiFe-CI,298.90749957001367,,,,False
45,15,11,432.65501112152333,2.4375,10.0,ERNiFe-CI,282.24484652110203,,,,False
45,15,12,432.65501112152333,2.4375,12.0,ERNiFe-CI,275.7840739858269,,,,False
45,16,0,432.65501112152333,5.0,-12.0,Q235B,279.517762946234,,,,False
45,16,1,432.65501112152333,5.0,-10.0,Q235B,285.5179104596533,,,,False
45,16,2,432.65501112152333,5.0,-8.0,Q235B,300.5753837149811,,,,False
45,16,3,432.65501112152333,5.0,-6.0,Q235B,327.34550736086607,,,,False
45,16,4,432.65501112152333,5.0,-4.0,Q235B,364.10659326013734,,,,False
45,16,5,432.65501112152333,5.0,-2.0,Q235B,402.32366198742267,,,,False
45,16,6,432.65501112152333,5.0,0.0,Q235B,422.59130706776403,,,,False
45,16,7,432.65501112152333,5.0,2.0,Q235B,402.32366198742267,,,,False
45,16,8,432.65501112152333,5.0,4.0,Q235B,364.10659326013734,,,,False
45,16,9,432.65501112152333,5.0,6.0,Q235B,327.34550736086607,,,,False
45,16,10,432.65501112152333,5.0,8.0,Q235B,300.5753837149811,,,,False
45,16,11,432.65501112152333,5.0,10.0,Q235B,285.5179104596533,,,,False
45,16,12,432.65501112152333,5.0,12.0,Q235B,279.517762946234,,,,False
46,0,0,442.26956692422385,-36.0,-12.0,QT450-10,158.8784534713345,,,,False
46,0,1,442.26956692422385,-36.0,-10.0,QT450-10,158.98118498240177,,,,False
46,0,2,442.26956692422385,-36.0,-8.0,QT450-10,159.1081331630548,,,,False
46,0,3,442.26956692422385,-36.0,-6.0,QT450-10,159.22573242852727,,,,False
46,0,4,442.26956692422385,-36.0,-4.0,QT450-10,159.3178217229312,,,,False
46,0,5,442.26956692422385,-36.0,-2.0,QT450-10,159.37592127136543,,,,False
46,0,6,442.26956692422385,-36.0,0.0,QT450-10,159.39573270264552,,,,False
46,0,7,442.26956692422385,-36.0,2.0,QT450-10,159.37592127136543,,,,False
46,0,8,442.26956692422385,-36.0,4.0,QT450-10,159.3178217229312,,,,False
46,0,9,442.26956692422385,-36.0,6.0,QT450-10,159.22573242852727,,,,False
46,0,10,442.26956692422385,-36.0,8.0,QT450-10,159.1081331630548,,,,False
46,0,11,442.26956692422385,-36.0,10.0,QT450-10,158.98118498240177,,,,False
46,0,12,442.26956692422385,-36.0,12.0,QT450-10,158.8784534713345,,,,False
46,1,0,442.26956692422385,-33.4375,-12.0,QT450-10,160.27661722132288,,,,False
46,1,1,442.26956692422385,-33.4375,-10.0,QT450-10,160.50947168269818,,,,False
46,1,2,442.26956692422385,-33.4375,-8.0,QT450-10,160.69287209697913,,,,False
46,1,3,442.26956692422385,-33.4375,-6.0,QT450-10,160.83809233542374,,,,False
46,1,4,442.26956692422385,-33.4375,-4.0,QT450-10,160.9448461244648,,,,False
46,1,5,442.26956692422385,-33.4375,-2.0,QT450-10,161.01042000399477,,,,False
46,1,6,442.26956692422385,-33.4375,0.0,QT450-10,161.03255586333879,,,,False
46,1,7,442.26956692422385,-33.4375,2.0,QT450-10,161.01042000399477,,,,False
46,1,8,442.26956692422385,-33.4375,4.0,QT450-10,160.9448461244648,,,,False
46,1,9,442.26956692422385,-33.4375,6.0,QT450-10,160.83809233542374,,,,False
46,1,10,442.26956692422385,-33.4375,8.0,QT450-10,160.69287209697913,,,,False
46,1,11,442.26956692422385,-33.4375,10.0,QT450-10,160.50947168269818,,,,False
46,1,12,442.26956692422385,-33.4375,12.0,QT450-10,160.27661722132288,,,,False
46,2,0,442.26956692422385,-30.875,-12.0,QT450-10,162.88274519873175,,,,False
46,2,1,442.26956692422385,-30.875,-10.0,QT450-10,163.15977809646517,,,,False
46,2,2,442.26956692422385,-30.875,-8.0,QT450-10,163.3821614327689,,,,False
46,2,3,442.26956692422385,-30.875,-6.0,QT450-10,163.55595128317728,,,,False
46,2,4,442.26956692422385,-30.875,-4.0,QT450-10,163.68196810963153,,,,False
46,2,5,442.26956692422385,-30.875,-2.0,QT450-10,163.75872152284748,,,,False
46,2,6,442.26956692422385,-30.875,0.0,QT450-10,163.7845340750966,,,,False
46,2,7,442.26956692422385,-30.875,2.0,QT450-10,163.75872152284748,,,,False
46,2,8,442.26956692422385,-30.875,4.0,QT450-10,163.68196810963153,,,,False
46,2,9,442.26956692422385,-30.875,6.0,QT450-10,163.55595128317728,,,,False
46,2,10,442.26956692422385,-30.875,8.0,QT450-10,163.3821614327689,,,,False
46,2,11,442.26956692422385,-30.875,10.0,QT450-10,163.15977809646517,,,,False
46,2,12,442.26956692422385,-30.875,12.0,QT450-10,162.88274519873175,,,,False
46,3,0,442.26956692422385,-28.3125,-12.0,QT450-10,166.66528610428588,,,,False
46,3,1,442.26956692422385,-28.3125,-10.0,QT450-10,166.9685028871171,,,,False
46,3,2,442.26956692422385,-28.3125,-8.0,QT450-10,167.2207794914591,,,,False
46,3,3,442.26956692422385,-28.3125,-6.0,QT450-10,167.42184783743753,,,,False
46,3,4,442.26956692422385,-28.3125,-4.0,QT450-10,167.56923712384494,,,,False
46,3,5,442.26956692422385,-28.3125,-2.0,QT450-10,167.6595533755042,,,,False
46,3,6,442.26956692422385,-28.3125,0.0,QT450-10,167.6900124941812,,,,False
46,3,7,442.26956692422385,-28.3125,2.0,QT450-10,167.6595533755042,,,,False
46,3,8,442.26956692422385,-28.3125,4.0,QT450-10,167.56923712384494,,,,False
46,3,9,442.26956692422385,-28.3125,6.0,QT450-10,167.42184783743753,,,,False
46,3,10,442.26956692422385,-28.3125,8.0,QT450-10,167.2207794914591,,,,False
46,3,11,442.26956692422385,-28.3125,10.0,QT450-10,166.9685028871171,,,,False
46,3,12,442.26956692422385,-28.3125,12.0,QT450-10,166.66528610428588,,,,False
46,4,0,442.26956692422385,-25.75,-12.0,QT450-10,171.63319678816336,,,,False
46,4,1,442.26956692422385,-25.75,-10.0,QT450-10,171.9616775552633,,,,False
46,4,2,442.26956692422385,-25.75,-8.0,QT450-10,172.244301332127,,,,False
46,4,3,442.26956692422385,-25.75,-6.0,QT450-10,172.47564547045354,,,,False
46,4,4,442.26956692422385,-25.75,-4.0,QT450-10,172.64854008388645,,,,False
46,4,5,442.26956692422385,-25.75,-2.0,QT450-10,172.75581827544127,,,,False
46,4,6,442.26956692422385,-25.75,0.0,QT450-10,172.79222030361618,,,,False
46,4,7,442.26956692422385,-25.75,2.0,QT450-10,172.75581827544127,,,,False
46,4,8,442.26956692422385,-25.75,4.0,QT450-10,172.64854008388645,,,,False
46,4,9,442.26956692422385,-25.75,6.0,QT450-10,172.47564547045354,,,,False
46,4,10,442.26956692422385,-25.75,8.0,QT450-10,172.244301332127,,,,False
46,4,11,442.26956692422385,-25.75,10.0,QT450-10,171.9616775552633,,,,False
46,4,12,442.26956692422385,-25.75,12.0,QT450-10,171.63319678816336,,,,False
46,5,0,442.26956692422385,-23.1875,-12.0,QT450-10,177.7986973167958,,,,False
46,5,1,442.26956692422385,-23.1875,-10.0,QT450-10,178.15771556728714,,,,False
46,5,2,442.26956692422385,-23.1875,-8.0,QT450-10,178.47779458987245,,,,False
46,5,3,442.26956692422385,-23.1875,-6.0,QT450-10,178.74787035792775,,,,False
46,5,4,442.26956692422385,-23.1875,-4.0,QT450-10,178.95443164949575,,,,False
46,5,5,442.26956692422385,-23.1875,-2.0,QT450-10,179.08458204236464,,,,False
46,5,6,442.26956692422385,-23.1875,0.0,QT450-10,179.1290828236599,,,,False
46,5,7,442.26956692422385,-23.1875,2.0,QT450-10,179.08458204236464,,,,False
46,5,8,442.26956692422385,-23.1875,4.0,QT450-10,178.95443164949575,,,,False
46,5,9,442.26956692422385,-23.1875,6.0,QT450-10,178.74787035792775,,,,False
46,5,10,442.26956692422385,-23.1875,8.0,QT450-10,178.47779458987245,,,,False
46,5,11,442.26956692422385,-23.1875,10.0,QT450-10,178.15771556728714,,,,False
46,5,12,442.26956692422385,-23.1875,12.0,QT450-10,177.7986973167958,,,,False
46,6,0,442.26956692422385,-20.625,-12.0,QT450-10,185.15479391778817,,,,False
46,6,1,442.26956692422385,-20.625,-10.0,QT450-10,185.55354715940217,,,,False
46,6,2,442.26956692422385,-20.625,-8.0,QT450-10,185.92403285740141,,,,False
46,6,3,442.26956692422385,-20.625,-6.0,QT450-10,186.2475137670389,,,,False
46,6,4,442.26956692422385,-20.625,-4.0,QT450-10,186.50131359177038,,,,False
46,6,5,442.26956692422385,-20.625,-2.0,QT450-10,186.6639217663106,,,,False
46,6,6,442.26956692422385,-20.625,0.0,QT450-10,186.719979527405,,,,False
46,6,7,442.26956692422385,-20.625,2.0,QT450-10,186.6639217663106,,,,False
46,6,8,442.26956692422385,-20.625,4.0,QT450-10,186.50131359177038,,,,False
46,6,9,442.26956692422385,-20.625,6.0,QT450-10,186.2475137670389,,,,False
46,6,10,442.26956692422385,-20.625,8.0,QT450-10,185.92403285740141,,,,False
46,6,11,442.26956692422385,-20.625,10.0,QT450-10,185.55354715940217,,,,False
46,6,12,442.26956692422385,-20.625,12.0,QT450-10,185.15479391778817,,,,False
46,7,0,442.26956692422385,-18.0625,-12.0,QT450-10,193.65362232182756,,,,False
46,7,1,442.26956692422385,-18.0625,-10.0,QT450-10,194.1051572586534,,,,False
46,7,2,442.26956692422385,-18.0625,-8.0,QT450-10,194.54545657464965,,,,False
46,7,3,442.26956692422385,-18.0625,-6.0,QT450-10,194.9445698133532,,,,False
46,7,4,442.26956692422385,-18.0625,-4.0,QT450-10,195.26618494213153,,,,False
46,7,5,442.26956692422385,-18.0625,-2.0,QT450-10,195.47577525862786,,,,False
46,7,6,442.26956692422385,-18.0625,0.0,QT450-10,195.54862824595665,,,,False
46,7,7,442.26956692422385,-18.0625,2.0,QT450-10,195.47577525862786,,,,False
46,7,8,442.26956692422385,-18.0625,4.0,QT450-10,195.26618494213153,,,,False
46,7,9,442.26956692422385,-18.0625,6.0,QT450-10,194.9445698133532,,,,False
46,7,10,442.26956692422385,-18.0625,8.0,QT450-10,194.54545657464965,,,,False
46,7,11,442.26956692422385,-18.0625,10.0,QT450-10,194.1051572586534,,,,False
46,7,12,442.26956692422385,-18.0625,12.0,QT450-10,193.65362232182756,,,,False
46,8,0,442.26956692422385,-15.5,-12.0,QT450-10,203.18299115703977,,,,False
46,8,1,442.26956692422385,-15.5,-10.0,QT450-10,203.7047947134824,,,,False
46,8,2,442.26956692422385,-15.5,-8.0,QT450-10,204.24204091500988,,,,False
46,8,3,442.26956692422385,-15.5,-6.0,QT450-10,204.74835852423692,,,,False
46,8,4,442.26956692422385,-15.5,-4.0,QT450-10,205.16726519760627,,,,False
46,8,5,442.26956692422385,-15.5,-2.0,QT450-10,205.44475609706464,,,,False
46,8,6,442.26956692422385,-15.5,0.0,QT450-10,205.54197027069344,,,,False
46,8,7,442.26956692422385,-15.5,2.0,QT450-10,205.44475609706464,,,,False
46,8,8,442.26956692422385,-15.5,4.0,QT450-10,205.16726519760627,,,,False
46,8,9,442.26956692422385,-15.5,6.0,QT450-10,204.74835852423692,,,,False
46,8,10,442.26956692422385,-15.5,8.0,QT450-10,204.24204091500988,,,,False
46,8,11,442.26956692422385,-15.5,10.0,QT450-10,203.7047947134824,,,,False
46,8,12,442.26956692422385,-15.5,12.0,QT450-10,203.18299115703977,,,,False
46,9,0,442.26956692422385,-12.9375,-12.0,QT450-10,213.54297621717444,,,,False
46,9,1,442.26956692422385,-12.9375,-10.0,QT450-10,214.1575868722205,,,,False
46,9,2,442.26956692422385,-12.9375,-8.0,QT450-10,214.82789120111812,,,,False
46,9,3,442.26956692422385,-12.9375,-6.0,QT450-10,215.48399144447714,,,,False
46,9,4,442.26956692422385,-12.9375,-4.0,QT450-10,216.04031795606497,,,,False
46,9,5,442.26956692422385,-12.9375,-2.0,QT450-10,216.4144043646738,,,,False
46,9,6,442.26956692422385,-12.9375,0.0,QT450-10,216.54640619913488,,,,False
46,9,7,442.26956692422385,-12.9375,2.0,QT450-10,216.4144043646738,,,,False
46,9,8,442.26956692422385,-12.9375,4.0,QT450-10,216.04031795606497,,,,False
46,9,9,442.26956692422385,-12.9375,6.0,QT450-10,215.48399144447714,,,,False
46,9,10,442.26956692422385,-12.9375,8.0,QT450-10,214.82789120111812,,,,False
46,9,11,442.26956692422385,-12.9375,10.0,QT450-10,214.1575868722205,,,,False
46,9,12,442.26956692422385,-12.9375,12.0,QT450-10,213.54297621717444,,,,False
46,10,0,442.26956692422385,-10.375,-12.0,QT450-10,224.4250177698956,,,,False
46,10,1,442.26956692422385,-10.375,-10.0,QT450-10,225.16260084843697,,,,False
46,10,2,442.26956692422385,-10.375,-8.0,QT450-10,226.09338376375555,,,,False
46,10,3,442.26956692422385,-10.375,-6.0,QT450-10,227.28703313300772,,,,False
46,10,4,442.26956692422385,-10.375,-4.0,QT450-10,228.69882977099013,,,,False
46,10,5,442.26956692422385,-10.375,-2.0,QT450-10,229.91628814823855,,,,False
46,10,6,442.26956692422385,-10.375,0.0,QT450-10,230.40300786551748,,,,False
46,10,7,442.26956692422385,-10.375,2.0,QT450-10,229.91628814823855,,,,False
46,10,8,442.26956692422385,-10.375,4.0,QT450-10,228.69882977099013,,,,False
46,10,9,442.26956692422385,-10.375,6.0,QT450-10,227.28703313300772,,,,False
46,10,10,442.26956692422385,-10.375,8.0,QT450-10,226.09338376375555,,,,False
46,10,11,442.26956692422385,-10.375,10.0,QT450-10,225.16260084843697,,,,False
46,10,12,442.26956692422385,-10.375,12.0,QT450-10,224.4250177698956,,,,False
46,11,0,442.26956692422385,-7.8125,-12.0,QT450-10,236.2986196791388,,,,False
46,11,1,442.26956692422385,-7.8125,-10.0,QT450-10,237.57090888818783,,,,False
46,11,2,442.26956692422385,-7.8125,-8.0,QT450-10,239.640821682286,,,,False
46,11,3,442.26956692422385,-7.8125,-6.0,QT450-10,243.17794926022256,,,,False
46,11,4,442.26956692422385,-7.8125,-4.0,QT450-10,253.17257019110735,,,,False
46,11,5,442.26956692422385,-7.8125,-2.0,QT450-10,262.9348251313147,,,,False
46,11,6,442.26956692422385,-7.8125,0.0,QT450-10,267.3033274906934,,,,False
46,11,7,442.26956692422385,-7.8125,2.0,QT450-10,262.93482513131465,,,,False
46,11,8,442.26956692422385,-7.8125,4.0,QT450-10,253.17257019110735,,,,False
46,11,9,442.26956692422385,-7.8125,6.0,QT450-10,243.1779492602226,,,,False
46,11,10,442.26956692422385,-7.8125,8.0,QT450-10,239.640821682286,,,,False
46,11,11,442.26956692422385,-7.8125,10.0,QT450-10,237.57090888818783,,,,False
46,11,12,442.26956692422385,-7.8125,12.0,QT450-10,236.2986196791388,,,,False
46,12,0,442.26956692422385,-5.25,-12.0,QT450-10,248.879295812223,,,,False
46,12,1,442.26956692422385,-5.25,-10.0,QT450-10,250.97627485521636,,,,False
46,12,2,442.26956692422385,-5.25,-8.0,QT450-10,256.22348456157323,,,,False
46,12,3,442.26956692422385,-5.25,-6.0,QT450-10,271.985018379255,,,,False
46,12,4,442.26956692422385,-5.25,-4.0,QT450-10,295.72648091999486,,,,False
46,12,5,442.26956692422385,-5.25,-2.0,QT450-10,321.7441497832871,,,,False
46,12,6,442.26956692422385,-5.25,0.0,QT450-10,336.0848521721024,,,,False
46,12,7,442.26956692422385,-5.25,2.0,QT450-10,321.7441497832871,,,,False
46,12,8,442.26956692422385,-5.25,4.0,QT450-10,295.72648091999486,,,,False
46,12,9,442.26956692422385,-5.25,6.0,QT450-10,271.985018379255,,,,False
46,12,10,442.26956692422385,-5.25,8.0,QT450-10,256.22348456157323,,,,False
46,12,11,442.26956692422385,-5.25,10.0,QT450-10,250.97627485521636,,,,False
46,12,12,442.26956692422385,-5.25,12.0,QT450-10,248.879295812223,,,,False
46,13,0,442.26956692422385,-2.6875,-12.0,ERNiFe-CI,260.6151608048394,,,,False
46,13,1,442.26956692422385,-2.6875,-10.0,ERNiFe-CI,264.0988183803316,,,,False
46,13,2,442.26956692422385,-2.6875,-8.0,ERNiFe-CI,277.09022460726396,,,,False
46,13,3,442.26956692422385,-2.6875,-6.0,ERNiFe-CI,305.8904817021113,,,,False
46,13,4,442.26956692422385,-2.6875,-4.0,ERNiFe-CI,355.07735050089826,,,,False
46,13,5,442.26956692422385,-2.6875,-2.0,ERNiFe-CI,424.6343357141456,,,,False
46,13,6,442.26956692422385,-2.6875,0.0,ERNiFe-CI,483.1358932869268,,,,False
46,13,7,442.26956692422385,-2.6875,2.0,ERNiFe-CI,424.6343357141456,,,,False
46,13,8,442.26956692422385,-2.6875,4.0,ERNiFe-CI,355.07735050089826,,,,False
46,13,9,442.26956692422385,-2.6875,6.0,ERNiFe-CI,305.8904817021113,,,,False
46,13,10,442.26956692422385,-2.6875,8.0,ERNiFe-CI,277.09022460726396,,,,False
46,13,11,442.26956692422385,-2.6875,10.0,ERNiFe-CI,264.0988183803316,,,,False
46,13,12,442.26956692422385,-2.6875,12.0,ERNiFe-CI,260.6151608048394,,,,False
46,14,0,442.26956692422385,-0.125,-12.0,ERNiFe-CI,270.5456053802867,,,,False
46,14,1,442.26956692422385,-0.125,-10.0,ERNiFe-CI,276.4579458466253,,,,False
46,14,2,442.26956692422385,-0.125,-8.0,ERNiFe-CI,293.65045367658695,,,,False
46,14,3,442.26956692422385,-0.125,-6.0,ERNiFe-CI,333.6272158131677,,,,False
46,14,4,442.26956692422385,-0.125,-4.0,ERNiFe-CI,415.1999974302189,,,,False
46,14,5,442.26956692422385,-0.125,-2.0,ERNiFe-CI,585.8344035457204,,,,False
46,14,6,442.26956692422385,-0.125,0.0,ERNiFe-CI,842.179878301459,298.67947996197495,301.03470304239704,2.3552230804220926,True
46,14,7,442.26956692422385,-0.125,2.0,ERNiFe-CI,585.8344035457204,,,,False
46,14,8,442.26956692422385,-0.125,4.0,ERNiFe-CI,415.1999974302189,,,,False
46,14,9,442.26956692422385,-0.125,6.0,ERNiFe-CI,333.6272158131677,,,,False
46,14,10,442.26956692422385,-0.125,8.0,ERNiFe-CI,293.65045367658695,,,,False
46,14,11,442.26956692422385,-0.125,10.0,ERNiFe-CI,276.4579458466253,,,,False
46,14,12,442.26956692422385,-0.125,12.0,ERNiFe-CI,270.5456053802867,,,,False
46,15,0,442.26956692422385,2.4375,-12.0,ERNiFe-CI,277.82666926269786,,,,False
46,15,1,442.26956692422385,2.4375,-10.0,ERNiFe-CI,284.30452347175355,,,,False
46,15,2,442.26956692422385,2.4375,-8.0,ERNiFe-CI,300.96423035030085,,,,False
46,15,3,442.26956692422385,2.4375,-6.0,ERNiFe-CI,334.24678625596033,,,,False
46,15,4,442.26956692422385,2.4375,-4.0,ERNiFe-CI,388.77443988595786,,,,False
46,15,5,442.26956692422385,2.4375,-2.0,ERNiFe-CI,464.8179212269879,,,,False
46,15,6,442.26956692422385,2.4375,0.0,ERNiFe-CI,530.1274404069676,,,,False
46,15,7,442.26956692422385,2.4375,2.0,ERNiFe-CI,464.8179212269879,,,,False
46,15,8,442.26956692422385,2.4375,4.0,ERNiFe-CI,388.77443988595786,,,,False
46,15,9,442.26956692422385,2.4375,6.0,ERNiFe-CI,334.24678625596033,,,,False
46,15,10,442.26956692422385,2.4375,8.0,ERNiFe-CI,300.96423035030085,,,,False
46,15,11,442.26956692422385,2.4375,10.0,ERNiFe-CI,284.30452347175355,,,,False
46,15,12,442.26956692422385,2.4375,12.0,ERNiFe-CI,277.82666926269786,,,,False
46,16,0,442.26956692422385,5.0,-12.0,Q235B,281.55890553624636,,,,False
46,16,1,442.26956692422385,5.0,-10.0,Q235B,287.56718518442915,,,,False
46,16,2,442.26956692422385,5.0,-8.0,Q235B,302.61682912771926,,,,False
46,16,3,442.26956692422385,5.0,-6.0,Q235B,329.3920191007189,,,,False
46,16,4,442.26956692422385,5.0,-4.0,Q235B,366.15000548615086,,,,False
46,16,5,442.26956692422385,5.0,-2.0,Q235B,404.3678658117769,,,,False
46,16,6,442.26956692422385,5.0,0.0,Q235B,424.6290509314742,,,,False
46,16,7,442.26956692422385,5.0,2.0,Q235B,404.3678658117769,,,,False
46,16,8,442.26956692422385,5.0,4.0,Q235B,366.1500054861508,,,,False
46,16,9,442.26956692422385,5.0,6.0,Q235B,329.3920191007189,,,,False
46,16,10,442.26956692422385,5.0,8.0,Q235B,302.61682912771926,,,,False
46,16,11,442.26956692422385,5.0,10.0,Q235B,287.56718518442915,,,,False
46,16,12,442.26956692422385,5.0,12.0,Q235B,281.55890553624636,,,,False
47,0,0,451.8841227269244,-36.0,-12.0,QT450-10,155.83678914566073,,,,False
47,0,1,451.8841227269244,-36.0,-10.0,QT450-10,155.93212409130612,,,,False
47,0,2,451.8841227269244,-36.0,-8.0,QT450-10,156.04807739469277,,,,False
47,0,3,451.8841227269244,-36.0,-6.0,QT450-10,156.1537807076908,,,,False
47,0,4,451.8841227269244,-36.0,-4.0,QT450-10,156.23538731717662,,,,False
47,0,5,451.8841227269244,-36.0,-2.0,QT450-10,156.2863323368188,,,,False
47,0,6,451.8841227269244,-36.0,0.0,QT450-10,156.30360674946786,,,,False
47,0,7,451.8841227269244,-36.0,2.0,QT450-10,156.2863323368188,,,,False
47,0,8,451.8841227269244,-36.0,4.0,QT450-10,156.23538731717662,,,,False
47,0,9,451.8841227269244,-36.0,6.0,QT450-10,156.1537807076908,,,,False
47,0,10,451.8841227269244,-36.0,8.0,QT450-10,156.04807739469277,,,,False
47,0,11,451.8841227269244,-36.0,10.0,QT450-10,155.93212409130612,,,,False
47,0,12,451.8841227269244,-36.0,12.0,QT450-10,155.83678914566073,,,,False
47,1,0,451.8841227269244,-33.4375,-12.0,QT450-10,156.14969443099454,,,,False
47,1,1,451.8841227269244,-33.4375,-10.0,QT450-10,156.36809486784568,,,,False
47,1,2,451.8841227269244,-33.4375,-8.0,QT450-10,156.5352206103915,,,,False
47,1,3,451.8841227269244,-33.4375,-6.0,QT450-10,156.664109495228,,,,False
47,1,4,451.8841227269244,-33.4375,-4.0,QT450-10,156.75684418507953,,,,False
47,1,5,451.8841227269244,-33.4375,-2.0,QT450-10,156.81294805468707,,,,False
47,1,6,451.8841227269244,-33.4375,0.0,QT450-10,156.8317384977603,,,,False
47,1,7,451.8841227269244,-33.4375,2.0,QT450-10,156.81294805468707,,,,False
47,1,8,451.8841227269244,-33.4375,4.0,QT450-10,156.75684418507953,,,,False
47,1,9,451.8841227269244,-33.4375,6.0,QT450-10,156.664109495228,,,,False
47,1,10,451.8841227269244,-33.4375,8.0,QT450-10,156.5352206103915,,,,False
47,1,11,451.8841227269244,-33.4375,10.0,QT450-10,156.36809486784568,,,,False
47,1,12,451.8841227269244,-33.4375,12.0,QT450-10,156.14969443099454,,,,False
47,2,0,451.8841227269244,-30.875,-12.0,QT450-10,156.57629360296096,,,,False
47,2,1,451.8841227269244,-30.875,-10.0,QT450-10,156.83007481176185,,,,False
47,2,2,451.8841227269244,-30.875,-8.0,QT450-10,157.0268612710951,,,,False
47,2,3,451.8841227269244,-30.875,-6.0,QT450-10,157.17543278541507,,,,False
47,2,4,451.8841227269244,-30.875,-4.0,QT450-10,157.28001745006088,,,,False
47,2,5,451.8841227269244,-30.875,-2.0,QT450-10,157.34236408781194,,,,False
47,2,6,451.8841227269244,-30.875,0.0,QT450-10,157.36309734432936,,,,False
47,2,7,451.8841227269244,-30.875,2.0,QT450-10,157.34236408781194,,,,False
47,2,8,451.8841227269244,-30.875,4.0,QT450-10,157.28001745006088,,,,False
47,2,9,451.8841227269244,-30.875,6.0,QT450-10,157.17543278541507,,,,False
47,2,10,451.8841227269244,-30.875,8.0,QT450-10,157.0268612710951,,,,False
47,2,11,451.8841227269244,-30.875,10.0,QT450-10,156.83007481176185,,,,False
47,2,12,451.8841227269244,-30.875,12.0,QT450-10,156.57629360296096,,,,False
47,3,0,451.8841227269244,-28.3125,-12.0,QT450-10,158.7749859242888,,,,False
47,3,1,451.8841227269244,-28.3125,-10.0,QT450-10,159.06887186121125,,,,False
47,3,2,451.8841227269244,-28.3125,-8.0,QT450-10,159.32429989430497,,,,False
47,3,3,451.8841227269244,-28.3125,-6.0,QT450-10,159.5363675521399,,,,False
47,3,4,451.8841227269244,-28.3125,-4.0,QT450-10,159.69708616851085,,,,False
47,3,5,451.8841227269244,-28.3125,-2.0,QT450-10,159.7978771003374,,,,False
47,3,6,451.8841227269244,-28.3125,0.0,QT450-10,159.8322719098059,,,,False
47,3,7,451.8841227269244,-28.3125,2.0,QT450-10,159.7978771003374,,,,False
47,3,8,451.8841227269244,-28.3125,4.0,QT450-10,159.69708616851085,,,,False
47,3,9,451.8841227269244,-28.3125,6.0,QT450-10,159.5363675521399,,,,False
47,3,10,451.8841227269244,-28.3125,8.0,QT450-10,159.32429989430497,,,,False
47,3,11,451.8841227269244,-28.3125,10.0,QT450-10,159.06887186121125,,,,False
47,3,12,451.8841227269244,-28.3125,12.0,QT450-10,158.7749859242888,,,,False
47,4,0,451.8841227269244,-25.75,-12.0,QT450-10,163.51506753304406,,,,False
47,4,1,451.8841227269244,-25.75,-10.0,QT450-10,163.84255858983056,,,,False
47,4,2,451.8841227269244,-25.75,-8.0,QT450-10,164.14423913657734,,,,False
47,4,3,451.8841227269244,-25.75,-6.0,QT450-10,164.40634056818598,,,,False
47,4,4,451.8841227269244,-25.75,-4.0,QT450-10,164.61150062540173,,,,False
47,4,5,451.8841227269244,-25.75,-2.0,QT450-10,164.74282816339678,,,,False
47,4,6,451.8841227269244,-25.75,0.0,QT450-10,164.78809077638215,,,,False
47,4,7,451.8841227269244,-25.75,2.0,QT450-10,164.74282816339678,,,,False
47,4,8,451.8841227269244,-25.75,4.0,QT450-10,164.61150062540173,,,,False
47,4,9,451.8841227269244,-25.75,6.0,QT450-10,164.40634056818598,,,,False
47,4,10,451.8841227269244,-25.75,8.0,QT450-10,164.14423913657734,,,,False
47,4,11,451.8841227269244,-25.75,10.0,QT450-10,163.84255858983056,,,,False
47,4,12,451.8841227269244,-25.75,12.0,QT450-10,163.51506753304406,,,,False
47,5,0,451.8841227269244,-23.1875,-12.0,QT450-10,169.5907253424275,,,,False
47,5,1,451.8841227269244,-23.1875,-10.0,QT450-10,169.96570176330317,,,,False
47,5,2,451.8841227269244,-23.1875,-8.0,QT450-10,170.33579627833694,,,,False
47,5,3,451.8841227269244,-23.1875,-6.0,QT450-10,170.674578965625,,,,False
47,5,4,451.8841227269244,-23.1875,-4.0,QT450-10,170.94958836224652,,,,False
47,5,5,451.8841227269244,-23.1875,-2.0,QT450-10,171.12967860020672,,,,False
47,5,6,451.8841227269244,-23.1875,0.0,QT450-10,171.19242851986888,,,,False
47,5,7,451.8841227269244,-23.1875,2.0,QT450-10,171.12967860020672,,,,False
47,5,8,451.8841227269244,-23.1875,4.0,QT450-10,170.94958836224652,,,,False
47,5,9,451.8841227269244,-23.1875,6.0,QT450-10,170.674578965625,,,,False
47,5,10,451.8841227269244,-23.1875,8.0,QT450-10,170.33579627833694,,,,False
47,5,11,451.8841227269244,-23.1875,10.0,QT450-10,169.96570176330317,,,,False
47,5,12,451.8841227269244,-23.1875,12.0,QT450-10,169.5907253424275,,,,False
47,6,0,451.8841227269244,-20.625,-12.0,QT450-10,177.1247600880455,,,,False
47,6,1,451.8841227269244,-20.625,-10.0,QT450-10,177.57153778671187,,,,False
47,6,2,451.8841227269244,-20.625,-8.0,QT450-10,178.04946981420875,,,,False
47,6,3,451.8841227269244,-20.625,-6.0,QT450-10,178.511810888966,,,,False
47,6,4,451.8841227269244,-20.625,-4.0,QT450-10,178.9009904059447,,,,False
47,6,5,451.8841227269244,-20.625,-2.0,QT450-10,179.16151542479642,,,,False
47,6,6,451.8841227269244,-20.625,0.0,QT450-10,179.25324235776375,,,,False
47,6,7,451.8841227269244,-20.625,2.0,QT450-10,179.16151542479642,,,,False
47,6,8,451.8841227269244,-20.625,4.0,QT450-10,178.9009904059447,,,,False
47,6,9,451.8841227269244,-20.625,6.0,QT450-10,178.511810888966,,,,False
47,6,10,451.8841227269244,-20.625,8.0,QT450-10,178.04946981420875,,,,False
47,6,11,451.8841227269244,-20.625,10.0,QT450-10,177.57153778671187,,,,False
47,6,12,451.8841227269244,-20.625,12.0,QT450-10,177.1247600880455,,,,False
47,7,0,451.8841227269244,-18.0625,-12.0,QT450-10,186.2179447892966,,,,False
47,7,1,451.8841227269244,-18.0625,-10.0,QT450-10,186.7753478991124,,,,False
47,7,2,451.8841227269244,-18.0625,-8.0,QT450-10,187.42589161308533,,,,False
47,7,3,451.8841227269244,-18.0625,-6.0,QT450-10,188.0896775933604,,,,False
47,7,4,451.8841227269244,-18.0625,-4.0,QT450-10,188.66725150528578,,,,False
47,7,5,451.8841227269244,-18.0625,-2.0,QT450-10,189.0615854763203,,,,False
47,7,6,451.8841227269244,-18.0625,0.0,QT450-10,189.20172378802752,,,,False
47,7,7,451.8841227269244,-18.0625,2.0,QT450-10,189.0615854763203,,,,False
47,7,8,451.8841227269244,-18.0625,4.0,QT450-10,188.66725150528578,,,,False
47,7,9,451.8841227269244,-18.0625,6.0,QT450-10,188.0896775933604,,,,False
47,7,10,451.8841227269244,-18.0625,8.0,QT450-10,187.42589161308533,,,,False
47,7,11,451.8841227269244,-18.0625,10.0,QT450-10,186.7753478991124,,,,False
47,7,12,451.8841227269244,-18.0625,12.0,QT450-10,186.2179447892966,,,,False
47,8,0,451.8841227269244,-15.5,-12.0,QT450-10,196.9061844636891,,,,False
47,8,1,451.8841227269244,-15.5,-10.0,QT450-10,197.6336860124655,,,,False
47,8,2,451.8841227269244,-15.5,-8.0,QT450-10,198.55866694717568,,,,False
47,8,3,451.8841227269244,-15.5,-6.0,QT450-10,199.54831930051958,,,,False
47,8,4,451.8841227269244,-15.5,-4.0,QT450-10,200.43455201988598,,,,False
47,8,5,451.8841227269244,-15.5,-2.0,QT450-10,201.05020403030932,,,,False
47,8,6,451.8841227269244,-15.5,0.0,QT450-10,201.2708470174241,,,,False
47,8,7,451.8841227269244,-15.5,2.0,QT450-10,201.05020403030932,,,,False
47,8,8,451.8841227269244,-15.5,4.0,QT450-10,200.43455201988598,,,,False
47,8,9,451.8841227269244,-15.5,6.0,QT450-10,199.54831930051958,,,,False
47,8,10,451.8841227269244,-15.5,8.0,QT450-10,198.55866694717568,,,,False
47,8,11,451.8841227269244,-15.5,10.0,QT450-10,197.6336860124655,,,,False
47,8,12,451.8841227269244,-15.5,12.0,QT450-10,196.9061844636891,,,,False
47,9,0,451.8841227269244,-12.9375,-12.0,QT450-10,209.09969072398323,,,,False
47,9,1,451.8841227269244,-12.9375,-10.0,QT450-10,210.08426465899882,,,,False
47,9,2,451.8841227269244,-12.9375,-8.0,QT450-10,211.43606296812547,,,,False
47,9,3,451.8841227269244,-12.9375,-6.0,QT450-10,212.9416145716485,,,,False
47,9,4,451.8841227269244,-12.9375,-4.0,QT450-10,214.32418173726228,,,,False
47,9,5,451.8841227269244,-12.9375,-2.0,QT450-10,215.30042583565722,,,,False
47,9,6,451.8841227269244,-12.9375,0.0,QT450-10,215.65329688738646,,,,False
47,9,7,451.8841227269244,-12.9375,2.0,QT450-10,215.30042583565722,,,,False
47,9,8,451.8841227269244,-12.9375,4.0,QT450-10,214.32418173726228,,,,False
47,9,9,451.8841227269244,-12.9375,6.0,QT450-10,212.9416145716485,,,,False
47,9,10,451.8841227269244,-12.9375,8.0,QT450-10,211.43606296812547,,,,False
47,9,11,451.8841227269244,-12.9375,10.0,QT450-10,210.08426465899882,,,,False
47,9,12,451.8841227269244,-12.9375,12.0,QT450-10,209.09969072398323,,,,False
47,10,0,451.8841227269244,-10.375,-12.0,QT450-10,222.50855245910282,,,,False
47,10,1,451.8841227269244,-10.375,-10.0,QT450-10,223.8685479609055,,,,False
47,10,2,451.8841227269244,-10.375,-8.0,QT450-10,225.85964203224572,,,,False
47,10,3,451.8841227269244,-10.375,-6.0,QT450-10,228.15331890543837,,,,False
47,10,4,451.8841227269244,-10.375,-4.0,QT450-10,230.30972059924466,,,,False
47,10,5,451.8841227269244,-10.375,-2.0,QT450-10,231.85902630511183,,,,False
47,10,6,451.8841227269244,-10.375,0.0,QT450-10,232.42486457195713,,,,False
47,10,7,451.8841227269244,-10.375,2.0,QT450-10,231.85902630511183,,,,False
47,10,8,451.8841227269244,-10.375,4.0,QT450-10,230.30972059924466,,,,False
47,10,9,451.8841227269244,-10.375,6.0,QT450-10,228.15331890543837,,,,False
47,10,10,451.8841227269244,-10.375,8.0,QT450-10,225.85964203224572,,,,False
47,10,11,451.8841227269244,-10.375,10.0,QT450-10,223.8685479609055,,,,False
47,10,12,451.8841227269244,-10.375,12.0,QT450-10,222.50855245910282,,,,False
47,11,0,451.8841227269244,-7.8125,-12.0,QT450-10,236.55740311113337,,,,False
47,11,1,451.8841227269244,-7.8125,-10.0,QT450-10,238.43728463376706,,,,False
47,11,2,451.8841227269244,-7.8125,-8.0,QT450-10,241.33190229719506,,,,False
47,11,3,451.8841227269244,-7.8125,-6.0,QT450-10,245.31774125631566,,,,False
47,11,4,451.8841227269244,-7.8125,-4.0,QT450-10,255.3234826344913,,,,False
47,11,5,451.8841227269244,-7.8125,-2.0,QT450-10,265.0882562792007,,,,False
47,11,6,451.8841227269244,-7.8125,0.0,QT450-10,269.45599320789825,,,,False
47,11,7,451.8841227269244,-7.8125,2.0,QT450-10,265.0882562792007,,,,False
47,11,8,451.8841227269244,-7.8125,4.0,QT450-10,255.3234826344913,,,,False
47,11,9,451.8841227269244,-7.8125,6.0,QT450-10,245.31774125631563,,,,False
47,11,10,451.8841227269244,-7.8125,8.0,QT450-10,241.33190229719506,,,,False
47,11,11,451.8841227269244,-7.8125,10.0,QT450-10,238.43728463376706,,,,False
47,11,12,451.8841227269244,-7.8125,12.0,QT450-10,236.55740311113337,,,,False
47,12,0,451.8841227269244,-5.25,-12.0,QT450-10,250.3287865968179,,,,False
47,12,1,451.8841227269244,-5.25,-10.0,QT450-10,252.8822145504117,,,,False
47,12,2,451.8841227269244,-5.25,-8.0,QT450-10,258.3525858694384,,,,False
47,12,3,451.8841227269244,-5.25,-6.0,QT450-10,274.1292353056001,,,,False
47,12,4,451.8841227269244,-5.25,-4.0,QT450-10,297.8745117721823,,,,False
47,12,5,451.8841227269244,-5.25,-2.0,QT450-10,323.89156722443715,,,,False
47,12,6,451.8841227269244,-5.25,0.0,QT450-10,338.2313565931621,,,,False
47,12,7,451.8841227269244,-5.25,2.0,QT450-10,323.89156722443715,,,,False
47,12,8,451.8841227269244,-5.25,4.0,QT450-10,297.8745117721823,,,,False
47,12,9,451.8841227269244,-5.25,6.0,QT450-10,274.1292353056001,,,,False
47,12,10,451.8841227269244,-5.25,8.0,QT450-10,258.3525858694384,,,,False
47,12,11,451.8841227269244,-5.25,10.0,QT450-10,252.8822145504117,,,,False
47,12,12,451.8841227269244,-5.25,12.0,QT450-10,250.3287865968179,,,,False
47,13,0,451.8841227269244,-2.6875,-12.0,ERNiFe-CI,262.5857568749589,,,,False
47,13,1,451.8841227269244,-2.6875,-10.0,ERNiFe-CI,266.2056646571302,,,,False
47,13,2,451.8841227269244,-2.6875,-8.0,ERNiFe-CI,279.2225701041452,,,,False
47,13,3,451.8841227269244,-2.6875,-6.0,ERNiFe-CI,308.03325009428875,,,,False
47,13,4,451.8841227269244,-2.6875,-4.0,ERNiFe-CI,357.22230666493533,,,,False
47,13,5,451.8841227269244,-2.6875,-2.0,ERNiFe-CI,426.7735606535081,,,,False
47,13,6,451.8841227269244,-2.6875,0.0,ERNiFe-CI,485.2617766659879,,,,False
47,13,7,451.8841227269244,-2.6875,2.0,ERNiFe-CI,426.7735606535081,,,,False
47,13,8,451.8841227269244,-2.6875,4.0,ERNiFe-CI,357.2223066649354,,,,False
47,13,9,451.8841227269244,-2.6875,6.0,ERNiFe-CI,308.03325009428875,,,,False
47,13,10,451.8841227269244,-2.6875,8.0,ERNiFe-CI,279.2225701041452,,,,False
47,13,11,451.8841227269244,-2.6875,10.0,ERNiFe-CI,266.2056646571302,,,,False
47,13,12,451.8841227269244,-2.6875,12.0,ERNiFe-CI,262.5857568749589,,,,False
47,14,0,451.8841227269244,-0.125,-12.0,ERNiFe-CI,272.62103017853036,,,,False
47,14,1,451.8841227269244,-0.125,-10.0,ERNiFe-CI,278.5632853649659,,,,False
47,14,2,451.8841227269244,-0.125,-8.0,ERNiFe-CI,295.77669115668186,,,,False
47,14,3,451.8841227269244,-0.125,-6.0,ERNiFe-CI,335.76044360693174,,,,False
47,14,4,451.8841227269244,-0.125,-4.0,ERNiFe-CI,417.3334507360483,,,,False
47,14,5,451.8841227269244,-0.125,-2.0,ERNiFe-CI,587.9482008198434,,,,False
47,14,6,451.8841227269244,-0.125,0.0,ERNiFe-CI,844.2804142352531,305.1131474336283,307.46653282502984,2.3533853914015594,True
47,14,7,451.8841227269244,-0.125,2.0,ERNiFe-CI,587.9482008198434,,,,False
47,14,8,451.8841227269244,-0.125,4.0,ERNiFe-CI,417.3334507360483,,,,False
47,14,9,451.8841227269244,-0.125,6.0,ERNiFe-CI,335.76044360693174,,,,False
47,14,10,451.8841227269244,-0.125,8.0,ERNiFe-CI,295.77669115668186,,,,False
47,14,11,451.8841227269244,-0.125,10.0,ERNiFe-CI,278.5632853649659,,,,False
47,14,12,451.8841227269244,-0.125,12.0,ERNiFe-CI,272.62103017853036,,,,False
47,15,0,451.8841227269244,2.4375,-12.0,ERNiFe-CI,279.9080327877735,,,,False
47,15,1,451.8841227269244,2.4375,-10.0,ERNiFe-CI,286.4019942076003,,,,False
47,15,2,451.8841227269244,2.4375,-8.0,ERNiFe-CI,303.07639930440496,,,,False
47,15,3,451.8841227269244,2.4375,-6.0,ERNiFe-CI,336.3591465501128,,,,False
47,15,4,451.8841227269244,2.4375,-4.0,ERNiFe-CI,390.87845388185957,,,,False
47,15,5,451.8841227269244,2.4375,-2.0,ERNiFe-CI,466.9124976156507,,,,False
47,15,6,451.8841227269244,2.4375,0.0,ERNiFe-CI,532.2114947350397,,,,False
47,15,7,451.8841227269244,2.4375,2.0,ERNiFe-CI,466.9124976156507,,,,False
47,15,8,451.8841227269244,2.4375,4.0,ERNiFe-CI,390.8784538818596,,,,False
47,15,9,451.8841227269244,2.4375,6.0,ERNiFe-CI,336.3591465501128,,,,False
47,15,10,451.8841227269244,2.4375,8.0,ERNiFe-CI,303.07639930440496,,,,False
47,15,11,451.8841227269244,2.4375,10.0,ERNiFe-CI,286.4019942076003,,,,False
47,15,12,451.8841227269244,2.4375,12.0,ERNiFe-CI,279.9080327877735,,,,False
47,16,0,451.8841227269244,5.0,-12.0,Q235B,283.6380635258718,,,,False
47,16,1,451.8841227269244,5.0,-10.0,Q235B,289.65524658418815,,,,False
47,16,2,451.8841227269244,5.0,-8.0,Q235B,304.714725038765,,,,False
47,16,3,451.8841227269244,5.0,-6.0,Q235B,331.48704245629864,,,,False
47,16,4,451.8841227269244,5.0,-4.0,Q235B,368.2315602419439,,,,False
47,16,5,451.8841227269244,5.0,-2.0,Q235B,406.43582138524033,,,,False
47,16,6,451.8841227269244,5.0,0.0,Q235B,426.6831653469866,,,,False
47,16,7,451.8841227269244,5.0,2.0,Q235B,406.43582138524033,,,,False
47,16,8,451.8841227269244,5.0,4.0,Q235B,368.2315602419439,,,,False
47,16,9,451.8841227269244,5.0,6.0,Q235B,331.4870424562987,,,,False
47,16,10,451.8841227269244,5.0,8.0,Q235B,304.714725038765,,,,False
47,16,11,451.8841227269244,5.0,10.0,Q235B,289.65524658418815,,,,False
47,16,12,451.8841227269244,5.0,12.0,Q235B,283.6380635258718,,,,False
48,0,0,461.4986785296249,-36.0,-12.0,QT450-10,162.30554334019368,,,,False
48,0,1,461.4986785296249,-36.0,-10.0,QT450-10,162.40679988079663,,,,False
48,0,2,461.4986785296249,-36.0,-8.0,QT450-10,162.52996291197252,,,,False
48,0,3,461.4986785296249,-36.0,-6.0,QT450-10,162.64224465537467,,,,False
48,0,4,461.4986785296249,-36.0,-4.0,QT450-10,162.72893374757712,,,,False
48,0,5,461.4986785296249,-36.0,-2.0,QT450-10,162.78305323509667,,,,False
48,0,6,461.4986785296249,-36.0,0.0,QT450-10,162.8014043205757,,,,False
48,0,7,461.4986785296249,-36.0,2.0,QT450-10,162.78305323509667,,,,False
48,0,8,461.4986785296249,-36.0,4.0,QT450-10,162.72893374757712,,,,False
48,0,9,461.4986785296249,-36.0,6.0,QT450-10,162.64224465537467,,,,False
48,0,10,461.4986785296249,-36.0,8.0,QT450-10,162.52996291197252,,,,False
48,0,11,461.4986785296249,-36.0,10.0,QT450-10,162.40679988079663,,,,False
48,0,12,461.4986785296249,-36.0,12.0,QT450-10,162.30554334019368,,,,False
48,1,0,461.4986785296249,-33.4375,-12.0,QT450-10,162.67252847163468,,,,False
48,1,1,461.4986785296249,-33.4375,-10.0,QT450-10,162.90452561512302,,,,False
48,1,2,461.4986785296249,-33.4375,-8.0,QT450-10,163.0820952395912,,,,False
48,1,3,461.4986785296249,-33.4375,-6.0,QT450-10,163.21905780255037,,,,False
48,1,4,461.4986785296249,-33.4375,-4.0,QT450-10,163.31761000813745,,,,False
48,1,5,461.4986785296249,-33.4375,-2.0,QT450-10,163.37723648282648,,,,False
48,1,6,461.4986785296249,-33.4375,0.0,QT450-10,163.39720720310257,,,,False
48,1,7,461.4986785296249,-33.4375,2.0,QT450-10,163.37723648282648,,,,False
48,1,8,461.4986785296249,-33.4375,4.0,QT450-10,163.31761000813745,,,,False
48,1,9,461.4986785296249,-33.4375,6.0,QT450-10,163.21905780255037,,,,False
48,1,10,461.4986785296249,-33.4375,8.0,QT450-10,163.0820952395912,,,,False
48,1,11,461.4986785296249,-33.4375,10.0,QT450-10,162.90452561512302,,,,False
48,1,12,461.4986785296249,-33.4375,12.0,QT450-10,162.67252847163468,,,,False
48,2,0,461.4986785296249,-30.875,-12.0,QT450-10,163.19802027186063,,,,False
48,2,1,461.4986785296249,-30.875,-10.0,QT450-10,163.46779014673257,,,,False
48,2,2,461.4986785296249,-30.875,-8.0,QT450-10,163.67701973307962,,,,False
48,2,3,461.4986785296249,-30.875,-6.0,QT450-10,163.8350118919184,,,,False
48,2,4,461.4986785296249,-30.875,-4.0,QT450-10,163.9462409310143,,,,False
48,2,5,461.4986785296249,-30.875,-2.0,QT450-10,164.01255329192455,,,,False
48,2,6,461.4986785296249,-30.875,0.0,QT450-10,164.03460610206918,,,,False
48,2,7,461.4986785296249,-30.875,2.0,QT450-10,164.01255329192455,,,,False
48,2,8,461.4986785296249,-30.875,4.0,QT450-10,163.9462409310143,,,,False
48,2,9,461.4986785296249,-30.875,6.0,QT450-10,163.8350118919184,,,,False
48,2,10,461.4986785296249,-30.875,8.0,QT450-10,163.67701973307962,,,,False
48,2,11,461.4986785296249,-30.875,10.0,QT450-10,163.46779014673257,,,,False
48,2,12,461.4986785296249,-30.875,12.0,QT450-10,163.19802027186063,,,,False
48,3,0,461.4986785296249,-28.3125,-12.0,QT450-10,163.83208368832717,,,,False
48,3,1,461.4986785296249,-28.3125,-10.0,QT450-10,164.1160246974995,,,,False
48,3,2,461.4986785296249,-28.3125,-8.0,QT450-10,164.34158765658594,,,,False
48,3,3,461.4986785296249,-28.3125,-6.0,QT450-10,164.513223645689,,,,False
48,3,4,461.4986785296249,-28.3125,-4.0,QT450-10,164.63407028339535,,,,False
48,3,5,461.4986785296249,-28.3125,-2.0,QT450-10,164.705973270581,,,,False
48,3,6,461.4986785296249,-28.3125,0.0,QT450-10,164.72985002553378,,,,False
48,3,7,461.4986785296249,-28.3125,2.0,QT450-10,164.705973270581,,,,False
48,3,8,461.4986785296249,-28.3125,4.0,QT450-10,164.63407028339535,,,,False
48,3,9,461.4986785296249,-28.3125,6.0,QT450-10,164.513223645689,,,,False
48,3,10,461.4986785296249,-28.3125,8.0,QT450-10,164.34158765658594,,,,False
48,3,11,461.4986785296249,-28.3125,10.0,QT450-10,164.1160246974995,,,,False
48,3,12,461.4986785296249,-28.3125,12.0,QT450-10,163.83208368832717,,,,False
48,4,0,461.4986785296249,-25.75,-12.0,QT450-10,164.5710426322023,,,,False
48,4,1,461.4986785296249,-25.75,-10.0,QT450-10,164.86205903890192,,,,False
48,4,2,461.4986785296249,-25.75,-8.0,QT450-10,165.09662055168678,,,,False
48,4,3,461.4986785296249,-25.75,-6.0,QT450-10,165.27672899753568,,,,False
48,4,4,461.4986785296249,-25.75,-4.0,QT450-10,165.40414950171902,,,,False
48,4,5,461.4986785296249,-25.75,-2.0,QT450-10,165.4801292340738,,,,False
48,4,6,461.4986785296249,-25.75,0.0,QT450-10,165.50537969863478,,,,False
48,4,7,461.4986785296249,-25.75,2.0,QT450-10,165.4801292340738,,,,False
48,4,8,461.4986785296249,-25.75,4.0,QT450-10,165.40414950171902,,,,False
48,4,9,461.4986785296249,-25.75,6.0,QT450-10,165.27672899753568,,,,False
48,4,10,461.4986785296249,-25.75,8.0,QT450-10,165.09662055168678,,,,False
48,4,11,461.4986785296249,-25.75,10.0,QT450-10,164.86205903890192,,,,False
48,4,12,461.4986785296249,-25.75,12.0,QT450-10,164.5710426322023,,,,False
48,5,0,461.4986785296249,-23.1875,-12.0,QT450-10,165.43391485580608,,,,False
48,5,1,461.4986785296249,-23.1875,-10.0,QT450-10,165.7296448308749,,,,False
48,5,2,461.4986785296249,-23.1875,-8.0,QT450-10,165.96994515119547,,,,False
48,5,3,461.4986785296249,-23.1875,-6.0,QT450-10,166.15564909107258,,,,False
48,5,4,461.4986785296249,-23.1875,-4.0,QT450-10,166.28761140372083,,,,False
48,5,5,461.4986785296249,-23.1875,-2.0,QT450-10,166.36650941356083,,,,False
48,5,6,461.4986785296249,-23.1875,0.0,QT450-10,166.3927620006079,,,,False
48,5,7,461.4986785296249,-23.1875,2.0,QT450-10,166.36650941356083,,,,False
48,5,8,461.4986785296249,-23.1875,4.0,QT450-10,166.28761140372083,,,,False
48,5,9,461.4986785296249,-23.1875,6.0,QT450-10,166.15564909107258,,,,False
48,5,10,461.4986785296249,-23.1875,8.0,QT450-10,165.96994515119547,,,,False
48,5,11,461.4986785296249,-23.1875,10.0,QT450-10,165.7296448308749,,,,False
48,5,12,461.4986785296249,-23.1875,12.0,QT450-10,165.43391485580608,,,,False
48,6,0,461.4986785296249,-20.625,-12.0,QT450-10,166.4610134343231,,,,False
48,6,1,461.4986785296249,-20.625,-10.0,QT450-10,166.76082423290245,,,,False
48,6,2,461.4986785296249,-20.625,-8.0,QT450-10,167.00561982945894,,,,False
48,6,3,461.4986785296249,-20.625,-6.0,QT450-10,167.1956143874099,,,,False
48,6,4,461.4986785296249,-20.625,-4.0,QT450-10,167.33107812423285,,,,False
48,6,5,461.4986785296249,-20.625,-2.0,QT450-10,167.4122503713286,,,,False
48,6,6,461.4986785296249,-20.625,0.0,QT450-10,167.4392895118766,,,,False
48,6,7,461.4986785296249,-20.625,2.0,QT450-10,167.4122503713286,,,,False
48,6,8,461.4986785296249,-20.625,4.0,QT450-10,167.33107812423285,,,,False
48,6,9,461.4986785296249,-20.625,6.0,QT450-10,167.1956143874099,,,,False
48,6,10,461.4986785296249,-20.625,8.0,QT450-10,167.00561982945894,,,,False
48,6,11,461.4986785296249,-20.625,10.0,QT450-10,166.76082423290245,,,,False
48,6,12,461.4986785296249,-20.625,12.0,QT450-10,166.4610134343231,,,,False
48,7,0,461.4986785296249,-18.0625,-12.0,QT450-10,172.23934890754538,,,,False
48,7,1,461.4986785296249,-18.0625,-10.0,QT450-10,172.95565675025554,,,,False
48,7,2,461.4986785296249,-18.0625,-8.0,QT450-10,173.93292483328628,,,,False
48,7,3,461.4986785296249,-18.0625,-6.0,QT450-10,175.01849456615435,,,,False
48,7,4,461.4986785296249,-18.0625,-4.0,QT450-10,176.01378020121763,,,,False
48,7,5,461.4986785296249,-18.0625,-2.0,QT450-10,176.71561712775028,,,,False
48,7,6,461.4986785296249,-18.0625,0.0,QT450-10,176.9690521679527,,,,False
48,7,7,461.4986785296249,-18.0625,2.0,QT450-10,176.71561712775028,,,,False
48,7,8,461.4986785296249,-18.0625,4.0,QT450-10,176.01378020121763,,,,False
48,7,9,461.4986785296249,-18.0625,6.0,QT450-10,175.01849456615435,,,,False
48,7,10,461.4986785296249,-18.0625,8.0,QT450-10,173.93292483328628,,,,False
48,7,11,461.4986785296249,-18.0625,10.0,QT450-10,172.95565675025554,,,,False
48,7,12,461.4986785296249,-18.0625,12.0,QT450-10,172.23934890754538,,,,False
48,8,0,461.4986785296249,-15.5,-12.0,QT450-10,181.95797726806177,,,,False
48,8,1,461.4986785296249,-15.5,-10.0,QT450-10,183.04825254086606,,,,False
48,8,2,461.4986785296249,-15.5,-8.0,QT450-10,184.6800170028314,,,,False
48,8,3,461.4986785296249,-15.5,-6.0,QT450-10,186.57835907391683,,,,False
48,8,4,461.4986785296249,-15.5,-4.0,QT450-10,188.37149247445524,,,,False
48,8,5,461.4986785296249,-15.5,-2.0,QT450-10,189.66178500968445,,,,False
48,8,6,461.4986785296249,-15.5,0.0,QT450-10,190.1328818311233,,,,False
48,8,7,461.4986785296249,-15.5,2.0,QT450-10,189.66178500968445,,,,False
48,8,8,461.4986785296249,-15.5,4.0,QT450-10,188.37149247445524,,,,False
48,8,9,461.4986785296249,-15.5,6.0,QT450-10,186.57835907391683,,,,False
48,8,10,461.4986785296249,-15.5,8.0,QT450-10,184.6800170028314,,,,False
48,8,11,461.4986785296249,-15.5,10.0,QT450-10,183.04825254086606,,,,False
48,8,12,461.4986785296249,-15.5,12.0,QT450-10,181.95797726806177,,,,False
48,9,0,461.4986785296249,-12.9375,-12.0,QT450-10,193.88540953141995,,,,False
48,9,1,461.4986785296249,-12.9375,-10.0,QT450-10,195.62403659362153,,,,False
48,9,2,461.4986785296249,-12.9375,-8.0,QT450-10,198.41883358609013,,,,False
48,9,3,461.4986785296249,-12.9375,-6.0,QT450-10,201.79799127114038,,,,False
48,9,4,461.4986785296249,-12.9375,-4.0,QT450-10,205.08532843588938,,,,False
48,9,5,461.4986785296249,-12.9375,-2.0,QT450-10,207.50710895145113,,,,False
48,9,6,461.4986785296249,-12.9375,0.0,QT450-10,208.40458138201367,,,,False
48,9,7,461.4986785296249,-12.9375,2.0,QT450-10,207.50710895145113,,,,False
48,9,8,461.4986785296249,-12.9375,4.0,QT450-10,205.08532843588938,,,,False
48,9,9,461.4986785296249,-12.9375,6.0,QT450-10,201.79799127114038,,,,False
48,9,10,461.4986785296249,-12.9375,8.0,QT450-10,198.41883358609013,,,,False
48,9,11,461.4986785296249,-12.9375,10.0,QT450-10,195.62403659362153,,,,False
48,9,12,461.4986785296249,-12.9375,12.0,QT450-10,193.88540953141995,,,,False
48,10,0,461.4986785296249,-10.375,-12.0,QT450-10,207.96703148441975,,,,False
48,10,1,461.4986785296249,-10.375,-10.0,QT450-10,210.78344612048684,,,,False
48,10,2,461.4986785296249,-10.375,-8.0,QT450-10,215.5657827798952,,,,False
48,10,3,461.4986785296249,-10.375,-6.0,QT450-10,221.56488565754393,,,,False
48,10,4,461.4986785296249,-10.375,-4.0,QT450-10,227.6085010162133,,,,False
48,10,5,461.4986785296249,-10.375,-2.0,QT450-10,232.20980302392843,,,,False
48,10,6,461.4986785296249,-10.375,0.0,QT450-10,233.958393318759,,,,False
48,10,7,461.4986785296249,-10.375,2.0,QT450-10,232.20980302392843,,,,False
48,10,8,461.4986785296249,-10.375,4.0,QT450-10,227.6085010162133,,,,False
48,10,9,461.4986785296249,-10.375,6.0,QT450-10,221.56488565754393,,,,False
48,10,10,461.4986785296249,-10.375,8.0,QT450-10,215.5657827798952,,,,False
48,10,11,461.4986785296249,-10.375,10.0,QT450-10,210.78344612048684,,,,False
48,10,12,461.4986785296249,-10.375,12.0,QT450-10,207.96703148441975,,,,False
48,11,0,461.4986785296249,-7.8125,-12.0,QT450-10,223.61158560902317,,,,False
48,11,1,461.4986785296249,-7.8125,-10.0,QT450-10,228.1063273991711,,,,False
48,11,2,461.4986785296249,-7.8125,-8.0,QT450-10,236.08622261363132,,,,False
48,11,3,461.4986785296249,-7.8125,-6.0,QT450-10,246.5063794430711,,,,False
48,11,4,461.4986785296249,-7.8125,-4.0,QT450-10,257.5161293081974,,,,False
48,11,5,461.4986785296249,-7.8125,-2.0,QT450-10,267.28734555825616,,,,False
48,11,6,461.4986785296249,-7.8125,0.0,QT450-10,271.6564016860687,,,,False
48,11,7,461.4986785296249,-7.8125,2.0,QT450-10,267.28734555825616,,,,False
48,11,8,461.4986785296249,-7.8125,4.0,QT450-10,257.5161293081974,,,,False
48,11,9,461.4986785296249,-7.8125,6.0,QT450-10,246.5063794430711,,,,False
48,11,10,461.4986785296249,-7.8125,8.0,QT450-10,236.08622261363132,,,,False
48,11,11,461.4986785296249,-7.8125,10.0,QT450-10,228.1063273991711,,,,False
48,11,12,461.4986785296249,-7.8125,12.0,QT450-10,223.61158560902317,,,,False
48,12,0,461.4986785296249,-5.25,-12.0,QT450-10,239.3690251891152,,,,False
48,12,1,461.4986785296249,-5.25,-10.0,QT450-10,246.22534425984702,,,,False
48,12,2,461.4986785296249,-5.25,-8.0,QT450-10,258.8725253886016,,,,False
48,12,3,461.4986785296249,-5.25,-6.0,QT450-10,276.3187584935601,,,,False
48,12,4,461.4986785296249,-5.25,-4.0,QT450-10,300.07494477119633,,,,False
48,12,5,461.4986785296249,-5.25,-2.0,QT450-10,326.0985082392497,,,,False
48,12,6,461.4986785296249,-5.25,0.0,QT450-10,340.44132065873623,,,,False
48,12,7,461.4986785296249,-5.25,2.0,QT450-10,326.0985082392497,,,,False
48,12,8,461.4986785296249,-5.25,4.0,QT450-10,300.07494477119633,,,,False
48,12,9,461.4986785296249,-5.25,6.0,QT450-10,276.3187584935601,,,,False
48,12,10,461.4986785296249,-5.25,8.0,QT450-10,258.8725253886016,,,,False
48,12,11,461.4986785296249,-5.25,10.0,QT450-10,246.22534425984702,,,,False
48,12,12,461.4986785296249,-5.25,12.0,QT450-10,239.3690251891152,,,,False
48,13,0,461.4986785296249,-2.6875,-12.0,ERNiFe-CI,252.75619133059936,,,,False
48,13,1,461.4986785296249,-2.6875,-10.0,ERNiFe-CI,262.48828429253257,,,,False
48,13,2,461.4986785296249,-2.6875,-8.0,ERNiFe-CI,280.9359706419036,,,,False
48,13,3,461.4986785296249,-2.6875,-6.0,ERNiFe-CI,310.23024393497366,,,,False
48,13,4,461.4986785296249,-2.6875,-4.0,ERNiFe-CI,359.4348222684098,,,,False
48,13,5,461.4986785296249,-2.6875,-2.0,ERNiFe-CI,428.9968576751171,,,,False
48,13,6,461.4986785296249,-2.6875,0.0,ERNiFe-CI,487.49483035764746,,,,False
48,13,7,461.4986785296249,-2.6875,2.0,ERNiFe-CI,428.9968576751171,,,,False
48,13,8,461.4986785296249,-2.6875,4.0,ERNiFe-CI,359.4348222684098,,,,False
48,13,9,461.4986785296249,-2.6875,6.0,ERNiFe-CI,310.23024393497366,,,,False
48,13,10,461.4986785296249,-2.6875,8.0,ERNiFe-CI,280.9359706419036,,,,False
48,13,11,461.4986785296249,-2.6875,10.0,ERNiFe-CI,262.48828429253257,,,,False
48,13,12,461.4986785296249,-2.6875,12.0,ERNiFe-CI,252.75619133059936,,,,False
48,14,0,461.4986785296249,-0.125,-12.0,ERNiFe-CI,264.14228185435337,,,,False
48,14,1,461.4986785296249,-0.125,-10.0,ERNiFe-CI,275.6478691946664,,,,False
48,14,2,461.4986785296249,-0.125,-8.0,ERNiFe-CI,297.8661533306779,,,,False
48,14,3,461.4986785296249,-0.125,-6.0,ERNiFe-CI,337.95514780945405,,,,False
48,14,4,461.4986785296249,-0.125,-4.0,ERNiFe-CI,419.5491466719781,,,,False
48,14,5,461.4986785296249,-0.125,-2.0,ERNiFe-CI,590.1845955050517,,,,False
48,14,6,461.4986785296249,-0.125,0.0,ERNiFe-CI,846.5317326468264,311.5474402220202,313.8991110728556,2.351670850835376,True
48,14,7,461.4986785296249,-0.125,2.0,ERNiFe-CI,590.1845955050517,,,,False
48,14,8,461.4986785296249,-0.125,4.0,ERNiFe-CI,419.5491466719781,,,,False
48,14,9,461.4986785296249,-0.125,6.0,ERNiFe-CI,337.95514780945405,,,,False
48,14,10,461.4986785296249,-0.125,8.0,ERNiFe-CI,297.8661533306779,,,,False
48,14,11,461.4986785296249,-0.125,10.0,ERNiFe-CI,275.6478691946664,,,,False
48,14,12,461.4986785296249,-0.125,12.0,ERNiFe-CI,264.14228185435337,,,,False
48,15,0,461.4986785296249,2.4375,-12.0,ERNiFe-CI,271.8907604425522,,,,False
48,15,1,461.4986785296249,2.4375,-10.0,ERNiFe-CI,283.2646699775557,,,,False
48,15,2,461.4986785296249,2.4375,-8.0,ERNiFe-CI,304.8453242077136,,,,False
48,15,3,461.4986785296249,2.4375,-6.0,ERNiFe-CI,338.52998711235807,,,,False
48,15,4,461.4986785296249,2.4375,-4.0,ERNiFe-CI,393.05655718566305,,,,False
48,15,5,461.4986785296249,2.4375,-2.0,ERNiFe-CI,469.10017934194804,,,,False
48,15,6,461.4986785296249,2.4375,0.0,ERNiFe-CI,534.4035090482497,,,,False
48,15,7,461.4986785296249,2.4375,2.0,ERNiFe-CI,469.10017934194804,,,,False
48,15,8,461.4986785296249,2.4375,4.0,ERNiFe-CI,393.05655718566305,,,,False
48,15,9,461.4986785296249,2.4375,6.0,ERNiFe-CI,338.52998711235807,,,,False
48,15,10,461.4986785296249,2.4375,8.0,ERNiFe-CI,304.84532420771353,,,,False
48,15,11,461.4986785296249,2.4375,10.0,ERNiFe-CI,283.2646699775556,,,,False
48,15,12,461.4986785296249,2.4375,12.0,ERNiFe-CI,271.89076044255216,,,,False
48,16,0,461.4986785296249,5.0,-12.0,Q235B,277.0069061878564,,,,False
48,16,1,461.4986785296249,5.0,-10.0,Q235B,287.06064756815084,,,,False
48,16,2,461.4986785296249,5.0,-8.0,Q235B,306.2562851091461,,,,False
48,16,3,461.4986785296249,5.0,-6.0,Q235B,333.63627529608294,,,,False
48,16,4,461.4986785296249,5.0,-4.0,Q235B,370.3819634919115,,,,False
48,16,5,461.4986785296249,5.0,-2.0,Q235B,408.57791990828025,,,,False
48,16,6,461.4986785296249,5.0,0.0,Q235B,428.8217880220528,,,,False
48,16,7,461.4986785296249,5.0,2.0,Q235B,408.57791990828025,,,,False
48,16,8,461.4986785296249,5.0,4.0,Q235B,370.3819634919115,,,,False
48,16,9,461.4986785296249,5.0,6.0,Q235B,333.63627529608294,,,,False
48,16,10,461.4986785296249,5.0,8.0,Q235B,306.25628510914606,,,,False
48,16,11,461.4986785296249,5.0,10.0,Q235B,287.0606475681508,,,,False
48,16,12,461.4986785296249,5.0,12.0,Q235B,277.0069061878563,,,,False
