ELMER SOLVER (v 9.0) STARTED AT: 2026/09/08 10:10:06
ParCommInit: Initialize #PEs: 1
MAIN: 
MAIN: =============================================================
MAIN: ElmerSolver finite element software, Welcome!
MAIN: This program is free software licensed under (L)GPL
MAIN: Copyright 1st April 1995 - , CSC - IT Center for Science Ltd.
MAIN: Webpage http://www.csc.fi/elmer, Email elmeradm@csc.fi
MAIN: Version: 9.0 (Rev: Release, Compiled: 2026-01-20)
MAIN:  Running one task without MPI parallelization.
MAIN:  Running with just one thread per task.
MAIN:  Lua interpreter linked in.
MAIN: =============================================================
MAIN: 
MAIN: 
MAIN: -------------------------------------
MAIN: Reading Model: case.sif
LoadInputFile: Scanning input file: case.sif
LoadInputFile: Scanning only size info
LoadInputFile: First time visiting
LoadInputFile: Reading base load of sif file
LoadInputFile: Loading input file: case.sif
LoadInputFile: Reading base load of sif file
Loading user function library: [ReferenceCallbacks]...[DormantCondition]
Loading user function library: [ReferenceCallbacks]...[BirthSource]
Loading user function library: [ReferenceCallbacks]...[SurfaceFlux]
Loading user function library: [ReferenceCallbacks]...[ReferenceDensity]
Loading user function library: [ReferenceCallbacks]...[SecantCapacity]
Loading user function library: [ReferenceCallbacks]...[ReferenceConductivity]
Loading user function library: [ReferenceCallbacks]...[ReferenceDensity]
Loading user function library: [ReferenceCallbacks]...[SecantCapacity]
Loading user function library: [ReferenceCallbacks]...[ReferenceConductivity]
Loading user function library: [ReferenceCallbacks]...[ReferenceDensity]
Loading user function library: [ReferenceCallbacks]...[SecantCapacity]
Loading user function library: [ReferenceCallbacks]...[ReferenceConductivity]
LoadInputFile: Number of BCs: 1
LoadInputFile: Number of Body Forces: 1
LoadInputFile: Number of Initial Conditions: 1
LoadInputFile: Number of Materials: 3
LoadInputFile: Number of Equations: 1
LoadInputFile: Number of Solvers: 3
LoadInputFile: Number of Bodies: 3
MAIN: 
MAIN: -------------------------------------
MAIN: Time: 1/260:   1.000E-01
MAIN: -------------------------------------
MAIN: 
ComputeChange: NS (ITER=1) (NRM,RELC): (  152.43137      2.0000000     ) :: heat equation
ComputeChange: NS (ITER=2) (NRM,RELC): (  152.43137     0.84016973E-11 ) :: heat equation
REF time=   0.100 max=   578.162 energy residual=  1.6317E-08
MAIN: 
MAIN: -------------------------------------
MAIN: Time: 2/260:   2.000E-01
MAIN: Estimated time left:  3.0 minutes
MAIN: -------------------------------------
MAIN: 
ComputeChange: NS (ITER=1) (NRM,RELC): (  154.66368     0.14538221E-01 ) :: heat equation
ComputeChange: NS (ITER=2) (NRM,RELC): (  154.66368     0.40898467E-10 ) :: heat equation
REF time=   0.200 max=   781.531 energy residual=  1.0532E-07
MAIN: 
MAIN: -------------------------------------
MAIN: Time: 3/260:   3.000E-01
MAIN: Estimated time left:  2.5 minutes
MAIN: -------------------------------------
MAIN: 
ComputeChange: NS (ITER=1) (NRM,RELC): (  156.59230     0.12392550E-01 ) :: heat equation
ComputeChange: NS (ITER=2) (NRM,RELC): (  156.59230     0.27646825E-10 ) :: heat equation
REF time=   0.300 max=   922.531 energy residual=  1.4805E-07
MAIN: 
MAIN: -------------------------------------
MAIN: Time: 4/260:   4.000E-01
MAIN: Estimated time left:  2.6 minutes
MAIN: -------------------------------------
MAIN: 
ComputeChange: NS (ITER=1) (NRM,RELC): (  158.30093     0.10852121E-01 ) :: heat equation
ComputeChange: NS (ITER=2) (NRM,RELC): (  158.30093     0.23007265E-10 ) :: heat equation
REF time=   0.400 max=  1034.177 energy residual=  1.8702E-07
MAIN: 
MAIN: -------------------------------------
MAIN: Time: 5/260:   5.000E-01
MAIN: Estimated time left:  2.5 minutes
MAIN: -------------------------------------
MAIN: 
ComputeChange: NS (ITER=1) (NRM,RELC): (  159.85187     0.97496370E-02 ) :: heat equation
ComputeChange: NS (ITER=2) (NRM,RELC): (  159.85187     0.11586534E-10 ) :: heat equation
REF time=   0.500 max=  1129.162 energy residual=  1.9870E-07
MAIN: 
MAIN: -------------------------------------
MAIN: Time: 6/260:   6.000E-01
MAIN: Estimated time left:  2.4 minutes
MAIN: -------------------------------------
MAIN: 
ComputeChange: NS (ITER=1) (NRM,RELC): (  161.28576     0.89300267E-02 ) :: heat equation
ComputeChange: NS (ITER=2) (NRM,RELC): (  161.28576     0.30754371E-10 ) :: heat equation
REF time=   0.600 max=  1213.504 energy residual=  2.8510E-07
MAIN: 
MAIN: -------------------------------------
MAIN: Time: 7/260:   7.000E-01
MAIN: Estimated time left:  2.4 minutes
MAIN: -------------------------------------
MAIN: 
ComputeChange: NS (ITER=1) (NRM,RELC): (  162.62953     0.82970432E-02 ) :: heat equation
ComputeChange: NS (ITER=2) (NRM,RELC): (  162.62953     0.27966359E-10 ) :: heat equation
REF time=   0.700 max=  1290.334 energy residual=  3.5291E-07
MAIN: 
MAIN: -------------------------------------
MAIN: Time: 8/260:   8.000E-01
MAIN: Estimated time left:  2.4 minutes
MAIN: -------------------------------------
MAIN: 
ComputeChange: NS (ITER=1) (NRM,RELC): (  163.90160     0.77914440E-02 ) :: heat equation
ComputeChange: NS (ITER=2) (NRM,RELC): (  163.90160     0.23160953E-10 ) :: heat equation
REF time=   0.800 max=  1361.414 energy residual=  4.1808E-07
MAIN: 
MAIN: -------------------------------------
MAIN: Time: 9/260:   9.000E-01
MAIN: Estimated time left:  2.4 minutes
MAIN: -------------------------------------
MAIN: 
ComputeChange: NS (ITER=1) (NRM,RELC): (  165.11491     0.73753915E-02 ) :: heat equation
ComputeChange: NS (ITER=2) (NRM,RELC): (  165.11491     0.21463080E-10 ) :: heat equation
REF time=   0.900 max=  1427.815 energy residual=  4.8074E-07
MAIN: 
MAIN: -------------------------------------
MAIN: Time: 10/260:   1.000E+00
MAIN: Estimated time left:  2.9 minutes
MAIN: -------------------------------------
MAIN: 
ComputeChange: NS (ITER=1) (NRM,RELC): (  166.27874     0.70238146E-02 ) :: heat equation
ComputeChange: NS (ITER=2) (NRM,RELC): (  166.27874     0.21906146E-10 ) :: heat equation
REF time=   1.000 max=  1490.233 energy residual=  5.4306E-07
MAIN: 
MAIN: -------------------------------------
MAIN: Time: 11/260:   1.100E+00
MAIN: Estimated time left:  2.7 minutes
MAIN: -------------------------------------
MAIN: 
ComputeChange: NS (ITER=1) (NRM,RELC): (  167.39983     0.67196152E-02 ) :: heat equation
ComputeChange: NS (ITER=2) (NRM,RELC): (  167.39983     0.22914305E-10 ) :: heat equation
REF time=   1.100 max=  1549.162 energy residual=  6.0774E-07
MAIN: 
MAIN: -------------------------------------
MAIN: Time: 12/260:   1.200E+00
MAIN: Estimated time left:  2.3 minutes
MAIN: -------------------------------------
MAIN: 
ComputeChange: NS (ITER=1) (NRM,RELC): (  168.48320     0.64508790E-02 ) :: heat equation
ComputeChange: NS (ITER=2) (NRM,RELC): (  168.48320     0.23708937E-10 ) :: heat equation
REF time=   1.200 max=  1604.968 energy residual=  6.7544E-07
MAIN: 
MAIN: -------------------------------------
MAIN: Time: 13/260:   1.300E+00
MAIN: Estimated time left:  2.3 minutes
MAIN: -------------------------------------
MAIN: 
ComputeChange: NS (ITER=1) (NRM,RELC): (  169.53260     0.62091699E-02 ) :: heat equation
ComputeChange: NS (ITER=2) (NRM,RELC): (  169.53260     0.24073504E-10 ) :: heat equation
REF time=   1.300 max=  1657.944 energy residual=  7.4374E-07
MAIN: 
MAIN: -------------------------------------
MAIN: Time: 14/260:   1.400E+00
MAIN: Estimated time left:  2.3 minutes
MAIN: -------------------------------------
MAIN: 
ComputeChange: NS (ITER=1) (NRM,RELC): (  170.53129     0.58735626E-02 ) :: heat equation
ComputeChange: NS (ITER=2) (NRM,RELC): (  170.53129     0.23512024E-10 ) :: heat equation
REF time=   1.400 max=  1700.755 energy residual=  8.1012E-07
MAIN: 
MAIN: -------------------------------------
MAIN: Time: 15/260:   1.500E+00
MAIN: Estimated time left:  2.3 minutes
MAIN: -------------------------------------
MAIN: 
ComputeChange: NS (ITER=1) (NRM,RELC): (  171.39771     0.50678332E-02 ) :: heat equation
ComputeChange: NS (ITER=2) (NRM,RELC): (  171.39771     0.22205710E-10 ) :: heat equation
REF time=   1.500 max=  1701.553 energy residual=  8.8772E-07
MAIN: 
MAIN: -------------------------------------
MAIN: Time: 16/260:   1.600E+00
MAIN: Estimated time left:  2.3 minutes
MAIN: -------------------------------------
MAIN: 
ComputeChange: NS (ITER=1) (NRM,RELC): (  172.20830     0.47180999E-02 ) :: heat equation
ComputeChange: NS (ITER=2) (NRM,RELC): (  172.20830     0.21566945E-10 ) :: heat equation
REF time=   1.600 max=  1690.948 energy residual=  9.5746E-07
MAIN: 
MAIN: -------------------------------------
MAIN: Time: 17/260:   1.700E+00
MAIN: Estimated time left:  2.3 minutes
MAIN: -------------------------------------
MAIN: 
ComputeChange: NS (ITER=1) (NRM,RELC): (  172.98563     0.45037468E-02 ) :: heat equation
ComputeChange: NS (ITER=2) (NRM,RELC): (  172.98563     0.20111262E-10 ) :: heat equation
REF time=   1.700 max=  1675.114 energy residual=  1.0224E-06
MAIN: 
MAIN: -------------------------------------
MAIN: Time: 18/260:   1.800E+00
MAIN: Estimated time left:  2.4 minutes
MAIN: -------------------------------------
MAIN: 
ComputeChange: NS (ITER=1) (NRM,RELC): (  173.73908     0.43460911E-02 ) :: heat equation
ComputeChange: NS (ITER=2) (NRM,RELC): (  173.73908     0.19077523E-10 ) :: heat equation
REF time=   1.800 max=  1656.054 energy residual=  1.0808E-06
MAIN: 
MAIN: -------------------------------------
MAIN: Time: 19/260:   1.900E+00
MAIN: Estimated time left:  2.4 minutes
MAIN: -------------------------------------
MAIN: 
ComputeChange: NS (ITER=1) (NRM,RELC): (  174.47331     0.42171472E-02 ) :: heat equation
ComputeChange: NS (ITER=2) (NRM,RELC): (  174.47331     0.18551871E-10 ) :: heat equation
REF time=   1.900 max=  1634.615 energy residual=  1.1379E-06
MAIN: 
MAIN: -------------------------------------
MAIN: Time: 20/260:   2.000E+00
MAIN: Estimated time left:  2.3 minutes
MAIN: -------------------------------------
MAIN: 
ComputeChange: NS (ITER=1) (NRM,RELC): (  175.19097     0.41048249E-02 ) :: heat equation
ComputeChange: NS (ITER=2) (NRM,RELC): (  175.19097     0.18272111E-10 ) :: heat equation
REF time=   2.000 max=  1611.229 energy residual=  1.1920E-06
MAIN: 
MAIN: -------------------------------------
MAIN: Time: 21/260:   2.100E+00
MAIN: Estimated time left:  2.2 minutes
MAIN: -------------------------------------
MAIN: 
ComputeChange: NS (ITER=1) (NRM,RELC): (  175.89369     0.40031615E-02 ) :: heat equation
ComputeChange: NS (ITER=2) (NRM,RELC): (  175.89369     0.18059501E-10 ) :: heat equation
REF time=   2.100 max=  1586.159 energy residual=  1.2502E-06
MAIN: 
MAIN: -------------------------------------
MAIN: Time: 22/260:   2.200E+00
MAIN: Estimated time left:  2.3 minutes
MAIN: -------------------------------------
MAIN: 
ComputeChange: NS (ITER=1) (NRM,RELC): (  176.58258     0.39088824E-02 ) :: heat equation
ComputeChange: NS (ITER=2) (NRM,RELC): (  176.58258     0.17851270E-10 ) :: heat equation
REF time=   2.200 max=  1559.586 energy residual=  1.3036E-06
MAIN: 
MAIN: -------------------------------------
MAIN: Time: 23/260:   2.300E+00
MAIN: Estimated time left:  2.2 minutes
MAIN: -------------------------------------
MAIN: 
ComputeChange: NS (ITER=1) (NRM,RELC): (  177.25843     0.38200230E-02 ) :: heat equation
ComputeChange: NS (ITER=2) (NRM,RELC): (  177.25843     0.17619340E-10 ) :: heat equation
REF time=   2.300 max=  1531.656 energy residual=  1.3538E-06
MAIN: 
MAIN: -------------------------------------
MAIN: Time: 24/260:   2.400E+00
MAIN: Estimated time left:  2.2 minutes
MAIN: -------------------------------------
MAIN: 
ComputeChange: NS (ITER=1) (NRM,RELC): (  177.92178     0.37353186E-02 ) :: heat equation
ComputeChange: NS (ITER=2) (NRM,RELC): (  177.92178     0.17354289E-10 ) :: heat equation
REF time=   2.400 max=  1552.521 energy residual=  1.4067E-06
MAIN: 
MAIN: -------------------------------------
MAIN: Time: 25/260:   2.500E+00
MAIN: Estimated time left:  2.2 minutes
MAIN: -------------------------------------
MAIN: 
ComputeChange: NS (ITER=1) (NRM,RELC): (  178.57308     0.36539123E-02 ) :: heat equation
ComputeChange: NS (ITER=2) (NRM,RELC): (  178.57308     0.17055915E-10 ) :: heat equation
REF time=   2.500 max=  1574.368 energy residual=  1.4566E-06
MAIN: 
MAIN: -------------------------------------
MAIN: Time: 26/260:   2.600E+00
MAIN: Estimated time left:  2.1 minutes
MAIN: -------------------------------------
MAIN: 
ComputeChange: NS (ITER=1) (NRM,RELC): (  179.21266     0.35752020E-02 ) :: heat equation
ComputeChange: NS (ITER=2) (NRM,RELC): (  179.21266     0.16743518E-10 ) :: heat equation
REF time=   2.600 max=  1594.574 energy residual=  1.5045E-06
MAIN: 
MAIN: -------------------------------------
MAIN: Time: 27/260:   2.700E+00
MAIN: Estimated time left:  2.2 minutes
MAIN: -------------------------------------
MAIN: 
ComputeChange: NS (ITER=1) (NRM,RELC): (  179.84078     0.34987567E-02 ) :: heat equation
ComputeChange: NS (ITER=2) (NRM,RELC): (  179.84078     0.16419219E-10 ) :: heat equation
REF time=   2.700 max=  1613.231 energy residual=  1.5494E-06
MAIN: 
MAIN: -------------------------------------
MAIN: Time: 28/260:   2.800E+00
MAIN: Estimated time left:  2.2 minutes
MAIN: -------------------------------------
MAIN: 
ComputeChange: NS (ITER=1) (NRM,RELC): (  180.42435     0.32396915E-02 ) :: heat equation
ComputeChange: NS (ITER=2) (NRM,RELC): (  180.42435     0.18177672E-10 ) :: heat equation
REF time=   2.800 max=  1610.378 energy residual=  1.5984E-06
MAIN: 
MAIN: -------------------------------------
MAIN: Time: 29/260:   2.900E+00
MAIN: Estimated time left:  2.3 minutes
MAIN: -------------------------------------
MAIN: 
ComputeChange: NS (ITER=1) (NRM,RELC): (  180.97968     0.30731484E-02 ) :: heat equation
ComputeChange: NS (ITER=2) (NRM,RELC): (  180.97968     0.20301190E-10 ) :: heat equation
REF time=   2.900 max=  1596.795 energy residual=  1.6529E-06
MAIN: 
MAIN: -------------------------------------
MAIN: Time: 30/260:   3.000E+00
MAIN: Estimated time left:  2.3 minutes
MAIN: -------------------------------------
MAIN: 
ComputeChange: NS (ITER=1) (NRM,RELC): (  181.51906     0.29758869E-02 ) :: heat equation
ComputeChange: NS (ITER=2) (NRM,RELC): (  181.51906     0.21610131E-10 ) :: heat equation
REF time=   3.000 max=  1578.659 energy residual=  1.7039E-06
MAIN: 
MAIN: -------------------------------------
MAIN: Time: 31/260:   3.100E+00
MAIN: Estimated time left:  2.2 minutes
MAIN: -------------------------------------
MAIN: 
ComputeChange: NS (ITER=1) (NRM,RELC): (  182.04798     0.29096359E-02 ) :: heat equation
ComputeChange: NS (ITER=2) (NRM,RELC): (  182.04798     0.22248021E-10 ) :: heat equation
REF time=   3.100 max=  1557.789 energy residual=  1.7575E-06
MAIN: 
MAIN: -------------------------------------
MAIN: Time: 32/260:   3.200E+00
MAIN: Estimated time left:  2.1 minutes
MAIN: -------------------------------------
MAIN: 
ComputeChange: NS (ITER=1) (NRM,RELC): (  182.56953     0.28608139E-02 ) :: heat equation
ComputeChange: NS (ITER=2) (NRM,RELC): (  182.56953     0.22464370E-10 ) :: heat equation
REF time=   3.200 max=  1534.986 energy residual=  1.8048E-06
MAIN: 
MAIN: -------------------------------------
MAIN: Time: 33/260:   3.300E+00
MAIN: Estimated time left:  2.2 minutes
MAIN: -------------------------------------
MAIN: 
ComputeChange: NS (ITER=1) (NRM,RELC): (  183.08556     0.28224763E-02 ) :: heat equation
ComputeChange: NS (ITER=2) (NRM,RELC): (  183.08556     0.22419993E-10 ) :: heat equation
REF time=   3.300 max=  1510.679 energy residual=  1.8560E-06
MAIN: 
MAIN: -------------------------------------
MAIN: Time: 34/260:   3.400E+00
MAIN: Estimated time left:  2.4 minutes
MAIN: -------------------------------------
MAIN: 
ComputeChange: NS (ITER=1) (NRM,RELC): (  183.59719     0.27905979E-02 ) :: heat equation
ComputeChange: NS (ITER=2) (NRM,RELC): (  183.59719     0.22202401E-10 ) :: heat equation
REF time=   3.400 max=  1524.838 energy residual=  1.9025E-06
MAIN: 
MAIN: -------------------------------------
MAIN: Time: 35/260:   3.500E+00
MAIN: Estimated time left:  2.1 minutes
MAIN: -------------------------------------
MAIN: 
ComputeChange: NS (ITER=1) (NRM,RELC): (  184.10511     0.27626861E-02 ) :: heat equation
ComputeChange: NS (ITER=2) (NRM,RELC): (  184.10511     0.21876853E-10 ) :: heat equation
REF time=   3.500 max=  1551.067 energy residual=  1.9484E-06
MAIN: 
MAIN: -------------------------------------
MAIN: Time: 36/260:   3.600E+00
MAIN: Estimated time left:  2.1 minutes
MAIN: -------------------------------------
MAIN: 
ComputeChange: NS (ITER=1) (NRM,RELC): (  184.60972     0.27371265E-02 ) :: heat equation
ComputeChange: NS (ITER=2) (NRM,RELC): (  184.60972     0.21477275E-10 ) :: heat equation
REF time=   3.600 max=  1575.444 energy residual=  1.9907E-06
MAIN: 
MAIN: -------------------------------------
MAIN: Time: 37/260:   3.700E+00
MAIN: Estimated time left:  2.1 minutes
MAIN: -------------------------------------
MAIN: 
ComputeChange: NS (ITER=1) (NRM,RELC): (  185.11122     0.27128382E-02 ) :: heat equation
ComputeChange: NS (ITER=2) (NRM,RELC): (  185.11122     0.21035857E-10 ) :: heat equation
REF time=   3.700 max=  1598.029 energy residual=  2.0339E-06
MAIN: 
MAIN: -------------------------------------
MAIN: Time: 38/260:   3.800E+00
MAIN: Estimated time left:  2.1 minutes
MAIN: -------------------------------------
MAIN: 
ComputeChange: NS (ITER=1) (NRM,RELC): (  185.60967     0.26890800E-02 ) :: heat equation
ComputeChange: NS (ITER=2) (NRM,RELC): (  185.60967     0.20569447E-10 ) :: heat equation
REF time=   3.800 max=  1618.891 energy residual=  2.0757E-06
MAIN: 
MAIN: -------------------------------------
MAIN: Time: 39/260:   3.900E+00
MAIN: Estimated time left:  2.2 minutes
MAIN: -------------------------------------
MAIN: 
ComputeChange: NS (ITER=1) (NRM,RELC): (  186.10504     0.26653359E-02 ) :: heat equation
ComputeChange: NS (ITER=2) (NRM,RELC): (  186.10504     0.20084640E-10 ) :: heat equation
REF time=   3.900 max=  1638.105 energy residual=  2.1127E-06
MAIN: 
MAIN: -------------------------------------
MAIN: Time: 40/260:   4.000E+00
MAIN: Estimated time left:  2.1 minutes
MAIN: -------------------------------------
MAIN: 
ComputeChange: NS (ITER=1) (NRM,RELC): (  186.59724     0.26412455E-02 ) :: heat equation
ComputeChange: NS (ITER=2) (NRM,RELC): (  186.59724     0.19603045E-10 ) :: heat equation
REF time=   4.000 max=  1655.756 energy residual=  2.1478E-06
MAIN: 
MAIN: -------------------------------------
MAIN: Time: 41/260:   4.100E+00
MAIN: Estimated time left:  2.1 minutes
MAIN: -------------------------------------
MAIN: 
ComputeChange: NS (ITER=1) (NRM,RELC): (  187.06291     0.24924684E-02 ) :: heat equation
ComputeChange: NS (ITER=2) (NRM,RELC): (  187.06291     0.19062275E-10 ) :: heat equation
REF time=   4.100 max=  1660.187 energy residual=  2.1870E-06
MAIN: 
MAIN: -------------------------------------
MAIN: Time: 42/260:   4.200E+00
MAIN: Estimated time left:  2.0 minutes
MAIN: -------------------------------------
MAIN: 
ComputeChange: NS (ITER=1) (NRM,RELC): (  187.49488     0.23065745E-02 ) :: heat equation
ComputeChange: NS (ITER=2) (NRM,RELC): (  187.49488     0.20033987E-10 ) :: heat equation
REF time=   4.200 max=  1648.403 energy residual=  2.2262E-06
MAIN: 
MAIN: -------------------------------------
MAIN: Time: 43/260:   4.300E+00
MAIN: Estimated time left:  2.0 minutes
MAIN: -------------------------------------
MAIN: 
ComputeChange: NS (ITER=1) (NRM,RELC): (  187.91380     0.22317864E-02 ) :: heat equation
ComputeChange: NS (ITER=2) (NRM,RELC): (  187.91380     0.21009800E-10 ) :: heat equation
REF time=   4.300 max=  1630.961 energy residual=  2.2687E-06
MAIN: 
MAIN: -------------------------------------
MAIN: Time: 44/260:   4.400E+00
MAIN: Estimated time left:  2.0 minutes
MAIN: -------------------------------------
MAIN: 
ComputeChange: NS (ITER=1) (NRM,RELC): (  188.32724     0.21977420E-02 ) :: heat equation
ComputeChange: NS (ITER=2) (NRM,RELC): (  188.32724     0.21933165E-10 ) :: heat equation
REF time=   4.400 max=  1610.381 energy residual=  2.3088E-06
MAIN: 
MAIN: -------------------------------------
MAIN: Time: 45/260:   4.500E+00
MAIN: Estimated time left:  2.0 minutes
MAIN: -------------------------------------
MAIN: 
ComputeChange: NS (ITER=1) (NRM,RELC): (  188.73890     0.21835197E-02 ) :: heat equation
ComputeChange: NS (ITER=2) (NRM,RELC): (  188.73890     0.22628625E-10 ) :: heat equation
REF time=   4.500 max=  1587.665 energy residual=  2.3539E-06
MAIN: 
MAIN: -------------------------------------
MAIN: Time: 46/260:   4.600E+00
MAIN: Estimated time left:  2.0 minutes
MAIN: -------------------------------------
MAIN: 
ComputeChange: NS (ITER=1) (NRM,RELC): (  189.15075     0.21797379E-02 ) :: heat equation
ComputeChange: NS (ITER=2) (NRM,RELC): (  189.15075     0.23030734E-10 ) :: heat equation
REF time=   4.600 max=  1563.325 energy residual=  2.3988E-06
MAIN: 
MAIN: -------------------------------------
MAIN: Time: 47/260:   4.700E+00
MAIN: Estimated time left:  2.0 minutes
MAIN: -------------------------------------
MAIN: 
ComputeChange: NS (ITER=1) (NRM,RELC): (  189.56383     0.21814544E-02 ) :: heat equation
ComputeChange: NS (ITER=2) (NRM,RELC): (  189.56383     0.23201548E-10 ) :: heat equation
REF time=   4.700 max=  1537.663 energy residual=  2.4444E-06
MAIN: 
MAIN: -------------------------------------
MAIN: Time: 48/260:   4.800E+00
MAIN: Estimated time left:  2.0 minutes
MAIN: -------------------------------------
MAIN: 
ComputeChange: NS (ITER=1) (NRM,RELC): (  189.97863     0.21858199E-02 ) :: heat equation
ComputeChange: NS (ITER=2) (NRM,RELC): (  189.97863     0.23191582E-10 ) :: heat equation
REF time=   4.800 max=  1560.084 energy residual=  2.4857E-06
MAIN: 
MAIN: -------------------------------------
MAIN: Time: 49/260:   4.900E+00
MAIN: Estimated time left:  2.2 minutes
MAIN: -------------------------------------
MAIN: 
ComputeChange: NS (ITER=1) (NRM,RELC): (  190.39535     0.21910847E-02 ) :: heat equation
ComputeChange: NS (ITER=2) (NRM,RELC): (  190.39535     0.23071558E-10 ) :: heat equation
REF time=   4.900 max=  1584.703 energy residual=  2.5293E-06
MAIN: 
MAIN: -------------------------------------
MAIN: Time: 50/260:   5.000E+00
MAIN: Estimated time left:  2.1 minutes
MAIN: -------------------------------------
MAIN: 
ComputeChange: NS (ITER=1) (NRM,RELC): (  190.81394     0.21961249E-02 ) :: heat equation
ComputeChange: NS (ITER=2) (NRM,RELC): (  190.81394     0.22854122E-10 ) :: heat equation
REF time=   5.000 max=  1607.539 energy residual=  2.5706E-06
MAIN: 
MAIN: -------------------------------------
MAIN: Time: 51/260:   5.100E+00
MAIN: Estimated time left:  2.0 minutes
MAIN: -------------------------------------
MAIN: 
ComputeChange: NS (ITER=1) (NRM,RELC): (  191.23423     0.22001975E-02 ) :: heat equation
ComputeChange: NS (ITER=2) (NRM,RELC): (  191.23423     0.22574123E-10 ) :: heat equation
REF time=   5.100 max=  1628.656 energy residual=  2.6108E-06
MAIN: 
MAIN: -------------------------------------
MAIN: Time: 52/260:   5.200E+00
MAIN: Estimated time left:  2.0 minutes
MAIN: -------------------------------------
MAIN: 
ComputeChange: NS (ITER=1) (NRM,RELC): (  191.65595     0.22028054E-02 ) :: heat equation
ComputeChange: NS (ITER=2) (NRM,RELC): (  191.65595     0.22244914E-10 ) :: heat equation
REF time=   5.200 max=  1648.126 energy residual=  2.6485E-06
MAIN: 
MAIN: -------------------------------------
MAIN: Time: 53/260:   5.300E+00
MAIN: Estimated time left:  2.0 minutes
MAIN: -------------------------------------
MAIN: 
ComputeChange: NS (ITER=1) (NRM,RELC): (  192.07875     0.22036194E-02 ) :: heat equation
ComputeChange: NS (ITER=2) (NRM,RELC): (  192.07875     0.21863019E-10 ) :: heat equation
REF time=   5.300 max=  1666.027 energy residual=  2.6873E-06
MAIN: 
MAIN: -------------------------------------
MAIN: Time: 54/260:   5.400E+00
MAIN: Estimated time left:  1.9 minutes
MAIN: -------------------------------------
MAIN: 
ComputeChange: NS (ITER=1) (NRM,RELC): (  192.49478     0.21635895E-02 ) :: heat equation
ComputeChange: NS (ITER=2) (NRM,RELC): (  192.49478     0.21620870E-10 ) :: heat equation
REF time=   5.400 max=  1678.535 energy residual=  2.7241E-06
MAIN: 
MAIN: -------------------------------------
MAIN: Time: 55/260:   5.500E+00
MAIN: Estimated time left:  2.0 minutes
MAIN: -------------------------------------
MAIN: 
ComputeChange: NS (ITER=1) (NRM,RELC): (  192.87229     0.19592097E-02 ) :: heat equation
ComputeChange: NS (ITER=2) (NRM,RELC): (  192.87229     0.23146465E-10 ) :: heat equation
REF time=   5.500 max=  1669.072 energy residual=  2.7616E-06
MAIN: 
MAIN: -------------------------------------
MAIN: Time: 56/260:   5.600E+00
MAIN: Estimated time left:  2.1 minutes
MAIN: -------------------------------------
MAIN: 
ComputeChange: NS (ITER=1) (NRM,RELC): (  193.23738     0.18911452E-02 ) :: heat equation
ComputeChange: NS (ITER=2) (NRM,RELC): (  193.23738     0.24792850E-10 ) :: heat equation
REF time=   5.600 max=  1652.766 energy residual=  2.8057E-06
MAIN: 
MAIN: -------------------------------------
MAIN: Time: 57/260:   5.700E+00
MAIN: Estimated time left:  2.7 minutes
MAIN: -------------------------------------
MAIN: 
ComputeChange: NS (ITER=1) (NRM,RELC): (  193.59876     0.18683743E-02 ) :: heat equation
ComputeChange: NS (ITER=2) (NRM,RELC): (  193.59876     0.25929104E-10 ) :: heat equation
REF time=   5.700 max=  1632.902 energy residual=  2.8521E-06
MAIN: 
MAIN: -------------------------------------
MAIN: Time: 58/260:   5.800E+00
MAIN: Estimated time left:  2.7 minutes
MAIN: -------------------------------------
MAIN: 
ComputeChange: NS (ITER=1) (NRM,RELC): (  193.96045     0.18664962E-02 ) :: heat equation
ComputeChange: NS (ITER=2) (NRM,RELC): (  193.96045     0.26554807E-10 ) :: heat equation
REF time=   5.800 max=  1610.707 energy residual=  2.9001E-06
MAIN: 
MAIN: -------------------------------------
MAIN: Time: 59/260:   5.900E+00
MAIN: Estimated time left:  2.8 minutes
MAIN: -------------------------------------
MAIN: 
ComputeChange: NS (ITER=1) (NRM,RELC): (  194.32448     0.18750855E-02 ) :: heat equation
ComputeChange: NS (ITER=2) (NRM,RELC): (  194.32448     0.26819079E-10 ) :: heat equation
REF time=   5.900 max=  1586.780 energy residual=  2.9457E-06
MAIN: 
MAIN: -------------------------------------
MAIN: Time: 60/260:   6.000E+00
MAIN: Estimated time left:  2.8 minutes
MAIN: -------------------------------------
MAIN: 
ComputeChange: NS (ITER=1) (NRM,RELC): (  194.69187     0.18888101E-02 ) :: heat equation
ComputeChange: NS (ITER=2) (NRM,RELC): (  194.69187     0.26831097E-10 ) :: heat equation
REF time=   6.000 max=  1561.468 energy residual=  2.9958E-06
MAIN: 
MAIN: -------------------------------------
MAIN: Time: 61/260:   6.100E+00
MAIN: Estimated time left:  2.8 minutes
MAIN: -------------------------------------
MAIN: 
ComputeChange: NS (ITER=1) (NRM,RELC): (  195.06305     0.19046729E-02 ) :: heat equation
ComputeChange: NS (ITER=2) (NRM,RELC): (  195.06305     0.26668140E-10 ) :: heat equation
REF time=   6.100 max=  1568.263 energy residual=  3.0433E-06
MAIN: 
MAIN: -------------------------------------
MAIN: Time: 62/260:   6.200E+00
MAIN: Estimated time left:  2.8 minutes
MAIN: -------------------------------------
MAIN: 
ComputeChange: NS (ITER=1) (NRM,RELC): (  195.43810     0.19208790E-02 ) :: heat equation
ComputeChange: NS (ITER=2) (NRM,RELC): (  195.43810     0.26385736E-10 ) :: heat equation
REF time=   6.200 max=  1593.291 energy residual=  3.0881E-06
MAIN: 
MAIN: -------------------------------------
MAIN: Time: 63/260:   6.300E+00
MAIN: Estimated time left:  2.7 minutes
MAIN: -------------------------------------
MAIN: 
ComputeChange: NS (ITER=1) (NRM,RELC): (  195.81689     0.19363049E-02 ) :: heat equation
ComputeChange: NS (ITER=2) (NRM,RELC): (  195.81689     0.26021038E-10 ) :: heat equation
REF time=   6.300 max=  1616.524 energy residual=  3.1338E-06
MAIN: 
MAIN: -------------------------------------
MAIN: Time: 64/260:   6.400E+00
MAIN: Estimated time left:  2.7 minutes
MAIN: -------------------------------------
MAIN: 
ComputeChange: NS (ITER=1) (NRM,RELC): (  196.19916     0.19502285E-02 ) :: heat equation
ComputeChange: NS (ITER=2) (NRM,RELC): (  196.19916     0.25605724E-10 ) :: heat equation
REF time=   6.400 max=  1638.022 energy residual=  3.1795E-06
MAIN: 
MAIN: -------------------------------------
MAIN: Time: 65/260:   6.500E+00
MAIN: Estimated time left:  2.7 minutes
MAIN: -------------------------------------
MAIN: 
ComputeChange: NS (ITER=1) (NRM,RELC): (  196.58451     0.19621824E-02 ) :: heat equation
ComputeChange: NS (ITER=2) (NRM,RELC): (  196.58451     0.25153026E-10 ) :: heat equation
REF time=   6.500 max=  1657.855 energy residual=  3.2218E-06
MAIN: 
MAIN: -------------------------------------
MAIN: Time: 66/260:   6.600E+00
MAIN: Estimated time left:  2.7 minutes
MAIN: -------------------------------------
MAIN: 
ComputeChange: NS (ITER=1) (NRM,RELC): (  196.97253     0.19718697E-02 ) :: heat equation
ComputeChange: NS (ITER=2) (NRM,RELC): (  196.97253     0.24673628E-10 ) :: heat equation
REF time=   6.600 max=  1676.098 energy residual=  3.2662E-06
MAIN: 
MAIN: -------------------------------------
MAIN: Time: 67/260:   6.700E+00
MAIN: Estimated time left:  2.7 minutes
MAIN: -------------------------------------
MAIN: 
ComputeChange: NS (ITER=1) (NRM,RELC): (  197.36275     0.19791128E-02 ) :: heat equation
ComputeChange: NS (ITER=2) (NRM,RELC): (  197.36275     0.24188070E-10 ) :: heat equation
REF time=   6.700 max=  1692.835 energy residual=  3.3056E-06
MAIN: 
MAIN: -------------------------------------
MAIN: Time: 68/260:   6.800E+00
MAIN: Estimated time left:  2.8 minutes
MAIN: -------------------------------------
MAIN: 
ComputeChange: NS (ITER=1) (NRM,RELC): (  197.71852     0.18009694E-02 ) :: heat equation
ComputeChange: NS (ITER=2) (NRM,RELC): (  197.71852     0.25046424E-10 ) :: heat equation
REF time=   6.800 max=  1688.603 energy residual=  3.3435E-06
MAIN: 
MAIN: -------------------------------------
MAIN: Time: 69/260:   6.900E+00
MAIN: Estimated time left:  2.6 minutes
MAIN: -------------------------------------
MAIN: 
ComputeChange: NS (ITER=1) (NRM,RELC): (  198.05678     0.17094037E-02 ) :: heat equation
ComputeChange: NS (ITER=2) (NRM,RELC): (  198.05678     0.23666200E-10 ) :: heat equation
REF time=   6.900 max=  1674.032 energy residual=  3.3811E-06
MAIN: 
MAIN: -------------------------------------
MAIN: Time: 70/260:   7.000E+00
MAIN: Estimated time left:  2.6 minutes
MAIN: -------------------------------------
MAIN: 
ComputeChange: NS (ITER=1) (NRM,RELC): (  198.39017     0.16818742E-02 ) :: heat equation
ComputeChange: NS (ITER=2) (NRM,RELC): (  198.39017     0.20990845E-10 ) :: heat equation
REF time=   7.000 max=  1655.083 energy residual=  3.4151E-06
MAIN: 
MAIN: -------------------------------------
MAIN: Time: 71/260:   7.100E+00
MAIN: Estimated time left:  2.5 minutes
MAIN: -------------------------------------
MAIN: 
ComputeChange: NS (ITER=1) (NRM,RELC): (  198.72375     0.16800352E-02 ) :: heat equation
ComputeChange: NS (ITER=2) (NRM,RELC): (  198.72375     0.21553867E-10 ) :: heat equation
REF time=   7.100 max=  1633.482 energy residual=  3.4471E-06
MAIN: 
MAIN: -------------------------------------
MAIN: Time: 72/260:   7.200E+00
MAIN: Estimated time left:  2.5 minutes
MAIN: -------------------------------------
MAIN: 
ComputeChange: NS (ITER=1) (NRM,RELC): (  199.05999     0.16905570E-02 ) :: heat equation
ComputeChange: NS (ITER=2) (NRM,RELC): (  199.05999     0.22828033E-10 ) :: heat equation
REF time=   7.200 max=  1609.989 energy residual=  3.4860E-06
MAIN: 
MAIN: -------------------------------------
MAIN: Time: 73/260:   7.300E+00
MAIN: Estimated time left:  2.5 minutes
MAIN: -------------------------------------
MAIN: 
ComputeChange: NS (ITER=1) (NRM,RELC): (  199.40009     0.17070768E-02 ) :: heat equation
ComputeChange: NS (ITER=2) (NRM,RELC): (  199.40009     0.23551238E-10 ) :: heat equation
REF time=   7.300 max=  1585.015 energy residual=  3.5255E-06
MAIN: 
MAIN: -------------------------------------
MAIN: Time: 74/260:   7.400E+00
MAIN: Estimated time left:  2.6 minutes
MAIN: -------------------------------------
MAIN: 
ComputeChange: NS (ITER=1) (NRM,RELC): (  199.74459     0.17261493E-02 ) :: heat equation
ComputeChange: NS (ITER=2) (NRM,RELC): (  199.74459     0.23808149E-10 ) :: heat equation
REF time=   7.400 max=  1572.204 energy residual=  3.5636E-06
MAIN: 
MAIN: -------------------------------------
MAIN: Time: 75/260:   7.500E+00
MAIN: Estimated time left:  2.6 minutes
MAIN: -------------------------------------
MAIN: 
ComputeChange: NS (ITER=1) (NRM,RELC): (  200.09360     0.17457671E-02 ) :: heat equation
ComputeChange: NS (ITER=2) (NRM,RELC): (  200.09360     0.23771735E-10 ) :: heat equation
REF time=   7.500 max=  1597.761 energy residual=  3.5989E-06
MAIN: 
MAIN: -------------------------------------
MAIN: Time: 76/260:   7.600E+00
MAIN: Estimated time left:  2.5 minutes
MAIN: -------------------------------------
MAIN: 
ComputeChange: NS (ITER=1) (NRM,RELC): (  200.44701     0.17647008E-02 ) :: heat equation
ComputeChange: NS (ITER=2) (NRM,RELC): (  200.44701     0.23569598E-10 ) :: heat equation
REF time=   7.600 max=  1621.507 energy residual=  3.6396E-06
MAIN: 
MAIN: -------------------------------------
MAIN: Time: 77/260:   7.700E+00
MAIN: Estimated time left:  2.6 minutes
MAIN: -------------------------------------
MAIN: 
ComputeChange: NS (ITER=1) (NRM,RELC): (  200.80456     0.17821739E-02 ) :: heat equation
ComputeChange: NS (ITER=2) (NRM,RELC): (  200.80456     0.23273143E-10 ) :: heat equation
REF time=   7.700 max=  1643.500 energy residual=  3.6783E-06
MAIN: 
MAIN: -------------------------------------
MAIN: Time: 78/260:   7.800E+00
MAIN: Estimated time left:  2.5 minutes
MAIN: -------------------------------------
MAIN: 
ComputeChange: NS (ITER=1) (NRM,RELC): (  201.16587     0.17976901E-02 ) :: heat equation
ComputeChange: NS (ITER=2) (NRM,RELC): (  201.16587     0.22925602E-10 ) :: heat equation
REF time=   7.800 max=  1663.804 energy residual=  3.7117E-06
MAIN: 
MAIN: -------------------------------------
MAIN: Time: 79/260:   7.900E+00
MAIN: Estimated time left:  2.6 minutes
MAIN: -------------------------------------
MAIN: 
ComputeChange: NS (ITER=1) (NRM,RELC): (  201.53050     0.18109364E-02 ) :: heat equation
ComputeChange: NS (ITER=2) (NRM,RELC): (  201.53050     0.22560037E-10 ) :: heat equation
REF time=   7.900 max=  1682.495 energy residual=  3.7505E-06
MAIN: 
MAIN: -------------------------------------
MAIN: Time: 80/260:   8.000E+00
MAIN: Estimated time left:  2.6 minutes
MAIN: -------------------------------------
MAIN: 
ComputeChange: NS (ITER=1) (NRM,RELC): (  201.89797     0.18217256E-02 ) :: heat equation
ComputeChange: NS (ITER=2) (NRM,RELC): (  201.89797     0.22182811E-10 ) :: heat equation
REF time=   8.000 max=  1699.654 energy residual=  3.7873E-06
MAIN: 
MAIN: -------------------------------------
MAIN: Time: 81/260:   8.100E+00
MAIN: Estimated time left:  2.5 minutes
MAIN: -------------------------------------
MAIN: 
ComputeChange: NS (ITER=1) (NRM,RELC): (  202.24626     0.17235660E-02 ) :: heat equation
ComputeChange: NS (ITER=2) (NRM,RELC): (  202.24626     0.21156964E-10 ) :: heat equation
REF time=   8.100 max=  1703.636 energy residual=  3.8186E-06
MAIN: 
MAIN: -------------------------------------
MAIN: Time: 82/260:   8.200E+00
MAIN: Estimated time left:  2.7 minutes
MAIN: -------------------------------------
MAIN: 
ComputeChange: NS (ITER=1) (NRM,RELC): (  202.56839     0.15915134E-02 ) :: heat equation
ComputeChange: NS (ITER=2) (NRM,RELC): (  202.56839     0.16863467E-10 ) :: heat equation
REF time=   8.200 max=  1691.477 energy residual=  3.8473E-06
MAIN: 
MAIN: -------------------------------------
MAIN: Time: 83/260:   8.300E+00
MAIN: Estimated time left:  2.5 minutes
MAIN: -------------------------------------
MAIN: 
ComputeChange: NS (ITER=1) (NRM,RELC): (  202.88314     0.15525875E-02 ) :: heat equation
ComputeChange: NS (ITER=2) (NRM,RELC): (  202.88314     0.14656678E-10 ) :: heat equation
REF time=   8.300 max=  1673.732 energy residual=  3.8739E-06
MAIN: 
MAIN: -------------------------------------
MAIN: Time: 84/260:   8.400E+00
MAIN: Estimated time left:  2.5 minutes
MAIN: -------------------------------------
MAIN: 
ComputeChange: NS (ITER=1) (NRM,RELC): (  203.19710     0.15462879E-02 ) :: heat equation
ComputeChange: NS (ITER=2) (NRM,RELC): (  203.19710     0.19599790E-10 ) :: heat equation
REF time=   8.400 max=  1652.896 energy residual=  3.9066E-06
MAIN: 
MAIN: -------------------------------------
MAIN: Time: 85/260:   8.500E+00
MAIN: Estimated time left:  2.4 minutes
MAIN: -------------------------------------
MAIN: 
ComputeChange: NS (ITER=1) (NRM,RELC): (  203.51334     0.15551244E-02 ) :: heat equation
ComputeChange: NS (ITER=2) (NRM,RELC): (  203.51334     0.22446791E-10 ) :: heat equation
REF time=   8.500 max=  1629.957 energy residual=  3.9437E-06
MAIN: 
MAIN: -------------------------------------
MAIN: Time: 86/260:   8.600E+00
MAIN: Estimated time left:  2.4 minutes
MAIN: -------------------------------------
MAIN: 
ComputeChange: NS (ITER=1) (NRM,RELC): (  203.83338     0.15713328E-02 ) :: heat equation
ComputeChange: NS (ITER=2) (NRM,RELC): (  203.83338     0.23571376E-10 ) :: heat equation
REF time=   8.600 max=  1605.419 energy residual=  3.9843E-06
MAIN: 
MAIN: -------------------------------------
MAIN: Time: 87/260:   8.700E+00
MAIN: Estimated time left:  2.3 minutes
MAIN: -------------------------------------
MAIN: 
ComputeChange: NS (ITER=1) (NRM,RELC): (  204.15791     0.15908631E-02 ) :: heat equation
ComputeChange: NS (ITER=2) (NRM,RELC): (  204.15791     0.23884588E-10 ) :: heat equation
REF time=   8.700 max=  1579.579 energy residual=  4.0213E-06
MAIN: 
MAIN: -------------------------------------
MAIN: Time: 88/260:   8.800E+00
MAIN: Estimated time left:  2.3 minutes
MAIN: -------------------------------------
MAIN: 
ComputeChange: NS (ITER=1) (NRM,RELC): (  204.48716     0.16114129E-02 ) :: heat equation
ComputeChange: NS (ITER=2) (NRM,RELC): (  204.48716     0.23812634E-10 ) :: heat equation
REF time=   8.800 max=  1599.838 energy residual=  4.0599E-06
MAIN: 
MAIN: -------------------------------------
MAIN: Time: 89/260:   8.900E+00
MAIN: Estimated time left:  2.4 minutes
MAIN: -------------------------------------
MAIN: 
ComputeChange: NS (ITER=1) (NRM,RELC): (  204.82107     0.16315964E-02 ) :: heat equation
ComputeChange: NS (ITER=2) (NRM,RELC): (  204.82107     0.23545269E-10 ) :: heat equation
REF time=   8.900 max=  1624.133 energy residual=  4.0983E-06
MAIN: 
MAIN: -------------------------------------
MAIN: Time: 90/260:   9.000E+00
MAIN: Estimated time left:  2.3 minutes
MAIN: -------------------------------------
MAIN: 
ComputeChange: NS (ITER=1) (NRM,RELC): (  205.15941     0.16505477E-02 ) :: heat equation
ComputeChange: NS (ITER=2) (NRM,RELC): (  205.15941     0.23175064E-10 ) :: heat equation
REF time=   9.000 max=  1646.655 energy residual=  4.1357E-06
MAIN: 
MAIN: -------------------------------------
MAIN: Time: 91/260:   9.100E+00
MAIN: Estimated time left:  2.3 minutes
MAIN: -------------------------------------
MAIN: 
ComputeChange: NS (ITER=1) (NRM,RELC): (  205.50185     0.16677157E-02 ) :: heat equation
ComputeChange: NS (ITER=2) (NRM,RELC): (  205.50185     0.22753206E-10 ) :: heat equation
REF time=   9.100 max=  1667.467 energy residual=  4.1747E-06
MAIN: 
MAIN: -------------------------------------
MAIN: Time: 92/260:   9.200E+00
MAIN: Estimated time left:  2.3 minutes
MAIN: -------------------------------------
MAIN: 
ComputeChange: NS (ITER=1) (NRM,RELC): (  205.84795     0.16827510E-02 ) :: heat equation
ComputeChange: NS (ITER=2) (NRM,RELC): (  205.84795     0.22314544E-10 ) :: heat equation
REF time=   9.200 max=  1686.642 energy residual=  4.2115E-06
MAIN: 
MAIN: -------------------------------------
MAIN: Time: 93/260:   9.300E+00
MAIN: Estimated time left:  2.3 minutes
MAIN: -------------------------------------
MAIN: 
ComputeChange: NS (ITER=1) (NRM,RELC): (  206.19725     0.16954405E-02 ) :: heat equation
ComputeChange: NS (ITER=2) (NRM,RELC): (  206.19725     0.21867090E-10 ) :: heat equation
REF time=   9.300 max=  1704.257 energy residual=  4.2467E-06
MAIN: 
MAIN: -------------------------------------
MAIN: Time: 94/260:   9.400E+00
MAIN: Estimated time left:  2.3 minutes
MAIN: -------------------------------------
MAIN: 
ComputeChange: NS (ITER=1) (NRM,RELC): (  206.54213     0.16711897E-02 ) :: heat equation
ComputeChange: NS (ITER=2) (NRM,RELC): (  206.54213     0.21299825E-10 ) :: heat equation
REF time=   9.400 max=  1716.488 energy residual=  4.2802E-06
MAIN: 
MAIN: -------------------------------------
MAIN: Time: 95/260:   9.500E+00
MAIN: Estimated time left:  2.3 minutes
MAIN: -------------------------------------
MAIN: 
ComputeChange: NS (ITER=1) (NRM,RELC): (  206.85221     0.15001778E-02 ) :: heat equation
ComputeChange: NS (ITER=2) (NRM,RELC): (  206.85221     0.18198631E-10 ) :: heat equation
REF time=   9.500 max=  1706.766 energy residual=  4.3116E-06
MAIN: 
MAIN: -------------------------------------
MAIN: Time: 96/260:   9.600E+00
MAIN: Estimated time left:  2.3 minutes
MAIN: -------------------------------------
MAIN: 
ComputeChange: NS (ITER=1) (NRM,RELC): (  207.15221     0.14492735E-02 ) :: heat equation
ComputeChange: NS (ITER=2) (NRM,RELC): (  207.15221     0.10558658E-10 ) :: heat equation
REF time=   9.600 max=  1690.249 energy residual=  4.3305E-06
MAIN: 
MAIN: -------------------------------------
MAIN: Time: 97/260:   9.700E+00
MAIN: Estimated time left:  2.3 minutes
MAIN: -------------------------------------
MAIN: 
ComputeChange: NS (ITER=1) (NRM,RELC): (  207.45024     0.14376534E-02 ) :: heat equation
ComputeChange: NS (ITER=2) (NRM,RELC): (  207.45024     0.15117263E-10 ) :: heat equation
REF time=   9.700 max=  1670.202 energy residual=  4.3590E-06
MAIN: 
MAIN: -------------------------------------
MAIN: Time: 98/260:   9.800E+00
MAIN: Estimated time left:  2.3 minutes
MAIN: -------------------------------------
MAIN: 
ComputeChange: NS (ITER=1) (NRM,RELC): (  207.75000     0.14439022E-02 ) :: heat equation
ComputeChange: NS (ITER=2) (NRM,RELC): (  207.75000     0.19503655E-10 ) :: heat equation
REF time=   9.800 max=  1647.842 energy residual=  4.3920E-06
MAIN: 
MAIN: -------------------------------------
MAIN: Time: 99/260:   9.900E+00
MAIN: Estimated time left:  2.3 minutes
MAIN: -------------------------------------
MAIN: 
ComputeChange: NS (ITER=1) (NRM,RELC): (  208.05331     0.14589124E-02 ) :: heat equation
ComputeChange: NS (ITER=2) (NRM,RELC): (  208.05331     0.21280903E-10 ) :: heat equation
REF time=   9.900 max=  1623.764 energy residual=  4.4308E-06
MAIN: 
MAIN: -------------------------------------
MAIN: Time: 100/260:   1.000E+01
MAIN: Estimated time left:  2.4 minutes
MAIN: -------------------------------------
MAIN: 
ComputeChange: NS (ITER=1) (NRM,RELC): (  208.36105     0.14780465E-02 ) :: heat equation
ComputeChange: NS (ITER=2) (NRM,RELC): (  208.36105     0.21917862E-10 ) :: heat equation
REF time=  10.000 max=  1598.309 energy residual=  4.4677E-06
MAIN: 
MAIN: -------------------------------------
MAIN: Time: 101/260:   1.010E+01
MAIN: Estimated time left:  2.3 minutes
MAIN: -------------------------------------
MAIN: 
ComputeChange: NS (ITER=1) (NRM,RELC): (  208.67355     0.14987113E-02 ) :: heat equation
ComputeChange: NS (ITER=2) (NRM,RELC): (  208.67355     0.22029003E-10 ) :: heat equation
REF time=  10.100 max=  1600.008 energy residual=  4.5063E-06
MAIN: 
MAIN: -------------------------------------
MAIN: Time: 102/260:   1.020E+01
MAIN: Estimated time left:  2.2 minutes
MAIN: -------------------------------------
MAIN: 
ComputeChange: NS (ITER=1) (NRM,RELC): (  208.99085     0.15193643E-02 ) :: heat equation
ComputeChange: NS (ITER=2) (NRM,RELC): (  208.99085     0.21890163E-10 ) :: heat equation
REF time=  10.200 max=  1624.876 energy residual=  4.5419E-06
MAIN: 
MAIN: -------------------------------------
MAIN: Time: 103/260:   1.030E+01
MAIN: Estimated time left:  2.2 minutes
MAIN: -------------------------------------
MAIN: 
ComputeChange: NS (ITER=1) (NRM,RELC): (  209.31274     0.15390487E-02 ) :: heat equation
ComputeChange: NS (ITER=2) (NRM,RELC): (  209.31274     0.21627156E-10 ) :: heat equation
REF time=  10.300 max=  1647.953 energy residual=  4.5795E-06
MAIN: 
MAIN: -------------------------------------
MAIN: Time: 104/260:   1.040E+01
MAIN: Estimated time left:  2.3 minutes
MAIN: -------------------------------------
MAIN: 
ComputeChange: NS (ITER=1) (NRM,RELC): (  209.63893     0.15571561E-02 ) :: heat equation
ComputeChange: NS (ITER=2) (NRM,RELC): (  209.63893     0.21293479E-10 ) :: heat equation
REF time=  10.400 max=  1669.298 energy residual=  4.6164E-06
MAIN: 
MAIN: -------------------------------------
MAIN: Time: 105/260:   1.050E+01
MAIN: Estimated time left:  2.3 minutes
MAIN: -------------------------------------
MAIN: 
ComputeChange: NS (ITER=1) (NRM,RELC): (  209.96901     0.15732982E-02 ) :: heat equation
ComputeChange: NS (ITER=2) (NRM,RELC): (  209.96901     0.20923631E-10 ) :: heat equation
REF time=  10.500 max=  1688.981 energy residual=  4.6521E-06
MAIN: 
MAIN: -------------------------------------
MAIN: Time: 106/260:   1.060E+01
MAIN: Estimated time left:  2.3 minutes
MAIN: -------------------------------------
MAIN: 
ComputeChange: NS (ITER=1) (NRM,RELC): (  210.30255     0.15872335E-02 ) :: heat equation
ComputeChange: NS (ITER=2) (NRM,RELC): (  210.30255     0.20545958E-10 ) :: heat equation
REF time=  10.600 max=  1707.079 energy residual=  4.6845E-06
MAIN: 
MAIN: -------------------------------------
MAIN: Time: 107/260:   1.070E+01
MAIN: Estimated time left:  2.2 minutes
MAIN: -------------------------------------
MAIN: 
ComputeChange: NS (ITER=1) (NRM,RELC): (  210.63905     0.15988229E-02 ) :: heat equation
ComputeChange: NS (ITER=2) (NRM,RELC): (  210.63905     0.20167037E-10 ) :: heat equation
REF time=  10.700 max=  1723.673 energy residual=  4.7245E-06
MAIN: 
MAIN: -------------------------------------
MAIN: Time: 108/260:   1.080E+01
MAIN: Estimated time left:  2.1 minutes
MAIN: -------------------------------------
MAIN: 
ComputeChange: NS (ITER=1) (NRM,RELC): (  210.94363     0.14449266E-02 ) :: heat equation
ComputeChange: NS (ITER=2) (NRM,RELC): (  210.94363     0.18562989E-10 ) :: heat equation
REF time=  10.800 max=  1719.302 energy residual=  4.7525E-06
MAIN: 
MAIN: -------------------------------------
MAIN: Time: 109/260:   1.090E+01
MAIN: Estimated time left:  2.0 minutes
MAIN: -------------------------------------
MAIN: 
ComputeChange: NS (ITER=1) (NRM,RELC): (  211.23237     0.13678470E-02 ) :: heat equation
ComputeChange: NS (ITER=2) (NRM,RELC): (  211.23237     0.11875413E-10 ) :: heat equation
REF time=  10.900 max=  1704.625 energy residual=  4.7741E-06
MAIN: 
MAIN: -------------------------------------
MAIN: Time: 110/260:   1.100E+01
MAIN: Estimated time left:  2.1 minutes
MAIN: -------------------------------------
MAIN: 
ComputeChange: NS (ITER=1) (NRM,RELC): (  211.51716     0.13473561E-02 ) :: heat equation
ComputeChange: NS (ITER=2) (NRM,RELC): (  211.51716     0.12470945E-10 ) :: heat equation
REF time=  11.000 max=  1685.595 energy residual=  4.7998E-06
MAIN: 
MAIN: -------------------------------------
MAIN: Time: 111/260:   1.110E+01
MAIN: Estimated time left:  2.0 minutes
MAIN: -------------------------------------
MAIN: 
ComputeChange: NS (ITER=1) (NRM,RELC): (  211.80278     0.13494142E-02 ) :: heat equation
ComputeChange: NS (ITER=2) (NRM,RELC): (  211.80278     0.17507167E-10 ) :: heat equation
REF time=  11.100 max=  1663.928 energy residual=  4.8306E-06
MAIN: 
MAIN: -------------------------------------
MAIN: Time: 112/260:   1.120E+01
MAIN: Estimated time left:  2.1 minutes
MAIN: -------------------------------------
MAIN: 
ComputeChange: NS (ITER=1) (NRM,RELC): (  212.09151     0.13622751E-02 ) :: heat equation
ComputeChange: NS (ITER=2) (NRM,RELC): (  212.09151     0.19731299E-10 ) :: heat equation
REF time=  11.200 max=  1640.376 energy residual=  4.8670E-06
MAIN: 
MAIN: -------------------------------------
MAIN: Time: 113/260:   1.130E+01
MAIN: Estimated time left:  2.1 minutes
MAIN: -------------------------------------
MAIN: 
ComputeChange: NS (ITER=1) (NRM,RELC): (  212.38447     0.13803438E-02 ) :: heat equation
ComputeChange: NS (ITER=2) (NRM,RELC): (  212.38447     0.20562549E-10 ) :: heat equation
REF time=  11.300 max=  1615.349 energy residual=  4.9027E-06
MAIN: 
MAIN: -------------------------------------
MAIN: Time: 114/260:   1.140E+01
MAIN: Estimated time left:  2.1 minutes
MAIN: -------------------------------------
MAIN: 
ComputeChange: NS (ITER=1) (NRM,RELC): (  212.68214     0.14005935E-02 ) :: heat equation
ComputeChange: NS (ITER=2) (NRM,RELC): (  212.68214     0.20782865E-10 ) :: heat equation
REF time=  11.400 max=  1598.645 energy residual=  4.9396E-06
MAIN: 
MAIN: -------------------------------------
MAIN: Time: 115/260:   1.150E+01
MAIN: Estimated time left:  2.0 minutes
MAIN: -------------------------------------
MAIN: 
ComputeChange: NS (ITER=1) (NRM,RELC): (  212.98464     0.14212612E-02 ) :: heat equation
ComputeChange: NS (ITER=2) (NRM,RELC): (  212.98464     0.20713581E-10 ) :: heat equation
REF time=  11.500 max=  1624.102 energy residual=  4.9760E-06
MAIN: 
MAIN: -------------------------------------
MAIN: Time: 116/260:   1.160E+01
MAIN: Estimated time left:  1.9 minutes
MAIN: -------------------------------------
MAIN: 
ComputeChange: NS (ITER=1) (NRM,RELC): (  213.29183     0.14412675E-02 ) :: heat equation
ComputeChange: NS (ITER=2) (NRM,RELC): (  213.29183     0.20495729E-10 ) :: heat equation
REF time=  11.600 max=  1647.750 energy residual=  5.0127E-06
MAIN: 
MAIN: -------------------------------------
MAIN: Time: 117/260:   1.170E+01
MAIN: Estimated time left:  2.1 minutes
MAIN: -------------------------------------
MAIN: 
ComputeChange: NS (ITER=1) (NRM,RELC): (  213.60344     0.14599304E-02 ) :: heat equation
ComputeChange: NS (ITER=2) (NRM,RELC): (  213.60344     0.20200511E-10 ) :: heat equation
REF time=  11.700 max=  1669.645 energy residual=  5.0489E-06
MAIN: 
MAIN: -------------------------------------
MAIN: Time: 118/260:   1.180E+01
MAIN: Estimated time left:  2.0 minutes
MAIN: -------------------------------------
MAIN: 
ComputeChange: NS (ITER=1) (NRM,RELC): (  213.91913     0.14768140E-02 ) :: heat equation
ComputeChange: NS (ITER=2) (NRM,RELC): (  213.91913     0.19862461E-10 ) :: heat equation
REF time=  11.800 max=  1689.855 energy residual=  5.0842E-06
MAIN: 
MAIN: -------------------------------------
MAIN: Time: 119/260:   1.190E+01
MAIN: Estimated time left:  2.0 minutes
MAIN: -------------------------------------
MAIN: 
ComputeChange: NS (ITER=1) (NRM,RELC): (  214.23846     0.14916432E-02 ) :: heat equation
ComputeChange: NS (ITER=2) (NRM,RELC): (  214.23846     0.19512604E-10 ) :: heat equation
REF time=  11.900 max=  1708.453 energy residual=  5.1170E-06
MAIN: 
MAIN: -------------------------------------
MAIN: Time: 120/260:   1.200E+01
MAIN: Estimated time left:  2.0 minutes
MAIN: -------------------------------------
MAIN: 
ComputeChange: NS (ITER=1) (NRM,RELC): (  214.56097     0.15042534E-02 ) :: heat equation
ComputeChange: NS (ITER=2) (NRM,RELC): (  214.56097     0.19158869E-10 ) :: heat equation
REF time=  12.000 max=  1725.521 energy residual=  5.1510E-06
MAIN: 
MAIN: -------------------------------------
MAIN: Time: 121/260:   1.210E+01
MAIN: Estimated time left:  2.0 minutes
MAIN: -------------------------------------
MAIN: 
ComputeChange: NS (ITER=1) (NRM,RELC): (  214.86567     0.14190848E-02 ) :: heat equation
ComputeChange: NS (ITER=2) (NRM,RELC): (  214.86567     0.18333146E-10 ) :: heat equation
REF time=  12.100 max=  1729.414 energy residual=  5.1810E-06
MAIN: 
MAIN: -------------------------------------
MAIN: Time: 122/260:   1.220E+01
MAIN: Estimated time left:  1.9 minutes
MAIN: -------------------------------------
MAIN: 
ComputeChange: NS (ITER=1) (NRM,RELC): (  215.14588     0.13033000E-02 ) :: heat equation
ComputeChange: NS (ITER=2) (NRM,RELC): (  215.14588     0.14008214E-10 ) :: heat equation
REF time=  12.200 max=  1717.183 energy residual=  5.2122E-06
MAIN: 
MAIN: -------------------------------------
MAIN: Time: 123/260:   1.230E+01
MAIN: Estimated time left:  1.9 minutes
MAIN: -------------------------------------
MAIN: 
ComputeChange: NS (ITER=1) (NRM,RELC): (  215.41947     0.12708137E-02 ) :: heat equation
ComputeChange: NS (ITER=2) (NRM,RELC): (  215.41947     0.10423122E-10 ) :: heat equation
REF time=  12.300 max=  1699.392 energy residual=  5.2308E-06
MAIN: 
MAIN: -------------------------------------
MAIN: Time: 124/260:   1.240E+01
MAIN: Estimated time left:  1.9 minutes
MAIN: -------------------------------------
MAIN: 
ComputeChange: NS (ITER=1) (NRM,RELC): (  215.69265     0.12673401E-02 ) :: heat equation
ComputeChange: NS (ITER=2) (NRM,RELC): (  215.69265     0.15333751E-10 ) :: heat equation
REF time=  12.400 max=  1678.523 energy residual=  5.2620E-06
MAIN: 
MAIN: -------------------------------------
MAIN: Time: 125/260:   1.250E+01
MAIN: Estimated time left:  1.9 minutes
MAIN: -------------------------------------
MAIN: 
ComputeChange: NS (ITER=1) (NRM,RELC): (  215.96833     0.12773137E-02 ) :: heat equation
ComputeChange: NS (ITER=2) (NRM,RELC): (  215.96833     0.18076094E-10 ) :: heat equation
REF time=  12.500 max=  1655.559 energy residual=  5.2937E-06
MAIN: 
MAIN: -------------------------------------
MAIN: Time: 126/260:   1.260E+01
MAIN: Estimated time left:  1.7 minutes
MAIN: -------------------------------------
MAIN: 
ComputeChange: NS (ITER=1) (NRM,RELC): (  216.24794     0.12938384E-02 ) :: heat equation
ComputeChange: NS (ITER=2) (NRM,RELC): (  216.24794     0.19141103E-10 ) :: heat equation
REF time=  12.600 max=  1631.000 energy residual=  5.3259E-06
MAIN: 
MAIN: -------------------------------------
MAIN: Time: 127/260:   1.270E+01
MAIN: Estimated time left:  1.8 minutes
MAIN: -------------------------------------
MAIN: 
ComputeChange: NS (ITER=1) (NRM,RELC): (  216.53213     0.13133193E-02 ) :: heat equation
ComputeChange: NS (ITER=2) (NRM,RELC): (  216.53213     0.19479830E-10 ) :: heat equation
REF time=  12.700 max=  1605.145 energy residual=  5.3651E-06
MAIN: 
MAIN: -------------------------------------
MAIN: Time: 128/260:   1.280E+01
MAIN: Estimated time left:  1.9 minutes
MAIN: -------------------------------------
MAIN: 
ComputeChange: NS (ITER=1) (NRM,RELC): (  216.82112     0.13337120E-02 ) :: heat equation
ComputeChange: NS (ITER=2) (NRM,RELC): (  216.82112     0.19476413E-10 ) :: heat equation
REF time=  12.800 max=  1622.064 energy residual=  5.4011E-06
MAIN: 
MAIN: -------------------------------------
MAIN: Time: 129/260:   1.290E+01
MAIN: Estimated time left:  1.8 minutes
MAIN: -------------------------------------
MAIN: 
ComputeChange: NS (ITER=1) (NRM,RELC): (  217.11484     0.13537850E-02 ) :: heat equation
ComputeChange: NS (ITER=2) (NRM,RELC): (  217.11484     0.19302140E-10 ) :: heat equation
REF time=  12.900 max=  1646.294 energy residual=  5.4339E-06
MAIN: 
MAIN: -------------------------------------
MAIN: Time: 130/260:   1.300E+01
MAIN: Estimated time left:  1.8 minutes
MAIN: -------------------------------------
MAIN: 
ComputeChange: NS (ITER=1) (NRM,RELC): (  217.41310     0.13727675E-02 ) :: heat equation
ComputeChange: NS (ITER=2) (NRM,RELC): (  217.41310     0.19046627E-10 ) :: heat equation
REF time=  13.000 max=  1668.753 energy residual=  5.4682E-06
MAIN: 
MAIN: -------------------------------------
MAIN: Time: 131/260:   1.310E+01
MAIN: Estimated time left:  1.7 minutes
MAIN: -------------------------------------
MAIN: 
ComputeChange: NS (ITER=1) (NRM,RELC): (  217.71555     0.13901675E-02 ) :: heat equation
ComputeChange: NS (ITER=2) (NRM,RELC): (  217.71555     0.18745631E-10 ) :: heat equation
REF time=  13.100 max=  1689.504 energy residual=  5.5062E-06
MAIN: 
MAIN: -------------------------------------
MAIN: Time: 132/260:   1.320E+01
MAIN: Estimated time left:  1.9 minutes
MAIN: -------------------------------------
MAIN: 
ComputeChange: NS (ITER=1) (NRM,RELC): (  218.02180     0.14056719E-02 ) :: heat equation
ComputeChange: NS (ITER=2) (NRM,RELC): (  218.02180     0.18424160E-10 ) :: heat equation
REF time=  13.200 max=  1708.618 energy residual=  5.5380E-06
MAIN: 
MAIN: -------------------------------------
MAIN: Time: 133/260:   1.330E+01
MAIN: Estimated time left:  1.7 minutes
MAIN: -------------------------------------
MAIN: 
ComputeChange: NS (ITER=1) (NRM,RELC): (  218.33141     0.14190883E-02 ) :: heat equation
ComputeChange: NS (ITER=2) (NRM,RELC): (  218.33141     0.18092248E-10 ) :: heat equation
REF time=  13.300 max=  1726.173 energy residual=  5.5695E-06
MAIN: 
MAIN: -------------------------------------
MAIN: Time: 134/260:   1.340E+01
MAIN: Estimated time left:  1.8 minutes
MAIN: -------------------------------------
MAIN: 
ComputeChange: NS (ITER=1) (NRM,RELC): (  218.63712     0.13992149E-02 ) :: heat equation
ComputeChange: NS (ITER=2) (NRM,RELC): (  218.63712     0.17675666E-10 ) :: heat equation
REF time=  13.400 max=  1738.346 energy residual=  5.6015E-06
MAIN: 
MAIN: -------------------------------------
MAIN: Time: 135/260:   1.350E+01
MAIN: Estimated time left:  1.7 minutes
MAIN: -------------------------------------
MAIN: 
ComputeChange: NS (ITER=1) (NRM,RELC): (  218.90990     0.12468670E-02 ) :: heat equation
ComputeChange: NS (ITER=2) (NRM,RELC): (  218.90990     0.15388576E-10 ) :: heat equation
REF time=  13.500 max=  1728.571 energy residual=  5.6305E-06
MAIN: 
MAIN: -------------------------------------
MAIN: Time: 136/260:   1.360E+01
MAIN: Estimated time left:  1.7 minutes
MAIN: -------------------------------------
MAIN: 
ComputeChange: NS (ITER=1) (NRM,RELC): (  219.17334     0.12027141E-02 ) :: heat equation
ComputeChange: NS (ITER=2) (NRM,RELC): (  219.17334     0.10006255E-10 ) :: heat equation
REF time=  13.600 max=  1712.027 energy residual=  5.6526E-06
MAIN: 
MAIN: -------------------------------------
MAIN: Time: 137/260:   1.370E+01
MAIN: Estimated time left:  1.6 minutes
MAIN: -------------------------------------
MAIN: 
ComputeChange: NS (ITER=1) (NRM,RELC): (  219.43514     0.11937569E-02 ) :: heat equation
ComputeChange: NS (ITER=2) (NRM,RELC): (  219.43514     0.13275242E-10 ) :: heat equation
REF time=  13.700 max=  1691.967 energy residual=  5.6784E-06
MAIN: 
MAIN: -------------------------------------
MAIN: Time: 138/260:   1.380E+01
MAIN: Estimated time left:  1.6 minutes
MAIN: -------------------------------------
MAIN: 
ComputeChange: NS (ITER=1) (NRM,RELC): (  219.69880     0.12008038E-02 ) :: heat equation
ComputeChange: NS (ITER=2) (NRM,RELC): (  219.69880     0.16460231E-10 ) :: heat equation
REF time=  13.800 max=  1669.602 energy residual=  5.7113E-06
MAIN: 
MAIN: -------------------------------------
MAIN: Time: 139/260:   1.390E+01
MAIN: Estimated time left:  1.6 minutes
MAIN: -------------------------------------
MAIN: 
ComputeChange: NS (ITER=1) (NRM,RELC): (  219.96605     0.12157089E-02 ) :: heat equation
ComputeChange: NS (ITER=2) (NRM,RELC): (  219.96605     0.17747316E-10 ) :: heat equation
REF time=  13.900 max=  1645.523 energy residual=  5.7467E-06
MAIN: 
MAIN: -------------------------------------
MAIN: Time: 140/260:   1.400E+01
MAIN: Estimated time left:  1.7 minutes
MAIN: -------------------------------------
MAIN: 
ComputeChange: NS (ITER=1) (NRM,RELC): (  220.23773     0.12343264E-02 ) :: heat equation
ComputeChange: NS (ITER=2) (NRM,RELC): (  220.23773     0.18197102E-10 ) :: heat equation
REF time=  14.000 max=  1620.069 energy residual=  5.7792E-06
MAIN: 
MAIN: -------------------------------------
MAIN: Time: 141/260:   1.410E+01
MAIN: Estimated time left:  1.7 minutes
MAIN: -------------------------------------
MAIN: 
ComputeChange: NS (ITER=1) (NRM,RELC): (  220.51415     0.12543379E-02 ) :: heat equation
ComputeChange: NS (ITER=2) (NRM,RELC): (  220.51415     0.18261420E-10 ) :: heat equation
REF time=  14.100 max=  1618.946 energy residual=  5.8134E-06
MAIN: 
MAIN: -------------------------------------
MAIN: Time: 142/260:   1.420E+01
MAIN: Estimated time left:  1.6 minutes
MAIN: -------------------------------------
MAIN: 
ComputeChange: NS (ITER=1) (NRM,RELC): (  220.79535     0.12743631E-02 ) :: heat equation
ComputeChange: NS (ITER=2) (NRM,RELC): (  220.79535     0.18136471E-10 ) :: heat equation
REF time=  14.200 max=  1643.771 energy residual=  5.8459E-06
MAIN: 
MAIN: -------------------------------------
MAIN: Time: 143/260:   1.430E+01
MAIN: Estimated time left:  1.5 minutes
MAIN: -------------------------------------
MAIN: 
ComputeChange: NS (ITER=1) (NRM,RELC): (  221.08114     0.12935440E-02 ) :: heat equation
ComputeChange: NS (ITER=2) (NRM,RELC): (  221.08114     0.17915175E-10 ) :: heat equation
REF time=  14.300 max=  1666.804 energy residual=  5.8809E-06
MAIN: 
MAIN: -------------------------------------
MAIN: Time: 144/260:   1.440E+01
MAIN: Estimated time left:  1.6 minutes
MAIN: -------------------------------------
MAIN: 
ComputeChange: NS (ITER=1) (NRM,RELC): (  221.37124     0.13113338E-02 ) :: heat equation
ComputeChange: NS (ITER=2) (NRM,RELC): (  221.37124     0.17645960E-10 ) :: heat equation
REF time=  14.400 max=  1688.107 energy residual=  5.9154E-06
MAIN: 
MAIN: -------------------------------------
MAIN: Time: 145/260:   1.450E+01
MAIN: Estimated time left:  1.6 minutes
MAIN: -------------------------------------
MAIN: 
ComputeChange: NS (ITER=1) (NRM,RELC): (  221.66528     0.13273824E-02 ) :: heat equation
ComputeChange: NS (ITER=2) (NRM,RELC): (  221.66528     0.17351241E-10 ) :: heat equation
REF time=  14.500 max=  1707.749 energy residual=  5.9490E-06
MAIN: 
MAIN: -------------------------------------
MAIN: Time: 146/260:   1.460E+01
MAIN: Estimated time left:  1.6 minutes
MAIN: -------------------------------------
MAIN: 
ComputeChange: NS (ITER=1) (NRM,RELC): (  221.96284     0.13414701E-02 ) :: heat equation
ComputeChange: NS (ITER=2) (NRM,RELC): (  221.96284     0.17050119E-10 ) :: heat equation
REF time=  14.600 max=  1725.807 energy residual=  5.9818E-06
MAIN: 
MAIN: -------------------------------------
MAIN: Time: 147/260:   1.470E+01
MAIN: Estimated time left:  1.5 minutes
MAIN: -------------------------------------
MAIN: 
ComputeChange: NS (ITER=1) (NRM,RELC): (  222.26346     0.13534690E-02 ) :: heat equation
ComputeChange: NS (ITER=2) (NRM,RELC): (  222.26346     0.16751489E-10 ) :: heat equation
REF time=  14.700 max=  1742.362 energy residual=  6.0130E-06
MAIN: 
MAIN: -------------------------------------
MAIN: Time: 148/260:   1.480E+01
MAIN: Estimated time left:  1.5 minutes
MAIN: -------------------------------------
MAIN: 
ComputeChange: NS (ITER=1) (NRM,RELC): (  222.53378     0.12154535E-02 ) :: heat equation
ComputeChange: NS (ITER=2) (NRM,RELC): (  222.53378     0.15554214E-10 ) :: heat equation
REF time=  14.800 max=  1737.953 energy residual=  6.0429E-06
MAIN: 
MAIN: -------------------------------------
MAIN: Time: 149/260:   1.490E+01
MAIN: Estimated time left:  1.4 minutes
MAIN: -------------------------------------
MAIN: 
ComputeChange: NS (ITER=1) (NRM,RELC): (  222.78916     0.11469610E-02 ) :: heat equation
ComputeChange: NS (ITER=2) (NRM,RELC): (  222.78916     0.10784956E-10 ) :: heat equation
REF time=  14.900 max=  1723.257 energy residual=  6.0623E-06
MAIN: 
MAIN: -------------------------------------
MAIN: Time: 150/260:   1.500E+01
MAIN: Estimated time left:  1.5 minutes
MAIN: -------------------------------------
MAIN: 
ComputeChange: NS (ITER=1) (NRM,RELC): (  223.04096     0.11295775E-02 ) :: heat equation
ComputeChange: NS (ITER=2) (NRM,RELC): (  223.04096     0.11203233E-10 ) :: heat equation
REF time=  15.000 max=  1704.224 energy residual=  6.0912E-06
MAIN: 
MAIN: -------------------------------------
MAIN: Time: 151/260:   1.510E+01
MAIN: Estimated time left:  1.5 minutes
MAIN: -------------------------------------
MAIN: 
ComputeChange: NS (ITER=1) (NRM,RELC): (  223.29370     0.11325196E-02 ) :: heat equation
ComputeChange: NS (ITER=2) (NRM,RELC): (  223.29370     0.14760868E-10 ) :: heat equation
REF time=  15.100 max=  1682.560 energy residual=  6.1175E-06
MAIN: 
MAIN: -------------------------------------
MAIN: Time: 152/260:   1.520E+01
MAIN: Estimated time left:  1.6 minutes
MAIN: -------------------------------------
MAIN: 
ComputeChange: NS (ITER=1) (NRM,RELC): (  223.54957     0.11452105E-02 ) :: heat equation
ComputeChange: NS (ITER=2) (NRM,RELC): (  223.54957     0.16364732E-10 ) :: heat equation
REF time=  15.200 max=  1659.017 energy residual=  6.1521E-06
MAIN: 
MAIN: -------------------------------------
MAIN: Time: 153/260:   1.530E+01
MAIN: Estimated time left:  1.4 minutes
MAIN: -------------------------------------
MAIN: 
ComputeChange: NS (ITER=1) (NRM,RELC): (  223.80962     0.11626166E-02 ) :: heat equation
ComputeChange: NS (ITER=2) (NRM,RELC): (  223.80962     0.16962129E-10 ) :: heat equation
REF time=  15.300 max=  1634.003 energy residual=  6.1824E-06
MAIN: 
MAIN: -------------------------------------
MAIN: Time: 154/260:   1.540E+01
MAIN: Estimated time left:  1.1 minutes
MAIN: -------------------------------------
MAIN: 
ComputeChange: NS (ITER=1) (NRM,RELC): (  224.07432     0.11820150E-02 ) :: heat equation
ComputeChange: NS (ITER=2) (NRM,RELC): (  224.07432     0.17108126E-10 ) :: heat equation
REF time=  15.400 max=  1614.894 energy residual=  6.2206E-06
MAIN: 
MAIN: -------------------------------------
MAIN: Time: 155/260:   1.550E+01
MAIN: Estimated time left:  1.1 minutes
MAIN: -------------------------------------
MAIN: 
ComputeChange: NS (ITER=1) (NRM,RELC): (  224.34378     0.12018185E-02 ) :: heat equation
ComputeChange: NS (ITER=2) (NRM,RELC): (  224.34378     0.17038169E-10 ) :: heat equation
REF time=  15.500 max=  1640.320 energy residual=  6.2540E-06
MAIN: 
MAIN: -------------------------------------
MAIN: Time: 156/260:   1.560E+01
MAIN: Estimated time left:  1.1 minutes
MAIN: -------------------------------------
MAIN: 
ComputeChange: NS (ITER=1) (NRM,RELC): (  224.61789     0.12210542E-02 ) :: heat equation
ComputeChange: NS (ITER=2) (NRM,RELC): (  224.61789     0.16860349E-10 ) :: heat equation
REF time=  15.600 max=  1663.938 energy residual=  6.2850E-06
MAIN: 
MAIN: -------------------------------------
MAIN: Time: 157/260:   1.570E+01
MAIN: Estimated time left:  1.2 minutes
MAIN: -------------------------------------
MAIN: 
ComputeChange: NS (ITER=1) (NRM,RELC): (  224.89638     0.12391060E-02 ) :: heat equation
ComputeChange: NS (ITER=2) (NRM,RELC): (  224.89638     0.16617426E-10 ) :: heat equation
REF time=  15.700 max=  1685.804 energy residual=  6.3181E-06
MAIN: 
MAIN: -------------------------------------
MAIN: Time: 158/260:   1.580E+01
MAIN: Estimated time left:  1.1 minutes
MAIN: -------------------------------------
MAIN: 
ComputeChange: NS (ITER=1) (NRM,RELC): (  225.17894     0.12555789E-02 ) :: heat equation
ComputeChange: NS (ITER=2) (NRM,RELC): (  225.17894     0.16357769E-10 ) :: heat equation
REF time=  15.800 max=  1705.985 energy residual=  6.3515E-06
MAIN: 
MAIN: -------------------------------------
MAIN: Time: 159/260:   1.590E+01
MAIN: Estimated time left:  1.2 minutes
MAIN: -------------------------------------
MAIN: 
ComputeChange: NS (ITER=1) (NRM,RELC): (  225.46514     0.12702221E-02 ) :: heat equation
ComputeChange: NS (ITER=2) (NRM,RELC): (  225.46514     0.16079594E-10 ) :: heat equation
REF time=  15.900 max=  1724.556 energy residual=  6.3825E-06
MAIN: 
MAIN: -------------------------------------
MAIN: Time: 160/260:   1.600E+01
MAIN: Estimated time left:  1.0 minutes
MAIN: -------------------------------------
MAIN: 
ComputeChange: NS (ITER=1) (NRM,RELC): (  225.75458     0.12828843E-02 ) :: heat equation
ComputeChange: NS (ITER=2) (NRM,RELC): (  225.75458     0.15802528E-10 ) :: heat equation
REF time=  16.000 max=  1741.597 energy residual=  6.4119E-06
MAIN: 
MAIN: -------------------------------------
MAIN: Time: 161/260:   1.610E+01
MAIN: Estimated time left:  1.3 minutes
MAIN: -------------------------------------
MAIN: 
ComputeChange: NS (ITER=1) (NRM,RELC): (  226.02712     0.12065412E-02 ) :: heat equation
ComputeChange: NS (ITER=2) (NRM,RELC): (  226.02712     0.15184299E-10 ) :: heat equation
REF time=  16.100 max=  1745.464 energy residual=  6.4411E-06
MAIN: 
MAIN: -------------------------------------
MAIN: Time: 162/260:   1.620E+01
MAIN: Estimated time left:  1.2 minutes
MAIN: -------------------------------------
MAIN: 
ComputeChange: NS (ITER=1) (NRM,RELC): (  226.27639     0.11022310E-02 ) :: heat equation
ComputeChange: NS (ITER=2) (NRM,RELC): (  226.27639     0.12060578E-10 ) :: heat equation
REF time=  16.200 max=  1733.218 energy residual=  6.4668E-06
MAIN: 
MAIN: -------------------------------------
MAIN: Time: 163/260:   1.630E+01
MAIN: Estimated time left:  1.0 minutes
MAIN: -------------------------------------
MAIN: 
ComputeChange: NS (ITER=1) (NRM,RELC): (  226.51947     0.10736531E-02 ) :: heat equation
ComputeChange: NS (ITER=2) (NRM,RELC): (  226.51947     0.95195134E-11 ) :: heat equation
REF time=  16.300 max=  1715.427 energy residual=  6.4897E-06
MAIN: 
MAIN: -------------------------------------
MAIN: Time: 164/260:   1.640E+01
MAIN: Estimated time left:  1.3 minutes
MAIN: -------------------------------------
MAIN: 
ComputeChange: NS (ITER=1) (NRM,RELC): (  226.76228     0.10713714E-02 ) :: heat equation
ComputeChange: NS (ITER=2) (NRM,RELC): (  226.76228     0.12977646E-10 ) :: heat equation
REF time=  16.400 max=  1694.567 energy residual=  6.5183E-06
MAIN: 
MAIN: -------------------------------------
MAIN: Time: 165/260:   1.650E+01
MAIN: Estimated time left:  1.2 minutes
MAIN: -------------------------------------
MAIN: 
ComputeChange: NS (ITER=1) (NRM,RELC): (  227.00761     0.10812857E-02 ) :: heat equation
ComputeChange: NS (ITER=2) (NRM,RELC): (  227.00761     0.14992512E-10 ) :: heat equation
REF time=  16.500 max=  1671.617 energy residual=  6.5471E-06
MAIN: 
MAIN: -------------------------------------
MAIN: Time: 166/260:   1.660E+01
MAIN: Estimated time left:  1.5 minutes
MAIN: -------------------------------------
MAIN: 
ComputeChange: NS (ITER=1) (NRM,RELC): (  227.25681     0.10971565E-02 ) :: heat equation
ComputeChange: NS (ITER=2) (NRM,RELC): (  227.25681     0.15786989E-10 ) :: heat equation
REF time=  16.600 max=  1647.075 energy residual=  6.5810E-06
MAIN: 
MAIN: -------------------------------------
MAIN: Time: 167/260:   1.670E+01
MAIN: Estimated time left:  1.5 minutes
MAIN: -------------------------------------
MAIN: 
ComputeChange: NS (ITER=1) (NRM,RELC): (  227.51051     0.11157318E-02 ) :: heat equation
ComputeChange: NS (ITER=2) (NRM,RELC): (  227.51051     0.16029728E-10 ) :: heat equation
REF time=  16.700 max=  1621.238 energy residual=  6.6111E-06
MAIN: 
MAIN: -------------------------------------
MAIN: Time: 168/260:   1.680E+01
MAIN: Estimated time left:  1.2 minutes
MAIN: -------------------------------------
MAIN: 
ComputeChange: NS (ITER=1) (NRM,RELC): (  227.76892     0.11351615E-02 ) :: heat equation
ComputeChange: NS (ITER=2) (NRM,RELC): (  227.76892     0.16028014E-10 ) :: heat equation
REF time=  16.800 max=  1636.056 energy residual=  6.6462E-06
MAIN: 
MAIN: -------------------------------------
MAIN: Time: 169/260:   1.690E+01
MAIN: Estimated time left:  1.4 minutes
MAIN: -------------------------------------
MAIN: 
ComputeChange: NS (ITER=1) (NRM,RELC): (  228.03199     0.11543301E-02 ) :: heat equation
ComputeChange: NS (ITER=2) (NRM,RELC): (  228.03199     0.15887127E-10 ) :: heat equation
REF time=  16.900 max=  1660.265 energy residual=  6.6763E-06
MAIN: 
MAIN: -------------------------------------
MAIN: Time: 170/260:   1.700E+01
MAIN: Estimated time left:  1.1 minutes
MAIN: -------------------------------------
MAIN: 
ComputeChange: NS (ITER=1) (NRM,RELC): (  228.29952     0.11725380E-02 ) :: heat equation
ComputeChange: NS (ITER=2) (NRM,RELC): (  228.29952     0.15682268E-10 ) :: heat equation
REF time=  17.000 max=  1682.704 energy residual=  6.7096E-06
MAIN: 
MAIN: -------------------------------------
MAIN: Time: 171/260:   1.710E+01
MAIN: Estimated time left: 53.6 seconds
MAIN: -------------------------------------
MAIN: 
ComputeChange: NS (ITER=1) (NRM,RELC): (  228.57121     0.11893378E-02 ) :: heat equation
ComputeChange: NS (ITER=2) (NRM,RELC): (  228.57121     0.15448262E-10 ) :: heat equation
REF time=  17.100 max=  1703.434 energy residual=  6.7395E-06
MAIN: 
MAIN: -------------------------------------
MAIN: Time: 172/260:   1.720E+01
MAIN: Estimated time left: 51.4 seconds
MAIN: -------------------------------------
MAIN: 
ComputeChange: NS (ITER=1) (NRM,RELC): (  228.84668     0.12044432E-02 ) :: heat equation
ComputeChange: NS (ITER=2) (NRM,RELC): (  228.84668     0.15195682E-10 ) :: heat equation
REF time=  17.200 max=  1722.529 energy residual=  6.7719E-06
MAIN: 
MAIN: -------------------------------------
MAIN: Time: 173/260:   1.730E+01
MAIN: Estimated time left: 54.4 seconds
MAIN: -------------------------------------
MAIN: 
ComputeChange: NS (ITER=1) (NRM,RELC): (  229.12551     0.12176774E-02 ) :: heat equation
ComputeChange: NS (ITER=2) (NRM,RELC): (  229.12551     0.14938777E-10 ) :: heat equation
REF time=  17.300 max=  1740.067 energy residual=  6.8025E-06
MAIN: 
MAIN: -------------------------------------
MAIN: Time: 174/260:   1.740E+01
MAIN: Estimated time left: 50.3 seconds
MAIN: -------------------------------------
MAIN: 
ComputeChange: NS (ITER=1) (NRM,RELC): (  229.40074     0.12005088E-02 ) :: heat equation
ComputeChange: NS (ITER=2) (NRM,RELC): (  229.40074     0.14612974E-10 ) :: heat equation
REF time=  17.400 max=  1752.222 energy residual=  6.8304E-06
MAIN: 
MAIN: -------------------------------------
MAIN: Time: 175/260:   1.750E+01
MAIN: Estimated time left: 48.6 seconds
MAIN: -------------------------------------
MAIN: 
ComputeChange: NS (ITER=1) (NRM,RELC): (  229.64453     0.10621531E-02 ) :: heat equation
ComputeChange: NS (ITER=2) (NRM,RELC): (  229.64453     0.12888404E-10 ) :: heat equation
REF time=  17.500 max=  1742.433 energy residual=  6.8577E-06
MAIN: 
MAIN: -------------------------------------
MAIN: Time: 176/260:   1.760E+01
MAIN: Estimated time left: 48.9 seconds
MAIN: -------------------------------------
MAIN: 
ComputeChange: NS (ITER=1) (NRM,RELC): (  229.87950     0.10226598E-02 ) :: heat equation
ComputeChange: NS (ITER=2) (NRM,RELC): (  229.87950     0.89561716E-11 ) :: heat equation
REF time=  17.600 max=  1725.891 energy residual=  6.8775E-06
MAIN: 
MAIN: -------------------------------------
MAIN: Time: 177/260:   1.770E+01
MAIN: Estimated time left: 47.2 seconds
MAIN: -------------------------------------
MAIN: 
ComputeChange: NS (ITER=1) (NRM,RELC): (  230.11299     0.10152219E-02 ) :: heat equation
ComputeChange: NS (ITER=2) (NRM,RELC): (  230.11299     0.11332841E-10 ) :: heat equation
REF time=  17.700 max=  1705.842 energy residual=  6.9041E-06
MAIN: 
MAIN: -------------------------------------
MAIN: Time: 178/260:   1.780E+01
MAIN: Estimated time left: 53.5 seconds
MAIN: -------------------------------------
MAIN: 
ComputeChange: NS (ITER=1) (NRM,RELC): (  230.34837     0.10223648E-02 ) :: heat equation
ComputeChange: NS (ITER=2) (NRM,RELC): (  230.34837     0.13721854E-10 ) :: heat equation
REF time=  17.800 max=  1683.493 energy residual=  6.9348E-06
MAIN: 
MAIN: -------------------------------------
MAIN: Time: 179/260:   1.790E+01
MAIN: Estimated time left: 46.5 seconds
MAIN: -------------------------------------
MAIN: 
ComputeChange: NS (ITER=1) (NRM,RELC): (  230.58730     0.10366810E-02 ) :: heat equation
ComputeChange: NS (ITER=2) (NRM,RELC): (  230.58730     0.14712558E-10 ) :: heat equation
REF time=  17.900 max=  1659.433 energy residual=  6.9652E-06
MAIN: 
MAIN: -------------------------------------
MAIN: Time: 180/260:   1.800E+01
MAIN: Estimated time left: 46.0 seconds
MAIN: -------------------------------------
MAIN: 
ComputeChange: NS (ITER=1) (NRM,RELC): (  230.83056     0.10544011E-02 ) :: heat equation
ComputeChange: NS (ITER=2) (NRM,RELC): (  230.83056     0.15059049E-10 ) :: heat equation
REF time=  18.000 max=  1634.001 energy residual=  6.9949E-06
MAIN: 
MAIN: -------------------------------------
MAIN: Time: 181/260:   1.810E+01
MAIN: Estimated time left: 44.2 seconds
MAIN: -------------------------------------
MAIN: 
ComputeChange: NS (ITER=1) (NRM,RELC): (  231.07847     0.10734170E-02 ) :: heat equation
ComputeChange: NS (ITER=2) (NRM,RELC): (  231.07847     0.15104883E-10 ) :: heat equation
REF time=  18.100 max=  1631.065 energy residual=  7.0259E-06
MAIN: 
MAIN: -------------------------------------
MAIN: Time: 182/260:   1.820E+01
MAIN: Estimated time left: 44.6 seconds
MAIN: -------------------------------------
MAIN: 
ComputeChange: NS (ITER=1) (NRM,RELC): (  231.33105     0.10924724E-02 ) :: heat equation
ComputeChange: NS (ITER=2) (NRM,RELC): (  231.33105     0.15010988E-10 ) :: heat equation
REF time=  18.200 max=  1655.875 energy residual=  7.0595E-06
MAIN: 
MAIN: -------------------------------------
MAIN: Time: 183/260:   1.830E+01
MAIN: Estimated time left: 44.5 seconds
MAIN: -------------------------------------
MAIN: 
ComputeChange: NS (ITER=1) (NRM,RELC): (  231.58815     0.11107856E-02 ) :: heat equation
ComputeChange: NS (ITER=2) (NRM,RELC): (  231.58815     0.14835026E-10 ) :: heat equation
REF time=  18.300 max=  1678.894 energy residual=  7.0908E-06
MAIN: 
MAIN: -------------------------------------
MAIN: Time: 184/260:   1.840E+01
MAIN: Estimated time left: 47.4 seconds
MAIN: -------------------------------------
MAIN: 
ComputeChange: NS (ITER=1) (NRM,RELC): (  231.84950     0.11278573E-02 ) :: heat equation
ComputeChange: NS (ITER=2) (NRM,RELC): (  231.84950     0.14621919E-10 ) :: heat equation
REF time=  18.400 max=  1700.183 energy residual=  7.1222E-06
MAIN: 
MAIN: -------------------------------------
MAIN: Time: 185/260:   1.850E+01
MAIN: Estimated time left: 46.4 seconds
MAIN: -------------------------------------
MAIN: 
ComputeChange: NS (ITER=1) (NRM,RELC): (  232.11474     0.11433663E-02 ) :: heat equation
ComputeChange: NS (ITER=2) (NRM,RELC): (  232.11474     0.14394969E-10 ) :: heat equation
REF time=  18.500 max=  1719.812 energy residual=  7.1506E-06
MAIN: 
MAIN: -------------------------------------
MAIN: Time: 186/260:   1.860E+01
MAIN: Estimated time left: 43.9 seconds
MAIN: -------------------------------------
MAIN: 
ComputeChange: NS (ITER=1) (NRM,RELC): (  232.38348     0.11571106E-02 ) :: heat equation
ComputeChange: NS (ITER=2) (NRM,RELC): (  232.38348     0.14151569E-10 ) :: heat equation
REF time=  18.600 max=  1737.857 energy residual=  7.1792E-06
MAIN: 
MAIN: -------------------------------------
MAIN: Time: 187/260:   1.870E+01
MAIN: Estimated time left: 42.8 seconds
MAIN: -------------------------------------
MAIN: 
ComputeChange: NS (ITER=1) (NRM,RELC): (  232.65529     0.11689711E-02 ) :: heat equation
ComputeChange: NS (ITER=2) (NRM,RELC): (  232.65529     0.13918930E-10 ) :: heat equation
REF time=  18.700 max=  1754.401 energy residual=  7.2113E-06
MAIN: 
MAIN: -------------------------------------
MAIN: Time: 188/260:   1.880E+01
MAIN: Estimated time left: 43.7 seconds
MAIN: -------------------------------------
MAIN: 
ComputeChange: NS (ITER=1) (NRM,RELC): (  232.89810     0.10431102E-02 ) :: heat equation
ComputeChange: NS (ITER=2) (NRM,RELC): (  232.89810     0.12985862E-10 ) :: heat equation
REF time=  18.800 max=  1749.980 energy residual=  7.2380E-06
MAIN: 
MAIN: -------------------------------------
MAIN: Time: 189/260:   1.890E+01
MAIN: Estimated time left: 44.9 seconds
MAIN: -------------------------------------
MAIN: 
ComputeChange: NS (ITER=1) (NRM,RELC): (  233.12668     0.98100747E-03 ) :: heat equation
ComputeChange: NS (ITER=2) (NRM,RELC): (  233.12668     0.93398092E-11 ) :: heat equation
REF time=  18.900 max=  1735.286 energy residual=  7.2593E-06
MAIN: 
MAIN: -------------------------------------
MAIN: Time: 190/260:   1.900E+01
MAIN: Estimated time left: 41.1 seconds
MAIN: -------------------------------------
MAIN: 
ComputeChange: NS (ITER=1) (NRM,RELC): (  233.35193     0.96571831E-03 ) :: heat equation
ComputeChange: NS (ITER=2) (NRM,RELC): (  233.35193     0.96446664E-11 ) :: heat equation
REF time=  19.000 max=  1716.264 energy residual=  7.2791E-06
MAIN: 
MAIN: -------------------------------------
MAIN: Time: 191/260:   1.910E+01
MAIN: Estimated time left: 42.3 seconds
MAIN: -------------------------------------
MAIN: 
ComputeChange: NS (ITER=1) (NRM,RELC): (  233.57816     0.96902760E-03 ) :: heat equation
ComputeChange: NS (ITER=2) (NRM,RELC): (  233.57816     0.12390152E-10 ) :: heat equation
REF time=  19.100 max=  1694.617 energy residual=  7.3110E-06
MAIN: 
MAIN: -------------------------------------
MAIN: Time: 192/260:   1.920E+01
MAIN: Estimated time left: 38.9 seconds
MAIN: -------------------------------------
MAIN: 
ComputeChange: NS (ITER=1) (NRM,RELC): (  233.80748     0.98126852E-03 ) :: heat equation
ComputeChange: NS (ITER=2) (NRM,RELC): (  233.80748     0.13653046E-10 ) :: heat equation
REF time=  19.200 max=  1671.094 energy residual=  7.3411E-06
MAIN: 
MAIN: -------------------------------------
MAIN: Time: 193/260:   1.930E+01
MAIN: Estimated time left: 38.4 seconds
MAIN: -------------------------------------
MAIN: 
ComputeChange: NS (ITER=1) (NRM,RELC): (  234.04090     0.99784303E-03 ) :: heat equation
ComputeChange: NS (ITER=2) (NRM,RELC): (  234.04090     0.14121178E-10 ) :: heat equation
REF time=  19.300 max=  1646.101 energy residual=  7.3716E-06
MAIN: 
MAIN: -------------------------------------
MAIN: Time: 194/260:   1.940E+01
MAIN: Estimated time left: 38.1 seconds
MAIN: -------------------------------------
MAIN: 
ComputeChange: NS (ITER=1) (NRM,RELC): (  234.27886     0.10162637E-02 ) :: heat equation
ComputeChange: NS (ITER=2) (NRM,RELC): (  234.27886     0.14240282E-10 ) :: heat equation
REF time=  19.400 max=  1625.423 energy residual=  7.4020E-06
MAIN: 
MAIN: -------------------------------------
MAIN: Time: 195/260:   1.950E+01
MAIN: Estimated time left: 37.5 seconds
MAIN: -------------------------------------
MAIN: 
ComputeChange: NS (ITER=1) (NRM,RELC): (  234.52149     0.10350801E-02 ) :: heat equation
ComputeChange: NS (ITER=2) (NRM,RELC): (  234.52149     0.14188708E-10 ) :: heat equation
REF time=  19.500 max=  1650.839 energy residual=  7.4342E-06
MAIN: 
MAIN: -------------------------------------
MAIN: Time: 196/260:   1.960E+01
MAIN: Estimated time left: 37.6 seconds
MAIN: -------------------------------------
MAIN: 
ComputeChange: NS (ITER=1) (NRM,RELC): (  234.76866     0.10534019E-02 ) :: heat equation
ComputeChange: NS (ITER=2) (NRM,RELC): (  234.76866     0.14046048E-10 ) :: heat equation
REF time=  19.600 max=  1674.446 energy residual=  7.4640E-06
MAIN: 
MAIN: -------------------------------------
MAIN: Time: 197/260:   1.970E+01
MAIN: Estimated time left: 35.6 seconds
MAIN: -------------------------------------
MAIN: 
ComputeChange: NS (ITER=1) (NRM,RELC): (  235.02016     0.10706644E-02 ) :: heat equation
ComputeChange: NS (ITER=2) (NRM,RELC): (  235.02016     0.13853972E-10 ) :: heat equation
REF time=  19.700 max=  1696.303 energy residual=  7.4929E-06
MAIN: 
MAIN: -------------------------------------
MAIN: Time: 198/260:   1.980E+01
MAIN: Estimated time left: 35.4 seconds
MAIN: -------------------------------------
MAIN: 
ComputeChange: NS (ITER=1) (NRM,RELC): (  235.27565     0.10865047E-02 ) :: heat equation
ComputeChange: NS (ITER=2) (NRM,RELC): (  235.27565     0.13647336E-10 ) :: heat equation
REF time=  19.800 max=  1716.475 energy residual=  7.5252E-06
MAIN: 
MAIN: -------------------------------------
MAIN: Time: 199/260:   1.990E+01
MAIN: Estimated time left: 35.5 seconds
MAIN: -------------------------------------
MAIN: 
ComputeChange: NS (ITER=1) (NRM,RELC): (  235.53475     0.11006914E-02 ) :: heat equation
ComputeChange: NS (ITER=2) (NRM,RELC): (  235.53475     0.13430564E-10 ) :: heat equation
REF time=  19.900 max=  1735.038 energy residual=  7.5498E-06
MAIN: 
MAIN: -------------------------------------
MAIN: Time: 200/260:   2.000E+01
MAIN: Estimated time left: 34.8 seconds
MAIN: -------------------------------------
MAIN: 
ComputeChange: NS (ITER=1) (NRM,RELC): (  235.79707     0.11130837E-02 ) :: heat equation
ComputeChange: NS (ITER=2) (NRM,RELC): (  235.79707     0.13209027E-10 ) :: heat equation
REF time=  20.000 max=  1752.071 energy residual=  7.5794E-06
MAIN: 
MAIN: -------------------------------------
MAIN: Time: 201/260:   2.010E+01
MAIN: Estimated time left: 33.8 seconds
MAIN: -------------------------------------
MAIN: 
ComputeChange: NS (ITER=1) (NRM,RELC): (  236.04325     0.10434851E-02 ) :: heat equation
ComputeChange: NS (ITER=2) (NRM,RELC): (  236.04325     0.12707595E-10 ) :: heat equation
REF time=  20.100 max=  1755.931 energy residual=  7.6039E-06
MAIN: 
MAIN: -------------------------------------
MAIN: Time: 202/260:   2.020E+01
MAIN: Estimated time left: 33.5 seconds
MAIN: -------------------------------------
MAIN: 
ComputeChange: NS (ITER=1) (NRM,RELC): (  236.26714     0.94805483E-03 ) :: heat equation
ComputeChange: NS (ITER=2) (NRM,RELC): (  236.26714     0.10231434E-10 ) :: heat equation
REF time=  20.200 max=  1743.685 energy residual=  7.6288E-06
MAIN: 
MAIN: -------------------------------------
MAIN: Time: 203/260:   2.030E+01
MAIN: Estimated time left: 32.8 seconds
MAIN: -------------------------------------
MAIN: 
ComputeChange: NS (ITER=1) (NRM,RELC): (  236.48516     0.92233610E-03 ) :: heat equation
ComputeChange: NS (ITER=2) (NRM,RELC): (  236.48516     0.82203387E-11 ) :: heat equation
REF time=  20.300 max=  1725.904 energy residual=  7.6507E-06
MAIN: 
MAIN: -------------------------------------
MAIN: Time: 204/260:   2.040E+01
MAIN: Estimated time left: 32.5 seconds
MAIN: -------------------------------------
MAIN: 
ComputeChange: NS (ITER=1) (NRM,RELC): (  236.70301     0.92077718E-03 ) :: heat equation
ComputeChange: NS (ITER=2) (NRM,RELC): (  236.70301     0.10952726E-10 ) :: heat equation
REF time=  20.400 max=  1705.060 energy residual=  7.6738E-06
MAIN: 
MAIN: -------------------------------------
MAIN: Time: 205/260:   2.050E+01
MAIN: Estimated time left: 33.3 seconds
MAIN: -------------------------------------
MAIN: 
ComputeChange: NS (ITER=1) (NRM,RELC): (  236.92334     0.93043141E-03 ) :: heat equation
ComputeChange: NS (ITER=2) (NRM,RELC): (  236.92334     0.12575577E-10 ) :: heat equation
REF time=  20.500 max=  1682.129 energy residual=  7.7018E-06
MAIN: 
MAIN: -------------------------------------
MAIN: Time: 206/260:   2.060E+01
MAIN: Estimated time left: 30.6 seconds
MAIN: -------------------------------------
MAIN: 
ComputeChange: NS (ITER=1) (NRM,RELC): (  237.14748     0.94557445E-03 ) :: heat equation
ComputeChange: NS (ITER=2) (NRM,RELC): (  237.14748     0.13213868E-10 ) :: heat equation
REF time=  20.600 max=  1657.609 energy residual=  7.7326E-06
MAIN: 
MAIN: -------------------------------------
MAIN: Time: 207/260:   2.070E+01
MAIN: Estimated time left: 29.5 seconds
MAIN: -------------------------------------
MAIN: 
ComputeChange: NS (ITER=1) (NRM,RELC): (  237.37601     0.96322279E-03 ) :: heat equation
ComputeChange: NS (ITER=2) (NRM,RELC): (  237.37601     0.13414271E-10 ) :: heat equation
REF time=  20.700 max=  1631.794 energy residual=  7.7647E-06
MAIN: 
MAIN: -------------------------------------
MAIN: Time: 208/260:   2.080E+01
MAIN: Estimated time left: 30.1 seconds
MAIN: -------------------------------------
MAIN: 
ComputeChange: NS (ITER=1) (NRM,RELC): (  237.60916     0.98167867E-03 ) :: heat equation
ComputeChange: NS (ITER=2) (NRM,RELC): (  237.60916     0.13410439E-10 ) :: heat equation
REF time=  20.800 max=  1645.218 energy residual=  7.7944E-06
MAIN: 
MAIN: -------------------------------------
MAIN: Time: 209/260:   2.090E+01
MAIN: Estimated time left: 29.9 seconds
MAIN: -------------------------------------
MAIN: 
ComputeChange: NS (ITER=1) (NRM,RELC): (  237.84686     0.99991746E-03 ) :: heat equation
ComputeChange: NS (ITER=2) (NRM,RELC): (  237.84686     0.13295345E-10 ) :: heat equation
REF time=  20.900 max=  1669.421 energy residual=  7.8255E-06
MAIN: 
MAIN: -------------------------------------
MAIN: Time: 210/260:   2.100E+01
MAIN: Estimated time left: 44.0 seconds
MAIN: -------------------------------------
MAIN: 
ComputeChange: NS (ITER=1) (NRM,RELC): (  238.08895     0.10172959E-02 ) :: heat equation
ComputeChange: NS (ITER=2) (NRM,RELC): (  238.08895     0.13134877E-10 ) :: heat equation
REF time=  21.000 max=  1691.853 energy residual=  7.8534E-06
MAIN: 
MAIN: -------------------------------------
MAIN: Time: 211/260:   2.110E+01
MAIN: Estimated time left: 47.6 seconds
MAIN: -------------------------------------
MAIN: 
ComputeChange: NS (ITER=1) (NRM,RELC): (  238.33512     0.10334015E-02 ) :: heat equation
ComputeChange: NS (ITER=2) (NRM,RELC): (  238.33512     0.12947800E-10 ) :: heat equation
REF time=  21.100 max=  1712.578 energy residual=  7.8817E-06
MAIN: 
MAIN: -------------------------------------
MAIN: Time: 212/260:   2.120E+01
MAIN: Estimated time left: 41.7 seconds
MAIN: -------------------------------------
MAIN: 
ComputeChange: NS (ITER=1) (NRM,RELC): (  238.58502     0.10479697E-02 ) :: heat equation
ComputeChange: NS (ITER=2) (NRM,RELC): (  238.58502     0.12747687E-10 ) :: heat equation
REF time=  21.200 max=  1731.667 energy residual=  7.9117E-06
MAIN: 
MAIN: -------------------------------------
MAIN: Time: 213/260:   2.130E+01
MAIN: Estimated time left: 44.1 seconds
MAIN: -------------------------------------
MAIN: 
ComputeChange: NS (ITER=1) (NRM,RELC): (  238.83825     0.10608360E-02 ) :: heat equation
ComputeChange: NS (ITER=2) (NRM,RELC): (  238.83825     0.12543414E-10 ) :: heat equation
REF time=  21.300 max=  1749.200 energy residual=  7.9371E-06
MAIN: 
MAIN: -------------------------------------
MAIN: Time: 214/260:   2.140E+01
MAIN: Estimated time left: 31.5 seconds
MAIN: -------------------------------------
MAIN: 
ComputeChange: NS (ITER=1) (NRM,RELC): (  239.08811     0.10456186E-02 ) :: heat equation
ComputeChange: NS (ITER=2) (NRM,RELC): (  239.08811     0.12274129E-10 ) :: heat equation
REF time=  21.400 max=  1761.350 energy residual=  7.9636E-06
MAIN: 
MAIN: -------------------------------------
MAIN: Time: 215/260:   2.150E+01
MAIN: Estimated time left: 37.4 seconds
MAIN: -------------------------------------
MAIN: 
ComputeChange: NS (ITER=1) (NRM,RELC): (  239.30777     0.91830998E-03 ) :: heat equation
ComputeChange: NS (ITER=2) (NRM,RELC): (  239.30777     0.10861895E-10 ) :: heat equation
REF time=  21.500 max=  1751.560 energy residual=  7.9912E-06
MAIN: 
MAIN: -------------------------------------
MAIN: Time: 216/260:   2.160E+01
MAIN: Estimated time left: 37.1 seconds
MAIN: -------------------------------------
MAIN: 
ComputeChange: NS (ITER=1) (NRM,RELC): (  239.51902     0.88236272E-03 ) :: heat equation
ComputeChange: NS (ITER=2) (NRM,RELC): (  239.51902     0.76667257E-11 ) :: heat equation
REF time=  21.600 max=  1735.027 energy residual=  8.0080E-06
MAIN: 
MAIN: -------------------------------------
MAIN: Time: 217/260:   2.170E+01
MAIN: Estimated time left: 39.0 seconds
MAIN: -------------------------------------
MAIN: 
ComputeChange: NS (ITER=1) (NRM,RELC): (  239.72893     0.87597718E-03 ) :: heat equation
ComputeChange: NS (ITER=2) (NRM,RELC): (  239.72893     0.95869311E-11 ) :: heat equation
REF time=  21.700 max=  1714.993 energy residual=  8.0324E-06
MAIN: 
MAIN: -------------------------------------
MAIN: Time: 218/260:   2.180E+01
MAIN: Estimated time left: 36.9 seconds
MAIN: -------------------------------------
MAIN: 
ComputeChange: NS (ITER=1) (NRM,RELC): (  239.94071     0.88304391E-03 ) :: heat equation
ComputeChange: NS (ITER=2) (NRM,RELC): (  239.94071     0.11547751E-10 ) :: heat equation
REF time=  21.800 max=  1692.662 energy residual=  8.0568E-06
MAIN: 
MAIN: -------------------------------------
MAIN: Time: 219/260:   2.190E+01
MAIN: Estimated time left: 36.8 seconds
MAIN: -------------------------------------
MAIN: 
ComputeChange: NS (ITER=1) (NRM,RELC): (  240.15597     0.89673945E-03 ) :: heat equation
ComputeChange: NS (ITER=2) (NRM,RELC): (  240.15597     0.12353047E-10 ) :: heat equation
REF time=  21.900 max=  1668.622 energy residual=  8.0894E-06
MAIN: 
MAIN: -------------------------------------
MAIN: Time: 220/260:   2.200E+01
MAIN: Estimated time left: 35.1 seconds
MAIN: -------------------------------------
MAIN: 
ComputeChange: NS (ITER=1) (NRM,RELC): (  240.37548     0.91359239E-03 ) :: heat equation
ComputeChange: NS (ITER=2) (NRM,RELC): (  240.37548     0.12639255E-10 ) :: heat equation
REF time=  22.000 max=  1643.212 energy residual=  8.1190E-06
MAIN: 
MAIN: -------------------------------------
MAIN: Time: 221/260:   2.210E+01
MAIN: Estimated time left: 33.9 seconds
MAIN: -------------------------------------
MAIN: 
ComputeChange: NS (ITER=1) (NRM,RELC): (  240.59953     0.93166050E-03 ) :: heat equation
ComputeChange: NS (ITER=2) (NRM,RELC): (  240.59953     0.12684069E-10 ) :: heat equation
REF time=  22.100 max=  1639.061 energy residual=  8.1472E-06
MAIN: 
MAIN: -------------------------------------
MAIN: Time: 222/260:   2.220E+01
MAIN: Estimated time left: 32.7 seconds
MAIN: -------------------------------------
MAIN: 
ComputeChange: NS (ITER=1) (NRM,RELC): (  240.82816     0.94978590E-03 ) :: heat equation
ComputeChange: NS (ITER=2) (NRM,RELC): (  240.82816     0.12607709E-10 ) :: heat equation
REF time=  22.200 max=  1663.866 energy residual=  8.1734E-06
MAIN: 
MAIN: -------------------------------------
MAIN: Time: 223/260:   2.230E+01
MAIN: Estimated time left: 32.1 seconds
MAIN: -------------------------------------
MAIN: 
ComputeChange: NS (ITER=1) (NRM,RELC): (  241.06121     0.96724718E-03 ) :: heat equation
ComputeChange: NS (ITER=2) (NRM,RELC): (  241.06121     0.12469010E-10 ) :: heat equation
REF time=  22.300 max=  1686.881 energy residual=  8.2063E-06
MAIN: 
MAIN: -------------------------------------
MAIN: Time: 224/260:   2.240E+01
MAIN: Estimated time left: 30.5 seconds
MAIN: -------------------------------------
MAIN: 
ComputeChange: NS (ITER=1) (NRM,RELC): (  241.29843     0.98358275E-03 ) :: heat equation
ComputeChange: NS (ITER=2) (NRM,RELC): (  241.29843     0.12293264E-10 ) :: heat equation
REF time=  22.400 max=  1708.166 energy residual=  8.2308E-06
MAIN: 
MAIN: -------------------------------------
MAIN: Time: 225/260:   2.250E+01
MAIN: Estimated time left: 31.4 seconds
MAIN: -------------------------------------
MAIN: 
ComputeChange: NS (ITER=1) (NRM,RELC): (  241.53949     0.99849513E-03 ) :: heat equation
ComputeChange: NS (ITER=2) (NRM,RELC): (  241.53949     0.12105434E-10 ) :: heat equation
REF time=  22.500 max=  1727.792 energy residual=  8.2612E-06
MAIN: 
MAIN: -------------------------------------
MAIN: Time: 226/260:   2.260E+01
MAIN: Estimated time left: 29.4 seconds
MAIN: -------------------------------------
MAIN: 
ComputeChange: NS (ITER=1) (NRM,RELC): (  241.78400     0.10117962E-02 ) :: heat equation
ComputeChange: NS (ITER=2) (NRM,RELC): (  241.78400     0.11909461E-10 ) :: heat equation
REF time=  22.600 max=  1745.834 energy residual=  8.2871E-06
MAIN: 
MAIN: -------------------------------------
MAIN: Time: 227/260:   2.270E+01
MAIN: Estimated time left: 28.0 seconds
MAIN: -------------------------------------
MAIN: 
ComputeChange: NS (ITER=1) (NRM,RELC): (  242.03156     0.10233742E-02 ) :: heat equation
ComputeChange: NS (ITER=2) (NRM,RELC): (  242.03156     0.11720548E-10 ) :: heat equation
REF time=  22.700 max=  1762.375 energy residual=  8.3138E-06
MAIN: 
MAIN: -------------------------------------
MAIN: Time: 228/260:   2.280E+01
MAIN: Estimated time left: 29.3 seconds
MAIN: -------------------------------------
MAIN: 
ComputeChange: NS (ITER=1) (NRM,RELC): (  242.25123     0.90719056E-03 ) :: heat equation
ComputeChange: NS (ITER=2) (NRM,RELC): (  242.25123     0.10934999E-10 ) :: heat equation
REF time=  22.800 max=  1757.953 energy residual=  8.3376E-06
MAIN: 
MAIN: -------------------------------------
MAIN: Time: 229/260:   2.290E+01
MAIN: Estimated time left: 27.8 seconds
MAIN: -------------------------------------
MAIN: 
ComputeChange: NS (ITER=1) (NRM,RELC): (  242.45725     0.85010158E-03 ) :: heat equation
ComputeChange: NS (ITER=2) (NRM,RELC): (  242.45725     0.79083722E-11 ) :: heat equation
REF time=  22.900 max=  1743.267 energy residual=  8.3583E-06
MAIN: 
MAIN: -------------------------------------
MAIN: Time: 230/260:   2.300E+01
MAIN: Estimated time left: 25.9 seconds
MAIN: -------------------------------------
MAIN: 
ComputeChange: NS (ITER=1) (NRM,RELC): (  242.66012     0.83637210E-03 ) :: heat equation
ComputeChange: NS (ITER=2) (NRM,RELC): (  242.66012     0.81572115E-11 ) :: heat equation
REF time=  23.000 max=  1724.258 energy residual=  8.3813E-06
MAIN: 
MAIN: -------------------------------------
MAIN: Time: 231/260:   2.310E+01
MAIN: Estimated time left: 20.9 seconds
MAIN: -------------------------------------
MAIN: 
ComputeChange: NS (ITER=1) (NRM,RELC): (  242.86401     0.83985940E-03 ) :: heat equation
ComputeChange: NS (ITER=2) (NRM,RELC): (  242.86401     0.10436374E-10 ) :: heat equation
REF time=  23.100 max=  1702.628 energy residual=  8.4058E-06
MAIN: 
MAIN: -------------------------------------
MAIN: Time: 232/260:   2.320E+01
MAIN: Estimated time left: 18.8 seconds
MAIN: -------------------------------------
MAIN: 
ComputeChange: NS (ITER=1) (NRM,RELC): (  243.07093     0.85162380E-03 ) :: heat equation
ComputeChange: NS (ITER=2) (NRM,RELC): (  243.07093     0.11482060E-10 ) :: heat equation
REF time=  23.200 max=  1679.124 energy residual=  8.4345E-06
MAIN: 
MAIN: -------------------------------------
MAIN: Time: 233/260:   2.330E+01
MAIN: Estimated time left: 17.8 seconds
MAIN: -------------------------------------
MAIN: 
ComputeChange: NS (ITER=1) (NRM,RELC): (  243.28186     0.86741463E-03 ) :: heat equation
ComputeChange: NS (ITER=2) (NRM,RELC): (  243.28186     0.11879011E-10 ) :: heat equation
REF time=  23.300 max=  1654.151 energy residual=  8.4595E-06
MAIN: 
MAIN: -------------------------------------
MAIN: Time: 234/260:   2.340E+01
MAIN: Estimated time left: 17.7 seconds
MAIN: -------------------------------------
MAIN: 
ComputeChange: NS (ITER=1) (NRM,RELC): (  243.49724     0.88493218E-03 ) :: heat equation
ComputeChange: NS (ITER=2) (NRM,RELC): (  243.49724     0.11982308E-10 ) :: heat equation
REF time=  23.400 max=  1632.409 energy residual=  8.4880E-06
MAIN: 
MAIN: -------------------------------------
MAIN: Time: 235/260:   2.350E+01
MAIN: Estimated time left: 17.3 seconds
MAIN: -------------------------------------
MAIN: 
ComputeChange: NS (ITER=1) (NRM,RELC): (  243.71718     0.90283475E-03 ) :: heat equation
ComputeChange: NS (ITER=2) (NRM,RELC): (  243.71718     0.11933944E-10 ) :: heat equation
REF time=  23.500 max=  1657.822 energy residual=  8.5173E-06
MAIN: 
MAIN: -------------------------------------
MAIN: Time: 236/260:   2.360E+01
MAIN: Estimated time left: 15.7 seconds
MAIN: -------------------------------------
MAIN: 
ComputeChange: NS (ITER=1) (NRM,RELC): (  243.94158     0.92029821E-03 ) :: heat equation
ComputeChange: NS (ITER=2) (NRM,RELC): (  243.94158     0.11817874E-10 ) :: heat equation
REF time=  23.600 max=  1681.427 energy residual=  8.5423E-06
MAIN: 
MAIN: -------------------------------------
MAIN: Time: 237/260:   2.370E+01
MAIN: Estimated time left: 13.8 seconds
MAIN: -------------------------------------
MAIN: 
ComputeChange: NS (ITER=1) (NRM,RELC): (  244.17021     0.93679917E-03 ) :: heat equation
ComputeChange: NS (ITER=2) (NRM,RELC): (  244.17021     0.11665381E-10 ) :: heat equation
REF time=  23.700 max=  1703.282 energy residual=  8.5735E-06
MAIN: 
MAIN: -------------------------------------
MAIN: Time: 238/260:   2.380E+01
MAIN: Estimated time left: 13.5 seconds
MAIN: -------------------------------------
MAIN: 
ComputeChange: NS (ITER=1) (NRM,RELC): (  244.40277     0.95200031E-03 ) :: heat equation
ComputeChange: NS (ITER=2) (NRM,RELC): (  244.40277     0.11492172E-10 ) :: heat equation
REF time=  23.800 max=  1723.453 energy residual=  8.5985E-06
MAIN: 
MAIN: -------------------------------------
MAIN: Time: 239/260:   2.390E+01
MAIN: Estimated time left: 13.2 seconds
MAIN: -------------------------------------
MAIN: 
ComputeChange: NS (ITER=1) (NRM,RELC): (  244.63890     0.96568603E-03 ) :: heat equation
ComputeChange: NS (ITER=2) (NRM,RELC): (  244.63890     0.11307858E-10 ) :: heat equation
REF time=  23.900 max=  1742.014 energy residual=  8.6236E-06
MAIN: 
MAIN: -------------------------------------
MAIN: Time: 240/260:   2.400E+01
MAIN: Estimated time left: 12.4 seconds
MAIN: -------------------------------------
MAIN: 
ComputeChange: NS (ITER=1) (NRM,RELC): (  244.87821     0.97772448E-03 ) :: heat equation
ComputeChange: NS (ITER=2) (NRM,RELC): (  244.87821     0.11130834E-10 ) :: heat equation
REF time=  24.000 max=  1759.046 energy residual=  8.6524E-06
MAIN: 
MAIN: -------------------------------------
MAIN: Time: 241/260:   2.410E+01
MAIN: Estimated time left: 11.9 seconds
MAIN: -------------------------------------
MAIN: 
ComputeChange: NS (ITER=1) (NRM,RELC): (  245.10200     0.91348455E-03 ) :: heat equation
ComputeChange: NS (ITER=2) (NRM,RELC): (  245.10200     0.10697886E-10 ) :: heat equation
REF time=  24.100 max=  1762.906 energy residual=  8.6774E-06
MAIN: 
MAIN: -------------------------------------
MAIN: Time: 242/260:   2.420E+01
MAIN: Estimated time left: 11.3 seconds
MAIN: -------------------------------------
MAIN: 
ComputeChange: NS (ITER=1) (NRM,RELC): (  245.30433     0.82515971E-03 ) :: heat equation
ComputeChange: NS (ITER=2) (NRM,RELC): (  245.30433     0.86102471E-11 ) :: heat equation
REF time=  24.200 max=  1750.664 energy residual=  8.6989E-06
MAIN: 
MAIN: -------------------------------------
MAIN: Time: 243/260:   2.430E+01
MAIN: Estimated time left: 10.6 seconds
MAIN: -------------------------------------
MAIN: 
ComputeChange: NS (ITER=1) (NRM,RELC): (  245.50106     0.80165291E-03 ) :: heat equation
ComputeChange: NS (ITER=2) (NRM,RELC): (  245.50106     0.69128708E-11 ) :: heat equation
REF time=  24.300 max=  1732.895 energy residual=  8.7162E-06
MAIN: 
MAIN: -------------------------------------
MAIN: Time: 244/260:   2.440E+01
MAIN: Estimated time left: 10.2 seconds
MAIN: -------------------------------------
MAIN: 
ComputeChange: NS (ITER=1) (NRM,RELC): (  245.69768     0.80058336E-03 ) :: heat equation
ComputeChange: NS (ITER=2) (NRM,RELC): (  245.69768     0.92207743E-11 ) :: heat equation
REF time=  24.400 max=  1712.066 energy residual=  8.7390E-06
MAIN: 
MAIN: -------------------------------------
MAIN: Time: 245/260:   2.450E+01
MAIN: Estimated time left: 10.3 seconds
MAIN: -------------------------------------
MAIN: 
ComputeChange: NS (ITER=1) (NRM,RELC): (  245.89676     0.80993443E-03 ) :: heat equation
ComputeChange: NS (ITER=2) (NRM,RELC): (  245.89676     0.10573732E-10 ) :: heat equation
REF time=  24.500 max=  1689.153 energy residual=  8.7661E-06
MAIN: 
MAIN: -------------------------------------
MAIN: Time: 246/260:   2.460E+01
MAIN: Estimated time left:  9.3 seconds
MAIN: -------------------------------------
MAIN: 
ComputeChange: NS (ITER=1) (NRM,RELC): (  246.09956     0.82439563E-03 ) :: heat equation
ComputeChange: NS (ITER=2) (NRM,RELC): (  246.09956     0.11108162E-10 ) :: heat equation
REF time=  24.600 max=  1664.652 energy residual=  8.7944E-06
MAIN: 
MAIN: -------------------------------------
MAIN: Time: 247/260:   2.470E+01
MAIN: Estimated time left:  9.0 seconds
MAIN: -------------------------------------
MAIN: 
ComputeChange: NS (ITER=1) (NRM,RELC): (  246.30667     0.84119920E-03 ) :: heat equation
ComputeChange: NS (ITER=2) (NRM,RELC): (  246.30667     0.11281832E-10 ) :: heat equation
REF time=  24.700 max=  1638.858 energy residual=  8.8190E-06
MAIN: 
MAIN: -------------------------------------
MAIN: Time: 248/260:   2.480E+01
MAIN: Estimated time left: 10.3 seconds
MAIN: -------------------------------------
MAIN: 
ComputeChange: NS (ITER=1) (NRM,RELC): (  246.51828     0.85876963E-03 ) :: heat equation
ComputeChange: NS (ITER=2) (NRM,RELC): (  246.51828     0.11275261E-10 ) :: heat equation
REF time=  24.800 max=  1651.326 energy residual=  8.8472E-06
MAIN: 
MAIN: -------------------------------------
MAIN: Time: 249/260:   2.490E+01
MAIN: Estimated time left:  9.7 seconds
MAIN: -------------------------------------
MAIN: 
ComputeChange: NS (ITER=1) (NRM,RELC): (  246.73436     0.87615548E-03 ) :: heat equation
ComputeChange: NS (ITER=2) (NRM,RELC): (  246.73436     0.11191318E-10 ) :: heat equation
REF time=  24.900 max=  1675.528 energy residual=  8.8758E-06
MAIN: 
MAIN: -------------------------------------
MAIN: Time: 250/260:   2.500E+01
MAIN: Estimated time left:  9.4 seconds
MAIN: -------------------------------------
MAIN: 
ComputeChange: NS (ITER=1) (NRM,RELC): (  246.95474     0.89275876E-03 ) :: heat equation
ComputeChange: NS (ITER=2) (NRM,RELC): (  246.95474     0.11047138E-10 ) :: heat equation
REF time=  25.000 max=  1697.959 energy residual=  8.9019E-06
MAIN: 
MAIN: -------------------------------------
MAIN: Time: 251/260:   2.510E+01
MAIN: Estimated time left:  8.5 seconds
MAIN: -------------------------------------
MAIN: 
ComputeChange: NS (ITER=1) (NRM,RELC): (  247.17912     0.90819533E-03 ) :: heat equation
ComputeChange: NS (ITER=2) (NRM,RELC): (  247.17912     0.10885790E-10 ) :: heat equation
REF time=  25.100 max=  1718.683 energy residual=  8.9249E-06
MAIN: 
MAIN: -------------------------------------
MAIN: Time: 252/260:   2.520E+01
MAIN: Estimated time left:  7.8 seconds
MAIN: -------------------------------------
MAIN: 
ComputeChange: NS (ITER=1) (NRM,RELC): (  247.40718     0.92221822E-03 ) :: heat equation
ComputeChange: NS (ITER=2) (NRM,RELC): (  247.40718     0.10715730E-10 ) :: heat equation
REF time=  25.200 max=  1737.773 energy residual=  8.9519E-06
MAIN: 
MAIN: -------------------------------------
MAIN: Time: 253/260:   2.530E+01
MAIN: Estimated time left:  6.9 seconds
MAIN: -------------------------------------
MAIN: 
ComputeChange: NS (ITER=1) (NRM,RELC): (  247.63853     0.93467316E-03 ) :: heat equation
ComputeChange: NS (ITER=2) (NRM,RELC): (  247.63853     0.10540908E-10 ) :: heat equation
REF time=  25.300 max=  1755.306 energy residual=  8.9817E-06
MAIN: 
MAIN: -------------------------------------
MAIN: Time: 254/260:   2.540E+01
MAIN: Estimated time left:  6.2 seconds
MAIN: -------------------------------------
MAIN: 
ComputeChange: NS (ITER=1) (NRM,RELC): (  247.86670     0.92094017E-03 ) :: heat equation
ComputeChange: NS (ITER=2) (NRM,RELC): (  247.86670     0.10320336E-10 ) :: heat equation
REF time=  25.400 max=  1767.457 energy residual=  9.0043E-06
MAIN: 
MAIN: -------------------------------------
MAIN: Time: 255/260:   2.550E+01
MAIN: Estimated time left:  5.1 seconds
MAIN: -------------------------------------
MAIN: 
ComputeChange: NS (ITER=1) (NRM,RELC): (  248.06571     0.80257431E-03 ) :: heat equation
ComputeChange: NS (ITER=2) (NRM,RELC): (  248.06571     0.91136194E-11 ) :: heat equation
REF time=  25.500 max=  1757.669 energy residual=  9.0281E-06
MAIN: 
MAIN: -------------------------------------
MAIN: Time: 256/260:   2.560E+01
MAIN: Estimated time left:  4.0 seconds
MAIN: -------------------------------------
MAIN: 
ComputeChange: NS (ITER=1) (NRM,RELC): (  248.25665     0.76942636E-03 ) :: heat equation
ComputeChange: NS (ITER=2) (NRM,RELC): (  248.25665     0.63889604E-11 ) :: heat equation
REF time=  25.600 max=  1741.146 energy residual=  9.0448E-06
MAIN: 
MAIN: -------------------------------------
MAIN: Time: 257/260:   2.570E+01
MAIN: Estimated time left:  2.7 seconds
MAIN: -------------------------------------
MAIN: 
ComputeChange: NS (ITER=1) (NRM,RELC): (  248.44634     0.76381558E-03 ) :: heat equation
ComputeChange: NS (ITER=2) (NRM,RELC): (  248.44634     0.80274064E-11 ) :: heat equation
REF time=  25.700 max=  1721.126 energy residual=  9.0650E-06
MAIN: 
MAIN: -------------------------------------
MAIN: Time: 258/260:   2.580E+01
MAIN: Estimated time left:  2.0 seconds
MAIN: -------------------------------------
MAIN: 
ComputeChange: NS (ITER=1) (NRM,RELC): (  248.63791     0.77074110E-03 ) :: heat equation
ComputeChange: NS (ITER=2) (NRM,RELC): (  248.63791     0.96729960E-11 ) :: heat equation
REF time=  25.800 max=  1698.811 energy residual=  9.0899E-06
MAIN: 
MAIN: -------------------------------------
MAIN: Time: 259/260:   2.590E+01
MAIN: Estimated time left:  1.5 seconds
MAIN: -------------------------------------
MAIN: 
ComputeChange: NS (ITER=1) (NRM,RELC): (  248.83288     0.78385238E-03 ) :: heat equation
ComputeChange: NS (ITER=2) (NRM,RELC): (  248.83288     0.10352565E-10 ) :: heat equation
REF time=  25.900 max=  1674.789 energy residual=  9.1172E-06
MAIN: 
MAIN: -------------------------------------
MAIN: Time: 260/260:   2.600E+01
MAIN: -------------------------------------
MAIN: 
ComputeChange: NS (ITER=1) (NRM,RELC): (  249.03200     0.79991877E-03 ) :: heat equation
ComputeChange: NS (ITER=2) (NRM,RELC): (  249.03200     0.10592631E-10 ) :: heat equation
REF time=  26.000 max=  1649.397 energy residual=  9.1440E-06
MAIN: *** Elmer Solver: ALL DONE ***
MAIN: The end
SOLVER TOTAL TIME(CPU,REAL):       186.89      186.89
ELMER SOLVER FINISHED AT: 2026/09/08 10:13:13
