    1C
    1UNative plastic deposition/cold cut history benchmark, mm N MPa C  
    1UUSER                                                              
    1UDATE              07.october.2026                                 
    1UTIME              16:16:24                                        
    1UHOST                                                              
    1UPGM               CalculiX                                        
    1UVERSION           Version 2.23                             
    1UCOMPILETIME       Fri Oct 24 20:12:25     2025                    
    1UDIR                                                               
    1UDBN                                                               
    1UMAT    1QT_REF                                                    
    1UMAT    2NI_REF                                                    
    2C                            99                                     1
 -1         1 0.00000E+00 0.00000E+00 0.00000E+00
 -1         2 1.00000E+00 0.00000E+00 0.00000E+00
 -1         3 2.00000E+00 0.00000E+00 0.00000E+00
 -1         4 3.00000E+00 0.00000E+00 0.00000E+00
 -1         5 4.00000E+00 0.00000E+00 0.00000E+00
 -1         6 5.00000E+00 0.00000E+00 0.00000E+00
 -1         7 6.00000E+00 0.00000E+00 0.00000E+00
 -1         8 7.00000E+00 0.00000E+00 0.00000E+00
 -1         9 8.00000E+00 0.00000E+00 0.00000E+00
 -1        10 9.00000E+00 0.00000E+00 0.00000E+00
 -1        11 1.00000E+01 0.00000E+00 0.00000E+00
 -1        12 0.00000E+00 1.00000E+00 0.00000E+00
 -1        13 1.00000E+00 1.00000E+00 0.00000E+00
 -1        14 2.00000E+00 1.00000E+00 0.00000E+00
 -1        15 3.00000E+00 1.00000E+00 0.00000E+00
 -1        16 4.00000E+00 1.00000E+00 0.00000E+00
 -1        17 5.00000E+00 1.00000E+00 0.00000E+00
 -1        18 6.00000E+00 1.00000E+00 0.00000E+00
 -1        19 7.00000E+00 1.00000E+00 0.00000E+00
 -1        20 8.00000E+00 1.00000E+00 0.00000E+00
 -1        21 9.00000E+00 1.00000E+00 0.00000E+00
 -1        22 1.00000E+01 1.00000E+00 0.00000E+00
 -1        23 0.00000E+00 2.00000E+00 0.00000E+00
 -1        24 1.00000E+00 2.00000E+00 0.00000E+00
 -1        25 2.00000E+00 2.00000E+00 0.00000E+00
 -1        26 3.00000E+00 2.00000E+00 0.00000E+00
 -1        27 4.00000E+00 2.00000E+00 0.00000E+00
 -1        28 5.00000E+00 2.00000E+00 0.00000E+00
 -1        29 6.00000E+00 2.00000E+00 0.00000E+00
 -1        30 7.00000E+00 2.00000E+00 0.00000E+00
 -1        31 8.00000E+00 2.00000E+00 0.00000E+00
 -1        32 9.00000E+00 2.00000E+00 0.00000E+00
 -1        33 1.00000E+01 2.00000E+00 0.00000E+00
 -1        34 0.00000E+00 0.00000E+00 5.00000E-01
 -1        35 1.00000E+00 0.00000E+00 5.00000E-01
 -1        36 2.00000E+00 0.00000E+00 5.00000E-01
 -1        37 3.00000E+00 0.00000E+00 5.00000E-01
 -1        38 4.00000E+00 0.00000E+00 5.00000E-01
 -1        39 5.00000E+00 0.00000E+00 5.00000E-01
 -1        40 6.00000E+00 0.00000E+00 5.00000E-01
 -1        41 7.00000E+00 0.00000E+00 5.00000E-01
 -1        42 8.00000E+00 0.00000E+00 5.00000E-01
 -1        43 9.00000E+00 0.00000E+00 5.00000E-01
 -1        44 1.00000E+01 0.00000E+00 5.00000E-01
 -1        45 0.00000E+00 1.00000E+00 5.00000E-01
 -1        46 1.00000E+00 1.00000E+00 5.00000E-01
 -1        47 2.00000E+00 1.00000E+00 5.00000E-01
 -1        48 3.00000E+00 1.00000E+00 5.00000E-01
 -1        49 4.00000E+00 1.00000E+00 5.00000E-01
 -1        50 5.00000E+00 1.00000E+00 5.00000E-01
 -1        51 6.00000E+00 1.00000E+00 5.00000E-01
 -1        52 7.00000E+00 1.00000E+00 5.00000E-01
 -1        53 8.00000E+00 1.00000E+00 5.00000E-01
 -1        54 9.00000E+00 1.00000E+00 5.00000E-01
 -1        55 1.00000E+01 1.00000E+00 5.00000E-01
 -1        56 0.00000E+00 2.00000E+00 5.00000E-01
 -1        57 1.00000E+00 2.00000E+00 5.00000E-01
 -1        58 2.00000E+00 2.00000E+00 5.00000E-01
 -1        59 3.00000E+00 2.00000E+00 5.00000E-01
 -1        60 4.00000E+00 2.00000E+00 5.00000E-01
 -1        61 5.00000E+00 2.00000E+00 5.00000E-01
 -1        62 6.00000E+00 2.00000E+00 5.00000E-01
 -1        63 7.00000E+00 2.00000E+00 5.00000E-01
 -1        64 8.00000E+00 2.00000E+00 5.00000E-01
 -1        65 9.00000E+00 2.00000E+00 5.00000E-01
 -1        66 1.00000E+01 2.00000E+00 5.00000E-01
 -1        67 0.00000E+00 0.00000E+00 1.00000E+00
 -1        68 1.00000E+00 0.00000E+00 1.00000E+00
 -1        69 2.00000E+00 0.00000E+00 1.00000E+00
 -1        70 3.00000E+00 0.00000E+00 1.00000E+00
 -1        71 4.00000E+00 0.00000E+00 1.00000E+00
 -1        72 5.00000E+00 0.00000E+00 1.00000E+00
 -1        73 6.00000E+00 0.00000E+00 1.00000E+00
 -1        74 7.00000E+00 0.00000E+00 1.00000E+00
 -1        75 8.00000E+00 0.00000E+00 1.00000E+00
 -1        76 9.00000E+00 0.00000E+00 1.00000E+00
 -1        77 1.00000E+01 0.00000E+00 1.00000E+00
 -1        78 0.00000E+00 1.00000E+00 1.00000E+00
 -1        79 1.00000E+00 1.00000E+00 1.00000E+00
 -1        80 2.00000E+00 1.00000E+00 1.00000E+00
 -1        81 3.00000E+00 1.00000E+00 1.00000E+00
 -1        82 4.00000E+00 1.00000E+00 1.00000E+00
 -1        83 5.00000E+00 1.00000E+00 1.00000E+00
 -1        84 6.00000E+00 1.00000E+00 1.00000E+00
 -1        85 7.00000E+00 1.00000E+00 1.00000E+00
 -1        86 8.00000E+00 1.00000E+00 1.00000E+00
 -1        87 9.00000E+00 1.00000E+00 1.00000E+00
 -1        88 1.00000E+01 1.00000E+00 1.00000E+00
 -1        89 0.00000E+00 2.00000E+00 1.00000E+00
 -1        90 1.00000E+00 2.00000E+00 1.00000E+00
 -1        91 2.00000E+00 2.00000E+00 1.00000E+00
 -1        92 3.00000E+00 2.00000E+00 1.00000E+00
 -1        93 4.00000E+00 2.00000E+00 1.00000E+00
 -1        94 5.00000E+00 2.00000E+00 1.00000E+00
 -1        95 6.00000E+00 2.00000E+00 1.00000E+00
 -1        96 7.00000E+00 2.00000E+00 1.00000E+00
 -1        97 8.00000E+00 2.00000E+00 1.00000E+00
 -1        98 9.00000E+00 2.00000E+00 1.00000E+00
 -1        99 1.00000E+01 2.00000E+00 1.00000E+00
 -3
    3C                            40                                     1
 -1         1    1    0    1
 -2         1         2        13        12        34        35        46        45
 -1         2    1    0    1
 -2         2         3        14        13        35        36        47        46
 -1         3    1    0    1
 -2         3         4        15        14        36        37        48        47
 -1         4    1    0    1
 -2         4         5        16        15        37        38        49        48
 -1         5    1    0    1
 -2         5         6        17        16        38        39        50        49
 -1         6    1    0    1
 -2         6         7        18        17        39        40        51        50
 -1         7    1    0    1
 -2         7         8        19        18        40        41        52        51
 -1         8    1    0    1
 -2         8         9        20        19        41        42        53        52
 -1         9    1    0    1
 -2         9        10        21        20        42        43        54        53
 -1        10    1    0    1
 -2        10        11        22        21        43        44        55        54
 -1        11    1    0    1
 -2        12        13        24        23        45        46        57        56
 -1        12    1    0    1
 -2        13        14        25        24        46        47        58        57
 -1        13    1    0    1
 -2        14        15        26        25        47        48        59        58
 -1        14    1    0    1
 -2        15        16        27        26        48        49        60        59
 -1        15    1    0    1
 -2        16        17        28        27        49        50        61        60
 -1        16    1    0    1
 -2        17        18        29        28        50        51        62        61
 -1        17    1    0    1
 -2        18        19        30        29        51        52        63        62
 -1        18    1    0    1
 -2        19        20        31        30        52        53        64        63
 -1        19    1    0    1
 -2        20        21        32        31        53        54        65        64
 -1        20    1    0    1
 -2        21        22        33        32        54        55        66        65
 -1        21    1    0    1
 -2        34        35        46        45        67        68        79        78
 -1        22    1    0    1
 -2        35        36        47        46        68        69        80        79
 -1        23    1    0    1
 -2        36        37        48        47        69        70        81        80
 -1        24    1    0    1
 -2        37        38        49        48        70        71        82        81
 -1        25    1    0    1
 -2        38        39        50        49        71        72        83        82
 -1        26    1    0    1
 -2        39        40        51        50        72        73        84        83
 -1        27    1    0    1
 -2        40        41        52        51        73        74        85        84
 -1        28    1    0    1
 -2        41        42        53        52        74        75        86        85
 -1        29    1    0    1
 -2        42        43        54        53        75        76        87        86
 -1        30    1    0    1
 -2        43        44        55        54        76        77        88        87
 -1        31    1    0    1
 -2        45        46        57        56        78        79        90        89
 -1        32    1    0    1
 -2        46        47        58        57        79        80        91        90
 -1        33    1    0    1
 -2        47        48        59        58        80        81        92        91
 -1        34    1    0    1
 -2        48        49        60        59        81        82        93        92
 -1        35    1    0    1
 -2        49        50        61        60        82        83        94        93
 -1        36    1    0    1
 -2        50        51        62        61        83        84        95        94
 -1        37    1    0    1
 -2        51        52        63        62        84        85        96        95
 -1        38    1    0    1
 -2        52        53        64        63        85        86        97        96
 -1        39    1    0    1
 -2        53        54        65        64        86        87        98        97
 -1        40    1    0    1
 -2        54        55        66        65        87        88        99        98
 -3
    1PSTEP                         1           6           1          
  100CL  101 1.000000000          99                     0    1           1
 -4  DISP        4    1
 -5  D1          1    2    1    0
 -5  D2          1    2    2    0
 -5  D3          1    2    3    0
 -5  ALL         1    2    0    0    1ALL
 -1         1 0.00000E+00 0.00000E+00 0.00000E+00
 -1         2 3.00000E-03 0.00000E+00 0.00000E+00
 -1         3 6.00000E-03 0.00000E+00 0.00000E+00
 -1         4 9.00000E-03 0.00000E+00 0.00000E+00
 -1         5 1.20000E-02 0.00000E+00 0.00000E+00
 -1         6 1.50000E-02 0.00000E+00 0.00000E+00
 -1         7 1.80000E-02 0.00000E+00 0.00000E+00
 -1         8 2.10000E-02 0.00000E+00 0.00000E+00
 -1         9 2.40000E-02 0.00000E+00 0.00000E+00
 -1        10 2.70000E-02 0.00000E+00 0.00000E+00
 -1        11 3.00000E-02 0.00000E+00 0.00000E+00
 -1        12 0.00000E+00-1.09598E-03 0.00000E+00
 -1        13 3.00000E-03-1.09598E-03 0.00000E+00
 -1        14 6.00000E-03-1.09598E-03 0.00000E+00
 -1        15 9.00000E-03-1.09598E-03 0.00000E+00
 -1        16 1.20000E-02-1.09598E-03 0.00000E+00
 -1        17 1.50000E-02-1.09598E-03 0.00000E+00
 -1        18 1.80000E-02-1.09598E-03 0.00000E+00
 -1        19 2.10000E-02-1.09598E-03 0.00000E+00
 -1        20 2.40000E-02-1.09598E-03 0.00000E+00
 -1        21 2.70000E-02-1.09598E-03 0.00000E+00
 -1        22 3.00000E-02-1.09598E-03 0.00000E+00
 -1        23 0.00000E+00-2.19195E-03 0.00000E+00
 -1        24 3.00000E-03-2.19195E-03 0.00000E+00
 -1        25 6.00000E-03-2.19195E-03 0.00000E+00
 -1        26 9.00000E-03-2.19195E-03 0.00000E+00
 -1        27 1.20000E-02-2.19195E-03 0.00000E+00
 -1        28 1.50000E-02-2.19195E-03 0.00000E+00
 -1        29 1.80000E-02-2.19195E-03 0.00000E+00
 -1        30 2.10000E-02-2.19195E-03 0.00000E+00
 -1        31 2.40000E-02-2.19195E-03 0.00000E+00
 -1        32 2.70000E-02-2.19195E-03 0.00000E+00
 -1        33 3.00000E-02-2.19195E-03 0.00000E+00
 -1        34 0.00000E+00 0.00000E+00-5.47989E-04
 -1        35 3.00000E-03 0.00000E+00-5.47989E-04
 -1        36 6.00000E-03 0.00000E+00-5.47989E-04
 -1        37 9.00000E-03 0.00000E+00-5.47989E-04
 -1        38 1.20000E-02 0.00000E+00-5.47989E-04
 -1        39 1.50000E-02 0.00000E+00-5.47989E-04
 -1        40 1.80000E-02 0.00000E+00-5.47989E-04
 -1        41 2.10000E-02 0.00000E+00-5.47989E-04
 -1        42 2.40000E-02 0.00000E+00-5.47989E-04
 -1        43 2.70000E-02 0.00000E+00-5.47989E-04
 -1        44 3.00000E-02 0.00000E+00-5.47989E-04
 -1        45 0.00000E+00-1.09598E-03-5.47989E-04
 -1        46 3.00000E-03-1.09598E-03-5.47989E-04
 -1        47 6.00000E-03-1.09598E-03-5.47989E-04
 -1        48 9.00000E-03-1.09598E-03-5.47989E-04
 -1        49 1.20000E-02-1.09598E-03-5.47989E-04
 -1        50 1.50000E-02-1.09598E-03-5.47989E-04
 -1        51 1.80000E-02-1.09598E-03-5.47989E-04
 -1        52 2.10000E-02-1.09598E-03-5.47989E-04
 -1        53 2.40000E-02-1.09598E-03-5.47989E-04
 -1        54 2.70000E-02-1.09598E-03-5.47989E-04
 -1        55 3.00000E-02-1.09598E-03-5.47989E-04
 -1        56 0.00000E+00-2.19195E-03-5.47989E-04
 -1        57 3.00000E-03-2.19195E-03-5.47989E-04
 -1        58 6.00000E-03-2.19195E-03-5.47989E-04
 -1        59 9.00000E-03-2.19195E-03-5.47989E-04
 -1        60 1.20000E-02-2.19195E-03-5.47989E-04
 -1        61 1.50000E-02-2.19195E-03-5.47989E-04
 -1        62 1.80000E-02-2.19195E-03-5.47989E-04
 -1        63 2.10000E-02-2.19195E-03-5.47989E-04
 -1        64 2.40000E-02-2.19195E-03-5.47989E-04
 -1        65 2.70000E-02-2.19195E-03-5.47989E-04
 -1        66 3.00000E-02-2.19195E-03-5.47989E-04
 -1        67 0.00000E+00 0.00000E+00-1.09598E-03
 -1        68 3.00000E-03 0.00000E+00-1.09598E-03
 -1        69 6.00000E-03 0.00000E+00-1.09598E-03
 -1        70 9.00000E-03 0.00000E+00-1.09598E-03
 -1        71 1.20000E-02 0.00000E+00-1.09598E-03
 -1        72 1.50000E-02 0.00000E+00-1.09598E-03
 -1        73 1.80000E-02 0.00000E+00-1.09598E-03
 -1        74 2.10000E-02 0.00000E+00-1.09598E-03
 -1        75 2.40000E-02 0.00000E+00-1.09598E-03
 -1        76 2.70000E-02 0.00000E+00-1.09598E-03
 -1        77 3.00000E-02 0.00000E+00-1.09598E-03
 -1        78 0.00000E+00-1.09598E-03-1.09598E-03
 -1        79 3.00000E-03-1.09598E-03-1.09598E-03
 -1        80 6.00000E-03-1.09598E-03-1.09598E-03
 -1        81 9.00000E-03-1.09598E-03-1.09598E-03
 -1        82 1.20000E-02-1.09598E-03-1.09598E-03
 -1        83 1.50000E-02-1.09598E-03-1.09598E-03
 -1        84 1.80000E-02-1.09598E-03-1.09598E-03
 -1        85 2.10000E-02-1.09598E-03-1.09598E-03
 -1        86 2.40000E-02-1.09598E-03-1.09598E-03
 -1        87 2.70000E-02-1.09598E-03-1.09598E-03
 -1        88 3.00000E-02-1.09598E-03-1.09598E-03
 -1        89 0.00000E+00-2.19195E-03-1.09598E-03
 -1        90 3.00000E-03-2.19195E-03-1.09598E-03
 -1        91 6.00000E-03-2.19195E-03-1.09598E-03
 -1        92 9.00000E-03-2.19195E-03-1.09598E-03
 -1        93 1.20000E-02-2.19195E-03-1.09598E-03
 -1        94 1.50000E-02-2.19195E-03-1.09598E-03
 -1        95 1.80000E-02-2.19195E-03-1.09598E-03
 -1        96 2.10000E-02-2.19195E-03-1.09598E-03
 -1        97 2.40000E-02-2.19195E-03-1.09598E-03
 -1        98 2.70000E-02-2.19195E-03-1.09598E-03
 -1        99 3.00000E-02-2.19195E-03-1.09598E-03
 -3
    1PSTEP                         2           6           1          
  100CL  101 1.000000000          99                     0    1           1
 -4  STRESS      6    1
 -5  SXX         1    4    1    1
 -5  SYY         1    4    2    2
 -5  SZZ         1    4    3    3
 -5  SXY         1    4    1    2
 -5  SYZ         1    4    2    3
 -5  SZX         1    4    3    1
 -1         1 3.09988E+02 2.53463E-06 2.53463E-06 5.58808E-15 3.92647E-15 1.51487E-14
 -1         2 3.09988E+02 2.53463E-06 2.53463E-06-2.11972E-13-6.67131E-15-2.69350E-13
 -1         3 3.09988E+02 2.53463E-06 2.53463E-06-9.28682E-14 8.49073E-15-2.46795E-13
 -1         4 3.09988E+02 2.53462E-06 2.53462E-06-6.36053E-14-7.24219E-15 3.35010E-13
 -1         5 3.09988E+02 2.53463E-06 2.53463E-06 9.68800E-15 3.35961E-15-2.63040E-13
 -1         6 3.09988E+02 2.53465E-06 2.53465E-06-1.30874E-13-4.84784E-16-2.51136E-13
 -1         7 3.09988E+02 2.53464E-06 2.53464E-06-5.13326E-13-3.42206E-15-3.93233E-13
 -1         8 3.09988E+02 2.53464E-06 2.53464E-06 2.31675E-14 2.90404E-15 2.15867E-13
 -1         9 3.09988E+02 2.53464E-06 2.53463E-06 8.88014E-13 4.49110E-15 3.01633E-13
 -1        10 3.09988E+02 2.53467E-06 2.53467E-06 3.09887E-12-6.17148E-15 1.54804E-12
 -1        11 3.09988E+02 2.53456E-06 2.53458E-06-1.35501E-14 2.87681E-15-1.96936E-13
 -1        12 3.09988E+02 2.53463E-06 2.53463E-06 7.67450E-14-3.17038E-14-9.68038E-15
 -1        13 3.09988E+02 2.53463E-06 2.53463E-06-2.38144E-13 1.83540E-14-6.32195E-14
 -1        14 3.09988E+02 2.53463E-06 2.53463E-06-2.87908E-13 7.18643E-14-2.20793E-13
 -1        15 3.09988E+02 2.53462E-06 2.53462E-06 3.65452E-13 6.33950E-14 1.68749E-13
 -1        16 3.09988E+02 2.53463E-06 2.53463E-06 4.76076E-13-6.24308E-14-9.19261E-14
 -1        17 3.09988E+02 2.53465E-06 2.53465E-06-3.83245E-13-5.47000E-14-7.75419E-14
 -1        18 3.09988E+02 2.53464E-06 2.53464E-06-9.03525E-14 4.72757E-15-1.38253E-13
 -1        19 3.09988E+02 2.53464E-06 2.53464E-06 1.43853E-14-1.14895E-13 1.75502E-13
 -1        20 3.09988E+02 2.53465E-06 2.53465E-06 6.71780E-13 3.54052E-13 7.33686E-13
 -1        21 3.09988E+02 2.53459E-06 2.53458E-06-5.15078E-13-2.84518E-13-2.95629E-12
 -1        22 3.09988E+02 2.53460E-06 2.53459E-06-1.62323E-12 1.22582E-13-4.59906E-14
 -1        23 3.09988E+02 2.53463E-06 2.53463E-06 2.58763E-14-3.68028E-14 3.18789E-14
 -1        24 3.09988E+02 2.53463E-06 2.53463E-06-2.83055E-13 9.16128E-14-2.01238E-13
 -1        25 3.09988E+02 2.53463E-06 2.53463E-06-2.94552E-13-6.14648E-15-8.09818E-14
 -1        26 3.09988E+02 2.53462E-06 2.53462E-06 8.02318E-13 9.65338E-14-1.39979E-13
 -1        27 3.09988E+02 2.53464E-06 2.53464E-06 8.16211E-13-6.69757E-14 4.80716E-13
 -1        28 3.09988E+02 2.53464E-06 2.53464E-06-4.44971E-13-6.51740E-14-3.77102E-14
 -1        29 3.09988E+02 2.53463E-06 2.53463E-06-3.84477E-13-7.39445E-14-6.00179E-13
 -1        30 3.09988E+02 2.53464E-06 2.53464E-06 3.50271E-13 1.48603E-13 7.20486E-13
 -1        31 3.09988E+02 2.53465E-06 2.53464E-06-1.12152E-12 1.86226E-14-2.14613E-12
 -1        32 3.09988E+02 2.53456E-06 2.53458E-06-2.25731E-12 1.87610E-12 4.94196E-12
 -1        33 3.09988E+02 2.53468E-06 2.53468E-06 3.16292E-12-4.40920E-13-4.32428E-13
 -1        34 3.09988E+02 2.53463E-06 2.53463E-06-6.61273E-15 4.63070E-14 6.80116E-14
 -1        35 3.09988E+02 2.53463E-06 2.53463E-06-2.03716E-13 5.91175E-14-3.26611E-14
 -1        36 3.09988E+02 2.53463E-06 2.53463E-06-4.83422E-14-5.52889E-14-2.64951E-13
 -1        37 3.09988E+02 2.53462E-06 2.53462E-06-3.72500E-15-1.35935E-14 1.88107E-13
 -1        38 3.09988E+02 2.53462E-06 2.53461E-06 8.37317E-14 4.92420E-14-1.79597E-15
 -1        39 3.09988E+02 2.53465E-06 2.53466E-06-2.14100E-13 7.67436E-14 1.10869E-13
 -1        40 3.09988E+02 2.53464E-06 2.53464E-06-2.81790E-13-1.88315E-14-2.57309E-14
 -1        41 3.09988E+02 2.53464E-06 2.53464E-06-3.44158E-13-8.06735E-14-2.73101E-13
 -1        42 3.09988E+02 2.53464E-06 2.53464E-06 1.14839E-12-2.13554E-13 1.62228E-13
 -1        43 3.09988E+02 2.53466E-06 2.53466E-06 1.41126E-12-4.48625E-12 6.97992E-13
 -1        44 3.09988E+02 2.53455E-06 2.53457E-06 1.92110E-13-3.17939E-12-5.13576E-13
 -1        45 3.09988E+02 2.53463E-06 2.53463E-06 8.27611E-14 1.12702E-14 8.83273E-14
 -1        46 3.09988E+02 2.53463E-06 2.53463E-06-2.02944E-13 2.76059E-14-8.83650E-14
 -1        47 3.09988E+02 2.53463E-06 2.53463E-06-3.46437E-13 8.58296E-14-2.54218E-13
 -1        48 3.09988E+02 2.53462E-06 2.53462E-06 4.62151E-13 1.57052E-13 2.96639E-13
 -1        49 3.09988E+02 2.53462E-06 2.53461E-06 5.19531E-13-1.34754E-13 3.41992E-13
 -1        50 3.09988E+02 2.53465E-06 2.53465E-06-3.52657E-13-4.65512E-14-2.18772E-13
 -1        51 3.09988E+02 2.53463E-06 2.53463E-06-2.16694E-13 3.62277E-15-1.68917E-13
 -1        52 3.09988E+02 2.53464E-06 2.53464E-06-4.97687E-14-1.92498E-13-4.57567E-13
 -1        53 3.09988E+02 2.53465E-06 2.53465E-06 8.75027E-14 2.68776E-13-1.28775E-12
 -1        54 3.09988E+02 2.53459E-06 2.53459E-06 7.88635E-13-2.11945E-13-2.00922E-12
 -1        55 3.09988E+02 2.53461E-06 2.53460E-06-1.77519E-12 9.52241E-13 1.09051E-12
 -1        56 3.09988E+02 2.53463E-06 2.53463E-06 8.25220E-14 3.15054E-14 3.61558E-14
 -1        57 3.09988E+02 2.53463E-06 2.53463E-06-2.59944E-13 9.33689E-14 9.87497E-14
 -1        58 3.09988E+02 2.53463E-06 2.53463E-06-3.55127E-13 1.88288E-13-2.52197E-13
 -1        59 3.09988E+02 2.53462E-06 2.53462E-06 5.69204E-13 1.62453E-13-6.94687E-14
 -1        60 3.09988E+02 2.53463E-06 2.53462E-06 8.20517E-13-2.16789E-13 5.39251E-13
 -1        61 3.09988E+02 2.53468E-06 2.53468E-06-4.18689E-13-2.22411E-13-1.20101E-13
 -1        62 3.09988E+02 2.53466E-06 2.53466E-06-2.55616E-13-1.66068E-13-1.72397E-13
 -1        63 3.09988E+02 2.53464E-06 2.53464E-06 4.37488E-13 5.94084E-14 5.13992E-13
 -1        64 3.09988E+02 2.53465E-06 2.53464E-06-1.99153E-12-5.25872E-13-1.29955E-12
 -1        65 3.09988E+02 2.53458E-06 2.53458E-06 1.22902E-12 5.90887E-12 4.80244E-12
 -1        66 3.09988E+02 2.53467E-06 2.53467E-06 2.53010E-12 1.34857E-12 1.24195E-12
 -1        67 3.09988E+02 2.53463E-06 2.53463E-06 3.42990E-15 9.69625E-14 1.47604E-13
 -1        68 3.09988E+02 2.53463E-06 2.53463E-06-1.99272E-13 7.62386E-14 9.05019E-14
 -1        69 3.09988E+02 2.53463E-06 2.53463E-06-1.48392E-13-8.98390E-14-3.12417E-13
 -1        70 3.09988E+02 2.53462E-06 2.53462E-06 3.64740E-14-9.12720E-14 7.01951E-13
 -1        71 3.09988E+02 2.53461E-06 2.53459E-06-2.02124E-13 1.02896E-13 7.73072E-13
 -1        72 3.09988E+02 2.53465E-06 2.53465E-06-1.36670E-13 1.47205E-13-1.20480E-13
 -1        73 3.09988E+02 2.53463E-06 2.53463E-06-7.48537E-13 3.20648E-15 8.29266E-13
 -1        74 3.09988E+02 2.53464E-06 2.53464E-06-1.98972E-13-4.08295E-14 1.61779E-13
 -1        75 3.09988E+02 2.53464E-06 2.53464E-06 1.32038E-12-1.30075E-12 6.73603E-13
 -1        76 3.09988E+02 2.53465E-06 2.53464E-06 1.96914E-12-1.07381E-13-1.32921E-13
 -1        77 3.09988E+02 2.53466E-06 2.53466E-06-1.12422E-13-4.30727E-12 3.78967E-13
 -1        78 3.09988E+02 2.53463E-06 2.53463E-06 1.11187E-13 4.32218E-14 1.63536E-13
 -1        79 3.09988E+02 2.53463E-06 2.53463E-06-1.38408E-13 5.20553E-14-8.93897E-14
 -1        80 3.09988E+02 2.53463E-06 2.53463E-06-2.83113E-13 8.81612E-14-3.61183E-13
 -1        81 3.09988E+02 2.53462E-06 2.53462E-06 2.91821E-13 1.43100E-13 2.01989E-13
 -1        82 3.09988E+02 2.53461E-06 2.53460E-06 3.77740E-13-1.42752E-13 4.43353E-13
 -1        83 3.09988E+02 2.53468E-06 2.53468E-06-3.37012E-13-5.25131E-14-7.97855E-13
 -1        84 3.09988E+02 2.53466E-06 2.53466E-06-4.33021E-14-4.67682E-14 1.78229E-15
 -1        85 3.09988E+02 2.53464E-06 2.53464E-06 2.50931E-14-2.39888E-13-2.06124E-13
 -1        86 3.09988E+02 2.53465E-06 2.53464E-06 2.12493E-13 3.75768E-13 4.72053E-14
 -1        87 3.09988E+02 2.53458E-06 2.53460E-06 1.29411E-12-1.20086E-12 4.70948E-15
 -1        88 3.09988E+02 2.53462E-06 2.53462E-06-1.50279E-12 8.20570E-13-2.36865E-12
 -1        89 3.09988E+02 2.53463E-06 2.53463E-06 1.05524E-13 1.43052E-13 1.23448E-13
 -1        90 3.09988E+02 2.53463E-06 2.53463E-06-1.57898E-13 1.48075E-13 2.62102E-15
 -1        91 3.09988E+02 2.53463E-06 2.53463E-06-2.92362E-13 2.23528E-13-1.13143E-13
 -1        92 3.09988E+02 2.53462E-06 2.53462E-06 5.38554E-13 1.54936E-13 1.69270E-13
 -1        93 3.09988E+02 2.53459E-06 2.53458E-06 5.91134E-13-6.86611E-14 3.77172E-13
 -1        94 3.09988E+02 2.53464E-06 2.53465E-06-1.27842E-13-2.46348E-13 9.57813E-14
 -1        95 3.09988E+02 2.53465E-06 2.53465E-06 1.30615E-13-1.44695E-13 1.48737E-13
 -1        96 3.09988E+02 2.53464E-06 2.53464E-06 1.99025E-13-1.16422E-13 1.85313E-14
 -1        97 3.09988E+02 2.53464E-06 2.53464E-06-1.88691E-12 1.59734E-13-2.70336E-12
 -1        98 3.09988E+02 2.53461E-06 2.53460E-06 8.39886E-13-1.26962E-12 4.24687E-12
 -1        99 3.09988E+02 2.53456E-06 2.53458E-06-1.89481E-12-6.52939E-13 6.68625E-12
 -3
    1PSTEP                         3           6           1          
  100CL  101 1.000000000          99                     0    1           1
 -4  PE          1    1
 -5  PE          1    1    0    0
 -1         1 1.17407E-03
 -1         2 1.17407E-03
 -1         3 1.17407E-03
 -1         4 1.17407E-03
 -1         5 1.17407E-03
 -1         6 1.17407E-03
 -1         7 1.17407E-03
 -1         8 1.17407E-03
 -1         9 1.17407E-03
 -1        10 1.17407E-03
 -1        11 1.17407E-03
 -1        12 1.17407E-03
 -1        13 1.17407E-03
 -1        14 1.17407E-03
 -1        15 1.17407E-03
 -1        16 1.17407E-03
 -1        17 1.17407E-03
 -1        18 1.17407E-03
 -1        19 1.17407E-03
 -1        20 1.17407E-03
 -1        21 1.17407E-03
 -1        22 1.17407E-03
 -1        23 1.17407E-03
 -1        24 1.17407E-03
 -1        25 1.17407E-03
 -1        26 1.17407E-03
 -1        27 1.17407E-03
 -1        28 1.17407E-03
 -1        29 1.17407E-03
 -1        30 1.17407E-03
 -1        31 1.17407E-03
 -1        32 1.17407E-03
 -1        33 1.17407E-03
 -1        34 1.17407E-03
 -1        35 1.17407E-03
 -1        36 1.17407E-03
 -1        37 1.17407E-03
 -1        38 1.17407E-03
 -1        39 1.17407E-03
 -1        40 1.17407E-03
 -1        41 1.17407E-03
 -1        42 1.17407E-03
 -1        43 1.17407E-03
 -1        44 1.17407E-03
 -1        45 1.17407E-03
 -1        46 1.17407E-03
 -1        47 1.17407E-03
 -1        48 1.17407E-03
 -1        49 1.17407E-03
 -1        50 1.17407E-03
 -1        51 1.17407E-03
 -1        52 1.17407E-03
 -1        53 1.17407E-03
 -1        54 1.17407E-03
 -1        55 1.17407E-03
 -1        56 1.17407E-03
 -1        57 1.17407E-03
 -1        58 1.17407E-03
 -1        59 1.17407E-03
 -1        60 1.17407E-03
 -1        61 1.17407E-03
 -1        62 1.17407E-03
 -1        63 1.17407E-03
 -1        64 1.17407E-03
 -1        65 1.17407E-03
 -1        66 1.17407E-03
 -1        67 1.17407E-03
 -1        68 1.17407E-03
 -1        69 1.17407E-03
 -1        70 1.17407E-03
 -1        71 1.17407E-03
 -1        72 1.17407E-03
 -1        73 1.17407E-03
 -1        74 1.17407E-03
 -1        75 1.17407E-03
 -1        76 1.17407E-03
 -1        77 1.17407E-03
 -1        78 1.17407E-03
 -1        79 1.17407E-03
 -1        80 1.17407E-03
 -1        81 1.17407E-03
 -1        82 1.17407E-03
 -1        83 1.17407E-03
 -1        84 1.17407E-03
 -1        85 1.17407E-03
 -1        86 1.17407E-03
 -1        87 1.17407E-03
 -1        88 1.17407E-03
 -1        89 1.17407E-03
 -1        90 1.17407E-03
 -1        91 1.17407E-03
 -1        92 1.17407E-03
 -1        93 1.17407E-03
 -1        94 1.17407E-03
 -1        95 1.17407E-03
 -1        96 1.17407E-03
 -1        97 1.17407E-03
 -1        98 1.17407E-03
 -1        99 1.17407E-03
 -3
    1PSTEP                         4           6           1          
  100CL  101 1.000000000          99                     0    1           1
 -4  ERROR       1    1
 -5  STR(%)      1    1    0    0
 -1         1 0.00000E+00
 -1         2 0.00000E+00
 -1         3 0.00000E+00
 -1         4 7.59155E-13
 -1         5 7.59155E-13
 -1         6 0.00000E+00
 -1         7 0.00000E+00
 -1         8 0.00000E+00
 -1         9 4.42646E-12
 -1        10 4.42646E-12
 -1        11 4.42646E-12
 -1        12 0.00000E+00
 -1        13 0.00000E+00
 -1        14 0.00000E+00
 -1        15 7.59155E-13
 -1        16 7.59155E-13
 -1        17 2.57529E-12
 -1        18 2.57529E-12
 -1        19 0.00000E+00
 -1        20 4.42646E-12
 -1        21 4.42646E-12
 -1        22 4.42646E-12
 -1        23 0.00000E+00
 -1        24 0.00000E+00
 -1        25 0.00000E+00
 -1        26 0.00000E+00
 -1        27 0.00000E+00
 -1        28 2.57529E-12
 -1        29 2.57529E-12
 -1        30 0.00000E+00
 -1        31 4.42646E-12
 -1        32 4.42646E-12
 -1        33 4.42646E-12
 -1        34 0.00000E+00
 -1        35 0.00000E+00
 -1        36 0.00000E+00
 -1        37 7.59155E-13
 -1        38 4.44398E-12
 -1        39 4.44398E-12
 -1        40 2.57529E-12
 -1        41 0.00000E+00
 -1        42 4.42646E-12
 -1        43 4.42646E-12
 -1        44 4.42646E-12
 -1        45 0.00000E+00
 -1        46 0.00000E+00
 -1        47 0.00000E+00
 -1        48 7.59155E-13
 -1        49 7.00174E-12
 -1        50 7.00174E-12
 -1        51 2.57529E-12
 -1        52 0.00000E+00
 -1        53 4.42646E-12
 -1        54 4.42646E-12
 -1        55 4.42646E-12
 -1        56 0.00000E+00
 -1        57 0.00000E+00
 -1        58 0.00000E+00
 -1        59 0.00000E+00
 -1        60 7.00174E-12
 -1        61 7.00174E-12
 -1        62 2.57529E-12
 -1        63 0.00000E+00
 -1        64 4.42646E-12
 -1        65 4.42646E-12
 -1        66 4.42646E-12
 -1        67 0.00000E+00
 -1        68 0.00000E+00
 -1        69 0.00000E+00
 -1        70 7.59155E-13
 -1        71 4.44398E-12
 -1        72 4.44398E-12
 -1        73 2.57529E-12
 -1        74 0.00000E+00
 -1        75 1.88037E-12
 -1        76 4.42646E-12
 -1        77 4.42646E-12
 -1        78 0.00000E+00
 -1        79 0.00000E+00
 -1        80 0.00000E+00
 -1        81 7.59155E-13
 -1        82 7.00174E-12
 -1        83 7.00174E-12
 -1        84 2.57529E-12
 -1        85 0.00000E+00
 -1        86 4.42646E-12
 -1        87 4.42646E-12
 -1        88 4.42646E-12
 -1        89 0.00000E+00
 -1        90 0.00000E+00
 -1        91 0.00000E+00
 -1        92 0.00000E+00
 -1        93 7.00174E-12
 -1        94 7.00174E-12
 -1        95 2.57529E-12
 -1        96 0.00000E+00
 -1        97 4.42646E-12
 -1        98 4.42646E-12
 -1        99 4.42646E-12
 -3
    1PSTEP                         5           6           2          
  100CL  102 2.000000000          99                     0    2           1
 -4  DISP        4    1
 -5  D1          1    2    1    0
 -5  D2          1    2    2    0
 -5  D3          1    2    3    0
 -5  ALL         1    2    0    0    1ALL
 -1         1 0.00000E+00 0.00000E+00 0.00000E+00
 -1         2 1.05071E-16 0.00000E+00 0.00000E+00
 -1         3 2.20396E-16 0.00000E+00 0.00000E+00
 -1         4 3.12635E-16 0.00000E+00 0.00000E+00
 -1         5 4.30391E-16 0.00000E+00 0.00000E+00
 -1         6 4.76779E-16 0.00000E+00 0.00000E+00
 -1         7 3.78535E-16 0.00000E+00 0.00000E+00
 -1         8 2.44548E-16 0.00000E+00 0.00000E+00
 -1         9 1.12692E-16 0.00000E+00 0.00000E+00
 -1        10 1.76748E-17 0.00000E+00 0.00000E+00
 -1        11 0.00000E+00 0.00000E+00 0.00000E+00
 -1        12 0.00000E+00-2.57800E-04 0.00000E+00
 -1        13 6.96683E-17-2.57800E-04 0.00000E+00
 -1        14 2.77678E-16-2.57800E-04 0.00000E+00
 -1        15 3.02841E-16-2.57800E-04 0.00000E+00
 -1        16 4.01355E-16-2.57800E-04 0.00000E+00
 -1        17 4.49836E-16-2.57800E-04 0.00000E+00
 -1        18 3.89259E-16-2.57800E-04 0.00000E+00
 -1        19 2.22098E-16-2.57800E-04 0.00000E+00
 -1        20 1.06773E-16-2.57800E-04 0.00000E+00
 -1        21 1.68724E-17-2.57800E-04 0.00000E+00
 -1        22 0.00000E+00-2.57800E-04 0.00000E+00
 -1        23 0.00000E+00-5.15600E-04 0.00000E+00
 -1        24 6.67045E-17-5.15600E-04 0.00000E+00
 -1        25 2.72392E-16-5.15600E-04 0.00000E+00
 -1        26 2.74129E-16-5.15600E-04 0.00000E+00
 -1        27 3.19780E-16-5.15600E-04 0.00000E+00
 -1        28 4.13746E-16-5.15600E-04 0.00000E+00
 -1        29 3.39011E-16-5.15600E-04 0.00000E+00
 -1        30 2.30722E-16-5.15600E-04 0.00000E+00
 -1        31 1.35217E-16-5.15600E-04 0.00000E+00
 -1        32 2.07752E-17-5.15600E-04 0.00000E+00
 -1        33 0.00000E+00-5.15600E-04 0.00000E+00
 -1        34 0.00000E+00 0.00000E+00-1.28900E-04
 -1        35 1.02949E-16 0.00000E+00-1.28900E-04
 -1        36 1.70829E-16 0.00000E+00-1.28900E-04
 -1        37 3.60015E-16 0.00000E+00-1.28900E-04
 -1        38 3.97929E-16 0.00000E+00-1.28900E-04
 -1        39 4.95986E-16 0.00000E+00-1.28900E-04
 -1        40 3.73476E-16 0.00000E+00-1.28900E-04
 -1        41 2.42471E-16 0.00000E+00-1.28900E-04
 -1        42 1.09330E-16 0.00000E+00-1.28900E-04
 -1        43 2.75761E-17 0.00000E+00-1.28900E-04
 -1        44 0.00000E+00 0.00000E+00-1.28900E-04
 -1        45 0.00000E+00-2.57800E-04-1.28900E-04
 -1        46 9.22221E-17-2.57800E-04-1.28900E-04
 -1        47 2.50146E-16-2.57800E-04-1.28900E-04
 -1        48 2.96009E-16-2.57800E-04-1.28900E-04
 -1        49 3.89648E-16-2.57800E-04-1.28900E-04
 -1        50 4.45534E-16-2.57800E-04-1.28900E-04
 -1        51 3.91517E-16-2.57800E-04-1.28900E-04
 -1        52 2.29542E-16-2.57800E-04-1.28900E-04
 -1        53 1.08962E-16-2.57800E-04-1.28900E-04
 -1        54 1.74975E-17-2.57800E-04-1.28900E-04
 -1        55 0.00000E+00-2.57800E-04-1.28900E-04
 -1        56 0.00000E+00-5.15600E-04-1.28900E-04
 -1        57 6.19126E-17-5.15600E-04-1.28900E-04
 -1        58 2.68031E-16-5.15600E-04-1.28900E-04
 -1        59 2.71416E-16-5.15600E-04-1.28900E-04
 -1        60 3.24932E-16-5.15600E-04-1.28900E-04
 -1        61 3.65576E-16-5.15600E-04-1.28900E-04
 -1        62 3.77108E-16-5.15600E-04-1.28900E-04
 -1        63 2.34474E-16-5.15600E-04-1.28900E-04
 -1        64 1.27457E-16-5.15600E-04-1.28900E-04
 -1        65 3.16524E-17-5.15600E-04-1.28900E-04
 -1        66 0.00000E+00-5.15600E-04-1.28900E-04
 -1        67 0.00000E+00 0.00000E+00-2.57800E-04
 -1        68 9.18649E-17 0.00000E+00-2.57800E-04
 -1        69 1.63967E-16 0.00000E+00-2.57800E-04
 -1        70 3.52062E-16 0.00000E+00-2.57800E-04
 -1        71 3.71443E-16 0.00000E+00-2.57800E-04
 -1        72 5.04072E-16 0.00000E+00-2.57800E-04
 -1        73 3.55303E-16 0.00000E+00-2.57800E-04
 -1        74 2.45686E-16 0.00000E+00-2.57800E-04
 -1        75 1.07743E-16 0.00000E+00-2.57800E-04
 -1        76 3.91758E-17 0.00000E+00-2.57800E-04
 -1        77 0.00000E+00 0.00000E+00-2.57800E-04
 -1        78 0.00000E+00-2.57800E-04-2.57800E-04
 -1        79 1.18011E-16-2.57800E-04-2.57800E-04
 -1        80 2.12197E-16-2.57800E-04-2.57800E-04
 -1        81 2.78570E-16-2.57800E-04-2.57800E-04
 -1        82 3.83449E-16-2.57800E-04-2.57800E-04
 -1        83 4.07240E-16-2.57800E-04-2.57800E-04
 -1        84 4.09276E-16-2.57800E-04-2.57800E-04
 -1        85 2.27547E-16-2.57800E-04-2.57800E-04
 -1        86 1.16102E-16-2.57800E-04-2.57800E-04
 -1        87 2.58024E-17-2.57800E-04-2.57800E-04
 -1        88 0.00000E+00-2.57800E-04-2.57800E-04
 -1        89 0.00000E+00-5.15600E-04-2.57800E-04
 -1        90 7.63989E-17-5.15600E-04-2.57800E-04
 -1        91 2.41787E-16-5.15600E-04-2.57800E-04
 -1        92 2.52657E-16-5.15600E-04-2.57800E-04
 -1        93 3.30011E-16-5.15600E-04-2.57800E-04
 -1        94 3.49821E-16-5.15600E-04-2.57800E-04
 -1        95 3.67089E-16-5.15600E-04-2.57800E-04
 -1        96 2.45583E-16-5.15600E-04-2.57800E-04
 -1        97 1.26506E-16-5.15600E-04-2.57800E-04
 -1        98 2.86953E-17-5.15600E-04-2.57800E-04
 -1        99 0.00000E+00-5.15600E-04-2.57800E-04
 -3
    1PSTEP                         6           6           2          
  100CL  102 2.000000000          99                     0    2           1
 -4  STRESS      6    1
 -5  SXX         1    4    1    1
 -5  SYY         1    4    2    2
 -5  SZZ         1    4    3    3
 -5  SXY         1    4    1    2
 -5  SYZ         1    4    2    3
 -5  SZX         1    4    3    1
 -1         1-1.99227E+02-2.17986E-11-2.17986E-11-1.55109E-15-2.96452E-16-8.27072E-15
 -1         2-1.99227E+02-1.14072E-11-1.14072E-11-2.22312E-12 3.21441E-15-1.79061E-13
 -1         3-1.99227E+02-1.39126E-11-1.29236E-11 3.90842E-12-3.17872E-15-6.46573E-12
 -1         4-1.99227E+02-1.83279E-11-2.57104E-11-5.01144E-13 5.62542E-15 6.15217E-12
 -1         5-1.99227E+02-1.51271E-12-5.23742E-13-1.82318E-12-1.05396E-15-4.14827E-12
 -1         6-1.99227E+02-6.74442E-12-5.75546E-12-1.62102E-12-1.91117E-15 2.74920E-12
 -1         7-1.99227E+02-2.31934E-11-1.68001E-11 1.04656E-12-1.79184E-15-5.51854E-13
 -1         8-1.99227E+02 2.79561E-12 2.66560E-11-1.44023E-12-2.76309E-15-1.23848E-13
 -1         9-1.99227E+02-2.48109E-11-2.85022E-11-4.58798E-13 1.37062E-15-5.39463E-13
 -1        10-1.99227E+02-2.23460E-11-2.60372E-11-1.19001E-12 4.45268E-16 8.14724E-13
 -1        11-1.99227E+02 1.88003E-11 4.63519E-11 1.26517E-13 3.21301E-15 2.31850E-13
 -1        12-1.99227E+02-2.53762E-11-2.90674E-11 7.57929E-14-4.10213E-13 4.84861E-15
 -1        13-1.99227E+02-1.48558E-11-1.43614E-11-1.94133E-12-8.33822E-13 3.03460E-12
 -1        14-1.99227E+02-1.92789E-11-2.11246E-11 2.22789E-12-1.71426E-13-3.47031E-12
 -1        15-1.99227E+02 3.83858E-12 8.88085E-12 2.00878E-12-1.12361E-14-9.20596E-13
 -1        16-1.99227E+02-1.03345E-12-5.38972E-13-8.45316E-13-9.81419E-13-1.55717E-12
 -1        17-1.99227E+02-1.03032E-11-1.21489E-11-6.87400E-14-1.54809E-12-4.93122E-13
 -1        18-1.99227E+02-8.79167E-12 1.37177E-11-4.24915E-13 1.15323E-12 4.72214E-13
 -1        19-1.99227E+02-8.56517E-12-2.60323E-11-1.13670E-12-4.15473E-13 9.01119E-13
 -1        20-1.99227E+02-2.75992E-11-2.57536E-11-5.51150E-13-6.64787E-13 1.18615E-13
 -1        21-1.99227E+02-2.67868E-12-2.18420E-12 8.16931E-13 3.36599E-13 1.08773E-12
 -1        22-1.99227E+02-1.15105E-11-1.52017E-11 3.43271E-12-2.27662E-13 3.58300E-14
 -1        23-1.99227E+02 4.90450E-12 3.24561E-11-1.52587E-12-2.85525E-12-1.02225E-15
 -1        24-1.99227E+02-1.84486E-11-2.21399E-11-2.62511E-13-4.55859E-13-5.40571E-13
 -1        25-1.99227E+02-2.01092E-11-2.01092E-11 2.27680E-12-1.00030E-12-5.02220E-13
 -1        26-1.99227E+02 4.68395E-12 4.68395E-12 1.89964E-12-5.24429E-13-1.91096E-13
 -1        27-1.99227E+02-5.54201E-13-5.54201E-13-2.25791E-12 2.77309E-12 5.64427E-13
 -1        28-1.99227E+02-1.40062E-11-1.40062E-11 1.41433E-12 1.36580E-12-6.30442E-12
 -1        29-1.99227E+02-3.74219E-11-3.84109E-11 5.50172E-13-1.07475E-12 5.31284E-12
 -1        30-1.99227E+02 1.84303E-11-7.49869E-13-1.67127E-13 1.26973E-12 1.44185E-13
 -1        31-1.99227E+02-3.02434E-11-2.75411E-11 1.35897E-13 1.93746E-12-2.37195E-13
 -1        32-1.99227E+02-5.00227E-12-5.00227E-12 5.17823E-13 5.14749E-13-3.13461E-13
 -1        33-1.99227E+02-7.92934E-12-7.92934E-12-1.40441E-12 1.02447E-12 2.24980E-13
 -1        34-1.99227E+02-2.53762E-11-2.90674E-11 1.73767E-15-8.87067E-13-1.34804E-12
 -1        35-1.99227E+02-2.60511E-11-2.55567E-11-5.91341E-13 8.16342E-14-1.29615E-12
 -1        36-1.99227E+02-1.61671E-11-1.70238E-11 5.40204E-12-8.27238E-14-2.30030E-12
 -1        37-1.99227E+02-1.21266E-11 3.00024E-12-4.12254E-12 1.07427E-12 3.67051E-12
 -1        38-1.99227E+02-2.49329E-12-6.52659E-13-4.60004E-13 7.59627E-13-3.13139E-12
 -1        39-1.99227E+02-6.20737E-12-9.40286E-12-3.13008E-12-5.90169E-13 3.43801E-12
 -1        40-1.99227E+02 1.82611E-12 7.36287E-12 1.50968E-12 1.21742E-12-4.65747E-13
 -1        41-1.99227E+02-1.94756E-11-1.07422E-11-6.57146E-13-7.20916E-13 3.51745E-13
 -1        42-1.99227E+02-1.27961E-11-4.06222E-12-4.25235E-13 1.17409E-13-4.80742E-13
 -1        43-1.99227E+02-2.35974E-11-2.67977E-11-1.12038E-12-1.47424E-12 1.38007E-12
 -1        44-1.99227E+02 6.39492E-12 2.01717E-11 5.93528E-14-3.25466E-13 9.80434E-13
 -1        45-1.99227E+02-1.02358E-11 1.69435E-12-1.39147E-13 5.32170E-13-3.88750E-13
 -1        46-1.99227E+02-1.40543E-11-1.56527E-11-1.96245E-12 2.84807E-14 3.21998E-12
 -1        47-1.99227E+02-1.81731E-11-1.97715E-11 3.94875E-12 6.54208E-13-2.38572E-12
 -1        48-1.99227E+02-6.59083E-12 5.33936E-12 1.28468E-13-4.12988E-14-1.97989E-13
 -1        49-1.99227E+02-3.95203E-12-8.50433E-13 2.04307E-14-4.81731E-13-1.40474E-12
 -1        50-1.99227E+02-7.20978E-12-9.39203E-12-1.76886E-12-2.48653E-12-9.07213E-13
 -1        51-1.99227E+02-8.73973E-12-6.21859E-12 1.23122E-12 1.34543E-12 2.30003E-12
 -1        52-1.99227E+02-3.18171E-12-4.78010E-12-1.30433E-12-1.11760E-12-5.54279E-14
 -1        53-1.99227E+02-1.76639E-11-5.73459E-12-4.71181E-13-1.39621E-12-2.68865E-13
 -1        54-1.99227E+02 2.00408E-12 7.54747E-12 5.42881E-13 4.06724E-13 1.17786E-12
 -1        55-1.99227E+02-1.33010E-11-1.69941E-11 3.35214E-12-4.82893E-13 1.95209E-12
 -1        56-1.99227E+02-1.20246E-11-1.94008E-12-3.30375E-13 1.94729E-12-3.70815E-12
 -1        57-1.99227E+02-1.61806E-11-1.75318E-11-1.60758E-12 3.29204E-13-8.55262E-13
 -1        58-1.99227E+02-2.01092E-11-2.01092E-11 3.76563E-12-4.10787E-13-6.50442E-13
 -1        59-1.99227E+02 4.68395E-12 4.68395E-12 3.16042E-12-6.72663E-13-3.72241E-13
 -1        60-1.99227E+02-6.26647E-12 1.28966E-12-6.51342E-13 2.33468E-12 6.30530E-13
 -1        61-1.99227E+02 1.70353E-11 1.50106E-11-2.45384E-12 3.58233E-12-3.48433E-12
 -1        62-1.99227E+02-9.08288E-12-9.57736E-12 2.82948E-12-2.28503E-12 2.61268E-12
 -1        63-1.99227E+02 1.94878E-11 9.89772E-12 3.15794E-13 1.16630E-12 5.52183E-14
 -1        64-1.99227E+02-3.80998E-11-3.80998E-11-3.79708E-13 1.52950E-12-8.02765E-13
 -1        65-1.99227E+02-6.25722E-12-9.45401E-12-7.51534E-14-2.33722E-12-2.81976E-13
 -1        66-1.99227E+02-6.96988E-12-5.98092E-12-1.46139E-12 7.68496E-13 1.67550E-12
 -1        67-1.99227E+02-2.89537E-11-3.63363E-11-4.53236E-15 2.14467E-12 8.07941E-13
 -1        68-1.99227E+02-1.99120E-11-1.89231E-11 1.86669E-12-1.40254E-12-2.18380E-12
 -1        69-1.99227E+02-1.40298E-11-1.67321E-11 3.34372E-12 8.12210E-13 9.40749E-13
 -1        70-1.99227E+02-5.38734E-12 1.47818E-11-4.81017E-12 3.57876E-13 1.90303E-12
 -1        71-1.99227E+02-8.00997E-12-6.37429E-13 9.87691E-13-6.88603E-13-3.83802E-12
 -1        72-1.99227E+02-1.94227E-11-2.21224E-11-6.18511E-12 2.90056E-12 4.58549E-12
 -1        73-1.99227E+02 1.76383E-11 2.23185E-11 4.03010E-12-2.70463E-12-3.33296E-13
 -1        74-1.99227E+02-3.72016E-11-4.82754E-11-1.09093E-12 6.85436E-13-3.69449E-13
 -1        75-1.99227E+02-7.81280E-13 2.03777E-11 1.77990E-13 3.02842E-13-1.39803E-12
 -1        76-1.99227E+02-2.48488E-11-2.75582E-11-1.43391E-12 3.09288E-13 1.34470E-12
 -1        77-1.99227E+02-6.01042E-12-6.00852E-12-2.18279E-14 4.03129E-13 5.52994E-13
 -1        78-1.99227E+02 4.90450E-12 3.24561E-11 7.45730E-13-4.20766E-13-2.74359E-12
 -1        79-1.99227E+02-2.36444E-11-2.73356E-11-5.99623E-13-7.80983E-13 2.10101E-12
 -1        80-1.99227E+02-2.52628E-11-2.66140E-11 3.09314E-12 1.26868E-12-2.36365E-12
 -1        81-1.99227E+02-6.35970E-12 3.72484E-12-5.34855E-13-4.14952E-13 1.06216E-13
 -1        82-1.99227E+02-9.99436E-12 1.24804E-12 5.99307E-13 1.00390E-14 4.24079E-13
 -1        83-1.99227E+02 1.88586E-11 1.78242E-11-1.74813E-12-3.54045E-12-2.38932E-12
 -1        84-1.99227E+02 1.71110E-12-1.57560E-11 1.99140E-12-4.52124E-13 3.72123E-12
 -1        85-1.99227E+02 6.49846E-12 2.07688E-11-1.71902E-12-2.98531E-13 1.36222E-13
 -1        86-1.99227E+02-2.43460E-12 1.08448E-11 5.68437E-13-1.81563E-12 3.94236E-13
 -1        87-1.99227E+02 6.68685E-12 1.72791E-11 2.33431E-13 2.50887E-12 4.39660E-13
 -1        88-1.99227E+02-1.50916E-11-1.87864E-11 2.07643E-12 3.21328E-13 3.07232E-14
 -1        89-1.99227E+02-2.89537E-11-3.63363E-11 1.94828E-13-9.93760E-13-3.46144E-12
 -1        90-1.99227E+02-1.39126E-11-1.29236E-11-2.58565E-12-6.78299E-13 7.74439E-13
 -1        91-1.99227E+02-2.01092E-11-2.01092E-11 4.62398E-12-1.21766E-12-4.64146E-13
 -1        92-1.99227E+02 4.68395E-12 4.68395E-12 3.99769E-12 3.32042E-13 7.18530E-13
 -1        93-1.99227E+02-5.59162E-12-1.43168E-11 1.63471E-12 4.07476E-12-6.02856E-13
 -1        94-1.99227E+02-1.02674E-11-7.92963E-12-1.30012E-12 1.42224E-12-2.41097E-12
 -1        95-1.99227E+02-9.00476E-12-9.00476E-12 7.76337E-14-2.38644E-12 1.91244E-12
 -1        96-1.99227E+02 7.78051E-12 1.24607E-11 2.18314E-12 2.03376E-12 1.49177E-12
 -1        97-1.99227E+02-5.20205E-12-2.53714E-11-1.89254E-12 1.65361E-12-5.59960E-13
 -1        98-1.99227E+02-7.51217E-12-1.39057E-11-1.62905E-12-4.35971E-12-1.10671E-12
 -1        99-1.99227E+02-6.01042E-12-4.03249E-12 1.57653E-12 1.65103E-12-1.73994E-15
 -3
    1PSTEP                         7           6           2          
  100CL  102 2.000000000          99                     0    2           1
 -4  PE          1    1
 -5  PE          1    1    0    0
 -1         1 1.17407E-03
 -1         2 1.17407E-03
 -1         3 1.17407E-03
 -1         4 1.17407E-03
 -1         5 1.17407E-03
 -1         6 1.17407E-03
 -1         7 1.17407E-03
 -1         8 1.17407E-03
 -1         9 1.17407E-03
 -1        10 1.17407E-03
 -1        11 1.17407E-03
 -1        12 1.17407E-03
 -1        13 1.17407E-03
 -1        14 1.17407E-03
 -1        15 1.17407E-03
 -1        16 1.17407E-03
 -1        17 1.17407E-03
 -1        18 1.17407E-03
 -1        19 1.17407E-03
 -1        20 1.17407E-03
 -1        21 1.17407E-03
 -1        22 1.17407E-03
 -1        23 1.17407E-03
 -1        24 1.17407E-03
 -1        25 1.17407E-03
 -1        26 1.17407E-03
 -1        27 1.17407E-03
 -1        28 1.17407E-03
 -1        29 1.17407E-03
 -1        30 1.17407E-03
 -1        31 1.17407E-03
 -1        32 1.17407E-03
 -1        33 1.17407E-03
 -1        34 1.17407E-03
 -1        35 1.17407E-03
 -1        36 1.17407E-03
 -1        37 1.17407E-03
 -1        38 1.17407E-03
 -1        39 1.17407E-03
 -1        40 1.17407E-03
 -1        41 1.17407E-03
 -1        42 1.17407E-03
 -1        43 1.17407E-03
 -1        44 1.17407E-03
 -1        45 1.17407E-03
 -1        46 1.17407E-03
 -1        47 1.17407E-03
 -1        48 1.17407E-03
 -1        49 1.17407E-03
 -1        50 1.17407E-03
 -1        51 1.17407E-03
 -1        52 1.17407E-03
 -1        53 1.17407E-03
 -1        54 1.17407E-03
 -1        55 1.17407E-03
 -1        56 1.17407E-03
 -1        57 1.17407E-03
 -1        58 1.17407E-03
 -1        59 1.17407E-03
 -1        60 1.17407E-03
 -1        61 1.17407E-03
 -1        62 1.17407E-03
 -1        63 1.17407E-03
 -1        64 1.17407E-03
 -1        65 1.17407E-03
 -1        66 1.17407E-03
 -1        67 1.17407E-03
 -1        68 1.17407E-03
 -1        69 1.17407E-03
 -1        70 1.17407E-03
 -1        71 1.17407E-03
 -1        72 1.17407E-03
 -1        73 1.17407E-03
 -1        74 1.17407E-03
 -1        75 1.17407E-03
 -1        76 1.17407E-03
 -1        77 1.17407E-03
 -1        78 1.17407E-03
 -1        79 1.17407E-03
 -1        80 1.17407E-03
 -1        81 1.17407E-03
 -1        82 1.17407E-03
 -1        83 1.17407E-03
 -1        84 1.17407E-03
 -1        85 1.17407E-03
 -1        86 1.17407E-03
 -1        87 1.17407E-03
 -1        88 1.17407E-03
 -1        89 1.17407E-03
 -1        90 1.17407E-03
 -1        91 1.17407E-03
 -1        92 1.17407E-03
 -1        93 1.17407E-03
 -1        94 1.17407E-03
 -1        95 1.17407E-03
 -1        96 1.17407E-03
 -1        97 1.17407E-03
 -1        98 1.17407E-03
 -1        99 1.17407E-03
 -3
    1PSTEP                         8           6           2          
  100CL  102 2.000000000          99                     0    2           1
 -4  ERROR       1    1
 -5  STR(%)      1    1    0    0
 -1         1 0.00000E+00
 -1         2 6.92824E-12
 -1         3 6.92824E-12
 -1         4 6.92824E-12
 -1         5 2.29881E-12
 -1         6 3.47094E-12
 -1         7 3.47094E-12
 -1         8 3.47094E-12
 -1         9 3.47094E-12
 -1        10 3.53454E-12
 -1        11 3.53454E-12
 -1        12 1.11760E-12
 -1        13 6.92824E-12
 -1        14 6.92824E-12
 -1        15 6.92824E-12
 -1        16 2.29881E-12
 -1        17 5.81518E-12
 -1        18 5.81518E-12
 -1        19 3.47094E-12
 -1        20 3.47094E-12
 -1        21 3.53454E-12
 -1        22 3.53454E-12
 -1        23 1.11760E-12
 -1        24 1.11760E-12
 -1        25 2.22612E-12
 -1        26 2.22612E-12
 -1        27 0.00000E+00
 -1        28 5.81518E-12
 -1        29 5.81518E-12
 -1        30 3.47094E-12
 -1        31 3.47094E-12
 -1        32 3.53454E-12
 -1        33 3.53454E-12
 -1        34 1.11760E-12
 -1        35 6.92824E-12
 -1        36 9.22251E-12
 -1        37 9.22251E-12
 -1        38 2.35333E-12
 -1        39 3.47094E-12
 -1        40 3.47094E-12
 -1        41 3.47094E-12
 -1        42 3.47094E-12
 -1        43 3.53454E-12
 -1        44 3.53454E-12
 -1        45 1.11760E-12
 -1        46 6.92824E-12
 -1        47 9.22251E-12
 -1        48 9.22251E-12
 -1        49 5.88787E-12
 -1        50 5.88787E-12
 -1        51 6.86918E-12
 -1        52 6.86918E-12
 -1        53 4.64760E-12
 -1        54 4.64760E-12
 -1        55 3.53454E-12
 -1        56 1.11760E-12
 -1        57 1.11760E-12
 -1        58 2.22612E-12
 -1        59 2.22612E-12
 -1        60 5.88787E-12
 -1        61 5.88787E-12
 -1        62 6.86918E-12
 -1        63 6.86918E-12
 -1        64 4.64760E-12
 -1        65 4.64760E-12
 -1        66 3.53454E-12
 -1        67 1.11760E-12
 -1        68 6.92824E-12
 -1        69 9.22251E-12
 -1        70 9.22251E-12
 -1        71 2.35333E-12
 -1        72 3.47094E-12
 -1        73 3.47094E-12
 -1        74 3.47094E-12
 -1        75 3.47094E-12
 -1        76 3.48002E-12
 -1        77 3.48002E-12
 -1        78 1.11760E-12
 -1        79 6.92824E-12
 -1        80 9.22251E-12
 -1        81 9.22251E-12
 -1        82 5.88787E-12
 -1        83 5.88787E-12
 -1        84 6.86918E-12
 -1        85 6.86918E-12
 -1        86 4.64760E-12
 -1        87 4.64760E-12
 -1        88 3.53454E-12
 -1        89 1.11760E-12
 -1        90 1.11760E-12
 -1        91 2.22612E-12
 -1        92 2.22612E-12
 -1        93 5.88787E-12
 -1        94 5.88787E-12
 -1        95 6.86918E-12
 -1        96 6.86918E-12
 -1        97 4.64760E-12
 -1        98 4.64760E-12
 -1        99 3.53454E-12
 -3
    1PSTEP                         9           6           3          
  100CL  103 3.000000000          99                     0    3           1
 -4  DISP        4    1
 -5  D1          1    2    1    0
 -5  D2          1    2    2    0
 -5  D3          1    2    3    0
 -5  ALL         1    2    0    0    1ALL
 -1         1 0.00000E+00 0.00000E+00 0.00000E+00
 -1         2-2.00718E-17 0.00000E+00 0.00000E+00
 -1         3-2.21403E-17 0.00000E+00 0.00000E+00
 -1         4-6.47322E-17 0.00000E+00 0.00000E+00
 -1         5-3.70040E-17 0.00000E+00 0.00000E+00
 -1         6-2.11111E-17 0.00000E+00 0.00000E+00
 -1         7-1.04993E-16 0.00000E+00 0.00000E+00
 -1         8-5.96132E-17 0.00000E+00 0.00000E+00
 -1         9-9.81948E-17 0.00000E+00 0.00000E+00
 -1        10-4.27161E-17 0.00000E+00 0.00000E+00
 -1        11 0.00000E+00 0.00000E+00 0.00000E+00
 -1        12 0.00000E+00 2.67725E-03 0.00000E+00
 -1        13-3.82903E-17 2.67725E-03 0.00000E+00
 -1        14-8.18548E-17 2.67725E-03 0.00000E+00
 -1        15-6.25968E-17 2.67725E-03 0.00000E+00
 -1        16-4.48039E-17 2.67725E-03 0.00000E+00
 -1        17-3.09650E-17 2.67725E-03 0.00000E+00
 -1        18-5.54486E-17 2.67725E-03 0.00000E+00
 -1        19-7.73505E-17 2.67725E-03 0.00000E+00
 -1        20-6.67583E-17 2.67725E-03 0.00000E+00
 -1        21-3.18628E-17 2.67725E-03 0.00000E+00
 -1        22 0.00000E+00 2.67725E-03 0.00000E+00
 -1        23 0.00000E+00 5.35449E-03 0.00000E+00
 -1        24-1.14907E-16 5.35449E-03 0.00000E+00
 -1        25-1.67035E-16 5.35449E-03 0.00000E+00
 -1        26-7.78062E-17 5.35449E-03 0.00000E+00
 -1        27-1.64971E-17 5.35449E-03 0.00000E+00
 -1        28-4.14694E-17 5.35449E-03 0.00000E+00
 -1        29 7.33819E-18 5.35449E-03 0.00000E+00
 -1        30-7.26563E-17 5.35449E-03 0.00000E+00
 -1        31-4.34104E-17 5.35449E-03 0.00000E+00
 -1        32-3.62524E-17 5.35449E-03 0.00000E+00
 -1        33 0.00000E+00 5.35449E-03 0.00000E+00
 -1        34 0.00000E+00 0.00000E+00 1.33862E-03
 -1        35-6.33533E-18 0.00000E+00 1.33862E-03
 -1        36-4.36886E-17 0.00000E+00 1.33862E-03
 -1        37-5.60321E-17 0.00000E+00 1.33862E-03
 -1        38-4.33590E-17 0.00000E+00 1.33862E-03
 -1        39-1.65954E-17 0.00000E+00 1.33862E-03
 -1        40-9.73843E-17 0.00000E+00 1.33862E-03
 -1        41-7.40149E-17 0.00000E+00 1.33862E-03
 -1        42-8.03224E-17 0.00000E+00 1.33862E-03
 -1        43-5.04941E-17 0.00000E+00 1.33862E-03
 -1        44 0.00000E+00 0.00000E+00 1.33862E-03
 -1        45 0.00000E+00 2.67725E-03 1.33862E-03
 -1        46-5.15403E-17 2.67725E-03 1.33862E-03
 -1        47-6.29792E-17 2.67725E-03 1.33862E-03
 -1        48-7.79863E-17 2.67725E-03 1.33862E-03
 -1        49-3.73207E-17 2.67725E-03 1.33862E-03
 -1        50-3.72960E-17 2.67725E-03 1.33862E-03
 -1        51-5.62894E-17 2.67725E-03 1.33862E-03
 -1        52-7.33092E-17 2.67725E-03 1.33862E-03
 -1        53-5.93244E-17 2.67725E-03 1.33862E-03
 -1        54-4.69828E-17 2.67725E-03 1.33862E-03
 -1        55 0.00000E+00 2.67725E-03 1.33862E-03
 -1        56 0.00000E+00 5.35449E-03 1.33862E-03
 -1        57-1.60249E-16 5.35449E-03 1.33862E-03
 -1        58-1.38654E-16 5.35449E-03 1.33862E-03
 -1        59-7.85996E-17 5.35449E-03 1.33862E-03
 -1        60-2.38832E-17 5.35449E-03 1.33862E-03
 -1        61-2.57354E-17 5.35449E-03 1.33862E-03
 -1        62-1.68578E-17 5.35449E-03 1.33862E-03
 -1        63-5.46162E-17 5.35449E-03 1.33862E-03
 -1        64-3.96229E-17 5.35449E-03 1.33862E-03
 -1        65-3.03794E-17 5.35449E-03 1.33862E-03
 -1        66 0.00000E+00 5.35449E-03 1.33862E-03
 -1        67 0.00000E+00 0.00000E+00 2.67725E-03
 -1        68 4.91640E-18 0.00000E+00 2.67725E-03
 -1        69-4.32603E-17 0.00000E+00 2.67725E-03
 -1        70-6.14537E-17 0.00000E+00 2.67725E-03
 -1        71-4.19727E-17 0.00000E+00 2.67725E-03
 -1        72-1.19965E-17 0.00000E+00 2.67725E-03
 -1        73-9.55496E-17 0.00000E+00 2.67725E-03
 -1        74-8.17714E-17 0.00000E+00 2.67725E-03
 -1        75-4.59885E-17 0.00000E+00 2.67725E-03
 -1        76-6.50014E-17 0.00000E+00 2.67725E-03
 -1        77 0.00000E+00 0.00000E+00 2.67725E-03
 -1        78 0.00000E+00 2.67725E-03 2.67725E-03
 -1        79-6.43719E-17 2.67725E-03 2.67725E-03
 -1        80-6.26248E-17 2.67725E-03 2.67725E-03
 -1        81-5.84769E-17 2.67725E-03 2.67725E-03
 -1        82-4.41041E-17 2.67725E-03 2.67725E-03
 -1        83-4.86187E-17 2.67725E-03 2.67725E-03
 -1        84-5.77184E-17 2.67725E-03 2.67725E-03
 -1        85-6.70660E-17 2.67725E-03 2.67725E-03
 -1        86-3.95147E-17 2.67725E-03 2.67725E-03
 -1        87-5.15431E-17 2.67725E-03 2.67725E-03
 -1        88 0.00000E+00 2.67725E-03 2.67725E-03
 -1        89 0.00000E+00 5.35449E-03 2.67725E-03
 -1        90-2.06624E-16 5.35449E-03 2.67725E-03
 -1        91-8.39225E-17 5.35449E-03 2.67725E-03
 -1        92-8.19382E-17 5.35449E-03 2.67725E-03
 -1        93-2.22271E-17 5.35449E-03 2.67725E-03
 -1        94-1.46617E-17 5.35449E-03 2.67725E-03
 -1        95-5.01056E-17 5.35449E-03 2.67725E-03
 -1        96-5.06593E-17 5.35449E-03 2.67725E-03
 -1        97-3.19092E-17 5.35449E-03 2.67725E-03
 -1        98-1.29478E-17 5.35449E-03 2.67725E-03
 -1        99 0.00000E+00 5.35449E-03 2.67725E-03
 -3
    1PSTEP                        10           6           3          
  100CL  103 3.000000000          99                     0    3           1
 -4  STRESS      6    1
 -5  SXX         1    4    1    1
 -5  SYY         1    4    2    2
 -5  SZZ         1    4    3    3
 -5  SXY         1    4    1    2
 -5  SYZ         1    4    2    3
 -5  SZX         1    4    3    1
 -1         1-3.09988E+02-1.94461E-08-1.94521E-08 2.59265E-15 1.17487E-14-7.10810E-15
 -1         2-3.09988E+02-1.93942E-08-1.93818E-08-1.08947E-12-1.33676E-14 1.54917E-12
 -1         3-3.09988E+02-1.94422E-08-1.94172E-08-2.72022E-12 4.94368E-15-1.92174E-12
 -1         4-3.09988E+02-1.94076E-08-1.94279E-08 1.07103E-12 4.79424E-15 1.25120E-12
 -1         5-3.09988E+02-1.93583E-08-1.93375E-08-6.13944E-13 2.06211E-14-5.65831E-13
 -1         6-3.09988E+02-1.94057E-08-1.94402E-08-1.59798E-12-3.51186E-14 4.65979E-13
 -1         7-3.09988E+02-1.94516E-08-1.94472E-08 2.14247E-12 1.93111E-14-4.56410E-13
 -1         8-3.09988E+02-1.94467E-08-1.94467E-08-6.15803E-15-2.00934E-14-7.55478E-13
 -1         9-3.09988E+02-1.94423E-08-1.94423E-08 9.82816E-13 1.68222E-14 1.59331E-12
 -1        10-3.09988E+02-1.94380E-08-1.94380E-08 8.30421E-13-4.60042E-15-4.55958E-13
 -1        11-3.09988E+02-1.94387E-08-1.94387E-08 5.54653E-14 1.85033E-14 1.06121E-13
 -1        12-3.09988E+02-1.94451E-08-1.94361E-08 1.80741E-12-1.45654E-12 5.48599E-15
 -1        13-3.09988E+02-1.94525E-08-1.94460E-08-9.42875E-14 1.66031E-12-1.50339E-12
 -1        14-3.09988E+02-1.94281E-08-1.94292E-08-3.58922E-13-2.83359E-13 2.01491E-12
 -1        15-3.09988E+02-1.94244E-08-1.94284E-08 1.39424E-12-9.35061E-13-1.38807E-12
 -1        16-3.09988E+02-1.94275E-08-1.94426E-08 5.26897E-13-2.68970E-13 6.07466E-13
 -1        17-3.09988E+02-1.94078E-08-1.94212E-08-1.39817E-12-2.70143E-13-1.35289E-13
 -1        18-3.09988E+02-1.94393E-08-1.94371E-08 1.12119E-12-9.68566E-13-5.90358E-13
 -1        19-3.09988E+02-1.94323E-08-1.94323E-08-7.84729E-13-3.44379E-13-6.44581E-13
 -1        20-3.09988E+02-1.94454E-08-1.94454E-08-3.09490E-13-2.99463E-12 1.44251E-12
 -1        21-3.09988E+02-1.94405E-08-1.94405E-08-8.50140E-13 1.95278E-13-2.42485E-13
 -1        22-3.09988E+02-1.94373E-08-1.94373E-08-1.93858E-12 1.54060E-12 1.54684E-14
 -1        23-3.09988E+02-1.94602E-08-1.94646E-08 2.14629E-12 1.08129E-13-3.03203E-15
 -1        24-3.09988E+02-1.94358E-08-1.94402E-08 4.41758E-13-2.51612E-12-4.38693E-12
 -1        25-3.09988E+02-1.94058E-08-1.94263E-08 9.42445E-13 3.75718E-13 2.58719E-12
 -1        26-3.09988E+02-1.94355E-08-1.94284E-08-4.47099E-13 6.30486E-13 1.92100E-13
 -1        27-3.09988E+02-1.94427E-08-1.94367E-08-1.01679E-12 1.09113E-12-3.96097E-14
 -1        28-3.09988E+02-1.94394E-08-1.94394E-08-2.18096E-12 1.83669E-12 1.12280E-12
 -1        29-3.09988E+02-1.94538E-08-1.94538E-08 1.92182E-12 3.70900E-12-2.62131E-12
 -1        30-3.09988E+02-1.94550E-08-1.94550E-08-1.83708E-13 5.60191E-13 7.10192E-14
 -1        31-3.09988E+02-1.94434E-08-1.94434E-08 7.65569E-13 4.51557E-12 1.69789E-12
 -1        32-3.09988E+02-1.94366E-08-1.94366E-08 1.13469E-12-1.45496E-12 3.21329E-13
 -1        33-3.09988E+02-1.94394E-08-1.94394E-08 5.03450E-14-1.11398E-12 1.00376E-13
 -1        34-3.09988E+02-1.94230E-08-1.94185E-08-3.95499E-15-1.35126E-12 1.79953E-12
 -1        35-3.09988E+02-1.94259E-08-1.94075E-08-2.60260E-12-1.44289E-12 1.80244E-12
 -1        36-3.09988E+02-1.94357E-08-1.94242E-08-7.49066E-13 4.70978E-13-1.48939E-12
 -1        37-3.09988E+02-1.94000E-08-1.94289E-08-2.86757E-13-1.70571E-12 9.11545E-13
 -1        38-3.09988E+02-1.93755E-08-1.93788E-08 6.40475E-15-2.08480E-12-1.34068E-12
 -1        39-3.09988E+02-1.94047E-08-1.94380E-08-1.85093E-12 1.90237E-12-7.36964E-13
 -1        40-3.09988E+02-1.94551E-08-1.94501E-08 2.04739E-12 1.90342E-12 3.92815E-13
 -1        41-3.09988E+02-1.94373E-08-1.94373E-08 1.73031E-13 3.52643E-13 3.14183E-13
 -1        42-3.09988E+02-1.94395E-08-1.94395E-08 7.72361E-13 1.29249E-12 7.25331E-13
 -1        43-3.09988E+02-1.94437E-08-1.94417E-08 9.02458E-13 2.91930E-12-6.71462E-13
 -1        44-3.09988E+02-1.94368E-08-1.94379E-08 2.66979E-14-1.69307E-13 3.57757E-12
 -1        45-3.09988E+02-1.94337E-08-1.94154E-08 3.38534E-12-3.34995E-12 1.73367E-12
 -1        46-3.09988E+02-1.94426E-08-1.94499E-08-1.28633E-12-9.64048E-14 1.14890E-13
 -1        47-3.09988E+02-1.94343E-08-1.94297E-08 9.80751E-14 1.62868E-13 3.69553E-13
 -1        48-3.09988E+02-1.94138E-08-1.94192E-08 1.09898E-12-7.22174E-13-6.60520E-13
 -1        49-3.09988E+02-1.94306E-08-1.94445E-08 8.44584E-13-8.35485E-13 5.54035E-13
 -1        50-3.09988E+02-1.94062E-08-1.94188E-08-1.41204E-12-7.89929E-13 5.82166E-13
 -1        51-3.09988E+02-1.94393E-08-1.94397E-08 5.46940E-13-1.56777E-12-7.75784E-13
 -1        52-3.09988E+02-1.94396E-08-1.94395E-08-1.00963E-12-1.87720E-13 4.51995E-13
 -1        53-3.09988E+02-1.94444E-08-1.94435E-08-2.44102E-13-3.05125E-12 1.24678E-12
 -1        54-3.09988E+02-1.94332E-08-1.94376E-08 4.49463E-13 1.56664E-12-6.53274E-13
 -1        55-3.09988E+02-1.94418E-08-1.94409E-08-1.18005E-12-1.35502E-12 3.87384E-13
 -1        56-3.09988E+02-1.94361E-08-1.94219E-08 7.55771E-13 4.67390E-12 1.11585E-12
 -1        57-3.09988E+02-1.94418E-08-1.94481E-08-9.84577E-13 6.16188E-13-4.43349E-12
 -1        58-3.09988E+02-1.94174E-08-1.94248E-08 2.06334E-12-4.89881E-13 4.15213E-12
 -1        59-3.09988E+02-1.94472E-08-1.94317E-08 5.00763E-13 9.84295E-13-1.54796E-12
 -1        60-3.09988E+02-1.94436E-08-1.94364E-08-9.96673E-13 2.69882E-12-1.87007E-13
 -1        61-3.09988E+02-1.94403E-08-1.94400E-08-8.13902E-13 1.32524E-12 3.71754E-13
 -1        62-3.09988E+02-1.94415E-08-1.94368E-08 5.20880E-13 2.82470E-12-1.26624E-12
 -1        63-3.09988E+02-1.94322E-08-1.94333E-08 4.52370E-13 3.41612E-12 1.04861E-12
 -1        64-3.09988E+02-1.94370E-08-1.94441E-08 4.05333E-13 1.54601E-13 6.56271E-13
 -1        65-3.09988E+02-1.94437E-08-1.94377E-08 1.05654E-13-2.47321E-13-3.16794E-13
 -1        66-3.09988E+02-1.94407E-08-1.94467E-08-5.21166E-14-3.52745E-12-4.51079E-12
 -1        67-3.09988E+02-1.94051E-08-1.93903E-08-3.49109E-16 9.29418E-13-1.40037E-12
 -1        68-3.09988E+02-1.94331E-08-1.94334E-08-3.68864E-12-6.71271E-13 9.21305E-13
 -1        69-3.09988E+02-1.94347E-08-1.94300E-08-6.94282E-13-2.79524E-12-6.98837E-14
 -1        70-3.09988E+02-1.93978E-08-1.94211E-08 7.52307E-13 7.70796E-13-5.60937E-13
 -1        71-3.09988E+02-1.94032E-08-1.94216E-08-4.26580E-13-4.60858E-13-2.98701E-13
 -1        72-3.09988E+02-1.94064E-08-1.94357E-08-2.26932E-12-2.54762E-13 6.30947E-13
 -1        73-3.09988E+02-1.94507E-08-1.94504E-08 1.80788E-12 8.23335E-13-3.13333E-13
 -1        74-3.09988E+02-1.94298E-08-1.94298E-08 5.34681E-13 1.58056E-12-2.22553E-12
 -1        75-3.09988E+02-1.94367E-08-1.94367E-08 2.48838E-13 1.53482E-12 1.48591E-12
 -1        76-3.09988E+02-1.94452E-08-1.94463E-08 1.46323E-12 2.91934E-13 2.02235E-13
 -1        77-3.09988E+02-1.94372E-08-1.94366E-08-1.38954E-14-5.09832E-13 3.84073E-14
 -1        78-3.09988E+02-1.94053E-08-1.93776E-08 5.41221E-12-5.26518E-12-2.99194E-12
 -1        79-3.09988E+02-1.94556E-08-1.94606E-08-1.66738E-12-1.58373E-12-3.09159E-12
 -1        80-3.09988E+02-1.94165E-08-1.94237E-08 2.11944E-12 9.17612E-14 7.01361E-13
 -1        81-3.09988E+02-1.94089E-08-1.94216E-08 6.25611E-13-1.06907E-13 2.81011E-12
 -1        82-3.09988E+02-1.94123E-08-1.94199E-08 7.06988E-13-1.74321E-12-1.62203E-12
 -1        83-3.09988E+02-1.94003E-08-1.94218E-08-1.55923E-12-2.41213E-12 4.83191E-13
 -1        84-3.09988E+02-1.94631E-08-1.94415E-08-1.34288E-14-2.90816E-12 2.07782E-13
 -1        85-3.09988E+02-1.94377E-08-1.94388E-08-1.43105E-12-2.91224E-12-1.17821E-12
 -1        86-3.09988E+02-1.94414E-08-1.94414E-08-9.67638E-13 8.04226E-13 1.24918E-13
 -1        87-3.09988E+02-1.94368E-08-1.94397E-08 2.04814E-12-2.52266E-13 1.74668E-13
 -1        88-3.09988E+02-1.94444E-08-1.94335E-08-9.22963E-13-1.86800E-12-1.00369E-12
 -1        89-3.09988E+02-1.94657E-08-1.94328E-08-1.18387E-12 5.71420E-12-2.29012E-12
 -1        90-3.09988E+02-1.94633E-08-1.94639E-08-5.27018E-12 2.41512E-12-6.17810E-12
 -1        91-3.09988E+02-1.93675E-08-1.94083E-08 4.49816E-12 1.24630E-12 6.61153E-12
 -1        92-3.09988E+02-1.94609E-08-1.94384E-08-3.68441E-13-2.44654E-12-4.03646E-12
 -1        93-3.09988E+02-1.94130E-08-1.94163E-08 1.29711E-12 2.17609E-13 2.41815E-13
 -1        94-3.09988E+02-1.94368E-08-1.94387E-08 9.01682E-13 2.84250E-12 1.75477E-12
 -1        95-3.09988E+02-1.93712E-08-1.94060E-08-3.23753E-13 3.65690E-12-3.09905E-12
 -1        96-3.09988E+02-1.94521E-08-1.94439E-08-2.30470E-12-4.80162E-13 3.06687E-12
 -1        97-3.09988E+02-1.94459E-08-1.94459E-08-2.05582E-12 4.57382E-12 1.51378E-12
 -1        98-3.09988E+02-1.94490E-08-1.94265E-08 2.25268E-12 2.43981E-13-1.56574E-12
 -1        99-3.09988E+02-1.94346E-08-1.94182E-08 1.50300E-12-4.68276E-13-4.61984E-12
 -3
    1PSTEP                        11           6           3          
  100CL  103 3.000000000          99                     0    3           1
 -4  PE          1    1
 -5  PE          1    1    0    0
 -1         1 2.56990E-03
 -1         2 2.56990E-03
 -1         3 2.56990E-03
 -1         4 2.56990E-03
 -1         5 2.56990E-03
 -1         6 2.56990E-03
 -1         7 2.56990E-03
 -1         8 2.56990E-03
 -1         9 2.56990E-03
 -1        10 2.56990E-03
 -1        11 2.56990E-03
 -1        12 2.56990E-03
 -1        13 2.56990E-03
 -1        14 2.56990E-03
 -1        15 2.56990E-03
 -1        16 2.56990E-03
 -1        17 2.56990E-03
 -1        18 2.56990E-03
 -1        19 2.56990E-03
 -1        20 2.56990E-03
 -1        21 2.56990E-03
 -1        22 2.56990E-03
 -1        23 2.56990E-03
 -1        24 2.56990E-03
 -1        25 2.56990E-03
 -1        26 2.56990E-03
 -1        27 2.56990E-03
 -1        28 2.56990E-03
 -1        29 2.56990E-03
 -1        30 2.56990E-03
 -1        31 2.56990E-03
 -1        32 2.56990E-03
 -1        33 2.56990E-03
 -1        34 2.56990E-03
 -1        35 2.56990E-03
 -1        36 2.56990E-03
 -1        37 2.56990E-03
 -1        38 2.56990E-03
 -1        39 2.56990E-03
 -1        40 2.56990E-03
 -1        41 2.56990E-03
 -1        42 2.56990E-03
 -1        43 2.56990E-03
 -1        44 2.56990E-03
 -1        45 2.56990E-03
 -1        46 2.56990E-03
 -1        47 2.56990E-03
 -1        48 2.56990E-03
 -1        49 2.56990E-03
 -1        50 2.56990E-03
 -1        51 2.56990E-03
 -1        52 2.56990E-03
 -1        53 2.56990E-03
 -1        54 2.56990E-03
 -1        55 2.56990E-03
 -1        56 2.56990E-03
 -1        57 2.56990E-03
 -1        58 2.56990E-03
 -1        59 2.56990E-03
 -1        60 2.56990E-03
 -1        61 2.56990E-03
 -1        62 2.56990E-03
 -1        63 2.56990E-03
 -1        64 2.56990E-03
 -1        65 2.56990E-03
 -1        66 2.56990E-03
 -1        67 2.56990E-03
 -1        68 2.56990E-03
 -1        69 2.56990E-03
 -1        70 2.56990E-03
 -1        71 2.56990E-03
 -1        72 2.56990E-03
 -1        73 2.56990E-03
 -1        74 2.56990E-03
 -1        75 2.56990E-03
 -1        76 2.56990E-03
 -1        77 2.56990E-03
 -1        78 2.56990E-03
 -1        79 2.56990E-03
 -1        80 2.56990E-03
 -1        81 2.56990E-03
 -1        82 2.56990E-03
 -1        83 2.56990E-03
 -1        84 2.56990E-03
 -1        85 2.56990E-03
 -1        86 2.56990E-03
 -1        87 2.56990E-03
 -1        88 2.56990E-03
 -1        89 2.56990E-03
 -1        90 2.56990E-03
 -1        91 2.56990E-03
 -1        92 2.56990E-03
 -1        93 2.56990E-03
 -1        94 2.56990E-03
 -1        95 2.56990E-03
 -1        96 2.56990E-03
 -1        97 2.56990E-03
 -1        98 2.56990E-03
 -1        99 2.56990E-03
 -3
    1PSTEP                        12           6           3          
  100CL  103 3.000000000          99                     0    3           1
 -4  ERROR       1    1
 -5  STR(%)      1    1    0    0
 -1         1 2.95486E-12
 -1         2 2.95486E-12
 -1         3 2.93735E-12
 -1         4 4.18119E-12
 -1         5 4.18119E-12
 -1         6 4.82355E-12
 -1         7 4.82355E-12
 -1         8 1.65262E-12
 -1         9 1.65262E-12
 -1        10 4.14615E-13
 -1        11 0.00000E+00
 -1        12 2.95486E-12
 -1        13 2.95486E-12
 -1        14 3.36948E-12
 -1        15 4.18119E-12
 -1        16 4.18119E-12
 -1        17 4.82355E-12
 -1        18 4.82355E-12
 -1        19 1.88037E-12
 -1        20 1.65262E-12
 -1        21 4.14615E-13
 -1        22 4.14615E-13
 -1        23 8.35070E-13
 -1        24 8.35070E-13
 -1        25 3.36948E-12
 -1        26 3.36948E-12
 -1        27 4.08776E-13
 -1        28 4.14615E-13
 -1        29 1.88037E-12
 -1        30 1.88037E-12
 -1        31 4.14615E-13
 -1        32 4.14615E-13
 -1        33 4.14615E-13
 -1        34 3.78409E-12
 -1        35 3.78409E-12
 -1        36 3.36364E-12
 -1        37 4.18119E-12
 -1        38 4.18119E-12
 -1        39 4.82355E-12
 -1        40 4.82355E-12
 -1        41 1.65262E-12
 -1        42 1.65262E-12
 -1        43 8.29231E-13
 -1        44 8.29231E-13
 -1        45 4.42062E-12
 -1        46 4.42062E-12
 -1        47 3.36948E-12
 -1        48 4.18119E-12
 -1        49 4.18119E-12
 -1        50 4.82355E-12
 -1        51 4.82355E-12
 -1        52 4.58997E-12
 -1        53 1.65262E-12
 -1        54 8.29231E-13
 -1        55 8.29231E-13
 -1        56 4.42062E-12
 -1        57 4.42062E-12
 -1        58 3.36948E-12
 -1        59 3.36948E-12
 -1        60 2.95486E-12
 -1        61 8.35070E-13
 -1        62 4.58997E-12
 -1        63 4.58997E-12
 -1        64 4.14615E-13
 -1        65 8.23391E-13
 -1        66 8.23391E-13
 -1        67 3.78409E-12
 -1        68 3.78409E-12
 -1        69 3.36364E-12
 -1        70 3.76074E-12
 -1        71 3.76074E-12
 -1        72 4.42646E-12
 -1        73 4.42646E-12
 -1        74 1.65262E-12
 -1        75 4.14615E-13
 -1        76 8.29231E-13
 -1        77 8.29231E-13
 -1        78 4.42062E-12
 -1        79 4.42062E-12
 -1        80 3.36948E-12
 -1        81 3.76074E-12
 -1        82 3.76074E-12
 -1        83 4.42646E-12
 -1        84 4.58997E-12
 -1        85 4.58997E-12
 -1        86 4.14615E-13
 -1        87 8.29231E-13
 -1        88 8.29231E-13
 -1        89 4.42062E-12
 -1        90 4.42062E-12
 -1        91 3.36948E-12
 -1        92 3.36948E-12
 -1        93 2.95486E-12
 -1        94 8.35070E-13
 -1        95 4.58997E-12
 -1        96 4.58997E-12
 -1        97 4.14615E-13
 -1        98 8.23391E-13
 -1        99 8.23391E-13
 -3
    1PSTEP                        13           6           4          
  100CL  104 4.000000000         165                     0    4           1
 -4  DISP        4    1
 -5  D1          1    2    1    0
 -5  D2          1    2    2    0
 -5  D3          1    2    3    0
 -5  ALL         1    2    0    0    1ALL
 -1         1 0.00000E+00 0.00000E+00 0.00000E+00
 -1         2-1.99480E-17 0.00000E+00 0.00000E+00
 -1         3 6.22995E-17 0.00000E+00 0.00000E+00
 -1         4 8.73342E-17 0.00000E+00 0.00000E+00
 -1         5-1.64206E-17 0.00000E+00 0.00000E+00
 -1         6-4.17550E-17 0.00000E+00 0.00000E+00
 -1         7-1.93356E-17 0.00000E+00 0.00000E+00
 -1         8-5.11466E-17 0.00000E+00 0.00000E+00
 -1         9 3.70868E-17 0.00000E+00 0.00000E+00
 -1        10 2.96724E-17 0.00000E+00 0.00000E+00
 -1        11 0.00000E+00 0.00000E+00 0.00000E+00
 -1        12 0.00000E+00 2.67725E-03 0.00000E+00
 -1        13-4.51471E-17 2.67725E-03 0.00000E+00
 -1        14-2.07402E-18 2.67725E-03 0.00000E+00
 -1        15 4.89208E-17 2.67725E-03 0.00000E+00
 -1        16 2.51841E-17 2.67725E-03 0.00000E+00
 -1        17-3.50516E-17 2.67725E-03 0.00000E+00
 -1        18-5.42740E-18 2.67725E-03 0.00000E+00
 -1        19-1.08839E-17 2.67725E-03 0.00000E+00
 -1        20 5.37587E-17 2.67725E-03 0.00000E+00
 -1        21 4.01688E-17 2.67725E-03 0.00000E+00
 -1        22 0.00000E+00 2.67725E-03 0.00000E+00
 -1        23 0.00000E+00 5.35449E-03 0.00000E+00
 -1        24-4.34162E-17 5.35449E-03 0.00000E+00
 -1        25-4.31705E-17 5.35449E-03 0.00000E+00
 -1        26 4.58488E-18 5.35449E-03 0.00000E+00
 -1        27-1.17391E-17 5.35449E-03 0.00000E+00
 -1        28 7.20138E-17 5.35449E-03 0.00000E+00
 -1        29 4.78161E-17 5.35449E-03 0.00000E+00
 -1        30 1.38550E-17 5.35449E-03 0.00000E+00
 -1        31 3.73687E-17 5.35449E-03 0.00000E+00
 -1        32 3.34971E-17 5.35449E-03 0.00000E+00
 -1        33 0.00000E+00 5.35449E-03 0.00000E+00
 -1        34 0.00000E+00 0.00000E+00 1.33862E-03
 -1        35-2.31251E-17 0.00000E+00 1.33862E-03
 -1        36 5.80528E-17 0.00000E+00 1.33862E-03
 -1        37 9.25543E-17 0.00000E+00 1.33862E-03
 -1        38-1.37422E-17 0.00000E+00 1.33862E-03
 -1        39-4.24418E-17 0.00000E+00 1.33862E-03
 -1        40-4.03072E-17 0.00000E+00 1.33862E-03
 -1        41-4.27315E-17 0.00000E+00 1.33862E-03
 -1        42 3.11459E-17 0.00000E+00 1.33862E-03
 -1        43 2.56771E-17 0.00000E+00 1.33862E-03
 -1        44 0.00000E+00 0.00000E+00 1.33862E-03
 -1        45 0.00000E+00 2.67725E-03 1.33862E-03
 -1        46-6.33525E-17 2.67725E-03 1.33862E-03
 -1        47 2.00478E-17 2.67725E-03 1.33862E-03
 -1        48 5.99655E-17 2.67725E-03 1.33862E-03
 -1        49 1.01695E-17 2.67725E-03 1.33862E-03
 -1        50-2.68797E-17 2.67725E-03 1.33862E-03
 -1        51-2.09257E-17 2.67725E-03 1.33862E-03
 -1        52-1.50991E-17 2.67725E-03 1.33862E-03
 -1        53 4.23812E-17 2.67725E-03 1.33862E-03
 -1        54 2.93589E-17 2.67725E-03 1.33862E-03
 -1        55 0.00000E+00 2.67725E-03 1.33862E-03
 -1        56 0.00000E+00 5.35449E-03 1.33862E-03
 -1        57-5.93047E-17 5.35449E-03 1.33862E-03
 -1        58-3.83724E-17 5.35449E-03 1.33862E-03
 -1        59 1.96560E-17 5.35449E-03 1.33862E-03
 -1        60 6.51178E-18 5.35449E-03 1.33862E-03
 -1        61 3.97006E-17 5.35449E-03 1.33862E-03
 -1        62 3.95102E-17 5.35449E-03 1.33862E-03
 -1        63 4.01346E-17 5.35449E-03 1.33862E-03
 -1        64 3.76027E-17 5.35449E-03 1.33862E-03
 -1        65 2.32830E-17 5.35449E-03 1.33862E-03
 -1        66 0.00000E+00 5.35449E-03 1.33862E-03
 -1        67 0.00000E+00 0.00000E+00 2.67725E-03
 -1        68-1.49860E-17 0.00000E+00 2.67725E-03
 -1        69 8.32032E-17 0.00000E+00 2.67725E-03
 -1        70 3.53161E-17 0.00000E+00 2.67725E-03
 -1        71 8.87658E-18 0.00000E+00 2.67725E-03
 -1        72 6.40314E-18 0.00000E+00 2.67725E-03
 -1        73-7.18041E-17 0.00000E+00 2.67725E-03
 -1        74-3.26430E-17 0.00000E+00 2.67725E-03
 -1        75-1.72063E-17 0.00000E+00 2.67725E-03
 -1        76 2.40878E-17 0.00000E+00 2.67725E-03
 -1        77 0.00000E+00 0.00000E+00 2.67725E-03
 -1        78 0.00000E+00 2.67725E-03 2.67725E-03
 -1        79-4.21742E-17 2.67725E-03 2.67725E-03
 -1        80 6.48120E-18 2.67725E-03 2.67725E-03
 -1        81 6.59816E-17 2.67725E-03 2.67725E-03
 -1        82 2.32598E-18 2.67725E-03 2.67725E-03
 -1        83-1.48065E-18 2.67725E-03 2.67725E-03
 -1        84-5.80894E-17 2.67725E-03 2.67725E-03
 -1        85 8.07009E-18 2.67725E-03 2.67725E-03
 -1        86 1.06522E-17 2.67725E-03 2.67725E-03
 -1        87 1.58092E-17 2.67725E-03 2.67725E-03
 -1        88 0.00000E+00 2.67725E-03 2.67725E-03
 -1        89 0.00000E+00 5.35449E-03 2.67725E-03
 -1        90-1.37195E-16 5.35449E-03 2.67725E-03
 -1        91 3.92328E-18 5.35449E-03 2.67725E-03
 -1        92 2.11225E-17 5.35449E-03 2.67725E-03
 -1        93 4.14322E-17 5.35449E-03 2.67725E-03
 -1        94 2.28133E-17 5.35449E-03 2.67725E-03
 -1        95 4.09790E-19 5.35449E-03 2.67725E-03
 -1        96 6.63216E-17 5.35449E-03 2.67725E-03
 -1        97 4.19647E-19 5.35449E-03 2.67725E-03
 -1        98 5.15862E-17 5.35449E-03 2.67725E-03
 -1        99 0.00000E+00 5.35449E-03 2.67725E-03
 -1       100 0.00000E+00 0.00000E+00 5.88789E-14
 -1       101 1.33031E-17 0.00000E+00 5.88406E-14
 -1       102 9.31321E-17 0.00000E+00 5.88670E-14
 -1       103 7.04884E-17 0.00000E+00 5.89099E-14
 -1       104 4.25566E-17 0.00000E+00 5.89589E-14
 -1       105 5.44400E-17 0.00000E+00 5.89124E-14
 -1       106 1.85123E-17 0.00000E+00 5.88638E-14
 -1       107 5.03412E-17 0.00000E+00 5.88341E-14
 -1       108 1.88043E-17 0.00000E+00 5.89405E-14
 -1       109 7.19555E-17 0.00000E+00 5.89526E-14
 -1       110 0.00000E+00 0.00000E+00 5.89098E-14
 -1       111 0.00000E+00 1.94346E-14 6.78482E-14
 -1       112 3.83674E-17 1.94977E-14 6.78426E-14
 -1       113 7.13466E-17 1.95237E-14 6.78710E-14
 -1       114 9.72647E-17 1.94682E-14 6.78670E-14
 -1       115 5.58341E-17 1.95177E-14 6.78331E-14
 -1       116 4.78351E-17 1.95041E-14 6.78193E-14
 -1       117 3.40984E-17 1.94949E-14 6.78287E-14
 -1       118 3.98771E-17 1.94059E-14 6.78161E-14
 -1       119 4.30227E-17 1.94190E-14 6.78836E-14
 -1       120 2.57760E-17 1.94197E-14 6.79367E-14
 -1       121 0.00000E+00 1.93965E-14 6.80132E-14
 -1       122 0.00000E+00 2.69465E-14 1.10449E-13
 -1       123 2.09361E-17 2.69397E-14 1.10441E-13
 -1       124 1.04638E-16 2.69274E-14 1.10380E-13
 -1       125 8.97314E-17 2.69512E-14 1.10330E-13
 -1       126 5.94317E-17 2.69207E-14 1.10313E-13
 -1       127 5.98646E-17 2.69554E-14 1.10408E-13
 -1       128 5.37111E-17 2.69497E-14 1.10342E-13
 -1       129 9.82392E-17 2.68928E-14 1.10389E-13
 -1       130 5.23678E-18 2.68407E-14 1.10414E-13
 -1       131 4.04418E-17 2.68703E-14 1.10513E-13
 -1       132 0.00000E+00 2.68484E-14 1.10568E-13
 -1       133 0.00000E+00 0.00000E+00 5.50206E-14
 -1       134 2.09021E-17 0.00000E+00 5.50602E-14
 -1       135 6.31375E-17 0.00000E+00 5.50800E-14
 -1       136 7.33747E-17 0.00000E+00 5.51280E-14
 -1       137 5.39620E-17 0.00000E+00 5.51160E-14
 -1       138 5.34694E-17 0.00000E+00 5.51148E-14
 -1       139 3.45090E-17 0.00000E+00 5.50768E-14
 -1       140 3.75320E-17 0.00000E+00 5.50125E-14
 -1       141 1.89894E-17 0.00000E+00 5.50720E-14
 -1       142 3.32536E-17 0.00000E+00 5.50688E-14
 -1       143 0.00000E+00 0.00000E+00 5.51086E-14
 -1       144 0.00000E+00 2.55820E-15 6.68749E-14
 -1       145 2.04183E-17 2.62651E-15 6.69980E-14
 -1       146 9.53179E-17 2.60129E-15 6.69403E-14
 -1       147 7.34512E-17 2.67137E-15 6.69691E-14
 -1       148 6.55336E-17 2.67777E-15 6.69934E-14
 -1       149 4.32012E-17 2.65824E-15 6.69542E-14
 -1       150 7.45104E-17 2.63287E-15 6.69750E-14
 -1       151 4.53181E-18 2.51302E-15 6.69294E-14
 -1       152 3.19839E-17 2.53790E-15 6.69777E-14
 -1       153-2.85089E-18 2.48086E-15 6.70382E-14
 -1       154 0.00000E+00 2.48307E-15 6.70714E-14
 -1       155 0.00000E+00 1.68185E-15 1.09715E-13
 -1       156 4.44071E-18 1.76646E-15 1.09729E-13
 -1       157 1.23426E-16 1.82965E-15 1.09751E-13
 -1       158 1.08658E-16 1.76315E-15 1.09661E-13
 -1       159 3.31642E-17 1.81427E-15 1.09609E-13
 -1       160 8.67116E-17 1.80076E-15 1.09653E-13
 -1       161 5.56061E-17 1.75441E-15 1.09707E-13
 -1       162 6.07189E-17 1.71817E-15 1.09757E-13
 -1       163-1.00305E-17 1.67047E-15 1.09713E-13
 -1       164-5.76505E-18 1.73506E-15 1.09844E-13
 -1       165 0.00000E+00 1.69896E-15 1.09839E-13
 -3
    1PSTEP                        14           6           4          
  100CL  104 4.000000000         165                     0    4           1
 -4  STRESS      6    1
 -5  SXX         1    4    1    1
 -5  SYY         1    4    2    2
 -5  SZZ         1    4    3    3
 -5  SXY         1    4    1    2
 -5  SYZ         1    4    2    3
 -5  SZX         1    4    3    1
 -1         1-3.09988E+02-2.74346E-09-2.66350E-09 1.90362E-16 3.00175E-14-3.92736E-15
 -1         2-3.09988E+02-2.70791E-09-2.68881E-09-1.55058E-12 1.21331E-14-6.95140E-13
 -1         3-3.09988E+02-2.73566E-09-2.67590E-09-3.02507E-12 1.02373E-14 3.76063E-13
 -1         4-3.09988E+02-2.75999E-09-2.66517E-09-1.61852E-12 4.39568E-14 7.91447E-13
 -1         5-3.09988E+02-2.75494E-09-2.69580E-09 2.66362E-12 2.00622E-14 6.33236E-13
 -1         6-3.09988E+02-2.75798E-09-2.67966E-09-5.05053E-13 2.64580E-14-2.26009E-13
 -1         7-3.09988E+02-2.75195E-09-2.67596E-09-2.30880E-13-2.53349E-14-4.24998E-12
 -1         8-3.09988E+02-2.73626E-09-2.66839E-09 3.83875E-12 5.93440E-14 2.27453E-12
 -1         9-3.09988E+02-2.73471E-09-2.67225E-09-3.44815E-15 9.28331E-15-1.56710E-12
 -1        10-3.09988E+02-2.73683E-09-2.68175E-09 8.00580E-13 4.14261E-14 4.69846E-14
 -1        11-3.09988E+02-2.70749E-09-2.58985E-09 5.43486E-14-4.38245E-15 1.04796E-13
 -1        12-3.09988E+02-2.42830E-09-1.93525E-09 8.21532E-13-1.04297E-09 4.36833E-16
 -1        13-3.09988E+02-2.42313E-09-1.90925E-09-1.28891E-12-1.03920E-09-2.16383E-12
 -1        14-3.09988E+02-2.38817E-09-1.90611E-09-1.06628E-12-1.03487E-09 2.44572E-12
 -1        15-3.09988E+02-2.44025E-09-1.96860E-09-6.02491E-13-1.03802E-09 2.12353E-12
 -1        16-3.09988E+02-2.46376E-09-1.96723E-09-9.20887E-13-1.03931E-09-2.37655E-12
 -1        17-3.09988E+02-2.41486E-09-1.89760E-09 3.20506E-12-1.03550E-09 1.78969E-12
 -1        18-3.09988E+02-2.43918E-09-1.97682E-09 6.37457E-13-1.03568E-09-2.53931E-12
 -1        19-3.09988E+02-2.43390E-09-1.93921E-09 1.40696E-12-1.03837E-09-1.74206E-12
 -1        20-3.09988E+02-2.43082E-09-1.94822E-09-2.70312E-12-1.03800E-09-1.05621E-12
 -1        21-3.09988E+02-2.42575E-09-1.93009E-09 6.61877E-13-1.03758E-09 3.28411E-13
 -1        22-3.09988E+02-2.42195E-09-1.94405E-09 2.70452E-13-1.03994E-09 1.51949E-14
 -1        23-3.09988E+02 5.79261E-10 7.31900E-09-5.30367E-12-1.48271E-09 7.73616E-16
 -1        24-3.09988E+02 5.42481E-10 7.22611E-09 1.62791E-12-1.47416E-09-4.72825E-13
 -1        25-3.09988E+02 6.57620E-10 7.28601E-09-1.32269E-12-1.48164E-09-5.42378E-13
 -1        26-3.09988E+02 5.58607E-10 7.25873E-09-2.32044E-12-1.47834E-09 2.29718E-12
 -1        27-3.09988E+02 5.68341E-10 7.28054E-09-5.25795E-13-1.47795E-09 3.36387E-12
 -1        28-3.09988E+02 5.55230E-10 7.23588E-09 3.10858E-12-1.48412E-09-5.25458E-12
 -1        29-3.09988E+02 5.54858E-10 7.24881E-09-2.44641E-12-1.47493E-09-5.13613E-13
 -1        30-3.09988E+02 5.73438E-10 7.24326E-09 3.21114E-12-1.47988E-09 1.16049E-12
 -1        31-3.09988E+02 5.89361E-10 7.32909E-09 1.74431E-12-1.48216E-09 1.22428E-12
 -1        32-3.09988E+02 5.50949E-10 7.22619E-09 1.83056E-12-1.48489E-09-1.81423E-12
 -1        33-3.09988E+02 5.75993E-10 7.32117E-09 1.35968E-12-1.48222E-09 1.01812E-13
 -1        34-3.09988E+02-4.06028E-09-2.45844E-09 1.54903E-15 1.17952E-10 2.68708E-13
 -1        35-3.09988E+02-4.09600E-09-2.49623E-09-2.26972E-12 1.16834E-10 1.36208E-12
 -1        36-3.09988E+02-4.06559E-09-2.47474E-09-1.98884E-12 1.15087E-10 2.98816E-12
 -1        37-3.09988E+02-4.09509E-09-2.50543E-09-9.90728E-13 1.13003E-10-1.84228E-12
 -1        38-3.09988E+02-4.08118E-09-2.50649E-09 1.19262E-12 1.10203E-10 7.54561E-13
 -1        39-3.09988E+02-4.08681E-09-2.47227E-09 5.59821E-13 1.17913E-10 8.05591E-13
 -1        40-3.09988E+02-4.06602E-09-2.47973E-09 6.10029E-13 1.15863E-10-3.81038E-12
 -1        41-3.09988E+02-4.07515E-09-2.48210E-09 1.95790E-12 1.16265E-10 1.61710E-12
 -1        42-3.09988E+02-4.10019E-09-2.49508E-09 1.25078E-13 1.18576E-10-3.65631E-12
 -1        43-3.09988E+02-4.08521E-09-2.48865E-09 9.20897E-13 1.13585E-10 4.63763E-12
 -1        44-3.09988E+02-4.09503E-09-2.47005E-09 3.15011E-14 1.09246E-10 3.49177E-12
 -1        45-3.09988E+02-3.23046E-09-1.39283E-09 2.68624E-12-8.63208E-10-8.24965E-13
 -1        46-3.09988E+02-3.23053E-09-1.40438E-09 7.72720E-13-8.61227E-10 5.98420E-13
 -1        47-3.09988E+02-3.20705E-09-1.38799E-09-1.00270E-12-8.57245E-10-4.09542E-13
 -1        48-3.09988E+02-3.25157E-09-1.39444E-09-1.36931E-12-8.63249E-10-5.64524E-14
 -1        49-3.09988E+02-3.21031E-09-1.38223E-09 4.33877E-13-8.61502E-10-2.88906E-13
 -1        50-3.09988E+02-3.23908E-09-1.41697E-09 2.85233E-12-8.60249E-10 3.74934E-12
 -1        51-3.09988E+02-3.25260E-09-1.42248E-09 7.95693E-13-8.61546E-10-4.25877E-12
 -1        52-3.09988E+02-3.24765E-09-1.41202E-09 6.49414E-13-8.64952E-10 1.32700E-12
 -1        53-3.09988E+02-3.25394E-09-1.41296E-09-1.89742E-12-8.58933E-10-3.35148E-12
 -1        54-3.09988E+02-3.21707E-09-1.37512E-09-3.77454E-13-8.65424E-10-6.86051E-13
 -1        55-3.09988E+02-3.21618E-09-1.38347E-09-8.93337E-13-8.64341E-10-9.36235E-13
 -1        56-3.09988E+02-1.95480E-10 6.49120E-09-8.82538E-13-2.30050E-09-1.71031E-12
 -1        57-3.09988E+02-2.49888E-10 6.37402E-09 2.72202E-12-2.29161E-09-6.79670E-12
 -1        58-3.09988E+02-2.29411E-10 6.42812E-09-3.83770E-12-2.30012E-09 4.61440E-13
 -1        59-3.09988E+02-3.21939E-10 6.36829E-09-1.28109E-12-2.29158E-09-4.59730E-13
 -1        60-3.09988E+02-2.10770E-10 6.42545E-09 9.03954E-13-2.29896E-09 4.15120E-12
 -1        61-3.09988E+02-2.93817E-10 6.37637E-09 3.39068E-13-2.29724E-09-5.49571E-12
 -1        62-3.09988E+02-2.80689E-10 6.42506E-09-4.19369E-13-2.29543E-09-9.83532E-13
 -1        63-3.09988E+02-3.02386E-10 6.36816E-09 2.93155E-12-2.29450E-09 6.55238E-12
 -1        64-3.09988E+02-2.35837E-10 6.47043E-09 1.55058E-12-2.29978E-09-2.77819E-12
 -1        65-3.09988E+02-2.51363E-10 6.41308E-09 8.83504E-13-2.30224E-09 1.83828E-12
 -1        66-3.09988E+02-2.11920E-10 6.46265E-09 2.56052E-12-2.29658E-09 6.56259E-12
 -1        67-1.54994E+02 6.68290E-10-1.70935E-09-2.50313E-15 3.25771E-10 1.16137E-12
 -1        68-1.54994E+02 5.21908E-10-1.79186E-09 1.20173E-12 3.20496E-10 3.16814E-12
 -1        69-1.54994E+02 6.47457E-10-1.73289E-09-4.50346E-12 3.24545E-10 1.06560E-12
 -1        70-1.54994E+02 6.37817E-10-1.75622E-09 2.38316E-12 3.15775E-10-5.66535E-12
 -1        71-1.54994E+02 6.79180E-10-1.67975E-09-5.23855E-13 3.24080E-10-1.90730E-12
 -1        72-1.54994E+02 6.22446E-10-1.75135E-09 9.42903E-13 3.25173E-10 5.32295E-12
 -1        73-1.54994E+02 6.51677E-10-1.74073E-09-8.41837E-13 3.24409E-10-2.44978E-12
 -1        74-1.54994E+02 5.66998E-10-1.76377E-09 2.15127E-12 3.22481E-10 1.67923E-12
 -1        75-1.54994E+02 5.61552E-10-1.77518E-09 1.66751E-12 3.26572E-10-3.12896E-12
 -1        76-1.54994E+02 5.95101E-10-1.74122E-09-8.47033E-13 3.22300E-10 1.91918E-12
 -1        77-1.54994E+02 5.58947E-10-1.78734E-09-7.06208E-16 3.23414E-10 6.54867E-13
 -1        78-1.54994E+02 6.92916E-10-1.57346E-10 8.47185E-13-1.14325E-09-4.19911E-12
 -1        79-1.54994E+02 6.18052E-10-2.29770E-10 1.50556E-12-1.13559E-09 2.56866E-12
 -1        80-1.54994E+02 6.66984E-10-2.10080E-10-1.65817E-12-1.13112E-09-1.06348E-12
 -1        81-1.54994E+02 6.91353E-10-1.65213E-10-1.96396E-13-1.13754E-09-2.25421E-12
 -1        82-1.54994E+02 6.45489E-10-2.00842E-10 1.32369E-12-1.12858E-09 2.30284E-12
 -1        83-1.54994E+02 6.73478E-10-2.10629E-10 3.39454E-13-1.13430E-09 1.82866E-12
 -1        84-1.54994E+02 6.81368E-10-1.84640E-10-7.03666E-13-1.13403E-09-1.10221E-12
 -1        85-1.54994E+02 6.23363E-10-2.32478E-10 8.23396E-13-1.14196E-09 1.52786E-13
 -1        86-1.54994E+02 6.14856E-10-2.19991E-10-6.19908E-13-1.13701E-09-1.24397E-12
 -1        87-1.54994E+02 6.48390E-10-1.96701E-10-9.96452E-13-1.13833E-09-2.57930E-12
 -1        88-1.54994E+02 6.62592E-10-1.61678E-10 2.81865E-13-1.13745E-09 1.47052E-12
 -1        89-1.54994E+02 1.36086E-09 3.50147E-09 5.85645E-12-3.83070E-09-2.42902E-13
 -1        90-1.54994E+02 1.37504E-09 3.49002E-09 2.89432E-13-3.82874E-09-1.02681E-11
 -1        91-1.54994E+02 1.36308E-09 3.49862E-09-9.49810E-13-3.83012E-09 3.27141E-12
 -1        92-1.54994E+02 1.38044E-09 3.47396E-09-2.69770E-12-3.81369E-09-7.30717E-13
 -1        93-1.54994E+02 1.35765E-09 3.47313E-09 4.09193E-12-3.82717E-09 1.68719E-13
 -1        94-1.54994E+02 1.37350E-09 3.48416E-09-4.33488E-13-3.82660E-09-4.63148E-13
 -1        95-1.54994E+02 1.40149E-09 3.53909E-09 1.63490E-13-3.81931E-09-1.04852E-12
 -1        96-1.54994E+02 1.38319E-09 3.48677E-09-2.65317E-13-3.82277E-09 2.95744E-12
 -1        97-1.54994E+02 1.32710E-09 3.48289E-09-3.23402E-13-3.82833E-09-1.96772E-12
 -1        98-1.54994E+02 1.40002E-09 3.55412E-09 3.07583E-12-3.83138E-09 2.67850E-12
 -1        99-1.54994E+02 1.36831E-09 3.51572E-09-1.64380E-12-3.82889E-09 6.45040E-12
 -1       100 6.51092E-10 3.67533E-09-1.47630E-09 2.36878E-15 6.99467E-10-2.97819E-12
 -1       101 7.71267E-10 3.84380E-09-1.32749E-09 1.96166E-12 7.01964E-10 2.72989E-12
 -1       102 7.61487E-10 3.81966E-09-1.33982E-09-1.70311E-12 7.02105E-10-2.23956E-12
 -1       103 7.71221E-10 3.83058E-09-1.35314E-09 2.09298E-12 6.98514E-10 1.75026E-12
 -1       104 7.08927E-10 3.76825E-09-1.40690E-09 1.03881E-12 6.92003E-10 3.37871E-13
 -1       105 7.57647E-10 3.81481E-09-1.34565E-09-5.17887E-13 6.94580E-10-9.69267E-13
 -1       106 7.79730E-10 3.84445E-09-1.33226E-09 1.22391E-12 6.99064E-10-2.21265E-12
 -1       107 6.54732E-10 3.66839E-09-1.48064E-09-8.21713E-13 7.00425E-10 2.07604E-12
 -1       108 6.59721E-10 3.68412E-09-1.45528E-09 1.89685E-12 6.97411E-10 3.84881E-12
 -1       109 7.04186E-10 3.72858E-09-1.41698E-09-3.61296E-12 7.00566E-10-5.55298E-12
 -1       110 6.63809E-10 3.68822E-09-1.46126E-09 2.94680E-15 7.09990E-10-3.33688E-12
 -1       111 8.70175E-10 2.97035E-09-7.70378E-11 4.94267E-12-8.30265E-10-4.55209E-13
 -1       112 9.76716E-10 3.09931E-09 2.51768E-11 3.77269E-12-8.22079E-10 7.34190E-13
 -1       113 9.21442E-10 3.03575E-09-3.41867E-11-7.10804E-13-8.27499E-10 2.99633E-12
 -1       114 9.62495E-10 3.07801E-09 2.84853E-11 5.32296E-13-8.22716E-10-5.45426E-12
 -1       115 9.38293E-10 3.05380E-09-7.67690E-12 2.06703E-12-8.26036E-10-3.67228E-13
 -1       116 9.69198E-10 3.08498E-09 2.21827E-11-6.78005E-13-8.21983E-10-4.73923E-13
 -1       117 9.52654E-10 3.07224E-09 5.42078E-12-2.47599E-12-8.25578E-10 5.73385E-12
 -1       118 9.41955E-10 3.03216E-09-1.27698E-13-1.08821E-12-8.27307E-10-3.36401E-12
 -1       119 9.34651E-10 3.03526E-09-2.46465E-11-1.14841E-15-8.31281E-10 3.27001E-12
 -1       120 9.15497E-10 3.01294E-09-3.70620E-11-2.11016E-12-8.28975E-10-4.36679E-13
 -1       121 9.25600E-10 3.02363E-09-2.32298E-11-1.83490E-12-8.26067E-10 5.96283E-12
 -1       122 5.73725E-10 1.77289E-09 1.63996E-10-5.26019E-13-2.15441E-09-6.18864E-13
 -1       123 5.60700E-10 1.76491E-09 1.66134E-10-2.05518E-12-2.15475E-09-7.76402E-12
 -1       124 5.97181E-10 1.80191E-09 2.16470E-10 3.06475E-12-2.14831E-09-1.54197E-12
 -1       125 5.97663E-10 1.79801E-09 1.92820E-10-8.29520E-13-2.15560E-09-2.14229E-12
 -1       126 6.17060E-10 1.81742E-09 2.18552E-10 4.34788E-13-2.14962E-09 6.46839E-13
 -1       127 5.27233E-10 1.72755E-09 1.08987E-10 2.05497E-12-2.14735E-09 4.96271E-12
 -1       128 6.18868E-10 1.81916E-09 2.29381E-10-9.14095E-13-2.15193E-09-3.29952E-13
 -1       129 5.58132E-10 1.77135E-09 1.80502E-10 3.01964E-13-2.14804E-09-1.58755E-12
 -1       130 5.80691E-10 1.80395E-09 1.97422E-10-3.85037E-12-2.15235E-09 1.54142E-12
 -1       131 6.32244E-10 1.83148E-09 2.55446E-10 1.43767E-12-2.15099E-09 5.30157E-13
 -1       132 5.36912E-10 1.73733E-09 1.25515E-10-1.72815E-12-2.15268E-09 4.30322E-12
 -1       133-6.13901E-10-2.17071E-10-1.82040E-09-1.05594E-16 9.25330E-10 3.09336E-12
 -1       134-6.38047E-10-2.41217E-10-1.82250E-09-3.78254E-14 9.31849E-10 3.50695E-12
 -1       135-6.21632E-10-2.24801E-10-1.80514E-09 2.51187E-12 9.25790E-10-2.03619E-12
 -1       136-6.38047E-10-2.41217E-10-1.82250E-09 5.93161E-15 9.24293E-10 1.85314E-12
 -1       137-6.41027E-10-2.44197E-10-1.85464E-09 9.03207E-13 9.27132E-10 1.26436E-12
 -1       138-6.34413E-10-2.37583E-10-1.81792E-09-8.01492E-13 9.24168E-10-1.67833E-12
 -1       139-6.35714E-10-2.41217E-10-1.81900E-09 3.12244E-12 9.28751E-10-1.49551E-12
 -1       140-6.45178E-10-2.57054E-10-1.85778E-09-2.57584E-12 9.30215E-10-2.18929E-12
 -1       141-6.31532E-10-2.69531E-10-1.82730E-09 1.01434E-12 9.29338E-10 2.22863E-12
 -1       142-6.73667E-10-3.11666E-10-1.89120E-09-2.81814E-12 9.34307E-10-4.61427E-12
 -1       143-6.42214E-10-2.80213E-10-1.84350E-09 7.29927E-17 9.33800E-10 3.10137E-12
 -1       144-1.60796E-10-2.97784E-11-4.61630E-10 5.33178E-12-5.00012E-10 9.61308E-12
 -1       145-1.16315E-10 1.47023E-11-3.89006E-10 1.03936E-12-5.00185E-10-2.51033E-13
 -1       146-1.42020E-10-1.10029E-11-4.34254E-10 4.10397E-12-5.08113E-10 2.61054E-12
 -1       147-1.16601E-10 1.44161E-11-3.90594E-10 4.36154E-12-4.93885E-10-1.64402E-12
 -1       148-1.21214E-10 9.80384E-12-3.95605E-10-1.32443E-12-5.02154E-10 9.35482E-13
 -1       149-1.21214E-10 9.80384E-12-3.95605E-10-4.54653E-13-5.01310E-10-1.44091E-12
 -1       150-1.24455E-10 5.39602E-12-4.05163E-10-4.84427E-12-5.00280E-10 5.33951E-12
 -1       151-1.28797E-10-1.54973E-12-4.00029E-10-2.80155E-12-5.00603E-10-5.41413E-12
 -1       152-1.77228E-10-6.30416E-11-4.64281E-10-2.38774E-12-5.02796E-10 2.52259E-12
 -1       153-1.66955E-10-5.33526E-11-4.47663E-10-3.66296E-12-5.06612E-10-8.10517E-13
 -1       154-1.58537E-10-4.49340E-11-4.55813E-10 1.72524E-13-5.04361E-10 2.59359E-12
 -1       155-2.81787E-10-4.16582E-10-5.10509E-10 6.60445E-12-6.00225E-10 1.12564E-12
 -1       156-2.73357E-10-4.08153E-10-5.02236E-10 4.52114E-12-5.94442E-10-1.17337E-12
 -1       157-2.74742E-10-4.09537E-10-4.88383E-10 2.06490E-12-5.76474E-10 2.64763E-13
 -1       158-2.71223E-10-4.06018E-10-4.90384E-10 2.14776E-12-5.99824E-10-2.56273E-12
 -1       159-2.71185E-10-4.05980E-10-4.85622E-10-1.05908E-12-5.93012E-10-4.39245E-12
 -1       160-2.77799E-10-4.12594E-10-5.22343E-10 1.06018E-12-5.94033E-10 7.99229E-12
 -1       161-2.62231E-10-3.97026E-10-4.62597E-10-4.69857E-12-5.97849E-10 4.36108E-12
 -1       162-2.46476E-10-3.85625E-10-4.52576E-10 1.10984E-12-5.87096E-10-5.58695E-12
 -1       163-2.55430E-10-3.94579E-10-4.75601E-10-2.62039E-12-5.93597E-10 9.80236E-13
 -1       164-2.70441E-10-4.05236E-10-4.86045E-10 8.84293E-13-5.82706E-10-2.31129E-12
 -1       165-2.83350E-10-4.18145E-10-5.19186E-10-2.81834E-12-5.87865E-10-3.46964E-13
 -3
    1PSTEP                        15           6           4          
  100CL  104 4.000000000         165                     0    4           1
 -4  PE          1    1
 -5  PE          1    1    0    0
 -1         1 2.56990E-03
 -1         2 2.56990E-03
 -1         3 2.56990E-03
 -1         4 2.56990E-03
 -1         5 2.56990E-03
 -1         6 2.56990E-03
 -1         7 2.56990E-03
 -1         8 2.56990E-03
 -1         9 2.56990E-03
 -1        10 2.56990E-03
 -1        11 2.56990E-03
 -1        12 2.56990E-03
 -1        13 2.56990E-03
 -1        14 2.56990E-03
 -1        15 2.56990E-03
 -1        16 2.56990E-03
 -1        17 2.56990E-03
 -1        18 2.56990E-03
 -1        19 2.56990E-03
 -1        20 2.56990E-03
 -1        21 2.56990E-03
 -1        22 2.56990E-03
 -1        23 2.56990E-03
 -1        24 2.56990E-03
 -1        25 2.56990E-03
 -1        26 2.56990E-03
 -1        27 2.56990E-03
 -1        28 2.56990E-03
 -1        29 2.56990E-03
 -1        30 2.56990E-03
 -1        31 2.56990E-03
 -1        32 2.56990E-03
 -1        33 2.56990E-03
 -1        34 2.56990E-03
 -1        35 2.56990E-03
 -1        36 2.56990E-03
 -1        37 2.56990E-03
 -1        38 2.56990E-03
 -1        39 2.56990E-03
 -1        40 2.56990E-03
 -1        41 2.56990E-03
 -1        42 2.56990E-03
 -1        43 2.56990E-03
 -1        44 2.56990E-03
 -1        45 2.56990E-03
 -1        46 2.56990E-03
 -1        47 2.56990E-03
 -1        48 2.56990E-03
 -1        49 2.56990E-03
 -1        50 2.56990E-03
 -1        51 2.56990E-03
 -1        52 2.56990E-03
 -1        53 2.56990E-03
 -1        54 2.56990E-03
 -1        55 2.56990E-03
 -1        56 2.56990E-03
 -1        57 2.56990E-03
 -1        58 2.56990E-03
 -1        59 2.56990E-03
 -1        60 2.56990E-03
 -1        61 2.56990E-03
 -1        62 2.56990E-03
 -1        63 2.56990E-03
 -1        64 2.56990E-03
 -1        65 2.56990E-03
 -1        66 2.56990E-03
 -1        67 1.28495E-03
 -1        68 1.28495E-03
 -1        69 1.28495E-03
 -1        70 1.28495E-03
 -1        71 1.28495E-03
 -1        72 1.28495E-03
 -1        73 1.28495E-03
 -1        74 1.28495E-03
 -1        75 1.28495E-03
 -1        76 1.28495E-03
 -1        77 1.28495E-03
 -1        78 1.28495E-03
 -1        79 1.28495E-03
 -1        80 1.28495E-03
 -1        81 1.28495E-03
 -1        82 1.28495E-03
 -1        83 1.28495E-03
 -1        84 1.28495E-03
 -1        85 1.28495E-03
 -1        86 1.28495E-03
 -1        87 1.28495E-03
 -1        88 1.28495E-03
 -1        89 1.28495E-03
 -1        90 1.28495E-03
 -1        91 1.28495E-03
 -1        92 1.28495E-03
 -1        93 1.28495E-03
 -1        94 1.28495E-03
 -1        95 1.28495E-03
 -1        96 1.28495E-03
 -1        97 1.28495E-03
 -1        98 1.28495E-03
 -1        99 1.28495E-03
 -1       100 0.00000E+00
 -1       101 0.00000E+00
 -1       102 0.00000E+00
 -1       103 0.00000E+00
 -1       104 0.00000E+00
 -1       105 0.00000E+00
 -1       106 0.00000E+00
 -1       107 0.00000E+00
 -1       108 0.00000E+00
 -1       109 0.00000E+00
 -1       110 0.00000E+00
 -1       111 0.00000E+00
 -1       112 0.00000E+00
 -1       113 0.00000E+00
 -1       114 0.00000E+00
 -1       115 0.00000E+00
 -1       116 0.00000E+00
 -1       117 0.00000E+00
 -1       118 0.00000E+00
 -1       119 0.00000E+00
 -1       120 0.00000E+00
 -1       121 0.00000E+00
 -1       122 0.00000E+00
 -1       123 0.00000E+00
 -1       124 0.00000E+00
 -1       125 0.00000E+00
 -1       126 0.00000E+00
 -1       127 0.00000E+00
 -1       128 0.00000E+00
 -1       129 0.00000E+00
 -1       130 0.00000E+00
 -1       131 0.00000E+00
 -1       132 0.00000E+00
 -1       133 0.00000E+00
 -1       134 0.00000E+00
 -1       135 0.00000E+00
 -1       136 0.00000E+00
 -1       137 0.00000E+00
 -1       138 0.00000E+00
 -1       139 0.00000E+00
 -1       140 0.00000E+00
 -1       141 0.00000E+00
 -1       142 0.00000E+00
 -1       143 0.00000E+00
 -1       144 0.00000E+00
 -1       145 0.00000E+00
 -1       146 0.00000E+00
 -1       147 0.00000E+00
 -1       148 0.00000E+00
 -1       149 0.00000E+00
 -1       150 0.00000E+00
 -1       151 0.00000E+00
 -1       152 0.00000E+00
 -1       153 0.00000E+00
 -1       154 0.00000E+00
 -1       155 0.00000E+00
 -1       156 0.00000E+00
 -1       157 0.00000E+00
 -1       158 0.00000E+00
 -1       159 0.00000E+00
 -1       160 0.00000E+00
 -1       161 0.00000E+00
 -1       162 0.00000E+00
 -1       163 0.00000E+00
 -1       164 0.00000E+00
 -1       165 0.00000E+00
 -3
    1PSTEP                        16           6           4          
  100CL  104 4.000000000         165                     0    4           1
 -4  ERROR       1    1
 -5  STR(%)      1    1    0    0
 -1         1 8.69116E-11
 -1         2 8.84240E-11
 -1         3 8.84240E-11
 -1         4 8.84532E-11
 -1         5 8.84532E-11
 -1         6 8.69933E-11
 -1         7 8.69933E-11
 -1         8 8.99307E-11
 -1         9 8.99307E-11
 -1        10 8.99307E-11
 -1        11 8.84240E-11
 -1        12 3.82334E-10
 -1        13 3.82386E-10
 -1        14 3.85254E-10
 -1        15 3.85318E-10
 -1        16 3.85318E-10
 -1        17 3.83799E-10
 -1        18 3.83799E-10
 -1        19 3.83823E-10
 -1        20 3.83823E-10
 -1        21 3.82445E-10
 -1        22 3.80932E-10
 -1        23 3.82334E-10
 -1        24 3.82386E-10
 -1        25 3.85254E-10
 -1        26 3.85318E-10
 -1        27 3.85318E-10
 -1        28 3.83799E-10
 -1        29 3.83799E-10
 -1        30 3.83823E-10
 -1        31 3.83823E-10
 -1        32 3.82445E-10
 -1        33 3.80932E-10
 -1        34 1.79826E-10
 -1        35 1.79826E-10
 -1        36 1.78320E-10
 -1        37 1.78355E-10
 -1        38 1.78355E-10
 -1        39 1.78343E-10
 -1        40 1.79826E-10
 -1        41 1.79826E-10
 -1        42 1.81263E-10
 -1        43 1.81263E-10
 -1        44 1.81263E-10
 -1        45 4.70121E-10
 -1        46 4.71628E-10
 -1        47 4.71628E-10
 -1        48 4.71622E-10
 -1        49 4.70115E-10
 -1        50 4.70115E-10
 -1        51 4.73135E-10
 -1        52 4.73135E-10
 -1        53 4.71628E-10
 -1        54 4.70121E-10
 -1        55 4.70121E-10
 -1        56 4.70121E-10
 -1        57 4.71628E-10
 -1        58 4.71628E-10
 -1        59 4.71622E-10
 -1        60 4.70115E-10
 -1        61 4.70115E-10
 -1        62 4.73135E-10
 -1        63 4.73135E-10
 -1        64 4.71628E-10
 -1        65 4.70121E-10
 -1        66 4.70121E-10
 -1        67 5.52434E+01
 -1        68 5.52434E+01
 -1        69 5.41518E+01
 -1        70 5.42600E+01
 -1        71 5.42600E+01
 -1        72 5.42172E+01
 -1        73 5.52433E+01
 -1        74 5.52433E+01
 -1        75 5.51839E+01
 -1        76 5.53974E+01
 -1        77 5.53974E+01
 -1        78 6.28277E+01
 -1        79 6.28277E+01
 -1        80 6.23348E+01
 -1        81 6.22947E+01
 -1        82 6.36307E+01
 -1        83 6.36307E+01
 -1        84 6.29090E+01
 -1        85 6.29090E+01
 -1        86 6.24381E+01
 -1        87 6.24381E+01
 -1        88 6.22102E+01
 -1        89 6.28277E+01
 -1        90 6.28277E+01
 -1        91 6.23348E+01
 -1        92 6.22947E+01
 -1        93 6.36307E+01
 -1        94 6.36307E+01
 -1        95 6.29090E+01
 -1        96 6.29090E+01
 -1        97 6.24381E+01
 -1        98 6.24381E+01
 -1        99 6.22102E+01
 -1       100 7.91292E+01
 -1       101 7.91292E+01
 -1       102 7.81826E+01
 -1       103 7.91292E+01
 -1       104 7.91292E+01
 -1       105 7.91292E+01
 -1       106 7.91292E+01
 -1       107 8.04532E+01
 -1       108 8.15468E+01
 -1       109 8.15468E+01
 -1       110 8.05537E+01
 -1       111 9.52014E+01
 -1       112 9.52014E+01
 -1       113 9.41085E+01
 -1       114 9.41085E+01
 -1       115 9.31729E+01
 -1       116 9.31729E+01
 -1       117 9.36806E+01
 -1       118 9.42063E+01
 -1       119 9.42063E+01
 -1       120 9.41085E+01
 -1       121 9.41085E+01
 -1       122 9.52014E+01
 -1       123 9.52014E+01
 -1       124 9.41085E+01
 -1       125 9.41085E+01
 -1       126 9.31729E+01
 -1       127 9.31729E+01
 -1       128 9.36806E+01
 -1       129 9.42063E+01
 -1       130 9.42063E+01
 -1       131 9.41085E+01
 -1       132 9.41085E+01
 -1       133 7.91292E+01
 -1       134 7.91292E+01
 -1       135 7.81826E+01
 -1       136 7.91292E+01
 -1       137 7.91292E+01
 -1       138 7.91292E+01
 -1       139 7.91292E+01
 -1       140 8.04532E+01
 -1       141 8.15468E+01
 -1       142 8.15468E+01
 -1       143 8.05537E+01
 -1       144 9.52014E+01
 -1       145 9.52014E+01
 -1       146 9.41085E+01
 -1       147 9.41085E+01
 -1       148 9.31729E+01
 -1       149 9.31729E+01
 -1       150 9.36806E+01
 -1       151 9.42063E+01
 -1       152 9.42063E+01
 -1       153 9.41085E+01
 -1       154 9.41085E+01
 -1       155 9.52014E+01
 -1       156 9.52014E+01
 -1       157 9.41085E+01
 -1       158 9.41085E+01
 -1       159 9.31729E+01
 -1       160 9.31729E+01
 -1       161 9.36806E+01
 -1       162 9.42063E+01
 -1       163 9.42063E+01
 -1       164 9.41085E+01
 -1       165 9.41085E+01
 -3
    1PSTEP                        17           6           5          
  100CL  105 5.000000000         165                     0    5           1
 -4  DISP        4    1
 -5  D1          1    2    1    0
 -5  D2          1    2    2    0
 -5  D3          1    2    3    0
 -5  ALL         1    2    0    0    1ALL
 -1         1 0.00000E+00 0.00000E+00 0.00000E+00
 -1         2-7.11054E-17 0.00000E+00 0.00000E+00
 -1         3 5.26579E-17 0.00000E+00 0.00000E+00
 -1         4 4.44669E-17 0.00000E+00 0.00000E+00
 -1         5 3.38576E-17 0.00000E+00 0.00000E+00
 -1         6 2.01885E-17 0.00000E+00 0.00000E+00
 -1         7-3.79025E-17 0.00000E+00 0.00000E+00
 -1         8-2.25492E-17 0.00000E+00 0.00000E+00
 -1         9 1.62157E-17 0.00000E+00 0.00000E+00
 -1        10 7.96573E-17 0.00000E+00 0.00000E+00
 -1        11 0.00000E+00 0.00000E+00 0.00000E+00
 -1        12 0.00000E+00 5.09548E-06 0.00000E+00
 -1        13-7.26869E-17 5.09548E-06 0.00000E+00
 -1        14 1.29558E-17 5.09548E-06 0.00000E+00
 -1        15 7.44945E-17 5.09548E-06 0.00000E+00
 -1        16 3.40856E-17 5.09548E-06 0.00000E+00
 -1        17 1.17651E-17 5.09548E-06 0.00000E+00
 -1        18-3.48343E-19 5.09548E-06 0.00000E+00
 -1        19 1.45668E-17 5.09548E-06 0.00000E+00
 -1        20 4.97344E-17 5.09548E-06 0.00000E+00
 -1        21 4.72902E-17 5.09548E-06 0.00000E+00
 -1        22 0.00000E+00 5.09548E-06 0.00000E+00
 -1        23 0.00000E+00 4.47910E-06 0.00000E+00
 -1        24-5.87308E-18 4.47910E-06 0.00000E+00
 -1        25-5.61636E-17 4.47910E-06 0.00000E+00
 -1        26 6.84736E-17 4.47910E-06 0.00000E+00
 -1        27 3.37691E-17 4.47910E-06 0.00000E+00
 -1        28 4.30840E-17 4.47910E-06 0.00000E+00
 -1        29 5.07353E-17 4.47910E-06 0.00000E+00
 -1        30 2.87675E-17 4.47910E-06 0.00000E+00
 -1        31 6.30755E-17 4.47910E-06 0.00000E+00
 -1        32 9.87442E-18 4.47910E-06 0.00000E+00
 -1        33 0.00000E+00 4.47910E-06 0.00000E+00
 -1        34 0.00000E+00 0.00000E+00 9.17813E-06
 -1        35-6.48060E-17 0.00000E+00 9.17813E-06
 -1        36 3.97131E-17 0.00000E+00 9.17813E-06
 -1        37 6.75369E-17 0.00000E+00 9.17813E-06
 -1        38 4.13012E-17 0.00000E+00 9.17813E-06
 -1        39-1.68296E-17 0.00000E+00 9.17813E-06
 -1        40-1.98372E-17 0.00000E+00 9.17813E-06
 -1        41-3.33558E-17 0.00000E+00 9.17813E-06
 -1        42 2.51836E-17 0.00000E+00 9.17813E-06
 -1        43 6.82396E-17 0.00000E+00 9.17813E-06
 -1        44 0.00000E+00 0.00000E+00 9.17813E-06
 -1        45 0.00000E+00-3.53916E-05 2.65457E-06
 -1        46-7.00796E-17-3.53916E-05 2.65457E-06
 -1        47 8.91757E-18-3.53916E-05 2.65457E-06
 -1        48 8.62106E-17-3.53916E-05 2.65457E-06
 -1        49 3.41409E-17-3.53916E-05 2.65457E-06
 -1        50 1.90958E-18-3.53916E-05 2.65457E-06
 -1        51-2.77470E-17-3.53916E-05 2.65457E-06
 -1        52 3.47805E-17-3.53916E-05 2.65457E-06
 -1        53 4.02477E-17-3.53916E-05 2.65457E-06
 -1        54 4.06620E-17-3.53916E-05 2.65457E-06
 -1        55 0.00000E+00-3.53916E-05 2.65457E-06
 -1        56 0.00000E+00-5.13271E-05 1.33022E-04
 -1        57-4.35066E-17-5.13271E-05 1.33022E-04
 -1        58-1.76142E-17-5.13271E-05 1.33022E-04
 -1        59 4.72630E-17-5.13271E-05 1.33022E-04
 -1        60 4.75945E-17-5.13271E-05 1.33022E-04
 -1        61 1.28591E-17-5.13271E-05 1.33022E-04
 -1        62 3.90356E-17-5.13271E-05 1.33022E-04
 -1        63 4.76580E-17-5.13271E-05 1.33022E-04
 -1        64 3.73492E-17-5.13271E-05 1.33022E-04
 -1        65 2.25131E-18-5.13271E-05 1.33022E-04
 -1        66 0.00000E+00-5.13271E-05 1.33022E-04
 -1        67 0.00000E+00 0.00000E+00 4.12556E-05
 -1        68-3.28502E-17 0.00000E+00 4.12556E-05
 -1        69 2.04384E-17 0.00000E+00 4.12556E-05
 -1        70 9.31988E-17 0.00000E+00 4.12556E-05
 -1        71 1.32197E-17 0.00000E+00 4.12556E-05
 -1        72-1.02418E-19 0.00000E+00 4.12556E-05
 -1        73-4.05319E-17 0.00000E+00 4.12556E-05
 -1        74-3.78497E-17 0.00000E+00 4.12556E-05
 -1        75 3.56794E-17 0.00000E+00 4.12556E-05
 -1        76 5.33847E-17 0.00000E+00 4.12556E-05
 -1        77 0.00000E+00 0.00000E+00 4.12556E-05
 -1        78 0.00000E+00-1.17678E-04 2.65821E-05
 -1        79-3.68385E-17-1.17678E-04 2.65821E-05
 -1        80-5.42894E-18-1.17678E-04 2.65821E-05
 -1        81 9.24137E-17-1.17678E-04 2.65821E-05
 -1        82 3.86567E-17-1.17678E-04 2.65821E-05
 -1        83-2.96662E-17-1.17678E-04 2.65821E-05
 -1        84-2.85504E-17-1.17678E-04 2.65821E-05
 -1        85 1.20684E-17-1.17678E-04 2.65821E-05
 -1        86 5.26856E-17-1.17678E-04 2.65821E-05
 -1        87 2.40114E-17-1.17678E-04 2.65821E-05
 -1        88 0.00000E+00-1.17678E-04 2.65821E-05
 -1        89 0.00000E+00-3.12661E-04 2.62253E-04
 -1        90-7.19326E-17-3.12661E-04 2.62253E-04
 -1        91 4.60221E-17-3.12661E-04 2.62253E-04
 -1        92 2.80274E-17-3.12661E-04 2.62253E-04
 -1        93 4.22869E-17-3.12661E-04 2.62253E-04
 -1        94-6.96842E-18-3.12661E-04 2.62253E-04
 -1        95 4.15733E-17-3.12661E-04 2.62253E-04
 -1        96 5.65539E-17-3.12661E-04 2.62253E-04
 -1        97 4.85495E-19-3.12661E-04 2.62253E-04
 -1        98-1.49843E-17-3.12661E-04 2.62253E-04
 -1        99 0.00000E+00-3.12661E-04 2.62253E-04
 -1       100 0.00000E+00 0.00000E+00-4.65439E-03
 -1       101 4.25668E-17 0.00000E+00-4.65439E-03
 -1       102 1.75189E-17 0.00000E+00-4.65439E-03
 -1       103 7.82038E-17 0.00000E+00-4.65439E-03
 -1       104 8.59922E-17 0.00000E+00-4.65439E-03
 -1       105 5.73945E-17 0.00000E+00-4.65439E-03
 -1       106 2.92795E-17 0.00000E+00-4.65439E-03
 -1       107 5.90981E-17 0.00000E+00-4.65439E-03
 -1       108 3.33627E-17 0.00000E+00-4.65439E-03
 -1       109 7.05594E-17 0.00000E+00-4.65439E-03
 -1       110 0.00000E+00 0.00000E+00-4.65439E-03
 -1       111 0.00000E+00-3.10461E-03-4.63163E-03
 -1       112 7.32037E-17-3.10461E-03-4.63163E-03
 -1       113 7.50412E-17-3.10461E-03-4.63163E-03
 -1       114 1.15082E-16-3.10461E-03-4.63163E-03
 -1       115 4.79867E-17-3.10461E-03-4.63163E-03
 -1       116 3.99699E-17-3.10461E-03-4.63163E-03
 -1       117 1.16406E-16-3.10461E-03-4.63163E-03
 -1       118 1.99627E-17-3.10461E-03-4.63163E-03
 -1       119 4.88657E-17-3.10461E-03-4.63163E-03
 -1       120 2.43681E-17-3.10461E-03-4.63163E-03
 -1       121 0.00000E+00-3.10461E-03-4.63163E-03
 -1       122 0.00000E+00-6.39663E-03-4.31258E-03
 -1       123 1.19408E-16-6.39663E-03-4.31258E-03
 -1       124 1.17103E-16-6.39663E-03-4.31258E-03
 -1       125 8.52300E-17-6.39663E-03-4.31258E-03
 -1       126 4.03348E-17-6.39663E-03-4.31258E-03
 -1       127 4.40435E-17-6.39663E-03-4.31258E-03
 -1       128 7.67432E-17-6.39663E-03-4.31258E-03
 -1       129 1.05996E-16-6.39663E-03-4.31258E-03
 -1       130 2.16346E-17-6.39663E-03-4.31258E-03
 -1       131-2.03319E-17-6.39663E-03-4.31258E-03
 -1       132 0.00000E+00-6.39663E-03-4.31258E-03
 -1       133 0.00000E+00 0.00000E+00-6.55953E-03
 -1       134 7.30067E-17 0.00000E+00-6.55953E-03
 -1       135 2.51919E-17 0.00000E+00-6.55953E-03
 -1       136 9.64250E-18 0.00000E+00-6.55953E-03
 -1       137 1.00793E-16 0.00000E+00-6.55953E-03
 -1       138 7.28838E-17 0.00000E+00-6.55953E-03
 -1       139 2.93447E-17 0.00000E+00-6.55953E-03
 -1       140 6.16079E-17 0.00000E+00-6.55953E-03
 -1       141 9.75008E-18 0.00000E+00-6.55953E-03
 -1       142 5.14327E-17 0.00000E+00-6.55953E-03
 -1       143 0.00000E+00 0.00000E+00-6.55953E-03
 -1       144 0.00000E+00-3.28882E-03-6.48674E-03
 -1       145 2.41894E-17-3.28882E-03-6.48674E-03
 -1       146 1.17262E-16-3.28882E-03-6.48674E-03
 -1       147 5.96776E-17-3.28882E-03-6.48674E-03
 -1       148 5.15347E-17-3.28882E-03-6.48674E-03
 -1       149 6.76099E-17-3.28882E-03-6.48674E-03
 -1       150 8.02841E-17-3.28882E-03-6.48674E-03
 -1       151 3.74055E-17-3.28882E-03-6.48674E-03
 -1       152 4.94004E-17-3.28882E-03-6.48674E-03
 -1       153 4.53164E-18-3.28882E-03-6.48674E-03
 -1       154 0.00000E+00-3.28882E-03-6.48674E-03
 -1       155 0.00000E+00-6.67606E-03-6.11649E-03
 -1       156 1.14265E-16-6.67606E-03-6.11649E-03
 -1       157 1.49027E-16-6.67606E-03-6.11649E-03
 -1       158 9.50798E-17-6.67606E-03-6.11649E-03
 -1       159 9.27107E-18-6.67606E-03-6.11649E-03
 -1       160 2.24848E-17-6.67606E-03-6.11649E-03
 -1       161 9.65492E-17-6.67606E-03-6.11649E-03
 -1       162 1.12120E-16-6.67606E-03-6.11649E-03
 -1       163-2.30600E-18-6.67606E-03-6.11649E-03
 -1       164-4.86316E-17-6.67606E-03-6.11649E-03
 -1       165 0.00000E+00-6.67606E-03-6.11649E-03
 -3
    1PSTEP                        18           6           5          
  100CL  105 5.000000000         165                     0    5           1
 -4  STRESS      6    1
 -5  SXX         1    4    1    1
 -5  SYY         1    4    2    2
 -5  SZZ         1    4    3    3
 -5  SXY         1    4    1    2
 -5  SYZ         1    4    2    3
 -5  SZX         1    4    3    1
 -1         1 3.20553E+01-1.23775E+01-1.06169E+01 3.53037E-16 1.07803E-04-4.68763E-15
 -1         2 3.20553E+01-1.23775E+01-1.06169E+01 1.96541E-14 1.07803E-04 5.62741E-13
 -1         3 3.20553E+01-1.23775E+01-1.06169E+01-1.38719E-12 1.07803E-04-7.79246E-13
 -1         4 3.20553E+01-1.23775E+01-1.06169E+01 2.92262E-12 1.07803E-04 3.15995E-12
 -1         5 3.20553E+01-1.23775E+01-1.06169E+01-7.92625E-14 1.07803E-04 1.26638E-12
 -1         6 3.20553E+01-1.23775E+01-1.06169E+01-1.50673E-12 1.07803E-04-5.04811E-12
 -1         7 3.20553E+01-1.23775E+01-1.06169E+01 1.33880E-12 1.07803E-04 9.32792E-13
 -1         8 3.20553E+01-1.23775E+01-1.06169E+01 3.63379E-12 1.07803E-04-2.76918E-13
 -1         9 3.20553E+01-1.23775E+01-1.06169E+01 1.11941E-12 1.07803E-04 4.12514E-13
 -1        10 3.20553E+01-1.23775E+01-1.06169E+01-2.04160E-12 1.07803E-04-9.39798E-13
 -1        11 3.20553E+01-1.23775E+01-1.06169E+01 5.63644E-14 1.07803E-04 1.04560E-13
 -1        12 3.07116E+01-1.41012E+01-1.36936E+01-1.42322E-12-5.37589E+00 2.52596E-15
 -1        13 3.07116E+01-1.41012E+01-1.36936E+01 6.46555E-13-5.37589E+00 6.00542E-13
 -1        14 3.07116E+01-1.41012E+01-1.36936E+01-2.67397E-12-5.37589E+00-1.02762E-12
 -1        15 3.07116E+01-1.41012E+01-1.36936E+01 2.80928E-12-5.37589E+00 2.21175E-12
 -1        16 3.07116E+01-1.41012E+01-1.36936E+01 1.43519E-12-5.37589E+00-3.77949E-13
 -1        17 3.07116E+01-1.41012E+01-1.36936E+01 9.27422E-13-5.37589E+00-6.04393E-13
 -1        18 3.07116E+01-1.41012E+01-1.36936E+01 1.84946E-13-5.37589E+00-4.11872E-12
 -1        19 3.07116E+01-1.41012E+01-1.36936E+01 7.79961E-13-5.37589E+00 1.50116E-12
 -1        20 3.07116E+01-1.41012E+01-1.36936E+01 4.44359E-13-5.37589E+00-8.06192E-13
 -1        21 3.07116E+01-1.41012E+01-1.36936E+01-2.50669E-13-5.37589E+00 8.83592E-13
 -1        22 3.07116E+01-1.41012E+01-1.36936E+01 1.52096E-12-5.37589E+00 1.60194E-14
 -1        23 5.24950E+01 7.32280E+00 4.27198E+01-4.67337E-12-7.40880E+00-1.98327E-15
 -1        24 5.24950E+01 7.32280E+00 4.27198E+01 1.54816E-12-7.40880E+00-3.36231E-12
 -1        25 5.24950E+01 7.32280E+00 4.27198E+01-2.01889E-12-7.40880E+00 3.93758E-12
 -1        26 5.24950E+01 7.32280E+00 4.27198E+01 1.51038E-12-7.40880E+00-2.51712E-12
 -1        27 5.24950E+01 7.32280E+00 4.27198E+01-2.92629E-12-7.40880E+00 2.77905E-12
 -1        28 5.24950E+01 7.32280E+00 4.27198E+01 1.92475E-12-7.40880E+00-4.97582E-12
 -1        29 5.24950E+01 7.32280E+00 4.27198E+01 1.52950E-12-7.40880E+00-9.61000E-13
 -1        30 5.24950E+01 7.32280E+00 4.27198E+01-6.32837E-13-7.40880E+00 1.82756E-13
 -1        31 5.24950E+01 7.32280E+00 4.27198E+01 7.84054E-13-7.40880E+00-2.22150E-12
 -1        32 5.24950E+01 7.32280E+00 4.27198E+01-1.01261E-12-7.40880E+00-1.47001E-12
 -1        33 5.24950E+01 7.32280E+00 4.27198E+01-7.35203E-13-7.40880E+00 1.02217E-13
 -1        34 3.05694E+01-1.92406E+01-9.06355E+00 1.72180E-15-4.32918E-01-2.80539E-12
 -1        35 3.05694E+01-1.92406E+01-9.06355E+00 4.92532E-14-4.32918E-01 3.29560E-12
 -1        36 3.05694E+01-1.92406E+01-9.06355E+00-1.51337E-12-4.32918E-01-9.15159E-14
 -1        37 3.05694E+01-1.92406E+01-9.06355E+00 2.40927E-12-4.32918E-01-3.60862E-13
 -1        38 3.05694E+01-1.92406E+01-9.06355E+00-8.72136E-13-4.32918E-01-3.77220E-12
 -1        39 3.05694E+01-1.92406E+01-9.06355E+00 7.66905E-13-4.32918E-01 2.67638E-13
 -1        40 3.05694E+01-1.92406E+01-9.06355E+00-1.20449E-12-4.32918E-01 1.23241E-12
 -1        41 3.05694E+01-1.92406E+01-9.06355E+00 4.64763E-12-4.32918E-01 1.42600E-12
 -1        42 3.05694E+01-1.92406E+01-9.06355E+00 3.77603E-13-4.32918E-01 7.59785E-13
 -1        43 3.05694E+01-1.92406E+01-9.06355E+00-1.15816E-12-4.32918E-01-1.01538E-12
 -1        44 3.05694E+01-1.92406E+01-9.06355E+00 2.71902E-14-4.32918E-01-1.29064E-12
 -1        45 3.01522E+01-1.83654E+01-1.14285E+01-1.55079E-13-4.04031E+00-4.00100E-13
 -1        46 3.01522E+01-1.83654E+01-1.14285E+01 3.91964E-13-4.04031E+00 1.15197E-12
 -1        47 3.01522E+01-1.83654E+01-1.14285E+01-1.58979E-12-4.04031E+00-2.59885E-12
 -1        48 3.01522E+01-1.83654E+01-1.14285E+01 7.20616E-13-4.04031E+00 1.99227E-12
 -1        49 3.01522E+01-1.83654E+01-1.14285E+01 7.71190E-13-4.04031E+00 6.50571E-13
 -1        50 3.01522E+01-1.83654E+01-1.14285E+01 8.76829E-13-4.04031E+00-1.01616E-13
 -1        51 3.01522E+01-1.83654E+01-1.14285E+01-1.39121E-13-4.04031E+00-1.65183E-12
 -1        52 3.01522E+01-1.83654E+01-1.14285E+01 6.46487E-13-4.04031E+00-1.94729E-12
 -1        53 3.01522E+01-1.83654E+01-1.14285E+01-2.88561E-13-4.04031E+00 3.85002E-13
 -1        54 3.01522E+01-1.83654E+01-1.14285E+01-1.68969E-13-4.04031E+00 5.68805E-13
 -1        55 3.01522E+01-1.83654E+01-1.14285E+01 2.15375E-12-4.04031E+00-4.73259E-13
 -1        56 5.08826E+01 3.68423E+00 4.06047E+01-2.05572E-12-1.24009E+01-4.32420E-12
 -1        57 5.08826E+01 3.68423E+00 4.06047E+01 1.31060E-12-1.24009E+01-6.99476E-12
 -1        58 5.08826E+01 3.68423E+00 4.06047E+01-5.71005E-13-1.24009E+01 6.43106E-12
 -1        59 5.08826E+01 3.68423E+00 4.06047E+01-5.32677E-13-1.24009E+01-2.83198E-12
 -1        60 5.08826E+01 3.68423E+00 4.06047E+01 1.64251E-12-1.24009E+01-1.29617E-12
 -1        61 5.08826E+01 3.68423E+00 4.06047E+01-1.41349E-12-1.24009E+01-2.47711E-12
 -1        62 5.08826E+01 3.68423E+00 4.06047E+01 1.93164E-12-1.24009E+01 4.16056E-12
 -1        63 5.08826E+01 3.68423E+00 4.06047E+01-2.50419E-13-1.24009E+01 4.66140E-13
 -1        64 5.08826E+01 3.68423E+00 4.06047E+01-2.54178E-13-1.24009E+01-2.86745E-12
 -1        65 5.08826E+01 3.68423E+00 4.06047E+01-1.58253E-12-1.24009E+01-1.14318E-12
 -1        66 5.08826E+01 3.68423E+00 4.06047E+01 2.21065E-13-1.24009E+01-3.17955E-12
 -1        67 6.77790E+01 7.63991E+00 3.42848E+00-2.79649E-15-6.18876E-01 5.08080E-12
 -1        68 6.77790E+01 7.63991E+00 3.42848E+00 7.73957E-13-6.18876E-01 3.56056E-12
 -1        69 6.77790E+01 7.63991E+00 3.42848E+00-2.05371E-13-6.18876E-01-2.81804E-12
 -1        70 6.77790E+01 7.63991E+00 3.42848E+00 1.30926E-13-6.18876E-01 2.52880E-12
 -1        71 6.77790E+01 7.63991E+00 3.42848E+00 1.45315E-12-6.18876E-01 2.71828E-13
 -1        72 6.77790E+01 7.63991E+00 3.42848E+00-1.11379E-12-6.18876E-01 1.11126E-12
 -1        73 6.77790E+01 7.63991E+00 3.42848E+00-7.14991E-13-6.18876E-01-2.05196E-12
 -1        74 6.77790E+01 7.63991E+00 3.42848E+00 2.29559E-12-6.18876E-01 2.58331E-12
 -1        75 6.77790E+01 7.63991E+00 3.42848E+00 4.03796E-13-6.18876E-01-1.28022E-12
 -1        76 6.77790E+01 7.63991E+00 3.42848E+00-1.10588E-12-6.18876E-01 6.62609E-13
 -1        77 6.77790E+01 7.63991E+00 3.42848E+00-6.41028E-15-6.18876E-01 2.64202E-12
 -1        78 6.89031E+01 5.81138E+00 4.12045E+00 1.56012E-12-5.37916E+00-2.50777E-12
 -1        79 6.89031E+01 5.81138E+00 4.12045E+00 7.31050E-13-5.37916E+00 1.87997E-12
 -1        80 6.89031E+01 5.81138E+00 4.12045E+00 9.25775E-13-5.37916E+00-1.71742E-12
 -1        81 6.89031E+01 5.81138E+00 4.12045E+00-1.44014E-12-5.37916E+00-1.18821E-12
 -1        82 6.89031E+01 5.81138E+00 4.12045E+00 1.15710E-12-5.37916E+00 5.68254E-13
 -1        83 6.89031E+01 5.81138E+00 4.12045E+00 5.02061E-13-5.37916E+00 1.05561E-13
 -1        84 6.89031E+01 5.81138E+00 4.12045E+00 5.12720E-13-5.37916E+00 4.58914E-13
 -1        85 6.89031E+01 5.81138E+00 4.12045E+00 7.34729E-13-5.37916E+00-1.75768E-12
 -1        86 6.89031E+01 5.81138E+00 4.12045E+00-1.72933E-12-5.37916E+00 3.60584E-12
 -1        87 6.89031E+01 5.81138E+00 4.12045E+00-3.76165E-13-5.37916E+00-1.34773E-12
 -1        88 6.89031E+01 5.81138E+00 4.12045E+00 1.09784E-12-5.37916E+00-1.37576E-13
 -1        89 8.79197E+01 2.24894E+01 3.95840E+01-3.98460E-13-1.78451E+01-3.73037E-12
 -1        90 8.79197E+01 2.24894E+01 3.95840E+01-1.07316E-13-1.78451E+01-4.94070E-12
 -1        91 8.79197E+01 2.24894E+01 3.95840E+01 1.60469E-12-1.78451E+01 2.46875E-12
 -1        92 8.79197E+01 2.24894E+01 3.95840E+01-1.83687E-12-1.78451E+01-1.82835E-13
 -1        93 8.79197E+01 2.24894E+01 3.95840E+01 1.61868E-12-1.78451E+01 3.35280E-13
 -1        94 8.79197E+01 2.24894E+01 3.95840E+01-2.10518E-13-1.78451E+01-2.18839E-12
 -1        95 8.79197E+01 2.24894E+01 3.95840E+01 1.03602E-12-1.78451E+01 3.65284E-13
 -1        96 8.79197E+01 2.24894E+01 3.95840E+01 1.62533E-12-1.78451E+01 1.65323E-12
 -1        97 8.79197E+01 2.24894E+01 3.95840E+01-2.38712E-12-1.78451E+01-1.82381E-12
 -1        98 8.79197E+01 2.24894E+01 3.95840E+01-9.18397E-13-1.78451E+01-1.58246E-12
 -1        99 8.79197E+01 2.24894E+01 3.95840E+01 2.48032E-12-1.78451E+01 2.20747E-12
 -1       100 7.57492E+01 7.97855E+00-1.33055E+01 1.06921E-15 6.96074E-02-3.62755E-13
 -1       101 7.57492E+01 7.97855E+00-1.33055E+01 3.78042E-13 6.96074E-02 1.08602E-12
 -1       102 7.57492E+01 7.97855E+00-1.33055E+01 1.73090E-12 6.96074E-02-4.46114E-13
 -1       103 7.57492E+01 7.97855E+00-1.33055E+01 1.01295E-12 6.96074E-02-2.65489E-12
 -1       104 7.57492E+01 7.97855E+00-1.33055E+01-4.98132E-13 6.96074E-02 3.90937E-12
 -1       105 7.57492E+01 7.97855E+00-1.33055E+01-7.90539E-13 6.96074E-02 1.05487E-12
 -1       106 7.57492E+01 7.97855E+00-1.33055E+01 1.38748E-12 6.96074E-02-9.57950E-13
 -1       107 7.57492E+01 7.97855E+00-1.33055E+01-3.98979E-13 6.96074E-02 1.31328E-12
 -1       108 7.57492E+01 7.97855E+00-1.33055E+01 1.09296E-12 6.96074E-02-1.04646E-12
 -1       109 7.57492E+01 7.97855E+00-1.33055E+01-1.79653E-12 6.96074E-02-2.19206E-12
 -1       110 7.57492E+01 7.97855E+00-1.33055E+01 1.93598E-15 6.96074E-02 1.40721E-12
 -1       111 7.50594E+01 5.13748E+00-1.22717E+01 7.30289E-14-4.29263E+00 3.05746E-13
 -1       112 7.50594E+01 5.13748E+00-1.22717E+01 5.99739E-13-4.29263E+00 5.17185E-13
 -1       113 7.50594E+01 5.13748E+00-1.22717E+01 7.94992E-13-4.29263E+00 8.51472E-13
 -1       114 7.50594E+01 5.13748E+00-1.22717E+01 9.91866E-13-4.29263E+00-2.52267E-12
 -1       115 7.50594E+01 5.13748E+00-1.22717E+01-5.66097E-13-4.29263E+00 8.61610E-13
 -1       116 7.50594E+01 5.13748E+00-1.22717E+01-2.39463E-13-4.29263E+00 1.43215E-12
 -1       117 7.50594E+01 5.13748E+00-1.22717E+01 3.23430E-13-4.29263E+00 1.04093E-12
 -1       118 7.50594E+01 5.13748E+00-1.22717E+01 1.13150E-12-4.29263E+00-7.37544E-13
 -1       119 7.50594E+01 5.13748E+00-1.22717E+01-4.32342E-13-4.29263E+00 6.81408E-13
 -1       120 7.50594E+01 5.13748E+00-1.22717E+01-6.54731E-13-4.29263E+00-5.19451E-13
 -1       121 7.50594E+01 5.13748E+00-1.22717E+01 1.94667E-12-4.29263E+00 2.12563E-12
 -1       122 8.29758E+01 1.12935E+01-8.39380E-01-9.49708E-13-8.96154E+00 1.20958E-13
 -1       123 8.29758E+01 1.12935E+01-8.39380E-01 5.92416E-13-8.96154E+00-3.11367E-13
 -1       124 8.29758E+01 1.12935E+01-8.39380E-01 1.62891E-12-8.96154E+00-5.47714E-13
 -1       125 8.29758E+01 1.12935E+01-8.39380E-01 4.28419E-13-8.96154E+00-1.62778E-13
 -1       126 8.29758E+01 1.12935E+01-8.39380E-01-2.28071E-12-8.96154E+00 1.52235E-13
 -1       127 8.29758E+01 1.12935E+01-8.39380E-01 1.02677E-12-8.96154E+00-9.46061E-13
 -1       128 8.29758E+01 1.12935E+01-8.39380E-01-7.68296E-13-8.96154E+00-1.51364E-12
 -1       129 8.29758E+01 1.12935E+01-8.39380E-01 2.45465E-12-8.96154E+00 1.32052E-12
 -1       130 8.29758E+01 1.12935E+01-8.39380E-01-7.71490E-13-8.96154E+00 1.27375E-12
 -1       131 8.29758E+01 1.12935E+01-8.39380E-01-1.40463E-12-8.96154E+00-1.83206E-12
 -1       132 8.29758E+01 1.12935E+01-8.39380E-01-1.83412E-12-8.96154E+00 2.78699E-12
 -1       133 6.39510E+01-7.96779E+00-2.28035E+01-4.31939E-15 6.39467E-01-2.61707E-12
 -1       134 6.39510E+01-7.96779E+00-2.28035E+01-2.31618E-13 6.39467E-01 2.83854E-13
 -1       135 6.39510E+01-7.96779E+00-2.28035E+01 3.05529E-12 6.39467E-01 7.59842E-13
 -1       136 6.39510E+01-7.96779E+00-2.28035E+01 1.19998E-12 6.39467E-01-1.59591E-12
 -1       137 6.39510E+01-7.96779E+00-2.28035E+01-2.31540E-12 6.39467E-01 4.64751E-12
 -1       138 6.39510E+01-7.96779E+00-2.28035E+01-6.47570E-14 6.39467E-01-9.44873E-13
 -1       139 6.39510E+01-7.96779E+00-2.28035E+01 1.31730E-12 6.39467E-01 1.38205E-12
 -1       140 6.39510E+01-7.96779E+00-2.28035E+01 4.48562E-13 6.39467E-01-2.32990E-12
 -1       141 6.39510E+01-7.96779E+00-2.28035E+01 4.55163E-13 6.39467E-01 3.18122E-13
 -1       142 6.39510E+01-7.96779E+00-2.28035E+01-1.51511E-12 6.39467E-01-1.27111E-12
 -1       143 6.39510E+01-7.96779E+00-2.28035E+01-3.15389E-15 6.39467E-01-1.06112E-12
 -1       144 7.32733E+01-5.52465E-01-1.20098E+01 2.43459E-12-1.89438E+00-9.17593E-13
 -1       145 7.32733E+01-5.52465E-01-1.20098E+01 8.07211E-13-1.89438E+00-2.88993E-13
 -1       146 7.32733E+01-5.52465E-01-1.20098E+01 1.09705E-12-1.89438E+00 1.83519E-12
 -1       147 7.32733E+01-5.52465E-01-1.20098E+01 2.00276E-12-1.89438E+00-3.33905E-12
 -1       148 7.32733E+01-5.52465E-01-1.20098E+01-2.01854E-12-1.89438E+00 1.63969E-12
 -1       149 7.32733E+01-5.52465E-01-1.20098E+01-1.64768E-13-1.89438E+00-5.32548E-13
 -1       150 7.32733E+01-5.52465E-01-1.20098E+01 1.20631E-12-1.89438E+00 1.41118E-13
 -1       151 7.32733E+01-5.52465E-01-1.20098E+01 4.06499E-13-1.89438E+00 2.68682E-12
 -1       152 7.32733E+01-5.52465E-01-1.20098E+01-1.73058E-12-1.89438E+00-1.90320E-12
 -1       153 7.32733E+01-5.52465E-01-1.20098E+01-2.80115E-13-1.89438E+00-2.59118E-12
 -1       154 7.32733E+01-5.52465E-01-1.20098E+01 1.73631E-12-1.89438E+00 1.10854E-12
 -1       155 8.30300E+01 7.03672E+00-5.43444E-01-4.03251E-12-2.71315E+00 1.56192E-13
 -1       156 8.30300E+01 7.03672E+00-5.43444E-01-4.89267E-13-2.71315E+00-2.75975E-12
 -1       157 8.30300E+01 7.03672E+00-5.43444E-01 3.46502E-12-2.71315E+00-1.28190E-13
 -1       158 8.30300E+01 7.03672E+00-5.43444E-01 1.86466E-12-2.71315E+00 1.32240E-13
 -1       159 8.30300E+01 7.03672E+00-5.43444E-01-3.44616E-12-2.71315E+00 7.43064E-13
 -1       160 8.30300E+01 7.03672E+00-5.43444E-01 8.86702E-13-2.71315E+00 3.98203E-16
 -1       161 8.30300E+01 7.03672E+00-5.43444E-01-6.39695E-13-2.71315E+00-9.17532E-13
 -1       162 8.30300E+01 7.03672E+00-5.43444E-01 3.44266E-12-2.71315E+00-6.58952E-13
 -1       163 8.30300E+01 7.03672E+00-5.43444E-01-5.09601E-13-2.71315E+00 1.47348E-12
 -1       164 8.30300E+01 7.03672E+00-5.43444E-01-3.49415E-12-2.71315E+00-6.08170E-13
 -1       165 8.30300E+01 7.03672E+00-5.43444E-01-3.34184E-12-2.71315E+00 6.08188E-13
 -3
    1PSTEP                        19           6           5          
  100CL  105 5.000000000         165                     0    5           1
 -4  PE          1    1
 -5  PE          1    1    0    0
 -1         1 2.56990E-03
 -1         2 2.56990E-03
 -1         3 2.56990E-03
 -1         4 2.56990E-03
 -1         5 2.56990E-03
 -1         6 2.56990E-03
 -1         7 2.56990E-03
 -1         8 2.56990E-03
 -1         9 2.56990E-03
 -1        10 2.56990E-03
 -1        11 2.56990E-03
 -1        12 2.56990E-03
 -1        13 2.56990E-03
 -1        14 2.56990E-03
 -1        15 2.56990E-03
 -1        16 2.56990E-03
 -1        17 2.56990E-03
 -1        18 2.56990E-03
 -1        19 2.56990E-03
 -1        20 2.56990E-03
 -1        21 2.56990E-03
 -1        22 2.56990E-03
 -1        23 2.56990E-03
 -1        24 2.56990E-03
 -1        25 2.56990E-03
 -1        26 2.56990E-03
 -1        27 2.56990E-03
 -1        28 2.56990E-03
 -1        29 2.56990E-03
 -1        30 2.56990E-03
 -1        31 2.56990E-03
 -1        32 2.56990E-03
 -1        33 2.56990E-03
 -1        34 2.56990E-03
 -1        35 2.56990E-03
 -1        36 2.56990E-03
 -1        37 2.56990E-03
 -1        38 2.56990E-03
 -1        39 2.56990E-03
 -1        40 2.56990E-03
 -1        41 2.56990E-03
 -1        42 2.56990E-03
 -1        43 2.56990E-03
 -1        44 2.56990E-03
 -1        45 2.56990E-03
 -1        46 2.56990E-03
 -1        47 2.56990E-03
 -1        48 2.56990E-03
 -1        49 2.56990E-03
 -1        50 2.56990E-03
 -1        51 2.56990E-03
 -1        52 2.56990E-03
 -1        53 2.56990E-03
 -1        54 2.56990E-03
 -1        55 2.56990E-03
 -1        56 2.56990E-03
 -1        57 2.56990E-03
 -1        58 2.56990E-03
 -1        59 2.56990E-03
 -1        60 2.56990E-03
 -1        61 2.56990E-03
 -1        62 2.56990E-03
 -1        63 2.56990E-03
 -1        64 2.56990E-03
 -1        65 2.56990E-03
 -1        66 2.56990E-03
 -1        67 2.30420E-03
 -1        68 2.30420E-03
 -1        69 2.30420E-03
 -1        70 2.30420E-03
 -1        71 2.30420E-03
 -1        72 2.30420E-03
 -1        73 2.30420E-03
 -1        74 2.30420E-03
 -1        75 2.30420E-03
 -1        76 2.30420E-03
 -1        77 2.30420E-03
 -1        78 2.29771E-03
 -1        79 2.29771E-03
 -1        80 2.29771E-03
 -1        81 2.29771E-03
 -1        82 2.29771E-03
 -1        83 2.29771E-03
 -1        84 2.29771E-03
 -1        85 2.29771E-03
 -1        86 2.29771E-03
 -1        87 2.29771E-03
 -1        88 2.29771E-03
 -1        89 2.30426E-03
 -1        90 2.30426E-03
 -1        91 2.30426E-03
 -1        92 2.30426E-03
 -1        93 2.30426E-03
 -1        94 2.30426E-03
 -1        95 2.30426E-03
 -1        96 2.30426E-03
 -1        97 2.30426E-03
 -1        98 2.30426E-03
 -1        99 2.30426E-03
 -1       100 2.04196E-03
 -1       101 2.04196E-03
 -1       102 2.04196E-03
 -1       103 2.04196E-03
 -1       104 2.04196E-03
 -1       105 2.04196E-03
 -1       106 2.04196E-03
 -1       107 2.04196E-03
 -1       108 2.04196E-03
 -1       109 2.04196E-03
 -1       110 2.04196E-03
 -1       111 2.03552E-03
 -1       112 2.03552E-03
 -1       113 2.03552E-03
 -1       114 2.03552E-03
 -1       115 2.03552E-03
 -1       116 2.03552E-03
 -1       117 2.03552E-03
 -1       118 2.03552E-03
 -1       119 2.03552E-03
 -1       120 2.03552E-03
 -1       121 2.03552E-03
 -1       122 2.03952E-03
 -1       123 2.03952E-03
 -1       124 2.03952E-03
 -1       125 2.03952E-03
 -1       126 2.03952E-03
 -1       127 2.03952E-03
 -1       128 2.03952E-03
 -1       129 2.03952E-03
 -1       130 2.03952E-03
 -1       131 2.03952E-03
 -1       132 2.03952E-03
 -1       133 2.03789E-03
 -1       134 2.03789E-03
 -1       135 2.03789E-03
 -1       136 2.03789E-03
 -1       137 2.03789E-03
 -1       138 2.03789E-03
 -1       139 2.03789E-03
 -1       140 2.03789E-03
 -1       141 2.03789E-03
 -1       142 2.03789E-03
 -1       143 2.03789E-03
 -1       144 2.01535E-03
 -1       145 2.01535E-03
 -1       146 2.01535E-03
 -1       147 2.01535E-03
 -1       148 2.01535E-03
 -1       149 2.01535E-03
 -1       150 2.01535E-03
 -1       151 2.01535E-03
 -1       152 2.01535E-03
 -1       153 2.01535E-03
 -1       154 2.01535E-03
 -1       155 1.99113E-03
 -1       156 1.99113E-03
 -1       157 1.99113E-03
 -1       158 1.99113E-03
 -1       159 1.99113E-03
 -1       160 1.99113E-03
 -1       161 1.99113E-03
 -1       162 1.99113E-03
 -1       163 1.99113E-03
 -1       164 1.99113E-03
 -1       165 1.99113E-03
 -3
    1PSTEP                        20           6           5          
  100CL  105 5.000000000         165                     0    5           1
 -4  ERROR       1    1
 -5  STR(%)      1    1    0    0
 -1         1 2.67381E+00
 -1         2 2.67381E+00
 -1         3 2.67381E+00
 -1         4 2.67381E+00
 -1         5 2.67381E+00
 -1         6 2.67381E+00
 -1         7 2.67381E+00
 -1         8 2.67381E+00
 -1         9 2.67381E+00
 -1        10 2.67381E+00
 -1        11 2.67381E+00
 -1        12 1.57518E+01
 -1        13 1.57518E+01
 -1        14 1.57518E+01
 -1        15 1.57518E+01
 -1        16 1.57518E+01
 -1        17 1.57518E+01
 -1        18 1.57518E+01
 -1        19 1.57518E+01
 -1        20 1.57518E+01
 -1        21 1.57518E+01
 -1        22 1.57518E+01
 -1        23 1.57518E+01
 -1        24 1.57518E+01
 -1        25 1.57518E+01
 -1        26 1.57518E+01
 -1        27 1.57518E+01
 -1        28 1.57518E+01
 -1        29 1.57518E+01
 -1        30 1.57518E+01
 -1        31 1.57518E+01
 -1        32 1.57518E+01
 -1        33 1.57518E+01
 -1        34 2.53936E+01
 -1        35 2.53936E+01
 -1        36 2.53936E+01
 -1        37 2.53936E+01
 -1        38 2.53936E+01
 -1        39 2.53936E+01
 -1        40 2.53936E+01
 -1        41 2.53936E+01
 -1        42 2.53936E+01
 -1        43 2.53936E+01
 -1        44 2.53936E+01
 -1        45 2.87875E+01
 -1        46 2.87875E+01
 -1        47 2.87875E+01
 -1        48 2.87875E+01
 -1        49 2.87875E+01
 -1        50 2.87875E+01
 -1        51 2.87875E+01
 -1        52 2.87875E+01
 -1        53 2.87875E+01
 -1        54 2.87875E+01
 -1        55 2.87875E+01
 -1        56 2.87875E+01
 -1        57 2.87875E+01
 -1        58 2.87875E+01
 -1        59 2.87875E+01
 -1        60 2.87875E+01
 -1        61 2.87875E+01
 -1        62 2.87875E+01
 -1        63 2.87875E+01
 -1        64 2.87875E+01
 -1        65 2.87875E+01
 -1        66 2.87875E+01
 -1        67 2.53936E+01
 -1        68 2.53936E+01
 -1        69 2.53936E+01
 -1        70 2.53936E+01
 -1        71 2.53936E+01
 -1        72 2.53936E+01
 -1        73 2.53936E+01
 -1        74 2.53936E+01
 -1        75 2.53936E+01
 -1        76 2.53936E+01
 -1        77 2.53936E+01
 -1        78 3.51910E+01
 -1        79 3.51910E+01
 -1        80 3.51910E+01
 -1        81 3.51910E+01
 -1        82 3.51910E+01
 -1        83 3.51910E+01
 -1        84 3.51910E+01
 -1        85 3.51910E+01
 -1        86 3.51910E+01
 -1        87 3.51910E+01
 -1        88 3.51910E+01
 -1        89 3.51910E+01
 -1        90 3.51910E+01
 -1        91 3.51910E+01
 -1        92 3.51910E+01
 -1        93 3.51910E+01
 -1        94 3.51910E+01
 -1        95 3.51910E+01
 -1        96 3.51910E+01
 -1        97 3.51910E+01
 -1        98 3.51910E+01
 -1        99 3.51910E+01
 -1       100 2.25783E+01
 -1       101 2.25783E+01
 -1       102 2.25783E+01
 -1       103 2.25783E+01
 -1       104 2.25783E+01
 -1       105 2.25783E+01
 -1       106 2.25783E+01
 -1       107 2.25783E+01
 -1       108 2.25783E+01
 -1       109 2.25783E+01
 -1       110 2.25783E+01
 -1       111 3.51910E+01
 -1       112 3.51910E+01
 -1       113 3.51910E+01
 -1       114 3.51910E+01
 -1       115 3.51910E+01
 -1       116 3.51910E+01
 -1       117 3.51910E+01
 -1       118 3.51910E+01
 -1       119 3.51910E+01
 -1       120 3.51910E+01
 -1       121 3.51910E+01
 -1       122 3.51910E+01
 -1       123 3.51910E+01
 -1       124 3.51910E+01
 -1       125 3.51910E+01
 -1       126 3.51910E+01
 -1       127 3.51910E+01
 -1       128 3.51910E+01
 -1       129 3.51910E+01
 -1       130 3.51910E+01
 -1       131 3.51910E+01
 -1       132 3.51910E+01
 -1       133 1.56017E+01
 -1       134 1.56017E+01
 -1       135 1.56017E+01
 -1       136 1.56017E+01
 -1       137 1.56017E+01
 -1       138 1.56017E+01
 -1       139 1.56017E+01
 -1       140 1.56017E+01
 -1       141 1.56017E+01
 -1       142 1.56017E+01
 -1       143 1.56017E+01
 -1       144 1.56017E+01
 -1       145 1.56017E+01
 -1       146 1.56017E+01
 -1       147 1.56017E+01
 -1       148 1.56017E+01
 -1       149 1.56017E+01
 -1       150 1.56017E+01
 -1       151 1.56017E+01
 -1       152 1.56017E+01
 -1       153 1.56017E+01
 -1       154 1.56017E+01
 -1       155 1.04256E+01
 -1       156 1.04256E+01
 -1       157 1.04256E+01
 -1       158 1.04256E+01
 -1       159 1.04256E+01
 -1       160 1.04256E+01
 -1       161 1.04256E+01
 -1       162 1.04256E+01
 -1       163 1.04256E+01
 -1       164 1.04256E+01
 -1       165 1.04256E+01
 -3
    1PSTEP                        21           6           6          
  100CL  106 6.000000000         132                     0    6           1
 -4  DISP        4    1
 -5  D1          1    2    1    0
 -5  D2          1    2    2    0
 -5  D3          1    2    3    0
 -5  ALL         1    2    0    0    1ALL
 -1         1 0.00000E+00 0.00000E+00 0.00000E+00
 -1         2 1.09199E-17 0.00000E+00 0.00000E+00
 -1         3 4.77641E-17 0.00000E+00 0.00000E+00
 -1         4 9.68902E-17 0.00000E+00 0.00000E+00
 -1         5 2.66365E-17 0.00000E+00 0.00000E+00
 -1         6-5.87808E-17 0.00000E+00 0.00000E+00
 -1         7 3.70487E-17 0.00000E+00 0.00000E+00
 -1         8-2.43199E-17 0.00000E+00 0.00000E+00
 -1         9-3.75934E-17 0.00000E+00 0.00000E+00
 -1        10 2.83582E-17 0.00000E+00 0.00000E+00
 -1        11 0.00000E+00 0.00000E+00 0.00000E+00
 -1        12 0.00000E+00 2.87283E-07 0.00000E+00
 -1        13-4.27881E-17 2.87283E-07 0.00000E+00
 -1        14-1.57728E-17 2.87283E-07 0.00000E+00
 -1        15 8.55498E-17 2.87283E-07 0.00000E+00
 -1        16 6.85413E-18 2.87283E-07 0.00000E+00
 -1        17 6.61540E-18 2.87283E-07 0.00000E+00
 -1        18 1.12980E-17 2.87283E-07 0.00000E+00
 -1        19-2.33455E-17 2.87283E-07 0.00000E+00
 -1        20 1.91100E-18 2.87283E-07 0.00000E+00
 -1        21 1.36537E-17 2.87283E-07 0.00000E+00
 -1        22 0.00000E+00 2.87283E-07 0.00000E+00
 -1        23 0.00000E+00 9.13141E-06 0.00000E+00
 -1        24-8.77746E-17 9.13141E-06 0.00000E+00
 -1        25 6.15293E-18 9.13141E-06 0.00000E+00
 -1        26 3.54905E-17 9.13141E-06 0.00000E+00
 -1        27 1.25311E-17 9.13141E-06 0.00000E+00
 -1        28 2.28447E-17 9.13141E-06 0.00000E+00
 -1        29 4.43366E-17 9.13141E-06 0.00000E+00
 -1        30-1.38766E-17 9.13141E-06 0.00000E+00
 -1        31 1.11800E-17 9.13141E-06 0.00000E+00
 -1        32-7.05343E-19 9.13141E-06 0.00000E+00
 -1        33 0.00000E+00 9.13141E-06 0.00000E+00
 -1        34 0.00000E+00 0.00000E+00 2.35481E-05
 -1        35-5.41588E-17 0.00000E+00 2.35481E-05
 -1        36 5.92756E-17 0.00000E+00 2.35481E-05
 -1        37 9.89408E-17 0.00000E+00 2.35481E-05
 -1        38 4.29839E-17 0.00000E+00 2.35481E-05
 -1        39-6.07514E-17 0.00000E+00 2.35481E-05
 -1        40-4.10028E-18 0.00000E+00 2.35481E-05
 -1        41-2.47993E-17 0.00000E+00 2.35481E-05
 -1        42-2.07346E-17 0.00000E+00 2.35481E-05
 -1        43 3.79810E-17 0.00000E+00 2.35481E-05
 -1        44 0.00000E+00 0.00000E+00 2.35481E-05
 -1        45 0.00000E+00-3.27693E-05 7.15980E-06
 -1        46-6.34183E-17-3.27693E-05 7.15980E-06
 -1        47 2.59776E-17-3.27693E-05 7.15980E-06
 -1        48 7.17304E-17-3.27693E-05 7.15980E-06
 -1        49 2.25629E-17-3.27693E-05 7.15980E-06
 -1        50-1.00793E-17-3.27693E-05 7.15980E-06
 -1        51-2.66144E-17-3.27693E-05 7.15980E-06
 -1        52-6.59171E-18-3.27693E-05 7.15980E-06
 -1        53 3.40294E-19-3.27693E-05 7.15980E-06
 -1        54 1.22372E-17-3.27693E-05 7.15980E-06
 -1        55 0.00000E+00-3.27693E-05 7.15980E-06
 -1        56 0.00000E+00-3.66708E-05 1.05882E-04
 -1        57-6.73880E-17-3.66708E-05 1.05882E-04
 -1        58-7.98331E-18-3.66708E-05 1.05882E-04
 -1        59 1.99518E-17-3.66708E-05 1.05882E-04
 -1        60 2.82853E-17-3.66708E-05 1.05882E-04
 -1        61 1.77810E-18-3.66708E-05 1.05882E-04
 -1        62 4.46843E-17-3.66708E-05 1.05882E-04
 -1        63-3.43435E-18-3.66708E-05 1.05882E-04
 -1        64 8.43325E-19-3.66708E-05 1.05882E-04
 -1        65-1.98140E-17-3.66708E-05 1.05882E-04
 -1        66 0.00000E+00-3.66708E-05 1.05882E-04
 -1        67 0.00000E+00 0.00000E+00 6.46834E-05
 -1        68-3.17056E-17 0.00000E+00 6.46834E-05
 -1        69 8.42657E-17 0.00000E+00 6.46834E-05
 -1        70 6.87553E-17 0.00000E+00 6.46834E-05
 -1        71 2.47355E-17 0.00000E+00 6.46834E-05
 -1        72 1.80246E-18 0.00000E+00 6.46834E-05
 -1        73-5.54226E-17 0.00000E+00 6.46834E-05
 -1        74-4.60199E-17 0.00000E+00 6.46834E-05
 -1        75 2.19563E-18 0.00000E+00 6.46834E-05
 -1        76 3.60984E-17 0.00000E+00 6.46834E-05
 -1        77 0.00000E+00 0.00000E+00 6.46834E-05
 -1        78 0.00000E+00-8.98755E-05 3.35045E-05
 -1        79-2.76789E-17-8.98755E-05 3.35045E-05
 -1        80 1.82176E-17-8.98755E-05 3.35045E-05
 -1        81 8.25687E-17-8.98755E-05 3.35045E-05
 -1        82 3.06287E-17-8.98755E-05 3.35045E-05
 -1        83-3.97134E-17-8.98755E-05 3.35045E-05
 -1        84-5.38500E-17-8.98755E-05 3.35045E-05
 -1        85 2.82641E-18-8.98755E-05 3.35045E-05
 -1        86 6.45017E-18-8.98755E-05 3.35045E-05
 -1        87 1.21239E-17-8.98755E-05 3.35045E-05
 -1        88 0.00000E+00-8.98755E-05 3.35045E-05
 -1        89 0.00000E+00-2.64578E-04 2.09028E-04
 -1        90-9.58432E-17-2.64578E-04 2.09028E-04
 -1        91 4.29091E-17-2.64578E-04 2.09028E-04
 -1        92 1.34825E-17-2.64578E-04 2.09028E-04
 -1        93 2.43320E-17-2.64578E-04 2.09028E-04
 -1        94 3.49690E-17-2.64578E-04 2.09028E-04
 -1        95-3.08094E-18-2.64578E-04 2.09028E-04
 -1        96-2.19431E-17-2.64578E-04 2.09028E-04
 -1        97 2.25436E-17-2.64578E-04 2.09028E-04
 -1        98-5.43238E-17-2.64578E-04 2.09028E-04
 -1        99 0.00000E+00-2.64578E-04 2.09028E-04
 -1       100 0.00000E+00 0.00000E+00-4.63763E-03
 -1       101 8.78844E-17 0.00000E+00-4.63763E-03
 -1       102 1.01701E-16 0.00000E+00-4.63763E-03
 -1       103 4.18150E-17 0.00000E+00-4.63763E-03
 -1       104 6.40872E-17 0.00000E+00-4.63763E-03
 -1       105 7.87314E-17 0.00000E+00-4.63763E-03
 -1       106 5.92677E-17 0.00000E+00-4.63763E-03
 -1       107 5.42382E-18 0.00000E+00-4.63763E-03
 -1       108 1.38708E-17 0.00000E+00-4.63763E-03
 -1       109 8.49318E-17 0.00000E+00-4.63763E-03
 -1       110 0.00000E+00 0.00000E+00-4.63763E-03
 -1       111 0.00000E+00-3.03161E-03-4.63140E-03
 -1       112 9.39451E-17-3.03161E-03-4.63140E-03
 -1       113 9.16638E-17-3.03161E-03-4.63140E-03
 -1       114 1.21067E-16-3.03161E-03-4.63140E-03
 -1       115 3.12052E-17-3.03161E-03-4.63140E-03
 -1       116 2.48061E-17-3.03161E-03-4.63140E-03
 -1       117 8.03450E-17-3.03161E-03-4.63140E-03
 -1       118 5.74559E-18-3.03161E-03-4.63140E-03
 -1       119 3.60540E-17-3.03161E-03-4.63140E-03
 -1       120 2.56228E-17-3.03161E-03-4.63140E-03
 -1       121 0.00000E+00-3.03161E-03-4.63140E-03
 -1       122 0.00000E+00-6.28195E-03-4.38227E-03
 -1       123 1.03181E-16-6.28195E-03-4.38227E-03
 -1       124 1.14395E-16-6.28195E-03-4.38227E-03
 -1       125 4.88720E-17-6.28195E-03-4.38227E-03
 -1       126 4.49639E-17-6.28195E-03-4.38227E-03
 -1       127 5.33793E-17-6.28195E-03-4.38227E-03
 -1       128 4.96308E-17-6.28195E-03-4.38227E-03
 -1       129 4.03689E-17-6.28195E-03-4.38227E-03
 -1       130 4.83319E-17-6.28195E-03-4.38227E-03
 -1       131-2.63836E-17-6.28195E-03-4.38227E-03
 -1       132 0.00000E+00-6.28195E-03-4.38227E-03
 -3
    1PSTEP                        22           6           6          
  100CL  106 6.000000000         132                     0    6           1
 -4  STRESS      6    1
 -5  SXX         1    4    1    1
 -5  SYY         1    4    2    2
 -5  SZZ         1    4    3    3
 -5  SXY         1    4    1    2
 -5  SYZ         1    4    2    3
 -5  SZX         1    4    3    1
 -1         1 3.40769E+01-1.09926E+01-4.77769E+00 4.81310E-16 1.12441E-04-4.67720E-15
 -1         2 3.40769E+01-1.09926E+01-4.77769E+00-3.44078E-12 1.12441E-04-8.91465E-12
 -1         3 3.40769E+01-1.09926E+01-4.77769E+00-2.96946E-12 1.12441E-04 2.46806E-12
 -1         4 3.40769E+01-1.09926E+01-4.77769E+00 1.76306E-13 1.12441E-04 3.68835E-13
 -1         5 3.40769E+01-1.09926E+01-4.77769E+00-1.40763E-12 1.12441E-04 2.44851E-12
 -1         6 3.40769E+01-1.09926E+01-4.77769E+00 3.39380E-12 1.12441E-04-3.94498E-13
 -1         7 3.40769E+01-1.09926E+01-4.77769E+00-2.86374E-12 1.12441E-04-6.92949E-12
 -1         8 3.40769E+01-1.09926E+01-4.77769E+00 1.23435E-12 1.12441E-04 1.09437E-12
 -1         9 3.40769E+01-1.09926E+01-4.77769E+00 1.51674E-12 1.12441E-04 1.46024E-12
 -1        10 3.40769E+01-1.09926E+01-4.77769E+00-8.69002E-13 1.12441E-04 1.85392E-12
 -1        11 3.40769E+01-1.09926E+01-4.77769E+00 5.63335E-14 1.12441E-04 1.04546E-13
 -1        12 3.16693E+01-1.28340E+01-1.15390E+01-2.25975E-12-4.38921E+00 2.60960E-15
 -1        13 3.16693E+01-1.28340E+01-1.15390E+01-1.76967E-12-4.38921E+00-2.48486E-12
 -1        14 3.16693E+01-1.28340E+01-1.15390E+01 3.16448E-12-4.38921E+00 5.05208E-12
 -1        15 3.16693E+01-1.28340E+01-1.15390E+01-7.69331E-13-4.38921E+00-1.17890E-12
 -1        16 3.16693E+01-1.28340E+01-1.15390E+01 2.59622E-13-4.38921E+00 1.70026E-12
 -1        17 3.16693E+01-1.28340E+01-1.15390E+01 2.73963E-12-4.38921E+00-1.51261E-12
 -1        18 3.16693E+01-1.28340E+01-1.15390E+01-3.25721E-12-4.38921E+00-5.51475E-12
 -1        19 3.16693E+01-1.28340E+01-1.15390E+01-5.21962E-13-4.38921E+00 1.04164E-12
 -1        20 3.16693E+01-1.28340E+01-1.15390E+01 1.33547E-12-4.38921E+00 2.44931E-13
 -1        21 3.16693E+01-1.28340E+01-1.15390E+01 1.78844E-12-4.38921E+00 1.57555E-12
 -1        22 3.16693E+01-1.28340E+01-1.15390E+01 2.16285E-12-4.38921E+00 1.58690E-14
 -1        23 4.87095E+01 4.78930E+00 3.17264E+01 6.58083E-13-6.08077E+00-2.57242E-15
 -1        24 4.87095E+01 4.78930E+00 3.17264E+01-3.71754E-12-6.08077E+00 4.34035E-12
 -1        25 4.87095E+01 4.78930E+00 3.17264E+01 3.59815E-12-6.08077E+00-3.05698E-12
 -1        26 4.87095E+01 4.78930E+00 3.17264E+01-9.06977E-13-6.08077E+00-1.76385E-12
 -1        27 4.87095E+01 4.78930E+00 3.17264E+01-1.27869E-12-6.08077E+00 3.03562E-12
 -1        28 4.87095E+01 4.78930E+00 3.17264E+01-5.38621E-13-6.08077E+00-3.75941E-12
 -1        29 4.87095E+01 4.78930E+00 3.17264E+01-4.93849E-13-6.08077E+00 6.38993E-13
 -1        30 4.87095E+01 4.78930E+00 3.17264E+01 8.99916E-13-6.08077E+00-9.38309E-13
 -1        31 4.87095E+01 4.78930E+00 3.17264E+01-2.04554E-13-6.08077E+00-1.78429E-13
 -1        32 4.87095E+01 4.78930E+00 3.17264E+01-2.17826E-13-6.08077E+00-2.99522E-12
 -1        33 4.87095E+01 4.78930E+00 3.17264E+01-8.52042E-15-6.08077E+00 1.02110E-13
 -1        34 3.27697E+01-1.66898E+01-3.75063E+00 1.52561E-15-1.08778E+00 1.09347E-13
 -1        35 3.27697E+01-1.66898E+01-3.75063E+00-2.15384E-13-1.08778E+00-4.68188E-12
 -1        36 3.27697E+01-1.66898E+01-3.75063E+00-1.67940E-12-1.08778E+00 7.39526E-13
 -1        37 3.27697E+01-1.66898E+01-3.75063E+00-6.36766E-13-1.08778E+00-3.23817E-12
 -1        38 3.27697E+01-1.66898E+01-3.75063E+00-1.75244E-12-1.08778E+00 8.06926E-13
 -1        39 3.27697E+01-1.66898E+01-3.75063E+00 2.88681E-12-1.08778E+00 6.26994E-12
 -1        40 3.27697E+01-1.66898E+01-3.75063E+00-2.17379E-12-1.08778E+00-7.98112E-12
 -1        41 3.27697E+01-1.66898E+01-3.75063E+00 1.33305E-12-1.08778E+00-9.71527E-13
 -1        42 3.27697E+01-1.66898E+01-3.75063E+00 7.76564E-13-1.08778E+00 2.07286E-12
 -1        43 3.27697E+01-1.66898E+01-3.75063E+00-1.03643E-12-1.08778E+00 2.35363E-12
 -1        44 3.27697E+01-1.66898E+01-3.75063E+00 2.72446E-14-1.08778E+00 1.93671E-12
 -1        45 3.13557E+01-1.61883E+01-9.30532E+00-5.22071E-13-3.25305E+00-2.69182E-12
 -1        46 3.13557E+01-1.61883E+01-9.30532E+00 1.41398E-12-3.25305E+00-1.17862E-12
 -1        47 3.13557E+01-1.61883E+01-9.30532E+00 7.08556E-13-3.25305E+00 6.06521E-13
 -1        48 3.13557E+01-1.61883E+01-9.30532E+00-1.48563E-12-3.25305E+00 7.17455E-13
 -1        49 3.13557E+01-1.61883E+01-9.30532E+00-1.28109E-13-3.25305E+00 2.27373E-12
 -1        50 3.13557E+01-1.61883E+01-9.30532E+00 1.60943E-12-3.25305E+00-1.71647E-12
 -1        51 3.13557E+01-1.61883E+01-9.30532E+00-1.15569E-12-3.25305E+00-3.82229E-12
 -1        52 3.13557E+01-1.61883E+01-9.30532E+00-4.89913E-13-3.25305E+00 1.99438E-12
 -1        53 3.13557E+01-1.61883E+01-9.30532E+00 1.07790E-12-3.25305E+00 5.82609E-13
 -1        54 3.13557E+01-1.61883E+01-9.30532E+00-5.46603E-13-3.25305E+00 9.14401E-13
 -1        55 3.13557E+01-1.61883E+01-9.30532E+00 4.19915E-13-3.25305E+00-1.46437E-12
 -1        56 4.74028E+01 1.79621E+00 3.00566E+01 2.06047E-12-1.16176E+01-1.92885E-12
 -1        57 4.74028E+01 1.79621E+00 3.00566E+01 9.92643E-13-1.16176E+01 9.41730E-13
 -1        58 4.74028E+01 1.79621E+00 3.00566E+01-4.81319E-13-1.16176E+01 3.70408E-12
 -1        59 4.74028E+01 1.79621E+00 3.00566E+01-9.56564E-14-1.16176E+01-3.59392E-12
 -1        60 4.74028E+01 1.79621E+00 3.00566E+01 1.48326E-12-1.16176E+01-1.64196E-13
 -1        61 4.74028E+01 1.79621E+00 3.00566E+01-2.22226E-12-1.16176E+01 2.10062E-12
 -1        62 4.74028E+01 1.79621E+00 3.00566E+01 1.81450E-12-1.16176E+01-2.92655E-13
 -1        63 4.74028E+01 1.79621E+00 3.00566E+01 7.25711E-14-1.16176E+01-2.32373E-12
 -1        64 4.74028E+01 1.79621E+00 3.00566E+01 2.47264E-13-1.16176E+01-2.79463E-12
 -1        65 4.74028E+01 1.79621E+00 3.00566E+01-9.05890E-13-1.16176E+01-3.22420E-12
 -1        66 4.74028E+01 1.79621E+00 3.00566E+01 1.22145E-12-1.16176E+01 6.80386E-12
 -1        67 7.02528E+01 1.46293E+01 6.83238E+00-6.48760E-16-1.79600E+00-4.46712E-12
 -1        68 7.02528E+01 1.46293E+01 6.83238E+00 1.34305E-12-1.79600E+00 8.72698E-13
 -1        69 7.02528E+01 1.46293E+01 6.83238E+00-3.13250E-12-1.79600E+00-1.88133E-13
 -1        70 7.02528E+01 1.46293E+01 6.83238E+00 1.18612E-12-1.79600E+00-2.66523E-12
 -1        71 7.02528E+01 1.46293E+01 6.83238E+00 4.94302E-14-1.79600E+00 5.28692E-14
 -1        72 7.02528E+01 1.46293E+01 6.83238E+00-2.00224E-12-1.79600E+00 5.52235E-12
 -1        73 7.02528E+01 1.46293E+01 6.83238E+00-1.45117E-12-1.79600E+00-4.01559E-12
 -1        74 7.02528E+01 1.46293E+01 6.83238E+00 2.21221E-12-1.79600E+00-3.46078E-12
 -1        75 7.02528E+01 1.46293E+01 6.83238E+00-5.13060E-13-1.79600E+00 4.62410E-12
 -1        76 7.02528E+01 1.46293E+01 6.83238E+00-7.27893E-13-1.79600E+00 2.69532E-12
 -1        77 7.02528E+01 1.46293E+01 6.83238E+00-2.28263E-15-1.79600E+00-6.36007E-12
 -1        78 7.06782E+01 1.11993E+01 5.32908E+00-2.12376E-12-2.91715E+00-1.65414E-12
 -1        79 7.06782E+01 1.11993E+01 5.32908E+00-7.63124E-13-2.91715E+00 2.43862E-12
 -1        80 7.06782E+01 1.11993E+01 5.32908E+00-6.27939E-14-2.91715E+00-1.22054E-12
 -1        81 7.06782E+01 1.11993E+01 5.32908E+00-6.23300E-13-2.91715E+00 1.37309E-12
 -1        82 7.06782E+01 1.11993E+01 5.32908E+00 4.00276E-13-2.91715E+00-3.57573E-13
 -1        83 7.06782E+01 1.11993E+01 5.32908E+00 1.51494E-12-2.91715E+00 3.07357E-13
 -1        84 7.06782E+01 1.11993E+01 5.32908E+00-1.52155E-12-2.91715E+00-1.16806E-12
 -1        85 7.06782E+01 1.11993E+01 5.32908E+00-5.50098E-13-2.91715E+00-1.48740E-12
 -1        86 7.06782E+01 1.11993E+01 5.32908E+00 2.25603E-12-2.91715E+00 2.93529E-12
 -1        87 7.06782E+01 1.11993E+01 5.32908E+00-7.03733E-13-2.91715E+00-2.04438E-13
 -1        88 7.06782E+01 1.11993E+01 5.32908E+00 1.63008E-12-2.91715E+00-3.67022E-13
 -1        89 8.54746E+01 2.31645E+01 3.13965E+01 4.79280E-12-1.46641E+01 4.24223E-12
 -1        90 8.54746E+01 2.31645E+01 3.13965E+01-6.36657E-13-1.46641E+01-1.38659E-12
 -1        91 8.54746E+01 2.31645E+01 3.13965E+01 9.33266E-13-1.46641E+01 1.42297E-12
 -1        92 8.54746E+01 2.31645E+01 3.13965E+01 5.28918E-13-1.46641E+01-7.54633E-13
 -1        93 8.54746E+01 2.31645E+01 3.13965E+01 1.10402E-13-1.46641E+01 2.45006E-12
 -1        94 8.54746E+01 2.31645E+01 3.13965E+01 3.37146E-13-1.46641E+01 4.15150E-13
 -1        95 8.54746E+01 2.31645E+01 3.13965E+01 4.17785E-13-1.46641E+01-7.72631E-13
 -1        96 8.54746E+01 2.31645E+01 3.13965E+01-7.17695E-13-1.46641E+01-7.30617E-13
 -1        97 8.54746E+01 2.31645E+01 3.13965E+01 4.32598E-12-1.46641E+01-2.72631E-12
 -1        98 8.54746E+01 2.31645E+01 3.13965E+01-2.79813E-12-1.46641E+01-4.47979E-12
 -1        99 8.54746E+01 2.31645E+01 3.13965E+01-4.95116E-13-1.46641E+01 3.56799E-13
 -1       100 6.28307E+01 7.55431E+00-2.97544E+01 1.46598E-14-1.22711E+00-5.70511E-12
 -1       101 6.28307E+01 7.55431E+00-2.97544E+01-1.54035E-12-1.22711E+00 1.93830E-12
 -1       102 6.28307E+01 7.55431E+00-2.97544E+01-3.60794E-12-1.22711E+00-5.65461E-13
 -1       103 6.28307E+01 7.55431E+00-2.97544E+01 4.34119E-12-1.22711E+00-2.33492E-12
 -1       104 6.28307E+01 7.55431E+00-2.97544E+01-7.89754E-14-1.22711E+00 8.82832E-13
 -1       105 6.28307E+01 7.55431E+00-2.97544E+01-3.64220E-12-1.22711E+00 1.69239E-12
 -1       106 6.28307E+01 7.55431E+00-2.97544E+01-3.85251E-12-1.22711E+00-2.13168E-12
 -1       107 6.28307E+01 7.55431E+00-2.97544E+01 2.70791E-12-1.22711E+00-3.37533E-12
 -1       108 6.28307E+01 7.55431E+00-2.97544E+01 1.60169E-12-1.22711E+00 3.49105E-12
 -1       109 6.28307E+01 7.55431E+00-2.97544E+01-2.81113E-12-1.22711E+00 3.43662E-12
 -1       110 6.28307E+01 7.55431E+00-2.97544E+01-5.08936E-15-1.22711E+00-1.33381E-12
 -1       111 5.77441E+01-1.58787E+00-3.28670E+01-2.81516E-12-2.35948E+00 2.82457E-12
 -1       112 5.77441E+01-1.58787E+00-3.28670E+01-3.67373E-12-2.35948E+00 3.90324E-12
 -1       113 5.77441E+01-1.58787E+00-3.28670E+01-1.98469E-12-2.35948E+00-6.60078E-13
 -1       114 5.77441E+01-1.58787E+00-3.28670E+01 7.07620E-13-2.35948E+00 4.14309E-13
 -1       115 5.77441E+01-1.58787E+00-3.28670E+01 7.63602E-14-2.35948E+00-2.39950E-12
 -1       116 5.77441E+01-1.58787E+00-3.28670E+01-7.91226E-13-2.35948E+00 3.09533E-12
 -1       117 5.77441E+01-1.58787E+00-3.28670E+01-3.48087E-12-2.35948E+00-3.26986E-13
 -1       118 5.77441E+01-1.58787E+00-3.28670E+01 3.33932E-12-2.35948E+00-4.19365E-12
 -1       119 5.77441E+01-1.58787E+00-3.28670E+01 5.80564E-12-2.35948E+00 6.79321E-12
 -1       120 5.77441E+01-1.58787E+00-3.28670E+01-5.31383E-13-2.35948E+00-3.36606E-12
 -1       121 5.77441E+01-1.58787E+00-3.28670E+01 1.38552E-12-2.35948E+00-3.21595E-12
 -1       122 6.70867E+01 4.48635E+00-2.16775E+01 4.83772E-14-9.50919E+00-4.75890E-12
 -1       123 6.70867E+01 4.48635E+00-2.16775E+01-8.26592E-13-9.50919E+00 6.64248E-13
 -1       124 6.70867E+01 4.48635E+00-2.16775E+01 6.52649E-13-9.50919E+00 2.29692E-12
 -1       125 6.70867E+01 4.48635E+00-2.16775E+01-9.73263E-13-9.50919E+00 1.88386E-13
 -1       126 6.70867E+01 4.48635E+00-2.16775E+01-9.57177E-13-9.50919E+00 3.51459E-12
 -1       127 6.70867E+01 4.48635E+00-2.16775E+01-9.05100E-13-9.50919E+00-4.86768E-12
 -1       128 6.70867E+01 4.48635E+00-2.16775E+01 2.38358E-13-9.50919E+00 1.99659E-12
 -1       129 6.70867E+01 4.48635E+00-2.16775E+01 2.30351E-12-9.50919E+00-6.77544E-13
 -1       130 6.70867E+01 4.48635E+00-2.16775E+01 5.10132E-12-9.50919E+00-3.20972E-12
 -1       131 6.70867E+01 4.48635E+00-2.16775E+01-1.85806E-12-9.50919E+00 1.63104E-12
 -1       132 6.70867E+01 4.48635E+00-2.16775E+01-2.05541E-12-9.50919E+00 4.12526E-12
 -3
    1PSTEP                        23           6           6          
  100CL  106 6.000000000         132                     0    6           1
 -4  PE          1    1
 -5  PE          1    1    0    0
 -1         1 2.56990E-03
 -1         2 2.56990E-03
 -1         3 2.56990E-03
 -1         4 2.56990E-03
 -1         5 2.56990E-03
 -1         6 2.56990E-03
 -1         7 2.56990E-03
 -1         8 2.56990E-03
 -1         9 2.56990E-03
 -1        10 2.56990E-03
 -1        11 2.56990E-03
 -1        12 2.56990E-03
 -1        13 2.56990E-03
 -1        14 2.56990E-03
 -1        15 2.56990E-03
 -1        16 2.56990E-03
 -1        17 2.56990E-03
 -1        18 2.56990E-03
 -1        19 2.56990E-03
 -1        20 2.56990E-03
 -1        21 2.56990E-03
 -1        22 2.56990E-03
 -1        23 2.56990E-03
 -1        24 2.56990E-03
 -1        25 2.56990E-03
 -1        26 2.56990E-03
 -1        27 2.56990E-03
 -1        28 2.56990E-03
 -1        29 2.56990E-03
 -1        30 2.56990E-03
 -1        31 2.56990E-03
 -1        32 2.56990E-03
 -1        33 2.56990E-03
 -1        34 2.56990E-03
 -1        35 2.56990E-03
 -1        36 2.56990E-03
 -1        37 2.56990E-03
 -1        38 2.56990E-03
 -1        39 2.56990E-03
 -1        40 2.56990E-03
 -1        41 2.56990E-03
 -1        42 2.56990E-03
 -1        43 2.56990E-03
 -1        44 2.56990E-03
 -1        45 2.56990E-03
 -1        46 2.56990E-03
 -1        47 2.56990E-03
 -1        48 2.56990E-03
 -1        49 2.56990E-03
 -1        50 2.56990E-03
 -1        51 2.56990E-03
 -1        52 2.56990E-03
 -1        53 2.56990E-03
 -1        54 2.56990E-03
 -1        55 2.56990E-03
 -1        56 2.56990E-03
 -1        57 2.56990E-03
 -1        58 2.56990E-03
 -1        59 2.56990E-03
 -1        60 2.56990E-03
 -1        61 2.56990E-03
 -1        62 2.56990E-03
 -1        63 2.56990E-03
 -1        64 2.56990E-03
 -1        65 2.56990E-03
 -1        66 2.56990E-03
 -1        67 2.30701E-03
 -1        68 2.30701E-03
 -1        69 2.30701E-03
 -1        70 2.30701E-03
 -1        71 2.30701E-03
 -1        72 2.30701E-03
 -1        73 2.30701E-03
 -1        74 2.30701E-03
 -1        75 2.30701E-03
 -1        76 2.30701E-03
 -1        77 2.30701E-03
 -1        78 2.29841E-03
 -1        79 2.29841E-03
 -1        80 2.29841E-03
 -1        81 2.29841E-03
 -1        82 2.29841E-03
 -1        83 2.29841E-03
 -1        84 2.29841E-03
 -1        85 2.29841E-03
 -1        86 2.29841E-03
 -1        87 2.29841E-03
 -1        88 2.29841E-03
 -1        89 2.30568E-03
 -1        90 2.30568E-03
 -1        91 2.30568E-03
 -1        92 2.30568E-03
 -1        93 2.30568E-03
 -1        94 2.30568E-03
 -1        95 2.30568E-03
 -1        96 2.30568E-03
 -1        97 2.30568E-03
 -1        98 2.30568E-03
 -1        99 2.30568E-03
 -1       100 2.08910E-03
 -1       101 2.08910E-03
 -1       102 2.08910E-03
 -1       103 2.08910E-03
 -1       104 2.08910E-03
 -1       105 2.08910E-03
 -1       106 2.08910E-03
 -1       107 2.08910E-03
 -1       108 2.08910E-03
 -1       109 2.08910E-03
 -1       110 2.08910E-03
 -1       111 2.09045E-03
 -1       112 2.09045E-03
 -1       113 2.09045E-03
 -1       114 2.09045E-03
 -1       115 2.09045E-03
 -1       116 2.09045E-03
 -1       117 2.09045E-03
 -1       118 2.09045E-03
 -1       119 2.09045E-03
 -1       120 2.09045E-03
 -1       121 2.09045E-03
 -1       122 2.11301E-03
 -1       123 2.11301E-03
 -1       124 2.11301E-03
 -1       125 2.11301E-03
 -1       126 2.11301E-03
 -1       127 2.11301E-03
 -1       128 2.11301E-03
 -1       129 2.11301E-03
 -1       130 2.11301E-03
 -1       131 2.11301E-03
 -1       132 2.11301E-03
 -3
    1PSTEP                        24           6           6          
  100CL  106 6.000000000         132                     0    6           1
 -4  ERROR       1    1
 -5  STR(%)      1    1    0    0
 -1         1 3.10799E+00
 -1         2 3.10799E+00
 -1         3 3.10799E+00
 -1         4 3.10799E+00
 -1         5 3.10799E+00
 -1         6 3.10799E+00
 -1         7 3.10799E+00
 -1         8 3.10799E+00
 -1         9 3.10799E+00
 -1        10 3.10799E+00
 -1        11 3.10799E+00
 -1        12 1.10583E+01
 -1        13 1.10583E+01
 -1        14 1.10583E+01
 -1        15 1.10583E+01
 -1        16 1.10583E+01
 -1        17 1.10583E+01
 -1        18 1.10583E+01
 -1        19 1.10583E+01
 -1        20 1.10583E+01
 -1        21 1.10583E+01
 -1        22 1.10583E+01
 -1        23 1.10583E+01
 -1        24 1.10583E+01
 -1        25 1.10583E+01
 -1        26 1.10583E+01
 -1        27 1.10583E+01
 -1        28 1.10583E+01
 -1        29 1.10583E+01
 -1        30 1.10583E+01
 -1        31 1.10583E+01
 -1        32 1.10583E+01
 -1        33 1.10583E+01
 -1        34 4.11719E+00
 -1        35 4.11719E+00
 -1        36 4.11719E+00
 -1        37 4.11719E+00
 -1        38 4.11719E+00
 -1        39 4.11719E+00
 -1        40 4.11719E+00
 -1        41 4.11719E+00
 -1        42 4.11719E+00
 -1        43 4.11719E+00
 -1        44 4.11719E+00
 -1        45 2.42274E+01
 -1        46 2.42274E+01
 -1        47 2.42274E+01
 -1        48 2.42274E+01
 -1        49 2.42274E+01
 -1        50 2.42274E+01
 -1        51 2.42274E+01
 -1        52 2.42274E+01
 -1        53 2.42274E+01
 -1        54 2.42274E+01
 -1        55 2.42274E+01
 -1        56 2.42274E+01
 -1        57 2.42274E+01
 -1        58 2.42274E+01
 -1        59 2.42274E+01
 -1        60 2.42274E+01
 -1        61 2.42274E+01
 -1        62 2.42274E+01
 -1        63 2.42274E+01
 -1        64 2.42274E+01
 -1        65 2.42274E+01
 -1        66 2.42274E+01
 -1        67 1.91358E+01
 -1        68 1.91358E+01
 -1        69 1.91358E+01
 -1        70 1.91358E+01
 -1        71 1.91358E+01
 -1        72 1.91358E+01
 -1        73 1.91358E+01
 -1        74 1.91358E+01
 -1        75 1.91358E+01
 -1        76 1.91358E+01
 -1        77 1.91358E+01
 -1        78 3.30688E+01
 -1        79 3.30688E+01
 -1        80 3.30688E+01
 -1        81 3.30688E+01
 -1        82 3.30688E+01
 -1        83 3.30688E+01
 -1        84 3.30688E+01
 -1        85 3.30688E+01
 -1        86 3.30688E+01
 -1        87 3.30688E+01
 -1        88 3.30688E+01
 -1        89 3.30688E+01
 -1        90 3.30688E+01
 -1        91 3.30688E+01
 -1        92 3.30688E+01
 -1        93 3.30688E+01
 -1        94 3.30688E+01
 -1        95 3.30688E+01
 -1        96 3.30688E+01
 -1        97 3.30688E+01
 -1        98 3.30688E+01
 -1        99 3.30688E+01
 -1       100 1.91358E+01
 -1       101 1.91358E+01
 -1       102 1.91358E+01
 -1       103 1.91358E+01
 -1       104 1.91358E+01
 -1       105 1.91358E+01
 -1       106 1.91358E+01
 -1       107 1.91358E+01
 -1       108 1.91358E+01
 -1       109 1.91358E+01
 -1       110 1.91358E+01
 -1       111 3.30688E+01
 -1       112 3.30688E+01
 -1       113 3.30688E+01
 -1       114 3.30688E+01
 -1       115 3.30688E+01
 -1       116 3.30688E+01
 -1       117 3.30688E+01
 -1       118 3.30688E+01
 -1       119 3.30688E+01
 -1       120 3.30688E+01
 -1       121 3.30688E+01
 -1       122 3.30688E+01
 -1       123 3.30688E+01
 -1       124 3.30688E+01
 -1       125 3.30688E+01
 -1       126 3.30688E+01
 -1       127 3.30688E+01
 -1       128 3.30688E+01
 -1       129 3.30688E+01
 -1       130 3.30688E+01
 -1       131 3.30688E+01
 -1       132 3.30688E+01
 -3
    1PSTEP                        25           6           7          
  100CL  107 7.000000000         132                     0    7           1
 -4  DISP        4    1
 -5  D1          1    2    1    0
 -5  D2          1    2    2    0
 -5  D3          1    2    3    0
 -5  ALL         1    2    0    0    1ALL
 -1         1 0.00000E+00 0.00000E+00 0.00000E+00
 -1         2-2.00000E-05 0.00000E+00 0.00000E+00
 -1         3-4.00000E-05 0.00000E+00 0.00000E+00
 -1         4-6.00000E-05 0.00000E+00 0.00000E+00
 -1         5-8.00000E-05 0.00000E+00 0.00000E+00
 -1         6-1.00000E-04 0.00000E+00 0.00000E+00
 -1         7-1.20000E-04 0.00000E+00 0.00000E+00
 -1         8-1.40000E-04 0.00000E+00 0.00000E+00
 -1         9-1.60000E-04 0.00000E+00 0.00000E+00
 -1        10-1.80000E-04 0.00000E+00 0.00000E+00
 -1        11-2.00000E-04 0.00000E+00 0.00000E+00
 -1        12 0.00000E+00 5.96175E-06 0.00000E+00
 -1        13-2.00000E-05 5.96175E-06 0.00000E+00
 -1        14-4.00000E-05 5.96175E-06 0.00000E+00
 -1        15-6.00000E-05 5.96175E-06 0.00000E+00
 -1        16-8.00000E-05 5.96175E-06 0.00000E+00
 -1        17-1.00000E-04 5.96175E-06 0.00000E+00
 -1        18-1.20000E-04 5.96175E-06 0.00000E+00
 -1        19-1.40000E-04 5.96175E-06 0.00000E+00
 -1        20-1.60000E-04 5.96175E-06 0.00000E+00
 -1        21-1.80000E-04 5.96175E-06 0.00000E+00
 -1        22-2.00000E-04 5.96175E-06 0.00000E+00
 -1        23 0.00000E+00 2.04770E-05 0.00000E+00
 -1        24-2.00000E-05 2.04770E-05 0.00000E+00
 -1        25-4.00000E-05 2.04770E-05 0.00000E+00
 -1        26-6.00000E-05 2.04770E-05 0.00000E+00
 -1        27-8.00000E-05 2.04770E-05 0.00000E+00
 -1        28-1.00000E-04 2.04770E-05 0.00000E+00
 -1        29-1.20000E-04 2.04770E-05 0.00000E+00
 -1        30-1.40000E-04 2.04770E-05 0.00000E+00
 -1        31-1.60000E-04 2.04770E-05 0.00000E+00
 -1        32-1.80000E-04 2.04770E-05 0.00000E+00
 -1        33-2.00000E-04 2.04770E-05 0.00000E+00
 -1        34 0.00000E+00 0.00000E+00 2.63637E-05
 -1        35-2.00000E-05 0.00000E+00 2.63637E-05
 -1        36-4.00000E-05 0.00000E+00 2.63637E-05
 -1        37-6.00000E-05 0.00000E+00 2.63637E-05
 -1        38-8.00000E-05 0.00000E+00 2.63637E-05
 -1        39-1.00000E-04 0.00000E+00 2.63637E-05
 -1        40-1.20000E-04 0.00000E+00 2.63637E-05
 -1        41-1.40000E-04 0.00000E+00 2.63637E-05
 -1        42-1.60000E-04 0.00000E+00 2.63637E-05
 -1        43-1.80000E-04 0.00000E+00 2.63637E-05
 -1        44-2.00000E-04 0.00000E+00 2.63637E-05
 -1        45 0.00000E+00-2.70428E-05 9.97845E-06
 -1        46-2.00000E-05-2.70428E-05 9.97845E-06
 -1        47-4.00000E-05-2.70428E-05 9.97845E-06
 -1        48-6.00000E-05-2.70428E-05 9.97845E-06
 -1        49-8.00000E-05-2.70428E-05 9.97845E-06
 -1        50-1.00000E-04-2.70428E-05 9.97845E-06
 -1        51-1.20000E-04-2.70428E-05 9.97845E-06
 -1        52-1.40000E-04-2.70428E-05 9.97845E-06
 -1        53-1.60000E-04-2.70428E-05 9.97845E-06
 -1        54-1.80000E-04-2.70428E-05 9.97845E-06
 -1        55-2.00000E-04-2.70428E-05 9.97845E-06
 -1        56 0.00000E+00-2.52540E-05 1.08557E-04
 -1        57-2.00000E-05-2.52540E-05 1.08557E-04
 -1        58-4.00000E-05-2.52540E-05 1.08557E-04
 -1        59-6.00000E-05-2.52540E-05 1.08557E-04
 -1        60-8.00000E-05-2.52540E-05 1.08557E-04
 -1        61-1.00000E-04-2.52540E-05 1.08557E-04
 -1        62-1.20000E-04-2.52540E-05 1.08557E-04
 -1        63-1.40000E-04-2.52540E-05 1.08557E-04
 -1        64-1.60000E-04-2.52540E-05 1.08557E-04
 -1        65-1.80000E-04-2.52540E-05 1.08557E-04
 -1        66-2.00000E-04-2.52540E-05 1.08557E-04
 -1        67 0.00000E+00 0.00000E+00 7.02872E-05
 -1        68-2.00000E-05 0.00000E+00 7.02872E-05
 -1        69-4.00000E-05 0.00000E+00 7.02872E-05
 -1        70-6.00000E-05 0.00000E+00 7.02872E-05
 -1        71-8.00000E-05 0.00000E+00 7.02872E-05
 -1        72-1.00000E-04 0.00000E+00 7.02872E-05
 -1        73-1.20000E-04 0.00000E+00 7.02872E-05
 -1        74-1.40000E-04 0.00000E+00 7.02872E-05
 -1        75-1.60000E-04 0.00000E+00 7.02872E-05
 -1        76-1.80000E-04 0.00000E+00 7.02872E-05
 -1        77-2.00000E-04 0.00000E+00 7.02872E-05
 -1        78 0.00000E+00-8.40357E-05 3.91095E-05
 -1        79-2.00000E-05-8.40357E-05 3.91095E-05
 -1        80-4.00000E-05-8.40357E-05 3.91095E-05
 -1        81-6.00000E-05-8.40357E-05 3.91095E-05
 -1        82-8.00000E-05-8.40357E-05 3.91095E-05
 -1        83-1.00000E-04-8.40357E-05 3.91095E-05
 -1        84-1.20000E-04-8.40357E-05 3.91095E-05
 -1        85-1.40000E-04-8.40357E-05 3.91095E-05
 -1        86-1.60000E-04-8.40357E-05 3.91095E-05
 -1        87-1.80000E-04-8.40357E-05 3.91095E-05
 -1        88-2.00000E-04-8.40357E-05 3.91095E-05
 -1        89 0.00000E+00-2.52843E-04 2.14395E-04
 -1        90-2.00000E-05-2.52843E-04 2.14395E-04
 -1        91-4.00000E-05-2.52843E-04 2.14395E-04
 -1        92-6.00000E-05-2.52843E-04 2.14395E-04
 -1        93-8.00000E-05-2.52843E-04 2.14395E-04
 -1        94-1.00000E-04-2.52843E-04 2.14395E-04
 -1        95-1.20000E-04-2.52843E-04 2.14395E-04
 -1        96-1.40000E-04-2.52843E-04 2.14395E-04
 -1        97-1.60000E-04-2.52843E-04 2.14395E-04
 -1        98-1.80000E-04-2.52843E-04 2.14395E-04
 -1        99-2.00000E-04-2.52843E-04 2.14395E-04
 -1       100 0.00000E+00 0.00000E+00-4.62884E-03
 -1       101-2.00000E-05 0.00000E+00-4.62884E-03
 -1       102-4.00000E-05 0.00000E+00-4.62884E-03
 -1       103-6.00000E-05 0.00000E+00-4.62884E-03
 -1       104-8.00000E-05 0.00000E+00-4.62884E-03
 -1       105-1.00000E-04 0.00000E+00-4.62884E-03
 -1       106-1.20000E-04 0.00000E+00-4.62884E-03
 -1       107-1.40000E-04 0.00000E+00-4.62884E-03
 -1       108-1.60000E-04 0.00000E+00-4.62884E-03
 -1       109-1.80000E-04 0.00000E+00-4.62884E-03
 -1       110-2.00000E-04 0.00000E+00-4.62884E-03
 -1       111 0.00000E+00-3.02567E-03-4.62264E-03
 -1       112-2.00000E-05-3.02567E-03-4.62264E-03
 -1       113-4.00000E-05-3.02567E-03-4.62264E-03
 -1       114-6.00000E-05-3.02567E-03-4.62264E-03
 -1       115-8.00000E-05-3.02567E-03-4.62264E-03
 -1       116-1.00000E-04-3.02567E-03-4.62264E-03
 -1       117-1.20000E-04-3.02567E-03-4.62264E-03
 -1       118-1.40000E-04-3.02567E-03-4.62264E-03
 -1       119-1.60000E-04-3.02567E-03-4.62264E-03
 -1       120-1.80000E-04-3.02567E-03-4.62264E-03
 -1       121-2.00000E-04-3.02567E-03-4.62264E-03
 -1       122 0.00000E+00-6.26990E-03-4.37378E-03
 -1       123-2.00000E-05-6.26990E-03-4.37378E-03
 -1       124-4.00000E-05-6.26990E-03-4.37378E-03
 -1       125-6.00000E-05-6.26990E-03-4.37378E-03
 -1       126-8.00000E-05-6.26990E-03-4.37378E-03
 -1       127-1.00000E-04-6.26990E-03-4.37378E-03
 -1       128-1.20000E-04-6.26990E-03-4.37378E-03
 -1       129-1.40000E-04-6.26990E-03-4.37378E-03
 -1       130-1.60000E-04-6.26990E-03-4.37378E-03
 -1       131-1.80000E-04-6.26990E-03-4.37378E-03
 -1       132-2.00000E-04-6.26990E-03-4.37378E-03
 -3
    1PSTEP                        26           6           7          
  100CL  107 7.000000000         132                     0    7           1
 -4  STRESS      6    1
 -5  SXX         1    4    1    1
 -5  SYY         1    4    2    2
 -5  SZZ         1    4    3    3
 -5  SXY         1    4    1    2
 -5  SYZ         1    4    2    3
 -5  SZX         1    4    3    1
 -1         1 3.06857E+01-1.09738E+01-4.76451E+00 5.12997E-16 1.12288E-04-4.63614E-15
 -1         2 3.06857E+01-1.09738E+01-4.76451E+00-4.22289E-12 1.12288E-04-7.48563E-12
 -1         3 3.06857E+01-1.09738E+01-4.76451E+00 1.50953E-12 1.12288E-04 5.66926E-12
 -1         4 3.06857E+01-1.09738E+01-4.76451E+00-9.93753E-13 1.12288E-04 2.50996E-12
 -1         5 3.06857E+01-1.09738E+01-4.76451E+00-3.80420E-12 1.12288E-04-2.50778E-12
 -1         6 3.06857E+01-1.09738E+01-4.76451E+00 3.61003E-12 1.12288E-04 2.57675E-12
 -1         7 3.06857E+01-1.09738E+01-4.76451E+00 3.50063E-12 1.12288E-04-1.93516E-12
 -1         8 3.06857E+01-1.09738E+01-4.76451E+00-1.52636E-12 1.12288E-04-2.16228E-12
 -1         9 3.06857E+01-1.09738E+01-4.76451E+00 1.94313E-12 1.12288E-04 8.05917E-13
 -1        10 3.06857E+01-1.09738E+01-4.76451E+00 6.49934E-13 1.12288E-04 3.70282E-12
 -1        11 3.06857E+01-1.09738E+01-4.76451E+00 5.85703E-14 1.12288E-04 1.15471E-13
 -1        12 2.82785E+01-1.28149E+01-1.15247E+01-1.55075E-12-4.38238E+00 2.69983E-15
 -1        13 2.82785E+01-1.28149E+01-1.15247E+01-4.72909E-13-4.38238E+00 1.43030E-12
 -1        14 2.82785E+01-1.28149E+01-1.15247E+01-4.03932E-13-4.38238E+00-1.27141E-12
 -1        15 2.82785E+01-1.28149E+01-1.15247E+01 3.64748E-14-4.38238E+00 2.67601E-13
 -1        16 2.82785E+01-1.28149E+01-1.15247E+01-1.98703E-12-4.38238E+00 4.28681E-12
 -1        17 2.82785E+01-1.28149E+01-1.15247E+01 3.38872E-12-4.38238E+00-1.24043E-12
 -1        18 2.82785E+01-1.28149E+01-1.15247E+01-3.01135E-13-4.38238E+00-3.64985E-12
 -1        19 2.82785E+01-1.28149E+01-1.15247E+01 1.37087E-13-4.38238E+00-1.36973E-12
 -1        20 2.82785E+01-1.28149E+01-1.15247E+01-4.42976E-13-4.38238E+00 8.42034E-13
 -1        21 2.82785E+01-1.28149E+01-1.15247E+01 1.46570E-12-4.38238E+00 6.77476E-13
 -1        22 2.82785E+01-1.28149E+01-1.15247E+01 2.89973E-12-4.38238E+00 1.22606E-14
 -1        23 4.52948E+01 4.78313E+00 3.16783E+01-2.55724E-12-6.07145E+00-2.65057E-15
 -1        24 4.52948E+01 4.78313E+00 3.16783E+01 6.39807E-13-6.07145E+00-5.78584E-12
 -1        25 4.52948E+01 4.78313E+00 3.16783E+01-4.27719E-12-6.07145E+00 7.61449E-12
 -1        26 4.52948E+01 4.78313E+00 3.16783E+01 2.37744E-12-6.07145E+00-9.01773E-13
 -1        27 4.52948E+01 4.78313E+00 3.16783E+01-1.66354E-12-6.07145E+00 3.66466E-12
 -1        28 4.52948E+01 4.78313E+00 3.16783E+01 5.40226E-12-6.07145E+00-1.10409E-11
 -1        29 4.52948E+01 4.78313E+00 3.16783E+01-2.86072E-12-6.07145E+00 5.32575E-12
 -1        30 4.52948E+01 4.78313E+00 3.16783E+01 1.95580E-12-6.07145E+00-2.17341E-12
 -1        31 4.52948E+01 4.78313E+00 3.16783E+01 8.22020E-13-6.07145E+00 5.14580E-12
 -1        32 4.52948E+01 4.78313E+00 3.16783E+01-1.42507E-12-6.07145E+00-2.39016E-12
 -1        33 4.52948E+01 4.78313E+00 3.16783E+01-2.43587E-12-6.07145E+00 9.45717E-14
 -1        34 2.93806E+01-1.66621E+01-3.73893E+00 1.59724E-15-1.08761E+00-4.38655E-12
 -1        35 2.93806E+01-1.66621E+01-3.73893E+00 2.45860E-13-1.08761E+00-5.36065E-12
 -1        36 2.93806E+01-1.66621E+01-3.73893E+00-1.96228E-12-1.08761E+00 1.16021E-12
 -1        37 2.93806E+01-1.66621E+01-3.73893E+00-2.15390E-12-1.08761E+00 1.13687E-12
 -1        38 2.93806E+01-1.66621E+01-3.73893E+00-3.76801E-13-1.08761E+00-4.60610E-12
 -1        39 2.93806E+01-1.66621E+01-3.73893E+00 1.75266E-12-1.08761E+00 6.84859E-12
 -1        40 2.93806E+01-1.66621E+01-3.73893E+00 2.62714E-12-1.08761E+00-4.05607E-12
 -1        41 2.93806E+01-1.66621E+01-3.73893E+00-1.00257E-12-1.08761E+00-3.21499E-12
 -1        42 2.93806E+01-1.66621E+01-3.73893E+00 1.82687E-12-1.08761E+00 1.97154E-12
 -1        43 2.93806E+01-1.66621E+01-3.73893E+00-8.91416E-13-1.08761E+00 1.62519E-12
 -1        44 2.93806E+01-1.66621E+01-3.73893E+00 2.70971E-14-1.08761E+00-1.47963E-12
 -1        45 2.79651E+01-1.61644E+01-9.29494E+00-2.26542E-12-3.24679E+00 2.40645E-13
 -1        46 2.79651E+01-1.61644E+01-9.29494E+00-4.11497E-13-3.24679E+00 7.67150E-13
 -1        47 2.79651E+01-1.61644E+01-9.29494E+00-2.75829E-13-3.24679E+00-2.35598E-12
 -1        48 2.79651E+01-1.61644E+01-9.29494E+00-6.70332E-13-3.24679E+00 3.31160E-12
 -1        49 2.79651E+01-1.61644E+01-9.29494E+00 3.53470E-14-3.24679E+00 1.17549E-12
 -1        50 2.79651E+01-1.61644E+01-9.29494E+00 7.94913E-13-3.24679E+00-2.24663E-12
 -1        51 2.79651E+01-1.61644E+01-9.29494E+00-8.68704E-13-3.24679E+00-9.63930E-13
 -1        52 2.79651E+01-1.61644E+01-9.29494E+00-9.72633E-13-3.24679E+00-1.33492E-12
 -1        53 2.79651E+01-1.61644E+01-9.29494E+00 3.93453E-12-3.24679E+00 1.58706E-13
 -1        54 2.79651E+01-1.61644E+01-9.29494E+00-1.35074E-13-3.24679E+00 2.46822E-12
 -1        55 2.79651E+01-1.61644E+01-9.29494E+00 2.32227E-13-3.24679E+00-1.03168E-12
 -1        56 4.39909E+01 1.79543E+00 3.00134E+01 2.43946E-12-1.16015E+01-2.04926E-12
 -1        57 4.39909E+01 1.79543E+00 3.00134E+01-8.76574E-13-1.16015E+01-3.28791E-12
 -1        58 4.39909E+01 1.79543E+00 3.00134E+01-9.66980E-13-1.16015E+01 4.23338E-12
 -1        59 4.39909E+01 1.79543E+00 3.00134E+01 1.21005E-12-1.16015E+01-2.53379E-12
 -1        60 4.39909E+01 1.79543E+00 3.00134E+01-1.50258E-12-1.16015E+01 3.26068E-12
 -1        61 4.39909E+01 1.79543E+00 3.00134E+01-1.54134E-12-1.16015E+01-5.81065E-12
 -1        62 4.39909E+01 1.79543E+00 3.00134E+01 4.00826E-12-1.16015E+01 3.45849E-12
 -1        63 4.39909E+01 1.79543E+00 3.00134E+01 2.75479E-12-1.16015E+01 1.58170E-12
 -1        64 4.39909E+01 1.79543E+00 3.00134E+01-1.77454E-12-1.16015E+01 9.30093E-13
 -1        65 4.39909E+01 1.79543E+00 3.00134E+01-1.96139E-12-1.16015E+01-6.51296E-12
 -1        66 4.39909E+01 1.79543E+00 3.00134E+01 1.29455E-12-1.16015E+01 1.67435E-13
 -1        67 6.65002E+01 1.46174E+01 6.84057E+00 2.04435E-15-1.79596E+00 1.01202E-13
 -1        68 6.65002E+01 1.46174E+01 6.84057E+00 9.68879E-13-1.79596E+00-4.98371E-12
 -1        69 6.65002E+01 1.46174E+01 6.84057E+00-1.49101E-12-1.79596E+00-3.97400E-12
 -1        70 6.65002E+01 1.46174E+01 6.84057E+00-1.92452E-12-1.79596E+00 1.68613E-12
 -1        71 6.65002E+01 1.46174E+01 6.84057E+00 1.94252E-12-1.79596E+00-2.19478E-13
 -1        72 6.65002E+01 1.46174E+01 6.84057E+00-4.54187E-12-1.79596E+00 5.49854E-12
 -1        73 6.65002E+01 1.46174E+01 6.84057E+00 4.20956E-12-1.79596E+00-2.46016E-12
 -1        74 6.65002E+01 1.46174E+01 6.84057E+00-8.31498E-13-1.79596E+00 5.53195E-13
 -1        75 6.65002E+01 1.46174E+01 6.84057E+00 1.10755E-13-1.79596E+00 9.75202E-13
 -1        76 6.65002E+01 1.46174E+01 6.84057E+00 5.79614E-13-1.79596E+00-2.11689E-12
 -1        77 6.65002E+01 1.46174E+01 6.84057E+00-1.53473E-15-1.79596E+00-1.89692E-13
 -1        78 6.69257E+01 1.11915E+01 5.33407E+00 1.87119E-13-2.91090E+00-1.20892E-12
 -1        79 6.69257E+01 1.11915E+01 5.33407E+00 9.58140E-13-2.91090E+00-2.15250E-12
 -1        80 6.69257E+01 1.11915E+01 5.33407E+00-5.78212E-13-2.91090E+00-1.47417E-12
 -1        81 6.69257E+01 1.11915E+01 5.33407E+00-2.30564E-12-2.91090E+00 1.12265E-12
 -1        82 6.69257E+01 1.11915E+01 5.33407E+00 1.08738E-12-2.91090E+00 3.68818E-13
 -1        83 6.69257E+01 1.11915E+01 5.33407E+00-2.34829E-12-2.91090E+00 3.44684E-13
 -1        84 6.69257E+01 1.11915E+01 5.33407E+00 6.55156E-13-2.91090E+00-3.74657E-12
 -1        85 6.69257E+01 1.11915E+01 5.33407E+00 7.86626E-13-2.91090E+00 2.25838E-12
 -1        86 6.69257E+01 1.11915E+01 5.33407E+00 3.08776E-12-2.91090E+00-2.14513E-13
 -1        87 6.69257E+01 1.11915E+01 5.33407E+00-7.90938E-13-2.91090E+00 2.58579E-13
 -1        88 6.69257E+01 1.11915E+01 5.33407E+00-2.32231E-13-2.91090E+00 1.03290E-12
 -1        89 8.17125E+01 2.31502E+01 3.13732E+01 2.85520E-13-1.46376E+01-1.19686E-13
 -1        90 8.17125E+01 2.31502E+01 3.13732E+01 1.51464E-12-1.46376E+01 1.27421E-13
 -1        91 8.17125E+01 2.31502E+01 3.13732E+01-1.31576E-12-1.46376E+01 2.96564E-12
 -1        92 8.17125E+01 2.31502E+01 3.13732E+01-4.79734E-13-1.46376E+01-8.78696E-13
 -1        93 8.17125E+01 2.31502E+01 3.13732E+01 8.92331E-13-1.46376E+01-1.39540E-12
 -1        94 8.17125E+01 2.31502E+01 3.13732E+01-8.51168E-13-1.46376E+01-4.47455E-13
 -1        95 8.17125E+01 2.31502E+01 3.13732E+01-1.14287E-12-1.46376E+01 2.55737E-12
 -1        96 8.17125E+01 2.31502E+01 3.13732E+01 6.01150E-13-1.46376E+01 3.33992E-12
 -1        97 8.17125E+01 2.31502E+01 3.13732E+01 4.51183E-12-1.46376E+01-7.51481E-12
 -1        98 8.17125E+01 2.31502E+01 3.13732E+01-2.41258E-12-1.46376E+01 1.81469E-12
 -1        99 8.17125E+01 2.31502E+01 3.13732E+01 2.10857E-12-1.46376E+01-4.13449E-12
 -1       100 5.87077E+01 7.50780E+00-2.97412E+01-1.64446E-14-1.22861E+00 5.47789E-12
 -1       101 5.87077E+01 7.50780E+00-2.97412E+01 2.00795E-12-1.22861E+00-5.90007E-12
 -1       102 5.87077E+01 7.50780E+00-2.97412E+01-1.26562E-12-1.22861E+00-9.87150E-13
 -1       103 5.87077E+01 7.50780E+00-2.97412E+01-1.61846E-12-1.22861E+00-3.91195E-12
 -1       104 5.87077E+01 7.50780E+00-2.97412E+01 3.20913E-13-1.22861E+00 1.38924E-12
 -1       105 5.87077E+01 7.50780E+00-2.97412E+01-2.76781E-12-1.22861E+00 3.52088E-12
 -1       106 5.87077E+01 7.50780E+00-2.97412E+01 1.90267E-12-1.22861E+00-9.28250E-13
 -1       107 5.87077E+01 7.50780E+00-2.97412E+01-2.78813E-12-1.22861E+00 3.10451E-12
 -1       108 5.87077E+01 7.50780E+00-2.97412E+01-5.20129E-13-1.22861E+00 3.45546E-12
 -1       109 5.87077E+01 7.50780E+00-2.97412E+01 1.66124E-12-1.22861E+00-1.55022E-12
 -1       110 5.87077E+01 7.50780E+00-2.97412E+01 8.53738E-16-1.22861E+00-2.85433E-13
 -1       111 5.36259E+01-1.61711E+00-3.28553E+01-3.02110E-12-2.35637E+00 5.82499E-13
 -1       112 5.36259E+01-1.61711E+00-3.28553E+01 1.54389E-12-2.35637E+00-5.41970E-12
 -1       113 5.36259E+01-1.61711E+00-3.28553E+01-2.88867E-12-2.35637E+00 1.09056E-12
 -1       114 5.36259E+01-1.61711E+00-3.28553E+01-1.29408E-12-2.35637E+00 8.96342E-15
 -1       115 5.36259E+01-1.61711E+00-3.28553E+01 1.31669E-12-2.35637E+00-3.08449E-12
 -1       116 5.36259E+01-1.61711E+00-3.28553E+01-2.09865E-12-2.35637E+00 4.89001E-12
 -1       117 5.36259E+01-1.61711E+00-3.28553E+01-1.37921E-12-2.35637E+00-6.02763E-12
 -1       118 5.36259E+01-1.61711E+00-3.28553E+01-1.32091E-12-2.35637E+00 3.50062E-12
 -1       119 5.36259E+01-1.61711E+00-3.28553E+01 6.35348E-13-2.35637E+00 4.30069E-12
 -1       120 5.36259E+01-1.61711E+00-3.28553E+01 5.44168E-12-2.35637E+00-3.71255E-12
 -1       121 5.36259E+01-1.61711E+00-3.28553E+01 1.23089E-12-2.35637E+00-1.36284E-12
 -1       122 6.29693E+01 4.46969E+00-2.16763E+01 4.27891E-12-9.48547E+00-6.37237E-13
 -1       123 6.29693E+01 4.46969E+00-2.16763E+01 2.66845E-12-9.48547E+00-5.29493E-12
 -1       124 6.29693E+01 4.46969E+00-2.16763E+01-4.77888E-12-9.48547E+00 3.75882E-12
 -1       125 6.29693E+01 4.46969E+00-2.16763E+01 7.14859E-13-9.48547E+00 1.89978E-12
 -1       126 6.29693E+01 4.46969E+00-2.16763E+01 1.12970E-12-9.48547E+00-1.35151E-12
 -1       127 6.29693E+01 4.46969E+00-2.16763E+01-1.89627E-12-9.48547E+00 3.08485E-12
 -1       128 6.29693E+01 4.46969E+00-2.16763E+01-5.55923E-12-9.48547E+00-8.27260E-13
 -1       129 6.29693E+01 4.46969E+00-2.16763E+01 5.04607E-12-9.48547E+00 3.01800E-12
 -1       130 6.29693E+01 4.46969E+00-2.16763E+01-7.08209E-13-9.48547E+00-1.48807E-11
 -1       131 6.29693E+01 4.46969E+00-2.16763E+01 3.77243E-12-9.48547E+00 1.22588E-11
 -1       132 6.29693E+01 4.46969E+00-2.16763E+01 7.02117E-12-9.48547E+00-1.84272E-12
 -3
    1PSTEP                        27           6           7          
  100CL  107 7.000000000         132                     0    7           1
 -4  PE          1    1
 -5  PE          1    1    0    0
 -1         1 2.56990E-03
 -1         2 2.56990E-03
 -1         3 2.56990E-03
 -1         4 2.56990E-03
 -1         5 2.56990E-03
 -1         6 2.56990E-03
 -1         7 2.56990E-03
 -1         8 2.56990E-03
 -1         9 2.56990E-03
 -1        10 2.56990E-03
 -1        11 2.56990E-03
 -1        12 2.56990E-03
 -1        13 2.56990E-03
 -1        14 2.56990E-03
 -1        15 2.56990E-03
 -1        16 2.56990E-03
 -1        17 2.56990E-03
 -1        18 2.56990E-03
 -1        19 2.56990E-03
 -1        20 2.56990E-03
 -1        21 2.56990E-03
 -1        22 2.56990E-03
 -1        23 2.56990E-03
 -1        24 2.56990E-03
 -1        25 2.56990E-03
 -1        26 2.56990E-03
 -1        27 2.56990E-03
 -1        28 2.56990E-03
 -1        29 2.56990E-03
 -1        30 2.56990E-03
 -1        31 2.56990E-03
 -1        32 2.56990E-03
 -1        33 2.56990E-03
 -1        34 2.56990E-03
 -1        35 2.56990E-03
 -1        36 2.56990E-03
 -1        37 2.56990E-03
 -1        38 2.56990E-03
 -1        39 2.56990E-03
 -1        40 2.56990E-03
 -1        41 2.56990E-03
 -1        42 2.56990E-03
 -1        43 2.56990E-03
 -1        44 2.56990E-03
 -1        45 2.56990E-03
 -1        46 2.56990E-03
 -1        47 2.56990E-03
 -1        48 2.56990E-03
 -1        49 2.56990E-03
 -1        50 2.56990E-03
 -1        51 2.56990E-03
 -1        52 2.56990E-03
 -1        53 2.56990E-03
 -1        54 2.56990E-03
 -1        55 2.56990E-03
 -1        56 2.56990E-03
 -1        57 2.56990E-03
 -1        58 2.56990E-03
 -1        59 2.56990E-03
 -1        60 2.56990E-03
 -1        61 2.56990E-03
 -1        62 2.56990E-03
 -1        63 2.56990E-03
 -1        64 2.56990E-03
 -1        65 2.56990E-03
 -1        66 2.56990E-03
 -1        67 2.30701E-03
 -1        68 2.30701E-03
 -1        69 2.30701E-03
 -1        70 2.30701E-03
 -1        71 2.30701E-03
 -1        72 2.30701E-03
 -1        73 2.30701E-03
 -1        74 2.30701E-03
 -1        75 2.30701E-03
 -1        76 2.30701E-03
 -1        77 2.30701E-03
 -1        78 2.29841E-03
 -1        79 2.29841E-03
 -1        80 2.29841E-03
 -1        81 2.29841E-03
 -1        82 2.29841E-03
 -1        83 2.29841E-03
 -1        84 2.29841E-03
 -1        85 2.29841E-03
 -1        86 2.29841E-03
 -1        87 2.29841E-03
 -1        88 2.29841E-03
 -1        89 2.30568E-03
 -1        90 2.30568E-03
 -1        91 2.30568E-03
 -1        92 2.30568E-03
 -1        93 2.30568E-03
 -1        94 2.30568E-03
 -1        95 2.30568E-03
 -1        96 2.30568E-03
 -1        97 2.30568E-03
 -1        98 2.30568E-03
 -1        99 2.30568E-03
 -1       100 2.08910E-03
 -1       101 2.08910E-03
 -1       102 2.08910E-03
 -1       103 2.08910E-03
 -1       104 2.08910E-03
 -1       105 2.08910E-03
 -1       106 2.08910E-03
 -1       107 2.08910E-03
 -1       108 2.08910E-03
 -1       109 2.08910E-03
 -1       110 2.08910E-03
 -1       111 2.09045E-03
 -1       112 2.09045E-03
 -1       113 2.09045E-03
 -1       114 2.09045E-03
 -1       115 2.09045E-03
 -1       116 2.09045E-03
 -1       117 2.09045E-03
 -1       118 2.09045E-03
 -1       119 2.09045E-03
 -1       120 2.09045E-03
 -1       121 2.09045E-03
 -1       122 2.11301E-03
 -1       123 2.11301E-03
 -1       124 2.11301E-03
 -1       125 2.11301E-03
 -1       126 2.11301E-03
 -1       127 2.11301E-03
 -1       128 2.11301E-03
 -1       129 2.11301E-03
 -1       130 2.11301E-03
 -1       131 2.11301E-03
 -1       132 2.11301E-03
 -3
    1PSTEP                        28           6           7          
  100CL  107 7.000000000         132                     0    7           1
 -4  ERROR       1    1
 -5  STR(%)      1    1    0    0
 -1         1 3.46205E+00
 -1         2 3.46205E+00
 -1         3 3.46205E+00
 -1         4 3.46205E+00
 -1         5 3.46205E+00
 -1         6 3.46205E+00
 -1         7 3.46205E+00
 -1         8 3.46205E+00
 -1         9 3.46205E+00
 -1        10 3.46205E+00
 -1        11 3.46205E+00
 -1        12 1.26247E+01
 -1        13 1.26247E+01
 -1        14 1.26247E+01
 -1        15 1.26247E+01
 -1        16 1.26247E+01
 -1        17 1.26247E+01
 -1        18 1.26247E+01
 -1        19 1.26247E+01
 -1        20 1.26247E+01
 -1        21 1.26247E+01
 -1        22 1.26247E+01
 -1        23 1.26247E+01
 -1        24 1.26247E+01
 -1        25 1.26247E+01
 -1        26 1.26247E+01
 -1        27 1.26247E+01
 -1        28 1.26247E+01
 -1        29 1.26247E+01
 -1        30 1.26247E+01
 -1        31 1.26247E+01
 -1        32 1.26247E+01
 -1        33 1.26247E+01
 -1        34 2.30737E+01
 -1        35 2.30737E+01
 -1        36 2.30737E+01
 -1        37 2.30737E+01
 -1        38 2.30737E+01
 -1        39 2.30737E+01
 -1        40 2.30737E+01
 -1        41 2.30737E+01
 -1        42 2.30737E+01
 -1        43 2.30737E+01
 -1        44 2.30737E+01
 -1        45 3.74320E+01
 -1        46 3.74320E+01
 -1        47 3.74320E+01
 -1        48 3.74320E+01
 -1        49 3.74320E+01
 -1        50 3.74320E+01
 -1        51 3.74320E+01
 -1        52 3.74320E+01
 -1        53 3.74320E+01
 -1        54 3.74320E+01
 -1        55 3.74320E+01
 -1        56 3.74320E+01
 -1        57 3.74320E+01
 -1        58 3.74320E+01
 -1        59 3.74320E+01
 -1        60 3.74320E+01
 -1        61 3.74320E+01
 -1        62 3.74320E+01
 -1        63 3.74320E+01
 -1        64 3.74320E+01
 -1        65 3.74320E+01
 -1        66 3.74320E+01
 -1        67 2.30737E+01
 -1        68 2.30737E+01
 -1        69 2.30737E+01
 -1        70 2.30737E+01
 -1        71 2.30737E+01
 -1        72 2.30737E+01
 -1        73 2.30737E+01
 -1        74 2.30737E+01
 -1        75 2.30737E+01
 -1        76 2.30737E+01
 -1        77 2.30737E+01
 -1        78 3.74320E+01
 -1        79 3.74320E+01
 -1        80 3.74320E+01
 -1        81 3.74320E+01
 -1        82 3.74320E+01
 -1        83 3.74320E+01
 -1        84 3.74320E+01
 -1        85 3.74320E+01
 -1        86 3.74320E+01
 -1        87 3.74320E+01
 -1        88 3.74320E+01
 -1        89 3.74320E+01
 -1        90 3.74320E+01
 -1        91 3.74320E+01
 -1        92 3.74320E+01
 -1        93 3.74320E+01
 -1        94 3.74320E+01
 -1        95 3.74320E+01
 -1        96 3.74320E+01
 -1        97 3.74320E+01
 -1        98 3.74320E+01
 -1        99 3.74320E+01
 -1       100 2.01866E+01
 -1       101 2.01866E+01
 -1       102 2.01866E+01
 -1       103 2.01866E+01
 -1       104 2.01866E+01
 -1       105 2.01866E+01
 -1       106 2.01866E+01
 -1       107 2.01866E+01
 -1       108 2.01866E+01
 -1       109 2.01866E+01
 -1       110 2.01866E+01
 -1       111 3.45703E+01
 -1       112 3.45703E+01
 -1       113 3.45703E+01
 -1       114 3.45703E+01
 -1       115 3.45703E+01
 -1       116 3.45703E+01
 -1       117 3.45703E+01
 -1       118 3.45703E+01
 -1       119 3.45703E+01
 -1       120 3.45703E+01
 -1       121 3.45703E+01
 -1       122 3.45703E+01
 -1       123 3.45703E+01
 -1       124 3.45703E+01
 -1       125 3.45703E+01
 -1       126 3.45703E+01
 -1       127 3.45703E+01
 -1       128 3.45703E+01
 -1       129 3.45703E+01
 -1       130 3.45703E+01
 -1       131 3.45703E+01
 -1       132 3.45703E+01
 -3
    1PSTEP                        29           6           8          
  100CL  108 8.000000000         132                     0    8           1
 -4  DISP        4    1
 -5  D1          1    2    1    0
 -5  D2          1    2    2    0
 -5  D3          1    2    3    0
 -5  ALL         1    2    0    0    1ALL
 -1         1 0.00000E+00 0.00000E+00 0.00000E+00
 -1         2-3.37304E-18 0.00000E+00 0.00000E+00
 -1         3 1.14465E-17 0.00000E+00 0.00000E+00
 -1         4 3.81215E-17 0.00000E+00 0.00000E+00
 -1         5 7.21090E-18 0.00000E+00 0.00000E+00
 -1         6-5.90099E-17 0.00000E+00 0.00000E+00
 -1         7-8.45497E-17 0.00000E+00 0.00000E+00
 -1         8-2.66443E-17 0.00000E+00 0.00000E+00
 -1         9-2.70592E-17 0.00000E+00 0.00000E+00
 -1        10 1.51001E-17 0.00000E+00 0.00000E+00
 -1        11 0.00000E+00 0.00000E+00 0.00000E+00
 -1        12 0.00000E+00 2.87283E-07 0.00000E+00
 -1        13-4.36404E-18 2.87283E-07 0.00000E+00
 -1        14-1.57753E-17 2.87283E-07 0.00000E+00
 -1        15 2.52897E-17 2.87283E-07 0.00000E+00
 -1        16-1.17619E-18 2.87283E-07 0.00000E+00
 -1        17-4.20937E-17 2.87283E-07 0.00000E+00
 -1        18-4.54610E-17 2.87283E-07 0.00000E+00
 -1        19-3.99863E-17 2.87283E-07 0.00000E+00
 -1        20-1.29335E-17 2.87283E-07 0.00000E+00
 -1        21 3.21435E-17 2.87283E-07 0.00000E+00
 -1        22 0.00000E+00 2.87283E-07 0.00000E+00
 -1        23 0.00000E+00 9.13141E-06 0.00000E+00
 -1        24-4.87254E-17 9.13141E-06 0.00000E+00
 -1        25-5.70537E-17 9.13141E-06 0.00000E+00
 -1        26-1.82719E-17 9.13141E-06 0.00000E+00
 -1        27-1.46542E-17 9.13141E-06 0.00000E+00
 -1        28-1.59836E-17 9.13141E-06 0.00000E+00
 -1        29 1.61337E-17 9.13141E-06 0.00000E+00
 -1        30-8.01981E-17 9.13141E-06 0.00000E+00
 -1        31 4.09240E-17 9.13141E-06 0.00000E+00
 -1        32 1.16453E-17 9.13141E-06 0.00000E+00
 -1        33 0.00000E+00 9.13141E-06 0.00000E+00
 -1        34 0.00000E+00 0.00000E+00 2.35481E-05
 -1        35-3.95129E-17 0.00000E+00 2.35481E-05
 -1        36-9.32457E-20 0.00000E+00 2.35481E-05
 -1        37 4.31376E-17 0.00000E+00 2.35481E-05
 -1        38 1.22144E-17 0.00000E+00 2.35481E-05
 -1        39-6.98961E-17 0.00000E+00 2.35481E-05
 -1        40-7.57807E-17 0.00000E+00 2.35481E-05
 -1        41-3.25563E-17 0.00000E+00 2.35481E-05
 -1        42-1.58335E-17 0.00000E+00 2.35481E-05
 -1        43 4.67989E-18 0.00000E+00 2.35481E-05
 -1        44 0.00000E+00 0.00000E+00 2.35481E-05
 -1        45 0.00000E+00-3.27693E-05 7.15980E-06
 -1        46-4.48033E-17-3.27693E-05 7.15980E-06
 -1        47 1.68742E-17-3.27693E-05 7.15980E-06
 -1        48 2.13829E-17-3.27693E-05 7.15980E-06
 -1        49-1.53485E-18-3.27693E-05 7.15980E-06
 -1        50-6.09888E-17-3.27693E-05 7.15980E-06
 -1        51-5.65948E-17-3.27693E-05 7.15980E-06
 -1        52-2.13105E-17-3.27693E-05 7.15980E-06
 -1        53-7.12802E-18-3.27693E-05 7.15980E-06
 -1        54 9.91892E-19-3.27693E-05 7.15980E-06
 -1        55 0.00000E+00-3.27693E-05 7.15980E-06
 -1        56 0.00000E+00-3.66708E-05 1.05882E-04
 -1        57-6.62179E-17-3.66708E-05 1.05882E-04
 -1        58-5.99422E-17-3.66708E-05 1.05882E-04
 -1        59-1.83251E-17-3.66708E-05 1.05882E-04
 -1        60 1.26267E-17-3.66708E-05 1.05882E-04
 -1        61-3.84539E-17-3.66708E-05 1.05882E-04
 -1        62-3.75264E-18-3.66708E-05 1.05882E-04
 -1        63 5.46005E-18-3.66708E-05 1.05882E-04
 -1        64-2.69357E-17-3.66708E-05 1.05882E-04
 -1        65-2.67519E-18-3.66708E-05 1.05882E-04
 -1        66 0.00000E+00-3.66708E-05 1.05882E-04
 -1        67 0.00000E+00 0.00000E+00 6.46834E-05
 -1        68-3.53812E-17 0.00000E+00 6.46834E-05
 -1        69 1.38596E-17 0.00000E+00 6.46834E-05
 -1        70 3.66265E-17 0.00000E+00 6.46834E-05
 -1        71-1.17180E-18 0.00000E+00 6.46834E-05
 -1        72-5.48492E-17 0.00000E+00 6.46834E-05
 -1        73-8.64516E-17 0.00000E+00 6.46834E-05
 -1        74-5.18932E-17 0.00000E+00 6.46834E-05
 -1        75 2.67212E-17 0.00000E+00 6.46834E-05
 -1        76-3.76473E-17 0.00000E+00 6.46834E-05
 -1        77 0.00000E+00 0.00000E+00 6.46834E-05
 -1        78 0.00000E+00-8.98755E-05 3.35045E-05
 -1        79-4.55124E-17-8.98755E-05 3.35045E-05
 -1        80-1.08631E-18-8.98755E-05 3.35045E-05
 -1        81 2.54982E-17-8.98755E-05 3.35045E-05
 -1        82-1.08114E-17-8.98755E-05 3.35045E-05
 -1        83-6.19457E-17-8.98755E-05 3.35045E-05
 -1        84-6.05751E-17-8.98755E-05 3.35045E-05
 -1        85-3.23983E-17-8.98755E-05 3.35045E-05
 -1        86 1.96686E-17-8.98755E-05 3.35045E-05
 -1        87-2.20461E-17-8.98755E-05 3.35045E-05
 -1        88 0.00000E+00-8.98755E-05 3.35045E-05
 -1        89 0.00000E+00-2.64578E-04 2.09028E-04
 -1        90-9.76267E-17-2.64578E-04 2.09028E-04
 -1        91-9.37763E-18-2.64578E-04 2.09028E-04
 -1        92-5.07948E-17-2.64578E-04 2.09028E-04
 -1        93 4.38712E-17-2.64578E-04 2.09028E-04
 -1        94-5.56516E-17-2.64578E-04 2.09028E-04
 -1        95-2.99857E-17-2.64578E-04 2.09028E-04
 -1        96 3.68598E-17-2.64578E-04 2.09028E-04
 -1        97-3.62288E-17-2.64578E-04 2.09028E-04
 -1        98-4.83123E-17-2.64578E-04 2.09028E-04
 -1        99 0.00000E+00-2.64578E-04 2.09028E-04
 -1       100 0.00000E+00 0.00000E+00-4.63763E-03
 -1       101 7.66841E-18 0.00000E+00-4.63763E-03
 -1       102 2.90246E-17 0.00000E+00-4.63763E-03
 -1       103 3.43804E-17 0.00000E+00-4.63763E-03
 -1       104 6.68500E-18 0.00000E+00-4.63763E-03
 -1       105 4.98766E-17 0.00000E+00-4.63763E-03
 -1       106-2.29918E-17 0.00000E+00-4.63763E-03
 -1       107 3.69656E-17 0.00000E+00-4.63763E-03
 -1       108 1.34861E-17 0.00000E+00-4.63763E-03
 -1       109 6.19832E-17 0.00000E+00-4.63763E-03
 -1       110 0.00000E+00 0.00000E+00-4.63763E-03
 -1       111 0.00000E+00-3.03161E-03-4.63140E-03
 -1       112 9.22779E-17-3.03161E-03-4.63140E-03
 -1       113 5.31770E-17-3.03161E-03-4.63140E-03
 -1       114 5.54957E-17-3.03161E-03-4.63140E-03
 -1       115 5.82325E-18-3.03161E-03-4.63140E-03
 -1       116-3.56830E-18-3.03161E-03-4.63140E-03
 -1       117 7.71801E-17-3.03161E-03-4.63140E-03
 -1       118-6.37367E-18-3.03161E-03-4.63140E-03
 -1       119 2.69909E-17-3.03161E-03-4.63140E-03
 -1       120-9.28570E-18-3.03161E-03-4.63140E-03
 -1       121 0.00000E+00-3.03161E-03-4.63140E-03
 -1       122 0.00000E+00-6.28195E-03-4.38227E-03
 -1       123 1.06765E-16-6.28195E-03-4.38227E-03
 -1       124 2.64952E-17-6.28195E-03-4.38227E-03
 -1       125 2.71114E-17-6.28195E-03-4.38227E-03
 -1       126 1.48551E-17-6.28195E-03-4.38227E-03
 -1       127 1.89198E-17-6.28195E-03-4.38227E-03
 -1       128 3.61098E-17-6.28195E-03-4.38227E-03
 -1       129 7.52632E-17-6.28195E-03-4.38227E-03
 -1       130-4.21644E-18-6.28195E-03-4.38227E-03
 -1       131-3.84027E-17-6.28195E-03-4.38227E-03
 -1       132 0.00000E+00-6.28195E-03-4.38227E-03
 -3
    1PSTEP                        30           6           8          
  100CL  108 8.000000000         132                     0    8           1
 -4  STRESS      6    1
 -5  SXX         1    4    1    1
 -5  SYY         1    4    2    2
 -5  SZZ         1    4    3    3
 -5  SXY         1    4    1    2
 -5  SYZ         1    4    2    3
 -5  SZX         1    4    3    1
 -1         1 3.40769E+01-1.09926E+01-4.77769E+00 4.05153E-16 1.12441E-04-4.58027E-15
 -1         2 3.40769E+01-1.09926E+01-4.77769E+00 5.88448E-14 1.12441E-04-5.07213E-12
 -1         3 3.40769E+01-1.09926E+01-4.77769E+00-5.58628E-13 1.12441E-04-5.92646E-13
 -1         4 3.40769E+01-1.09926E+01-4.77769E+00 7.72118E-14 1.12441E-04 7.62631E-13
 -1         5 3.40769E+01-1.09926E+01-4.77769E+00-6.51156E-13 1.12441E-04 9.42375E-13
 -1         6 3.40769E+01-1.09926E+01-4.77769E+00 1.75471E-13 1.12441E-04-1.57832E-12
 -1         7 3.40769E+01-1.09926E+01-4.77769E+00 1.44071E-12 1.12441E-04-3.01575E-13
 -1         8 3.40769E+01-1.09926E+01-4.77769E+00 2.83942E-13 1.12441E-04 3.73065E-13
 -1         9 3.40769E+01-1.09926E+01-4.77769E+00-1.68047E-13 1.12441E-04 7.12350E-13
 -1        10 3.40769E+01-1.09926E+01-4.77769E+00 1.23863E-12 1.12441E-04-8.07331E-13
 -1        11 3.40769E+01-1.09926E+01-4.77769E+00 5.63594E-14 1.12441E-04 1.04578E-13
 -1        12 3.16693E+01-1.28340E+01-1.15390E+01-1.61853E-12-4.38921E+00 2.34530E-15
 -1        13 3.16693E+01-1.28340E+01-1.15390E+01-3.19605E-12-4.38921E+00-5.11522E-12
 -1        14 3.16693E+01-1.28340E+01-1.15390E+01 8.63013E-13-4.38921E+00 3.84366E-12
 -1        15 3.16693E+01-1.28340E+01-1.15390E+01 1.93435E-12-4.38921E+00 1.37357E-13
 -1        16 3.16693E+01-1.28340E+01-1.15390E+01 1.47952E-13-4.38921E+00-4.33038E-13
 -1        17 3.16693E+01-1.28340E+01-1.15390E+01 7.38328E-13-4.38921E+00-1.80484E-12
 -1        18 3.16693E+01-1.28340E+01-1.15390E+01-2.25926E-12-4.38921E+00-1.95919E-12
 -1        19 3.16693E+01-1.28340E+01-1.15390E+01-1.94838E-12-4.38921E+00 1.29694E-12
 -1        20 3.16693E+01-1.28340E+01-1.15390E+01 3.56613E-12-4.38921E+00 1.22435E-12
 -1        21 3.16693E+01-1.28340E+01-1.15390E+01 8.44029E-13-4.38921E+00-2.37246E-12
 -1        22 3.16693E+01-1.28340E+01-1.15390E+01 1.13046E-13-4.38921E+00 1.61195E-14
 -1        23 4.87095E+01 4.78930E+00 3.17264E+01-3.03638E-12-6.08077E+00-1.67678E-15
 -1        24 4.87095E+01 4.78930E+00 3.17264E+01-9.82308E-13-6.08077E+00-6.88154E-13
 -1        25 4.87095E+01 4.78930E+00 3.17264E+01 8.66306E-13-6.08077E+00-1.56375E-12
 -1        26 4.87095E+01 4.78930E+00 3.17264E+01-3.61377E-12-6.08077E+00 2.91949E-13
 -1        27 4.87095E+01 4.78930E+00 3.17264E+01-3.37645E-12-6.08077E+00 4.56608E-12
 -1        28 4.87095E+01 4.78930E+00 3.17264E+01-2.73342E-13-6.08077E+00-3.94547E-12
 -1        29 4.87095E+01 4.78930E+00 3.17264E+01 6.42949E-12-6.08077E+00-2.04734E-12
 -1        30 4.87095E+01 4.78930E+00 3.17264E+01-2.27632E-12-6.08077E+00 9.04712E-12
 -1        31 4.87095E+01 4.78930E+00 3.17264E+01-2.22759E-12-6.08077E+00-7.81565E-12
 -1        32 4.87095E+01 4.78930E+00 3.17264E+01-7.98367E-13-6.08077E+00-2.35968E-12
 -1        33 4.87095E+01 4.78930E+00 3.17264E+01 5.50039E-13-6.08077E+00 1.01504E-13
 -1        34 3.27697E+01-1.66898E+01-3.75063E+00 1.45619E-15-1.08778E+00 2.10117E-12
 -1        35 3.27697E+01-1.66898E+01-3.75063E+00 4.80444E-14-1.08778E+00-3.69624E-12
 -1        36 3.27697E+01-1.66898E+01-3.75063E+00 1.65753E-12-1.08778E+00-3.19071E-13
 -1        37 3.27697E+01-1.66898E+01-3.75063E+00-2.74648E-13-1.08778E+00 1.08355E-12
 -1        38 3.27697E+01-1.66898E+01-3.75063E+00-1.30950E-12-1.08778E+00-4.09913E-13
 -1        39 3.27697E+01-1.66898E+01-3.75063E+00 1.14221E-13-1.08778E+00 5.49238E-13
 -1        40 3.27697E+01-1.66898E+01-3.75063E+00 5.94271E-13-1.08778E+00 4.40167E-13
 -1        41 3.27697E+01-1.66898E+01-3.75063E+00 8.70867E-13-1.08778E+00-9.86286E-13
 -1        42 3.27697E+01-1.66898E+01-3.75063E+00-4.45409E-14-1.08778E+00 7.31408E-13
 -1        43 3.27697E+01-1.66898E+01-3.75063E+00 4.27772E-13-1.08778E+00-2.59671E-12
 -1        44 3.27697E+01-1.66898E+01-3.75063E+00 2.72173E-14-1.08778E+00-8.76407E-13
 -1        45 3.13557E+01-1.61883E+01-9.30532E+00 1.95417E-13-3.25305E+00-6.05281E-13
 -1        46 3.13557E+01-1.61883E+01-9.30532E+00-3.72634E-14-3.25305E+00-2.53783E-12
 -1        47 3.13557E+01-1.61883E+01-9.30532E+00-2.14282E-13-3.25305E+00 2.83854E-12
 -1        48 3.13557E+01-1.61883E+01-9.30532E+00-9.11359E-13-3.25305E+00-5.32611E-13
 -1        49 3.13557E+01-1.61883E+01-9.30532E+00 1.91155E-13-3.25305E+00-3.60112E-12
 -1        50 3.13557E+01-1.61883E+01-9.30532E+00 7.22283E-13-3.25305E+00 2.11777E-12
 -1        51 3.13557E+01-1.61883E+01-9.30532E+00 1.11060E-12-3.25305E+00 3.68564E-13
 -1        52 3.13557E+01-1.61883E+01-9.30532E+00 3.84213E-13-3.25305E+00-7.47045E-13
 -1        53 3.13557E+01-1.61883E+01-9.30532E+00-1.23124E-12-3.25305E+00 2.08929E-12
 -1        54 3.13557E+01-1.61883E+01-9.30532E+00 3.70890E-13-3.25305E+00-1.68411E-12
 -1        55 3.13557E+01-1.61883E+01-9.30532E+00-7.41734E-13-3.25305E+00 4.70221E-13
 -1        56 4.74028E+01 1.79621E+00 3.00566E+01-3.87294E-13-1.16176E+01 2.65087E-12
 -1        57 4.74028E+01 1.79621E+00 3.00566E+01-1.80309E-13-1.16176E+01-8.23017E-13
 -1        58 4.74028E+01 1.79621E+00 3.00566E+01-1.43594E-12-1.16176E+01 3.31791E-12
 -1        59 4.74028E+01 1.79621E+00 3.00566E+01 1.62801E-13-1.16176E+01-2.85965E-12
 -1        60 4.74028E+01 1.79621E+00 3.00566E+01-4.44724E-13-1.16176E+01 5.14046E-12
 -1        61 4.74028E+01 1.79621E+00 3.00566E+01-1.17095E-12-1.16176E+01-3.64102E-12
 -1        62 4.74028E+01 1.79621E+00 3.00566E+01 1.67550E-12-1.16176E+01-3.67821E-12
 -1        63 4.74028E+01 1.79621E+00 3.00566E+01 7.52178E-13-1.16176E+01 5.99439E-12
 -1        64 4.74028E+01 1.79621E+00 3.00566E+01-1.51004E-12-1.16176E+01-6.54719E-12
 -1        65 4.74028E+01 1.79621E+00 3.00566E+01 8.78772E-13-1.16176E+01-5.08512E-12
 -1        66 4.74028E+01 1.79621E+00 3.00566E+01 1.10638E-12-1.16176E+01 2.81421E-14
 -1        67 7.02528E+01 1.46293E+01 6.83238E+00-6.26541E-16-1.79600E+00 2.00522E-12
 -1        68 7.02528E+01 1.46293E+01 6.83238E+00 3.21017E-13-1.79600E+00-2.09753E-13
 -1        69 7.02528E+01 1.46293E+01 6.83238E+00 5.69856E-13-1.79600E+00 2.62366E-12
 -1        70 7.02528E+01 1.46293E+01 6.83238E+00-6.25796E-13-1.79600E+00 6.14592E-13
 -1        71 7.02528E+01 1.46293E+01 6.83238E+00-1.07271E-12-1.79600E+00-3.73040E-12
 -1        72 7.02528E+01 1.46293E+01 6.83238E+00 4.92314E-13-1.79600E+00 6.47212E-12
 -1        73 7.02528E+01 1.46293E+01 6.83238E+00 3.16108E-13-1.79600E+00-4.87671E-12
 -1        74 7.02528E+01 1.46293E+01 6.83238E+00 8.07779E-14-1.79600E+00-1.33563E-13
 -1        75 7.02528E+01 1.46293E+01 6.83238E+00-1.33395E-12-1.79600E+00-4.38008E-13
 -1        76 7.02528E+01 1.46293E+01 6.83238E+00 2.13885E-12-1.79600E+00 2.42131E-12
 -1        77 7.02528E+01 1.46293E+01 6.83238E+00-6.52369E-15-1.79600E+00 4.07298E-12
 -1        78 7.06782E+01 1.11993E+01 5.32908E+00 4.53087E-13-2.91715E+00-3.31276E-12
 -1        79 7.06782E+01 1.11993E+01 5.32908E+00-5.43411E-13-2.91715E+00 2.32579E-12
 -1        80 7.06782E+01 1.11993E+01 5.32908E+00-4.86892E-13-2.91715E+00-2.55145E-12
 -1        81 7.06782E+01 1.11993E+01 5.32908E+00-2.58531E-12-2.91715E+00-4.76625E-13
 -1        82 7.06782E+01 1.11993E+01 5.32908E+00 1.04381E-12-2.91715E+00 1.16670E-12
 -1        83 7.06782E+01 1.11993E+01 5.32908E+00 1.47315E-12-2.91715E+00 1.30792E-12
 -1        84 7.06782E+01 1.11993E+01 5.32908E+00 6.56028E-13-2.91715E+00 4.99576E-13
 -1        85 7.06782E+01 1.11993E+01 5.32908E+00 8.31094E-13-2.91715E+00-1.51079E-12
 -1        86 7.06782E+01 1.11993E+01 5.32908E+00-3.40906E-12-2.91715E+00 1.13648E-13
 -1        87 7.06782E+01 1.11993E+01 5.32908E+00 1.37166E-12-2.91715E+00-2.56643E-12
 -1        88 7.06782E+01 1.11993E+01 5.32908E+00 2.02556E-12-2.91715E+00-7.56808E-13
 -1        89 8.54746E+01 2.31645E+01 3.13965E+01 3.39066E-12-1.46641E+01-5.58731E-13
 -1        90 8.54746E+01 2.31645E+01 3.13965E+01 1.27511E-12-1.46641E+01-2.11794E-12
 -1        91 8.54746E+01 2.31645E+01 3.13965E+01 7.07995E-13-1.46641E+01 2.04951E-12
 -1        92 8.54746E+01 2.31645E+01 3.13965E+01-3.35001E-13-1.46641E+01 2.19600E-12
 -1        93 8.54746E+01 2.31645E+01 3.13965E+01 2.36735E-12-1.46641E+01-2.72602E-12
 -1        94 8.54746E+01 2.31645E+01 3.13965E+01-3.28769E-12-1.46641E+01-1.39619E-12
 -1        95 8.54746E+01 2.31645E+01 3.13965E+01 8.52529E-13-1.46641E+01 1.29889E-12
 -1        96 8.54746E+01 2.31645E+01 3.13965E+01 4.58443E-12-1.46641E+01 4.65743E-13
 -1        97 8.54746E+01 2.31645E+01 3.13965E+01-1.71538E-12-1.46641E+01-4.70439E-13
 -1        98 8.54746E+01 2.31645E+01 3.13965E+01 4.35384E-13-1.46641E+01-3.03662E-12
 -1        99 8.54746E+01 2.31645E+01 3.13965E+01 4.43335E-14-1.46641E+01 4.94687E-13
 -1       100 6.28307E+01 7.55431E+00-2.97544E+01-7.39949E-15-1.22711E+00 5.42357E-13
 -1       101 6.28307E+01 7.55431E+00-2.97544E+01 4.64666E-12-1.22711E+00-3.63483E-12
 -1       102 6.28307E+01 7.55431E+00-2.97544E+01-9.06868E-13-1.22711E+00 2.23026E-12
 -1       103 6.28307E+01 7.55431E+00-2.97544E+01-2.33305E-13-1.22711E+00-1.60931E-13
 -1       104 6.28307E+01 7.55431E+00-2.97544E+01 2.44682E-12-1.22711E+00-6.46916E-12
 -1       105 6.28307E+01 7.55431E+00-2.97544E+01-3.61588E-12-1.22711E+00 9.65696E-12
 -1       106 6.28307E+01 7.55431E+00-2.97544E+01 2.37309E-12-1.22711E+00-4.02429E-12
 -1       107 6.28307E+01 7.55431E+00-2.97544E+01-7.24455E-13-1.22711E+00 4.77005E-13
 -1       108 6.28307E+01 7.55431E+00-2.97544E+01 9.21134E-13-1.22711E+00-5.94130E-12
 -1       109 6.28307E+01 7.55431E+00-2.97544E+01-3.76421E-12-1.22711E+00 1.15952E-11
 -1       110 6.28307E+01 7.55431E+00-2.97544E+01-1.09142E-14-1.22711E+00 2.79806E-12
 -1       111 5.77441E+01-1.58787E+00-3.28670E+01-3.47650E-12-2.35948E+00-3.03390E-12
 -1       112 5.77441E+01-1.58787E+00-3.28670E+01 3.44087E-13-2.35948E+00 5.38765E-12
 -1       113 5.77441E+01-1.58787E+00-3.28670E+01-2.32593E-12-2.35948E+00-1.25244E-12
 -1       114 5.77441E+01-1.58787E+00-3.28670E+01 2.05590E-13-2.35948E+00-1.31412E-12
 -1       115 5.77441E+01-1.58787E+00-3.28670E+01 4.75721E-14-2.35948E+00-7.30419E-13
 -1       116 5.77441E+01-1.58787E+00-3.28670E+01 8.22145E-13-2.35948E+00 2.59590E-13
 -1       117 5.77441E+01-1.58787E+00-3.28670E+01 3.14453E-12-2.35948E+00 1.73327E-12
 -1       118 5.77441E+01-1.58787E+00-3.28670E+01 9.32067E-13-2.35948E+00 6.96102E-13
 -1       119 5.77441E+01-1.58787E+00-3.28670E+01-3.07203E-13-2.35948E+00 2.89693E-14
 -1       120 5.77441E+01-1.58787E+00-3.28670E+01-1.63791E-12-2.35948E+00-1.61107E-12
 -1       121 5.77441E+01-1.58787E+00-3.28670E+01 1.17603E-12-2.35948E+00 2.69573E-12
 -1       122 6.70867E+01 4.48635E+00-2.16775E+01 3.47515E-12-9.50919E+00 1.48469E-12
 -1       123 6.70867E+01 4.48635E+00-2.16775E+01 1.42219E-12-9.50919E+00 6.96000E-14
 -1       124 6.70867E+01 4.48635E+00-2.16775E+01-3.80954E-12-9.50919E+00-1.78248E-12
 -1       125 6.70867E+01 4.48635E+00-2.16775E+01-1.12078E-12-9.50919E+00 1.07542E-11
 -1       126 6.70867E+01 4.48635E+00-2.16775E+01 1.82384E-13-9.50919E+00-8.61256E-12
 -1       127 6.70867E+01 4.48635E+00-2.16775E+01 9.69362E-13-9.50919E+00 8.73141E-13
 -1       128 6.70867E+01 4.48635E+00-2.16775E+01-1.89702E-13-9.50919E+00 4.74278E-12
 -1       129 6.70867E+01 4.48635E+00-2.16775E+01 6.07862E-12-9.50919E+00-4.75383E-12
 -1       130 6.70867E+01 4.48635E+00-2.16775E+01-2.23232E-12-9.50919E+00-1.14483E-12
 -1       131 6.70867E+01 4.48635E+00-2.16775E+01-2.73921E-13-9.50919E+00 7.48864E-13
 -1       132 6.70867E+01 4.48635E+00-2.16775E+01 1.01095E-12-9.50919E+00 2.11618E-12
 -3
    1PSTEP                        31           6           8          
  100CL  108 8.000000000         132                     0    8           1
 -4  PE          1    1
 -5  PE          1    1    0    0
 -1         1 2.56990E-03
 -1         2 2.56990E-03
 -1         3 2.56990E-03
 -1         4 2.56990E-03
 -1         5 2.56990E-03
 -1         6 2.56990E-03
 -1         7 2.56990E-03
 -1         8 2.56990E-03
 -1         9 2.56990E-03
 -1        10 2.56990E-03
 -1        11 2.56990E-03
 -1        12 2.56990E-03
 -1        13 2.56990E-03
 -1        14 2.56990E-03
 -1        15 2.56990E-03
 -1        16 2.56990E-03
 -1        17 2.56990E-03
 -1        18 2.56990E-03
 -1        19 2.56990E-03
 -1        20 2.56990E-03
 -1        21 2.56990E-03
 -1        22 2.56990E-03
 -1        23 2.56990E-03
 -1        24 2.56990E-03
 -1        25 2.56990E-03
 -1        26 2.56990E-03
 -1        27 2.56990E-03
 -1        28 2.56990E-03
 -1        29 2.56990E-03
 -1        30 2.56990E-03
 -1        31 2.56990E-03
 -1        32 2.56990E-03
 -1        33 2.56990E-03
 -1        34 2.56990E-03
 -1        35 2.56990E-03
 -1        36 2.56990E-03
 -1        37 2.56990E-03
 -1        38 2.56990E-03
 -1        39 2.56990E-03
 -1        40 2.56990E-03
 -1        41 2.56990E-03
 -1        42 2.56990E-03
 -1        43 2.56990E-03
 -1        44 2.56990E-03
 -1        45 2.56990E-03
 -1        46 2.56990E-03
 -1        47 2.56990E-03
 -1        48 2.56990E-03
 -1        49 2.56990E-03
 -1        50 2.56990E-03
 -1        51 2.56990E-03
 -1        52 2.56990E-03
 -1        53 2.56990E-03
 -1        54 2.56990E-03
 -1        55 2.56990E-03
 -1        56 2.56990E-03
 -1        57 2.56990E-03
 -1        58 2.56990E-03
 -1        59 2.56990E-03
 -1        60 2.56990E-03
 -1        61 2.56990E-03
 -1        62 2.56990E-03
 -1        63 2.56990E-03
 -1        64 2.56990E-03
 -1        65 2.56990E-03
 -1        66 2.56990E-03
 -1        67 2.30701E-03
 -1        68 2.30701E-03
 -1        69 2.30701E-03
 -1        70 2.30701E-03
 -1        71 2.30701E-03
 -1        72 2.30701E-03
 -1        73 2.30701E-03
 -1        74 2.30701E-03
 -1        75 2.30701E-03
 -1        76 2.30701E-03
 -1        77 2.30701E-03
 -1        78 2.29841E-03
 -1        79 2.29841E-03
 -1        80 2.29841E-03
 -1        81 2.29841E-03
 -1        82 2.29841E-03
 -1        83 2.29841E-03
 -1        84 2.29841E-03
 -1        85 2.29841E-03
 -1        86 2.29841E-03
 -1        87 2.29841E-03
 -1        88 2.29841E-03
 -1        89 2.30568E-03
 -1        90 2.30568E-03
 -1        91 2.30568E-03
 -1        92 2.30568E-03
 -1        93 2.30568E-03
 -1        94 2.30568E-03
 -1        95 2.30568E-03
 -1        96 2.30568E-03
 -1        97 2.30568E-03
 -1        98 2.30568E-03
 -1        99 2.30568E-03
 -1       100 2.08910E-03
 -1       101 2.08910E-03
 -1       102 2.08910E-03
 -1       103 2.08910E-03
 -1       104 2.08910E-03
 -1       105 2.08910E-03
 -1       106 2.08910E-03
 -1       107 2.08910E-03
 -1       108 2.08910E-03
 -1       109 2.08910E-03
 -1       110 2.08910E-03
 -1       111 2.09045E-03
 -1       112 2.09045E-03
 -1       113 2.09045E-03
 -1       114 2.09045E-03
 -1       115 2.09045E-03
 -1       116 2.09045E-03
 -1       117 2.09045E-03
 -1       118 2.09045E-03
 -1       119 2.09045E-03
 -1       120 2.09045E-03
 -1       121 2.09045E-03
 -1       122 2.11301E-03
 -1       123 2.11301E-03
 -1       124 2.11301E-03
 -1       125 2.11301E-03
 -1       126 2.11301E-03
 -1       127 2.11301E-03
 -1       128 2.11301E-03
 -1       129 2.11301E-03
 -1       130 2.11301E-03
 -1       131 2.11301E-03
 -1       132 2.11301E-03
 -3
    1PSTEP                        32           6           8          
  100CL  108 8.000000000         132                     0    8           1
 -4  ERROR       1    1
 -5  STR(%)      1    1    0    0
 -1         1 3.10799E+00
 -1         2 3.10799E+00
 -1         3 3.10799E+00
 -1         4 3.10799E+00
 -1         5 3.10799E+00
 -1         6 3.10799E+00
 -1         7 3.10799E+00
 -1         8 3.10799E+00
 -1         9 3.10799E+00
 -1        10 3.10799E+00
 -1        11 3.10799E+00
 -1        12 1.10583E+01
 -1        13 1.10583E+01
 -1        14 1.10583E+01
 -1        15 1.10583E+01
 -1        16 1.10583E+01
 -1        17 1.10583E+01
 -1        18 1.10583E+01
 -1        19 1.10583E+01
 -1        20 1.10583E+01
 -1        21 1.10583E+01
 -1        22 1.10583E+01
 -1        23 1.10583E+01
 -1        24 1.10583E+01
 -1        25 1.10583E+01
 -1        26 1.10583E+01
 -1        27 1.10583E+01
 -1        28 1.10583E+01
 -1        29 1.10583E+01
 -1        30 1.10583E+01
 -1        31 1.10583E+01
 -1        32 1.10583E+01
 -1        33 1.10583E+01
 -1        34 4.11719E+00
 -1        35 4.11719E+00
 -1        36 4.11719E+00
 -1        37 4.11719E+00
 -1        38 4.11719E+00
 -1        39 4.11719E+00
 -1        40 4.11719E+00
 -1        41 4.11719E+00
 -1        42 4.11719E+00
 -1        43 4.11719E+00
 -1        44 4.11719E+00
 -1        45 2.42274E+01
 -1        46 2.42274E+01
 -1        47 2.42274E+01
 -1        48 2.42274E+01
 -1        49 2.42274E+01
 -1        50 2.42274E+01
 -1        51 2.42274E+01
 -1        52 2.42274E+01
 -1        53 2.42274E+01
 -1        54 2.42274E+01
 -1        55 2.42274E+01
 -1        56 2.42274E+01
 -1        57 2.42274E+01
 -1        58 2.42274E+01
 -1        59 2.42274E+01
 -1        60 2.42274E+01
 -1        61 2.42274E+01
 -1        62 2.42274E+01
 -1        63 2.42274E+01
 -1        64 2.42274E+01
 -1        65 2.42274E+01
 -1        66 2.42274E+01
 -1        67 1.91358E+01
 -1        68 1.91358E+01
 -1        69 1.91358E+01
 -1        70 1.91358E+01
 -1        71 1.91358E+01
 -1        72 1.91358E+01
 -1        73 1.91358E+01
 -1        74 1.91358E+01
 -1        75 1.91358E+01
 -1        76 1.91358E+01
 -1        77 1.91358E+01
 -1        78 3.30688E+01
 -1        79 3.30688E+01
 -1        80 3.30688E+01
 -1        81 3.30688E+01
 -1        82 3.30688E+01
 -1        83 3.30688E+01
 -1        84 3.30688E+01
 -1        85 3.30688E+01
 -1        86 3.30688E+01
 -1        87 3.30688E+01
 -1        88 3.30688E+01
 -1        89 3.30688E+01
 -1        90 3.30688E+01
 -1        91 3.30688E+01
 -1        92 3.30688E+01
 -1        93 3.30688E+01
 -1        94 3.30688E+01
 -1        95 3.30688E+01
 -1        96 3.30688E+01
 -1        97 3.30688E+01
 -1        98 3.30688E+01
 -1        99 3.30688E+01
 -1       100 1.91358E+01
 -1       101 1.91358E+01
 -1       102 1.91358E+01
 -1       103 1.91358E+01
 -1       104 1.91358E+01
 -1       105 1.91358E+01
 -1       106 1.91358E+01
 -1       107 1.91358E+01
 -1       108 1.91358E+01
 -1       109 1.91358E+01
 -1       110 1.91358E+01
 -1       111 3.30688E+01
 -1       112 3.30688E+01
 -1       113 3.30688E+01
 -1       114 3.30688E+01
 -1       115 3.30688E+01
 -1       116 3.30688E+01
 -1       117 3.30688E+01
 -1       118 3.30688E+01
 -1       119 3.30688E+01
 -1       120 3.30688E+01
 -1       121 3.30688E+01
 -1       122 3.30688E+01
 -1       123 3.30688E+01
 -1       124 3.30688E+01
 -1       125 3.30688E+01
 -1       126 3.30688E+01
 -1       127 3.30688E+01
 -1       128 3.30688E+01
 -1       129 3.30688E+01
 -1       130 3.30688E+01
 -1       131 3.30688E+01
 -1       132 3.30688E+01
 -3
 9999
